[HOST_CMD 5523.027] mode recv
[AUTOPOS] UART requested: switching to RECV
[AUTOPOS] Mode switch preflight: disconnect requests=8
[RECV] Control mode staged: RECV
[RECV] OTA target staged: token=-1 name=- prefix=BS uuid=-
[RECV] Control mode now RECV, rebooting
*** Booting nRF Connect SDK v2.8.0-a2386bfc8401 ***
*** Using Zephyr OS v3.7.99-0bc3393fb112 ***
[RECV] LED map: 1=AUTOPOS 2=RECV 3=OTA 4=FLOW
[RECV] Control mode loaded: RECV
[RECV] UART control ready: type 'status' or 'mode recv'/'mode ota'/'mode autopos'
[RECV] OTA target restored: token=-1 name=- prefix=BS uuid=-
OTA_STATE:target_configured detail=token
OTA NUS stage: disabled
OTA target filter: token=-1 name=- prefix=BS uuid=-
[RECV] BioSpur BLE master control ready on nrf5340dk/nrf5340/cpuapp
[RECV] BTN1 toggles RECV/OTA, BTN2 forces OTA mode, BTN3=SCAN, BTN4=CONN&START
[RECV] Commands: status | mode recv | mode ota | mode autopos | scan | conn | initiate
[RECV] OTA runtime cmds: ota_reset | ota show | ota version
[RECV] Runtime NUS cmds: cmd <raw> | oneshot <raw> | oneshot show | oneshot clear
[RECV] TDMA cmds: tdma show | tdma profile <BSxxxx> <static|roto|motion> | tdma freq <static|roto|motion> <hz> | tdma rebalance
[RECV] Device model cmds: device show | device kind <anchor|tag>
[RESETUP[0] defer: waiting 130 ms before discovery start
SETUP[1] defer: waiting 193 ms before discovery start
[RECV] Connected[2]: D5:53:48:EF:8F:59 (random) name=- bs=BSDC91
[RECV] CONNECT state[2]: link=nus uuid=- ready=0 conn=0x200021c0
[RECV] PHY updated[1]: tx=0x2 rx=0x2
SETUP[0] defer: waiting 79 ms before discovery start
SETUP[1] defer: waiting 143 ms before discovery start
SETUP[2] defer: waiting 317 ms before discovery start
SETUP[0] defer: waiting 28 ms before discovery start
SETUP[1] defer: waiting 92 ms before discovery start
SETUP[2] defer: waiting 266 ms before discovery start
SETUP[0] begin: link=nus uuid=- conn=0x20002020
SETUP[0] mtu_exchange rc=0
SETUP[0] phy_update rc=0
SETUP[0] conn_param_update rc=0
[RECV] DISC start[0]: link=nus uuid=- conn=0x20002020
SETUP[1] defer: global discovery busy
SETUP[2] defer: global discovery busy
[RECV] MTU exchange[0] done (498)
SETUP[1] defer: global discovery busy
SETUP[2] defer: global discovery busy
[RECV] Conn param updated[0]: int=6 lat=0 to=400
[RECV] PHY updated[0]: tx=0x2 rx=0x2
SETUP[1] defer: global discovery busy
SETUP[2] defer: global discovery busy
[RECV] PHY updated[2]: tx=0x2 rx=0x2
SETUP[1] defer: global discovery busy
SETUP[2] defer: global discovery busy
SETUP[1] defer: global discovery busy
SETUP[2] defer: global discovery busy
SETUP[1] defer: global discovery busy
SETUP[2] defer: global discovery busy
SETUP[1] defer: global discovery busy
SETUP[2] defer: global discovery busy
SETUP[1] defer: global discovery busy
SETUP[2] defer: global discovery busy
[RECV] DISC complete[0]: link=nus discovered_service=2800 uuid=-
[RECV] BLE[0] link ready
[RECV] CFG assigned[0]: bs=BSF66F tag=1 slot=0/10 mask=0x0021 period=40 active=24 gen=1 pmode=0
[RECV] TDMA weighted[0]: bs=BSF66F profile=motion target=5Hz mask=0x0021 slots=2/10 actual_x100=500 epoch_delay=3000
[RECV] SCAN start req: bt_ready=1 scan_running=0 connecting_slot=-1 conn_count=3 target=unknown prefix=BS
[RECV] Scanning for BS*
SETUP[1] begin: link=nus uuid=- conn=0x200020f0
SETUP[1] mtu_exchange rc=0
SETUP[1] phy_update rc=0
SETUP[1] conn_param_update rc=0
[RECV] DISC start[1]: link=nus uuid=- conn=0x200020f0
[RECV] BSF66F notify: CS;1;16694;cal_static;4;0;A,B,C,D;timeout,timeout,timeout,timeout;0,0,0,0
SETUP[2] defer: global discovery busy
[RECV] BSF66F notify: CFG_OK TAG=1 SLOT=0/10 MASK=0x0021 PERIOD=40 ACTIVE=24 GEN=1 LIVE=1
[RECV] CFG confirmed[0]: tag=1 slot=0/10 mask=0x0021 period=40 active=24 gen=1 live=1
SETUP[2] defer: global discovery busy
[RECV] Conn param updated[1]: int=6 lat=0 to=400
[RECV] MTU exchange[1] done (498)
[RECV] PHY updated[1]: tx=0x2 rx=0x2
SETUP[2] defer: global discovery busy
SETUP[2] defer: global discovery busy
SETUP[2] defer: global discovery busy
SETUP[2] defer: global discovery busy
SETUP[2] defer: global discovery busy
SETUP[2] defer: global discovery busy
SETUP[2] defer: global discovery busy
SETUP[2] defer: global discovery busy
[RECV] DISC complete[1]: link=nus discovered_service=2800 uuid=-
[RECV] BLE[1] link ready
[RECV] CFG assigned[1]: bs=BS2DCE tag=1 slot=0/10 mask=0x0021 period=40 active=24 gen=2 pmode=0
[RECV] TDMA weighted[0]: bs=BS2DCE profile=motion target=5Hz mask=0x0021 slots=2/10 actual_x100=500 epoch_delay=3000
[RECV] CFG assigned[0]: bs=BSF66F tag=2 slot=3/10 mask=0x0108 period=40 active=24 gen=2 pmode=0
[RECV] TDMA weighted[1]: bs=BSF66F profile=motion target=5Hz mask=0x0108 slots=2/10 actual_x100=500 epoch_delay=2999
SETUP[2] begin: link=nus uuid=- conn=0x200021c0
SETUP[2] mtu_exchange rc=0
SETUP[2] phy_update rc=0
SETUP[2] conn_param_update rc=0
[RECV] DISC start[2]: link=nus uuid=- conn=0x200021c0
[RECV] BS2DCE notify: CS;1;52748;cal_roto;5;0;B,D,E,G;timeout,timeout,timeout,timeout;0,0,0,0
[RECV] BSF66F notify: CFG_OK TAG=2 SLOT=3/10 MASK=0x0108 PERIOD=40 ACTIVE=24 GEN=2 LIVE=1
[RECV] CFG confirmed[0]: tag=2 slot=3/10 mask=0x0108 period=40 active=24 gen=2 live=1
[RECV] MTU exchange[2] done (498)
[RECV] Conn param updated[2]: int=6 lat=0 to=400
[RECV] PHY updated[2]: tx=0x2 rx=0x2
[RECV] BS2DCE notify: CFG_OK TAG=1 SLOT=0/10 MASK=0x0021 PERIOD=40 ACTIVE=24 GEN=2 LIVE=1
[RECV] CFG confirmed[1]: tag=1 slot=0/10 mask=0x0021 period=40 active=24 gen=2 live=1
[RECV] DISC complete[2]: link=nus discovered_service=2800 uuid=-
[RECV] BLE[2] link ready
[RECV] CFG assigned[1]: bs=BS2DCE tag=1 slot=0/10 mask=0x0021 period=40 active=24 gen=3 pmode=0
[RECV] TDMA weighted[0]: bs=BS2DCE profile=motion target=5Hz mask=0x0021 slots=2/10 actual_x100=500 epoch_delay=3000
[RECV] CFG assigned[2]: bs=BSDC91 tag=2 slot=2/10 mask=0x0084 period=40 active=24 gen=3 pmode=0
[RECV] TDMA weighted[1]: bs=BSDC91 profile=motion target=5Hz mask=0x0084 slots=2/10 actual_x100=500 epoch_delay=2999
[RECV] CFG assigned[0]: bs=BSF66F tag=3 slot=3/10 mask=0x0108 period=40 active=24 gen=3 pmode=0
[RECV] TDMA weighted[2]: bs=BSF66F profile=motion target=5Hz mask=0x0108 slots=2/10 actual_x100=500 epoch_delay=2998
[RECV] BSDC91 notify: CS;1;56365;cal_roto;5;0;B,D,E,G;timeout,timeout,timeout,timeout;0,0,0,0
[RECV] BS2DCE notify: CFG_OK TAG=1 SLOT=0/10 MASK=0x0021 PERIOD=40 ACTIVE=24 GEN=3 LIVE=1
[RECV] CFG confirmed[1]: tag=1 slot=0/10 mask=0x0021 period=40 active=24 gen=3 live=1
[RECV] BSF66F notify: CFG_OK TAG=3 SLOT=3/10 MASK=0x0108 PERIOD=40 ACTIVE=24 GEN=3 LIVE=1
[RECV] CFG confirmed[0]: tag=3 slot=3/10 mask=0x0108 period=40 active=24 gen=3 live=1
[RECV] BSDC91 notify: CFG_OK TAG=2 SLOT=2/10 MASK=0x0084 PERIOD=40 ACTIVE=24 GEN=3 LIVE=1
[RECV] CFG confirmed[2]: tag=2 slot=2/10 mask=0x0084 period=40 active=24 gen=3 live=1
[RECV] Conn param updated[0]: int=6 lat=0 to=400
[RECV] Conn param updated[1]: int=6 lat=0 to=400
[RECV] Conn param updated[2]: int=6 lat=0 to=400
[HOST_WARN 5533.151] read failed after 'mode recv'; reopened serial and continued
[HOST_CMD 5533.152] tdma clear
[RECV] TDMA profiles cleared
[RECV] CFG assigned[1]: bs=BS2DCE tag=1 slot=0/10 mask=0x0021 period=40 active=24 gen=4 pmode=0
[RECV] TDMA weighted[0]: bs=BS2DCE profile=motion target=5Hz mask=0x0021 slots=2/10 actual_x100=500 epoch_delay=3000
[RECV] CFG assigned[2]: bs=BSDC91 tag=2 slot=2/10 mask=0x0084 period=40 active=24 gen=4 pmode=0
[RECV] TDMA weighted[1]: bs=BSDC91 profile=motion target=5Hz mask=0x0084 slots=2/10 actual_x100=500 epoch_delay=2998
[RECV] CFG assigned[0]: bs=BSF66F tag=3 slot=3/10 mask=0x0108 period=40 active=24 gen=4 pmode=0
[RECV] TDMA weighted[2]: bs=BSF66F profile=motion target=5Hz mask=0x0108 slots=2/10 actual_x100=500 epoch_delay=2997
[RECV] tdma clear rc=0
[RECV] BS2DCE notify: CFG_OK TAG=1 SLOT=0/10 MASK=0x0021 PERIOD=40 ACTIVE=24 GEN=4 LIVE=1
[RECV] CFG confirmed[1]: tag=1 slot=0/10 mask=0x0021 period=40 active=24 gen=4 live=1
[RECV] BSDC91 notify: CFG_OK TAG=2 SLOT=2/10 MASK=0x0084 PERIOD=40 ACTIVE=24 GEN=4 LIVE=1
[RECV] CFG confirmed[2]: tag=2 slot=2/10 mask=0x0084 period=40 active=24 gen=4 live=1
[RECV] BSF66F notify: CFG_OK TAG=3 SLOT=3/10 MASK=0x0108 PERIOD=40 ACTIVE=24 GEN=4 LIVE=1
[RECV] CFG confirmed[0]: tag=3 slot=3/10 mask=0x0108 period=40 active=24 gen=4 live=1
[HOST_CMD 5534.038] device kind tag
OTA NUS stage: enabled
[RECV] One-shot NUS command cleared (runtime)
[RECV] Master disconnecting peer[0]: bs=BSF66F
[RECV] Master disconnecting peer[1]: bs=BS2DCE
[RECV] Master disconnecting peer[2]: bs=BSDC91
[RECV] device kind set: tag (OTA target preserved)
[RECV] Master discovery mode: CONN & START
[RECV] Peer clear wait: waited=0 conn_count=3 ready_count=0
[HOST_CMD 5536.046] ota_target token -1
[HOST_CMD 5536.647] ota_target name -
[RECV] Peer clear wait timeout: conn_count=3 ready_count=0
[RECV] SCAN start req: bt_ready=1 scan_running=0 connecting_slot=-1 conn_count=3 target=tag prefix=BS
[RECV] Scanning for BS*
[RECV] System target: kind=tag caps=0x0f (config=1 ota=1 stream=1 status=1)
OTA target filter: token=-1 name=- prefix=BS uuid=-
[RECV] ota_target name rc=0 value=-
OTA target filter: token=-1 name=- prefix=BS uuid=-
[RECV] Disconnected[0]: FC:9A:15:34:AB:20 (random) reason=0x16 link=nus ready=1
[RECV] CFG send failed[1]: tag=1 slot=0 err=-128
[RECV] TDMA weighted[0]: bs=BS2DCE profile=motion target=5Hz mask=0x0021 slots=2/10 actual_x100=500 epoch_delay=3000
[RECV] CFG send failed[2]: tag=2 slot=3 err=-128
[RECV] TDMA weighted[1]: bs=BSDC91 profile=motion target=5Hz mask=0x0108 slots=2/10 actual_x100=500 epoch_delay=2999
[RECV] Disconnected[1]: FF:5E:D2:80:EA:D2 (random) reason=0x16 link=nus ready=1
[RECV] CFG send failed[2]: tag=1 slot=0 err=-128
[RECV] TDMA weighted[0]: bs=BSDC91 profile=motion target=5Hz mask=0x0021 slots=2/10 actual_x100=500 epoch_delay=3000
[RECV] SCAN hit: FC:9A:15:34:AB:20 (random) rssi=-59 name=- bs=BSF66F uuid=- target=tag uuid_ok=1 tag_name=0 anchor_name=0 nus=0 dfu=1 token=1 props=0x03
[RECV] CONNECT queue[0]: addr=FC:9A:15:34:AB:20 (random) link=nus uuid=- target=tag
[RECV] Disconnected[2]: D5:53:48:EF:8F:59 (random) reason=0x16 link=nus ready=1
[RECV] SCAN hit: D5:53:48:EF:8F:59 (random) rssi=-56 name=- bs=BSDC91 uuid=- target=tag uuid_ok=1 tag_name=0 anchor_name=0 nus=0 dfu=1 token=1 props=0x03
[RECV] CONNECT queue[1]: addr=D5:53:48:EF:8F:59 (random) link=nus uuid=- target=tag
[[HOST_CMD 5537.201] ota_target uuid -
RECV] SCAN hit: FF:5E:D2:80:EA:D2 (random) rssi=-55 name=- bs=BS2DCE uuid=- target=tag uuid_ok=1 tag_name=0 anchor_name=0 nus=0 dfu=1 token=1 props=0x03
[RECV] CONNECT queue[2]: addr=FF:5E:D2:80:EA:D2 (random) link=nus uuid=- target=tag
[RECV] ota_target uuid rc=0 value=-
OTA target filter: token=-1 name=- prefix=BS uuid=-
[RECV] CONNECT pending[0]: addr_valid=1 link=nus uuid=- scan_running=1 conn_count=0
[RECV] CONNECT pending[0]: bt_le_scan_stop rc=0 scan_running=1
[RECV] CONNECT pending[0] rc=0 conn=0x20002020
[RECV] Connected[0]: FC:9A:15:34:AB:20 (random) name=- bs=BSF66F
[RECV] CONNECT state[0]: link=nus uuid=- ready=0 conn=0x20002020
SETUP[0] defer: waiting 348 ms before discovery start
[RECV] CONNECT pending[1]: addr_valid=1 link=nus uuid=- scan_running=0 conn_count=1
[RECV] CONNECT pending[1] rc=0 conn=0x200020f0
SETUP[0] defer: waiting 297 ms before discovery start
SETUP[0] defer: waiting 246 ms before discovery start
[RECV] PHY updated[0]: tx=0x2 rx=0x2
[RECV] Connected[1]: D5:53:48:EF:8F:59 (random) name=- bs=BSDC91
[RECV] CONNECT state[1]: link=nus uuid=- ready=0 conn=0x200020f0
[RECV] CONNECT pending[2]: addr_valid=1 link=nus uuid=- scan_running=0 conn_count=2
[RECV] CONNECT pending[2] rc=0 conn=0x200021c0
SETUP[0] defer: waiting 194 ms before discovery start
SETUP[1] defer: waiting 325 ms before discovery start
SETUP[0] defer: waiting 144 ms before discovery start
SETUP[1] defer: waiting 275 ms before discovery start
[RECV] Connected[2]: FF:5E:D2:80:EA:D2 (random) name=- bs=BS2DCE
[RECV] CONNECT state[2]: link=nus uuid=- ready=0 conn=0x200021c0
SETUP[0] defer: waiting 93 ms before discovery start
SETUP[1] defer: waiting 224 ms before discovery start
SETUP[2] defer: waiting 303 ms before discovery start
S[HOST_CMD 5537.724] ota_target prefix BS
ETUP[0] defer: waiting 43 ms before discovery start
SETUP[1] defer: waiting 173 ms before discovery start
SETUP[2] defer: waiting 252 ms before discovery start
[RECV] ota_target prefix rc=0 value=bs
OTA target filter: token=-1 name=- prefix=bs uuid=-
SETUP[0] begin: link=nus uuid=- conn=0x20002020
SETUP[0] mtu_exchange rc=0
SETUP[0] phy_update rc=0
SETUP[0] conn_param_update rc=0
[RECV] DISC start[0]: link=nus uuid=- conn=0x20002020
SETUP[1] defer: global discovery busy
SETUP[2] defer: global discovery busy
[RECV] MTU exchange[0] done (498)
[RECV] PHY updated[1]: tx=0x2 rx=0x2
[RECV] Conn param updated[0]: int=6 lat=0 to=400
SETUP[1] defer: global discovery busy
SETUP[2] defer: global discovery busy
[RECV] PHY updated[0]: tx=0x2 rx=0x2
SETUP[1] defer: global discovery busy
SETUP[2] defer: global discovery busy
[RECV] PHY updated[2]: tx=0x2 rx=0x2
SETUP[1] defer: global discovery busy
SETUP[2] defer: global discovery busy
SETUP[1] defer: global discovery busy
SETUP[2] defer: global discovery busy
SETUP[1] defer: global discovery busy
SETUP[2] defer: global discovery busy
SETUP[1] defer: global discovery busy
SETUP[2] defer: global discovery busy
SETUP[1] defer: global discovery busy
SETUP[2] defer: global discovery busy
[RECV] DISC complete[0]: link=nus discovered_service=2800 uuid=-
[RECV] BLE[0] link ready
[RECV] CFG assigned[0]: bs=BSF66F tag=1 slot=0/10 mask=0x0021 period=40 active=24 gen=7 pmode=0
[RECV] TDMA weighted[0]: bs=BSF66F profile=motion target=5Hz mask=0x0021 slots=2/10 actual_x100=500 epoch_delay=3000
[RECV] SCAN start req: bt_ready=1 scan_running=0 connecting_slot=-1 conn_count=3 target=tag prefix=BS
[RECV] Scanning for BS*
SETUP[1] begin: link=nus uuid=- conn=0x200020f0
SETUP[1] mtu_exchange rc=0
SETUP[1] phy_update rc=0
SETUP[1] conn_param_update rc=0
[RECV] DISC start[1]: link=nus uuid=- conn=0x200020f0
SETUP[2] defer: global discovery busy
[RECV] BSF66F notify: CS;1;16694;cal_static;4;0;A,B,C,D;timeout,timeout,timeout,timeout;0,0,0,0
[RECV] MTU exchange[1] done (498)
S[HOST_CMD 5538.230] ota_target show
ETUP[2] defer: global discovery busy
OTA target filter: token=-1 name=- prefix=bs uuid=-
[RECV] BSF66F notify: CFG_OK TAG=1 SLOT=0/10 MASK=0x0021 PERIOD=40 ACTIVE=24 GEN=7 LIVE=1
[RECV] CFG confirmed[0]: tag=1 slot=0/10 mask=0x0021 period=40 active=24 gen=7 live=1
[RECV] Conn param updated[1]: int=6 lat=0 to=400
[RECV] PHY updated[1]: tx=0x2 rx=0x2
SETUP[2] defer: global discovery busy
SETUP[2] defer: global discovery busy
SETUP[2] defer: global discovery busy
SETUP[2] defer: global discovery busy
SETUP[2] defer: global discovery busy
SETUP[2] defer: global discovery busy
SETUP[2] defer: global discovery busy
[RECV] DISC complete[1]: link=nus discovered_service=2800 uuid=-
[RECV] BLE[1] link ready
[RECV] CFG assigned[1]: bs=BSDC91 tag=1 slot=0/10 mask=0x0021 period=40 active=24 gen=8 pmode=0
[RECV] TDMA weighted[0]: bs=BSDC91 profile=motion target=5Hz mask=0x0021 slots=2/10 actual_x100=500 epoch_delay=3000
[RECV] CFG assigned[0]: bs=BSF66F tag=2 slot=3/10 mask=0x0108 period=40 active=24 gen=8 pmode=0
[RECV] TDMA weighted[1]: bs=BSF66F profile=motion target=5Hz mask=0x0108 slots=2/10 actual_x100=500 epoch_delay=2999
SETUP[2] begin: link=nus uuid=- conn=0x200021c0
SETUP[2] mtu_exchange rc=0
SETUP[2] phy_update rc=0
[RECV] PHY updated[2]: tx=0x2 rx=0x2
SETUP[2] conn_param_update rc=0
[RECV] DISC start[2]: link=nus uuid=- conn=0x200021c0
[RECV] BSDC91 notify: CS;1;56365;cal_roto;5;0;B,D,E,G;timeout,timeout,timeout,timeout;0,0,0,0
[RECV] BSF66F notify: CFG_OK TAG=2 SLOT=3/10 MASK=0x0108 PERIOD=40 ACTIVE=24 GEN=8 LIVE=1
[RECV] CFG confirmed[0]: tag=2 slot=3/10 mask=0x0108 period=40 active=24 gen=8 live=1
[RECV] MTU exchange[2] done (498)
[RECV] BSDC91 notify: CFG_OK TAG=1 SLOT=0/10 MASK=0x0021 PERIOD=40 ACTIVE=24 GEN=8 LIVE=1
[RECV] CFG confirmed[1]: tag=1 slot=0/10 mask=0x0021 period=40 active=24 gen=8 live=1
[RECV] Conn param updated[2]: int=6 lat=0 to=400
[HOST_CMD 5538.915] scan
[RECV] Master discovery mode: SCAN only
[RECV] Master disconnecting peer[0]: bs=BSF66F
[RECV] Master disconnecting peer[1]: bs=BSDC91
[RECV] Master disconnecting peer[2]: bs=BS2DCE
[RECV] SCAN start req: bt_ready=1 scan_running=0 connecting_slot=-1 conn_count=3 target=tag prefix=BS
[RECV] Scanning for BS*
[RECV] Disconnected[0]: FC:9A:15:34:AB:20 (random) reason=0x16 link=nus ready=1
[RECV] CFG send failed[1]: tag=1 slot=0 err=-128
[RECV] TDMA weighted[0]: bs=BSDC91 profile=motion target=5Hz mask=0x0021 slots=2/10 actual_x100=500 epoch_delay=3000
[RECV] Disconnected[1]: D5:53:48:EF:8F:59 (random) reason=0x16 link=nus ready=1
[RECV] Disconnected[2]: FF:5E:D2:80:EA:D2 (random) reason=0x16 link=nus ready=0
[RECV] GATT discovery error[-1]: -12
[RECV] SCAN hit: D5:53:48:EF:8F:59 (random) rssi=-55 name=- bs=BSDC91 uuid=- target=tag uuid_ok=1 tag_name=0 anchor_name=0 nus=0 dfu=1 token=1 props=0x03
[RECV] SCAN hit: FF:5E:D2:80:EA:D2 (random) rssi=-58 name=- bs=BS2DCE uuid=- target=tag uuid_ok=1 tag_name=0 anchor_name=0 nus=0 dfu=1 token=1 props=0x03
[RECV] SCAN hit: FC:9A:15:34:AB:20 (random) rssi=-58 name=- bs=BSF66F uuid=- target=tag uuid_ok=1 tag_name=0 anchor_name=0 nus=0 dfu=1 token=1 props=0x03
[HOST_CMD 5539.821] conn
[RECV] Master discovery mode: CONN & START
[RECV] CONNECT pending[0]: addr_valid=1 link=nus uuid=- scan_running=1 conn_count=0
[RECV] CONNECT pending[0]: bt_le_scan_stop rc=0 scan_running=1
[RECV] CONNECT pending[0] rc=0 conn=0x20002020
[RECV] Connected[0]: D5:53:48:EF:8F:59 (random) name=- bs=BSDC91
[RECV] CONNECT state[0]: link=nus uuid=- ready=0 conn=0x20002020
[RECV] CONNECT pending[1]: addr_valid=1 link=nus uuid=- scan_running=0 conn_count=1
[RECV] CONNECT pending[1] rc=0 conn=0x200020f0
SETUP[0] defer: waiting 342 ms before discovery start
SETUP[0] defer: waiting 292 ms before discovery start
[RECV] Connected[1]: FF:5E:D2:80:EA:D2 (random) name=- bs=BS2DCE
[RECV] CONNECT state[1]: link=nus uuid=- ready=0 conn=0x200020f0
[RECV] CONNECT pending[2]: addr_valid=1 link=nus uuid=- scan_running=0 conn_count=2
[RECV] CONNECT pending[2] rc=0 conn=0x200021c0
SETUP[0] defer: waiting 240 ms before discovery start
SETUP[1] defer: waiting 338 ms before discovery start
[RECV] PHY updated[0]: tx=0x2 rx=0x2
SETUP[0] defer: waiting 189 ms before discovery start
SETUP[1] defer: waiting 287 ms before discovery start
SETUP[0] defer: waiting 139 ms before discovery start
SETUP[1] defer: waiting 237 ms before discovery start
SETUP[0] defer: waiting 88 ms before discovery start
SETUP[1] defer: waiting 186 ms before discovery start
[RECV] PHY updated[1]: tx=0x2 rx=0x2
[RECV] Connected[2]: FC:9A:15:34:AB:20 (random) name=- bs=BSF66F
[RECV] CONNECT state[2]: link=nus uuid=- ready=0 conn=0x200021c0
SETUP[0] defer: waiting 38 ms before discovery start
SETUP[1] defer: waiting 136 ms before discovery start
SETUP[2] defer: waiting 328 ms before discovery start
SETUP[0] begin: link=nus uuid=- conn=0x20002020
SETUP[0] mtu_exchange rc=0
SETUP[0] phy_update rc=0
SETUP[0] conn_param_update rc=0
[RECV] DISC start[0]: link=nus uuid=- conn=0x20002020
SETUP[1] defer: global discovery busy
SETUP[2] defer: global discovery busy
[RECV] MTU exchange[0] done (498)
SETUP[1] defer: global discovery busy
SETUP[2] defer: global discovery busy
[RECV] Conn param updated[0]: int=6 lat=0 to=400
[RECV] PHY updated[0]: tx=0x2 rx=0x2
SETUP[1] defer: global discovery busy
SETUP[2] defer: global discovery busy
SETUP[1] defer: global discovery busy
SETUP[2] defer: global discovery busy
[RECV] PHY updated[2]: tx=0x2 rx=0x2
SETUP[1] defer: global discovery busy
SETUP[2] defer: global discovery busy
SETUP[1] defer: global discovery busy
SETUP[2] defer: global discovery busy
SETUP[1] defer: global discovery busy
SETUP[2] defer: global discovery busy
[RECV] DISC complete[0]: link=nus discovered_service=2800 uuid=-
[RECV] BLE[0] link ready
[RECV] CFG assigned[0]: bs=BSDC91 tag=1 slot=0/10 mask=0x0021 period=40 active=24 gen=10 pmode=0
[RECV] TDMA weighted[0]: bs=BSDC91 profile=motion target=5Hz mask=0x0021 slots=2/10 actual_x100=500 epoch_delay=3000
[RECV] SCAN start req: bt_ready=1 scan_running=0 connecting_slot=-1 conn_count=3 target=tag prefix=BS
SETUP[1] begin: link=nus uuid=- conn=0x200020f0
SETUP[1] mtu_exchange rc=0
SETUP[2] begin: link=nus uuid=- conn=0x200021c0
SETUP[2] mtu_exchange rc=0
SETUP[1] phy_update rc=0
SETUP[2] phy_update rc=0
SETUP[1] conn_param_update rc=0
[RECV] DISC start[1]: link=nus uuid=- conn=0x200020f0
[RECV] Could not start NUS discovery[1]: -120
[RECV] DISC start failed[1]: connected_for=623ms ready=0 retries=0 start_failures=1
[RECV] Scanning for BS*
[RECV] PHY updated[2]: tx=0x2 rx=0x2
SETUP[2] conn_param_update rc=0
[RECV] DISC start[2]: link=nus uuid=- conn=0x200021c0
[RECV] MTU exchange[1] done (498)
[RECV] BSDC91 notify: CS;1;56365;cal_roto;5;0;B,D,E,G;timeout,timeout,timeout,timeout;0,0,0,0
[RECV] MTU exchange[2] done (498)
[RECV] Conn param updated[1]: int=6 lat=0 to=400
[RECV] Conn param updated[2]: int=6 lat=0 to=400
[RECV] PHY updated[1]: tx=0x2 rx=0x2
[RECV] BSDC91 notify: CFG_OK TAG=1 SLOT=0/10 MASK=0x0021 PERIOD=40 ACTIVE=24 GEN=10 LIVE=1
[RECV] CFG confirmed[0]: tag=1 slot=0/10 mask=0x0021 period=40 active=24 gen=10 live=1
[RECV] DISC complete[2]: link=nus discovered_service=2800 uuid=-
[RECV] BLE[2] link ready
[RECV] CFG assigned[0]: bs=BSDC91 tag=1 slot=0/10 mask=0x0021 period=40 active=24 gen=11 pmode=0
[RECV] TDMA weighted[0]: bs=BSDC91 profile=motion target=5Hz mask=0x0021 slots=2/10 actual_x100=500 epoch_delay=3000
[RECV] CFG assigned[2]: bs=BSF66F tag=2 slot=3/10 mask=0x0108 period=40 active=24 gen=11 pmode=0
[RECV] TDMA weighted[1]: bs=BSF66F profile=motion target=5Hz mask=0x0108 slots=2/10 actual_x100=500 epoch_delay=2999
[RECV] BSF66F notify: CS;1;16694;cal_static;4;0;A,B,C,D;timeout,timeout,timeout,timeout;0,0,0,0
[RECV] BSF66F notify: CFG_OK TAG=2 SLOT=3/10 MASK=0x0108 PERIOD=40 ACTIVE=24 GEN=11 LIVE=1
[RECV] CFG confirmed[2]: tag=2 slot=3/10 mask=0x0108 period=40 active=24 gen=11 live=1
[RECV] BSDC91 notify: CFG_OK TAG=1 SLOT=0/10 MASK=0x0021 PERIOD=40 ACTIVE=24 GEN=11 LIVE=1
[RECV] CFG confirmed[0]: tag=1 slot=0/10 mask=0x0021 period=40 active=24 gen=11 live=1
[RECV] NUS discovery retry armed[1] attempt=1
[RECV] DISC complete[1]: link=nus discovered_service=2800 uuid=-
[RECV] BLE[1] link ready
[RECV] CFG assigned[1]: bs=BS2DCE tag=1 slot=0/10 mask=0x0021 period=40 active=24 gen=12 pmode=0
[RECV] TDMA weighted[0]: bs=BS2DCE profile=motion target=5Hz mask=0x0021 slots=2/10 actual_x100=500 epoch_delay=3000
[RECV] CFG assigned[0]: bs=BSDC91 tag=2 slot=2/10 mask=0x0084 period=40 active=24 gen=12 pmode=0
[RECV] TDMA weighted[1]: bs=BSDC91 profile=motion target=5Hz mask=0x0084 slots=2/10 actual_x100=500 epoch_delay=2999
[RECV] CFG assigned[2]: bs=BSF66F tag=3 slot=3/10 mask=0x0108 period=40 active=24 gen=12 pmode=0
[RECV] TDMA weighted[2]: bs=BSF66F profile=motion target=5Hz mask=0x0108 slots=2/10 actual_x100=500 epoch_delay=2998
[RECV] BS2DCE notify: CS;1;52748;cal_roto;5;0;B,D,E,G;timeout,timeout,timeout,timeout;0,0,0,0
[RECV] BSDC91 notify: CFG_OK TAG=2 SLOT=2/10 MASK=0x0084 PERIOD=40 ACTIVE=24 GEN=12 LIVE=1
[RECV] CFG confirmed[0]: tag=2 slot=2/10 mask=0x0084 period=40 active=24 gen=12 live=1
[RECV] BSF66F notify: CFG_OK TAG=3 SLOT=3/10 MASK=0x0108 PERIOD=40 ACTIVE=24 GEN=12 LIVE=1
[RECV] CFG confirmed[2]: tag=3 slot=3/10 mask=0x0108 period=40 active=24 gen=12 live=1
[RECV] BS2DCE notify: CFG_OK TAG=1 SLOT=0/10 MASK=0x0021 PERIOD=40 ACTIVE=24 GEN=12 LIVE=1
[RECV] CFG confirmed[1]: tag=1 slot=0/10 mask=0x0021 period=40 active=24 gen=12 live=1
[RECV] Conn param updated[0]: int=6 lat=0 to=400
[RECV] Conn param updated[1]: int=6 lat=0 to=400
[RECV] Conn param updated[2]: int=6 lat=0 to=400
[HOST_CMD 5545.659] ota_target token -1
[RECV] ota_target token rc=0 value=-1
OTA target filter: token=-1 name=- prefix=bs uuid=-
[HOST_CMD 5546.261] ota_target name -
[RECV] ota_target name rc=0 value=-
OTA target filter: token=-1 name=- prefix=bs uuid=-
[HOST_CMD 5546.864] ota_target prefix -
[RECV] ota_target prefix rc=0 value=-
OTA target filter: token=-1 name=- prefix=- uuid=-
[HOST_CMD 5547.467] ota_target uuid -
[RECV] ota_target uuid rc=0 value=-
OTA target filter: token=-1 name=- prefix=- uuid=-
[HOST_CMD 5548.070] tdma profile BSF66F static
[RECV] TDMA profile set: BSF66F -> static
[RECV] CFG assigned[1]: bs=BS2DCE tag=1 slot=0/10 mask=0x0021 period=40 active=24 gen=13 pmode=0
[RECV] TDMA weighted[0]: bs=BS2DCE profile=motion target=5Hz mask=0x0021 slots=2/10 actual_x100=500 epoch_delay=3000
[RECV] CFG assigned[0]: bs=BSDC91 tag=2 slot=2/10 mask=0x0084 period=40 active=24 gen=13 pmode=0
[RECV] TDMA weighted[1]: bs=BSDC91 profile=motion target=5Hz mask=0x0084 slots=2/10 actual_x100=500 epoch_delay=2999
[RECV] CFG assigned[2]: bs=BSF66F tag=3 slot=3/10 mask=0x0108 period=40 active=24 gen=13 pmode=4
[RECV] TDMA weighted[2]: bs=BSF66F profile=static target=5Hz mask=0x0108 slots=2/10 actual_x100=500 epoch_delay=2998
[RECV] tdma profile rc=0 target=BSF66F profile=static
[RECV] BS2DCE notify: CFG_OK TAG=1 SLOT=0/10 MASK=0x0021 PERIOD=40 ACTIVE=24 GEN=13 LIVE=1
[RECV] CFG confirmed[1]: tag=1 slot=0/10 mask=0x0021 period=40 active=24 gen=13 live=1
[RECV] BSF66F notify: CFG_OK TAG=3 SLOT=3/10 MASK=0x0108 PERIOD=40 ACTIVE=24 GEN=13 LIVE=1
[RECV] CFG confirmed[2]: tag=3 slot=3/10 mask=0x0108 period=40 active=24 gen=13 live=1
[RECV] BSDC91 notify: CFG_OK TAG=2 SLOT=2/10 MASK=0x0084 PERIOD=40 ACTIVE=24 GEN=13 LIVE=1
[RECV] CFG confirmed[0]: tag=2 slot=2/10 mask=0x0084 period=40 active=24 gen=13 live=1
[RECV] BSF66F notify: CR;1;16703;cal_static;4;A;pending;not_measured;0;0;0;0;0;0
[RECV] BSF66F notify: CR;1;16703;cal_static;4;B;pending;not_measured;0;0;0;0;0;0
[RECV] BSF66F notify: CR;1;16703;cal_static;4;C;pending;not_measured;0;0;0;0;0;0
[RECV] BSF66F notify: CR;1;16703;cal_static;4;D;pending;not_measured;0;0;0;0;0;0
[RECV] BSF66F notify: CF;1;16703;cal_static;4;pending;0;4;0;0;0;0
[RECV] BSF66F notify: CS;1;16703;cal_static;4;0;A,B,C,D;pending,pending,pending,pending;0,0,0,0
[HOST_CMD 5548.965] tdma profile BS2DCE roto
[RECV] TDMA profile set: BS2DCE -> roto
[RECV] CFG assigned[1]: bs=BS2DCE tag=1 slot=0/10 mask=0x02B5 period=40 active=24 gen=14 pmode=5
[RECV] TDMA weighted[0]: bs=BS2DCE profile=roto target=15Hz mask=0x02B5 slots=6/10 actual_x100=1500 epoch_delay=3000
[RECV] CFG assigned[0]: bs=BSDC91 tag=2 slot=1/10 mask=0x0042 period=40 active=24 gen=14 pmode=0
[RECV] TDMA weighted[1]: bs=BSDC91 profile=motion target=5Hz mask=0x0042 slots=2/10 actual_x100=500 epoch_delay=2999
[RECV] CFG assigned[2]: bs=BSF66F tag=3 slot=3/10 mask=0x0108 period=40 active=24 gen=14 pmode=4
[RECV] TDMA weighted[2]: bs=BSF66F profile=static target=5Hz mask=0x0108 slots=2/10 actual_x100=500 epoch_delay=2998
[RECV] tdma profile rc=0 target=BS2DCE profile=roto
[RECV] BS2DCE notify: CFG_OK TAG=1 SLOT=0/10 MASK=0x02B5 PERIOD=40 ACTIVE=24 GEN=14 LIVE=1
[RECV] CFG confirmed[1]: tag=1 slot=0/10 mask=0x02B5 period=40 active=24 gen=14 live=1
[RECV] BSDC91 notify: CFG_OK TAG=2 SLOT=1/10 MASK=0x0042 PERIOD=40 ACTIVE=24 GEN=14 LIVE=1
[RECV] CFG confirmed[0]: tag=2 slot=1/10 mask=0x0042 period=40 active=24 gen=14 live=1
[RECV] BSF66F notify: CFG_OK TAG=3 SLOT=3/10 MASK=0x0108 PERIOD=40 ACTIVE=24 GEN=14 LIVE=1
[RECV] CFG confirmed[2]: tag=3 slot=3/10 mask=0x0108 period=40 active=24 gen=14 live=1
[HOST_CMD 5549.842] tdma profile BSDC91 roto
[RECV] TDMA profile set: BSDC91 -> roto
[RECV] CFG assigned[1]: bs=BS2DCE tag=1 slot=0/3 mask=0x0001 period=40 active=24 gen=15 pmode=5
[RECV] TDMA weighted[0]: bs=BS2DCE profile=roto target=15Hz mask=0x0001 slots=1/3 actual_x100=833 epoch_delay=3000
[RECV] CFG assigned[0]: bs=BSDC91 tag=2 slot=1/3 mask=0x0002 period=40 active=24 gen=15 pmode=5
[RECV] TDMA weighted[1]: bs=BSDC91 profile=roto target=15Hz mask=0x0002 slots=1/3 actual_x100=833 epoch_delay=2999
[RECV] CFG assigned[2]: bs=BSF66F tag=3 slot=2/3 mask=0x0004 period=40 active=24 gen=15 pmode=4
[RECV] TDMA weighted[2]: bs=BSF66F profile=static target=5Hz mask=0x0004 slots=1/3 actual_x100=833 epoch_delay=2998
[RECV] tdma profile rc=0 target=BSDC91 profile=roto
[RECV] BS2DCE notify: CFG_OK TAG=1 SLOT=0/3 MASK=0x0001 PERIOD=40 ACTIVE=24 GEN=15 LIVE=1
[RECV] CFG confirmed[1]: tag=1 slot=0/3 mask=0x0001 period=40 active=24 gen=15 live=1
[RECV] BSDC91 notify: CFG_OK TAG=2 SLOT=1/3 MASK=0x0002 PERIOD=40 ACTIVE=24 GEN=15 LIVE=1
[RECV] CFG confirmed[0]: tag=2 slot=1/3 mask=0x0002 period=40 active=24 gen=15 live=1
[RECV] BSF66F notify: CFG_OK TAG=3 SLOT=2/3 MASK=0x0004 PERIOD=40 ACTIVE=24 GEN=15 LIVE=1
[RECV] CFG confirmed[2]: tag=3 slot=2/3 mask=0x0004 period=40 active=24 gen=15 live=1
[HOST_CMD 5550.713] tdma freq static 5
[RECV] TDMA freq set: static=5Hz
[RECV] CFG assigned[1]: bs=BS2DCE tag=1 slot=0/3 mask=0x0001 period=40 active=24 gen=16 pmode=5
[RECV] TDMA weighted[0]: bs=BS2DCE profile=roto target=15Hz mask=0x0001 slots=1/3 actual_x100=833 epoch_delay=3000
[RECV] CFG assigned[0]: bs=BSDC91 tag=2 slot=1/3 mask=0x0002 period=40 active=24 gen=16 pmode=5
[RECV] TDMA weighted[1]: bs=BSDC91 profile=roto target=15Hz mask=0x0002 slots=1/3 actual_x100=833 epoch_delay=2999
[RECV] CFG assigned[2]: bs=BSF66F tag=3 slot=2/3 mask=0x0004 period=40 active=24 gen=16 pmode=4
[RECV] TDMA weighted[2]: bs=BSF66F profile=static target=5Hz mask=0x0004 slots=1/3 actual_x100=833 epoch_delay=2998
[RECV] tdma freq rc=0 profile=static hz=5
[RECV] BS2DCE notify: CFG_OK TAG=1 SLOT=0/3 MASK=0x0001 PERIOD=40 ACTIVE=24 GEN=16 LIVE=1
[RECV] CFG confirmed[1]: tag=1 slot=0/3 mask=0x0001 period=40 active=24 gen=16 live=1
[RECV] BSDC91 notify: CFG_OK TAG=2 SLOT=1/3 MASK=0x0002 PERIOD=40 ACTIVE=24 GEN=16 LIVE=1
[RECV] CFG confirmed[0]: tag=2 slot=1/3 mask=0x0002 period=40 active=24 gen=16 live=1
[RECV] BSF66F notify: CFG_OK TAG=3 SLOT=2/3 MASK=0x0004 PERIOD=40 ACTIVE=24 GEN=16 LIVE=1
[RECV] CFG confirmed[2]: tag=3 slot=2/3 mask=0x0004 period=40 active=24 gen=16 live=1
[HOST_CMD 5551.241] tdma freq roto 10
[RECV] TDMA freq set: roto=10Hz
[RECV] CFG assigned[1]: bs=BS2DCE tag=1 slot=0/10 mask=0x0129 period=40 active=24 gen=17 pmode=5
[RECV] TDMA weighted[0]: bs=BS2DCE profile=roto target=10Hz mask=0x0129 slots=4/10 actual_x100=1000 epoch_delay=3000
[RECV] CFG assigned[0]: bs=BSDC91 tag=2 slot=1/10 mask=0x0252 period=40 active=24 gen=17 pmode=5
[RECV] TDMA weighted[1]: bs=BSDC91 profile=roto target=10Hz mask=0x0252 slots=4/10 actual_x100=1000 epoch_delay=2999
[RECV] CFG assigned[2]: bs=BSF66F tag=3 slot=2/10 mask=0x0084 period=40 active=24 gen=17 pmode=4
[RECV] TDMA weighted[2]: bs=BSF66F profile=static target=5Hz mask=0x0084 slots=2/10 actual_x100=500 epoch_delay=2998
[RECV] tdma freq rc=0 profile=roto hz=10
[RECV] BS2DCE notify: CFG_OK TAG=1 SLOT=0/10 MASK=0x0129 PERIOD=40 ACTIVE=24 GEN=17 LIVE=1
[RECV] CFG confirmed[1]: tag=1 slot=0/10 mask=0x0129 period=40 active=24 gen=17 live=1
[RECV] BSF66F notify: CR;1;16704;cal_static;4;A;pending;not_measured;0;0;0;0;0;0
[RECV] BSF66F notify: CR;1;16704;cal_static;4;B;pending;not_measured;0;0;0;0;0;0
[RECV] BSF66F notify: CR;1;16704;cal_static;4;C;pending;not_measured;0;0;0;0;0;0
[RECV] BSF66F notify: CR;1;16704;cal_static;4;D;pending;not_measured;0;0;0;0;0;0
[RECV] BSF66F notify: CFG_OK TAG=3 SLOT=2/10 MASK=0x0084 PERIOD=40 ACTIVE=24 GEN=17 LIVE=1
[RECV] CFG confirmed[2]: tag=3 slot=2/10 mask=0x0084 period=40 active=24 gen=17 live=1
[RECV] BSF66F notify: CF;1;16704;cal_static;4;pending;0;4;0;0;0;0
[RECV] BSF66F notify: CS;1;16704;cal_static;4;0;A,B,C,D;pending,pending,pending,pending;0,0,0,0
[HOST_CMD 5551.752] tdma freq motion 5
[RECV] TDMA freq set: motion=5Hz
[RECV] CFG assigned[1]: bs=BS2DCE tag=1 slot=0/10 mask=0x0129 period=40 active=24 gen=18 pmode=5
[RECV] TDMA weighted[0]: bs=BS2DCE profile=roto target=10Hz mask=0x0129 slots=4/10 actual_x100=1000 epoch_delay=3000
[RECV] CFG assigned[0]: bs=BSDC91 tag=2 slot=1/10 mask=0x0252 period=40 active=24 gen=18 pmode=5
[RECV] TDMA weighted[1]: bs=BSDC91 profile=roto target=10Hz mask=0x0252 slots=4/10 actual_x100=1000 epoch_delay=2999
[RECV] CFG assigned[2]: bs=BSF66F tag=3 slot=2/10 mask=0x0084 period=40 active=24 gen=18 pmode=4
[RECV] TDMA weighted[2]: bs=BSF66F profile=static target=5Hz mask=0x0084 slots=2/10 actual_x100=500 epoch_delay=2998
[RECV] tdma freq rc=0 profile=motion hz=5
[RECV] BSF66F notify: CFG_OK TAG=3 SLOT=2/10 MASK=0x0084 PERIOD=40 ACTIVE=24 GEN=18 LIVE=1
[RECV] CFG confirmed[2]: tag=3 slot=2/10 mask=0x0084 period=40 active=24 gen=18 live=1
[RECV] BSDC91 notify: CM;1;56373;0;ok;3084;3084;100;1;0|CM;1;56373;1;ok;2887;2887;100;1;0|CM;1;56373;2;ok;2672;2672;100;1;0
[RECV] BSDC91 notify: CM;1;56373;3;ok;2911;2911;100;1;0|CM;1;56373;4;ok;2871;2871;100;1;0|CM;1;56373;5;ok;2709;2709;100;1;0
[RECV] BSDC91 notify: CFG_OK TAG=2 SLOT=1/10 MASK=0x0252 PERIOD=40 ACTIVE=24 GEN=17 LIVE=1
[RECV] CFG confirmed[0]: tag=2 slot=1/10 mask=0x0252 period=40 active=24 gen=17 live=1
[RECV] BSDC91 notify: CFG_OK TAG=2 SLOT=1/10 MASK=0x0252 PERIOD=40 ACTIVE=24 GEN=18 LIVE=1
[RECV] CFG confirmed[0]: tag=2 slot=1/10 mask=0x0252 period=40 active=24 gen=18 live=1
[RECV] BSDC91 notify: CR;1;56374;cal_roto;5;A;ok;ok;3084;3084;0;0;100;100
[RECV] BSDC91 notify: CR;1;56374;cal_roto;5;B;ok;ok;2887;2887;0;0;100;100
[RECV] BSDC91 notify: CR;1;56374;cal_roto;5;C;ok;ok;2672;2672;0;0;100;100
[RECV] BSDC91 notify: CR;1;56374;cal_roto;5;D;ok;ok;2911;2911;0;0;100;100
[RECV] BSDC91 notify: CR;1;56374;cal_roto;5;E;ok;ok;2871;2871;0;0;100;100
[RECV] BSDC91 notify: CR;1;56374;cal_roto;5;F;ok;ok;2709;2709;0;0;100;100
[[HOST_CMD 5552.258] tdma rebalance
RECV] BS2DCE notify: CM;1;52754;0;ok;2466;2466;100;1;0|CM;1;52754;1;ok;2392;2392;100;1;0|CM;1;52754;2;ok;3105;3105;100;1;0
[RECV] CFG assigned[1]: bs=BS2DCE tag=1 slot=0/10 mask=0x0129 period=40 active=24 gen=19 pmode=5
[RECV] TDMA weighted[0]: bs=BS2DCE profile=roto target=10Hz mask=0x0129 slots=4/10 actual_x100=1000 epoch_delay=3000
[RECV] CFG assigned[0]: bs=BSDC91 tag=2 slot=1/10 mask=0x0252 period=40 active=24 gen=19 pmode=5
[RECV] TDMA weighted[1]: bs=BSDC91 profile=roto target=10Hz mask=0x0252 slots=4/10 actual_x100=1000 epoch_delay=2999
[RECV] CFG assigned[2]: bs=BSF66F tag=3 slot=2/10 mask=0x0084 period=40 active=24 gen=19 pmode=4
[RECV] TDMA weighted[2]: bs=BSF66F profile=static target=5Hz mask=0x0084 slots=2/10 actual_x100=500 epoch_delay=2998
[RECV] tdma rebalance rc=0
[RECV] BS2DCE notify: CM;1;52754;3;ok;3243;3243;100;1;0|CM;1;52754;4;ok;2777;2777;100;1;0|CM;1;52754;5;ok;2239;2239;100;1;0
[RECV] BS2DCE notify: CFG_OK TAG=1 SLOT=0/10 MASK=0x0129 PERIOD=40 ACTIVE=24 GEN=18 LIVE=1
[RECV] CFG confirmed[1]: tag=1 slot=0/10 mask=0x0129 period=40 active=24 gen=18 live=1
[RECV] BS2DCE notify: CR;1;52755;cal_roto;5;A;ok;ok;2466;2466;0;0;100;100
[RECV] BS2DCE notify: CR;1;52755;cal_roto;5;B;ok;ok;2392;2392;0;0;100;100
[RECV] BS2DCE notify: CR;1;52755;cal_roto;5;C;ok;ok;3105;3105;0;0;100;100
[RECV] BS2DCE notify: CR;1;52755;cal_roto;5;D;ok;ok;3243;3243;0;0;100;100
[RECV] BS2DCE notify: CR;1;52755;cal_roto;5;E;ok;ok;2777;2777;0;0;100;100
[RECV] BS2DCE notify: CR;1;52755;cal_roto;5;F;ok;ok;2239;2239;0;0;100;100
[RECV] BS2DCE notify: CR;1;52755;cal_roto;5;G;ok;ok;3149;3149;0;0;100;100
[RECV] BS2DCE notify: CFG_OK TAG=1 SLOT=0/10 MASK=0x0129 PERIOD=40 ACTIVE=24 GEN=19 LIVE=1
[RECV] CFG confirmed[1]: tag=1 slot=0/10 mask=0x0129 period=40 active=24 gen=19 live=1
[RECV] BSDC91 notify: CFG_OK TAG=2 SLOT=1/10 MASK=0x0252 PERIOD=40 ACTIVE=24 GEN=19 LIVE=1
[RECV] CFG confirmed[0]: tag=2 slot=1/10 mask=0x0252 period=40 active=24 gen=19 live=1
[RECV] BSF66F notify: CFG_OK TAG=3 SLOT=2/10 MASK=0x0084 PERIOD=40 ACTIVE=24 GEN=19 LIVE=1
[RECV] CFG confirmed[2]: tag=3 slot=2/10 mask=0x0084 period=40 active=24 gen=19 live=1
[HOST_CMD 5553.127] tdma show
[RECV] TDMA weighted scheduler: period=40ms active=24ms max_slots=12 freq motion=5Hz static=5Hz roto=10Hz
[RECV] TDMA profile: BSF66F -> static target=5Hz
[RECV] TDMA profile: BS2DCE -> roto target=10Hz
[RECV] TDMA profile: BSDC91 -> roto target=10Hz
[HOST_CMD 5554.131] status
[RECV] Control status: mode=RECV pending=0
[RECV] BSF66F notify: CR;1;16705;cal_static;4;A;pending;not_measured;0;0;0;0;0;0
[RECV] BSF66F notify: CR;1;16705;cal_static;4;B;pending;not_measured;0;0;0;0;0;0
[RECV] BSF66F notify: CR;1;16705;cal_static;4;C;pending;not_measured;0;0;0;0;0;0
[RECV] BSF66F notify: CR;1;16705;cal_static;4;D;pending;not_measured;0;0;0;0;0;0
[RECV] BSF66F notify: CF;1;16705;cal_static;4;pending;0;4;0;0;0;0
[RECV] BSF66F notify: CS;1;16705;cal_static;4;0;A,B,C,D;pending,pending,pending,pending;0,0,0,0
[HOST_CMD 5555.041] device show
[RECV] System target: kind=tag caps=0x0f (config=1 ota=1 stream=1 status=1)
OTA target filter: token=-1 name=- prefix=- uuid=-
[RECV] BS2DCE notify: CM;1;52755;0;ok;2729;2729;100;1;0
[RECV] BS2DCE notify: CM;1;52755;1;timeout;0;0;0;0;1|CM;1;52755;2;ok;2977;2977;100;1;0|CM;1;52755;3;ok;3518;3518;100;1;0
[RECV] BS2DCE notify: CM;1;52755;4;ok;2829;2829;100;1;0|CM;1;52755;5;ok;2684;2684;100;1;0|CM;1;52755;6;ok;3202;3202;100;1;0
[RECV] BS2DCE notify: CR;1;52756;cal_roto;5;A;ok;ok;2729;2729;0;0;100;100
[RECV] BS2DCE notify: CR;1;52756;cal_roto;5;B;timeout;rx_timeout;0;0;0;0;0;0
[RECV] BS2DCE notify: CR;1;52756;cal_roto;5;C;ok;ok;2977;2977;0;0;100;100
[RECV] BS2DCE notify: CR;1;52756;cal_roto;5;D;ok;ok;3518;3518;0;0;100;100
[RECV] BS2DCE notify: CR;1;52756;cal_roto;5;E;ok;ok;2829;2829;0;0;100;100
[RECV] BS2DCE notify: CR;1;52756;cal_roto;5;F;ok;ok;2684;2684;0;0;100;100
[RECV] BS2DCE notify: CR;1;52756;cal_roto;5;G;ok;ok;3202;3202;0;0;100;100
[RECV] BSF66F notify: CM;1;16705;4;ok;3729;3729;100;1;0|CM;1;16705;5;ok;2353;2353;100;1;0|CM;1;16705;6;ok;1956;1956;100;1;0
[RECV] BSF66F notify: CR;1;16706;cal_static;4;E;ok;ok;3729;3729;0;0;100;100
[RECV] BSF66F notify: CR;1;16706;cal_static;4;F;ok;ok;2353;2353;0;0;100;100
[RECV] BSF66F notify: CR;1;16706;cal_static;4;G;ok;ok;1956;1956;0;0;100;100
[RECV] BSF66F notify: CR;1;16706;cal_static;4;H;ok;ok;3463;3463;0;0;100;100
[RECV] BSF66F notify: CF;1;16706;cal_static;4;pending;100;4;4;0;0;0
[RECV] BSF66F notify: CS;1;16706;cal_static;4;100;E,F,G,H;ok,ok,ok,ok;100,100,100,100
[RECV] BSF66F notify: CM;1;16706;0;ok;3693;3693;100;1;0|CM;1;16706;1;ok;2528;2528;100;1;0
[RECV] BSF66F notify: CR;1;16707;cal_static;4;A;ok;ok;3693;3693;0;0;100;100
[RECV] BSF66F notify: CR;1;16707;cal_static;4;B;ok;ok;2528;2528;0;0;100;100
[RECV] BSF66F notify: CR;1;16707;cal_static;4;C;ok;ok;2091;2091;0;0;100;100
[RECV] BSF66F notify: CR;1;16707;cal_static;4;D;ok;ok;3451;3451;0;0;100;100
[RECV] BSF66F notify: CF;1;16707;cal_static;4;success;100;4;4;479301;480439;0
[RECV] BSF66F notify: CS;1;16707;cal_static;4;100;A,B,C,D;ok,ok,ok,ok;100,100,100,100
[RECV] BSDC91 notify: CM;1;56374;0;ok;2883;2883;100;1;0
[RECV] BSDC91 notify: CM;1;56374;1;ok;3623;3623;100;1;0|CM;1;56374;2;ok;2881;2881;100;1;0|CM;1;56374;3;ok;2652;2652;100;1;0
[RECV] BSDC91 notify: CM;1;56374;4;ok;2824;2824;100;1;0|CM;1;56374;5;ok;3386;3386;100;1;0|CM;1;56374;6;ok;2506;2506;100;1;0
[RECV] BSDC91 notify: CR;1;56375;cal_roto;5;A;ok;ok;2883;2883;0;0;100;100
[RECV] BSDC91 notify: CR;1;56375;cal_roto;5;B;ok;ok;3623;3623;0;0;100;100
[RECV] BSDC91 notify: CR;1;56375;cal_roto;5;C;ok;ok;2881;2881;0;0;100;100
[RECV] BSDC91 notify: CR;1;56375;cal_roto;5;D;ok;ok;2652;2652;0;0;100;100
[RECV] BSDC91 notify: CR;1;56375;cal_roto;5;E;ok;ok;2824;2824;0;0;100;100
[RECV] BSDC91 notify: CR;1;56375;cal_roto;5;F;ok;ok;3386;3386;0;0;100;100
[RECV] BSDC91 notify: CR;1;56375;cal_roto;5;G;ok;ok;2506;2506;0;0;100;100
[RECV] BSF66F notify: CM;1;16707;4;ok;3770;3770;100;2;0
[RECV] BSF66F notify: CM;1;16707;5;ok;2368;2368;100;2;0|CM;1;16707;6;ok;1998;1998;100;2;0|CM;1;16707;7;ok;3444;3444;100;2;0
[RECV] BSF66F notify: CR;1;16708;cal_static;4;E;ok;ok;3770;3770;0;0;100;100
[RECV] BSF66F notify: CR;1;16708;cal_static;4;F;ok;ok;2368;2368;0;0;100;100
[RECV] BSF66F notify: CR;1;16708;cal_static;4;G;ok;ok;1998;1998;0;0;100;100
[RECV] BSF66F notify: CR;1;16708;cal_static;4;H;ok;ok;3444;3444;0;0;100;100
[RECV] BSF66F notify: CF;1;16708;cal_static;4;pending;100;4;4;0;0;0
[RECV] BSF66F notify: CS;1;16708;cal_static;4;100;E,F,G,H;ok,ok,ok,ok;100,100,100,100
[RECV] BSF66F notify: CM;1;16708;0;ok;3653;3653;100;2;0|CM;1;16708;1;ok;2533;2533;100;2;0|CM;1;16708;2;ok;2153;2153;100;2;0
[RECV] BSF66F notify: CR;1;16709;cal_static;4;A;ok;ok;3653;3653;0;0;100;100
[RECV] BSF66F notify: CR;1;16709;cal_static;4;B;ok;ok;2533;2533;0;0;100;100
[RECV] BSF66F notify: CR;1;16709;cal_static;4;C;ok;ok;2153;2153;0;0;100;100
[RECV] BSF66F notify: CR;1;16709;cal_static;4;D;ok;ok;3491;3491;0;0;100;100
[RECV] BSF66F notify: CF;1;16709;cal_static;4;success;100;4;4;9;11;0
[RECV] BSF66F notify: CS;1;16709;cal_static;4;100;A,B,C,D;ok,ok,ok,ok;100,100,100,100
[RECV] BSF66F notify: CM;1;16709;4;ok;3739;3739;100;3;0|CM;1;16709;5;ok;2344;2344;100;3;0
[RECV] BSF66F notify: CR;1;16710;cal_static;4;E;ok;ok;3739;3739;0;0;100;100
[RECV] BSF66F notify: CR;1;16710;cal_static;4;F;ok;ok;2344;2344;0;0;100;100
[RECV] BSF66F notify: CR;1;16710;cal_static;4;G;ok;ok;1961;1961;0;0;100;100
[RECV] BSF66F notify: CR;1;16710;cal_static;4;H;ok;ok;3473;3473;0;0;100;100
[RECV] BSF66F notify: CF;1;16710;cal_static;4;pending;100;4;4;0;0;0
[RECV] BSF66F notify: CS;1;16710;cal_static;4;100;E,F,G,H;ok,ok,ok,ok;100,100,100,100
[RECV] BS2DCE notify: CM;1;52756;0;ok;2561;2561;100;2;0|CM;1;52756;1;ok;2450;2450;50;1;1
[RECV] BS2DCE notify: CM;1;52756;2;ok;3110;3110;100;2;0|CM;1;52756;3;ok;3134;3134;100;2;0|CM;1;52756;4;ok;2687;2687;100;2;0
[RECV] BS2DCE notify: CM;1;52756;5;ok;2365;2365;100;2;0|CM;1;52756;6;ok;3318;3318;100;2;0|CM;1;52756;7;ok;3304;3304;100;2;0
[RECV] BSDC91 notify: CM;1;56375;0;ok;3330;3330;100;2;0|CM;1;56375;1;ok;2516;2516;100;2;0
[RECV] BS2DCE notify: CR;1;52757;cal_roto;5;A;ok;ok;2561;2561;0;0;100;100
[RECV] BS2DCE notify: CR;1;52757;cal_roto;5;B;ok;ok;2450;2450;0;0;50;50
[RECV] BS2DCE notify: CR;1;52757;cal_roto;5;C;ok;ok;3110;3110;0;0;100;100
[RECV] BS2DCE notify: CR;1;52757;cal_roto;5;D;ok;ok;3134;3134;0;0;100;100
[RECV] BS2DCE notify: CR;1;52757;cal_roto;5;E;ok;ok;2687;2687;0;0;100;100
[RECV] BS2DCE notify: CR;1;52757;cal_roto;5;F;ok;ok;2365;2365;0;0;100;100
[RECV] BS2DCE notify: CR;1;52757;cal_roto;5;G;ok;ok;3318;3318;0;0;100;100
[RECV] BSDC91 notify: CM;1;56375;2;ok;2641;2641;100;2;0|CM;1;56375;3;ok;3351;3351;100;2;0|CM;1;56375;4;ok;3167;3167;100;2;0
[RECV] BSDC91 notify: CM;1;56375;5;ok;2193;2193;100;2;0|CM;1;56375;6;ok;2337;2337;100;2;0|CM;1;56375;7;ok;3318;3318;100;2;0
[RECV] BSDC91 notify: CR;1;56376;cal_roto;5;A;ok;ok;3330;3330;0;0;100;100
[RECV] BSDC91 notify: CR;1;56376;cal_roto;5;B;ok;ok;2516;2516;0;0;100;100
[RECV] BSDC91 notify: CR;1;56376;cal_roto;5;C;ok;ok;2641;2641;0;0;100;100
[RECV] BSF66F notify: CM;1;16710;0;ok;3683;3683;100;3;0
[RECV] BSF66F notify: CM;1;16710;1;ok;2536;2536;100;3;0|CM;1;16710;2;ok;2177;2177;100;3;0|CM;1;16710;3;ok;3500;3500;100;3;0
[RECV] BSF66F notify: CR;1;16711;cal_static;4;A;ok;ok;3683;3683;0;0;100;100
[RECV] BSF66F notify: CR;1;16711;cal_static;4;B;ok;ok;2536;2536;0;0;100;100
[RECV] BSDC91 notify: CR;1;56376;cal_roto;5;D;ok;ok;3351;3351;0;0;100;100
[RECV] BSDC91 notify: CR;1;56376;cal_roto;5;E;ok;ok;3167;3167;0;0;100;100
[RECV] BSDC91 notify: CR;1;56376;cal_roto;5;F;ok;ok;2193;2193;0;0;100;100
[RECV] BSDC91 notify: CR;1;56376;cal_roto;5;G;ok;ok;2337;2337;0;0;100;100
[RECV] BSF66F notify: CR;1;16711;cal_static;4;C;ok;ok;2177;2177;0;0;100;100
[RECV] BSF66F notify: CR;1;16711;cal_static;4;D;ok;ok;3500;3500;0;0;100;100
[RECV] BSF66F notify: CF;1;16711;cal_static;4;success;100;4;4;117796;118966;0
[RECV] BSF66F notify: CS;1;16711;cal_static;4;100;A,B,C,D;ok,ok,ok,ok;100,100,100,100
[RECV] BSF66F notify: CM;1;16711;4;ok;3775;3775;100;4;0|CM;1;16711;5;ok;2364;2364;100;4;0|CM;1;16711;6;ok;2017;2017;100;4;0
[RECV] BSF66F notify: CR;1;16712;cal_static;4;E;ok;ok;3775;3775;0;0;100;100
[RECV] BSF66F notify: CR;1;16712;cal_static;4;F;ok;ok;2364;2364;0;0;100;100
[RECV] BSF66F notify: CR;1;16712;cal_static;4;G;ok;ok;2017;2017;0;0;100;100
[RECV] BSF66F notify: CR;1;16712;cal_static;4;H;ok;ok;3494;3494;0;0;100;100
[RECV] BSF66F notify: CF;1;16712;cal_static;4;pending;100;4;4;0;0;0
[RECV] BSF66F notify: CS;1;16712;cal_static;4;100;E,F,G,H;ok,ok,ok,ok;100,100,100,100
[RECV] BSF66F notify: CM;1;16712;0;ok;3652;3652;100;4;0|CM;1;16712;1;ok;2538;2538;100;4;0
[RECV] BSF66F notify: CR;1;16713;cal_static;4;A;ok;ok;3652;3652;0;0;100;100
[RECV] BSF66F notify: CR;1;16713;cal_static;4;B;ok;ok;2538;2538;0;0;100;100
[RECV] BSF66F notify: CR;1;16713;cal_static;4;C;ok;ok;2131;2131;0;0;100;100
[RECV] BSF66F notify: CR;1;16713;cal_static;4;D;ok;ok;3553;3553;0;0;100;100
[RECV] BSF66F notify: CF;1;16713;cal_static;4;success;100;4;4;899;1340;0
[RECV] BSF66F notify: CS;1;16713;cal_static;4;100;A,B,C,D;ok,ok,ok,ok;100,100,100,100
[RECV] BSF66F notify: CM;1;16713;4;ok;3777;3777;100;5;0
[RECV] BSF66F notify: CM;1;16713;5;ok;2352;2352;100;5;0|CM;1;16713;6;ok;1971;1971;100;5;0|CM;1;16713;7;ok;3499;3499;100;5;0
[RECV] BSF66F notify: CR;1;16714;cal_static;4;E;ok;ok;3777;3777;0;0;100;100
[RECV] BSF66F notify: CR;1;16714;cal_static;4;F;ok;ok;2352;2352;0;0;100;100
[RECV] BSF66F notify: CR;1;16714;cal_static;4;G;ok;ok;1971;1971;0;0;100;100
[RECV] BSF66F notify: CR;1;16714;cal_static;4;H;ok;ok;3499;3499;0;0;100;100
[RECV] BSF66F notify: CF;1;16714;cal_static;4;pending;100;4;4;0;0;0
[RECV] BSF66F notify: CS;1;16714;cal_static;4;100;E,F,G,H;ok,ok,ok,ok;100,100,100,100
[RECV] BSDC91 notify: CM;1;56376;0;ok;3108;3108;100;3;0|CM;1;56376;1;ok;1843;1843;100;3;0|CM;1;56376;2;ok;3053;3053;100;3;0
[RECV] BSDC91 notify: CM;1;56376;3;ok;3783;3783;100;3;0|CM;1;56376;4;ok;3028;3028;100;3;0|CM;1;56376;5;ok;1800;1800;100;3;0
[RECV] BSDC91 notify: CR;1;56377;cal_roto;5;A;ok;ok;3108;3108;0;0;100;100
[RECV] BSDC91 notify: CR;1;56377;cal_roto;5;B;ok;ok;1843;1843;0;0;100;100
[RECV] BSDC91 notify: CR;1;56377;cal_roto;5;C;ok;ok;3053;3053;0;0;100;100
[RECV] BSDC91 notify: CR;1;56377;cal_roto;5;D;ok;ok;3783;3783;0;0;100;100
[RECV] BSDC91 notify: CR;1;56377;cal_roto;5;E;ok;ok;3028;3028;0;0;100;100
[RECV] BSDC91 notify: CR;1;56377;cal_roto;5;F;ok;ok;1800;1800;0;0;100;100
[RECV] BSF66F notify: CM;1;16714;0;ok;3738;3738;100;5;0|CM;1;16714;1;ok;2519;2519;100;5;0|CM;1;16714;2;ok;2146;2146;100;5;0
[RECV] BSF66F notify: CR;1;16715;cal_static;4;A;ok;ok;3738;3738;0;0;100;100
[RECV] BSF66F notify: CR;1;16715;cal_static;4;B;ok;ok;2519;2519;0;0;100;100
[RECV] BSF66F notify: CR;1;16715;cal_static;4;C;ok;ok;2146;2146;0;0;100;100
[RECV] BSDC91 notify: CR;1;56377;cal_roto;5;G;ok;ok;2753;2753;0;0;100;100
[RECV] BSDC91 notify: CR;1;56377;cal_roto;5;H;ok;ok;3646;3646;0;0;100;100
[RECV] BSF66F notify: CR;1;16715;cal_static;4;D;ok;ok;3531;3531;0;0;100;100
[RECV] BSF66F notify: CF;1;16715;cal_static;4;success;100;4;4;1045318;1046388;0
[RECV] BSF66F notify: CS;1;16715;cal_static;4;100;A,B,C,D;ok,ok,ok,ok;100,100,100,100
[RECV] BS2DCE notify: CM;1;52757;0;ok;2742;2742;100;3;0|CM;1;52757;1;ok;3161;3161;66;2;1|CM;1;52757;2;ok;2965;2965;100;3;0
[RECV] BS2DCE notify: CM;1;52757;3;ok;2837;2837;100;3;0|CM;1;52757;4;ok;2741;2741;100;3;0|CM;1;52757;5;ok;2831;2831;100;3;0
[RECV] BS2DCE notify: CR;1;52758;cal_roto;5;A;ok;ok;2742;2742;0;0;100;100
[RECV] BS2DCE notify: CR;1;52758;cal_roto;5;B;ok;ok;3161;3161;0;0;66;66
[RECV] BS2DCE notify: CR;1;52758;cal_roto;5;C;ok;ok;2965;2965;0;0;100;100
[RECV] BS2DCE notify: CR;1;52758;cal_roto;5;D;ok;ok;2837;2837;0;0;100;100
[RECV] BS2DCE notify: CR;1;52758;cal_roto;5;E;ok;ok;2741;2741;0;0;100;100
[RECV] BS2DCE notify: CR;1;52758;cal_roto;5;F;ok;ok;2831;2831;0;0;100;100
[RECV] BS2DCE notify: CR;1;52758;cal_roto;5;G;ok;ok;2893;2893;0;0;100;100
[RECV] BS2DCE notify: CR;1;52758;cal_roto;5;H;ok;ok;2704;2704;0;0;100;100
[RECV] BSF66F notify: CM;1;16715;4;ok;3726;3726;100;6;0|CM;1;16715;5;ok;2359;2359;100;6;0
[RECV] BSF66F notify: CR;1;16716;cal_static;4;E;ok;ok;3726;3726;0;0;100;100
[RECV] BSF66F notify: CR;1;16716;cal_static;4;F;ok;ok;2359;2359;0;0;100;100
[RECV] BSF66F notify: CR;1;16716;cal_static;4;G;ok;ok;1935;1935;0;0;100;100
[RECV] BSDC91 notify: CM;1;56377;0;reject;2359;3108;75;3;1
[RECV] BSDC91 notify: CM;1;56377;1;ok;2205;2205;100;4;0|CM;1;56377;2;ok;3041;3041;100;4;0|CM;1;56377;3;reject;3179;3783;75;3;1
[RECV] BSDC91 notify: CM;1;56377;4;ok;2670;2670;100;4;0|CM;1;56377;5;reject;2531;1800;75;3;1|CM;1;56377;6;reject;3221;2753;75;3;1
[RECV] BSF66F notify: CR;1;16716;cal_static;4;H;ok;ok;3451;3451;0;0;100;100
[RECV] BSF66F notify: CF;1;16716;cal_static;4;pending;100;4;4;0;0;0
[RECV] BSF66F notify: CS;1;16716;cal_static;4;100;E,F,G,H;ok,ok,ok,ok;100,100,100,100
[RECV] BSDC91 notify: CR;1;56378;cal_roto;5;A;reject;raw_outlier;2359;3108;0;0;75;75
[RECV] BSDC91 notify: CR;1;56378;cal_roto;5;B;ok;ok;2205;2205;0;0;100;100
[RECV] BSDC91 notify: CR;1;56378;cal_roto;5;C;ok;ok;3041;3041;0;0;100;100
[RECV] BSDC91 notify: CR;1;56378;cal_roto;5;D;reject;raw_outlier;3179;3783;0;0;75;75
[RECV] BSDC91 notify: CR;1;56378;cal_roto;5;E;ok;ok;2670;2670;0;0;100;100
[RECV] BSDC91 notify: CR;1;56378;cal_roto;5;F;reject;raw_outlier;2531;1800;0;0;75;75
[RECV] BSDC91 notify: CR;1;56378;cal_roto;5;G;reject;raw_outlier;3221;2753;0;0;75;75
[RECV] BSDC91 notify: CM;1;56378;0;reject;2297;3108;60;3;2|CM;1;56378;1;ok;2414;2414;100;5;0
[RECV] BSDC91 notify: CM;1;56378;2;ok;3134;3134;100;5;0|CM;1;56378;3;reject;3020;3783;60;3;2|CM;1;56378;4;ok;2536;2536;100;5;0
[RECV] BSDC91 notify: CM;1;56378;5;reject;2579;1800;60;3;2|CM;1;56378;6;reject;3292;2753;60;3;2|CM;1;56378;7;ok;3153;3153;100;5;0
[RECV] BSDC91 notify: CR;1;56379;cal_roto;5;A;reject;raw_outlier;2297;3108;0;0;60;60
[RECV] BSDC91 notify: CR;1;56379;cal_roto;5;B;ok;ok;2414;2414;0;0;100;100
[RECV] BSDC91 notify: CR;1;56379;cal_roto;5;C;ok;ok;3134;3134;0;0;100;100
[RECV] BSDC91 notify: CR;1;56379;cal_roto;5;D;reject;raw_outlier;3020;3783;0;0;60;60
[RECV] BSDC91 notify: CR;1;56379;cal_roto;5;E;ok;ok;2536;2536;0;0;100;100
[RECV] BSF66F notify: CM;1;16716;0;ok;3707;3707;100;6;0
[RECV] BSF66F notify: CM;1;16716;1;ok;2521;2521;100;6;0|CM;1;16716;2;ok;2142;2142;100;6;0|CM;1;16716;3;ok;3578;3578;100;6;0
[RECV] BSF66F notify: CR;1;16717;cal_static;4;A;ok;ok;3707;3707;0;0;100;100
[RECV] BSF66F notify: CR;1;16717;cal_static;4;B;ok;ok;2521;2521;0;0;100;100
[RECV] BSDC91 notify: CR;1;56379;cal_roto;5;F;reject;raw_outlier;2579;1800;0;0;60;60
[RECV] BSDC91 notify: CR;1;56379;cal_roto;5;G;reject;raw_outlier;3292;2753;0;0;60;60
[RECV] BSF66F notify: CR;1;16717;cal_static;4;C;ok;ok;2142;2142;0;0;100;100
[RECV] BSF66F notify: CR;1;16717;cal_static;4;D;ok;ok;3578;3578;0;0;100;100
[RECV] BSF66F notify: CF;1;16717;cal_static;4;success;100;4;4;3;3;0
[RECV] BSF66F notify: CS;1;16717;cal_static;4;100;A,B,C,D;ok,ok,ok,ok;100,100,100,100
[RECV] BSF66F notify: CM;1;16717;4;ok;3774;3774;100;7;0|CM;1;16717;5;ok;2378;2378;100;7;0|CM;1;16717;6;ok;1994;1994;100;7;0
[RECV] BSF66F notify: CR;1;16718;cal_static;4;E;ok;ok;3774;3774;0;0;100;100
[RECV] BSF66F notify: CR;1;16718;cal_static;4;F;ok;ok;2378;2378;0;0;100;100
[RECV] BSF66F notify: CR;1;16718;cal_static;4;G;ok;ok;1994;1994;0;0;100;100
[RECV] BS2DCE notify: CM;1;52758;0;ok;3177;3177;100;4;0
[RECV] BS2DCE notify: CM;1;52758;1;ok;2650;2650;75;3;1|CM;1;52758;2;ok;2660;2660;100;4;0|CM;1;52758;3;ok;3208;3208;100;4;0
[RECV] BS2DCE notify: CM;1;52758;4;ok;3061;3061;100;4;0|CM;1;52758;5;ok;2537;2537;100;4;0|CM;1;52758;6;ok;2622;2622;100;4;0
[RECV] BSF66F notify: CR;1;16718;cal_static;4;H;ok;ok;3457;3457;0;0;100;100
[RECV] BSF66F notify: CF;1;16718;cal_static;4;pending;100;4;4;0;0;0
[RECV] BSF66F notify: CS;1;16718;cal_static;4;100;E,F,G,H;ok,ok,ok,ok;100,100,100,100
[RECV] BS2DCE notify: CR;1;52759;cal_roto;5;A;ok;ok;3177;3177;0;0;100;100
[RECV] BS2DCE notify: CR;1;52759;cal_roto;5;B;ok;ok;2650;2650;0;0;75;75
[RECV] BS2DCE notify: CR;1;52759;cal_roto;5;C;ok;ok;2660;2660;0;0;100;100
[RECV] BS2DCE notify: CR;1;52759;cal_roto;5;D;ok;ok;3208;3208;0;0;100;100
[RECV] BS2DCE notify: CR;1;52759;cal_roto;5;E;ok;ok;3061;3061;0;0;100;100
[RECV] BSDC91 notify: CM;1;56379;0;reject;2489;3108;50;3;3|CM;1;56379;1;ok;2592;2592;100;6;0|CM;1;56379;2;ok;3133;3133;100;6;0
[RECV] BSDC91 notify: CM;1;56379;3;reject;2855;3783;50;3;3|CM;1;56379;4;ok;2516;2516;100;6;0|CM;1;56379;5;reject;2541;1800;50;3;3
[RECV] BSDC91 notify: CR;1;56380;cal_roto;5;A;reject;raw_outlier;2489;3108;0;0;50;50
[RECV] BSDC91 notify: CR;1;56380;cal_roto;5;B;ok;ok;2592;2592;0;0;100;100
[HOST_WARN 5558.135] capture read failed: device reports readiness to read but returned no data (device disconnected or multiple access on port?); recover controller
[HOST_RECOVERY 5558.135] serial recovery start: device reports readiness to read but returned no data (device disconnected or multiple access on port?)
[HOST_RECOVERY 5558.887] serial reopened without reset
622;2622;0;0;100;100
[RECV] BSDC91 notify: CR;1;56380;cal_roto;5;C;ok;ok;3133;3133;0;0;100;100
[RECV] BSDC91 notify: CR;1;56380;cal_roto;5;D;reject;raw_outlier;2855;3783;0;0;50;50
[RECV] BSDC91 notify: CR;1;56380;cal_roto;5;E;ok;ok;2516;2516;0;0;100;100
[RECV] BSDC91 notify: CR;1;56380;cal_roto;5;F;reject;raw_outlier;2541;1800;0;0;50;50
[RECV] BSDC91 notify: CR;1;56380;cal_roto;5;G;ok;ok;3192;3192;0;0;66;66
[RECV] BSDC91 notify: CR;1;56380;cal_roto;5;H;ok;ok;3012;3012;0;0;100;100
[RECV] BSDC91 notify: CM;1;56380;0;timeout;0;3108;42;3;4
[RECV] BSDC91 notify: CM;1;56380;1;timeout;0;2592;85;6;1|CM;1;56380;2;timeout;0;3133;85;6;1|CM;1;56380;3;timeout;0;3783;42;3;4
[RECV] BSDC91 notify: CM;1;56380;4;timeout;0;2516;85;6;1|CM;1;56380;5;timeout;0;1800;42;3;4|CM;1;56380;6;timeout;0;3192;57;4;3
[RECV] BSDC91 notify: CR;1;56381;cal_roto;5;A;timeout;rx_timeout;0;3108;0;0;42;42
[RECV] [RECV] BSF66F notify: CR;1;16723;cal_static;4;D;timeout;rx_timeout;0;3578;0;0;66;66
[RECV] BSF66F notify: CF;1;16723;cal_static;4;pending;66;4;0;0;0;0
[RECV] BSF66F notify: CS;1;16723;cal_static;4;66;A,B,C,D;timeout,timeout,timeout,timeout;66,66,66,66
[RECV] BS2DCE notify: CM;1;52763;0;timeout;0;3353;55;5;4|CM;1;52763;1;timeout;0;2281;44;4;5|CM;1;52763;2;timeout;0;2894;55;5;4
[RECV] BS2DCE notify: CM;1;52763;3;timeout;0;3461;55;5;4|CM;1;52763;4;timeout;0;3143;55;5;4|CM;1;52763;5;timeout;0;2087;55;5;4
[RECV] BS2DCE notify: CR;1;52764;cal_roto;5;A;timeout;rx_timeout;0;3353;0;0;55;55
[RECV] BS2DCE notify: CR;1;52764;cal_roto;5;B;timeout;rx_timeout;0;2281;0;0;44;44
[RECV] BS2DCE notify: CR;1;52764;cal_roto;5;C;timeout;rx_timeout;0;2894;0;0;55;55
[RECV] BS2DCE notify: CR;1;52764;cal_roto;5;D;timeout;rx_timeout;0;3461;0;0;55;55
[RECV] BS2DCE notify: CR;1;52764;cal_roto;5;E;timeout;rx_timeout;0;3143;0;0;55;55
[RECV] BS2DCE notify: CR;1;52764;cal_roto;5;F;timeout;rx_timeout;0;2087;0;0;55;55
[RECV] BSDC91 notify: CM;1;56385;0;timeout;0;3108;25;3;9|CM;1;56385;1;timeout;0;2592;50;6;6|CM;1;56385;2;timeout;0;3133;50;6;6
[RECV] BSDC91 notify: CM;1;56385;3;timeout;0;3783;25;3;9|CM;1;56385;4;timeout;0;2516;50;6;6|CM;1;56385;5;timeout;0;1800;25;3;9
[RECV] BSDC91 notify: CR;1;56386;cal_roto;5;A;timeout;rx_timeout;0;3108;0;0;25;25
[RECV] BSDC91 notify: CR;1;56386;cal_roto;5;B;timeout;rx_timeout;0;2592;0;0;50;50
[RECV] BS2DCE notify: CR;1;52764;cal_roto;5;G;timeout;rx_timeout;0;2566;0;0;55;55
[RECV] BS2DCE notify: CR;1;52764;cal_roto;5;H;timeout;rx_timeout;0;2704;0;0;33;33
[RECV] BSDC91 notify: CR;1;56386;cal_roto;5;C;timeout;rx_timeout;0;3133;0;0;50;50
[RECV] BSDC91 notify: CR;1;56386;cal_roto;5;D;timeout;rx_timeout;0;3783;0;0;25;25
[RECV] BSDC91 notify: CR;1;56386;cal_roto;5;E;timeout;rx_timeout;0;2516;0;0;50;50
[RECV] BSDC91 notify: CR;1;56386;cal_roto;5;F;timeout;rx_timeout;0;1800;0;0;25;25
[RECV] BSDC91 notify: CR;1;56386;cal_roto;5;G;timeout;rx_timeout;0;3192;0;0;33;33
[RECV] BSDC91 notify: CR;1;56386;cal_roto;5;H;timeout;rx_timeout;0;3012;0;0;50;50
[RECV] BSF66F notify: CM;1;16723;4;timeout;0;3774;70;7;3|CM;1;16723;5;timeout;0;2378;70;7;3|CM;1;16723;6;timeout;0;1994;70;7;3
[RECV] BSF66F notify: CR;1;16724;cal_static;4;E;timeout;rx_timeout;0;3774;0;0;70;70
[RECV] BSF66F notify: CR;1;16724;cal_static;4;F;timeout;rx_timeout;0;2378;0;0;70;70
[RECV] BSF66F notify: CR;1;16724;cal_static;4;G;timeout;rx_timeout;0;1994;0;0;70;70
[RECV] BSF66F notify: CR;1;16724;cal_static;4;H;timeout;rx_timeout;0;3457;0;0;70;70
[RECV] BSF66F notify: CF;1;16724;cal_static;4;pending;70;4;0;0;0;0
[RECV] BSF66F notify: CS;1;16724;cal_static;4;70;E,F,G,H;timeout,timeout,timeout,timeout;70,70,70,70
[RECV] BS2DCE notify: CM;1;52764;0;timeout;0;3353;50;5;5
[RECV] BS2DCE notify: CM;1;52764;1;timeout;0;2281;40;4;6|CM;1;52764;2;timeout;0;2894;50;5;5|CM;1;52764;3;timeout;0;3461;50;5;5
[RECV] BS2DCE notify: CM;1;52764;4;timeout;0;3143;50;5;5|CM;1;52764;5;timeout;0;2087;50;5;5|CM;1;52764;6;timeout;0;2566;50;5;5
[RECV] BS2DCE notify: CR;1;52765;cal_roto;5;A;timeout;rx_timeout;0;3353;0;0;50;50
[RECV] BS2DCE notify: CR;1;52765;cal_roto;5;B;timeout;rx_timeout;0;2281;0;0;40;40
[RECV] BS2DCE notify: CR;1;52765;cal_roto;5;C;timeout;rx_timeout;0;2894;0;0;50;50
[RECV] BS2DCE notify: CR;1;52765;cal_roto;5;D;timeout;rx_timeout;0;3461;0;0;50;50
[RECV] BS2DCE notify: CR;1;52765;cal_roto;5;E;timeout;rx_timeout;0;3143;0;0;50;50
[RECV] BS2DCE notify: CR;1;52765;cal_roto;5;F;timeout;rx_timeout;0;2087;0;0;50;50
[RECV] BS2DCE notify: CR;1;52765;cal_roto;5;G;timeout;rx_timeout;0;2566;0;0;50;50
[RECV] BSDC91 notify: CM;1;56386;0;timeout;0;3108;23;3;10
[RECV] BSDC91 notify: CM;1;56386;1;timeout;0;2592;46;6;7|CM;1;56386;2;timeout;0;3133;46;6;7|CM;1;56386;3;timeout;0;3783;23;3;10
[RECV] BSDC91 notify: CM;1;56386;4;timeout;0;2516;46;6;7|CM;1;56386;5;timeout;0;1800;23;3;10|CM;1;56386;6;timeout;0;3192;30;4;9
[RECV] BSDC91 notify: CR;1;56387;cal_roto;5;A;timeout;rx_timeout;0;3108;0;0;23;23
[RECV] BSDC91 notify: CR;1;56387;cal_roto;5;B;timeout;rx_timeout;0;2592;0;0;46;46
[RECV] BSDC91 notify: CR;1;56387;cal_roto;5;C;timeout;rx_timeout;0;3133;0;0;46;46
[RECV] BSDC91 notify: CR;1;56387;cal_roto;5;D;timeout;rx_timeout;0;3783;0;0;23;23
[RECV] BSDC91 notify: CR;1;56387;cal_roto;5;E;timeout;rx_timeout;0;2516;0;0;46765;5[RECV] BSDC91 notify: CR;1;56387;cal_roto;5;F;timeout;rx_timeout;0;1800;0;0;23;23
[RECV] BSDC91 notify: CR;1;56387;cal_roto;5;G;timeout;rx_timeout;0;3192;0;0;30;30
[RECV] BSF66F notify: CM;1;16724;0;timeout;0;3707;60;6;4|CM;1;16724;1;timeout;0;2521;60;6;4
[RECV] BSF66F notify: CR;1;16725;cal_static;4;A;timeout;rx_timeout;0;3707;0;0;60;60
[RECV] BSF66F notify: CR;1;16725;cal_static;4;B;timeout;rx_timeout;0;2521;0;0;60;60
[RECV] BSF66F notify: CR;1;16725;cal_static;4;C;timeout;rx_timeout;0;2142;0;0;60;60
[RECV] BSF66F notify: CR;1;16725;cal_static;4;D;timeout;rx_timeout;0;3578;0;0;60;60
[RECV] BSF66F notify: CF;1;16725;cal_static;4;pending;60;4;0;0;0;0
[RECV] BSF66F notify: CS;1;16725;cal_static;4;60;A,B,C,D;timeout,timeout,timeout,timeout;60,60,60,60
[RECV] BS2DCE notify: CM;1;52765;0;timeout;0;3353;45;5;6|CM;1;52765;1;timeout;0;2281;36;4;7
[RECV] BS2DCE notify: CM;1;52765;2;timeout;0;2894;45;5;6|CM;1;52765;3;timeout;0;3461;45;5;6|CM;1;52765;4;timeout;0;3143;45;5;6
[RECV] BS2DCE notify: CM;1;52765;5[RECV] BSF66F notify: CS;1;16727;cal_static;4;54;A,B,C,D;timeout,timeout,timeout,timeout;54,54,54,54
[RECV] BSDC91 notify: CM;1;56389;0;timeout;0;3108;18;3;13
[RECV] BSDC91 notify: CM;1;56389;1;timeout;0;2592;37;6;10|CM;1;56389;2;timeout;0;3133;37;6;10|CM;1;56389;3;timeout;0;3783;18;3;13
[RECV] BSDC91 notify: CM;1;56389;4;timeout;0;2516;37;6;10|CM;1;56389;5;timeout;0;1800;18;3;13|CM;1;56389;6;timeout;0;3192;25;4;12
[RECV] BS2DCE notify: CM;1;52767;0;timeout;0;3353;38;5;8
[RECV] BS2DCE notify: CM;1;52767;1;timeout;0;2281;30;4;9|CM;1;52767;2;timeout;0;2894;38;5;8|CM;1;52767;3;timeout;0;3461;38;5;8
[RECV] BS2DCE notify: CM;1;52767;4;timeout;0;3143;38;5;8|CM;1;52767;5;timeout;0;2087;38;5;8|CM;1;52767;6;timeout;0;2566;38;5;8
[RECV] BSDC91 notify: CR;1;56390;cal_roto;5;A;timeout;rx_timeout;0;3108;0;0;18;18
[RECV] BSDC91 notify: CR;1;56390;cal_roto;5;B;timeout;rx_timeout;0;2592;0;0;37;37
[RECV] BSDC91 notify: CR;1;56390;cal_roto;5;C;timeout;rx_timeout;0;3133;0;0;37;37
[RECV] BSDC91 notify: CR;1;56390;cal_roto;5;D;timeout;rx_timeout;0;3783;0;0;18;18
[RECV] BSDC91 notify: CR;1;56390;cal_roto;5;E;timeout;rx_timeout;0;2516;0;0;37;37
[RECV] BS2DCE notify: CR;1;52768;cal_roto;5;A;timeout;rx_timeout;0;3353;0;0;38;38
[RECV] BS2DCE notify: CR;1;52768;cal_roto;5;B;timeout;rx_timeout;0;2281;0;0;30;30
[RECV] BS2DCE notify: CR;1;52768;cal_roto;5;C;timeout;rx_timeout;0;2894;0;0;38;38
[RECV] BS2DCE notify: CR;1;52768;cal_roto;5;D;timeout;rx_timeout;0;3461;0;0;38;38
[RECV] BS2DCE notify: CR;1;52768;cal_roto;5;E;timeout;rx_timeout;0;3143;0;0;38;38
[RECV] BSDC91 notify: CR;1;56390;cal_roto;5;F;timeout;rx_timeout;0;1800;0;0;18;18
[RECV] BSDC91 notify: CR;1;56390;cal_roto;5;G;timeout;rx_timeout;0;3192;0;0;25;25
[RECV] BS2DCE notify: CR;1;52768;cal_roto;5;F;timeout;rx_timeout;0;2087;0;0;38;38
[RECV] BS2DCE notify: CR;1;52768;cal_roto;5;G;timeout;rx_timeout;0;2566;0;0;38;38
[RECV] BSF66F notify: CM;1;16727;4;timeout;0;3774;58;7;5|CM;1;16727;5;timeout;0;2378;58;7;5
[RECV] BSF66F notify: CR;1;16728;cal_static;4;E;timeout;rx_timeout;0;3774;0;0;58;58
[RECV] BSF66F notify: CR;1;16728;cal_static;4;F;timeout;rx_timeout;0;2378;0;0;58;58
[RECV] BSF66F notify: CR;1;16728;cal_static;4;G;timeout;rx_timeout;0;1994;0;0;58;58
[RECV] BSF66F notify: CR;1;16728;cal_static;4;H;timeout;rx_timeout;0;3457;0;0;58;58
[RECV] BSF66F notify: CF;1;16728;cal_static;4;pending;58;4;0;0;0;0
[RECV] BSF66F notify: CS;1;16728;cal_static;4;58;E,F,G,H;timeout,timeout,timeout,timeout;58,58,58,58
[RECV] BS2DCE notify: CM;1;52768;0;timeout;0;3353;35;5;9|CM;1;52768;1;timeout;0;2281;28;4;10
[RECV] BS2DCE notify: CM;1;52768;2;timeout;0;2894;35;5;9|CM;1;52768;3;timeout;0;3461;35;5;9|CM;1;52768;4;timeout;0;3143;35;5;9
[RECV] BS2DCE notify: CM;1;52768;5;timeout;0;2087;35;5;9|CM;1;52768;6;timeout;0;2566;35;5;9|CM;1;52768;7;timeout;0;2704;21;3;11
[RECV] BSDC91 notify: CM;1;56390;1;timeout;0;2592;35;6;11|CM;1;56390;2;timeout;0;3133;35;6;11
[RECV] BS2DCE notify: CR;1;52769;cal_roto;5;A;timeout;rx_timeout;0;3353;0;0;35;35
[RECV] BS2DCE notify: CR;1;52769;cal_roto;5;B;timeout;rx_timeout;0;2281;0;0;28;28
[RECV] BS2DCE notify: CR;1;52769;cal_roto;5;C;timeout;rx_timeout;0;2894;0;0;35;35
[RECV] BS2DCE notify: CR;1;52769;cal_roto;5;D;timeout;rx_timeout;0;3461;0;0;35;35
[RECV] BS2DCE notify: CR;1;52769;cal_roto;5;E;timeout;rx_timeout;0;3143;0;0;35;35
[RECV] BS2DCE notify: CR;1;52769;cal_roto;5;F;timeout;rx_timeout;0;2087;0;0;35;35
[RECV] BS2DCE notify: CR;1;52769;cal_roto;5;G;timeout;rx_timeout;0;2566;0;0;35;35
[RECV] BSDC91 notify: CR;1;56391;cal_roto;5;B;timeout;rx_timeout;0;2592;0;0;35;35
[RECV] BSDC91 notify: CR;1;56391;cal_roto;5;C;timeout;rx_timeout;0;3133;0;0;35;35
[RECV] BSDC91 notify: CR;1;56391;cal_roto;5;E;timeout;rx_timeout;0;2516;0;0;35;35
[RECV] BSDC91 notify: CR;1;56391;cal_roto;5;H;timeout;rx_timeout;0;3012;0;0;35;35
[RECV] BSDC91 notify: CF;1;56391;cal_roto;5;pending;35;4;0;0;0;0
[RECV] BSDC91 notify: CS;1;56391;cal_roto;5;35;B,C,E,H;timeout,timeout,timeout,timeout;35,35,35,35
[RECV] BSF66F notify: CM;1;16728;0;timeout;0;3707;50;6;6
[RECV] BSF66F notify: CM;1;16728;1;timeout;0;2521;50;6;6|CM;1;16728;2;timeout;0;2142;50;6;6|CM;1;16728;3;timeout;0;3578;50;6;6
[RECV] BSF66F notify: CR;1;16729;cal_static;4;A;timeout;rx_timeout;0;3707;0;0;50;50
[RECV] BSF66F notify: CR;1;16729;cal_static;4;B;timeout;rx_timeout;0;2521;0;0;50;50
[RECV] BS2DCE notify: CM;1;52769;2;timeout;0;2894;33;5;10|CM;1;52769;3;timeout;0;3461;33;5;10|CM;1;52769;4;timeout;0;3143;33;5;10
[RECV] BSF66F notify: CR;1;16729;cal_static;4;C;timeout;rx_timeout;0;2142;0;0;50;50
[RECV] BSF66F notify: CR;1;16729;cal_static;4;D;timeout;rx_timeout;0;3578;0;0;50;50
[RECV] BSF66F notify: CF;1;16729;cal_static;4;pending;50;4;0;0;0;0
[RECV] BSDC91 notify: CM;1;56391;1;timeout;0;2592;33;6;12
[RECV] BSF66F notify: CS;1;16729;cal_static;4;50;A,B,C,D;timeout,timeout,timeout,timeout;50,50,50,50
[RECV] BS2DCE notify: CR;1;52770;cal_roto;5;C;timeout;rx_timeout;0;2894;0;0;33;33
[RECV] BS2DCE notify: CR;1;52770;cal_roto;5;D;timeout;rx_timeout;0;3461;0;0;33;33
[RECV] BS2DCE notify: CR;1;52770;cal_roto;5;E;timeout;rx_timeout;0;3143;0;0;33;33
[RECV] BS2DCE notify: CR;1;52770;cal_roto;5;G;timeout;rx_timeout;0;2566;0;0;33;33
[RECV] BS2DCE notify: CF;1;52770;cal_roto;5;pending;33;4;0;0;0;0
[RECV] BS2DCE notify: CS;1;52770;cal_roto;5;33;C,D,E,G;timeout,timeout,timeout,timeout;33,33,33,33
[RECV] BSDC91 notify: CM;1;56391;2;timeout;0;3133;33;6;12|CM;1;56391;4;timeout;0;2516;33;6;12|CM;1;56391;7;timeout;0;3012;33;6;12
[RECV] BSDC91 notify: CR;1;56392;cal_roto;5;B;timeout;rx_timeout;0;2592;0;0;33;33
[RECV] BSDC91 notify: CR;1;56392;cal_roto;5;C;timeout;rx_timeout;0;3133;0;0;33;33
[RECV] BSDC91 notify: CR;1;56392;cal_roto;5;E;timeout;rx_timeout;0;2516;0;0;33;33
[RECV] BSDC91 notify: CR;1;56392;cal_roto;5;H;timeout;rx_timeout;0;3012;0;0;33;33
[RECV] BSDC91 notify: CF;1;56392;cal_roto;5;pending;33;4;0;0;0;0
[RECV] BSDC91 notify: CS;1;56392;cal_roto;5;33;B,C,E,H;timeout,timeout,timeout,timeout;33,33,33,33
[RECV] BSF66F notify: CM;1;16729;4;timeout;0;3774;53;7;6|CM;1;16729;5;timeout;0;2378;53;7;6|CM;1;16729;6;timeout;0;1994;53;7;6
[RECV] BSF66F notify: CR;1;16730;cal_static;4;E;timeout;rx_timeout;0;3774;0;0;53;53
[RECV] BSF66F notify: CR;1;16730;cal_static;4;F;timeout;rx_timeout;0;2378;0;0;53;53
[RECV] BSF66F notify: CR;1;16730;cal_static;4;G;timeout;rx_timeout;0;1994;0;0;53;53
[RECV] BS2DCE notify: CM;1;52770;0;timeout;0;3353;33;5;10|CM;1;52770;2;timeout;0;2894;31;5;11
[RECV] BSF66F notify: CR;1;16730;cal_static;4;H;timeout;rx_timeout;0;3457;0;0;53;53
[RECV] BSF66F notify: CF;1;16730;cal_static;4;pending;53;4;0;0;0;0
[RECV] BSF66F notify: CS;1;16730;cal_static;4;53;E,F,G,H;timeout,timeout,timeout,timeout;53,53,53,53
[RECV] BSDC91 notify: CM;1;56392;1;timeout;0;2592;31;6;13|CM;1;56392;2;timeout;0;3133;31;6;13|CM;1;56392;4;timeout;0;2516;31;6;13
[RECV] BS2DCE notify: CR;1;52771;cal_roto;5;C;timeout;rx_timeout;0;2894;0;0;31;31
[RECV] BS2DCE notify: CR;1;52771;cal_roto;5;A;timeout;rx_timeout;0;3353;0;0;33;33
[RECV] BS2DCE notify: CR;1;52771;cal_roto;5;F;timeout;rx_timeout;0;2087;0;0;33;33
[RECV] BS2DCE notify: CR;1;52771;cal_roto;5;G;timeout;rx_timeout;0;2566;0;0;31;31
[RECV] BS2DCE notify: CF;1;52771;cal_roto;5;pending;32;4;0;0;0;0
[RECV] BS2DCE notify: CS;1;52771;cal_roto;5;32;C,A,F,G;timeout,timeout,timeout,timeout;31,33,33,31
[RECV] BSDC91 notify: CR;1;56393;cal_roto;5;C;timeout;rx_timeout;0;3133;0;0;31;31
[RECV] BSDC91 notify: CR;1;56393;cal_roto;5;B;timeout;rx_timeout;0;2592;0;0;31;31
[RECV] BSDC91 notify: CR;1;56393;cal_roto;5;E;timeout;rx_timeout;0;2516;0;0;31;31
[RECV] BSDC91 notify: CR;1;56393;cal_roto;5;H;timeout;rx_timeout;0;3012;0;0;31;31
[RECV] BSDC91 notify: CF;1;56393;cal_roto;5;pending;31;4;0;0;0;0
[RECV] BSDC91 notify: CS;1;56393;cal_roto;5;31;C,B,E,H;timeout,timeout,timeout,timeout;31,31,31,31
[RECV] BS2DCE notify: CM;1;52771;3;timeout;0;3461;31;5;11
[RECV] BSF66F notify: CM;1;16730;0;timeout;0;3707;46;6;7|CM;1;16730;1;timeout;0;2521;46;6;7
[RECV] BSF66F notify: CR;1;16731;cal_static;4;A;timeout;rx_timeout;0;3707;0;0;46;46
[RECV] BSF66F notify: CR;1;16731;cal_static;4;B;timeout;rx_timeout;0;2521;0;0;46;46
[RECV] BSF66F notify: CR;1;16731;cal_static;4;C;timeout;rx_timeout;0;2142;0;0;46;46
[[HOST_WARN 5560.500] controller reopened; reconfigure recv/tdma session
[HOST_CMD 5560.500] mode recv
RECV] BSDC91 notify: CM;1;56393;1;timeout;0;2592;30;6;14|CM;1;56393;2;timeout;0;3133;30;6;14
[RECV] One-shot NUS command cleared (runtime)
[RECV] Master quiesce peer[0]: connected=1 ready=1 link=nus uuid=-
[RECV] Master quiesce peer[1]: connected=1 ready=1 link=nus uuid=-
[RECV] Master quiesce peer[2]: connected=1 ready=1 link=nus uuid=-
[RECV] Peer clear wait: waited=0 conn_count=3 ready_count=0
[RECV] Peer clear wait timeout: conn_count=3 ready_count=0
[RECV] RECV clean slate requires reboot: stale BLE links did not clear
[RECV] Control mode staged: RECV
*** Booting nRF Connect SDK v2.8.0-a2386bfc8401 ***
*** Using Zephyr OS v3.7.99-0bc3393fb112 ***
[RECV] LED map: 1=AUTOPOS 2=RECV 3=OTA 4=FLOW
[RECV] Control mode loaded: RECV
[RECV] UART control ready: type 'status' or 'mode recv'/'mode ota'/'mode autopos'
OTA_STATE:target_configured detail=token
OTA NUS stage: enabled
OTA target filter: token=-1 name=- prefix=BS uuid=-
[RECV] BioSpur BLE master control ready on nrf5340dk/nrf5340/cpuapp
[RECV] BTN1 toggles RECV/OTA, BTN2 forces OTA mode, BTN3=SCAN, BTN4=CONN&START
[RECV] Commands: status | mode recv | mode ota | mode autopos | scan | conn | initiate
[RECV] OTA runtime cmds: ota_reset | ota show | ota version
[RECV] Runtime NUS cmds: cmd <raw> | oneshot <raw> | oneshot show | oneshot clear
[RECV] TDMA cmds: tdma show | tdma profile <BSxxxx> <static|roto|motion> | tdma freq <static|roto|motion> <hz> | tdma rebalance
[RECV] Device model cmds: device show | device kind <anchor|tag>
[RECV] OTA target cmds: ota_target show | ota_target token <id|-1>SETUP[0] defer: waiting 138 ms before discovery start
SETUP[1] defer: waiting 209 ms before discovery start
[RECV] PHY updated[1]: tx=0x2 rx=0x2
SETUP[0] defer: waiting 87 ms before discovery start
SETUP[1] defer: waiting 159 ms before discovery start
[RECV] Connected[2]: D5:53:48:EF:8F:59 (random) name=- bs=BSDC91
[RECV] CONNECT state[2]: link=nus uuid=- ready=0 conn=0x200021c0
SETUP[0] defer: waiting 37 ms before discovery start
SETUP[1] defer: waiting 108 ms before discovery start
SETUP[2] defer: waiting 318 ms before discovery start
SETUP[0] begin: link=nus uuid=- conn=0x20002020
SETUP[0] mtu_exchange rc=0
SETUP[0] phy_update rc=0
SETUP[0] conn_param_update rc=0
[RECV] DISC start[0]: link=nus uuid=- conn=0x20002020
SETUP[1] defer: global discovery busy
SETUP[2] defer: global discovery busy
[RECV] MTU exchange[0] done (498)
SETUP[1] defer: global discovery busy
SETUP[2] defer: global discovery busy
[RECV] Conn param updated[0]: int=6 lat=0 to=400
[RECV] PHY updated[0]: tx=0x2 rx=0x2
SETUP[1] defer: global discovery busy
SETUP[2] defer: global discovery busy
SETUP[1] defer: global discovery busy
SETUP[2] defer: global discovery busy
[RECV] PHY updated[2]: tx=0x2 rx=0x2
SETUP[1] defer: global discovery busy
SETUP[2] defer: global discovery busy
SETUP[1] defer: global discovery busy
SETUP[2] defer: global discovery busy
SETUP[1] defer: global discovery busy
SETUP[2] defer: global discovery busy
SETUP[1] defer: global discovery busy
SETUP[2] defer: global discovery busy
[RECV] DISC complete[0]: link=nus discovered_service=2800 uuid=-
[RECV] BLE[0] link ready
[RECV] CFG assigned[0]: bs=BSF66F tag=1 slot=0/10 mask=0x0021 period=40 active=24 gen=1 pmode=0
[RECV] TDMA weighted[0]: bs=BSF66F profile=motion target=5Hz mask=0x0021 slots=2/10 actual_x100=500 epoch_delay=3000
[RECV] SCAN start req: bt_ready=1 scan_running=0 connecting_slot=-1 conn_count=3 target=unknown prefix=BS
[RECV] Scanning for BS*
SETUP[1] begin: link=nus uuid=- conn=0x200020f0
SETUP[1] mtu_exchange rc=0
SETUP[1] phy_update rc=0
SETUP[1] conn_param_update rc=0
[RECV] DISC start[1]: link=nus uuid=- conn=0x200020f0
[RECV] BSF66F notify: CM;1;16754;0;timeout;0;3707;24;6;19
[RECV] BSF66F notify: CM;1;16754;1;timeout;0;2521;24;6;19
SETUP[2] defer: global discovery busy
[RECV] MTU exchange[1] done (498)
[RECV] BSF66F notify: CFG_OK TAG=1 SLOT=0/10 MASK=0x0021 PERIOD=40 ACTIVE=24 GEN=1 LIVE=1
[RECV] CFG confirmed[0]: tag=1 slot=0/10 mask=0x0021 period=40 active=24 gen=1 live=1
SETUP[2] defer: global discovery busy
[RECV] Conn param updated[1]: int=6 lat=0 to=400
[RECV] PHY updated[1]: tx=0x2 rx=0x2
SETUP[2] defer: global discovery busy
SETUP[2] defer: global discovery busy
SETUP[2] defer: global discovery busy
SETUP[2] defer: global discovery busy
SETUP[2] defer: global discovery busy
SETUP[2] defer: global discovery busy
SETUP[2] defer: global discovery busy
[RECV] DISC complete[1]: link=nus discovered_service=2800 uuid=-
[RECV] BLE[1] link ready
[RECV] CFG assigned[1]: bs=BS2DCE tag=1 slot=0/10 mask=0x0021 period=40 active=24 gen=2 pmode=0
[RECV] TDMA weighted[0]: bs=BS2DCE profile=motion target=5Hz mask=0x0021 slots=2/10 actual_x100=500 epoch_delay=3000
[RECV] CFG assigned[0]: bs=BSF66F tag=2 slot=3/10 mask=0x0108 period=40 active=24 gen=2 pmode=0
[RECV] TDMA weighted[1]: bs=BSF66F profile=motion target=5Hz mask=0x0108 slots=2/10 actual_x100=500 epoch_delay=2999
SETUP[2] begin: link=nus uuid=- conn=0x200021c0
SETUP[2] mtu_exchange rc=0
SETUP[2] phy_update rc=0
SETUP[2] conn_param_update rc=0
[RECV] DISC start[2]: link=nus uuid=- conn=0x200021c0
[RECV] BS2DCE notify: CM;1;52797;4;timeout;0;3143;15;5;27
[RECV] BSF66F notify: CFG_OK TAG=2 SLOT=3/10 MASK=0x0108 PERIOD=40 ACTIVE=24 GEN=2 LIVE=1
[RECV] CFG confirmed[0]: tag=2 slot=3/10 mask=0x0108 period=40 active=24 gen=2 live=1
[RECV] MTU exchange[2] done (498)
[RECV] Conn param updated[2]: int=6 lat=0 to=400
[RECV] BS2DCE notify: CFG_OK TAG=1 SLOT=0/10 MASK=0x0021 PERIOD=40 ACTIVE=24 GEN=2 LIVE=1
[RECV] CFG confirmed[1]: tag=1 slot=0/10 mask=0x0021 period=40 active=24 gen=2 live=1
[RECV] BS2DCE notify: CR;1;52798;cal_roto;5;A;timeout;rx_timeout;0;3353;0;0;17;17
[RECV] BS2DCE notify: CR;1;52798;cal_roto;5;D;timeout;rx_timeout;0;3461;0;0;16;16
[RECV] BS2DCE notify: CR;1;52798;cal_roto;5;E;timeout;rx_timeout;0;3143;0;0;15;15
[RECV] PHY updated[2]: tx=0x2 rx=0x2
[RECV] BS2DCE notify: CR;1;52798;cal_roto;5;F;timeout;rx_timeout;0;2087;0;0;16;16
[RECV] BS2DCE notify: CF;1;52798;cal_roto;5;pending;16;4;0;0;0;0
[RECV] BS2DCE notify: CS;1;52798;cal_roto;5;16;A,D,E,F;timeout,timeout,timeout,timeout;17,16,15,16
[RECV] DISC complete[2]: link=nus discovered_service=2800 uuid=-
[RECV] BLE[2] link ready
[RECV] CFG assigned[1]: bs=BS2DCE tag=1 slot=0/10 mask=0x0021 period=40 active=24 gen=3 pmode=0
[RECV] TDMA weighted[0]: bs=BS2DCE profile=motion target=5Hz mask=0x0021 slots=2/10 actual_x100=500 epoch_delay=3000
[RECV] CFG assigned[2]: bs=BSDC91 tag=2 slot=2/10 mask=0x0084 period=40 active=24 gen=3 pmode=0
[RECV] TDMA weighted[1]: bs=BSDC91 profile=motion target=5Hz mask=0x0084 slots=2/10 actual_x100=500 epoch_delay=2999
[RECV] CFG assigned[0]: bs=BSF66F tag=3 slot=3/10 mask=0x0108 period=40 active=24 gen=3 pmode=0
[RECV] TDMA weighted[2]: bs=BSF66F profile=motion target=5Hz mask=0x0108 slots=2/10 actual_x100=500 epoch_delay=2998
[RECV] BS2DCE notify: CFG_OK TAG=1 SLOT=0/10 MASK=0x0021 PERIOD=40 ACTIVE=24 GEN=3 LIVE=1
[RECV] CFG confirmed[1]: tag=1 slot=0/10 mask=0x0021 period=40 active=24 gen=3 live=1
[RECV] BSF66F notify: CFG_OK TAG=3 SLOT=3/10 MASK=0x0108 PERIOD=40 ACTIVE=24 GEN=3 LIVE=1
[RECV] CFG confirmed[0]: tag=3 slot=3/10 mask=0x0108 period=40 active=24 gen=3 live=1
[RECV] BSDC91 notify: CS;1;56421;cal_roto;5;12;A,C,H,F;timeout,timeout,timeout,timeout;12,12,13,13
[RECV] BSDC91 notify: CR;1;56422;cal_roto;5;B;timeout;rx_timeout;0;2592;0;0;12;12
[RECV] BSDC91 notify: CR;1;56422;cal_roto;5;D;timeout;rx_timeout;0;3783;0;0;12;12
[RECV] BSDC91 notify: CR;1;56422;cal_roto;5;E;timeout;rx_timeout;0;2516;0;0;13;13
[RECV] BSDC91 notify: CR;1;56422;cal_roto;5;G;timeout;rx_timeout;0;3192;0;0;13;13
[RECV] BSDC91 notify: CFG_OK TAG=2 SLOT=2/10 MASK=0x0084 PERIOD=40 ACTIVE=24 GEN=3 LIVE=1
[RECV] CFG confirmed[2]: tag=2 slot=2/10 mask=0x0084 period=40 active=24 gen=3 live=1
[RECV] BSDC91 notify: CF;1;56422;cal_roto;5;pending;12;4;0;0;0;0
[RECV] BSDC91 notify: CS;1;56422;cal_roto;5;12;B,D,E,G;timeout,timeout,timeout,timeout;12,12,13,13
[RECV] Conn param updated[0]: int=6 lat=0 to=400
[RECV] Conn param updated[1]: int=6 lat=0 to=400
[RECV] Conn param updated[2]: int=6 lat=0 to=400
[HOST_WARN 5577.427] read failed after 'mode recv'; reopened serial and continued
[HOST_CMD 5577.427] tdma clear
[RECV] TDMA profiles cleared
[RECV] CFG assigned[1]: bs=BS2DCE tag=1 slot=0/10 mask=0x0021 period=40 active=24 gen=4 pmode=0
[RECV] TDMA weighted[0]: bs=BS2DCE profile=motion target=5Hz mask=0x0021 slots=2/10 actual_x100=500 epoch_delay=3000
[RECV] CFG assigned[2]: bs=BSDC91 tag=2 slot=2/10 mask=0x0084 period=40 active=24 gen=4 pmode=0
[RECV] TDMA weighted[1]: bs=BSDC91 profile=motion target=5Hz mask=0x0084 slots=2/10 actual_x100=500 epoch_delay=2999
[RECV] CFG assigned[0]: bs=BSF66F tag=3 slot=3/10 mask=0x0108 period=40 active=24 gen=4 pmode=0
[RECV] TDMA weighted[2]: bs=BSF66F profile=motion target=5Hz mask=0x0108 slots=2/10 actual_x100=500 epoch_delay=2998
[RECV] tdma clear rc=0
[RECV] BS2DCE notify: CFG_OK TAG=1 SLOT=0/10 MASK=0x0021 PERIOD=40 ACTIVE=24 GEN=4 LIVE=1
[RECV] CFG confirmed[1]: tag=1 slot=0/10 mask=0x0021 period=40 active=24 gen=4 live=1
[RECV] BSDC91 notify: CFG_OK TAG=2 SLOT=2/10 MASK=0x0084 PERIOD=40 ACTIVE=24 GEN=4 LIVE=1
[RECV] CFG confirmed[2]: tag=2 slot=2/10 mask=0x0084 period=40 active=24 gen=4 live=1
[RECV] BSF66F notify: CFG_OK TAG=3 SLOT=3/10 MASK=0x0108 PERIOD=40 ACTIVE=24 GEN=4 LIVE=1
[RECV] CFG confirmed[0]: tag=3 slot=3/10 mask=0x0108 period=40 active=24 gen=4 live=1
[HOST_CMD 5578.312] device kind tag
OTA NUS stage: enabled
[RECV] One-shot NUS command cleared (runtime)
[RECV] Master disconnecting peer[0]: bs=BSF66F
[RECV] Master disconnecting peer[1]: bs=BS2DCE
[RECV] Master disconnecting peer[2]: bs=BSDC91
[RECV] device kind set: tag (OTA target preserved)
[RECV] Master discovery mode: CONN & START
[RECV] Peer clear wait: waited=0 conn_count=3 ready_count=0
[HOST_CMD 5580.324] ota_target token -1
[HOST_CMD 5580.929] ota_target name -
[RECV] Peer clear wait timeout: conn_count=3 ready_count=0
[RECV] SCAN start req: bt_ready=1 scan_running=0 connecting_slot=-1 conn_count=3 target=tag prefix=BS
[RECV] Scanning for BS*
[RECV] System target: kind=tag caps=0x0f (config=1 ota=1 stream=1 status=1)
OTA target filter: token=-1 name=- prefix=BS uuid=-
[RECV] ota_target name rc=0 value=-
OTA target filter: token=-1 name=- prefix=BS uuid=-
[RECV] Disconnected[2]: D5:53:48:EF:8F:59 (random) reason=0x16 link=nus ready=1
[RECV] CFG send failed[1]: tag=1 slot=0 err=-128
[RECV] TDMA weighted[0]: bs=BS2DCE profile=motion target=5Hz mask=0x0021 slots=2/10 actual_x100=500 epoch_delay=3000
[RECV] CFG send failed[0]: tag=2 slot=3 err=-128
[RECV] TDMA weighted[1]: bs=BSF66F profile=motion target=5Hz mask=0x0108 slots=2/10 actual_x100=500 epoch_delay=3000
[RECV] Disconnected[0]: FC:9A:15:34:AB:20 (random) reason=0x16 link=nus ready=1
[RECV] CFG send failed[1]: tag=1 slot=0 err=-128
[RECV] TDMA weighted[0]: bs=BS2DCE profile=motion target=5Hz mask=0x0021 slots=2/10 actual_x100=500 epoch_delay=3000
[RECV] Disconnected[1]: FF:5E:D2:80:EA:D2 (random) reason=0x16 link=nus ready=1
[RECV] SCAN hit: D5:53:48:EF:8F:59 (random) rssi=-60 name=- bs=BSDC91 uuid=- target=tag uuid_ok=1 tag_name=0 anchor_name=0 nus=0 dfu=1 token=1 props=0x03
[RECV] CONNECT queue[0]: addr=D5:53:48:EF:8F:59 (random) link=nus uuid=- target=tag
[HOST_CMD 5581.539] ota_target uuid -
[RECV] ota_target uuid rc=0 value=-
OTA target filter: token=-1 name=- prefix=BS uuid=-
[RECV] SCAN hit: FF:5E:D2:80:EA:D2 (random) rssi=-54 name=- bs=BS2DCE uuid=- target=tag uuid_ok=1 tag_name=0 anchor_name=0 nus=0 dfu=1 token=1 props=0x03
[RECV] CONNECT queue[1]: addr=FF:5E:D2:80:EA:D2 (random) link=nus uuid=- target=tag
[RECV] SCAN hit: FC:9A:15:34:AB:20 (random) rssi=-58 name=- bs=BSF66F uuid=- target=tag uuid_ok=1 tag_name=0 anchor_name=0 nus=0 dfu=1 token=1 props=0x03
[RECV] CONNECT queue[2]: addr=FC:9A:15:34:AB:20 (random) link=nus uuid=- target=tag
[RECV] CONNECT pending[0]: addr_valid=1 link=nus uuid=- scan_running=1 conn_count=0
[RECV] CONNECT pending[0]: bt_le_scan_stop rc=0 scan_running=1
[RECV] CONNECT pending[0] rc=0 conn=0x20002020
[RECV] Connected[0]: D5:53:48:EF:8F:59 (random) name=- bs=BSDC91
[RECV] CONNECT state[0]: link=nus uuid=- ready=0 conn=0x20002020
SETUP[0] defer: waiting 305 ms before discovery start
SETUP[0] defer: waiting 254 ms before discovery start
[RECV] PHY updated[0]: tx=0x2 rx=0x2
SETUP[0] defer: waiting 204 ms before discovery start
SETUP[0] defer: waiting 154 ms before discovery start
[RECV] CONNECT pending[1]: addr_valid=1 link=nus uuid=- scan_running=0 conn_count=1
[RECV] CONNECT pending[1] rc=0 conn=0x200020f0
SETUP[0] defer: waiting 102 ms before discovery start
SETUP[0] defer: waiting 52 ms before discovery start
[RECV] Connected[1]: FF:5E:D2:80:EA:D2 (random) name=- bs=BS2DCE
[RECV] CONNECT state[1]: link=nus uuid=- ready=0 conn=0x200020f0
[RECV] CONNECT pending[2]: addr_valid=1 link=nus uuid=- scan_running=0 conn_count=2
[RECV] CONNECT pending[2] rc=0 conn=0x200021c0
SETUP[0] begin: link=nus uuid=- conn=0x20002020
SETUP[0] mtu_exchange rc=0
SETUP[0] phy_update rc=0
SETUP[0] conn_param_update rc=0
[RECV] DISC start[0]: link=nus uuid=- conn=0x20002020
SETUP[1] defer: global discovery busy
[RECV] Connected[2]: FC:9A:15:34:AB:20 (random) name=- bs=BSF66F
[RECV] CONNECT state[2]: link=nus uuid=- ready=0 conn=0x200021c0
[[HOST_CMD 5582.060] ota_target prefix BS
RECV] MTU exchange[0] done (498)
[RECV] ota_target prefix rc=0 value=bs
OTA target filter: token=-1 name=- prefix=bs uuid=-
SETUP[1] defer: global discovery busy
SETUP[2] defer: global discovery busy
[RECV] Conn param updated[0]: int=6 lat=0 to=400
[RECV] PHY updated[0]: tx=0x2 rx=0x2
SETUP[1] defer: global discovery busy
SETUP[2] defer: global discovery busy
SETUP[1] defer: global discovery busy
SETUP[2] defer: global discovery busy
SETUP[1] defer: global discovery busy
SETUP[2] defer: global discovery busy
[RECV] PHY updated[1]: tx=0x2 rx=0x2
SETUP[1] defer: global discovery busy
SETUP[2] defer: global discovery busy
[RECV] PHY updated[2]: tx=0x2 rx=0x2
SETUP[1] defer: global discovery busy
SETUP[2] defer: global discovery busy
SETUP[1] defer: global discovery busy
SETUP[2] defer: global discovery busy
SETUP[1] defer: global discovery busy
SETUP[2] defer: global discovery busy
[RECV] DISC complete[0]: link=nus discovered_service=2800 uuid=-
[RECV] BLE[0] link ready
[RECV] CFG assigned[0]: bs=BSDC91 tag=1 slot=0/10 mask=0x0021 period=40 active=24 gen=7 pmode=0
[RECV] TDMA weighted[0]: bs=BSDC91 profile=motion target=5Hz mask=0x0021 slots=2/10 actual_x100=500 epoch_delay=3000
[RECV] SCAN start req: bt_ready=1 scan_running=0 connecting_slot=-1 conn_count=3 target=tag prefix=BS
[RECV] Scanning for BS*
SETUP[1] begin: link=nus uuid=- conn=0x200020f0
SETUP[1] mtu_exchange rc=0
SETUP[1] phy_update rc=0
SETUP[1] conn_param_update rc=0
[RECV] DISC start[1]: link=nus uuid=- conn=0x200020f0
SETUP[2] defer: global discovery busy
[RECV] MTU exchange[1] done (498)
SETUP[2] defer: global discovery busy
[RECV] BSDC91 notify: CS;1;56422;cal_roto;5;12;B,D,E,G;timeout,timeout,timeout,timeout;12,12,13,13
[RECV] Conn param updated[1]: int=6 lat=0 to=400
[[HOST_CMD 5582.562] ota_target show
RECV] PHY updated[1]: tx=0x2 rx=0x2
OTA target filter: token=-1 name=- prefix=bs uuid=-
SETUP[2] defer: global discovery busy
[RECV] BSDC91 notify: CFG_OK TAG=1 SLOT=0/10 MASK=0x0021 PERIOD=40 ACTIVE=24 GEN=7 LIVE=1
[RECV] CFG confirmed[0]: tag=1 slot=0/10 mask=0x0021 period=40 active=24 gen=7 live=1
SETUP[2] defer: global discovery busy
SETUP[2] defer: global discovery busy
SETUP[2] defer: global discovery busy
SETUP[2] defer: global discovery busy
SETUP[2] defer: global discovery busy
SETUP[2] defer: global discovery busy
[RECV] DISC complete[1]: link=nus discovered_service=2800 uuid=-
[RECV] BLE[1] link ready
[RECV] CFG assigned[1]: bs=BS2DCE tag=1 slot=0/10 mask=0x0021 period=40 active=24 gen=8 pmode=0
[RECV] TDMA weighted[0]: bs=BS2DCE profile=motion target=5Hz mask=0x0021 slots=2/10 actual_x100=500 epoch_delay=3000
[RECV] CFG assigned[0]: bs=BSDC91 tag=2 slot=3/10 mask=0x0108 period=40 active=24 gen=8 pmode=0
[RECV] TDMA weighted[1]: bs=BSDC91 profile=motion target=5Hz mask=0x0108 slots=2/10 actual_x100=500 epoch_delay=2999
SETUP[2] begin: link=nus uuid=- conn=0x200021c0
SETUP[2] mtu_exchange rc=0
SETUP[2] phy_update rc=0
SETUP[2] conn_param_update rc=0
[RECV] DISC start[2]: link=nus uuid=- conn=0x200021c0
[RECV] BS2DCE notify: CS;1;52798;cal_roto;5;16;A,D,E,F;timeout,timeout,timeout,timeout;17,16,15,16
[RECV] BSDC91 notify: CFG_OK TAG=2 SLOT=3/10 MASK=0x0108 PERIOD=40 ACTIVE=24 GEN=8 LIVE=1
[RECV] CFG confirmed[0]: tag=2 slot=3/10 mask=0x0108 period=40 active=24 gen=8 live=1
[RECV] MTU exchange[2] done (498)
[RECV] Conn param updated[2]: int=6 lat=0 to=400
[RECV] BS2DCE notify: CFG_OK TAG=1 SLOT=0/10 MASK=0x0021 PERIOD=40 ACTIVE=24 GEN=8 LIVE=1
[RECV] CFG confirmed[1]: tag=1 slot=0/10 mask=0x0021 period=40 active=24 gen=8 live=1
[RECV] PHY updated[2]: tx=0x2 rx=0x2
[HOST_CMD 5583.213] scan
[RECV] Master discovery mode: SCAN only
[RECV] Master disconnecting peer[0]: bs=BSDC91
[RECV] Master disconnecting peer[1]: bs=BS2DCE
[RECV] Master disconnecting peer[2]: bs=BSF66F
[RECV] SCAN start req: bt_ready=1 scan_running=0 connecting_slot=-1 conn_count=3 target=tag prefix=BS
[RECV] Scanning for BS*
[RECV] Disconnected[2]: FC:9A:15:34:AB:20 (random) reason=0x16 link=nus ready=0
[RECV] CFG send failed[1]: tag=1 slot=0 err=-128
[RECV] TDMA weighted[0]: bs=BS2DCE profile=motion target=5Hz mask=0x0021 slots=2/10 actual_x100=500 epoch_delay=3000
[RECV] CFG send failed[0]: tag=2 slot=3 err=-128
[RECV] TDMA weighted[1]: bs=BSDC91 profile=motion target=5Hz mask=0x0108 slots=2/10 actual_x100=500 epoch_delay=2999
[RECV] GATT discovery error[-1]: -12
[RECV] Disconnected[1]: FF:5E:D2:80:EA:D2 (random) reason=0x16 link=nus ready=1
[RECV] CFG send failed[0]: tag=1 slot=0 err=-128
[RECV] TDMA weighted[0]: bs=BSDC91 profile=motion target=5Hz mask=0x0021 slots=2/10 actual_x100=500 epoch_delay=3000
[RECV] Disconnected[0]: D5:53:48:EF:8F:59 (random) reason=0x16 link=nus ready=1
[RECV] SCAN hit: FF:5E:D2:80:EA:D2 (random) rssi=-54 name=- bs=BS2DCE uuid=- target=tag uuid_ok=1 tag_name=0 anchor_name=0 nus=0 dfu=1 token=1 props=0x03
[RECV] SCAN hit: D5:53:48:EF:8F:59 (random) rssi=-60 name=- bs=BSDC91 uuid=- target=tag uuid_ok=1 tag_name=0 anchor_name=0 nus=0 dfu=1 token=1 props=0x03
[RECV] SCAN hit: FC:9A:15:34:AB:20 (random) rssi=-59 name=- bs=BSF66F uuid=- target=tag uuid_ok=1 tag_name=0 anchor_name=0 nus=0 dfu=1 token=1 props=0x03
[HOST_CMD 5584.120] conn
[RECV] Master discovery mode: CONN & START
[RECV] CONNECT pending[0]: addr_valid=1 link=nus uuid=- scan_running=1 conn_count=0
[RECV] CONNECT pending[0]: bt_le_scan_stop rc=0 scan_running=1
[RECV] CONNECT pending[0] rc=0 conn=0x20002020
[RECV] Connected[0]: FF:5E:D2:80:EA:D2 (random) name=- bs=BS2DCE
[RECV] CONNECT state[0]: link=nus uuid=- ready=0 conn=0x20002020
[RECV] CONNECT pending[1]: addr_valid=1 link=nus uuid=- scan_running=0 conn_count=1
[RECV] CONNECT pending[1] rc=0 conn=0x200020f0
SETUP[0] defer: waiting 348 ms before discovery start
[RECV] Connected[1]: D5:53:48:EF:8F:59 (random) name=- bs=BSDC91
[RECV] CONNECT state[1]: link=nus uuid=- ready=0 conn=0x200020f0
[RECV] CONNECT pending[2]: addr_valid=1 link=nus uuid=- scan_running=0 conn_count=2
[RECV] CONNECT pending[2] rc=0 conn=0x200021c0
SETUP[0] defer: waiting 296 ms before discovery start
SETUP[1] defer: waiting 303 ms before discovery start
[RECV] Connected[2]: FC:9A:15:34:AB:20 (random) name=- bs=BSF66F
[RECV] CONNECT state[2]: link=nus uuid=- ready=0 conn=0x200021c0
SETUP[0] defer: waiting 245 ms before discovery start
SETUP[1] defer: waiting 252 ms before discovery start
SETUP[2] defer: waiting 330 ms before discovery start
SETUP[0] defer: waiting 195 ms before discovery start
SETUP[1] defer: waiting 201 ms before discovery start
SETUP[2] defer: waiting 279 ms before discovery start
[RECV] PHY updated[0]: tx=0x2 rx=0x2
SETUP[0] defer: waiting 144 ms before discovery start
SETUP[1] defer: waiting 151 ms before discovery start
SETUP[2] defer: waiting 228 ms before discovery start
[RECV] PHY updated[1]: tx=0x2 rx=0x2
SETUP[0] defer: waiting 93 ms before discovery start
SETUP[1] defer: waiting 100 ms before discovery start
SETUP[2] defer: waiting 178 ms before discovery start
SETUP[0] defer: waiting 42 ms before discovery start
SETUP[1] defer: waiting 49 ms before discovery start
SETUP[2] defer: waiting 127 ms before discovery start
[RECV] PHY updated[2]: tx=0x2 rx=0x2
SETUP[0] begin: link=nus uuid=- conn=0x20002020
SETUP[0] mtu_exchange rc=0
SETUP[0] phy_update rc=0
SETUP[0] conn_param_update rc=0
[RECV] DISC start[0]: link=nus uuid=- conn=0x20002020
SETUP[1] defer: global discovery busy
SETUP[2] defer: global discovery busy
[RECV] MTU exchange[0] done (498)
SETUP[1] defer: global discovery busy
SETUP[2] defer: global discovery busy
[RECV] Conn param updated[0]: int=6 lat=0 to=400
[RECV] PHY updated[0]: tx=0x2 rx=0x2
SETUP[1] defer: global discovery busy
SETUP[2] defer: global discovery busy
SETUP[1] defer: global discovery busy
SETUP[2] defer: global discovery busy
SETUP[1] defer: global discovery busy
SETUP[2] defer: global discovery busy
SETUP[1] defer: global discovery busy
SETUP[2] defer: global discovery busy
SETUP[1] defer: global discovery busy
SETUP[2] defer: global discovery busy
SETUP[1] defer: global discovery busy
SETUP[2] defer: global discovery busy
[RECV] DISC complete[0]: link=nus discovered_service=2800 uuid=-
[RECV] BLE[0] link ready
[RECV] CFG assigned[0]: bs=BS2DCE tag=1 slot=0/10 mask=0x0021 period=40 active=24 gen=11 pmode=0
[RECV] TDMA weighted[0]: bs=BS2DCE profile=motion target=5Hz mask=0x0021 slots=2/10 actual_x100=500 epoch_delay=3000
[RECV] SCAN start req: bt_ready=1 scan_running=0 connecting_slot=-1 conn_count=3 target=tag prefix=BS
[RECV] Scanning for BS*
SETUP[1] begin: link=nus uuid=- conn=0x200020f0
SETUP[1] mtu_exchange rc=0
SETUP[1] phy_update rc=0
SETUP[1] conn_param_update rc=0
[RECV] DISC start[1]: link=nus uuid=- conn=0x200020f0
SETUP[2] defer: global discovery busy
[RECV] BS2DCE notify: CS;1;52798;cal_roto;5;16;A,D,E,F;timeout,timeout,timeout,timeout;17,16,15,16
[RECV] MTU exchange[1] done (498)
SETUP[2] defer: global discovery busy
[RECV] BS2DCE notify: CFG_OK TAG=1 SLOT=0/10 MASK=0x0021 PERIOD=40 ACTIVE=24 GEN=11 LIVE=1
[RECV] CFG confirmed[0]: tag=1 slot=0/10 mask=0x0021 period=40 active=24 gen=11 live=1
[RECV] Conn param updated[1]: int=6 lat=0 to=400
[RECV] PHY updated[1]: tx=0x2 rx=0x2
SETUP[2] defer: global discovery busy
SETUP[2] defer: global discovery busy
SETUP[2] defer: global discovery busy
SETUP[2] defer: global discovery busy
SETUP[2] defer: global discovery busy
SETUP[2] defer: global discovery busy
SETUP[2] defer: global discovery busy
[RECV] DISC complete[1]: link=nus discovered_service=2800 uuid=-
[RECV] BLE[1] link ready
[RECV] CFG assigned[0]: bs=BS2DCE tag=1 slot=0/10 mask=0x0021 period=40 active=24 gen=12 pmode=0
[RECV] TDMA weighted[0]: bs=BS2DCE profile=motion target=5Hz mask=0x0021 slots=2/10 actual_x100=500 epoch_delay=3000
[RECV] CFG assigned[1]: bs=BSDC91 tag=2 slot=3/10 mask=0x0108 period=40 active=24 gen=12 pmode=0
[RECV] TDMA weighted[1]: bs=BSDC91 profile=motion target=5Hz mask=0x0108 slots=2/10 actual_x100=500 epoch_delay=2999
SETUP[2] begin: link=nus uuid=- conn=0x200021c0
SETUP[2] mtu_exchange rc=0
SETUP[2] phy_update rc=0
SETUP[2] conn_param_update rc=0
[RECV] DISC start[2]: link=nus uuid=- conn=0x200021c0
[RECV] BSDC91 notify: CS;1;56422;cal_roto;5;12;B,D,E,G;timeout,timeout,timeout,timeout;12,12,13,13
[RECV] MTU exchange[2] done (498)
[RECV] BS2DCE notify: CFG_OK TAG=1 SLOT=0/10 MASK=0x0021 PERIOD=40 ACTIVE=24 GEN=12 LIVE=1
[RECV] CFG confirmed[0]: tag=1 slot=0/10 mask=0x0021 period=40 active=24 gen=12 live=1
[RECV] Conn param updated[2]: int=6 lat=0 to=400
[RECV] BSDC91 notify: CFG_OK TAG=2 SLOT=3/10 MASK=0x0108 PERIOD=40 ACTIVE=24 GEN=12 LIVE=1
[RECV] CFG confirmed[1]: tag=2 slot=3/10 mask=0x0108 period=40 active=24 gen=12 live=1
[RECV] PHY updated[2]: tx=0x2 rx=0x2
[RECV] DISC complete[2]: link=nus discovered_service=2800 uuid=-
[RECV] BLE[2] link ready
[RECV] CFG assigned[0]: bs=BS2DCE tag=1 slot=0/10 mask=0x0021 period=40 active=24 gen=13 pmode=0
[RECV] TDMA weighted[0]: bs=BS2DCE profile=motion target=5Hz mask=0x0021 slots=2/10 actual_x100=500 epoch_delay=3000
[RECV] CFG assigned[1]: bs=BSDC91 tag=2 slot=2/10 mask=0x0084 period=40 active=24 gen=13 pmode=0
[RECV] TDMA weighted[1]: bs=BSDC91 profile=motion target=5Hz mask=0x0084 slots=2/10 actual_x100=500 epoch_delay=2999
[RECV] CFG assigned[2]: bs=BSF66F tag=3 slot=3/10 mask=0x0108 period=40 active=24 gen=13 pmode=0
[RECV] TDMA weighted[2]: bs=BSF66F profile=motion target=5Hz mask=0x0108 slots=2/10 actual_x100=500 epoch_delay=2998
[RECV] BSF66F notify: CS;1;16754;cal_static;4;28;E,F,G,H;timeout,timeout,timeout,timeout;28,28,28,28
[RECV] BS2DCE notify: CFG_OK TAG=1 SLOT=0/10 MASK=0x0021 PERIOD=40 ACTIVE=24 GEN=13 LIVE=1
[RECV] CFG confirmed[0]: tag=1 slot=0/10 mask=0x0021 period=40 active=24 gen=13 live=1
[RECV] BSDC91 notify: CFG_OK TAG=2 SLOT=2/10 MASK=0x0084 PERIOD=40 ACTIVE=24 GEN=13 LIVE=1
[RECV] CFG confirmed[1]: tag=2 slot=2/10 mask=0x0084 period=40 active=24 gen=13 live=1
[RECV] BSF66F notify: CFG_OK TAG=3 SLOT=3/10 MASK=0x0108 PERIOD=40 ACTIVE=24 GEN=13 LIVE=1
[RECV] CFG confirmed[2]: tag=3 slot=3/10 mask=0x0108 period=40 active=24 gen=13 live=1
[RECV] Conn param updated[0]: int=6 lat=0 to=400
[RECV] Conn param updated[1]: int=6 lat=0 to=400
[RECV] Conn param updated[2]: int=6 lat=0 to=400
[HOST_CMD 5589.957] ota_target token -1
[RECV] ota_target token rc=0 value=-1
OTA target filter: token=-1 name=- prefix=bs uuid=-
[HOST_CMD 5590.565] ota_target name -
[RECV] ota_target name rc=0 value=-
OTA target filter: token=-1 name=- prefix=bs uuid=-
[HOST_CMD 5591.168] ota_target prefix -
[RECV] ota_target prefix rc=0 value=-
OTA target filter: token=-1 name=- prefix=- uuid=-
[HOST_CMD 5591.771] ota_target uuid -
[RECV] ota_target uuid rc=0 value=-
OTA target filter: token=-1 name=- prefix=- uuid=-
[HOST_CMD 5592.374] tdma profile BSF66F static
[RECV] TDMA profile set: BSF66F -> static
[RECV] CFG assigned[0]: bs=BS2DCE tag=1 slot=0/10 mask=0x0021 period=40 active=24 gen=14 pmode=0
[RECV] TDMA weighted[0]: bs=BS2DCE profile=motion target=5Hz mask=0x0021 slots=2/10 actual_x100=500 epoch_delay=3000
[RECV] CFG assigned[1]: bs=BSDC91 tag=2 slot=2/10 mask=0x0084 period=40 active=24 gen=14 pmode=0
[RECV] TDMA weighted[1]: bs=BSDC91 profile=motion target=5Hz mask=0x0084 slots=2/10 actual_x100=500 epoch_delay=2999
[RECV] CFG assigned[2]: bs=BSF66F tag=3 slot=3/10 mask=0x0108 period=40 active=24 gen=14 pmode=4
[RECV] TDMA weighted[2]: bs=BSF66F profile=static target=5Hz mask=0x0108 slots=2/10 actual_x100=500 epoch_delay=2998
[RECV] tdma profile rc=0 target=BSF66F profile=static
[RECV] BS2DCE notify: CFG_OK TAG=1 SLOT=0/10 MASK=0x0021 PERIOD=40 ACTIVE=24 GEN=14 LIVE=1
[RECV] CFG confirmed[0]: tag=1 slot=0/10 mask=0x0021 period=40 active=24 gen=14 live=1
[RECV] BSF66F notify: CFG_OK TAG=3 SLOT=3/10 MASK=0x0108 PERIOD=40 ACTIVE=24 GEN=14 LIVE=1
[RECV] CFG confirmed[2]: tag=3 slot=3/10 mask=0x0108 period=40 active=24 gen=14 live=1
[RECV] BSDC91 notify: CFG_OK TAG=2 SLOT=2/10 MASK=0x0084 PERIOD=40 ACTIVE=24 GEN=14 LIVE=1
[RECV] CFG confirmed[1]: tag=2 slot=2/10 mask=0x0084 period=40 active=24 gen=14 live=1
[RECV] BSF66F notify: CR;1;16759;cal_static;4;A;pending;not_measured;0;0;0;0;0;0
[RECV] BSF66F notify: CR;1;16759;cal_static;4;B;pending;not_measured;0;0;0;0;0;0
[RECV] BSF66F notify: CR;1;16759;cal_static;4;C;pending;not_measured;0;0;0;0;0;0
[RECV] BSF66F notify: CR;1;16759;cal_static;4;D;pending;not_measured;0;0;0;0;0;0
[RECV] BSF66F notify: CF;1;16759;cal_static;4;pending;0;4;0;0;0;0
[RECV] BSF66F notify: CS;1;16759;cal_static;4;0;A,B,C,D;pending,pending,pending,pending;0,0,0,0
[HOST_CMD 5593.333] tdma profile BS2DCE roto
[RECV] TDMA profile set: BS2DCE -> roto
[RECV] CFG assigned[0]: bs=BS2DCE tag=1 slot=0/10 mask=0x02B5 period=40 active=24 gen=15 pmode=5
[RECV] TDMA weighted[0]: bs=BS2DCE profile=roto target=15Hz mask=0x02B5 slots=6/10 actual_x100=1500 epoch_delay=3000
[RECV] CFG assigned[1]: bs=BSDC91 tag=2 slot=1/10 mask=0x0042 period=40 active=24 gen=15 pmode=0
[RECV] TDMA weighted[1]: bs=BSDC91 profile=motion target=5Hz mask=0x0042 slots=2/10 actual_x100=500 epoch_delay=2999
[RECV] CFG assigned[2]: bs=BSF66F tag=3 slot=3/10 mask=0x0108 period=40 active=24 gen=15 pmode=4
[RECV] TDMA weighted[2]: bs=BSF66F profile=static target=5Hz mask=0x0108 slots=2/10 actual_x100=500 epoch_delay=2997
[RECV] tdma profile rc=0 target=BS2DCE profile=roto
[RECV] BS2DCE notify: CFG_OK TAG=1 SLOT=0/10 MASK=0x02B5 PERIOD=40 ACTIVE=24 GEN=15 LIVE=1
[RECV] CFG confirmed[0]: tag=1 slot=0/10 mask=0x02B5 period=40 active=24 gen=15 live=1
[RECV] BSDC91 notify: CFG_OK TAG=2 SLOT=1/10 MASK=0x0042 PERIOD=40 ACTIVE=24 GEN=15 LIVE=1
[RECV] CFG confirmed[1]: tag=2 slot=1/10 mask=0x0042 period=40 active=24 gen=15 live=1
[RECV] BSF66F notify: CFG_OK TAG=3 SLOT=3/10 MASK=0x0108 PERIOD=40 ACTIVE=24 GEN=15 LIVE=1
[RECV] CFG confirmed[2]: tag=3 slot=3/10 mask=0x0108 period=40 active=24 gen=15 live=1
[HOST_CMD 5594.202] tdma profile BSDC91 roto
[RECV] TDMA profile set: BSDC91 -> roto
[RECV] CFG assigned[0]: bs=BS2DCE tag=1 slot=0/3 mask=0x0001 period=40 active=24 gen=16 pmode=5
[RECV] TDMA weighted[0]: bs=BS2DCE profile=roto target=15Hz mask=0x0001 slots=1/3 actual_x100=833 epoch_delay=3000
[RECV] CFG assigned[1]: bs=BSDC91 tag=2 slot=1/3 mask=0x0002 period=40 active=24 gen=16 pmode=5
[RECV] TDMA weighted[1]: bs=BSDC91 profile=roto target=15Hz mask=0x0002 slots=1/3 actual_x100=833 epoch_delay=2999
[RECV] CFG assigned[2]: bs=BSF66F tag=3 slot=2/3 mask=0x0004 period=40 active=24 gen=16 pmode=4
[RECV] TDMA weighted[2]: bs=BSF66F profile=static target=5Hz mask=0x0004 slots=1/3 actual_x100=833 epoch_delay=2998
[RECV] tdma profile rc=0 target=BSDC91 profile=roto
[RECV] BS2DCE notify: CFG_OK TAG=1 SLOT=0/3 MASK=0x0001 PERIOD=40 ACTIVE=24 GEN=16 LIVE=1
[RECV] CFG confirmed[0]: tag=1 slot=0/3 mask=0x0001 period=40 active=24 gen=16 live=1
[RECV] BSDC91 notify: CFG_OK TAG=2 SLOT=1/3 MASK=0x0002 PERIOD=40 ACTIVE=24 GEN=16 LIVE=1
[RECV] CFG confirmed[1]: tag=2 slot=1/3 mask=0x0002 period=40 active=24 gen=16 live=1
[RECV] BSF66F notify: CFG_OK TAG=3 SLOT=2/3 MASK=0x0004 PERIOD=40 ACTIVE=24 GEN=16 LIVE=1
[RECV] CFG confirmed[2]: tag=3 slot=2/3 mask=0x0004 period=40 active=24 gen=16 live=1
[HOST_CMD 5595.072] tdma freq static 5
[RECV] TDMA freq set: static=5Hz
[RECV] CFG assigned[0]: bs=BS2DCE tag=1 slot=0/3 mask=0x0001 period=40 active=24 gen=17 pmode=5
[RECV] TDMA weighted[0]: bs=BS2DCE profile=roto target=15Hz mask=0x0001 slots=1/3 actual_x100=833 epoch_delay=3000
[RECV] CFG assigned[1]: bs=BSDC91 tag=2 slot=1/3 mask=0x0002 period=40 active=24 gen=17 pmode=5
[RECV] TDMA weighted[1]: bs=BSDC91 profile=roto target=15Hz mask=0x0002 slots=1/3 actual_x100=833 epoch_delay=2999
[RECV] CFG assigned[2]: bs=BSF66F tag=3 slot=2/3 mask=0x0004 period=40 active=24 gen=17 pmode=4
[RECV] TDMA weighted[2]: bs=BSF66F profile=static target=5Hz mask=0x0004 slots=1/3 actual_x100=833 epoch_delay=2998
[RECV] tdma freq rc=0 profile=static hz=5
[RECV] BS2DCE notify: CFG_OK TAG=1 SLOT=0/3 MASK=0x0001 PERIOD=40 ACTIVE=24 GEN=17 LIVE=1
[RECV] CFG confirmed[0]: tag=1 slot=0/3 mask=0x0001 period=40 active=24 gen=17 live=1
[RECV] BSDC91 notify: CFG_OK TAG=2 SLOT=1/3 MASK=0x0002 PERIOD=40 ACTIVE=24 GEN=17 LIVE=1
[RECV] CFG confirmed[1]: tag=2 slot=1/3 mask=0x0002 period=40 active=24 gen=17 live=1
[RECV] BSF66F notify: CFG_OK TAG=3 SLOT=2/3 MASK=0x0004 PERIOD=40 ACTIVE=24 GEN=17 LIVE=1
[RECV] CFG confirmed[2]: tag=3 slot=2/3 mask=0x0004 period=40 active=24 gen=17 live=1
[[HOST_CMD 5595.598] tdma freq roto 10
RECV] BSDC91 notify: CM;1;56427;0;timeout;0;0;0;0;1|CM;1;56427;1;timeout;0;0;0;0;1|CM;1;56427;2;timeout;0;0;0;0;1
[RECV] TDMA freq set: roto=10Hz
[RECV] CFG assigned[0]: bs=BS2DCE tag=1 slot=0/10 mask=0x0129 period=40 active=24 gen=18 pmode=5
[RECV] TDMA weighted[0]: bs=BS2DCE profile=roto target=10Hz mask=0x0129 slots=4/10 actual_x100=1000 epoch_delay=3000
[RECV] CFG assigned[1]: bs=BSDC91 tag=2 slot=1/10 mask=0x0252 period=40 active=24 gen=18 pmode=5
[RECV] TDMA weighted[1]: bs=BSDC91 profile=roto target=10Hz mask=0x0252 slots=4/10 actual_x100=1000 epoch_delay=2999
[RECV] CFG assigned[2]: bs=BSF66F tag=3 slot=2/10 mask=0x0084 period=40 active=24 gen=18 pmode=4
[RECV] TDMA weighted[2]: bs=BSF66F profile=static target=5Hz mask=0x0084 slots=2/10 actual_x100=500 epoch_delay=2998
[RECV] tdma freq rc=0 profile=roto hz=10
[RECV] BSDC91 notify: CM;1;56427;3;timeout;0;0;0;0;1|CM;1;56427;4;timeout;0;0;0;0;1|CM;1;56427;5;timeout;0;0;0;0;1
[RECV] BSF66F notify: CR;1;16760;cal_static;4;A;pending;not_measured;0;0;0;0;0;0
[RECV] BSF66F notify: CR;1;16760;cal_static;4;B;pending;not_measured;0;0;0;0;0;0
[RECV] BSF66F notify: CR;1;16760;cal_static;4;C;pending;not_measured;0;0;0;0;0;0
[RECV] BSF66F notify: CR;1;16760;cal_static;4;D;pending;not_measured;0;0;0;0;0;0
[RECV] BSF66F notify: CF;1;16760;cal_static;4;pending;0;4;0;0;0;0
[RECV] BSDC91 notify: CR;1;56428;cal_roto;5;A;timeout;rx_timeout;0;0;0;0;0;0
[RECV] BSDC91 notify: CR;1;56428;cal_roto;5;B;timeout;rx_timeout;0;0;0;0;0;0
[RECV] BSDC91 notify: CR;1;56428;cal_roto;5;C;timeout;rx_timeout;0;0;0;0;0;0
[RECV] BSDC91 notify: CR;1;56428;cal_roto;5;D;timeout;rx_timeout;0;0;0;0;0;0
[RECV] BSDC91 notify: CR;1;56428;cal_roto;5;E;timeout;rx_timeout;0;0;0;0;0;0
[RECV] BSF66F notify: CS;1;16760;cal_static;4;0;A,B,C,D;pending,pending,pending,pending;0,0,0,0
[RECV] BSDC91 notify: CR;1;56428;cal_roto;5;F;timeout;rx_timeout;0;0;0;0;0;0
[RECV] BSDC91 notify: CR;1;56428;cal_roto;5;G;timeout;rx_timeout;0;0;0;0;0;0
[RECV] BSDC91 notify: CR;1;56428;cal_roto;5;H;timeout;rx_timeout;0;0;0;0;0;0
[RECV] BSDC91 notify: CFG_OK TAG=2 SLOT=1/10 MASK=0x0252 PERIOD=40 ACTIVE=24 GEN=18 LIVE=1
[RECV] CFG confirmed[1]: tag=2 slot=1/10 mask=0x0252 period=40 active=24 gen=18 live=1
[RECV] BSF66F notify: CFG_OK TAG=3 SLOT=2/10 MASK=0x0084 PERIOD=40 ACTIVE=24 GEN=18 LIVE=1
[RECV] CFG confirmed[2]: tag=3 slot=2/10 mask=0x0084 period=40 active=24 gen=18 live=1
[RECV] BS2DCE notify: CFG_OK TAG=1 SLOT=0/10 MASK=0x0129 PERIOD=40 ACTIVE=24 GEN=18 LIVE=1
[RECV] CFG confirmed[0]: tag=1 slot=0/10 mask=0x0129 period=40 active=24 gen=18 live=1
[RECV] BS2DCE notify: CM;1;52803;0;timeout;0;0;0;0;1|CM;1;52803;1;timeout;0;0;0;0;1
[RECV] BS2DCE notify: CM;1;52803;1;timeout;0;0;0;0;1|CM;1;52803;2;timeout;0;0;0;0;1|CM;1;52803;3;timeout;0;0;0;0;1
[RECV] BS2DCE notify: CM;1;52803;4;timeout;0;0;0;0;1|CM;1;52803;5;timeout;0;0;0;0;1|CM;1;52803;6;timeout;0;0;0;0;1
[RECV] BS2DCE notify: CR;1;52804;cal_roto;5;A;timeout;rx_timeout;0;0;0;0;0;0
[RECV] BS2DCE notify: CR;1;52804;cal_roto;5;B;timeout;rx_timeout;0;0;0;0;0;0
[RECV] BS2DCE notify: CR;1;52804;cal_roto;5;C;timeout;rx_timeout;0;0;0;0;0;0
[RECV] BS2DCE notify: CR;1;52804;cal_roto;5;D;timeout;rx_timeout;0;0;0;0;0;0
[RECV] BS2DCE notify: CR;1;52804;cal_roto;5;E;timeout;rx_timeout;0;0;0;0;0;0
[RECV] BS2DCE notify: CR;1;52804;cal_roto;5;F;timeout;rx_timeout;0;0;0;0;0;0
[HOST_CMD 5596.202] tdma freq motion 5
[RECV] TDMA freq set: motion=5Hz
[RECV] CFG assigned[0]: bs=BS2DCE tag=1 slot=0/10 mask=0x0129 period=40 active=24 gen=19 pmode=5
[RECV] TDMA weighted[0]: bs=BS2DCE profile=roto target=10Hz mask=0x0129 slots=4/10 actual_x100=1000 epoch_delay=3000
[RECV] CFG assigned[1]: bs=BSDC91 tag=2 slot=1/10 mask=0x0252 period=40 active=24 gen=19 pmode=5
[RECV] TDMA weighted[1]: bs=BSDC91 profile=roto target=10Hz mask=0x0252 slots=4/10 actual_x100=1000 epoch_delay=2999
[RECV] CFG assigned[2]: bs=BSF66F tag=3 slot=2/10 mask=0x0084 period=40 active=24 gen=19 pmode=4
[RECV] TDMA weighted[2]: bs=BSF66F profile=static target=5Hz mask=0x0084 slots=2/10 actual_x100=500 epoch_delay=2998
[RECV] tdma freq rc=0 profile=motion hz=5
[RECV] BS2DCE notify: CFG_OK TAG=1 SLOT=0/10 MASK=0x0129 PERIOD=40 ACTIVE=24 GEN=19 LIVE=1
[RECV] CFG confirmed[0]: tag=1 slot=0/10 mask=0x0129 period=40 active=24 gen=19 live=1
[RECV] BSF66F notify: CFG_OK TAG=3 SLOT=2/10 MASK=0x0084 PERIOD=40 ACTIVE=24 GEN=19 LIVE=1
[RECV] CFG confirmed[2]: tag=3 slot=2/10 mask=0x0084 period=40 active=24 gen=19 live=1
[RECV] BSDC91 notify: CFG_OK TAG=2 SLOT=1/10 MASK=0x0252 PERIOD=40 ACTIVE=24 GEN=19 LIVE=1
[RECV] CFG confirmed[1]: tag=2 slot=1/10 mask=0x0252 period=40 active=24 gen=19 live=1
[HOST_CMD 5596.874] tdma rebalance
[RECV] CFG assigned[0]: bs=BS2DCE tag=1 slot=0/10 mask=0x0129 period=40 active=24 gen=20 pmode=5
[RECV] TDMA weighted[0]: bs=BS2DCE profile=roto target=10Hz mask=0x0129 slots=4/10 actual_x100=1000 epoch_delay=3000
[RECV] CFG assigned[1]: bs=BSDC91 tag=2 slot=1/10 mask=0x0252 period=40 active=24 gen=20 pmode=5
[RECV] TDMA weighted[1]: bs=BSDC91 profile=roto target=10Hz mask=0x0252 slots=4/10 actual_x100=1000 epoch_delay=2999
[RECV] CFG assigned[2]: bs=BSF66F tag=3 slot=2/10 mask=0x0084 period=40 active=24 gen=20 pmode=4
[RECV] TDMA weighted[2]: bs=BSF66F profile=static target=5Hz mask=0x0084 slots=2/10 actual_x100=500 epoch_delay=2998
[RECV] tdma rebalance rc=0
[RECV] BS2DCE notify: CFG_OK TAG=1 SLOT=0/10 MASK=0x0129 PERIOD=40 ACTIVE=24 GEN=20 LIVE=1
[RECV] CFG confirmed[0]: tag=1 slot=0/10 mask=0x0129 period=40 active=24 gen=20 live=1
[RECV] BSDC91 notify: CFG_OK TAG=2 SLOT=1/10 MASK=0x0252 PERIOD=40 ACTIVE=24 GEN=20 LIVE=1
[RECV] CFG confirmed[1]: tag=2 slot=1/10 mask=0x0252 period=40 active=24 gen=20 live=1
[RECV] BSF66F notify: CFG_OK TAG=3 SLOT=2/10 MASK=0x0084 PERIOD=40 ACTIVE=24 GEN=20 LIVE=1
[RECV] CFG confirmed[2]: tag=3 slot=2/10 mask=0x0084 period=40 active=24 gen=20 live=1
[HOST_CMD 5597.750] tdma show
[RECV] TDMA weighted scheduler: period=40ms active=24ms max_slots=12 freq motion=5Hz static=5Hz roto=10Hz
[RECV] TDMA profile: BSF66F -> static target=5Hz
[RECV] TDMA profile: BS2DCE -> roto target=10Hz
[RECV] TDMA profile: BSDC91 -> roto target=10Hz
[RECV] BSDC91 notify: CM;1;56428;0;timeout;0;0;0;0;1
[RECV] BSDC91 notify: CM;1;56428;1;timeout;0;0;0;0;1|CM;1;56428;2;timeout;0;0;0;0;1|CM;1;56428;3;timeout;0;0;0;0;1
[RECV] BSDC91 notify: CM;1;56428;4;timeout;0;0;0;0;1|CM;1;56428;5;timeout;0;0;0;0;1|CM;1;56428;6;timeout;0;0;0;0;1
[RECV] BSF66F notify: CR;1;16761;cal_static;4;A;pending;not_measured;0;0;0;0;0;0
[RECV] BSF66F notify: CR;1;16761;cal_static;4;B;pending;not_measured;0;0;0;0;0;0
[RECV] BSF66F notify: CR;1;16761;cal_static;4;C;pending;not_measured;0;0;0;0;0;0
[RECV] BSF66F notify: CR;1;16761;cal_static;4;D;pending;not_measured;0;0;0;0;0;0
[RECV] BSF66F notify: CF;1;16761;cal_static;4;pending;0;4;0;0;0;0
[RECV] BSDC91 notify: CR;1;56429;cal_roto;5;A;timeout;rx_timeout;0;0;0;0;0;0
[RECV] BSDC91 notify: CR;1;56429;cal_roto;5;B;timeout;rx_timeout;0;0;0;0;0;0
[RECV] BSDC91 notify: CR;1;56429;cal_roto;5;C;timeout;rx_timeout;0;0;0;0;0;0
[RECV] BSDC91 notify: CR;1;56429;cal_roto;5;D;timeout;rx_timeout;0;0;0;0;0;0
[RECV] BSDC91 notify: CR;1;56429;cal_roto;5;E;timeout;rx_timeout;0;0;0;0;0;0
[RECV] BSF66F notify: CS;1;16761;cal_static;4;0;A,B,C,D;pending,pending,pending,pending;0,0,0,0
[RECV] BSDC91 notify: CR;1;56429;cal_roto;5;F;timeout;rx_timeout;0;0;0;0;0;0
[RECV] BSDC91 notify: CR;1;56429;cal_roto;5;G;timeout;rx_timeout;0;0;0;0;0;0
[[HOST_CMD 5598.861] status
RECV] BS2DCE notify: CM;1;52804;0;timeout;0;0;0;0;1|CM;1;52804;1;timeout;0;0;0;0;1
[RECV] Control status: mode=RECV pending=0
[RECV] BS2DCE notify: CM;1;52804;2;timeout;0;0;0;0;1|CM;1;52804;3;timeout;0;0;0;0;1|CM;1;52804;4;timeout;0;0;0;0;1
[RECV] BS2DCE notify: CM;1;52804;5;timeout;0;0;0;0;1|CM;1;52804;6;timeout;0;0;0;0;1|CM;1;52804;7;timeout;0;0;0;0;1
[RECV] BS2DCE notify: CR;1;52805;cal_roto;5;A;timeout;rx_timeout;0;0;0;0;0;0
[RECV] BS2DCE notify: CR;1;52805;cal_roto;5;B;timeout;rx_timeout;0;0;0;0;0;0
[RECV] BS2DCE notify: CR;1;52805;cal_roto;5;C;timeout;rx_timeout;0;0;0;0;0;0
[RECV] BS2DCE notify: CR;1;52805;cal_roto;5;D;timeout;rx_timeout;0;0;0;0;0;0
[RECV] BS2DCE notify: CR;1;52805;cal_roto;5;E;timeout;rx_timeout;0;0;0;0;0;0
[RECV] BS2DCE notify: CR;1;52805;cal_roto;5;F;timeout;rx_timeout;0;0;0;0;0;0
[RECV] BS2DCE notify: CR;1;52805;cal_roto;5;G;timeout;rx_timeout;0;0;0;0;0;0
[HOST_CMD 5599.715] device show
[RECV] System target: kind=tag caps=0x0f (config=1 ota=1 stream=1 status=1)
OTA target filter: token=-1 name=- prefix=- uuid=-
[RECV] BSDC91 notify: CM;1;56429;0;timeout;0;0;0;0;2|CM;1;56429;1;timeout;0;0;0;0;2
[RECV] BSDC91 notify: CM;1;56429;2;timeout;0;0;0;0;2|CM;1;56429;3;timeout;0;0;0;0;2|CM;1;56429;4;timeout;0;0;0;0;2
[RECV] BSDC91 notify: CM;1;56429;5;timeout;0;0;0;0;2|CM;1;56429;6;timeout;0;0;0;0;2|CM;1;56429;7;timeout;0;0;0;0;2
[RECV] BSF66F notify: CM;1;16761;4;timeout;0;0;0;0;1|CM;1;16761;5;timeout;0;0;0;0;1|CM;1;16761;6;timeout;0;0;0;0;1
[RECV] BSF66F notify: CR;1;16762;cal_static;4;E;timeout;rx_timeout;0;0;0;0;0;0
[RECV] BSF66F notify: CR;1;16762;cal_static;4;F;timeout;rx_timeout;0;0;0;0;0;0
[RECV] BSF66F notify: CR;1;16762;cal_static;4;G;timeout;rx_timeout;0;0;0;0;0;0
[RECV] BSDC91 notify: CR;1;56430;cal_roto;5;A;timeout;rx_timeout;0;0;0;0;0;0
[RECV] BSDC91 notify: CR;1;56430;cal_roto;5;B;timeout;rx_timeout;0;0;0;0;0;0
[RECV] BSDC91 notify: CR;1;56430;cal_roto;5;C;timeout;rx_timeout;0;0;0;0;0;0
[RECV] BSDC91 notify: CR;1;56430;cal_roto;5;D;timeout;rx_timeout;0;0;0;0;0;0
[RECV] BSDC91 notify: CR;1;56430;cal_roto;5;E;timeout;rx_timeout;0;0;0;0;0;0
[RECV] BSF66F notify: CR;1;16762;cal_static;4;H;timeout;rx_timeout;0;0;0;0;0;0
[RECV] BSF66F notify: CF;1;16762;cal_static;4;pending;0;4;0;0;0;0
[RECV] BSF66F notify: CS;1;16762;cal_static;4;0;E,F,G,H;timeout,timeout,timeout,timeout;0,0,0,0
[RECV] BS2DCE notify: CM;1;52805;0;timeout;0;0;0;0;2|CM;1;52805;1;timeout;0;0;0;0;2|CM;1;52805;2;timeout;0;0;0;0;2
[RECV] BS2DCE notify: CM;1;52805;3;timeout;0;0;0;0;2|CM;1;52805;4;timeout;0;0;0;0;2|CM;1;52805;5;timeout;0;0;0;0;2
[RECV] BS2DCE notify: CR;1;52806;cal_roto;5;A;timeout;rx_timeout;0;0;0;0;0;0
[RECV] BS2DCE notify: CR;1;52806;cal_roto;5;B;timeout;rx_timeout;0;0;0;0;0;0
[RECV] BSDC91 notify: CR;1;56430;cal_roto;5;F;timeout;rx_timeout;0;0;0;0;0;0
[RECV] BSDC91 notify: CR;1;56430;cal_roto;5;G;timeout;rx_timeout;0;0;0;0;0;0
[RECV] BS2DCE notify: CR;1;52806;cal_roto;5;C;timeout;rx_timeout;0;0;0;0;0;0
[RECV] BS2DCE notify: CR;1;52806;cal_roto;5;D;timeout;rx_timeout;0;0;0;0;0;0
[RECV] BS2DCE notify: CR;1;52806;cal_roto;5;E;timeout;rx_timeout;0;0;0;0;0;0
[RECV] BS2DCE notify: CR;1;52806;cal_roto;5;F;timeout;rx_timeout;0;0;0;0;0;0
[RECV] BS2DCE notify: CR;1;52806;cal_roto;5;G;timeout;rx_timeout;0;0;0;0;0;0
[RECV] BS2DCE notify: CR;1;52806;cal_roto;5;H;timeout;rx_timeout;0;0;0;0;0;0
[RECV] BSDC91 notify: CM;1;56430;0;timeout;0;0;0;0;3|CM;1;56430;1;timeout;0;0;0;0;3|CM;1;56430;2;timeout;0;0;0;0;3
[RECV] BSDC91 notify: CM;1;56430;3;timeout;0;0;0;0;3|CM;1;56430;4;timeout;0;0;0;0;3|CM;1;56430;5;timeout;0;0;0;0;3
[RECV] BSDC91 notify: CR;1;56431;cal_roto;5;A;timeout;rx_timeout;0;0;0;0;0;0
[RECV] BSDC91 notify: CR;1;56431;cal_roto;5;B;timeout;rx_timeout;0;0;0;0;0;0
[RECV] BSDC91 notify: CR;1;56431;cal_roto;5;C;timeout;rx_timeout;0;0;0;0;0;0
[RECV] BSDC91 notify: CR;1;56431;cal_roto;5;D;timeout;rx_timeout;0;0;0;0;0;0
[RECV] BSDC91 notify: CR;1;56431;cal_roto;5;E;timeout;rx_timeout;0;0;0;0;0;0
[RECV] BSDC91 notify: CR;1;56431;cal_roto;5;F;timeout;rx_timeout;0;0;0;0;0;0
[RECV] BSDC91 notify: CR;1;56431;cal_roto;5;G;timeout;rx_timeout;0;0;0;0;0;0
[RECV] BSDC91 notify: CR;1;56431;cal_roto;5;H;timeout;rx_timeout;0;0;0;0;0;0
[RECV] BSF66F notify: CM;1;16762;0;timeout;0;0;0;0;1|CM;1;16762;1;timeout;0;0;0;0;1
[RECV] BSF66F notify: CR;1;16763;cal_static;4;A;timeout;rx_timeout;0;0;0;0;0;0
[RECV] BSF66F notify: CR;1;16763;cal_static;4;B;timeout;rx_timeout;0;0;0;0;0;0
[RECV] BSF66F notify: CR;1;16763;cal_static;4;C;timeout;rx_timeout;0;0;0;0;0;0
[RECV] BSF66F notify: CR;1;16763;cal_static;4;D;timeout;rx_timeout;0;0;0;0;0;0
[RECV] BSF66F notify: CF;1;16763;cal_static;4;pending;0;4;0;0;0;0
[RECV] BSF66F notify: CS;1;16763;cal_static;4;0;A,B,C,D;timeout,timeout,timeout,timeout;0,0,0,0
[RECV] BS2DCE notify: CM;1;52806;0;timeout;0;0;0;0;3
[RECV] BS2DCE notify: CM;1;52806;1;timeout;0;0;0;0;3|CM;1;52806;2;timeout;0;0;0;0;3|CM;1;52806;3;timeout;0;0;0;0;3
[RECV] BS2DCE notify: CM;1;52806;4;timeout;0;0;0;0;3|CM;1;52806;5;timeout;0;0;0;0;3|CM;1;52806;6;timeout;0;0;0;0;3
[RECV] BS2DCE notify: CR;1;52807;cal_roto;5;A;timeout;rx_timeout;0;0;0;0;0;0
[RECV] BS2DCE notify: CR;1;52807;cal_roto;5;B;timeout;rx_timeout;0;0;0;0;0;0
[RECV] BS2DCE notify: CR;1;52807;cal_roto;5;C;timeout;rx_timeout;0;0;0;0;0;0
[RECV] BS2DCE notify: CR;1;52807;cal_roto;5;D;timeout;rx_timeout;0;0;0;0;0;0
[RECV] BS2DCE notify: CR;1;52807;cal_roto;5;E;timeout;rx_timeout;0;0;0;0;0;0
[RECV] BSDC91 notify: CM;1;56431;0;timeout;0;0;0;0;4
[RECV] BSDC91 notify: CM;1;56431;1;timeout;0;0;0;0;4|CM;1;56431;2;timeout;0;0;0;0;4|CM;1;56431;3;timeout;0;0;0;0;4
[RECV] BSDC91 notify: CM;1;56431;4;timeout;0;0;0;0;4|CM;1;56431;5;timeout;0;0;0;0;4|CM;1;56431;6;timeout;0;0;0;0;4
[RECV] BS2DCE notify: CR;1;52807;cal_roto;5;F;timeout;rx_timeout;0;0;0;0;0;0
[RECV] BS2DCE notify: CR;1;52807;cal_roto;5;G;timeout;rx_timeout;0;0;0;0;0;0
[RECV] BSDC91 notify: CR;1;56432;cal_roto;5;A;timeout;rx_timeout;0;0;0;0;0;0
[RECV] BSDC91 notify: CR;1;56432;cal_roto;5;B;timeout;rx_timeout;0;0;0;0;0;0
[RECV] BSDC91 notify: CR;1;56432;cal_roto;5;C;timeout;rx_timeout;0;0;0;0;0;0
[RECV] BSDC91 notify: CR;1;56432;cal_roto;5;D;timeout;rx_timeout;0;0;0;0;0;0
[RECV] BSDC91 notify: CR;1;56432;cal_roto;5;E;timeout;rx_timeout;0;0;0;0;0;0
[RECV] BSDC91 notify: CR;1;56432;cal_roto;5;F;timeout;rx_timeout;0;0;0;0;0;0
[RECV] BSDC91 notify: CR;1;56432;cal_roto;5;G;timeout;rx_timeout;0;0;0;0;0;0
[RECV] BSF66F notify: CM;1;16763;4;timeout;0;0;0;0;2
[RECV] BSF66F notify: CM;1;16763;5;timeout;0;0;0;0;2|CM;1;16763;6;timeout;0;0;0;0;2|CM;1;16763;7;timeout;0;0;0;0;2
[RECV] BSF66F notify: CR;1;16764;cal_static;4;E;timeout;rx_timeout;0;0;0;0;0;0
[RECV] BSF66F notify: CR;1;16764;cal_static;4;F;timeout;rx_timeout;0;0;0;0;0;0
[RECV] BSF66F notify: CR;1;16764;cal_static;4;G;timeout;rx_timeout;0;0;0;0;0;0
[RECV] BSF66F notify: CR;1;16764;cal_static;4;H;timeout;rx_timeout;0;0;0;0;0;0
[RECV] BSF66F notify: CF;1;16764;cal_static;4;pending;0;4;0;0;0;0
[RECV] BSF66F notify: CS;1;16764;cal_static;4;0;E,F,G,H;timeout,timeout,timeout,timeout;0,0,0,0
[RECV] BS2DCE notify: CM;1;52807;0;timeout;0;0;0;0;4|CM;1;52807;1;timeout;0;0;0;0;4
[RECV] BS2DCE notify: CM;1;52807;2;timeout;0;0;0;0;4|CM;1;52807;3;timeout;0;0;0;0;4|CM;1;52807;4;timeout;0;0;0;0;4
[RECV] BS2DCE notify: CM;1;52807;5;timeout;0;0;0;0;4|CM;1;52807;6;timeout;0;0;0;0;4|CM;1;52807;7;timeout;0;0;0;0;4
[RECV] BS2DCE notify: CR;1;52808;cal_roto;5;A;timeout;rx_timeout;0;0;0;0;0;0
[RECV] BS2DCE notify: CR;1;52808;cal_roto;5;B;timeout;rx_timeout;0;0;0;0;0;0
[RECV] BS2DCE notify: CR;1;52808;cal_roto;5;C;timeout;rx_timeout;0;0;0;0;0;0
[RECV] BS2DCE notify: CR;1;52808;cal_roto;5;D;timeout;rx_timeout;0;0;0;0;0;0
[RECV] BS2DCE notify: CR;1;52808;cal_roto;5;E;timeout;rx_timeout;0;0;0;0;0;0
[RECV] BSDC91 notify: CM;1;56432;0;timeout;0;0;0;0;5|CM;1;56432;1;timeout;0;0;0;0;5
[RECV] BSDC91 notify: CM;1;56432;2;timeout;0;0;0;0;5|CM;1;56432;3;timeout;0;0;0;0;5|CM;1;56432;4;timeout;0;0;0;0;5
[RECV] BSDC91 notify: CM;1;56432;5;timeout;0;0;0;0;5|CM;1;56432;6;timeout;0;0;0;0;5|CM;1;56432;7;timeout;0;0;0;0;5
[RECV] BS2DCE notify: CR;1;52808;cal_roto;5;F;timeout;rx_timeout;0;0;0;0;0;0
[RECV] BS2DCE notify: CR;1;52808;cal_roto;5;G;timeout;rx_timeout;0;0;0;0;0;0
[RECV] BSDC91 notify: CR;1;56433;cal_roto;5;A;timeout;rx_timeout;0;0;0;0;0;0
[RECV] BSDC91 notify: CR;1;56433;cal_roto;5;B;timeout;rx_timeout;0;0;0;0;0;0
[RECV] BSDC91 notify: CR;1;56433;cal_roto;5;C;timeout;rx_timeout;0;0;0;0;0;0
[RECV] BSDC91 notify: CR;1;56433;cal_roto;5;D;timeout;rx_timeout;0;0;0;0;0;0
[RECV] BSDC91 notify: CR;1;56433;cal_roto;5;E;timeout;rx_timeout;0;0;0;0;0;0
[RECV] BSDC91 notify: CR;1;56433;cal_roto;5;F;timeout;rx_timeout;0;0;0;0;0;0
[RECV] BSDC91 notify: CR;1;56433;cal_roto;5;G;timeout;rx_timeout;0;0;0;0;0;0
[RECV] BSF66F notify: CM;1;16764;0;timeout;0;0;0;0;2|CM;1;16764;1;timeout;0;0;0;0;2|CM;1;16764;2;timeout;0;0;0;0;2
[RECV] BSF66F notify: CR;1;16765;cal_static;4;A;timeout;rx_timeout;0;0;0;0;0;0
[RECV] BSF66F notify: CR;1;16765;cal_static;4;B;timeout;rx_timeout;0;0;0;0;0;0
[RECV] BSF66F notify: CR;1;16765;cal_static;4;C;timeout;rx_timeout;0;0;0;0;0;0
[RECV] BSF66F notify: CR;1;16765;cal_static;4;D;timeout;rx_timeout;0;0;0;0;0;0
[RECV] BSF66F notify: CF;1;16765;cal_static;4;pending;0;4;0;0;0;0
[RECV] BSF66F notify: CS;1;16765;cal_static;4;0;A,B,C,D;timeout,timeout,timeout,timeout;0,0,0,0
[RECV] BS2DCE notify: CM;1;52808;0;timeout;0;0;0;0;5|CM;1;52808;1;timeout;0;0;0;0;5|CM;1;52808;2;timeout;0;0;0;0;5
[RECV] BS2DCE notify: CM;1;52808;3;timeout;0;0;0;0;5|CM;1;52808;4;timeout;0;0;0;0;5|CM;1;52808;5;timeout;0;0;0;0;5
[RECV] BS2DCE notify: CR;1;52809;cal_roto;5;A;timeout;rx_timeout;0;0;0;0;0;0
[RECV] BS2DCE notify: CR;1;52809;cal_roto;5;B;timeout;rx_timeout;0;0;0;0;0;0
[RECV] BS2DCE notify: CR;1;52809;cal_roto;5;C;timeout;rx_timeout;0;0;0;0;0;0
[RECV] BS2DCE notify: CR;1;52809;cal_roto;5;D;timeout;rx_timeout;0;0;0;0;0;0
[RECV] BS2DCE notify: CR;1;52809;cal_roto;5;E;timeout;rx_timeout;0;0;0;0;0;0
[RECV] BS2DCE notify: CR;1;52809;cal_roto;5;F;timeout;rx_timeout;0;0;0;0;0;0
[RECV] BS2DCE notify: CR;1;52809;cal_roto;5;G;timeout;rx_timeout;0;0;0;0;0;0
[RECV] BS2DCE notify: CR;1;52809;cal_roto;5;H;timeout;rx_timeout;0;0;0;0;0;0
[RECV] BSDC91 notify: CM;1;56433;0;timeout;0;0;0;0;6|CM;1;56433;1;timeout;0;0;0;0;6|CM;1;56433;2;timeout;0;0;0;0;6
[RECV] BSDC91 notify: CM;1;56433;3;timeout;0;0;0;0;6|CM;1;56433;4;timeout;0;0;0;0;6|CM;1;56433;5;timeout;0;0;0;0;6
[RECV] BSDC91 notify: CR;1;56434;cal_roto;5;A;timeout;rx_timeout;0;0;0;0;0;0
[RECV] BSDC91 notify: CR;1;56434;cal_roto;5;B;timeout;rx_timeout;0;0;0;0;0;0
[RECV] BSDC91 notify: CR;1;56434;cal_roto;5;C;timeout;rx_timeout;0;0;0;0;0;0
[RECV] BSDC91 notify: CR;1;56434;cal_roto;5;D;timeout;rx_timeout;0;0;0;0;0;0
[RECV] BSDC91 notify: CR;1;56434;cal_roto;5;E;timeout;rx_timeout;0;0;0;0;0;0
[RECV] BSDC91 notify: CR;1;56434;cal_roto;5;F;timeout;rx_timeout;0;0;0;0;0;0
[RECV] BSDC91 notify: CR;1;56434;cal_roto;5;G;timeout;rx_timeout;0;0;0;0;0;0
[RECV] BSDC91 notify: CR;1;56434;cal_roto;5;H;timeout;rx_timeout;0;0;0;0;0;0
[RECV] BSF66F notify: CM;1;16765;4;timeout;0;0;0;0;3|CM;1;16765;5;timeout;0;0;0;0;3
[RECV] BSF66F notify: CR;1;16766;cal_static;4;E;timeout;rx_timeout;0;0;0;0;0;0
[RECV] BSF66F notify: CR;1;16766;cal_static;4;F;timeout;rx_timeout;0;0;0;0;0;0
[RECV] BSF66F notify: CR;1;16766;cal_static;4;G;timeout;rx_timeout;0;0;0;0;0;0
[RECV] BSF66F notify: CR;1;16766;cal_static;4;H;timeout;rx_timeout;0;0;0;0;0;0
[RECV] BSF66F notify: CF;1;16766;cal_static;4;pending;0;4;0;0;0;0
[RECV] BSF66F notify: CS;1;16766;cal_static;4;0;E,F,G,H;timeout,timeout,timeout,timeout;0,0,0,0
[RECV] BS2DCE notify: CM;1;52809;0;timeout;0;0;0;0;6
[RECV] BS2DCE notify: CM;1;52809;1;timeout;0;0;0;0;6|CM;1;52809;2;timeout;0;0;0;0;6|CM;1;52809;3;timeout;0;0;0;0;6
[RECV] BS2DCE notify: CM;1;52809;4;timeout;0;0;0;0;6|CM;1;52809;5;timeout;0;0;0;0;6|CM;1;52809;6;timeout;0;0;0;0;6
[RECV] BS2DCE notify: CR;1;52810;cal_roto;5;A;timeout;rx_timeout;0;0;0;0;0;0
[RECV] BS2DCE notify: CR;1;52810;cal_roto;5;B;timeout;rx_timeout;0;0;0;0;0;0
[RECV] BS2DCE notify: CR;1;52810;cal_roto;5;C;timeout;rx_timeout;0;0;0;0;0;0
[RECV] BS2DCE notify: CR;1;52810;cal_roto;5;D;timeout;rx_timeout;0;0;0;0;0;0
[RECV] BS2DCE notify: CR;1;52810;cal_roto;5;E;timeout;rx_timeout;0;0;0;0;0;0
[RECV] BS2DCE notify: CR;1;52810;cal_roto;5;F;timeout;rx_timeout;0;0;0;0;0;0
[RECV] BS2DCE notify: CR;1;52810;cal_roto;5;G;timeout;rx_timeout;0;0;0;0;0;0
[RECV] BSDC91 notify: CM;1;56434;0;timeout;0;0;0;0;7
[RECV] BSDC91 notify: CM;1;56434;1;timeout;0;0;0;0;7|CM;1;56434;2;timeout;0;0;0;0;7|CM;1;56434;3;timeout;0;0;0;0;7
[RECV] BSDC91 notify: CM;1;56434;4;timeout;0;0;0;0;7|CM;1;56434;5;timeout;0;0;0;0;7|CM;1;56434;6;timeout;0;0;0;0;7
[RECV] BSDC91 notify: CR;1;56435;cal_roto;5;A;timeout;rx_timeout;0;0;0;0;0;0
[RECV] BSDC91 notify: CR;1;56435;cal_roto;5;B;timeout;rx_timeout;0;0;0;0;0;0
[RECV] BSDC91 notify: CR;1;56435;cal_roto;5;C;timeout;rx_timeout;0;0;0;0;0;0
[RECV] BSDC91 notify: CR;1;56435;cal_roto;5;D;timeout;rx_timeout;0;0;0;0;0;0
[RECV] BSDC91 notify: CR;1;56435;cal_roto;5;E;timeout;rx_timeout;0;0;0;0;0;0
[RECV] BSDC91 notify: CR;1;56435;cal_roto;5;F;timeout;rx_timeout;0;0;0;0;0;0
[RECV] BSDC91 notify: CR;1;56435;cal_roto;5;G;timeout;rx_timeout;0;0;0;0;0;0
[RECV] BSF66F notify: CM;1;16766;0;timeout;0;0;0;0;3
[RECV] BSF66F notify: CM;1;16766;1;timeout;0;0;0;0;3|CM;1;16766;2;timeout;0;0;0;0;3|CM;1;16766;3;timeout;0;0;0;0;3
[RECV] BSF66F notify: CR;1;16767;cal_static;4;A;timeout;rx_timeout;0;0;0;0;0;0
[RECV] BSF66F notify: CR;1;16767;cal_static;4;B;timeout;rx_timeout;0;0;0;0;0;0
[RECV] BSF66F notify: CR;1;16767;cal_static;4;C;timeout;rx_timeout;0;0;0;0;0;0
[RECV] BSF66F notify: CR;1;16767;cal_static;4;D;timeout;rx_timeout;0;0;0;0;0;0
[RECV] BSF66F notify: CF;1;16767;cal_static;4;pending;0;4;0;0;0;0
[RECV] BSF66F notify: CS;1;16767;cal_static;4;0;A,B,C,D;timeout,timeout,timeout,timeout;0,0,0,0
[RECV] BS2DCE notify: CM;1;52810;0;timeout;0;0;0;0;7|CM;1;52810;1;timeout;0;0;0;0;7
[RECV] BS2DCE notify: CM;1;52810;2;timeout;0;0;0;0;7|CM;1;52810;3;timeout;0;0;0;0;7|CM;1;52810;4;timeout;0;0;0;0;7
[RECV] BS2DCE notify: CM;1;52810;5;timeout;0;0;0;0;7|CM;1;52810;6;timeout;0;0;0;0;7|CM;1;52810;7;timeout;0;0;0;0;7
[RECV] BSDC91 notify: CM;1;56435;0;timeout;0;0;0;0;8|CM;1;56435;1;timeout;0;0;0;0;8
[RECV] BSDC91 notify: CM;1;56435;2;timeout;0;0;0;0;8|CM;1;56435;3;timeout;0;0;0;0;8|CM;1;56435;4;timeout;0;0;0;0;8
[RECV] BSDC91 notify: CM;1;56435;5;timeout;0;0;0;0;8|CM;1;56435;6;timeout;0;0;0;0;8|CM;1;56435;7;timeout;0;0;0;0;8
[RECV] BS2DCE notify: CR;1;52811;cal_roto;5;A;timeout;rx_timeout;0;0;0;0;0;0
[RECV] BS2DCE notify: CR;1;52811;cal_roto;5;B;timeout;rx_timeout;0;0;0;0;0;0
[RECV] BS2DCE notify: CR;1;52811;cal_roto;5;C;timeout;rx_timeout;0;0;0;0;0;0
[RECV] BS2DCE notify: CR;1;52811;cal_roto;5;D;timeout;rx_timeout;0;0;0;0;0;0
[RECV] BS2DCE notify: CR;1;52811;cal_roto;5;E;timeout;rx_timeout;0;0;0;0;0;0
[RECV] BSDC91 notify: CR;1;56436;cal_roto;5;A;timeout;rx_timeout;0;0;0;0;0;0
[RECV] BSDC91 notify: CR;1;56436;cal_roto;5;B;timeout;rx_timeout;0;0;0;0;0;0
[RECV] BSDC91 notify: CR;1;56436;cal_roto;5;C;timeout;rx_timeout;0;0;0;0;0;0
[RECV] BSDC91 notify: CR;1;56436;cal_roto;5;D;timeout;rx_timeout;0;0;0;0;0;0
[RECV] BSDC91 notify: CR;1;56436;cal_roto;5;E;timeout;rx_timeout;0;0;0;0;0;0
[RECV] BS2DCE notify: CR;1;52811;cal_roto;5;F;timeout;rx_timeout;0;0;0;0;0;0
[RECV] BS2DCE notify: CR;1;52811;cal_roto;5;G;timeout;rx_timeout;0;0;0;0;0;0
[RECV] BSDC91 notify: CR;1;56436;cal_roto;5;F;timeout;rx_timeout;0;0;0;0;0;0
[RECV] BSDC91 notify: CR;1;56436;cal_roto;5;G;timeout;rx_timeout;0;0;0;0;0;0
[RECV] BSF66F notify: CM;1;16767;4;timeout;0;0;0;0;4|CM;1;16767;5;timeout;0;0;0;0;4|CM;1;16767;6;timeout;0;0;0;0;4
[RECV] BSF66F notify: CR;1;16768;cal_static;4;E;timeout;rx_timeout;0;0;0;0;0;0
[RECV] BSF66F notify: CR;1;16768;cal_static;4;F;timeout;rx_timeout;0;0;0;0;0;0
[RECV] BSF66F notify: CR;1;16768;cal_static;4;G;timeout;rx_timeout;0;0;0;0;0;0
[RECV] BSF66F notify: CR;1;16768;cal_static;4;H;timeout;rx_timeout;0;0;0;0;0;0
[RECV] BSF66F notify: CF;1;16768;cal_static;4;pending;0;4;0;0;0;0
[RECV] BSF66F notify: CS;1;16768;cal_static;4;0;E,F,G,H;timeout,timeout,timeout,timeout;0,0,0,0
[RECV] BS2DCE notify: CM;1;52811;0;timeout;0;0;0;0;8|CM;1;52811;1;timeout;0;0;0;0;8|CM;1;52811;2;timeout;0;0;0;0;8
[RECV] BS2DCE notify: CM;1;52811;3;timeout;0;0;0;0;8|CM;1;52811;4;timeout;0;0;0;0;8|CM;1;52811;5;timeout;0;0;0;0;8
[RECV] BS2DCE notify: CR;1;52812;cal_roto;5;A;timeout;rx_timeout;0;0;0;0;0;0
[RECV] BS2DCE notify: CR;1;52812;cal_roto;5;B;timeout;rx_timeout;0;0;0;0;0;0
[RECV] BS2DCE notify: CR;1;52812;cal_roto;5;C;timeout;rx_timeout;0;0;0;0;0;0
[RECV] BS2DCE notify: CR;1;52812;cal_roto;5;D;timeout;rx_timeout;0;0;0;0;0;0
[RECV] BS2DCE notify: CR;1;52812;cal_roto;5;E;timeout;rx_timeout;0;0;0;0;0;0
[RECV] BS2DCE notify: CR;1;52812;cal_roto;5;F;timeout;rx_timeout;0;0;0;0;0;0
[RECV] BSDC91 notify: CM;1;56436;0;timeout;0;0;0;0;9|CM;1;56436;1;timeout;0;0;0;0;9|CM;1;56436;2;timeout;0;0;0;0;9
[RECV] BSDC91 notify: CM;1;56436;3;timeout;0;0;0;0;9|CM;1;56436;4;timeout;0;0;0;0;9|CM;1;56436;5;timeout;0;0;0;0;9
[RECV] BSDC91 notify: CR;1;56437;cal_roto;5;A;timeout;rx_timeout;0;0;0;0;0;0
[RECV] BSDC91 notify: CR;1;56437;cal_roto;5;B;timeout;rx_timeout;0;0;0;0;0;0
[RECV] BS2DCE notify: CR;1;52812;cal_roto;5;G;timeout;rx_timeout;0;0;0;0;0;0
[RECV] BS2DCE notify: CR;1;52812;cal_roto;5;H;timeout;rx_timeout;0;0;0;0;0;0
[RECV] BSDC91 notify: CR;1;56437;cal_roto;5;C;timeout;rx_timeout;0;0;0;0;0;0
[RECV] BSDC91 notify: CR;1;56437;cal_roto;5;D;timeout;rx_timeout;0;0;0;0;0;0
[RECV] BSDC91 notify: CR;1;56437;cal_roto;5;E;timeout;rx_timeout;0;0;0;0;0;0
[RECV] BSDC91 notify: CR;1;56437;cal_roto;5;F;timeout;rx_timeout;0;0;0;0;0;0
[RECV] BSDC91 notify: CR;1;56437;cal_roto;5;G;timeout;rx_timeout;0;0;0;0;0;0
[RECV] BSDC91 notify: CR;1;56437;cal_roto;5;H;timeout;rx_timeout;0;0;0;0;0;0
[RECV] BSF66F notify: CM;1;16768;0;timeout;0;0;0;0;4|CM;1;16768;1;timeout;0;0;0;0;4
[RECV] BSF66F notify: CR;1;16769;cal_static;4;A;timeout;rx_timeout;0;0;0;0;0;0
[RECV] BSF66F notify: CR;1;16769;cal_static;4;B;timeout;rx_timeout;0;0;0;0;0;0
[RECV] BSF66F notify: CR;1;16769;cal_static;4;C;timeout;rx_timeout;0;0;0;0;0;0
[RECV] BSF66F notify: CR;1;16769;cal_static;4;D;timeout;rx_timeout;0;0;0;0;0;0
[RECV] BSF66F notify: CF;1;16769;cal_static;4;pending;0;4;0;0;0;0
[RECV] BSF66F notify: CS;1;16769;cal_static;4;0;A,B,C,D;timeout,timeout,timeout,timeout;0,0,0,0
[RECV] BS2DCE notify: CM;1;52812;0;timeout;0;0;0;0;9
[RECV] BS2DCE notify: CM;1;52812;1;timeout;0;0;0;0;9|CM;1;52812;2;timeout;0;0;0;0;9|CM;1;52812;3;timeout;0;0;0;0;9
[RECV] BS2DCE notify: CM;1;52812;4;timeout;0;0;0;0;9|CM;1;52812;5;timeout;0;0;0;0;9|CM;1;52812;6;timeout;0;0;0;0;9
[RECV] BS2DCE notify: CR;1;52813;cal_roto;5;A;timeout;rx_timeout;0;0;0;0;0;0
[RECV] BS2DCE notify: CR;1;52813;cal_roto;5;B;timeout;rx_timeout;0;0;0;0;0;0
[RECV] BS2DCE notify: CR;1;52813;cal_roto;5;C;timeout;rx_timeout;0;0;0;0;0;0
[RECV] BS2DCE notify: CR;1;52813;cal_roto;5;D;timeout;rx_timeout;0;0;0;0;0;0
[RECV] BS2DCE notify: CR;1;52813;cal_roto;5;E;timeout;rx_timeout;0;0;0;0;0;0
[RECV] BSDC91 notify: CM;1;56437;0;timeout;0;0;0;0;10
[RECV] BS2DCE notify: CR;1;52813;cal_roto;5;F;timeout;rx_timeout;0;0;0;0;0;0
[RECV] BS2DCE notify: CR;1;52813;cal_roto;5;G;timeout;rx_timeout;0;0;0;0;0;0
[RECV] BSDC91 notify: CM;1;56437;1;timeout;0;0;0;0;10|CM;1;56437;2;timeout;0;0;0;0;10|CM;1;56437;3;timeout;0;0;0;0;10
[RECV] BSDC91 notify: CM;1;56437;4;timeout;0;0;0;0;10|CM;1;56437;5;timeout;0;0;0;0;10|CM;1;56437;6;timeout;0;0;0;0;10
[RECV] BSDC91 notify: CR;1;56438;cal_roto;5;A;timeout;rx_timeout;0;0;0;0;0;0
[RECV] BSDC91 notify: CR;1;56438;cal_roto;5;B;timeout;rx_timeout;0;0;0;0;0;0
[RECV] BSDC91 notify: CR;1;56438;cal_roto;5;C;timeout;rx_timeout;0;0;0;0;0;0
[RECV] BSDC91 notify: CR;1;56438;cal_roto;5;D;timeout;rx_timeout;0;0;0;0;0;0
[RECV] BSDC91 notify: CR;1;56438;cal_roto;5;E;timeout;rx_timeout;0;0;0;0;0;0
[RECV] BSDC91 notify: CR;1;56438;cal_roto;5;F;timeout;rx_timeout;0;0;0;0;0;0
[RECV] BSDC91 notify: CR;1;56438;cal_roto;5;G;timeout;rx_timeout;0;0;0;0;0;0
[RECV] BSF66F notify: CM;1;16769;4;timeout;0;0;0;0;5
[RECV] BSF66F notify: CM;1;16769;5;timeout;0;0;0;0;5|CM;1;16769;6;timeout;0;0;0;0;5|CM;1;16769;7;timeout;0;0;0;0;5
[RECV] BSF66F notify: CR;1;16770;cal_static;4;E;timeout;rx_timeout;0;0;0;0;0;0
[RECV] BSF66F notify: CR;1;16770;cal_static;4;F;timeout;rx_timeout;0;0;0;0;0;0
[RECV] BSF66F notify: CR;1;16770;cal_static;4;G;timeout;rx_timeout;0;0;0;0;0;0
[RECV] BSF66F notify: CR;1;16770;cal_static;4;H;timeout;rx_timeout;0;0;0;0;0;0
[RECV] BSF66F notify: CF;1;16770;cal_static;4;pending;0;4;0;0;0;0
[RECV] BSF66F notify: CS;1;16770;cal_static;4;0;E,F,G,H;timeout,timeout,timeout,timeout;0,0,0,0
[RECV] BS2DCE notify: CM;1;52813;0;timeout;0;0;0;0;10|CM;1;52813;1;timeout;0;0;0;0;10
[RECV] BS2DCE notify: CM;1;52813;2;timeout;0;0;0;0;10|CM;1;52813;3;timeout;0;0;0;0;10|CM;1;52813;4;timeout;0;0;0;0;10
[RECV] BS2DCE notify: CM;1;52813;5;timeout;0;0;0;0;10|CM;1;52813;6;timeout;0;0;0;0;10|CM;1;52813;7;timeout;0;0;0;0;10
[RECV] BS2DCE notify: CR;1;52814;cal_roto;5;A;timeout;rx_timeout;0;0;0;0;0;0
[RECV] BS2DCE notify: CR;1;52814;cal_roto;5;B;timeout;rx_timeout;0;0;0;0;0;0
[RECV] BS2DCE notify: CR;1;52814;cal_roto;5;C;timeout;rx_timeout;0;0;0;0;0;0
[RECV] BS2DCE notify: CR;1;52814;cal_roto;5;D;timeout;rx_timeout;0;0;0;0;0;0
[RECV] BS2DCE notify: CR;1;52814;cal_roto;5;E;timeout;rx_timeout;0;0;0;0;0;0
[RECV] BS2DCE notify: CR;1;52814;cal_roto;5;F;timeout;rx_timeout;0;0;0;0;0;0
[RECV] BS2DCE notify: CR;1;52814;cal_roto;5;G;timeout;rx_timeout;0;0;0;0;0;0
[RECV] BSDC91 notify: CM;1;56438;0;timeout;0;0;0;0;11|CM;1;56438;1;timeout;0;0;0;0;11
[RECV] BSDC91 notify: CM;1;56438;2;timeout;0;0;0;0;11|CM;1;56438;3;timeout;0;0;0;0;11|CM;1;56438;4;timeout;0;0;0;0;11
[RECV] BSDC91 notify: CM;1;56438;5;timeout;0;0;0;0;11|CM;1;56438;6;timeout;0;0;0;0;11|CM;1;56438;7;timeout;0;0;0;0;11
[RECV] BSDC91 notify: CR;1;56439;cal_roto;5;A;timeout;rx_timeout;0;0;0;0;0;0
[RECV] BSDC91 notify: CR;1;56439;cal_roto;5;B;timeout;rx_timeout;0;0;0;0;0;0
[RECV] BSDC91 notify: CR;1;56439;cal_roto;5;C;timeout;rx_timeout;0;0;0;0;0;0
[RECV] BSDC91 notify: CR;1;56439;cal_roto;5;D;timeout;rx_timeout;0;0;0;0;0;0
[RECV] BSDC91 notify: CR;1;56439;cal_roto;5;E;timeout;rx_timeout;0;0;0;0;0;0
[RECV] BSDC91 notify: CR;1;56439;cal_roto;5;F;timeout;rx_timeout;0;0;0;0;0;0
[RECV] BSDC91 notify: CR;1;56439;cal_roto;5;G;timeout;rx_timeout;0;0;0;0;0;0
[RECV] BSF66F notify: CM;1;16770;0;timeout;0;0;0;0;5|CM;1;16770;1;timeout;0;0;0;0;5|CM;1;16770;2;timeout;0;0;0;0;5
[RECV] BSF66F notify: CR;1;16771;cal_static;4;A;timeout;rx_timeout;0;0;0;0;0;0
[RECV] BSF66F notify: CR;1;16771;cal_static;4;B;timeout;rx_timeout;0;0;0;0;0;0
[RECV] BSF66F notify: CR;1;16771;cal_static;4;C;timeout;rx_timeout;0;0;0;0;0;0
[RECV] BSF66F notify: CR;1;16771;cal_static;4;D;timeout;rx_timeout;0;0;0;0;0;0
[RECV] BSF66F notify: CF;1;16771;cal_static;4;pending;0;4;0;0;0;0
[RECV] BSF66F notify: CS;1;16771;cal_static;4;0;A,B,C,D;timeout,timeout,timeout,timeout;0,0,0,0
[RECV] BS2DCE notify: CM;1;52814;0;timeout;0;0;0;0;11|CM;1;52814;1;timeout;0;0;0;0;11|CM;1;52814;2;timeout;0;0;0;0;11
[RECV] BS2DCE notify: CM;1;52814;3;timeout;0;0;0;0;11|CM;1;52814;4;timeout;0;0;0;0;11|CM;1;52814;5;timeout;0;0;0;0;11
[RECV] BS2DCE notify: CR;1;52815;cal_roto;5;A;timeout;rx_timeout;0;0;0;0;0;0
[RECV] BS2DCE notify: CR;1;52815;cal_roto;5;B;timeout;rx_timeout;0;0;0;0;0;0
[RECV] BS2DCE notify: CR;1;52815;cal_roto;5;C;timeout;rx_timeout;0;0;0;0;0;0
[RECV] BS2DCE notify: CR;1;52815;cal_roto;5;D;timeout;rx_timeout;0;0;0;0;0;0
[RECV] BS2DCE notify: CR;1;52815;cal_roto;5;E;timeout;rx_timeout;0;0;0;0;0;0
[RECV] BS2DCE notify: CR;1;52815;cal_roto;5;F;timeout;rx_timeout;0;0;0;0;0;0
[RECV] BS2DCE notify: CR;1;52815;cal_roto;5;G;timeout;rx_timeout;0;0;0;0;0;0
[RECV] BS2DCE notify: CR;1;52815;cal_roto;5;H;timeout;rx_timeout;0;0;0;0;0;0
[RECV] BSDC91 notify: CM;1;56439;0;timeout;0;0;0;0;12|CM;1;56439;1;timeout;0;0;0;0;12|CM;1;56439;2;timeout;0;0;0;0;12
[RECV] BSDC91 notify: CM;1;56439;3;timeout;0;0;0;0;12|CM;1;56439;4;timeout;0;0;0;0;12|CM;1;56439;5;timeout;0;0;0;0;12
[RECV] BSDC91 notify: CR;1;56440;cal_roto;5;A;timeout;rx_timeout;0;0;0;0;0;0
[RECV] BSDC91 notify: CR;1;56440;cal_roto;5;B;timeout;rx_timeout;0;0;0;0;0;0
[RECV] BSDC91 notify: CR;1;56440;cal_roto;5;C;timeout;rx_timeout;0;0;0;0;0;0
[RECV] BSDC91 notify: CR;1;56440;cal_roto;5;D;timeout;rx_timeout;0;0;0;0;0;0
[RECV] BSDC91 notify: CR;1;56440;cal_roto;5;E;timeout;rx_timeout;0;0;0;0;0;0
[RECV] BSDC91 notify: CR;1;56440;cal_roto;5;F;timeout;rx_timeout;0;0;0;0;0;0
[RECV] BSDC91 notify: CR;1;56440;cal_roto;5;G;timeout;rx_timeout;0;0;0;0;0;0
[RECV] BSDC91 notify: CR;1;56440;cal_roto;5;H;timeout;rx_timeout;0;0;0;0;0;0
[RECV] BSF66F notify: CM;1;16771;4;timeout;0;0;0;0;6|CM;1;16771;5;timeout;0;0;0;0;6
[RECV] BSF66F notify: CR;1;16772;cal_static;4;E;timeout;rx_timeout;0;0;0;0;0;0
[RECV] BSF66F notify: CR;1;16772;cal_static;4;F;timeout;rx_timeout;0;0;0;0;0;0
[RECV] BSF66F notify: CR;1;16772;cal_static;4;G;timeout;rx_timeout;0;0;0;0;0;0
[RECV] BSF66F notify: CR;1;16772;cal_static;4;H;timeout;rx_timeout;0;0;0;0;0;0
[RECV] BSF66F notify: CF;1;16772;cal_static;4;pending;0;4;0;0;0;0
[RECV] BSF66F notify: CS;1;16772;cal_static;4;0;E,F,G,H;timeout,timeout,timeout,timeout;0,0,0,0
[RECV] BS2DCE notify: CM;1;52815;0;timeout;0;0;0;0;12
[RECV] BS2DCE notify: CM;1;52815;1;timeout;0;0;0;0;12|CM;1;52815;2;timeout;0;0;0;0;12|CM;1;52815;3;timeout;0;0;0;0;12
[RECV] BS2DCE notify: CM;1;52815;4;timeout;0;0;0;0;12|CM;1;52815;5;timeout;0;0;0;0;12|CM;1;52815;6;timeout;0;0;0;0;12
[RECV] BS2DCE notify: CR;1;52816;cal_roto;5;A;timeout;rx_timeout;0;0;0;0;0;0
[RECV] BS2DCE notify: CR;1;52816;cal_roto;5;B;timeout;rx_timeout;0;0;0;0;0;0
[RECV] BS2DCE notify: CR;1;52816;cal_roto;5;C;timeout;rx_timeout;0;0;0;0;0;0
[RECV] BS2DCE notify: CR;1;52816;cal_roto;5;D;timeout;rx_timeout;0;0;0;0;0;0
[RECV] BS2DCE notify: CR;1;52816;cal_roto;5;E;timeout;rx_timeout;0;0;0;0;0;0
[RECV] BSDC91 notify: CM;1;56440;0;timeout;0;0;0;0;13
[RECV] BSDC91 notify: CM;1;56440;1;timeout;0;0;0;0;13|CM;1;56440;2;timeout;0;0;0;0;13|CM;1;56440;3;timeout;0;0;0;0;13
[RECV] BSDC91 notify: CM;1;56440;4;timeout;0;0;0;0;13|CM;1;56440;5;timeout;0;0;0;0;13|CM;1;56440;6;timeout;0;0;0;0;13
[RECV] BS2DCE notify: CR;1;52816;cal_roto;5;F;timeout;rx_timeout;0;0;0;0;0;0
[RECV] BS2DCE notify: CR;1;52816;cal_roto;5;G;timeout;rx_timeout;0;0;0;0;0;0
[RECV] BSDC91 notify: CR;1;56441;cal_roto;5;A;timeout;rx_timeout;0;0;0;0;0;0
[RECV] BSDC91 notify: CR;1;56441;cal_roto;5;B;timeout;rx_timeout;0;0;0;0;0;0
[RECV] BSDC91 notify: CR;1;56441;cal_roto;5;C;timeout;rx_timeout;0;0;0;0;0;0
[RECV] BSDC91 notify: CR;1;56441;cal_roto;5;D;timeout;rx_timeout;0;0;0;0;0;0
[RECV] BSDC91 notify: CR;1;56441;cal_roto;5;E;timeout;rx_timeout;0;0;0;0;0;0
[RECV] BSDC91 notify: CR;1;56441;cal_roto;5;F;timeout;rx_timeout;0;0;0;0;0;0
[RECV] BSDC91 notify: CR;1;56441;cal_roto;5;G;timeout;rx_timeout;0;0;0;0;0;0
[RECV] BSF66F notify: CM;1;16772;0;timeout;0;0;0;0;6
[RECV] BSF66F notify: CM;1;16772;1;timeout;0;0;0;0;6|CM;1;16772;2;timeout;0;0;0;0;6|CM;1;16772;3;timeout;0;0;0;0;6
[RECV] BSF66F notify: CR;1;16773;cal_static;4;A;timeout;rx_timeout;0;0;0;0;0;0
[RECV] BSF66F notify: CR;1;16773;cal_static;4;B;timeout;rx_timeout;0;0;0;0;0;0
[RECV] BSF66F notify: CR;1;16773;cal_static;4;C;timeout;rx_timeout;0;0;0;0;0;0
[RECV] BSF66F notify: CR;1;16773;cal_static;4;D;timeout;rx_timeout;0;0;0;0;0;0
[RECV] BSF66F notify: CF;1;16773;cal_static;4;pending;0;4;0;0;0;0
[RECV] BSF66F notify: CS;1;16773;cal_static;4;0;A,B,C,D;timeout,timeout,timeout,timeout;0,0,0,0
[RECV] BS2DCE notify: CM;1;52816;0;timeout;0;0;0;0;13|CM;1;52816;1;timeout;0;0;0;0;13
[RECV] BS2DCE notify: CM;1;52816;2;timeout;0;0;0;0;13|CM;1;52816;3;timeout;0;0;0;0;13|CM;1;52816;4;timeout;0;0;0;0;13
[RECV] BS2DCE notify: CM;1;52816;5;timeout;0;0;0;0;13|CM;1;52816;6;timeout;0;0;0;0;13|CM;1;52816;7;timeout;0;0;0;0;13
[RECV] BS2DCE notify: CR;1;52817;cal_roto;5;A;timeout;rx_timeout;0;0;0;0;0;0
[RECV] BS2DCE notify: CR;1;52817;cal_roto;5;B;timeout;rx_timeout;0;0;0;0;0;0
[RECV] BS2DCE notify: CR;1;52817;cal_roto;5;C;timeout;rx_timeout;0;0;0;0;0;0
[RECV] BS2DCE notify: CR;1;52817;cal_roto;5;D;timeout;rx_timeout;0;0;0;0;0;0
[RECV] BS2DCE notify: CR;1;52817;cal_roto;5;E;timeout;rx_timeout;0;0;0;0;0;0
[RECV] BSDC91 notify: CM;1;56441;0;timeout;0;0;0;0;14|CM;1;56441;1;timeout;0;0;0;0;14
[RECV] BSDC91 notify: CM;1;56441;2;timeout;0;0;0;0;14|CM;1;56441;3;timeout;0;0;0;0;14|CM;1;56441;4;timeout;0;0;0;0;14
[RECV] BSDC91 notify: CM;1;56441;5;timeout;0;0;0;0;14|CM;1;56441;6;timeout;0;0;0;0;14|CM;1;56441;7;timeout;0;0;0;0;14
[RECV] BS2DCE notify: CR;1;52817;cal_roto;5;F;timeout;rx_timeout;0;0;0;0;0;0
[RECV] BS2DCE notify: CR;1;52817;cal_roto;5;G;timeout;rx_timeout;0;0;0;0;0;0
[RECV] BSDC91 notify: CR;1;56442;cal_roto;5;A;timeout;rx_timeout;0;0;0;0;0;0
[RECV] BSDC91 notify: CR;1;56442;cal_roto;5;B;timeout;rx_timeout;0;0;0;0;0;0
[RECV] BSDC91 notify: CR;1;56442;cal_roto;5;C;timeout;rx_timeout;0;0;0;0;0;0
[RECV] BSDC91 notify: CR;1;56442;cal_roto;5;D;timeout;rx_timeout;0;0;0;0;0;0
[RECV] BSDC91 notify: CR;1;56442;cal_roto;5;E;timeout;rx_timeout;0;0;0;0;0;0
[RECV] BSDC91 notify: CR;1;56442;cal_roto;5;F;timeout;rx_timeout;0;0;0;0;0;0
[RECV] BSDC91 notify: CR;1;56442;cal_roto;5;G;timeout;rx_timeout;0;0;0;0;0;0
[RECV] BSF66F notify: CM;1;16773;4;timeout;0;0;0;0;7|CM;1;16773;5;timeout;0;0;0;0;7|CM;1;16773;6;timeout;0;0;0;0;7
[RECV] BSF66F notify: CR;1;16774;cal_static;4;E;timeout;rx_timeout;0;0;0;0;0;0
[RECV] BSF66F notify: CR;1;16774;cal_static;4;F;timeout;rx_timeout;0;0;0;0;0;0
[RECV] BSF66F notify: CR;1;16774;cal_static;4;G;timeout;rx_timeout;0;0;0;0;0;0
[RECV] BSF66F notify: CR;1;16774;cal_static;4;H;timeout;rx_timeout;0;0;0;0;0;0
[RECV] BSF66F notify: CF;1;16774;cal_static;4;pending;0;4;0;0;0;0
[RECV] BSF66F notify: CS;1;16774;cal_static;4;0;E,F,G,H;timeout,timeout,timeout,timeout;0,0,0,0
[RECV] BS2DCE notify: CM;1;52817;0;timeout;0;0;0;0;14|CM;1;52817;1;timeout;0;0;0;0;14|CM;1;52817;2;timeout;0;0;0;0;14
[RECV] BS2DCE notify: CM;1;52817;3;timeout;0;0;0;0;14|CM;1;52817;4;timeout;0;0;0;0;14|CM;1;52817;5;timeout;0;0;0;0;14
[RECV] BS2DCE notify: CR;1;52818;cal_roto;5;A;timeout;rx_timeout;0;0;0;0;0;0
[RECV] BS2DCE notify: CR;1;52818;cal_roto;5;B;timeout;rx_timeout;0;0;0;0;0;0
[RECV] BS2DCE notify: CR;1;52818;cal_roto;5;C;timeout;rx_timeout;0;0;0;0;0;0
[RECV] BS2DCE notify: CR;1;52818;cal_roto;5;D;timeout;rx_timeout;0;0;0;0;0;0
[RECV] BS2DCE notify: CR;1;52818;cal_roto;5;E;timeout;rx_timeout;0;0;0;0;0;0
[RECV] BS2DCE notify: CR;1;52818;cal_roto;5;F;timeout;rx_timeout;0;0;0;0;0;0
[RECV] BS2DCE notify: CR;1;52818;cal_roto;5;G;timeout;rx_timeout;0;0;0;0;0;0
[RECV] BS2DCE notify: CR;1;52818;cal_roto;5;H;timeout;rx_timeout;0;0;0;0;0;0
[RECV] BSDC91 notify: CM;1;56442;0;timeout;0;0;0;0;15|CM;1;56442;1;timeout;0;0;0;0;15|CM;1;56442;2;timeout;0;0;0;0;15
[RECV] BSDC91 notify: CM;1;56442;3;timeout;0;0;0;0;15|CM;1;56442;4;timeout;0;0;0;0;15|CM;1;56442;5;timeout;0;0;0;0;15
[RECV] BSDC91 notify: CR;1;56443;cal_roto;5;A;timeout;rx_timeout;0;0;0;0;0;0
[RECV] BSDC91 notify: CR;1;56443;cal_roto;5;B;timeout;rx_timeout;0;0;0;0;0;0
[RECV] BSDC91 notify: CR;1;56443;cal_roto;5;C;timeout;rx_timeout;0;0;0;0;0;0
[RECV] BSDC91 notify: CR;1;56443;cal_roto;5;D;timeout;rx_timeout;0;0;0;0;0;0
[RECV] BSDC91 notify: CR;1;56443;cal_roto;5;E;timeout;rx_timeout;0;0;0;0;0;0
[RECV] BSDC91 notify: CR;1;56443;cal_roto;5;F;timeout;rx_timeout;0;0;0;0;0;0
[RECV] BSDC91 notify: CR;1;56443;cal_roto;5;G;timeout;rx_timeout;0;0;0;0;0;0
[RECV] BSDC91 notify: CR;1;56443;cal_roto;5;H;timeout;rx_timeout;0;0;0;0;0;0
[RECV] BSF66F notify: CM;1;16774;0;timeout;0;0;0;0;7|CM;1;16774;1;timeout;0;0;0;0;7
[RECV] BSF66F notify: CR;1;16775;cal_static;4;A;timeout;rx_timeout;0;0;0;0;0;0
[RECV] BSF66F notify: CR;1;16775;cal_static;4;B;timeout;rx_timeout;0;0;0;0;0;0
[RECV] BSF66F notify: CR;1;16775;cal_static;4;C;timeout;rx_timeout;0;0;0;0;0;0
[RECV] BSF66F notify: CR;1;16775;cal_static;4;D;timeout;rx_timeout;0;0;0;0;0;0
[RECV] BSF66F notify: CF;1;16775;cal_static;4;pending;0;4;0;0;0;0
[RECV] BSF66F notify: CS;1;16775;cal_static;4;0;A,B,C,D;timeout,timeout,timeout,timeout;0,0,0,0
[RECV] BS2DCE notify: CM;1;52818;0;timeout;0;0;0;0;15
[RECV] BS2DCE notify: CM;1;52818;1;timeout;0;0;0;0;15|CM;1;52818;2;timeout;0;0;0;0;15|CM;1;52818;3;timeout;0;0;0;0;15
[RECV] BS2DCE notify: CM;1;52818;4;timeout;0;0;0;0;15|CM;1;52818;5;timeout;0;0;0;0;15|CM;1;52818;6;timeout;0;0;0;0;15
[RECV] BS2DCE notify: CR;1;52819;cal_roto;5;A;timeout;rx_timeout;0;0;0;0;0;0
[RECV] BS2DCE notify: CR;1;52819;cal_roto;5;B;timeout;rx_timeout;0;0;0;0;0;0
[RECV] BS2DCE notify: CR;1;52819;cal_roto;5;C;timeout;rx_timeout;0;0;0;0;0;0
[RECV] BS2DCE notify: CR;1;52819;cal_roto;5;D;timeout;rx_timeout;0;0;0;0;0;0
[RECV] BS2DCE notify: CR;1;52819;cal_roto;5;E;timeout;rx_timeout;0;0;0;0;0;0
[RECV] BSDC91 notify: CM;1;56443;0;timeout;0;0;0;0;16
[RECV] BSDC91 notify: CM;1;56443;1;timeout;0;0;0;0;16|CM;1;56443;2;timeout;0;0;0;0;16|CM;1;56443;3;timeout;0;0;0;0;16
[RECV] BSDC91 notify: CM;1;56443;4;timeout;0;0;0;0;16|CM;1;56443;5;timeout;0;0;0;0;16|CM;1;56443;6;timeout;0;0;0;0;16
[RECV] BS2DCE notify: CR;1;52819;cal_roto;5;F;timeout;rx_timeout;0;0;0;0;0;0
[RECV] BS2DCE notify: CR;1;52819;cal_roto;5;G;timeout;rx_timeout;0;0;0;0;0;0
[RECV] BSDC91 notify: CR;1;56444;cal_roto;5;A;timeout;rx_timeout;0;0;0;0;0;0
[RECV] BSDC91 notify: CR;1;56444;cal_roto;5;B;timeout;rx_timeout;0;0;0;0;0;0
[RECV] BSDC91 notify: CR;1;56444;cal_roto;5;C;timeout;rx_timeout;0;0;0;0;0;0
[RECV] BSDC91 notify: CR;1;56444;cal_roto;5;D;timeout;rx_timeout;0;0;0;0;0;0
[RECV] BSDC91 notify: CR;1;56444;cal_roto;5;E;timeout;rx_timeout;0;0;0;0;0;0
[RECV] BSDC91 notify: CR;1;56444;cal_roto;5;F;timeout;rx_timeout;0;0;0;0;0;0
[RECV] BSDC91 notify: CR;1;56444;cal_roto;5;G;timeout;rx_timeout;0;0;0;0;0;0
[RECV] BSF66F notify: CM;1;16775;4;timeout;0;0;0;0;8
[RECV] BSF66F notify: CM;1;16775;5;timeout;0;0;0;0;8|CM;1;16775;6;timeout;0;0;0;0;8|CM;1;16775;7;timeout;0;0;0;0;8
[RECV] BSF66F notify: CR;1;16776;cal_static;4;E;timeout;rx_timeout;0;0;0;0;0;0
[RECV] BSF66F notify: CR;1;16776;cal_static;4;F;timeout;rx_timeout;0;0;0;0;0;0
[RECV] BSF66F notify: CR;1;16776;cal_static;4;G;timeout;rx_timeout;0;0;0;0;0;0
[RECV] BSF66F notify: CR;1;16776;cal_static;4;H;timeout;rx_timeout;0;0;0;0;0;0
[RECV] BSF66F notify: CF;1;16776;cal_static;4;pending;0;4;0;0;0;0
[RECV] BSF66F notify: CS;1;16776;cal_static;4;0;E,F,G,H;timeout,timeout,timeout,timeout;0,0,0,0
[RECV] BS2DCE notify: CM;1;52819;0;timeout;0;0;0;0;16|CM;1;52819;1;timeout;0;0;0;0;16
[RECV] BS2DCE notify: CM;1;52819;2;timeout;0;0;0;0;16|CM;1;52819;3;timeout;0;0;0;0;16|CM;1;52819;4;timeout;0;0;0;0;16
[RECV] BS2DCE notify: CM;1;52819;5;timeout;0;0;0;0;16|CM;1;52819;6;timeout;0;0;0;0;16|CM;1;52819;7;timeout;0;0;0;0;16
[RECV] BSDC91 notify: CM;1;56444;0;timeout;0;0;0;0;17|CM;1;56444;1;timeout;0;0;0;0;17
[RECV] BSDC91 notify: CM;1;56444;2;timeout;0;0;0;0;17|CM;1;56444;3;timeout;0;0;0;0;17|CM;1;56444;4;timeout;0;0;0;0;17
[RECV] BSDC91 notify: CM;1;56444;5;timeout;0;0;0;0;17|CM;1;56444;6;timeout;0;0;0;0;17|CM;1;56444;7;timeout;0;0;0;0;17
[RECV] BS2DCE notify: CR;1;52820;cal_roto;5;A;timeout;rx_timeout;0;0;0;0;0;0
[RECV] BS2DCE notify: CR;1;52820;cal_roto;5;B;timeout;rx_timeout;0;0;0;0;0;0
[RECV] BS2DCE notify: CR;1;52820;cal_roto;5;C;timeout;rx_timeout;0;0;0;0;0;0
[RECV] BS2DCE notify: CR;1;52820;cal_roto;5;D;timeout;rx_timeout;0;0;0;0;0;0
[RECV] BS2DCE notify: CR;1;52820;cal_roto;5;E;timeout;rx_timeout;0;0;0;0;0;0
[RECV] BSDC91 notify: CR;1;56445;cal_roto;5;A;timeout;rx_timeout;0;0;0;0;0;0
[RECV] BSDC91 notify: CR;1;56445;cal_roto;5;B;timeout;rx_timeout;0;0;0;0;0;0
[RECV] BSDC91 notify: CR;1;56445;cal_roto;5;C;timeout;rx_timeout;0;0;0;0;0;0
[RECV] BSDC91 notify: CR;1;56445;cal_roto;5;D;timeout;rx_timeout;0;0;0;0;0;0
[RECV] BSDC91 notify: CR;1;56445;cal_roto;5;E;timeout;rx_timeout;0;0;0;0;0;0
[RECV] BS2DCE notify: CR;1;52820;cal_roto;5;F;timeout;rx_timeout;0;0;0;0;0;0
[RECV] BS2DCE notify: CR;1;52820;cal_roto;5;G;timeout;rx_timeout;0;0;0;0;0;0
[RECV] BSDC91 notify: CR;1;56445;cal_roto;5;F;timeout;rx_timeout;0;0;0;0;0;0
[RECV] BSDC91 notify: CR;1;56445;cal_roto;5;G;timeout;rx_timeout;0;0;0;0;0;0
[RECV] BSF66F notify: CM;1;16776;0;timeout;0;0;0;0;8|CM;1;16776;1;timeout;0;0;0;0;8|CM;1;16776;2;timeout;0;0;0;0;8
[RECV] BSF66F notify: CR;1;16777;cal_static;4;A;timeout;rx_timeout;0;0;0;0;0;0
[RECV] BSF66F notify: CR;1;16777;cal_static;4;B;timeout;rx_timeout;0;0;0;0;0;0
[RECV] BSF66F notify: CR;1;16777;cal_static;4;C;timeout;rx_timeout;0;0;0;0;0;0
[RECV] BSF66F notify: CR;1;16777;cal_static;4;D;timeout;rx_timeout;0;0;0;0;0;0
[RECV] BSF66F notify: CF;1;16777;cal_static;4;pending;0;4;0;0;0;0
[RECV] BSF66F notify: CS;1;16777;cal_static;4;0;A,B,C,D;timeout,timeout,timeout,timeout;0,0,0,0
[RECV] BS2DCE notify: CM;1;52820;0;timeout;0;0;0;0;17|CM;1;52820;1;timeout;0;0;0;0;17|CM;1;52820;2;timeout;0;0;0;0;17
[RECV] BS2DCE notify: CM;1;52820;3;timeout;0;0;0;0;17|CM;1;52820;4;timeout;0;0;0;0;17|CM;1;52820;5;timeout;0;0;0;0;17
[RECV] BS2DCE notify: CR;1;52821;cal_roto;5;A;timeout;rx_timeout;0;0;0;0;0;0
[RECV] BS2DCE notify: CR;1;52821;cal_roto;5;B;timeout;rx_timeout;0;0;0;0;0;0
[RECV] BS2DCE notify: CR;1;52821;cal_roto;5;C;timeout;rx_timeout;0;0;0;0;0;0
[RECV] BS2DCE notify: CR;1;52821;cal_roto;5;D;timeout;rx_timeout;0;0;0;0;0;0
[RECV] BS2DCE notify: CR;1;52821;cal_roto;5;E;timeout;rx_timeout;0;0;0;0;0;0
[RECV] BSDC91 notify: CM;1;56445;0;timeout;0;0;0;0;18|CM;1;56445;1;timeout;0;0;0;0;18|CM;1;56445;2;timeout;0;0;0;0;18
[RECV] BSDC91 notify: CM;1;56445;3;timeout;0;0;0;0;18|CM;1;56445;4;timeout;0;0;0;0;18|CM;1;56445;5;timeout;0;0;0;0;18
[RECV] BSDC91 notify: CR;1;56446;cal_roto;5;A;timeout;rx_timeout;0;0;0;0;0;0
[RECV] BSDC91 notify: CR;1;56446;cal_roto;5;B;timeout;rx_timeout;0;0;0;0;0;0
[RECV] BS2DCE notify: CR;1;52821;cal_roto;5;F;timeout;rx_timeout;0;0;0;0;0;0
[RECV] BS2DCE notify: CR;1;52821;cal_roto;5;G;timeout;rx_timeout;0;0;0;0;0;0
[RECV] BS2DCE notify: CR;1;52821;cal_roto;5;H;timeout;rx_timeout;0;0;0;0;0;0
[RECV] BSDC91 notify: CR;1;56446;cal_roto;5;C;timeout;rx_timeout;0;0;0;0;0;0
[RECV] BSDC91 notify: CR;1;56446;cal_roto;5;D;timeout;rx_timeout;0;0;0;0;0;0
[RECV] BSDC91 notify: CR;1;56446;cal_roto;5;E;timeout;rx_timeout;0;0;0;0;0;0
[RECV] BSDC91 notify: CR;1;56446;cal_roto;5;F;timeout;rx_timeout;0;0;0;0;0;0
[RECV] BSDC91 notify: CR;1;56446;cal_roto;5;G;timeout;rx_timeout;0;0;0;0;0;0
[RECV] BSDC91 notify: CR;1;56446;cal_roto;5;H;timeout;rx_timeout;0;0;0;0;0;0
[RECV] BSF66F notify: CM;1;16777;4;timeout;0;0;0;0;9|CM;1;16777;5;timeout;0;0;0;0;9
[RECV] BSF66F notify: CR;1;16778;cal_static;4;E;timeout;rx_timeout;0;0;0;0;0;0
[RECV] BSF66F notify: CR;1;16778;cal_static;4;F;timeout;rx_timeout;0;0;0;0;0;0
[RECV] BSF66F notify: CR;1;16778;cal_static;4;G;timeout;rx_timeout;0;0;0;0;0;0
[RECV] BSDC91 notify: CM;1;56446;1;timeout;0;0;0;0;19
[RECV] BSF66F notify: CR;1;16778;cal_static;4;H;timeout;rx_timeout;0;0;0;0;0;0
[RECV] BSF66F notify: CF;1;16778;cal_static;4;pending;0;4;0;0;0;0
[RECV] BSF66F notify: CS;1;16778;cal_static;4;0;E,F,G,H;timeout,timeout,timeout,timeout;0,0,0,0
[RECV] BS2DCE notify: CM;1;52821;0;timeout;0;0;0;0;18
[RECV] BS2DCE notify: CM;1;52821;1;timeout;0;0;0;0;18|CM;1;52821;2;timeout;0;0;0;0;18|CM;1;52821;3;timeout;0;0;0;0;18
[RECV] BS2DCE notify: CM;1;52821;4;timeout;0;0;0;0;18|CM;1;52821;5;timeout;0;0;0;0;18|CM;1;52821;6;timeout;0;0;0;0;18
[RECV] BS2DCE notify: CR;1;52822;cal_roto;5;A;timeout;rx_timeout;0;0;0;0;0;0
[RECV] BS2DCE notify: CR;1;52822;cal_roto;5;B;timeout;rx_timeout;0;0;0;0;0;0
[RECV] BS2DCE notify: CR;1;52822;cal_roto;5;C;timeout;rx_timeout;0;0;0;0;0;0
[RECV] BS2DCE notify: CR;1;52822;cal_roto;5;D;timeout;rx_timeout;0;0;0;0;0;0
[RECV] BS2DCE notify: CR;1;52822;cal_roto;5;E;timeout;rx_timeout;0;0;0;0;0;0
[RECV] BS2DCE notify: CR;1;52822;cal_roto;5;F;timeout;rx_timeout;0;0;0;0;0;0
[RECV] BS2DCE notify: CR;1;52822;cal_roto;5;G;timeout;rx_timeout;0;0;0;0;0;0
[RECV] BSDC91 notify: CM;1;56446;3;timeout;0;0;0;0;19|CM;1;56446;4;timeout;0;0;0;0;19|CM;1;56446;6;timeout;0;0;0;0;19
[RECV] BSDC91 notify: CR;1;56447;cal_roto;5;B;timeout;rx_timeout;0;0;0;0;0;0
[RECV] BSDC91 notify: CR;1;56447;cal_roto;5;D;timeout;rx_timeout;0;0;0;0;0;0
[RECV] BSDC91 notify: CR;1;56447;cal_roto;5;E;timeout;rx_timeout;0;0;0;0;0;0
[RECV] BSDC91 notify: CR;1;56447;cal_roto;5;G;timeout;rx_timeout;0;0;0;0;0;0
[RECV] BSDC91 notify: CF;1;56447;cal_roto;5;pending;0;4;0;0;0;0
[RECV] BSDC91 notify: CS;1;56447;cal_roto;5;0;B,D,E,G;timeout,timeout,timeout,timeout;0,0,0,0
[RECV] BSF66F notify: CM;1;16778;0;timeout;0;0;0;0;9
[RECV] BSF66F notify: CM;1;16778;1;timeout;0;0;0;0;9|CM;1;16778;2;timeout;0;0;0;0;9|CM;1;16778;3;timeout;0;0;0;0;9
[RECV] BSF66F notify: CR;1;16779;cal_static;4;A;timeout;rx_timeout;0;0;0;0;0;0
[RECV] BSF66F notify: CR;1;16779;cal_static;4;B;timeout;rx_timeout;0;0;0;0;0;0
[RECV] BSF66F notify: CR;1;16779;cal_static;4;C;timeout;rx_timeout;0;0;0;0;0;0
[RECV] BSF66F notify: CR;1;16779;cal_static;4;D;timeout;rx_timeout;0;0;0;0;0;0
[RECV] BSF66F notify: CF;1;16779;cal_static;4;pending;0;4;0;0;0;0
[RECV] BSF66F notify: CS;1;16779;cal_static;4;0;A,B,C,D;timeout,timeout,timeout,timeout;0,0,0,0
[RECV] BS2DCE notify: CM;1;52822;0;timeout;0;0;0;0;19|CM;1;52822;1;timeout;0;0;0;0;19
[RECV] BS2DCE notify: CM;1;52822;2;timeout;0;0;0;0;19|CM;1;52822;3;timeout;0;0;0;0;19|CM;1;52822;4;timeout;0;0;0;0;19
[RECV] BS2DCE notify: CM;1;52822;5;timeout;0;0;0;0;19|CM;1;52822;6;timeout;0;0;0;0;19|CM;1;52822;7;timeout;0;0;0;0;19
[RECV] BSDC91 notify: CM;1;56447;1;timeout;0;0;0;0;20|CM;1;56447;3;timeout;0;0;0;0;20|CM;1;56447;4;timeout;0;0;0;0;20
[RECV] BS2DCE notify: CR;1;52823;cal_roto;5;A;timeout;rx_timeout;0;0;0;0;0;0
[RECV] BS2DCE notify: CR;1;52823;cal_roto;5;B;timeout;rx_timeout;0;0;0;0;0;0
[RECV] BS2DCE notify: CR;1;52823;cal_roto;5;C;timeout;rx_timeout;0;0;0;0;0;0
[RECV] BS2DCE notify: CR;1;52823;cal_roto;5;D;timeout;rx_timeout;0;0;0;0;0;0
[RECV] BS2DCE notify: CR;1;52823;cal_roto;5;E;timeout;rx_timeout;0;0;0;0;0;0
[RECV] BS2DCE notify: CR;1;52823;cal_roto;5;F;timeout;rx_timeout;0;0;0;0;0;0
[RECV] BS2DCE notify: CR;1;52823;cal_roto;5;G;timeout;rx_timeout;0;0;0;0;0;0
[RECV] BSDC91 notify: CR;1;56448;cal_roto;5;B;timeout;rx_timeout;0;0;0;0;0;0
[RECV] BSDC91 notify: CR;1;56448;cal_roto;5;D;timeout;rx_timeout;0;0;0;0;0;0
[RECV] BSDC91 notify: CR;1;56448;cal_roto;5;E;timeout;rx_timeout;0;0;0;0;0;0
[RECV] BSDC91 notify: CR;1;56448;cal_roto;5;G;timeout;rx_timeout;0;0;0;0;0;0
[RECV] BSDC91 notify: CF;1;56448;cal_roto;5;pending;0;4;0;0;0;0
[RECV] BSDC91 notify: CS;1;56448;cal_roto;5;0;B,D,E,G;timeout,timeout,timeout,timeout;0,0,0,0
[RECV] BSF66F notify: CM;1;16779;4;timeout;0;0;0;0;10|CM;1;16779;5;timeout;0;0;0;0;10|CM;1;16779;6;timeout;0;0;0;0;10
[RECV] BSF66F notify: CR;1;16780;cal_static;4;E;timeout;rx_timeout;0;0;0;0;0;0
[RECV] BSF66F notify: CR;1;16780;cal_static;4;F;timeout;rx_timeout;0;0;0;0;0;0
[RECV] BSF66F notify: CR;1;16780;cal_static;4;G;timeout;rx_timeout;0;0;0;0;0;0
[RECV] BSDC91 notify: CM;1;56448;1;timeout;0;0;0;0;21|CM;1;56448;3;timeout;0;0;0;0;21
[RECV] BSF66F notify: CR;1;16780;cal_static;4;H;timeout;rx_timeout;0;0;0;0;0;0
[RECV] BSF66F notify: CF;1;16780;cal_static;4;pending;0;4;0;0;0;0
[RECV] BSF66F notify: CS;1;16780;cal_static;4;0;E,F,G,H;timeout,timeout,timeout,timeout;0,0,0,0
[RECV] BS2DCE notify: CM;1;52823;0;timeout;0;0;0;0;20|CM;1;52823;1;timeout;0;0;0;0;20|CM;1;52823;2;timeout;0;0;0;0;20
[RECV] BS2DCE notify: CM;1;52823;3;timeout;0;0;0;0;20|CM;1;52823;4;timeout;0;0;0;0;20|CM;1;52823;5;timeout;0;0;0;0;20
[RECV] BS2DCE notify: CR;1;52824;cal_roto;5;A;timeout;rx_timeout;0;0;0;0;0;0
[RECV] BS2DCE notify: CR;1;52824;cal_roto;5;B;timeout;rx_timeout;0;0;0;0;0;0
[RECV] BS2DCE notify: CR;1;52824;cal_roto;5;C;timeout;rx_timeout;0;0;0;0;0;0
[RECV] BS2DCE notify: CR;1;52824;cal_roto;5;D;timeout;rx_timeout;0;0;0;0;0;0
[RECV] BS2DCE notify: CR;1;52824;cal_roto;5;E;timeout;rx_timeout;0;0;0;0;0;0
[RECV] BS2DCE notify: CR;1;52824;cal_roto;5;F;timeout;rx_timeout;0;0;0;0;0;0
[RECV] BS2DCE notify: CR;1;52824;cal_roto;5;G;timeout;rx_timeout;0;0;0;0;0;0
[RECV] BS2DCE notify: CR;1;52824;cal_roto;5;H;timeout;rx_timeout;0;0;0;0;0;0
[RECV] BSDC91 notify: CR;1;56449;cal_roto;5;D;timeout;rx_timeout;0;0;0;0;0;0
[RECV] BSDC91 notify: CR;1;56449;cal_roto;5;B;timeout;rx_timeout;0;0;0;0;0;0
[RECV] BSDC91 notify: CR;1;56449;cal_roto;5;E;timeout;rx_timeout;0;0;0;0;0;0
[RECV] BSDC91 notify: CR;1;56449;cal_roto;5;G;timeout;rx_timeout;0;0;0;0;0;0
[RECV] BSDC91 notify: CF;1;56449;cal_roto;5;pending;0;4;0;0;0;0
[RECV] BSDC91 notify: CS;1;56449;cal_roto;5;0;D,B,E,G;timeout,timeout,timeout,timeout;0,0,0,0
[RECV] BSF66F notify: CM;1;16780;0;timeout;0;0;0;0;10|CM;1;16780;1;timeout;0;0;0;0;10
[RECV] BSF66F notify: CR;1;16781;cal_static;4;A;timeout;rx_timeout;0;0;0;0;0;0
[RECV] BSF66F notify: CR;1;16781;cal_static;4;B;timeout;rx_timeout;0;0;0;0;0;0
[RECV] BSF66F notify: CR;1;16781;cal_static;4;C;timeout;rx_timeout;0;0;0;0;0;0
[RECV] BS2DCE notify: CM;1;52824;1;timeout;0;0;0;0;21
[RECV] BSF66F notify: CR;1;16781;cal_static;4;D;timeout;rx_timeout;0;0;0;0;0;0
[RECV] BSF66F notify: CF;1;16781;cal_static;4;pending;0;4;0;0;0;0
[RECV] BSF66F notify: CS;1;16781;cal_static;4;0;A,B,C,D;timeout,timeout,timeout,timeout;0,0,0,0
[RECV] BSDC91 notify: CM;1;56449;3;timeout;0;0;0;0;22
[RECV] BS2DCE notify: CM;1;52824;3;timeout;0;0;0;0;21|CM;1;52824;4;timeout;0;0;0;0;21|CM;1;52824;6;timeout;0;0;0;0;21
[RECV] BS2DCE notify: CR;1;52825;cal_roto;5;B;timeout;rx_timeout;0;0;0;0;0;0
[RECV] BS2DCE notify: CR;1;52825;cal_roto;5;D;timeout;rx_timeout;0;0;0;0;0;0
[RECV] BS2DCE notify: CR;1;52825;cal_roto;5;E;timeout;rx_timeout;0;0;0;0;0;0
[RECV] BS2DCE notify: CR;1;52825;cal_roto;5;G;timeout;rx_timeout;0;0;0;0;0;0
[RECV] BS2DCE notify: CF;1;52825;cal_roto;5;pending;0;4;0;0;0;0
[RECV] BS2DCE notify: CS;1;52825;cal_roto;5;0;B,D,E,G;timeout,timeout,timeout,timeout;0,0,0,0
[RECV] BSDC91 notify: CM;1;56449;1;timeout;0;0;0;0;22|CM;1;56449;4;timeout;0;0;0;0;22|CM;1;56449;6;timeout;0;0;0;0;22
[RECV] BSDC91 notify: CR;1;56450;cal_roto;5;D;timeout;rx_timeout;0;0;0;0;0;0
[RECV] BSDC91 notify: CR;1;56450;cal_roto;5;B;timeout;rx_timeout;0;0;0;0;0;0
[RECV] BSDC91 notify: CR;1;56450;cal_roto;5;E;timeout;rx_timeout;0;0;0;0;0;0
[RECV] BS2DCE notify: CM;1;52825;1;timeout;0;0;0;0;22|CM;1;52825;3;timeout;0;0;0;0;22|CM;1;52825;4;timeout;0;0;0;0;22
[RECV] BSDC91 notify: CR;1;56450;cal_roto;5;G;timeout;rx_timeout;0;0;0;0;0;0
[RECV] BSDC91 notify: CF;1;56450;cal_roto;5;pending;0;4;0;0;0;0
[RECV] BSDC91 notify: CS;1;56450;cal_roto;5;0;D,B,E,G;timeout,timeout,timeout,timeout;0,0,0,0
[RECV] BSF66F notify: CM;1;16781;4;timeout;0;0;0;0;11
[RECV] BSF66F notify: CM;1;16781;5;timeout;0;0;0;0;11|CM;1;16781;6;timeout;0;0;0;0;11|CM;1;16781;7;timeout;0;0;0;0;11
[RECV] BSF66F notify: CR;1;16782;cal_static;4;E;timeout;rx_timeout;0;0;0;0;0;0
[RECV] BSF66F notify: CR;1;16782;cal_static;4;F;timeout;rx_timeout;0;0;0;0;0;0
[RECV] BSF66F notify: CR;1;16782;cal_static;4;G;timeout;rx_timeout;0;0;0;0;0;0
[RECV] BSF66F notify: CR;1;16782;cal_static;4;H;timeout;rx_timeout;0;0;0;0;0;0
[RECV] BSF66F notify: CF;1;16782;cal_static;4;pending;0;4;0;0;0;0
[RECV] BSF66F notify: CS;1;16782;cal_static;4;0;E,F,G,H;timeout,timeout,timeout,timeout;0,0,0,0
[RECV] BSDC91 notify: CM;1;56450;1;timeout;0;0;0;0;23|CM;1;56450;3;timeout;0;0;0;0;23|CM;1;56450;4;timeout;0;0;0;0;23
[RECV] BS2DCE notify: CR;1;52826;cal_roto;5;B;timeout;rx_timeout;0;0;0;0;0;0
[RECV] BS2DCE notify: CR;1;52826;cal_roto;5;D;timeout;rx_timeout;0;0;0;0;0;0
[RECV] BS2DCE notify: CR;1;52826;cal_roto;5;E;timeout;rx_timeout;0;0;0;0;0;0
[RECV] BS2DCE notify: CR;1;52826;cal_roto;5;G;timeout;rx_timeout;0;0;0;0;0;0
[RECV] BS2DCE notify: CF;1;52826;cal_roto;5;pending;0;4;0;0;0;0
[RECV] BSDC91 notify: CR;1;56451;cal_roto;5;B;timeout;rx_timeout;0;0;0;0;0;0
[RECV] BSDC91 notify: CR;1;56451;cal_roto;5;D;timeout;rx_timeout;0;0;0;0;0;0
[RECV] BSDC91 notify: CR;1;56451;cal_roto;5;E;timeout;rx_timeout;0;0;0;0;0;0
[RECV] BSDC91 notify: CR;1;56451;cal_roto;5;G;timeout;rx_timeout;0;0;0;0;0;0
[RECV] BSDC91 notify: CF;1;56451;cal_roto;5;pending;0;4;0;0;0;0
[RECV] BS2DCE notify: CS;1;52826;cal_roto;5;0;B,D,E,G;timeout,timeout,timeout,timeout;0,0,0,0
[RECV] BSDC91 notify: CS;1;56451;cal_roto;5;0;B,D,E,G;timeout,timeout,timeout,timeout;0,0,0,0
[RECV] BSF66F notify: CM;1;16782;0;timeout;0;0;0;0;11|CM;1;16782;1;timeout;0;0;0;0;11|CM;1;16782;2;timeout;0;0;0;0;11
[RECV] BSF66F notify: CR;1;16783;cal_static;4;A;timeout;rx_timeout;0;0;0;0;0;0
[RECV] BSF66F notify: CR;1;16783;cal_static;4;B;timeout;rx_timeout;0;0;0;0;0;0
[RECV] BSF66F notify: CR;1;16783;cal_static;4;C;timeout;rx_timeout;0;0;0;0;0;0
[RECV] BS2DCE notify: CM;1;52826;1;timeout;0;0;0;0;23|CM;1;52826;3;timeout;0;0;0;0;23
[RECV] BSF66F notify: CR;1;16783;cal_static;4;D;timeout;rx_timeout;0;0;0;0;0;0
[RECV] BSF66F notify: CF;1;16783;cal_static;4;pending;0;4;0;0;0;0
[RECV] BSF66F notify: CS;1;16783;cal_static;4;0;A,B,C,D;timeout,timeout,timeout,timeout;0,0,0,0
[RECV] BSDC91 notify: CM;1;56451;1;timeout;0;0;0;0;24|CM;1;56451;3;timeout;0;0;0;0;24
[RECV] BS2DCE notify: CR;1;52827;cal_roto;5;D;timeout;rx_timeout;0;0;0;0;0;0
[RECV] BS2DCE notify: CR;1;52827;cal_roto;5;B;timeout;rx_timeout;0;0;0;0;0;0
[RECV] BS2DCE notify: CR;1;52827;cal_roto;5;E;timeout;rx_timeout;0;0;0;0;0;0
[RECV] BS2DCE notify: CR;1;52827;cal_roto;5;G;timeout;rx_timeout;0;0;0;0;0;0
[RECV] BS2DCE notify: CF;1;52827;cal_roto;5;pending;0;4;0;0;0;0
[RECV] BSDC91 notify: CR;1;56452;cal_roto;5;B;timeout;rx_timeout;0;0;0;0;0;0
[RECV] BSDC91 notify: CR;1;56452;cal_roto;5;D;timeout;rx_timeout;0;0;0;0;0;0
[RECV] BSDC91 notify: CR;1;56452;cal_roto;5;G;timeout;rx_timeout;0;0;0;0;0;0
[RECV] BSDC91 notify: CR;1;56452;cal_roto;5;E;timeout;rx_timeout;0;0;0;0;0;0
[RECV] BSDC91 notify: CF;1;56452;cal_roto;5;pending;0;4;0;0;0;0
[RECV] BS2DCE notify: CS;1;52827;cal_roto;5;0;D,B,E,G;timeout,timeout,timeout,timeout;0,0,0,0
[RECV] BSDC91 notify: CS;1;56452;cal_roto;5;0;B,D,G,E;timeout,timeout,timeout,timeout;0,0,0,0
[RECV] BSF66F notify: CM;1;16783;4;timeout;0;0;0;0;12|CM;1;16783;5;timeout;0;0;0;0;12
[RECV] BSF66F notify: CR;1;16784;cal_static;4;E;timeout;rx_timeout;0;0;0;0;0;0
[RECV] BSF66F notify: CR;1;16784;cal_static;4;F;timeout;rx_timeout;0;0;0;0;0;0
[RECV] BSF66F notify: CR;1;16784;cal_static;4;G;timeout;rx_timeout;0;0;0;0;0;0
[RECV] BS2DCE notify: CM;1;52827;3;timeout;0;0;0;0;24
[RECV] BSF66F notify: CR;1;16784;cal_static;4;H;timeout;rx_timeout;0;0;0;0;0;0
[RECV] BSF66F notify: CF;1;16784;cal_static;4;pending;0;4;0;0;0;0
[RECV] BSF66F notify: CS;1;16784;cal_static;4;0;E,F,G,H;timeout,timeout,timeout,timeout;0,0,0,0
[RECV] BSDC91 notify: CM;1;56452;1;timeout;0;0;0;0;25
[RECV] BS2DCE notify: CM;1;52827;1;timeout;0;0;0;0;24|CM;1;52827;4;timeout;0;0;0;0;24|CM;1;52827;6;timeout;0;0;0;0;24
[RECV] BS2DCE notify: CR;1;52828;cal_roto;5;D;timeout;rx_timeout;0;0;0;0;0;0
[RECV] BS2DCE notify: CR;1;52828;cal_roto;5;B;timeout;rx_timeout;0;0;0;0;0;0
[RECV] BS2DCE notify: CR;1;52828;cal_roto;5;E;timeout;rx_timeout;0;0;0;0;0;0
[RECV] BS2DCE notify: CR;1;52828;cal_roto;5;G;timeout;rx_timeout;0;0;0;0;0;0
[RECV] BS2DCE notify: CF;1;52828;cal_roto;5;pending;0;4;0;0;0;0
[RECV] BS2DCE notify: CS;1;52828;cal_roto;5;0;D,B,E,G;timeout,timeout,timeout,timeout;0,0,0,0
[RECV] BSDC91 notify: CM;1;56452;3;timeout;0;0;0;0;25|CM;1;56452;4;timeout;0;0;0;0;25|CM;1;56452;6;timeout;0;0;0;0;25
[RECV] BSDC91 notify: CR;1;56453;cal_roto;5;B;timeout;rx_timeout;0;0;0;0;0;0
[RECV] BSDC91 notify: CR;1;56453;cal_roto;5;D;timeout;rx_timeout;0;0;0;0;0;0
[RECV] BSDC91 notify: CR;1;56453;cal_roto;5;G;timeout;rx_timeout;0;0;0;0;0;0
[RECV] BSDC91 notify: CR;1;56453;cal_roto;5;E;timeout;rx_timeout;0;0;0;0;0;0
[RECV] BSDC91 notify: CF;1;56453;cal_roto;5;pending;0;4;0;0;0;0
[RECV] BSDC91 notify: CS;1;56453;cal_roto;5;0;B,D,G,E;timeout,timeout,timeout,timeout;0,0,0,0
[RECV] BSF66F notify: CM;1;16784;0;timeout;0;0;0;0;12
[RECV] BSF66F notify: CM;1;16784;1;timeout;0;0;0;0;12|CM;1;16784;2;timeout;0;0;0;0;12|CM;1;16784;3;timeout;0;0;0;0;12
[RECV] BSF66F notify: CR;1;16785;cal_static;4;A;timeout;rx_timeout;0;0;0;0;0;0
[RECV] BSF66F notify: CR;1;16785;cal_static;4;B;timeout;rx_timeout;0;0;0;0;0;0
[RECV] BS2DCE notify: CM;1;52828;1;timeout;0;0;0;0;25|CM;1;52828;3;timeout;0;0;0;0;25|CM;1;52828;4;timeout;0;0;0;0;25
[RECV] BSF66F notify: CR;1;16785;cal_static;4;C;timeout;rx_timeout;0;0;0;0;0;0
[RECV] BSF66F notify: CR;1;16785;cal_static;4;D;timeout;rx_timeout;0;0;0;0;0;0
[RECV] BSF66F notify: CF;1;16785;cal_static;4;pending;0;4;0;0;0;0
[RECV] BSF66F notify: CS;1;16785;cal_static;4;0;A,B,C,D;timeout,timeout,timeout,timeout;0,0,0,0
[RECV] BSDC91 notify: CM;1;56453;1;timeout;0;0;0;0;26|CM;1;56453;3;timeout;0;0;0;0;26|CM;1;56453;4;timeout;0;0;0;0;26
[RECV] BS2DCE notify: CR;1;52829;cal_roto;5;B;timeout;rx_timeout;0;0;0;0;0;0
[RECV] BS2DCE notify: CR;1;52829;cal_roto;5;D;timeout;rx_timeout;0;0;0;0;0;0
[RECV] BS2DCE notify: CR;1;52829;cal_roto;5;E;timeout;rx_timeout;0;0;0;0;0;0
[RECV] BS2DCE notify: CR;1;52829;cal_roto;5;G;timeout;rx_timeout;0;0;0;0;0;0
[RECV] BS2DCE notify: CF;1;52829;cal_roto;5;pending;0;4;0;0;0;0
[RECV] BS2DCE notify: CS;1;52829;cal_roto;5;0;B,D,E,G;timeout,timeout,timeout,timeout;0,0,0,0
[RECV] BSDC91 notify: CR;1;56454;cal_roto;5;B;timeout;rx_timeout;0;0;0;0;0;0
[RECV] BSDC91 notify: CR;1;56454;cal_roto;5;D;timeout;rx_timeout;0;0;0;0;0;0
[RECV] BSDC91 notify: CR;1;56454;cal_roto;5;E;timeout;rx_timeout;0;0;0;0;0;0
[RECV] BSDC91 notify: CR;1;56454;cal_roto;5;G;timeout;rx_timeout;0;0;0;0;0;0
[RECV] BSDC91 notify: CF;1;56454;cal_roto;5;pending;0;4;0;0;0;0
[RECV] BSDC91 notify: CS;1;56454;cal_roto;5;0;B,D,E,G;timeout,timeout,timeout,timeout;0,0,0,0
[RECV] BS2DCE notify: CM;1;52829;1;timeout;0;0;0;0;26|CM;1;52829;3;timeout;0;0;0;0;26
[RECV] BSF66F notify: CM;1;16785;4;timeout;0;0;0;0;13|CM;1;16785;5;timeout;0;0;0;0;13|CM;1;16785;6;timeout;0;0;0;0;13
[RECV] BSF66F notify: CR;1;16786;cal_static;4;E;timeout;rx_timeout;0;0;0;0;0;0
[RECV] BSF66F notify: CR;1;16786;cal_static;4;F;timeout;rx_timeout;0;0;0;0;0;0
[RECV] BSF66F notify: CR;1;16786;cal_static;4;G;timeout;rx_timeout;0;0;0;0;0;0
[RECV] BSF66F notify: CR;1;16786;cal_static;4;H;timeout;rx_timeout;0;0;0;0;0;0
[RECV] BSF66F notify: CF;1;16786;cal_static;4;pending;0;4;0;0;0;0
[RECV] BSF66F notify: CS;1;16786;cal_static;4;0;E,F,G,H;timeout,timeout,timeout,timeout;0,0,0,0
[RECV] BSDC91 notify: CM;1;56454;1;timeout;0;0;0;0;27|CM;1;56454;3;timeout;0;0;0;0;27
[RECV] BS2DCE notify: CR;1;52830;cal_roto;5;B;timeout;rx_timeout;0;0;0;0;0;0
[RECV] BS2DCE notify: CR;1;52830;cal_roto;5;D;timeout;rx_timeout;0;0;0;0;0;0
[RECV] BS2DCE notify: CR;1;52830;cal_roto;5;G;timeout;rx_timeout;0;0;0;0;0;0
[RECV] BS2DCE notify: CR;1;52830;cal_roto;5;E;timeout;rx_timeout;0;0;0;0;0;0
[RECV] BS2DCE notify: CF;1;52830;cal_roto;5;pending;0;4;0;0;0;0
[RECV] BS2DCE notify: CS;1;52830;cal_roto;5;0;B,D,G,E;timeout,timeout,timeout,timeout;0,0,0,0
[RECV] BSDC91 notify: CR;1;56455;cal_roto;5;B;timeout;rx_timeout;0;0;0;0;0;0
[RECV] BSDC91 notify: CR;1;56455;cal_roto;5;D;timeout;rx_timeout;0;0;0;0;0;0
[RECV] BSDC91 notify: CR;1;56455;cal_roto;5;E;timeout;rx_timeout;0;0;0;0;0;0
[RECV] BSDC91 notify: CR;1;56455;cal_roto;5;G;timeout;rx_timeout;0;0;0;0;0;0
[RECV] BSDC91 notify: CF;1;56455;cal_roto;5;pending;0;4;0;0;0;0
[RECV] BSDC91 notify: CS;1;56455;cal_roto;5;0;B,D,E,G;timeout,timeout,timeout,timeout;0,0,0,0
[RECV] BS2DCE notify: CM;1;52830;1;timeout;0;0;0;0;27
[RECV] BSF66F notify: CM;1;16786;0;timeout;0;0;0;0;13|CM;1;16786;1;timeout;0;0;0;0;13
[RECV] BSF66F notify: CR;1;16787;cal_static;4;A;timeout;rx_timeout;0;0;0;0;0;0
[RECV] BSF66F notify: CR;1;16787;cal_static;4;B;timeout;rx_timeout;0;0;0;0;0;0
[RECV] BSF66F notify: CR;1;16787;cal_static;4;C;timeout;rx_timeout;0;0;0;0;0;0
[RECV] BSDC91 notify: CM;1;56455;1;timeout;0;0;0;0;28
[RECV] BSF66F notify: CR;1;16787;cal_static;4;D;timeout;rx_timeout;0;0;0;0;0;0
[RECV] BSF66F notify: CF;1;16787;cal_static;4;pending;0;4;0;0;0;0
[RECV] BSF66F notify: CS;1;16787;cal_static;4;0;A,B,C,D;timeout,timeout,timeout,timeout;0,0,0,0
[RECV] BS2DCE notify: CM;1;52830;3;timeout;0;0;0;0;27|CM;1;52830;4;timeout;0;0;0;0;27|CM;1;52830;6;timeout;0;0;0;0;27
[RECV] BS2DCE notify: CR;1;52831;cal_roto;5;B;timeout;rx_timeout;0;0;0;0;0;0
[RECV] BS2DCE notify: CR;1;52831;cal_roto;5;D;timeout;rx_timeout;0;0;0;0;0;0
[RECV] BS2DCE notify: CR;1;52831;cal_roto;5;G;timeout;rx_timeout;0;0;0;0;0;0
[RECV] BS2DCE notify: CR;1;52831;cal_roto;5;E;timeout;rx_timeout;0;0;0;0;0;0
[RECV] BS2DCE notify: CF;1;52831;cal_roto;5;pending;0;4;0;0;0;0
[RECV] BS2DCE notify: CS;1;52831;cal_roto;5;0;B,D,G,E;timeout,timeout,timeout,timeout;0,0,0,0
[RECV] BSDC91 notify: CM;1;56455;3;timeout;0;0;0;0;28|CM;1;56455;4;timeout;0;0;0;0;28|CM;1;56455;6;timeout;0;0;0;0;28
[RECV] BSDC91 notify: CR;1;56456;cal_roto;5;B;timeout;rx_timeout;0;0;0;0;0;0
[RECV] BSDC91 notify: CR;1;56456;cal_roto;5;D;timeout;rx_timeout;0;0;0;0;0;0
[RECV] BSDC91 notify: CR;1;56456;cal_roto;5;E;timeout;rx_timeout;0;0;0;0;0;0
[RECV] BSDC91 notify: CR;1;56456;cal_roto;5;G;timeout;rx_timeout;0;0;0;0;0;0
[RECV] BSDC91 notify: CF;1;56456;cal_roto;5;pending;0;4;0;0;0;0
[RECV] BSDC91 notify: CS;1;56456;cal_roto;5;0;B,D,E,G;timeout,timeout,timeout,timeout;0,0,0,0
[RECV] BS2DCE notify: CM;1;52831;1;timeout;0;0;0;0;28|CM;1;52831;3;timeout;0;0;0;0;28|CM;1;52831;4;timeout;0;0;0;0;28
[RECV] BSF66F notify: CM;1;16787;4;timeout;0;0;0;0;14
[RECV] BSF66F notify: CM;1;16787;5;timeout;0;0;0;0;14|CM;1;16787;6;timeout;0;0;0;0;14|CM;1;16787;7;timeout;0;0;0;0;14
[RECV] BSF66F notify: CR;1;16788;cal_static;4;E;timeout;rx_timeout;0;0;0;0;0;0
[RECV] BSF66F notify: CR;1;16788;cal_static;4;F;timeout;rx_timeout;0;0;0;0;0;0
[RECV] BSDC91 notify: CM;1;56456;1;timeout;0;0;0;0;29|CM;1;56456;3;timeout;0;0;0;0;29|CM;1;56456;4;timeout;0;0;0;0;29
[RECV] BSF66F notify: CR;1;16788;cal_static;4;G;timeout;rx_timeout;0;0;0;0;0;0
[RECV] BSF66F notify: CR;1;16788;cal_static;4;H;timeout;rx_timeout;0;0;0;0;0;0
[RECV] BSF66F notify: CF;1;16788;cal_static;4;pending;0;4;0;0;0;0
[RECV] BSF66F notify: CS;1;16788;cal_static;4;0;E,F,G,H;timeout,timeout,timeout,timeout;0,0,0,0
[RECV] BS2DCE notify: CR;1;52832;cal_roto;5;B;timeout;rx_timeout;0;0;0;0;0;0
[RECV] BS2DCE notify: CR;1;52832;cal_roto;5;D;timeout;rx_timeout;0;0;0;0;0;0
[RECV] BS2DCE notify: CR;1;52832;cal_roto;5;E;timeout;rx_timeout;0;0;0;0;0;0
[RECV] BS2DCE notify: CR;1;52832;cal_roto;5;G;timeout;rx_timeout;0;0;0;0;0;0
[RECV] BS2DCE notify: CF;1;52832;cal_roto;5;pending;0;4;0;0;0;0
[RECV] BS2DCE notify: CS;1;52832;cal_roto;5;0;B,D,E,G;timeout,timeout,timeout,timeout;0,0,0,0
[RECV] BSDC91 notify: CR;1;56457;cal_roto;5;D;timeout;rx_timeout;0;0;0;0;0;0
[RECV] BSDC91 notify: CR;1;56457;cal_roto;5;B;timeout;rx_timeout;0;0;0;0;0;0
[RECV] BSDC91 notify: CR;1;56457;cal_roto;5;E;timeout;rx_timeout;0;0;0;0;0;0
[RECV] BSDC91 notify: CR;1;56457;cal_roto;5;G;timeout;rx_timeout;0;0;0;0;0;0
[RECV] BSDC91 notify: CF;1;56457;cal_roto;5;pending;0;4;0;0;0;0
[RECV] BSDC91 notify: CS;1;56457;cal_roto;5;0;D,B,E,G;timeout,timeout,timeout,timeout;0,0,0,0
[RECV] BSF66F notify: CM;1;16788;0;timeout;0;0;0;0;14|CM;1;16788;1;timeout;0;0;0;0;14|CM;1;16788;2;timeout;0;0;0;0;14
[RECV] BSF66F notify: CR;1;16789;cal_static;4;A;timeout;rx_timeout;0;0;0;0;0;0
[RECV] BSF66F notify: CR;1;16789;cal_static;4;B;timeout;rx_timeout;0;0;0;0;0;0
[RECV] BSF66F notify: CR;1;16789;cal_static;4;C;timeout;rx_timeout;0;0;0;0;0;0
[RECV] BS2DCE notify: CM;1;52832;1;timeout;0;0;0;0;29|CM;1;52832;3;timeout;0;0;0;0;29
[RECV] BSDC91 notify: CM;1;56457;1;timeout;0;0;0;0;30|CM;1;56457;3;timeout;0;0;0;0;30
[RECV] BSF66F notify: CR;1;16789;cal_static;4;D;timeout;rx_timeout;0;0;0;0;0;0
[RECV] BSF66F notify: CF;1;16789;cal_static;4;pending;0;4;0;0;0;0
[RECV] BSF66F notify: CS;1;16789;cal_static;4;0;A,B,C,D;timeout,timeout,timeout,timeout;0,0,0,0
[RECV] BS2DCE notify: CR;1;52833;cal_roto;5;B;timeout;rx_timeout;0;0;0;0;0;0
[RECV] BS2DCE notify: CR;1;52833;cal_roto;5;D;timeout;rx_timeout;0;0;0;0;0;0
[RECV] BS2DCE notify: CR;1;52833;cal_roto;5;E;timeout;rx_timeout;0;0;0;0;0;0
[RECV] BS2DCE notify: CR;1;52833;cal_roto;5;G;timeout;rx_timeout;0;0;0;0;0;0
[RECV] BS2DCE notify: CF;1;52833;cal_roto;5;pending;0;4;0;0;0;0
[RECV] BS2DCE notify: CS;1;52833;cal_roto;5;0;B,D,E,G;timeout,timeout,timeout,timeout;0,0,0,0
[RECV] BSDC91 notify: CR;1;56458;cal_roto;5;D;timeout;rx_timeout;0;0;0;0;0;0
[RECV] BSDC91 notify: CR;1;56458;cal_roto;5;B;timeout;rx_timeout;0;0;0;0;0;0
[RECV] BSDC91 notify: CR;1;56458;cal_roto;5;E;timeout;rx_timeout;0;0;0;0;0;0
[RECV] BSDC91 notify: CR;1;56458;cal_roto;5;G;timeout;rx_timeout;0;0;0;0;0;0
[RECV] BSDC91 notify: CF;1;56458;cal_roto;5;pending;0;4;0;0;0;0
[RECV] BSDC91 notify: CS;1;56458;cal_roto;5;0;D,B,E,G;timeout,timeout,timeout,timeout;0,0,0,0
[RECV] BS2DCE notify: CM;1;52833;1;timeout;0;0;0;0;30
[RECV] BSF66F notify: CM;1;16789;4;timeout;0;0;0;0;15|CM;1;16789;5;timeout;0;0;0;0;15
[RECV] BSF66F notify: CR;1;16790;cal_static;4;E;timeout;rx_timeout;0;0;0;0;0;0
[RECV] BSF66F notify: CR;1;16790;cal_static;4;F;timeout;rx_timeout;0;0;0;0;0;0
[RECV] BSF66F notify: CR;1;16790;cal_static;4;G;timeout;rx_timeout;0;0;0;0;0;0
[RECV] BSF66F notify: CR;1;16790;cal_static;4;H;timeout;rx_timeout;0;0;0;0;0;0
[RECV] BSDC91 notify: CM;1;56458;1;timeout;0;0;0;0;31
[RECV] BSF66F notify: CF;1;16790;cal_static;4;pending;0;4;0;0;0;0
[RECV] BSF66F notify: CS;1;16790;cal_static;4;0;E,F,G,H;timeout,timeout,timeout,timeout;0,0,0,0
[RECV] BS2DCE notify: CM;1;52833;3;timeout;0;0;0;0;30|CM;1;52833;4;timeout;0;0;0;0;30|CM;1;52833;6;timeout;0;0;0;0;30
[RECV] BS2DCE notify: CR;1;52834;cal_roto;5;B;timeout;rx_timeout;0;0;0;0;0;0
[RECV] BS2DCE notify: CR;1;52834;cal_roto;5;D;timeout;rx_timeout;0;0;0;0;0;0
[RECV] BS2DCE notify: CR;1;52834;cal_roto;5;E;timeout;rx_timeout;0;0;0;0;0;0
[RECV] BS2DCE notify: CR;1;52834;cal_roto;5;G;timeout;rx_timeout;0;0;0;0;0;0
[RECV] BS2DCE notify: CF;1;52834;cal_roto;5;pending;0;4;0;0;0;0
[RECV] BS2DCE notify: CS;1;52834;cal_roto;5;0;B,D,E,G;timeout,timeout,timeout,timeout;0,0,0,0
[RECV] BSDC91 notify: CM;1;56458;3;timeout;0;0;0;0;31|CM;1;56458;4;timeout;0;0;0;0;31|CM;1;56458;6;timeout;0;0;0;0;31
[RECV] BSDC91 notify: CR;1;56459;cal_roto;5;B;timeout;rx_timeout;0;0;0;0;0;0
[RECV] BSDC91 notify: CR;1;56459;cal_roto;5;D;timeout;rx_timeout;0;0;0;0;0;0
[RECV] BSDC91 notify: CR;1;56459;cal_roto;5;E;timeout;rx_timeout;0;0;0;0;0;0
[RECV] BS2DCE notify: CM;1;52834;1;timeout;0;0;0;0;31|CM;1;52834;3;timeout;0;0;0;0;31|CM;1;52834;4;timeout;0;0;0;0;31
[RECV] BSDC91 notify: CR;1;56459;cal_roto;5;G;timeout;rx_timeout;0;0;0;0;0;0
[RECV] BSDC91 notify: CF;1;56459;cal_roto;5;pending;0;4;0;0;0;0
[RECV] BSDC91 notify: CS;1;56459;cal_roto;5;0;B,D,E,G;timeout,timeout,timeout,timeout;0,0,0,0
[RECV] BSF66F notify: CM;1;16790;0;timeout;0;0;0;0;15
[RECV] BSF66F notify: CM;1;16790;1;timeout;0;0;0;0;15|CM;1;16790;2;timeout;0;0;0;0;15|CM;1;16790;3;timeout;0;0;0;0;15
[RECV] BSF66F notify: CR;1;16791;cal_static;4;A;timeout;rx_timeout;0;0;0;0;0;0
[RECV] BSF66F notify: CR;1;16791;cal_static;4;B;timeout;rx_timeout;0;0;0;0;0;0
[RECV] BSF66F notify: CR;1;16791;cal_static;4;C;timeout;rx_timeout;0;0;0;0;0;0
[RECV] BSF66F notify: CR;1;16791;cal_static;4;D;timeout;rx_timeout;0;0;0;0;0;0
[RECV] BSF66F notify: CF;1;16791;cal_static;4;pending;0;4;0;0;0;0
[RECV] BSF66F notify: CS;1;16791;cal_static;4;0;A,B,C,D;timeout,timeout,timeout,timeout;0,0,0,0
[RECV] BSDC91 notify: CM;1;56459;1;timeout;0;0;0;0;32|CM;1;56459;3;timeout;0;0;0;0;32|CM;1;56459;6;timeout;0;0;0;0;32
[RECV] BS2DCE notify: CR;1;52835;cal_roto;5;D;timeout;rx_timeout;0;0;0;0;0;0
[RECV] BS2DCE notify: CR;1;52835;cal_roto;5;B;timeout;rx_timeout;0;0;0;0;0;0
[RECV] BS2DCE notify: CR;1;52835;cal_roto;5;E;timeout;rx_timeout;0;0;0;0;0;0
[RECV] BS2DCE notify: CR;1;52835;cal_roto;5;G;timeout;rx_timeout;0;0;0;0;0;0
[RECV] BS2DCE notify: CF;1;52835;cal_roto;5;pending;0;4;0;0;0;0
[RECV] BS2DCE notify: CS;1;52835;cal_roto;5;0;D,B,E,G;timeout,timeout,timeout,timeout;0,0,0,0
[RECV] BSDC91 notify: CR;1;56460;cal_roto;5;B;timeout;rx_timeout;0;0;0;0;0;0
[RECV] BSDC91 notify: CR;1;56460;cal_roto;5;D;timeout;rx_timeout;0;0;0;0;0;0
[RECV] BS2DCE notify: CM;1;52835;1;timeout;0;0;0;0;32|CM;1;52835;3;timeout;0;0;0;0;32
[RECV] BSF66F notify: CM;1;16791;4;timeout;0;0;0;0;16|CM;1;16791;5;timeout;0;0;0;0;16|CM;1;16791;6;timeout;0;0;0;0;16
[RECV] BSF66F notify: CR;1;16792;cal_static;4;E;timeout;rx_timeout;0;0;0;0;0;0
[RECV] BSF66F notify: CR;1;16792;cal_static;4;F;timeout;rx_timeout;0;0;0;0;0;0
[RECV] BSF66F notify: CR;1;16792;cal_static;4;G;timeout;rx_timeout;0;0;0;0;0;0
[RECV] BSF66F notify: CR;1;16792;cal_static;4;H;timeout;rx_timeout;0;0;0;0;0;0
[RECV] BSF66F notify: CF;1;16792;cal_static;4;pending;0;4;0;0;0;0
[RECV] BSF66F notify: CS;1;16792;cal_static;4;0;E,F,G,H;timeout,timeout,timeout,timeout;0,0,0,0
[RECV] BSDC91 notify: CR;1;56460;cal_roto;5;G;timeout;rx_timeout;0;0;0;0;0;0
[RECV] BSDC91 notify: CR;1;56460;cal_roto;5;E;timeout;rx_timeout;0;0;0;0;0;0
[RECV] BSDC91 notify: CF;1;56460;cal_roto;5;pending;0;4;0;0;0;0
[RECV] BSDC91 notify: CS;1;56460;cal_roto;5;0;B,D,G,E;timeout,timeout,timeout,timeout;0,0,0,0
[RECV] BSDC91 notify: CM;1;56460;1;timeout;0;0;0;0;33|CM;1;56460;3;timeout;0;0;0;0;33
[RECV] BS2DCE notify: CR;1;52836;cal_roto;5;D;timeout;rx_timeout;0;0;0;0;0;0
[RECV] BS2DCE notify: CR;1;52836;cal_roto;5;B;timeout;rx_timeout;0;0;0;0;0;0
[RECV] BS2DCE notify: CR;1;52836;cal_roto;5;E;timeout;rx_timeout;0;0;0;0;0;0
[RECV] BS2DCE notify: CR;1;52836;cal_roto;5;G;timeout;rx_timeout;0;0;0;0;0;0
[RECV] BS2DCE notify: CF;1;52836;cal_roto;5;pending;0;4;0;0;0;0
[RECV] BSDC91 notify: CR;1;56461;cal_roto;5;B;timeout;rx_timeout;0;0;0;0;0;0
[RECV] BSDC91 notify: CR;1;56461;cal_roto;5;D;timeout;rx_timeout;0;0;0;0;0;0
[RECV] BSDC91 notify: CR;1;56461;cal_roto;5;G;timeout;rx_timeout;0;0;0;0;0;0
[RECV] BSDC91 notify: CR;1;56461;cal_roto;5;E;timeout;rx_timeout;0;0;0;0;0;0
[RECV] BSDC91 notify: CF;1;56461;cal_roto;5;pending;0;4;0;0;0;0
[RECV] BS2DCE notify: CS;1;52836;cal_roto;5;0;D,B,E,G;timeout,timeout,timeout,timeout;0,0,0,0
[RECV] BSDC91 notify: CS;1;56461;cal_roto;5;0;B,D,G,E;timeout,timeout,timeout,timeout;0,0,0,0
[RECV] BSF66F notify: CM;1;16792;0;timeout;0;0;0;0;16|CM;1;16792;1;timeout;0;0;0;0;16
[RECV] BSF66F notify: CR;1;16793;cal_static;4;A;timeout;rx_timeout;0;0;0;0;0;0
[RECV] BSF66F notify: CR;1;16793;cal_static;4;B;timeout;rx_timeout;0;0;0;0;0;0
[RECV] BSF66F notify: CR;1;16793;cal_static;4;C;timeout;rx_timeout;0;0;0;0;0;0
[RECV] BS2DCE notify: CM;1;52836;1;timeout;0;0;0;0;33
[RECV] BSF66F notify: CR;1;16793;cal_static;4;D;timeout;rx_timeout;0;0;0;0;0;0
[RECV] BSF66F notify: CF;1;16793;cal_static;4;pending;0;4;0;0;0;0
[RECV] BSF66F notify: CS;1;16793;cal_static;4;0;A,B,C,D;timeout,timeout,timeout,timeout;0,0,0,0
[RECV] BS2DCE notify: CM;1;52836;3;timeout;0;0;0;0;33|CM;1;52836;4;timeout;0;0;0;0;33|CM;1;52836;6;timeout;0;0;0;0;33
[RECV] BS2DCE notify: CR;1;52837;cal_roto;5;B;timeout;rx_timeout;0;0;0;0;0;0
[RECV] BS2DCE notify: CR;1;52837;cal_roto;5;D;timeout;rx_timeout;0;0;0;0;0;0
[RECV] BS2DCE notify: CR;1;52837;cal_roto;5;E;timeout;rx_timeout;0;0;0;0;0;0
[RECV] BSDC91 notify: CM;1;56461;1;timeout;0;0;0;0;34
[RECV] BS2DCE notify: CR;1;52837;cal_roto;5;G;timeout;rx_timeout;0;0;0;0;0;0
[RECV] BS2DCE notify: CF;1;52837;cal_roto;5;pending;0;4;0;0;0;0
[RECV] BS2DCE notify: CS;1;52837;cal_roto;5;0;B,D,E,G;timeout,timeout,timeout,timeout;0,0,0,0
[RECV] BSDC91 notify: CM;1;56461;3;timeout;0;0;0;0;34|CM;1;56461;4;timeout;0;0;0;0;34|CM;1;56461;6;timeout;0;0;0;0;34
[RECV] BSDC91 notify: CR;1;56462;cal_roto;5;B;timeout;rx_timeout;0;0;0;0;0;0
[RECV] BSDC91 notify: CR;1;56462;cal_roto;5;D;timeout;rx_timeout;0;0;0;0;0;0
[RECV] BSDC91 notify: CR;1;56462;cal_roto;5;E;timeout;rx_timeout;0;0;0;0;0;0
[RECV] BSDC91 notify: CR;1;56462;cal_roto;5;G;timeout;rx_timeout;0;0;0;0;0;0
[RECV] BSDC91 notify: CF;1;56462;cal_roto;5;pending;0;4;0;0;0;0
[RECV] BSF66F notify: CM;1;16793;4;timeout;0;0;0;0;17
[RECV] BSF66F notify: CM;1;16793;5;timeout;0;0;0;0;17|CM;1;16793;6;timeout;0;0;0;0;17|CM;1;16793;7;timeout;0;0;0;0;17
[RECV] BSF66F notify: CR;1;16794;cal_static;4;E;timeout;rx_timeout;0;0;0;0;0;0
[RECV] BSF66F notify: CR;1;16794;cal_static;4;F;timeout;rx_timeout;0;0;0;0;0;0
[RECV] BS2DCE notify: CM;1;52837;1;timeout;0;0;0;0;34|CM;1;52837;3;timeout;0;0;0;0;34|CM;1;52837;6;timeout;0;0;0;0;34
[RECV] BSDC91 notify: CS;1;56462;cal_roto;5;0;B,D,E,G;timeout,timeout,timeout,timeout;0,0,0,0
[RECV] BSF66F notify: CR;1;16794;cal_static;4;G;timeout;rx_timeout;0;0;0;0;0;0
[RECV] BSF66F notify: CR;1;16794;cal_static;4;H;timeout;rx_timeout;0;0;0;0;0;0
[RECV] BSF66F notify: CF;1;16794;cal_static;4;pending;0;4;0;0;0;0
[RECV] BSF66F notify: CS;1;16794;cal_static;4;0;E,F,G,H;timeout,timeout,timeout,timeout;0,0,0,0
[RECV] BSDC91 notify: CM;1;56462;1;timeout;0;0;0;0;35|CM;1;56462;3;timeout;0;0;0;0;35|CM;1;56462;4;timeout;0;0;0;0;35
[RECV] BS2DCE notify: CR;1;52838;cal_roto;5;B;timeout;rx_timeout;0;0;0;0;0;0
[RECV] BS2DCE notify: CR;1;52838;cal_roto;5;D;timeout;rx_timeout;0;0;0;0;0;0
[RECV] BS2DCE notify: CR;1;52838;cal_roto;5;G;timeout;rx_timeout;0;0;0;0;0;0
[RECV] BS2DCE notify: CR;1;52838;cal_roto;5;E;timeout;rx_timeout;0;0;0;0;0;0
[RECV] BS2DCE notify: CF;1;52838;cal_roto;5;pending;0;4;0;0;0;0
[RECV] BS2DCE notify: CS;1;52838;cal_roto;5;0;B,D,G,E;timeout,timeout,timeout,timeout;0,0,0,0
[RECV] BSDC91 notify: CR;1;56463;cal_roto;5;B;timeout;rx_timeout;0;0;0;0;0;0
[RECV] BSDC91 notify: CR;1;56463;cal_roto;5;D;timeout;rx_timeout;0;0;0;0;0;0
[RECV] BSDC91 notify: CR;1;56463;cal_roto;5;E;timeout;rx_timeout;0;0;0;0;0;0
[RECV] BSDC91 notify: CR;1;56463;cal_roto;5;G;timeout;rx_timeout;0;0;0;0;0;0
[RECV] BSDC91 notify: CF;1;56463;cal_roto;5;pending;0;4;0;0;0;0
[RECV] BSDC91 notify: CS;1;56463;cal_roto;5;0;B,D,E,G;timeout,timeout,timeout,timeout;0,0,0,0
[RECV] BS2DCE notify: CM;1;52838;1;timeout;0;0;0;0;35|CM;1;52838;3;timeout;0;0;0;0;35
[RECV] BSF66F notify: CM;1;16794;0;timeout;0;0;0;0;17|CM;1;16794;1;timeout;0;0;0;0;17|CM;1;16794;2;timeout;0;0;0;0;17
[RECV] BSF66F notify: CR;1;16795;cal_static;4;A;timeout;rx_timeout;0;0;0;0;0;0
[RECV] BSF66F notify: CR;1;16795;cal_static;4;B;timeout;rx_timeout;0;0;0;0;0;0
[RECV] BSF66F notify: CR;1;16795;cal_static;4;C;timeout;rx_timeout;0;0;0;0;0;0
[RECV] BSDC91 notify: CM;1;56463;1;timeout;0;0;0;0;36|CM;1;56463;3;timeout;0;0;0;0;36
[RECV] BSF66F notify: CR;1;16795;cal_static;4;D;timeout;rx_timeout;0;0;0;0;0;0
[RECV] BSF66F notify: CF;1;16795;cal_static;4;pending;0;4;0;0;0;0
[RECV] BSF66F notify: CS;1;16795;cal_static;4;0;A,B,C,D;timeout,timeout,timeout,timeout;0,0,0,0
[RECV] BS2DCE notify: CR;1;52839;cal_roto;5;B;timeout;rx_timeout;0;0;0;0;0;0
[RECV] BS2DCE notify: CR;1;52839;cal_roto;5;D;timeout;rx_timeout;0;0;0;0;0;0
[RECV] BS2DCE notify: CR;1;52839;cal_roto;5;G;timeout;rx_timeout;0;0;0;0;0;0
[RECV] BS2DCE notify: CR;1;52839;cal_roto;5;E;timeout;rx_timeout;0;0;0;0;0;0
[RECV] BS2DCE notify: CF;1;52839;cal_roto;5;pending;0;4;0;0;0;0
[RECV] BS2DCE notify: CS;1;52839;cal_roto;5;0;B,D,G,E;timeout,timeout,timeout,timeout;0,0,0,0
[RECV] BSDC91 notify: CR;1;56464;cal_roto;5;B;timeout;rx_timeout;0;0;0;0;0;0
[RECV] BSDC91 notify: CR;1;56464;cal_roto;5;D;timeout;rx_timeout;0;0;0;0;0;0
[RECV] BSDC91 notify: CR;1;56464;cal_roto;5;E;timeout;rx_timeout;0;0;0;0;0;0
[RECV] BSDC91 notify: CR;1;56464;cal_roto;5;G;timeout;rx_timeout;0;0;0;0;0;0
[RECV] BSDC91 notify: CF;1;56464;cal_roto;5;pending;0;4;0;0;0;0
[RECV] BSDC91 notify: CS;1;56464;cal_roto;5;0;B,D,E,G;timeout,timeout,timeout,timeout;0,0,0,0
[RECV] BS2DCE notify: CM;1;52839;1;timeout;0;0;0;0;36
[RECV] BSF66F notify: CM;1;16795;4;timeout;0;0;0;0;18|CM;1;16795;5;timeout;0;0;0;0;18
[RECV] BSF66F notify: CR;1;16796;cal_static;4;E;timeout;rx_timeout;0;0;0;0;0;0
[RECV] BSF66F notify: CR;1;16796;cal_static;4;F;timeout;rx_timeout;0;0;0;0;0;0
[RECV] BSF66F notify: CR;1;16796;cal_static;4;G;timeout;rx_timeout;0;0;0;0;0;0
[RECV] BSDC91 notify: CM;1;56464;3;timeout;0;0;0;0;37
[RECV] BSF66F notify: CR;1;16796;cal_static;4;H;timeout;rx_timeout;0;0;0;0;0;0
[RECV] BSF66F notify: CF;1;16796;cal_static;4;pending;0;4;0;0;0;0
[RECV] BSF66F notify: CS;1;16796;cal_static;4;0;E,F,G,H;timeout,timeout,timeout,timeout;0,0,0,0
[RECV] BS2DCE notify: CM;1;52839;3;timeout;0;0;0;0;36|CM;1;52839;4;timeout;0;0;0;0;36|CM;1;52839;6;timeout;0;0;0;0;36
[RECV] BS2DCE notify: CR;1;52840;cal_roto;5;B;timeout;rx_timeout;0;0;0;0;0;0
[RECV] BS2DCE notify: CR;1;52840;cal_roto;5;D;timeout;rx_timeout;0;0;0;0;0;0
[RECV] BS2DCE notify: CR;1;52840;cal_roto;5;E;timeout;rx_timeout;0;0;0;0;0;0
[RECV] BS2DCE notify: CR;1;52840;cal_roto;5;G;timeout;rx_timeout;0;0;0;0;0;0
[RECV] BS2DCE notify: CF;1;52840;cal_roto;5;pending;0;4;0;0;0;0
[RECV] BS2DCE notify: CS;1;52840;cal_roto;5;0;B,D,E,G;timeout,timeout,timeout,timeout;0,0,0,0
[RECV] BSDC91 notify: CM;1;56464;1;timeout;0;0;0;0;37|CM;1;56464;4;timeout;0;0;0;0;37|CM;1;56464;6;timeout;0;0;0;0;37
[RECV] BSDC91 notify: CR;1;56465;cal_roto;5;D;timeout;rx_timeout;0;0;0;0;0;0
[RECV] BSDC91 notify: CR;1;56465;cal_roto;5;B;timeout;rx_timeout;0;0;0;0;0;0
[RECV] BSDC91 notify: CR;1;56465;cal_roto;5;E;timeout;rx_timeout;0;0;0;0;0;0
[RECV] BSDC91 notify: CR;1;56465;cal_roto;5;G;timeout;rx_timeout;0;0;0;0;0;0
[RECV] BSDC91 notify: CF;1;56465;cal_roto;5;pending;0;4;0;0;0;0
[RECV] BSDC91 notify: CS;1;56465;cal_roto;5;0;D,B,E,G;timeout,timeout,timeout,timeout;0,0,0,0
[RECV] BS2DCE notify: CM;1;52840;1;timeout;0;0;0;0;37|CM;1;52840;3;timeout;0;0;0;0;37|CM;1;52840;4;timeout;0;0;0;0;37
[RECV] BSF66F notify: CM;1;16796;0;timeout;0;0;0;0;18
[RECV] BSF66F notify: CM;1;16796;1;timeout;0;0;0;0;18|CM;1;16796;2;timeout;0;0;0;0;18|CM;1;16796;3;timeout;0;0;0;0;18
[RECV] BSF66F notify: CR;1;16797;cal_static;4;A;timeout;rx_timeout;0;0;0;0;0;0
[RECV] BSF66F notify: CR;1;16797;cal_static;4;B;timeout;rx_timeout;0;0;0;0;0;0
[RECV] BSF66F notify: CR;1;16797;cal_static;4;C;timeout;rx_timeout;0;0;0;0;0;0
[RECV] BSF66F notify: CR;1;16797;cal_static;4;D;timeout;rx_timeout;0;0;0;0;0;0
[RECV] BSF66F notify: CF;1;16797;cal_static;4;pending;0;4;0;0;0;0
[RECV] BSF66F notify: CS;1;16797;cal_static;4;0;A,B,C,D;timeout,timeout,timeout,timeout;0,0,0,0
[RECV] BSDC91 notify: CM;1;56465;1;timeout;0;0;0;0;38|CM;1;56465;3;timeout;0;0;0;0;38|CM;1;56465;4;timeout;0;0;0;0;38
[RECV] BS2DCE notify: CR;1;52841;cal_roto;5;B;timeout;rx_timeout;0;0;0;0;0;0
[RECV] BS2DCE notify: CR;1;52841;cal_roto;5;D;timeout;rx_timeout;0;0;0;0;0;0
[RECV] BS2DCE notify: CR;1;52841;cal_roto;5;E;timeout;rx_timeout;0;0;0;0;0;0
[RECV] BS2DCE notify: CR;1;52841;cal_roto;5;G;timeout;rx_timeout;0;0;0;0;0;0
[RECV] BS2DCE notify: CF;1;52841;cal_roto;5;pending;0;4;0;0;0;0
[RECV] BS2DCE notify: CS;1;52841;cal_roto;5;0;B,D,E,G;timeout,timeout,timeout,timeout;0,0,0,0
[RECV] BSDC91 notify: CR;1;56466;cal_roto;5;D;timeout;rx_timeout;0;0;0;0;0;0
[RECV] BSDC91 notify: CR;1;56466;cal_roto;5;B;timeout;rx_timeout;0;0;0;0;0;0
[RECV] BSDC91 notify: CR;1;56466;cal_roto;5;E;timeout;rx_timeout;0;0;0;0;0;0
[RECV] BSDC91 notify: CR;1;56466;cal_roto;5;G;timeout;rx_timeout;0;0;0;0;0;0
[RECV] BSDC91 notify: CF;1;56466;cal_roto;5;pending;0;4;0;0;0;0
[RECV] BSDC91 notify: CS;1;56466;cal_roto;5;0;D,B,E,G;timeout,timeout,timeout,timeout;0,0,0,0
[RECV] BSF66F notify: CM;1;16797;4;timeout;0;0;0;0;19|CM;1;16797;5;timeout;0;0;0;0;19|CM;1;16797;6;timeout;0;0;0;0;19
[RECV] BSF66F notify: CR;1;16798;cal_static;4;E;timeout;rx_timeout;0;0;0;0;0;0
[RECV] BSF66F notify: CR;1;16798;cal_static;4;F;timeout;rx_timeout;0;0;0;0;0;0
[RECV] BSF66F notify: CR;1;16798;cal_static;4;G;timeout;rx_timeout;0;0;0;0;0;0
[RECV] BS2DCE notify: CM;1;52841;1;timeout;0;0;0;0;38|CM;1;52841;3;timeout;0;0;0;0;38
[RECV] BSF66F notify: CR;1;16798;cal_static;4;H;timeout;rx_timeout;0;0;0;0;0;0
[RECV] BSF66F notify: CF;1;16798;cal_static;4;pending;0;4;0;0;0;0
[RECV] BSF66F notify: CS;1;16798;cal_static;4;0;E,F,G,H;timeout,timeout,timeout,timeout;0,0,0,0
[RECV] BSDC91 notify: CM;1;56466;1;timeout;0;0;0;0;39|CM;1;56466;3;timeout;0;0;0;0;39
[RECV] BS2DCE notify: CR;1;52842;cal_roto;5;B;timeout;rx_timeout;0;0;0;0;0;0
[RECV] BS2DCE notify: CR;1;52842;cal_roto;5;D;timeout;rx_timeout;0;0;0;0;0;0
[RECV] BS2DCE notify: CR;1;52842;cal_roto;5;E;timeout;rx_timeout;0;0;0;0;0;0
[RECV] BS2DCE notify: CR;1;52842;cal_roto;5;G;timeout;rx_timeout;0;0;0;0;0;0
[RECV] BS2DCE notify: CF;1;52842;cal_roto;5;pending;0;4;0;0;0;0
[RECV] BS2DCE notify: CS;1;52842;cal_roto;5;0;B,D,E,G;timeout,timeout,timeout,timeout;0,0,0,0
[RECV] BSDC91 notify: CR;1;56467;cal_roto;5;B;timeout;rx_timeout;0;0;0;0;0;0
[RECV] BSDC91 notify: CR;1;56467;cal_roto;5;D;timeout;rx_timeout;0;0;0;0;0;0
[RECV] BSDC91 notify: CR;1;56467;cal_roto;5;E;timeout;rx_timeout;0;0;0;0;0;0
[RECV] BSDC91 notify: CR;1;56467;cal_roto;5;G;timeout;rx_timeout;0;0;0;0;0;0
[RECV] BSDC91 notify: CF;1;56467;cal_roto;5;pending;0;4;0;0;0;0
[RECV] BSDC91 notify: CS;1;56467;cal_roto;5;0;B,D,E,G;timeout,timeout,timeout,timeout;0,0,0,0
[RECV] BSF66F notify: CM;1;16798;0;timeout;0;0;0;0;19|CM;1;16798;1;timeout;0;0;0;0;19
[RECV] BSF66F notify: CR;1;16799;cal_static;4;A;timeout;rx_timeout;0;0;0;0;0;0
[RECV] BSF66F notify: CR;1;16799;cal_static;4;B;timeout;rx_timeout;0;0;0;0;0;0
[RECV] BSF66F notify: CR;1;16799;cal_static;4;C;timeout;rx_timeout;0;0;0;0;0;0
[RECV] BS2DCE notify: CM;1;52842;3;timeout;0;0;0;0;39
[RECV] BSF66F notify: CR;1;16799;cal_static;4;D;timeout;rx_timeout;0;0;0;0;0;0
[RECV] BSF66F notify: CF;1;16799;cal_static;4;pending;0;4;0;0;0;0
[RECV] BSF66F notify: CS;1;16799;cal_static;4;0;A,B,C,D;timeout,timeout,timeout,timeout;0,0,0,0
[RECV] BSDC91 notify: CM;1;56467;1;timeout;0;0;0;0;40
[RECV] BS2DCE notify: CM;1;52842;1;timeout;0;0;0;0;39|CM;1;52842;4;timeout;0;0;0;0;39|CM;1;52842;6;timeout;0;0;0;0;39
[RECV] BS2DCE notify: CR;1;52843;cal_roto;5;D;timeout;rx_timeout;0;0;0;0;0;0
[RECV] BS2DCE notify: CR;1;52843;cal_roto;5;B;timeout;rx_timeout;0;0;0;0;0;0
[RECV] BS2DCE notify: CR;1;52843;cal_roto;5;E;timeout;rx_timeout;0;0;0;0;0;0
[RECV] BS2DCE notify: CR;1;52843;cal_roto;5;G;timeout;rx_timeout;0;0;0;0;0;0
[RECV] BS2DCE notify: CF;1;52843;cal_roto;5;pending;0;4;0;0;0;0
[RECV] BS2DCE notify: CS;1;52843;cal_roto;5;0;D,B,E,G;timeout,timeout,timeout,timeout;0,0,0,0
[RECV] BSDC91 notify: CM;1;56467;3;timeout;0;0;0;0;40|CM;1;56467;4;timeout;0;0;0;0;40|CM;1;56467;6;timeout;0;0;0;0;40
[RECV] BSDC91 notify: CR;1;56468;cal_roto;5;B;timeout;rx_timeout;0;0;0;0;0;0
[RECV] BSDC91 notify: CR;1;56468;cal_roto;5;D;timeout;rx_timeout;0;0;0;0;0;0
[RECV] BSDC91 notify: CR;1;56468;cal_roto;5;G;timeout;rx_timeout;0;0;0;0;0;0
[RECV] BS2DCE notify: CM;1;52843;1;timeout;0;0;0;0;40|CM;1;52843;3;timeout;0;0;0;0;40|CM;1;52843;4;timeout;0;0;0;0;40
[RECV] BSDC91 notify: CR;1;56468;cal_roto;5;E;timeout;rx_timeout;0;0;0;0;0;0
[RECV] BSDC91 notify: CF;1;56468;cal_roto;5;pending;0;4;0;0;0;0
[RECV] BSDC91 notify: CS;1;56468;cal_roto;5;0;B,D,G,E;timeout,timeout,timeout,timeout;0,0,0,0
[RECV] BSF66F notify: CM;1;16799;4;timeout;0;0;0;0;20
[RECV] BSF66F notify: CM;1;16799;5;timeout;0;0;0;0;20|CM;1;16799;6;timeout;0;0;0;0;20|CM;1;16799;7;timeout;0;0;0;0;20
[RECV] BSF66F notify: CR;1;16800;cal_static;4;E;timeout;rx_timeout;0;0;0;0;0;0
[RECV] BSF66F notify: CR;1;16800;cal_static;4;F;timeout;rx_timeout;0;0;0;0;0;0
[RECV] BSF66F notify: CR;1;16800;cal_static;4;G;timeout;rx_timeout;0;0;0;0;0;0
[RECV] BSDC91 notify: CM;1;56468;1;timeout;0;0;0;0;41|CM;1;56468;3;timeout;0;0;0;0;41|CM;1;56468;6;timeout;0;0;0;0;41
[RECV] BSF66F notify: CR;1;16800;cal_static;4;H;timeout;rx_timeout;0;0;0;0;0;0
[RECV] BSF66F notify: CF;1;16800;cal_static;4;pending;0;4;0;0;0;0
[RECV] BSF66F notify: CS;1;16800;cal_static;4;0;E,F,G,H;timeout,timeout,timeout,timeout;0,0,0,0
[RECV] BS2DCE notify: CR;1;52844;cal_roto;5;D;timeout;rx_timeout;0;0;0;0;0;0
[RECV] BS2DCE notify: CR;1;52844;cal_roto;5;B;timeout;rx_timeout;0;0;0;0;0;0
[RECV] BS2DCE notify: CR;1;52844;cal_roto;5;E;timeout;rx_timeout;0;0;0;0;0;0
[RECV] BS2DCE notify: CR;1;52844;cal_roto;5;G;timeout;rx_timeout;0;0;0;0;0;0
[RECV] BS2DCE notify: CF;1;52844;cal_roto;5;pending;0;4;0;0;0;0
[RECV] BS2DCE notify: CS;1;52844;cal_roto;5;0;D,B,E,G;timeout,timeout,timeout,timeout;0,0,0,0
[RECV] BSDC91 notify: CR;1;56469;cal_roto;5;B;timeout;rx_timeout;0;0;0;0;0;0
[RECV] BSDC91 notify: CR;1;56469;cal_roto;5;D;timeout;rx_timeout;0;0;0;0;0;0
[RECV] BSDC91 notify: CR;1;56469;cal_roto;5;G;timeout;rx_timeout;0;0;0;0;0;0
[RECV] BSDC91 notify: CR;1;56469;cal_roto;5;E;timeout;rx_timeout;0;0;0;0;0;0
[RECV] BSDC91 notify: CF;1;56469;cal_roto;5;pending;0;4;0;0;0;0
[RECV] BSDC91 notify: CS;1;56469;cal_roto;5;0;B,D,G,E;timeout,timeout,timeout,timeout;0,0,0,0
[RECV] BS2DCE notify: CM;1;52844;1;timeout;0;0;0;0;41|CM;1;52844;3;timeout;0;0;0;0;41
[RECV] BSF66F notify: CM;1;16800;0;timeout;0;0;0;0;20|CM;1;16800;1;timeout;0;0;0;0;20|CM;1;16800;2;timeout;0;0;0;0;20
[RECV] BSF66F notify: CR;1;16801;cal_static;4;A;timeout;rx_timeout;0;0;0;0;0;0
[RECV] BSF66F notify: CR;1;16801;cal_static;4;B;timeout;rx_timeout;0;0;0;0;0;0
[RECV] BSF66F notify: CR;1;16801;cal_static;4;C;timeout;rx_timeout;0;0;0;0;0;0
[RECV] BSF66F notify: CR;1;16801;cal_static;4;D;timeout;rx_timeout;0;0;0;0;0;0
[RECV] BSF66F notify: CF;1;16801;cal_static;4;pending;0;4;0;0;0;0
[RECV] BSF66F notify: CS;1;16801;cal_static;4;0;A,B,C,D;timeout,timeout,timeout,timeout;0,0,0,0
[RECV] BSDC91 notify: CM;1;56469;1;timeout;0;0;0;0;42|CM;1;56469;3;timeout;0;0;0;0;42
[RECV] BS2DCE notify: CR;1;52845;cal_roto;5;B;timeout;rx_timeout;0;0;0;0;0;0
[RECV] BS2DCE notify: CR;1;52845;cal_roto;5;D;timeout;rx_timeout;0;0;0;0;0;0
[RECV] BS2DCE notify: CR;1;52845;cal_roto;5;E;timeout;rx_timeout;0;0;0;0;0;0
[RECV] BS2DCE notify: CR;1;52845;cal_roto;5;G;timeout;rx_timeout;0;0;0;0;0;0
[RECV] BS2DCE notify: CF;1;52845;cal_roto;5;pending;0;4;0;0;0;0
[RECV] BS2DCE notify: CS;1;52845;cal_roto;5;0;B,D,E,G;timeout,timeout,timeout,timeout;0,0,0,0
[RECV] BSDC91 notify: CR;1;56470;cal_roto;5;B;timeout;rx_timeout;0;0;0;0;0;0
[RECV] BSDC91 notify: CR;1;56470;cal_roto;5;D;timeout;rx_timeout;0;0;0;0;0;0
[RECV] BSDC91 notify: CR;1;56470;cal_roto;5;E;timeout;rx_timeout;0;0;0;0;0;0
[RECV] BSDC91 notify: CR;1;56470;cal_roto;5;G;timeout;rx_timeout;0;0;0;0;0;0
[RECV] BSDC91 notify: CF;1;56470;cal_roto;5;pending;0;4;0;0;0;0
[RECV] BSF66F notify: CM;1;16801;4;timeout;0;0;0;0;21|CM;1;16801;5;timeout;0;0;0;0;21
[RECV] BSF66F notify: CR;1;16802;cal_static;4;E;timeout;rx_timeout;0;0;0;0;0;0
[RECV] BSF66F notify: CR;1;16802;cal_static;4;F;timeout;rx_timeout;0;0;0;0;0;0
[RECV] BSF66F notify: CR;1;16802;cal_static;4;G;timeout;rx_timeout;0;0;0;0;0;0
[RECV] BS2DCE notify: CM;1;52845;1;timeout;0;0;0;0;42
[RECV] BSDC91 notify: CS;1;56470;cal_roto;5;0;B,D,E,G;timeout,timeout,timeout,timeout;0,0,0,0
[RECV] BSF66F notify: CR;1;16802;cal_static;4;H;timeout;rx_timeout;0;0;0;0;0;0
[RECV] BSF66F notify: CF;1;16802;cal_static;4;pending;0;4;0;0;0;0
[RECV] BSF66F notify: CS;1;16802;cal_static;4;0;E,F,G,H;timeout,timeout,timeout,timeout;0,0,0,0
[RECV] BSDC91 notify: CM;1;56470;1;timeout;0;0;0;0;43
[RECV] BS2DCE notify: CM;1;52845;3;timeout;0;0;0;0;42|CM;1;52845;4;timeout;0;0;0;0;42|CM;1;52845;6;timeout;0;0;0;0;42
[RECV] BS2DCE notify: CR;1;52846;cal_roto;5;B;timeout;rx_timeout;0;0;0;0;0;0
[RECV] BS2DCE notify: CR;1;52846;cal_roto;5;D;timeout;rx_timeout;0;0;0;0;0;0
[RECV] BS2DCE notify: CR;1;52846;cal_roto;5;G;timeout;rx_timeout;0;0;0;0;0;0
[RECV] BS2DCE notify: CR;1;52846;cal_roto;5;E;timeout;rx_timeout;0;0;0;0;0;0
[RECV] BS2DCE notify: CF;1;52846;cal_roto;5;pending;0;4;0;0;0;0
[RECV] BS2DCE notify: CS;1;52846;cal_roto;5;0;B,D,G,E;timeout,timeout,timeout,timeout;0,0,0,0
[RECV] BSDC91 notify: CM;1;56470;3;timeout;0;0;0;0;43|CM;1;56470;4;timeout;0;0;0;0;43|CM;1;56470;6;timeout;0;0;0;0;43
[RECV] BSDC91 notify: CR;1;56471;cal_roto;5;B;timeout;rx_timeout;0;0;0;0;0;0
[RECV] BSDC91 notify: CR;1;56471;cal_roto;5;D;timeout;rx_timeout;0;0;0;0;0;0
[RECV] BSDC91 notify: CR;1;56471;cal_roto;5;E;timeout;rx_timeout;0;0;0;0;0;0
[RECV] BSDC91 notify: CR;1;56471;cal_roto;5;G;timeout;rx_timeout;0;0;0;0;0;0
[RECV] BSDC91 notify: CF;1;56471;cal_roto;5;pending;0;4;0;0;0;0
[RECV] BSDC91 notify: CS;1;56471;cal_roto;5;0;B,D,E,G;timeout,timeout,timeout,timeout;0,0,0,0
[RECV] BSF66F notify: CM;1;16802;0;timeout;0;0;0;0;21
[RECV] BSF66F notify: CM;1;16802;1;timeout;0;0;0;0;21|CM;1;16802;2;timeout;0;0;0;0;21|CM;1;16802;3;timeout;0;0;0;0;21
[RECV] BSF66F notify: CR;1;16803;cal_static;4;A;timeout;rx_timeout;0;0;0;0;0;0
[RECV] BSF66F notify: CR;1;16803;cal_static;4;B;timeout;rx_timeout;0;0;0;0;0;0
[RECV] BS2DCE notify: CM;1;52846;1;timeout;0;0;0;0;43|CM;1;52846;3;timeout;0;0;0;0;43|CM;1;52846;6;timeout;0;0;0;0;43
[RECV] BSF66F notify: CR;1;16803;cal_static;4;C;timeout;rx_timeout;0;0;0;0;0;0
[RECV] BSF66F notify: CR;1;16803;cal_static;4;D;timeout;rx_timeout;0;0;0;0;0;0
[RECV] BSF66F notify: CF;1;16803;cal_static;4;pending;0;4;0;0;0;0
[RECV] BSF66F notify: CS;1;16803;cal_static;4;0;A,B,C,D;timeout,timeout,timeout,timeout;0,0,0,0
[RECV] BSDC91 notify: CM;1;56471;1;timeout;0;0;0;0;44|CM;1;56471;3;timeout;0;0;0;0;44|CM;1;56471;4;timeout;0;0;0;0;44
[RECV] BS2DCE notify: CR;1;52847;cal_roto;5;B;timeout;rx_timeout;0;0;0;0;0;0
[RECV] BS2DCE notify: CR;1;52847;cal_roto;5;D;timeout;rx_timeout;0;0;0;0;0;0
[RECV] BS2DCE notify: CR;1;52847;cal_roto;5;G;timeout;rx_timeout;0;0;0;0;0;0
[RECV] BS2DCE notify: CR;1;52847;cal_roto;5;E;timeout;rx_timeout;0;0;0;0;0;0
[RECV] BS2DCE notify: CF;1;52847;cal_roto;5;pending;0;4;0;0;0;0
[RECV] BSDC91 notify: CR;1;56472;cal_roto;5;B;timeout;rx_timeout;0;0;0;0;0;0
[RECV] BSDC91 notify: CR;1;56472;cal_roto;5;D;timeout;rx_timeout;0;0;0;0;0;0
[RECV] BSDC91 notify: CR;1;56472;cal_roto;5;E;timeout;rx_timeout;0;0;0;0;0;0
[RECV] BSDC91 notify: CR;1;56472;cal_roto;5;G;timeout;rx_timeout;0;0;0;0;0;0
[RECV] BSDC91 notify: CF;1;56472;cal_roto;5;pending;0;4;0;0;0;0
[RECV] BS2DCE notify: CS;1;52847;cal_roto;5;0;B,D,G,E;timeout,timeout,timeout,timeout;0,0,0,0
[RECV] BSDC91 notify: CS;1;56472;cal_roto;5;0;B,D,E,G;timeout,timeout,timeout,timeout;0,0,0,0
[RECV] BS2DCE notify: CM;1;52847;1;timeout;0;0;0;0;44|CM;1;52847;3;timeout;0;0;0;0;44
[RECV] BSF66F notify: CM;1;16803;4;timeout;0;0;0;0;22|CM;1;16803;5;timeout;0;0;0;0;22|CM;1;16803;6;timeout;0;0;0;0;22
[RECV] BSF66F notify: CR;1;16804;cal_static;4;E;timeout;rx_timeout;0;0;0;0;0;0
[RECV] BSF66F notify: CR;1;16804;cal_static;4;F;timeout;rx_timeout;0;0;0;0;0;0
[RECV] BSF66F notify: CR;1;16804;cal_static;4;G;timeout;rx_timeout;0;0;0;0;0;0
[RECV] BSF66F notify: CR;1;16804;cal_static;4;H;timeout;rx_timeout;0;0;0;0;0;0
[RECV] BSF66F notify: CF;1;16804;cal_static;4;pending;0;4;0;0;0;0
[RECV] BSF66F notify: CS;1;16804;cal_static;4;0;E,F,G,H;timeout,timeout,timeout,timeout;0,0,0,0
[RECV] BSDC91 notify: CM;1;56472;1;timeout;0;0;0;0;45|CM;1;56472;3;timeout;0;0;0;0;45
[RECV] BS2DCE notify: CR;1;52848;cal_roto;5;B;timeout;rx_timeout;0;0;0;0;0;0
[RECV] BS2DCE notify: CR;1;52848;cal_roto;5;D;timeout;rx_timeout;0;0;0;0;0;0
[RECV] BS2DCE notify: CR;1;52848;cal_roto;5;E;timeout;rx_timeout;0;0;0;0;0;0
[RECV] BS2DCE notify: CR;1;52848;cal_roto;5;G;timeout;rx_timeout;0;0;0;0;0;0
[RECV] BS2DCE notify: CF;1;52848;cal_roto;5;pending;0;4;0;0;0;0
[RECV] BSDC91 notify: CR;1;56473;cal_roto;5;D;timeout;rx_timeout;0;0;0;0;0;0
[RECV] BSDC91 notify: CR;1;56473;cal_roto;5;B;timeout;rx_timeout;0;0;0;0;0;0
[RECV] BSDC91 notify: CR;1;56473;cal_roto;5;E;timeout;rx_timeout;0;0;0;0;0;0
[RECV] BSDC91 notify: CR;1;56473;cal_roto;5;G;timeout;rx_timeout;0;0;0;0;0;0
[RECV] BSDC91 notify: CF;1;56473;cal_roto;5;pending;0;4;0;0;0;0
[RECV] BSDC91 notify: CS;1;56473;cal_roto;5;0;D,B,E,G;timeout,timeout,timeout,timeout;0,0,0,0
[RECV] BSF66F notify: CM;1;16804;0;timeout;0;0;0;0;22|CM;1;16804;1;timeout;0;0;0;0;22
[RECV] BSF66F notify: CR;1;16805;cal_static;4;A;timeout;rx_timeout;0;0;0;0;0;0
[RECV] BSF66F notify: CR;1;16805;cal_static;4;B;timeout;rx_timeout;0;0;0;0;0;0
[RECV] BSF66F notify: CR;1;16805;cal_static;4;C;timeout;rx_timeout;0;0;0;0;0;0
[RECV] BS2DCE notify: CS;1;52848;cal_roto;5;0;B,D,E,G;timeout,timeout,timeout,timeout;0,0,0,0
[RECV] BS2DCE notify: CM;1;52848;1;timeout;0;0;0;0;45
[RECV] BSDC91 notify: CM;1;56473;3;timeout;0;0;0;0;46
[RECV] BSF66F notify: CR;1;16805;cal_static;4;D;timeout;rx_timeout;0;0;0;0;0;0
[RECV] BSF66F notify: CF;1;16805;cal_static;4;pending;0;4;0;0;0;0
[RECV] BSF66F notify: CS;1;16805;cal_static;4;0;A,B,C,D;timeout,timeout,timeout,timeout;0,0,0,0
[RECV] BS2DCE notify: CM;1;52848;3;timeout;0;0;0;0;45|CM;1;52848;4;timeout;0;0;0;0;45|CM;1;52848;6;timeout;0;0;0;0;45
[RECV] BS2DCE notify: CR;1;52849;cal_roto;5;B;timeout;rx_timeout;0;0;0;0;0;0
[RECV] BS2DCE notify: CR;1;52849;cal_roto;5;D;timeout;rx_timeout;0;0;0;0;0;0
[RECV] BS2DCE notify: CR;1;52849;cal_roto;5;E;timeout;rx_timeout;0;0;0;0;0;0
[RECV] BS2DCE notify: CR;1;52849;cal_roto;5;G;timeout;rx_timeout;0;0;0;0;0;0
[RECV] BS2DCE notify: CF;1;52849;cal_roto;5;pending;0;4;0;0;0;0
[RECV] BS2DCE notify: CS;1;52849;cal_roto;5;0;B,D,E,G;timeout,timeout,timeout,timeout;0,0,0,0
[RECV] BSDC91 notify: CM;1;56473;1;timeout;0;0;0;0;46|CM;1;56473;4;timeout;0;0;0;0;46|CM;1;56473;6;timeout;0;0;0;0;46
[RECV] BSDC91 notify: CR;1;56474;cal_roto;5;D;timeout;rx_timeout;0;0;0;0;0;0
[RECV] BSDC91 notify: CR;1;56474;cal_roto;5;B;timeout;rx_timeout;0;0;0;0;0;0
[RECV] BSDC91 notify: CR;1;56474;cal_roto;5;E;timeout;rx_timeout;0;0;0;0;0;0
[RECV] BSDC91 notify: CR;1;56474;cal_roto;5;G;timeout;rx_timeout;0;0;0;0;0;0
[RECV] BSDC91 notify: CF;1;56474;cal_roto;5;pending;0;4;0;0;0;0
[RECV] BSDC91 notify: CS;1;56474;cal_roto;5;0;D,B,E,G;timeout,timeout,timeout,timeout;0,0,0,0
[RECV] BS2DCE notify: CM;1;52849;1;timeout;0;0;0;0;46|CM;1;52849;3;timeout;0;0;0;0;46|CM;1;52849;4;timeout;0;0;0;0;46
[RECV] BSF66F notify: CM;1;16805;4;timeout;0;0;0;0;23
[RECV] BSF66F notify: CM;1;16805;5;timeout;0;0;0;0;23|CM;1;16805;6;timeout;0;0;0;0;23|CM;1;16805;7;timeout;0;0;0;0;23
[RECV] BSF66F notify: CR;1;16806;cal_static;4;E;timeout;rx_timeout;0;0;0;0;0;0
[RECV] BSF66F notify: CR;1;16806;cal_static;4;F;timeout;rx_timeout;0;0;0;0;0;0
[RECV] BSDC91 notify: CM;1;56474;1;timeout;0;0;0;0;47|CM;1;56474;3;timeout;0;0;0;0;47|CM;1;56474;4;timeout;0;0;0;0;47
[RECV] BSF66F notify: CR;1;16806;cal_static;4;G;timeout;rx_timeout;0;0;0;0;0;0
[RECV] BSF66F notify: CR;1;16806;cal_static;4;H;timeout;rx_timeout;0;0;0;0;0;0
[RECV] BSF66F notify: CF;1;16806;cal_static;4;pending;0;4;0;0;0;0
[RECV] BSF66F notify: CS;1;16806;cal_static;4;0;E,F,G,H;timeout,timeout,timeout,timeout;0,0,0,0
[RECV] BS2DCE notify: CR;1;52850;cal_roto;5;B;timeout;rx_timeout;0;0;0;0;0;0
[RECV] BS2DCE notify: CR;1;52850;cal_roto;5;D;timeout;rx_timeout;0;0;0;0;0;0
[RECV] BS2DCE notify: CR;1;52850;cal_roto;5;E;timeout;rx_timeout;0;0;0;0;0;0
[RECV] BS2DCE notify: CR;1;52850;cal_roto;5;G;timeout;rx_timeout;0;0;0;0;0;0
[RECV] BS2DCE notify: CF;1;52850;cal_roto;5;pending;0;4;0;0;0;0
[RECV] BS2DCE notify: CS;1;52850;cal_roto;5;0;B,D,E,G;timeout,timeout,timeout,timeout;0,0,0,0
[RECV] BSDC91 notify: CR;1;56475;cal_roto;5;B;timeout;rx_timeout;0;0;0;0;0;0
[RECV] BSDC91 notify: CR;1;56475;cal_roto;5;D;timeout;rx_timeout;0;0;0;0;0;0
[RECV] BSDC91 notify: CR;1;56475;cal_roto;5;E;timeout;rx_timeout;0;0;0;0;0;0
[RECV] BSDC91 notify: CR;1;56475;cal_roto;5;G;timeout;rx_timeout;0;0;0;0;0;0
[RECV] BSDC91 notify: CF;1;56475;cal_roto;5;pending;0;4;0;0;0;0
[RECV] BSDC91 notify: CS;1;56475;cal_roto;5;0;B,D,E,G;timeout,timeout,timeout,timeout;0,0,0,0
[RECV] BSF66F notify: CM;1;16806;0;timeout;0;0;0;0;23|CM;1;16806;1;timeout;0;0;0;0;23|CM;1;16806;2;timeout;0;0;0;0;23
[RECV] BSF66F notify: CR;1;16807;cal_static;4;A;timeout;rx_timeout;0;0;0;0;0;0
[RECV] BSF66F notify: CR;1;16807;cal_static;4;B;timeout;rx_timeout;0;0;0;0;0;0
[RECV] BSF66F notify: CR;1;16807;cal_static;4;C;timeout;rx_timeout;0;0;0;0;0;0
[RECV] BS2DCE notify: CM;1;52850;1;timeout;0;0;0;0;47|CM;1;52850;3;timeout;0;0;0;0;47
[RECV] BSDC91 notify: CM;1;56475;1;timeout;0;0;0;0;48|CM;1;56475;3;timeout;0;0;0;0;48
[RECV] BSF66F notify: CR;1;16807;cal_static;4;D;timeout;rx_timeout;0;0;0;0;0;0
[RECV] BSF66F notify: CF;1;16807;cal_static;4;pending;0;4;0;0;0;0
[RECV] BSF66F notify: CS;1;16807;cal_static;4;0;A,B,C,D;timeout,timeout,timeout,timeout;0,0,0,0
[RECV] BS2DCE notify: CR;1;52851;cal_roto;5;D;timeout;rx_timeout;0;0;0;0;0;0
[RECV] BS2DCE notify: CR;1;52851;cal_roto;5;B;timeout;rx_timeout;0;0;0;0;0;0
[RECV] BS2DCE notify: CR;1;52851;cal_roto;5;E;timeout;rx_timeout;0;0;0;0;0;0
[RECV] BS2DCE notify: CR;1;52851;cal_roto;5;G;timeout;rx_timeout;0;0;0;0;0;0
[RECV] BS2DCE notify: CF;1;52851;cal_roto;5;pending;0;4;0;0;0;0
[RECV] BS2DCE notify: CS;1;52851;cal_roto;5;0;D,B,E,G;timeout,timeout,timeout,timeout;0,0,0,0
[RECV] BSDC91 notify: CR;1;56476;cal_roto;5;B;timeout;rx_timeout;0;0;0;0;0;0
[RECV] BSDC91 notify: CR;1;56476;cal_roto;5;D;timeout;rx_timeout;0;0;0;0;0;0
[RECV] BSDC91 notify: CR;1;56476;cal_roto;5;G;timeout;rx_timeout;0;0;0;0;0;0
[RECV] BSDC91 notify: CR;1;56476;cal_roto;5;E;timeout;rx_timeout;0;0;0;0;0;0
[RECV] BSDC91 notify: CF;1;56476;cal_roto;5;pending;0;4;0;0;0;0
[RECV] BSDC91 notify: CS;1;56476;cal_roto;5;0;B,D,G,E;timeout,timeout,timeout,timeout;0,0,0,0
[RECV] BSF66F notify: CM;1;16807;4;timeout;0;0;0;0;24|CM;1;16807;5;timeout;0;0;0;0;24
[RECV] BSF66F notify: CR;1;16808;cal_static;4;E;timeout;rx_timeout;0;0;0;0;0;0
[RECV] BSF66F notify: CR;1;16808;cal_static;4;F;timeout;rx_timeout;0;0;0;0;0;0
[RECV] BSF66F notify: CR;1;16808;cal_static;4;G;timeout;rx_timeout;0;0;0;0;0;0
[RECV] BS2DCE notify: CM;1;52851;3;timeout;0;0;0;0;48
[RECV] BSF66F notify: CR;1;16808;cal_static;4;H;timeout;rx_timeout;0;0;0;0;0;0
[RECV] BSF66F notify: CF;1;16808;cal_static;4;pending;0;4;0;0;0;0
[RECV] BSF66F notify: CS;1;16808;cal_static;4;0;E,F,G,H;timeout,timeout,timeout,timeout;0,0,0,0
[RECV] BSDC91 notify: CM;1;56476;1;timeout;0;0;0;0;49
[RECV] BS2DCE notify: CM;1;52851;1;timeout;0;0;0;0;48|CM;1;52851;4;timeout;0;0;0;0;48|CM;1;52851;6;timeout;0;0;0;0;48
[RECV] BS2DCE notify: CR;1;52852;cal_roto;5;D;timeout;rx_timeout;0;0;0;0;0;0
[RECV] BS2DCE notify: CR;1;52852;cal_roto;5;B;timeout;rx_timeout;0;0;0;0;0;0
[RECV] BS2DCE notify: CR;1;52852;cal_roto;5;E;timeout;rx_timeout;0;0;0;0;0;0
[RECV] BS2DCE notify: CR;1;52852;cal_roto;5;G;timeout;rx_timeout;0;0;0;0;0;0
[RECV] BS2DCE notify: CF;1;52852;cal_roto;5;pending;0;4;0;0;0;0
[RECV] BS2DCE notify: CS;1;52852;cal_roto;5;0;D,B,E,G;timeout,timeout,timeout,timeout;0,0,0,0
[RECV] BSDC91 notify: CM;1;56476;3;timeout;0;0;0;0;49|CM;1;56476;4;timeout;0;0;0;0;49|CM;1;56476;6;timeout;0;0;0;0;49
[RECV] BSDC91 notify: CR;1;56477;cal_roto;5;B;timeout;rx_timeout;0;0;0;0;0;0
[RECV] BSDC91 notify: CR;1;56477;cal_roto;5;D;timeout;rx_timeout;0;0;0;0;0;0
[RECV] BSDC91 notify: CR;1;56477;cal_roto;5;G;timeout;rx_timeout;0;0;0;0;0;0
[RECV] BSDC91 notify: CR;1;56477;cal_roto;5;E;timeout;rx_timeout;0;0;0;0;0;0
[RECV] BSDC91 notify: CF;1;56477;cal_roto;5;pending;0;4;0;0;0;0
[RECV] BSDC91 notify: CS;1;56477;cal_roto;5;0;B,D,G,E;timeout,timeout,timeout,timeout;0,0,0,0
[RECV] BSF66F notify: CM;1;16808;0;timeout;0;0;0;0;24
[RECV] BSF66F notify: CM;1;16808;1;timeout;0;0;0;0;24|CM;1;16808;2;timeout;0;0;0;0;24|CM;1;16808;3;timeout;0;0;0;0;24
[RECV] BSF66F notify: CR;1;16809;cal_static;4;A;timeout;rx_timeout;0;0;0;0;0;0
[RECV] BSF66F notify: CR;1;16809;cal_static;4;B;timeout;rx_timeout;0;0;0;0;0;0
[RECV] BS2DCE notify: CM;1;52852;1;timeout;0;0;0;0;49|CM;1;52852;3;timeout;0;0;0;0;49|CM;1;52852;4;timeout;0;0;0;0;49
[RECV] BSDC91 notify: CM;1;56477;1;timeout;0;0;0;0;50|CM;1;56477;3;timeout;0;0;0;0;50|CM;1;56477;4;timeout;0;0;0;0;50
[RECV] BSF66F notify: CR;1;16809;cal_static;4;C;timeout;rx_timeout;0;0;0;0;0;0
[RECV] BSF66F notify: CR;1;16809;cal_static;4;D;timeout;rx_timeout;0;0;0;0;0;0
[RECV] BSF66F notify: CF;1;16809;cal_static;4;pending;0;4;0;0;0;0
[RECV] BSF66F notify: CS;1;16809;cal_static;4;0;A,B,C,D;timeout,timeout,timeout,timeout;0,0,0,0
[RECV] BS2DCE notify: CR;1;52853;cal_roto;5;B;timeout;rx_timeout;0;0;0;0;0;0
[RECV] BS2DCE notify: CR;1;52853;cal_roto;5;D;timeout;rx_timeout;0;0;0;0;0;0
[RECV] BS2DCE notify: CR;1;52853;cal_roto;5;E;timeout;rx_timeout;0;0;0;0;0;0
[RECV] BS2DCE notify: CR;1;52853;cal_roto;5;G;timeout;rx_timeout;0;0;0;0;0;0
[RECV] BS2DCE notify: CF;1;52853;cal_roto;5;pending;0;4;0;0;0;0
[RECV] BS2DCE notify: CS;1;52853;cal_roto;5;0;B,D,E,G;timeout,timeout,timeout,timeout;0,0,0,0
[RECV] BSDC91 notify: CR;1;56478;cal_roto;5;B;timeout;rx_timeout;0;0;0;0;0;0
[RECV] BSDC91 notify: CR;1;56478;cal_roto;5;D;timeout;rx_timeout;0;0;0;0;0;0
[RECV] BSDC91 notify: CR;1;56478;cal_roto;5;E;timeout;rx_timeout;0;0;0;0;0;0
[RECV] BSDC91 notify: CR;1;56478;cal_roto;5;G;timeout;rx_timeout;0;0;0;0;0;0
[RECV] BSDC91 notify: CF;1;56478;cal_roto;5;pending;0;4;0;0;0;0
[RECV] BSDC91 notify: CS;1;56478;cal_roto;5;0;B,D,E,G;timeout,timeout,timeout,timeout;0,0,0,0
[RECV] BSF66F notify: CM;1;16809;4;timeout;0;0;0;0;25|CM;1;16809;5;timeout;0;0;0;0;25|CM;1;16809;6;timeout;0;0;0;0;25
[RECV] BSF66F notify: CR;1;16810;cal_static;4;E;timeout;rx_timeout;0;0;0;0;0;0
[RECV] BSF66F notify: CR;1;16810;cal_static;4;F;timeout;rx_timeout;0;0;0;0;0;0
[RECV] BSF66F notify: CR;1;16810;cal_static;4;G;timeout;rx_timeout;0;0;0;0;0;0
[RECV] BS2DCE notify: CM;1;52853;1;timeout;0;0;0;0;50|CM;1;52853;3;timeout;0;0;0;0;50
[RECV] BSF66F notify: CR;1;16810;cal_static;4;H;timeout;rx_timeout;0;0;0;0;0;0
[RECV] BSF66F notify: CF;1;16810;cal_static;4;pending;0;4;0;0;0;0
[RECV] BSF66F notify: CS;1;16810;cal_static;4;0;E,F,G,H;timeout,timeout,timeout,timeout;0,0,0,0
[RECV] BSDC91 notify: CM;1;56478;1;timeout;0;0;0;0;51|CM;1;56478;3;timeout;0;0;0;0;51
[RECV] BS2DCE notify: CR;1;52854;cal_roto;5;B;timeout;rx_timeout;0;0;0;0;0;0
[RECV] BS2DCE notify: CR;1;52854;cal_roto;5;D;timeout;rx_timeout;0;0;0;0;0;0
[RECV] BS2DCE notify: CR;1;52854;cal_roto;5;G;timeout;rx_timeout;0;0;0;0;0;0
[RECV] BS2DCE notify: CR;1;52854;cal_roto;5;E;timeout;rx_timeout;0;0;0;0;0;0
[RECV] BS2DCE notify: CF;1;52854;cal_roto;5;pending;0;4;0;0;0;0
[RECV] BSDC91 notify: CR;1;56479;cal_roto;5;B;timeout;rx_timeout;0;0;0;0;0;0
[RECV] BSDC91 notify: CR;1;56479;cal_roto;5;D;timeout;rx_timeout;0;0;0;0;0;0
[RECV] BSDC91 notify: CR;1;56479;cal_roto;5;E;timeout;rx_timeout;0;0;0;0;0;0
[RECV] BSDC91 notify: CR;1;56479;cal_roto;5;G;timeout;rx_timeout;0;0;0;0;0;0
[RECV] BSDC91 notify: CF;1;56479;cal_roto;5;pending;0;4;0;0;0;0
[RECV] BS2DCE notify: CS;1;52854;cal_roto;5;0;B,D,G,E;timeout,timeout,timeout,timeout;0,0,0,0
[RECV] BSDC91 notify: CS;1;56479;cal_roto;5;0;B,D,E,G;timeout,timeout,timeout,timeout;0,0,0,0
[RECV] BSF66F notify: CM;1;16810;0;timeout;0;0;0;0;25|CM;1;16810;1;timeout;0;0;0;0;25
[RECV] BSF66F notify: CR;1;16811;cal_static;4;A;timeout;rx_timeout;0;0;0;0;0;0
[RECV] BSF66F notify: CR;1;16811;cal_static;4;B;timeout;rx_timeout;0;0;0;0;0;0
[RECV] BSF66F notify: CR;1;16811;cal_static;4;C;timeout;rx_timeout;0;0;0;0;0;0
[RECV] BS2DCE notify: CM;1;52854;1;timeout;0;0;0;0;51
[RECV] BSF66F notify: CR;1;16811;cal_static;4;D;timeout;rx_timeout;0;0;0;0;0;0
[RECV] BSF66F notify: CF;1;16811;cal_static;4;pending;0;4;0;0;0;0
[RECV] BSF66F notify: CS;1;16811;cal_static;4;0;A,B,C,D;timeout,timeout,timeout,timeout;0,0,0,0
[RECV] BSDC91 notify: CM;1;56479;1;timeout;0;0;0;0;52
[RECV] BS2DCE notify: CM;1;52854;3;timeout;0;0;0;0;51|CM;1;52854;4;timeout;0;0;0;0;51|CM;1;52854;6;timeout;0;0;0;0;51
[RECV] BS2DCE notify: CR;1;52855;cal_roto;5;B;timeout;rx_timeout;0;0;0;0;0;0
[RECV] BS2DCE notify: CR;1;52855;cal_roto;5;D;timeout;rx_timeout;0;0;0;0;0;0
[RECV] BS2DCE notify: CR;1;52855;cal_roto;5;G;timeout;rx_timeout;0;0;0;0;0;0
[RECV] BS2DCE notify: CR;1;52855;cal_roto;5;E;timeout;rx_timeout;0;0;0;0;0;0
[RECV] BS2DCE notify: CF;1;52855;cal_roto;5;pending;0;4;0;0;0;0
[RECV] BS2DCE notify: CS;1;52855;cal_roto;5;0;B,D,G,E;timeout,timeout,timeout,timeout;0,0,0,0
[RECV] BSDC91 notify: CM;1;56479;3;timeout;0;0;0;0;52|CM;1;56479;4;timeout;0;0;0;0;52|CM;1;56479;6;timeout;0;0;0;0;52
[RECV] BSDC91 notify: CR;1;56480;cal_roto;5;B;timeout;rx_timeout;0;0;0;0;0;0
[RECV] BSDC91 notify: CR;1;56480;cal_roto;5;D;timeout;rx_timeout;0;0;0;0;0;0
[RECV] BSDC91 notify: CR;1;56480;cal_roto;5;E;timeout;rx_timeout;0;0;0;0;0;0
[RECV] BSDC91 notify: CR;1;56480;cal_roto;5;G;timeout;rx_timeout;0;0;0;0;0;0
[RECV] BSDC91 notify: CF;1;56480;cal_roto;5;pending;0;4;0;0;0;0
[RECV] BSDC91 notify: CS;1;56480;cal_roto;5;0;B,D,E,G;timeout,timeout,timeout,timeout;0,0,0,0
[RECV] BSF66F notify: CM;1;16811;4;timeout;0;0;0;0;26
[RECV] BSF66F notify: CM;1;16811;5;timeout;0;0;0;0;26|CM;1;16811;6;timeout;0;0;0;0;26|CM;1;16811;7;timeout;0;0;0;0;26
[RECV] BSF66F notify: CR;1;16812;cal_static;4;E;timeout;rx_timeout;0;0;0;0;0;0
[RECV] BSF66F notify: CR;1;16812;cal_static;4;F;timeout;rx_timeout;0;0;0;0;0;0
[RECV] BS2DCE notify: CM;1;52855;1;timeout;0;0;0;0;52|CM;1;52855;3;timeout;0;0;0;0;52|CM;1;52855;4;timeout;0;0;0;0;52
[RECV] BSF66F notify: CR;1;16812;cal_static;4;G;timeout;rx_timeout;0;0;0;0;0;0
[RECV] BSF66F notify: CR;1;16812;cal_static;4;H;timeout;rx_timeout;0;0;0;0;0;0
[RECV] BSF66F notify: CF;1;16812;cal_static;4;pending;0;4;0;0;0;0
[RECV] BSF66F notify: CS;1;16812;cal_static;4;0;E,F,G,H;timeout,timeout,timeout,timeout;0,0,0,0
[RECV] BSDC91 notify: CM;1;56480;1;timeout;0;0;0;0;53|CM;1;56480;3;timeout;0;0;0;0;53|CM;1;56480;4;timeout;0;0;0;0;53
[RECV] BS2DCE notify: CR;1;52856;cal_roto;5;B;timeout;rx_timeout;0;0;0;0;0;0
[RECV] BS2DCE notify: CR;1;52856;cal_roto;5;D;timeout;rx_timeout;0;0;0;0;0;0
[RECV] BS2DCE notify: CR;1;52856;cal_roto;5;E;timeout;rx_timeout;0;0;0;0;0;0
[RECV] BS2DCE notify: CR;1;52856;cal_roto;5;G;timeout;rx_timeout;0;0;0;0;0;0
[RECV] BS2DCE notify: CF;1;52856;cal_roto;5;pending;0;4;0;0;0;0
[RECV] BS2DCE notify: CS;1;52856;cal_roto;5;0;B,D,E,G;timeout,timeout,timeout,timeout;0,0,0,0
[RECV] BSDC91 notify: CR;1;56481;cal_roto;5;D;timeout;rx_timeout;0;0;0;0;0;0
[RECV] BSDC91 notify: CR;1;56481;cal_roto;5;B;timeout;rx_timeout;0;0;0;0;0;0
[RECV] BSDC91 notify: CR;1;56481;cal_roto;5;E;timeout;rx_timeout;0;0;0;0;0;0
[RECV] BSDC91 notify: CR;1;56481;cal_roto;5;G;timeout;rx_timeout;0;0;0;0;0;0
[RECV] BSDC91 notify: CF;1;56481;cal_roto;5;pending;0;4;0;0;0;0
[RECV] BSDC91 notify: CS;1;56481;cal_roto;5;0;D,B,E,G;timeout,timeout,timeout,timeout;0,0,0,0
[RECV] BS2DCE notify: CM;1;52856;1;timeout;0;0;0;0;53|CM;1;52856;3;timeout;0;0;0;0;53
[RECV] BSF66F notify: CM;1;16812;0;timeout;0;0;0;0;26|CM;1;16812;1;timeout;0;0;0;0;26|CM;1;16812;2;timeout;0;0;0;0;26
[RECV] BSF66F notify: CR;1;16813;cal_static;4;A;timeout;rx_timeout;0;0;0;0;0;0
[RECV] BSF66F notify: CR;1;16813;cal_static;4;B;timeout;rx_timeout;0;0;0;0;0;0
[RECV] BSF66F notify: CR;1;16813;cal_static;4;C;timeout;rx_timeout;0;0;0;0;0;0
[RECV] BSF66F notify: CR;1;16813;cal_static;4;D;timeout;rx_timeout;0;0;0;0;0;0
[RECV] BSF66F notify: CF;1;16813;cal_static;4;pending;0;4;0;0;0;0
[RECV] BSF66F notify: CS;1;16813;cal_static;4;0;A,B,C,D;timeout,timeout,timeout,timeout;0,0,0,0
[RECV] BSDC91 notify: CM;1;56481;1;timeout;0;0;0;0;54|CM;1;56481;3;timeout;0;0;0;0;54
[RECV] BS2DCE notify: CR;1;52857;cal_roto;5;B;timeout;rx_timeout;0;0;0;0;0;0
[RECV] BS2DCE notify: CR;1;52857;cal_roto;5;D;timeout;rx_timeout;0;0;0;0;0;0
[RECV] BS2DCE notify: CR;1;52857;cal_roto;5;E;timeout;rx_timeout;0;0;0;0;0;0
[RECV] BS2DCE notify: CR;1;52857;cal_roto;5;G;timeout;rx_timeout;0;0;0;0;0;0
[RECV] BS2DCE notify: CF;1;52857;cal_roto;5;pending;0;4;0;0;0;0
[RECV] BS2DCE notify: CS;1;52857;cal_roto;5;0;B,D,E,G;timeout,timeout,timeout,timeout;0,0,0,0
[RECV] BSDC91 notify: CR;1;56482;cal_roto;5;D;timeout;rx_timeout;0;0;0;0;0;0
[RECV] BSDC91 notify: CR;1;56482;cal_roto;5;B;timeout;rx_timeout;0;0;0;0;0;0
[RECV] BSDC91 notify: CR;1;56482;cal_roto;5;E;timeout;rx_timeout;0;0;0;0;0;0
[RECV] BSDC91 notify: CR;1;56482;cal_roto;5;G;timeout;rx_timeout;0;0;0;0;0;0
[RECV] BSDC91 notify: CF;1;56482;cal_roto;5;pending;0;4;0;0;0;0
[RECV] BSDC91 notify: CS;1;56482;cal_roto;5;0;D,B,E,G;timeout,timeout,timeout,timeout;0,0,0,0
[RECV] BS2DCE notify: CM;1;52857;1;timeout;0;0;0;0;54
[RECV] BSF66F notify: CM;1;16813;4;timeout;0;0;0;0;27|CM;1;16813;5;timeout;0;0;0;0;27
[RECV] BSF66F notify: CR;1;16814;cal_static;4;E;timeout;rx_timeout;0;0;0;0;0;0
[RECV] BSF66F notify: CR;1;16814;cal_static;4;F;timeout;rx_timeout;0;0;0;0;0;0
[RECV] BSF66F notify: CR;1;16814;cal_static;4;G;timeout;rx_timeout;0;0;0;0;0;0
[RECV] BSDC91 notify: CM;1;56482;1;timeout;0;0;0;0;55
[RECV] BSF66F notify: CR;1;16814;cal_static;4;H;timeout;rx_timeout;0;0;0;0;0;0
[RECV] BSF66F notify: CF;1;16814;cal_static;4;pending;0;4;0;0;0;0
[RECV] BSF66F notify: CS;1;16814;cal_static;4;0;E,F,G,H;timeout,timeout,timeout,timeout;0,0,0,0
[RECV] BS2DCE notify: CM;1;52857;3;timeout;0;0;0;0;54|CM;1;52857;4;timeout;0;0;0;0;54|CM;1;52857;6;timeout;0;0;0;0;54
[RECV] BS2DCE notify: CR;1;52858;cal_roto;5;B;timeout;rx_timeout;0;0;0;0;0;0
[RECV] BS2DCE notify: CR;1;52858;cal_roto;5;D;timeout;rx_timeout;0;0;0;0;0;0
[RECV] BS2DCE notify: CR;1;52858;cal_roto;5;E;timeout;rx_timeout;0;0;0;0;0;0
[RECV] BS2DCE notify: CR;1;52858;cal_roto;5;G;timeout;rx_timeout;0;0;0;0;0;0
[RECV] BS2DCE notify: CF;1;52858;cal_roto;5;pending;0;4;0;0;0;0
[RECV] BS2DCE notify: CS;1;52858;cal_roto;5;0;B,D,E,G;timeout,timeout,timeout,timeout;0,0,0,0
[RECV] BS2DCE notify: CM;1;52858;1;timeout;0;0;0;0;55|CM;1;52858;3;timeout;0;0;0;0;55|CM;1;52858;4;timeout;0;0;0;0;55
[RECV] BSDC91 notify: CM;1;56482;3;timeout;0;0;0;0;55|CM;1;56482;4;timeout;0;0;0;0;55|CM;1;56482;6;timeout;0;0;0;0;55
[RECV] BSDC91 notify: CR;1;56483;cal_roto;5;B;timeout;rx_timeout;0;0;0;0;0;0
[RECV] BSDC91 notify: CR;1;56483;cal_roto;5;D;timeout;rx_timeout;0;0;0;0;0;0
[RECV] BSDC91 notify: CR;1;56483;cal_roto;5;E;timeout;rx_timeout;0;0;0;0;0;0
[RECV] BSF66F notify: CM;1;16814;0;timeout;0;0;0;0;27
[RECV] BSF66F notify: CM;1;16814;1;timeout;0;0;0;0;27|CM;1;16814;2;timeout;0;0;0;0;27|CM;1;16814;3;timeout;0;0;0;0;27
[RECV] BSF66F notify: CR;1;16815;cal_static;4;A;timeout;rx_timeout;0;0;0;0;0;0
[RECV] BSF66F notify: CR;1;16815;cal_static;4;B;timeout;rx_timeout;0;0;0;0;0;0
[RECV] BSDC91 notify: CR;1;56483;cal_roto;5;G;timeout;rx_timeout;0;0;0;0;0;0
[RECV] BSDC91 notify: CF;1;56483;cal_roto;5;pending;0;4;0;0;0;0
[RECV] BSDC91 notify: CS;1;56483;cal_roto;5;0;B,D,E,G;timeout,timeout,timeout,timeout;0,0,0,0
[RECV] BSF66F notify: CR;1;16815;cal_static;4;C;timeout;rx_timeout;0;0;0;0;0;0
[RECV] BSF66F notify: CR;1;16815;cal_static;4;D;timeout;rx_timeout;0;0;0;0;0;0
[RECV] BSF66F notify: CF;1;16815;cal_static;4;pending;0;4;0;0;0;0
[RECV] BSF66F notify: CS;1;16815;cal_static;4;0;A,B,C,D;timeout,timeout,timeout,timeout;0,0,0,0
[RECV] BSDC91 notify: CM;1;56483;1;timeout;0;0;0;0;56|CM;1;56483;3;timeout;0;0;0;0;56|CM;1;56483;6;timeout;0;0;0;0;56
[RECV] BS2DCE notify: CR;1;52859;cal_roto;5;D;timeout;rx_timeout;0;0;0;0;0;0
[RECV] BS2DCE notify: CR;1;52859;cal_roto;5;B;timeout;rx_timeout;0;0;0;0;0;0
[RECV] BS2DCE notify: CR;1;52859;cal_roto;5;E;timeout;rx_timeout;0;0;0;0;0;0
[RECV] BS2DCE notify: CR;1;52859;cal_roto;5;G;timeout;rx_timeout;0;0;0;0;0;0
[RECV] BS2DCE notify: CF;1;52859;cal_roto;5;pending;0;4;0;0;0;0
[RECV] BS2DCE notify: CS;1;52859;cal_roto;5;0;D,B,E,G;timeout,timeout,timeout,timeout;0,0,0,0
[RECV] BSDC91 notify: CR;1;56484;cal_roto;5;B;timeout;rx_timeout;0;0;0;0;0;0
[RECV] BSF66F notify: CM;1;16815;4;timeout;0;0;0;0;28|CM;1;16815;5;timeout;0;0;0;0;28|CM;1;16815;6;timeout;0;0;0;0;28
[RECV] BSF66F notify: CR;1;16816;cal_static;4;E;timeout;rx_timeout;0;0;0;0;0;0
[RECV] BSF66F notify: CR;1;16816;cal_static;4;F;timeout;rx_timeout;0;0;0;0;0;0
[RECV] BSF66F notify: CR;1;16816;cal_static;4;G;timeout;rx_timeout;0;0;0;0;0;0
[RECV] BS2DCE notify: CM;1;52859;1;timeout;0;0;0;0;56|CM;1;52859;3;timeout;0;0;0;0;56
[RECV] BSDC91 notify: CR;1;56484;cal_roto;5;D;timeout;rx_timeout;0;0;0;0;0;0
[RECV] BSDC91 notify: CR;1;56484;cal_roto;5;G;timeout;rx_timeout;0;0;0;0;0;0
[RECV] BSDC91 notify: CR;1;56484;cal_roto;5;E;timeout;rx_timeout;0;0;0;0;0;0
[RECV] BSDC91 notify: CF;1;56484;cal_roto;5;pending;0;4;0;0;0;0
[RECV] BSDC91 notify: CS;1;56484;cal_roto;5;0;B,D,G,E;timeout,timeout,timeout,timeout;0,0,0,0
[RECV] BSF66F notify: CR;1;16816;cal_static;4;H;timeout;rx_timeout;0;0;0;0;0;0
[RECV] BSF66F notify: CF;1;16816;cal_static;4;pending;0;4;0;0;0;0
[RECV] BSF66F notify: CS;1;16816;cal_static;4;0;E,F,G,H;timeout,timeout,timeout,timeout;0,0,0,0
[RECV] BSDC91 notify: CM;1;56484;1;timeout;0;0;0;0;57|CM;1;56484;3;timeout;0;0;0;0;57
[RECV] BS2DCE notify: CR;1;52860;cal_roto;5;D;timeout;rx_timeout;0;0;0;0;0;0
[RECV] BS2DCE notify: CR;1;52860;cal_roto;5;B;timeout;rx_timeout;0;0;0;0;0;0
[RECV] BS2DCE notify: CR;1;52860;cal_roto;5;E;timeout;rx_timeout;0;0;0;0;0;0
[RECV] BS2DCE notify: CR;1;52860;cal_roto;5;G;timeout;rx_timeout;0;0;0;0;0;0
[RECV] BS2DCE notify: CF;1;52860;cal_roto;5;pending;0;4;0;0;0;0
[RECV] BS2DCE notify: CS;1;52860;cal_roto;5;0;D,B,E,G;timeout,timeout,timeout,timeout;0,0,0,0
[RECV] BSDC91 notify: CR;1;56485;cal_roto;5;B;timeout;rx_timeout;0;0;0;0;0;0
[RECV] BSDC91 notify: CR;1;56485;cal_roto;5;D;timeout;rx_timeout;0;0;0;0;0;0
[RECV] BSDC91 notify: CR;1;56485;cal_roto;5;G;timeout;rx_timeout;0;0;0;0;0;0
[RECV] BSDC91 notify: CR;1;56485;cal_roto;5;E;timeout;rx_timeout;0;0;0;0;0;0
[RECV] BSDC91 notify: CF;1;56485;cal_roto;5;pending;0;4;0;0;0;0
[RECV] BSDC91 notify: CS;1;56485;cal_roto;5;0;B,D,G,E;timeout,timeout,timeout,timeout;0,0,0,0
[RECV] BSF66F notify: CM;1;16816;0;timeout;0;0;0;0;28|CM;1;16816;1;timeout;0;0;0;0;28
[RECV] BSF66F notify: CR;1;16817;cal_static;4;A;timeout;rx_timeout;0;0;0;0;0;0
[RECV] BSF66F notify: CR;1;16817;cal_static;4;B;timeout;rx_timeout;0;0;0;0;0;0
[RECV] BSF66F notify: CR;1;16817;cal_static;4;C;timeout;rx_timeout;0;0;0;0;0;0
[RECV] BS2DCE notify: CM;1;52860;1;timeout;0;0;0;0;57
[RECV] BSF66F notify: CR;1;16817;cal_static;4;D;timeout;rx_timeout;0;0;0;0;0;0
[RECV] BSF66F notify: CF;1;16817;cal_static;4;pending;0;4;0;0;0;0
[RECV] BSF66F notify: CS;1;16817;cal_static;4;0;A,B,C,D;timeout,timeout,timeout,timeout;0,0,0,0
[RECV] BSDC91 notify: CM;1;56485;1;timeout;0;0;0;0;58
[RECV] BS2DCE notify: CM;1;52860;3;timeout;0;0;0;0;57|CM;1;52860;4;timeout;0;0;0;0;57|CM;1;52860;6;timeout;0;0;0;0;57
[RECV] BS2DCE notify: CR;1;52861;cal_roto;5;B;timeout;rx_timeout;0;0;0;0;0;0
[RECV] BS2DCE notify: CR;1;52861;cal_roto;5;D;timeout;rx_timeout;0;0;0;0;0;0
[RECV] BS2DCE notify: CR;1;52861;cal_roto;5;E;timeout;rx_timeout;0;0;0;0;0;0
[RECV] BS2DCE notify: CR;1;52861;cal_roto;5;G;timeout;rx_timeout;0;0;0;0;0;0
[RECV] BS2DCE notify: CF;1;52861;cal_roto;5;pending;0;4;0;0;0;0
[RECV] BS2DCE notify: CS;1;52861;cal_roto;5;0;B,D,E,G;timeout,timeout,timeout,timeout;0,0,0,0
[RECV] BS2DCE notify: CM;1;52861;1;timeout;0;0;0;0;58|CM;1;52861;3;timeout;0;0;0;0;58|CM;1;52861;6;timeout;0;0;0;0;58
[RECV] BSDC91 notify: CM;1;56485;3;timeout;0;0;0;0;58|CM;1;56485;4;timeout;0;0;0;0;58|CM;1;56485;6;timeout;0;0;0;0;58
[RECV] BSF66F notify: CM;1;16817;4;timeout;0;0;0;0;29
[RECV] BSF66F notify: CM;1;16817;5;timeout;0;0;0;0;29|CM;1;16817;6;timeout;0;0;0;0;29|CM;1;16817;7;timeout;0;0;0;0;29
[RECV] BSF66F notify: CR;1;16818;cal_static;4;E;timeout;rx_timeout;0;0;0;0;0;0
[RECV] BSF66F notify: CR;1;16818;cal_static;4;F;timeout;rx_timeout;0;0;0;0;0;0
[RECV] BSDC91 notify: CR;1;56486;cal_roto;5;B;timeout;rx_timeout;0;0;0;0;0;0
[RECV] BSDC91 notify: CR;1;56486;cal_roto;5;D;timeout;rx_timeout;0;0;0;0;0;0
[RECV] BSDC91 notify: CR;1;56486;cal_roto;5;E;timeout;rx_timeout;0;0;0;0;0;0
[RECV] BSDC91 notify: CR;1;56486;cal_roto;5;G;timeout;rx_timeout;0;0;0;0;0;0
[RECV] BSDC91 notify: CF;1;56486;cal_roto;5;pending;0;4;0;0;0;0
[RECV] BSF66F notify: CR;1;16818;cal_static;4;G;timeout;rx_timeout;0;0;0;0;0;0
[RECV] BSF66F notify: CR;1;16818;cal_static;4;H;timeout;rx_timeout;0;0;0;0;0;0
[RECV] BSF66F notify: CF;1;16818;cal_static;4;pending;0;4;0;0;0;0
[RECV] BSF66F notify: CS;1;16818;cal_static;4;0;E,F,G,H;timeout,timeout,timeout,timeout;0,0,0,0
[RECV] BSDC91 notify: CS;1;56486;cal_roto;5;0;B,D,E,G;timeout,timeout,timeout,timeout;0,0,0,0
[RECV] BSDC91 notify: CM;1;56486;1;timeout;0;0;0;0;59|CM;1;56486;3;timeout;0;0;0;0;59|CM;1;56486;4;timeout;0;0;0;0;59
[RECV] BS2DCE notify: CR;1;52862;cal_roto;5;B;timeout;rx_timeout;0;0;0;0;0;0
[RECV] BS2DCE notify: CR;1;52862;cal_roto;5;D;timeout;rx_timeout;0;0;0;0;0;0
[RECV] BS2DCE notify: CR;1;52862;cal_roto;5;G;timeout;rx_timeout;0;0;0;0;0;0
[RECV] BS2DCE notify: CR;1;52862;cal_roto;5;E;timeout;rx_timeout;0;0;0;0;0;0
[RECV] BS2DCE notify: CF;1;52862;cal_roto;5;pending;0;4;0;0;0;0
[RECV] BS2DCE notify: CS;1;52862;cal_roto;5;0;B,D,G,E;timeout,timeout,timeout,timeout;0,0,0,0
[RECV] BSDC91 notify: CR;1;56487;cal_roto;5;B;timeout;rx_timeout;0;0;0;0;0;0
[RECV] BSDC91 notify: CR;1;56487;cal_roto;5;D;timeout;rx_timeout;0;0;0;0;0;0
[RECV] BSDC91 notify: CR;1;56487;cal_roto;5;E;timeout;rx_timeout;0;0;0;0;0;0
[RECV] BSDC91 notify: CR;1;56487;cal_roto;5;G;timeout;rx_timeout;0;0;0;0;0;0
[RECV] BSDC91 notify: CF;1;56487;cal_roto;5;pending;0;4;0;0;0;0
[RECV] BSDC91 notify: CS;1;56487;cal_roto;5;0;B,D,E,G;timeout,timeout,timeout,timeout;0,0,0,0
[RECV] BS2DCE notify: CM;1;52862;1;timeout;0;0;0;0;59|CM;1;52862;3;timeout;0;0;0;0;59
[RECV] BSF66F notify: CM;1;16818;0;timeout;0;0;0;0;29|CM;1;16818;1;timeout;0;0;0;0;29|CM;1;16818;2;timeout;0;0;0;0;29
[RECV] BSF66F notify: CR;1;16819;cal_static;4;A;timeout;rx_timeout;0;0;0;0;0;0
[RECV] BSF66F notify: CR;1;16819;cal_static;4;B;timeout;rx_timeout;0;0;0;0;0;0
[RECV] BSF66F notify: CR;1;16819;cal_static;4;C;timeout;rx_timeout;0;0;0;0;0;0
[RECV] BSF66F notify: CR;1;16819;cal_static;4;D;timeout;rx_timeout;0;0;0;0;0;0
[RECV] BSF66F notify: CF;1;16819;cal_static;4;pending;0;4;0;0;0;0
[RECV] BSF66F notify: CS;1;16819;cal_static;4;0;A,B,C,D;timeout,timeout,timeout,timeout;0,0,0,0
[RECV] BSDC91 notify: CM;1;56487;1;timeout;0;0;0;0;60|CM;1;56487;3;timeout;0;0;0;0;60
[RECV] BS2DCE notify: CR;1;52863;cal_roto;5;B;timeout;rx_timeout;0;0;0;0;0;0
[RECV] BS2DCE notify: CR;1;52863;cal_roto;5;D;timeout;rx_timeout;0;0;0;0;0;0
[RECV] BS2DCE notify: CR;1;52863;cal_roto;5;G;timeout;rx_timeout;0;0;0;0;0;0
[RECV] BS2DCE notify: CR;1;52863;cal_roto;5;E;timeout;rx_timeout;0;0;0;0;0;0
[RECV] BSDC91 notify: CR;1;56488;cal_roto;5;B;timeout;rx_timeout;0;0;0;0;0;0
[RECV] BSDC91 notify: CR;1;56488;cal_roto;5;D;timeout;rx_timeout;0;0;0;0;0;0
[RECV] BSDC91 notify: CR;1;56488;cal_roto;5;E;timeout;rx_timeout;0;0;0;0;0;0
[RECV] BSDC91 notify: CR;1;56488;cal_roto;5;G;timeout;rx_timeout;0;0;0;0;0;0
[RECV] BSDC91 notify: CF;1;56488;cal_roto;5;pending;0;4;0;0;0;0
[RECV] BS2DCE notify: CF;1;52863;cal_roto;5;pending;0;4;0;0;0;0
[RECV] BS2DCE notify: CS;1;52863;cal_roto;5;0;B,D,G,E;timeout,timeout,timeout,timeout;0,0,0,0
[RECV] BSDC91 notify: CS;1;56488;cal_roto;5;0;B,D,E,G;timeout,timeout,timeout,timeout;0,0,0,0
[RECV] BS2DCE notify: CM;1;52863;1;timeout;0;0;0;0;60
[RECV] BSF66F notify: CM;1;16819;4;timeout;0;0;0;0;30|CM;1;16819;5;timeout;0;0;0;0;30
[RECV] BSF66F notify: CR;1;16820;cal_static;4;E;timeout;rx_timeout;0;0;0;0;0;0
[RECV] BSF66F notify: CR;1;16820;cal_static;4;F;timeout;rx_timeout;0;0;0;0;0;0
[RECV] BSF66F notify: CR;1;16820;cal_static;4;G;timeout;rx_timeout;0;0;0;0;0;0
[RECV] BSDC91 notify: CM;1;56488;3;timeout;0;0;0;0;61
[RECV] BSF66F notify: CR;1;16820;cal_static;4;H;timeout;rx_timeout;0;0;0;0;0;0
[RECV] BSF66F notify: CF;1;16820;cal_static;4;pending;0;4;0;0;0;0
[RECV] BSF66F notify: CS;1;16820;cal_static;4;0;E,F,G,H;timeout,timeout,timeout,timeout;0,0,0,0
[RECV] BS2DCE notify: CM;1;52863;3;timeout;0;0;0;0;60|CM;1;52863;4;timeout;0;0;0;0;60|CM;1;52863;6;timeout;0;0;0;0;60
[RECV] BS2DCE notify: CR;1;52864;cal_roto;5;B;timeout;rx_timeout;0;0;0;0;0;0
[RECV] BS2DCE notify: CR;1;52864;cal_roto;5;D;timeout;rx_timeout;0;0;0;0;0;0
[RECV] BS2DCE notify: CR;1;52864;cal_roto;5;E;timeout;rx_timeout;0;0;0;0;0;0
[RECV] BS2DCE notify: CR;1;52864;cal_roto;5;G;timeout;rx_timeout;0;0;0;0;0;0
[RECV] BS2DCE notify: CF;1;52864;cal_roto;5;pending;0;4;0;0;0;0
[RECV] BS2DCE notify: CS;1;52864;cal_roto;5;0;B,D,E,G;timeout,timeout,timeout,timeout;0,0,0,0
[RECV] BSDC91 notify: CM;1;56488;1;timeout;0;0;0;0;61|CM;1;56488;4;timeout;0;0;0;0;61|CM;1;56488;6;timeout;0;0;0;0;61
[RECV] BSDC91 notify: CR;1;56489;cal_roto;5;D;timeout;rx_timeout;0;0;0;0;0;0
[RECV] BSDC91 notify: CR;1;56489;cal_roto;5;B;timeout;rx_timeout;0;0;0;0;0;0
[RECV] BSDC91 notify: CR;1;56489;cal_roto;5;E;timeout;rx_timeout;0;0;0;0;0;0
[RECV] BSDC91 notify: CR;1;56489;cal_roto;5;G;timeout;rx_timeout;0;0;0;0;0;0
[RECV] BSDC91 notify: CF;1;56489;cal_roto;5;pending;0;4;0;0;0;0
[RECV] BSDC91 notify: CS;1;56489;cal_roto;5;0;D,B,E,G;timeout,timeout,timeout,timeout;0,0,0,0
[RECV] BSF66F notify: CM;1;16820;0;timeout;0;0;0;0;30
[RECV] BSF66F notify: CM;1;16820;1;timeout;0;0;0;0;30|CM;1;16820;2;timeout;0;0;0;0;30|CM;1;16820;3;timeout;0;0;0;0;30
[RECV] BSF66F notify: CR;1;16821;cal_static;4;A;timeout;rx_timeout;0;0;0;0;0;0
[RECV] BSF66F notify: CR;1;16821;cal_static;4;B;timeout;rx_timeout;0;0;0;0;0;0
[RECV] BS2DCE notify: CM;1;52864;1;timeout;0;0;0;0;61|CM;1;52864;3;timeout;0;0;0;0;61|CM;1;52864;4;timeout;0;0;0;0;61
[RECV] BSF66F notify: CR;1;16821;cal_static;4;C;timeout;rx_timeout;0;0;0;0;0;0
[RECV] BSF66F notify: CR;1;16821;cal_static;4;D;timeout;rx_timeout;0;0;0;0;0;0
[RECV] BSF66F notify: CF;1;16821;cal_static;4;pending;0;4;0;0;0;0
[RECV] BSF66F notify: CS;1;16821;cal_static;4;0;A,B,C,D;timeout,timeout,timeout,timeout;0,0,0,0
[RECV] BSDC91 notify: CM;1;56489;1;timeout;0;0;0;0;62|CM;1;56489;3;timeout;0;0;0;0;62|CM;1;56489;4;timeout;0;0;0;0;62
[RECV] BS2DCE notify: CR;1;52865;cal_roto;5;B;timeout;rx_timeout;0;0;0;0;0;0
[RECV] BS2DCE notify: CR;1;52865;cal_roto;5;D;timeout;rx_timeout;0;0;0;0;0;0
[RECV] BS2DCE notify: CR;1;52865;cal_roto;5;E;timeout;rx_timeout;0;0;0;0;0;0
[RECV] BS2DCE notify: CR;1;52865;cal_roto;5;G;timeout;rx_timeout;0;0;0;0;0;0
[RECV] BS2DCE notify: CF;1;52865;cal_roto;5;pending;0;4;0;0;0;0
[RECV] BS2DCE notify: CS;1;52865;cal_roto;5;0;B,D,E,G;timeout,timeout,timeout,timeout;0,0,0,0
[RECV] BSDC91 notify: CR;1;56490;cal_roto;5;D;timeout;rx_timeout;0;0;0;0;0;0
[RECV] BSDC91 notify: CR;1;56490;cal_roto;5;B;timeout;rx_timeout;0;0;0;0;0;0
[RECV] BSDC91 notify: CR;1;56490;cal_roto;5;E;timeout;rx_timeout;0;0;0;0;0;0
[RECV] BSDC91 notify: CR;1;56490;cal_roto;5;G;timeout;rx_timeout;0;0;0;0;0;0
[RECV] BSDC91 notify: CF;1;56490;cal_roto;5;pending;0;4;0;0;0;0
[RECV] BSDC91 notify: CS;1;56490;cal_roto;5;0;D,B,E,G;timeout,timeout,timeout,timeout;0,0,0,0
[RECV] BS2DCE notify: CM;1;52865;1;timeout;0;0;0;0;62|CM;1;52865;3;timeout;0;0;0;0;62
[RECV] BSF66F notify: CM;1;16821;4;timeout;0;0;0;0;31|CM;1;16821;5;timeout;0;0;0;0;31|CM;1;16821;6;timeout;0;0;0;0;31
[RECV] BSF66F notify: CR;1;16822;cal_static;4;E;timeout;rx_timeout;0;0;0;0;0;0
[RECV] BSF66F notify: CR;1;16822;cal_static;4;F;timeout;rx_timeout;0;0;0;0;0;0
[RECV] BSF66F notify: CR;1;16822;cal_static;4;G;timeout;rx_timeout;0;0;0;0;0;0
[RECV] BSF66F notify: CR;1;16822;cal_static;4;H;timeout;rx_timeout;0;0;0;0;0;0
[RECV] BSF66F notify: CF;1;16822;cal_static;4;pending;0;4;0;0;0;0
[RECV] BSF66F notify: CS;1;16822;cal_static;4;0;E,F,G,H;timeout,timeout,timeout,timeout;0,0,0,0
[RECV] BSDC91 notify: CM;1;56490;1;timeout;0;0;0;0;63|CM;1;56490;3;timeout;0;0;0;0;63
[RECV] BS2DCE notify: CR;1;52866;cal_roto;5;B;timeout;rx_timeout;0;0;0;0;0;0
[RECV] BS2DCE notify: CR;1;52866;cal_roto;5;D;timeout;rx_timeout;0;0;0;0;0;0
[RECV] BS2DCE notify: CR;1;52866;cal_roto;5;E;timeout;rx_timeout;0;0;0;0;0;0
[RECV] BS2DCE notify: CR;1;52866;cal_roto;5;G;timeout;rx_timeout;0;0;0;0;0;0
[RECV] BS2DCE notify: CF;1;52866;cal_roto;5;pending;0;4;0;0;0;0
[RECV] BS2DCE notify: CS;1;52866;cal_roto;5;0;B,D,E,G;timeout,timeout,timeout,timeout;0,0,0,0
[RECV] BSDC91 notify: CR;1;56491;cal_roto;5;B;timeout;rx_timeout;0;0;0;0;0;0
[RECV] BSDC91 notify: CR;1;56491;cal_roto;5;D;timeout;rx_timeout;0;0;0;0;0;0
[RECV] BSDC91 notify: CR;1;56491;cal_roto;5;E;timeout;rx_timeout;0;0;0;0;0;0
[RECV] BSDC91 notify: CR;1;56491;cal_roto;5;G;timeout;rx_timeout;0;0;0;0;0;0
[RECV] BSDC91 notify: CF;1;56491;cal_roto;5;pending;0;4;0;0;0;0
[RECV] BSDC91 notify: CS;1;56491;cal_roto;5;0;B,D,E,G;timeout,timeout,timeout,timeout;0,0,0,0
[RECV] BS2DCE notify: CM;1;52866;3;timeout;0;0;0;0;63
[RECV] BSDC91 notify: CM;1;56491;1;timeout;0;0;0;0;64
[RECV] BSF66F notify: CM;1;16822;0;timeout;0;0;0;0;31|CM;1;16822;1;timeout;0;0;0;0;31
[RECV] BSF66F notify: CR;1;16823;cal_static;4;A;timeout;rx_timeout;0;0;0;0;0;0
[RECV] BSF66F notify: CR;1;16823;cal_static;4;B;timeout;rx_timeout;0;0;0;0;0;0
[RECV] BSF66F notify: CR;1;16823;cal_static;4;C;timeout;rx_timeout;0;0;0;0;0;0
[RECV] BSF66F notify: CR;1;16823;cal_static;4;D;timeout;rx_timeout;0;0;0;0;0;0
[RECV] BSF66F notify: CF;1;16823;cal_static;4;pending;0;4;0;0;0;0
[RECV] BSF66F notify: CS;1;16823;cal_static;4;0;A,B,C,D;timeout,timeout,timeout,timeout;0,0,0,0
[RECV] BS2DCE notify: CM;1;52866;1;timeout;0;0;0;0;63|CM;1;52866;4;timeout;0;0;0;0;63|CM;1;52866;6;timeout;0;0;0;0;63
[RECV] BS2DCE notify: CR;1;52867;cal_roto;5;D;timeout;rx_timeout;0;0;0;0;0;0
[RECV] BS2DCE notify: CR;1;52867;cal_roto;5;B;timeout;rx_timeout;0;0;0;0;0;0
[RECV] BS2DCE notify: CR;1;52867;cal_roto;5;E;timeout;rx_timeout;0;0;0;0;0;0
[RECV] BS2DCE notify: CR;1;52867;cal_roto;5;G;timeout;rx_timeout;0;0;0;0;0;0
[RECV] BS2DCE notify: CF;1;52867;cal_roto;5;pending;0;4;0;0;0;0
[RECV] BS2DCE notify: CS;1;52867;cal_roto;5;0;D,B,E,G;timeout,timeout,timeout,timeout;0,0,0,0
[RECV] BSDC91 notify: CM;1;56491;3;timeout;0;0;0;0;64|CM;1;56491;4;timeout;0;0;0;0;64|CM;1;56491;6;timeout;0;0;0;0;64
[RECV] BSDC91 notify: CR;1;56492;cal_roto;5;B;timeout;rx_timeout;0;0;0;0;0;0
[RECV] BSDC91 notify: CR;1;56492;cal_roto;5;D;timeout;rx_timeout;0;0;0;0;0;0
[RECV] BSDC91 notify: CR;1;56492;cal_roto;5;G;timeout;rx_timeout;0;0;0;0;0;0
[RECV] BSDC91 notify: CR;1;56492;cal_roto;5;E;timeout;rx_timeout;0;0;0;0;0;0
[RECV] BSDC91 notify: CF;1;56492;cal_roto;5;pending;0;4;0;0;0;0
[RECV] BS2DCE notify: CM;1;52867;1;timeout;0;0;0;0;64|CM;1;52867;3;timeout;0;0;0;0;64|CM;1;52867;4;timeout;0;0;0;0;64
[RECV] BSDC91 notify: CS;1;56492;cal_roto;5;0;B,D,G,E;timeout,timeout,timeout,timeout;0,0,0,0
[RECV] BSF66F notify: CM;1;16823;4;timeout;0;0;0;0;32
[RECV] BSF66F notify: CM;1;16823;5;timeout;0;0;0;0;32|CM;1;16823;6;timeout;0;0;0;0;32|CM;1;16823;7;timeout;0;0;0;0;32
[RECV] BSF66F notify: CR;1;16824;cal_static;4;E;timeout;rx_timeout;0;0;0;0;0;0
[RECV] BSF66F notify: CR;1;16824;cal_static;4;F;timeout;rx_timeout;0;0;0;0;0;0
[RECV] BSDC91 notify: CM;1;56492;1;timeout;0;0;0;0;65|CM;1;56492;3;timeout;0;0;0;0;65|CM;1;56492;6;timeout;0;0;0;0;65
[RECV] BSF66F notify: CR;1;16824;cal_static;4;G;timeout;rx_timeout;0;0;0;0;0;0
[RECV] BSF66F notify: CR;1;16824;cal_static;4;H;timeout;rx_timeout;0;0;0;0;0;0
[RECV] BSF66F notify: CF;1;16824;cal_static;4;pending;0;4;0;0;0;0
[RECV] BSF66F notify: CS;1;16824;cal_static;4;0;E,F,G,H;timeout,timeout,timeout,timeout;0,0,0,0
[RECV] BS2DCE notify: CR;1;52868;cal_roto;5;D;timeout;rx_timeout;0;0;0;0;0;0
[RECV] BS2DCE notify: CR;1;52868;cal_roto;5;B;timeout;rx_timeout;0;0;0;0;0;0
[RECV] BS2DCE notify: CR;1;52868;cal_roto;5;E;timeout;rx_timeout;0;0;0;0;0;0
[RECV] BS2DCE notify: CR;1;52868;cal_roto;5;G;timeout;rx_timeout;0;0;0;0;0;0
[RECV] BS2DCE notify: CF;1;52868;cal_roto;5;pending;0;4;0;0;0;0
[RECV] BS2DCE notify: CS;1;52868;cal_roto;5;0;D,B,E,G;timeout,timeout,timeout,timeout;0,0,0,0
[RECV] BSDC91 notify: CR;1;56493;cal_roto;5;B;timeout;rx_timeout;0;0;0;0;0;0
[RECV] BSDC91 notify: CR;1;56493;cal_roto;5;D;timeout;rx_timeout;0;0;0;0;0;0
[RECV] BSDC91 notify: CR;1;56493;cal_roto;5;G;timeout;rx_timeout;0;0;0;0;0;0
[RECV] BSDC91 notify: CR;1;56493;cal_roto;5;E;timeout;rx_timeout;0;0;0;0;0;0
[RECV] BSDC91 notify: CF;1;56493;cal_roto;5;pending;0;4;0;0;0;0
[RECV] BSDC91 notify: CS;1;56493;cal_roto;5;0;B,D,G,E;timeout,timeout,timeout,timeout;0,0,0,0
[RECV] BSF66F notify: CM;1;16824;0;timeout;0;0;0;0;32|CM;1;16824;1;timeout;0;0;0;0;32|CM;1;16824;2;timeout;0;0;0;0;32
[RECV] BSF66F notify: CR;1;16825;cal_static;4;A;timeout;rx_timeout;0;0;0;0;0;0
[RECV] BSF66F notify: CR;1;16825;cal_static;4;B;timeout;rx_timeout;0;0;0;0;0;0
[RECV] BSF66F notify: CR;1;16825;cal_static;4;C;timeout;rx_timeout;0;0;0;0;0;0
[RECV] BS2DCE notify: CM;1;52868;1;timeout;0;0;0;0;65|CM;1;52868;3;timeout;0;0;0;0;65
[RECV] BSDC91 notify: CM;1;56493;1;timeout;0;0;0;0;66|CM;1;56493;3;timeout;0;0;0;0;66
[RECV] BSF66F notify: CR;1;16825;cal_static;4;D;timeout;rx_timeout;0;0;0;0;0;0
[RECV] BSF66F notify: CF;1;16825;cal_static;4;pending;0;4;0;0;0;0
[RECV] BSF66F notify: CS;1;16825;cal_static;4;0;A,B,C,D;timeout,timeout,timeout,timeout;0,0,0,0
[RECV] BS2DCE notify: CR;1;52869;cal_roto;5;B;timeout;rx_timeout;0;0;0;0;0;0
[RECV] BS2DCE notify: CR;1;52869;cal_roto;5;D;timeout;rx_timeout;0;0;0;0;0;0
[RECV] BS2DCE notify: CR;1;52869;cal_roto;5;E;timeout;rx_timeout;0;0;0;0;0;0
[RECV] BS2DCE notify: CR;1;52869;cal_roto;5;G;timeout;rx_timeout;0;0;0;0;0;0
[RECV] BS2DCE notify: CF;1;52869;cal_roto;5;pending;0;4;0;0;0;0
[RECV] BS2DCE notify: CS;1;52869;cal_roto;5;0;B,D,E,G;timeout,timeout,timeout,timeout;0,0,0,0
[RECV] BSDC91 notify: CR;1;56494;cal_roto;5;B;timeout;rx_timeout;0;0;0;0;0;0
[RECV] BSF66F notify: CM;1;16825;4;timeout;0;0;0;0;33|CM;1;16825;5;timeout;0;0;0;0;33
[RECV] BSF66F notify: CR;1;16826;cal_static;4;E;timeout;rx_timeout;0;0;0;0;0;0
[RECV] BSF66F notify: CR;1;16826;cal_static;4;F;timeout;rx_timeout;0;0;0;0;0;0
[RECV] BSF66F notify: CR;1;16826;cal_static;4;G;timeout;rx_timeout;0;0;0;0;0;0
[RECV] BS2DCE notify: CM;1;52869;1;timeout;0;0;0;0;66
[RECV] BSDC91 notify: CR;1;56494;cal_roto;5;D;timeout;rx_timeout;0;0;0;0;0;0
[RECV] BSDC91 notify: CR;1;56494;cal_roto;5;E;timeout;rx_timeout;0;0;0;0;0;0
[RECV] BSDC91 notify: CR;1;56494;cal_roto;5;G;timeout;rx_timeout;0;0;0;0;0;0
[RECV] BSDC91 notify: CF;1;56494;cal_roto;5;pending;0;4;0;0;0;0
[RECV] BSDC91 notify: CS;1;56494;cal_roto;5;0;B,D,E,G;timeout,timeout,timeout,timeout;0,0,0,0
[RECV] BSF66F notify: CR;1;16826;cal_static;4;H;timeout;rx_timeout;0;0;0;0;0;0
[RECV] BSF66F notify: CF;1;16826;cal_static;4;pending;0;4;0;0;0;0
[RECV] BSF66F notify: CS;1;16826;cal_static;4;0;E,F,G,H;timeout,timeout,timeout,timeout;0,0,0,0
[RECV] BSDC91 notify: CM;1;56494;1;timeout;0;0;0;0;67
[RECV] BS2DCE notify: CM;1;52869;3;timeout;0;0;0;0;66|CM;1;52869;4;timeout;0;0;0;0;66|CM;1;52869;6;timeout;0;0;0;0;66
[RECV] BS2DCE notify: CR;1;52870;cal_roto;5;B;timeout;rx_timeout;0;0;0;0;0;0
[RECV] BS2DCE notify: CR;1;52870;cal_roto;5;D;timeout;rx_timeout;0;0;0;0;0;0
[RECV] BS2DCE notify: CR;1;52870;cal_roto;5;G;timeout;rx_timeout;0;0;0;0;0;0
[RECV] BS2DCE notify: CR;1;52870;cal_roto;5;E;timeout;rx_timeout;0;0;0;0;0;0
[RECV] BS2DCE notify: CF;1;52870;cal_roto;5;pending;0;4;0;0;0;0
[RECV] BS2DCE notify: CS;1;52870;cal_roto;5;0;B,D,G,E;timeout,timeout,timeout,timeout;0,0,0,0
[RECV] BS2DCE notify: CM;1;52870;1;timeout;0;0;0;0;67|CM;1;52870;3;timeout;0;0;0;0;67|CM;1;52870;6;timeout;0;0;0;0;67
[RECV] BSDC91 notify: CM;1;56494;3;timeout;0;0;0;0;67|CM;1;56494;4;timeout;0;0;0;0;67|CM;1;56494;6;timeout;0;0;0;0;67
[RECV] BSDC91 notify: CR;1;56495;cal_roto;5;B;timeout;rx_timeout;0;0;0;0;0;0
[RECV] BSDC91 notify: CR;1;56495;cal_roto;5;D;timeout;rx_timeout;0;0;0;0;0;0
[RECV] BSDC91 notify: CR;1;56495;cal_roto;5;E;timeout;rx_timeout;0;0;0;0;0;0
[RECV] BSDC91 notify: CR;1;56495;cal_roto;5;G;timeout;rx_timeout;0;0;0;0;0;0
[RECV] BSF66F notify: CM;1;16826;0;timeout;0;0;0;0;33
[RECV] BSF66F notify: CM;1;16826;1;timeout;0;0;0;0;33|CM;1;16826;2;timeout;0;0;0;0;33|CM;1;16826;3;timeout;0;0;0;0;33
[RECV] BSF66F notify: CR;1;16827;cal_static;4;A;timeout;rx_timeout;0;0;0;0;0;0
[RECV] BSF66F notify: CR;1;16827;cal_static;4;B;timeout;rx_timeout;0;0;0;0;0;0
[RECV] BSDC91 notify: CF;1;56495;cal_roto;5;pending;0;4;0;0;0;0
[RECV] BSDC91 notify: CS;1;56495;cal_roto;5;0;B,D,E,G;timeout,timeout,timeout,timeout;0,0,0,0
[RECV] BSF66F notify: CR;1;16827;cal_static;4;C;timeout;rx_timeout;0;0;0;0;0;0
[RECV] BSF66F notify: CR;1;16827;cal_static;4;D;timeout;rx_timeout;0;0;0;0;0;0
[RECV] BSF66F notify: CF;1;16827;cal_static;4;pending;0;4;0;0;0;0
[RECV] BSF66F notify: CS;1;16827;cal_static;4;0;A,B,C,D;timeout,timeout,timeout,timeout;0,0,0,0
[RECV] BSDC91 notify: CM;1;56495;1;timeout;0;0;0;0;68|CM;1;56495;3;timeout;0;0;0;0;68|CM;1;56495;4;timeout;0;0;0;0;68
[RECV] BS2DCE notify: CR;1;52871;cal_roto;5;B;timeout;rx_timeout;0;0;0;0;0;0
[RECV] BS2DCE notify: CR;1;52871;cal_roto;5;D;timeout;rx_timeout;0;0;0;0;0;0
[RECV] BS2DCE notify: CR;1;52871;cal_roto;5;G;timeout;rx_timeout;0;0;0;0;0;0
[RECV] BS2DCE notify: CR;1;52871;cal_roto;5;E;timeout;rx_timeout;0;0;0;0;0;0
[RECV] BS2DCE notify: CF;1;52871;cal_roto;5;pending;0;4;0;0;0;0
[RECV] BS2DCE notify: CS;1;52871;cal_roto;5;0;B,D,G,E;timeout,timeout,timeout,timeout;0,0,0,0
[RECV] BSDC91 notify: CR;1;56496;cal_roto;5;B;timeout;rx_timeout;0;0;0;0;0;0
[RECV] BSDC91 notify: CR;1;56496;cal_roto;5;D;timeout;rx_timeout;0;0;0;0;0;0
[RECV] BSDC91 notify: CR;1;56496;cal_roto;5;E;timeout;rx_timeout;0;0;0;0;0;0
[RECV] BSDC91 notify: CR;1;56496;cal_roto;5;G;timeout;rx_timeout;0;0;0;0;0;0
[RECV] BSDC91 notify: CF;1;56496;cal_roto;5;pending;0;4;0;0;0;0
[RECV] BSDC91 notify: CS;1;56496;cal_roto;5;0;B,D,E,G;timeout,timeout,timeout,timeout;0,0,0,0
[RECV] BS2DCE notify: CM;1;52871;1;timeout;0;0;0;0;68|CM;1;52871;3;timeout;0;0;0;0;68
[RECV] BSF66F notify: CM;1;16827;4;timeout;0;0;0;0;34|CM;1;16827;5;timeout;0;0;0;0;34|CM;1;16827;6;timeout;0;0;0;0;34
[RECV] BSF66F notify: CR;1;16828;cal_static;4;E;timeout;rx_timeout;0;0;0;0;0;0
[RECV] BSF66F notify: CR;1;16828;cal_static;4;F;timeout;rx_timeout;0;0;0;0;0;0
[RECV] BSF66F notify: CR;1;16828;cal_static;4;G;timeout;rx_timeout;0;0;0;0;0;0
[RECV] BSF66F notify: CR;1;16828;cal_static;4;H;timeout;rx_timeout;0;0;0;0;0;0
[RECV] BSF66F notify: CF;1;16828;cal_static;4;pending;0;4;0;0;0;0
[RECV] BSF66F notify: CS;1;16828;cal_static;4;0;E,F,G,H;timeout,timeout,timeout,timeout;0,0,0,0
[RECV] BSDC91 notify: CM;1;56496;1;timeout;0;0;0;0;69|CM;1;56496;3;timeout;0;0;0;0;69
[RECV] BS2DCE notify: CR;1;52872;cal_roto;5;B;timeout;rx_timeout;0;0;0;0;0;0
[RECV] BS2DCE notify: CR;1;52872;cal_roto;5;D;timeout;rx_timeout;0;0;0;0;0;0
[RECV] BS2DCE notify: CR;1;52872;cal_roto;5;E;timeout;rx_timeout;0;0;0;0;0;0
[RECV] BS2DCE notify: CR;1;52872;cal_roto;5;G;timeout;rx_timeout;0;0;0;0;0;0
[RECV] BS2DCE notify: CF;1;52872;cal_roto;5;pending;0;4;0;0;0;0
[RECV] BSDC91 notify: CR;1;56497;cal_roto;5;D;timeout;rx_timeout;0;0;0;0;0;0
[RECV] BSDC91 notify: CR;1;56497;cal_roto;5;B;timeout;rx_timeout;0;0;0;0;0;0
[RECV] BSDC91 notify: CR;1;56497;cal_roto;5;E;timeout;rx_timeout;0;0;0;0;0;0
[RECV] BSDC91 notify: CR;1;56497;cal_roto;5;G;timeout;rx_timeout;0;0;0;0;0;0
[RECV] BSDC91 notify: CF;1;56497;cal_roto;5;pending;0;4;0;0;0;0
[RECV] BS2DCE notify: CS;1;52872;cal_roto;5;0;B,D,E,G;timeout,timeout,timeout,timeout;0,0,0,0
[RECV] BSDC91 notify: CS;1;56497;cal_roto;5;0;D,B,E,G;timeout,timeout,timeout,timeout;0,0,0,0
[RECV] BSF66F notify: CM;1;16828;0;timeout;0;0;0;0;34|CM;1;16828;1;timeout;0;0;0;0;34
[RECV] BSF66F notify: CR;1;16829;cal_static;4;A;timeout;rx_timeout;0;0;0;0;0;0
[RECV] BSF66F notify: CR;1;16829;cal_static;4;B;timeout;rx_timeout;0;0;0;0;0;0
[RECV] BSF66F notify: CR;1;16829;cal_static;4;C;timeout;rx_timeout;0;0;0;0;0;0
[RECV] BS2DCE notify: CM;1;52872;1;timeout;0;0;0;0;69
[RECV] BSF66F notify: CR;1;16829;cal_static;4;D;timeout;rx_timeout;0;0;0;0;0;0
[RECV] BSF66F notify: CF;1;16829;cal_static;4;pending;0;4;0;0;0;0
[RECV] BSDC91 notify: CM;1;56497;3;timeout;0;0;0;0;70
[RECV] BSF66F notify: CS;1;16829;cal_static;4;0;A,B,C,D;timeout,timeout,timeout,timeout;0,0,0,0
[RECV] BS2DCE notify: CM;1;52872;3;timeout;0;0;0;0;69|CM;1;52872;4;timeout;0;0;0;0;69|CM;1;52872;6;timeout;0;0;0;0;69
[RECV] BS2DCE notify: CR;1;52873;cal_roto;5;B;timeout;rx_timeout;0;0;0;0;0;0
[RECV] BS2DCE notify: CR;1;52873;cal_roto;5;D;timeout;rx_timeout;0;0;0;0;0;0
[RECV] BS2DCE notify: CR;1;52873;cal_roto;5;E;timeout;rx_timeout;0;0;0;0;0;0
[RECV] BS2DCE notify: CR;1;52873;cal_roto;5;G;timeout;rx_timeout;0;0;0;0;0;0
[RECV] BS2DCE notify: CF;1;52873;cal_roto;5;pending;0;4;0;0;0;0
[RECV] BS2DCE notify: CS;1;52873;cal_roto;5;0;B,D,E,G;timeout,timeout,timeout,timeout;0,0,0,0
[RECV] BSDC91 notify: CM;1;56497;1;timeout;0;0;0;0;70|CM;1;56497;4;timeout;0;0;0;0;70|CM;1;56497;6;timeout;0;0;0;0;70
[RECV] BSDC91 notify: CR;1;56498;cal_roto;5;D;timeout;rx_timeout;0;0;0;0;0;0
[RECV] BSDC91 notify: CR;1;56498;cal_roto;5;B;timeout;rx_timeout;0;0;0;0;0;0
[RECV] BSDC91 notify: CR;1;56498;cal_roto;5;E;timeout;rx_timeout;0;0;0;0;0;0
[RECV] BSDC91 notify: CR;1;56498;cal_roto;5;G;timeout;rx_timeout;0;0;0;0;0;0
[RECV] BSDC91 notify: CF;1;56498;cal_roto;5;pending;0;4;0;0;0;0
[RECV] BSDC91 notify: CS;1;56498;cal_roto;5;0;D,B,E,G;timeout,timeout,timeout,timeout;0,0,0,0
[RECV] BSF66F notify: CM;1;16829;4;timeout;0;0;0;0;35
[RECV] BSF66F notify: CM;1;16829;5;timeout;0;0;0;0;35|CM;1;16829;6;timeout;0;0;0;0;35|CM;1;16829;7;timeout;0;0;0;0;35
[RECV] BSF66F notify: CR;1;16830;cal_static;4;E;timeout;rx_timeout;0;0;0;0;0;0
[RECV] BSF66F notify: CR;1;16830;cal_static;4;F;timeout;rx_timeout;0;0;0;0;0;0
[RECV] BS2DCE notify: CM;1;52873;1;timeout;0;0;0;0;70|CM;1;52873;3;timeout;0;0;0;0;70|CM;1;52873;4;timeout;0;0;0;0;70
[RECV] BSF66F notify: CR;1;16830;cal_static;4;G;timeout;rx_timeout;0;0;0;0;0;0
[RECV] BSF66F notify: CR;1;16830;cal_static;4;H;timeout;rx_timeout;0;0;0;0;0;0
[RECV] BSF66F notify: CF;1;16830;cal_static;4;pending;0;4;0;0;0;0
[RECV] BSF66F notify: CS;1;16830;cal_static;4;0;E,F,G,H;timeout,timeout,timeout,timeout;0,0,0,0
[RECV] BSDC91 notify: CM;1;56498;1;timeout;0;0;0;0;71|CM;1;56498;3;timeout;0;0;0;0;71|CM;1;56498;4;timeout;0;0;0;0;71
[RECV] BS2DCE notify: CR;1;52874;cal_roto;5;B;timeout;rx_timeout;0;0;0;0;0;0
[RECV] BS2DCE notify: CR;1;52874;cal_roto;5;D;timeout;rx_timeout;0;0;0;0;0;0
[RECV] BS2DCE notify: CR;1;52874;cal_roto;5;E;timeout;rx_timeout;0;0;0;0;0;0
[RECV] BS2DCE notify: CR;1;52874;cal_roto;5;G;timeout;rx_timeout;0;0;0;0;0;0
[RECV] BS2DCE notify: CF;1;52874;cal_roto;5;pending;0;4;0;0;0;0
[RECV] BS2DCE notify: CS;1;52874;cal_roto;5;0;B,D,E,G;timeout,timeout,timeout,timeout;0,0,0,0
[RECV] BSDC91 notify: CR;1;56499;cal_roto;5;B;timeout;rx_timeout;0;0;0;0;0;0
[RECV] BSDC91 notify: CR;1;56499;cal_roto;5;D;timeout;rx_timeout;0;0;0;0;0;0
[RECV] BSDC91 notify: CR;1;56499;cal_roto;5;E;timeout;rx_timeout;0;0;0;0;0;0
[RECV] BSDC91 notify: CR;1;56499;cal_roto;5;G;timeout;rx_timeout;0;0;0;0;0;0
[RECV] BSDC91 notify: CF;1;56499;cal_roto;5;pending;0;4;0;0;0;0
[HOST_WARN 5613.947] capture read failed: device reports readiness to read but returned no data (device disconnected or multiple access on port?); recover controller
[HOST_RECOVERY 5613.949] serial recovery start: device reports readiness to read but returned no data (device disconnected or multiple access on port?)
[HOST_RECOVERY 5614.455] serial reopened without reset
[RECV] BSDC91 notify: CS;1;56499;cal_roto;5;0;B,D,E,G;timeout,timeout,timeout,timeout;0,0,0,0
[RECV] BSF66F notify: CM;1;16830;0;timeout;0;0;0;0;35|CM;1;16830;1;timeout;0;0;0;0;35|CM;1;16830;2;timeout;0;0;0;0;35
[RECV] BSF66F notify: CR;1;16831;cal_static;4;A;timeout;rx_timeout;0;0;0;0;0;0
[RECV] BSF66F notify: CR;1;16831;cal_static;4;B;timeout;rx_timeout;0;0;0;0;0;0
[RECV] BSF66F notify: CR;1;16831;cal_static;4;C;timeout;rx_timeout;0;0;0;0;0;0
[RECV] BS2DCE notify: CM;1;52874;1;timeout;0;0;0;0;71|CM;1;52874;3;timeout;0;0;0;0;71
[RECV] BSF66F notify: CR;1;16831;cal_static;4;D;timeout;rx_timeout;0;0;0;0;0;0
[RECV] BSF66F notify: CF;1;16831;cal_static;4;pending;0;4;0;0;0;0
[RECV] BSF66F notify: CS;1;16831;cal_static;4;0;A,B,C,D;timeout,timeout,timeout,timeout;0,0,0,0
[RECV] BSDC91 notify: CM;1;56499;1;timeout;0;0;0;0;72|CM;1;56499;3;timeout;0;0;0;0;72
[RECV] BS2DCE notify: CR;1;52875;cal_roto;5;D;timeout;rx_timeout;0;0;0;0;0;0
[RECV] BS2DCE notify: CR;1;52875;cal_roto;5;B;timeout;rx_timeout;0;0;0;0;0[RECV] BS2DCE notify: CR;1;52878;cal_roto;5;B;timeout;rx_timeout;0;0;0;0;0;0
[RECV] BS2DCE notify: CR;1;52878;cal_roto;5;D;timeout;rx_timeout;0;0;0;0;0;0
[RECV] BS2DCE notify: CR;1;52878;cal_roto;5;G;timeout;rx_timeout;0;0;0;0;0;0
[RECV] BS2DCE notify: CR;1;52878;cal_roto;5;E;timeout;rx_timeout;0;0;0;0;0;0
[RECV] BS2DCE notify: CF;1;52878;cal_roto;5;pending;0;4;0;0;0;0
[RECV] BS2DCE notify: CS;1;52878;cal_roto;5;0;B,D,G,E;timeout,timeout,timeout,timeout;0,0,0,0
[RECV] BSDC91 notify: CR;1;56503;cal_roto;5;B;timeout;rx_timeout;0;0;0;0;0;0
[RECV] BSDC91 notify: CR;1;56503;cal_roto;5;D;timeout;rx_timeout;0;0;0;0;0;0
[RECV] BSDC91 notify: CR;1;56503;cal_roto;5;E;timeout;rx_timeout;0;0;0;0;0;0
[RECV] BSDC91 notify: CR;1;56503;cal_roto;5;G;timeout;rx_timeout;0;0;0;0;0;0
[RECV] BSDC91 notify: CF;1;56503;cal_roto;5;pending;0;4;0;0;0;0
[RECV] BSDC91 notify: CS;1;56503;cal_roto;5;0;B,D,E,G;timeout,timeout,timeout,timeout;0,0,0,0
[RECV] BSF66F notify: CM;1;16834;0;timeout;0;0;0;0;37|CM;1;16834;1;timeout;0;0;0;0;37
[RECV] BSF66F notify: CR;1;16835;cal_static;4;A;timeout;rx_timeout;0;0;0;0;0;0
[RECV] BSF66F notify: CR;1;16835;cal_static;4;B;timeout;rx_timeout;0;0;0;0;0;0
[RECV] BSF66F notify: CR;1;16835;cal_static;4;C;timeout;rx_timeout;0;0;0;0;0;0
[RECV] BS2DCE notify: CM;1;52878;1;timeout;0;0;0;0;75
[RECV] BSF66F notify: CR;1;16835;cal_static;4;D;timeout;rx_timeout;0;0;0;0;0;0
[RECV] BSF66F notify: CF;1;16835;cal_static;4;pending;0;4;0;0;0;0
[RECV] BSF66F notify: CS;1;16835;cal_static;4;0;A,B,C,D;timeout,timeout,timeout,timeout;0,0,0,0
[RECV] BSDC91 notify: CM;1;56503;1;timeout;0;0;0;0;76
[RECV] BS2DCE notify: CM;1;52878;3;timeout;0;0;0;0;75|CM;1;52878;4;timeout;0;0;0;0;75|CM;1;52878;6;timeout;0;0;0;0;75
[RECV] BS2DCE notify: CR;1;52879;cal_roto;5;B;timeout;rx_timeout;0;0;0;0;0;0
[RECV] BS2DCE notify: CR;1;52879;cal_roto;5;D;timeout;rx_timeout;0;0;0;0;0;0
[RECV] BS2DCE notify: CR;1;52879;cal_roto;5;G;timeout;rx_timeout;0;0;0;0;0;0
[RECV] BS2DCE notify: CR;1;52879;cal_roto;5;E;timeout;rx_timeout;0;0;0;0;0;0
[RECV] BS2DCE notify: CF;1;52879;cal_roto;5;pending;0;4;0;0;0;0
[RECV] BS2DCE notify: CS;1;52879;cal_roto;5;0;B,D,G,E;timeout,timeout,timeout,timeout;0,0,0,0
[RECV] BSDC91 notify: CM;1;56503;3;timeout;0;0;0;0;76|CM;1;56503;4;timeout;0;0;0;0;76|CM;1;56503;6;timeout;0;0;0;0;76
[RECV] BSDC91 notify: CR;1;56504;cal_roto;5;B;timeout;rx_timeout;0;0;0;0;0;0
[RECV] BSDC91 notify: CR;1;56504;cal_roto;5;D;timeout;rx_timeout;0;0;0;0;0;0
[RECV] BSDC91 notify: CR;1;56504;cal_roto;5;E;timeout;rx_timeout;0;0;0;0;0;0
[RECV] BS2DCE notify: CM;1;52879;1;timeout;0;0;0;0;76|CM;1;52879;3;timeout;0;0;0;0;76|CM;1;52879;4;timeout;0;0;0;0;76
[RECV] BSDC91 notify: CR;1;56504;cal_roto;5;G;timeout;rx_timeout;0;0;0;0;0;0
[RECV] BSDC91 notify: CF;1;56504;cal_roto;5;pending;0;4;0;0;0;0
[RECV] BSDC91 notify: CS;1;56504;cal_roto;5;0;B,D,E,G;timeout,timeout,timeout,timeout;0,0,0,0
[RECV] BSF66F notify: CM;1;16835;4;timeout;0;0;0;0;38
[RECV] BSF66F notify: CM;1;16835;5;timeout;0;0;0;0;38|CM;1;16835;6;timeout;0;0;0;0;38|CM;1;16835;7;timeout;0;0;0;0;38
[RECV] BSF66F notify: CR;1;16836;cal_static;4;E;timeout;rx_timeout;0;0;0;0;0;0
[RECV] BSF66F notify: CR;1;16836;cal_static;4;F;timeout;rx_timeout;0;0;0;0;0;0
[RECV] BSF66F notify: CR;1;16836;cal_static;4;G;timeout;rx_timeout;0;0;0;0;0;0
[RECV] BSF66F notify: CR;1;16836;cal_static;4;H;timeout;rx_timeout;0;0;0;0;0;0
[RECV] BSF66F notify: CF;1;16836;cal_static;4;pending;0;4;0;0;0;0
[RECV] BSF66F notify: CS;1;16836;cal_static;4;0;E,F,G,H;timeout,timeout,timeout,timeout;0,0,0,0
[RECV] BSDC91 notify: CM;1;56504;1;timeout;0;0;0;0;77|CM;1;56504;3;timeout;0;0;0;0;77|CM;1;56504;4;timeout;0;0;0;0;77
[RECV] BS2DCE notify: CR;1;52880;cal_roto;5;B;timeout;rx_timeout;0;0;0;0;0;0
[RECV] BS2DCE notify: CR;1;52880;cal_roto;5;D;timeout;rx_timeout;0;0;0;0;0;0
[RECV] BS2DCE notify: CR;1;52880;cal_roto;5;E;timeout;rx_timeout;0;0;0;0;0;0
[RECV] BS2DCE notify: CR;1;52880;cal_roto;5;G;timeout;rx_timeout;0;0;0;0;0;0
[RECV] BS2DCE notify: CF;1;52880;cal_roto;5;pending;0;4;0;0;0;0
[RECV] BS2DCE notify: CS;1;52880;cal_roto;5;0;B,D,E,G;timeout,timeout,timeout,timeout;0,0,0,0
[RECV] BSDC91 notify: CR;1;56505;cal_roto;5;D;timeout;rx_timeoutS;1;16837;cal_[RECV] BSDC91 notify: CR;1;56505;cal_roto;5;B;timeout;rx_timeout;0;0;0;0;0;0
[RECV] BSDC91 notify: CR;1;56505;cal_roto;5;E;timeout;rx_timeout;0;0;0;0;0;0
[RECV] BSDC91 notify: CR;1;56505;cal_roto;5;G;timeout;rx_timeout;0;0;0;0;0;0
[RECV] BSDC91 notify: CF;1;56505;cal_roto;5;pending;0;4;0;0;0;0
[RECV] BS2DCE notify: CM;1;52880;1;timeout;0;0;0;0;77|CM;1;52880;3;timeout;0;0;0;0;77
[RECV] BSDC91 notify: CS;1;56505;cal_roto;5;0;D,B,E,G;timeout,timeout,timeout,timeout;0,0,0,0
[RECV] BSF66F notify: CM;1;16836;0;timeout;0;0;0;0;38|CM;1;16836;1;timeout;0;0;0;0;38|CM;1;16836;2;timeout;0;0;0;0;38
[RECV] BSF66F notify: CR;1;16837;cal_static;4;A;timeout;rx_timeout;0;0;0;0;0;0
[RECV] BSF66F notify: CR;1;16837;cal_static;4;B;timeout;rx_timeout;0;0;0;0;0;0
[RECV] BSF66F notify: CR;1;16837;cal_static;4;C;timeout;rx_timeout;0;0;0;0;0;0
[RECV] BSF66F notify: CR;1;16837;cal_static;4;D;timeout;rx_timeout;0;0;0;0;0;0
[RECV] BSF66F notify: CF;1;16837;cal_static;4;pending;0;4;0;0;0;0
[RECV] BSF66F notify: CS;1;16837;cal_[RECV] BSF66F notify: CR;1;16838;cal_static;4;E;timeout;rx_timeout;0;0;0;0;0;0
[RECV] BSF66F notify: CR;1;16838;cal_static;4;F;timeout;rx_timeout;0;0;0;0;0;0
[RECV] BSF66F notify: CR;1;16838;cal_static;4;G;timeout;rx_timeout;0;0;0;0;0;0
[RECV] BS2DCE notify: CM;1;52881;1;timeout;0;0;0;0;78
[RECV] BSF66F notify: CR;1;16838;cal_static;4;H;timeout;rx_timeout;0;0;0;0;0;0
[RECV] BSF66F notify: CF;1;16838;cal_static;4;pending;0;4;0;0;0;0
[RECV] BSF66F notify: CS;1;16838;cal_static;4;0;E,F,G,H;timeout,timeout,timeout,timeout;0,0,0,0
[RECV] BSDC91 notify: CM;1;56506;1;timeout;0;0;0;0;79
[RECV] BS2DCE notify: CM;1;52881;3;timeout;0;0;0;0;78|CM;1;52881;4;timeout;0;0;0;0;78|CM;1;52881;6;timeout;0;0;0;0;78
[RECV] BS2DCE notify: CR;1;52882;cal_roto;5;B;timeout;rx_timeout;0;0;0;0;0;0
[RECV] BS2DCE notify: CR;1;52882;cal_roto;5;D;timeout;rx_timeout;0;0;0;0;0;0
[RECV] BS2DCE notify: CR;1;52882;cal_roto;5;E;timeout;rx_timeout;0;0;0;0;0;0
[RECV] BS2DCE notify: CR;1;52882;cal_roto;5;G;timeout;rx_timeout;0;0;0;0;0;0
[RECV] BS2DCE notify: CF;1;52882;cal_roto;5;pending;0;4;0;0;0;0
[RECV] BS2DCE notify: CS;1;52882;cal_roto;5;0;B,D,E,G;timeout,timeout,timeout,timeout;0,0,0,0
[RECV] BSDC91 notify: CM;1;56506;3;timeout;0;0;0;0;79|CM;1;56506;4;timeout;0;0;0;0;79|CM;1;56506;6;timeout;0;0;0;0;79
[RECV] BSDC91 notify: CR;1;56507;cal_roto;5;B;timeout;rx_timeout;0;0;0;0;0;0
[RECV] BSDC91 notify: CR;1;56507;cal_roto;5;D;timeout;rx_timeout;0;0;0;0;0;0
[RECV] BSDC91 notify: CR;1;56507;cal_roto;5;E;timeout;rx_timeout;0;0;0;0;0;0
[RECV] BSDC91 notify: CR;1;56507;cal_roto;5;G;timeout;rx_timeout;0;0;0;0;0;0
[RECV] BSF66F notify: CM;1;16838;0;timeout;0;0;0;0;39
[RECV] BSF66F notify: CM;1;16838;1;timeout;0;0;0;0;39|CM;1;16838;2;timeout;0;0;0;0;39|CM;1;16838;3;timeout;0;0;0;0;39
[RECV] BSF66F notify: CR;1;16839;cal_static;4;A;timeout;rx_timeout;0;0;0;0;0;0
[RECV] BSF66F notify: CR;1;16839;cal_static;4;B;timeout;rx_timeout;0;0;0;0;0;0
[RECV] BS2DCE notify: CM;1;52882;1;timeout;0;0;0;0;79|CM;1;52882;3;timeout;0;0;0;0;79|CM;1;52882;4;timeout;0;0;0;0;79
[RECV] BSDC91 notify: CF;1;56507;cal_roto;5;pending;0;4;0;0;0;0
[RECV] BSDC91 notify: CS;1;56507;cal_roto;5;0;B,D,E,G;timeout,timeout,timeout,timeout;0,0,0,0
[RECV] BSF66F notify: CR;1;16839;cal_static;4;C;timeout;rx_timeout;0;0;0;0;0;0
[RECV] BSF66F notify: CR;1;16839;cal_static;4;D;timeout;rx_timeout;0;0;0;0;0;0
[RECV] BSF66F notify: CF;1;16839;cal_static;4;pending;0;4;0;0;0;0
[RECV] BSF66F notify: CS;1;16839;cal_static;4;0;A,B,C,D;timeout,timeout,timeout,timeout;0,0,0,0
[RECV] BSDC91 notify: CM;1;56507;1;timeout;0;0;0;0;80|CM;1;56507;3;timeout;0;0;0;0;80|CM;1;56507;6;timeout;0;0;0;0;80
[RECV] BS2DCE notify: CR;1;52883;cal_roto;5;D;timeout;rx_timeout;0;0;0;0;0;0
[RECV] BS2DCE notify: CR;1;52883;cal_roto;5;B;timeout;rx_timeout;0;0;0;0;0;0
[RECV] BS2DCE notify: CR;1;52883;cal_roto;5;E;timeout;rx_timeout;0;0;0;0;0;0
[RECV] BS2DCE notify: CR;1;52883;cal_roto;5;G;timeout;rx_timeout;0;0;0;0;0;0
[RECV] BS2DCE notify: CF;1;52883;cal_roto;5;pending;0;4;0;0;0;0
[RECV] BS2DCE notify: CS;1;52883;cal_roto;5;0;D,B,E,G;timeout,timeout,timeout,timeout;0,0,0,0
[RECV] BSDC91 notify: CR;1;56508;cal_roto;5;B;timeout;rx_timeout;0;0;0;0;0;0
[RECV] BSDC91 notify: CR;1;56508;cal_roto;5;D;timeout;rx_timeout;0;0;0;0;0;0
[RECV] BSDC91 notify: CR;1;56508;cal_roto;5;G;timeout;rx_timeout;0;0;0;0;0;0
[RECV] BSDC91 notify: CR;1;56508;cal_roto;5;E;timeout;rx_timeout;0;0;0;0;0;0
[RECV] BSDC91 notify: CF;1;56508;cal_roto;5;pending;0;4;0;0;0;0
[RECV] BSDC91 notify: CS;1;56508;cal_roto;5;0;B,D,G,E;timeout,timeout,timeout,timeout;0,0,0,0
[RECV] BS2DCE notify: CM;1;52883;1;timeout;0;0;0;0;80|CM;1;52883;3;timeout;0;0;0;0;80
[RECV] BSF66F notify: CM;1;16839;4;timeout;0;0;0;0;40|CM;1;16839;5;timeout;0;0;0;0;40|CM;1;16839;6;timeout;0;0;0;0;40
[RECV] BSF66F notify: CR;1;16840;cal_static;4;E;timeout;rx_timeout;0;0;0;0;0;0
[RECV] BSF66F notify: CR;1;16840;cal_static;4;F;timeout;rx_timeout;0;0;0;0;0;0
[RECV] BSF66F notify: CR;1;16840;cal_static;4;G;timeout;rx_timeout;0;0;0;0;0;0
[RECV] BSF66F notify: CR;1;16840;cal_static;4;H;timeout;rx_timeout;0;0;0;0;0;0
[RECV] BSF66F notify: CF;1;16840;cal_static;4;pending;0;4;0;0;0;0
[RECV] BSF66F notify: CS;1;16840;cal_static;4;0;E,F,G,H;timeout,timeout,timeout,timeout;0,0,0,0
[RECV] BSDC91 notify: CM;1;56508;1;timeout;0;0;0;0;81|CM;1;56508;3;timeout;0;0;0;0;81
[RECV] BS2DCE notify: CR;1;52884;cal_roto;5;D;timeout;rx_timeout;0;0;0;0;0;0
[RECV] BS2DCE notify: CR;1;52884;cal_roto;5;B;timeout;rx_timeout;0;0;0;0;0;0
[RECV] BS2DCE notify: CR;1;52884;cal_roto;5;E;timeout;rx_timeout;0;0;0;0;0;0
[RECV] BS2DCE notify: CR;1;52884;cal_roto;5;G;timeout;rx_timeout;0;0;0;0;0;0
[RECV] BS2DCE notify: CF;1;52884;cal_roto;5;pending;0;4;0;0;0;0
[RECV] BS2DCE notify: CS;1;52884;cal_roto;5;0;D,B,E,G;timeout,timeout,timeout,timeout;0,0,0,0
[RECV] BSDC91 notify: CR;1;56509;cal_roto;5;B;timeout;rx_timeout;0;0;0;0;0;0
[RECV] BSDC91 notify: CR;1;56509;cal_roto;5;D;timeout;rx_timeout;0;0;0;0;0;0
[RECV] BSDC91 notify: CR;1;56509;cal_roto;5;G;timeout;rx_timeout;0;0;0;0;0;0
[RECV] BSDC91 notify: CR;1;56509;cal_roto;5;E;timeout;rx_timeout;0;0;0;0;0;0
[RECV] BSDC91 notify: CF;1;56509;cal_roto;5;pending;0;4;0;0;0;0
[RECV] BSDC91 notify: CS;1;56509;cal_roto;5;0;B,D,G,E;timeout,timeout,timeout,timeout;0,0,0,0
[RECV] BS2DCE notify: CM;1;52884;1;timeout;0;0;0;0;81
[RECV] BSF66F notify: CM;1;16840;0;timeout;0;0;0;0;40|CM;1;16840;1;timeout;0;0;0;0;40
[RECV] BSF66F notify: CR;1;16841;cal_static;4;A;timeout;rx_timeout;0;0;0;0;0;0
[RECV] BSF66F notify: CR;1;16841;cal_static;4;B;timeout;rx_timeout;0;0;0;0;0;0
[RECV] BSF66F notify: CR;1;16841;cal_static;4;C;timeout;rx_timeout;0;0;0;0;0;0
[RECV] BSDC91 notify: CM;1;56509;1;timeout;0;0;0;0;82
[RECV] BSF66F notify: CR;1;16841;cal_static;4;D;timeout;rx_timeout;0;0;0;0;0;0
[RECV] BSF66F notify: CF;1;16841;cal_static;4;pending;0;4;0;0;0;0
[RECV] BSF66F notify: CS;1;16841;cal_static;4;0;A,B,C,D;timeout,timeout,timeout,timeout;0,0,0,0
[RECV] BS2DCE notify: CM;1;52884;3;timeout;0;0;0;0;81|CM;1;52884;4;timeout;0;0;0;0;81|CM;1;52884;6;timeout;0;0;0;0;81
[RECV] BS2DCE notify: CR;1;52885;cal_roto;5;B;timeout;rx_timeout;0;0;0;0;0;0
[RECV] BS2DCE notify: CR;1;52885;cal_roto;5;D;timeout;rx_timeout;0;0;0;0;0;0
[RECV] BS2DCE notify: CR;1;52885;cal_roto;5;E;timeout;rx_timeout;0;0;0;0;0;0
[RECV] BS2DCE notify: CR;1;52885;cal_roto;5;G;timeout;rx_timeout;0;0;0;0;0;0
[RECV] BS2DCE notify: CF;1;52885;cal_roto;5;pending;0;4;0;0;0;0
[RECV] BS2DCE notify: CS;1;52885;cal_roto;5;0;B,D,E,G;timeout,timeout,timeout,timeout;0,0,0,0
[RECV] BSDC91 notify: CM;1;56509;3;timeout;0;0;0;0;82|CM;1;56509;4;timeout;0;0;0;0;82|CM;1;56509;6;timeout;0;0;0;0;82
[RECV] BSDC91 notify: CR;1;56510;cal_roto;5;B;timeout;rx_timeout;0;0;0;0;0;0
[RECV] BSDC91 notify: CR;1;56510;cal_roto;5;D;timeout;rx_timeout;0;0;0;0;0;0
[RECV] BSDC91 notify: CR;1;56510;cal_roto;5;E;timeout;rx_timeout;0;0;0;0;0;0
[RECV] BSDC91 notify: CR;1;56510;cal_roto;5;G;timeout;rx_timeout;0;0;0;0;0;0
[RECV] BSDC91 notify: CF;1;56510;cal_roto;5;pending;0;4;0;0;0;0
[RECV] BSDC91 notify: CS;1;56510;cal_roto;5;0;B,D,E,G;timeout,timeout,timeout,timeout;0,0,0,0
[[HOST_WARN 5616.059] controller reopened; reconfigure recv/tdma session
[HOST_CMD 5616.059] mode recv
RECV] BS2DCE notify: CM;1;52885;1;timeout;0;0;0;0;82|CM;1;52885;3;timeout;0;0;0;0;82|CM;1;52885;6;timeout;0;0;0;0;82
[RECV] One-shot NUS command cleared (runtime)
[RECV] Master quiesce peer[0]: connected=1 ready=1 link=nus uuid=-
[RECV] Master quiesce peer[1]: connected=1 ready=1 link=nus uuid=-
[RECV] Master quiesce peer[2]: connected=1 ready=1 link=nus uuid=-
[RECV] Peer clear wait: waited=0 conn_count=3 ready_count=0
[RECV] Peer clear wait timeout: conn_count=3 ready_count=0
[RECV] RECV clean slate requires reboot: stale BLE links did not clear
[RECV] Control mode staged: RECV
*** Booting nRF Connect SDK v2.8.0-a2386bfc8401 ***
*** Using Zephyr OS v3.7.99-0bc3393fb112 ***
[RECV] LED map: 1=AUTOPOS 2=RECV 3=OTA 4=FLOW
[RECV] Control mode loaded: RECV
[RECV] UART control ready: type 'status' or 'mode recv'/'mode ota'/'mode autopos'
OTA_STATE:target_configured detail=token
OTA NUS stage: enabled
OTA target filter: token=-1 name=- prefix=BS uuid=-
[RECV] BioSpur BLE master control ready on nrf5340dk/nrf5340/cpuapp
[RECV] BTN1 toggles RECV/OTA, BTN2 forces OTA mode, BTN3=SCAN, BTN4=CONN&START
[RECV] Commands: status | mode recv | mode ota | mode autopos | scan | conn | initiate
[RECV] OTA runtime cmds: ota_reset | ota show | ota version
[RECV] Runtime NUS cmds: cmd <raw> | oneshot <raw> | oneshot show | oneshot clear
[RECV] TDMA cmds: tdma show | tdma profile <BSxxxx> <static|roto|motion> | tdma freq <static|roto|motion> <hz> | tdma rebalance
[RECV] Device model cmds: device show | device kind <anchor|tag>
[RECV] OTA target cmds: ota_target show | ota_target token <id|-1>SETUP[2] defer: global discovery busy
SETUP[2] defer: global discovery busy
SETUP[2] defer: global discovery busy
SETUP[2] defer: global discovery busy
SETUP[2] defer: global discovery busy
SETUP[2] defer: global discovery busy
SETUP[2] defer: global discovery busy
[RECV] DISC complete[1]: link=nus discovered_service=2800 uuid=-
[RECV] BLE[1] link ready
[RECV] CFG assigned[0]: bs=BS2DCE tag=1 slot=0/10 mask=0x0021 period=40 active=24 gen=2 pmode=0
[RECV] TDMA weighted[0]: bs=BS2DCE profile=motion target=5Hz mask=0x0021 slots=2/10 actual_x100=500 epoch_delay=3000
[RECV] CFG assigned[1]: bs=BSF66F tag=2 slot=3/10 mask=0x0108 period=40 active=24 gen=2 pmode=0
[RECV] TDMA weighted[1]: bs=BSF66F profile=motion target=5Hz mask=0x0108 slots=2/10 actual_x100=500 epoch_delay=2999
SETUP[2] begin: link=nus uuid=- conn=0x200021c0
SETUP[2] mtu_exchange rc=0
SETUP[2] phy_update rc=0
SETUP[2] conn_param_update rc=0
[RECV] DISC start[2]: link=nus uuid=- conn=0x200021c0
[RECV] BSF66F notify: CM;1;16867;6;timeout;0;0;0;0;54|CM;1;16867;7;timeout;0;0;0;0;54
[RECV] BS2DCE notify: CFG_OK TAG=1 SLOT=0/10 MASK=0x0021 PERIOD=40 ACTIVE=24 GEN=2 LIVE=1
[RECV] CFG confirmed[0]: tag=1 slot=0/10 mask=0x0021 period=40 active=24 gen=2 live=1
[RECV] MTU exchange[2] done (498)
[RECV] BSF66F notify: CFG_OK TAG=2 SLOT=3/10 MASK=0x0108 PERIOD=40 ACTIVE=24 GEN=2 LIVE=1
[RECV] CFG confirmed[1]: tag=2 slot=3/10 mask=0x0108 period=40 active=24 gen=2 live=1
[RECV] Conn param updated[2]: int=6 lat=0 to=400
[RECV] PHY updated[2]: tx=0x2 rx=0x2
[RECV] DISC complete[2]: link=nus discovered_service=2800 uuid=-
[RECV] BLE[2] link ready
[RECV] CFG assigned[0]: bs=BS2DCE tag=1 slot=0/10 mask=0x0021 period=40 active=24 gen=3 pmode=0
[RECV] TDMA weighted[0]: bs=BS2DCE profile=motion target=5Hz mask=0x0021 slots=2/10 actual_x100=500 epoch_delay=3000
[RECV] CFG assigned[2]: bs=BSDC91 tag=2 slot=2/10 mask=0x0084 period=40 active=24 gen=3 pmode=0
[RECV] TDMA weighted[1]: bs=BSDC91 profile=motion target=5Hz mask=0x0084 slots=2/10 actual_x100=500 epoch_delay=2999
[RECV] CFG assigned[1]: bs=BSF66F tag=3 slot=3/10 mask=0x0108 period=40 active=24 gen=3 pmode=0
[RECV] TDMA weighted[2]: bs=BSF66F profile=motion target=5Hz mask=0x0108 slots=2/10 actual_x100=500 epoch_delay=2998
[RECV] BSDC91 notify: CM;1;56538;4;timeout;0;0;0;0;111
[RECV] BS2DCE notify: CFG_OK TAG=1 SLOT=0/10 MASK=0x0021 PERIOD=40 ACTIVE=24 GEN=3 LIVE=1
[RECV] CFG confirmed[0]: tag=1 slot=0/10 mask=0x0021 period=40 active=24 gen=3 live=1
[RECV] BSF66F notify: CFG_OK TAG=3 SLOT=3/10 MASK=0x0108 PERIOD=40 ACTIVE=24 GEN=3 LIVE=1
[RECV] CFG confirmed[1]: tag=3 slot=3/10 mask=0x0108 period=40 active=24 gen=3 live=1
[RECV] BSDC91 notify: CR;1;56539;cal_roto;5;B;timeout;rx_timeout;0;0;0;0;0;0
[RECV] BSDC91 notify: CFG_OK TAG=2 SLOT=2/10 MASK=0x0084 PERIOD=40 ACTIVE=24 GEN=3 LIVE=1
[RECV] CFG confirmed[2]: tag=2 slot=2/10 mask=0x0084 period=40 active=24 gen=3 live=1
[RECV] BSDC91 notify: CR;1;56539;cal_roto;5;D;timeout;rx_timeout;0;0;0;0;0;0
[RECV] BSDC91 notify: CR;1;56539;cal_roto;5;E;timeout;rx_timeout;0;0;0;0;0;0
[RECV] BSDC91 notify: CR;1;56539;cal_roto;5;G;timeout;rx_timeout;0;0;0;0;0;0
[RECV] BSDC91 notify: CF;1;56539;cal_roto;5;pending;0;4;0;0;0;0
[RECV] BSDC91 notify: CS;1;56539;cal_roto;5;0;B,D,E,G;timeout,timeout,timeout,timeout;0,0,0,0
[RECV] Conn param updated[0]: int=6 lat=0 to=400
[RECV] Conn param updated[1]: int=6 lat=0 to=400
[RECV] Conn param updated[2]: int=6 lat=0 to=400
[HOST_WARN 5628.991] read failed after 'mode recv'; reopened serial and continued
[HOST_CMD 5628.991] tdma clear
[RECV] TDMA profiles cleared
[RECV] CFG assigned[0]: bs=BS2DCE tag=1 slot=0/10 mask=0x0021 period=40 active=24 gen=4 pmode=0
[RECV] TDMA weighted[0]: bs=BS2DCE profile=motion target=5Hz mask=0x0021 slots=2/10 actual_x100=500 epoch_delay=3000
[RECV] CFG assigned[2]: bs=BSDC91 tag=2 slot=2/10 mask=0x0084 period=40 active=24 gen=4 pmode=0
[RECV] TDMA weighted[1]: bs=BSDC91 profile=motion target=5Hz mask=0x0084 slots=2/10 actual_x100=500 epoch_delay=2999
[RECV] CFG assigned[1]: bs=BSF66F tag=3 slot=3/10 mask=0x0108 period=40 active=24 gen=4 pmode=0
[RECV] TDMA weighted[2]: bs=BSF66F profile=motion target=5Hz mask=0x0108 slots=2/10 actual_x100=500 epoch_delay=2998
[RECV] tdma clear rc=0
[RECV] BS2DCE notify: CFG_OK TAG=1 SLOT=0/10 MASK=0x0021 PERIOD=40 ACTIVE=24 GEN=4 LIVE=1
[RECV] CFG confirmed[0]: tag=1 slot=0/10 mask=0x0021 period=40 active=24 gen=4 live=1
[RECV] BSDC91 notify: CFG_OK TAG=2 SLOT=2/10 MASK=0x0084 PERIOD=40 ACTIVE=24 GEN=4 LIVE=1
[RECV] CFG confirmed[2]: tag=2 slot=2/10 mask=0x0084 period=40 active=24 gen=4 live=1
[RECV] BSF66F notify: CFG_OK TAG=3 SLOT=3/10 MASK=0x0108 PERIOD=40 ACTIVE=24 GEN=4 LIVE=1
[RECV] CFG confirmed[1]: tag=3 slot=3/10 mask=0x0108 period=40 active=24 gen=4 live=1
[HOST_CMD 5629.932] device kind tag
OTA NUS stage: enabled
[RECV] One-shot NUS command cleared (runtime)
[RECV] Master disconnecting peer[0]: bs=BS2DCE
[RECV] Master disconnecting peer[1]: bs=BSF66F
[RECV] Master disconnecting peer[2]: bs=BSDC91
[RECV] device kind set: tag (OTA target preserved)
[RECV] Master discovery mode: CONN & START
[RECV] Peer clear wait: waited=0 conn_count=3 ready_count=0
[HOST_CMD 5631.951] ota_target token -1
[HOST_CMD 5632.553] ota_target name -
[RECV] Peer clear wait timeout: conn_count=3 ready_count=0
[RECV] SCAN start req: bt_ready=1 scan_running=0 connecting_slot=-1 conn_count=3 target=tag prefix=BS
[RECV] Scanning for BS*
[RECV] System target: kind=tag caps=0x0f (config=1 ota=1 stream=1 status=1)
OTA target filter: token=-1 name=- prefix=BS uuid=-
[RECV] ota_target name rc=0 value=-
OTA target filter: token=-1 name=- prefix=BS uuid=-
[RECV] Disconnected[0]: FF:5E:D2:80:EA:D2 (random) reason=0x16 link=nus ready=1
[RECV] CFG send failed[2]: tag=1 slot=0 err=-128
[RECV] TDMA weighted[0]: bs=BSDC91 profile=motion target=5Hz mask=0x0021 slots=2/10 actual_x100=500 epoch_delay=3000
[RECV] CFG send failed[1]: tag=2 slot=3 err=-128
[RECV] TDMA weighted[1]: bs=BSF66F profile=motion target=5Hz mask=0x0108 slots=2/10 actual_x100=500 epoch_delay=2999
[RECV] Disconnected[1]: FC:9A:15:34:AB:20 (random) reason=0x16 link=nus ready=1
[RECV] CFG send failed[2]: tag=1 slot=0 err=-128
[RECV] TDMA weighted[0]: bs=BSDC91 profile=motion target=5Hz mask=0x0021 slots=2/10 actual_x100=500 epoch_delay=3000
[RECV] Disconnected[2]: D5:53:48:EF:8F:59 (random) reason=0x16 link=nus ready=1
[RECV] SCAN hit: FF:5E:D2:80:EA:D2 (random) rssi=-63 name=- bs=BS2DCE uuid=- target=tag uuid_ok=1 tag_name=0 anchor_name=0 nus=0 dfu=1 token=1 props=0x03
[RECV] CONNECT queue[0]: addr=FF:5E:D2:80:EA:D2 (random) link=nus uuid=- target=tag
[RECV] SCAN hit: FC:9A:15:34:AB:20 (random) rssi=-66 name=- bs=BSF66F uuid=- target=tag uuid_ok=1 tag_name=0 anchor_name=0 nus=0 dfu=1 token=1 props=0x03
[RECV] CONNECT queue[1]: addr=FC:9A:15:34:AB:20 (random) link=nus uuid=- target=tag
[[HOST_CMD 5633.203] ota_target uuid -
RECV] SCAN hit: D5:53:48:EF:8F:59 (random) rssi=-51 name=- bs=BSDC91 uuid=- target=tag uuid_ok=1 tag_name=0 anchor_name=0 nus=0 dfu=1 token=1 props=0x03
[RECV] CONNECT queue[2]: addr=D5:53:48:EF:8F:59 (random) link=nus uuid=- target=tag
[RECV] ota_target uuid rc=0 value=-
OTA target filter: token=-1 name=- prefix=BS uuid=-
[RECV] CONNECT pending[0]: addr_valid=1 link=nus uuid=- scan_running=1 conn_count=0
[RECV] CONNECT pending[0]: bt_le_scan_stop rc=0 scan_running=1
[RECV] CONNECT pending[0] rc=0 conn=0x20002020
[RECV] Connected[0]: FF:5E:D2:80:EA:D2 (random) name=- bs=BS2DCE
[RECV] CONNECT state[0]: link=nus uuid=- ready=0 conn=0x20002020
[RECV] CONNECT pending[1]: addr_valid=1 link=nus uuid=- scan_running=0 conn_count=1
[RECV] CONNECT pending[1] rc=0 conn=0x200020f0
SETUP[0] defer: waiting 332 ms before discovery start
[RECV] Connected[1]: FC:9A:15:34:AB:20 (random) name=- bs=BSF66F
[RECV] CONNECT state[1]: link=nus uuid=- ready=0 conn=0x200020f0
SETUP[0] defer: waiting 282 ms before discovery start
SETUP[1] defer: waiting 338 ms before discovery start
[RECV] CONNECT pending[2]: addr_valid=1 link=nus uuid=- scan_running=0 conn_count=2
[RECV] CONNECT pending[2] rc=0 conn=0x200021c0
SETUP[0] defer: waiting 230 ms before discovery start
SETUP[1] defer: waiting 286 ms before discovery start
[RECV] Connected[2]: D5:53:48:EF:8F:59 (random) name=- bs=BSDC91
[RECV] CONNECT state[2]: link=nus uuid=- ready=0 conn=0x200021c0
[RECV] PHY updated[0]: tx=0x2 rx=0x2
SETUP[0] defer: waiting 179 ms before discovery start
SETUP[1] defer: waiting 235 ms before discovery start
SETUP[2] defer: waiting 305 ms before discovery start
SETUP[0] defer: waiting 129 ms before discovery start
SETUP[1] defer: waiting 184 ms before discovery start
SETUP[2] defer: waiting 254 ms before discovery start
[RECV] PHY updated[1]: tx=0x2 rx=0x2
SETUP[0] defer: waiting 78 ms before discovery start
SETUP[1] defer: waiting 134 ms before discovery start
SETUP[2] defer: waiting 203 ms before discovery start
S[HOST_CMD 5633.714] ota_target prefix BS
ETUP[0] defer: waiting 27 ms before discovery start
SETUP[1] defer: waiting 83 ms before discovery start
SETUP[2] defer: waiting 153 ms before discovery start
[RECV] ota_target prefix rc=0 value=bs
OTA target filter: token=-1 name=- prefix=bs uuid=-
SETUP[0] begin: link=nus uuid=- conn=0x20002020
SETUP[0] mtu_exchange rc=0
SETUP[0] phy_update rc=0
SETUP[0] conn_param_update rc=0
[RECV] DISC start[0]: link=nus uuid=- conn=0x20002020
SETUP[1] defer: global discovery busy
SETUP[2] defer: global discovery busy
[RECV] PHY updated[2]: tx=0x2 rx=0x2
[RECV] MTU exchange[0] done (498)
SETUP[1] defer: global discovery busy
SETUP[2] defer: global discovery busy
[RECV] Conn param updated[0]: int=6 lat=0 to=400
[RECV] PHY updated[0]: tx=0x2 rx=0x2
SETUP[1] defer: global discovery busy
SETUP[2] defer: global discovery busy
SETUP[1] defer: global discovery busy
SETUP[2] defer: global discovery busy
SETUP[1] defer: global discovery busy
SETUP[2] defer: global discovery busy
SETUP[1] defer: global discovery busy
SETUP[2] defer: global discovery busy
SETUP[1] defer: global discovery busy
SETUP[2] defer: global discovery busy
[RECV] DISC complete[0]: link=nus discovered_service=2800 uuid=-
[RECV] BLE[0] link ready
[RECV] CFG assigned[0]: bs=BS2DCE tag=1 slot=0/10 mask=0x0021 period=40 active=24 gen=7 pmode=0
[RECV] TDMA weighted[0]: bs=BS2DCE profile=motion target=5Hz mask=0x0021 slots=2/10 actual_x100=500 epoch_delay=3000
[RECV] SCAN start req: bt_ready=1 scan_running=0 connecting_slot=-1 conn_count=3 target=tag prefix=BS
SETUP[1] begin: link=nus uuid=- conn=0x200020f0
SETUP[1] mtu_exchange rc=0
SETUP[1] phy_update rc=0
SETUP[1] conn_param_update rc=0
[RECV] DISC start[1]: link=nus uuid=- conn=0x200020f0
[RECV] Could not start NUS discovery[1]: -120
[RECV] DISC start failed[1]: connected_for=679ms ready=0 retries=0 start_failures=1
SETUP[2] begin: link=nus uuid=- conn=0x200021c0
SETUP[2] mtu_exchange rc=0
[RECV] Scanning for BS*
SETUP[2] phy_update rc=0
SETUP[2] conn_param_update rc=0
[RECV] DISC start[2]: link=nus uuid=- conn=0x200021c0
[RECV] MTU exchange[1] done (498)
[RECV] BS2DCE notify: CS;1;52909;cal_roto;5;0;B,D,E,G;timeout,timeout,timeout,timeout;0,0,0,0
[RECV] MTU exchange[2] done (498)
[RECV] Conn param updated[1]: int=6 lat=0 to=400
[RECV] Conn param updated[2]: int=6 lat=0 to=400
[RECV] PHY updated[1]: tx=0x2 rx=0x2
[[HOST_CMD 5634.218] ota_target show
RECV] BS2DCE notify: CFG_OK TAG=1 SLOT=0/10 MASK=0x0021 PERIOD=40 ACTIVE=24 GEN=7 LIVE=1
[RECV] CFG confirmed[0]: tag=1 slot=0/10 mask=0x0021 period=40 active=24 gen=7 live=1
OTA target filter: token=-1 name=- prefix=bs uuid=-
[RECV] PHY updated[2]: tx=0x2 rx=0x2
[RECV] DISC complete[2]: link=nus discovered_service=2800 uuid=-
[RECV] BLE[2] link ready
[RECV] CFG assigned[0]: bs=BS2DCE tag=1 slot=0/10 mask=0x0021 period=40 active=24 gen=8 pmode=0
[RECV] TDMA weighted[0]: bs=BS2DCE profile=motion target=5Hz mask=0x0021 slots=2/10 actual_x100=500 epoch_delay=3000
[RECV] CFG assigned[2]: bs=BSDC91 tag=2 slot=3/10 mask=0x0108 period=40 active=24 gen=8 pmode=0
[RECV] TDMA weighted[1]: bs=BSDC91 profile=motion target=5Hz mask=0x0108 slots=2/10 actual_x100=500 epoch_delay=2999
[RECV] BS2DCE notify: CFG_OK TAG=1 SLOT=0/10 MASK=0x0021 PERIOD=40 ACTIVE=24 GEN=8 LIVE=1
[RECV] CFG confirmed[0]: tag=1 slot=0/10 mask=0x0021 period=40 active=24 gen=8 live=1
[RECV] BSDC91 notify: CS;1;56539;cal_roto;5;0;B,D,E,G;timeout,timeout,timeout,timeout;0,0,0,0
[[HOST_CMD 5634.743] scan
RECV] BSDC91 notify: CFG_OK TAG=2 SLOT=3/10 MASK=0x0108 PERIOD=40 ACTIVE=24 GEN=8 LIVE=1
[RECV] CFG confirmed[2]: tag=2 slot=3/10 mask=0x0108 period=40 active=24 gen=8 live=1
[RECV] Master discovery mode: SCAN only
[RECV] Master disconnecting peer[0]: bs=BS2DCE
[RECV] Master disconnecting peer[1]: bs=BSF66F
[RECV] Master disconnecting peer[2]: bs=BSDC91
[RECV] SCAN start req: bt_ready=1 scan_running=0 connecting_slot=-1 conn_count=3 target=tag prefix=BS
[RECV] Scanning for BS*
[RECV] Disconnected[1]: FC:9A:15:34:AB:20 (random) reason=0x16 link=nus ready=0
[RECV] CFG send failed[0]: tag=1 slot=0 err=-128
[RECV] TDMA weighted[0]: bs=BS2DCE profile=motion target=5Hz mask=0x0021 slots=2/10 actual_x100=500 epoch_delay=3000
[RECV] CFG send failed[2]: tag=2 slot=3 err=-128
[RECV] TDMA weighted[1]: bs=BSDC91 profile=motion target=5Hz mask=0x0108 slots=2/10 actual_x100=500 epoch_delay=3000
[RECV] Disconnected[0]: FF:5E:D2:80:EA:D2 (random) reason=0x16 link=nus ready=1
[RECV] CFG send failed[2]: tag=1 slot=0 err=-128
[RECV] TDMA weighted[0]: bs=BSDC91 profile=motion target=5Hz mask=0x0021 slots=2/10 actual_x100=500 epoch_delay=3000
[RECV] Disconnected[2]: D5:53:48:EF:8F:59 (random) reason=0x16 link=nus ready=1
[RECV] SCAN hit: FC:9A:15:34:AB:20 (random) rssi=-65 name=- bs=BSF66F uuid=- target=tag uuid_ok=1 tag_name=0 anchor_name=0 nus=0 dfu=1 token=1 props=0x03
[RECV] SCAN hit: FF:5E:D2:80:EA:D2 (random) rssi=-56 name=- bs=BS2DCE uuid=- target=tag uuid_ok=1 tag_name=0 anchor_name=0 nus=0 dfu=1 token=1 props=0x03
[RECV] SCAN hit: D5:53:48:EF:8F:59 (random) rssi=-68 name=- bs=BSDC91 uuid=- target=tag uuid_ok=1 tag_name=0 anchor_name=0 nus=0 dfu=1 token=1 props=0x03
[HOST_CMD 5635.569] conn
[RECV] Master discovery mode: CONN & START
[RECV] CONNECT pending[0]: addr_valid=1 link=nus uuid=- scan_running=1 conn_count=0
[RECV] CONNECT pending[0]: bt_le_scan_stop rc=0 scan_running=1
[RECV] CONNECT pending[0] rc=0 conn=0x20002020
[RECV] Connected[0]: FC:9A:15:34:AB:20 (random) name=- bs=BSF66F
[RECV] CONNECT state[0]: link=nus uuid=- ready=0 conn=0x20002020
[RECV] CONNECT pending[1]: addr_valid=1 link=nus uuid=- scan_running=0 conn_count=1
[RECV] CONNECT pending[1] rc=0 conn=0x200020f0
SETUP[0] defer: waiting 340 ms before discovery start
[RECV] Connected[1]: FF:5E:D2:80:EA:D2 (random) name=- bs=BS2DCE
[RECV] CONNECT state[1]: link=nus uuid=- ready=0 conn=0x200020f0
[RECV] CONNECT pending[2]: addr_valid=1 link=nus uuid=- scan_running=0 conn_count=2
[RECV] CONNECT pending[2] rc=0 conn=0x200021c0
SETUP[0] defer: waiting 288 ms before discovery start
SETUP[1] defer: waiting 310 ms before discovery start
SETUP[0] defer: waiting 237 ms before discovery start
SETUP[1] defer: waiting 259 ms before discovery start
SETUP[0] defer: waiting 187 ms before discovery start
SETUP[1] defer: waiting 209 ms before discovery start
[RECV] PHY updated[0]: tx=0x2 rx=0x2
[RECV] PHY updated[1]: tx=0x2 rx=0x2
SETUP[0] defer: waiting 136 ms before discovery start
SETUP[1] defer: waiting 158 ms before discovery start
SETUP[0] defer: waiting 86 ms before discovery start
SETUP[1] defer: waiting 108 ms before discovery start
SETUP[0] defer: waiting 35 ms before discovery start
SETUP[1] defer: waiting 57 ms before discovery start
[RECV] Connected[2]: D5:53:48:EF:8F:59 (random) name=- bs=BSDC91
[RECV] CONNECT state[2]: link=nus uuid=- ready=0 conn=0x200021c0
SETUP[0] begin: link=nus uuid=- conn=0x20002020
SETUP[0] mtu_exchange rc=0
SETUP[0] phy_update rc=0
SETUP[0] conn_param_update rc=0
[RECV] DISC start[0]: link=nus uuid=- conn=0x20002020
SETUP[1] defer: global discovery busy
SETUP[2] defer: global discovery busy
[RECV] Disconnected[2]: D5:53:48:EF:8F:59 (random) reason=0x3e link=nus ready=0
[RECV] SCAN start req: bt_ready=1 scan_running=0 connecting_slot=-1 conn_count=2 target=tag prefix=BS
[RECV] Scanning for BS*
SETUP[1] defer: global discovery busy
[RECV] MTU exchange[0] done (498)
[RECV] Conn param updated[0]: int=6 lat=0 to=400
SETUP[1] defer: global discovery busy
[RECV] PHY updated[0]: tx=0x2 rx=0x2
SETUP[1] defer: global discovery busy
SETUP[1] defer: global discovery busy
SETUP[1] defer: global discovery busy
[RECV] DISC complete[0]: link=nus discovered_service=2800 uuid=-
[RECV] BLE[0] link ready
[RECV] CFG assigned[0]: bs=BSF66F tag=1 slot=0/10 mask=0x0021 period=40 active=24 gen=11 pmode=0
[RECV] TDMA weighted[0]: bs=BSF66F profile=motion target=5Hz mask=0x0021 slots=2/10 actual_x100=500 epoch_delay=3000
SETUP[1] begin: link=nus uuid=- conn=0x200020f0
SETUP[1] mtu_exchange rc=0
SETUP[1] phy_update rc=0
SETUP[1] conn_param_update rc=0
[RECV] DISC start[1]: link=nus uuid=- conn=0x200020f0
[RECV] BSF66F notify: CS;1;16868;cal_static;4;0;E,F,G,H;timeout,timeout,timeout,timeout;0,0,0,0
[RECV] MTU exchange[1] done (498)
[RECV] BSF66F notify: CFG_OK TAG=1 SLOT=0/10 MASK=0x0021 PERIOD=40 ACTIVE=24 GEN=11 LIVE=1
[RECV] CFG confirmed[0]: tag=1 slot=0/10 mask=0x0021 period=40 active=24 gen=11 live=1
[RECV] Conn param updated[1]: int=6 lat=0 to=400
[RECV] PHY updated[1]: tx=0x2 rx=0x2
[RECV] DISC complete[1]: link=nus discovered_service=2800 uuid=-
[RECV] BLE[1] link ready
[RECV] CFG assigned[1]: bs=BS2DCE tag=1 slot=0/10 mask=0x0021 period=40 active=24 gen=12 pmode=0
[RECV] TDMA weighted[0]: bs=BS2DCE profile=motion target=5Hz mask=0x0021 slots=2/10 actual_x100=500 epoch_delay=3000
[RECV] CFG assigned[0]: bs=BSF66F tag=2 slot=3/10 mask=0x0108 period=40 active=24 gen=12 pmode=0
[RECV] TDMA weighted[1]: bs=BSF66F profile=motion target=5Hz mask=0x0108 slots=2/10 actual_x100=500 epoch_delay=2999
[RECV] BS2DCE notify: CS;1;52909;cal_roto;5;0;B,D,E,G;timeout,timeout,timeout,timeout;0,0,0,0
[RECV] BSF66F notify: CFG_OK TAG=2 SLOT=3/10 MASK=0x0108 PERIOD=40 ACTIVE=24 GEN=12 LIVE=1
[RECV] CFG confirmed[0]: tag=2 slot=3/10 mask=0x0108 period=40 active=24 gen=12 live=1
[RECV] BS2DCE notify: CFG_OK TAG=1 SLOT=0/10 MASK=0x0021 PERIOD=40 ACTIVE=24 GEN=12 LIVE=1
[RECV] CFG confirmed[1]: tag=1 slot=0/10 mask=0x0021 period=40 active=24 gen=12 live=1
[RECV] SCAN hit: D5:53:48:EF:8F:59 (random) rssi=-52 name=- bs=BSDC91 uuid=- target=tag uuid_ok=1 tag_name=0 anchor_name=0 nus=0 dfu=1 token=1 props=0x03
[RECV] CONNECT queue[2]: addr=D5:53:48:EF:8F:59 (random) link=nus uuid=- target=tag
[RECV] CONNECT pending[2]: addr_valid=1 link=nus uuid=- scan_running=1 conn_count=2
[RECV] CONNECT pending[2]: bt_le_scan_stop rc=0 scan_running=1
[RECV] CONNECT pending[2] rc=0 conn=0x200021c0
[RECV] Connected[2]: D5:53:48:EF:8F:59 (random) name=- bs=BSDC91
[RECV] CONNECT state[2]: link=nus uuid=- ready=0 conn=0x200021c0
SETUP[2] defer: waiting 346 ms before discovery start
SETUP[2] defer: waiting 296 ms before discovery start
SETUP[2] defer: waiting 246 ms before discovery start
SETUP[2] defer: waiting 195 ms before discovery start
SETUP[2] defer: waiting 145 ms before discovery start
[RECV] PHY updated[2]: tx=0x2 rx=0x2
SETUP[2] defer: waiting 95 ms before discovery start
SETUP[2] defer: waiting 44 ms before discovery start
SETUP[2] begin: link=nus uuid=- conn=0x200021c0
SETUP[2] mtu_exchange rc=0
SETUP[2] phy_update rc=0
SETUP[2] conn_param_update rc=0
[RECV] DISC start[2]: link=nus uuid=- conn=0x200021c0
[RECV] MTU exchange[2] done (498)
[RECV] Conn param updated[2]: int=6 lat=0 to=400
[RECV] PHY updated[2]: tx=0x2 rx=0x2
[RECV] DISC complete[2]: link=nus discovered_service=2800 uuid=-
[RECV] BLE[2] link ready
[RECV] CFG assigned[1]: bs=BS2DCE tag=1 slot=0/10 mask=0x0021 period=40 active=24 gen=13 pmode=0
[RECV] TDMA weighted[0]: bs=BS2DCE profile=motion target=5Hz mask=0x0021 slots=2/10 actual_x100=500 epoch_delay=3000
[RECV] CFG assigned[2]: bs=BSDC91 tag=2 slot=2/10 mask=0x0084 period=40 active=24 gen=13 pmode=0
[RECV] TDMA weighted[1]: bs=BSDC91 profile=motion target=5Hz mask=0x0084 slots=2/10 actual_x100=500 epoch_delay=2998
[RECV] CFG assigned[0]: bs=BSF66F tag=3 slot=3/10 mask=0x0108 period=40 active=24 gen=13 pmode=0
[RECV] TDMA weighted[2]: bs=BSF66F profile=motion target=5Hz mask=0x0108 slots=2/10 actual_x100=500 epoch_delay=2997
[RECV] SCAN start req: bt_ready=1 scan_running=0 connecting_slot=-1 conn_count=3 target=tag prefix=BS
[RECV] Scanning for BS*
[RECV] BSDC91 notify: CS;1;56539;cal_roto;5;0;B,D,E,G;timeout,timeout,timeout,timeout;0,0,0,0
[RECV] BS2DCE notify: CFG_OK TAG=1 SLOT=0/10 MASK=0x0021 PERIOD=40 ACTIVE=24 GEN=13 LIVE=1
[RECV] CFG confirmed[1]: tag=1 slot=0/10 mask=0x0021 period=40 active=24 gen=13 live=1
[RECV] BSF66F notify: CFG_OK TAG=3 SLOT=3/10 MASK=0x0108 PERIOD=40 ACTIVE=24 GEN=13 LIVE=1
[RECV] CFG confirmed[0]: tag=3 slot=3/10 mask=0x0108 period=40 active=24 gen=13 live=1
[RECV] BSDC91 notify: CFG_OK TAG=2 SLOT=2/10 MASK=0x0084 PERIOD=40 ACTIVE=24 GEN=13 LIVE=1
[RECV] CFG confirmed[2]: tag=2 slot=2/10 mask=0x0084 period=40 active=24 gen=13 live=1
[RECV] Conn param updated[0]: int=6 lat=0 to=400
[RECV] Conn param updated[1]: int=6 lat=0 to=400
[HOST_CMD 5641.206] ota_target token -1
[RECV] ota_target token rc=0 value=-1
OTA target filter: token=-1 name=- prefix=bs uuid=-
[HOST_CMD 5641.810] ota_target name -
[RECV] ota_target name rc=0 value=-
OTA target filter: token=-1 name=- prefix=bs uuid=-
[HOST_CMD 5642.414] ota_target prefix -
[RECV] ota_target prefix rc=0 value=-
OTA target filter: token=-1 name=- prefix=- uuid=-
[RECV] Conn param updated[2]: int=6 lat=0 to=400
[HOST_CMD 5642.971] ota_target uuid -
[RECV] ota_target uuid rc=0 value=-
OTA target filter: token=-1 name=- prefix=- uuid=-
[HOST_CMD 5643.575] tdma profile BSF66F static
[RECV] TDMA profile set: BSF66F -> static
[RECV] CFG assigned[1]: bs=BS2DCE tag=1 slot=0/10 mask=0x0021 period=40 active=24 gen=14 pmode=0
[RECV] TDMA weighted[0]: bs=BS2DCE profile=motion target=5Hz mask=0x0021 slots=2/10 actual_x100=500 epoch_delay=3000
[RECV] CFG assigned[2]: bs=BSDC91 tag=2 slot=2/10 mask=0x0084 period=40 active=24 gen=14 pmode=0
[RECV] TDMA weighted[1]: bs=BSDC91 profile=motion target=5Hz mask=0x0084 slots=2/10 actual_x100=500 epoch_delay=2999
[RECV] CFG assigned[0]: bs=BSF66F tag=3 slot=3/10 mask=0x0108 period=40 active=24 gen=14 pmode=4
[RECV] TDMA weighted[2]: bs=BSF66F profile=static target=5Hz mask=0x0108 slots=2/10 actual_x100=500 epoch_delay=2998
[RECV] tdma profile rc=0 target=BSF66F profile=static
[RECV] BS2DCE notify: CFG_OK TAG=1 SLOT=0/10 MASK=0x0021 PERIOD=40 ACTIVE=24 GEN=14 LIVE=1
[RECV] CFG confirmed[1]: tag=1 slot=0/10 mask=0x0021 period=40 active=24 gen=14 live=1
[RECV] BSDC91 notify: CFG_OK TAG=2 SLOT=2/10 MASK=0x0084 PERIOD=40 ACTIVE=24 GEN=14 LIVE=1
[RECV] CFG confirmed[2]: tag=2 slot=2/10 mask=0x0084 period=40 active=24 gen=14 live=1
[RECV] BSF66F notify: CFG_OK TAG=3 SLOT=3/10 MASK=0x0108 PERIOD=40 ACTIVE=24 GEN=14 LIVE=1
[RECV] CFG confirmed[0]: tag=3 slot=3/10 mask=0x0108 period=40 active=24 gen=14 live=1
[RECV] BSF66F notify: CR;1;16874;cal_static;4;A;pending;not_measured;0;0;0;0;0;0
[RECV] BSF66F notify: CR;1;16874;cal_static;4;B;pending;not_measured;0;0;0;0;0;0
[RECV] BSF66F notify: CR;1;16874;cal_static;4;C;pending;not_measured;0;0;0;0;0;0
[RECV] BSF66F notify: CR;1;16874;cal_static;4;D;pending;not_measured;0;0;0;0;0;0
[RECV] BSF66F notify: CF;1;16874;cal_static;4;pending;0;4;0;0;0;0
[RECV] BSF66F notify: CS;1;16874;cal_static;4;0;A,B,C,D;pending,pending,pending,pending;0,0,0,0
[HOST_CMD 5644.385] tdma profile BS2DCE roto
[RECV] TDMA profile set: BS2DCE -> roto
[RECV] CFG assigned[1]: bs=BS2DCE tag=1 slot=0/10 mask=0x02B5 period=40 active=24 gen=15 pmode=5
[RECV] TDMA weighted[0]: bs=BS2DCE profile=roto target=15Hz mask=0x02B5 slots=6/10 actual_x100=1500 epoch_delay=3000
[RECV] CFG assigned[2]: bs=BSDC91 tag=2 slot=1/10 mask=0x0042 period=40 active=24 gen=15 pmode=0
[RECV] TDMA weighted[1]: bs=BSDC91 profile=motion target=5Hz mask=0x0042 slots=2/10 actual_x100=500 epoch_delay=2999
[RECV] CFG assigned[0]: bs=BSF66F tag=3 slot=3/10 mask=0x0108 period=40 active=24 gen=15 pmode=4
[RECV] TDMA weighted[2]: bs=BSF66F profile=static target=5Hz mask=0x0108 slots=2/10 actual_x100=500 epoch_delay=2998
[RECV] tdma profile rc=0 target=BS2DCE profile=roto
[RECV] BS2DCE notify: CFG_OK TAG=1 SLOT=0/10 MASK=0x02B5 PERIOD=40 ACTIVE=24 GEN=15 LIVE=1
[RECV] CFG confirmed[1]: tag=1 slot=0/10 mask=0x02B5 period=40 active=24 gen=15 live=1
[RECV] BSDC91 notify: CFG_OK TAG=2 SLOT=1/10 MASK=0x0042 PERIOD=40 ACTIVE=24 GEN=15 LIVE=1
[RECV] CFG confirmed[2]: tag=2 slot=1/10 mask=0x0042 period=40 active=24 gen=15 live=1
[RECV] BSF66F notify: CFG_OK TAG=3 SLOT=3/10 MASK=0x0108 PERIOD=40 ACTIVE=24 GEN=15 LIVE=1
[RECV] CFG confirmed[0]: tag=3 slot=3/10 mask=0x0108 period=40 active=24 gen=15 live=1
[HOST_CMD 5645.277] tdma profile BSDC91 roto
[RECV] TDMA profile set: BSDC91 -> roto
[RECV] CFG assigned[1]: bs=BS2DCE tag=1 slot=0/3 mask=0x0001 period=40 active=24 gen=16 pmode=5
[RECV] TDMA weighted[0]: bs=BS2DCE profile=roto target=15Hz mask=0x0001 slots=1/3 actual_x100=833 epoch_delay=3000
[RECV] CFG assigned[2]: bs=BSDC91 tag=2 slot=1/3 mask=0x0002 period=40 active=24 gen=16 pmode=5
[RECV] TDMA weighted[1]: bs=BSDC91 profile=roto target=15Hz mask=0x0002 slots=1/3 actual_x100=833 epoch_delay=2999
[RECV] CFG assigned[0]: bs=BSF66F tag=3 slot=2/3 mask=0x0004 period=40 active=24 gen=16 pmode=4
[RECV] TDMA weighted[2]: bs=BSF66F profile=static target=5Hz mask=0x0004 slots=1/3 actual_x100=833 epoch_delay=2998
[RECV] tdma profile rc=0 target=BSDC91 profile=roto
[RECV] BS2DCE notify: CFG_OK TAG=1 SLOT=0/3 MASK=0x0001 PERIOD=40 ACTIVE=24 GEN=16 LIVE=1
[RECV] CFG confirmed[1]: tag=1 slot=0/3 mask=0x0001 period=40 active=24 gen=16 live=1
[RECV] BSDC91 notify: CFG_OK TAG=2 SLOT=1/3 MASK=0x0002 PERIOD=40 ACTIVE=24 GEN=16 LIVE=1
[RECV] CFG confirmed[2]: tag=2 slot=1/3 mask=0x0002 period=40 active=24 gen=16 live=1
[RECV] BSF66F notify: CFG_OK TAG=3 SLOT=2/3 MASK=0x0004 PERIOD=40 ACTIVE=24 GEN=16 LIVE=1
[RECV] CFG confirmed[0]: tag=3 slot=2/3 mask=0x0004 period=40 active=24 gen=16 live=1
[HOST_CMD 5646.153] tdma freq static 5
[RECV] TDMA freq set: static=5Hz
[RECV] CFG assigned[1]: bs=BS2DCE tag=1 slot=0/3 mask=0x0001 period=40 active=24 gen=17 pmode=5
[RECV] TDMA weighted[0]: bs=BS2DCE profile=roto target=15Hz mask=0x0001 slots=1/3 actual_x100=833 epoch_delay=3000
[RECV] CFG assigned[2]: bs=BSDC91 tag=2 slot=1/3 mask=0x0002 period=40 active=24 gen=17 pmode=5
[RECV] TDMA weighted[1]: bs=BSDC91 profile=roto target=15Hz mask=0x0002 slots=1/3 actual_x100=833 epoch_delay=2999
[RECV] CFG assigned[0]: bs=BSF66F tag=3 slot=2/3 mask=0x0004 period=40 active=24 gen=17 pmode=4
[RECV] TDMA weighted[2]: bs=BSF66F profile=static target=5Hz mask=0x0004 slots=1/3 actual_x100=833 epoch_delay=2998
[RECV] tdma freq rc=0 profile=static hz=5
[RECV] BS2DCE notify: CFG_OK TAG=1 SLOT=0/3 MASK=0x0001 PERIOD=40 ACTIVE=24 GEN=17 LIVE=1
[RECV] CFG confirmed[1]: tag=1 slot=0/3 mask=0x0001 period=40 active=24 gen=17 live=1
[RECV] BSDC91 notify: CFG_OK TAG=2 SLOT=1/3 MASK=0x0002 PERIOD=40 ACTIVE=24 GEN=17 LIVE=1
[RECV] CFG confirmed[2]: tag=2 slot=1/3 mask=0x0002 period=40 active=24 gen=17 live=1
[RECV] BSF66F notify: CFG_OK TAG=3 SLOT=2/3 MASK=0x0004 PERIOD=40 ACTIVE=24 GEN=17 LIVE=1
[RECV] CFG confirmed[0]: tag=3 slot=2/3 mask=0x0004 period=40 active=24 gen=17 live=1
[[HOST_CMD 5646.807] tdma freq roto 10
RECV] BSDC91 notify: CM;1;56543;0;timeout;0;0;0;0;1|CM;1;56543;1;timeout;0;0;0;0;1|CM;1;56543;2;timeout;0;0;0;0;1
[RECV] TDMA freq set: roto=10Hz
[RECV] CFG assigned[1]: bs=BS2DCE tag=1 slot=0/10 mask=0x0129 period=40 active=24 gen=18 pmode=5
[RECV] TDMA weighted[0]: bs=BS2DCE profile=roto target=10Hz mask=0x0129 slots=4/10 actual_x100=1000 epoch_delay=3000
[RECV] CFG assigned[2]: bs=BSDC91 tag=2 slot=1/10 mask=0x0252 period=40 active=24 gen=18 pmode=5
[RECV] TDMA weighted[1]: bs=BSDC91 profile=roto target=10Hz mask=0x0252 slots=4/10 actual_x100=1000 epoch_delay=2999
[RECV] CFG assigned[0]: bs=BSF66F tag=3 slot=2/10 mask=0x0084 period=40 active=24 gen=18 pmode=4
[RECV] TDMA weighted[2]: bs=BSF66F profile=static target=5Hz mask=0x0084 slots=2/10 actual_x100=500 epoch_delay=2998
[RECV] tdma freq rc=0 profile=roto hz=10
[RECV] BSDC91 notify: CM;1;56543;3;timeout;0;0;0;0;1|CM;1;56543;4;timeout;0;0;0;0;1|CM;1;56543;5;timeout;0;0;0;0;1
[RECV] BSDC91 notify: CR;1;56544;cal_roto;5;A;timeout;rx_timeout;0;0;0;0;0;0
[RECV] BSDC91 notify: CR;1;56544;cal_roto;5;B;timeout;rx_timeout;0;0;0;0;0;0
[RECV] BSF66F notify: CR;1;16875;cal_static;4;A;pending;not_measured;0;0;0;0;0;0
[RECV] BSF66F notify: CR;1;16875;cal_static;4;B;pending;not_measured;0;0;0;0;0;0
[RECV] BSF66F notify: CR;1;16875;cal_static;4;C;pending;not_measured;0;0;0;0;0;0
[RECV] BSF66F notify: CR;1;16875;cal_static;4;D;pending;not_measured;0;0;0;0;0;0
[RECV] BSF66F notify: CF;1;16875;cal_static;4;pending;0;4;0;0;0;0
[RECV] BSDC91 notify: CR;1;56544;cal_roto;5;C;timeout;rx_timeout;0;0;0;0;0;0
[RECV] BSDC91 notify: CR;1;56544;cal_roto;5;D;timeout;rx_timeout;0;0;0;0;0;0
[RECV] BSDC91 notify: CR;1;56544;cal_roto;5;E;timeout;rx_timeout;0;0;0;0;0;0
[RECV] BSDC91 notify: CR;1;56544;cal_roto;5;F;timeout;rx_timeout;0;0;0;0;0;0
[RECV] BSF66F notify: CS;1;16875;cal_static;4;0;A,B,C,D;pending,pending,pending,pending;0,0,0,0
[RECV] BSDC91 notify: CR;1;56544;cal_roto;5;G;timeout;rx_timeout;0;0;0;0;0;0
[RECV] BSDC91 notify: CR;1;56544;cal_roto;5;H;timeout;rx_timeout;0;0;0;0;0;0
[RECV] BSDC91 notify: CFG_OK TAG=2 SLOT=1/10 MASK=0x0252 PERIOD=40 ACTIVE=24 GEN=18 LIVE=1
[RECV] CFG confirmed[2]: tag=2 slot=1/10 mask=0x0252 period=40 active=24 gen=18 live=1
[RECV] BSF66F notify: CFG_OK TAG=3 SLOT=2/10 MASK=0x0084 PERIOD=40 ACTIVE=24 GEN=18 LIVE=1
[RECV] CFG confirmed[0]: tag=3 slot=2/10 mask=0x0084 period=40 active=24 gen=18 live=1
[RECV] BS2DCE notify: CM;1;52916;0;timeout;0;0;0;0;1|CM;1;52916;1;timeout;0;0;0;0;1|CM;1;52916;2;timeout;0;0;0;0;1
[RECV] BS2DCE notify: CM;1;52916;3;timeout;0;0;0;0;1|CM;1;52916;4;timeout;0;0;0;0;1|CM;1;52916;5;timeout;0;0;0;0;1
[RECV] BS2DCE notify: CFG_OK TAG=1 SLOT=0/10 MASK=0x0129 PERIOD=40 ACTIVE=24 GEN=18 LIVE=1
[RECV] CFG confirmed[1]: tag=1 slot=0/10 mask=0x0129 period=40 active=24 gen=18 live=1
[RECV] BS2DCE notify: CR;1;52917;cal_roto;5;A;timeout;rx_timeout;0;0;0;0;0;0
[RECV] BS2DCE notify: CR;1;52917;cal_roto;5;B;timeout;rx_timeout;0;0;0;0;0;0
[RECV] BS2DCE notify: CR;1;52917;cal_roto;5;C;timeout;rx_timeout;0;0;0;0;0;0
[RECV] BS2DCE notify: CR;1;52917;cal_roto;5;D;timeout;rx_timeout;0;0;0;0;0;0
[RECV] BS2DCE notify: CR;1;52917;cal_roto;5;E;timeout;rx_timeout;0;0;0;0;0;0
[RECV] BS2DCE notify: CR;1;52917;cal_roto;5;F;timeout;rx_timeout;0;0;0;0;0;0
[RECV] BS2DCE notify: CR;1;52917;cal_roto;5;G;timeout;rx_timeout;0;0;0;0;0;0
[HOST_CMD 5647.382] tdma freq motion 5
[RECV] TDMA freq set: motion=5Hz
[RECV] CFG assigned[1]: bs=BS2DCE tag=1 slot=0/10 mask=0x0129 period=40 active=24 gen=19 pmode=5
[RECV] TDMA weighted[0]: bs=BS2DCE profile=roto target=10Hz mask=0x0129 slots=4/10 actual_x100=1000 epoch_delay=3000
[RECV] CFG assigned[2]: bs=BSDC91 tag=2 slot=1/10 mask=0x0252 period=40 active=24 gen=19 pmode=5
[RECV] TDMA weighted[1]: bs=BSDC91 profile=roto target=10Hz mask=0x0252 slots=4/10 actual_x100=1000 epoch_delay=2999
[RECV] CFG assigned[0]: bs=BSF66F tag=3 slot=2/10 mask=0x0084 period=40 active=24 gen=19 pmode=4
[RECV] TDMA weighted[2]: bs=BSF66F profile=static target=5Hz mask=0x0084 slots=2/10 actual_x100=500 epoch_delay=2998
[RECV] tdma freq rc=0 profile=motion hz=5
[RECV] BS2DCE notify: CFG_OK TAG=1 SLOT=0/10 MASK=0x0129 PERIOD=40 ACTIVE=24 GEN=19 LIVE=1
[RECV] CFG confirmed[1]: tag=1 slot=0/10 mask=0x0129 period=40 active=24 gen=19 live=1
[RECV] BSDC91 notify: CFG_OK TAG=2 SLOT=1/10 MASK=0x0252 PERIOD=40 ACTIVE=24 GEN=19 LIVE=1
[RECV] CFG confirmed[2]: tag=2 slot=1/10 mask=0x0252 period=40 active=24 gen=19 live=1
[RECV] BSF66F notify: CFG_OK TAG=3 SLOT=2/10 MASK=0x0084 PERIOD=40 ACTIVE=24 GEN=19 LIVE=1
[RECV] CFG confirmed[0]: tag=3 slot=2/10 mask=0x0084 period=40 active=24 gen=19 live=1
[HOST_CMD 5648.038] tdma rebalance
[RECV] CFG assigned[1]: bs=BS2DCE tag=1 slot=0/10 mask=0x0129 period=40 active=24 gen=20 pmode=5
[RECV] TDMA weighted[0]: bs=BS2DCE profile=roto target=10Hz mask=0x0129 slots=4/10 actual_x100=1000 epoch_delay=3000
[RECV] CFG assigned[2]: bs=BSDC91 tag=2 slot=1/10 mask=0x0252 period=40 active=24 gen=20 pmode=5
[RECV] TDMA weighted[1]: bs=BSDC91 profile=roto target=10Hz mask=0x0252 slots=4/10 actual_x100=1000 epoch_delay=2999
[RECV] CFG assigned[0]: bs=BSF66F tag=3 slot=2/10 mask=0x0084 period=40 active=24 gen=20 pmode=4
[RECV] TDMA weighted[2]: bs=BSF66F profile=static target=5Hz mask=0x0084 slots=2/10 actual_x100=500 epoch_delay=2998
[RECV] tdma rebalance rc=0
[RECV] BS2DCE notify: CFG_OK TAG=1 SLOT=0/10 MASK=0x0129 PERIOD=40 ACTIVE=24 GEN=20 LIVE=1
[RECV] CFG confirmed[1]: tag=1 slot=0/10 mask=0x0129 period=40 active=24 gen=20 live=1
[RECV] BSF66F notify: CFG_OK TAG=3 SLOT=2/10 MASK=0x0084 PERIOD=40 ACTIVE=24 GEN=20 LIVE=1
[RECV] CFG confirmed[0]: tag=3 slot=2/10 mask=0x0084 period=40 active=24 gen=20 live=1
[RECV] BSDC91 notify: CFG_OK TAG=2 SLOT=1/10 MASK=0x0252 PERIOD=40 ACTIVE=24 GEN=20 LIVE=1
[RECV] CFG confirmed[2]: tag=2 slot=1/10 mask=0x0252 period=40 active=24 gen=20 live=1
[HOST_CMD 5648.973] tdma show
[RECV] TDMA weighted scheduler: period=40ms active=24ms max_slots=12 freq motion=5Hz static=5Hz roto=10Hz
[RECV] TDMA profile: BSF66F -> static target=5Hz
[RECV] TDMA profile: BS2DCE -> roto target=10Hz
[RECV] TDMA profile: BSDC91 -> roto target=10Hz
[RECV] BSDC91 notify: CM;1;56544;0;timeout;0;0;0;0;1
[RECV] BSDC91 notify: CM;1;56544;1;timeout;0;0;0;0;1|CM;1;56544;2;timeout;0;0;0;0;1|CM;1;56544;3;timeout;0;0;0;0;1
[RECV] BSDC91 notify: CM;1;56544;4;timeout;0;0;0;0;1|CM;1;56544;5;timeout;0;0;0;0;1|CM;1;56544;6;timeout;0;0;0;0;1
[RECV] BSF66F notify: CR;1;16876;cal_static;4;A;pending;not_measured;0;0;0;0;0;0
[RECV] BSF66F notify: CR;1;16876;cal_static;4;B;pending;not_measured;0;0;0;0;0;0
[RECV] BSF66F notify: CR;1;16876;cal_static;4;C;pending;not_measured;0;0;0;0;0;0
[RECV] BSF66F notify: CR;1;16876;cal_static;4;D;pending;not_measured;0;0;0;0;0;0
[RECV] BSF66F notify: CF;1;16876;cal_static;4;pending;0;4;0;0;0;0
[RECV] BSDC91 notify: CR;1;56545;cal_roto;5;A;timeout;rx_timeout;0;0;0;0;0;0
[RECV] BSDC91 notify: CR;1;56545;cal_roto;5;B;timeout;rx_timeout;0;0;0;0;0;0
[RECV] BSDC91 notify: CR;1;56545;cal_roto;5;C;timeout;rx_timeout;0;0;0;0;0;0
[RECV] BSDC91 notify: CR;1;56545;cal_roto;5;D;timeout;rx_timeout;0;0;0;0;0;0
[RECV] BSDC91 notify: CR;1;56545;cal_roto;5;E;timeout;rx_timeout;0;0;0;0;0;0
[RECV] BSF66F notify: CS;1;16876;cal_static;4;0;A,B,C,D;pending,pending,pending,pending;0,0,0,0
[RECV] BSDC91 notify: CR;1;56545;cal_roto;5;F;timeout;rx_timeout;0;0;0;0;0;0
[RECV] BSDC91 notify: CR;1;56545;cal_roto;5;G;timeout;rx_timeout;0;0;0;0;0;0
[HOST_CMD 5650.011] status
[RECV] Control status: mode=RECV pending=0
[RECV] BS2DCE notify: CM;1;52917;0;timeout;0;0;0;0;1
[RECV] BS2DCE notify: CM;1;52917;1;timeout;0;0;0;0;1|CM;1;52917;2;timeout;0;0;0;0;1|CM;1;52917;3;timeout;0;0;0;0;1
[RECV] BS2DCE notify: CM;1;52917;4;timeout;0;0;0;0;1|CM;1;52917;5;timeout;0;0;0;0;1|CM;1;52917;6;timeout;0;0;0;0;1
[RECV] BS2DCE notify: CR;1;52918;cal_roto;5;A;timeout;rx_timeout;0;0;0;0;0;0
[RECV] BS2DCE notify: CR;1;52918;cal_roto;5;B;timeout;rx_timeout;0;0;0;0;0;0
[RECV] BS2DCE notify: CR;1;52918;cal_roto;5;C;timeout;rx_timeout;0;0;0;0;0;0
[RECV] BS2DCE notify: CR;1;52918;cal_roto;5;D;timeout;rx_timeout;0;0;0;0;0;0
[RECV] BS2DCE notify: CR;1;52918;cal_roto;5;E;timeout;rx_timeout;0;0;0;0;0;0
[RECV] BS2DCE notify: CR;1;52918;cal_roto;5;F;timeout;rx_timeout;0;0;0;0;0;0
[RECV] BS2DCE notify: CR;1;52918;cal_roto;5;G;timeout;rx_timeout;0;0;0;0;0;0
[HOST_CMD 5650.949] device show
[RECV] System target: kind=tag caps=0x0f (config=1 ota=1 stream=1 status=1)
OTA target filter: token=-1 name=- prefix=- uuid=-
[RECV] BSDC91 notify: CM;1;56545;0;timeout;0;0;0;0;2|CM;1;56545;1;timeout;0;0;0;0;2
[RECV] BSDC91 notify: CM;1;56545;2;timeout;0;0;0;0;2|CM;1;56545;3;timeout;0;0;0;0;2|CM;1;56545;4;timeout;0;0;0;0;2
[RECV] BSDC91 notify: CM;1;56545;5;timeout;0;0;0;0;2|CM;1;56545;6;timeout;0;0;0;0;2|CM;1;56545;7;timeout;0;0;0;0;2
[RECV] BSF66F notify: CM;1;16876;4;timeout;0;0;0;0;1|CM;1;16876;5;timeout;0;0;0;0;1|CM;1;16876;6;timeout;0;0;0;0;1
[RECV] BSF66F notify: CR;1;16877;cal_static;4;E;timeout;rx_timeout;0;0;0;0;0;0
[RECV] BSF66F notify: CR;1;16877;cal_static;4;F;timeout;rx_timeout;0;0;0;0;0;0
[RECV] BSF66F notify: CR;1;16877;cal_static;4;G;timeout;rx_timeout;0;0;0;0;0;0
[RECV] BSDC91 notify: CR;1;56546;cal_roto;5;A;timeout;rx_timeout;0;0;0;0;0;0
[RECV] BSDC91 notify: CR;1;56546;cal_roto;5;B;timeout;rx_timeout;0;0;0;0;0;0
[RECV] BSDC91 notify: CR;1;56546;cal_roto;5;C;timeout;rx_timeout;0;0;0;0;0;0
[RECV] BSDC91 notify: CR;1;56546;cal_roto;5;D;timeout;rx_timeout;0;0;0;0;0;0
[RECV] BSDC91 notify: CR;1;56546;cal_roto;5;E;timeout;rx_timeout;0;0;0;0;0;0
[RECV] BSF66F notify: CR;1;16877;cal_static;4;H;timeout;rx_timeout;0;0;0;0;0;0
[RECV] BSF66F notify: CF;1;16877;cal_static;4;pending;0;4;0;0;0;0
[RECV] BSF66F notify: CS;1;16877;cal_static;4;0;E,F,G,H;timeout,timeout,timeout,timeout;0,0,0,0
[RECV] BSDC91 notify: CR;1;56546;cal_roto;5;F;timeout;rx_timeout;0;0;0;0;0;0
[RECV] BSDC91 notify: CR;1;56546;cal_roto;5;G;timeout;rx_timeout;0;0;0;0;0;0
[RECV] BS2DCE notify: CM;1;52918;0;timeout;0;0;0;0;2|CM;1;52918;1;timeout;0;0;0;0;2
[RECV] BS2DCE notify: CM;1;52918;2;timeout;0;0;0;0;2|CM;1;52918;3;timeout;0;0;0;0;2|CM;1;52918;4;timeout;0;0;0;0;2
[RECV] BS2DCE notify: CM;1;52918;5;timeout;0;0;0;0;2|CM;1;52918;6;timeout;0;0;0;0;2|CM;1;52918;7;timeout;0;0;0;0;2
[RECV] BS2DCE notify: CR;1;52919;cal_roto;5;A;timeout;rx_timeout;0;0;0;0;0;0
[RECV] BS2DCE notify: CR;1;52919;cal_roto;5;B;timeout;rx_timeout;0;0;0;0;0;0
[RECV] BS2DCE notify: CR;1;52919;cal_roto;5;C;timeout;rx_timeout;0;0;0;0;0;0
[RECV] BS2DCE notify: CR;1;52919;cal_roto;5;D;timeout;rx_timeout;0;0;0;0;0;0
[RECV] BS2DCE notify: CR;1;52919;cal_roto;5;E;timeout;rx_timeout;0;0;0;0;0;0
[RECV] BSDC91 notify: CM;1;56546;0;timeout;0;0;0;0;3|CM;1;56546;1;timeout;0;0;0;0;3|CM;1;56546;2;timeout;0;0;0;0;3
[RECV] BSDC91 notify: CM;1;56546;3;timeout;0;0;0;0;3|CM;1;56546;4;timeout;0;0;0;0;3|CM;1;56546;5;timeout;0;0;0;0;3
[RECV] BSDC91 notify: CR;1;56547;cal_roto;5;A;timeout;rx_timeout;0;0;0;0;0;0
[RECV] BSDC91 notify: CR;1;56547;cal_roto;5;B;timeout;rx_timeout;0;0;0;0;0;0
[RECV] BS2DCE notify: CR;1;52919;cal_roto;5;F;timeout;rx_timeout;0;0;0;0;0;0
[RECV] BS2DCE notify: CR;1;52919;cal_roto;5;G;timeout;rx_timeout;0;0;0;0;0;0
[RECV] BSDC91 notify: CR;1;56547;cal_roto;5;C;timeout;rx_timeout;0;0;0;0;0;0
[RECV] BSDC91 notify: CR;1;56547;cal_roto;5;D;timeout;rx_timeout;0;0;0;0;0;0
[RECV] BSDC91 notify: CR;1;56547;cal_roto;5;E;timeout;rx_timeout;0;0;0;0;0;0
[RECV] BSDC91 notify: CR;1;56547;cal_roto;5;F;timeout;rx_timeout;0;0;0;0;0;0
[RECV] BSDC91 notify: CR;1;56547;cal_roto;5;G;timeout;rx_timeout;0;0;0;0;0;0
[RECV] BSDC91 notify: CR;1;56547;cal_roto;5;H;timeout;rx_timeout;0;0;0;0;0;0
[RECV] BSF66F notify: CM;1;16877;0;timeout;0;0;0;0;1|CM;1;16877;1;timeout;0;0;0;0;1
[RECV] BSF66F notify: CR;1;16878;cal_static;4;A;timeout;rx_timeout;0;0;0;0;0;0
[RECV] BSF66F notify: CR;1;16878;cal_static;4;B;timeout;rx_timeout;0;0;0;0;0;0
[RECV] BSF66F notify: CR;1;16878;cal_static;4;C;timeout;rx_timeout;0;0;0;0;0;0
[RECV] BSF66F notify: CR;1;16878;cal_static;4;D;timeout;rx_timeout;0;0;0;0;0;0
[RECV] BSF66F notify: CF;1;16878;cal_static;4;pending;0;4;0;0;0;0
[RECV] BSF66F notify: CS;1;16878;cal_static;4;0;A,B,C,D;timeout,timeout,timeout,timeout;0,0,0,0
[RECV] BS2DCE notify: CM;1;52919;0;timeout;0;0;0;0;3|CM;1;52919;1;timeout;0;0;0;0;3|CM;1;52919;2;timeout;0;0;0;0;3
[RECV] BS2DCE notify: CM;1;52919;3;timeout;0;0;0;0;3|CM;1;52919;4;timeout;0;0;0;0;3|CM;1;52919;5;timeout;0;0;0;0;3
[RECV] BS2DCE notify: CR;1;52920;cal_roto;5;A;timeout;rx_timeout;0;0;0;0;0;0
[RECV] BS2DCE notify: CR;1;52920;cal_roto;5;B;timeout;rx_timeout;0;0;0;0;0;0
[RECV] BS2DCE notify: CR;1;52920;cal_roto;5;C;timeout;rx_timeout;0;0;0;0;0;0
[RECV] BS2DCE notify: CR;1;52920;cal_roto;5;D;timeout;rx_timeout;0;0;0;0;0;0
[RECV] BS2DCE notify: CR;1;52920;cal_roto;5;E;timeout;rx_timeout;0;0;0;0;0;0
[RECV] BS2DCE notify: CR;1;52920;cal_roto;5;F;timeout;rx_timeout;0;0;0;0;0;0
[RECV] BSDC91 notify: CM;1;56547;0;timeout;0;0;0;0;4
[RECV] BSDC91 notify: CM;1;56547;1;timeout;0;0;0;0;4|CM;1;56547;2;timeout;0;0;0;0;4|CM;1;56547;3;timeout;0;0;0;0;4
[RECV] BSDC91 notify: CM;1;56547;4;timeout;0;0;0;0;4|CM;1;56547;5;timeout;0;0;0;0;4|CM;1;56547;6;timeout;0;0;0;0;4
[RECV] BS2DCE notify: CR;1;52920;cal_roto;5;G;timeout;rx_timeout;0;0;0;0;0;0
[RECV] BS2DCE notify: CR;1;52920;cal_roto;5;H;timeout;rx_timeout;0;0;0;0;0;0
[RECV] BSDC91 notify: CR;1;56548;cal_roto;5;A;timeout;rx_timeout;0;0;0;0;0;0
[RECV] BSDC91 notify: CR;1;56548;cal_roto;5;B;timeout;rx_timeout;0;0;0;0;0;0
[RECV] BSDC91 notify: CR;1;56548;cal_roto;5;C;timeout;rx_timeout;0;0;0;0;0;0
[RECV] BSDC91 notify: CR;1;56548;cal_roto;5;D;timeout;rx_timeout;0;0;0;0;0;0
[RECV] BSDC91 notify: CR;1;56548;cal_roto;5;E;timeout;rx_timeout;0;0;0;0;0;0
[RECV] BSDC91 notify: CR;1;56548;cal_roto;5;F;timeout;rx_timeout;0;0;0;0;0;0
[RECV] BSDC91 notify: CR;1;56548;cal_roto;5;G;timeout;rx_timeout;0;0;0;0;0;0
[RECV] BSF66F notify: CM;1;16878;4;timeout;0;0;0;0;2
[RECV] BSF66F notify: CM;1;16878;5;timeout;0;0;0;0;2|CM;1;16878;6;timeout;0;0;0;0;2|CM;1;16878;7;timeout;0;0;0;0;2
[RECV] BSF66F notify: CR;1;16879;cal_static;4;E;timeout;rx_timeout;0;0;0;0;0;0
[RECV] BSF66F notify: CR;1;16879;cal_static;4;F;timeout;rx_timeout;0;0;0;0;0;0
[RECV] BSF66F notify: CR;1;16879;cal_static;4;G;timeout;rx_timeout;0;0;0;0;0;0
[RECV] BSF66F notify: CR;1;16879;cal_static;4;H;timeout;rx_timeout;0;0;0;0;0;0
[RECV] BSF66F notify: CF;1;16879;cal_static;4;pending;0;4;0;0;0;0
[RECV] BSF66F notify: CS;1;16879;cal_static;4;0;E,F,G,H;timeout,timeout,timeout,timeout;0,0,0,0
[RECV] BS2DCE notify: CM;1;52920;0;timeout;0;0;0;0;4
[RECV] BS2DCE notify: CM;1;52920;1;timeout;0;0;0;0;4|CM;1;52920;2;timeout;0;0;0;0;4|CM;1;52920;3;timeout;0;0;0;0;4
[RECV] BS2DCE notify: CM;1;52920;4;timeout;0;0;0;0;4|CM;1;52920;5;timeout;0;0;0;0;4|CM;1;52920;6;timeout;0;0;0;0;4
[RECV] BS2DCE notify: CR;1;52921;cal_roto;5;A;timeout;rx_timeout;0;0;0;0;0;0
[RECV] BS2DCE notify: CR;1;52921;cal_roto;5;B;timeout;rx_timeout;0;0;0;0;0;0
[RECV] BS2DCE notify: CR;1;52921;cal_roto;5;C;timeout;rx_timeout;0;0;0;0;0;0
[RECV] BS2DCE notify: CR;1;52921;cal_roto;5;D;timeout;rx_timeout;0;0;0;0;0;0
[RECV] BS2DCE notify: CR;1;52921;cal_roto;5;E;timeout;rx_timeout;0;0;0;0;0;0
[RECV] BSDC91 notify: CM;1;56548;0;timeout;0;0;0;0;5|CM;1;56548;1;timeout;0;0;0;0;5
[RECV] BSDC91 notify: CM;1;56548;2;timeout;0;0;0;0;5|CM;1;56548;3;timeout;0;0;0;0;5|CM;1;56548;4;timeout;0;0;0;0;5
[RECV] BSDC91 notify: CM;1;56548;5;timeout;0;0;0;0;5|CM;1;56548;6;timeout;0;0;0;0;5|CM;1;56548;7;timeout;0;0;0;0;5
[RECV] BS2DCE notify: CR;1;52921;cal_roto;5;F;timeout;rx_timeout;0;0;0;0;0;0
[RECV] BS2DCE notify: CR;1;52921;cal_roto;5;G;timeout;rx_timeout;0;0;0;0;0;0
[RECV] BSDC91 notify: CR;1;56549;cal_roto;5;A;timeout;rx_timeout;0;0;0;0;0;0
[RECV] BSDC91 notify: CR;1;56549;cal_roto;5;B;timeout;rx_timeout;0;0;0;0;0;0
[RECV] BSDC91 notify: CR;1;56549;cal_roto;5;C;timeout;rx_timeout;0;0;0;0;0;0
[RECV] BSDC91 notify: CR;1;56549;cal_roto;5;D;timeout;rx_timeout;0;0;0;0;0;0
[RECV] BSDC91 notify: CR;1;56549;cal_roto;5;E;timeout;rx_timeout;0;0;0;0;0;0
[RECV] BSDC91 notify: CR;1;56549;cal_roto;5;F;timeout;rx_timeout;0;0;0;0;0;0
[RECV] BSDC91 notify: CR;1;56549;cal_roto;5;G;timeout;rx_timeout;0;0;0;0;0;0
[RECV] BSF66F notify: CM;1;16879;0;timeout;0;0;0;0;2|CM;1;16879;1;timeout;0;0;0;0;2|CM;1;16879;2;timeout;0;0;0;0;2
[RECV] BSF66F notify: CR;1;16880;cal_static;4;A;timeout;rx_timeout;0;0;0;0;0;0
[RECV] BSF66F notify: CR;1;16880;cal_static;4;B;timeout;rx_timeout;0;0;0;0;0;0
[RECV] BSF66F notify: CR;1;16880;cal_static;4;C;timeout;rx_timeout;0;0;0;0;0;0
[RECV] BSF66F notify: CR;1;16880;cal_static;4;D;timeout;rx_timeout;0;0;0;0;0;0
[RECV] BSF66F notify: CF;1;16880;cal_static;4;pending;0;4;0;0;0;0
[RECV] BSF66F notify: CS;1;16880;cal_static;4;0;A,B,C,D;timeout,timeout,timeout,timeout;0,0,0,0
[RECV] BS2DCE notify: CM;1;52921;0;timeout;0;0;0;0;5|CM;1;52921;1;timeout;0;0;0;0;5
[RECV] BS2DCE notify: CM;1;52921;2;timeout;0;0;0;0;5|CM;1;52921;3;timeout;0;0;0;0;5|CM;1;52921;4;timeout;0;0;0;0;5
[RECV] BS2DCE notify: CM;1;52921;5;timeout;0;0;0;0;5|CM;1;52921;6;timeout;0;0;0;0;5|CM;1;52921;7;timeout;0;0;0;0;5
[RECV] BS2DCE notify: CR;1;52922;cal_roto;5;A;timeout;rx_timeout;0;0;0;0;0;0
[RECV] BS2DCE notify: CR;1;52922;cal_roto;5;B;timeout;rx_timeout;0;0;0;0;0;0
[RECV] BS2DCE notify: CR;1;52922;cal_roto;5;C;timeout;rx_timeout;0;0;0;0;0;0
[RECV] BS2DCE notify: CR;1;52922;cal_roto;5;D;timeout;rx_timeout;0;0;0;0;0;0
[RECV] BS2DCE notify: CR;1;52922;cal_roto;5;E;timeout;rx_timeout;0;0;0;0;0;0
[RECV] BSDC91 notify: CM;1;56549;0;timeout;0;0;0;0;6|CM;1;56549;1;timeout;0;0;0;0;6|CM;1;56549;2;timeout;0;0;0;0;6
[RECV] BSDC91 notify: CM;1;56549;3;timeout;0;0;0;0;6|CM;1;56549;4;timeout;0;0;0;0;6|CM;1;56549;5;timeout;0;0;0;0;6
[RECV] BSDC91 notify: CR;1;56550;cal_roto;5;A;timeout;rx_timeout;0;0;0;0;0;0
[RECV] BSDC91 notify: CR;1;56550;cal_roto;5;B;timeout;rx_timeout;0;0;0;0;0;0
[RECV] BS2DCE notify: CR;1;52922;cal_roto;5;F;timeout;rx_timeout;0;0;0;0;0;0
[RECV] BS2DCE notify: CR;1;52922;cal_roto;5;G;timeout;rx_timeout;0;0;0;0;0;0
[RECV] BSDC91 notify: CR;1;56550;cal_roto;5;C;timeout;rx_timeout;0;0;0;0;0;0
[RECV] BSDC91 notify: CR;1;56550;cal_roto;5;D;timeout;rx_timeout;0;0;0;0;0;0
[RECV] BSDC91 notify: CR;1;56550;cal_roto;5;E;timeout;rx_timeout;0;0;0;0;0;0
[RECV] BSDC91 notify: CR;1;56550;cal_roto;5;F;timeout;rx_timeout;0;0;0;0;0;0
[RECV] BSDC91 notify: CR;1;56550;cal_roto;5;G;timeout;rx_timeout;0;0;0;0;0;0
[RECV] BSDC91 notify: CR;1;56550;cal_roto;5;H;timeout;rx_timeout;0;0;0;0;0;0
[RECV] BSF66F notify: CM;1;16880;4;timeout;0;0;0;0;3|CM;1;16880;5;timeout;0;0;0;0;3
[RECV] BSF66F notify: CR;1;16881;cal_static;4;E;timeout;rx_timeout;0;0;0;0;0;0
[RECV] BSF66F notify: CR;1;16881;cal_static;4;F;timeout;rx_timeout;0;0;0;0;0;0
[RECV] BSF66F notify: CR;1;16881;cal_static;4;G;timeout;rx_timeout;0;0;0;0;0;0
[RECV] BSF66F notify: CR;1;16881;cal_static;4;H;timeout;rx_timeout;0;0;0;0;0;0
[RECV] BSF66F notify: CF;1;16881;cal_static;4;pending;0;4;0;0;0;0
[RECV] BSF66F notify: CS;1;16881;cal_static;4;0;E,F,G,H;timeout,timeout,timeout,timeout;0,0,0,0
[RECV] BS2DCE notify: CM;1;52922;0;timeout;0;0;0;0;6|CM;1;52922;1;timeout;0;0;0;0;6|CM;1;52922;2;timeout;0;0;0;0;6
[RECV] BS2DCE notify: CM;1;52922;3;timeout;0;0;0;0;6|CM;1;52922;4;timeout;0;0;0;0;6|CM;1;52922;5;timeout;0;0;0;0;6
[RECV] BS2DCE notify: CR;1;52923;cal_roto;5;A;timeout;rx_timeout;0;0;0;0;0;0
[RECV] BS2DCE notify: CR;1;52923;cal_roto;5;B;timeout;rx_timeout;0;0;0;0;0;0
[RECV] BS2DCE notify: CR;1;52923;cal_roto;5;C;timeout;rx_timeout;0;0;0;0;0;0
[RECV] BS2DCE notify: CR;1;52923;cal_roto;5;D;timeout;rx_timeout;0;0;0;0;0;0
[RECV] BS2DCE notify: CR;1;52923;cal_roto;5;E;timeout;rx_timeout;0;0;0;0;0;0
[RECV] BS2DCE notify: CR;1;52923;cal_roto;5;F;timeout;rx_timeout;0;0;0;0;0;0
[RECV] BSDC91 notify: CM;1;56550;0;timeout;0;0;0;0;7
[RECV] BSDC91 notify: CM;1;56550;1;timeout;0;0;0;0;7|CM;1;56550;2;timeout;0;0;0;0;7|CM;1;56550;3;timeout;0;0;0;0;7
[RECV] BSDC91 notify: CM;1;56550;4;timeout;0;0;0;0;7|CM;1;56550;5;timeout;0;0;0;0;7|CM;1;56550;6;timeout;0;0;0;0;7
[RECV] BS2DCE notify: CR;1;52923;cal_roto;5;G;timeout;rx_timeout;0;0;0;0;0;0
[RECV] BS2DCE notify: CR;1;52923;cal_roto;5;H;timeout;rx_timeout;0;0;0;0;0;0
[RECV] BSDC91 notify: CR;1;56551;cal_roto;5;A;timeout;rx_timeout;0;0;0;0;0;0
[RECV] BSDC91 notify: CR;1;56551;cal_roto;5;B;timeout;rx_timeout;0;0;0;0;0;0
[RECV] BSDC91 notify: CR;1;56551;cal_roto;5;C;timeout;rx_timeout;0;0;0;0;0;0
[RECV] BSDC91 notify: CR;1;56551;cal_roto;5;D;timeout;rx_timeout;0;0;0;0;0;0
[RECV] BSDC91 notify: CR;1;56551;cal_roto;5;E;timeout;rx_timeout;0;0;0;0;0;0
[RECV] BSDC91 notify: CR;1;56551;cal_roto;5;F;timeout;rx_timeout;0;0;0;0;0;0
[RECV] BSDC91 notify: CR;1;56551;cal_roto;5;G;timeout;rx_timeout;0;0;0;0;0;0
[RECV] BSF66F notify: CM;1;16881;0;timeout;0;0;0;0;3
[RECV] BSF66F notify: CM;1;16881;1;timeout;0;0;0;0;3|CM;1;16881;2;timeout;0;0;0;0;3|CM;1;16881;3;timeout;0;0;0;0;3
[RECV] BSF66F notify: CR;1;16882;cal_static;4;A;timeout;rx_timeout;0;0;0;0;0;0
[RECV] BSF66F notify: CR;1;16882;cal_static;4;B;timeout;rx_timeout;0;0;0;0;0;0
[RECV] BSF66F notify: CR;1;16882;cal_static;4;C;timeout;rx_timeout;0;0;0;0;0;0
[RECV] BSF66F notify: CR;1;16882;cal_static;4;D;timeout;rx_timeout;0;0;0;0;0;0
[RECV] BSF66F notify: CF;1;16882;cal_static;4;pending;0;4;0;0;0;0
[RECV] BSF66F notify: CS;1;16882;cal_static;4;0;A,B,C,D;timeout,timeout,timeout,timeout;0,0,0,0
[RECV] BS2DCE notify: CM;1;52923;0;timeout;0;0;0;0;7
[RECV] BS2DCE notify: CM;1;52923;1;timeout;0;0;0;0;7|CM;1;52923;2;timeout;0;0;0;0;7|CM;1;52923;3;timeout;0;0;0;0;7
[RECV] BSDC91 notify: CM;1;56551;0;timeout;0;0;0;0;8|CM;1;56551;1;timeout;0;0;0;0;8
[RECV] BSDC91 notify: CM;1;56551;2;timeout;0;0;0;0;8|CM;1;56551;3;timeout;0;0;0;0;8|CM;1;56551;4;timeout;0;0;0;0;8
[RECV] BSDC91 notify: CM;1;56551;5;timeout;0;0;0;0;8|CM;1;56551;6;timeout;0;0;0;0;8|CM;1;56551;7;timeout;0;0;0;0;8
[RECV] BS2DCE notify: CM;1;52923;4;timeout;0;0;0;0;7|CM;1;52923;5;timeout;0;0;0;0;7|CM;1;52923;6;timeout;0;0;0;0;7
[RECV] BS2DCE notify: CR;1;52924;cal_roto;5;A;timeout;rx_timeout;0;0;0;0;0;0
[RECV] BS2DCE notify: CR;1;52924;cal_roto;5;B;timeout;rx_timeout;0;0;0;0;0;0
[RECV] BS2DCE notify: CR;1;52924;cal_roto;5;C;timeout;rx_timeout;0;0;0;0;0;0
[RECV] BS2DCE notify: CR;1;52924;cal_roto;5;D;timeout;rx_timeout;0;0;0;0;0;0
[RECV] BSDC91 notify: CR;1;56552;cal_roto;5;A;timeout;rx_timeout;0;0;0;0;0;0
[RECV] BSDC91 notify: CR;1;56552;cal_roto;5;B;timeout;rx_timeout;0;0;0;0;0;0
[RECV] BSDC91 notify: CR;1;56552;cal_roto;5;C;timeout;rx_timeout;0;0;0;0;0;0
[RECV] BSDC91 notify: CR;1;56552;cal_roto;5;D;timeout;rx_timeout;0;0;0;0;0;0
[RECV] BSDC91 notify: CR;1;56552;cal_roto;5;E;timeout;rx_timeout;0;0;0;0;0;0
[RECV] BSDC91 notify: CR;1;56552;cal_roto;5;F;timeout;rx_timeout;0;0;0;0;0;0
[RECV] BSDC91 notify: CR;1;56552;cal_roto;5;G;timeout;rx_timeout;0;0;0;0;0;0
[RECV] BS2DCE notify: CR;1;52924;cal_roto;5;E;timeout;rx_timeout;0;0;0;0;0;0
[RECV] BS2DCE notify: CR;1;52924;cal_roto;5;F;timeout;rx_timeout;0;0;0;0;0;0
[RECV] BS2DCE notify: CR;1;52924;cal_roto;5;G;timeout;rx_timeout;0;0;0;0;0;0
[RECV] BSF66F notify: CM;1;16882;4;timeout;0;0;0;0;4|CM;1;16882;5;timeout;0;0;0;0;4|CM;1;16882;6;timeout;0;0;0;0;4
[RECV] BSF66F notify: CR;1;16883;cal_static;4;E;timeout;rx_timeout;0;0;0;0;0;0
[RECV] BSF66F notify: CR;1;16883;cal_static;4;F;timeout;rx_timeout;0;0;0;0;0;0
[RECV] BSF66F notify: CR;1;16883;cal_static;4;G;timeout;rx_timeout;0;0;0;0;0;0
[RECV] BSF66F notify: CR;1;16883;cal_static;4;H;timeout;rx_timeout;0;0;0;0;0;0
[RECV] BSF66F notify: CF;1;16883;cal_static;4;pending;0;4;0;0;0;0
[RECV] BSF66F notify: CS;1;16883;cal_static;4;0;E,F,G,H;timeout,timeout,timeout,timeout;0,0,0,0
[RECV] BS2DCE notify: CM;1;52924;0;timeout;0;0;0;0;8|CM;1;52924;1;timeout;0;0;0;0;8
[RECV] BS2DCE notify: CM;1;52924;2;timeout;0;0;0;0;8|CM;1;52924;3;timeout;0;0;0;0;8|CM;1;52924;4;timeout;0;0;0;0;8
[RECV] BS2DCE notify: CM;1;52924;5;timeout;0;0;0;0;8|CM;1;52924;6;timeout;0;0;0;0;8|CM;1;52924;7;timeout;0;0;0;0;8
[RECV] BS2DCE notify: CR;1;52925;cal_roto;5;A;timeout;rx_timeout;0;0;0;0;0;0
[RECV] BS2DCE notify: CR;1;52925;cal_roto;5;B;timeout;rx_timeout;0;0;0;0;0;0
[RECV] BSDC91 notify: CM;1;56552;0;timeout;0;0;0;0;9|CM;1;56552;1;timeout;0;0;0;0;9|CM;1;56552;2;timeout;0;0;0;0;9
[RECV] BSDC91 notify: CM;1;56552;3;timeout;0;0;0;0;9|CM;1;56552;4;timeout;0;0;0;0;9|CM;1;56552;5;timeout;0;0;0;0;9
[RECV] BSDC91 notify: CR;1;56553;cal_roto;5;A;timeout;rx_timeout;0;0;0;0;0;0
[RECV] BSDC91 notify: CR;1;56553;cal_roto;5;B;timeout;rx_timeout;0;0;0;0;0;0
[RECV] BS2DCE notify: CR;1;52925;cal_roto;5;C;timeout;rx_timeout;0;0;0;0;0;0
[RECV] BS2DCE notify: CR;1;52925;cal_roto;5;D;timeout;rx_timeout;0;0;0;0;0;0
[RECV] BS2DCE notify: CR;1;52925;cal_roto;5;E;timeout;rx_timeout;0;0;0;0;0;0
[RECV] BS2DCE notify: CR;1;52925;cal_roto;5;F;timeout;rx_timeout;0;0;0;0;0;0
[RECV] BS2DCE notify: CR;1;52925;cal_roto;5;G;timeout;rx_timeout;0;0;0;0;0;0
[RECV] BSDC91 notify: CR;1;56553;cal_roto;5;C;timeout;rx_timeout;0;0;0;0;0;0
[RECV] BSDC91 notify: CR;1;56553;cal_roto;5;D;timeout;rx_timeout;0;0;0;0;0;0
[RECV] BSDC91 notify: CR;1;56553;cal_roto;5;E;timeout;rx_timeout;0;0;0;0;0;0
[RECV] BSDC91 notify: CR;1;56553;cal_roto;5;F;timeout;rx_timeout;0;0;0;0;0;0
[RECV] BSDC91 notify: CR;1;56553;cal_roto;5;G;timeout;rx_timeout;0;0;0;0;0;0
[RECV] BSDC91 notify: CR;1;56553;cal_roto;5;H;timeout;rx_timeout;0;0;0;0;0;0
[RECV] BSF66F notify: CM;1;16883;0;timeout;0;0;0;0;4|CM;1;16883;1;timeout;0;0;0;0;4
[RECV] BSF66F notify: CR;1;16884;cal_static;4;A;timeout;rx_timeout;0;0;0;0;0;0
[RECV] BSF66F notify: CR;1;16884;cal_static;4;B;timeout;rx_timeout;0;0;0;0;0;0
[RECV] BSF66F notify: CR;1;16884;cal_static;4;C;timeout;rx_timeout;0;0;0;0;0;0
[RECV] BSF66F notify: CR;1;16884;cal_static;4;D;timeout;rx_timeout;0;0;0;0;0;0
[RECV] BSF66F notify: CF;1;16884;cal_static;4;pending;0;4;0;0;0;0
[RECV] BSF66F notify: CS;1;16884;cal_static;4;0;A,B,C,D;timeout,timeout,timeout,timeout;0,0,0,0
[RECV] BS2DCE notify: CM;1;52925;0;timeout;0;0;0;0;9|CM;1;52925;1;timeout;0;0;0;0;9|CM;1;52925;2;timeout;0;0;0;0;9
[RECV] BS2DCE notify: CM;1;52925;3;timeout;0;0;0;0;9|CM;1;52925;4;timeout;0;0;0;0;9|CM;1;52925;5;timeout;0;0;0;0;9
[RECV] BS2DCE notify: CR;1;52926;cal_roto;5;A;timeout;rx_timeout;0;0;0;0;0;0
[RECV] BS2DCE notify: CR;1;52926;cal_roto;5;B;timeout;rx_timeout;0;0;0;0;0;0
[RECV] BS2DCE notify: CR;1;52926;cal_roto;5;C;timeout;rx_timeout;0;0;0;0;0;0
[RECV] BS2DCE notify: CR;1;52926;cal_roto;5;D;timeout;rx_timeout;0;0;0;0;0;0
[RECV] BS2DCE notify: CR;1;52926;cal_roto;5;E;timeout;rx_timeout;0;0;0;0;0;0
[RECV] BS2DCE notify: CR;1;52926;cal_roto;5;F;timeout;rx_timeout;0;0;0;0;0;0
[RECV] BS2DCE notify: CR;1;52926;cal_roto;5;G;timeout;rx_timeout;0;0;0;0;0;0
[RECV] BS2DCE notify: CR;1;52926;cal_roto;5;H;timeout;rx_timeout;0;0;0;0;0;0
[RECV] BSDC91 notify: CM;1;56553;0;timeout;0;0;0;0;10
[RECV] BSDC91 notify: CM;1;56553;1;timeout;0;0;0;0;10|CM;1;56553;2;timeout;0;0;0;0;10|CM;1;56553;3;timeout;0;0;0;0;10
[RECV] BSDC91 notify: CM;1;56553;4;timeout;0;0;0;0;10|CM;1;56553;5;timeout;0;0;0;0;10|CM;1;56553;6;timeout;0;0;0;0;10
[RECV] BSDC91 notify: CR;1;56554;cal_roto;5;A;timeout;rx_timeout;0;0;0;0;0;0
[RECV] BSDC91 notify: CR;1;56554;cal_roto;5;B;timeout;rx_timeout;0;0;0;0;0;0
[RECV] BSDC91 notify: CR;1;56554;cal_roto;5;C;timeout;rx_timeout;0;0;0;0;0;0
[RECV] BSDC91 notify: CR;1;56554;cal_roto;5;D;timeout;rx_timeout;0;0;0;0;0;0
[RECV] BSDC91 notify: CR;1;56554;cal_roto;5;E;timeout;rx_timeout;0;0;0;0;0;0
[RECV] BSDC91 notify: CR;1;56554;cal_roto;5;F;timeout;rx_timeout;0;0;0;0;0;0
[RECV] BSDC91 notify: CR;1;56554;cal_roto;5;G;timeout;rx_timeout;0;0;0;0;0;0
[RECV] BSF66F notify: CM;1;16884;4;timeout;0;0;0;0;5
[RECV] BSF66F notify: CM;1;16884;5;timeout;0;0;0;0;5|CM;1;16884;6;timeout;0;0;0;0;5|CM;1;16884;7;timeout;0;0;0;0;5
[RECV] BSF66F notify: CR;1;16885;cal_static;4;E;timeout;rx_timeout;0;0;0;0;0;0
[RECV] BSF66F notify: CR;1;16885;cal_static;4;F;timeout;rx_timeout;0;0;0;0;0;0
[RECV] BSF66F notify: CR;1;16885;cal_static;4;G;timeout;rx_timeout;0;0;0;0;0;0
[RECV] BSF66F notify: CR;1;16885;cal_static;4;H;timeout;rx_timeout;0;0;0;0;0;0
[RECV] BSF66F notify: CF;1;16885;cal_static;4;pending;0;4;0;0;0;0
[RECV] BSF66F notify: CS;1;16885;cal_static;4;0;E,F,G,H;timeout,timeout,timeout,timeout;0,0,0,0
[RECV] BS2DCE notify: CM;1;52926;0;timeout;0;0;0;0;10
[RECV] BS2DCE notify: CM;1;52926;1;timeout;0;0;0;0;10|CM;1;52926;2;timeout;0;0;0;0;10|CM;1;52926;3;timeout;0;0;0;0;10
[RECV] BS2DCE notify: CM;1;52926;4;timeout;0;0;0;0;10|CM;1;52926;5;timeout;0;0;0;0;10|CM;1;52926;6;timeout;0;0;0;0;10
[RECV] BS2DCE notify: CR;1;52927;cal_roto;5;A;timeout;rx_timeout;0;0;0;0;0;0
[RECV] BS2DCE notify: CR;1;52927;cal_roto;5;B;timeout;rx_timeout;0;0;0;0;0;0
[RECV] BS2DCE notify: CR;1;52927;cal_roto;5;C;timeout;rx_timeout;0;0;0;0;0;0
[RECV] BS2DCE notify: CR;1;52927;cal_roto;5;D;timeout;rx_timeout;0;0;0;0;0;0
[RECV] BS2DCE notify: CR;1;52927;cal_roto;5;E;timeout;rx_timeout;0;0;0;0;0;0
[RECV] BSDC91 notify: CM;1;56554;0;timeout;0;0;0;0;11|CM;1;56554;1;timeout;0;0;0;0;11
[RECV] BSDC91 notify: CM;1;56554;2;timeout;0;0;0;0;11|CM;1;56554;3;timeout;0;0;0;0;11|CM;1;56554;4;timeout;0;0;0;0;11
[RECV] BSDC91 notify: CM;1;56554;5;timeout;0;0;0;0;11|CM;1;56554;6;timeout;0;0;0;0;11|CM;1;56554;7;timeout;0;0;0;0;11
[RECV] BS2DCE notify: CR;1;52927;cal_roto;5;F;timeout;rx_timeout;0;0;0;0;0;0
[RECV] BS2DCE notify: CR;1;52927;cal_roto;5;G;timeout;rx_timeout;0;0;0;0;0;0
[RECV] BSDC91 notify: CR;1;56555;cal_roto;5;A;timeout;rx_timeout;0;0;0;0;0;0
[RECV] BSDC91 notify: CR;1;56555;cal_roto;5;B;timeout;rx_timeout;0;0;0;0;0;0
[RECV] BSDC91 notify: CR;1;56555;cal_roto;5;C;timeout;rx_timeout;0;0;0;0;0;0
[RECV] BSDC91 notify: CR;1;56555;cal_roto;5;D;timeout;rx_timeout;0;0;0;0;0;0
[RECV] BSDC91 notify: CR;1;56555;cal_roto;5;E;timeout;rx_timeout;0;0;0;0;0;0
[RECV] BSDC91 notify: CR;1;56555;cal_roto;5;F;timeout;rx_timeout;0;0;0;0;0;0
[RECV] BSDC91 notify: CR;1;56555;cal_roto;5;G;timeout;rx_timeout;0;0;0;0;0;0
[RECV] BSF66F notify: CM;1;16885;0;timeout;0;0;0;0;5|CM;1;16885;1;timeout;0;0;0;0;5|CM;1;16885;2;timeout;0;0;0;0;5
[RECV] BSF66F notify: CR;1;16886;cal_static;4;A;timeout;rx_timeout;0;0;0;0;0;0
[RECV] BSF66F notify: CR;1;16886;cal_static;4;B;timeout;rx_timeout;0;0;0;0;0;0
[RECV] BSF66F notify: CR;1;16886;cal_static;4;C;timeout;rx_timeout;0;0;0;0;0;0
[RECV] BSF66F notify: CR;1;16886;cal_static;4;D;timeout;rx_timeout;0;0;0;0;0;0
[RECV] BSF66F notify: CF;1;16886;cal_static;4;pending;0;4;0;0;0;0
[RECV] BSF66F notify: CS;1;16886;cal_static;4;0;A,B,C,D;timeout,timeout,timeout,timeout;0,0,0,0
[RECV] BS2DCE notify: CM;1;52927;0;timeout;0;0;0;0;11|CM;1;52927;1;timeout;0;0;0;0;11
[RECV] BS2DCE notify: CM;1;52927;2;timeout;0;0;0;0;11|CM;1;52927;3;timeout;0;0;0;0;11|CM;1;52927;4;timeout;0;0;0;0;11
[RECV] BS2DCE notify: CM;1;52927;5;timeout;0;0;0;0;11|CM;1;52927;6;timeout;0;0;0;0;11|CM;1;52927;7;timeout;0;0;0;0;11
[RECV] BS2DCE notify: CR;1;52928;cal_roto;5;A;timeout;rx_timeout;0;0;0;0;0;0
[RECV] BS2DCE notify: CR;1;52928;cal_roto;5;B;timeout;rx_timeout;0;0;0;0;0;0
[RECV] BS2DCE notify: CR;1;52928;cal_roto;5;C;timeout;rx_timeout;0;0;0;0;0;0
[RECV] BS2DCE notify: CR;1;52928;cal_roto;5;D;timeout;rx_timeout;0;0;0;0;0;0
[RECV] BS2DCE notify: CR;1;52928;cal_roto;5;E;timeout;rx_timeout;0;0;0;0;0;0
[RECV] BS2DCE notify: CR;1;52928;cal_roto;5;F;timeout;rx_timeout;0;0;0;0;0;0
[RECV] BS2DCE notify: CR;1;52928;cal_roto;5;G;timeout;rx_timeout;0;0;0;0;0;0
[RECV] BSDC91 notify: CM;1;56555;0;timeout;0;0;0;0;12|CM;1;56555;1;timeout;0;0;0;0;12|CM;1;56555;2;timeout;0;0;0;0;12
[RECV] BSDC91 notify: CM;1;56555;3;timeout;0;0;0;0;12|CM;1;56555;4;timeout;0;0;0;0;12|CM;1;56555;5;timeout;0;0;0;0;12
[RECV] BSDC91 notify: CR;1;56556;cal_roto;5;A;timeout;rx_timeout;0;0;0;0;0;0
[RECV] BSDC91 notify: CR;1;56556;cal_roto;5;B;timeout;rx_timeout;0;0;0;0;0;0
[RECV] BSDC91 notify: CR;1;56556;cal_roto;5;C;timeout;rx_timeout;0;0;0;0;0;0
[RECV] BSDC91 notify: CR;1;56556;cal_roto;5;D;timeout;rx_timeout;0;0;0;0;0;0
[RECV] BSDC91 notify: CR;1;56556;cal_roto;5;E;timeout;rx_timeout;0;0;0;0;0;0
[RECV] BSDC91 notify: CR;1;56556;cal_roto;5;F;timeout;rx_timeout;0;0;0;0;0;0
[RECV] BSDC91 notify: CR;1;56556;cal_roto;5;G;timeout;rx_timeout;0;0;0;0;0;0
[RECV] BSDC91 notify: CR;1;56556;cal_roto;5;H;timeout;rx_timeout;0;0;0;0;0;0
[RECV] BSF66F notify: CM;1;16886;4;timeout;0;0;0;0;6|CM;1;16886;5;timeout;0;0;0;0;6
[RECV] BSF66F notify: CR;1;16887;cal_static;4;E;timeout;rx_timeout;0;0;0;0;0;0
[RECV] BSF66F notify: CR;1;16887;cal_static;4;F;timeout;rx_timeout;0;0;0;0;0;0
[RECV] BSF66F notify: CR;1;16887;cal_static;4;G;timeout;rx_timeout;0;0;0;0;0;0
[RECV] BSF66F notify: CR;1;16887;cal_static;4;H;timeout;rx_timeout;0;0;0;0;0;0
[RECV] BSF66F notify: CF;1;16887;cal_static;4;pending;0;4;0;0;0;0
[RECV] BSF66F notify: CS;1;16887;cal_static;4;0;E,F,G,H;timeout,timeout,timeout,timeout;0,0,0,0
[RECV] BS2DCE notify: CM;1;52928;0;timeout;0;0;0;0;12|CM;1;52928;1;timeout;0;0;0;0;12|CM;1;52928;2;timeout;0;0;0;0;12
[RECV] BS2DCE notify: CM;1;52928;3;timeout;0;0;0;0;12|CM;1;52928;4;timeout;0;0;0;0;12|CM;1;52928;5;timeout;0;0;0;0;12
[RECV] BS2DCE notify: CR;1;52929;cal_roto;5;A;timeout;rx_timeout;0;0;0;0;0;0
[RECV] BS2DCE notify: CR;1;52929;cal_roto;5;B;timeout;rx_timeout;0;0;0;0;0;0
[RECV] BS2DCE notify: CR;1;52929;cal_roto;5;C;timeout;rx_timeout;0;0;0;0;0;0
[RECV] BS2DCE notify: CR;1;52929;cal_roto;5;D;timeout;rx_timeout;0;0;0;0;0;0
[RECV] BS2DCE notify: CR;1;52929;cal_roto;5;E;timeout;rx_timeout;0;0;0;0;0;0
[RECV] BS2DCE notify: CR;1;52929;cal_roto;5;F;timeout;rx_timeout;0;0;0;0;0;0
[RECV] BSDC91 notify: CM;1;56556;0;timeout;0;0;0;0;13
[RECV] BSDC91 notify: CM;1;56556;1;timeout;0;0;0;0;13|CM;1;56556;2;timeout;0;0;0;0;13|CM;1;56556;3;timeout;0;0;0;0;13
[RECV] BSDC91 notify: CM;1;56556;4;timeout;0;0;0;0;13|CM;1;56556;5;timeout;0;0;0;0;13|CM;1;56556;6;timeout;0;0;0;0;13
[RECV] BS2DCE notify: CR;1;52929;cal_roto;5;G;timeout;rx_timeout;0;0;0;0;0;0
[RECV] BS2DCE notify: CR;1;52929;cal_roto;5;H;timeout;rx_timeout;0;0;0;0;0;0
[RECV] BSDC91 notify: CR;1;56557;cal_roto;5;A;timeout;rx_timeout;0;0;0;0;0;0
[RECV] BSDC91 notify: CR;1;56557;cal_roto;5;B;timeout;rx_timeout;0;0;0;0;0;0
[RECV] BSDC91 notify: CR;1;56557;cal_roto;5;C;timeout;rx_timeout;0;0;0;0;0;0
[RECV] BSDC91 notify: CR;1;56557;cal_roto;5;D;timeout;rx_timeout;0;0;0;0;0;0
[RECV] BSDC91 notify: CR;1;56557;cal_roto;5;E;timeout;rx_timeout;0;0;0;0;0;0
[RECV] BSDC91 notify: CR;1;56557;cal_roto;5;F;timeout;rx_timeout;0;0;0;0;0;0
[RECV] BSDC91 notify: CR;1;56557;cal_roto;5;G;timeout;rx_timeout;0;0;0;0;0;0
[RECV] BSF66F notify: CM;1;16887;0;timeout;0;0;0;0;6
[RECV] BSF66F notify: CM;1;16887;1;timeout;0;0;0;0;6|CM;1;16887;2;timeout;0;0;0;0;6|CM;1;16887;3;timeout;0;0;0;0;6
[RECV] BSF66F notify: CR;1;16888;cal_static;4;A;timeout;rx_timeout;0;0;0;0;0;0
[RECV] BSF66F notify: CR;1;16888;cal_static;4;B;timeout;rx_timeout;0;0;0;0;0;0
[RECV] BSF66F notify: CR;1;16888;cal_static;4;C;timeout;rx_timeout;0;0;0;0;0;0
[RECV] BSF66F notify: CR;1;16888;cal_static;4;D;timeout;rx_timeout;0;0;0;0;0;0
[RECV] BSF66F notify: CF;1;16888;cal_static;4;pending;0;4;0;0;0;0
[RECV] BSF66F notify: CS;1;16888;cal_static;4;0;A,B,C,D;timeout,timeout,timeout,timeout;0,0,0,0
[RECV] BS2DCE notify: CM;1;52929;0;timeout;0;0;0;0;13
[RECV] BS2DCE notify: CM;1;52929;1;timeout;0;0;0;0;13|CM;1;52929;2;timeout;0;0;0;0;13|CM;1;52929;3;timeout;0;0;0;0;13
[RECV] BS2DCE notify: CM;1;52929;4;timeout;0;0;0;0;13|CM;1;52929;5;timeout;0;0;0;0;13|CM;1;52929;6;timeout;0;0;0;0;13
[RECV] BS2DCE notify: CR;1;52930;cal_roto;5;A;timeout;rx_timeout;0;0;0;0;0;0
[RECV] BS2DCE notify: CR;1;52930;cal_roto;5;B;timeout;rx_timeout;0;0;0;0;0;0
[RECV] BS2DCE notify: CR;1;52930;cal_roto;5;C;timeout;rx_timeout;0;0;0;0;0;0
[RECV] BS2DCE notify: CR;1;52930;cal_roto;5;D;timeout;rx_timeout;0;0;0;0;0;0
[RECV] BS2DCE notify: CR;1;52930;cal_roto;5;E;timeout;rx_timeout;0;0;0;0;0;0
[RECV] BSDC91 notify: CM;1;56557;0;timeout;0;0;0;0;14|CM;1;56557;1;timeout;0;0;0;0;14
[RECV] BSDC91 notify: CM;1;56557;2;timeout;0;0;0;0;14|CM;1;56557;3;timeout;0;0;0;0;14|CM;1;56557;4;timeout;0;0;0;0;14
[RECV] BSDC91 notify: CM;1;56557;5;timeout;0;0;0;0;14|CM;1;56557;6;timeout;0;0;0;0;14|CM;1;56557;7;timeout;0;0;0;0;14
[RECV] BS2DCE notify: CR;1;52930;cal_roto;5;F;timeout;rx_timeout;0;0;0;0;0;0
[RECV] BS2DCE notify: CR;1;52930;cal_roto;5;G;timeout;rx_timeout;0;0;0;0;0;0
[RECV] BSDC91 notify: CR;1;56558;cal_roto;5;A;timeout;rx_timeout;0;0;0;0;0;0
[RECV] BSDC91 notify: CR;1;56558;cal_roto;5;B;timeout;rx_timeout;0;0;0;0;0;0
[RECV] BSDC91 notify: CR;1;56558;cal_roto;5;C;timeout;rx_timeout;0;0;0;0;0;0
[RECV] BSDC91 notify: CR;1;56558;cal_roto;5;D;timeout;rx_timeout;0;0;0;0;0;0
[RECV] BSDC91 notify: CR;1;56558;cal_roto;5;E;timeout;rx_timeout;0;0;0;0;0;0
[RECV] BSDC91 notify: CR;1;56558;cal_roto;5;F;timeout;rx_timeout;0;0;0;0;0;0
[RECV] BSDC91 notify: CR;1;56558;cal_roto;5;G;timeout;rx_timeout;0;0;0;0;0;0
[RECV] BSF66F notify: CM;1;16888;4;timeout;0;0;0;0;7|CM;1;16888;5;timeout;0;0;0;0;7|CM;1;16888;6;timeout;0;0;0;0;7
[RECV] BSF66F notify: CR;1;16889;cal_static;4;E;timeout;rx_timeout;0;0;0;0;0;0
[RECV] BSF66F notify: CR;1;16889;cal_static;4;F;timeout;rx_timeout;0;0;0;0;0;0
[RECV] BSF66F notify: CR;1;16889;cal_static;4;G;timeout;rx_timeout;0;0;0;0;0;0
[RECV] BSF66F notify: CR;1;16889;cal_static;4;H;timeout;rx_timeout;0;0;0;0;0;0
[RECV] BSF66F notify: CF;1;16889;cal_static;4;pending;0;4;0;0;0;0
[RECV] BSF66F notify: CS;1;16889;cal_static;4;0;E,F,G,H;timeout,timeout,timeout,timeout;0,0,0,0
[RECV] BS2DCE notify: CM;1;52930;0;timeout;0;0;0;0;14|CM;1;52930;1;timeout;0;0;0;0;14
[RECV] BS2DCE notify: CM;1;52930;2;timeout;0;0;0;0;14|CM;1;52930;3;timeout;0;0;0;0;14|CM;1;52930;4;timeout;0;0;0;0;14
[RECV] BS2DCE notify: CM;1;52930;5;timeout;0;0;0;0;14|CM;1;52930;6;timeout;0;0;0;0;14|CM;1;52930;7;timeout;0;0;0;0;14
[RECV] BS2DCE notify: CR;1;52931;cal_roto;5;A;timeout;rx_timeout;0;0;0;0;0;0
[RECV] BS2DCE notify: CR;1;52931;cal_roto;5;B;timeout;rx_timeout;0;0;0;0;0;0
[RECV] BS2DCE notify: CR;1;52931;cal_roto;5;C;timeout;rx_timeout;0;0;0;0;0;0
[RECV] BS2DCE notify: CR;1;52931;cal_roto;5;D;timeout;rx_timeout;0;0;0;0;0;0
[RECV] BS2DCE notify: CR;1;52931;cal_roto;5;E;timeout;rx_timeout;0;0;0;0;0;0
[RECV] BSDC91 notify: CM;1;56558;0;timeout;0;0;0;0;15|CM;1;56558;1;timeout;0;0;0;0;15|CM;1;56558;2;timeout;0;0;0;0;15
[RECV] BSDC91 notify: CM;1;56558;3;timeout;0;0;0;0;15|CM;1;56558;4;timeout;0;0;0;0;15|CM;1;56558;5;timeout;0;0;0;0;15
[RECV] BSDC91 notify: CR;1;56559;cal_roto;5;A;timeout;rx_timeout;0;0;0;0;0;0
[RECV] BSDC91 notify: CR;1;56559;cal_roto;5;B;timeout;rx_timeout;0;0;0;0;0;0
[RECV] BS2DCE notify: CR;1;52931;cal_roto;5;F;timeout;rx_timeout;0;0;0;0;0;0
[RECV] BS2DCE notify: CR;1;52931;cal_roto;5;G;timeout;rx_timeout;0;0;0;0;0;0
[RECV] BSDC91 notify: CR;1;56559;cal_roto;5;C;timeout;rx_timeout;0;0;0;0;0;0
[RECV] BSDC91 notify: CR;1;56559;cal_roto;5;D;timeout;rx_timeout;0;0;0;0;0;0
[RECV] BSDC91 notify: CR;1;56559;cal_roto;5;E;timeout;rx_timeout;0;0;0;0;0;0
[RECV] BSDC91 notify: CR;1;56559;cal_roto;5;F;timeout;rx_timeout;0;0;0;0;0;0
[RECV] BSDC91 notify: CR;1;56559;cal_roto;5;G;timeout;rx_timeout;0;0;0;0;0;0
[RECV] BSDC91 notify: CR;1;56559;cal_roto;5;H;timeout;rx_timeout;0;0;0;0;0;0
[RECV] BSF66F notify: CM;1;16889;0;timeout;0;0;0;0;7|CM;1;16889;1;timeout;0;0;0;0;7
[RECV] BSF66F notify: CR;1;16890;cal_static;4;A;timeout;rx_timeout;0;0;0;0;0;0
[RECV] BSF66F notify: CR;1;16890;cal_static;4;B;timeout;rx_timeout;0;0;0;0;0;0
[RECV] BSF66F notify: CR;1;16890;cal_static;4;C;timeout;rx_timeout;0;0;0;0;0;0
[RECV] BSF66F notify: CR;1;16890;cal_static;4;D;timeout;rx_timeout;0;0;0;0;0;0
[RECV] BSF66F notify: CF;1;16890;cal_static;4;pending;0;4;0;0;0;0
[RECV] BSF66F notify: CS;1;16890;cal_static;4;0;A,B,C,D;timeout,timeout,timeout,timeout;0,0,0,0
[RECV] BS2DCE notify: CM;1;52931;0;timeout;0;0;0;0;15|CM;1;52931;1;timeout;0;0;0;0;15|CM;1;52931;2;timeout;0;0;0;0;15
[RECV] BS2DCE notify: CM;1;52931;3;timeout;0;0;0;0;15|CM;1;52931;4;timeout;0;0;0;0;15|CM;1;52931;5;timeout;0;0;0;0;15
[RECV] BS2DCE notify: CR;1;52932;cal_roto;5;A;timeout;rx_timeout;0;0;0;0;0;0
[RECV] BS2DCE notify: CR;1;52932;cal_roto;5;B;timeout;rx_timeout;0;0;0;0;0;0
[RECV] BS2DCE notify: CR;1;52932;cal_roto;5;C;timeout;rx_timeout;0;0;0;0;0;0
[RECV] BS2DCE notify: CR;1;52932;cal_roto;5;D;timeout;rx_timeout;0;0;0;0;0;0
[RECV] BS2DCE notify: CR;1;52932;cal_roto;5;E;timeout;rx_timeout;0;0;0;0;0;0
[RECV] BS2DCE notify: CR;1;52932;cal_roto;5;F;timeout;rx_timeout;0;0;0;0;0;0
[RECV] BS2DCE notify: CR;1;52932;cal_roto;5;G;timeout;rx_timeout;0;0;0;0;0;0
[RECV] BS2DCE notify: CR;1;52932;cal_roto;5;H;timeout;rx_timeout;0;0;0;0;0;0
[RECV] BSDC91 notify: CM;1;56559;0;timeout;0;0;0;0;16
[RECV] BSDC91 notify: CM;1;56559;1;timeout;0;0;0;0;16|CM;1;56559;2;timeout;0;0;0;0;16|CM;1;56559;3;timeout;0;0;0;0;16
[RECV] BSDC91 notify: CM;1;56559;4;timeout;0;0;0;0;16|CM;1;56559;5;timeout;0;0;0;0;16|CM;1;56559;6;timeout;0;0;0;0;16
[RECV] BSDC91 notify: CR;1;56560;cal_roto;5;A;timeout;rx_timeout;0;0;0;0;0;0
[RECV] BSDC91 notify: CR;1;56560;cal_roto;5;B;timeout;rx_timeout;0;0;0;0;0;0
[RECV] BSDC91 notify: CR;1;56560;cal_roto;5;C;timeout;rx_timeout;0;0;0;0;0;0
[RECV] BSDC91 notify: CR;1;56560;cal_roto;5;D;timeout;rx_timeout;0;0;0;0;0;0
[RECV] BSDC91 notify: CR;1;56560;cal_roto;5;E;timeout;rx_timeout;0;0;0;0;0;0
[RECV] BSDC91 notify: CR;1;56560;cal_roto;5;F;timeout;rx_timeout;0;0;0;0;0;0
[RECV] BSDC91 notify: CR;1;56560;cal_roto;5;G;timeout;rx_timeout;0;0;0;0;0;0
[RECV] BSF66F notify: CM;1;16890;4;timeout;0;0;0;0;8
[RECV] BSF66F notify: CM;1;16890;5;timeout;0;0;0;0;8|CM;1;16890;6;timeout;0;0;0;0;8|CM;1;16890;7;timeout;0;0;0;0;8
[RECV] BSF66F notify: CR;1;16891;cal_static;4;E;timeout;rx_timeout;0;0;0;0;0;0
[RECV] BSF66F notify: CR;1;16891;cal_static;4;F;timeout;rx_timeout;0;0;0;0;0;0
[RECV] BSF66F notify: CR;1;16891;cal_static;4;G;timeout;rx_timeout;0;0;0;0;0;0
[RECV] BSF66F notify: CR;1;16891;cal_static;4;H;timeout;rx_timeout;0;0;0;0;0;0
[RECV] BSF66F notify: CF;1;16891;cal_static;4;pending;0;4;0;0;0;0
[RECV] BSF66F notify: CS;1;16891;cal_static;4;0;E,F,G,H;timeout,timeout,timeout,timeout;0,0,0,0
[RECV] BS2DCE notify: CM;1;52932;0;timeout;0;0;0;0;16
[RECV] BS2DCE notify: CM;1;52932;1;timeout;0;0;0;0;16|CM;1;52932;2;timeout;0;0;0;0;16|CM;1;52932;3;timeout;0;0;0;0;16
[RECV] BS2DCE notify: CM;1;52932;4;timeout;0;0;0;0;16|CM;1;52932;5;timeout;0;0;0;0;16|CM;1;52932;6;timeout;0;0;0;0;16
[RECV] BS2DCE notify: CR;1;52933;cal_roto;5;A;timeout;rx_timeout;0;0;0;0;0;0
[RECV] BS2DCE notify: CR;1;52933;cal_roto;5;B;timeout;rx_timeout;0;0;0;0;0;0
[RECV] BS2DCE notify: CR;1;52933;cal_roto;5;C;timeout;rx_timeout;0;0;0;0;0;0
[RECV] BS2DCE notify: CR;1;52933;cal_roto;5;D;timeout;rx_timeout;0;0;0;0;0;0
[RECV] BS2DCE notify: CR;1;52933;cal_roto;5;E;timeout;rx_timeout;0;0;0;0;0;0
[RECV] BSDC91 notify: CM;1;56560;0;timeout;0;0;0;0;17|CM;1;56560;1;timeout;0;0;0;0;17
[RECV] BSDC91 notify: CM;1;56560;2;timeout;0;0;0;0;17|CM;1;56560;3;timeout;0;0;0;0;17|CM;1;56560;4;timeout;0;0;0;0;17
[RECV] BSDC91 notify: CM;1;56560;5;timeout;0;0;0;0;17|CM;1;56560;6;timeout;0;0;0;0;17|CM;1;56560;7;timeout;0;0;0;0;17
[RECV] BS2DCE notify: CR;1;52933;cal_roto;5;F;timeout;rx_timeout;0;0;0;0;0;0
[RECV] BS2DCE notify: CR;1;52933;cal_roto;5;G;timeout;rx_timeout;0;0;0;0;0;0
[RECV] BSDC91 notify: CR;1;56561;cal_roto;5;A;timeout;rx_timeout;0;0;0;0;0;0
[RECV] BSDC91 notify: CR;1;56561;cal_roto;5;B;timeout;rx_timeout;0;0;0;0;0;0
[RECV] BSDC91 notify: CR;1;56561;cal_roto;5;C;timeout;rx_timeout;0;0;0;0;0;0
[RECV] BSDC91 notify: CR;1;56561;cal_roto;5;D;timeout;rx_timeout;0;0;0;0;0;0
[RECV] BSDC91 notify: CR;1;56561;cal_roto;5;E;timeout;rx_timeout;0;0;0;0;0;0
[RECV] BSDC91 notify: CR;1;56561;cal_roto;5;F;timeout;rx_timeout;0;0;0;0;0;0
[RECV] BSDC91 notify: CR;1;56561;cal_roto;5;G;timeout;rx_timeout;0;0;0;0;0;0
[RECV] BSF66F notify: CM;1;16891;0;timeout;0;0;0;0;8|CM;1;16891;1;timeout;0;0;0;0;8|CM;1;16891;2;timeout;0;0;0;0;8
[RECV] BSF66F notify: CR;1;16892;cal_static;4;A;timeout;rx_timeout;0;0;0;0;0;0
[RECV] BSF66F notify: CR;1;16892;cal_static;4;B;timeout;rx_timeout;0;0;0;0;0;0
[RECV] BSF66F notify: CR;1;16892;cal_static;4;C;timeout;rx_timeout;0;0;0;0;0;0
[RECV] BSF66F notify: CR;1;16892;cal_static;4;D;timeout;rx_timeout;0;0;0;0;0;0
[RECV] BSF66F notify: CF;1;16892;cal_static;4;pending;0;4;0;0;0;0
[RECV] BSF66F notify: CS;1;16892;cal_static;4;0;A,B,C,D;timeout,timeout,timeout,timeout;0,0,0,0
[RECV] BSDC91 notify: CM;1;56561;1;timeout;0;0;0;0;18|CM;1;56561;3;timeout;0;0;0;0;18|CM;1;56561;4;timeout;0;0;0;0;18
[RECV] BS2DCE notify: CM;1;52933;0;timeout;0;0;0;0;17|CM;1;52933;1;timeout;0;0;0;0;17
[RECV] BS2DCE notify: CM;1;52933;2;timeout;0;0;0;0;17|CM;1;52933;3;timeout;0;0;0;0;17|CM;1;52933;4;timeout;0;0;0;0;17
[RECV] BS2DCE notify: CM;1;52933;5;timeout;0;0;0;0;17|CM;1;52933;6;timeout;0;0;0;0;17|CM;1;52933;7;timeout;0;0;0;0;17
[RECV] BS2DCE notify: CR;1;52934;cal_roto;5;A;timeout;rx_timeout;0;0;0;0;0;0
[RECV] BS2DCE notify: CR;1;52934;cal_roto;5;B;timeout;rx_timeout;0;0;0;0;0;0
[RECV] BS2DCE notify: CR;1;52934;cal_roto;5;C;timeout;rx_timeout;0;0;0;0;0;0
[RECV] BS2DCE notify: CR;1;52934;cal_roto;5;D;timeout;rx_timeout;0;0;0;0;0;0
[RECV] BS2DCE notify: CR;1;52934;cal_roto;5;E;timeout;rx_timeout;0;0;0;0;0;0
[RECV] BS2DCE notify: CR;1;52934;cal_roto;5;F;timeout;rx_timeout;0;0;0;0;0;0
[RECV] BS2DCE notify: CR;1;52934;cal_roto;5;G;timeout;rx_timeout;0;0;0;0;0;0
[RECV] BSDC91 notify: CR;1;56562;cal_roto;5;B;timeout;rx_timeout;0;0;0;0;0;0
[RECV] BSDC91 notify: CR;1;56562;cal_roto;5;D;timeout;rx_timeout;0;0;0;0;0;0
[RECV] BSDC91 notify: CR;1;56562;cal_roto;5;E;timeout;rx_timeout;0;0;0;0;0;0
[RECV] BSDC91 notify: CR;1;56562;cal_roto;5;G;timeout;rx_timeout;0;0;0;0;0;0
[RECV] BSDC91 notify: CF;1;56562;cal_roto;5;pending;0;4;0;0;0;0
[RECV] BSDC91 notify: CS;1;56562;cal_roto;5;0;B,D,E,G;timeout,timeout,timeout,timeout;0,0,0,0
[RECV] BSF66F notify: CM;1;16892;4;timeout;0;0;0;0;9|CM;1;16892;5;timeout;0;0;0;0;9
[RECV] BSF66F notify: CR;1;16893;cal_static;4;E;timeout;rx_timeout;0;0;0;0;0;0
[RECV] BSF66F notify: CR;1;16893;cal_static;4;F;timeout;rx_timeout;0;0;0;0;0;0
[RECV] BSF66F notify: CR;1;16893;cal_static;4;G;timeout;rx_timeout;0;0;0;0;0;0
[RECV] BSF66F notify: CR;1;16893;cal_static;4;H;timeout;rx_timeout;0;0;0;0;0;0
[RECV] BSF66F notify: CF;1;16893;cal_static;4;pending;0;4;0;0;0;0
[RECV] BSF66F notify: CS;1;16893;cal_static;4;0;E,F,G,H;timeout,timeout,timeout,timeout;0,0,0,0
[RECV] BS2DCE notify: CM;1;52934;0;timeout;0;0;0;0;18|CM;1;52934;1;timeout;0;0;0;0;18|CM;1;52934;2;timeout;0;0;0;0;18
[RECV] BS2DCE notify: CM;1;52934;3;timeout;0;0;0;0;18|CM;1;52934;4;timeout;0;0;0;0;18|CM;1;52934;5;timeout;0;0;0;0;18
[RECV] BS2DCE notify: CR;1;52935;cal_roto;5;A;timeout;rx_timeout;0;0;0;0;0;0
[RECV] BS2DCE notify: CR;1;52935;cal_roto;5;B;timeout;rx_timeout;0;0;0;0;0;0
[RECV] BSDC91 notify: CM;1;56562;1;timeout;0;0;0;0;19|CM;1;56562;3;timeout;0;0;0;0;19
[RECV] BS2DCE notify: CR;1;52935;cal_roto;5;C;timeout;rx_timeout;0;0;0;0;0;0
[RECV] BS2DCE notify: CR;1;52935;cal_roto;5;D;timeout;rx_timeout;0;0;0;0;0;0
[RECV] BS2DCE notify: CR;1;52935;cal_roto;5;E;timeout;rx_timeout;0;0;0;0;0;0
[RECV] BS2DCE notify: CR;1;52935;cal_roto;5;F;timeout;rx_timeout;0;0;0;0;0;0
[RECV] BS2DCE notify: CR;1;52935;cal_roto;5;G;timeout;rx_timeout;0;0;0;0;0;0
[RECV] BS2DCE notify: CR;1;52935;cal_roto;5;H;timeout;rx_timeout;0;0;0;0;0;0
[RECV] BSDC91 notify: CR;1;56563;cal_roto;5;B;timeout;rx_timeout;0;0;0;0;0;0
[RECV] BSDC91 notify: CR;1;56563;cal_roto;5;D;timeout;rx_timeout;0;0;0;0;0;0
[RECV] BSDC91 notify: CR;1;56563;cal_roto;5;E;timeout;rx_timeout;0;0;0;0;0;0
[RECV] BSDC91 notify: CR;1;56563;cal_roto;5;G;timeout;rx_timeout;0;0;0;0;0;0
[RECV] BSF66F notify: CM;1;16893;0;timeout;0;0;0;0;9
[RECV] BSF66F notify: CM;1;16893;1;timeout;0;0;0;0;9|CM;1;16893;2;timeout;0;0;0;0;9|CM;1;16893;3;timeout;0;0;0;0;9
[RECV] BSF66F notify: CR;1;16894;cal_static;4;A;timeout;rx_timeout;0;0;0;0;0;0
[RECV] BSF66F notify: CR;1;16894;cal_static;4;B;timeout;rx_timeout;0;0;0;0;0;0
[RECV] BSDC91 notify: CF;1;56563;cal_roto;5;pending;0;4;0;0;0;0
[RECV] BSDC91 notify: CS;1;56563;cal_roto;5;0;B,D,E,G;timeout,timeout,timeout,timeout;0,0,0,0
[RECV] BSDC91 notify: CM;1;56563;3;timeout;0;0;0;0;20
[RECV] BSF66F notify: CR;1;16894;cal_static;4;C;timeout;rx_timeout;0;0;0;0;0;0
[RECV] BSF66F notify: CR;1;16894;cal_static;4;D;timeout;rx_timeout;0;0;0;0;0;0
[RECV] BSF66F notify: CF;1;16894;cal_static;4;pending;0;4;0;0;0;0
[RECV] BSF66F notify: CS;1;16894;cal_static;4;0;A,B,C,D;timeout,timeout,timeout,timeout;0,0,0,0
[RECV] BS2DCE notify: CM;1;52935;0;timeout;0;0;0;0;19
[RECV] BS2DCE notify: CM;1;52935;1;timeout;0;0;0;0;19|CM;1;52935;2;timeout;0;0;0;0;19|CM;1;52935;3;timeout;0;0;0;0;19
[RECV] BS2DCE notify: CM;1;52935;4;timeout;0;0;0;0;19|CM;1;52935;5;timeout;0;0;0;0;19|CM;1;52935;6;timeout;0;0;0;0;19
[RECV] BS2DCE notify: CR;1;52936;cal_roto;5;A;timeout;rx_timeout;0;0;0;0;0;0
[RECV] BS2DCE notify: CR;1;52936;cal_roto;5;B;timeout;rx_timeout;0;0;0;0;0;0
[RECV] BS2DCE notify: CR;1;52936;cal_roto;5;C;timeout;rx_timeout;0;0;0;0;0;0
[RECV] BS2DCE notify: CR;1;52936;cal_roto;5;D;timeout;rx_timeout;0;0;0;0;0;0
[RECV] BS2DCE notify: CR;1;52936;cal_roto;5;E;timeout;rx_timeout;0;0;0;0;0;0
[RECV] BS2DCE notify: CR;1;52936;cal_roto;5;F;timeout;rx_timeout;0;0;0;0;0;0
[RECV] BS2DCE notify: CR;1;52936;cal_roto;5;G;timeout;rx_timeout;0;0;0;0;0;0
[RECV] BSDC91 notify: CM;1;56563;1;timeout;0;0;0;0;20|CM;1;56563;4;timeout;0;0;0;0;20|CM;1;56563;6;timeout;0;0;0;0;20
[RECV] BSDC91 notify: CR;1;56564;cal_roto;5;D;timeout;rx_timeout;0;0;0;0;0;0
[RECV] BSDC91 notify: CR;1;56564;cal_roto;5;B;timeout;rx_timeout;0;0;0;0;0;0
[RECV] BSDC91 notify: CR;1;56564;cal_roto;5;E;timeout;rx_timeout;0;0;0;0;0;0
[RECV] BSDC91 notify: CR;1;56564;cal_roto;5;G;timeout;rx_timeout;0;0;0;0;0;0
[RECV] BSDC91 notify: CF;1;56564;cal_roto;5;pending;0;4;0;0;0;0
[RECV] BSDC91 notify: CS;1;56564;cal_roto;5;0;D,B,E,G;timeout,timeout,timeout,timeout;0,0,0,0
[RECV] BSF66F notify: CM;1;16894;4;timeout;0;0;0;0;10|CM;1;16894;5;timeout;0;0;0;0;10|CM;1;16894;6;timeout;0;0;0;0;10
[RECV] BSF66F notify: CR;1;16895;cal_static;4;E;timeout;rx_timeout;0;0;0;0;0;0
[RECV] BSF66F notify: CR;1;16895;cal_static;4;F;timeout;rx_timeout;0;0;0;0;0;0
[RECV] BSF66F notify: CR;1;16895;cal_static;4;G;timeout;rx_timeout;0;0;0;0;0;0
[RECV] BSF66F notify: CR;1;16895;cal_static;4;H;timeout;rx_timeout;0;0;0;0;0;0
[RECV] BSF66F notify: CF;1;16895;cal_static;4;pending;0;4;0;0;0;0
[RECV] BSF66F notify: CS;1;16895;cal_static;4;0;E,F,G,H;timeout,timeout,timeout,timeout;0,0,0,0
[RECV] BSDC91 notify: CM;1;56564;1;timeout;0;0;0;0;21|CM;1;56564;3;timeout;0;0;0;0;21|CM;1;56564;4;timeout;0;0;0;0;21
[RECV] BS2DCE notify: CM;1;52936;0;timeout;0;0;0;0;20|CM;1;52936;1;timeout;0;0;0;0;20
[RECV] BS2DCE notify: CM;1;52936;2;timeout;0;0;0;0;20|CM;1;52936;3;timeout;0;0;0;0;20|CM;1;52936;4;timeout;0;0;0;0;20
[RECV] BS2DCE notify: CM;1;52936;5;timeout;0;0;0;0;20|CM;1;52936;6;timeout;0;0;0;0;20|CM;1;52936;7;timeout;0;0;0;0;20
[RECV] BS2DCE notify: CR;1;52937;cal_roto;5;A;timeout;rx_timeout;0;0;0;0;0;0
[RECV] BS2DCE notify: CR;1;52937;cal_roto;5;B;timeout;rx_timeout;0;0;0;0;0;0
[RECV] BS2DCE notify: CR;1;52937;cal_roto;5;C;timeout;rx_timeout;0;0;0;0;0;0
[RECV] BS2DCE notify: CR;1;52937;cal_roto;5;D;timeout;rx_timeout;0;0;0;0;0;0
[RECV] BS2DCE notify: CR;1;52937;cal_roto;5;E;timeout;rx_timeout;0;0;0;0;0;0
[RECV] BS2DCE notify: CR;1;52937;cal_roto;5;F;timeout;rx_timeout;0;0;0;0;0;0
[RECV] BS2DCE notify: CR;1;52937;cal_roto;5;G;timeout;rx_timeout;0;0;0;0;0;0
[RECV] BSDC91 notify: CR;1;56565;cal_roto;5;D;timeout;rx_timeout;0;0;0;0;0;0
[RECV] BSDC91 notify: CR;1;56565;cal_roto;5;B;timeout;rx_timeout;0;0;0;0;0;0
[RECV] BSDC91 notify: CR;1;56565;cal_roto;5;E;timeout;rx_timeout;0;0;0;0;0;0
[RECV] BSDC91 notify: CR;1;56565;cal_roto;5;G;timeout;rx_timeout;0;0;0;0;0;0
[RECV] BSDC91 notify: CF;1;56565;cal_roto;5;pending;0;4;0;0;0;0
[RECV] BSDC91 notify: CS;1;56565;cal_roto;5;0;D,B,E,G;timeout,timeout,timeout,timeout;0,0,0,0
[RECV] BSF66F notify: CM;1;16895;0;timeout;0;0;0;0;10|CM;1;16895;1;timeout;0;0;0;0;10
[RECV] BSF66F notify: CR;1;16896;cal_static;4;A;timeout;rx_timeout;0;0;0;0;0;0
[RECV] BSF66F notify: CR;1;16896;cal_static;4;B;timeout;rx_timeout;0;0;0;0;0;0
[RECV] BSF66F notify: CR;1;16896;cal_static;4;C;timeout;rx_timeout;0;0;0;0;0;0
[RECV] BS2DCE notify: CM;1;52937;1;timeout;0;0;0;0;21|CM;1;52937;3;timeout;0;0;0;0;21|CM;1;52937;4;timeout;0;0;0;0;21
[RECV] BSF66F notify: CR;1;16896;cal_static;4;D;timeout;rx_timeout;0;0;0;0;0;0
[RECV] BSF66F notify: CF;1;16896;cal_static;4;pending;0;4;0;0;0;0
[RECV] BSF66F notify: CS;1;16896;cal_static;4;0;A,B,C,D;timeout,timeout,timeout,timeout;0,0,0,0
[RECV] BSDC91 notify: CM;1;56565;1;timeout;0;0;0;0;22|CM;1;56565;3;timeout;0;0;0;0;22
[RECV] BS2DCE notify: CR;1;52938;cal_roto;5;B;timeout;rx_timeout;0;0;0;0;0;0
[RECV] BS2DCE notify: CR;1;52938;cal_roto;5;D;timeout;rx_timeout;0;0;0;0;0;0
[RECV] BS2DCE notify: CR;1;52938;cal_roto;5;E;timeout;rx_timeout;0;0;0;0;0;0
[RECV] BS2DCE notify: CR;1;52938;cal_roto;5;G;timeout;rx_timeout;0;0;0;0;0;0
[RECV] BS2DCE notify: CF;1;52938;cal_roto;5;pending;0;4;0;0;0;0
[RECV] BS2DCE notify: CS;1;52938;cal_roto;5;0;B,D,E,G;timeout,timeout,timeout,timeout;0,0,0,0
[RECV] BSDC91 notify: CR;1;56566;cal_roto;5;B;timeout;rx_timeout;0;0;0;0;0;0
[RECV] BSDC91 notify: CR;1;56566;cal_roto;5;D;timeout;rx_timeout;0;0;0;0;0;0
[RECV] BSDC91 notify: CR;1;56566;cal_roto;5;E;timeout;rx_timeout;0;0;0;0;0;0
[RECV] BSDC91 notify: CR;1;56566;cal_roto;5;G;timeout;rx_timeout;0;0;0;0;0;0
[RECV] BSDC91 notify: CF;1;56566;cal_roto;5;pending;0;4;0;0;0;0
[RECV] BS2DCE notify: CM;1;52938;1;timeout;0;0;0;0;22|CM;1;52938;3;timeout;0;0;0;0;22
[RECV] BSDC91 notify: CS;1;56566;cal_roto;5;0;B,D,E,G;timeout,timeout,timeout,timeout;0,0,0,0
[RECV] BSF66F notify: CM;1;16896;4;timeout;0;0;0;0;11
[RECV] BSF66F notify: CM;1;16896;5;timeout;0;0;0;0;11|CM;1;16896;6;timeout;0;0;0;0;11|CM;1;16896;7;timeout;0;0;0;0;11
[RECV] BSF66F notify: CR;1;16897;cal_static;4;E;timeout;rx_timeout;0;0;0;0;0;0
[RECV] BSF66F notify: CR;1;16897;cal_static;4;F;timeout;rx_timeout;0;0;0;0;0;0
[RECV] BSF66F notify: CR;1;16897;cal_static;4;G;timeout;rx_timeout;0;0;0;0;0;0
[RECV] BSF66F notify: CR;1;16897;cal_static;4;H;timeout;rx_timeout;0;0;0;0;0;0
[RECV] BSF66F notify: CF;1;16897;cal_static;4;pending;0;4;0;0;0;0
[RECV] BSF66F notify: CS;1;16897;cal_static;4;0;E,F,G,H;timeout,timeout,timeout,timeout;0,0,0,0
[RECV] BSDC91 notify: CM;1;56566;1;timeout;0;0;0;0;23
[RECV] BS2DCE notify: CR;1;52939;cal_roto;5;B;timeout;rx_timeout;0;0;0;0;0;0
[RECV] BS2DCE notify: CR;1;52939;cal_roto;5;D;timeout;rx_timeout;0;0;0;0;0;0
[RECV] BS2DCE notify: CR;1;52939;cal_roto;5;E;timeout;rx_timeout;0;0;0;0;0;0
[RECV] BS2DCE notify: CR;1;52939;cal_roto;5;G;timeout;rx_timeout;0;0;0;0;0;0
[RECV] BS2DCE notify: CF;1;52939;cal_roto;5;pending;0;4;0;0;0;0
[RECV] BS2DCE notify: CS;1;52939;cal_roto;5;0;B,D,E,G;timeout,timeout,timeout,timeout;0,0,0,0
[RECV] BSDC91 notify: CM;1;56566;3;timeout;0;0;0;0;23|CM;1;56566;4;timeout;0;0;0;0;23|CM;1;56566;6;timeout;0;0;0;0;23
[RECV] BSDC91 notify: CR;1;56567;cal_roto;5;B;timeout;rx_timeout;0;0;0;0;0;0
[RECV] BSDC91 notify: CR;1;56567;cal_roto;5;D;timeout;rx_timeout;0;0;0;0;0;0
[RECV] BSDC91 notify: CR;1;56567;cal_roto;5;G;timeout;rx_timeout;0;0;0;0;0;0
[RECV] BSDC91 notify: CR;1;56567;cal_roto;5;E;timeout;rx_timeout;0;0;0;0;0;0
[RECV] BSDC91 notify: CF;1;56567;cal_roto;5;pending;0;4;0;0;0;0
[RECV] BSDC91 notify: CS;1;56567;cal_roto;5;0;B,D,G,E;timeout,timeout,timeout,timeout;0,0,0,0
[RECV] BS2DCE notify: CM;1;52939;3;timeout;0;0;0;0;23
[RECV] BSF66F notify: CM;1;16897;0;timeout;0;0;0;0;11|CM;1;16897;1;timeout;0;0;0;0;11|CM;1;16897;2;timeout;0;0;0;0;11
[RECV] BSF66F notify: CR;1;16898;cal_static;4;A;timeout;rx_timeout;0;0;0;0;0;0
[RECV] BSF66F notify: CR;1;16898;cal_static;4;B;timeout;rx_timeout;0;0;0;0;0;0
[RECV] BSF66F notify: CR;1;16898;cal_static;4;C;timeout;rx_timeout;0;0;0;0;0;0
[RECV] BSDC91 notify: CM;1;56567;1;timeout;0;0;0;0;24|CM;1;56567;3;timeout;0;0;0;0;24|CM;1;56567;6;timeout;0;0;0;0;24
[RECV] BSF66F notify: CR;1;16898;cal_static;4;D;timeout;rx_timeout;0;0;0;0;0;0
[RECV] BSF66F notify: CF;1;16898;cal_static;4;pending;0;4;0;0;0;0
[RECV] BSF66F notify: CS;1;16898;cal_static;4;0;A,B,C,D;timeout,timeout,timeout,timeout;0,0,0,0
[RECV] BS2DCE notify: CM;1;52939;1;timeout;0;0;0;0;23|CM;1;52939;4;timeout;0;0;0;0;23|CM;1;52939;6;timeout;0;0;0;0;23
[RECV] BS2DCE notify: CR;1;52940;cal_roto;5;D;timeout;rx_timeout;0;0;0;0;0;0
[RECV] BS2DCE notify: CR;1;52940;cal_roto;5;B;timeout;rx_timeout;0;0;0;0;0;0
[RECV] BS2DCE notify: CR;1;52940;cal_roto;5;E;timeout;rx_timeout;0;0;0;0;0;0
[RECV] BS2DCE notify: CR;1;52940;cal_roto;5;G;timeout;rx_timeout;0;0;0;0;0;0
[RECV] BS2DCE notify: CF;1;52940;cal_roto;5;pending;0;4;0;0;0;0
[RECV] BS2DCE notify: CS;1;52940;cal_roto;5;0;D,B,E,G;timeout,timeout,timeout,timeout;0,0,0,0
[RECV] BSDC91 notify: CR;1;56568;cal_roto;5;B;timeout;rx_timeout;0;0;0;0;0;0
[RECV] BSDC91 notify: CR;1;56568;cal_roto;5;D;timeout;rx_timeout;0;0;0;0;0;0
[RECV] BSDC91 notify: CR;1;56568;cal_roto;5;G;timeout;rx_timeout;0;0;0;0;0;0
[RECV] BSDC91 notify: CR;1;56568;cal_roto;5;E;timeout;rx_timeout;0;0;0;0;0;0
[RECV] BSDC91 notify: CF;1;56568;cal_roto;5;pending;0;4;0;0;0;0
[RECV] BSDC91 notify: CS;1;56568;cal_roto;5;0;B,D,G,E;timeout,timeout,timeout,timeout;0,0,0,0
[RECV] BSF66F notify: CM;1;16898;4;timeout;0;0;0;0;12|CM;1;16898;5;timeout;0;0;0;0;12
[RECV] BSF66F notify: CR;1;16899;cal_static;4;E;timeout;rx_timeout;0;0;0;0;0;0
[RECV] BSF66F notify: CR;1;16899;cal_static;4;F;timeout;rx_timeout;0;0;0;0;0;0
[RECV] BSF66F notify: CR;1;16899;cal_static;4;G;timeout;rx_timeout;0;0;0;0;0;0
[RECV] BS2DCE notify: CM;1;52940;1;timeout;0;0;0;0;24|CM;1;52940;3;timeout;0;0;0;0;24|CM;1;52940;4;timeout;0;0;0;0;24
[RECV] BSF66F notify: CR;1;16899;cal_static;4;H;timeout;rx_timeout;0;0;0;0;0;0
[RECV] BSF66F notify: CF;1;16899;cal_static;4;pending;0;4;0;0;0;0
[RECV] BSF66F notify: CS;1;16899;cal_static;4;0;E,F,G,H;timeout,timeout,timeout,timeout;0,0,0,0
[RECV] BSDC91 notify: CM;1;56568;1;timeout;0;0;0;0;25|CM;1;56568;3;timeout;0;0;0;0;25
[RECV] BS2DCE notify: CR;1;52941;cal_roto;5;D;timeout;rx_timeout;0;0;0;0;0;0
[RECV] BS2DCE notify: CR;1;52941;cal_roto;5;B;timeout;rx_timeout;0;0;0;0;0;0
[RECV] BS2DCE notify: CR;1;52941;cal_roto;5;E;timeout;rx_timeout;0;0;0;0;0;0
[RECV] BS2DCE notify: CR;1;52941;cal_roto;5;G;timeout;rx_timeout;0;0;0;0;0;0
[RECV] BS2DCE notify: CF;1;52941;cal_roto;5;pending;0;4;0;0;0;0
[RECV] BS2DCE notify: CS;1;52941;cal_roto;5;0;D,B,E,G;timeout,timeout,timeout,timeout;0,0,0,0
[RECV] BSDC91 notify: CR;1;56569;cal_roto;5;B;timeout;rx_timeout;0;0;0;0;0;0
[RECV] BSDC91 notify: CR;1;56569;cal_roto;5;D;timeout;rx_timeout;0;0;0;0;0;0
[RECV] BSDC91 notify: CR;1;56569;cal_roto;5;E;timeout;rx_timeout;0;0;0;0;0;0
[RECV] BSDC91 notify: CR;1;56569;cal_roto;5;G;timeout;rx_timeout;0;0;0;0;0;0
[RECV] BSDC91 notify: CF;1;56569;cal_roto;5;pending;0;4;0;0;0;0
[RECV] BS2DCE notify: CM;1;52941;1;timeout;0;0;0;0;25|CM;1;52941;3;timeout;0;0;0;0;25
[RECV] BSDC91 notify: CS;1;56569;cal_roto;5;0;B,D,E,G;timeout,timeout,timeout,timeout;0,0,0,0
[RECV] BSF66F notify: CM;1;16899;0;timeout;0;0;0;0;12
[RECV] BSF66F notify: CM;1;16899;1;timeout;0;0;0;0;12|CM;1;16899;2;timeout;0;0;0;0;12|CM;1;16899;3;timeout;0;0;0;0;12
[RECV] BSF66F notify: CR;1;16900;cal_static;4;A;timeout;rx_timeout;0;0;0;0;0;0
[RECV] BSF66F notify: CR;1;16900;cal_static;4;B;timeout;rx_timeout;0;0;0;0;0;0
[RECV] BSDC91 notify: CM;1;56569;1;timeout;0;0;0;0;26
[RECV] BSF66F notify: CR;1;16900;cal_static;4;C;timeout;rx_timeout;0;0;0;0;0;0
[RECV] BSF66F notify: CR;1;16900;cal_static;4;D;timeout;rx_timeout;0;0;0;0;0;0
[RECV] BSF66F notify: CF;1;16900;cal_static;4;pending;0;4;0;0;0;0
[RECV] BSF66F notify: CS;1;16900;cal_static;4;0;A,B,C,D;timeout,timeout,timeout,timeout;0,0,0,0
[RECV] BS2DCE notify: CR;1;52942;cal_roto;5;B;timeout;rx_timeout;0;0;0;0;0;0
[RECV] BS2DCE notify: CR;1;52942;cal_roto;5;D;timeout;rx_timeout;0;0;0;0;0;0
[RECV] BS2DCE notify: CR;1;52942;cal_roto;5;E;timeout;rx_timeout;0;0;0;0;0;0
[RECV] BS2DCE notify: CR;1;52942;cal_roto;5;G;timeout;rx_timeout;0;0;0;0;0;0
[RECV] BS2DCE notify: CF;1;52942;cal_roto;5;pending;0;4;0;0;0;0
[RECV] BS2DCE notify: CS;1;52942;cal_roto;5;0;B,D,E,G;timeout,timeout,timeout,timeout;0,0,0,0
[RECV] BSDC91 notify: CM;1;56569;3;timeout;0;0;0;0;26|CM;1;56569;4;timeout;0;0;0;0;26|CM;1;56569;6;timeout;0;0;0;0;26
[RECV] BSDC91 notify: CR;1;56570;cal_roto;5;B;timeout;rx_timeout;0;0;0;0;0;0
[RECV] BSDC91 notify: CR;1;56570;cal_roto;5;D;timeout;rx_timeout;0;0;0;0;0;0
[RECV] BSDC91 notify: CR;1;56570;cal_roto;5;E;timeout;rx_timeout;0;0;0;0;0;0
[RECV] BSDC91 notify: CR;1;56570;cal_roto;5;G;timeout;rx_timeout;0;0;0;0;0;0
[RECV] BSDC91 notify: CF;1;56570;cal_roto;5;pending;0;4;0;0;0;0
[RECV] BSDC91 notify: CS;1;56570;cal_roto;5;0;B,D,E,G;timeout,timeout,timeout,timeout;0,0,0,0
[RECV] BSF66F notify: CM;1;16900;4;timeout;0;0;0;0;13|CM;1;16900;5;timeout;0;0;0;0;13|CM;1;16900;6;timeout;0;0;0;0;13
[RECV] BSF66F notify: CR;1;16901;cal_static;4;E;timeout;rx_timeout;0;0;0;0;0;0
[RECV] BSF66F notify: CR;1;16901;cal_static;4;F;timeout;rx_timeout;0;0;0;0;0;0
[RECV] BSF66F notify: CR;1;16901;cal_static;4;G;timeout;rx_timeout;0;0;0;0;0;0
[RECV] BS2DCE notify: CM;1;52942;1;timeout;0;0;0;0;26
[RECV] BSF66F notify: CR;1;16901;cal_static;4;H;timeout;rx_timeout;0;0;0;0;0;0
[RECV] BSF66F notify: CF;1;16901;cal_static;4;pending;0;4;0;0;0;0
[RECV] BSF66F notify: CS;1;16901;cal_static;4;0;E,F,G,H;timeout,timeout,timeout,timeout;0,0,0,0
[RECV] BSDC91 notify: CM;1;56570;1;timeout;0;0;0;0;27|CM;1;56570;3;timeout;0;0;0;0;27|CM;1;56570;4;timeout;0;0;0;0;27
[RECV] BS2DCE notify: CM;1;52942;3;timeout;0;0;0;0;26|CM;1;52942;4;timeout;0;0;0;0;26|CM;1;52942;6;timeout;0;0;0;0;26
[RECV] BS2DCE notify: CR;1;52943;cal_roto;5;B;timeout;rx_timeout;0;0;0;0;0;0
[RECV] BS2DCE notify: CR;1;52943;cal_roto;5;D;timeout;rx_timeout;0;0;0;0;0;0
[RECV] BS2DCE notify: CR;1;52943;cal_roto;5;G;timeout;rx_timeout;0;0;0;0;0;0
[RECV] BSDC91 notify: CR;1;56571;cal_roto;5;B;timeout;rx_timeout;0;0;0;0;0;0
[RECV] BSDC91 notify: CR;1;56571;cal_roto;5;D;timeout;rx_timeout;0;0;0;0;0;0
[RECV] BSDC91 notify: CR;1;56571;cal_roto;5;E;timeout;rx_timeout;0;0;0;0;0;0
[RECV] BSDC91 notify: CR;1;56571;cal_roto;5;G;timeout;rx_timeout;0;0;0;0;0;0
[RECV] BSDC91 notify: CF;1;56571;cal_roto;5;pending;0;4;0;0;0;0
[RECV] BS2DCE notify: CR;1;52943;cal_roto;5;E;timeout;rx_timeout;0;0;0;0;0;0
[RECV] BS2DCE notify: CF;1;52943;cal_roto;5;pending;0;4;0;0;0;0
[RECV] BS2DCE notify: CS;1;52943;cal_roto;5;0;B,D,G,E;timeout,timeout,timeout,timeout;0,0,0,0
[RECV] BSDC91 notify: CS;1;56571;cal_roto;5;0;B,D,E,G;timeout,timeout,timeout,timeout;0,0,0,0
[RECV] BS2DCE notify: CM;1;52943;1;timeout;0;0;0;0;27|CM;1;52943;3;timeout;0;0;0;0;27|CM;1;52943;6;timeout;0;0;0;0;27
[RECV] BSF66F notify: CM;1;16901;0;timeout;0;0;0;0;13|CM;1;16901;1;timeout;0;0;0;0;13
[RECV] BSF66F notify: CR;1;16902;cal_static;4;A;timeout;rx_timeout;0;0;0;0;0;0
[RECV] BSF66F notify: CR;1;16902;cal_static;4;B;timeout;rx_timeout;0;0;0;0;0;0
[RECV] BSF66F notify: CR;1;16902;cal_static;4;C;timeout;rx_timeout;0;0;0;0;0;0
[RECV] BSF66F notify: CR;1;16902;cal_static;4;D;timeout;rx_timeout;0;0;0;0;0;0
[RECV] BSF66F notify: CF;1;16902;cal_static;4;pending;0;4;0;0;0;0
[RECV] BSDC91 notify: CM;1;56571;1;timeout;0;0;0;0;28|CM;1;56571;3;timeout;0;0;0;0;28
[RECV] BSF66F notify: CS;1;16902;cal_static;4;0;A,B,C,D;timeout,timeout,timeout,timeout;0,0,0,0
[RECV] BS2DCE notify: CR;1;52944;cal_roto;5;B;timeout;rx_timeout;0;0;0;0;0;0
[RECV] BS2DCE notify: CR;1;52944;cal_roto;5;D;timeout;rx_timeout;0;0;0;0;0;0
[RECV] BS2DCE notify: CR;1;52944;cal_roto;5;G;timeout;rx_timeout;0;0;0;0;0;0
[RECV] BS2DCE notify: CR;1;52944;cal_roto;5;E;timeout;rx_timeout;0;0;0;0;0;0
[RECV] BS2DCE notify: CF;1;52944;cal_roto;5;pending;0;4;0;0;0;0
[RECV] BS2DCE notify: CS;1;52944;cal_roto;5;0;B,D,G,E;timeout,timeout,timeout,timeout;0,0,0,0
[RECV] BSDC91 notify: CR;1;56572;cal_roto;5;D;timeout;rx_timeout;0;0;0;0;0;0
[RECV] BSDC91 notify: CR;1;56572;cal_roto;5;B;timeout;rx_timeout;0;0;0;0;0;0
[RECV] BSDC91 notify: CR;1;56572;cal_roto;5;E;timeout;rx_timeout;0;0;0;0;0;0
[RECV] BSDC91 notify: CR;1;56572;cal_roto;5;G;timeout;rx_timeout;0;0;0;0;0;0
[RECV] BSDC91 notify: CF;1;56572;cal_roto;5;pending;0;4;0;0;0;0
[RECV] BSDC91 notify: CS;1;56572;cal_roto;5;0;D,B,E,G;timeout,timeout,timeout,timeout;0,0,0,0
[RECV] BS2DCE notify: CM;1;52944;1;timeout;0;0;0;0;28|CM;1;52944;3;timeout;0;0;0;0;28
[RECV] BSF66F notify: CM;1;16902;4;timeout;0;0;0;0;14
[RECV] BSF66F notify: CM;1;16902;5;timeout;0;0;0;0;14|CM;1;16902;6;timeout;0;0;0;0;14|CM;1;16902;7;timeout;0;0;0;0;14
[RECV] BSF66F notify: CR;1;16903;cal_static;4;E;timeout;rx_timeout;0;0;0;0;0;0
[RECV] BSF66F notify: CR;1;16903;cal_static;4;F;timeout;rx_timeout;0;0;0;0;0;0
[RECV] BSF66F notify: CR;1;16903;cal_static;4;G;timeout;rx_timeout;0;0;0;0;0;0
[RECV] BSF66F notify: CR;1;16903;cal_static;4;H;timeout;rx_timeout;0;0;0;0;0;0
[RECV] BSF66F notify: CF;1;16903;cal_static;4;pending;0;4;0;0;0;0
[RECV] BSF66F notify: CS;1;16903;cal_static;4;0;E,F,G,H;timeout,timeout,timeout,timeout;0,0,0,0
[RECV] BSDC91 notify: CM;1;56572;3;timeout;0;0;0;0;29
[RECV] BS2DCE notify: CR;1;52945;cal_roto;5;B;timeout;rx_timeout;0;0;0;0;0;0
[RECV] BS2DCE notify: CR;1;52945;cal_roto;5;D;timeout;rx_timeout;0;0;0;0;0;0
[RECV] BS2DCE notify: CR;1;52945;cal_roto;5;E;timeout;rx_timeout;0;0;0;0;0;0
[RECV] BS2DCE notify: CR;1;52945;cal_roto;5;G;timeout;rx_timeout;0;0;0;0;0;0
[RECV] BS2DCE notify: CF;1;52945;cal_roto;5;pending;0;4;0;0;0;0
[RECV] BS2DCE notify: CS;1;52945;cal_roto;5;0;B,D,E,G;timeout,timeout,timeout,timeout;0,0,0,0
[RECV] BSDC91 notify: CM;1;56572;1;timeout;0;0;0;0;29|CM;1;56572;4;timeout;0;0;0;0;29|CM;1;56572;6;timeout;0;0;0;0;29
[RECV] BSDC91 notify: CR;1;56573;cal_roto;5;D;timeout;rx_timeout;0;0;0;0;0;0
[RECV] BSDC91 notify: CR;1;56573;cal_roto;5;B;timeout;rx_timeout;0;0;0;0;0;0
[RECV] BSDC91 notify: CR;1;56573;cal_roto;5;E;timeout;rx_timeout;0;0;0;0;0;0
[RECV] BSDC91 notify: CR;1;56573;cal_roto;5;G;timeout;rx_timeout;0;0;0;0;0;0
[RECV] BSDC91 notify: CF;1;56573;cal_roto;5;pending;0;4;0;0;0;0
[RECV] BSDC91 notify: CS;1;56573;cal_roto;5;0;D,B,E,G;timeout,timeout,timeout,timeout;0,0,0,0
[RECV] BSF66F notify: CM;1;16903;0;timeout;0;0;0;0;14|CM;1;16903;1;timeout;0;0;0;0;14|CM;1;16903;2;timeout;0;0;0;0;14
[RECV] BSF66F notify: CR;1;16904;cal_static;4;A;timeout;rx_timeout;0;0;0;0;0;0
[RECV] BSF66F notify: CR;1;16904;cal_static;4;B;timeout;rx_timeout;0;0;0;0;0;0
[RECV] BSF66F notify: CR;1;16904;cal_static;4;C;timeout;rx_timeout;0;0;0;0;0;0
[RECV] BS2DCE notify: CM;1;52945;1;timeout;0;0;0;0;29
[RECV] BSF66F notify: CR;1;16904;cal_static;4;D;timeout;rx_timeout;0;0;0;0;0;0
[RECV] BSF66F notify: CF;1;16904;cal_static;4;pending;0;4;0;0;0;0
[RECV] BSF66F notify: CS;1;16904;cal_static;4;0;A,B,C,D;timeout,timeout,timeout,timeout;0,0,0,0
[RECV] BSDC91 notify: CM;1;56573;1;timeout;0;0;0;0;30|CM;1;56573;3;timeout;0;0;0;0;30|CM;1;56573;4;timeout;0;0;0;0;30
[RECV] BS2DCE notify: CM;1;52945;3;timeout;0;0;0;0;29|CM;1;52945;4;timeout;0;0;0;0;29|CM;1;52945;6;timeout;0;0;0;0;29
[RECV] BS2DCE notify: CR;1;52946;cal_roto;5;B;timeout;rx_timeout;0;0;0;0;0;0
[RECV] BS2DCE notify: CR;1;52946;cal_roto;5;D;timeout;rx_timeout;0;0;0;0;0;0
[RECV] BS2DCE notify: CR;1;52946;cal_roto;5;E;timeout;rx_timeout;0;0;0;0;0;0
[RECV] BS2DCE notify: CR;1;52946;cal_roto;5;G;timeout;rx_timeout;0;0;0;0;0;0
[RECV] BS2DCE notify: CF;1;52946;cal_roto;5;pending;0;4;0;0;0;0
[RECV] BS2DCE notify: CS;1;52946;cal_roto;5;0;B,D,E,G;timeout,timeout,timeout,timeout;0,0,0,0
[RECV] BSDC91 notify: CR;1;56574;cal_roto;5;B;timeout;rx_timeout;0;0;0;0;0;0
[RECV] BSDC91 notify: CR;1;56574;cal_roto;5;D;timeout;rx_timeout;0;0;0;0;0;0
[RECV] BSDC91 notify: CR;1;56574;cal_roto;5;E;timeout;rx_timeout;0;0;0;0;0;0
[RECV] BSDC91 notify: CR;1;56574;cal_roto;5;G;timeout;rx_timeout;0;0;0;0;0;0
[RECV] BSDC91 notify: CF;1;56574;cal_roto;5;pending;0;4;0;0;0;0
[RECV] BSDC91 notify: CS;1;56574;cal_roto;5;0;B,D,E,G;timeout,timeout,timeout,timeout;0,0,0,0
[RECV] BSF66F notify: CM;1;16904;4;timeout;0;0;0;0;15|CM;1;16904;5;timeout;0;0;0;0;15
[RECV] BSF66F notify: CR;1;16905;cal_static;4;E;timeout;rx_timeout;0;0;0;0;0;0
[RECV] BSF66F notify: CR;1;16905;cal_static;4;F;timeout;rx_timeout;0;0;0;0;0;0
[RECV] BSF66F notify: CR;1;16905;cal_static;4;G;timeout;rx_timeout;0;0;0;0;0;0
[RECV] BS2DCE notify: CM;1;52946;1;timeout;0;0;0;0;30|CM;1;52946;3;timeout;0;0;0;0;30|CM;1;52946;4;timeout;0;0;0;0;30
[RECV] BSF66F notify: CR;1;16905;cal_static;4;H;timeout;rx_timeout;0;0;0;0;0;0
[RECV] BSF66F notify: CF;1;16905;cal_static;4;pending;0;4;0;0;0;0
[RECV] BSF66F notify: CS;1;16905;cal_static;4;0;E,F,G,H;timeout,timeout,timeout,timeout;0,0,0,0
[RECV] BSDC91 notify: CM;1;56574;1;timeout;0;0;0;0;31|CM;1;56574;3;timeout;0;0;0;0;31
[RECV] BS2DCE notify: CR;1;52947;cal_roto;5;B;timeout;rx_timeout;0;0;0;0;0;0
[RECV] BS2DCE notify: CR;1;52947;cal_roto;5;D;timeout;rx_timeout;0;0;0;0;0;0
[RECV] BS2DCE notify: CR;1;52947;cal_roto;5;E;timeout;rx_timeout;0;0;0;0;0;0
[RECV] BS2DCE notify: CR;1;52947;cal_roto;5;G;timeout;rx_timeout;0;0;0;0;0;0
[RECV] BS2DCE notify: CF;1;52947;cal_roto;5;pending;0;4;0;0;0;0
[RECV] BS2DCE notify: CS;1;52947;cal_roto;5;0;B,D,E,G;timeout,timeout,timeout,timeout;0,0,0,0
[RECV] BSDC91 notify: CR;1;56575;cal_roto;5;B;timeout;rx_timeout;0;0;0;0;0;0
[RECV] BSDC91 notify: CR;1;56575;cal_roto;5;D;timeout;rx_timeout;0;0;0;0;0;0
[RECV] BSDC91 notify: CR;1;56575;cal_roto;5;G;timeout;rx_timeout;0;0;0;0;0;0
[RECV] BSDC91 notify: CR;1;56575;cal_roto;5;E;timeout;rx_timeout;0;0;0;0;0;0
[RECV] BSDC91 notify: CF;1;56575;cal_roto;5;pending;0;4;0;0;0;0
[RECV] BSDC91 notify: CS;1;56575;cal_roto;5;0;B,D,G,E;timeout,timeout,timeout,timeout;0,0,0,0
[RECV] BSF66F notify: CM;1;16905;0;timeout;0;0;0;0;15
[RECV] BSF66F notify: CM;1;16905;1;timeout;0;0;0;0;15|CM;1;16905;2;timeout;0;0;0;0;15|CM;1;16905;3;timeout;0;0;0;0;15
[RECV] BSF66F notify: CR;1;16906;cal_static;4;A;timeout;rx_timeout;0;0;0;0;0;0
[RECV] BSF66F notify: CR;1;16906;cal_static;4;B;timeout;rx_timeout;0;0;0;0;0;0
[RECV] BS2DCE notify: CM;1;52947;1;timeout;0;0;0;0;31|CM;1;52947;3;timeout;0;0;0;0;31
[RECV] BSF66F notify: CR;1;16906;cal_static;4;C;timeout;rx_timeout;0;0;0;0;0;0
[RECV] BSF66F notify: CR;1;16906;cal_static;4;D;timeout;rx_timeout;0;0;0;0;0;0
[RECV] BSF66F notify: CF;1;16906;cal_static;4;pending;0;4;0;0;0;0
[RECV] BSF66F notify: CS;1;16906;cal_static;4;0;A,B,C,D;timeout,timeout,timeout,timeout;0,0,0,0
[RECV] BSDC91 notify: CM;1;56575;1;timeout;0;0;0;0;32
[RECV] BS2DCE notify: CR;1;52948;cal_roto;5;D;timeout;rx_timeout;0;0;0;0;0;0
[RECV] BS2DCE notify: CR;1;52948;cal_roto;5;B;timeout;rx_timeout;0;0;0;0;0;0
[RECV] BS2DCE notify: CR;1;52948;cal_roto;5;E;timeout;rx_timeout;0;0;0;0;0;0
[RECV] BS2DCE notify: CR;1;52948;cal_roto;5;G;timeout;rx_timeout;0;0;0;0;0;0
[RECV] BS2DCE notify: CF;1;52948;cal_roto;5;pending;0;4;0;0;0;0
[RECV] BS2DCE notify: CS;1;52948;cal_roto;5;0;D,B,E,G;timeout,timeout,timeout,timeout;0,0,0,0
[RECV] BSDC91 notify: CM;1;56575;3;timeout;0;0;0;0;32|CM;1;56575;4;timeout;0;0;0;0;32|CM;1;56575;6;timeout;0;0;0;0;32
[RECV] BSDC91 notify: CR;1;56576;cal_roto;5;B;timeout;rx_timeout;0;0;0;0;0;0
[RECV] BSDC91 notify: CR;1;56576;cal_roto;5;D;timeout;rx_timeout;0;0;0;0;0;0
[RECV] BSDC91 notify: CR;1;56576;cal_roto;5;G;timeout;rx_timeout;0;0;0;0;0;0
[RECV] BSDC91 notify: CR;1;56576;cal_roto;5;E;timeout;rx_timeout;0;0;0;0;0;0
[RECV] BSDC91 notify: CF;1;56576;cal_roto;5;pending;0;4;0;0;0;0
[RECV] BSDC91 notify: CS;1;56576;cal_roto;5;0;B,D,G,E;timeout,timeout,timeout,timeout;0,0,0,0
[RECV] BS2DCE notify: CM;1;52948;3;timeout;0;0;0;0;32
[RECV] BSF66F notify: CM;1;16906;4;timeout;0;0;0;0;16|CM;1;16906;5;timeout;0;0;0;0;16|CM;1;16906;6;timeout;0;0;0;0;16
[RECV] BSF66F notify: CR;1;16907;cal_static;4;E;timeout;rx_timeout;0;0;0;0;0;0
[RECV] BSF66F notify: CR;1;16907;cal_static;4;F;timeout;rx_timeout;0;0;0;0;0;0
[RECV] BSF66F notify: CR;1;16907;cal_static;4;G;timeout;rx_timeout;0;0;0;0;0;0
[RECV] BSDC91 notify: CM;1;56576;1;timeout;0;0;0;0;33|CM;1;56576;3;timeout;0;0;0;0;33|CM;1;56576;4;timeout;0;0;0;0;33
[RECV] BSF66F notify: CR;1;16907;cal_static;4;H;timeout;rx_timeout;0;0;0;0;0;0
[RECV] BSF66F notify: CF;1;16907;cal_static;4;pending;0;4;0;0;0;0
[RECV] BSF66F notify: CS;1;16907;cal_static;4;0;E,F,G,H;timeout,timeout,timeout,timeout;0,0,0,0
[RECV] BS2DCE notify: CM;1;52948;1;timeout;0;0;0;0;32|CM;1;52948;4;timeout;0;0;0;0;32|CM;1;52948;6;timeout;0;0;0;0;32
[RECV] BS2DCE notify: CR;1;52949;cal_roto;5;D;timeout;rx_timeout;0;0;0;0;0;0
[RECV] BS2DCE notify: CR;1;52949;cal_roto;5;B;timeout;rx_timeout;0;0;0;0;0;0
[RECV] BS2DCE notify: CR;1;52949;cal_roto;5;E;timeout;rx_timeout;0;0;0;0;0;0
[RECV] BS2DCE notify: CR;1;52949;cal_roto;5;G;timeout;rx_timeout;0;0;0;0;0;0
[RECV] BS2DCE notify: CF;1;52949;cal_roto;5;pending;0;4;0;0;0;0
[RECV] BS2DCE notify: CS;1;52949;cal_roto;5;0;D,B,E,G;timeout,timeout,timeout,timeout;0,0,0,0
[RECV] BSDC91 notify: CR;1;56577;cal_roto;5;B;timeout;rx_timeout;0;0;0;0;0;0
[RECV] BSDC91 notify: CR;1;56577;cal_roto;5;D;timeout;rx_timeout;0;0;0;0;0;0
[RECV] BSDC91 notify: CR;1;56577;cal_roto;5;E;timeout;rx_timeout;0;0;0;0;0;0
[RECV] BSDC91 notify: CR;1;56577;cal_roto;5;G;timeout;rx_timeout;0;0;0;0;0;0
[RECV] BSDC91 notify: CF;1;56577;cal_roto;5;pending;0;4;0;0;0;0
[RECV] BSDC91 notify: CS;1;56577;cal_roto;5;0;B,D,E,G;timeout,timeout,timeout,timeout;0,0,0,0
[RECV] BSF66F notify: CM;1;16907;0;timeout;0;0;0;0;16|CM;1;16907;1;timeout;0;0;0;0;16
[RECV] BSF66F notify: CR;1;16908;cal_static;4;A;timeout;rx_timeout;0;0;0;0;0;0
[RECV] BSF66F notify: CR;1;16908;cal_static;4;B;timeout;rx_timeout;0;0;0;0;0;0
[RECV] BSF66F notify: CR;1;16908;cal_static;4;C;timeout;rx_timeout;0;0;0;0;0;0
[RECV] BS2DCE notify: CM;1;52949;1;timeout;0;0;0;0;33|CM;1;52949;3;timeout;0;0;0;0;33|CM;1;52949;4;timeout;0;0;0;0;33
[RECV] BSF66F notify: CR;1;16908;cal_static;4;D;timeout;rx_timeout;0;0;0;0;0;0
[RECV] BSF66F notify: CF;1;16908;cal_static;4;pending;0;4;0;0;0;0
[RECV] BSF66F notify: CS;1;16908;cal_static;4;0;A,B,C,D;timeout,timeout,timeout,timeout;0,0,0,0
[RECV] BSDC91 notify: CM;1;56577;1;timeout;0;0;0;0;34|CM;1;56577;3;timeout;0;0;0;0;34
[RECV] BS2DCE notify: CR;1;52950;cal_roto;5;B;timeout;rx_timeout;0;0;0;0;0;0
[RECV] BS2DCE notify: CR;1;52950;cal_roto;5;D;timeout;rx_timeout;0;0;0;0;0;0
[RECV] BS2DCE notify: CR;1;52950;cal_roto;5;E;timeout;rx_timeout;0;0;0;0;0;0
[RECV] BS2DCE notify: CR;1;52950;cal_roto;5;G;timeout;rx_timeout;0;0;0;0;0;0
[RECV] BS2DCE notify: CF;1;52950;cal_roto;5;pending;0;4;0;0;0;0
[RECV] BS2DCE notify: CS;1;52950;cal_roto;5;0;B,D,E,G;timeout,timeout,timeout,timeout;0,0,0,0
[RECV] BSDC91 notify: CR;1;56578;cal_roto;5;B;timeout;rx_timeout;0;0;0;0;0;0
[RECV] BSDC91 notify: CR;1;56578;cal_roto;5;D;timeout;rx_timeout;0;0;0;0;0;0
[RECV] BSDC91 notify: CR;1;56578;cal_roto;5;E;timeout;rx_timeout;0;0;0;0;0;0
[RECV] BSDC91 notify: CR;1;56578;cal_roto;5;G;timeout;rx_timeout;0;0;0;0;0;0
[RECV] BSDC91 notify: CF;1;56578;cal_roto;5;pending;0;4;0;0;0;0
[RECV] BSF66F notify: CM;1;16908;4;timeout;0;0;0;0;17
[RECV] BSF66F notify: CM;1;16908;5;timeout;0;0;0;0;17|CM;1;16908;6;timeout;0;0;0;0;17|CM;1;16908;7;timeout;0;0;0;0;17
[RECV] BSF66F notify: CR;1;16909;cal_static;4;E;timeout;rx_timeout;0;0;0;0;0;0
[RECV] BSF66F notify: CR;1;16909;cal_static;4;F;timeout;rx_timeout;0;0;0;0;0;0
[RECV] BS2DCE notify: CM;1;52950;1;timeout;0;0;0;0;34|CM;1;52950;3;timeout;0;0;0;0;34
[RECV] BSDC91 notify: CS;1;56578;cal_roto;5;0;B,D,E,G;timeout,timeout,timeout,timeout;0,0,0,0
[RECV] BSF66F notify: CR;1;16909;cal_static;4;G;timeout;rx_timeout;0;0;0;0;0;0
[RECV] BSF66F notify: CR;1;16909;cal_static;4;H;timeout;rx_timeout;0;0;0;0;0;0
[RECV] BSF66F notify: CF;1;16909;cal_static;4;pending;0;4;0;0;0;0
[RECV] BSF66F notify: CS;1;16909;cal_static;4;0;E,F,G,H;timeout,timeout,timeout,timeout;0,0,0,0
[RECV] BSDC91 notify: CM;1;56578;1;timeout;0;0;0;0;35
[RECV] BS2DCE notify: CR;1;52951;cal_roto;5;B;timeout;rx_timeout;0;0;0;0;0;0
[RECV] BS2DCE notify: CR;1;52951;cal_roto;5;D;timeout;rx_timeout;0;0;0;0;0;0
[RECV] BS2DCE notify: CR;1;52951;cal_roto;5;G;timeout;rx_timeout;0;0;0;0;0;0
[RECV] BS2DCE notify: CR;1;52951;cal_roto;5;E;timeout;rx_timeout;0;0;0;0;0;0
[RECV] BS2DCE notify: CF;1;52951;cal_roto;5;pending;0;4;0;0;0;0
[RECV] BS2DCE notify: CS;1;52951;cal_roto;5;0;B,D,G,E;timeout,timeout,timeout,timeout;0,0,0,0
[RECV] BSDC91 notify: CM;1;56578;3;timeout;0;0;0;0;35|CM;1;56578;4;timeout;0;0;0;0;35|CM;1;56578;6;timeout;0;0;0;0;35
[RECV] BSDC91 notify: CR;1;56579;cal_roto;5;B;timeout;rx_timeout;0;0;0;0;0;0
[RECV] BSDC91 notify: CR;1;56579;cal_roto;5;D;timeout;rx_timeout;0;0;0;0;0;0
[RECV] BSDC91 notify: CR;1;56579;cal_roto;5;E;timeout;rx_timeout;0;0;0;0;0;0
[RECV] BSDC91 notify: CR;1;56579;cal_roto;5;G;timeout;rx_timeout;0;0;0;0;0;0
[RECV] BSDC91 notify: CF;1;56579;cal_roto;5;pending;0;4;0;0;0;0
[RECV] BSDC91 notify: CS;1;56579;cal_roto;5;0;B,D,E,G;timeout,timeout,timeout,timeout;0,0,0,0
[RECV] BSF66F notify: CM;1;16909;0;timeout;0;0;0;0;17|CM;1;16909;1;timeout;0;0;0;0;17|CM;1;16909;2;timeout;0;0;0;0;17
[RECV] BSF66F notify: CR;1;16910;cal_static;4;A;timeout;rx_timeout;0;0;0;0;0;0
[RECV] BSF66F notify: CR;1;16910;cal_static;4;B;timeout;rx_timeout;0;0;0;0;0;0
[RECV] BSF66F notify: CR;1;16910;cal_static;4;C;timeout;rx_timeout;0;0;0;0;0;0
[RECV] BS2DCE notify: CM;1;52951;1;timeout;0;0;0;0;35
[RECV] BSF66F notify: CR;1;16910;cal_static;4;D;timeout;rx_timeout;0;0;0;0;0;0
[RECV] BSF66F notify: CF;1;16910;cal_static;4;pending;0;4;0;0;0;0
[RECV] BSF66F notify: CS;1;16910;cal_static;4;0;A,B,C,D;timeout,timeout,timeout,timeout;0,0,0,0
[RECV] BSDC91 notify: CM;1;56579;1;timeout;0;0;0;0;36|CM;1;56579;3;timeout;0;0;0;0;36|CM;1;56579;4;timeout;0;0;0;0;36
[RECV] BS2DCE notify: CM;1;52951;3;timeout;0;0;0;0;35|CM;1;52951;4;timeout;0;0;0;0;35|CM;1;52951;6;timeout;0;0;0;0;35
[RECV] BS2DCE notify: CR;1;52952;cal_roto;5;B;timeout;rx_timeout;0;0;0;0;0;0
[RECV] BS2DCE notify: CR;1;52952;cal_roto;5;D;timeout;rx_timeout;0;0;0;0;0;0
[RECV] BS2DCE notify: CR;1;52952;cal_roto;5;G;timeout;rx_timeout;0;0;0;0;0;0
[RECV] BS2DCE notify: CR;1;52952;cal_roto;5;E;timeout;rx_timeout;0;0;0;0;0;0
[RECV] BS2DCE notify: CF;1;52952;cal_roto;5;pending;0;4;0;0;0;0
[RECV] BS2DCE notify: CS;1;52952;cal_roto;5;0;B,D,G,E;timeout,timeout,timeout,timeout;0,0,0,0
[RECV] BS2DCE notify: CM;1;52952;1;timeout;0;0;0;0;36|CM;1;52952;3;timeout;0;0;0;0;36|CM;1;52952;4;timeout;0;0;0;0;36
[RECV] BSDC91 notify: CR;1;56580;cal_roto;5;D;timeout;rx_timeout;0;0;0;0;0;0
[RECV] BSDC91 notify: CR;1;56580;cal_roto;5;B;timeout;rx_timeout;0;0;0;0;0;0
[RECV] BSDC91 notify: CR;1;56580;cal_roto;5;E;timeout;rx_timeout;0;0;0;0;0;0
[RECV] BSDC91 notify: CR;1;56580;cal_roto;5;G;timeout;rx_timeout;0;0;0;0;0;0
[RECV] BSDC91 notify: CF;1;56580;cal_roto;5;pending;0;4;0;0;0;0
[RECV] BSF66F notify: CM;1;16910;4;timeout;0;0;0;0;18|CM;1;16910;5;timeout;0;0;0;0;18
[RECV] BSF66F notify: CR;1;16911;cal_static;4;E;timeout;rx_timeout;0;0;0;0;0;0
[RECV] BSF66F notify: CR;1;16911;cal_static;4;F;timeout;rx_timeout;0;0;0;0;0;0
[RECV] BSF66F notify: CR;1;16911;cal_static;4;G;timeout;rx_timeout;0;0;0;0;0;0
[RECV] BSF66F notify: CR;1;16911;cal_static;4;H;timeout;rx_timeout;0;0;0;0;0;0
[RECV] BSF66F notify: CF;1;16911;cal_static;4;pending;0;4;0;0;0;0
[RECV] BSF66F notify: CS;1;16911;cal_static;4;0;E,F,G,H;timeout,timeout,timeout,timeout;0,0,0,0
[RECV] BSDC91 notify: CS;1;56580;cal_roto;5;0;D,B,E,G;timeout,timeout,timeout,timeout;0,0,0,0
[RECV] BSDC91 notify: CM;1;56580;1;timeout;0;0;0;0;37|CM;1;56580;3;timeout;0;0;0;0;37
[RECV] BS2DCE notify: CR;1;52953;cal_roto;5;B;timeout;rx_timeout;0;0;0;0;0;0
[RECV] BS2DCE notify: CR;1;52953;cal_roto;5;D;timeout;rx_timeout;0;0;0;0;0;0
[RECV] BS2DCE notify: CR;1;52953;cal_roto;5;E;timeout;rx_timeout;0;0;0;0;0;0
[RECV] BS2DCE notify: CR;1;52953;cal_roto;5;G;timeout;rx_timeout;0;0;0;0;0;0
[RECV] BS2DCE notify: CF;1;52953;cal_roto;5;pending;0;4;0;0;0;0
[RECV] BS2DCE notify: CS;1;52953;cal_roto;5;0;B,D,E,G;timeout,timeout,timeout,timeout;0,0,0,0
[RECV] BSDC91 notify: CR;1;56581;cal_roto;5;D;timeout;rx_timeout;0;0;0;0;0;0
[HOST_WARN 5658.489] capture read failed: device reports readiness to read but returned no data (device disconnected or multiple access on port?); recover controller
[HOST_RECOVERY 5658.490] serial recovery start: device reports readiness to read but returned no data (device disconnected or multiple access on port?)
[HOST_RECOVERY 5659.493] serial reopened without reset
[RECV] BSDC91 notify: CR;1;56581;cal_roto;5;E;timeout;rx_timeout;0;0;0;0;0;0
[RECV] BSDC91 notify: CR;1;56581;cal_roto;5;G;timeout;rx_timeout;0;0;0;0;0;0
[RECV] BSDC91 notify: CF;1;56581;cal_roto;5;pending;0;4;0;0;0;0
[RECV] BSDC91 notify: CS;1;56581;cal_roto;5;0;D,B,E,G;timeout,timeout,timeout,timeout;0,0,0,0
[RECV] BS2DCE notify: CM;1;52953;1;timeout;0;0;0;0;37|CM;1;52953;3;timeout;0;0;0;0;37
[RECV] BSF66F notify: CM;1;16911;0;timeout;0;0;0;0;18
[RECV] BSF66F notify: CM;1;16911;1;timeout;0;0;0;0;18|CM;1;16911;2;timeout;0;0;0;0;18|CM;1;16911;3;timeout;0;0;0;0;18
[RECV] BSF66F notify: CR;1;16912;cal_static;4;A;timeout;rx_timeout;0;0;0;0;0;0
[RECV] BSF66F notify: CR;1;16912;cal_static;4;B;timeout;rx_timeout;0;0;0;0;0;0
[RECV] BSDC91 notify: CM;1;56581;1;timeout;0;0;0;0;38
[RECV] BSF66F notify: CR;1;16912;cal_static;4;C;timeout;rx_timeout;0;0;0;0;0;0
[RECV] BSF66F notify: CR;1;16912;cal_static;4;D;timeout;rx_timeout;0;0;0;0;0;0
[RECV] BSF66F notify: CF;1;16912;cal_static;4;pending;0;4;0;0;0;0
[RECV[RECV] BS2DCE notify: CR;1;52960;cal_roto;5;B;timeout;rx_timeout;0;0;0;0;0;0
[RECV] BS2DCE notify: CR;1;52960;cal_roto;5;D;timeout;rx_timeout;0;0;0;0;0;0
[RECV] BS2DCE notify: CR;1;52960;cal_roto;5;G;timeout;rx_timeout;0;0;0;0;0;0
[RECV] BS2DCE notify: CR;1;52960;cal_roto;5;E;timeout;rx_timeout;0;0;0;0;0;0
[RECV] BSDC91 notify: CM;1;56587;1;timeout;0;0;0;0;44|CM;1;56587;4;timeout;0;0;0;0;44|CM;1;56587;6;timeout;0;0;0;0;44
[RECV] BSDC91 notify: CR;1;56588;cal_roto;5;D;timeout;rx_timeout;0;0;0;0;0;0
[RECV] BSDC91 notify: CR;1;56588;cal_roto;5;B;timeout;rx_timeout;0;0;0;0;0;0
[RECV] BSDC91 notify: CR;1;56588;cal_roto;5;E;timeout;rx_timeout;0;0;0;0;0;0
[RECV] BSDC91 notify: CR;1;56588;cal_roto;5;G;timeout;rx_timeout;0;0;0;0;0;0
[RECV] BSDC91 notify: CF;1;56588;cal_roto;5;pending;0;4;0;0;0;0
[RECV] BS2DCE notify: CF;1;52960;cal_roto;5;pending;0;4;0;0;0;0
[RECV] BS2DCE notify: CS;1;52960;cal_roto;5;0;B,D,G,E;timeout,timeout,timeout,timeout;0,0,0,0
[RECV] BSDC91 notify: CS;1;56588;cal_roto;5;0;D,B,E,G;timeout,timeout,timeout,timeout;0,0,0,0
[RECV] BSF66F notify: CM;1;16918;4;timeout;0;0;0;0;22|CM;1;16918;5;timeout;0;0;0;0;22|CM;1;16918;6;timeout;0;0;0;0;22
[RECV] BSF66F notify: CR;1;16919;cal_static;4;E;timeout;rx_timeout;0;0;0;0;0;0
[RECV] BSF66F notify: CR;1;16919;cal_static;4;F;timeout;rx_timeout;0;0;0;0;0;0
[RECV] BSF66F notify: CR;1;16919;cal_static;4;G;timeout;rx_timeout;0;0;0;0;0;0
[RECV] BS2DCE notify: CM;1;52960;1;timeout;0;0;0;0;44
[RECV] BSF66F notify: CR;1;16919;cal_static;4;H;timeout;rx_timeout;0;0;0;0;0;0
[RECV] BSF66F notify: CF;1;16919;cal_static;4;pending;0;4;0;0;0;0
[RECV] BSF66F notify: CS;1;16919;cal_static;4;0;E,F,G,H;timeout,timeout,timeout,timeout;0,0,0,0
[RECV] BSDC91 notify: CM;1;56588;1;timeout;0;0;0;0;45|CM;1;56588;3;timeout;0;0;0;0;45|CM;1;56588;4;timeout;0;0;0;0;45
[RECV] BS2DCE notify: CM;1;52960;3;timeout;0;0;0;0;44|CM;1;52960;4;timeout;0;0;0;0;44|CM;1;52960;6;timeout;0;0;0;0;44
[RECV] BS2DCE notify: CR;1;52961;cal_roto;5;B;timeout;rx_timeout;0;0;0;0;0;0
[RECV] BS2DCE notify: CR;1;52961;cal_roto;5;D;timeout;rx_timeout;0;0;0;0;0;0
[RECV] BS2DCE notify: CR;1;52961;cal_roto;5;E;timeout;rx_timeout;0;0;0;0;0;0
[RECV] BSDC91 notify: CR;1;56589;cal_roto;5;D;timeout;rx_timeout;0;0;0;0;0;0
[RECV] BSDC91 notify: CR;1;56589;cal_roto;5;B;timeout;rx_timeout;0;0;0;0;0;0
[RECV] BSDC91 notify: CR;1;56589;cal_roto;5;E;timeout;rx_timeout;0;0;0;0;0;0
[RECV] BSDC91 notify: CR;1;56589;cal_roto;5;G;timeout;rx_timeout;0;0;0;0;0;0
[RECV] BSDC91 notify: CF;1;56589;cal_roto;5;pending;0;4;0;0;0;0
[RECV] BS2DCE notify: CR;1;52961;cal_roto;5;G;timeout;rx_timeout;0;0;0;0;0;0
[RECV] BS2DCE notify: CF;1;52961;cal_roto;5;pending;0;4;0;0;0;0
[RECV] BS2DCE notify: CS;1;52961;cal_roto;5;0;B,D,E,G;timeout,timeout,timeout,timeout;0,0,0,0
[RECV] BSDC91 notify: CS;1;56589;cal_roto;5;0;D,B,E,G;timeout,timeout,timeout,timeout;0,0,0,0
[RECV] BSF66F notify: CM;1;16919;0;timeout;0;0;0;0;22|CM;1;16919;1;timeout;0;0;0;0;22
[RECV] BSF66F notify: CR;1;16920;cal_static;4;A;timeout;rx_timeout;0;0;0;0;0;0
[RECV] BSF66F notify: CR;1;16920;cal_static;4;B;timeout;rx_timeout;0;0;0;0;0;0
[RECV] BSF66F notify: CR;1;16920;cal_static;4;C;timeout;rx_timeout;0;0;0;0;0;0
[RECV] BS2DCE notify: CM;1;52961;1;timeout;0;0;0;0;45|CM;1;52961;3;timeout;0;0;0;0;45|CM;1;52961;4;timeout;0;0;0;0;45
[RECV] BSF66F notify: CR;1;16920;cal_static;4;D;timeout;rx_timeout;0;0;0;0;0;0
[RECV] BSF66F notify: CF;1;16920;cal_static;4;pending;0;4;0;0;0;0
[RECV] BSF66F notify: CS;1;16920;cal_static;4;0;A,B,C,D;timeout,timeout,timeout,timeout;0,0,0,0
[RECV] BSDC91 notify: CM;1;56589;1;timeout;0;0;0;0;46|CM;1;56589;3;timeout;0;0;0;0;46
[RECV] BS2DCE notify: CR;1;52962;cal_roto;5;B;timeout;rx_timeout;0;0;0;0;0;0
[RECV] BS2DCE notify: CR;1;52962;cal_roto;5;D;timeout;rx_timeout;0;0;0;0;0;0
[RECV] BS2DCE notify: CR;1;52962;cal_roto;5;E;timeout;rx_timeout;0;0;0;0;0;0
[RECV] BS2DCE notify: CR;1;52962;cal_roto;5;G;timeout;rx_timeout;0;0;0;0;0;0
[RECV] BS2DCE notify: CF;1;52962;cal_roto;5;pending;0;4;0;0;0;0
[RECV] BS2DCE notify: CS;1;52962;cal_roto;5;0;B,D,E,G;timeout,timeout,timeout,timeout;0,0,0,0
[RECV] BSDC91 notify: CR;1;56590;cal_roto;5;B;timeout;rx_timeout;0;0;0;0;0;0
[RECV] BSDC91 notify: CR;1;56590;cal_roto;5;D;timeout;rx_timeout0;0;0;0
[RECV] BSF66F notify: CS;1;16921;cal_static;4;0;E,F,G,H;timeout,timeout,timeout,tim[RECV] BSDC91 notify: CR;1;56590;cal_roto;5;G;timeout;rx_timeout;0;0;0;0;0;0
[RECV] BSDC91 notify: CF;1;56590;cal_roto;5;pending;0;4;0;0;0;0
[RECV] BSDC91 notify: CS;1;56590;cal_roto;5;0;B,D,E,G;timeout,timeout,timeout,timeout;0,0,0,0
[RECV] BS2DCE notify: CM;1;52962;1;timeout;0;0;0;0;46|CM;1;52962;3;timeout;0;0;0;0;46
[RECV] BSF66F notify: CM;1;16920;4;timeout;0;0;0;0;23
[RECV] BSF66F notify: CM;1;16920;5;timeout;0;0;0;0;23|CM;1;16920;6;timeout;0;0;0;0;23|CM;1;16920;7;timeout;0;0;0;0;23
[RECV] BSF66F notify: CR;1;16921;cal_static;4;E;timeout;rx_timeout;0;0;0;0;0;0
[RECV] BSF66F notify: CR;1;16921;cal_static;4;F;timeout;rx_timeout;0;0;0;0;0;0
[RECV] BSDC91 notify: CM;1;56590;1;timeout;0;0;0;0;47
[RECV] BSF66F notify: CR;1;16921;cal_static;4;G;timeout;rx_timeout;0;0;0;0;0;0
[RECV] BSF66F notify: CR;1;16921;cal_static;4;H;timeout;rx_timeout;0;0;0;0;0;0
[RECV] BSF66F notify: CF;1;16921;cal_static;4;pending;0;4;0;0;0;0
[RECV] BSF66F notify: CS;1;16921;cal_static;4;0;E,F,G,H;timeout,timeout,timeout,tim[RECV] BSDC91 notify: CM;1;56591;1;timeout;0;0;0;0;48|CM;1;56591;3;timeout;0;0;0;0;48|CM;1;56591;6;timeout;0;0;0;0;48
[RECV] BS2DCE notify: CM;1;52963;1;timeout;0;0;0;0;47|CM;1;52963;4;timeout;0;0;0;0;47|CM;1;52963;6;timeout;0;0;0;0;47
[RECV] BS2DCE notify: CR;1;52964;cal_roto;5;D;timeout;rx_timeout;0;0;0;0;0;0
[RECV] BS2DCE notify: CR;1;52964;cal_roto;5;B;timeout;rx_timeout;0;0;0;0;0;0
[RECV] BS2DCE notify: CR;1;52964;cal_roto;5;E;timeout;rx_timeout;0;0;0;0;0;0
[RECV] BS2DCE notify: CR;1;52964;cal_roto;5;G;timeout;rx_timeout;0;0;0;0;0;0
[RECV] BS2DCE notify: CF;1;52964;cal_roto;5;pending;0;4;0;0;0;0
[RECV] BS2DCE notify: CS;1;52964;cal_roto;5;0;D,B,E,G;timeout,timeout,timeout,timeout;0,0,0,0
[RECV] BSDC91 notify: CR;1;56592;cal_roto;5;B;timeout;rx_timeout;0;0;0;0;0;0
[RECV] BSDC91 notify: CR;1;56592;cal_roto;5;D;timeout;rx_timeout;0;0;0;0;0;0
[RECV] BSDC91 notify: CR;1;56592;cal_roto;5;G;timeout;rx_timeout;0;0;0;0;0;0
[RECV] BSDC91 notify: CR;1;56592;cal_roto;5;E;timeout;rx_timeout;0;0;0;0;0;0
[RECV] BSDC91 notify: CF;1;56592;cal_roto;5;pending;0;4;0;0;0;0
[RECV] BSDC91 notify: CS;1;56592;cal_roto;5;0;B,D,G,E;timeout,timeout,timeout,timeout;0,0,0,0
[RECV] BSF66F notify: CM;1;16922;4;timeout;0;0;0;0;24|CM;1;16922;5;timeout;0;0;0;0;24
[RECV] BSF66F notify: CR;1;16923;cal_static;4;E;timeout;rx_timeout;0;0;0;0;0;0
[RECV] BSF66F notify: CR;1;16923;cal_static;4;F;timeout;rx_timeout;0;0;0;0;0;0
[RECV] BSF66F notify: CR;1;16923;cal_static;4;G;timeout;rx_timeout;0;0;0;0;0;0
[RECV] BS2DCE notify: CM;1;52964;1;timeout;0;0;0;0;48|CM;1;52964;3;timeout;0;0;0;0;48|CM;1;52964;4;timeout;0;0;0;0;48
[RECV] BSF66F notify: CR;1;16923;cal_static;4;H;timeout;rx_timeout;0;0;0;0;0;0
[RECV] BSF66F notify: CF;1;16923;cal_static;4;pending;0;4;0;0;0;0
[RECV] BSF66F notify: CS;1;16923;cal_static;4;0;E,F,G,H;timeout,timeout,timeout,timeout;0,0,0,0
[RECV] BSDC91 notify: CM;1;56592;1;timeout;0;0;0;0;49|CM;1;56592;3;timeout;0;0;0;0;49
[RECV] BS2DCE notify: CR;1;52965;cal_roto;5;D;timeout;rx_timeout;0;0;0;0;0;0
[RECV] BS2DCE notify: CR;1;52965;cal_roto;5;B;timeout;rx_timeout;0;0;0;0;0;0
[RECV] BS2DCE notify: CR;1;52965;cal_roto;5;E;timeout;rx_timeout;0;0;0;0;0;0
[RECV] BS2DCE notify: CR;1;52965;cal_roto;5;G;timeout;rx_timeout;0;0;0;0;0;0
[RECV] BS2DCE notify: CF;1;52965;cal_roto;5;pending;0;4;0;0;0;0
[RECV] BS2DCE notify: CS;1;52965;cal_roto;5;0;D,B,E,G;timeout,timeout,timeout,timeout;0,0,0,0
[RECV] BSDC91 notify: CR;1;56593;cal_roto;5;B;timeout;rx_timeout;0;0;0;0;0;0
[RECV] BSDC91 notify: CR;1;56593;cal_roto;5;D;timeout;rx_timeout;0;0;0;0;0;0
[RECV] BSDC91 notify: CR;1;56593;cal_roto;5;E;timeout;rx_timeout;0;0;0;0;0;0
[RECV] BSDC91 notify: CR;1;56593;cal_roto;5;G;timeout;rx_timeout;0;0;0;0;0;0
[RECV] BSDC91 notify: CF;1;56593;cal_roto;5;pending;0;4;0;0;0;0
[RECV] BS2DCE notify: CM;1;52965;1;timeout;0;0;0;0;49|CM;1;52965;3;timeout;0;0;0;0;49
[RECV] BSDC91 notify: CS;1;56593;cal_roto;5;0;B,D,E,G;timeout,timeout,timeout,timeout;0,0,0,0
[RECV] BSF66F notify: CM;1;16923;0;timeout;0;0;0;0;24
[RECV] BSF66F notify: CM;1;16923;1;timeout;0;0;0;0;24|CM;1;16923;2;timeout;0;0;0;0;24|CM;1;16923;3;timeout;0;0;0;0;24
[RECV] BSF66F notify: CR;1;16924;cal_static;4;A;timeout;rx_timeout;0;0;0;0;0;0
[RECV] BSF66F notify: CR;1;16924;cal_static;4;B;timeout;rx_timeout;0;0;0;0;0;0
[RECV] BSF66F notify: CR;1;16924;cal_static;4;C;timeout;rx_timeout;0;0;0;0;0;0
[RECV] BSF66F notify: CR;1;16924;cal_static;4;D;timeout;rx_timeout;0;0;0;0;0;0
[RECV] BSF66F notify: CF;1;16924;cal_static;4;pending;0;4;0;0;0;0
[RECV] BSF66F notify: CS;1;16924;cal_static;4;0;A,B,C,D;timeout,timeout,timeout,timeout;0,0,0,0
[RECV] BSDC91 notify: CM;1;56593;1;timeout;0;0;0;0;50
[RECV] BS2DCE notify: CR;1;52966;cal_roto;5;B;timeout;rx_timeout;0;0;0;0;0;0
[RECV] BS2DCE notify: CR;1;52966;cal_roto;5;D;timeout;rx_timeout;0;0;0;0;0;0
[RECV] BS2DCE notify: CR;1;52966;cal_roto;5;E;timeout;rx_timeout;0;0;0;0;0;0
[RECV] BS2DCE notify: CR;1;52966;cal_roto;5;G;timeout;rx_timeout;0;0;0;0;0;0
[RECV] BS2DCE notify: CF;1;52966;cal_roto;5;pending;0;4;0;0;0;0
[RECV] BS2DCE notify: CS;1;52966;cal_roto;5;0;B,D,E,G;timeout,timeout,timeout,timeout;0,0,0,0
[RECV] BSDC91 notify: CM;1;56593;3;timeout;0;0;0;0;50|CM;1;56593;4;timeout;0;0;0;0;50|CM;1;56593;6;timeout;0;0;0;0;50
[RECV] BSDC91 notify: CR;1;56594;cal_roto;5;B;timeout;rx_timeout;0;0;0;0;0;0
[RECV] BSDC91 notify: CR;1;56594;cal_roto;5;D;timeout;rx_timeout;0;0;0;0;0;0
[RECV] BSDC91 notify: CR;1;56594;cal_roto;5;E;timeout;rx_timeout;0;0;0;0;0;0
[RECV] BSDC91 notify: CR;1;56594;cal_roto;5;G;timeout;rx_timeout;0;0;0;0;0;0
[RECV] BSDC91 notify: CF;1;56594;cal_roto;5;pending;0;4;0;0;0;0
[RECV] BSDC91 notify: CS;1;56594;cal_roto;5;0;B,D,E,G;timeout,timeout,timeout,timeout;0,0,0,0
[RECV] BS2DCE notify: CM;1;52966;1;timeout;0;0;0;0;50
[RECV] BSF66F notify: CM;1;16924;4;timeout;0;0;0;0;25|CM;1;16924;5;timeout;0;0;0;0;25|CM;1;16924;6;timeout;0;0;0;0;25
[RECV] BSF66F notify: CR;1;16925;cal_static;4;E;timeout;rx_timeout;0;0;0;0;0;0
[RECV] BSF66F notify: CR;1;16925;cal_static;4;F;timeout;rx_timeout;0;0;0;0;0;0
[RECV] BSF66F notify: CR;1;16925;cal_static;4;G;timeout;rx_timeout;0;0;0;0;0;0
[RECV] BSDC91 notify: CM;1;56594;1;timeout;0;0;0;0;51|CM;1;56594;3;timeout;0;0;0;0;51|CM;1;56594;4;timeout;0;0;0;0;51
[RECV] BSF66F notify: CR;1;16925;cal_static;4;H;timeout;rx_timeout;0;0;0;0;0;0
[RECV] BSF66F notify: CF;1;16925;cal_static;4;pending;0;4;0;0;0;0
[RECV] BSF66F notify: CS;1;16925;cal_static;4;0;E,F,G,H;timeout,timeout,timeout,timeout;0,0,0,0
[RECV] BS2DCE notify: CM;1;52966;3;timeout;0;0;0;0;50|CM;1;52966;4;timeout;0;0;0;0;50|CM;1;52966;6;timeout;0;0;0;0;50
[RECV] BS2DCE notify: CR;1;52967;cal_roto;5;B;timeout;rx_timeout;0;0;0;0;0;0
[RECV] BS2DCE notify: CR;1;52967;cal_roto;5;D;timeout;rx_timeout;0;0;0;0;0;0
[RECV] BS2DCE notify: CR;1;52967;cal_roto;5;G;timeout;rx_timeout;0;0;0;0;0;0
[RECV] BS2DCE notify: CR;1;52967;cal_roto;5;E;timeout;rx_timeout;0;0;0;0;0;0
[RECV] BS2DCE notify: CF;1;52967;cal_roto;5;pending;0;4;0;0;0;0
[RECV] BS2DCE notify: CS;1;52967;cal_roto;5;0;B,D,G,E;timeout,timeout,timeout,timeout;0,0,0,0
[RECV] BSDC91 notify: CR;1;56595;cal_roto;5;B;timeout;rx_timeout;0;0;0;0;0;0
[RECV] BSDC91 notify: CR;1;56595;cal_roto;5;D;timeout;rx_timeout;0;0;0;0;0;0
[RECV] BSDC91 notify: CR;1;56595;cal_roto;5;E;timeout;rx_timeout;0;0;0;0;0;0
[RECV] BSDC91 notify: CR;1;56595;cal_roto;5;G;timeout;rx_timeout;0;0;0;0;0;0
[RECV] BSDC91 notify: CF;1;56595;cal_roto;5;pending;0;4;0;0;0;0
[RECV] BSDC91 notify: CS;1;56595;cal_roto;5;0;B,D,E,G;timeout,timeout,timeout,timeout;0,0,0,0
[RECV] BS2DCE notify: CM;1;52967;1;timeout;0;0;0;0;51|CM;1;52967;3;timeout;0;0;0;0;51|CM;1;52967;6;timeout;0;0;0;0;51
[RECV] BSF66F notify: CM;1;16925;0;timeout;0;0;0;0;25|CM;1;16925;1;timeout;0;0;0;0;25
[RECV] BSF66F notify: CR;1;16926;cal_static;4;A;timeout;rx_timeout;0;0;0;0;0;0
[RECV] BSF66F notify: CR;1;16926;cal_static;4;B;timeout;rx_timeout;0;0;0;0;0;0
[RECV] BSF66F notify: CR;1;16926;cal_static;4;C;timeout;rx_timeout;0;0;0;0;0;0
[[HOST_WARN 5661.110] controller reopened; reconfigure recv/tdma session
[HOST_CMD 5661.110] mode recv
RECV] BSDC91 notify: CM;1;56595;1;timeout;0;0;0;0;52|CM;1;56595;3;timeout;0;0;0;0;52
[RECV] One-shot NUS command cleared (runtime)
[RECV] Master quiesce peer[0]: connected=1 ready=1 link=nus uuid=-
[RECV] Master quiesce peer[1]: connected=1 ready=1 link=nus uuid=-
[RECV] Master quiesce peer[2]: connected=1 ready=1 link=nus uuid=-
[RECV] Peer clear wait: waited=0 conn_count=3 ready_count=0
[RECV] Peer clear wait timeout: conn_count=3 ready_count=0
[RECV] RECV clean slate requires reboot: stale BLE links did not clear
[RECV] Control mode staged: RECV
*** Booting nRF Connect SDK v2.8.0-a2386bfc8401 ***
*** Using Zephyr OS v3.7.99-0bc3393fb112 ***
[RECV] LED map: 1=AUTOPOS 2=RECV 3=OTA 4=FLOW
[RECV] Control mode loaded: RECV
[RECV] UART control ready: type 'status' or 'mode recv'/'mode ota'/'mode autopos'
OTA_STATE:target_configured detail=token
OTA NUS stage: enabled
OTA target filter: token=-1 name=- prefix=BS uuid=-
[RECV] BioSpur BLE master control ready on nrf5340dk/nrf5340/cpuapp
[RECV] BTN1 toggles RECV/OTA, BTN2 forces OTA mode, BTN3=SCAN, BTN4=CONN&START
[RECV] Commands: status | mode recv | mode ota | mode autopos | scan | conn | initiate
[RECV] OTA runtime cmds: ota_reset | ota show | ota version
[RECV] Runtime NUS cmds: cmd <raw> | oneshot <raw> | oneshot show | oneshot clear
[RECV] TDMA cmds: tdma show | tdma profile <BSxxxx> <static|roto|motion> | tdma freq <static|roto|motion> <hz> | tdma rebalance
[RECV] Device model cmds: device show | device kind <anchor|tag>
[RECV] OTA target cmds: ota_target show | ota_target token <id|-1>SETUP[1] defer: waiting 195 ms before discovery start
SETUP[2] defer: waiting 283 ms before discovery start
SETUP[1] defer: waiting 145 ms before discovery start
SETUP[2] defer: waiting 233 ms before discovery start
SETUP[1] defer: waiting 94 ms before discovery start
SETUP[2] defer: waiting 182 ms before discovery start
[RECV] PHY updated[2]: tx=0x2 rx=0x2
SETUP[1] defer: waiting 44 ms before discovery start
SETUP[2] defer: waiting 132 ms before discovery start
SETUP[1] begin: link=nus uuid=- conn=0x200020f0
SETUP[1] mtu_exchange rc=0
SETUP[1] phy_update rc=0
SETUP[1] conn_param_update rc=0
[RECV] DISC start[1]: link=nus uuid=- conn=0x200020f0
SETUP[2] defer: global discovery busy
[RECV] MTU exchange[1] done (498)
SETUP[2] defer: global discovery busy
[RECV] Conn param updated[1]: int=6 lat=0 to=400
[RECV] PHY updated[1]: tx=0x2 rx=0x2
SETUP[2] defer: global discovery busy
SETUP[2] defer: global discovery busy
SETUP[2] defer: global discovery busy
[RECV] DISC complete[1]: link=nus discovered_service=2800 uuid=-
[RECV] BLE[1] link ready
[RECV] CFG assigned[1]: bs=BSF66F tag=1 slot=0/10 mask=0x0021 period=40 active=24 gen=1 pmode=0
[RECV] TDMA weighted[0]: bs=BSF66F profile=motion target=5Hz mask=0x0021 slots=2/10 actual_x100=500 epoch_delay=3000
[RECV] SCAN start req: bt_ready=1 scan_running=0 connecting_slot=-1 conn_count=2 target=unknown prefix=BS
[RECV] Scanning for BS*
SETUP[2] begin: link=nus uuid=- conn=0x20002020
SETUP[2] mtu_exchange rc=0
SETUP[2] phy_update rc=0
SETUP[2] conn_param_update rc=0
[RECV] DISC start[2]: link=nus uuid=- conn=0x20002020
[RECV] BSF66F notify: CM;1;16948;6;timeout;0;0;0;0;37|CM;1;16948;7;timeout;0;0;0;0;37
[RECV] MTU exchange[2] done (498)
[RECV] BSF66F notify: CFG_OK TAG=1 SLOT=0/10 MASK=0x0021 PERIOD=40 ACTIVE=24 GEN=1 LIVE=1
[RECV] CFG confirmed[1]: tag=1 slot=0/10 mask=0x0021 period=40 active=24 gen=1 live=1
[RECV] Conn param updated[2]: int=6 lat=0 to=400
[RECV] PHY updated[2]: tx=0x2 rx=0x2
[RECV] DISC complete[2]: link=nus discovered_service=2800 uuid=-
[RECV] BLE[2] link ready
[RECV] CFG assigned[2]: bs=BSDC91 tag=1 slot=0/10 mask=0x0021 period=40 active=24 gen=2 pmode=0
[RECV] TDMA weighted[0]: bs=BSDC91 profile=motion target=5Hz mask=0x0021 slots=2/10 actual_x100=500 epoch_delay=3000
[RECV] CFG assigned[1]: bs=BSF66F tag=2 slot=3/10 mask=0x0108 period=40 active=24 gen=2 pmode=0
[RECV] TDMA weighted[1]: bs=BSF66F profile=motion target=5Hz mask=0x0108 slots=2/10 actual_x100=500 epoch_delay=2999
[RECV] BSDC91 notify: CR;1;56620;cal_roto;5;D;timeout;rx_timeout;0;0;0;0;0;0
[RECV] BSDC91 notify: CR;1;56620;cal_roto;5;B;timeout;rx_timeout;0;0;0;0;0;0
[RECV] BSDC91 notify: CR;1;56620;cal_roto;5;E;timeout;rx_timeout;0;0;0;0;0;0
[RECV] BSDC91 notify: CR;1;56620;cal_roto;5;G;timeout;rx_timeout;0;0;0;0;0;0
[RECV] BSF66F notify: CFG_OK TAG=2 SLOT=3/10 MASK=0x0108 PERIOD=40 ACTIVE=24 GEN=2 LIVE=1
[RECV] CFG confirmed[1]: tag=2 slot=3/10 mask=0x0108 period=40 active=24 gen=2 live=1
[RECV] BSDC91 notify: CF;1;56620;cal_roto;5;pending;0;4;0;0;0;0
[RECV] BSDC91 notify: CS;1;56620;cal_roto;5;0;D,B,E,G;timeout,timeout,timeout,timeout;0,0,0,0
[RECV] BSDC91 notify: CM;1;56619;6;timeout;0;0;0;0;76
[RECV] BSDC91 notify: CFG_OK TAG=1 SLOT=0/10 MASK=0x0021 PERIOD=40 ACTIVE=24 GEN=2 LIVE=1
[RECV] CFG confirmed[2]: tag=1 slot=0/10 mask=0x0021 period=40 active=24 gen=2 live=1
[RECV] SCAN hit: FF:5E:D2:80:EA:D2 (random) rssi=-53 name=- bs=BS2DCE uuid=- target=unknown uuid_ok=1 tag_name=0 anchor_name=0 nus=0 dfu=1 token=1 props=0x03
[RECV] CONNECT queue[0]: addr=FF:5E:D2:80:EA:D2 (random) link=nus uuid=- target=unknown
[RECV] CONNECT pending[0]: addr_valid=1 link=nus uuid=- scan_running=1 conn_count=2
[RECV] CONNECT pending[0]: bt_le_scan_stop rc=0 scan_running=1
[RECV] CONNECT pending[0] rc=0 conn=0x200021c0
[RECV] Connected[0]: FF:5E:D2:80:EA:D2 (random) name=- bs=BS2DCE
[RECV] CONNECT state[0]: link=nus uuid=- ready=0 conn=0x200021c0
SETUP[0] defer: waiting 343 ms before discovery start
SETUP[0] defer: waiting 293 ms before discovery start
SETUP[0] defer: waiting 242 ms before discovery start
SETUP[0] defer: waiting 192 ms before discovery start
SETUP[0] defer: waiting 142 ms before discovery start
[RECV] PHY updated[0]: tx=0x2 rx=0x2
SETUP[0] defer: waiting 91 ms before discovery start
SETUP[0] defer: waiting 41 ms before discovery start
SETUP[0] begin: link=nus uuid=- conn=0x200021c0
SETUP[0] mtu_exchange rc=0
SETUP[0] phy_update rc=0
SETUP[0] conn_param_update rc=0
[RECV] DISC start[0]: link=nus uuid=- conn=0x200021c0
[RECV] MTU exchange[0] done (498)
[RECV] Conn param updated[0]: int=6 lat=0 to=400
[RECV] PHY updated[0]: tx=0x2 rx=0x2
[RECV] DISC complete[0]: link=nus discovered_service=2800 uuid=-
[RECV] BLE[0] link ready
[RECV] CFG assigned[0]: bs=BS2DCE tag=1 slot=0/10 mask=0x0021 period=40 active=24 gen=3 pmode=0
[RECV] TDMA weighted[0]: bs=BS2DCE profile=motion target=5Hz mask=0x0021 slots=2/10 actual_x100=500 epoch_delay=3000
[RECV] CFG assigned[2]: bs=BSDC91 tag=2 slot=2/10 mask=0x0084 period=40 active=24 gen=3 pmode=0
[RECV] TDMA weighted[1]: bs=BSDC91 profile=motion target=5Hz mask=0x0084 slots=2/10 actual_x100=500 epoch_delay=2999
[RECV] CFG assigned[1]: bs=BSF66F tag=3 slot=3/10 mask=0x0108 period=40 active=24 gen=3 pmode=0
[RECV] TDMA weighted[2]: bs=BSF66F profile=motion target=5Hz mask=0x0108 slots=2/10 actual_x100=500 epoch_delay=2998
[RECV] SCAN start req: bt_ready=1 scan_running=0 connecting_slot=-1 conn_count=3 target=unknown prefix=BS
[RECV] Scanning for BS*
[RECV] BS2DCE notify: CM;1;52998;4;timeout;0;0;0;0;82
[RECV] BSDC91 notify: CFG_OK TAG=2 SLOT=2/10 MASK=0x0084 PERIOD=40 ACTIVE=24 GEN=3 LIVE=1
[RECV] CFG confirmed[2]: tag=2 slot=2/10 mask=0x0084 period=40 active=24 gen=3 live=1
[RECV] BSF66F notify: CFG_OK TAG=3 SLOT=3/10 MASK=0x0108 PERIOD=40 ACTIVE=24 GEN=3 LIVE=1
[RECV] CFG confirmed[1]: tag=3 slot=3/10 mask=0x0108 period=40 active=24 gen=3 live=1
[RECV] BS2DCE notify: CFG_OK TAG=1 SLOT=0/10 MASK=0x0021 PERIOD=40 ACTIVE=24 GEN=3 LIVE=1
[RECV] CFG confirmed[0]: tag=1 slot=0/10 mask=0x0021 period=40 active=24 gen=3 live=1
[RECV] Conn param updated[1]: int=6 lat=0 to=400
[RECV] Conn param updated[2]: int=6 lat=0 to=400
[RECV] Conn param updated[0]: int=6 lat=0 to=400
[HOST_WARN 5673.194] read failed after 'mode recv'; reopened serial and continued
[HOST_CMD 5673.194] tdma clear
[RECV] TDMA profiles cleared
[RECV] CFG assigned[0]: bs=BS2DCE tag=1 slot=0/10 mask=0x0021 period=40 active=24 gen=4 pmode=0
[RECV] TDMA weighted[0]: bs=BS2DCE profile=motion target=5Hz mask=0x0021 slots=2/10 actual_x100=500 epoch_delay=3000
[RECV] CFG assigned[2]: bs=BSDC91 tag=2 slot=2/10 mask=0x0084 period=40 active=24 gen=4 pmode=0
[RECV] TDMA weighted[1]: bs=BSDC91 profile=motion target=5Hz mask=0x0084 slots=2/10 actual_x100=500 epoch_delay=2999
[RECV] CFG assigned[1]: bs=BSF66F tag=3 slot=3/10 mask=0x0108 period=40 active=24 gen=4 pmode=0
[RECV] TDMA weighted[2]: bs=BSF66F profile=motion target=5Hz mask=0x0108 slots=2/10 actual_x100=500 epoch_delay=2998
[RECV] tdma clear rc=0
[RECV] BS2DCE notify: CFG_OK TAG=1 SLOT=0/10 MASK=0x0021 PERIOD=40 ACTIVE=24 GEN=4 LIVE=1
[RECV] CFG confirmed[0]: tag=1 slot=0/10 mask=0x0021 period=40 active=24 gen=4 live=1
[RECV] BSDC91 notify: CFG_OK TAG=2 SLOT=2/10 MASK=0x0084 PERIOD=40 ACTIVE=24 GEN=4 LIVE=1
[RECV] CFG confirmed[2]: tag=2 slot=2/10 mask=0x0084 period=40 active=24 gen=4 live=1
[RECV] BSF66F notify: CFG_OK TAG=3 SLOT=3/10 MASK=0x0108 PERIOD=40 ACTIVE=24 GEN=4 LIVE=1
[RECV] CFG confirmed[1]: tag=3 slot=3/10 mask=0x0108 period=40 active=24 gen=4 live=1
[HOST_CMD 5674.066] device kind tag
OTA NUS stage: enabled
[RECV] One-shot NUS command cleared (runtime)
[RECV] Master disconnecting peer[0]: bs=BS2DCE
[RECV] Master disconnecting peer[1]: bs=BSF66F
[RECV] Master disconnecting peer[2]: bs=BSDC91
[RECV] device kind set: tag (OTA target preserved)
[RECV] Master discovery mode: CONN & START
[RECV] Peer clear wait: waited=0 conn_count=3 ready_count=0
[HOST_CMD 5676.072] ota_target token -1
[HOST_CMD 5676.673] ota_target name -
[RECV] Peer clear wait timeout: conn_count=3 ready_count=0
[RECV] SCAN start req: bt_ready=1 scan_running=0 connecting_slot=-1 conn_count=3 target=tag prefix=BS
[RECV] Scanning for BS*
[RECV] System target: kind=tag caps=0x0f (config=1 ota=1 stream=1 status=1)
OTA target filter: token=-1 name=- prefix=BS uuid=-
[RECV] ota_target name rc=0 value=-
OTA target filter: token=-1 name=- prefix=BS uuid=-
[RECV] Disconnected[2]: D5:53:48:EF:8F:59 (random) reason=0x16 link=nus ready=1
[RECV] CFG send failed[0]: tag=1 slot=0 err=-128
[RECV] TDMA weighted[0]: bs=BS2DCE profile=motion target=5Hz mask=0x0021 slots=2/10 actual_x100=500 epoch_delay=3000
[RECV] CFG send failed[1]: tag=2 slot=3 err=-128
[RECV] TDMA weighted[1]: bs=BSF66F profile=motion target=5Hz mask=0x0108 slots=2/10 actual_x100=500 epoch_delay=3000
[RECV] Disconnected[0]: FF:5E:D2:80:EA:D2 (random) reason=0x16 link=nus ready=1
[RECV] CFG send failed[1]: tag=1 slot=0 err=-128
[RECV] TDMA weighted[0]: bs=BSF66F profile=motion target=5Hz mask=0x0021 slots=2/10 actual_x100=500 epoch_delay=3000
[RECV] Disconnected[1]: FC:9A:15:34:AB:20 (random) reason=0x16 link=nus ready=1
[RECV] SCAN hit: D5:53:48:EF:8F:59 (random) rssi=-56 name=- bs=BSDC91 uuid=- target=tag uuid_ok=1 tag_name=0 anchor_name=0 nus=0 dfu=1 token=1 props=0x03
[RECV] CONNECT queue[0]: addr=D5:53:48:EF:8F:59 (random) link=nus uuid=- target=tag
[RECV] SCAN hit: FC:9A:15:34:AB:20 (random) rssi=-62 name=- bs=BSF66F uuid=- target=tag uuid_ok=1 tag_name=0 anchor_name=0 nus=0 dfu=1 token=1 props=0x03
[RECV] CONNECT queue[1]: addr=FC:9A:15:34:AB:20 (random) link=nus uuid=- target=tag
[RECV] SCAN hit: FF:5E:D2:80:EA:D2 (random) rssi=-59 name=- bs=BS2DCE uuid=- target=tag uuid_ok=1 tag_name=0 anchor_name=0 nus=0 dfu=1 token=1 props=0x03
[RECV] CONNECT queue[2]: addr=FF:5E:D2:80:EA:D2 (random) link=nus uuid=- target=tag
[RECV] CONNECT pending[0]: addr_valid=1 link=nus uuid=- scan_running=1 conn_count=0
[RECV] CONNECT pending[0]: bt_le_scan_stop rc=0 scan_running=1
[RECV] CONNECT pending[0] rc=0 conn=0x20002020
[RECV] Connected[0]: D5:53:48:EF:8F:59 (random) name=- bs=BSDC91
[RECV] CONNECT state[0]: link=nus uuid=- ready=0 conn=0x20002020
[RECV] CONNECT pending[1]: addr_valid=1 link=nus uuid=- scan_running=0 conn_count=1
[RECV] CONNECT pending[1] rc=0 conn=0x200020f0
SETUP[0] defer: waiting 306 ms before discovery start
SETUP[0] defer: waiting 255 ms before discovery start
[RECV] Connected[1]: FC:9A:15:34:AB:20 (random) name=- bs=BSF66F
[RECV] CONNECT state[1]: link=nus uuid=- ready=0 conn=0x200020f0
[RECV] CONNECT pending[2]: addr_valid=1 link=nus uuid=- scan_running=0 conn_counSETUP[2] begin: link=nus uuid=- conn=0x200021c0
SETUP[2] mtu_exchange rc=0
SETUP[2] phy_update rc=0
SETUP[2] conn_param_update rc=0
[RECV] DISC start[2]: link=nus uuid=- conn=0x200021c0
[RECV] MTU exchange[2] done (498)
[RECV] Conn param updated[2]: int=6 lat=0 to=400
[RECV] SCAN hit: FC:9A:15:34:AB:20 (random) rssi=-55 name=- bs=BSF66F uuid=- target=tag uuid_ok=1 tag_name=0 anchor_name=0 nus=0 dfu=1 token=1 props=0x03
[RECV] CONNECT queue[1]: addr=FC:9A:15:34:AB:20 (random) link=nus uuid=- target=tag
[RECV] PHY updated[2]: tx=0x2 rx=0x2
[RECV] DISC complete[2]: link=nus discovered_service=2800 uuid=-
[RECV] BLE[2] link ready
[RECV] CFG assigned[2]: bs=BS2DCE tag=1 slot=0/10 mask=0x0021 period=40 active=24 gen=8 pmode=0
[RECV] TDMA weighted[0]: bs=BS2DCE profile=motion target=5Hz mask=0x0021 slots=2/10 actual_x100=500 epoch_delay=3000
[RECV] CFG assigned[0]: bs=BSDC91 tag=2 slot=3/10 mask=0x0108 period=40 active=24 gen=8 pmode=0
[RECV] TDMA weighted[1]: bs=BSDC91 profile=motion target=5Hz mask=0x0108 slots=2/10 actual_x100=500 epoch_delay=2999
[RECV] BS2DCE notify: CS;1;52999;cal_roto;5;0;B,D,G,E;timeout,timeout,timeout,timeout;0,0,0,0
[RECV] BSDC91 notify: CFG_OK TAG=2 SLOT=3/10 MASK=0x0108 PERIOD=40 ACTIVE=24 GEN=8 LIVE=1
[RECV] CFG confirmed[0]: tag=2 slot=3/10 mask=0x0108 period=40 active=24 gen=8 live=1
[RECV] BS2DCE notify: CFG_OK TAG=1 SLOT=0/10 MASK=0x0021 PERIOD=40 ACTIVE=24 GEN=8 LIVE=1
[RECV] CFG confirmed[2]: tag=1 slot=0/10 mask=0x0021 period=40 active=24 gen=8 live=1
[RECV] CONNECT pending[1]: addr_valid=1 link=nus uuid=- scan_running=1 conn_count=2
[RECV] CONNECT pending[1]: bt_le_scan_stop rc=0 scan_running=1
[RECV] CONNECT pending[1] rc=0 conn=0x200020f0
[RECV] Connected[1]: FC:9A:15:34:AB:20 (random) name=- bs=BSF66F
[RECV] CONNECT state[1]: link=nus uuid=- ready=0 conn=0x200020f0
SETUP[1] defer: waiting 327 ms before discovery start
SETUP[1] defer: waiting 277 ms before discovery start
SETUP[1] defer: waiting 227 ms before discovery start
SETUP[1] defer: waiting 176 ms before discovery start
SETUP[1] defer: waiting 126 ms before discovery start
[RECV] PHY updated[1]: tx=0x2 rx=0x2
SETUP[1] defer: waiting 76 ms before discovery start
SETUP[1] defer: waiting 25 ms before discovery start
SETUP[1] begin: link=nus uuid=- conn=0x200020f0
SETUP[1] mtu_exchange rc=0
SETUP[1] phy_update rc=0
SETUP[1] conn_param_update rc=0
[RECV] DISC start[1]: link=nus uuid=- conn=0x200020f0
[RECV] MTU exchange[1] done (498)
[RECV] Conn param updated[1]: int=6 lat=0 to=400
[RECV] PHY updated[1]: tx=0x2 rx=0x2
[RECV] DISC complete[1]: link=nus discovered_service=2800 uuid=-
[RECV] BLE[1] link ready
[RECV] CFG assigned[2]: bs=BS2DCE tag=1 slot=0/10 mask=0x0021 period=40 active=24 gen=9 pmode=0
[RECV] TDMA weighted[0]: bs=BS2DCE profile=motion target=5Hz mask=0x0021 slots=2/10 actual_x100=500 epoch_delay=3000
[RECV] CFG assigned[0]: bs=BSDC91 tag=2 slot=2/10 mask=0x0084 period=40 active=24 gen=9 pmode=0
[RECV] TDMA weighted[1]: bs=BSDC91 profile=motion target=5Hz mask=0x0084 slots=2/10 actual_x100=500 epoch_delay=2999
[RECV] CFG assigned[1]: bs=BSF66F tag=3 slot=3/10 mask=0x0108 period=40 active=24 gen=9 pmode=0
[RECV] TDMA weighted[2]: bs=BSF66F profile=motion target=5Hz mask=0x0108 slots=2/10 actual_x100=500 epoch_delay=2998
[RECV] SCAN start req: bt_ready=1 scan_running=0 connecting_slot=-1 conn_count=3 target=tag prefix=BS
[RECV] Scanning for BS*
[RECV] BSF66F notify: CS;1;16949;cal_static;4;0;E,F,G,H;timeout,timeout,timeout,timeout;0,0,0,0
[RECV] BS2DCE notify: CFG_OK TAG=1 SLOT=0/10 MASK=0x0021 PERIOD=40 ACTIVE=24 GEN=9 LIVE=1
[RECV] CFG confirmed[2]: tag=1 slot=0/10 mask=0x0021 period=40 active=24 gen=9 live=1
[RECV] BSDC91 notify: CFG_OK TAG=2 SLOT=2/10 MASK=0x0084 PERIOD=40 ACTIVE=24 GEN=9 LIVE=1
[RECV] CFG confirmed[0]: tag=2 slot=2/10 mask=0x0084 period=40 active=24 gen=9 live=1
[RECV] BSF66F notify: CFG_OK TAG=3 SLOT=3/10 MASK=0x0108 PERIOD=40 ACTIVE=24 GEN=9 LIVE=1
[RECV] CFG confirmed[1]: tag=3 slot=3/10 mask=0x0108 period=40 active=24 gen=9 live=1
[HOST_WARN 5680.832] read failed after 'ota_target name -'; reopened serial and continued
[HOST_CMD 5680.832] ota_target uuid -
[RECV] ota_target uuid rc=0 value=-
OTA target filter: token=-1 name=- prefix=BS uuid=-
[HOST_CMD 5681.434] ota_target prefix BS
[RECV] ota_target prefix rc=0 value=bs
OTA target filter: token=-1 name=- prefix=bs uuid=-
[HOST_CMD 5682.038] ota_target show
OTA target filter: token=-1 name=- prefix=bs uuid=-
[RECV] Conn param updated[0]: int=6 lat=0 to=400
[HOST_CMD 5682.724] scan
[RECV] Master discovery mode: SCAN only
[RECV] Master disconnecting peer[0]: bs=BSDC91
[RECV] Master disconnecting peer[1]: bs=BSF66F
[RECV] Master disconnecting peer[2]: bs=BS2DCE
[RECV] SCAN start req: bt_ready=1 scan_running=0 connecting_slot=-1 conn_count=3 target=tag prefix=BS
[RECV] Scanning for BS*
[RECV] Disconnected[0]: D5:53:48:EF:8F:59 (random) reason=0x16 link=nus ready=1
[RECV] CFG send failed[2]: tag=1 slot=0 err=-128
[RECV] TDMA weighted[0]: bs=BS2DCE profile=motion target=5Hz mask=0x0021 slots=2/10 actual_x100=500 epoch_delay=3000
[RECV] CFG send failed[1]: tag=2 slot=3 err=-128
[RECV] TDMA weighted[1]: bs=BSF66F profile=motion target=5Hz mask=0x0108 slots=2/10 actual_x100=500 epoch_delay=2999
[RECV] Disconnected[1]: FC:9A:15:34:AB:20 (random) reason=0x16 link=nus ready=1
[RECV] CFG send failed[2]: tag=1 slot=0 err=-128
[RECV] TDMA weighted[0]: bs=BS2DCE profile=motion target=5Hz mask=0x0021 slots=2/10 actual_x100=500 epoch_delay=3000
[RECV] Disconnected[2]: FF:5E:D2:80:EA:D2 (random) reason=0x16 link=nus ready=1
[RECV] SCAN hit: D5:53:48:EF:8F:59 (random) rssi=-94 name=- bs=BSDC91 uuid=- target=tag uuid_ok=1 tag_name=0 anchor_name=0 nus=0 dfu=1 token=1 props=0x03
[RECV] SCAN hit: FC:9A:15:34:AB:20 (random) rssi=-56 name=- bs=BSF66F uuid=- target=tag uuid_ok=1 tag_name=0 anchor_name=0 nus=0 dfu=1 token=1 props=0x03
[RECV] SCAN hit: FF:5E:D2:80:EA:D2 (random) rssi=-53 name=- bs=BS2DCE uuid=- target=tag uuid_ok=1 tag_name=0 anchor_name=0 nus=0 dfu=1 token=1 props=0x03
[HOST_WARN 5686.678] read failed after 'scan'; reopened serial and continued
[HOST_CMD 5686.679] conn
[RECV] Master discovery mode: CONN & START
[RECV] CONNECT pending[0]: addr_valid=1 link=nus uuid=- scan_running=1 conn_count=0
[RECV] CONNECT pending[0]: bt_le_scan_stop rc=0 scan_running=1
[RECV] CONNECT pending[0] rc=0 conn=0x20002020
[RECV] Connected[0]: D5:53:48:EF:8F:59 (random) name=- bs=BSDC91
[RECV] CONNECT state[0]: link=nus uuid=- ready=0 conn=0x20002020
[RECV] CONNECT pending[1]: addr_valid=1 link=nus uuid=- scan_running=0 conn_count=1
[RECV] CONNECT pending[1] rc=0 conn=0x200020f0
SETUP[0] defer: waiting 315 ms before discovery start
[RECV] Disconnected[0]: D5:53:48:EF:8F:59 (random) reason=0x3e link=nus ready=0
[RECV] Connected[1]: FC:9A:15:34:AB:20 (random) name=- bs=BSF66F
[RECV] CONNECT state[1]: link=nus uuid=- ready=0 conn=0x200020f0
[RECV] CONNECT pending[2]: addr_valid=1 link=nus uuid=- scan_running=0 conn_count=1
[RECV] CONNECT pending[2] rc=0 conn=0x20002020
SETUP[1] defer: waiting 339 ms before discovery start
SETUP[1] defer: waiting 289 ms before discovery start
[RECV] Connected[2]: FF:5E:D2:80:EA:D2 (random) name=- bs=BS2DCE
[RECV] CONNECT state[2]: link=nus uuid=- ready=0 conn=0x20002020
SETUP[1] defer: waiting 238 ms before discovery start
SETUP[2] defer: waiting 339 ms before discovery start
[RECV] PHY updated[1]: tx=0x2 rx=0x2
SETUP[1] defer: waiting 188 ms before discovery start
SETUP[2] defer: waiting 289 ms before discovery start
SETUP[1] defer: waiting 137 ms before discovery start
SETUP[2] defer: waiting 238 ms before discovery start
SETUP[1] defer: waiting 87 ms before discovery start
SETUP[2] defer: waiting 187 ms before discovery start
[RECV] PHY updated[2]: tx=0x2 rx=0x2
SETUP[1] defer: waiting 36 ms before discovery start
SETUP[2] defer: waiting 137 ms before discovery start
SETUP[1] begin: link=nus uuid=- conn=0x200020f0
SETUP[1] mtu_exchange rc=0
SETUP[1] phy_update rc=0
SETUP[1] conn_param_update rc=0
[RECV] DISC start[1]: link=nus uuid=- conn=0x200020f0
SETUP[2] defer: global discovery busy
[RECV] MTU exchange[1] done (498)
[RECV] Conn param updated[1]: int=6 lat=0 to=400
SETUP[2] defer: global discovery busy
[RECV] PHY updated[1]: tx=0x2 rx=0x2
SETUP[2] defer: global discovery busy
SETUP[2] defer: global discovery busy
SETUP[2] defer: global discovery busy
[RECV] DISC complete[1]: link=nus discovered_service=2800 uuid=-
[RECV] BLE[1] link ready
[RECV] CFG assigned[1]: bs=BSF66F tag=1 slot=0/10 mask=0x0021 period=40 active=24 gen=12 pmode=0
[RECV] TDMA weighted[0]: bs=BSF66F profile=motion target=5Hz mask=0x0021 slots=2/10 actual_x100=500 epoch_delay=3000
[RECV] SCAN start req: bt_ready=1 scan_running=0 connecting_slot=-1 conn_count=2 target=tag prefix=BS
[RECV] Scanning for BS*
SETUP[2] begin: link=nus uuid=- conn=0x20002020
SETUP[2] mtu_exchange rc=0
SETUP[2] phy_update rc=0
SETUP[2] conn_param_update rc=0
[RECV] DISC start[2]: link=nus uuid=- conn=0x20002020
[RECV] BSF66F notify: CS;1;16949;cal_static;4;0;E,F,G,H;timeout,timeout,timeout,timeout;0,0,0,0
[RECV] MTU exchange[2] done (498)
[RECV] BSF66F notify: CFG_OK TAG=1 SLOT=0/10 MASK=0x0021 PERIOD=40 ACTIVE=24 GEN=12 LIVE=1
[RECV] CFG confirmed[1]: tag=1 slot=0/10 mask=0x0021 period=40 active=24 gen=12 live=1
[RECV] Conn param updated[2]: int=6 lat=0 to=400
[RECV] PHY updated[2]: tx=0x2 rx=0x2
[RECV] DISC complete[2]: link=nus discovered_service=2800 uuid=-
[RECV] BLE[2] link ready
[RECV] CFG assigned[2]: bs=BS2DCE tag=1 slot=0/10 mask=0x0021 period=40 active=24 gen=13 pmode=0
[RECV] TDMA weighted[0]: bs=BS2DCE profile=motion target=5Hz mask=0x0021 slots=2/10 actual_x100=500 epoch_delay=3000
[RECV] CFG assigned[1]: bs=BSF66F tag=2 slot=3/10 mask=0x0108 period=40 active=24 gen=13 pmode=0
[RECV] TDMA weighted[1]: bs=BSF66F profile=motion target=5Hz mask=0x0108 slots=2/10 actual_x100=500 epoch_delay=2999
[RECV] BS2DCE notify: CS;1;52999;cal_roto;5;0;B,D,G,E;timeout,timeout,timeout,timeout;0,0,0,0
[RECV] BSF66F notify: CFG_OK TAG=2 SLOT=3/10 MASK=0x0108 PERIOD=40 ACTIVE=24 GEN=13 LIVE=1
[RECV] CFG confirmed[1]: tag=2 slot=3/10 mask=0x0108 period=40 active=24 gen=13 live=1
[RECV] BS2DCE notify: CFG_OK TAG=1 SLOT=0/10 MASK=0x0021 PERIOD=40 ACTIVE=24 GEN=13 LIVE=1
[RECV] CFG confirmed[2]: tag=1 slot=0/10 mask=0x0021 period=40 active=24 gen=13 live=1
[RECV] SCAN hit: D5:53:48:EF:8F:59 (random) rssi=-54 name=- bs=BSDC91 uuid=- target=tag uuid_ok=1 tag_name=0 anchor_name=0 nus=0 dfu=1 token=1 props=0x03
[RECV] CONNECT queue[0]: addr=D5:53:48:EF:8F:59 (random) link=nus uuid=- target=tag
[RECV] CONNECT pending[0]: addr_valid=1 link=nus uuid=- scan_running=1 conn_count=2
[RECV] CONNECT pending[0]: bt_le_scan_stop rc=0 scan_running=1
[RECV] CONNECT pending[0] rc=0 conn=0x200021c0
[RECV] Connected[0]: D5:53:48:EF:8F:59 (random) name=- bs=BSDC91
[RECV] CONNECT state[0]: link=nus uuid=- ready=0 conn=0x200021c0
[RECV] Disconnected[0]: D5:53:48:EF:8F:59 (random) reason=0x3e link=nus ready=0
[RECV] CFG assigned[2]: bs=BS2DCE tag=1 slot=0/10 mask=0x0021 period=40 active=24 gen=14 pmode=0
[RECV] TDMA weighted[0]: bs=BS2DCE profile=motion target=5Hz mask=0x0021 slots=2/10 actual_x100=500 epoch_delay=3000
[RECV] CFG assigned[1]: bs=BSF66F tag=2 slot=3/10 mask=0x0108 period=40 active=24 gen=14 pmode=0
[RECV] TDMA weighted[1]: bs=BSF66F profile=motion target=5Hz mask=0x0108 slots=2/10 actual_x100=500 epoch_delay=2999
[RECV] SCAN start req: bt_ready=1 scan_running=0 connecting_slot=-1 conn_count=2 target=tag prefix=BS
[RECV] Scanning for BS*
[RECV] BS2DCE notify: CFG_OK TAG=1 SLOT=0/10 MASK=0x0021 PERIOD=40 ACTIVE=24 GEN=14 LIVE=1
[RECV] CFG confirmed[2]: tag=1 slot=0/10 mask=0x0021 period=40 active=24 gen=14 live=1
[RECV] BSF66F notify: CFG_OK TAG=2 SLOT=3/10 MASK=0x0108 PERIOD=40 ACTIVE=24 GEN=14 LIVE=1
[RECV] CFG confirmed[1]: tag=2 slot=3/10 mask=0x0108 period=40 active=24 gen=14 live=1
[RECV] SCAN hit: D5:53:48:EF:8F:59 (random) rssi=-55 name=- bs=BSDC91 uuid=- target=tag uuid_ok=1 tag_name=0 anchor_name=0 nus=0 dfu=1 token=1 props=0x03
[RECV] CONNECT queue[0]: addr=D5:53:48:EF:8F:59 (random) link=nus uuid=- target=tag
