host_elapsed_s,host_epoch_s,sweep,conn_id,peer_name,tag_id,plan,pmode,anchor_id,raw_mm,range_mm,quality_percent,valid,status,quality_flag_percent,first_to_last_us,frame_us,poll_count,tr_version,rx_mask,air_us,post_us,cycle_us,rx_seen,imu_valid,imu_n,acc_norm_mean_mg,acc_norm_std_mg,acc_norm_min_mg,acc_norm_max_mg,imu_skip_count
0.002523,1779967150.000718,9924,,BS2DCE,,f,0,0,1919,1919,100,1,O,0,0,0,0,2,,,,,,0,0,,,,,0
0.002523,1779967150.000718,9924,,BS2DCE,,f,0,1,2404,2404,100,1,O,0,0,0,0,2,,,,,,0,0,,,,,0
0.002523,1779967150.000718,9924,,BS2DCE,,f,0,2,2262,2262,100,1,O,0,0,0,0,2,,,,,,0,0,,,,,0
0.002523,1779967150.000718,9924,,BS2DCE,,f,0,3,1785,1785,100,1,O,0,0,0,0,2,,,,,,0,0,,,,,0
0.002523,1779967150.000718,9924,,BS2DCE,,f,0,4,1739,1739,100,1,O,0,0,0,0,2,,,,,,0,0,,,,,0
0.002523,1779967150.000718,9924,,BS2DCE,,f,0,5,2340,2340,100,1,O,0,0,0,0,2,,,,,,0,0,,,,,0
0.002523,1779967150.000718,9924,,BS2DCE,,f,0,6,2234,2234,100,1,O,0,0,0,0,2,,,,,,0,0,,,,,0
0.002523,1779967150.000718,9924,,BS2DCE,,f,0,7,1720,1720,85,1,O,0,0,0,0,2,,,,,,0,0,,,,,0
0.070018,1779967150.068213,9925,,BS2DCE,,f,0,0,1892,1892,100,1,O,0,0,0,0,2,,,,,,0,0,,,,,0
0.070018,1779967150.068213,9925,,BS2DCE,,f,0,1,2418,2418,100,1,O,0,0,0,0,2,,,,,,0,0,,,,,0
0.070018,1779967150.068213,9925,,BS2DCE,,f,0,2,2281,2281,100,1,O,0,0,0,0,2,,,,,,0,0,,,,,0
0.070018,1779967150.068213,9925,,BS2DCE,,f,0,3,1694,1694,100,1,O,0,0,0,0,2,,,,,,0,0,,,,,0
0.070018,1779967150.068213,9925,,BS2DCE,,f,0,4,1844,1844,100,1,O,0,0,0,0,2,,,,,,0,0,,,,,0
0.070018,1779967150.068213,9925,,BS2DCE,,f,0,5,2421,2421,100,1,O,0,0,0,0,2,,,,,,0,0,,,,,0
0.070018,1779967150.068213,9925,,BS2DCE,,f,0,6,2251,2251,100,1,O,0,0,0,0,2,,,,,,0,0,,,,,0
0.070018,1779967150.068213,9925,,BS2DCE,,f,0,7,1578,1578,87,1,O,0,0,0,0,2,,,,,,0,0,,,,,0
0.160161,1779967150.158356,9926,,BS2DCE,,f,0,0,1936,1936,100,1,O,0,0,0,0,2,,,,,,0,0,,,,,0
0.160161,1779967150.158356,9926,,BS2DCE,,f,0,1,2600,2600,100,1,O,0,0,0,0,2,,,,,,0,0,,,,,0
0.160161,1779967150.158356,9926,,BS2DCE,,f,0,2,2246,2246,100,1,O,0,0,0,0,2,,,,,,0,0,,,,,0
0.160161,1779967150.158356,9926,,BS2DCE,,f,0,3,1721,1721,100,1,O,0,0,0,0,2,,,,,,0,0,,,,,0
0.160161,1779967150.158356,9926,,BS2DCE,,f,0,4,1874,1874,100,1,O,0,0,0,0,2,,,,,,0,0,,,,,0
0.160161,1779967150.158356,9926,,BS2DCE,,f,0,5,2375,2375,100,1,O,0,0,0,0,2,,,,,,0,0,,,,,0
0.160161,1779967150.158356,9926,,BS2DCE,,f,0,6,2238,2238,100,1,O,0,0,0,0,2,,,,,,0,0,,,,,0
0.160161,1779967150.158356,9926,,BS2DCE,,f,0,7,1710,1710,88,1,O,0,0,0,0,2,,,,,,0,0,,,,,0
0.257537,1779967150.255732,9927,,BS2DCE,,f,0,0,2048,2048,100,1,O,0,0,0,0,2,,,,,,0,0,,,,,0
0.257537,1779967150.255732,9927,,BS2DCE,,f,0,1,2667,2667,100,1,O,0,0,0,0,2,,,,,,0,0,,,,,0
0.257537,1779967150.255732,9927,,BS2DCE,,f,0,2,2107,2107,100,1,O,0,0,0,0,2,,,,,,0,0,,,,,0
0.257537,1779967150.255732,9927,,BS2DCE,,f,0,3,1680,1680,100,1,O,0,0,0,0,2,,,,,,0,0,,,,,0
0.257537,1779967150.255732,9927,,BS2DCE,,f,0,4,1886,1886,100,1,O,0,0,0,0,2,,,,,,0,0,,,,,0
0.257537,1779967150.255732,9927,,BS2DCE,,f,0,5,2308,2308,100,1,O,0,0,0,0,2,,,,,,0,0,,,,,0
0.257537,1779967150.255732,9927,,BS2DCE,,f,0,6,2199,2199,100,1,O,0,0,0,0,2,,,,,,0,0,,,,,0
0.257537,1779967150.255732,9927,,BS2DCE,,f,0,7,1652,1652,90,1,O,0,0,0,0,2,,,,,,0,0,,,,,0
0.428391,1779967150.426586,9928,,BS2DCE,,f,0,0,2092,2092,100,1,O,0,0,0,0,2,,,,,,0,0,,,,,0
0.428391,1779967150.426586,9928,,BS2DCE,,f,0,1,2636,2636,100,1,O,0,0,0,0,2,,,,,,0,0,,,,,0
0.428391,1779967150.426586,9928,,BS2DCE,,f,0,2,2012,2012,100,1,O,0,0,0,0,2,,,,,,0,0,,,,,0
0.428391,1779967150.426586,9928,,BS2DCE,,f,0,3,1612,1612,100,1,O,0,0,0,0,2,,,,,,0,0,,,,,0
0.428391,1779967150.426586,9928,,BS2DCE,,f,0,4,1906,1906,100,1,O,0,0,0,0,2,,,,,,0,0,,,,,0
0.428391,1779967150.426586,9928,,BS2DCE,,f,0,5,2459,2459,100,1,O,0,0,0,0,2,,,,,,0,0,,,,,0
0.428391,1779967150.426586,9928,,BS2DCE,,f,0,6,2139,2139,100,1,O,0,0,0,0,2,,,,,,0,0,,,,,0
0.428391,1779967150.426586,9928,,BS2DCE,,f,0,7,1741,1741,90,1,O,0,0,0,0,2,,,,,,0,0,,,,,0
0.467498,1779967150.465693,9929,,BS2DCE,,f,0,0,2181,2181,100,1,O,0,0,0,0,2,,,,,,0,0,,,,,0
0.467498,1779967150.465693,9929,,BS2DCE,,f,0,1,2616,2616,100,1,O,0,0,0,0,2,,,,,,0,0,,,,,0
0.467498,1779967150.465693,9929,,BS2DCE,,f,0,2,2025,2025,100,1,O,0,0,0,0,2,,,,,,0,0,,,,,0
0.467498,1779967150.465693,9929,,BS2DCE,,f,0,3,1560,1560,100,1,O,0,0,0,0,2,,,,,,0,0,,,,,0
0.467498,1779967150.465693,9929,,BS2DCE,,f,0,4,1977,1977,100,1,O,0,0,0,0,2,,,,,,0,0,,,,,0
0.467498,1779967150.465693,9929,,BS2DCE,,f,0,5,2486,2486,100,1,O,0,0,0,0,2,,,,,,0,0,,,,,0
0.467498,1779967150.465693,9929,,BS2DCE,,f,0,6,2131,2131,100,1,O,0,0,0,0,2,,,,,,0,0,,,,,0
0.467498,1779967150.465693,9929,,BS2DCE,,f,0,7,1788,1788,91,1,O,0,0,0,0,2,,,,,,0,0,,,,,0
0.574207,1779967150.572402,9930,,BS2DCE,,f,0,0,2338,2338,100,1,O,0,0,0,0,2,,,,,,0,0,,,,,0
0.574207,1779967150.572402,9930,,BS2DCE,,f,0,1,2468,2468,100,1,O,0,0,0,0,2,,,,,,0,0,,,,,0
0.574207,1779967150.572402,9930,,BS2DCE,,f,0,2,1943,1943,100,1,O,0,0,0,0,2,,,,,,0,0,,,,,0
0.574207,1779967150.572402,9930,,BS2DCE,,f,0,3,1565,1565,100,1,O,0,0,0,0,2,,,,,,0,0,,,,,0
0.574207,1779967150.572402,9930,,BS2DCE,,f,0,4,2074,2074,100,1,O,0,0,0,0,2,,,,,,0,0,,,,,0
0.574207,1779967150.572402,9930,,BS2DCE,,f,0,5,2576,2576,100,1,O,0,0,0,0,2,,,,,,0,0,,,,,0
0.574207,1779967150.572402,9930,,BS2DCE,,f,0,6,2198,2198,100,1,O,0,0,0,0,2,,,,,,0,0,,,,,0
0.574207,1779967150.572402,9930,,BS2DCE,,f,0,7,1803,1803,92,1,O,0,0,0,0,2,,,,,,0,0,,,,,0
0.654953,1779967150.653148,9931,,BS2DCE,,f,0,0,2497,2497,100,1,O,0,0,0,0,2,,,,,,0,0,,,,,0
0.654953,1779967150.653148,9931,,BS2DCE,,f,0,1,2468,2468,100,1,O,0,0,0,0,2,,,,,,0,0,,,,,0
0.654953,1779967150.653148,9931,,BS2DCE,,f,0,2,2009,2009,100,1,O,0,0,0,0,2,,,,,,0,0,,,,,0
0.654953,1779967150.653148,9931,,BS2DCE,,f,0,3,1591,1591,100,1,O,0,0,0,0,2,,,,,,0,0,,,,,0
0.654953,1779967150.653148,9931,,BS2DCE,,f,0,4,2126,2126,100,1,O,0,0,0,0,2,,,,,,0,0,,,,,0
0.654953,1779967150.653148,9931,,BS2DCE,,f,0,5,2648,2648,100,1,O,0,0,0,0,2,,,,,,0,0,,,,,0
0.654953,1779967150.653148,9931,,BS2DCE,,f,0,6,2204,2204,100,1,O,0,0,0,0,2,,,,,,0,0,,,,,0
0.654953,1779967150.653148,9931,,BS2DCE,,f,0,7,0,1803,85,0,T,0,0,0,0,2,,,,,,0,0,,,,,0
0.760003,1779967150.758198,9932,,BS2DCE,,f,0,0,2220,2220,100,1,O,0,0,0,0,2,,,,,,0,0,,,,,0
0.760003,1779967150.758198,9932,,BS2DCE,,f,0,1,2429,2429,100,1,O,0,0,0,0,2,,,,,,0,0,,,,,0
0.760003,1779967150.758198,9932,,BS2DCE,,f,0,2,1986,1986,100,1,O,0,0,0,0,2,,,,,,0,0,,,,,0
0.760003,1779967150.758198,9932,,BS2DCE,,f,0,3,1807,1807,100,1,O,0,0,0,0,2,,,,,,0,0,,,,,0
0.760003,1779967150.758198,9932,,BS2DCE,,f,0,4,2148,2148,100,1,O,0,0,0,0,2,,,,,,0,0,,,,,0
0.760003,1779967150.758198,9932,,BS2DCE,,f,0,5,2630,2630,100,1,O,0,0,0,0,2,,,,,,0,0,,,,,0
0.760003,1779967150.758198,9932,,BS2DCE,,f,0,6,2333,2333,100,1,O,0,0,0,0,2,,,,,,0,0,,,,,0
0.760003,1779967150.758198,9932,,BS2DCE,,f,0,7,1735,1735,86,1,O,0,0,0,0,2,,,,,,0,0,,,,,0
0.857549,1779967150.855744,9933,,BS2DCE,,f,0,0,2147,2147,100,1,O,0,0,0,0,2,,,,,,0,0,,,,,0
0.857549,1779967150.855744,9933,,BS2DCE,,f,0,1,2318,2318,100,1,O,0,0,0,0,2,,,,,,0,0,,,,,0
0.857549,1779967150.855744,9933,,BS2DCE,,f,0,2,1879,1879,100,1,O,0,0,0,0,2,,,,,,0,0,,,,,0
0.857549,1779967150.855744,9933,,BS2DCE,,f,0,3,1831,1831,100,1,O,0,0,0,0,2,,,,,,0,0,,,,,0
0.857549,1779967150.855744,9933,,BS2DCE,,f,0,4,2181,2181,100,1,O,0,0,0,0,2,,,,,,0,0,,,,,0
0.857549,1779967150.855744,9933,,BS2DCE,,f,0,5,2595,2595,100,1,O,0,0,0,0,2,,,,,,0,0,,,,,0
0.857549,1779967150.855744,9933,,BS2DCE,,f,0,6,2315,2315,100,1,O,0,0,0,0,2,,,,,,0,0,,,,,0
0.857549,1779967150.855744,9933,,BS2DCE,,f,0,7,1757,1757,87,1,O,0,0,0,0,2,,,,,,0,0,,,,,0
0.963215,1779967150.96141,9934,,BS2DCE,,f,0,0,2097,2097,100,1,O,0,0,0,0,2,,,,,,0,0,,,,,0
0.963215,1779967150.96141,9934,,BS2DCE,,f,0,1,2307,2307,100,1,O,0,0,0,0,2,,,,,,0,0,,,,,0
0.963215,1779967150.96141,9934,,BS2DCE,,f,0,2,1836,1836,100,1,O,0,0,0,0,2,,,,,,0,0,,,,,0
0.963215,1779967150.96141,9934,,BS2DCE,,f,0,3,1869,1869,100,1,O,0,0,0,0,2,,,,,,0,0,,,,,0
0.963215,1779967150.96141,9934,,BS2DCE,,f,0,4,2233,2233,100,1,O,0,0,0,0,2,,,,,,0,0,,,,,0
0.963215,1779967150.96141,9934,,BS2DCE,,f,0,5,2466,2466,100,1,O,0,0,0,0,2,,,,,,0,0,,,,,0
0.963215,1779967150.96141,9934,,BS2DCE,,f,0,6,2275,2275,100,1,O,0,0,0,0,2,,,,,,0,0,,,,,0
0.963215,1779967150.96141,9934,,BS2DCE,,f,0,7,1749,1749,88,1,O,0,0,0,0,2,,,,,,0,0,,,,,0
1.083204,1779967151.081399,9935,,BS2DCE,,f,0,0,2231,2231,100,1,O,0,0,0,0,2,,,,,,0,0,,,,,0
1.083204,1779967151.081399,9935,,BS2DCE,,f,0,1,2258,2258,100,1,O,0,0,0,0,2,,,,,,0,0,,,,,0
1.083204,1779967151.081399,9935,,BS2DCE,,f,0,2,1870,1870,100,1,O,0,0,0,0,2,,,,,,0,0,,,,,0
1.083204,1779967151.081399,9935,,BS2DCE,,f,0,3,1804,1804,100,1,O,0,0,0,0,2,,,,,,0,0,,,,,0
1.083204,1779967151.081399,9935,,BS2DCE,,f,0,4,2263,2263,100,1,O,0,0,0,0,2,,,,,,0,0,,,,,0
1.083204,1779967151.081399,9935,,BS2DCE,,f,0,5,2471,2471,100,1,O,0,0,0,0,2,,,,,,0,0,,,,,0
1.083204,1779967151.081399,9935,,BS2DCE,,f,0,6,2264,2264,100,1,O,0,0,0,0,2,,,,,,0,0,,,,,0
1.083204,1779967151.081399,9935,,BS2DCE,,f,0,7,1774,1774,88,1,O,0,0,0,0,2,,,,,,0,0,,,,,0
1.172597,1779967151.170792,9936,,BS2DCE,,f,0,0,2194,2194,100,1,O,0,0,0,0,2,,,,,,0,0,,,,,0
1.172597,1779967151.170792,9936,,BS2DCE,,f,0,1,2232,2232,100,1,O,0,0,0,0,2,,,,,,0,0,,,,,0
1.172597,1779967151.170792,9936,,BS2DCE,,f,0,2,1778,1778,100,1,O,0,0,0,0,2,,,,,,0,0,,,,,0
1.172597,1779967151.170792,9936,,BS2DCE,,f,0,3,1814,1814,100,1,O,0,0,0,0,2,,,,,,0,0,,,,,0
1.172597,1779967151.170792,9936,,BS2DCE,,f,0,4,2275,2275,100,1,O,0,0,0,0,2,,,,,,0,0,,,,,0
1.172597,1779967151.170792,9936,,BS2DCE,,f,0,5,2442,2442,100,1,O,0,0,0,0,2,,,,,,0,0,,,,,0
1.172597,1779967151.170792,9936,,BS2DCE,,f,0,6,2181,2181,100,1,O,0,0,0,0,2,,,,,,0,0,,,,,0
1.172597,1779967151.170792,9936,,BS2DCE,,f,0,7,1813,1813,89,1,O,0,0,0,0,2,,,,,,0,0,,,,,0
1.270079,1779967151.268274,9937,,BS2DCE,,f,0,0,2177,2177,100,1,O,0,0,0,0,2,,,,,,0,0,,,,,0
1.270079,1779967151.268274,9937,,BS2DCE,,f,0,1,2179,2179,100,1,O,0,0,0,0,2,,,,,,0,0,,,,,0
1.270079,1779967151.268274,9937,,BS2DCE,,f,0,2,1732,1732,100,1,O,0,0,0,0,2,,,,,,0,0,,,,,0
1.270079,1779967151.268274,9937,,BS2DCE,,f,0,3,1778,1778,100,1,O,0,0,0,0,2,,,,,,0,0,,,,,0
1.270079,1779967151.268274,9937,,BS2DCE,,f,0,4,2283,2283,100,1,O,0,0,0,0,2,,,,,,0,0,,,,,0
1.270079,1779967151.268274,9937,,BS2DCE,,f,0,5,2205,2205,100,1,O,0,0,0,0,2,,,,,,0,0,,,,,0
1.270079,1779967151.268274,9937,,BS2DCE,,f,0,6,2086,2086,100,1,O,0,0,0,0,2,,,,,,0,0,,,,,0
1.270079,1779967151.268274,9937,,BS2DCE,,f,0,7,1789,1789,90,1,O,0,0,0,0,2,,,,,,0,0,,,,,0
1.459722,1779967151.457917,9938,,BS2DCE,,f,0,0,2178,2178,100,1,O,0,0,0,0,2,,,,,,0,0,,,,,0
1.459722,1779967151.457917,9938,,BS2DCE,,f,0,1,2151,2151,100,1,O,0,0,0,0,2,,,,,,0,0,,,,,0
1.459722,1779967151.457917,9938,,BS2DCE,,f,0,2,1726,1726,100,1,O,0,0,0,0,2,,,,,,0,0,,,,,0
1.459722,1779967151.457917,9938,,BS2DCE,,f,0,3,1840,1840,100,1,O,0,0,0,0,2,,,,,,0,0,,,,,0
1.459722,1779967151.457917,9938,,BS2DCE,,f,0,4,2287,2287,100,1,O,0,0,0,0,2,,,,,,0,0,,,,,0
1.459722,1779967151.457917,9938,,BS2DCE,,f,0,5,2322,2322,100,1,O,0,0,0,0,2,,,,,,0,0,,,,,0
1.459722,1779967151.457917,9938,,BS2DCE,,f,0,6,2058,2058,100,1,O,0,0,0,0,2,,,,,,0,0,,,,,0
1.459722,1779967151.457917,9938,,BS2DCE,,f,0,7,1900,1900,90,1,O,0,0,0,0,2,,,,,,0,0,,,,,0
1.480152,1779967151.478347,9939,,BS2DCE,,f,0,0,2249,2249,100,1,O,0,0,0,0,2,,,,,,0,0,,,,,0
1.480152,1779967151.478347,9939,,BS2DCE,,f,0,1,2162,2162,100,1,O,0,0,0,0,2,,,,,,0,0,,,,,0
1.480152,1779967151.478347,9939,,BS2DCE,,f,0,2,1630,1630,100,1,O,0,0,0,0,2,,,,,,0,0,,,,,0
1.480152,1779967151.478347,9939,,BS2DCE,,f,0,3,1775,1775,100,1,O,0,0,0,0,2,,,,,,0,0,,,,,0
1.480152,1779967151.478347,9939,,BS2DCE,,f,0,4,2317,2317,100,1,O,0,0,0,0,2,,,,,,0,0,,,,,0
1.480152,1779967151.478347,9939,,BS2DCE,,f,0,5,2397,2397,100,1,O,0,0,0,0,2,,,,,,0,0,,,,,0
1.480152,1779967151.478347,9939,,BS2DCE,,f,0,6,2016,2016,100,1,O,0,0,0,0,2,,,,,,0,0,,,,,0
1.480152,1779967151.478347,9939,,BS2DCE,,f,0,7,1850,1850,90,1,O,0,0,0,0,2,,,,,,0,0,,,,,0
1.577882,1779967151.576077,9940,,BS2DCE,,f,0,0,2290,2290,100,1,O,0,0,0,0,2,,,,,,0,0,,,,,0
1.577882,1779967151.576077,9940,,BS2DCE,,f,0,1,2131,2131,100,1,O,0,0,0,0,2,,,,,,0,0,,,,,0
1.577882,1779967151.576077,9940,,BS2DCE,,f,0,2,1620,1620,100,1,O,0,0,0,0,2,,,,,,0,0,,,,,0
1.577882,1779967151.576077,9940,,BS2DCE,,f,0,3,1799,1799,100,1,O,0,0,0,0,2,,,,,,0,0,,,,,0
1.577882,1779967151.576077,9940,,BS2DCE,,f,0,4,2349,2349,100,1,O,0,0,0,0,2,,,,,,0,0,,,,,0
1.577882,1779967151.576077,9940,,BS2DCE,,f,0,5,2346,2346,100,1,O,0,0,0,0,2,,,,,,0,0,,,,,0
1.577882,1779967151.576077,9940,,BS2DCE,,f,0,6,1886,1886,100,1,O,0,0,0,0,2,,,,,,0,0,,,,,0
1.577882,1779967151.576077,9940,,BS2DCE,,f,0,7,1915,1915,91,1,O,0,0,0,0,2,,,,,,0,0,,,,,0
1.667654,1779967151.665849,9941,,BS2DCE,,f,0,0,2317,2317,100,1,O,0,0,0,0,2,,,,,,0,0,,,,,0
1.667654,1779967151.665849,9941,,BS2DCE,,f,0,1,2075,2075,100,1,O,0,0,0,0,2,,,,,,0,0,,,,,0
1.667654,1779967151.665849,9941,,BS2DCE,,f,0,2,1561,1561,100,1,O,0,0,0,0,2,,,,,,0,0,,,,,0
1.667654,1779967151.665849,9941,,BS2DCE,,f,0,3,1802,1802,100,1,O,0,0,0,0,2,,,,,,0,0,,,,,0
1.667654,1779967151.665849,9941,,BS2DCE,,f,0,4,2382,2382,100,1,O,0,0,0,0,2,,,,,,0,0,,,,,0
1.667654,1779967151.665849,9941,,BS2DCE,,f,0,5,2267,2267,100,1,O,0,0,0,0,2,,,,,,0,0,,,,,0
1.667654,1779967151.665849,9941,,BS2DCE,,f,0,6,1774,1774,100,1,O,0,0,0,0,2,,,,,,0,0,,,,,0
1.667654,1779967151.665849,9941,,BS2DCE,,f,0,7,1953,1953,91,1,O,0,0,0,0,2,,,,,,0,0,,,,,0
1.802494,1779967151.800689,9942,,BS2DCE,,f,0,0,2329,2329,100,1,O,0,0,0,0,2,,,,,,0,0,,,,,0
1.802494,1779967151.800689,9942,,BS2DCE,,f,0,1,2068,2068,100,1,O,0,0,0,0,2,,,,,,0,0,,,,,0
1.802494,1779967151.800689,9942,,BS2DCE,,f,0,2,1549,1549,100,1,O,0,0,0,0,2,,,,,,0,0,,,,,0
1.802494,1779967151.800689,9942,,BS2DCE,,f,0,3,1934,1934,100,1,O,0,0,0,0,2,,,,,,0,0,,,,,0
1.802494,1779967151.800689,9942,,BS2DCE,,f,0,4,2482,2482,100,1,O,0,0,0,0,2,,,,,,0,0,,,,,0
1.802494,1779967151.800689,9942,,BS2DCE,,f,0,5,2270,2270,100,1,O,0,0,0,0,2,,,,,,0,0,,,,,0
1.802494,1779967151.800689,9942,,BS2DCE,,f,0,6,1877,1877,100,1,O,0,0,0,0,2,,,,,,0,0,,,,,0
1.802494,1779967151.800689,9942,,BS2DCE,,f,0,7,1965,1965,92,1,O,0,0,0,0,2,,,,,,0,0,,,,,0
1.870206,1779967151.868401,9943,,BS2DCE,,f,0,0,2319,2319,100,1,O,0,0,0,0,2,,,,,,0,0,,,,,0
1.870206,1779967151.868401,9943,,BS2DCE,,f,0,1,2082,2082,100,1,O,0,0,0,0,2,,,,,,0,0,,,,,0
1.870206,1779967151.868401,9943,,BS2DCE,,f,0,2,1514,1514,100,1,O,0,0,0,0,2,,,,,,0,0,,,,,0
1.870206,1779967151.868401,9943,,BS2DCE,,f,0,3,1896,1896,100,1,O,0,0,0,0,2,,,,,,0,0,,,,,0
1.870206,1779967151.868401,9943,,BS2DCE,,f,0,4,2442,2442,100,1,O,0,0,0,0,2,,,,,,0,0,,,,,0
1.870206,1779967151.868401,9943,,BS2DCE,,f,0,5,2279,2279,100,1,O,0,0,0,0,2,,,,,,0,0,,,,,0
1.870206,1779967151.868401,9943,,BS2DCE,,f,0,6,1813,1813,100,1,O,0,0,0,0,2,,,,,,0,0,,,,,0
1.870206,1779967151.868401,9943,,BS2DCE,,f,0,7,1982,1982,92,1,O,0,0,0,0,2,,,,,,0,0,,,,,0
1.960167,1779967151.958362,9944,,BS2DCE,,f,0,0,2388,2388,100,1,O,0,0,0,0,2,,,,,,0,0,,,,,0
1.960167,1779967151.958362,9944,,BS2DCE,,f,0,1,2071,2071,100,1,O,0,0,0,0,2,,,,,,0,0,,,,,0
1.960167,1779967151.958362,9944,,BS2DCE,,f,0,2,1528,1528,100,1,O,0,0,0,0,2,,,,,,0,0,,,,,0
1.960167,1779967151.958362,9944,,BS2DCE,,f,0,3,1926,1926,100,1,O,0,0,0,0,2,,,,,,0,0,,,,,0
1.960167,1779967151.958362,9944,,BS2DCE,,f,0,4,2501,2501,100,1,O,0,0,0,0,2,,,,,,0,0,,,,,0
1.960167,1779967151.958362,9944,,BS2DCE,,f,0,5,2174,2174,100,1,O,0,0,0,0,2,,,,,,0,0,,,,,0
1.960167,1779967151.958362,9944,,BS2DCE,,f,0,6,1808,1808,100,1,O,0,0,0,0,2,,,,,,0,0,,,,,0
1.960167,1779967151.958362,9944,,BS2DCE,,f,0,7,1999,1999,92,1,O,0,0,0,0,2,,,,,,0,0,,,,,0
2.058232,1779967152.056427,9945,,BS2DCE,,f,0,0,2375,2375,100,1,O,0,0,0,0,2,,,,,,0,0,,,,,0
2.058232,1779967152.056427,9945,,BS2DCE,,f,0,1,2058,2058,100,1,O,0,0,0,0,2,,,,,,0,0,,,,,0
2.058232,1779967152.056427,9945,,BS2DCE,,f,0,2,1527,1527,100,1,O,0,0,0,0,2,,,,,,0,0,,,,,0
2.058232,1779967152.056427,9945,,BS2DCE,,f,0,3,1925,1925,100,1,O,0,0,0,0,2,,,,,,0,0,,,,,0
2.058232,1779967152.056427,9945,,BS2DCE,,f,0,4,2535,2535,100,1,O,0,0,0,0,2,,,,,,0,0,,,,,0
2.058232,1779967152.056427,9945,,BS2DCE,,f,0,5,2251,2251,100,1,O,0,0,0,0,2,,,,,,0,0,,,,,0
2.058232,1779967152.056427,9945,,BS2DCE,,f,0,6,1721,1721,100,1,O,0,0,0,0,2,,,,,,0,0,,,,,0
2.058232,1779967152.056427,9945,,BS2DCE,,f,0,7,2040,2040,92,1,O,0,0,0,0,2,,,,,,0,0,,,,,0
2.163081,1779967152.161276,9946,,BS2DCE,,f,0,0,2386,2386,100,1,O,0,0,0,0,2,,,,,,0,0,,,,,0
2.163081,1779967152.161276,9946,,BS2DCE,,f,0,1,2042,2042,100,1,O,0,0,0,0,2,,,,,,0,0,,,,,0
2.163081,1779967152.161276,9946,,BS2DCE,,f,0,2,1463,1463,100,1,O,0,0,0,0,2,,,,,,0,0,,,,,0
2.163081,1779967152.161276,9946,,BS2DCE,,f,0,3,1989,1989,100,1,O,0,0,0,0,2,,,,,,0,0,,,,,0
2.163081,1779967152.161276,9946,,BS2DCE,,f,0,4,2488,2488,100,1,O,0,0,0,0,2,,,,,,0,0,,,,,0
2.163081,1779967152.161276,9946,,BS2DCE,,f,0,5,2190,2190,100,1,O,0,0,0,0,2,,,,,,0,0,,,,,0
2.163081,1779967152.161276,9946,,BS2DCE,,f,0,6,1737,1737,100,1,O,0,0,0,0,2,,,,,,0,0,,,,,0
2.163081,1779967152.161276,9946,,BS2DCE,,f,0,7,2053,2053,93,1,O,0,0,0,0,2,,,,,,0,0,,,,,0
2.267732,1779967152.265927,9947,,BS2DCE,,f,0,0,2424,2424,100,1,O,0,0,0,0,2,,,,,,0,0,,,,,0
2.267732,1779967152.265927,9947,,BS2DCE,,f,0,1,1971,1971,100,1,O,0,0,0,0,2,,,,,,0,0,,,,,0
2.267732,1779967152.265927,9947,,BS2DCE,,f,0,2,1430,1430,100,1,O,0,0,0,0,2,,,,,,0,0,,,,,0
2.267732,1779967152.265927,9947,,BS2DCE,,f,0,3,2002,2002,100,1,O,0,0,0,0,2,,,,,,0,0,,,,,0
2.267732,1779967152.265927,9947,,BS2DCE,,f,0,4,2524,2524,100,1,O,0,0,0,0,2,,,,,,0,0,,,,,0
2.267732,1779967152.265927,9947,,BS2DCE,,f,0,5,2187,2187,100,1,O,0,0,0,0,2,,,,,,0,0,,,,,0
2.267732,1779967152.265927,9947,,BS2DCE,,f,0,6,1708,1708,100,1,O,0,0,0,0,2,,,,,,0,0,,,,,0
2.267732,1779967152.265927,9947,,BS2DCE,,f,0,7,2074,2074,93,1,O,0,0,0,0,2,,,,,,0,0,,,,,0
2.435692,1779967152.433887,9948,,BS2DCE,,f,0,0,2508,2508,100,1,O,0,0,0,0,2,,,,,,0,0,,,,,0
2.435692,1779967152.433887,9948,,BS2DCE,,f,0,1,1991,1991,100,1,O,0,0,0,0,2,,,,,,0,0,,,,,0
2.435692,1779967152.433887,9948,,BS2DCE,,f,0,2,1467,1467,100,1,O,0,0,0,0,2,,,,,,0,0,,,,,0
2.435692,1779967152.433887,9948,,BS2DCE,,f,0,3,2069,2069,100,1,O,0,0,0,0,2,,,,,,0,0,,,,,0
2.435692,1779967152.433887,9948,,BS2DCE,,f,0,4,2603,2603,100,1,O,0,0,0,0,2,,,,,,0,0,,,,,0
2.435692,1779967152.433887,9948,,BS2DCE,,f,0,5,2110,2110,100,1,O,0,0,0,0,2,,,,,,0,0,,,,,0
2.435692,1779967152.433887,9948,,BS2DCE,,f,0,6,1691,1691,100,1,O,0,0,0,0,2,,,,,,0,0,,,,,0
2.435692,1779967152.433887,9948,,BS2DCE,,f,0,7,2126,2126,93,1,O,0,0,0,0,2,,,,,,0,0,,,,,0
2.46994,1779967152.468135,9949,,BS2DCE,,f,0,0,2486,2486,100,1,O,0,0,0,0,2,,,,,,0,0,,,,,0
2.46994,1779967152.468135,9949,,BS2DCE,,f,0,1,2062,2062,100,1,O,0,0,0,0,2,,,,,,0,0,,,,,0
2.46994,1779967152.468135,9949,,BS2DCE,,f,0,2,1473,1473,100,1,O,0,0,0,0,2,,,,,,0,0,,,,,0
2.46994,1779967152.468135,9949,,BS2DCE,,f,0,3,2056,2056,100,1,O,0,0,0,0,2,,,,,,0,0,,,,,0
2.46994,1779967152.468135,9949,,BS2DCE,,f,0,4,2593,2593,100,1,O,0,0,0,0,2,,,,,,0,0,,,,,0
2.46994,1779967152.468135,9949,,BS2DCE,,f,0,5,2017,2017,100,1,O,0,0,0,0,2,,,,,,0,0,,,,,0
2.46994,1779967152.468135,9949,,BS2DCE,,f,0,6,1644,1644,100,1,O,0,0,0,0,2,,,,,,0,0,,,,,0
2.46994,1779967152.468135,9949,,BS2DCE,,f,0,7,2150,2150,93,1,O,0,0,0,0,2,,,,,,0,0,,,,,0
2.575243,1779967152.573438,9950,,BS2DCE,,f,0,0,2536,2536,100,1,O,0,0,0,0,2,,,,,,0,0,,,,,0
2.575243,1779967152.573438,9950,,BS2DCE,,f,0,1,2014,2014,100,1,O,0,0,0,0,2,,,,,,0,0,,,,,0
2.575243,1779967152.573438,9950,,BS2DCE,,f,0,2,1537,1537,100,1,O,0,0,0,0,2,,,,,,0,0,,,,,0
2.575243,1779967152.573438,9950,,BS2DCE,,f,0,3,2201,2201,100,1,O,0,0,0,0,2,,,,,,0,0,,,,,0
2.575243,1779967152.573438,9950,,BS2DCE,,f,0,4,2594,2594,100,1,O,0,0,0,0,2,,,,,,0,0,,,,,0
2.575243,1779967152.573438,9950,,BS2DCE,,f,0,5,1987,1987,100,1,O,0,0,0,0,2,,,,,,0,0,,,,,0
2.575243,1779967152.573438,9950,,BS2DCE,,f,0,6,1611,1611,100,1,O,0,0,0,0,2,,,,,,0,0,,,,,0
2.575243,1779967152.573438,9950,,BS2DCE,,f,0,7,2201,2201,94,1,O,0,0,0,0,2,,,,,,0,0,,,,,0
2.657512,1779967152.655707,9951,,BS2DCE,,f,0,0,2527,2527,100,1,O,0,0,0,0,2,,,,,,0,0,,,,,0
2.657512,1779967152.655707,9951,,BS2DCE,,f,0,1,2422,2422,100,1,O,0,0,0,0,2,,,,,,0,0,,,,,0
2.657512,1779967152.655707,9951,,BS2DCE,,f,0,2,1576,1576,100,1,O,0,0,0,0,2,,,,,,0,0,,,,,0
2.657512,1779967152.655707,9951,,BS2DCE,,f,0,3,2240,2240,100,1,O,0,0,0,0,2,,,,,,0,0,,,,,0
2.657512,1779967152.655707,9951,,BS2DCE,,f,0,4,3880,3880,100,1,O,0,0,0,0,2,,,,,,0,0,,,,,0
2.657512,1779967152.655707,9951,,BS2DCE,,f,0,5,2083,2083,100,1,O,0,0,0,0,2,,,,,,0,0,,,,,0
2.657512,1779967152.655707,9951,,BS2DCE,,f,0,6,1629,1629,100,1,O,0,0,0,0,2,,,,,,0,0,,,,,0
2.657512,1779967152.655707,9951,,BS2DCE,,f,0,7,2190,2190,94,1,O,0,0,0,0,2,,,,,,0,0,,,,,0
2.762455,1779967152.76065,9952,,BS2DCE,,f,0,0,2645,2645,100,1,O,0,0,0,0,2,,,,,,0,0,,,,,0
2.762455,1779967152.76065,9952,,BS2DCE,,f,0,1,2214,2214,100,1,O,0,0,0,0,2,,,,,,0,0,,,,,0
2.762455,1779967152.76065,9952,,BS2DCE,,f,0,2,1625,1625,100,1,O,0,0,0,0,2,,,,,,0,0,,,,,0
2.762455,1779967152.76065,9952,,BS2DCE,,f,0,3,2238,2238,100,1,O,0,0,0,0,2,,,,,,0,0,,,,,0
2.762455,1779967152.76065,9952,,BS2DCE,,f,0,4,2701,2701,100,1,O,0,0,0,0,2,,,,,,0,0,,,,,0
2.762455,1779967152.76065,9952,,BS2DCE,,f,0,5,2008,2008,100,1,O,0,0,0,0,2,,,,,,0,0,,,,,0
2.762455,1779967152.76065,9952,,BS2DCE,,f,0,6,1589,1589,100,1,O,0,0,0,0,2,,,,,,0,0,,,,,0
2.762455,1779967152.76065,9952,,BS2DCE,,f,0,7,2214,2214,94,1,O,0,0,0,0,2,,,,,,0,0,,,,,0
2.882762,1779967152.880957,9953,,BS2DCE,,f,0,0,2723,2723,100,1,O,0,0,0,0,2,,,,,,0,0,,,,,0
2.882762,1779967152.880957,9953,,BS2DCE,,f,0,1,2051,2051,100,1,O,0,0,0,0,2,,,,,,0,0,,,,,0
2.882762,1779967152.880957,9953,,BS2DCE,,f,0,2,1582,1582,100,1,O,0,0,0,0,2,,,,,,0,0,,,,,0
2.882762,1779967152.880957,9953,,BS2DCE,,f,0,3,2250,2250,100,1,O,0,0,0,0,2,,,,,,0,0,,,,,0
2.882762,1779967152.880957,9953,,BS2DCE,,f,0,4,2597,2597,100,1,O,0,0,0,0,2,,,,,,0,0,,,,,0
2.882762,1779967152.880957,9953,,BS2DCE,,f,0,5,1767,1767,100,1,O,0,0,0,0,2,,,,,,0,0,,,,,0
2.882762,1779967152.880957,9953,,BS2DCE,,f,0,6,1609,1609,100,1,O,0,0,0,0,2,,,,,,0,0,,,,,0
2.882762,1779967152.880957,9953,,BS2DCE,,f,0,7,2194,2194,95,1,O,0,0,0,0,2,,,,,,0,0,,,,,0
2.972384,1779967152.970579,9954,,BS2DCE,,f,0,0,2672,2672,100,1,O,0,0,0,0,2,,,,,,0,0,,,,,0
2.972384,1779967152.970579,9954,,BS2DCE,,f,0,1,2025,2025,100,1,O,0,0,0,0,2,,,,,,0,0,,,,,0
2.972384,1779967152.970579,9954,,BS2DCE,,f,0,2,1559,1559,100,1,O,0,0,0,0,2,,,,,,0,0,,,,,0
2.972384,1779967152.970579,9954,,BS2DCE,,f,0,3,2271,2271,100,1,O,0,0,0,0,2,,,,,,0,0,,,,,0
2.972384,1779967152.970579,9954,,BS2DCE,,f,0,4,2565,2565,100,1,O,0,0,0,0,2,,,,,,0,0,,,,,0
2.972384,1779967152.970579,9954,,BS2DCE,,f,0,5,1818,1818,100,1,O,0,0,0,0,2,,,,,,0,0,,,,,0
2.972384,1779967152.970579,9954,,BS2DCE,,f,0,6,1574,1574,100,1,O,0,0,0,0,2,,,,,,0,0,,,,,0
2.972384,1779967152.970579,9954,,BS2DCE,,f,0,7,2216,2216,95,1,O,0,0,0,0,2,,,,,,0,0,,,,,0
3.069894,1779967153.068089,9955,,BS2DCE,,f,0,0,2931,2931,100,1,O,0,0,0,0,2,,,,,,0,0,,,,,0
3.069894,1779967153.068089,9955,,BS2DCE,,f,0,1,1876,1876,100,1,O,0,0,0,0,2,,,,,,0,0,,,,,0
3.069894,1779967153.068089,9955,,BS2DCE,,f,0,2,1563,1563,100,1,O,0,0,0,0,2,,,,,,0,0,,,,,0
3.069894,1779967153.068089,9955,,BS2DCE,,f,0,3,2348,2348,100,1,O,0,0,0,0,2,,,,,,0,0,,,,,0
3.069894,1779967153.068089,9955,,BS2DCE,,f,0,4,2502,2502,100,1,O,0,0,0,0,2,,,,,,0,0,,,,,0
3.069894,1779967153.068089,9955,,BS2DCE,,f,0,5,1658,1658,100,1,O,0,0,0,0,2,,,,,,0,0,,,,,0
3.069894,1779967153.068089,9955,,BS2DCE,,f,0,6,1544,1544,100,1,O,0,0,0,0,2,,,,,,0,0,,,,,0
3.069894,1779967153.068089,9955,,BS2DCE,,f,0,7,2230,2230,95,1,O,0,0,0,0,2,,,,,,0,0,,,,,0
3.17532,1779967153.173515,9956,,BS2DCE,,f,0,0,2927,2927,100,1,O,0,0,0,0,2,,,,,,0,0,,,,,0
3.17532,1779967153.173515,9956,,BS2DCE,,f,0,1,1888,1888,100,1,O,0,0,0,0,2,,,,,,0,0,,,,,0
3.17532,1779967153.173515,9956,,BS2DCE,,f,0,2,1605,1605,100,1,O,0,0,0,0,2,,,,,,0,0,,,,,0
3.17532,1779967153.173515,9956,,BS2DCE,,f,0,3,2422,2422,100,1,O,0,0,0,0,2,,,,,,0,0,,,,,0
3.17532,1779967153.173515,9956,,BS2DCE,,f,0,4,2459,2459,100,1,O,0,0,0,0,2,,,,,,0,0,,,,,0
3.17532,1779967153.173515,9956,,BS2DCE,,f,0,5,1745,1745,100,1,O,0,0,0,0,2,,,,,,0,0,,,,,0
3.17532,1779967153.173515,9956,,BS2DCE,,f,0,6,1617,1617,100,1,O,0,0,0,0,2,,,,,,0,0,,,,,0
3.17532,1779967153.173515,9956,,BS2DCE,,f,0,7,2306,2306,95,1,O,0,0,0,0,2,,,,,,0,0,,,,,0
3.25741,1779967153.255605,9957,,BS2DCE,,f,0,0,2738,2738,100,1,O,0,0,0,0,2,,,,,,0,0,,,,,0
3.25741,1779967153.255605,9957,,BS2DCE,,f,0,1,1837,1837,100,1,O,0,0,0,0,2,,,,,,0,0,,,,,0
3.25741,1779967153.255605,9957,,BS2DCE,,f,0,2,1681,1681,100,1,O,0,0,0,0,2,,,,,,0,0,,,,,0
3.25741,1779967153.255605,9957,,BS2DCE,,f,0,3,2420,2420,100,1,O,0,0,0,0,2,,,,,,0,0,,,,,0
3.25741,1779967153.255605,9957,,BS2DCE,,f,0,4,2393,2393,100,1,O,0,0,0,0,2,,,,,,0,0,,,,,0
3.25741,1779967153.255605,9957,,BS2DCE,,f,0,5,1688,1688,100,1,O,0,0,0,0,2,,,,,,0,0,,,,,0
3.25741,1779967153.255605,9957,,BS2DCE,,f,0,6,1599,1599,100,1,O,0,0,0,0,2,,,,,,0,0,,,,,0
3.25741,1779967153.255605,9957,,BS2DCE,,f,0,7,2267,2267,95,1,O,0,0,0,0,2,,,,,,0,0,,,,,0
3.427909,1779967153.426104,9958,,BS2DCE,,f,0,0,2714,2714,100,1,O,0,0,0,0,2,,,,,,0,0,,,,,0
3.427909,1779967153.426104,9958,,BS2DCE,,f,0,1,1789,1789,100,1,O,0,0,0,0,2,,,,,,0,0,,,,,0
3.427909,1779967153.426104,9958,,BS2DCE,,f,0,2,1730,1730,100,1,O,0,0,0,0,2,,,,,,0,0,,,,,0
3.427909,1779967153.426104,9958,,BS2DCE,,f,0,3,2430,2430,100,1,O,0,0,0,0,2,,,,,,0,0,,,,,0
3.427909,1779967153.426104,9958,,BS2DCE,,f,0,4,2396,2396,100,1,O,0,0,0,0,2,,,,,,0,0,,,,,0
3.427909,1779967153.426104,9958,,BS2DCE,,f,0,5,1631,1631,100,1,O,0,0,0,0,2,,,,,,0,0,,,,,0
3.427909,1779967153.426104,9958,,BS2DCE,,f,0,6,1634,1634,100,1,O,0,0,0,0,2,,,,,,0,0,,,,,0
3.427909,1779967153.426104,9958,,BS2DCE,,f,0,7,2337,2337,96,1,O,0,0,0,0,2,,,,,,0,0,,,,,0
3.46747,1779967153.465665,9959,,BS2DCE,,f,0,0,2655,2655,100,1,O,0,0,0,0,2,,,,,,0,0,,,,,0
3.46747,1779967153.465665,9959,,BS2DCE,,f,0,1,1852,1852,100,1,O,0,0,0,0,2,,,,,,0,0,,,,,0
3.46747,1779967153.465665,9959,,BS2DCE,,f,0,2,1710,1710,100,1,O,0,0,0,0,2,,,,,,0,0,,,,,0
3.46747,1779967153.465665,9959,,BS2DCE,,f,0,3,2486,2486,100,1,O,0,0,0,0,2,,,,,,0,0,,,,,0
3.46747,1779967153.465665,9959,,BS2DCE,,f,0,4,2345,2345,100,1,O,0,0,0,0,2,,,,,,0,0,,,,,0
3.46747,1779967153.465665,9959,,BS2DCE,,f,0,5,1571,1571,100,1,O,0,0,0,0,2,,,,,,0,0,,,,,0
3.46747,1779967153.465665,9959,,BS2DCE,,f,0,6,1852,1852,100,1,O,0,0,0,0,2,,,,,,0,0,,,,,0
3.46747,1779967153.465665,9959,,BS2DCE,,f,0,7,2495,2495,96,1,O,0,0,0,0,2,,,,,,0,0,,,,,0
3.602385,1779967153.60058,9960,,BS2DCE,,f,0,0,2626,2626,100,1,O,0,0,0,0,2,,,,,,0,0,,,,,0
3.602385,1779967153.60058,9960,,BS2DCE,,f,0,1,1849,1849,100,1,O,0,0,0,0,2,,,,,,0,0,,,,,0
3.602385,1779967153.60058,9960,,BS2DCE,,f,0,2,1786,1786,100,1,O,0,0,0,0,2,,,,,,0,0,,,,,0
3.602385,1779967153.60058,9960,,BS2DCE,,f,0,3,2470,2470,100,1,O,0,0,0,0,2,,,,,,0,0,,,,,0
3.602385,1779967153.60058,9960,,BS2DCE,,f,0,4,2253,2253,100,1,O,0,0,0,0,2,,,,,,0,0,,,,,0
3.602385,1779967153.60058,9960,,BS2DCE,,f,0,5,1613,1613,100,1,O,0,0,0,0,2,,,,,,0,0,,,,,0
3.602385,1779967153.60058,9960,,BS2DCE,,f,0,6,1765,1765,100,1,O,0,0,0,0,2,,,,,,0,0,,,,,0
3.602385,1779967153.60058,9960,,BS2DCE,,f,0,7,2428,2428,96,1,O,0,0,0,0,2,,,,,,0,0,,,,,0
3.669919,1779967153.668114,9961,,BS2DCE,,f,0,0,2544,2544,100,1,O,0,0,0,0,2,,,,,,0,0,,,,,0
3.669919,1779967153.668114,9961,,BS2DCE,,f,0,1,1892,1892,100,1,O,0,0,0,0,2,,,,,,0,0,,,,,0
3.669919,1779967153.668114,9961,,BS2DCE,,f,0,2,1836,1836,100,1,O,0,0,0,0,2,,,,,,0,0,,,,,0
3.669919,1779967153.668114,9961,,BS2DCE,,f,0,3,2518,2518,100,1,O,0,0,0,0,2,,,,,,0,0,,,,,0
3.669919,1779967153.668114,9961,,BS2DCE,,f,0,4,2204,2204,100,1,O,0,0,0,0,2,,,,,,0,0,,,,,0
3.669919,1779967153.668114,9961,,BS2DCE,,f,0,5,1656,1656,100,1,O,0,0,0,0,2,,,,,,0,0,,,,,0
3.669919,1779967153.668114,9961,,BS2DCE,,f,0,6,1787,1787,100,1,O,0,0,0,0,2,,,,,,0,0,,,,,0
3.669919,1779967153.668114,9961,,BS2DCE,,f,0,7,2418,2418,96,1,O,0,0,0,0,2,,,,,,0,0,,,,,0
3.75988,1779967153.758075,9962,,BS2DCE,,f,0,0,2483,2483,100,1,O,0,0,0,0,2,,,,,,0,0,,,,,0
3.75988,1779967153.758075,9962,,BS2DCE,,f,0,1,1985,1985,100,1,O,0,0,0,0,2,,,,,,0,0,,,,,0
3.75988,1779967153.758075,9962,,BS2DCE,,f,0,2,1968,1968,100,1,O,0,0,0,0,2,,,,,,0,0,,,,,0
3.75988,1779967153.758075,9962,,BS2DCE,,f,0,3,2593,2593,100,1,O,0,0,0,0,2,,,,,,0,0,,,,,0
3.75988,1779967153.758075,9962,,BS2DCE,,f,0,4,2132,2132,100,1,O,0,0,0,0,2,,,,,,0,0,,,,,0
3.75988,1779967153.758075,9962,,BS2DCE,,f,0,5,1627,1627,100,1,O,0,0,0,0,2,,,,,,0,0,,,,,0
3.75988,1779967153.758075,9962,,BS2DCE,,f,0,6,1823,1823,100,1,O,0,0,0,0,2,,,,,,0,0,,,,,0
3.75988,1779967153.758075,9962,,BS2DCE,,f,0,7,2333,2333,96,1,O,0,0,0,0,2,,,,,,0,0,,,,,0
3.857439,1779967153.855634,9963,,BS2DCE,,f,0,0,2507,2507,100,1,O,0,0,0,0,2,,,,,,0,0,,,,,0
3.857439,1779967153.855634,9963,,BS2DCE,,f,0,1,2012,2012,100,1,O,0,0,0,0,2,,,,,,0,0,,,,,0
3.857439,1779967153.855634,9963,,BS2DCE,,f,0,2,2025,2025,100,1,O,0,0,0,0,2,,,,,,0,0,,,,,0
3.857439,1779967153.855634,9963,,BS2DCE,,f,0,3,2628,2628,100,1,O,0,0,0,0,2,,,,,,0,0,,,,,0
3.857439,1779967153.855634,9963,,BS2DCE,,f,0,4,2128,2128,100,1,O,0,0,0,0,2,,,,,,0,0,,,,,0
3.857439,1779967153.855634,9963,,BS2DCE,,f,0,5,1755,1755,100,1,O,0,0,0,0,2,,,,,,0,0,,,,,0
3.857439,1779967153.855634,9963,,BS2DCE,,f,0,6,1808,1808,100,1,O,0,0,0,0,2,,,,,,0,0,,,,,0
3.857439,1779967153.855634,9963,,BS2DCE,,f,0,7,2327,2327,96,1,O,0,0,0,0,2,,,,,,0,0,,,,,0
3.963452,1779967153.961647,9964,,BS2DCE,,f,0,0,2365,2365,100,1,O,0,0,0,0,2,,,,,,0,0,,,,,0
3.963452,1779967153.961647,9964,,BS2DCE,,f,0,1,2008,2008,100,1,O,0,0,0,0,2,,,,,,0,0,,,,,0
3.963452,1779967153.961647,9964,,BS2DCE,,f,0,2,2041,2041,100,1,O,0,0,0,0,2,,,,,,0,0,,,,,0
3.963452,1779967153.961647,9964,,BS2DCE,,f,0,3,2757,2757,100,1,O,0,0,0,0,2,,,,,,0,0,,,,,0
3.963452,1779967153.961647,9964,,BS2DCE,,f,0,4,2053,2053,100,1,O,0,0,0,0,2,,,,,,0,0,,,,,0
3.963452,1779967153.961647,9964,,BS2DCE,,f,0,5,1584,1584,100,1,O,0,0,0,0,2,,,,,,0,0,,,,,0
3.963452,1779967153.961647,9964,,BS2DCE,,f,0,6,1885,1885,100,1,O,0,0,0,0,2,,,,,,0,0,,,,,0
3.963452,1779967153.961647,9964,,BS2DCE,,f,0,7,2294,2294,96,1,O,0,0,0,0,2,,,,,,0,0,,,,,0
4.06817,1779967154.066365,9965,,BS2DCE,,f,0,0,2284,2284,100,1,O,0,0,0,0,2,,,,,,0,0,,,,,0
4.06817,1779967154.066365,9965,,BS2DCE,,f,0,1,2035,2035,100,1,O,0,0,0,0,2,,,,,,0,0,,,,,0
4.06817,1779967154.066365,9965,,BS2DCE,,f,0,2,2062,2062,100,1,O,0,0,0,0,2,,,,,,0,0,,,,,0
4.06817,1779967154.066365,9965,,BS2DCE,,f,0,3,2549,2549,100,1,O,0,0,0,0,2,,,,,,0,0,,,,,0
4.06817,1779967154.066365,9965,,BS2DCE,,f,0,4,1996,1996,100,1,O,0,0,0,0,2,,,,,,0,0,,,,,0
4.06817,1779967154.066365,9965,,BS2DCE,,f,0,5,1627,1627,100,1,O,0,0,0,0,2,,,,,,0,0,,,,,0
4.06817,1779967154.066365,9965,,BS2DCE,,f,0,6,1888,1888,100,1,O,0,0,0,0,2,,,,,,0,0,,,,,0
4.06817,1779967154.066365,9965,,BS2DCE,,f,0,7,2196,2196,96,1,O,0,0,0,0,2,,,,,,0,0,,,,,0
4.172594,1779967154.170789,9966,,BS2DCE,,f,0,0,2209,2209,100,1,O,0,0,0,0,2,,,,,,0,0,,,,,0
4.172594,1779967154.170789,9966,,BS2DCE,,f,0,1,2019,2019,100,1,O,0,0,0,0,2,,,,,,0,0,,,,,0
4.172594,1779967154.170789,9966,,BS2DCE,,f,0,2,2150,2150,100,1,O,0,0,0,0,2,,,,,,0,0,,,,,0
4.172594,1779967154.170789,9966,,BS2DCE,,f,0,3,2485,2485,100,1,O,0,0,0,0,2,,,,,,0,0,,,,,0
4.172594,1779967154.170789,9966,,BS2DCE,,f,0,4,1928,1928,100,1,O,0,0,0,0,2,,,,,,0,0,,,,,0
4.172594,1779967154.170789,9966,,BS2DCE,,f,0,5,1628,1628,100,1,O,0,0,0,0,2,,,,,,0,0,,,,,0
4.172594,1779967154.170789,9966,,BS2DCE,,f,0,6,1949,1949,100,1,O,0,0,0,0,2,,,,,,0,0,,,,,0
4.172594,1779967154.170789,9966,,BS2DCE,,f,0,7,2118,2118,100,1,O,0,0,0,0,2,,,,,,0,0,,,,,0
4.269952,1779967154.268147,9967,,BS2DCE,,f,0,0,2174,2174,100,1,O,0,0,0,0,2,,,,,,0,0,,,,,0
4.269952,1779967154.268147,9967,,BS2DCE,,f,0,1,2035,2035,100,1,O,0,0,0,0,2,,,,,,0,0,,,,,0
4.269952,1779967154.268147,9967,,BS2DCE,,f,0,2,2270,2270,100,1,O,0,0,0,0,2,,,,,,0,0,,,,,0
4.269952,1779967154.268147,9967,,BS2DCE,,f,0,3,2587,2587,100,1,O,0,0,0,0,2,,,,,,0,0,,,,,0
4.269952,1779967154.268147,9967,,BS2DCE,,f,0,4,1756,1756,100,1,O,0,0,0,0,2,,,,,,0,0,,,,,0
4.269952,1779967154.268147,9967,,BS2DCE,,f,0,5,1681,1681,100,1,O,0,0,0,0,2,,,,,,0,0,,,,,0
4.269952,1779967154.268147,9967,,BS2DCE,,f,0,6,1980,1980,100,1,O,0,0,0,0,2,,,,,,0,0,,,,,0
4.269952,1779967154.268147,9967,,BS2DCE,,f,0,7,2058,2058,100,1,O,0,0,0,0,2,,,,,,0,0,,,,,0
4.42994,1779967154.428135,9968,,BS2DCE,,f,0,0,2130,2130,100,1,O,0,0,0,0,2,,,,,,0,0,,,,,0
4.42994,1779967154.428135,9968,,BS2DCE,,f,0,1,2091,2091,100,1,O,0,0,0,0,2,,,,,,0,0,,,,,0
4.42994,1779967154.428135,9968,,BS2DCE,,f,0,2,2326,2326,100,1,O,0,0,0,0,2,,,,,,0,0,,,,,0
4.42994,1779967154.428135,9968,,BS2DCE,,f,0,3,2343,2343,100,1,O,0,0,0,0,2,,,,,,0,0,,,,,0
4.42994,1779967154.428135,9968,,BS2DCE,,f,0,4,1743,1743,100,1,O,0,0,0,0,2,,,,,,0,0,,,,,0
4.42994,1779967154.428135,9968,,BS2DCE,,f,0,5,1751,1751,100,1,O,0,0,0,0,2,,,,,,0,0,,,,,0
4.42994,1779967154.428135,9968,,BS2DCE,,f,0,6,2038,2038,100,1,O,0,0,0,0,2,,,,,,0,0,,,,,0
4.42994,1779967154.428135,9968,,BS2DCE,,f,0,7,1993,1993,100,1,O,0,0,0,0,2,,,,,,0,0,,,,,0
4.458211,1779967154.456406,9969,,BS2DCE,,f,0,0,2108,2108,100,1,O,0,0,0,0,2,,,,,,0,0,,,,,0
4.458211,1779967154.456406,9969,,BS2DCE,,f,0,1,2264,2264,100,1,O,0,0,0,0,2,,,,,,0,0,,,,,0
4.458211,1779967154.456406,9969,,BS2DCE,,f,0,2,2273,2273,100,1,O,0,0,0,0,2,,,,,,0,0,,,,,0
4.458211,1779967154.456406,9969,,BS2DCE,,f,0,3,2280,2280,100,1,O,0,0,0,0,2,,,,,,0,0,,,,,0
4.458211,1779967154.456406,9969,,BS2DCE,,f,0,4,1731,1731,100,1,O,0,0,0,0,2,,,,,,0,0,,,,,0
4.458211,1779967154.456406,9969,,BS2DCE,,f,0,5,1935,1935,100,1,O,0,0,0,0,2,,,,,,0,0,,,,,0
4.458211,1779967154.456406,9969,,BS2DCE,,f,0,6,2080,2080,100,1,O,0,0,0,0,2,,,,,,0,0,,,,,0
4.458211,1779967154.456406,9969,,BS2DCE,,f,0,7,1979,1979,100,1,O,0,0,0,0,2,,,,,,0,0,,,,,0
4.578457,1779967154.576652,9970,,BS2DCE,,f,0,0,2091,2091,100,1,O,0,0,0,0,2,,,,,,0,0,,,,,0
4.578457,1779967154.576652,9970,,BS2DCE,,f,0,1,2713,2713,100,1,O,0,0,0,0,2,,,,,,0,0,,,,,0
4.578457,1779967154.576652,9970,,BS2DCE,,f,0,2,2343,2343,100,1,O,0,0,0,0,2,,,,,,0,0,,,,,0
4.578457,1779967154.576652,9970,,BS2DCE,,f,0,3,2206,2206,100,1,O,0,0,0,0,2,,,,,,0,0,,,,,0
4.578457,1779967154.576652,9970,,BS2DCE,,f,0,4,1668,1668,100,1,O,0,0,0,0,2,,,,,,0,0,,,,,0
4.578457,1779967154.576652,9970,,BS2DCE,,f,0,5,1950,1950,100,1,O,0,0,0,0,2,,,,,,0,0,,,,,0
4.578457,1779967154.576652,9970,,BS2DCE,,f,0,6,2139,2139,100,1,O,0,0,0,0,2,,,,,,0,0,,,,,0
4.578457,1779967154.576652,9970,,BS2DCE,,f,0,7,1858,1858,100,1,O,0,0,0,0,2,,,,,,0,0,,,,,0
4.682529,1779967154.680724,9971,,BS2DCE,,f,0,0,2114,2114,100,1,O,0,0,0,0,2,,,,,,0,0,,,,,0
4.682529,1779967154.680724,9971,,BS2DCE,,f,0,1,2542,2542,100,1,O,0,0,0,0,2,,,,,,0,0,,,,,0
4.682529,1779967154.680724,9971,,BS2DCE,,f,0,2,2384,2384,100,1,O,0,0,0,0,2,,,,,,0,0,,,,,0
4.682529,1779967154.680724,9971,,BS2DCE,,f,0,3,2212,2212,100,1,O,0,0,0,0,2,,,,,,0,0,,,,,0
4.682529,1779967154.680724,9971,,BS2DCE,,f,0,4,1705,1705,100,1,O,0,0,0,0,2,,,,,,0,0,,,,,0
4.682529,1779967154.680724,9971,,BS2DCE,,f,0,5,2090,2090,100,1,O,0,0,0,0,2,,,,,,0,0,,,,,0
4.682529,1779967154.680724,9971,,BS2DCE,,f,0,6,2142,2142,100,1,O,0,0,0,0,2,,,,,,0,0,,,,,0
4.682529,1779967154.680724,9971,,BS2DCE,,f,0,7,1865,1865,100,1,O,0,0,0,0,2,,,,,,0,0,,,,,0
4.772434,1779967154.770629,9972,,BS2DCE,,f,0,0,2055,2055,100,1,O,0,0,0,0,2,,,,,,0,0,,,,,0
4.772434,1779967154.770629,9972,,BS2DCE,,f,0,1,2402,2402,100,1,O,0,0,0,0,2,,,,,,0,0,,,,,0
4.772434,1779967154.770629,9972,,BS2DCE,,f,0,2,2668,2668,100,1,O,0,0,0,0,2,,,,,,0,0,,,,,0
4.772434,1779967154.770629,9972,,BS2DCE,,f,0,3,2143,2143,100,1,O,0,0,0,0,2,,,,,,0,0,,,,,0
4.772434,1779967154.770629,9972,,BS2DCE,,f,0,4,1784,1784,100,1,O,0,0,0,0,2,,,,,,0,0,,,,,0
4.772434,1779967154.770629,9972,,BS2DCE,,f,0,5,2177,2177,100,1,O,0,0,0,0,2,,,,,,0,0,,,,,0
4.772434,1779967154.770629,9972,,BS2DCE,,f,0,6,2262,2262,100,1,O,0,0,0,0,2,,,,,,0,0,,,,,0
4.772434,1779967154.770629,9972,,BS2DCE,,f,0,7,1816,1816,100,1,O,0,0,0,0,2,,,,,,0,0,,,,,0
4.869955,1779967154.86815,9973,,BS2DCE,,f,0,0,2052,2052,100,1,O,0,0,0,0,2,,,,,,0,0,,,,,0
4.869955,1779967154.86815,9973,,BS2DCE,,f,0,1,2419,2419,100,1,O,0,0,0,0,2,,,,,,0,0,,,,,0
4.869955,1779967154.86815,9973,,BS2DCE,,f,0,2,2583,2583,100,1,O,0,0,0,0,2,,,,,,0,0,,,,,0
4.869955,1779967154.86815,9973,,BS2DCE,,f,0,3,2096,2096,100,1,O,0,0,0,0,2,,,,,,0,0,,,,,0
4.869955,1779967154.86815,9973,,BS2DCE,,f,0,4,1839,1839,100,1,O,0,0,0,0,2,,,,,,0,0,,,,,0
4.869955,1779967154.86815,9973,,BS2DCE,,f,0,5,2163,2163,100,1,O,0,0,0,0,2,,,,,,0,0,,,,,0
4.869955,1779967154.86815,9973,,BS2DCE,,f,0,6,2212,2212,100,1,O,0,0,0,0,2,,,,,,0,0,,,,,0
4.869955,1779967154.86815,9973,,BS2DCE,,f,0,7,1815,1815,100,1,O,0,0,0,0,2,,,,,,0,0,,,,,0
4.960157,1779967154.958352,9974,,BS2DCE,,f,0,0,1977,1977,100,1,O,0,0,0,0,2,,,,,,0,0,,,,,0
4.960157,1779967154.958352,9974,,BS2DCE,,f,0,1,2368,2368,100,1,O,0,0,0,0,2,,,,,,0,0,,,,,0
4.960157,1779967154.958352,9974,,BS2DCE,,f,0,2,2344,2344,100,1,O,0,0,0,0,2,,,,,,0,0,,,,,0
4.960157,1779967154.958352,9974,,BS2DCE,,f,0,3,1946,1946,100,1,O,0,0,0,0,2,,,,,,0,0,,,,,0
4.960157,1779967154.958352,9974,,BS2DCE,,f,0,4,1705,1705,100,1,O,0,0,0,0,2,,,,,,0,0,,,,,0
4.960157,1779967154.958352,9974,,BS2DCE,,f,0,5,2263,2263,100,1,O,0,0,0,0,2,,,,,,0,0,,,,,0
4.960157,1779967154.958352,9974,,BS2DCE,,f,0,6,2275,2275,100,1,O,0,0,0,0,2,,,,,,0,0,,,,,0
4.960157,1779967154.958352,9974,,BS2DCE,,f,0,7,1774,1774,100,1,O,0,0,0,0,2,,,,,,0,0,,,,,0
5.060261,1779967155.058456,9975,,BS2DCE,,f,0,0,1857,1857,100,1,O,0,0,0,0,2,,,,,,0,0,,,,,0
5.060261,1779967155.058456,9975,,BS2DCE,,f,0,1,2457,2457,100,1,O,0,0,0,0,2,,,,,,0,0,,,,,0
5.060261,1779967155.058456,9975,,BS2DCE,,f,0,2,2316,2316,100,1,O,0,0,0,0,2,,,,,,0,0,,,,,0
5.060261,1779967155.058456,9975,,BS2DCE,,f,0,3,1881,1881,100,1,O,0,0,0,0,2,,,,,,0,0,,,,,0
5.060261,1779967155.058456,9975,,BS2DCE,,f,0,4,1749,1749,100,1,O,0,0,0,0,2,,,,,,0,0,,,,,0
5.060261,1779967155.058456,9975,,BS2DCE,,f,0,5,2273,2273,100,1,O,0,0,0,0,2,,,,,,0,0,,,,,0
5.060261,1779967155.058456,9975,,BS2DCE,,f,0,6,2302,2302,100,1,O,0,0,0,0,2,,,,,,0,0,,,,,0
5.060261,1779967155.058456,9975,,BS2DCE,,f,0,7,1764,1764,100,1,O,0,0,0,0,2,,,,,,0,0,,,,,0
5.162546,1779967155.160741,9976,,BS2DCE,,f,0,0,1937,1937,100,1,O,0,0,0,0,2,,,,,,0,0,,,,,0
5.162546,1779967155.160741,9976,,BS2DCE,,f,0,1,2385,2385,100,1,O,0,0,0,0,2,,,,,,0,0,,,,,0
5.162546,1779967155.160741,9976,,BS2DCE,,f,0,2,2290,2290,100,1,O,0,0,0,0,2,,,,,,0,0,,,,,0
5.162546,1779967155.160741,9976,,BS2DCE,,f,0,3,1759,1759,100,1,O,0,0,0,0,2,,,,,,0,0,,,,,0
5.162546,1779967155.160741,9976,,BS2DCE,,f,0,4,1815,1815,100,1,O,0,0,0,0,2,,,,,,0,0,,,,,0
5.162546,1779967155.160741,9976,,BS2DCE,,f,0,5,2413,2413,100,1,O,0,0,0,0,2,,,,,,0,0,,,,,0
5.162546,1779967155.160741,9976,,BS2DCE,,f,0,6,2226,2226,100,1,O,0,0,0,0,2,,,,,,0,0,,,,,0
5.162546,1779967155.160741,9976,,BS2DCE,,f,0,7,1725,1725,100,1,O,0,0,0,0,2,,,,,,0,0,,,,,0
5.267463,1779967155.265658,9977,,BS2DCE,,f,0,0,1945,1945,100,1,O,0,0,0,0,2,,,,,,0,0,,,,,0
5.267463,1779967155.265658,9977,,BS2DCE,,f,0,1,2370,2370,100,1,O,0,0,0,0,2,,,,,,0,0,,,,,0
5.267463,1779967155.265658,9977,,BS2DCE,,f,0,2,2292,2292,100,1,O,0,0,0,0,2,,,,,,0,0,,,,,0
5.267463,1779967155.265658,9977,,BS2DCE,,f,0,3,1697,1697,100,1,O,0,0,0,0,2,,,,,,0,0,,,,,0
5.267463,1779967155.265658,9977,,BS2DCE,,f,0,4,1822,1822,100,1,O,0,0,0,0,2,,,,,,0,0,,,,,0
5.267463,1779967155.265658,9977,,BS2DCE,,f,0,5,2402,2402,100,1,O,0,0,0,0,2,,,,,,0,0,,,,,0
5.267463,1779967155.265658,9977,,BS2DCE,,f,0,6,2261,2261,100,1,O,0,0,0,0,2,,,,,,0,0,,,,,0
5.267463,1779967155.265658,9977,,BS2DCE,,f,0,7,1641,1641,100,1,O,0,0,0,0,2,,,,,,0,0,,,,,0
5.419824,1779967155.418019,9978,,BS2DCE,,f,0,0,1948,1948,100,1,O,0,0,0,0,2,,,,,,0,0,,,,,0
5.419824,1779967155.418019,9978,,BS2DCE,,f,0,1,2565,2565,100,1,O,0,0,0,0,2,,,,,,0,0,,,,,0
5.419824,1779967155.418019,9978,,BS2DCE,,f,0,2,2268,2268,100,1,O,0,0,0,0,2,,,,,,0,0,,,,,0
5.419824,1779967155.418019,9978,,BS2DCE,,f,0,3,1671,1671,100,1,O,0,0,0,0,2,,,,,,0,0,,,,,0
5.419824,1779967155.418019,9978,,BS2DCE,,f,0,4,1865,1865,100,1,O,0,0,0,0,2,,,,,,0,0,,,,,0
5.419824,1779967155.418019,9978,,BS2DCE,,f,0,5,2409,2409,100,1,O,0,0,0,0,2,,,,,,0,0,,,,,0
5.419824,1779967155.418019,9978,,BS2DCE,,f,0,6,2265,2265,100,1,O,0,0,0,0,2,,,,,,0,0,,,,,0
5.419824,1779967155.418019,9978,,BS2DCE,,f,0,7,1645,1645,100,1,O,0,0,0,0,2,,,,,,0,0,,,,,0
5.490208,1779967155.488403,9979,,BS2DCE,,f,0,0,2021,2021,100,1,O,0,0,0,0,2,,,,,,0,0,,,,,0
5.490208,1779967155.488403,9979,,BS2DCE,,f,0,1,2689,2689,100,1,O,0,0,0,0,2,,,,,,0,0,,,,,0
5.490208,1779967155.488403,9979,,BS2DCE,,f,0,2,2084,2084,100,1,O,0,0,0,0,2,,,,,,0,0,,,,,0
5.490208,1779967155.488403,9979,,BS2DCE,,f,0,3,1699,1699,100,1,O,0,0,0,0,2,,,,,,0,0,,,,,0
5.490208,1779967155.488403,9979,,BS2DCE,,f,0,4,1916,1916,100,1,O,0,0,0,0,2,,,,,,0,0,,,,,0
5.490208,1779967155.488403,9979,,BS2DCE,,f,0,5,2409,2409,100,1,O,0,0,0,0,2,,,,,,0,0,,,,,0
5.490208,1779967155.488403,9979,,BS2DCE,,f,0,6,2183,2183,100,1,O,0,0,0,0,2,,,,,,0,0,,,,,0
5.490208,1779967155.488403,9979,,BS2DCE,,f,0,7,1651,1651,100,1,O,0,0,0,0,2,,,,,,0,0,,,,,0
5.575189,1779967155.573384,9980,,BS2DCE,,f,0,0,2097,2097,100,1,O,0,0,0,0,2,,,,,,0,0,,,,,0
5.575189,1779967155.573384,9980,,BS2DCE,,f,0,1,2655,2655,100,1,O,0,0,0,0,2,,,,,,0,0,,,,,0
5.575189,1779967155.573384,9980,,BS2DCE,,f,0,2,2050,2050,100,1,O,0,0,0,0,2,,,,,,0,0,,,,,0
5.575189,1779967155.573384,9980,,BS2DCE,,f,0,3,1623,1623,100,1,O,0,0,0,0,2,,,,,,0,0,,,,,0
5.575189,1779967155.573384,9980,,BS2DCE,,f,0,4,1942,1942,100,1,O,0,0,0,0,2,,,,,,0,0,,,,,0
5.575189,1779967155.573384,9980,,BS2DCE,,f,0,5,2077,2077,100,1,O,0,0,0,0,2,,,,,,0,0,,,,,0
5.575189,1779967155.573384,9980,,BS2DCE,,f,0,6,2183,2183,100,1,O,0,0,0,0,2,,,,,,0,0,,,,,0
5.575189,1779967155.573384,9980,,BS2DCE,,f,0,7,1698,1698,100,1,O,0,0,0,0,2,,,,,,0,0,,,,,0
5.676442,1779967155.674637,9981,,BS2DCE,,f,0,0,2135,2135,100,1,O,0,0,0,0,2,,,,,,0,0,,,,,0
5.676442,1779967155.674637,9981,,BS2DCE,,f,0,1,2617,2617,100,1,O,0,0,0,0,2,,,,,,0,0,,,,,0
5.676442,1779967155.674637,9981,,BS2DCE,,f,0,2,2045,2045,100,1,O,0,0,0,0,2,,,,,,0,0,,,,,0
5.676442,1779967155.674637,9981,,BS2DCE,,f,0,3,1633,1633,100,1,O,0,0,0,0,2,,,,,,0,0,,,,,0
5.676442,1779967155.674637,9981,,BS2DCE,,f,0,4,1981,1981,100,1,O,0,0,0,0,2,,,,,,0,0,,,,,0
5.676442,1779967155.674637,9981,,BS2DCE,,f,0,5,2449,2449,100,1,O,0,0,0,0,2,,,,,,0,0,,,,,0
5.676442,1779967155.674637,9981,,BS2DCE,,f,0,6,2151,2151,100,1,O,0,0,0,0,2,,,,,,0,0,,,,,0
5.676442,1779967155.674637,9981,,BS2DCE,,f,0,7,1743,1743,100,1,O,0,0,0,0,2,,,,,,0,0,,,,,0
5.76256,1779967155.760755,9982,,BS2DCE,,f,0,0,2357,2357,100,1,O,0,0,0,0,2,,,,,,0,0,,,,,0
5.76256,1779967155.760755,9982,,BS2DCE,,f,0,1,2432,2432,100,1,O,0,0,0,0,2,,,,,,0,0,,,,,0
5.76256,1779967155.760755,9982,,BS2DCE,,f,0,2,1968,1968,100,1,O,0,0,0,0,2,,,,,,0,0,,,,,0
5.76256,1779967155.760755,9982,,BS2DCE,,f,0,3,1573,1573,100,1,O,0,0,0,0,2,,,,,,0,0,,,,,0
5.76256,1779967155.760755,9982,,BS2DCE,,f,0,4,2070,2070,100,1,O,0,0,0,0,2,,,,,,0,0,,,,,0
5.76256,1779967155.760755,9982,,BS2DCE,,f,0,5,2627,2627,100,1,O,0,0,0,0,2,,,,,,0,0,,,,,0
5.76256,1779967155.760755,9982,,BS2DCE,,f,0,6,2195,2195,100,1,O,0,0,0,0,2,,,,,,0,0,,,,,0
5.76256,1779967155.760755,9982,,BS2DCE,,f,0,7,1768,1768,100,1,O,0,0,0,0,2,,,,,,0,0,,,,,0
5.867748,1779967155.865943,9983,,BS2DCE,,f,0,0,2316,2316,100,1,O,0,0,0,0,2,,,,,,0,0,,,,,0
5.867748,1779967155.865943,9983,,BS2DCE,,f,0,1,2456,2456,100,1,O,0,0,0,0,2,,,,,,0,0,,,,,0
5.867748,1779967155.865943,9983,,BS2DCE,,f,0,2,2032,2032,100,1,O,0,0,0,0,2,,,,,,0,0,,,,,0
5.867748,1779967155.865943,9983,,BS2DCE,,f,0,3,1652,1652,100,1,O,0,0,0,0,2,,,,,,0,0,,,,,0
5.867748,1779967155.865943,9983,,BS2DCE,,f,0,4,2098,2098,100,1,O,0,0,0,0,2,,,,,,0,0,,,,,0
5.867748,1779967155.865943,9983,,BS2DCE,,f,0,5,2567,2567,100,1,O,0,0,0,0,2,,,,,,0,0,,,,,0
5.867748,1779967155.865943,9983,,BS2DCE,,f,0,6,2252,2252,100,1,O,0,0,0,0,2,,,,,,0,0,,,,,0
5.867748,1779967155.865943,9983,,BS2DCE,,f,0,7,1755,1755,100,1,O,0,0,0,0,2,,,,,,0,0,,,,,0
5.974169,1779967155.972364,9984,,BS2DCE,,f,0,0,2227,2227,100,1,O,0,0,0,0,2,,,,,,0,0,,,,,0
5.974169,1779967155.972364,9984,,BS2DCE,,f,0,1,2442,2442,100,1,O,0,0,0,0,2,,,,,,0,0,,,,,0
5.974169,1779967155.972364,9984,,BS2DCE,,f,0,2,1998,1998,100,1,O,0,0,0,0,2,,,,,,0,0,,,,,0
5.974169,1779967155.972364,9984,,BS2DCE,,f,0,3,1868,1868,100,1,O,0,0,0,0,2,,,,,,0,0,,,,,0
5.974169,1779967155.972364,9984,,BS2DCE,,f,0,4,2083,2083,100,1,O,0,0,0,0,2,,,,,,0,0,,,,,0
5.974169,1779967155.972364,9984,,BS2DCE,,f,0,5,2734,2734,100,1,O,0,0,0,0,2,,,,,,0,0,,,,,0
5.974169,1779967155.972364,9984,,BS2DCE,,f,0,6,2346,2346,100,1,O,0,0,0,0,2,,,,,,0,0,,,,,0
5.974169,1779967155.972364,9984,,BS2DCE,,f,0,7,1760,1760,100,1,O,0,0,0,0,2,,,,,,0,0,,,,,0
6.07106,1779967156.069255,9985,,BS2DCE,,f,0,0,2209,2209,100,1,O,0,0,0,0,2,,,,,,0,0,,,,,0
6.07106,1779967156.069255,9985,,BS2DCE,,f,0,1,2326,2326,100,1,O,0,0,0,0,2,,,,,,0,0,,,,,0
6.07106,1779967156.069255,9985,,BS2DCE,,f,0,2,1933,1933,100,1,O,0,0,0,0,2,,,,,,0,0,,,,,0
6.07106,1779967156.069255,9985,,BS2DCE,,f,0,3,1835,1835,100,1,O,0,0,0,0,2,,,,,,0,0,,,,,0
6.07106,1779967156.069255,9985,,BS2DCE,,f,0,4,2188,2188,100,1,O,0,0,0,0,2,,,,,,0,0,,,,,0
6.07106,1779967156.069255,9985,,BS2DCE,,f,0,5,2618,2618,100,1,O,0,0,0,0,2,,,,,,0,0,,,,,0
6.07106,1779967156.069255,9985,,BS2DCE,,f,0,6,2340,2340,100,1,O,0,0,0,0,2,,,,,,0,0,,,,,0
6.07106,1779967156.069255,9985,,BS2DCE,,f,0,7,1862,1862,100,1,O,0,0,0,0,2,,,,,,0,0,,,,,0
6.159919,1779967156.158114,9986,,BS2DCE,,f,0,0,2249,2249,100,1,O,0,0,0,0,2,,,,,,0,0,,,,,0
6.159919,1779967156.158114,9986,,BS2DCE,,f,0,1,2299,2299,100,1,O,0,0,0,0,2,,,,,,0,0,,,,,0
6.159919,1779967156.158114,9986,,BS2DCE,,f,0,2,1878,1878,100,1,O,0,0,0,0,2,,,,,,0,0,,,,,0
6.159919,1779967156.158114,9986,,BS2DCE,,f,0,3,1843,1843,100,1,O,0,0,0,0,2,,,,,,0,0,,,,,0
6.159919,1779967156.158114,9986,,BS2DCE,,f,0,4,2292,2292,100,1,O,0,0,0,0,2,,,,,,0,0,,,,,0
6.159919,1779967156.158114,9986,,BS2DCE,,f,0,5,1912,1912,100,1,O,0,0,0,0,2,,,,,,0,0,,,,,0
6.159919,1779967156.158114,9986,,BS2DCE,,f,0,6,2218,2218,100,1,O,0,0,0,0,2,,,,,,0,0,,,,,0
6.159919,1779967156.158114,9986,,BS2DCE,,f,0,7,1798,1798,100,1,O,0,0,0,0,2,,,,,,0,0,,,,,0
6.257573,1779967156.255768,9987,,BS2DCE,,f,0,0,2181,2181,100,1,O,0,0,0,0,2,,,,,,0,0,,,,,0
6.257573,1779967156.255768,9987,,BS2DCE,,f,0,1,2226,2226,100,1,O,0,0,0,0,2,,,,,,0,0,,,,,0
6.257573,1779967156.255768,9987,,BS2DCE,,f,0,2,1808,1808,100,1,O,0,0,0,0,2,,,,,,0,0,,,,,0
6.257573,1779967156.255768,9987,,BS2DCE,,f,0,3,1781,1781,100,1,O,0,0,0,0,2,,,,,,0,0,,,,,0
6.257573,1779967156.255768,9987,,BS2DCE,,f,0,4,2235,2235,100,1,O,0,0,0,0,2,,,,,,0,0,,,,,0
6.257573,1779967156.255768,9987,,BS2DCE,,f,0,5,2362,2362,100,1,O,0,0,0,0,2,,,,,,0,0,,,,,0
6.257573,1779967156.255768,9987,,BS2DCE,,f,0,6,2164,2164,100,1,O,0,0,0,0,2,,,,,,0,0,,,,,0
6.257573,1779967156.255768,9987,,BS2DCE,,f,0,7,1775,1775,100,1,O,0,0,0,0,2,,,,,,0,0,,,,,0
6.41736,1779967156.415555,9988,,BS2DCE,,f,0,0,2169,2169,100,1,O,0,0,0,0,2,,,,,,0,0,,,,,0
6.41736,1779967156.415555,9988,,BS2DCE,,f,0,1,2221,2221,100,1,O,0,0,0,0,2,,,,,,0,0,,,,,0
6.41736,1779967156.415555,9988,,BS2DCE,,f,0,2,1761,1761,100,1,O,0,0,0,0,2,,,,,,0,0,,,,,0
6.41736,1779967156.415555,9988,,BS2DCE,,f,0,3,1796,1796,100,1,O,0,0,0,0,2,,,,,,0,0,,,,,0
6.41736,1779967156.415555,9988,,BS2DCE,,f,0,4,2235,2235,100,1,O,0,0,0,0,2,,,,,,0,0,,,,,0
6.41736,1779967156.415555,9988,,BS2DCE,,f,0,5,2357,2357,100,1,O,0,0,0,0,2,,,,,,0,0,,,,,0
6.41736,1779967156.415555,9988,,BS2DCE,,f,0,6,2134,2134,100,1,O,0,0,0,0,2,,,,,,0,0,,,,,0
6.41736,1779967156.415555,9988,,BS2DCE,,f,0,7,1828,1828,100,1,O,0,0,0,0,2,,,,,,0,0,,,,,0
6.483186,1779967156.481381,9989,,BS2DCE,,f,0,0,2131,2131,100,1,O,0,0,0,0,2,,,,,,0,0,,,,,0
6.483186,1779967156.481381,9989,,BS2DCE,,f,0,1,2210,2210,100,1,O,0,0,0,0,2,,,,,,0,0,,,,,0
6.483186,1779967156.481381,9989,,BS2DCE,,f,0,2,1697,1697,100,1,O,0,0,0,0,2,,,,,,0,0,,,,,0
6.483186,1779967156.481381,9989,,BS2DCE,,f,0,3,1826,1826,100,1,O,0,0,0,0,2,,,,,,0,0,,,,,0
6.483186,1779967156.481381,9989,,BS2DCE,,f,0,4,2268,2268,100,1,O,0,0,0,0,2,,,,,,0,0,,,,,0
6.483186,1779967156.481381,9989,,BS2DCE,,f,0,5,2302,2302,100,1,O,0,0,0,0,2,,,,,,0,0,,,,,0
6.483186,1779967156.481381,9989,,BS2DCE,,f,0,6,2040,2040,100,1,O,0,0,0,0,2,,,,,,0,0,,,,,0
6.483186,1779967156.481381,9989,,BS2DCE,,f,0,7,1873,1873,100,1,O,0,0,0,0,2,,,,,,0,0,,,,,0
6.573166,1779967156.571361,9990,,BS2DCE,,f,0,0,2198,2198,100,1,O,0,0,0,0,2,,,,,,0,0,,,,,0
6.573166,1779967156.571361,9990,,BS2DCE,,f,0,1,2138,2138,100,1,O,0,0,0,0,2,,,,,,0,0,,,,,0
6.573166,1779967156.571361,9990,,BS2DCE,,f,0,2,1674,1674,100,1,O,0,0,0,0,2,,,,,,0,0,,,,,0
6.573166,1779967156.571361,9990,,BS2DCE,,f,0,3,1820,1820,100,1,O,0,0,0,0,2,,,,,,0,0,,,,,0
6.573166,1779967156.571361,9990,,BS2DCE,,f,0,4,2313,2313,100,1,O,0,0,0,0,2,,,,,,0,0,,,,,0
6.573166,1779967156.571361,9990,,BS2DCE,,f,0,5,2235,2235,100,1,O,0,0,0,0,2,,,,,,0,0,,,,,0
6.573166,1779967156.571361,9990,,BS2DCE,,f,0,6,1899,1899,100,1,O,0,0,0,0,2,,,,,,0,0,,,,,0
6.573166,1779967156.571361,9990,,BS2DCE,,f,0,7,1863,1863,100,1,O,0,0,0,0,2,,,,,,0,0,,,,,0
6.670068,1779967156.668263,9991,,BS2DCE,,f,0,0,2263,2263,100,1,O,0,0,0,0,2,,,,,,0,0,,,,,0
6.670068,1779967156.668263,9991,,BS2DCE,,f,0,1,2079,2079,100,1,O,0,0,0,0,2,,,,,,0,0,,,,,0
6.670068,1779967156.668263,9991,,BS2DCE,,f,0,2,1566,1566,100,1,O,0,0,0,0,2,,,,,,0,0,,,,,0
6.670068,1779967156.668263,9991,,BS2DCE,,f,0,3,1871,1871,100,1,O,0,0,0,0,2,,,,,,0,0,,,,,0
6.670068,1779967156.668263,9991,,BS2DCE,,f,0,4,2348,2348,100,1,O,0,0,0,0,2,,,,,,0,0,,,,,0
6.670068,1779967156.668263,9991,,BS2DCE,,f,0,5,2307,2307,100,1,O,0,0,0,0,2,,,,,,0,0,,,,,0
6.670068,1779967156.668263,9991,,BS2DCE,,f,0,6,1869,1869,100,1,O,0,0,0,0,2,,,,,,0,0,,,,,0
6.670068,1779967156.668263,9991,,BS2DCE,,f,0,7,1912,1912,100,1,O,0,0,0,0,2,,,,,,0,0,,,,,0
6.759929,1779967156.758124,9992,,BS2DCE,,f,0,0,2280,2280,100,1,O,0,0,0,0,2,,,,,,0,0,,,,,0
6.759929,1779967156.758124,9992,,BS2DCE,,f,0,1,2084,2084,100,1,O,0,0,0,0,2,,,,,,0,0,,,,,0
6.759929,1779967156.758124,9992,,BS2DCE,,f,0,2,1590,1590,100,1,O,0,0,0,0,2,,,,,,0,0,,,,,0
6.759929,1779967156.758124,9992,,BS2DCE,,f,0,3,1869,1869,100,1,O,0,0,0,0,2,,,,,,0,0,,,,,0
6.759929,1779967156.758124,9992,,BS2DCE,,f,0,4,2457,2457,100,1,O,0,0,0,0,2,,,,,,0,0,,,,,0
6.759929,1779967156.758124,9992,,BS2DCE,,f,0,5,0,2307,96,0,T,0,0,0,0,2,,,,,,0,0,,,,,0
6.759929,1779967156.758124,9992,,BS2DCE,,f,0,6,1775,1775,100,1,O,0,0,0,0,2,,,,,,0,0,,,,,0
6.759929,1779967156.758124,9992,,BS2DCE,,f,0,7,1927,1927,100,1,O,0,0,0,0,2,,,,,,0,0,,,,,0
6.85757,1779967156.855765,9993,,BS2DCE,,f,0,0,2297,2297,100,1,O,0,0,0,0,2,,,,,,0,0,,,,,0
6.85757,1779967156.855765,9993,,BS2DCE,,f,0,1,2032,2032,100,1,O,0,0,0,0,2,,,,,,0,0,,,,,0
6.85757,1779967156.855765,9993,,BS2DCE,,f,0,2,1485,1485,100,1,O,0,0,0,0,2,,,,,,0,0,,,,,0
6.85757,1779967156.855765,9993,,BS2DCE,,f,0,3,1831,1831,100,1,O,0,0,0,0,2,,,,,,0,0,,,,,0
6.85757,1779967156.855765,9993,,BS2DCE,,f,0,4,2451,2451,100,1,O,0,0,0,0,2,,,,,,0,0,,,,,0
6.85757,1779967156.855765,9993,,BS2DCE,,f,0,5,2325,2325,96,1,O,0,0,0,0,2,,,,,,0,0,,,,,0
6.85757,1779967156.855765,9993,,BS2DCE,,f,0,6,1816,1816,100,1,O,0,0,0,0,2,,,,,,0,0,,,,,0
6.85757,1779967156.855765,9993,,BS2DCE,,f,0,7,1987,1987,100,1,O,0,0,0,0,2,,,,,,0,0,,,,,0
6.962419,1779967156.960614,9994,,BS2DCE,,f,0,0,2313,2313,100,1,O,0,0,0,0,2,,,,,,0,0,,,,,0
6.962419,1779967156.960614,9994,,BS2DCE,,f,0,1,2100,2100,100,1,O,0,0,0,0,2,,,,,,0,0,,,,,0
6.962419,1779967156.960614,9994,,BS2DCE,,f,0,2,1536,1536,100,1,O,0,0,0,0,2,,,,,,0,0,,,,,0
6.962419,1779967156.960614,9994,,BS2DCE,,f,0,3,1947,1947,100,1,O,0,0,0,0,2,,,,,,0,0,,,,,0
6.962419,1779967156.960614,9994,,BS2DCE,,f,0,4,2485,2485,100,1,O,0,0,0,0,2,,,,,,0,0,,,,,0
6.962419,1779967156.960614,9994,,BS2DCE,,f,0,5,2225,2225,96,1,O,0,0,0,0,2,,,,,,0,0,,,,,0
6.962419,1779967156.960614,9994,,BS2DCE,,f,0,6,1776,1776,100,1,O,0,0,0,0,2,,,,,,0,0,,,,,0
6.962419,1779967156.960614,9994,,BS2DCE,,f,0,7,1965,1965,100,1,O,0,0,0,0,2,,,,,,0,0,,,,,0
7.067494,1779967157.065689,9995,,BS2DCE,,f,0,0,2388,2388,100,1,O,0,0,0,0,2,,,,,,0,0,,,,,0
7.067494,1779967157.065689,9995,,BS2DCE,,f,0,1,2099,2099,100,1,O,0,0,0,0,2,,,,,,0,0,,,,,0
7.067494,1779967157.065689,9995,,BS2DCE,,f,0,2,1511,1511,100,1,O,0,0,0,0,2,,,,,,0,0,,,,,0
7.067494,1779967157.065689,9995,,BS2DCE,,f,0,3,2026,2026,100,1,O,0,0,0,0,2,,,,,,0,0,,,,,0
7.067494,1779967157.065689,9995,,BS2DCE,,f,0,4,2502,2502,100,1,O,0,0,0,0,2,,,,,,0,0,,,,,0
7.067494,1779967157.065689,9995,,BS2DCE,,f,0,5,2225,2225,96,1,O,0,0,0,0,2,,,,,,0,0,,,,,0
7.067494,1779967157.065689,9995,,BS2DCE,,f,0,6,1675,1675,100,1,O,0,0,0,0,2,,,,,,0,0,,,,,0
7.067494,1779967157.065689,9995,,BS2DCE,,f,0,7,1962,1962,100,1,O,0,0,0,0,2,,,,,,0,0,,,,,0
7.202507,1779967157.200702,9996,,BS2DCE,,f,0,0,2419,2419,100,1,O,0,0,0,0,2,,,,,,0,0,,,,,0
7.202507,1779967157.200702,9996,,BS2DCE,,f,0,1,2055,2055,100,1,O,0,0,0,0,2,,,,,,0,0,,,,,0
7.202507,1779967157.200702,9996,,BS2DCE,,f,0,2,1508,1508,100,1,O,0,0,0,0,2,,,,,,0,0,,,,,0
7.202507,1779967157.200702,9996,,BS2DCE,,f,0,3,1985,1985,100,1,O,0,0,0,0,2,,,,,,0,0,,,,,0
7.202507,1779967157.200702,9996,,BS2DCE,,f,0,4,2459,2459,100,1,O,0,0,0,0,2,,,,,,0,0,,,,,0
7.202507,1779967157.200702,9996,,BS2DCE,,f,0,5,2175,2175,96,1,O,0,0,0,0,2,,,,,,0,0,,,,,0
7.202507,1779967157.200702,9996,,BS2DCE,,f,0,6,1731,1731,100,1,O,0,0,0,0,2,,,,,,0,0,,,,,0
7.202507,1779967157.200702,9996,,BS2DCE,,f,0,7,2029,2029,100,1,O,0,0,0,0,2,,,,,,0,0,,,,,0
7.269972,1779967157.268167,9997,,BS2DCE,,f,0,0,2393,2393,100,1,O,0,0,0,0,2,,,,,,0,0,,,,,0
7.269972,1779967157.268167,9997,,BS2DCE,,f,0,1,2019,2019,100,1,O,0,0,0,0,2,,,,,,0,0,,,,,0
7.269972,1779967157.268167,9997,,BS2DCE,,f,0,2,1507,1507,100,1,O,0,0,0,0,2,,,,,,0,0,,,,,0
7.269972,1779967157.268167,9997,,BS2DCE,,f,0,3,2026,2026,100,1,O,0,0,0,0,2,,,,,,0,0,,,,,0
7.269972,1779967157.268167,9997,,BS2DCE,,f,0,4,2480,2480,100,1,O,0,0,0,0,2,,,,,,0,0,,,,,0
7.269972,1779967157.268167,9997,,BS2DCE,,f,0,5,2322,2322,96,1,O,0,0,0,0,2,,,,,,0,0,,,,,0
7.269972,1779967157.268167,9997,,BS2DCE,,f,0,6,1770,1770,100,1,O,0,0,0,0,2,,,,,,0,0,,,,,0
7.269972,1779967157.268167,9997,,BS2DCE,,f,0,7,2095,2095,100,1,O,0,0,0,0,2,,,,,,0,0,,,,,0
7.429825,1779967157.42802,9998,,BS2DCE,,f,0,0,2406,2406,100,1,O,0,0,0,0,2,,,,,,0,0,,,,,0
7.429825,1779967157.42802,9998,,BS2DCE,,f,0,1,2022,2022,100,1,O,0,0,0,0,2,,,,,,0,0,,,,,0
7.429825,1779967157.42802,9998,,BS2DCE,,f,0,2,1443,1443,100,1,O,0,0,0,0,2,,,,,,0,0,,,,,0
7.429825,1779967157.42802,9998,,BS2DCE,,f,0,3,2029,2029,100,1,O,0,0,0,0,2,,,,,,0,0,,,,,0
7.429825,1779967157.42802,9998,,BS2DCE,,f,0,4,2588,2588,100,1,O,0,0,0,0,2,,,,,,0,0,,,,,0
7.429825,1779967157.42802,9998,,BS2DCE,,f,0,5,1659,1659,100,1,O,0,0,0,0,2,,,,,,0,0,,,,,0
7.429825,1779967157.42802,9998,,BS2DCE,,f,0,6,1683,1683,100,1,O,0,0,0,0,2,,,,,,0,0,,,,,0
7.429825,1779967157.42802,9998,,BS2DCE,,f,0,7,2078,2078,100,1,O,0,0,0,0,2,,,,,,0,0,,,,,0
7.4592,1779967157.457395,9999,,BS2DCE,,f,0,0,2471,2471,100,1,O,0,0,0,0,2,,,,,,0,0,,,,,0
7.4592,1779967157.457395,9999,,BS2DCE,,f,0,1,2074,2074,100,1,O,0,0,0,0,2,,,,,,0,0,,,,,0
7.4592,1779967157.457395,9999,,BS2DCE,,f,0,2,1435,1435,100,1,O,0,0,0,0,2,,,,,,0,0,,,,,0
7.4592,1779967157.457395,9999,,BS2DCE,,f,0,3,2121,2121,100,1,O,0,0,0,0,2,,,,,,0,0,,,,,0
7.4592,1779967157.457395,9999,,BS2DCE,,f,0,4,2589,2589,100,1,O,0,0,0,0,2,,,,,,0,0,,,,,0
7.4592,1779967157.457395,9999,,BS2DCE,,f,0,5,2047,2047,100,1,O,0,0,0,0,2,,,,,,0,0,,,,,0
7.4592,1779967157.457395,9999,,BS2DCE,,f,0,6,1689,1689,100,1,O,0,0,0,0,2,,,,,,0,0,,,,,0
7.4592,1779967157.457395,9999,,BS2DCE,,f,0,7,2167,2167,100,1,O,0,0,0,0,2,,,,,,0,0,,,,,0
7.57735,1779967157.575545,10000,,BS2DCE,,f,0,0,2515,2515,100,1,O,0,0,0,0,2,,,,,,0,0,,,,,0
7.57735,1779967157.575545,10000,,BS2DCE,,f,0,1,2041,2041,100,1,O,0,0,0,0,2,,,,,,0,0,,,,,0
7.57735,1779967157.575545,10000,,BS2DCE,,f,0,2,1463,1463,100,1,O,0,0,0,0,2,,,,,,0,0,,,,,0
7.57735,1779967157.575545,10000,,BS2DCE,,f,0,3,2206,2206,100,1,O,0,0,0,0,2,,,,,,0,0,,,,,0
7.57735,1779967157.575545,10000,,BS2DCE,,f,0,4,2642,2642,100,1,O,0,0,0,0,2,,,,,,0,0,,,,,0
7.57735,1779967157.575545,10000,,BS2DCE,,f,0,5,2071,2071,100,1,O,0,0,0,0,2,,,,,,0,0,,,,,0
7.57735,1779967157.575545,10000,,BS2DCE,,f,0,6,1646,1646,100,1,O,0,0,0,0,2,,,,,,0,0,,,,,0
7.57735,1779967157.575545,10000,,BS2DCE,,f,0,7,2235,2235,100,1,O,0,0,0,0,2,,,,,,0,0,,,,,0
7.667595,1779967157.66579,10001,,BS2DCE,,f,0,0,2555,2555,100,1,O,0,0,0,0,2,,,,,,0,0,,,,,0
7.667595,1779967157.66579,10001,,BS2DCE,,f,0,1,2271,2271,100,1,O,0,0,0,0,2,,,,,,0,0,,,,,0
7.667595,1779967157.66579,10001,,BS2DCE,,f,0,2,1569,1569,100,1,O,0,0,0,0,2,,,,,,0,0,,,,,0
7.667595,1779967157.66579,10001,,BS2DCE,,f,0,3,2172,2172,100,1,O,0,0,0,0,2,,,,,,0,0,,,,,0
7.667595,1779967157.66579,10001,,BS2DCE,,f,0,4,2700,2700,100,1,O,0,0,0,0,2,,,,,,0,0,,,,,0
7.667595,1779967157.66579,10001,,BS2DCE,,f,0,5,2037,2037,100,1,O,0,0,0,0,2,,,,,,0,0,,,,,0
7.667595,1779967157.66579,10001,,BS2DCE,,f,0,6,1607,1607,100,1,O,0,0,0,0,2,,,,,,0,0,,,,,0
7.667595,1779967157.66579,10001,,BS2DCE,,f,0,7,2173,2173,100,1,O,0,0,0,0,2,,,,,,0,0,,,,,0
7.77248,1779967157.770675,10002,,BS2DCE,,f,0,0,2570,2570,100,1,O,0,0,0,0,2,,,,,,0,0,,,,,0
7.77248,1779967157.770675,10002,,BS2DCE,,f,0,1,2259,2259,100,1,O,0,0,0,0,2,,,,,,0,0,,,,,0
7.77248,1779967157.770675,10002,,BS2DCE,,f,0,2,1690,1690,100,1,O,0,0,0,0,2,,,,,,0,0,,,,,0
7.77248,1779967157.770675,10002,,BS2DCE,,f,0,3,2164,2164,100,1,O,0,0,0,0,2,,,,,,0,0,,,,,0
7.77248,1779967157.770675,10002,,BS2DCE,,f,0,4,2700,2700,100,1,O,0,0,0,0,2,,,,,,0,0,,,,,0
7.77248,1779967157.770675,10002,,BS2DCE,,f,0,5,2005,2005,100,1,O,0,0,0,0,2,,,,,,0,0,,,,,0
7.77248,1779967157.770675,10002,,BS2DCE,,f,0,6,1589,1589,100,1,O,0,0,0,0,2,,,,,,0,0,,,,,0
7.77248,1779967157.770675,10002,,BS2DCE,,f,0,7,2252,2252,100,1,O,0,0,0,0,2,,,,,,0,0,,,,,0
7.922494,1779967157.920689,10003,,BS2DCE,,f,0,0,2602,2602,100,1,O,0,0,0,0,2,,,,,,0,0,,,,,0
7.922494,1779967157.920689,10003,,BS2DCE,,f,0,1,2104,2104,100,1,O,0,0,0,0,2,,,,,,0,0,,,,,0
7.922494,1779967157.920689,10003,,BS2DCE,,f,0,2,1589,1589,100,1,O,0,0,0,0,2,,,,,,0,0,,,,,0
7.922494,1779967157.920689,10003,,BS2DCE,,f,0,3,2251,2251,100,1,O,0,0,0,0,2,,,,,,0,0,,,,,0
7.922494,1779967157.920689,10003,,BS2DCE,,f,0,4,2670,2670,100,1,O,0,0,0,0,2,,,,,,0,0,,,,,0
7.922494,1779967157.920689,10003,,BS2DCE,,f,0,5,1824,1824,100,1,O,0,0,0,0,2,,,,,,0,0,,,,,0
7.922494,1779967157.920689,10003,,BS2DCE,,f,0,6,1631,1631,100,1,O,0,0,0,0,2,,,,,,0,0,,,,,0
7.922494,1779967157.920689,10003,,BS2DCE,,f,0,7,2241,2241,100,1,O,0,0,0,0,2,,,,,,0,0,,,,,0
7.960697,1779967157.958892,10004,,BS2DCE,,f,0,0,2694,2694,100,1,O,0,0,0,0,2,,,,,,0,0,,,,,0
7.960697,1779967157.958892,10004,,BS2DCE,,f,0,1,1967,1967,100,1,O,0,0,0,0,2,,,,,,0,0,,,,,0
7.960697,1779967157.958892,10004,,BS2DCE,,f,0,2,1593,1593,100,1,O,0,0,0,0,2,,,,,,0,0,,,,,0
7.960697,1779967157.958892,10004,,BS2DCE,,f,0,3,2228,2228,100,1,O,0,0,0,0,2,,,,,,0,0,,,,,0
7.960697,1779967157.958892,10004,,BS2DCE,,f,0,4,2622,2622,100,1,O,0,0,0,0,2,,,,,,0,0,,,,,0
7.960697,1779967157.958892,10004,,BS2DCE,,f,0,5,0,1824,95,0,T,0,0,0,0,2,,,,,,0,0,,,,,0
7.960697,1779967157.958892,10004,,BS2DCE,,f,0,6,1545,1545,100,1,O,0,0,0,0,2,,,,,,0,0,,,,,0
7.960697,1779967157.958892,10004,,BS2DCE,,f,0,7,2243,2243,100,1,O,0,0,0,0,2,,,,,,0,0,,,,,0
8.058217,1779967158.056412,10005,,BS2DCE,,f,0,0,2882,2882,100,1,O,0,0,0,0,2,,,,,,0,0,,,,,0
8.058217,1779967158.056412,10005,,BS2DCE,,f,0,1,1944,1944,100,1,O,0,0,0,0,2,,,,,,0,0,,,,,0
8.058217,1779967158.056412,10005,,BS2DCE,,f,0,2,1530,1530,100,1,O,0,0,0,0,2,,,,,,0,0,,,,,0
8.058217,1779967158.056412,10005,,BS2DCE,,f,0,3,2354,2354,100,1,O,0,0,0,0,2,,,,,,0,0,,,,,0
8.058217,1779967158.056412,10005,,BS2DCE,,f,0,4,2496,2496,100,1,O,0,0,0,0,2,,,,,,0,0,,,,,0
8.058217,1779967158.056412,10005,,BS2DCE,,f,0,5,1938,1938,95,1,O,0,0,0,0,2,,,,,,0,0,,,,,0
8.058217,1779967158.056412,10005,,BS2DCE,,f,0,6,1572,1572,100,1,O,0,0,0,0,2,,,,,,0,0,,,,,0
8.058217,1779967158.056412,10005,,BS2DCE,,f,0,7,2286,2286,100,1,O,0,0,0,0,2,,,,,,0,0,,,,,0
8.162501,1779967158.160696,10006,,BS2DCE,,f,0,0,2980,2980,100,1,O,0,0,0,0,2,,,,,,0,0,,,,,0
8.162501,1779967158.160696,10006,,BS2DCE,,f,0,1,1866,1866,100,1,O,0,0,0,0,2,,,,,,0,0,,,,,0
8.162501,1779967158.160696,10006,,BS2DCE,,f,0,2,1598,1598,100,1,O,0,0,0,0,2,,,,,,0,0,,,,,0
8.162501,1779967158.160696,10006,,BS2DCE,,f,0,3,2335,2335,100,1,O,0,0,0,0,2,,,,,,0,0,,,,,0
8.162501,1779967158.160696,10006,,BS2DCE,,f,0,4,2471,2471,100,1,O,0,0,0,0,2,,,,,,0,0,,,,,0
8.162501,1779967158.160696,10006,,BS2DCE,,f,0,5,1657,1657,96,1,O,0,0,0,0,2,,,,,,0,0,,,,,0
8.162501,1779967158.160696,10006,,BS2DCE,,f,0,6,1635,1635,100,1,O,0,0,0,0,2,,,,,,0,0,,,,,0
8.162501,1779967158.160696,10006,,BS2DCE,,f,0,7,2280,2280,100,1,O,0,0,0,0,2,,,,,,0,0,,,,,0
8.296425,1779967158.29462,10007,,BS2DCE,,f,0,0,2778,2778,100,1,O,0,0,0,0,2,,,,,,0,0,,,,,0
8.296425,1779967158.29462,10007,,BS2DCE,,f,0,1,1850,1850,100,1,O,0,0,0,0,2,,,,,,0,0,,,,,0
8.296425,1779967158.29462,10007,,BS2DCE,,f,0,2,1619,1619,100,1,O,0,0,0,0,2,,,,,,0,0,,,,,0
8.296425,1779967158.29462,10007,,BS2DCE,,f,0,3,2373,2373,100,1,O,0,0,0,0,2,,,,,,0,0,,,,,0
8.296425,1779967158.29462,10007,,BS2DCE,,f,0,4,2416,2416,100,1,O,0,0,0,0,2,,,,,,0,0,,,,,0
8.296425,1779967158.29462,10007,,BS2DCE,,f,0,5,1670,1670,96,1,O,0,0,0,0,2,,,,,,0,0,,,,,0
8.296425,1779967158.29462,10007,,BS2DCE,,f,0,6,1556,1556,100,1,O,0,0,0,0,2,,,,,,0,0,,,,,0
8.296425,1779967158.29462,10007,,BS2DCE,,f,0,7,2296,2296,100,1,O,0,0,0,0,2,,,,,,0,0,,,,,0
8.419781,1779967158.417976,10008,,BS2DCE,,f,0,0,2671,2671,100,1,O,0,0,0,0,2,,,,,,0,0,,,,,0
8.419781,1779967158.417976,10008,,BS2DCE,,f,0,1,1868,1868,100,1,O,0,0,0,0,2,,,,,,0,0,,,,,0
8.419781,1779967158.417976,10008,,BS2DCE,,f,0,2,1715,1715,100,1,O,0,0,0,0,2,,,,,,0,0,,,,,0
8.419781,1779967158.417976,10008,,BS2DCE,,f,0,3,2430,2430,100,1,O,0,0,0,0,2,,,,,,0,0,,,,,0
8.419781,1779967158.417976,10008,,BS2DCE,,f,0,4,2415,2415,100,1,O,0,0,0,0,2,,,,,,0,0,,,,,0
8.419781,1779967158.417976,10008,,BS2DCE,,f,0,5,1590,1590,96,1,O,0,0,0,0,2,,,,,,0,0,,,,,0
8.419781,1779967158.417976,10008,,BS2DCE,,f,0,6,1601,1601,100,1,O,0,0,0,0,2,,,,,,0,0,,,,,0
8.419781,1779967158.417976,10008,,BS2DCE,,f,0,7,2305,2305,100,1,O,0,0,0,0,2,,,,,,0,0,,,,,0
8.475196,1779967158.473391,10009,,BS2DCE,,f,0,0,2607,2607,100,1,O,0,0,0,0,2,,,,,,0,0,,,,,0
8.475196,1779967158.473391,10009,,BS2DCE,,f,0,1,1817,1817,100,1,O,0,0,0,0,2,,,,,,0,0,,,,,0
8.475196,1779967158.473391,10009,,BS2DCE,,f,0,2,1715,1715,100,1,O,0,0,0,0,2,,,,,,0,0,,,,,0
8.475196,1779967158.473391,10009,,BS2DCE,,f,0,3,2448,2448,100,1,O,0,0,0,0,2,,,,,,0,0,,,,,0
8.475196,1779967158.473391,10009,,BS2DCE,,f,0,4,2319,2319,100,1,O,0,0,0,0,2,,,,,,0,0,,,,,0
8.475196,1779967158.473391,10009,,BS2DCE,,f,0,5,1634,1634,96,1,O,0,0,0,0,2,,,,,,0,0,,,,,0
8.475196,1779967158.473391,10009,,BS2DCE,,f,0,6,1772,1772,100,1,O,0,0,0,0,2,,,,,,0,0,,,,,0
8.475196,1779967158.473391,10009,,BS2DCE,,f,0,7,2350,2350,100,1,O,0,0,0,0,2,,,,,,0,0,,,,,0
8.574969,1779967158.573164,10010,,BS2DCE,,f,0,0,2624,2624,100,1,O,0,0,0,0,2,,,,,,0,0,,,,,0
8.574969,1779967158.573164,10010,,BS2DCE,,f,0,1,1844,1844,100,1,O,0,0,0,0,2,,,,,,0,0,,,,,0
8.574969,1779967158.573164,10010,,BS2DCE,,f,0,2,1828,1828,100,1,O,0,0,0,0,2,,,,,,0,0,,,,,0
8.574969,1779967158.573164,10010,,BS2DCE,,f,0,3,2441,2441,100,1,O,0,0,0,0,2,,,,,,0,0,,,,,0
8.574969,1779967158.573164,10010,,BS2DCE,,f,0,4,2226,2226,100,1,O,0,0,0,0,2,,,,,,0,0,,,,,0
8.574969,1779967158.573164,10010,,BS2DCE,,f,0,5,1437,1437,96,1,O,0,0,0,0,2,,,,,,0,0,,,,,0
8.574969,1779967158.573164,10010,,BS2DCE,,f,0,6,1833,1833,100,1,O,0,0,0,0,2,,,,,,0,0,,,,,0
8.574969,1779967158.573164,10010,,BS2DCE,,f,0,7,2422,2422,100,1,O,0,0,0,0,2,,,,,,0,0,,,,,0
8.657476,1779967158.655671,10011,,BS2DCE,,f,0,0,2545,2545,100,1,O,0,0,0,0,2,,,,,,0,0,,,,,0
8.657476,1779967158.655671,10011,,BS2DCE,,f,0,1,1870,1870,100,1,O,0,0,0,0,2,,,,,,0,0,,,,,0
8.657476,1779967158.655671,10011,,BS2DCE,,f,0,2,1857,1857,100,1,O,0,0,0,0,2,,,,,,0,0,,,,,0
8.657476,1779967158.655671,10011,,BS2DCE,,f,0,3,2546,2546,100,1,O,0,0,0,0,2,,,,,,0,0,,,,,0
8.657476,1779967158.655671,10011,,BS2DCE,,f,0,4,2228,2228,100,1,O,0,0,0,0,2,,,,,,0,0,,,,,0
8.657476,1779967158.655671,10011,,BS2DCE,,f,0,5,1642,1642,96,1,O,0,0,0,0,2,,,,,,0,0,,,,,0
8.657476,1779967158.655671,10011,,BS2DCE,,f,0,6,1841,1841,100,1,O,0,0,0,0,2,,,,,,0,0,,,,,0
8.657476,1779967158.655671,10011,,BS2DCE,,f,0,7,2390,2390,100,1,O,0,0,0,0,2,,,,,,0,0,,,,,0
8.777461,1779967158.775656,10012,,BS2DCE,,f,0,0,2467,2467,100,1,O,0,0,0,0,2,,,,,,0,0,,,,,0
8.777461,1779967158.775656,10012,,BS2DCE,,f,0,1,1987,1987,100,1,O,0,0,0,0,2,,,,,,0,0,,,,,0
8.777461,1779967158.775656,10012,,BS2DCE,,f,0,2,1954,1954,100,1,O,0,0,0,0,2,,,,,,0,0,,,,,0
8.777461,1779967158.775656,10012,,BS2DCE,,f,0,3,2614,2614,100,1,O,0,0,0,0,2,,,,,,0,0,,,,,0
8.777461,1779967158.775656,10012,,BS2DCE,,f,0,4,2183,2183,100,1,O,0,0,0,0,2,,,,,,0,0,,,,,0
8.777461,1779967158.775656,10012,,BS2DCE,,f,0,5,1697,1697,96,1,O,0,0,0,0,2,,,,,,0,0,,,,,0
8.777461,1779967158.775656,10012,,BS2DCE,,f,0,6,1819,1819,100,1,O,0,0,0,0,2,,,,,,0,0,,,,,0
8.777461,1779967158.775656,10012,,BS2DCE,,f,0,7,2404,2404,100,1,O,0,0,0,0,2,,,,,,0,0,,,,,0
8.867706,1779967158.865901,10013,,BS2DCE,,f,0,0,2470,2470,100,1,O,0,0,0,0,2,,,,,,0,0,,,,,0
8.867706,1779967158.865901,10013,,BS2DCE,,f,0,1,2031,2031,100,1,O,0,0,0,0,2,,,,,,0,0,,,,,0
8.867706,1779967158.865901,10013,,BS2DCE,,f,0,2,2020,2020,100,1,O,0,0,0,0,2,,,,,,0,0,,,,,0
8.867706,1779967158.865901,10013,,BS2DCE,,f,0,3,2654,2654,100,1,O,0,0,0,0,2,,,,,,0,0,,,,,0
8.867706,1779967158.865901,10013,,BS2DCE,,f,0,4,2137,2137,100,1,O,0,0,0,0,2,,,,,,0,0,,,,,0
8.867706,1779967158.865901,10013,,BS2DCE,,f,0,5,1671,1671,96,1,O,0,0,0,0,2,,,,,,0,0,,,,,0
8.867706,1779967158.865901,10013,,BS2DCE,,f,0,6,1825,1825,100,1,O,0,0,0,0,2,,,,,,0,0,,,,,0
8.867706,1779967158.865901,10013,,BS2DCE,,f,0,7,2271,2271,100,1,O,0,0,0,0,2,,,,,,0,0,,,,,0
9.002388,1779967159.000583,10014,,BS2DCE,,f,0,0,2379,2379,100,1,O,0,0,0,0,2,,,,,,0,0,,,,,0
9.002388,1779967159.000583,10014,,BS2DCE,,f,0,1,2004,2004,100,1,O,0,0,0,0,2,,,,,,0,0,,,,,0
9.002388,1779967159.000583,10014,,BS2DCE,,f,0,2,2037,2037,100,1,O,0,0,0,0,2,,,,,,0,0,,,,,0
9.002388,1779967159.000583,10014,,BS2DCE,,f,0,3,2800,2800,100,1,O,0,0,0,0,2,,,,,,0,0,,,,,0
9.002388,1779967159.000583,10014,,BS2DCE,,f,0,4,2019,2019,100,1,O,0,0,0,0,2,,,,,,0,0,,,,,0
9.002388,1779967159.000583,10014,,BS2DCE,,f,0,5,1740,1740,100,1,O,0,0,0,0,2,,,,,,0,0,,,,,0
9.002388,1779967159.000583,10014,,BS2DCE,,f,0,6,1836,1836,100,1,O,0,0,0,0,2,,,,,,0,0,,,,,0
9.002388,1779967159.000583,10014,,BS2DCE,,f,0,7,2313,2313,100,1,O,0,0,0,0,2,,,,,,0,0,,,,,0
9.089805,1779967159.088,10015,,BS2DCE,,f,0,0,2288,2288,100,1,O,0,0,0,0,2,,,,,,0,0,,,,,0
9.089805,1779967159.088,10015,,BS2DCE,,f,0,1,2028,2028,100,1,O,0,0,0,0,2,,,,,,0,0,,,,,0
9.089805,1779967159.088,10015,,BS2DCE,,f,0,2,2081,2081,100,1,O,0,0,0,0,2,,,,,,0,0,,,,,0
9.089805,1779967159.088,10015,,BS2DCE,,f,0,3,2571,2571,100,1,O,0,0,0,0,2,,,,,,0,0,,,,,0
9.089805,1779967159.088,10015,,BS2DCE,,f,0,4,1971,1971,100,1,O,0,0,0,0,2,,,,,,0,0,,,,,0
9.089805,1779967159.088,10015,,BS2DCE,,f,0,5,1750,1750,100,1,O,0,0,0,0,2,,,,,,0,0,,,,,0
9.089805,1779967159.088,10015,,BS2DCE,,f,0,6,1830,1830,100,1,O,0,0,0,0,2,,,,,,0,0,,,,,0
9.089805,1779967159.088,10015,,BS2DCE,,f,0,7,2192,2192,100,1,O,0,0,0,0,2,,,,,,0,0,,,,,0
9.174639,1779967159.172834,10016,,BS2DCE,,f,0,0,2195,2195,100,1,O,0,0,0,0,2,,,,,,0,0,,,,,0
9.174639,1779967159.172834,10016,,BS2DCE,,f,0,1,2027,2027,100,1,O,0,0,0,0,2,,,,,,0,0,,,,,0
9.174639,1779967159.172834,10016,,BS2DCE,,f,0,2,2138,2138,100,1,O,0,0,0,0,2,,,,,,0,0,,,,,0
9.174639,1779967159.172834,10016,,BS2DCE,,f,0,3,2452,2452,100,1,O,0,0,0,0,2,,,,,,0,0,,,,,0
9.174639,1779967159.172834,10016,,BS2DCE,,f,0,4,1922,1922,100,1,O,0,0,0,0,2,,,,,,0,0,,,,,0
9.174639,1779967159.172834,10016,,BS2DCE,,f,0,5,1270,1270,100,1,O,0,0,0,0,2,,,,,,0,0,,,,,0
9.174639,1779967159.172834,10016,,BS2DCE,,f,0,6,1979,1979,100,1,O,0,0,0,0,2,,,,,,0,0,,,,,0
9.174639,1779967159.172834,10016,,BS2DCE,,f,0,7,2109,2109,100,1,O,0,0,0,0,2,,,,,,0,0,,,,,0
9.257383,1779967159.255578,10017,,BS2DCE,,f,0,0,2164,2164,100,1,O,0,0,0,0,2,,,,,,0,0,,,,,0
9.257383,1779967159.255578,10017,,BS2DCE,,f,0,1,2012,2012,100,1,O,0,0,0,0,2,,,,,,0,0,,,,,0
9.257383,1779967159.255578,10017,,BS2DCE,,f,0,2,2196,2196,100,1,O,0,0,0,0,2,,,,,,0,0,,,,,0
9.257383,1779967159.255578,10017,,BS2DCE,,f,0,3,2568,2568,100,1,O,0,0,0,0,2,,,,,,0,0,,,,,0
9.257383,1779967159.255578,10017,,BS2DCE,,f,0,4,1809,1809,100,1,O,0,0,0,0,2,,,,,,0,0,,,,,0
9.257383,1779967159.255578,10017,,BS2DCE,,f,0,5,1691,1691,100,1,O,0,0,0,0,2,,,,,,0,0,,,,,0
9.257383,1779967159.255578,10017,,BS2DCE,,f,0,6,2015,2015,100,1,O,0,0,0,0,2,,,,,,0,0,,,,,0
9.257383,1779967159.255578,10017,,BS2DCE,,f,0,7,2046,2046,100,1,O,0,0,0,0,2,,,,,,0,0,,,,,0
9.42576,1779967159.423955,10018,,BS2DCE,,f,0,0,2124,2124,100,1,O,0,0,0,0,2,,,,,,0,0,,,,,0
9.42576,1779967159.423955,10018,,BS2DCE,,f,0,1,2120,2120,100,1,O,0,0,0,0,2,,,,,,0,0,,,,,0
9.42576,1779967159.423955,10018,,BS2DCE,,f,0,2,2285,2285,100,1,O,0,0,0,0,2,,,,,,0,0,,,,,0
9.42576,1779967159.423955,10018,,BS2DCE,,f,0,3,2411,2411,100,1,O,0,0,0,0,2,,,,,,0,0,,,,,0
9.42576,1779967159.423955,10018,,BS2DCE,,f,0,4,1735,1735,100,1,O,0,0,0,0,2,,,,,,0,0,,,,,0
9.42576,1779967159.423955,10018,,BS2DCE,,f,0,5,1830,1830,100,1,O,0,0,0,0,2,,,,,,0,0,,,,,0
9.42576,1779967159.423955,10018,,BS2DCE,,f,0,6,2045,2045,100,1,O,0,0,0,0,2,,,,,,0,0,,,,,0
9.42576,1779967159.423955,10018,,BS2DCE,,f,0,7,1945,1945,100,1,O,0,0,0,0,2,,,,,,0,0,,,,,0
9.467355,1779967159.46555,10019,,BS2DCE,,f,0,0,2117,2117,100,1,O,0,0,0,0,2,,,,,,0,0,,,,,0
9.467355,1779967159.46555,10019,,BS2DCE,,f,0,1,2265,2265,100,1,O,0,0,0,0,2,,,,,,0,0,,,,,0
9.467355,1779967159.46555,10019,,BS2DCE,,f,0,2,2274,2274,100,1,O,0,0,0,0,2,,,,,,0,0,,,,,0
9.467355,1779967159.46555,10019,,BS2DCE,,f,0,3,2283,2283,100,1,O,0,0,0,0,2,,,,,,0,0,,,,,0
9.467355,1779967159.46555,10019,,BS2DCE,,f,0,4,1691,1691,100,1,O,0,0,0,0,2,,,,,,0,0,,,,,0
9.467355,1779967159.46555,10019,,BS2DCE,,f,0,5,1906,1906,100,1,O,0,0,0,0,2,,,,,,0,0,,,,,0
9.467355,1779967159.46555,10019,,BS2DCE,,f,0,6,2047,2047,100,1,O,0,0,0,0,2,,,,,,0,0,,,,,0
9.467355,1779967159.46555,10019,,BS2DCE,,f,0,7,1845,1845,100,1,O,0,0,0,0,2,,,,,,0,0,,,,,0
9.572386,1779967159.570581,10020,,BS2DCE,,f,0,0,2097,2097,100,1,O,0,0,0,0,2,,,,,,0,0,,,,,0
9.572386,1779967159.570581,10020,,BS2DCE,,f,0,1,2215,2215,100,1,O,0,0,0,0,2,,,,,,0,0,,,,,0
9.572386,1779967159.570581,10020,,BS2DCE,,f,0,2,2330,2330,100,1,O,0,0,0,0,2,,,,,,0,0,,,,,0
9.572386,1779967159.570581,10020,,BS2DCE,,f,0,3,2218,2218,100,1,O,0,0,0,0,2,,,,,,0,0,,,,,0
9.572386,1779967159.570581,10020,,BS2DCE,,f,0,4,1643,1643,100,1,O,0,0,0,0,2,,,,,,0,0,,,,,0
9.572386,1779967159.570581,10020,,BS2DCE,,f,0,5,1916,1916,100,1,O,0,0,0,0,2,,,,,,0,0,,,,,0
9.572386,1779967159.570581,10020,,BS2DCE,,f,0,6,2118,2118,100,1,O,0,0,0,0,2,,,,,,0,0,,,,,0
9.572386,1779967159.570581,10020,,BS2DCE,,f,0,7,1907,1907,100,1,O,0,0,0,0,2,,,,,,0,0,,,,,0
9.669967,1779967159.668162,10021,,BS2DCE,,f,0,0,2113,2113,100,1,O,0,0,0,0,2,,,,,,0,0,,,,,0
9.669967,1779967159.668162,10021,,BS2DCE,,f,0,1,2580,2580,100,1,O,0,0,0,0,2,,,,,,0,0,,,,,0
9.669967,1779967159.668162,10021,,BS2DCE,,f,0,2,2404,2404,100,1,O,0,0,0,0,2,,,,,,0,0,,,,,0
9.669967,1779967159.668162,10021,,BS2DCE,,f,0,3,2211,2211,100,1,O,0,0,0,0,2,,,,,,0,0,,,,,0
9.669967,1779967159.668162,10021,,BS2DCE,,f,0,4,1718,1718,100,1,O,0,0,0,0,2,,,,,,0,0,,,,,0
9.669967,1779967159.668162,10021,,BS2DCE,,f,0,5,1952,1952,100,1,O,0,0,0,0,2,,,,,,0,0,,,,,0
9.669967,1779967159.668162,10021,,BS2DCE,,f,0,6,2195,2195,100,1,O,0,0,0,0,2,,,,,,0,0,,,,,0
9.669967,1779967159.668162,10021,,BS2DCE,,f,0,7,1791,1791,100,1,O,0,0,0,0,2,,,,,,0,0,,,,,0
9.76118,1779967159.759375,10022,,BS2DCE,,f,0,0,2053,2053,100,1,O,0,0,0,0,2,,,,,,0,0,,,,,0
9.76118,1779967159.759375,10022,,BS2DCE,,f,0,1,2439,2439,100,1,O,0,0,0,0,2,,,,,,0,0,,,,,0
9.76118,1779967159.759375,10022,,BS2DCE,,f,0,2,2479,2479,100,1,O,0,0,0,0,2,,,,,,0,0,,,,,0
9.76118,1779967159.759375,10022,,BS2DCE,,f,0,3,2161,2161,100,1,O,0,0,0,0,2,,,,,,0,0,,,,,0
9.76118,1779967159.759375,10022,,BS2DCE,,f,0,4,1790,1790,100,1,O,0,0,0,0,2,,,,,,0,0,,,,,0
9.76118,1779967159.759375,10022,,BS2DCE,,f,0,5,1667,1667,100,1,O,0,0,0,0,2,,,,,,0,0,,,,,0
9.76118,1779967159.759375,10022,,BS2DCE,,f,0,6,2130,2130,100,1,O,0,0,0,0,2,,,,,,0,0,,,,,0
9.76118,1779967159.759375,10022,,BS2DCE,,f,0,7,1845,1845,100,1,O,0,0,0,0,2,,,,,,0,0,,,,,0
9.857249,1779967159.855444,10023,,BS2DCE,,f,0,0,1988,1988,100,1,O,0,0,0,0,2,,,,,,0,0,,,,,0
9.857249,1779967159.855444,10023,,BS2DCE,,f,0,1,2402,2402,100,1,O,0,0,0,0,2,,,,,,0,0,,,,,0
9.857249,1779967159.855444,10023,,BS2DCE,,f,0,2,2487,2487,100,1,O,0,0,0,0,2,,,,,,0,0,,,,,0
9.857249,1779967159.855444,10023,,BS2DCE,,f,0,3,2107,2107,100,1,O,0,0,0,0,2,,,,,,0,0,,,,,0
9.857249,1779967159.855444,10023,,BS2DCE,,f,0,4,1836,1836,100,1,O,0,0,0,0,2,,,,,,0,0,,,,,0
9.857249,1779967159.855444,10023,,BS2DCE,,f,0,5,2137,2137,100,1,O,0,0,0,0,2,,,,,,0,0,,,,,0
9.857249,1779967159.855444,10023,,BS2DCE,,f,0,6,2275,2275,100,1,O,0,0,0,0,2,,,,,,0,0,,,,,0
9.857249,1779967159.855444,10023,,BS2DCE,,f,0,7,1837,1837,100,1,O,0,0,0,0,2,,,,,,0,0,,,,,0
9.962404,1779967159.960599,10024,,BS2DCE,,f,0,0,1996,1996,100,1,O,0,0,0,0,2,,,,,,0,0,,,,,0
9.962404,1779967159.960599,10024,,BS2DCE,,f,0,1,2392,2392,100,1,O,0,0,0,0,2,,,,,,0,0,,,,,0
9.962404,1779967159.960599,10024,,BS2DCE,,f,0,2,2515,2515,100,1,O,0,0,0,0,2,,,,,,0,0,,,,,0
9.962404,1779967159.960599,10024,,BS2DCE,,f,0,3,2025,2025,100,1,O,0,0,0,0,2,,,,,,0,0,,,,,0
9.962404,1779967159.960599,10024,,BS2DCE,,f,0,4,1761,1761,100,1,O,0,0,0,0,2,,,,,,0,0,,,,,0
9.962404,1779967159.960599,10024,,BS2DCE,,f,0,5,2170,2170,100,1,O,0,0,0,0,2,,,,,,0,0,,,,,0
9.962404,1779967159.960599,10024,,BS2DCE,,f,0,6,2232,2232,100,1,O,0,0,0,0,2,,,,,,0,0,,,,,0
9.962404,1779967159.960599,10024,,BS2DCE,,f,0,7,1794,1794,100,1,O,0,0,0,0,2,,,,,,0,0,,,,,0
10.082578,1779967160.080773,10025,,BS2DCE,,f,0,0,1944,1944,100,1,O,0,0,0,0,2,,,,,,0,0,,,,,0
10.082578,1779967160.080773,10025,,BS2DCE,,f,0,1,2411,2411,100,1,O,0,0,0,0,2,,,,,,0,0,,,,,0
10.082578,1779967160.080773,10025,,BS2DCE,,f,0,2,2312,2312,100,1,O,0,0,0,0,2,,,,,,0,0,,,,,0
10.082578,1779967160.080773,10025,,BS2DCE,,f,0,3,1907,1907,100,1,O,0,0,0,0,2,,,,,,0,0,,,,,0
10.082578,1779967160.080773,10025,,BS2DCE,,f,0,4,1720,1720,100,1,O,0,0,0,0,2,,,,,,0,0,,,,,0
10.082578,1779967160.080773,10025,,BS2DCE,,f,0,5,2261,2261,100,1,O,0,0,0,0,2,,,,,,0,0,,,,,0
10.082578,1779967160.080773,10025,,BS2DCE,,f,0,6,2319,2319,100,1,O,0,0,0,0,2,,,,,,0,0,,,,,0
10.082578,1779967160.080773,10025,,BS2DCE,,f,0,7,1758,1758,100,1,O,0,0,0,0,2,,,,,,0,0,,,,,0
10.172399,1779967160.170594,10026,,BS2DCE,,f,0,0,1894,1894,100,1,O,0,0,0,0,2,,,,,,0,0,,,,,0
10.172399,1779967160.170594,10026,,BS2DCE,,f,0,1,2397,2397,100,1,O,0,0,0,0,2,,,,,,0,0,,,,,0
10.172399,1779967160.170594,10026,,BS2DCE,,f,0,2,2315,2315,100,1,O,0,0,0,0,2,,,,,,0,0,,,,,0
10.172399,1779967160.170594,10026,,BS2DCE,,f,0,3,1841,1841,100,1,O,0,0,0,0,2,,,,,,0,0,,,,,0
10.172399,1779967160.170594,10026,,BS2DCE,,f,0,4,1740,1740,100,1,O,0,0,0,0,2,,,,,,0,0,,,,,0
10.172399,1779967160.170594,10026,,BS2DCE,,f,0,5,2317,2317,100,1,O,0,0,0,0,2,,,,,,0,0,,,,,0
10.172399,1779967160.170594,10026,,BS2DCE,,f,0,6,2278,2278,100,1,O,0,0,0,0,2,,,,,,0,0,,,,,0
10.172399,1779967160.170594,10026,,BS2DCE,,f,0,7,1726,1726,100,1,O,0,0,0,0,2,,,,,,0,0,,,,,0
10.270182,1779967160.268377,10027,,BS2DCE,,f,0,0,1920,1920,100,1,O,0,0,0,0,2,,,,,,0,0,,,,,0
10.270182,1779967160.268377,10027,,BS2DCE,,f,0,1,2413,2413,100,1,O,0,0,0,0,2,,,,,,0,0,,,,,0
10.270182,1779967160.268377,10027,,BS2DCE,,f,0,2,2339,2339,100,1,O,0,0,0,0,2,,,,,,0,0,,,,,0
10.270182,1779967160.268377,10027,,BS2DCE,,f,0,3,1746,1746,100,1,O,0,0,0,0,2,,,,,,0,0,,,,,0
10.270182,1779967160.268377,10027,,BS2DCE,,f,0,4,1808,1808,100,1,O,0,0,0,0,2,,,,,,0,0,,,,,0
10.270182,1779967160.268377,10027,,BS2DCE,,f,0,5,2345,2345,100,1,O,0,0,0,0,2,,,,,,0,0,,,,,0
10.270182,1779967160.268377,10027,,BS2DCE,,f,0,6,2270,2270,100,1,O,0,0,0,0,2,,,,,,0,0,,,,,0
10.270182,1779967160.268377,10027,,BS2DCE,,f,0,7,1677,1677,100,1,O,0,0,0,0,2,,,,,,0,0,,,,,0
10.459648,1779967160.457843,10028,,BS2DCE,,f,0,0,1926,1926,100,1,O,0,0,0,0,2,,,,,,0,0,,,,,0
10.459648,1779967160.457843,10028,,BS2DCE,,f,0,1,2520,2520,100,1,O,0,0,0,0,2,,,,,,0,0,,,,,0
10.459648,1779967160.457843,10028,,BS2DCE,,f,0,2,2268,2268,100,1,O,0,0,0,0,2,,,,,,0,0,,,,,0
10.459648,1779967160.457843,10028,,BS2DCE,,f,0,3,1667,1667,100,1,O,0,0,0,0,2,,,,,,0,0,,,,,0
10.459648,1779967160.457843,10028,,BS2DCE,,f,0,4,1896,1896,100,1,O,0,0,0,0,2,,,,,,0,0,,,,,0
10.459648,1779967160.457843,10028,,BS2DCE,,f,0,5,0,2345,96,0,T,0,0,0,0,2,,,,,,0,0,,,,,0
10.459648,1779967160.457843,10028,,BS2DCE,,f,0,6,2291,2291,100,1,O,0,0,0,0,2,,,,,,0,0,,,,,0
10.459648,1779967160.457843,10028,,BS2DCE,,f,0,7,1697,1697,100,1,O,0,0,0,0,2,,,,,,0,0,,,,,0
10.490666,1779967160.488861,10029,,BS2DCE,,f,0,0,2012,2012,100,1,O,0,0,0,0,2,,,,,,0,0,,,,,0
10.490666,1779967160.488861,10029,,BS2DCE,,f,0,1,2701,2701,100,1,O,0,0,0,0,2,,,,,,0,0,,,,,0
10.490666,1779967160.488861,10029,,BS2DCE,,f,0,2,2195,2195,100,1,O,0,0,0,0,2,,,,,,0,0,,,,,0
10.490666,1779967160.488861,10029,,BS2DCE,,f,0,3,1701,1701,100,1,O,0,0,0,0,2,,,,,,0,0,,,,,0
10.490666,1779967160.488861,10029,,BS2DCE,,f,0,4,1852,1852,100,1,O,0,0,0,0,2,,,,,,0,0,,,,,0
10.490666,1779967160.488861,10029,,BS2DCE,,f,0,5,2390,2390,96,1,O,0,0,0,0,2,,,,,,0,0,,,,,0
10.490666,1779967160.488861,10029,,BS2DCE,,f,0,6,2211,2211,100,1,O,0,0,0,0,2,,,,,,0,0,,,,,0
10.490666,1779967160.488861,10029,,BS2DCE,,f,0,7,1629,1629,100,1,O,0,0,0,0,2,,,,,,0,0,,,,,0
10.577392,1779967160.575587,10030,,BS2DCE,,f,0,0,2055,2055,100,1,O,0,0,0,0,2,,,,,,0,0,,,,,0
10.577392,1779967160.575587,10030,,BS2DCE,,f,0,1,2658,2658,100,1,O,0,0,0,0,2,,,,,,0,0,,,,,0
10.577392,1779967160.575587,10030,,BS2DCE,,f,0,2,2088,2088,100,1,O,0,0,0,0,2,,,,,,0,0,,,,,0
10.577392,1779967160.575587,10030,,BS2DCE,,f,0,3,1557,1557,100,1,O,0,0,0,0,2,,,,,,0,0,,,,,0
10.577392,1779967160.575587,10030,,BS2DCE,,f,0,4,1944,1944,100,1,O,0,0,0,0,2,,,,,,0,0,,,,,0
10.577392,1779967160.575587,10030,,BS2DCE,,f,0,5,2445,2445,100,1,O,0,0,0,0,2,,,,,,0,0,,,,,0
10.577392,1779967160.575587,10030,,BS2DCE,,f,0,6,2217,2217,100,1,O,0,0,0,0,2,,,,,,0,0,,,,,0
10.577392,1779967160.575587,10030,,BS2DCE,,f,0,7,1720,1720,100,1,O,0,0,0,0,2,,,,,,0,0,,,,,0
10.667514,1779967160.665709,10031,,BS2DCE,,f,0,0,2118,2118,100,1,O,0,0,0,0,2,,,,,,0,0,,,,,0
10.667514,1779967160.665709,10031,,BS2DCE,,f,0,1,2588,2588,100,1,O,0,0,0,0,2,,,,,,0,0,,,,,0
10.667514,1779967160.665709,10031,,BS2DCE,,f,0,2,2033,2033,100,1,O,0,0,0,0,2,,,,,,0,0,,,,,0
10.667514,1779967160.665709,10031,,BS2DCE,,f,0,3,1608,1608,100,1,O,0,0,0,0,2,,,,,,0,0,,,,,0
10.667514,1779967160.665709,10031,,BS2DCE,,f,0,4,1989,1989,100,1,O,0,0,0,0,2,,,,,,0,0,,,,,0
10.667514,1779967160.665709,10031,,BS2DCE,,f,0,5,2408,2408,100,1,O,0,0,0,0,2,,,,,,0,0,,,,,0
10.667514,1779967160.665709,10031,,BS2DCE,,f,0,6,2236,2236,100,1,O,0,0,0,0,2,,,,,,0,0,,,,,0
10.667514,1779967160.665709,10031,,BS2DCE,,f,0,7,1719,1719,100,1,O,0,0,0,0,2,,,,,,0,0,,,,,0
10.80325,1779967160.801445,10032,,BS2DCE,,f,0,0,2313,2313,100,1,O,0,0,0,0,2,,,,,,0,0,,,,,0
10.80325,1779967160.801445,10032,,BS2DCE,,f,0,1,2500,2500,100,1,O,0,0,0,0,2,,,,,,0,0,,,,,0
10.80325,1779967160.801445,10032,,BS2DCE,,f,0,2,2017,2017,100,1,O,0,0,0,0,2,,,,,,0,0,,,,,0
10.80325,1779967160.801445,10032,,BS2DCE,,f,0,3,1592,1592,100,1,O,0,0,0,0,2,,,,,,0,0,,,,,0
10.80325,1779967160.801445,10032,,BS2DCE,,f,0,4,2071,2071,100,1,O,0,0,0,0,2,,,,,,0,0,,,,,0
10.80325,1779967160.801445,10032,,BS2DCE,,f,0,5,2497,2497,100,1,O,0,0,0,0,2,,,,,,0,0,,,,,0
10.80325,1779967160.801445,10032,,BS2DCE,,f,0,6,2174,2174,100,1,O,0,0,0,0,2,,,,,,0,0,,,,,0
10.80325,1779967160.801445,10032,,BS2DCE,,f,0,7,1749,1749,100,1,O,0,0,0,0,2,,,,,,0,0,,,,,0
10.86993,1779967160.868125,10033,,BS2DCE,,f,0,0,2569,2569,100,1,O,0,0,0,0,2,,,,,,0,0,,,,,0
10.86993,1779967160.868125,10033,,BS2DCE,,f,0,1,2513,2513,100,1,O,0,0,0,0,2,,,,,,0,0,,,,,0
10.86993,1779967160.868125,10033,,BS2DCE,,f,0,2,2032,2032,100,1,O,0,0,0,0,2,,,,,,0,0,,,,,0
10.86993,1779967160.868125,10033,,BS2DCE,,f,0,3,1609,1609,100,1,O,0,0,0,0,2,,,,,,0,0,,,,,0
10.86993,1779967160.868125,10033,,BS2DCE,,f,0,4,2094,2094,100,1,O,0,0,0,0,2,,,,,,0,0,,,,,0
10.86993,1779967160.868125,10033,,BS2DCE,,f,0,5,2681,2681,100,1,O,0,0,0,0,2,,,,,,0,0,,,,,0
10.86993,1779967160.868125,10033,,BS2DCE,,f,0,6,2250,2250,100,1,O,0,0,0,0,2,,,,,,0,0,,,,,0
10.86993,1779967160.868125,10033,,BS2DCE,,f,0,7,1803,1803,100,1,O,0,0,0,0,2,,,,,,0,0,,,,,0
10.960003,1779967160.958198,10034,,BS2DCE,,f,0,0,2236,2236,100,1,O,0,0,0,0,2,,,,,,0,0,,,,,0
10.960003,1779967160.958198,10034,,BS2DCE,,f,0,1,2404,2404,100,1,O,0,0,0,0,2,,,,,,0,0,,,,,0
10.960003,1779967160.958198,10034,,BS2DCE,,f,0,2,1985,1985,100,1,O,0,0,0,0,2,,,,,,0,0,,,,,0
10.960003,1779967160.958198,10034,,BS2DCE,,f,0,3,1795,1795,100,1,O,0,0,0,0,2,,,,,,0,0,,,,,0
10.960003,1779967160.958198,10034,,BS2DCE,,f,0,4,2172,2172,100,1,O,0,0,0,0,2,,,,,,0,0,,,,,0
10.960003,1779967160.958198,10034,,BS2DCE,,f,0,5,2319,2319,100,1,O,0,0,0,0,2,,,,,,0,0,,,,,0
10.960003,1779967160.958198,10034,,BS2DCE,,f,0,6,2361,2361,100,1,O,0,0,0,0,2,,,,,,0,0,,,,,0
10.960003,1779967160.958198,10034,,BS2DCE,,f,0,7,1798,1798,100,1,O,0,0,0,0,2,,,,,,0,0,,,,,0
11.05742,1779967161.055615,10035,,BS2DCE,,f,0,0,2195,2195,100,1,O,0,0,0,0,2,,,,,,0,0,,,,,0
11.05742,1779967161.055615,10035,,BS2DCE,,f,0,1,2315,2315,100,1,O,0,0,0,0,2,,,,,,0,0,,,,,0
11.05742,1779967161.055615,10035,,BS2DCE,,f,0,2,1900,1900,100,1,O,0,0,0,0,2,,,,,,0,0,,,,,0
11.05742,1779967161.055615,10035,,BS2DCE,,f,0,3,1827,1827,100,1,O,0,0,0,0,2,,,,,,0,0,,,,,0
11.05742,1779967161.055615,10035,,BS2DCE,,f,0,4,2089,2089,100,1,O,0,0,0,0,2,,,,,,0,0,,,,,0
11.05742,1779967161.055615,10035,,BS2DCE,,f,0,5,2625,2625,100,1,O,0,0,0,0,2,,,,,,0,0,,,,,0
11.05742,1779967161.055615,10035,,BS2DCE,,f,0,6,2322,2322,100,1,O,0,0,0,0,2,,,,,,0,0,,,,,0
11.05742,1779967161.055615,10035,,BS2DCE,,f,0,7,1730,1730,100,1,O,0,0,0,0,2,,,,,,0,0,,,,,0
11.162405,1779967161.1606,10036,,BS2DCE,,f,0,0,2193,2193,100,1,O,0,0,0,0,2,,,,,,0,0,,,,,0
11.162405,1779967161.1606,10036,,BS2DCE,,f,0,1,2294,2294,100,1,O,0,0,0,0,2,,,,,,0,0,,,,,0
11.162405,1779967161.1606,10036,,BS2DCE,,f,0,2,1879,1879,100,1,O,0,0,0,0,2,,,,,,0,0,,,,,0
11.162405,1779967161.1606,10036,,BS2DCE,,f,0,3,1829,1829,100,1,O,0,0,0,0,2,,,,,,0,0,,,,,0
11.162405,1779967161.1606,10036,,BS2DCE,,f,0,4,2207,2207,100,1,O,0,0,0,0,2,,,,,,0,0,,,,,0
11.162405,1779967161.1606,10036,,BS2DCE,,f,0,5,2503,2503,100,1,O,0,0,0,0,2,,,,,,0,0,,,,,0
11.162405,1779967161.1606,10036,,BS2DCE,,f,0,6,2317,2317,100,1,O,0,0,0,0,2,,,,,,0,0,,,,,0
11.162405,1779967161.1606,10036,,BS2DCE,,f,0,7,1795,1795,100,1,O,0,0,0,0,2,,,,,,0,0,,,,,0
11.268825,1779967161.26702,10037,,BS2DCE,,f,0,0,2220,2220,100,1,O,0,0,0,0,2,,,,,,0,0,,,,,0
11.268825,1779967161.26702,10037,,BS2DCE,,f,0,1,2234,2234,100,1,O,0,0,0,0,2,,,,,,0,0,,,,,0
11.268825,1779967161.26702,10037,,BS2DCE,,f,0,2,1821,1821,100,1,O,0,0,0,0,2,,,,,,0,0,,,,,0
11.268825,1779967161.26702,10037,,BS2DCE,,f,0,3,1802,1802,100,1,O,0,0,0,0,2,,,,,,0,0,,,,,0
11.268825,1779967161.26702,10037,,BS2DCE,,f,0,4,2187,2187,100,1,O,0,0,0,0,2,,,,,,0,0,,,,,0
11.268825,1779967161.26702,10037,,BS2DCE,,f,0,5,2351,2351,100,1,O,0,0,0,0,2,,,,,,0,0,,,,,0
11.268825,1779967161.26702,10037,,BS2DCE,,f,0,6,2257,2257,100,1,O,0,0,0,0,2,,,,,,0,0,,,,,0
11.268825,1779967161.26702,10037,,BS2DCE,,f,0,7,1833,1833,100,1,O,0,0,0,0,2,,,,,,0,0,,,,,0
11.419691,1779967161.417886,10038,,BS2DCE,,f,0,0,2196,2196,100,1,O,0,0,0,0,2,,,,,,0,0,,,,,0
11.419691,1779967161.417886,10038,,BS2DCE,,f,0,1,2216,2216,100,1,O,0,0,0,0,2,,,,,,0,0,,,,,0
11.419691,1779967161.417886,10038,,BS2DCE,,f,0,2,1713,1713,100,1,O,0,0,0,0,2,,,,,,0,0,,,,,0
11.419691,1779967161.417886,10038,,BS2DCE,,f,0,3,1810,1810,100,1,O,0,0,0,0,2,,,,,,0,0,,,,,0
11.419691,1779967161.417886,10038,,BS2DCE,,f,0,4,2257,2257,100,1,O,0,0,0,0,2,,,,,,0,0,,,,,0
11.419691,1779967161.417886,10038,,BS2DCE,,f,0,5,2272,2272,100,1,O,0,0,0,0,2,,,,,,0,0,,,,,0
11.419691,1779967161.417886,10038,,BS2DCE,,f,0,6,2178,2178,100,1,O,0,0,0,0,2,,,,,,0,0,,,,,0
11.419691,1779967161.417886,10038,,BS2DCE,,f,0,7,1809,1809,100,1,O,0,0,0,0,2,,,,,,0,0,,,,,0
11.469878,1779967161.468073,10039,,BS2DCE,,f,0,0,2175,2175,100,1,O,0,0,0,0,2,,,,,,0,0,,,,,0
11.469878,1779967161.468073,10039,,BS2DCE,,f,0,1,2191,2191,100,1,O,0,0,0,0,2,,,,,,0,0,,,,,0
11.469878,1779967161.468073,10039,,BS2DCE,,f,0,2,1692,1692,100,1,O,0,0,0,0,2,,,,,,0,0,,,,,0
11.469878,1779967161.468073,10039,,BS2DCE,,f,0,3,1851,1851,100,1,O,0,0,0,0,2,,,,,,0,0,,,,,0
11.469878,1779967161.468073,10039,,BS2DCE,,f,0,4,2318,2318,100,1,O,0,0,0,0,2,,,,,,0,0,,,,,0
11.469878,1779967161.468073,10039,,BS2DCE,,f,0,5,2255,2255,100,1,O,0,0,0,0,2,,,,,,0,0,,,,,0
11.469878,1779967161.468073,10039,,BS2DCE,,f,0,6,2032,2032,100,1,O,0,0,0,0,2,,,,,,0,0,,,,,0
11.469878,1779967161.468073,10039,,BS2DCE,,f,0,7,1928,1928,100,1,O,0,0,0,0,2,,,,,,0,0,,,,,0
11.574879,1779967161.573074,10040,,BS2DCE,,f,0,0,2244,2244,100,1,O,0,0,0,0,2,,,,,,0,0,,,,,0
11.574879,1779967161.573074,10040,,BS2DCE,,f,0,1,2122,2122,100,1,O,0,0,0,0,2,,,,,,0,0,,,,,0
11.574879,1779967161.573074,10040,,BS2DCE,,f,0,2,1673,1673,100,1,O,0,0,0,0,2,,,,,,0,0,,,,,0
11.574879,1779967161.573074,10040,,BS2DCE,,f,0,3,1779,1779,100,1,O,0,0,0,0,2,,,,,,0,0,,,,,0
11.574879,1779967161.573074,10040,,BS2DCE,,f,0,4,2309,2309,100,1,O,0,0,0,0,2,,,,,,0,0,,,,,0
11.574879,1779967161.573074,10040,,BS2DCE,,f,0,5,2249,2249,100,1,O,0,0,0,0,2,,,,,,0,0,,,,,0
11.574879,1779967161.573074,10040,,BS2DCE,,f,0,6,1975,1975,100,1,O,0,0,0,0,2,,,,,,0,0,,,,,0
11.574879,1779967161.573074,10040,,BS2DCE,,f,0,7,1884,1884,100,1,O,0,0,0,0,2,,,,,,0,0,,,,,0
11.6784,1779967161.676595,10041,,BS2DCE,,f,0,0,2266,2266,100,1,O,0,0,0,0,2,,,,,,0,0,,,,,0
11.6784,1779967161.676595,10041,,BS2DCE,,f,0,1,2100,2100,100,1,O,0,0,0,0,2,,,,,,0,0,,,,,0
11.6784,1779967161.676595,10041,,BS2DCE,,f,0,2,1590,1590,100,1,O,0,0,0,0,2,,,,,,0,0,,,,,0
11.6784,1779967161.676595,10041,,BS2DCE,,f,0,3,1805,1805,100,1,O,0,0,0,0,2,,,,,,0,0,,,,,0
11.6784,1779967161.676595,10041,,BS2DCE,,f,0,4,2336,2336,100,1,O,0,0,0,0,2,,,,,,0,0,,,,,0
11.6784,1779967161.676595,10041,,BS2DCE,,f,0,5,2342,2342,100,1,O,0,0,0,0,2,,,,,,0,0,,,,,0
11.6784,1779967161.676595,10041,,BS2DCE,,f,0,6,1892,1892,100,1,O,0,0,0,0,2,,,,,,0,0,,,,,0
11.6784,1779967161.676595,10041,,BS2DCE,,f,0,7,1956,1956,100,1,O,0,0,0,0,2,,,,,,0,0,,,,,0
11.763217,1779967161.761412,10042,,BS2DCE,,f,0,0,2272,2272,100,1,O,0,0,0,0,2,,,,,,0,0,,,,,0
11.763217,1779967161.761412,10042,,BS2DCE,,f,0,1,2110,2110,100,1,O,0,0,0,0,2,,,,,,0,0,,,,,0
11.763217,1779967161.761412,10042,,BS2DCE,,f,0,2,1544,1544,100,1,O,0,0,0,0,2,,,,,,0,0,,,,,0
11.763217,1779967161.761412,10042,,BS2DCE,,f,0,3,1924,1924,100,1,O,0,0,0,0,2,,,,,,0,0,,,,,0
11.763217,1779967161.761412,10042,,BS2DCE,,f,0,4,2447,2447,100,1,O,0,0,0,0,2,,,,,,0,0,,,,,0
11.763217,1779967161.761412,10042,,BS2DCE,,f,0,5,2199,2199,100,1,O,0,0,0,0,2,,,,,,0,0,,,,,0
11.763217,1779967161.761412,10042,,BS2DCE,,f,0,6,1781,1781,100,1,O,0,0,0,0,2,,,,,,0,0,,,,,0
11.763217,1779967161.761412,10042,,BS2DCE,,f,0,7,1946,1946,100,1,O,0,0,0,0,2,,,,,,0,0,,,,,0
11.882507,1779967161.880702,10043,,BS2DCE,,f,0,0,2296,2296,100,1,O,0,0,0,0,2,,,,,,0,0,,,,,0
11.882507,1779967161.880702,10043,,BS2DCE,,f,0,1,2079,2079,100,1,O,0,0,0,0,2,,,,,,0,0,,,,,0
11.882507,1779967161.880702,10043,,BS2DCE,,f,0,2,1544,1544,100,1,O,0,0,0,0,2,,,,,,0,0,,,,,0
11.882507,1779967161.880702,10043,,BS2DCE,,f,0,3,1846,1846,100,1,O,0,0,0,0,2,,,,,,0,0,,,,,0
11.882507,1779967161.880702,10043,,BS2DCE,,f,0,4,2471,2471,100,1,O,0,0,0,0,2,,,,,,0,0,,,,,0
11.882507,1779967161.880702,10043,,BS2DCE,,f,0,5,2214,2214,100,1,O,0,0,0,0,2,,,,,,0,0,,,,,0
11.882507,1779967161.880702,10043,,BS2DCE,,f,0,6,1782,1782,100,1,O,0,0,0,0,2,,,,,,0,0,,,,,0
11.882507,1779967161.880702,10043,,BS2DCE,,f,0,7,1998,1998,100,1,O,0,0,0,0,2,,,,,,0,0,,,,,0
11.972391,1779967161.970586,10044,,BS2DCE,,f,0,0,2376,2376,100,1,O,0,0,0,0,2,,,,,,0,0,,,,,0
11.972391,1779967161.970586,10044,,BS2DCE,,f,0,1,2027,2027,100,1,O,0,0,0,0,2,,,,,,0,0,,,,,0
11.972391,1779967161.970586,10044,,BS2DCE,,f,0,2,1561,1561,100,1,O,0,0,0,0,2,,,,,,0,0,,,,,0
11.972391,1779967161.970586,10044,,BS2DCE,,f,0,3,1992,1992,100,1,O,0,0,0,0,2,,,,,,0,0,,,,,0
11.972391,1779967161.970586,10044,,BS2DCE,,f,0,4,2464,2464,100,1,O,0,0,0,0,2,,,,,,0,0,,,,,0
11.972391,1779967161.970586,10044,,BS2DCE,,f,0,5,2211,2211,100,1,O,0,0,0,0,2,,,,,,0,0,,,,,0
11.972391,1779967161.970586,10044,,BS2DCE,,f,0,6,1738,1738,100,1,O,0,0,0,0,2,,,,,,0,0,,,,,0
11.972391,1779967161.970586,10044,,BS2DCE,,f,0,7,1988,1988,100,1,O,0,0,0,0,2,,,,,,0,0,,,,,0
12.092473,1779967162.090668,10045,,BS2DCE,,f,0,0,2419,2419,100,1,O,0,0,0,0,2,,,,,,0,0,,,,,0
12.092473,1779967162.090668,10045,,BS2DCE,,f,0,1,2040,2040,100,1,O,0,0,0,0,2,,,,,,0,0,,,,,0
12.092473,1779967162.090668,10045,,BS2DCE,,f,0,2,1514,1514,100,1,O,0,0,0,0,2,,,,,,0,0,,,,,0
12.092473,1779967162.090668,10045,,BS2DCE,,f,0,3,1959,1959,100,1,O,0,0,0,0,2,,,,,,0,0,,,,,0
12.092473,1779967162.090668,10045,,BS2DCE,,f,0,4,2555,2555,100,1,O,0,0,0,0,2,,,,,,0,0,,,,,0
12.092473,1779967162.090668,10045,,BS2DCE,,f,0,5,2267,2267,100,1,O,0,0,0,0,2,,,,,,0,0,,,,,0
12.092473,1779967162.090668,10045,,BS2DCE,,f,0,6,1750,1750,100,1,O,0,0,0,0,2,,,,,,0,0,,,,,0
12.092473,1779967162.090668,10045,,BS2DCE,,f,0,7,2051,2051,100,1,O,0,0,0,0,2,,,,,,0,0,,,,,0
12.159782,1779967162.157977,10046,,BS2DCE,,f,0,0,2383,2383,100,1,O,0,0,0,0,2,,,,,,0,0,,,,,0
12.159782,1779967162.157977,10046,,BS2DCE,,f,0,1,1976,1976,100,1,O,0,0,0,0,2,,,,,,0,0,,,,,0
12.159782,1779967162.157977,10046,,BS2DCE,,f,0,2,1523,1523,100,1,O,0,0,0,0,2,,,,,,0,0,,,,,0
12.159782,1779967162.157977,10046,,BS2DCE,,f,0,3,1999,1999,100,1,O,0,0,0,0,2,,,,,,0,0,,,,,0
12.159782,1779967162.157977,10046,,BS2DCE,,f,0,4,2467,2467,100,1,O,0,0,0,0,2,,,,,,0,0,,,,,0
12.159782,1779967162.157977,10046,,BS2DCE,,f,0,5,2276,2276,100,1,O,0,0,0,0,2,,,,,,0,0,,,,,0
12.159782,1779967162.157977,10046,,BS2DCE,,f,0,6,1737,1737,100,1,O,0,0,0,0,2,,,,,,0,0,,,,,0
12.159782,1779967162.157977,10046,,BS2DCE,,f,0,7,2090,2090,100,1,O,0,0,0,0,2,,,,,,0,0,,,,,0
12.259198,1779967162.257393,10047,,BS2DCE,,f,0,0,2425,2425,100,1,O,0,0,0,0,2,,,,,,0,0,,,,,0
12.259198,1779967162.257393,10047,,BS2DCE,,f,0,1,2057,2057,100,1,O,0,0,0,0,2,,,,,,0,0,,,,,0
12.259198,1779967162.257393,10047,,BS2DCE,,f,0,2,1437,1437,100,1,O,0,0,0,0,2,,,,,,0,0,,,,,0
12.259198,1779967162.257393,10047,,BS2DCE,,f,0,3,2104,2104,100,1,O,0,0,0,0,2,,,,,,0,0,,,,,0
12.259198,1779967162.257393,10047,,BS2DCE,,f,0,4,2556,2556,100,1,O,0,0,0,0,2,,,,,,0,0,,,,,0
12.259198,1779967162.257393,10047,,BS2DCE,,f,0,5,2149,2149,100,1,O,0,0,0,0,2,,,,,,0,0,,,,,0
12.259198,1779967162.257393,10047,,BS2DCE,,f,0,6,1761,1761,100,1,O,0,0,0,0,2,,,,,,0,0,,,,,0
12.259198,1779967162.257393,10047,,BS2DCE,,f,0,7,2120,2120,100,1,O,0,0,0,0,2,,,,,,0,0,,,,,0
12.417113,1779967162.415308,10048,,BS2DCE,,f,0,0,2455,2455,100,1,O,0,0,0,0,2,,,,,,0,0,,,,,0
12.417113,1779967162.415308,10048,,BS2DCE,,f,0,1,2060,2060,100,1,O,0,0,0,0,2,,,,,,0,0,,,,,0
12.417113,1779967162.415308,10048,,BS2DCE,,f,0,2,1461,1461,100,1,O,0,0,0,0,2,,,,,,0,0,,,,,0
12.417113,1779967162.415308,10048,,BS2DCE,,f,0,3,2070,2070,100,1,O,0,0,0,0,2,,,,,,0,0,,,,,0
12.417113,1779967162.415308,10048,,BS2DCE,,f,0,4,2558,2558,100,1,O,0,0,0,0,2,,,,,,0,0,,,,,0
12.417113,1779967162.415308,10048,,BS2DCE,,f,0,5,2059,2059,100,1,O,0,0,0,0,2,,,,,,0,0,,,,,0
12.417113,1779967162.415308,10048,,BS2DCE,,f,0,6,1636,1636,100,1,O,0,0,0,0,2,,,,,,0,0,,,,,0
12.417113,1779967162.415308,10048,,BS2DCE,,f,0,7,2182,2182,100,1,O,0,0,0,0,2,,,,,,0,0,,,,,0
12.467428,1779967162.465623,10049,,BS2DCE,,f,0,0,2515,2515,100,1,O,0,0,0,0,2,,,,,,0,0,,,,,0
12.467428,1779967162.465623,10049,,BS2DCE,,f,0,1,2079,2079,100,1,O,0,0,0,0,2,,,,,,0,0,,,,,0
12.467428,1779967162.465623,10049,,BS2DCE,,f,0,2,1455,1455,100,1,O,0,0,0,0,2,,,,,,0,0,,,,,0
12.467428,1779967162.465623,10049,,BS2DCE,,f,0,3,2117,2117,100,1,O,0,0,0,0,2,,,,,,0,0,,,,,0
12.467428,1779967162.465623,10049,,BS2DCE,,f,0,4,2657,2657,100,1,O,0,0,0,0,2,,,,,,0,0,,,,,0
12.467428,1779967162.465623,10049,,BS2DCE,,f,0,5,1998,1998,100,1,O,0,0,0,0,2,,,,,,0,0,,,,,0
12.467428,1779967162.465623,10049,,BS2DCE,,f,0,6,1643,1643,100,1,O,0,0,0,0,2,,,,,,0,0,,,,,0
12.467428,1779967162.465623,10049,,BS2DCE,,f,0,7,2277,2277,100,1,O,0,0,0,0,2,,,,,,0,0,,,,,0
12.602241,1779967162.600436,10050,,BS2DCE,,f,0,0,2545,2545,100,1,O,0,0,0,0,2,,,,,,0,0,,,,,0
12.602241,1779967162.600436,10050,,BS2DCE,,f,0,1,2266,2266,100,1,O,0,0,0,0,2,,,,,,0,0,,,,,0
12.602241,1779967162.600436,10050,,BS2DCE,,f,0,2,1520,1520,100,1,O,0,0,0,0,2,,,,,,0,0,,,,,0
12.602241,1779967162.600436,10050,,BS2DCE,,f,0,3,2212,2212,100,1,O,0,0,0,0,2,,,,,,0,0,,,,,0
12.602241,1779967162.600436,10050,,BS2DCE,,f,0,4,3370,3370,100,1,O,0,0,0,0,2,,,,,,0,0,,,,,0
12.602241,1779967162.600436,10050,,BS2DCE,,f,0,5,1976,1976,100,1,O,0,0,0,0,2,,,,,,0,0,,,,,0
12.602241,1779967162.600436,10050,,BS2DCE,,f,0,6,1649,1649,100,1,O,0,0,0,0,2,,,,,,0,0,,,,,0
12.602241,1779967162.600436,10050,,BS2DCE,,f,0,7,2209,2209,100,1,O,0,0,0,0,2,,,,,,0,0,,,,,0
12.669696,1779967162.667891,10051,,BS2DCE,,f,0,0,2569,2569,100,1,O,0,0,0,0,2,,,,,,0,0,,,,,0
12.669696,1779967162.667891,10051,,BS2DCE,,f,0,1,2332,2332,100,1,O,0,0,0,0,2,,,,,,0,0,,,,,0
12.669696,1779967162.667891,10051,,BS2DCE,,f,0,2,1664,1664,100,1,O,0,0,0,0,2,,,,,,0,0,,,,,0
12.669696,1779967162.667891,10051,,BS2DCE,,f,0,3,2171,2171,100,1,O,0,0,0,0,2,,,,,,0,0,,,,,0
12.669696,1779967162.667891,10051,,BS2DCE,,f,0,4,2692,2692,100,1,O,0,0,0,0,2,,,,,,0,0,,,,,0
12.669696,1779967162.667891,10051,,BS2DCE,,f,0,5,1976,1976,100,1,O,0,0,0,0,2,,,,,,0,0,,,,,0
12.669696,1779967162.667891,10051,,BS2DCE,,f,0,6,1633,1633,100,1,O,0,0,0,0,2,,,,,,0,0,,,,,0
12.669696,1779967162.667891,10051,,BS2DCE,,f,0,7,2216,2216,100,1,O,0,0,0,0,2,,,,,,0,0,,,,,0
12.760271,1779967162.758466,10052,,BS2DCE,,f,0,0,2700,2700,100,1,O,0,0,0,0,2,,,,,,0,0,,,,,0
12.760271,1779967162.758466,10052,,BS2DCE,,f,0,1,2104,2104,100,1,O,0,0,0,0,2,,,,,,0,0,,,,,0
12.760271,1779967162.758466,10052,,BS2DCE,,f,0,2,1578,1578,100,1,O,0,0,0,0,2,,,,,,0,0,,,,,0
12.760271,1779967162.758466,10052,,BS2DCE,,f,0,3,2243,2243,100,1,O,0,0,0,0,2,,,,,,0,0,,,,,0
12.760271,1779967162.758466,10052,,BS2DCE,,f,0,4,2650,2650,100,1,O,0,0,0,0,2,,,,,,0,0,,,,,0
12.760271,1779967162.758466,10052,,BS2DCE,,f,0,5,1925,1925,100,1,O,0,0,0,0,2,,,,,,0,0,,,,,0
12.760271,1779967162.758466,10052,,BS2DCE,,f,0,6,1676,1676,100,1,O,0,0,0,0,2,,,,,,0,0,,,,,0
12.760271,1779967162.758466,10052,,BS2DCE,,f,0,7,2187,2187,100,1,O,0,0,0,0,2,,,,,,0,0,,,,,0
12.857289,1779967162.855484,10053,,BS2DCE,,f,0,0,2691,2691,100,1,O,0,0,0,0,2,,,,,,0,0,,,,,0
12.857289,1779967162.855484,10053,,BS2DCE,,f,0,1,1992,1992,100,1,O,0,0,0,0,2,,,,,,0,0,,,,,0
12.857289,1779967162.855484,10053,,BS2DCE,,f,0,2,1552,1552,100,1,O,0,0,0,0,2,,,,,,0,0,,,,,0
12.857289,1779967162.855484,10053,,BS2DCE,,f,0,3,2267,2267,100,1,O,0,0,0,0,2,,,,,,0,0,,,,,0
12.857289,1779967162.855484,10053,,BS2DCE,,f,0,4,2548,2548,100,1,O,0,0,0,0,2,,,,,,0,0,,,,,0
12.857289,1779967162.855484,10053,,BS2DCE,,f,0,5,1833,1833,100,1,O,0,0,0,0,2,,,,,,0,0,,,,,0
12.857289,1779967162.855484,10053,,BS2DCE,,f,0,6,1507,1507,100,1,O,0,0,0,0,2,,,,,,0,0,,,,,0
12.857289,1779967162.855484,10053,,BS2DCE,,f,0,7,2257,2257,100,1,O,0,0,0,0,2,,,,,,0,0,,,,,0
12.962331,1779967162.960526,10054,,BS2DCE,,f,0,0,2920,2920,100,1,O,0,0,0,0,2,,,,,,0,0,,,,,0
12.962331,1779967162.960526,10054,,BS2DCE,,f,0,1,1914,1914,100,1,O,0,0,0,0,2,,,,,,0,0,,,,,0
12.962331,1779967162.960526,10054,,BS2DCE,,f,0,2,1535,1535,100,1,O,0,0,0,0,2,,,,,,0,0,,,,,0
12.962331,1779967162.960526,10054,,BS2DCE,,f,0,3,2268,2268,100,1,O,0,0,0,0,2,,,,,,0,0,,,,,0
12.962331,1779967162.960526,10054,,BS2DCE,,f,0,4,2474,2474,100,1,O,0,0,0,0,2,,,,,,0,0,,,,,0
12.962331,1779967162.960526,10054,,BS2DCE,,f,0,5,1879,1879,100,1,O,0,0,0,0,2,,,,,,0,0,,,,,0
12.962331,1779967162.960526,10054,,BS2DCE,,f,0,6,1569,1569,100,1,O,0,0,0,0,2,,,,,,0,0,,,,,0
12.962331,1779967162.960526,10054,,BS2DCE,,f,0,7,2240,2240,100,1,O,0,0,0,0,2,,,,,,0,0,,,,,0
13.067474,1779967163.065669,10055,,BS2DCE,,f,0,0,2856,2856,100,1,O,0,0,0,0,2,,,,,,0,0,,,,,0
13.067474,1779967163.065669,10055,,BS2DCE,,f,0,1,1849,1849,100,1,O,0,0,0,0,2,,,,,,0,0,,,,,0
13.067474,1779967163.065669,10055,,BS2DCE,,f,0,2,1637,1637,100,1,O,0,0,0,0,2,,,,,,0,0,,,,,0
13.067474,1779967163.065669,10055,,BS2DCE,,f,0,3,2372,2372,100,1,O,0,0,0,0,2,,,,,,0,0,,,,,0
13.067474,1779967163.065669,10055,,BS2DCE,,f,0,4,2449,2449,100,1,O,0,0,0,0,2,,,,,,0,0,,,,,0
13.067474,1779967163.065669,10055,,BS2DCE,,f,0,5,1582,1582,100,1,O,0,0,0,0,2,,,,,,0,0,,,,,0
13.067474,1779967163.065669,10055,,BS2DCE,,f,0,6,1602,1602,100,1,O,0,0,0,0,2,,,,,,0,0,,,,,0
13.067474,1779967163.065669,10055,,BS2DCE,,f,0,7,2297,2297,100,1,O,0,0,0,0,2,,,,,,0,0,,,,,0
13.172302,1779967163.170497,10056,,BS2DCE,,f,0,0,2722,2722,100,1,O,0,0,0,0,2,,,,,,0,0,,,,,0
13.172302,1779967163.170497,10056,,BS2DCE,,f,0,1,1822,1822,100,1,O,0,0,0,0,2,,,,,,0,0,,,,,0
13.172302,1779967163.170497,10056,,BS2DCE,,f,0,2,1682,1682,100,1,O,0,0,0,0,2,,,,,,0,0,,,,,0
13.172302,1779967163.170497,10056,,BS2DCE,,f,0,3,2390,2390,100,1,O,0,0,0,0,2,,,,,,0,0,,,,,0
13.172302,1779967163.170497,10056,,BS2DCE,,f,0,4,2362,2362,100,1,O,0,0,0,0,2,,,,,,0,0,,,,,0
13.172302,1779967163.170497,10056,,BS2DCE,,f,0,5,1724,1724,100,1,O,0,0,0,0,2,,,,,,0,0,,,,,0
13.172302,1779967163.170497,10056,,BS2DCE,,f,0,6,1627,1627,100,1,O,0,0,0,0,2,,,,,,0,0,,,,,0
13.172302,1779967163.170497,10056,,BS2DCE,,f,0,7,2282,2282,100,1,O,0,0,0,0,2,,,,,,0,0,,,,,0
13.269828,1779967163.268023,10057,,BS2DCE,,f,0,0,2709,2709,100,1,O,0,0,0,0,2,,,,,,0,0,,,,,0
13.269828,1779967163.268023,10057,,BS2DCE,,f,0,1,1792,1792,100,1,O,0,0,0,0,2,,,,,,0,0,,,,,0
13.269828,1779967163.268023,10057,,BS2DCE,,f,0,2,1708,1708,100,1,O,0,0,0,0,2,,,,,,0,0,,,,,0
13.269828,1779967163.268023,10057,,BS2DCE,,f,0,3,2453,2453,100,1,O,0,0,0,0,2,,,,,,0,0,,,,,0
13.269828,1779967163.268023,10057,,BS2DCE,,f,0,4,2376,2376,100,1,O,0,0,0,0,2,,,,,,0,0,,,,,0
13.269828,1779967163.268023,10057,,BS2DCE,,f,0,5,1583,1583,100,1,O,0,0,0,0,2,,,,,,0,0,,,,,0
13.269828,1779967163.268023,10057,,BS2DCE,,f,0,6,1615,1615,100,1,O,0,0,0,0,2,,,,,,0,0,,,,,0
13.269828,1779967163.268023,10057,,BS2DCE,,f,0,7,2352,2352,100,1,O,0,0,0,0,2,,,,,,0,0,,,,,0
13.42968,1779967163.427875,10058,,BS2DCE,,f,0,0,2641,2641,100,1,O,0,0,0,0,2,,,,,,0,0,,,,,0
13.42968,1779967163.427875,10058,,BS2DCE,,f,0,1,1841,1841,100,1,O,0,0,0,0,2,,,,,,0,0,,,,,0
13.42968,1779967163.427875,10058,,BS2DCE,,f,0,2,1772,1772,100,1,O,0,0,0,0,2,,,,,,0,0,,,,,0
13.42968,1779967163.427875,10058,,BS2DCE,,f,0,3,2472,2472,100,1,O,0,0,0,0,2,,,,,,0,0,,,,,0
13.42968,1779967163.427875,10058,,BS2DCE,,f,0,4,2335,2335,100,1,O,0,0,0,0,2,,,,,,0,0,,,,,0
13.42968,1779967163.427875,10058,,BS2DCE,,f,0,5,1566,1566,100,1,O,0,0,0,0,2,,,,,,0,0,,,,,0
13.42968,1779967163.427875,10058,,BS2DCE,,f,0,6,1870,1870,100,1,O,0,0,0,0,2,,,,,,0,0,,,,,0
13.42968,1779967163.427875,10058,,BS2DCE,,f,0,7,2443,2443,100,1,O,0,0,0,0,2,,,,,,0,0,,,,,0
13.457743,1779967163.455938,10059,,BS2DCE,,f,0,0,2595,2595,100,1,O,0,0,0,0,2,,,,,,0,0,,,,,0
13.457743,1779967163.455938,10059,,BS2DCE,,f,0,1,1820,1820,100,1,O,0,0,0,0,2,,,,,,0,0,,,,,0
13.457743,1779967163.455938,10059,,BS2DCE,,f,0,2,1769,1769,100,1,O,0,0,0,0,2,,,,,,0,0,,,,,0
13.457743,1779967163.455938,10059,,BS2DCE,,f,0,3,2490,2490,100,1,O,0,0,0,0,2,,,,,,0,0,,,,,0
13.457743,1779967163.455938,10059,,BS2DCE,,f,0,4,2224,2224,100,1,O,0,0,0,0,2,,,,,,0,0,,,,,0
13.457743,1779967163.455938,10059,,BS2DCE,,f,0,5,1644,1644,100,1,O,0,0,0,0,2,,,,,,0,0,,,,,0
13.457743,1779967163.455938,10059,,BS2DCE,,f,0,6,1780,1780,100,1,O,0,0,0,0,2,,,,,,0,0,,,,,0
13.457743,1779967163.455938,10059,,BS2DCE,,f,0,7,2423,2423,100,1,O,0,0,0,0,2,,,,,,0,0,,,,,0
13.577364,1779967163.575559,10060,,BS2DCE,,f,0,0,2518,2518,100,1,O,0,0,0,0,2,,,,,,0,0,,,,,0
13.577364,1779967163.575559,10060,,BS2DCE,,f,0,1,1921,1921,100,1,O,0,0,0,0,2,,,,,,0,0,,,,,0
13.577364,1779967163.575559,10060,,BS2DCE,,f,0,2,1860,1860,100,1,O,0,0,0,0,2,,,,,,0,0,,,,,0
13.577364,1779967163.575559,10060,,BS2DCE,,f,0,3,2558,2558,100,1,O,0,0,0,0,2,,,,,,0,0,,,,,0
13.577364,1779967163.575559,10060,,BS2DCE,,f,0,4,2251,2251,100,1,O,0,0,0,0,2,,,,,,0,0,,,,,0
13.577364,1779967163.575559,10060,,BS2DCE,,f,0,5,1720,1720,100,1,O,0,0,0,0,2,,,,,,0,0,,,,,0
13.577364,1779967163.575559,10060,,BS2DCE,,f,0,6,1829,1829,100,1,O,0,0,0,0,2,,,,,,0,0,,,,,0
13.577364,1779967163.575559,10060,,BS2DCE,,f,0,7,2396,2396,100,1,O,0,0,0,0,2,,,,,,0,0,,,,,0
13.697336,1779967163.695531,10061,,BS2DCE,,f,0,0,2470,2470,100,1,O,0,0,0,0,2,,,,,,0,0,,,,,0
13.697336,1779967163.695531,10061,,BS2DCE,,f,0,1,1931,1931,100,1,O,0,0,0,0,2,,,,,,0,0,,,,,0
13.697336,1779967163.695531,10061,,BS2DCE,,f,0,2,1958,1958,100,1,O,0,0,0,0,2,,,,,,0,0,,,,,0
13.697336,1779967163.695531,10061,,BS2DCE,,f,0,3,2599,2599,100,1,O,0,0,0,0,2,,,,,,0,0,,,,,0
13.697336,1779967163.695531,10061,,BS2DCE,,f,0,4,2170,2170,100,1,O,0,0,0,0,2,,,,,,0,0,,,,,0
13.697336,1779967163.695531,10061,,BS2DCE,,f,0,5,1701,1701,100,1,O,0,0,0,0,2,,,,,,0,0,,,,,0
13.697336,1779967163.695531,10061,,BS2DCE,,f,0,6,1873,1873,100,1,O,0,0,0,0,2,,,,,,0,0,,,,,0
13.697336,1779967163.695531,10061,,BS2DCE,,f,0,7,2360,2360,100,1,O,0,0,0,0,2,,,,,,0,0,,,,,0
13.77231,1779967163.770505,10062,,BS2DCE,,f,0,0,2419,2419,100,1,O,0,0,0,0,2,,,,,,0,0,,,,,0
13.77231,1779967163.770505,10062,,BS2DCE,,f,0,1,1982,1982,100,1,O,0,0,0,0,2,,,,,,0,0,,,,,0
13.77231,1779967163.770505,10062,,BS2DCE,,f,0,2,1971,1971,100,1,O,0,0,0,0,2,,,,,,0,0,,,,,0
13.77231,1779967163.770505,10062,,BS2DCE,,f,0,3,2762,2762,100,1,O,0,0,0,0,2,,,,,,0,0,,,,,0
13.77231,1779967163.770505,10062,,BS2DCE,,f,0,4,2061,2061,100,1,O,0,0,0,0,2,,,,,,0,0,,,,,0
13.77231,1779967163.770505,10062,,BS2DCE,,f,0,5,1624,1624,100,1,O,0,0,0,0,2,,,,,,0,0,,,,,0
13.77231,1779967163.770505,10062,,BS2DCE,,f,0,6,1883,1883,100,1,O,0,0,0,0,2,,,,,,0,0,,,,,0
13.77231,1779967163.770505,10062,,BS2DCE,,f,0,7,2320,2320,100,1,O,0,0,0,0,2,,,,,,0,0,,,,,0
13.869809,1779967163.868004,10063,,BS2DCE,,f,0,0,2330,2330,100,1,O,0,0,0,0,2,,,,,,0,0,,,,,0
13.869809,1779967163.868004,10063,,BS2DCE,,f,0,1,1996,1996,100,1,O,0,0,0,0,2,,,,,,0,0,,,,,0
13.869809,1779967163.868004,10063,,BS2DCE,,f,0,2,2028,2028,100,1,O,0,0,0,0,2,,,,,,0,0,,,,,0
13.869809,1779967163.868004,10063,,BS2DCE,,f,0,3,2651,2651,100,1,O,0,0,0,0,2,,,,,,0,0,,,,,0
13.869809,1779967163.868004,10063,,BS2DCE,,f,0,4,2037,2037,100,1,O,0,0,0,0,2,,,,,,0,0,,,,,0
13.869809,1779967163.868004,10063,,BS2DCE,,f,0,5,1689,1689,100,1,O,0,0,0,0,2,,,,,,0,0,,,,,0
13.869809,1779967163.868004,10063,,BS2DCE,,f,0,6,1911,1911,100,1,O,0,0,0,0,2,,,,,,0,0,,,,,0
13.869809,1779967163.868004,10063,,BS2DCE,,f,0,7,2200,2200,100,1,O,0,0,0,0,2,,,,,,0,0,,,,,0
13.959831,1779967163.958026,10064,,BS2DCE,,f,0,0,2276,2276,100,1,O,0,0,0,0,2,,,,,,0,0,,,,,0
13.959831,1779967163.958026,10064,,BS2DCE,,f,0,1,1993,1993,100,1,O,0,0,0,0,2,,,,,,0,0,,,,,0
13.959831,1779967163.958026,10064,,BS2DCE,,f,0,2,2144,2144,100,1,O,0,0,0,0,2,,,,,,0,0,,,,,0
13.959831,1779967163.958026,10064,,BS2DCE,,f,0,3,2515,2515,100,1,O,0,0,0,0,2,,,,,,0,0,,,,,0
13.959831,1779967163.958026,10064,,BS2DCE,,f,0,4,1980,1980,100,1,O,0,0,0,0,2,,,,,,0,0,,,,,0
13.959831,1779967163.958026,10064,,BS2DCE,,f,0,5,1740,1740,100,1,O,0,0,0,0,2,,,,,,0,0,,,,,0
13.959831,1779967163.958026,10064,,BS2DCE,,f,0,6,1908,1908,100,1,O,0,0,0,0,2,,,,,,0,0,,,,,0
13.959831,1779967163.958026,10064,,BS2DCE,,f,0,7,2147,2147,100,1,O,0,0,0,0,2,,,,,,0,0,,,,,0
14.057671,1779967164.055866,10065,,BS2DCE,,f,0,0,2181,2181,100,1,O,0,0,0,0,2,,,,,,0,0,,,,,0
14.057671,1779967164.055866,10065,,BS2DCE,,f,0,1,2015,2015,100,1,O,0,0,0,0,2,,,,,,0,0,,,,,0
14.057671,1779967164.055866,10065,,BS2DCE,,f,0,2,2213,2213,100,1,O,0,0,0,0,2,,,,,,0,0,,,,,0
14.057671,1779967164.055866,10065,,BS2DCE,,f,0,3,2532,2532,100,1,O,0,0,0,0,2,,,,,,0,0,,,,,0
14.057671,1779967164.055866,10065,,BS2DCE,,f,0,4,1888,1888,100,1,O,0,0,0,0,2,,,,,,0,0,,,,,0
14.057671,1779967164.055866,10065,,BS2DCE,,f,0,5,1683,1683,100,1,O,0,0,0,0,2,,,,,,0,0,,,,,0
14.057671,1779967164.055866,10065,,BS2DCE,,f,0,6,1970,1970,100,1,O,0,0,0,0,2,,,,,,0,0,,,,,0
14.057671,1779967164.055866,10065,,BS2DCE,,f,0,7,2023,2023,100,1,O,0,0,0,0,2,,,,,,0,0,,,,,0
14.162435,1779967164.16063,10066,,BS2DCE,,f,0,0,2209,2209,100,1,O,0,0,0,0,2,,,,,,0,0,,,,,0
14.162435,1779967164.16063,10066,,BS2DCE,,f,0,1,2045,2045,100,1,O,0,0,0,0,2,,,,,,0,0,,,,,0
14.162435,1779967164.16063,10066,,BS2DCE,,f,0,2,2260,2260,100,1,O,0,0,0,0,2,,,,,,0,0,,,,,0
14.162435,1779967164.16063,10066,,BS2DCE,,f,0,3,2605,2605,100,1,O,0,0,0,0,2,,,,,,0,0,,,,,0
14.162435,1779967164.16063,10066,,BS2DCE,,f,0,4,1813,1813,100,1,O,0,0,0,0,2,,,,,,0,0,,,,,0
14.162435,1779967164.16063,10066,,BS2DCE,,f,0,5,1852,1852,100,1,O,0,0,0,0,2,,,,,,0,0,,,,,0
14.162435,1779967164.16063,10066,,BS2DCE,,f,0,6,2007,2007,100,1,O,0,0,0,0,2,,,,,,0,0,,,,,0
14.162435,1779967164.16063,10066,,BS2DCE,,f,0,7,2062,2062,100,1,O,0,0,0,0,2,,,,,,0,0,,,,,0
14.26813,1779967164.266325,10067,,BS2DCE,,f,0,0,2111,2111,100,1,O,0,0,0,0,2,,,,,,0,0,,,,,0
14.26813,1779967164.266325,10067,,BS2DCE,,f,0,1,2138,2138,100,1,O,0,0,0,0,2,,,,,,0,0,,,,,0
14.26813,1779967164.266325,10067,,BS2DCE,,f,0,2,2327,2327,100,1,O,0,0,0,0,2,,,,,,0,0,,,,,0
14.26813,1779967164.266325,10067,,BS2DCE,,f,0,3,2329,2329,100,1,O,0,0,0,0,2,,,,,,0,0,,,,,0
14.26813,1779967164.266325,10067,,BS2DCE,,f,0,4,1744,1744,100,1,O,0,0,0,0,2,,,,,,0,0,,,,,0
14.26813,1779967164.266325,10067,,BS2DCE,,f,0,5,1822,1822,100,1,O,0,0,0,0,2,,,,,,0,0,,,,,0
14.26813,1779967164.266325,10067,,BS2DCE,,f,0,6,2085,2085,100,1,O,0,0,0,0,2,,,,,,0,0,,,,,0
14.26813,1779967164.266325,10067,,BS2DCE,,f,0,7,1971,1971,100,1,O,0,0,0,0,2,,,,,,0,0,,,,,0
14.419676,1779967164.417871,10068,,BS2DCE,,f,0,0,2156,2156,100,1,O,0,0,0,0,2,,,,,,0,0,,,,,0
14.419676,1779967164.417871,10068,,BS2DCE,,f,0,1,2143,2143,100,1,O,0,0,0,0,2,,,,,,0,0,,,,,0
14.419676,1779967164.417871,10068,,BS2DCE,,f,0,2,2344,2344,100,1,O,0,0,0,0,2,,,,,,0,0,,,,,0
14.419676,1779967164.417871,10068,,BS2DCE,,f,0,3,2277,2277,100,1,O,0,0,0,0,2,,,,,,0,0,,,,,0
14.419676,1779967164.417871,10068,,BS2DCE,,f,0,4,1682,1682,100,1,O,0,0,0,0,2,,,,,,0,0,,,,,0
14.419676,1779967164.417871,10068,,BS2DCE,,f,0,5,1832,1832,100,1,O,0,0,0,0,2,,,,,,0,0,,,,,0
14.419676,1779967164.417871,10068,,BS2DCE,,f,0,6,2056,2056,100,1,O,0,0,0,0,2,,,,,,0,0,,,,,0
14.419676,1779967164.417871,10068,,BS2DCE,,f,0,7,1878,1878,100,1,O,0,0,0,0,2,,,,,,0,0,,,,,0
14.469871,1779967164.468066,10069,,BS2DCE,,f,0,0,2084,2084,100,1,O,0,0,0,0,2,,,,,,0,0,,,,,0
14.469871,1779967164.468066,10069,,BS2DCE,,f,0,1,2641,2641,100,1,O,0,0,0,0,2,,,,,,0,0,,,,,0
14.469871,1779967164.468066,10069,,BS2DCE,,f,0,2,2348,2348,100,1,O,0,0,0,0,2,,,,,,0,0,,,,,0
14.469871,1779967164.468066,10069,,BS2DCE,,f,0,3,2176,2176,100,1,O,0,0,0,0,2,,,,,,0,0,,,,,0
14.469871,1779967164.468066,10069,,BS2DCE,,f,0,4,1645,1645,100,1,O,0,0,0,0,2,,,,,,0,0,,,,,0
14.469871,1779967164.468066,10069,,BS2DCE,,f,0,5,1939,1939,100,1,O,0,0,0,0,2,,,,,,0,0,,,,,0
14.469871,1779967164.468066,10069,,BS2DCE,,f,0,6,2154,2154,100,1,O,0,0,0,0,2,,,,,,0,0,,,,,0
14.469871,1779967164.468066,10069,,BS2DCE,,f,0,7,1946,1946,100,1,O,0,0,0,0,2,,,,,,0,0,,,,,0
14.57485,1779967164.573045,10070,,BS2DCE,,f,0,0,2103,2103,100,1,O,0,0,0,0,2,,,,,,0,0,,,,,0
14.57485,1779967164.573045,10070,,BS2DCE,,f,0,1,2550,2550,100,1,O,0,0,0,0,2,,,,,,0,0,,,,,0
14.57485,1779967164.573045,10070,,BS2DCE,,f,0,2,2462,2462,100,1,O,0,0,0,0,2,,,,,,0,0,,,,,0
14.57485,1779967164.573045,10070,,BS2DCE,,f,0,3,2184,2184,100,1,O,0,0,0,0,2,,,,,,0,0,,,,,0
14.57485,1779967164.573045,10070,,BS2DCE,,f,0,4,1644,1644,100,1,O,0,0,0,0,2,,,,,,0,0,,,,,0
14.57485,1779967164.573045,10070,,BS2DCE,,f,0,5,2105,2105,100,1,O,0,0,0,0,2,,,,,,0,0,,,,,0
14.57485,1779967164.573045,10070,,BS2DCE,,f,0,6,2231,2231,100,1,O,0,0,0,0,2,,,,,,0,0,,,,,0
14.57485,1779967164.573045,10070,,BS2DCE,,f,0,7,1815,1815,100,1,O,0,0,0,0,2,,,,,,0,0,,,,,0
14.65736,1779967164.655555,10071,,BS2DCE,,f,0,0,2087,2087,100,1,O,0,0,0,0,2,,,,,,0,0,,,,,0
14.65736,1779967164.655555,10071,,BS2DCE,,f,0,1,2391,2391,100,1,O,0,0,0,0,2,,,,,,0,0,,,,,0
14.65736,1779967164.655555,10071,,BS2DCE,,f,0,2,2688,2688,100,1,O,0,0,0,0,2,,,,,,0,0,,,,,0
14.65736,1779967164.655555,10071,,BS2DCE,,f,0,3,2161,2161,100,1,O,0,0,0,0,2,,,,,,0,0,,,,,0
14.65736,1779967164.655555,10071,,BS2DCE,,f,0,4,2776,2776,100,1,O,0,0,0,0,2,,,,,,0,0,,,,,0
14.65736,1779967164.655555,10071,,BS2DCE,,f,0,5,2155,2155,100,1,O,0,0,0,0,2,,,,,,0,0,,,,,0
14.65736,1779967164.655555,10071,,BS2DCE,,f,0,6,2234,2234,100,1,O,0,0,0,0,2,,,,,,0,0,,,,,0
14.65736,1779967164.655555,10071,,BS2DCE,,f,0,7,1824,1824,100,1,O,0,0,0,0,2,,,,,,0,0,,,,,0
14.763203,1779967164.761398,10072,,BS2DCE,,f,0,0,2005,2005,100,1,O,0,0,0,0,2,,,,,,0,0,,,,,0
14.763203,1779967164.761398,10072,,BS2DCE,,f,0,1,2382,2382,100,1,O,0,0,0,0,2,,,,,,0,0,,,,,0
14.763203,1779967164.761398,10072,,BS2DCE,,f,0,2,2550,2550,100,1,O,0,0,0,0,2,,,,,,0,0,,,,,0
14.763203,1779967164.761398,10072,,BS2DCE,,f,0,3,2084,2084,100,1,O,0,0,0,0,2,,,,,,0,0,,,,,0
14.763203,1779967164.761398,10072,,BS2DCE,,f,0,4,1826,1826,100,1,O,0,0,0,0,2,,,,,,0,0,,,,,0
14.763203,1779967164.761398,10072,,BS2DCE,,f,0,5,2149,2149,100,1,O,0,0,0,0,2,,,,,,0,0,,,,,0
14.763203,1779967164.761398,10072,,BS2DCE,,f,0,6,2250,2250,100,1,O,0,0,0,0,2,,,,,,0,0,,,,,0
14.763203,1779967164.761398,10072,,BS2DCE,,f,0,7,1855,1855,100,1,O,0,0,0,0,2,,,,,,0,0,,,,,0
14.867328,1779967164.865523,10073,,BS2DCE,,f,0,0,1939,1939,100,1,O,0,0,0,0,2,,,,,,0,0,,,,,0
14.867328,1779967164.865523,10073,,BS2DCE,,f,0,1,2401,2401,100,1,O,0,0,0,0,2,,,,,,0,0,,,,,0
14.867328,1779967164.865523,10073,,BS2DCE,,f,0,2,2355,2355,100,1,O,0,0,0,0,2,,,,,,0,0,,,,,0
14.867328,1779967164.865523,10073,,BS2DCE,,f,0,3,1945,1945,100,1,O,0,0,0,0,2,,,,,,0,0,,,,,0
14.867328,1779967164.865523,10073,,BS2DCE,,f,0,4,1747,1747,100,1,O,0,0,0,0,2,,,,,,0,0,,,,,0
14.867328,1779967164.865523,10073,,BS2DCE,,f,0,5,2292,2292,100,1,O,0,0,0,0,2,,,,,,0,0,,,,,0
14.867328,1779967164.865523,10073,,BS2DCE,,f,0,6,2266,2266,100,1,O,0,0,0,0,2,,,,,,0,0,,,,,0
14.867328,1779967164.865523,10073,,BS2DCE,,f,0,7,1809,1809,100,1,O,0,0,0,0,2,,,,,,0,0,,,,,0
14.972302,1779967164.970497,10074,,BS2DCE,,f,0,0,1891,1891,100,1,O,0,0,0,0,2,,,,,,0,0,,,,,0
14.972302,1779967164.970497,10074,,BS2DCE,,f,0,1,2401,2401,100,1,O,0,0,0,0,2,,,,,,0,0,,,,,0
14.972302,1779967164.970497,10074,,BS2DCE,,f,0,2,2302,2302,100,1,O,0,0,0,0,2,,,,,,0,0,,,,,0
14.972302,1779967164.970497,10074,,BS2DCE,,f,0,3,1850,1850,100,1,O,0,0,0,0,2,,,,,,0,0,,,,,0
14.972302,1779967164.970497,10074,,BS2DCE,,f,0,4,1686,1686,100,1,O,0,0,0,0,2,,,,,,0,0,,,,,0
14.972302,1779967164.970497,10074,,BS2DCE,,f,0,5,2305,2305,100,1,O,0,0,0,0,2,,,,,,0,0,,,,,0
14.972302,1779967164.970497,10074,,BS2DCE,,f,0,6,2283,2283,100,1,O,0,0,0,0,2,,,,,,0,0,,,,,0
14.972302,1779967164.970497,10074,,BS2DCE,,f,0,7,1785,1785,100,1,O,0,0,0,0,2,,,,,,0,0,,,,,0
15.070014,1779967165.068209,10075,,BS2DCE,,f,0,0,1925,1925,100,1,O,0,0,0,0,2,,,,,,0,0,,,,,0
15.070014,1779967165.068209,10075,,BS2DCE,,f,0,1,2403,2403,100,1,O,0,0,0,0,2,,,,,,0,0,,,,,0
15.070014,1779967165.068209,10075,,BS2DCE,,f,0,2,2297,2297,100,1,O,0,0,0,0,2,,,,,,0,0,,,,,0
15.070014,1779967165.068209,10075,,BS2DCE,,f,0,3,1828,1828,100,1,O,0,0,0,0,2,,,,,,0,0,,,,,0
15.070014,1779967165.068209,10075,,BS2DCE,,f,0,4,1809,1809,100,1,O,0,0,0,0,2,,,,,,0,0,,,,,0
15.070014,1779967165.068209,10075,,BS2DCE,,f,0,5,2450,2450,100,1,O,0,0,0,0,2,,,,,,0,0,,,,,0
15.070014,1779967165.068209,10075,,BS2DCE,,f,0,6,2230,2230,100,1,O,0,0,0,0,2,,,,,,0,0,,,,,0
15.070014,1779967165.068209,10075,,BS2DCE,,f,0,7,1702,1702,100,1,O,0,0,0,0,2,,,,,,0,0,,,,,0
15.159617,1779967165.157812,10076,,BS2DCE,,f,0,0,1961,1961,100,1,O,0,0,0,0,2,,,,,,0,0,,,,,0
15.159617,1779967165.157812,10076,,BS2DCE,,f,0,1,2397,2397,100,1,O,0,0,0,0,2,,,,,,0,0,,,,,0
15.159617,1779967165.157812,10076,,BS2DCE,,f,0,2,2266,2266,100,1,O,0,0,0,0,2,,,,,,0,0,,,,,0
15.159617,1779967165.157812,10076,,BS2DCE,,f,0,3,1672,1672,100,1,O,0,0,0,0,2,,,,,,0,0,,,,,0
15.159617,1779967165.157812,10076,,BS2DCE,,f,0,4,1809,1809,100,1,O,0,0,0,0,2,,,,,,0,0,,,,,0
15.159617,1779967165.157812,10076,,BS2DCE,,f,0,5,2410,2410,100,1,O,0,0,0,0,2,,,,,,0,0,,,,,0
15.159617,1779967165.157812,10076,,BS2DCE,,f,0,6,2264,2264,100,1,O,0,0,0,0,2,,,,,,0,0,,,,,0
15.159617,1779967165.157812,10076,,BS2DCE,,f,0,7,1657,1657,100,1,O,0,0,0,0,2,,,,,,0,0,,,,,0
15.25822,1779967165.256415,10077,,BS2DCE,,f,0,0,1965,1965,100,1,O,0,0,0,0,2,,,,,,0,0,,,,,0
15.25822,1779967165.256415,10077,,BS2DCE,,f,0,1,2602,2602,100,1,O,0,0,0,0,2,,,,,,0,0,,,,,0
15.25822,1779967165.256415,10077,,BS2DCE,,f,0,2,2264,2264,100,1,O,0,0,0,0,2,,,,,,0,0,,,,,0
15.25822,1779967165.256415,10077,,BS2DCE,,f,0,3,1662,1662,100,1,O,0,0,0,0,2,,,,,,0,0,,,,,0
15.25822,1779967165.256415,10077,,BS2DCE,,f,0,4,1871,1871,100,1,O,0,0,0,0,2,,,,,,0,0,,,,,0
15.25822,1779967165.256415,10077,,BS2DCE,,f,0,5,2480,2480,100,1,O,0,0,0,0,2,,,,,,0,0,,,,,0
15.25822,1779967165.256415,10077,,BS2DCE,,f,0,6,2171,2171,100,1,O,0,0,0,0,2,,,,,,0,0,,,,,0
15.25822,1779967165.256415,10077,,BS2DCE,,f,0,7,1679,1679,100,1,O,0,0,0,0,2,,,,,,0,0,,,,,0
15.417101,1779967165.415296,10078,,BS2DCE,,f,0,0,2047,2047,100,1,O,0,0,0,0,2,,,,,,0,0,,,,,0
15.417101,1779967165.415296,10078,,BS2DCE,,f,0,1,2679,2679,100,1,O,0,0,0,0,2,,,,,,0,0,,,,,0
15.417101,1779967165.415296,10078,,BS2DCE,,f,0,2,2100,2100,100,1,O,0,0,0,0,2,,,,,,0,0,,,,,0
15.417101,1779967165.415296,10078,,BS2DCE,,f,0,3,1570,1570,100,1,O,0,0,0,0,2,,,,,,0,0,,,,,0
15.417101,1779967165.415296,10078,,BS2DCE,,f,0,4,1889,1889,100,1,O,0,0,0,0,2,,,,,,0,0,,,,,0
15.417101,1779967165.415296,10078,,BS2DCE,,f,0,5,2391,2391,100,1,O,0,0,0,0,2,,,,,,0,0,,,,,0
15.417101,1779967165.415296,10078,,BS2DCE,,f,0,6,2301,2301,100,1,O,0,0,0,0,2,,,,,,0,0,,,,,0
15.417101,1779967165.415296,10078,,BS2DCE,,f,0,7,1651,1651,100,1,O,0,0,0,0,2,,,,,,0,0,,,,,0
15.482305,1779967165.4805,10079,,BS2DCE,,f,0,0,2087,2087,100,1,O,0,0,0,0,2,,,,,,0,0,,,,,0
15.482305,1779967165.4805,10079,,BS2DCE,,f,0,1,2687,2687,100,1,O,0,0,0,0,2,,,,,,0,0,,,,,0
15.482305,1779967165.4805,10079,,BS2DCE,,f,0,2,2077,2077,100,1,O,0,0,0,0,2,,,,,,0,0,,,,,0
15.482305,1779967165.4805,10079,,BS2DCE,,f,0,3,1557,1557,100,1,O,0,0,0,0,2,,,,,,0,0,,,,,0
15.482305,1779967165.4805,10079,,BS2DCE,,f,0,4,1931,1931,100,1,O,0,0,0,0,2,,,,,,0,0,,,,,0
15.482305,1779967165.4805,10079,,BS2DCE,,f,0,5,2362,2362,100,1,O,0,0,0,0,2,,,,,,0,0,,,,,0
15.482305,1779967165.4805,10079,,BS2DCE,,f,0,6,2178,2178,100,1,O,0,0,0,0,2,,,,,,0,0,,,,,0
15.482305,1779967165.4805,10079,,BS2DCE,,f,0,7,1739,1739,100,1,O,0,0,0,0,2,,,,,,0,0,,,,,0
15.572214,1779967165.570409,10080,,BS2DCE,,f,0,0,2175,2175,100,1,O,0,0,0,0,2,,,,,,0,0,,,,,0
15.572214,1779967165.570409,10080,,BS2DCE,,f,0,1,2634,2634,100,1,O,0,0,0,0,2,,,,,,0,0,,,,,0
15.572214,1779967165.570409,10080,,BS2DCE,,f,0,2,2046,2046,100,1,O,0,0,0,0,2,,,,,,0,0,,,,,0
15.572214,1779967165.570409,10080,,BS2DCE,,f,0,3,1653,1653,100,1,O,0,0,0,0,2,,,,,,0,0,,,,,0
15.572214,1779967165.570409,10080,,BS2DCE,,f,0,4,1995,1995,100,1,O,0,0,0,0,2,,,,,,0,0,,,,,0
15.572214,1779967165.570409,10080,,BS2DCE,,f,0,5,2461,2461,100,1,O,0,0,0,0,2,,,,,,0,0,,,,,0
15.572214,1779967165.570409,10080,,BS2DCE,,f,0,6,2152,2152,100,1,O,0,0,0,0,2,,,,,,0,0,,,,,0
15.572214,1779967165.570409,10080,,BS2DCE,,f,0,7,1777,1777,100,1,O,0,0,0,0,2,,,,,,0,0,,,,,0
15.669786,1779967165.667981,10081,,BS2DCE,,f,0,0,2335,2335,100,1,O,0,0,0,0,2,,,,,,0,0,,,,,0
15.669786,1779967165.667981,10081,,BS2DCE,,f,0,1,2463,2463,100,1,O,0,0,0,0,2,,,,,,0,0,,,,,0
15.669786,1779967165.667981,10081,,BS2DCE,,f,0,2,1973,1973,100,1,O,0,0,0,0,2,,,,,,0,0,,,,,0
15.669786,1779967165.667981,10081,,BS2DCE,,f,0,3,1613,1613,100,1,O,0,0,0,0,2,,,,,,0,0,,,,,0
15.669786,1779967165.667981,10081,,BS2DCE,,f,0,4,2130,2130,100,1,O,0,0,0,0,2,,,,,,0,0,,,,,0
15.669786,1779967165.667981,10081,,BS2DCE,,f,0,5,2615,2615,100,1,O,0,0,0,0,2,,,,,,0,0,,,,,0
15.669786,1779967165.667981,10081,,BS2DCE,,f,0,6,2180,2180,100,1,O,0,0,0,0,2,,,,,,0,0,,,,,0
15.669786,1779967165.667981,10081,,BS2DCE,,f,0,7,1759,1759,100,1,O,0,0,0,0,2,,,,,,0,0,,,,,0
15.761304,1779967165.759499,10082,,BS2DCE,,f,0,0,2459,2459,100,1,O,0,0,0,0,2,,,,,,0,0,,,,,0
15.761304,1779967165.759499,10082,,BS2DCE,,f,0,1,2452,2452,100,1,O,0,0,0,0,2,,,,,,0,0,,,,,0
15.761304,1779967165.759499,10082,,BS2DCE,,f,0,2,2033,2033,100,1,O,0,0,0,0,2,,,,,,0,0,,,,,0
15.761304,1779967165.759499,10082,,BS2DCE,,f,0,3,1637,1637,100,1,O,0,0,0,0,2,,,,,,0,0,,,,,0
15.761304,1779967165.759499,10082,,BS2DCE,,f,0,4,2145,2145,100,1,O,0,0,0,0,2,,,,,,0,0,,,,,0
15.761304,1779967165.759499,10082,,BS2DCE,,f,0,5,2616,2616,100,1,O,0,0,0,0,2,,,,,,0,0,,,,,0
15.761304,1779967165.759499,10082,,BS2DCE,,f,0,6,2246,2246,100,1,O,0,0,0,0,2,,,,,,0,0,,,,,0
15.761304,1779967165.759499,10082,,BS2DCE,,f,0,7,1803,1803,100,1,O,0,0,0,0,2,,,,,,0,0,,,,,0
15.857218,1779967165.855413,10083,,BS2DCE,,f,0,0,2224,2224,100,1,O,0,0,0,0,2,,,,,,0,0,,,,,0
15.857218,1779967165.855413,10083,,BS2DCE,,f,0,1,2353,2353,100,1,O,0,0,0,0,2,,,,,,0,0,,,,,0
15.857218,1779967165.855413,10083,,BS2DCE,,f,0,2,2022,2022,100,1,O,0,0,0,0,2,,,,,,0,0,,,,,0
15.857218,1779967165.855413,10083,,BS2DCE,,f,0,3,1804,1804,100,1,O,0,0,0,0,2,,,,,,0,0,,,,,0
15.857218,1779967165.855413,10083,,BS2DCE,,f,0,4,2111,2111,100,1,O,0,0,0,0,2,,,,,,0,0,,,,,0
15.857218,1779967165.855413,10083,,BS2DCE,,f,0,5,2678,2678,100,1,O,0,0,0,0,2,,,,,,0,0,,,,,0
15.857218,1779967165.855413,10083,,BS2DCE,,f,0,6,2407,2407,100,1,O,0,0,0,0,2,,,,,,0,0,,,,,0
15.857218,1779967165.855413,10083,,BS2DCE,,f,0,7,1737,1737,100,1,O,0,0,0,0,2,,,,,,0,0,,,,,0
15.962319,1779967165.960514,10084,,BS2DCE,,f,0,0,2151,2151,100,1,O,0,0,0,0,2,,,,,,0,0,,,,,0
15.962319,1779967165.960514,10084,,BS2DCE,,f,0,1,2309,2309,100,1,O,0,0,0,0,2,,,,,,0,0,,,,,0
15.962319,1779967165.960514,10084,,BS2DCE,,f,0,2,1862,1862,100,1,O,0,0,0,0,2,,,,,,0,0,,,,,0
15.962319,1779967165.960514,10084,,BS2DCE,,f,0,3,1874,1874,100,1,O,0,0,0,0,2,,,,,,0,0,,,,,0
15.962319,1779967165.960514,10084,,BS2DCE,,f,0,4,2148,2148,100,1,O,0,0,0,0,2,,,,,,0,0,,,,,0
15.962319,1779967165.960514,10084,,BS2DCE,,f,0,5,2632,2632,100,1,O,0,0,0,0,2,,,,,,0,0,,,,,0
15.962319,1779967165.960514,10084,,BS2DCE,,f,0,6,2306,2306,100,1,O,0,0,0,0,2,,,,,,0,0,,,,,0
15.962319,1779967165.960514,10084,,BS2DCE,,f,0,7,1800,1800,100,1,O,0,0,0,0,2,,,,,,0,0,,,,,0
16.067346,1779967166.065541,10085,,BS2DCE,,f,0,0,2208,2208,100,1,O,0,0,0,0,2,,,,,,0,0,,,,,0
16.067346,1779967166.065541,10085,,BS2DCE,,f,0,1,2294,2294,100,1,O,0,0,0,0,2,,,,,,0,0,,,,,0
16.067346,1779967166.065541,10085,,BS2DCE,,f,0,2,1795,1795,100,1,O,0,0,0,0,2,,,,,,0,0,,,,,0
16.067346,1779967166.065541,10085,,BS2DCE,,f,0,3,1829,1829,100,1,O,0,0,0,0,2,,,,,,0,0,,,,,0
16.067346,1779967166.065541,10085,,BS2DCE,,f,0,4,2220,2220,100,1,O,0,0,0,0,2,,,,,,0,0,,,,,0
16.067346,1779967166.065541,10085,,BS2DCE,,f,0,5,2491,2491,100,1,O,0,0,0,0,2,,,,,,0,0,,,,,0
16.067346,1779967166.065541,10085,,BS2DCE,,f,0,6,2293,2293,100,1,O,0,0,0,0,2,,,,,,0,0,,,,,0
16.067346,1779967166.065541,10085,,BS2DCE,,f,0,7,1799,1799,100,1,O,0,0,0,0,2,,,,,,0,0,,,,,0
16.202113,1779967166.200308,10086,,BS2DCE,,f,0,0,2167,2167,100,1,O,0,0,0,0,2,,,,,,0,0,,,,,0
16.202113,1779967166.200308,10086,,BS2DCE,,f,0,1,2228,2228,100,1,O,0,0,0,0,2,,,,,,0,0,,,,,0
16.202113,1779967166.200308,10086,,BS2DCE,,f,0,2,1816,1816,100,1,O,0,0,0,0,2,,,,,,0,0,,,,,0
16.202113,1779967166.200308,10086,,BS2DCE,,f,0,3,1785,1785,100,1,O,0,0,0,0,2,,,,,,0,0,,,,,0
16.202113,1779967166.200308,10086,,BS2DCE,,f,0,4,2178,2178,100,1,O,0,0,0,0,2,,,,,,0,0,,,,,0
16.202113,1779967166.200308,10086,,BS2DCE,,f,0,5,2418,2418,100,1,O,0,0,0,0,2,,,,,,0,0,,,,,0
16.202113,1779967166.200308,10086,,BS2DCE,,f,0,6,2230,2230,100,1,O,0,0,0,0,2,,,,,,0,0,,,,,0
16.202113,1779967166.200308,10086,,BS2DCE,,f,0,7,1830,1830,100,1,O,0,0,0,0,2,,,,,,0,0,,,,,0
16.269842,1779967166.268037,10087,,BS2DCE,,f,0,0,2127,2127,100,1,O,0,0,0,0,2,,,,,,0,0,,,,,0
16.269842,1779967166.268037,10087,,BS2DCE,,f,0,1,2220,2220,100,1,O,0,0,0,0,2,,,,,,0,0,,,,,0
16.269842,1779967166.268037,10087,,BS2DCE,,f,0,2,1775,1775,100,1,O,0,0,0,0,2,,,,,,0,0,,,,,0
16.269842,1779967166.268037,10087,,BS2DCE,,f,0,3,1824,1824,100,1,O,0,0,0,0,2,,,,,,0,0,,,,,0
16.269842,1779967166.268037,10087,,BS2DCE,,f,0,4,2281,2281,100,1,O,0,0,0,0,2,,,,,,0,0,,,,,0
16.269842,1779967166.268037,10087,,BS2DCE,,f,0,5,2397,2397,100,1,O,0,0,0,0,2,,,,,,0,0,,,,,0
16.269842,1779967166.268037,10087,,BS2DCE,,f,0,6,2158,2158,100,1,O,0,0,0,0,2,,,,,,0,0,,,,,0
16.269842,1779967166.268037,10087,,BS2DCE,,f,0,7,1828,1828,100,1,O,0,0,0,0,2,,,,,,0,0,,,,,0
16.429606,1779967166.427801,10088,,BS2DCE,,f,0,0,2174,2174,100,1,O,0,0,0,0,2,,,,,,0,0,,,,,0
16.429606,1779967166.427801,10088,,BS2DCE,,f,0,1,2220,2220,100,1,O,0,0,0,0,2,,,,,,0,0,,,,,0
16.429606,1779967166.427801,10088,,BS2DCE,,f,0,2,1698,1698,100,1,O,0,0,0,0,2,,,,,,0,0,,,,,0
16.429606,1779967166.427801,10088,,BS2DCE,,f,0,3,1751,1751,100,1,O,0,0,0,0,2,,,,,,0,0,,,,,0
16.429606,1779967166.427801,10088,,BS2DCE,,f,0,4,2318,2318,100,1,O,0,0,0,0,2,,,,,,0,0,,,,,0
16.429606,1779967166.427801,10088,,BS2DCE,,f,0,5,2369,2369,100,1,O,0,0,0,0,2,,,,,,0,0,,,,,0
16.429606,1779967166.427801,10088,,BS2DCE,,f,0,6,2068,2068,100,1,O,0,0,0,0,2,,,,,,0,0,,,,,0
16.429606,1779967166.427801,10088,,BS2DCE,,f,0,7,1850,1850,100,1,O,0,0,0,0,2,,,,,,0,0,,,,,0
16.457361,1779967166.455556,10089,,BS2DCE,,f,0,0,2239,2239,100,1,O,0,0,0,0,2,,,,,,0,0,,,,,0
16.457361,1779967166.455556,10089,,BS2DCE,,f,0,1,2177,2177,100,1,O,0,0,0,0,2,,,,,,0,0,,,,,0
16.457361,1779967166.455556,10089,,BS2DCE,,f,0,2,1695,1695,100,1,O,0,0,0,0,2,,,,,,0,0,,,,,0
16.457361,1779967166.455556,10089,,BS2DCE,,f,0,3,1875,1875,100,1,O,0,0,0,0,2,,,,,,0,0,,,,,0
16.457361,1779967166.455556,10089,,BS2DCE,,f,0,4,2280,2280,100,1,O,0,0,0,0,2,,,,,,0,0,,,,,0
16.457361,1779967166.455556,10089,,BS2DCE,,f,0,5,2213,2213,100,1,O,0,0,0,0,2,,,,,,0,0,,,,,0
16.457361,1779967166.455556,10089,,BS2DCE,,f,0,6,1942,1942,100,1,O,0,0,0,0,2,,,,,,0,0,,,,,0
16.457361,1779967166.455556,10089,,BS2DCE,,f,0,7,1874,1874,100,1,O,0,0,0,0,2,,,,,,0,0,,,,,0
16.577218,1779967166.575413,10090,,BS2DCE,,f,0,0,2229,2229,100,1,O,0,0,0,0,2,,,,,,0,0,,,,,0
16.577218,1779967166.575413,10090,,BS2DCE,,f,0,1,2148,2148,100,1,O,0,0,0,0,2,,,,,,0,0,,,,,0
16.577218,1779967166.575413,10090,,BS2DCE,,f,0,2,1623,1623,100,1,O,0,0,0,0,2,,,,,,0,0,,,,,0
16.577218,1779967166.575413,10090,,BS2DCE,,f,0,3,1837,1837,100,1,O,0,0,0,0,2,,,,,,0,0,,,,,0
16.577218,1779967166.575413,10090,,BS2DCE,,f,0,4,2335,2335,100,1,O,0,0,0,0,2,,,,,,0,0,,,,,0
16.577218,1779967166.575413,10090,,BS2DCE,,f,0,5,2350,2350,100,1,O,0,0,0,0,2,,,,,,0,0,,,,,0
16.577218,1779967166.575413,10090,,BS2DCE,,f,0,6,1927,1927,100,1,O,0,0,0,0,2,,,,,,0,0,,,,,0
16.577218,1779967166.575413,10090,,BS2DCE,,f,0,7,1909,1909,100,1,O,0,0,0,0,2,,,,,,0,0,,,,,0
16.667333,1779967166.665528,10091,,BS2DCE,,f,0,0,2279,2279,100,1,O,0,0,0,0,2,,,,,,0,0,,,,,0
16.667333,1779967166.665528,10091,,BS2DCE,,f,0,1,2150,2150,100,1,O,0,0,0,0,2,,,,,,0,0,,,,,0
16.667333,1779967166.665528,10091,,BS2DCE,,f,0,2,1603,1603,100,1,O,0,0,0,0,2,,,,,,0,0,,,,,0
16.667333,1779967166.665528,10091,,BS2DCE,,f,0,3,1857,1857,100,1,O,0,0,0,0,2,,,,,,0,0,,,,,0
16.667333,1779967166.665528,10091,,BS2DCE,,f,0,4,2361,2361,100,1,O,0,0,0,0,2,,,,,,0,0,,,,,0
16.667333,1779967166.665528,10091,,BS2DCE,,f,0,5,2327,2327,100,1,O,0,0,0,0,2,,,,,,0,0,,,,,0
16.667333,1779967166.665528,10091,,BS2DCE,,f,0,6,1887,1887,100,1,O,0,0,0,0,2,,,,,,0,0,,,,,0
16.667333,1779967166.665528,10091,,BS2DCE,,f,0,7,1894,1894,100,1,O,0,0,0,0,2,,,,,,0,0,,,,,0
16.772311,1779967166.770506,10092,,BS2DCE,,f,0,0,2333,2333,100,1,O,0,0,0,0,2,,,,,,0,0,,,,,0
16.772311,1779967166.770506,10092,,BS2DCE,,f,0,1,2095,2095,100,1,O,0,0,0,0,2,,,,,,0,0,,,,,0
16.772311,1779967166.770506,10092,,BS2DCE,,f,0,2,1529,1529,100,1,O,0,0,0,0,2,,,,,,0,0,,,,,0
16.772311,1779967166.770506,10092,,BS2DCE,,f,0,3,1955,1955,100,1,O,0,0,0,0,2,,,,,,0,0,,,,,0
16.772311,1779967166.770506,10092,,BS2DCE,,f,0,4,2451,2451,100,1,O,0,0,0,0,2,,,,,,0,0,,,,,0
16.772311,1779967166.770506,10092,,BS2DCE,,f,0,5,2336,2336,100,1,O,0,0,0,0,2,,,,,,0,0,,,,,0
16.772311,1779967166.770506,10092,,BS2DCE,,f,0,6,1761,1761,100,1,O,0,0,0,0,2,,,,,,0,0,,,,,0
16.772311,1779967166.770506,10092,,BS2DCE,,f,0,7,1952,1952,100,1,O,0,0,0,0,2,,,,,,0,0,,,,,0
16.869996,1779967166.868191,10093,,BS2DCE,,f,0,0,2278,2278,100,1,O,0,0,0,0,2,,,,,,0,0,,,,,0
16.869996,1779967166.868191,10093,,BS2DCE,,f,0,1,2095,2095,100,1,O,0,0,0,0,2,,,,,,0,0,,,,,0
16.869996,1779967166.868191,10093,,BS2DCE,,f,0,2,1503,1503,100,1,O,0,0,0,0,2,,,,,,0,0,,,,,0
16.869996,1779967166.868191,10093,,BS2DCE,,f,0,3,1872,1872,100,1,O,0,0,0,0,2,,,,,,0,0,,,,,0
16.869996,1779967166.868191,10093,,BS2DCE,,f,0,4,2456,2456,100,1,O,0,0,0,0,2,,,,,,0,0,,,,,0
16.869996,1779967166.868191,10093,,BS2DCE,,f,0,5,2287,2287,100,1,O,0,0,0,0,2,,,,,,0,0,,,,,0
16.869996,1779967166.868191,10093,,BS2DCE,,f,0,6,1811,1811,100,1,O,0,0,0,0,2,,,,,,0,0,,,,,0
16.869996,1779967166.868191,10093,,BS2DCE,,f,0,7,1947,1947,100,1,O,0,0,0,0,2,,,,,,0,0,,,,,0
16.959783,1779967166.957978,10094,,BS2DCE,,f,0,0,2382,2382,100,1,O,0,0,0,0,2,,,,,,0,0,,,,,0
16.959783,1779967166.957978,10094,,BS2DCE,,f,0,1,2059,2059,100,1,O,0,0,0,0,2,,,,,,0,0,,,,,0
16.959783,1779967166.957978,10094,,BS2DCE,,f,0,2,1551,1551,100,1,O,0,0,0,0,2,,,,,,0,0,,,,,0
16.959783,1779967166.957978,10094,,BS2DCE,,f,0,3,1937,1937,100,1,O,0,0,0,0,2,,,,,,0,0,,,,,0
16.959783,1779967166.957978,10094,,BS2DCE,,f,0,4,2523,2523,100,1,O,0,0,0,0,2,,,,,,0,0,,,,,0
16.959783,1779967166.957978,10094,,BS2DCE,,f,0,5,2277,2277,100,1,O,0,0,0,0,2,,,,,,0,0,,,,,0
16.959783,1779967166.957978,10094,,BS2DCE,,f,0,6,1737,1737,100,1,O,0,0,0,0,2,,,,,,0,0,,,,,0
16.959783,1779967166.957978,10094,,BS2DCE,,f,0,7,2023,2023,100,1,O,0,0,0,0,2,,,,,,0,0,,,,,0
17.057582,1779967167.055777,10095,,BS2DCE,,f,0,0,2373,2373,100,1,O,0,0,0,0,2,,,,,,0,0,,,,,0
17.057582,1779967167.055777,10095,,BS2DCE,,f,0,1,2062,2062,100,1,O,0,0,0,0,2,,,,,,0,0,,,,,0
17.057582,1779967167.055777,10095,,BS2DCE,,f,0,2,1534,1534,100,1,O,0,0,0,0,2,,,,,,0,0,,,,,0
17.057582,1779967167.055777,10095,,BS2DCE,,f,0,3,2003,2003,100,1,O,0,0,0,0,2,,,,,,0,0,,,,,0
17.057582,1779967167.055777,10095,,BS2DCE,,f,0,4,2547,2547,100,1,O,0,0,0,0,2,,,,,,0,0,,,,,0
17.057582,1779967167.055777,10095,,BS2DCE,,f,0,5,2130,2130,100,1,O,0,0,0,0,2,,,,,,0,0,,,,,0
17.057582,1779967167.055777,10095,,BS2DCE,,f,0,6,1737,1737,100,1,O,0,0,0,0,2,,,,,,0,0,,,,,0
17.057582,1779967167.055777,10095,,BS2DCE,,f,0,7,2052,2052,100,1,O,0,0,0,0,2,,,,,,0,0,,,,,0
17.162401,1779967167.160596,10096,,BS2DCE,,f,0,0,2395,2395,100,1,O,0,0,0,0,2,,,,,,0,0,,,,,0
17.162401,1779967167.160596,10096,,BS2DCE,,f,0,1,2038,2038,100,1,O,0,0,0,0,2,,,,,,0,0,,,,,0
17.162401,1779967167.160596,10096,,BS2DCE,,f,0,2,1471,1471,100,1,O,0,0,0,0,2,,,,,,0,0,,,,,0
17.162401,1779967167.160596,10096,,BS2DCE,,f,0,3,1987,1987,100,1,O,0,0,0,0,2,,,,,,0,0,,,,,0
17.162401,1779967167.160596,10096,,BS2DCE,,f,0,4,2504,2504,100,1,O,0,0,0,0,2,,,,,,0,0,,,,,0
17.162401,1779967167.160596,10096,,BS2DCE,,f,0,5,2186,2186,100,1,O,0,0,0,0,2,,,,,,0,0,,,,,0
17.162401,1779967167.160596,10096,,BS2DCE,,f,0,6,1786,1786,100,1,O,0,0,0,0,2,,,,,,0,0,,,,,0
17.162401,1779967167.160596,10096,,BS2DCE,,f,0,7,2087,2087,100,1,O,0,0,0,0,2,,,,,,0,0,,,,,0
17.282185,1779967167.28038,10097,,BS2DCE,,f,0,0,2404,2404,100,1,O,0,0,0,0,2,,,,,,0,0,,,,,0
17.282185,1779967167.28038,10097,,BS2DCE,,f,0,1,1984,1984,100,1,O,0,0,0,0,2,,,,,,0,0,,,,,0
17.282185,1779967167.28038,10097,,BS2DCE,,f,0,2,1448,1448,100,1,O,0,0,0,0,2,,,,,,0,0,,,,,0
17.282185,1779967167.28038,10097,,BS2DCE,,f,0,3,2081,2081,100,1,O,0,0,0,0,2,,,,,,0,0,,,,,0
17.282185,1779967167.28038,10097,,BS2DCE,,f,0,4,2565,2565,100,1,O,0,0,0,0,2,,,,,,0,0,,,,,0
17.282185,1779967167.28038,10097,,BS2DCE,,f,0,5,2072,2072,100,1,O,0,0,0,0,2,,,,,,0,0,,,,,0
17.282185,1779967167.28038,10097,,BS2DCE,,f,0,6,1708,1708,100,1,O,0,0,0,0,2,,,,,,0,0,,,,,0
17.282185,1779967167.28038,10097,,BS2DCE,,f,0,7,2098,2098,100,1,O,0,0,0,0,2,,,,,,0,0,,,,,0
17.422358,1779967167.420553,10098,,BS2DCE,,f,0,0,2463,2463,100,1,O,0,0,0,0,2,,,,,,0,0,,,,,0
17.422358,1779967167.420553,10098,,BS2DCE,,f,0,1,2088,2088,100,1,O,0,0,0,0,2,,,,,,0,0,,,,,0
17.422358,1779967167.420553,10098,,BS2DCE,,f,0,2,1436,1436,100,1,O,0,0,0,0,2,,,,,,0,0,,,,,0
17.422358,1779967167.420553,10098,,BS2DCE,,f,0,3,2088,2088,100,1,O,0,0,0,0,2,,,,,,0,0,,,,,0
17.422358,1779967167.420553,10098,,BS2DCE,,f,0,4,2541,2541,100,1,O,0,0,0,0,2,,,,,,0,0,,,,,0
17.422358,1779967167.420553,10098,,BS2DCE,,f,0,5,2148,2148,100,1,O,0,0,0,0,2,,,,,,0,0,,,,,0
17.422358,1779967167.420553,10098,,BS2DCE,,f,0,6,1694,1694,100,1,O,0,0,0,0,2,,,,,,0,0,,,,,0
17.422358,1779967167.420553,10098,,BS2DCE,,f,0,7,2194,2194,100,1,O,0,0,0,0,2,,,,,,0,0,,,,,0
17.469677,1779967167.467872,10099,,BS2DCE,,f,0,0,2558,2558,100,1,O,0,0,0,0,2,,,,,,0,0,,,,,0
17.469677,1779967167.467872,10099,,BS2DCE,,f,0,1,2070,2070,100,1,O,0,0,0,0,2,,,,,,0,0,,,,,0
17.469677,1779967167.467872,10099,,BS2DCE,,f,0,2,1469,1469,100,1,O,0,0,0,0,2,,,,,,0,0,,,,,0
17.469677,1779967167.467872,10099,,BS2DCE,,f,0,3,2157,2157,100,1,O,0,0,0,0,2,,,,,,0,0,,,,,0
17.469677,1779967167.467872,10099,,BS2DCE,,f,0,4,2657,2657,100,1,O,0,0,0,0,2,,,,,,0,0,,,,,0
17.469677,1779967167.467872,10099,,BS2DCE,,f,0,5,2002,2002,100,1,O,0,0,0,0,2,,,,,,0,0,,,,,0
17.469677,1779967167.467872,10099,,BS2DCE,,f,0,6,1622,1622,100,1,O,0,0,0,0,2,,,,,,0,0,,,,,0
17.469677,1779967167.467872,10099,,BS2DCE,,f,0,7,2191,2191,100,1,O,0,0,0,0,2,,,,,,0,0,,,,,0
17.574892,1779967167.573087,10100,,BS2DCE,,f,0,0,2542,2542,100,1,O,0,0,0,0,2,,,,,,0,0,,,,,0
17.574892,1779967167.573087,10100,,BS2DCE,,f,0,1,2126,2126,100,1,O,0,0,0,0,2,,,,,,0,0,,,,,0
17.574892,1779967167.573087,10100,,BS2DCE,,f,0,2,1551,1551,100,1,O,0,0,0,0,2,,,,,,0,0,,,,,0
17.574892,1779967167.573087,10100,,BS2DCE,,f,0,3,2163,2163,100,1,O,0,0,0,0,2,,,,,,0,0,,,,,0
17.574892,1779967167.573087,10100,,BS2DCE,,f,0,4,2635,2635,100,1,O,0,0,0,0,2,,,,,,0,0,,,,,0
17.574892,1779967167.573087,10100,,BS2DCE,,f,0,5,2106,2106,100,1,O,0,0,0,0,2,,,,,,0,0,,,,,0
17.574892,1779967167.573087,10100,,BS2DCE,,f,0,6,1640,1640,100,1,O,0,0,0,0,2,,,,,,0,0,,,,,0
17.574892,1779967167.573087,10100,,BS2DCE,,f,0,7,2190,2190,100,1,O,0,0,0,0,2,,,,,,0,0,,,,,0
17.657751,1779967167.655946,10101,,BS2DCE,,f,0,0,2583,2583,100,1,O,0,0,0,0,2,,,,,,0,0,,,,,0
17.657751,1779967167.655946,10101,,BS2DCE,,f,0,1,2383,2383,100,1,O,0,0,0,0,2,,,,,,0,0,,,,,0
17.657751,1779967167.655946,10101,,BS2DCE,,f,0,2,1708,1708,100,1,O,0,0,0,0,2,,,,,,0,0,,,,,0
17.657751,1779967167.655946,10101,,BS2DCE,,f,0,3,2174,2174,100,1,O,0,0,0,0,2,,,,,,0,0,,,,,0
17.657751,1779967167.655946,10101,,BS2DCE,,f,0,4,2601,2601,100,1,O,0,0,0,0,2,,,,,,0,0,,,,,0
17.657751,1779967167.655946,10101,,BS2DCE,,f,0,5,1854,1854,100,1,O,0,0,0,0,2,,,,,,0,0,,,,,0
17.657751,1779967167.655946,10101,,BS2DCE,,f,0,6,1622,1622,100,1,O,0,0,0,0,2,,,,,,0,0,,,,,0
17.657751,1779967167.655946,10101,,BS2DCE,,f,0,7,2206,2206,100,1,O,0,0,0,0,2,,,,,,0,0,,,,,0
17.7632,1779967167.761395,10102,,BS2DCE,,f,0,0,2686,2686,100,1,O,0,0,0,0,2,,,,,,0,0,,,,,0
17.7632,1779967167.761395,10102,,BS2DCE,,f,0,1,2066,2066,100,1,O,0,0,0,0,2,,,,,,0,0,,,,,0
17.7632,1779967167.761395,10102,,BS2DCE,,f,0,2,1586,1586,100,1,O,0,0,0,0,2,,,,,,0,0,,,,,0
17.7632,1779967167.761395,10102,,BS2DCE,,f,0,3,2201,2201,100,1,O,0,0,0,0,2,,,,,,0,0,,,,,0
17.7632,1779967167.761395,10102,,BS2DCE,,f,0,4,2673,2673,100,1,O,0,0,0,0,2,,,,,,0,0,,,,,0
17.7632,1779967167.761395,10102,,BS2DCE,,f,0,5,1985,1985,100,1,O,0,0,0,0,2,,,,,,0,0,,,,,0
17.7632,1779967167.761395,10102,,BS2DCE,,f,0,6,1593,1593,100,1,O,0,0,0,0,2,,,,,,0,0,,,,,0
17.7632,1779967167.761395,10102,,BS2DCE,,f,0,7,2236,2236,100,1,O,0,0,0,0,2,,,,,,0,0,,,,,0
17.867393,1779967167.865588,10103,,BS2DCE,,f,0,0,2680,2680,100,1,O,0,0,0,0,2,,,,,,0,0,,,,,0
17.867393,1779967167.865588,10103,,BS2DCE,,f,0,1,1958,1958,100,1,O,0,0,0,0,2,,,,,,0,0,,,,,0
17.867393,1779967167.865588,10103,,BS2DCE,,f,0,2,1582,1582,100,1,O,0,0,0,0,2,,,,,,0,0,,,,,0
17.867393,1779967167.865588,10103,,BS2DCE,,f,0,3,2268,2268,100,1,O,0,0,0,0,2,,,,,,0,0,,,,,0
17.867393,1779967167.865588,10103,,BS2DCE,,f,0,4,2572,2572,100,1,O,0,0,0,0,2,,,,,,0,0,,,,,0
17.867393,1779967167.865588,10103,,BS2DCE,,f,0,5,1821,1821,100,1,O,0,0,0,0,2,,,,,,0,0,,,,,0
17.867393,1779967167.865588,10103,,BS2DCE,,f,0,6,1576,1576,100,1,O,0,0,0,0,2,,,,,,0,0,,,,,0
17.867393,1779967167.865588,10103,,BS2DCE,,f,0,7,2221,2221,100,1,O,0,0,0,0,2,,,,,,0,0,,,,,0
18.00252,1779967168.000715,10104,,BS2DCE,,f,0,0,2885,2885,100,1,O,0,0,0,0,2,,,,,,0,0,,,,,0
18.00252,1779967168.000715,10104,,BS2DCE,,f,0,1,1985,1985,100,1,O,0,0,0,0,2,,,,,,0,0,,,,,0
18.00252,1779967168.000715,10104,,BS2DCE,,f,0,2,1541,1541,100,1,O,0,0,0,0,2,,,,,,0,0,,,,,0
18.00252,1779967168.000715,10104,,BS2DCE,,f,0,3,2338,2338,100,1,O,0,0,0,0,2,,,,,,0,0,,,,,0
18.00252,1779967168.000715,10104,,BS2DCE,,f,0,4,2484,2484,100,1,O,0,0,0,0,2,,,,,,0,0,,,,,0
18.00252,1779967168.000715,10104,,BS2DCE,,f,0,5,1698,1698,100,1,O,0,0,0,0,2,,,,,,0,0,,,,,0
18.00252,1779967168.000715,10104,,BS2DCE,,f,0,6,1589,1589,100,1,O,0,0,0,0,2,,,,,,0,0,,,,,0
18.00252,1779967168.000715,10104,,BS2DCE,,f,0,7,2293,2293,100,1,O,0,0,0,0,2,,,,,,0,0,,,,,0
18.069955,1779967168.06815,10105,,BS2DCE,,f,0,0,2929,2929,100,1,O,0,0,0,0,2,,,,,,0,0,,,,,0
18.069955,1779967168.06815,10105,,BS2DCE,,f,0,1,1837,1837,100,1,O,0,0,0,0,2,,,,,,0,0,,,,,0
18.069955,1779967168.06815,10105,,BS2DCE,,f,0,2,1607,1607,100,1,O,0,0,0,0,2,,,,,,0,0,,,,,0
18.069955,1779967168.06815,10105,,BS2DCE,,f,0,3,2413,2413,100,1,O,0,0,0,0,2,,,,,,0,0,,,,,0
18.069955,1779967168.06815,10105,,BS2DCE,,f,0,4,2450,2450,100,1,O,0,0,0,0,2,,,,,,0,0,,,,,0
18.069955,1779967168.06815,10105,,BS2DCE,,f,0,5,1618,1618,100,1,O,0,0,0,0,2,,,,,,0,0,,,,,0
18.069955,1779967168.06815,10105,,BS2DCE,,f,0,6,1609,1609,100,1,O,0,0,0,0,2,,,,,,0,0,,,,,0
18.069955,1779967168.06815,10105,,BS2DCE,,f,0,7,2294,2294,100,1,O,0,0,0,0,2,,,,,,0,0,,,,,0
18.174839,1779967168.173034,10106,,BS2DCE,,f,0,0,2791,2791,100,1,O,0,0,0,0,2,,,,,,0,0,,,,,0
18.174839,1779967168.173034,10106,,BS2DCE,,f,0,1,1843,1843,100,1,O,0,0,0,0,2,,,,,,0,0,,,,,0
18.174839,1779967168.173034,10106,,BS2DCE,,f,0,2,1629,1629,100,1,O,0,0,0,0,2,,,,,,0,0,,,,,0
18.174839,1779967168.173034,10106,,BS2DCE,,f,0,3,2421,2421,100,1,O,0,0,0,0,2,,,,,,0,0,,,,,0
18.174839,1779967168.173034,10106,,BS2DCE,,f,0,4,2370,2370,100,1,O,0,0,0,0,2,,,,,,0,0,,,,,0
18.174839,1779967168.173034,10106,,BS2DCE,,f,0,5,1593,1593,100,1,O,0,0,0,0,2,,,,,,0,0,,,,,0
18.174839,1779967168.173034,10106,,BS2DCE,,f,0,6,1574,1574,100,1,O,0,0,0,0,2,,,,,,0,0,,,,,0
18.174839,1779967168.173034,10106,,BS2DCE,,f,0,7,2266,2266,100,1,O,0,0,0,0,2,,,,,,0,0,,,,,0
18.257299,1779967168.255494,10107,,BS2DCE,,f,0,0,2638,2638,100,1,O,0,0,0,0,2,,,,,,0,0,,,,,0
18.257299,1779967168.255494,10107,,BS2DCE,,f,0,1,1797,1797,100,1,O,0,0,0,0,2,,,,,,0,0,,,,,0
18.257299,1779967168.255494,10107,,BS2DCE,,f,0,2,1750,1750,100,1,O,0,0,0,0,2,,,,,,0,0,,,,,0
18.257299,1779967168.255494,10107,,BS2DCE,,f,0,3,2437,2437,100,1,O,0,0,0,0,2,,,,,,0,0,,,,,0
18.257299,1779967168.255494,10107,,BS2DCE,,f,0,4,2379,2379,100,1,O,0,0,0,0,2,,,,,,0,0,,,,,0
18.257299,1779967168.255494,10107,,BS2DCE,,f,0,5,1519,1519,100,1,O,0,0,0,0,2,,,,,,0,0,,,,,0
18.257299,1779967168.255494,10107,,BS2DCE,,f,0,6,1628,1628,100,1,O,0,0,0,0,2,,,,,,0,0,,,,,0
18.257299,1779967168.255494,10107,,BS2DCE,,f,0,7,2368,2368,100,1,O,0,0,0,0,2,,,,,,0,0,,,,,0
18.428995,1779967168.42719,10108,,BS2DCE,,f,0,0,2623,2623,100,1,O,0,0,0,0,2,,,,,,0,0,,,,,0
18.428995,1779967168.42719,10108,,BS2DCE,,f,0,1,1774,1774,100,1,O,0,0,0,0,2,,,,,,0,0,,,,,0
18.428995,1779967168.42719,10108,,BS2DCE,,f,0,2,1737,1737,100,1,O,0,0,0,0,2,,,,,,0,0,,,,,0
18.428995,1779967168.42719,10108,,BS2DCE,,f,0,3,2470,2470,100,1,O,0,0,0,0,2,,,,,,0,0,,,,,0
18.428995,1779967168.42719,10108,,BS2DCE,,f,0,4,2349,2349,100,1,O,0,0,0,0,2,,,,,,0,0,,,,,0
18.428995,1779967168.42719,10108,,BS2DCE,,f,0,5,1629,1629,100,1,O,0,0,0,0,2,,,,,,0,0,,,,,0
18.428995,1779967168.42719,10108,,BS2DCE,,f,0,6,1822,1822,100,1,O,0,0,0,0,2,,,,,,0,0,,,,,0
18.428995,1779967168.42719,10108,,BS2DCE,,f,0,7,2439,2439,100,1,O,0,0,0,0,2,,,,,,0,0,,,,,0
18.467407,1779967168.465602,10109,,BS2DCE,,f,0,0,2578,2578,100,1,O,0,0,0,0,2,,,,,,0,0,,,,,0
18.467407,1779967168.465602,10109,,BS2DCE,,f,0,1,1783,1783,100,1,O,0,0,0,0,2,,,,,,0,0,,,,,0
18.467407,1779967168.465602,10109,,BS2DCE,,f,0,2,1821,1821,100,1,O,0,0,0,0,2,,,,,,0,0,,,,,0
18.467407,1779967168.465602,10109,,BS2DCE,,f,0,3,2445,2445,100,1,O,0,0,0,0,2,,,,,,0,0,,,,,0
18.467407,1779967168.465602,10109,,BS2DCE,,f,0,4,2239,2239,100,1,O,0,0,0,0,2,,,,,,0,0,,,,,0
18.467407,1779967168.465602,10109,,BS2DCE,,f,0,5,1600,1600,100,1,O,0,0,0,0,2,,,,,,0,0,,,,,0
18.467407,1779967168.465602,10109,,BS2DCE,,f,0,6,1778,1778,100,1,O,0,0,0,0,2,,,,,,0,0,,,,,0
18.467407,1779967168.465602,10109,,BS2DCE,,f,0,7,2383,2383,100,1,O,0,0,0,0,2,,,,,,0,0,,,,,0
18.587215,1779967168.58541,10110,,BS2DCE,,f,0,0,2511,2511,100,1,O,0,0,0,0,2,,,,,,0,0,,,,,0
18.587215,1779967168.58541,10110,,BS2DCE,,f,0,1,1880,1880,100,1,O,0,0,0,0,2,,,,,,0,0,,,,,0
18.587215,1779967168.58541,10110,,BS2DCE,,f,0,2,1898,1898,100,1,O,0,0,0,0,2,,,,,,0,0,,,,,0
18.587215,1779967168.58541,10110,,BS2DCE,,f,0,3,2590,2590,100,1,O,0,0,0,0,2,,,,,,0,0,,,,,0
18.587215,1779967168.58541,10110,,BS2DCE,,f,0,4,2179,2179,100,1,O,0,0,0,0,2,,,,,,0,0,,,,,0
18.587215,1779967168.58541,10110,,BS2DCE,,f,0,5,1583,1583,100,1,O,0,0,0,0,2,,,,,,0,0,,,,,0
18.587215,1779967168.58541,10110,,BS2DCE,,f,0,6,1819,1819,100,1,O,0,0,0,0,2,,,,,,0,0,,,,,0
18.587215,1779967168.58541,10110,,BS2DCE,,f,0,7,2430,2430,100,1,O,0,0,0,0,2,,,,,,0,0,,,,,0
18.669862,1779967168.668057,10111,,BS2DCE,,f,0,0,2469,2469,100,1,O,0,0,0,0,2,,,,,,0,0,,,,,0
18.669862,1779967168.668057,10111,,BS2DCE,,f,0,1,1938,1938,100,1,O,0,0,0,0,2,,,,,,0,0,,,,,0
18.669862,1779967168.668057,10111,,BS2DCE,,f,0,2,2012,2012,100,1,O,0,0,0,0,2,,,,,,0,0,,,,,0
18.669862,1779967168.668057,10111,,BS2DCE,,f,0,3,2602,2602,100,1,O,0,0,0,0,2,,,,,,0,0,,,,,0
18.669862,1779967168.668057,10111,,BS2DCE,,f,0,4,2101,2101,100,1,O,0,0,0,0,2,,,,,,0,0,,,,,0
18.669862,1779967168.668057,10111,,BS2DCE,,f,0,5,1673,1673,100,1,O,0,0,0,0,2,,,,,,0,0,,,,,0
18.669862,1779967168.668057,10111,,BS2DCE,,f,0,6,1855,1855,100,1,O,0,0,0,0,2,,,,,,0,0,,,,,0
18.669862,1779967168.668057,10111,,BS2DCE,,f,0,7,2336,2336,100,1,O,0,0,0,0,2,,,,,,0,0,,,,,0
18.760208,1779967168.758403,10112,,BS2DCE,,f,0,0,2415,2415,100,1,O,0,0,0,0,2,,,,,,0,0,,,,,0
18.760208,1779967168.758403,10112,,BS2DCE,,f,0,1,2021,2021,100,1,O,0,0,0,0,2,,,,,,0,0,,,,,0
18.760208,1779967168.758403,10112,,BS2DCE,,f,0,2,2005,2005,100,1,O,0,0,0,0,2,,,,,,0,0,,,,,0
18.760208,1779967168.758403,10112,,BS2DCE,,f,0,3,2801,2801,100,1,O,0,0,0,0,2,,,,,,0,0,,,,,0
18.760208,1779967168.758403,10112,,BS2DCE,,f,0,4,2097,2097,100,1,O,0,0,0,0,2,,,,,,0,0,,,,,0
18.760208,1779967168.758403,10112,,BS2DCE,,f,0,5,1613,1613,100,1,O,0,0,0,0,2,,,,,,0,0,,,,,0
18.760208,1779967168.758403,10112,,BS2DCE,,f,0,6,1902,1902,100,1,O,0,0,0,0,2,,,,,,0,0,,,,,0
18.760208,1779967168.758403,10112,,BS2DCE,,f,0,7,2394,2394,100,1,O,0,0,0,0,2,,,,,,0,0,,,,,0
18.857289,1779967168.855484,10113,,BS2DCE,,f,0,0,2357,2357,100,1,O,0,0,0,0,2,,,,,,0,0,,,,,0
18.857289,1779967168.855484,10113,,BS2DCE,,f,0,1,2007,2007,100,1,O,0,0,0,0,2,,,,,,0,0,,,,,0
18.857289,1779967168.855484,10113,,BS2DCE,,f,0,2,2077,2077,100,1,O,0,0,0,0,2,,,,,,0,0,,,,,0
18.857289,1779967168.855484,10113,,BS2DCE,,f,0,3,2624,2624,100,1,O,0,0,0,0,2,,,,,,0,0,,,,,0
18.857289,1779967168.855484,10113,,BS2DCE,,f,0,4,2043,2043,100,1,O,0,0,0,0,2,,,,,,0,0,,,,,0
18.857289,1779967168.855484,10113,,BS2DCE,,f,0,5,1696,1696,100,1,O,0,0,0,0,2,,,,,,0,0,,,,,0
18.857289,1779967168.855484,10113,,BS2DCE,,f,0,6,1944,1944,100,1,O,0,0,0,0,2,,,,,,0,0,,,,,0
18.857289,1779967168.855484,10113,,BS2DCE,,f,0,7,2223,2223,100,1,O,0,0,0,0,2,,,,,,0,0,,,,,0
18.962412,1779967168.960607,10114,,BS2DCE,,f,0,0,2276,2276,100,1,O,0,0,0,0,2,,,,,,0,0,,,,,0
18.962412,1779967168.960607,10114,,BS2DCE,,f,0,1,2029,2029,100,1,O,0,0,0,0,2,,,,,,0,0,,,,,0
18.962412,1779967168.960607,10114,,BS2DCE,,f,0,2,2203,2203,100,1,O,0,0,0,0,2,,,,,,0,0,,,,,0
18.962412,1779967168.960607,10114,,BS2DCE,,f,0,3,2528,2528,100,1,O,0,0,0,0,2,,,,,,0,0,,,,,0
18.962412,1779967168.960607,10114,,BS2DCE,,f,0,4,1921,1921,100,1,O,0,0,0,0,2,,,,,,0,0,,,,,0
18.962412,1779967168.960607,10114,,BS2DCE,,f,0,5,1707,1707,100,1,O,0,0,0,0,2,,,,,,0,0,,,,,0
18.962412,1779967168.960607,10114,,BS2DCE,,f,0,6,1921,1921,100,1,O,0,0,0,0,2,,,,,,0,0,,,,,0
18.962412,1779967168.960607,10114,,BS2DCE,,f,0,7,2175,2175,100,1,O,0,0,0,0,2,,,,,,0,0,,,,,0
19.08245,1779967169.080645,10115,,BS2DCE,,f,0,0,2201,2201,100,1,O,0,0,0,0,2,,,,,,0,0,,,,,0
19.08245,1779967169.080645,10115,,BS2DCE,,f,0,1,2042,2042,100,1,O,0,0,0,0,2,,,,,,0,0,,,,,0
19.08245,1779967169.080645,10115,,BS2DCE,,f,0,2,2227,2227,100,1,O,0,0,0,0,2,,,,,,0,0,,,,,0
19.08245,1779967169.080645,10115,,BS2DCE,,f,0,3,2555,2555,100,1,O,0,0,0,0,2,,,,,,0,0,,,,,0
19.08245,1779967169.080645,10115,,BS2DCE,,f,0,4,1934,1934,100,1,O,0,0,0,0,2,,,,,,0,0,,,,,0
19.08245,1779967169.080645,10115,,BS2DCE,,f,0,5,1718,1718,100,1,O,0,0,0,0,2,,,,,,0,0,,,,,0
19.08245,1779967169.080645,10115,,BS2DCE,,f,0,6,1973,1973,100,1,O,0,0,0,0,2,,,,,,0,0,,,,,0
19.08245,1779967169.080645,10115,,BS2DCE,,f,0,7,2062,2062,100,1,O,0,0,0,0,2,,,,,,0,0,,,,,0
19.172323,1779967169.170518,10116,,BS2DCE,,f,0,0,2146,2146,100,1,O,0,0,0,0,2,,,,,,0,0,,,,,0
19.172323,1779967169.170518,10116,,BS2DCE,,f,0,1,2110,2110,100,1,O,0,0,0,0,2,,,,,,0,0,,,,,0
19.172323,1779967169.170518,10116,,BS2DCE,,f,0,2,2320,2320,100,1,O,0,0,0,0,2,,,,,,0,0,,,,,0
19.172323,1779967169.170518,10116,,BS2DCE,,f,0,3,2660,2660,100,1,O,0,0,0,0,2,,,,,,0,0,,,,,0
19.172323,1779967169.170518,10116,,BS2DCE,,f,0,4,1764,1764,100,1,O,0,0,0,0,2,,,,,,0,0,,,,,0
19.172323,1779967169.170518,10116,,BS2DCE,,f,0,5,1797,1797,100,1,O,0,0,0,0,2,,,,,,0,0,,,,,0
19.172323,1779967169.170518,10116,,BS2DCE,,f,0,6,2017,2017,100,1,O,0,0,0,0,2,,,,,,0,0,,,,,0
19.172323,1779967169.170518,10116,,BS2DCE,,f,0,7,2072,2072,100,1,O,0,0,0,0,2,,,,,,0,0,,,,,0
19.270191,1779967169.268386,10117,,BS2DCE,,f,0,0,2158,2158,100,1,O,0,0,0,0,2,,,,,,0,0,,,,,0
19.270191,1779967169.268386,10117,,BS2DCE,,f,0,1,2135,2135,100,1,O,0,0,0,0,2,,,,,,0,0,,,,,0
19.270191,1779967169.268386,10117,,BS2DCE,,f,0,2,2265,2265,100,1,O,0,0,0,0,2,,,,,,0,0,,,,,0
19.270191,1779967169.268386,10117,,BS2DCE,,f,0,3,2332,2332,100,1,O,0,0,0,0,2,,,,,,0,0,,,,,0
19.270191,1779967169.268386,10117,,BS2DCE,,f,0,4,1743,1743,100,1,O,0,0,0,0,2,,,,,,0,0,,,,,0
19.270191,1779967169.268386,10117,,BS2DCE,,f,0,5,1836,1836,100,1,O,0,0,0,0,2,,,,,,0,0,,,,,0
19.270191,1779967169.268386,10117,,BS2DCE,,f,0,6,2109,2109,100,1,O,0,0,0,0,2,,,,,,0,0,,,,,0
19.270191,1779967169.268386,10117,,BS2DCE,,f,0,7,1928,1928,100,1,O,0,0,0,0,2,,,,,,0,0,,,,,0
19.459737,1779967169.457932,10118,,BS2DCE,,f,0,0,2125,2125,100,1,O,0,0,0,0,2,,,,,,0,0,,,,,0
19.459737,1779967169.457932,10118,,BS2DCE,,f,0,1,2161,2161,100,1,O,0,0,0,0,2,,,,,,0,0,,,,,0
19.459737,1779967169.457932,10118,,BS2DCE,,f,0,2,2353,2353,100,1,O,0,0,0,0,2,,,,,,0,0,,,,,0
19.459737,1779967169.457932,10118,,BS2DCE,,f,0,3,2271,2271,100,1,O,0,0,0,0,2,,,,,,0,0,,,,,0
19.459737,1779967169.457932,10118,,BS2DCE,,f,0,4,1680,1680,100,1,O,0,0,0,0,2,,,,,,0,0,,,,,0
19.459737,1779967169.457932,10118,,BS2DCE,,f,0,5,1924,1924,100,1,O,0,0,0,0,2,,,,,,0,0,,,,,0
19.459737,1779967169.457932,10118,,BS2DCE,,f,0,6,2007,2007,100,1,O,0,0,0,0,2,,,,,,0,0,,,,,0
19.459737,1779967169.457932,10118,,BS2DCE,,f,0,7,1918,1918,100,1,O,0,0,0,0,2,,,,,,0,0,,,,,0
19.47933,1779967169.477525,10119,,BS2DCE,,f,0,0,2104,2104,100,1,O,0,0,0,0,2,,,,,,0,0,,,,,0
19.47933,1779967169.477525,10119,,BS2DCE,,f,0,1,2657,2657,100,1,O,0,0,0,0,2,,,,,,0,0,,,,,0
19.47933,1779967169.477525,10119,,BS2DCE,,f,0,2,2333,2333,100,1,O,0,0,0,0,2,,,,,,0,0,,,,,0
19.47933,1779967169.477525,10119,,BS2DCE,,f,0,3,2200,2200,100,1,O,0,0,0,0,2,,,,,,0,0,,,,,0
19.47933,1779967169.477525,10119,,BS2DCE,,f,0,4,1642,1642,100,1,O,0,0,0,0,2,,,,,,0,0,,,,,0
19.47933,1779967169.477525,10119,,BS2DCE,,f,0,5,1959,1959,100,1,O,0,0,0,0,2,,,,,,0,0,,,,,0
19.47933,1779967169.477525,10119,,BS2DCE,,f,0,6,2089,2089,100,1,O,0,0,0,0,2,,,,,,0,0,,,,,0
19.47933,1779967169.477525,10119,,BS2DCE,,f,0,7,1818,1818,100,1,O,0,0,0,0,2,,,,,,0,0,,,,,0
19.577315,1779967169.57551,10120,,BS2DCE,,f,0,0,2094,2094,100,1,O,0,0,0,0,2,,,,,,0,0,,,,,0
19.577315,1779967169.57551,10120,,BS2DCE,,f,0,1,2580,2580,100,1,O,0,0,0,0,2,,,,,,0,0,,,,,0
19.577315,1779967169.57551,10120,,BS2DCE,,f,0,2,2428,2428,100,1,O,0,0,0,0,2,,,,,,0,0,,,,,0
19.577315,1779967169.57551,10120,,BS2DCE,,f,0,3,2220,2220,100,1,O,0,0,0,0,2,,,,,,0,0,,,,,0
19.577315,1779967169.57551,10120,,BS2DCE,,f,0,4,1688,1688,100,1,O,0,0,0,0,2,,,,,,0,0,,,,,0
19.577315,1779967169.57551,10120,,BS2DCE,,f,0,5,2044,2044,100,1,O,0,0,0,0,2,,,,,,0,0,,,,,0
19.577315,1779967169.57551,10120,,BS2DCE,,f,0,6,2221,2221,100,1,O,0,0,0,0,2,,,,,,0,0,,,,,0
19.577315,1779967169.57551,10120,,BS2DCE,,f,0,7,1831,1831,100,1,O,0,0,0,0,2,,,,,,0,0,,,,,0
19.667386,1779967169.665581,10121,,BS2DCE,,f,0,0,2033,2033,100,1,O,0,0,0,0,2,,,,,,0,0,,,,,0
19.667386,1779967169.665581,10121,,BS2DCE,,f,0,1,2419,2419,100,1,O,0,0,0,0,2,,,,,,0,0,,,,,0
19.667386,1779967169.665581,10121,,BS2DCE,,f,0,2,2665,2665,100,1,O,0,0,0,0,2,,,,,,0,0,,,,,0
19.667386,1779967169.665581,10121,,BS2DCE,,f,0,3,2155,2155,100,1,O,0,0,0,0,2,,,,,,0,0,,,,,0
19.667386,1779967169.665581,10121,,BS2DCE,,f,0,4,1697,1697,100,1,O,0,0,0,0,2,,,,,,0,0,,,,,0
19.667386,1779967169.665581,10121,,BS2DCE,,f,0,5,2159,2159,100,1,O,0,0,0,0,2,,,,,,0,0,,,,,0
19.667386,1779967169.665581,10121,,BS2DCE,,f,0,6,2167,2167,100,1,O,0,0,0,0,2,,,,,,0,0,,,,,0
19.667386,1779967169.665581,10121,,BS2DCE,,f,0,7,1805,1805,100,1,O,0,0,0,0,2,,,,,,0,0,,,,,0
19.802292,1779967169.800487,10122,,BS2DCE,,f,0,0,2054,2054,100,1,O,0,0,0,0,2,,,,,,0,0,,,,,0
19.802292,1779967169.800487,10122,,BS2DCE,,f,0,1,2357,2357,100,1,O,0,0,0,0,2,,,,,,0,0,,,,,0
19.802292,1779967169.800487,10122,,BS2DCE,,f,0,2,2565,2565,100,1,O,0,0,0,0,2,,,,,,0,0,,,,,0
19.802292,1779967169.800487,10122,,BS2DCE,,f,0,3,2066,2066,100,1,O,0,0,0,0,2,,,,,,0,0,,,,,0
19.802292,1779967169.800487,10122,,BS2DCE,,f,0,4,1823,1823,100,1,O,0,0,0,0,2,,,,,,0,0,,,,,0
19.802292,1779967169.800487,10122,,BS2DCE,,f,0,5,2149,2149,100,1,O,0,0,0,0,2,,,,,,0,0,,,,,0
19.802292,1779967169.800487,10122,,BS2DCE,,f,0,6,2188,2188,100,1,O,0,0,0,0,2,,,,,,0,0,,,,,0
19.802292,1779967169.800487,10122,,BS2DCE,,f,0,7,1777,1777,100,1,O,0,0,0,0,2,,,,,,0,0,,,,,0
19.869882,1779967169.868077,10123,,BS2DCE,,f,0,0,1990,1990,100,1,O,0,0,0,0,2,,,,,,0,0,,,,,0
19.869882,1779967169.868077,10123,,BS2DCE,,f,0,1,2357,2357,100,1,O,0,0,0,0,2,,,,,,0,0,,,,,0
19.869882,1779967169.868077,10123,,BS2DCE,,f,0,2,2409,2409,100,1,O,0,0,0,0,2,,,,,,0,0,,,,,0
19.869882,1779967169.868077,10123,,BS2DCE,,f,0,3,1902,1902,100,1,O,0,0,0,0,2,,,,,,0,0,,,,,0
19.869882,1779967169.868077,10123,,BS2DCE,,f,0,4,1779,1779,100,1,O,0,0,0,0,2,,,,,,0,0,,,,,0
19.869882,1779967169.868077,10123,,BS2DCE,,f,0,5,2247,2247,100,1,O,0,0,0,0,2,,,,,,0,0,,,,,0
19.869882,1779967169.868077,10123,,BS2DCE,,f,0,6,2271,2271,100,1,O,0,0,0,0,2,,,,,,0,0,,,,,0
19.869882,1779967169.868077,10123,,BS2DCE,,f,0,7,1776,1776,100,1,O,0,0,0,0,2,,,,,,0,0,,,,,0
19.959843,1779967169.958038,10124,,BS2DCE,,f,0,0,1907,1907,100,1,O,0,0,0,0,2,,,,,,0,0,,,,,0
19.959843,1779967169.958038,10124,,BS2DCE,,f,0,1,2393,2393,100,1,O,0,0,0,0,2,,,,,,0,0,,,,,0
19.959843,1779967169.958038,10124,,BS2DCE,,f,0,2,2289,2289,100,1,O,0,0,0,0,2,,,,,,0,0,,,,,0
19.959843,1779967169.958038,10124,,BS2DCE,,f,0,3,1849,1849,100,1,O,0,0,0,0,2,,,,,,0,0,,,,,0
19.959843,1779967169.958038,10124,,BS2DCE,,f,0,4,1782,1782,100,1,O,0,0,0,0,2,,,,,,0,0,,,,,0
19.959843,1779967169.958038,10124,,BS2DCE,,f,0,5,2317,2317,100,1,O,0,0,0,0,2,,,,,,0,0,,,,,0
19.959843,1779967169.958038,10124,,BS2DCE,,f,0,6,2306,2306,100,1,O,0,0,0,0,2,,,,,,0,0,,,,,0
19.959843,1779967169.958038,10124,,BS2DCE,,f,0,7,1702,1702,100,1,O,0,0,0,0,2,,,,,,0,0,,,,,0
20.057415,1779967170.05561,10125,,BS2DCE,,f,0,0,1910,1910,100,1,O,0,0,0,0,2,,,,,,0,0,,,,,0
20.057415,1779967170.05561,10125,,BS2DCE,,f,0,1,2390,2390,100,1,O,0,0,0,0,2,,,,,,0,0,,,,,0
20.057415,1779967170.05561,10125,,BS2DCE,,f,0,2,2235,2235,100,1,O,0,0,0,0,2,,,,,,0,0,,,,,0
20.057415,1779967170.05561,10125,,BS2DCE,,f,0,3,1803,1803,100,1,O,0,0,0,0,2,,,,,,0,0,,,,,0
20.057415,1779967170.05561,10125,,BS2DCE,,f,0,4,1773,1773,100,1,O,0,0,0,0,2,,,,,,0,0,,,,,0
20.057415,1779967170.05561,10125,,BS2DCE,,f,0,5,2407,2407,100,1,O,0,0,0,0,2,,,,,,0,0,,,,,0
20.057415,1779967170.05561,10125,,BS2DCE,,f,0,6,2262,2262,100,1,O,0,0,0,0,2,,,,,,0,0,,,,,0
20.057415,1779967170.05561,10125,,BS2DCE,,f,0,7,1675,1675,100,1,O,0,0,0,0,2,,,,,,0,0,,,,,0
20.162282,1779967170.160477,10126,,BS2DCE,,f,0,0,1964,1964,100,1,O,0,0,0,0,2,,,,,,0,0,,,,,0
20.162282,1779967170.160477,10126,,BS2DCE,,f,0,1,2403,2403,100,1,O,0,0,0,0,2,,,,,,0,0,,,,,0
20.162282,1779967170.160477,10126,,BS2DCE,,f,0,2,2269,2269,100,1,O,0,0,0,0,2,,,,,,0,0,,,,,0
20.162282,1779967170.160477,10126,,BS2DCE,,f,0,3,1703,1703,100,1,O,0,0,0,0,2,,,,,,0,0,,,,,0
20.162282,1779967170.160477,10126,,BS2DCE,,f,0,4,1861,1861,100,1,O,0,0,0,0,2,,,,,,0,0,,,,,0
20.162282,1779967170.160477,10126,,BS2DCE,,f,0,5,2440,2440,100,1,O,0,0,0,0,2,,,,,,0,0,,,,,0
20.162282,1779967170.160477,10126,,BS2DCE,,f,0,6,2253,2253,100,1,O,0,0,0,0,2,,,,,,0,0,,,,,0
20.162282,1779967170.160477,10126,,BS2DCE,,f,0,7,1679,1679,100,1,O,0,0,0,0,2,,,,,,0,0,,,,,0
20.267189,1779967170.265384,10127,,BS2DCE,,f,0,0,1941,1941,100,1,O,0,0,0,0,2,,,,,,0,0,,,,,0
20.267189,1779967170.265384,10127,,BS2DCE,,f,0,1,2528,2528,100,1,O,0,0,0,0,2,,,,,,0,0,,,,,0
20.267189,1779967170.265384,10127,,BS2DCE,,f,0,2,2278,2278,100,1,O,0,0,0,0,2,,,,,,0,0,,,,,0
20.267189,1779967170.265384,10127,,BS2DCE,,f,0,3,1702,1702,100,1,O,0,0,0,0,2,,,,,,0,0,,,,,0
20.267189,1779967170.265384,10127,,BS2DCE,,f,0,4,1848,1848,100,1,O,0,0,0,0,2,,,,,,0,0,,,,,0
20.267189,1779967170.265384,10127,,BS2DCE,,f,0,5,2383,2383,100,1,O,0,0,0,0,2,,,,,,0,0,,,,,0
20.267189,1779967170.265384,10127,,BS2DCE,,f,0,6,2216,2216,100,1,O,0,0,0,0,2,,,,,,0,0,,,,,0
20.267189,1779967170.265384,10127,,BS2DCE,,f,0,7,1623,1623,100,1,O,0,0,0,0,2,,,,,,0,0,,,,,0
20.419638,1779967170.417833,10128,,BS2DCE,,f,0,0,1974,1974,100,1,O,0,0,0,0,2,,,,,,0,0,,,,,0
20.419638,1779967170.417833,10128,,BS2DCE,,f,0,1,2657,2657,100,1,O,0,0,0,0,2,,,,,,0,0,,,,,0
20.419638,1779967170.417833,10128,,BS2DCE,,f,0,2,2180,2180,100,1,O,0,0,0,0,2,,,,,,0,0,,,,,0
20.419638,1779967170.417833,10128,,BS2DCE,,f,0,3,1707,1707,100,1,O,0,0,0,0,2,,,,,,0,0,,,,,0
20.419638,1779967170.417833,10128,,BS2DCE,,f,0,4,1896,1896,100,1,O,0,0,0,0,2,,,,,,0,0,,,,,0
20.419638,1779967170.417833,10128,,BS2DCE,,f,0,5,2266,2266,100,1,O,0,0,0,0,2,,,,,,0,0,,,,,0
20.419638,1779967170.417833,10128,,BS2DCE,,f,0,6,2221,2221,100,1,O,0,0,0,0,2,,,,,,0,0,,,,,0
20.419638,1779967170.417833,10128,,BS2DCE,,f,0,7,1678,1678,100,1,O,0,0,0,0,2,,,,,,0,0,,,,,0
20.472181,1779967170.470376,10129,,BS2DCE,,f,0,0,2020,2020,100,1,O,0,0,0,0,2,,,,,,0,0,,,,,0
20.472181,1779967170.470376,10129,,BS2DCE,,f,0,1,2654,2654,100,1,O,0,0,0,0,2,,,,,,0,0,,,,,0
20.472181,1779967170.470376,10129,,BS2DCE,,f,0,2,2094,2094,100,1,O,0,0,0,0,2,,,,,,0,0,,,,,0
20.472181,1779967170.470376,10129,,BS2DCE,,f,0,3,1663,1663,100,1,O,0,0,0,0,2,,,,,,0,0,,,,,0
20.472181,1779967170.470376,10129,,BS2DCE,,f,0,4,1905,1905,100,1,O,0,0,0,0,2,,,,,,0,0,,,,,0
20.472181,1779967170.470376,10129,,BS2DCE,,f,0,5,2494,2494,100,1,O,0,0,0,0,2,,,,,,0,0,,,,,0
20.472181,1779967170.470376,10129,,BS2DCE,,f,0,6,2218,2218,100,1,O,0,0,0,0,2,,,,,,0,0,,,,,0
20.472181,1779967170.470376,10129,,BS2DCE,,f,0,7,1689,1689,100,1,O,0,0,0,0,2,,,,,,0,0,,,,,0
20.57514,1779967170.573335,10130,,BS2DCE,,f,0,0,2134,2134,100,1,O,0,0,0,0,2,,,,,,0,0,,,,,0
20.57514,1779967170.573335,10130,,BS2DCE,,f,0,1,2630,2630,100,1,O,0,0,0,0,2,,,,,,0,0,,,,,0
20.57514,1779967170.573335,10130,,BS2DCE,,f,0,2,2052,2052,100,1,O,0,0,0,0,2,,,,,,0,0,,,,,0
20.57514,1779967170.573335,10130,,BS2DCE,,f,0,3,1604,1604,100,1,O,0,0,0,0,2,,,,,,0,0,,,,,0
20.57514,1779967170.573335,10130,,BS2DCE,,f,0,4,1992,1992,100,1,O,0,0,0,0,2,,,,,,0,0,,,,,0
20.57514,1779967170.573335,10130,,BS2DCE,,f,0,5,2490,2490,100,1,O,0,0,0,0,2,,,,,,0,0,,,,,0
20.57514,1779967170.573335,10130,,BS2DCE,,f,0,6,2137,2137,100,1,O,0,0,0,0,2,,,,,,0,0,,,,,0
20.57514,1779967170.573335,10130,,BS2DCE,,f,0,7,1751,1751,100,1,O,0,0,0,0,2,,,,,,0,0,,,,,0
20.657427,1779967170.655622,10131,,BS2DCE,,f,0,0,2301,2301,100,1,O,0,0,0,0,2,,,,,,0,0,,,,,0
20.657427,1779967170.655622,10131,,BS2DCE,,f,0,1,2452,2452,100,1,O,0,0,0,0,2,,,,,,0,0,,,,,0
20.657427,1779967170.655622,10131,,BS2DCE,,f,0,2,2034,2034,100,1,O,0,0,0,0,2,,,,,,0,0,,,,,0
20.657427,1779967170.655622,10131,,BS2DCE,,f,0,3,1588,1588,100,1,O,0,0,0,0,2,,,,,,0,0,,,,,0
20.657427,1779967170.655622,10131,,BS2DCE,,f,0,4,2072,2072,100,1,O,0,0,0,0,2,,,,,,0,0,,,,,0
20.657427,1779967170.655622,10131,,BS2DCE,,f,0,5,2503,2503,100,1,O,0,0,0,0,2,,,,,,0,0,,,,,0
20.657427,1779967170.655622,10131,,BS2DCE,,f,0,6,2216,2216,100,1,O,0,0,0,0,2,,,,,,0,0,,,,,0
20.657427,1779967170.655622,10131,,BS2DCE,,f,0,7,1794,1794,100,1,O,0,0,0,0,2,,,,,,0,0,,,,,0
20.762415,1779967170.76061,10132,,BS2DCE,,f,0,0,2532,2532,100,1,O,0,0,0,0,2,,,,,,0,0,,,,,0
20.762415,1779967170.76061,10132,,BS2DCE,,f,0,1,2494,2494,100,1,O,0,0,0,0,2,,,,,,0,0,,,,,0
20.762415,1779967170.76061,10132,,BS2DCE,,f,0,2,2040,2040,100,1,O,0,0,0,0,2,,,,,,0,0,,,,,0
20.762415,1779967170.76061,10132,,BS2DCE,,f,0,3,1593,1593,100,1,O,0,0,0,0,2,,,,,,0,0,,,,,0
20.762415,1779967170.76061,10132,,BS2DCE,,f,0,4,2167,2167,100,1,O,0,0,0,0,2,,,,,,0,0,,,,,0
20.762415,1779967170.76061,10132,,BS2DCE,,f,0,5,2663,2663,100,1,O,0,0,0,0,2,,,,,,0,0,,,,,0
20.762415,1779967170.76061,10132,,BS2DCE,,f,0,6,2222,2222,100,1,O,0,0,0,0,2,,,,,,0,0,,,,,0
20.762415,1779967170.76061,10132,,BS2DCE,,f,0,7,1771,1771,100,1,O,0,0,0,0,2,,,,,,0,0,,,,,0
20.882484,1779967170.880679,10133,,BS2DCE,,f,0,0,2249,2249,100,1,O,0,0,0,0,2,,,,,,0,0,,,,,0
20.882484,1779967170.880679,10133,,BS2DCE,,f,0,1,2396,2396,100,1,O,0,0,0,0,2,,,,,,0,0,,,,,0
20.882484,1779967170.880679,10133,,BS2DCE,,f,0,2,1957,1957,100,1,O,0,0,0,0,2,,,,,,0,0,,,,,0
20.882484,1779967170.880679,10133,,BS2DCE,,f,0,3,1774,1774,100,1,O,0,0,0,0,2,,,,,,0,0,,,,,0
20.882484,1779967170.880679,10133,,BS2DCE,,f,0,4,2193,2193,100,1,O,0,0,0,0,2,,,,,,0,0,,,,,0
20.882484,1779967170.880679,10133,,BS2DCE,,f,0,5,2649,2649,100,1,O,0,0,0,0,2,,,,,,0,0,,,,,0
20.882484,1779967170.880679,10133,,BS2DCE,,f,0,6,2362,2362,100,1,O,0,0,0,0,2,,,,,,0,0,,,,,0
20.882484,1779967170.880679,10133,,BS2DCE,,f,0,7,1772,1772,100,1,O,0,0,0,0,2,,,,,,0,0,,,,,0
20.972475,1779967170.97067,10134,,BS2DCE,,f,0,0,2210,2210,100,1,O,0,0,0,0,2,,,,,,0,0,,,,,0
20.972475,1779967170.97067,10134,,BS2DCE,,f,0,1,2296,2296,100,1,O,0,0,0,0,2,,,,,,0,0,,,,,0
20.972475,1779967170.97067,10134,,BS2DCE,,f,0,2,1906,1906,100,1,O,0,0,0,0,2,,,,,,0,0,,,,,0
20.972475,1779967170.97067,10134,,BS2DCE,,f,0,3,1861,1861,100,1,O,0,0,0,0,2,,,,,,0,0,,,,,0
20.972475,1779967170.97067,10134,,BS2DCE,,f,0,4,2183,2183,100,1,O,0,0,0,0,2,,,,,,0,0,,,,,0
20.972475,1779967170.97067,10134,,BS2DCE,,f,0,5,2537,2537,100,1,O,0,0,0,0,2,,,,,,0,0,,,,,0
20.972475,1779967170.97067,10134,,BS2DCE,,f,0,6,2310,2310,100,1,O,0,0,0,0,2,,,,,,0,0,,,,,0
20.972475,1779967170.97067,10134,,BS2DCE,,f,0,7,1837,1837,100,1,O,0,0,0,0,2,,,,,,0,0,,,,,0
21.070195,1779967171.06839,10135,,BS2DCE,,f,0,0,2117,2117,100,1,O,0,0,0,0,2,,,,,,0,0,,,,,0
21.070195,1779967171.06839,10135,,BS2DCE,,f,0,1,2313,2313,100,1,O,0,0,0,0,2,,,,,,0,0,,,,,0
21.070195,1779967171.06839,10135,,BS2DCE,,f,0,2,1833,1833,100,1,O,0,0,0,0,2,,,,,,0,0,,,,,0
21.070195,1779967171.06839,10135,,BS2DCE,,f,0,3,1840,1840,100,1,O,0,0,0,0,2,,,,,,0,0,,,,,0
21.070195,1779967171.06839,10135,,BS2DCE,,f,0,4,2246,2246,100,1,O,0,0,0,0,2,,,,,,0,0,,,,,0
21.070195,1779967171.06839,10135,,BS2DCE,,f,0,5,2486,2486,100,1,O,0,0,0,0,2,,,,,,0,0,,,,,0
21.070195,1779967171.06839,10135,,BS2DCE,,f,0,6,2286,2286,100,1,O,0,0,0,0,2,,,,,,0,0,,,,,0
21.070195,1779967171.06839,10135,,BS2DCE,,f,0,7,1786,1786,100,1,O,0,0,0,0,2,,,,,,0,0,,,,,0
21.159716,1779967171.157911,10136,,BS2DCE,,f,0,0,2213,2213,100,1,O,0,0,0,0,2,,,,,,0,0,,,,,0
21.159716,1779967171.157911,10136,,BS2DCE,,f,0,1,2273,2273,100,1,O,0,0,0,0,2,,,,,,0,0,,,,,0
21.159716,1779967171.157911,10136,,BS2DCE,,f,0,2,1840,1840,100,1,O,0,0,0,0,2,,,,,,0,0,,,,,0
21.159716,1779967171.157911,10136,,BS2DCE,,f,0,3,1831,1831,100,1,O,0,0,0,0,2,,,,,,0,0,,,,,0
21.159716,1779967171.157911,10136,,BS2DCE,,f,0,4,2249,2249,100,1,O,0,0,0,0,2,,,,,,0,0,,,,,0
21.159716,1779967171.157911,10136,,BS2DCE,,f,0,5,2525,2525,100,1,O,0,0,0,0,2,,,,,,0,0,,,,,0
21.159716,1779967171.157911,10136,,BS2DCE,,f,0,6,1579,1579,100,1,O,0,0,0,0,2,,,,,,0,0,,,,,0
21.159716,1779967171.157911,10136,,BS2DCE,,f,0,7,1780,1780,100,1,O,0,0,0,0,2,,,,,,0,0,,,,,0
21.257379,1779967171.255574,10137,,BS2DCE,,f,0,0,2169,2169,100,1,O,0,0,0,0,2,,,,,,0,0,,,,,0
21.257379,1779967171.255574,10137,,BS2DCE,,f,0,1,2211,2211,100,1,O,0,0,0,0,2,,,,,,0,0,,,,,0
21.257379,1779967171.255574,10137,,BS2DCE,,f,0,2,1792,1792,100,1,O,0,0,0,0,2,,,,,,0,0,,,,,0
21.257379,1779967171.255574,10137,,BS2DCE,,f,0,3,1785,1785,100,1,O,0,0,0,0,2,,,,,,0,0,,,,,0
21.257379,1779967171.255574,10137,,BS2DCE,,f,0,4,2291,2291,100,1,O,0,0,0,0,2,,,,,,0,0,,,,,0
21.257379,1779967171.255574,10137,,BS2DCE,,f,0,5,2271,2271,100,1,O,0,0,0,0,2,,,,,,0,0,,,,,0
21.257379,1779967171.255574,10137,,BS2DCE,,f,0,6,2212,2212,100,1,O,0,0,0,0,2,,,,,,0,0,,,,,0
21.257379,1779967171.255574,10137,,BS2DCE,,f,0,7,1804,1804,100,1,O,0,0,0,0,2,,,,,,0,0,,,,,0
21.417142,1779967171.415337,10138,,BS2DCE,,f,0,0,2188,2188,100,1,O,0,0,0,0,2,,,,,,0,0,,,,,0
21.417142,1779967171.415337,10138,,BS2DCE,,f,0,1,2216,2216,100,1,O,0,0,0,0,2,,,,,,0,0,,,,,0
21.417142,1779967171.415337,10138,,BS2DCE,,f,0,2,1694,1694,100,1,O,0,0,0,0,2,,,,,,0,0,,,,,0
21.417142,1779967171.415337,10138,,BS2DCE,,f,0,3,1800,1800,100,1,O,0,0,0,0,2,,,,,,0,0,,,,,0
21.417142,1779967171.415337,10138,,BS2DCE,,f,0,4,2278,2278,100,1,O,0,0,0,0,2,,,,,,0,0,,,,,0
21.417142,1779967171.415337,10138,,BS2DCE,,f,0,5,2376,2376,100,1,O,0,0,0,0,2,,,,,,0,0,,,,,0
21.417142,1779967171.415337,10138,,BS2DCE,,f,0,6,2096,2096,100,1,O,0,0,0,0,2,,,,,,0,0,,,,,0
21.417142,1779967171.415337,10138,,BS2DCE,,f,0,7,1846,1846,100,1,O,0,0,0,0,2,,,,,,0,0,,,,,0
21.468165,1779967171.46636,10139,,BS2DCE,,f,0,0,2209,2209,100,1,O,0,0,0,0,2,,,,,,0,0,,,,,0
21.468165,1779967171.46636,10139,,BS2DCE,,f,0,1,2207,2207,100,1,O,0,0,0,0,2,,,,,,0,0,,,,,0
21.468165,1779967171.46636,10139,,BS2DCE,,f,0,2,1682,1682,100,1,O,0,0,0,0,2,,,,,,0,0,,,,,0
21.468165,1779967171.46636,10139,,BS2DCE,,f,0,3,1909,1909,100,1,O,0,0,0,0,2,,,,,,0,0,,,,,0
21.468165,1779967171.46636,10139,,BS2DCE,,f,0,4,2282,2282,100,1,O,0,0,0,0,2,,,,,,0,0,,,,,0
21.468165,1779967171.46636,10139,,BS2DCE,,f,0,5,2346,2346,100,1,O,0,0,0,0,2,,,,,,0,0,,,,,0
21.468165,1779967171.46636,10139,,BS2DCE,,f,0,6,1985,1985,100,1,O,0,0,0,0,2,,,,,,0,0,,,,,0
21.468165,1779967171.46636,10139,,BS2DCE,,f,0,7,1891,1891,100,1,O,0,0,0,0,2,,,,,,0,0,,,,,0
21.602327,1779967171.600522,10140,,BS2DCE,,f,0,0,2291,2291,100,1,O,0,0,0,0,2,,,,,,0,0,,,,,0
21.602327,1779967171.600522,10140,,BS2DCE,,f,0,1,2083,2083,100,1,O,0,0,0,0,2,,,,,,0,0,,,,,0
21.602327,1779967171.600522,10140,,BS2DCE,,f,0,2,1610,1610,100,1,O,0,0,0,0,2,,,,,,0,0,,,,,0
21.602327,1779967171.600522,10140,,BS2DCE,,f,0,3,1848,1848,100,1,O,0,0,0,0,2,,,,,,0,0,,,,,0
21.602327,1779967171.600522,10140,,BS2DCE,,f,0,4,2312,2312,100,1,O,0,0,0,0,2,,,,,,0,0,,,,,0
21.602327,1779967171.600522,10140,,BS2DCE,,f,0,5,2310,2310,100,1,O,0,0,0,0,2,,,,,,0,0,,,,,0
21.602327,1779967171.600522,10140,,BS2DCE,,f,0,6,1944,1944,100,1,O,0,0,0,0,2,,,,,,0,0,,,,,0
21.602327,1779967171.600522,10140,,BS2DCE,,f,0,7,1907,1907,100,1,O,0,0,0,0,2,,,,,,0,0,,,,,0
21.6699,1779967171.668095,10141,,BS2DCE,,f,0,0,2312,2312,100,1,O,0,0,0,0,2,,,,,,0,0,,,,,0
21.6699,1779967171.668095,10141,,BS2DCE,,f,0,1,2164,2164,100,1,O,0,0,0,0,2,,,,,,0,0,,,,,0
21.6699,1779967171.668095,10141,,BS2DCE,,f,0,2,1587,1587,100,1,O,0,0,0,0,2,,,,,,0,0,,,,,0
21.6699,1779967171.668095,10141,,BS2DCE,,f,0,3,1834,1834,100,1,O,0,0,0,0,2,,,,,,0,0,,,,,0
21.6699,1779967171.668095,10141,,BS2DCE,,f,0,4,2364,2364,100,1,O,0,0,0,0,2,,,,,,0,0,,,,,0
21.6699,1779967171.668095,10141,,BS2DCE,,f,0,5,2296,2296,100,1,O,0,0,0,0,2,,,,,,0,0,,,,,0
21.6699,1779967171.668095,10141,,BS2DCE,,f,0,6,1867,1867,100,1,O,0,0,0,0,2,,,,,,0,0,,,,,0
21.6699,1779967171.668095,10141,,BS2DCE,,f,0,7,1937,1937,100,1,O,0,0,0,0,2,,,,,,0,0,,,,,0
21.75981,1779967171.758005,10142,,BS2DCE,,f,0,0,2246,2246,100,1,O,0,0,0,0,2,,,,,,0,0,,,,,0
21.75981,1779967171.758005,10142,,BS2DCE,,f,0,1,2075,2075,100,1,O,0,0,0,0,2,,,,,,0,0,,,,,0
21.75981,1779967171.758005,10142,,BS2DCE,,f,0,2,1584,1584,100,1,O,0,0,0,0,2,,,,,,0,0,,,,,0
21.75981,1779967171.758005,10142,,BS2DCE,,f,0,3,1914,1914,100,1,O,0,0,0,0,2,,,,,,0,0,,,,,0
21.75981,1779967171.758005,10142,,BS2DCE,,f,0,4,2419,2419,100,1,O,0,0,0,0,2,,,,,,0,0,,,,,0
21.75981,1779967171.758005,10142,,BS2DCE,,f,0,5,2343,2343,100,1,O,0,0,0,0,2,,,,,,0,0,,,,,0
21.75981,1779967171.758005,10142,,BS2DCE,,f,0,6,0,1867,94,0,T,0,0,0,0,2,,,,,,0,0,,,,,0
21.75981,1779967171.758005,10142,,BS2DCE,,f,0,7,1953,1953,100,1,O,0,0,0,0,2,,,,,,0,0,,,,,0
21.857459,1779967171.855654,10143,,BS2DCE,,f,0,0,2287,2287,100,1,O,0,0,0,0,2,,,,,,0,0,,,,,0
21.857459,1779967171.855654,10143,,BS2DCE,,f,0,1,2060,2060,100,1,O,0,0,0,0,2,,,,,,0,0,,,,,0
21.857459,1779967171.855654,10143,,BS2DCE,,f,0,2,1567,1567,100,1,O,0,0,0,0,2,,,,,,0,0,,,,,0
21.857459,1779967171.855654,10143,,BS2DCE,,f,0,3,1842,1842,100,1,O,0,0,0,0,2,,,,,,0,0,,,,,0
21.857459,1779967171.855654,10143,,BS2DCE,,f,0,4,2442,2442,100,1,O,0,0,0,0,2,,,,,,0,0,,,,,0
21.857459,1779967171.855654,10143,,BS2DCE,,f,0,5,2168,2168,100,1,O,0,0,0,0,2,,,,,,0,0,,,,,0
21.857459,1779967171.855654,10143,,BS2DCE,,f,0,6,1828,1828,94,1,O,0,0,0,0,2,,,,,,0,0,,,,,0
21.857459,1779967171.855654,10143,,BS2DCE,,f,0,7,1958,1958,100,1,O,0,0,0,0,2,,,,,,0,0,,,,,0
21.962603,1779967171.960798,10144,,BS2DCE,,f,0,0,2357,2357,100,1,O,0,0,0,0,2,,,,,,0,0,,,,,0
21.962603,1779967171.960798,10144,,BS2DCE,,f,0,1,2046,2046,100,1,O,0,0,0,0,2,,,,,,0,0,,,,,0
21.962603,1779967171.960798,10144,,BS2DCE,,f,0,2,1548,1548,100,1,O,0,0,0,0,2,,,,,,0,0,,,,,0
21.962603,1779967171.960798,10144,,BS2DCE,,f,0,3,1969,1969,100,1,O,0,0,0,0,2,,,,,,0,0,,,,,0
21.962603,1779967171.960798,10144,,BS2DCE,,f,0,4,2510,2510,100,1,O,0,0,0,0,2,,,,,,0,0,,,,,0
21.962603,1779967171.960798,10144,,BS2DCE,,f,0,5,2208,2208,100,1,O,0,0,0,0,2,,,,,,0,0,,,,,0
21.962603,1779967171.960798,10144,,BS2DCE,,f,0,6,1798,1798,94,1,O,0,0,0,0,2,,,,,,0,0,,,,,0
21.962603,1779967171.960798,10144,,BS2DCE,,f,0,7,1974,1974,100,1,O,0,0,0,0,2,,,,,,0,0,,,,,0
22.068573,1779967172.066768,10145,,BS2DCE,,f,0,0,2397,2397,100,1,O,0,0,0,0,2,,,,,,0,0,,,,,0
22.068573,1779967172.066768,10145,,BS2DCE,,f,0,1,2100,2100,100,1,O,0,0,0,0,2,,,,,,0,0,,,,,0
22.068573,1779967172.066768,10145,,BS2DCE,,f,0,2,1504,1504,100,1,O,0,0,0,0,2,,,,,,0,0,,,,,0
22.068573,1779967172.066768,10145,,BS2DCE,,f,0,3,1977,1977,100,1,O,0,0,0,0,2,,,,,,0,0,,,,,0
22.068573,1779967172.066768,10145,,BS2DCE,,f,0,4,2492,2492,100,1,O,0,0,0,0,2,,,,,,0,0,,,,,0
22.068573,1779967172.066768,10145,,BS2DCE,,f,0,5,2166,2166,100,1,O,0,0,0,0,2,,,,,,0,0,,,,,0
22.068573,1779967172.066768,10145,,BS2DCE,,f,0,6,1735,1735,95,1,O,0,0,0,0,2,,,,,,0,0,,,,,0
22.068573,1779967172.066768,10145,,BS2DCE,,f,0,7,2106,2106,100,1,O,0,0,0,0,2,,,,,,0,0,,,,,0
22.172359,1779967172.170554,10146,,BS2DCE,,f,0,0,2403,2403,100,1,O,0,0,0,0,2,,,,,,0,0,,,,,0
22.172359,1779967172.170554,10146,,BS2DCE,,f,0,1,2068,2068,100,1,O,0,0,0,0,2,,,,,,0,0,,,,,0
22.172359,1779967172.170554,10146,,BS2DCE,,f,0,2,1500,1500,100,1,O,0,0,0,0,2,,,,,,0,0,,,,,0
22.172359,1779967172.170554,10146,,BS2DCE,,f,0,3,2062,2062,100,1,O,0,0,0,0,2,,,,,,0,0,,,,,0
22.172359,1779967172.170554,10146,,BS2DCE,,f,0,4,2527,2527,100,1,O,0,0,0,0,2,,,,,,0,0,,,,,0
22.172359,1779967172.170554,10146,,BS2DCE,,f,0,5,2232,2232,100,1,O,0,0,0,0,2,,,,,,0,0,,,,,0
22.172359,1779967172.170554,10146,,BS2DCE,,f,0,6,1730,1730,95,1,O,0,0,0,0,2,,,,,,0,0,,,,,0
22.172359,1779967172.170554,10146,,BS2DCE,,f,0,7,2093,2093,100,1,O,0,0,0,0,2,,,,,,0,0,,,,,0
22.269865,1779967172.26806,10147,,BS2DCE,,f,0,0,2423,2423,100,1,O,0,0,0,0,2,,,,,,0,0,,,,,0
22.269865,1779967172.26806,10147,,BS2DCE,,f,0,1,1976,1976,100,1,O,0,0,0,0,2,,,,,,0,0,,,,,0
22.269865,1779967172.26806,10147,,BS2DCE,,f,0,2,1448,1448,100,1,O,0,0,0,0,2,,,,,,0,0,,,,,0
22.269865,1779967172.26806,10147,,BS2DCE,,f,0,3,2036,2036,100,1,O,0,0,0,0,2,,,,,,0,0,,,,,0
22.269865,1779967172.26806,10147,,BS2DCE,,f,0,4,2541,2541,100,1,O,0,0,0,0,2,,,,,,0,0,,,,,0
22.269865,1779967172.26806,10147,,BS2DCE,,f,0,5,2136,2136,100,1,O,0,0,0,0,2,,,,,,0,0,,,,,0
22.269865,1779967172.26806,10147,,BS2DCE,,f,0,6,1735,1735,95,1,O,0,0,0,0,2,,,,,,0,0,,,,,0
22.269865,1779967172.26806,10147,,BS2DCE,,f,0,7,2060,2060,100,1,O,0,0,0,0,2,,,,,,0,0,,,,,0
22.429822,1779967172.428017,10148,,BS2DCE,,f,0,0,2462,2462,100,1,O,0,0,0,0,2,,,,,,0,0,,,,,0
22.429822,1779967172.428017,10148,,BS2DCE,,f,0,1,1979,1979,100,1,O,0,0,0,0,2,,,,,,0,0,,,,,0
22.429822,1779967172.428017,10148,,BS2DCE,,f,0,2,1382,1382,100,1,O,0,0,0,0,2,,,,,,0,0,,,,,0
22.429822,1779967172.428017,10148,,BS2DCE,,f,0,3,2065,2065,100,1,O,0,0,0,0,2,,,,,,0,0,,,,,0
22.429822,1779967172.428017,10148,,BS2DCE,,f,0,4,2573,2573,100,1,O,0,0,0,0,2,,,,,,0,0,,,,,0
22.429822,1779967172.428017,10148,,BS2DCE,,f,0,5,2141,2141,100,1,O,0,0,0,0,2,,,,,,0,0,,,,,0
22.429822,1779967172.428017,10148,,BS2DCE,,f,0,6,0,1735,91,0,T,0,0,0,0,2,,,,,,0,0,,,,,0
22.429822,1779967172.428017,10148,,BS2DCE,,f,0,7,2108,2108,100,1,O,0,0,0,0,2,,,,,,0,0,,,,,0
22.457237,1779967172.455432,10149,,BS2DCE,,f,0,0,2537,2537,100,1,O,0,0,0,0,2,,,,,,0,0,,,,,0
22.457237,1779967172.455432,10149,,BS2DCE,,f,0,1,2070,2070,100,1,O,0,0,0,0,2,,,,,,0,0,,,,,0
22.457237,1779967172.455432,10149,,BS2DCE,,f,0,2,1458,1458,100,1,O,0,0,0,0,2,,,,,,0,0,,,,,0
22.457237,1779967172.455432,10149,,BS2DCE,,f,0,3,2086,2086,100,1,O,0,0,0,0,2,,,,,,0,0,,,,,0
22.457237,1779967172.455432,10149,,BS2DCE,,f,0,4,2621,2621,100,1,O,0,0,0,0,2,,,,,,0,0,,,,,0
22.457237,1779967172.455432,10149,,BS2DCE,,f,0,5,2040,2040,100,1,O,0,0,0,0,2,,,,,,0,0,,,,,0
22.457237,1779967172.455432,10149,,BS2DCE,,f,0,6,1627,1627,91,1,O,0,0,0,0,2,,,,,,0,0,,,,,0
22.457237,1779967172.455432,10149,,BS2DCE,,f,0,7,2157,2157,100,1,O,0,0,0,0,2,,,,,,0,0,,,,,0
22.577306,1779967172.575501,10150,,BS2DCE,,f,0,0,2551,2551,100,1,O,0,0,0,0,2,,,,,,0,0,,,,,0
22.577306,1779967172.575501,10150,,BS2DCE,,f,0,1,1996,1996,100,1,O,0,0,0,0,2,,,,,,0,0,,,,,0
22.577306,1779967172.575501,10150,,BS2DCE,,f,0,2,1532,1532,100,1,O,0,0,0,0,2,,,,,,0,0,,,,,0
22.577306,1779967172.575501,10150,,BS2DCE,,f,0,3,2173,2173,100,1,O,0,0,0,0,2,,,,,,0,0,,,,,0
22.577306,1779967172.575501,10150,,BS2DCE,,f,0,4,2565,2565,100,1,O,0,0,0,0,2,,,,,,0,0,,,,,0
22.577306,1779967172.575501,10150,,BS2DCE,,f,0,5,2078,2078,100,1,O,0,0,0,0,2,,,,,,0,0,,,,,0
22.577306,1779967172.575501,10150,,BS2DCE,,f,0,6,1594,1594,92,1,O,0,0,0,0,2,,,,,,0,0,,,,,0
22.577306,1779967172.575501,10150,,BS2DCE,,f,0,7,2178,2178,100,1,O,0,0,0,0,2,,,,,,0,0,,,,,0
22.682465,1779967172.68066,10151,,BS2DCE,,f,0,0,2556,2556,100,1,O,0,0,0,0,2,,,,,,0,0,,,,,0
22.682465,1779967172.68066,10151,,BS2DCE,,f,0,1,2459,2459,100,1,O,0,0,0,0,2,,,,,,0,0,,,,,0
22.682465,1779967172.68066,10151,,BS2DCE,,f,0,2,1626,1626,100,1,O,0,0,0,0,2,,,,,,0,0,,,,,0
22.682465,1779967172.68066,10151,,BS2DCE,,f,0,3,2214,2214,100,1,O,0,0,0,0,2,,,,,,0,0,,,,,0
22.682465,1779967172.68066,10151,,BS2DCE,,f,0,4,2706,2706,100,1,O,0,0,0,0,2,,,,,,0,0,,,,,0
22.682465,1779967172.68066,10151,,BS2DCE,,f,0,5,1893,1893,100,1,O,0,0,0,0,2,,,,,,0,0,,,,,0
22.682465,1779967172.68066,10151,,BS2DCE,,f,0,6,1554,1554,92,1,O,0,0,0,0,2,,,,,,0,0,,,,,0
22.682465,1779967172.68066,10151,,BS2DCE,,f,0,7,2254,2254,100,1,O,0,0,0,0,2,,,,,,0,0,,,,,0
22.772455,1779967172.77065,10152,,BS2DCE,,f,0,0,2645,2645,100,1,O,0,0,0,0,2,,,,,,0,0,,,,,0
22.772455,1779967172.77065,10152,,BS2DCE,,f,0,1,2224,2224,100,1,O,0,0,0,0,2,,,,,,0,0,,,,,0
22.772455,1779967172.77065,10152,,BS2DCE,,f,0,2,1585,1585,100,1,O,0,0,0,0,2,,,,,,0,0,,,,,0
22.772455,1779967172.77065,10152,,BS2DCE,,f,0,3,2259,2259,100,1,O,0,0,0,0,2,,,,,,0,0,,,,,0
22.772455,1779967172.77065,10152,,BS2DCE,,f,0,4,2648,2648,100,1,O,0,0,0,0,2,,,,,,0,0,,,,,0
22.772455,1779967172.77065,10152,,BS2DCE,,f,0,5,1954,1954,100,1,O,0,0,0,0,2,,,,,,0,0,,,,,0
22.772455,1779967172.77065,10152,,BS2DCE,,f,0,6,1617,1617,92,1,O,0,0,0,0,2,,,,,,0,0,,,,,0
22.772455,1779967172.77065,10152,,BS2DCE,,f,0,7,2282,2282,100,1,O,0,0,0,0,2,,,,,,0,0,,,,,0
22.869902,1779967172.868097,10153,,BS2DCE,,f,0,0,2674,2674,100,1,O,0,0,0,0,2,,,,,,0,0,,,,,0
22.869902,1779967172.868097,10153,,BS2DCE,,f,0,1,2019,2019,100,1,O,0,0,0,0,2,,,,,,0,0,,,,,0
22.869902,1779967172.868097,10153,,BS2DCE,,f,0,2,1555,1555,100,1,O,0,0,0,0,2,,,,,,0,0,,,,,0
22.869902,1779967172.868097,10153,,BS2DCE,,f,0,3,2239,2239,100,1,O,0,0,0,0,2,,,,,,0,0,,,,,0
22.869902,1779967172.868097,10153,,BS2DCE,,f,0,4,2585,2585,100,1,O,0,0,0,0,2,,,,,,0,0,,,,,0
22.869902,1779967172.868097,10153,,BS2DCE,,f,0,5,1860,1860,100,1,O,0,0,0,0,2,,,,,,0,0,,,,,0
22.869902,1779967172.868097,10153,,BS2DCE,,f,0,6,1590,1590,92,1,O,0,0,0,0,2,,,,,,0,0,,,,,0
22.869902,1779967172.868097,10153,,BS2DCE,,f,0,7,2238,2238,100,1,O,0,0,0,0,2,,,,,,0,0,,,,,0
22.962382,1779967172.960577,10154,,BS2DCE,,f,0,0,2724,2724,100,1,O,0,0,0,0,2,,,,,,0,0,,,,,0
22.962382,1779967172.960577,10154,,BS2DCE,,f,0,1,2011,2011,100,1,O,0,0,0,0,2,,,,,,0,0,,,,,0
22.962382,1779967172.960577,10154,,BS2DCE,,f,0,2,1591,1591,100,1,O,0,0,0,0,2,,,,,,0,0,,,,,0
22.962382,1779967172.960577,10154,,BS2DCE,,f,0,3,2238,2238,100,1,O,0,0,0,0,2,,,,,,0,0,,,,,0
22.962382,1779967172.960577,10154,,BS2DCE,,f,0,4,2504,2504,100,1,O,0,0,0,0,2,,,,,,0,0,,,,,0
22.962382,1779967172.960577,10154,,BS2DCE,,f,0,5,1736,1736,100,1,O,0,0,0,0,2,,,,,,0,0,,,,,0
22.962382,1779967172.960577,10154,,BS2DCE,,f,0,6,0,1590,89,0,T,0,0,0,0,2,,,,,,0,0,,,,,0
22.962382,1779967172.960577,10154,,BS2DCE,,f,0,7,2238,2238,100,1,O,0,0,0,0,2,,,,,,0,0,,,,,0
23.064191,1779967173.062386,10155,,BS2DCE,,f,0,0,3005,3005,100,1,O,0,0,0,0,2,,,,,,0,0,,,,,0
23.064191,1779967173.062386,10155,,BS2DCE,,f,0,1,1846,1846,100,1,O,0,0,0,0,2,,,,,,0,0,,,,,0
23.064191,1779967173.062386,10155,,BS2DCE,,f,0,2,1537,1537,100,1,O,0,0,0,0,2,,,,,,0,0,,,,,0
23.064191,1779967173.062386,10155,,BS2DCE,,f,0,3,2312,2312,100,1,O,0,0,0,0,2,,,,,,0,0,,,,,0
23.064191,1779967173.062386,10155,,BS2DCE,,f,0,4,2441,2441,100,1,O,0,0,0,0,2,,,,,,0,0,,,,,0
23.064191,1779967173.062386,10155,,BS2DCE,,f,0,5,1717,1717,100,1,O,0,0,0,0,2,,,,,,0,0,,,,,0
23.064191,1779967173.062386,10155,,BS2DCE,,f,0,6,1584,1584,90,1,O,0,0,0,0,2,,,,,,0,0,,,,,0
23.064191,1779967173.062386,10155,,BS2DCE,,f,0,7,2210,2210,100,1,O,0,0,0,0,2,,,,,,0,0,,,,,0
23.162971,1779967173.161166,10156,,BS2DCE,,f,0,0,2798,2798,100,1,O,0,0,0,0,2,,,,,,0,0,,,,,0
23.162971,1779967173.161166,10156,,BS2DCE,,f,0,1,1839,1839,100,1,O,0,0,0,0,2,,,,,,0,0,,,,,0
23.162971,1779967173.161166,10156,,BS2DCE,,f,0,2,1645,1645,100,1,O,0,0,0,0,2,,,,,,0,0,,,,,0
23.162971,1779967173.161166,10156,,BS2DCE,,f,0,3,2359,2359,100,1,O,0,0,0,0,2,,,,,,0,0,,,,,0
23.162971,1779967173.161166,10156,,BS2DCE,,f,0,4,2425,2425,100,1,O,0,0,0,0,2,,,,,,0,0,,,,,0
23.162971,1779967173.161166,10156,,BS2DCE,,f,0,5,1750,1750,100,1,O,0,0,0,0,2,,,,,,0,0,,,,,0
23.162971,1779967173.161166,10156,,BS2DCE,,f,0,6,1582,1582,90,1,O,0,0,0,0,2,,,,,,0,0,,,,,0
23.162971,1779967173.161166,10156,,BS2DCE,,f,0,7,2270,2270,100,1,O,0,0,0,0,2,,,,,,0,0,,,,,0
23.282478,1779967173.280673,10157,,BS2DCE,,f,0,0,2686,2686,100,1,O,0,0,0,0,2,,,,,,0,0,,,,,0
23.282478,1779967173.280673,10157,,BS2DCE,,f,0,1,1785,1785,100,1,O,0,0,0,0,2,,,,,,0,0,,,,,0
23.282478,1779967173.280673,10157,,BS2DCE,,f,0,2,1647,1647,100,1,O,0,0,0,0,2,,,,,,0,0,,,,,0
23.282478,1779967173.280673,10157,,BS2DCE,,f,0,3,2421,2421,100,1,O,0,0,0,0,2,,,,,,0,0,,,,,0
23.282478,1779967173.280673,10157,,BS2DCE,,f,0,4,2428,2428,100,1,O,0,0,0,0,2,,,,,,0,0,,,,,0
23.282478,1779967173.280673,10157,,BS2DCE,,f,0,5,1699,1699,100,1,O,0,0,0,0,2,,,,,,0,0,,,,,0
23.282478,1779967173.280673,10157,,BS2DCE,,f,0,6,1611,1611,90,1,O,0,0,0,0,2,,,,,,0,0,,,,,0
23.282478,1779967173.280673,10157,,BS2DCE,,f,0,7,2363,2363,100,1,O,0,0,0,0,2,,,,,,0,0,,,,,0
23.419605,1779967173.4178,10158,,BS2DCE,,f,0,0,2659,2659,100,1,O,0,0,0,0,2,,,,,,0,0,,,,,0
23.419605,1779967173.4178,10158,,BS2DCE,,f,0,1,1799,1799,100,1,O,0,0,0,0,2,,,,,,0,0,,,,,0
23.419605,1779967173.4178,10158,,BS2DCE,,f,0,2,1719,1719,100,1,O,0,0,0,0,2,,,,,,0,0,,,,,0
23.419605,1779967173.4178,10158,,BS2DCE,,f,0,3,2476,2476,100,1,O,0,0,0,0,2,,,,,,0,0,,,,,0
23.419605,1779967173.4178,10158,,BS2DCE,,f,0,4,2390,2390,100,1,O,0,0,0,0,2,,,,,,0,0,,,,,0
23.419605,1779967173.4178,10158,,BS2DCE,,f,0,5,1544,1544,100,1,O,0,0,0,0,2,,,,,,0,0,,,,,0
23.419605,1779967173.4178,10158,,BS2DCE,,f,0,6,1621,1621,94,1,O,0,0,0,0,2,,,,,,0,0,,,,,0
23.419605,1779967173.4178,10158,,BS2DCE,,f,0,7,2323,2323,100,1,O,0,0,0,0,2,,,,,,0,0,,,,,0
23.470207,1779967173.468402,10159,,BS2DCE,,f,0,0,2673,2673,100,1,O,0,0,0,0,2,,,,,,0,0,,,,,0
23.470207,1779967173.468402,10159,,BS2DCE,,f,0,1,1869,1869,100,1,O,0,0,0,0,2,,,,,,0,0,,,,,0
23.470207,1779967173.468402,10159,,BS2DCE,,f,0,2,1757,1757,100,1,O,0,0,0,0,2,,,,,,0,0,,,,,0
23.470207,1779967173.468402,10159,,BS2DCE,,f,0,3,2450,2450,100,1,O,0,0,0,0,2,,,,,,0,0,,,,,0
23.470207,1779967173.468402,10159,,BS2DCE,,f,0,4,2352,2352,100,1,O,0,0,0,0,2,,,,,,0,0,,,,,0
23.470207,1779967173.468402,10159,,BS2DCE,,f,0,5,1537,1537,100,1,O,0,0,0,0,2,,,,,,0,0,,,,,0
23.470207,1779967173.468402,10159,,BS2DCE,,f,0,6,1819,1819,94,1,O,0,0,0,0,2,,,,,,0,0,,,,,0
23.470207,1779967173.468402,10159,,BS2DCE,,f,0,7,2340,2340,100,1,O,0,0,0,0,2,,,,,,0,0,,,,,0
23.575658,1779967173.573853,10160,,BS2DCE,,f,0,0,2604,2604,100,1,O,0,0,0,0,2,,,,,,0,0,,,,,0
23.575658,1779967173.573853,10160,,BS2DCE,,f,0,1,1925,1925,100,1,O,0,0,0,0,2,,,,,,0,0,,,,,0
23.575658,1779967173.573853,10160,,BS2DCE,,f,0,2,1768,1768,100,1,O,0,0,0,0,2,,,,,,0,0,,,,,0
23.575658,1779967173.573853,10160,,BS2DCE,,f,0,3,2456,2456,100,1,O,0,0,0,0,2,,,,,,0,0,,,,,0
23.575658,1779967173.573853,10160,,BS2DCE,,f,0,4,2288,2288,100,1,O,0,0,0,0,2,,,,,,0,0,,,,,0
23.575658,1779967173.573853,10160,,BS2DCE,,f,0,5,1474,1474,100,1,O,0,0,0,0,2,,,,,,0,0,,,,,0
23.575658,1779967173.573853,10160,,BS2DCE,,f,0,6,0,1819,89,0,T,0,0,0,0,2,,,,,,0,0,,,,,0
23.575658,1779967173.573853,10160,,BS2DCE,,f,0,7,2467,2467,100,1,O,0,0,0,0,2,,,,,,0,0,,,,,0
23.65741,1779967173.655605,10161,,BS2DCE,,f,0,0,2557,2557,100,1,O,0,0,0,0,2,,,,,,0,0,,,,,0
23.65741,1779967173.655605,10161,,BS2DCE,,f,0,1,1896,1896,100,1,O,0,0,0,0,2,,,,,,0,0,,,,,0
23.65741,1779967173.655605,10161,,BS2DCE,,f,0,2,1866,1866,100,1,O,0,0,0,0,2,,,,,,0,0,,,,,0
23.65741,1779967173.655605,10161,,BS2DCE,,f,0,3,2601,2601,100,1,O,0,0,0,0,2,,,,,,0,0,,,,,0
23.65741,1779967173.655605,10161,,BS2DCE,,f,0,4,2183,2183,100,1,O,0,0,0,0,2,,,,,,0,0,,,,,0
23.65741,1779967173.655605,10161,,BS2DCE,,f,0,5,1608,1608,100,1,O,0,0,0,0,2,,,,,,0,0,,,,,0
23.65741,1779967173.655605,10161,,BS2DCE,,f,0,6,1793,1793,90,1,O,0,0,0,0,2,,,,,,0,0,,,,,0
23.65741,1779967173.655605,10161,,BS2DCE,,f,0,7,2403,2403,100,1,O,0,0,0,0,2,,,,,,0,0,,,,,0
23.76235,1779967173.760545,10162,,BS2DCE,,f,0,0,2468,2468,100,1,O,0,0,0,0,2,,,,,,0,0,,,,,0
23.76235,1779967173.760545,10162,,BS2DCE,,f,0,1,1976,1976,100,1,O,0,0,0,0,2,,,,,,0,0,,,,,0
23.76235,1779967173.760545,10162,,BS2DCE,,f,0,2,2017,2017,100,1,O,0,0,0,0,2,,,,,,0,0,,,,,0
23.76235,1779967173.760545,10162,,BS2DCE,,f,0,3,2619,2619,100,1,O,0,0,0,0,2,,,,,,0,0,,,,,0
23.76235,1779967173.760545,10162,,BS2DCE,,f,0,4,2103,2103,100,1,O,0,0,0,0,2,,,,,,0,0,,,,,0
23.76235,1779967173.760545,10162,,BS2DCE,,f,0,5,1688,1688,100,1,O,0,0,0,0,2,,,,,,0,0,,,,,0
23.76235,1779967173.760545,10162,,BS2DCE,,f,0,6,1849,1849,90,1,O,0,0,0,0,2,,,,,,0,0,,,,,0
23.76235,1779967173.760545,10162,,BS2DCE,,f,0,7,2310,2310,100,1,O,0,0,0,0,2,,,,,,0,0,,,,,0
23.867428,1779967173.865623,10163,,BS2DCE,,f,0,0,2384,2384,100,1,O,0,0,0,0,2,,,,,,0,0,,,,,0
23.867428,1779967173.865623,10163,,BS2DCE,,f,0,1,2018,2018,100,1,O,0,0,0,0,2,,,,,,0,0,,,,,0
23.867428,1779967173.865623,10163,,BS2DCE,,f,0,2,2031,2031,100,1,O,0,0,0,0,2,,,,,,0,0,,,,,0
23.867428,1779967173.865623,10163,,BS2DCE,,f,0,3,2727,2727,100,1,O,0,0,0,0,2,,,,,,0,0,,,,,0
23.867428,1779967173.865623,10163,,BS2DCE,,f,0,4,2084,2084,100,1,O,0,0,0,0,2,,,,,,0,0,,,,,0
23.867428,1779967173.865623,10163,,BS2DCE,,f,0,5,1564,1564,100,1,O,0,0,0,0,2,,,,,,0,0,,,,,0
23.867428,1779967173.865623,10163,,BS2DCE,,f,0,6,1822,1822,90,1,O,0,0,0,0,2,,,,,,0,0,,,,,0
23.867428,1779967173.865623,10163,,BS2DCE,,f,0,7,2378,2378,100,1,O,0,0,0,0,2,,,,,,0,0,,,,,0
23.972435,1779967173.97063,10164,,BS2DCE,,f,0,0,2330,2330,100,1,O,0,0,0,0,2,,,,,,0,0,,,,,0
23.972435,1779967173.97063,10164,,BS2DCE,,f,0,1,2026,2026,100,1,O,0,0,0,0,2,,,,,,0,0,,,,,0
23.972435,1779967173.97063,10164,,BS2DCE,,f,0,2,2065,2065,100,1,O,0,0,0,0,2,,,,,,0,0,,,,,0
23.972435,1779967173.97063,10164,,BS2DCE,,f,0,3,2621,2621,100,1,O,0,0,0,0,2,,,,,,0,0,,,,,0
23.972435,1779967173.97063,10164,,BS2DCE,,f,0,4,2008,2008,100,1,O,0,0,0,0,2,,,,,,0,0,,,,,0
23.972435,1779967173.97063,10164,,BS2DCE,,f,0,5,1665,1665,100,1,O,0,0,0,0,2,,,,,,0,0,,,,,0
23.972435,1779967173.97063,10164,,BS2DCE,,f,0,6,1864,1864,91,1,O,0,0,0,0,2,,,,,,0,0,,,,,0
23.972435,1779967173.97063,10164,,BS2DCE,,f,0,7,2219,2219,100,1,O,0,0,0,0,2,,,,,,0,0,,,,,0
24.122356,1779967174.120551,10165,,BS2DCE,,f,0,0,2238,2238,100,1,O,0,0,0,0,2,,,,,,0,0,,,,,0
24.122356,1779967174.120551,10165,,BS2DCE,,f,0,1,2020,2020,100,1,O,0,0,0,0,2,,,,,,0,0,,,,,0
24.122356,1779967174.120551,10165,,BS2DCE,,f,0,2,2120,2120,100,1,O,0,0,0,0,2,,,,,,0,0,,,,,0
24.122356,1779967174.120551,10165,,BS2DCE,,f,0,3,2503,2503,100,1,O,0,0,0,0,2,,,,,,0,0,,,,,0
24.122356,1779967174.120551,10165,,BS2DCE,,f,0,4,1991,1991,100,1,O,0,0,0,0,2,,,,,,0,0,,,,,0
24.122356,1779967174.120551,10165,,BS2DCE,,f,0,5,1619,1619,100,1,O,0,0,0,0,2,,,,,,0,0,,,,,0
24.122356,1779967174.120551,10165,,BS2DCE,,f,0,6,1903,1903,91,1,O,0,0,0,0,2,,,,,,0,0,,,,,0
24.122356,1779967174.120551,10165,,BS2DCE,,f,0,7,2144,2144,100,1,O,0,0,0,0,2,,,,,,0,0,,,,,0
24.159854,1779967174.158049,10166,,BS2DCE,,f,0,0,2220,2220,100,1,O,0,0,0,0,2,,,,,,0,0,,,,,0
24.159854,1779967174.158049,10166,,BS2DCE,,f,0,1,2030,2030,100,1,O,0,0,0,0,2,,,,,,0,0,,,,,0
24.159854,1779967174.158049,10166,,BS2DCE,,f,0,2,2213,2213,100,1,O,0,0,0,0,2,,,,,,0,0,,,,,0
24.159854,1779967174.158049,10166,,BS2DCE,,f,0,3,2547,2547,100,1,O,0,0,0,0,2,,,,,,0,0,,,,,0
24.159854,1779967174.158049,10166,,BS2DCE,,f,0,4,1876,1876,100,1,O,0,0,0,0,2,,,,,,0,0,,,,,0
24.159854,1779967174.158049,10166,,BS2DCE,,f,0,5,1747,1747,100,1,O,0,0,0,0,2,,,,,,0,0,,,,,0
24.159854,1779967174.158049,10166,,BS2DCE,,f,0,6,0,1903,88,0,T,0,0,0,0,2,,,,,,0,0,,,,,0
24.159854,1779967174.158049,10166,,BS2DCE,,f,0,7,2077,2077,100,1,O,0,0,0,0,2,,,,,,0,0,,,,,0
24.257415,1779967174.25561,10167,,BS2DCE,,f,0,0,2208,2208,100,1,O,0,0,0,0,2,,,,,,0,0,,,,,0
24.257415,1779967174.25561,10167,,BS2DCE,,f,0,1,2035,2035,100,1,O,0,0,0,0,2,,,,,,0,0,,,,,0
24.257415,1779967174.25561,10167,,BS2DCE,,f,0,2,2306,2306,100,1,O,0,0,0,0,2,,,,,,0,0,,,,,0
24.257415,1779967174.25561,10167,,BS2DCE,,f,0,3,2657,2657,100,1,O,0,0,0,0,2,,,,,,0,0,,,,,0
24.257415,1779967174.25561,10167,,BS2DCE,,f,0,4,1788,1788,100,1,O,0,0,0,0,2,,,,,,0,0,,,,,0
24.257415,1779967174.25561,10167,,BS2DCE,,f,0,5,1734,1734,100,1,O,0,0,0,0,2,,,,,,0,0,,,,,0
24.257415,1779967174.25561,10167,,BS2DCE,,f,0,6,1981,1981,88,1,O,0,0,0,0,2,,,,,,0,0,,,,,0
24.257415,1779967174.25561,10167,,BS2DCE,,f,0,7,2067,2067,100,1,O,0,0,0,0,2,,,,,,0,0,,,,,0
24.417319,1779967174.415514,10168,,BS2DCE,,f,0,0,2112,2112,100,1,O,0,0,0,0,2,,,,,,0,0,,,,,0
24.417319,1779967174.415514,10168,,BS2DCE,,f,0,1,2231,2231,100,1,O,0,0,0,0,2,,,,,,0,0,,,,,0
24.417319,1779967174.415514,10168,,BS2DCE,,f,0,2,2299,2299,100,1,O,0,0,0,0,2,,,,,,0,0,,,,,0
24.417319,1779967174.415514,10168,,BS2DCE,,f,0,3,2327,2327,100,1,O,0,0,0,0,2,,,,,,0,0,,,,,0
24.417319,1779967174.415514,10168,,BS2DCE,,f,0,4,1739,1739,100,1,O,0,0,0,0,2,,,,,,0,0,,,,,0
24.417319,1779967174.415514,10168,,BS2DCE,,f,0,5,1785,1785,100,1,O,0,0,0,0,2,,,,,,0,0,,,,,0
24.417319,1779967174.415514,10168,,BS2DCE,,f,0,6,2110,2110,88,1,O,0,0,0,0,2,,,,,,0,0,,,,,0
24.417319,1779967174.415514,10168,,BS2DCE,,f,0,7,1887,1887,100,1,O,0,0,0,0,2,,,,,,0,0,,,,,0
24.48236,1779967174.480555,10169,,BS2DCE,,f,0,0,2144,2144,100,1,O,0,0,0,0,2,,,,,,0,0,,,,,0
24.48236,1779967174.480555,10169,,BS2DCE,,f,0,1,2171,2171,100,1,O,0,0,0,0,2,,,,,,0,0,,,,,0
24.48236,1779967174.480555,10169,,BS2DCE,,f,0,2,2257,2257,100,1,O,0,0,0,0,2,,,,,,0,0,,,,,0
24.48236,1779967174.480555,10169,,BS2DCE,,f,0,3,2266,2266,100,1,O,0,0,0,0,2,,,,,,0,0,,,,,0
24.48236,1779967174.480555,10169,,BS2DCE,,f,0,4,1676,1676,100,1,O,0,0,0,0,2,,,,,,0,0,,,,,0
24.48236,1779967174.480555,10169,,BS2DCE,,f,0,5,1950,1950,100,1,O,0,0,0,0,2,,,,,,0,0,,,,,0
24.48236,1779967174.480555,10169,,BS2DCE,,f,0,6,2063,2063,89,1,O,0,0,0,0,2,,,,,,0,0,,,,,0
24.48236,1779967174.480555,10169,,BS2DCE,,f,0,7,1877,1877,100,1,O,0,0,0,0,2,,,,,,0,0,,,,,0
24.573147,1779967174.571342,10170,,BS2DCE,,f,0,0,2084,2084,100,1,O,0,0,0,0,2,,,,,,0,0,,,,,0
24.573147,1779967174.571342,10170,,BS2DCE,,f,0,1,2649,2649,100,1,O,0,0,0,0,2,,,,,,0,0,,,,,0
24.573147,1779967174.571342,10170,,BS2DCE,,f,0,2,2316,2316,100,1,O,0,0,0,0,2,,,,,,0,0,,,,,0
24.573147,1779967174.571342,10170,,BS2DCE,,f,0,3,2167,2167,100,1,O,0,0,0,0,2,,,,,,0,0,,,,,0
24.573147,1779967174.571342,10170,,BS2DCE,,f,0,4,1676,1676,100,1,O,0,0,0,0,2,,,,,,0,0,,,,,0
24.573147,1779967174.571342,10170,,BS2DCE,,f,0,5,1899,1899,100,1,O,0,0,0,0,2,,,,,,0,0,,,,,0
24.573147,1779967174.571342,10170,,BS2DCE,,f,0,6,2158,2158,89,1,O,0,0,0,0,2,,,,,,0,0,,,,,0
24.573147,1779967174.571342,10170,,BS2DCE,,f,0,7,1915,1915,100,1,O,0,0,0,0,2,,,,,,0,0,,,,,0
24.688826,1779967174.687021,10171,,BS2DCE,,f,0,0,2059,2059,100,1,O,0,0,0,0,2,,,,,,0,0,,,,,0
24.688826,1779967174.687021,10171,,BS2DCE,,f,0,1,2543,2543,100,1,O,0,0,0,0,2,,,,,,0,0,,,,,0
24.688826,1779967174.687021,10171,,BS2DCE,,f,0,2,2419,2419,100,1,O,0,0,0,0,2,,,,,,0,0,,,,,0
24.688826,1779967174.687021,10171,,BS2DCE,,f,0,3,2190,2190,100,1,O,0,0,0,0,2,,,,,,0,0,,,,,0
24.688826,1779967174.687021,10171,,BS2DCE,,f,0,4,1684,1684,100,1,O,0,0,0,0,2,,,,,,0,0,,,,,0
24.688826,1779967174.687021,10171,,BS2DCE,,f,0,5,2089,2089,100,1,O,0,0,0,0,2,,,,,,0,0,,,,,0
24.688826,1779967174.687021,10171,,BS2DCE,,f,0,6,2210,2210,90,1,O,0,0,0,0,2,,,,,,0,0,,,,,0
24.688826,1779967174.687021,10171,,BS2DCE,,f,0,7,1829,1829,100,1,O,0,0,0,0,2,,,,,,0,0,,,,,0
24.7599,1779967174.758095,10172,,BS2DCE,,f,0,0,2050,2050,100,1,O,0,0,0,0,2,,,,,,0,0,,,,,0
24.7599,1779967174.758095,10172,,BS2DCE,,f,0,1,2443,2443,100,1,O,0,0,0,0,2,,,,,,0,0,,,,,0
24.7599,1779967174.758095,10172,,BS2DCE,,f,0,2,2821,2821,100,1,O,0,0,0,0,2,,,,,,0,0,,,,,0
24.7599,1779967174.758095,10172,,BS2DCE,,f,0,3,2170,2170,100,1,O,0,0,0,0,2,,,,,,0,0,,,,,0
24.7599,1779967174.758095,10172,,BS2DCE,,f,0,4,3961,3961,100,1,O,0,0,0,0,2,,,,,,0,0,,,,,0
24.7599,1779967174.758095,10172,,BS2DCE,,f,0,5,2177,2177,100,1,O,0,0,0,0,2,,,,,,0,0,,,,,0
24.7599,1779967174.758095,10172,,BS2DCE,,f,0,6,1579,1579,90,1,O,0,0,0,0,2,,,,,,0,0,,,,,0
24.7599,1779967174.758095,10172,,BS2DCE,,f,0,7,1796,1796,100,1,O,0,0,0,0,2,,,,,,0,0,,,,,0
24.85743,1779967174.855625,10173,,BS2DCE,,f,0,0,2020,2020,100,1,O,0,0,0,0,2,,,,,,0,0,,,,,0
24.85743,1779967174.855625,10173,,BS2DCE,,f,0,1,2447,2447,100,1,O,0,0,0,0,2,,,,,,0,0,,,,,0
24.85743,1779967174.855625,10173,,BS2DCE,,f,0,2,2598,2598,100,1,O,0,0,0,0,2,,,,,,0,0,,,,,0
24.85743,1779967174.855625,10173,,BS2DCE,,f,0,3,2069,2069,100,1,O,0,0,0,0,2,,,,,,0,0,,,,,0
24.85743,1779967174.855625,10173,,BS2DCE,,f,0,4,1781,1781,100,1,O,0,0,0,0,2,,,,,,0,0,,,,,0
24.85743,1779967174.855625,10173,,BS2DCE,,f,0,5,2084,2084,100,1,O,0,0,0,0,2,,,,,,0,0,,,,,0
24.85743,1779967174.855625,10173,,BS2DCE,,f,0,6,2250,2250,90,1,O,0,0,0,0,2,,,,,,0,0,,,,,0
24.85743,1779967174.855625,10173,,BS2DCE,,f,0,7,1806,1806,100,1,O,0,0,0,0,2,,,,,,0,0,,,,,0
24.964294,1779967174.962489,10174,,BS2DCE,,f,0,0,1931,1931,100,1,O,0,0,0,0,2,,,,,,0,0,,,,,0
24.964294,1779967174.962489,10174,,BS2DCE,,f,0,1,2445,2445,100,1,O,0,0,0,0,2,,,,,,0,0,,,,,0
24.964294,1779967174.962489,10174,,BS2DCE,,f,0,2,2353,2353,100,1,O,0,0,0,0,2,,,,,,0,0,,,,,0
24.964294,1779967174.962489,10174,,BS2DCE,,f,0,3,1964,1964,100,1,O,0,0,0,0,2,,,,,,0,0,,,,,0
24.964294,1779967174.962489,10174,,BS2DCE,,f,0,4,1677,1677,100,1,O,0,0,0,0,2,,,,,,0,0,,,,,0
24.964294,1779967174.962489,10174,,BS2DCE,,f,0,5,2238,2238,100,1,O,0,0,0,0,2,,,,,,0,0,,,,,0
24.964294,1779967174.962489,10174,,BS2DCE,,f,0,6,2273,2273,94,1,O,0,0,0,0,2,,,,,,0,0,,,,,0
24.964294,1779967174.962489,10174,,BS2DCE,,f,0,7,1809,1809,100,1,O,0,0,0,0,2,,,,,,0,0,,,,,0
25.068243,1779967175.066438,10175,,BS2DCE,,f,0,0,1911,1911,100,1,O,0,0,0,0,2,,,,,,0,0,,,,,0
25.068243,1779967175.066438,10175,,BS2DCE,,f,0,1,2374,2374,100,1,O,0,0,0,0,2,,,,,,0,0,,,,,0
25.068243,1779967175.066438,10175,,BS2DCE,,f,0,2,2328,2328,100,1,O,0,0,0,0,2,,,,,,0,0,,,,,0
25.068243,1779967175.066438,10175,,BS2DCE,,f,0,3,1841,1841,100,1,O,0,0,0,0,2,,,,,,0,0,,,,,0
25.068243,1779967175.066438,10175,,BS2DCE,,f,0,4,1736,1736,100,1,O,0,0,0,0,2,,,,,,0,0,,,,,0
25.068243,1779967175.066438,10175,,BS2DCE,,f,0,5,2348,2348,100,1,O,0,0,0,0,2,,,,,,0,0,,,,,0
25.068243,1779967175.066438,10175,,BS2DCE,,f,0,6,2255,2255,94,1,O,0,0,0,0,2,,,,,,0,0,,,,,0
25.068243,1779967175.066438,10175,,BS2DCE,,f,0,7,1740,1740,100,1,O,0,0,0,0,2,,,,,,0,0,,,,,0
25.202354,1779967175.200549,10176,,BS2DCE,,f,0,0,1929,1929,100,1,O,0,0,0,0,2,,,,,,0,0,,,,,0
25.202354,1779967175.200549,10176,,BS2DCE,,f,0,1,2455,2455,100,1,O,0,0,0,0,2,,,,,,0,0,,,,,0
25.202354,1779967175.200549,10176,,BS2DCE,,f,0,2,2299,2299,100,1,O,0,0,0,0,2,,,,,,0,0,,,,,0
25.202354,1779967175.200549,10176,,BS2DCE,,f,0,3,1810,1810,100,1,O,0,0,0,0,2,,,,,,0,0,,,,,0
25.202354,1779967175.200549,10176,,BS2DCE,,f,0,4,1726,1726,100,1,O,0,0,0,0,2,,,,,,0,0,,,,,0
25.202354,1779967175.200549,10176,,BS2DCE,,f,0,5,2320,2320,100,1,O,0,0,0,0,2,,,,,,0,0,,,,,0
25.202354,1779967175.200549,10176,,BS2DCE,,f,0,6,2193,2193,94,1,O,0,0,0,0,2,,,,,,0,0,,,,,0
25.202354,1779967175.200549,10176,,BS2DCE,,f,0,7,1709,1709,100,1,O,0,0,0,0,2,,,,,,0,0,,,,,0
25.269723,1779967175.267918,10177,,BS2DCE,,f,0,0,1915,1915,100,1,O,0,0,0,0,2,,,,,,0,0,,,,,0
25.269723,1779967175.267918,10177,,BS2DCE,,f,0,1,2464,2464,100,1,O,0,0,0,0,2,,,,,,0,0,,,,,0
25.269723,1779967175.267918,10177,,BS2DCE,,f,0,2,2288,2288,100,1,O,0,0,0,0,2,,,,,,0,0,,,,,0
25.269723,1779967175.267918,10177,,BS2DCE,,f,0,3,1673,1673,100,1,O,0,0,0,0,2,,,,,,0,0,,,,,0
25.269723,1779967175.267918,10177,,BS2DCE,,f,0,4,1858,1858,100,1,O,0,0,0,0,2,,,,,,0,0,,,,,0
25.269723,1779967175.267918,10177,,BS2DCE,,f,0,5,2405,2405,100,1,O,0,0,0,0,2,,,,,,0,0,,,,,0
25.269723,1779967175.267918,10177,,BS2DCE,,f,0,6,2233,2233,95,1,O,0,0,0,0,2,,,,,,0,0,,,,,0
25.269723,1779967175.267918,10177,,BS2DCE,,f,0,7,1659,1659,100,1,O,0,0,0,0,2,,,,,,0,0,,,,,0
25.429689,1779967175.427884,10178,,BS2DCE,,f,0,0,1945,1945,100,1,O,0,0,0,0,2,,,,,,0,0,,,,,0
25.429689,1779967175.427884,10178,,BS2DCE,,f,0,1,2602,2602,100,1,O,0,0,0,0,2,,,,,,0,0,,,,,0
25.429689,1779967175.427884,10178,,BS2DCE,,f,0,2,2231,2231,100,1,O,0,0,0,0,2,,,,,,0,0,,,,,0
25.429689,1779967175.427884,10178,,BS2DCE,,f,0,3,1727,1727,100,1,O,0,0,0,0,2,,,,,,0,0,,,,,0
25.429689,1779967175.427884,10178,,BS2DCE,,f,0,4,1831,1831,100,1,O,0,0,0,0,2,,,,,,0,0,,,,,0
25.429689,1779967175.427884,10178,,BS2DCE,,f,0,5,2350,2350,100,1,O,0,0,0,0,2,,,,,,0,0,,,,,0
25.429689,1779967175.427884,10178,,BS2DCE,,f,0,6,1586,1586,95,1,O,0,0,0,0,2,,,,,,0,0,,,,,0
25.429689,1779967175.427884,10178,,BS2DCE,,f,0,7,1663,1663,100,1,O,0,0,0,0,2,,,,,,0,0,,,,,0
25.476399,1779967175.474594,10179,,BS2DCE,,f,0,0,2051,2051,100,1,O,0,0,0,0,2,,,,,,0,0,,,,,0
25.476399,1779967175.474594,10179,,BS2DCE,,f,0,1,2692,2692,100,1,O,0,0,0,0,2,,,,,,0,0,,,,,0
25.476399,1779967175.474594,10179,,BS2DCE,,f,0,2,2105,2105,100,1,O,0,0,0,0,2,,,,,,0,0,,,,,0
25.476399,1779967175.474594,10179,,BS2DCE,,f,0,3,1612,1612,100,1,O,0,0,0,0,2,,,,,,0,0,,,,,0
25.476399,1779967175.474594,10179,,BS2DCE,,f,0,4,1880,1880,100,1,O,0,0,0,0,2,,,,,,0,0,,,,,0
25.476399,1779967175.474594,10179,,BS2DCE,,f,0,5,2413,2413,100,1,O,0,0,0,0,2,,,,,,0,0,,,,,0
25.476399,1779967175.474594,10179,,BS2DCE,,f,0,6,2189,2189,95,1,O,0,0,0,0,2,,,,,,0,0,,,,,0
25.476399,1779967175.474594,10179,,BS2DCE,,f,0,7,1694,1694,100,1,O,0,0,0,0,2,,,,,,0,0,,,,,0
25.57746,1779967175.575655,10180,,BS2DCE,,f,0,0,2080,2080,100,1,O,0,0,0,0,2,,,,,,0,0,,,,,0
25.57746,1779967175.575655,10180,,BS2DCE,,f,0,1,2619,2619,100,1,O,0,0,0,0,2,,,,,,0,0,,,,,0
25.57746,1779967175.575655,10180,,BS2DCE,,f,0,2,2084,2084,100,1,O,0,0,0,0,2,,,,,,0,0,,,,,0
25.57746,1779967175.575655,10180,,BS2DCE,,f,0,3,1617,1617,100,1,O,0,0,0,0,2,,,,,,0,0,,,,,0
25.57746,1779967175.575655,10180,,BS2DCE,,f,0,4,1935,1935,100,1,O,0,0,0,0,2,,,,,,0,0,,,,,0
25.57746,1779967175.575655,10180,,BS2DCE,,f,0,5,2386,2386,100,1,O,0,0,0,0,2,,,,,,0,0,,,,,0
25.57746,1779967175.575655,10180,,BS2DCE,,f,0,6,2195,2195,95,1,O,0,0,0,0,2,,,,,,0,0,,,,,0
25.57746,1779967175.575655,10180,,BS2DCE,,f,0,7,1674,1674,100,1,O,0,0,0,0,2,,,,,,0,0,,,,,0
25.667281,1779967175.665476,10181,,BS2DCE,,f,0,0,2163,2163,100,1,O,0,0,0,0,2,,,,,,0,0,,,,,0
25.667281,1779967175.665476,10181,,BS2DCE,,f,0,1,2597,2597,100,1,O,0,0,0,0,2,,,,,,0,0,,,,,0
25.667281,1779967175.665476,10181,,BS2DCE,,f,0,2,2107,2107,100,1,O,0,0,0,0,2,,,,,,0,0,,,,,0
25.667281,1779967175.665476,10181,,BS2DCE,,f,0,3,1582,1582,100,1,O,0,0,0,0,2,,,,,,0,0,,,,,0
25.667281,1779967175.665476,10181,,BS2DCE,,f,0,4,2024,2024,100,1,O,0,0,0,0,2,,,,,,0,0,,,,,0
25.667281,1779967175.665476,10181,,BS2DCE,,f,0,5,2464,2464,100,1,O,0,0,0,0,2,,,,,,0,0,,,,,0
25.667281,1779967175.665476,10181,,BS2DCE,,f,0,6,2160,2160,95,1,O,0,0,0,0,2,,,,,,0,0,,,,,0
25.667281,1779967175.665476,10181,,BS2DCE,,f,0,7,1735,1735,100,1,O,0,0,0,0,2,,,,,,0,0,,,,,0
25.772543,1779967175.770738,10182,,BS2DCE,,f,0,0,2458,2458,100,1,O,0,0,0,0,2,,,,,,0,0,,,,,0
25.772543,1779967175.770738,10182,,BS2DCE,,f,0,1,2456,2456,100,1,O,0,0,0,0,2,,,,,,0,0,,,,,0
25.772543,1779967175.770738,10182,,BS2DCE,,f,0,2,2021,2021,100,1,O,0,0,0,0,2,,,,,,0,0,,,,,0
25.772543,1779967175.770738,10182,,BS2DCE,,f,0,3,1568,1568,100,1,O,0,0,0,0,2,,,,,,0,0,,,,,0
25.772543,1779967175.770738,10182,,BS2DCE,,f,0,4,2112,2112,100,1,O,0,0,0,0,2,,,,,,0,0,,,,,0
25.772543,1779967175.770738,10182,,BS2DCE,,f,0,5,2639,2639,100,1,O,0,0,0,0,2,,,,,,0,0,,,,,0
25.772543,1779967175.770738,10182,,BS2DCE,,f,0,6,2201,2201,96,1,O,0,0,0,0,2,,,,,,0,0,,,,,0
25.772543,1779967175.770738,10182,,BS2DCE,,f,0,7,1754,1754,100,1,O,0,0,0,0,2,,,,,,0,0,,,,,0
25.869908,1779967175.868103,10183,,BS2DCE,,f,0,0,2333,2333,100,1,O,0,0,0,0,2,,,,,,0,0,,,,,0
25.869908,1779967175.868103,10183,,BS2DCE,,f,0,1,2416,2416,100,1,O,0,0,0,0,2,,,,,,0,0,,,,,0
25.869908,1779967175.868103,10183,,BS2DCE,,f,0,2,2007,2007,100,1,O,0,0,0,0,2,,,,,,0,0,,,,,0
25.869908,1779967175.868103,10183,,BS2DCE,,f,0,3,1678,1678,100,1,O,0,0,0,0,2,,,,,,0,0,,,,,0
25.869908,1779967175.868103,10183,,BS2DCE,,f,0,4,2138,2138,100,1,O,0,0,0,0,2,,,,,,0,0,,,,,0
25.869908,1779967175.868103,10183,,BS2DCE,,f,0,5,2670,2670,100,1,O,0,0,0,0,2,,,,,,0,0,,,,,0
25.869908,1779967175.868103,10183,,BS2DCE,,f,0,6,2248,2248,96,1,O,0,0,0,0,2,,,,,,0,0,,,,,0
25.869908,1779967175.868103,10183,,BS2DCE,,f,0,7,1764,1764,100,1,O,0,0,0,0,2,,,,,,0,0,,,,,0
25.964239,1779967175.962434,10184,,BS2DCE,,f,0,0,2224,2224,100,1,O,0,0,0,0,2,,,,,,0,0,,,,,0
25.964239,1779967175.962434,10184,,BS2DCE,,f,0,1,2354,2354,100,1,O,0,0,0,0,2,,,,,,0,0,,,,,0
25.964239,1779967175.962434,10184,,BS2DCE,,f,0,2,1978,1978,100,1,O,0,0,0,0,2,,,,,,0,0,,,,,0
25.964239,1779967175.962434,10184,,BS2DCE,,f,0,3,1865,1865,100,1,O,0,0,0,0,2,,,,,,0,0,,,,,0
25.964239,1779967175.962434,10184,,BS2DCE,,f,0,4,2150,2150,100,1,O,0,0,0,0,2,,,,,,0,0,,,,,0
25.964239,1779967175.962434,10184,,BS2DCE,,f,0,5,2715,2715,100,1,O,0,0,0,0,2,,,,,,0,0,,,,,0
25.964239,1779967175.962434,10184,,BS2DCE,,f,0,6,2347,2347,96,1,O,0,0,0,0,2,,,,,,0,0,,,,,0
25.964239,1779967175.962434,10184,,BS2DCE,,f,0,7,1766,1766,100,1,O,0,0,0,0,2,,,,,,0,0,,,,,0
26.05828,1779967176.056475,10185,,BS2DCE,,f,0,0,2124,2124,100,1,O,0,0,0,0,2,,,,,,0,0,,,,,0
26.05828,1779967176.056475,10185,,BS2DCE,,f,0,1,2331,2331,100,1,O,0,0,0,0,2,,,,,,0,0,,,,,0
26.05828,1779967176.056475,10185,,BS2DCE,,f,0,2,1868,1868,100,1,O,0,0,0,0,2,,,,,,0,0,,,,,0
26.05828,1779967176.056475,10185,,BS2DCE,,f,0,3,1850,1850,100,1,O,0,0,0,0,2,,,,,,0,0,,,,,0
26.05828,1779967176.056475,10185,,BS2DCE,,f,0,4,2207,2207,100,1,O,0,0,0,0,2,,,,,,0,0,,,,,0
26.05828,1779967176.056475,10185,,BS2DCE,,f,0,5,2564,2564,100,1,O,0,0,0,0,2,,,,,,0,0,,,,,0
26.05828,1779967176.056475,10185,,BS2DCE,,f,0,6,2337,2337,96,1,O,0,0,0,0,2,,,,,,0,0,,,,,0
26.05828,1779967176.056475,10185,,BS2DCE,,f,0,7,1822,1822,100,1,O,0,0,0,0,2,,,,,,0,0,,,,,0
26.162454,1779967176.160649,10186,,BS2DCE,,f,0,0,2232,2232,100,1,O,0,0,0,0,2,,,,,,0,0,,,,,0
26.162454,1779967176.160649,10186,,BS2DCE,,f,0,1,2297,2297,100,1,O,0,0,0,0,2,,,,,,0,0,,,,,0
26.162454,1779967176.160649,10186,,BS2DCE,,f,0,2,1849,1849,100,1,O,0,0,0,0,2,,,,,,0,0,,,,,0
26.162454,1779967176.160649,10186,,BS2DCE,,f,0,3,1829,1829,100,1,O,0,0,0,0,2,,,,,,0,0,,,,,0
26.162454,1779967176.160649,10186,,BS2DCE,,f,0,4,2234,2234,100,1,O,0,0,0,0,2,,,,,,0,0,,,,,0
26.162454,1779967176.160649,10186,,BS2DCE,,f,0,5,2456,2456,100,1,O,0,0,0,0,2,,,,,,0,0,,,,,0
26.162454,1779967176.160649,10186,,BS2DCE,,f,0,6,2244,2244,96,1,O,0,0,0,0,2,,,,,,0,0,,,,,0
26.162454,1779967176.160649,10186,,BS2DCE,,f,0,7,1815,1815,100,1,O,0,0,0,0,2,,,,,,0,0,,,,,0
26.282519,1779967176.280714,10187,,BS2DCE,,f,0,0,2199,2199,100,1,O,0,0,0,0,2,,,,,,0,0,,,,,0
26.282519,1779967176.280714,10187,,BS2DCE,,f,0,1,2233,2233,100,1,O,0,0,0,0,2,,,,,,0,0,,,,,0
26.282519,1779967176.280714,10187,,BS2DCE,,f,0,2,1846,1846,100,1,O,0,0,0,0,2,,,,,,0,0,,,,,0
26.282519,1779967176.280714,10187,,BS2DCE,,f,0,3,1806,1806,100,1,O,0,0,0,0,2,,,,,,0,0,,,,,0
26.282519,1779967176.280714,10187,,BS2DCE,,f,0,4,2272,2272,100,1,O,0,0,0,0,2,,,,,,0,0,,,,,0
26.282519,1779967176.280714,10187,,BS2DCE,,f,0,5,2382,2382,100,1,O,0,0,0,0,2,,,,,,0,0,,,,,0
26.282519,1779967176.280714,10187,,BS2DCE,,f,0,6,2189,2189,96,1,O,0,0,0,0,2,,,,,,0,0,,,,,0
26.282519,1779967176.280714,10187,,BS2DCE,,f,0,7,1814,1814,100,1,O,0,0,0,0,2,,,,,,0,0,,,,,0
26.419594,1779967176.417789,10188,,BS2DCE,,f,0,0,2199,2199,100,1,O,0,0,0,0,2,,,,,,0,0,,,,,0
26.419594,1779967176.417789,10188,,BS2DCE,,f,0,1,2197,2197,100,1,O,0,0,0,0,2,,,,,,0,0,,,,,0
26.419594,1779967176.417789,10188,,BS2DCE,,f,0,2,1703,1703,100,1,O,0,0,0,0,2,,,,,,0,0,,,,,0
26.419594,1779967176.417789,10188,,BS2DCE,,f,0,3,1784,1784,100,1,O,0,0,0,0,2,,,,,,0,0,,,,,0
26.419594,1779967176.417789,10188,,BS2DCE,,f,0,4,2309,2309,100,1,O,0,0,0,0,2,,,,,,0,0,,,,,0
26.419594,1779967176.417789,10188,,BS2DCE,,f,0,5,2403,2403,100,1,O,0,0,0,0,2,,,,,,0,0,,,,,0
26.419594,1779967176.417789,10188,,BS2DCE,,f,0,6,2138,2138,96,1,O,0,0,0,0,2,,,,,,0,0,,,,,0
26.419594,1779967176.417789,10188,,BS2DCE,,f,0,7,1814,1814,100,1,O,0,0,0,0,2,,,,,,0,0,,,,,0
26.469806,1779967176.468001,10189,,BS2DCE,,f,0,0,2197,2197,100,1,O,0,0,0,0,2,,,,,,0,0,,,,,0
26.469806,1779967176.468001,10189,,BS2DCE,,f,0,1,2172,2172,100,1,O,0,0,0,0,2,,,,,,0,0,,,,,0
26.469806,1779967176.468001,10189,,BS2DCE,,f,0,2,1710,1710,100,1,O,0,0,0,0,2,,,,,,0,0,,,,,0
26.469806,1779967176.468001,10189,,BS2DCE,,f,0,3,1863,1863,100,1,O,0,0,0,0,2,,,,,,0,0,,,,,0
26.469806,1779967176.468001,10189,,BS2DCE,,f,0,4,2295,2295,100,1,O,0,0,0,0,2,,,,,,0,0,,,,,0
26.469806,1779967176.468001,10189,,BS2DCE,,f,0,5,2321,2321,100,1,O,0,0,0,0,2,,,,,,0,0,,,,,0
26.469806,1779967176.468001,10189,,BS2DCE,,f,0,6,2007,2007,96,1,O,0,0,0,0,2,,,,,,0,0,,,,,0
26.469806,1779967176.468001,10189,,BS2DCE,,f,0,7,1916,1916,100,1,O,0,0,0,0,2,,,,,,0,0,,,,,0
26.574715,1779967176.57291,10190,,BS2DCE,,f,0,0,2248,2248,100,1,O,0,0,0,0,2,,,,,,0,0,,,,,0
26.574715,1779967176.57291,10190,,BS2DCE,,f,0,1,2171,2171,100,1,O,0,0,0,0,2,,,,,,0,0,,,,,0
26.574715,1779967176.57291,10190,,BS2DCE,,f,0,2,1689,1689,100,1,O,0,0,0,0,2,,,,,,0,0,,,,,0
26.574715,1779967176.57291,10190,,BS2DCE,,f,0,3,1834,1834,100,1,O,0,0,0,0,2,,,,,,0,0,,,,,0
26.574715,1779967176.57291,10190,,BS2DCE,,f,0,4,2356,2356,100,1,O,0,0,0,0,2,,,,,,0,0,,,,,0
26.574715,1779967176.57291,10190,,BS2DCE,,f,0,5,2391,2391,100,1,O,0,0,0,0,2,,,,,,0,0,,,,,0
26.574715,1779967176.57291,10190,,BS2DCE,,f,0,6,1984,1984,100,1,O,0,0,0,0,2,,,,,,0,0,,,,,0
26.574715,1779967176.57291,10190,,BS2DCE,,f,0,7,1857,1857,100,1,O,0,0,0,0,2,,,,,,0,0,,,,,0
26.657439,1779967176.655634,10191,,BS2DCE,,f,0,0,2287,2287,100,1,O,0,0,0,0,2,,,,,,0,0,,,,,0
26.657439,1779967176.655634,10191,,BS2DCE,,f,0,1,2139,2139,100,1,O,0,0,0,0,2,,,,,,0,0,,,,,0
26.657439,1779967176.655634,10191,,BS2DCE,,f,0,2,1625,1625,100,1,O,0,0,0,0,2,,,,,,0,0,,,,,0
26.657439,1779967176.655634,10191,,BS2DCE,,f,0,3,1832,1832,100,1,O,0,0,0,0,2,,,,,,0,0,,,,,0
26.657439,1779967176.655634,10191,,BS2DCE,,f,0,4,2296,2296,100,1,O,0,0,0,0,2,,,,,,0,0,,,,,0
26.657439,1779967176.655634,10191,,BS2DCE,,f,0,5,2264,2264,100,1,O,0,0,0,0,2,,,,,,0,0,,,,,0
26.657439,1779967176.655634,10191,,BS2DCE,,f,0,6,1860,1860,100,1,O,0,0,0,0,2,,,,,,0,0,,,,,0
26.657439,1779967176.655634,10191,,BS2DCE,,f,0,7,1924,1924,100,1,O,0,0,0,0,2,,,,,,0,0,,,,,0
26.762335,1779967176.76053,10192,,BS2DCE,,f,0,0,2333,2333,100,1,O,0,0,0,0,2,,,,,,0,0,,,,,0
26.762335,1779967176.76053,10192,,BS2DCE,,f,0,1,2097,2097,100,1,O,0,0,0,0,2,,,,,,0,0,,,,,0
26.762335,1779967176.76053,10192,,BS2DCE,,f,0,2,1579,1579,100,1,O,0,0,0,0,2,,,,,,0,0,,,,,0
26.762335,1779967176.76053,10192,,BS2DCE,,f,0,3,1867,1867,100,1,O,0,0,0,0,2,,,,,,0,0,,,,,0
26.762335,1779967176.76053,10192,,BS2DCE,,f,0,4,2369,2369,100,1,O,0,0,0,0,2,,,,,,0,0,,,,,0
26.762335,1779967176.76053,10192,,BS2DCE,,f,0,5,2347,2347,100,1,O,0,0,0,0,2,,,,,,0,0,,,,,0
26.762335,1779967176.76053,10192,,BS2DCE,,f,0,6,1760,1760,100,1,O,0,0,0,0,2,,,,,,0,0,,,,,0
26.762335,1779967176.76053,10192,,BS2DCE,,f,0,7,1967,1967,100,1,O,0,0,0,0,2,,,,,,0,0,,,,,0
26.867394,1779967176.865589,10193,,BS2DCE,,f,0,0,2302,2302,100,1,O,0,0,0,0,2,,,,,,0,0,,,,,0
26.867394,1779967176.865589,10193,,BS2DCE,,f,0,1,2074,2074,100,1,O,0,0,0,0,2,,,,,,0,0,,,,,0
26.867394,1779967176.865589,10193,,BS2DCE,,f,0,2,1578,1578,100,1,O,0,0,0,0,2,,,,,,0,0,,,,,0
26.867394,1779967176.865589,10193,,BS2DCE,,f,0,3,1845,1845,100,1,O,0,0,0,0,2,,,,,,0,0,,,,,0
26.867394,1779967176.865589,10193,,BS2DCE,,f,0,4,2493,2493,100,1,O,0,0,0,0,2,,,,,,0,0,,,,,0
26.867394,1779967176.865589,10193,,BS2DCE,,f,0,5,2279,2279,100,1,O,0,0,0,0,2,,,,,,0,0,,,,,0
26.867394,1779967176.865589,10193,,BS2DCE,,f,0,6,1798,1798,100,1,O,0,0,0,0,2,,,,,,0,0,,,,,0
26.867394,1779967176.865589,10193,,BS2DCE,,f,0,7,1951,1951,100,1,O,0,0,0,0,2,,,,,,0,0,,,,,0
27.004209,1779967177.002404,10194,,BS2DCE,,f,0,0,2313,2313,100,1,O,0,0,0,0,2,,,,,,0,0,,,,,0
27.004209,1779967177.002404,10194,,BS2DCE,,f,0,1,2043,2043,100,1,O,0,0,0,0,2,,,,,,0,0,,,,,0
27.004209,1779967177.002404,10194,,BS2DCE,,f,0,2,1550,1550,100,1,O,0,0,0,0,2,,,,,,0,0,,,,,0
27.004209,1779967177.002404,10194,,BS2DCE,,f,0,3,1929,1929,100,1,O,0,0,0,0,2,,,,,,0,0,,,,,0
27.004209,1779967177.002404,10194,,BS2DCE,,f,0,4,2414,2414,100,1,O,0,0,0,0,2,,,,,,0,0,,,,,0
27.004209,1779967177.002404,10194,,BS2DCE,,f,0,5,2180,2180,100,1,O,0,0,0,0,2,,,,,,0,0,,,,,0
27.004209,1779967177.002404,10194,,BS2DCE,,f,0,6,1800,1800,100,1,O,0,0,0,0,2,,,,,,0,0,,,,,0
27.004209,1779967177.002404,10194,,BS2DCE,,f,0,7,2008,2008,100,1,O,0,0,0,0,2,,,,,,0,0,,,,,0
27.071215,1779967177.06941,10195,,BS2DCE,,f,0,0,2391,2391,100,1,O,0,0,0,0,2,,,,,,0,0,,,,,0
27.071215,1779967177.06941,10195,,BS2DCE,,f,0,1,2096,2096,100,1,O,0,0,0,0,2,,,,,,0,0,,,,,0
27.071215,1779967177.06941,10195,,BS2DCE,,f,0,2,1459,1459,100,1,O,0,0,0,0,2,,,,,,0,0,,,,,0
27.071215,1779967177.06941,10195,,BS2DCE,,f,0,3,1985,1985,100,1,O,0,0,0,0,2,,,,,,0,0,,,,,0
27.071215,1779967177.06941,10195,,BS2DCE,,f,0,4,2523,2523,100,1,O,0,0,0,0,2,,,,,,0,0,,,,,0
27.071215,1779967177.06941,10195,,BS2DCE,,f,0,5,2225,2225,100,1,O,0,0,0,0,2,,,,,,0,0,,,,,0
27.071215,1779967177.06941,10195,,BS2DCE,,f,0,6,1760,1760,100,1,O,0,0,0,0,2,,,,,,0,0,,,,,0
27.071215,1779967177.06941,10195,,BS2DCE,,f,0,7,2020,2020,100,1,O,0,0,0,0,2,,,,,,0,0,,,,,0
27.159818,1779967177.158013,10196,,BS2DCE,,f,0,0,2409,2409,100,1,O,0,0,0,0,2,,,,,,0,0,,,,,0
27.159818,1779967177.158013,10196,,BS2DCE,,f,0,1,2063,2063,100,1,O,0,0,0,0,2,,,,,,0,0,,,,,0
27.159818,1779967177.158013,10196,,BS2DCE,,f,0,2,1423,1423,100,1,O,0,0,0,0,2,,,,,,0,0,,,,,0
27.159818,1779967177.158013,10196,,BS2DCE,,f,0,3,2001,2001,100,1,O,0,0,0,0,2,,,,,,0,0,,,,,0
27.159818,1779967177.158013,10196,,BS2DCE,,f,0,4,2495,2495,100,1,O,0,0,0,0,2,,,,,,0,0,,,,,0
27.159818,1779967177.158013,10196,,BS2DCE,,f,0,5,2137,2137,100,1,O,0,0,0,0,2,,,,,,0,0,,,,,0
27.159818,1779967177.158013,10196,,BS2DCE,,f,0,6,1747,1747,100,1,O,0,0,0,0,2,,,,,,0,0,,,,,0
27.159818,1779967177.158013,10196,,BS2DCE,,f,0,7,2039,2039,100,1,O,0,0,0,0,2,,,,,,0,0,,,,,0
27.257394,1779967177.255589,10197,,BS2DCE,,f,0,0,2423,2423,100,1,O,0,0,0,0,2,,,,,,0,0,,,,,0
27.257394,1779967177.255589,10197,,BS2DCE,,f,0,1,1992,1992,100,1,O,0,0,0,0,2,,,,,,0,0,,,,,0
27.257394,1779967177.255589,10197,,BS2DCE,,f,0,2,1466,1466,100,1,O,0,0,0,0,2,,,,,,0,0,,,,,0
27.257394,1779967177.255589,10197,,BS2DCE,,f,0,3,2009,2009,100,1,O,0,0,0,0,2,,,,,,0,0,,,,,0
27.257394,1779967177.255589,10197,,BS2DCE,,f,0,4,2512,2512,100,1,O,0,0,0,0,2,,,,,,0,0,,,,,0
27.257394,1779967177.255589,10197,,BS2DCE,,f,0,5,2282,2282,100,1,O,0,0,0,0,2,,,,,,0,0,,,,,0
27.257394,1779967177.255589,10197,,BS2DCE,,f,0,6,1740,1740,100,1,O,0,0,0,0,2,,,,,,0,0,,,,,0
27.257394,1779967177.255589,10197,,BS2DCE,,f,0,7,2111,2111,100,1,O,0,0,0,0,2,,,,,,0,0,,,,,0
27.41796,1779967177.416155,10198,,BS2DCE,,f,0,0,2402,2402,100,1,O,0,0,0,0,2,,,,,,0,0,,,,,0
27.41796,1779967177.416155,10198,,BS2DCE,,f,0,1,2074,2074,100,1,O,0,0,0,0,2,,,,,,0,0,,,,,0
27.41796,1779967177.416155,10198,,BS2DCE,,f,0,2,1452,1452,100,1,O,0,0,0,0,2,,,,,,0,0,,,,,0
27.41796,1779967177.416155,10198,,BS2DCE,,f,0,3,2055,2055,100,1,O,0,0,0,0,2,,,,,,0,0,,,,,0
27.41796,1779967177.416155,10198,,BS2DCE,,f,0,4,2611,2611,100,1,O,0,0,0,0,2,,,,,,0,0,,,,,0
27.41796,1779967177.416155,10198,,BS2DCE,,f,0,5,2065,2065,100,1,O,0,0,0,0,2,,,,,,0,0,,,,,0
27.41796,1779967177.416155,10198,,BS2DCE,,f,0,6,1709,1709,100,1,O,0,0,0,0,2,,,,,,0,0,,,,,0
27.41796,1779967177.416155,10198,,BS2DCE,,f,0,7,2113,2113,100,1,O,0,0,0,0,2,,,,,,0,0,,,,,0
27.469223,1779967177.467418,10199,,BS2DCE,,f,0,0,2497,2497,100,1,O,0,0,0,0,2,,,,,,0,0,,,,,0
27.469223,1779967177.467418,10199,,BS2DCE,,f,0,1,2093,2093,100,1,O,0,0,0,0,2,,,,,,0,0,,,,,0
27.469223,1779967177.467418,10199,,BS2DCE,,f,0,2,1411,1411,100,1,O,0,0,0,0,2,,,,,,0,0,,,,,0
27.469223,1779967177.467418,10199,,BS2DCE,,f,0,3,2104,2104,100,1,O,0,0,0,0,2,,,,,,0,0,,,,,0
27.469223,1779967177.467418,10199,,BS2DCE,,f,0,4,2628,2628,100,1,O,0,0,0,0,2,,,,,,0,0,,,,,0
27.469223,1779967177.467418,10199,,BS2DCE,,f,0,5,2021,2021,100,1,O,0,0,0,0,2,,,,,,0,0,,,,,0
27.469223,1779967177.467418,10199,,BS2DCE,,f,0,6,1628,1628,100,1,O,0,0,0,0,2,,,,,,0,0,,,,,0
27.469223,1779967177.467418,10199,,BS2DCE,,f,0,7,2171,2171,100,1,O,0,0,0,0,2,,,,,,0,0,,,,,0
27.572351,1779967177.570546,10200,,BS2DCE,,f,0,0,2531,2531,100,1,O,0,0,0,0,2,,,,,,0,0,,,,,0
27.572351,1779967177.570546,10200,,BS2DCE,,f,0,1,2089,2089,100,1,O,0,0,0,0,2,,,,,,0,0,,,,,0
27.572351,1779967177.570546,10200,,BS2DCE,,f,0,2,1524,1524,100,1,O,0,0,0,0,2,,,,,,0,0,,,,,0
27.572351,1779967177.570546,10200,,BS2DCE,,f,0,3,2193,2193,100,1,O,0,0,0,0,2,,,,,,0,0,,,,,0
27.572351,1779967177.570546,10200,,BS2DCE,,f,0,4,2653,2653,100,1,O,0,0,0,0,2,,,,,,0,0,,,,,0
27.572351,1779967177.570546,10200,,BS2DCE,,f,0,5,2130,2130,100,1,O,0,0,0,0,2,,,,,,0,0,,,,,0
27.572351,1779967177.570546,10200,,BS2DCE,,f,0,6,1670,1670,100,1,O,0,0,0,0,2,,,,,,0,0,,,,,0
27.572351,1779967177.570546,10200,,BS2DCE,,f,0,7,2179,2179,100,1,O,0,0,0,0,2,,,,,,0,0,,,,,0
27.670811,1779967177.669006,10201,,BS2DCE,,f,0,0,2529,2529,100,1,O,0,0,0,0,2,,,,,,0,0,,,,,0
27.670811,1779967177.669006,10201,,BS2DCE,,f,0,1,2464,2464,100,1,O,0,0,0,0,2,,,,,,0,0,,,,,0
27.670811,1779967177.669006,10201,,BS2DCE,,f,0,2,1544,1544,100,1,O,0,0,0,0,2,,,,,,0,0,,,,,0
27.670811,1779967177.669006,10201,,BS2DCE,,f,0,3,2210,2210,100,1,O,0,0,0,0,2,,,,,,0,0,,,,,0
27.670811,1779967177.669006,10201,,BS2DCE,,f,0,4,3305,3305,100,1,O,0,0,0,0,2,,,,,,0,0,,,,,0
27.670811,1779967177.669006,10201,,BS2DCE,,f,0,5,2083,2083,100,1,O,0,0,0,0,2,,,,,,0,0,,,,,0
27.670811,1779967177.669006,10201,,BS2DCE,,f,0,6,1610,1610,100,1,O,0,0,0,0,2,,,,,,0,0,,,,,0
27.670811,1779967177.669006,10201,,BS2DCE,,f,0,7,2197,2197,100,1,O,0,0,0,0,2,,,,,,0,0,,,,,0
27.759924,1779967177.758119,10202,,BS2DCE,,f,0,0,2610,2610,100,1,O,0,0,0,0,2,,,,,,0,0,,,,,0
27.759924,1779967177.758119,10202,,BS2DCE,,f,0,1,2271,2271,100,1,O,0,0,0,0,2,,,,,,0,0,,,,,0
27.759924,1779967177.758119,10202,,BS2DCE,,f,0,2,1654,1654,100,1,O,0,0,0,0,2,,,,,,0,0,,,,,0
27.759924,1779967177.758119,10202,,BS2DCE,,f,0,3,2206,2206,100,1,O,0,0,0,0,2,,,,,,0,0,,,,,0
27.759924,1779967177.758119,10202,,BS2DCE,,f,0,4,2732,2732,100,1,O,0,0,0,0,2,,,,,,0,0,,,,,0
27.759924,1779967177.758119,10202,,BS2DCE,,f,0,5,1941,1941,100,1,O,0,0,0,0,2,,,,,,0,0,,,,,0
27.759924,1779967177.758119,10202,,BS2DCE,,f,0,6,1584,1584,100,1,O,0,0,0,0,2,,,,,,0,0,,,,,0
27.759924,1779967177.758119,10202,,BS2DCE,,f,0,7,2238,2238,100,1,O,0,0,0,0,2,,,,,,0,0,,,,,0
27.85744,1779967177.855635,10203,,BS2DCE,,f,0,0,2616,2616,100,1,O,0,0,0,0,2,,,,,,0,0,,,,,0
27.85744,1779967177.855635,10203,,BS2DCE,,f,0,1,2060,2060,100,1,O,0,0,0,0,2,,,,,,0,0,,,,,0
27.85744,1779967177.855635,10203,,BS2DCE,,f,0,2,1563,1563,100,1,O,0,0,0,0,2,,,,,,0,0,,,,,0
27.85744,1779967177.855635,10203,,BS2DCE,,f,0,3,2250,2250,100,1,O,0,0,0,0,2,,,,,,0,0,,,,,0
27.85744,1779967177.855635,10203,,BS2DCE,,f,0,4,2595,2595,100,1,O,0,0,0,0,2,,,,,,0,0,,,,,0
27.85744,1779967177.855635,10203,,BS2DCE,,f,0,5,1760,1760,100,1,O,0,0,0,0,2,,,,,,0,0,,,,,0
27.85744,1779967177.855635,10203,,BS2DCE,,f,0,6,1616,1616,100,1,O,0,0,0,0,2,,,,,,0,0,,,,,0
27.85744,1779967177.855635,10203,,BS2DCE,,f,0,7,2219,2219,100,1,O,0,0,0,0,2,,,,,,0,0,,,,,0
27.96318,1779967177.961375,10204,,BS2DCE,,f,0,0,2712,2712,100,1,O,0,0,0,0,2,,,,,,0,0,,,,,0
27.96318,1779967177.961375,10204,,BS2DCE,,f,0,1,2004,2004,100,1,O,0,0,0,0,2,,,,,,0,0,,,,,0
27.96318,1779967177.961375,10204,,BS2DCE,,f,0,2,1593,1593,100,1,O,0,0,0,0,2,,,,,,0,0,,,,,0
27.96318,1779967177.961375,10204,,BS2DCE,,f,0,3,2242,2242,100,1,O,0,0,0,0,2,,,,,,0,0,,,,,0
27.96318,1779967177.961375,10204,,BS2DCE,,f,0,4,2587,2587,100,1,O,0,0,0,0,2,,,,,,0,0,,,,,0
27.96318,1779967177.961375,10204,,BS2DCE,,f,0,5,1899,1899,100,1,O,0,0,0,0,2,,,,,,0,0,,,,,0
27.96318,1779967177.961375,10204,,BS2DCE,,f,0,6,1618,1618,100,1,O,0,0,0,0,2,,,,,,0,0,,,,,0
27.96318,1779967177.961375,10204,,BS2DCE,,f,0,7,2229,2229,100,1,O,0,0,0,0,2,,,,,,0,0,,,,,0
28.082344,1779967178.080539,10205,,BS2DCE,,f,0,0,2900,2900,100,1,O,0,0,0,0,2,,,,,,0,0,,,,,0
28.082344,1779967178.080539,10205,,BS2DCE,,f,0,1,1898,1898,100,1,O,0,0,0,0,2,,,,,,0,0,,,,,0
28.082344,1779967178.080539,10205,,BS2DCE,,f,0,2,1521,1521,100,1,O,0,0,0,0,2,,,,,,0,0,,,,,0
28.082344,1779967178.080539,10205,,BS2DCE,,f,0,3,2364,2364,100,1,O,0,0,0,0,2,,,,,,0,0,,,,,0
28.082344,1779967178.080539,10205,,BS2DCE,,f,0,4,2476,2476,100,1,O,0,0,0,0,2,,,,,,0,0,,,,,0
28.082344,1779967178.080539,10205,,BS2DCE,,f,0,5,1816,1816,100,1,O,0,0,0,0,2,,,,,,0,0,,,,,0
28.082344,1779967178.080539,10205,,BS2DCE,,f,0,6,1556,1556,100,1,O,0,0,0,0,2,,,,,,0,0,,,,,0
28.082344,1779967178.080539,10205,,BS2DCE,,f,0,7,2292,2292,100,1,O,0,0,0,0,2,,,,,,0,0,,,,,0
28.172454,1779967178.170649,10206,,BS2DCE,,f,0,0,2863,2863,100,1,O,0,0,0,0,2,,,,,,0,0,,,,,0
28.172454,1779967178.170649,10206,,BS2DCE,,f,0,1,1883,1883,100,1,O,0,0,0,0,2,,,,,,0,0,,,,,0
28.172454,1779967178.170649,10206,,BS2DCE,,f,0,2,1639,1639,100,1,O,0,0,0,0,2,,,,,,0,0,,,,,0
28.172454,1779967178.170649,10206,,BS2DCE,,f,0,3,2396,2396,100,1,O,0,0,0,0,2,,,,,,0,0,,,,,0
28.172454,1779967178.170649,10206,,BS2DCE,,f,0,4,2475,2475,100,1,O,0,0,0,0,2,,,,,,0,0,,,,,0
28.172454,1779967178.170649,10206,,BS2DCE,,f,0,5,1790,1790,100,1,O,0,0,0,0,2,,,,,,0,0,,,,,0
28.172454,1779967178.170649,10206,,BS2DCE,,f,0,6,1689,1689,100,1,O,0,0,0,0,2,,,,,,0,0,,,,,0
28.172454,1779967178.170649,10206,,BS2DCE,,f,0,7,2260,2260,100,1,O,0,0,0,0,2,,,,,,0,0,,,,,0
28.270369,1779967178.268564,10207,,BS2DCE,,f,0,0,2726,2726,100,1,O,0,0,0,0,2,,,,,,0,0,,,,,0
28.270369,1779967178.268564,10207,,BS2DCE,,f,0,1,1797,1797,100,1,O,0,0,0,0,2,,,,,,0,0,,,,,0
28.270369,1779967178.268564,10207,,BS2DCE,,f,0,2,1662,1662,100,1,O,0,0,0,0,2,,,,,,0,0,,,,,0
28.270369,1779967178.268564,10207,,BS2DCE,,f,0,3,2381,2381,100,1,O,0,0,0,0,2,,,,,,0,0,,,,,0
28.270369,1779967178.268564,10207,,BS2DCE,,f,0,4,2396,2396,100,1,O,0,0,0,0,2,,,,,,0,0,,,,,0
28.270369,1779967178.268564,10207,,BS2DCE,,f,0,5,1687,1687,100,1,O,0,0,0,0,2,,,,,,0,0,,,,,0
28.270369,1779967178.268564,10207,,BS2DCE,,f,0,6,1668,1668,100,1,O,0,0,0,0,2,,,,,,0,0,,,,,0
28.270369,1779967178.268564,10207,,BS2DCE,,f,0,7,2349,2349,100,1,O,0,0,0,0,2,,,,,,0,0,,,,,0
28.476291,1779967178.474486,10208,,BS2DCE,,f,0,0,2665,2665,100,1,O,0,0,0,0,2,,,,,,0,0,,,,,0
28.476291,1779967178.474486,10208,,BS2DCE,,f,0,1,1844,1844,100,1,O,0,0,0,0,2,,,,,,0,0,,,,,0
28.476291,1779967178.474486,10208,,BS2DCE,,f,0,2,1714,1714,100,1,O,0,0,0,0,2,,,,,,0,0,,,,,0
28.476291,1779967178.474486,10208,,BS2DCE,,f,0,3,2435,2435,100,1,O,0,0,0,0,2,,,,,,0,0,,,,,0
28.476291,1779967178.474486,10208,,BS2DCE,,f,0,4,2351,2351,100,1,O,0,0,0,0,2,,,,,,0,0,,,,,0
28.476291,1779967178.474486,10208,,BS2DCE,,f,0,5,1645,1645,100,1,O,0,0,0,0,2,,,,,,0,0,,,,,0
28.476291,1779967178.474486,10208,,BS2DCE,,f,0,6,1691,1691,100,1,O,0,0,0,0,2,,,,,,0,0,,,,,0
28.476291,1779967178.474486,10208,,BS2DCE,,f,0,7,2353,2353,100,1,O,0,0,0,0,2,,,,,,0,0,,,,,0
28.48117,1779967178.479365,10209,,BS2DCE,,f,0,0,2641,2641,100,1,O,0,0,0,0,2,,,,,,0,0,,,,,0
28.48117,1779967178.479365,10209,,BS2DCE,,f,0,1,1814,1814,100,1,O,0,0,0,0,2,,,,,,0,0,,,,,0
28.48117,1779967178.479365,10209,,BS2DCE,,f,0,2,1763,1763,100,1,O,0,0,0,0,2,,,,,,0,0,,,,,0
28.48117,1779967178.479365,10209,,BS2DCE,,f,0,3,2475,2475,100,1,O,0,0,0,0,2,,,,,,0,0,,,,,0
28.48117,1779967178.479365,10209,,BS2DCE,,f,0,4,2337,2337,100,1,O,0,0,0,0,2,,,,,,0,0,,,,,0
28.48117,1779967178.479365,10209,,BS2DCE,,f,0,5,1590,1590,100,1,O,0,0,0,0,2,,,,,,0,0,,,,,0
28.48117,1779967178.479365,10209,,BS2DCE,,f,0,6,1807,1807,100,1,O,0,0,0,0,2,,,,,,0,0,,,,,0
28.48117,1779967178.479365,10209,,BS2DCE,,f,0,7,2404,2404,100,1,O,0,0,0,0,2,,,,,,0,0,,,,,0
28.57721,1779967178.575405,10210,,BS2DCE,,f,0,0,0,2641,95,0,T,0,0,0,0,2,,,,,,0,0,,,,,0
28.57721,1779967178.575405,10210,,BS2DCE,,f,0,1,1893,1893,100,1,O,0,0,0,0,2,,,,,,0,0,,,,,0
28.57721,1779967178.575405,10210,,BS2DCE,,f,0,2,1769,1769,100,1,O,0,0,0,0,2,,,,,,0,0,,,,,0
28.57721,1779967178.575405,10210,,BS2DCE,,f,0,3,2484,2484,100,1,O,0,0,0,0,2,,,,,,0,0,,,,,0
28.57721,1779967178.575405,10210,,BS2DCE,,f,0,4,2228,2228,100,1,O,0,0,0,0,2,,,,,,0,0,,,,,0
28.57721,1779967178.575405,10210,,BS2DCE,,f,0,5,1443,1443,100,1,O,0,0,0,0,2,,,,,,0,0,,,,,0
28.57721,1779967178.575405,10210,,BS2DCE,,f,0,6,1782,1782,100,1,O,0,0,0,0,2,,,,,,0,0,,,,,0
28.57721,1779967178.575405,10210,,BS2DCE,,f,0,7,2436,2436,100,1,O,0,0,0,0,2,,,,,,0,0,,,,,0
28.685604,1779967178.683799,10211,,BS2DCE,,f,0,0,2494,2494,95,1,O,0,0,0,0,2,,,,,,0,0,,,,,0
28.685604,1779967178.683799,10211,,BS2DCE,,f,0,1,1870,1870,100,1,O,0,0,0,0,2,,,,,,0,0,,,,,0
28.685604,1779967178.683799,10211,,BS2DCE,,f,0,2,1859,1859,100,1,O,0,0,0,0,2,,,,,,0,0,,,,,0
28.685604,1779967178.683799,10211,,BS2DCE,,f,0,3,2499,2499,100,1,O,0,0,0,0,2,,,,,,0,0,,,,,0
28.685604,1779967178.683799,10211,,BS2DCE,,f,0,4,2199,2199,100,1,O,0,0,0,0,2,,,,,,0,0,,,,,0
28.685604,1779967178.683799,10211,,BS2DCE,,f,0,5,1692,1692,100,1,O,0,0,0,0,2,,,,,,0,0,,,,,0
28.685604,1779967178.683799,10211,,BS2DCE,,f,0,6,1734,1734,100,1,O,0,0,0,0,2,,,,,,0,0,,,,,0
28.685604,1779967178.683799,10211,,BS2DCE,,f,0,7,2418,2418,100,1,O,0,0,0,0,2,,,,,,0,0,,,,,0
28.802898,1779967178.801093,10212,,BS2DCE,,f,0,0,2464,2464,95,1,O,0,0,0,0,2,,,,,,0,0,,,,,0
28.802898,1779967178.801093,10212,,BS2DCE,,f,0,1,1957,1957,100,1,O,0,0,0,0,2,,,,,,0,0,,,,,0
28.802898,1779967178.801093,10212,,BS2DCE,,f,0,2,1950,1950,100,1,O,0,0,0,0,2,,,,,,0,0,,,,,0
28.802898,1779967178.801093,10212,,BS2DCE,,f,0,3,2636,2636,100,1,O,0,0,0,0,2,,,,,,0,0,,,,,0
28.802898,1779967178.801093,10212,,BS2DCE,,f,0,4,2096,2096,100,1,O,0,0,0,0,2,,,,,,0,0,,,,,0
28.802898,1779967178.801093,10212,,BS2DCE,,f,0,5,1650,1650,100,1,O,0,0,0,0,2,,,,,,0,0,,,,,0
28.802898,1779967178.801093,10212,,BS2DCE,,f,0,6,1814,1814,100,1,O,0,0,0,0,2,,,,,,0,0,,,,,0
28.802898,1779967178.801093,10212,,BS2DCE,,f,0,7,2337,2337,100,1,O,0,0,0,0,2,,,,,,0,0,,,,,0
28.869888,1779967178.868083,10213,,BS2DCE,,f,0,0,2395,2395,95,1,O,0,0,0,0,2,,,,,,0,0,,,,,0
28.869888,1779967178.868083,10213,,BS2DCE,,f,0,1,2005,2005,100,1,O,0,0,0,0,2,,,,,,0,0,,,,,0
28.869888,1779967178.868083,10213,,BS2DCE,,f,0,2,1986,1986,100,1,O,0,0,0,0,2,,,,,,0,0,,,,,0
28.869888,1779967178.868083,10213,,BS2DCE,,f,0,3,2740,2740,100,1,O,0,0,0,0,2,,,,,,0,0,,,,,0
28.869888,1779967178.868083,10213,,BS2DCE,,f,0,4,2092,2092,100,1,O,0,0,0,0,2,,,,,,0,0,,,,,0
28.869888,1779967178.868083,10213,,BS2DCE,,f,0,5,1642,1642,100,1,O,0,0,0,0,2,,,,,,0,0,,,,,0
28.869888,1779967178.868083,10213,,BS2DCE,,f,0,6,1813,1813,100,1,O,0,0,0,0,2,,,,,,0,0,,,,,0
28.869888,1779967178.868083,10213,,BS2DCE,,f,0,7,2385,2385,100,1,O,0,0,0,0,2,,,,,,0,0,,,,,0
28.961184,1779967178.959379,10214,,BS2DCE,,f,0,0,2338,2338,96,1,O,0,0,0,0,2,,,,,,0,0,,,,,0
28.961184,1779967178.959379,10214,,BS2DCE,,f,0,1,2000,2000,100,1,O,0,0,0,0,2,,,,,,0,0,,,,,0
28.961184,1779967178.959379,10214,,BS2DCE,,f,0,2,2081,2081,100,1,O,0,0,0,0,2,,,,,,0,0,,,,,0
28.961184,1779967178.959379,10214,,BS2DCE,,f,0,3,2614,2614,100,1,O,0,0,0,0,2,,,,,,0,0,,,,,0
28.961184,1779967178.959379,10214,,BS2DCE,,f,0,4,2031,2031,100,1,O,0,0,0,0,2,,,,,,0,0,,,,,0
28.961184,1779967178.959379,10214,,BS2DCE,,f,0,5,1721,1721,100,1,O,0,0,0,0,2,,,,,,0,0,,,,,0
28.961184,1779967178.959379,10214,,BS2DCE,,f,0,6,1895,1895,100,1,O,0,0,0,0,2,,,,,,0,0,,,,,0
28.961184,1779967178.959379,10214,,BS2DCE,,f,0,7,2218,2218,100,1,O,0,0,0,0,2,,,,,,0,0,,,,,0
29.079938,1779967179.078133,10215,,BS2DCE,,f,0,0,2242,2242,96,1,O,0,0,0,0,2,,,,,,0,0,,,,,0
29.079938,1779967179.078133,10215,,BS2DCE,,f,0,1,2061,2061,100,1,O,0,0,0,0,2,,,,,,0,0,,,,,0
29.079938,1779967179.078133,10215,,BS2DCE,,f,0,2,2140,2140,100,1,O,0,0,0,0,2,,,,,,0,0,,,,,0
29.079938,1779967179.078133,10215,,BS2DCE,,f,0,3,2493,2493,100,1,O,0,0,0,0,2,,,,,,0,0,,,,,0
29.079938,1779967179.078133,10215,,BS2DCE,,f,0,4,1970,1970,100,1,O,0,0,0,0,2,,,,,,0,0,,,,,0
29.079938,1779967179.078133,10215,,BS2DCE,,f,0,5,1554,1554,100,1,O,0,0,0,0,2,,,,,,0,0,,,,,0
29.079938,1779967179.078133,10215,,BS2DCE,,f,0,6,1957,1957,100,1,O,0,0,0,0,2,,,,,,0,0,,,,,0
29.079938,1779967179.078133,10215,,BS2DCE,,f,0,7,2166,2166,100,1,O,0,0,0,0,2,,,,,,0,0,,,,,0
29.162176,1779967179.160371,10216,,BS2DCE,,f,0,0,2231,2231,96,1,O,0,0,0,0,2,,,,,,0,0,,,,,0
29.162176,1779967179.160371,10216,,BS2DCE,,f,0,1,2037,2037,100,1,O,0,0,0,0,2,,,,,,0,0,,,,,0
29.162176,1779967179.160371,10216,,BS2DCE,,f,0,2,2213,2213,100,1,O,0,0,0,0,2,,,,,,0,0,,,,,0
29.162176,1779967179.160371,10216,,BS2DCE,,f,0,3,2553,2553,100,1,O,0,0,0,0,2,,,,,,0,0,,,,,0
29.162176,1779967179.160371,10216,,BS2DCE,,f,0,4,1927,1927,100,1,O,0,0,0,0,2,,,,,,0,0,,,,,0
29.162176,1779967179.160371,10216,,BS2DCE,,f,0,5,1699,1699,100,1,O,0,0,0,0,2,,,,,,0,0,,,,,0
29.162176,1779967179.160371,10216,,BS2DCE,,f,0,6,1994,1994,100,1,O,0,0,0,0,2,,,,,,0,0,,,,,0
29.162176,1779967179.160371,10216,,BS2DCE,,f,0,7,2016,2016,100,1,O,0,0,0,0,2,,,,,,0,0,,,,,0
29.267478,1779967179.265673,10217,,BS2DCE,,f,0,0,2129,2129,96,1,O,0,0,0,0,2,,,,,,0,0,,,,,0
29.267478,1779967179.265673,10217,,BS2DCE,,f,0,1,2101,2101,100,1,O,0,0,0,0,2,,,,,,0,0,,,,,0
29.267478,1779967179.265673,10217,,BS2DCE,,f,0,2,2270,2270,100,1,O,0,0,0,0,2,,,,,,0,0,,,,,0
29.267478,1779967179.265673,10217,,BS2DCE,,f,0,3,2713,2713,100,1,O,0,0,0,0,2,,,,,,0,0,,,,,0
29.267478,1779967179.265673,10217,,BS2DCE,,f,0,4,1784,1784,100,1,O,0,0,0,0,2,,,,,,0,0,,,,,0
29.267478,1779967179.265673,10217,,BS2DCE,,f,0,5,1833,1833,100,1,O,0,0,0,0,2,,,,,,0,0,,,,,0
29.267478,1779967179.265673,10217,,BS2DCE,,f,0,6,2008,2008,100,1,O,0,0,0,0,2,,,,,,0,0,,,,,0
29.267478,1779967179.265673,10217,,BS2DCE,,f,0,7,2022,2022,100,1,O,0,0,0,0,2,,,,,,0,0,,,,,0
29.419662,1779967179.417857,10218,,BS2DCE,,f,0,0,2142,2142,96,1,O,0,0,0,0,2,,,,,,0,0,,,,,0
29.419662,1779967179.417857,10218,,BS2DCE,,f,0,1,2181,2181,100,1,O,0,0,0,0,2,,,,,,0,0,,,,,0
29.419662,1779967179.417857,10218,,BS2DCE,,f,0,2,2266,2266,100,1,O,0,0,0,0,2,,,,,,0,0,,,,,0
29.419662,1779967179.417857,10218,,BS2DCE,,f,0,3,2284,2284,100,1,O,0,0,0,0,2,,,,,,0,0,,,,,0
29.419662,1779967179.417857,10218,,BS2DCE,,f,0,4,1707,1707,100,1,O,0,0,0,0,2,,,,,,0,0,,,,,0
29.419662,1779967179.417857,10218,,BS2DCE,,f,0,5,1873,1873,100,1,O,0,0,0,0,2,,,,,,0,0,,,,,0
29.419662,1779967179.417857,10218,,BS2DCE,,f,0,6,2031,2031,100,1,O,0,0,0,0,2,,,,,,0,0,,,,,0
29.419662,1779967179.417857,10218,,BS2DCE,,f,0,7,1883,1883,100,1,O,0,0,0,0,2,,,,,,0,0,,,,,0
29.469642,1779967179.467837,10219,,BS2DCE,,f,0,0,2133,2133,96,1,O,0,0,0,0,2,,,,,,0,0,,,,,0
29.469642,1779967179.467837,10219,,BS2DCE,,f,0,1,2161,2161,100,1,O,0,0,0,0,2,,,,,,0,0,,,,,0
29.469642,1779967179.467837,10219,,BS2DCE,,f,0,2,2312,2312,100,1,O,0,0,0,0,2,,,,,,0,0,,,,,0
29.469642,1779967179.467837,10219,,BS2DCE,,f,0,3,2252,2252,100,1,O,0,0,0,0,2,,,,,,0,0,,,,,0
29.469642,1779967179.467837,10219,,BS2DCE,,f,0,4,1670,1670,100,1,O,0,0,0,0,2,,,,,,0,0,,,,,0
29.469642,1779967179.467837,10219,,BS2DCE,,f,0,5,1903,1903,100,1,O,0,0,0,0,2,,,,,,0,0,,,,,0
29.469642,1779967179.467837,10219,,BS2DCE,,f,0,6,2090,2090,100,1,O,0,0,0,0,2,,,,,,0,0,,,,,0
29.469642,1779967179.467837,10219,,BS2DCE,,f,0,7,1898,1898,100,1,O,0,0,0,0,2,,,,,,0,0,,,,,0
29.57479,1779967179.572985,10220,,BS2DCE,,f,0,0,2136,2136,96,1,O,0,0,0,0,2,,,,,,0,0,,,,,0
29.57479,1779967179.572985,10220,,BS2DCE,,f,0,1,2547,2547,100,1,O,0,0,0,0,2,,,,,,0,0,,,,,0
29.57479,1779967179.572985,10220,,BS2DCE,,f,0,2,2337,2337,100,1,O,0,0,0,0,2,,,,,,0,0,,,,,0
29.57479,1779967179.572985,10220,,BS2DCE,,f,0,3,2171,2171,100,1,O,0,0,0,0,2,,,,,,0,0,,,,,0
29.57479,1779967179.572985,10220,,BS2DCE,,f,0,4,1669,1669,100,1,O,0,0,0,0,2,,,,,,0,0,,,,,0
29.57479,1779967179.572985,10220,,BS2DCE,,f,0,5,2020,2020,100,1,O,0,0,0,0,2,,,,,,0,0,,,,,0
29.57479,1779967179.572985,10220,,BS2DCE,,f,0,6,2175,2175,100,1,O,0,0,0,0,2,,,,,,0,0,,,,,0
29.57479,1779967179.572985,10220,,BS2DCE,,f,0,7,1861,1861,100,1,O,0,0,0,0,2,,,,,,0,0,,,,,0
29.657344,1779967179.655539,10221,,BS2DCE,,f,0,0,2045,2045,96,1,O,0,0,0,0,2,,,,,,0,0,,,,,0
29.657344,1779967179.655539,10221,,BS2DCE,,f,0,1,2466,2466,100,1,O,0,0,0,0,2,,,,,,0,0,,,,,0
29.657344,1779967179.655539,10221,,BS2DCE,,f,0,2,2418,2418,100,1,O,0,0,0,0,2,,,,,,0,0,,,,,0
29.657344,1779967179.655539,10221,,BS2DCE,,f,0,3,2210,2210,100,1,O,0,0,0,0,2,,,,,,0,0,,,,,0
29.657344,1779967179.655539,10221,,BS2DCE,,f,0,4,1715,1715,100,1,O,0,0,0,0,2,,,,,,0,0,,,,,0
29.657344,1779967179.655539,10221,,BS2DCE,,f,0,5,2131,2131,100,1,O,0,0,0,0,2,,,,,,0,0,,,,,0
29.657344,1779967179.655539,10221,,BS2DCE,,f,0,6,2141,2141,100,1,O,0,0,0,0,2,,,,,,0,0,,,,,0
29.657344,1779967179.655539,10221,,BS2DCE,,f,0,7,1869,1869,100,1,O,0,0,0,0,2,,,,,,0,0,,,,,0
29.762184,1779967179.760379,10222,,BS2DCE,,f,0,0,2089,2089,100,1,O,0,0,0,0,2,,,,,,0,0,,,,,0
29.762184,1779967179.760379,10222,,BS2DCE,,f,0,1,2480,2480,100,1,O,0,0,0,0,2,,,,,,0,0,,,,,0
29.762184,1779967179.760379,10222,,BS2DCE,,f,0,2,3226,3226,100,1,O,0,0,0,0,2,,,,,,0,0,,,,,0
29.762184,1779967179.760379,10222,,BS2DCE,,f,0,3,2110,2110,100,1,O,0,0,0,0,2,,,,,,0,0,,,,,0
29.762184,1779967179.760379,10222,,BS2DCE,,f,0,4,2324,2324,100,1,O,0,0,0,0,2,,,,,,0,0,,,,,0
29.762184,1779967179.760379,10222,,BS2DCE,,f,0,5,2139,2139,100,1,O,0,0,0,0,2,,,,,,0,0,,,,,0
29.762184,1779967179.760379,10222,,BS2DCE,,f,0,6,2230,2230,100,1,O,0,0,0,0,2,,,,,,0,0,,,,,0
29.762184,1779967179.760379,10222,,BS2DCE,,f,0,7,1781,1781,100,1,O,0,0,0,0,2,,,,,,0,0,,,,,0
29.883171,1779967179.881366,10223,,BS2DCE,,f,0,0,2013,2013,100,1,O,0,0,0,0,2,,,,,,0,0,,,,,0
29.883171,1779967179.881366,10223,,BS2DCE,,f,0,1,2425,2425,100,1,O,0,0,0,0,2,,,,,,0,0,,,,,0
29.883171,1779967179.881366,10223,,BS2DCE,,f,0,2,2552,2552,100,1,O,0,0,0,0,2,,,,,,0,0,,,,,0
29.883171,1779967179.881366,10223,,BS2DCE,,f,0,3,2043,2043,100,1,O,0,0,0,0,2,,,,,,0,0,,,,,0
29.883171,1779967179.881366,10223,,BS2DCE,,f,0,4,1809,1809,100,1,O,0,0,0,0,2,,,,,,0,0,,,,,0
29.883171,1779967179.881366,10223,,BS2DCE,,f,0,5,2174,2174,100,1,O,0,0,0,0,2,,,,,,0,0,,,,,0
29.883171,1779967179.881366,10223,,BS2DCE,,f,0,6,2216,2216,100,1,O,0,0,0,0,2,,,,,,0,0,,,,,0
29.883171,1779967179.881366,10223,,BS2DCE,,f,0,7,1862,1862,100,1,O,0,0,0,0,2,,,,,,0,0,,,,,0
29.97221,1779967179.970405,10224,,BS2DCE,,f,0,0,1917,1917,100,1,O,0,0,0,0,2,,,,,,0,0,,,,,0
29.97221,1779967179.970405,10224,,BS2DCE,,f,0,1,2426,2426,100,1,O,0,0,0,0,2,,,,,,0,0,,,,,0
29.97221,1779967179.970405,10224,,BS2DCE,,f,0,2,2347,2347,100,1,O,0,0,0,0,2,,,,,,0,0,,,,,0
29.97221,1779967179.970405,10224,,BS2DCE,,f,0,3,1921,1921,100,1,O,0,0,0,0,2,,,,,,0,0,,,,,0
29.97221,1779967179.970405,10224,,BS2DCE,,f,0,4,1656,1656,100,1,O,0,0,0,0,2,,,,,,0,0,,,,,0
29.97221,1779967179.970405,10224,,BS2DCE,,f,0,5,2181,2181,100,1,O,0,0,0,0,2,,,,,,0,0,,,,,0
29.97221,1779967179.970405,10224,,BS2DCE,,f,0,6,2261,2261,100,1,O,0,0,0,0,2,,,,,,0,0,,,,,0
29.97221,1779967179.970405,10224,,BS2DCE,,f,0,7,1743,1743,100,1,O,0,0,0,0,2,,,,,,0,0,,,,,0
30.069852,1779967180.068047,10225,,BS2DCE,,f,0,0,1924,1924,100,1,O,0,0,0,0,2,,,,,,0,0,,,,,0
30.069852,1779967180.068047,10225,,BS2DCE,,f,0,1,2360,2360,100,1,O,0,0,0,0,2,,,,,,0,0,,,,,0
30.069852,1779967180.068047,10225,,BS2DCE,,f,0,2,2261,2261,100,1,O,0,0,0,0,2,,,,,,0,0,,,,,0
30.069852,1779967180.068047,10225,,BS2DCE,,f,0,3,1871,1871,100,1,O,0,0,0,0,2,,,,,,0,0,,,,,0
30.069852,1779967180.068047,10225,,BS2DCE,,f,0,4,1709,1709,100,1,O,0,0,0,0,2,,,,,,0,0,,,,,0
30.069852,1779967180.068047,10225,,BS2DCE,,f,0,5,2313,2313,100,1,O,0,0,0,0,2,,,,,,0,0,,,,,0
30.069852,1779967180.068047,10225,,BS2DCE,,f,0,6,2268,2268,100,1,O,0,0,0,0,2,,,,,,0,0,,,,,0
30.069852,1779967180.068047,10225,,BS2DCE,,f,0,7,1757,1757,100,1,O,0,0,0,0,2,,,,,,0,0,,,,,0
30.159748,1779967180.157943,10226,,BS2DCE,,f,0,0,1928,1928,100,1,O,0,0,0,0,2,,,,,,0,0,,,,,0
30.159748,1779967180.157943,10226,,BS2DCE,,f,0,1,2420,2420,100,1,O,0,0,0,0,2,,,,,,0,0,,,,,0
30.159748,1779967180.157943,10226,,BS2DCE,,f,0,2,2295,2295,100,1,O,0,0,0,0,2,,,,,,0,0,,,,,0
30.159748,1779967180.157943,10226,,BS2DCE,,f,0,3,1753,1753,100,1,O,0,0,0,0,2,,,,,,0,0,,,,,0
30.159748,1779967180.157943,10226,,BS2DCE,,f,0,4,1753,1753,100,1,O,0,0,0,0,2,,,,,,0,0,,,,,0
30.159748,1779967180.157943,10226,,BS2DCE,,f,0,5,2430,2430,100,1,O,0,0,0,0,2,,,,,,0,0,,,,,0
30.159748,1779967180.157943,10226,,BS2DCE,,f,0,6,2249,2249,100,1,O,0,0,0,0,2,,,,,,0,0,,,,,0
30.159748,1779967180.157943,10226,,BS2DCE,,f,0,7,1674,1674,100,1,O,0,0,0,0,2,,,,,,0,0,,,,,0
30.257375,1779967180.25557,10227,,BS2DCE,,f,0,0,1938,1938,100,1,O,0,0,0,0,2,,,,,,0,0,,,,,0
30.257375,1779967180.25557,10227,,BS2DCE,,f,0,1,2462,2462,100,1,O,0,0,0,0,2,,,,,,0,0,,,,,0
30.257375,1779967180.25557,10227,,BS2DCE,,f,0,2,2292,2292,100,1,O,0,0,0,0,2,,,,,,0,0,,,,,0
30.257375,1779967180.25557,10227,,BS2DCE,,f,0,3,1722,1722,100,1,O,0,0,0,0,2,,,,,,0,0,,,,,0
30.257375,1779967180.25557,10227,,BS2DCE,,f,0,4,1866,1866,100,1,O,0,0,0,0,2,,,,,,0,0,,,,,0
30.257375,1779967180.25557,10227,,BS2DCE,,f,0,5,2459,2459,100,1,O,0,0,0,0,2,,,,,,0,0,,,,,0
30.257375,1779967180.25557,10227,,BS2DCE,,f,0,6,2243,2243,100,1,O,0,0,0,0,2,,,,,,0,0,,,,,0
30.257375,1779967180.25557,10227,,BS2DCE,,f,0,7,1659,1659,100,1,O,0,0,0,0,2,,,,,,0,0,,,,,0
30.417051,1779967180.415246,10228,,BS2DCE,,f,0,0,1937,1937,100,1,O,0,0,0,0,2,,,,,,0,0,,,,,0
30.417051,1779967180.415246,10228,,BS2DCE,,f,0,1,2648,2648,100,1,O,0,0,0,0,2,,,,,,0,0,,,,,0
30.417051,1779967180.415246,10228,,BS2DCE,,f,0,2,2237,2237,100,1,O,0,0,0,0,2,,,,,,0,0,,,,,0
30.417051,1779967180.415246,10228,,BS2DCE,,f,0,3,1668,1668,100,1,O,0,0,0,0,2,,,,,,0,0,,,,,0
30.417051,1779967180.415246,10228,,BS2DCE,,f,0,4,1831,1831,100,1,O,0,0,0,0,2,,,,,,0,0,,,,,0
30.417051,1779967180.415246,10228,,BS2DCE,,f,0,5,2412,2412,100,1,O,0,0,0,0,2,,,,,,0,0,,,,,0
30.417051,1779967180.415246,10228,,BS2DCE,,f,0,6,2238,2238,100,1,O,0,0,0,0,2,,,,,,0,0,,,,,0
30.417051,1779967180.415246,10228,,BS2DCE,,f,0,7,1687,1687,100,1,O,0,0,0,0,2,,,,,,0,0,,,,,0
30.467179,1779967180.465374,10229,,BS2DCE,,f,0,0,2072,2072,100,1,O,0,0,0,0,2,,,,,,0,0,,,,,0
30.467179,1779967180.465374,10229,,BS2DCE,,f,0,1,2694,2694,100,1,O,0,0,0,0,2,,,,,,0,0,,,,,0
30.467179,1779967180.465374,10229,,BS2DCE,,f,0,2,2125,2125,100,1,O,0,0,0,0,2,,,,,,0,0,,,,,0
30.467179,1779967180.465374,10229,,BS2DCE,,f,0,3,1660,1660,100,1,O,0,0,0,0,2,,,,,,0,0,,,,,0
30.467179,1779967180.465374,10229,,BS2DCE,,f,0,4,1872,1872,100,1,O,0,0,0,0,2,,,,,,0,0,,,,,0
30.467179,1779967180.465374,10229,,BS2DCE,,f,0,5,2351,2351,100,1,O,0,0,0,0,2,,,,,,0,0,,,,,0
30.467179,1779967180.465374,10229,,BS2DCE,,f,0,6,2119,2119,100,1,O,0,0,0,0,2,,,,,,0,0,,,,,0
30.467179,1779967180.465374,10229,,BS2DCE,,f,0,7,1643,1643,100,1,O,0,0,0,0,2,,,,,,0,0,,,,,0
30.616564,1779967180.614759,10230,,BS2DCE,,f,0,0,2091,2091,100,1,O,0,0,0,0,2,,,,,,0,0,,,,,0
30.616564,1779967180.614759,10230,,BS2DCE,,f,0,1,2632,2632,100,1,O,0,0,0,0,2,,,,,,0,0,,,,,0
30.616564,1779967180.614759,10230,,BS2DCE,,f,0,2,2041,2041,100,1,O,0,0,0,0,2,,,,,,0,0,,,,,0
30.616564,1779967180.614759,10230,,BS2DCE,,f,0,3,1608,1608,100,1,O,0,0,0,0,2,,,,,,0,0,,,,,0
30.616564,1779967180.614759,10230,,BS2DCE,,f,0,4,1924,1924,100,1,O,0,0,0,0,2,,,,,,0,0,,,,,0
30.616564,1779967180.614759,10230,,BS2DCE,,f,0,5,2458,2458,100,1,O,0,0,0,0,2,,,,,,0,0,,,,,0
30.616564,1779967180.614759,10230,,BS2DCE,,f,0,6,2184,2184,100,1,O,0,0,0,0,2,,,,,,0,0,,,,,0
30.616564,1779967180.614759,10230,,BS2DCE,,f,0,7,1742,1742,100,1,O,0,0,0,0,2,,,,,,0,0,,,,,0
30.669872,1779967180.668067,10231,,BS2DCE,,f,0,0,2190,2190,100,1,O,0,0,0,0,2,,,,,,0,0,,,,,0
30.669872,1779967180.668067,10231,,BS2DCE,,f,0,1,2580,2580,100,1,O,0,0,0,0,2,,,,,,0,0,,,,,0
30.669872,1779967180.668067,10231,,BS2DCE,,f,0,2,2039,2039,100,1,O,0,0,0,0,2,,,,,,0,0,,,,,0
30.669872,1779967180.668067,10231,,BS2DCE,,f,0,3,1596,1596,100,1,O,0,0,0,0,2,,,,,,0,0,,,,,0
30.669872,1779967180.668067,10231,,BS2DCE,,f,0,4,2006,2006,100,1,O,0,0,0,0,2,,,,,,0,0,,,,,0
30.669872,1779967180.668067,10231,,BS2DCE,,f,0,5,2542,2542,100,1,O,0,0,0,0,2,,,,,,0,0,,,,,0
30.669872,1779967180.668067,10231,,BS2DCE,,f,0,6,2209,2209,100,1,O,0,0,0,0,2,,,,,,0,0,,,,,0
30.669872,1779967180.668067,10231,,BS2DCE,,f,0,7,1772,1772,100,1,O,0,0,0,0,2,,,,,,0,0,,,,,0
30.761799,1779967180.759994,10232,,BS2DCE,,f,0,0,2510,2510,100,1,O,0,0,0,0,2,,,,,,0,0,,,,,0
30.761799,1779967180.759994,10232,,BS2DCE,,f,0,1,2446,2446,100,1,O,0,0,0,0,2,,,,,,0,0,,,,,0
30.761799,1779967180.759994,10232,,BS2DCE,,f,0,2,2048,2048,100,1,O,0,0,0,0,2,,,,,,0,0,,,,,0
30.761799,1779967180.759994,10232,,BS2DCE,,f,0,3,1533,1533,100,1,O,0,0,0,0,2,,,,,,0,0,,,,,0
30.761799,1779967180.759994,10232,,BS2DCE,,f,0,4,2060,2060,100,1,O,0,0,0,0,2,,,,,,0,0,,,,,0
30.761799,1779967180.759994,10232,,BS2DCE,,f,0,5,2639,2639,100,1,O,0,0,0,0,2,,,,,,0,0,,,,,0
30.761799,1779967180.759994,10232,,BS2DCE,,f,0,6,2175,2175,100,1,O,0,0,0,0,2,,,,,,0,0,,,,,0
30.761799,1779967180.759994,10232,,BS2DCE,,f,0,7,1761,1761,100,1,O,0,0,0,0,2,,,,,,0,0,,,,,0
30.857448,1779967180.855643,10233,,BS2DCE,,f,0,0,2276,2276,100,1,O,0,0,0,0,2,,,,,,0,0,,,,,0
30.857448,1779967180.855643,10233,,BS2DCE,,f,0,1,2453,2453,100,1,O,0,0,0,0,2,,,,,,0,0,,,,,0
30.857448,1779967180.855643,10233,,BS2DCE,,f,0,2,2017,2017,100,1,O,0,0,0,0,2,,,,,,0,0,,,,,0
30.857448,1779967180.855643,10233,,BS2DCE,,f,0,3,1724,1724,100,1,O,0,0,0,0,2,,,,,,0,0,,,,,0
30.857448,1779967180.855643,10233,,BS2DCE,,f,0,4,2114,2114,100,1,O,0,0,0,0,2,,,,,,0,0,,,,,0
30.857448,1779967180.855643,10233,,BS2DCE,,f,0,5,2608,2608,100,1,O,0,0,0,0,2,,,,,,0,0,,,,,0
30.857448,1779967180.855643,10233,,BS2DCE,,f,0,6,2248,2248,100,1,O,0,0,0,0,2,,,,,,0,0,,,,,0
30.857448,1779967180.855643,10233,,BS2DCE,,f,0,7,1757,1757,100,1,O,0,0,0,0,2,,,,,,0,0,,,,,0
30.962199,1779967180.960394,10234,,BS2DCE,,f,0,0,2220,2220,100,1,O,0,0,0,0,2,,,,,,0,0,,,,,0
30.962199,1779967180.960394,10234,,BS2DCE,,f,0,1,2445,2445,100,1,O,0,0,0,0,2,,,,,,0,0,,,,,0
30.962199,1779967180.960394,10234,,BS2DCE,,f,0,2,1994,1994,100,1,O,0,0,0,0,2,,,,,,0,0,,,,,0
30.962199,1779967180.960394,10234,,BS2DCE,,f,0,3,1864,1864,100,1,O,0,0,0,0,2,,,,,,0,0,,,,,0
30.962199,1779967180.960394,10234,,BS2DCE,,f,0,4,2128,2128,100,1,O,0,0,0,0,2,,,,,,0,0,,,,,0
30.962199,1779967180.960394,10234,,BS2DCE,,f,0,5,2712,2712,100,1,O,0,0,0,0,2,,,,,,0,0,,,,,0
30.962199,1779967180.960394,10234,,BS2DCE,,f,0,6,2378,2378,100,1,O,0,0,0,0,2,,,,,,0,0,,,,,0
30.962199,1779967180.960394,10234,,BS2DCE,,f,0,7,1845,1845,100,1,O,0,0,0,0,2,,,,,,0,0,,,,,0
31.071167,1779967181.069362,10235,,BS2DCE,,f,0,0,2184,2184,100,1,O,0,0,0,0,2,,,,,,0,0,,,,,0
31.071167,1779967181.069362,10235,,BS2DCE,,f,0,1,2343,2343,100,1,O,0,0,0,0,2,,,,,,0,0,,,,,0
31.071167,1779967181.069362,10235,,BS2DCE,,f,0,2,1850,1850,100,1,O,0,0,0,0,2,,,,,,0,0,,,,,0
31.071167,1779967181.069362,10235,,BS2DCE,,f,0,3,1828,1828,100,1,O,0,0,0,0,2,,,,,,0,0,,,,,0
31.071167,1779967181.069362,10235,,BS2DCE,,f,0,4,2229,2229,100,1,O,0,0,0,0,2,,,,,,0,0,,,,,0
31.071167,1779967181.069362,10235,,BS2DCE,,f,0,5,2684,2684,100,1,O,0,0,0,0,2,,,,,,0,0,,,,,0
31.071167,1779967181.069362,10235,,BS2DCE,,f,0,6,2282,2282,100,1,O,0,0,0,0,2,,,,,,0,0,,,,,0
31.071167,1779967181.069362,10235,,BS2DCE,,f,0,7,1883,1883,100,1,O,0,0,0,0,2,,,,,,0,0,,,,,0
31.172218,1779967181.170413,10236,,BS2DCE,,f,0,0,2260,2260,100,1,O,0,0,0,0,2,,,,,,0,0,,,,,0
31.172218,1779967181.170413,10236,,BS2DCE,,f,0,1,2302,2302,100,1,O,0,0,0,0,2,,,,,,0,0,,,,,0
31.172218,1779967181.170413,10236,,BS2DCE,,f,0,2,1790,1790,100,1,O,0,0,0,0,2,,,,,,0,0,,,,,0
31.172218,1779967181.170413,10236,,BS2DCE,,f,0,3,1832,1832,100,1,O,0,0,0,0,2,,,,,,0,0,,,,,0
31.172218,1779967181.170413,10236,,BS2DCE,,f,0,4,2280,2280,100,1,O,0,0,0,0,2,,,,,,0,0,,,,,0
31.172218,1779967181.170413,10236,,BS2DCE,,f,0,5,2540,2540,100,1,O,0,0,0,0,2,,,,,,0,0,,,,,0
31.172218,1779967181.170413,10236,,BS2DCE,,f,0,6,2328,2328,100,1,O,0,0,0,0,2,,,,,,0,0,,,,,0
31.172218,1779967181.170413,10236,,BS2DCE,,f,0,7,1830,1830,100,1,O,0,0,0,0,2,,,,,,0,0,,,,,0
31.269933,1779967181.268128,10237,,BS2DCE,,f,0,0,2147,2147,100,1,O,0,0,0,0,2,,,,,,0,0,,,,,0
31.269933,1779967181.268128,10237,,BS2DCE,,f,0,1,2238,2238,100,1,O,0,0,0,0,2,,,,,,0,0,,,,,0
31.269933,1779967181.268128,10237,,BS2DCE,,f,0,2,1800,1800,100,1,O,0,0,0,0,2,,,,,,0,0,,,,,0
31.269933,1779967181.268128,10237,,BS2DCE,,f,0,3,1799,1799,100,1,O,0,0,0,0,2,,,,,,0,0,,,,,0
31.269933,1779967181.268128,10237,,BS2DCE,,f,0,4,2266,2266,100,1,O,0,0,0,0,2,,,,,,0,0,,,,,0
31.269933,1779967181.268128,10237,,BS2DCE,,f,0,5,2424,2424,100,1,O,0,0,0,0,2,,,,,,0,0,,,,,0
31.269933,1779967181.268128,10237,,BS2DCE,,f,0,6,2249,2249,100,1,O,0,0,0,0,2,,,,,,0,0,,,,,0
31.269933,1779967181.268128,10237,,BS2DCE,,f,0,7,1825,1825,100,1,O,0,0,0,0,2,,,,,,0,0,,,,,0
31.42958,1779967181.427775,10238,,BS2DCE,,f,0,0,2207,2207,100,1,O,0,0,0,0,2,,,,,,0,0,,,,,0
31.42958,1779967181.427775,10238,,BS2DCE,,f,0,1,2168,2168,100,1,O,0,0,0,0,2,,,,,,0,0,,,,,0
31.42958,1779967181.427775,10238,,BS2DCE,,f,0,2,1735,1735,100,1,O,0,0,0,0,2,,,,,,0,0,,,,,0
31.42958,1779967181.427775,10238,,BS2DCE,,f,0,3,1795,1795,100,1,O,0,0,0,0,2,,,,,,0,0,,,,,0
31.42958,1779967181.427775,10238,,BS2DCE,,f,0,4,2330,2330,100,1,O,0,0,0,0,2,,,,,,0,0,,,,,0
31.42958,1779967181.427775,10238,,BS2DCE,,f,0,5,2342,2342,100,1,O,0,0,0,0,2,,,,,,0,0,,,,,0
31.42958,1779967181.427775,10238,,BS2DCE,,f,0,6,2123,2123,100,1,O,0,0,0,0,2,,,,,,0,0,,,,,0
31.42958,1779967181.427775,10238,,BS2DCE,,f,0,7,1751,1751,100,1,O,0,0,0,0,2,,,,,,0,0,,,,,0
31.45737,1779967181.455565,10239,,BS2DCE,,f,0,0,2189,2189,100,1,O,0,0,0,0,2,,,,,,0,0,,,,,0
31.45737,1779967181.455565,10239,,BS2DCE,,f,0,1,2164,2164,100,1,O,0,0,0,0,2,,,,,,0,0,,,,,0
31.45737,1779967181.455565,10239,,BS2DCE,,f,0,2,1716,1716,100,1,O,0,0,0,0,2,,,,,,0,0,,,,,0
31.45737,1779967181.455565,10239,,BS2DCE,,f,0,3,1823,1823,100,1,O,0,0,0,0,2,,,,,,0,0,,,,,0
31.45737,1779967181.455565,10239,,BS2DCE,,f,0,4,2282,2282,100,1,O,0,0,0,0,2,,,,,,0,0,,,,,0
31.45737,1779967181.455565,10239,,BS2DCE,,f,0,5,2386,2386,100,1,O,0,0,0,0,2,,,,,,0,0,,,,,0
31.45737,1779967181.455565,10239,,BS2DCE,,f,0,6,2094,2094,100,1,O,0,0,0,0,2,,,,,,0,0,,,,,0
31.45737,1779967181.455565,10239,,BS2DCE,,f,0,7,1911,1911,100,1,O,0,0,0,0,2,,,,,,0,0,,,,,0
31.577135,1779967181.57533,10240,,BS2DCE,,f,0,0,2227,2227,100,1,O,0,0,0,0,2,,,,,,0,0,,,,,0
31.577135,1779967181.57533,10240,,BS2DCE,,f,0,1,2210,2210,100,1,O,0,0,0,0,2,,,,,,0,0,,,,,0
31.577135,1779967181.57533,10240,,BS2DCE,,f,0,2,1665,1665,100,1,O,0,0,0,0,2,,,,,,0,0,,,,,0
31.577135,1779967181.57533,10240,,BS2DCE,,f,0,3,1939,1939,100,1,O,0,0,0,0,2,,,,,,0,0,,,,,0
31.577135,1779967181.57533,10240,,BS2DCE,,f,0,4,2307,2307,100,1,O,0,0,0,0,2,,,,,,0,0,,,,,0
31.577135,1779967181.57533,10240,,BS2DCE,,f,0,5,2228,2228,100,1,O,0,0,0,0,2,,,,,,0,0,,,,,0
31.577135,1779967181.57533,10240,,BS2DCE,,f,0,6,1986,1986,100,1,O,0,0,0,0,2,,,,,,0,0,,,,,0
31.577135,1779967181.57533,10240,,BS2DCE,,f,0,7,1887,1887,100,1,O,0,0,0,0,2,,,,,,0,0,,,,,0
31.682347,1779967181.680542,10241,,BS2DCE,,f,0,0,2324,2324,100,1,O,0,0,0,0,2,,,,,,0,0,,,,,0
31.682347,1779967181.680542,10241,,BS2DCE,,f,0,1,2133,2133,100,1,O,0,0,0,0,2,,,,,,0,0,,,,,0
31.682347,1779967181.680542,10241,,BS2DCE,,f,0,2,1617,1617,100,1,O,0,0,0,0,2,,,,,,0,0,,,,,0
31.682347,1779967181.680542,10241,,BS2DCE,,f,0,3,1871,1871,100,1,O,0,0,0,0,2,,,,,,0,0,,,,,0
31.682347,1779967181.680542,10241,,BS2DCE,,f,0,4,2331,2331,100,1,O,0,0,0,0,2,,,,,,0,0,,,,,0
31.682347,1779967181.680542,10241,,BS2DCE,,f,0,5,2269,2269,100,1,O,0,0,0,0,2,,,,,,0,0,,,,,0
31.682347,1779967181.680542,10241,,BS2DCE,,f,0,6,1921,1921,100,1,O,0,0,0,0,2,,,,,,0,0,,,,,0
31.682347,1779967181.680542,10241,,BS2DCE,,f,0,7,1895,1895,100,1,O,0,0,0,0,2,,,,,,0,0,,,,,0
31.774189,1779967181.772384,10242,,BS2DCE,,f,0,0,2274,2274,100,1,O,0,0,0,0,2,,,,,,0,0,,,,,0
31.774189,1779967181.772384,10242,,BS2DCE,,f,0,1,2129,2129,100,1,O,0,0,0,0,2,,,,,,0,0,,,,,0
31.774189,1779967181.772384,10242,,BS2DCE,,f,0,2,1581,1581,100,1,O,0,0,0,0,2,,,,,,0,0,,,,,0
31.774189,1779967181.772384,10242,,BS2DCE,,f,0,3,1860,1860,100,1,O,0,0,0,0,2,,,,,,0,0,,,,,0
31.774189,1779967181.772384,10242,,BS2DCE,,f,0,4,2368,2368,100,1,O,0,0,0,0,2,,,,,,0,0,,,,,0
31.774189,1779967181.772384,10242,,BS2DCE,,f,0,5,2338,2338,100,1,O,0,0,0,0,2,,,,,,0,0,,,,,0
31.774189,1779967181.772384,10242,,BS2DCE,,f,0,6,1839,1839,100,1,O,0,0,0,0,2,,,,,,0,0,,,,,0
31.774189,1779967181.772384,10242,,BS2DCE,,f,0,7,1965,1965,100,1,O,0,0,0,0,2,,,,,,0,0,,,,,0
31.854696,1779967181.852891,10243,,BS2DCE,,f,0,0,2279,2279,100,1,O,0,0,0,0,2,,,,,,0,0,,,,,0
31.854696,1779967181.852891,10243,,BS2DCE,,f,0,1,2077,2077,100,1,O,0,0,0,0,2,,,,,,0,0,,,,,0
31.854696,1779967181.852891,10243,,BS2DCE,,f,0,2,1595,1595,100,1,O,0,0,0,0,2,,,,,,0,0,,,,,0
31.854696,1779967181.852891,10243,,BS2DCE,,f,0,3,1930,1930,100,1,O,0,0,0,0,2,,,,,,0,0,,,,,0
31.854696,1779967181.852891,10243,,BS2DCE,,f,0,4,2435,2435,100,1,O,0,0,0,0,2,,,,,,0,0,,,,,0
31.854696,1779967181.852891,10243,,BS2DCE,,f,0,5,2268,2268,100,1,O,0,0,0,0,2,,,,,,0,0,,,,,0
31.854696,1779967181.852891,10243,,BS2DCE,,f,0,6,1783,1783,100,1,O,0,0,0,0,2,,,,,,0,0,,,,,0
31.854696,1779967181.852891,10243,,BS2DCE,,f,0,7,1936,1936,100,1,O,0,0,0,0,2,,,,,,0,0,,,,,0
31.960156,1779967181.958351,10244,,BS2DCE,,f,0,0,2294,2294,100,1,O,0,0,0,0,2,,,,,,0,0,,,,,0
31.960156,1779967181.958351,10244,,BS2DCE,,f,0,1,2075,2075,100,1,O,0,0,0,0,2,,,,,,0,0,,,,,0
31.960156,1779967181.958351,10244,,BS2DCE,,f,0,2,1583,1583,100,1,O,0,0,0,0,2,,,,,,0,0,,,,,0
31.960156,1779967181.958351,10244,,BS2DCE,,f,0,3,1901,1901,100,1,O,0,0,0,0,2,,,,,,0,0,,,,,0
31.960156,1779967181.958351,10244,,BS2DCE,,f,0,4,2483,2483,100,1,O,0,0,0,0,2,,,,,,0,0,,,,,0
31.960156,1779967181.958351,10244,,BS2DCE,,f,0,5,2263,2263,100,1,O,0,0,0,0,2,,,,,,0,0,,,,,0
31.960156,1779967181.958351,10244,,BS2DCE,,f,0,6,1862,1862,100,1,O,0,0,0,0,2,,,,,,0,0,,,,,0
31.960156,1779967181.958351,10244,,BS2DCE,,f,0,7,1940,1940,100,1,O,0,0,0,0,2,,,,,,0,0,,,,,0
32.057204,1779967182.055399,10245,,BS2DCE,,f,0,0,2367,2367,100,1,O,0,0,0,0,2,,,,,,0,0,,,,,0
32.057204,1779967182.055399,10245,,BS2DCE,,f,0,1,2042,2042,100,1,O,0,0,0,0,2,,,,,,0,0,,,,,0
32.057204,1779967182.055399,10245,,BS2DCE,,f,0,2,1514,1514,100,1,O,0,0,0,0,2,,,,,,0,0,,,,,0
32.057204,1779967182.055399,10245,,BS2DCE,,f,0,3,1967,1967,100,1,O,0,0,0,0,2,,,,,,0,0,,,,,0
32.057204,1779967182.055399,10245,,BS2DCE,,f,0,4,2507,2507,100,1,O,0,0,0,0,2,,,,,,0,0,,,,,0
32.057204,1779967182.055399,10245,,BS2DCE,,f,0,5,2217,2217,100,1,O,0,0,0,0,2,,,,,,0,0,,,,,0
32.057204,1779967182.055399,10245,,BS2DCE,,f,0,6,1823,1823,100,1,O,0,0,0,0,2,,,,,,0,0,,,,,0
32.057204,1779967182.055399,10245,,BS2DCE,,f,0,7,2057,2057,100,1,O,0,0,0,0,2,,,,,,0,0,,,,,0
32.162252,1779967182.160447,10246,,BS2DCE,,f,0,0,2406,2406,100,1,O,0,0,0,0,2,,,,,,0,0,,,,,0
32.162252,1779967182.160447,10246,,BS2DCE,,f,0,1,2066,2066,100,1,O,0,0,0,0,2,,,,,,0,0,,,,,0
32.162252,1779967182.160447,10246,,BS2DCE,,f,0,2,1515,1515,100,1,O,0,0,0,0,2,,,,,,0,0,,,,,0
32.162252,1779967182.160447,10246,,BS2DCE,,f,0,3,1949,1949,100,1,O,0,0,0,0,2,,,,,,0,0,,,,,0
32.162252,1779967182.160447,10246,,BS2DCE,,f,0,4,2507,2507,100,1,O,0,0,0,0,2,,,,,,0,0,,,,,0
32.162252,1779967182.160447,10246,,BS2DCE,,f,0,5,2288,2288,100,1,O,0,0,0,0,2,,,,,,0,0,,,,,0
32.162252,1779967182.160447,10246,,BS2DCE,,f,0,6,1756,1756,100,1,O,0,0,0,0,2,,,,,,0,0,,,,,0
32.162252,1779967182.160447,10246,,BS2DCE,,f,0,7,2045,2045,100,1,O,0,0,0,0,2,,,,,,0,0,,,,,0
32.267449,1779967182.265644,10247,,BS2DCE,,f,0,0,2447,2447,100,1,O,0,0,0,0,2,,,,,,0,0,,,,,0
32.267449,1779967182.265644,10247,,BS2DCE,,f,0,1,2003,2003,100,1,O,0,0,0,0,2,,,,,,0,0,,,,,0
32.267449,1779967182.265644,10247,,BS2DCE,,f,0,2,1488,1488,100,1,O,0,0,0,0,2,,,,,,0,0,,,,,0
32.267449,1779967182.265644,10247,,BS2DCE,,f,0,3,1972,1972,100,1,O,0,0,0,0,2,,,,,,0,0,,,,,0
32.267449,1779967182.265644,10247,,BS2DCE,,f,0,4,2510,2510,100,1,O,0,0,0,0,2,,,,,,0,0,,,,,0
32.267449,1779967182.265644,10247,,BS2DCE,,f,0,5,2078,2078,100,1,O,0,0,0,0,2,,,,,,0,0,,,,,0
32.267449,1779967182.265644,10247,,BS2DCE,,f,0,6,1781,1781,100,1,O,0,0,0,0,2,,,,,,0,0,,,,,0
32.267449,1779967182.265644,10247,,BS2DCE,,f,0,7,2085,2085,100,1,O,0,0,0,0,2,,,,,,0,0,,,,,0
32.41956,1779967182.417755,10248,,BS2DCE,,f,0,0,2417,2417,100,1,O,0,0,0,0,2,,,,,,0,0,,,,,0
32.41956,1779967182.417755,10248,,BS2DCE,,f,0,1,1951,1951,100,1,O,0,0,0,0,2,,,,,,0,0,,,,,0
32.41956,1779967182.417755,10248,,BS2DCE,,f,0,2,1444,1444,100,1,O,0,0,0,0,2,,,,,,0,0,,,,,0
32.41956,1779967182.417755,10248,,BS2DCE,,f,0,3,2014,2014,100,1,O,0,0,0,0,2,,,,,,0,0,,,,,0
32.41956,1779967182.417755,10248,,BS2DCE,,f,0,4,2537,2537,100,1,O,0,0,0,0,2,,,,,,0,0,,,,,0
32.41956,1779967182.417755,10248,,BS2DCE,,f,0,5,2190,2190,100,1,O,0,0,0,0,2,,,,,,0,0,,,,,0
32.41956,1779967182.417755,10248,,BS2DCE,,f,0,6,1775,1775,100,1,O,0,0,0,0,2,,,,,,0,0,,,,,0
32.41956,1779967182.417755,10248,,BS2DCE,,f,0,7,2073,2073,100,1,O,0,0,0,0,2,,,,,,0,0,,,,,0
32.470202,1779967182.468397,10249,,BS2DCE,,f,0,0,2505,2505,100,1,O,0,0,0,0,2,,,,,,0,0,,,,,0
32.470202,1779967182.468397,10249,,BS2DCE,,f,0,1,2009,2009,100,1,O,0,0,0,0,2,,,,,,0,0,,,,,0
32.470202,1779967182.468397,10249,,BS2DCE,,f,0,2,1396,1396,100,1,O,0,0,0,0,2,,,,,,0,0,,,,,0
32.470202,1779967182.468397,10249,,BS2DCE,,f,0,3,2076,2076,100,1,O,0,0,0,0,2,,,,,,0,0,,,,,0
32.470202,1779967182.468397,10249,,BS2DCE,,f,0,4,2590,2590,100,1,O,0,0,0,0,2,,,,,,0,0,,,,,0
32.470202,1779967182.468397,10249,,BS2DCE,,f,0,5,2068,2068,100,1,O,0,0,0,0,2,,,,,,0,0,,,,,0
32.470202,1779967182.468397,10249,,BS2DCE,,f,0,6,1662,1662,100,1,O,0,0,0,0,2,,,,,,0,0,,,,,0
32.470202,1779967182.468397,10249,,BS2DCE,,f,0,7,2150,2150,100,1,O,0,0,0,0,2,,,,,,0,0,,,,,0
32.57523,1779967182.573425,10250,,BS2DCE,,f,0,0,2497,2497,100,1,O,0,0,0,0,2,,,,,,0,0,,,,,0
32.57523,1779967182.573425,10250,,BS2DCE,,f,0,1,2076,2076,100,1,O,0,0,0,0,2,,,,,,0,0,,,,,0
32.57523,1779967182.573425,10250,,BS2DCE,,f,0,2,1449,1449,100,1,O,0,0,0,0,2,,,,,,0,0,,,,,0
32.57523,1779967182.573425,10250,,BS2DCE,,f,0,3,2125,2125,100,1,O,0,0,0,0,2,,,,,,0,0,,,,,0
32.57523,1779967182.573425,10250,,BS2DCE,,f,0,4,2619,2619,100,1,O,0,0,0,0,2,,,,,,0,0,,,,,0
32.57523,1779967182.573425,10250,,BS2DCE,,f,0,5,1993,1993,100,1,O,0,0,0,0,2,,,,,,0,0,,,,,0
32.57523,1779967182.573425,10250,,BS2DCE,,f,0,6,1634,1634,100,1,O,0,0,0,0,2,,,,,,0,0,,,,,0
32.57523,1779967182.573425,10250,,BS2DCE,,f,0,7,2180,2180,100,1,O,0,0,0,0,2,,,,,,0,0,,,,,0
32.657143,1779967182.655338,10251,,BS2DCE,,f,0,0,2484,2484,100,1,O,0,0,0,0,2,,,,,,0,0,,,,,0
32.657143,1779967182.655338,10251,,BS2DCE,,f,0,1,2045,2045,100,1,O,0,0,0,0,2,,,,,,0,0,,,,,0
32.657143,1779967182.655338,10251,,BS2DCE,,f,0,2,1509,1509,100,1,O,0,0,0,0,2,,,,,,0,0,,,,,0
32.657143,1779967182.655338,10251,,BS2DCE,,f,0,3,2201,2201,100,1,O,0,0,0,0,2,,,,,,0,0,,,,,0
32.657143,1779967182.655338,10251,,BS2DCE,,f,0,4,2637,2637,100,1,O,0,0,0,0,2,,,,,,0,0,,,,,0
32.657143,1779967182.655338,10251,,BS2DCE,,f,0,5,2011,2011,100,1,O,0,0,0,0,2,,,,,,0,0,,,,,0
32.657143,1779967182.655338,10251,,BS2DCE,,f,0,6,1624,1624,100,1,O,0,0,0,0,2,,,,,,0,0,,,,,0
32.657143,1779967182.655338,10251,,BS2DCE,,f,0,7,2211,2211,100,1,O,0,0,0,0,2,,,,,,0,0,,,,,0
32.782016,1779967182.780211,10252,,BS2DCE,,f,0,0,2545,2545,100,1,O,0,0,0,0,2,,,,,,0,0,,,,,0
32.782016,1779967182.780211,10252,,BS2DCE,,f,0,1,2363,2363,100,1,O,0,0,0,0,2,,,,,,0,0,,,,,0
32.782016,1779967182.780211,10252,,BS2DCE,,f,0,2,1576,1576,100,1,O,0,0,0,0,2,,,,,,0,0,,,,,0
32.782016,1779967182.780211,10252,,BS2DCE,,f,0,3,2191,2191,100,1,O,0,0,0,0,2,,,,,,0,0,,,,,0
32.782016,1779967182.780211,10252,,BS2DCE,,f,0,4,3888,3888,100,1,O,0,0,0,0,2,,,,,,0,0,,,,,0
32.782016,1779967182.780211,10252,,BS2DCE,,f,0,5,1987,1987,100,1,O,0,0,0,0,2,,,,,,0,0,,,,,0
32.782016,1779967182.780211,10252,,BS2DCE,,f,0,6,1627,1627,100,1,O,0,0,0,0,2,,,,,,0,0,,,,,0
32.782016,1779967182.780211,10252,,BS2DCE,,f,0,7,2243,2243,100,1,O,0,0,0,0,2,,,,,,0,0,,,,,0
32.868142,1779967182.866337,10253,,BS2DCE,,f,0,0,2578,2578,100,1,O,0,0,0,0,2,,,,,,0,0,,,,,0
32.868142,1779967182.866337,10253,,BS2DCE,,f,0,1,2279,2279,100,1,O,0,0,0,0,2,,,,,,0,0,,,,,0
32.868142,1779967182.866337,10253,,BS2DCE,,f,0,2,1713,1713,100,1,O,0,0,0,0,2,,,,,,0,0,,,,,0
32.868142,1779967182.866337,10253,,BS2DCE,,f,0,3,2181,2181,100,1,O,0,0,0,0,2,,,,,,0,0,,,,,0
32.868142,1779967182.866337,10253,,BS2DCE,,f,0,4,2659,2659,100,1,O,0,0,0,0,2,,,,,,0,0,,,,,0
32.868142,1779967182.866337,10253,,BS2DCE,,f,0,5,2087,2087,100,1,O,0,0,0,0,2,,,,,,0,0,,,,,0
32.868142,1779967182.866337,10253,,BS2DCE,,f,0,6,1591,1591,100,1,O,0,0,0,0,2,,,,,,0,0,,,,,0
32.868142,1779967182.866337,10253,,BS2DCE,,f,0,7,2238,2238,100,1,O,0,0,0,0,2,,,,,,0,0,,,,,0
32.972161,1779967182.970356,10254,,BS2DCE,,f,0,0,2613,2613,100,1,O,0,0,0,0,2,,,,,,0,0,,,,,0
32.972161,1779967182.970356,10254,,BS2DCE,,f,0,1,2056,2056,100,1,O,0,0,0,0,2,,,,,,0,0,,,,,0
32.972161,1779967182.970356,10254,,BS2DCE,,f,0,2,1591,1591,100,1,O,0,0,0,0,2,,,,,,0,0,,,,,0
32.972161,1779967182.970356,10254,,BS2DCE,,f,0,3,2276,2276,100,1,O,0,0,0,0,2,,,,,,0,0,,,,,0
32.972161,1779967182.970356,10254,,BS2DCE,,f,0,4,2613,2613,100,1,O,0,0,0,0,2,,,,,,0,0,,,,,0
32.972161,1779967182.970356,10254,,BS2DCE,,f,0,5,1953,1953,100,1,O,0,0,0,0,2,,,,,,0,0,,,,,0
32.972161,1779967182.970356,10254,,BS2DCE,,f,0,6,1653,1653,100,1,O,0,0,0,0,2,,,,,,0,0,,,,,0
32.972161,1779967182.970356,10254,,BS2DCE,,f,0,7,2239,2239,100,1,O,0,0,0,0,2,,,,,,0,0,,,,,0
33.065463,1779967183.063658,10255,,BS2DCE,,f,0,0,2698,2698,100,1,O,0,0,0,0,2,,,,,,0,0,,,,,0
33.065463,1779967183.063658,10255,,BS2DCE,,f,0,1,1963,1963,100,1,O,0,0,0,0,2,,,,,,0,0,,,,,0
33.065463,1779967183.063658,10255,,BS2DCE,,f,0,2,1607,1607,100,1,O,0,0,0,0,2,,,,,,0,0,,,,,0
33.065463,1779967183.063658,10255,,BS2DCE,,f,0,3,2260,2260,100,1,O,0,0,0,0,2,,,,,,0,0,,,,,0
33.065463,1779967183.063658,10255,,BS2DCE,,f,0,4,2582,2582,100,1,O,0,0,0,0,2,,,,,,0,0,,,,,0
33.065463,1779967183.063658,10255,,BS2DCE,,f,0,5,1865,1865,100,1,O,0,0,0,0,2,,,,,,0,0,,,,,0
33.065463,1779967183.063658,10255,,BS2DCE,,f,0,6,1558,1558,100,1,O,0,0,0,0,2,,,,,,0,0,,,,,0
33.065463,1779967183.063658,10255,,BS2DCE,,f,0,7,2241,2241,100,1,O,0,0,0,0,2,,,,,,0,0,,,,,0
33.159778,1779967183.157973,10256,,BS2DCE,,f,0,0,2903,2903,100,1,O,0,0,0,0,2,,,,,,0,0,,,,,0
33.159778,1779967183.157973,10256,,BS2DCE,,f,0,1,1930,1930,100,1,O,0,0,0,0,2,,,,,,0,0,,,,,0
33.159778,1779967183.157973,10256,,BS2DCE,,f,0,2,1505,1505,100,1,O,0,0,0,0,2,,,,,,0,0,,,,,0
33.159778,1779967183.157973,10256,,BS2DCE,,f,0,3,2320,2320,100,1,O,0,0,0,0,2,,,,,,0,0,,,,,0
33.159778,1779967183.157973,10256,,BS2DCE,,f,0,4,2466,2466,100,1,O,0,0,0,0,2,,,,,,0,0,,,,,0
33.159778,1779967183.157973,10256,,BS2DCE,,f,0,5,1825,1825,100,1,O,0,0,0,0,2,,,,,,0,0,,,,,0
33.159778,1779967183.157973,10256,,BS2DCE,,f,0,6,1593,1593,100,1,O,0,0,0,0,2,,,,,,0,0,,,,,0
33.159778,1779967183.157973,10256,,BS2DCE,,f,0,7,2237,2237,100,1,O,0,0,0,0,2,,,,,,0,0,,,,,0
33.257271,1779967183.255466,10257,,BS2DCE,,f,0,0,2933,2933,100,1,O,0,0,0,0,2,,,,,,0,0,,,,,0
33.257271,1779967183.255466,10257,,BS2DCE,,f,0,1,1844,1844,100,1,O,0,0,0,0,2,,,,,,0,0,,,,,0
33.257271,1779967183.255466,10257,,BS2DCE,,f,0,2,1599,1599,100,1,O,0,0,0,0,2,,,,,,0,0,,,,,0
33.257271,1779967183.255466,10257,,BS2DCE,,f,0,3,2349,2349,100,1,O,0,0,0,0,2,,,,,,0,0,,,,,0
33.257271,1779967183.255466,10257,,BS2DCE,,f,0,4,2404,2404,100,1,O,0,0,0,0,2,,,,,,0,0,,,,,0
33.257271,1779967183.255466,10257,,BS2DCE,,f,0,5,1759,1759,100,1,O,0,0,0,0,2,,,,,,0,0,,,,,0
33.257271,1779967183.255466,10257,,BS2DCE,,f,0,6,1580,1580,100,1,O,0,0,0,0,2,,,,,,0,0,,,,,0
33.257271,1779967183.255466,10257,,BS2DCE,,f,0,7,2313,2313,100,1,O,0,0,0,0,2,,,,,,0,0,,,,,0
33.416895,1779967183.41509,10258,,BS2DCE,,f,0,0,2764,2764,100,1,O,0,0,0,0,2,,,,,,0,0,,,,,0
33.416895,1779967183.41509,10258,,BS2DCE,,f,0,1,1816,1816,100,1,O,0,0,0,0,2,,,,,,0,0,,,,,0
33.416895,1779967183.41509,10258,,BS2DCE,,f,0,2,1662,1662,100,1,O,0,0,0,0,2,,,,,,0,0,,,,,0
33.416895,1779967183.41509,10258,,BS2DCE,,f,0,3,2370,2370,100,1,O,0,0,0,0,2,,,,,,0,0,,,,,0
33.416895,1779967183.41509,10258,,BS2DCE,,f,0,4,2413,2413,100,1,O,0,0,0,0,2,,,,,,0,0,,,,,0
33.416895,1779967183.41509,10258,,BS2DCE,,f,0,5,1719,1719,100,1,O,0,0,0,0,2,,,,,,0,0,,,,,0
33.416895,1779967183.41509,10258,,BS2DCE,,f,0,6,1590,1590,100,1,O,0,0,0,0,2,,,,,,0,0,,,,,0
33.416895,1779967183.41509,10258,,BS2DCE,,f,0,7,2240,2240,100,1,O,0,0,0,0,2,,,,,,0,0,,,,,0
33.482244,1779967183.480439,10259,,BS2DCE,,f,0,0,2674,2674,100,1,O,0,0,0,0,2,,,,,,0,0,,,,,0
33.482244,1779967183.480439,10259,,BS2DCE,,f,0,1,1835,1835,100,1,O,0,0,0,0,2,,,,,,0,0,,,,,0
33.482244,1779967183.480439,10259,,BS2DCE,,f,0,2,1731,1731,100,1,O,0,0,0,0,2,,,,,,0,0,,,,,0
33.482244,1779967183.480439,10259,,BS2DCE,,f,0,3,2456,2456,100,1,O,0,0,0,0,2,,,,,,0,0,,,,,0
33.482244,1779967183.480439,10259,,BS2DCE,,f,0,4,2395,2395,100,1,O,0,0,0,0,2,,,,,,0,0,,,,,0
33.482244,1779967183.480439,10259,,BS2DCE,,f,0,5,1647,1647,100,1,O,0,0,0,0,2,,,,,,0,0,,,,,0
33.482244,1779967183.480439,10259,,BS2DCE,,f,0,6,1570,1570,100,1,O,0,0,0,0,2,,,,,,0,0,,,,,0
33.482244,1779967183.480439,10259,,BS2DCE,,f,0,7,2337,2337,100,1,O,0,0,0,0,2,,,,,,0,0,,,,,0
33.58643,1779967183.584625,10260,,BS2DCE,,f,0,0,2644,2644,100,1,O,0,0,0,0,2,,,,,,0,0,,,,,0
33.58643,1779967183.584625,10260,,BS2DCE,,f,0,1,1793,1793,100,1,O,0,0,0,0,2,,,,,,0,0,,,,,0
33.58643,1779967183.584625,10260,,BS2DCE,,f,0,2,1772,1772,100,1,O,0,0,0,0,2,,,,,,0,0,,,,,0
33.58643,1779967183.584625,10260,,BS2DCE,,f,0,3,2469,2469,100,1,O,0,0,0,0,2,,,,,,0,0,,,,,0
33.58643,1779967183.584625,10260,,BS2DCE,,f,0,4,2282,2282,100,1,O,0,0,0,0,2,,,,,,0,0,,,,,0
33.58643,1779967183.584625,10260,,BS2DCE,,f,0,5,1619,1619,100,1,O,0,0,0,0,2,,,,,,0,0,,,,,0
33.58643,1779967183.584625,10260,,BS2DCE,,f,0,6,1840,1840,100,1,O,0,0,0,0,2,,,,,,0,0,,,,,0
33.58643,1779967183.584625,10260,,BS2DCE,,f,0,7,2441,2441,100,1,O,0,0,0,0,2,,,,,,0,0,,,,,0
33.654657,1779967183.652852,10261,,BS2DCE,,f,0,0,2618,2618,100,1,O,0,0,0,0,2,,,,,,0,0,,,,,0
33.654657,1779967183.652852,10261,,BS2DCE,,f,0,1,1786,1786,100,1,O,0,0,0,0,2,,,,,,0,0,,,,,0
33.654657,1779967183.652852,10261,,BS2DCE,,f,0,2,1788,1788,100,1,O,0,0,0,0,2,,,,,,0,0,,,,,0
33.654657,1779967183.652852,10261,,BS2DCE,,f,0,3,2456,2456,100,1,O,0,0,0,0,2,,,,,,0,0,,,,,0
33.654657,1779967183.652852,10261,,BS2DCE,,f,0,4,2263,2263,100,1,O,0,0,0,0,2,,,,,,0,0,,,,,0
33.654657,1779967183.652852,10261,,BS2DCE,,f,0,5,1569,1569,100,1,O,0,0,0,0,2,,,,,,0,0,,,,,0
33.654657,1779967183.652852,10261,,BS2DCE,,f,0,6,1818,1818,100,1,O,0,0,0,0,2,,,,,,0,0,,,,,0
33.654657,1779967183.652852,10261,,BS2DCE,,f,0,7,2386,2386,100,1,O,0,0,0,0,2,,,,,,0,0,,,,,0
33.759643,1779967183.757838,10262,,BS2DCE,,f,0,0,2549,2549,100,1,O,0,0,0,0,2,,,,,,0,0,,,,,0
33.759643,1779967183.757838,10262,,BS2DCE,,f,0,1,1826,1826,100,1,O,0,0,0,0,2,,,,,,0,0,,,,,0
33.759643,1779967183.757838,10262,,BS2DCE,,f,0,2,1820,1820,100,1,O,0,0,0,0,2,,,,,,0,0,,,,,0
33.759643,1779967183.757838,10262,,BS2DCE,,f,0,3,2540,2540,100,1,O,0,0,0,0,2,,,,,,0,0,,,,,0
33.759643,1779967183.757838,10262,,BS2DCE,,f,0,4,2225,2225,100,1,O,0,0,0,0,2,,,,,,0,0,,,,,0
33.759643,1779967183.757838,10262,,BS2DCE,,f,0,5,1565,1565,100,1,O,0,0,0,0,2,,,,,,0,0,,,,,0
33.759643,1779967183.757838,10262,,BS2DCE,,f,0,6,1829,1829,100,1,O,0,0,0,0,2,,,,,,0,0,,,,,0
33.759643,1779967183.757838,10262,,BS2DCE,,f,0,7,2434,2434,100,1,O,0,0,0,0,2,,,,,,0,0,,,,,0
33.85718,1779967183.855375,10263,,BS2DCE,,f,0,0,2511,2511,100,1,O,0,0,0,0,2,,,,,,0,0,,,,,0
33.85718,1779967183.855375,10263,,BS2DCE,,f,0,1,1911,1911,100,1,O,0,0,0,0,2,,,,,,0,0,,,,,0
33.85718,1779967183.855375,10263,,BS2DCE,,f,0,2,1986,1986,100,1,O,0,0,0,0,2,,,,,,0,0,,,,,0
33.85718,1779967183.855375,10263,,BS2DCE,,f,0,3,2601,2601,100,1,O,0,0,0,0,2,,,,,,0,0,,,,,0
33.85718,1779967183.855375,10263,,BS2DCE,,f,0,4,2136,2136,100,1,O,0,0,0,0,2,,,,,,0,0,,,,,0
33.85718,1779967183.855375,10263,,BS2DCE,,f,0,5,1668,1668,100,1,O,0,0,0,0,2,,,,,,0,0,,,,,0
33.85718,1779967183.855375,10263,,BS2DCE,,f,0,6,1845,1845,100,1,O,0,0,0,0,2,,,,,,0,0,,,,,0
33.85718,1779967183.855375,10263,,BS2DCE,,f,0,7,2352,2352,100,1,O,0,0,0,0,2,,,,,,0,0,,,,,0
33.965204,1779967183.963399,10264,,BS2DCE,,f,0,0,2432,2432,100,1,O,0,0,0,0,2,,,,,,0,0,,,,,0
33.965204,1779967183.963399,10264,,BS2DCE,,f,0,1,2048,2048,100,1,O,0,0,0,0,2,,,,,,0,0,,,,,0
33.965204,1779967183.963399,10264,,BS2DCE,,f,0,2,2040,2040,100,1,O,0,0,0,0,2,,,,,,0,0,,,,,0
33.965204,1779967183.963399,10264,,BS2DCE,,f,0,3,2680,2680,100,1,O,0,0,0,0,2,,,,,,0,0,,,,,0
33.965204,1779967183.963399,10264,,BS2DCE,,f,0,4,2112,2112,100,1,O,0,0,0,0,2,,,,,,0,0,,,,,0
33.965204,1779967183.963399,10264,,BS2DCE,,f,0,5,1673,1673,100,1,O,0,0,0,0,2,,,,,,0,0,,,,,0
33.965204,1779967183.963399,10264,,BS2DCE,,f,0,6,1856,1856,100,1,O,0,0,0,0,2,,,,,,0,0,,,,,0
33.965204,1779967183.963399,10264,,BS2DCE,,f,0,7,2314,2314,100,1,O,0,0,0,0,2,,,,,,0,0,,,,,0
34.06722,1779967184.065415,10265,,BS2DCE,,f,0,0,2354,2354,100,1,O,0,0,0,0,2,,,,,,0,0,,,,,0
34.06722,1779967184.065415,10265,,BS2DCE,,f,0,1,2009,2009,100,1,O,0,0,0,0,2,,,,,,0,0,,,,,0
34.06722,1779967184.065415,10265,,BS2DCE,,f,0,2,2016,2016,100,1,O,0,0,0,0,2,,,,,,0,0,,,,,0
34.06722,1779967184.065415,10265,,BS2DCE,,f,0,3,2727,2727,100,1,O,0,0,0,0,2,,,,,,0,0,,,,,0
34.06722,1779967184.065415,10265,,BS2DCE,,f,0,4,2054,2054,100,1,O,0,0,0,0,2,,,,,,0,0,,,,,0
34.06722,1779967184.065415,10265,,BS2DCE,,f,0,5,1745,1745,100,1,O,0,0,0,0,2,,,,,,0,0,,,,,0
34.06722,1779967184.065415,10265,,BS2DCE,,f,0,6,1893,1893,100,1,O,0,0,0,0,2,,,,,,0,0,,,,,0
34.06722,1779967184.065415,10265,,BS2DCE,,f,0,7,2244,2244,100,1,O,0,0,0,0,2,,,,,,0,0,,,,,0
34.202113,1779967184.200308,10266,,BS2DCE,,f,0,0,2247,2247,100,1,O,0,0,0,0,2,,,,,,0,0,,,,,0
34.202113,1779967184.200308,10266,,BS2DCE,,f,0,1,2069,2069,100,1,O,0,0,0,0,2,,,,,,0,0,,,,,0
34.202113,1779967184.200308,10266,,BS2DCE,,f,0,2,2055,2055,100,1,O,0,0,0,0,2,,,,,,0,0,,,,,0
34.202113,1779967184.200308,10266,,BS2DCE,,f,0,3,2536,2536,100,1,O,0,0,0,0,2,,,,,,0,0,,,,,0
34.202113,1779967184.200308,10266,,BS2DCE,,f,0,4,1965,1965,100,1,O,0,0,0,0,2,,,,,,0,0,,,,,0
34.202113,1779967184.200308,10266,,BS2DCE,,f,0,5,1679,1679,100,1,O,0,0,0,0,2,,,,,,0,0,,,,,0
34.202113,1779967184.200308,10266,,BS2DCE,,f,0,6,1876,1876,100,1,O,0,0,0,0,2,,,,,,0,0,,,,,0
34.202113,1779967184.200308,10266,,BS2DCE,,f,0,7,2198,2198,100,1,O,0,0,0,0,2,,,,,,0,0,,,,,0
34.254661,1779967184.252856,10267,,BS2DCE,,f,0,0,2154,2154,100,1,O,0,0,0,0,2,,,,,,0,0,,,,,0
34.254661,1779967184.252856,10267,,BS2DCE,,f,0,1,2060,2060,100,1,O,0,0,0,0,2,,,,,,0,0,,,,,0
34.254661,1779967184.252856,10267,,BS2DCE,,f,0,2,2141,2141,100,1,O,0,0,0,0,2,,,,,,0,0,,,,,0
34.254661,1779967184.252856,10267,,BS2DCE,,f,0,3,2453,2453,100,1,O,0,0,0,0,2,,,,,,0,0,,,,,0
34.254661,1779967184.252856,10267,,BS2DCE,,f,0,4,1882,1882,100,1,O,0,0,0,0,2,,,,,,0,0,,,,,0
34.254661,1779967184.252856,10267,,BS2DCE,,f,0,5,1659,1659,100,1,O,0,0,0,0,2,,,,,,0,0,,,,,0
34.254661,1779967184.252856,10267,,BS2DCE,,f,0,6,1935,1935,100,1,O,0,0,0,0,2,,,,,,0,0,,,,,0
34.254661,1779967184.252856,10267,,BS2DCE,,f,0,7,2107,2107,100,1,O,0,0,0,0,2,,,,,,0,0,,,,,0
34.429594,1779967184.427789,10268,,BS2DCE,,f,0,0,2205,2205,100,1,O,0,0,0,0,2,,,,,,0,0,,,,,0
34.429594,1779967184.427789,10268,,BS2DCE,,f,0,1,2019,2019,100,1,O,0,0,0,0,2,,,,,,0,0,,,,,0
34.429594,1779967184.427789,10268,,BS2DCE,,f,0,2,2229,2229,100,1,O,0,0,0,0,2,,,,,,0,0,,,,,0
34.429594,1779967184.427789,10268,,BS2DCE,,f,0,3,2521,2521,100,1,O,0,0,0,0,2,,,,,,0,0,,,,,0
34.429594,1779967184.427789,10268,,BS2DCE,,f,0,4,1840,1840,100,1,O,0,0,0,0,2,,,,,,0,0,,,,,0
34.429594,1779967184.427789,10268,,BS2DCE,,f,0,5,1767,1767,100,1,O,0,0,0,0,2,,,,,,0,0,,,,,0
34.429594,1779967184.427789,10268,,BS2DCE,,f,0,6,1985,1985,100,1,O,0,0,0,0,2,,,,,,0,0,,,,,0
34.429594,1779967184.427789,10268,,BS2DCE,,f,0,7,2074,2074,100,1,O,0,0,0,0,2,,,,,,0,0,,,,,0
34.457254,1779967184.455449,10269,,BS2DCE,,f,0,0,2131,2131,100,1,O,0,0,0,0,2,,,,,,0,0,,,,,0
34.457254,1779967184.455449,10269,,BS2DCE,,f,0,1,2141,2141,100,1,O,0,0,0,0,2,,,,,,0,0,,,,,0
34.457254,1779967184.455449,10269,,BS2DCE,,f,0,2,2265,2265,100,1,O,0,0,0,0,2,,,,,,0,0,,,,,0
34.457254,1779967184.455449,10269,,BS2DCE,,f,0,3,2364,2364,100,1,O,0,0,0,0,2,,,,,,0,0,,,,,0
34.457254,1779967184.455449,10269,,BS2DCE,,f,0,4,1740,1740,100,1,O,0,0,0,0,2,,,,,,0,0,,,,,0
34.457254,1779967184.455449,10269,,BS2DCE,,f,0,5,1779,1779,100,1,O,0,0,0,0,2,,,,,,0,0,,,,,0
34.457254,1779967184.455449,10269,,BS2DCE,,f,0,6,2083,2083,100,1,O,0,0,0,0,2,,,,,,0,0,,,,,0
34.457254,1779967184.455449,10269,,BS2DCE,,f,0,7,1993,1993,100,1,O,0,0,0,0,2,,,,,,0,0,,,,,0
34.57701,1779967184.575205,10270,,BS2DCE,,f,0,0,2126,2126,100,1,O,0,0,0,0,2,,,,,,0,0,,,,,0
34.57701,1779967184.575205,10270,,BS2DCE,,f,0,1,2239,2239,100,1,O,0,0,0,0,2,,,,,,0,0,,,,,0
34.57701,1779967184.575205,10270,,BS2DCE,,f,0,2,2276,2276,100,1,O,0,0,0,0,2,,,,,,0,0,,,,,0
34.57701,1779967184.575205,10270,,BS2DCE,,f,0,3,2299,2299,100,1,O,0,0,0,0,2,,,,,,0,0,,,,,0
34.57701,1779967184.575205,10270,,BS2DCE,,f,0,4,1692,1692,100,1,O,0,0,0,0,2,,,,,,0,0,,,,,0
34.57701,1779967184.575205,10270,,BS2DCE,,f,0,5,1872,1872,100,1,O,0,0,0,0,2,,,,,,0,0,,,,,0
34.57701,1779967184.575205,10270,,BS2DCE,,f,0,6,2076,2076,100,1,O,0,0,0,0,2,,,,,,0,0,,,,,0
34.57701,1779967184.575205,10270,,BS2DCE,,f,0,7,1961,1961,100,1,O,0,0,0,0,2,,,,,,0,0,,,,,0
34.667238,1779967184.665433,10271,,BS2DCE,,f,0,0,2082,2082,100,1,O,0,0,0,0,2,,,,,,0,0,,,,,0
34.667238,1779967184.665433,10271,,BS2DCE,,f,0,1,2197,2197,100,1,O,0,0,0,0,2,,,,,,0,0,,,,,0
34.667238,1779967184.665433,10271,,BS2DCE,,f,0,2,2322,2322,100,1,O,0,0,0,0,2,,,,,,0,0,,,,,0
34.667238,1779967184.665433,10271,,BS2DCE,,f,0,3,2174,2174,100,1,O,0,0,0,0,2,,,,,,0,0,,,,,0
34.667238,1779967184.665433,10271,,BS2DCE,,f,0,4,1624,1624,100,1,O,0,0,0,0,2,,,,,,0,0,,,,,0
34.667238,1779967184.665433,10271,,BS2DCE,,f,0,5,1886,1886,100,1,O,0,0,0,0,2,,,,,,0,0,,,,,0
34.667238,1779967184.665433,10271,,BS2DCE,,f,0,6,2103,2103,100,1,O,0,0,0,0,2,,,,,,0,0,,,,,0
34.667238,1779967184.665433,10271,,BS2DCE,,f,0,7,1893,1893,100,1,O,0,0,0,0,2,,,,,,0,0,,,,,0
34.772299,1779967184.770494,10272,,BS2DCE,,f,0,0,2076,2076,100,1,O,0,0,0,0,2,,,,,,0,0,,,,,0
34.772299,1779967184.770494,10272,,BS2DCE,,f,0,1,2548,2548,100,1,O,0,0,0,0,2,,,,,,0,0,,,,,0
34.772299,1779967184.770494,10272,,BS2DCE,,f,0,2,2475,2475,100,1,O,0,0,0,0,2,,,,,,0,0,,,,,0
34.772299,1779967184.770494,10272,,BS2DCE,,f,0,3,2222,2222,100,1,O,0,0,0,0,2,,,,,,0,0,,,,,0
34.772299,1779967184.770494,10272,,BS2DCE,,f,0,4,1626,1626,100,1,O,0,0,0,0,2,,,,,,0,0,,,,,0
34.772299,1779967184.770494,10272,,BS2DCE,,f,0,5,2040,2040,100,1,O,0,0,0,0,2,,,,,,0,0,,,,,0
34.772299,1779967184.770494,10272,,BS2DCE,,f,0,6,2174,2174,100,1,O,0,0,0,0,2,,,,,,0,0,,,,,0
34.772299,1779967184.770494,10272,,BS2DCE,,f,0,7,1878,1878,100,1,O,0,0,0,0,2,,,,,,0,0,,,,,0
34.856852,1779967184.855047,10273,,BS2DCE,,f,0,0,2091,2091,100,1,O,0,0,0,0,2,,,,,,0,0,,,,,0
34.856852,1779967184.855047,10273,,BS2DCE,,f,0,1,2435,2435,100,1,O,0,0,0,0,2,,,,,,0,0,,,,,0
34.856852,1779967184.855047,10273,,BS2DCE,,f,0,2,2541,2541,100,1,O,0,0,0,0,2,,,,,,0,0,,,,,0
34.856852,1779967184.855047,10273,,BS2DCE,,f,0,3,2188,2188,100,1,O,0,0,0,0,2,,,,,,0,0,,,,,0
34.856852,1779967184.855047,10273,,BS2DCE,,f,0,4,1809,1809,100,1,O,0,0,0,0,2,,,,,,0,0,,,,,0
34.856852,1779967184.855047,10273,,BS2DCE,,f,0,5,2175,2175,100,1,O,0,0,0,0,2,,,,,,0,0,,,,,0
34.856852,1779967184.855047,10273,,BS2DCE,,f,0,6,2178,2178,100,1,O,0,0,0,0,2,,,,,,0,0,,,,,0
34.856852,1779967184.855047,10273,,BS2DCE,,f,0,7,1771,1771,100,1,O,0,0,0,0,2,,,,,,0,0,,,,,0
34.959552,1779967184.957747,10274,,BS2DCE,,f,0,0,2016,2016,100,1,O,0,0,0,0,2,,,,,,0,0,,,,,0
34.959552,1779967184.957747,10274,,BS2DCE,,f,0,1,2399,2399,100,1,O,0,0,0,0,2,,,,,,0,0,,,,,0
34.959552,1779967184.957747,10274,,BS2DCE,,f,0,2,2605,2605,100,1,O,0,0,0,0,2,,,,,,0,0,,,,,0
34.959552,1779967184.957747,10274,,BS2DCE,,f,0,3,2127,2127,100,1,O,0,0,0,0,2,,,,,,0,0,,,,,0
34.959552,1779967184.957747,10274,,BS2DCE,,f,0,4,1888,1888,100,1,O,0,0,0,0,2,,,,,,0,0,,,,,0
34.959552,1779967184.957747,10274,,BS2DCE,,f,0,5,2225,2225,100,1,O,0,0,0,0,2,,,,,,0,0,,,,,0
34.959552,1779967184.957747,10274,,BS2DCE,,f,0,6,2250,2250,100,1,O,0,0,0,0,2,,,,,,0,0,,,,,0
34.959552,1779967184.957747,10274,,BS2DCE,,f,0,7,1800,1800,100,1,O,0,0,0,0,2,,,,,,0,0,,,,,0
35.057038,1779967185.055233,10275,,BS2DCE,,f,0,0,2014,2014,100,1,O,0,0,0,0,2,,,,,,0,0,,,,,0
35.057038,1779967185.055233,10275,,BS2DCE,,f,0,1,2369,2369,100,1,O,0,0,0,0,2,,,,,,0,0,,,,,0
35.057038,1779967185.055233,10275,,BS2DCE,,f,0,2,2483,2483,100,1,O,0,0,0,0,2,,,,,,0,0,,,,,0
35.057038,1779967185.055233,10275,,BS2DCE,,f,0,3,1999,1999,100,1,O,0,0,0,0,2,,,,,,0,0,,,,,0
35.057038,1779967185.055233,10275,,BS2DCE,,f,0,4,1797,1797,100,1,O,0,0,0,0,2,,,,,,0,0,,,,,0
35.057038,1779967185.055233,10275,,BS2DCE,,f,0,5,2221,2221,100,1,O,0,0,0,0,2,,,,,,0,0,,,,,0
35.057038,1779967185.055233,10275,,BS2DCE,,f,0,6,2250,2250,100,1,O,0,0,0,0,2,,,,,,0,0,,,,,0
35.057038,1779967185.055233,10275,,BS2DCE,,f,0,7,1812,1812,100,1,O,0,0,0,0,2,,,,,,0,0,,,,,0
35.162159,1779967185.160354,10276,,BS2DCE,,f,0,0,1947,1947,100,1,O,0,0,0,0,2,,,,,,0,0,,,,,0
35.162159,1779967185.160354,10276,,BS2DCE,,f,0,1,2405,2405,100,1,O,0,0,0,0,2,,,,,,0,0,,,,,0
35.162159,1779967185.160354,10276,,BS2DCE,,f,0,2,2295,2295,100,1,O,0,0,0,0,2,,,,,,0,0,,,,,0
35.162159,1779967185.160354,10276,,BS2DCE,,f,0,3,1905,1905,100,1,O,0,0,0,0,2,,,,,,0,0,,,,,0
35.162159,1779967185.160354,10276,,BS2DCE,,f,0,4,1689,1689,100,1,O,0,0,0,0,2,,,,,,0,0,,,,,0
35.162159,1779967185.160354,10276,,BS2DCE,,f,0,5,2335,2335,100,1,O,0,0,0,0,2,,,,,,0,0,,,,,0
35.162159,1779967185.160354,10276,,BS2DCE,,f,0,6,2351,2351,100,1,O,0,0,0,0,2,,,,,,0,0,,,,,0
35.162159,1779967185.160354,10276,,BS2DCE,,f,0,7,1739,1739,100,1,O,0,0,0,0,2,,,,,,0,0,,,,,0
35.282271,1779967185.280466,10277,,BS2DCE,,f,0,0,1913,1913,100,1,O,0,0,0,0,2,,,,,,0,0,,,,,0
35.282271,1779967185.280466,10277,,BS2DCE,,f,0,1,2424,2424,100,1,O,0,0,0,0,2,,,,,,0,0,,,,,0
35.282271,1779967185.280466,10277,,BS2DCE,,f,0,2,2312,2312,100,1,O,0,0,0,0,2,,,,,,0,0,,,,,0
35.282271,1779967185.280466,10277,,BS2DCE,,f,0,3,1780,1780,100,1,O,0,0,0,0,2,,,,,,0,0,,,,,0
35.282271,1779967185.280466,10277,,BS2DCE,,f,0,4,1797,1797,100,1,O,0,0,0,0,2,,,,,,0,0,,,,,0
35.282271,1779967185.280466,10277,,BS2DCE,,f,0,5,2309,2309,100,1,O,0,0,0,0,2,,,,,,0,0,,,,,0
35.282271,1779967185.280466,10277,,BS2DCE,,f,0,6,2326,2326,100,1,O,0,0,0,0,2,,,,,,0,0,,,,,0
35.282271,1779967185.280466,10277,,BS2DCE,,f,0,7,1692,1692,100,1,O,0,0,0,0,2,,,,,,0,0,,,,,0
35.419399,1779967185.417594,10278,,BS2DCE,,f,0,0,1935,1935,100,1,O,0,0,0,0,2,,,,,,0,0,,,,,0
35.419399,1779967185.417594,10278,,BS2DCE,,f,0,1,2397,2397,100,1,O,0,0,0,0,2,,,,,,0,0,,,,,0
35.419399,1779967185.417594,10278,,BS2DCE,,f,0,2,2300,2300,100,1,O,0,0,0,0,2,,,,,,0,0,,,,,0
35.419399,1779967185.417594,10278,,BS2DCE,,f,0,3,1721,1721,100,1,O,0,0,0,0,2,,,,,,0,0,,,,,0
35.419399,1779967185.417594,10278,,BS2DCE,,f,0,4,1787,1787,100,1,O,0,0,0,0,2,,,,,,0,0,,,,,0
35.419399,1779967185.417594,10278,,BS2DCE,,f,0,5,2380,2380,100,1,O,0,0,0,0,2,,,,,,0,0,,,,,0
35.419399,1779967185.417594,10278,,BS2DCE,,f,0,6,2276,2276,100,1,O,0,0,0,0,2,,,,,,0,0,,,,,0
35.419399,1779967185.417594,10278,,BS2DCE,,f,0,7,1670,1670,100,1,O,0,0,0,0,2,,,,,,0,0,,,,,0
35.470525,1779967185.46872,10279,,BS2DCE,,f,0,0,1901,1901,100,1,O,0,0,0,0,2,,,,,,0,0,,,,,0
35.470525,1779967185.46872,10279,,BS2DCE,,f,0,1,2467,2467,100,1,O,0,0,0,0,2,,,,,,0,0,,,,,0
35.470525,1779967185.46872,10279,,BS2DCE,,f,0,2,2306,2306,100,1,O,0,0,0,0,2,,,,,,0,0,,,,,0
35.470525,1779967185.46872,10279,,BS2DCE,,f,0,3,1720,1720,100,1,O,0,0,0,0,2,,,,,,0,0,,,,,0
35.470525,1779967185.46872,10279,,BS2DCE,,f,0,4,1830,1830,100,1,O,0,0,0,0,2,,,,,,0,0,,,,,0
35.470525,1779967185.46872,10279,,BS2DCE,,f,0,5,2352,2352,100,1,O,0,0,0,0,2,,,,,,0,0,,,,,0
35.470525,1779967185.46872,10279,,BS2DCE,,f,0,6,2222,2222,100,1,O,0,0,0,0,2,,,,,,0,0,,,,,0
35.470525,1779967185.46872,10279,,BS2DCE,,f,0,7,1687,1687,100,1,O,0,0,0,0,2,,,,,,0,0,,,,,0
35.574513,1779967185.572708,10280,,BS2DCE,,f,0,0,1965,1965,100,1,O,0,0,0,0,2,,,,,,0,0,,,,,0
35.574513,1779967185.572708,10280,,BS2DCE,,f,0,1,2627,2627,100,1,O,0,0,0,0,2,,,,,,0,0,,,,,0
35.574513,1779967185.572708,10280,,BS2DCE,,f,0,2,2174,2174,100,1,O,0,0,0,0,2,,,,,,0,0,,,,,0
35.574513,1779967185.572708,10280,,BS2DCE,,f,0,3,1634,1634,100,1,O,0,0,0,0,2,,,,,,0,0,,,,,0
35.574513,1779967185.572708,10280,,BS2DCE,,f,0,4,1903,1903,100,1,O,0,0,0,0,2,,,,,,0,0,,,,,0
35.574513,1779967185.572708,10280,,BS2DCE,,f,0,5,2292,2292,100,1,O,0,0,0,0,2,,,,,,0,0,,,,,0
35.574513,1779967185.572708,10280,,BS2DCE,,f,0,6,2224,2224,100,1,O,0,0,0,0,2,,,,,,0,0,,,,,0
35.574513,1779967185.572708,10280,,BS2DCE,,f,0,7,1713,1713,100,1,O,0,0,0,0,2,,,,,,0,0,,,,,0
35.657111,1779967185.655306,10281,,BS2DCE,,f,0,0,2083,2083,100,1,O,0,0,0,0,2,,,,,,0,0,,,,,0
35.657111,1779967185.655306,10281,,BS2DCE,,f,0,1,2691,2691,100,1,O,0,0,0,0,2,,,,,,0,0,,,,,0
35.657111,1779967185.655306,10281,,BS2DCE,,f,0,2,2099,2099,100,1,O,0,0,0,0,2,,,,,,0,0,,,,,0
35.657111,1779967185.655306,10281,,BS2DCE,,f,0,3,1637,1637,100,1,O,0,0,0,0,2,,,,,,0,0,,,,,0
35.657111,1779967185.655306,10281,,BS2DCE,,f,0,4,1921,1921,100,1,O,0,0,0,0,2,,,,,,0,0,,,,,0
35.657111,1779967185.655306,10281,,BS2DCE,,f,0,5,2430,2430,100,1,O,0,0,0,0,2,,,,,,0,0,,,,,0
35.657111,1779967185.655306,10281,,BS2DCE,,f,0,6,2200,2200,100,1,O,0,0,0,0,2,,,,,,0,0,,,,,0
35.657111,1779967185.655306,10281,,BS2DCE,,f,0,7,1663,1663,100,1,O,0,0,0,0,2,,,,,,0,0,,,,,0
35.762203,1779967185.760398,10282,,BS2DCE,,f,0,0,2128,2128,100,1,O,0,0,0,0,2,,,,,,0,0,,,,,0
35.762203,1779967185.760398,10282,,BS2DCE,,f,0,1,2626,2626,100,1,O,0,0,0,0,2,,,,,,0,0,,,,,0
35.762203,1779967185.760398,10282,,BS2DCE,,f,0,2,2085,2085,100,1,O,0,0,0,0,2,,,,,,0,0,,,,,0
35.762203,1779967185.760398,10282,,BS2DCE,,f,0,3,1650,1650,100,1,O,0,0,0,0,2,,,,,,0,0,,,,,0
35.762203,1779967185.760398,10282,,BS2DCE,,f,0,4,1963,1963,100,1,O,0,0,0,0,2,,,,,,0,0,,,,,0
35.762203,1779967185.760398,10282,,BS2DCE,,f,0,5,2493,2493,100,1,O,0,0,0,0,2,,,,,,0,0,,,,,0
35.762203,1779967185.760398,10282,,BS2DCE,,f,0,6,2167,2167,100,1,O,0,0,0,0,2,,,,,,0,0,,,,,0
35.762203,1779967185.760398,10282,,BS2DCE,,f,0,7,1697,1697,100,1,O,0,0,0,0,2,,,,,,0,0,,,,,0
35.880624,1779967185.878819,10283,,BS2DCE,,f,0,0,2209,2209,100,1,O,0,0,0,0,2,,,,,,0,0,,,,,0
35.880624,1779967185.878819,10283,,BS2DCE,,f,0,1,2512,2512,100,1,O,0,0,0,0,2,,,,,,0,0,,,,,0
35.880624,1779967185.878819,10283,,BS2DCE,,f,0,2,2003,2003,100,1,O,0,0,0,0,2,,,,,,0,0,,,,,0
35.880624,1779967185.878819,10283,,BS2DCE,,f,0,3,1573,1573,100,1,O,0,0,0,0,2,,,,,,0,0,,,,,0
35.880624,1779967185.878819,10283,,BS2DCE,,f,0,4,1968,1968,100,1,O,0,0,0,0,2,,,,,,0,0,,,,,0
35.880624,1779967185.878819,10283,,BS2DCE,,f,0,5,2491,2491,100,1,O,0,0,0,0,2,,,,,,0,0,,,,,0
35.880624,1779967185.878819,10283,,BS2DCE,,f,0,6,2210,2210,100,1,O,0,0,0,0,2,,,,,,0,0,,,,,0
35.880624,1779967185.878819,10283,,BS2DCE,,f,0,7,1745,1745,100,1,O,0,0,0,0,2,,,,,,0,0,,,,,0
36.002416,1779967186.000611,10284,,BS2DCE,,f,0,0,2495,2495,100,1,O,0,0,0,0,2,,,,,,0,0,,,,,0
36.002416,1779967186.000611,10284,,BS2DCE,,f,0,1,2431,2431,100,1,O,0,0,0,0,2,,,,,,0,0,,,,,0
36.002416,1779967186.000611,10284,,BS2DCE,,f,0,2,1979,1979,100,1,O,0,0,0,0,2,,,,,,0,0,,,,,0
36.002416,1779967186.000611,10284,,BS2DCE,,f,0,3,1532,1532,100,1,O,0,0,0,0,2,,,,,,0,0,,,,,0
36.002416,1779967186.000611,10284,,BS2DCE,,f,0,4,2066,2066,100,1,O,0,0,0,0,2,,,,,,0,0,,,,,0
36.002416,1779967186.000611,10284,,BS2DCE,,f,0,5,2683,2683,100,1,O,0,0,0,0,2,,,,,,0,0,,,,,0
36.002416,1779967186.000611,10284,,BS2DCE,,f,0,6,2223,2223,100,1,O,0,0,0,0,2,,,,,,0,0,,,,,0
36.002416,1779967186.000611,10284,,BS2DCE,,f,0,7,1730,1730,100,1,O,0,0,0,0,2,,,,,,0,0,,,,,0
36.054478,1779967186.052673,10285,,BS2DCE,,f,0,0,2329,2329,100,1,O,0,0,0,0,2,,,,,,0,0,,,,,0
36.054478,1779967186.052673,10285,,BS2DCE,,f,0,1,2471,2471,100,1,O,0,0,0,0,2,,,,,,0,0,,,,,0
36.054478,1779967186.052673,10285,,BS2DCE,,f,0,2,1982,1982,100,1,O,0,0,0,0,2,,,,,,0,0,,,,,0
36.054478,1779967186.052673,10285,,BS2DCE,,f,0,3,1688,1688,100,1,O,0,0,0,0,2,,,,,,0,0,,,,,0
36.054478,1779967186.052673,10285,,BS2DCE,,f,0,4,2078,2078,100,1,O,0,0,0,0,2,,,,,,0,0,,,,,0
36.054478,1779967186.052673,10285,,BS2DCE,,f,0,5,2717,2717,100,1,O,0,0,0,0,2,,,,,,0,0,,,,,0
36.054478,1779967186.052673,10285,,BS2DCE,,f,0,6,2239,2239,100,1,O,0,0,0,0,2,,,,,,0,0,,,,,0
36.054478,1779967186.052673,10285,,BS2DCE,,f,0,7,1723,1723,100,1,O,0,0,0,0,2,,,,,,0,0,,,,,0
36.15957,1779967186.157765,10286,,BS2DCE,,f,0,0,2242,2242,100,1,O,0,0,0,0,2,,,,,,0,0,,,,,0
36.15957,1779967186.157765,10286,,BS2DCE,,f,0,1,2336,2336,100,1,O,0,0,0,0,2,,,,,,0,0,,,,,0
36.15957,1779967186.157765,10286,,BS2DCE,,f,0,2,1991,1991,100,1,O,0,0,0,0,2,,,,,,0,0,,,,,0
36.15957,1779967186.157765,10286,,BS2DCE,,f,0,3,1803,1803,100,1,O,0,0,0,0,2,,,,,,0,0,,,,,0
36.15957,1779967186.157765,10286,,BS2DCE,,f,0,4,2142,2142,100,1,O,0,0,0,0,2,,,,,,0,0,,,,,0
36.15957,1779967186.157765,10286,,BS2DCE,,f,0,5,2704,2704,100,1,O,0,0,0,0,2,,,,,,0,0,,,,,0
36.15957,1779967186.157765,10286,,BS2DCE,,f,0,6,2352,2352,100,1,O,0,0,0,0,2,,,,,,0,0,,,,,0
36.15957,1779967186.157765,10286,,BS2DCE,,f,0,7,1782,1782,100,1,O,0,0,0,0,2,,,,,,0,0,,,,,0
36.256951,1779967186.255146,10287,,BS2DCE,,f,0,0,2187,2187,100,1,O,0,0,0,0,2,,,,,,0,0,,,,,0
36.256951,1779967186.255146,10287,,BS2DCE,,f,0,1,2374,2374,100,1,O,0,0,0,0,2,,,,,,0,0,,,,,0
36.256951,1779967186.255146,10287,,BS2DCE,,f,0,2,1840,1840,100,1,O,0,0,0,0,2,,,,,,0,0,,,,,0
36.256951,1779967186.255146,10287,,BS2DCE,,f,0,3,1863,1863,100,1,O,0,0,0,0,2,,,,,,0,0,,,,,0
36.256951,1779967186.255146,10287,,BS2DCE,,f,0,4,2196,2196,100,1,O,0,0,0,0,2,,,,,,0,0,,,,,0
36.256951,1779967186.255146,10287,,BS2DCE,,f,0,5,2648,2648,100,1,O,0,0,0,0,2,,,,,,0,0,,,,,0
36.256951,1779967186.255146,10287,,BS2DCE,,f,0,6,2320,2320,100,1,O,0,0,0,0,2,,,,,,0,0,,,,,0
36.256951,1779967186.255146,10287,,BS2DCE,,f,0,7,1813,1813,100,1,O,0,0,0,0,2,,,,,,0,0,,,,,0
36.416831,1779967186.415026,10288,,BS2DCE,,f,0,0,2200,2200,100,1,O,0,0,0,0,2,,,,,,0,0,,,,,0
36.416831,1779967186.415026,10288,,BS2DCE,,f,0,1,2283,2283,100,1,O,0,0,0,0,2,,,,,,0,0,,,,,0
36.416831,1779967186.415026,10288,,BS2DCE,,f,0,2,1946,1946,100,1,O,0,0,0,0,2,,,,,,0,0,,,,,0
36.416831,1779967186.415026,10288,,BS2DCE,,f,0,3,1810,1810,100,1,O,0,0,0,0,2,,,,,,0,0,,,,,0
36.416831,1779967186.415026,10288,,BS2DCE,,f,0,4,2234,2234,100,1,O,0,0,0,0,2,,,,,,0,0,,,,,0
36.416831,1779967186.415026,10288,,BS2DCE,,f,0,5,2460,2460,100,1,O,0,0,0,0,2,,,,,,0,0,,,,,0
36.416831,1779967186.415026,10288,,BS2DCE,,f,0,6,2354,2354,100,1,O,0,0,0,0,2,,,,,,0,0,,,,,0
36.416831,1779967186.415026,10288,,BS2DCE,,f,0,7,1796,1796,100,1,O,0,0,0,0,2,,,,,,0,0,,,,,0
36.46692,1779967186.465115,10289,,BS2DCE,,f,0,0,2252,2252,100,1,O,0,0,0,0,2,,,,,,0,0,,,,,0
36.46692,1779967186.465115,10289,,BS2DCE,,f,0,1,2255,2255,100,1,O,0,0,0,0,2,,,,,,0,0,,,,,0
36.46692,1779967186.465115,10289,,BS2DCE,,f,0,2,1863,1863,100,1,O,0,0,0,0,2,,,,,,0,0,,,,,0
36.46692,1779967186.465115,10289,,BS2DCE,,f,0,3,1819,1819,100,1,O,0,0,0,0,2,,,,,,0,0,,,,,0
36.46692,1779967186.465115,10289,,BS2DCE,,f,0,4,2142,2142,100,1,O,0,0,0,0,2,,,,,,0,0,,,,,0
36.46692,1779967186.465115,10289,,BS2DCE,,f,0,5,2466,2466,100,1,O,0,0,0,0,2,,,,,,0,0,,,,,0
36.46692,1779967186.465115,10289,,BS2DCE,,f,0,6,2211,2211,100,1,O,0,0,0,0,2,,,,,,0,0,,,,,0
36.46692,1779967186.465115,10289,,BS2DCE,,f,0,7,1813,1813,100,1,O,0,0,0,0,2,,,,,,0,0,,,,,0
36.572041,1779967186.570236,10290,,BS2DCE,,f,0,0,2151,2151,100,1,O,0,0,0,0,2,,,,,,0,0,,,,,0
36.572041,1779967186.570236,10290,,BS2DCE,,f,0,1,2214,2214,100,1,O,0,0,0,0,2,,,,,,0,0,,,,,0
36.572041,1779967186.570236,10290,,BS2DCE,,f,0,2,1800,1800,100,1,O,0,0,0,0,2,,,,,,0,0,,,,,0
36.572041,1779967186.570236,10290,,BS2DCE,,f,0,3,1825,1825,100,1,O,0,0,0,0,2,,,,,,0,0,,,,,0
36.572041,1779967186.570236,10290,,BS2DCE,,f,0,4,2249,2249,100,1,O,0,0,0,0,2,,,,,,0,0,,,,,0
36.572041,1779967186.570236,10290,,BS2DCE,,f,0,5,2382,2382,100,1,O,0,0,0,0,2,,,,,,0,0,,,,,0
36.572041,1779967186.570236,10290,,BS2DCE,,f,0,6,2225,2225,100,1,O,0,0,0,0,2,,,,,,0,0,,,,,0
36.572041,1779967186.570236,10290,,BS2DCE,,f,0,7,1820,1820,100,1,O,0,0,0,0,2,,,,,,0,0,,,,,0
36.654592,1779967186.652787,10291,,BS2DCE,,f,0,0,2136,2136,100,1,O,0,0,0,0,2,,,,,,0,0,,,,,0
36.654592,1779967186.652787,10291,,BS2DCE,,f,0,1,2190,2190,100,1,O,0,0,0,0,2,,,,,,0,0,,,,,0
36.654592,1779967186.652787,10291,,BS2DCE,,f,0,2,1728,1728,100,1,O,0,0,0,0,2,,,,,,0,0,,,,,0
36.654592,1779967186.652787,10291,,BS2DCE,,f,0,3,1843,1843,100,1,O,0,0,0,0,2,,,,,,0,0,,,,,0
36.654592,1779967186.652787,10291,,BS2DCE,,f,0,4,2309,2309,100,1,O,0,0,0,0,2,,,,,,0,0,,,,,0
36.654592,1779967186.652787,10291,,BS2DCE,,f,0,5,2334,2334,100,1,O,0,0,0,0,2,,,,,,0,0,,,,,0
36.654592,1779967186.652787,10291,,BS2DCE,,f,0,6,2113,2113,100,1,O,0,0,0,0,2,,,,,,0,0,,,,,0
36.654592,1779967186.652787,10291,,BS2DCE,,f,0,7,1865,1865,100,1,O,0,0,0,0,2,,,,,,0,0,,,,,0
36.759603,1779967186.757798,10292,,BS2DCE,,f,0,0,2146,2146,100,1,O,0,0,0,0,2,,,,,,0,0,,,,,0
36.759603,1779967186.757798,10292,,BS2DCE,,f,0,1,2169,2169,100,1,O,0,0,0,0,2,,,,,,0,0,,,,,0
36.759603,1779967186.757798,10292,,BS2DCE,,f,0,2,1731,1731,100,1,O,0,0,0,0,2,,,,,,0,0,,,,,0
36.759603,1779967186.757798,10292,,BS2DCE,,f,0,3,1905,1905,100,1,O,0,0,0,0,2,,,,,,0,0,,,,,0
36.759603,1779967186.757798,10292,,BS2DCE,,f,0,4,2347,2347,100,1,O,0,0,0,0,2,,,,,,0,0,,,,,0
36.759603,1779967186.757798,10292,,BS2DCE,,f,0,5,2261,2261,100,1,O,0,0,0,0,2,,,,,,0,0,,,,,0
36.759603,1779967186.757798,10292,,BS2DCE,,f,0,6,2030,2030,100,1,O,0,0,0,0,2,,,,,,0,0,,,,,0
36.759603,1779967186.757798,10292,,BS2DCE,,f,0,7,1898,1898,100,1,O,0,0,0,0,2,,,,,,0,0,,,,,0
36.85714,1779967186.855335,10293,,BS2DCE,,f,0,0,2211,2211,100,1,O,0,0,0,0,2,,,,,,0,0,,,,,0
36.85714,1779967186.855335,10293,,BS2DCE,,f,0,1,2199,2199,100,1,O,0,0,0,0,2,,,,,,0,0,,,,,0
36.85714,1779967186.855335,10293,,BS2DCE,,f,0,2,1656,1656,100,1,O,0,0,0,0,2,,,,,,0,0,,,,,0
36.85714,1779967186.855335,10293,,BS2DCE,,f,0,3,1866,1866,100,1,O,0,0,0,0,2,,,,,,0,0,,,,,0
36.85714,1779967186.855335,10293,,BS2DCE,,f,0,4,2344,2344,100,1,O,0,0,0,0,2,,,,,,0,0,,,,,0
36.85714,1779967186.855335,10293,,BS2DCE,,f,0,5,2307,2307,100,1,O,0,0,0,0,2,,,,,,0,0,,,,,0
36.85714,1779967186.855335,10293,,BS2DCE,,f,0,6,1983,1983,100,1,O,0,0,0,0,2,,,,,,0,0,,,,,0
36.85714,1779967186.855335,10293,,BS2DCE,,f,0,7,1889,1889,100,1,O,0,0,0,0,2,,,,,,0,0,,,,,0
36.963226,1779967186.961421,10294,,BS2DCE,,f,0,0,2257,2257,100,1,O,0,0,0,0,2,,,,,,0,0,,,,,0
36.963226,1779967186.961421,10294,,BS2DCE,,f,0,1,2115,2115,100,1,O,0,0,0,0,2,,,,,,0,0,,,,,0
36.963226,1779967186.961421,10294,,BS2DCE,,f,0,2,1604,1604,100,1,O,0,0,0,0,2,,,,,,0,0,,,,,0
36.963226,1779967186.961421,10294,,BS2DCE,,f,0,3,1806,1806,100,1,O,0,0,0,0,2,,,,,,0,0,,,,,0
36.963226,1779967186.961421,10294,,BS2DCE,,f,0,4,2302,2302,100,1,O,0,0,0,0,2,,,,,,0,0,,,,,0
36.963226,1779967186.961421,10294,,BS2DCE,,f,0,5,2277,2277,100,1,O,0,0,0,0,2,,,,,,0,0,,,,,0
36.963226,1779967186.961421,10294,,BS2DCE,,f,0,6,1886,1886,100,1,O,0,0,0,0,2,,,,,,0,0,,,,,0
36.963226,1779967186.961421,10294,,BS2DCE,,f,0,7,1901,1901,100,1,O,0,0,0,0,2,,,,,,0,0,,,,,0
37.082346,1779967187.080541,10295,,BS2DCE,,f,0,0,2304,2304,100,1,O,0,0,0,0,2,,,,,,0,0,,,,,0
37.082346,1779967187.080541,10295,,BS2DCE,,f,0,1,2151,2151,100,1,O,0,0,0,0,2,,,,,,0,0,,,,,0
37.082346,1779967187.080541,10295,,BS2DCE,,f,0,2,1614,1614,100,1,O,0,0,0,0,2,,,,,,0,0,,,,,0
37.082346,1779967187.080541,10295,,BS2DCE,,f,0,3,1870,1870,100,1,O,0,0,0,0,2,,,,,,0,0,,,,,0
37.082346,1779967187.080541,10295,,BS2DCE,,f,0,4,2402,2402,100,1,O,0,0,0,0,2,,,,,,0,0,,,,,0
37.082346,1779967187.080541,10295,,BS2DCE,,f,0,5,2291,2291,100,1,O,0,0,0,0,2,,,,,,0,0,,,,,0
37.082346,1779967187.080541,10295,,BS2DCE,,f,0,6,1818,1818,100,1,O,0,0,0,0,2,,,,,,0,0,,,,,0
37.082346,1779967187.080541,10295,,BS2DCE,,f,0,7,1893,1893,100,1,O,0,0,0,0,2,,,,,,0,0,,,,,0
37.171999,1779967187.170194,10296,,BS2DCE,,f,0,0,2258,2258,100,1,O,0,0,0,0,2,,,,,,0,0,,,,,0
37.171999,1779967187.170194,10296,,BS2DCE,,f,0,1,2065,2065,100,1,O,0,0,0,0,2,,,,,,0,0,,,,,0
37.171999,1779967187.170194,10296,,BS2DCE,,f,0,2,1581,1581,100,1,O,0,0,0,0,2,,,,,,0,0,,,,,0
37.171999,1779967187.170194,10296,,BS2DCE,,f,0,3,1952,1952,100,1,O,0,0,0,0,2,,,,,,0,0,,,,,0
37.171999,1779967187.170194,10296,,BS2DCE,,f,0,4,2386,2386,100,1,O,0,0,0,0,2,,,,,,0,0,,,,,0
37.171999,1779967187.170194,10296,,BS2DCE,,f,0,5,2372,2372,100,1,O,0,0,0,0,2,,,,,,0,0,,,,,0
37.171999,1779967187.170194,10296,,BS2DCE,,f,0,6,1819,1819,100,1,O,0,0,0,0,2,,,,,,0,0,,,,,0
37.171999,1779967187.170194,10296,,BS2DCE,,f,0,7,1982,1982,100,1,O,0,0,0,0,2,,,,,,0,0,,,,,0
37.254532,1779967187.252727,10297,,BS2DCE,,f,0,0,2310,2310,100,1,O,0,0,0,0,2,,,,,,0,0,,,,,0
37.254532,1779967187.252727,10297,,BS2DCE,,f,0,1,2083,2083,100,1,O,0,0,0,0,2,,,,,,0,0,,,,,0
37.254532,1779967187.252727,10297,,BS2DCE,,f,0,2,1503,1503,100,1,O,0,0,0,0,2,,,,,,0,0,,,,,0
37.254532,1779967187.252727,10297,,BS2DCE,,f,0,3,1844,1844,100,1,O,0,0,0,0,2,,,,,,0,0,,,,,0
37.254532,1779967187.252727,10297,,BS2DCE,,f,0,4,2475,2475,100,1,O,0,0,0,0,2,,,,,,0,0,,,,,0
37.254532,1779967187.252727,10297,,BS2DCE,,f,0,5,2291,2291,100,1,O,0,0,0,0,2,,,,,,0,0,,,,,0
37.254532,1779967187.252727,10297,,BS2DCE,,f,0,6,1818,1818,100,1,O,0,0,0,0,2,,,,,,0,0,,,,,0
37.254532,1779967187.252727,10297,,BS2DCE,,f,0,7,1969,1969,100,1,O,0,0,0,0,2,,,,,,0,0,,,,,0
37.461657,1779967187.459852,10298,,BS2DCE,,f,0,0,2360,2360,100,1,O,0,0,0,0,2,,,,,,0,0,,,,,0
37.461657,1779967187.459852,10298,,BS2DCE,,f,0,1,2063,2063,100,1,O,0,0,0,0,2,,,,,,0,0,,,,,0
37.461657,1779967187.459852,10298,,BS2DCE,,f,0,2,1522,1522,100,1,O,0,0,0,0,2,,,,,,0,0,,,,,0
37.461657,1779967187.459852,10298,,BS2DCE,,f,0,3,1966,1966,100,1,O,0,0,0,0,2,,,,,,0,0,,,,,0
37.461657,1779967187.459852,10298,,BS2DCE,,f,0,4,2466,2466,100,1,O,0,0,0,0,2,,,,,,0,0,,,,,0
37.461657,1779967187.459852,10298,,BS2DCE,,f,0,5,2210,2210,100,1,O,0,0,0,0,2,,,,,,0,0,,,,,0
37.461657,1779967187.459852,10298,,BS2DCE,,f,0,6,1753,1753,100,1,O,0,0,0,0,2,,,,,,0,0,,,,,0
37.461657,1779967187.459852,10298,,BS2DCE,,f,0,7,2010,2010,100,1,O,0,0,0,0,2,,,,,,0,0,,,,,0
37.479469,1779967187.477664,10299,,BS2DCE,,f,0,0,2396,2396,100,1,O,0,0,0,0,2,,,,,,0,0,,,,,0
37.479469,1779967187.477664,10299,,BS2DCE,,f,0,1,2053,2053,100,1,O,0,0,0,0,2,,,,,,0,0,,,,,0
37.479469,1779967187.477664,10299,,BS2DCE,,f,0,2,1483,1483,100,1,O,0,0,0,0,2,,,,,,0,0,,,,,0
37.479469,1779967187.477664,10299,,BS2DCE,,f,0,3,1952,1952,100,1,O,0,0,0,0,2,,,,,,0,0,,,,,0
37.479469,1779967187.477664,10299,,BS2DCE,,f,0,4,2521,2521,100,1,O,0,0,0,0,2,,,,,,0,0,,,,,0
37.479469,1779967187.477664,10299,,BS2DCE,,f,0,5,2181,2181,100,1,O,0,0,0,0,2,,,,,,0,0,,,,,0
37.479469,1779967187.477664,10299,,BS2DCE,,f,0,6,1775,1775,100,1,O,0,0,0,0,2,,,,,,0,0,,,,,0
37.479469,1779967187.477664,10299,,BS2DCE,,f,0,7,1876,1876,100,1,O,0,0,0,0,2,,,,,,0,0,,,,,0
37.576943,1779967187.575138,10300,,BS2DCE,,f,0,0,2348,2348,100,1,O,0,0,0,0,2,,,,,,0,0,,,,,0
37.576943,1779967187.575138,10300,,BS2DCE,,f,0,1,2075,2075,100,1,O,0,0,0,0,2,,,,,,0,0,,,,,0
37.576943,1779967187.575138,10300,,BS2DCE,,f,0,2,1600,1600,100,1,O,0,0,0,0,2,,,,,,0,0,,,,,0
37.576943,1779967187.575138,10300,,BS2DCE,,f,0,3,2032,2032,100,1,O,0,0,0,0,2,,,,,,0,0,,,,,0
37.576943,1779967187.575138,10300,,BS2DCE,,f,0,4,2547,2547,100,1,O,0,0,0,0,2,,,,,,0,0,,,,,0
37.576943,1779967187.575138,10300,,BS2DCE,,f,0,5,2184,2184,100,1,O,0,0,0,0,2,,,,,,0,0,,,,,0
37.576943,1779967187.575138,10300,,BS2DCE,,f,0,6,1759,1759,100,1,O,0,0,0,0,2,,,,,,0,0,,,,,0
37.576943,1779967187.575138,10300,,BS2DCE,,f,0,7,2003,2003,100,1,O,0,0,0,0,2,,,,,,0,0,,,,,0
37.667083,1779967187.665278,10301,,BS2DCE,,f,0,0,2431,2431,100,1,O,0,0,0,0,2,,,,,,0,0,,,,,0
37.667083,1779967187.665278,10301,,BS2DCE,,f,0,1,1975,1975,100,1,O,0,0,0,0,2,,,,,,0,0,,,,,0
37.667083,1779967187.665278,10301,,BS2DCE,,f,0,2,1470,1470,100,1,O,0,0,0,0,2,,,,,,0,0,,,,,0
37.667083,1779967187.665278,10301,,BS2DCE,,f,0,3,1976,1976,100,1,O,0,0,0,0,2,,,,,,0,0,,,,,0
37.667083,1779967187.665278,10301,,BS2DCE,,f,0,4,2509,2509,100,1,O,0,0,0,0,2,,,,,,0,0,,,,,0
37.667083,1779967187.665278,10301,,BS2DCE,,f,0,5,2023,2023,100,1,O,0,0,0,0,2,,,,,,0,0,,,,,0
37.667083,1779967187.665278,10301,,BS2DCE,,f,0,6,1795,1795,100,1,O,0,0,0,0,2,,,,,,0,0,,,,,0
37.667083,1779967187.665278,10301,,BS2DCE,,f,0,7,2095,2095,100,1,O,0,0,0,0,2,,,,,,0,0,,,,,0
37.802134,1779967187.800329,10302,,BS2DCE,,f,0,0,2445,2445,100,1,O,0,0,0,0,2,,,,,,0,0,,,,,0
37.802134,1779967187.800329,10302,,BS2DCE,,f,0,1,1986,1986,100,1,O,0,0,0,0,2,,,,,,0,0,,,,,0
37.802134,1779967187.800329,10302,,BS2DCE,,f,0,2,1446,1446,100,1,O,0,0,0,0,2,,,,,,0,0,,,,,0
37.802134,1779967187.800329,10302,,BS2DCE,,f,0,3,2022,2022,100,1,O,0,0,0,0,2,,,,,,0,0,,,,,0
37.802134,1779967187.800329,10302,,BS2DCE,,f,0,4,2503,2503,100,1,O,0,0,0,0,2,,,,,,0,0,,,,,0
37.802134,1779967187.800329,10302,,BS2DCE,,f,0,5,2186,2186,100,1,O,0,0,0,0,2,,,,,,0,0,,,,,0
37.802134,1779967187.800329,10302,,BS2DCE,,f,0,6,1711,1711,100,1,O,0,0,0,0,2,,,,,,0,0,,,,,0
37.802134,1779967187.800329,10302,,BS2DCE,,f,0,7,2155,2155,100,1,O,0,0,0,0,2,,,,,,0,0,,,,,0
37.854543,1779967187.852738,10303,,BS2DCE,,f,0,0,2493,2493,100,1,O,0,0,0,0,2,,,,,,0,0,,,,,0
37.854543,1779967187.852738,10303,,BS2DCE,,f,0,1,2006,2006,100,1,O,0,0,0,0,2,,,,,,0,0,,,,,0
37.854543,1779967187.852738,10303,,BS2DCE,,f,0,2,1420,1420,100,1,O,0,0,0,0,2,,,,,,0,0,,,,,0
37.854543,1779967187.852738,10303,,BS2DCE,,f,0,3,2080,2080,100,1,O,0,0,0,0,2,,,,,,0,0,,,,,0
37.854543,1779967187.852738,10303,,BS2DCE,,f,0,4,2556,2556,100,1,O,0,0,0,0,2,,,,,,0,0,,,,,0
37.854543,1779967187.852738,10303,,BS2DCE,,f,0,5,2053,2053,100,1,O,0,0,0,0,2,,,,,,0,0,,,,,0
37.854543,1779967187.852738,10303,,BS2DCE,,f,0,6,1647,1647,100,1,O,0,0,0,0,2,,,,,,0,0,,,,,0
37.854543,1779967187.852738,10303,,BS2DCE,,f,0,7,2149,2149,100,1,O,0,0,0,0,2,,,,,,0,0,,,,,0
37.971699,1779967187.969894,10304,,BS2DCE,,f,0,0,2460,2460,100,1,O,0,0,0,0,2,,,,,,0,0,,,,,0
37.971699,1779967187.969894,10304,,BS2DCE,,f,0,1,2080,2080,100,1,O,0,0,0,0,2,,,,,,0,0,,,,,0
37.971699,1779967187.969894,10304,,BS2DCE,,f,0,2,1461,1461,100,1,O,0,0,0,0,2,,,,,,0,0,,,,,0
37.971699,1779967187.969894,10304,,BS2DCE,,f,0,3,2084,2084,100,1,O,0,0,0,0,2,,,,,,0,0,,,,,0
37.971699,1779967187.969894,10304,,BS2DCE,,f,0,4,2641,2641,100,1,O,0,0,0,0,2,,,,,,0,0,,,,,0
37.971699,1779967187.969894,10304,,BS2DCE,,f,0,5,2008,2008,100,1,O,0,0,0,0,2,,,,,,0,0,,,,,0
37.971699,1779967187.969894,10304,,BS2DCE,,f,0,6,1640,1640,100,1,O,0,0,0,0,2,,,,,,0,0,,,,,0
37.971699,1779967187.969894,10304,,BS2DCE,,f,0,7,2187,2187,100,1,O,0,0,0,0,2,,,,,,0,0,,,,,0
38.056964,1779967188.055159,10305,,BS2DCE,,f,0,0,2533,2533,100,1,O,0,0,0,0,2,,,,,,0,0,,,,,0
38.056964,1779967188.055159,10305,,BS2DCE,,f,0,1,2062,2062,100,1,O,0,0,0,0,2,,,,,,0,0,,,,,0
38.056964,1779967188.055159,10305,,BS2DCE,,f,0,2,1492,1492,100,1,O,0,0,0,0,2,,,,,,0,0,,,,,0
38.056964,1779967188.055159,10305,,BS2DCE,,f,0,3,2173,2173,100,1,O,0,0,0,0,2,,,,,,0,0,,,,,0
38.056964,1779967188.055159,10305,,BS2DCE,,f,0,4,2649,2649,100,1,O,0,0,0,0,2,,,,,,0,0,,,,,0
38.056964,1779967188.055159,10305,,BS2DCE,,f,0,5,2049,2049,100,1,O,0,0,0,0,2,,,,,,0,0,,,,,0
38.056964,1779967188.055159,10305,,BS2DCE,,f,0,6,1634,1634,100,1,O,0,0,0,0,2,,,,,,0,0,,,,,0
38.056964,1779967188.055159,10305,,BS2DCE,,f,0,7,2190,2190,100,1,O,0,0,0,0,2,,,,,,0,0,,,,,0
38.162161,1779967188.160356,10306,,BS2DCE,,f,0,0,2547,2547,100,1,O,0,0,0,0,2,,,,,,0,0,,,,,0
38.162161,1779967188.160356,10306,,BS2DCE,,f,0,1,2305,2305,100,1,O,0,0,0,0,2,,,,,,0,0,,,,,0
38.162161,1779967188.160356,10306,,BS2DCE,,f,0,2,1545,1545,100,1,O,0,0,0,0,2,,,,,,0,0,,,,,0
38.162161,1779967188.160356,10306,,BS2DCE,,f,0,3,2197,2197,100,1,O,0,0,0,0,2,,,,,,0,0,,,,,0
38.162161,1779967188.160356,10306,,BS2DCE,,f,0,4,3892,3892,100,1,O,0,0,0,0,2,,,,,,0,0,,,,,0
38.162161,1779967188.160356,10306,,BS2DCE,,f,0,5,1931,1931,100,1,O,0,0,0,0,2,,,,,,0,0,,,,,0
38.162161,1779967188.160356,10306,,BS2DCE,,f,0,6,1648,1648,100,1,O,0,0,0,0,2,,,,,,0,0,,,,,0
38.162161,1779967188.160356,10306,,BS2DCE,,f,0,7,2193,2193,100,1,O,0,0,0,0,2,,,,,,0,0,,,,,0
38.267192,1779967188.265387,10307,,BS2DCE,,f,0,0,2607,2607,100,1,O,0,0,0,0,2,,,,,,0,0,,,,,0
38.267192,1779967188.265387,10307,,BS2DCE,,f,0,1,2298,2298,100,1,O,0,0,0,0,2,,,,,,0,0,,,,,0
38.267192,1779967188.265387,10307,,BS2DCE,,f,0,2,1724,1724,100,1,O,0,0,0,0,2,,,,,,0,0,,,,,0
38.267192,1779967188.265387,10307,,BS2DCE,,f,0,3,2182,2182,100,1,O,0,0,0,0,2,,,,,,0,0,,,,,0
38.267192,1779967188.265387,10307,,BS2DCE,,f,0,4,2657,2657,100,1,O,0,0,0,0,2,,,,,,0,0,,,,,0
38.267192,1779967188.265387,10307,,BS2DCE,,f,0,5,1970,1970,100,1,O,0,0,0,0,2,,,,,,0,0,,,,,0
38.267192,1779967188.265387,10307,,BS2DCE,,f,0,6,1625,1625,100,1,O,0,0,0,0,2,,,,,,0,0,,,,,0
38.267192,1779967188.265387,10307,,BS2DCE,,f,0,7,2221,2221,100,1,O,0,0,0,0,2,,,,,,0,0,,,,,0
38.419443,1779967188.417638,10308,,BS2DCE,,f,0,0,2683,2683,100,1,O,0,0,0,0,2,,,,,,0,0,,,,,0
38.419443,1779967188.417638,10308,,BS2DCE,,f,0,1,2070,2070,100,1,O,0,0,0,0,2,,,,,,0,0,,,,,0
38.419443,1779967188.417638,10308,,BS2DCE,,f,0,2,1593,1593,100,1,O,0,0,0,0,2,,,,,,0,0,,,,,0
38.419443,1779967188.417638,10308,,BS2DCE,,f,0,3,2256,2256,100,1,O,0,0,0,0,2,,,,,,0,0,,,,,0
38.419443,1779967188.417638,10308,,BS2DCE,,f,0,4,2619,2619,100,1,O,0,0,0,0,2,,,,,,0,0,,,,,0
38.419443,1779967188.417638,10308,,BS2DCE,,f,0,5,1761,1761,100,1,O,0,0,0,0,2,,,,,,0,0,,,,,0
38.419443,1779967188.417638,10308,,BS2DCE,,f,0,6,1619,1619,100,1,O,0,0,0,0,2,,,,,,0,0,,,,,0
38.419443,1779967188.417638,10308,,BS2DCE,,f,0,7,2275,2275,100,1,O,0,0,0,0,2,,,,,,0,0,,,,,0
38.455214,1779967188.453409,10309,,BS2DCE,,f,0,0,2661,2661,100,1,O,0,0,0,0,2,,,,,,0,0,,,,,0
38.455214,1779967188.453409,10309,,BS2DCE,,f,0,1,1977,1977,100,1,O,0,0,0,0,2,,,,,,0,0,,,,,0
38.455214,1779967188.453409,10309,,BS2DCE,,f,0,2,1604,1604,100,1,O,0,0,0,0,2,,,,,,0,0,,,,,0
38.455214,1779967188.453409,10309,,BS2DCE,,f,0,3,2200,2200,100,1,O,0,0,0,0,2,,,,,,0,0,,,,,0
38.455214,1779967188.453409,10309,,BS2DCE,,f,0,4,2576,2576,100,1,O,0,0,0,0,2,,,,,,0,0,,,,,0
38.455214,1779967188.453409,10309,,BS2DCE,,f,0,5,1909,1909,100,1,O,0,0,0,0,2,,,,,,0,0,,,,,0
38.455214,1779967188.453409,10309,,BS2DCE,,f,0,6,1608,1608,100,1,O,0,0,0,0,2,,,,,,0,0,,,,,0
38.455214,1779967188.453409,10309,,BS2DCE,,f,0,7,2232,2232,100,1,O,0,0,0,0,2,,,,,,0,0,,,,,0
38.575139,1779967188.573334,10310,,BS2DCE,,f,0,0,2755,2755,100,1,O,0,0,0,0,2,,,,,,0,0,,,,,0
38.575139,1779967188.573334,10310,,BS2DCE,,f,0,1,1999,1999,100,1,O,0,0,0,0,2,,,,,,0,0,,,,,0
38.575139,1779967188.573334,10310,,BS2DCE,,f,0,2,1531,1531,100,1,O,0,0,0,0,2,,,,,,0,0,,,,,0
38.575139,1779967188.573334,10310,,BS2DCE,,f,0,3,2275,2275,100,1,O,0,0,0,0,2,,,,,,0,0,,,,,0
38.575139,1779967188.573334,10310,,BS2DCE,,f,0,4,2451,2451,100,1,O,0,0,0,0,2,,,,,,0,0,,,,,0
38.575139,1779967188.573334,10310,,BS2DCE,,f,0,5,1732,1732,100,1,O,0,0,0,0,2,,,,,,0,0,,,,,0
38.575139,1779967188.573334,10310,,BS2DCE,,f,0,6,1607,1607,100,1,O,0,0,0,0,2,,,,,,0,0,,,,,0
38.575139,1779967188.573334,10310,,BS2DCE,,f,0,7,2261,2261,100,1,O,0,0,0,0,2,,,,,,0,0,,,,,0
38.656877,1779967188.655072,10311,,BS2DCE,,f,0,0,3021,3021,100,1,O,0,0,0,0,2,,,,,,0,0,,,,,0
38.656877,1779967188.655072,10311,,BS2DCE,,f,0,1,1890,1890,100,1,O,0,0,0,0,2,,,,,,0,0,,,,,0
38.656877,1779967188.655072,10311,,BS2DCE,,f,0,2,1574,1574,100,1,O,0,0,0,0,2,,,,,,0,0,,,,,0
38.656877,1779967188.655072,10311,,BS2DCE,,f,0,3,2335,2335,100,1,O,0,0,0,0,2,,,,,,0,0,,,,,0
38.656877,1779967188.655072,10311,,BS2DCE,,f,0,4,2504,2504,100,1,O,0,0,0,0,2,,,,,,0,0,,,,,0
38.656877,1779967188.655072,10311,,BS2DCE,,f,0,5,1633,1633,100,1,O,0,0,0,0,2,,,,,,0,0,,,,,0
38.656877,1779967188.655072,10311,,BS2DCE,,f,0,6,1598,1598,100,1,O,0,0,0,0,2,,,,,,0,0,,,,,0
38.656877,1779967188.655072,10311,,BS2DCE,,f,0,7,2305,2305,100,1,O,0,0,0,0,2,,,,,,0,0,,,,,0
38.762152,1779967188.760347,10312,,BS2DCE,,f,0,0,2744,2744,100,1,O,0,0,0,0,2,,,,,,0,0,,,,,0
38.762152,1779967188.760347,10312,,BS2DCE,,f,0,1,1856,1856,100,1,O,0,0,0,0,2,,,,,,0,0,,,,,0
38.762152,1779967188.760347,10312,,BS2DCE,,f,0,2,1593,1593,100,1,O,0,0,0,0,2,,,,,,0,0,,,,,0
38.762152,1779967188.760347,10312,,BS2DCE,,f,0,3,2402,2402,100,1,O,0,0,0,0,2,,,,,,0,0,,,,,0
38.762152,1779967188.760347,10312,,BS2DCE,,f,0,4,2474,2474,100,1,O,0,0,0,0,2,,,,,,0,0,,,,,0
38.762152,1779967188.760347,10312,,BS2DCE,,f,0,5,1707,1707,100,1,O,0,0,0,0,2,,,,,,0,0,,,,,0
38.762152,1779967188.760347,10312,,BS2DCE,,f,0,6,1608,1608,100,1,O,0,0,0,0,2,,,,,,0,0,,,,,0
38.762152,1779967188.760347,10312,,BS2DCE,,f,0,7,2306,2306,100,1,O,0,0,0,0,2,,,,,,0,0,,,,,0
38.882002,1779967188.880197,10313,,BS2DCE,,f,0,0,2656,2656,100,1,O,0,0,0,0,2,,,,,,0,0,,,,,0
38.882002,1779967188.880197,10313,,BS2DCE,,f,0,1,1871,1871,100,1,O,0,0,0,0,2,,,,,,0,0,,,,,0
38.882002,1779967188.880197,10313,,BS2DCE,,f,0,2,1677,1677,100,1,O,0,0,0,0,2,,,,,,0,0,,,,,0
38.882002,1779967188.880197,10313,,BS2DCE,,f,0,3,2424,2424,100,1,O,0,0,0,0,2,,,,,,0,0,,,,,0
38.882002,1779967188.880197,10313,,BS2DCE,,f,0,4,2394,2394,100,1,O,0,0,0,0,2,,,,,,0,0,,,,,0
38.882002,1779967188.880197,10313,,BS2DCE,,f,0,5,1765,1765,100,1,O,0,0,0,0,2,,,,,,0,0,,,,,0
38.882002,1779967188.880197,10313,,BS2DCE,,f,0,6,1612,1612,100,1,O,0,0,0,0,2,,,,,,0,0,,,,,0
38.882002,1779967188.880197,10313,,BS2DCE,,f,0,7,2287,2287,100,1,O,0,0,0,0,2,,,,,,0,0,,,,,0
38.986962,1779967188.985157,10314,,BS2DCE,,f,0,0,2640,2640,100,1,O,0,0,0,0,2,,,,,,0,0,,,,,0
38.986962,1779967188.985157,10314,,BS2DCE,,f,0,1,1841,1841,100,1,O,0,0,0,0,2,,,,,,0,0,,,,,0
38.986962,1779967188.985157,10314,,BS2DCE,,f,0,2,1718,1718,100,1,O,0,0,0,0,2,,,,,,0,0,,,,,0
38.986962,1779967188.985157,10314,,BS2DCE,,f,0,3,2496,2496,100,1,O,0,0,0,0,2,,,,,,0,0,,,,,0
38.986962,1779967188.985157,10314,,BS2DCE,,f,0,4,2340,2340,100,1,O,0,0,0,0,2,,,,,,0,0,,,,,0
38.986962,1779967188.985157,10314,,BS2DCE,,f,0,5,1615,1615,100,1,O,0,0,0,0,2,,,,,,0,0,,,,,0
38.986962,1779967188.985157,10314,,BS2DCE,,f,0,6,1646,1646,100,1,O,0,0,0,0,2,,,,,,0,0,,,,,0
38.986962,1779967188.985157,10314,,BS2DCE,,f,0,7,2398,2398,100,1,O,0,0,0,0,2,,,,,,0,0,,,,,0
39.056318,1779967189.054513,10315,,BS2DCE,,f,0,0,2638,2638,100,1,O,0,0,0,0,2,,,,,,0,0,,,,,0
39.056318,1779967189.054513,10315,,BS2DCE,,f,0,1,1792,1792,100,1,O,0,0,0,0,2,,,,,,0,0,,,,,0
39.056318,1779967189.054513,10315,,BS2DCE,,f,0,2,1711,1711,100,1,O,0,0,0,0,2,,,,,,0,0,,,,,0
39.056318,1779967189.054513,10315,,BS2DCE,,f,0,3,2457,2457,100,1,O,0,0,0,0,2,,,,,,0,0,,,,,0
39.056318,1779967189.054513,10315,,BS2DCE,,f,0,4,2333,2333,100,1,O,0,0,0,0,2,,,,,,0,0,,,,,0
39.056318,1779967189.054513,10315,,BS2DCE,,f,0,5,1562,1562,100,1,O,0,0,0,0,2,,,,,,0,0,,,,,0
39.056318,1779967189.054513,10315,,BS2DCE,,f,0,6,1773,1773,100,1,O,0,0,0,0,2,,,,,,0,0,,,,,0
39.056318,1779967189.054513,10315,,BS2DCE,,f,0,7,2375,2375,100,1,O,0,0,0,0,2,,,,,,0,0,,,,,0
39.159506,1779967189.157701,10316,,BS2DCE,,f,0,0,2561,2561,100,1,O,0,0,0,0,2,,,,,,0,0,,,,,0
39.159506,1779967189.157701,10316,,BS2DCE,,f,0,1,1883,1883,100,1,O,0,0,0,0,2,,,,,,0,0,,,,,0
39.159506,1779967189.157701,10316,,BS2DCE,,f,0,2,1789,1789,100,1,O,0,0,0,0,2,,,,,,0,0,,,,,0
39.159506,1779967189.157701,10316,,BS2DCE,,f,0,3,2473,2473,100,1,O,0,0,0,0,2,,,,,,0,0,,,,,0
39.159506,1779967189.157701,10316,,BS2DCE,,f,0,4,2247,2247,100,1,O,0,0,0,0,2,,,,,,0,0,,,,,0
39.159506,1779967189.157701,10316,,BS2DCE,,f,0,5,1498,1498,100,1,O,0,0,0,0,2,,,,,,0,0,,,,,0
39.159506,1779967189.157701,10316,,BS2DCE,,f,0,6,1756,1756,100,1,O,0,0,0,0,2,,,,,,0,0,,,,,0
39.159506,1779967189.157701,10316,,BS2DCE,,f,0,7,2462,2462,100,1,O,0,0,0,0,2,,,,,,0,0,,,,,0
39.257001,1779967189.255196,10317,,BS2DCE,,f,0,0,2509,2509,100,1,O,0,0,0,0,2,,,,,,0,0,,,,,0
39.257001,1779967189.255196,10317,,BS2DCE,,f,0,1,1904,1904,100,1,O,0,0,0,0,2,,,,,,0,0,,,,,0
39.257001,1779967189.255196,10317,,BS2DCE,,f,0,2,1935,1935,100,1,O,0,0,0,0,2,,,,,,0,0,,,,,0
39.257001,1779967189.255196,10317,,BS2DCE,,f,0,3,2525,2525,100,1,O,0,0,0,0,2,,,,,,0,0,,,,,0
39.257001,1779967189.255196,10317,,BS2DCE,,f,0,4,2181,2181,100,1,O,0,0,0,0,2,,,,,,0,0,,,,,0
39.257001,1779967189.255196,10317,,BS2DCE,,f,0,5,1680,1680,100,1,O,0,0,0,0,2,,,,,,0,0,,,,,0
39.257001,1779967189.255196,10317,,BS2DCE,,f,0,6,1802,1802,100,1,O,0,0,0,0,2,,,,,,0,0,,,,,0
39.257001,1779967189.255196,10317,,BS2DCE,,f,0,7,2431,2431,100,1,O,0,0,0,0,2,,,,,,0,0,,,,,0
39.416689,1779967189.414884,10318,,BS2DCE,,f,0,0,2441,2441,100,1,O,0,0,0,0,2,,,,,,0,0,,,,,0
39.416689,1779967189.414884,10318,,BS2DCE,,f,0,1,1924,1924,100,1,O,0,0,0,0,2,,,,,,0,0,,,,,0
39.416689,1779967189.414884,10318,,BS2DCE,,f,0,2,2004,2004,100,1,O,0,0,0,0,2,,,,,,0,0,,,,,0
39.416689,1779967189.414884,10318,,BS2DCE,,f,0,3,2595,2595,100,1,O,0,0,0,0,2,,,,,,0,0,,,,,0
39.416689,1779967189.414884,10318,,BS2DCE,,f,0,4,2100,2100,100,1,O,0,0,0,0,2,,,,,,0,0,,,,,0
39.416689,1779967189.414884,10318,,BS2DCE,,f,0,5,1659,1659,100,1,O,0,0,0,0,2,,,,,,0,0,,,,,0
39.416689,1779967189.414884,10318,,BS2DCE,,f,0,6,1828,1828,100,1,O,0,0,0,0,2,,,,,,0,0,,,,,0
39.416689,1779967189.414884,10318,,BS2DCE,,f,0,7,2307,2307,100,1,O,0,0,0,0,2,,,,,,0,0,,,,,0
39.46717,1779967189.465365,10319,,BS2DCE,,f,0,0,2390,2390,100,1,O,0,0,0,0,2,,,,,,0,0,,,,,0
39.46717,1779967189.465365,10319,,BS2DCE,,f,0,1,2021,2021,100,1,O,0,0,0,0,2,,,,,,0,0,,,,,0
39.46717,1779967189.465365,10319,,BS2DCE,,f,0,2,2009,2009,100,1,O,0,0,0,0,2,,,,,,0,0,,,,,0
39.46717,1779967189.465365,10319,,BS2DCE,,f,0,3,2761,2761,100,1,O,0,0,0,0,2,,,,,,0,0,,,,,0
39.46717,1779967189.465365,10319,,BS2DCE,,f,0,4,2079,2079,100,1,O,0,0,0,0,2,,,,,,0,0,,,,,0
39.46717,1779967189.465365,10319,,BS2DCE,,f,0,5,1628,1628,100,1,O,0,0,0,0,2,,,,,,0,0,,,,,0
39.46717,1779967189.465365,10319,,BS2DCE,,f,0,6,1818,1818,100,1,O,0,0,0,0,2,,,,,,0,0,,,,,0
39.46717,1779967189.465365,10319,,BS2DCE,,f,0,7,2346,2346,100,1,O,0,0,0,0,2,,,,,,0,0,,,,,0
39.601999,1779967189.600194,10320,,BS2DCE,,f,0,0,2400,2400,100,1,O,0,0,0,0,2,,,,,,0,0,,,,,0
39.601999,1779967189.600194,10320,,BS2DCE,,f,0,1,2025,2025,100,1,O,0,0,0,0,2,,,,,,0,0,,,,,0
39.601999,1779967189.600194,10320,,BS2DCE,,f,0,2,2074,2074,100,1,O,0,0,0,0,2,,,,,,0,0,,,,,0
39.601999,1779967189.600194,10320,,BS2DCE,,f,0,3,2616,2616,100,1,O,0,0,0,0,2,,,,,,0,0,,,,,0
39.601999,1779967189.600194,10320,,BS2DCE,,f,0,4,2015,2015,100,1,O,0,0,0,0,2,,,,,,0,0,,,,,0
39.601999,1779967189.600194,10320,,BS2DCE,,f,0,5,1737,1737,100,1,O,0,0,0,0,2,,,,,,0,0,,,,,0
39.601999,1779967189.600194,10320,,BS2DCE,,f,0,6,1898,1898,100,1,O,0,0,0,0,2,,,,,,0,0,,,,,0
39.601999,1779967189.600194,10320,,BS2DCE,,f,0,7,2202,2202,100,1,O,0,0,0,0,2,,,,,,0,0,,,,,0
39.654506,1779967189.652701,10321,,BS2DCE,,f,0,0,2218,2218,100,1,O,0,0,0,0,2,,,,,,0,0,,,,,0
39.654506,1779967189.652701,10321,,BS2DCE,,f,0,1,2050,2050,100,1,O,0,0,0,0,2,,,,,,0,0,,,,,0
39.654506,1779967189.652701,10321,,BS2DCE,,f,0,2,2129,2129,100,1,O,0,0,0,0,2,,,,,,0,0,,,,,0
39.654506,1779967189.652701,10321,,BS2DCE,,f,0,3,2498,2498,100,1,O,0,0,0,0,2,,,,,,0,0,,,,,0
39.654506,1779967189.652701,10321,,BS2DCE,,f,0,4,1981,1981,100,1,O,0,0,0,0,2,,,,,,0,0,,,,,0
39.654506,1779967189.652701,10321,,BS2DCE,,f,0,5,1557,1557,100,1,O,0,0,0,0,2,,,,,,0,0,,,,,0
39.654506,1779967189.652701,10321,,BS2DCE,,f,0,6,1932,1932,100,1,O,0,0,0,0,2,,,,,,0,0,,,,,0
39.654506,1779967189.652701,10321,,BS2DCE,,f,0,7,2168,2168,100,1,O,0,0,0,0,2,,,,,,0,0,,,,,0
39.759458,1779967189.757653,10322,,BS2DCE,,f,0,0,2185,2185,100,1,O,0,0,0,0,2,,,,,,0,0,,,,,0
39.759458,1779967189.757653,10322,,BS2DCE,,f,0,1,2075,2075,100,1,O,0,0,0,0,2,,,,,,0,0,,,,,0
39.759458,1779967189.757653,10322,,BS2DCE,,f,0,2,2212,2212,100,1,O,0,0,0,0,2,,,,,,0,0,,,,,0
39.759458,1779967189.757653,10322,,BS2DCE,,f,0,3,2461,2461,100,1,O,0,0,0,0,2,,,,,,0,0,,,,,0
39.759458,1779967189.757653,10322,,BS2DCE,,f,0,4,1901,1901,100,1,O,0,0,0,0,2,,,,,,0,0,,,,,0
39.759458,1779967189.757653,10322,,BS2DCE,,f,0,5,1682,1682,100,1,O,0,0,0,0,2,,,,,,0,0,,,,,0
39.759458,1779967189.757653,10322,,BS2DCE,,f,0,6,1968,1968,100,1,O,0,0,0,0,2,,,,,,0,0,,,,,0
39.759458,1779967189.757653,10322,,BS2DCE,,f,0,7,2127,2127,100,1,O,0,0,0,0,2,,,,,,0,0,,,,,0
39.857145,1779967189.85534,10323,,BS2DCE,,f,0,0,2193,2193,100,1,O,0,0,0,0,2,,,,,,0,0,,,,,0
39.857145,1779967189.85534,10323,,BS2DCE,,f,0,1,2021,2021,100,1,O,0,0,0,0,2,,,,,,0,0,,,,,0
39.857145,1779967189.85534,10323,,BS2DCE,,f,0,2,2234,2234,100,1,O,0,0,0,0,2,,,,,,0,0,,,,,0
39.857145,1779967189.85534,10323,,BS2DCE,,f,0,3,2618,2618,100,1,O,0,0,0,0,2,,,,,,0,0,,,,,0
39.857145,1779967189.85534,10323,,BS2DCE,,f,0,4,1840,1840,100,1,O,0,0,0,0,2,,,,,,0,0,,,,,0
39.857145,1779967189.85534,10323,,BS2DCE,,f,0,5,1824,1824,100,1,O,0,0,0,0,2,,,,,,0,0,,,,,0
39.857145,1779967189.85534,10323,,BS2DCE,,f,0,6,1986,1986,100,1,O,0,0,0,0,2,,,,,,0,0,,,,,0
39.857145,1779967189.85534,10323,,BS2DCE,,f,0,7,2038,2038,100,1,O,0,0,0,0,2,,,,,,0,0,,,,,0
39.962226,1779967189.960421,10324,,BS2DCE,,f,0,0,2128,2128,100,1,O,0,0,0,0,2,,,,,,0,0,,,,,0
39.962226,1779967189.960421,10324,,BS2DCE,,f,0,1,2139,2139,100,1,O,0,0,0,0,2,,,,,,0,0,,,,,0
39.962226,1779967189.960421,10324,,BS2DCE,,f,0,2,2283,2283,100,1,O,0,0,0,0,2,,,,,,0,0,,,,,0
39.962226,1779967189.960421,10324,,BS2DCE,,f,0,3,2369,2369,100,1,O,0,0,0,0,2,,,,,,0,0,,,,,0
39.962226,1779967189.960421,10324,,BS2DCE,,f,0,4,1715,1715,100,1,O,0,0,0,0,2,,,,,,0,0,,,,,0
39.962226,1779967189.960421,10324,,BS2DCE,,f,0,5,1796,1796,100,1,O,0,0,0,0,2,,,,,,0,0,,,,,0
39.962226,1779967189.960421,10324,,BS2DCE,,f,0,6,2071,2071,100,1,O,0,0,0,0,2,,,,,,0,0,,,,,0
39.962226,1779967189.960421,10324,,BS2DCE,,f,0,7,1948,1948,100,1,O,0,0,0,0,2,,,,,,0,0,,,,,0
40.067134,1779967190.065329,10325,,BS2DCE,,f,0,0,2134,2134,100,1,O,0,0,0,0,2,,,,,,0,0,,,,,0
40.067134,1779967190.065329,10325,,BS2DCE,,f,0,1,2220,2220,100,1,O,0,0,0,0,2,,,,,,0,0,,,,,0
40.067134,1779967190.065329,10325,,BS2DCE,,f,0,2,2325,2325,100,1,O,0,0,0,0,2,,,,,,0,0,,,,,0
40.067134,1779967190.065329,10325,,BS2DCE,,f,0,3,2279,2279,100,1,O,0,0,0,0,2,,,,,,0,0,,,,,0
40.067134,1779967190.065329,10325,,BS2DCE,,f,0,4,1730,1730,100,1,O,0,0,0,0,2,,,,,,0,0,,,,,0
40.067134,1779967190.065329,10325,,BS2DCE,,f,0,5,1864,1864,100,1,O,0,0,0,0,2,,,,,,0,0,,,,,0
40.067134,1779967190.065329,10325,,BS2DCE,,f,0,6,2092,2092,100,1,O,0,0,0,0,2,,,,,,0,0,,,,,0
40.067134,1779967190.065329,10325,,BS2DCE,,f,0,7,1888,1888,100,1,O,0,0,0,0,2,,,,,,0,0,,,,,0
40.171921,1779967190.170116,10326,,BS2DCE,,f,0,0,2161,2161,100,1,O,0,0,0,0,2,,,,,,0,0,,,,,0
40.171921,1779967190.170116,10326,,BS2DCE,,f,0,1,2579,2579,100,1,O,0,0,0,0,2,,,,,,0,0,,,,,0
40.171921,1779967190.170116,10326,,BS2DCE,,f,0,2,2365,2365,100,1,O,0,0,0,0,2,,,,,,0,0,,,,,0
40.171921,1779967190.170116,10326,,BS2DCE,,f,0,3,2237,2237,100,1,O,0,0,0,0,2,,,,,,0,0,,,,,0
40.171921,1779967190.170116,10326,,BS2DCE,,f,0,4,1661,1661,100,1,O,0,0,0,0,2,,,,,,0,0,,,,,0
40.171921,1779967190.170116,10326,,BS2DCE,,f,0,5,1970,1970,100,1,O,0,0,0,0,2,,,,,,0,0,,,,,0
40.171921,1779967190.170116,10326,,BS2DCE,,f,0,6,2143,2143,100,1,O,0,0,0,0,2,,,,,,0,0,,,,,0
40.171921,1779967190.170116,10326,,BS2DCE,,f,0,7,1882,1882,100,1,O,0,0,0,0,2,,,,,,0,0,,,,,0
40.25457,1779967190.252765,10327,,BS2DCE,,f,0,0,2112,2112,100,1,O,0,0,0,0,2,,,,,,0,0,,,,,0
40.25457,1779967190.252765,10327,,BS2DCE,,f,0,1,2583,2583,100,1,O,0,0,0,0,2,,,,,,0,0,,,,,0
40.25457,1779967190.252765,10327,,BS2DCE,,f,0,2,2411,2411,100,1,O,0,0,0,0,2,,,,,,0,0,,,,,0
40.25457,1779967190.252765,10327,,BS2DCE,,f,0,3,2175,2175,100,1,O,0,0,0,0,2,,,,,,0,0,,,,,0
40.25457,1779967190.252765,10327,,BS2DCE,,f,0,4,1689,1689,100,1,O,0,0,0,0,2,,,,,,0,0,,,,,0
40.25457,1779967190.252765,10327,,BS2DCE,,f,0,5,1936,1936,100,1,O,0,0,0,0,2,,,,,,0,0,,,,,0
40.25457,1779967190.252765,10327,,BS2DCE,,f,0,6,2168,2168,100,1,O,0,0,0,0,2,,,,,,0,0,,,,,0
40.25457,1779967190.252765,10327,,BS2DCE,,f,0,7,1837,1837,100,1,O,0,0,0,0,2,,,,,,0,0,,,,,0
40.429362,1779967190.427557,10328,,BS2DCE,,f,0,0,2067,2067,100,1,O,0,0,0,0,2,,,,,,0,0,,,,,0
40.429362,1779967190.427557,10328,,BS2DCE,,f,0,1,2342,2342,100,1,O,0,0,0,0,2,,,,,,0,0,,,,,0
40.429362,1779967190.427557,10328,,BS2DCE,,f,0,2,2578,2578,100,1,O,0,0,0,0,2,,,,,,0,0,,,,,0
40.429362,1779967190.427557,10328,,BS2DCE,,f,0,3,2176,2176,100,1,O,0,0,0,0,2,,,,,,0,0,,,,,0
40.429362,1779967190.427557,10328,,BS2DCE,,f,0,4,1738,1738,100,1,O,0,0,0,0,2,,,,,,0,0,,,,,0
40.429362,1779967190.427557,10328,,BS2DCE,,f,0,5,2142,2142,100,1,O,0,0,0,0,2,,,,,,0,0,,,,,0
40.429362,1779967190.427557,10328,,BS2DCE,,f,0,6,2159,2159,100,1,O,0,0,0,0,2,,,,,,0,0,,,,,0
40.429362,1779967190.427557,10328,,BS2DCE,,f,0,7,1782,1782,100,1,O,0,0,0,0,2,,,,,,0,0,,,,,0
40.457238,1779967190.455433,10329,,BS2DCE,,f,0,0,2062,2062,100,1,O,0,0,0,0,2,,,,,,0,0,,,,,0
40.457238,1779967190.455433,10329,,BS2DCE,,f,0,1,2345,2345,100,1,O,0,0,0,0,2,,,,,,0,0,,,,,0
40.457238,1779967190.455433,10329,,BS2DCE,,f,0,2,2552,2552,100,1,O,0,0,0,0,2,,,,,,0,0,,,,,0
40.457238,1779967190.455433,10329,,BS2DCE,,f,0,3,2074,2074,100,1,O,0,0,0,0,2,,,,,,0,0,,,,,0
40.457238,1779967190.455433,10329,,BS2DCE,,f,0,4,1813,1813,100,1,O,0,0,0,0,2,,,,,,0,0,,,,,0
40.457238,1779967190.455433,10329,,BS2DCE,,f,0,5,2181,2181,100,1,O,0,0,0,0,2,,,,,,0,0,,,,,0
40.457238,1779967190.455433,10329,,BS2DCE,,f,0,6,2258,2258,100,1,O,0,0,0,0,2,,,,,,0,0,,,,,0
40.457238,1779967190.455433,10329,,BS2DCE,,f,0,7,1759,1759,100,1,O,0,0,0,0,2,,,,,,0,0,,,,,0
40.576856,1779967190.575051,10330,,BS2DCE,,f,0,0,1951,1951,100,1,O,0,0,0,0,2,,,,,,0,0,,,,,0
40.576856,1779967190.575051,10330,,BS2DCE,,f,0,1,2371,2371,100,1,O,0,0,0,0,2,,,,,,0,0,,,,,0
40.576856,1779967190.575051,10330,,BS2DCE,,f,0,2,2342,2342,100,1,O,0,0,0,0,2,,,,,,0,0,,,,,0
40.576856,1779967190.575051,10330,,BS2DCE,,f,0,3,1951,1951,100,1,O,0,0,0,0,2,,,,,,0,0,,,,,0
40.576856,1779967190.575051,10330,,BS2DCE,,f,0,4,1697,1697,100,1,O,0,0,0,0,2,,,,,,0,0,,,,,0
40.576856,1779967190.575051,10330,,BS2DCE,,f,0,5,2270,2270,100,1,O,0,0,0,0,2,,,,,,0,0,,,,,0
40.576856,1779967190.575051,10330,,BS2DCE,,f,0,6,2309,2309,100,1,O,0,0,0,0,2,,,,,,0,0,,,,,0
40.576856,1779967190.575051,10330,,BS2DCE,,f,0,7,1797,1797,100,1,O,0,0,0,0,2,,,,,,0,0,,,,,0
40.682018,1779967190.680213,10331,,BS2DCE,,f,0,0,1883,1883,100,1,O,0,0,0,0,2,,,,,,0,0,,,,,0
40.682018,1779967190.680213,10331,,BS2DCE,,f,0,1,2375,2375,100,1,O,0,0,0,0,2,,,,,,0,0,,,,,0
40.682018,1779967190.680213,10331,,BS2DCE,,f,0,2,2287,2287,100,1,O,0,0,0,0,2,,,,,,0,0,,,,,0
40.682018,1779967190.680213,10331,,BS2DCE,,f,0,3,1886,1886,100,1,O,0,0,0,0,2,,,,,,0,0,,,,,0
40.682018,1779967190.680213,10331,,BS2DCE,,f,0,4,1760,1760,100,1,O,0,0,0,0,2,,,,,,0,0,,,,,0
40.682018,1779967190.680213,10331,,BS2DCE,,f,0,5,2317,2317,100,1,O,0,0,0,0,2,,,,,,0,0,,,,,0
40.682018,1779967190.680213,10331,,BS2DCE,,f,0,6,2301,2301,100,1,O,0,0,0,0,2,,,,,,0,0,,,,,0
40.682018,1779967190.680213,10331,,BS2DCE,,f,0,7,1786,1786,100,1,O,0,0,0,0,2,,,,,,0,0,,,,,0
40.772182,1779967190.770377,10332,,BS2DCE,,f,0,0,1929,1929,100,1,O,0,0,0,0,2,,,,,,0,0,,,,,0
40.772182,1779967190.770377,10332,,BS2DCE,,f,0,1,2377,2377,100,1,O,0,0,0,0,2,,,,,,0,0,,,,,0
40.772182,1779967190.770377,10332,,BS2DCE,,f,0,2,2264,2264,100,1,O,0,0,0,0,2,,,,,,0,0,,,,,0
40.772182,1779967190.770377,10332,,BS2DCE,,f,0,3,1825,1825,100,1,O,0,0,0,0,2,,,,,,0,0,,,,,0
40.772182,1779967190.770377,10332,,BS2DCE,,f,0,4,1754,1754,100,1,O,0,0,0,0,2,,,,,,0,0,,,,,0
40.772182,1779967190.770377,10332,,BS2DCE,,f,0,5,2325,2325,100,1,O,0,0,0,0,2,,,,,,0,0,,,,,0
40.772182,1779967190.770377,10332,,BS2DCE,,f,0,6,2222,2222,100,1,O,0,0,0,0,2,,,,,,0,0,,,,,0
40.772182,1779967190.770377,10332,,BS2DCE,,f,0,7,1703,1703,100,1,O,0,0,0,0,2,,,,,,0,0,,,,,0
40.85441,1779967190.852605,10333,,BS2DCE,,f,0,0,1844,1844,100,1,O,0,0,0,0,2,,,,,,0,0,,,,,0
40.85441,1779967190.852605,10333,,BS2DCE,,f,0,1,2446,2446,100,1,O,0,0,0,0,2,,,,,,0,0,,,,,0
40.85441,1779967190.852605,10333,,BS2DCE,,f,0,2,2274,2274,100,1,O,0,0,0,0,2,,,,,,0,0,,,,,0
40.85441,1779967190.852605,10333,,BS2DCE,,f,0,3,1622,1622,100,1,O,0,0,0,0,2,,,,,,0,0,,,,,0
40.85441,1779967190.852605,10333,,BS2DCE,,f,0,4,1848,1848,100,1,O,0,0,0,0,2,,,,,,0,0,,,,,0
40.85441,1779967190.852605,10333,,BS2DCE,,f,0,5,2414,2414,100,1,O,0,0,0,0,2,,,,,,0,0,,,,,0
40.85441,1779967190.852605,10333,,BS2DCE,,f,0,6,2267,2267,100,1,O,0,0,0,0,2,,,,,,0,0,,,,,0
40.85441,1779967190.852605,10333,,BS2DCE,,f,0,7,1669,1669,100,1,O,0,0,0,0,2,,,,,,0,0,,,,,0
40.962489,1779967190.960684,10334,,BS2DCE,,f,0,0,1937,1937,100,1,O,0,0,0,0,2,,,,,,0,0,,,,,0
40.962489,1779967190.960684,10334,,BS2DCE,,f,0,1,2656,2656,100,1,O,0,0,0,0,2,,,,,,0,0,,,,,0
40.962489,1779967190.960684,10334,,BS2DCE,,f,0,2,2230,2230,100,1,O,0,0,0,0,2,,,,,,0,0,,,,,0
40.962489,1779967190.960684,10334,,BS2DCE,,f,0,3,1681,1681,100,1,O,0,0,0,0,2,,,,,,0,0,,,,,0
40.962489,1779967190.960684,10334,,BS2DCE,,f,0,4,1881,1881,100,1,O,0,0,0,0,2,,,,,,0,0,,,,,0
40.962489,1779967190.960684,10334,,BS2DCE,,f,0,5,2464,2464,100,1,O,0,0,0,0,2,,,,,,0,0,,,,,0
40.962489,1779967190.960684,10334,,BS2DCE,,f,0,6,2223,2223,100,1,O,0,0,0,0,2,,,,,,0,0,,,,,0
40.962489,1779967190.960684,10334,,BS2DCE,,f,0,7,1899,1899,100,1,O,0,0,0,0,2,,,,,,0,0,,,,,0
41.061323,1779967191.059518,10335,,BS2DCE,,f,0,0,2094,2094,100,1,O,0,0,0,0,2,,,,,,0,0,,,,,0
41.061323,1779967191.059518,10335,,BS2DCE,,f,0,1,2691,2691,100,1,O,0,0,0,0,2,,,,,,0,0,,,,,0
41.061323,1779967191.059518,10335,,BS2DCE,,f,0,2,2091,2091,100,1,O,0,0,0,0,2,,,,,,0,0,,,,,0
41.061323,1779967191.059518,10335,,BS2DCE,,f,0,3,1653,1653,100,1,O,0,0,0,0,2,,,,,,0,0,,,,,0
41.061323,1779967191.059518,10335,,BS2DCE,,f,0,4,1942,1942,100,1,O,0,0,0,0,2,,,,,,0,0,,,,,0
41.061323,1779967191.059518,10335,,BS2DCE,,f,0,5,2404,2404,100,1,O,0,0,0,0,2,,,,,,0,0,,,,,0
41.061323,1779967191.059518,10335,,BS2DCE,,f,0,6,2237,2237,100,1,O,0,0,0,0,2,,,,,,0,0,,,,,0
41.061323,1779967191.059518,10335,,BS2DCE,,f,0,7,1668,1668,100,1,O,0,0,0,0,2,,,,,,0,0,,,,,0
41.162023,1779967191.160218,10336,,BS2DCE,,f,0,0,2159,2159,100,1,O,0,0,0,0,2,,,,,,0,0,,,,,0
41.162023,1779967191.160218,10336,,BS2DCE,,f,0,1,2625,2625,100,1,O,0,0,0,0,2,,,,,,0,0,,,,,0
41.162023,1779967191.160218,10336,,BS2DCE,,f,0,2,2083,2083,100,1,O,0,0,0,0,2,,,,,,0,0,,,,,0
41.162023,1779967191.160218,10336,,BS2DCE,,f,0,3,1629,1629,100,1,O,0,0,0,0,2,,,,,,0,0,,,,,0
41.162023,1779967191.160218,10336,,BS2DCE,,f,0,4,1981,1981,100,1,O,0,0,0,0,2,,,,,,0,0,,,,,0
41.162023,1779967191.160218,10336,,BS2DCE,,f,0,5,2456,2456,100,1,O,0,0,0,0,2,,,,,,0,0,,,,,0
41.162023,1779967191.160218,10336,,BS2DCE,,f,0,6,2200,2200,100,1,O,0,0,0,0,2,,,,,,0,0,,,,,0
41.162023,1779967191.160218,10336,,BS2DCE,,f,0,7,1723,1723,100,1,O,0,0,0,0,2,,,,,,0,0,,,,,0
41.26719,1779967191.265385,10337,,BS2DCE,,f,0,0,2319,2319,100,1,O,0,0,0,0,2,,,,,,0,0,,,,,0
41.26719,1779967191.265385,10337,,BS2DCE,,f,0,1,2524,2524,100,1,O,0,0,0,0,2,,,,,,0,0,,,,,0
41.26719,1779967191.265385,10337,,BS2DCE,,f,0,2,2006,2006,100,1,O,0,0,0,0,2,,,,,,0,0,,,,,0
41.26719,1779967191.265385,10337,,BS2DCE,,f,0,3,1593,1593,100,1,O,0,0,0,0,2,,,,,,0,0,,,,,0
41.26719,1779967191.265385,10337,,BS2DCE,,f,0,4,2024,2024,100,1,O,0,0,0,0,2,,,,,,0,0,,,,,0
41.26719,1779967191.265385,10337,,BS2DCE,,f,0,5,2520,2520,100,1,O,0,0,0,0,2,,,,,,0,0,,,,,0
41.26719,1779967191.265385,10337,,BS2DCE,,f,0,6,2214,2214,100,1,O,0,0,0,0,2,,,,,,0,0,,,,,0
41.26719,1779967191.265385,10337,,BS2DCE,,f,0,7,1749,1749,100,1,O,0,0,0,0,2,,,,,,0,0,,,,,0
41.419144,1779967191.417339,10338,,BS2DCE,,f,0,0,2493,2493,100,1,O,0,0,0,0,2,,,,,,0,0,,,,,0
41.419144,1779967191.417339,10338,,BS2DCE,,f,0,1,2506,2506,100,1,O,0,0,0,0,2,,,,,,0,0,,,,,0
41.419144,1779967191.417339,10338,,BS2DCE,,f,0,2,2005,2005,100,1,O,0,0,0,0,2,,,,,,0,0,,,,,0
41.419144,1779967191.417339,10338,,BS2DCE,,f,0,3,1594,1594,100,1,O,0,0,0,0,2,,,,,,0,0,,,,,0
41.419144,1779967191.417339,10338,,BS2DCE,,f,0,4,2107,2107,100,1,O,0,0,0,0,2,,,,,,0,0,,,,,0
41.419144,1779967191.417339,10338,,BS2DCE,,f,0,5,2633,2633,100,1,O,0,0,0,0,2,,,,,,0,0,,,,,0
41.419144,1779967191.417339,10338,,BS2DCE,,f,0,6,2224,2224,100,1,O,0,0,0,0,2,,,,,,0,0,,,,,0
41.419144,1779967191.417339,10338,,BS2DCE,,f,0,7,1817,1817,100,1,O,0,0,0,0,2,,,,,,0,0,,,,,0
41.467078,1779967191.465273,10339,,BS2DCE,,f,0,0,2252,2252,100,1,O,0,0,0,0,2,,,,,,0,0,,,,,0
41.467078,1779967191.465273,10339,,BS2DCE,,f,0,1,2480,2480,100,1,O,0,0,0,0,2,,,,,,0,0,,,,,0
41.467078,1779967191.465273,10339,,BS2DCE,,f,0,2,2003,2003,100,1,O,0,0,0,0,2,,,,,,0,0,,,,,0
41.467078,1779967191.465273,10339,,BS2DCE,,f,0,3,1803,1803,100,1,O,0,0,0,0,2,,,,,,0,0,,,,,0
41.467078,1779967191.465273,10339,,BS2DCE,,f,0,4,2183,2183,100,1,O,0,0,0,0,2,,,,,,0,0,,,,,0
41.467078,1779967191.465273,10339,,BS2DCE,,f,0,5,2726,2726,100,1,O,0,0,0,0,2,,,,,,0,0,,,,,0
41.467078,1779967191.465273,10339,,BS2DCE,,f,0,6,2382,2382,100,1,O,0,0,0,0,2,,,,,,0,0,,,,,0
41.467078,1779967191.465273,10339,,BS2DCE,,f,0,7,1745,1745,100,1,O,0,0,0,0,2,,,,,,0,0,,,,,0
41.580221,1779967191.578416,10340,,BS2DCE,,f,0,0,2175,2175,100,1,O,0,0,0,0,2,,,,,,0,0,,,,,0
41.580221,1779967191.578416,10340,,BS2DCE,,f,0,1,2332,2332,100,1,O,0,0,0,0,2,,,,,,0,0,,,,,0
41.580221,1779967191.578416,10340,,BS2DCE,,f,0,2,1849,1849,100,1,O,0,0,0,0,2,,,,,,0,0,,,,,0
41.580221,1779967191.578416,10340,,BS2DCE,,f,0,3,1834,1834,100,1,O,0,0,0,0,2,,,,,,0,0,,,,,0
41.580221,1779967191.578416,10340,,BS2DCE,,f,0,4,2234,2234,100,1,O,0,0,0,0,2,,,,,,0,0,,,,,0
41.580221,1779967191.578416,10340,,BS2DCE,,f,0,5,2649,2649,100,1,O,0,0,0,0,2,,,,,,0,0,,,,,0
41.580221,1779967191.578416,10340,,BS2DCE,,f,0,6,2295,2295,100,1,O,0,0,0,0,2,,,,,,0,0,,,,,0
41.580221,1779967191.578416,10340,,BS2DCE,,f,0,7,2092,2092,100,1,O,0,0,0,0,2,,,,,,0,0,,,,,0
41.656871,1779967191.655066,10341,,BS2DCE,,f,0,0,2229,2229,100,1,O,0,0,0,0,2,,,,,,0,0,,,,,0
41.656871,1779967191.655066,10341,,BS2DCE,,f,0,1,2270,2270,100,1,O,0,0,0,0,2,,,,,,0,0,,,,,0
41.656871,1779967191.655066,10341,,BS2DCE,,f,0,2,1853,1853,100,1,O,0,0,0,0,2,,,,,,0,0,,,,,0
41.656871,1779967191.655066,10341,,BS2DCE,,f,0,3,1831,1831,100,1,O,0,0,0,0,2,,,,,,0,0,,,,,0
41.656871,1779967191.655066,10341,,BS2DCE,,f,0,4,2287,2287,100,1,O,0,0,0,0,2,,,,,,0,0,,,,,0
41.656871,1779967191.655066,10341,,BS2DCE,,f,0,5,2463,2463,100,1,O,0,0,0,0,2,,,,,,0,0,,,,,0
41.656871,1779967191.655066,10341,,BS2DCE,,f,0,6,2213,2213,100,1,O,0,0,0,0,2,,,,,,0,0,,,,,0
41.656871,1779967191.655066,10341,,BS2DCE,,f,0,7,1806,1806,100,1,O,0,0,0,0,2,,,,,,0,0,,,,,0
41.773409,1779967191.771604,10342,,BS2DCE,,f,0,0,2138,2138,100,1,O,0,0,0,0,2,,,,,,0,0,,,,,0
41.773409,1779967191.771604,10342,,BS2DCE,,f,0,1,2208,2208,100,1,O,0,0,0,0,2,,,,,,0,0,,,,,0
41.773409,1779967191.771604,10342,,BS2DCE,,f,0,2,1792,1792,100,1,O,0,0,0,0,2,,,,,,0,0,,,,,0
41.773409,1779967191.771604,10342,,BS2DCE,,f,0,3,1813,1813,100,1,O,0,0,0,0,2,,,,,,0,0,,,,,0
41.773409,1779967191.771604,10342,,BS2DCE,,f,0,4,2251,2251,100,1,O,0,0,0,0,2,,,,,,0,0,,,,,0
41.773409,1779967191.771604,10342,,BS2DCE,,f,0,5,2305,2305,100,1,O,0,0,0,0,2,,,,,,0,0,,,,,0
41.773409,1779967191.771604,10342,,BS2DCE,,f,0,6,2200,2200,100,1,O,0,0,0,0,2,,,,,,0,0,,,,,0
41.773409,1779967191.771604,10342,,BS2DCE,,f,0,7,1799,1799,100,1,O,0,0,0,0,2,,,,,,0,0,,,,,0
41.86698,1779967191.865175,10343,,BS2DCE,,f,0,0,2205,2205,100,1,O,0,0,0,0,2,,,,,,0,0,,,,,0
41.86698,1779967191.865175,10343,,BS2DCE,,f,0,1,2211,2211,100,1,O,0,0,0,0,2,,,,,,0,0,,,,,0
41.86698,1779967191.865175,10343,,BS2DCE,,f,0,2,1785,1785,100,1,O,0,0,0,0,2,,,,,,0,0,,,,,0
41.86698,1779967191.865175,10343,,BS2DCE,,f,0,3,1756,1756,100,1,O,0,0,0,0,2,,,,,,0,0,,,,,0
41.86698,1779967191.865175,10343,,BS2DCE,,f,0,4,2316,2316,100,1,O,0,0,0,0,2,,,,,,0,0,,,,,0
41.86698,1779967191.865175,10343,,BS2DCE,,f,0,5,2335,2335,100,1,O,0,0,0,0,2,,,,,,0,0,,,,,0
41.86698,1779967191.865175,10343,,BS2DCE,,f,0,6,2034,2034,100,1,O,0,0,0,0,2,,,,,,0,0,,,,,0
41.86698,1779967191.865175,10343,,BS2DCE,,f,0,7,1869,1869,100,1,O,0,0,0,0,2,,,,,,0,0,,,,,0
41.971845,1779967191.97004,10344,,BS2DCE,,f,0,0,2224,2224,100,1,O,0,0,0,0,2,,,,,,0,0,,,,,0
41.971845,1779967191.97004,10344,,BS2DCE,,f,0,1,2181,2181,100,1,O,0,0,0,0,2,,,,,,0,0,,,,,0
41.971845,1779967191.97004,10344,,BS2DCE,,f,0,2,1688,1688,100,1,O,0,0,0,0,2,,,,,,0,0,,,,,0
41.971845,1779967191.97004,10344,,BS2DCE,,f,0,3,1883,1883,100,1,O,0,0,0,0,2,,,,,,0,0,,,,,0
41.971845,1779967191.97004,10344,,BS2DCE,,f,0,4,2304,2304,100,1,O,0,0,0,0,2,,,,,,0,0,,,,,0
41.971845,1779967191.97004,10344,,BS2DCE,,f,0,5,2232,2232,100,1,O,0,0,0,0,2,,,,,,0,0,,,,,0
41.971845,1779967191.97004,10344,,BS2DCE,,f,0,6,1979,1979,100,1,O,0,0,0,0,2,,,,,,0,0,,,,,0
41.971845,1779967191.97004,10344,,BS2DCE,,f,0,7,1854,1854,100,1,O,0,0,0,0,2,,,,,,0,0,,,,,0
42.05449,1779967192.052685,10345,,BS2DCE,,f,0,0,2282,2282,100,1,O,0,0,0,0,2,,,,,,0,0,,,,,0
42.05449,1779967192.052685,10345,,BS2DCE,,f,0,1,2164,2164,100,1,O,0,0,0,0,2,,,,,,0,0,,,,,0
42.05449,1779967192.052685,10345,,BS2DCE,,f,0,2,1632,1632,100,1,O,0,0,0,0,2,,,,,,0,0,,,,,0
42.05449,1779967192.052685,10345,,BS2DCE,,f,0,3,1877,1877,100,1,O,0,0,0,0,2,,,,,,0,0,,,,,0
42.05449,1779967192.052685,10345,,BS2DCE,,f,0,4,2405,2405,100,1,O,0,0,0,0,2,,,,,,0,0,,,,,0
42.05449,1779967192.052685,10345,,BS2DCE,,f,0,5,2329,2329,100,1,O,0,0,0,0,2,,,,,,0,0,,,,,0
42.05449,1779967192.052685,10345,,BS2DCE,,f,0,6,1855,1855,100,1,O,0,0,0,0,2,,,,,,0,0,,,,,0
42.05449,1779967192.052685,10345,,BS2DCE,,f,0,7,1869,1869,100,1,O,0,0,0,0,2,,,,,,0,0,,,,,0
42.159501,1779967192.157696,10346,,BS2DCE,,f,0,0,2272,2272,100,1,O,0,0,0,0,2,,,,,,0,0,,,,,0
42.159501,1779967192.157696,10346,,BS2DCE,,f,0,1,2075,2075,100,1,O,0,0,0,0,2,,,,,,0,0,,,,,0
42.159501,1779967192.157696,10346,,BS2DCE,,f,0,2,1581,1581,100,1,O,0,0,0,0,2,,,,,,0,0,,,,,0
42.159501,1779967192.157696,10346,,BS2DCE,,f,0,3,1909,1909,100,1,O,0,0,0,0,2,,,,,,0,0,,,,,0
42.159501,1779967192.157696,10346,,BS2DCE,,f,0,4,2422,2422,100,1,O,0,0,0,0,2,,,,,,0,0,,,,,0
42.159501,1779967192.157696,10346,,BS2DCE,,f,0,5,2319,2319,100,1,O,0,0,0,0,2,,,,,,0,0,,,,,0
42.159501,1779967192.157696,10346,,BS2DCE,,f,0,6,1817,1817,100,1,O,0,0,0,0,2,,,,,,0,0,,,,,0
42.159501,1779967192.157696,10346,,BS2DCE,,f,0,7,2013,2013,100,1,O,0,0,0,0,2,,,,,,0,0,,,,,0
42.257114,1779967192.255309,10347,,BS2DCE,,f,0,0,2269,2269,100,1,O,0,0,0,0,2,,,,,,0,0,,,,,0
42.257114,1779967192.255309,10347,,BS2DCE,,f,0,1,2058,2058,100,1,O,0,0,0,0,2,,,,,,0,0,,,,,0
42.257114,1779967192.255309,10347,,BS2DCE,,f,0,2,1519,1519,100,1,O,0,0,0,0,2,,,,,,0,0,,,,,0
42.257114,1779967192.255309,10347,,BS2DCE,,f,0,3,1886,1886,100,1,O,0,0,0,0,2,,,,,,0,0,,,,,0
42.257114,1779967192.255309,10347,,BS2DCE,,f,0,4,2500,2500,100,1,O,0,0,0,0,2,,,,,,0,0,,,,,0
42.257114,1779967192.255309,10347,,BS2DCE,,f,0,5,2159,2159,100,1,O,0,0,0,0,2,,,,,,0,0,,,,,0
42.257114,1779967192.255309,10347,,BS2DCE,,f,0,6,1793,1793,100,1,O,0,0,0,0,2,,,,,,0,0,,,,,0
42.257114,1779967192.255309,10347,,BS2DCE,,f,0,7,1975,1975,100,1,O,0,0,0,0,2,,,,,,0,0,,,,,0
42.418799,1779967192.416994,10348,,BS2DCE,,f,0,0,2325,2325,100,1,O,0,0,0,0,2,,,,,,0,0,,,,,0
42.418799,1779967192.416994,10348,,BS2DCE,,f,0,1,2063,2063,100,1,O,0,0,0,0,2,,,,,,0,0,,,,,0
42.418799,1779967192.416994,10348,,BS2DCE,,f,0,2,1529,1529,100,1,O,0,0,0,0,2,,,,,,0,0,,,,,0
42.418799,1779967192.416994,10348,,BS2DCE,,f,0,3,1929,1929,100,1,O,0,0,0,0,2,,,,,,0,0,,,,,0
42.418799,1779967192.416994,10348,,BS2DCE,,f,0,4,2487,2487,100,1,O,0,0,0,0,2,,,,,,0,0,,,,,0
42.418799,1779967192.416994,10348,,BS2DCE,,f,0,5,2266,2266,100,1,O,0,0,0,0,2,,,,,,0,0,,,,,0
42.418799,1779967192.416994,10348,,BS2DCE,,f,0,6,1793,1793,100,1,O,0,0,0,0,2,,,,,,0,0,,,,,0
42.418799,1779967192.416994,10348,,BS2DCE,,f,0,7,2002,2002,100,1,O,0,0,0,0,2,,,,,,0,0,,,,,0
42.483198,1779967192.481393,10349,,BS2DCE,,f,0,0,2397,2397,100,1,O,0,0,0,0,2,,,,,,0,0,,,,,0
42.483198,1779967192.481393,10349,,BS2DCE,,f,0,1,2085,2085,100,1,O,0,0,0,0,2,,,,,,0,0,,,,,0
42.483198,1779967192.481393,10349,,BS2DCE,,f,0,2,1479,1479,100,1,O,0,0,0,0,2,,,,,,0,0,,,,,0
42.483198,1779967192.481393,10349,,BS2DCE,,f,0,3,1973,1973,100,1,O,0,0,0,0,2,,,,,,0,0,,,,,0
42.483198,1779967192.481393,10349,,BS2DCE,,f,0,4,2489,2489,100,1,O,0,0,0,0,2,,,,,,0,0,,,,,0
42.483198,1779967192.481393,10349,,BS2DCE,,f,0,5,2136,2136,100,1,O,0,0,0,0,2,,,,,,0,0,,,,,0
42.483198,1779967192.481393,10349,,BS2DCE,,f,0,6,1760,1760,100,1,O,0,0,0,0,2,,,,,,0,0,,,,,0
42.483198,1779967192.481393,10349,,BS2DCE,,f,0,7,2071,2071,100,1,O,0,0,0,0,2,,,,,,0,0,,,,,0
42.572542,1779967192.570737,10350,,BS2DCE,,f,0,0,2404,2404,100,1,O,0,0,0,0,2,,,,,,0,0,,,,,0
42.572542,1779967192.570737,10350,,BS2DCE,,f,0,1,2004,2004,100,1,O,0,0,0,0,2,,,,,,0,0,,,,,0
42.572542,1779967192.570737,10350,,BS2DCE,,f,0,2,1457,1457,100,1,O,0,0,0,0,2,,,,,,0,0,,,,,0
42.572542,1779967192.570737,10350,,BS2DCE,,f,0,3,1997,1997,100,1,O,0,0,0,0,2,,,,,,0,0,,,,,0
42.572542,1779967192.570737,10350,,BS2DCE,,f,0,4,2544,2544,100,1,O,0,0,0,0,2,,,,,,0,0,,,,,0
42.572542,1779967192.570737,10350,,BS2DCE,,f,0,5,2235,2235,100,1,O,0,0,0,0,2,,,,,,0,0,,,,,0
42.572542,1779967192.570737,10350,,BS2DCE,,f,0,6,1713,1713,100,1,O,0,0,0,0,2,,,,,,0,0,,,,,0
42.572542,1779967192.570737,10350,,BS2DCE,,f,0,7,2060,2060,100,1,O,0,0,0,0,2,,,,,,0,0,,,,,0
42.654438,1779967192.652633,10351,,BS2DCE,,f,0,0,2466,2466,100,1,O,0,0,0,0,2,,,,,,0,0,,,,,0
42.654438,1779967192.652633,10351,,BS2DCE,,f,0,1,1991,1991,100,1,O,0,0,0,0,2,,,,,,0,0,,,,,0
42.654438,1779967192.652633,10351,,BS2DCE,,f,0,2,1413,1413,100,1,O,0,0,0,0,2,,,,,,0,0,,,,,0
42.654438,1779967192.652633,10351,,BS2DCE,,f,0,3,2061,2061,100,1,O,0,0,0,0,2,,,,,,0,0,,,,,0
42.654438,1779967192.652633,10351,,BS2DCE,,f,0,4,2613,2613,100,1,O,0,0,0,0,2,,,,,,0,0,,,,,0
42.654438,1779967192.652633,10351,,BS2DCE,,f,0,5,2073,2073,100,1,O,0,0,0,0,2,,,,,,0,0,,,,,0
42.654438,1779967192.652633,10351,,BS2DCE,,f,0,6,1657,1657,100,1,O,0,0,0,0,2,,,,,,0,0,,,,,0
42.654438,1779967192.652633,10351,,BS2DCE,,f,0,7,2178,2178,100,1,O,0,0,0,0,2,,,,,,0,0,,,,,0
42.759412,1779967192.757607,10352,,BS2DCE,,f,0,0,2545,2545,100,1,O,0,0,0,0,2,,,,,,0,0,,,,,0
42.759412,1779967192.757607,10352,,BS2DCE,,f,0,1,2127,2127,100,1,O,0,0,0,0,2,,,,,,0,0,,,,,0
42.759412,1779967192.757607,10352,,BS2DCE,,f,0,2,1482,1482,100,1,O,0,0,0,0,2,,,,,,0,0,,,,,0
42.759412,1779967192.757607,10352,,BS2DCE,,f,0,3,2082,2082,100,1,O,0,0,0,0,2,,,,,,0,0,,,,,0
42.759412,1779967192.757607,10352,,BS2DCE,,f,0,4,2655,2655,100,1,O,0,0,0,0,2,,,,,,0,0,,,,,0
42.759412,1779967192.757607,10352,,BS2DCE,,f,0,5,2083,2083,100,1,O,0,0,0,0,2,,,,,,0,0,,,,,0
42.759412,1779967192.757607,10352,,BS2DCE,,f,0,6,1628,1628,100,1,O,0,0,0,0,2,,,,,,0,0,,,,,0
42.759412,1779967192.757607,10352,,BS2DCE,,f,0,7,2349,2349,100,1,O,0,0,0,0,2,,,,,,0,0,,,,,0
42.857067,1779967192.855262,10353,,BS2DCE,,f,0,0,2534,2534,100,1,O,0,0,0,0,2,,,,,,0,0,,,,,0
42.857067,1779967192.855262,10353,,BS2DCE,,f,0,1,2010,2010,100,1,O,0,0,0,0,2,,,,,,0,0,,,,,0
42.857067,1779967192.855262,10353,,BS2DCE,,f,0,2,1531,1531,100,1,O,0,0,0,0,2,,,,,,0,0,,,,,0
42.857067,1779967192.855262,10353,,BS2DCE,,f,0,3,2164,2164,100,1,O,0,0,0,0,2,,,,,,0,0,,,,,0
42.857067,1779967192.855262,10353,,BS2DCE,,f,0,4,2655,2655,100,1,O,0,0,0,0,2,,,,,,0,0,,,,,0
42.857067,1779967192.855262,10353,,BS2DCE,,f,0,5,2123,2123,100,1,O,0,0,0,0,2,,,,,,0,0,,,,,0
42.857067,1779967192.855262,10353,,BS2DCE,,f,0,6,1669,1669,100,1,O,0,0,0,0,2,,,,,,0,0,,,,,0
42.857067,1779967192.855262,10353,,BS2DCE,,f,0,7,2221,2221,100,1,O,0,0,0,0,2,,,,,,0,0,,,,,0
42.973011,1779967192.971206,10354,,BS2DCE,,f,0,0,2595,2595,100,1,O,0,0,0,0,2,,,,,,0,0,,,,,0
42.973011,1779967192.971206,10354,,BS2DCE,,f,0,1,2420,2420,100,1,O,0,0,0,0,2,,,,,,0,0,,,,,0
42.973011,1779967192.971206,10354,,BS2DCE,,f,0,2,1699,1699,100,1,O,0,0,0,0,2,,,,,,0,0,,,,,0
42.973011,1779967192.971206,10354,,BS2DCE,,f,0,3,2212,2212,100,1,O,0,0,0,0,2,,,,,,0,0,,,,,0
42.973011,1779967192.971206,10354,,BS2DCE,,f,0,4,2662,2662,100,1,O,0,0,0,0,2,,,,,,0,0,,,,,0
42.973011,1779967192.971206,10354,,BS2DCE,,f,0,5,1847,1847,100,1,O,0,0,0,0,2,,,,,,0,0,,,,,0
42.973011,1779967192.971206,10354,,BS2DCE,,f,0,6,1647,1647,100,1,O,0,0,0,0,2,,,,,,0,0,,,,,0
42.973011,1779967192.971206,10354,,BS2DCE,,f,0,7,2272,2272,100,1,O,0,0,0,0,2,,,,,,0,0,,,,,0
43.067174,1779967193.065369,10355,,BS2DCE,,f,0,0,2641,2641,100,1,O,0,0,0,0,2,,,,,,0,0,,,,,0
43.067174,1779967193.065369,10355,,BS2DCE,,f,0,1,2118,2118,100,1,O,0,0,0,0,2,,,,,,0,0,,,,,0
43.067174,1779967193.065369,10355,,BS2DCE,,f,0,2,1595,1595,100,1,O,0,0,0,0,2,,,,,,0,0,,,,,0
43.067174,1779967193.065369,10355,,BS2DCE,,f,0,3,2228,2228,100,1,O,0,0,0,0,2,,,,,,0,0,,,,,0
43.067174,1779967193.065369,10355,,BS2DCE,,f,0,4,2657,2657,100,1,O,0,0,0,0,2,,,,,,0,0,,,,,0
43.067174,1779967193.065369,10355,,BS2DCE,,f,0,5,1962,1962,100,1,O,0,0,0,0,2,,,,,,0,0,,,,,0
43.067174,1779967193.065369,10355,,BS2DCE,,f,0,6,1626,1626,100,1,O,0,0,0,0,2,,,,,,0,0,,,,,0
43.067174,1779967193.065369,10355,,BS2DCE,,f,0,7,2257,2257,100,1,O,0,0,0,0,2,,,,,,0,0,,,,,0
43.201876,1779967193.200071,10356,,BS2DCE,,f,0,0,2686,2686,100,1,O,0,0,0,0,2,,,,,,0,0,,,,,0
43.201876,1779967193.200071,10356,,BS2DCE,,f,0,1,1940,1940,100,1,O,0,0,0,0,2,,,,,,0,0,,,,,0
43.201876,1779967193.200071,10356,,BS2DCE,,f,0,2,1618,1618,100,1,O,0,0,0,0,2,,,,,,0,0,,,,,0
43.201876,1779967193.200071,10356,,BS2DCE,,f,0,3,2265,2265,100,1,O,0,0,0,0,2,,,,,,0,0,,,,,0
43.201876,1779967193.200071,10356,,BS2DCE,,f,0,4,2604,2604,100,1,O,0,0,0,0,2,,,,,,0,0,,,,,0
43.201876,1779967193.200071,10356,,BS2DCE,,f,0,5,1743,1743,100,1,O,0,0,0,0,2,,,,,,0,0,,,,,0
43.201876,1779967193.200071,10356,,BS2DCE,,f,0,6,1599,1599,100,1,O,0,0,0,0,2,,,,,,0,0,,,,,0
43.201876,1779967193.200071,10356,,BS2DCE,,f,0,7,2248,2248,100,1,O,0,0,0,0,2,,,,,,0,0,,,,,0
43.254519,1779967193.252714,10357,,BS2DCE,,f,0,0,2884,2884,100,1,O,0,0,0,0,2,,,,,,0,0,,,,,0
43.254519,1779967193.252714,10357,,BS2DCE,,f,0,1,1951,1951,100,1,O,0,0,0,0,2,,,,,,0,0,,,,,0
43.254519,1779967193.252714,10357,,BS2DCE,,f,0,2,1491,1491,100,1,O,0,0,0,0,2,,,,,,0,0,,,,,0
43.254519,1779967193.252714,10357,,BS2DCE,,f,0,3,2290,2290,100,1,O,0,0,0,0,2,,,,,,0,0,,,,,0
43.254519,1779967193.252714,10357,,BS2DCE,,f,0,4,2490,2490,100,1,O,0,0,0,0,2,,,,,,0,0,,,,,0
43.254519,1779967193.252714,10357,,BS2DCE,,f,0,5,1887,1887,100,1,O,0,0,0,0,2,,,,,,0,0,,,,,0
43.254519,1779967193.252714,10357,,BS2DCE,,f,0,6,1527,1527,100,1,O,0,0,0,0,2,,,,,,0,0,,,,,0
43.254519,1779967193.252714,10357,,BS2DCE,,f,0,7,2243,2243,100,1,O,0,0,0,0,2,,,,,,0,0,,,,,0
43.440231,1779967193.438426,10358,,BS2DCE,,f,0,0,2895,2895,100,1,O,0,0,0,0,2,,,,,,0,0,,,,,0
43.440231,1779967193.438426,10358,,BS2DCE,,f,0,1,1910,1910,100,1,O,0,0,0,0,2,,,,,,0,0,,,,,0
43.440231,1779967193.438426,10358,,BS2DCE,,f,0,2,1600,1600,100,1,O,0,0,0,0,2,,,,,,0,0,,,,,0
43.440231,1779967193.438426,10358,,BS2DCE,,f,0,3,2329,2329,100,1,O,0,0,0,0,2,,,,,,0,0,,,,,0
43.440231,1779967193.438426,10358,,BS2DCE,,f,0,4,2374,2374,100,1,O,0,0,0,0,2,,,,,,0,0,,,,,0
43.440231,1779967193.438426,10358,,BS2DCE,,f,0,5,1789,1789,100,1,O,0,0,0,0,2,,,,,,0,0,,,,,0
43.440231,1779967193.438426,10358,,BS2DCE,,f,0,6,1549,1549,100,1,O,0,0,0,0,2,,,,,,0,0,,,,,0
43.440231,1779967193.438426,10358,,BS2DCE,,f,0,7,2287,2287,100,1,O,0,0,0,0,2,,,,,,0,0,,,,,0
43.47722,1779967193.475415,10359,,BS2DCE,,f,0,0,2748,2748,100,1,O,0,0,0,0,2,,,,,,0,0,,,,,0
43.47722,1779967193.475415,10359,,BS2DCE,,f,0,1,1794,1794,100,1,O,0,0,0,0,2,,,,,,0,0,,,,,0
43.47722,1779967193.475415,10359,,BS2DCE,,f,0,2,1666,1666,100,1,O,0,0,0,0,2,,,,,,0,0,,,,,0
43.47722,1779967193.475415,10359,,BS2DCE,,f,0,3,2427,2427,100,1,O,0,0,0,0,2,,,,,,0,0,,,,,0
43.47722,1779967193.475415,10359,,BS2DCE,,f,0,4,2398,2398,100,1,O,0,0,0,0,2,,,,,,0,0,,,,,0
43.47722,1779967193.475415,10359,,BS2DCE,,f,0,5,1644,1644,100,1,O,0,0,0,0,2,,,,,,0,0,,,,,0
43.47722,1779967193.475415,10359,,BS2DCE,,f,0,6,1614,1614,100,1,O,0,0,0,0,2,,,,,,0,0,,,,,0
43.47722,1779967193.475415,10359,,BS2DCE,,f,0,7,2319,2319,100,1,O,0,0,0,0,2,,,,,,0,0,,,,,0
43.595061,1779967193.593256,10360,,BS2DCE,,f,0,0,2660,2660,100,1,O,0,0,0,0,2,,,,,,0,0,,,,,0
43.595061,1779967193.593256,10360,,BS2DCE,,f,0,1,1860,1860,100,1,O,0,0,0,0,2,,,,,,0,0,,,,,0
43.595061,1779967193.593256,10360,,BS2DCE,,f,0,2,1702,1702,100,1,O,0,0,0,0,2,,,,,,0,0,,,,,0
43.595061,1779967193.593256,10360,,BS2DCE,,f,0,3,2445,2445,100,1,O,0,0,0,0,2,,,,,,0,0,,,,,0
43.595061,1779967193.593256,10360,,BS2DCE,,f,0,4,2386,2386,100,1,O,0,0,0,0,2,,,,,,0,0,,,,,0
43.595061,1779967193.593256,10360,,BS2DCE,,f,0,5,1547,1547,100,1,O,0,0,0,0,2,,,,,,0,0,,,,,0
43.595061,1779967193.593256,10360,,BS2DCE,,f,0,6,1605,1605,100,1,O,0,0,0,0,2,,,,,,0,0,,,,,0
43.595061,1779967193.593256,10360,,BS2DCE,,f,0,7,2358,2358,100,1,O,0,0,0,0,2,,,,,,0,0,,,,,0
43.66691,1779967193.665105,10361,,BS2DCE,,f,0,0,2652,2652,100,1,O,0,0,0,0,2,,,,,,0,0,,,,,0
43.66691,1779967193.665105,10361,,BS2DCE,,f,0,1,1827,1827,100,1,O,0,0,0,0,2,,,,,,0,0,,,,,0
43.66691,1779967193.665105,10361,,BS2DCE,,f,0,2,1805,1805,100,1,O,0,0,0,0,2,,,,,,0,0,,,,,0
43.66691,1779967193.665105,10361,,BS2DCE,,f,0,3,2444,2444,100,1,O,0,0,0,0,2,,,,,,0,0,,,,,0
43.66691,1779967193.665105,10361,,BS2DCE,,f,0,4,2322,2322,100,1,O,0,0,0,0,2,,,,,,0,0,,,,,0
43.66691,1779967193.665105,10361,,BS2DCE,,f,0,5,1550,1550,100,1,O,0,0,0,0,2,,,,,,0,0,,,,,0
43.66691,1779967193.665105,10361,,BS2DCE,,f,0,6,1815,1815,100,1,O,0,0,0,0,2,,,,,,0,0,,,,,0
43.66691,1779967193.665105,10361,,BS2DCE,,f,0,7,2364,2364,100,1,O,0,0,0,0,2,,,,,,0,0,,,,,0
43.772015,1779967193.77021,10362,,BS2DCE,,f,0,0,2563,2563,100,1,O,0,0,0,0,2,,,,,,0,0,,,,,0
43.772015,1779967193.77021,10362,,BS2DCE,,f,0,1,1871,1871,100,1,O,0,0,0,0,2,,,,,,0,0,,,,,0
43.772015,1779967193.77021,10362,,BS2DCE,,f,0,2,1793,1793,100,1,O,0,0,0,0,2,,,,,,0,0,,,,,0
43.772015,1779967193.77021,10362,,BS2DCE,,f,0,3,2539,2539,100,1,O,0,0,0,0,2,,,,,,0,0,,,,,0
43.772015,1779967193.77021,10362,,BS2DCE,,f,0,4,2207,2207,100,1,O,0,0,0,0,2,,,,,,0,0,,,,,0
43.772015,1779967193.77021,10362,,BS2DCE,,f,0,5,1584,1584,100,1,O,0,0,0,0,2,,,,,,0,0,,,,,0
43.772015,1779967193.77021,10362,,BS2DCE,,f,0,6,1821,1821,100,1,O,0,0,0,0,2,,,,,,0,0,,,,,0
43.772015,1779967193.77021,10362,,BS2DCE,,f,0,7,2496,2496,100,1,O,0,0,0,0,2,,,,,,0,0,,,,,0
43.854503,1779967193.852698,10363,,BS2DCE,,f,0,0,2503,2503,100,1,O,0,0,0,0,2,,,,,,0,0,,,,,0
43.854503,1779967193.852698,10363,,BS2DCE,,f,0,1,1939,1939,100,1,O,0,0,0,0,2,,,,,,0,0,,,,,0
43.854503,1779967193.852698,10363,,BS2DCE,,f,0,2,1908,1908,100,1,O,0,0,0,0,2,,,,,,0,0,,,,,0
43.854503,1779967193.852698,10363,,BS2DCE,,f,0,3,2590,2590,100,1,O,0,0,0,0,2,,,,,,0,0,,,,,0
43.854503,1779967193.852698,10363,,BS2DCE,,f,0,4,2183,2183,100,1,O,0,0,0,0,2,,,,,,0,0,,,,,0
43.854503,1779967193.852698,10363,,BS2DCE,,f,0,5,1651,1651,100,1,O,0,0,0,0,2,,,,,,0,0,,,,,0
43.854503,1779967193.852698,10363,,BS2DCE,,f,0,6,1814,1814,100,1,O,0,0,0,0,2,,,,,,0,0,,,,,0
43.854503,1779967193.852698,10363,,BS2DCE,,f,0,7,2405,2405,100,1,O,0,0,0,0,2,,,,,,0,0,,,,,0
43.962166,1779967193.960361,10364,,BS2DCE,,f,0,0,2477,2477,100,1,O,0,0,0,0,2,,,,,,0,0,,,,,0
43.962166,1779967193.960361,10364,,BS2DCE,,f,0,1,1952,1952,100,1,O,0,0,0,0,2,,,,,,0,0,,,,,0
43.962166,1779967193.960361,10364,,BS2DCE,,f,0,2,2018,2018,100,1,O,0,0,0,0,2,,,,,,0,0,,,,,0
43.962166,1779967193.960361,10364,,BS2DCE,,f,0,3,2598,2598,100,1,O,0,0,0,0,2,,,,,,0,0,,,,,0
43.962166,1779967193.960361,10364,,BS2DCE,,f,0,4,2075,2075,100,1,O,0,0,0,0,2,,,,,,0,0,,,,,0
43.962166,1779967193.960361,10364,,BS2DCE,,f,0,5,1635,1635,100,1,O,0,0,0,0,2,,,,,,0,0,,,,,0
43.962166,1779967193.960361,10364,,BS2DCE,,f,0,6,1840,1840,100,1,O,0,0,0,0,2,,,,,,0,0,,,,,0
43.962166,1779967193.960361,10364,,BS2DCE,,f,0,7,2531,2531,100,1,O,0,0,0,0,2,,,,,,0,0,,,,,0
44.057388,1779967194.055583,10365,,BS2DCE,,f,0,0,2370,2370,100,1,O,0,0,0,0,2,,,,,,0,0,,,,,0
44.057388,1779967194.055583,10365,,BS2DCE,,f,0,1,1937,1937,100,1,O,0,0,0,0,2,,,,,,0,0,,,,,0
44.057388,1779967194.055583,10365,,BS2DCE,,f,0,2,2049,2049,100,1,O,0,0,0,0,2,,,,,,0,0,,,,,0
44.057388,1779967194.055583,10365,,BS2DCE,,f,0,3,2715,2715,100,1,O,0,0,0,0,2,,,,,,0,0,,,,,0
44.057388,1779967194.055583,10365,,BS2DCE,,f,0,4,2074,2074,100,1,O,0,0,0,0,2,,,,,,0,0,,,,,0
44.057388,1779967194.055583,10365,,BS2DCE,,f,0,5,1615,1615,100,1,O,0,0,0,0,2,,,,,,0,0,,,,,0
44.057388,1779967194.055583,10365,,BS2DCE,,f,0,6,1827,1827,100,1,O,0,0,0,0,2,,,,,,0,0,,,,,0
44.057388,1779967194.055583,10365,,BS2DCE,,f,0,7,2367,2367,100,1,O,0,0,0,0,2,,,,,,0,0,,,,,0
44.161733,1779967194.159928,10366,,BS2DCE,,f,0,0,2343,2343,100,1,O,0,0,0,0,2,,,,,,0,0,,,,,0
44.161733,1779967194.159928,10366,,BS2DCE,,f,0,1,2015,2015,100,1,O,0,0,0,0,2,,,,,,0,0,,,,,0
44.161733,1779967194.159928,10366,,BS2DCE,,f,0,2,2072,2072,100,1,O,0,0,0,0,2,,,,,,0,0,,,,,0
44.161733,1779967194.159928,10366,,BS2DCE,,f,0,3,2579,2579,100,1,O,0,0,0,0,2,,,,,,0,0,,,,,0
44.161733,1779967194.159928,10366,,BS2DCE,,f,0,4,2007,2007,100,1,O,0,0,0,0,2,,,,,,0,0,,,,,0
44.161733,1779967194.159928,10366,,BS2DCE,,f,0,5,1599,1599,100,1,O,0,0,0,0,2,,,,,,0,0,,,,,0
44.161733,1779967194.159928,10366,,BS2DCE,,f,0,6,1870,1870,100,1,O,0,0,0,0,2,,,,,,0,0,,,,,0
44.161733,1779967194.159928,10366,,BS2DCE,,f,0,7,2256,2256,100,1,O,0,0,0,0,2,,,,,,0,0,,,,,0
44.281957,1779967194.280152,10367,,BS2DCE,,f,0,0,2249,2249,100,1,O,0,0,0,0,2,,,,,,0,0,,,,,0
44.281957,1779967194.280152,10367,,BS2DCE,,f,0,1,2037,2037,100,1,O,0,0,0,0,2,,,,,,0,0,,,,,0
44.281957,1779967194.280152,10367,,BS2DCE,,f,0,2,2183,2183,100,1,O,0,0,0,0,2,,,,,,0,0,,,,,0
44.281957,1779967194.280152,10367,,BS2DCE,,f,0,3,2496,2496,100,1,O,0,0,0,0,2,,,,,,0,0,,,,,0
44.281957,1779967194.280152,10367,,BS2DCE,,f,0,4,1940,1940,100,1,O,0,0,0,0,2,,,,,,0,0,,,,,0
44.281957,1779967194.280152,10367,,BS2DCE,,f,0,5,1649,1649,100,1,O,0,0,0,0,2,,,,,,0,0,,,,,0
44.281957,1779967194.280152,10367,,BS2DCE,,f,0,6,1956,1956,100,1,O,0,0,0,0,2,,,,,,0,0,,,,,0
44.281957,1779967194.280152,10367,,BS2DCE,,f,0,7,2116,2116,100,1,O,0,0,0,0,2,,,,,,0,0,,,,,0
44.419204,1779967194.417399,10368,,BS2DCE,,f,0,0,2225,2225,100,1,O,0,0,0,0,2,,,,,,0,0,,,,,0
44.419204,1779967194.417399,10368,,BS2DCE,,f,0,1,2032,2032,100,1,O,0,0,0,0,2,,,,,,0,0,,,,,0
44.419204,1779967194.417399,10368,,BS2DCE,,f,0,2,2260,2260,100,1,O,0,0,0,0,2,,,,,,0,0,,,,,0
44.419204,1779967194.417399,10368,,BS2DCE,,f,0,3,2550,2550,100,1,O,0,0,0,0,2,,,,,,0,0,,,,,0
44.419204,1779967194.417399,10368,,BS2DCE,,f,0,4,1912,1912,100,1,O,0,0,0,0,2,,,,,,0,0,,,,,0
44.419204,1779967194.417399,10368,,BS2DCE,,f,0,5,1657,1657,100,1,O,0,0,0,0,2,,,,,,0,0,,,,,0
44.419204,1779967194.417399,10368,,BS2DCE,,f,0,6,2031,2031,100,1,O,0,0,0,0,2,,,,,,0,0,,,,,0
44.419204,1779967194.417399,10368,,BS2DCE,,f,0,7,2086,2086,100,1,O,0,0,0,0,2,,,,,,0,0,,,,,0
44.454232,1779967194.452427,10369,,BS2DCE,,f,0,0,2154,2154,100,1,O,0,0,0,0,2,,,,,,0,0,,,,,0
44.454232,1779967194.452427,10369,,BS2DCE,,f,0,1,2077,2077,100,1,O,0,0,0,0,2,,,,,,0,0,,,,,0
44.454232,1779967194.452427,10369,,BS2DCE,,f,0,2,2323,2323,100,1,O,0,0,0,0,2,,,,,,0,0,,,,,0
44.454232,1779967194.452427,10369,,BS2DCE,,f,0,3,2648,2648,100,1,O,0,0,0,0,2,,,,,,0,0,,,,,0
44.454232,1779967194.452427,10369,,BS2DCE,,f,0,4,1824,1824,100,1,O,0,0,0,0,2,,,,,,0,0,,,,,0
44.454232,1779967194.452427,10369,,BS2DCE,,f,0,5,1802,1802,100,1,O,0,0,0,0,2,,,,,,0,0,,,,,0
44.454232,1779967194.452427,10369,,BS2DCE,,f,0,6,1971,1971,100,1,O,0,0,0,0,2,,,,,,0,0,,,,,0
44.454232,1779967194.452427,10369,,BS2DCE,,f,0,7,2028,2028,100,1,O,0,0,0,0,2,,,,,,0,0,,,,,0
44.575144,1779967194.573339,10370,,BS2DCE,,f,0,0,2120,2120,100,1,O,0,0,0,0,2,,,,,,0,0,,,,,0
44.575144,1779967194.573339,10370,,BS2DCE,,f,0,1,2164,2164,100,1,O,0,0,0,0,2,,,,,,0,0,,,,,0
44.575144,1779967194.573339,10370,,BS2DCE,,f,0,2,2307,2307,100,1,O,0,0,0,0,2,,,,,,0,0,,,,,0
44.575144,1779967194.573339,10370,,BS2DCE,,f,0,3,2352,2352,100,1,O,0,0,0,0,2,,,,,,0,0,,,,,0
44.575144,1779967194.573339,10370,,BS2DCE,,f,0,4,1807,1807,100,1,O,0,0,0,0,2,,,,,,0,0,,,,,0
44.575144,1779967194.573339,10370,,BS2DCE,,f,0,5,1861,1861,100,1,O,0,0,0,0,2,,,,,,0,0,,,,,0
44.575144,1779967194.573339,10370,,BS2DCE,,f,0,6,2123,2123,100,1,O,0,0,0,0,2,,,,,,0,0,,,,,0
44.575144,1779967194.573339,10370,,BS2DCE,,f,0,7,2142,2142,100,1,O,0,0,0,0,2,,,,,,0,0,,,,,0
44.656783,1779967194.654978,10371,,BS2DCE,,f,0,0,2146,2146,100,1,O,0,0,0,0,2,,,,,,0,0,,,,,0
44.656783,1779967194.654978,10371,,BS2DCE,,f,0,1,2160,2160,100,1,O,0,0,0,0,2,,,,,,0,0,,,,,0
44.656783,1779967194.654978,10371,,BS2DCE,,f,0,2,2341,2341,100,1,O,0,0,0,0,2,,,,,,0,0,,,,,0
44.656783,1779967194.654978,10371,,BS2DCE,,f,0,3,2306,2306,100,1,O,0,0,0,0,2,,,,,,0,0,,,,,0
44.656783,1779967194.654978,10371,,BS2DCE,,f,0,4,1657,1657,100,1,O,0,0,0,0,2,,,,,,0,0,,,,,0
44.656783,1779967194.654978,10371,,BS2DCE,,f,0,5,1847,1847,100,1,O,0,0,0,0,2,,,,,,0,0,,,,,0
44.656783,1779967194.654978,10371,,BS2DCE,,f,0,6,2095,2095,100,1,O,0,0,0,0,2,,,,,,0,0,,,,,0
44.656783,1779967194.654978,10371,,BS2DCE,,f,0,7,1924,1924,100,1,O,0,0,0,0,2,,,,,,0,0,,,,,0
44.761969,1779967194.760164,10372,,BS2DCE,,f,0,0,2115,2115,100,1,O,0,0,0,0,2,,,,,,0,0,,,,,0
44.761969,1779967194.760164,10372,,BS2DCE,,f,0,1,2696,2696,100,1,O,0,0,0,0,2,,,,,,0,0,,,,,0
44.761969,1779967194.760164,10372,,BS2DCE,,f,0,2,0,2341,95,0,T,0,0,0,0,2,,,,,,0,0,,,,,0
44.761969,1779967194.760164,10372,,BS2DCE,,f,0,3,2206,2206,100,1,O,0,0,0,0,2,,,,,,0,0,,,,,0
44.761969,1779967194.760164,10372,,BS2DCE,,f,0,4,1605,1605,100,1,O,0,0,0,0,2,,,,,,0,0,,,,,0
44.761969,1779967194.760164,10372,,BS2DCE,,f,0,5,2007,2007,100,1,O,0,0,0,0,2,,,,,,0,0,,,,,0
44.761969,1779967194.760164,10372,,BS2DCE,,f,0,6,2123,2123,100,1,O,0,0,0,0,2,,,,,,0,0,,,,,0
44.761969,1779967194.760164,10372,,BS2DCE,,f,0,7,1848,1848,100,1,O,0,0,0,0,2,,,,,,0,0,,,,,0
44.867008,1779967194.865203,10373,,BS2DCE,,f,0,0,2113,2113,100,1,O,0,0,0,0,2,,,,,,0,0,,,,,0
44.867008,1779967194.865203,10373,,BS2DCE,,f,0,1,2570,2570,100,1,O,0,0,0,0,2,,,,,,0,0,,,,,0
44.867008,1779967194.865203,10373,,BS2DCE,,f,0,2,2380,2380,95,1,O,0,0,0,0,2,,,,,,0,0,,,,,0
44.867008,1779967194.865203,10373,,BS2DCE,,f,0,3,2238,2238,100,1,O,0,0,0,0,2,,,,,,0,0,,,,,0
44.867008,1779967194.865203,10373,,BS2DCE,,f,0,4,1688,1688,100,1,O,0,0,0,0,2,,,,,,0,0,,,,,0
44.867008,1779967194.865203,10373,,BS2DCE,,f,0,5,2087,2087,100,1,O,0,0,0,0,2,,,,,,0,0,,,,,0
44.867008,1779967194.865203,10373,,BS2DCE,,f,0,6,2219,2219,100,1,O,0,0,0,0,2,,,,,,0,0,,,,,0
44.867008,1779967194.865203,10373,,BS2DCE,,f,0,7,1815,1815,100,1,O,0,0,0,0,2,,,,,,0,0,,,,,0
45.003219,1779967195.001414,10374,,BS2DCE,,f,0,0,2064,2064,100,1,O,0,0,0,0,2,,,,,,0,0,,,,,0
45.003219,1779967195.001414,10374,,BS2DCE,,f,0,1,2390,2390,100,1,O,0,0,0,0,2,,,,,,0,0,,,,,0
45.003219,1779967195.001414,10374,,BS2DCE,,f,0,2,2690,2690,96,1,O,0,0,0,0,2,,,,,,0,0,,,,,0
45.003219,1779967195.001414,10374,,BS2DCE,,f,0,3,2184,2184,100,1,O,0,0,0,0,2,,,,,,0,0,,,,,0
45.003219,1779967195.001414,10374,,BS2DCE,,f,0,4,3879,3879,100,1,O,0,0,0,0,2,,,,,,0,0,,,,,0
45.003219,1779967195.001414,10374,,BS2DCE,,f,0,5,2179,2179,100,1,O,0,0,0,0,2,,,,,,0,0,,,,,0
45.003219,1779967195.001414,10374,,BS2DCE,,f,0,6,2205,2205,100,1,O,0,0,0,0,2,,,,,,0,0,,,,,0
45.003219,1779967195.001414,10374,,BS2DCE,,f,0,7,1840,1840,100,1,O,0,0,0,0,2,,,,,,0,0,,,,,0
45.054715,1779967195.05291,10375,,BS2DCE,,f,0,0,2016,2016,100,1,O,0,0,0,0,2,,,,,,0,0,,,,,0
45.054715,1779967195.05291,10375,,BS2DCE,,f,0,1,2397,2397,100,1,O,0,0,0,0,2,,,,,,0,0,,,,,0
45.054715,1779967195.05291,10375,,BS2DCE,,f,0,2,2584,2584,96,1,O,0,0,0,0,2,,,,,,0,0,,,,,0
45.054715,1779967195.05291,10375,,BS2DCE,,f,0,3,2043,2043,100,1,O,0,0,0,0,2,,,,,,0,0,,,,,0
45.054715,1779967195.05291,10375,,BS2DCE,,f,0,4,1789,1789,100,1,O,0,0,0,0,2,,,,,,0,0,,,,,0
45.054715,1779967195.05291,10375,,BS2DCE,,f,0,5,2154,2154,100,1,O,0,0,0,0,2,,,,,,0,0,,,,,0
45.054715,1779967195.05291,10375,,BS2DCE,,f,0,6,2300,2300,100,1,O,0,0,0,0,2,,,,,,0,0,,,,,0
45.054715,1779967195.05291,10375,,BS2DCE,,f,0,7,1797,1797,100,1,O,0,0,0,0,2,,,,,,0,0,,,,,0
45.162685,1779967195.16088,10376,,BS2DCE,,f,0,0,1934,1934,100,1,O,0,0,0,0,2,,,,,,0,0,,,,,0
45.162685,1779967195.16088,10376,,BS2DCE,,f,0,1,2404,2404,100,1,O,0,0,0,0,2,,,,,,0,0,,,,,0
45.162685,1779967195.16088,10376,,BS2DCE,,f,0,2,2368,2368,96,1,O,0,0,0,0,2,,,,,,0,0,,,,,0
45.162685,1779967195.16088,10376,,BS2DCE,,f,0,3,1939,1939,100,1,O,0,0,0,0,2,,,,,,0,0,,,,,0
45.162685,1779967195.16088,10376,,BS2DCE,,f,0,4,1761,1761,100,1,O,0,0,0,0,2,,,,,,0,0,,,,,0
45.162685,1779967195.16088,10376,,BS2DCE,,f,0,5,2293,2293,100,1,O,0,0,0,0,2,,,,,,0,0,,,,,0
45.162685,1779967195.16088,10376,,BS2DCE,,f,0,6,2232,2232,100,1,O,0,0,0,0,2,,,,,,0,0,,,,,0
45.162685,1779967195.16088,10376,,BS2DCE,,f,0,7,0,1797,96,0,T,0,0,0,0,2,,,,,,0,0,,,,,0
45.256889,1779967195.255084,10377,,BS2DCE,,f,0,0,1931,1931,100,1,O,0,0,0,0,2,,,,,,0,0,,,,,0
45.256889,1779967195.255084,10377,,BS2DCE,,f,0,1,2420,2420,100,1,O,0,0,0,0,2,,,,,,0,0,,,,,0
45.256889,1779967195.255084,10377,,BS2DCE,,f,0,2,2310,2310,96,1,O,0,0,0,0,2,,,,,,0,0,,,,,0
45.256889,1779967195.255084,10377,,BS2DCE,,f,0,3,1840,1840,100,1,O,0,0,0,0,2,,,,,,0,0,,,,,0
45.256889,1779967195.255084,10377,,BS2DCE,,f,0,4,1710,1710,100,1,O,0,0,0,0,2,,,,,,0,0,,,,,0
45.256889,1779967195.255084,10377,,BS2DCE,,f,0,5,2322,2322,100,1,O,0,0,0,0,2,,,,,,0,0,,,,,0
45.256889,1779967195.255084,10377,,BS2DCE,,f,0,6,2261,2261,100,1,O,0,0,0,0,2,,,,,,0,0,,,,,0
45.256889,1779967195.255084,10377,,BS2DCE,,f,0,7,1860,1860,96,1,O,0,0,0,0,2,,,,,,0,0,,,,,0
45.417628,1779967195.415823,10378,,BS2DCE,,f,0,0,1900,1900,100,1,O,0,0,0,0,2,,,,,,0,0,,,,,0
45.417628,1779967195.415823,10378,,BS2DCE,,f,0,1,2372,2372,100,1,O,0,0,0,0,2,,,,,,0,0,,,,,0
45.417628,1779967195.415823,10378,,BS2DCE,,f,0,2,2289,2289,96,1,O,0,0,0,0,2,,,,,,0,0,,,,,0
45.417628,1779967195.415823,10378,,BS2DCE,,f,0,3,1797,1797,100,1,O,0,0,0,0,2,,,,,,0,0,,,,,0
45.417628,1779967195.415823,10378,,BS2DCE,,f,0,4,1827,1827,100,1,O,0,0,0,0,2,,,,,,0,0,,,,,0
45.417628,1779967195.415823,10378,,BS2DCE,,f,0,5,2424,2424,100,1,O,0,0,0,0,2,,,,,,0,0,,,,,0
45.417628,1779967195.415823,10378,,BS2DCE,,f,0,6,2216,2216,100,1,O,0,0,0,0,2,,,,,,0,0,,,,,0
45.417628,1779967195.415823,10378,,BS2DCE,,f,0,7,1741,1741,96,1,O,0,0,0,0,2,,,,,,0,0,,,,,0
45.467237,1779967195.465432,10379,,BS2DCE,,f,0,0,1930,1930,100,1,O,0,0,0,0,2,,,,,,0,0,,,,,0
45.467237,1779967195.465432,10379,,BS2DCE,,f,0,1,2445,2445,100,1,O,0,0,0,0,2,,,,,,0,0,,,,,0
45.467237,1779967195.465432,10379,,BS2DCE,,f,0,2,2292,2292,96,1,O,0,0,0,0,2,,,,,,0,0,,,,,0
45.467237,1779967195.465432,10379,,BS2DCE,,f,0,3,1717,1717,100,1,O,0,0,0,0,2,,,,,,0,0,,,,,0
45.467237,1779967195.465432,10379,,BS2DCE,,f,0,4,1847,1847,100,1,O,0,0,0,0,2,,,,,,0,0,,,,,0
45.467237,1779967195.465432,10379,,BS2DCE,,f,0,5,2437,2437,100,1,O,0,0,0,0,2,,,,,,0,0,,,,,0
45.467237,1779967195.465432,10379,,BS2DCE,,f,0,6,2246,2246,100,1,O,0,0,0,0,2,,,,,,0,0,,,,,0
45.467237,1779967195.465432,10379,,BS2DCE,,f,0,7,1937,1937,96,1,O,0,0,0,0,2,,,,,,0,0,,,,,0
45.574191,1779967195.572386,10380,,BS2DCE,,f,0,0,1943,1943,100,1,O,0,0,0,0,2,,,,,,0,0,,,,,0
45.574191,1779967195.572386,10380,,BS2DCE,,f,0,1,2555,2555,100,1,O,0,0,0,0,2,,,,,,0,0,,,,,0
45.574191,1779967195.572386,10380,,BS2DCE,,f,0,2,2275,2275,96,1,O,0,0,0,0,2,,,,,,0,0,,,,,0
45.574191,1779967195.572386,10380,,BS2DCE,,f,0,3,1677,1677,100,1,O,0,0,0,0,2,,,,,,0,0,,,,,0
45.574191,1779967195.572386,10380,,BS2DCE,,f,0,4,1816,1816,100,1,O,0,0,0,0,2,,,,,,0,0,,,,,0
45.574191,1779967195.572386,10380,,BS2DCE,,f,0,5,2403,2403,100,1,O,0,0,0,0,2,,,,,,0,0,,,,,0
45.574191,1779967195.572386,10380,,BS2DCE,,f,0,6,2191,2191,100,1,O,0,0,0,0,2,,,,,,0,0,,,,,0
45.574191,1779967195.572386,10380,,BS2DCE,,f,0,7,1633,1633,96,1,O,0,0,0,0,2,,,,,,0,0,,,,,0
45.654432,1779967195.652627,10381,,BS2DCE,,f,0,0,2030,2030,100,1,O,0,0,0,0,2,,,,,,0,0,,,,,0
45.654432,1779967195.652627,10381,,BS2DCE,,f,0,1,2642,2642,100,1,O,0,0,0,0,2,,,,,,0,0,,,,,0
45.654432,1779967195.652627,10381,,BS2DCE,,f,0,2,2110,2110,96,1,O,0,0,0,0,2,,,,,,0,0,,,,,0
45.654432,1779967195.652627,10381,,BS2DCE,,f,0,3,1592,1592,100,1,O,0,0,0,0,2,,,,,,0,0,,,,,0
45.654432,1779967195.652627,10381,,BS2DCE,,f,0,4,1905,1905,100,1,O,0,0,0,0,2,,,,,,0,0,,,,,0
45.654432,1779967195.652627,10381,,BS2DCE,,f,0,5,2322,2322,100,1,O,0,0,0,0,2,,,,,,0,0,,,,,0
45.654432,1779967195.652627,10381,,BS2DCE,,f,0,6,2203,2203,100,1,O,0,0,0,0,2,,,,,,0,0,,,,,0
45.654432,1779967195.652627,10381,,BS2DCE,,f,0,7,1697,1697,96,1,O,0,0,0,0,2,,,,,,0,0,,,,,0
45.75936,1779967195.757555,10382,,BS2DCE,,f,0,0,2107,2107,100,1,O,0,0,0,0,2,,,,,,0,0,,,,,0
45.75936,1779967195.757555,10382,,BS2DCE,,f,0,1,2625,2625,100,1,O,0,0,0,0,2,,,,,,0,0,,,,,0
45.75936,1779967195.757555,10382,,BS2DCE,,f,0,2,2083,2083,100,1,O,0,0,0,0,2,,,,,,0,0,,,,,0
45.75936,1779967195.757555,10382,,BS2DCE,,f,0,3,1683,1683,100,1,O,0,0,0,0,2,,,,,,0,0,,,,,0
45.75936,1779967195.757555,10382,,BS2DCE,,f,0,4,1940,1940,100,1,O,0,0,0,0,2,,,,,,0,0,,,,,0
45.75936,1779967195.757555,10382,,BS2DCE,,f,0,5,2370,2370,100,1,O,0,0,0,0,2,,,,,,0,0,,,,,0
45.75936,1779967195.757555,10382,,BS2DCE,,f,0,6,2156,2156,100,1,O,0,0,0,0,2,,,,,,0,0,,,,,0
45.75936,1779967195.757555,10382,,BS2DCE,,f,0,7,0,1697,94,0,T,0,0,0,0,2,,,,,,0,0,,,,,0
45.875158,1779967195.873353,10383,,BS2DCE,,f,0,0,2184,2184,100,1,O,0,0,0,0,2,,,,,,0,0,,,,,0
45.875158,1779967195.873353,10383,,BS2DCE,,f,0,1,2599,2599,100,1,O,0,0,0,0,2,,,,,,0,0,,,,,0
45.875158,1779967195.873353,10383,,BS2DCE,,f,0,2,2032,2032,100,1,O,0,0,0,0,2,,,,,,0,0,,,,,0
45.875158,1779967195.873353,10383,,BS2DCE,,f,0,3,1607,1607,100,1,O,0,0,0,0,2,,,,,,0,0,,,,,0
45.875158,1779967195.873353,10383,,BS2DCE,,f,0,4,2010,2010,100,1,O,0,0,0,0,2,,,,,,0,0,,,,,0
45.875158,1779967195.873353,10383,,BS2DCE,,f,0,5,2452,2452,100,1,O,0,0,0,0,2,,,,,,0,0,,,,,0
45.875158,1779967195.873353,10383,,BS2DCE,,f,0,6,2217,2217,100,1,O,0,0,0,0,2,,,,,,0,0,,,,,0
45.875158,1779967195.873353,10383,,BS2DCE,,f,0,7,1723,1723,94,1,O,0,0,0,0,2,,,,,,0,0,,,,,0
45.963174,1779967195.961369,10384,,BS2DCE,,f,0,0,2421,2421,100,1,O,0,0,0,0,2,,,,,,0,0,,,,,0
45.963174,1779967195.961369,10384,,BS2DCE,,f,0,1,2476,2476,100,1,O,0,0,0,0,2,,,,,,0,0,,,,,0
45.963174,1779967195.961369,10384,,BS2DCE,,f,0,2,1978,1978,100,1,O,0,0,0,0,2,,,,,,0,0,,,,,0
45.963174,1779967195.961369,10384,,BS2DCE,,f,0,3,1545,1545,100,1,O,0,0,0,0,2,,,,,,0,0,,,,,0
45.963174,1779967195.961369,10384,,BS2DCE,,f,0,4,2141,2141,100,1,O,0,0,0,0,2,,,,,,0,0,,,,,0
45.963174,1779967195.961369,10384,,BS2DCE,,f,0,5,2660,2660,100,1,O,0,0,0,0,2,,,,,,0,0,,,,,0
45.963174,1779967195.961369,10384,,BS2DCE,,f,0,6,2212,2212,100,1,O,0,0,0,0,2,,,,,,0,0,,,,,0
45.963174,1779967195.961369,10384,,BS2DCE,,f,0,7,1766,1766,94,1,O,0,0,0,0,2,,,,,,0,0,,,,,0
46.081881,1779967196.080076,10385,,BS2DCE,,f,0,0,2278,2278,100,1,O,0,0,0,0,2,,,,,,0,0,,,,,0
46.081881,1779967196.080076,10385,,BS2DCE,,f,0,1,2439,2439,100,1,O,0,0,0,0,2,,,,,,0,0,,,,,0
46.081881,1779967196.080076,10385,,BS2DCE,,f,0,2,2053,2053,100,1,O,0,0,0,0,2,,,,,,0,0,,,,,0
46.081881,1779967196.080076,10385,,BS2DCE,,f,0,3,1676,1676,100,1,O,0,0,0,0,2,,,,,,0,0,,,,,0
46.081881,1779967196.080076,10385,,BS2DCE,,f,0,4,2076,2076,100,1,O,0,0,0,0,2,,,,,,0,0,,,,,0
46.081881,1779967196.080076,10385,,BS2DCE,,f,0,5,2604,2604,100,1,O,0,0,0,0,2,,,,,,0,0,,,,,0
46.081881,1779967196.080076,10385,,BS2DCE,,f,0,6,2294,2294,100,1,O,0,0,0,0,2,,,,,,0,0,,,,,0
46.081881,1779967196.080076,10385,,BS2DCE,,f,0,7,1998,1998,95,1,O,0,0,0,0,2,,,,,,0,0,,,,,0
46.173848,1779967196.172043,10386,,BS2DCE,,f,0,0,0,2278,95,0,T,0,0,0,0,2,,,,,,0,0,,,,,0
46.173848,1779967196.172043,10386,,BS2DCE,,f,0,1,2364,2364,100,1,O,0,0,0,0,2,,,,,,0,0,,,,,0
46.173848,1779967196.172043,10386,,BS2DCE,,f,0,2,2024,2024,100,1,O,0,0,0,0,2,,,,,,0,0,,,,,0
46.173848,1779967196.172043,10386,,BS2DCE,,f,0,3,1806,1806,100,1,O,0,0,0,0,2,,,,,,0,0,,,,,0
46.173848,1779967196.172043,10386,,BS2DCE,,f,0,4,2114,2114,100,1,O,0,0,0,0,2,,,,,,0,0,,,,,0
46.173848,1779967196.172043,10386,,BS2DCE,,f,0,5,2678,2678,100,1,O,0,0,0,0,2,,,,,,0,0,,,,,0
46.173848,1779967196.172043,10386,,BS2DCE,,f,0,6,2314,2314,100,1,O,0,0,0,0,2,,,,,,0,0,,,,,0
46.173848,1779967196.172043,10386,,BS2DCE,,f,0,7,1762,1762,95,1,O,0,0,0,0,2,,,,,,0,0,,,,,0
46.287818,1779967196.286013,10387,,BS2DCE,,f,0,0,2206,2206,95,1,O,0,0,0,0,2,,,,,,0,0,,,,,0
46.287818,1779967196.286013,10387,,BS2DCE,,f,0,1,2330,2330,100,1,O,0,0,0,0,2,,,,,,0,0,,,,,0
46.287818,1779967196.286013,10387,,BS2DCE,,f,0,2,1859,1859,100,1,O,0,0,0,0,2,,,,,,0,0,,,,,0
46.287818,1779967196.286013,10387,,BS2DCE,,f,0,3,1855,1855,100,1,O,0,0,0,0,2,,,,,,0,0,,,,,0
46.287818,1779967196.286013,10387,,BS2DCE,,f,0,4,2178,2178,100,1,O,0,0,0,0,2,,,,,,0,0,,,,,0
46.287818,1779967196.286013,10387,,BS2DCE,,f,0,5,2606,2606,100,1,O,0,0,0,0,2,,,,,,0,0,,,,,0
46.287818,1779967196.286013,10387,,BS2DCE,,f,0,6,2309,2309,100,1,O,0,0,0,0,2,,,,,,0,0,,,,,0
46.287818,1779967196.286013,10387,,BS2DCE,,f,0,7,1842,1842,95,1,O,0,0,0,0,2,,,,,,0,0,,,,,0
46.459191,1779967196.457386,10388,,BS2DCE,,f,0,0,2237,2237,95,1,O,0,0,0,0,2,,,,,,0,0,,,,,0
46.459191,1779967196.457386,10388,,BS2DCE,,f,0,1,2295,2295,100,1,O,0,0,0,0,2,,,,,,0,0,,,,,0
46.459191,1779967196.457386,10388,,BS2DCE,,f,0,2,1791,1791,100,1,O,0,0,0,0,2,,,,,,0,0,,,,,0
46.459191,1779967196.457386,10388,,BS2DCE,,f,0,3,1861,1861,100,1,O,0,0,0,0,2,,,,,,0,0,,,,,0
46.459191,1779967196.457386,10388,,BS2DCE,,f,0,4,2246,2246,100,1,O,0,0,0,0,2,,,,,,0,0,,,,,0
46.459191,1779967196.457386,10388,,BS2DCE,,f,0,5,2452,2452,100,1,O,0,0,0,0,2,,,,,,0,0,,,,,0
46.459191,1779967196.457386,10388,,BS2DCE,,f,0,6,2272,2272,100,1,O,0,0,0,0,2,,,,,,0,0,,,,,0
46.459191,1779967196.457386,10388,,BS2DCE,,f,0,7,0,1842,91,0,T,0,0,0,0,2,,,,,,0,0,,,,,0
46.478826,1779967196.477021,10389,,BS2DCE,,f,0,0,2162,2162,95,1,O,0,0,0,0,2,,,,,,0,0,,,,,0
46.478826,1779967196.477021,10389,,BS2DCE,,f,0,1,2287,2287,100,1,O,0,0,0,0,2,,,,,,0,0,,,,,0
46.478826,1779967196.477021,10389,,BS2DCE,,f,0,2,1828,1828,100,1,O,0,0,0,0,2,,,,,,0,0,,,,,0
46.478826,1779967196.477021,10389,,BS2DCE,,f,0,3,1799,1799,100,1,O,0,0,0,0,2,,,,,,0,0,,,,,0
46.478826,1779967196.477021,10389,,BS2DCE,,f,0,4,2222,2222,100,1,O,0,0,0,0,2,,,,,,0,0,,,,,0
46.478826,1779967196.477021,10389,,BS2DCE,,f,0,5,2339,2339,100,1,O,0,0,0,0,2,,,,,,0,0,,,,,0
46.478826,1779967196.477021,10389,,BS2DCE,,f,0,6,2177,2177,100,1,O,0,0,0,0,2,,,,,,0,0,,,,,0
46.478826,1779967196.477021,10389,,BS2DCE,,f,0,7,1810,1810,91,1,O,0,0,0,0,2,,,,,,0,0,,,,,0
46.576677,1779967196.574872,10390,,BS2DCE,,f,0,0,2183,2183,96,1,O,0,0,0,0,2,,,,,,0,0,,,,,0
46.576677,1779967196.574872,10390,,BS2DCE,,f,0,1,2195,2195,100,1,O,0,0,0,0,2,,,,,,0,0,,,,,0
46.576677,1779967196.574872,10390,,BS2DCE,,f,0,2,1742,1742,100,1,O,0,0,0,0,2,,,,,,0,0,,,,,0
46.576677,1779967196.574872,10390,,BS2DCE,,f,0,3,1758,1758,100,1,O,0,0,0,0,2,,,,,,0,0,,,,,0
46.576677,1779967196.574872,10390,,BS2DCE,,f,0,4,2270,2270,100,1,O,0,0,0,0,2,,,,,,0,0,,,,,0
46.576677,1779967196.574872,10390,,BS2DCE,,f,0,5,2286,2286,100,1,O,0,0,0,0,2,,,,,,0,0,,,,,0
46.576677,1779967196.574872,10390,,BS2DCE,,f,0,6,2189,2189,100,1,O,0,0,0,0,2,,,,,,0,0,,,,,0
46.576677,1779967196.574872,10390,,BS2DCE,,f,0,7,1799,1799,92,1,O,0,0,0,0,2,,,,,,0,0,,,,,0
46.666746,1779967196.664941,10391,,BS2DCE,,f,0,0,2205,2205,96,1,O,0,0,0,0,2,,,,,,0,0,,,,,0
46.666746,1779967196.664941,10391,,BS2DCE,,f,0,1,2144,2144,100,1,O,0,0,0,0,2,,,,,,0,0,,,,,0
46.666746,1779967196.664941,10391,,BS2DCE,,f,0,2,1743,1743,100,1,O,0,0,0,0,2,,,,,,0,0,,,,,0
46.666746,1779967196.664941,10391,,BS2DCE,,f,0,3,1908,1908,100,1,O,0,0,0,0,2,,,,,,0,0,,,,,0
46.666746,1779967196.664941,10391,,BS2DCE,,f,0,4,2311,2311,100,1,O,0,0,0,0,2,,,,,,0,0,,,,,0
46.666746,1779967196.664941,10391,,BS2DCE,,f,0,5,2154,2154,100,1,O,0,0,0,0,2,,,,,,0,0,,,,,0
46.666746,1779967196.664941,10391,,BS2DCE,,f,0,6,2049,2049,100,1,O,0,0,0,0,2,,,,,,0,0,,,,,0
46.666746,1779967196.664941,10391,,BS2DCE,,f,0,7,2126,2126,92,1,O,0,0,0,0,2,,,,,,0,0,,,,,0
46.802041,1779967196.800236,10392,,BS2DCE,,f,0,0,2297,2297,96,1,O,0,0,0,0,2,,,,,,0,0,,,,,0
46.802041,1779967196.800236,10392,,BS2DCE,,f,0,1,2147,2147,100,1,O,0,0,0,0,2,,,,,,0,0,,,,,0
46.802041,1779967196.800236,10392,,BS2DCE,,f,0,2,1717,1717,100,1,O,0,0,0,0,2,,,,,,0,0,,,,,0
46.802041,1779967196.800236,10392,,BS2DCE,,f,0,3,1831,1831,100,1,O,0,0,0,0,2,,,,,,0,0,,,,,0
46.802041,1779967196.800236,10392,,BS2DCE,,f,0,4,2292,2292,100,1,O,0,0,0,0,2,,,,,,0,0,,,,,0
46.802041,1779967196.800236,10392,,BS2DCE,,f,0,5,2309,2309,100,1,O,0,0,0,0,2,,,,,,0,0,,,,,0
46.802041,1779967196.800236,10392,,BS2DCE,,f,0,6,1934,1934,100,1,O,0,0,0,0,2,,,,,,0,0,,,,,0
46.802041,1779967196.800236,10392,,BS2DCE,,f,0,7,1874,1874,92,1,O,0,0,0,0,2,,,,,,0,0,,,,,0
46.854503,1779967196.852698,10393,,BS2DCE,,f,0,0,2271,2271,96,1,O,0,0,0,0,2,,,,,,0,0,,,,,0
46.854503,1779967196.852698,10393,,BS2DCE,,f,0,1,2143,2143,100,1,O,0,0,0,0,2,,,,,,0,0,,,,,0
46.854503,1779967196.852698,10393,,BS2DCE,,f,0,2,1570,1570,100,1,O,0,0,0,0,2,,,,,,0,0,,,,,0
46.854503,1779967196.852698,10393,,BS2DCE,,f,0,3,1855,1855,100,1,O,0,0,0,0,2,,,,,,0,0,,,,,0
46.854503,1779967196.852698,10393,,BS2DCE,,f,0,4,2366,2366,100,1,O,0,0,0,0,2,,,,,,0,0,,,,,0
46.854503,1779967196.852698,10393,,BS2DCE,,f,0,5,2339,2339,100,1,O,0,0,0,0,2,,,,,,0,0,,,,,0
46.854503,1779967196.852698,10393,,BS2DCE,,f,0,6,1869,1869,100,1,O,0,0,0,0,2,,,,,,0,0,,,,,0
46.854503,1779967196.852698,10393,,BS2DCE,,f,0,7,1919,1919,92,1,O,0,0,0,0,2,,,,,,0,0,,,,,0
46.960161,1779967196.958356,10394,,BS2DCE,,f,0,0,2327,2327,96,1,O,0,0,0,0,2,,,,,,0,0,,,,,0
46.960161,1779967196.958356,10394,,BS2DCE,,f,0,1,2101,2101,100,1,O,0,0,0,0,2,,,,,,0,0,,,,,0
46.960161,1779967196.958356,10394,,BS2DCE,,f,0,2,1578,1578,100,1,O,0,0,0,0,2,,,,,,0,0,,,,,0
46.960161,1779967196.958356,10394,,BS2DCE,,f,0,3,1889,1889,100,1,O,0,0,0,0,2,,,,,,0,0,,,,,0
46.960161,1779967196.958356,10394,,BS2DCE,,f,0,4,2408,2408,100,1,O,0,0,0,0,2,,,,,,0,0,,,,,0
46.960161,1779967196.958356,10394,,BS2DCE,,f,0,5,2349,2349,100,1,O,0,0,0,0,2,,,,,,0,0,,,,,0
46.960161,1779967196.958356,10394,,BS2DCE,,f,0,6,1769,1769,100,1,O,0,0,0,0,2,,,,,,0,0,,,,,0
46.960161,1779967196.958356,10394,,BS2DCE,,f,0,7,0,1919,89,0,T,0,0,0,0,2,,,,,,0,0,,,,,0
47.057145,1779967197.05534,10395,,BS2DCE,,f,0,0,2314,2314,96,1,O,0,0,0,0,2,,,,,,0,0,,,,,0
47.057145,1779967197.05534,10395,,BS2DCE,,f,0,1,2031,2031,100,1,O,0,0,0,0,2,,,,,,0,0,,,,,0
47.057145,1779967197.05534,10395,,BS2DCE,,f,0,2,1464,1464,100,1,O,0,0,0,0,2,,,,,,0,0,,,,,0
47.057145,1779967197.05534,10395,,BS2DCE,,f,0,3,1832,1832,100,1,O,0,0,0,0,2,,,,,,0,0,,,,,0
47.057145,1779967197.05534,10395,,BS2DCE,,f,0,4,2452,2452,100,1,O,0,0,0,0,2,,,,,,0,0,,,,,0
47.057145,1779967197.05534,10395,,BS2DCE,,f,0,5,2183,2183,100,1,O,0,0,0,0,2,,,,,,0,0,,,,,0
47.057145,1779967197.05534,10395,,BS2DCE,,f,0,6,1832,1832,100,1,O,0,0,0,0,2,,,,,,0,0,,,,,0
47.057145,1779967197.05534,10395,,BS2DCE,,f,0,7,2018,2018,90,1,O,0,0,0,0,2,,,,,,0,0,,,,,0
47.161914,1779967197.160109,10396,,BS2DCE,,f,0,0,2320,2320,96,1,O,0,0,0,0,2,,,,,,0,0,,,,,0
47.161914,1779967197.160109,10396,,BS2DCE,,f,0,1,2055,2055,100,1,O,0,0,0,0,2,,,,,,0,0,,,,,0
47.161914,1779967197.160109,10396,,BS2DCE,,f,0,2,1541,1541,100,1,O,0,0,0,0,2,,,,,,0,0,,,,,0
47.161914,1779967197.160109,10396,,BS2DCE,,f,0,3,1974,1974,100,1,O,0,0,0,0,2,,,,,,0,0,,,,,0
47.161914,1779967197.160109,10396,,BS2DCE,,f,0,4,2452,2452,100,1,O,0,0,0,0,2,,,,,,0,0,,,,,0
47.161914,1779967197.160109,10396,,BS2DCE,,f,0,5,2208,2208,100,1,O,0,0,0,0,2,,,,,,0,0,,,,,0
47.161914,1779967197.160109,10396,,BS2DCE,,f,0,6,1766,1766,100,1,O,0,0,0,0,2,,,,,,0,0,,,,,0
47.161914,1779967197.160109,10396,,BS2DCE,,f,0,7,1935,1935,90,1,O,0,0,0,0,2,,,,,,0,0,,,,,0
47.266798,1779967197.264993,10397,,BS2DCE,,f,0,0,2386,2386,96,1,O,0,0,0,0,2,,,,,,0,0,,,,,0
47.266798,1779967197.264993,10397,,BS2DCE,,f,0,1,2074,2074,100,1,O,0,0,0,0,2,,,,,,0,0,,,,,0
47.266798,1779967197.264993,10397,,BS2DCE,,f,0,2,1417,1417,100,1,O,0,0,0,0,2,,,,,,0,0,,,,,0
47.266798,1779967197.264993,10397,,BS2DCE,,f,0,3,1979,1979,100,1,O,0,0,0,0,2,,,,,,0,0,,,,,0
47.266798,1779967197.264993,10397,,BS2DCE,,f,0,4,2513,2513,100,1,O,0,0,0,0,2,,,,,,0,0,,,,,0
47.266798,1779967197.264993,10397,,BS2DCE,,f,0,5,2173,2173,100,1,O,0,0,0,0,2,,,,,,0,0,,,,,0
47.266798,1779967197.264993,10397,,BS2DCE,,f,0,6,1724,1724,100,1,O,0,0,0,0,2,,,,,,0,0,,,,,0
47.266798,1779967197.264993,10397,,BS2DCE,,f,0,7,2253,2253,90,1,O,0,0,0,0,2,,,,,,0,0,,,,,0
47.419183,1779967197.417378,10398,,BS2DCE,,f,0,0,2408,2408,100,1,O,0,0,0,0,2,,,,,,0,0,,,,,0
47.419183,1779967197.417378,10398,,BS2DCE,,f,0,1,2041,2041,100,1,O,0,0,0,0,2,,,,,,0,0,,,,,0
47.419183,1779967197.417378,10398,,BS2DCE,,f,0,2,1513,1513,100,1,O,0,0,0,0,2,,,,,,0,0,,,,,0
47.419183,1779967197.417378,10398,,BS2DCE,,f,0,3,1985,1985,100,1,O,0,0,0,0,2,,,,,,0,0,,,,,0
47.419183,1779967197.417378,10398,,BS2DCE,,f,0,4,2499,2499,100,1,O,0,0,0,0,2,,,,,,0,0,,,,,0
47.419183,1779967197.417378,10398,,BS2DCE,,f,0,5,2202,2202,100,1,O,0,0,0,0,2,,,,,,0,0,,,,,0
47.419183,1779967197.417378,10398,,BS2DCE,,f,0,6,1791,1791,100,1,O,0,0,0,0,2,,,,,,0,0,,,,,0
47.419183,1779967197.417378,10398,,BS2DCE,,f,0,7,2154,2154,94,1,O,0,0,0,0,2,,,,,,0,0,,,,,0
47.454396,1779967197.452591,10399,,BS2DCE,,f,0,0,2416,2416,100,1,O,0,0,0,0,2,,,,,,0,0,,,,,0
47.454396,1779967197.452591,10399,,BS2DCE,,f,0,1,1937,1937,100,1,O,0,0,0,0,2,,,,,,0,0,,,,,0
47.454396,1779967197.452591,10399,,BS2DCE,,f,0,2,1462,1462,100,1,O,0,0,0,0,2,,,,,,0,0,,,,,0
47.454396,1779967197.452591,10399,,BS2DCE,,f,0,3,2061,2061,100,1,O,0,0,0,0,2,,,,,,0,0,,,,,0
47.454396,1779967197.452591,10399,,BS2DCE,,f,0,4,2518,2518,100,1,O,0,0,0,0,2,,,,,,0,0,,,,,0
47.454396,1779967197.452591,10399,,BS2DCE,,f,0,5,2206,2206,100,1,O,0,0,0,0,2,,,,,,0,0,,,,,0
47.454396,1779967197.452591,10399,,BS2DCE,,f,0,6,1696,1696,100,1,O,0,0,0,0,2,,,,,,0,0,,,,,0
47.454396,1779967197.452591,10399,,BS2DCE,,f,0,7,2114,2114,94,1,O,0,0,0,0,2,,,,,,0,0,,,,,0
47.574325,1779967197.57252,10400,,BS2DCE,,f,0,0,2521,2521,100,1,O,0,0,0,0,2,,,,,,0,0,,,,,0
47.574325,1779967197.57252,10400,,BS2DCE,,f,0,1,2017,2017,100,1,O,0,0,0,0,2,,,,,,0,0,,,,,0
47.574325,1779967197.57252,10400,,BS2DCE,,f,0,2,1428,1428,100,1,O,0,0,0,0,2,,,,,,0,0,,,,,0
47.574325,1779967197.57252,10400,,BS2DCE,,f,0,3,2039,2039,100,1,O,0,0,0,0,2,,,,,,0,0,,,,,0
47.574325,1779967197.57252,10400,,BS2DCE,,f,0,4,2511,2511,100,1,O,0,0,0,0,2,,,,,,0,0,,,,,0
47.574325,1779967197.57252,10400,,BS2DCE,,f,0,5,1899,1899,100,1,O,0,0,0,0,2,,,,,,0,0,,,,,0
47.574325,1779967197.57252,10400,,BS2DCE,,f,0,6,1670,1670,100,1,O,0,0,0,0,2,,,,,,0,0,,,,,0
47.574325,1779967197.57252,10400,,BS2DCE,,f,0,7,2090,2090,94,1,O,0,0,0,0,2,,,,,,0,0,,,,,0
47.656861,1779967197.655056,10401,,BS2DCE,,f,0,0,2517,2517,100,1,O,0,0,0,0,2,,,,,,0,0,,,,,0
47.656861,1779967197.655056,10401,,BS2DCE,,f,0,1,2073,2073,100,1,O,0,0,0,0,2,,,,,,0,0,,,,,0
47.656861,1779967197.655056,10401,,BS2DCE,,f,0,2,1427,1427,100,1,O,0,0,0,0,2,,,,,,0,0,,,,,0
47.656861,1779967197.655056,10401,,BS2DCE,,f,0,3,2117,2117,100,1,O,0,0,0,0,2,,,,,,0,0,,,,,0
47.656861,1779967197.655056,10401,,BS2DCE,,f,0,4,2643,2643,100,1,O,0,0,0,0,2,,,,,,0,0,,,,,0
47.656861,1779967197.655056,10401,,BS2DCE,,f,0,5,2007,2007,100,1,O,0,0,0,0,2,,,,,,0,0,,,,,0
47.656861,1779967197.655056,10401,,BS2DCE,,f,0,6,1628,1628,100,1,O,0,0,0,0,2,,,,,,0,0,,,,,0
47.656861,1779967197.655056,10401,,BS2DCE,,f,0,7,2152,2152,95,1,O,0,0,0,0,2,,,,,,0,0,,,,,0
47.774186,1779967197.772381,10402,,BS2DCE,,f,0,0,2529,2529,100,1,O,0,0,0,0,2,,,,,,0,0,,,,,0
47.774186,1779967197.772381,10402,,BS2DCE,,f,0,1,2045,2045,100,1,O,0,0,0,0,2,,,,,,0,0,,,,,0
47.774186,1779967197.772381,10402,,BS2DCE,,f,0,2,1547,1547,100,1,O,0,0,0,0,2,,,,,,0,0,,,,,0
47.774186,1779967197.772381,10402,,BS2DCE,,f,0,3,2199,2199,100,1,O,0,0,0,0,2,,,,,,0,0,,,,,0
47.774186,1779967197.772381,10402,,BS2DCE,,f,0,4,2663,2663,100,1,O,0,0,0,0,2,,,,,,0,0,,,,,0
47.774186,1779967197.772381,10402,,BS2DCE,,f,0,5,2168,2168,100,1,O,0,0,0,0,2,,,,,,0,0,,,,,0
47.774186,1779967197.772381,10402,,BS2DCE,,f,0,6,1662,1662,100,1,O,0,0,0,0,2,,,,,,0,0,,,,,0
47.774186,1779967197.772381,10402,,BS2DCE,,f,0,7,2282,2282,95,1,O,0,0,0,0,2,,,,,,0,0,,,,,0
47.881921,1779967197.880116,10403,,BS2DCE,,f,0,0,2580,2580,100,1,O,0,0,0,0,2,,,,,,0,0,,,,,0
47.881921,1779967197.880116,10403,,BS2DCE,,f,0,1,2476,2476,100,1,O,0,0,0,0,2,,,,,,0,0,,,,,0
47.881921,1779967197.880116,10403,,BS2DCE,,f,0,2,1692,1692,100,1,O,0,0,0,0,2,,,,,,0,0,,,,,0
47.881921,1779967197.880116,10403,,BS2DCE,,f,0,3,2177,2177,100,1,O,0,0,0,0,2,,,,,,0,0,,,,,0
47.881921,1779967197.880116,10403,,BS2DCE,,f,0,4,2650,2650,100,1,O,0,0,0,0,2,,,,,,0,0,,,,,0
47.881921,1779967197.880116,10403,,BS2DCE,,f,0,5,1880,1880,100,1,O,0,0,0,0,2,,,,,,0,0,,,,,0
47.881921,1779967197.880116,10403,,BS2DCE,,f,0,6,1631,1631,100,1,O,0,0,0,0,2,,,,,,0,0,,,,,0
47.881921,1779967197.880116,10403,,BS2DCE,,f,0,7,2402,2402,95,1,O,0,0,0,0,2,,,,,,0,0,,,,,0
47.971879,1779967197.970074,10404,,BS2DCE,,f,0,0,2624,2624,100,1,O,0,0,0,0,2,,,,,,0,0,,,,,0
47.971879,1779967197.970074,10404,,BS2DCE,,f,0,1,2126,2126,100,1,O,0,0,0,0,2,,,,,,0,0,,,,,0
47.971879,1779967197.970074,10404,,BS2DCE,,f,0,2,1616,1616,100,1,O,0,0,0,0,2,,,,,,0,0,,,,,0
47.971879,1779967197.970074,10404,,BS2DCE,,f,0,3,2234,2234,100,1,O,0,0,0,0,2,,,,,,0,0,,,,,0
47.971879,1779967197.970074,10404,,BS2DCE,,f,0,4,2645,2645,100,1,O,0,0,0,0,2,,,,,,0,0,,,,,0
47.971879,1779967197.970074,10404,,BS2DCE,,f,0,5,1967,1967,100,1,O,0,0,0,0,2,,,,,,0,0,,,,,0
47.971879,1779967197.970074,10404,,BS2DCE,,f,0,6,1647,1647,100,1,O,0,0,0,0,2,,,,,,0,0,,,,,0
47.971879,1779967197.970074,10404,,BS2DCE,,f,0,7,2292,2292,95,1,O,0,0,0,0,2,,,,,,0,0,,,,,0
48.069398,1779967198.067593,10405,,BS2DCE,,f,0,0,2688,2688,100,1,O,0,0,0,0,2,,,,,,0,0,,,,,0
48.069398,1779967198.067593,10405,,BS2DCE,,f,0,1,1995,1995,100,1,O,0,0,0,0,2,,,,,,0,0,,,,,0
48.069398,1779967198.067593,10405,,BS2DCE,,f,0,2,1590,1590,100,1,O,0,0,0,0,2,,,,,,0,0,,,,,0
48.069398,1779967198.067593,10405,,BS2DCE,,f,0,3,2274,2274,100,1,O,0,0,0,0,2,,,,,,0,0,,,,,0
48.069398,1779967198.067593,10405,,BS2DCE,,f,0,4,2597,2597,100,1,O,0,0,0,0,2,,,,,,0,0,,,,,0
48.069398,1779967198.067593,10405,,BS2DCE,,f,0,5,1971,1971,100,1,O,0,0,0,0,2,,,,,,0,0,,,,,0
48.069398,1779967198.067593,10405,,BS2DCE,,f,0,6,1588,1588,100,1,O,0,0,0,0,2,,,,,,0,0,,,,,0
48.069398,1779967198.067593,10405,,BS2DCE,,f,0,7,2207,2207,95,1,O,0,0,0,0,2,,,,,,0,0,,,,,0
48.159369,1779967198.157564,10406,,BS2DCE,,f,0,0,2772,2772,100,1,O,0,0,0,0,2,,,,,,0,0,,,,,0
48.159369,1779967198.157564,10406,,BS2DCE,,f,0,1,2079,2079,100,1,O,0,0,0,0,2,,,,,,0,0,,,,,0
48.159369,1779967198.157564,10406,,BS2DCE,,f,0,2,1597,1597,100,1,O,0,0,0,0,2,,,,,,0,0,,,,,0
48.159369,1779967198.157564,10406,,BS2DCE,,f,0,3,2264,2264,100,1,O,0,0,0,0,2,,,,,,0,0,,,,,0
48.159369,1779967198.157564,10406,,BS2DCE,,f,0,4,2495,2495,100,1,O,0,0,0,0,2,,,,,,0,0,,,,,0
48.159369,1779967198.157564,10406,,BS2DCE,,f,0,5,1730,1730,100,1,O,0,0,0,0,2,,,,,,0,0,,,,,0
48.159369,1779967198.157564,10406,,BS2DCE,,f,0,6,1567,1567,100,1,O,0,0,0,0,2,,,,,,0,0,,,,,0
48.159369,1779967198.157564,10406,,BS2DCE,,f,0,7,2256,2256,96,1,O,0,0,0,0,2,,,,,,0,0,,,,,0
48.25767,1779967198.255865,10407,,BS2DCE,,f,0,0,3013,3013,100,1,O,0,0,0,0,2,,,,,,0,0,,,,,0
48.25767,1779967198.255865,10407,,BS2DCE,,f,0,1,1882,1882,100,1,O,0,0,0,0,2,,,,,,0,0,,,,,0
48.25767,1779967198.255865,10407,,BS2DCE,,f,0,2,1556,1556,100,1,O,0,0,0,0,2,,,,,,0,0,,,,,0
48.25767,1779967198.255865,10407,,BS2DCE,,f,0,3,2345,2345,100,1,O,0,0,0,0,2,,,,,,0,0,,,,,0
48.25767,1779967198.255865,10407,,BS2DCE,,f,0,4,2464,2464,100,1,O,0,0,0,0,2,,,,,,0,0,,,,,0
48.25767,1779967198.255865,10407,,BS2DCE,,f,0,5,1739,1739,100,1,O,0,0,0,0,2,,,,,,0,0,,,,,0
48.25767,1779967198.255865,10407,,BS2DCE,,f,0,6,1616,1616,100,1,O,0,0,0,0,2,,,,,,0,0,,,,,0
48.25767,1779967198.255865,10407,,BS2DCE,,f,0,7,2290,2290,96,1,O,0,0,0,0,2,,,,,,0,0,,,,,0
48.425164,1779967198.423359,10408,,BS2DCE,,f,0,0,2796,2796,100,1,O,0,0,0,0,2,,,,,,0,0,,,,,0
48.425164,1779967198.423359,10408,,BS2DCE,,f,0,1,1853,1853,100,1,O,0,0,0,0,2,,,,,,0,0,,,,,0
48.425164,1779967198.423359,10408,,BS2DCE,,f,0,2,1656,1656,100,1,O,0,0,0,0,2,,,,,,0,0,,,,,0
48.425164,1779967198.423359,10408,,BS2DCE,,f,0,3,2396,2396,100,1,O,0,0,0,0,2,,,,,,0,0,,,,,0
48.425164,1779967198.423359,10408,,BS2DCE,,f,0,4,2436,2436,100,1,O,0,0,0,0,2,,,,,,0,0,,,,,0
48.425164,1779967198.423359,10408,,BS2DCE,,f,0,5,1771,1771,100,1,O,0,0,0,0,2,,,,,,0,0,,,,,0
48.425164,1779967198.423359,10408,,BS2DCE,,f,0,6,1629,1629,100,1,O,0,0,0,0,2,,,,,,0,0,,,,,0
48.425164,1779967198.423359,10408,,BS2DCE,,f,0,7,2263,2263,96,1,O,0,0,0,0,2,,,,,,0,0,,,,,0
48.466977,1779967198.465172,10409,,BS2DCE,,f,0,0,2644,2644,100,1,O,0,0,0,0,2,,,,,,0,0,,,,,0
48.466977,1779967198.465172,10409,,BS2DCE,,f,0,1,1844,1844,100,1,O,0,0,0,0,2,,,,,,0,0,,,,,0
48.466977,1779967198.465172,10409,,BS2DCE,,f,0,2,1736,1736,100,1,O,0,0,0,0,2,,,,,,0,0,,,,,0
48.466977,1779967198.465172,10409,,BS2DCE,,f,0,3,2433,2433,100,1,O,0,0,0,0,2,,,,,,0,0,,,,,0
48.466977,1779967198.465172,10409,,BS2DCE,,f,0,4,2397,2397,100,1,O,0,0,0,0,2,,,,,,0,0,,,,,0
48.466977,1779967198.465172,10409,,BS2DCE,,f,0,5,1609,1609,100,1,O,0,0,0,0,2,,,,,,0,0,,,,,0
48.466977,1779967198.465172,10409,,BS2DCE,,f,0,6,1607,1607,100,1,O,0,0,0,0,2,,,,,,0,0,,,,,0
48.466977,1779967198.465172,10409,,BS2DCE,,f,0,7,2316,2316,96,1,O,0,0,0,0,2,,,,,,0,0,,,,,0
48.606051,1779967198.604246,10410,,BS2DCE,,f,0,0,2631,2631,100,1,O,0,0,0,0,2,,,,,,0,0,,,,,0
48.606051,1779967198.604246,10410,,BS2DCE,,f,0,1,1817,1817,100,1,O,0,0,0,0,2,,,,,,0,0,,,,,0
48.606051,1779967198.604246,10410,,BS2DCE,,f,0,2,1776,1776,100,1,O,0,0,0,0,2,,,,,,0,0,,,,,0
48.606051,1779967198.604246,10410,,BS2DCE,,f,0,3,2456,2456,100,1,O,0,0,0,0,2,,,,,,0,0,,,,,0
48.606051,1779967198.604246,10410,,BS2DCE,,f,0,4,2315,2315,100,1,O,0,0,0,0,2,,,,,,0,0,,,,,0
48.606051,1779967198.604246,10410,,BS2DCE,,f,0,5,1597,1597,100,1,O,0,0,0,0,2,,,,,,0,0,,,,,0
48.606051,1779967198.604246,10410,,BS2DCE,,f,0,6,1665,1665,100,1,O,0,0,0,0,2,,,,,,0,0,,,,,0
48.606051,1779967198.604246,10410,,BS2DCE,,f,0,7,2348,2348,96,1,O,0,0,0,0,2,,,,,,0,0,,,,,0
48.654503,1779967198.652698,10411,,BS2DCE,,f,0,0,2622,2622,100,1,O,0,0,0,0,2,,,,,,0,0,,,,,0
48.654503,1779967198.652698,10411,,BS2DCE,,f,0,1,1814,1814,100,1,O,0,0,0,0,2,,,,,,0,0,,,,,0
48.654503,1779967198.652698,10411,,BS2DCE,,f,0,2,1813,1813,100,1,O,0,0,0,0,2,,,,,,0,0,,,,,0
48.654503,1779967198.652698,10411,,BS2DCE,,f,0,3,2442,2442,100,1,O,0,0,0,0,2,,,,,,0,0,,,,,0
48.654503,1779967198.652698,10411,,BS2DCE,,f,0,4,2282,2282,100,1,O,0,0,0,0,2,,,,,,0,0,,,,,0
48.654503,1779967198.652698,10411,,BS2DCE,,f,0,5,1559,1559,100,1,O,0,0,0,0,2,,,,,,0,0,,,,,0
48.654503,1779967198.652698,10411,,BS2DCE,,f,0,6,1811,1811,100,1,O,0,0,0,0,2,,,,,,0,0,,,,,0
48.654503,1779967198.652698,10411,,BS2DCE,,f,0,7,2381,2381,96,1,O,0,0,0,0,2,,,,,,0,0,,,,,0
48.760544,1779967198.758739,10412,,BS2DCE,,f,0,0,2575,2575,100,1,O,0,0,0,0,2,,,,,,0,0,,,,,0
48.760544,1779967198.758739,10412,,BS2DCE,,f,0,1,1872,1872,100,1,O,0,0,0,0,2,,,,,,0,0,,,,,0
48.760544,1779967198.758739,10412,,BS2DCE,,f,0,2,1856,1856,100,1,O,0,0,0,0,2,,,,,,0,0,,,,,0
48.760544,1779967198.758739,10412,,BS2DCE,,f,0,3,2547,2547,100,1,O,0,0,0,0,2,,,,,,0,0,,,,,0
48.760544,1779967198.758739,10412,,BS2DCE,,f,0,4,2260,2260,100,1,O,0,0,0,0,2,,,,,,0,0,,,,,0
48.760544,1779967198.758739,10412,,BS2DCE,,f,0,5,1656,1656,100,1,O,0,0,0,0,2,,,,,,0,0,,,,,0
48.760544,1779967198.758739,10412,,BS2DCE,,f,0,6,1794,1794,100,1,O,0,0,0,0,2,,,,,,0,0,,,,,0
48.760544,1779967198.758739,10412,,BS2DCE,,f,0,7,2344,2344,96,1,O,0,0,0,0,2,,,,,,0,0,,,,,0
48.856868,1779967198.855063,10413,,BS2DCE,,f,0,0,2493,2493,100,1,O,0,0,0,0,2,,,,,,0,0,,,,,0
48.856868,1779967198.855063,10413,,BS2DCE,,f,0,1,1949,1949,100,1,O,0,0,0,0,2,,,,,,0,0,,,,,0
48.856868,1779967198.855063,10413,,BS2DCE,,f,0,2,1949,1949,100,1,O,0,0,0,0,2,,,,,,0,0,,,,,0
48.856868,1779967198.855063,10413,,BS2DCE,,f,0,3,2592,2592,100,1,O,0,0,0,0,2,,,,,,0,0,,,,,0
48.856868,1779967198.855063,10413,,BS2DCE,,f,0,4,2135,2135,100,1,O,0,0,0,0,2,,,,,,0,0,,,,,0
48.856868,1779967198.855063,10413,,BS2DCE,,f,0,5,1683,1683,100,1,O,0,0,0,0,2,,,,,,0,0,,,,,0
48.856868,1779967198.855063,10413,,BS2DCE,,f,0,6,1797,1797,100,1,O,0,0,0,0,2,,,,,,0,0,,,,,0
48.856868,1779967198.855063,10413,,BS2DCE,,f,0,7,2356,2356,96,1,O,0,0,0,0,2,,,,,,0,0,,,,,0
48.975973,1779967198.974168,10414,,BS2DCE,,f,0,0,2474,2474,100,1,O,0,0,0,0,2,,,,,,0,0,,,,,0
48.975973,1779967198.974168,10414,,BS2DCE,,f,0,1,2047,2047,100,1,O,0,0,0,0,2,,,,,,0,0,,,,,0
48.975973,1779967198.974168,10414,,BS2DCE,,f,0,2,1954,1954,100,1,O,0,0,0,0,2,,,,,,0,0,,,,,0
48.975973,1779967198.974168,10414,,BS2DCE,,f,0,3,2671,2671,100,1,O,0,0,0,0,2,,,,,,0,0,,,,,0
48.975973,1779967198.974168,10414,,BS2DCE,,f,0,4,2121,2121,100,1,O,0,0,0,0,2,,,,,,0,0,,,,,0
48.975973,1779967198.974168,10414,,BS2DCE,,f,0,5,1750,1750,100,1,O,0,0,0,0,2,,,,,,0,0,,,,,0
48.975973,1779967198.974168,10414,,BS2DCE,,f,0,6,1826,1826,100,1,O,0,0,0,0,2,,,,,,0,0,,,,,0
48.975973,1779967198.974168,10414,,BS2DCE,,f,0,7,2349,2349,100,1,O,0,0,0,0,2,,,,,,0,0,,,,,0
49.077942,1779967199.076137,10415,,BS2DCE,,f,0,0,2345,2345,100,1,O,0,0,0,0,2,,,,,,0,0,,,,,0
49.077942,1779967199.076137,10415,,BS2DCE,,f,0,1,2013,2013,100,1,O,0,0,0,0,2,,,,,,0,0,,,,,0
49.077942,1779967199.076137,10415,,BS2DCE,,f,0,2,2055,2055,100,1,O,0,0,0,0,2,,,,,,0,0,,,,,0
49.077942,1779967199.076137,10415,,BS2DCE,,f,0,3,2913,2913,100,1,O,0,0,0,0,2,,,,,,0,0,,,,,0
49.077942,1779967199.076137,10415,,BS2DCE,,f,0,4,2070,2070,100,1,O,0,0,0,0,2,,,,,,0,0,,,,,0
49.077942,1779967199.076137,10415,,BS2DCE,,f,0,5,1576,1576,100,1,O,0,0,0,0,2,,,,,,0,0,,,,,0
49.077942,1779967199.076137,10415,,BS2DCE,,f,0,6,1862,1862,100,1,O,0,0,0,0,2,,,,,,0,0,,,,,0
49.077942,1779967199.076137,10415,,BS2DCE,,f,0,7,2308,2308,100,1,O,0,0,0,0,2,,,,,,0,0,,,,,0
49.171867,1779967199.170062,10416,,BS2DCE,,f,0,0,2309,2309,100,1,O,0,0,0,0,2,,,,,,0,0,,,,,0
49.171867,1779967199.170062,10416,,BS2DCE,,f,0,1,2004,2004,100,1,O,0,0,0,0,2,,,,,,0,0,,,,,0
49.171867,1779967199.170062,10416,,BS2DCE,,f,0,2,2067,2067,100,1,O,0,0,0,0,2,,,,,,0,0,,,,,0
49.171867,1779967199.170062,10416,,BS2DCE,,f,0,3,2563,2563,100,1,O,0,0,0,0,2,,,,,,0,0,,,,,0
49.171867,1779967199.170062,10416,,BS2DCE,,f,0,4,2002,2002,100,1,O,0,0,0,0,2,,,,,,0,0,,,,,0
49.171867,1779967199.170062,10416,,BS2DCE,,f,0,5,1702,1702,100,1,O,0,0,0,0,2,,,,,,0,0,,,,,0
49.171867,1779967199.170062,10416,,BS2DCE,,f,0,6,1846,1846,100,1,O,0,0,0,0,2,,,,,,0,0,,,,,0
49.171867,1779967199.170062,10416,,BS2DCE,,f,0,7,2215,2215,100,1,O,0,0,0,0,2,,,,,,0,0,,,,,0
49.276018,1779967199.274213,10417,,BS2DCE,,f,0,0,2181,2181,100,1,O,0,0,0,0,2,,,,,,0,0,,,,,0
49.276018,1779967199.274213,10417,,BS2DCE,,f,0,1,2030,2030,100,1,O,0,0,0,0,2,,,,,,0,0,,,,,0
49.276018,1779967199.274213,10417,,BS2DCE,,f,0,2,2181,2181,100,1,O,0,0,0,0,2,,,,,,0,0,,,,,0
49.276018,1779967199.274213,10417,,BS2DCE,,f,0,3,2458,2458,100,1,O,0,0,0,0,2,,,,,,0,0,,,,,0
49.276018,1779967199.274213,10417,,BS2DCE,,f,0,4,1905,1905,100,1,O,0,0,0,0,2,,,,,,0,0,,,,,0
49.276018,1779967199.274213,10417,,BS2DCE,,f,0,5,1632,1632,100,1,O,0,0,0,0,2,,,,,,0,0,,,,,0
49.276018,1779967199.274213,10417,,BS2DCE,,f,0,6,1918,1918,100,1,O,0,0,0,0,2,,,,,,0,0,,,,,0
49.276018,1779967199.274213,10417,,BS2DCE,,f,0,7,2158,2158,100,1,O,0,0,0,0,2,,,,,,0,0,,,,,0
49.431075,1779967199.42927,10418,,BS2DCE,,f,0,0,2227,2227,100,1,O,0,0,0,0,2,,,,,,0,0,,,,,0
49.431075,1779967199.42927,10418,,BS2DCE,,f,0,1,2028,2028,100,1,O,0,0,0,0,2,,,,,,0,0,,,,,0
49.431075,1779967199.42927,10418,,BS2DCE,,f,0,2,2203,2203,100,1,O,0,0,0,0,2,,,,,,0,0,,,,,0
49.431075,1779967199.42927,10418,,BS2DCE,,f,0,3,2519,2519,100,1,O,0,0,0,0,2,,,,,,0,0,,,,,0
49.431075,1779967199.42927,10418,,BS2DCE,,f,0,4,1855,1855,100,1,O,0,0,0,0,2,,,,,,0,0,,,,,0
49.431075,1779967199.42927,10418,,BS2DCE,,f,0,5,1792,1792,100,1,O,0,0,0,0,2,,,,,,0,0,,,,,0
49.431075,1779967199.42927,10418,,BS2DCE,,f,0,6,1945,1945,100,1,O,0,0,0,0,2,,,,,,0,0,,,,,0
49.431075,1779967199.42927,10418,,BS2DCE,,f,0,7,2087,2087,100,1,O,0,0,0,0,2,,,,,,0,0,,,,,0
49.456918,1779967199.455113,10419,,BS2DCE,,f,0,0,2133,2133,100,1,O,0,0,0,0,2,,,,,,0,0,,,,,0
49.456918,1779967199.455113,10419,,BS2DCE,,f,0,1,2081,2081,100,1,O,0,0,0,0,2,,,,,,0,0,,,,,0
49.456918,1779967199.455113,10419,,BS2DCE,,f,0,2,2265,2265,100,1,O,0,0,0,0,2,,,,,,0,0,,,,,0
49.456918,1779967199.455113,10419,,BS2DCE,,f,0,3,2463,2463,100,1,O,0,0,0,0,2,,,,,,0,0,,,,,0
49.456918,1779967199.455113,10419,,BS2DCE,,f,0,4,1735,1735,100,1,O,0,0,0,0,2,,,,,,0,0,,,,,0
49.456918,1779967199.455113,10419,,BS2DCE,,f,0,5,1824,1824,100,1,O,0,0,0,0,2,,,,,,0,0,,,,,0
49.456918,1779967199.455113,10419,,BS2DCE,,f,0,6,2073,2073,100,1,O,0,0,0,0,2,,,,,,0,0,,,,,0
49.456918,1779967199.455113,10419,,BS2DCE,,f,0,7,2034,2034,100,1,O,0,0,0,0,2,,,,,,0,0,,,,,0
49.576854,1779967199.575049,10420,,BS2DCE,,f,0,0,2185,2185,100,1,O,0,0,0,0,2,,,,,,0,0,,,,,0
49.576854,1779967199.575049,10420,,BS2DCE,,f,0,1,2165,2165,100,1,O,0,0,0,0,2,,,,,,0,0,,,,,0
49.576854,1779967199.575049,10420,,BS2DCE,,f,0,2,2271,2271,100,1,O,0,0,0,0,2,,,,,,0,0,,,,,0
49.576854,1779967199.575049,10420,,BS2DCE,,f,0,3,2279,2279,100,1,O,0,0,0,0,2,,,,,,0,0,,,,,0
49.576854,1779967199.575049,10420,,BS2DCE,,f,0,4,1728,1728,100,1,O,0,0,0,0,2,,,,,,0,0,,,,,0
49.576854,1779967199.575049,10420,,BS2DCE,,f,0,5,1964,1964,100,1,O,0,0,0,0,2,,,,,,0,0,,,,,0
49.576854,1779967199.575049,10420,,BS2DCE,,f,0,6,2074,2074,100,1,O,0,0,0,0,2,,,,,,0,0,,,,,0
49.576854,1779967199.575049,10420,,BS2DCE,,f,0,7,1926,1926,100,1,O,0,0,0,0,2,,,,,,0,0,,,,,0
49.682039,1779967199.680234,10421,,BS2DCE,,f,0,0,2085,2085,100,1,O,0,0,0,0,2,,,,,,0,0,,,,,0
49.682039,1779967199.680234,10421,,BS2DCE,,f,0,1,2251,2251,100,1,O,0,0,0,0,2,,,,,,0,0,,,,,0
49.682039,1779967199.680234,10421,,BS2DCE,,f,0,2,2256,2256,100,1,O,0,0,0,0,2,,,,,,0,0,,,,,0
49.682039,1779967199.680234,10421,,BS2DCE,,f,0,3,2203,2203,100,1,O,0,0,0,0,2,,,,,,0,0,,,,,0
49.682039,1779967199.680234,10421,,BS2DCE,,f,0,4,1660,1660,100,1,O,0,0,0,0,2,,,,,,0,0,,,,,0
49.682039,1779967199.680234,10421,,BS2DCE,,f,0,5,1899,1899,100,1,O,0,0,0,0,2,,,,,,0,0,,,,,0
49.682039,1779967199.680234,10421,,BS2DCE,,f,0,6,2088,2088,100,1,O,0,0,0,0,2,,,,,,0,0,,,,,0
49.682039,1779967199.680234,10421,,BS2DCE,,f,0,7,1847,1847,100,1,O,0,0,0,0,2,,,,,,0,0,,,,,0
49.771856,1779967199.770051,10422,,BS2DCE,,f,0,0,2123,2123,100,1,O,0,0,0,0,2,,,,,,0,0,,,,,0
49.771856,1779967199.770051,10422,,BS2DCE,,f,0,1,2557,2557,100,1,O,0,0,0,0,2,,,,,,0,0,,,,,0
49.771856,1779967199.770051,10422,,BS2DCE,,f,0,2,2373,2373,100,1,O,0,0,0,0,2,,,,,,0,0,,,,,0
49.771856,1779967199.770051,10422,,BS2DCE,,f,0,3,2201,2201,100,1,O,0,0,0,0,2,,,,,,0,0,,,,,0
49.771856,1779967199.770051,10422,,BS2DCE,,f,0,4,1670,1670,100,1,O,0,0,0,0,2,,,,,,0,0,,,,,0
49.771856,1779967199.770051,10422,,BS2DCE,,f,0,5,1972,1972,100,1,O,0,0,0,0,2,,,,,,0,0,,,,,0
49.771856,1779967199.770051,10422,,BS2DCE,,f,0,6,2184,2184,100,1,O,0,0,0,0,2,,,,,,0,0,,,,,0
49.771856,1779967199.770051,10422,,BS2DCE,,f,0,7,1789,1789,100,1,O,0,0,0,0,2,,,,,,0,0,,,,,0
49.854513,1779967199.852708,10423,,BS2DCE,,f,0,0,2064,2064,100,1,O,0,0,0,0,2,,,,,,0,0,,,,,0
49.854513,1779967199.852708,10423,,BS2DCE,,f,0,1,2485,2485,100,1,O,0,0,0,0,2,,,,,,0,0,,,,,0
49.854513,1779967199.852708,10423,,BS2DCE,,f,0,2,2434,2434,100,1,O,0,0,0,0,2,,,,,,0,0,,,,,0
49.854513,1779967199.852708,10423,,BS2DCE,,f,0,3,2119,2119,100,1,O,0,0,0,0,2,,,,,,0,0,,,,,0
49.854513,1779967199.852708,10423,,BS2DCE,,f,0,4,1775,1775,100,1,O,0,0,0,0,2,,,,,,0,0,,,,,0
49.854513,1779967199.852708,10423,,BS2DCE,,f,0,5,2150,2150,100,1,O,0,0,0,0,2,,,,,,0,0,,,,,0
49.854513,1779967199.852708,10423,,BS2DCE,,f,0,6,2141,2141,100,1,O,0,0,0,0,2,,,,,,0,0,,,,,0
49.854513,1779967199.852708,10423,,BS2DCE,,f,0,7,1814,1814,100,1,O,0,0,0,0,2,,,,,,0,0,,,,,0
49.959432,1779967199.957627,10424,,BS2DCE,,f,0,0,1991,1991,100,1,O,0,0,0,0,2,,,,,,0,0,,,,,0
49.959432,1779967199.957627,10424,,BS2DCE,,f,0,1,2420,2420,100,1,O,0,0,0,0,2,,,,,,0,0,,,,,0
49.959432,1779967199.957627,10424,,BS2DCE,,f,0,2,2516,2516,100,1,O,0,0,0,0,2,,,,,,0,0,,,,,0
49.959432,1779967199.957627,10424,,BS2DCE,,f,0,3,2147,2147,100,1,O,0,0,0,0,2,,,,,,0,0,,,,,0
49.959432,1779967199.957627,10424,,BS2DCE,,f,0,4,1894,1894,100,1,O,0,0,0,0,2,,,,,,0,0,,,,,0
49.959432,1779967199.957627,10424,,BS2DCE,,f,0,5,2167,2167,100,1,O,0,0,0,0,2,,,,,,0,0,,,,,0
49.959432,1779967199.957627,10424,,BS2DCE,,f,0,6,2242,2242,100,1,O,0,0,0,0,2,,,,,,0,0,,,,,0
49.959432,1779967199.957627,10424,,BS2DCE,,f,0,7,1767,1767,100,1,O,0,0,0,0,2,,,,,,0,0,,,,,0
50.057043,1779967200.055238,10425,,BS2DCE,,f,0,0,2038,2038,100,1,O,0,0,0,0,2,,,,,,0,0,,,,,0
50.057043,1779967200.055238,10425,,BS2DCE,,f,0,1,2394,2394,100,1,O,0,0,0,0,2,,,,,,0,0,,,,,0
50.057043,1779967200.055238,10425,,BS2DCE,,f,0,2,2514,2514,100,1,O,0,0,0,0,2,,,,,,0,0,,,,,0
50.057043,1779967200.055238,10425,,BS2DCE,,f,0,3,2015,2015,100,1,O,0,0,0,0,2,,,,,,0,0,,,,,0
50.057043,1779967200.055238,10425,,BS2DCE,,f,0,4,1755,1755,100,1,O,0,0,0,0,2,,,,,,0,0,,,,,0
50.057043,1779967200.055238,10425,,BS2DCE,,f,0,5,2160,2160,100,1,O,0,0,0,0,2,,,,,,0,0,,,,,0
50.057043,1779967200.055238,10425,,BS2DCE,,f,0,6,2272,2272,100,1,O,0,0,0,0,2,,,,,,0,0,,,,,0
50.057043,1779967200.055238,10425,,BS2DCE,,f,0,7,1801,1801,100,1,O,0,0,0,0,2,,,,,,0,0,,,,,0
50.176425,1779967200.17462,10426,,BS2DCE,,f,0,0,1956,1956,100,1,O,0,0,0,0,2,,,,,,0,0,,,,,0
50.176425,1779967200.17462,10426,,BS2DCE,,f,0,1,2416,2416,100,1,O,0,0,0,0,2,,,,,,0,0,,,,,0
50.176425,1779967200.17462,10426,,BS2DCE,,f,0,2,2354,2354,100,1,O,0,0,0,0,2,,,,,,0,0,,,,,0
50.176425,1779967200.17462,10426,,BS2DCE,,f,0,3,1937,1937,100,1,O,0,0,0,0,2,,,,,,0,0,,,,,0
50.176425,1779967200.17462,10426,,BS2DCE,,f,0,4,1661,1661,100,1,O,0,0,0,0,2,,,,,,0,0,,,,,0
50.176425,1779967200.17462,10426,,BS2DCE,,f,0,5,2271,2271,100,1,O,0,0,0,0,2,,,,,,0,0,,,,,0
50.176425,1779967200.17462,10426,,BS2DCE,,f,0,6,2329,2329,100,1,O,0,0,0,0,2,,,,,,0,0,,,,,0
50.176425,1779967200.17462,10426,,BS2DCE,,f,0,7,1734,1734,100,1,O,0,0,0,0,2,,,,,,0,0,,,,,0
50.267136,1779967200.265331,10427,,BS2DCE,,f,0,0,1890,1890,100,1,O,0,0,0,0,2,,,,,,0,0,,,,,0
50.267136,1779967200.265331,10427,,BS2DCE,,f,0,1,2422,2422,100,1,O,0,0,0,0,2,,,,,,0,0,,,,,0
50.267136,1779967200.265331,10427,,BS2DCE,,f,0,2,2271,2271,100,1,O,0,0,0,0,2,,,,,,0,0,,,,,0
50.267136,1779967200.265331,10427,,BS2DCE,,f,0,3,1788,1788,100,1,O,0,0,0,0,2,,,,,,0,0,,,,,0
50.267136,1779967200.265331,10427,,BS2DCE,,f,0,4,1701,1701,100,1,O,0,0,0,0,2,,,,,,0,0,,,,,0
50.267136,1779967200.265331,10427,,BS2DCE,,f,0,5,2344,2344,100,1,O,0,0,0,0,2,,,,,,0,0,,,,,0
50.267136,1779967200.265331,10427,,BS2DCE,,f,0,6,2297,2297,100,1,O,0,0,0,0,2,,,,,,0,0,,,,,0
50.267136,1779967200.265331,10427,,BS2DCE,,f,0,7,1691,1691,100,1,O,0,0,0,0,2,,,,,,0,0,,,,,0
50.419844,1779967200.418039,10428,,BS2DCE,,f,0,0,1892,1892,100,1,O,0,0,0,0,2,,,,,,0,0,,,,,0
50.419844,1779967200.418039,10428,,BS2DCE,,f,0,1,2399,2399,100,1,O,0,0,0,0,2,,,,,,0,0,,,,,0
50.419844,1779967200.418039,10428,,BS2DCE,,f,0,2,2257,2257,100,1,O,0,0,0,0,2,,,,,,0,0,,,,,0
50.419844,1779967200.418039,10428,,BS2DCE,,f,0,3,1711,1711,100,1,O,0,0,0,0,2,,,,,,0,0,,,,,0
50.419844,1779967200.418039,10428,,BS2DCE,,f,0,4,1803,1803,100,1,O,0,0,0,0,2,,,,,,0,0,,,,,0
50.419844,1779967200.418039,10428,,BS2DCE,,f,0,5,2342,2342,100,1,O,0,0,0,0,2,,,,,,0,0,,,,,0
50.419844,1779967200.418039,10428,,BS2DCE,,f,0,6,2242,2242,100,1,O,0,0,0,0,2,,,,,,0,0,,,,,0
50.419844,1779967200.418039,10428,,BS2DCE,,f,0,7,1694,1694,100,1,O,0,0,0,0,2,,,,,,0,0,,,,,0
50.454372,1779967200.452567,10429,,BS2DCE,,f,0,0,1936,1936,100,1,O,0,0,0,0,2,,,,,,0,0,,,,,0
50.454372,1779967200.452567,10429,,BS2DCE,,f,0,1,2517,2517,100,1,O,0,0,0,0,2,,,,,,0,0,,,,,0
50.454372,1779967200.452567,10429,,BS2DCE,,f,0,2,2237,2237,100,1,O,0,0,0,0,2,,,,,,0,0,,,,,0
50.454372,1779967200.452567,10429,,BS2DCE,,f,0,3,1642,1642,100,1,O,0,0,0,0,2,,,,,,0,0,,,,,0
50.454372,1779967200.452567,10429,,BS2DCE,,f,0,4,1820,1820,100,1,O,0,0,0,0,2,,,,,,0,0,,,,,0
50.454372,1779967200.452567,10429,,BS2DCE,,f,0,5,2379,2379,100,1,O,0,0,0,0,2,,,,,,0,0,,,,,0
50.454372,1779967200.452567,10429,,BS2DCE,,f,0,6,2220,2220,100,1,O,0,0,0,0,2,,,,,,0,0,,,,,0
50.454372,1779967200.452567,10429,,BS2DCE,,f,0,7,1656,1656,100,1,O,0,0,0,0,2,,,,,,0,0,,,,,0
50.574327,1779967200.572522,10430,,BS2DCE,,f,0,0,1983,1983,100,1,O,0,0,0,0,2,,,,,,0,0,,,,,0
50.574327,1779967200.572522,10430,,BS2DCE,,f,0,1,2655,2655,100,1,O,0,0,0,0,2,,,,,,0,0,,,,,0
50.574327,1779967200.572522,10430,,BS2DCE,,f,0,2,2182,2182,100,1,O,0,0,0,0,2,,,,,,0,0,,,,,0
50.574327,1779967200.572522,10430,,BS2DCE,,f,0,3,1681,1681,100,1,O,0,0,0,0,2,,,,,,0,0,,,,,0
50.574327,1779967200.572522,10430,,BS2DCE,,f,0,4,1865,1865,100,1,O,0,0,0,0,2,,,,,,0,0,,,,,0
50.574327,1779967200.572522,10430,,BS2DCE,,f,0,5,2365,2365,100,1,O,0,0,0,0,2,,,,,,0,0,,,,,0
50.574327,1779967200.572522,10430,,BS2DCE,,f,0,6,2208,2208,100,1,O,0,0,0,0,2,,,,,,0,0,,,,,0
50.574327,1779967200.572522,10430,,BS2DCE,,f,0,7,1646,1646,100,1,O,0,0,0,0,2,,,,,,0,0,,,,,0
50.656929,1779967200.655124,10431,,BS2DCE,,f,0,0,2047,2047,100,1,O,0,0,0,0,2,,,,,,0,0,,,,,0
50.656929,1779967200.655124,10431,,BS2DCE,,f,0,1,2649,2649,100,1,O,0,0,0,0,2,,,,,,0,0,,,,,0
50.656929,1779967200.655124,10431,,BS2DCE,,f,0,2,2094,2094,100,1,O,0,0,0,0,2,,,,,,0,0,,,,,0
50.656929,1779967200.655124,10431,,BS2DCE,,f,0,3,1673,1673,100,1,O,0,0,0,0,2,,,,,,0,0,,,,,0
50.656929,1779967200.655124,10431,,BS2DCE,,f,0,4,1855,1855,100,1,O,0,0,0,0,2,,,,,,0,0,,,,,0
50.656929,1779967200.655124,10431,,BS2DCE,,f,0,5,2326,2326,100,1,O,0,0,0,0,2,,,,,,0,0,,,,,0
50.656929,1779967200.655124,10431,,BS2DCE,,f,0,6,2169,2169,100,1,O,0,0,0,0,2,,,,,,0,0,,,,,0
50.656929,1779967200.655124,10431,,BS2DCE,,f,0,7,1654,1654,100,1,O,0,0,0,0,2,,,,,,0,0,,,,,0
50.762075,1779967200.76027,10432,,BS2DCE,,f,0,0,2094,2094,100,1,O,0,0,0,0,2,,,,,,0,0,,,,,0
50.762075,1779967200.76027,10432,,BS2DCE,,f,0,1,2636,2636,100,1,O,0,0,0,0,2,,,,,,0,0,,,,,0
50.762075,1779967200.76027,10432,,BS2DCE,,f,0,2,2060,2060,100,1,O,0,0,0,0,2,,,,,,0,0,,,,,0
50.762075,1779967200.76027,10432,,BS2DCE,,f,0,3,1624,1624,100,1,O,0,0,0,0,2,,,,,,0,0,,,,,0
50.762075,1779967200.76027,10432,,BS2DCE,,f,0,4,1974,1974,100,1,O,0,0,0,0,2,,,,,,0,0,,,,,0
50.762075,1779967200.76027,10432,,BS2DCE,,f,0,5,2493,2493,100,1,O,0,0,0,0,2,,,,,,0,0,,,,,0
50.762075,1779967200.76027,10432,,BS2DCE,,f,0,6,2216,2216,100,1,O,0,0,0,0,2,,,,,,0,0,,,,,0
50.762075,1779967200.76027,10432,,BS2DCE,,f,0,7,1716,1716,100,1,O,0,0,0,0,2,,,,,,0,0,,,,,0
50.866984,1779967200.865179,10433,,BS2DCE,,f,0,0,2241,2241,100,1,O,0,0,0,0,2,,,,,,0,0,,,,,0
50.866984,1779967200.865179,10433,,BS2DCE,,f,0,1,2505,2505,100,1,O,0,0,0,0,2,,,,,,0,0,,,,,0
50.866984,1779967200.865179,10433,,BS2DCE,,f,0,2,2042,2042,100,1,O,0,0,0,0,2,,,,,,0,0,,,,,0
50.866984,1779967200.865179,10433,,BS2DCE,,f,0,3,1630,1630,100,1,O,0,0,0,0,2,,,,,,0,0,,,,,0
50.866984,1779967200.865179,10433,,BS2DCE,,f,0,4,2011,2011,100,1,O,0,0,0,0,2,,,,,,0,0,,,,,0
50.866984,1779967200.865179,10433,,BS2DCE,,f,0,5,2490,2490,100,1,O,0,0,0,0,2,,,,,,0,0,,,,,0
50.866984,1779967200.865179,10433,,BS2DCE,,f,0,6,2157,2157,100,1,O,0,0,0,0,2,,,,,,0,0,,,,,0
50.866984,1779967200.865179,10433,,BS2DCE,,f,0,7,1707,1707,100,1,O,0,0,0,0,2,,,,,,0,0,,,,,0
50.972005,1779967200.9702,10434,,BS2DCE,,f,0,0,2556,2556,100,1,O,0,0,0,0,2,,,,,,0,0,,,,,0
50.972005,1779967200.9702,10434,,BS2DCE,,f,0,1,2449,2449,100,1,O,0,0,0,0,2,,,,,,0,0,,,,,0
50.972005,1779967200.9702,10434,,BS2DCE,,f,0,2,2056,2056,100,1,O,0,0,0,0,2,,,,,,0,0,,,,,0
50.972005,1779967200.9702,10434,,BS2DCE,,f,0,3,1588,1588,100,1,O,0,0,0,0,2,,,,,,0,0,,,,,0
50.972005,1779967200.9702,10434,,BS2DCE,,f,0,4,2064,2064,100,1,O,0,0,0,0,2,,,,,,0,0,,,,,0
50.972005,1779967200.9702,10434,,BS2DCE,,f,0,5,2614,2614,100,1,O,0,0,0,0,2,,,,,,0,0,,,,,0
50.972005,1779967200.9702,10434,,BS2DCE,,f,0,6,2250,2250,100,1,O,0,0,0,0,2,,,,,,0,0,,,,,0
50.972005,1779967200.9702,10434,,BS2DCE,,f,0,7,1768,1768,100,1,O,0,0,0,0,2,,,,,,0,0,,,,,0
51.054475,1779967201.05267,10435,,BS2DCE,,f,0,0,2278,2278,100,1,O,0,0,0,0,2,,,,,,0,0,,,,,0
51.054475,1779967201.05267,10435,,BS2DCE,,f,0,1,2385,2385,100,1,O,0,0,0,0,2,,,,,,0,0,,,,,0
51.054475,1779967201.05267,10435,,BS2DCE,,f,0,2,1994,1994,100,1,O,0,0,0,0,2,,,,,,0,0,,,,,0
51.054475,1779967201.05267,10435,,BS2DCE,,f,0,3,1682,1682,100,1,O,0,0,0,0,2,,,,,,0,0,,,,,0
51.054475,1779967201.05267,10435,,BS2DCE,,f,0,4,2191,2191,100,1,O,0,0,0,0,2,,,,,,0,0,,,,,0
51.054475,1779967201.05267,10435,,BS2DCE,,f,0,5,2683,2683,100,1,O,0,0,0,0,2,,,,,,0,0,,,,,0
51.054475,1779967201.05267,10435,,BS2DCE,,f,0,6,2330,2330,100,1,O,0,0,0,0,2,,,,,,0,0,,,,,0
51.054475,1779967201.05267,10435,,BS2DCE,,f,0,7,1826,1826,100,1,O,0,0,0,0,2,,,,,,0,0,,,,,0
51.159259,1779967201.157454,10436,,BS2DCE,,f,0,0,2207,2207,100,1,O,0,0,0,0,2,,,,,,0,0,,,,,0
51.159259,1779967201.157454,10436,,BS2DCE,,f,0,1,2296,2296,100,1,O,0,0,0,0,2,,,,,,0,0,,,,,0
51.159259,1779967201.157454,10436,,BS2DCE,,f,0,2,1914,1914,100,1,O,0,0,0,0,2,,,,,,0,0,,,,,0
51.159259,1779967201.157454,10436,,BS2DCE,,f,0,3,1841,1841,100,1,O,0,0,0,0,2,,,,,,0,0,,,,,0
51.159259,1779967201.157454,10436,,BS2DCE,,f,0,4,2141,2141,100,1,O,0,0,0,0,2,,,,,,0,0,,,,,0
51.159259,1779967201.157454,10436,,BS2DCE,,f,0,5,2702,2702,100,1,O,0,0,0,0,2,,,,,,0,0,,,,,0
51.159259,1779967201.157454,10436,,BS2DCE,,f,0,6,2296,2296,100,1,O,0,0,0,0,2,,,,,,0,0,,,,,0
51.159259,1779967201.157454,10436,,BS2DCE,,f,0,7,1793,1793,100,1,O,0,0,0,0,2,,,,,,0,0,,,,,0
51.256893,1779967201.255088,10437,,BS2DCE,,f,0,0,2187,2187,100,1,O,0,0,0,0,2,,,,,,0,0,,,,,0
51.256893,1779967201.255088,10437,,BS2DCE,,f,0,1,2336,2336,100,1,O,0,0,0,0,2,,,,,,0,0,,,,,0
51.256893,1779967201.255088,10437,,BS2DCE,,f,0,2,1828,1828,100,1,O,0,0,0,0,2,,,,,,0,0,,,,,0
51.256893,1779967201.255088,10437,,BS2DCE,,f,0,3,1864,1864,100,1,O,0,0,0,0,2,,,,,,0,0,,,,,0
51.256893,1779967201.255088,10437,,BS2DCE,,f,0,4,2237,2237,100,1,O,0,0,0,0,2,,,,,,0,0,,,,,0
51.256893,1779967201.255088,10437,,BS2DCE,,f,0,5,2541,2541,100,1,O,0,0,0,0,2,,,,,,0,0,,,,,0
51.256893,1779967201.255088,10437,,BS2DCE,,f,0,6,2298,2298,100,1,O,0,0,0,0,2,,,,,,0,0,,,,,0
51.256893,1779967201.255088,10437,,BS2DCE,,f,0,7,1794,1794,100,1,O,0,0,0,0,2,,,,,,0,0,,,,,0
51.416707,1779967201.414902,10438,,BS2DCE,,f,0,0,2143,2143,100,1,O,0,0,0,0,2,,,,,,0,0,,,,,0
51.416707,1779967201.414902,10438,,BS2DCE,,f,0,1,2285,2285,100,1,O,0,0,0,0,2,,,,,,0,0,,,,,0
51.416707,1779967201.414902,10438,,BS2DCE,,f,0,2,1852,1852,100,1,O,0,0,0,0,2,,,,,,0,0,,,,,0
51.416707,1779967201.414902,10438,,BS2DCE,,f,0,3,1858,1858,100,1,O,0,0,0,0,2,,,,,,0,0,,,,,0
51.416707,1779967201.414902,10438,,BS2DCE,,f,0,4,2254,2254,100,1,O,0,0,0,0,2,,,,,,0,0,,,,,0
51.416707,1779967201.414902,10438,,BS2DCE,,f,0,5,2546,2546,100,1,O,0,0,0,0,2,,,,,,0,0,,,,,0
51.416707,1779967201.414902,10438,,BS2DCE,,f,0,6,2221,2221,100,1,O,0,0,0,0,2,,,,,,0,0,,,,,0
51.416707,1779967201.414902,10438,,BS2DCE,,f,0,7,1851,1851,100,1,O,0,0,0,0,2,,,,,,0,0,,,,,0
51.481872,1779967201.480067,10439,,BS2DCE,,f,0,0,2141,2141,100,1,O,0,0,0,0,2,,,,,,0,0,,,,,0
51.481872,1779967201.480067,10439,,BS2DCE,,f,0,1,2215,2215,100,1,O,0,0,0,0,2,,,,,,0,0,,,,,0
51.481872,1779967201.480067,10439,,BS2DCE,,f,0,2,1812,1812,100,1,O,0,0,0,0,2,,,,,,0,0,,,,,0
51.481872,1779967201.480067,10439,,BS2DCE,,f,0,3,1811,1811,100,1,O,0,0,0,0,2,,,,,,0,0,,,,,0
51.481872,1779967201.480067,10439,,BS2DCE,,f,0,4,2300,2300,100,1,O,0,0,0,0,2,,,,,,0,0,,,,,0
51.481872,1779967201.480067,10439,,BS2DCE,,f,0,5,2319,2319,100,1,O,0,0,0,0,2,,,,,,0,0,,,,,0
51.481872,1779967201.480067,10439,,BS2DCE,,f,0,6,2186,2186,100,1,O,0,0,0,0,2,,,,,,0,0,,,,,0
51.481872,1779967201.480067,10439,,BS2DCE,,f,0,7,1759,1759,100,1,O,0,0,0,0,2,,,,,,0,0,,,,,0
51.57185,1779967201.570045,10440,,BS2DCE,,f,0,0,2183,2183,100,1,O,0,0,0,0,2,,,,,,0,0,,,,,0
51.57185,1779967201.570045,10440,,BS2DCE,,f,0,1,2206,2206,100,1,O,0,0,0,0,2,,,,,,0,0,,,,,0
51.57185,1779967201.570045,10440,,BS2DCE,,f,0,2,1746,1746,100,1,O,0,0,0,0,2,,,,,,0,0,,,,,0
51.57185,1779967201.570045,10440,,BS2DCE,,f,0,3,1783,1783,100,1,O,0,0,0,0,2,,,,,,0,0,,,,,0
51.57185,1779967201.570045,10440,,BS2DCE,,f,0,4,2228,2228,100,1,O,0,0,0,0,2,,,,,,0,0,,,,,0
51.57185,1779967201.570045,10440,,BS2DCE,,f,0,5,0,2319,96,0,T,0,0,0,0,2,,,,,,0,0,,,,,0
51.57185,1779967201.570045,10440,,BS2DCE,,f,0,6,2141,2141,100,1,O,0,0,0,0,2,,,,,,0,0,,,,,0
51.57185,1779967201.570045,10440,,BS2DCE,,f,0,7,1794,1794,100,1,O,0,0,0,0,2,,,,,,0,0,,,,,0
51.654442,1779967201.652637,10441,,BS2DCE,,f,0,0,2173,2173,100,1,O,0,0,0,0,2,,,,,,0,0,,,,,0
51.654442,1779967201.652637,10441,,BS2DCE,,f,0,1,2170,2170,100,1,O,0,0,0,0,2,,,,,,0,0,,,,,0
51.654442,1779967201.652637,10441,,BS2DCE,,f,0,2,1687,1687,100,1,O,0,0,0,0,2,,,,,,0,0,,,,,0
51.654442,1779967201.652637,10441,,BS2DCE,,f,0,3,1842,1842,100,1,O,0,0,0,0,2,,,,,,0,0,,,,,0
51.654442,1779967201.652637,10441,,BS2DCE,,f,0,4,2324,2324,100,1,O,0,0,0,0,2,,,,,,0,0,,,,,0
51.654442,1779967201.652637,10441,,BS2DCE,,f,0,5,2366,2366,96,1,O,0,0,0,0,2,,,,,,0,0,,,,,0
51.654442,1779967201.652637,10441,,BS2DCE,,f,0,6,2009,2009,100,1,O,0,0,0,0,2,,,,,,0,0,,,,,0
51.654442,1779967201.652637,10441,,BS2DCE,,f,0,7,1905,1905,100,1,O,0,0,0,0,2,,,,,,0,0,,,,,0
51.770289,1779967201.768484,10442,,BS2DCE,,f,0,0,2256,2256,100,1,O,0,0,0,0,2,,,,,,0,0,,,,,0
51.770289,1779967201.768484,10442,,BS2DCE,,f,0,1,2153,2153,100,1,O,0,0,0,0,2,,,,,,0,0,,,,,0
51.770289,1779967201.768484,10442,,BS2DCE,,f,0,2,1662,1662,100,1,O,0,0,0,0,2,,,,,,0,0,,,,,0
51.770289,1779967201.768484,10442,,BS2DCE,,f,0,3,1830,1830,100,1,O,0,0,0,0,2,,,,,,0,0,,,,,0
51.770289,1779967201.768484,10442,,BS2DCE,,f,0,4,2332,2332,100,1,O,0,0,0,0,2,,,,,,0,0,,,,,0
51.770289,1779967201.768484,10442,,BS2DCE,,f,0,5,2262,2262,96,1,O,0,0,0,0,2,,,,,,0,0,,,,,0
51.770289,1779967201.768484,10442,,BS2DCE,,f,0,6,1999,1999,100,1,O,0,0,0,0,2,,,,,,0,0,,,,,0
51.770289,1779967201.768484,10442,,BS2DCE,,f,0,7,1906,1906,100,1,O,0,0,0,0,2,,,,,,0,0,,,,,0
51.856917,1779967201.855112,10443,,BS2DCE,,f,0,0,2244,2244,100,1,O,0,0,0,0,2,,,,,,0,0,,,,,0
51.856917,1779967201.855112,10443,,BS2DCE,,f,0,1,2112,2112,100,1,O,0,0,0,0,2,,,,,,0,0,,,,,0
51.856917,1779967201.855112,10443,,BS2DCE,,f,0,2,1659,1659,100,1,O,0,0,0,0,2,,,,,,0,0,,,,,0
51.856917,1779967201.855112,10443,,BS2DCE,,f,0,3,1800,1800,100,1,O,0,0,0,0,2,,,,,,0,0,,,,,0
51.856917,1779967201.855112,10443,,BS2DCE,,f,0,4,2336,2336,100,1,O,0,0,0,0,2,,,,,,0,0,,,,,0
51.856917,1779967201.855112,10443,,BS2DCE,,f,0,5,2251,2251,96,1,O,0,0,0,0,2,,,,,,0,0,,,,,0
51.856917,1779967201.855112,10443,,BS2DCE,,f,0,6,1921,1921,100,1,O,0,0,0,0,2,,,,,,0,0,,,,,0
51.856917,1779967201.855112,10443,,BS2DCE,,f,0,7,1836,1836,100,1,O,0,0,0,0,2,,,,,,0,0,,,,,0
51.962163,1779967201.960358,10444,,BS2DCE,,f,0,0,2292,2292,100,1,O,0,0,0,0,2,,,,,,0,0,,,,,0
51.962163,1779967201.960358,10444,,BS2DCE,,f,0,1,2139,2139,100,1,O,0,0,0,0,2,,,,,,0,0,,,,,0
51.962163,1779967201.960358,10444,,BS2DCE,,f,0,2,1576,1576,100,1,O,0,0,0,0,2,,,,,,0,0,,,,,0
51.962163,1779967201.960358,10444,,BS2DCE,,f,0,3,1880,1880,100,1,O,0,0,0,0,2,,,,,,0,0,,,,,0
51.962163,1779967201.960358,10444,,BS2DCE,,f,0,4,2304,2304,100,1,O,0,0,0,0,2,,,,,,0,0,,,,,0
51.962163,1779967201.960358,10444,,BS2DCE,,f,0,5,2361,2361,96,1,O,0,0,0,0,2,,,,,,0,0,,,,,0
51.962163,1779967201.960358,10444,,BS2DCE,,f,0,6,1859,1859,100,1,O,0,0,0,0,2,,,,,,0,0,,,,,0
51.962163,1779967201.960358,10444,,BS2DCE,,f,0,7,1933,1933,100,1,O,0,0,0,0,2,,,,,,0,0,,,,,0
52.06711,1779967202.065305,10445,,BS2DCE,,f,0,0,2294,2294,100,1,O,0,0,0,0,2,,,,,,0,0,,,,,0
52.06711,1779967202.065305,10445,,BS2DCE,,f,0,1,2083,2083,100,1,O,0,0,0,0,2,,,,,,0,0,,,,,0
52.06711,1779967202.065305,10445,,BS2DCE,,f,0,2,1534,1534,100,1,O,0,0,0,0,2,,,,,,0,0,,,,,0
52.06711,1779967202.065305,10445,,BS2DCE,,f,0,3,1927,1927,100,1,O,0,0,0,0,2,,,,,,0,0,,,,,0
52.06711,1779967202.065305,10445,,BS2DCE,,f,0,4,2393,2393,100,1,O,0,0,0,0,2,,,,,,0,0,,,,,0
52.06711,1779967202.065305,10445,,BS2DCE,,f,0,5,2260,2260,96,1,O,0,0,0,0,2,,,,,,0,0,,,,,0
52.06711,1779967202.065305,10445,,BS2DCE,,f,0,6,1827,1827,100,1,O,0,0,0,0,2,,,,,,0,0,,,,,0
52.06711,1779967202.065305,10445,,BS2DCE,,f,0,7,1967,1967,100,1,O,0,0,0,0,2,,,,,,0,0,,,,,0
52.202173,1779967202.200368,10446,,BS2DCE,,f,0,0,2305,2305,100,1,O,0,0,0,0,2,,,,,,0,0,,,,,0
52.202173,1779967202.200368,10446,,BS2DCE,,f,0,1,2075,2075,100,1,O,0,0,0,0,2,,,,,,0,0,,,,,0
52.202173,1779967202.200368,10446,,BS2DCE,,f,0,2,1499,1499,100,1,O,0,0,0,0,2,,,,,,0,0,,,,,0
52.202173,1779967202.200368,10446,,BS2DCE,,f,0,3,1865,1865,100,1,O,0,0,0,0,2,,,,,,0,0,,,,,0
52.202173,1779967202.200368,10446,,BS2DCE,,f,0,4,2471,2471,100,1,O,0,0,0,0,2,,,,,,0,0,,,,,0
52.202173,1779967202.200368,10446,,BS2DCE,,f,0,5,1582,1582,100,1,O,0,0,0,0,2,,,,,,0,0,,,,,0
52.202173,1779967202.200368,10446,,BS2DCE,,f,0,6,1875,1875,100,1,O,0,0,0,0,2,,,,,,0,0,,,,,0
52.202173,1779967202.200368,10446,,BS2DCE,,f,0,7,1955,1955,100,1,O,0,0,0,0,2,,,,,,0,0,,,,,0
52.255233,1779967202.253428,10447,,BS2DCE,,f,0,0,2333,2333,100,1,O,0,0,0,0,2,,,,,,0,0,,,,,0
52.255233,1779967202.253428,10447,,BS2DCE,,f,0,1,2016,2016,100,1,O,0,0,0,0,2,,,,,,0,0,,,,,0
52.255233,1779967202.253428,10447,,BS2DCE,,f,0,2,1555,1555,100,1,O,0,0,0,0,2,,,,,,0,0,,,,,0
52.255233,1779967202.253428,10447,,BS2DCE,,f,0,3,1988,1988,100,1,O,0,0,0,0,2,,,,,,0,0,,,,,0
52.255233,1779967202.253428,10447,,BS2DCE,,f,0,4,2514,2514,100,1,O,0,0,0,0,2,,,,,,0,0,,,,,0
52.255233,1779967202.253428,10447,,BS2DCE,,f,0,5,2264,2264,100,1,O,0,0,0,0,2,,,,,,0,0,,,,,0
52.255233,1779967202.253428,10447,,BS2DCE,,f,0,6,1803,1803,100,1,O,0,0,0,0,2,,,,,,0,0,,,,,0
52.255233,1779967202.253428,10447,,BS2DCE,,f,0,7,1986,1986,100,1,O,0,0,0,0,2,,,,,,0,0,,,,,0
52.441024,1779967202.439219,10448,,BS2DCE,,f,0,0,2379,2379,100,1,O,0,0,0,0,2,,,,,,0,0,,,,,0
52.441024,1779967202.439219,10448,,BS2DCE,,f,0,1,2128,2128,100,1,O,0,0,0,0,2,,,,,,0,0,,,,,0
52.441024,1779967202.439219,10448,,BS2DCE,,f,0,2,1488,1488,100,1,O,0,0,0,0,2,,,,,,0,0,,,,,0
52.441024,1779967202.439219,10448,,BS2DCE,,f,0,3,1978,1978,100,1,O,0,0,0,0,2,,,,,,0,0,,,,,0
52.441024,1779967202.439219,10448,,BS2DCE,,f,0,4,2534,2534,100,1,O,0,0,0,0,2,,,,,,0,0,,,,,0
52.441024,1779967202.439219,10448,,BS2DCE,,f,0,5,2259,2259,100,1,O,0,0,0,0,2,,,,,,0,0,,,,,0
52.441024,1779967202.439219,10448,,BS2DCE,,f,0,6,1764,1764,100,1,O,0,0,0,0,2,,,,,,0,0,,,,,0
52.441024,1779967202.439219,10448,,BS2DCE,,f,0,7,2076,2076,100,1,O,0,0,0,0,2,,,,,,0,0,,,,,0
52.456946,1779967202.455141,10449,,BS2DCE,,f,0,0,2412,2412,100,1,O,0,0,0,0,2,,,,,,0,0,,,,,0
52.456946,1779967202.455141,10449,,BS2DCE,,f,0,1,2042,2042,100,1,O,0,0,0,0,2,,,,,,0,0,,,,,0
52.456946,1779967202.455141,10449,,BS2DCE,,f,0,2,1509,1509,100,1,O,0,0,0,0,2,,,,,,0,0,,,,,0
52.456946,1779967202.455141,10449,,BS2DCE,,f,0,3,1808,1808,100,1,O,0,0,0,0,2,,,,,,0,0,,,,,0
52.456946,1779967202.455141,10449,,BS2DCE,,f,0,4,2523,2523,100,1,O,0,0,0,0,2,,,,,,0,0,,,,,0
52.456946,1779967202.455141,10449,,BS2DCE,,f,0,5,2177,2177,100,1,O,0,0,0,0,2,,,,,,0,0,,,,,0
52.456946,1779967202.455141,10449,,BS2DCE,,f,0,6,1760,1760,100,1,O,0,0,0,0,2,,,,,,0,0,,,,,0
52.456946,1779967202.455141,10449,,BS2DCE,,f,0,7,2129,2129,100,1,O,0,0,0,0,2,,,,,,0,0,,,,,0
52.576943,1779967202.575138,10450,,BS2DCE,,f,0,0,2426,2426,100,1,O,0,0,0,0,2,,,,,,0,0,,,,,0
52.576943,1779967202.575138,10450,,BS2DCE,,f,0,1,1997,1997,100,1,O,0,0,0,0,2,,,,,,0,0,,,,,0
52.576943,1779967202.575138,10450,,BS2DCE,,f,0,2,1452,1452,100,1,O,0,0,0,0,2,,,,,,0,0,,,,,0
52.576943,1779967202.575138,10450,,BS2DCE,,f,0,3,2029,2029,100,1,O,0,0,0,0,2,,,,,,0,0,,,,,0
52.576943,1779967202.575138,10450,,BS2DCE,,f,0,4,2554,2554,100,1,O,0,0,0,0,2,,,,,,0,0,,,,,0
52.576943,1779967202.575138,10450,,BS2DCE,,f,0,5,2102,2102,100,1,O,0,0,0,0,2,,,,,,0,0,,,,,0
52.576943,1779967202.575138,10450,,BS2DCE,,f,0,6,1713,1713,100,1,O,0,0,0,0,2,,,,,,0,0,,,,,0
52.576943,1779967202.575138,10450,,BS2DCE,,f,0,7,2034,2034,100,1,O,0,0,0,0,2,,,,,,0,0,,,,,0
52.667068,1779967202.665263,10451,,BS2DCE,,f,0,0,2397,2397,100,1,O,0,0,0,0,2,,,,,,0,0,,,,,0
52.667068,1779967202.665263,10451,,BS2DCE,,f,0,1,2067,2067,100,1,O,0,0,0,0,2,,,,,,0,0,,,,,0
52.667068,1779967202.665263,10451,,BS2DCE,,f,0,2,1445,1445,100,1,O,0,0,0,0,2,,,,,,0,0,,,,,0
52.667068,1779967202.665263,10451,,BS2DCE,,f,0,3,2067,2067,100,1,O,0,0,0,0,2,,,,,,0,0,,,,,0
52.667068,1779967202.665263,10451,,BS2DCE,,f,0,4,2575,2575,100,1,O,0,0,0,0,2,,,,,,0,0,,,,,0
52.667068,1779967202.665263,10451,,BS2DCE,,f,0,5,2114,2114,100,1,O,0,0,0,0,2,,,,,,0,0,,,,,0
52.667068,1779967202.665263,10451,,BS2DCE,,f,0,6,1674,1674,100,1,O,0,0,0,0,2,,,,,,0,0,,,,,0
52.667068,1779967202.665263,10451,,BS2DCE,,f,0,7,2112,2112,100,1,O,0,0,0,0,2,,,,,,0,0,,,,,0
52.771952,1779967202.770147,10452,,BS2DCE,,f,0,0,2518,2518,100,1,O,0,0,0,0,2,,,,,,0,0,,,,,0
52.771952,1779967202.770147,10452,,BS2DCE,,f,0,1,2037,2037,100,1,O,0,0,0,0,2,,,,,,0,0,,,,,0
52.771952,1779967202.770147,10452,,BS2DCE,,f,0,2,1413,1413,100,1,O,0,0,0,0,2,,,,,,0,0,,,,,0
52.771952,1779967202.770147,10452,,BS2DCE,,f,0,3,2099,2099,100,1,O,0,0,0,0,2,,,,,,0,0,,,,,0
52.771952,1779967202.770147,10452,,BS2DCE,,f,0,4,2585,2585,100,1,O,0,0,0,0,2,,,,,,0,0,,,,,0
52.771952,1779967202.770147,10452,,BS2DCE,,f,0,5,0,2114,95,0,T,0,0,0,0,2,,,,,,0,0,,,,,0
52.771952,1779967202.770147,10452,,BS2DCE,,f,0,6,1663,1663,100,1,O,0,0,0,0,2,,,,,,0,0,,,,,0
52.771952,1779967202.770147,10452,,BS2DCE,,f,0,7,2202,2202,100,1,O,0,0,0,0,2,,,,,,0,0,,,,,0
52.854406,1779967202.852601,10453,,BS2DCE,,f,0,0,2524,2524,100,1,O,0,0,0,0,2,,,,,,0,0,,,,,0
52.854406,1779967202.852601,10453,,BS2DCE,,f,0,1,2097,2097,100,1,O,0,0,0,0,2,,,,,,0,0,,,,,0
52.854406,1779967202.852601,10453,,BS2DCE,,f,0,2,1403,1403,100,1,O,0,0,0,0,2,,,,,,0,0,,,,,0
52.854406,1779967202.852601,10453,,BS2DCE,,f,0,3,2115,2115,100,1,O,0,0,0,0,2,,,,,,0,0,,,,,0
52.854406,1779967202.852601,10453,,BS2DCE,,f,0,4,2639,2639,100,1,O,0,0,0,0,2,,,,,,0,0,,,,,0
52.854406,1779967202.852601,10453,,BS2DCE,,f,0,5,2049,2049,95,1,O,0,0,0,0,2,,,,,,0,0,,,,,0
52.854406,1779967202.852601,10453,,BS2DCE,,f,0,6,1643,1643,100,1,O,0,0,0,0,2,,,,,,0,0,,,,,0
52.854406,1779967202.852601,10453,,BS2DCE,,f,0,7,2213,2213,100,1,O,0,0,0,0,2,,,,,,0,0,,,,,0
52.959453,1779967202.957648,10454,,BS2DCE,,f,0,0,2548,2548,100,1,O,0,0,0,0,2,,,,,,0,0,,,,,0
52.959453,1779967202.957648,10454,,BS2DCE,,f,0,1,2178,2178,100,1,O,0,0,0,0,2,,,,,,0,0,,,,,0
52.959453,1779967202.957648,10454,,BS2DCE,,f,0,2,1577,1577,100,1,O,0,0,0,0,2,,,,,,0,0,,,,,0
52.959453,1779967202.957648,10454,,BS2DCE,,f,0,3,2211,2211,100,1,O,0,0,0,0,2,,,,,,0,0,,,,,0
52.959453,1779967202.957648,10454,,BS2DCE,,f,0,4,2676,2676,100,1,O,0,0,0,0,2,,,,,,0,0,,,,,0
52.959453,1779967202.957648,10454,,BS2DCE,,f,0,5,2117,2117,96,1,O,0,0,0,0,2,,,,,,0,0,,,,,0
52.959453,1779967202.957648,10454,,BS2DCE,,f,0,6,1628,1628,100,1,O,0,0,0,0,2,,,,,,0,0,,,,,0
52.959453,1779967202.957648,10454,,BS2DCE,,f,0,7,2191,2191,100,1,O,0,0,0,0,2,,,,,,0,0,,,,,0
53.057169,1779967203.055364,10455,,BS2DCE,,f,0,0,2580,2580,100,1,O,0,0,0,0,2,,,,,,0,0,,,,,0
53.057169,1779967203.055364,10455,,BS2DCE,,f,0,1,2353,2353,100,1,O,0,0,0,0,2,,,,,,0,0,,,,,0
53.057169,1779967203.055364,10455,,BS2DCE,,f,0,2,1716,1716,100,1,O,0,0,0,0,2,,,,,,0,0,,,,,0
53.057169,1779967203.055364,10455,,BS2DCE,,f,0,3,2148,2148,100,1,O,0,0,0,0,2,,,,,,0,0,,,,,0
53.057169,1779967203.055364,10455,,BS2DCE,,f,0,4,2649,2649,100,1,O,0,0,0,0,2,,,,,,0,0,,,,,0
53.057169,1779967203.055364,10455,,BS2DCE,,f,0,5,1938,1938,96,1,O,0,0,0,0,2,,,,,,0,0,,,,,0
53.057169,1779967203.055364,10455,,BS2DCE,,f,0,6,1616,1616,100,1,O,0,0,0,0,2,,,,,,0,0,,,,,0
53.057169,1779967203.055364,10455,,BS2DCE,,f,0,7,2249,2249,100,1,O,0,0,0,0,2,,,,,,0,0,,,,,0
53.162051,1779967203.160246,10456,,BS2DCE,,f,0,0,2637,2637,100,1,O,0,0,0,0,2,,,,,,0,0,,,,,0
53.162051,1779967203.160246,10456,,BS2DCE,,f,0,1,2077,2077,100,1,O,0,0,0,0,2,,,,,,0,0,,,,,0
53.162051,1779967203.160246,10456,,BS2DCE,,f,0,2,1614,1614,100,1,O,0,0,0,0,2,,,,,,0,0,,,,,0
53.162051,1779967203.160246,10456,,BS2DCE,,f,0,3,2239,2239,100,1,O,0,0,0,0,2,,,,,,0,0,,,,,0
53.162051,1779967203.160246,10456,,BS2DCE,,f,0,4,2633,2633,100,1,O,0,0,0,0,2,,,,,,0,0,,,,,0
53.162051,1779967203.160246,10456,,BS2DCE,,f,0,5,1791,1791,96,1,O,0,0,0,0,2,,,,,,0,0,,,,,0
53.162051,1779967203.160246,10456,,BS2DCE,,f,0,6,1617,1617,100,1,O,0,0,0,0,2,,,,,,0,0,,,,,0
53.162051,1779967203.160246,10456,,BS2DCE,,f,0,7,2247,2247,100,1,O,0,0,0,0,2,,,,,,0,0,,,,,0
53.282204,1779967203.280399,10457,,BS2DCE,,f,0,0,2653,2653,100,1,O,0,0,0,0,2,,,,,,0,0,,,,,0
53.282204,1779967203.280399,10457,,BS2DCE,,f,0,1,1943,1943,100,1,O,0,0,0,0,2,,,,,,0,0,,,,,0
53.282204,1779967203.280399,10457,,BS2DCE,,f,0,2,1530,1530,100,1,O,0,0,0,0,2,,,,,,0,0,,,,,0
53.282204,1779967203.280399,10457,,BS2DCE,,f,0,3,2303,2303,100,1,O,0,0,0,0,2,,,,,,0,0,,,,,0
53.282204,1779967203.280399,10457,,BS2DCE,,f,0,4,2554,2554,100,1,O,0,0,0,0,2,,,,,,0,0,,,,,0
53.282204,1779967203.280399,10457,,BS2DCE,,f,0,5,1883,1883,96,1,O,0,0,0,0,2,,,,,,0,0,,,,,0
53.282204,1779967203.280399,10457,,BS2DCE,,f,0,6,1616,1616,100,1,O,0,0,0,0,2,,,,,,0,0,,,,,0
53.282204,1779967203.280399,10457,,BS2DCE,,f,0,7,2290,2290,100,1,O,0,0,0,0,2,,,,,,0,0,,,,,0
53.419231,1779967203.417426,10458,,BS2DCE,,f,0,0,2749,2749,100,1,O,0,0,0,0,2,,,,,,0,0,,,,,0
53.419231,1779967203.417426,10458,,BS2DCE,,f,0,1,1995,1995,100,1,O,0,0,0,0,2,,,,,,0,0,,,,,0
53.419231,1779967203.417426,10458,,BS2DCE,,f,0,2,1576,1576,100,1,O,0,0,0,0,2,,,,,,0,0,,,,,0
53.419231,1779967203.417426,10458,,BS2DCE,,f,0,3,2234,2234,100,1,O,0,0,0,0,2,,,,,,0,0,,,,,0
53.419231,1779967203.417426,10458,,BS2DCE,,f,0,4,2501,2501,100,1,O,0,0,0,0,2,,,,,,0,0,,,,,0
53.419231,1779967203.417426,10458,,BS2DCE,,f,0,5,1492,1492,96,1,O,0,0,0,0,2,,,,,,0,0,,,,,0
53.419231,1779967203.417426,10458,,BS2DCE,,f,0,6,1559,1559,100,1,O,0,0,0,0,2,,,,,,0,0,,,,,0
53.419231,1779967203.417426,10458,,BS2DCE,,f,0,7,2266,2266,100,1,O,0,0,0,0,2,,,,,,0,0,,,,,0
53.467432,1779967203.465627,10459,,BS2DCE,,f,0,0,3019,3019,100,1,O,0,0,0,0,2,,,,,,0,0,,,,,0
53.467432,1779967203.465627,10459,,BS2DCE,,f,0,1,1887,1887,100,1,O,0,0,0,0,2,,,,,,0,0,,,,,0
53.467432,1779967203.465627,10459,,BS2DCE,,f,0,2,1588,1588,100,1,O,0,0,0,0,2,,,,,,0,0,,,,,0
53.467432,1779967203.465627,10459,,BS2DCE,,f,0,3,2370,2370,100,1,O,0,0,0,0,2,,,,,,0,0,,,,,0
53.467432,1779967203.465627,10459,,BS2DCE,,f,0,4,2481,2481,100,1,O,0,0,0,0,2,,,,,,0,0,,,,,0
53.467432,1779967203.465627,10459,,BS2DCE,,f,0,5,1785,1785,96,1,O,0,0,0,0,2,,,,,,0,0,,,,,0
53.467432,1779967203.465627,10459,,BS2DCE,,f,0,6,1575,1575,100,1,O,0,0,0,0,2,,,,,,0,0,,,,,0
53.467432,1779967203.465627,10459,,BS2DCE,,f,0,7,2275,2275,100,1,O,0,0,0,0,2,,,,,,0,0,,,,,0
53.654792,1779967203.652987,10460,,BS2DCE,,f,0,0,2737,2737,100,1,O,0,0,0,0,2,,,,,,0,0,,,,,0
53.654792,1779967203.652987,10460,,BS2DCE,,f,0,1,1868,1868,100,1,O,0,0,0,0,2,,,,,,0,0,,,,,0
53.654792,1779967203.652987,10460,,BS2DCE,,f,0,2,1616,1616,100,1,O,0,0,0,0,2,,,,,,0,0,,,,,0
53.654792,1779967203.652987,10460,,BS2DCE,,f,0,3,2346,2346,100,1,O,0,0,0,0,2,,,,,,0,0,,,,,0
53.654792,1779967203.652987,10460,,BS2DCE,,f,0,4,2432,2432,100,1,O,0,0,0,0,2,,,,,,0,0,,,,,0
53.654792,1779967203.652987,10460,,BS2DCE,,f,0,5,1747,1747,96,1,O,0,0,0,0,2,,,,,,0,0,,,,,0
53.654792,1779967203.652987,10460,,BS2DCE,,f,0,6,1560,1560,100,1,O,0,0,0,0,2,,,,,,0,0,,,,,0
53.654792,1779967203.652987,10460,,BS2DCE,,f,0,7,2404,2404,100,1,O,0,0,0,0,2,,,,,,0,0,,,,,0
53.677495,1779967203.67569,10461,,BS2DCE,,f,0,0,2684,2684,100,1,O,0,0,0,0,2,,,,,,0,0,,,,,0
53.677495,1779967203.67569,10461,,BS2DCE,,f,0,1,1820,1820,100,1,O,0,0,0,0,2,,,,,,0,0,,,,,0
53.677495,1779967203.67569,10461,,BS2DCE,,f,0,2,1666,1666,100,1,O,0,0,0,0,2,,,,,,0,0,,,,,0
53.677495,1779967203.67569,10461,,BS2DCE,,f,0,3,2439,2439,100,1,O,0,0,0,0,2,,,,,,0,0,,,,,0
53.677495,1779967203.67569,10461,,BS2DCE,,f,0,4,2427,2427,100,1,O,0,0,0,0,2,,,,,,0,0,,,,,0
53.677495,1779967203.67569,10461,,BS2DCE,,f,0,5,1565,1565,96,1,O,0,0,0,0,2,,,,,,0,0,,,,,0
53.677495,1779967203.67569,10461,,BS2DCE,,f,0,6,1649,1649,100,1,O,0,0,0,0,2,,,,,,0,0,,,,,0
53.677495,1779967203.67569,10461,,BS2DCE,,f,0,7,2292,2292,100,1,O,0,0,0,0,2,,,,,,0,0,,,,,0
53.762172,1779967203.760367,10462,,BS2DCE,,f,0,0,2657,2657,100,1,O,0,0,0,0,2,,,,,,0,0,,,,,0
53.762172,1779967203.760367,10462,,BS2DCE,,f,0,1,1815,1815,100,1,O,0,0,0,0,2,,,,,,0,0,,,,,0
53.762172,1779967203.760367,10462,,BS2DCE,,f,0,2,1702,1702,100,1,O,0,0,0,0,2,,,,,,0,0,,,,,0
53.762172,1779967203.760367,10462,,BS2DCE,,f,0,3,2477,2477,100,1,O,0,0,0,0,2,,,,,,0,0,,,,,0
53.762172,1779967203.760367,10462,,BS2DCE,,f,0,4,2392,2392,100,1,O,0,0,0,0,2,,,,,,0,0,,,,,0
53.762172,1779967203.760367,10462,,BS2DCE,,f,0,5,1566,1566,100,1,O,0,0,0,0,2,,,,,,0,0,,,,,0
53.762172,1779967203.760367,10462,,BS2DCE,,f,0,6,1635,1635,100,1,O,0,0,0,0,2,,,,,,0,0,,,,,0
53.762172,1779967203.760367,10462,,BS2DCE,,f,0,7,2376,2376,100,1,O,0,0,0,0,2,,,,,,0,0,,,,,0
53.867159,1779967203.865354,10463,,BS2DCE,,f,0,0,2688,2688,100,1,O,0,0,0,0,2,,,,,,0,0,,,,,0
53.867159,1779967203.865354,10463,,BS2DCE,,f,0,1,1805,1805,100,1,O,0,0,0,0,2,,,,,,0,0,,,,,0
53.867159,1779967203.865354,10463,,BS2DCE,,f,0,2,1815,1815,100,1,O,0,0,0,0,2,,,,,,0,0,,,,,0
53.867159,1779967203.865354,10463,,BS2DCE,,f,0,3,2421,2421,100,1,O,0,0,0,0,2,,,,,,0,0,,,,,0
53.867159,1779967203.865354,10463,,BS2DCE,,f,0,4,2323,2323,100,1,O,0,0,0,0,2,,,,,,0,0,,,,,0
53.867159,1779967203.865354,10463,,BS2DCE,,f,0,5,1462,1462,100,1,O,0,0,0,0,2,,,,,,0,0,,,,,0
53.867159,1779967203.865354,10463,,BS2DCE,,f,0,6,1828,1828,100,1,O,0,0,0,0,2,,,,,,0,0,,,,,0
53.867159,1779967203.865354,10463,,BS2DCE,,f,0,7,2331,2331,100,1,O,0,0,0,0,2,,,,,,0,0,,,,,0
54.002137,1779967204.000332,10464,,BS2DCE,,f,0,0,2541,2541,100,1,O,0,0,0,0,2,,,,,,0,0,,,,,0
54.002137,1779967204.000332,10464,,BS2DCE,,f,0,1,1844,1844,100,1,O,0,0,0,0,2,,,,,,0,0,,,,,0
54.002137,1779967204.000332,10464,,BS2DCE,,f,0,2,1840,1840,100,1,O,0,0,0,0,2,,,,,,0,0,,,,,0
54.002137,1779967204.000332,10464,,BS2DCE,,f,0,3,2482,2482,100,1,O,0,0,0,0,2,,,,,,0,0,,,,,0
54.002137,1779967204.000332,10464,,BS2DCE,,f,0,4,2244,2244,100,1,O,0,0,0,0,2,,,,,,0,0,,,,,0
54.002137,1779967204.000332,10464,,BS2DCE,,f,0,5,1273,1273,100,1,O,0,0,0,0,2,,,,,,0,0,,,,,0
54.002137,1779967204.000332,10464,,BS2DCE,,f,0,6,1729,1729,100,1,O,0,0,0,0,2,,,,,,0,0,,,,,0
54.002137,1779967204.000332,10464,,BS2DCE,,f,0,7,2472,2472,100,1,O,0,0,0,0,2,,,,,,0,0,,,,,0
54.069639,1779967204.067834,10465,,BS2DCE,,f,0,0,2538,2538,100,1,O,0,0,0,0,2,,,,,,0,0,,,,,0
54.069639,1779967204.067834,10465,,BS2DCE,,f,0,1,1864,1864,100,1,O,0,0,0,0,2,,,,,,0,0,,,,,0
54.069639,1779967204.067834,10465,,BS2DCE,,f,0,2,1932,1932,100,1,O,0,0,0,0,2,,,,,,0,0,,,,,0
54.069639,1779967204.067834,10465,,BS2DCE,,f,0,3,2564,2564,100,1,O,0,0,0,0,2,,,,,,0,0,,,,,0
54.069639,1779967204.067834,10465,,BS2DCE,,f,0,4,2164,2164,100,1,O,0,0,0,0,2,,,,,,0,0,,,,,0
54.069639,1779967204.067834,10465,,BS2DCE,,f,0,5,1642,1642,100,1,O,0,0,0,0,2,,,,,,0,0,,,,,0
54.069639,1779967204.067834,10465,,BS2DCE,,f,0,6,1835,1835,100,1,O,0,0,0,0,2,,,,,,0,0,,,,,0
54.069639,1779967204.067834,10465,,BS2DCE,,f,0,7,2427,2427,100,1,O,0,0,0,0,2,,,,,,0,0,,,,,0
54.159459,1779967204.157654,10466,,BS2DCE,,f,0,0,2428,2428,100,1,O,0,0,0,0,2,,,,,,0,0,,,,,0
54.159459,1779967204.157654,10466,,BS2DCE,,f,0,1,1968,1968,100,1,O,0,0,0,0,2,,,,,,0,0,,,,,0
54.159459,1779967204.157654,10466,,BS2DCE,,f,0,2,2044,2044,100,1,O,0,0,0,0,2,,,,,,0,0,,,,,0
54.159459,1779967204.157654,10466,,BS2DCE,,f,0,3,2643,2643,100,1,O,0,0,0,0,2,,,,,,0,0,,,,,0
54.159459,1779967204.157654,10466,,BS2DCE,,f,0,4,2075,2075,100,1,O,0,0,0,0,2,,,,,,0,0,,,,,0
54.159459,1779967204.157654,10466,,BS2DCE,,f,0,5,1750,1750,100,1,O,0,0,0,0,2,,,,,,0,0,,,,,0
54.159459,1779967204.157654,10466,,BS2DCE,,f,0,6,1818,1818,100,1,O,0,0,0,0,2,,,,,,0,0,,,,,0
54.159459,1779967204.157654,10466,,BS2DCE,,f,0,7,2327,2327,100,1,O,0,0,0,0,2,,,,,,0,0,,,,,0
54.257151,1779967204.255346,10467,,BS2DCE,,f,0,0,2392,2392,100,1,O,0,0,0,0,2,,,,,,0,0,,,,,0
54.257151,1779967204.255346,10467,,BS2DCE,,f,0,1,2022,2022,100,1,O,0,0,0,0,2,,,,,,0,0,,,,,0
54.257151,1779967204.255346,10467,,BS2DCE,,f,0,2,2026,2026,100,1,O,0,0,0,0,2,,,,,,0,0,,,,,0
54.257151,1779967204.255346,10467,,BS2DCE,,f,0,3,2682,2682,100,1,O,0,0,0,0,2,,,,,,0,0,,,,,0
54.257151,1779967204.255346,10467,,BS2DCE,,f,0,4,2078,2078,100,1,O,0,0,0,0,2,,,,,,0,0,,,,,0
54.257151,1779967204.255346,10467,,BS2DCE,,f,0,5,1499,1499,100,1,O,0,0,0,0,2,,,,,,0,0,,,,,0
54.257151,1779967204.255346,10467,,BS2DCE,,f,0,6,1844,1844,100,1,O,0,0,0,0,2,,,,,,0,0,,,,,0
54.257151,1779967204.255346,10467,,BS2DCE,,f,0,7,2366,2366,100,1,O,0,0,0,0,2,,,,,,0,0,,,,,0
54.427945,1779967204.42614,10468,,BS2DCE,,f,0,0,2373,2373,100,1,O,0,0,0,0,2,,,,,,0,0,,,,,0
54.427945,1779967204.42614,10468,,BS2DCE,,f,0,1,1997,1997,100,1,O,0,0,0,0,2,,,,,,0,0,,,,,0
54.427945,1779967204.42614,10468,,BS2DCE,,f,0,2,2103,2103,100,1,O,0,0,0,0,2,,,,,,0,0,,,,,0
54.427945,1779967204.42614,10468,,BS2DCE,,f,0,3,2576,2576,100,1,O,0,0,0,0,2,,,,,,0,0,,,,,0
54.427945,1779967204.42614,10468,,BS2DCE,,f,0,4,1982,1982,100,1,O,0,0,0,0,2,,,,,,0,0,,,,,0
54.427945,1779967204.42614,10468,,BS2DCE,,f,0,5,1707,1707,100,1,O,0,0,0,0,2,,,,,,0,0,,,,,0
54.427945,1779967204.42614,10468,,BS2DCE,,f,0,6,1911,1911,100,1,O,0,0,0,0,2,,,,,,0,0,,,,,0
54.427945,1779967204.42614,10468,,BS2DCE,,f,0,7,2251,2251,100,1,O,0,0,0,0,2,,,,,,0,0,,,,,0
54.473607,1779967204.471802,10469,,BS2DCE,,f,0,0,2220,2220,100,1,O,0,0,0,0,2,,,,,,0,0,,,,,0
54.473607,1779967204.471802,10469,,BS2DCE,,f,0,1,2064,2064,100,1,O,0,0,0,0,2,,,,,,0,0,,,,,0
54.473607,1779967204.471802,10469,,BS2DCE,,f,0,2,2133,2133,100,1,O,0,0,0,0,2,,,,,,0,0,,,,,0
54.473607,1779967204.471802,10469,,BS2DCE,,f,0,3,2481,2481,100,1,O,0,0,0,0,2,,,,,,0,0,,,,,0
54.473607,1779967204.471802,10469,,BS2DCE,,f,0,4,1908,1908,100,1,O,0,0,0,0,2,,,,,,0,0,,,,,0
54.473607,1779967204.471802,10469,,BS2DCE,,f,0,5,1646,1646,100,1,O,0,0,0,0,2,,,,,,0,0,,,,,0
54.473607,1779967204.471802,10469,,BS2DCE,,f,0,6,1936,1936,100,1,O,0,0,0,0,2,,,,,,0,0,,,,,0
54.473607,1779967204.471802,10469,,BS2DCE,,f,0,7,2112,2112,100,1,O,0,0,0,0,2,,,,,,0,0,,,,,0
54.574319,1779967204.572514,10470,,BS2DCE,,f,0,0,2259,2259,100,1,O,0,0,0,0,2,,,,,,0,0,,,,,0
54.574319,1779967204.572514,10470,,BS2DCE,,f,0,1,2034,2034,100,1,O,0,0,0,0,2,,,,,,0,0,,,,,0
54.574319,1779967204.572514,10470,,BS2DCE,,f,0,2,2195,2195,100,1,O,0,0,0,0,2,,,,,,0,0,,,,,0
54.574319,1779967204.572514,10470,,BS2DCE,,f,0,3,2556,2556,100,1,O,0,0,0,0,2,,,,,,0,0,,,,,0
54.574319,1779967204.572514,10470,,BS2DCE,,f,0,4,1885,1885,100,1,O,0,0,0,0,2,,,,,,0,0,,,,,0
54.574319,1779967204.572514,10470,,BS2DCE,,f,0,5,0,1646,96,0,T,0,0,0,0,2,,,,,,0,0,,,,,0
54.574319,1779967204.572514,10470,,BS2DCE,,f,0,6,1974,1974,100,1,O,0,0,0,0,2,,,,,,0,0,,,,,0
54.574319,1779967204.572514,10470,,BS2DCE,,f,0,7,2111,2111,100,1,O,0,0,0,0,2,,,,,,0,0,,,,,0
54.655189,1779967204.653384,10471,,BS2DCE,,f,0,0,2199,2199,100,1,O,0,0,0,0,2,,,,,,0,0,,,,,0
54.655189,1779967204.653384,10471,,BS2DCE,,f,0,1,2055,2055,100,1,O,0,0,0,0,2,,,,,,0,0,,,,,0
54.655189,1779967204.653384,10471,,BS2DCE,,f,0,2,2354,2354,100,1,O,0,0,0,0,2,,,,,,0,0,,,,,0
54.655189,1779967204.653384,10471,,BS2DCE,,f,0,3,2642,2642,100,1,O,0,0,0,0,2,,,,,,0,0,,,,,0
54.655189,1779967204.653384,10471,,BS2DCE,,f,0,4,1797,1797,100,1,O,0,0,0,0,2,,,,,,0,0,,,,,0
54.655189,1779967204.653384,10471,,BS2DCE,,f,0,5,1723,1723,96,1,O,0,0,0,0,2,,,,,,0,0,,,,,0
54.655189,1779967204.653384,10471,,BS2DCE,,f,0,6,1980,1980,100,1,O,0,0,0,0,2,,,,,,0,0,,,,,0
54.655189,1779967204.653384,10471,,BS2DCE,,f,0,7,1998,1998,100,1,O,0,0,0,0,2,,,,,,0,0,,,,,0
54.759501,1779967204.757696,10472,,BS2DCE,,f,0,0,2170,2170,100,1,O,0,0,0,0,2,,,,,,0,0,,,,,0
54.759501,1779967204.757696,10472,,BS2DCE,,f,0,1,2135,2135,100,1,O,0,0,0,0,2,,,,,,0,0,,,,,0
54.759501,1779967204.757696,10472,,BS2DCE,,f,0,2,2322,2322,100,1,O,0,0,0,0,2,,,,,,0,0,,,,,0
54.759501,1779967204.757696,10472,,BS2DCE,,f,0,3,2361,2361,100,1,O,0,0,0,0,2,,,,,,0,0,,,,,0
54.759501,1779967204.757696,10472,,BS2DCE,,f,0,4,1776,1776,100,1,O,0,0,0,0,2,,,,,,0,0,,,,,0
54.759501,1779967204.757696,10472,,BS2DCE,,f,0,5,1868,1868,96,1,O,0,0,0,0,2,,,,,,0,0,,,,,0
54.759501,1779967204.757696,10472,,BS2DCE,,f,0,6,2149,2149,100,1,O,0,0,0,0,2,,,,,,0,0,,,,,0
54.759501,1779967204.757696,10472,,BS2DCE,,f,0,7,1915,1915,100,1,O,0,0,0,0,2,,,,,,0,0,,,,,0
54.857093,1779967204.855288,10473,,BS2DCE,,f,0,0,2134,2134,100,1,O,0,0,0,0,2,,,,,,0,0,,,,,0
54.857093,1779967204.855288,10473,,BS2DCE,,f,0,1,2166,2166,100,1,O,0,0,0,0,2,,,,,,0,0,,,,,0
54.857093,1779967204.855288,10473,,BS2DCE,,f,0,2,2336,2336,100,1,O,0,0,0,0,2,,,,,,0,0,,,,,0
54.857093,1779967204.855288,10473,,BS2DCE,,f,0,3,2284,2284,100,1,O,0,0,0,0,2,,,,,,0,0,,,,,0
54.857093,1779967204.855288,10473,,BS2DCE,,f,0,4,1676,1676,100,1,O,0,0,0,0,2,,,,,,0,0,,,,,0
54.857093,1779967204.855288,10473,,BS2DCE,,f,0,5,1846,1846,96,1,O,0,0,0,0,2,,,,,,0,0,,,,,0
54.857093,1779967204.855288,10473,,BS2DCE,,f,0,6,2061,2061,100,1,O,0,0,0,0,2,,,,,,0,0,,,,,0
54.857093,1779967204.855288,10473,,BS2DCE,,f,0,7,1894,1894,100,1,O,0,0,0,0,2,,,,,,0,0,,,,,0
54.962305,1779967204.9605,10474,,BS2DCE,,f,0,0,2087,2087,100,1,O,0,0,0,0,2,,,,,,0,0,,,,,0
54.962305,1779967204.9605,10474,,BS2DCE,,f,0,1,2667,2667,100,1,O,0,0,0,0,2,,,,,,0,0,,,,,0
54.962305,1779967204.9605,10474,,BS2DCE,,f,0,2,2365,2365,100,1,O,0,0,0,0,2,,,,,,0,0,,,,,0
54.962305,1779967204.9605,10474,,BS2DCE,,f,0,3,2163,2163,100,1,O,0,0,0,0,2,,,,,,0,0,,,,,0
54.962305,1779967204.9605,10474,,BS2DCE,,f,0,4,1700,1700,100,1,O,0,0,0,0,2,,,,,,0,0,,,,,0
54.962305,1779967204.9605,10474,,BS2DCE,,f,0,5,2066,2066,96,1,O,0,0,0,0,2,,,,,,0,0,,,,,0
54.962305,1779967204.9605,10474,,BS2DCE,,f,0,6,2151,2151,100,1,O,0,0,0,0,2,,,,,,0,0,,,,,0
54.962305,1779967204.9605,10474,,BS2DCE,,f,0,7,1839,1839,100,1,O,0,0,0,0,2,,,,,,0,0,,,,,0
55.082076,1779967205.080271,10475,,BS2DCE,,f,0,0,2054,2054,100,1,O,0,0,0,0,2,,,,,,0,0,,,,,0
55.082076,1779967205.080271,10475,,BS2DCE,,f,0,1,2552,2552,100,1,O,0,0,0,0,2,,,,,,0,0,,,,,0
55.082076,1779967205.080271,10475,,BS2DCE,,f,0,2,2448,2448,100,1,O,0,0,0,0,2,,,,,,0,0,,,,,0
55.082076,1779967205.080271,10475,,BS2DCE,,f,0,3,2182,2182,100,1,O,0,0,0,0,2,,,,,,0,0,,,,,0
55.082076,1779967205.080271,10475,,BS2DCE,,f,0,4,1679,1679,100,1,O,0,0,0,0,2,,,,,,0,0,,,,,0
55.082076,1779967205.080271,10475,,BS2DCE,,f,0,5,2064,2064,96,1,O,0,0,0,0,2,,,,,,0,0,,,,,0
55.082076,1779967205.080271,10475,,BS2DCE,,f,0,6,2179,2179,100,1,O,0,0,0,0,2,,,,,,0,0,,,,,0
55.082076,1779967205.080271,10475,,BS2DCE,,f,0,7,1810,1810,100,1,O,0,0,0,0,2,,,,,,0,0,,,,,0
55.172022,1779967205.170217,10476,,BS2DCE,,f,0,0,2086,2086,100,1,O,0,0,0,0,2,,,,,,0,0,,,,,0
55.172022,1779967205.170217,10476,,BS2DCE,,f,0,1,2375,2375,100,1,O,0,0,0,0,2,,,,,,0,0,,,,,0
55.172022,1779967205.170217,10476,,BS2DCE,,f,0,2,2931,2931,100,1,O,0,0,0,0,2,,,,,,0,0,,,,,0
55.172022,1779967205.170217,10476,,BS2DCE,,f,0,3,2153,2153,100,1,O,0,0,0,0,2,,,,,,0,0,,,,,0
55.172022,1779967205.170217,10476,,BS2DCE,,f,0,4,3877,3877,100,1,O,0,0,0,0,2,,,,,,0,0,,,,,0
55.172022,1779967205.170217,10476,,BS2DCE,,f,0,5,2152,2152,96,1,O,0,0,0,0,2,,,,,,0,0,,,,,0
55.172022,1779967205.170217,10476,,BS2DCE,,f,0,6,2233,2233,100,1,O,0,0,0,0,2,,,,,,0,0,,,,,0
55.172022,1779967205.170217,10476,,BS2DCE,,f,0,7,1821,1821,100,1,O,0,0,0,0,2,,,,,,0,0,,,,,0
55.255148,1779967205.253343,10477,,BS2DCE,,f,0,0,2059,2059,100,1,O,0,0,0,0,2,,,,,,0,0,,,,,0
55.255148,1779967205.253343,10477,,BS2DCE,,f,0,1,2432,2432,100,1,O,0,0,0,0,2,,,,,,0,0,,,,,0
55.255148,1779967205.253343,10477,,BS2DCE,,f,0,2,2593,2593,100,1,O,0,0,0,0,2,,,,,,0,0,,,,,0
55.255148,1779967205.253343,10477,,BS2DCE,,f,0,3,2051,2051,100,1,O,0,0,0,0,2,,,,,,0,0,,,,,0
55.255148,1779967205.253343,10477,,BS2DCE,,f,0,4,1804,1804,100,1,O,0,0,0,0,2,,,,,,0,0,,,,,0
55.255148,1779967205.253343,10477,,BS2DCE,,f,0,5,2062,2062,96,1,O,0,0,0,0,2,,,,,,0,0,,,,,0
55.255148,1779967205.253343,10477,,BS2DCE,,f,0,6,2254,2254,100,1,O,0,0,0,0,2,,,,,,0,0,,,,,0
55.255148,1779967205.253343,10477,,BS2DCE,,f,0,7,1737,1737,100,1,O,0,0,0,0,2,,,,,,0,0,,,,,0
55.459375,1779967205.45757,10478,,BS2DCE,,f,0,0,1960,1960,100,1,O,0,0,0,0,2,,,,,,0,0,,,,,0
55.459375,1779967205.45757,10478,,BS2DCE,,f,0,1,2458,2458,100,1,O,0,0,0,0,2,,,,,,0,0,,,,,0
55.459375,1779967205.45757,10478,,BS2DCE,,f,0,2,2318,2318,100,1,O,0,0,0,0,2,,,,,,0,0,,,,,0
55.459375,1779967205.45757,10478,,BS2DCE,,f,0,3,1931,1931,100,1,O,0,0,0,0,2,,,,,,0,0,,,,,0
55.459375,1779967205.45757,10478,,BS2DCE,,f,0,4,1736,1736,100,1,O,0,0,0,0,2,,,,,,0,0,,,,,0
55.459375,1779967205.45757,10478,,BS2DCE,,f,0,5,2252,2252,100,1,O,0,0,0,0,2,,,,,,0,0,,,,,0
55.459375,1779967205.45757,10478,,BS2DCE,,f,0,6,2264,2264,100,1,O,0,0,0,0,2,,,,,,0,0,,,,,0
55.459375,1779967205.45757,10478,,BS2DCE,,f,0,7,1799,1799,100,1,O,0,0,0,0,2,,,,,,0,0,,,,,0
55.485689,1779967205.483884,10479,,BS2DCE,,f,0,0,1898,1898,100,1,O,0,0,0,0,2,,,,,,0,0,,,,,0
55.485689,1779967205.483884,10479,,BS2DCE,,f,0,1,2343,2343,100,1,O,0,0,0,0,2,,,,,,0,0,,,,,0
55.485689,1779967205.483884,10479,,BS2DCE,,f,0,2,2342,2342,100,1,O,0,0,0,0,2,,,,,,0,0,,,,,0
55.485689,1779967205.483884,10479,,BS2DCE,,f,0,3,1852,1852,100,1,O,0,0,0,0,2,,,,,,0,0,,,,,0
55.485689,1779967205.483884,10479,,BS2DCE,,f,0,4,1760,1760,100,1,O,0,0,0,0,2,,,,,,0,0,,,,,0
55.485689,1779967205.483884,10479,,BS2DCE,,f,0,5,2292,2292,100,1,O,0,0,0,0,2,,,,,,0,0,,,,,0
55.485689,1779967205.483884,10479,,BS2DCE,,f,0,6,2282,2282,100,1,O,0,0,0,0,2,,,,,,0,0,,,,,0
55.485689,1779967205.483884,10479,,BS2DCE,,f,0,7,1776,1776,100,1,O,0,0,0,0,2,,,,,,0,0,,,,,0
55.577846,1779967205.576041,10480,,BS2DCE,,f,0,0,1944,1944,100,1,O,0,0,0,0,2,,,,,,0,0,,,,,0
55.577846,1779967205.576041,10480,,BS2DCE,,f,0,1,2410,2410,100,1,O,0,0,0,0,2,,,,,,0,0,,,,,0
55.577846,1779967205.576041,10480,,BS2DCE,,f,0,2,2262,2262,100,1,O,0,0,0,0,2,,,,,,0,0,,,,,0
55.577846,1779967205.576041,10480,,BS2DCE,,f,0,3,1728,1728,100,1,O,0,0,0,0,2,,,,,,0,0,,,,,0
55.577846,1779967205.576041,10480,,BS2DCE,,f,0,4,1786,1786,100,1,O,0,0,0,0,2,,,,,,0,0,,,,,0
55.577846,1779967205.576041,10480,,BS2DCE,,f,0,5,2401,2401,100,1,O,0,0,0,0,2,,,,,,0,0,,,,,0
55.577846,1779967205.576041,10480,,BS2DCE,,f,0,6,2317,2317,100,1,O,0,0,0,0,2,,,,,,0,0,,,,,0
55.577846,1779967205.576041,10480,,BS2DCE,,f,0,7,1690,1690,100,1,O,0,0,0,0,2,,,,,,0,0,,,,,0
55.668191,1779967205.666386,10481,,BS2DCE,,f,0,0,1929,1929,100,1,O,0,0,0,0,2,,,,,,0,0,,,,,0
55.668191,1779967205.666386,10481,,BS2DCE,,f,0,1,2506,2506,100,1,O,0,0,0,0,2,,,,,,0,0,,,,,0
55.668191,1779967205.666386,10481,,BS2DCE,,f,0,2,2229,2229,100,1,O,0,0,0,0,2,,,,,,0,0,,,,,0
55.668191,1779967205.666386,10481,,BS2DCE,,f,0,3,1710,1710,100,1,O,0,0,0,0,2,,,,,,0,0,,,,,0
55.668191,1779967205.666386,10481,,BS2DCE,,f,0,4,1860,1860,100,1,O,0,0,0,0,2,,,,,,0,0,,,,,0
55.668191,1779967205.666386,10481,,BS2DCE,,f,0,5,2349,2349,100,1,O,0,0,0,0,2,,,,,,0,0,,,,,0
55.668191,1779967205.666386,10481,,BS2DCE,,f,0,6,2244,2244,100,1,O,0,0,0,0,2,,,,,,0,0,,,,,0
55.668191,1779967205.666386,10481,,BS2DCE,,f,0,7,1639,1639,100,1,O,0,0,0,0,2,,,,,,0,0,,,,,0
55.813105,1779967205.8113,10482,,BS2DCE,,f,0,0,2024,2024,100,1,O,0,0,0,0,2,,,,,,0,0,,,,,0
55.813105,1779967205.8113,10482,,BS2DCE,,f,0,1,2651,2651,100,1,O,0,0,0,0,2,,,,,,0,0,,,,,0
55.813105,1779967205.8113,10482,,BS2DCE,,f,0,2,2198,2198,100,1,O,0,0,0,0,2,,,,,,0,0,,,,,0
55.813105,1779967205.8113,10482,,BS2DCE,,f,0,3,1657,1657,100,1,O,0,0,0,0,2,,,,,,0,0,,,,,0
55.813105,1779967205.8113,10482,,BS2DCE,,f,0,4,1865,1865,100,1,O,0,0,0,0,2,,,,,,0,0,,,,,0
55.813105,1779967205.8113,10482,,BS2DCE,,f,0,5,1821,1821,100,1,O,0,0,0,0,2,,,,,,0,0,,,,,0
55.813105,1779967205.8113,10482,,BS2DCE,,f,0,6,2230,2230,100,1,O,0,0,0,0,2,,,,,,0,0,,,,,0
55.813105,1779967205.8113,10482,,BS2DCE,,f,0,7,1645,1645,100,1,O,0,0,0,0,2,,,,,,0,0,,,,,0
55.854497,1779967205.852692,10483,,BS2DCE,,f,0,0,2065,2065,100,1,O,0,0,0,0,2,,,,,,0,0,,,,,0
55.854497,1779967205.852692,10483,,BS2DCE,,f,0,1,2683,2683,100,1,O,0,0,0,0,2,,,,,,0,0,,,,,0
55.854497,1779967205.852692,10483,,BS2DCE,,f,0,2,2122,2122,100,1,O,0,0,0,0,2,,,,,,0,0,,,,,0
55.854497,1779967205.852692,10483,,BS2DCE,,f,0,3,1653,1653,100,1,O,0,0,0,0,2,,,,,,0,0,,,,,0
55.854497,1779967205.852692,10483,,BS2DCE,,f,0,4,1935,1935,100,1,O,0,0,0,0,2,,,,,,0,0,,,,,0
55.854497,1779967205.852692,10483,,BS2DCE,,f,0,5,2289,2289,100,1,O,0,0,0,0,2,,,,,,0,0,,,,,0
55.854497,1779967205.852692,10483,,BS2DCE,,f,0,6,2197,2197,100,1,O,0,0,0,0,2,,,,,,0,0,,,,,0
55.854497,1779967205.852692,10483,,BS2DCE,,f,0,7,1693,1693,100,1,O,0,0,0,0,2,,,,,,0,0,,,,,0
55.962185,1779967205.96038,10484,,BS2DCE,,f,0,0,2114,2114,100,1,O,0,0,0,0,2,,,,,,0,0,,,,,0
55.962185,1779967205.96038,10484,,BS2DCE,,f,0,1,2651,2651,100,1,O,0,0,0,0,2,,,,,,0,0,,,,,0
55.962185,1779967205.96038,10484,,BS2DCE,,f,0,2,2050,2050,100,1,O,0,0,0,0,2,,,,,,0,0,,,,,0
55.962185,1779967205.96038,10484,,BS2DCE,,f,0,3,1625,1625,100,1,O,0,0,0,0,2,,,,,,0,0,,,,,0
55.962185,1779967205.96038,10484,,BS2DCE,,f,0,4,1932,1932,100,1,O,0,0,0,0,2,,,,,,0,0,,,,,0
55.962185,1779967205.96038,10484,,BS2DCE,,f,0,5,2471,2471,100,1,O,0,0,0,0,2,,,,,,0,0,,,,,0
55.962185,1779967205.96038,10484,,BS2DCE,,f,0,6,2205,2205,100,1,O,0,0,0,0,2,,,,,,0,0,,,,,0
55.962185,1779967205.96038,10484,,BS2DCE,,f,0,7,1709,1709,100,1,O,0,0,0,0,2,,,,,,0,0,,,,,0
56.056889,1779967206.055084,10485,,BS2DCE,,f,0,0,2321,2321,100,1,O,0,0,0,0,2,,,,,,0,0,,,,,0
56.056889,1779967206.055084,10485,,BS2DCE,,f,0,1,2490,2490,100,1,O,0,0,0,0,2,,,,,,0,0,,,,,0
56.056889,1779967206.055084,10485,,BS2DCE,,f,0,2,1947,1947,100,1,O,0,0,0,0,2,,,,,,0,0,,,,,0
56.056889,1779967206.055084,10485,,BS2DCE,,f,0,3,1615,1615,100,1,O,0,0,0,0,2,,,,,,0,0,,,,,0
56.056889,1779967206.055084,10485,,BS2DCE,,f,0,4,2038,2038,100,1,O,0,0,0,0,2,,,,,,0,0,,,,,0
56.056889,1779967206.055084,10485,,BS2DCE,,f,0,5,2530,2530,100,1,O,0,0,0,0,2,,,,,,0,0,,,,,0
56.056889,1779967206.055084,10485,,BS2DCE,,f,0,6,2142,2142,100,1,O,0,0,0,0,2,,,,,,0,0,,,,,0
56.056889,1779967206.055084,10485,,BS2DCE,,f,0,7,1791,1791,100,1,O,0,0,0,0,2,,,,,,0,0,,,,,0
56.162032,1779967206.160227,10486,,BS2DCE,,f,0,0,2424,2424,100,1,O,0,0,0,0,2,,,,,,0,0,,,,,0
56.162032,1779967206.160227,10486,,BS2DCE,,f,0,1,2485,2485,100,1,O,0,0,0,0,2,,,,,,0,0,,,,,0
56.162032,1779967206.160227,10486,,BS2DCE,,f,0,2,2038,2038,100,1,O,0,0,0,0,2,,,,,,0,0,,,,,0
56.162032,1779967206.160227,10486,,BS2DCE,,f,0,3,1631,1631,100,1,O,0,0,0,0,2,,,,,,0,0,,,,,0
56.162032,1779967206.160227,10486,,BS2DCE,,f,0,4,2090,2090,100,1,O,0,0,0,0,2,,,,,,0,0,,,,,0
56.162032,1779967206.160227,10486,,BS2DCE,,f,0,5,2672,2672,100,1,O,0,0,0,0,2,,,,,,0,0,,,,,0
56.162032,1779967206.160227,10486,,BS2DCE,,f,0,6,2250,2250,100,1,O,0,0,0,0,2,,,,,,0,0,,,,,0
56.162032,1779967206.160227,10486,,BS2DCE,,f,0,7,1779,1779,100,1,O,0,0,0,0,2,,,,,,0,0,,,,,0
56.267177,1779967206.265372,10487,,BS2DCE,,f,0,0,2227,2227,100,1,O,0,0,0,0,2,,,,,,0,0,,,,,0
56.267177,1779967206.265372,10487,,BS2DCE,,f,0,1,2327,2327,100,1,O,0,0,0,0,2,,,,,,0,0,,,,,0
56.267177,1779967206.265372,10487,,BS2DCE,,f,0,2,2009,2009,100,1,O,0,0,0,0,2,,,,,,0,0,,,,,0
56.267177,1779967206.265372,10487,,BS2DCE,,f,0,3,1847,1847,100,1,O,0,0,0,0,2,,,,,,0,0,,,,,0
56.267177,1779967206.265372,10487,,BS2DCE,,f,0,4,2151,2151,100,1,O,0,0,0,0,2,,,,,,0,0,,,,,0
56.267177,1779967206.265372,10487,,BS2DCE,,f,0,5,2717,2717,100,1,O,0,0,0,0,2,,,,,,0,0,,,,,0
56.267177,1779967206.265372,10487,,BS2DCE,,f,0,6,2389,2389,100,1,O,0,0,0,0,2,,,,,,0,0,,,,,0
56.267177,1779967206.265372,10487,,BS2DCE,,f,0,7,1764,1764,100,1,O,0,0,0,0,2,,,,,,0,0,,,,,0
56.419249,1779967206.417444,10488,,BS2DCE,,f,0,0,2163,2163,100,1,O,0,0,0,0,2,,,,,,0,0,,,,,0
56.419249,1779967206.417444,10488,,BS2DCE,,f,0,1,2324,2324,100,1,O,0,0,0,0,2,,,,,,0,0,,,,,0
56.419249,1779967206.417444,10488,,BS2DCE,,f,0,2,1899,1899,100,1,O,0,0,0,0,2,,,,,,0,0,,,,,0
56.419249,1779967206.417444,10488,,BS2DCE,,f,0,3,1829,1829,100,1,O,0,0,0,0,2,,,,,,0,0,,,,,0
56.419249,1779967206.417444,10488,,BS2DCE,,f,0,4,2221,2221,100,1,O,0,0,0,0,2,,,,,,0,0,,,,,0
56.419249,1779967206.417444,10488,,BS2DCE,,f,0,5,2618,2618,100,1,O,0,0,0,0,2,,,,,,0,0,,,,,0
56.419249,1779967206.417444,10488,,BS2DCE,,f,0,6,2370,2370,100,1,O,0,0,0,0,2,,,,,,0,0,,,,,0
56.419249,1779967206.417444,10488,,BS2DCE,,f,0,7,1827,1827,100,1,O,0,0,0,0,2,,,,,,0,0,,,,,0
56.45442,1779967206.452615,10489,,BS2DCE,,f,0,0,2165,2165,100,1,O,0,0,0,0,2,,,,,,0,0,,,,,0
56.45442,1779967206.452615,10489,,BS2DCE,,f,0,1,2300,2300,100,1,O,0,0,0,0,2,,,,,,0,0,,,,,0
56.45442,1779967206.452615,10489,,BS2DCE,,f,0,2,1802,1802,100,1,O,0,0,0,0,2,,,,,,0,0,,,,,0
56.45442,1779967206.452615,10489,,BS2DCE,,f,0,3,1862,1862,100,1,O,0,0,0,0,2,,,,,,0,0,,,,,0
56.45442,1779967206.452615,10489,,BS2DCE,,f,0,4,2273,2273,100,1,O,0,0,0,0,2,,,,,,0,0,,,,,0
56.45442,1779967206.452615,10489,,BS2DCE,,f,0,5,2499,2499,100,1,O,0,0,0,0,2,,,,,,0,0,,,,,0
56.45442,1779967206.452615,10489,,BS2DCE,,f,0,6,2272,2272,100,1,O,0,0,0,0,2,,,,,,0,0,,,,,0
56.45442,1779967206.452615,10489,,BS2DCE,,f,0,7,1809,1809,100,1,O,0,0,0,0,2,,,,,,0,0,,,,,0
56.574935,1779967206.57313,10490,,BS2DCE,,f,0,0,2142,2142,100,1,O,0,0,0,0,2,,,,,,0,0,,,,,0
56.574935,1779967206.57313,10490,,BS2DCE,,f,0,1,2170,2170,100,1,O,0,0,0,0,2,,,,,,0,0,,,,,0
56.574935,1779967206.57313,10490,,BS2DCE,,f,0,2,1769,1769,100,1,O,0,0,0,0,2,,,,,,0,0,,,,,0
56.574935,1779967206.57313,10490,,BS2DCE,,f,0,3,1813,1813,100,1,O,0,0,0,0,2,,,,,,0,0,,,,,0
56.574935,1779967206.57313,10490,,BS2DCE,,f,0,4,2243,2243,100,1,O,0,0,0,0,2,,,,,,0,0,,,,,0
56.574935,1779967206.57313,10490,,BS2DCE,,f,0,5,2237,2237,100,1,O,0,0,0,0,2,,,,,,0,0,,,,,0
56.574935,1779967206.57313,10490,,BS2DCE,,f,0,6,2155,2155,100,1,O,0,0,0,0,2,,,,,,0,0,,,,,0
56.574935,1779967206.57313,10490,,BS2DCE,,f,0,7,1764,1764,100,1,O,0,0,0,0,2,,,,,,0,0,,,,,0
56.657081,1779967206.655276,10491,,BS2DCE,,f,0,0,2212,2212,100,1,O,0,0,0,0,2,,,,,,0,0,,,,,0
56.657081,1779967206.655276,10491,,BS2DCE,,f,0,1,2172,2172,100,1,O,0,0,0,0,2,,,,,,0,0,,,,,0
56.657081,1779967206.655276,10491,,BS2DCE,,f,0,2,1713,1713,100,1,O,0,0,0,0,2,,,,,,0,0,,,,,0
56.657081,1779967206.655276,10491,,BS2DCE,,f,0,3,1806,1806,100,1,O,0,0,0,0,2,,,,,,0,0,,,,,0
56.657081,1779967206.655276,10491,,BS2DCE,,f,0,4,2286,2286,100,1,O,0,0,0,0,2,,,,,,0,0,,,,,0
56.657081,1779967206.655276,10491,,BS2DCE,,f,0,5,2233,2233,100,1,O,0,0,0,0,2,,,,,,0,0,,,,,0
56.657081,1779967206.655276,10491,,BS2DCE,,f,0,6,2107,2107,100,1,O,0,0,0,0,2,,,,,,0,0,,,,,0
56.657081,1779967206.655276,10491,,BS2DCE,,f,0,7,1855,1855,100,1,O,0,0,0,0,2,,,,,,0,0,,,,,0
56.761975,1779967206.76017,10492,,BS2DCE,,f,0,0,2231,2231,100,1,O,0,0,0,0,2,,,,,,0,0,,,,,0
56.761975,1779967206.76017,10492,,BS2DCE,,f,0,1,2178,2178,100,1,O,0,0,0,0,2,,,,,,0,0,,,,,0
56.761975,1779967206.76017,10492,,BS2DCE,,f,0,2,1703,1703,100,1,O,0,0,0,0,2,,,,,,0,0,,,,,0
56.761975,1779967206.76017,10492,,BS2DCE,,f,0,3,1851,1851,100,1,O,0,0,0,0,2,,,,,,0,0,,,,,0
56.761975,1779967206.76017,10492,,BS2DCE,,f,0,4,2321,2321,100,1,O,0,0,0,0,2,,,,,,0,0,,,,,0
56.761975,1779967206.76017,10492,,BS2DCE,,f,0,5,2184,2184,100,1,O,0,0,0,0,2,,,,,,0,0,,,,,0
56.761975,1779967206.76017,10492,,BS2DCE,,f,0,6,1982,1982,100,1,O,0,0,0,0,2,,,,,,0,0,,,,,0
56.761975,1779967206.76017,10492,,BS2DCE,,f,0,7,1917,1917,100,1,O,0,0,0,0,2,,,,,,0,0,,,,,0
56.881973,1779967206.880168,10493,,BS2DCE,,f,0,0,2261,2261,100,1,O,0,0,0,0,2,,,,,,0,0,,,,,0
56.881973,1779967206.880168,10493,,BS2DCE,,f,0,1,2127,2127,100,1,O,0,0,0,0,2,,,,,,0,0,,,,,0
56.881973,1779967206.880168,10493,,BS2DCE,,f,0,2,1630,1630,100,1,O,0,0,0,0,2,,,,,,0,0,,,,,0
56.881973,1779967206.880168,10493,,BS2DCE,,f,0,3,1789,1789,100,1,O,0,0,0,0,2,,,,,,0,0,,,,,0
56.881973,1779967206.880168,10493,,BS2DCE,,f,0,4,2310,2310,100,1,O,0,0,0,0,2,,,,,,0,0,,,,,0
56.881973,1779967206.880168,10493,,BS2DCE,,f,0,5,2262,2262,100,1,O,0,0,0,0,2,,,,,,0,0,,,,,0
56.881973,1779967206.880168,10493,,BS2DCE,,f,0,6,1911,1911,100,1,O,0,0,0,0,2,,,,,,0,0,,,,,0
56.881973,1779967206.880168,10493,,BS2DCE,,f,0,7,1858,1858,100,1,O,0,0,0,0,2,,,,,,0,0,,,,,0
56.972185,1779967206.97038,10494,,BS2DCE,,f,0,0,2326,2326,100,1,O,0,0,0,0,2,,,,,,0,0,,,,,0
56.972185,1779967206.97038,10494,,BS2DCE,,f,0,1,2129,2129,100,1,O,0,0,0,0,2,,,,,,0,0,,,,,0
56.972185,1779967206.97038,10494,,BS2DCE,,f,0,2,1604,1604,100,1,O,0,0,0,0,2,,,,,,0,0,,,,,0
56.972185,1779967206.97038,10494,,BS2DCE,,f,0,3,1794,1794,100,1,O,0,0,0,0,2,,,,,,0,0,,,,,0
56.972185,1779967206.97038,10494,,BS2DCE,,f,0,4,2425,2425,100,1,O,0,0,0,0,2,,,,,,0,0,,,,,0
56.972185,1779967206.97038,10494,,BS2DCE,,f,0,5,2315,2315,100,1,O,0,0,0,0,2,,,,,,0,0,,,,,0
56.972185,1779967206.97038,10494,,BS2DCE,,f,0,6,1825,1825,100,1,O,0,0,0,0,2,,,,,,0,0,,,,,0
56.972185,1779967206.97038,10494,,BS2DCE,,f,0,7,1878,1878,100,1,O,0,0,0,0,2,,,,,,0,0,,,,,0
57.057193,1779967207.055388,10495,,BS2DCE,,f,0,0,2321,2321,100,1,O,0,0,0,0,2,,,,,,0,0,,,,,0
57.057193,1779967207.055388,10495,,BS2DCE,,f,0,1,2064,2064,100,1,O,0,0,0,0,2,,,,,,0,0,,,,,0
57.057193,1779967207.055388,10495,,BS2DCE,,f,0,2,1534,1534,100,1,O,0,0,0,0,2,,,,,,0,0,,,,,0
57.057193,1779967207.055388,10495,,BS2DCE,,f,0,3,1822,1822,100,1,O,0,0,0,0,2,,,,,,0,0,,,,,0
57.057193,1779967207.055388,10495,,BS2DCE,,f,0,4,2524,2524,100,1,O,0,0,0,0,2,,,,,,0,0,,,,,0
57.057193,1779967207.055388,10495,,BS2DCE,,f,0,5,2288,2288,100,1,O,0,0,0,0,2,,,,,,0,0,,,,,0
57.057193,1779967207.055388,10495,,BS2DCE,,f,0,6,1846,1846,100,1,O,0,0,0,0,2,,,,,,0,0,,,,,0
57.057193,1779967207.055388,10495,,BS2DCE,,f,0,7,1913,1913,100,1,O,0,0,0,0,2,,,,,,0,0,,,,,0
57.159488,1779967207.157683,10496,,BS2DCE,,f,0,0,2325,2325,100,1,O,0,0,0,0,2,,,,,,0,0,,,,,0
57.159488,1779967207.157683,10496,,BS2DCE,,f,0,1,2067,2067,100,1,O,0,0,0,0,2,,,,,,0,0,,,,,0
57.159488,1779967207.157683,10496,,BS2DCE,,f,0,2,1510,1510,100,1,O,0,0,0,0,2,,,,,,0,0,,,,,0
57.159488,1779967207.157683,10496,,BS2DCE,,f,0,3,1955,1955,100,1,O,0,0,0,0,2,,,,,,0,0,,,,,0
57.159488,1779967207.157683,10496,,BS2DCE,,f,0,4,2473,2473,100,1,O,0,0,0,0,2,,,,,,0,0,,,,,0
57.159488,1779967207.157683,10496,,BS2DCE,,f,0,5,2177,2177,100,1,O,0,0,0,0,2,,,,,,0,0,,,,,0
57.159488,1779967207.157683,10496,,BS2DCE,,f,0,6,1799,1799,100,1,O,0,0,0,0,2,,,,,,0,0,,,,,0
57.159488,1779967207.157683,10496,,BS2DCE,,f,0,7,2013,2013,100,1,O,0,0,0,0,2,,,,,,0,0,,,,,0
57.257167,1779967207.255362,10497,,BS2DCE,,f,0,0,2352,2352,100,1,O,0,0,0,0,2,,,,,,0,0,,,,,0
57.257167,1779967207.255362,10497,,BS2DCE,,f,0,1,2076,2076,100,1,O,0,0,0,0,2,,,,,,0,0,,,,,0
57.257167,1779967207.255362,10497,,BS2DCE,,f,0,2,1530,1530,100,1,O,0,0,0,0,2,,,,,,0,0,,,,,0
57.257167,1779967207.255362,10497,,BS2DCE,,f,0,3,1989,1989,100,1,O,0,0,0,0,2,,,,,,0,0,,,,,0
57.257167,1779967207.255362,10497,,BS2DCE,,f,0,4,2574,2574,100,1,O,0,0,0,0,2,,,,,,0,0,,,,,0
57.257167,1779967207.255362,10497,,BS2DCE,,f,0,5,2211,2211,100,1,O,0,0,0,0,2,,,,,,0,0,,,,,0
57.257167,1779967207.255362,10497,,BS2DCE,,f,0,6,1765,1765,100,1,O,0,0,0,0,2,,,,,,0,0,,,,,0
57.257167,1779967207.255362,10497,,BS2DCE,,f,0,7,2044,2044,100,1,O,0,0,0,0,2,,,,,,0,0,,,,,0
57.41683,1779967207.415025,10498,,BS2DCE,,f,0,0,2428,2428,100,1,O,0,0,0,0,2,,,,,,0,0,,,,,0
57.41683,1779967207.415025,10498,,BS2DCE,,f,0,1,2041,2041,100,1,O,0,0,0,0,2,,,,,,0,0,,,,,0
57.41683,1779967207.415025,10498,,BS2DCE,,f,0,2,1478,1478,100,1,O,0,0,0,0,2,,,,,,0,0,,,,,0
57.41683,1779967207.415025,10498,,BS2DCE,,f,0,3,1966,1966,100,1,O,0,0,0,0,2,,,,,,0,0,,,,,0
57.41683,1779967207.415025,10498,,BS2DCE,,f,0,4,2442,2442,100,1,O,0,0,0,0,2,,,,,,0,0,,,,,0
57.41683,1779967207.415025,10498,,BS2DCE,,f,0,5,2160,2160,100,1,O,0,0,0,0,2,,,,,,0,0,,,,,0
57.41683,1779967207.415025,10498,,BS2DCE,,f,0,6,1767,1767,100,1,O,0,0,0,0,2,,,,,,0,0,,,,,0
57.41683,1779967207.415025,10498,,BS2DCE,,f,0,7,2115,2115,100,1,O,0,0,0,0,2,,,,,,0,0,,,,,0
57.467179,1779967207.465374,10499,,BS2DCE,,f,0,0,2449,2449,100,1,O,0,0,0,0,2,,,,,,0,0,,,,,0
57.467179,1779967207.465374,10499,,BS2DCE,,f,0,1,1985,1985,100,1,O,0,0,0,0,2,,,,,,0,0,,,,,0
57.467179,1779967207.465374,10499,,BS2DCE,,f,0,2,1394,1394,100,1,O,0,0,0,0,2,,,,,,0,0,,,,,0
57.467179,1779967207.465374,10499,,BS2DCE,,f,0,3,2087,2087,100,1,O,0,0,0,0,2,,,,,,0,0,,,,,0
57.467179,1779967207.465374,10499,,BS2DCE,,f,0,4,2534,2534,100,1,O,0,0,0,0,2,,,,,,0,0,,,,,0
57.467179,1779967207.465374,10499,,BS2DCE,,f,0,5,2115,2115,100,1,O,0,0,0,0,2,,,,,,0,0,,,,,0
57.467179,1779967207.465374,10499,,BS2DCE,,f,0,6,1704,1704,100,1,O,0,0,0,0,2,,,,,,0,0,,,,,0
57.467179,1779967207.465374,10499,,BS2DCE,,f,0,7,2119,2119,100,1,O,0,0,0,0,2,,,,,,0,0,,,,,0
57.607106,1779967207.605301,10500,,BS2DCE,,f,0,0,2470,2470,100,1,O,0,0,0,0,2,,,,,,0,0,,,,,0
57.607106,1779967207.605301,10500,,BS2DCE,,f,0,1,2065,2065,100,1,O,0,0,0,0,2,,,,,,0,0,,,,,0
57.607106,1779967207.605301,10500,,BS2DCE,,f,0,2,1470,1470,100,1,O,0,0,0,0,2,,,,,,0,0,,,,,0
57.607106,1779967207.605301,10500,,BS2DCE,,f,0,3,2066,2066,100,1,O,0,0,0,0,2,,,,,,0,0,,,,,0
57.607106,1779967207.605301,10500,,BS2DCE,,f,0,4,2544,2544,100,1,O,0,0,0,0,2,,,,,,0,0,,,,,0
57.607106,1779967207.605301,10500,,BS2DCE,,f,0,5,2029,2029,100,1,O,0,0,0,0,2,,,,,,0,0,,,,,0
57.607106,1779967207.605301,10500,,BS2DCE,,f,0,6,1649,1649,100,1,O,0,0,0,0,2,,,,,,0,0,,,,,0
57.607106,1779967207.605301,10500,,BS2DCE,,f,0,7,2171,2171,100,1,O,0,0,0,0,2,,,,,,0,0,,,,,0
57.654586,1779967207.652781,10501,,BS2DCE,,f,0,0,2566,2566,100,1,O,0,0,0,0,2,,,,,,0,0,,,,,0
57.654586,1779967207.652781,10501,,BS2DCE,,f,0,1,2069,2069,100,1,O,0,0,0,0,2,,,,,,0,0,,,,,0
57.654586,1779967207.652781,10501,,BS2DCE,,f,0,2,1421,1421,100,1,O,0,0,0,0,2,,,,,,0,0,,,,,0
57.654586,1779967207.652781,10501,,BS2DCE,,f,0,3,2119,2119,100,1,O,0,0,0,0,2,,,,,,0,0,,,,,0
57.654586,1779967207.652781,10501,,BS2DCE,,f,0,4,2646,2646,100,1,O,0,0,0,0,2,,,,,,0,0,,,,,0
57.654586,1779967207.652781,10501,,BS2DCE,,f,0,5,2049,2049,100,1,O,0,0,0,0,2,,,,,,0,0,,,,,0
57.654586,1779967207.652781,10501,,BS2DCE,,f,0,6,1611,1611,100,1,O,0,0,0,0,2,,,,,,0,0,,,,,0
57.654586,1779967207.652781,10501,,BS2DCE,,f,0,7,2231,2231,100,1,O,0,0,0,0,2,,,,,,0,0,,,,,0
57.759575,1779967207.75777,10502,,BS2DCE,,f,0,0,2547,2547,100,1,O,0,0,0,0,2,,,,,,0,0,,,,,0
57.759575,1779967207.75777,10502,,BS2DCE,,f,0,1,2235,2235,100,1,O,0,0,0,0,2,,,,,,0,0,,,,,0
57.759575,1779967207.75777,10502,,BS2DCE,,f,0,2,1571,1571,100,1,O,0,0,0,0,2,,,,,,0,0,,,,,0
57.759575,1779967207.75777,10502,,BS2DCE,,f,0,3,2207,2207,100,1,O,0,0,0,0,2,,,,,,0,0,,,,,0
57.759575,1779967207.75777,10502,,BS2DCE,,f,0,4,2686,2686,100,1,O,0,0,0,0,2,,,,,,0,0,,,,,0
57.759575,1779967207.75777,10502,,BS2DCE,,f,0,5,1961,1961,100,1,O,0,0,0,0,2,,,,,,0,0,,,,,0
57.759575,1779967207.75777,10502,,BS2DCE,,f,0,6,1661,1661,100,1,O,0,0,0,0,2,,,,,,0,0,,,,,0
57.759575,1779967207.75777,10502,,BS2DCE,,f,0,7,2151,2151,100,1,O,0,0,0,0,2,,,,,,0,0,,,,,0
57.857169,1779967207.855364,10503,,BS2DCE,,f,0,0,2624,2624,100,1,O,0,0,0,0,2,,,,,,0,0,,,,,0
57.857169,1779967207.855364,10503,,BS2DCE,,f,0,1,2248,2248,100,1,O,0,0,0,0,2,,,,,,0,0,,,,,0
57.857169,1779967207.855364,10503,,BS2DCE,,f,0,2,1679,1679,100,1,O,0,0,0,0,2,,,,,,0,0,,,,,0
57.857169,1779967207.855364,10503,,BS2DCE,,f,0,3,2183,2183,100,1,O,0,0,0,0,2,,,,,,0,0,,,,,0
57.857169,1779967207.855364,10503,,BS2DCE,,f,0,4,2705,2705,100,1,O,0,0,0,0,2,,,,,,0,0,,,,,0
57.857169,1779967207.855364,10503,,BS2DCE,,f,0,5,2031,2031,100,1,O,0,0,0,0,2,,,,,,0,0,,,,,0
57.857169,1779967207.855364,10503,,BS2DCE,,f,0,6,1635,1635,100,1,O,0,0,0,0,2,,,,,,0,0,,,,,0
57.857169,1779967207.855364,10503,,BS2DCE,,f,0,7,2222,2222,100,1,O,0,0,0,0,2,,,,,,0,0,,,,,0
57.962146,1779967207.960341,10504,,BS2DCE,,f,0,0,2669,2669,100,1,O,0,0,0,0,2,,,,,,0,0,,,,,0
57.962146,1779967207.960341,10504,,BS2DCE,,f,0,1,2054,2054,100,1,O,0,0,0,0,2,,,,,,0,0,,,,,0
57.962146,1779967207.960341,10504,,BS2DCE,,f,0,2,1559,1559,100,1,O,0,0,0,0,2,,,,,,0,0,,,,,0
57.962146,1779967207.960341,10504,,BS2DCE,,f,0,3,2246,2246,100,1,O,0,0,0,0,2,,,,,,0,0,,,,,0
57.962146,1779967207.960341,10504,,BS2DCE,,f,0,4,2619,2619,100,1,O,0,0,0,0,2,,,,,,0,0,,,,,0
57.962146,1779967207.960341,10504,,BS2DCE,,f,0,5,1884,1884,100,1,O,0,0,0,0,2,,,,,,0,0,,,,,0
57.962146,1779967207.960341,10504,,BS2DCE,,f,0,6,1591,1591,100,1,O,0,0,0,0,2,,,,,,0,0,,,,,0
57.962146,1779967207.960341,10504,,BS2DCE,,f,0,7,2221,2221,100,1,O,0,0,0,0,2,,,,,,0,0,,,,,0
58.0688,1779967208.066995,10505,,BS2DCE,,f,0,0,2746,2746,100,1,O,0,0,0,0,2,,,,,,0,0,,,,,0
58.0688,1779967208.066995,10505,,BS2DCE,,f,0,1,1991,1991,100,1,O,0,0,0,0,2,,,,,,0,0,,,,,0
58.0688,1779967208.066995,10505,,BS2DCE,,f,0,2,1622,1622,100,1,O,0,0,0,0,2,,,,,,0,0,,,,,0
58.0688,1779967208.066995,10505,,BS2DCE,,f,0,3,2250,2250,100,1,O,0,0,0,0,2,,,,,,0,0,,,,,0
58.0688,1779967208.066995,10505,,BS2DCE,,f,0,4,2514,2514,100,1,O,0,0,0,0,2,,,,,,0,0,,,,,0
58.0688,1779967208.066995,10505,,BS2DCE,,f,0,5,1816,1816,100,1,O,0,0,0,0,2,,,,,,0,0,,,,,0
58.0688,1779967208.066995,10505,,BS2DCE,,f,0,6,1617,1617,100,1,O,0,0,0,0,2,,,,,,0,0,,,,,0
58.0688,1779967208.066995,10505,,BS2DCE,,f,0,7,2273,2273,100,1,O,0,0,0,0,2,,,,,,0,0,,,,,0
58.17202,1779967208.170215,10506,,BS2DCE,,f,0,0,3017,3017,100,1,O,0,0,0,0,2,,,,,,0,0,,,,,0
58.17202,1779967208.170215,10506,,BS2DCE,,f,0,1,1872,1872,100,1,O,0,0,0,0,2,,,,,,0,0,,,,,0
58.17202,1779967208.170215,10506,,BS2DCE,,f,0,2,1528,1528,100,1,O,0,0,0,0,2,,,,,,0,0,,,,,0
58.17202,1779967208.170215,10506,,BS2DCE,,f,0,3,2347,2347,100,1,O,0,0,0,0,2,,,,,,0,0,,,,,0
58.17202,1779967208.170215,10506,,BS2DCE,,f,0,4,2418,2418,100,1,O,0,0,0,0,2,,,,,,0,0,,,,,0
58.17202,1779967208.170215,10506,,BS2DCE,,f,0,5,1871,1871,100,1,O,0,0,0,0,2,,,,,,0,0,,,,,0
58.17202,1779967208.170215,10506,,BS2DCE,,f,0,6,1596,1596,100,1,O,0,0,0,0,2,,,,,,0,0,,,,,0
58.17202,1779967208.170215,10506,,BS2DCE,,f,0,7,2322,2322,100,1,O,0,0,0,0,2,,,,,,0,0,,,,,0
58.254621,1779967208.252816,10507,,BS2DCE,,f,0,0,2775,2775,100,1,O,0,0,0,0,2,,,,,,0,0,,,,,0
58.254621,1779967208.252816,10507,,BS2DCE,,f,0,1,1854,1854,100,1,O,0,0,0,0,2,,,,,,0,0,,,,,0
58.254621,1779967208.252816,10507,,BS2DCE,,f,0,2,1606,1606,100,1,O,0,0,0,0,2,,,,,,0,0,,,,,0
58.254621,1779967208.252816,10507,,BS2DCE,,f,0,3,2410,2410,100,1,O,0,0,0,0,2,,,,,,0,0,,,,,0
58.254621,1779967208.252816,10507,,BS2DCE,,f,0,4,2384,2384,100,1,O,0,0,0,0,2,,,,,,0,0,,,,,0
58.254621,1779967208.252816,10507,,BS2DCE,,f,0,5,1665,1665,100,1,O,0,0,0,0,2,,,,,,0,0,,,,,0
58.254621,1779967208.252816,10507,,BS2DCE,,f,0,6,1549,1549,100,1,O,0,0,0,0,2,,,,,,0,0,,,,,0
58.254621,1779967208.252816,10507,,BS2DCE,,f,0,7,2309,2309,100,1,O,0,0,0,0,2,,,,,,0,0,,,,,0
58.429393,1779967208.427588,10508,,BS2DCE,,f,0,0,2692,2692,100,1,O,0,0,0,0,2,,,,,,0,0,,,,,0
58.429393,1779967208.427588,10508,,BS2DCE,,f,0,1,1876,1876,100,1,O,0,0,0,0,2,,,,,,0,0,,,,,0
58.429393,1779967208.427588,10508,,BS2DCE,,f,0,2,1723,1723,100,1,O,0,0,0,0,2,,,,,,0,0,,,,,0
58.429393,1779967208.427588,10508,,BS2DCE,,f,0,3,2437,2437,100,1,O,0,0,0,0,2,,,,,,0,0,,,,,0
58.429393,1779967208.427588,10508,,BS2DCE,,f,0,4,2439,2439,100,1,O,0,0,0,0,2,,,,,,0,0,,,,,0
58.429393,1779967208.427588,10508,,BS2DCE,,f,0,5,1643,1643,100,1,O,0,0,0,0,2,,,,,,0,0,,,,,0
58.429393,1779967208.427588,10508,,BS2DCE,,f,0,6,1663,1663,100,1,O,0,0,0,0,2,,,,,,0,0,,,,,0
58.429393,1779967208.427588,10508,,BS2DCE,,f,0,7,2227,2227,100,1,O,0,0,0,0,2,,,,,,0,0,,,,,0
58.457241,1779967208.455436,10509,,BS2DCE,,f,0,0,2654,2654,100,1,O,0,0,0,0,2,,,,,,0,0,,,,,0
58.457241,1779967208.455436,10509,,BS2DCE,,f,0,1,1817,1817,100,1,O,0,0,0,0,2,,,,,,0,0,,,,,0
58.457241,1779967208.455436,10509,,BS2DCE,,f,0,2,1761,1761,100,1,O,0,0,0,0,2,,,,,,0,0,,,,,0
58.457241,1779967208.455436,10509,,BS2DCE,,f,0,3,2456,2456,100,1,O,0,0,0,0,2,,,,,,0,0,,,,,0
58.457241,1779967208.455436,10509,,BS2DCE,,f,0,4,2393,2393,100,1,O,0,0,0,0,2,,,,,,0,0,,,,,0
58.457241,1779967208.455436,10509,,BS2DCE,,f,0,5,1586,1586,100,1,O,0,0,0,0,2,,,,,,0,0,,,,,0
58.457241,1779967208.455436,10509,,BS2DCE,,f,0,6,1613,1613,100,1,O,0,0,0,0,2,,,,,,0,0,,,,,0
58.457241,1779967208.455436,10509,,BS2DCE,,f,0,7,2419,2419,100,1,O,0,0,0,0,2,,,,,,0,0,,,,,0
58.576873,1779967208.575068,10510,,BS2DCE,,f,0,0,2652,2652,100,1,O,0,0,0,0,2,,,,,,0,0,,,,,0
58.576873,1779967208.575068,10510,,BS2DCE,,f,0,1,1823,1823,100,1,O,0,0,0,0,2,,,,,,0,0,,,,,0
58.576873,1779967208.575068,10510,,BS2DCE,,f,0,2,1817,1817,100,1,O,0,0,0,0,2,,,,,,0,0,,,,,0
58.576873,1779967208.575068,10510,,BS2DCE,,f,0,3,2484,2484,100,1,O,0,0,0,0,2,,,,,,0,0,,,,,0
58.576873,1779967208.575068,10510,,BS2DCE,,f,0,4,2273,2273,100,1,O,0,0,0,0,2,,,,,,0,0,,,,,0
58.576873,1779967208.575068,10510,,BS2DCE,,f,0,5,1506,1506,100,1,O,0,0,0,0,2,,,,,,0,0,,,,,0
58.576873,1779967208.575068,10510,,BS2DCE,,f,0,6,1895,1895,100,1,O,0,0,0,0,2,,,,,,0,0,,,,,0
58.576873,1779967208.575068,10510,,BS2DCE,,f,0,7,2408,2408,100,1,O,0,0,0,0,2,,,,,,0,0,,,,,0
58.682065,1779967208.68026,10511,,BS2DCE,,f,0,0,2570,2570,100,1,O,0,0,0,0,2,,,,,,0,0,,,,,0
58.682065,1779967208.68026,10511,,BS2DCE,,f,0,1,1862,1862,100,1,O,0,0,0,0,2,,,,,,0,0,,,,,0
58.682065,1779967208.68026,10511,,BS2DCE,,f,0,2,1858,1858,100,1,O,0,0,0,0,2,,,,,,0,0,,,,,0
58.682065,1779967208.68026,10511,,BS2DCE,,f,0,3,2516,2516,100,1,O,0,0,0,0,2,,,,,,0,0,,,,,0
58.682065,1779967208.68026,10511,,BS2DCE,,f,0,4,2239,2239,100,1,O,0,0,0,0,2,,,,,,0,0,,,,,0
58.682065,1779967208.68026,10511,,BS2DCE,,f,0,5,1672,1672,100,1,O,0,0,0,0,2,,,,,,0,0,,,,,0
58.682065,1779967208.68026,10511,,BS2DCE,,f,0,6,1800,1800,100,1,O,0,0,0,0,2,,,,,,0,0,,,,,0
58.682065,1779967208.68026,10511,,BS2DCE,,f,0,7,2449,2449,100,1,O,0,0,0,0,2,,,,,,0,0,,,,,0
58.772154,1779967208.770349,10512,,BS2DCE,,f,0,0,2543,2543,100,1,O,0,0,0,0,2,,,,,,0,0,,,,,0
58.772154,1779967208.770349,10512,,BS2DCE,,f,0,1,1922,1922,100,1,O,0,0,0,0,2,,,,,,0,0,,,,,0
58.772154,1779967208.770349,10512,,BS2DCE,,f,0,2,1951,1951,100,1,O,0,0,0,0,2,,,,,,0,0,,,,,0
58.772154,1779967208.770349,10512,,BS2DCE,,f,0,3,2618,2618,100,1,O,0,0,0,0,2,,,,,,0,0,,,,,0
58.772154,1779967208.770349,10512,,BS2DCE,,f,0,4,2172,2172,100,1,O,0,0,0,0,2,,,,,,0,0,,,,,0
58.772154,1779967208.770349,10512,,BS2DCE,,f,0,5,1701,1701,100,1,O,0,0,0,0,2,,,,,,0,0,,,,,0
58.772154,1779967208.770349,10512,,BS2DCE,,f,0,6,1777,1777,100,1,O,0,0,0,0,2,,,,,,0,0,,,,,0
58.772154,1779967208.770349,10512,,BS2DCE,,f,0,7,2401,2401,100,1,O,0,0,0,0,2,,,,,,0,0,,,,,0
58.854546,1779967208.852741,10513,,BS2DCE,,f,0,0,2472,2472,100,1,O,0,0,0,0,2,,,,,,0,0,,,,,0
58.854546,1779967208.852741,10513,,BS2DCE,,f,0,1,2041,2041,100,1,O,0,0,0,0,2,,,,,,0,0,,,,,0
58.854546,1779967208.852741,10513,,BS2DCE,,f,0,2,1999,1999,100,1,O,0,0,0,0,2,,,,,,0,0,,,,,0
58.854546,1779967208.852741,10513,,BS2DCE,,f,0,3,2708,2708,100,1,O,0,0,0,0,2,,,,,,0,0,,,,,0
58.854546,1779967208.852741,10513,,BS2DCE,,f,0,4,2138,2138,100,1,O,0,0,0,0,2,,,,,,0,0,,,,,0
58.854546,1779967208.852741,10513,,BS2DCE,,f,0,5,1800,1800,100,1,O,0,0,0,0,2,,,,,,0,0,,,,,0
58.854546,1779967208.852741,10513,,BS2DCE,,f,0,6,1826,1826,100,1,O,0,0,0,0,2,,,,,,0,0,,,,,0
58.854546,1779967208.852741,10513,,BS2DCE,,f,0,7,2332,2332,100,1,O,0,0,0,0,2,,,,,,0,0,,,,,0
58.963202,1779967208.961397,10514,,BS2DCE,,f,0,0,2391,2391,100,1,O,0,0,0,0,2,,,,,,0,0,,,,,0
58.963202,1779967208.961397,10514,,BS2DCE,,f,0,1,2055,2055,100,1,O,0,0,0,0,2,,,,,,0,0,,,,,0
58.963202,1779967208.961397,10514,,BS2DCE,,f,0,2,2011,2011,100,1,O,0,0,0,0,2,,,,,,0,0,,,,,0
58.963202,1779967208.961397,10514,,BS2DCE,,f,0,3,2762,2762,100,1,O,0,0,0,0,2,,,,,,0,0,,,,,0
58.963202,1779967208.961397,10514,,BS2DCE,,f,0,4,2068,2068,100,1,O,0,0,0,0,2,,,,,,0,0,,,,,0
58.963202,1779967208.961397,10514,,BS2DCE,,f,0,5,1719,1719,100,1,O,0,0,0,0,2,,,,,,0,0,,,,,0
58.963202,1779967208.961397,10514,,BS2DCE,,f,0,6,1892,1892,100,1,O,0,0,0,0,2,,,,,,0,0,,,,,0
58.963202,1779967208.961397,10514,,BS2DCE,,f,0,7,2299,2299,100,1,O,0,0,0,0,2,,,,,,0,0,,,,,0
59.057141,1779967209.055336,10515,,BS2DCE,,f,0,0,2313,2313,100,1,O,0,0,0,0,2,,,,,,0,0,,,,,0
59.057141,1779967209.055336,10515,,BS2DCE,,f,0,1,2068,2068,100,1,O,0,0,0,0,2,,,,,,0,0,,,,,0
59.057141,1779967209.055336,10515,,BS2DCE,,f,0,2,2089,2089,100,1,O,0,0,0,0,2,,,,,,0,0,,,,,0
59.057141,1779967209.055336,10515,,BS2DCE,,f,0,3,2515,2515,100,1,O,0,0,0,0,2,,,,,,0,0,,,,,0
59.057141,1779967209.055336,10515,,BS2DCE,,f,0,4,2038,2038,100,1,O,0,0,0,0,2,,,,,,0,0,,,,,0
59.057141,1779967209.055336,10515,,BS2DCE,,f,0,5,1619,1619,100,1,O,0,0,0,0,2,,,,,,0,0,,,,,0
59.057141,1779967209.055336,10515,,BS2DCE,,f,0,6,1877,1877,100,1,O,0,0,0,0,2,,,,,,0,0,,,,,0
59.057141,1779967209.055336,10515,,BS2DCE,,f,0,7,2194,2194,100,1,O,0,0,0,0,2,,,,,,0,0,,,,,0
59.162405,1779967209.1606,10516,,BS2DCE,,f,0,0,2146,2146,100,1,O,0,0,0,0,2,,,,,,0,0,,,,,0
59.162405,1779967209.1606,10516,,BS2DCE,,f,0,1,2065,2065,100,1,O,0,0,0,0,2,,,,,,0,0,,,,,0
59.162405,1779967209.1606,10516,,BS2DCE,,f,0,2,2179,2179,100,1,O,0,0,0,0,2,,,,,,0,0,,,,,0
59.162405,1779967209.1606,10516,,BS2DCE,,f,0,3,2459,2459,100,1,O,0,0,0,0,2,,,,,,0,0,,,,,0
59.162405,1779967209.1606,10516,,BS2DCE,,f,0,4,1898,1898,100,1,O,0,0,0,0,2,,,,,,0,0,,,,,0
59.162405,1779967209.1606,10516,,BS2DCE,,f,0,5,1676,1676,100,1,O,0,0,0,0,2,,,,,,0,0,,,,,0
59.162405,1779967209.1606,10516,,BS2DCE,,f,0,6,1963,1963,100,1,O,0,0,0,0,2,,,,,,0,0,,,,,0
59.162405,1779967209.1606,10516,,BS2DCE,,f,0,7,2073,2073,100,1,O,0,0,0,0,2,,,,,,0,0,,,,,0
59.267254,1779967209.265449,10517,,BS2DCE,,f,0,0,2213,2213,100,1,O,0,0,0,0,2,,,,,,0,0,,,,,0
59.267254,1779967209.265449,10517,,BS2DCE,,f,0,1,2059,2059,100,1,O,0,0,0,0,2,,,,,,0,0,,,,,0
59.267254,1779967209.265449,10517,,BS2DCE,,f,0,2,2221,2221,100,1,O,0,0,0,0,2,,,,,,0,0,,,,,0
59.267254,1779967209.265449,10517,,BS2DCE,,f,0,3,2572,2572,100,1,O,0,0,0,0,2,,,,,,0,0,,,,,0
59.267254,1779967209.265449,10517,,BS2DCE,,f,0,4,1815,1815,100,1,O,0,0,0,0,2,,,,,,0,0,,,,,0
59.267254,1779967209.265449,10517,,BS2DCE,,f,0,5,1805,1805,100,1,O,0,0,0,0,2,,,,,,0,0,,,,,0
59.267254,1779967209.265449,10517,,BS2DCE,,f,0,6,1991,1991,100,1,O,0,0,0,0,2,,,,,,0,0,,,,,0
59.267254,1779967209.265449,10517,,BS2DCE,,f,0,7,2077,2077,100,1,O,0,0,0,0,2,,,,,,0,0,,,,,0
59.419355,1779967209.41755,10518,,BS2DCE,,f,0,0,2131,2131,100,1,O,0,0,0,0,2,,,,,,0,0,,,,,0
59.419355,1779967209.41755,10518,,BS2DCE,,f,0,1,2128,2128,100,1,O,0,0,0,0,2,,,,,,0,0,,,,,0
59.419355,1779967209.41755,10518,,BS2DCE,,f,0,2,2277,2277,100,1,O,0,0,0,0,2,,,,,,0,0,,,,,0
59.419355,1779967209.41755,10518,,BS2DCE,,f,0,3,2348,2348,100,1,O,0,0,0,0,2,,,,,,0,0,,,,,0
59.419355,1779967209.41755,10518,,BS2DCE,,f,0,4,1750,1750,100,1,O,0,0,0,0,2,,,,,,0,0,,,,,0
59.419355,1779967209.41755,10518,,BS2DCE,,f,0,5,1739,1739,100,1,O,0,0,0,0,2,,,,,,0,0,,,,,0
59.419355,1779967209.41755,10518,,BS2DCE,,f,0,6,2063,2063,100,1,O,0,0,0,0,2,,,,,,0,0,,,,,0
59.419355,1779967209.41755,10518,,BS2DCE,,f,0,7,2019,2019,100,1,O,0,0,0,0,2,,,,,,0,0,,,,,0
59.45456,1779967209.452755,10519,,BS2DCE,,f,0,0,2156,2156,100,1,O,0,0,0,0,2,,,,,,0,0,,,,,0
59.45456,1779967209.452755,10519,,BS2DCE,,f,0,1,2136,2136,100,1,O,0,0,0,0,2,,,,,,0,0,,,,,0
59.45456,1779967209.452755,10519,,BS2DCE,,f,0,2,2320,2320,100,1,O,0,0,0,0,2,,,,,,0,0,,,,,0
59.45456,1779967209.452755,10519,,BS2DCE,,f,0,3,2287,2287,100,1,O,0,0,0,0,2,,,,,,0,0,,,,,0
59.45456,1779967209.452755,10519,,BS2DCE,,f,0,4,1739,1739,100,1,O,0,0,0,0,2,,,,,,0,0,,,,,0
59.45456,1779967209.452755,10519,,BS2DCE,,f,0,5,1838,1838,100,1,O,0,0,0,0,2,,,,,,0,0,,,,,0
59.45456,1779967209.452755,10519,,BS2DCE,,f,0,6,2113,2113,100,1,O,0,0,0,0,2,,,,,,0,0,,,,,0
59.45456,1779967209.452755,10519,,BS2DCE,,f,0,7,1973,1973,100,1,O,0,0,0,0,2,,,,,,0,0,,,,,0
59.574617,1779967209.572812,10520,,BS2DCE,,f,0,0,2089,2089,100,1,O,0,0,0,0,2,,,,,,0,0,,,,,0
59.574617,1779967209.572812,10520,,BS2DCE,,f,0,1,2219,2219,100,1,O,0,0,0,0,2,,,,,,0,0,,,,,0
59.574617,1779967209.572812,10520,,BS2DCE,,f,0,2,2366,2366,100,1,O,0,0,0,0,2,,,,,,0,0,,,,,0
59.574617,1779967209.572812,10520,,BS2DCE,,f,0,3,2210,2210,100,1,O,0,0,0,0,2,,,,,,0,0,,,,,0
59.574617,1779967209.572812,10520,,BS2DCE,,f,0,4,1660,1660,100,1,O,0,0,0,0,2,,,,,,0,0,,,,,0
59.574617,1779967209.572812,10520,,BS2DCE,,f,0,5,1908,1908,100,1,O,0,0,0,0,2,,,,,,0,0,,,,,0
59.574617,1779967209.572812,10520,,BS2DCE,,f,0,6,2102,2102,100,1,O,0,0,0,0,2,,,,,,0,0,,,,,0
59.574617,1779967209.572812,10520,,BS2DCE,,f,0,7,1871,1871,100,1,O,0,0,0,0,2,,,,,,0,0,,,,,0
59.657095,1779967209.65529,10521,,BS2DCE,,f,0,0,2072,2072,100,1,O,0,0,0,0,2,,,,,,0,0,,,,,0
59.657095,1779967209.65529,10521,,BS2DCE,,f,0,1,2514,2514,100,1,O,0,0,0,0,2,,,,,,0,0,,,,,0
59.657095,1779967209.65529,10521,,BS2DCE,,f,0,2,2412,2412,100,1,O,0,0,0,0,2,,,,,,0,0,,,,,0
59.657095,1779967209.65529,10521,,BS2DCE,,f,0,3,2172,2172,100,1,O,0,0,0,0,2,,,,,,0,0,,,,,0
59.657095,1779967209.65529,10521,,BS2DCE,,f,0,4,1657,1657,100,1,O,0,0,0,0,2,,,,,,0,0,,,,,0
59.657095,1779967209.65529,10521,,BS2DCE,,f,0,5,1957,1957,100,1,O,0,0,0,0,2,,,,,,0,0,,,,,0
59.657095,1779967209.65529,10521,,BS2DCE,,f,0,6,2143,2143,100,1,O,0,0,0,0,2,,,,,,0,0,,,,,0
59.657095,1779967209.65529,10521,,BS2DCE,,f,0,7,1823,1823,100,1,O,0,0,0,0,2,,,,,,0,0,,,,,0
59.762004,1779967209.760199,10522,,BS2DCE,,f,0,0,2039,2039,100,1,O,0,0,0,0,2,,,,,,0,0,,,,,0
59.762004,1779967209.760199,10522,,BS2DCE,,f,0,1,2471,2471,100,1,O,0,0,0,0,2,,,,,,0,0,,,,,0
59.762004,1779967209.760199,10522,,BS2DCE,,f,0,2,2436,2436,100,1,O,0,0,0,0,2,,,,,,0,0,,,,,0
59.762004,1779967209.760199,10522,,BS2DCE,,f,0,3,2175,2175,100,1,O,0,0,0,0,2,,,,,,0,0,,,,,0
59.762004,1779967209.760199,10522,,BS2DCE,,f,0,4,1821,1821,100,1,O,0,0,0,0,2,,,,,,0,0,,,,,0
59.762004,1779967209.760199,10522,,BS2DCE,,f,0,5,2056,2056,100,1,O,0,0,0,0,2,,,,,,0,0,,,,,0
59.762004,1779967209.760199,10522,,BS2DCE,,f,0,6,2139,2139,100,1,O,0,0,0,0,2,,,,,,0,0,,,,,0
59.762004,1779967209.760199,10522,,BS2DCE,,f,0,7,1844,1844,100,1,O,0,0,0,0,2,,,,,,0,0,,,,,0
59.867188,1779967209.865383,10523,,BS2DCE,,f,0,0,1995,1995,100,1,O,0,0,0,0,2,,,,,,0,0,,,,,0
59.867188,1779967209.865383,10523,,BS2DCE,,f,0,1,2426,2426,100,1,O,0,0,0,0,2,,,,,,0,0,,,,,0
59.867188,1779967209.865383,10523,,BS2DCE,,f,0,2,2490,2490,100,1,O,0,0,0,0,2,,,,,,0,0,,,,,0
59.867188,1779967209.865383,10523,,BS2DCE,,f,0,3,2095,2095,100,1,O,0,0,0,0,2,,,,,,0,0,,,,,0
59.867188,1779967209.865383,10523,,BS2DCE,,f,0,4,1889,1889,100,1,O,0,0,0,0,2,,,,,,0,0,,,,,0
59.867188,1779967209.865383,10523,,BS2DCE,,f,0,5,2204,2204,100,1,O,0,0,0,0,2,,,,,,0,0,,,,,0
59.867188,1779967209.865383,10523,,BS2DCE,,f,0,6,2275,2275,100,1,O,0,0,0,0,2,,,,,,0,0,,,,,0
59.867188,1779967209.865383,10523,,BS2DCE,,f,0,7,1766,1766,100,1,O,0,0,0,0,2,,,,,,0,0,,,,,0
59.972142,1779967209.970337,10524,,BS2DCE,,f,0,0,1982,1982,100,1,O,0,0,0,0,2,,,,,,0,0,,,,,0
59.972142,1779967209.970337,10524,,BS2DCE,,f,0,1,2369,2369,100,1,O,0,0,0,0,2,,,,,,0,0,,,,,0
59.972142,1779967209.970337,10524,,BS2DCE,,f,0,2,2487,2487,100,1,O,0,0,0,0,2,,,,,,0,0,,,,,0
59.972142,1779967209.970337,10524,,BS2DCE,,f,0,3,2016,2016,100,1,O,0,0,0,0,2,,,,,,0,0,,,,,0
59.972142,1779967209.970337,10524,,BS2DCE,,f,0,4,1760,1760,100,1,O,0,0,0,0,2,,,,,,0,0,,,,,0
59.972142,1779967209.970337,10524,,BS2DCE,,f,0,5,2211,2211,100,1,O,0,0,0,0,2,,,,,,0,0,,,,,0
59.972142,1779967209.970337,10524,,BS2DCE,,f,0,6,2234,2234,100,1,O,0,0,0,0,2,,,,,,0,0,,,,,0
59.972142,1779967209.970337,10524,,BS2DCE,,f,0,7,1791,1791,100,1,O,0,0,0,0,2,,,,,,0,0,,,,,0
60.054483,1779967210.052678,10525,,BS2DCE,,f,0,0,1950,1950,100,1,O,0,0,0,0,2,,,,,,0,0,,,,,0
60.054483,1779967210.052678,10525,,BS2DCE,,f,0,1,2415,2415,100,1,O,0,0,0,0,2,,,,,,0,0,,,,,0
60.054483,1779967210.052678,10525,,BS2DCE,,f,0,2,2333,2333,100,1,O,0,0,0,0,2,,,,,,0,0,,,,,0
60.054483,1779967210.052678,10525,,BS2DCE,,f,0,3,1933,1933,100,1,O,0,0,0,0,2,,,,,,0,0,,,,,0
60.054483,1779967210.052678,10525,,BS2DCE,,f,0,4,1759,1759,100,1,O,0,0,0,0,2,,,,,,0,0,,,,,0
60.054483,1779967210.052678,10525,,BS2DCE,,f,0,5,2182,2182,100,1,O,0,0,0,0,2,,,,,,0,0,,,,,0
60.054483,1779967210.052678,10525,,BS2DCE,,f,0,6,2240,2240,100,1,O,0,0,0,0,2,,,,,,0,0,,,,,0
60.054483,1779967210.052678,10525,,BS2DCE,,f,0,7,1781,1781,100,1,O,0,0,0,0,2,,,,,,0,0,,,,,0
60.159625,1779967210.15782,10526,,BS2DCE,,f,0,0,1929,1929,100,1,O,0,0,0,0,2,,,,,,0,0,,,,,0
60.159625,1779967210.15782,10526,,BS2DCE,,f,0,1,2400,2400,100,1,O,0,0,0,0,2,,,,,,0,0,,,,,0
60.159625,1779967210.15782,10526,,BS2DCE,,f,0,2,2290,2290,100,1,O,0,0,0,0,2,,,,,,0,0,,,,,0
60.159625,1779967210.15782,10526,,BS2DCE,,f,0,3,1900,1900,100,1,O,0,0,0,0,2,,,,,,0,0,,,,,0
60.159625,1779967210.15782,10526,,BS2DCE,,f,0,4,1758,1758,100,1,O,0,0,0,0,2,,,,,,0,0,,,,,0
60.159625,1779967210.15782,10526,,BS2DCE,,f,0,5,2342,2342,100,1,O,0,0,0,0,2,,,,,,0,0,,,,,0
60.159625,1779967210.15782,10526,,BS2DCE,,f,0,6,2271,2271,100,1,O,0,0,0,0,2,,,,,,0,0,,,,,0
60.159625,1779967210.15782,10526,,BS2DCE,,f,0,7,1737,1737,100,1,O,0,0,0,0,2,,,,,,0,0,,,,,0
60.25721,1779967210.255405,10527,,BS2DCE,,f,0,0,1924,1924,100,1,O,0,0,0,0,2,,,,,,0,0,,,,,0
60.25721,1779967210.255405,10527,,BS2DCE,,f,0,1,2456,2456,100,1,O,0,0,0,0,2,,,,,,0,0,,,,,0
60.25721,1779967210.255405,10527,,BS2DCE,,f,0,2,2324,2324,100,1,O,0,0,0,0,2,,,,,,0,0,,,,,0
60.25721,1779967210.255405,10527,,BS2DCE,,f,0,3,1782,1782,100,1,O,0,0,0,0,2,,,,,,0,0,,,,,0
60.25721,1779967210.255405,10527,,BS2DCE,,f,0,4,1713,1713,100,1,O,0,0,0,0,2,,,,,,0,0,,,,,0
60.25721,1779967210.255405,10527,,BS2DCE,,f,0,5,2335,2335,100,1,O,0,0,0,0,2,,,,,,0,0,,,,,0
60.25721,1779967210.255405,10527,,BS2DCE,,f,0,6,2182,2182,100,1,O,0,0,0,0,2,,,,,,0,0,,,,,0
60.25721,1779967210.255405,10527,,BS2DCE,,f,0,7,1746,1746,100,1,O,0,0,0,0,2,,,,,,0,0,,,,,0
60.416915,1779967210.41511,10528,,BS2DCE,,f,0,0,1925,1925,100,1,O,0,0,0,0,2,,,,,,0,0,,,,,0
60.416915,1779967210.41511,10528,,BS2DCE,,f,0,1,2416,2416,100,1,O,0,0,0,0,2,,,,,,0,0,,,,,0
60.416915,1779967210.41511,10528,,BS2DCE,,f,0,2,2289,2289,100,1,O,0,0,0,0,2,,,,,,0,0,,,,,0
60.416915,1779967210.41511,10528,,BS2DCE,,f,0,3,1735,1735,100,1,O,0,0,0,0,2,,,,,,0,0,,,,,0
60.416915,1779967210.41511,10528,,BS2DCE,,f,0,4,1859,1859,100,1,O,0,0,0,0,2,,,,,,0,0,,,,,0
60.416915,1779967210.41511,10528,,BS2DCE,,f,0,5,2507,2507,100,1,O,0,0,0,0,2,,,,,,0,0,,,,,0
60.416915,1779967210.41511,10528,,BS2DCE,,f,0,6,2222,2222,100,1,O,0,0,0,0,2,,,,,,0,0,,,,,0
60.416915,1779967210.41511,10528,,BS2DCE,,f,0,7,1702,1702,100,1,O,0,0,0,0,2,,,,,,0,0,,,,,0
60.482183,1779967210.480378,10529,,BS2DCE,,f,0,0,1966,1966,100,1,O,0,0,0,0,2,,,,,,0,0,,,,,0
60.482183,1779967210.480378,10529,,BS2DCE,,f,0,1,0,2416,95,0,T,0,0,0,0,2,,,,,,0,0,,,,,0
60.482183,1779967210.480378,10529,,BS2DCE,,f,0,2,2235,2235,100,1,O,0,0,0,0,2,,,,,,0,0,,,,,0
60.482183,1779967210.480378,10529,,BS2DCE,,f,0,3,1710,1710,100,1,O,0,0,0,0,2,,,,,,0,0,,,,,0
60.482183,1779967210.480378,10529,,BS2DCE,,f,0,4,1827,1827,100,1,O,0,0,0,0,2,,,,,,0,0,,,,,0
60.482183,1779967210.480378,10529,,BS2DCE,,f,0,5,2344,2344,100,1,O,0,0,0,0,2,,,,,,0,0,,,,,0
60.482183,1779967210.480378,10529,,BS2DCE,,f,0,6,2217,2217,100,1,O,0,0,0,0,2,,,,,,0,0,,,,,0
60.482183,1779967210.480378,10529,,BS2DCE,,f,0,7,1652,1652,100,1,O,0,0,0,0,2,,,,,,0,0,,,,,0
60.572079,1779967210.570274,10530,,BS2DCE,,f,0,0,2023,2023,100,1,O,0,0,0,0,2,,,,,,0,0,,,,,0
60.572079,1779967210.570274,10530,,BS2DCE,,f,0,1,2648,2648,95,1,O,0,0,0,0,2,,,,,,0,0,,,,,0
60.572079,1779967210.570274,10530,,BS2DCE,,f,0,2,2144,2144,100,1,O,0,0,0,0,2,,,,,,0,0,,,,,0
60.572079,1779967210.570274,10530,,BS2DCE,,f,0,3,1649,1649,100,1,O,0,0,0,0,2,,,,,,0,0,,,,,0
60.572079,1779967210.570274,10530,,BS2DCE,,f,0,4,1862,1862,100,1,O,0,0,0,0,2,,,,,,0,0,,,,,0
60.572079,1779967210.570274,10530,,BS2DCE,,f,0,5,2330,2330,100,1,O,0,0,0,0,2,,,,,,0,0,,,,,0
60.572079,1779967210.570274,10530,,BS2DCE,,f,0,6,2168,2168,100,1,O,0,0,0,0,2,,,,,,0,0,,,,,0
60.572079,1779967210.570274,10530,,BS2DCE,,f,0,7,1646,1646,100,1,O,0,0,0,0,2,,,,,,0,0,,,,,0
60.658455,1779967210.65665,10531,,BS2DCE,,f,0,0,2059,2059,100,1,O,0,0,0,0,2,,,,,,0,0,,,,,0
60.658455,1779967210.65665,10531,,BS2DCE,,f,0,1,2632,2632,95,1,O,0,0,0,0,2,,,,,,0,0,,,,,0
60.658455,1779967210.65665,10531,,BS2DCE,,f,0,2,2091,2091,100,1,O,0,0,0,0,2,,,,,,0,0,,,,,0
60.658455,1779967210.65665,10531,,BS2DCE,,f,0,3,1670,1670,100,1,O,0,0,0,0,2,,,,,,0,0,,,,,0
60.658455,1779967210.65665,10531,,BS2DCE,,f,0,4,1923,1923,100,1,O,0,0,0,0,2,,,,,,0,0,,,,,0
60.658455,1779967210.65665,10531,,BS2DCE,,f,0,5,2350,2350,100,1,O,0,0,0,0,2,,,,,,0,0,,,,,0
60.658455,1779967210.65665,10531,,BS2DCE,,f,0,6,2178,2178,100,1,O,0,0,0,0,2,,,,,,0,0,,,,,0
60.658455,1779967210.65665,10531,,BS2DCE,,f,0,7,1693,1693,100,1,O,0,0,0,0,2,,,,,,0,0,,,,,0
60.759752,1779967210.757947,10532,,BS2DCE,,f,0,0,2138,2138,100,1,O,0,0,0,0,2,,,,,,0,0,,,,,0
60.759752,1779967210.757947,10532,,BS2DCE,,f,0,1,2631,2631,95,1,O,0,0,0,0,2,,,,,,0,0,,,,,0
60.759752,1779967210.757947,10532,,BS2DCE,,f,0,2,2009,2009,100,1,O,0,0,0,0,2,,,,,,0,0,,,,,0
60.759752,1779967210.757947,10532,,BS2DCE,,f,0,3,1672,1672,100,1,O,0,0,0,0,2,,,,,,0,0,,,,,0
60.759752,1779967210.757947,10532,,BS2DCE,,f,0,4,1975,1975,100,1,O,0,0,0,0,2,,,,,,0,0,,,,,0
60.759752,1779967210.757947,10532,,BS2DCE,,f,0,5,2435,2435,100,1,O,0,0,0,0,2,,,,,,0,0,,,,,0
60.759752,1779967210.757947,10532,,BS2DCE,,f,0,6,2183,2183,100,1,O,0,0,0,0,2,,,,,,0,0,,,,,0
60.759752,1779967210.757947,10532,,BS2DCE,,f,0,7,1807,1807,100,1,O,0,0,0,0,2,,,,,,0,0,,,,,0
60.857208,1779967210.855403,10533,,BS2DCE,,f,0,0,2280,2280,100,1,O,0,0,0,0,2,,,,,,0,0,,,,,0
60.857208,1779967210.855403,10533,,BS2DCE,,f,0,1,2472,2472,95,1,O,0,0,0,0,2,,,,,,0,0,,,,,0
60.857208,1779967210.855403,10533,,BS2DCE,,f,0,2,2028,2028,100,1,O,0,0,0,0,2,,,,,,0,0,,,,,0
60.857208,1779967210.855403,10533,,BS2DCE,,f,0,3,1599,1599,100,1,O,0,0,0,0,2,,,,,,0,0,,,,,0
60.857208,1779967210.855403,10533,,BS2DCE,,f,0,4,2068,2068,100,1,O,0,0,0,0,2,,,,,,0,0,,,,,0
60.857208,1779967210.855403,10533,,BS2DCE,,f,0,5,2552,2552,100,1,O,0,0,0,0,2,,,,,,0,0,,,,,0
60.857208,1779967210.855403,10533,,BS2DCE,,f,0,6,2174,2174,100,1,O,0,0,0,0,2,,,,,,0,0,,,,,0
60.857208,1779967210.855403,10533,,BS2DCE,,f,0,7,1787,1787,100,1,O,0,0,0,0,2,,,,,,0,0,,,,,0
60.962171,1779967210.960366,10534,,BS2DCE,,f,0,0,2587,2587,100,1,O,0,0,0,0,2,,,,,,0,0,,,,,0
60.962171,1779967210.960366,10534,,BS2DCE,,f,0,1,2499,2499,96,1,O,0,0,0,0,2,,,,,,0,0,,,,,0
60.962171,1779967210.960366,10534,,BS2DCE,,f,0,2,1982,1982,100,1,O,0,0,0,0,2,,,,,,0,0,,,,,0
60.962171,1779967210.960366,10534,,BS2DCE,,f,0,3,1619,1619,100,1,O,0,0,0,0,2,,,,,,0,0,,,,,0
60.962171,1779967210.960366,10534,,BS2DCE,,f,0,4,2108,2108,100,1,O,0,0,0,0,2,,,,,,0,0,,,,,0
60.962171,1779967210.960366,10534,,BS2DCE,,f,0,5,2643,2643,100,1,O,0,0,0,0,2,,,,,,0,0,,,,,0
60.962171,1779967210.960366,10534,,BS2DCE,,f,0,6,2238,2238,100,1,O,0,0,0,0,2,,,,,,0,0,,,,,0
60.962171,1779967210.960366,10534,,BS2DCE,,f,0,7,1807,1807,100,1,O,0,0,0,0,2,,,,,,0,0,,,,,0
61.067055,1779967211.06525,10535,,BS2DCE,,f,0,0,2191,2191,100,1,O,0,0,0,0,2,,,,,,0,0,,,,,0
61.067055,1779967211.06525,10535,,BS2DCE,,f,0,1,2374,2374,96,1,O,0,0,0,0,2,,,,,,0,0,,,,,0
61.067055,1779967211.06525,10535,,BS2DCE,,f,0,2,1987,1987,100,1,O,0,0,0,0,2,,,,,,0,0,,,,,0
61.067055,1779967211.06525,10535,,BS2DCE,,f,0,3,1705,1705,100,1,O,0,0,0,0,2,,,,,,0,0,,,,,0
61.067055,1779967211.06525,10535,,BS2DCE,,f,0,4,2134,2134,100,1,O,0,0,0,0,2,,,,,,0,0,,,,,0
61.067055,1779967211.06525,10535,,BS2DCE,,f,0,5,2703,2703,100,1,O,0,0,0,0,2,,,,,,0,0,,,,,0
61.067055,1779967211.06525,10535,,BS2DCE,,f,0,6,2316,2316,100,1,O,0,0,0,0,2,,,,,,0,0,,,,,0
61.067055,1779967211.06525,10535,,BS2DCE,,f,0,7,1742,1742,100,1,O,0,0,0,0,2,,,,,,0,0,,,,,0
61.20215,1779967211.200345,10536,,BS2DCE,,f,0,0,2221,2221,100,1,O,0,0,0,0,2,,,,,,0,0,,,,,0
61.20215,1779967211.200345,10536,,BS2DCE,,f,0,1,2300,2300,96,1,O,0,0,0,0,2,,,,,,0,0,,,,,0
61.20215,1779967211.200345,10536,,BS2DCE,,f,0,2,2000,2000,100,1,O,0,0,0,0,2,,,,,,0,0,,,,,0
61.20215,1779967211.200345,10536,,BS2DCE,,f,0,3,1863,1863,100,1,O,0,0,0,0,2,,,,,,0,0,,,,,0
61.20215,1779967211.200345,10536,,BS2DCE,,f,0,4,2143,2143,100,1,O,0,0,0,0,2,,,,,,0,0,,,,,0
61.20215,1779967211.200345,10536,,BS2DCE,,f,0,5,2710,2710,100,1,O,0,0,0,0,2,,,,,,0,0,,,,,0
61.20215,1779967211.200345,10536,,BS2DCE,,f,0,6,2275,2275,100,1,O,0,0,0,0,2,,,,,,0,0,,,,,0
61.20215,1779967211.200345,10536,,BS2DCE,,f,0,7,1800,1800,100,1,O,0,0,0,0,2,,,,,,0,0,,,,,0
61.254572,1779967211.252767,10537,,BS2DCE,,f,0,0,2146,2146,100,1,O,0,0,0,0,2,,,,,,0,0,,,,,0
61.254572,1779967211.252767,10537,,BS2DCE,,f,0,1,2330,2330,96,1,O,0,0,0,0,2,,,,,,0,0,,,,,0
61.254572,1779967211.252767,10537,,BS2DCE,,f,0,2,1883,1883,100,1,O,0,0,0,0,2,,,,,,0,0,,,,,0
61.254572,1779967211.252767,10537,,BS2DCE,,f,0,3,1854,1854,100,1,O,0,0,0,0,2,,,,,,0,0,,,,,0
61.254572,1779967211.252767,10537,,BS2DCE,,f,0,4,2191,2191,100,1,O,0,0,0,0,2,,,,,,0,0,,,,,0
61.254572,1779967211.252767,10537,,BS2DCE,,f,0,5,2622,2622,100,1,O,0,0,0,0,2,,,,,,0,0,,,,,0
61.254572,1779967211.252767,10537,,BS2DCE,,f,0,6,2384,2384,100,1,O,0,0,0,0,2,,,,,,0,0,,,,,0
61.254572,1779967211.252767,10537,,BS2DCE,,f,0,7,1853,1853,100,1,O,0,0,0,0,2,,,,,,0,0,,,,,0
61.453421,1779967211.451616,10538,,BS2DCE,,f,0,0,2188,2188,100,1,O,0,0,0,0,2,,,,,,0,0,,,,,0
61.453421,1779967211.451616,10538,,BS2DCE,,f,0,1,2307,2307,96,1,O,0,0,0,0,2,,,,,,0,0,,,,,0
61.453421,1779967211.451616,10538,,BS2DCE,,f,0,2,1897,1897,100,1,O,0,0,0,0,2,,,,,,0,0,,,,,0
61.453421,1779967211.451616,10538,,BS2DCE,,f,0,3,1822,1822,100,1,O,0,0,0,0,2,,,,,,0,0,,,,,0
61.453421,1779967211.451616,10538,,BS2DCE,,f,0,4,2249,2249,100,1,O,0,0,0,0,2,,,,,,0,0,,,,,0
61.453421,1779967211.451616,10538,,BS2DCE,,f,0,5,2532,2532,100,1,O,0,0,0,0,2,,,,,,0,0,,,,,0
61.453421,1779967211.451616,10538,,BS2DCE,,f,0,6,2303,2303,100,1,O,0,0,0,0,2,,,,,,0,0,,,,,0
61.453421,1779967211.451616,10538,,BS2DCE,,f,0,7,1767,1767,100,1,O,0,0,0,0,2,,,,,,0,0,,,,,0
61.457755,1779967211.45595,10539,,BS2DCE,,f,0,0,2253,2253,100,1,O,0,0,0,0,2,,,,,,0,0,,,,,0
61.457755,1779967211.45595,10539,,BS2DCE,,f,0,1,2199,2199,96,1,O,0,0,0,0,2,,,,,,0,0,,,,,0
61.457755,1779967211.45595,10539,,BS2DCE,,f,0,2,1790,1790,100,1,O,0,0,0,0,2,,,,,,0,0,,,,,0
61.457755,1779967211.45595,10539,,BS2DCE,,f,0,3,1804,1804,100,1,O,0,0,0,0,2,,,,,,0,0,,,,,0
61.457755,1779967211.45595,10539,,BS2DCE,,f,0,4,2192,2192,100,1,O,0,0,0,0,2,,,,,,0,0,,,,,0
61.457755,1779967211.45595,10539,,BS2DCE,,f,0,5,2474,2474,100,1,O,0,0,0,0,2,,,,,,0,0,,,,,0
61.457755,1779967211.45595,10539,,BS2DCE,,f,0,6,2202,2202,100,1,O,0,0,0,0,2,,,,,,0,0,,,,,0
61.457755,1779967211.45595,10539,,BS2DCE,,f,0,7,1779,1779,100,1,O,0,0,0,0,2,,,,,,0,0,,,,,0
61.577183,1779967211.575378,10540,,BS2DCE,,f,0,0,2143,2143,100,1,O,0,0,0,0,2,,,,,,0,0,,,,,0
61.577183,1779967211.575378,10540,,BS2DCE,,f,0,1,2220,2220,96,1,O,0,0,0,0,2,,,,,,0,0,,,,,0
61.577183,1779967211.575378,10540,,BS2DCE,,f,0,2,1812,1812,100,1,O,0,0,0,0,2,,,,,,0,0,,,,,0
61.577183,1779967211.575378,10540,,BS2DCE,,f,0,3,1840,1840,100,1,O,0,0,0,0,2,,,,,,0,0,,,,,0
61.577183,1779967211.575378,10540,,BS2DCE,,f,0,4,2248,2248,100,1,O,0,0,0,0,2,,,,,,0,0,,,,,0
61.577183,1779967211.575378,10540,,BS2DCE,,f,0,5,2367,2367,100,1,O,0,0,0,0,2,,,,,,0,0,,,,,0
61.577183,1779967211.575378,10540,,BS2DCE,,f,0,6,2203,2203,100,1,O,0,0,0,0,2,,,,,,0,0,,,,,0
61.577183,1779967211.575378,10540,,BS2DCE,,f,0,7,1759,1759,100,1,O,0,0,0,0,2,,,,,,0,0,,,,,0
61.67245,1779967211.670645,10541,,BS2DCE,,f,0,0,2225,2225,100,1,O,0,0,0,0,2,,,,,,0,0,,,,,0
61.67245,1779967211.670645,10541,,BS2DCE,,f,0,1,2232,2232,96,1,O,0,0,0,0,2,,,,,,0,0,,,,,0
61.67245,1779967211.670645,10541,,BS2DCE,,f,0,2,1719,1719,100,1,O,0,0,0,0,2,,,,,,0,0,,,,,0
61.67245,1779967211.670645,10541,,BS2DCE,,f,0,3,1848,1848,100,1,O,0,0,0,0,2,,,,,,0,0,,,,,0
61.67245,1779967211.670645,10541,,BS2DCE,,f,0,4,2294,2294,100,1,O,0,0,0,0,2,,,,,,0,0,,,,,0
61.67245,1779967211.670645,10541,,BS2DCE,,f,0,5,2305,2305,100,1,O,0,0,0,0,2,,,,,,0,0,,,,,0
61.67245,1779967211.670645,10541,,BS2DCE,,f,0,6,2085,2085,100,1,O,0,0,0,0,2,,,,,,0,0,,,,,0
61.67245,1779967211.670645,10541,,BS2DCE,,f,0,7,1894,1894,100,1,O,0,0,0,0,2,,,,,,0,0,,,,,0
61.772184,1779967211.770379,10542,,BS2DCE,,f,0,0,2216,2216,100,1,O,0,0,0,0,2,,,,,,0,0,,,,,0
61.772184,1779967211.770379,10542,,BS2DCE,,f,0,1,2175,2175,100,1,O,0,0,0,0,2,,,,,,0,0,,,,,0
61.772184,1779967211.770379,10542,,BS2DCE,,f,0,2,1765,1765,100,1,O,0,0,0,0,2,,,,,,0,0,,,,,0
61.772184,1779967211.770379,10542,,BS2DCE,,f,0,3,1883,1883,100,1,O,0,0,0,0,2,,,,,,0,0,,,,,0
61.772184,1779967211.770379,10542,,BS2DCE,,f,0,4,2343,2343,100,1,O,0,0,0,0,2,,,,,,0,0,,,,,0
61.772184,1779967211.770379,10542,,BS2DCE,,f,0,5,2324,2324,100,1,O,0,0,0,0,2,,,,,,0,0,,,,,0
61.772184,1779967211.770379,10542,,BS2DCE,,f,0,6,2015,2015,100,1,O,0,0,0,0,2,,,,,,0,0,,,,,0
61.772184,1779967211.770379,10542,,BS2DCE,,f,0,7,1887,1887,100,1,O,0,0,0,0,2,,,,,,0,0,,,,,0
61.854676,1779967211.852871,10543,,BS2DCE,,f,0,0,2303,2303,100,1,O,0,0,0,0,2,,,,,,0,0,,,,,0
61.854676,1779967211.852871,10543,,BS2DCE,,f,0,1,2196,2196,100,1,O,0,0,0,0,2,,,,,,0,0,,,,,0
61.854676,1779967211.852871,10543,,BS2DCE,,f,0,2,1662,1662,100,1,O,0,0,0,0,2,,,,,,0,0,,,,,0
61.854676,1779967211.852871,10543,,BS2DCE,,f,0,3,1880,1880,100,1,O,0,0,0,0,2,,,,,,0,0,,,,,0
61.854676,1779967211.852871,10543,,BS2DCE,,f,0,4,2346,2346,100,1,O,0,0,0,0,2,,,,,,0,0,,,,,0
61.854676,1779967211.852871,10543,,BS2DCE,,f,0,5,2290,2290,100,1,O,0,0,0,0,2,,,,,,0,0,,,,,0
61.854676,1779967211.852871,10543,,BS2DCE,,f,0,6,1998,1998,100,1,O,0,0,0,0,2,,,,,,0,0,,,,,0
61.854676,1779967211.852871,10543,,BS2DCE,,f,0,7,1879,1879,100,1,O,0,0,0,0,2,,,,,,0,0,,,,,0
61.960142,1779967211.958337,10544,,BS2DCE,,f,0,0,2231,2231,100,1,O,0,0,0,0,2,,,,,,0,0,,,,,0
61.960142,1779967211.958337,10544,,BS2DCE,,f,0,1,2153,2153,100,1,O,0,0,0,0,2,,,,,,0,0,,,,,0
61.960142,1779967211.958337,10544,,BS2DCE,,f,0,2,1602,1602,100,1,O,0,0,0,0,2,,,,,,0,0,,,,,0
61.960142,1779967211.958337,10544,,BS2DCE,,f,0,3,1843,1843,100,1,O,0,0,0,0,2,,,,,,0,0,,,,,0
61.960142,1779967211.958337,10544,,BS2DCE,,f,0,4,2322,2322,100,1,O,0,0,0,0,2,,,,,,0,0,,,,,0
61.960142,1779967211.958337,10544,,BS2DCE,,f,0,5,2365,2365,100,1,O,0,0,0,0,2,,,,,,0,0,,,,,0
61.960142,1779967211.958337,10544,,BS2DCE,,f,0,6,1910,1910,100,1,O,0,0,0,0,2,,,,,,0,0,,,,,0
61.960142,1779967211.958337,10544,,BS2DCE,,f,0,7,1890,1890,100,1,O,0,0,0,0,2,,,,,,0,0,,,,,0
62.05722,1779967212.055415,10545,,BS2DCE,,f,0,0,2242,2242,100,1,O,0,0,0,0,2,,,,,,0,0,,,,,0
62.05722,1779967212.055415,10545,,BS2DCE,,f,0,1,2138,2138,100,1,O,0,0,0,0,2,,,,,,0,0,,,,,0
62.05722,1779967212.055415,10545,,BS2DCE,,f,0,2,1575,1575,100,1,O,0,0,0,0,2,,,,,,0,0,,,,,0
62.05722,1779967212.055415,10545,,BS2DCE,,f,0,3,1886,1886,100,1,O,0,0,0,0,2,,,,,,0,0,,,,,0
62.05722,1779967212.055415,10545,,BS2DCE,,f,0,4,2353,2353,100,1,O,0,0,0,0,2,,,,,,0,0,,,,,0
62.05722,1779967212.055415,10545,,BS2DCE,,f,0,5,2274,2274,100,1,O,0,0,0,0,2,,,,,,0,0,,,,,0
62.05722,1779967212.055415,10545,,BS2DCE,,f,0,6,1904,1904,100,1,O,0,0,0,0,2,,,,,,0,0,,,,,0
62.05722,1779967212.055415,10545,,BS2DCE,,f,0,7,1899,1899,100,1,O,0,0,0,0,2,,,,,,0,0,,,,,0
62.162118,1779967212.160313,10546,,BS2DCE,,f,0,0,2310,2310,100,1,O,0,0,0,0,2,,,,,,0,0,,,,,0
62.162118,1779967212.160313,10546,,BS2DCE,,f,0,1,2158,2158,100,1,O,0,0,0,0,2,,,,,,0,0,,,,,0
62.162118,1779967212.160313,10546,,BS2DCE,,f,0,2,1588,1588,100,1,O,0,0,0,0,2,,,,,,0,0,,,,,0
62.162118,1779967212.160313,10546,,BS2DCE,,f,0,3,1895,1895,100,1,O,0,0,0,0,2,,,,,,0,0,,,,,0
62.162118,1779967212.160313,10546,,BS2DCE,,f,0,4,2424,2424,100,1,O,0,0,0,0,2,,,,,,0,0,,,,,0
62.162118,1779967212.160313,10546,,BS2DCE,,f,0,5,2282,2282,100,1,O,0,0,0,0,2,,,,,,0,0,,,,,0
62.162118,1779967212.160313,10546,,BS2DCE,,f,0,6,1769,1769,100,1,O,0,0,0,0,2,,,,,,0,0,,,,,0
62.162118,1779967212.160313,10546,,BS2DCE,,f,0,7,1871,1871,100,1,O,0,0,0,0,2,,,,,,0,0,,,,,0
62.282245,1779967212.28044,10547,,BS2DCE,,f,0,0,2324,2324,100,1,O,0,0,0,0,2,,,,,,0,0,,,,,0
62.282245,1779967212.28044,10547,,BS2DCE,,f,0,1,2057,2057,100,1,O,0,0,0,0,2,,,,,,0,0,,,,,0
62.282245,1779967212.28044,10547,,BS2DCE,,f,0,2,1588,1588,100,1,O,0,0,0,0,2,,,,,,0,0,,,,,0
62.282245,1779967212.28044,10547,,BS2DCE,,f,0,3,1899,1899,100,1,O,0,0,0,0,2,,,,,,0,0,,,,,0
62.282245,1779967212.28044,10547,,BS2DCE,,f,0,4,2487,2487,100,1,O,0,0,0,0,2,,,,,,0,0,,,,,0
62.282245,1779967212.28044,10547,,BS2DCE,,f,0,5,2270,2270,100,1,O,0,0,0,0,2,,,,,,0,0,,,,,0
62.282245,1779967212.28044,10547,,BS2DCE,,f,0,6,1817,1817,100,1,O,0,0,0,0,2,,,,,,0,0,,,,,0
62.282245,1779967212.28044,10547,,BS2DCE,,f,0,7,2008,2008,100,1,O,0,0,0,0,2,,,,,,0,0,,,,,0
62.419281,1779967212.417476,10548,,BS2DCE,,f,0,0,2307,2307,100,1,O,0,0,0,0,2,,,,,,0,0,,,,,0
62.419281,1779967212.417476,10548,,BS2DCE,,f,0,1,2062,2062,100,1,O,0,0,0,0,2,,,,,,0,0,,,,,0
62.419281,1779967212.417476,10548,,BS2DCE,,f,0,2,1508,1508,100,1,O,0,0,0,0,2,,,,,,0,0,,,,,0
62.419281,1779967212.417476,10548,,BS2DCE,,f,0,3,1932,1932,100,1,O,0,0,0,0,2,,,,,,0,0,,,,,0
62.419281,1779967212.417476,10548,,BS2DCE,,f,0,4,2453,2453,100,1,O,0,0,0,0,2,,,,,,0,0,,,,,0
62.419281,1779967212.417476,10548,,BS2DCE,,f,0,5,2196,2196,100,1,O,0,0,0,0,2,,,,,,0,0,,,,,0
62.419281,1779967212.417476,10548,,BS2DCE,,f,0,6,1814,1814,100,1,O,0,0,0,0,2,,,,,,0,0,,,,,0
62.419281,1779967212.417476,10548,,BS2DCE,,f,0,7,1977,1977,100,1,O,0,0,0,0,2,,,,,,0,0,,,,,0
62.45455,1779967212.452745,10549,,BS2DCE,,f,0,0,2361,2361,100,1,O,0,0,0,0,2,,,,,,0,0,,,,,0
62.45455,1779967212.452745,10549,,BS2DCE,,f,0,1,2015,2015,100,1,O,0,0,0,0,2,,,,,,0,0,,,,,0
62.45455,1779967212.452745,10549,,BS2DCE,,f,0,2,1513,1513,100,1,O,0,0,0,0,2,,,,,,0,0,,,,,0
62.45455,1779967212.452745,10549,,BS2DCE,,f,0,3,1956,1956,100,1,O,0,0,0,0,2,,,,,,0,0,,,,,0
62.45455,1779967212.452745,10549,,BS2DCE,,f,0,4,2522,2522,100,1,O,0,0,0,0,2,,,,,,0,0,,,,,0
62.45455,1779967212.452745,10549,,BS2DCE,,f,0,5,2212,2212,100,1,O,0,0,0,0,2,,,,,,0,0,,,,,0
62.45455,1779967212.452745,10549,,BS2DCE,,f,0,6,1791,1791,100,1,O,0,0,0,0,2,,,,,,0,0,,,,,0
62.45455,1779967212.452745,10549,,BS2DCE,,f,0,7,1913,1913,100,1,O,0,0,0,0,2,,,,,,0,0,,,,,0
62.574457,1779967212.572652,10550,,BS2DCE,,f,0,0,2407,2407,100,1,O,0,0,0,0,2,,,,,,0,0,,,,,0
62.574457,1779967212.572652,10550,,BS2DCE,,f,0,1,2087,2087,100,1,O,0,0,0,0,2,,,,,,0,0,,,,,0
62.574457,1779967212.572652,10550,,BS2DCE,,f,0,2,1456,1456,100,1,O,0,0,0,0,2,,,,,,0,0,,,,,0
62.574457,1779967212.572652,10550,,BS2DCE,,f,0,3,1990,1990,100,1,O,0,0,0,0,2,,,,,,0,0,,,,,0
62.574457,1779967212.572652,10550,,BS2DCE,,f,0,4,2542,2542,100,1,O,0,0,0,0,2,,,,,,0,0,,,,,0
62.574457,1779967212.572652,10550,,BS2DCE,,f,0,5,2257,2257,100,1,O,0,0,0,0,2,,,,,,0,0,,,,,0
62.574457,1779967212.572652,10550,,BS2DCE,,f,0,6,1766,1766,100,1,O,0,0,0,0,2,,,,,,0,0,,,,,0
62.574457,1779967212.572652,10550,,BS2DCE,,f,0,7,2065,2065,100,1,O,0,0,0,0,2,,,,,,0,0,,,,,0
62.687442,1779967212.685637,10551,,BS2DCE,,f,0,0,2407,2407,100,1,O,0,0,0,0,2,,,,,,0,0,,,,,0
62.687442,1779967212.685637,10551,,BS2DCE,,f,0,1,2062,2062,100,1,O,0,0,0,0,2,,,,,,0,0,,,,,0
62.687442,1779967212.685637,10551,,BS2DCE,,f,0,2,1467,1467,100,1,O,0,0,0,0,2,,,,,,0,0,,,,,0
62.687442,1779967212.685637,10551,,BS2DCE,,f,0,3,1966,1966,100,1,O,0,0,0,0,2,,,,,,0,0,,,,,0
62.687442,1779967212.685637,10551,,BS2DCE,,f,0,4,2480,2480,100,1,O,0,0,0,0,2,,,,,,0,0,,,,,0
62.687442,1779967212.685637,10551,,BS2DCE,,f,0,5,2247,2247,100,1,O,0,0,0,0,2,,,,,,0,0,,,,,0
62.687442,1779967212.685637,10551,,BS2DCE,,f,0,6,1756,1756,100,1,O,0,0,0,0,2,,,,,,0,0,,,,,0
62.687442,1779967212.685637,10551,,BS2DCE,,f,0,7,2107,2107,100,1,O,0,0,0,0,2,,,,,,0,0,,,,,0
62.762146,1779967212.760341,10552,,BS2DCE,,f,0,0,2421,2421,100,1,O,0,0,0,0,2,,,,,,0,0,,,,,0
62.762146,1779967212.760341,10552,,BS2DCE,,f,0,1,1981,1981,100,1,O,0,0,0,0,2,,,,,,0,0,,,,,0
62.762146,1779967212.760341,10552,,BS2DCE,,f,0,2,1460,1460,100,1,O,0,0,0,0,2,,,,,,0,0,,,,,0
62.762146,1779967212.760341,10552,,BS2DCE,,f,0,3,2010,2010,100,1,O,0,0,0,0,2,,,,,,0,0,,,,,0
62.762146,1779967212.760341,10552,,BS2DCE,,f,0,4,2531,2531,100,1,O,0,0,0,0,2,,,,,,0,0,,,,,0
62.762146,1779967212.760341,10552,,BS2DCE,,f,0,5,2218,2218,100,1,O,0,0,0,0,2,,,,,,0,0,,,,,0
62.762146,1779967212.760341,10552,,BS2DCE,,f,0,6,1775,1775,100,1,O,0,0,0,0,2,,,,,,0,0,,,,,0
62.762146,1779967212.760341,10552,,BS2DCE,,f,0,7,2054,2054,100,1,O,0,0,0,0,2,,,,,,0,0,,,,,0
62.867019,1779967212.865214,10553,,BS2DCE,,f,0,0,2400,2400,100,1,O,0,0,0,0,2,,,,,,0,0,,,,,0
62.867019,1779967212.865214,10553,,BS2DCE,,f,0,1,2041,2041,100,1,O,0,0,0,0,2,,,,,,0,0,,,,,0
62.867019,1779967212.865214,10553,,BS2DCE,,f,0,2,1392,1392,100,1,O,0,0,0,0,2,,,,,,0,0,,,,,0
62.867019,1779967212.865214,10553,,BS2DCE,,f,0,3,2086,2086,100,1,O,0,0,0,0,2,,,,,,0,0,,,,,0
62.867019,1779967212.865214,10553,,BS2DCE,,f,0,4,2556,2556,100,1,O,0,0,0,0,2,,,,,,0,0,,,,,0
62.867019,1779967212.865214,10553,,BS2DCE,,f,0,5,2033,2033,100,1,O,0,0,0,0,2,,,,,,0,0,,,,,0
62.867019,1779967212.865214,10553,,BS2DCE,,f,0,6,1702,1702,100,1,O,0,0,0,0,2,,,,,,0,0,,,,,0
62.867019,1779967212.865214,10553,,BS2DCE,,f,0,7,2102,2102,100,1,O,0,0,0,0,2,,,,,,0,0,,,,,0
63.001999,1779967213.000194,10554,,BS2DCE,,f,0,0,2449,2449,100,1,O,0,0,0,0,2,,,,,,0,0,,,,,0
63.001999,1779967213.000194,10554,,BS2DCE,,f,0,1,2038,2038,100,1,O,0,0,0,0,2,,,,,,0,0,,,,,0
63.001999,1779967213.000194,10554,,BS2DCE,,f,0,2,1475,1475,100,1,O,0,0,0,0,2,,,,,,0,0,,,,,0
63.001999,1779967213.000194,10554,,BS2DCE,,f,0,3,2071,2071,100,1,O,0,0,0,0,2,,,,,,0,0,,,,,0
63.001999,1779967213.000194,10554,,BS2DCE,,f,0,4,2527,2527,100,1,O,0,0,0,0,2,,,,,,0,0,,,,,0
63.001999,1779967213.000194,10554,,BS2DCE,,f,0,5,2027,2027,100,1,O,0,0,0,0,2,,,,,,0,0,,,,,0
63.001999,1779967213.000194,10554,,BS2DCE,,f,0,6,1635,1635,100,1,O,0,0,0,0,2,,,,,,0,0,,,,,0
63.001999,1779967213.000194,10554,,BS2DCE,,f,0,7,2204,2204,100,1,O,0,0,0,0,2,,,,,,0,0,,,,,0
63.054625,1779967213.05282,10555,,BS2DCE,,f,0,0,2550,2550,100,1,O,0,0,0,0,2,,,,,,0,0,,,,,0
63.054625,1779967213.05282,10555,,BS2DCE,,f,0,1,2092,2092,100,1,O,0,0,0,0,2,,,,,,0,0,,,,,0
63.054625,1779967213.05282,10555,,BS2DCE,,f,0,2,1466,1466,100,1,O,0,0,0,0,2,,,,,,0,0,,,,,0
63.054625,1779967213.05282,10555,,BS2DCE,,f,0,3,2053,2053,100,1,O,0,0,0,0,2,,,,,,0,0,,,,,0
63.054625,1779967213.05282,10555,,BS2DCE,,f,0,4,2667,2667,100,1,O,0,0,0,0,2,,,,,,0,0,,,,,0
63.054625,1779967213.05282,10555,,BS2DCE,,f,0,5,1994,1994,100,1,O,0,0,0,0,2,,,,,,0,0,,,,,0
63.054625,1779967213.05282,10555,,BS2DCE,,f,0,6,1640,1640,100,1,O,0,0,0,0,2,,,,,,0,0,,,,,0
63.054625,1779967213.05282,10555,,BS2DCE,,f,0,7,2184,2184,100,1,O,0,0,0,0,2,,,,,,0,0,,,,,0
63.159559,1779967213.157754,10556,,BS2DCE,,f,0,0,2558,2558,100,1,O,0,0,0,0,2,,,,,,0,0,,,,,0
63.159559,1779967213.157754,10556,,BS2DCE,,f,0,1,2007,2007,100,1,O,0,0,0,0,2,,,,,,0,0,,,,,0
63.159559,1779967213.157754,10556,,BS2DCE,,f,0,2,1519,1519,100,1,O,0,0,0,0,2,,,,,,0,0,,,,,0
63.159559,1779967213.157754,10556,,BS2DCE,,f,0,3,2185,2185,100,1,O,0,0,0,0,2,,,,,,0,0,,,,,0
63.159559,1779967213.157754,10556,,BS2DCE,,f,0,4,2576,2576,100,1,O,0,0,0,0,2,,,,,,0,0,,,,,0
63.159559,1779967213.157754,10556,,BS2DCE,,f,0,5,2094,2094,100,1,O,0,0,0,0,2,,,,,,0,0,,,,,0
63.159559,1779967213.157754,10556,,BS2DCE,,f,0,6,1625,1625,100,1,O,0,0,0,0,2,,,,,,0,0,,,,,0
63.159559,1779967213.157754,10556,,BS2DCE,,f,0,7,2273,2273,100,1,O,0,0,0,0,2,,,,,,0,0,,,,,0
63.257176,1779967213.255371,10557,,BS2DCE,,f,0,0,2565,2565,100,1,O,0,0,0,0,2,,,,,,0,0,,,,,0
63.257176,1779967213.255371,10557,,BS2DCE,,f,0,1,2449,2449,100,1,O,0,0,0,0,2,,,,,,0,0,,,,,0
63.257176,1779967213.255371,10557,,BS2DCE,,f,0,2,1570,1570,100,1,O,0,0,0,0,2,,,,,,0,0,,,,,0
63.257176,1779967213.255371,10557,,BS2DCE,,f,0,3,2225,2225,100,1,O,0,0,0,0,2,,,,,,0,0,,,,,0
63.257176,1779967213.255371,10557,,BS2DCE,,f,0,4,3300,3300,100,1,O,0,0,0,0,2,,,,,,0,0,,,,,0
63.257176,1779967213.255371,10557,,BS2DCE,,f,0,5,2102,2102,100,1,O,0,0,0,0,2,,,,,,0,0,,,,,0
63.257176,1779967213.255371,10557,,BS2DCE,,f,0,6,1634,1634,100,1,O,0,0,0,0,2,,,,,,0,0,,,,,0
63.257176,1779967213.255371,10557,,BS2DCE,,f,0,7,2233,2233,100,1,O,0,0,0,0,2,,,,,,0,0,,,,,0
63.425343,1779967213.423538,10558,,BS2DCE,,f,0,0,2625,2625,100,1,O,0,0,0,0,2,,,,,,0,0,,,,,0
63.425343,1779967213.423538,10558,,BS2DCE,,f,0,1,2308,2308,100,1,O,0,0,0,0,2,,,,,,0,0,,,,,0
63.425343,1779967213.423538,10558,,BS2DCE,,f,0,2,1660,1660,100,1,O,0,0,0,0,2,,,,,,0,0,,,,,0
63.425343,1779967213.423538,10558,,BS2DCE,,f,0,3,2191,2191,100,1,O,0,0,0,0,2,,,,,,0,0,,,,,0
63.425343,1779967213.423538,10558,,BS2DCE,,f,0,4,2700,2700,100,1,O,0,0,0,0,2,,,,,,0,0,,,,,0
63.425343,1779967213.423538,10558,,BS2DCE,,f,0,5,2032,2032,100,1,O,0,0,0,0,2,,,,,,0,0,,,,,0
63.425343,1779967213.423538,10558,,BS2DCE,,f,0,6,1625,1625,100,1,O,0,0,0,0,2,,,,,,0,0,,,,,0
63.425343,1779967213.423538,10558,,BS2DCE,,f,0,7,2255,2255,100,1,O,0,0,0,0,2,,,,,,0,0,,,,,0
63.467098,1779967213.465293,10559,,BS2DCE,,f,0,0,2674,2674,100,1,O,0,0,0,0,2,,,,,,0,0,,,,,0
63.467098,1779967213.465293,10559,,BS2DCE,,f,0,1,2105,2105,100,1,O,0,0,0,0,2,,,,,,0,0,,,,,0
63.467098,1779967213.465293,10559,,BS2DCE,,f,0,2,1583,1583,100,1,O,0,0,0,0,2,,,,,,0,0,,,,,0
63.467098,1779967213.465293,10559,,BS2DCE,,f,0,3,2279,2279,100,1,O,0,0,0,0,2,,,,,,0,0,,,,,0
63.467098,1779967213.465293,10559,,BS2DCE,,f,0,4,2656,2656,100,1,O,0,0,0,0,2,,,,,,0,0,,,,,0
63.467098,1779967213.465293,10559,,BS2DCE,,f,0,5,1776,1776,100,1,O,0,0,0,0,2,,,,,,0,0,,,,,0
63.467098,1779967213.465293,10559,,BS2DCE,,f,0,6,1632,1632,100,1,O,0,0,0,0,2,,,,,,0,0,,,,,0
63.467098,1779967213.465293,10559,,BS2DCE,,f,0,7,2255,2255,100,1,O,0,0,0,0,2,,,,,,0,0,,,,,0
63.571976,1779967213.570171,10560,,BS2DCE,,f,0,0,2706,2706,100,1,O,0,0,0,0,2,,,,,,0,0,,,,,0
63.571976,1779967213.570171,10560,,BS2DCE,,f,0,1,1966,1966,100,1,O,0,0,0,0,2,,,,,,0,0,,,,,0
63.571976,1779967213.570171,10560,,BS2DCE,,f,0,2,1539,1539,100,1,O,0,0,0,0,2,,,,,,0,0,,,,,0
63.571976,1779967213.570171,10560,,BS2DCE,,f,0,3,2231,2231,100,1,O,0,0,0,0,2,,,,,,0,0,,,,,0
63.571976,1779967213.570171,10560,,BS2DCE,,f,0,4,2624,2624,100,1,O,0,0,0,0,2,,,,,,0,0,,,,,0
63.571976,1779967213.570171,10560,,BS2DCE,,f,0,5,1925,1925,100,1,O,0,0,0,0,2,,,,,,0,0,,,,,0
63.571976,1779967213.570171,10560,,BS2DCE,,f,0,6,0,1632,94,0,T,0,0,0,0,2,,,,,,0,0,,,,,0
63.571976,1779967213.570171,10560,,BS2DCE,,f,0,7,2220,2220,100,1,O,0,0,0,0,2,,,,,,0,0,,,,,0
63.654592,1779967213.652787,10561,,BS2DCE,,f,0,0,2871,2871,100,1,O,0,0,0,0,2,,,,,,0,0,,,,,0
63.654592,1779967213.652787,10561,,BS2DCE,,f,0,1,1900,1900,100,1,O,0,0,0,0,2,,,,,,0,0,,,,,0
63.654592,1779967213.652787,10561,,BS2DCE,,f,0,2,1517,1517,100,1,O,0,0,0,0,2,,,,,,0,0,,,,,0
63.654592,1779967213.652787,10561,,BS2DCE,,f,0,3,2350,2350,100,1,O,0,0,0,0,2,,,,,,0,0,,,,,0
63.654592,1779967213.652787,10561,,BS2DCE,,f,0,4,2510,2510,100,1,O,0,0,0,0,2,,,,,,0,0,,,,,0
63.654592,1779967213.652787,10561,,BS2DCE,,f,0,5,1754,1754,100,1,O,0,0,0,0,2,,,,,,0,0,,,,,0
63.654592,1779967213.652787,10561,,BS2DCE,,f,0,6,1553,1553,95,1,O,0,0,0,0,2,,,,,,0,0,,,,,0
63.654592,1779967213.652787,10561,,BS2DCE,,f,0,7,2200,2200,100,1,O,0,0,0,0,2,,,,,,0,0,,,,,0
63.759961,1779967213.758156,10562,,BS2DCE,,f,0,0,2986,2986,100,1,O,0,0,0,0,2,,,,,,0,0,,,,,0
63.759961,1779967213.758156,10562,,BS2DCE,,f,0,1,1844,1844,100,1,O,0,0,0,0,2,,,,,,0,0,,,,,0
63.759961,1779967213.758156,10562,,BS2DCE,,f,0,2,1624,1624,100,1,O,0,0,0,0,2,,,,,,0,0,,,,,0
63.759961,1779967213.758156,10562,,BS2DCE,,f,0,3,2344,2344,100,1,O,0,0,0,0,2,,,,,,0,0,,,,,0
63.759961,1779967213.758156,10562,,BS2DCE,,f,0,4,2434,2434,100,1,O,0,0,0,0,2,,,,,,0,0,,,,,0
63.759961,1779967213.758156,10562,,BS2DCE,,f,0,5,1774,1774,100,1,O,0,0,0,0,2,,,,,,0,0,,,,,0
63.759961,1779967213.758156,10562,,BS2DCE,,f,0,6,1602,1602,95,1,O,0,0,0,0,2,,,,,,0,0,,,,,0
63.759961,1779967213.758156,10562,,BS2DCE,,f,0,7,2295,2295,100,1,O,0,0,0,0,2,,,,,,0,0,,,,,0
63.857035,1779967213.85523,10563,,BS2DCE,,f,0,0,2720,2720,100,1,O,0,0,0,0,2,,,,,,0,0,,,,,0
63.857035,1779967213.85523,10563,,BS2DCE,,f,0,1,1869,1869,100,1,O,0,0,0,0,2,,,,,,0,0,,,,,0
63.857035,1779967213.85523,10563,,BS2DCE,,f,0,2,1605,1605,100,1,O,0,0,0,0,2,,,,,,0,0,,,,,0
63.857035,1779967213.85523,10563,,BS2DCE,,f,0,3,2386,2386,100,1,O,0,0,0,0,2,,,,,,0,0,,,,,0
63.857035,1779967213.85523,10563,,BS2DCE,,f,0,4,2416,2416,100,1,O,0,0,0,0,2,,,,,,0,0,,,,,0
63.857035,1779967213.85523,10563,,BS2DCE,,f,0,5,1715,1715,100,1,O,0,0,0,0,2,,,,,,0,0,,,,,0
63.857035,1779967213.85523,10563,,BS2DCE,,f,0,6,1565,1565,95,1,O,0,0,0,0,2,,,,,,0,0,,,,,0
63.857035,1779967213.85523,10563,,BS2DCE,,f,0,7,2312,2312,100,1,O,0,0,0,0,2,,,,,,0,0,,,,,0
63.962014,1779967213.960209,10564,,BS2DCE,,f,0,0,2708,2708,100,1,O,0,0,0,0,2,,,,,,0,0,,,,,0
63.962014,1779967213.960209,10564,,BS2DCE,,f,0,1,1827,1827,100,1,O,0,0,0,0,2,,,,,,0,0,,,,,0
63.962014,1779967213.960209,10564,,BS2DCE,,f,0,2,1711,1711,100,1,O,0,0,0,0,2,,,,,,0,0,,,,,0
63.962014,1779967213.960209,10564,,BS2DCE,,f,0,3,2427,2427,100,1,O,0,0,0,0,2,,,,,,0,0,,,,,0
63.962014,1779967213.960209,10564,,BS2DCE,,f,0,4,2414,2414,100,1,O,0,0,0,0,2,,,,,,0,0,,,,,0
63.962014,1779967213.960209,10564,,BS2DCE,,f,0,5,1596,1596,100,1,O,0,0,0,0,2,,,,,,0,0,,,,,0
63.962014,1779967213.960209,10564,,BS2DCE,,f,0,6,1633,1633,95,1,O,0,0,0,0,2,,,,,,0,0,,,,,0
63.962014,1779967213.960209,10564,,BS2DCE,,f,0,7,2335,2335,100,1,O,0,0,0,0,2,,,,,,0,0,,,,,0
64.082247,1779967214.080442,10565,,BS2DCE,,f,0,0,2642,2642,100,1,O,0,0,0,0,2,,,,,,0,0,,,,,0
64.082247,1779967214.080442,10565,,BS2DCE,,f,0,1,1817,1817,100,1,O,0,0,0,0,2,,,,,,0,0,,,,,0
64.082247,1779967214.080442,10565,,BS2DCE,,f,0,2,1768,1768,100,1,O,0,0,0,0,2,,,,,,0,0,,,,,0
64.082247,1779967214.080442,10565,,BS2DCE,,f,0,3,2426,2426,100,1,O,0,0,0,0,2,,,,,,0,0,,,,,0
64.082247,1779967214.080442,10565,,BS2DCE,,f,0,4,2300,2300,100,1,O,0,0,0,0,2,,,,,,0,0,,,,,0
64.082247,1779967214.080442,10565,,BS2DCE,,f,0,5,1677,1677,100,1,O,0,0,0,0,2,,,,,,0,0,,,,,0
64.082247,1779967214.080442,10565,,BS2DCE,,f,0,6,1677,1677,95,1,O,0,0,0,0,2,,,,,,0,0,,,,,0
64.082247,1779967214.080442,10565,,BS2DCE,,f,0,7,2378,2378,100,1,O,0,0,0,0,2,,,,,,0,0,,,,,0
64.172062,1779967214.170257,10566,,BS2DCE,,f,0,0,2592,2592,100,1,O,0,0,0,0,2,,,,,,0,0,,,,,0
64.172062,1779967214.170257,10566,,BS2DCE,,f,0,1,1824,1824,100,1,O,0,0,0,0,2,,,,,,0,0,,,,,0
64.172062,1779967214.170257,10566,,BS2DCE,,f,0,2,1830,1830,100,1,O,0,0,0,0,2,,,,,,0,0,,,,,0
64.172062,1779967214.170257,10566,,BS2DCE,,f,0,3,2481,2481,100,1,O,0,0,0,0,2,,,,,,0,0,,,,,0
64.172062,1779967214.170257,10566,,BS2DCE,,f,0,4,2287,2287,100,1,O,0,0,0,0,2,,,,,,0,0,,,,,0
64.172062,1779967214.170257,10566,,BS2DCE,,f,0,5,1699,1699,100,1,O,0,0,0,0,2,,,,,,0,0,,,,,0
64.172062,1779967214.170257,10566,,BS2DCE,,f,0,6,1361,1361,96,1,O,0,0,0,0,2,,,,,,0,0,,,,,0
64.172062,1779967214.170257,10566,,BS2DCE,,f,0,7,2398,2398,100,1,O,0,0,0,0,2,,,,,,0,0,,,,,0
64.254874,1779967214.253069,10567,,BS2DCE,,f,0,0,2543,2543,100,1,O,0,0,0,0,2,,,,,,0,0,,,,,0
64.254874,1779967214.253069,10567,,BS2DCE,,f,0,1,1886,1886,100,1,O,0,0,0,0,2,,,,,,0,0,,,,,0
64.254874,1779967214.253069,10567,,BS2DCE,,f,0,2,1844,1844,100,1,O,0,0,0,0,2,,,,,,0,0,,,,,0
64.254874,1779967214.253069,10567,,BS2DCE,,f,0,3,2501,2501,100,1,O,0,0,0,0,2,,,,,,0,0,,,,,0
64.254874,1779967214.253069,10567,,BS2DCE,,f,0,4,2236,2236,100,1,O,0,0,0,0,2,,,,,,0,0,,,,,0
64.254874,1779967214.253069,10567,,BS2DCE,,f,0,5,1533,1533,100,1,O,0,0,0,0,2,,,,,,0,0,,,,,0
64.254874,1779967214.253069,10567,,BS2DCE,,f,0,6,1800,1800,96,1,O,0,0,0,0,2,,,,,,0,0,,,,,0
64.254874,1779967214.253069,10567,,BS2DCE,,f,0,7,2400,2400,100,1,O,0,0,0,0,2,,,,,,0,0,,,,,0
64.492256,1779967214.490451,10568,,BS2DCE,,f,0,0,2465,2465,100,1,O,0,0,0,0,2,,,,,,0,0,,,,,0
64.492256,1779967214.490451,10568,,BS2DCE,,f,0,1,1937,1937,100,1,O,0,0,0,0,2,,,,,,0,0,,,,,0
64.492256,1779967214.490451,10568,,BS2DCE,,f,0,2,1954,1954,100,1,O,0,0,0,0,2,,,,,,0,0,,,,,0
64.492256,1779967214.490451,10568,,BS2DCE,,f,0,3,2576,2576,100,1,O,0,0,0,0,2,,,,,,0,0,,,,,0
64.492256,1779967214.490451,10568,,BS2DCE,,f,0,4,2137,2137,100,1,O,0,0,0,0,2,,,,,,0,0,,,,,0
64.492256,1779967214.490451,10568,,BS2DCE,,f,0,5,1697,1697,100,1,O,0,0,0,0,2,,,,,,0,0,,,,,0
64.492256,1779967214.490451,10568,,BS2DCE,,f,0,6,1833,1833,96,1,O,0,0,0,0,2,,,,,,0,0,,,,,0
64.492256,1779967214.490451,10568,,BS2DCE,,f,0,7,2337,2337,100,1,O,0,0,0,0,2,,,,,,0,0,,,,,0
64.495362,1779967214.493557,10569,,BS2DCE,,f,0,0,2459,2459,100,1,O,0,0,0,0,2,,,,,,0,0,,,,,0
64.495362,1779967214.493557,10569,,BS2DCE,,f,0,1,2056,2056,100,1,O,0,0,0,0,2,,,,,,0,0,,,,,0
64.495362,1779967214.493557,10569,,BS2DCE,,f,0,2,1972,1972,100,1,O,0,0,0,0,2,,,,,,0,0,,,,,0
64.495362,1779967214.493557,10569,,BS2DCE,,f,0,3,2650,2650,100,1,O,0,0,0,0,2,,,,,,0,0,,,,,0
64.495362,1779967214.493557,10569,,BS2DCE,,f,0,4,2082,2082,100,1,O,0,0,0,0,2,,,,,,0,0,,,,,0
64.495362,1779967214.493557,10569,,BS2DCE,,f,0,5,1777,1777,100,1,O,0,0,0,0,2,,,,,,0,0,,,,,0
64.495362,1779967214.493557,10569,,BS2DCE,,f,0,6,1768,1768,96,1,O,0,0,0,0,2,,,,,,0,0,,,,,0
64.495362,1779967214.493557,10569,,BS2DCE,,f,0,7,2290,2290,100,1,O,0,0,0,0,2,,,,,,0,0,,,,,0
64.599456,1779967214.597651,10570,,BS2DCE,,f,0,0,2354,2354,100,1,O,0,0,0,0,2,,,,,,0,0,,,,,0
64.599456,1779967214.597651,10570,,BS2DCE,,f,0,1,2042,2042,100,1,O,0,0,0,0,2,,,,,,0,0,,,,,0
64.599456,1779967214.597651,10570,,BS2DCE,,f,0,2,2030,2030,100,1,O,0,0,0,0,2,,,,,,0,0,,,,,0
64.599456,1779967214.597651,10570,,BS2DCE,,f,0,3,3761,3761,100,1,O,0,0,0,0,2,,,,,,0,0,,,,,0
64.599456,1779967214.597651,10570,,BS2DCE,,f,0,4,2097,2097,100,1,O,0,0,0,0,2,,,,,,0,0,,,,,0
64.599456,1779967214.597651,10570,,BS2DCE,,f,0,5,1614,1614,100,1,O,0,0,0,0,2,,,,,,0,0,,,,,0
64.599456,1779967214.597651,10570,,BS2DCE,,f,0,6,1863,1863,96,1,O,0,0,0,0,2,,,,,,0,0,,,,,0
64.599456,1779967214.597651,10570,,BS2DCE,,f,0,7,2369,2369,100,1,O,0,0,0,0,2,,,,,,0,0,,,,,0
64.667104,1779967214.665299,10571,,BS2DCE,,f,0,0,2328,2328,100,1,O,0,0,0,0,2,,,,,,0,0,,,,,0
64.667104,1779967214.665299,10571,,BS2DCE,,f,0,1,2008,2008,100,1,O,0,0,0,0,2,,,,,,0,0,,,,,0
64.667104,1779967214.665299,10571,,BS2DCE,,f,0,2,2085,2085,100,1,O,0,0,0,0,2,,,,,,0,0,,,,,0
64.667104,1779967214.665299,10571,,BS2DCE,,f,0,3,2584,2584,100,1,O,0,0,0,0,2,,,,,,0,0,,,,,0
64.667104,1779967214.665299,10571,,BS2DCE,,f,0,4,1958,1958,100,1,O,0,0,0,0,2,,,,,,0,0,,,,,0
64.667104,1779967214.665299,10571,,BS2DCE,,f,0,5,1668,1668,100,1,O,0,0,0,0,2,,,,,,0,0,,,,,0
64.667104,1779967214.665299,10571,,BS2DCE,,f,0,6,1844,1844,96,1,O,0,0,0,0,2,,,,,,0,0,,,,,0
64.667104,1779967214.665299,10571,,BS2DCE,,f,0,7,2233,2233,100,1,O,0,0,0,0,2,,,,,,0,0,,,,,0
64.829696,1779967214.827891,10572,,BS2DCE,,f,0,0,2154,2154,100,1,O,0,0,0,0,2,,,,,,0,0,,,,,0
64.829696,1779967214.827891,10572,,BS2DCE,,f,0,1,2049,2049,100,1,O,0,0,0,0,2,,,,,,0,0,,,,,0
64.829696,1779967214.827891,10572,,BS2DCE,,f,0,2,2138,2138,100,1,O,0,0,0,0,2,,,,,,0,0,,,,,0
64.829696,1779967214.827891,10572,,BS2DCE,,f,0,3,2426,2426,100,1,O,0,0,0,0,2,,,,,,0,0,,,,,0
64.829696,1779967214.827891,10572,,BS2DCE,,f,0,4,1934,1934,100,1,O,0,0,0,0,2,,,,,,0,0,,,,,0
64.829696,1779967214.827891,10572,,BS2DCE,,f,0,5,1637,1637,100,1,O,0,0,0,0,2,,,,,,0,0,,,,,0
64.829696,1779967214.827891,10572,,BS2DCE,,f,0,6,1454,1454,96,1,O,0,0,0,0,2,,,,,,0,0,,,,,0
64.829696,1779967214.827891,10572,,BS2DCE,,f,0,7,2114,2114,100,1,O,0,0,0,0,2,,,,,,0,0,,,,,0
64.854568,1779967214.852763,10573,,BS2DCE,,f,0,0,2163,2163,100,1,O,0,0,0,0,2,,,,,,0,0,,,,,0
64.854568,1779967214.852763,10573,,BS2DCE,,f,0,1,2045,2045,100,1,O,0,0,0,0,2,,,,,,0,0,,,,,0
64.854568,1779967214.852763,10573,,BS2DCE,,f,0,2,2219,2219,100,1,O,0,0,0,0,2,,,,,,0,0,,,,,0
64.854568,1779967214.852763,10573,,BS2DCE,,f,0,3,2496,2496,100,1,O,0,0,0,0,2,,,,,,0,0,,,,,0
64.854568,1779967214.852763,10573,,BS2DCE,,f,0,4,1836,1836,100,1,O,0,0,0,0,2,,,,,,0,0,,,,,0
64.854568,1779967214.852763,10573,,BS2DCE,,f,0,5,1654,1654,100,1,O,0,0,0,0,2,,,,,,0,0,,,,,0
64.854568,1779967214.852763,10573,,BS2DCE,,f,0,6,2019,2019,96,1,O,0,0,0,0,2,,,,,,0,0,,,,,0
64.854568,1779967214.852763,10573,,BS2DCE,,f,0,7,2099,2099,100,1,O,0,0,0,0,2,,,,,,0,0,,,,,0
64.959402,1779967214.957597,10574,,BS2DCE,,f,0,0,2108,2108,100,1,O,0,0,0,0,2,,,,,,0,0,,,,,0
64.959402,1779967214.957597,10574,,BS2DCE,,f,0,1,2120,2120,100,1,O,0,0,0,0,2,,,,,,0,0,,,,,0
64.959402,1779967214.957597,10574,,BS2DCE,,f,0,2,2258,2258,100,1,O,0,0,0,0,2,,,,,,0,0,,,,,0
64.959402,1779967214.957597,10574,,BS2DCE,,f,0,3,2475,2475,100,1,O,0,0,0,0,2,,,,,,0,0,,,,,0
64.959402,1779967214.957597,10574,,BS2DCE,,f,0,4,1737,1737,100,1,O,0,0,0,0,2,,,,,,0,0,,,,,0
64.959402,1779967214.957597,10574,,BS2DCE,,f,0,5,1808,1808,100,1,O,0,0,0,0,2,,,,,,0,0,,,,,0
64.959402,1779967214.957597,10574,,BS2DCE,,f,0,6,2049,2049,100,1,O,0,0,0,0,2,,,,,,0,0,,,,,0
64.959402,1779967214.957597,10574,,BS2DCE,,f,0,7,1967,1967,100,1,O,0,0,0,0,2,,,,,,0,0,,,,,0
65.057205,1779967215.0554,10575,,BS2DCE,,f,0,0,2127,2127,100,1,O,0,0,0,0,2,,,,,,0,0,,,,,0
65.057205,1779967215.0554,10575,,BS2DCE,,f,0,1,2112,2112,100,1,O,0,0,0,0,2,,,,,,0,0,,,,,0
65.057205,1779967215.0554,10575,,BS2DCE,,f,0,2,2304,2304,100,1,O,0,0,0,0,2,,,,,,0,0,,,,,0
65.057205,1779967215.0554,10575,,BS2DCE,,f,0,3,2267,2267,100,1,O,0,0,0,0,2,,,,,,0,0,,,,,0
65.057205,1779967215.0554,10575,,BS2DCE,,f,0,4,1680,1680,100,1,O,0,0,0,0,2,,,,,,0,0,,,,,0
65.057205,1779967215.0554,10575,,BS2DCE,,f,0,5,1912,1912,100,1,O,0,0,0,0,2,,,,,,0,0,,,,,0
65.057205,1779967215.0554,10575,,BS2DCE,,f,0,6,1943,1943,100,1,O,0,0,0,0,2,,,,,,0,0,,,,,0
65.057205,1779967215.0554,10575,,BS2DCE,,f,0,7,1879,1879,100,1,O,0,0,0,0,2,,,,,,0,0,,,,,0
65.162197,1779967215.160392,10576,,BS2DCE,,f,0,0,2138,2138,100,1,O,0,0,0,0,2,,,,,,0,0,,,,,0
65.162197,1779967215.160392,10576,,BS2DCE,,f,0,1,2174,2174,100,1,O,0,0,0,0,2,,,,,,0,0,,,,,0
65.162197,1779967215.160392,10576,,BS2DCE,,f,0,2,2318,2318,100,1,O,0,0,0,0,2,,,,,,0,0,,,,,0
65.162197,1779967215.160392,10576,,BS2DCE,,f,0,3,2190,2190,100,1,O,0,0,0,0,2,,,,,,0,0,,,,,0
65.162197,1779967215.160392,10576,,BS2DCE,,f,0,4,1632,1632,100,1,O,0,0,0,0,2,,,,,,0,0,,,,,0
65.162197,1779967215.160392,10576,,BS2DCE,,f,0,5,1848,1848,100,1,O,0,0,0,0,2,,,,,,0,0,,,,,0
65.162197,1779967215.160392,10576,,BS2DCE,,f,0,6,2088,2088,100,1,O,0,0,0,0,2,,,,,,0,0,,,,,0
65.162197,1779967215.160392,10576,,BS2DCE,,f,0,7,1828,1828,100,1,O,0,0,0,0,2,,,,,,0,0,,,,,0
65.267206,1779967215.265401,10577,,BS2DCE,,f,0,0,2123,2123,100,1,O,0,0,0,0,2,,,,,,0,0,,,,,0
65.267206,1779967215.265401,10577,,BS2DCE,,f,0,1,2562,2562,100,1,O,0,0,0,0,2,,,,,,0,0,,,,,0
65.267206,1779967215.265401,10577,,BS2DCE,,f,0,2,2391,2391,100,1,O,0,0,0,0,2,,,,,,0,0,,,,,0
65.267206,1779967215.265401,10577,,BS2DCE,,f,0,3,2177,2177,100,1,O,0,0,0,0,2,,,,,,0,0,,,,,0
65.267206,1779967215.265401,10577,,BS2DCE,,f,0,4,1692,1692,100,1,O,0,0,0,0,2,,,,,,0,0,,,,,0
65.267206,1779967215.265401,10577,,BS2DCE,,f,0,5,2002,2002,100,1,O,0,0,0,0,2,,,,,,0,0,,,,,0
65.267206,1779967215.265401,10577,,BS2DCE,,f,0,6,2174,2174,100,1,O,0,0,0,0,2,,,,,,0,0,,,,,0
65.267206,1779967215.265401,10577,,BS2DCE,,f,0,7,1882,1882,100,1,O,0,0,0,0,2,,,,,,0,0,,,,,0
65.41932,1779967215.417515,10578,,BS2DCE,,f,0,0,2051,2051,100,1,O,0,0,0,0,2,,,,,,0,0,,,,,0
65.41932,1779967215.417515,10578,,BS2DCE,,f,0,1,2477,2477,100,1,O,0,0,0,0,2,,,,,,0,0,,,,,0
65.41932,1779967215.417515,10578,,BS2DCE,,f,0,2,2487,2487,100,1,O,0,0,0,0,2,,,,,,0,0,,,,,0
65.41932,1779967215.417515,10578,,BS2DCE,,f,0,3,2143,2143,100,1,O,0,0,0,0,2,,,,,,0,0,,,,,0
65.41932,1779967215.417515,10578,,BS2DCE,,f,0,4,1812,1812,100,1,O,0,0,0,0,2,,,,,,0,0,,,,,0
65.41932,1779967215.417515,10578,,BS2DCE,,f,0,5,2095,2095,100,1,O,0,0,0,0,2,,,,,,0,0,,,,,0
65.41932,1779967215.417515,10578,,BS2DCE,,f,0,6,0,2174,95,0,T,0,0,0,0,2,,,,,,0,0,,,,,0
65.41932,1779967215.417515,10578,,BS2DCE,,f,0,7,1758,1758,100,1,O,0,0,0,0,2,,,,,,0,0,,,,,0
65.454582,1779967215.452777,10579,,BS2DCE,,f,0,0,2001,2001,100,1,O,0,0,0,0,2,,,,,,0,0,,,,,0
65.454582,1779967215.452777,10579,,BS2DCE,,f,0,1,2441,2441,100,1,O,0,0,0,0,2,,,,,,0,0,,,,,0
65.454582,1779967215.452777,10579,,BS2DCE,,f,0,2,2532,2532,100,1,O,0,0,0,0,2,,,,,,0,0,,,,,0
65.454582,1779967215.452777,10579,,BS2DCE,,f,0,3,2108,2108,100,1,O,0,0,0,0,2,,,,,,0,0,,,,,0
65.454582,1779967215.452777,10579,,BS2DCE,,f,0,4,1844,1844,100,1,O,0,0,0,0,2,,,,,,0,0,,,,,0
65.454582,1779967215.452777,10579,,BS2DCE,,f,0,5,2185,2185,100,1,O,0,0,0,0,2,,,,,,0,0,,,,,0
65.454582,1779967215.452777,10579,,BS2DCE,,f,0,6,2279,2279,95,1,O,0,0,0,0,2,,,,,,0,0,,,,,0
65.454582,1779967215.452777,10579,,BS2DCE,,f,0,7,1752,1752,100,1,O,0,0,0,0,2,,,,,,0,0,,,,,0
65.574553,1779967215.572748,10580,,BS2DCE,,f,0,0,2008,2008,100,1,O,0,0,0,0,2,,,,,,0,0,,,,,0
65.574553,1779967215.572748,10580,,BS2DCE,,f,0,1,2444,2444,100,1,O,0,0,0,0,2,,,,,,0,0,,,,,0
65.574553,1779967215.572748,10580,,BS2DCE,,f,0,2,2424,2424,100,1,O,0,0,0,0,2,,,,,,0,0,,,,,0
65.574553,1779967215.572748,10580,,BS2DCE,,f,0,3,1991,1991,100,1,O,0,0,0,0,2,,,,,,0,0,,,,,0
65.574553,1779967215.572748,10580,,BS2DCE,,f,0,4,1752,1752,100,1,O,0,0,0,0,2,,,,,,0,0,,,,,0
65.574553,1779967215.572748,10580,,BS2DCE,,f,0,5,2140,2140,100,1,O,0,0,0,0,2,,,,,,0,0,,,,,0
65.574553,1779967215.572748,10580,,BS2DCE,,f,0,6,2228,2228,95,1,O,0,0,0,0,2,,,,,,0,0,,,,,0
65.574553,1779967215.572748,10580,,BS2DCE,,f,0,7,1771,1771,100,1,O,0,0,0,0,2,,,,,,0,0,,,,,0
65.657042,1779967215.655237,10581,,BS2DCE,,f,0,0,1938,1938,100,1,O,0,0,0,0,2,,,,,,0,0,,,,,0
65.657042,1779967215.655237,10581,,BS2DCE,,f,0,1,2351,2351,100,1,O,0,0,0,0,2,,,,,,0,0,,,,,0
65.657042,1779967215.655237,10581,,BS2DCE,,f,0,2,2299,2299,100,1,O,0,0,0,0,2,,,,,,0,0,,,,,0
65.657042,1779967215.655237,10581,,BS2DCE,,f,0,3,1893,1893,100,1,O,0,0,0,0,2,,,,,,0,0,,,,,0
65.657042,1779967215.655237,10581,,BS2DCE,,f,0,4,1731,1731,100,1,O,0,0,0,0,2,,,,,,0,0,,,,,0
65.657042,1779967215.655237,10581,,BS2DCE,,f,0,5,2292,2292,100,1,O,0,0,0,0,2,,,,,,0,0,,,,,0
65.657042,1779967215.655237,10581,,BS2DCE,,f,0,6,2248,2248,95,1,O,0,0,0,0,2,,,,,,0,0,,,,,0
65.657042,1779967215.655237,10581,,BS2DCE,,f,0,7,1725,1725,100,1,O,0,0,0,0,2,,,,,,0,0,,,,,0
65.762029,1779967215.760224,10582,,BS2DCE,,f,0,0,1902,1902,100,1,O,0,0,0,0,2,,,,,,0,0,,,,,0
65.762029,1779967215.760224,10582,,BS2DCE,,f,0,1,2375,2375,100,1,O,0,0,0,0,2,,,,,,0,0,,,,,0
65.762029,1779967215.760224,10582,,BS2DCE,,f,0,2,2269,2269,100,1,O,0,0,0,0,2,,,,,,0,0,,,,,0
65.762029,1779967215.760224,10582,,BS2DCE,,f,0,3,1801,1801,100,1,O,0,0,0,0,2,,,,,,0,0,,,,,0
65.762029,1779967215.760224,10582,,BS2DCE,,f,0,4,1804,1804,100,1,O,0,0,0,0,2,,,,,,0,0,,,,,0
65.762029,1779967215.760224,10582,,BS2DCE,,f,0,5,2382,2382,100,1,O,0,0,0,0,2,,,,,,0,0,,,,,0
65.762029,1779967215.760224,10582,,BS2DCE,,f,0,6,2305,2305,96,1,O,0,0,0,0,2,,,,,,0,0,,,,,0
65.762029,1779967215.760224,10582,,BS2DCE,,f,0,7,1691,1691,100,1,O,0,0,0,0,2,,,,,,0,0,,,,,0
65.890186,1779967215.888381,10583,,BS2DCE,,f,0,0,1933,1933,100,1,O,0,0,0,0,2,,,,,,0,0,,,,,0
65.890186,1779967215.888381,10583,,BS2DCE,,f,0,1,2471,2471,100,1,O,0,0,0,0,2,,,,,,0,0,,,,,0
65.890186,1779967215.888381,10583,,BS2DCE,,f,0,2,2308,2308,100,1,O,0,0,0,0,2,,,,,,0,0,,,,,0
65.890186,1779967215.888381,10583,,BS2DCE,,f,0,3,1754,1754,100,1,O,0,0,0,0,2,,,,,,0,0,,,,,0
65.890186,1779967215.888381,10583,,BS2DCE,,f,0,4,1824,1824,100,1,O,0,0,0,0,2,,,,,,0,0,,,,,0
65.890186,1779967215.888381,10583,,BS2DCE,,f,0,5,2414,2414,100,1,O,0,0,0,0,2,,,,,,0,0,,,,,0
65.890186,1779967215.888381,10583,,BS2DCE,,f,0,6,2226,2226,96,1,O,0,0,0,0,2,,,,,,0,0,,,,,0
65.890186,1779967215.888381,10583,,BS2DCE,,f,0,7,1657,1657,100,1,O,0,0,0,0,2,,,,,,0,0,,,,,0
65.972008,1779967215.970203,10584,,BS2DCE,,f,0,0,1956,1956,100,1,O,0,0,0,0,2,,,,,,0,0,,,,,0
65.972008,1779967215.970203,10584,,BS2DCE,,f,0,1,2558,2558,100,1,O,0,0,0,0,2,,,,,,0,0,,,,,0
65.972008,1779967215.970203,10584,,BS2DCE,,f,0,2,2300,2300,100,1,O,0,0,0,0,2,,,,,,0,0,,,,,0
65.972008,1779967215.970203,10584,,BS2DCE,,f,0,3,1658,1658,100,1,O,0,0,0,0,2,,,,,,0,0,,,,,0
65.972008,1779967215.970203,10584,,BS2DCE,,f,0,4,1821,1821,100,1,O,0,0,0,0,2,,,,,,0,0,,,,,0
65.972008,1779967215.970203,10584,,BS2DCE,,f,0,5,2404,2404,100,1,O,0,0,0,0,2,,,,,,0,0,,,,,0
65.972008,1779967215.970203,10584,,BS2DCE,,f,0,6,0,2226,92,0,T,0,0,0,0,2,,,,,,0,0,,,,,0
65.972008,1779967215.970203,10584,,BS2DCE,,f,0,7,1677,1677,100,1,O,0,0,0,0,2,,,,,,0,0,,,,,0
66.054537,1779967216.052732,10585,,BS2DCE,,f,0,0,1991,1991,100,1,O,0,0,0,0,2,,,,,,0,0,,,,,0
66.054537,1779967216.052732,10585,,BS2DCE,,f,0,1,2671,2671,100,1,O,0,0,0,0,2,,,,,,0,0,,,,,0
66.054537,1779967216.052732,10585,,BS2DCE,,f,0,2,2126,2126,100,1,O,0,0,0,0,2,,,,,,0,0,,,,,0
66.054537,1779967216.052732,10585,,BS2DCE,,f,0,3,1657,1657,100,1,O,0,0,0,0,2,,,,,,0,0,,,,,0
66.054537,1779967216.052732,10585,,BS2DCE,,f,0,4,1924,1924,100,1,O,0,0,0,0,2,,,,,,0,0,,,,,0
66.054537,1779967216.052732,10585,,BS2DCE,,f,0,5,2434,2434,100,1,O,0,0,0,0,2,,,,,,0,0,,,,,0
66.054537,1779967216.052732,10585,,BS2DCE,,f,0,6,2244,2244,92,1,O,0,0,0,0,2,,,,,,0,0,,,,,0
66.054537,1779967216.052732,10585,,BS2DCE,,f,0,7,1670,1670,100,1,O,0,0,0,0,2,,,,,,0,0,,,,,0
66.159546,1779967216.157741,10586,,BS2DCE,,f,0,0,2064,2064,100,1,O,0,0,0,0,2,,,,,,0,0,,,,,0
66.159546,1779967216.157741,10586,,BS2DCE,,f,0,1,2635,2635,100,1,O,0,0,0,0,2,,,,,,0,0,,,,,0
66.159546,1779967216.157741,10586,,BS2DCE,,f,0,2,2057,2057,100,1,O,0,0,0,0,2,,,,,,0,0,,,,,0
66.159546,1779967216.157741,10586,,BS2DCE,,f,0,3,1615,1615,100,1,O,0,0,0,0,2,,,,,,0,0,,,,,0
66.159546,1779967216.157741,10586,,BS2DCE,,f,0,4,2005,2005,100,1,O,0,0,0,0,2,,,,,,0,0,,,,,0
66.159546,1779967216.157741,10586,,BS2DCE,,f,0,5,2392,2392,100,1,O,0,0,0,0,2,,,,,,0,0,,,,,0
66.159546,1779967216.157741,10586,,BS2DCE,,f,0,6,2149,2149,93,1,O,0,0,0,0,2,,,,,,0,0,,,,,0
66.159546,1779967216.157741,10586,,BS2DCE,,f,0,7,1698,1698,100,1,O,0,0,0,0,2,,,,,,0,0,,,,,0
66.258054,1779967216.256249,10587,,BS2DCE,,f,0,0,2188,2188,100,1,O,0,0,0,0,2,,,,,,0,0,,,,,0
66.258054,1779967216.256249,10587,,BS2DCE,,f,0,1,2563,2563,100,1,O,0,0,0,0,2,,,,,,0,0,,,,,0
66.258054,1779967216.256249,10587,,BS2DCE,,f,0,2,2020,2020,100,1,O,0,0,0,0,2,,,,,,0,0,,,,,0
66.258054,1779967216.256249,10587,,BS2DCE,,f,0,3,1572,1572,100,1,O,0,0,0,0,2,,,,,,0,0,,,,,0
66.258054,1779967216.256249,10587,,BS2DCE,,f,0,4,2024,2024,100,1,O,0,0,0,0,2,,,,,,0,0,,,,,0
66.258054,1779967216.256249,10587,,BS2DCE,,f,0,5,2449,2449,100,1,O,0,0,0,0,2,,,,,,0,0,,,,,0
66.258054,1779967216.256249,10587,,BS2DCE,,f,0,6,2182,2182,93,1,O,0,0,0,0,2,,,,,,0,0,,,,,0
66.258054,1779967216.256249,10587,,BS2DCE,,f,0,7,1786,1786,100,1,O,0,0,0,0,2,,,,,,0,0,,,,,0
66.416803,1779967216.414998,10588,,BS2DCE,,f,0,0,2593,2593,100,1,O,0,0,0,0,2,,,,,,0,0,,,,,0
66.416803,1779967216.414998,10588,,BS2DCE,,f,0,1,2455,2455,100,1,O,0,0,0,0,2,,,,,,0,0,,,,,0
66.416803,1779967216.414998,10588,,BS2DCE,,f,0,2,1958,1958,100,1,O,0,0,0,0,2,,,,,,0,0,,,,,0
66.416803,1779967216.414998,10588,,BS2DCE,,f,0,3,1572,1572,100,1,O,0,0,0,0,2,,,,,,0,0,,,,,0
66.416803,1779967216.414998,10588,,BS2DCE,,f,0,4,2050,2050,100,1,O,0,0,0,0,2,,,,,,0,0,,,,,0
66.416803,1779967216.414998,10588,,BS2DCE,,f,0,5,2719,2719,100,1,O,0,0,0,0,2,,,,,,0,0,,,,,0
66.416803,1779967216.414998,10588,,BS2DCE,,f,0,6,2222,2222,93,1,O,0,0,0,0,2,,,,,,0,0,,,,,0
66.416803,1779967216.414998,10588,,BS2DCE,,f,0,7,1742,1742,100,1,O,0,0,0,0,2,,,,,,0,0,,,,,0
66.45179,1779967216.449985,10589,,BS2DCE,,f,0,0,2328,2328,100,1,O,0,0,0,0,2,,,,,,0,0,,,,,0
66.45179,1779967216.449985,10589,,BS2DCE,,f,0,1,0,2455,96,0,T,0,0,0,0,2,,,,,,0,0,,,,,0
66.45179,1779967216.449985,10589,,BS2DCE,,f,0,2,1958,1958,100,1,O,0,0,0,0,2,,,,,,0,0,,,,,0
66.45179,1779967216.449985,10589,,BS2DCE,,f,0,3,1712,1712,100,1,O,0,0,0,0,2,,,,,,0,0,,,,,0
66.45179,1779967216.449985,10589,,BS2DCE,,f,0,4,2111,2111,100,1,O,0,0,0,0,2,,,,,,0,0,,,,,0
66.45179,1779967216.449985,10589,,BS2DCE,,f,0,5,2744,2744,100,1,O,0,0,0,0,2,,,,,,0,0,,,,,0
66.45179,1779967216.449985,10589,,BS2DCE,,f,0,6,2258,2258,93,1,O,0,0,0,0,2,,,,,,0,0,,,,,0
66.45179,1779967216.449985,10589,,BS2DCE,,f,0,7,1817,1817,100,1,O,0,0,0,0,2,,,,,,0,0,,,,,0
66.602027,1779967216.600222,10590,,BS2DCE,,f,0,0,2199,2199,100,1,O,0,0,0,0,2,,,,,,0,0,,,,,0
66.602027,1779967216.600222,10590,,BS2DCE,,f,0,1,2384,2384,100,1,O,0,0,0,0,2,,,,,,0,0,,,,,0
66.602027,1779967216.600222,10590,,BS2DCE,,f,0,2,1896,1896,100,1,O,0,0,0,0,2,,,,,,0,0,,,,,0
66.602027,1779967216.600222,10590,,BS2DCE,,f,0,3,1852,1852,100,1,O,0,0,0,0,2,,,,,,0,0,,,,,0
66.602027,1779967216.600222,10590,,BS2DCE,,f,0,4,2161,2161,100,1,O,0,0,0,0,2,,,,,,0,0,,,,,0
66.602027,1779967216.600222,10590,,BS2DCE,,f,0,5,2728,2728,100,1,O,0,0,0,0,2,,,,,,0,0,,,,,0
66.602027,1779967216.600222,10590,,BS2DCE,,f,0,6,0,2258,88,0,T,0,0,0,0,2,,,,,,0,0,,,,,0
66.602027,1779967216.600222,10590,,BS2DCE,,f,0,7,1818,1818,100,1,O,0,0,0,0,2,,,,,,0,0,,,,,0
66.654861,1779967216.653056,10591,,BS2DCE,,f,0,0,2221,2221,100,1,O,0,0,0,0,2,,,,,,0,0,,,,,0
66.654861,1779967216.653056,10591,,BS2DCE,,f,0,1,2292,2292,100,1,O,0,0,0,0,2,,,,,,0,0,,,,,0
66.654861,1779967216.653056,10591,,BS2DCE,,f,0,2,1926,1926,100,1,O,0,0,0,0,2,,,,,,0,0,,,,,0
66.654861,1779967216.653056,10591,,BS2DCE,,f,0,3,1850,1850,100,1,O,0,0,0,0,2,,,,,,0,0,,,,,0
66.654861,1779967216.653056,10591,,BS2DCE,,f,0,4,2214,2214,100,1,O,0,0,0,0,2,,,,,,0,0,,,,,0
66.654861,1779967216.653056,10591,,BS2DCE,,f,0,5,2529,2529,100,1,O,0,0,0,0,2,,,,,,0,0,,,,,0
66.654861,1779967216.653056,10591,,BS2DCE,,f,0,6,2269,2269,88,1,O,0,0,0,0,2,,,,,,0,0,,,,,0
66.654861,1779967216.653056,10591,,BS2DCE,,f,0,7,1762,1762,100,1,O,0,0,0,0,2,,,,,,0,0,,,,,0
66.759441,1779967216.757636,10592,,BS2DCE,,f,0,0,2228,2228,100,1,O,0,0,0,0,2,,,,,,0,0,,,,,0
66.759441,1779967216.757636,10592,,BS2DCE,,f,0,1,2235,2235,100,1,O,0,0,0,0,2,,,,,,0,0,,,,,0
66.759441,1779967216.757636,10592,,BS2DCE,,f,0,2,1828,1828,100,1,O,0,0,0,0,2,,,,,,0,0,,,,,0
66.759441,1779967216.757636,10592,,BS2DCE,,f,0,3,1856,1856,100,1,O,0,0,0,0,2,,,,,,0,0,,,,,0
66.759441,1779967216.757636,10592,,BS2DCE,,f,0,4,2219,2219,100,1,O,0,0,0,0,2,,,,,,0,0,,,,,0
66.759441,1779967216.757636,10592,,BS2DCE,,f,0,5,2460,2460,100,1,O,0,0,0,0,2,,,,,,0,0,,,,,0
66.759441,1779967216.757636,10592,,BS2DCE,,f,0,6,2236,2236,89,1,O,0,0,0,0,2,,,,,,0,0,,,,,0
66.759441,1779967216.757636,10592,,BS2DCE,,f,0,7,1814,1814,100,1,O,0,0,0,0,2,,,,,,0,0,,,,,0
66.857322,1779967216.855517,10593,,BS2DCE,,f,0,0,2173,2173,100,1,O,0,0,0,0,2,,,,,,0,0,,,,,0
66.857322,1779967216.855517,10593,,BS2DCE,,f,0,1,2219,2219,100,1,O,0,0,0,0,2,,,,,,0,0,,,,,0
66.857322,1779967216.855517,10593,,BS2DCE,,f,0,2,1785,1785,100,1,O,0,0,0,0,2,,,,,,0,0,,,,,0
66.857322,1779967216.855517,10593,,BS2DCE,,f,0,3,1789,1789,100,1,O,0,0,0,0,2,,,,,,0,0,,,,,0
66.857322,1779967216.855517,10593,,BS2DCE,,f,0,4,2311,2311,100,1,O,0,0,0,0,2,,,,,,0,0,,,,,0
66.857322,1779967216.855517,10593,,BS2DCE,,f,0,5,2316,2316,100,1,O,0,0,0,0,2,,,,,,0,0,,,,,0
66.857322,1779967216.855517,10593,,BS2DCE,,f,0,6,2097,2097,90,1,O,0,0,0,0,2,,,,,,0,0,,,,,0
66.857322,1779967216.855517,10593,,BS2DCE,,f,0,7,1845,1845,100,1,O,0,0,0,0,2,,,,,,0,0,,,,,0
66.961995,1779967216.96019,10594,,BS2DCE,,f,0,0,2192,2192,100,1,O,0,0,0,0,2,,,,,,0,0,,,,,0
66.961995,1779967216.96019,10594,,BS2DCE,,f,0,1,2187,2187,100,1,O,0,0,0,0,2,,,,,,0,0,,,,,0
66.961995,1779967216.96019,10594,,BS2DCE,,f,0,2,1694,1694,100,1,O,0,0,0,0,2,,,,,,0,0,,,,,0
66.961995,1779967216.96019,10594,,BS2DCE,,f,0,3,1853,1853,100,1,O,0,0,0,0,2,,,,,,0,0,,,,,0
66.961995,1779967216.96019,10594,,BS2DCE,,f,0,4,2321,2321,100,1,O,0,0,0,0,2,,,,,,0,0,,,,,0
66.961995,1779967216.96019,10594,,BS2DCE,,f,0,5,2238,2238,100,1,O,0,0,0,0,2,,,,,,0,0,,,,,0
66.961995,1779967216.96019,10594,,BS2DCE,,f,0,6,2063,2063,90,1,O,0,0,0,0,2,,,,,,0,0,,,,,0
66.961995,1779967216.96019,10594,,BS2DCE,,f,0,7,1937,1937,100,1,O,0,0,0,0,2,,,,,,0,0,,,,,0
67.066976,1779967217.065171,10595,,BS2DCE,,f,0,0,2264,2264,100,1,O,0,0,0,0,2,,,,,,0,0,,,,,0
67.066976,1779967217.065171,10595,,BS2DCE,,f,0,1,2171,2171,100,1,O,0,0,0,0,2,,,,,,0,0,,,,,0
67.066976,1779967217.065171,10595,,BS2DCE,,f,0,2,1635,1635,100,1,O,0,0,0,0,2,,,,,,0,0,,,,,0
67.066976,1779967217.065171,10595,,BS2DCE,,f,0,3,1846,1846,100,1,O,0,0,0,0,2,,,,,,0,0,,,,,0
67.066976,1779967217.065171,10595,,BS2DCE,,f,0,4,2263,2263,100,1,O,0,0,0,0,2,,,,,,0,0,,,,,0
67.066976,1779967217.065171,10595,,BS2DCE,,f,0,5,2312,2312,100,1,O,0,0,0,0,2,,,,,,0,0,,,,,0
67.066976,1779967217.065171,10595,,BS2DCE,,f,0,6,1952,1952,90,1,O,0,0,0,0,2,,,,,,0,0,,,,,0
67.066976,1779967217.065171,10595,,BS2DCE,,f,0,7,1802,1802,100,1,O,0,0,0,0,2,,,,,,0,0,,,,,0
67.172002,1779967217.170197,10596,,BS2DCE,,f,0,0,2288,2288,100,1,O,0,0,0,0,2,,,,,,0,0,,,,,0
67.172002,1779967217.170197,10596,,BS2DCE,,f,0,1,2169,2169,100,1,O,0,0,0,0,2,,,,,,0,0,,,,,0
67.172002,1779967217.170197,10596,,BS2DCE,,f,0,2,1630,1630,100,1,O,0,0,0,0,2,,,,,,0,0,,,,,0
67.172002,1779967217.170197,10596,,BS2DCE,,f,0,3,1804,1804,100,1,O,0,0,0,0,2,,,,,,0,0,,,,,0
67.172002,1779967217.170197,10596,,BS2DCE,,f,0,4,2400,2400,100,1,O,0,0,0,0,2,,,,,,0,0,,,,,0
67.172002,1779967217.170197,10596,,BS2DCE,,f,0,5,2376,2376,100,1,O,0,0,0,0,2,,,,,,0,0,,,,,0
67.172002,1779967217.170197,10596,,BS2DCE,,f,0,6,0,1952,86,0,T,0,0,0,0,2,,,,,,0,0,,,,,0
67.172002,1779967217.170197,10596,,BS2DCE,,f,0,7,1895,1895,100,1,O,0,0,0,0,2,,,,,,0,0,,,,,0
67.255249,1779967217.253444,10597,,BS2DCE,,f,0,0,2293,2293,100,1,O,0,0,0,0,2,,,,,,0,0,,,,,0
67.255249,1779967217.253444,10597,,BS2DCE,,f,0,1,2102,2102,100,1,O,0,0,0,0,2,,,,,,0,0,,,,,0
67.255249,1779967217.253444,10597,,BS2DCE,,f,0,2,1579,1579,100,1,O,0,0,0,0,2,,,,,,0,0,,,,,0
67.255249,1779967217.253444,10597,,BS2DCE,,f,0,3,1884,1884,100,1,O,0,0,0,0,2,,,,,,0,0,,,,,0
67.255249,1779967217.253444,10597,,BS2DCE,,f,0,4,2378,2378,100,1,O,0,0,0,0,2,,,,,,0,0,,,,,0
67.255249,1779967217.253444,10597,,BS2DCE,,f,0,5,2255,2255,100,1,O,0,0,0,0,2,,,,,,0,0,,,,,0
67.255249,1779967217.253444,10597,,BS2DCE,,f,0,6,1813,1813,87,1,O,0,0,0,0,2,,,,,,0,0,,,,,0
67.255249,1779967217.253444,10597,,BS2DCE,,f,0,7,1978,1978,100,1,O,0,0,0,0,2,,,,,,0,0,,,,,0
67.429281,1779967217.427476,10598,,BS2DCE,,f,0,0,2268,2268,100,1,O,0,0,0,0,2,,,,,,0,0,,,,,0
67.429281,1779967217.427476,10598,,BS2DCE,,f,0,1,2071,2071,100,1,O,0,0,0,0,2,,,,,,0,0,,,,,0
67.429281,1779967217.427476,10598,,BS2DCE,,f,0,2,1504,1504,100,1,O,0,0,0,0,2,,,,,,0,0,,,,,0
67.429281,1779967217.427476,10598,,BS2DCE,,f,0,3,1843,1843,100,1,O,0,0,0,0,2,,,,,,0,0,,,,,0
67.429281,1779967217.427476,10598,,BS2DCE,,f,0,4,2462,2462,100,1,O,0,0,0,0,2,,,,,,0,0,,,,,0
67.429281,1779967217.427476,10598,,BS2DCE,,f,0,5,2288,2288,100,1,O,0,0,0,0,2,,,,,,0,0,,,,,0
67.429281,1779967217.427476,10598,,BS2DCE,,f,0,6,1819,1819,88,1,O,0,0,0,0,2,,,,,,0,0,,,,,0
67.429281,1779967217.427476,10598,,BS2DCE,,f,0,7,1977,1977,100,1,O,0,0,0,0,2,,,,,,0,0,,,,,0
67.456851,1779967217.455046,10599,,BS2DCE,,f,0,0,2333,2333,100,1,O,0,0,0,0,2,,,,,,0,0,,,,,0
67.456851,1779967217.455046,10599,,BS2DCE,,f,0,1,2069,2069,100,1,O,0,0,0,0,2,,,,,,0,0,,,,,0
67.456851,1779967217.455046,10599,,BS2DCE,,f,0,2,1519,1519,100,1,O,0,0,0,0,2,,,,,,0,0,,,,,0
67.456851,1779967217.455046,10599,,BS2DCE,,f,0,3,1959,1959,100,1,O,0,0,0,0,2,,,,,,0,0,,,,,0
67.456851,1779967217.455046,10599,,BS2DCE,,f,0,4,2576,2576,100,1,O,0,0,0,0,2,,,,,,0,0,,,,,0
67.456851,1779967217.455046,10599,,BS2DCE,,f,0,5,2129,2129,100,1,O,0,0,0,0,2,,,,,,0,0,,,,,0
67.456851,1779967217.455046,10599,,BS2DCE,,f,0,6,1893,1893,88,1,O,0,0,0,0,2,,,,,,0,0,,,,,0
67.456851,1779967217.455046,10599,,BS2DCE,,f,0,7,2047,2047,100,1,O,0,0,0,0,2,,,,,,0,0,,,,,0
67.581035,1779967217.57923,10600,,BS2DCE,,f,0,0,2360,2360,100,1,O,0,0,0,0,2,,,,,,0,0,,,,,0
67.581035,1779967217.57923,10600,,BS2DCE,,f,0,1,2061,2061,100,1,O,0,0,0,0,2,,,,,,0,0,,,,,0
67.581035,1779967217.57923,10600,,BS2DCE,,f,0,2,1452,1452,100,1,O,0,0,0,0,2,,,,,,0,0,,,,,0
67.581035,1779967217.57923,10600,,BS2DCE,,f,0,3,1916,1916,100,1,O,0,0,0,0,2,,,,,,0,0,,,,,0
67.581035,1779967217.57923,10600,,BS2DCE,,f,0,4,2518,2518,100,1,O,0,0,0,0,2,,,,,,0,0,,,,,0
67.581035,1779967217.57923,10600,,BS2DCE,,f,0,5,2167,2167,100,1,O,0,0,0,0,2,,,,,,0,0,,,,,0
67.581035,1779967217.57923,10600,,BS2DCE,,f,0,6,1761,1761,88,1,O,0,0,0,0,2,,,,,,0,0,,,,,0
67.581035,1779967217.57923,10600,,BS2DCE,,f,0,7,2067,2067,100,1,O,0,0,0,0,2,,,,,,0,0,,,,,0
67.681909,1779967217.680104,10601,,BS2DCE,,f,0,0,2436,2436,100,1,O,0,0,0,0,2,,,,,,0,0,,,,,0
67.681909,1779967217.680104,10601,,BS2DCE,,f,0,1,2052,2052,100,1,O,0,0,0,0,2,,,,,,0,0,,,,,0
67.681909,1779967217.680104,10601,,BS2DCE,,f,0,2,1473,1473,100,1,O,0,0,0,0,2,,,,,,0,0,,,,,0
67.681909,1779967217.680104,10601,,BS2DCE,,f,0,3,2010,2010,100,1,O,0,0,0,0,2,,,,,,0,0,,,,,0
67.681909,1779967217.680104,10601,,BS2DCE,,f,0,4,2485,2485,100,1,O,0,0,0,0,2,,,,,,0,0,,,,,0
67.681909,1779967217.680104,10601,,BS2DCE,,f,0,5,2160,2160,100,1,O,0,0,0,0,2,,,,,,0,0,,,,,0
67.681909,1779967217.680104,10601,,BS2DCE,,f,0,6,1776,1776,89,1,O,0,0,0,0,2,,,,,,0,0,,,,,0
67.681909,1779967217.680104,10601,,BS2DCE,,f,0,7,2057,2057,100,1,O,0,0,0,0,2,,,,,,0,0,,,,,0
67.771879,1779967217.770074,10602,,BS2DCE,,f,0,0,2397,2397,100,1,O,0,0,0,0,2,,,,,,0,0,,,,,0
67.771879,1779967217.770074,10602,,BS2DCE,,f,0,1,1973,1973,100,1,O,0,0,0,0,2,,,,,,0,0,,,,,0
67.771879,1779967217.770074,10602,,BS2DCE,,f,0,2,1419,1419,100,1,O,0,0,0,0,2,,,,,,0,0,,,,,0
67.771879,1779967217.770074,10602,,BS2DCE,,f,0,3,2046,2046,100,1,O,0,0,0,0,2,,,,,,0,0,,,,,0
67.771879,1779967217.770074,10602,,BS2DCE,,f,0,4,2605,2605,100,1,O,0,0,0,0,2,,,,,,0,0,,,,,0
67.771879,1779967217.770074,10602,,BS2DCE,,f,0,5,2115,2115,100,1,O,0,0,0,0,2,,,,,,0,0,,,,,0
67.771879,1779967217.770074,10602,,BS2DCE,,f,0,6,0,1776,86,0,T,0,0,0,0,2,,,,,,0,0,,,,,0
67.771879,1779967217.770074,10602,,BS2DCE,,f,0,7,2075,2075,100,1,O,0,0,0,0,2,,,,,,0,0,,,,,0
67.854493,1779967217.852688,10603,,BS2DCE,,f,0,0,2534,2534,100,1,O,0,0,0,0,2,,,,,,0,0,,,,,0
67.854493,1779967217.852688,10603,,BS2DCE,,f,0,1,2048,2048,100,1,O,0,0,0,0,2,,,,,,0,0,,,,,0
67.854493,1779967217.852688,10603,,BS2DCE,,f,0,2,1459,1459,100,1,O,0,0,0,0,2,,,,,,0,0,,,,,0
67.854493,1779967217.852688,10603,,BS2DCE,,f,0,3,2073,2073,100,1,O,0,0,0,0,2,,,,,,0,0,,,,,0
67.854493,1779967217.852688,10603,,BS2DCE,,f,0,4,2614,2614,100,1,O,0,0,0,0,2,,,,,,0,0,,,,,0
67.854493,1779967217.852688,10603,,BS2DCE,,f,0,5,2041,2041,100,1,O,0,0,0,0,2,,,,,,0,0,,,,,0
67.854493,1779967217.852688,10603,,BS2DCE,,f,0,6,1623,1623,86,1,O,0,0,0,0,2,,,,,,0,0,,,,,0
67.854493,1779967217.852688,10603,,BS2DCE,,f,0,7,2142,2142,100,1,O,0,0,0,0,2,,,,,,0,0,,,,,0
67.970773,1779967217.968968,10604,,BS2DCE,,f,0,0,2540,2540,100,1,O,0,0,0,0,2,,,,,,0,0,,,,,0
67.970773,1779967217.968968,10604,,BS2DCE,,f,0,1,2165,2165,100,1,O,0,0,0,0,2,,,,,,0,0,,,,,0
67.970773,1779967217.968968,10604,,BS2DCE,,f,0,2,1445,1445,100,1,O,0,0,0,0,2,,,,,,0,0,,,,,0
67.970773,1779967217.968968,10604,,BS2DCE,,f,0,3,2133,2133,100,1,O,0,0,0,0,2,,,,,,0,0,,,,,0
67.970773,1779967217.968968,10604,,BS2DCE,,f,0,4,2662,2662,100,1,O,0,0,0,0,2,,,,,,0,0,,,,,0
67.970773,1779967217.968968,10604,,BS2DCE,,f,0,5,2046,2046,100,1,O,0,0,0,0,2,,,,,,0,0,,,,,0
67.970773,1779967217.968968,10604,,BS2DCE,,f,0,6,1603,1603,87,1,O,0,0,0,0,2,,,,,,0,0,,,,,0
67.970773,1779967217.968968,10604,,BS2DCE,,f,0,7,2237,2237,100,1,O,0,0,0,0,2,,,,,,0,0,,,,,0
68.057033,1779967218.055228,10605,,BS2DCE,,f,0,0,2508,2508,100,1,O,0,0,0,0,2,,,,,,0,0,,,,,0
68.057033,1779967218.055228,10605,,BS2DCE,,f,0,1,2239,2239,100,1,O,0,0,0,0,2,,,,,,0,0,,,,,0
68.057033,1779967218.055228,10605,,BS2DCE,,f,0,2,1534,1534,100,1,O,0,0,0,0,2,,,,,,0,0,,,,,0
68.057033,1779967218.055228,10605,,BS2DCE,,f,0,3,2204,2204,100,1,O,0,0,0,0,2,,,,,,0,0,,,,,0
68.057033,1779967218.055228,10605,,BS2DCE,,f,0,4,2651,2651,100,1,O,0,0,0,0,2,,,,,,0,0,,,,,0
68.057033,1779967218.055228,10605,,BS2DCE,,f,0,5,2148,2148,100,1,O,0,0,0,0,2,,,,,,0,0,,,,,0
68.057033,1779967218.055228,10605,,BS2DCE,,f,0,6,1609,1609,87,1,O,0,0,0,0,2,,,,,,0,0,,,,,0
68.057033,1779967218.055228,10605,,BS2DCE,,f,0,7,2218,2218,100,1,O,0,0,0,0,2,,,,,,0,0,,,,,0
68.162049,1779967218.160244,10606,,BS2DCE,,f,0,0,2567,2567,100,1,O,0,0,0,0,2,,,,,,0,0,,,,,0
68.162049,1779967218.160244,10606,,BS2DCE,,f,0,1,2346,2346,100,1,O,0,0,0,0,2,,,,,,0,0,,,,,0
68.162049,1779967218.160244,10606,,BS2DCE,,f,0,2,1697,1697,100,1,O,0,0,0,0,2,,,,,,0,0,,,,,0
68.162049,1779967218.160244,10606,,BS2DCE,,f,0,3,2226,2226,100,1,O,0,0,0,0,2,,,,,,0,0,,,,,0
68.162049,1779967218.160244,10606,,BS2DCE,,f,0,4,2672,2672,100,1,O,0,0,0,0,2,,,,,,0,0,,,,,0
68.162049,1779967218.160244,10606,,BS2DCE,,f,0,5,2029,2029,100,1,O,0,0,0,0,2,,,,,,0,0,,,,,0
68.162049,1779967218.160244,10606,,BS2DCE,,f,0,6,1608,1608,88,1,O,0,0,0,0,2,,,,,,0,0,,,,,0
68.162049,1779967218.160244,10606,,BS2DCE,,f,0,7,2214,2214,100,1,O,0,0,0,0,2,,,,,,0,0,,,,,0
68.267172,1779967218.265367,10607,,BS2DCE,,f,0,0,2580,2580,100,1,O,0,0,0,0,2,,,,,,0,0,,,,,0
68.267172,1779967218.265367,10607,,BS2DCE,,f,0,1,2077,2077,100,1,O,0,0,0,0,2,,,,,,0,0,,,,,0
68.267172,1779967218.265367,10607,,BS2DCE,,f,0,2,1565,1565,100,1,O,0,0,0,0,2,,,,,,0,0,,,,,0
68.267172,1779967218.265367,10607,,BS2DCE,,f,0,3,2297,2297,100,1,O,0,0,0,0,2,,,,,,0,0,,,,,0
68.267172,1779967218.265367,10607,,BS2DCE,,f,0,4,2657,2657,100,1,O,0,0,0,0,2,,,,,,0,0,,,,,0
68.267172,1779967218.265367,10607,,BS2DCE,,f,0,5,1860,1860,100,1,O,0,0,0,0,2,,,,,,0,0,,,,,0
68.267172,1779967218.265367,10607,,BS2DCE,,f,0,6,1631,1631,88,1,O,0,0,0,0,2,,,,,,0,0,,,,,0
68.267172,1779967218.265367,10607,,BS2DCE,,f,0,7,2257,2257,100,1,O,0,0,0,0,2,,,,,,0,0,,,,,0
68.419142,1779967218.417337,10608,,BS2DCE,,f,0,0,2675,2675,100,1,O,0,0,0,0,2,,,,,,0,0,,,,,0
68.419142,1779967218.417337,10608,,BS2DCE,,f,0,1,1972,1972,100,1,O,0,0,0,0,2,,,,,,0,0,,,,,0
68.419142,1779967218.417337,10608,,BS2DCE,,f,0,2,1529,1529,100,1,O,0,0,0,0,2,,,,,,0,0,,,,,0
68.419142,1779967218.417337,10608,,BS2DCE,,f,0,3,2259,2259,100,1,O,0,0,0,0,2,,,,,,0,0,,,,,0
68.419142,1779967218.417337,10608,,BS2DCE,,f,0,4,2575,2575,100,1,O,0,0,0,0,2,,,,,,0,0,,,,,0
68.419142,1779967218.417337,10608,,BS2DCE,,f,0,5,1839,1839,100,1,O,0,0,0,0,2,,,,,,0,0,,,,,0
68.419142,1779967218.417337,10608,,BS2DCE,,f,0,6,0,1631,84,0,T,0,0,0,0,2,,,,,,0,0,,,,,0
68.419142,1779967218.417337,10608,,BS2DCE,,f,0,7,2279,2279,100,1,O,0,0,0,0,2,,,,,,0,0,,,,,0
68.4543,1779967218.452495,10609,,BS2DCE,,f,0,0,2874,2874,100,1,O,0,0,0,0,2,,,,,,0,0,,,,,0
68.4543,1779967218.452495,10609,,BS2DCE,,f,0,1,1961,1961,100,1,O,0,0,0,0,2,,,,,,0,0,,,,,0
68.4543,1779967218.452495,10609,,BS2DCE,,f,0,2,1559,1559,100,1,O,0,0,0,0,2,,,,,,0,0,,,,,0
68.4543,1779967218.452495,10609,,BS2DCE,,f,0,3,2354,2354,100,1,O,0,0,0,0,2,,,,,,0,0,,,,,0
68.4543,1779967218.452495,10609,,BS2DCE,,f,0,4,2474,2474,100,1,O,0,0,0,0,2,,,,,,0,0,,,,,0
68.4543,1779967218.452495,10609,,BS2DCE,,f,0,5,1744,1744,100,1,O,0,0,0,0,2,,,,,,0,0,,,,,0
68.4543,1779967218.452495,10609,,BS2DCE,,f,0,6,1537,1537,85,1,O,0,0,0,0,2,,,,,,0,0,,,,,0
68.4543,1779967218.452495,10609,,BS2DCE,,f,0,7,2251,2251,100,1,O,0,0,0,0,2,,,,,,0,0,,,,,0
68.574465,1779967218.57266,10610,,BS2DCE,,f,0,0,2939,2939,100,1,O,0,0,0,0,2,,,,,,0,0,,,,,0
68.574465,1779967218.57266,10610,,BS2DCE,,f,0,1,1930,1930,100,1,O,0,0,0,0,2,,,,,,0,0,,,,,0
68.574465,1779967218.57266,10610,,BS2DCE,,f,0,2,1615,1615,100,1,O,0,0,0,0,2,,,,,,0,0,,,,,0
68.574465,1779967218.57266,10610,,BS2DCE,,f,0,3,2327,2327,100,1,O,0,0,0,0,2,,,,,,0,0,,,,,0
68.574465,1779967218.57266,10610,,BS2DCE,,f,0,4,2501,2501,100,1,O,0,0,0,0,2,,,,,,0,0,,,,,0
68.574465,1779967218.57266,10610,,BS2DCE,,f,0,5,1672,1672,100,1,O,0,0,0,0,2,,,,,,0,0,,,,,0
68.574465,1779967218.57266,10610,,BS2DCE,,f,0,6,1614,1614,85,1,O,0,0,0,0,2,,,,,,0,0,,,,,0
68.574465,1779967218.57266,10610,,BS2DCE,,f,0,7,2202,2202,100,1,O,0,0,0,0,2,,,,,,0,0,,,,,0
68.67946,1779967218.677655,10611,,BS2DCE,,f,0,0,2732,2732,100,1,O,0,0,0,0,2,,,,,,0,0,,,,,0
68.67946,1779967218.677655,10611,,BS2DCE,,f,0,1,1837,1837,100,1,O,0,0,0,0,2,,,,,,0,0,,,,,0
68.67946,1779967218.677655,10611,,BS2DCE,,f,0,2,1581,1581,100,1,O,0,0,0,0,2,,,,,,0,0,,,,,0
68.67946,1779967218.677655,10611,,BS2DCE,,f,0,3,2406,2406,100,1,O,0,0,0,0,2,,,,,,0,0,,,,,0
68.67946,1779967218.677655,10611,,BS2DCE,,f,0,4,2383,2383,100,1,O,0,0,0,0,2,,,,,,0,0,,,,,0
68.67946,1779967218.677655,10611,,BS2DCE,,f,0,5,1566,1566,100,1,O,0,0,0,0,2,,,,,,0,0,,,,,0
68.67946,1779967218.677655,10611,,BS2DCE,,f,0,6,1567,1567,86,1,O,0,0,0,0,2,,,,,,0,0,,,,,0
68.67946,1779967218.677655,10611,,BS2DCE,,f,0,7,2311,2311,100,1,O,0,0,0,0,2,,,,,,0,0,,,,,0
68.761874,1779967218.760069,10612,,BS2DCE,,f,0,0,2652,2652,100,1,O,0,0,0,0,2,,,,,,0,0,,,,,0
68.761874,1779967218.760069,10612,,BS2DCE,,f,0,1,1794,1794,100,1,O,0,0,0,0,2,,,,,,0,0,,,,,0
68.761874,1779967218.760069,10612,,BS2DCE,,f,0,2,1732,1732,100,1,O,0,0,0,0,2,,,,,,0,0,,,,,0
68.761874,1779967218.760069,10612,,BS2DCE,,f,0,3,2410,2410,100,1,O,0,0,0,0,2,,,,,,0,0,,,,,0
68.761874,1779967218.760069,10612,,BS2DCE,,f,0,4,2392,2392,100,1,O,0,0,0,0,2,,,,,,0,0,,,,,0
68.761874,1779967218.760069,10612,,BS2DCE,,f,0,5,1560,1560,100,1,O,0,0,0,0,2,,,,,,0,0,,,,,0
68.761874,1779967218.760069,10612,,BS2DCE,,f,0,6,1624,1624,86,1,O,0,0,0,0,2,,,,,,0,0,,,,,0
68.761874,1779967218.760069,10612,,BS2DCE,,f,0,7,0,2311,95,0,T,0,0,0,0,2,,,,,,0,0,,,,,0
68.867114,1779967218.865309,10613,,BS2DCE,,f,0,0,2643,2643,100,1,O,0,0,0,0,2,,,,,,0,0,,,,,0
68.867114,1779967218.865309,10613,,BS2DCE,,f,0,1,1800,1800,100,1,O,0,0,0,0,2,,,,,,0,0,,,,,0
68.867114,1779967218.865309,10613,,BS2DCE,,f,0,2,1772,1772,100,1,O,0,0,0,0,2,,,,,,0,0,,,,,0
68.867114,1779967218.865309,10613,,BS2DCE,,f,0,3,2468,2468,100,1,O,0,0,0,0,2,,,,,,0,0,,,,,0
68.867114,1779967218.865309,10613,,BS2DCE,,f,0,4,2322,2322,100,1,O,0,0,0,0,2,,,,,,0,0,,,,,0
68.867114,1779967218.865309,10613,,BS2DCE,,f,0,5,1576,1576,100,1,O,0,0,0,0,2,,,,,,0,0,,,,,0
68.867114,1779967218.865309,10613,,BS2DCE,,f,0,6,1791,1791,87,1,O,0,0,0,0,2,,,,,,0,0,,,,,0
68.867114,1779967218.865309,10613,,BS2DCE,,f,0,7,2408,2408,95,1,O,0,0,0,0,2,,,,,,0,0,,,,,0
68.984447,1779967218.982642,10614,,BS2DCE,,f,0,0,2575,2575,100,1,O,0,0,0,0,2,,,,,,0,0,,,,,0
68.984447,1779967218.982642,10614,,BS2DCE,,f,0,1,1843,1843,100,1,O,0,0,0,0,2,,,,,,0,0,,,,,0
68.984447,1779967218.982642,10614,,BS2DCE,,f,0,2,1786,1786,100,1,O,0,0,0,0,2,,,,,,0,0,,,,,0
68.984447,1779967218.982642,10614,,BS2DCE,,f,0,3,2452,2452,100,1,O,0,0,0,0,2,,,,,,0,0,,,,,0
68.984447,1779967218.982642,10614,,BS2DCE,,f,0,4,2308,2308,100,1,O,0,0,0,0,2,,,,,,0,0,,,,,0
68.984447,1779967218.982642,10614,,BS2DCE,,f,0,5,1621,1621,100,1,O,0,0,0,0,2,,,,,,0,0,,,,,0
68.984447,1779967218.982642,10614,,BS2DCE,,f,0,6,0,1791,84,0,T,0,0,0,0,2,,,,,,0,0,,,,,0
68.984447,1779967218.982642,10614,,BS2DCE,,f,0,7,2358,2358,96,1,O,0,0,0,0,2,,,,,,0,0,,,,,0
69.054358,1779967219.052553,10615,,BS2DCE,,f,0,0,2533,2533,100,1,O,0,0,0,0,2,,,,,,0,0,,,,,0
69.054358,1779967219.052553,10615,,BS2DCE,,f,0,1,1897,1897,100,1,O,0,0,0,0,2,,,,,,0,0,,,,,0
69.054358,1779967219.052553,10615,,BS2DCE,,f,0,2,1829,1829,100,1,O,0,0,0,0,2,,,,,,0,0,,,,,0
69.054358,1779967219.052553,10615,,BS2DCE,,f,0,3,2541,2541,100,1,O,0,0,0,0,2,,,,,,0,0,,,,,0
69.054358,1779967219.052553,10615,,BS2DCE,,f,0,4,2181,2181,100,1,O,0,0,0,0,2,,,,,,0,0,,,,,0
69.054358,1779967219.052553,10615,,BS2DCE,,f,0,5,1753,1753,100,1,O,0,0,0,0,2,,,,,,0,0,,,,,0
69.054358,1779967219.052553,10615,,BS2DCE,,f,0,6,1876,1876,84,1,O,0,0,0,0,2,,,,,,0,0,,,,,0
69.054358,1779967219.052553,10615,,BS2DCE,,f,0,7,2415,2415,96,1,O,0,0,0,0,2,,,,,,0,0,,,,,0
69.159915,1779967219.15811,10616,,BS2DCE,,f,0,0,2519,2519,100,1,O,0,0,0,0,2,,,,,,0,0,,,,,0
69.159915,1779967219.15811,10616,,BS2DCE,,f,0,1,1936,1936,100,1,O,0,0,0,0,2,,,,,,0,0,,,,,0
69.159915,1779967219.15811,10616,,BS2DCE,,f,0,2,1977,1977,100,1,O,0,0,0,0,2,,,,,,0,0,,,,,0
69.159915,1779967219.15811,10616,,BS2DCE,,f,0,3,2600,2600,100,1,O,0,0,0,0,2,,,,,,0,0,,,,,0
69.159915,1779967219.15811,10616,,BS2DCE,,f,0,4,2133,2133,100,1,O,0,0,0,0,2,,,,,,0,0,,,,,0
69.159915,1779967219.15811,10616,,BS2DCE,,f,0,5,1729,1729,100,1,O,0,0,0,0,2,,,,,,0,0,,,,,0
69.159915,1779967219.15811,10616,,BS2DCE,,f,0,6,1808,1808,85,1,O,0,0,0,0,2,,,,,,0,0,,,,,0
69.159915,1779967219.15811,10616,,BS2DCE,,f,0,7,2387,2387,96,1,O,0,0,0,0,2,,,,,,0,0,,,,,0
69.256836,1779967219.255031,10617,,BS2DCE,,f,0,0,2396,2396,100,1,O,0,0,0,0,2,,,,,,0,0,,,,,0
69.256836,1779967219.255031,10617,,BS2DCE,,f,0,1,1996,1996,100,1,O,0,0,0,0,2,,,,,,0,0,,,,,0
69.256836,1779967219.255031,10617,,BS2DCE,,f,0,2,2004,2004,100,1,O,0,0,0,0,2,,,,,,0,0,,,,,0
69.256836,1779967219.255031,10617,,BS2DCE,,f,0,3,2702,2702,100,1,O,0,0,0,0,2,,,,,,0,0,,,,,0
69.256836,1779967219.255031,10617,,BS2DCE,,f,0,4,2112,2112,100,1,O,0,0,0,0,2,,,,,,0,0,,,,,0
69.256836,1779967219.255031,10617,,BS2DCE,,f,0,5,1657,1657,100,1,O,0,0,0,0,2,,,,,,0,0,,,,,0
69.256836,1779967219.255031,10617,,BS2DCE,,f,0,6,1788,1788,85,1,O,0,0,0,0,2,,,,,,0,0,,,,,0
69.256836,1779967219.255031,10617,,BS2DCE,,f,0,7,2315,2315,96,1,O,0,0,0,0,2,,,,,,0,0,,,,,0
69.484172,1779967219.482367,10618,,BS2DCE,,f,0,0,2368,2368,100,1,O,0,0,0,0,2,,,,,,0,0,,,,,0
69.484172,1779967219.482367,10618,,BS2DCE,,f,0,1,1985,1985,100,1,O,0,0,0,0,2,,,,,,0,0,,,,,0
69.484172,1779967219.482367,10618,,BS2DCE,,f,0,2,2051,2051,100,1,O,0,0,0,0,2,,,,,,0,0,,,,,0
69.484172,1779967219.482367,10618,,BS2DCE,,f,0,3,2674,2674,100,1,O,0,0,0,0,2,,,,,,0,0,,,,,0
69.484172,1779967219.482367,10618,,BS2DCE,,f,0,4,2015,2015,100,1,O,0,0,0,0,2,,,,,,0,0,,,,,0
69.484172,1779967219.482367,10618,,BS2DCE,,f,0,5,1559,1559,100,1,O,0,0,0,0,2,,,,,,0,0,,,,,0
69.484172,1779967219.482367,10618,,BS2DCE,,f,0,6,1836,1836,86,1,O,0,0,0,0,2,,,,,,0,0,,,,,0
69.484172,1779967219.482367,10618,,BS2DCE,,f,0,7,2188,2188,96,1,O,0,0,0,0,2,,,,,,0,0,,,,,0
69.493174,1779967219.491369,10619,,BS2DCE,,f,0,0,2257,2257,100,1,O,0,0,0,0,2,,,,,,0,0,,,,,0
69.493174,1779967219.491369,10619,,BS2DCE,,f,0,1,2061,2061,100,1,O,0,0,0,0,2,,,,,,0,0,,,,,0
69.493174,1779967219.491369,10619,,BS2DCE,,f,0,2,2137,2137,100,1,O,0,0,0,0,2,,,,,,0,0,,,,,0
69.493174,1779967219.491369,10619,,BS2DCE,,f,0,3,0,2674,96,0,T,0,0,0,0,2,,,,,,0,0,,,,,0
69.493174,1779967219.491369,10619,,BS2DCE,,f,0,4,1984,1984,100,1,O,0,0,0,0,2,,,,,,0,0,,,,,0
69.493174,1779967219.491369,10619,,BS2DCE,,f,0,5,1666,1666,100,1,O,0,0,0,0,2,,,,,,0,0,,,,,0
69.493174,1779967219.491369,10619,,BS2DCE,,f,0,6,0,1836,83,0,T,0,0,0,0,2,,,,,,0,0,,,,,0
69.493174,1779967219.491369,10619,,BS2DCE,,f,0,7,2108,2108,96,1,O,0,0,0,0,2,,,,,,0,0,,,,,0
69.572163,1779967219.570358,10620,,BS2DCE,,f,0,0,2182,2182,100,1,O,0,0,0,0,2,,,,,,0,0,,,,,0
69.572163,1779967219.570358,10620,,BS2DCE,,f,0,1,1997,1997,100,1,O,0,0,0,0,2,,,,,,0,0,,,,,0
69.572163,1779967219.570358,10620,,BS2DCE,,f,0,2,2228,2228,100,1,O,0,0,0,0,2,,,,,,0,0,,,,,0
69.572163,1779967219.570358,10620,,BS2DCE,,f,0,3,2549,2549,96,1,O,0,0,0,0,2,,,,,,0,0,,,,,0
69.572163,1779967219.570358,10620,,BS2DCE,,f,0,4,1878,1878,100,1,O,0,0,0,0,2,,,,,,0,0,,,,,0
69.572163,1779967219.570358,10620,,BS2DCE,,f,0,5,1728,1728,100,1,O,0,0,0,0,2,,,,,,0,0,,,,,0
69.572163,1779967219.570358,10620,,BS2DCE,,f,0,6,0,1836,80,0,T,0,0,0,0,2,,,,,,0,0,,,,,0
69.572163,1779967219.570358,10620,,BS2DCE,,f,0,7,2019,2019,96,1,O,0,0,0,0,2,,,,,,0,0,,,,,0
69.654409,1779967219.652604,10621,,BS2DCE,,f,0,0,2194,2194,100,1,O,0,0,0,0,2,,,,,,0,0,,,,,0
69.654409,1779967219.652604,10621,,BS2DCE,,f,0,1,2034,2034,100,1,O,0,0,0,0,2,,,,,,0,0,,,,,0
69.654409,1779967219.652604,10621,,BS2DCE,,f,0,2,2289,2289,100,1,O,0,0,0,0,2,,,,,,0,0,,,,,0
69.654409,1779967219.652604,10621,,BS2DCE,,f,0,3,2682,2682,96,1,O,0,0,0,0,2,,,,,,0,0,,,,,0
69.654409,1779967219.652604,10621,,BS2DCE,,f,0,4,1791,1791,100,1,O,0,0,0,0,2,,,,,,0,0,,,,,0
69.654409,1779967219.652604,10621,,BS2DCE,,f,0,5,1703,1703,100,1,O,0,0,0,0,2,,,,,,0,0,,,,,0
69.654409,1779967219.652604,10621,,BS2DCE,,f,0,6,2006,2006,81,1,O,0,0,0,0,2,,,,,,0,0,,,,,0
69.654409,1779967219.652604,10621,,BS2DCE,,f,0,7,2030,2030,96,1,O,0,0,0,0,2,,,,,,0,0,,,,,0
69.759617,1779967219.757812,10622,,BS2DCE,,f,0,0,2178,2178,100,1,O,0,0,0,0,2,,,,,,0,0,,,,,0
69.759617,1779967219.757812,10622,,BS2DCE,,f,0,1,2117,2117,100,1,O,0,0,0,0,2,,,,,,0,0,,,,,0
69.759617,1779967219.757812,10622,,BS2DCE,,f,0,2,2256,2256,100,1,O,0,0,0,0,2,,,,,,0,0,,,,,0
69.759617,1779967219.757812,10622,,BS2DCE,,f,0,3,2333,2333,100,1,O,0,0,0,0,2,,,,,,0,0,,,,,0
69.759617,1779967219.757812,10622,,BS2DCE,,f,0,4,1748,1748,100,1,O,0,0,0,0,2,,,,,,0,0,,,,,0
69.759617,1779967219.757812,10622,,BS2DCE,,f,0,5,1841,1841,100,1,O,0,0,0,0,2,,,,,,0,0,,,,,0
69.759617,1779967219.757812,10622,,BS2DCE,,f,0,6,2101,2101,82,1,O,0,0,0,0,2,,,,,,0,0,,,,,0
69.759617,1779967219.757812,10622,,BS2DCE,,f,0,7,1907,1907,100,1,O,0,0,0,0,2,,,,,,0,0,,,,,0
69.85692,1779967219.855115,10623,,BS2DCE,,f,0,0,2124,2124,100,1,O,0,0,0,0,2,,,,,,0,0,,,,,0
69.85692,1779967219.855115,10623,,BS2DCE,,f,0,1,2131,2131,100,1,O,0,0,0,0,2,,,,,,0,0,,,,,0
69.85692,1779967219.855115,10623,,BS2DCE,,f,0,2,2250,2250,100,1,O,0,0,0,0,2,,,,,,0,0,,,,,0
69.85692,1779967219.855115,10623,,BS2DCE,,f,0,3,2270,2270,100,1,O,0,0,0,0,2,,,,,,0,0,,,,,0
69.85692,1779967219.855115,10623,,BS2DCE,,f,0,4,1676,1676,100,1,O,0,0,0,0,2,,,,,,0,0,,,,,0
69.85692,1779967219.855115,10623,,BS2DCE,,f,0,5,1898,1898,100,1,O,0,0,0,0,2,,,,,,0,0,,,,,0
69.85692,1779967219.855115,10623,,BS2DCE,,f,0,6,2055,2055,83,1,O,0,0,0,0,2,,,,,,0,0,,,,,0
69.85692,1779967219.855115,10623,,BS2DCE,,f,0,7,1879,1879,100,1,O,0,0,0,0,2,,,,,,0,0,,,,,0
69.962147,1779967219.960342,10624,,BS2DCE,,f,0,0,2090,2090,100,1,O,0,0,0,0,2,,,,,,0,0,,,,,0
69.962147,1779967219.960342,10624,,BS2DCE,,f,0,1,2698,2698,100,1,O,0,0,0,0,2,,,,,,0,0,,,,,0
69.962147,1779967219.960342,10624,,BS2DCE,,f,0,2,2308,2308,100,1,O,0,0,0,0,2,,,,,,0,0,,,,,0
69.962147,1779967219.960342,10624,,BS2DCE,,f,0,3,2129,2129,100,1,O,0,0,0,0,2,,,,,,0,0,,,,,0
69.962147,1779967219.960342,10624,,BS2DCE,,f,0,4,1653,1653,100,1,O,0,0,0,0,2,,,,,,0,0,,,,,0
69.962147,1779967219.960342,10624,,BS2DCE,,f,0,5,2027,2027,100,1,O,0,0,0,0,2,,,,,,0,0,,,,,0
69.962147,1779967219.960342,10624,,BS2DCE,,f,0,6,2144,2144,84,1,O,0,0,0,0,2,,,,,,0,0,,,,,0
69.962147,1779967219.960342,10624,,BS2DCE,,f,0,7,1874,1874,100,1,O,0,0,0,0,2,,,,,,0,0,,,,,0
70.067148,1779967220.065343,10625,,BS2DCE,,f,0,0,2076,2076,100,1,O,0,0,0,0,2,,,,,,0,0,,,,,0
70.067148,1779967220.065343,10625,,BS2DCE,,f,0,1,2512,2512,100,1,O,0,0,0,0,2,,,,,,0,0,,,,,0
70.067148,1779967220.065343,10625,,BS2DCE,,f,0,2,2403,2403,100,1,O,0,0,0,0,2,,,,,,0,0,,,,,0
70.067148,1779967220.065343,10625,,BS2DCE,,f,0,3,2172,2172,100,1,O,0,0,0,0,2,,,,,,0,0,,,,,0
70.067148,1779967220.065343,10625,,BS2DCE,,f,0,4,1682,1682,100,1,O,0,0,0,0,2,,,,,,0,0,,,,,0
70.067148,1779967220.065343,10625,,BS2DCE,,f,0,5,2013,2013,100,1,O,0,0,0,0,2,,,,,,0,0,,,,,0
70.067148,1779967220.065343,10625,,BS2DCE,,f,0,6,2173,2173,85,1,O,0,0,0,0,2,,,,,,0,0,,,,,0
70.067148,1779967220.065343,10625,,BS2DCE,,f,0,7,1731,1731,100,1,O,0,0,0,0,2,,,,,,0,0,,,,,0
70.201907,1779967220.200102,10626,,BS2DCE,,f,0,0,2044,2044,100,1,O,0,0,0,0,2,,,,,,0,0,,,,,0
70.201907,1779967220.200102,10626,,BS2DCE,,f,0,1,2423,2423,100,1,O,0,0,0,0,2,,,,,,0,0,,,,,0
70.201907,1779967220.200102,10626,,BS2DCE,,f,0,2,2836,2836,100,1,O,0,0,0,0,2,,,,,,0,0,,,,,0
70.201907,1779967220.200102,10626,,BS2DCE,,f,0,3,2204,2204,100,1,O,0,0,0,0,2,,,,,,0,0,,,,,0
70.201907,1779967220.200102,10626,,BS2DCE,,f,0,4,3918,3918,100,1,O,0,0,0,0,2,,,,,,0,0,,,,,0
70.201907,1779967220.200102,10626,,BS2DCE,,f,0,5,2165,2165,100,1,O,0,0,0,0,2,,,,,,0,0,,,,,0
70.201907,1779967220.200102,10626,,BS2DCE,,f,0,6,0,2173,80,0,T,0,0,0,0,2,,,,,,0,0,,,,,0
70.201907,1779967220.200102,10626,,BS2DCE,,f,0,7,1790,1790,100,1,O,0,0,0,0,2,,,,,,0,0,,,,,0
70.254507,1779967220.252702,10627,,BS2DCE,,f,0,0,2076,2076,100,1,O,0,0,0,0,2,,,,,,0,0,,,,,0
70.254507,1779967220.252702,10627,,BS2DCE,,f,0,1,2433,2433,100,1,O,0,0,0,0,2,,,,,,0,0,,,,,0
70.254507,1779967220.252702,10627,,BS2DCE,,f,0,2,2563,2563,100,1,O,0,0,0,0,2,,,,,,0,0,,,,,0
70.254507,1779967220.252702,10627,,BS2DCE,,f,0,3,2049,2049,100,1,O,0,0,0,0,2,,,,,,0,0,,,,,0
70.254507,1779967220.252702,10627,,BS2DCE,,f,0,4,1824,1824,100,1,O,0,0,0,0,2,,,,,,0,0,,,,,0
70.254507,1779967220.252702,10627,,BS2DCE,,f,0,5,2135,2135,100,1,O,0,0,0,0,2,,,,,,0,0,,,,,0
70.254507,1779967220.252702,10627,,BS2DCE,,f,0,6,2262,2262,81,1,O,0,0,0,0,2,,,,,,0,0,,,,,0
70.254507,1779967220.252702,10627,,BS2DCE,,f,0,7,1825,1825,100,1,O,0,0,0,0,2,,,,,,0,0,,,,,0
70.446242,1779967220.444437,10628,,BS2DCE,,f,0,0,1959,1959,100,1,O,0,0,0,0,2,,,,,,0,0,,,,,0
70.446242,1779967220.444437,10628,,BS2DCE,,f,0,1,2386,2386,100,1,O,0,0,0,0,2,,,,,,0,0,,,,,0
70.446242,1779967220.444437,10628,,BS2DCE,,f,0,2,2360,2360,100,1,O,0,0,0,0,2,,,,,,0,0,,,,,0
70.446242,1779967220.444437,10628,,BS2DCE,,f,0,3,1932,1932,100,1,O,0,0,0,0,2,,,,,,0,0,,,,,0
70.446242,1779967220.444437,10628,,BS2DCE,,f,0,4,1678,1678,100,1,O,0,0,0,0,2,,,,,,0,0,,,,,0
70.446242,1779967220.444437,10628,,BS2DCE,,f,0,5,2329,2329,100,1,O,0,0,0,0,2,,,,,,0,0,,,,,0
70.446242,1779967220.444437,10628,,BS2DCE,,f,0,6,2206,2206,82,1,O,0,0,0,0,2,,,,,,0,0,,,,,0
70.446242,1779967220.444437,10628,,BS2DCE,,f,0,7,1828,1828,100,1,O,0,0,0,0,2,,,,,,0,0,,,,,0
70.457143,1779967220.455338,10629,,BS2DCE,,f,0,0,1875,1875,100,1,O,0,0,0,0,2,,,,,,0,0,,,,,0
70.457143,1779967220.455338,10629,,BS2DCE,,f,0,1,2406,2406,100,1,O,0,0,0,0,2,,,,,,0,0,,,,,0
70.457143,1779967220.455338,10629,,BS2DCE,,f,0,2,2347,2347,100,1,O,0,0,0,0,2,,,,,,0,0,,,,,0
70.457143,1779967220.455338,10629,,BS2DCE,,f,0,3,1863,1863,100,1,O,0,0,0,0,2,,,,,,0,0,,,,,0
70.457143,1779967220.455338,10629,,BS2DCE,,f,0,4,1720,1720,100,1,O,0,0,0,0,2,,,,,,0,0,,,,,0
70.457143,1779967220.455338,10629,,BS2DCE,,f,0,5,2292,2292,100,1,O,0,0,0,0,2,,,,,,0,0,,,,,0
70.457143,1779967220.455338,10629,,BS2DCE,,f,0,6,2292,2292,83,1,O,0,0,0,0,2,,,,,,0,0,,,,,0
70.457143,1779967220.455338,10629,,BS2DCE,,f,0,7,1758,1758,100,1,O,0,0,0,0,2,,,,,,0,0,,,,,0
70.576803,1779967220.574998,10630,,BS2DCE,,f,0,0,1924,1924,100,1,O,0,0,0,0,2,,,,,,0,0,,,,,0
70.576803,1779967220.574998,10630,,BS2DCE,,f,0,1,2340,2340,100,1,O,0,0,0,0,2,,,,,,0,0,,,,,0
70.576803,1779967220.574998,10630,,BS2DCE,,f,0,2,2287,2287,100,1,O,0,0,0,0,2,,,,,,0,0,,,,,0
70.576803,1779967220.574998,10630,,BS2DCE,,f,0,3,1791,1791,100,1,O,0,0,0,0,2,,,,,,0,0,,,,,0
70.576803,1779967220.574998,10630,,BS2DCE,,f,0,4,1804,1804,100,1,O,0,0,0,0,2,,,,,,0,0,,,,,0
70.576803,1779967220.574998,10630,,BS2DCE,,f,0,5,2466,2466,100,1,O,0,0,0,0,2,,,,,,0,0,,,,,0
70.576803,1779967220.574998,10630,,BS2DCE,,f,0,6,2248,2248,84,1,O,0,0,0,0,2,,,,,,0,0,,,,,0
70.576803,1779967220.574998,10630,,BS2DCE,,f,0,7,1678,1678,100,1,O,0,0,0,0,2,,,,,,0,0,,,,,0
70.666885,1779967220.66508,10631,,BS2DCE,,f,0,0,1970,1970,100,1,O,0,0,0,0,2,,,,,,0,0,,,,,0
70.666885,1779967220.66508,10631,,BS2DCE,,f,0,1,2494,2494,100,1,O,0,0,0,0,2,,,,,,0,0,,,,,0
70.666885,1779967220.66508,10631,,BS2DCE,,f,0,2,2286,2286,100,1,O,0,0,0,0,2,,,,,,0,0,,,,,0
70.666885,1779967220.66508,10631,,BS2DCE,,f,0,3,1730,1730,100,1,O,0,0,0,0,2,,,,,,0,0,,,,,0
70.666885,1779967220.66508,10631,,BS2DCE,,f,0,4,1839,1839,100,1,O,0,0,0,0,2,,,,,,0,0,,,,,0
70.666885,1779967220.66508,10631,,BS2DCE,,f,0,5,2368,2368,100,1,O,0,0,0,0,2,,,,,,0,0,,,,,0
70.666885,1779967220.66508,10631,,BS2DCE,,f,0,6,2225,2225,84,1,O,0,0,0,0,2,,,,,,0,0,,,,,0
70.666885,1779967220.66508,10631,,BS2DCE,,f,0,7,1658,1658,100,1,O,0,0,0,0,2,,,,,,0,0,,,,,0
70.772009,1779967220.770204,10632,,BS2DCE,,f,0,0,1932,1932,100,1,O,0,0,0,0,2,,,,,,0,0,,,,,0
70.772009,1779967220.770204,10632,,BS2DCE,,f,0,1,2527,2527,100,1,O,0,0,0,0,2,,,,,,0,0,,,,,0
70.772009,1779967220.770204,10632,,BS2DCE,,f,0,2,2316,2316,100,1,O,0,0,0,0,2,,,,,,0,0,,,,,0
70.772009,1779967220.770204,10632,,BS2DCE,,f,0,3,1708,1708,100,1,O,0,0,0,0,2,,,,,,0,0,,,,,0
70.772009,1779967220.770204,10632,,BS2DCE,,f,0,4,1851,1851,100,1,O,0,0,0,0,2,,,,,,0,0,,,,,0
70.772009,1779967220.770204,10632,,BS2DCE,,f,0,5,2330,2330,100,1,O,0,0,0,0,2,,,,,,0,0,,,,,0
70.772009,1779967220.770204,10632,,BS2DCE,,f,0,6,0,2225,81,0,T,0,0,0,0,2,,,,,,0,0,,,,,0
70.772009,1779967220.770204,10632,,BS2DCE,,f,0,7,1672,1672,100,1,O,0,0,0,0,2,,,,,,0,0,,,,,0
70.854312,1779967220.852507,10633,,BS2DCE,,f,0,0,2023,2023,100,1,O,0,0,0,0,2,,,,,,0,0,,,,,0
70.854312,1779967220.852507,10633,,BS2DCE,,f,0,1,2688,2688,100,1,O,0,0,0,0,2,,,,,,0,0,,,,,0
70.854312,1779967220.852507,10633,,BS2DCE,,f,0,2,2121,2121,100,1,O,0,0,0,0,2,,,,,,0,0,,,,,0
70.854312,1779967220.852507,10633,,BS2DCE,,f,0,3,1632,1632,100,1,O,0,0,0,0,2,,,,,,0,0,,,,,0
70.854312,1779967220.852507,10633,,BS2DCE,,f,0,4,1884,1884,100,1,O,0,0,0,0,2,,,,,,0,0,,,,,0
70.854312,1779967220.852507,10633,,BS2DCE,,f,0,5,2362,2362,100,1,O,0,0,0,0,2,,,,,,0,0,,,,,0
70.854312,1779967220.852507,10633,,BS2DCE,,f,0,6,2236,2236,82,1,O,0,0,0,0,2,,,,,,0,0,,,,,0
70.854312,1779967220.852507,10633,,BS2DCE,,f,0,7,1732,1732,100,1,O,0,0,0,0,2,,,,,,0,0,,,,,0
70.959183,1779967220.957378,10634,,BS2DCE,,f,0,0,2042,2042,100,1,O,0,0,0,0,2,,,,,,0,0,,,,,0
70.959183,1779967220.957378,10634,,BS2DCE,,f,0,1,2673,2673,100,1,O,0,0,0,0,2,,,,,,0,0,,,,,0
70.959183,1779967220.957378,10634,,BS2DCE,,f,0,2,2097,2097,100,1,O,0,0,0,0,2,,,,,,0,0,,,,,0
70.959183,1779967220.957378,10634,,BS2DCE,,f,0,3,1639,1639,100,1,O,0,0,0,0,2,,,,,,0,0,,,,,0
70.959183,1779967220.957378,10634,,BS2DCE,,f,0,4,1931,1931,100,1,O,0,0,0,0,2,,,,,,0,0,,,,,0
70.959183,1779967220.957378,10634,,BS2DCE,,f,0,5,2382,2382,100,1,O,0,0,0,0,2,,,,,,0,0,,,,,0
70.959183,1779967220.957378,10634,,BS2DCE,,f,0,6,2192,2192,82,1,O,0,0,0,0,2,,,,,,0,0,,,,,0
70.959183,1779967220.957378,10634,,BS2DCE,,f,0,7,1737,1737,100,1,O,0,0,0,0,2,,,,,,0,0,,,,,0
71.082225,1779967221.08042,10635,,BS2DCE,,f,0,0,2177,2177,100,1,O,0,0,0,0,2,,,,,,0,0,,,,,0
71.082225,1779967221.08042,10635,,BS2DCE,,f,0,1,2601,2601,100,1,O,0,0,0,0,2,,,,,,0,0,,,,,0
71.082225,1779967221.08042,10635,,BS2DCE,,f,0,2,2065,2065,100,1,O,0,0,0,0,2,,,,,,0,0,,,,,0
71.082225,1779967221.08042,10635,,BS2DCE,,f,0,3,1603,1603,100,1,O,0,0,0,0,2,,,,,,0,0,,,,,0
71.082225,1779967221.08042,10635,,BS2DCE,,f,0,4,1985,1985,100,1,O,0,0,0,0,2,,,,,,0,0,,,,,0
71.082225,1779967221.08042,10635,,BS2DCE,,f,0,5,2469,2469,100,1,O,0,0,0,0,2,,,,,,0,0,,,,,0
71.082225,1779967221.08042,10635,,BS2DCE,,f,0,6,2162,2162,83,1,O,0,0,0,0,2,,,,,,0,0,,,,,0
71.082225,1779967221.08042,10635,,BS2DCE,,f,0,7,1767,1767,100,1,O,0,0,0,0,2,,,,,,0,0,,,,,0
71.161913,1779967221.160108,10636,,BS2DCE,,f,0,0,2322,2322,100,1,O,0,0,0,0,2,,,,,,0,0,,,,,0
71.161913,1779967221.160108,10636,,BS2DCE,,f,0,1,2533,2533,100,1,O,0,0,0,0,2,,,,,,0,0,,,,,0
71.161913,1779967221.160108,10636,,BS2DCE,,f,0,2,1975,1975,100,1,O,0,0,0,0,2,,,,,,0,0,,,,,0
71.161913,1779967221.160108,10636,,BS2DCE,,f,0,3,1612,1612,100,1,O,0,0,0,0,2,,,,,,0,0,,,,,0
71.161913,1779967221.160108,10636,,BS2DCE,,f,0,4,2098,2098,100,1,O,0,0,0,0,2,,,,,,0,0,,,,,0
71.161913,1779967221.160108,10636,,BS2DCE,,f,0,5,2652,2652,100,1,O,0,0,0,0,2,,,,,,0,0,,,,,0
71.161913,1779967221.160108,10636,,BS2DCE,,f,0,6,2211,2211,83,1,O,0,0,0,0,2,,,,,,0,0,,,,,0
71.161913,1779967221.160108,10636,,BS2DCE,,f,0,7,1751,1751,100,1,O,0,0,0,0,2,,,,,,0,0,,,,,0
71.28179,1779967221.279985,10637,,BS2DCE,,f,0,0,2466,2466,100,1,O,0,0,0,0,2,,,,,,0,0,,,,,0
71.28179,1779967221.279985,10637,,BS2DCE,,f,0,1,2495,2495,100,1,O,0,0,0,0,2,,,,,,0,0,,,,,0
71.28179,1779967221.279985,10637,,BS2DCE,,f,0,2,2009,2009,100,1,O,0,0,0,0,2,,,,,,0,0,,,,,0
71.28179,1779967221.279985,10637,,BS2DCE,,f,0,3,1621,1621,100,1,O,0,0,0,0,2,,,,,,0,0,,,,,0
71.28179,1779967221.279985,10637,,BS2DCE,,f,0,4,2083,2083,100,1,O,0,0,0,0,2,,,,,,0,0,,,,,0
71.28179,1779967221.279985,10637,,BS2DCE,,f,0,5,2608,2608,100,1,O,0,0,0,0,2,,,,,,0,0,,,,,0
71.28179,1779967221.279985,10637,,BS2DCE,,f,0,6,2216,2216,84,1,O,0,0,0,0,2,,,,,,0,0,,,,,0
71.28179,1779967221.279985,10637,,BS2DCE,,f,0,7,1796,1796,100,1,O,0,0,0,0,2,,,,,,0,0,,,,,0
71.419053,1779967221.417248,10638,,BS2DCE,,f,0,0,2254,2254,100,1,O,0,0,0,0,2,,,,,,0,0,,,,,0
71.419053,1779967221.417248,10638,,BS2DCE,,f,0,1,2366,2366,100,1,O,0,0,0,0,2,,,,,,0,0,,,,,0
71.419053,1779967221.417248,10638,,BS2DCE,,f,0,2,1978,1978,100,1,O,0,0,0,0,2,,,,,,0,0,,,,,0
71.419053,1779967221.417248,10638,,BS2DCE,,f,0,3,1823,1823,100,1,O,0,0,0,0,2,,,,,,0,0,,,,,0
71.419053,1779967221.417248,10638,,BS2DCE,,f,0,4,2143,2143,100,1,O,0,0,0,0,2,,,,,,0,0,,,,,0
71.419053,1779967221.417248,10638,,BS2DCE,,f,0,5,2611,2611,100,1,O,0,0,0,0,2,,,,,,0,0,,,,,0
71.419053,1779967221.417248,10638,,BS2DCE,,f,0,6,0,2216,82,0,T,0,0,0,0,2,,,,,,0,0,,,,,0
71.419053,1779967221.417248,10638,,BS2DCE,,f,0,7,1741,1741,100,1,O,0,0,0,0,2,,,,,,0,0,,,,,0
71.467165,1779967221.46536,10639,,BS2DCE,,f,0,0,2172,2172,100,1,O,0,0,0,0,2,,,,,,0,0,,,,,0
71.467165,1779967221.46536,10639,,BS2DCE,,f,0,1,2307,2307,100,1,O,0,0,0,0,2,,,,,,0,0,,,,,0
71.467165,1779967221.46536,10639,,BS2DCE,,f,0,2,1911,1911,100,1,O,0,0,0,0,2,,,,,,0,0,,,,,0
71.467165,1779967221.46536,10639,,BS2DCE,,f,0,3,1869,1869,100,1,O,0,0,0,0,2,,,,,,0,0,,,,,0
71.467165,1779967221.46536,10639,,BS2DCE,,f,0,4,2177,2177,100,1,O,0,0,0,0,2,,,,,,0,0,,,,,0
71.467165,1779967221.46536,10639,,BS2DCE,,f,0,5,2575,2575,100,1,O,0,0,0,0,2,,,,,,0,0,,,,,0
71.467165,1779967221.46536,10639,,BS2DCE,,f,0,6,2300,2300,83,1,O,0,0,0,0,2,,,,,,0,0,,,,,0
71.467165,1779967221.46536,10639,,BS2DCE,,f,0,7,1773,1773,100,1,O,0,0,0,0,2,,,,,,0,0,,,,,0
71.575232,1779967221.573427,10640,,BS2DCE,,f,0,0,2195,2195,100,1,O,0,0,0,0,2,,,,,,0,0,,,,,0
71.575232,1779967221.573427,10640,,BS2DCE,,f,0,1,2313,2313,100,1,O,0,0,0,0,2,,,,,,0,0,,,,,0
71.575232,1779967221.573427,10640,,BS2DCE,,f,0,2,1912,1912,100,1,O,0,0,0,0,2,,,,,,0,0,,,,,0
71.575232,1779967221.573427,10640,,BS2DCE,,f,0,3,1826,1826,100,1,O,0,0,0,0,2,,,,,,0,0,,,,,0
71.575232,1779967221.573427,10640,,BS2DCE,,f,0,4,2206,2206,100,1,O,0,0,0,0,2,,,,,,0,0,,,,,0
71.575232,1779967221.573427,10640,,BS2DCE,,f,0,5,2504,2504,100,1,O,0,0,0,0,2,,,,,,0,0,,,,,0
71.575232,1779967221.573427,10640,,BS2DCE,,f,0,6,2344,2344,84,1,O,0,0,0,0,2,,,,,,0,0,,,,,0
71.575232,1779967221.573427,10640,,BS2DCE,,f,0,7,1790,1790,100,1,O,0,0,0,0,2,,,,,,0,0,,,,,0
71.656787,1779967221.654982,10641,,BS2DCE,,f,0,0,2216,2216,100,1,O,0,0,0,0,2,,,,,,0,0,,,,,0
71.656787,1779967221.654982,10641,,BS2DCE,,f,0,1,2279,2279,100,1,O,0,0,0,0,2,,,,,,0,0,,,,,0
71.656787,1779967221.654982,10641,,BS2DCE,,f,0,2,1852,1852,100,1,O,0,0,0,0,2,,,,,,0,0,,,,,0
71.656787,1779967221.654982,10641,,BS2DCE,,f,0,3,1800,1800,100,1,O,0,0,0,0,2,,,,,,0,0,,,,,0
71.656787,1779967221.654982,10641,,BS2DCE,,f,0,4,2181,2181,100,1,O,0,0,0,0,2,,,,,,0,0,,,,,0
71.656787,1779967221.654982,10641,,BS2DCE,,f,0,5,2452,2452,100,1,O,0,0,0,0,2,,,,,,0,0,,,,,0
71.656787,1779967221.654982,10641,,BS2DCE,,f,0,6,2168,2168,85,1,O,0,0,0,0,2,,,,,,0,0,,,,,0
71.656787,1779967221.654982,10641,,BS2DCE,,f,0,7,1819,1819,100,1,O,0,0,0,0,2,,,,,,0,0,,,,,0
71.761957,1779967221.760152,10642,,BS2DCE,,f,0,0,2101,2101,100,1,O,0,0,0,0,2,,,,,,0,0,,,,,0
71.761957,1779967221.760152,10642,,BS2DCE,,f,0,1,2250,2250,100,1,O,0,0,0,0,2,,,,,,0,0,,,,,0
71.761957,1779967221.760152,10642,,BS2DCE,,f,0,2,1817,1817,100,1,O,0,0,0,0,2,,,,,,0,0,,,,,0
71.761957,1779967221.760152,10642,,BS2DCE,,f,0,3,1776,1776,100,1,O,0,0,0,0,2,,,,,,0,0,,,,,0
71.761957,1779967221.760152,10642,,BS2DCE,,f,0,4,2287,2287,100,1,O,0,0,0,0,2,,,,,,0,0,,,,,0
71.761957,1779967221.760152,10642,,BS2DCE,,f,0,5,2433,2433,100,1,O,0,0,0,0,2,,,,,,0,0,,,,,0
71.761957,1779967221.760152,10642,,BS2DCE,,f,0,6,2187,2187,85,1,O,0,0,0,0,2,,,,,,0,0,,,,,0
71.761957,1779967221.760152,10642,,BS2DCE,,f,0,7,1780,1780,100,1,O,0,0,0,0,2,,,,,,0,0,,,,,0
71.866845,1779967221.86504,10643,,BS2DCE,,f,0,0,2157,2157,100,1,O,0,0,0,0,2,,,,,,0,0,,,,,0
71.866845,1779967221.86504,10643,,BS2DCE,,f,0,1,2190,2190,100,1,O,0,0,0,0,2,,,,,,0,0,,,,,0
71.866845,1779967221.86504,10643,,BS2DCE,,f,0,2,1711,1711,100,1,O,0,0,0,0,2,,,,,,0,0,,,,,0
71.866845,1779967221.86504,10643,,BS2DCE,,f,0,3,1771,1771,100,1,O,0,0,0,0,2,,,,,,0,0,,,,,0
71.866845,1779967221.86504,10643,,BS2DCE,,f,0,4,2240,2240,100,1,O,0,0,0,0,2,,,,,,0,0,,,,,0
71.866845,1779967221.86504,10643,,BS2DCE,,f,0,5,2237,2237,100,1,O,0,0,0,0,2,,,,,,0,0,,,,,0
71.866845,1779967221.86504,10643,,BS2DCE,,f,0,6,2066,2066,86,1,O,0,0,0,0,2,,,,,,0,0,,,,,0
71.866845,1779967221.86504,10643,,BS2DCE,,f,0,7,1804,1804,100,1,O,0,0,0,0,2,,,,,,0,0,,,,,0
72.001801,1779967221.999996,10644,,BS2DCE,,f,0,0,2172,2172,100,1,O,0,0,0,0,2,,,,,,0,0,,,,,0
72.001801,1779967221.999996,10644,,BS2DCE,,f,0,1,2148,2148,100,1,O,0,0,0,0,2,,,,,,0,0,,,,,0
72.001801,1779967221.999996,10644,,BS2DCE,,f,0,2,1698,1698,100,1,O,0,0,0,0,2,,,,,,0,0,,,,,0
72.001801,1779967221.999996,10644,,BS2DCE,,f,0,3,1833,1833,100,1,O,0,0,0,0,2,,,,,,0,0,,,,,0
72.001801,1779967221.999996,10644,,BS2DCE,,f,0,4,2271,2271,100,1,O,0,0,0,0,2,,,,,,0,0,,,,,0
72.001801,1779967221.999996,10644,,BS2DCE,,f,0,5,2378,2378,100,1,O,0,0,0,0,2,,,,,,0,0,,,,,0
72.001801,1779967221.999996,10644,,BS2DCE,,f,0,6,2025,2025,86,1,O,0,0,0,0,2,,,,,,0,0,,,,,0
72.001801,1779967221.999996,10644,,BS2DCE,,f,0,7,1845,1845,100,1,O,0,0,0,0,2,,,,,,0,0,,,,,0
72.054284,1779967222.052479,10645,,BS2DCE,,f,0,0,2262,2262,100,1,O,0,0,0,0,2,,,,,,0,0,,,,,0
72.054284,1779967222.052479,10645,,BS2DCE,,f,0,1,2155,2155,100,1,O,0,0,0,0,2,,,,,,0,0,,,,,0
72.054284,1779967222.052479,10645,,BS2DCE,,f,0,2,1685,1685,100,1,O,0,0,0,0,2,,,,,,0,0,,,,,0
72.054284,1779967222.052479,10645,,BS2DCE,,f,0,3,1799,1799,100,1,O,0,0,0,0,2,,,,,,0,0,,,,,0
72.054284,1779967222.052479,10645,,BS2DCE,,f,0,4,2299,2299,100,1,O,0,0,0,0,2,,,,,,0,0,,,,,0
72.054284,1779967222.052479,10645,,BS2DCE,,f,0,5,2274,2274,100,1,O,0,0,0,0,2,,,,,,0,0,,,,,0
72.054284,1779967222.052479,10645,,BS2DCE,,f,0,6,1897,1897,87,1,O,0,0,0,0,2,,,,,,0,0,,,,,0
72.054284,1779967222.052479,10645,,BS2DCE,,f,0,7,1850,1850,100,1,O,0,0,0,0,2,,,,,,0,0,,,,,0
72.159192,1779967222.157387,10646,,BS2DCE,,f,0,0,2287,2287,100,1,O,0,0,0,0,2,,,,,,0,0,,,,,0
72.159192,1779967222.157387,10646,,BS2DCE,,f,0,1,2144,2144,100,1,O,0,0,0,0,2,,,,,,0,0,,,,,0
72.159192,1779967222.157387,10646,,BS2DCE,,f,0,2,1606,1606,100,1,O,0,0,0,0,2,,,,,,0,0,,,,,0
72.159192,1779967222.157387,10646,,BS2DCE,,f,0,3,1841,1841,100,1,O,0,0,0,0,2,,,,,,0,0,,,,,0
72.159192,1779967222.157387,10646,,BS2DCE,,f,0,4,2340,2340,100,1,O,0,0,0,0,2,,,,,,0,0,,,,,0
72.159192,1779967222.157387,10646,,BS2DCE,,f,0,5,2229,2229,100,1,O,0,0,0,0,2,,,,,,0,0,,,,,0
72.159192,1779967222.157387,10646,,BS2DCE,,f,0,6,1901,1901,88,1,O,0,0,0,0,2,,,,,,0,0,,,,,0
72.159192,1779967222.157387,10646,,BS2DCE,,f,0,7,1884,1884,100,1,O,0,0,0,0,2,,,,,,0,0,,,,,0
72.256964,1779967222.255159,10647,,BS2DCE,,f,0,0,2300,2300,100,1,O,0,0,0,0,2,,,,,,0,0,,,,,0
72.256964,1779967222.255159,10647,,BS2DCE,,f,0,1,2103,2103,100,1,O,0,0,0,0,2,,,,,,0,0,,,,,0
72.256964,1779967222.255159,10647,,BS2DCE,,f,0,2,1591,1591,100,1,O,0,0,0,0,2,,,,,,0,0,,,,,0
72.256964,1779967222.255159,10647,,BS2DCE,,f,0,3,1815,1815,100,1,O,0,0,0,0,2,,,,,,0,0,,,,,0
72.256964,1779967222.255159,10647,,BS2DCE,,f,0,4,2339,2339,100,1,O,0,0,0,0,2,,,,,,0,0,,,,,0
72.256964,1779967222.255159,10647,,BS2DCE,,f,0,5,2259,2259,100,1,O,0,0,0,0,2,,,,,,0,0,,,,,0
72.256964,1779967222.255159,10647,,BS2DCE,,f,0,6,1768,1768,88,1,O,0,0,0,0,2,,,,,,0,0,,,,,0
72.256964,1779967222.255159,10647,,BS2DCE,,f,0,7,1901,1901,100,1,O,0,0,0,0,2,,,,,,0,0,,,,,0
72.416575,1779967222.41477,10648,,BS2DCE,,f,0,0,2299,2299,100,1,O,0,0,0,0,2,,,,,,0,0,,,,,0
72.416575,1779967222.41477,10648,,BS2DCE,,f,0,1,2135,2135,100,1,O,0,0,0,0,2,,,,,,0,0,,,,,0
72.416575,1779967222.41477,10648,,BS2DCE,,f,0,2,1519,1519,100,1,O,0,0,0,0,2,,,,,,0,0,,,,,0
72.416575,1779967222.41477,10648,,BS2DCE,,f,0,3,1948,1948,100,1,O,0,0,0,0,2,,,,,,0,0,,,,,0
72.416575,1779967222.41477,10648,,BS2DCE,,f,0,4,2473,2473,100,1,O,0,0,0,0,2,,,,,,0,0,,,,,0
72.416575,1779967222.41477,10648,,BS2DCE,,f,0,5,2199,2199,100,1,O,0,0,0,0,2,,,,,,0,0,,,,,0
72.416575,1779967222.41477,10648,,BS2DCE,,f,0,6,1830,1830,88,1,O,0,0,0,0,2,,,,,,0,0,,,,,0
72.416575,1779967222.41477,10648,,BS2DCE,,f,0,7,2011,2011,100,1,O,0,0,0,0,2,,,,,,0,0,,,,,0
72.451692,1779967222.449887,10649,,BS2DCE,,f,0,0,2286,2286,100,1,O,0,0,0,0,2,,,,,,0,0,,,,,0
72.451692,1779967222.449887,10649,,BS2DCE,,f,0,1,0,2135,96,0,T,0,0,0,0,2,,,,,,0,0,,,,,0
72.451692,1779967222.449887,10649,,BS2DCE,,f,0,2,1502,1502,100,1,O,0,0,0,0,2,,,,,,0,0,,,,,0
72.451692,1779967222.449887,10649,,BS2DCE,,f,0,3,1893,1893,100,1,O,0,0,0,0,2,,,,,,0,0,,,,,0
72.451692,1779967222.449887,10649,,BS2DCE,,f,0,4,2481,2481,100,1,O,0,0,0,0,2,,,,,,0,0,,,,,0
72.451692,1779967222.449887,10649,,BS2DCE,,f,0,5,2219,2219,100,1,O,0,0,0,0,2,,,,,,0,0,,,,,0
72.451692,1779967222.449887,10649,,BS2DCE,,f,0,6,1783,1783,89,1,O,0,0,0,0,2,,,,,,0,0,,,,,0
72.451692,1779967222.449887,10649,,BS2DCE,,f,0,7,2038,2038,100,1,O,0,0,0,0,2,,,,,,0,0,,,,,0
72.571791,1779967222.569986,10650,,BS2DCE,,f,0,0,2330,2330,100,1,O,0,0,0,0,2,,,,,,0,0,,,,,0
72.571791,1779967222.569986,10650,,BS2DCE,,f,0,1,2082,2082,96,1,O,0,0,0,0,2,,,,,,0,0,,,,,0
72.571791,1779967222.569986,10650,,BS2DCE,,f,0,2,1570,1570,100,1,O,0,0,0,0,2,,,,,,0,0,,,,,0
72.571791,1779967222.569986,10650,,BS2DCE,,f,0,3,1939,1939,100,1,O,0,0,0,0,2,,,,,,0,0,,,,,0
72.571791,1779967222.569986,10650,,BS2DCE,,f,0,4,2486,2486,100,1,O,0,0,0,0,2,,,,,,0,0,,,,,0
72.571791,1779967222.569986,10650,,BS2DCE,,f,0,5,2253,2253,100,1,O,0,0,0,0,2,,,,,,0,0,,,,,0
72.571791,1779967222.569986,10650,,BS2DCE,,f,0,6,1789,1789,89,1,O,0,0,0,0,2,,,,,,0,0,,,,,0
72.571791,1779967222.569986,10650,,BS2DCE,,f,0,7,2019,2019,100,1,O,0,0,0,0,2,,,,,,0,0,,,,,0
72.654403,1779967222.652598,10651,,BS2DCE,,f,0,0,2373,2373,100,1,O,0,0,0,0,2,,,,,,0,0,,,,,0
72.654403,1779967222.652598,10651,,BS2DCE,,f,0,1,2061,2061,96,1,O,0,0,0,0,2,,,,,,0,0,,,,,0
72.654403,1779967222.652598,10651,,BS2DCE,,f,0,2,1512,1512,100,1,O,0,0,0,0,2,,,,,,0,0,,,,,0
72.654403,1779967222.652598,10651,,BS2DCE,,f,0,3,1963,1963,100,1,O,0,0,0,0,2,,,,,,0,0,,,,,0
72.654403,1779967222.652598,10651,,BS2DCE,,f,0,4,2523,2523,100,1,O,0,0,0,0,2,,,,,,0,0,,,,,0
72.654403,1779967222.652598,10651,,BS2DCE,,f,0,5,2159,2159,100,1,O,0,0,0,0,2,,,,,,0,0,,,,,0
72.654403,1779967222.652598,10651,,BS2DCE,,f,0,6,1749,1749,90,1,O,0,0,0,0,2,,,,,,0,0,,,,,0
72.654403,1779967222.652598,10651,,BS2DCE,,f,0,7,2128,2128,100,1,O,0,0,0,0,2,,,,,,0,0,,,,,0
72.759332,1779967222.757527,10652,,BS2DCE,,f,0,0,2423,2423,100,1,O,0,0,0,0,2,,,,,,0,0,,,,,0
72.759332,1779967222.757527,10652,,BS2DCE,,f,0,1,2064,2064,96,1,O,0,0,0,0,2,,,,,,0,0,,,,,0
72.759332,1779967222.757527,10652,,BS2DCE,,f,0,2,1471,1471,100,1,O,0,0,0,0,2,,,,,,0,0,,,,,0
72.759332,1779967222.757527,10652,,BS2DCE,,f,0,3,2020,2020,100,1,O,0,0,0,0,2,,,,,,0,0,,,,,0
72.759332,1779967222.757527,10652,,BS2DCE,,f,0,4,2491,2491,100,1,O,0,0,0,0,2,,,,,,0,0,,,,,0
72.759332,1779967222.757527,10652,,BS2DCE,,f,0,5,2137,2137,100,1,O,0,0,0,0,2,,,,,,0,0,,,,,0
72.759332,1779967222.757527,10652,,BS2DCE,,f,0,6,1751,1751,90,1,O,0,0,0,0,2,,,,,,0,0,,,,,0
72.759332,1779967222.757527,10652,,BS2DCE,,f,0,7,2119,2119,100,1,O,0,0,0,0,2,,,,,,0,0,,,,,0
72.85686,1779967222.855055,10653,,BS2DCE,,f,0,0,2421,2421,100,1,O,0,0,0,0,2,,,,,,0,0,,,,,0
72.85686,1779967222.855055,10653,,BS2DCE,,f,0,1,1982,1982,96,1,O,0,0,0,0,2,,,,,,0,0,,,,,0
72.85686,1779967222.855055,10653,,BS2DCE,,f,0,2,1471,1471,100,1,O,0,0,0,0,2,,,,,,0,0,,,,,0
72.85686,1779967222.855055,10653,,BS2DCE,,f,0,3,2051,2051,100,1,O,0,0,0,0,2,,,,,,0,0,,,,,0
72.85686,1779967222.855055,10653,,BS2DCE,,f,0,4,2521,2521,100,1,O,0,0,0,0,2,,,,,,0,0,,,,,0
72.85686,1779967222.855055,10653,,BS2DCE,,f,0,5,2028,2028,100,1,O,0,0,0,0,2,,,,,,0,0,,,,,0
72.85686,1779967222.855055,10653,,BS2DCE,,f,0,6,1646,1646,90,1,O,0,0,0,0,2,,,,,,0,0,,,,,0
72.85686,1779967222.855055,10653,,BS2DCE,,f,0,7,2063,2063,100,1,O,0,0,0,0,2,,,,,,0,0,,,,,0
72.964425,1779967222.96262,10654,,BS2DCE,,f,0,0,2413,2413,100,1,O,0,0,0,0,2,,,,,,0,0,,,,,0
72.964425,1779967222.96262,10654,,BS2DCE,,f,0,1,2024,2024,100,1,O,0,0,0,0,2,,,,,,0,0,,,,,0
72.964425,1779967222.96262,10654,,BS2DCE,,f,0,2,1498,1498,100,1,O,0,0,0,0,2,,,,,,0,0,,,,,0
72.964425,1779967222.96262,10654,,BS2DCE,,f,0,3,2033,2033,100,1,O,0,0,0,0,2,,,,,,0,0,,,,,0
72.964425,1779967222.96262,10654,,BS2DCE,,f,0,4,2622,2622,100,1,O,0,0,0,0,2,,,,,,0,0,,,,,0
72.964425,1779967222.96262,10654,,BS2DCE,,f,0,5,2073,2073,100,1,O,0,0,0,0,2,,,,,,0,0,,,,,0
72.964425,1779967222.96262,10654,,BS2DCE,,f,0,6,1689,1689,94,1,O,0,0,0,0,2,,,,,,0,0,,,,,0
72.964425,1779967222.96262,10654,,BS2DCE,,f,0,7,2151,2151,100,1,O,0,0,0,0,2,,,,,,0,0,,,,,0
73.081776,1779967223.079971,10655,,BS2DCE,,f,0,0,2460,2460,100,1,O,0,0,0,0,2,,,,,,0,0,,,,,0
73.081776,1779967223.079971,10655,,BS2DCE,,f,0,1,2090,2090,100,1,O,0,0,0,0,2,,,,,,0,0,,,,,0
73.081776,1779967223.079971,10655,,BS2DCE,,f,0,2,1430,1430,100,1,O,0,0,0,0,2,,,,,,0,0,,,,,0
73.081776,1779967223.079971,10655,,BS2DCE,,f,0,3,2123,2123,100,1,O,0,0,0,0,2,,,,,,0,0,,,,,0
73.081776,1779967223.079971,10655,,BS2DCE,,f,0,4,2603,2603,100,1,O,0,0,0,0,2,,,,,,0,0,,,,,0
73.081776,1779967223.079971,10655,,BS2DCE,,f,0,5,2133,2133,100,1,O,0,0,0,0,2,,,,,,0,0,,,,,0
73.081776,1779967223.079971,10655,,BS2DCE,,f,0,6,1653,1653,94,1,O,0,0,0,0,2,,,,,,0,0,,,,,0
73.081776,1779967223.079971,10655,,BS2DCE,,f,0,7,2211,2211,100,1,O,0,0,0,0,2,,,,,,0,0,,,,,0
73.178445,1779967223.17664,10656,,BS2DCE,,f,0,0,2521,2521,100,1,O,0,0,0,0,2,,,,,,0,0,,,,,0
73.178445,1779967223.17664,10656,,BS2DCE,,f,0,1,2070,2070,100,1,O,0,0,0,0,2,,,,,,0,0,,,,,0
73.178445,1779967223.17664,10656,,BS2DCE,,f,0,2,1464,1464,100,1,O,0,0,0,0,2,,,,,,0,0,,,,,0
73.178445,1779967223.17664,10656,,BS2DCE,,f,0,3,2197,2197,100,1,O,0,0,0,0,2,,,,,,0,0,,,,,0
73.178445,1779967223.17664,10656,,BS2DCE,,f,0,4,2651,2651,100,1,O,0,0,0,0,2,,,,,,0,0,,,,,0
73.178445,1779967223.17664,10656,,BS2DCE,,f,0,5,2088,2088,100,1,O,0,0,0,0,2,,,,,,0,0,,,,,0
73.178445,1779967223.17664,10656,,BS2DCE,,f,0,6,1620,1620,94,1,O,0,0,0,0,2,,,,,,0,0,,,,,0
73.178445,1779967223.17664,10656,,BS2DCE,,f,0,7,0,2211,94,0,T,0,0,0,0,2,,,,,,0,0,,,,,0
73.254303,1779967223.252498,10657,,BS2DCE,,f,0,0,2572,2572,100,1,O,0,0,0,0,2,,,,,,0,0,,,,,0
73.254303,1779967223.252498,10657,,BS2DCE,,f,0,1,2246,2246,100,1,O,0,0,0,0,2,,,,,,0,0,,,,,0
73.254303,1779967223.252498,10657,,BS2DCE,,f,0,2,1556,1556,100,1,O,0,0,0,0,2,,,,,,0,0,,,,,0
73.254303,1779967223.252498,10657,,BS2DCE,,f,0,3,2183,2183,100,1,O,0,0,0,0,2,,,,,,0,0,,,,,0
73.254303,1779967223.252498,10657,,BS2DCE,,f,0,4,2643,2643,100,1,O,0,0,0,0,2,,,,,,0,0,,,,,0
73.254303,1779967223.252498,10657,,BS2DCE,,f,0,5,1905,1905,100,1,O,0,0,0,0,2,,,,,,0,0,,,,,0
73.254303,1779967223.252498,10657,,BS2DCE,,f,0,6,1556,1556,95,1,O,0,0,0,0,2,,,,,,0,0,,,,,0
73.254303,1779967223.252498,10657,,BS2DCE,,f,0,7,2204,2204,95,1,O,0,0,0,0,2,,,,,,0,0,,,,,0
73.45916,1779967223.457355,10658,,BS2DCE,,f,0,0,2628,2628,100,1,O,0,0,0,0,2,,,,,,0,0,,,,,0
73.45916,1779967223.457355,10658,,BS2DCE,,f,0,1,2343,2343,100,1,O,0,0,0,0,2,,,,,,0,0,,,,,0
73.45916,1779967223.457355,10658,,BS2DCE,,f,0,2,1683,1683,100,1,O,0,0,0,0,2,,,,,,0,0,,,,,0
73.45916,1779967223.457355,10658,,BS2DCE,,f,0,3,2140,2140,100,1,O,0,0,0,0,2,,,,,,0,0,,,,,0
73.45916,1779967223.457355,10658,,BS2DCE,,f,0,4,2665,2665,100,1,O,0,0,0,0,2,,,,,,0,0,,,,,0
73.45916,1779967223.457355,10658,,BS2DCE,,f,0,5,1926,1926,100,1,O,0,0,0,0,2,,,,,,0,0,,,,,0
73.45916,1779967223.457355,10658,,BS2DCE,,f,0,6,1648,1648,95,1,O,0,0,0,0,2,,,,,,0,0,,,,,0
73.45916,1779967223.457355,10658,,BS2DCE,,f,0,7,2231,2231,95,1,O,0,0,0,0,2,,,,,,0,0,,,,,0
73.478729,1779967223.476924,10659,,BS2DCE,,f,0,0,2645,2645,100,1,O,0,0,0,0,2,,,,,,0,0,,,,,0
73.478729,1779967223.476924,10659,,BS2DCE,,f,0,1,2081,2081,100,1,O,0,0,0,0,2,,,,,,0,0,,,,,0
73.478729,1779967223.476924,10659,,BS2DCE,,f,0,2,1586,1586,100,1,O,0,0,0,0,2,,,,,,0,0,,,,,0
73.478729,1779967223.476924,10659,,BS2DCE,,f,0,3,2248,2248,100,1,O,0,0,0,0,2,,,,,,0,0,,,,,0
73.478729,1779967223.476924,10659,,BS2DCE,,f,0,4,2656,2656,100,1,O,0,0,0,0,2,,,,,,0,0,,,,,0
73.478729,1779967223.476924,10659,,BS2DCE,,f,0,5,1920,1920,100,1,O,0,0,0,0,2,,,,,,0,0,,,,,0
73.478729,1779967223.476924,10659,,BS2DCE,,f,0,6,1587,1587,95,1,O,0,0,0,0,2,,,,,,0,0,,,,,0
73.478729,1779967223.476924,10659,,BS2DCE,,f,0,7,2205,2205,95,1,O,0,0,0,0,2,,,,,,0,0,,,,,0
73.576587,1779967223.574782,10660,,BS2DCE,,f,0,0,2662,2662,100,1,O,0,0,0,0,2,,,,,,0,0,,,,,0
73.576587,1779967223.574782,10660,,BS2DCE,,f,0,1,1920,1920,100,1,O,0,0,0,0,2,,,,,,0,0,,,,,0
73.576587,1779967223.574782,10660,,BS2DCE,,f,0,2,1529,1529,100,1,O,0,0,0,0,2,,,,,,0,0,,,,,0
73.576587,1779967223.574782,10660,,BS2DCE,,f,0,3,2220,2220,100,1,O,0,0,0,0,2,,,,,,0,0,,,,,0
73.576587,1779967223.574782,10660,,BS2DCE,,f,0,4,2591,2591,100,1,O,0,0,0,0,2,,,,,,0,0,,,,,0
73.576587,1779967223.574782,10660,,BS2DCE,,f,0,5,1880,1880,100,1,O,0,0,0,0,2,,,,,,0,0,,,,,0
73.576587,1779967223.574782,10660,,BS2DCE,,f,0,6,1607,1607,95,1,O,0,0,0,0,2,,,,,,0,0,,,,,0
73.576587,1779967223.574782,10660,,BS2DCE,,f,0,7,2249,2249,95,1,O,0,0,0,0,2,,,,,,0,0,,,,,0
73.666782,1779967223.664977,10661,,BS2DCE,,f,0,0,2803,2803,100,1,O,0,0,0,0,2,,,,,,0,0,,,,,0
73.666782,1779967223.664977,10661,,BS2DCE,,f,0,1,1967,1967,100,1,O,0,0,0,0,2,,,,,,0,0,,,,,0
73.666782,1779967223.664977,10661,,BS2DCE,,f,0,2,1549,1549,100,1,O,0,0,0,0,2,,,,,,0,0,,,,,0
73.666782,1779967223.664977,10661,,BS2DCE,,f,0,3,2333,2333,100,1,O,0,0,0,0,2,,,,,,0,0,,,,,0
73.666782,1779967223.664977,10661,,BS2DCE,,f,0,4,2464,2464,100,1,O,0,0,0,0,2,,,,,,0,0,,,,,0
73.666782,1779967223.664977,10661,,BS2DCE,,f,0,5,1801,1801,100,1,O,0,0,0,0,2,,,,,,0,0,,,,,0
73.666782,1779967223.664977,10661,,BS2DCE,,f,0,6,1552,1552,95,1,O,0,0,0,0,2,,,,,,0,0,,,,,0
73.666782,1779967223.664977,10661,,BS2DCE,,f,0,7,2278,2278,95,1,O,0,0,0,0,2,,,,,,0,0,,,,,0
73.801835,1779967223.80003,10662,,BS2DCE,,f,0,0,3113,3113,100,1,O,0,0,0,0,2,,,,,,0,0,,,,,0
73.801835,1779967223.80003,10662,,BS2DCE,,f,0,1,1879,1879,100,1,O,0,0,0,0,2,,,,,,0,0,,,,,0
73.801835,1779967223.80003,10662,,BS2DCE,,f,0,2,1559,1559,100,1,O,0,0,0,0,2,,,,,,0,0,,,,,0
73.801835,1779967223.80003,10662,,BS2DCE,,f,0,3,2327,2327,100,1,O,0,0,0,0,2,,,,,,0,0,,,,,0
73.801835,1779967223.80003,10662,,BS2DCE,,f,0,4,2414,2414,100,1,O,0,0,0,0,2,,,,,,0,0,,,,,0
73.801835,1779967223.80003,10662,,BS2DCE,,f,0,5,1707,1707,100,1,O,0,0,0,0,2,,,,,,0,0,,,,,0
73.801835,1779967223.80003,10662,,BS2DCE,,f,0,6,1630,1630,96,1,O,0,0,0,0,2,,,,,,0,0,,,,,0
73.801835,1779967223.80003,10662,,BS2DCE,,f,0,7,2350,2350,96,1,O,0,0,0,0,2,,,,,,0,0,,,,,0
73.865075,1779967223.86327,10663,,BS2DCE,,f,0,0,2793,2793,100,1,O,0,0,0,0,2,,,,,,0,0,,,,,0
73.865075,1779967223.86327,10663,,BS2DCE,,f,0,1,1855,1855,100,1,O,0,0,0,0,2,,,,,,0,0,,,,,0
73.865075,1779967223.86327,10663,,BS2DCE,,f,0,2,1563,1563,100,1,O,0,0,0,0,2,,,,,,0,0,,,,,0
73.865075,1779967223.86327,10663,,BS2DCE,,f,0,3,2427,2427,100,1,O,0,0,0,0,2,,,,,,0,0,,,,,0
73.865075,1779967223.86327,10663,,BS2DCE,,f,0,4,2452,2452,100,1,O,0,0,0,0,2,,,,,,0,0,,,,,0
73.865075,1779967223.86327,10663,,BS2DCE,,f,0,5,1694,1694,100,1,O,0,0,0,0,2,,,,,,0,0,,,,,0
73.865075,1779967223.86327,10663,,BS2DCE,,f,0,6,1580,1580,96,1,O,0,0,0,0,2,,,,,,0,0,,,,,0
73.865075,1779967223.86327,10663,,BS2DCE,,f,0,7,2345,2345,96,1,O,0,0,0,0,2,,,,,,0,0,,,,,0
73.960204,1779967223.958399,10664,,BS2DCE,,f,0,0,2690,2690,100,1,O,0,0,0,0,2,,,,,,0,0,,,,,0
73.960204,1779967223.958399,10664,,BS2DCE,,f,0,1,1751,1751,100,1,O,0,0,0,0,2,,,,,,0,0,,,,,0
73.960204,1779967223.958399,10664,,BS2DCE,,f,0,2,1678,1678,100,1,O,0,0,0,0,2,,,,,,0,0,,,,,0
73.960204,1779967223.958399,10664,,BS2DCE,,f,0,3,2463,2463,100,1,O,0,0,0,0,2,,,,,,0,0,,,,,0
73.960204,1779967223.958399,10664,,BS2DCE,,f,0,4,2380,2380,100,1,O,0,0,0,0,2,,,,,,0,0,,,,,0
73.960204,1779967223.958399,10664,,BS2DCE,,f,0,5,1709,1709,100,1,O,0,0,0,0,2,,,,,,0,0,,,,,0
73.960204,1779967223.958399,10664,,BS2DCE,,f,0,6,1617,1617,96,1,O,0,0,0,0,2,,,,,,0,0,,,,,0
73.960204,1779967223.958399,10664,,BS2DCE,,f,0,7,2327,2327,96,1,O,0,0,0,0,2,,,,,,0,0,,,,,0
74.058155,1779967224.05635,10665,,BS2DCE,,f,0,0,2621,2621,100,1,O,0,0,0,0,2,,,,,,0,0,,,,,0
74.058155,1779967224.05635,10665,,BS2DCE,,f,0,1,1790,1790,100,1,O,0,0,0,0,2,,,,,,0,0,,,,,0
74.058155,1779967224.05635,10665,,BS2DCE,,f,0,2,1714,1714,100,1,O,0,0,0,0,2,,,,,,0,0,,,,,0
74.058155,1779967224.05635,10665,,BS2DCE,,f,0,3,2430,2430,100,1,O,0,0,0,0,2,,,,,,0,0,,,,,0
74.058155,1779967224.05635,10665,,BS2DCE,,f,0,4,2379,2379,100,1,O,0,0,0,0,2,,,,,,0,0,,,,,0
74.058155,1779967224.05635,10665,,BS2DCE,,f,0,5,1583,1583,100,1,O,0,0,0,0,2,,,,,,0,0,,,,,0
74.058155,1779967224.05635,10665,,BS2DCE,,f,0,6,1539,1539,96,1,O,0,0,0,0,2,,,,,,0,0,,,,,0
74.058155,1779967224.05635,10665,,BS2DCE,,f,0,7,2364,2364,96,1,O,0,0,0,0,2,,,,,,0,0,,,,,0
74.173659,1779967224.171854,10666,,BS2DCE,,f,0,0,2650,2650,100,1,O,0,0,0,0,2,,,,,,0,0,,,,,0
74.173659,1779967224.171854,10666,,BS2DCE,,f,0,1,1832,1832,100,1,O,0,0,0,0,2,,,,,,0,0,,,,,0
74.173659,1779967224.171854,10666,,BS2DCE,,f,0,2,1745,1745,100,1,O,0,0,0,0,2,,,,,,0,0,,,,,0
74.173659,1779967224.171854,10666,,BS2DCE,,f,0,3,2489,2489,100,1,O,0,0,0,0,2,,,,,,0,0,,,,,0
74.173659,1779967224.171854,10666,,BS2DCE,,f,0,4,2315,2315,100,1,O,0,0,0,0,2,,,,,,0,0,,,,,0
74.173659,1779967224.171854,10666,,BS2DCE,,f,0,5,1502,1502,100,1,O,0,0,0,0,2,,,,,,0,0,,,,,0
74.173659,1779967224.171854,10666,,BS2DCE,,f,0,6,1817,1817,96,1,O,0,0,0,0,2,,,,,,0,0,,,,,0
74.173659,1779967224.171854,10666,,BS2DCE,,f,0,7,2470,2470,96,1,O,0,0,0,0,2,,,,,,0,0,,,,,0
74.281763,1779967224.279958,10667,,BS2DCE,,f,0,0,2566,2566,100,1,O,0,0,0,0,2,,,,,,0,0,,,,,0
74.281763,1779967224.279958,10667,,BS2DCE,,f,0,1,1873,1873,100,1,O,0,0,0,0,2,,,,,,0,0,,,,,0
74.281763,1779967224.279958,10667,,BS2DCE,,f,0,2,1872,1872,100,1,O,0,0,0,0,2,,,,,,0,0,,,,,0
74.281763,1779967224.279958,10667,,BS2DCE,,f,0,3,2547,2547,100,1,O,0,0,0,0,2,,,,,,0,0,,,,,0
74.281763,1779967224.279958,10667,,BS2DCE,,f,0,4,2240,2240,100,1,O,0,0,0,0,2,,,,,,0,0,,,,,0
74.281763,1779967224.279958,10667,,BS2DCE,,f,0,5,1650,1650,100,1,O,0,0,0,0,2,,,,,,0,0,,,,,0
74.281763,1779967224.279958,10667,,BS2DCE,,f,0,6,1768,1768,96,1,O,0,0,0,0,2,,,,,,0,0,,,,,0
74.281763,1779967224.279958,10667,,BS2DCE,,f,0,7,2466,2466,96,1,O,0,0,0,0,2,,,,,,0,0,,,,,0
74.419231,1779967224.417426,10668,,BS2DCE,,f,0,0,2514,2514,100,1,O,0,0,0,0,2,,,,,,0,0,,,,,0
74.419231,1779967224.417426,10668,,BS2DCE,,f,0,1,1938,1938,100,1,O,0,0,0,0,2,,,,,,0,0,,,,,0
74.419231,1779967224.417426,10668,,BS2DCE,,f,0,2,1943,1943,100,1,O,0,0,0,0,2,,,,,,0,0,,,,,0
74.419231,1779967224.417426,10668,,BS2DCE,,f,0,3,2602,2602,100,1,O,0,0,0,0,2,,,,,,0,0,,,,,0
74.419231,1779967224.417426,10668,,BS2DCE,,f,0,4,2156,2156,100,1,O,0,0,0,0,2,,,,,,0,0,,,,,0
74.419231,1779967224.417426,10668,,BS2DCE,,f,0,5,1670,1670,100,1,O,0,0,0,0,2,,,,,,0,0,,,,,0
74.419231,1779967224.417426,10668,,BS2DCE,,f,0,6,1837,1837,96,1,O,0,0,0,0,2,,,,,,0,0,,,,,0
74.419231,1779967224.417426,10668,,BS2DCE,,f,0,7,2369,2369,96,1,O,0,0,0,0,2,,,,,,0,0,,,,,0
74.45419,1779967224.452385,10669,,BS2DCE,,f,0,0,2443,2443,100,1,O,0,0,0,0,2,,,,,,0,0,,,,,0
74.45419,1779967224.452385,10669,,BS2DCE,,f,0,1,2009,2009,100,1,O,0,0,0,0,2,,,,,,0,0,,,,,0
74.45419,1779967224.452385,10669,,BS2DCE,,f,0,2,2053,2053,100,1,O,0,0,0,0,2,,,,,,0,0,,,,,0
74.45419,1779967224.452385,10669,,BS2DCE,,f,0,3,2651,2651,100,1,O,0,0,0,0,2,,,,,,0,0,,,,,0
74.45419,1779967224.452385,10669,,BS2DCE,,f,0,4,2051,2051,100,1,O,0,0,0,0,2,,,,,,0,0,,,,,0
74.45419,1779967224.452385,10669,,BS2DCE,,f,0,5,1648,1648,100,1,O,0,0,0,0,2,,,,,,0,0,,,,,0
74.45419,1779967224.452385,10669,,BS2DCE,,f,0,6,1818,1818,96,1,O,0,0,0,0,2,,,,,,0,0,,,,,0
74.45419,1779967224.452385,10669,,BS2DCE,,f,0,7,2338,2338,96,1,O,0,0,0,0,2,,,,,,0,0,,,,,0
74.586306,1779967224.584501,10670,,BS2DCE,,f,0,0,2403,2403,100,1,O,0,0,0,0,2,,,,,,0,0,,,,,0
74.586306,1779967224.584501,10670,,BS2DCE,,f,0,1,2004,2004,100,1,O,0,0,0,0,2,,,,,,0,0,,,,,0
74.586306,1779967224.584501,10670,,BS2DCE,,f,0,2,2033,2033,100,1,O,0,0,0,0,2,,,,,,0,0,,,,,0
74.586306,1779967224.584501,10670,,BS2DCE,,f,0,3,3147,3147,100,1,O,0,0,0,0,2,,,,,,0,0,,,,,0
74.586306,1779967224.584501,10670,,BS2DCE,,f,0,4,2084,2084,100,1,O,0,0,0,0,2,,,,,,0,0,,,,,0
74.586306,1779967224.584501,10670,,BS2DCE,,f,0,5,1519,1519,100,1,O,0,0,0,0,2,,,,,,0,0,,,,,0
74.586306,1779967224.584501,10670,,BS2DCE,,f,0,6,1860,1860,100,1,O,0,0,0,0,2,,,,,,0,0,,,,,0
74.586306,1779967224.584501,10670,,BS2DCE,,f,0,7,2325,2325,100,1,O,0,0,0,0,2,,,,,,0,0,,,,,0
74.656774,1779967224.654969,10671,,BS2DCE,,f,0,0,2356,2356,100,1,O,0,0,0,0,2,,,,,,0,0,,,,,0
74.656774,1779967224.654969,10671,,BS2DCE,,f,0,1,2014,2014,100,1,O,0,0,0,0,2,,,,,,0,0,,,,,0
74.656774,1779967224.654969,10671,,BS2DCE,,f,0,2,2076,2076,100,1,O,0,0,0,0,2,,,,,,0,0,,,,,0
74.656774,1779967224.654969,10671,,BS2DCE,,f,0,3,2602,2602,100,1,O,0,0,0,0,2,,,,,,0,0,,,,,0
74.656774,1779967224.654969,10671,,BS2DCE,,f,0,4,1972,1972,100,1,O,0,0,0,0,2,,,,,,0,0,,,,,0
74.656774,1779967224.654969,10671,,BS2DCE,,f,0,5,1519,1519,100,1,O,0,0,0,0,2,,,,,,0,0,,,,,0
74.656774,1779967224.654969,10671,,BS2DCE,,f,0,6,1800,1800,100,1,O,0,0,0,0,2,,,,,,0,0,,,,,0
74.656774,1779967224.654969,10671,,BS2DCE,,f,0,7,2237,2237,100,1,O,0,0,0,0,2,,,,,,0,0,,,,,0
74.776846,1779967224.775041,10672,,BS2DCE,,f,0,0,2209,2209,100,1,O,0,0,0,0,2,,,,,,0,0,,,,,0
74.776846,1779967224.775041,10672,,BS2DCE,,f,0,1,2016,2016,100,1,O,0,0,0,0,2,,,,,,0,0,,,,,0
74.776846,1779967224.775041,10672,,BS2DCE,,f,0,2,2109,2109,100,1,O,0,0,0,0,2,,,,,,0,0,,,,,0
74.776846,1779967224.775041,10672,,BS2DCE,,f,0,3,2481,2481,100,1,O,0,0,0,0,2,,,,,,0,0,,,,,0
74.776846,1779967224.775041,10672,,BS2DCE,,f,0,4,1954,1954,100,1,O,0,0,0,0,2,,,,,,0,0,,,,,0
74.776846,1779967224.775041,10672,,BS2DCE,,f,0,5,1667,1667,100,1,O,0,0,0,0,2,,,,,,0,0,,,,,0
74.776846,1779967224.775041,10672,,BS2DCE,,f,0,6,1937,1937,100,1,O,0,0,0,0,2,,,,,,0,0,,,,,0
74.776846,1779967224.775041,10672,,BS2DCE,,f,0,7,2122,2122,100,1,O,0,0,0,0,2,,,,,,0,0,,,,,0
74.881791,1779967224.879986,10673,,BS2DCE,,f,0,0,2197,2197,100,1,O,0,0,0,0,2,,,,,,0,0,,,,,0
74.881791,1779967224.879986,10673,,BS2DCE,,f,0,1,2040,2040,100,1,O,0,0,0,0,2,,,,,,0,0,,,,,0
74.881791,1779967224.879986,10673,,BS2DCE,,f,0,2,2247,2247,100,1,O,0,0,0,0,2,,,,,,0,0,,,,,0
74.881791,1779967224.879986,10673,,BS2DCE,,f,0,3,2513,2513,100,1,O,0,0,0,0,2,,,,,,0,0,,,,,0
74.881791,1779967224.879986,10673,,BS2DCE,,f,0,4,1900,1900,100,1,O,0,0,0,0,2,,,,,,0,0,,,,,0
74.881791,1779967224.879986,10673,,BS2DCE,,f,0,5,1727,1727,100,1,O,0,0,0,0,2,,,,,,0,0,,,,,0
74.881791,1779967224.879986,10673,,BS2DCE,,f,0,6,1989,1989,100,1,O,0,0,0,0,2,,,,,,0,0,,,,,0
74.881791,1779967224.879986,10673,,BS2DCE,,f,0,7,2066,2066,100,1,O,0,0,0,0,2,,,,,,0,0,,,,,0
74.971787,1779967224.969982,10674,,BS2DCE,,f,0,0,2128,2128,100,1,O,0,0,0,0,2,,,,,,0,0,,,,,0
74.971787,1779967224.969982,10674,,BS2DCE,,f,0,1,2140,2140,100,1,O,0,0,0,0,2,,,,,,0,0,,,,,0
74.971787,1779967224.969982,10674,,BS2DCE,,f,0,2,2289,2289,100,1,O,0,0,0,0,2,,,,,,0,0,,,,,0
74.971787,1779967224.969982,10674,,BS2DCE,,f,0,3,2457,2457,100,1,O,0,0,0,0,2,,,,,,0,0,,,,,0
74.971787,1779967224.969982,10674,,BS2DCE,,f,0,4,1729,1729,100,1,O,0,0,0,0,2,,,,,,0,0,,,,,0
74.971787,1779967224.969982,10674,,BS2DCE,,f,0,5,1875,1875,100,1,O,0,0,0,0,2,,,,,,0,0,,,,,0
74.971787,1779967224.969982,10674,,BS2DCE,,f,0,6,2024,2024,100,1,O,0,0,0,0,2,,,,,,0,0,,,,,0
74.971787,1779967224.969982,10674,,BS2DCE,,f,0,7,2009,2009,100,1,O,0,0,0,0,2,,,,,,0,0,,,,,0
75.054325,1779967225.05252,10675,,BS2DCE,,f,0,0,2131,2131,100,1,O,0,0,0,0,2,,,,,,0,0,,,,,0
75.054325,1779967225.05252,10675,,BS2DCE,,f,0,1,2209,2209,100,1,O,0,0,0,0,2,,,,,,0,0,,,,,0
75.054325,1779967225.05252,10675,,BS2DCE,,f,0,2,2282,2282,100,1,O,0,0,0,0,2,,,,,,0,0,,,,,0
75.054325,1779967225.05252,10675,,BS2DCE,,f,0,3,2296,2296,100,1,O,0,0,0,0,2,,,,,,0,0,,,,,0
75.054325,1779967225.05252,10675,,BS2DCE,,f,0,4,1731,1731,100,1,O,0,0,0,0,2,,,,,,0,0,,,,,0
75.054325,1779967225.05252,10675,,BS2DCE,,f,0,5,1874,1874,100,1,O,0,0,0,0,2,,,,,,0,0,,,,,0
75.054325,1779967225.05252,10675,,BS2DCE,,f,0,6,2081,2081,100,1,O,0,0,0,0,2,,,,,,0,0,,,,,0
75.054325,1779967225.05252,10675,,BS2DCE,,f,0,7,1989,1989,100,1,O,0,0,0,0,2,,,,,,0,0,,,,,0
75.159349,1779967225.157544,10676,,BS2DCE,,f,0,0,2137,2137,100,1,O,0,0,0,0,2,,,,,,0,0,,,,,0
75.159349,1779967225.157544,10676,,BS2DCE,,f,0,1,2257,2257,100,1,O,0,0,0,0,2,,,,,,0,0,,,,,0
75.159349,1779967225.157544,10676,,BS2DCE,,f,0,2,2312,2312,100,1,O,0,0,0,0,2,,,,,,0,0,,,,,0
75.159349,1779967225.157544,10676,,BS2DCE,,f,0,3,2234,2234,100,1,O,0,0,0,0,2,,,,,,0,0,,,,,0
75.159349,1779967225.157544,10676,,BS2DCE,,f,0,4,1649,1649,100,1,O,0,0,0,0,2,,,,,,0,0,,,,,0
75.159349,1779967225.157544,10676,,BS2DCE,,f,0,5,1920,1920,100,1,O,0,0,0,0,2,,,,,,0,0,,,,,0
75.159349,1779967225.157544,10676,,BS2DCE,,f,0,6,2116,2116,100,1,O,0,0,0,0,2,,,,,,0,0,,,,,0
75.159349,1779967225.157544,10676,,BS2DCE,,f,0,7,1913,1913,100,1,O,0,0,0,0,2,,,,,,0,0,,,,,0
75.263726,1779967225.261921,10677,,BS2DCE,,f,0,0,2093,2093,100,1,O,0,0,0,0,2,,,,,,0,0,,,,,0
75.263726,1779967225.261921,10677,,BS2DCE,,f,0,1,2521,2521,100,1,O,0,0,0,0,2,,,,,,0,0,,,,,0
75.263726,1779967225.261921,10677,,BS2DCE,,f,0,2,2368,2368,100,1,O,0,0,0,0,2,,,,,,0,0,,,,,0
75.263726,1779967225.261921,10677,,BS2DCE,,f,0,3,2181,2181,100,1,O,0,0,0,0,2,,,,,,0,0,,,,,0
75.263726,1779967225.261921,10677,,BS2DCE,,f,0,4,1694,1694,100,1,O,0,0,0,0,2,,,,,,0,0,,,,,0
75.263726,1779967225.261921,10677,,BS2DCE,,f,0,5,2072,2072,100,1,O,0,0,0,0,2,,,,,,0,0,,,,,0
75.263726,1779967225.261921,10677,,BS2DCE,,f,0,6,2180,2180,100,1,O,0,0,0,0,2,,,,,,0,0,,,,,0
75.263726,1779967225.261921,10677,,BS2DCE,,f,0,7,1804,1804,100,1,O,0,0,0,0,2,,,,,,0,0,,,,,0
75.41862,1779967225.416815,10678,,BS2DCE,,f,0,0,2072,2072,100,1,O,0,0,0,0,2,,,,,,0,0,,,,,0
75.41862,1779967225.416815,10678,,BS2DCE,,f,0,1,2476,2476,100,1,O,0,0,0,0,2,,,,,,0,0,,,,,0
75.41862,1779967225.416815,10678,,BS2DCE,,f,0,2,2457,2457,100,1,O,0,0,0,0,2,,,,,,0,0,,,,,0
75.41862,1779967225.416815,10678,,BS2DCE,,f,0,3,2162,2162,100,1,O,0,0,0,0,2,,,,,,0,0,,,,,0
75.41862,1779967225.416815,10678,,BS2DCE,,f,0,4,1718,1718,100,1,O,0,0,0,0,2,,,,,,0,0,,,,,0
75.41862,1779967225.416815,10678,,BS2DCE,,f,0,5,2116,2116,100,1,O,0,0,0,0,2,,,,,,0,0,,,,,0
75.41862,1779967225.416815,10678,,BS2DCE,,f,0,6,2124,2124,100,1,O,0,0,0,0,2,,,,,,0,0,,,,,0
75.41862,1779967225.416815,10678,,BS2DCE,,f,0,7,1856,1856,100,1,O,0,0,0,0,2,,,,,,0,0,,,,,0
75.466687,1779967225.464882,10679,,BS2DCE,,f,0,0,2069,2069,100,1,O,0,0,0,0,2,,,,,,0,0,,,,,0
75.466687,1779967225.464882,10679,,BS2DCE,,f,0,1,2445,2445,100,1,O,0,0,0,0,2,,,,,,0,0,,,,,0
75.466687,1779967225.464882,10679,,BS2DCE,,f,0,2,3028,3028,100,1,O,0,0,0,0,2,,,,,,0,0,,,,,0
75.466687,1779967225.464882,10679,,BS2DCE,,f,0,3,2099,2099,100,1,O,0,0,0,0,2,,,,,,0,0,,,,,0
75.466687,1779967225.464882,10679,,BS2DCE,,f,0,4,4078,4078,100,1,O,0,0,0,0,2,,,,,,0,0,,,,,0
75.466687,1779967225.464882,10679,,BS2DCE,,f,0,5,2127,2127,100,1,O,0,0,0,0,2,,,,,,0,0,,,,,0
75.466687,1779967225.464882,10679,,BS2DCE,,f,0,6,2255,2255,100,1,O,0,0,0,0,2,,,,,,0,0,,,,,0
75.466687,1779967225.464882,10679,,BS2DCE,,f,0,7,1837,1837,100,1,O,0,0,0,0,2,,,,,,0,0,,,,,0
75.601813,1779967225.600008,10680,,BS2DCE,,f,0,0,1981,1981,100,1,O,0,0,0,0,2,,,,,,0,0,,,,,0
75.601813,1779967225.600008,10680,,BS2DCE,,f,0,1,2368,2368,100,1,O,0,0,0,0,2,,,,,,0,0,,,,,0
75.601813,1779967225.600008,10680,,BS2DCE,,f,0,2,2562,2562,100,1,O,0,0,0,0,2,,,,,,0,0,,,,,0
75.601813,1779967225.600008,10680,,BS2DCE,,f,0,3,2042,2042,100,1,O,0,0,0,0,2,,,,,,0,0,,,,,0
75.601813,1779967225.600008,10680,,BS2DCE,,f,0,4,1836,1836,100,1,O,0,0,0,0,2,,,,,,0,0,,,,,0
75.601813,1779967225.600008,10680,,BS2DCE,,f,0,5,2056,2056,100,1,O,0,0,0,0,2,,,,,,0,0,,,,,0
75.601813,1779967225.600008,10680,,BS2DCE,,f,0,6,2224,2224,100,1,O,0,0,0,0,2,,,,,,0,0,,,,,0
75.601813,1779967225.600008,10680,,BS2DCE,,f,0,7,1776,1776,100,1,O,0,0,0,0,2,,,,,,0,0,,,,,0
75.654267,1779967225.652462,10681,,BS2DCE,,f,0,0,1966,1966,100,1,O,0,0,0,0,2,,,,,,0,0,,,,,0
75.654267,1779967225.652462,10681,,BS2DCE,,f,0,1,2421,2421,100,1,O,0,0,0,0,2,,,,,,0,0,,,,,0
75.654267,1779967225.652462,10681,,BS2DCE,,f,0,2,2403,2403,100,1,O,0,0,0,0,2,,,,,,0,0,,,,,0
75.654267,1779967225.652462,10681,,BS2DCE,,f,0,3,1945,1945,100,1,O,0,0,0,0,2,,,,,,0,0,,,,,0
75.654267,1779967225.652462,10681,,BS2DCE,,f,0,4,1721,1721,100,1,O,0,0,0,0,2,,,,,,0,0,,,,,0
75.654267,1779967225.652462,10681,,BS2DCE,,f,0,5,2313,2313,100,1,O,0,0,0,0,2,,,,,,0,0,,,,,0
75.654267,1779967225.652462,10681,,BS2DCE,,f,0,6,2282,2282,100,1,O,0,0,0,0,2,,,,,,0,0,,,,,0
75.654267,1779967225.652462,10681,,BS2DCE,,f,0,7,1775,1775,100,1,O,0,0,0,0,2,,,,,,0,0,,,,,0
75.760206,1779967225.758401,10682,,BS2DCE,,f,0,0,1910,1910,100,1,O,0,0,0,0,2,,,,,,0,0,,,,,0
75.760206,1779967225.758401,10682,,BS2DCE,,f,0,1,2375,2375,100,1,O,0,0,0,0,2,,,,,,0,0,,,,,0
75.760206,1779967225.758401,10682,,BS2DCE,,f,0,2,2310,2310,100,1,O,0,0,0,0,2,,,,,,0,0,,,,,0
75.760206,1779967225.758401,10682,,BS2DCE,,f,0,3,1880,1880,100,1,O,0,0,0,0,2,,,,,,0,0,,,,,0
75.760206,1779967225.758401,10682,,BS2DCE,,f,0,4,1759,1759,100,1,O,0,0,0,0,2,,,,,,0,0,,,,,0
75.760206,1779967225.758401,10682,,BS2DCE,,f,0,5,2352,2352,100,1,O,0,0,0,0,2,,,,,,0,0,,,,,0
75.760206,1779967225.758401,10682,,BS2DCE,,f,0,6,2324,2324,100,1,O,0,0,0,0,2,,,,,,0,0,,,,,0
75.760206,1779967225.758401,10682,,BS2DCE,,f,0,7,1786,1786,100,1,O,0,0,0,0,2,,,,,,0,0,,,,,0
75.856653,1779967225.854848,10683,,BS2DCE,,f,0,0,1938,1938,100,1,O,0,0,0,0,2,,,,,,0,0,,,,,0
75.856653,1779967225.854848,10683,,BS2DCE,,f,0,1,2367,2367,100,1,O,0,0,0,0,2,,,,,,0,0,,,,,0
75.856653,1779967225.854848,10683,,BS2DCE,,f,0,2,2305,2305,100,1,O,0,0,0,0,2,,,,,,0,0,,,,,0
75.856653,1779967225.854848,10683,,BS2DCE,,f,0,3,1789,1789,100,1,O,0,0,0,0,2,,,,,,0,0,,,,,0
75.856653,1779967225.854848,10683,,BS2DCE,,f,0,4,1758,1758,100,1,O,0,0,0,0,2,,,,,,0,0,,,,,0
75.856653,1779967225.854848,10683,,BS2DCE,,f,0,5,2317,2317,100,1,O,0,0,0,0,2,,,,,,0,0,,,,,0
75.856653,1779967225.854848,10683,,BS2DCE,,f,0,6,2160,2160,100,1,O,0,0,0,0,2,,,,,,0,0,,,,,0
75.856653,1779967225.854848,10683,,BS2DCE,,f,0,7,1695,1695,100,1,O,0,0,0,0,2,,,,,,0,0,,,,,0
75.972497,1779967225.970692,10684,,BS2DCE,,f,0,0,1961,1961,100,1,O,0,0,0,0,2,,,,,,0,0,,,,,0
75.972497,1779967225.970692,10684,,BS2DCE,,f,0,1,2459,2459,100,1,O,0,0,0,0,2,,,,,,0,0,,,,,0
75.972497,1779967225.970692,10684,,BS2DCE,,f,0,2,2285,2285,100,1,O,0,0,0,0,2,,,,,,0,0,,,,,0
75.972497,1779967225.970692,10684,,BS2DCE,,f,0,3,1707,1707,100,1,O,0,0,0,0,2,,,,,,0,0,,,,,0
75.972497,1779967225.970692,10684,,BS2DCE,,f,0,4,1829,1829,100,1,O,0,0,0,0,2,,,,,,0,0,,,,,0
75.972497,1779967225.970692,10684,,BS2DCE,,f,0,5,2411,2411,100,1,O,0,0,0,0,2,,,,,,0,0,,,,,0
75.972497,1779967225.970692,10684,,BS2DCE,,f,0,6,2263,2263,100,1,O,0,0,0,0,2,,,,,,0,0,,,,,0
75.972497,1779967225.970692,10684,,BS2DCE,,f,0,7,1670,1670,100,1,O,0,0,0,0,2,,,,,,0,0,,,,,0
76.066937,1779967226.065132,10685,,BS2DCE,,f,0,0,1970,1970,100,1,O,0,0,0,0,2,,,,,,0,0,,,,,0
76.066937,1779967226.065132,10685,,BS2DCE,,f,0,1,2670,2670,100,1,O,0,0,0,0,2,,,,,,0,0,,,,,0
76.066937,1779967226.065132,10685,,BS2DCE,,f,0,2,2224,2224,100,1,O,0,0,0,0,2,,,,,,0,0,,,,,0
76.066937,1779967226.065132,10685,,BS2DCE,,f,0,3,1670,1670,100,1,O,0,0,0,0,2,,,,,,0,0,,,,,0
76.066937,1779967226.065132,10685,,BS2DCE,,f,0,4,1851,1851,100,1,O,0,0,0,0,2,,,,,,0,0,,,,,0
76.066937,1779967226.065132,10685,,BS2DCE,,f,0,5,2352,2352,100,1,O,0,0,0,0,2,,,,,,0,0,,,,,0
76.066937,1779967226.065132,10685,,BS2DCE,,f,0,6,2243,2243,100,1,O,0,0,0,0,2,,,,,,0,0,,,,,0
76.066937,1779967226.065132,10685,,BS2DCE,,f,0,7,1661,1661,100,1,O,0,0,0,0,2,,,,,,0,0,,,,,0
76.171627,1779967226.169822,10686,,BS2DCE,,f,0,0,2043,2043,100,1,O,0,0,0,0,2,,,,,,0,0,,,,,0
76.171627,1779967226.169822,10686,,BS2DCE,,f,0,1,2702,2702,100,1,O,0,0,0,0,2,,,,,,0,0,,,,,0
76.171627,1779967226.169822,10686,,BS2DCE,,f,0,2,2101,2101,100,1,O,0,0,0,0,2,,,,,,0,0,,,,,0
76.171627,1779967226.169822,10686,,BS2DCE,,f,0,3,1647,1647,100,1,O,0,0,0,0,2,,,,,,0,0,,,,,0
76.171627,1779967226.169822,10686,,BS2DCE,,f,0,4,1891,1891,100,1,O,0,0,0,0,2,,,,,,0,0,,,,,0
76.171627,1779967226.169822,10686,,BS2DCE,,f,0,5,2470,2470,100,1,O,0,0,0,0,2,,,,,,0,0,,,,,0
76.171627,1779967226.169822,10686,,BS2DCE,,f,0,6,2222,2222,100,1,O,0,0,0,0,2,,,,,,0,0,,,,,0
76.171627,1779967226.169822,10686,,BS2DCE,,f,0,7,1677,1677,100,1,O,0,0,0,0,2,,,,,,0,0,,,,,0
76.254189,1779967226.252384,10687,,BS2DCE,,f,0,0,2099,2099,100,1,O,0,0,0,0,2,,,,,,0,0,,,,,0
76.254189,1779967226.252384,10687,,BS2DCE,,f,0,1,2644,2644,100,1,O,0,0,0,0,2,,,,,,0,0,,,,,0
76.254189,1779967226.252384,10687,,BS2DCE,,f,0,2,2072,2072,100,1,O,0,0,0,0,2,,,,,,0,0,,,,,0
76.254189,1779967226.252384,10687,,BS2DCE,,f,0,3,1586,1586,100,1,O,0,0,0,0,2,,,,,,0,0,,,,,0
76.254189,1779967226.252384,10687,,BS2DCE,,f,0,4,1982,1982,100,1,O,0,0,0,0,2,,,,,,0,0,,,,,0
76.254189,1779967226.252384,10687,,BS2DCE,,f,0,5,2457,2457,100,1,O,0,0,0,0,2,,,,,,0,0,,,,,0
76.254189,1779967226.252384,10687,,BS2DCE,,f,0,6,2218,2218,100,1,O,0,0,0,0,2,,,,,,0,0,,,,,0
76.254189,1779967226.252384,10687,,BS2DCE,,f,0,7,1656,1656,100,1,O,0,0,0,0,2,,,,,,0,0,,,,,0
76.42894,1779967226.427135,10688,,BS2DCE,,f,0,0,2202,2202,100,1,O,0,0,0,0,2,,,,,,0,0,,,,,0
76.42894,1779967226.427135,10688,,BS2DCE,,f,0,1,2548,2548,100,1,O,0,0,0,0,2,,,,,,0,0,,,,,0
76.42894,1779967226.427135,10688,,BS2DCE,,f,0,2,2100,2100,100,1,O,0,0,0,0,2,,,,,,0,0,,,,,0
76.42894,1779967226.427135,10688,,BS2DCE,,f,0,3,1613,1613,100,1,O,0,0,0,0,2,,,,,,0,0,,,,,0
76.42894,1779967226.427135,10688,,BS2DCE,,f,0,4,2016,2016,100,1,O,0,0,0,0,2,,,,,,0,0,,,,,0
76.42894,1779967226.427135,10688,,BS2DCE,,f,0,5,2487,2487,100,1,O,0,0,0,0,2,,,,,,0,0,,,,,0
76.42894,1779967226.427135,10688,,BS2DCE,,f,0,6,2186,2186,100,1,O,0,0,0,0,2,,,,,,0,0,,,,,0
76.42894,1779967226.427135,10688,,BS2DCE,,f,0,7,1773,1773,100,1,O,0,0,0,0,2,,,,,,0,0,,,,,0
76.456598,1779967226.454793,10689,,BS2DCE,,f,0,0,2489,2489,100,1,O,0,0,0,0,2,,,,,,0,0,,,,,0
76.456598,1779967226.454793,10689,,BS2DCE,,f,0,1,2458,2458,100,1,O,0,0,0,0,2,,,,,,0,0,,,,,0
76.456598,1779967226.454793,10689,,BS2DCE,,f,0,2,2010,2010,100,1,O,0,0,0,0,2,,,,,,0,0,,,,,0
76.456598,1779967226.454793,10689,,BS2DCE,,f,0,3,1554,1554,100,1,O,0,0,0,0,2,,,,,,0,0,,,,,0
76.456598,1779967226.454793,10689,,BS2DCE,,f,0,4,2051,2051,100,1,O,0,0,0,0,2,,,,,,0,0,,,,,0
76.456598,1779967226.454793,10689,,BS2DCE,,f,0,5,2618,2618,100,1,O,0,0,0,0,2,,,,,,0,0,,,,,0
76.456598,1779967226.454793,10689,,BS2DCE,,f,0,6,2197,2197,100,1,O,0,0,0,0,2,,,,,,0,0,,,,,0
76.456598,1779967226.454793,10689,,BS2DCE,,f,0,7,1775,1775,100,1,O,0,0,0,0,2,,,,,,0,0,,,,,0
76.576677,1779967226.574872,10690,,BS2DCE,,f,0,0,2283,2283,100,1,O,0,0,0,0,2,,,,,,0,0,,,,,0
76.576677,1779967226.574872,10690,,BS2DCE,,f,0,1,2467,2467,100,1,O,0,0,0,0,2,,,,,,0,0,,,,,0
76.576677,1779967226.574872,10690,,BS2DCE,,f,0,2,1986,1986,100,1,O,0,0,0,0,2,,,,,,0,0,,,,,0
76.576677,1779967226.574872,10690,,BS2DCE,,f,0,3,1718,1718,100,1,O,0,0,0,0,2,,,,,,0,0,,,,,0
76.576677,1779967226.574872,10690,,BS2DCE,,f,0,4,2070,2070,100,1,O,0,0,0,0,2,,,,,,0,0,,,,,0
76.576677,1779967226.574872,10690,,BS2DCE,,f,0,5,2711,2711,100,1,O,0,0,0,0,2,,,,,,0,0,,,,,0
76.576677,1779967226.574872,10690,,BS2DCE,,f,0,6,2295,2295,100,1,O,0,0,0,0,2,,,,,,0,0,,,,,0
76.576677,1779967226.574872,10690,,BS2DCE,,f,0,7,1757,1757,100,1,O,0,0,0,0,2,,,,,,0,0,,,,,0
76.681777,1779967226.679972,10691,,BS2DCE,,f,0,0,2261,2261,100,1,O,0,0,0,0,2,,,,,,0,0,,,,,0
76.681777,1779967226.679972,10691,,BS2DCE,,f,0,1,2370,2370,100,1,O,0,0,0,0,2,,,,,,0,0,,,,,0
76.681777,1779967226.679972,10691,,BS2DCE,,f,0,2,2026,2026,100,1,O,0,0,0,0,2,,,,,,0,0,,,,,0
76.681777,1779967226.679972,10691,,BS2DCE,,f,0,3,1843,1843,100,1,O,0,0,0,0,2,,,,,,0,0,,,,,0
76.681777,1779967226.679972,10691,,BS2DCE,,f,0,4,2097,2097,100,1,O,0,0,0,0,2,,,,,,0,0,,,,,0
76.681777,1779967226.679972,10691,,BS2DCE,,f,0,5,2787,2787,100,1,O,0,0,0,0,2,,,,,,0,0,,,,,0
76.681777,1779967226.679972,10691,,BS2DCE,,f,0,6,2395,2395,100,1,O,0,0,0,0,2,,,,,,0,0,,,,,0
76.681777,1779967226.679972,10691,,BS2DCE,,f,0,7,1778,1778,100,1,O,0,0,0,0,2,,,,,,0,0,,,,,0
76.772358,1779967226.770553,10692,,BS2DCE,,f,0,0,2203,2203,100,1,O,0,0,0,0,2,,,,,,0,0,,,,,0
76.772358,1779967226.770553,10692,,BS2DCE,,f,0,1,2320,2320,100,1,O,0,0,0,0,2,,,,,,0,0,,,,,0
76.772358,1779967226.770553,10692,,BS2DCE,,f,0,2,1893,1893,100,1,O,0,0,0,0,2,,,,,,0,0,,,,,0
76.772358,1779967226.770553,10692,,BS2DCE,,f,0,3,1852,1852,100,1,O,0,0,0,0,2,,,,,,0,0,,,,,0
76.772358,1779967226.770553,10692,,BS2DCE,,f,0,4,2191,2191,100,1,O,0,0,0,0,2,,,,,,0,0,,,,,0
76.772358,1779967226.770553,10692,,BS2DCE,,f,0,5,2621,2621,100,1,O,0,0,0,0,2,,,,,,0,0,,,,,0
76.772358,1779967226.770553,10692,,BS2DCE,,f,0,6,2334,2334,100,1,O,0,0,0,0,2,,,,,,0,0,,,,,0
76.772358,1779967226.770553,10692,,BS2DCE,,f,0,7,1826,1826,100,1,O,0,0,0,0,2,,,,,,0,0,,,,,0
76.8652,1779967226.863395,10693,,BS2DCE,,f,0,0,2167,2167,100,1,O,0,0,0,0,2,,,,,,0,0,,,,,0
76.8652,1779967226.863395,10693,,BS2DCE,,f,0,1,2275,2275,100,1,O,0,0,0,0,2,,,,,,0,0,,,,,0
76.8652,1779967226.863395,10693,,BS2DCE,,f,0,2,1888,1888,100,1,O,0,0,0,0,2,,,,,,0,0,,,,,0
76.8652,1779967226.863395,10693,,BS2DCE,,f,0,3,1846,1846,100,1,O,0,0,0,0,2,,,,,,0,0,,,,,0
76.8652,1779967226.863395,10693,,BS2DCE,,f,0,4,2234,2234,100,1,O,0,0,0,0,2,,,,,,0,0,,,,,0
76.8652,1779967226.863395,10693,,BS2DCE,,f,0,5,2502,2502,100,1,O,0,0,0,0,2,,,,,,0,0,,,,,0
76.8652,1779967226.863395,10693,,BS2DCE,,f,0,6,2265,2265,100,1,O,0,0,0,0,2,,,,,,0,0,,,,,0
76.8652,1779967226.863395,10693,,BS2DCE,,f,0,7,1806,1806,100,1,O,0,0,0,0,2,,,,,,0,0,,,,,0
76.959197,1779967226.957392,10694,,BS2DCE,,f,0,0,2193,2193,100,1,O,0,0,0,0,2,,,,,,0,0,,,,,0
76.959197,1779967226.957392,10694,,BS2DCE,,f,0,1,2231,2231,100,1,O,0,0,0,0,2,,,,,,0,0,,,,,0
76.959197,1779967226.957392,10694,,BS2DCE,,f,0,2,1801,1801,100,1,O,0,0,0,0,2,,,,,,0,0,,,,,0
76.959197,1779967226.957392,10694,,BS2DCE,,f,0,3,1818,1818,100,1,O,0,0,0,0,2,,,,,,0,0,,,,,0
76.959197,1779967226.957392,10694,,BS2DCE,,f,0,4,2261,2261,100,1,O,0,0,0,0,2,,,,,,0,0,,,,,0
76.959197,1779967226.957392,10694,,BS2DCE,,f,0,5,2362,2362,100,1,O,0,0,0,0,2,,,,,,0,0,,,,,0
76.959197,1779967226.957392,10694,,BS2DCE,,f,0,6,2210,2210,100,1,O,0,0,0,0,2,,,,,,0,0,,,,,0
76.959197,1779967226.957392,10694,,BS2DCE,,f,0,7,1818,1818,100,1,O,0,0,0,0,2,,,,,,0,0,,,,,0
77.05685,1779967227.055045,10695,,BS2DCE,,f,0,0,2186,2186,100,1,O,0,0,0,0,2,,,,,,0,0,,,,,0
77.05685,1779967227.055045,10695,,BS2DCE,,f,0,1,2254,2254,100,1,O,0,0,0,0,2,,,,,,0,0,,,,,0
77.05685,1779967227.055045,10695,,BS2DCE,,f,0,2,1739,1739,100,1,O,0,0,0,0,2,,,,,,0,0,,,,,0
77.05685,1779967227.055045,10695,,BS2DCE,,f,0,3,1796,1796,100,1,O,0,0,0,0,2,,,,,,0,0,,,,,0
77.05685,1779967227.055045,10695,,BS2DCE,,f,0,4,2280,2280,100,1,O,0,0,0,0,2,,,,,,0,0,,,,,0
77.05685,1779967227.055045,10695,,BS2DCE,,f,0,5,2263,2263,100,1,O,0,0,0,0,2,,,,,,0,0,,,,,0
77.05685,1779967227.055045,10695,,BS2DCE,,f,0,6,2078,2078,100,1,O,0,0,0,0,2,,,,,,0,0,,,,,0
77.05685,1779967227.055045,10695,,BS2DCE,,f,0,7,1828,1828,100,1,O,0,0,0,0,2,,,,,,0,0,,,,,0
77.161655,1779967227.15985,10696,,BS2DCE,,f,0,0,2224,2224,100,1,O,0,0,0,0,2,,,,,,0,0,,,,,0
77.161655,1779967227.15985,10696,,BS2DCE,,f,0,1,2181,2181,100,1,O,0,0,0,0,2,,,,,,0,0,,,,,0
77.161655,1779967227.15985,10696,,BS2DCE,,f,0,2,1769,1769,100,1,O,0,0,0,0,2,,,,,,0,0,,,,,0
77.161655,1779967227.15985,10696,,BS2DCE,,f,0,3,1756,1756,100,1,O,0,0,0,0,2,,,,,,0,0,,,,,0
77.161655,1779967227.15985,10696,,BS2DCE,,f,0,4,2312,2312,100,1,O,0,0,0,0,2,,,,,,0,0,,,,,0
77.161655,1779967227.15985,10696,,BS2DCE,,f,0,5,2339,2339,100,1,O,0,0,0,0,2,,,,,,0,0,,,,,0
77.161655,1779967227.15985,10696,,BS2DCE,,f,0,6,2071,2071,100,1,O,0,0,0,0,2,,,,,,0,0,,,,,0
77.161655,1779967227.15985,10696,,BS2DCE,,f,0,7,1919,1919,100,1,O,0,0,0,0,2,,,,,,0,0,,,,,0
77.252283,1779967227.250478,10697,,BS2DCE,,f,0,0,2260,2260,100,1,O,0,0,0,0,2,,,,,,0,0,,,,,0
77.252283,1779967227.250478,10697,,BS2DCE,,f,0,1,2188,2188,100,1,O,0,0,0,0,2,,,,,,0,0,,,,,0
77.252283,1779967227.250478,10697,,BS2DCE,,f,0,2,1651,1651,100,1,O,0,0,0,0,2,,,,,,0,0,,,,,0
77.252283,1779967227.250478,10697,,BS2DCE,,f,0,3,1899,1899,100,1,O,0,0,0,0,2,,,,,,0,0,,,,,0
77.252283,1779967227.250478,10697,,BS2DCE,,f,0,4,2327,2327,100,1,O,0,0,0,0,2,,,,,,0,0,,,,,0
77.252283,1779967227.250478,10697,,BS2DCE,,f,0,5,2415,2415,100,1,O,0,0,0,0,2,,,,,,0,0,,,,,0
77.252283,1779967227.250478,10697,,BS2DCE,,f,0,6,2039,2039,100,1,O,0,0,0,0,2,,,,,,0,0,,,,,0
77.252283,1779967227.250478,10697,,BS2DCE,,f,0,7,1882,1882,100,1,O,0,0,0,0,2,,,,,,0,0,,,,,0
77.41887,1779967227.417065,10698,,BS2DCE,,f,0,0,2282,2282,100,1,O,0,0,0,0,2,,,,,,0,0,,,,,0
77.41887,1779967227.417065,10698,,BS2DCE,,f,0,1,2114,2114,100,1,O,0,0,0,0,2,,,,,,0,0,,,,,0
77.41887,1779967227.417065,10698,,BS2DCE,,f,0,2,1600,1600,100,1,O,0,0,0,0,2,,,,,,0,0,,,,,0
77.41887,1779967227.417065,10698,,BS2DCE,,f,0,3,1824,1824,100,1,O,0,0,0,0,2,,,,,,0,0,,,,,0
77.41887,1779967227.417065,10698,,BS2DCE,,f,0,4,2350,2350,100,1,O,0,0,0,0,2,,,,,,0,0,,,,,0
77.41887,1779967227.417065,10698,,BS2DCE,,f,0,5,2391,2391,100,1,O,0,0,0,0,2,,,,,,0,0,,,,,0
77.41887,1779967227.417065,10698,,BS2DCE,,f,0,6,1912,1912,100,1,O,0,0,0,0,2,,,,,,0,0,,,,,0
77.41887,1779967227.417065,10698,,BS2DCE,,f,0,7,1832,1832,100,1,O,0,0,0,0,2,,,,,,0,0,,,,,0
77.454171,1779967227.452366,10699,,BS2DCE,,f,0,0,2286,2286,100,1,O,0,0,0,0,2,,,,,,0,0,,,,,0
77.454171,1779967227.452366,10699,,BS2DCE,,f,0,1,2103,2103,100,1,O,0,0,0,0,2,,,,,,0,0,,,,,0
77.454171,1779967227.452366,10699,,BS2DCE,,f,0,2,1589,1589,100,1,O,0,0,0,0,2,,,,,,0,0,,,,,0
77.454171,1779967227.452366,10699,,BS2DCE,,f,0,3,1841,1841,100,1,O,0,0,0,0,2,,,,,,0,0,,,,,0
77.454171,1779967227.452366,10699,,BS2DCE,,f,0,4,2387,2387,100,1,O,0,0,0,0,2,,,,,,0,0,,,,,0
77.454171,1779967227.452366,10699,,BS2DCE,,f,0,5,2314,2314,100,1,O,0,0,0,0,2,,,,,,0,0,,,,,0
77.454171,1779967227.452366,10699,,BS2DCE,,f,0,6,1844,1844,100,1,O,0,0,0,0,2,,,,,,0,0,,,,,0
77.454171,1779967227.452366,10699,,BS2DCE,,f,0,7,1927,1927,100,1,O,0,0,0,0,2,,,,,,0,0,,,,,0
77.574132,1779967227.572327,10700,,BS2DCE,,f,0,0,2325,2325,100,1,O,0,0,0,0,2,,,,,,0,0,,,,,0
77.574132,1779967227.572327,10700,,BS2DCE,,f,0,1,2058,2058,100,1,O,0,0,0,0,2,,,,,,0,0,,,,,0
77.574132,1779967227.572327,10700,,BS2DCE,,f,0,2,1526,1526,100,1,O,0,0,0,0,2,,,,,,0,0,,,,,0
77.574132,1779967227.572327,10700,,BS2DCE,,f,0,3,1940,1940,100,1,O,0,0,0,0,2,,,,,,0,0,,,,,0
77.574132,1779967227.572327,10700,,BS2DCE,,f,0,4,2414,2414,100,1,O,0,0,0,0,2,,,,,,0,0,,,,,0
77.574132,1779967227.572327,10700,,BS2DCE,,f,0,5,2358,2358,100,1,O,0,0,0,0,2,,,,,,0,0,,,,,0
77.574132,1779967227.572327,10700,,BS2DCE,,f,0,6,1847,1847,100,1,O,0,0,0,0,2,,,,,,0,0,,,,,0
77.574132,1779967227.572327,10700,,BS2DCE,,f,0,7,1988,1988,100,1,O,0,0,0,0,2,,,,,,0,0,,,,,0
77.656813,1779967227.655008,10701,,BS2DCE,,f,0,0,2288,2288,100,1,O,0,0,0,0,2,,,,,,0,0,,,,,0
77.656813,1779967227.655008,10701,,BS2DCE,,f,0,1,2083,2083,100,1,O,0,0,0,0,2,,,,,,0,0,,,,,0
77.656813,1779967227.655008,10701,,BS2DCE,,f,0,2,1558,1558,100,1,O,0,0,0,0,2,,,,,,0,0,,,,,0
77.656813,1779967227.655008,10701,,BS2DCE,,f,0,3,1876,1876,100,1,O,0,0,0,0,2,,,,,,0,0,,,,,0
77.656813,1779967227.655008,10701,,BS2DCE,,f,0,4,2502,2502,100,1,O,0,0,0,0,2,,,,,,0,0,,,,,0
77.656813,1779967227.655008,10701,,BS2DCE,,f,0,5,2197,2197,100,1,O,0,0,0,0,2,,,,,,0,0,,,,,0
77.656813,1779967227.655008,10701,,BS2DCE,,f,0,6,1774,1774,100,1,O,0,0,0,0,2,,,,,,0,0,,,,,0
77.656813,1779967227.655008,10701,,BS2DCE,,f,0,7,1972,1972,100,1,O,0,0,0,0,2,,,,,,0,0,,,,,0
77.7616,1779967227.759795,10702,,BS2DCE,,f,0,0,2339,2339,100,1,O,0,0,0,0,2,,,,,,0,0,,,,,0
77.7616,1779967227.759795,10702,,BS2DCE,,f,0,1,2058,2058,100,1,O,0,0,0,0,2,,,,,,0,0,,,,,0
77.7616,1779967227.759795,10702,,BS2DCE,,f,0,2,1478,1478,100,1,O,0,0,0,0,2,,,,,,0,0,,,,,0
77.7616,1779967227.759795,10702,,BS2DCE,,f,0,3,1944,1944,100,1,O,0,0,0,0,2,,,,,,0,0,,,,,0
77.7616,1779967227.759795,10702,,BS2DCE,,f,0,4,2467,2467,100,1,O,0,0,0,0,2,,,,,,0,0,,,,,0
77.7616,1779967227.759795,10702,,BS2DCE,,f,0,5,2224,2224,100,1,O,0,0,0,0,2,,,,,,0,0,,,,,0
77.7616,1779967227.759795,10702,,BS2DCE,,f,0,6,1782,1782,100,1,O,0,0,0,0,2,,,,,,0,0,,,,,0
77.7616,1779967227.759795,10702,,BS2DCE,,f,0,7,1967,1967,100,1,O,0,0,0,0,2,,,,,,0,0,,,,,0
77.851815,1779967227.85001,10703,,BS2DCE,,f,0,0,2406,2406,100,1,O,0,0,0,0,2,,,,,,0,0,,,,,0
77.851815,1779967227.85001,10703,,BS2DCE,,f,0,1,2069,2069,100,1,O,0,0,0,0,2,,,,,,0,0,,,,,0
77.851815,1779967227.85001,10703,,BS2DCE,,f,0,2,1507,1507,100,1,O,0,0,0,0,2,,,,,,0,0,,,,,0
77.851815,1779967227.85001,10703,,BS2DCE,,f,0,3,1976,1976,100,1,O,0,0,0,0,2,,,,,,0,0,,,,,0
77.851815,1779967227.85001,10703,,BS2DCE,,f,0,4,2565,2565,100,1,O,0,0,0,0,2,,,,,,0,0,,,,,0
77.851815,1779967227.85001,10703,,BS2DCE,,f,0,5,2188,2188,100,1,O,0,0,0,0,2,,,,,,0,0,,,,,0
77.851815,1779967227.85001,10703,,BS2DCE,,f,0,6,1756,1756,100,1,O,0,0,0,0,2,,,,,,0,0,,,,,0
77.851815,1779967227.85001,10703,,BS2DCE,,f,0,7,2022,2022,100,1,O,0,0,0,0,2,,,,,,0,0,,,,,0
77.971847,1779967227.970042,10704,,BS2DCE,,f,0,0,2440,2440,100,1,O,0,0,0,0,2,,,,,,0,0,,,,,0
77.971847,1779967227.970042,10704,,BS2DCE,,f,0,1,2038,2038,100,1,O,0,0,0,0,2,,,,,,0,0,,,,,0
77.971847,1779967227.970042,10704,,BS2DCE,,f,0,2,1455,1455,100,1,O,0,0,0,0,2,,,,,,0,0,,,,,0
77.971847,1779967227.970042,10704,,BS2DCE,,f,0,3,1975,1975,100,1,O,0,0,0,0,2,,,,,,0,0,,,,,0
77.971847,1779967227.970042,10704,,BS2DCE,,f,0,4,2480,2480,100,1,O,0,0,0,0,2,,,,,,0,0,,,,,0
77.971847,1779967227.970042,10704,,BS2DCE,,f,0,5,2242,2242,100,1,O,0,0,0,0,2,,,,,,0,0,,,,,0
77.971847,1779967227.970042,10704,,BS2DCE,,f,0,6,1755,1755,100,1,O,0,0,0,0,2,,,,,,0,0,,,,,0
77.971847,1779967227.970042,10704,,BS2DCE,,f,0,7,2098,2098,100,1,O,0,0,0,0,2,,,,,,0,0,,,,,0
78.06512,1779967228.063315,10705,,BS2DCE,,f,0,0,2409,2409,100,1,O,0,0,0,0,2,,,,,,0,0,,,,,0
78.06512,1779967228.063315,10705,,BS2DCE,,f,0,1,2041,2041,100,1,O,0,0,0,0,2,,,,,,0,0,,,,,0
78.06512,1779967228.063315,10705,,BS2DCE,,f,0,2,1486,1486,100,1,O,0,0,0,0,2,,,,,,0,0,,,,,0
78.06512,1779967228.063315,10705,,BS2DCE,,f,0,3,2078,2078,100,1,O,0,0,0,0,2,,,,,,0,0,,,,,0
78.06512,1779967228.063315,10705,,BS2DCE,,f,0,4,2518,2518,100,1,O,0,0,0,0,2,,,,,,0,0,,,,,0
78.06512,1779967228.063315,10705,,BS2DCE,,f,0,5,2038,2038,100,1,O,0,0,0,0,2,,,,,,0,0,,,,,0
78.06512,1779967228.063315,10705,,BS2DCE,,f,0,6,1723,1723,100,1,O,0,0,0,0,2,,,,,,0,0,,,,,0
78.06512,1779967228.063315,10705,,BS2DCE,,f,0,7,2083,2083,100,1,O,0,0,0,0,2,,,,,,0,0,,,,,0
78.15908,1779967228.157275,10706,,BS2DCE,,f,0,0,2437,2437,100,1,O,0,0,0,0,2,,,,,,0,0,,,,,0
78.15908,1779967228.157275,10706,,BS2DCE,,f,0,1,1995,1995,100,1,O,0,0,0,0,2,,,,,,0,0,,,,,0
78.15908,1779967228.157275,10706,,BS2DCE,,f,0,2,1418,1418,100,1,O,0,0,0,0,2,,,,,,0,0,,,,,0
78.15908,1779967228.157275,10706,,BS2DCE,,f,0,3,2037,2037,100,1,O,0,0,0,0,2,,,,,,0,0,,,,,0
78.15908,1779967228.157275,10706,,BS2DCE,,f,0,4,2567,2567,100,1,O,0,0,0,0,2,,,,,,0,0,,,,,0
78.15908,1779967228.157275,10706,,BS2DCE,,f,0,5,2125,2125,100,1,O,0,0,0,0,2,,,,,,0,0,,,,,0
78.15908,1779967228.157275,10706,,BS2DCE,,f,0,6,1647,1647,100,1,O,0,0,0,0,2,,,,,,0,0,,,,,0
78.15908,1779967228.157275,10706,,BS2DCE,,f,0,7,2090,2090,100,1,O,0,0,0,0,2,,,,,,0,0,,,,,0
78.256723,1779967228.254918,10707,,BS2DCE,,f,0,0,2556,2556,100,1,O,0,0,0,0,2,,,,,,0,0,,,,,0
78.256723,1779967228.254918,10707,,BS2DCE,,f,0,1,2075,2075,100,1,O,0,0,0,0,2,,,,,,0,0,,,,,0
78.256723,1779967228.254918,10707,,BS2DCE,,f,0,2,1463,1463,100,1,O,0,0,0,0,2,,,,,,0,0,,,,,0
78.256723,1779967228.254918,10707,,BS2DCE,,f,0,3,2087,2087,100,1,O,0,0,0,0,2,,,,,,0,0,,,,,0
78.256723,1779967228.254918,10707,,BS2DCE,,f,0,4,2650,2650,100,1,O,0,0,0,0,2,,,,,,0,0,,,,,0
78.256723,1779967228.254918,10707,,BS2DCE,,f,0,5,2036,2036,100,1,O,0,0,0,0,2,,,,,,0,0,,,,,0
78.256723,1779967228.254918,10707,,BS2DCE,,f,0,6,1542,1542,100,1,O,0,0,0,0,2,,,,,,0,0,,,,,0
78.256723,1779967228.254918,10707,,BS2DCE,,f,0,7,2197,2197,100,1,O,0,0,0,0,2,,,,,,0,0,,,,,0
78.424481,1779967228.422676,10708,,BS2DCE,,f,0,0,2531,2531,100,1,O,0,0,0,0,2,,,,,,0,0,,,,,0
78.424481,1779967228.422676,10708,,BS2DCE,,f,0,1,2009,2009,100,1,O,0,0,0,0,2,,,,,,0,0,,,,,0
78.424481,1779967228.422676,10708,,BS2DCE,,f,0,2,1556,1556,100,1,O,0,0,0,0,2,,,,,,0,0,,,,,0
78.424481,1779967228.422676,10708,,BS2DCE,,f,0,3,2187,2187,100,1,O,0,0,0,0,2,,,,,,0,0,,,,,0
78.424481,1779967228.422676,10708,,BS2DCE,,f,0,4,2655,2655,100,1,O,0,0,0,0,2,,,,,,0,0,,,,,0
78.424481,1779967228.422676,10708,,BS2DCE,,f,0,5,2011,2011,100,1,O,0,0,0,0,2,,,,,,0,0,,,,,0
78.424481,1779967228.422676,10708,,BS2DCE,,f,0,6,1667,1667,100,1,O,0,0,0,0,2,,,,,,0,0,,,,,0
78.424481,1779967228.422676,10708,,BS2DCE,,f,0,7,2194,2194,100,1,O,0,0,0,0,2,,,,,,0,0,,,,,0
78.481597,1779967228.479792,10709,,BS2DCE,,f,0,0,2611,2611,100,1,O,0,0,0,0,2,,,,,,0,0,,,,,0
78.481597,1779967228.479792,10709,,BS2DCE,,f,0,1,2472,2472,100,1,O,0,0,0,0,2,,,,,,0,0,,,,,0
78.481597,1779967228.479792,10709,,BS2DCE,,f,0,2,1673,1673,100,1,O,0,0,0,0,2,,,,,,0,0,,,,,0
78.481597,1779967228.479792,10709,,BS2DCE,,f,0,3,2212,2212,100,1,O,0,0,0,0,2,,,,,,0,0,,,,,0
78.481597,1779967228.479792,10709,,BS2DCE,,f,0,4,2643,2643,100,1,O,0,0,0,0,2,,,,,,0,0,,,,,0
78.481597,1779967228.479792,10709,,BS2DCE,,f,0,5,1875,1875,100,1,O,0,0,0,0,2,,,,,,0,0,,,,,0
78.481597,1779967228.479792,10709,,BS2DCE,,f,0,6,1583,1583,100,1,O,0,0,0,0,2,,,,,,0,0,,,,,0
78.481597,1779967228.479792,10709,,BS2DCE,,f,0,7,2221,2221,100,1,O,0,0,0,0,2,,,,,,0,0,,,,,0
78.571455,1779967228.56965,10710,,BS2DCE,,f,0,0,2620,2620,100,1,O,0,0,0,0,2,,,,,,0,0,,,,,0
78.571455,1779967228.56965,10710,,BS2DCE,,f,0,1,2177,2177,100,1,O,0,0,0,0,2,,,,,,0,0,,,,,0
78.571455,1779967228.56965,10710,,BS2DCE,,f,0,2,1631,1631,100,1,O,0,0,0,0,2,,,,,,0,0,,,,,0
78.571455,1779967228.56965,10710,,BS2DCE,,f,0,3,2201,2201,100,1,O,0,0,0,0,2,,,,,,0,0,,,,,0
78.571455,1779967228.56965,10710,,BS2DCE,,f,0,4,2640,2640,100,1,O,0,0,0,0,2,,,,,,0,0,,,,,0
78.571455,1779967228.56965,10710,,BS2DCE,,f,0,5,1990,1990,100,1,O,0,0,0,0,2,,,,,,0,0,,,,,0
78.571455,1779967228.56965,10710,,BS2DCE,,f,0,6,1589,1589,100,1,O,0,0,0,0,2,,,,,,0,0,,,,,0
78.571455,1779967228.56965,10710,,BS2DCE,,f,0,7,2256,2256,100,1,O,0,0,0,0,2,,,,,,0,0,,,,,0
78.654059,1779967228.652254,10711,,BS2DCE,,f,0,0,2651,2651,100,1,O,0,0,0,0,2,,,,,,0,0,,,,,0
78.654059,1779967228.652254,10711,,BS2DCE,,f,0,1,2006,2006,100,1,O,0,0,0,0,2,,,,,,0,0,,,,,0
78.654059,1779967228.652254,10711,,BS2DCE,,f,0,2,1582,1582,100,1,O,0,0,0,0,2,,,,,,0,0,,,,,0
78.654059,1779967228.652254,10711,,BS2DCE,,f,0,3,2188,2188,100,1,O,0,0,0,0,2,,,,,,0,0,,,,,0
78.654059,1779967228.652254,10711,,BS2DCE,,f,0,4,2604,2604,100,1,O,0,0,0,0,2,,,,,,0,0,,,,,0
78.654059,1779967228.652254,10711,,BS2DCE,,f,0,5,1915,1915,100,1,O,0,0,0,0,2,,,,,,0,0,,,,,0
78.654059,1779967228.652254,10711,,BS2DCE,,f,0,6,1616,1616,100,1,O,0,0,0,0,2,,,,,,0,0,,,,,0
78.654059,1779967228.652254,10711,,BS2DCE,,f,0,7,2308,2308,100,1,O,0,0,0,0,2,,,,,,0,0,,,,,0
78.759063,1779967228.757258,10712,,BS2DCE,,f,0,0,2809,2809,100,1,O,0,0,0,0,2,,,,,,0,0,,,,,0
78.759063,1779967228.757258,10712,,BS2DCE,,f,0,1,2009,2009,100,1,O,0,0,0,0,2,,,,,,0,0,,,,,0
78.759063,1779967228.757258,10712,,BS2DCE,,f,0,2,1590,1590,100,1,O,0,0,0,0,2,,,,,,0,0,,,,,0
78.759063,1779967228.757258,10712,,BS2DCE,,f,0,3,2330,2330,100,1,O,0,0,0,0,2,,,,,,0,0,,,,,0
78.759063,1779967228.757258,10712,,BS2DCE,,f,0,4,2472,2472,100,1,O,0,0,0,0,2,,,,,,0,0,,,,,0
78.759063,1779967228.757258,10712,,BS2DCE,,f,0,5,1819,1819,100,1,O,0,0,0,0,2,,,,,,0,0,,,,,0
78.759063,1779967228.757258,10712,,BS2DCE,,f,0,6,1553,1553,100,1,O,0,0,0,0,2,,,,,,0,0,,,,,0
78.759063,1779967228.757258,10712,,BS2DCE,,f,0,7,2212,2212,100,1,O,0,0,0,0,2,,,,,,0,0,,,,,0
78.856564,1779967228.854759,10713,,BS2DCE,,f,0,0,3039,3039,100,1,O,0,0,0,0,2,,,,,,0,0,,,,,0
78.856564,1779967228.854759,10713,,BS2DCE,,f,0,1,1854,1854,100,1,O,0,0,0,0,2,,,,,,0,0,,,,,0
78.856564,1779967228.854759,10713,,BS2DCE,,f,0,2,1627,1627,100,1,O,0,0,0,0,2,,,,,,0,0,,,,,0
78.856564,1779967228.854759,10713,,BS2DCE,,f,0,3,2361,2361,100,1,O,0,0,0,0,2,,,,,,0,0,,,,,0
78.856564,1779967228.854759,10713,,BS2DCE,,f,0,4,2427,2427,100,1,O,0,0,0,0,2,,,,,,0,0,,,,,0
78.856564,1779967228.854759,10713,,BS2DCE,,f,0,5,1729,1729,100,1,O,0,0,0,0,2,,,,,,0,0,,,,,0
78.856564,1779967228.854759,10713,,BS2DCE,,f,0,6,1590,1590,100,1,O,0,0,0,0,2,,,,,,0,0,,,,,0
78.856564,1779967228.854759,10713,,BS2DCE,,f,0,7,2295,2295,100,1,O,0,0,0,0,2,,,,,,0,0,,,,,0
78.961687,1779967228.959882,10714,,BS2DCE,,f,0,0,2795,2795,100,1,O,0,0,0,0,2,,,,,,0,0,,,,,0
78.961687,1779967228.959882,10714,,BS2DCE,,f,0,1,1806,1806,100,1,O,0,0,0,0,2,,,,,,0,0,,,,,0
78.961687,1779967228.959882,10714,,BS2DCE,,f,0,2,1613,1613,100,1,O,0,0,0,0,2,,,,,,0,0,,,,,0
78.961687,1779967228.959882,10714,,BS2DCE,,f,0,3,2392,2392,100,1,O,0,0,0,0,2,,,,,,0,0,,,,,0
78.961687,1779967228.959882,10714,,BS2DCE,,f,0,4,2440,2440,100,1,O,0,0,0,0,2,,,,,,0,0,,,,,0
78.961687,1779967228.959882,10714,,BS2DCE,,f,0,5,1709,1709,100,1,O,0,0,0,0,2,,,,,,0,0,,,,,0
78.961687,1779967228.959882,10714,,BS2DCE,,f,0,6,1553,1553,100,1,O,0,0,0,0,2,,,,,,0,0,,,,,0
78.961687,1779967228.959882,10714,,BS2DCE,,f,0,7,2401,2401,100,1,O,0,0,0,0,2,,,,,,0,0,,,,,0
79.051636,1779967229.049831,10715,,BS2DCE,,f,0,0,2691,2691,100,1,O,0,0,0,0,2,,,,,,0,0,,,,,0
79.051636,1779967229.049831,10715,,BS2DCE,,f,0,1,1841,1841,100,1,O,0,0,0,0,2,,,,,,0,0,,,,,0
79.051636,1779967229.049831,10715,,BS2DCE,,f,0,2,1739,1739,100,1,O,0,0,0,0,2,,,,,,0,0,,,,,0
79.051636,1779967229.049831,10715,,BS2DCE,,f,0,3,2470,2470,100,1,O,0,0,0,0,2,,,,,,0,0,,,,,0
79.051636,1779967229.049831,10715,,BS2DCE,,f,0,4,2407,2407,100,1,O,0,0,0,0,2,,,,,,0,0,,,,,0
79.051636,1779967229.049831,10715,,BS2DCE,,f,0,5,1539,1539,100,1,O,0,0,0,0,2,,,,,,0,0,,,,,0
79.051636,1779967229.049831,10715,,BS2DCE,,f,0,6,1630,1630,100,1,O,0,0,0,0,2,,,,,,0,0,,,,,0
79.051636,1779967229.049831,10715,,BS2DCE,,f,0,7,2352,2352,100,1,O,0,0,0,0,2,,,,,,0,0,,,,,0
79.201795,1779967229.19999,10716,,BS2DCE,,f,0,0,2662,2662,100,1,O,0,0,0,0,2,,,,,,0,0,,,,,0
79.201795,1779967229.19999,10716,,BS2DCE,,f,0,1,1812,1812,100,1,O,0,0,0,0,2,,,,,,0,0,,,,,0
79.201795,1779967229.19999,10716,,BS2DCE,,f,0,2,1745,1745,100,1,O,0,0,0,0,2,,,,,,0,0,,,,,0
79.201795,1779967229.19999,10716,,BS2DCE,,f,0,3,2489,2489,100,1,O,0,0,0,0,2,,,,,,0,0,,,,,0
79.201795,1779967229.19999,10716,,BS2DCE,,f,0,4,2326,2326,100,1,O,0,0,0,0,2,,,,,,0,0,,,,,0
79.201795,1779967229.19999,10716,,BS2DCE,,f,0,5,1524,1524,100,1,O,0,0,0,0,2,,,,,,0,0,,,,,0
79.201795,1779967229.19999,10716,,BS2DCE,,f,0,6,1800,1800,100,1,O,0,0,0,0,2,,,,,,0,0,,,,,0
79.201795,1779967229.19999,10716,,BS2DCE,,f,0,7,2367,2367,100,1,O,0,0,0,0,2,,,,,,0,0,,,,,0
79.254027,1779967229.252222,10717,,BS2DCE,,f,0,0,2631,2631,100,1,O,0,0,0,0,2,,,,,,0,0,,,,,0
79.254027,1779967229.252222,10717,,BS2DCE,,f,0,1,1851,1851,100,1,O,0,0,0,0,2,,,,,,0,0,,,,,0
79.254027,1779967229.252222,10717,,BS2DCE,,f,0,2,1768,1768,100,1,O,0,0,0,0,2,,,,,,0,0,,,,,0
79.254027,1779967229.252222,10717,,BS2DCE,,f,0,3,2439,2439,100,1,O,0,0,0,0,2,,,,,,0,0,,,,,0
79.254027,1779967229.252222,10717,,BS2DCE,,f,0,4,2248,2248,100,1,O,0,0,0,0,2,,,,,,0,0,,,,,0
79.254027,1779967229.252222,10717,,BS2DCE,,f,0,5,1514,1514,100,1,O,0,0,0,0,2,,,,,,0,0,,,,,0
79.254027,1779967229.252222,10717,,BS2DCE,,f,0,6,1811,1811,100,1,O,0,0,0,0,2,,,,,,0,0,,,,,0
79.254027,1779967229.252222,10717,,BS2DCE,,f,0,7,2392,2392,100,1,O,0,0,0,0,2,,,,,,0,0,,,,,0
79.442722,1779967229.440917,10718,,BS2DCE,,f,0,0,2530,2530,100,1,O,0,0,0,0,2,,,,,,0,0,,,,,0
79.442722,1779967229.440917,10718,,BS2DCE,,f,0,1,1913,1913,100,1,O,0,0,0,0,2,,,,,,0,0,,,,,0
79.442722,1779967229.440917,10718,,BS2DCE,,f,0,2,1821,1821,100,1,O,0,0,0,0,2,,,,,,0,0,,,,,0
79.442722,1779967229.440917,10718,,BS2DCE,,f,0,3,2539,2539,100,1,O,0,0,0,0,2,,,,,,0,0,,,,,0
79.442722,1779967229.440917,10718,,BS2DCE,,f,0,4,2225,2225,100,1,O,0,0,0,0,2,,,,,,0,0,,,,,0
79.442722,1779967229.440917,10718,,BS2DCE,,f,0,5,1695,1695,100,1,O,0,0,0,0,2,,,,,,0,0,,,,,0
79.442722,1779967229.440917,10718,,BS2DCE,,f,0,6,1862,1862,100,1,O,0,0,0,0,2,,,,,,0,0,,,,,0
79.442722,1779967229.440917,10718,,BS2DCE,,f,0,7,2453,2453,100,1,O,0,0,0,0,2,,,,,,0,0,,,,,0
79.479128,1779967229.477323,10719,,BS2DCE,,f,0,0,2464,2464,100,1,O,0,0,0,0,2,,,,,,0,0,,,,,0
79.479128,1779967229.477323,10719,,BS2DCE,,f,0,1,1971,1971,100,1,O,0,0,0,0,2,,,,,,0,0,,,,,0
79.479128,1779967229.477323,10719,,BS2DCE,,f,0,2,1985,1985,100,1,O,0,0,0,0,2,,,,,,0,0,,,,,0
79.479128,1779967229.477323,10719,,BS2DCE,,f,0,3,2594,2594,100,1,O,0,0,0,0,2,,,,,,0,0,,,,,0
79.479128,1779967229.477323,10719,,BS2DCE,,f,0,4,2102,2102,100,1,O,0,0,0,0,2,,,,,,0,0,,,,,0
79.479128,1779967229.477323,10719,,BS2DCE,,f,0,5,1672,1672,100,1,O,0,0,0,0,2,,,,,,0,0,,,,,0
79.479128,1779967229.477323,10719,,BS2DCE,,f,0,6,1866,1866,100,1,O,0,0,0,0,2,,,,,,0,0,,,,,0
79.479128,1779967229.477323,10719,,BS2DCE,,f,0,7,2388,2388,100,1,O,0,0,0,0,2,,,,,,0,0,,,,,0
79.576558,1779967229.574753,10720,,BS2DCE,,f,0,0,2442,2442,100,1,O,0,0,0,0,2,,,,,,0,0,,,,,0
79.576558,1779967229.574753,10720,,BS2DCE,,f,0,1,1983,1983,100,1,O,0,0,0,0,2,,,,,,0,0,,,,,0
79.576558,1779967229.574753,10720,,BS2DCE,,f,0,2,1983,1983,100,1,O,0,0,0,0,2,,,,,,0,0,,,,,0
79.576558,1779967229.574753,10720,,BS2DCE,,f,0,3,2677,2677,100,1,O,0,0,0,0,2,,,,,,0,0,,,,,0
79.576558,1779967229.574753,10720,,BS2DCE,,f,0,4,2117,2117,100,1,O,0,0,0,0,2,,,,,,0,0,,,,,0
79.576558,1779967229.574753,10720,,BS2DCE,,f,0,5,1677,1677,100,1,O,0,0,0,0,2,,,,,,0,0,,,,,0
79.576558,1779967229.574753,10720,,BS2DCE,,f,0,6,1811,1811,100,1,O,0,0,0,0,2,,,,,,0,0,,,,,0
79.576558,1779967229.574753,10720,,BS2DCE,,f,0,7,2296,2296,100,1,O,0,0,0,0,2,,,,,,0,0,,,,,0
79.651692,1779967229.649887,10721,,BS2DCE,,f,0,0,2357,2357,100,1,O,0,0,0,0,2,,,,,,0,0,,,,,0
79.651692,1779967229.649887,10721,,BS2DCE,,f,0,1,1989,1989,100,1,O,0,0,0,0,2,,,,,,0,0,,,,,0
79.651692,1779967229.649887,10721,,BS2DCE,,f,0,2,2016,2016,100,1,O,0,0,0,0,2,,,,,,0,0,,,,,0
79.651692,1779967229.649887,10721,,BS2DCE,,f,0,3,2687,2687,100,1,O,0,0,0,0,2,,,,,,0,0,,,,,0
79.651692,1779967229.649887,10721,,BS2DCE,,f,0,4,2047,2047,100,1,O,0,0,0,0,2,,,,,,0,0,,,,,0
79.651692,1779967229.649887,10721,,BS2DCE,,f,0,5,1743,1743,100,1,O,0,0,0,0,2,,,,,,0,0,,,,,0
79.651692,1779967229.649887,10721,,BS2DCE,,f,0,6,1933,1933,100,1,O,0,0,0,0,2,,,,,,0,0,,,,,0
79.651692,1779967229.649887,10721,,BS2DCE,,f,0,7,2322,2322,100,1,O,0,0,0,0,2,,,,,,0,0,,,,,0
79.771719,1779967229.769914,10722,,BS2DCE,,f,0,0,2242,2242,100,1,O,0,0,0,0,2,,,,,,0,0,,,,,0
79.771719,1779967229.769914,10722,,BS2DCE,,f,0,1,2090,2090,100,1,O,0,0,0,0,2,,,,,,0,0,,,,,0
79.771719,1779967229.769914,10722,,BS2DCE,,f,0,2,2098,2098,100,1,O,0,0,0,0,2,,,,,,0,0,,,,,0
79.771719,1779967229.769914,10722,,BS2DCE,,f,0,3,2507,2507,100,1,O,0,0,0,0,2,,,,,,0,0,,,,,0
79.771719,1779967229.769914,10722,,BS2DCE,,f,0,4,1943,1943,100,1,O,0,0,0,0,2,,,,,,0,0,,,,,0
79.771719,1779967229.769914,10722,,BS2DCE,,f,0,5,1612,1612,100,1,O,0,0,0,0,2,,,,,,0,0,,,,,0
79.771719,1779967229.769914,10722,,BS2DCE,,f,0,6,1933,1933,100,1,O,0,0,0,0,2,,,,,,0,0,,,,,0
79.771719,1779967229.769914,10722,,BS2DCE,,f,0,7,2228,2228,100,1,O,0,0,0,0,2,,,,,,0,0,,,,,0
79.854017,1779967229.852212,10723,,BS2DCE,,f,0,0,2201,2201,100,1,O,0,0,0,0,2,,,,,,0,0,,,,,0
79.854017,1779967229.852212,10723,,BS2DCE,,f,0,1,2042,2042,100,1,O,0,0,0,0,2,,,,,,0,0,,,,,0
79.854017,1779967229.852212,10723,,BS2DCE,,f,0,2,2172,2172,100,1,O,0,0,0,0,2,,,,,,0,0,,,,,0
79.854017,1779967229.852212,10723,,BS2DCE,,f,0,3,2468,2468,100,1,O,0,0,0,0,2,,,,,,0,0,,,,,0
79.854017,1779967229.852212,10723,,BS2DCE,,f,0,4,1869,1869,100,1,O,0,0,0,0,2,,,,,,0,0,,,,,0
79.854017,1779967229.852212,10723,,BS2DCE,,f,0,5,1805,1805,100,1,O,0,0,0,0,2,,,,,,0,0,,,,,0
79.854017,1779967229.852212,10723,,BS2DCE,,f,0,6,1981,1981,100,1,O,0,0,0,0,2,,,,,,0,0,,,,,0
79.854017,1779967229.852212,10723,,BS2DCE,,f,0,7,2118,2118,100,1,O,0,0,0,0,2,,,,,,0,0,,,,,0
79.971689,1779967229.969884,10724,,BS2DCE,,f,0,0,2212,2212,100,1,O,0,0,0,0,2,,,,,,0,0,,,,,0
79.971689,1779967229.969884,10724,,BS2DCE,,f,0,1,2057,2057,100,1,O,0,0,0,0,2,,,,,,0,0,,,,,0
79.971689,1779967229.969884,10724,,BS2DCE,,f,0,2,2272,2272,100,1,O,0,0,0,0,2,,,,,,0,0,,,,,0
79.971689,1779967229.969884,10724,,BS2DCE,,f,0,3,2622,2622,100,1,O,0,0,0,0,2,,,,,,0,0,,,,,0
79.971689,1779967229.969884,10724,,BS2DCE,,f,0,4,1802,1802,100,1,O,0,0,0,0,2,,,,,,0,0,,,,,0
79.971689,1779967229.969884,10724,,BS2DCE,,f,0,5,1765,1765,100,1,O,0,0,0,0,2,,,,,,0,0,,,,,0
79.971689,1779967229.969884,10724,,BS2DCE,,f,0,6,1964,1964,100,1,O,0,0,0,0,2,,,,,,0,0,,,,,0
79.971689,1779967229.969884,10724,,BS2DCE,,f,0,7,2035,2035,100,1,O,0,0,0,0,2,,,,,,0,0,,,,,0
80.05685,1779967230.055045,10725,,BS2DCE,,f,0,0,2116,2116,100,1,O,0,0,0,0,2,,,,,,0,0,,,,,0
80.05685,1779967230.055045,10725,,BS2DCE,,f,0,1,2174,2174,100,1,O,0,0,0,0,2,,,,,,0,0,,,,,0
80.05685,1779967230.055045,10725,,BS2DCE,,f,0,2,2319,2319,100,1,O,0,0,0,0,2,,,,,,0,0,,,,,0
80.05685,1779967230.055045,10725,,BS2DCE,,f,0,3,2349,2349,100,1,O,0,0,0,0,2,,,,,,0,0,,,,,0
80.05685,1779967230.055045,10725,,BS2DCE,,f,0,4,1742,1742,100,1,O,0,0,0,0,2,,,,,,0,0,,,,,0
80.05685,1779967230.055045,10725,,BS2DCE,,f,0,5,1747,1747,100,1,O,0,0,0,0,2,,,,,,0,0,,,,,0
80.05685,1779967230.055045,10725,,BS2DCE,,f,0,6,2091,2091,100,1,O,0,0,0,0,2,,,,,,0,0,,,,,0
80.05685,1779967230.055045,10725,,BS2DCE,,f,0,7,1955,1955,100,1,O,0,0,0,0,2,,,,,,0,0,,,,,0
80.161692,1779967230.159887,10726,,BS2DCE,,f,0,0,2165,2165,100,1,O,0,0,0,0,2,,,,,,0,0,,,,,0
80.161692,1779967230.159887,10726,,BS2DCE,,f,0,1,2194,2194,100,1,O,0,0,0,0,2,,,,,,0,0,,,,,0
80.161692,1779967230.159887,10726,,BS2DCE,,f,0,2,2316,2316,100,1,O,0,0,0,0,2,,,,,,0,0,,,,,0
80.161692,1779967230.159887,10726,,BS2DCE,,f,0,3,2277,2277,100,1,O,0,0,0,0,2,,,,,,0,0,,,,,0
80.161692,1779967230.159887,10726,,BS2DCE,,f,0,4,1666,1666,100,1,O,0,0,0,0,2,,,,,,0,0,,,,,0
80.161692,1779967230.159887,10726,,BS2DCE,,f,0,5,2017,2017,100,1,O,0,0,0,0,2,,,,,,0,0,,,,,0
80.161692,1779967230.159887,10726,,BS2DCE,,f,0,6,2071,2071,100,1,O,0,0,0,0,2,,,,,,0,0,,,,,0
80.161692,1779967230.159887,10726,,BS2DCE,,f,0,7,1916,1916,100,1,O,0,0,0,0,2,,,,,,0,0,,,,,0
80.282375,1779967230.28057,10727,,BS2DCE,,f,0,0,0,2165,96,0,T,0,0,0,0,2,,,,,,0,0,,,,,0
80.282375,1779967230.28057,10727,,BS2DCE,,f,0,1,2691,2691,100,1,O,0,0,0,0,2,,,,,,0,0,,,,,0
80.282375,1779967230.28057,10727,,BS2DCE,,f,0,2,2344,2344,100,1,O,0,0,0,0,2,,,,,,0,0,,,,,0
80.282375,1779967230.28057,10727,,BS2DCE,,f,0,3,2168,2168,100,1,O,0,0,0,0,2,,,,,,0,0,,,,,0
80.282375,1779967230.28057,10727,,BS2DCE,,f,0,4,1623,1623,100,1,O,0,0,0,0,2,,,,,,0,0,,,,,0
80.282375,1779967230.28057,10727,,BS2DCE,,f,0,5,1960,1960,100,1,O,0,0,0,0,2,,,,,,0,0,,,,,0
80.282375,1779967230.28057,10727,,BS2DCE,,f,0,6,2211,2211,100,1,O,0,0,0,0,2,,,,,,0,0,,,,,0
80.282375,1779967230.28057,10727,,BS2DCE,,f,0,7,1850,1850,100,1,O,0,0,0,0,2,,,,,,0,0,,,,,0
80.418879,1779967230.417074,10728,,BS2DCE,,f,0,0,2108,2108,96,1,O,0,0,0,0,2,,,,,,0,0,,,,,0
80.418879,1779967230.417074,10728,,BS2DCE,,f,0,1,2526,2526,100,1,O,0,0,0,0,2,,,,,,0,0,,,,,0
80.418879,1779967230.417074,10728,,BS2DCE,,f,0,2,2430,2430,100,1,O,0,0,0,0,2,,,,,,0,0,,,,,0
80.418879,1779967230.417074,10728,,BS2DCE,,f,0,3,2202,2202,100,1,O,0,0,0,0,2,,,,,,0,0,,,,,0
80.418879,1779967230.417074,10728,,BS2DCE,,f,0,4,1699,1699,100,1,O,0,0,0,0,2,,,,,,0,0,,,,,0
80.418879,1779967230.417074,10728,,BS2DCE,,f,0,5,2016,2016,100,1,O,0,0,0,0,2,,,,,,0,0,,,,,0
80.418879,1779967230.417074,10728,,BS2DCE,,f,0,6,2218,2218,100,1,O,0,0,0,0,2,,,,,,0,0,,,,,0
80.418879,1779967230.417074,10728,,BS2DCE,,f,0,7,1810,1810,100,1,O,0,0,0,0,2,,,,,,0,0,,,,,0
80.460998,1779967230.459193,10729,,BS2DCE,,f,0,0,2047,2047,96,1,O,0,0,0,0,2,,,,,,0,0,,,,,0
80.460998,1779967230.459193,10729,,BS2DCE,,f,0,1,2345,2345,100,1,O,0,0,0,0,2,,,,,,0,0,,,,,0
80.460998,1779967230.459193,10729,,BS2DCE,,f,0,2,2654,2654,100,1,O,0,0,0,0,2,,,,,,0,0,,,,,0
80.460998,1779967230.459193,10729,,BS2DCE,,f,0,3,2122,2122,100,1,O,0,0,0,0,2,,,,,,0,0,,,,,0
80.460998,1779967230.459193,10729,,BS2DCE,,f,0,4,3823,3823,100,1,O,0,0,0,0,2,,,,,,0,0,,,,,0
80.460998,1779967230.459193,10729,,BS2DCE,,f,0,5,2112,2112,100,1,O,0,0,0,0,2,,,,,,0,0,,,,,0
80.460998,1779967230.459193,10729,,BS2DCE,,f,0,6,2206,2206,100,1,O,0,0,0,0,2,,,,,,0,0,,,,,0
80.460998,1779967230.459193,10729,,BS2DCE,,f,0,7,1770,1770,100,1,O,0,0,0,0,2,,,,,,0,0,,,,,0
80.574103,1779967230.572298,10730,,BS2DCE,,f,0,0,2052,2052,96,1,O,0,0,0,0,2,,,,,,0,0,,,,,0
80.574103,1779967230.572298,10730,,BS2DCE,,f,0,1,2408,2408,100,1,O,0,0,0,0,2,,,,,,0,0,,,,,0
80.574103,1779967230.572298,10730,,BS2DCE,,f,0,2,2516,2516,100,1,O,0,0,0,0,2,,,,,,0,0,,,,,0
80.574103,1779967230.572298,10730,,BS2DCE,,f,0,3,2088,2088,100,1,O,0,0,0,0,2,,,,,,0,0,,,,,0
80.574103,1779967230.572298,10730,,BS2DCE,,f,0,4,1816,1816,100,1,O,0,0,0,0,2,,,,,,0,0,,,,,0
80.574103,1779967230.572298,10730,,BS2DCE,,f,0,5,2173,2173,100,1,O,0,0,0,0,2,,,,,,0,0,,,,,0
80.574103,1779967230.572298,10730,,BS2DCE,,f,0,6,2254,2254,100,1,O,0,0,0,0,2,,,,,,0,0,,,,,0
80.574103,1779967230.572298,10730,,BS2DCE,,f,0,7,1797,1797,100,1,O,0,0,0,0,2,,,,,,0,0,,,,,0
80.656546,1779967230.654741,10731,,BS2DCE,,f,0,0,1955,1955,96,1,O,0,0,0,0,2,,,,,,0,0,,,,,0
80.656546,1779967230.654741,10731,,BS2DCE,,f,0,1,2366,2366,100,1,O,0,0,0,0,2,,,,,,0,0,,,,,0
80.656546,1779967230.654741,10731,,BS2DCE,,f,0,2,2365,2365,100,1,O,0,0,0,0,2,,,,,,0,0,,,,,0
80.656546,1779967230.654741,10731,,BS2DCE,,f,0,3,1920,1920,100,1,O,0,0,0,0,2,,,,,,0,0,,,,,0
80.656546,1779967230.654741,10731,,BS2DCE,,f,0,4,1641,1641,100,1,O,0,0,0,0,2,,,,,,0,0,,,,,0
80.656546,1779967230.654741,10731,,BS2DCE,,f,0,5,2223,2223,100,1,O,0,0,0,0,2,,,,,,0,0,,,,,0
80.656546,1779967230.654741,10731,,BS2DCE,,f,0,6,2271,2271,100,1,O,0,0,0,0,2,,,,,,0,0,,,,,0
80.656546,1779967230.654741,10731,,BS2DCE,,f,0,7,1817,1817,100,1,O,0,0,0,0,2,,,,,,0,0,,,,,0
80.761537,1779967230.759732,10732,,BS2DCE,,f,0,0,1872,1872,96,1,O,0,0,0,0,2,,,,,,0,0,,,,,0
80.761537,1779967230.759732,10732,,BS2DCE,,f,0,1,2423,2423,100,1,O,0,0,0,0,2,,,,,,0,0,,,,,0
80.761537,1779967230.759732,10732,,BS2DCE,,f,0,2,2292,2292,100,1,O,0,0,0,0,2,,,,,,0,0,,,,,0
80.761537,1779967230.759732,10732,,BS2DCE,,f,0,3,1930,1930,100,1,O,0,0,0,0,2,,,,,,0,0,,,,,0
80.761537,1779967230.759732,10732,,BS2DCE,,f,0,4,1687,1687,100,1,O,0,0,0,0,2,,,,,,0,0,,,,,0
80.761537,1779967230.759732,10732,,BS2DCE,,f,0,5,2299,2299,100,1,O,0,0,0,0,2,,,,,,0,0,,,,,0
80.761537,1779967230.759732,10732,,BS2DCE,,f,0,6,2299,2299,100,1,O,0,0,0,0,2,,,,,,0,0,,,,,0
80.761537,1779967230.759732,10732,,BS2DCE,,f,0,7,1766,1766,100,1,O,0,0,0,0,2,,,,,,0,0,,,,,0
80.851473,1779967230.849668,10733,,BS2DCE,,f,0,0,1896,1896,96,1,O,0,0,0,0,2,,,,,,0,0,,,,,0
80.851473,1779967230.849668,10733,,BS2DCE,,f,0,1,2408,2408,100,1,O,0,0,0,0,2,,,,,,0,0,,,,,0
80.851473,1779967230.849668,10733,,BS2DCE,,f,0,2,2236,2236,100,1,O,0,0,0,0,2,,,,,,0,0,,,,,0
80.851473,1779967230.849668,10733,,BS2DCE,,f,0,3,1803,1803,100,1,O,0,0,0,0,2,,,,,,0,0,,,,,0
80.851473,1779967230.849668,10733,,BS2DCE,,f,0,4,1785,1785,100,1,O,0,0,0,0,2,,,,,,0,0,,,,,0
80.851473,1779967230.849668,10733,,BS2DCE,,f,0,5,2405,2405,100,1,O,0,0,0,0,2,,,,,,0,0,,,,,0
80.851473,1779967230.849668,10733,,BS2DCE,,f,0,6,2282,2282,100,1,O,0,0,0,0,2,,,,,,0,0,,,,,0
80.851473,1779967230.849668,10733,,BS2DCE,,f,0,7,1683,1683,100,1,O,0,0,0,0,2,,,,,,0,0,,,,,0
81.001715,1779967230.99991,10734,,BS2DCE,,f,0,0,1957,1957,100,1,O,0,0,0,0,2,,,,,,0,0,,,,,0
81.001715,1779967230.99991,10734,,BS2DCE,,f,0,1,2378,2378,100,1,O,0,0,0,0,2,,,,,,0,0,,,,,0
81.001715,1779967230.99991,10734,,BS2DCE,,f,0,2,2274,2274,100,1,O,0,0,0,0,2,,,,,,0,0,,,,,0
81.001715,1779967230.99991,10734,,BS2DCE,,f,0,3,1638,1638,100,1,O,0,0,0,0,2,,,,,,0,0,,,,,0
81.001715,1779967230.99991,10734,,BS2DCE,,f,0,4,1798,1798,100,1,O,0,0,0,0,2,,,,,,0,0,,,,,0
81.001715,1779967230.99991,10734,,BS2DCE,,f,0,5,2397,2397,100,1,O,0,0,0,0,2,,,,,,0,0,,,,,0
81.001715,1779967230.99991,10734,,BS2DCE,,f,0,6,2258,2258,100,1,O,0,0,0,0,2,,,,,,0,0,,,,,0
81.001715,1779967230.99991,10734,,BS2DCE,,f,0,7,1657,1657,100,1,O,0,0,0,0,2,,,,,,0,0,,,,,0
81.054254,1779967231.052449,10735,,BS2DCE,,f,0,0,1932,1932,100,1,O,0,0,0,0,2,,,,,,0,0,,,,,0
81.054254,1779967231.052449,10735,,BS2DCE,,f,0,1,2597,2597,100,1,O,0,0,0,0,2,,,,,,0,0,,,,,0
81.054254,1779967231.052449,10735,,BS2DCE,,f,0,2,2278,2278,100,1,O,0,0,0,0,2,,,,,,0,0,,,,,0
81.054254,1779967231.052449,10735,,BS2DCE,,f,0,3,1734,1734,100,1,O,0,0,0,0,2,,,,,,0,0,,,,,0
81.054254,1779967231.052449,10735,,BS2DCE,,f,0,4,1867,1867,100,1,O,0,0,0,0,2,,,,,,0,0,,,,,0
81.054254,1779967231.052449,10735,,BS2DCE,,f,0,5,2404,2404,100,1,O,0,0,0,0,2,,,,,,0,0,,,,,0
81.054254,1779967231.052449,10735,,BS2DCE,,f,0,6,2188,2188,100,1,O,0,0,0,0,2,,,,,,0,0,,,,,0
81.054254,1779967231.052449,10735,,BS2DCE,,f,0,7,1638,1638,100,1,O,0,0,0,0,2,,,,,,0,0,,,,,0
81.158932,1779967231.157127,10736,,BS2DCE,,f,0,0,2009,2009,100,1,O,0,0,0,0,2,,,,,,0,0,,,,,0
81.158932,1779967231.157127,10736,,BS2DCE,,f,0,1,2632,2632,100,1,O,0,0,0,0,2,,,,,,0,0,,,,,0
81.158932,1779967231.157127,10736,,BS2DCE,,f,0,2,2142,2142,100,1,O,0,0,0,0,2,,,,,,0,0,,,,,0
81.158932,1779967231.157127,10736,,BS2DCE,,f,0,3,1605,1605,100,1,O,0,0,0,0,2,,,,,,0,0,,,,,0
81.158932,1779967231.157127,10736,,BS2DCE,,f,0,4,1867,1867,100,1,O,0,0,0,0,2,,,,,,0,0,,,,,0
81.158932,1779967231.157127,10736,,BS2DCE,,f,0,5,2387,2387,100,1,O,0,0,0,0,2,,,,,,0,0,,,,,0
81.158932,1779967231.157127,10736,,BS2DCE,,f,0,6,2195,2195,100,1,O,0,0,0,0,2,,,,,,0,0,,,,,0
81.158932,1779967231.157127,10736,,BS2DCE,,f,0,7,1669,1669,100,1,O,0,0,0,0,2,,,,,,0,0,,,,,0
81.257193,1779967231.255388,10737,,BS2DCE,,f,0,0,2094,2094,100,1,O,0,0,0,0,2,,,,,,0,0,,,,,0
81.257193,1779967231.255388,10737,,BS2DCE,,f,0,1,2669,2669,100,1,O,0,0,0,0,2,,,,,,0,0,,,,,0
81.257193,1779967231.255388,10737,,BS2DCE,,f,0,2,2054,2054,100,1,O,0,0,0,0,2,,,,,,0,0,,,,,0
81.257193,1779967231.255388,10737,,BS2DCE,,f,0,3,1562,1562,100,1,O,0,0,0,0,2,,,,,,0,0,,,,,0
81.257193,1779967231.255388,10737,,BS2DCE,,f,0,4,1963,1963,100,1,O,0,0,0,0,2,,,,,,0,0,,,,,0
81.257193,1779967231.255388,10737,,BS2DCE,,f,0,5,2381,2381,100,1,O,0,0,0,0,2,,,,,,0,0,,,,,0
81.257193,1779967231.255388,10737,,BS2DCE,,f,0,6,2160,2160,100,1,O,0,0,0,0,2,,,,,,0,0,,,,,0
81.257193,1779967231.255388,10737,,BS2DCE,,f,0,7,1657,1657,100,1,O,0,0,0,0,2,,,,,,0,0,,,,,0
81.416303,1779967231.414498,10738,,BS2DCE,,f,0,0,2203,2203,100,1,O,0,0,0,0,2,,,,,,0,0,,,,,0
81.416303,1779967231.414498,10738,,BS2DCE,,f,0,1,2590,2590,100,1,O,0,0,0,0,2,,,,,,0,0,,,,,0
81.416303,1779967231.414498,10738,,BS2DCE,,f,0,2,2036,2036,100,1,O,0,0,0,0,2,,,,,,0,0,,,,,0
81.416303,1779967231.414498,10738,,BS2DCE,,f,0,3,1588,1588,100,1,O,0,0,0,0,2,,,,,,0,0,,,,,0
81.416303,1779967231.414498,10738,,BS2DCE,,f,0,4,1987,1987,100,1,O,0,0,0,0,2,,,,,,0,0,,,,,0
81.416303,1779967231.414498,10738,,BS2DCE,,f,0,5,2475,2475,100,1,O,0,0,0,0,2,,,,,,0,0,,,,,0
81.416303,1779967231.414498,10738,,BS2DCE,,f,0,6,2171,2171,100,1,O,0,0,0,0,2,,,,,,0,0,,,,,0
81.416303,1779967231.414498,10738,,BS2DCE,,f,0,7,1749,1749,100,1,O,0,0,0,0,2,,,,,,0,0,,,,,0
81.451575,1779967231.44977,10739,,BS2DCE,,f,0,0,2340,2340,100,1,O,0,0,0,0,2,,,,,,0,0,,,,,0
81.451575,1779967231.44977,10739,,BS2DCE,,f,0,1,2466,2466,100,1,O,0,0,0,0,2,,,,,,0,0,,,,,0
81.451575,1779967231.44977,10739,,BS2DCE,,f,0,2,1968,1968,100,1,O,0,0,0,0,2,,,,,,0,0,,,,,0
81.451575,1779967231.44977,10739,,BS2DCE,,f,0,3,1594,1594,100,1,O,0,0,0,0,2,,,,,,0,0,,,,,0
81.451575,1779967231.44977,10739,,BS2DCE,,f,0,4,2135,2135,100,1,O,0,0,0,0,2,,,,,,0,0,,,,,0
81.451575,1779967231.44977,10739,,BS2DCE,,f,0,5,2626,2626,100,1,O,0,0,0,0,2,,,,,,0,0,,,,,0
81.451575,1779967231.44977,10739,,BS2DCE,,f,0,6,2247,2247,100,1,O,0,0,0,0,2,,,,,,0,0,,,,,0
81.451575,1779967231.44977,10739,,BS2DCE,,f,0,7,1783,1783,100,1,O,0,0,0,0,2,,,,,,0,0,,,,,0
81.571564,1779967231.569759,10740,,BS2DCE,,f,0,0,2451,2451,100,1,O,0,0,0,0,2,,,,,,0,0,,,,,0
81.571564,1779967231.569759,10740,,BS2DCE,,f,0,1,2475,2475,100,1,O,0,0,0,0,2,,,,,,0,0,,,,,0
81.571564,1779967231.569759,10740,,BS2DCE,,f,0,2,2053,2053,100,1,O,0,0,0,0,2,,,,,,0,0,,,,,0
81.571564,1779967231.569759,10740,,BS2DCE,,f,0,3,1618,1618,100,1,O,0,0,0,0,2,,,,,,0,0,,,,,0
81.571564,1779967231.569759,10740,,BS2DCE,,f,0,4,2067,2067,100,1,O,0,0,0,0,2,,,,,,0,0,,,,,0
81.571564,1779967231.569759,10740,,BS2DCE,,f,0,5,2672,2672,100,1,O,0,0,0,0,2,,,,,,0,0,,,,,0
81.571564,1779967231.569759,10740,,BS2DCE,,f,0,6,2255,2255,100,1,O,0,0,0,0,2,,,,,,0,0,,,,,0
81.571564,1779967231.569759,10740,,BS2DCE,,f,0,7,1725,1725,100,1,O,0,0,0,0,2,,,,,,0,0,,,,,0
81.654111,1779967231.652306,10741,,BS2DCE,,f,0,0,2231,2231,100,1,O,0,0,0,0,2,,,,,,0,0,,,,,0
81.654111,1779967231.652306,10741,,BS2DCE,,f,0,1,2304,2304,100,1,O,0,0,0,0,2,,,,,,0,0,,,,,0
81.654111,1779967231.652306,10741,,BS2DCE,,f,0,2,1999,1999,100,1,O,0,0,0,0,2,,,,,,0,0,,,,,0
81.654111,1779967231.652306,10741,,BS2DCE,,f,0,3,1843,1843,100,1,O,0,0,0,0,2,,,,,,0,0,,,,,0
81.654111,1779967231.652306,10741,,BS2DCE,,f,0,4,2084,2084,100,1,O,0,0,0,0,2,,,,,,0,0,,,,,0
81.654111,1779967231.652306,10741,,BS2DCE,,f,0,5,2703,2703,100,1,O,0,0,0,0,2,,,,,,0,0,,,,,0
81.654111,1779967231.652306,10741,,BS2DCE,,f,0,6,2387,2387,100,1,O,0,0,0,0,2,,,,,,0,0,,,,,0
81.654111,1779967231.652306,10741,,BS2DCE,,f,0,7,1731,1731,100,1,O,0,0,0,0,2,,,,,,0,0,,,,,0
81.759052,1779967231.757247,10742,,BS2DCE,,f,0,0,2202,2202,100,1,O,0,0,0,0,2,,,,,,0,0,,,,,0
81.759052,1779967231.757247,10742,,BS2DCE,,f,0,1,2324,2324,100,1,O,0,0,0,0,2,,,,,,0,0,,,,,0
81.759052,1779967231.757247,10742,,BS2DCE,,f,0,2,1843,1843,100,1,O,0,0,0,0,2,,,,,,0,0,,,,,0
81.759052,1779967231.757247,10742,,BS2DCE,,f,0,3,1851,1851,100,1,O,0,0,0,0,2,,,,,,0,0,,,,,0
81.759052,1779967231.757247,10742,,BS2DCE,,f,0,4,2180,2180,100,1,O,0,0,0,0,2,,,,,,0,0,,,,,0
81.759052,1779967231.757247,10742,,BS2DCE,,f,0,5,2618,2618,100,1,O,0,0,0,0,2,,,,,,0,0,,,,,0
81.759052,1779967231.757247,10742,,BS2DCE,,f,0,6,2326,2326,100,1,O,0,0,0,0,2,,,,,,0,0,,,,,0
81.759052,1779967231.757247,10742,,BS2DCE,,f,0,7,1860,1860,100,1,O,0,0,0,0,2,,,,,,0,0,,,,,0
81.856541,1779967231.854736,10743,,BS2DCE,,f,0,0,2225,2225,100,1,O,0,0,0,0,2,,,,,,0,0,,,,,0
81.856541,1779967231.854736,10743,,BS2DCE,,f,0,1,2270,2270,100,1,O,0,0,0,0,2,,,,,,0,0,,,,,0
81.856541,1779967231.854736,10743,,BS2DCE,,f,0,2,1888,1888,100,1,O,0,0,0,0,2,,,,,,0,0,,,,,0
81.856541,1779967231.854736,10743,,BS2DCE,,f,0,3,1807,1807,100,1,O,0,0,0,0,2,,,,,,0,0,,,,,0
81.856541,1779967231.854736,10743,,BS2DCE,,f,0,4,2277,2277,100,1,O,0,0,0,0,2,,,,,,0,0,,,,,0
81.856541,1779967231.854736,10743,,BS2DCE,,f,0,5,2423,2423,100,1,O,0,0,0,0,2,,,,,,0,0,,,,,0
81.856541,1779967231.854736,10743,,BS2DCE,,f,0,6,2247,2247,100,1,O,0,0,0,0,2,,,,,,0,0,,,,,0
81.856541,1779967231.854736,10743,,BS2DCE,,f,0,7,1851,1851,100,1,O,0,0,0,0,2,,,,,,0,0,,,,,0
81.961513,1779967231.959708,10744,,BS2DCE,,f,0,0,2193,2193,100,1,O,0,0,0,0,2,,,,,,0,0,,,,,0
81.961513,1779967231.959708,10744,,BS2DCE,,f,0,1,2219,2219,100,1,O,0,0,0,0,2,,,,,,0,0,,,,,0
81.961513,1779967231.959708,10744,,BS2DCE,,f,0,2,1793,1793,100,1,O,0,0,0,0,2,,,,,,0,0,,,,,0
81.961513,1779967231.959708,10744,,BS2DCE,,f,0,3,1824,1824,100,1,O,0,0,0,0,2,,,,,,0,0,,,,,0
81.961513,1779967231.959708,10744,,BS2DCE,,f,0,4,2192,2192,100,1,O,0,0,0,0,2,,,,,,0,0,,,,,0
81.961513,1779967231.959708,10744,,BS2DCE,,f,0,5,2370,2370,100,1,O,0,0,0,0,2,,,,,,0,0,,,,,0
81.961513,1779967231.959708,10744,,BS2DCE,,f,0,6,2204,2204,100,1,O,0,0,0,0,2,,,,,,0,0,,,,,0
81.961513,1779967231.959708,10744,,BS2DCE,,f,0,7,1803,1803,100,1,O,0,0,0,0,2,,,,,,0,0,,,,,0
82.081778,1779967232.079973,10745,,BS2DCE,,f,0,0,2191,2191,100,1,O,0,0,0,0,2,,,,,,0,0,,,,,0
82.081778,1779967232.079973,10745,,BS2DCE,,f,0,1,2169,2169,100,1,O,0,0,0,0,2,,,,,,0,0,,,,,0
82.081778,1779967232.079973,10745,,BS2DCE,,f,0,2,1775,1775,100,1,O,0,0,0,0,2,,,,,,0,0,,,,,0
82.081778,1779967232.079973,10745,,BS2DCE,,f,0,3,1775,1775,100,1,O,0,0,0,0,2,,,,,,0,0,,,,,0
82.081778,1779967232.079973,10745,,BS2DCE,,f,0,4,2290,2290,100,1,O,0,0,0,0,2,,,,,,0,0,,,,,0
82.081778,1779967232.079973,10745,,BS2DCE,,f,0,5,2345,2345,100,1,O,0,0,0,0,2,,,,,,0,0,,,,,0
82.081778,1779967232.079973,10745,,BS2DCE,,f,0,6,2127,2127,100,1,O,0,0,0,0,2,,,,,,0,0,,,,,0
82.081778,1779967232.079973,10745,,BS2DCE,,f,0,7,1824,1824,100,1,O,0,0,0,0,2,,,,,,0,0,,,,,0
82.171599,1779967232.169794,10746,,BS2DCE,,f,0,0,2227,2227,100,1,O,0,0,0,0,2,,,,,,0,0,,,,,0
82.171599,1779967232.169794,10746,,BS2DCE,,f,0,1,2155,2155,100,1,O,0,0,0,0,2,,,,,,0,0,,,,,0
82.171599,1779967232.169794,10746,,BS2DCE,,f,0,2,1759,1759,100,1,O,0,0,0,0,2,,,,,,0,0,,,,,0
82.171599,1779967232.169794,10746,,BS2DCE,,f,0,3,1816,1816,100,1,O,0,0,0,0,2,,,,,,0,0,,,,,0
82.171599,1779967232.169794,10746,,BS2DCE,,f,0,4,2358,2358,100,1,O,0,0,0,0,2,,,,,,0,0,,,,,0
82.171599,1779967232.169794,10746,,BS2DCE,,f,0,5,2248,2248,100,1,O,0,0,0,0,2,,,,,,0,0,,,,,0
82.171599,1779967232.169794,10746,,BS2DCE,,f,0,6,2064,2064,100,1,O,0,0,0,0,2,,,,,,0,0,,,,,0
82.171599,1779967232.169794,10746,,BS2DCE,,f,0,7,1868,1868,100,1,O,0,0,0,0,2,,,,,,0,0,,,,,0
82.254247,1779967232.252442,10747,,BS2DCE,,f,0,0,2262,2262,100,1,O,0,0,0,0,2,,,,,,0,0,,,,,0
82.254247,1779967232.252442,10747,,BS2DCE,,f,0,1,2143,2143,100,1,O,0,0,0,0,2,,,,,,0,0,,,,,0
82.254247,1779967232.252442,10747,,BS2DCE,,f,0,2,1661,1661,100,1,O,0,0,0,0,2,,,,,,0,0,,,,,0
82.254247,1779967232.252442,10747,,BS2DCE,,f,0,3,1827,1827,100,1,O,0,0,0,0,2,,,,,,0,0,,,,,0
82.254247,1779967232.252442,10747,,BS2DCE,,f,0,4,2304,2304,100,1,O,0,0,0,0,2,,,,,,0,0,,,,,0
82.254247,1779967232.252442,10747,,BS2DCE,,f,0,5,2271,2271,100,1,O,0,0,0,0,2,,,,,,0,0,,,,,0
82.254247,1779967232.252442,10747,,BS2DCE,,f,0,6,1909,1909,100,1,O,0,0,0,0,2,,,,,,0,0,,,,,0
82.254247,1779967232.252442,10747,,BS2DCE,,f,0,7,1863,1863,100,1,O,0,0,0,0,2,,,,,,0,0,,,,,0
82.458865,1779967232.45706,10748,,BS2DCE,,f,0,0,2273,2273,100,1,O,0,0,0,0,2,,,,,,0,0,,,,,0
82.458865,1779967232.45706,10748,,BS2DCE,,f,0,1,2124,2124,100,1,O,0,0,0,0,2,,,,,,0,0,,,,,0
82.458865,1779967232.45706,10748,,BS2DCE,,f,0,2,1629,1629,100,1,O,0,0,0,0,2,,,,,,0,0,,,,,0
82.458865,1779967232.45706,10748,,BS2DCE,,f,0,3,1802,1802,100,1,O,0,0,0,0,2,,,,,,0,0,,,,,0
82.458865,1779967232.45706,10748,,BS2DCE,,f,0,4,2352,2352,100,1,O,0,0,0,0,2,,,,,,0,0,,,,,0
82.458865,1779967232.45706,10748,,BS2DCE,,f,0,5,2260,2260,100,1,O,0,0,0,0,2,,,,,,0,0,,,,,0
82.458865,1779967232.45706,10748,,BS2DCE,,f,0,6,1924,1924,100,1,O,0,0,0,0,2,,,,,,0,0,,,,,0
82.458865,1779967232.45706,10748,,BS2DCE,,f,0,7,1891,1891,100,1,O,0,0,0,0,2,,,,,,0,0,,,,,0
82.478728,1779967232.476923,10749,,BS2DCE,,f,0,0,2335,2335,100,1,O,0,0,0,0,2,,,,,,0,0,,,,,0
82.478728,1779967232.476923,10749,,BS2DCE,,f,0,1,2123,2123,100,1,O,0,0,0,0,2,,,,,,0,0,,,,,0
82.478728,1779967232.476923,10749,,BS2DCE,,f,0,2,1561,1561,100,1,O,0,0,0,0,2,,,,,,0,0,,,,,0
82.478728,1779967232.476923,10749,,BS2DCE,,f,0,3,1876,1876,100,1,O,0,0,0,0,2,,,,,,0,0,,,,,0
82.478728,1779967232.476923,10749,,BS2DCE,,f,0,4,2437,2437,100,1,O,0,0,0,0,2,,,,,,0,0,,,,,0
82.478728,1779967232.476923,10749,,BS2DCE,,f,0,5,2334,2334,100,1,O,0,0,0,0,2,,,,,,0,0,,,,,0
82.478728,1779967232.476923,10749,,BS2DCE,,f,0,6,1790,1790,100,1,O,0,0,0,0,2,,,,,,0,0,,,,,0
82.478728,1779967232.476923,10749,,BS2DCE,,f,0,7,1972,1972,100,1,O,0,0,0,0,2,,,,,,0,0,,,,,0
82.587428,1779967232.585623,10750,,BS2DCE,,f,0,0,2270,2270,100,1,O,0,0,0,0,2,,,,,,0,0,,,,,0
82.587428,1779967232.585623,10750,,BS2DCE,,f,0,1,2080,2080,100,1,O,0,0,0,0,2,,,,,,0,0,,,,,0
82.587428,1779967232.585623,10750,,BS2DCE,,f,0,2,1504,1504,100,1,O,0,0,0,0,2,,,,,,0,0,,,,,0
82.587428,1779967232.585623,10750,,BS2DCE,,f,0,3,1777,1777,100,1,O,0,0,0,0,2,,,,,,0,0,,,,,0
82.587428,1779967232.585623,10750,,BS2DCE,,f,0,4,2438,2438,100,1,O,0,0,0,0,2,,,,,,0,0,,,,,0
82.587428,1779967232.585623,10750,,BS2DCE,,f,0,5,2364,2364,100,1,O,0,0,0,0,2,,,,,,0,0,,,,,0
82.587428,1779967232.585623,10750,,BS2DCE,,f,0,6,1832,1832,100,1,O,0,0,0,0,2,,,,,,0,0,,,,,0
82.587428,1779967232.585623,10750,,BS2DCE,,f,0,7,1994,1994,100,1,O,0,0,0,0,2,,,,,,0,0,,,,,0
82.651636,1779967232.649831,10751,,BS2DCE,,f,0,0,2376,2376,100,1,O,0,0,0,0,2,,,,,,0,0,,,,,0
82.651636,1779967232.649831,10751,,BS2DCE,,f,0,1,1992,1992,100,1,O,0,0,0,0,2,,,,,,0,0,,,,,0
82.651636,1779967232.649831,10751,,BS2DCE,,f,0,2,1583,1583,100,1,O,0,0,0,0,2,,,,,,0,0,,,,,0
82.651636,1779967232.649831,10751,,BS2DCE,,f,0,3,1976,1976,100,1,O,0,0,0,0,2,,,,,,0,0,,,,,0
82.651636,1779967232.649831,10751,,BS2DCE,,f,0,4,2512,2512,100,1,O,0,0,0,0,2,,,,,,0,0,,,,,0
82.651636,1779967232.649831,10751,,BS2DCE,,f,0,5,2191,2191,100,1,O,0,0,0,0,2,,,,,,0,0,,,,,0
82.651636,1779967232.649831,10751,,BS2DCE,,f,0,6,1745,1745,100,1,O,0,0,0,0,2,,,,,,0,0,,,,,0
82.651636,1779967232.649831,10751,,BS2DCE,,f,0,7,1967,1967,100,1,O,0,0,0,0,2,,,,,,0,0,,,,,0
82.801726,1779967232.799921,10752,,BS2DCE,,f,0,0,2353,2353,100,1,O,0,0,0,0,2,,,,,,0,0,,,,,0
82.801726,1779967232.799921,10752,,BS2DCE,,f,0,1,2058,2058,100,1,O,0,0,0,0,2,,,,,,0,0,,,,,0
82.801726,1779967232.799921,10752,,BS2DCE,,f,0,2,1456,1456,100,1,O,0,0,0,0,2,,,,,,0,0,,,,,0
82.801726,1779967232.799921,10752,,BS2DCE,,f,0,3,1960,1960,100,1,O,0,0,0,0,2,,,,,,0,0,,,,,0
82.801726,1779967232.799921,10752,,BS2DCE,,f,0,4,2566,2566,100,1,O,0,0,0,0,2,,,,,,0,0,,,,,0
82.801726,1779967232.799921,10752,,BS2DCE,,f,0,5,2213,2213,100,1,O,0,0,0,0,2,,,,,,0,0,,,,,0
82.801726,1779967232.799921,10752,,BS2DCE,,f,0,6,1733,1733,100,1,O,0,0,0,0,2,,,,,,0,0,,,,,0
82.801726,1779967232.799921,10752,,BS2DCE,,f,0,7,2039,2039,100,1,O,0,0,0,0,2,,,,,,0,0,,,,,0
82.8541,1779967232.852295,10753,,BS2DCE,,f,0,0,2463,2463,100,1,O,0,0,0,0,2,,,,,,0,0,,,,,0
82.8541,1779967232.852295,10753,,BS2DCE,,f,0,1,2018,2018,100,1,O,0,0,0,0,2,,,,,,0,0,,,,,0
82.8541,1779967232.852295,10753,,BS2DCE,,f,0,2,1438,1438,100,1,O,0,0,0,0,2,,,,,,0,0,,,,,0
82.8541,1779967232.852295,10753,,BS2DCE,,f,0,3,1966,1966,100,1,O,0,0,0,0,2,,,,,,0,0,,,,,0
82.8541,1779967232.852295,10753,,BS2DCE,,f,0,4,2472,2472,100,1,O,0,0,0,0,2,,,,,,0,0,,,,,0
82.8541,1779967232.852295,10753,,BS2DCE,,f,0,5,2224,2224,100,1,O,0,0,0,0,2,,,,,,0,0,,,,,0
82.8541,1779967232.852295,10753,,BS2DCE,,f,0,6,1790,1790,100,1,O,0,0,0,0,2,,,,,,0,0,,,,,0
82.8541,1779967232.852295,10753,,BS2DCE,,f,0,7,2132,2132,100,1,O,0,0,0,0,2,,,,,,0,0,,,,,0
82.959161,1779967232.957356,10754,,BS2DCE,,f,0,0,2430,2430,100,1,O,0,0,0,0,2,,,,,,0,0,,,,,0
82.959161,1779967232.957356,10754,,BS2DCE,,f,0,1,1963,1963,100,1,O,0,0,0,0,2,,,,,,0,0,,,,,0
82.959161,1779967232.957356,10754,,BS2DCE,,f,0,2,1433,1433,100,1,O,0,0,0,0,2,,,,,,0,0,,,,,0
82.959161,1779967232.957356,10754,,BS2DCE,,f,0,3,2046,2046,100,1,O,0,0,0,0,2,,,,,,0,0,,,,,0
82.959161,1779967232.957356,10754,,BS2DCE,,f,0,4,2550,2550,100,1,O,0,0,0,0,2,,,,,,0,0,,,,,0
82.959161,1779967232.957356,10754,,BS2DCE,,f,0,5,2169,2169,100,1,O,0,0,0,0,2,,,,,,0,0,,,,,0
82.959161,1779967232.957356,10754,,BS2DCE,,f,0,6,1761,1761,100,1,O,0,0,0,0,2,,,,,,0,0,,,,,0
82.959161,1779967232.957356,10754,,BS2DCE,,f,0,7,2104,2104,100,1,O,0,0,0,0,2,,,,,,0,0,,,,,0
83.056642,1779967233.054837,10755,,BS2DCE,,f,0,0,2515,2515,100,1,O,0,0,0,0,2,,,,,,0,0,,,,,0
83.056642,1779967233.054837,10755,,BS2DCE,,f,0,1,2001,2001,100,1,O,0,0,0,0,2,,,,,,0,0,,,,,0
83.056642,1779967233.054837,10755,,BS2DCE,,f,0,2,1472,1472,100,1,O,0,0,0,0,2,,,,,,0,0,,,,,0
83.056642,1779967233.054837,10755,,BS2DCE,,f,0,3,2087,2087,100,1,O,0,0,0,0,2,,,,,,0,0,,,,,0
83.056642,1779967233.054837,10755,,BS2DCE,,f,0,4,2612,2612,100,1,O,0,0,0,0,2,,,,,,0,0,,,,,0
83.056642,1779967233.054837,10755,,BS2DCE,,f,0,5,2024,2024,100,1,O,0,0,0,0,2,,,,,,0,0,,,,,0
83.056642,1779967233.054837,10755,,BS2DCE,,f,0,6,1678,1678,100,1,O,0,0,0,0,2,,,,,,0,0,,,,,0
83.056642,1779967233.054837,10755,,BS2DCE,,f,0,7,2137,2137,100,1,O,0,0,0,0,2,,,,,,0,0,,,,,0
83.161765,1779967233.15996,10756,,BS2DCE,,f,0,0,2494,2494,100,1,O,0,0,0,0,2,,,,,,0,0,,,,,0
83.161765,1779967233.15996,10756,,BS2DCE,,f,0,1,2061,2061,100,1,O,0,0,0,0,2,,,,,,0,0,,,,,0
83.161765,1779967233.15996,10756,,BS2DCE,,f,0,2,1470,1470,100,1,O,0,0,0,0,2,,,,,,0,0,,,,,0
83.161765,1779967233.15996,10756,,BS2DCE,,f,0,3,2079,2079,100,1,O,0,0,0,0,2,,,,,,0,0,,,,,0
83.161765,1779967233.15996,10756,,BS2DCE,,f,0,4,2645,2645,100,1,O,0,0,0,0,2,,,,,,0,0,,,,,0
83.161765,1779967233.15996,10756,,BS2DCE,,f,0,5,2092,2092,100,1,O,0,0,0,0,2,,,,,,0,0,,,,,0
83.161765,1779967233.15996,10756,,BS2DCE,,f,0,6,1644,1644,100,1,O,0,0,0,0,2,,,,,,0,0,,,,,0
83.161765,1779967233.15996,10756,,BS2DCE,,f,0,7,2094,2094,100,1,O,0,0,0,0,2,,,,,,0,0,,,,,0
83.251589,1779967233.249784,10757,,BS2DCE,,f,0,0,2549,2549,100,1,O,0,0,0,0,2,,,,,,0,0,,,,,0
83.251589,1779967233.249784,10757,,BS2DCE,,f,0,1,2029,2029,100,1,O,0,0,0,0,2,,,,,,0,0,,,,,0
83.251589,1779967233.249784,10757,,BS2DCE,,f,0,2,1525,1525,100,1,O,0,0,0,0,2,,,,,,0,0,,,,,0
83.251589,1779967233.249784,10757,,BS2DCE,,f,0,3,2132,2132,100,1,O,0,0,0,0,2,,,,,,0,0,,,,,0
83.251589,1779967233.249784,10757,,BS2DCE,,f,0,4,2609,2609,100,1,O,0,0,0,0,2,,,,,,0,0,,,,,0
83.251589,1779967233.249784,10757,,BS2DCE,,f,0,5,1998,1998,100,1,O,0,0,0,0,2,,,,,,0,0,,,,,0
83.251589,1779967233.249784,10757,,BS2DCE,,f,0,6,1671,1671,100,1,O,0,0,0,0,2,,,,,,0,0,,,,,0
83.251589,1779967233.249784,10757,,BS2DCE,,f,0,7,2211,2211,100,1,O,0,0,0,0,2,,,,,,0,0,,,,,0
83.418855,1779967233.41705,10758,,BS2DCE,,f,0,0,2589,2589,100,1,O,0,0,0,0,2,,,,,,0,0,,,,,0
83.418855,1779967233.41705,10758,,BS2DCE,,f,0,1,2467,2467,100,1,O,0,0,0,0,2,,,,,,0,0,,,,,0
83.418855,1779967233.41705,10758,,BS2DCE,,f,0,2,1635,1635,100,1,O,0,0,0,0,2,,,,,,0,0,,,,,0
83.418855,1779967233.41705,10758,,BS2DCE,,f,0,3,2189,2189,100,1,O,0,0,0,0,2,,,,,,0,0,,,,,0
83.418855,1779967233.41705,10758,,BS2DCE,,f,0,4,2637,2637,100,1,O,0,0,0,0,2,,,,,,0,0,,,,,0
83.418855,1779967233.41705,10758,,BS2DCE,,f,0,5,2100,2100,100,1,O,0,0,0,0,2,,,,,,0,0,,,,,0
83.418855,1779967233.41705,10758,,BS2DCE,,f,0,6,1621,1621,100,1,O,0,0,0,0,2,,,,,,0,0,,,,,0
83.418855,1779967233.41705,10758,,BS2DCE,,f,0,7,2234,2234,100,1,O,0,0,0,0,2,,,,,,0,0,,,,,0
83.454164,1779967233.452359,10759,,BS2DCE,,f,0,0,2706,2706,100,1,O,0,0,0,0,2,,,,,,0,0,,,,,0
83.454164,1779967233.452359,10759,,BS2DCE,,f,0,1,2154,2154,100,1,O,0,0,0,0,2,,,,,,0,0,,,,,0
83.454164,1779967233.452359,10759,,BS2DCE,,f,0,2,1620,1620,100,1,O,0,0,0,0,2,,,,,,0,0,,,,,0
83.454164,1779967233.452359,10759,,BS2DCE,,f,0,3,2211,2211,100,1,O,0,0,0,0,2,,,,,,0,0,,,,,0
83.454164,1779967233.452359,10759,,BS2DCE,,f,0,4,2706,2706,100,1,O,0,0,0,0,2,,,,,,0,0,,,,,0
83.454164,1779967233.452359,10759,,BS2DCE,,f,0,5,1935,1935,100,1,O,0,0,0,0,2,,,,,,0,0,,,,,0
83.454164,1779967233.452359,10759,,BS2DCE,,f,0,6,1588,1588,100,1,O,0,0,0,0,2,,,,,,0,0,,,,,0
83.454164,1779967233.452359,10759,,BS2DCE,,f,0,7,2191,2191,100,1,O,0,0,0,0,2,,,,,,0,0,,,,,0
83.574037,1779967233.572232,10760,,BS2DCE,,f,0,0,2675,2675,100,1,O,0,0,0,0,2,,,,,,0,0,,,,,0
83.574037,1779967233.572232,10760,,BS2DCE,,f,0,1,1953,1953,100,1,O,0,0,0,0,2,,,,,,0,0,,,,,0
83.574037,1779967233.572232,10760,,BS2DCE,,f,0,2,1601,1601,100,1,O,0,0,0,0,2,,,,,,0,0,,,,,0
83.574037,1779967233.572232,10760,,BS2DCE,,f,0,3,2221,2221,100,1,O,0,0,0,0,2,,,,,,0,0,,,,,0
83.574037,1779967233.572232,10760,,BS2DCE,,f,0,4,2572,2572,100,1,O,0,0,0,0,2,,,,,,0,0,,,,,0
83.574037,1779967233.572232,10760,,BS2DCE,,f,0,5,1774,1774,100,1,O,0,0,0,0,2,,,,,,0,0,,,,,0
83.574037,1779967233.572232,10760,,BS2DCE,,f,0,6,1639,1639,100,1,O,0,0,0,0,2,,,,,,0,0,,,,,0
83.574037,1779967233.572232,10760,,BS2DCE,,f,0,7,2286,2286,100,1,O,0,0,0,0,2,,,,,,0,0,,,,,0
83.656591,1779967233.654786,10761,,BS2DCE,,f,0,0,2759,2759,100,1,O,0,0,0,0,2,,,,,,0,0,,,,,0
83.656591,1779967233.654786,10761,,BS2DCE,,f,0,1,1954,1954,100,1,O,0,0,0,0,2,,,,,,0,0,,,,,0
83.656591,1779967233.654786,10761,,BS2DCE,,f,0,2,1546,1546,100,1,O,0,0,0,0,2,,,,,,0,0,,,,,0
83.656591,1779967233.654786,10761,,BS2DCE,,f,0,3,2254,2254,100,1,O,0,0,0,0,2,,,,,,0,0,,,,,0
83.656591,1779967233.654786,10761,,BS2DCE,,f,0,4,2488,2488,100,1,O,0,0,0,0,2,,,,,,0,0,,,,,0
83.656591,1779967233.654786,10761,,BS2DCE,,f,0,5,1885,1885,100,1,O,0,0,0,0,2,,,,,,0,0,,,,,0
83.656591,1779967233.654786,10761,,BS2DCE,,f,0,6,1553,1553,100,1,O,0,0,0,0,2,,,,,,0,0,,,,,0
83.656591,1779967233.654786,10761,,BS2DCE,,f,0,7,2205,2205,100,1,O,0,0,0,0,2,,,,,,0,0,,,,,0
83.762215,1779967233.76041,10762,,BS2DCE,,f,0,0,3091,3091,100,1,O,0,0,0,0,2,,,,,,0,0,,,,,0
83.762215,1779967233.76041,10762,,BS2DCE,,f,0,1,1878,1878,100,1,O,0,0,0,0,2,,,,,,0,0,,,,,0
83.762215,1779967233.76041,10762,,BS2DCE,,f,0,2,1626,1626,100,1,O,0,0,0,0,2,,,,,,0,0,,,,,0
83.762215,1779967233.76041,10762,,BS2DCE,,f,0,3,2372,2372,100,1,O,0,0,0,0,2,,,,,,0,0,,,,,0
83.762215,1779967233.76041,10762,,BS2DCE,,f,0,4,2429,2429,100,1,O,0,0,0,0,2,,,,,,0,0,,,,,0
83.762215,1779967233.76041,10762,,BS2DCE,,f,0,5,1809,1809,100,1,O,0,0,0,0,2,,,,,,0,0,,,,,0
83.762215,1779967233.76041,10762,,BS2DCE,,f,0,6,1565,1565,100,1,O,0,0,0,0,2,,,,,,0,0,,,,,0
83.762215,1779967233.76041,10762,,BS2DCE,,f,0,7,2314,2314,100,1,O,0,0,0,0,2,,,,,,0,0,,,,,0
83.881626,1779967233.879821,10763,,BS2DCE,,f,0,0,2779,2779,100,1,O,0,0,0,0,2,,,,,,0,0,,,,,0
83.881626,1779967233.879821,10763,,BS2DCE,,f,0,1,1859,1859,100,1,O,0,0,0,0,2,,,,,,0,0,,,,,0
83.881626,1779967233.879821,10763,,BS2DCE,,f,0,2,1654,1654,100,1,O,0,0,0,0,2,,,,,,0,0,,,,,0
83.881626,1779967233.879821,10763,,BS2DCE,,f,0,3,2407,2407,100,1,O,0,0,0,0,2,,,,,,0,0,,,,,0
83.881626,1779967233.879821,10763,,BS2DCE,,f,0,4,2506,2506,100,1,O,0,0,0,0,2,,,,,,0,0,,,,,0
83.881626,1779967233.879821,10763,,BS2DCE,,f,0,5,1719,1719,100,1,O,0,0,0,0,2,,,,,,0,0,,,,,0
83.881626,1779967233.879821,10763,,BS2DCE,,f,0,6,1597,1597,100,1,O,0,0,0,0,2,,,,,,0,0,,,,,0
83.881626,1779967233.879821,10763,,BS2DCE,,f,0,7,2363,2363,100,1,O,0,0,0,0,2,,,,,,0,0,,,,,0
83.971631,1779967233.969826,10764,,BS2DCE,,f,0,0,2646,2646,100,1,O,0,0,0,0,2,,,,,,0,0,,,,,0
83.971631,1779967233.969826,10764,,BS2DCE,,f,0,1,1849,1849,100,1,O,0,0,0,0,2,,,,,,0,0,,,,,0
83.971631,1779967233.969826,10764,,BS2DCE,,f,0,2,1749,1749,100,1,O,0,0,0,0,2,,,,,,0,0,,,,,0
83.971631,1779967233.969826,10764,,BS2DCE,,f,0,3,2393,2393,100,1,O,0,0,0,0,2,,,,,,0,0,,,,,0
83.971631,1779967233.969826,10764,,BS2DCE,,f,0,4,2335,2335,100,1,O,0,0,0,0,2,,,,,,0,0,,,,,0
83.971631,1779967233.969826,10764,,BS2DCE,,f,0,5,1515,1515,100,1,O,0,0,0,0,2,,,,,,0,0,,,,,0
83.971631,1779967233.969826,10764,,BS2DCE,,f,0,6,1652,1652,100,1,O,0,0,0,0,2,,,,,,0,0,,,,,0
83.971631,1779967233.969826,10764,,BS2DCE,,f,0,7,2283,2283,100,1,O,0,0,0,0,2,,,,,,0,0,,,,,0
84.05419,1779967234.052385,10765,,BS2DCE,,f,0,0,2626,2626,100,1,O,0,0,0,0,2,,,,,,0,0,,,,,0
84.05419,1779967234.052385,10765,,BS2DCE,,f,0,1,1823,1823,100,1,O,0,0,0,0,2,,,,,,0,0,,,,,0
84.05419,1779967234.052385,10765,,BS2DCE,,f,0,2,1773,1773,100,1,O,0,0,0,0,2,,,,,,0,0,,,,,0
84.05419,1779967234.052385,10765,,BS2DCE,,f,0,3,2470,2470,100,1,O,0,0,0,0,2,,,,,,0,0,,,,,0
84.05419,1779967234.052385,10765,,BS2DCE,,f,0,4,2301,2301,100,1,O,0,0,0,0,2,,,,,,0,0,,,,,0
84.05419,1779967234.052385,10765,,BS2DCE,,f,0,5,1535,1535,100,1,O,0,0,0,0,2,,,,,,0,0,,,,,0
84.05419,1779967234.052385,10765,,BS2DCE,,f,0,6,1684,1684,100,1,O,0,0,0,0,2,,,,,,0,0,,,,,0
84.05419,1779967234.052385,10765,,BS2DCE,,f,0,7,2369,2369,100,1,O,0,0,0,0,2,,,,,,0,0,,,,,0
84.159048,1779967234.157243,10766,,BS2DCE,,f,0,0,2605,2605,100,1,O,0,0,0,0,2,,,,,,0,0,,,,,0
84.159048,1779967234.157243,10766,,BS2DCE,,f,0,1,1856,1856,100,1,O,0,0,0,0,2,,,,,,0,0,,,,,0
84.159048,1779967234.157243,10766,,BS2DCE,,f,0,2,1775,1775,100,1,O,0,0,0,0,2,,,,,,0,0,,,,,0
84.159048,1779967234.157243,10766,,BS2DCE,,f,0,3,2458,2458,100,1,O,0,0,0,0,2,,,,,,0,0,,,,,0
84.159048,1779967234.157243,10766,,BS2DCE,,f,0,4,2234,2234,100,1,O,0,0,0,0,2,,,,,,0,0,,,,,0
84.159048,1779967234.157243,10766,,BS2DCE,,f,0,5,1638,1638,100,1,O,0,0,0,0,2,,,,,,0,0,,,,,0
84.159048,1779967234.157243,10766,,BS2DCE,,f,0,6,1800,1800,100,1,O,0,0,0,0,2,,,,,,0,0,,,,,0
84.159048,1779967234.157243,10766,,BS2DCE,,f,0,7,2413,2413,100,1,O,0,0,0,0,2,,,,,,0,0,,,,,0
84.256513,1779967234.254708,10767,,BS2DCE,,f,0,0,2554,2554,100,1,O,0,0,0,0,2,,,,,,0,0,,,,,0
84.256513,1779967234.254708,10767,,BS2DCE,,f,0,1,1895,1895,100,1,O,0,0,0,0,2,,,,,,0,0,,,,,0
84.256513,1779967234.254708,10767,,BS2DCE,,f,0,2,1868,1868,100,1,O,0,0,0,0,2,,,,,,0,0,,,,,0
84.256513,1779967234.254708,10767,,BS2DCE,,f,0,3,2531,2531,100,1,O,0,0,0,0,2,,,,,,0,0,,,,,0
84.256513,1779967234.254708,10767,,BS2DCE,,f,0,4,2250,2250,100,1,O,0,0,0,0,2,,,,,,0,0,,,,,0
84.256513,1779967234.254708,10767,,BS2DCE,,f,0,5,1518,1518,100,1,O,0,0,0,0,2,,,,,,0,0,,,,,0
84.256513,1779967234.254708,10767,,BS2DCE,,f,0,6,1866,1866,100,1,O,0,0,0,0,2,,,,,,0,0,,,,,0
84.256513,1779967234.254708,10767,,BS2DCE,,f,0,7,2444,2444,100,1,O,0,0,0,0,2,,,,,,0,0,,,,,0
84.416285,1779967234.41448,10768,,BS2DCE,,f,0,0,2516,2516,100,1,O,0,0,0,0,2,,,,,,0,0,,,,,0
84.416285,1779967234.41448,10768,,BS2DCE,,f,0,1,1961,1961,100,1,O,0,0,0,0,2,,,,,,0,0,,,,,0
84.416285,1779967234.41448,10768,,BS2DCE,,f,0,2,1988,1988,100,1,O,0,0,0,0,2,,,,,,0,0,,,,,0
84.416285,1779967234.41448,10768,,BS2DCE,,f,0,3,2626,2626,100,1,O,0,0,0,0,2,,,,,,0,0,,,,,0
84.416285,1779967234.41448,10768,,BS2DCE,,f,0,4,2072,2072,100,1,O,0,0,0,0,2,,,,,,0,0,,,,,0
84.416285,1779967234.41448,10768,,BS2DCE,,f,0,5,1676,1676,100,1,O,0,0,0,0,2,,,,,,0,0,,,,,0
84.416285,1779967234.41448,10768,,BS2DCE,,f,0,6,1832,1832,100,1,O,0,0,0,0,2,,,,,,0,0,,,,,0
84.416285,1779967234.41448,10768,,BS2DCE,,f,0,7,2357,2357,100,1,O,0,0,0,0,2,,,,,,0,0,,,,,0
84.451515,1779967234.44971,10769,,BS2DCE,,f,0,0,2425,2425,100,1,O,0,0,0,0,2,,,,,,0,0,,,,,0
84.451515,1779967234.44971,10769,,BS2DCE,,f,0,1,1997,1997,100,1,O,0,0,0,0,2,,,,,,0,0,,,,,0
84.451515,1779967234.44971,10769,,BS2DCE,,f,0,2,1928,1928,100,1,O,0,0,0,0,2,,,,,,0,0,,,,,0
84.451515,1779967234.44971,10769,,BS2DCE,,f,0,3,2690,2690,100,1,O,0,0,0,0,2,,,,,,0,0,,,,,0
84.451515,1779967234.44971,10769,,BS2DCE,,f,0,4,2087,2087,100,1,O,0,0,0,0,2,,,,,,0,0,,,,,0
84.451515,1779967234.44971,10769,,BS2DCE,,f,0,5,1656,1656,100,1,O,0,0,0,0,2,,,,,,0,0,,,,,0
84.451515,1779967234.44971,10769,,BS2DCE,,f,0,6,1803,1803,100,1,O,0,0,0,0,2,,,,,,0,0,,,,,0
84.451515,1779967234.44971,10769,,BS2DCE,,f,0,7,2351,2351,100,1,O,0,0,0,0,2,,,,,,0,0,,,,,0
84.601591,1779967234.599786,10770,,BS2DCE,,f,0,0,2382,2382,100,1,O,0,0,0,0,2,,,,,,0,0,,,,,0
84.601591,1779967234.599786,10770,,BS2DCE,,f,0,1,1941,1941,100,1,O,0,0,0,0,2,,,,,,0,0,,,,,0
84.601591,1779967234.599786,10770,,BS2DCE,,f,0,2,1994,1994,100,1,O,0,0,0,0,2,,,,,,0,0,,,,,0
84.601591,1779967234.599786,10770,,BS2DCE,,f,0,3,2661,2661,100,1,O,0,0,0,0,2,,,,,,0,0,,,,,0
84.601591,1779967234.599786,10770,,BS2DCE,,f,0,4,2067,2067,100,1,O,0,0,0,0,2,,,,,,0,0,,,,,0
84.601591,1779967234.599786,10770,,BS2DCE,,f,0,5,1748,1748,100,1,O,0,0,0,0,2,,,,,,0,0,,,,,0
84.601591,1779967234.599786,10770,,BS2DCE,,f,0,6,1912,1912,100,1,O,0,0,0,0,2,,,,,,0,0,,,,,0
84.601591,1779967234.599786,10770,,BS2DCE,,f,0,7,2183,2183,100,1,O,0,0,0,0,2,,,,,,0,0,,,,,0
84.664504,1779967234.662699,10771,,BS2DCE,,f,0,0,2278,2278,100,1,O,0,0,0,0,2,,,,,,0,0,,,,,0
84.664504,1779967234.662699,10771,,BS2DCE,,f,0,1,2062,2062,100,1,O,0,0,0,0,2,,,,,,0,0,,,,,0
84.664504,1779967234.662699,10771,,BS2DCE,,f,0,2,2103,2103,100,1,O,0,0,0,0,2,,,,,,0,0,,,,,0
84.664504,1779967234.662699,10771,,BS2DCE,,f,0,3,2509,2509,100,1,O,0,0,0,0,2,,,,,,0,0,,,,,0
84.664504,1779967234.662699,10771,,BS2DCE,,f,0,4,1954,1954,100,1,O,0,0,0,0,2,,,,,,0,0,,,,,0
84.664504,1779967234.662699,10771,,BS2DCE,,f,0,5,1487,1487,100,1,O,0,0,0,0,2,,,,,,0,0,,,,,0
84.664504,1779967234.662699,10771,,BS2DCE,,f,0,6,1939,1939,100,1,O,0,0,0,0,2,,,,,,0,0,,,,,0
84.664504,1779967234.662699,10771,,BS2DCE,,f,0,7,2219,2219,100,1,O,0,0,0,0,2,,,,,,0,0,,,,,0
84.767294,1779967234.765489,10772,,BS2DCE,,f,0,0,2168,2168,100,1,O,0,0,0,0,2,,,,,,0,0,,,,,0
84.767294,1779967234.765489,10772,,BS2DCE,,f,0,1,1946,1946,100,1,O,0,0,0,0,2,,,,,,0,0,,,,,0
84.767294,1779967234.765489,10772,,BS2DCE,,f,0,2,2198,2198,100,1,O,0,0,0,0,2,,,,,,0,0,,,,,0
84.767294,1779967234.765489,10772,,BS2DCE,,f,0,3,2489,2489,100,1,O,0,0,0,0,2,,,,,,0,0,,,,,0
84.767294,1779967234.765489,10772,,BS2DCE,,f,0,4,1863,1863,100,1,O,0,0,0,0,2,,,,,,0,0,,,,,0
84.767294,1779967234.765489,10772,,BS2DCE,,f,0,5,1716,1716,100,1,O,0,0,0,0,2,,,,,,0,0,,,,,0
84.767294,1779967234.765489,10772,,BS2DCE,,f,0,6,1978,1978,100,1,O,0,0,0,0,2,,,,,,0,0,,,,,0
84.767294,1779967234.765489,10772,,BS2DCE,,f,0,7,2062,2062,100,1,O,0,0,0,0,2,,,,,,0,0,,,,,0
84.856594,1779967234.854789,10773,,BS2DCE,,f,0,0,2151,2151,100,1,O,0,0,0,0,2,,,,,,0,0,,,,,0
84.856594,1779967234.854789,10773,,BS2DCE,,f,0,1,2015,2015,100,1,O,0,0,0,0,2,,,,,,0,0,,,,,0
84.856594,1779967234.854789,10773,,BS2DCE,,f,0,2,2277,2277,100,1,O,0,0,0,0,2,,,,,,0,0,,,,,0
84.856594,1779967234.854789,10773,,BS2DCE,,f,0,3,2591,2591,100,1,O,0,0,0,0,2,,,,,,0,0,,,,,0
84.856594,1779967234.854789,10773,,BS2DCE,,f,0,4,1825,1825,100,1,O,0,0,0,0,2,,,,,,0,0,,,,,0
84.856594,1779967234.854789,10773,,BS2DCE,,f,0,5,1742,1742,100,1,O,0,0,0,0,2,,,,,,0,0,,,,,0
84.856594,1779967234.854789,10773,,BS2DCE,,f,0,6,2024,2024,100,1,O,0,0,0,0,2,,,,,,0,0,,,,,0
84.856594,1779967234.854789,10773,,BS2DCE,,f,0,7,2098,2098,100,1,O,0,0,0,0,2,,,,,,0,0,,,,,0
84.961543,1779967234.959738,10774,,BS2DCE,,f,0,0,2123,2123,100,1,O,0,0,0,0,2,,,,,,0,0,,,,,0
84.961543,1779967234.959738,10774,,BS2DCE,,f,0,1,2163,2163,100,1,O,0,0,0,0,2,,,,,,0,0,,,,,0
84.961543,1779967234.959738,10774,,BS2DCE,,f,0,2,0,2277,96,0,T,0,0,0,0,2,,,,,,0,0,,,,,0
84.961543,1779967234.959738,10774,,BS2DCE,,f,0,3,2348,2348,100,1,O,0,0,0,0,2,,,,,,0,0,,,,,0
84.961543,1779967234.959738,10774,,BS2DCE,,f,0,4,1728,1728,100,1,O,0,0,0,0,2,,,,,,0,0,,,,,0
84.961543,1779967234.959738,10774,,BS2DCE,,f,0,5,1699,1699,100,1,O,0,0,0,0,2,,,,,,0,0,,,,,0
84.961543,1779967234.959738,10774,,BS2DCE,,f,0,6,2087,2087,100,1,O,0,0,0,0,2,,,,,,0,0,,,,,0
84.961543,1779967234.959738,10774,,BS2DCE,,f,0,7,1951,1951,100,1,O,0,0,0,0,2,,,,,,0,0,,,,,0
85.051578,1779967235.049773,10775,,BS2DCE,,f,0,0,2135,2135,100,1,O,0,0,0,0,2,,,,,,0,0,,,,,0
85.051578,1779967235.049773,10775,,BS2DCE,,f,0,1,2175,2175,100,1,O,0,0,0,0,2,,,,,,0,0,,,,,0
85.051578,1779967235.049773,10775,,BS2DCE,,f,0,2,2302,2302,96,1,O,0,0,0,0,2,,,,,,0,0,,,,,0
85.051578,1779967235.049773,10775,,BS2DCE,,f,0,3,2282,2282,100,1,O,0,0,0,0,2,,,,,,0,0,,,,,0
85.051578,1779967235.049773,10775,,BS2DCE,,f,0,4,1700,1700,100,1,O,0,0,0,0,2,,,,,,0,0,,,,,0
85.051578,1779967235.049773,10775,,BS2DCE,,f,0,5,1847,1847,100,1,O,0,0,0,0,2,,,,,,0,0,,,,,0
85.051578,1779967235.049773,10775,,BS2DCE,,f,0,6,2067,2067,100,1,O,0,0,0,0,2,,,,,,0,0,,,,,0
85.051578,1779967235.049773,10775,,BS2DCE,,f,0,7,1938,1938,100,1,O,0,0,0,0,2,,,,,,0,0,,,,,0
85.171483,1779967235.169678,10776,,BS2DCE,,f,0,0,2093,2093,100,1,O,0,0,0,0,2,,,,,,0,0,,,,,0
85.171483,1779967235.169678,10776,,BS2DCE,,f,0,1,2678,2678,100,1,O,0,0,0,0,2,,,,,,0,0,,,,,0
85.171483,1779967235.169678,10776,,BS2DCE,,f,0,2,2324,2324,96,1,O,0,0,0,0,2,,,,,,0,0,,,,,0
85.171483,1779967235.169678,10776,,BS2DCE,,f,0,3,2184,2184,100,1,O,0,0,0,0,2,,,,,,0,0,,,,,0
85.171483,1779967235.169678,10776,,BS2DCE,,f,0,4,1643,1643,100,1,O,0,0,0,0,2,,,,,,0,0,,,,,0
85.171483,1779967235.169678,10776,,BS2DCE,,f,0,5,1901,1901,100,1,O,0,0,0,0,2,,,,,,0,0,,,,,0
85.171483,1779967235.169678,10776,,BS2DCE,,f,0,6,2161,2161,100,1,O,0,0,0,0,2,,,,,,0,0,,,,,0
85.171483,1779967235.169678,10776,,BS2DCE,,f,0,7,1827,1827,100,1,O,0,0,0,0,2,,,,,,0,0,,,,,0
85.253958,1779967235.252153,10777,,BS2DCE,,f,0,0,2100,2100,100,1,O,0,0,0,0,2,,,,,,0,0,,,,,0
85.253958,1779967235.252153,10777,,BS2DCE,,f,0,1,2561,2561,100,1,O,0,0,0,0,2,,,,,,0,0,,,,,0
85.253958,1779967235.252153,10777,,BS2DCE,,f,0,2,2392,2392,96,1,O,0,0,0,0,2,,,,,,0,0,,,,,0
85.253958,1779967235.252153,10777,,BS2DCE,,f,0,3,2237,2237,100,1,O,0,0,0,0,2,,,,,,0,0,,,,,0
85.253958,1779967235.252153,10777,,BS2DCE,,f,0,4,1684,1684,100,1,O,0,0,0,0,2,,,,,,0,0,,,,,0
85.253958,1779967235.252153,10777,,BS2DCE,,f,0,5,2024,2024,100,1,O,0,0,0,0,2,,,,,,0,0,,,,,0
85.253958,1779967235.252153,10777,,BS2DCE,,f,0,6,2234,2234,100,1,O,0,0,0,0,2,,,,,,0,0,,,,,0
85.253958,1779967235.252153,10777,,BS2DCE,,f,0,7,1880,1880,100,1,O,0,0,0,0,2,,,,,,0,0,,,,,0
85.428731,1779967235.426926,10778,,BS2DCE,,f,0,0,2000,2000,100,1,O,0,0,0,0,2,,,,,,0,0,,,,,0
85.428731,1779967235.426926,10778,,BS2DCE,,f,0,1,2428,2428,100,1,O,0,0,0,0,2,,,,,,0,0,,,,,0
85.428731,1779967235.426926,10778,,BS2DCE,,f,0,2,2718,2718,96,1,O,0,0,0,0,2,,,,,,0,0,,,,,0
85.428731,1779967235.426926,10778,,BS2DCE,,f,0,3,2195,2195,100,1,O,0,0,0,0,2,,,,,,0,0,,,,,0
85.428731,1779967235.426926,10778,,BS2DCE,,f,0,4,2782,2782,100,1,O,0,0,0,0,2,,,,,,0,0,,,,,0
85.428731,1779967235.426926,10778,,BS2DCE,,f,0,5,2161,2161,100,1,O,0,0,0,0,2,,,,,,0,0,,,,,0
85.428731,1779967235.426926,10778,,BS2DCE,,f,0,6,2216,2216,100,1,O,0,0,0,0,2,,,,,,0,0,,,,,0
85.428731,1779967235.426926,10778,,BS2DCE,,f,0,7,1833,1833,100,1,O,0,0,0,0,2,,,,,,0,0,,,,,0
85.456538,1779967235.454733,10779,,BS2DCE,,f,0,0,2066,2066,100,1,O,0,0,0,0,2,,,,,,0,0,,,,,0
85.456538,1779967235.454733,10779,,BS2DCE,,f,0,1,2370,2370,100,1,O,0,0,0,0,2,,,,,,0,0,,,,,0
85.456538,1779967235.454733,10779,,BS2DCE,,f,0,2,2545,2545,96,1,O,0,0,0,0,2,,,,,,0,0,,,,,0
85.456538,1779967235.454733,10779,,BS2DCE,,f,0,3,2089,2089,100,1,O,0,0,0,0,2,,,,,,0,0,,,,,0
85.456538,1779967235.454733,10779,,BS2DCE,,f,0,4,1834,1834,100,1,O,0,0,0,0,2,,,,,,0,0,,,,,0
85.456538,1779967235.454733,10779,,BS2DCE,,f,0,5,2142,2142,100,1,O,0,0,0,0,2,,,,,,0,0,,,,,0
85.456538,1779967235.454733,10779,,BS2DCE,,f,0,6,2227,2227,100,1,O,0,0,0,0,2,,,,,,0,0,,,,,0
85.456538,1779967235.454733,10779,,BS2DCE,,f,0,7,1828,1828,100,1,O,0,0,0,0,2,,,,,,0,0,,,,,0
85.576422,1779967235.574617,10780,,BS2DCE,,f,0,0,1952,1952,100,1,O,0,0,0,0,2,,,,,,0,0,,,,,0
85.576422,1779967235.574617,10780,,BS2DCE,,f,0,1,2362,2362,100,1,O,0,0,0,0,2,,,,,,0,0,,,,,0
85.576422,1779967235.574617,10780,,BS2DCE,,f,0,2,2388,2388,96,1,O,0,0,0,0,2,,,,,,0,0,,,,,0
85.576422,1779967235.574617,10780,,BS2DCE,,f,0,3,1943,1943,100,1,O,0,0,0,0,2,,,,,,0,0,,,,,0
85.576422,1779967235.574617,10780,,BS2DCE,,f,0,4,1721,1721,100,1,O,0,0,0,0,2,,,,,,0,0,,,,,0
85.576422,1779967235.574617,10780,,BS2DCE,,f,0,5,2219,2219,100,1,O,0,0,0,0,2,,,,,,0,0,,,,,0
85.576422,1779967235.574617,10780,,BS2DCE,,f,0,6,2241,2241,100,1,O,0,0,0,0,2,,,,,,0,0,,,,,0
85.576422,1779967235.574617,10780,,BS2DCE,,f,0,7,1780,1780,100,1,O,0,0,0,0,2,,,,,,0,0,,,,,0
85.694343,1779967235.692538,10781,,BS2DCE,,f,0,0,1912,1912,100,1,O,0,0,0,0,2,,,,,,0,0,,,,,0
85.694343,1779967235.692538,10781,,BS2DCE,,f,0,1,2401,2401,100,1,O,0,0,0,0,2,,,,,,0,0,,,,,0
85.694343,1779967235.692538,10781,,BS2DCE,,f,0,2,2377,2377,96,1,O,0,0,0,0,2,,,,,,0,0,,,,,0
85.694343,1779967235.692538,10781,,BS2DCE,,f,0,3,1897,1897,100,1,O,0,0,0,0,2,,,,,,0,0,,,,,0
85.694343,1779967235.692538,10781,,BS2DCE,,f,0,4,1744,1744,100,1,O,0,0,0,0,2,,,,,,0,0,,,,,0
85.694343,1779967235.692538,10781,,BS2DCE,,f,0,5,2356,2356,100,1,O,0,0,0,0,2,,,,,,0,0,,,,,0
85.694343,1779967235.692538,10781,,BS2DCE,,f,0,6,2317,2317,100,1,O,0,0,0,0,2,,,,,,0,0,,,,,0
85.694343,1779967235.692538,10781,,BS2DCE,,f,0,7,1802,1802,100,1,O,0,0,0,0,2,,,,,,0,0,,,,,0
85.772187,1779967235.770382,10782,,BS2DCE,,f,0,0,1909,1909,100,1,O,0,0,0,0,2,,,,,,0,0,,,,,0
85.772187,1779967235.770382,10782,,BS2DCE,,f,0,1,2379,2379,100,1,O,0,0,0,0,2,,,,,,0,0,,,,,0
85.772187,1779967235.770382,10782,,BS2DCE,,f,0,2,2252,2252,100,1,O,0,0,0,0,2,,,,,,0,0,,,,,0
85.772187,1779967235.770382,10782,,BS2DCE,,f,0,3,1808,1808,100,1,O,0,0,0,0,2,,,,,,0,0,,,,,0
85.772187,1779967235.770382,10782,,BS2DCE,,f,0,4,1802,1802,100,1,O,0,0,0,0,2,,,,,,0,0,,,,,0
85.772187,1779967235.770382,10782,,BS2DCE,,f,0,5,2457,2457,100,1,O,0,0,0,0,2,,,,,,0,0,,,,,0
85.772187,1779967235.770382,10782,,BS2DCE,,f,0,6,2247,2247,100,1,O,0,0,0,0,2,,,,,,0,0,,,,,0
85.772187,1779967235.770382,10782,,BS2DCE,,f,0,7,1895,1895,100,1,O,0,0,0,0,2,,,,,,0,0,,,,,0
85.854009,1779967235.852204,10783,,BS2DCE,,f,0,0,1967,1967,100,1,O,0,0,0,0,2,,,,,,0,0,,,,,0
85.854009,1779967235.852204,10783,,BS2DCE,,f,0,1,2402,2402,100,1,O,0,0,0,0,2,,,,,,0,0,,,,,0
85.854009,1779967235.852204,10783,,BS2DCE,,f,0,2,2303,2303,100,1,O,0,0,0,0,2,,,,,,0,0,,,,,0
85.854009,1779967235.852204,10783,,BS2DCE,,f,0,3,1751,1751,100,1,O,0,0,0,0,2,,,,,,0,0,,,,,0
85.854009,1779967235.852204,10783,,BS2DCE,,f,0,4,1771,1771,100,1,O,0,0,0,0,2,,,,,,0,0,,,,,0
85.854009,1779967235.852204,10783,,BS2DCE,,f,0,5,2402,2402,100,1,O,0,0,0,0,2,,,,,,0,0,,,,,0
85.854009,1779967235.852204,10783,,BS2DCE,,f,0,6,2292,2292,100,1,O,0,0,0,0,2,,,,,,0,0,,,,,0
85.854009,1779967235.852204,10783,,BS2DCE,,f,0,7,1671,1671,100,1,O,0,0,0,0,2,,,,,,0,0,,,,,0
85.958968,1779967235.957163,10784,,BS2DCE,,f,0,0,1963,1963,100,1,O,0,0,0,0,2,,,,,,0,0,,,,,0
85.958968,1779967235.957163,10784,,BS2DCE,,f,0,1,2566,2566,100,1,O,0,0,0,0,2,,,,,,0,0,,,,,0
85.958968,1779967235.957163,10784,,BS2DCE,,f,0,2,2260,2260,100,1,O,0,0,0,0,2,,,,,,0,0,,,,,0
85.958968,1779967235.957163,10784,,BS2DCE,,f,0,3,1689,1689,100,1,O,0,0,0,0,2,,,,,,0,0,,,,,0
85.958968,1779967235.957163,10784,,BS2DCE,,f,0,4,1837,1837,100,1,O,0,0,0,0,2,,,,,,0,0,,,,,0
85.958968,1779967235.957163,10784,,BS2DCE,,f,0,5,2435,2435,100,1,O,0,0,0,0,2,,,,,,0,0,,,,,0
85.958968,1779967235.957163,10784,,BS2DCE,,f,0,6,2240,2240,100,1,O,0,0,0,0,2,,,,,,0,0,,,,,0
85.958968,1779967235.957163,10784,,BS2DCE,,f,0,7,1633,1633,100,1,O,0,0,0,0,2,,,,,,0,0,,,,,0
86.056505,1779967236.0547,10785,,BS2DCE,,f,0,0,1995,1995,100,1,O,0,0,0,0,2,,,,,,0,0,,,,,0
86.056505,1779967236.0547,10785,,BS2DCE,,f,0,1,2710,2710,100,1,O,0,0,0,0,2,,,,,,0,0,,,,,0
86.056505,1779967236.0547,10785,,BS2DCE,,f,0,2,2145,2145,100,1,O,0,0,0,0,2,,,,,,0,0,,,,,0
86.056505,1779967236.0547,10785,,BS2DCE,,f,0,3,1581,1581,100,1,O,0,0,0,0,2,,,,,,0,0,,,,,0
86.056505,1779967236.0547,10785,,BS2DCE,,f,0,4,1954,1954,100,1,O,0,0,0,0,2,,,,,,0,0,,,,,0
86.056505,1779967236.0547,10785,,BS2DCE,,f,0,5,2399,2399,100,1,O,0,0,0,0,2,,,,,,0,0,,,,,0
86.056505,1779967236.0547,10785,,BS2DCE,,f,0,6,2252,2252,100,1,O,0,0,0,0,2,,,,,,0,0,,,,,0
86.056505,1779967236.0547,10785,,BS2DCE,,f,0,7,1696,1696,100,1,O,0,0,0,0,2,,,,,,0,0,,,,,0
86.161559,1779967236.159754,10786,,BS2DCE,,f,0,0,2089,2089,100,1,O,0,0,0,0,2,,,,,,0,0,,,,,0
86.161559,1779967236.159754,10786,,BS2DCE,,f,0,1,2662,2662,100,1,O,0,0,0,0,2,,,,,,0,0,,,,,0
86.161559,1779967236.159754,10786,,BS2DCE,,f,0,2,2095,2095,100,1,O,0,0,0,0,2,,,,,,0,0,,,,,0
86.161559,1779967236.159754,10786,,BS2DCE,,f,0,3,1559,1559,100,1,O,0,0,0,0,2,,,,,,0,0,,,,,0
86.161559,1779967236.159754,10786,,BS2DCE,,f,0,4,1939,1939,100,1,O,0,0,0,0,2,,,,,,0,0,,,,,0
86.161559,1779967236.159754,10786,,BS2DCE,,f,0,5,2342,2342,100,1,O,0,0,0,0,2,,,,,,0,0,,,,,0
86.161559,1779967236.159754,10786,,BS2DCE,,f,0,6,2233,2233,100,1,O,0,0,0,0,2,,,,,,0,0,,,,,0
86.161559,1779967236.159754,10786,,BS2DCE,,f,0,7,1695,1695,100,1,O,0,0,0,0,2,,,,,,0,0,,,,,0
86.251528,1779967236.249723,10787,,BS2DCE,,f,0,0,2125,2125,100,1,O,0,0,0,0,2,,,,,,0,0,,,,,0
86.251528,1779967236.249723,10787,,BS2DCE,,f,0,1,2613,2613,100,1,O,0,0,0,0,2,,,,,,0,0,,,,,0
86.251528,1779967236.249723,10787,,BS2DCE,,f,0,2,2037,2037,100,1,O,0,0,0,0,2,,,,,,0,0,,,,,0
86.251528,1779967236.249723,10787,,BS2DCE,,f,0,3,1633,1633,100,1,O,0,0,0,0,2,,,,,,0,0,,,,,0
86.251528,1779967236.249723,10787,,BS2DCE,,f,0,4,1987,1987,100,1,O,0,0,0,0,2,,,,,,0,0,,,,,0
86.251528,1779967236.249723,10787,,BS2DCE,,f,0,5,2384,2384,100,1,O,0,0,0,0,2,,,,,,0,0,,,,,0
86.251528,1779967236.249723,10787,,BS2DCE,,f,0,6,2181,2181,100,1,O,0,0,0,0,2,,,,,,0,0,,,,,0
86.251528,1779967236.249723,10787,,BS2DCE,,f,0,7,1775,1775,100,1,O,0,0,0,0,2,,,,,,0,0,,,,,0
86.418772,1779967236.416967,10788,,BS2DCE,,f,0,0,2344,2344,100,1,O,0,0,0,0,2,,,,,,0,0,,,,,0
86.418772,1779967236.416967,10788,,BS2DCE,,f,0,1,2443,2443,100,1,O,0,0,0,0,2,,,,,,0,0,,,,,0
86.418772,1779967236.416967,10788,,BS2DCE,,f,0,2,2019,2019,100,1,O,0,0,0,0,2,,,,,,0,0,,,,,0
86.418772,1779967236.416967,10788,,BS2DCE,,f,0,3,1576,1576,100,1,O,0,0,0,0,2,,,,,,0,0,,,,,0
86.418772,1779967236.416967,10788,,BS2DCE,,f,0,4,2094,2094,100,1,O,0,0,0,0,2,,,,,,0,0,,,,,0
86.418772,1779967236.416967,10788,,BS2DCE,,f,0,5,2623,2623,100,1,O,0,0,0,0,2,,,,,,0,0,,,,,0
86.418772,1779967236.416967,10788,,BS2DCE,,f,0,6,2204,2204,100,1,O,0,0,0,0,2,,,,,,0,0,,,,,0
86.418772,1779967236.416967,10788,,BS2DCE,,f,0,7,1982,1982,100,1,O,0,0,0,0,2,,,,,,0,0,,,,,0
86.453848,1779967236.452043,10789,,BS2DCE,,f,0,0,2485,2485,100,1,O,0,0,0,0,2,,,,,,0,0,,,,,0
86.453848,1779967236.452043,10789,,BS2DCE,,f,0,1,2446,2446,100,1,O,0,0,0,0,2,,,,,,0,0,,,,,0
86.453848,1779967236.452043,10789,,BS2DCE,,f,0,2,2036,2036,100,1,O,0,0,0,0,2,,,,,,0,0,,,,,0
86.453848,1779967236.452043,10789,,BS2DCE,,f,0,3,1625,1625,100,1,O,0,0,0,0,2,,,,,,0,0,,,,,0
86.453848,1779967236.452043,10789,,BS2DCE,,f,0,4,2097,2097,100,1,O,0,0,0,0,2,,,,,,0,0,,,,,0
86.453848,1779967236.452043,10789,,BS2DCE,,f,0,5,2647,2647,100,1,O,0,0,0,0,2,,,,,,0,0,,,,,0
86.453848,1779967236.452043,10789,,BS2DCE,,f,0,6,2308,2308,100,1,O,0,0,0,0,2,,,,,,0,0,,,,,0
86.453848,1779967236.452043,10789,,BS2DCE,,f,0,7,1808,1808,100,1,O,0,0,0,0,2,,,,,,0,0,,,,,0
86.573973,1779967236.572168,10790,,BS2DCE,,f,0,0,2257,2257,100,1,O,0,0,0,0,2,,,,,,0,0,,,,,0
86.573973,1779967236.572168,10790,,BS2DCE,,f,0,1,2421,2421,100,1,O,0,0,0,0,2,,,,,,0,0,,,,,0
86.573973,1779967236.572168,10790,,BS2DCE,,f,0,2,1987,1987,100,1,O,0,0,0,0,2,,,,,,0,0,,,,,0
86.573973,1779967236.572168,10790,,BS2DCE,,f,0,3,1865,1865,100,1,O,0,0,0,0,2,,,,,,0,0,,,,,0
86.573973,1779967236.572168,10790,,BS2DCE,,f,0,4,2125,2125,100,1,O,0,0,0,0,2,,,,,,0,0,,,,,0
86.573973,1779967236.572168,10790,,BS2DCE,,f,0,5,2580,2580,100,1,O,0,0,0,0,2,,,,,,0,0,,,,,0
86.573973,1779967236.572168,10790,,BS2DCE,,f,0,6,2363,2363,100,1,O,0,0,0,0,2,,,,,,0,0,,,,,0
86.573973,1779967236.572168,10790,,BS2DCE,,f,0,7,1735,1735,100,1,O,0,0,0,0,2,,,,,,0,0,,,,,0
86.656547,1779967236.654742,10791,,BS2DCE,,f,0,0,2146,2146,100,1,O,0,0,0,0,2,,,,,,0,0,,,,,0
86.656547,1779967236.654742,10791,,BS2DCE,,f,0,1,2313,2313,100,1,O,0,0,0,0,2,,,,,,0,0,,,,,0
86.656547,1779967236.654742,10791,,BS2DCE,,f,0,2,1926,1926,100,1,O,0,0,0,0,2,,,,,,0,0,,,,,0
86.656547,1779967236.654742,10791,,BS2DCE,,f,0,3,1880,1880,100,1,O,0,0,0,0,2,,,,,,0,0,,,,,0
86.656547,1779967236.654742,10791,,BS2DCE,,f,0,4,2193,2193,100,1,O,0,0,0,0,2,,,,,,0,0,,,,,0
86.656547,1779967236.654742,10791,,BS2DCE,,f,0,5,2694,2694,100,1,O,0,0,0,0,2,,,,,,0,0,,,,,0
86.656547,1779967236.654742,10791,,BS2DCE,,f,0,6,2282,2282,100,1,O,0,0,0,0,2,,,,,,0,0,,,,,0
86.656547,1779967236.654742,10791,,BS2DCE,,f,0,7,1779,1779,100,1,O,0,0,0,0,2,,,,,,0,0,,,,,0
86.764204,1779967236.762399,10792,,BS2DCE,,f,0,0,2231,2231,100,1,O,0,0,0,0,2,,,,,,0,0,,,,,0
86.764204,1779967236.762399,10792,,BS2DCE,,f,0,1,2313,2313,100,1,O,0,0,0,0,2,,,,,,0,0,,,,,0
86.764204,1779967236.762399,10792,,BS2DCE,,f,0,2,1855,1855,100,1,O,0,0,0,0,2,,,,,,0,0,,,,,0
86.764204,1779967236.762399,10792,,BS2DCE,,f,0,3,1840,1840,100,1,O,0,0,0,0,2,,,,,,0,0,,,,,0
86.764204,1779967236.762399,10792,,BS2DCE,,f,0,4,2259,2259,100,1,O,0,0,0,0,2,,,,,,0,0,,,,,0
86.764204,1779967236.762399,10792,,BS2DCE,,f,0,5,2520,2520,100,1,O,0,0,0,0,2,,,,,,0,0,,,,,0
86.764204,1779967236.762399,10792,,BS2DCE,,f,0,6,2264,2264,100,1,O,0,0,0,0,2,,,,,,0,0,,,,,0
86.764204,1779967236.762399,10792,,BS2DCE,,f,0,7,1830,1830,100,1,O,0,0,0,0,2,,,,,,0,0,,,,,0
86.851389,1779967236.849584,10793,,BS2DCE,,f,0,0,2191,2191,100,1,O,0,0,0,0,2,,,,,,0,0,,,,,0
86.851389,1779967236.849584,10793,,BS2DCE,,f,0,1,2218,2218,100,1,O,0,0,0,0,2,,,,,,0,0,,,,,0
86.851389,1779967236.849584,10793,,BS2DCE,,f,0,2,1815,1815,100,1,O,0,0,0,0,2,,,,,,0,0,,,,,0
86.851389,1779967236.849584,10793,,BS2DCE,,f,0,3,1726,1726,100,1,O,0,0,0,0,2,,,,,,0,0,,,,,0
86.851389,1779967236.849584,10793,,BS2DCE,,f,0,4,2276,2276,100,1,O,0,0,0,0,2,,,,,,0,0,,,,,0
86.851389,1779967236.849584,10793,,BS2DCE,,f,0,5,2388,2388,100,1,O,0,0,0,0,2,,,,,,0,0,,,,,0
86.851389,1779967236.849584,10793,,BS2DCE,,f,0,6,2204,2204,100,1,O,0,0,0,0,2,,,,,,0,0,,,,,0
86.851389,1779967236.849584,10793,,BS2DCE,,f,0,7,1860,1860,100,1,O,0,0,0,0,2,,,,,,0,0,,,,,0
86.971454,1779967236.969649,10794,,BS2DCE,,f,0,0,2171,2171,100,1,O,0,0,0,0,2,,,,,,0,0,,,,,0
86.971454,1779967236.969649,10794,,BS2DCE,,f,0,1,2208,2208,100,1,O,0,0,0,0,2,,,,,,0,0,,,,,0
86.971454,1779967236.969649,10794,,BS2DCE,,f,0,2,1727,1727,100,1,O,0,0,0,0,2,,,,,,0,0,,,,,0
86.971454,1779967236.969649,10794,,BS2DCE,,f,0,3,1798,1798,100,1,O,0,0,0,0,2,,,,,,0,0,,,,,0
86.971454,1779967236.969649,10794,,BS2DCE,,f,0,4,2253,2253,100,1,O,0,0,0,0,2,,,,,,0,0,,,,,0
86.971454,1779967236.969649,10794,,BS2DCE,,f,0,5,2300,2300,100,1,O,0,0,0,0,2,,,,,,0,0,,,,,0
86.971454,1779967236.969649,10794,,BS2DCE,,f,0,6,2069,2069,100,1,O,0,0,0,0,2,,,,,,0,0,,,,,0
86.971454,1779967236.969649,10794,,BS2DCE,,f,0,7,1983,1983,100,1,O,0,0,0,0,2,,,,,,0,0,,,,,0
87.053926,1779967237.052121,10795,,BS2DCE,,f,0,0,2162,2162,100,1,O,0,0,0,0,2,,,,,,0,0,,,,,0
87.053926,1779967237.052121,10795,,BS2DCE,,f,0,1,2202,2202,100,1,O,0,0,0,0,2,,,,,,0,0,,,,,0
87.053926,1779967237.052121,10795,,BS2DCE,,f,0,2,1685,1685,100,1,O,0,0,0,0,2,,,,,,0,0,,,,,0
87.053926,1779967237.052121,10795,,BS2DCE,,f,0,3,1839,1839,100,1,O,0,0,0,0,2,,,,,,0,0,,,,,0
87.053926,1779967237.052121,10795,,BS2DCE,,f,0,4,2303,2303,100,1,O,0,0,0,0,2,,,,,,0,0,,,,,0
87.053926,1779967237.052121,10795,,BS2DCE,,f,0,5,2342,2342,100,1,O,0,0,0,0,2,,,,,,0,0,,,,,0
87.053926,1779967237.052121,10795,,BS2DCE,,f,0,6,2069,2069,100,1,O,0,0,0,0,2,,,,,,0,0,,,,,0
87.053926,1779967237.052121,10795,,BS2DCE,,f,0,7,1963,1963,100,1,O,0,0,0,0,2,,,,,,0,0,,,,,0
87.158882,1779967237.157077,10796,,BS2DCE,,f,0,0,2234,2234,100,1,O,0,0,0,0,2,,,,,,0,0,,,,,0
87.158882,1779967237.157077,10796,,BS2DCE,,f,0,1,2147,2147,100,1,O,0,0,0,0,2,,,,,,0,0,,,,,0
87.158882,1779967237.157077,10796,,BS2DCE,,f,0,2,1679,1679,100,1,O,0,0,0,0,2,,,,,,0,0,,,,,0
87.158882,1779967237.157077,10796,,BS2DCE,,f,0,3,1824,1824,100,1,O,0,0,0,0,2,,,,,,0,0,,,,,0
87.158882,1779967237.157077,10796,,BS2DCE,,f,0,4,2280,2280,100,1,O,0,0,0,0,2,,,,,,0,0,,,,,0
87.158882,1779967237.157077,10796,,BS2DCE,,f,0,5,2376,2376,100,1,O,0,0,0,0,2,,,,,,0,0,,,,,0
87.158882,1779967237.157077,10796,,BS2DCE,,f,0,6,1928,1928,100,1,O,0,0,0,0,2,,,,,,0,0,,,,,0
87.158882,1779967237.157077,10796,,BS2DCE,,f,0,7,1856,1856,100,1,O,0,0,0,0,2,,,,,,0,0,,,,,0
87.256389,1779967237.254584,10797,,BS2DCE,,f,0,0,2267,2267,100,1,O,0,0,0,0,2,,,,,,0,0,,,,,0
87.256389,1779967237.254584,10797,,BS2DCE,,f,0,1,2119,2119,100,1,O,0,0,0,0,2,,,,,,0,0,,,,,0
87.256389,1779967237.254584,10797,,BS2DCE,,f,0,2,1573,1573,100,1,O,0,0,0,0,2,,,,,,0,0,,,,,0
87.256389,1779967237.254584,10797,,BS2DCE,,f,0,3,1885,1885,100,1,O,0,0,0,0,2,,,,,,0,0,,,,,0
87.256389,1779967237.254584,10797,,BS2DCE,,f,0,4,2367,2367,100,1,O,0,0,0,0,2,,,,,,0,0,,,,,0
87.256389,1779967237.254584,10797,,BS2DCE,,f,0,5,2372,2372,100,1,O,0,0,0,0,2,,,,,,0,0,,,,,0
87.256389,1779967237.254584,10797,,BS2DCE,,f,0,6,1896,1896,100,1,O,0,0,0,0,2,,,,,,0,0,,,,,0
87.256389,1779967237.254584,10797,,BS2DCE,,f,0,7,1872,1872,100,1,O,0,0,0,0,2,,,,,,0,0,,,,,0
87.416158,1779967237.414353,10798,,BS2DCE,,f,0,0,2290,2290,100,1,O,0,0,0,0,2,,,,,,0,0,,,,,0
87.416158,1779967237.414353,10798,,BS2DCE,,f,0,1,2086,2086,100,1,O,0,0,0,0,2,,,,,,0,0,,,,,0
87.416158,1779967237.414353,10798,,BS2DCE,,f,0,2,1600,1600,100,1,O,0,0,0,0,2,,,,,,0,0,,,,,0
87.416158,1779967237.414353,10798,,BS2DCE,,f,0,3,1933,1933,100,1,O,0,0,0,0,2,,,,,,0,0,,,,,0
87.416158,1779967237.414353,10798,,BS2DCE,,f,0,4,2376,2376,100,1,O,0,0,0,0,2,,,,,,0,0,,,,,0
87.416158,1779967237.414353,10798,,BS2DCE,,f,0,5,2238,2238,100,1,O,0,0,0,0,2,,,,,,0,0,,,,,0
87.416158,1779967237.414353,10798,,BS2DCE,,f,0,6,1778,1778,100,1,O,0,0,0,0,2,,,,,,0,0,,,,,0
87.416158,1779967237.414353,10798,,BS2DCE,,f,0,7,1915,1915,100,1,O,0,0,0,0,2,,,,,,0,0,,,,,0
87.481423,1779967237.479618,10799,,BS2DCE,,f,0,0,2300,2300,100,1,O,0,0,0,0,2,,,,,,0,0,,,,,0
87.481423,1779967237.479618,10799,,BS2DCE,,f,0,1,2085,2085,100,1,O,0,0,0,0,2,,,,,,0,0,,,,,0
87.481423,1779967237.479618,10799,,BS2DCE,,f,0,2,1371,1371,100,1,O,0,0,0,0,2,,,,,,0,0,,,,,0
87.481423,1779967237.479618,10799,,BS2DCE,,f,0,3,1865,1865,100,1,O,0,0,0,0,2,,,,,,0,0,,,,,0
87.481423,1779967237.479618,10799,,BS2DCE,,f,0,4,2490,2490,100,1,O,0,0,0,0,2,,,,,,0,0,,,,,0
87.481423,1779967237.479618,10799,,BS2DCE,,f,0,5,2286,2286,100,1,O,0,0,0,0,2,,,,,,0,0,,,,,0
87.481423,1779967237.479618,10799,,BS2DCE,,f,0,6,1794,1794,100,1,O,0,0,0,0,2,,,,,,0,0,,,,,0
87.481423,1779967237.479618,10799,,BS2DCE,,f,0,7,1987,1987,100,1,O,0,0,0,0,2,,,,,,0,0,,,,,0
87.571295,1779967237.56949,10800,,BS2DCE,,f,0,0,2348,2348,100,1,O,0,0,0,0,2,,,,,,0,0,,,,,0
87.571295,1779967237.56949,10800,,BS2DCE,,f,0,1,2074,2074,100,1,O,0,0,0,0,2,,,,,,0,0,,,,,0
87.571295,1779967237.56949,10800,,BS2DCE,,f,0,2,1551,1551,100,1,O,0,0,0,0,2,,,,,,0,0,,,,,0
87.571295,1779967237.56949,10800,,BS2DCE,,f,0,3,1941,1941,100,1,O,0,0,0,0,2,,,,,,0,0,,,,,0
87.571295,1779967237.56949,10800,,BS2DCE,,f,0,4,2497,2497,100,1,O,0,0,0,0,2,,,,,,0,0,,,,,0
87.571295,1779967237.56949,10800,,BS2DCE,,f,0,5,2214,2214,100,1,O,0,0,0,0,2,,,,,,0,0,,,,,0
87.571295,1779967237.56949,10800,,BS2DCE,,f,0,6,1792,1792,100,1,O,0,0,0,0,2,,,,,,0,0,,,,,0
87.571295,1779967237.56949,10800,,BS2DCE,,f,0,7,2215,2215,100,1,O,0,0,0,0,2,,,,,,0,0,,,,,0
87.657889,1779967237.656084,10801,,BS2DCE,,f,0,0,2386,2386,100,1,O,0,0,0,0,2,,,,,,0,0,,,,,0
87.657889,1779967237.656084,10801,,BS2DCE,,f,0,1,2058,2058,100,1,O,0,0,0,0,2,,,,,,0,0,,,,,0
87.657889,1779967237.656084,10801,,BS2DCE,,f,0,2,1484,1484,100,1,O,0,0,0,0,2,,,,,,0,0,,,,,0
87.657889,1779967237.656084,10801,,BS2DCE,,f,0,3,1997,1997,100,1,O,0,0,0,0,2,,,,,,0,0,,,,,0
87.657889,1779967237.656084,10801,,BS2DCE,,f,0,4,2558,2558,100,1,O,0,0,0,0,2,,,,,,0,0,,,,,0
87.657889,1779967237.656084,10801,,BS2DCE,,f,0,5,2188,2188,100,1,O,0,0,0,0,2,,,,,,0,0,,,,,0
87.657889,1779967237.656084,10801,,BS2DCE,,f,0,6,1739,1739,100,1,O,0,0,0,0,2,,,,,,0,0,,,,,0
87.657889,1779967237.656084,10801,,BS2DCE,,f,0,7,2039,2039,100,1,O,0,0,0,0,2,,,,,,0,0,,,,,0
87.797514,1779967237.795709,10802,,BS2DCE,,f,0,0,2403,2403,100,1,O,0,0,0,0,2,,,,,,0,0,,,,,0
87.797514,1779967237.795709,10802,,BS2DCE,,f,0,1,2045,2045,100,1,O,0,0,0,0,2,,,,,,0,0,,,,,0
87.797514,1779967237.795709,10802,,BS2DCE,,f,0,2,1501,1501,100,1,O,0,0,0,0,2,,,,,,0,0,,,,,0
87.797514,1779967237.795709,10802,,BS2DCE,,f,0,3,1954,1954,100,1,O,0,0,0,0,2,,,,,,0,0,,,,,0
87.797514,1779967237.795709,10802,,BS2DCE,,f,0,4,2498,2498,100,1,O,0,0,0,0,2,,,,,,0,0,,,,,0
87.797514,1779967237.795709,10802,,BS2DCE,,f,0,5,2204,2204,100,1,O,0,0,0,0,2,,,,,,0,0,,,,,0
87.797514,1779967237.795709,10802,,BS2DCE,,f,0,6,1725,1725,100,1,O,0,0,0,0,2,,,,,,0,0,,,,,0
87.797514,1779967237.795709,10802,,BS2DCE,,f,0,7,2114,2114,100,1,O,0,0,0,0,2,,,,,,0,0,,,,,0
87.856425,1779967237.85462,10803,,BS2DCE,,f,0,0,2432,2432,100,1,O,0,0,0,0,2,,,,,,0,0,,,,,0
87.856425,1779967237.85462,10803,,BS2DCE,,f,0,1,1993,1993,100,1,O,0,0,0,0,2,,,,,,0,0,,,,,0
87.856425,1779967237.85462,10803,,BS2DCE,,f,0,2,1398,1398,100,1,O,0,0,0,0,2,,,,,,0,0,,,,,0
87.856425,1779967237.85462,10803,,BS2DCE,,f,0,3,2056,2056,100,1,O,0,0,0,0,2,,,,,,0,0,,,,,0
87.856425,1779967237.85462,10803,,BS2DCE,,f,0,4,2512,2512,100,1,O,0,0,0,0,2,,,,,,0,0,,,,,0
87.856425,1779967237.85462,10803,,BS2DCE,,f,0,5,2100,2100,100,1,O,0,0,0,0,2,,,,,,0,0,,,,,0
87.856425,1779967237.85462,10803,,BS2DCE,,f,0,6,1688,1688,100,1,O,0,0,0,0,2,,,,,,0,0,,,,,0
87.856425,1779967237.85462,10803,,BS2DCE,,f,0,7,2073,2073,100,1,O,0,0,0,0,2,,,,,,0,0,,,,,0
87.961408,1779967237.959603,10804,,BS2DCE,,f,0,0,2498,2498,100,1,O,0,0,0,0,2,,,,,,0,0,,,,,0
87.961408,1779967237.959603,10804,,BS2DCE,,f,0,1,2031,2031,100,1,O,0,0,0,0,2,,,,,,0,0,,,,,0
87.961408,1779967237.959603,10804,,BS2DCE,,f,0,2,1430,1430,100,1,O,0,0,0,0,2,,,,,,0,0,,,,,0
87.961408,1779967237.959603,10804,,BS2DCE,,f,0,3,2044,2044,100,1,O,0,0,0,0,2,,,,,,0,0,,,,,0
87.961408,1779967237.959603,10804,,BS2DCE,,f,0,4,2576,2576,100,1,O,0,0,0,0,2,,,,,,0,0,,,,,0
87.961408,1779967237.959603,10804,,BS2DCE,,f,0,5,2085,2085,100,1,O,0,0,0,0,2,,,,,,0,0,,,,,0
87.961408,1779967237.959603,10804,,BS2DCE,,f,0,6,1682,1682,100,1,O,0,0,0,0,2,,,,,,0,0,,,,,0
87.961408,1779967237.959603,10804,,BS2DCE,,f,0,7,2130,2130,100,1,O,0,0,0,0,2,,,,,,0,0,,,,,0
88.051474,1779967238.049669,10805,,BS2DCE,,f,0,0,2510,2510,100,1,O,0,0,0,0,2,,,,,,0,0,,,,,0
88.051474,1779967238.049669,10805,,BS2DCE,,f,0,1,2086,2086,100,1,O,0,0,0,0,2,,,,,,0,0,,,,,0
88.051474,1779967238.049669,10805,,BS2DCE,,f,0,2,1416,1416,100,1,O,0,0,0,0,2,,,,,,0,0,,,,,0
88.051474,1779967238.049669,10805,,BS2DCE,,f,0,3,2083,2083,100,1,O,0,0,0,0,2,,,,,,0,0,,,,,0
88.051474,1779967238.049669,10805,,BS2DCE,,f,0,4,2601,2601,100,1,O,0,0,0,0,2,,,,,,0,0,,,,,0
88.051474,1779967238.049669,10805,,BS2DCE,,f,0,5,1956,1956,100,1,O,0,0,0,0,2,,,,,,0,0,,,,,0
88.051474,1779967238.049669,10805,,BS2DCE,,f,0,6,1616,1616,100,1,O,0,0,0,0,2,,,,,,0,0,,,,,0
88.051474,1779967238.049669,10805,,BS2DCE,,f,0,7,2158,2158,100,1,O,0,0,0,0,2,,,,,,0,0,,,,,0
88.201435,1779967238.19963,10806,,BS2DCE,,f,0,0,2553,2553,100,1,O,0,0,0,0,2,,,,,,0,0,,,,,0
88.201435,1779967238.19963,10806,,BS2DCE,,f,0,1,2027,2027,100,1,O,0,0,0,0,2,,,,,,0,0,,,,,0
88.201435,1779967238.19963,10806,,BS2DCE,,f,0,2,1511,1511,100,1,O,0,0,0,0,2,,,,,,0,0,,,,,0
88.201435,1779967238.19963,10806,,BS2DCE,,f,0,3,2209,2209,100,1,O,0,0,0,0,2,,,,,,0,0,,,,,0
88.201435,1779967238.19963,10806,,BS2DCE,,f,0,4,2582,2582,100,1,O,0,0,0,0,2,,,,,,0,0,,,,,0
88.201435,1779967238.19963,10806,,BS2DCE,,f,0,5,2089,2089,100,1,O,0,0,0,0,2,,,,,,0,0,,,,,0
88.201435,1779967238.19963,10806,,BS2DCE,,f,0,6,1620,1620,100,1,O,0,0,0,0,2,,,,,,0,0,,,,,0
88.201435,1779967238.19963,10806,,BS2DCE,,f,0,7,2359,2359,100,1,O,0,0,0,0,2,,,,,,0,0,,,,,0
88.253836,1779967238.252031,10807,,BS2DCE,,f,0,0,2579,2579,100,1,O,0,0,0,0,2,,,,,,0,0,,,,,0
88.253836,1779967238.252031,10807,,BS2DCE,,f,0,1,2464,2464,100,1,O,0,0,0,0,2,,,,,,0,0,,,,,0
88.253836,1779967238.252031,10807,,BS2DCE,,f,0,2,1613,1613,100,1,O,0,0,0,0,2,,,,,,0,0,,,,,0
88.253836,1779967238.252031,10807,,BS2DCE,,f,0,3,2206,2206,100,1,O,0,0,0,0,2,,,,,,0,0,,,,,0
88.253836,1779967238.252031,10807,,BS2DCE,,f,0,4,3301,3301,100,1,O,0,0,0,0,2,,,,,,0,0,,,,,0
88.253836,1779967238.252031,10807,,BS2DCE,,f,0,5,2040,2040,100,1,O,0,0,0,0,2,,,,,,0,0,,,,,0
88.253836,1779967238.252031,10807,,BS2DCE,,f,0,6,1638,1638,100,1,O,0,0,0,0,2,,,,,,0,0,,,,,0
88.253836,1779967238.252031,10807,,BS2DCE,,f,0,7,2193,2193,100,1,O,0,0,0,0,2,,,,,,0,0,,,,,0
88.428905,1779967238.4271,10808,,BS2DCE,,f,0,0,2629,2629,100,1,O,0,0,0,0,2,,,,,,0,0,,,,,0
88.428905,1779967238.4271,10808,,BS2DCE,,f,0,1,2267,2267,100,1,O,0,0,0,0,2,,,,,,0,0,,,,,0
88.428905,1779967238.4271,10808,,BS2DCE,,f,0,2,1633,1633,100,1,O,0,0,0,0,2,,,,,,0,0,,,,,0
88.428905,1779967238.4271,10808,,BS2DCE,,f,0,3,2276,2276,100,1,O,0,0,0,0,2,,,,,,0,0,,,,,0
88.428905,1779967238.4271,10808,,BS2DCE,,f,0,4,2657,2657,100,1,O,0,0,0,0,2,,,,,,0,0,,,,,0
88.428905,1779967238.4271,10808,,BS2DCE,,f,0,5,1842,1842,100,1,O,0,0,0,0,2,,,,,,0,0,,,,,0
88.428905,1779967238.4271,10808,,BS2DCE,,f,0,6,1609,1609,100,1,O,0,0,0,0,2,,,,,,0,0,,,,,0
88.428905,1779967238.4271,10808,,BS2DCE,,f,0,7,2230,2230,100,1,O,0,0,0,0,2,,,,,,0,0,,,,,0
88.456271,1779967238.454466,10809,,BS2DCE,,f,0,0,2673,2673,100,1,O,0,0,0,0,2,,,,,,0,0,,,,,0
88.456271,1779967238.454466,10809,,BS2DCE,,f,0,1,1987,1987,100,1,O,0,0,0,0,2,,,,,,0,0,,,,,0
88.456271,1779967238.454466,10809,,BS2DCE,,f,0,2,1574,1574,100,1,O,0,0,0,0,2,,,,,,0,0,,,,,0
88.456271,1779967238.454466,10809,,BS2DCE,,f,0,3,2214,2214,100,1,O,0,0,0,0,2,,,,,,0,0,,,,,0
88.456271,1779967238.454466,10809,,BS2DCE,,f,0,4,2577,2577,100,1,O,0,0,0,0,2,,,,,,0,0,,,,,0
88.456271,1779967238.454466,10809,,BS2DCE,,f,0,5,1852,1852,100,1,O,0,0,0,0,2,,,,,,0,0,,,,,0
88.456271,1779967238.454466,10809,,BS2DCE,,f,0,6,1611,1611,100,1,O,0,0,0,0,2,,,,,,0,0,,,,,0
88.456271,1779967238.454466,10809,,BS2DCE,,f,0,7,2204,2204,100,1,O,0,0,0,0,2,,,,,,0,0,,,,,0
88.576283,1779967238.574478,10810,,BS2DCE,,f,0,0,2712,2712,100,1,O,0,0,0,0,2,,,,,,0,0,,,,,0
88.576283,1779967238.574478,10810,,BS2DCE,,f,0,1,2023,2023,100,1,O,0,0,0,0,2,,,,,,0,0,,,,,0
88.576283,1779967238.574478,10810,,BS2DCE,,f,0,2,1551,1551,100,1,O,0,0,0,0,2,,,,,,0,0,,,,,0
88.576283,1779967238.574478,10810,,BS2DCE,,f,0,3,2252,2252,100,1,O,0,0,0,0,2,,,,,,0,0,,,,,0
88.576283,1779967238.574478,10810,,BS2DCE,,f,0,4,2500,2500,100,1,O,0,0,0,0,2,,,,,,0,0,,,,,0
88.576283,1779967238.574478,10810,,BS2DCE,,f,0,5,1834,1834,100,1,O,0,0,0,0,2,,,,,,0,0,,,,,0
88.576283,1779967238.574478,10810,,BS2DCE,,f,0,6,1600,1600,100,1,O,0,0,0,0,2,,,,,,0,0,,,,,0
88.576283,1779967238.574478,10810,,BS2DCE,,f,0,7,2246,2246,100,1,O,0,0,0,0,2,,,,,,0,0,,,,,0
88.651273,1779967238.649468,10811,,BS2DCE,,f,0,0,2943,2943,100,1,O,0,0,0,0,2,,,,,,0,0,,,,,0
88.651273,1779967238.649468,10811,,BS2DCE,,f,0,1,1879,1879,100,1,O,0,0,0,0,2,,,,,,0,0,,,,,0
88.651273,1779967238.649468,10811,,BS2DCE,,f,0,2,1538,1538,100,1,O,0,0,0,0,2,,,,,,0,0,,,,,0
88.651273,1779967238.649468,10811,,BS2DCE,,f,0,3,2346,2346,100,1,O,0,0,0,0,2,,,,,,0,0,,,,,0
88.651273,1779967238.649468,10811,,BS2DCE,,f,0,4,2463,2463,100,1,O,0,0,0,0,2,,,,,,0,0,,,,,0
88.651273,1779967238.649468,10811,,BS2DCE,,f,0,5,1800,1800,100,1,O,0,0,0,0,2,,,,,,0,0,,,,,0
88.651273,1779967238.649468,10811,,BS2DCE,,f,0,6,1575,1575,100,1,O,0,0,0,0,2,,,,,,0,0,,,,,0
88.651273,1779967238.649468,10811,,BS2DCE,,f,0,7,2254,2254,100,1,O,0,0,0,0,2,,,,,,0,0,,,,,0
88.771395,1779967238.76959,10812,,BS2DCE,,f,0,0,2855,2855,100,1,O,0,0,0,0,2,,,,,,0,0,,,,,0
88.771395,1779967238.76959,10812,,BS2DCE,,f,0,1,1888,1888,100,1,O,0,0,0,0,2,,,,,,0,0,,,,,0
88.771395,1779967238.76959,10812,,BS2DCE,,f,0,2,1638,1638,100,1,O,0,0,0,0,2,,,,,,0,0,,,,,0
88.771395,1779967238.76959,10812,,BS2DCE,,f,0,3,2382,2382,100,1,O,0,0,0,0,2,,,,,,0,0,,,,,0
88.771395,1779967238.76959,10812,,BS2DCE,,f,0,4,2413,2413,100,1,O,0,0,0,0,2,,,,,,0,0,,,,,0
88.771395,1779967238.76959,10812,,BS2DCE,,f,0,5,1775,1775,100,1,O,0,0,0,0,2,,,,,,0,0,,,,,0
88.771395,1779967238.76959,10812,,BS2DCE,,f,0,6,1595,1595,100,1,O,0,0,0,0,2,,,,,,0,0,,,,,0
88.771395,1779967238.76959,10812,,BS2DCE,,f,0,7,2559,2559,100,1,O,0,0,0,0,2,,,,,,0,0,,,,,0
88.853776,1779967238.851971,10813,,BS2DCE,,f,0,0,2727,2727,100,1,O,0,0,0,0,2,,,,,,0,0,,,,,0
88.853776,1779967238.851971,10813,,BS2DCE,,f,0,1,1838,1838,100,1,O,0,0,0,0,2,,,,,,0,0,,,,,0
88.853776,1779967238.851971,10813,,BS2DCE,,f,0,2,1668,1668,100,1,O,0,0,0,0,2,,,,,,0,0,,,,,0
88.853776,1779967238.851971,10813,,BS2DCE,,f,0,3,2420,2420,100,1,O,0,0,0,0,2,,,,,,0,0,,,,,0
88.853776,1779967238.851971,10813,,BS2DCE,,f,0,4,2400,2400,100,1,O,0,0,0,0,2,,,,,,0,0,,,,,0
88.853776,1779967238.851971,10813,,BS2DCE,,f,0,5,1677,1677,100,1,O,0,0,0,0,2,,,,,,0,0,,,,,0
88.853776,1779967238.851971,10813,,BS2DCE,,f,0,6,1675,1675,100,1,O,0,0,0,0,2,,,,,,0,0,,,,,0
88.853776,1779967238.851971,10813,,BS2DCE,,f,0,7,2273,2273,100,1,O,0,0,0,0,2,,,,,,0,0,,,,,0
88.958762,1779967238.956957,10814,,BS2DCE,,f,0,0,2661,2661,100,1,O,0,0,0,0,2,,,,,,0,0,,,,,0
88.958762,1779967238.956957,10814,,BS2DCE,,f,0,1,1794,1794,100,1,O,0,0,0,0,2,,,,,,0,0,,,,,0
88.958762,1779967238.956957,10814,,BS2DCE,,f,0,2,1754,1754,100,1,O,0,0,0,0,2,,,,,,0,0,,,,,0
88.958762,1779967238.956957,10814,,BS2DCE,,f,0,3,2470,2470,100,1,O,0,0,0,0,2,,,,,,0,0,,,,,0
88.958762,1779967238.956957,10814,,BS2DCE,,f,0,4,2414,2414,100,1,O,0,0,0,0,2,,,,,,0,0,,,,,0
88.958762,1779967238.956957,10814,,BS2DCE,,f,0,5,1592,1592,100,1,O,0,0,0,0,2,,,,,,0,0,,,,,0
88.958762,1779967238.956957,10814,,BS2DCE,,f,0,6,1575,1575,100,1,O,0,0,0,0,2,,,,,,0,0,,,,,0
88.958762,1779967238.956957,10814,,BS2DCE,,f,0,7,2310,2310,100,1,O,0,0,0,0,2,,,,,,0,0,,,,,0
89.056497,1779967239.054692,10815,,BS2DCE,,f,0,0,2651,2651,100,1,O,0,0,0,0,2,,,,,,0,0,,,,,0
89.056497,1779967239.054692,10815,,BS2DCE,,f,0,1,1769,1769,100,1,O,0,0,0,0,2,,,,,,0,0,,,,,0
89.056497,1779967239.054692,10815,,BS2DCE,,f,0,2,1776,1776,100,1,O,0,0,0,0,2,,,,,,0,0,,,,,0
89.056497,1779967239.054692,10815,,BS2DCE,,f,0,3,2493,2493,100,1,O,0,0,0,0,2,,,,,,0,0,,,,,0
89.056497,1779967239.054692,10815,,BS2DCE,,f,0,4,2343,2343,100,1,O,0,0,0,0,2,,,,,,0,0,,,,,0
89.056497,1779967239.054692,10815,,BS2DCE,,f,0,5,1497,1497,100,1,O,0,0,0,0,2,,,,,,0,0,,,,,0
89.056497,1779967239.054692,10815,,BS2DCE,,f,0,6,1843,1843,100,1,O,0,0,0,0,2,,,,,,0,0,,,,,0
89.056497,1779967239.054692,10815,,BS2DCE,,f,0,7,2439,2439,100,1,O,0,0,0,0,2,,,,,,0,0,,,,,0
89.161575,1779967239.15977,10816,,BS2DCE,,f,0,0,2551,2551,100,1,O,0,0,0,0,2,,,,,,0,0,,,,,0
89.161575,1779967239.15977,10816,,BS2DCE,,f,0,1,1863,1863,100,1,O,0,0,0,0,2,,,,,,0,0,,,,,0
89.161575,1779967239.15977,10816,,BS2DCE,,f,0,2,1744,1744,100,1,O,0,0,0,0,2,,,,,,0,0,,,,,0
89.161575,1779967239.15977,10816,,BS2DCE,,f,0,3,2459,2459,100,1,O,0,0,0,0,2,,,,,,0,0,,,,,0
89.161575,1779967239.15977,10816,,BS2DCE,,f,0,4,2236,2236,100,1,O,0,0,0,0,2,,,,,,0,0,,,,,0
89.161575,1779967239.15977,10816,,BS2DCE,,f,0,5,1559,1559,100,1,O,0,0,0,0,2,,,,,,0,0,,,,,0
89.161575,1779967239.15977,10816,,BS2DCE,,f,0,6,1766,1766,100,1,O,0,0,0,0,2,,,,,,0,0,,,,,0
89.161575,1779967239.15977,10816,,BS2DCE,,f,0,7,2446,2446,100,1,O,0,0,0,0,2,,,,,,0,0,,,,,0
89.298205,1779967239.2964,10817,,BS2DCE,,f,0,0,2519,2519,100,1,O,0,0,0,0,2,,,,,,0,0,,,,,0
89.298205,1779967239.2964,10817,,BS2DCE,,f,0,1,1897,1897,100,1,O,0,0,0,0,2,,,,,,0,0,,,,,0
89.298205,1779967239.2964,10817,,BS2DCE,,f,0,2,1927,1927,100,1,O,0,0,0,0,2,,,,,,0,0,,,,,0
89.298205,1779967239.2964,10817,,BS2DCE,,f,0,3,2559,2559,100,1,O,0,0,0,0,2,,,,,,0,0,,,,,0
89.298205,1779967239.2964,10817,,BS2DCE,,f,0,4,2190,2190,100,1,O,0,0,0,0,2,,,,,,0,0,,,,,0
89.298205,1779967239.2964,10817,,BS2DCE,,f,0,5,1646,1646,100,1,O,0,0,0,0,2,,,,,,0,0,,,,,0
89.298205,1779967239.2964,10817,,BS2DCE,,f,0,6,1787,1787,100,1,O,0,0,0,0,2,,,,,,0,0,,,,,0
89.298205,1779967239.2964,10817,,BS2DCE,,f,0,7,2440,2440,100,1,O,0,0,0,0,2,,,,,,0,0,,,,,0
89.449516,1779967239.447711,10818,,BS2DCE,,f,0,0,2480,2480,100,1,O,0,0,0,0,2,,,,,,0,0,,,,,0
89.449516,1779967239.447711,10818,,BS2DCE,,f,0,1,1925,1925,100,1,O,0,0,0,0,2,,,,,,0,0,,,,,0
89.449516,1779967239.447711,10818,,BS2DCE,,f,0,2,1981,1981,100,1,O,0,0,0,0,2,,,,,,0,0,,,,,0
89.449516,1779967239.447711,10818,,BS2DCE,,f,0,3,2562,2562,100,1,O,0,0,0,0,2,,,,,,0,0,,,,,0
89.449516,1779967239.447711,10818,,BS2DCE,,f,0,4,2136,2136,100,1,O,0,0,0,0,2,,,,,,0,0,,,,,0
89.449516,1779967239.447711,10818,,BS2DCE,,f,0,5,1751,1751,100,1,O,0,0,0,0,2,,,,,,0,0,,,,,0
89.449516,1779967239.447711,10818,,BS2DCE,,f,0,6,1801,1801,100,1,O,0,0,0,0,2,,,,,,0,0,,,,,0
89.449516,1779967239.447711,10818,,BS2DCE,,f,0,7,2292,2292,100,1,O,0,0,0,0,2,,,,,,0,0,,,,,0
89.464603,1779967239.462798,10819,,BS2DCE,,f,0,0,2401,2401,100,1,O,0,0,0,0,2,,,,,,0,0,,,,,0
89.464603,1779967239.462798,10819,,BS2DCE,,f,0,1,2022,2022,100,1,O,0,0,0,0,2,,,,,,0,0,,,,,0
89.464603,1779967239.462798,10819,,BS2DCE,,f,0,2,1994,1994,100,1,O,0,0,0,0,2,,,,,,0,0,,,,,0
89.464603,1779967239.462798,10819,,BS2DCE,,f,0,3,2788,2788,100,1,O,0,0,0,0,2,,,,,,0,0,,,,,0
89.464603,1779967239.462798,10819,,BS2DCE,,f,0,4,2088,2088,100,1,O,0,0,0,0,2,,,,,,0,0,,,,,0
89.464603,1779967239.462798,10819,,BS2DCE,,f,0,5,1562,1562,100,1,O,0,0,0,0,2,,,,,,0,0,,,,,0
89.464603,1779967239.462798,10819,,BS2DCE,,f,0,6,1839,1839,100,1,O,0,0,0,0,2,,,,,,0,0,,,,,0
89.464603,1779967239.462798,10819,,BS2DCE,,f,0,7,2348,2348,100,1,O,0,0,0,0,2,,,,,,0,0,,,,,0
89.573681,1779967239.571876,10820,,BS2DCE,,f,0,0,2347,2347,100,1,O,0,0,0,0,2,,,,,,0,0,,,,,0
89.573681,1779967239.571876,10820,,BS2DCE,,f,0,1,1978,1978,100,1,O,0,0,0,0,2,,,,,,0,0,,,,,0
89.573681,1779967239.571876,10820,,BS2DCE,,f,0,2,2082,2082,100,1,O,0,0,0,0,2,,,,,,0,0,,,,,0
89.573681,1779967239.571876,10820,,BS2DCE,,f,0,3,2679,2679,100,1,O,0,0,0,0,2,,,,,,0,0,,,,,0
89.573681,1779967239.571876,10820,,BS2DCE,,f,0,4,2046,2046,100,1,O,0,0,0,0,2,,,,,,0,0,,,,,0
89.573681,1779967239.571876,10820,,BS2DCE,,f,0,5,1700,1700,100,1,O,0,0,0,0,2,,,,,,0,0,,,,,0
89.573681,1779967239.571876,10820,,BS2DCE,,f,0,6,1915,1915,100,1,O,0,0,0,0,2,,,,,,0,0,,,,,0
89.573681,1779967239.571876,10820,,BS2DCE,,f,0,7,2230,2230,100,1,O,0,0,0,0,2,,,,,,0,0,,,,,0
89.656358,1779967239.654553,10821,,BS2DCE,,f,0,0,2225,2225,100,1,O,0,0,0,0,2,,,,,,0,0,,,,,0
89.656358,1779967239.654553,10821,,BS2DCE,,f,0,1,2061,2061,100,1,O,0,0,0,0,2,,,,,,0,0,,,,,0
89.656358,1779967239.654553,10821,,BS2DCE,,f,0,2,2112,2112,100,1,O,0,0,0,0,2,,,,,,0,0,,,,,0
89.656358,1779967239.654553,10821,,BS2DCE,,f,0,3,2492,2492,100,1,O,0,0,0,0,2,,,,,,0,0,,,,,0
89.656358,1779967239.654553,10821,,BS2DCE,,f,0,4,1968,1968,100,1,O,0,0,0,0,2,,,,,,0,0,,,,,0
89.656358,1779967239.654553,10821,,BS2DCE,,f,0,5,1657,1657,100,1,O,0,0,0,0,2,,,,,,0,0,,,,,0
89.656358,1779967239.654553,10821,,BS2DCE,,f,0,6,1906,1906,100,1,O,0,0,0,0,2,,,,,,0,0,,,,,0
89.656358,1779967239.654553,10821,,BS2DCE,,f,0,7,2128,2128,100,1,O,0,0,0,0,2,,,,,,0,0,,,,,0
89.761248,1779967239.759443,10822,,BS2DCE,,f,0,0,2166,2166,100,1,O,0,0,0,0,2,,,,,,0,0,,,,,0
89.761248,1779967239.759443,10822,,BS2DCE,,f,0,1,2047,2047,100,1,O,0,0,0,0,2,,,,,,0,0,,,,,0
89.761248,1779967239.759443,10822,,BS2DCE,,f,0,2,2250,2250,100,1,O,0,0,0,0,2,,,,,,0,0,,,,,0
89.761248,1779967239.759443,10822,,BS2DCE,,f,0,3,2508,2508,100,1,O,0,0,0,0,2,,,,,,0,0,,,,,0
89.761248,1779967239.759443,10822,,BS2DCE,,f,0,4,1858,1858,100,1,O,0,0,0,0,2,,,,,,0,0,,,,,0
89.761248,1779967239.759443,10822,,BS2DCE,,f,0,5,1773,1773,100,1,O,0,0,0,0,2,,,,,,0,0,,,,,0
89.761248,1779967239.759443,10822,,BS2DCE,,f,0,6,1958,1958,100,1,O,0,0,0,0,2,,,,,,0,0,,,,,0
89.761248,1779967239.759443,10822,,BS2DCE,,f,0,7,2114,2114,100,1,O,0,0,0,0,2,,,,,,0,0,,,,,0
89.864845,1779967239.86304,10823,,BS2DCE,,f,0,0,2190,2190,100,1,O,0,0,0,0,2,,,,,,0,0,,,,,0
89.864845,1779967239.86304,10823,,BS2DCE,,f,0,1,1995,1995,100,1,O,0,0,0,0,2,,,,,,0,0,,,,,0
89.864845,1779967239.86304,10823,,BS2DCE,,f,0,2,2323,2323,100,1,O,0,0,0,0,2,,,,,,0,0,,,,,0
89.864845,1779967239.86304,10823,,BS2DCE,,f,0,3,2626,2626,100,1,O,0,0,0,0,2,,,,,,0,0,,,,,0
89.864845,1779967239.86304,10823,,BS2DCE,,f,0,4,1831,1831,100,1,O,0,0,0,0,2,,,,,,0,0,,,,,0
89.864845,1779967239.86304,10823,,BS2DCE,,f,0,5,1773,1773,100,1,O,0,0,0,0,2,,,,,,0,0,,,,,0
89.864845,1779967239.86304,10823,,BS2DCE,,f,0,6,2026,2026,100,1,O,0,0,0,0,2,,,,,,0,0,,,,,0
89.864845,1779967239.86304,10823,,BS2DCE,,f,0,7,2068,2068,100,1,O,0,0,0,0,2,,,,,,0,0,,,,,0
90.001565,1779967239.99976,10824,,BS2DCE,,f,0,0,2161,2161,100,1,O,0,0,0,0,2,,,,,,0,0,,,,,0
90.001565,1779967239.99976,10824,,BS2DCE,,f,0,1,2137,2137,100,1,O,0,0,0,0,2,,,,,,0,0,,,,,0
90.001565,1779967239.99976,10824,,BS2DCE,,f,0,2,2327,2327,100,1,O,0,0,0,0,2,,,,,,0,0,,,,,0
90.001565,1779967239.99976,10824,,BS2DCE,,f,0,3,2350,2350,100,1,O,0,0,0,0,2,,,,,,0,0,,,,,0
90.001565,1779967239.99976,10824,,BS2DCE,,f,0,4,1719,1719,100,1,O,0,0,0,0,2,,,,,,0,0,,,,,0
90.001565,1779967239.99976,10824,,BS2DCE,,f,0,5,1853,1853,100,1,O,0,0,0,0,2,,,,,,0,0,,,,,0
90.001565,1779967239.99976,10824,,BS2DCE,,f,0,6,2045,2045,100,1,O,0,0,0,0,2,,,,,,0,0,,,,,0
90.001565,1779967239.99976,10824,,BS2DCE,,f,0,7,2039,2039,100,1,O,0,0,0,0,2,,,,,,0,0,,,,,0
90.06642,1779967240.064615,10825,,BS2DCE,,f,0,0,2140,2140,100,1,O,0,0,0,0,2,,,,,,0,0,,,,,0
90.06642,1779967240.064615,10825,,BS2DCE,,f,0,1,2180,2180,100,1,O,0,0,0,0,2,,,,,,0,0,,,,,0
90.06642,1779967240.064615,10825,,BS2DCE,,f,0,2,2344,2344,100,1,O,0,0,0,0,2,,,,,,0,0,,,,,0
90.06642,1779967240.064615,10825,,BS2DCE,,f,0,3,2304,2304,100,1,O,0,0,0,0,2,,,,,,0,0,,,,,0
90.06642,1779967240.064615,10825,,BS2DCE,,f,0,4,1667,1667,100,1,O,0,0,0,0,2,,,,,,0,0,,,,,0
90.06642,1779967240.064615,10825,,BS2DCE,,f,0,5,1820,1820,100,1,O,0,0,0,0,2,,,,,,0,0,,,,,0
90.06642,1779967240.064615,10825,,BS2DCE,,f,0,6,2059,2059,100,1,O,0,0,0,0,2,,,,,,0,0,,,,,0
90.06642,1779967240.064615,10825,,BS2DCE,,f,0,7,1881,1881,100,1,O,0,0,0,0,2,,,,,,0,0,,,,,0
90.158678,1779967240.156873,10826,,BS2DCE,,f,0,0,2080,2080,100,1,O,0,0,0,0,2,,,,,,0,0,,,,,0
90.158678,1779967240.156873,10826,,BS2DCE,,f,0,1,2733,2733,100,1,O,0,0,0,0,2,,,,,,0,0,,,,,0
90.158678,1779967240.156873,10826,,BS2DCE,,f,0,2,2325,2325,100,1,O,0,0,0,0,2,,,,,,0,0,,,,,0
90.158678,1779967240.156873,10826,,BS2DCE,,f,0,3,2191,2191,100,1,O,0,0,0,0,2,,,,,,0,0,,,,,0
90.158678,1779967240.156873,10826,,BS2DCE,,f,0,4,1695,1695,100,1,O,0,0,0,0,2,,,,,,0,0,,,,,0
90.158678,1779967240.156873,10826,,BS2DCE,,f,0,5,1965,1965,100,1,O,0,0,0,0,2,,,,,,0,0,,,,,0
90.158678,1779967240.156873,10826,,BS2DCE,,f,0,6,2154,2154,100,1,O,0,0,0,0,2,,,,,,0,0,,,,,0
90.158678,1779967240.156873,10826,,BS2DCE,,f,0,7,1786,1786,100,1,O,0,0,0,0,2,,,,,,0,0,,,,,0
90.256316,1779967240.254511,10827,,BS2DCE,,f,0,0,2078,2078,100,1,O,0,0,0,0,2,,,,,,0,0,,,,,0
90.256316,1779967240.254511,10827,,BS2DCE,,f,0,1,2530,2530,100,1,O,0,0,0,0,2,,,,,,0,0,,,,,0
90.256316,1779967240.254511,10827,,BS2DCE,,f,0,2,2424,2424,100,1,O,0,0,0,0,2,,,,,,0,0,,,,,0
90.256316,1779967240.254511,10827,,BS2DCE,,f,0,3,2214,2214,100,1,O,0,0,0,0,2,,,,,,0,0,,,,,0
90.256316,1779967240.254511,10827,,BS2DCE,,f,0,4,1709,1709,100,1,O,0,0,0,0,2,,,,,,0,0,,,,,0
90.256316,1779967240.254511,10827,,BS2DCE,,f,0,5,2039,2039,100,1,O,0,0,0,0,2,,,,,,0,0,,,,,0
90.256316,1779967240.254511,10827,,BS2DCE,,f,0,6,2206,2206,100,1,O,0,0,0,0,2,,,,,,0,0,,,,,0
90.256316,1779967240.254511,10827,,BS2DCE,,f,0,7,1780,1780,100,1,O,0,0,0,0,2,,,,,,0,0,,,,,0
90.416009,1779967240.414204,10828,,BS2DCE,,f,0,0,2016,2016,100,1,O,0,0,0,0,2,,,,,,0,0,,,,,0
90.416009,1779967240.414204,10828,,BS2DCE,,f,0,1,2381,2381,100,1,O,0,0,0,0,2,,,,,,0,0,,,,,0
90.416009,1779967240.414204,10828,,BS2DCE,,f,0,2,2761,2761,100,1,O,0,0,0,0,2,,,,,,0,0,,,,,0
90.416009,1779967240.414204,10828,,BS2DCE,,f,0,3,2144,2144,100,1,O,0,0,0,0,2,,,,,,0,0,,,,,0
90.416009,1779967240.414204,10828,,BS2DCE,,f,0,4,3914,3914,100,1,O,0,0,0,0,2,,,,,,0,0,,,,,0
90.416009,1779967240.414204,10828,,BS2DCE,,f,0,5,2176,2176,100,1,O,0,0,0,0,2,,,,,,0,0,,,,,0
90.416009,1779967240.414204,10828,,BS2DCE,,f,0,6,2238,2238,100,1,O,0,0,0,0,2,,,,,,0,0,,,,,0
90.416009,1779967240.414204,10828,,BS2DCE,,f,0,7,1830,1830,100,1,O,0,0,0,0,2,,,,,,0,0,,,,,0
90.451218,1779967240.449413,10829,,BS2DCE,,f,0,0,2061,2061,100,1,O,0,0,0,0,2,,,,,,0,0,,,,,0
90.451218,1779967240.449413,10829,,BS2DCE,,f,0,1,2371,2371,100,1,O,0,0,0,0,2,,,,,,0,0,,,,,0
90.451218,1779967240.449413,10829,,BS2DCE,,f,0,2,2566,2566,100,1,O,0,0,0,0,2,,,,,,0,0,,,,,0
90.451218,1779967240.449413,10829,,BS2DCE,,f,0,3,2049,2049,100,1,O,0,0,0,0,2,,,,,,0,0,,,,,0
90.451218,1779967240.449413,10829,,BS2DCE,,f,0,4,1808,1808,100,1,O,0,0,0,0,2,,,,,,0,0,,,,,0
90.451218,1779967240.449413,10829,,BS2DCE,,f,0,5,2218,2218,100,1,O,0,0,0,0,2,,,,,,0,0,,,,,0
90.451218,1779967240.449413,10829,,BS2DCE,,f,0,6,2260,2260,100,1,O,0,0,0,0,2,,,,,,0,0,,,,,0
90.451218,1779967240.449413,10829,,BS2DCE,,f,0,7,1747,1747,100,1,O,0,0,0,0,2,,,,,,0,0,,,,,0
90.571489,1779967240.569684,10830,,BS2DCE,,f,0,0,1922,1922,100,1,O,0,0,0,0,2,,,,,,0,0,,,,,0
90.571489,1779967240.569684,10830,,BS2DCE,,f,0,1,2422,2422,100,1,O,0,0,0,0,2,,,,,,0,0,,,,,0
90.571489,1779967240.569684,10830,,BS2DCE,,f,0,2,2350,2350,100,1,O,0,0,0,0,2,,,,,,0,0,,,,,0
90.571489,1779967240.569684,10830,,BS2DCE,,f,0,3,1977,1977,100,1,O,0,0,0,0,2,,,,,,0,0,,,,,0
90.571489,1779967240.569684,10830,,BS2DCE,,f,0,4,1706,1706,100,1,O,0,0,0,0,2,,,,,,0,0,,,,,0
90.571489,1779967240.569684,10830,,BS2DCE,,f,0,5,2285,2285,100,1,O,0,0,0,0,2,,,,,,0,0,,,,,0
90.571489,1779967240.569684,10830,,BS2DCE,,f,0,6,2295,2295,100,1,O,0,0,0,0,2,,,,,,0,0,,,,,0
90.571489,1779967240.569684,10830,,BS2DCE,,f,0,7,1998,1998,100,1,O,0,0,0,0,2,,,,,,0,0,,,,,0
90.653835,1779967240.65203,10831,,BS2DCE,,f,0,0,1901,1901,100,1,O,0,0,0,0,2,,,,,,0,0,,,,,0
90.653835,1779967240.65203,10831,,BS2DCE,,f,0,1,2379,2379,100,1,O,0,0,0,0,2,,,,,,0,0,,,,,0
90.653835,1779967240.65203,10831,,BS2DCE,,f,0,2,2311,2311,100,1,O,0,0,0,0,2,,,,,,0,0,,,,,0
90.653835,1779967240.65203,10831,,BS2DCE,,f,0,3,1817,1817,100,1,O,0,0,0,0,2,,,,,,0,0,,,,,0
90.653835,1779967240.65203,10831,,BS2DCE,,f,0,4,1767,1767,100,1,O,0,0,0,0,2,,,,,,0,0,,,,,0
90.653835,1779967240.65203,10831,,BS2DCE,,f,0,5,2295,2295,100,1,O,0,0,0,0,2,,,,,,0,0,,,,,0
90.653835,1779967240.65203,10831,,BS2DCE,,f,0,6,2303,2303,100,1,O,0,0,0,0,2,,,,,,0,0,,,,,0
90.653835,1779967240.65203,10831,,BS2DCE,,f,0,7,1761,1761,100,1,O,0,0,0,0,2,,,,,,0,0,,,,,0
90.759309,1779967240.757504,10832,,BS2DCE,,f,0,0,1940,1940,100,1,O,0,0,0,0,2,,,,,,0,0,,,,,0
90.759309,1779967240.757504,10832,,BS2DCE,,f,0,1,2390,2390,100,1,O,0,0,0,0,2,,,,,,0,0,,,,,0
90.759309,1779967240.757504,10832,,BS2DCE,,f,0,2,2289,2289,100,1,O,0,0,0,0,2,,,,,,0,0,,,,,0
90.759309,1779967240.757504,10832,,BS2DCE,,f,0,3,1769,1769,100,1,O,0,0,0,0,2,,,,,,0,0,,,,,0
90.759309,1779967240.757504,10832,,BS2DCE,,f,0,4,1748,1748,100,1,O,0,0,0,0,2,,,,,,0,0,,,,,0
90.759309,1779967240.757504,10832,,BS2DCE,,f,0,5,2327,2327,100,1,O,0,0,0,0,2,,,,,,0,0,,,,,0
90.759309,1779967240.757504,10832,,BS2DCE,,f,0,6,2224,2224,100,1,O,0,0,0,0,2,,,,,,0,0,,,,,0
90.759309,1779967240.757504,10832,,BS2DCE,,f,0,7,1718,1718,100,1,O,0,0,0,0,2,,,,,,0,0,,,,,0
90.856304,1779967240.854499,10833,,BS2DCE,,f,0,0,1882,1882,100,1,O,0,0,0,0,2,,,,,,0,0,,,,,0
90.856304,1779967240.854499,10833,,BS2DCE,,f,0,1,2441,2441,100,1,O,0,0,0,0,2,,,,,,0,0,,,,,0
90.856304,1779967240.854499,10833,,BS2DCE,,f,0,2,2256,2256,100,1,O,0,0,0,0,2,,,,,,0,0,,,,,0
90.856304,1779967240.854499,10833,,BS2DCE,,f,0,3,1711,1711,100,1,O,0,0,0,0,2,,,,,,0,0,,,,,0
90.856304,1779967240.854499,10833,,BS2DCE,,f,0,4,1838,1838,100,1,O,0,0,0,0,2,,,,,,0,0,,,,,0
90.856304,1779967240.854499,10833,,BS2DCE,,f,0,5,2390,2390,100,1,O,0,0,0,0,2,,,,,,0,0,,,,,0
90.856304,1779967240.854499,10833,,BS2DCE,,f,0,6,2255,2255,100,1,O,0,0,0,0,2,,,,,,0,0,,,,,0
90.856304,1779967240.854499,10833,,BS2DCE,,f,0,7,1720,1720,100,1,O,0,0,0,0,2,,,,,,0,0,,,,,0
90.961281,1779967240.959476,10834,,BS2DCE,,f,0,0,1936,1936,100,1,O,0,0,0,0,2,,,,,,0,0,,,,,0
90.961281,1779967240.959476,10834,,BS2DCE,,f,0,1,2576,2576,100,1,O,0,0,0,0,2,,,,,,0,0,,,,,0
90.961281,1779967240.959476,10834,,BS2DCE,,f,0,2,2242,2242,100,1,O,0,0,0,0,2,,,,,,0,0,,,,,0
90.961281,1779967240.959476,10834,,BS2DCE,,f,0,3,1673,1673,100,1,O,0,0,0,0,2,,,,,,0,0,,,,,0
90.961281,1779967240.959476,10834,,BS2DCE,,f,0,4,1841,1841,100,1,O,0,0,0,0,2,,,,,,0,0,,,,,0
90.961281,1779967240.959476,10834,,BS2DCE,,f,0,5,2245,2245,100,1,O,0,0,0,0,2,,,,,,0,0,,,,,0
90.961281,1779967240.959476,10834,,BS2DCE,,f,0,6,2220,2220,100,1,O,0,0,0,0,2,,,,,,0,0,,,,,0
90.961281,1779967240.959476,10834,,BS2DCE,,f,0,7,1670,1670,100,1,O,0,0,0,0,2,,,,,,0,0,,,,,0
91.081369,1779967241.079564,10835,,BS2DCE,,f,0,0,2058,2058,100,1,O,0,0,0,0,2,,,,,,0,0,,,,,0
91.081369,1779967241.079564,10835,,BS2DCE,,f,0,1,2663,2663,100,1,O,0,0,0,0,2,,,,,,0,0,,,,,0
91.081369,1779967241.079564,10835,,BS2DCE,,f,0,2,2144,2144,100,1,O,0,0,0,0,2,,,,,,0,0,,,,,0
91.081369,1779967241.079564,10835,,BS2DCE,,f,0,3,1579,1579,100,1,O,0,0,0,0,2,,,,,,0,0,,,,,0
91.081369,1779967241.079564,10835,,BS2DCE,,f,0,4,1901,1901,100,1,O,0,0,0,0,2,,,,,,0,0,,,,,0
91.081369,1779967241.079564,10835,,BS2DCE,,f,0,5,2364,2364,100,1,O,0,0,0,0,2,,,,,,0,0,,,,,0
91.081369,1779967241.079564,10835,,BS2DCE,,f,0,6,2176,2176,100,1,O,0,0,0,0,2,,,,,,0,0,,,,,0
91.081369,1779967241.079564,10835,,BS2DCE,,f,0,7,1702,1702,100,1,O,0,0,0,0,2,,,,,,0,0,,,,,0
91.17123,1779967241.169425,10836,,BS2DCE,,f,0,0,2117,2117,100,1,O,0,0,0,0,2,,,,,,0,0,,,,,0
91.17123,1779967241.169425,10836,,BS2DCE,,f,0,1,2609,2609,100,1,O,0,0,0,0,2,,,,,,0,0,,,,,0
91.17123,1779967241.169425,10836,,BS2DCE,,f,0,2,2025,2025,100,1,O,0,0,0,0,2,,,,,,0,0,,,,,0
91.17123,1779967241.169425,10836,,BS2DCE,,f,0,3,1601,1601,100,1,O,0,0,0,0,2,,,,,,0,0,,,,,0
91.17123,1779967241.169425,10836,,BS2DCE,,f,0,4,2004,2004,100,1,O,0,0,0,0,2,,,,,,0,0,,,,,0
91.17123,1779967241.169425,10836,,BS2DCE,,f,0,5,2498,2498,100,1,O,0,0,0,0,2,,,,,,0,0,,,,,0
91.17123,1779967241.169425,10836,,BS2DCE,,f,0,6,2208,2208,100,1,O,0,0,0,0,2,,,,,,0,0,,,,,0
91.17123,1779967241.169425,10836,,BS2DCE,,f,0,7,1957,1957,100,1,O,0,0,0,0,2,,,,,,0,0,,,,,0
91.253892,1779967241.252087,10837,,BS2DCE,,f,0,0,2251,2251,100,1,O,0,0,0,0,2,,,,,,0,0,,,,,0
91.253892,1779967241.252087,10837,,BS2DCE,,f,0,1,2509,2509,100,1,O,0,0,0,0,2,,,,,,0,0,,,,,0
91.253892,1779967241.252087,10837,,BS2DCE,,f,0,2,2007,2007,100,1,O,0,0,0,0,2,,,,,,0,0,,,,,0
91.253892,1779967241.252087,10837,,BS2DCE,,f,0,3,1652,1652,100,1,O,0,0,0,0,2,,,,,,0,0,,,,,0
91.253892,1779967241.252087,10837,,BS2DCE,,f,0,4,1996,1996,100,1,O,0,0,0,0,2,,,,,,0,0,,,,,0
91.253892,1779967241.252087,10837,,BS2DCE,,f,0,5,2459,2459,100,1,O,0,0,0,0,2,,,,,,0,0,,,,,0
91.253892,1779967241.252087,10837,,BS2DCE,,f,0,6,2183,2183,100,1,O,0,0,0,0,2,,,,,,0,0,,,,,0
91.253892,1779967241.252087,10837,,BS2DCE,,f,0,7,1764,1764,100,1,O,0,0,0,0,2,,,,,,0,0,,,,,0
91.458476,1779967241.456671,10838,,BS2DCE,,f,0,0,2584,2584,100,1,O,0,0,0,0,2,,,,,,0,0,,,,,0
91.458476,1779967241.456671,10838,,BS2DCE,,f,0,1,2521,2521,100,1,O,0,0,0,0,2,,,,,,0,0,,,,,0
91.458476,1779967241.456671,10838,,BS2DCE,,f,0,2,2027,2027,100,1,O,0,0,0,0,2,,,,,,0,0,,,,,0
91.458476,1779967241.456671,10838,,BS2DCE,,f,0,3,1580,1580,100,1,O,0,0,0,0,2,,,,,,0,0,,,,,0
91.458476,1779967241.456671,10838,,BS2DCE,,f,0,4,2007,2007,100,1,O,0,0,0,0,2,,,,,,0,0,,,,,0
91.458476,1779967241.456671,10838,,BS2DCE,,f,0,5,2648,2648,100,1,O,0,0,0,0,2,,,,,,0,0,,,,,0
91.458476,1779967241.456671,10838,,BS2DCE,,f,0,6,2227,2227,100,1,O,0,0,0,0,2,,,,,,0,0,,,,,0
91.458476,1779967241.456671,10838,,BS2DCE,,f,0,7,1772,1772,100,1,O,0,0,0,0,2,,,,,,0,0,,,,,0
91.478369,1779967241.476564,10839,,BS2DCE,,f,0,0,2283,2283,100,1,O,0,0,0,0,2,,,,,,0,0,,,,,0
91.478369,1779967241.476564,10839,,BS2DCE,,f,0,1,2397,2397,100,1,O,0,0,0,0,2,,,,,,0,0,,,,,0
91.478369,1779967241.476564,10839,,BS2DCE,,f,0,2,1986,1986,100,1,O,0,0,0,0,2,,,,,,0,0,,,,,0
91.478369,1779967241.476564,10839,,BS2DCE,,f,0,3,1694,1694,100,1,O,0,0,0,0,2,,,,,,0,0,,,,,0
91.478369,1779967241.476564,10839,,BS2DCE,,f,0,4,2129,2129,100,1,O,0,0,0,0,2,,,,,,0,0,,,,,0
91.478369,1779967241.476564,10839,,BS2DCE,,f,0,5,2703,2703,100,1,O,0,0,0,0,2,,,,,,0,0,,,,,0
91.478369,1779967241.476564,10839,,BS2DCE,,f,0,6,2348,2348,100,1,O,0,0,0,0,2,,,,,,0,0,,,,,0
91.478369,1779967241.476564,10839,,BS2DCE,,f,0,7,1764,1764,100,1,O,0,0,0,0,2,,,,,,0,0,,,,,0
91.576214,1779967241.574409,10840,,BS2DCE,,f,0,0,2152,2152,100,1,O,0,0,0,0,2,,,,,,0,0,,,,,0
91.576214,1779967241.574409,10840,,BS2DCE,,f,0,1,2387,2387,100,1,O,0,0,0,0,2,,,,,,0,0,,,,,0
91.576214,1779967241.574409,10840,,BS2DCE,,f,0,2,1926,1926,100,1,O,0,0,0,0,2,,,,,,0,0,,,,,0
91.576214,1779967241.574409,10840,,BS2DCE,,f,0,3,1849,1849,100,1,O,0,0,0,0,2,,,,,,0,0,,,,,0
91.576214,1779967241.574409,10840,,BS2DCE,,f,0,4,2155,2155,100,1,O,0,0,0,0,2,,,,,,0,0,,,,,0
91.576214,1779967241.574409,10840,,BS2DCE,,f,0,5,2660,2660,100,1,O,0,0,0,0,2,,,,,,0,0,,,,,0
91.576214,1779967241.574409,10840,,BS2DCE,,f,0,6,2309,2309,100,1,O,0,0,0,0,2,,,,,,0,0,,,,,0
91.576214,1779967241.574409,10840,,BS2DCE,,f,0,7,1787,1787,100,1,O,0,0,0,0,2,,,,,,0,0,,,,,0
91.651308,1779967241.649503,10841,,BS2DCE,,f,0,0,2152,2152,100,1,O,0,0,0,0,2,,,,,,0,0,,,,,0
91.651308,1779967241.649503,10841,,BS2DCE,,f,0,1,2298,2298,100,1,O,0,0,0,0,2,,,,,,0,0,,,,,0
91.651308,1779967241.649503,10841,,BS2DCE,,f,0,2,1830,1830,100,1,O,0,0,0,0,2,,,,,,0,0,,,,,0
91.651308,1779967241.649503,10841,,BS2DCE,,f,0,3,1812,1812,100,1,O,0,0,0,0,2,,,,,,0,0,,,,,0
91.651308,1779967241.649503,10841,,BS2DCE,,f,0,4,2267,2267,100,1,O,0,0,0,0,2,,,,,,0,0,,,,,0
91.651308,1779967241.649503,10841,,BS2DCE,,f,0,5,2547,2547,100,1,O,0,0,0,0,2,,,,,,0,0,,,,,0
91.651308,1779967241.649503,10841,,BS2DCE,,f,0,6,2276,2276,100,1,O,0,0,0,0,2,,,,,,0,0,,,,,0
91.651308,1779967241.649503,10841,,BS2DCE,,f,0,7,1809,1809,100,1,O,0,0,0,0,2,,,,,,0,0,,,,,0
91.801298,1779967241.799493,10842,,BS2DCE,,f,0,0,2182,2182,100,1,O,0,0,0,0,2,,,,,,0,0,,,,,0
91.801298,1779967241.799493,10842,,BS2DCE,,f,0,1,2255,2255,100,1,O,0,0,0,0,2,,,,,,0,0,,,,,0
91.801298,1779967241.799493,10842,,BS2DCE,,f,0,2,1852,1852,100,1,O,0,0,0,0,2,,,,,,0,0,,,,,0
91.801298,1779967241.799493,10842,,BS2DCE,,f,0,3,1771,1771,100,1,O,0,0,0,0,2,,,,,,0,0,,,,,0
91.801298,1779967241.799493,10842,,BS2DCE,,f,0,4,2174,2174,100,1,O,0,0,0,0,2,,,,,,0,0,,,,,0
91.801298,1779967241.799493,10842,,BS2DCE,,f,0,5,2468,2468,100,1,O,0,0,0,0,2,,,,,,0,0,,,,,0
91.801298,1779967241.799493,10842,,BS2DCE,,f,0,6,2258,2258,100,1,O,0,0,0,0,2,,,,,,0,0,,,,,0
91.801298,1779967241.799493,10842,,BS2DCE,,f,0,7,1933,1933,100,1,O,0,0,0,0,2,,,,,,0,0,,,,,0
91.8538,1779967241.851995,10843,,BS2DCE,,f,0,0,2218,2218,100,1,O,0,0,0,0,2,,,,,,0,0,,,,,0
91.8538,1779967241.851995,10843,,BS2DCE,,f,0,1,2196,2196,100,1,O,0,0,0,0,2,,,,,,0,0,,,,,0
91.8538,1779967241.851995,10843,,BS2DCE,,f,0,2,1771,1771,100,1,O,0,0,0,0,2,,,,,,0,0,,,,,0
91.8538,1779967241.851995,10843,,BS2DCE,,f,0,3,1797,1797,100,1,O,0,0,0,0,2,,,,,,0,0,,,,,0
91.8538,1779967241.851995,10843,,BS2DCE,,f,0,4,2254,2254,100,1,O,0,0,0,0,2,,,,,,0,0,,,,,0
91.8538,1779967241.851995,10843,,BS2DCE,,f,0,5,2401,2401,100,1,O,0,0,0,0,2,,,,,,0,0,,,,,0
91.8538,1779967241.851995,10843,,BS2DCE,,f,0,6,2148,2148,100,1,O,0,0,0,0,2,,,,,,0,0,,,,,0
91.8538,1779967241.851995,10843,,BS2DCE,,f,0,7,1855,1855,100,1,O,0,0,0,0,2,,,,,,0,0,,,,,0
91.976676,1779967241.974871,10844,,BS2DCE,,f,0,0,2213,2213,100,1,O,0,0,0,0,2,,,,,,0,0,,,,,0
91.976676,1779967241.974871,10844,,BS2DCE,,f,0,1,2197,2197,100,1,O,0,0,0,0,2,,,,,,0,0,,,,,0
91.976676,1779967241.974871,10844,,BS2DCE,,f,0,2,1734,1734,100,1,O,0,0,0,0,2,,,,,,0,0,,,,,0
91.976676,1779967241.974871,10844,,BS2DCE,,f,0,3,1839,1839,100,1,O,0,0,0,0,2,,,,,,0,0,,,,,0
91.976676,1779967241.974871,10844,,BS2DCE,,f,0,4,2267,2267,100,1,O,0,0,0,0,2,,,,,,0,0,,,,,0
91.976676,1779967241.974871,10844,,BS2DCE,,f,0,5,2313,2313,100,1,O,0,0,0,0,2,,,,,,0,0,,,,,0
91.976676,1779967241.974871,10844,,BS2DCE,,f,0,6,2081,2081,100,1,O,0,0,0,0,2,,,,,,0,0,,,,,0
91.976676,1779967241.974871,10844,,BS2DCE,,f,0,7,1894,1894,100,1,O,0,0,0,0,2,,,,,,0,0,,,,,0
92.056285,1779967242.05448,10845,,BS2DCE,,f,0,0,2174,2174,100,1,O,0,0,0,0,2,,,,,,0,0,,,,,0
92.056285,1779967242.05448,10845,,BS2DCE,,f,0,1,2200,2200,100,1,O,0,0,0,0,2,,,,,,0,0,,,,,0
92.056285,1779967242.05448,10845,,BS2DCE,,f,0,2,1669,1669,100,1,O,0,0,0,0,2,,,,,,0,0,,,,,0
92.056285,1779967242.05448,10845,,BS2DCE,,f,0,3,1919,1919,100,1,O,0,0,0,0,2,,,,,,0,0,,,,,0
92.056285,1779967242.05448,10845,,BS2DCE,,f,0,4,2283,2283,100,1,O,0,0,0,0,2,,,,,,0,0,,,,,0
92.056285,1779967242.05448,10845,,BS2DCE,,f,0,5,2224,2224,100,1,O,0,0,0,0,2,,,,,,0,0,,,,,0
92.056285,1779967242.05448,10845,,BS2DCE,,f,0,6,1995,1995,100,1,O,0,0,0,0,2,,,,,,0,0,,,,,0
92.056285,1779967242.05448,10845,,BS2DCE,,f,0,7,2086,2086,100,1,O,0,0,0,0,2,,,,,,0,0,,,,,0
92.161319,1779967242.159514,10846,,BS2DCE,,f,0,0,2257,2257,100,1,O,0,0,0,0,2,,,,,,0,0,,,,,0
92.161319,1779967242.159514,10846,,BS2DCE,,f,0,1,2110,2110,100,1,O,0,0,0,0,2,,,,,,0,0,,,,,0
92.161319,1779967242.159514,10846,,BS2DCE,,f,0,2,1617,1617,100,1,O,0,0,0,0,2,,,,,,0,0,,,,,0
92.161319,1779967242.159514,10846,,BS2DCE,,f,0,3,1814,1814,100,1,O,0,0,0,0,2,,,,,,0,0,,,,,0
92.161319,1779967242.159514,10846,,BS2DCE,,f,0,4,2350,2350,100,1,O,0,0,0,0,2,,,,,,0,0,,,,,0
92.161319,1779967242.159514,10846,,BS2DCE,,f,0,5,2291,2291,100,1,O,0,0,0,0,2,,,,,,0,0,,,,,0
92.161319,1779967242.159514,10846,,BS2DCE,,f,0,6,1874,1874,100,1,O,0,0,0,0,2,,,,,,0,0,,,,,0
92.161319,1779967242.159514,10846,,BS2DCE,,f,0,7,1952,1952,100,1,O,0,0,0,0,2,,,,,,0,0,,,,,0
92.251266,1779967242.249461,10847,,BS2DCE,,f,0,0,2320,2320,100,1,O,0,0,0,0,2,,,,,,0,0,,,,,0
92.251266,1779967242.249461,10847,,BS2DCE,,f,0,1,2111,2111,100,1,O,0,0,0,0,2,,,,,,0,0,,,,,0
92.251266,1779967242.249461,10847,,BS2DCE,,f,0,2,1595,1595,100,1,O,0,0,0,0,2,,,,,,0,0,,,,,0
92.251266,1779967242.249461,10847,,BS2DCE,,f,0,3,1838,1838,100,1,O,0,0,0,0,2,,,,,,0,0,,,,,0
92.251266,1779967242.249461,10847,,BS2DCE,,f,0,4,2371,2371,100,1,O,0,0,0,0,2,,,,,,0,0,,,,,0
92.251266,1779967242.249461,10847,,BS2DCE,,f,0,5,2262,2262,100,1,O,0,0,0,0,2,,,,,,0,0,,,,,0
92.251266,1779967242.249461,10847,,BS2DCE,,f,0,6,1818,1818,100,1,O,0,0,0,0,2,,,,,,0,0,,,,,0
92.251266,1779967242.249461,10847,,BS2DCE,,f,0,7,1912,1912,100,1,O,0,0,0,0,2,,,,,,0,0,,,,,0
92.41859,1779967242.416785,10848,,BS2DCE,,f,0,0,2311,2311,100,1,O,0,0,0,0,2,,,,,,0,0,,,,,0
92.41859,1779967242.416785,10848,,BS2DCE,,f,0,1,2082,2082,100,1,O,0,0,0,0,2,,,,,,0,0,,,,,0
92.41859,1779967242.416785,10848,,BS2DCE,,f,0,2,1492,1492,100,1,O,0,0,0,0,2,,,,,,0,0,,,,,0
92.41859,1779967242.416785,10848,,BS2DCE,,f,0,3,1811,1811,100,1,O,0,0,0,0,2,,,,,,0,0,,,,,0
92.41859,1779967242.416785,10848,,BS2DCE,,f,0,4,2480,2480,100,1,O,0,0,0,0,2,,,,,,0,0,,,,,0
92.41859,1779967242.416785,10848,,BS2DCE,,f,0,5,2301,2301,100,1,O,0,0,0,0,2,,,,,,0,0,,,,,0
92.41859,1779967242.416785,10848,,BS2DCE,,f,0,6,1874,1874,100,1,O,0,0,0,0,2,,,,,,0,0,,,,,0
92.41859,1779967242.416785,10848,,BS2DCE,,f,0,7,0,1912,94,0,T,0,0,0,0,2,,,,,,0,0,,,,,0
92.453804,1779967242.451999,10849,,BS2DCE,,f,0,0,2326,2326,100,1,O,0,0,0,0,2,,,,,,0,0,,,,,0
92.453804,1779967242.451999,10849,,BS2DCE,,f,0,1,2025,2025,100,1,O,0,0,0,0,2,,,,,,0,0,,,,,0
92.453804,1779967242.451999,10849,,BS2DCE,,f,0,2,1558,1558,100,1,O,0,0,0,0,2,,,,,,0,0,,,,,0
92.453804,1779967242.451999,10849,,BS2DCE,,f,0,3,1921,1921,100,1,O,0,0,0,0,2,,,,,,0,0,,,,,0
92.453804,1779967242.451999,10849,,BS2DCE,,f,0,4,2459,2459,100,1,O,0,0,0,0,2,,,,,,0,0,,,,,0
92.453804,1779967242.451999,10849,,BS2DCE,,f,0,5,2249,2249,100,1,O,0,0,0,0,2,,,,,,0,0,,,,,0
92.453804,1779967242.451999,10849,,BS2DCE,,f,0,6,1776,1776,100,1,O,0,0,0,0,2,,,,,,0,0,,,,,0
92.453804,1779967242.451999,10849,,BS2DCE,,f,0,7,2011,2011,95,1,O,0,0,0,0,2,,,,,,0,0,,,,,0
92.573738,1779967242.571933,10850,,BS2DCE,,f,0,0,2378,2378,100,1,O,0,0,0,0,2,,,,,,0,0,,,,,0
92.573738,1779967242.571933,10850,,BS2DCE,,f,0,1,2084,2084,100,1,O,0,0,0,0,2,,,,,,0,0,,,,,0
92.573738,1779967242.571933,10850,,BS2DCE,,f,0,2,1492,1492,100,1,O,0,0,0,0,2,,,,,,0,0,,,,,0
92.573738,1779967242.571933,10850,,BS2DCE,,f,0,3,2010,2010,100,1,O,0,0,0,0,2,,,,,,0,0,,,,,0
92.573738,1779967242.571933,10850,,BS2DCE,,f,0,4,2524,2524,100,1,O,0,0,0,0,2,,,,,,0,0,,,,,0
92.573738,1779967242.571933,10850,,BS2DCE,,f,0,5,2240,2240,100,1,O,0,0,0,0,2,,,,,,0,0,,,,,0
92.573738,1779967242.571933,10850,,BS2DCE,,f,0,6,1773,1773,100,1,O,0,0,0,0,2,,,,,,0,0,,,,,0
92.573738,1779967242.571933,10850,,BS2DCE,,f,0,7,1963,1963,95,1,O,0,0,0,0,2,,,,,,0,0,,,,,0
92.675655,1779967242.67385,10851,,BS2DCE,,f,0,0,2432,2432,100,1,O,0,0,0,0,2,,,,,,0,0,,,,,0
92.675655,1779967242.67385,10851,,BS2DCE,,f,0,1,2061,2061,100,1,O,0,0,0,0,2,,,,,,0,0,,,,,0
92.675655,1779967242.67385,10851,,BS2DCE,,f,0,2,1505,1505,100,1,O,0,0,0,0,2,,,,,,0,0,,,,,0
92.675655,1779967242.67385,10851,,BS2DCE,,f,0,3,1997,1997,100,1,O,0,0,0,0,2,,,,,,0,0,,,,,0
92.675655,1779967242.67385,10851,,BS2DCE,,f,0,4,2524,2524,100,1,O,0,0,0,0,2,,,,,,0,0,,,,,0
92.675655,1779967242.67385,10851,,BS2DCE,,f,0,5,2193,2193,100,1,O,0,0,0,0,2,,,,,,0,0,,,,,0
92.675655,1779967242.67385,10851,,BS2DCE,,f,0,6,1749,1749,100,1,O,0,0,0,0,2,,,,,,0,0,,,,,0
92.675655,1779967242.67385,10851,,BS2DCE,,f,0,7,2205,2205,95,1,O,0,0,0,0,2,,,,,,0,0,,,,,0
92.761268,1779967242.759463,10852,,BS2DCE,,f,0,0,2423,2423,100,1,O,0,0,0,0,2,,,,,,0,0,,,,,0
92.761268,1779967242.759463,10852,,BS2DCE,,f,0,1,1981,1981,100,1,O,0,0,0,0,2,,,,,,0,0,,,,,0
92.761268,1779967242.759463,10852,,BS2DCE,,f,0,2,1460,1460,100,1,O,0,0,0,0,2,,,,,,0,0,,,,,0
92.761268,1779967242.759463,10852,,BS2DCE,,f,0,3,2046,2046,100,1,O,0,0,0,0,2,,,,,,0,0,,,,,0
92.761268,1779967242.759463,10852,,BS2DCE,,f,0,4,2511,2511,100,1,O,0,0,0,0,2,,,,,,0,0,,,,,0
92.761268,1779967242.759463,10852,,BS2DCE,,f,0,5,2112,2112,100,1,O,0,0,0,0,2,,,,,,0,0,,,,,0
92.761268,1779967242.759463,10852,,BS2DCE,,f,0,6,1727,1727,100,1,O,0,0,0,0,2,,,,,,0,0,,,,,0
92.761268,1779967242.759463,10852,,BS2DCE,,f,0,7,2078,2078,95,1,O,0,0,0,0,2,,,,,,0,0,,,,,0
92.881095,1779967242.87929,10853,,BS2DCE,,f,0,0,2449,2449,100,1,O,0,0,0,0,2,,,,,,0,0,,,,,0
92.881095,1779967242.87929,10853,,BS2DCE,,f,0,1,2035,2035,100,1,O,0,0,0,0,2,,,,,,0,0,,,,,0
92.881095,1779967242.87929,10853,,BS2DCE,,f,0,2,1433,1433,100,1,O,0,0,0,0,2,,,,,,0,0,,,,,0
92.881095,1779967242.87929,10853,,BS2DCE,,f,0,3,2036,2036,100,1,O,0,0,0,0,2,,,,,,0,0,,,,,0
92.881095,1779967242.87929,10853,,BS2DCE,,f,0,4,2600,2600,100,1,O,0,0,0,0,2,,,,,,0,0,,,,,0
92.881095,1779967242.87929,10853,,BS2DCE,,f,0,5,2117,2117,100,1,O,0,0,0,0,2,,,,,,0,0,,,,,0
92.881095,1779967242.87929,10853,,BS2DCE,,f,0,6,1671,1671,100,1,O,0,0,0,0,2,,,,,,0,0,,,,,0
92.881095,1779967242.87929,10853,,BS2DCE,,f,0,7,2152,2152,95,1,O,0,0,0,0,2,,,,,,0,0,,,,,0
92.948693,1779967242.946888,10854,,BS2DCE,,f,0,0,2481,2481,100,1,O,0,0,0,0,2,,,,,,0,0,,,,,0
92.948693,1779967242.946888,10854,,BS2DCE,,f,0,1,2091,2091,100,1,O,0,0,0,0,2,,,,,,0,0,,,,,0
92.948693,1779967242.946888,10854,,BS2DCE,,f,0,2,1457,1457,100,1,O,0,0,0,0,2,,,,,,0,0,,,,,0
92.948693,1779967242.946888,10854,,BS2DCE,,f,0,3,2081,2081,100,1,O,0,0,0,0,2,,,,,,0,0,,,,,0
92.948693,1779967242.946888,10854,,BS2DCE,,f,0,4,2595,2595,100,1,O,0,0,0,0,2,,,,,,0,0,,,,,0
92.948693,1779967242.946888,10854,,BS2DCE,,f,0,5,2122,2122,100,1,O,0,0,0,0,2,,,,,,0,0,,,,,0
92.948693,1779967242.946888,10854,,BS2DCE,,f,0,6,1666,1666,100,1,O,0,0,0,0,2,,,,,,0,0,,,,,0
92.948693,1779967242.946888,10854,,BS2DCE,,f,0,7,0,2152,92,0,T,0,0,0,0,2,,,,,,0,0,,,,,0
93.053678,1779967243.051873,10855,,BS2DCE,,f,0,0,2524,2524,100,1,O,0,0,0,0,2,,,,,,0,0,,,,,0
93.053678,1779967243.051873,10855,,BS2DCE,,f,0,1,2055,2055,100,1,O,0,0,0,0,2,,,,,,0,0,,,,,0
93.053678,1779967243.051873,10855,,BS2DCE,,f,0,2,1525,1525,100,1,O,0,0,0,0,2,,,,,,0,0,,,,,0
93.053678,1779967243.051873,10855,,BS2DCE,,f,0,3,2189,2189,100,1,O,0,0,0,0,2,,,,,,0,0,,,,,0
93.053678,1779967243.051873,10855,,BS2DCE,,f,0,4,2615,2615,100,1,O,0,0,0,0,2,,,,,,0,0,,,,,0
93.053678,1779967243.051873,10855,,BS2DCE,,f,0,5,2011,2011,100,1,O,0,0,0,0,2,,,,,,0,0,,,,,0
93.053678,1779967243.051873,10855,,BS2DCE,,f,0,6,1588,1588,100,1,O,0,0,0,0,2,,,,,,0,0,,,,,0
93.053678,1779967243.051873,10855,,BS2DCE,,f,0,7,2219,2219,92,1,O,0,0,0,0,2,,,,,,0,0,,,,,0
93.159203,1779967243.157398,10856,,BS2DCE,,f,0,0,2578,2578,100,1,O,0,0,0,0,2,,,,,,0,0,,,,,0
93.159203,1779967243.157398,10856,,BS2DCE,,f,0,1,2454,2454,100,1,O,0,0,0,0,2,,,,,,0,0,,,,,0
93.159203,1779967243.157398,10856,,BS2DCE,,f,0,2,1591,1591,100,1,O,0,0,0,0,2,,,,,,0,0,,,,,0
93.159203,1779967243.157398,10856,,BS2DCE,,f,0,3,2246,2246,100,1,O,0,0,0,0,2,,,,,,0,0,,,,,0
93.159203,1779967243.157398,10856,,BS2DCE,,f,0,4,3909,3909,100,1,O,0,0,0,0,2,,,,,,0,0,,,,,0
93.159203,1779967243.157398,10856,,BS2DCE,,f,0,5,1939,1939,100,1,O,0,0,0,0,2,,,,,,0,0,,,,,0
93.159203,1779967243.157398,10856,,BS2DCE,,f,0,6,1668,1668,100,1,O,0,0,0,0,2,,,,,,0,0,,,,,0
93.159203,1779967243.157398,10856,,BS2DCE,,f,0,7,2196,2196,92,1,O,0,0,0,0,2,,,,,,0,0,,,,,0
93.256233,1779967243.254428,10857,,BS2DCE,,f,0,0,2640,2640,100,1,O,0,0,0,0,2,,,,,,0,0,,,,,0
93.256233,1779967243.254428,10857,,BS2DCE,,f,0,1,2241,2241,100,1,O,0,0,0,0,2,,,,,,0,0,,,,,0
93.256233,1779967243.254428,10857,,BS2DCE,,f,0,2,1580,1580,100,1,O,0,0,0,0,2,,,,,,0,0,,,,,0
93.256233,1779967243.254428,10857,,BS2DCE,,f,0,3,2215,2215,100,1,O,0,0,0,0,2,,,,,,0,0,,,,,0
93.256233,1779967243.254428,10857,,BS2DCE,,f,0,4,2679,2679,100,1,O,0,0,0,0,2,,,,,,0,0,,,,,0
93.256233,1779967243.254428,10857,,BS2DCE,,f,0,5,2044,2044,100,1,O,0,0,0,0,2,,,,,,0,0,,,,,0
93.256233,1779967243.254428,10857,,BS2DCE,,f,0,6,1643,1643,100,1,O,0,0,0,0,2,,,,,,0,0,,,,,0
93.256233,1779967243.254428,10857,,BS2DCE,,f,0,7,2459,2459,92,1,O,0,0,0,0,2,,,,,,0,0,,,,,0
93.429458,1779967243.427653,10858,,BS2DCE,,f,0,0,2682,2682,100,1,O,0,0,0,0,2,,,,,,0,0,,,,,0
93.429458,1779967243.427653,10858,,BS2DCE,,f,0,1,2004,2004,100,1,O,0,0,0,0,2,,,,,,0,0,,,,,0
93.429458,1779967243.427653,10858,,BS2DCE,,f,0,2,1591,1591,100,1,O,0,0,0,0,2,,,,,,0,0,,,,,0
93.429458,1779967243.427653,10858,,BS2DCE,,f,0,3,2238,2238,100,1,O,0,0,0,0,2,,,,,,0,0,,,,,0
93.429458,1779967243.427653,10858,,BS2DCE,,f,0,4,2605,2605,100,1,O,0,0,0,0,2,,,,,,0,0,,,,,0
93.429458,1779967243.427653,10858,,BS2DCE,,f,0,5,1833,1833,100,1,O,0,0,0,0,2,,,,,,0,0,,,,,0
93.429458,1779967243.427653,10858,,BS2DCE,,f,0,6,1643,1643,100,1,O,0,0,0,0,2,,,,,,0,0,,,,,0
93.429458,1779967243.427653,10858,,BS2DCE,,f,0,7,2186,2186,93,1,O,0,0,0,0,2,,,,,,0,0,,,,,0
93.451205,1779967243.4494,10859,,BS2DCE,,f,0,0,2707,2707,100,1,O,0,0,0,0,2,,,,,,0,0,,,,,0
93.451205,1779967243.4494,10859,,BS2DCE,,f,0,1,2066,2066,100,1,O,0,0,0,0,2,,,,,,0,0,,,,,0
93.451205,1779967243.4494,10859,,BS2DCE,,f,0,2,1564,1564,100,1,O,0,0,0,0,2,,,,,,0,0,,,,,0
93.451205,1779967243.4494,10859,,BS2DCE,,f,0,3,2300,2300,100,1,O,0,0,0,0,2,,,,,,0,0,,,,,0
93.451205,1779967243.4494,10859,,BS2DCE,,f,0,4,2486,2486,100,1,O,0,0,0,0,2,,,,,,0,0,,,,,0
93.451205,1779967243.4494,10859,,BS2DCE,,f,0,5,1946,1946,100,1,O,0,0,0,0,2,,,,,,0,0,,,,,0
93.451205,1779967243.4494,10859,,BS2DCE,,f,0,6,1556,1556,100,1,O,0,0,0,0,2,,,,,,0,0,,,,,0
93.451205,1779967243.4494,10859,,BS2DCE,,f,0,7,2243,2243,93,1,O,0,0,0,0,2,,,,,,0,0,,,,,0
93.601372,1779967243.599567,10860,,BS2DCE,,f,0,0,3004,3004,100,1,O,0,0,0,0,2,,,,,,0,0,,,,,0
93.601372,1779967243.599567,10860,,BS2DCE,,f,0,1,1863,1863,100,1,O,0,0,0,0,2,,,,,,0,0,,,,,0
93.601372,1779967243.599567,10860,,BS2DCE,,f,0,2,1540,1540,100,1,O,0,0,0,0,2,,,,,,0,0,,,,,0
93.601372,1779967243.599567,10860,,BS2DCE,,f,0,3,2367,2367,100,1,O,0,0,0,0,2,,,,,,0,0,,,,,0
93.601372,1779967243.599567,10860,,BS2DCE,,f,0,4,2402,2402,100,1,O,0,0,0,0,2,,,,,,0,0,,,,,0
93.601372,1779967243.599567,10860,,BS2DCE,,f,0,5,1719,1719,100,1,O,0,0,0,0,2,,,,,,0,0,,,,,0
93.601372,1779967243.599567,10860,,BS2DCE,,f,0,6,1610,1610,100,1,O,0,0,0,0,2,,,,,,0,0,,,,,0
93.601372,1779967243.599567,10860,,BS2DCE,,f,0,7,0,2243,90,0,T,0,0,0,0,2,,,,,,0,0,,,,,0
93.65372,1779967243.651915,10861,,BS2DCE,,f,0,0,2795,2795,100,1,O,0,0,0,0,2,,,,,,0,0,,,,,0
93.65372,1779967243.651915,10861,,BS2DCE,,f,0,1,1880,1880,100,1,O,0,0,0,0,2,,,,,,0,0,,,,,0
93.65372,1779967243.651915,10861,,BS2DCE,,f,0,2,1637,1637,100,1,O,0,0,0,0,2,,,,,,0,0,,,,,0
93.65372,1779967243.651915,10861,,BS2DCE,,f,0,3,2394,2394,100,1,O,0,0,0,0,2,,,,,,0,0,,,,,0
93.65372,1779967243.651915,10861,,BS2DCE,,f,0,4,2441,2441,100,1,O,0,0,0,0,2,,,,,,0,0,,,,,0
93.65372,1779967243.651915,10861,,BS2DCE,,f,0,5,1702,1702,100,1,O,0,0,0,0,2,,,,,,0,0,,,,,0
93.65372,1779967243.651915,10861,,BS2DCE,,f,0,6,1617,1617,100,1,O,0,0,0,0,2,,,,,,0,0,,,,,0
93.65372,1779967243.651915,10861,,BS2DCE,,f,0,7,2311,2311,90,1,O,0,0,0,0,2,,,,,,0,0,,,,,0
93.758684,1779967243.756879,10862,,BS2DCE,,f,0,0,2683,2683,100,1,O,0,0,0,0,2,,,,,,0,0,,,,,0
93.758684,1779967243.756879,10862,,BS2DCE,,f,0,1,1821,1821,100,1,O,0,0,0,0,2,,,,,,0,0,,,,,0
93.758684,1779967243.756879,10862,,BS2DCE,,f,0,2,1679,1679,100,1,O,0,0,0,0,2,,,,,,0,0,,,,,0
93.758684,1779967243.756879,10862,,BS2DCE,,f,0,3,2491,2491,100,1,O,0,0,0,0,2,,,,,,0,0,,,,,0
93.758684,1779967243.756879,10862,,BS2DCE,,f,0,4,2411,2411,100,1,O,0,0,0,0,2,,,,,,0,0,,,,,0
93.758684,1779967243.756879,10862,,BS2DCE,,f,0,5,1522,1522,100,1,O,0,0,0,0,2,,,,,,0,0,,,,,0
93.758684,1779967243.756879,10862,,BS2DCE,,f,0,6,1647,1647,100,1,O,0,0,0,0,2,,,,,,0,0,,,,,0
93.758684,1779967243.756879,10862,,BS2DCE,,f,0,7,2337,2337,94,1,O,0,0,0,0,2,,,,,,0,0,,,,,0
93.856187,1779967243.854382,10863,,BS2DCE,,f,0,0,2642,2642,100,1,O,0,0,0,0,2,,,,,,0,0,,,,,0
93.856187,1779967243.854382,10863,,BS2DCE,,f,0,1,1805,1805,100,1,O,0,0,0,0,2,,,,,,0,0,,,,,0
93.856187,1779967243.854382,10863,,BS2DCE,,f,0,2,1762,1762,100,1,O,0,0,0,0,2,,,,,,0,0,,,,,0
93.856187,1779967243.854382,10863,,BS2DCE,,f,0,3,2478,2478,100,1,O,0,0,0,0,2,,,,,,0,0,,,,,0
93.856187,1779967243.854382,10863,,BS2DCE,,f,0,4,2374,2374,100,1,O,0,0,0,0,2,,,,,,0,0,,,,,0
93.856187,1779967243.854382,10863,,BS2DCE,,f,0,5,1559,1559,100,1,O,0,0,0,0,2,,,,,,0,0,,,,,0
93.856187,1779967243.854382,10863,,BS2DCE,,f,0,6,1622,1622,100,1,O,0,0,0,0,2,,,,,,0,0,,,,,0
93.856187,1779967243.854382,10863,,BS2DCE,,f,0,7,2604,2604,94,1,O,0,0,0,0,2,,,,,,0,0,,,,,0
93.961244,1779967243.959439,10864,,BS2DCE,,f,0,0,2621,2621,100,1,O,0,0,0,0,2,,,,,,0,0,,,,,0
93.961244,1779967243.959439,10864,,BS2DCE,,f,0,1,1817,1817,100,1,O,0,0,0,0,2,,,,,,0,0,,,,,0
93.961244,1779967243.959439,10864,,BS2DCE,,f,0,2,1722,1722,100,1,O,0,0,0,0,2,,,,,,0,0,,,,,0
93.961244,1779967243.959439,10864,,BS2DCE,,f,0,3,2485,2485,100,1,O,0,0,0,0,2,,,,,,0,0,,,,,0
93.961244,1779967243.959439,10864,,BS2DCE,,f,0,4,2285,2285,100,1,O,0,0,0,0,2,,,,,,0,0,,,,,0
93.961244,1779967243.959439,10864,,BS2DCE,,f,0,5,1589,1589,100,1,O,0,0,0,0,2,,,,,,0,0,,,,,0
93.961244,1779967243.959439,10864,,BS2DCE,,f,0,6,1827,1827,100,1,O,0,0,0,0,2,,,,,,0,0,,,,,0
93.961244,1779967243.959439,10864,,BS2DCE,,f,0,7,2410,2410,94,1,O,0,0,0,0,2,,,,,,0,0,,,,,0
94.065344,1779967244.063539,10865,,BS2DCE,,f,0,0,2581,2581,100,1,O,0,0,0,0,2,,,,,,0,0,,,,,0
94.065344,1779967244.063539,10865,,BS2DCE,,f,0,1,1864,1864,100,1,O,0,0,0,0,2,,,,,,0,0,,,,,0
94.065344,1779967244.063539,10865,,BS2DCE,,f,0,2,1874,1874,100,1,O,0,0,0,0,2,,,,,,0,0,,,,,0
94.065344,1779967244.063539,10865,,BS2DCE,,f,0,3,2482,2482,100,1,O,0,0,0,0,2,,,,,,0,0,,,,,0
94.065344,1779967244.063539,10865,,BS2DCE,,f,0,4,2203,2203,100,1,O,0,0,0,0,2,,,,,,0,0,,,,,0
94.065344,1779967244.063539,10865,,BS2DCE,,f,0,5,1605,1605,100,1,O,0,0,0,0,2,,,,,,0,0,,,,,0
94.065344,1779967244.063539,10865,,BS2DCE,,f,0,6,1817,1817,100,1,O,0,0,0,0,2,,,,,,0,0,,,,,0
94.065344,1779967244.063539,10865,,BS2DCE,,f,0,7,2399,2399,95,1,O,0,0,0,0,2,,,,,,0,0,,,,,0
94.148613,1779967244.146808,10866,,BS2DCE,,f,0,0,2495,2495,100,1,O,0,0,0,0,2,,,,,,0,0,,,,,0
94.148613,1779967244.146808,10866,,BS2DCE,,f,0,1,1919,1919,100,1,O,0,0,0,0,2,,,,,,0,0,,,,,0
94.148613,1779967244.146808,10866,,BS2DCE,,f,0,2,1965,1965,100,1,O,0,0,0,0,2,,,,,,0,0,,,,,0
94.148613,1779967244.146808,10866,,BS2DCE,,f,0,3,2580,2580,100,1,O,0,0,0,0,2,,,,,,0,0,,,,,0
94.148613,1779967244.146808,10866,,BS2DCE,,f,0,4,2184,2184,100,1,O,0,0,0,0,2,,,,,,0,0,,,,,0
94.148613,1779967244.146808,10866,,BS2DCE,,f,0,5,1668,1668,100,1,O,0,0,0,0,2,,,,,,0,0,,,,,0
94.148613,1779967244.146808,10866,,BS2DCE,,f,0,6,1798,1798,100,1,O,0,0,0,0,2,,,,,,0,0,,,,,0
94.148613,1779967244.146808,10866,,BS2DCE,,f,0,7,0,2399,90,0,T,0,0,0,0,2,,,,,,0,0,,,,,0
94.267084,1779967244.265279,10867,,BS2DCE,,f,0,0,2439,2439,100,1,O,0,0,0,0,2,,,,,,0,0,,,,,0
94.267084,1779967244.265279,10867,,BS2DCE,,f,0,1,2048,2048,100,1,O,0,0,0,0,2,,,,,,0,0,,,,,0
94.267084,1779967244.265279,10867,,BS2DCE,,f,0,2,1960,1960,100,1,O,0,0,0,0,2,,,,,,0,0,,,,,0
94.267084,1779967244.265279,10867,,BS2DCE,,f,0,3,2657,2657,100,1,O,0,0,0,0,2,,,,,,0,0,,,,,0
94.267084,1779967244.265279,10867,,BS2DCE,,f,0,4,2123,2123,100,1,O,0,0,0,0,2,,,,,,0,0,,,,,0
94.267084,1779967244.265279,10867,,BS2DCE,,f,0,5,1681,1681,100,1,O,0,0,0,0,2,,,,,,0,0,,,,,0
94.267084,1779967244.265279,10867,,BS2DCE,,f,0,6,1815,1815,100,1,O,0,0,0,0,2,,,,,,0,0,,,,,0
94.267084,1779967244.265279,10867,,BS2DCE,,f,0,7,2349,2349,90,1,O,0,0,0,0,2,,,,,,0,0,,,,,0
94.428488,1779967244.426683,10868,,BS2DCE,,f,0,0,2347,2347,100,1,O,0,0,0,0,2,,,,,,0,0,,,,,0
94.428488,1779967244.426683,10868,,BS2DCE,,f,0,1,2005,2005,100,1,O,0,0,0,0,2,,,,,,0,0,,,,,0
94.428488,1779967244.426683,10868,,BS2DCE,,f,0,2,2008,2008,100,1,O,0,0,0,0,2,,,,,,0,0,,,,,0
94.428488,1779967244.426683,10868,,BS2DCE,,f,0,3,2821,2821,100,1,O,0,0,0,0,2,,,,,,0,0,,,,,0
94.428488,1779967244.426683,10868,,BS2DCE,,f,0,4,2020,2020,100,1,O,0,0,0,0,2,,,,,,0,0,,,,,0
94.428488,1779967244.426683,10868,,BS2DCE,,f,0,5,1615,1615,100,1,O,0,0,0,0,2,,,,,,0,0,,,,,0
94.428488,1779967244.426683,10868,,BS2DCE,,f,0,6,1895,1895,100,1,O,0,0,0,0,2,,,,,,0,0,,,,,0
94.428488,1779967244.426683,10868,,BS2DCE,,f,0,7,2350,2350,91,1,O,0,0,0,0,2,,,,,,0,0,,,,,0
94.456332,1779967244.454527,10869,,BS2DCE,,f,0,0,2296,2296,100,1,O,0,0,0,0,2,,,,,,0,0,,,,,0
94.456332,1779967244.454527,10869,,BS2DCE,,f,0,1,2036,2036,100,1,O,0,0,0,0,2,,,,,,0,0,,,,,0
94.456332,1779967244.454527,10869,,BS2DCE,,f,0,2,2040,2040,100,1,O,0,0,0,0,2,,,,,,0,0,,,,,0
94.456332,1779967244.454527,10869,,BS2DCE,,f,0,3,2684,2684,100,1,O,0,0,0,0,2,,,,,,0,0,,,,,0
94.456332,1779967244.454527,10869,,BS2DCE,,f,0,4,2001,2001,100,1,O,0,0,0,0,2,,,,,,0,0,,,,,0
94.456332,1779967244.454527,10869,,BS2DCE,,f,0,5,1765,1765,100,1,O,0,0,0,0,2,,,,,,0,0,,,,,0
94.456332,1779967244.454527,10869,,BS2DCE,,f,0,6,1872,1872,100,1,O,0,0,0,0,2,,,,,,0,0,,,,,0
94.456332,1779967244.454527,10869,,BS2DCE,,f,0,7,2286,2286,91,1,O,0,0,0,0,2,,,,,,0,0,,,,,0
94.576151,1779967244.574346,10870,,BS2DCE,,f,0,0,2150,2150,100,1,O,0,0,0,0,2,,,,,,0,0,,,,,0
94.576151,1779967244.574346,10870,,BS2DCE,,f,0,1,1993,1993,100,1,O,0,0,0,0,2,,,,,,0,0,,,,,0
94.576151,1779967244.574346,10870,,BS2DCE,,f,0,2,2143,2143,100,1,O,0,0,0,0,2,,,,,,0,0,,,,,0
94.576151,1779967244.574346,10870,,BS2DCE,,f,0,3,2504,2504,100,1,O,0,0,0,0,2,,,,,,0,0,,,,,0
94.576151,1779967244.574346,10870,,BS2DCE,,f,0,4,1915,1915,100,1,O,0,0,0,0,2,,,,,,0,0,,,,,0
94.576151,1779967244.574346,10870,,BS2DCE,,f,0,5,1686,1686,100,1,O,0,0,0,0,2,,,,,,0,0,,,,,0
94.576151,1779967244.574346,10870,,BS2DCE,,f,0,6,1957,1957,100,1,O,0,0,0,0,2,,,,,,0,0,,,,,0
94.576151,1779967244.574346,10870,,BS2DCE,,f,0,7,2125,2125,92,1,O,0,0,0,0,2,,,,,,0,0,,,,,0
94.696196,1779967244.694391,10871,,BS2DCE,,f,0,0,2164,2164,100,1,O,0,0,0,0,2,,,,,,0,0,,,,,0
94.696196,1779967244.694391,10871,,BS2DCE,,f,0,1,2033,2033,100,1,O,0,0,0,0,2,,,,,,0,0,,,,,0
94.696196,1779967244.694391,10871,,BS2DCE,,f,0,2,2202,2202,100,1,O,0,0,0,0,2,,,,,,0,0,,,,,0
94.696196,1779967244.694391,10871,,BS2DCE,,f,0,3,2534,2534,100,1,O,0,0,0,0,2,,,,,,0,0,,,,,0
94.696196,1779967244.694391,10871,,BS2DCE,,f,0,4,1831,1831,100,1,O,0,0,0,0,2,,,,,,0,0,,,,,0
94.696196,1779967244.694391,10871,,BS2DCE,,f,0,5,1716,1716,100,1,O,0,0,0,0,2,,,,,,0,0,,,,,0
94.696196,1779967244.694391,10871,,BS2DCE,,f,0,6,1999,1999,100,1,O,0,0,0,0,2,,,,,,0,0,,,,,0
94.696196,1779967244.694391,10871,,BS2DCE,,f,0,7,2083,2083,92,1,O,0,0,0,0,2,,,,,,0,0,,,,,0
94.749064,1779967244.747259,10872,,BS2DCE,,f,0,0,2104,2104,100,1,O,0,0,0,0,2,,,,,,0,0,,,,,0
94.749064,1779967244.747259,10872,,BS2DCE,,f,0,1,2098,2098,100,1,O,0,0,0,0,2,,,,,,0,0,,,,,0
94.749064,1779967244.747259,10872,,BS2DCE,,f,0,2,2298,2298,100,1,O,0,0,0,0,2,,,,,,0,0,,,,,0
94.749064,1779967244.747259,10872,,BS2DCE,,f,0,3,2392,2392,100,1,O,0,0,0,0,2,,,,,,0,0,,,,,0
94.749064,1779967244.747259,10872,,BS2DCE,,f,0,4,1737,1737,100,1,O,0,0,0,0,2,,,,,,0,0,,,,,0
94.749064,1779967244.747259,10872,,BS2DCE,,f,0,5,1720,1720,100,1,O,0,0,0,0,2,,,,,,0,0,,,,,0
94.749064,1779967244.747259,10872,,BS2DCE,,f,0,6,2070,2070,100,1,O,0,0,0,0,2,,,,,,0,0,,,,,0
94.749064,1779967244.747259,10872,,BS2DCE,,f,0,7,0,2083,88,0,T,0,0,0,0,2,,,,,,0,0,,,,,0
94.853674,1779967244.851869,10873,,BS2DCE,,f,0,0,2114,2114,100,1,O,0,0,0,0,2,,,,,,0,0,,,,,0
94.853674,1779967244.851869,10873,,BS2DCE,,f,0,1,2201,2201,100,1,O,0,0,0,0,2,,,,,,0,0,,,,,0
94.853674,1779967244.851869,10873,,BS2DCE,,f,0,2,2241,2241,100,1,O,0,0,0,0,2,,,,,,0,0,,,,,0
94.853674,1779967244.851869,10873,,BS2DCE,,f,0,3,2320,2320,100,1,O,0,0,0,0,2,,,,,,0,0,,,,,0
94.853674,1779967244.851869,10873,,BS2DCE,,f,0,4,1667,1667,100,1,O,0,0,0,0,2,,,,,,0,0,,,,,0
94.853674,1779967244.851869,10873,,BS2DCE,,f,0,5,1927,1927,100,1,O,0,0,0,0,2,,,,,,0,0,,,,,0
94.853674,1779967244.851869,10873,,BS2DCE,,f,0,6,2058,2058,100,1,O,0,0,0,0,2,,,,,,0,0,,,,,0
94.853674,1779967244.851869,10873,,BS2DCE,,f,0,7,1967,1967,89,1,O,0,0,0,0,2,,,,,,0,0,,,,,0
94.958675,1779967244.95687,10874,,BS2DCE,,f,0,0,2063,2063,100,1,O,0,0,0,0,2,,,,,,0,0,,,,,0
94.958675,1779967244.95687,10874,,BS2DCE,,f,0,1,2214,2214,100,1,O,0,0,0,0,2,,,,,,0,0,,,,,0
94.958675,1779967244.95687,10874,,BS2DCE,,f,0,2,2348,2348,100,1,O,0,0,0,0,2,,,,,,0,0,,,,,0
94.958675,1779967244.95687,10874,,BS2DCE,,f,0,3,2208,2208,100,1,O,0,0,0,0,2,,,,,,0,0,,,,,0
94.958675,1779967244.95687,10874,,BS2DCE,,f,0,4,1620,1620,100,1,O,0,0,0,0,2,,,,,,0,0,,,,,0
94.958675,1779967244.95687,10874,,BS2DCE,,f,0,5,1958,1958,100,1,O,0,0,0,0,2,,,,,,0,0,,,,,0
94.958675,1779967244.95687,10874,,BS2DCE,,f,0,6,2114,2114,100,1,O,0,0,0,0,2,,,,,,0,0,,,,,0
94.958675,1779967244.95687,10874,,BS2DCE,,f,0,7,1880,1880,89,1,O,0,0,0,0,2,,,,,,0,0,,,,,0
95.056247,1779967245.054442,10875,,BS2DCE,,f,0,0,2135,2135,100,1,O,0,0,0,0,2,,,,,,0,0,,,,,0
95.056247,1779967245.054442,10875,,BS2DCE,,f,0,1,2521,2521,100,1,O,0,0,0,0,2,,,,,,0,0,,,,,0
95.056247,1779967245.054442,10875,,BS2DCE,,f,0,2,2406,2406,100,1,O,0,0,0,0,2,,,,,,0,0,,,,,0
95.056247,1779967245.054442,10875,,BS2DCE,,f,0,3,2224,2224,100,1,O,0,0,0,0,2,,,,,,0,0,,,,,0
95.056247,1779967245.054442,10875,,BS2DCE,,f,0,4,1723,1723,100,1,O,0,0,0,0,2,,,,,,0,0,,,,,0
95.056247,1779967245.054442,10875,,BS2DCE,,f,0,5,2009,2009,100,1,O,0,0,0,0,2,,,,,,0,0,,,,,0
95.056247,1779967245.054442,10875,,BS2DCE,,f,0,6,2169,2169,100,1,O,0,0,0,0,2,,,,,,0,0,,,,,0
95.056247,1779967245.054442,10875,,BS2DCE,,f,0,7,1923,1923,90,1,O,0,0,0,0,2,,,,,,0,0,,,,,0
95.161028,1779967245.159223,10876,,BS2DCE,,f,0,0,2063,2063,100,1,O,0,0,0,0,2,,,,,,0,0,,,,,0
95.161028,1779967245.159223,10876,,BS2DCE,,f,0,1,2425,2425,100,1,O,0,0,0,0,2,,,,,,0,0,,,,,0
95.161028,1779967245.159223,10876,,BS2DCE,,f,0,2,2542,2542,100,1,O,0,0,0,0,2,,,,,,0,0,,,,,0
95.161028,1779967245.159223,10876,,BS2DCE,,f,0,3,2193,2193,100,1,O,0,0,0,0,2,,,,,,0,0,,,,,0
95.161028,1779967245.159223,10876,,BS2DCE,,f,0,4,1797,1797,100,1,O,0,0,0,0,2,,,,,,0,0,,,,,0
95.161028,1779967245.159223,10876,,BS2DCE,,f,0,5,2195,2195,100,1,O,0,0,0,0,2,,,,,,0,0,,,,,0
95.161028,1779967245.159223,10876,,BS2DCE,,f,0,6,2171,2171,100,1,O,0,0,0,0,2,,,,,,0,0,,,,,0
95.161028,1779967245.159223,10876,,BS2DCE,,f,0,7,1737,1737,90,1,O,0,0,0,0,2,,,,,,0,0,,,,,0
95.252165,1779967245.25036,10877,,BS2DCE,,f,0,0,2025,2025,100,1,O,0,0,0,0,2,,,,,,0,0,,,,,0
95.252165,1779967245.25036,10877,,BS2DCE,,f,0,1,2389,2389,100,1,O,0,0,0,0,2,,,,,,0,0,,,,,0
95.252165,1779967245.25036,10877,,BS2DCE,,f,0,2,2623,2623,100,1,O,0,0,0,0,2,,,,,,0,0,,,,,0
95.252165,1779967245.25036,10877,,BS2DCE,,f,0,3,2147,2147,100,1,O,0,0,0,0,2,,,,,,0,0,,,,,0
95.252165,1779967245.25036,10877,,BS2DCE,,f,0,4,1849,1849,100,1,O,0,0,0,0,2,,,,,,0,0,,,,,0
95.252165,1779967245.25036,10877,,BS2DCE,,f,0,5,2138,2138,100,1,O,0,0,0,0,2,,,,,,0,0,,,,,0
95.252165,1779967245.25036,10877,,BS2DCE,,f,0,6,2235,2235,100,1,O,0,0,0,0,2,,,,,,0,0,,,,,0
95.252165,1779967245.25036,10877,,BS2DCE,,f,0,7,1791,1791,90,1,O,0,0,0,0,2,,,,,,0,0,,,,,0
95.418383,1779967245.416578,10878,,BS2DCE,,f,0,0,2065,2065,100,1,O,0,0,0,0,2,,,,,,0,0,,,,,0
95.418383,1779967245.416578,10878,,BS2DCE,,f,0,1,2376,2376,100,1,O,0,0,0,0,2,,,,,,0,0,,,,,0
95.418383,1779967245.416578,10878,,BS2DCE,,f,0,2,2493,2493,100,1,O,0,0,0,0,2,,,,,,0,0,,,,,0
95.418383,1779967245.416578,10878,,BS2DCE,,f,0,3,1976,1976,100,1,O,0,0,0,0,2,,,,,,0,0,,,,,0
95.418383,1779967245.416578,10878,,BS2DCE,,f,0,4,1787,1787,100,1,O,0,0,0,0,2,,,,,,0,0,,,,,0
95.418383,1779967245.416578,10878,,BS2DCE,,f,0,5,2253,2253,100,1,O,0,0,0,0,2,,,,,,0,0,,,,,0
95.418383,1779967245.416578,10878,,BS2DCE,,f,0,6,2322,2322,100,1,O,0,0,0,0,2,,,,,,0,0,,,,,0
95.418383,1779967245.416578,10878,,BS2DCE,,f,0,7,0,1791,88,0,T,0,0,0,0,2,,,,,,0,0,,,,,0
95.453568,1779967245.451763,10879,,BS2DCE,,f,0,0,1887,1887,100,1,O,0,0,0,0,2,,,,,,0,0,,,,,0
95.453568,1779967245.451763,10879,,BS2DCE,,f,0,1,2385,2385,100,1,O,0,0,0,0,2,,,,,,0,0,,,,,0
95.453568,1779967245.451763,10879,,BS2DCE,,f,0,2,2266,2266,100,1,O,0,0,0,0,2,,,,,,0,0,,,,,0
95.453568,1779967245.451763,10879,,BS2DCE,,f,0,3,1910,1910,100,1,O,0,0,0,0,2,,,,,,0,0,,,,,0
95.453568,1779967245.451763,10879,,BS2DCE,,f,0,4,1745,1745,100,1,O,0,0,0,0,2,,,,,,0,0,,,,,0
95.453568,1779967245.451763,10879,,BS2DCE,,f,0,5,2291,2291,100,1,O,0,0,0,0,2,,,,,,0,0,,,,,0
95.453568,1779967245.451763,10879,,BS2DCE,,f,0,6,2294,2294,100,1,O,0,0,0,0,2,,,,,,0,0,,,,,0
95.453568,1779967245.451763,10879,,BS2DCE,,f,0,7,1698,1698,88,1,O,0,0,0,0,2,,,,,,0,0,,,,,0
95.573692,1779967245.571887,10880,,BS2DCE,,f,0,0,1912,1912,100,1,O,0,0,0,0,2,,,,,,0,0,,,,,0
95.573692,1779967245.571887,10880,,BS2DCE,,f,0,1,2395,2395,100,1,O,0,0,0,0,2,,,,,,0,0,,,,,0
95.573692,1779967245.571887,10880,,BS2DCE,,f,0,2,2352,2352,100,1,O,0,0,0,0,2,,,,,,0,0,,,,,0
95.573692,1779967245.571887,10880,,BS2DCE,,f,0,3,1761,1761,100,1,O,0,0,0,0,2,,,,,,0,0,,,,,0
95.573692,1779967245.571887,10880,,BS2DCE,,f,0,4,1734,1734,100,1,O,0,0,0,0,2,,,,,,0,0,,,,,0
95.573692,1779967245.571887,10880,,BS2DCE,,f,0,5,2370,2370,100,1,O,0,0,0,0,2,,,,,,0,0,,,,,0
95.573692,1779967245.571887,10880,,BS2DCE,,f,0,6,2321,2321,100,1,O,0,0,0,0,2,,,,,,0,0,,,,,0
95.573692,1779967245.571887,10880,,BS2DCE,,f,0,7,1681,1681,89,1,O,0,0,0,0,2,,,,,,0,0,,,,,0
95.656158,1779967245.654353,10881,,BS2DCE,,f,0,0,1951,1951,100,1,O,0,0,0,0,2,,,,,,0,0,,,,,0
95.656158,1779967245.654353,10881,,BS2DCE,,f,0,1,2376,2376,100,1,O,0,0,0,0,2,,,,,,0,0,,,,,0
95.656158,1779967245.654353,10881,,BS2DCE,,f,0,2,2275,2275,100,1,O,0,0,0,0,2,,,,,,0,0,,,,,0
95.656158,1779967245.654353,10881,,BS2DCE,,f,0,3,1683,1683,100,1,O,0,0,0,0,2,,,,,,0,0,,,,,0
95.656158,1779967245.654353,10881,,BS2DCE,,f,0,4,1799,1799,100,1,O,0,0,0,0,2,,,,,,0,0,,,,,0
95.656158,1779967245.654353,10881,,BS2DCE,,f,0,5,2387,2387,100,1,O,0,0,0,0,2,,,,,,0,0,,,,,0
95.656158,1779967245.654353,10881,,BS2DCE,,f,0,6,2261,2261,100,1,O,0,0,0,0,2,,,,,,0,0,,,,,0
95.656158,1779967245.654353,10881,,BS2DCE,,f,0,7,1896,1896,90,1,O,0,0,0,0,2,,,,,,0,0,,,,,0
95.761399,1779967245.759594,10882,,BS2DCE,,f,0,0,1898,1898,100,1,O,0,0,0,0,2,,,,,,0,0,,,,,0
95.761399,1779967245.759594,10882,,BS2DCE,,f,0,1,2536,2536,100,1,O,0,0,0,0,2,,,,,,0,0,,,,,0
95.761399,1779967245.759594,10882,,BS2DCE,,f,0,2,2243,2243,100,1,O,0,0,0,0,2,,,,,,0,0,,,,,0
95.761399,1779967245.759594,10882,,BS2DCE,,f,0,3,1656,1656,100,1,O,0,0,0,0,2,,,,,,0,0,,,,,0
95.761399,1779967245.759594,10882,,BS2DCE,,f,0,4,1826,1826,100,1,O,0,0,0,0,2,,,,,,0,0,,,,,0
95.761399,1779967245.759594,10882,,BS2DCE,,f,0,5,2316,2316,100,1,O,0,0,0,0,2,,,,,,0,0,,,,,0
95.761399,1779967245.759594,10882,,BS2DCE,,f,0,6,2225,2225,100,1,O,0,0,0,0,2,,,,,,0,0,,,,,0
95.761399,1779967245.759594,10882,,BS2DCE,,f,0,7,1681,1681,90,1,O,0,0,0,0,2,,,,,,0,0,,,,,0
95.851215,1779967245.84941,10883,,BS2DCE,,f,0,0,1989,1989,100,1,O,0,0,0,0,2,,,,,,0,0,,,,,0
95.851215,1779967245.84941,10883,,BS2DCE,,f,0,1,2660,2660,100,1,O,0,0,0,0,2,,,,,,0,0,,,,,0
95.851215,1779967245.84941,10883,,BS2DCE,,f,0,2,2148,2148,100,1,O,0,0,0,0,2,,,,,,0,0,,,,,0
95.851215,1779967245.84941,10883,,BS2DCE,,f,0,3,1645,1645,100,1,O,0,0,0,0,2,,,,,,0,0,,,,,0
95.851215,1779967245.84941,10883,,BS2DCE,,f,0,4,1942,1942,100,1,O,0,0,0,0,2,,,,,,0,0,,,,,0
95.851215,1779967245.84941,10883,,BS2DCE,,f,0,5,2388,2388,100,1,O,0,0,0,0,2,,,,,,0,0,,,,,0
95.851215,1779967245.84941,10883,,BS2DCE,,f,0,6,2230,2230,100,1,O,0,0,0,0,2,,,,,,0,0,,,,,0
95.851215,1779967245.84941,10883,,BS2DCE,,f,0,7,1631,1631,90,1,O,0,0,0,0,2,,,,,,0,0,,,,,0
95.948601,1779967245.946796,10884,,BS2DCE,,f,0,0,2108,2108,100,1,O,0,0,0,0,2,,,,,,0,0,,,,,0
95.948601,1779967245.946796,10884,,BS2DCE,,f,0,1,2683,2683,100,1,O,0,0,0,0,2,,,,,,0,0,,,,,0
95.948601,1779967245.946796,10884,,BS2DCE,,f,0,2,2112,2112,100,1,O,0,0,0,0,2,,,,,,0,0,,,,,0
95.948601,1779967245.946796,10884,,BS2DCE,,f,0,3,1643,1643,100,1,O,0,0,0,0,2,,,,,,0,0,,,,,0
95.948601,1779967245.946796,10884,,BS2DCE,,f,0,4,1935,1935,100,1,O,0,0,0,0,2,,,,,,0,0,,,,,0
95.948601,1779967245.946796,10884,,BS2DCE,,f,0,5,2437,2437,100,1,O,0,0,0,0,2,,,,,,0,0,,,,,0
95.948601,1779967245.946796,10884,,BS2DCE,,f,0,6,2195,2195,100,1,O,0,0,0,0,2,,,,,,0,0,,,,,0
95.948601,1779967245.946796,10884,,BS2DCE,,f,0,7,0,1631,86,0,T,0,0,0,0,2,,,,,,0,0,,,,,0
96.053904,1779967246.052099,10885,,BS2DCE,,f,0,0,2175,2175,100,1,O,0,0,0,0,2,,,,,,0,0,,,,,0
96.053904,1779967246.052099,10885,,BS2DCE,,f,0,1,2609,2609,100,1,O,0,0,0,0,2,,,,,,0,0,,,,,0
96.053904,1779967246.052099,10885,,BS2DCE,,f,0,2,2023,2023,100,1,O,0,0,0,0,2,,,,,,0,0,,,,,0
96.053904,1779967246.052099,10885,,BS2DCE,,f,0,3,1584,1584,100,1,O,0,0,0,0,2,,,,,,0,0,,,,,0
96.053904,1779967246.052099,10885,,BS2DCE,,f,0,4,1953,1953,100,1,O,0,0,0,0,2,,,,,,0,0,,,,,0
96.053904,1779967246.052099,10885,,BS2DCE,,f,0,5,2470,2470,100,1,O,0,0,0,0,2,,,,,,0,0,,,,,0
96.053904,1779967246.052099,10885,,BS2DCE,,f,0,6,2157,2157,100,1,O,0,0,0,0,2,,,,,,0,0,,,,,0
96.053904,1779967246.052099,10885,,BS2DCE,,f,0,7,1663,1663,87,1,O,0,0,0,0,2,,,,,,0,0,,,,,0
96.173034,1779967246.171229,10886,,BS2DCE,,f,0,0,2223,2223,100,1,O,0,0,0,0,2,,,,,,0,0,,,,,0
96.173034,1779967246.171229,10886,,BS2DCE,,f,0,1,2510,2510,100,1,O,0,0,0,0,2,,,,,,0,0,,,,,0
96.173034,1779967246.171229,10886,,BS2DCE,,f,0,2,2084,2084,100,1,O,0,0,0,0,2,,,,,,0,0,,,,,0
96.173034,1779967246.171229,10886,,BS2DCE,,f,0,3,1606,1606,100,1,O,0,0,0,0,2,,,,,,0,0,,,,,0
96.173034,1779967246.171229,10886,,BS2DCE,,f,0,4,2010,2010,100,1,O,0,0,0,0,2,,,,,,0,0,,,,,0
96.173034,1779967246.171229,10886,,BS2DCE,,f,0,5,2487,2487,100,1,O,0,0,0,0,2,,,,,,0,0,,,,,0
96.173034,1779967246.171229,10886,,BS2DCE,,f,0,6,2202,2202,100,1,O,0,0,0,0,2,,,,,,0,0,,,,,0
96.173034,1779967246.171229,10886,,BS2DCE,,f,0,7,1743,1743,88,1,O,0,0,0,0,2,,,,,,0,0,,,,,0
96.25713,1779967246.255325,10887,,BS2DCE,,f,0,0,2592,2592,100,1,O,0,0,0,0,2,,,,,,0,0,,,,,0
96.25713,1779967246.255325,10887,,BS2DCE,,f,0,1,2453,2453,100,1,O,0,0,0,0,2,,,,,,0,0,,,,,0
96.25713,1779967246.255325,10887,,BS2DCE,,f,0,2,2018,2018,100,1,O,0,0,0,0,2,,,,,,0,0,,,,,0
96.25713,1779967246.255325,10887,,BS2DCE,,f,0,3,1610,1610,100,1,O,0,0,0,0,2,,,,,,0,0,,,,,0
96.25713,1779967246.255325,10887,,BS2DCE,,f,0,4,2049,2049,100,1,O,0,0,0,0,2,,,,,,0,0,,,,,0
96.25713,1779967246.255325,10887,,BS2DCE,,f,0,5,2596,2596,100,1,O,0,0,0,0,2,,,,,,0,0,,,,,0
96.25713,1779967246.255325,10887,,BS2DCE,,f,0,6,2219,2219,100,1,O,0,0,0,0,2,,,,,,0,0,,,,,0
96.25713,1779967246.255325,10887,,BS2DCE,,f,0,7,1946,1946,88,1,O,0,0,0,0,2,,,,,,0,0,,,,,0
96.425948,1779967246.424143,10888,,BS2DCE,,f,0,0,2259,2259,100,1,O,0,0,0,0,2,,,,,,0,0,,,,,0
96.425948,1779967246.424143,10888,,BS2DCE,,f,0,1,2446,2446,100,1,O,0,0,0,0,2,,,,,,0,0,,,,,0
96.425948,1779967246.424143,10888,,BS2DCE,,f,0,2,1984,1984,100,1,O,0,0,0,0,2,,,,,,0,0,,,,,0
96.425948,1779967246.424143,10888,,BS2DCE,,f,0,3,1691,1691,100,1,O,0,0,0,0,2,,,,,,0,0,,,,,0
96.425948,1779967246.424143,10888,,BS2DCE,,f,0,4,2112,2112,100,1,O,0,0,0,0,2,,,,,,0,0,,,,,0
96.425948,1779967246.424143,10888,,BS2DCE,,f,0,5,2682,2682,100,1,O,0,0,0,0,2,,,,,,0,0,,,,,0
96.425948,1779967246.424143,10888,,BS2DCE,,f,0,6,2221,2221,100,1,O,0,0,0,0,2,,,,,,0,0,,,,,0
96.425948,1779967246.424143,10888,,BS2DCE,,f,0,7,1815,1815,88,1,O,0,0,0,0,2,,,,,,0,0,,,,,0
96.481243,1779967246.479438,10889,,BS2DCE,,f,0,0,2210,2210,100,1,O,0,0,0,0,2,,,,,,0,0,,,,,0
96.481243,1779967246.479438,10889,,BS2DCE,,f,0,1,2343,2343,100,1,O,0,0,0,0,2,,,,,,0,0,,,,,0
96.481243,1779967246.479438,10889,,BS2DCE,,f,0,2,1975,1975,100,1,O,0,0,0,0,2,,,,,,0,0,,,,,0
96.481243,1779967246.479438,10889,,BS2DCE,,f,0,3,1845,1845,100,1,O,0,0,0,0,2,,,,,,0,0,,,,,0
96.481243,1779967246.479438,10889,,BS2DCE,,f,0,4,2100,2100,100,1,O,0,0,0,0,2,,,,,,0,0,,,,,0
96.481243,1779967246.479438,10889,,BS2DCE,,f,0,5,2729,2729,100,1,O,0,0,0,0,2,,,,,,0,0,,,,,0
96.481243,1779967246.479438,10889,,BS2DCE,,f,0,6,2325,2325,100,1,O,0,0,0,0,2,,,,,,0,0,,,,,0
96.481243,1779967246.479438,10889,,BS2DCE,,f,0,7,1786,1786,89,1,O,0,0,0,0,2,,,,,,0,0,,,,,0
96.571056,1779967246.569251,10890,,BS2DCE,,f,0,0,2202,2202,100,1,O,0,0,0,0,2,,,,,,0,0,,,,,0
96.571056,1779967246.569251,10890,,BS2DCE,,f,0,1,2323,2323,100,1,O,0,0,0,0,2,,,,,,0,0,,,,,0
96.571056,1779967246.569251,10890,,BS2DCE,,f,0,2,1886,1886,100,1,O,0,0,0,0,2,,,,,,0,0,,,,,0
96.571056,1779967246.569251,10890,,BS2DCE,,f,0,3,1841,1841,100,1,O,0,0,0,0,2,,,,,,0,0,,,,,0
96.571056,1779967246.569251,10890,,BS2DCE,,f,0,4,2202,2202,100,1,O,0,0,0,0,2,,,,,,0,0,,,,,0
96.571056,1779967246.569251,10890,,BS2DCE,,f,0,5,2603,2603,100,1,O,0,0,0,0,2,,,,,,0,0,,,,,0
96.571056,1779967246.569251,10890,,BS2DCE,,f,0,6,2321,2321,100,1,O,0,0,0,0,2,,,,,,0,0,,,,,0
96.571056,1779967246.569251,10890,,BS2DCE,,f,0,7,1739,1739,89,1,O,0,0,0,0,2,,,,,,0,0,,,,,0
96.653671,1779967246.651866,10891,,BS2DCE,,f,0,0,2195,2195,100,1,O,0,0,0,0,2,,,,,,0,0,,,,,0
96.653671,1779967246.651866,10891,,BS2DCE,,f,0,1,2282,2282,100,1,O,0,0,0,0,2,,,,,,0,0,,,,,0
96.653671,1779967246.651866,10891,,BS2DCE,,f,0,2,1797,1797,100,1,O,0,0,0,0,2,,,,,,0,0,,,,,0
96.653671,1779967246.651866,10891,,BS2DCE,,f,0,3,1815,1815,100,1,O,0,0,0,0,2,,,,,,0,0,,,,,0
96.653671,1779967246.651866,10891,,BS2DCE,,f,0,4,2276,2276,100,1,O,0,0,0,0,2,,,,,,0,0,,,,,0
96.653671,1779967246.651866,10891,,BS2DCE,,f,0,5,2464,2464,100,1,O,0,0,0,0,2,,,,,,0,0,,,,,0
96.653671,1779967246.651866,10891,,BS2DCE,,f,0,6,2293,2293,100,1,O,0,0,0,0,2,,,,,,0,0,,,,,0
96.653671,1779967246.651866,10891,,BS2DCE,,f,0,7,1747,1747,90,1,O,0,0,0,0,2,,,,,,0,0,,,,,0
96.759173,1779967246.757368,10892,,BS2DCE,,f,0,0,2151,2151,100,1,O,0,0,0,0,2,,,,,,0,0,,,,,0
96.759173,1779967246.757368,10892,,BS2DCE,,f,0,1,2228,2228,100,1,O,0,0,0,0,2,,,,,,0,0,,,,,0
96.759173,1779967246.757368,10892,,BS2DCE,,f,0,2,1837,1837,100,1,O,0,0,0,0,2,,,,,,0,0,,,,,0
96.759173,1779967246.757368,10892,,BS2DCE,,f,0,3,1796,1796,100,1,O,0,0,0,0,2,,,,,,0,0,,,,,0
96.759173,1779967246.757368,10892,,BS2DCE,,f,0,4,2230,2230,100,1,O,0,0,0,0,2,,,,,,0,0,,,,,0
96.759173,1779967246.757368,10892,,BS2DCE,,f,0,5,2442,2442,100,1,O,0,0,0,0,2,,,,,,0,0,,,,,0
96.759173,1779967246.757368,10892,,BS2DCE,,f,0,6,2214,2214,100,1,O,0,0,0,0,2,,,,,,0,0,,,,,0
96.759173,1779967246.757368,10892,,BS2DCE,,f,0,7,1766,1766,90,1,O,0,0,0,0,2,,,,,,0,0,,,,,0
96.856107,1779967246.854302,10893,,BS2DCE,,f,0,0,2116,2116,100,1,O,0,0,0,0,2,,,,,,0,0,,,,,0
96.856107,1779967246.854302,10893,,BS2DCE,,f,0,1,2198,2198,100,1,O,0,0,0,0,2,,,,,,0,0,,,,,0
96.856107,1779967246.854302,10893,,BS2DCE,,f,0,2,1794,1794,100,1,O,0,0,0,0,2,,,,,,0,0,,,,,0
96.856107,1779967246.854302,10893,,BS2DCE,,f,0,3,1769,1769,100,1,O,0,0,0,0,2,,,,,,0,0,,,,,0
96.856107,1779967246.854302,10893,,BS2DCE,,f,0,4,2256,2256,100,1,O,0,0,0,0,2,,,,,,0,0,,,,,0
96.856107,1779967246.854302,10893,,BS2DCE,,f,0,5,2324,2324,100,1,O,0,0,0,0,2,,,,,,0,0,,,,,0
96.856107,1779967246.854302,10893,,BS2DCE,,f,0,6,2207,2207,100,1,O,0,0,0,0,2,,,,,,0,0,,,,,0
96.856107,1779967246.854302,10893,,BS2DCE,,f,0,7,1983,1983,90,1,O,0,0,0,0,2,,,,,,0,0,,,,,0
96.976057,1779967246.974252,10894,,BS2DCE,,f,0,0,2181,2181,100,1,O,0,0,0,0,2,,,,,,0,0,,,,,0
96.976057,1779967246.974252,10894,,BS2DCE,,f,0,1,2208,2208,100,1,O,0,0,0,0,2,,,,,,0,0,,,,,0
96.976057,1779967246.974252,10894,,BS2DCE,,f,0,2,1706,1706,100,1,O,0,0,0,0,2,,,,,,0,0,,,,,0
96.976057,1779967246.974252,10894,,BS2DCE,,f,0,3,1775,1775,100,1,O,0,0,0,0,2,,,,,,0,0,,,,,0
96.976057,1779967246.974252,10894,,BS2DCE,,f,0,4,2263,2263,100,1,O,0,0,0,0,2,,,,,,0,0,,,,,0
96.976057,1779967246.974252,10894,,BS2DCE,,f,0,5,2366,2366,100,1,O,0,0,0,0,2,,,,,,0,0,,,,,0
96.976057,1779967246.974252,10894,,BS2DCE,,f,0,6,2094,2094,100,1,O,0,0,0,0,2,,,,,,0,0,,,,,0
96.976057,1779967246.974252,10894,,BS2DCE,,f,0,7,1819,1819,94,1,O,0,0,0,0,2,,,,,,0,0,,,,,0
97.051286,1779967247.049481,10895,,BS2DCE,,f,0,0,2153,2153,100,1,O,0,0,0,0,2,,,,,,0,0,,,,,0
97.051286,1779967247.049481,10895,,BS2DCE,,f,0,1,2128,2128,100,1,O,0,0,0,0,2,,,,,,0,0,,,,,0
97.051286,1779967247.049481,10895,,BS2DCE,,f,0,2,1754,1754,100,1,O,0,0,0,0,2,,,,,,0,0,,,,,0
97.051286,1779967247.049481,10895,,BS2DCE,,f,0,3,1858,1858,100,1,O,0,0,0,0,2,,,,,,0,0,,,,,0
97.051286,1779967247.049481,10895,,BS2DCE,,f,0,4,2309,2309,100,1,O,0,0,0,0,2,,,,,,0,0,,,,,0
97.051286,1779967247.049481,10895,,BS2DCE,,f,0,5,2175,2175,100,1,O,0,0,0,0,2,,,,,,0,0,,,,,0
97.051286,1779967247.049481,10895,,BS2DCE,,f,0,6,2054,2054,100,1,O,0,0,0,0,2,,,,,,0,0,,,,,0
97.051286,1779967247.049481,10895,,BS2DCE,,f,0,7,1863,1863,94,1,O,0,0,0,0,2,,,,,,0,0,,,,,0
97.222534,1779967247.220729,10896,,BS2DCE,,f,0,0,2260,2260,100,1,O,0,0,0,0,2,,,,,,0,0,,,,,0
97.222534,1779967247.220729,10896,,BS2DCE,,f,0,1,2144,2144,100,1,O,0,0,0,0,2,,,,,,0,0,,,,,0
97.222534,1779967247.220729,10896,,BS2DCE,,f,0,2,1692,1692,100,1,O,0,0,0,0,2,,,,,,0,0,,,,,0
97.222534,1779967247.220729,10896,,BS2DCE,,f,0,3,1903,1903,100,1,O,0,0,0,0,2,,,,,,0,0,,,,,0
97.222534,1779967247.220729,10896,,BS2DCE,,f,0,4,2314,2314,100,1,O,0,0,0,0,2,,,,,,0,0,,,,,0
97.222534,1779967247.220729,10896,,BS2DCE,,f,0,5,2336,2336,100,1,O,0,0,0,0,2,,,,,,0,0,,,,,0
97.222534,1779967247.220729,10896,,BS2DCE,,f,0,6,1970,1970,100,1,O,0,0,0,0,2,,,,,,0,0,,,,,0
97.222534,1779967247.220729,10896,,BS2DCE,,f,0,7,1843,1843,94,1,O,0,0,0,0,2,,,,,,0,0,,,,,0
97.254222,1779967247.252417,10897,,BS2DCE,,f,0,0,2271,2271,100,1,O,0,0,0,0,2,,,,,,0,0,,,,,0
97.254222,1779967247.252417,10897,,BS2DCE,,f,0,1,0,2144,95,0,T,0,0,0,0,2,,,,,,0,0,,,,,0
97.254222,1779967247.252417,10897,,BS2DCE,,f,0,2,1601,1601,100,1,O,0,0,0,0,2,,,,,,0,0,,,,,0
97.254222,1779967247.252417,10897,,BS2DCE,,f,0,3,1784,1784,100,1,O,0,0,0,0,2,,,,,,0,0,,,,,0
97.254222,1779967247.252417,10897,,BS2DCE,,f,0,4,2322,2322,100,1,O,0,0,0,0,2,,,,,,0,0,,,,,0
97.254222,1779967247.252417,10897,,BS2DCE,,f,0,5,2304,2304,100,1,O,0,0,0,0,2,,,,,,0,0,,,,,0
97.254222,1779967247.252417,10897,,BS2DCE,,f,0,6,1892,1892,100,1,O,0,0,0,0,2,,,,,,0,0,,,,,0
97.254222,1779967247.252417,10897,,BS2DCE,,f,0,7,1931,1931,95,1,O,0,0,0,0,2,,,,,,0,0,,,,,0
97.428452,1779967247.426647,10898,,BS2DCE,,f,0,0,2326,2326,100,1,O,0,0,0,0,2,,,,,,0,0,,,,,0
97.428452,1779967247.426647,10898,,BS2DCE,,f,0,1,2096,2096,95,1,O,0,0,0,0,2,,,,,,0,0,,,,,0
97.428452,1779967247.426647,10898,,BS2DCE,,f,0,2,1613,1613,100,1,O,0,0,0,0,2,,,,,,0,0,,,,,0
97.428452,1779967247.426647,10898,,BS2DCE,,f,0,3,1810,1810,100,1,O,0,0,0,0,2,,,,,,0,0,,,,,0
97.428452,1779967247.426647,10898,,BS2DCE,,f,0,4,2344,2344,100,1,O,0,0,0,0,2,,,,,,0,0,,,,,0
97.428452,1779967247.426647,10898,,BS2DCE,,f,0,5,2272,2272,100,1,O,0,0,0,0,2,,,,,,0,0,,,,,0
97.428452,1779967247.426647,10898,,BS2DCE,,f,0,6,1809,1809,100,1,O,0,0,0,0,2,,,,,,0,0,,,,,0
97.428452,1779967247.426647,10898,,BS2DCE,,f,0,7,1981,1981,95,1,O,0,0,0,0,2,,,,,,0,0,,,,,0
97.456019,1779967247.454214,10899,,BS2DCE,,f,0,0,2275,2275,100,1,O,0,0,0,0,2,,,,,,0,0,,,,,0
97.456019,1779967247.454214,10899,,BS2DCE,,f,0,1,2099,2099,95,1,O,0,0,0,0,2,,,,,,0,0,,,,,0
97.456019,1779967247.454214,10899,,BS2DCE,,f,0,2,1592,1592,100,1,O,0,0,0,0,2,,,,,,0,0,,,,,0
97.456019,1779967247.454214,10899,,BS2DCE,,f,0,3,1905,1905,100,1,O,0,0,0,0,2,,,,,,0,0,,,,,0
97.456019,1779967247.454214,10899,,BS2DCE,,f,0,4,2428,2428,100,1,O,0,0,0,0,2,,,,,,0,0,,,,,0
97.456019,1779967247.454214,10899,,BS2DCE,,f,0,5,2229,2229,100,1,O,0,0,0,0,2,,,,,,0,0,,,,,0
97.456019,1779967247.454214,10899,,BS2DCE,,f,0,6,1795,1795,100,1,O,0,0,0,0,2,,,,,,0,0,,,,,0
97.456019,1779967247.454214,10899,,BS2DCE,,f,0,7,2001,2001,95,1,O,0,0,0,0,2,,,,,,0,0,,,,,0
97.57608,1779967247.574275,10900,,BS2DCE,,f,0,0,2355,2355,100,1,O,0,0,0,0,2,,,,,,0,0,,,,,0
97.57608,1779967247.574275,10900,,BS2DCE,,f,0,1,2095,2095,95,1,O,0,0,0,0,2,,,,,,0,0,,,,,0
97.57608,1779967247.574275,10900,,BS2DCE,,f,0,2,1565,1565,100,1,O,0,0,0,0,2,,,,,,0,0,,,,,0
97.57608,1779967247.574275,10900,,BS2DCE,,f,0,3,1845,1845,100,1,O,0,0,0,0,2,,,,,,0,0,,,,,0
97.57608,1779967247.574275,10900,,BS2DCE,,f,0,4,2473,2473,100,1,O,0,0,0,0,2,,,,,,0,0,,,,,0
97.57608,1779967247.574275,10900,,BS2DCE,,f,0,5,2224,2224,100,1,O,0,0,0,0,2,,,,,,0,0,,,,,0
97.57608,1779967247.574275,10900,,BS2DCE,,f,0,6,1858,1858,100,1,O,0,0,0,0,2,,,,,,0,0,,,,,0
97.57608,1779967247.574275,10900,,BS2DCE,,f,0,7,1947,1947,95,1,O,0,0,0,0,2,,,,,,0,0,,,,,0
97.651138,1779967247.649333,10901,,BS2DCE,,f,0,0,2362,2362,100,1,O,0,0,0,0,2,,,,,,0,0,,,,,0
97.651138,1779967247.649333,10901,,BS2DCE,,f,0,1,2074,2074,95,1,O,0,0,0,0,2,,,,,,0,0,,,,,0
97.651138,1779967247.649333,10901,,BS2DCE,,f,0,2,1562,1562,100,1,O,0,0,0,0,2,,,,,,0,0,,,,,0
97.651138,1779967247.649333,10901,,BS2DCE,,f,0,3,1936,1936,100,1,O,0,0,0,0,2,,,,,,0,0,,,,,0
97.651138,1779967247.649333,10901,,BS2DCE,,f,0,4,2464,2464,100,1,O,0,0,0,0,2,,,,,,0,0,,,,,0
97.651138,1779967247.649333,10901,,BS2DCE,,f,0,5,2235,2235,100,1,O,0,0,0,0,2,,,,,,0,0,,,,,0
97.651138,1779967247.649333,10901,,BS2DCE,,f,0,6,1794,1794,100,1,O,0,0,0,0,2,,,,,,0,0,,,,,0
97.651138,1779967247.649333,10901,,BS2DCE,,f,0,7,1957,1957,95,1,O,0,0,0,0,2,,,,,,0,0,,,,,0
97.776906,1779967247.775101,10902,,BS2DCE,,f,0,0,2392,2392,100,1,O,0,0,0,0,2,,,,,,0,0,,,,,0
97.776906,1779967247.775101,10902,,BS2DCE,,f,0,1,2084,2084,96,1,O,0,0,0,0,2,,,,,,0,0,,,,,0
97.776906,1779967247.775101,10902,,BS2DCE,,f,0,2,1477,1477,100,1,O,0,0,0,0,2,,,,,,0,0,,,,,0
97.776906,1779967247.775101,10902,,BS2DCE,,f,0,3,2007,2007,100,1,O,0,0,0,0,2,,,,,,0,0,,,,,0
97.776906,1779967247.775101,10902,,BS2DCE,,f,0,4,2510,2510,100,1,O,0,0,0,0,2,,,,,,0,0,,,,,0
97.776906,1779967247.775101,10902,,BS2DCE,,f,0,5,2275,2275,100,1,O,0,0,0,0,2,,,,,,0,0,,,,,0
97.776906,1779967247.775101,10902,,BS2DCE,,f,0,6,1768,1768,100,1,O,0,0,0,0,2,,,,,,0,0,,,,,0
97.776906,1779967247.775101,10902,,BS2DCE,,f,0,7,1996,1996,96,1,O,0,0,0,0,2,,,,,,0,0,,,,,0
97.853661,1779967247.851856,10903,,BS2DCE,,f,0,0,2306,2306,100,1,O,0,0,0,0,2,,,,,,0,0,,,,,0
97.853661,1779967247.851856,10903,,BS2DCE,,f,0,1,2085,2085,96,1,O,0,0,0,0,2,,,,,,0,0,,,,,0
97.853661,1779967247.851856,10903,,BS2DCE,,f,0,2,1481,1481,100,1,O,0,0,0,0,2,,,,,,0,0,,,,,0
97.853661,1779967247.851856,10903,,BS2DCE,,f,0,3,1994,1994,100,1,O,0,0,0,0,2,,,,,,0,0,,,,,0
97.853661,1779967247.851856,10903,,BS2DCE,,f,0,4,2501,2501,100,1,O,0,0,0,0,2,,,,,,0,0,,,,,0
97.853661,1779967247.851856,10903,,BS2DCE,,f,0,5,2217,2217,100,1,O,0,0,0,0,2,,,,,,0,0,,,,,0
97.853661,1779967247.851856,10903,,BS2DCE,,f,0,6,1734,1734,100,1,O,0,0,0,0,2,,,,,,0,0,,,,,0
97.853661,1779967247.851856,10903,,BS2DCE,,f,0,7,2068,2068,96,1,O,0,0,0,0,2,,,,,,0,0,,,,,0
97.958659,1779967247.956854,10904,,BS2DCE,,f,0,0,2407,2407,100,1,O,0,0,0,0,2,,,,,,0,0,,,,,0
97.958659,1779967247.956854,10904,,BS2DCE,,f,0,1,1980,1980,96,1,O,0,0,0,0,2,,,,,,0,0,,,,,0
97.958659,1779967247.956854,10904,,BS2DCE,,f,0,2,1466,1466,100,1,O,0,0,0,0,2,,,,,,0,0,,,,,0
97.958659,1779967247.956854,10904,,BS2DCE,,f,0,3,1973,1973,100,1,O,0,0,0,0,2,,,,,,0,0,,,,,0
97.958659,1779967247.956854,10904,,BS2DCE,,f,0,4,2513,2513,100,1,O,0,0,0,0,2,,,,,,0,0,,,,,0
97.958659,1779967247.956854,10904,,BS2DCE,,f,0,5,2068,2068,100,1,O,0,0,0,0,2,,,,,,0,0,,,,,0
97.958659,1779967247.956854,10904,,BS2DCE,,f,0,6,1724,1724,100,1,O,0,0,0,0,2,,,,,,0,0,,,,,0
97.958659,1779967247.956854,10904,,BS2DCE,,f,0,7,2059,2059,96,1,O,0,0,0,0,2,,,,,,0,0,,,,,0
98.056235,1779967248.05443,10905,,BS2DCE,,f,0,0,2432,2432,100,1,O,0,0,0,0,2,,,,,,0,0,,,,,0
98.056235,1779967248.05443,10905,,BS2DCE,,f,0,1,2053,2053,96,1,O,0,0,0,0,2,,,,,,0,0,,,,,0
98.056235,1779967248.05443,10905,,BS2DCE,,f,0,2,1453,1453,100,1,O,0,0,0,0,2,,,,,,0,0,,,,,0
98.056235,1779967248.05443,10905,,BS2DCE,,f,0,3,2077,2077,100,1,O,0,0,0,0,2,,,,,,0,0,,,,,0
98.056235,1779967248.05443,10905,,BS2DCE,,f,0,4,2563,2563,100,1,O,0,0,0,0,2,,,,,,0,0,,,,,0
98.056235,1779967248.05443,10905,,BS2DCE,,f,0,5,2154,2154,100,1,O,0,0,0,0,2,,,,,,0,0,,,,,0
98.056235,1779967248.05443,10905,,BS2DCE,,f,0,6,1703,1703,100,1,O,0,0,0,0,2,,,,,,0,0,,,,,0
98.056235,1779967248.05443,10905,,BS2DCE,,f,0,7,2253,2253,96,1,O,0,0,0,0,2,,,,,,0,0,,,,,0
98.161041,1779967248.159236,10906,,BS2DCE,,f,0,0,2458,2458,100,1,O,0,0,0,0,2,,,,,,0,0,,,,,0
98.161041,1779967248.159236,10906,,BS2DCE,,f,0,1,2062,2062,96,1,O,0,0,0,0,2,,,,,,0,0,,,,,0
98.161041,1779967248.159236,10906,,BS2DCE,,f,0,2,1473,1473,100,1,O,0,0,0,0,2,,,,,,0,0,,,,,0
98.161041,1779967248.159236,10906,,BS2DCE,,f,0,3,2111,2111,100,1,O,0,0,0,0,2,,,,,,0,0,,,,,0
98.161041,1779967248.159236,10906,,BS2DCE,,f,0,4,2558,2558,100,1,O,0,0,0,0,2,,,,,,0,0,,,,,0
98.161041,1779967248.159236,10906,,BS2DCE,,f,0,5,2131,2131,100,1,O,0,0,0,0,2,,,,,,0,0,,,,,0
98.161041,1779967248.159236,10906,,BS2DCE,,f,0,6,1650,1650,100,1,O,0,0,0,0,2,,,,,,0,0,,,,,0
98.161041,1779967248.159236,10906,,BS2DCE,,f,0,7,2144,2144,96,1,O,0,0,0,0,2,,,,,,0,0,,,,,0
98.318167,1779967248.316362,10907,,BS2DCE,,f,0,0,2570,2570,100,1,O,0,0,0,0,2,,,,,,0,0,,,,,0
98.318167,1779967248.316362,10907,,BS2DCE,,f,0,1,2091,2091,96,1,O,0,0,0,0,2,,,,,,0,0,,,,,0
98.318167,1779967248.316362,10907,,BS2DCE,,f,0,2,0,1473,96,0,T,0,0,0,0,2,,,,,,0,0,,,,,0
98.318167,1779967248.316362,10907,,BS2DCE,,f,0,3,2143,2143,100,1,O,0,0,0,0,2,,,,,,0,0,,,,,0
98.318167,1779967248.316362,10907,,BS2DCE,,f,0,4,2632,2632,100,1,O,0,0,0,0,2,,,,,,0,0,,,,,0
98.318167,1779967248.316362,10907,,BS2DCE,,f,0,5,2115,2115,100,1,O,0,0,0,0,2,,,,,,0,0,,,,,0
98.318167,1779967248.316362,10907,,BS2DCE,,f,0,6,1648,1648,100,1,O,0,0,0,0,2,,,,,,0,0,,,,,0
98.318167,1779967248.316362,10907,,BS2DCE,,f,0,7,2111,2111,96,1,O,0,0,0,0,2,,,,,,0,0,,,,,0
98.418322,1779967248.416517,10908,,BS2DCE,,f,0,0,2566,2566,100,1,O,0,0,0,0,2,,,,,,0,0,,,,,0
98.418322,1779967248.416517,10908,,BS2DCE,,f,0,1,2028,2028,96,1,O,0,0,0,0,2,,,,,,0,0,,,,,0
98.418322,1779967248.416517,10908,,BS2DCE,,f,0,2,1544,1544,96,1,O,0,0,0,0,2,,,,,,0,0,,,,,0
98.418322,1779967248.416517,10908,,BS2DCE,,f,0,3,2170,2170,100,1,O,0,0,0,0,2,,,,,,0,0,,,,,0
98.418322,1779967248.416517,10908,,BS2DCE,,f,0,4,2578,2578,100,1,O,0,0,0,0,2,,,,,,0,0,,,,,0
98.418322,1779967248.416517,10908,,BS2DCE,,f,0,5,1986,1986,100,1,O,0,0,0,0,2,,,,,,0,0,,,,,0
98.418322,1779967248.416517,10908,,BS2DCE,,f,0,6,1600,1600,100,1,O,0,0,0,0,2,,,,,,0,0,,,,,0
98.418322,1779967248.416517,10908,,BS2DCE,,f,0,7,2197,2197,96,1,O,0,0,0,0,2,,,,,,0,0,,,,,0
98.453542,1779967248.451737,10909,,BS2DCE,,f,0,0,2586,2586,100,1,O,0,0,0,0,2,,,,,,0,0,,,,,0
98.453542,1779967248.451737,10909,,BS2DCE,,f,0,1,2425,2425,96,1,O,0,0,0,0,2,,,,,,0,0,,,,,0
98.453542,1779967248.451737,10909,,BS2DCE,,f,0,2,1650,1650,96,1,O,0,0,0,0,2,,,,,,0,0,,,,,0
98.453542,1779967248.451737,10909,,BS2DCE,,f,0,3,2212,2212,100,1,O,0,0,0,0,2,,,,,,0,0,,,,,0
98.453542,1779967248.451737,10909,,BS2DCE,,f,0,4,2723,2723,100,1,O,0,0,0,0,2,,,,,,0,0,,,,,0
98.453542,1779967248.451737,10909,,BS2DCE,,f,0,5,1894,1894,100,1,O,0,0,0,0,2,,,,,,0,0,,,,,0
98.453542,1779967248.451737,10909,,BS2DCE,,f,0,6,1623,1623,100,1,O,0,0,0,0,2,,,,,,0,0,,,,,0
98.453542,1779967248.451737,10909,,BS2DCE,,f,0,7,2244,2244,96,1,O,0,0,0,0,2,,,,,,0,0,,,,,0
98.573551,1779967248.571746,10910,,BS2DCE,,f,0,0,2615,2615,100,1,O,0,0,0,0,2,,,,,,0,0,,,,,0
98.573551,1779967248.571746,10910,,BS2DCE,,f,0,1,2245,2245,100,1,O,0,0,0,0,2,,,,,,0,0,,,,,0
98.573551,1779967248.571746,10910,,BS2DCE,,f,0,2,1620,1620,100,1,O,0,0,0,0,2,,,,,,0,0,,,,,0
98.573551,1779967248.571746,10910,,BS2DCE,,f,0,3,2237,2237,100,1,O,0,0,0,0,2,,,,,,0,0,,,,,0
98.573551,1779967248.571746,10910,,BS2DCE,,f,0,4,2655,2655,100,1,O,0,0,0,0,2,,,,,,0,0,,,,,0
98.573551,1779967248.571746,10910,,BS2DCE,,f,0,5,2004,2004,100,1,O,0,0,0,0,2,,,,,,0,0,,,,,0
98.573551,1779967248.571746,10910,,BS2DCE,,f,0,6,1627,1627,100,1,O,0,0,0,0,2,,,,,,0,0,,,,,0
98.573551,1779967248.571746,10910,,BS2DCE,,f,0,7,2216,2216,100,1,O,0,0,0,0,2,,,,,,0,0,,,,,0
98.656021,1779967248.654216,10911,,BS2DCE,,f,0,0,2677,2677,100,1,O,0,0,0,0,2,,,,,,0,0,,,,,0
98.656021,1779967248.654216,10911,,BS2DCE,,f,0,1,1971,1971,100,1,O,0,0,0,0,2,,,,,,0,0,,,,,0
98.656021,1779967248.654216,10911,,BS2DCE,,f,0,2,1568,1568,100,1,O,0,0,0,0,2,,,,,,0,0,,,,,0
98.656021,1779967248.654216,10911,,BS2DCE,,f,0,3,2217,2217,100,1,O,0,0,0,0,2,,,,,,0,0,,,,,0
98.656021,1779967248.654216,10911,,BS2DCE,,f,0,4,2604,2604,100,1,O,0,0,0,0,2,,,,,,0,0,,,,,0
98.656021,1779967248.654216,10911,,BS2DCE,,f,0,5,1762,1762,100,1,O,0,0,0,0,2,,,,,,0,0,,,,,0
98.656021,1779967248.654216,10911,,BS2DCE,,f,0,6,1614,1614,100,1,O,0,0,0,0,2,,,,,,0,0,,,,,0
98.656021,1779967248.654216,10911,,BS2DCE,,f,0,7,2368,2368,100,1,O,0,0,0,0,2,,,,,,0,0,,,,,0
98.761264,1779967248.759459,10912,,BS2DCE,,f,0,0,2814,2814,100,1,O,0,0,0,0,2,,,,,,0,0,,,,,0
98.761264,1779967248.759459,10912,,BS2DCE,,f,0,1,2009,2009,100,1,O,0,0,0,0,2,,,,,,0,0,,,,,0
98.761264,1779967248.759459,10912,,BS2DCE,,f,0,2,1585,1585,100,1,O,0,0,0,0,2,,,,,,0,0,,,,,0
98.761264,1779967248.759459,10912,,BS2DCE,,f,0,3,2250,2250,100,1,O,0,0,0,0,2,,,,,,0,0,,,,,0
98.761264,1779967248.759459,10912,,BS2DCE,,f,0,4,2485,2485,100,1,O,0,0,0,0,2,,,,,,0,0,,,,,0
98.761264,1779967248.759459,10912,,BS2DCE,,f,0,5,1839,1839,100,1,O,0,0,0,0,2,,,,,,0,0,,,,,0
98.761264,1779967248.759459,10912,,BS2DCE,,f,0,6,1566,1566,100,1,O,0,0,0,0,2,,,,,,0,0,,,,,0
98.761264,1779967248.759459,10912,,BS2DCE,,f,0,7,2282,2282,100,1,O,0,0,0,0,2,,,,,,0,0,,,,,0
98.85094,1779967248.849135,10913,,BS2DCE,,f,0,0,2944,2944,100,1,O,0,0,0,0,2,,,,,,0,0,,,,,0
98.85094,1779967248.849135,10913,,BS2DCE,,f,0,1,1870,1870,100,1,O,0,0,0,0,2,,,,,,0,0,,,,,0
98.85094,1779967248.849135,10913,,BS2DCE,,f,0,2,1581,1581,100,1,O,0,0,0,0,2,,,,,,0,0,,,,,0
98.85094,1779967248.849135,10913,,BS2DCE,,f,0,3,2365,2365,100,1,O,0,0,0,0,2,,,,,,0,0,,,,,0
98.85094,1779967248.849135,10913,,BS2DCE,,f,0,4,2435,2435,100,1,O,0,0,0,0,2,,,,,,0,0,,,,,0
98.85094,1779967248.849135,10913,,BS2DCE,,f,0,5,1845,1845,100,1,O,0,0,0,0,2,,,,,,0,0,,,,,0
98.85094,1779967248.849135,10913,,BS2DCE,,f,0,6,1569,1569,100,1,O,0,0,0,0,2,,,,,,0,0,,,,,0
98.85094,1779967248.849135,10913,,BS2DCE,,f,0,7,2278,2278,100,1,O,0,0,0,0,2,,,,,,0,0,,,,,0
99.001249,1779967248.999444,10914,,BS2DCE,,f,0,0,2867,2867,100,1,O,0,0,0,0,2,,,,,,0,0,,,,,0
99.001249,1779967248.999444,10914,,BS2DCE,,f,0,1,1890,1890,100,1,O,0,0,0,0,2,,,,,,0,0,,,,,0
99.001249,1779967248.999444,10914,,BS2DCE,,f,0,2,1610,1610,100,1,O,0,0,0,0,2,,,,,,0,0,,,,,0
99.001249,1779967248.999444,10914,,BS2DCE,,f,0,3,2319,2319,100,1,O,0,0,0,0,2,,,,,,0,0,,,,,0
99.001249,1779967248.999444,10914,,BS2DCE,,f,0,4,2377,2377,100,1,O,0,0,0,0,2,,,,,,0,0,,,,,0
99.001249,1779967248.999444,10914,,BS2DCE,,f,0,5,1607,1607,100,1,O,0,0,0,0,2,,,,,,0,0,,,,,0
99.001249,1779967248.999444,10914,,BS2DCE,,f,0,6,1625,1625,100,1,O,0,0,0,0,2,,,,,,0,0,,,,,0
99.001249,1779967248.999444,10914,,BS2DCE,,f,0,7,2255,2255,100,1,O,0,0,0,0,2,,,,,,0,0,,,,,0
99.053665,1779967249.05186,10915,,BS2DCE,,f,0,0,2723,2723,100,1,O,0,0,0,0,2,,,,,,0,0,,,,,0
99.053665,1779967249.05186,10915,,BS2DCE,,f,0,1,1778,1778,100,1,O,0,0,0,0,2,,,,,,0,0,,,,,0
99.053665,1779967249.05186,10915,,BS2DCE,,f,0,2,1675,1675,100,1,O,0,0,0,0,2,,,,,,0,0,,,,,0
99.053665,1779967249.05186,10915,,BS2DCE,,f,0,3,2358,2358,100,1,O,0,0,0,0,2,,,,,,0,0,,,,,0
99.053665,1779967249.05186,10915,,BS2DCE,,f,0,4,2401,2401,100,1,O,0,0,0,0,2,,,,,,0,0,,,,,0
99.053665,1779967249.05186,10915,,BS2DCE,,f,0,5,1669,1669,100,1,O,0,0,0,0,2,,,,,,0,0,,,,,0
99.053665,1779967249.05186,10915,,BS2DCE,,f,0,6,1632,1632,100,1,O,0,0,0,0,2,,,,,,0,0,,,,,0
99.053665,1779967249.05186,10915,,BS2DCE,,f,0,7,2302,2302,100,1,O,0,0,0,0,2,,,,,,0,0,,,,,0
99.158525,1779967249.15672,10916,,BS2DCE,,f,0,0,2677,2677,100,1,O,0,0,0,0,2,,,,,,0,0,,,,,0
99.158525,1779967249.15672,10916,,BS2DCE,,f,0,1,1779,1779,100,1,O,0,0,0,0,2,,,,,,0,0,,,,,0
99.158525,1779967249.15672,10916,,BS2DCE,,f,0,2,1734,1734,100,1,O,0,0,0,0,2,,,,,,0,0,,,,,0
99.158525,1779967249.15672,10916,,BS2DCE,,f,0,3,2445,2445,100,1,O,0,0,0,0,2,,,,,,0,0,,,,,0
99.158525,1779967249.15672,10916,,BS2DCE,,f,0,4,2348,2348,100,1,O,0,0,0,0,2,,,,,,0,0,,,,,0
99.158525,1779967249.15672,10916,,BS2DCE,,f,0,5,1582,1582,100,1,O,0,0,0,0,2,,,,,,0,0,,,,,0
99.158525,1779967249.15672,10916,,BS2DCE,,f,0,6,1670,1670,100,1,O,0,0,0,0,2,,,,,,0,0,,,,,0
99.158525,1779967249.15672,10916,,BS2DCE,,f,0,7,2351,2351,100,1,O,0,0,0,0,2,,,,,,0,0,,,,,0
99.257186,1779967249.255381,10917,,BS2DCE,,f,0,0,2652,2652,100,1,O,0,0,0,0,2,,,,,,0,0,,,,,0
99.257186,1779967249.255381,10917,,BS2DCE,,f,0,1,1805,1805,100,1,O,0,0,0,0,2,,,,,,0,0,,,,,0
99.257186,1779967249.255381,10917,,BS2DCE,,f,0,2,1782,1782,100,1,O,0,0,0,0,2,,,,,,0,0,,,,,0
99.257186,1779967249.255381,10917,,BS2DCE,,f,0,3,2508,2508,100,1,O,0,0,0,0,2,,,,,,0,0,,,,,0
99.257186,1779967249.255381,10917,,BS2DCE,,f,0,4,2340,2340,100,1,O,0,0,0,0,2,,,,,,0,0,,,,,0
99.257186,1779967249.255381,10917,,BS2DCE,,f,0,5,1605,1605,100,1,O,0,0,0,0,2,,,,,,0,0,,,,,0
99.257186,1779967249.255381,10917,,BS2DCE,,f,0,6,1829,1829,100,1,O,0,0,0,0,2,,,,,,0,0,,,,,0
99.257186,1779967249.255381,10917,,BS2DCE,,f,0,7,2648,2648,100,1,O,0,0,0,0,2,,,,,,0,0,,,,,0
99.452839,1779967249.451034,10918,,BS2DCE,,f,0,0,2624,2624,100,1,O,0,0,0,0,2,,,,,,0,0,,,,,0
99.452839,1779967249.451034,10918,,BS2DCE,,f,0,1,1855,1855,100,1,O,0,0,0,0,2,,,,,,0,0,,,,,0
99.452839,1779967249.451034,10918,,BS2DCE,,f,0,2,1786,1786,100,1,O,0,0,0,0,2,,,,,,0,0,,,,,0
99.452839,1779967249.451034,10918,,BS2DCE,,f,0,3,2465,2465,100,1,O,0,0,0,0,2,,,,,,0,0,,,,,0
99.452839,1779967249.451034,10918,,BS2DCE,,f,0,4,2262,2262,100,1,O,0,0,0,0,2,,,,,,0,0,,,,,0
99.452839,1779967249.451034,10918,,BS2DCE,,f,0,5,1615,1615,100,1,O,0,0,0,0,2,,,,,,0,0,,,,,0
99.452839,1779967249.451034,10918,,BS2DCE,,f,0,6,1874,1874,100,1,O,0,0,0,0,2,,,,,,0,0,,,,,0
99.452839,1779967249.451034,10918,,BS2DCE,,f,0,7,2428,2428,100,1,O,0,0,0,0,2,,,,,,0,0,,,,,0
99.465061,1779967249.463256,10919,,BS2DCE,,f,0,0,2506,2506,100,1,O,0,0,0,0,2,,,,,,0,0,,,,,0
99.465061,1779967249.463256,10919,,BS2DCE,,f,0,1,1856,1856,100,1,O,0,0,0,0,2,,,,,,0,0,,,,,0
99.465061,1779967249.463256,10919,,BS2DCE,,f,0,2,1828,1828,100,1,O,0,0,0,0,2,,,,,,0,0,,,,,0
99.465061,1779967249.463256,10919,,BS2DCE,,f,0,3,2539,2539,100,1,O,0,0,0,0,2,,,,,,0,0,,,,,0
99.465061,1779967249.463256,10919,,BS2DCE,,f,0,4,2197,2197,100,1,O,0,0,0,0,2,,,,,,0,0,,,,,0
99.465061,1779967249.463256,10919,,BS2DCE,,f,0,5,1640,1640,100,1,O,0,0,0,0,2,,,,,,0,0,,,,,0
99.465061,1779967249.463256,10919,,BS2DCE,,f,0,6,1750,1750,100,1,O,0,0,0,0,2,,,,,,0,0,,,,,0
99.465061,1779967249.463256,10919,,BS2DCE,,f,0,7,0,2428,96,0,T,0,0,0,0,2,,,,,,0,0,,,,,0
99.570905,1779967249.5691,10920,,BS2DCE,,f,0,0,2519,2519,100,1,O,0,0,0,0,2,,,,,,0,0,,,,,0
99.570905,1779967249.5691,10920,,BS2DCE,,f,0,1,1944,1944,100,1,O,0,0,0,0,2,,,,,,0,0,,,,,0
99.570905,1779967249.5691,10920,,BS2DCE,,f,0,2,1967,1967,100,1,O,0,0,0,0,2,,,,,,0,0,,,,,0
99.570905,1779967249.5691,10920,,BS2DCE,,f,0,3,2630,2630,100,1,O,0,0,0,0,2,,,,,,0,0,,,,,0
99.570905,1779967249.5691,10920,,BS2DCE,,f,0,4,2166,2166,100,1,O,0,0,0,0,2,,,,,,0,0,,,,,0
99.570905,1779967249.5691,10920,,BS2DCE,,f,0,5,1672,1672,100,1,O,0,0,0,0,2,,,,,,0,0,,,,,0
99.570905,1779967249.5691,10920,,BS2DCE,,f,0,6,1837,1837,100,1,O,0,0,0,0,2,,,,,,0,0,,,,,0
99.570905,1779967249.5691,10920,,BS2DCE,,f,0,7,2328,2328,96,1,O,0,0,0,0,2,,,,,,0,0,,,,,0
99.653543,1779967249.651738,10921,,BS2DCE,,f,0,0,2440,2440,100,1,O,0,0,0,0,2,,,,,,0,0,,,,,0
99.653543,1779967249.651738,10921,,BS2DCE,,f,0,1,2039,2039,100,1,O,0,0,0,0,2,,,,,,0,0,,,,,0
99.653543,1779967249.651738,10921,,BS2DCE,,f,0,2,1950,1950,100,1,O,0,0,0,0,2,,,,,,0,0,,,,,0
99.653543,1779967249.651738,10921,,BS2DCE,,f,0,3,2649,2649,100,1,O,0,0,0,0,2,,,,,,0,0,,,,,0
99.653543,1779967249.651738,10921,,BS2DCE,,f,0,4,2124,2124,100,1,O,0,0,0,0,2,,,,,,0,0,,,,,0
99.653543,1779967249.651738,10921,,BS2DCE,,f,0,5,1819,1819,100,1,O,0,0,0,0,2,,,,,,0,0,,,,,0
99.653543,1779967249.651738,10921,,BS2DCE,,f,0,6,1800,1800,100,1,O,0,0,0,0,2,,,,,,0,0,,,,,0
99.653543,1779967249.651738,10921,,BS2DCE,,f,0,7,2294,2294,96,1,O,0,0,0,0,2,,,,,,0,0,,,,,0
99.758458,1779967249.756653,10922,,BS2DCE,,f,0,0,2415,2415,100,1,O,0,0,0,0,2,,,,,,0,0,,,,,0
99.758458,1779967249.756653,10922,,BS2DCE,,f,0,1,2000,2000,100,1,O,0,0,0,0,2,,,,,,0,0,,,,,0
99.758458,1779967249.756653,10922,,BS2DCE,,f,0,2,2064,2064,100,1,O,0,0,0,0,2,,,,,,0,0,,,,,0
99.758458,1779967249.756653,10922,,BS2DCE,,f,0,3,2887,2887,100,1,O,0,0,0,0,2,,,,,,0,0,,,,,0
99.758458,1779967249.756653,10922,,BS2DCE,,f,0,4,2061,2061,100,1,O,0,0,0,0,2,,,,,,0,0,,,,,0
99.758458,1779967249.756653,10922,,BS2DCE,,f,0,5,1706,1706,100,1,O,0,0,0,0,2,,,,,,0,0,,,,,0
99.758458,1779967249.756653,10922,,BS2DCE,,f,0,6,1828,1828,100,1,O,0,0,0,0,2,,,,,,0,0,,,,,0
99.758458,1779967249.756653,10922,,BS2DCE,,f,0,7,2331,2331,96,1,O,0,0,0,0,2,,,,,,0,0,,,,,0
99.856107,1779967249.854302,10923,,BS2DCE,,f,0,0,2316,2316,100,1,O,0,0,0,0,2,,,,,,0,0,,,,,0
99.856107,1779967249.854302,10923,,BS2DCE,,f,0,1,1971,1971,100,1,O,0,0,0,0,2,,,,,,0,0,,,,,0
99.856107,1779967249.854302,10923,,BS2DCE,,f,0,2,2074,2074,100,1,O,0,0,0,0,2,,,,,,0,0,,,,,0
99.856107,1779967249.854302,10923,,BS2DCE,,f,0,3,2580,2580,100,1,O,0,0,0,0,2,,,,,,0,0,,,,,0
99.856107,1779967249.854302,10923,,BS2DCE,,f,0,4,2021,2021,100,1,O,0,0,0,0,2,,,,,,0,0,,,,,0
99.856107,1779967249.854302,10923,,BS2DCE,,f,0,5,1546,1546,100,1,O,0,0,0,0,2,,,,,,0,0,,,,,0
99.856107,1779967249.854302,10923,,BS2DCE,,f,0,6,1866,1866,100,1,O,0,0,0,0,2,,,,,,0,0,,,,,0
99.856107,1779967249.854302,10923,,BS2DCE,,f,0,7,2394,2394,96,1,O,0,0,0,0,2,,,,,,0,0,,,,,0
99.960956,1779967249.959151,10924,,BS2DCE,,f,0,0,0,2316,96,0,T,0,0,0,0,2,,,,,,0,0,,,,,0
99.960956,1779967249.959151,10924,,BS2DCE,,f,0,1,1966,1966,100,1,O,0,0,0,0,2,,,,,,0,0,,,,,0
99.960956,1779967249.959151,10924,,BS2DCE,,f,0,2,2102,2102,100,1,O,0,0,0,0,2,,,,,,0,0,,,,,0
99.960956,1779967249.959151,10924,,BS2DCE,,f,0,3,2486,2486,100,1,O,0,0,0,0,2,,,,,,0,0,,,,,0
99.960956,1779967249.959151,10924,,BS2DCE,,f,0,4,1912,1912,100,1,O,0,0,0,0,2,,,,,,0,0,,,,,0
99.960956,1779967249.959151,10924,,BS2DCE,,f,0,5,1686,1686,100,1,O,0,0,0,0,2,,,,,,0,0,,,,,0
99.960956,1779967249.959151,10924,,BS2DCE,,f,0,6,1896,1896,100,1,O,0,0,0,0,2,,,,,,0,0,,,,,0
99.960956,1779967249.959151,10924,,BS2DCE,,f,0,7,2102,2102,96,1,O,0,0,0,0,2,,,,,,0,0,,,,,0
100.081052,1779967250.079247,10925,,BS2DCE,,f,0,0,2177,2177,96,1,O,0,0,0,0,2,,,,,,0,0,,,,,0
100.081052,1779967250.079247,10925,,BS2DCE,,f,0,1,2056,2056,100,1,O,0,0,0,0,2,,,,,,0,0,,,,,0
100.081052,1779967250.079247,10925,,BS2DCE,,f,0,2,2246,2246,100,1,O,0,0,0,0,2,,,,,,0,0,,,,,0
100.081052,1779967250.079247,10925,,BS2DCE,,f,0,3,2521,2521,100,1,O,0,0,0,0,2,,,,,,0,0,,,,,0
100.081052,1779967250.079247,10925,,BS2DCE,,f,0,4,1841,1841,100,1,O,0,0,0,0,2,,,,,,0,0,,,,,0
100.081052,1779967250.079247,10925,,BS2DCE,,f,0,5,1822,1822,100,1,O,0,0,0,0,2,,,,,,0,0,,,,,0
100.081052,1779967250.079247,10925,,BS2DCE,,f,0,6,2014,2014,100,1,O,0,0,0,0,2,,,,,,0,0,,,,,0
100.081052,1779967250.079247,10925,,BS2DCE,,f,0,7,2022,2022,96,1,O,0,0,0,0,2,,,,,,0,0,,,,,0
100.185005,1779967250.1832,10926,,BS2DCE,,f,0,0,2128,2128,100,1,O,0,0,0,0,2,,,,,,0,0,,,,,0
100.185005,1779967250.1832,10926,,BS2DCE,,f,0,1,2108,2108,100,1,O,0,0,0,0,2,,,,,,0,0,,,,,0
100.185005,1779967250.1832,10926,,BS2DCE,,f,0,2,2258,2258,100,1,O,0,0,0,0,2,,,,,,0,0,,,,,0
100.185005,1779967250.1832,10926,,BS2DCE,,f,0,3,2426,2426,100,1,O,0,0,0,0,2,,,,,,0,0,,,,,0
100.185005,1779967250.1832,10926,,BS2DCE,,f,0,4,1706,1706,100,1,O,0,0,0,0,2,,,,,,0,0,,,,,0
100.185005,1779967250.1832,10926,,BS2DCE,,f,0,5,1892,1892,100,1,O,0,0,0,0,2,,,,,,0,0,,,,,0
100.185005,1779967250.1832,10926,,BS2DCE,,f,0,6,2076,2076,100,1,O,0,0,0,0,2,,,,,,0,0,,,,,0
100.185005,1779967250.1832,10926,,BS2DCE,,f,0,7,1979,1979,100,1,O,0,0,0,0,2,,,,,,0,0,,,,,0
100.253895,1779967250.25209,10927,,BS2DCE,,f,0,0,2102,2102,100,1,O,0,0,0,0,2,,,,,,0,0,,,,,0
100.253895,1779967250.25209,10927,,BS2DCE,,f,0,1,2144,2144,100,1,O,0,0,0,0,2,,,,,,0,0,,,,,0
100.253895,1779967250.25209,10927,,BS2DCE,,f,0,2,2332,2332,100,1,O,0,0,0,0,2,,,,,,0,0,,,,,0
100.253895,1779967250.25209,10927,,BS2DCE,,f,0,3,2300,2300,100,1,O,0,0,0,0,2,,,,,,0,0,,,,,0
100.253895,1779967250.25209,10927,,BS2DCE,,f,0,4,1747,1747,100,1,O,0,0,0,0,2,,,,,,0,0,,,,,0
100.253895,1779967250.25209,10927,,BS2DCE,,f,0,5,1912,1912,100,1,O,0,0,0,0,2,,,,,,0,0,,,,,0
100.253895,1779967250.25209,10927,,BS2DCE,,f,0,6,2090,2090,100,1,O,0,0,0,0,2,,,,,,0,0,,,,,0
100.253895,1779967250.25209,10927,,BS2DCE,,f,0,7,1886,1886,100,1,O,0,0,0,0,2,,,,,,0,0,,,,,0
100.458232,1779967250.456427,10928,,BS2DCE,,f,0,0,2073,2073,100,1,O,0,0,0,0,2,,,,,,0,0,,,,,0
100.458232,1779967250.456427,10928,,BS2DCE,,f,0,1,2223,2223,100,1,O,0,0,0,0,2,,,,,,0,0,,,,,0
100.458232,1779967250.456427,10928,,BS2DCE,,f,0,2,2332,2332,100,1,O,0,0,0,0,2,,,,,,0,0,,,,,0
100.458232,1779967250.456427,10928,,BS2DCE,,f,0,3,2205,2205,100,1,O,0,0,0,0,2,,,,,,0,0,,,,,0
100.458232,1779967250.456427,10928,,BS2DCE,,f,0,4,1662,1662,100,1,O,0,0,0,0,2,,,,,,0,0,,,,,0
100.458232,1779967250.456427,10928,,BS2DCE,,f,0,5,1915,1915,100,1,O,0,0,0,0,2,,,,,,0,0,,,,,0
100.458232,1779967250.456427,10928,,BS2DCE,,f,0,6,2102,2102,100,1,O,0,0,0,0,2,,,,,,0,0,,,,,0
100.458232,1779967250.456427,10928,,BS2DCE,,f,0,7,1869,1869,100,1,O,0,0,0,0,2,,,,,,0,0,,,,,0
100.489987,1779967250.488182,10929,,BS2DCE,,f,0,0,2084,2084,100,1,O,0,0,0,0,2,,,,,,0,0,,,,,0
100.489987,1779967250.488182,10929,,BS2DCE,,f,0,1,2533,2533,100,1,O,0,0,0,0,2,,,,,,0,0,,,,,0
100.489987,1779967250.488182,10929,,BS2DCE,,f,0,2,2402,2402,100,1,O,0,0,0,0,2,,,,,,0,0,,,,,0
100.489987,1779967250.488182,10929,,BS2DCE,,f,0,3,2173,2173,100,1,O,0,0,0,0,2,,,,,,0,0,,,,,0
100.489987,1779967250.488182,10929,,BS2DCE,,f,0,4,1673,1673,100,1,O,0,0,0,0,2,,,,,,0,0,,,,,0
100.489987,1779967250.488182,10929,,BS2DCE,,f,0,5,2013,2013,100,1,O,0,0,0,0,2,,,,,,0,0,,,,,0
100.489987,1779967250.488182,10929,,BS2DCE,,f,0,6,2126,2126,100,1,O,0,0,0,0,2,,,,,,0,0,,,,,0
100.489987,1779967250.488182,10929,,BS2DCE,,f,0,7,1811,1811,100,1,O,0,0,0,0,2,,,,,,0,0,,,,,0
100.575734,1779967250.573929,10930,,BS2DCE,,f,0,0,2001,2001,100,1,O,0,0,0,0,2,,,,,,0,0,,,,,0
100.575734,1779967250.573929,10930,,BS2DCE,,f,0,1,2429,2429,100,1,O,0,0,0,0,2,,,,,,0,0,,,,,0
100.575734,1779967250.573929,10930,,BS2DCE,,f,0,2,2504,2504,100,1,O,0,0,0,0,2,,,,,,0,0,,,,,0
100.575734,1779967250.573929,10930,,BS2DCE,,f,0,3,2170,2170,100,1,O,0,0,0,0,2,,,,,,0,0,,,,,0
100.575734,1779967250.573929,10930,,BS2DCE,,f,0,4,1847,1847,100,1,O,0,0,0,0,2,,,,,,0,0,,,,,0
100.575734,1779967250.573929,10930,,BS2DCE,,f,0,5,2103,2103,100,1,O,0,0,0,0,2,,,,,,0,0,,,,,0
100.575734,1779967250.573929,10930,,BS2DCE,,f,0,6,2152,2152,100,1,O,0,0,0,0,2,,,,,,0,0,,,,,0
100.575734,1779967250.573929,10930,,BS2DCE,,f,0,7,1815,1815,100,1,O,0,0,0,0,2,,,,,,0,0,,,,,0
100.650926,1779967250.649121,10931,,BS2DCE,,f,0,0,2022,2022,100,1,O,0,0,0,0,2,,,,,,0,0,,,,,0
100.650926,1779967250.649121,10931,,BS2DCE,,f,0,1,2367,2367,100,1,O,0,0,0,0,2,,,,,,0,0,,,,,0
100.650926,1779967250.649121,10931,,BS2DCE,,f,0,2,2597,2597,100,1,O,0,0,0,0,2,,,,,,0,0,,,,,0
100.650926,1779967250.649121,10931,,BS2DCE,,f,0,3,2142,2142,100,1,O,0,0,0,0,2,,,,,,0,0,,,,,0
100.650926,1779967250.649121,10931,,BS2DCE,,f,0,4,1884,1884,100,1,O,0,0,0,0,2,,,,,,0,0,,,,,0
100.650926,1779967250.649121,10931,,BS2DCE,,f,0,5,2236,2236,100,1,O,0,0,0,0,2,,,,,,0,0,,,,,0
100.650926,1779967250.649121,10931,,BS2DCE,,f,0,6,2261,2261,100,1,O,0,0,0,0,2,,,,,,0,0,,,,,0
100.650926,1779967250.649121,10931,,BS2DCE,,f,0,7,1796,1796,100,1,O,0,0,0,0,2,,,,,,0,0,,,,,0
100.800895,1779967250.79909,10932,,BS2DCE,,f,0,0,1999,1999,100,1,O,0,0,0,0,2,,,,,,0,0,,,,,0
100.800895,1779967250.79909,10932,,BS2DCE,,f,0,1,2411,2411,100,1,O,0,0,0,0,2,,,,,,0,0,,,,,0
100.800895,1779967250.79909,10932,,BS2DCE,,f,0,2,2475,2475,100,1,O,0,0,0,0,2,,,,,,0,0,,,,,0
100.800895,1779967250.79909,10932,,BS2DCE,,f,0,3,1960,1960,100,1,O,0,0,0,0,2,,,,,,0,0,,,,,0
100.800895,1779967250.79909,10932,,BS2DCE,,f,0,4,1731,1731,100,1,O,0,0,0,0,2,,,,,,0,0,,,,,0
100.800895,1779967250.79909,10932,,BS2DCE,,f,0,5,2290,2290,100,1,O,0,0,0,0,2,,,,,,0,0,,,,,0
100.800895,1779967250.79909,10932,,BS2DCE,,f,0,6,2278,2278,100,1,O,0,0,0,0,2,,,,,,0,0,,,,,0
100.800895,1779967250.79909,10932,,BS2DCE,,f,0,7,1750,1750,100,1,O,0,0,0,0,2,,,,,,0,0,,,,,0
100.853472,1779967250.851667,10933,,BS2DCE,,f,0,0,1848,1848,100,1,O,0,0,0,0,2,,,,,,0,0,,,,,0
100.853472,1779967250.851667,10933,,BS2DCE,,f,0,1,2388,2388,100,1,O,0,0,0,0,2,,,,,,0,0,,,,,0
100.853472,1779967250.851667,10933,,BS2DCE,,f,0,2,2336,2336,100,1,O,0,0,0,0,2,,,,,,0,0,,,,,0
100.853472,1779967250.851667,10933,,BS2DCE,,f,0,3,1895,1895,100,1,O,0,0,0,0,2,,,,,,0,0,,,,,0
100.853472,1779967250.851667,10933,,BS2DCE,,f,0,4,1744,1744,100,1,O,0,0,0,0,2,,,,,,0,0,,,,,0
100.853472,1779967250.851667,10933,,BS2DCE,,f,0,5,2356,2356,100,1,O,0,0,0,0,2,,,,,,0,0,,,,,0
100.853472,1779967250.851667,10933,,BS2DCE,,f,0,6,2325,2325,100,1,O,0,0,0,0,2,,,,,,0,0,,,,,0
100.853472,1779967250.851667,10933,,BS2DCE,,f,0,7,1787,1787,100,1,O,0,0,0,0,2,,,,,,0,0,,,,,0
100.958472,1779967250.956667,10934,,BS2DCE,,f,0,0,1910,1910,100,1,O,0,0,0,0,2,,,,,,0,0,,,,,0
100.958472,1779967250.956667,10934,,BS2DCE,,f,0,1,2380,2380,100,1,O,0,0,0,0,2,,,,,,0,0,,,,,0
100.958472,1779967250.956667,10934,,BS2DCE,,f,0,2,2273,2273,100,1,O,0,0,0,0,2,,,,,,0,0,,,,,0
100.958472,1779967250.956667,10934,,BS2DCE,,f,0,3,1794,1794,100,1,O,0,0,0,0,2,,,,,,0,0,,,,,0
100.958472,1779967250.956667,10934,,BS2DCE,,f,0,4,1812,1812,100,1,O,0,0,0,0,2,,,,,,0,0,,,,,0
100.958472,1779967250.956667,10934,,BS2DCE,,f,0,5,2479,2479,100,1,O,0,0,0,0,2,,,,,,0,0,,,,,0
100.958472,1779967250.956667,10934,,BS2DCE,,f,0,6,2273,2273,100,1,O,0,0,0,0,2,,,,,,0,0,,,,,0
100.958472,1779967250.956667,10934,,BS2DCE,,f,0,7,1676,1676,100,1,O,0,0,0,0,2,,,,,,0,0,,,,,0
101.056041,1779967251.054236,10935,,BS2DCE,,f,0,0,1959,1959,100,1,O,0,0,0,0,2,,,,,,0,0,,,,,0
101.056041,1779967251.054236,10935,,BS2DCE,,f,0,1,2448,2448,100,1,O,0,0,0,0,2,,,,,,0,0,,,,,0
101.056041,1779967251.054236,10935,,BS2DCE,,f,0,2,2274,2274,100,1,O,0,0,0,0,2,,,,,,0,0,,,,,0
101.056041,1779967251.054236,10935,,BS2DCE,,f,0,3,1753,1753,100,1,O,0,0,0,0,2,,,,,,0,0,,,,,0
101.056041,1779967251.054236,10935,,BS2DCE,,f,0,4,1844,1844,100,1,O,0,0,0,0,2,,,,,,0,0,,,,,0
101.056041,1779967251.054236,10935,,BS2DCE,,f,0,5,2399,2399,100,1,O,0,0,0,0,2,,,,,,0,0,,,,,0
101.056041,1779967251.054236,10935,,BS2DCE,,f,0,6,2270,2270,100,1,O,0,0,0,0,2,,,,,,0,0,,,,,0
101.056041,1779967251.054236,10935,,BS2DCE,,f,0,7,1615,1615,100,1,O,0,0,0,0,2,,,,,,0,0,,,,,0
101.160994,1779967251.159189,10936,,BS2DCE,,f,0,0,1927,1927,100,1,O,0,0,0,0,2,,,,,,0,0,,,,,0
101.160994,1779967251.159189,10936,,BS2DCE,,f,0,1,2534,2534,100,1,O,0,0,0,0,2,,,,,,0,0,,,,,0
101.160994,1779967251.159189,10936,,BS2DCE,,f,0,2,2283,2283,100,1,O,0,0,0,0,2,,,,,,0,0,,,,,0
101.160994,1779967251.159189,10936,,BS2DCE,,f,0,3,1716,1716,100,1,O,0,0,0,0,2,,,,,,0,0,,,,,0
101.160994,1779967251.159189,10936,,BS2DCE,,f,0,4,1819,1819,100,1,O,0,0,0,0,2,,,,,,0,0,,,,,0
101.160994,1779967251.159189,10936,,BS2DCE,,f,0,5,2422,2422,100,1,O,0,0,0,0,2,,,,,,0,0,,,,,0
101.160994,1779967251.159189,10936,,BS2DCE,,f,0,6,2230,2230,100,1,O,0,0,0,0,2,,,,,,0,0,,,,,0
101.160994,1779967251.159189,10936,,BS2DCE,,f,0,7,1668,1668,100,1,O,0,0,0,0,2,,,,,,0,0,,,,,0
101.252636,1779967251.250831,10937,,BS2DCE,,f,0,0,2045,2045,100,1,O,0,0,0,0,2,,,,,,0,0,,,,,0
101.252636,1779967251.250831,10937,,BS2DCE,,f,0,1,2677,2677,100,1,O,0,0,0,0,2,,,,,,0,0,,,,,0
101.252636,1779967251.250831,10937,,BS2DCE,,f,0,2,2141,2141,100,1,O,0,0,0,0,2,,,,,,0,0,,,,,0
101.252636,1779967251.250831,10937,,BS2DCE,,f,0,3,1586,1586,100,1,O,0,0,0,0,2,,,,,,0,0,,,,,0
101.252636,1779967251.250831,10937,,BS2DCE,,f,0,4,1875,1875,100,1,O,0,0,0,0,2,,,,,,0,0,,,,,0
101.252636,1779967251.250831,10937,,BS2DCE,,f,0,5,2357,2357,100,1,O,0,0,0,0,2,,,,,,0,0,,,,,0
101.252636,1779967251.250831,10937,,BS2DCE,,f,0,6,2236,2236,100,1,O,0,0,0,0,2,,,,,,0,0,,,,,0
101.252636,1779967251.250831,10937,,BS2DCE,,f,0,7,1677,1677,100,1,O,0,0,0,0,2,,,,,,0,0,,,,,0
101.41821,1779967251.416405,10938,,BS2DCE,,f,0,0,2139,2139,100,1,O,0,0,0,0,2,,,,,,0,0,,,,,0
101.41821,1779967251.416405,10938,,BS2DCE,,f,0,1,2661,2661,100,1,O,0,0,0,0,2,,,,,,0,0,,,,,0
101.41821,1779967251.416405,10938,,BS2DCE,,f,0,2,2053,2053,100,1,O,0,0,0,0,2,,,,,,0,0,,,,,0
101.41821,1779967251.416405,10938,,BS2DCE,,f,0,3,1654,1654,100,1,O,0,0,0,0,2,,,,,,0,0,,,,,0
101.41821,1779967251.416405,10938,,BS2DCE,,f,0,4,1940,1940,100,1,O,0,0,0,0,2,,,,,,0,0,,,,,0
101.41821,1779967251.416405,10938,,BS2DCE,,f,0,5,2352,2352,100,1,O,0,0,0,0,2,,,,,,0,0,,,,,0
101.41821,1779967251.416405,10938,,BS2DCE,,f,0,6,2169,2169,100,1,O,0,0,0,0,2,,,,,,0,0,,,,,0
101.41821,1779967251.416405,10938,,BS2DCE,,f,0,7,1678,1678,100,1,O,0,0,0,0,2,,,,,,0,0,,,,,0
101.474837,1779967251.473032,10939,,BS2DCE,,f,0,0,2205,2205,100,1,O,0,0,0,0,2,,,,,,0,0,,,,,0
101.474837,1779967251.473032,10939,,BS2DCE,,f,0,1,2577,2577,100,1,O,0,0,0,0,2,,,,,,0,0,,,,,0
101.474837,1779967251.473032,10939,,BS2DCE,,f,0,2,2062,2062,100,1,O,0,0,0,0,2,,,,,,0,0,,,,,0
101.474837,1779967251.473032,10939,,BS2DCE,,f,0,3,1585,1585,100,1,O,0,0,0,0,2,,,,,,0,0,,,,,0
101.474837,1779967251.473032,10939,,BS2DCE,,f,0,4,1994,1994,100,1,O,0,0,0,0,2,,,,,,0,0,,,,,0
101.474837,1779967251.473032,10939,,BS2DCE,,f,0,5,2482,2482,100,1,O,0,0,0,0,2,,,,,,0,0,,,,,0
101.474837,1779967251.473032,10939,,BS2DCE,,f,0,6,2213,2213,100,1,O,0,0,0,0,2,,,,,,0,0,,,,,0
101.474837,1779967251.473032,10939,,BS2DCE,,f,0,7,1738,1738,100,1,O,0,0,0,0,2,,,,,,0,0,,,,,0
101.573398,1779967251.571593,10940,,BS2DCE,,f,0,0,2632,2632,100,1,O,0,0,0,0,2,,,,,,0,0,,,,,0
101.573398,1779967251.571593,10940,,BS2DCE,,f,0,1,2454,2454,100,1,O,0,0,0,0,2,,,,,,0,0,,,,,0
101.573398,1779967251.571593,10940,,BS2DCE,,f,0,2,1972,1972,100,1,O,0,0,0,0,2,,,,,,0,0,,,,,0
101.573398,1779967251.571593,10940,,BS2DCE,,f,0,3,1565,1565,100,1,O,0,0,0,0,2,,,,,,0,0,,,,,0
101.573398,1779967251.571593,10940,,BS2DCE,,f,0,4,2037,2037,100,1,O,0,0,0,0,2,,,,,,0,0,,,,,0
101.573398,1779967251.571593,10940,,BS2DCE,,f,0,5,2564,2564,100,1,O,0,0,0,0,2,,,,,,0,0,,,,,0
101.573398,1779967251.571593,10940,,BS2DCE,,f,0,6,2184,2184,100,1,O,0,0,0,0,2,,,,,,0,0,,,,,0
101.573398,1779967251.571593,10940,,BS2DCE,,f,0,7,1740,1740,100,1,O,0,0,0,0,2,,,,,,0,0,,,,,0
101.655937,1779967251.654132,10941,,BS2DCE,,f,0,0,2216,2216,100,1,O,0,0,0,0,2,,,,,,0,0,,,,,0
101.655937,1779967251.654132,10941,,BS2DCE,,f,0,1,2416,2416,100,1,O,0,0,0,0,2,,,,,,0,0,,,,,0
101.655937,1779967251.654132,10941,,BS2DCE,,f,0,2,1986,1986,100,1,O,0,0,0,0,2,,,,,,0,0,,,,,0
101.655937,1779967251.654132,10941,,BS2DCE,,f,0,3,1757,1757,100,1,O,0,0,0,0,2,,,,,,0,0,,,,,0
101.655937,1779967251.654132,10941,,BS2DCE,,f,0,4,2115,2115,100,1,O,0,0,0,0,2,,,,,,0,0,,,,,0
101.655937,1779967251.654132,10941,,BS2DCE,,f,0,5,2672,2672,100,1,O,0,0,0,0,2,,,,,,0,0,,,,,0
101.655937,1779967251.654132,10941,,BS2DCE,,f,0,6,2320,2320,100,1,O,0,0,0,0,2,,,,,,0,0,,,,,0
101.655937,1779967251.654132,10941,,BS2DCE,,f,0,7,1790,1790,100,1,O,0,0,0,0,2,,,,,,0,0,,,,,0
101.798363,1779967251.796558,10942,,BS2DCE,,f,0,0,2212,2212,100,1,O,0,0,0,0,2,,,,,,0,0,,,,,0
101.798363,1779967251.796558,10942,,BS2DCE,,f,0,1,2380,2380,100,1,O,0,0,0,0,2,,,,,,0,0,,,,,0
101.798363,1779967251.796558,10942,,BS2DCE,,f,0,2,1858,1858,100,1,O,0,0,0,0,2,,,,,,0,0,,,,,0
101.798363,1779967251.796558,10942,,BS2DCE,,f,0,3,1874,1874,100,1,O,0,0,0,0,2,,,,,,0,0,,,,,0
101.798363,1779967251.796558,10942,,BS2DCE,,f,0,4,2140,2140,100,1,O,0,0,0,0,2,,,,,,0,0,,,,,0
101.798363,1779967251.796558,10942,,BS2DCE,,f,0,5,2586,2586,100,1,O,0,0,0,0,2,,,,,,0,0,,,,,0
101.798363,1779967251.796558,10942,,BS2DCE,,f,0,6,2317,2317,100,1,O,0,0,0,0,2,,,,,,0,0,,,,,0
101.798363,1779967251.796558,10942,,BS2DCE,,f,0,7,1759,1759,100,1,O,0,0,0,0,2,,,,,,0,0,,,,,0
101.880965,1779967251.87916,10943,,BS2DCE,,f,0,0,2206,2206,100,1,O,0,0,0,0,2,,,,,,0,0,,,,,0
101.880965,1779967251.87916,10943,,BS2DCE,,f,0,1,2315,2315,100,1,O,0,0,0,0,2,,,,,,0,0,,,,,0
101.880965,1779967251.87916,10943,,BS2DCE,,f,0,2,1830,1830,100,1,O,0,0,0,0,2,,,,,,0,0,,,,,0
101.880965,1779967251.87916,10943,,BS2DCE,,f,0,3,1829,1829,100,1,O,0,0,0,0,2,,,,,,0,0,,,,,0
101.880965,1779967251.87916,10943,,BS2DCE,,f,0,4,2212,2212,100,1,O,0,0,0,0,2,,,,,,0,0,,,,,0
101.880965,1779967251.87916,10943,,BS2DCE,,f,0,5,2506,2506,100,1,O,0,0,0,0,2,,,,,,0,0,,,,,0
101.880965,1779967251.87916,10943,,BS2DCE,,f,0,6,2302,2302,100,1,O,0,0,0,0,2,,,,,,0,0,,,,,0
101.880965,1779967251.87916,10943,,BS2DCE,,f,0,7,1796,1796,100,1,O,0,0,0,0,2,,,,,,0,0,,,,,0
101.970993,1779967251.969188,10944,,BS2DCE,,f,0,0,2215,2215,100,1,O,0,0,0,0,2,,,,,,0,0,,,,,0
101.970993,1779967251.969188,10944,,BS2DCE,,f,0,1,2247,2247,100,1,O,0,0,0,0,2,,,,,,0,0,,,,,0
101.970993,1779967251.969188,10944,,BS2DCE,,f,0,2,1836,1836,100,1,O,0,0,0,0,2,,,,,,0,0,,,,,0
101.970993,1779967251.969188,10944,,BS2DCE,,f,0,3,1791,1791,100,1,O,0,0,0,0,2,,,,,,0,0,,,,,0
101.970993,1779967251.969188,10944,,BS2DCE,,f,0,4,2217,2217,100,1,O,0,0,0,0,2,,,,,,0,0,,,,,0
101.970993,1779967251.969188,10944,,BS2DCE,,f,0,5,2348,2348,100,1,O,0,0,0,0,2,,,,,,0,0,,,,,0
101.970993,1779967251.969188,10944,,BS2DCE,,f,0,6,2202,2202,100,1,O,0,0,0,0,2,,,,,,0,0,,,,,0
101.970993,1779967251.969188,10944,,BS2DCE,,f,0,7,1894,1894,100,1,O,0,0,0,0,2,,,,,,0,0,,,,,0
102.053459,1779967252.051654,10945,,BS2DCE,,f,0,0,2174,2174,100,1,O,0,0,0,0,2,,,,,,0,0,,,,,0
102.053459,1779967252.051654,10945,,BS2DCE,,f,0,1,2201,2201,100,1,O,0,0,0,0,2,,,,,,0,0,,,,,0
102.053459,1779967252.051654,10945,,BS2DCE,,f,0,2,1698,1698,100,1,O,0,0,0,0,2,,,,,,0,0,,,,,0
102.053459,1779967252.051654,10945,,BS2DCE,,f,0,3,1833,1833,100,1,O,0,0,0,0,2,,,,,,0,0,,,,,0
102.053459,1779967252.051654,10945,,BS2DCE,,f,0,4,2288,2288,100,1,O,0,0,0,0,2,,,,,,0,0,,,,,0
102.053459,1779967252.051654,10945,,BS2DCE,,f,0,5,2359,2359,100,1,O,0,0,0,0,2,,,,,,0,0,,,,,0
102.053459,1779967252.051654,10945,,BS2DCE,,f,0,6,2119,2119,100,1,O,0,0,0,0,2,,,,,,0,0,,,,,0
102.053459,1779967252.051654,10945,,BS2DCE,,f,0,7,1825,1825,100,1,O,0,0,0,0,2,,,,,,0,0,,,,,0
102.15858,1779967252.156775,10946,,BS2DCE,,f,0,0,2153,2153,100,1,O,0,0,0,0,2,,,,,,0,0,,,,,0
102.15858,1779967252.156775,10946,,BS2DCE,,f,0,1,2233,2233,100,1,O,0,0,0,0,2,,,,,,0,0,,,,,0
102.15858,1779967252.156775,10946,,BS2DCE,,f,0,2,1784,1784,100,1,O,0,0,0,0,2,,,,,,0,0,,,,,0
102.15858,1779967252.156775,10946,,BS2DCE,,f,0,3,1840,1840,100,1,O,0,0,0,0,2,,,,,,0,0,,,,,0
102.15858,1779967252.156775,10946,,BS2DCE,,f,0,4,2263,2263,100,1,O,0,0,0,0,2,,,,,,0,0,,,,,0
102.15858,1779967252.156775,10946,,BS2DCE,,f,0,5,2166,2166,100,1,O,0,0,0,0,2,,,,,,0,0,,,,,0
102.15858,1779967252.156775,10946,,BS2DCE,,f,0,6,2012,2012,100,1,O,0,0,0,0,2,,,,,,0,0,,,,,0
102.15858,1779967252.156775,10946,,BS2DCE,,f,0,7,1908,1908,100,1,O,0,0,0,0,2,,,,,,0,0,,,,,0
102.256172,1779967252.254367,10947,,BS2DCE,,f,0,0,2280,2280,100,1,O,0,0,0,0,2,,,,,,0,0,,,,,0
102.256172,1779967252.254367,10947,,BS2DCE,,f,0,1,2104,2104,100,1,O,0,0,0,0,2,,,,,,0,0,,,,,0
102.256172,1779967252.254367,10947,,BS2DCE,,f,0,2,1629,1629,100,1,O,0,0,0,0,2,,,,,,0,0,,,,,0
102.256172,1779967252.254367,10947,,BS2DCE,,f,0,3,1789,1789,100,1,O,0,0,0,0,2,,,,,,0,0,,,,,0
102.256172,1779967252.254367,10947,,BS2DCE,,f,0,4,2259,2259,100,1,O,0,0,0,0,2,,,,,,0,0,,,,,0
102.256172,1779967252.254367,10947,,BS2DCE,,f,0,5,2351,2351,100,1,O,0,0,0,0,2,,,,,,0,0,,,,,0
102.256172,1779967252.254367,10947,,BS2DCE,,f,0,6,1948,1948,100,1,O,0,0,0,0,2,,,,,,0,0,,,,,0
102.256172,1779967252.254367,10947,,BS2DCE,,f,0,7,1899,1899,100,1,O,0,0,0,0,2,,,,,,0,0,,,,,0
102.418672,1779967252.416867,10948,,BS2DCE,,f,0,0,2315,2315,100,1,O,0,0,0,0,2,,,,,,0,0,,,,,0
102.418672,1779967252.416867,10948,,BS2DCE,,f,0,1,2100,2100,100,1,O,0,0,0,0,2,,,,,,0,0,,,,,0
102.418672,1779967252.416867,10948,,BS2DCE,,f,0,2,1574,1574,100,1,O,0,0,0,0,2,,,,,,0,0,,,,,0
102.418672,1779967252.416867,10948,,BS2DCE,,f,0,3,1848,1848,100,1,O,0,0,0,0,2,,,,,,0,0,,,,,0
102.418672,1779967252.416867,10948,,BS2DCE,,f,0,4,2326,2326,100,1,O,0,0,0,0,2,,,,,,0,0,,,,,0
102.418672,1779967252.416867,10948,,BS2DCE,,f,0,5,2309,2309,100,1,O,0,0,0,0,2,,,,,,0,0,,,,,0
102.418672,1779967252.416867,10948,,BS2DCE,,f,0,6,1841,1841,100,1,O,0,0,0,0,2,,,,,,0,0,,,,,0
102.418672,1779967252.416867,10948,,BS2DCE,,f,0,7,1921,1921,100,1,O,0,0,0,0,2,,,,,,0,0,,,,,0
102.450964,1779967252.449159,10949,,BS2DCE,,f,0,0,2313,2313,100,1,O,0,0,0,0,2,,,,,,0,0,,,,,0
102.450964,1779967252.449159,10949,,BS2DCE,,f,0,1,2084,2084,100,1,O,0,0,0,0,2,,,,,,0,0,,,,,0
102.450964,1779967252.449159,10949,,BS2DCE,,f,0,2,1503,1503,100,1,O,0,0,0,0,2,,,,,,0,0,,,,,0
102.450964,1779967252.449159,10949,,BS2DCE,,f,0,3,1947,1947,100,1,O,0,0,0,0,2,,,,,,0,0,,,,,0
102.450964,1779967252.449159,10949,,BS2DCE,,f,0,4,2427,2427,100,1,O,0,0,0,0,2,,,,,,0,0,,,,,0
102.450964,1779967252.449159,10949,,BS2DCE,,f,0,5,2311,2311,100,1,O,0,0,0,0,2,,,,,,0,0,,,,,0
102.450964,1779967252.449159,10949,,BS2DCE,,f,0,6,1813,1813,100,1,O,0,0,0,0,2,,,,,,0,0,,,,,0
102.450964,1779967252.449159,10949,,BS2DCE,,f,0,7,1991,1991,100,1,O,0,0,0,0,2,,,,,,0,0,,,,,0
102.601074,1779967252.599269,10950,,BS2DCE,,f,0,0,2299,2299,100,1,O,0,0,0,0,2,,,,,,0,0,,,,,0
102.601074,1779967252.599269,10950,,BS2DCE,,f,0,1,2064,2064,100,1,O,0,0,0,0,2,,,,,,0,0,,,,,0
102.601074,1779967252.599269,10950,,BS2DCE,,f,0,2,1477,1477,100,1,O,0,0,0,0,2,,,,,,0,0,,,,,0
102.601074,1779967252.599269,10950,,BS2DCE,,f,0,3,1903,1903,100,1,O,0,0,0,0,2,,,,,,0,0,,,,,0
102.601074,1779967252.599269,10950,,BS2DCE,,f,0,4,2491,2491,100,1,O,0,0,0,0,2,,,,,,0,0,,,,,0
102.601074,1779967252.599269,10950,,BS2DCE,,f,0,5,2188,2188,100,1,O,0,0,0,0,2,,,,,,0,0,,,,,0
102.601074,1779967252.599269,10950,,BS2DCE,,f,0,6,1831,1831,100,1,O,0,0,0,0,2,,,,,,0,0,,,,,0
102.601074,1779967252.599269,10950,,BS2DCE,,f,0,7,1985,1985,100,1,O,0,0,0,0,2,,,,,,0,0,,,,,0
102.653478,1779967252.651673,10951,,BS2DCE,,f,0,0,2380,2380,100,1,O,0,0,0,0,2,,,,,,0,0,,,,,0
102.653478,1779967252.651673,10951,,BS2DCE,,f,0,1,2063,2063,100,1,O,0,0,0,0,2,,,,,,0,0,,,,,0
102.653478,1779967252.651673,10951,,BS2DCE,,f,0,2,1539,1539,100,1,O,0,0,0,0,2,,,,,,0,0,,,,,0
102.653478,1779967252.651673,10951,,BS2DCE,,f,0,3,1958,1958,100,1,O,0,0,0,0,2,,,,,,0,0,,,,,0
102.653478,1779967252.651673,10951,,BS2DCE,,f,0,4,2522,2522,100,1,O,0,0,0,0,2,,,,,,0,0,,,,,0
102.653478,1779967252.651673,10951,,BS2DCE,,f,0,5,2197,2197,100,1,O,0,0,0,0,2,,,,,,0,0,,,,,0
102.653478,1779967252.651673,10951,,BS2DCE,,f,0,6,1793,1793,100,1,O,0,0,0,0,2,,,,,,0,0,,,,,0
102.653478,1779967252.651673,10951,,BS2DCE,,f,0,7,1961,1961,100,1,O,0,0,0,0,2,,,,,,0,0,,,,,0
102.759185,1779967252.75738,10952,,BS2DCE,,f,0,0,2416,2416,100,1,O,0,0,0,0,2,,,,,,0,0,,,,,0
102.759185,1779967252.75738,10952,,BS2DCE,,f,0,1,2088,2088,100,1,O,0,0,0,0,2,,,,,,0,0,,,,,0
102.759185,1779967252.75738,10952,,BS2DCE,,f,0,2,1493,1493,100,1,O,0,0,0,0,2,,,,,,0,0,,,,,0
102.759185,1779967252.75738,10952,,BS2DCE,,f,0,3,1983,1983,100,1,O,0,0,0,0,2,,,,,,0,0,,,,,0
102.759185,1779967252.75738,10952,,BS2DCE,,f,0,4,2476,2476,100,1,O,0,0,0,0,2,,,,,,0,0,,,,,0
102.759185,1779967252.75738,10952,,BS2DCE,,f,0,5,2161,2161,100,1,O,0,0,0,0,2,,,,,,0,0,,,,,0
102.759185,1779967252.75738,10952,,BS2DCE,,f,0,6,1721,1721,100,1,O,0,0,0,0,2,,,,,,0,0,,,,,0
102.759185,1779967252.75738,10952,,BS2DCE,,f,0,7,2048,2048,100,1,O,0,0,0,0,2,,,,,,0,0,,,,,0
102.855929,1779967252.854124,10953,,BS2DCE,,f,0,0,2427,2427,100,1,O,0,0,0,0,2,,,,,,0,0,,,,,0
102.855929,1779967252.854124,10953,,BS2DCE,,f,0,1,2035,2035,100,1,O,0,0,0,0,2,,,,,,0,0,,,,,0
102.855929,1779967252.854124,10953,,BS2DCE,,f,0,2,1479,1479,100,1,O,0,0,0,0,2,,,,,,0,0,,,,,0
102.855929,1779967252.854124,10953,,BS2DCE,,f,0,3,2072,2072,100,1,O,0,0,0,0,2,,,,,,0,0,,,,,0
102.855929,1779967252.854124,10953,,BS2DCE,,f,0,4,2551,2551,100,1,O,0,0,0,0,2,,,,,,0,0,,,,,0
102.855929,1779967252.854124,10953,,BS2DCE,,f,0,5,2276,2276,100,1,O,0,0,0,0,2,,,,,,0,0,,,,,0
102.855929,1779967252.854124,10953,,BS2DCE,,f,0,6,1777,1777,100,1,O,0,0,0,0,2,,,,,,0,0,,,,,0
102.855929,1779967252.854124,10953,,BS2DCE,,f,0,7,2072,2072,100,1,O,0,0,0,0,2,,,,,,0,0,,,,,0
102.961131,1779967252.959326,10954,,BS2DCE,,f,0,0,2461,2461,100,1,O,0,0,0,0,2,,,,,,0,0,,,,,0
102.961131,1779967252.959326,10954,,BS2DCE,,f,0,1,2057,2057,100,1,O,0,0,0,0,2,,,,,,0,0,,,,,0
102.961131,1779967252.959326,10954,,BS2DCE,,f,0,2,1442,1442,100,1,O,0,0,0,0,2,,,,,,0,0,,,,,0
102.961131,1779967252.959326,10954,,BS2DCE,,f,0,3,2085,2085,100,1,O,0,0,0,0,2,,,,,,0,0,,,,,0
102.961131,1779967252.959326,10954,,BS2DCE,,f,0,4,2569,2569,100,1,O,0,0,0,0,2,,,,,,0,0,,,,,0
102.961131,1779967252.959326,10954,,BS2DCE,,f,0,5,2151,2151,100,1,O,0,0,0,0,2,,,,,,0,0,,,,,0
102.961131,1779967252.959326,10954,,BS2DCE,,f,0,6,1684,1684,100,1,O,0,0,0,0,2,,,,,,0,0,,,,,0
102.961131,1779967252.959326,10954,,BS2DCE,,f,0,7,2137,2137,100,1,O,0,0,0,0,2,,,,,,0,0,,,,,0
103.051123,1779967253.049318,10955,,BS2DCE,,f,0,0,2528,2528,100,1,O,0,0,0,0,2,,,,,,0,0,,,,,0
103.051123,1779967253.049318,10955,,BS2DCE,,f,0,1,2096,2096,100,1,O,0,0,0,0,2,,,,,,0,0,,,,,0
103.051123,1779967253.049318,10955,,BS2DCE,,f,0,2,1499,1499,100,1,O,0,0,0,0,2,,,,,,0,0,,,,,0
103.051123,1779967253.049318,10955,,BS2DCE,,f,0,3,2103,2103,100,1,O,0,0,0,0,2,,,,,,0,0,,,,,0
103.051123,1779967253.049318,10955,,BS2DCE,,f,0,4,2646,2646,100,1,O,0,0,0,0,2,,,,,,0,0,,,,,0
103.051123,1779967253.049318,10955,,BS2DCE,,f,0,5,1940,1940,100,1,O,0,0,0,0,2,,,,,,0,0,,,,,0
103.051123,1779967253.049318,10955,,BS2DCE,,f,0,6,1602,1602,100,1,O,0,0,0,0,2,,,,,,0,0,,,,,0
103.051123,1779967253.049318,10955,,BS2DCE,,f,0,7,2174,2174,100,1,O,0,0,0,0,2,,,,,,0,0,,,,,0
103.170882,1779967253.169077,10956,,BS2DCE,,f,0,0,2562,2562,100,1,O,0,0,0,0,2,,,,,,0,0,,,,,0
103.170882,1779967253.169077,10956,,BS2DCE,,f,0,1,2128,2128,100,1,O,0,0,0,0,2,,,,,,0,0,,,,,0
103.170882,1779967253.169077,10956,,BS2DCE,,f,0,2,1538,1538,100,1,O,0,0,0,0,2,,,,,,0,0,,,,,0
103.170882,1779967253.169077,10956,,BS2DCE,,f,0,3,2215,2215,100,1,O,0,0,0,0,2,,,,,,0,0,,,,,0
103.170882,1779967253.169077,10956,,BS2DCE,,f,0,4,2639,2639,100,1,O,0,0,0,0,2,,,,,,0,0,,,,,0
103.170882,1779967253.169077,10956,,BS2DCE,,f,0,5,2101,2101,100,1,O,0,0,0,0,2,,,,,,0,0,,,,,0
103.170882,1779967253.169077,10956,,BS2DCE,,f,0,6,1598,1598,100,1,O,0,0,0,0,2,,,,,,0,0,,,,,0
103.170882,1779967253.169077,10956,,BS2DCE,,f,0,7,2216,2216,100,1,O,0,0,0,0,2,,,,,,0,0,,,,,0
103.253221,1779967253.251416,10957,,BS2DCE,,f,0,0,2599,2599,100,1,O,0,0,0,0,2,,,,,,0,0,,,,,0
103.253221,1779967253.251416,10957,,BS2DCE,,f,0,1,2352,2352,100,1,O,0,0,0,0,2,,,,,,0,0,,,,,0
103.253221,1779967253.251416,10957,,BS2DCE,,f,0,2,1715,1715,100,1,O,0,0,0,0,2,,,,,,0,0,,,,,0
103.253221,1779967253.251416,10957,,BS2DCE,,f,0,3,2191,2191,100,1,O,0,0,0,0,2,,,,,,0,0,,,,,0
103.253221,1779967253.251416,10957,,BS2DCE,,f,0,4,2698,2698,100,1,O,0,0,0,0,2,,,,,,0,0,,,,,0
103.253221,1779967253.251416,10957,,BS2DCE,,f,0,5,2017,2017,100,1,O,0,0,0,0,2,,,,,,0,0,,,,,0
103.253221,1779967253.251416,10957,,BS2DCE,,f,0,6,1605,1605,100,1,O,0,0,0,0,2,,,,,,0,0,,,,,0
103.253221,1779967253.251416,10957,,BS2DCE,,f,0,7,2200,2200,100,1,O,0,0,0,0,2,,,,,,0,0,,,,,0
103.428259,1779967253.426454,10958,,BS2DCE,,f,0,0,2716,2716,100,1,O,0,0,0,0,2,,,,,,0,0,,,,,0
103.428259,1779967253.426454,10958,,BS2DCE,,f,0,1,2138,2138,100,1,O,0,0,0,0,2,,,,,,0,0,,,,,0
103.428259,1779967253.426454,10958,,BS2DCE,,f,0,2,1573,1573,100,1,O,0,0,0,0,2,,,,,,0,0,,,,,0
103.428259,1779967253.426454,10958,,BS2DCE,,f,0,3,2286,2286,100,1,O,0,0,0,0,2,,,,,,0,0,,,,,0
103.428259,1779967253.426454,10958,,BS2DCE,,f,0,4,2615,2615,100,1,O,0,0,0,0,2,,,,,,0,0,,,,,0
103.428259,1779967253.426454,10958,,BS2DCE,,f,0,5,1926,1926,100,1,O,0,0,0,0,2,,,,,,0,0,,,,,0
103.428259,1779967253.426454,10958,,BS2DCE,,f,0,6,1654,1654,100,1,O,0,0,0,0,2,,,,,,0,0,,,,,0
103.428259,1779967253.426454,10958,,BS2DCE,,f,0,7,2254,2254,100,1,O,0,0,0,0,2,,,,,,0,0,,,,,0
103.455903,1779967253.454098,10959,,BS2DCE,,f,0,0,2700,2700,100,1,O,0,0,0,0,2,,,,,,0,0,,,,,0
103.455903,1779967253.454098,10959,,BS2DCE,,f,0,1,1990,1990,100,1,O,0,0,0,0,2,,,,,,0,0,,,,,0
103.455903,1779967253.454098,10959,,BS2DCE,,f,0,2,1564,1564,100,1,O,0,0,0,0,2,,,,,,0,0,,,,,0
103.455903,1779967253.454098,10959,,BS2DCE,,f,0,3,2286,2286,100,1,O,0,0,0,0,2,,,,,,0,0,,,,,0
103.455903,1779967253.454098,10959,,BS2DCE,,f,0,4,2579,2579,100,1,O,0,0,0,0,2,,,,,,0,0,,,,,0
103.455903,1779967253.454098,10959,,BS2DCE,,f,0,5,1842,1842,100,1,O,0,0,0,0,2,,,,,,0,0,,,,,0
103.455903,1779967253.454098,10959,,BS2DCE,,f,0,6,1483,1483,100,1,O,0,0,0,0,2,,,,,,0,0,,,,,0
103.455903,1779967253.454098,10959,,BS2DCE,,f,0,7,2247,2247,100,1,O,0,0,0,0,2,,,,,,0,0,,,,,0
103.576782,1779967253.574977,10960,,BS2DCE,,f,0,0,2964,2964,100,1,O,0,0,0,0,2,,,,,,0,0,,,,,0
103.576782,1779967253.574977,10960,,BS2DCE,,f,0,1,1867,1867,100,1,O,0,0,0,0,2,,,,,,0,0,,,,,0
103.576782,1779967253.574977,10960,,BS2DCE,,f,0,2,1566,1566,100,1,O,0,0,0,0,2,,,,,,0,0,,,,,0
103.576782,1779967253.574977,10960,,BS2DCE,,f,0,3,2319,2319,100,1,O,0,0,0,0,2,,,,,,0,0,,,,,0
103.576782,1779967253.574977,10960,,BS2DCE,,f,0,4,2467,2467,100,1,O,0,0,0,0,2,,,,,,0,0,,,,,0
103.576782,1779967253.574977,10960,,BS2DCE,,f,0,5,1867,1867,100,1,O,0,0,0,0,2,,,,,,0,0,,,,,0
103.576782,1779967253.574977,10960,,BS2DCE,,f,0,6,1589,1589,100,1,O,0,0,0,0,2,,,,,,0,0,,,,,0
103.576782,1779967253.574977,10960,,BS2DCE,,f,0,7,2273,2273,100,1,O,0,0,0,0,2,,,,,,0,0,,,,,0
103.681149,1779967253.679344,10961,,BS2DCE,,f,0,0,2815,2815,100,1,O,0,0,0,0,2,,,,,,0,0,,,,,0
103.681149,1779967253.679344,10961,,BS2DCE,,f,0,1,1914,1914,100,1,O,0,0,0,0,2,,,,,,0,0,,,,,0
103.681149,1779967253.679344,10961,,BS2DCE,,f,0,2,1636,1636,100,1,O,0,0,0,0,2,,,,,,0,0,,,,,0
103.681149,1779967253.679344,10961,,BS2DCE,,f,0,3,2409,2409,100,1,O,0,0,0,0,2,,,,,,0,0,,,,,0
103.681149,1779967253.679344,10961,,BS2DCE,,f,0,4,2424,2424,100,1,O,0,0,0,0,2,,,,,,0,0,,,,,0
103.681149,1779967253.679344,10961,,BS2DCE,,f,0,5,1737,1737,100,1,O,0,0,0,0,2,,,,,,0,0,,,,,0
103.681149,1779967253.679344,10961,,BS2DCE,,f,0,6,1587,1587,100,1,O,0,0,0,0,2,,,,,,0,0,,,,,0
103.681149,1779967253.679344,10961,,BS2DCE,,f,0,7,2249,2249,100,1,O,0,0,0,0,2,,,,,,0,0,,,,,0
103.771166,1779967253.769361,10962,,BS2DCE,,f,0,0,2697,2697,100,1,O,0,0,0,0,2,,,,,,0,0,,,,,0
103.771166,1779967253.769361,10962,,BS2DCE,,f,0,1,1882,1882,100,1,O,0,0,0,0,2,,,,,,0,0,,,,,0
103.771166,1779967253.769361,10962,,BS2DCE,,f,0,2,1716,1716,100,1,O,0,0,0,0,2,,,,,,0,0,,,,,0
103.771166,1779967253.769361,10962,,BS2DCE,,f,0,3,2421,2421,100,1,O,0,0,0,0,2,,,,,,0,0,,,,,0
103.771166,1779967253.769361,10962,,BS2DCE,,f,0,4,2392,2392,100,1,O,0,0,0,0,2,,,,,,0,0,,,,,0
103.771166,1779967253.769361,10962,,BS2DCE,,f,0,5,1643,1643,100,1,O,0,0,0,0,2,,,,,,0,0,,,,,0
103.771166,1779967253.769361,10962,,BS2DCE,,f,0,6,1602,1602,100,1,O,0,0,0,0,2,,,,,,0,0,,,,,0
103.771166,1779967253.769361,10962,,BS2DCE,,f,0,7,2296,2296,100,1,O,0,0,0,0,2,,,,,,0,0,,,,,0
103.85383,1779967253.852025,10963,,BS2DCE,,f,0,0,2652,2652,100,1,O,0,0,0,0,2,,,,,,0,0,,,,,0
103.85383,1779967253.852025,10963,,BS2DCE,,f,0,1,1818,1818,100,1,O,0,0,0,0,2,,,,,,0,0,,,,,0
103.85383,1779967253.852025,10963,,BS2DCE,,f,0,2,1748,1748,100,1,O,0,0,0,0,2,,,,,,0,0,,,,,0
103.85383,1779967253.852025,10963,,BS2DCE,,f,0,3,2458,2458,100,1,O,0,0,0,0,2,,,,,,0,0,,,,,0
103.85383,1779967253.852025,10963,,BS2DCE,,f,0,4,2371,2371,100,1,O,0,0,0,0,2,,,,,,0,0,,,,,0
103.85383,1779967253.852025,10963,,BS2DCE,,f,0,5,1484,1484,100,1,O,0,0,0,0,2,,,,,,0,0,,,,,0
103.85383,1779967253.852025,10963,,BS2DCE,,f,0,6,1552,1552,100,1,O,0,0,0,0,2,,,,,,0,0,,,,,0
103.85383,1779967253.852025,10963,,BS2DCE,,f,0,7,2426,2426,100,1,O,0,0,0,0,2,,,,,,0,0,,,,,0
103.958356,1779967253.956551,10964,,BS2DCE,,f,0,0,2636,2636,100,1,O,0,0,0,0,2,,,,,,0,0,,,,,0
103.958356,1779967253.956551,10964,,BS2DCE,,f,0,1,1827,1827,100,1,O,0,0,0,0,2,,,,,,0,0,,,,,0
103.958356,1779967253.956551,10964,,BS2DCE,,f,0,2,1693,1693,100,1,O,0,0,0,0,2,,,,,,0,0,,,,,0
103.958356,1779967253.956551,10964,,BS2DCE,,f,0,3,2451,2451,100,1,O,0,0,0,0,2,,,,,,0,0,,,,,0
103.958356,1779967253.956551,10964,,BS2DCE,,f,0,4,2305,2305,100,1,O,0,0,0,0,2,,,,,,0,0,,,,,0
103.958356,1779967253.956551,10964,,BS2DCE,,f,0,5,1455,1455,100,1,O,0,0,0,0,2,,,,,,0,0,,,,,0
103.958356,1779967253.956551,10964,,BS2DCE,,f,0,6,1757,1757,100,1,O,0,0,0,0,2,,,,,,0,0,,,,,0
103.958356,1779967253.956551,10964,,BS2DCE,,f,0,7,2335,2335,100,1,O,0,0,0,0,2,,,,,,0,0,,,,,0
104.056147,1779967254.054342,10965,,BS2DCE,,f,0,0,2538,2538,100,1,O,0,0,0,0,2,,,,,,0,0,,,,,0
104.056147,1779967254.054342,10965,,BS2DCE,,f,0,1,1887,1887,100,1,O,0,0,0,0,2,,,,,,0,0,,,,,0
104.056147,1779967254.054342,10965,,BS2DCE,,f,0,2,1839,1839,100,1,O,0,0,0,0,2,,,,,,0,0,,,,,0
104.056147,1779967254.054342,10965,,BS2DCE,,f,0,3,2479,2479,100,1,O,0,0,0,0,2,,,,,,0,0,,,,,0
104.056147,1779967254.054342,10965,,BS2DCE,,f,0,4,2250,2250,100,1,O,0,0,0,0,2,,,,,,0,0,,,,,0
104.056147,1779967254.054342,10965,,BS2DCE,,f,0,5,1509,1509,100,1,O,0,0,0,0,2,,,,,,0,0,,,,,0
104.056147,1779967254.054342,10965,,BS2DCE,,f,0,6,1773,1773,100,1,O,0,0,0,0,2,,,,,,0,0,,,,,0
104.056147,1779967254.054342,10965,,BS2DCE,,f,0,7,2430,2430,100,1,O,0,0,0,0,2,,,,,,0,0,,,,,0
104.161323,1779967254.159518,10966,,BS2DCE,,f,0,0,2485,2485,100,1,O,0,0,0,0,2,,,,,,0,0,,,,,0
104.161323,1779967254.159518,10966,,BS2DCE,,f,0,1,1950,1950,100,1,O,0,0,0,0,2,,,,,,0,0,,,,,0
104.161323,1779967254.159518,10966,,BS2DCE,,f,0,2,1913,1913,100,1,O,0,0,0,0,2,,,,,,0,0,,,,,0
104.161323,1779967254.159518,10966,,BS2DCE,,f,0,3,2546,2546,100,1,O,0,0,0,0,2,,,,,,0,0,,,,,0
104.161323,1779967254.159518,10966,,BS2DCE,,f,0,4,2197,2197,100,1,O,0,0,0,0,2,,,,,,0,0,,,,,0
104.161323,1779967254.159518,10966,,BS2DCE,,f,0,5,1588,1588,100,1,O,0,0,0,0,2,,,,,,0,0,,,,,0
104.161323,1779967254.159518,10966,,BS2DCE,,f,0,6,1812,1812,100,1,O,0,0,0,0,2,,,,,,0,0,,,,,0
104.161323,1779967254.159518,10966,,BS2DCE,,f,0,7,2379,2379,100,1,O,0,0,0,0,2,,,,,,0,0,,,,,0
104.250935,1779967254.24913,10967,,BS2DCE,,f,0,0,2456,2456,100,1,O,0,0,0,0,2,,,,,,0,0,,,,,0
104.250935,1779967254.24913,10967,,BS2DCE,,f,0,1,1970,1970,100,1,O,0,0,0,0,2,,,,,,0,0,,,,,0
104.250935,1779967254.24913,10967,,BS2DCE,,f,0,2,2008,2008,100,1,O,0,0,0,0,2,,,,,,0,0,,,,,0
104.250935,1779967254.24913,10967,,BS2DCE,,f,0,3,2644,2644,100,1,O,0,0,0,0,2,,,,,,0,0,,,,,0
104.250935,1779967254.24913,10967,,BS2DCE,,f,0,4,2100,2100,100,1,O,0,0,0,0,2,,,,,,0,0,,,,,0
104.250935,1779967254.24913,10967,,BS2DCE,,f,0,5,1703,1703,100,1,O,0,0,0,0,2,,,,,,0,0,,,,,0
104.250935,1779967254.24913,10967,,BS2DCE,,f,0,6,1845,1845,100,1,O,0,0,0,0,2,,,,,,0,0,,,,,0
104.250935,1779967254.24913,10967,,BS2DCE,,f,0,7,2341,2341,100,1,O,0,0,0,0,2,,,,,,0,0,,,,,0
104.449067,1779967254.447262,10968,,BS2DCE,,f,0,0,2493,2493,100,1,O,0,0,0,0,2,,,,,,0,0,,,,,0
104.449067,1779967254.447262,10968,,BS2DCE,,f,0,1,2012,2012,100,1,O,0,0,0,0,2,,,,,,0,0,,,,,0
104.449067,1779967254.447262,10968,,BS2DCE,,f,0,2,2041,2041,100,1,O,0,0,0,0,2,,,,,,0,0,,,,,0
104.449067,1779967254.447262,10968,,BS2DCE,,f,0,3,2681,2681,100,1,O,0,0,0,0,2,,,,,,0,0,,,,,0
104.449067,1779967254.447262,10968,,BS2DCE,,f,0,4,2056,2056,100,1,O,0,0,0,0,2,,,,,,0,0,,,,,0
104.449067,1779967254.447262,10968,,BS2DCE,,f,0,5,1607,1607,100,1,O,0,0,0,0,2,,,,,,0,0,,,,,0
104.449067,1779967254.447262,10968,,BS2DCE,,f,0,6,1863,1863,100,1,O,0,0,0,0,2,,,,,,0,0,,,,,0
104.449067,1779967254.447262,10968,,BS2DCE,,f,0,7,2360,2360,100,1,O,0,0,0,0,2,,,,,,0,0,,,,,0
104.454285,1779967254.45248,10969,,BS2DCE,,f,0,0,2322,2322,100,1,O,0,0,0,0,2,,,,,,0,0,,,,,0
104.454285,1779967254.45248,10969,,BS2DCE,,f,0,1,2021,2021,100,1,O,0,0,0,0,2,,,,,,0,0,,,,,0
104.454285,1779967254.45248,10969,,BS2DCE,,f,0,2,2079,2079,100,1,O,0,0,0,0,2,,,,,,0,0,,,,,0
104.454285,1779967254.45248,10969,,BS2DCE,,f,0,3,2539,2539,100,1,O,0,0,0,0,2,,,,,,0,0,,,,,0
104.454285,1779967254.45248,10969,,BS2DCE,,f,0,4,2024,2024,100,1,O,0,0,0,0,2,,,,,,0,0,,,,,0
104.454285,1779967254.45248,10969,,BS2DCE,,f,0,5,1601,1601,100,1,O,0,0,0,0,2,,,,,,0,0,,,,,0
104.454285,1779967254.45248,10969,,BS2DCE,,f,0,6,1872,1872,100,1,O,0,0,0,0,2,,,,,,0,0,,,,,0
104.454285,1779967254.45248,10969,,BS2DCE,,f,0,7,2239,2239,100,1,O,0,0,0,0,2,,,,,,0,0,,,,,0
104.599917,1779967254.598112,10970,,BS2DCE,,f,0,0,2231,2231,100,1,O,0,0,0,0,2,,,,,,0,0,,,,,0
104.599917,1779967254.598112,10970,,BS2DCE,,f,0,1,2021,2021,100,1,O,0,0,0,0,2,,,,,,0,0,,,,,0
104.599917,1779967254.598112,10970,,BS2DCE,,f,0,2,2139,2139,100,1,O,0,0,0,0,2,,,,,,0,0,,,,,0
104.599917,1779967254.598112,10970,,BS2DCE,,f,0,3,2469,2469,100,1,O,0,0,0,0,2,,,,,,0,0,,,,,0
104.599917,1779967254.598112,10970,,BS2DCE,,f,0,4,1948,1948,100,1,O,0,0,0,0,2,,,,,,0,0,,,,,0
104.599917,1779967254.598112,10970,,BS2DCE,,f,0,5,1707,1707,100,1,O,0,0,0,0,2,,,,,,0,0,,,,,0
104.599917,1779967254.598112,10970,,BS2DCE,,f,0,6,1931,1931,100,1,O,0,0,0,0,2,,,,,,0,0,,,,,0
104.599917,1779967254.598112,10970,,BS2DCE,,f,0,7,2103,2103,100,1,O,0,0,0,0,2,,,,,,0,0,,,,,0
104.655888,1779967254.654083,10971,,BS2DCE,,f,0,0,2202,2202,100,1,O,0,0,0,0,2,,,,,,0,0,,,,,0
104.655888,1779967254.654083,10971,,BS2DCE,,f,0,1,2022,2022,100,1,O,0,0,0,0,2,,,,,,0,0,,,,,0
104.655888,1779967254.654083,10971,,BS2DCE,,f,0,2,2232,2232,100,1,O,0,0,0,0,2,,,,,,0,0,,,,,0
104.655888,1779967254.654083,10971,,BS2DCE,,f,0,3,2510,2510,100,1,O,0,0,0,0,2,,,,,,0,0,,,,,0
104.655888,1779967254.654083,10971,,BS2DCE,,f,0,4,1884,1884,100,1,O,0,0,0,0,2,,,,,,0,0,,,,,0
104.655888,1779967254.654083,10971,,BS2DCE,,f,0,5,1800,1800,100,1,O,0,0,0,0,2,,,,,,0,0,,,,,0
104.655888,1779967254.654083,10971,,BS2DCE,,f,0,6,2031,2031,100,1,O,0,0,0,0,2,,,,,,0,0,,,,,0
104.655888,1779967254.654083,10971,,BS2DCE,,f,0,7,2042,2042,100,1,O,0,0,0,0,2,,,,,,0,0,,,,,0
104.760905,1779967254.7591,10972,,BS2DCE,,f,0,0,2114,2114,100,1,O,0,0,0,0,2,,,,,,0,0,,,,,0
104.760905,1779967254.7591,10972,,BS2DCE,,f,0,1,2117,2117,100,1,O,0,0,0,0,2,,,,,,0,0,,,,,0
104.760905,1779967254.7591,10972,,BS2DCE,,f,0,2,2339,2339,100,1,O,0,0,0,0,2,,,,,,0,0,,,,,0
104.760905,1779967254.7591,10972,,BS2DCE,,f,0,3,2471,2471,100,1,O,0,0,0,0,2,,,,,,0,0,,,,,0
104.760905,1779967254.7591,10972,,BS2DCE,,f,0,4,1726,1726,100,1,O,0,0,0,0,2,,,,,,0,0,,,,,0
104.760905,1779967254.7591,10972,,BS2DCE,,f,0,5,1831,1831,100,1,O,0,0,0,0,2,,,,,,0,0,,,,,0
104.760905,1779967254.7591,10972,,BS2DCE,,f,0,6,2082,2082,100,1,O,0,0,0,0,2,,,,,,0,0,,,,,0
104.760905,1779967254.7591,10972,,BS2DCE,,f,0,7,2021,2021,100,1,O,0,0,0,0,2,,,,,,0,0,,,,,0
104.850948,1779967254.849143,10973,,BS2DCE,,f,0,0,2125,2125,100,1,O,0,0,0,0,2,,,,,,0,0,,,,,0
104.850948,1779967254.849143,10973,,BS2DCE,,f,0,1,2096,2096,100,1,O,0,0,0,0,2,,,,,,0,0,,,,,0
104.850948,1779967254.849143,10973,,BS2DCE,,f,0,2,2292,2292,100,1,O,0,0,0,0,2,,,,,,0,0,,,,,0
104.850948,1779967254.849143,10973,,BS2DCE,,f,0,3,2276,2276,100,1,O,0,0,0,0,2,,,,,,0,0,,,,,0
104.850948,1779967254.849143,10973,,BS2DCE,,f,0,4,1726,1726,100,1,O,0,0,0,0,2,,,,,,0,0,,,,,0
104.850948,1779967254.849143,10973,,BS2DCE,,f,0,5,1903,1903,100,1,O,0,0,0,0,2,,,,,,0,0,,,,,0
104.850948,1779967254.849143,10973,,BS2DCE,,f,0,6,2039,2039,100,1,O,0,0,0,0,2,,,,,,0,0,,,,,0
104.850948,1779967254.849143,10973,,BS2DCE,,f,0,7,1940,1940,100,1,O,0,0,0,0,2,,,,,,0,0,,,,,0
104.970949,1779967254.969144,10974,,BS2DCE,,f,0,0,2135,2135,100,1,O,0,0,0,0,2,,,,,,0,0,,,,,0
104.970949,1779967254.969144,10974,,BS2DCE,,f,0,1,2199,2199,100,1,O,0,0,0,0,2,,,,,,0,0,,,,,0
104.970949,1779967254.969144,10974,,BS2DCE,,f,0,2,2308,2308,100,1,O,0,0,0,0,2,,,,,,0,0,,,,,0
104.970949,1779967254.969144,10974,,BS2DCE,,f,0,3,2219,2219,100,1,O,0,0,0,0,2,,,,,,0,0,,,,,0
104.970949,1779967254.969144,10974,,BS2DCE,,f,0,4,1663,1663,100,1,O,0,0,0,0,2,,,,,,0,0,,,,,0
104.970949,1779967254.969144,10974,,BS2DCE,,f,0,5,1875,1875,100,1,O,0,0,0,0,2,,,,,,0,0,,,,,0
104.970949,1779967254.969144,10974,,BS2DCE,,f,0,6,2090,2090,100,1,O,0,0,0,0,2,,,,,,0,0,,,,,0
104.970949,1779967254.969144,10974,,BS2DCE,,f,0,7,1852,1852,100,1,O,0,0,0,0,2,,,,,,0,0,,,,,0
105.053452,1779967255.051647,10975,,BS2DCE,,f,0,0,2066,2066,100,1,O,0,0,0,0,2,,,,,,0,0,,,,,0
105.053452,1779967255.051647,10975,,BS2DCE,,f,0,1,2542,2542,100,1,O,0,0,0,0,2,,,,,,0,0,,,,,0
105.053452,1779967255.051647,10975,,BS2DCE,,f,0,2,2359,2359,100,1,O,0,0,0,0,2,,,,,,0,0,,,,,0
105.053452,1779967255.051647,10975,,BS2DCE,,f,0,3,2204,2204,100,1,O,0,0,0,0,2,,,,,,0,0,,,,,0
105.053452,1779967255.051647,10975,,BS2DCE,,f,0,4,1695,1695,100,1,O,0,0,0,0,2,,,,,,0,0,,,,,0
105.053452,1779967255.051647,10975,,BS2DCE,,f,0,5,2015,2015,100,1,O,0,0,0,0,2,,,,,,0,0,,,,,0
105.053452,1779967255.051647,10975,,BS2DCE,,f,0,6,2155,2155,100,1,O,0,0,0,0,2,,,,,,0,0,,,,,0
105.053452,1779967255.051647,10975,,BS2DCE,,f,0,7,1876,1876,100,1,O,0,0,0,0,2,,,,,,0,0,,,,,0
105.172312,1779967255.170507,10976,,BS2DCE,,f,0,0,2047,2047,100,1,O,0,0,0,0,2,,,,,,0,0,,,,,0
105.172312,1779967255.170507,10976,,BS2DCE,,f,0,1,2476,2476,100,1,O,0,0,0,0,2,,,,,,0,0,,,,,0
105.172312,1779967255.170507,10976,,BS2DCE,,f,0,2,2410,2410,100,1,O,0,0,0,0,2,,,,,,0,0,,,,,0
105.172312,1779967255.170507,10976,,BS2DCE,,f,0,3,2150,2150,100,1,O,0,0,0,0,2,,,,,,0,0,,,,,0
105.172312,1779967255.170507,10976,,BS2DCE,,f,0,4,1722,1722,100,1,O,0,0,0,0,2,,,,,,0,0,,,,,0
105.172312,1779967255.170507,10976,,BS2DCE,,f,0,5,2082,2082,100,1,O,0,0,0,0,2,,,,,,0,0,,,,,0
105.172312,1779967255.170507,10976,,BS2DCE,,f,0,6,2145,2145,100,1,O,0,0,0,0,2,,,,,,0,0,,,,,0
105.172312,1779967255.170507,10976,,BS2DCE,,f,0,7,1854,1854,100,1,O,0,0,0,0,2,,,,,,0,0,,,,,0
105.255773,1779967255.253968,10977,,BS2DCE,,f,0,0,2027,2027,100,1,O,0,0,0,0,2,,,,,,0,0,,,,,0
105.255773,1779967255.253968,10977,,BS2DCE,,f,0,1,2402,2402,100,1,O,0,0,0,0,2,,,,,,0,0,,,,,0
105.255773,1779967255.253968,10977,,BS2DCE,,f,0,2,3209,3209,100,1,O,0,0,0,0,2,,,,,,0,0,,,,,0
105.255773,1779967255.253968,10977,,BS2DCE,,f,0,3,2103,2103,100,1,O,0,0,0,0,2,,,,,,0,0,,,,,0
105.255773,1779967255.253968,10977,,BS2DCE,,f,0,4,1699,1699,100,1,O,0,0,0,0,2,,,,,,0,0,,,,,0
105.255773,1779967255.253968,10977,,BS2DCE,,f,0,5,2111,2111,100,1,O,0,0,0,0,2,,,,,,0,0,,,,,0
105.255773,1779967255.253968,10977,,BS2DCE,,f,0,6,2202,2202,100,1,O,0,0,0,0,2,,,,,,0,0,,,,,0
105.255773,1779967255.253968,10977,,BS2DCE,,f,0,7,1770,1770,100,1,O,0,0,0,0,2,,,,,,0,0,,,,,0
105.415627,1779967255.413822,10978,,BS2DCE,,f,0,0,1998,1998,100,1,O,0,0,0,0,2,,,,,,0,0,,,,,0
105.415627,1779967255.413822,10978,,BS2DCE,,f,0,1,2436,2436,100,1,O,0,0,0,0,2,,,,,,0,0,,,,,0
105.415627,1779967255.413822,10978,,BS2DCE,,f,0,2,2551,2551,100,1,O,0,0,0,0,2,,,,,,0,0,,,,,0
105.415627,1779967255.413822,10978,,BS2DCE,,f,0,3,1992,1992,100,1,O,0,0,0,0,2,,,,,,0,0,,,,,0
105.415627,1779967255.413822,10978,,BS2DCE,,f,0,4,1779,1779,100,1,O,0,0,0,0,2,,,,,,0,0,,,,,0
105.415627,1779967255.413822,10978,,BS2DCE,,f,0,5,2164,2164,100,1,O,0,0,0,0,2,,,,,,0,0,,,,,0
105.415627,1779967255.413822,10978,,BS2DCE,,f,0,6,2201,2201,100,1,O,0,0,0,0,2,,,,,,0,0,,,,,0
105.415627,1779967255.413822,10978,,BS2DCE,,f,0,7,1777,1777,100,1,O,0,0,0,0,2,,,,,,0,0,,,,,0
105.480912,1779967255.479107,10979,,BS2DCE,,f,0,0,1910,1910,100,1,O,0,0,0,0,2,,,,,,0,0,,,,,0
105.480912,1779967255.479107,10979,,BS2DCE,,f,0,1,2438,2438,100,1,O,0,0,0,0,2,,,,,,0,0,,,,,0
105.480912,1779967255.479107,10979,,BS2DCE,,f,0,2,2390,2390,100,1,O,0,0,0,0,2,,,,,,0,0,,,,,0
105.480912,1779967255.479107,10979,,BS2DCE,,f,0,3,1929,1929,100,1,O,0,0,0,0,2,,,,,,0,0,,,,,0
105.480912,1779967255.479107,10979,,BS2DCE,,f,0,4,1763,1763,100,1,O,0,0,0,0,2,,,,,,0,0,,,,,0
105.480912,1779967255.479107,10979,,BS2DCE,,f,0,5,2280,2280,100,1,O,0,0,0,0,2,,,,,,0,0,,,,,0
105.480912,1779967255.479107,10979,,BS2DCE,,f,0,6,2277,2277,100,1,O,0,0,0,0,2,,,,,,0,0,,,,,0
105.480912,1779967255.479107,10979,,BS2DCE,,f,0,7,1779,1779,100,1,O,0,0,0,0,2,,,,,,0,0,,,,,0
105.570753,1779967255.568948,10980,,BS2DCE,,f,0,0,1900,1900,100,1,O,0,0,0,0,2,,,,,,0,0,,,,,0
105.570753,1779967255.568948,10980,,BS2DCE,,f,0,1,2376,2376,100,1,O,0,0,0,0,2,,,,,,0,0,,,,,0
105.570753,1779967255.568948,10980,,BS2DCE,,f,0,2,2347,2347,100,1,O,0,0,0,0,2,,,,,,0,0,,,,,0
105.570753,1779967255.568948,10980,,BS2DCE,,f,0,3,1880,1880,100,1,O,0,0,0,0,2,,,,,,0,0,,,,,0
105.570753,1779967255.568948,10980,,BS2DCE,,f,0,4,0,1763,95,0,T,0,0,0,0,2,,,,,,0,0,,,,,0
105.570753,1779967255.568948,10980,,BS2DCE,,f,0,5,2307,2307,100,1,O,0,0,0,0,2,,,,,,0,0,,,,,0
105.570753,1779967255.568948,10980,,BS2DCE,,f,0,6,2251,2251,100,1,O,0,0,0,0,2,,,,,,0,0,,,,,0
105.570753,1779967255.568948,10980,,BS2DCE,,f,0,7,1756,1756,100,1,O,0,0,0,0,2,,,,,,0,0,,,,,0
105.653262,1779967255.651457,10981,,BS2DCE,,f,0,0,1925,1925,100,1,O,0,0,0,0,2,,,,,,0,0,,,,,0
105.653262,1779967255.651457,10981,,BS2DCE,,f,0,1,2368,2368,100,1,O,0,0,0,0,2,,,,,,0,0,,,,,0
105.653262,1779967255.651457,10981,,BS2DCE,,f,0,2,2317,2317,100,1,O,0,0,0,0,2,,,,,,0,0,,,,,0
105.653262,1779967255.651457,10981,,BS2DCE,,f,0,3,1754,1754,100,1,O,0,0,0,0,2,,,,,,0,0,,,,,0
105.653262,1779967255.651457,10981,,BS2DCE,,f,0,4,1763,1763,95,1,O,0,0,0,0,2,,,,,,0,0,,,,,0
105.653262,1779967255.651457,10981,,BS2DCE,,f,0,5,2344,2344,100,1,O,0,0,0,0,2,,,,,,0,0,,,,,0
105.653262,1779967255.651457,10981,,BS2DCE,,f,0,6,2246,2246,100,1,O,0,0,0,0,2,,,,,,0,0,,,,,0
105.653262,1779967255.651457,10981,,BS2DCE,,f,0,7,1689,1689,100,1,O,0,0,0,0,2,,,,,,0,0,,,,,0
105.758299,1779967255.756494,10982,,BS2DCE,,f,0,0,1911,1911,100,1,O,0,0,0,0,2,,,,,,0,0,,,,,0
105.758299,1779967255.756494,10982,,BS2DCE,,f,0,1,2496,2496,100,1,O,0,0,0,0,2,,,,,,0,0,,,,,0
105.758299,1779967255.756494,10982,,BS2DCE,,f,0,2,2300,2300,100,1,O,0,0,0,0,2,,,,,,0,0,,,,,0
105.758299,1779967255.756494,10982,,BS2DCE,,f,0,3,1686,1686,100,1,O,0,0,0,0,2,,,,,,0,0,,,,,0
105.758299,1779967255.756494,10982,,BS2DCE,,f,0,4,1866,1866,96,1,O,0,0,0,0,2,,,,,,0,0,,,,,0
105.758299,1779967255.756494,10982,,BS2DCE,,f,0,5,2416,2416,100,1,O,0,0,0,0,2,,,,,,0,0,,,,,0
105.758299,1779967255.756494,10982,,BS2DCE,,f,0,6,2250,2250,100,1,O,0,0,0,0,2,,,,,,0,0,,,,,0
105.758299,1779967255.756494,10982,,BS2DCE,,f,0,7,1630,1630,100,1,O,0,0,0,0,2,,,,,,0,0,,,,,0
105.85563,1779967255.853825,10983,,BS2DCE,,f,0,0,1955,1955,100,1,O,0,0,0,0,2,,,,,,0,0,,,,,0
105.85563,1779967255.853825,10983,,BS2DCE,,f,0,1,2640,2640,100,1,O,0,0,0,0,2,,,,,,0,0,,,,,0
105.85563,1779967255.853825,10983,,BS2DCE,,f,0,2,2237,2237,100,1,O,0,0,0,0,2,,,,,,0,0,,,,,0
105.85563,1779967255.853825,10983,,BS2DCE,,f,0,3,1680,1680,100,1,O,0,0,0,0,2,,,,,,0,0,,,,,0
105.85563,1779967255.853825,10983,,BS2DCE,,f,0,4,1847,1847,96,1,O,0,0,0,0,2,,,,,,0,0,,,,,0
105.85563,1779967255.853825,10983,,BS2DCE,,f,0,5,2378,2378,100,1,O,0,0,0,0,2,,,,,,0,0,,,,,0
105.85563,1779967255.853825,10983,,BS2DCE,,f,0,6,2218,2218,100,1,O,0,0,0,0,2,,,,,,0,0,,,,,0
105.85563,1779967255.853825,10983,,BS2DCE,,f,0,7,1658,1658,100,1,O,0,0,0,0,2,,,,,,0,0,,,,,0
105.960791,1779967255.958986,10984,,BS2DCE,,f,0,0,2010,2010,100,1,O,0,0,0,0,2,,,,,,0,0,,,,,0
105.960791,1779967255.958986,10984,,BS2DCE,,f,0,1,2658,2658,100,1,O,0,0,0,0,2,,,,,,0,0,,,,,0
105.960791,1779967255.958986,10984,,BS2DCE,,f,0,2,2128,2128,100,1,O,0,0,0,0,2,,,,,,0,0,,,,,0
105.960791,1779967255.958986,10984,,BS2DCE,,f,0,3,1673,1673,100,1,O,0,0,0,0,2,,,,,,0,0,,,,,0
105.960791,1779967255.958986,10984,,BS2DCE,,f,0,4,1930,1930,96,1,O,0,0,0,0,2,,,,,,0,0,,,,,0
105.960791,1779967255.958986,10984,,BS2DCE,,f,0,5,2377,2377,100,1,O,0,0,0,0,2,,,,,,0,0,,,,,0
105.960791,1779967255.958986,10984,,BS2DCE,,f,0,6,2211,2211,100,1,O,0,0,0,0,2,,,,,,0,0,,,,,0
105.960791,1779967255.958986,10984,,BS2DCE,,f,0,7,1634,1634,100,1,O,0,0,0,0,2,,,,,,0,0,,,,,0
106.05083,1779967256.049025,10985,,BS2DCE,,f,0,0,2086,2086,100,1,O,0,0,0,0,2,,,,,,0,0,,,,,0
106.05083,1779967256.049025,10985,,BS2DCE,,f,0,1,2643,2643,100,1,O,0,0,0,0,2,,,,,,0,0,,,,,0
106.05083,1779967256.049025,10985,,BS2DCE,,f,0,2,2063,2063,100,1,O,0,0,0,0,2,,,,,,0,0,,,,,0
106.05083,1779967256.049025,10985,,BS2DCE,,f,0,3,1611,1611,100,1,O,0,0,0,0,2,,,,,,0,0,,,,,0
106.05083,1779967256.049025,10985,,BS2DCE,,f,0,4,1982,1982,96,1,O,0,0,0,0,2,,,,,,0,0,,,,,0
106.05083,1779967256.049025,10985,,BS2DCE,,f,0,5,2333,2333,100,1,O,0,0,0,0,2,,,,,,0,0,,,,,0
106.05083,1779967256.049025,10985,,BS2DCE,,f,0,6,2160,2160,100,1,O,0,0,0,0,2,,,,,,0,0,,,,,0
106.05083,1779967256.049025,10985,,BS2DCE,,f,0,7,1712,1712,100,1,O,0,0,0,0,2,,,,,,0,0,,,,,0
106.200725,1779967256.19892,10986,,BS2DCE,,f,0,0,2197,2197,100,1,O,0,0,0,0,2,,,,,,0,0,,,,,0
106.200725,1779967256.19892,10986,,BS2DCE,,f,0,1,2625,2625,100,1,O,0,0,0,0,2,,,,,,0,0,,,,,0
106.200725,1779967256.19892,10986,,BS2DCE,,f,0,2,1989,1989,100,1,O,0,0,0,0,2,,,,,,0,0,,,,,0
106.200725,1779967256.19892,10986,,BS2DCE,,f,0,3,1574,1574,100,1,O,0,0,0,0,2,,,,,,0,0,,,,,0
106.200725,1779967256.19892,10986,,BS2DCE,,f,0,4,1980,1980,96,1,O,0,0,0,0,2,,,,,,0,0,,,,,0
106.200725,1779967256.19892,10986,,BS2DCE,,f,0,5,2447,2447,100,1,O,0,0,0,0,2,,,,,,0,0,,,,,0
106.200725,1779967256.19892,10986,,BS2DCE,,f,0,6,2178,2178,100,1,O,0,0,0,0,2,,,,,,0,0,,,,,0
106.200725,1779967256.19892,10986,,BS2DCE,,f,0,7,1749,1749,100,1,O,0,0,0,0,2,,,,,,0,0,,,,,0
106.254192,1779967256.252387,10987,,BS2DCE,,f,0,0,2369,2369,100,1,O,0,0,0,0,2,,,,,,0,0,,,,,0
106.254192,1779967256.252387,10987,,BS2DCE,,f,0,1,2453,2453,100,1,O,0,0,0,0,2,,,,,,0,0,,,,,0
106.254192,1779967256.252387,10987,,BS2DCE,,f,0,2,1994,1994,100,1,O,0,0,0,0,2,,,,,,0,0,,,,,0
106.254192,1779967256.252387,10987,,BS2DCE,,f,0,3,1591,1591,100,1,O,0,0,0,0,2,,,,,,0,0,,,,,0
106.254192,1779967256.252387,10987,,BS2DCE,,f,0,4,2074,2074,96,1,O,0,0,0,0,2,,,,,,0,0,,,,,0
106.254192,1779967256.252387,10987,,BS2DCE,,f,0,5,2641,2641,100,1,O,0,0,0,0,2,,,,,,0,0,,,,,0
106.254192,1779967256.252387,10987,,BS2DCE,,f,0,6,2184,2184,100,1,O,0,0,0,0,2,,,,,,0,0,,,,,0
106.254192,1779967256.252387,10987,,BS2DCE,,f,0,7,1757,1757,100,1,O,0,0,0,0,2,,,,,,0,0,,,,,0
106.428229,1779967256.426424,10988,,BS2DCE,,f,0,0,2487,2487,100,1,O,0,0,0,0,2,,,,,,0,0,,,,,0
106.428229,1779967256.426424,10988,,BS2DCE,,f,0,1,2477,2477,100,1,O,0,0,0,0,2,,,,,,0,0,,,,,0
106.428229,1779967256.426424,10988,,BS2DCE,,f,0,2,2017,2017,100,1,O,0,0,0,0,2,,,,,,0,0,,,,,0
106.428229,1779967256.426424,10988,,BS2DCE,,f,0,3,1596,1596,100,1,O,0,0,0,0,2,,,,,,0,0,,,,,0
106.428229,1779967256.426424,10988,,BS2DCE,,f,0,4,2130,2130,96,1,O,0,0,0,0,2,,,,,,0,0,,,,,0
106.428229,1779967256.426424,10988,,BS2DCE,,f,0,5,2629,2629,100,1,O,0,0,0,0,2,,,,,,0,0,,,,,0
106.428229,1779967256.426424,10988,,BS2DCE,,f,0,6,2220,2220,100,1,O,0,0,0,0,2,,,,,,0,0,,,,,0
106.428229,1779967256.426424,10988,,BS2DCE,,f,0,7,1762,1762,100,1,O,0,0,0,0,2,,,,,,0,0,,,,,0
106.455778,1779967256.453973,10989,,BS2DCE,,f,0,0,2196,2196,100,1,O,0,0,0,0,2,,,,,,0,0,,,,,0
106.455778,1779967256.453973,10989,,BS2DCE,,f,0,1,2425,2425,100,1,O,0,0,0,0,2,,,,,,0,0,,,,,0
106.455778,1779967256.453973,10989,,BS2DCE,,f,0,2,2062,2062,100,1,O,0,0,0,0,2,,,,,,0,0,,,,,0
106.455778,1779967256.453973,10989,,BS2DCE,,f,0,3,1830,1830,100,1,O,0,0,0,0,2,,,,,,0,0,,,,,0
106.455778,1779967256.453973,10989,,BS2DCE,,f,0,4,2113,2113,96,1,O,0,0,0,0,2,,,,,,0,0,,,,,0
106.455778,1779967256.453973,10989,,BS2DCE,,f,0,5,2705,2705,100,1,O,0,0,0,0,2,,,,,,0,0,,,,,0
106.455778,1779967256.453973,10989,,BS2DCE,,f,0,6,2290,2290,100,1,O,0,0,0,0,2,,,,,,0,0,,,,,0
106.455778,1779967256.453973,10989,,BS2DCE,,f,0,7,1772,1772,100,1,O,0,0,0,0,2,,,,,,0,0,,,,,0
106.560621,1779967256.558816,10990,,BS2DCE,,f,0,0,2161,2161,100,1,O,0,0,0,0,2,,,,,,0,0,,,,,0
106.560621,1779967256.558816,10990,,BS2DCE,,f,0,1,2303,2303,100,1,O,0,0,0,0,2,,,,,,0,0,,,,,0
106.560621,1779967256.558816,10990,,BS2DCE,,f,0,2,1849,1849,100,1,O,0,0,0,0,2,,,,,,0,0,,,,,0
106.560621,1779967256.558816,10990,,BS2DCE,,f,0,3,1892,1892,100,1,O,0,0,0,0,2,,,,,,0,0,,,,,0
106.560621,1779967256.558816,10990,,BS2DCE,,f,0,4,2145,2145,100,1,O,0,0,0,0,2,,,,,,0,0,,,,,0
106.560621,1779967256.558816,10990,,BS2DCE,,f,0,5,2602,2602,100,1,O,0,0,0,0,2,,,,,,0,0,,,,,0
106.560621,1779967256.558816,10990,,BS2DCE,,f,0,6,2294,2294,100,1,O,0,0,0,0,2,,,,,,0,0,,,,,0
106.560621,1779967256.558816,10990,,BS2DCE,,f,0,7,1737,1737,100,1,O,0,0,0,0,2,,,,,,0,0,,,,,0
106.666132,1779967256.664327,10991,,BS2DCE,,f,0,0,2124,2124,100,1,O,0,0,0,0,2,,,,,,0,0,,,,,0
106.666132,1779967256.664327,10991,,BS2DCE,,f,0,1,2274,2274,100,1,O,0,0,0,0,2,,,,,,0,0,,,,,0
106.666132,1779967256.664327,10991,,BS2DCE,,f,0,2,1829,1829,100,1,O,0,0,0,0,2,,,,,,0,0,,,,,0
106.666132,1779967256.664327,10991,,BS2DCE,,f,0,3,1869,1869,100,1,O,0,0,0,0,2,,,,,,0,0,,,,,0
106.666132,1779967256.664327,10991,,BS2DCE,,f,0,4,2228,2228,100,1,O,0,0,0,0,2,,,,,,0,0,,,,,0
106.666132,1779967256.664327,10991,,BS2DCE,,f,0,5,2506,2506,100,1,O,0,0,0,0,2,,,,,,0,0,,,,,0
106.666132,1779967256.664327,10991,,BS2DCE,,f,0,6,2310,2310,100,1,O,0,0,0,0,2,,,,,,0,0,,,,,0
106.666132,1779967256.664327,10991,,BS2DCE,,f,0,7,1740,1740,100,1,O,0,0,0,0,2,,,,,,0,0,,,,,0
106.771226,1779967256.769421,10992,,BS2DCE,,f,0,0,2213,2213,100,1,O,0,0,0,0,2,,,,,,0,0,,,,,0
106.771226,1779967256.769421,10992,,BS2DCE,,f,0,1,2319,2319,100,1,O,0,0,0,0,2,,,,,,0,0,,,,,0
106.771226,1779967256.769421,10992,,BS2DCE,,f,0,2,1806,1806,100,1,O,0,0,0,0,2,,,,,,0,0,,,,,0
106.771226,1779967256.769421,10992,,BS2DCE,,f,0,3,1778,1778,100,1,O,0,0,0,0,2,,,,,,0,0,,,,,0
106.771226,1779967256.769421,10992,,BS2DCE,,f,0,4,2171,2171,100,1,O,0,0,0,0,2,,,,,,0,0,,,,,0
106.771226,1779967256.769421,10992,,BS2DCE,,f,0,5,2456,2456,100,1,O,0,0,0,0,2,,,,,,0,0,,,,,0
106.771226,1779967256.769421,10992,,BS2DCE,,f,0,6,2247,2247,100,1,O,0,0,0,0,2,,,,,,0,0,,,,,0
106.771226,1779967256.769421,10992,,BS2DCE,,f,0,7,1812,1812,100,1,O,0,0,0,0,2,,,,,,0,0,,,,,0
106.853281,1779967256.851476,10993,,BS2DCE,,f,0,0,2172,2172,100,1,O,0,0,0,0,2,,,,,,0,0,,,,,0
106.853281,1779967256.851476,10993,,BS2DCE,,f,0,1,2263,2263,100,1,O,0,0,0,0,2,,,,,,0,0,,,,,0
106.853281,1779967256.851476,10993,,BS2DCE,,f,0,2,1770,1770,100,1,O,0,0,0,0,2,,,,,,0,0,,,,,0
106.853281,1779967256.851476,10993,,BS2DCE,,f,0,3,1797,1797,100,1,O,0,0,0,0,2,,,,,,0,0,,,,,0
106.853281,1779967256.851476,10993,,BS2DCE,,f,0,4,2238,2238,100,1,O,0,0,0,0,2,,,,,,0,0,,,,,0
106.853281,1779967256.851476,10993,,BS2DCE,,f,0,5,2318,2318,100,1,O,0,0,0,0,2,,,,,,0,0,,,,,0
106.853281,1779967256.851476,10993,,BS2DCE,,f,0,6,2174,2174,100,1,O,0,0,0,0,2,,,,,,0,0,,,,,0
106.853281,1779967256.851476,10993,,BS2DCE,,f,0,7,1841,1841,100,1,O,0,0,0,0,2,,,,,,0,0,,,,,0
106.958319,1779967256.956514,10994,,BS2DCE,,f,0,0,2207,2207,100,1,O,0,0,0,0,2,,,,,,0,0,,,,,0
106.958319,1779967256.956514,10994,,BS2DCE,,f,0,1,2187,2187,100,1,O,0,0,0,0,2,,,,,,0,0,,,,,0
106.958319,1779967256.956514,10994,,BS2DCE,,f,0,2,1773,1773,100,1,O,0,0,0,0,2,,,,,,0,0,,,,,0
106.958319,1779967256.956514,10994,,BS2DCE,,f,0,3,1841,1841,100,1,O,0,0,0,0,2,,,,,,0,0,,,,,0
106.958319,1779967256.956514,10994,,BS2DCE,,f,0,4,2278,2278,100,1,O,0,0,0,0,2,,,,,,0,0,,,,,0
106.958319,1779967256.956514,10994,,BS2DCE,,f,0,5,2406,2406,100,1,O,0,0,0,0,2,,,,,,0,0,,,,,0
106.958319,1779967256.956514,10994,,BS2DCE,,f,0,6,2091,2091,100,1,O,0,0,0,0,2,,,,,,0,0,,,,,0
106.958319,1779967256.956514,10994,,BS2DCE,,f,0,7,1869,1869,100,1,O,0,0,0,0,2,,,,,,0,0,,,,,0
107.055933,1779967257.054128,10995,,BS2DCE,,f,0,0,2173,2173,100,1,O,0,0,0,0,2,,,,,,0,0,,,,,0
107.055933,1779967257.054128,10995,,BS2DCE,,f,0,1,2219,2219,100,1,O,0,0,0,0,2,,,,,,0,0,,,,,0
107.055933,1779967257.054128,10995,,BS2DCE,,f,0,2,1726,1726,100,1,O,0,0,0,0,2,,,,,,0,0,,,,,0
107.055933,1779967257.054128,10995,,BS2DCE,,f,0,3,1938,1938,100,1,O,0,0,0,0,2,,,,,,0,0,,,,,0
107.055933,1779967257.054128,10995,,BS2DCE,,f,0,4,2256,2256,100,1,O,0,0,0,0,2,,,,,,0,0,,,,,0
107.055933,1779967257.054128,10995,,BS2DCE,,f,0,5,2319,2319,100,1,O,0,0,0,0,2,,,,,,0,0,,,,,0
107.055933,1779967257.054128,10995,,BS2DCE,,f,0,6,2036,2036,100,1,O,0,0,0,0,2,,,,,,0,0,,,,,0
107.055933,1779967257.054128,10995,,BS2DCE,,f,0,7,1905,1905,100,1,O,0,0,0,0,2,,,,,,0,0,,,,,0
107.160904,1779967257.159099,10996,,BS2DCE,,f,0,0,2246,2246,100,1,O,0,0,0,0,2,,,,,,0,0,,,,,0
107.160904,1779967257.159099,10996,,BS2DCE,,f,0,1,2110,2110,100,1,O,0,0,0,0,2,,,,,,0,0,,,,,0
107.160904,1779967257.159099,10996,,BS2DCE,,f,0,2,1648,1648,100,1,O,0,0,0,0,2,,,,,,0,0,,,,,0
107.160904,1779967257.159099,10996,,BS2DCE,,f,0,3,1817,1817,100,1,O,0,0,0,0,2,,,,,,0,0,,,,,0
107.160904,1779967257.159099,10996,,BS2DCE,,f,0,4,2297,2297,100,1,O,0,0,0,0,2,,,,,,0,0,,,,,0
107.160904,1779967257.159099,10996,,BS2DCE,,f,0,5,1745,1745,100,1,O,0,0,0,0,2,,,,,,0,0,,,,,0
107.160904,1779967257.159099,10996,,BS2DCE,,f,0,6,1905,1905,100,1,O,0,0,0,0,2,,,,,,0,0,,,,,0
107.160904,1779967257.159099,10996,,BS2DCE,,f,0,7,1878,1878,100,1,O,0,0,0,0,2,,,,,,0,0,,,,,0
107.280724,1779967257.278919,10997,,BS2DCE,,f,0,0,2260,2260,100,1,O,0,0,0,0,2,,,,,,0,0,,,,,0
107.280724,1779967257.278919,10997,,BS2DCE,,f,0,1,2164,2164,100,1,O,0,0,0,0,2,,,,,,0,0,,,,,0
107.280724,1779967257.278919,10997,,BS2DCE,,f,0,2,1607,1607,100,1,O,0,0,0,0,2,,,,,,0,0,,,,,0
107.280724,1779967257.278919,10997,,BS2DCE,,f,0,3,1829,1829,100,1,O,0,0,0,0,2,,,,,,0,0,,,,,0
107.280724,1779967257.278919,10997,,BS2DCE,,f,0,4,2373,2373,100,1,O,0,0,0,0,2,,,,,,0,0,,,,,0
107.280724,1779967257.278919,10997,,BS2DCE,,f,0,5,2351,2351,100,1,O,0,0,0,0,2,,,,,,0,0,,,,,0
107.280724,1779967257.278919,10997,,BS2DCE,,f,0,6,1910,1910,100,1,O,0,0,0,0,2,,,,,,0,0,,,,,0
107.280724,1779967257.278919,10997,,BS2DCE,,f,0,7,1941,1941,100,1,O,0,0,0,0,2,,,,,,0,0,,,,,0
107.418025,1779967257.41622,10998,,BS2DCE,,f,0,0,2290,2290,100,1,O,0,0,0,0,2,,,,,,0,0,,,,,0
107.418025,1779967257.41622,10998,,BS2DCE,,f,0,1,2087,2087,100,1,O,0,0,0,0,2,,,,,,0,0,,,,,0
107.418025,1779967257.41622,10998,,BS2DCE,,f,0,2,1532,1532,100,1,O,0,0,0,0,2,,,,,,0,0,,,,,0
107.418025,1779967257.41622,10998,,BS2DCE,,f,0,3,1785,1785,100,1,O,0,0,0,0,2,,,,,,0,0,,,,,0
107.418025,1779967257.41622,10998,,BS2DCE,,f,0,4,2395,2395,100,1,O,0,0,0,0,2,,,,,,0,0,,,,,0
107.418025,1779967257.41622,10998,,BS2DCE,,f,0,5,2286,2286,100,1,O,0,0,0,0,2,,,,,,0,0,,,,,0
107.418025,1779967257.41622,10998,,BS2DCE,,f,0,6,1794,1794,100,1,O,0,0,0,0,2,,,,,,0,0,,,,,0
107.418025,1779967257.41622,10998,,BS2DCE,,f,0,7,1931,1931,100,1,O,0,0,0,0,2,,,,,,0,0,,,,,0
107.453264,1779967257.451459,10999,,BS2DCE,,f,0,0,2327,2327,100,1,O,0,0,0,0,2,,,,,,0,0,,,,,0
107.453264,1779967257.451459,10999,,BS2DCE,,f,0,1,2106,2106,100,1,O,0,0,0,0,2,,,,,,0,0,,,,,0
107.453264,1779967257.451459,10999,,BS2DCE,,f,0,2,0,1532,96,0,T,0,0,0,0,2,,,,,,0,0,,,,,0
107.453264,1779967257.451459,10999,,BS2DCE,,f,0,3,1922,1922,100,1,O,0,0,0,0,2,,,,,,0,0,,,,,0
107.453264,1779967257.451459,10999,,BS2DCE,,f,0,4,2456,2456,100,1,O,0,0,0,0,2,,,,,,0,0,,,,,0
107.453264,1779967257.451459,10999,,BS2DCE,,f,0,5,2269,2269,100,1,O,0,0,0,0,2,,,,,,0,0,,,,,0
107.453264,1779967257.451459,10999,,BS2DCE,,f,0,6,1810,1810,100,1,O,0,0,0,0,2,,,,,,0,0,,,,,0
107.453264,1779967257.451459,10999,,BS2DCE,,f,0,7,1927,1927,100,1,O,0,0,0,0,2,,,,,,0,0,,,,,0
107.573404,1779967257.571599,11000,,BS2DCE,,f,0,0,2321,2321,100,1,O,0,0,0,0,2,,,,,,0,0,,,,,0
107.573404,1779967257.571599,11000,,BS2DCE,,f,0,1,2070,2070,100,1,O,0,0,0,0,2,,,,,,0,0,,,,,0
107.573404,1779967257.571599,11000,,BS2DCE,,f,0,2,1509,1509,96,1,O,0,0,0,0,2,,,,,,0,0,,,,,0
107.573404,1779967257.571599,11000,,BS2DCE,,f,0,3,1921,1921,100,1,O,0,0,0,0,2,,,,,,0,0,,,,,0
107.573404,1779967257.571599,11000,,BS2DCE,,f,0,4,2447,2447,100,1,O,0,0,0,0,2,,,,,,0,0,,,,,0
107.573404,1779967257.571599,11000,,BS2DCE,,f,0,5,2208,2208,100,1,O,0,0,0,0,2,,,,,,0,0,,,,,0
107.573404,1779967257.571599,11000,,BS2DCE,,f,0,6,1797,1797,100,1,O,0,0,0,0,2,,,,,,0,0,,,,,0
107.573404,1779967257.571599,11000,,BS2DCE,,f,0,7,2013,2013,100,1,O,0,0,0,0,2,,,,,,0,0,,,,,0
107.655782,1779967257.653977,11001,,BS2DCE,,f,0,0,2386,2386,100,1,O,0,0,0,0,2,,,,,,0,0,,,,,0
107.655782,1779967257.653977,11001,,BS2DCE,,f,0,1,2052,2052,100,1,O,0,0,0,0,2,,,,,,0,0,,,,,0
107.655782,1779967257.653977,11001,,BS2DCE,,f,0,2,1535,1535,96,1,O,0,0,0,0,2,,,,,,0,0,,,,,0
107.655782,1779967257.653977,11001,,BS2DCE,,f,0,3,1945,1945,100,1,O,0,0,0,0,2,,,,,,0,0,,,,,0
107.655782,1779967257.653977,11001,,BS2DCE,,f,0,4,2492,2492,100,1,O,0,0,0,0,2,,,,,,0,0,,,,,0
107.655782,1779967257.653977,11001,,BS2DCE,,f,0,5,2257,2257,100,1,O,0,0,0,0,2,,,,,,0,0,,,,,0
107.655782,1779967257.653977,11001,,BS2DCE,,f,0,6,1716,1716,100,1,O,0,0,0,0,2,,,,,,0,0,,,,,0
107.655782,1779967257.653977,11001,,BS2DCE,,f,0,7,2027,2027,100,1,O,0,0,0,0,2,,,,,,0,0,,,,,0
107.764272,1779967257.762467,11002,,BS2DCE,,f,0,0,2417,2417,100,1,O,0,0,0,0,2,,,,,,0,0,,,,,0
107.764272,1779967257.762467,11002,,BS2DCE,,f,0,1,2069,2069,100,1,O,0,0,0,0,2,,,,,,0,0,,,,,0
107.764272,1779967257.762467,11002,,BS2DCE,,f,0,2,1467,1467,96,1,O,0,0,0,0,2,,,,,,0,0,,,,,0
107.764272,1779967257.762467,11002,,BS2DCE,,f,0,3,1932,1932,100,1,O,0,0,0,0,2,,,,,,0,0,,,,,0
107.764272,1779967257.762467,11002,,BS2DCE,,f,0,4,2509,2509,100,1,O,0,0,0,0,2,,,,,,0,0,,,,,0
107.764272,1779967257.762467,11002,,BS2DCE,,f,0,5,1817,1817,100,1,O,0,0,0,0,2,,,,,,0,0,,,,,0
107.764272,1779967257.762467,11002,,BS2DCE,,f,0,6,1711,1711,100,1,O,0,0,0,0,2,,,,,,0,0,,,,,0
107.764272,1779967257.762467,11002,,BS2DCE,,f,0,7,2064,2064,100,1,O,0,0,0,0,2,,,,,,0,0,,,,,0
107.850774,1779967257.848969,11003,,BS2DCE,,f,0,0,2419,2419,100,1,O,0,0,0,0,2,,,,,,0,0,,,,,0
107.850774,1779967257.848969,11003,,BS2DCE,,f,0,1,1997,1997,100,1,O,0,0,0,0,2,,,,,,0,0,,,,,0
107.850774,1779967257.848969,11003,,BS2DCE,,f,0,2,1426,1426,96,1,O,0,0,0,0,2,,,,,,0,0,,,,,0
107.850774,1779967257.848969,11003,,BS2DCE,,f,0,3,2011,2011,100,1,O,0,0,0,0,2,,,,,,0,0,,,,,0
107.850774,1779967257.848969,11003,,BS2DCE,,f,0,4,2481,2481,100,1,O,0,0,0,0,2,,,,,,0,0,,,,,0
107.850774,1779967257.848969,11003,,BS2DCE,,f,0,5,2241,2241,100,1,O,0,0,0,0,2,,,,,,0,0,,,,,0
107.850774,1779967257.848969,11003,,BS2DCE,,f,0,6,1756,1756,100,1,O,0,0,0,0,2,,,,,,0,0,,,,,0
107.850774,1779967257.848969,11003,,BS2DCE,,f,0,7,2042,2042,100,1,O,0,0,0,0,2,,,,,,0,0,,,,,0
108.000785,1779967257.99898,11004,,BS2DCE,,f,0,0,2425,2425,100,1,O,0,0,0,0,2,,,,,,0,0,,,,,0
108.000785,1779967257.99898,11004,,BS2DCE,,f,0,1,1935,1935,100,1,O,0,0,0,0,2,,,,,,0,0,,,,,0
108.000785,1779967257.99898,11004,,BS2DCE,,f,0,2,1433,1433,96,1,O,0,0,0,0,2,,,,,,0,0,,,,,0
108.000785,1779967257.99898,11004,,BS2DCE,,f,0,3,2023,2023,100,1,O,0,0,0,0,2,,,,,,0,0,,,,,0
108.000785,1779967257.99898,11004,,BS2DCE,,f,0,4,2557,2557,100,1,O,0,0,0,0,2,,,,,,0,0,,,,,0
108.000785,1779967257.99898,11004,,BS2DCE,,f,0,5,1985,1985,100,1,O,0,0,0,0,2,,,,,,0,0,,,,,0
108.000785,1779967257.99898,11004,,BS2DCE,,f,0,6,1685,1685,100,1,O,0,0,0,0,2,,,,,,0,0,,,,,0
108.000785,1779967257.99898,11004,,BS2DCE,,f,0,7,2064,2064,100,1,O,0,0,0,0,2,,,,,,0,0,,,,,0
108.053309,1779967258.051504,11005,,BS2DCE,,f,0,0,2462,2462,100,1,O,0,0,0,0,2,,,,,,0,0,,,,,0
108.053309,1779967258.051504,11005,,BS2DCE,,f,0,1,2009,2009,100,1,O,0,0,0,0,2,,,,,,0,0,,,,,0
108.053309,1779967258.051504,11005,,BS2DCE,,f,0,2,1459,1459,96,1,O,0,0,0,0,2,,,,,,0,0,,,,,0
108.053309,1779967258.051504,11005,,BS2DCE,,f,0,3,2063,2063,100,1,O,0,0,0,0,2,,,,,,0,0,,,,,0
108.053309,1779967258.051504,11005,,BS2DCE,,f,0,4,2593,2593,100,1,O,0,0,0,0,2,,,,,,0,0,,,,,0
108.053309,1779967258.051504,11005,,BS2DCE,,f,0,5,2107,2107,100,1,O,0,0,0,0,2,,,,,,0,0,,,,,0
108.053309,1779967258.051504,11005,,BS2DCE,,f,0,6,1687,1687,100,1,O,0,0,0,0,2,,,,,,0,0,,,,,0
108.053309,1779967258.051504,11005,,BS2DCE,,f,0,7,2126,2126,100,1,O,0,0,0,0,2,,,,,,0,0,,,,,0
108.1582,1779967258.156395,11006,,BS2DCE,,f,0,0,2479,2479,100,1,O,0,0,0,0,2,,,,,,0,0,,,,,0
108.1582,1779967258.156395,11006,,BS2DCE,,f,0,1,2109,2109,100,1,O,0,0,0,0,2,,,,,,0,0,,,,,0
108.1582,1779967258.156395,11006,,BS2DCE,,f,0,2,1454,1454,100,1,O,0,0,0,0,2,,,,,,0,0,,,,,0
108.1582,1779967258.156395,11006,,BS2DCE,,f,0,3,2114,2114,100,1,O,0,0,0,0,2,,,,,,0,0,,,,,0
108.1582,1779967258.156395,11006,,BS2DCE,,f,0,4,2607,2607,100,1,O,0,0,0,0,2,,,,,,0,0,,,,,0
108.1582,1779967258.156395,11006,,BS2DCE,,f,0,5,2198,2198,100,1,O,0,0,0,0,2,,,,,,0,0,,,,,0
108.1582,1779967258.156395,11006,,BS2DCE,,f,0,6,1602,1602,100,1,O,0,0,0,0,2,,,,,,0,0,,,,,0
108.1582,1779967258.156395,11006,,BS2DCE,,f,0,7,2114,2114,100,1,O,0,0,0,0,2,,,,,,0,0,,,,,0
108.255818,1779967258.254013,11007,,BS2DCE,,f,0,0,2510,2510,100,1,O,0,0,0,0,2,,,,,,0,0,,,,,0
108.255818,1779967258.254013,11007,,BS2DCE,,f,0,1,2077,2077,100,1,O,0,0,0,0,2,,,,,,0,0,,,,,0
108.255818,1779967258.254013,11007,,BS2DCE,,f,0,2,1495,1495,100,1,O,0,0,0,0,2,,,,,,0,0,,,,,0
108.255818,1779967258.254013,11007,,BS2DCE,,f,0,3,2188,2188,100,1,O,0,0,0,0,2,,,,,,0,0,,,,,0
108.255818,1779967258.254013,11007,,BS2DCE,,f,0,4,2640,2640,100,1,O,0,0,0,0,2,,,,,,0,0,,,,,0
108.255818,1779967258.254013,11007,,BS2DCE,,f,0,5,2027,2027,100,1,O,0,0,0,0,2,,,,,,0,0,,,,,0
108.255818,1779967258.254013,11007,,BS2DCE,,f,0,6,1613,1613,100,1,O,0,0,0,0,2,,,,,,0,0,,,,,0
108.255818,1779967258.254013,11007,,BS2DCE,,f,0,7,2192,2192,100,1,O,0,0,0,0,2,,,,,,0,0,,,,,0
108.425294,1779967258.423489,11008,,BS2DCE,,f,0,0,2525,2525,100,1,O,0,0,0,0,2,,,,,,0,0,,,,,0
108.425294,1779967258.423489,11008,,BS2DCE,,f,0,1,2366,2366,100,1,O,0,0,0,0,2,,,,,,0,0,,,,,0
108.425294,1779967258.423489,11008,,BS2DCE,,f,0,2,1604,1604,100,1,O,0,0,0,0,2,,,,,,0,0,,,,,0
108.425294,1779967258.423489,11008,,BS2DCE,,f,0,3,2194,2194,100,1,O,0,0,0,0,2,,,,,,0,0,,,,,0
108.425294,1779967258.423489,11008,,BS2DCE,,f,0,4,3867,3867,100,1,O,0,0,0,0,2,,,,,,0,0,,,,,0
108.425294,1779967258.423489,11008,,BS2DCE,,f,0,5,1954,1954,100,1,O,0,0,0,0,2,,,,,,0,0,,,,,0
108.425294,1779967258.423489,11008,,BS2DCE,,f,0,6,1621,1621,100,1,O,0,0,0,0,2,,,,,,0,0,,,,,0
108.425294,1779967258.423489,11008,,BS2DCE,,f,0,7,2222,2222,100,1,O,0,0,0,0,2,,,,,,0,0,,,,,0
108.450808,1779967258.449003,11009,,BS2DCE,,f,0,0,2557,2557,100,1,O,0,0,0,0,2,,,,,,0,0,,,,,0
108.450808,1779967258.449003,11009,,BS2DCE,,f,0,1,2283,2283,100,1,O,0,0,0,0,2,,,,,,0,0,,,,,0
108.450808,1779967258.449003,11009,,BS2DCE,,f,0,2,1653,1653,100,1,O,0,0,0,0,2,,,,,,0,0,,,,,0
108.450808,1779967258.449003,11009,,BS2DCE,,f,0,3,2196,2196,100,1,O,0,0,0,0,2,,,,,,0,0,,,,,0
108.450808,1779967258.449003,11009,,BS2DCE,,f,0,4,2693,2693,100,1,O,0,0,0,0,2,,,,,,0,0,,,,,0
108.450808,1779967258.449003,11009,,BS2DCE,,f,0,5,2001,2001,100,1,O,0,0,0,0,2,,,,,,0,0,,,,,0
108.450808,1779967258.449003,11009,,BS2DCE,,f,0,6,1618,1618,100,1,O,0,0,0,0,2,,,,,,0,0,,,,,0
108.450808,1779967258.449003,11009,,BS2DCE,,f,0,7,2239,2239,100,1,O,0,0,0,0,2,,,,,,0,0,,,,,0
108.570744,1779967258.568939,11010,,BS2DCE,,f,0,0,2661,2661,100,1,O,0,0,0,0,2,,,,,,0,0,,,,,0
108.570744,1779967258.568939,11010,,BS2DCE,,f,0,1,2098,2098,100,1,O,0,0,0,0,2,,,,,,0,0,,,,,0
108.570744,1779967258.568939,11010,,BS2DCE,,f,0,2,1581,1581,100,1,O,0,0,0,0,2,,,,,,0,0,,,,,0
108.570744,1779967258.568939,11010,,BS2DCE,,f,0,3,2283,2283,100,1,O,0,0,0,0,2,,,,,,0,0,,,,,0
108.570744,1779967258.568939,11010,,BS2DCE,,f,0,4,2649,2649,100,1,O,0,0,0,0,2,,,,,,0,0,,,,,0
108.570744,1779967258.568939,11010,,BS2DCE,,f,0,5,1862,1862,100,1,O,0,0,0,0,2,,,,,,0,0,,,,,0
108.570744,1779967258.568939,11010,,BS2DCE,,f,0,6,1641,1641,100,1,O,0,0,0,0,2,,,,,,0,0,,,,,0
108.570744,1779967258.568939,11010,,BS2DCE,,f,0,7,2247,2247,100,1,O,0,0,0,0,2,,,,,,0,0,,,,,0
108.653295,1779967258.65149,11011,,BS2DCE,,f,0,0,2681,2681,100,1,O,0,0,0,0,2,,,,,,0,0,,,,,0
108.653295,1779967258.65149,11011,,BS2DCE,,f,0,1,1941,1941,100,1,O,0,0,0,0,2,,,,,,0,0,,,,,0
108.653295,1779967258.65149,11011,,BS2DCE,,f,0,2,1608,1608,100,1,O,0,0,0,0,2,,,,,,0,0,,,,,0
108.653295,1779967258.65149,11011,,BS2DCE,,f,0,3,2293,2293,100,1,O,0,0,0,0,2,,,,,,0,0,,,,,0
108.653295,1779967258.65149,11011,,BS2DCE,,f,0,4,2589,2589,100,1,O,0,0,0,0,2,,,,,,0,0,,,,,0
108.653295,1779967258.65149,11011,,BS2DCE,,f,0,5,1809,1809,100,1,O,0,0,0,0,2,,,,,,0,0,,,,,0
108.653295,1779967258.65149,11011,,BS2DCE,,f,0,6,1570,1570,100,1,O,0,0,0,0,2,,,,,,0,0,,,,,0
108.653295,1779967258.65149,11011,,BS2DCE,,f,0,7,2282,2282,100,1,O,0,0,0,0,2,,,,,,0,0,,,,,0
108.805215,1779967258.80341,11012,,BS2DCE,,f,0,0,2902,2902,100,1,O,0,0,0,0,2,,,,,,0,0,,,,,0
108.805215,1779967258.80341,11012,,BS2DCE,,f,0,1,1941,1941,100,1,O,0,0,0,0,2,,,,,,0,0,,,,,0
108.805215,1779967258.80341,11012,,BS2DCE,,f,0,2,1516,1516,100,1,O,0,0,0,0,2,,,,,,0,0,,,,,0
108.805215,1779967258.80341,11012,,BS2DCE,,f,0,3,2307,2307,100,1,O,0,0,0,0,2,,,,,,0,0,,,,,0
108.805215,1779967258.80341,11012,,BS2DCE,,f,0,4,2494,2494,100,1,O,0,0,0,0,2,,,,,,0,0,,,,,0
108.805215,1779967258.80341,11012,,BS2DCE,,f,0,5,1933,1933,100,1,O,0,0,0,0,2,,,,,,0,0,,,,,0
108.805215,1779967258.80341,11012,,BS2DCE,,f,0,6,1542,1542,100,1,O,0,0,0,0,2,,,,,,0,0,,,,,0
108.805215,1779967258.80341,11012,,BS2DCE,,f,0,7,2266,2266,100,1,O,0,0,0,0,2,,,,,,0,0,,,,,0
108.85574,1779967258.853935,11013,,BS2DCE,,f,0,0,2937,2937,100,1,O,0,0,0,0,2,,,,,,0,0,,,,,0
108.85574,1779967258.853935,11013,,BS2DCE,,f,0,1,1890,1890,100,1,O,0,0,0,0,2,,,,,,0,0,,,,,0
108.85574,1779967258.853935,11013,,BS2DCE,,f,0,2,1591,1591,100,1,O,0,0,0,0,2,,,,,,0,0,,,,,0
108.85574,1779967258.853935,11013,,BS2DCE,,f,0,3,2355,2355,100,1,O,0,0,0,0,2,,,,,,0,0,,,,,0
108.85574,1779967258.853935,11013,,BS2DCE,,f,0,4,2515,2515,100,1,O,0,0,0,0,2,,,,,,0,0,,,,,0
108.85574,1779967258.853935,11013,,BS2DCE,,f,0,5,1717,1717,100,1,O,0,0,0,0,2,,,,,,0,0,,,,,0
108.85574,1779967258.853935,11013,,BS2DCE,,f,0,6,1613,1613,100,1,O,0,0,0,0,2,,,,,,0,0,,,,,0
108.85574,1779967258.853935,11013,,BS2DCE,,f,0,7,2308,2308,100,1,O,0,0,0,0,2,,,,,,0,0,,,,,0
108.961271,1779967258.959466,11014,,BS2DCE,,f,0,0,2818,2818,100,1,O,0,0,0,0,2,,,,,,0,0,,,,,0
108.961271,1779967258.959466,11014,,BS2DCE,,f,0,1,1827,1827,100,1,O,0,0,0,0,2,,,,,,0,0,,,,,0
108.961271,1779967258.959466,11014,,BS2DCE,,f,0,2,1649,1649,100,1,O,0,0,0,0,2,,,,,,0,0,,,,,0
108.961271,1779967258.959466,11014,,BS2DCE,,f,0,3,2419,2419,100,1,O,0,0,0,0,2,,,,,,0,0,,,,,0
108.961271,1779967258.959466,11014,,BS2DCE,,f,0,4,2419,2419,100,1,O,0,0,0,0,2,,,,,,0,0,,,,,0
108.961271,1779967258.959466,11014,,BS2DCE,,f,0,5,1592,1592,100,1,O,0,0,0,0,2,,,,,,0,0,,,,,0
108.961271,1779967258.959466,11014,,BS2DCE,,f,0,6,1584,1584,100,1,O,0,0,0,0,2,,,,,,0,0,,,,,0
108.961271,1779967258.959466,11014,,BS2DCE,,f,0,7,2296,2296,100,1,O,0,0,0,0,2,,,,,,0,0,,,,,0
109.080862,1779967259.079057,11015,,BS2DCE,,f,0,0,2723,2723,100,1,O,0,0,0,0,2,,,,,,0,0,,,,,0
109.080862,1779967259.079057,11015,,BS2DCE,,f,0,1,1851,1851,100,1,O,0,0,0,0,2,,,,,,0,0,,,,,0
109.080862,1779967259.079057,11015,,BS2DCE,,f,0,2,1744,1744,100,1,O,0,0,0,0,2,,,,,,0,0,,,,,0
109.080862,1779967259.079057,11015,,BS2DCE,,f,0,3,2455,2455,100,1,O,0,0,0,0,2,,,,,,0,0,,,,,0
109.080862,1779967259.079057,11015,,BS2DCE,,f,0,4,2387,2387,100,1,O,0,0,0,0,2,,,,,,0,0,,,,,0
109.080862,1779967259.079057,11015,,BS2DCE,,f,0,5,1581,1581,100,1,O,0,0,0,0,2,,,,,,0,0,,,,,0
109.080862,1779967259.079057,11015,,BS2DCE,,f,0,6,1602,1602,100,1,O,0,0,0,0,2,,,,,,0,0,,,,,0
109.080862,1779967259.079057,11015,,BS2DCE,,f,0,7,2320,2320,100,1,O,0,0,0,0,2,,,,,,0,0,,,,,0
109.170814,1779967259.169009,11016,,BS2DCE,,f,0,0,2623,2623,100,1,O,0,0,0,0,2,,,,,,0,0,,,,,0
109.170814,1779967259.169009,11016,,BS2DCE,,f,0,1,1797,1797,100,1,O,0,0,0,0,2,,,,,,0,0,,,,,0
109.170814,1779967259.169009,11016,,BS2DCE,,f,0,2,1816,1816,100,1,O,0,0,0,0,2,,,,,,0,0,,,,,0
109.170814,1779967259.169009,11016,,BS2DCE,,f,0,3,2435,2435,100,1,O,0,0,0,0,2,,,,,,0,0,,,,,0
109.170814,1779967259.169009,11016,,BS2DCE,,f,0,4,2339,2339,100,1,O,0,0,0,0,2,,,,,,0,0,,,,,0
109.170814,1779967259.169009,11016,,BS2DCE,,f,0,5,1682,1682,100,1,O,0,0,0,0,2,,,,,,0,0,,,,,0
109.170814,1779967259.169009,11016,,BS2DCE,,f,0,6,1698,1698,100,1,O,0,0,0,0,2,,,,,,0,0,,,,,0
109.170814,1779967259.169009,11016,,BS2DCE,,f,0,7,2369,2369,100,1,O,0,0,0,0,2,,,,,,0,0,,,,,0
109.25422,1779967259.252415,11017,,BS2DCE,,f,0,0,2606,2606,100,1,O,0,0,0,0,2,,,,,,0,0,,,,,0
109.25422,1779967259.252415,11017,,BS2DCE,,f,0,1,1841,1841,100,1,O,0,0,0,0,2,,,,,,0,0,,,,,0
109.25422,1779967259.252415,11017,,BS2DCE,,f,0,2,1787,1787,100,1,O,0,0,0,0,2,,,,,,0,0,,,,,0
109.25422,1779967259.252415,11017,,BS2DCE,,f,0,3,2443,2443,100,1,O,0,0,0,0,2,,,,,,0,0,,,,,0
109.25422,1779967259.252415,11017,,BS2DCE,,f,0,4,2307,2307,100,1,O,0,0,0,0,2,,,,,,0,0,,,,,0
109.25422,1779967259.252415,11017,,BS2DCE,,f,0,5,1437,1437,100,1,O,0,0,0,0,2,,,,,,0,0,,,,,0
109.25422,1779967259.252415,11017,,BS2DCE,,f,0,6,1836,1836,100,1,O,0,0,0,0,2,,,,,,0,0,,,,,0
109.25422,1779967259.252415,11017,,BS2DCE,,f,0,7,2453,2453,100,1,O,0,0,0,0,2,,,,,,0,0,,,,,0
109.475141,1779967259.473336,11018,,BS2DCE,,f,0,0,2550,2550,100,1,O,0,0,0,0,2,,,,,,0,0,,,,,0
109.475141,1779967259.473336,11018,,BS2DCE,,f,0,1,1880,1880,100,1,O,0,0,0,0,2,,,,,,0,0,,,,,0
109.475141,1779967259.473336,11018,,BS2DCE,,f,0,2,1790,1790,100,1,O,0,0,0,0,2,,,,,,0,0,,,,,0
109.475141,1779967259.473336,11018,,BS2DCE,,f,0,3,2500,2500,100,1,O,0,0,0,0,2,,,,,,0,0,,,,,0
109.475141,1779967259.473336,11018,,BS2DCE,,f,0,4,2212,2212,100,1,O,0,0,0,0,2,,,,,,0,0,,,,,0
109.475141,1779967259.473336,11018,,BS2DCE,,f,0,5,1689,1689,100,1,O,0,0,0,0,2,,,,,,0,0,,,,,0
109.475141,1779967259.473336,11018,,BS2DCE,,f,0,6,1809,1809,100,1,O,0,0,0,0,2,,,,,,0,0,,,,,0
109.475141,1779967259.473336,11018,,BS2DCE,,f,0,7,2410,2410,100,1,O,0,0,0,0,2,,,,,,0,0,,,,,0
109.480244,1779967259.478439,11019,,BS2DCE,,f,0,0,2523,2523,100,1,O,0,0,0,0,2,,,,,,0,0,,,,,0
109.480244,1779967259.478439,11019,,BS2DCE,,f,0,1,1957,1957,100,1,O,0,0,0,0,2,,,,,,0,0,,,,,0
109.480244,1779967259.478439,11019,,BS2DCE,,f,0,2,1974,1974,100,1,O,0,0,0,0,2,,,,,,0,0,,,,,0
109.480244,1779967259.478439,11019,,BS2DCE,,f,0,3,2624,2624,100,1,O,0,0,0,0,2,,,,,,0,0,,,,,0
109.480244,1779967259.478439,11019,,BS2DCE,,f,0,4,2171,2171,100,1,O,0,0,0,0,2,,,,,,0,0,,,,,0
109.480244,1779967259.478439,11019,,BS2DCE,,f,0,5,1700,1700,100,1,O,0,0,0,0,2,,,,,,0,0,,,,,0
109.480244,1779967259.478439,11019,,BS2DCE,,f,0,6,1825,1825,100,1,O,0,0,0,0,2,,,,,,0,0,,,,,0
109.480244,1779967259.478439,11019,,BS2DCE,,f,0,7,2365,2365,100,1,O,0,0,0,0,2,,,,,,0,0,,,,,0
109.575796,1779967259.573991,11020,,BS2DCE,,f,0,0,2436,2436,100,1,O,0,0,0,0,2,,,,,,0,0,,,,,0
109.575796,1779967259.573991,11020,,BS2DCE,,f,0,1,2066,2066,100,1,O,0,0,0,0,2,,,,,,0,0,,,,,0
109.575796,1779967259.573991,11020,,BS2DCE,,f,0,2,1996,1996,100,1,O,0,0,0,0,2,,,,,,0,0,,,,,0
109.575796,1779967259.573991,11020,,BS2DCE,,f,0,3,2715,2715,100,1,O,0,0,0,0,2,,,,,,0,0,,,,,0
109.575796,1779967259.573991,11020,,BS2DCE,,f,0,4,2151,2151,100,1,O,0,0,0,0,2,,,,,,0,0,,,,,0
109.575796,1779967259.573991,11020,,BS2DCE,,f,0,5,0,1700,96,0,T,0,0,0,0,2,,,,,,0,0,,,,,0
109.575796,1779967259.573991,11020,,BS2DCE,,f,0,6,1811,1811,100,1,O,0,0,0,0,2,,,,,,0,0,,,,,0
109.575796,1779967259.573991,11020,,BS2DCE,,f,0,7,2319,2319,100,1,O,0,0,0,0,2,,,,,,0,0,,,,,0
109.650918,1779967259.649113,11021,,BS2DCE,,f,0,0,2352,2352,100,1,O,0,0,0,0,2,,,,,,0,0,,,,,0
109.650918,1779967259.649113,11021,,BS2DCE,,f,0,1,1992,1992,100,1,O,0,0,0,0,2,,,,,,0,0,,,,,0
109.650918,1779967259.649113,11021,,BS2DCE,,f,0,2,2004,2004,100,1,O,0,0,0,0,2,,,,,,0,0,,,,,0
109.650918,1779967259.649113,11021,,BS2DCE,,f,0,3,2777,2777,100,1,O,0,0,0,0,2,,,,,,0,0,,,,,0
109.650918,1779967259.649113,11021,,BS2DCE,,f,0,4,2082,2082,100,1,O,0,0,0,0,2,,,,,,0,0,,,,,0
109.650918,1779967259.649113,11021,,BS2DCE,,f,0,5,1690,1690,96,1,O,0,0,0,0,2,,,,,,0,0,,,,,0
109.650918,1779967259.649113,11021,,BS2DCE,,f,0,6,1902,1902,100,1,O,0,0,0,0,2,,,,,,0,0,,,,,0
109.650918,1779967259.649113,11021,,BS2DCE,,f,0,7,2288,2288,100,1,O,0,0,0,0,2,,,,,,0,0,,,,,0
109.80073,1779967259.798925,11022,,BS2DCE,,f,0,0,2264,2264,100,1,O,0,0,0,0,2,,,,,,0,0,,,,,0
109.80073,1779967259.798925,11022,,BS2DCE,,f,0,1,2054,2054,100,1,O,0,0,0,0,2,,,,,,0,0,,,,,0
109.80073,1779967259.798925,11022,,BS2DCE,,f,0,2,2069,2069,100,1,O,0,0,0,0,2,,,,,,0,0,,,,,0
109.80073,1779967259.798925,11022,,BS2DCE,,f,0,3,2539,2539,100,1,O,0,0,0,0,2,,,,,,0,0,,,,,0
109.80073,1779967259.798925,11022,,BS2DCE,,f,0,4,1983,1983,100,1,O,0,0,0,0,2,,,,,,0,0,,,,,0
109.80073,1779967259.798925,11022,,BS2DCE,,f,0,5,1649,1649,100,1,O,0,0,0,0,2,,,,,,0,0,,,,,0
109.80073,1779967259.798925,11022,,BS2DCE,,f,0,6,1831,1831,100,1,O,0,0,0,0,2,,,,,,0,0,,,,,0
109.80073,1779967259.798925,11022,,BS2DCE,,f,0,7,2157,2157,100,1,O,0,0,0,0,2,,,,,,0,0,,,,,0
109.853333,1779967259.851528,11023,,BS2DCE,,f,0,0,2217,2217,100,1,O,0,0,0,0,2,,,,,,0,0,,,,,0
109.853333,1779967259.851528,11023,,BS2DCE,,f,0,1,2025,2025,100,1,O,0,0,0,0,2,,,,,,0,0,,,,,0
109.853333,1779967259.851528,11023,,BS2DCE,,f,0,2,2124,2124,100,1,O,0,0,0,0,2,,,,,,0,0,,,,,0
109.853333,1779967259.851528,11023,,BS2DCE,,f,0,3,2457,2457,100,1,O,0,0,0,0,2,,,,,,0,0,,,,,0
109.853333,1779967259.851528,11023,,BS2DCE,,f,0,4,1890,1890,100,1,O,0,0,0,0,2,,,,,,0,0,,,,,0
109.853333,1779967259.851528,11023,,BS2DCE,,f,0,5,1624,1624,100,1,O,0,0,0,0,2,,,,,,0,0,,,,,0
109.853333,1779967259.851528,11023,,BS2DCE,,f,0,6,1907,1907,100,1,O,0,0,0,0,2,,,,,,0,0,,,,,0
109.853333,1779967259.851528,11023,,BS2DCE,,f,0,7,2152,2152,100,1,O,0,0,0,0,2,,,,,,0,0,,,,,0
109.958253,1779967259.956448,11024,,BS2DCE,,f,0,0,2205,2205,100,1,O,0,0,0,0,2,,,,,,0,0,,,,,0
109.958253,1779967259.956448,11024,,BS2DCE,,f,0,1,2034,2034,100,1,O,0,0,0,0,2,,,,,,0,0,,,,,0
109.958253,1779967259.956448,11024,,BS2DCE,,f,0,2,2222,2222,100,1,O,0,0,0,0,2,,,,,,0,0,,,,,0
109.958253,1779967259.956448,11024,,BS2DCE,,f,0,3,2491,2491,100,1,O,0,0,0,0,2,,,,,,0,0,,,,,0
109.958253,1779967259.956448,11024,,BS2DCE,,f,0,4,1802,1802,100,1,O,0,0,0,0,2,,,,,,0,0,,,,,0
109.958253,1779967259.956448,11024,,BS2DCE,,f,0,5,1787,1787,100,1,O,0,0,0,0,2,,,,,,0,0,,,,,0
109.958253,1779967259.956448,11024,,BS2DCE,,f,0,6,2055,2055,100,1,O,0,0,0,0,2,,,,,,0,0,,,,,0
109.958253,1779967259.956448,11024,,BS2DCE,,f,0,7,2102,2102,100,1,O,0,0,0,0,2,,,,,,0,0,,,,,0
110.055991,1779967260.054186,11025,,BS2DCE,,f,0,0,2110,2110,100,1,O,0,0,0,0,2,,,,,,0,0,,,,,0
110.055991,1779967260.054186,11025,,BS2DCE,,f,0,1,2122,2122,100,1,O,0,0,0,0,2,,,,,,0,0,,,,,0
110.055991,1779967260.054186,11025,,BS2DCE,,f,0,2,2284,2284,100,1,O,0,0,0,0,2,,,,,,0,0,,,,,0
110.055991,1779967260.054186,11025,,BS2DCE,,f,0,3,2460,2460,100,1,O,0,0,0,0,2,,,,,,0,0,,,,,0
110.055991,1779967260.054186,11025,,BS2DCE,,f,0,4,1730,1730,100,1,O,0,0,0,0,2,,,,,,0,0,,,,,0
110.055991,1779967260.054186,11025,,BS2DCE,,f,0,5,1818,1818,100,1,O,0,0,0,0,2,,,,,,0,0,,,,,0
110.055991,1779967260.054186,11025,,BS2DCE,,f,0,6,2096,2096,100,1,O,0,0,0,0,2,,,,,,0,0,,,,,0
110.055991,1779967260.054186,11025,,BS2DCE,,f,0,7,2036,2036,100,1,O,0,0,0,0,2,,,,,,0,0,,,,,0
110.160801,1779967260.158996,11026,,BS2DCE,,f,0,0,2150,2150,100,1,O,0,0,0,0,2,,,,,,0,0,,,,,0
110.160801,1779967260.158996,11026,,BS2DCE,,f,0,1,2119,2119,100,1,O,0,0,0,0,2,,,,,,0,0,,,,,0
110.160801,1779967260.158996,11026,,BS2DCE,,f,0,2,2289,2289,100,1,O,0,0,0,0,2,,,,,,0,0,,,,,0
110.160801,1779967260.158996,11026,,BS2DCE,,f,0,3,2347,2347,100,1,O,0,0,0,0,2,,,,,,0,0,,,,,0
110.160801,1779967260.158996,11026,,BS2DCE,,f,0,4,1679,1679,100,1,O,0,0,0,0,2,,,,,,0,0,,,,,0
110.160801,1779967260.158996,11026,,BS2DCE,,f,0,5,1913,1913,100,1,O,0,0,0,0,2,,,,,,0,0,,,,,0
110.160801,1779967260.158996,11026,,BS2DCE,,f,0,6,2074,2074,100,1,O,0,0,0,0,2,,,,,,0,0,,,,,0
110.160801,1779967260.158996,11026,,BS2DCE,,f,0,7,1877,1877,100,1,O,0,0,0,0,2,,,,,,0,0,,,,,0
110.252235,1779967260.25043,11027,,BS2DCE,,f,0,0,2099,2099,100,1,O,0,0,0,0,2,,,,,,0,0,,,,,0
110.252235,1779967260.25043,11027,,BS2DCE,,f,0,1,2177,2177,100,1,O,0,0,0,0,2,,,,,,0,0,,,,,0
110.252235,1779967260.25043,11027,,BS2DCE,,f,0,2,2313,2313,100,1,O,0,0,0,0,2,,,,,,0,0,,,,,0
110.252235,1779967260.25043,11027,,BS2DCE,,f,0,3,2232,2232,100,1,O,0,0,0,0,2,,,,,,0,0,,,,,0
110.252235,1779967260.25043,11027,,BS2DCE,,f,0,4,1660,1660,100,1,O,0,0,0,0,2,,,,,,0,0,,,,,0
110.252235,1779967260.25043,11027,,BS2DCE,,f,0,5,1891,1891,100,1,O,0,0,0,0,2,,,,,,0,0,,,,,0
110.252235,1779967260.25043,11027,,BS2DCE,,f,0,6,2132,2132,100,1,O,0,0,0,0,2,,,,,,0,0,,,,,0
110.252235,1779967260.25043,11027,,BS2DCE,,f,0,7,1886,1886,100,1,O,0,0,0,0,2,,,,,,0,0,,,,,0
110.435219,1779967260.433414,11028,,BS2DCE,,f,0,0,2104,2104,100,1,O,0,0,0,0,2,,,,,,0,0,,,,,0
110.435219,1779967260.433414,11028,,BS2DCE,,f,0,1,2562,2562,100,1,O,0,0,0,0,2,,,,,,0,0,,,,,0
110.435219,1779967260.433414,11028,,BS2DCE,,f,0,2,2407,2407,100,1,O,0,0,0,0,2,,,,,,0,0,,,,,0
110.435219,1779967260.433414,11028,,BS2DCE,,f,0,3,2254,2254,100,1,O,0,0,0,0,2,,,,,,0,0,,,,,0
110.435219,1779967260.433414,11028,,BS2DCE,,f,0,4,1662,1662,100,1,O,0,0,0,0,2,,,,,,0,0,,,,,0
110.435219,1779967260.433414,11028,,BS2DCE,,f,0,5,1941,1941,100,1,O,0,0,0,0,2,,,,,,0,0,,,,,0
110.435219,1779967260.433414,11028,,BS2DCE,,f,0,6,2137,2137,100,1,O,0,0,0,0,2,,,,,,0,0,,,,,0
110.435219,1779967260.433414,11028,,BS2DCE,,f,0,7,1819,1819,100,1,O,0,0,0,0,2,,,,,,0,0,,,,,0
110.453435,1779967260.45163,11029,,BS2DCE,,f,0,0,2069,2069,100,1,O,0,0,0,0,2,,,,,,0,0,,,,,0
110.453435,1779967260.45163,11029,,BS2DCE,,f,0,1,2464,2464,100,1,O,0,0,0,0,2,,,,,,0,0,,,,,0
110.453435,1779967260.45163,11029,,BS2DCE,,f,0,2,2452,2452,100,1,O,0,0,0,0,2,,,,,,0,0,,,,,0
110.453435,1779967260.45163,11029,,BS2DCE,,f,0,3,2144,2144,100,1,O,0,0,0,0,2,,,,,,0,0,,,,,0
110.453435,1779967260.45163,11029,,BS2DCE,,f,0,4,1779,1779,100,1,O,0,0,0,0,2,,,,,,0,0,,,,,0
110.453435,1779967260.45163,11029,,BS2DCE,,f,0,5,2125,2125,100,1,O,0,0,0,0,2,,,,,,0,0,,,,,0
110.453435,1779967260.45163,11029,,BS2DCE,,f,0,6,2153,2153,100,1,O,0,0,0,0,2,,,,,,0,0,,,,,0
110.453435,1779967260.45163,11029,,BS2DCE,,f,0,7,1820,1820,100,1,O,0,0,0,0,2,,,,,,0,0,,,,,0
110.573386,1779967260.571581,11030,,BS2DCE,,f,0,0,1969,1969,100,1,O,0,0,0,0,2,,,,,,0,0,,,,,0
110.573386,1779967260.571581,11030,,BS2DCE,,f,0,1,2420,2420,100,1,O,0,0,0,0,2,,,,,,0,0,,,,,0
110.573386,1779967260.571581,11030,,BS2DCE,,f,0,2,2598,2598,100,1,O,0,0,0,0,2,,,,,,0,0,,,,,0
110.573386,1779967260.571581,11030,,BS2DCE,,f,0,3,2115,2115,100,1,O,0,0,0,0,2,,,,,,0,0,,,,,0
110.573386,1779967260.571581,11030,,BS2DCE,,f,0,4,1829,1829,100,1,O,0,0,0,0,2,,,,,,0,0,,,,,0
110.573386,1779967260.571581,11030,,BS2DCE,,f,0,5,2113,2113,100,1,O,0,0,0,0,2,,,,,,0,0,,,,,0
110.573386,1779967260.571581,11030,,BS2DCE,,f,0,6,2242,2242,100,1,O,0,0,0,0,2,,,,,,0,0,,,,,0
110.573386,1779967260.571581,11030,,BS2DCE,,f,0,7,1735,1735,100,1,O,0,0,0,0,2,,,,,,0,0,,,,,0
110.655825,1779967260.65402,11031,,BS2DCE,,f,0,0,2032,2032,100,1,O,0,0,0,0,2,,,,,,0,0,,,,,0
110.655825,1779967260.65402,11031,,BS2DCE,,f,0,1,2371,2371,100,1,O,0,0,0,0,2,,,,,,0,0,,,,,0
110.655825,1779967260.65402,11031,,BS2DCE,,f,0,2,2506,2506,100,1,O,0,0,0,0,2,,,,,,0,0,,,,,0
110.655825,1779967260.65402,11031,,BS2DCE,,f,0,3,2011,2011,100,1,O,0,0,0,0,2,,,,,,0,0,,,,,0
110.655825,1779967260.65402,11031,,BS2DCE,,f,0,4,1760,1760,100,1,O,0,0,0,0,2,,,,,,0,0,,,,,0
110.655825,1779967260.65402,11031,,BS2DCE,,f,0,5,2176,2176,100,1,O,0,0,0,0,2,,,,,,0,0,,,,,0
110.655825,1779967260.65402,11031,,BS2DCE,,f,0,6,2280,2280,100,1,O,0,0,0,0,2,,,,,,0,0,,,,,0
110.655825,1779967260.65402,11031,,BS2DCE,,f,0,7,1773,1773,100,1,O,0,0,0,0,2,,,,,,0,0,,,,,0
110.761267,1779967260.759462,11032,,BS2DCE,,f,0,0,1947,1947,100,1,O,0,0,0,0,2,,,,,,0,0,,,,,0
110.761267,1779967260.759462,11032,,BS2DCE,,f,0,1,2429,2429,100,1,O,0,0,0,0,2,,,,,,0,0,,,,,0
110.761267,1779967260.759462,11032,,BS2DCE,,f,0,2,2297,2297,100,1,O,0,0,0,0,2,,,,,,0,0,,,,,0
110.761267,1779967260.759462,11032,,BS2DCE,,f,0,3,1947,1947,100,1,O,0,0,0,0,2,,,,,,0,0,,,,,0
110.761267,1779967260.759462,11032,,BS2DCE,,f,0,4,1737,1737,100,1,O,0,0,0,0,2,,,,,,0,0,,,,,0
110.761267,1779967260.759462,11032,,BS2DCE,,f,0,5,1815,1815,100,1,O,0,0,0,0,2,,,,,,0,0,,,,,0
110.761267,1779967260.759462,11032,,BS2DCE,,f,0,6,2300,2300,100,1,O,0,0,0,0,2,,,,,,0,0,,,,,0
110.761267,1779967260.759462,11032,,BS2DCE,,f,0,7,1723,1723,100,1,O,0,0,0,0,2,,,,,,0,0,,,,,0
110.893444,1779967260.891639,11033,,BS2DCE,,f,0,0,1881,1881,100,1,O,0,0,0,0,2,,,,,,0,0,,,,,0
110.893444,1779967260.891639,11033,,BS2DCE,,f,0,1,2426,2426,100,1,O,0,0,0,0,2,,,,,,0,0,,,,,0
110.893444,1779967260.891639,11033,,BS2DCE,,f,0,2,2304,2304,100,1,O,0,0,0,0,2,,,,,,0,0,,,,,0
110.893444,1779967260.891639,11033,,BS2DCE,,f,0,3,1837,1837,100,1,O,0,0,0,0,2,,,,,,0,0,,,,,0
110.893444,1779967260.891639,11033,,BS2DCE,,f,0,4,1735,1735,100,1,O,0,0,0,0,2,,,,,,0,0,,,,,0
110.893444,1779967260.891639,11033,,BS2DCE,,f,0,5,2317,2317,100,1,O,0,0,0,0,2,,,,,,0,0,,,,,0
110.893444,1779967260.891639,11033,,BS2DCE,,f,0,6,2247,2247,100,1,O,0,0,0,0,2,,,,,,0,0,,,,,0
110.893444,1779967260.891639,11033,,BS2DCE,,f,0,7,1746,1746,100,1,O,0,0,0,0,2,,,,,,0,0,,,,,0
110.970863,1779967260.969058,11034,,BS2DCE,,f,0,0,1918,1918,100,1,O,0,0,0,0,2,,,,,,0,0,,,,,0
110.970863,1779967260.969058,11034,,BS2DCE,,f,0,1,2385,2385,100,1,O,0,0,0,0,2,,,,,,0,0,,,,,0
110.970863,1779967260.969058,11034,,BS2DCE,,f,0,2,2360,2360,100,1,O,0,0,0,0,2,,,,,,0,0,,,,,0
110.970863,1779967260.969058,11034,,BS2DCE,,f,0,3,1698,1698,100,1,O,0,0,0,0,2,,,,,,0,0,,,,,0
110.970863,1779967260.969058,11034,,BS2DCE,,f,0,4,1796,1796,100,1,O,0,0,0,0,2,,,,,,0,0,,,,,0
110.970863,1779967260.969058,11034,,BS2DCE,,f,0,5,2311,2311,100,1,O,0,0,0,0,2,,,,,,0,0,,,,,0
110.970863,1779967260.969058,11034,,BS2DCE,,f,0,6,2224,2224,100,1,O,0,0,0,0,2,,,,,,0,0,,,,,0
110.970863,1779967260.969058,11034,,BS2DCE,,f,0,7,1741,1741,100,1,O,0,0,0,0,2,,,,,,0,0,,,,,0
111.053395,1779967261.05159,11035,,BS2DCE,,f,0,0,1909,1909,100,1,O,0,0,0,0,2,,,,,,0,0,,,,,0
111.053395,1779967261.05159,11035,,BS2DCE,,f,0,1,2455,2455,100,1,O,0,0,0,0,2,,,,,,0,0,,,,,0
111.053395,1779967261.05159,11035,,BS2DCE,,f,0,2,2278,2278,100,1,O,0,0,0,0,2,,,,,,0,0,,,,,0
111.053395,1779967261.05159,11035,,BS2DCE,,f,0,3,1714,1714,100,1,O,0,0,0,0,2,,,,,,0,0,,,,,0
111.053395,1779967261.05159,11035,,BS2DCE,,f,0,4,1833,1833,100,1,O,0,0,0,0,2,,,,,,0,0,,,,,0
111.053395,1779967261.05159,11035,,BS2DCE,,f,0,5,2396,2396,100,1,O,0,0,0,0,2,,,,,,0,0,,,,,0
111.053395,1779967261.05159,11035,,BS2DCE,,f,0,6,2222,2222,100,1,O,0,0,0,0,2,,,,,,0,0,,,,,0
111.053395,1779967261.05159,11035,,BS2DCE,,f,0,7,1676,1676,100,1,O,0,0,0,0,2,,,,,,0,0,,,,,0
111.158386,1779967261.156581,11036,,BS2DCE,,f,0,0,2007,2007,100,1,O,0,0,0,0,2,,,,,,0,0,,,,,0
111.158386,1779967261.156581,11036,,BS2DCE,,f,0,1,2695,2695,100,1,O,0,0,0,0,2,,,,,,0,0,,,,,0
111.158386,1779967261.156581,11036,,BS2DCE,,f,0,2,2201,2201,100,1,O,0,0,0,0,2,,,,,,0,0,,,,,0
111.158386,1779967261.156581,11036,,BS2DCE,,f,0,3,1623,1623,100,1,O,0,0,0,0,2,,,,,,0,0,,,,,0
111.158386,1779967261.156581,11036,,BS2DCE,,f,0,4,1907,1907,100,1,O,0,0,0,0,2,,,,,,0,0,,,,,0
111.158386,1779967261.156581,11036,,BS2DCE,,f,0,5,2374,2374,100,1,O,0,0,0,0,2,,,,,,0,0,,,,,0
111.158386,1779967261.156581,11036,,BS2DCE,,f,0,6,2290,2290,100,1,O,0,0,0,0,2,,,,,,0,0,,,,,0
111.158386,1779967261.156581,11036,,BS2DCE,,f,0,7,1642,1642,100,1,O,0,0,0,0,2,,,,,,0,0,,,,,0
111.258189,1779967261.256384,11037,,BS2DCE,,f,0,0,2067,2067,100,1,O,0,0,0,0,2,,,,,,0,0,,,,,0
111.258189,1779967261.256384,11037,,BS2DCE,,f,0,1,2666,2666,100,1,O,0,0,0,0,2,,,,,,0,0,,,,,0
111.258189,1779967261.256384,11037,,BS2DCE,,f,0,2,2115,2115,100,1,O,0,0,0,0,2,,,,,,0,0,,,,,0
111.258189,1779967261.256384,11037,,BS2DCE,,f,0,3,1613,1613,100,1,O,0,0,0,0,2,,,,,,0,0,,,,,0
111.258189,1779967261.256384,11037,,BS2DCE,,f,0,4,1882,1882,100,1,O,0,0,0,0,2,,,,,,0,0,,,,,0
111.258189,1779967261.256384,11037,,BS2DCE,,f,0,5,2432,2432,100,1,O,0,0,0,0,2,,,,,,0,0,,,,,0
111.258189,1779967261.256384,11037,,BS2DCE,,f,0,6,2224,2224,100,1,O,0,0,0,0,2,,,,,,0,0,,,,,0
111.258189,1779967261.256384,11037,,BS2DCE,,f,0,7,1637,1637,100,1,O,0,0,0,0,2,,,,,,0,0,,,,,0
111.417933,1779967261.416128,11038,,BS2DCE,,f,0,0,2146,2146,100,1,O,0,0,0,0,2,,,,,,0,0,,,,,0
111.417933,1779967261.416128,11038,,BS2DCE,,f,0,1,2682,2682,100,1,O,0,0,0,0,2,,,,,,0,0,,,,,0
111.417933,1779967261.416128,11038,,BS2DCE,,f,0,2,2063,2063,100,1,O,0,0,0,0,2,,,,,,0,0,,,,,0
111.417933,1779967261.416128,11038,,BS2DCE,,f,0,3,1586,1586,100,1,O,0,0,0,0,2,,,,,,0,0,,,,,0
111.417933,1779967261.416128,11038,,BS2DCE,,f,0,4,1970,1970,100,1,O,0,0,0,0,2,,,,,,0,0,,,,,0
111.417933,1779967261.416128,11038,,BS2DCE,,f,0,5,2416,2416,100,1,O,0,0,0,0,2,,,,,,0,0,,,,,0
111.417933,1779967261.416128,11038,,BS2DCE,,f,0,6,2188,2188,100,1,O,0,0,0,0,2,,,,,,0,0,,,,,0
111.417933,1779967261.416128,11038,,BS2DCE,,f,0,7,1757,1757,100,1,O,0,0,0,0,2,,,,,,0,0,,,,,0
111.450871,1779967261.449066,11039,,BS2DCE,,f,0,0,2244,2244,100,1,O,0,0,0,0,2,,,,,,0,0,,,,,0
111.450871,1779967261.449066,11039,,BS2DCE,,f,0,1,2487,2487,100,1,O,0,0,0,0,2,,,,,,0,0,,,,,0
111.450871,1779967261.449066,11039,,BS2DCE,,f,0,2,2065,2065,100,1,O,0,0,0,0,2,,,,,,0,0,,,,,0
111.450871,1779967261.449066,11039,,BS2DCE,,f,0,3,1648,1648,100,1,O,0,0,0,0,2,,,,,,0,0,,,,,0
111.450871,1779967261.449066,11039,,BS2DCE,,f,0,4,2024,2024,100,1,O,0,0,0,0,2,,,,,,0,0,,,,,0
111.450871,1779967261.449066,11039,,BS2DCE,,f,0,5,2430,2430,100,1,O,0,0,0,0,2,,,,,,0,0,,,,,0
111.450871,1779967261.449066,11039,,BS2DCE,,f,0,6,2198,2198,100,1,O,0,0,0,0,2,,,,,,0,0,,,,,0
111.450871,1779967261.449066,11039,,BS2DCE,,f,0,7,1761,1761,100,1,O,0,0,0,0,2,,,,,,0,0,,,,,0
111.600856,1779967261.599051,11040,,BS2DCE,,f,0,0,2592,2592,100,1,O,0,0,0,0,2,,,,,,0,0,,,,,0
111.600856,1779967261.599051,11040,,BS2DCE,,f,0,1,2476,2476,100,1,O,0,0,0,0,2,,,,,,0,0,,,,,0
111.600856,1779967261.599051,11040,,BS2DCE,,f,0,2,1982,1982,100,1,O,0,0,0,0,2,,,,,,0,0,,,,,0
111.600856,1779967261.599051,11040,,BS2DCE,,f,0,3,1588,1588,100,1,O,0,0,0,0,2,,,,,,0,0,,,,,0
111.600856,1779967261.599051,11040,,BS2DCE,,f,0,4,2065,2065,100,1,O,0,0,0,0,2,,,,,,0,0,,,,,0
111.600856,1779967261.599051,11040,,BS2DCE,,f,0,5,2648,2648,100,1,O,0,0,0,0,2,,,,,,0,0,,,,,0
111.600856,1779967261.599051,11040,,BS2DCE,,f,0,6,2204,2204,100,1,O,0,0,0,0,2,,,,,,0,0,,,,,0
111.600856,1779967261.599051,11040,,BS2DCE,,f,0,7,1789,1789,100,1,O,0,0,0,0,2,,,,,,0,0,,,,,0
111.653364,1779967261.651559,11041,,BS2DCE,,f,0,0,2233,2233,100,1,O,0,0,0,0,2,,,,,,0,0,,,,,0
111.653364,1779967261.651559,11041,,BS2DCE,,f,0,1,2382,2382,100,1,O,0,0,0,0,2,,,,,,0,0,,,,,0
111.653364,1779967261.651559,11041,,BS2DCE,,f,0,2,1999,1999,100,1,O,0,0,0,0,2,,,,,,0,0,,,,,0
111.653364,1779967261.651559,11041,,BS2DCE,,f,0,3,1700,1700,100,1,O,0,0,0,0,2,,,,,,0,0,,,,,0
111.653364,1779967261.651559,11041,,BS2DCE,,f,0,4,2112,2112,100,1,O,0,0,0,0,2,,,,,,0,0,,,,,0
111.653364,1779967261.651559,11041,,BS2DCE,,f,0,5,2707,2707,100,1,O,0,0,0,0,2,,,,,,0,0,,,,,0
111.653364,1779967261.651559,11041,,BS2DCE,,f,0,6,2275,2275,100,1,O,0,0,0,0,2,,,,,,0,0,,,,,0
111.653364,1779967261.651559,11041,,BS2DCE,,f,0,7,1807,1807,100,1,O,0,0,0,0,2,,,,,,0,0,,,,,0
111.758389,1779967261.756584,11042,,BS2DCE,,f,0,0,2216,2216,100,1,O,0,0,0,0,2,,,,,,0,0,,,,,0
111.758389,1779967261.756584,11042,,BS2DCE,,f,0,1,2366,2366,100,1,O,0,0,0,0,2,,,,,,0,0,,,,,0
111.758389,1779967261.756584,11042,,BS2DCE,,f,0,2,1958,1958,100,1,O,0,0,0,0,2,,,,,,0,0,,,,,0
111.758389,1779967261.756584,11042,,BS2DCE,,f,0,3,1832,1832,100,1,O,0,0,0,0,2,,,,,,0,0,,,,,0
111.758389,1779967261.756584,11042,,BS2DCE,,f,0,4,2120,2120,100,1,O,0,0,0,0,2,,,,,,0,0,,,,,0
111.758389,1779967261.756584,11042,,BS2DCE,,f,0,5,2743,2743,100,1,O,0,0,0,0,2,,,,,,0,0,,,,,0
111.758389,1779967261.756584,11042,,BS2DCE,,f,0,6,2350,2350,100,1,O,0,0,0,0,2,,,,,,0,0,,,,,0
111.758389,1779967261.756584,11042,,BS2DCE,,f,0,7,1831,1831,100,1,O,0,0,0,0,2,,,,,,0,0,,,,,0
111.855791,1779967261.853986,11043,,BS2DCE,,f,0,0,2156,2156,100,1,O,0,0,0,0,2,,,,,,0,0,,,,,0
111.855791,1779967261.853986,11043,,BS2DCE,,f,0,1,2266,2266,100,1,O,0,0,0,0,2,,,,,,0,0,,,,,0
111.855791,1779967261.853986,11043,,BS2DCE,,f,0,2,1892,1892,100,1,O,0,0,0,0,2,,,,,,0,0,,,,,0
111.855791,1779967261.853986,11043,,BS2DCE,,f,0,3,1819,1819,100,1,O,0,0,0,0,2,,,,,,0,0,,,,,0
111.855791,1779967261.853986,11043,,BS2DCE,,f,0,4,2210,2210,100,1,O,0,0,0,0,2,,,,,,0,0,,,,,0
111.855791,1779967261.853986,11043,,BS2DCE,,f,0,5,2560,2560,100,1,O,0,0,0,0,2,,,,,,0,0,,,,,0
111.855791,1779967261.853986,11043,,BS2DCE,,f,0,6,2305,2305,100,1,O,0,0,0,0,2,,,,,,0,0,,,,,0
111.855791,1779967261.853986,11043,,BS2DCE,,f,0,7,1861,1861,100,1,O,0,0,0,0,2,,,,,,0,0,,,,,0
111.960849,1779967261.959044,11044,,BS2DCE,,f,0,0,2124,2124,100,1,O,0,0,0,0,2,,,,,,0,0,,,,,0
111.960849,1779967261.959044,11044,,BS2DCE,,f,0,1,2290,2290,100,1,O,0,0,0,0,2,,,,,,0,0,,,,,0
111.960849,1779967261.959044,11044,,BS2DCE,,f,0,2,1853,1853,100,1,O,0,0,0,0,2,,,,,,0,0,,,,,0
111.960849,1779967261.959044,11044,,BS2DCE,,f,0,3,1851,1851,100,1,O,0,0,0,0,2,,,,,,0,0,,,,,0
111.960849,1779967261.959044,11044,,BS2DCE,,f,0,4,2268,2268,100,1,O,0,0,0,0,2,,,,,,0,0,,,,,0
111.960849,1779967261.959044,11044,,BS2DCE,,f,0,5,2436,2436,100,1,O,0,0,0,0,2,,,,,,0,0,,,,,0
111.960849,1779967261.959044,11044,,BS2DCE,,f,0,6,2214,2214,100,1,O,0,0,0,0,2,,,,,,0,0,,,,,0
111.960849,1779967261.959044,11044,,BS2DCE,,f,0,7,1809,1809,100,1,O,0,0,0,0,2,,,,,,0,0,,,,,0
112.050962,1779967262.049157,11045,,BS2DCE,,f,0,0,0,2124,95,0,T,0,0,0,0,2,,,,,,0,0,,,,,0
112.050962,1779967262.049157,11045,,BS2DCE,,f,0,1,2241,2241,100,1,O,0,0,0,0,2,,,,,,0,0,,,,,0
112.050962,1779967262.049157,11045,,BS2DCE,,f,0,2,1765,1765,100,1,O,0,0,0,0,2,,,,,,0,0,,,,,0
112.050962,1779967262.049157,11045,,BS2DCE,,f,0,3,1756,1756,100,1,O,0,0,0,0,2,,,,,,0,0,,,,,0
112.050962,1779967262.049157,11045,,BS2DCE,,f,0,4,2245,2245,100,1,O,0,0,0,0,2,,,,,,0,0,,,,,0
112.050962,1779967262.049157,11045,,BS2DCE,,f,0,5,2367,2367,100,1,O,0,0,0,0,2,,,,,,0,0,,,,,0
112.050962,1779967262.049157,11045,,BS2DCE,,f,0,6,2133,2133,100,1,O,0,0,0,0,2,,,,,,0,0,,,,,0
112.050962,1779967262.049157,11045,,BS2DCE,,f,0,7,1796,1796,100,1,O,0,0,0,0,2,,,,,,0,0,,,,,0
112.170828,1779967262.169023,11046,,BS2DCE,,f,0,0,2166,2166,96,1,O,0,0,0,0,2,,,,,,0,0,,,,,0
112.170828,1779967262.169023,11046,,BS2DCE,,f,0,1,2215,2215,100,1,O,0,0,0,0,2,,,,,,0,0,,,,,0
112.170828,1779967262.169023,11046,,BS2DCE,,f,0,2,1714,1714,100,1,O,0,0,0,0,2,,,,,,0,0,,,,,0
112.170828,1779967262.169023,11046,,BS2DCE,,f,0,3,1814,1814,100,1,O,0,0,0,0,2,,,,,,0,0,,,,,0
112.170828,1779967262.169023,11046,,BS2DCE,,f,0,4,2278,2278,100,1,O,0,0,0,0,2,,,,,,0,0,,,,,0
112.170828,1779967262.169023,11046,,BS2DCE,,f,0,5,2310,2310,100,1,O,0,0,0,0,2,,,,,,0,0,,,,,0
112.170828,1779967262.169023,11046,,BS2DCE,,f,0,6,2164,2164,100,1,O,0,0,0,0,2,,,,,,0,0,,,,,0
112.170828,1779967262.169023,11046,,BS2DCE,,f,0,7,1844,1844,100,1,O,0,0,0,0,2,,,,,,0,0,,,,,0
112.254251,1779967262.252446,11047,,BS2DCE,,f,0,0,2183,2183,96,1,O,0,0,0,0,2,,,,,,0,0,,,,,0
112.254251,1779967262.252446,11047,,BS2DCE,,f,0,1,2231,2231,100,1,O,0,0,0,0,2,,,,,,0,0,,,,,0
112.254251,1779967262.252446,11047,,BS2DCE,,f,0,2,1726,1726,100,1,O,0,0,0,0,2,,,,,,0,0,,,,,0
112.254251,1779967262.252446,11047,,BS2DCE,,f,0,3,1887,1887,100,1,O,0,0,0,0,2,,,,,,0,0,,,,,0
112.254251,1779967262.252446,11047,,BS2DCE,,f,0,4,2332,2332,100,1,O,0,0,0,0,2,,,,,,0,0,,,,,0
112.254251,1779967262.252446,11047,,BS2DCE,,f,0,5,2333,2333,100,1,O,0,0,0,0,2,,,,,,0,0,,,,,0
112.254251,1779967262.252446,11047,,BS2DCE,,f,0,6,2037,2037,100,1,O,0,0,0,0,2,,,,,,0,0,,,,,0
112.254251,1779967262.252446,11047,,BS2DCE,,f,0,7,1905,1905,100,1,O,0,0,0,0,2,,,,,,0,0,,,,,0
112.428292,1779967262.426487,11048,,BS2DCE,,f,0,0,2225,2225,96,1,O,0,0,0,0,2,,,,,,0,0,,,,,0
112.428292,1779967262.426487,11048,,BS2DCE,,f,0,1,2152,2152,100,1,O,0,0,0,0,2,,,,,,0,0,,,,,0
112.428292,1779967262.426487,11048,,BS2DCE,,f,0,2,1686,1686,100,1,O,0,0,0,0,2,,,,,,0,0,,,,,0
112.428292,1779967262.426487,11048,,BS2DCE,,f,0,3,1834,1834,100,1,O,0,0,0,0,2,,,,,,0,0,,,,,0
112.428292,1779967262.426487,11048,,BS2DCE,,f,0,4,2305,2305,100,1,O,0,0,0,0,2,,,,,,0,0,,,,,0
112.428292,1779967262.426487,11048,,BS2DCE,,f,0,5,2327,2327,100,1,O,0,0,0,0,2,,,,,,0,0,,,,,0
112.428292,1779967262.426487,11048,,BS2DCE,,f,0,6,1961,1961,100,1,O,0,0,0,0,2,,,,,,0,0,,,,,0
112.428292,1779967262.426487,11048,,BS2DCE,,f,0,7,1841,1841,100,1,O,0,0,0,0,2,,,,,,0,0,,,,,0
112.455794,1779967262.453989,11049,,BS2DCE,,f,0,0,2294,2294,96,1,O,0,0,0,0,2,,,,,,0,0,,,,,0
112.455794,1779967262.453989,11049,,BS2DCE,,f,0,1,2139,2139,100,1,O,0,0,0,0,2,,,,,,0,0,,,,,0
112.455794,1779967262.453989,11049,,BS2DCE,,f,0,2,1647,1647,100,1,O,0,0,0,0,2,,,,,,0,0,,,,,0
112.455794,1779967262.453989,11049,,BS2DCE,,f,0,3,1854,1854,100,1,O,0,0,0,0,2,,,,,,0,0,,,,,0
112.455794,1779967262.453989,11049,,BS2DCE,,f,0,4,2469,2469,100,1,O,0,0,0,0,2,,,,,,0,0,,,,,0
112.455794,1779967262.453989,11049,,BS2DCE,,f,0,5,2272,2272,100,1,O,0,0,0,0,2,,,,,,0,0,,,,,0
112.455794,1779967262.453989,11049,,BS2DCE,,f,0,6,1926,1926,100,1,O,0,0,0,0,2,,,,,,0,0,,,,,0
112.455794,1779967262.453989,11049,,BS2DCE,,f,0,7,1964,1964,100,1,O,0,0,0,0,2,,,,,,0,0,,,,,0
112.560824,1779967262.559019,11050,,BS2DCE,,f,0,0,2283,2283,96,1,O,0,0,0,0,2,,,,,,0,0,,,,,0
112.560824,1779967262.559019,11050,,BS2DCE,,f,0,1,2083,2083,100,1,O,0,0,0,0,2,,,,,,0,0,,,,,0
112.560824,1779967262.559019,11050,,BS2DCE,,f,0,2,1595,1595,100,1,O,0,0,0,0,2,,,,,,0,0,,,,,0
112.560824,1779967262.559019,11050,,BS2DCE,,f,0,3,1864,1864,100,1,O,0,0,0,0,2,,,,,,0,0,,,,,0
112.560824,1779967262.559019,11050,,BS2DCE,,f,0,4,2416,2416,100,1,O,0,0,0,0,2,,,,,,0,0,,,,,0
112.560824,1779967262.559019,11050,,BS2DCE,,f,0,5,2270,2270,100,1,O,0,0,0,0,2,,,,,,0,0,,,,,0
112.560824,1779967262.559019,11050,,BS2DCE,,f,0,6,1783,1783,100,1,O,0,0,0,0,2,,,,,,0,0,,,,,0
112.560824,1779967262.559019,11050,,BS2DCE,,f,0,7,1948,1948,100,1,O,0,0,0,0,2,,,,,,0,0,,,,,0
112.680821,1779967262.679016,11051,,BS2DCE,,f,0,0,2331,2331,96,1,O,0,0,0,0,2,,,,,,0,0,,,,,0
112.680821,1779967262.679016,11051,,BS2DCE,,f,0,1,2080,2080,100,1,O,0,0,0,0,2,,,,,,0,0,,,,,0
112.680821,1779967262.679016,11051,,BS2DCE,,f,0,2,1527,1527,100,1,O,0,0,0,0,2,,,,,,0,0,,,,,0
112.680821,1779967262.679016,11051,,BS2DCE,,f,0,3,1875,1875,100,1,O,0,0,0,0,2,,,,,,0,0,,,,,0
112.680821,1779967262.679016,11051,,BS2DCE,,f,0,4,2449,2449,100,1,O,0,0,0,0,2,,,,,,0,0,,,,,0
112.680821,1779967262.679016,11051,,BS2DCE,,f,0,5,2284,2284,100,1,O,0,0,0,0,2,,,,,,0,0,,,,,0
112.680821,1779967262.679016,11051,,BS2DCE,,f,0,6,1877,1877,100,1,O,0,0,0,0,2,,,,,,0,0,,,,,0
112.680821,1779967262.679016,11051,,BS2DCE,,f,0,7,1999,1999,100,1,O,0,0,0,0,2,,,,,,0,0,,,,,0
112.771244,1779967262.769439,11052,,BS2DCE,,f,0,0,2307,2307,96,1,O,0,0,0,0,2,,,,,,0,0,,,,,0
112.771244,1779967262.769439,11052,,BS2DCE,,f,0,1,2069,2069,100,1,O,0,0,0,0,2,,,,,,0,0,,,,,0
112.771244,1779967262.769439,11052,,BS2DCE,,f,0,2,1488,1488,100,1,O,0,0,0,0,2,,,,,,0,0,,,,,0
112.771244,1779967262.769439,11052,,BS2DCE,,f,0,3,1941,1941,100,1,O,0,0,0,0,2,,,,,,0,0,,,,,0
112.771244,1779967262.769439,11052,,BS2DCE,,f,0,4,2506,2506,100,1,O,0,0,0,0,2,,,,,,0,0,,,,,0
112.771244,1779967262.769439,11052,,BS2DCE,,f,0,5,2238,2238,100,1,O,0,0,0,0,2,,,,,,0,0,,,,,0
112.771244,1779967262.769439,11052,,BS2DCE,,f,0,6,1836,1836,100,1,O,0,0,0,0,2,,,,,,0,0,,,,,0
112.771244,1779967262.769439,11052,,BS2DCE,,f,0,7,1985,1985,100,1,O,0,0,0,0,2,,,,,,0,0,,,,,0
112.857216,1779967262.855411,11053,,BS2DCE,,f,0,0,2373,2373,96,1,O,0,0,0,0,2,,,,,,0,0,,,,,0
112.857216,1779967262.855411,11053,,BS2DCE,,f,0,1,2074,2074,100,1,O,0,0,0,0,2,,,,,,0,0,,,,,0
112.857216,1779967262.855411,11053,,BS2DCE,,f,0,2,1492,1492,100,1,O,0,0,0,0,2,,,,,,0,0,,,,,0
112.857216,1779967262.855411,11053,,BS2DCE,,f,0,3,1982,1982,100,1,O,0,0,0,0,2,,,,,,0,0,,,,,0
112.857216,1779967262.855411,11053,,BS2DCE,,f,0,4,2549,2549,100,1,O,0,0,0,0,2,,,,,,0,0,,,,,0
112.857216,1779967262.855411,11053,,BS2DCE,,f,0,5,2235,2235,100,1,O,0,0,0,0,2,,,,,,0,0,,,,,0
112.857216,1779967262.855411,11053,,BS2DCE,,f,0,6,1726,1726,100,1,O,0,0,0,0,2,,,,,,0,0,,,,,0
112.857216,1779967262.855411,11053,,BS2DCE,,f,0,7,1981,1981,100,1,O,0,0,0,0,2,,,,,,0,0,,,,,0
112.983216,1779967262.981411,11054,,BS2DCE,,f,0,0,2420,2420,100,1,O,0,0,0,0,2,,,,,,0,0,,,,,0
112.983216,1779967262.981411,11054,,BS2DCE,,f,0,1,2067,2067,100,1,O,0,0,0,0,2,,,,,,0,0,,,,,0
112.983216,1779967262.981411,11054,,BS2DCE,,f,0,2,1501,1501,100,1,O,0,0,0,0,2,,,,,,0,0,,,,,0
112.983216,1779967262.981411,11054,,BS2DCE,,f,0,3,1998,1998,100,1,O,0,0,0,0,2,,,,,,0,0,,,,,0
112.983216,1779967262.981411,11054,,BS2DCE,,f,0,4,2496,2496,100,1,O,0,0,0,0,2,,,,,,0,0,,,,,0
112.983216,1779967262.981411,11054,,BS2DCE,,f,0,5,2182,2182,100,1,O,0,0,0,0,2,,,,,,0,0,,,,,0
112.983216,1779967262.981411,11054,,BS2DCE,,f,0,6,1711,1711,100,1,O,0,0,0,0,2,,,,,,0,0,,,,,0
112.983216,1779967262.981411,11054,,BS2DCE,,f,0,7,2044,2044,100,1,O,0,0,0,0,2,,,,,,0,0,,,,,0
113.055922,1779967263.054117,11055,,BS2DCE,,f,0,0,2399,2399,100,1,O,0,0,0,0,2,,,,,,0,0,,,,,0
113.055922,1779967263.054117,11055,,BS2DCE,,f,0,1,1980,1980,100,1,O,0,0,0,0,2,,,,,,0,0,,,,,0
113.055922,1779967263.054117,11055,,BS2DCE,,f,0,2,1457,1457,100,1,O,0,0,0,0,2,,,,,,0,0,,,,,0
113.055922,1779967263.054117,11055,,BS2DCE,,f,0,3,1980,1980,100,1,O,0,0,0,0,2,,,,,,0,0,,,,,0
113.055922,1779967263.054117,11055,,BS2DCE,,f,0,4,2499,2499,100,1,O,0,0,0,0,2,,,,,,0,0,,,,,0
113.055922,1779967263.054117,11055,,BS2DCE,,f,0,5,2195,2195,100,1,O,0,0,0,0,2,,,,,,0,0,,,,,0
113.055922,1779967263.054117,11055,,BS2DCE,,f,0,6,1798,1798,100,1,O,0,0,0,0,2,,,,,,0,0,,,,,0
113.055922,1779967263.054117,11055,,BS2DCE,,f,0,7,2065,2065,100,1,O,0,0,0,0,2,,,,,,0,0,,,,,0
113.160737,1779967263.158932,11056,,BS2DCE,,f,0,0,2388,2388,100,1,O,0,0,0,0,2,,,,,,0,0,,,,,0
113.160737,1779967263.158932,11056,,BS2DCE,,f,0,1,1980,1980,100,1,O,0,0,0,0,2,,,,,,0,0,,,,,0
113.160737,1779967263.158932,11056,,BS2DCE,,f,0,2,1434,1434,100,1,O,0,0,0,0,2,,,,,,0,0,,,,,0
113.160737,1779967263.158932,11056,,BS2DCE,,f,0,3,2067,2067,100,1,O,0,0,0,0,2,,,,,,0,0,,,,,0
113.160737,1779967263.158932,11056,,BS2DCE,,f,0,4,2538,2538,100,1,O,0,0,0,0,2,,,,,,0,0,,,,,0
113.160737,1779967263.158932,11056,,BS2DCE,,f,0,5,2111,2111,100,1,O,0,0,0,0,2,,,,,,0,0,,,,,0
113.160737,1779967263.158932,11056,,BS2DCE,,f,0,6,1672,1672,100,1,O,0,0,0,0,2,,,,,,0,0,,,,,0
113.160737,1779967263.158932,11056,,BS2DCE,,f,0,7,2104,2104,100,1,O,0,0,0,0,2,,,,,,0,0,,,,,0
113.251238,1779967263.249433,11057,,BS2DCE,,f,0,0,2462,2462,100,1,O,0,0,0,0,2,,,,,,0,0,,,,,0
113.251238,1779967263.249433,11057,,BS2DCE,,f,0,1,2089,2089,100,1,O,0,0,0,0,2,,,,,,0,0,,,,,0
113.251238,1779967263.249433,11057,,BS2DCE,,f,0,2,1440,1440,100,1,O,0,0,0,0,2,,,,,,0,0,,,,,0
113.251238,1779967263.249433,11057,,BS2DCE,,f,0,3,2104,2104,100,1,O,0,0,0,0,2,,,,,,0,0,,,,,0
113.251238,1779967263.249433,11057,,BS2DCE,,f,0,4,2575,2575,100,1,O,0,0,0,0,2,,,,,,0,0,,,,,0
113.251238,1779967263.249433,11057,,BS2DCE,,f,0,5,2138,2138,100,1,O,0,0,0,0,2,,,,,,0,0,,,,,0
113.251238,1779967263.249433,11057,,BS2DCE,,f,0,6,1668,1668,100,1,O,0,0,0,0,2,,,,,,0,0,,,,,0
113.251238,1779967263.249433,11057,,BS2DCE,,f,0,7,2162,2162,100,1,O,0,0,0,0,2,,,,,,0,0,,,,,0
113.418047,1779967263.416242,11058,,BS2DCE,,f,0,0,2498,2498,100,1,O,0,0,0,0,2,,,,,,0,0,,,,,0
113.418047,1779967263.416242,11058,,BS2DCE,,f,0,1,2070,2070,100,1,O,0,0,0,0,2,,,,,,0,0,,,,,0
113.418047,1779967263.416242,11058,,BS2DCE,,f,0,2,1468,1468,100,1,O,0,0,0,0,2,,,,,,0,0,,,,,0
113.418047,1779967263.416242,11058,,BS2DCE,,f,0,3,2146,2146,100,1,O,0,0,0,0,2,,,,,,0,0,,,,,0
113.418047,1779967263.416242,11058,,BS2DCE,,f,0,4,2676,2676,100,1,O,0,0,0,0,2,,,,,,0,0,,,,,0
113.418047,1779967263.416242,11058,,BS2DCE,,f,0,5,2050,2050,100,1,O,0,0,0,0,2,,,,,,0,0,,,,,0
113.418047,1779967263.416242,11058,,BS2DCE,,f,0,6,1649,1649,100,1,O,0,0,0,0,2,,,,,,0,0,,,,,0
113.418047,1779967263.416242,11058,,BS2DCE,,f,0,7,2182,2182,100,1,O,0,0,0,0,2,,,,,,0,0,,,,,0
113.453498,1779967263.451693,11059,,BS2DCE,,f,0,0,2569,2569,100,1,O,0,0,0,0,2,,,,,,0,0,,,,,0
113.453498,1779967263.451693,11059,,BS2DCE,,f,0,1,2147,2147,100,1,O,0,0,0,0,2,,,,,,0,0,,,,,0
113.453498,1779967263.451693,11059,,BS2DCE,,f,0,2,1523,1523,100,1,O,0,0,0,0,2,,,,,,0,0,,,,,0
113.453498,1779967263.451693,11059,,BS2DCE,,f,0,3,2154,2154,100,1,O,0,0,0,0,2,,,,,,0,0,,,,,0
113.453498,1779967263.451693,11059,,BS2DCE,,f,0,4,2685,2685,100,1,O,0,0,0,0,2,,,,,,0,0,,,,,0
113.453498,1779967263.451693,11059,,BS2DCE,,f,0,5,2091,2091,100,1,O,0,0,0,0,2,,,,,,0,0,,,,,0
113.453498,1779967263.451693,11059,,BS2DCE,,f,0,6,1642,1642,100,1,O,0,0,0,0,2,,,,,,0,0,,,,,0
113.453498,1779967263.451693,11059,,BS2DCE,,f,0,7,2236,2236,100,1,O,0,0,0,0,2,,,,,,0,0,,,,,0
113.573301,1779967263.571496,11060,,BS2DCE,,f,0,0,2601,2601,100,1,O,0,0,0,0,2,,,,,,0,0,,,,,0
113.573301,1779967263.571496,11060,,BS2DCE,,f,0,1,2357,2357,100,1,O,0,0,0,0,2,,,,,,0,0,,,,,0
113.573301,1779967263.571496,11060,,BS2DCE,,f,0,2,1677,1677,100,1,O,0,0,0,0,2,,,,,,0,0,,,,,0
113.573301,1779967263.571496,11060,,BS2DCE,,f,0,3,2184,2184,100,1,O,0,0,0,0,2,,,,,,0,0,,,,,0
113.573301,1779967263.571496,11060,,BS2DCE,,f,0,4,2643,2643,100,1,O,0,0,0,0,2,,,,,,0,0,,,,,0
113.573301,1779967263.571496,11060,,BS2DCE,,f,0,5,1914,1914,100,1,O,0,0,0,0,2,,,,,,0,0,,,,,0
113.573301,1779967263.571496,11060,,BS2DCE,,f,0,6,1592,1592,100,1,O,0,0,0,0,2,,,,,,0,0,,,,,0
113.573301,1779967263.571496,11060,,BS2DCE,,f,0,7,2187,2187,100,1,O,0,0,0,0,2,,,,,,0,0,,,,,0
113.655843,1779967263.654038,11061,,BS2DCE,,f,0,0,2681,2681,100,1,O,0,0,0,0,2,,,,,,0,0,,,,,0
113.655843,1779967263.654038,11061,,BS2DCE,,f,0,1,2073,2073,100,1,O,0,0,0,0,2,,,,,,0,0,,,,,0
113.655843,1779967263.654038,11061,,BS2DCE,,f,0,2,1587,1587,100,1,O,0,0,0,0,2,,,,,,0,0,,,,,0
113.655843,1779967263.654038,11061,,BS2DCE,,f,0,3,2279,2279,100,1,O,0,0,0,0,2,,,,,,0,0,,,,,0
113.655843,1779967263.654038,11061,,BS2DCE,,f,0,4,2617,2617,100,1,O,0,0,0,0,2,,,,,,0,0,,,,,0
113.655843,1779967263.654038,11061,,BS2DCE,,f,0,5,1900,1900,100,1,O,0,0,0,0,2,,,,,,0,0,,,,,0
113.655843,1779967263.654038,11061,,BS2DCE,,f,0,6,1600,1600,100,1,O,0,0,0,0,2,,,,,,0,0,,,,,0
113.655843,1779967263.654038,11061,,BS2DCE,,f,0,7,2262,2262,100,1,O,0,0,0,0,2,,,,,,0,0,,,,,0
113.761156,1779967263.759351,11062,,BS2DCE,,f,0,0,2633,2633,100,1,O,0,0,0,0,2,,,,,,0,0,,,,,0
113.761156,1779967263.759351,11062,,BS2DCE,,f,0,1,1949,1949,100,1,O,0,0,0,0,2,,,,,,0,0,,,,,0
113.761156,1779967263.759351,11062,,BS2DCE,,f,0,2,1535,1535,100,1,O,0,0,0,0,2,,,,,,0,0,,,,,0
113.761156,1779967263.759351,11062,,BS2DCE,,f,0,3,2231,2231,100,1,O,0,0,0,0,2,,,,,,0,0,,,,,0
113.761156,1779967263.759351,11062,,BS2DCE,,f,0,4,2597,2597,100,1,O,0,0,0,0,2,,,,,,0,0,,,,,0
113.761156,1779967263.759351,11062,,BS2DCE,,f,0,5,1867,1867,100,1,O,0,0,0,0,2,,,,,,0,0,,,,,0
113.761156,1779967263.759351,11062,,BS2DCE,,f,0,6,1586,1586,100,1,O,0,0,0,0,2,,,,,,0,0,,,,,0
113.761156,1779967263.759351,11062,,BS2DCE,,f,0,7,2332,2332,100,1,O,0,0,0,0,2,,,,,,0,0,,,,,0
113.850797,1779967263.848992,11063,,BS2DCE,,f,0,0,2863,2863,100,1,O,0,0,0,0,2,,,,,,0,0,,,,,0
113.850797,1779967263.848992,11063,,BS2DCE,,f,0,1,1983,1983,100,1,O,0,0,0,0,2,,,,,,0,0,,,,,0
113.850797,1779967263.848992,11063,,BS2DCE,,f,0,2,1504,1504,100,1,O,0,0,0,0,2,,,,,,0,0,,,,,0
113.850797,1779967263.848992,11063,,BS2DCE,,f,0,3,2313,2313,100,1,O,0,0,0,0,2,,,,,,0,0,,,,,0
113.850797,1779967263.848992,11063,,BS2DCE,,f,0,4,2523,2523,100,1,O,0,0,0,0,2,,,,,,0,0,,,,,0
113.850797,1779967263.848992,11063,,BS2DCE,,f,0,5,1863,1863,100,1,O,0,0,0,0,2,,,,,,0,0,,,,,0
113.850797,1779967263.848992,11063,,BS2DCE,,f,0,6,1576,1576,100,1,O,0,0,0,0,2,,,,,,0,0,,,,,0
113.850797,1779967263.848992,11063,,BS2DCE,,f,0,7,2297,2297,100,1,O,0,0,0,0,2,,,,,,0,0,,,,,0
113.970785,1779967263.96898,11064,,BS2DCE,,f,0,0,3024,3024,100,1,O,0,0,0,0,2,,,,,,0,0,,,,,0
113.970785,1779967263.96898,11064,,BS2DCE,,f,0,1,1865,1865,100,1,O,0,0,0,0,2,,,,,,0,0,,,,,0
113.970785,1779967263.96898,11064,,BS2DCE,,f,0,2,1581,1581,100,1,O,0,0,0,0,2,,,,,,0,0,,,,,0
113.970785,1779967263.96898,11064,,BS2DCE,,f,0,3,2414,2414,100,1,O,0,0,0,0,2,,,,,,0,0,,,,,0
113.970785,1779967263.96898,11064,,BS2DCE,,f,0,4,2440,2440,100,1,O,0,0,0,0,2,,,,,,0,0,,,,,0
113.970785,1779967263.96898,11064,,BS2DCE,,f,0,5,1778,1778,100,1,O,0,0,0,0,2,,,,,,0,0,,,,,0
113.970785,1779967263.96898,11064,,BS2DCE,,f,0,6,1612,1612,100,1,O,0,0,0,0,2,,,,,,0,0,,,,,0
113.970785,1779967263.96898,11064,,BS2DCE,,f,0,7,2314,2314,100,1,O,0,0,0,0,2,,,,,,0,0,,,,,0
114.053385,1779967264.05158,11065,,BS2DCE,,f,0,0,2769,2769,100,1,O,0,0,0,0,2,,,,,,0,0,,,,,0
114.053385,1779967264.05158,11065,,BS2DCE,,f,0,1,1813,1813,100,1,O,0,0,0,0,2,,,,,,0,0,,,,,0
114.053385,1779967264.05158,11065,,BS2DCE,,f,0,2,1644,1644,100,1,O,0,0,0,0,2,,,,,,0,0,,,,,0
114.053385,1779967264.05158,11065,,BS2DCE,,f,0,3,2385,2385,100,1,O,0,0,0,0,2,,,,,,0,0,,,,,0
114.053385,1779967264.05158,11065,,BS2DCE,,f,0,4,2455,2455,100,1,O,0,0,0,0,2,,,,,,0,0,,,,,0
114.053385,1779967264.05158,11065,,BS2DCE,,f,0,5,1646,1646,100,1,O,0,0,0,0,2,,,,,,0,0,,,,,0
114.053385,1779967264.05158,11065,,BS2DCE,,f,0,6,1590,1590,100,1,O,0,0,0,0,2,,,,,,0,0,,,,,0
114.053385,1779967264.05158,11065,,BS2DCE,,f,0,7,2343,2343,100,1,O,0,0,0,0,2,,,,,,0,0,,,,,0
114.158221,1779967264.156416,11066,,BS2DCE,,f,0,0,2756,2756,100,1,O,0,0,0,0,2,,,,,,0,0,,,,,0
114.158221,1779967264.156416,11066,,BS2DCE,,f,0,1,1775,1775,100,1,O,0,0,0,0,2,,,,,,0,0,,,,,0
114.158221,1779967264.156416,11066,,BS2DCE,,f,0,2,1731,1731,100,1,O,0,0,0,0,2,,,,,,0,0,,,,,0
114.158221,1779967264.156416,11066,,BS2DCE,,f,0,3,2449,2449,100,1,O,0,0,0,0,2,,,,,,0,0,,,,,0
114.158221,1779967264.156416,11066,,BS2DCE,,f,0,4,2387,2387,100,1,O,0,0,0,0,2,,,,,,0,0,,,,,0
114.158221,1779967264.156416,11066,,BS2DCE,,f,0,5,1709,1709,100,1,O,0,0,0,0,2,,,,,,0,0,,,,,0
114.158221,1779967264.156416,11066,,BS2DCE,,f,0,6,1607,1607,100,1,O,0,0,0,0,2,,,,,,0,0,,,,,0
114.158221,1779967264.156416,11066,,BS2DCE,,f,0,7,2268,2268,100,1,O,0,0,0,0,2,,,,,,0,0,,,,,0
114.255661,1779967264.253856,11067,,BS2DCE,,f,0,0,2628,2628,100,1,O,0,0,0,0,2,,,,,,0,0,,,,,0
114.255661,1779967264.253856,11067,,BS2DCE,,f,0,1,1813,1813,100,1,O,0,0,0,0,2,,,,,,0,0,,,,,0
114.255661,1779967264.253856,11067,,BS2DCE,,f,0,2,1732,1732,100,1,O,0,0,0,0,2,,,,,,0,0,,,,,0
114.255661,1779967264.253856,11067,,BS2DCE,,f,0,3,2443,2443,100,1,O,0,0,0,0,2,,,,,,0,0,,,,,0
114.255661,1779967264.253856,11067,,BS2DCE,,f,0,4,2375,2375,100,1,O,0,0,0,0,2,,,,,,0,0,,,,,0
114.255661,1779967264.253856,11067,,BS2DCE,,f,0,5,1467,1467,100,1,O,0,0,0,0,2,,,,,,0,0,,,,,0
114.255661,1779967264.253856,11067,,BS2DCE,,f,0,6,1655,1655,100,1,O,0,0,0,0,2,,,,,,0,0,,,,,0
114.255661,1779967264.253856,11067,,BS2DCE,,f,0,7,2361,2361,100,1,O,0,0,0,0,2,,,,,,0,0,,,,,0
114.415485,1779967264.41368,11068,,BS2DCE,,f,0,0,2610,2610,100,1,O,0,0,0,0,2,,,,,,0,0,,,,,0
114.415485,1779967264.41368,11068,,BS2DCE,,f,0,1,1841,1841,100,1,O,0,0,0,0,2,,,,,,0,0,,,,,0
114.415485,1779967264.41368,11068,,BS2DCE,,f,0,2,1792,1792,100,1,O,0,0,0,0,2,,,,,,0,0,,,,,0
114.415485,1779967264.41368,11068,,BS2DCE,,f,0,3,2478,2478,100,1,O,0,0,0,0,2,,,,,,0,0,,,,,0
114.415485,1779967264.41368,11068,,BS2DCE,,f,0,4,2267,2267,100,1,O,0,0,0,0,2,,,,,,0,0,,,,,0
114.415485,1779967264.41368,11068,,BS2DCE,,f,0,5,1600,1600,100,1,O,0,0,0,0,2,,,,,,0,0,,,,,0
114.415485,1779967264.41368,11068,,BS2DCE,,f,0,6,1852,1852,100,1,O,0,0,0,0,2,,,,,,0,0,,,,,0
114.415485,1779967264.41368,11068,,BS2DCE,,f,0,7,2405,2405,100,1,O,0,0,0,0,2,,,,,,0,0,,,,,0
114.48075,1779967264.478945,11069,,BS2DCE,,f,0,0,2533,2533,100,1,O,0,0,0,0,2,,,,,,0,0,,,,,0
114.48075,1779967264.478945,11069,,BS2DCE,,f,0,1,1847,1847,100,1,O,0,0,0,0,2,,,,,,0,0,,,,,0
114.48075,1779967264.478945,11069,,BS2DCE,,f,0,2,1807,1807,100,1,O,0,0,0,0,2,,,,,,0,0,,,,,0
114.48075,1779967264.478945,11069,,BS2DCE,,f,0,3,0,2478,96,0,T,0,0,0,0,2,,,,,,0,0,,,,,0
114.48075,1779967264.478945,11069,,BS2DCE,,f,0,4,2233,2233,100,1,O,0,0,0,0,2,,,,,,0,0,,,,,0
114.48075,1779967264.478945,11069,,BS2DCE,,f,0,5,1551,1551,100,1,O,0,0,0,0,2,,,,,,0,0,,,,,0
114.48075,1779967264.478945,11069,,BS2DCE,,f,0,6,1808,1808,100,1,O,0,0,0,0,2,,,,,,0,0,,,,,0
114.48075,1779967264.478945,11069,,BS2DCE,,f,0,7,2470,2470,100,1,O,0,0,0,0,2,,,,,,0,0,,,,,0
114.570906,1779967264.569101,11070,,BS2DCE,,f,0,0,2483,2483,100,1,O,0,0,0,0,2,,,,,,0,0,,,,,0
114.570906,1779967264.569101,11070,,BS2DCE,,f,0,1,1939,1939,100,1,O,0,0,0,0,2,,,,,,0,0,,,,,0
114.570906,1779967264.569101,11070,,BS2DCE,,f,0,2,1968,1968,100,1,O,0,0,0,0,2,,,,,,0,0,,,,,0
114.570906,1779967264.569101,11070,,BS2DCE,,f,0,3,2582,2582,100,1,O,0,0,0,0,2,,,,,,0,0,,,,,0
114.570906,1779967264.569101,11070,,BS2DCE,,f,0,4,2163,2163,100,1,O,0,0,0,0,2,,,,,,0,0,,,,,0
114.570906,1779967264.569101,11070,,BS2DCE,,f,0,5,1644,1644,100,1,O,0,0,0,0,2,,,,,,0,0,,,,,0
114.570906,1779967264.569101,11070,,BS2DCE,,f,0,6,1822,1822,100,1,O,0,0,0,0,2,,,,,,0,0,,,,,0
114.570906,1779967264.569101,11070,,BS2DCE,,f,0,7,2328,2328,100,1,O,0,0,0,0,2,,,,,,0,0,,,,,0
114.653254,1779967264.651449,11071,,BS2DCE,,f,0,0,2429,2429,100,1,O,0,0,0,0,2,,,,,,0,0,,,,,0
114.653254,1779967264.651449,11071,,BS2DCE,,f,0,1,2008,2008,100,1,O,0,0,0,0,2,,,,,,0,0,,,,,0
114.653254,1779967264.651449,11071,,BS2DCE,,f,0,2,2036,2036,100,1,O,0,0,0,0,2,,,,,,0,0,,,,,0
114.653254,1779967264.651449,11071,,BS2DCE,,f,0,3,2650,2650,100,1,O,0,0,0,0,2,,,,,,0,0,,,,,0
114.653254,1779967264.651449,11071,,BS2DCE,,f,0,4,2090,2090,100,1,O,0,0,0,0,2,,,,,,0,0,,,,,0
114.653254,1779967264.651449,11071,,BS2DCE,,f,0,5,1724,1724,100,1,O,0,0,0,0,2,,,,,,0,0,,,,,0
114.653254,1779967264.651449,11071,,BS2DCE,,f,0,6,1773,1773,100,1,O,0,0,0,0,2,,,,,,0,0,,,,,0
114.653254,1779967264.651449,11071,,BS2DCE,,f,0,7,2380,2380,100,1,O,0,0,0,0,2,,,,,,0,0,,,,,0
114.758149,1779967264.756344,11072,,BS2DCE,,f,0,0,2371,2371,100,1,O,0,0,0,0,2,,,,,,0,0,,,,,0
114.758149,1779967264.756344,11072,,BS2DCE,,f,0,1,2017,2017,100,1,O,0,0,0,0,2,,,,,,0,0,,,,,0
114.758149,1779967264.756344,11072,,BS2DCE,,f,0,2,2057,2057,100,1,O,0,0,0,0,2,,,,,,0,0,,,,,0
114.758149,1779967264.756344,11072,,BS2DCE,,f,0,3,3684,3684,100,1,O,0,0,0,0,2,,,,,,0,0,,,,,0
114.758149,1779967264.756344,11072,,BS2DCE,,f,0,4,2104,2104,100,1,O,0,0,0,0,2,,,,,,0,0,,,,,0
114.758149,1779967264.756344,11072,,BS2DCE,,f,0,5,1778,1778,100,1,O,0,0,0,0,2,,,,,,0,0,,,,,0
114.758149,1779967264.756344,11072,,BS2DCE,,f,0,6,1863,1863,100,1,O,0,0,0,0,2,,,,,,0,0,,,,,0
114.758149,1779967264.756344,11072,,BS2DCE,,f,0,7,2370,2370,100,1,O,0,0,0,0,2,,,,,,0,0,,,,,0
114.855679,1779967264.853874,11073,,BS2DCE,,f,0,0,2307,2307,100,1,O,0,0,0,0,2,,,,,,0,0,,,,,0
114.855679,1779967264.853874,11073,,BS2DCE,,f,0,1,2044,2044,100,1,O,0,0,0,0,2,,,,,,0,0,,,,,0
114.855679,1779967264.853874,11073,,BS2DCE,,f,0,2,2129,2129,100,1,O,0,0,0,0,2,,,,,,0,0,,,,,0
114.855679,1779967264.853874,11073,,BS2DCE,,f,0,3,2540,2540,100,1,O,0,0,0,0,2,,,,,,0,0,,,,,0
114.855679,1779967264.853874,11073,,BS2DCE,,f,0,4,1994,1994,100,1,O,0,0,0,0,2,,,,,,0,0,,,,,0
114.855679,1779967264.853874,11073,,BS2DCE,,f,0,5,1458,1458,100,1,O,0,0,0,0,2,,,,,,0,0,,,,,0
114.855679,1779967264.853874,11073,,BS2DCE,,f,0,6,1905,1905,100,1,O,0,0,0,0,2,,,,,,0,0,,,,,0
114.855679,1779967264.853874,11073,,BS2DCE,,f,0,7,2210,2210,100,1,O,0,0,0,0,2,,,,,,0,0,,,,,0
114.96074,1779967264.958935,11074,,BS2DCE,,f,0,0,2212,2212,100,1,O,0,0,0,0,2,,,,,,0,0,,,,,0
114.96074,1779967264.958935,11074,,BS2DCE,,f,0,1,2033,2033,100,1,O,0,0,0,0,2,,,,,,0,0,,,,,0
114.96074,1779967264.958935,11074,,BS2DCE,,f,0,2,2197,2197,100,1,O,0,0,0,0,2,,,,,,0,0,,,,,0
114.96074,1779967264.958935,11074,,BS2DCE,,f,0,3,2490,2490,100,1,O,0,0,0,0,2,,,,,,0,0,,,,,0
114.96074,1779967264.958935,11074,,BS2DCE,,f,0,4,1938,1938,100,1,O,0,0,0,0,2,,,,,,0,0,,,,,0
114.96074,1779967264.958935,11074,,BS2DCE,,f,0,5,1670,1670,100,1,O,0,0,0,0,2,,,,,,0,0,,,,,0
114.96074,1779967264.958935,11074,,BS2DCE,,f,0,6,1933,1933,100,1,O,0,0,0,0,2,,,,,,0,0,,,,,0
114.96074,1779967264.958935,11074,,BS2DCE,,f,0,7,2113,2113,100,1,O,0,0,0,0,2,,,,,,0,0,,,,,0
115.070441,1779967265.068636,11075,,BS2DCE,,f,0,0,2205,2205,100,1,O,0,0,0,0,2,,,,,,0,0,,,,,0
115.070441,1779967265.068636,11075,,BS2DCE,,f,0,1,2033,2033,100,1,O,0,0,0,0,2,,,,,,0,0,,,,,0
115.070441,1779967265.068636,11075,,BS2DCE,,f,0,2,2196,2196,100,1,O,0,0,0,0,2,,,,,,0,0,,,,,0
115.070441,1779967265.068636,11075,,BS2DCE,,f,0,3,2483,2483,100,1,O,0,0,0,0,2,,,,,,0,0,,,,,0
115.070441,1779967265.068636,11075,,BS2DCE,,f,0,4,1877,1877,100,1,O,0,0,0,0,2,,,,,,0,0,,,,,0
115.070441,1779967265.068636,11075,,BS2DCE,,f,0,5,1670,1670,100,1,O,0,0,0,0,2,,,,,,0,0,,,,,0
115.070441,1779967265.068636,11075,,BS2DCE,,f,0,6,1988,1988,100,1,O,0,0,0,0,2,,,,,,0,0,,,,,0
115.070441,1779967265.068636,11075,,BS2DCE,,f,0,7,2084,2084,100,1,O,0,0,0,0,2,,,,,,0,0,,,,,0
115.201195,1779967265.19939,11076,,BS2DCE,,f,0,0,2117,2117,100,1,O,0,0,0,0,2,,,,,,0,0,,,,,0
115.201195,1779967265.19939,11076,,BS2DCE,,f,0,1,2103,2103,100,1,O,0,0,0,0,2,,,,,,0,0,,,,,0
115.201195,1779967265.19939,11076,,BS2DCE,,f,0,2,2324,2324,100,1,O,0,0,0,0,2,,,,,,0,0,,,,,0
115.201195,1779967265.19939,11076,,BS2DCE,,f,0,3,2423,2423,100,1,O,0,0,0,0,2,,,,,,0,0,,,,,0
115.201195,1779967265.19939,11076,,BS2DCE,,f,0,4,1744,1744,100,1,O,0,0,0,0,2,,,,,,0,0,,,,,0
115.201195,1779967265.19939,11076,,BS2DCE,,f,0,5,1817,1817,100,1,O,0,0,0,0,2,,,,,,0,0,,,,,0
115.201195,1779967265.19939,11076,,BS2DCE,,f,0,6,2052,2052,100,1,O,0,0,0,0,2,,,,,,0,0,,,,,0
115.201195,1779967265.19939,11076,,BS2DCE,,f,0,7,2011,2011,100,1,O,0,0,0,0,2,,,,,,0,0,,,,,0
115.253235,1779967265.25143,11077,,BS2DCE,,f,0,0,2145,2145,100,1,O,0,0,0,0,2,,,,,,0,0,,,,,0
115.253235,1779967265.25143,11077,,BS2DCE,,f,0,1,2155,2155,100,1,O,0,0,0,0,2,,,,,,0,0,,,,,0
115.253235,1779967265.25143,11077,,BS2DCE,,f,0,2,2306,2306,100,1,O,0,0,0,0,2,,,,,,0,0,,,,,0
115.253235,1779967265.25143,11077,,BS2DCE,,f,0,3,2346,2346,100,1,O,0,0,0,0,2,,,,,,0,0,,,,,0
115.253235,1779967265.25143,11077,,BS2DCE,,f,0,4,1702,1702,100,1,O,0,0,0,0,2,,,,,,0,0,,,,,0
115.253235,1779967265.25143,11077,,BS2DCE,,f,0,5,1913,1913,100,1,O,0,0,0,0,2,,,,,,0,0,,,,,0
115.253235,1779967265.25143,11077,,BS2DCE,,f,0,6,2056,2056,100,1,O,0,0,0,0,2,,,,,,0,0,,,,,0
115.253235,1779967265.25143,11077,,BS2DCE,,f,0,7,1945,1945,100,1,O,0,0,0,0,2,,,,,,0,0,,,,,0
115.428068,1779967265.426263,11078,,BS2DCE,,f,0,0,2083,2083,100,1,O,0,0,0,0,2,,,,,,0,0,,,,,0
115.428068,1779967265.426263,11078,,BS2DCE,,f,0,1,2205,2205,100,1,O,0,0,0,0,2,,,,,,0,0,,,,,0
115.428068,1779967265.426263,11078,,BS2DCE,,f,0,2,2302,2302,100,1,O,0,0,0,0,2,,,,,,0,0,,,,,0
115.428068,1779967265.426263,11078,,BS2DCE,,f,0,3,2235,2235,100,1,O,0,0,0,0,2,,,,,,0,0,,,,,0
115.428068,1779967265.426263,11078,,BS2DCE,,f,0,4,1676,1676,100,1,O,0,0,0,0,2,,,,,,0,0,,,,,0
115.428068,1779967265.426263,11078,,BS2DCE,,f,0,5,1928,1928,100,1,O,0,0,0,0,2,,,,,,0,0,,,,,0
115.428068,1779967265.426263,11078,,BS2DCE,,f,0,6,2128,2128,100,1,O,0,0,0,0,2,,,,,,0,0,,,,,0
115.428068,1779967265.426263,11078,,BS2DCE,,f,0,7,1913,1913,100,1,O,0,0,0,0,2,,,,,,0,0,,,,,0
115.455667,1779967265.453862,11079,,BS2DCE,,f,0,0,2071,2071,100,1,O,0,0,0,0,2,,,,,,0,0,,,,,0
115.455667,1779967265.453862,11079,,BS2DCE,,f,0,1,2538,2538,100,1,O,0,0,0,0,2,,,,,,0,0,,,,,0
115.455667,1779967265.453862,11079,,BS2DCE,,f,0,2,2415,2415,100,1,O,0,0,0,0,2,,,,,,0,0,,,,,0
115.455667,1779967265.453862,11079,,BS2DCE,,f,0,3,2214,2214,100,1,O,0,0,0,0,2,,,,,,0,0,,,,,0
115.455667,1779967265.453862,11079,,BS2DCE,,f,0,4,1661,1661,100,1,O,0,0,0,0,2,,,,,,0,0,,,,,0
115.455667,1779967265.453862,11079,,BS2DCE,,f,0,5,1911,1911,100,1,O,0,0,0,0,2,,,,,,0,0,,,,,0
115.455667,1779967265.453862,11079,,BS2DCE,,f,0,6,2189,2189,100,1,O,0,0,0,0,2,,,,,,0,0,,,,,0
115.455667,1779967265.453862,11079,,BS2DCE,,f,0,7,1797,1797,100,1,O,0,0,0,0,2,,,,,,0,0,,,,,0
115.560539,1779967265.558734,11080,,BS2DCE,,f,0,0,2104,2104,100,1,O,0,0,0,0,2,,,,,,0,0,,,,,0
115.560539,1779967265.558734,11080,,BS2DCE,,f,0,1,2432,2432,100,1,O,0,0,0,0,2,,,,,,0,0,,,,,0
115.560539,1779967265.558734,11080,,BS2DCE,,f,0,2,2489,2489,100,1,O,0,0,0,0,2,,,,,,0,0,,,,,0
115.560539,1779967265.558734,11080,,BS2DCE,,f,0,3,2169,2169,100,1,O,0,0,0,0,2,,,,,,0,0,,,,,0
115.560539,1779967265.558734,11080,,BS2DCE,,f,0,4,1760,1760,100,1,O,0,0,0,0,2,,,,,,0,0,,,,,0
115.560539,1779967265.558734,11080,,BS2DCE,,f,0,5,2114,2114,100,1,O,0,0,0,0,2,,,,,,0,0,,,,,0
115.560539,1779967265.558734,11080,,BS2DCE,,f,0,6,2177,2177,100,1,O,0,0,0,0,2,,,,,,0,0,,,,,0
115.560539,1779967265.558734,11080,,BS2DCE,,f,0,7,1801,1801,100,1,O,0,0,0,0,2,,,,,,0,0,,,,,0
115.650768,1779967265.648963,11081,,BS2DCE,,f,0,0,1989,1989,100,1,O,0,0,0,0,2,,,,,,0,0,,,,,0
115.650768,1779967265.648963,11081,,BS2DCE,,f,0,1,2377,2377,100,1,O,0,0,0,0,2,,,,,,0,0,,,,,0
115.650768,1779967265.648963,11081,,BS2DCE,,f,0,2,2534,2534,100,1,O,0,0,0,0,2,,,,,,0,0,,,,,0
115.650768,1779967265.648963,11081,,BS2DCE,,f,0,3,2146,2146,100,1,O,0,0,0,0,2,,,,,,0,0,,,,,0
115.650768,1779967265.648963,11081,,BS2DCE,,f,0,4,1911,1911,100,1,O,0,0,0,0,2,,,,,,0,0,,,,,0
115.650768,1779967265.648963,11081,,BS2DCE,,f,0,5,2201,2201,100,1,O,0,0,0,0,2,,,,,,0,0,,,,,0
115.650768,1779967265.648963,11081,,BS2DCE,,f,0,6,2273,2273,100,1,O,0,0,0,0,2,,,,,,0,0,,,,,0
115.650768,1779967265.648963,11081,,BS2DCE,,f,0,7,1769,1769,100,1,O,0,0,0,0,2,,,,,,0,0,,,,,0
115.770634,1779967265.768829,11082,,BS2DCE,,f,0,0,2029,2029,100,1,O,0,0,0,0,2,,,,,,0,0,,,,,0
115.770634,1779967265.768829,11082,,BS2DCE,,f,0,1,2412,2412,100,1,O,0,0,0,0,2,,,,,,0,0,,,,,0
115.770634,1779967265.768829,11082,,BS2DCE,,f,0,2,2425,2425,100,1,O,0,0,0,0,2,,,,,,0,0,,,,,0
115.770634,1779967265.768829,11082,,BS2DCE,,f,0,3,2005,2005,100,1,O,0,0,0,0,2,,,,,,0,0,,,,,0
115.770634,1779967265.768829,11082,,BS2DCE,,f,0,4,1786,1786,100,1,O,0,0,0,0,2,,,,,,0,0,,,,,0
115.770634,1779967265.768829,11082,,BS2DCE,,f,0,5,2195,2195,100,1,O,0,0,0,0,2,,,,,,0,0,,,,,0
115.770634,1779967265.768829,11082,,BS2DCE,,f,0,6,2222,2222,100,1,O,0,0,0,0,2,,,,,,0,0,,,,,0
115.770634,1779967265.768829,11082,,BS2DCE,,f,0,7,1804,1804,100,1,O,0,0,0,0,2,,,,,,0,0,,,,,0
115.853172,1779967265.851367,11083,,BS2DCE,,f,0,0,1951,1951,100,1,O,0,0,0,0,2,,,,,,0,0,,,,,0
115.853172,1779967265.851367,11083,,BS2DCE,,f,0,1,2383,2383,100,1,O,0,0,0,0,2,,,,,,0,0,,,,,0
115.853172,1779967265.851367,11083,,BS2DCE,,f,0,2,2274,2274,100,1,O,0,0,0,0,2,,,,,,0,0,,,,,0
115.853172,1779967265.851367,11083,,BS2DCE,,f,0,3,1902,1902,100,1,O,0,0,0,0,2,,,,,,0,0,,,,,0
115.853172,1779967265.851367,11083,,BS2DCE,,f,0,4,1753,1753,100,1,O,0,0,0,0,2,,,,,,0,0,,,,,0
115.853172,1779967265.851367,11083,,BS2DCE,,f,0,5,2324,2324,100,1,O,0,0,0,0,2,,,,,,0,0,,,,,0
115.853172,1779967265.851367,11083,,BS2DCE,,f,0,6,2357,2357,100,1,O,0,0,0,0,2,,,,,,0,0,,,,,0
115.853172,1779967265.851367,11083,,BS2DCE,,f,0,7,1683,1683,100,1,O,0,0,0,0,2,,,,,,0,0,,,,,0
115.958097,1779967265.956292,11084,,BS2DCE,,f,0,0,1921,1921,100,1,O,0,0,0,0,2,,,,,,0,0,,,,,0
115.958097,1779967265.956292,11084,,BS2DCE,,f,0,1,2393,2393,100,1,O,0,0,0,0,2,,,,,,0,0,,,,,0
115.958097,1779967265.956292,11084,,BS2DCE,,f,0,2,2259,2259,100,1,O,0,0,0,0,2,,,,,,0,0,,,,,0
115.958097,1779967265.956292,11084,,BS2DCE,,f,0,3,1759,1759,100,1,O,0,0,0,0,2,,,,,,0,0,,,,,0
115.958097,1779967265.956292,11084,,BS2DCE,,f,0,4,1791,1791,100,1,O,0,0,0,0,2,,,,,,0,0,,,,,0
115.958097,1779967265.956292,11084,,BS2DCE,,f,0,5,2367,2367,100,1,O,0,0,0,0,2,,,,,,0,0,,,,,0
115.958097,1779967265.956292,11084,,BS2DCE,,f,0,6,2249,2249,100,1,O,0,0,0,0,2,,,,,,0,0,,,,,0
115.958097,1779967265.956292,11084,,BS2DCE,,f,0,7,1669,1669,100,1,O,0,0,0,0,2,,,,,,0,0,,,,,0
116.055827,1779967266.054022,11085,,BS2DCE,,f,0,0,1939,1939,100,1,O,0,0,0,0,2,,,,,,0,0,,,,,0
116.055827,1779967266.054022,11085,,BS2DCE,,f,0,1,2430,2430,100,1,O,0,0,0,0,2,,,,,,0,0,,,,,0
116.055827,1779967266.054022,11085,,BS2DCE,,f,0,2,2237,2237,100,1,O,0,0,0,0,2,,,,,,0,0,,,,,0
116.055827,1779967266.054022,11085,,BS2DCE,,f,0,3,1748,1748,100,1,O,0,0,0,0,2,,,,,,0,0,,,,,0
116.055827,1779967266.054022,11085,,BS2DCE,,f,0,4,1823,1823,100,1,O,0,0,0,0,2,,,,,,0,0,,,,,0
116.055827,1779967266.054022,11085,,BS2DCE,,f,0,5,2431,2431,100,1,O,0,0,0,0,2,,,,,,0,0,,,,,0
116.055827,1779967266.054022,11085,,BS2DCE,,f,0,6,2240,2240,100,1,O,0,0,0,0,2,,,,,,0,0,,,,,0
116.055827,1779967266.054022,11085,,BS2DCE,,f,0,7,1660,1660,100,1,O,0,0,0,0,2,,,,,,0,0,,,,,0
116.160826,1779967266.159021,11086,,BS2DCE,,f,0,0,1927,1927,100,1,O,0,0,0,0,2,,,,,,0,0,,,,,0
116.160826,1779967266.159021,11086,,BS2DCE,,f,0,1,2530,2530,100,1,O,0,0,0,0,2,,,,,,0,0,,,,,0
116.160826,1779967266.159021,11086,,BS2DCE,,f,0,2,2335,2335,100,1,O,0,0,0,0,2,,,,,,0,0,,,,,0
116.160826,1779967266.159021,11086,,BS2DCE,,f,0,3,1662,1662,100,1,O,0,0,0,0,2,,,,,,0,0,,,,,0
116.160826,1779967266.159021,11086,,BS2DCE,,f,0,4,1840,1840,100,1,O,0,0,0,0,2,,,,,,0,0,,,,,0
116.160826,1779967266.159021,11086,,BS2DCE,,f,0,5,2443,2443,100,1,O,0,0,0,0,2,,,,,,0,0,,,,,0
116.160826,1779967266.159021,11086,,BS2DCE,,f,0,6,2218,2218,100,1,O,0,0,0,0,2,,,,,,0,0,,,,,0
116.160826,1779967266.159021,11086,,BS2DCE,,f,0,7,1643,1643,100,1,O,0,0,0,0,2,,,,,,0,0,,,,,0
116.281302,1779967266.279497,11087,,BS2DCE,,f,0,0,2044,2044,100,1,O,0,0,0,0,2,,,,,,0,0,,,,,0
116.281302,1779967266.279497,11087,,BS2DCE,,f,0,1,2698,2698,100,1,O,0,0,0,0,2,,,,,,0,0,,,,,0
116.281302,1779967266.279497,11087,,BS2DCE,,f,0,2,2189,2189,100,1,O,0,0,0,0,2,,,,,,0,0,,,,,0
116.281302,1779967266.279497,11087,,BS2DCE,,f,0,3,1641,1641,100,1,O,0,0,0,0,2,,,,,,0,0,,,,,0
116.281302,1779967266.279497,11087,,BS2DCE,,f,0,4,1890,1890,100,1,O,0,0,0,0,2,,,,,,0,0,,,,,0
116.281302,1779967266.279497,11087,,BS2DCE,,f,0,5,2359,2359,100,1,O,0,0,0,0,2,,,,,,0,0,,,,,0
116.281302,1779967266.279497,11087,,BS2DCE,,f,0,6,2251,2251,100,1,O,0,0,0,0,2,,,,,,0,0,,,,,0
116.281302,1779967266.279497,11087,,BS2DCE,,f,0,7,1668,1668,100,1,O,0,0,0,0,2,,,,,,0,0,,,,,0
116.417883,1779967266.416078,11088,,BS2DCE,,f,0,0,2088,2088,100,1,O,0,0,0,0,2,,,,,,0,0,,,,,0
116.417883,1779967266.416078,11088,,BS2DCE,,f,0,1,2646,2646,100,1,O,0,0,0,0,2,,,,,,0,0,,,,,0
116.417883,1779967266.416078,11088,,BS2DCE,,f,0,2,2086,2086,100,1,O,0,0,0,0,2,,,,,,0,0,,,,,0
116.417883,1779967266.416078,11088,,BS2DCE,,f,0,3,1600,1600,100,1,O,0,0,0,0,2,,,,,,0,0,,,,,0
116.417883,1779967266.416078,11088,,BS2DCE,,f,0,4,1897,1897,100,1,O,0,0,0,0,2,,,,,,0,0,,,,,0
116.417883,1779967266.416078,11088,,BS2DCE,,f,0,5,2277,2277,100,1,O,0,0,0,0,2,,,,,,0,0,,,,,0
116.417883,1779967266.416078,11088,,BS2DCE,,f,0,6,2185,2185,100,1,O,0,0,0,0,2,,,,,,0,0,,,,,0
116.417883,1779967266.416078,11088,,BS2DCE,,f,0,7,1647,1647,100,1,O,0,0,0,0,2,,,,,,0,0,,,,,0
116.453199,1779967266.451394,11089,,BS2DCE,,f,0,0,2154,2154,100,1,O,0,0,0,0,2,,,,,,0,0,,,,,0
116.453199,1779967266.451394,11089,,BS2DCE,,f,0,1,2589,2589,100,1,O,0,0,0,0,2,,,,,,0,0,,,,,0
116.453199,1779967266.451394,11089,,BS2DCE,,f,0,2,2013,2013,100,1,O,0,0,0,0,2,,,,,,0,0,,,,,0
116.453199,1779967266.451394,11089,,BS2DCE,,f,0,3,1601,1601,100,1,O,0,0,0,0,2,,,,,,0,0,,,,,0
116.453199,1779967266.451394,11089,,BS2DCE,,f,0,4,1987,1987,100,1,O,0,0,0,0,2,,,,,,0,0,,,,,0
116.453199,1779967266.451394,11089,,BS2DCE,,f,0,5,2430,2430,100,1,O,0,0,0,0,2,,,,,,0,0,,,,,0
116.453199,1779967266.451394,11089,,BS2DCE,,f,0,6,2204,2204,100,1,O,0,0,0,0,2,,,,,,0,0,,,,,0
116.453199,1779967266.451394,11089,,BS2DCE,,f,0,7,1764,1764,100,1,O,0,0,0,0,2,,,,,,0,0,,,,,0
116.573175,1779967266.57137,11090,,BS2DCE,,f,0,0,2393,2393,100,1,O,0,0,0,0,2,,,,,,0,0,,,,,0
116.573175,1779967266.57137,11090,,BS2DCE,,f,0,1,2499,2499,100,1,O,0,0,0,0,2,,,,,,0,0,,,,,0
116.573175,1779967266.57137,11090,,BS2DCE,,f,0,2,2014,2014,100,1,O,0,0,0,0,2,,,,,,0,0,,,,,0
116.573175,1779967266.57137,11090,,BS2DCE,,f,0,3,1568,1568,100,1,O,0,0,0,0,2,,,,,,0,0,,,,,0
116.573175,1779967266.57137,11090,,BS2DCE,,f,0,4,2094,2094,100,1,O,0,0,0,0,2,,,,,,0,0,,,,,0
116.573175,1779967266.57137,11090,,BS2DCE,,f,0,5,2607,2607,100,1,O,0,0,0,0,2,,,,,,0,0,,,,,0
116.573175,1779967266.57137,11090,,BS2DCE,,f,0,6,2206,2206,100,1,O,0,0,0,0,2,,,,,,0,0,,,,,0
116.573175,1779967266.57137,11090,,BS2DCE,,f,0,7,1704,1704,100,1,O,0,0,0,0,2,,,,,,0,0,,,,,0
116.655657,1779967266.653852,11091,,BS2DCE,,f,0,0,2234,2234,100,1,O,0,0,0,0,2,,,,,,0,0,,,,,0
116.655657,1779967266.653852,11091,,BS2DCE,,f,0,1,2488,2488,100,1,O,0,0,0,0,2,,,,,,0,0,,,,,0
116.655657,1779967266.653852,11091,,BS2DCE,,f,0,2,2054,2054,100,1,O,0,0,0,0,2,,,,,,0,0,,,,,0
116.655657,1779967266.653852,11091,,BS2DCE,,f,0,3,1693,1693,100,1,O,0,0,0,0,2,,,,,,0,0,,,,,0
116.655657,1779967266.653852,11091,,BS2DCE,,f,0,4,2047,2047,100,1,O,0,0,0,0,2,,,,,,0,0,,,,,0
116.655657,1779967266.653852,11091,,BS2DCE,,f,0,5,2679,2679,100,1,O,0,0,0,0,2,,,,,,0,0,,,,,0
116.655657,1779967266.653852,11091,,BS2DCE,,f,0,6,2261,2261,100,1,O,0,0,0,0,2,,,,,,0,0,,,,,0
116.655657,1779967266.653852,11091,,BS2DCE,,f,0,7,1797,1797,100,1,O,0,0,0,0,2,,,,,,0,0,,,,,0
116.762165,1779967266.76036,11092,,BS2DCE,,f,0,0,2248,2248,100,1,O,0,0,0,0,2,,,,,,0,0,,,,,0
116.762165,1779967266.76036,11092,,BS2DCE,,f,0,1,2311,2311,100,1,O,0,0,0,0,2,,,,,,0,0,,,,,0
116.762165,1779967266.76036,11092,,BS2DCE,,f,0,2,2017,2017,100,1,O,0,0,0,0,2,,,,,,0,0,,,,,0
116.762165,1779967266.76036,11092,,BS2DCE,,f,0,3,1848,1848,100,1,O,0,0,0,0,2,,,,,,0,0,,,,,0
116.762165,1779967266.76036,11092,,BS2DCE,,f,0,4,2123,2123,100,1,O,0,0,0,0,2,,,,,,0,0,,,,,0
116.762165,1779967266.76036,11092,,BS2DCE,,f,0,5,2769,2769,100,1,O,0,0,0,0,2,,,,,,0,0,,,,,0
116.762165,1779967266.76036,11092,,BS2DCE,,f,0,6,2283,2283,100,1,O,0,0,0,0,2,,,,,,0,0,,,,,0
116.762165,1779967266.76036,11092,,BS2DCE,,f,0,7,1780,1780,100,1,O,0,0,0,0,2,,,,,,0,0,,,,,0
116.850668,1779967266.848863,11093,,BS2DCE,,f,0,0,2152,2152,100,1,O,0,0,0,0,2,,,,,,0,0,,,,,0
116.850668,1779967266.848863,11093,,BS2DCE,,f,0,1,2265,2265,100,1,O,0,0,0,0,2,,,,,,0,0,,,,,0
116.850668,1779967266.848863,11093,,BS2DCE,,f,0,2,1859,1859,100,1,O,0,0,0,0,2,,,,,,0,0,,,,,0
116.850668,1779967266.848863,11093,,BS2DCE,,f,0,3,1834,1834,100,1,O,0,0,0,0,2,,,,,,0,0,,,,,0
116.850668,1779967266.848863,11093,,BS2DCE,,f,0,4,2195,2195,100,1,O,0,0,0,0,2,,,,,,0,0,,,,,0
116.850668,1779967266.848863,11093,,BS2DCE,,f,0,5,2518,2518,100,1,O,0,0,0,0,2,,,,,,0,0,,,,,0
116.850668,1779967266.848863,11093,,BS2DCE,,f,0,6,2304,2304,100,1,O,0,0,0,0,2,,,,,,0,0,,,,,0
116.850668,1779967266.848863,11093,,BS2DCE,,f,0,7,1835,1835,100,1,O,0,0,0,0,2,,,,,,0,0,,,,,0
117.000778,1779967266.998973,11094,,BS2DCE,,f,0,0,2214,2214,100,1,O,0,0,0,0,2,,,,,,0,0,,,,,0
117.000778,1779967266.998973,11094,,BS2DCE,,f,0,1,2280,2280,100,1,O,0,0,0,0,2,,,,,,0,0,,,,,0
117.000778,1779967266.998973,11094,,BS2DCE,,f,0,2,1834,1834,100,1,O,0,0,0,0,2,,,,,,0,0,,,,,0
117.000778,1779967266.998973,11094,,BS2DCE,,f,0,3,1835,1835,100,1,O,0,0,0,0,2,,,,,,0,0,,,,,0
117.000778,1779967266.998973,11094,,BS2DCE,,f,0,4,2241,2241,100,1,O,0,0,0,0,2,,,,,,0,0,,,,,0
117.000778,1779967266.998973,11094,,BS2DCE,,f,0,5,2410,2410,100,1,O,0,0,0,0,2,,,,,,0,0,,,,,0
117.000778,1779967266.998973,11094,,BS2DCE,,f,0,6,2252,2252,100,1,O,0,0,0,0,2,,,,,,0,0,,,,,0
117.000778,1779967266.998973,11094,,BS2DCE,,f,0,7,1786,1786,100,1,O,0,0,0,0,2,,,,,,0,0,,,,,0
117.053188,1779967267.051383,11095,,BS2DCE,,f,0,0,2132,2132,100,1,O,0,0,0,0,2,,,,,,0,0,,,,,0
117.053188,1779967267.051383,11095,,BS2DCE,,f,0,1,2219,2219,100,1,O,0,0,0,0,2,,,,,,0,0,,,,,0
117.053188,1779967267.051383,11095,,BS2DCE,,f,0,2,1798,1798,100,1,O,0,0,0,0,2,,,,,,0,0,,,,,0
117.053188,1779967267.051383,11095,,BS2DCE,,f,0,3,1842,1842,100,1,O,0,0,0,0,2,,,,,,0,0,,,,,0
117.053188,1779967267.051383,11095,,BS2DCE,,f,0,4,2243,2243,100,1,O,0,0,0,0,2,,,,,,0,0,,,,,0
117.053188,1779967267.051383,11095,,BS2DCE,,f,0,5,2402,2402,100,1,O,0,0,0,0,2,,,,,,0,0,,,,,0
117.053188,1779967267.051383,11095,,BS2DCE,,f,0,6,2240,2240,100,1,O,0,0,0,0,2,,,,,,0,0,,,,,0
117.053188,1779967267.051383,11095,,BS2DCE,,f,0,7,1775,1775,100,1,O,0,0,0,0,2,,,,,,0,0,,,,,0
117.168642,1779967267.166837,11096,,BS2DCE,,f,0,0,2198,2198,100,1,O,0,0,0,0,2,,,,,,0,0,,,,,0
117.168642,1779967267.166837,11096,,BS2DCE,,f,0,1,2222,2222,100,1,O,0,0,0,0,2,,,,,,0,0,,,,,0
117.168642,1779967267.166837,11096,,BS2DCE,,f,0,2,1734,1734,100,1,O,0,0,0,0,2,,,,,,0,0,,,,,0
117.168642,1779967267.166837,11096,,BS2DCE,,f,0,3,1814,1814,100,1,O,0,0,0,0,2,,,,,,0,0,,,,,0
117.168642,1779967267.166837,11096,,BS2DCE,,f,0,4,2270,2270,100,1,O,0,0,0,0,2,,,,,,0,0,,,,,0
117.168642,1779967267.166837,11096,,BS2DCE,,f,0,5,2223,2223,100,1,O,0,0,0,0,2,,,,,,0,0,,,,,0
117.168642,1779967267.166837,11096,,BS2DCE,,f,0,6,2071,2071,100,1,O,0,0,0,0,2,,,,,,0,0,,,,,0
117.168642,1779967267.166837,11096,,BS2DCE,,f,0,7,1848,1848,100,1,O,0,0,0,0,2,,,,,,0,0,,,,,0
117.256138,1779967267.254333,11097,,BS2DCE,,f,0,0,2275,2275,100,1,O,0,0,0,0,2,,,,,,0,0,,,,,0
117.256138,1779967267.254333,11097,,BS2DCE,,f,0,1,2220,2220,100,1,O,0,0,0,0,2,,,,,,0,0,,,,,0
117.256138,1779967267.254333,11097,,BS2DCE,,f,0,2,1667,1667,100,1,O,0,0,0,0,2,,,,,,0,0,,,,,0
117.256138,1779967267.254333,11097,,BS2DCE,,f,0,3,1864,1864,100,1,O,0,0,0,0,2,,,,,,0,0,,,,,0
117.256138,1779967267.254333,11097,,BS2DCE,,f,0,4,2249,2249,100,1,O,0,0,0,0,2,,,,,,0,0,,,,,0
117.256138,1779967267.254333,11097,,BS2DCE,,f,0,5,2337,2337,100,1,O,0,0,0,0,2,,,,,,0,0,,,,,0
117.256138,1779967267.254333,11097,,BS2DCE,,f,0,6,1996,1996,100,1,O,0,0,0,0,2,,,,,,0,0,,,,,0
117.256138,1779967267.254333,11097,,BS2DCE,,f,0,7,1912,1912,100,1,O,0,0,0,0,2,,,,,,0,0,,,,,0
117.41539,1779967267.413585,11098,,BS2DCE,,f,0,0,2296,2296,100,1,O,0,0,0,0,2,,,,,,0,0,,,,,0
117.41539,1779967267.413585,11098,,BS2DCE,,f,0,1,2149,2149,100,1,O,0,0,0,0,2,,,,,,0,0,,,,,0
117.41539,1779967267.413585,11098,,BS2DCE,,f,0,2,1583,1583,100,1,O,0,0,0,0,2,,,,,,0,0,,,,,0
117.41539,1779967267.413585,11098,,BS2DCE,,f,0,3,1825,1825,100,1,O,0,0,0,0,2,,,,,,0,0,,,,,0
117.41539,1779967267.413585,11098,,BS2DCE,,f,0,4,2321,2321,100,1,O,0,0,0,0,2,,,,,,0,0,,,,,0
117.41539,1779967267.413585,11098,,BS2DCE,,f,0,5,2269,2269,100,1,O,0,0,0,0,2,,,,,,0,0,,,,,0
117.41539,1779967267.413585,11098,,BS2DCE,,f,0,6,1894,1894,100,1,O,0,0,0,0,2,,,,,,0,0,,,,,0
117.41539,1779967267.413585,11098,,BS2DCE,,f,0,7,1952,1952,100,1,O,0,0,0,0,2,,,,,,0,0,,,,,0
117.450593,1779967267.448788,11099,,BS2DCE,,f,0,0,2311,2311,100,1,O,0,0,0,0,2,,,,,,0,0,,,,,0
117.450593,1779967267.448788,11099,,BS2DCE,,f,0,1,2138,2138,100,1,O,0,0,0,0,2,,,,,,0,0,,,,,0
117.450593,1779967267.448788,11099,,BS2DCE,,f,0,2,1606,1606,100,1,O,0,0,0,0,2,,,,,,0,0,,,,,0
117.450593,1779967267.448788,11099,,BS2DCE,,f,0,3,0,1825,96,0,T,0,0,0,0,2,,,,,,0,0,,,,,0
117.450593,1779967267.448788,11099,,BS2DCE,,f,0,4,2346,2346,100,1,O,0,0,0,0,2,,,,,,0,0,,,,,0
117.450593,1779967267.448788,11099,,BS2DCE,,f,0,5,2331,2331,100,1,O,0,0,0,0,2,,,,,,0,0,,,,,0
117.450593,1779967267.448788,11099,,BS2DCE,,f,0,6,1819,1819,100,1,O,0,0,0,0,2,,,,,,0,0,,,,,0
117.450593,1779967267.448788,11099,,BS2DCE,,f,0,7,1896,1896,100,1,O,0,0,0,0,2,,,,,,0,0,,,,,0
117.570449,1779967267.568644,11100,,BS2DCE,,f,0,0,2315,2315,100,1,O,0,0,0,0,2,,,,,,0,0,,,,,0
117.570449,1779967267.568644,11100,,BS2DCE,,f,0,1,2115,2115,100,1,O,0,0,0,0,2,,,,,,0,0,,,,,0
117.570449,1779967267.568644,11100,,BS2DCE,,f,0,2,1555,1555,100,1,O,0,0,0,0,2,,,,,,0,0,,,,,0
117.570449,1779967267.568644,11100,,BS2DCE,,f,0,3,1937,1937,96,1,O,0,0,0,0,2,,,,,,0,0,,,,,0
117.570449,1779967267.568644,11100,,BS2DCE,,f,0,4,2487,2487,100,1,O,0,0,0,0,2,,,,,,0,0,,,,,0
117.570449,1779967267.568644,11100,,BS2DCE,,f,0,5,2312,2312,100,1,O,0,0,0,0,2,,,,,,0,0,,,,,0
117.570449,1779967267.568644,11100,,BS2DCE,,f,0,6,1860,1860,100,1,O,0,0,0,0,2,,,,,,0,0,,,,,0
117.570449,1779967267.568644,11100,,BS2DCE,,f,0,7,2007,2007,100,1,O,0,0,0,0,2,,,,,,0,0,,,,,0
117.653298,1779967267.651493,11101,,BS2DCE,,f,0,0,2333,2333,100,1,O,0,0,0,0,2,,,,,,0,0,,,,,0
117.653298,1779967267.651493,11101,,BS2DCE,,f,0,1,2065,2065,100,1,O,0,0,0,0,2,,,,,,0,0,,,,,0
117.653298,1779967267.651493,11101,,BS2DCE,,f,0,2,1491,1491,100,1,O,0,0,0,0,2,,,,,,0,0,,,,,0
117.653298,1779967267.651493,11101,,BS2DCE,,f,0,3,1925,1925,96,1,O,0,0,0,0,2,,,,,,0,0,,,,,0
117.653298,1779967267.651493,11101,,BS2DCE,,f,0,4,2443,2443,100,1,O,0,0,0,0,2,,,,,,0,0,,,,,0
117.653298,1779967267.651493,11101,,BS2DCE,,f,0,5,2207,2207,100,1,O,0,0,0,0,2,,,,,,0,0,,,,,0
117.653298,1779967267.651493,11101,,BS2DCE,,f,0,6,1828,1828,100,1,O,0,0,0,0,2,,,,,,0,0,,,,,0
117.653298,1779967267.651493,11101,,BS2DCE,,f,0,7,1971,1971,100,1,O,0,0,0,0,2,,,,,,0,0,,,,,0
117.758165,1779967267.75636,11102,,BS2DCE,,f,0,0,2367,2367,100,1,O,0,0,0,0,2,,,,,,0,0,,,,,0
117.758165,1779967267.75636,11102,,BS2DCE,,f,0,1,2092,2092,100,1,O,0,0,0,0,2,,,,,,0,0,,,,,0
117.758165,1779967267.75636,11102,,BS2DCE,,f,0,2,1532,1532,100,1,O,0,0,0,0,2,,,,,,0,0,,,,,0
117.758165,1779967267.75636,11102,,BS2DCE,,f,0,3,1975,1975,100,1,O,0,0,0,0,2,,,,,,0,0,,,,,0
117.758165,1779967267.75636,11102,,BS2DCE,,f,0,4,2506,2506,100,1,O,0,0,0,0,2,,,,,,0,0,,,,,0
117.758165,1779967267.75636,11102,,BS2DCE,,f,0,5,2186,2186,100,1,O,0,0,0,0,2,,,,,,0,0,,,,,0
117.758165,1779967267.75636,11102,,BS2DCE,,f,0,6,1721,1721,100,1,O,0,0,0,0,2,,,,,,0,0,,,,,0
117.758165,1779967267.75636,11102,,BS2DCE,,f,0,7,2036,2036,100,1,O,0,0,0,0,2,,,,,,0,0,,,,,0
117.855603,1779967267.853798,11103,,BS2DCE,,f,0,0,2413,2413,100,1,O,0,0,0,0,2,,,,,,0,0,,,,,0
117.855603,1779967267.853798,11103,,BS2DCE,,f,0,1,2028,2028,100,1,O,0,0,0,0,2,,,,,,0,0,,,,,0
117.855603,1779967267.853798,11103,,BS2DCE,,f,0,2,1499,1499,100,1,O,0,0,0,0,2,,,,,,0,0,,,,,0
117.855603,1779967267.853798,11103,,BS2DCE,,f,0,3,1978,1978,100,1,O,0,0,0,0,2,,,,,,0,0,,,,,0
117.855603,1779967267.853798,11103,,BS2DCE,,f,0,4,2488,2488,100,1,O,0,0,0,0,2,,,,,,0,0,,,,,0
117.855603,1779967267.853798,11103,,BS2DCE,,f,0,5,2240,2240,100,1,O,0,0,0,0,2,,,,,,0,0,,,,,0
117.855603,1779967267.853798,11103,,BS2DCE,,f,0,6,1726,1726,100,1,O,0,0,0,0,2,,,,,,0,0,,,,,0
117.855603,1779967267.853798,11103,,BS2DCE,,f,0,7,2042,2042,100,1,O,0,0,0,0,2,,,,,,0,0,,,,,0
117.960852,1779967267.959047,11104,,BS2DCE,,f,0,0,2390,2390,100,1,O,0,0,0,0,2,,,,,,0,0,,,,,0
117.960852,1779967267.959047,11104,,BS2DCE,,f,0,1,1996,1996,100,1,O,0,0,0,0,2,,,,,,0,0,,,,,0
117.960852,1779967267.959047,11104,,BS2DCE,,f,0,2,1457,1457,100,1,O,0,0,0,0,2,,,,,,0,0,,,,,0
117.960852,1779967267.959047,11104,,BS2DCE,,f,0,3,2053,2053,100,1,O,0,0,0,0,2,,,,,,0,0,,,,,0
117.960852,1779967267.959047,11104,,BS2DCE,,f,0,4,2532,2532,100,1,O,0,0,0,0,2,,,,,,0,0,,,,,0
117.960852,1779967267.959047,11104,,BS2DCE,,f,0,5,2284,2284,100,1,O,0,0,0,0,2,,,,,,0,0,,,,,0
117.960852,1779967267.959047,11104,,BS2DCE,,f,0,6,1727,1727,100,1,O,0,0,0,0,2,,,,,,0,0,,,,,0
117.960852,1779967267.959047,11104,,BS2DCE,,f,0,7,2047,2047,100,1,O,0,0,0,0,2,,,,,,0,0,,,,,0
118.080648,1779967268.078843,11105,,BS2DCE,,f,0,0,2429,2429,100,1,O,0,0,0,0,2,,,,,,0,0,,,,,0
118.080648,1779967268.078843,11105,,BS2DCE,,f,0,1,2045,2045,100,1,O,0,0,0,0,2,,,,,,0,0,,,,,0
118.080648,1779967268.078843,11105,,BS2DCE,,f,0,2,1387,1387,100,1,O,0,0,0,0,2,,,,,,0,0,,,,,0
118.080648,1779967268.078843,11105,,BS2DCE,,f,0,3,2056,2056,100,1,O,0,0,0,0,2,,,,,,0,0,,,,,0
118.080648,1779967268.078843,11105,,BS2DCE,,f,0,4,2598,2598,100,1,O,0,0,0,0,2,,,,,,0,0,,,,,0
118.080648,1779967268.078843,11105,,BS2DCE,,f,0,5,2140,2140,100,1,O,0,0,0,0,2,,,,,,0,0,,,,,0
118.080648,1779967268.078843,11105,,BS2DCE,,f,0,6,1685,1685,100,1,O,0,0,0,0,2,,,,,,0,0,,,,,0
118.080648,1779967268.078843,11105,,BS2DCE,,f,0,7,2108,2108,100,1,O,0,0,0,0,2,,,,,,0,0,,,,,0
118.190474,1779967268.188669,11106,,BS2DCE,,f,0,0,2512,2512,100,1,O,0,0,0,0,2,,,,,,0,0,,,,,0
118.190474,1779967268.188669,11106,,BS2DCE,,f,0,1,2068,2068,100,1,O,0,0,0,0,2,,,,,,0,0,,,,,0
118.190474,1779967268.188669,11106,,BS2DCE,,f,0,2,1467,1467,100,1,O,0,0,0,0,2,,,,,,0,0,,,,,0
118.190474,1779967268.188669,11106,,BS2DCE,,f,0,3,2103,2103,100,1,O,0,0,0,0,2,,,,,,0,0,,,,,0
118.190474,1779967268.188669,11106,,BS2DCE,,f,0,4,2649,2649,100,1,O,0,0,0,0,2,,,,,,0,0,,,,,0
118.190474,1779967268.188669,11106,,BS2DCE,,f,0,5,2025,2025,100,1,O,0,0,0,0,2,,,,,,0,0,,,,,0
118.190474,1779967268.188669,11106,,BS2DCE,,f,0,6,1635,1635,100,1,O,0,0,0,0,2,,,,,,0,0,,,,,0
118.190474,1779967268.188669,11106,,BS2DCE,,f,0,7,2178,2178,100,1,O,0,0,0,0,2,,,,,,0,0,,,,,0
118.253156,1779967268.251351,11107,,BS2DCE,,f,0,0,2534,2534,100,1,O,0,0,0,0,2,,,,,,0,0,,,,,0
118.253156,1779967268.251351,11107,,BS2DCE,,f,0,1,2066,2066,100,1,O,0,0,0,0,2,,,,,,0,0,,,,,0
118.253156,1779967268.251351,11107,,BS2DCE,,f,0,2,1496,1496,100,1,O,0,0,0,0,2,,,,,,0,0,,,,,0
118.253156,1779967268.251351,11107,,BS2DCE,,f,0,3,2186,2186,100,1,O,0,0,0,0,2,,,,,,0,0,,,,,0
118.253156,1779967268.251351,11107,,BS2DCE,,f,0,4,2619,2619,100,1,O,0,0,0,0,2,,,,,,0,0,,,,,0
118.253156,1779967268.251351,11107,,BS2DCE,,f,0,5,2130,2130,100,1,O,0,0,0,0,2,,,,,,0,0,,,,,0
118.253156,1779967268.251351,11107,,BS2DCE,,f,0,6,1614,1614,100,1,O,0,0,0,0,2,,,,,,0,0,,,,,0
118.253156,1779967268.251351,11107,,BS2DCE,,f,0,7,2150,2150,100,1,O,0,0,0,0,2,,,,,,0,0,,,,,0
118.458306,1779967268.456501,11108,,BS2DCE,,f,0,0,2555,2555,100,1,O,0,0,0,0,2,,,,,,0,0,,,,,0
118.458306,1779967268.456501,11108,,BS2DCE,,f,0,1,2493,2493,100,1,O,0,0,0,0,2,,,,,,0,0,,,,,0
118.458306,1779967268.456501,11108,,BS2DCE,,f,0,2,1571,1571,100,1,O,0,0,0,0,2,,,,,,0,0,,,,,0
118.458306,1779967268.456501,11108,,BS2DCE,,f,0,3,2256,2256,100,1,O,0,0,0,0,2,,,,,,0,0,,,,,0
118.458306,1779967268.456501,11108,,BS2DCE,,f,0,4,3857,3857,100,1,O,0,0,0,0,2,,,,,,0,0,,,,,0
118.458306,1779967268.456501,11108,,BS2DCE,,f,0,5,1949,1949,100,1,O,0,0,0,0,2,,,,,,0,0,,,,,0
118.458306,1779967268.456501,11108,,BS2DCE,,f,0,6,1639,1639,100,1,O,0,0,0,0,2,,,,,,0,0,,,,,0
118.458306,1779967268.456501,11108,,BS2DCE,,f,0,7,2228,2228,100,1,O,0,0,0,0,2,,,,,,0,0,,,,,0
118.478198,1779967268.476393,11109,,BS2DCE,,f,0,0,2637,2637,100,1,O,0,0,0,0,2,,,,,,0,0,,,,,0
118.478198,1779967268.476393,11109,,BS2DCE,,f,0,1,2303,2303,100,1,O,0,0,0,0,2,,,,,,0,0,,,,,0
118.478198,1779967268.476393,11109,,BS2DCE,,f,0,2,1601,1601,100,1,O,0,0,0,0,2,,,,,,0,0,,,,,0
118.478198,1779967268.476393,11109,,BS2DCE,,f,0,3,2212,2212,100,1,O,0,0,0,0,2,,,,,,0,0,,,,,0
118.478198,1779967268.476393,11109,,BS2DCE,,f,0,4,2650,2650,100,1,O,0,0,0,0,2,,,,,,0,0,,,,,0
118.478198,1779967268.476393,11109,,BS2DCE,,f,0,5,1874,1874,100,1,O,0,0,0,0,2,,,,,,0,0,,,,,0
118.478198,1779967268.476393,11109,,BS2DCE,,f,0,6,1599,1599,100,1,O,0,0,0,0,2,,,,,,0,0,,,,,0
118.478198,1779967268.476393,11109,,BS2DCE,,f,0,7,2233,2233,100,1,O,0,0,0,0,2,,,,,,0,0,,,,,0
118.560553,1779967268.558748,11110,,BS2DCE,,f,0,0,2696,2696,100,1,O,0,0,0,0,2,,,,,,0,0,,,,,0
118.560553,1779967268.558748,11110,,BS2DCE,,f,0,1,2021,2021,100,1,O,0,0,0,0,2,,,,,,0,0,,,,,0
118.560553,1779967268.558748,11110,,BS2DCE,,f,0,2,1523,1523,100,1,O,0,0,0,0,2,,,,,,0,0,,,,,0
118.560553,1779967268.558748,11110,,BS2DCE,,f,0,3,2215,2215,100,1,O,0,0,0,0,2,,,,,,0,0,,,,,0
118.560553,1779967268.558748,11110,,BS2DCE,,f,0,4,2584,2584,100,1,O,0,0,0,0,2,,,,,,0,0,,,,,0
118.560553,1779967268.558748,11110,,BS2DCE,,f,0,5,1847,1847,100,1,O,0,0,0,0,2,,,,,,0,0,,,,,0
118.560553,1779967268.558748,11110,,BS2DCE,,f,0,6,1593,1593,100,1,O,0,0,0,0,2,,,,,,0,0,,,,,0
118.560553,1779967268.558748,11110,,BS2DCE,,f,0,7,2201,2201,100,1,O,0,0,0,0,2,,,,,,0,0,,,,,0
118.6507,1779967268.648895,11111,,BS2DCE,,f,0,0,2784,2784,100,1,O,0,0,0,0,2,,,,,,0,0,,,,,0
118.6507,1779967268.648895,11111,,BS2DCE,,f,0,1,2038,2038,100,1,O,0,0,0,0,2,,,,,,0,0,,,,,0
118.6507,1779967268.648895,11111,,BS2DCE,,f,0,2,1569,1569,100,1,O,0,0,0,0,2,,,,,,0,0,,,,,0
118.6507,1779967268.648895,11111,,BS2DCE,,f,0,3,2233,2233,100,1,O,0,0,0,0,2,,,,,,0,0,,,,,0
118.6507,1779967268.648895,11111,,BS2DCE,,f,0,4,2451,2451,100,1,O,0,0,0,0,2,,,,,,0,0,,,,,0
118.6507,1779967268.648895,11111,,BS2DCE,,f,0,5,1752,1752,100,1,O,0,0,0,0,2,,,,,,0,0,,,,,0
118.6507,1779967268.648895,11111,,BS2DCE,,f,0,6,1577,1577,100,1,O,0,0,0,0,2,,,,,,0,0,,,,,0
118.6507,1779967268.648895,11111,,BS2DCE,,f,0,7,2289,2289,100,1,O,0,0,0,0,2,,,,,,0,0,,,,,0
118.811961,1779967268.810156,11112,,BS2DCE,,f,0,0,2991,2991,100,1,O,0,0,0,0,2,,,,,,0,0,,,,,0
118.811961,1779967268.810156,11112,,BS2DCE,,f,0,1,1867,1867,100,1,O,0,0,0,0,2,,,,,,0,0,,,,,0
118.811961,1779967268.810156,11112,,BS2DCE,,f,0,2,1538,1538,100,1,O,0,0,0,0,2,,,,,,0,0,,,,,0
118.811961,1779967268.810156,11112,,BS2DCE,,f,0,3,2283,2283,100,1,O,0,0,0,0,2,,,,,,0,0,,,,,0
118.811961,1779967268.810156,11112,,BS2DCE,,f,0,4,2445,2445,100,1,O,0,0,0,0,2,,,,,,0,0,,,,,0
118.811961,1779967268.810156,11112,,BS2DCE,,f,0,5,1738,1738,100,1,O,0,0,0,0,2,,,,,,0,0,,,,,0
118.811961,1779967268.810156,11112,,BS2DCE,,f,0,6,1558,1558,100,1,O,0,0,0,0,2,,,,,,0,0,,,,,0
118.811961,1779967268.810156,11112,,BS2DCE,,f,0,7,2227,2227,100,1,O,0,0,0,0,2,,,,,,0,0,,,,,0
118.888921,1779967268.887116,11113,,BS2DCE,,f,0,0,2799,2799,100,1,O,0,0,0,0,2,,,,,,0,0,,,,,0
118.888921,1779967268.887116,11113,,BS2DCE,,f,0,1,1850,1850,100,1,O,0,0,0,0,2,,,,,,0,0,,,,,0
118.888921,1779967268.887116,11113,,BS2DCE,,f,0,2,1617,1617,100,1,O,0,0,0,0,2,,,,,,0,0,,,,,0
118.888921,1779967268.887116,11113,,BS2DCE,,f,0,3,2376,2376,100,1,O,0,0,0,0,2,,,,,,0,0,,,,,0
118.888921,1779967268.887116,11113,,BS2DCE,,f,0,4,2391,2391,100,1,O,0,0,0,0,2,,,,,,0,0,,,,,0
118.888921,1779967268.887116,11113,,BS2DCE,,f,0,5,1752,1752,100,1,O,0,0,0,0,2,,,,,,0,0,,,,,0
118.888921,1779967268.887116,11113,,BS2DCE,,f,0,6,1539,1539,100,1,O,0,0,0,0,2,,,,,,0,0,,,,,0
118.888921,1779967268.887116,11113,,BS2DCE,,f,0,7,2234,2234,100,1,O,0,0,0,0,2,,,,,,0,0,,,,,0
118.958101,1779967268.956296,11114,,BS2DCE,,f,0,0,2677,2677,100,1,O,0,0,0,0,2,,,,,,0,0,,,,,0
118.958101,1779967268.956296,11114,,BS2DCE,,f,0,1,1884,1884,100,1,O,0,0,0,0,2,,,,,,0,0,,,,,0
118.958101,1779967268.956296,11114,,BS2DCE,,f,0,2,1664,1664,100,1,O,0,0,0,0,2,,,,,,0,0,,,,,0
118.958101,1779967268.956296,11114,,BS2DCE,,f,0,3,2436,2436,100,1,O,0,0,0,0,2,,,,,,0,0,,,,,0
118.958101,1779967268.956296,11114,,BS2DCE,,f,0,4,2416,2416,100,1,O,0,0,0,0,2,,,,,,0,0,,,,,0
118.958101,1779967268.956296,11114,,BS2DCE,,f,0,5,1502,1502,100,1,O,0,0,0,0,2,,,,,,0,0,,,,,0
118.958101,1779967268.956296,11114,,BS2DCE,,f,0,6,1693,1693,100,1,O,0,0,0,0,2,,,,,,0,0,,,,,0
118.958101,1779967268.956296,11114,,BS2DCE,,f,0,7,2313,2313,100,1,O,0,0,0,0,2,,,,,,0,0,,,,,0
119.055686,1779967269.053881,11115,,BS2DCE,,f,0,0,2649,2649,100,1,O,0,0,0,0,2,,,,,,0,0,,,,,0
119.055686,1779967269.053881,11115,,BS2DCE,,f,0,1,1818,1818,100,1,O,0,0,0,0,2,,,,,,0,0,,,,,0
119.055686,1779967269.053881,11115,,BS2DCE,,f,0,2,1744,1744,100,1,O,0,0,0,0,2,,,,,,0,0,,,,,0
119.055686,1779967269.053881,11115,,BS2DCE,,f,0,3,2476,2476,100,1,O,0,0,0,0,2,,,,,,0,0,,,,,0
119.055686,1779967269.053881,11115,,BS2DCE,,f,0,4,2390,2390,100,1,O,0,0,0,0,2,,,,,,0,0,,,,,0
119.055686,1779967269.053881,11115,,BS2DCE,,f,0,5,1595,1595,100,1,O,0,0,0,0,2,,,,,,0,0,,,,,0
119.055686,1779967269.053881,11115,,BS2DCE,,f,0,6,1649,1649,100,1,O,0,0,0,0,2,,,,,,0,0,,,,,0
119.055686,1779967269.053881,11115,,BS2DCE,,f,0,7,2382,2382,100,1,O,0,0,0,0,2,,,,,,0,0,,,,,0
119.160552,1779967269.158747,11116,,BS2DCE,,f,0,0,2679,2679,100,1,O,0,0,0,0,2,,,,,,0,0,,,,,0
119.160552,1779967269.158747,11116,,BS2DCE,,f,0,1,1801,1801,100,1,O,0,0,0,0,2,,,,,,0,0,,,,,0
119.160552,1779967269.158747,11116,,BS2DCE,,f,0,2,1800,1800,100,1,O,0,0,0,0,2,,,,,,0,0,,,,,0
119.160552,1779967269.158747,11116,,BS2DCE,,f,0,3,2474,2474,100,1,O,0,0,0,0,2,,,,,,0,0,,,,,0
119.160552,1779967269.158747,11116,,BS2DCE,,f,0,4,2286,2286,100,1,O,0,0,0,0,2,,,,,,0,0,,,,,0
119.160552,1779967269.158747,11116,,BS2DCE,,f,0,5,1757,1757,100,1,O,0,0,0,0,2,,,,,,0,0,,,,,0
119.160552,1779967269.158747,11116,,BS2DCE,,f,0,6,1829,1829,100,1,O,0,0,0,0,2,,,,,,0,0,,,,,0
119.160552,1779967269.158747,11116,,BS2DCE,,f,0,7,2395,2395,100,1,O,0,0,0,0,2,,,,,,0,0,,,,,0
119.256055,1779967269.25425,11117,,BS2DCE,,f,0,0,2567,2567,100,1,O,0,0,0,0,2,,,,,,0,0,,,,,0
119.256055,1779967269.25425,11117,,BS2DCE,,f,0,1,1893,1893,100,1,O,0,0,0,0,2,,,,,,0,0,,,,,0
119.256055,1779967269.25425,11117,,BS2DCE,,f,0,2,1805,1805,100,1,O,0,0,0,0,2,,,,,,0,0,,,,,0
119.256055,1779967269.25425,11117,,BS2DCE,,f,0,3,2510,2510,100,1,O,0,0,0,0,2,,,,,,0,0,,,,,0
119.256055,1779967269.25425,11117,,BS2DCE,,f,0,4,2190,2190,100,1,O,0,0,0,0,2,,,,,,0,0,,,,,0
119.256055,1779967269.25425,11117,,BS2DCE,,f,0,5,1591,1591,100,1,O,0,0,0,0,2,,,,,,0,0,,,,,0
119.256055,1779967269.25425,11117,,BS2DCE,,f,0,6,1816,1816,100,1,O,0,0,0,0,2,,,,,,0,0,,,,,0
119.256055,1779967269.25425,11117,,BS2DCE,,f,0,7,2449,2449,100,1,O,0,0,0,0,2,,,,,,0,0,,,,,0
119.417829,1779967269.416024,11118,,BS2DCE,,f,0,0,2500,2500,100,1,O,0,0,0,0,2,,,,,,0,0,,,,,0
119.417829,1779967269.416024,11118,,BS2DCE,,f,0,1,1946,1946,100,1,O,0,0,0,0,2,,,,,,0,0,,,,,0
119.417829,1779967269.416024,11118,,BS2DCE,,f,0,2,1889,1889,100,1,O,0,0,0,0,2,,,,,,0,0,,,,,0
119.417829,1779967269.416024,11118,,BS2DCE,,f,0,3,2571,2571,100,1,O,0,0,0,0,2,,,,,,0,0,,,,,0
119.417829,1779967269.416024,11118,,BS2DCE,,f,0,4,2159,2159,100,1,O,0,0,0,0,2,,,,,,0,0,,,,,0
119.417829,1779967269.416024,11118,,BS2DCE,,f,0,5,1621,1621,100,1,O,0,0,0,0,2,,,,,,0,0,,,,,0
119.417829,1779967269.416024,11118,,BS2DCE,,f,0,6,1799,1799,100,1,O,0,0,0,0,2,,,,,,0,0,,,,,0
119.417829,1779967269.416024,11118,,BS2DCE,,f,0,7,2389,2389,100,1,O,0,0,0,0,2,,,,,,0,0,,,,,0
119.453214,1779967269.451409,11119,,BS2DCE,,f,0,0,2497,2497,100,1,O,0,0,0,0,2,,,,,,0,0,,,,,0
119.453214,1779967269.451409,11119,,BS2DCE,,f,0,1,1957,1957,100,1,O,0,0,0,0,2,,,,,,0,0,,,,,0
119.453214,1779967269.451409,11119,,BS2DCE,,f,0,2,1988,1988,100,1,O,0,0,0,0,2,,,,,,0,0,,,,,0
119.453214,1779967269.451409,11119,,BS2DCE,,f,0,3,2595,2595,100,1,O,0,0,0,0,2,,,,,,0,0,,,,,0
119.453214,1779967269.451409,11119,,BS2DCE,,f,0,4,2087,2087,100,1,O,0,0,0,0,2,,,,,,0,0,,,,,0
119.453214,1779967269.451409,11119,,BS2DCE,,f,0,5,1735,1735,100,1,O,0,0,0,0,2,,,,,,0,0,,,,,0
119.453214,1779967269.451409,11119,,BS2DCE,,f,0,6,1798,1798,100,1,O,0,0,0,0,2,,,,,,0,0,,,,,0
119.453214,1779967269.451409,11119,,BS2DCE,,f,0,7,2295,2295,100,1,O,0,0,0,0,2,,,,,,0,0,,,,,0
119.572966,1779967269.571161,11120,,BS2DCE,,f,0,0,2390,2390,100,1,O,0,0,0,0,2,,,,,,0,0,,,,,0
119.572966,1779967269.571161,11120,,BS2DCE,,f,0,1,1995,1995,100,1,O,0,0,0,0,2,,,,,,0,0,,,,,0
119.572966,1779967269.571161,11120,,BS2DCE,,f,0,2,2073,2073,100,1,O,0,0,0,0,2,,,,,,0,0,,,,,0
119.572966,1779967269.571161,11120,,BS2DCE,,f,0,3,2721,2721,100,1,O,0,0,0,0,2,,,,,,0,0,,,,,0
119.572966,1779967269.571161,11120,,BS2DCE,,f,0,4,2097,2097,100,1,O,0,0,0,0,2,,,,,,0,0,,,,,0
119.572966,1779967269.571161,11120,,BS2DCE,,f,0,5,1572,1572,100,1,O,0,0,0,0,2,,,,,,0,0,,,,,0
119.572966,1779967269.571161,11120,,BS2DCE,,f,0,6,1818,1818,100,1,O,0,0,0,0,2,,,,,,0,0,,,,,0
119.572966,1779967269.571161,11120,,BS2DCE,,f,0,7,2337,2337,100,1,O,0,0,0,0,2,,,,,,0,0,,,,,0
119.655567,1779967269.653762,11121,,BS2DCE,,f,0,0,2330,2330,100,1,O,0,0,0,0,2,,,,,,0,0,,,,,0
119.655567,1779967269.653762,11121,,BS2DCE,,f,0,1,2030,2030,100,1,O,0,0,0,0,2,,,,,,0,0,,,,,0
119.655567,1779967269.653762,11121,,BS2DCE,,f,0,2,2128,2128,100,1,O,0,0,0,0,2,,,,,,0,0,,,,,0
119.655567,1779967269.653762,11121,,BS2DCE,,f,0,3,2548,2548,100,1,O,0,0,0,0,2,,,,,,0,0,,,,,0
119.655567,1779967269.653762,11121,,BS2DCE,,f,0,4,1992,1992,100,1,O,0,0,0,0,2,,,,,,0,0,,,,,0
119.655567,1779967269.653762,11121,,BS2DCE,,f,0,5,1696,1696,100,1,O,0,0,0,0,2,,,,,,0,0,,,,,0
119.655567,1779967269.653762,11121,,BS2DCE,,f,0,6,1841,1841,100,1,O,0,0,0,0,2,,,,,,0,0,,,,,0
119.655567,1779967269.653762,11121,,BS2DCE,,f,0,7,2256,2256,100,1,O,0,0,0,0,2,,,,,,0,0,,,,,0
119.761236,1779967269.759431,11122,,BS2DCE,,f,0,0,2246,2246,100,1,O,0,0,0,0,2,,,,,,0,0,,,,,0
119.761236,1779967269.759431,11122,,BS2DCE,,f,0,1,2062,2062,100,1,O,0,0,0,0,2,,,,,,0,0,,,,,0
119.761236,1779967269.759431,11122,,BS2DCE,,f,0,2,2158,2158,100,1,O,0,0,0,0,2,,,,,,0,0,,,,,0
119.761236,1779967269.759431,11122,,BS2DCE,,f,0,3,2499,2499,100,1,O,0,0,0,0,2,,,,,,0,0,,,,,0
119.761236,1779967269.759431,11122,,BS2DCE,,f,0,4,1933,1933,100,1,O,0,0,0,0,2,,,,,,0,0,,,,,0
119.761236,1779967269.759431,11122,,BS2DCE,,f,0,5,1693,1693,100,1,O,0,0,0,0,2,,,,,,0,0,,,,,0
119.761236,1779967269.759431,11122,,BS2DCE,,f,0,6,1931,1931,100,1,O,0,0,0,0,2,,,,,,0,0,,,,,0
119.761236,1779967269.759431,11122,,BS2DCE,,f,0,7,2149,2149,100,1,O,0,0,0,0,2,,,,,,0,0,,,,,0
119.880531,1779967269.878726,11123,,BS2DCE,,f,0,0,2242,2242,100,1,O,0,0,0,0,2,,,,,,0,0,,,,,0
119.880531,1779967269.878726,11123,,BS2DCE,,f,0,1,2026,2026,100,1,O,0,0,0,0,2,,,,,,0,0,,,,,0
119.880531,1779967269.878726,11123,,BS2DCE,,f,0,2,2180,2180,100,1,O,0,0,0,0,2,,,,,,0,0,,,,,0
119.880531,1779967269.878726,11123,,BS2DCE,,f,0,3,2576,2576,100,1,O,0,0,0,0,2,,,,,,0,0,,,,,0
119.880531,1779967269.878726,11123,,BS2DCE,,f,0,4,1909,1909,100,1,O,0,0,0,0,2,,,,,,0,0,,,,,0
119.880531,1779967269.878726,11123,,BS2DCE,,f,0,5,1700,1700,100,1,O,0,0,0,0,2,,,,,,0,0,,,,,0
119.880531,1779967269.878726,11123,,BS2DCE,,f,0,6,1954,1954,100,1,O,0,0,0,0,2,,,,,,0,0,,,,,0
119.880531,1779967269.878726,11123,,BS2DCE,,f,0,7,2063,2063,100,1,O,0,0,0,0,2,,,,,,0,0,,,,,0
119.970617,1779967269.968812,11124,,BS2DCE,,f,0,0,2198,2198,100,1,O,0,0,0,0,2,,,,,,0,0,,,,,0
119.970617,1779967269.968812,11124,,BS2DCE,,f,0,1,2115,2115,100,1,O,0,0,0,0,2,,,,,,0,0,,,,,0
119.970617,1779967269.968812,11124,,BS2DCE,,f,0,2,2311,2311,100,1,O,0,0,0,0,2,,,,,,0,0,,,,,0
119.970617,1779967269.968812,11124,,BS2DCE,,f,0,3,2432,2432,100,1,O,0,0,0,0,2,,,,,,0,0,,,,,0
119.970617,1779967269.968812,11124,,BS2DCE,,f,0,4,1749,1749,100,1,O,0,0,0,0,2,,,,,,0,0,,,,,0
119.970617,1779967269.968812,11124,,BS2DCE,,f,0,5,1851,1851,100,1,O,0,0,0,0,2,,,,,,0,0,,,,,0
119.970617,1779967269.968812,11124,,BS2DCE,,f,0,6,2005,2005,100,1,O,0,0,0,0,2,,,,,,0,0,,,,,0
119.970617,1779967269.968812,11124,,BS2DCE,,f,0,7,2017,2017,100,1,O,0,0,0,0,2,,,,,,0,0,,,,,0
