:020000040000FA
:100000007827012005DB00008FF00100F1DA000005
:10001000F1DA0000F1DA0000F1DA0000F1DA0000B4
:10002000000000000000000000000000D5DC00001F
:10003000F1DA00000000000095DC0000F1DA0000B9
:100040005DDE00005DDE00005DDE00005DDE0000C4
:100050005DDE00005DDE00005DDE00005DDE0000B4
:100060005DDE00005DDE00005DDE00005DDE0000A4
:100070005DDE00005DDE00005DDE00005DDE000094
:100080005DDE00005DDE00005DDE00005DDE000084
:100090005DDE00005DDE00005DDE00005DDE000074
:1000A0005DDE00005DDE00005DDE00005DDE000064
:1000B0005DDE00005DDE00005DDE00005DDE000054
:1000C0005DDE00005DDE00005DDE00005DDE000044
:1000D0005DDE00005DDE00005DDE00005DDE000034
:1000E0005DDE00005DDE00005DDE00005DDE000024
:1000F0005DDE00005DDE00005DDE00005DDE000014
:100100005DDE00005DDE00005DDE00005DDE000003
:100110005DDE00005DDE00005DDE00005DDE0000F3
:100120005DDE00005DDE00005DDE00005DDE0000E3
:100130005DDE00005DDE00005DDE00005DDE0000D3
:100140005DDE00005DDE00005DDE00005DDE0000C3
:100150005DDE0000FFFFFFFF53B94AB9002908BF69
:1001600000281CBF4FF0FF314FF0FF3000F00CB8FB
:10017000ADF1080C6DE904CE00F008F8DDF804E0FC
:10018000DDE9022304B07047704700BF2DE9F04756
:1001900086468C460846089E154674461946002B2E
:1001A00040F0C1808542B2FA82F245D94AB1C2F12B
:1001B000200300FA02FC954094402EFA03F343EA30
:1001C0000C0C4FEA154EA8B2230CBCFBFEF80EFB3C
:1001D00018CC08FB00F943EA0C43994528D9EB18E1
:1001E00008F1FF3704D2994502D9A8F102072B4440
:1001F000A3EB0903A4B2B3FBFEFC0EFB1C330CFB08
:1002000000F044EA0344A04214D92C190CF1FF3346
:1002100004D2A04202D9ACF102032C44241A43EACE
:1002200007401EB1D440002334607360BDE8F087FE
:100230004746DDE76346F1E792BB431B01214FEAE6
:10024000154EAFB2200CB3FBFEFC0EFB1C330CFBB7
:1002500007F840EA0343984561D9EB180CF1FF30E9
:1002600004D2984502D9ACF102002B44A3EB080359
:10027000A4B2B3FBFEFC0EFB1C330CFB07F744EAF5
:100280000344A7424DD92C190CF1FF3304D2A742E5
:1002900002D9ACF102032C44E41B43EA0040C0E75E
:1002A000C2F120039540944020FA03F12EFA03F3A3
:1002B0004FEA154E9040AFB20343B1FBFEFC0EFB7C
:1002C0001C10190C0CFB07F841EA0041884522D9A3
:1002D00069180CF1FF3004D2884502D9ACF1020054
:1002E0002944A1EB08019BB2B1FBFEFC0EFB1C11E3
:1002F0000CFB07F743EA01439F420ED9EB180CF1C0
:10030000FF3104D29F4202D9ACF102012B44DB1B26
:1003100041EA004193E76046E3E76146F7E760465C
:10032000A4E76346B8E7834206D916B90021084618
:100330007CE7C6E900E0F9E7B3FA83F78FB98342B7
:1003400001D3724508D8BEEB020460EB0303012021
:100350009C461EB9002169E73846FAE7C6E9004C19
:10036000F8E7C7F1200CBB400EFA07F522FA0CF4AF
:100370002EFA0CF1BA401C4320FA0CF3B8404FEAB5
:10038000144901431FFA84FEB3FBF9F809FB183046
:100390000B0C08FB0EFA43EA00439A4540D9E318D8
:1003A00008F1FF3004D29A4502D9A8F10200234493
:1003B000A3EB0A0389B2B3FBF9F809FB183308FB76
:1003C0000EFE41EA03418E452CD9611808F1FF3336
:1003D00004D28E4502D9A8F10203214443EA004029
:1003E000A1EB0E01A0FB02984145CE46434602D345
:1003F00006D14D4504D20138B9EB020E68EB040377
:10040000002EA7D0B5EB0E0261EB030101FA0CFC44
:1004100022FA07F3F9404CEA0303C6E9003199E7F1
:100420004046C5E74346D9E710F8012B11F8013BD8
:10043000012A28BF9A42F7D0D01A7047034611F814
:10044000012B03F8012B002AF9D17047034613F85A
:10045000012B002AFBD1181A013870470000000058
:10046000F7B5002140F6034001AA0EF097FE0446BE
:10047000002840F0A780019CE3681B7863B90FF067
:100480004DFD524BD3E8AF2F02F00902D3E8EF1F26
:10049000C3E8E02F0028F9D120460DF0E5FF002148
:1004A00041F2030001AA0EF079FE0446002840F054
:1004B0008980019A464DD16805F17803D1F8010091
:1004C000D1F8051003C310460DF0CEFF214641F2CE
:1004D000010001AA0EF062FE0446002872D10198C4
:1004E000C3685A7885F870205A88A5F872201A795E
:1004F00085F87120B3F80720A5F87420B3F805300B
:10050000A5F876300DF0B0FF214641F2020001AAB5
:100510000EF044FE0446002854D1019F05F18006E8
:10052000FA68531C4132344618685968083303C4CA
:1005300093422646F7D138460DF096FF0FF0DAFECB
:10054000044600283ED195F88A309A0634D5072112
:1005500040F633400EF034FC0646002800F044819B
:1005600007210C301EF071FE6FF0090301270370A4
:100570001823C0F802408471047122464770C3708A
:10058000314640F633400EF009FE0446D0B93946F4
:1005900040F631400EF014FC0646002800F024819D
:1005A00039460C301EF060FE2246314640F631409E
:1005B0000EF0F4FD044628B995F87C305B0609D4AA
:1005C0006FF01204204603B0F0BD00BF840100208C
:1005D000B0000020002142F2030001AA0EF0DEFD6F
:1005E00004460028EED1019BB54EDA68D2F801002E
:1005F000D2F8051003C618460DF036FF214642F228
:10060000020001AA0EF0CAFD04460028DAD1019CBE
:10061000E368B3F8012091B249B1D97839B1A5F8AE
:100620000421DA78114606F1280024F07AFA2046EF
:100630000DF01AFF95F87C6016F0200618D1022103
:1006400040F66D400EF0BCFB0446002800F0CC8064
:1006500002210C301EF0F9FD012321460370467083
:10066000324640F66D400EF099FD04460028A9D1AF
:1006700095F89C301F0712D5002142F21C0001AAF8
:100680000EF08CFD044600289CD10198C368D3F875
:100690000120D3F80530C5E938230DF0E5FE95F8C3
:1006A000D8309E0624D568460DF102011FF01BFAD2
:1006B0000446002886D1042142F224000EF080FB7B
:1006C0000646002800F0908004210C301EF0BDFD8D
:1006D000BDF8003022460380BDF802303146438029
:1006E00042F224000EF05AFD044600287FF46AAF5F
:1006F00095F8D8305C0610D5002142F22A0001AAF4
:100700000EF04CFD044600287FF45CAF0198C368EE
:100710005B7885F820310DF0A7FE082142F2010038
:100720000EF04EFB044600285ED008210C301EF06F
:100730008CFD95F8D81040F2022311F0400F08BF4D
:100740000323024688074CBF43F02C0043F00C0003
:1007500095F8D9308F0648BF40F0400013F0090FDC
:1007600095F8A23018BF40F4006003F00603CE07EE
:1007700048BF40F01000062B08BF40F4C0700021B5
:100780001EF0E8FF2146002242F201000EF006FDB5
:10079000044600287FF416AF95F87C30B5F80411B4
:1007A000980624D4C9B941F2050001AA0EF0F6FC5E
:1007B000044600287FF406AFB5F80431019C4BB91C
:1007C000E368B3F80120A5F804219A883D48114652
:1007D00024F0A7F920460DF047FE082140F601401D
:1007E0000EF0EEFA044638B96FF06804EAE6002924
:1007F000F3D16FF00404E5E608210C301EF025FD6E
:1008000095F8D8300246D90752D44FF000512E48FF
:100810001EF0A0FF2146002240F601400EF0BEFC73
:10082000044600287FF4CEAE014601AA4FF60140EF
:100830000EF0B4FC044620BB01980DF015FE2146D5
:100840004FF6024001AA0EF0A9FC0446C8B901986F
:10085000C368B3F80130A5F8C1300DF005FE95F876
:10086000C1305B070DD521464FF6034001AA0EF0BB
:1008700095FC30B90198C3685B7885F8C0300DF0FD
:10088000F3FD1FF0C5FA044600287FF49BAE10F07C
:10089000EDFD044600287FF495AEEB79002B3FF484
:1008A00091AE082109481EF098FE0EF057FB89E62C
:1008B00001A1D1E90001ABE790880002008000208F
:1008C00088010020B8010020108800028401002067
:1008D00000231846054A06491370064A13701A0287
:1008E0000133302B8854FAD1704700BFBE960020E8
:1008F000BF960020BD9600200128024605D0044B7B
:100900000448022A08BF184670470348704700BFD2
:10091000717A0200AE640200AA640200A0F16103D1
:10092000192B98BF2038C3B20020054A12F8011BCA
:10093000994204D001300828F8D14FF0FF307047B9
:10094000E894020008B560210346054A05481BF0FB
:10095000DDF9BDE8084004490448FFF76FBD00BF5A
:100960000DA802005D9600201BC90200C0060020F1
:100970002DE9F04F87B00D461646354901AA80464D
:100980001F461DF03FFD08B1019B43B3404631496E
:1009900001AA1DF037FD58BB0024DFF8BCA0DFF82A
:1009A000BCB01AF8013B1021A3F14102192A98BFEB
:1009B00020335A4602A81BF0A9F9404601AA02A911
:1009C0001DF020FD002839D0DDF80490B9F1000FAA
:1009D00034D10DBB224B04EB44141D551AE0012DFC
:1009E00032D12A4638461F49B04707B0BDE8F08FDC
:1009F000019B002BD0D1FF23012D8DF8083023D18E
:100A00002A46384602A9B047002803DB9DF8082093
:100A1000154B1A700020E8E7202D15D8104B04EB79
:100A200044141C4421224946204624F002FD2A4653
:100A300021463846B04704F80590EBE70134082C0E
:100A4000AFD16FF00100D0E76FF01500CDE700BF28
:100A5000858E0200FB890200E8940200A26A02006F
:100A6000BFC600204EC80020D1060020024B1B78D4
:100A70000BB122F028BF70470CC800200FB407B597
:100A80000B4B1B78012B11D00A490B4A022B18BFC4
:100A900011460A481CF016FF05A9049801910AF0B6
:100AA00033F903B05DF804EB04B070470449F0E794
:100AB0004EC80020717A0200AE640200B3640200E6
:100AC000AA64020008B5074B074A1878074B18704C
:100AD000074B1A60FFF710FFBDE8084001460548C4
:100AE000FFF7CCBF4EC80020444D53426361022043
:100AF000803F0120B96402007FB5144B144C187874
:100B0000FFF7FAFE134B014693F900302678002BCD
:100B1000AABF114A2D23D35C104A92F90020002A63
:100B2000AABF0D482D20805C0D4A15680D4A009023
:100B3000002E18BF224603920B4A0C48CDE9015201
:100B40000B4AFFF79BFF04B070BD00BF4EC80020EA
:100B50005D960020D1060020E8940200D006002017
:100B6000106500205A950200B0060020D2640200F1
:100B7000C00600201FB50F4B1A78012A18D00E4965
:100B80000E48022A18BF01465A780D48C2F3C00326
:100B90000293C2F380030193C2F34003009302F077
:100BA0000103FFF76BFF05B05DF804EB09F0DCBD56
:100BB0000449E9E7C8C70020276502002B65020049
:100BC0003365020020650200022808B502D10748FB
:100BD000FFF754FF0122064B00201A700B225A70B7
:100BE000044B1870BDE8084009F0E4BD7E650200C2
:100BF000C8C70020D206002010B504460120FFF728
:100C0000E3FF012006F084FC2046094C06F0BEFC00
:100C10004FF0FF301BF050FE204606F07FFC2046D0
:100C200006F08EFC2046BDE8104006F09BBC00BFDD
:100C3000B070050008B51048FFF720FF0F48FFF718
:100C40001DFF0F48FFF71AFF0E48FFF717FF0E486A
:100C5000FFF714FF0D48FFF711FF0D48FFF70EFFD8
:100C60000C48FFF70BFF0C48FFF708FFBDE80840F2
:100C70000A48FFF703BF00BFC46502001566020003
:100C80004B660200A76602001C670200756702003F
:100C9000226802005D680200EE680200A36902009B
:100CA00038B502780346BAB10C4C0D4825784FF49C
:100CB00080710C4A00EB05201BF028F830222378C5
:100CC0000133B3FBF2F102FB1133074A23701378AF
:100CD0002F2B9CBF0133137038BD00BFBE96002080
:100CE000BF9600200DA80200BD9600202DE9FF410F
:100CF0000446012217491848A04788B9012217491C
:100D00001748A04760B90646164DDFF85C80174FBC
:100D10002B7843B90136082E05F12105F8D10020C2
:100D200004B0BDE8F08118F806301021A3F14102AB
:100D3000192A98BF20333A4668461AF0E7FF28463A
:100D4000FFF784FB2946421C6846A0470028E1D0F3
:100D5000E6E700BF4EC80020858E0200D1060020C5
:100D6000FB890200BFC60020E8940200A26A0200CC
:100D700030B514220024CBB0214605460DEB02000D
:100D8000049424F056FB4FF480710AA8CDE9004486
:100D9000CDE9024406F058FD044650BB16480AA9A6
:100DA000FFF76CFE1823154904AA0AA81BF097FC4C
:100DB000F8B1294604A8FFF737FBD0B908236A46E3
:100DC0000F490AA81BF08BFC20B168460D49FFF7BC
:100DD0002BFB70B908230C490DEB03020AA81BF08A
:100DE0007EFC30B1074902A8FFF71EFBB0FA80F481
:100DF000640920464BB030BD6C6A02007F6A020075
:100E0000856A0200C3770200906A020010B50446AA
:100E10000D4B8CB01B5C3021A3F14102192A98BF05
:100E200020330A4A68461AF071FF094B04EB441458
:100E30001C442046FFF70AFB2146421C68460BF083
:100E4000B7FC0CB010BD00BFE8940200966A020027
:100E5000BFC60020064B1B78012B04D0022B04D107
:100E60000120FFF703BE0420FBE70220F9E700BFE3
:100E70004EC8002070B504460D461646FFF7E6FA48
:100E8000012818D12078FFF749FD041E36DB1D49E3
:100E900004EB44128B188A5C6AB321211A4A284653
:100EA0001AF034FF194B042130461B5D184A1AF022
:100EB0002DFF002070BD202820D1621E04F11F01EB
:100EC00012F8013FA3F13000092804D923F02003D0
:100ED000413B052B12D88A42F2D12B4604F1200265
:100EE00054F8041B944243F8041BF9D1002385F8FD
:100EF00020303370DDE76FF00100DBE76FF01500A5
:100F0000D8E700BFBFC600200DA80200E894020089
:100F1000AE6A020008B507490748FFF78FFA0022BA
:100F2000064B07491A70FF230B7006490A60064AF0
:100F3000137008BDB16A0200C00600205D96002053
:100F4000D006002010650020D106002038B50D46DF
:100F50001C490446FFF768FA48B120461A49FFF7D2
:100F600063FA20B120461949FFF75EFA28B91549FE
:100F70002846FFF763FA002038BD20461449FFF7E2
:100F800053FA48B120461349FFF74EFA20B12046E4
:100F90001149FFF749FA08B91049E9E72046104915
:100FA000FFF742FA48B120460E49FFF73DFA20B15B
:100FB00020460D49FFF738FA08B90C49D8E76FF019
:100FC0001500D9E7AA6D0500E4CB0200B66A02005D
:100FD000BB6A0200C36A0200C3770200CB6A020048
:100FE000D36A0200D86A0200DC6A0200DE6A0200EC
:100FF0002DE9F0474FF0FF3A07460026D046DFF8CC
:10100000589006F009FB044606F0C6FA444505462A
:1010100001D1504507D02B46224631464846FFF7BE
:101020002DFDAA46A0462C4313D040F6CD4000210A
:1010300064361BF084FBBE42E3DB06F0EDFA0446A7
:1010400006F0AAFA2146BDE8F04702460348FFF73A
:1010500015BDBDE8F08700BFE36A02001C6B02000B
:101060002DE9F0474FF0FF3A002457464FF47A78C5
:10107000DFF86C9006F0D0FA064606F08DFABE4214
:10108000054606D1504504D194FBF8F308FB134301
:101090004BB92B46324621464846FFF7EFFCAA469D
:1010A00006F0C0FA3746354318D040F6CD4000214F
:1010B0001BF045FB40F6C41364349C42DAD106F0C1
:1010C000ABFA054606F068FA2A460346214605486B
:1010D000FFF7D4FCBDE8F04706F0A4BABDE8F087FE
:1010E000536B0200986B020070B5C8B00346202114
:1010F0006846104A1AF00AFE19250F4E4FF4807107
:1011000008A806F0A1FB044640B9304608A9FFF73D
:10111000B5FC694608A824F0B9F840B941F69A1020
:1011200000211BF00CFB013DE8D16FF07304204659
:1011300048B070BDE56B02006C6A02002DE9F04317
:101140000728ADF50B7D73D83B4B08211E5C3B4A4D
:10115000334668461AF0DAFD394902A8FFF76EF9FE
:101160000024384FDFF8E080DFF8E0904FF4807122
:101170000AA806F083FB4FF49673B4FBF3F503FB68
:10118000154598BB0AA8FFF78BFD1DB330490AA887
:1011900024F07CF8F0B969460AA824F077F8C8B9B9
:1011A00041F2343000211BF0CAFA40F2DC5396348D
:1011B0009C42DBD16FF073000DF50B7DBDE8F08331
:1011C00069460AA824F062F880B131462148FFF749
:1011D00055FC09E020480AA9FFF750FC1C490AA861
:1011E00024F054F80028EBD00020E5E7002DD7D1FB
:1011F0004FF480714AA806F027FB0028D0D138466A
:101200004AA9FFF73BFC02A94AA824F03FF80028AE
:10121000C6D041464AA824F039F80028C0D0494633
:101220004AA824F033F80028BAD031460B48CEE75C
:101230006FF01500C0E700BFE8940200ED6B0200FC
:10124000F46B02006C6A0200536C02005F6C0200D7
:10125000006C02001F6C02000B6C0200716C02003B
:1012600000212DE9F04FADF5077D8246FC2247A80D
:101270004691142724F0DDF84FF4807106A806F09B
:10128000FDFA002870D106A8FFF70AFD46A906A8B6
:10129000FFF7CAF8002867D0384806A9FFF7EEFB29
:1012A0004FF48071364A06AB46A81AF02FFD354B35
:1012B0000322354906A813F80A9023F0C5FF054616
:1012C000002851D19DF81B304B454DD19DF81C3065
:1012D0002C2B49D14FF064080646034683460DF196
:1012E0001D04227872B9002B3ED0012349461A46CC
:1012F000CDE900682548FFF7C1FB28460DF5077DBD
:10130000BDE8F08FCDF814B0237823F02003413BE3
:10131000192B29D863782C2B26D102340A22204697
:1013200005A91AF03FFD059A039094421CD011784C
:101330002C2919D1541C20460A2205A91AF032FD85
:10134000059A944210D0039B73B11378404506F17F
:10135000010638BF5FFA80F8F6B2002BC5D02C2BFF
:1013600002D10123541CBCE741F69A1000211BF066
:10137000E6F9013F80D16FF07305BEE70B6C020008
:101380000DA80200E8940200A36C0200A76C020002
:10139000002307B50F2001AA074901930FF07CFB3A
:1013A00001990648FFF76AFB4FF4005000211BF03B
:1013B000C6F903B05DF804FB1FC70100E96C020029
:1013C000002008B5124906F0EDFA06F0E5F800280D
:1013D00014DD104B1B688BB90F481BF06EFA0146E9
:1013E0000E48FFF74BFB41F69A1000211BF0A7F9BE
:1013F000BDE8084001200A4906F0D4BA06F0CCF84E
:101400000028F5DD034B07481968FFF737FBEFE7C6
:10141000186D020010650020E8720200276D0200BE
:101420009A6D0200516D02002DE9F04107460E460B
:101430000025DFF84080C0B04FF48071684606F0A8
:1014400003FA044640B969464046FFF717FB3946A0
:10145000684623F01BFF48B941F69A100021C835B1
:101460001BF06DF9AE42E7DC6FF07304204640B02C
:10147000BDE8F0816C6A02002DE9F043C9B0034673
:101480000E4668462021184A1AF040FC0025174FE6
:10149000DFF85C80DFF85C904FF4807108A806F0FC
:1014A000D3F9044690B9384608A9FFF7E7FA694628
:1014B00008A823F0EBFE48B1414608A823F0E6FE59
:1014C00020B1494608A823F0E1FE48B941F69A1038
:1014D0000021C8351BF033F9AE42DDDC6FF0730438
:1014E000204649B0BDE8F083E56B02006C6A02005B
:1014F000536C02005F6C02002DE9F041C0B00D4654
:1015000017461BF0DAF9041E21DB2C78FCB100260B
:10151000DFF844804FF48071684606F0AFF9044666
:1015200058B96846FFF7BCFB69464046FFF7A6FA84
:101530002946684623F0AAFE48B941F2343000211A
:1015400096361BF0FCF8B742E4DC6FF073042046DB
:1015500040B0BDE8F08100BF0B6C02002DE9F04700
:1015600005464F48884605F0D9FF4D4805F0E8FF8D
:10157000012005F0CDFF284605F0F4FF002006F01D
:1015800005F805F06BFE06F007F8002806DD294691
:101590004448FFF773FA0020BDE8F08706F01AF818
:1015A00000282ADC05F05AFE05F096FF424629463F
:1015B0003D48FFF763FA4FF0FF3600244FF47A7985
:1015C000DFF8E8A01BF076F905F054FD05F0E4FF24
:1015D000B042074604D194FBF9F309FB13433BB92E
:1015E0003A4621465046FFF749FA3E4606F01AF8B9
:1015F000002F42DD29462E48CBE729462D48FFF72C
:101600003DFA4FF0FF3600244FF47A77DFF8A890C8
:101610001BF050F9B24605F02DFD05F0BDFF8245E7
:10162000064604D194FBF7F307FB134373B905F0A7
:10163000D1FF3246034621464846FFF71FFA05F020
:10164000F1FF002E02DD29461C48A2E705F0C2FF8B
:1016500048B141F69A1000211BF071F840F6B833FA
:10166000C8349C42D4D105F0F9FD05F035FF42465F
:1016700029460D48FFF702FAA0E741F69A1000212B
:10168000C8341BF05CF8A0459CDC0D482246294676
:10169000FFF7F4F905F0C6FF6FF073007CE700BFB9
:1016A000B0700500AE6D02000F6E0200356F0200D3
:1016B0006A6F0200416E02009E6E0200EA6E020036
:1016C000BE6F020010B5044605F002FE4FF4005054
:1016D00000211BF034F8054804EB4414204443F681
:1016E0009821BDE81040FFF739BF00BFBFC60020FA
:1016F0002DE9F04704466B4ADFF8AC810E1E8CB032
:10170000DFF8A8916A4B4FF0280118BF1346CDF8B7
:101710000080684A02A8684D18BF4D461AF0F6FAD4
:10172000664B04EB44171F4442F6E0613846FFF76E
:1017300015FF28BB4846FFF71BFB002829DB4FF0AD
:101740000109002E50D1002837D02846FFF710FBA2
:1017500000287ADD5A4B2A46195D5A48FFF78EF960
:10176000002027E042F6E0613846FFF7F7FE08BBAD
:101770004E48FFF7FDFA00281CDB4FF00009E0E7B8
:1017800010F1740F16D14E4B4F48195DFFF776F9E3
:101790000BE010F1740F02D010F1800F0AD1484B0A
:1017A0000246195D4948FFF769F92046FFF78AFFAD
:1017B0000028D7D00CB0BDE8F0872846FFF7D8FA4C
:1017C0000028C7DCB2464248FFF7D2FA002804DD01
:1017D0003B4B4048195DFFF751F940F2DC523E495E
:1017E00002A8FFF789FE21E02846FFF7C1FA00288A
:1017F000DFF8E8A003DDDAF80030002BAAD0DAF831
:1018000000302BB32821364ACDF8008002A81AF008
:101810007DFADAF80030DBB102A81BF04EF80028A0
:1018200005DB2046FFF78AFC4FF0000A98B1B9F1BA
:10183000000FBFD010F1740F02D010F1800FB9D19A
:101840001F4B0246195D2748ADE74FF0010ABAE782
:101850004FF0000AC1E741F658312846FFF70CFE69
:1018600048B1B9F1000FA5D010F1740FA2D1144BFB
:101870001D48195D8AE7BAF1000F3FF471AF40F2DD
:10188000DC511A48FFF7D0FD0D490246095DFA23E5
:101890001748FFF7F3F84FF4005000211AF04FFFFC
:1018A0005EE700BFF8730200B0060020F96B02008B
:1018B00001740200FB6F0200F46F0200BFC600203B
:1018C000E8940200A57002000D700200547002003E
:1018D000F3700200FD700200006C02001065002031
:1018E0004571020065710200B771020008720200C2
:1018F0000F720200F7B500251A4E1B4F96F9003003
:10190000AB421BD000212846FFF7F2FE044688B107
:101910007B5D00906021154A15481AF0F7F91549CA
:101920001548FEF78BFD12491448FFF7A7F820462B
:1019300003B0F0BD795D1248FFF7A0F80135082D1E
:10194000DCD1012196F90000FFF7D2FE064A0446D9
:1019500096F9003010B1D35C0090DBE7D15C084809
:10196000E3E700BFD1060020E894020049720200BC
:101970005D9600201BC90200C006002065720200AF
:101980007F7202002DE9F8434FF47A710546002476
:10199000204E214FDFF884803046FFF745FDD0B15F
:1019A00017F805900134224649464046FFF766F88D
:1019B0004FF496621A491B48FFF79EFD024630BB62
:1019C00040F6B8311348FFF72FFD4946024628B9C3
:1019D0001548FFF753F80020BDE8F8831348FFF7D8
:1019E0004DF8224649461248FFF748F811481AF0C8
:1019F00064FF0028F0DB2846FFF764FE0028EBD1E7
:101A0000032C4FF4FA61C7D16FF07300E4E7494645
:101A10000948E4E7A0720200E8940200A7720200FD
:101A2000E5720200E8720200ED7202001A73020011
:101A3000AC730200EF730200637302002DE9F04102
:101A4000904B0A780646002A14BF0C461C46E2B0AA
:101A50008D498E48FEF7E8FCA8B98D4916A8FEF717
:101A6000EDFC894903A802ADFEF7E8FC2A463046A2
:101A70000DA9FFF7FFF90446002800F08F80024609
:101A80003146844827E084498048FEF7CDFC28B9D8
:101A9000824916A8FEF7D2FC7F49E3E780497B48DC
:101AA000FEF7C2FC002840F0A38123467D4A302186
:101AB00016A803AF1AF02AF90DAD79493846FEF79A
:101AC000BDFC2A46304622A9FFF7D4F9044628B1C6
:101AD000314602467448FEF7D1FF49E042F6E06124
:101AE00022A8FFF73BFD044650B1234628786F49F2
:101AF00022AA002818BF29466D48FEF7BFFF37E02D
:101B00003846FFF735F9031E08DD29783B460029E2
:101B10000CBF31462946674822AAEEE708D029784B
:101B2000654800290CBF3146294622AAFEF7A6FFC8
:101B300040F2DC52614916A8FFF7DEFC8046D8B1BE
:101B40003846FFF715F90028297807DD3B460029BC
:101B50000CBF314629465A4822AACEE743460029FF
:101B60000CBF31462946574822AAFEF787FF444654
:101B7000204662B0BDE8F08141F288313846FFF777
:101B80007BFC2A780446002A0CBF32462A460146CE
:101B90004D48009722ABFEF771FFE9E742F6E0619E
:101BA0000DA8FFF7DBFC044628783CB13F492346EB
:101BB000002818BF29460DAA44489EE770B1FEF7D9
:101BC000ADFEFFF7DFFE044670B1287837492346A3
:101BD000002818BF29460DAA3D488EE740F6B831C7
:101BE0003C48FFF721FCEEE74FF496623A4916A80D
:101BF000FFF782FC044640B128782C492346002890
:101C000018BF29460DAA354877E74FF49662344944
:101C10003448FFF771FC044628783CB12349234639
:101C2000002818BF29460DAA2F4866E738B3FEF7EB
:101C300075FE074640F2DC522C492D48FFF75CFC4C
:101C4000044600286FD001462A48FEF717FF072FE9
:101C500056D83846FFF736FD0246002850D03946A0
:101C60002548FEF70BFF002C80F2898028780F4969
:101C70002346002818BF29460DAA20483DE74FF00B
:101C8000FF37D7E7AA6D0500F96B02002596002003
:101C9000F6730200D0750200F46F0200FF730200B9
:101CA000F370020008740200277402005A950200C3
:101CB0005474020091740200D0740200006C02009F
:101CC000147502005E7502009B750200F575020036
:101CD0002A760200A0720200657602007576020084
:101CE000AA760200B3760200BC760200F276020009
:101CF0000C770200137702005D770200287802005B
:101D00004FF4807122A805F09FFD0028ABD13A481E
:101D100022A9FEF7B3FE394922A823F0B7FA80B111
:101D20003748FEF7ABFE37481AF0C7FD041E287887
:101D30003EDA35492346002818BF29460DAA334804
:101D4000DBE61821324A03AB07A819F0DFFF07A929
:101D500022A823F09BFA002885D02E4922A823F040
:101D600095FA00283FF47FAF2B4922A823F08EFA82
:101D700000283FF478AF294803A9FEF77FFE2978B1
:101D8000214B2748002914BF2946194603AAFEF70C
:101D900075FE03AF3846FFF7A7F92A7804460146D7
:101DA000002A0CBF32462A461E4800970DABF2E6C9
:101DB00078B1FEF7B3FDFFF785FC04460028E8D0B4
:101DC000287811492346002818BF29460DAA16482D
:101DD00093E605F05FFAFFF743F94BF23430002148
:101DE0001AF0ADFC43F698210DA8FFF7B7FBE4E726
:101DF0006FF01504BCE600BF92770200B3770200D3
:101E0000C5770200EF7302005A9502005C78020069
:101E1000E56B0200536C02005F6C0200EF7702007A
:101E2000C77802000A790200907802002DE9F0419B
:101E30008CB002AE0D46904603A932460746FFF726
:101E400019F8044640B1024639463948FEF716FEF5
:101E500020460CB0BDE8F08142F6E06103A8FFF730
:101E60007DFB04469DF808004CB12346314903AA86
:101E7000002818BF31463048FEF700FEE8E778B189
:101E8000FEF74CFDFFF77EFD044678B19DF8080093
:101E900028492346002818BF314603AA2748EBE704
:101EA00040F6B8312648FFF7BFFAEDE728461AF0AA
:101EB00004FD041E9DF8080007DA1E492346002889
:101EC00018BF314603AA1F48D6E778B1FEF726FDB2
:101ED000FFF7F8FB0446C0B19DF8080015492346FA
:101EE000002818BF314603AA1748C5E705F0D2F904
:101EF000FFF7B6F84BF2343000211AF020FC43F61D
:101F0000982103A8FFF72AFBE4E74046FFF7ECF827
:101F10009DF8082004460146002A0CBF3A46324686
:101F20000A48CDF8008003ABFEF7A8FD90E700BF9C
:101F3000377902005A9502005D7902009379020018
:101F4000A0720200CF790200057A02003D7A0200F9
:101F500038B50D4604460B492846FEF765FA30B9F8
:101F6000094A0A492046BDE83840FFF75FBF2846C6
:101F70000749FEF759FA10B9054A0649F2E76FF02A
:101F8000150038BDD7870200F46F02006B7A02009B
:101F9000F3700200797A0200F8B504460E46012378
:101FA0001A4DD5E8EF2F002A03D1C5E8E13F0029FB
:101FB000F7D104D01648BDE8F840FEF75FBD154BD9
:101FC0001F78A7420DD1FEF797FC01461248FEF795
:101FD00055FD0023D5E8EF2FC5E8E13F0029F9D1F1
:101FE000F8BD012C09D147B90C4B0D481C70FEF708
:101FF00045FD38460B4905F0D5FC0B4B0B481C70D2
:102000000B4B1E70BDE8F84018F0EEBD4465002093
:10201000897A02004EC80020A67A0200C7C70020B5
:10202000BF7A0200EE7A02000BC80020586500203B
:102030000AC80020CA0708B50BD5C30709D5184B35
:1020400001211878B0FA80F04009BDE80840FFF798
:10205000A3BF8A0704D5830702D502210120F4E734
:102060004A070FD543070DD50D4B1B78BBB903228B
:102070000C4B1A7005F0E8F805F00CF9BDE80840C3
:1020800005F02ABA0A070AD5030708D5044B1B78BE
:102090002BB90422034B1A7005F0E0F8EEE708BDF7
:1020A0004EC800200AC80020F7B54D4B1B78013BF5
:1020B000032B00F28980DFE803F0020B1285494B05
:1020C0001878FEF719FC01464748FEF7D7FC09E0EF
:1020D000444B1878FEF710FC01464448F5E74448A5
:1020E000FEF7CCFC03240F20FEF7C0FC002141F2D8
:1020F000EC101AF024FB0020FEF7B8FC41F2EC10C3
:1021000000211AF01CFB013CEDD1364D2B78012B40
:1021100061D1384A38481370FEF7B0FC2046374981
:1021200005F040FC05F0B6F8FFF732F9344C2B7897
:10213000344E2370FEF78EFE20781AF002FB324DEB
:10214000FEF7C0FC3268314B20211A8030482B4604
:10215000304A19F0DBFD20212F4B2E4A2F4819F071
:10216000D5FD21212E4B2B4A2E4819F0CFFD2E4BA9
:102170002E4A2B491A6091F800C02D4A264BBCF11B
:10218000000F08BF114628781F780091002F08BF64
:1021900013463168002818BF2A462648FEF76EFC11
:1021A000254B264A20781A60FEF7A6FB01462448F4
:1021B000FEF764FC40F6CD4000211AF0C0FA002082
:1021C00008F0D4FD1F488BE7064B1878FEF794FB08
:1021D00001461D4879E7002BA6D108F0D3FBA3E701
:1021E0000AC800200BC80020FD7A02001C7B0200F8
:1021F0003B7B0200C7C70020917B0200C17B02002D
:102200004EC80020200200202EC8002000610220BD
:10221000436102200DA80200D306002023610220A2
:102220000DC80020026102207C3F01204741544F2D
:102230005A950200D47B0200783F01204E41544F52
:102240000B7C0200547B0200707B02002DE9F043FE
:1022500000248046E1B021462C2215A8149403AE38
:1022600023F0E7F802AD2146142206A8C6E900448F
:10227000059423F0DEF82A4640460BA9FEF7FAFD46
:102280000DF1500905AF044640B1024641462E48C3
:10229000FEF7F4FB204661B0BDE8F08342F6E06152
:1022A0000BA8FFF75BF9044650B12346287827496D
:1022B0000BAA002818BF29462548FEF7DFFBE9E7EF
:1022C00040F6B8334FF48072224820A905F0F0FAA6
:1022D000044640B128781D492346002818BF2946E6
:1022E0000BAA1D48E9E74A4630231C4920A81AF0EA
:1022F000F6F9324608231A4920A81AF0F0F93A46AE
:102300001823184920A81AF0EAF930780F4B99F8E9
:102310000020002808BF1E4638782978002808BF0A
:102320001F4600290CBF41462946002A18BF4B46CC
:10233000CDE900670C480BAAFEF7A0FB0B4820A9CB
:10234000FEF79CFBA6E700BF2B7C02005A9502001B
:10235000537C02008B7C0200937C0200D17C020043
:10236000D57C02007F6A0200DC7C0200147D020042
:1023700000222DE9F04F9E4BADF5457DD3E8EF1FD0
:10238000012903D1C3E8E02F0028F7D13CD1994BB4
:1023900020AC03F14005224618685968083303C28F
:1023A000AB421446F7D100243C22214631A88DF8D7
:1023B000BF40309423F03DF89DF8803030AD0CAF35
:1023C000CDE90D440F943C60F3B108228A4920A85E
:1023D00022F01DFF50B98948FEF750FB884B187852
:1023E000811E48424841FEF707FC0DE00422854962
:1023F00020A822F00CFF58B920A81AF05EFA014676
:10240000814820AAFEF73AFB0DF5457DBDE8F08F27
:1024100004227E4920A822F0FAFE30B921A81AF041
:102420004CFA21AA01467A48ECE70822794920A80B
:1024300022F0EDFE30B922A805F0E2FA22AA014608
:102440007548DFE70822754920A822F0E0FE08B9A8
:102450007348C1E70822734920A822F0D8FEB8B912
:10246000714922A822F0BBFE10B905F0B3FBCBE7FF
:102470006E4922A822F0B3FE10B905F091FBC3E724
:10248000012122A805F052FB22AA01466848B9E7BB
:102490000522684920A822F0BAFE0646002840F02E
:1024A000158101461C22CDE91A00CDE91C0082AD40
:1024B000409041A822F0BDFF40AC31461C222E6066
:1024C00083A822F0B6FF1AAA23465B4900950DF1B6
:1024D000850019F047FC06461AAA12F8013B73B9A9
:1024E0002A4612F8013B93B9002E40F3EA804E4988
:1024F0001AA8FDF799FF90B905F08EFC84E7A3F1C7
:102500004101192998BF203302F8013CE5E7A3F106
:102510004101192998BF203302F8013CE1E74749FE
:102520001AA8FDF781FF30B905F04AFC014644487E
:10253000FEF7A4FA68E73D491AA8FDF775FF20B930
:1025400005F04EFC01463F48F2E7012E00F0B9804D
:102550003D491AA8FDF768FFC0B914900A22204629
:1025600014A919F01FFC149B0546A34203D01B7845
:102570000BB9012802D921463448D9E700F00100FF
:1025800005F006FC2A46014631483BE731491AA8C6
:10259000FDF74AFFC0B914900A22204614A919F089
:1025A00001FC149B0546A34203D01B780BB90128FC
:1025B00002D921462848BBE700F0010005F0D0FB16
:1025C0002A46014625481DE7022E7AD024491AA83A
:1025D000FDF72AFF002847D12946204605F00EFBCB
:1025E0002B46224601461F48FEF748FA0CE700BF7B
:1025F0003C650020CAC700202E7D0200377D020006
:102600004EC80020717D0200767D02008D7D0200A3
:10261000927D0200A87D0200B17D0200CB7D020008
:10262000D47D02000E7E0200177E02003ACA02002C
:102630001C7E0200367E02003C7E02004B7E0200C1
:10264000557E02006B7E02007D7E0200827E0200CB
:102650009E7E0200B87E0200BD7E0200D97E02008E
:10266000F57E0200FD7E02008C491AA8FDF7DCFE13
:1026700040B92946204605F00BFB2B460146224671
:102680008748B1E787491AA8FDF7CEFEC8B914906C
:102690000A22284614A919F085FB149B0646AB4272
:1026A00003D01B780BB9FF2802D929467E483FE7A3
:1026B000C1B2204605F034FB3346014622467B4832
:1026C00092E77B4820A9FEF7D9F972E004AACDE988
:1026D0000057784908AB20A819F044FB044604AA27
:1026E00012F8013BB3B908AA12F8013BD3B92B4643
:1026F00013F8017BF7B9704904A8FDF795FE08BBF4
:102700006E4B1878FEF7F8F801466D4BD3E8AF2F03
:102710006C4877E6A3F14101192998BF203302F8EC
:10272000013CDDE7A3F14101192998BF203302F8EC
:10273000013CD9E7A7F14102192A98BF203703F8D5
:10274000017CD5E7604904A8FDF76EFE20BB012C93
:1027500022DD5A4B1B781BB15C48FEF78FF953E61C
:10276000022004F0D5FE08A804F0D8FE584804F072
:10277000E7FE574804F0F6FE04F0AAFD00214FF4EE
:10278000005019F0DCFF524804F0C8FE514804F034
:10279000D7FE514808A9CBE6504904A8FDF744FEEE
:1027A000C8B9464B1B7813F0FD0F05D04C48FEF717
:1027B00065F9FEF73FFA27E603224A4B1A704A4BA7
:1027C0001B780BB14948C8E704F03EFD04F062FDF8
:1027D00004F082FE18E6464904A8FDF725FE88B9F4
:1027E000364B1B7813F0FD0F01D04248DFE704227F
:1027F0003C4B1A703C4B1B780BB13F48ADE704F0E3
:102800002DFDE5E73D4904A8FDF70EFE60B92B4B11
:102810001B78012B01D03A48C9E7334B187007F0F9
:10282000DBFF0146374883E6374904A8FDF7FCFD86
:10283000E8B9012C18DD354908A8FDF7F5FD20B1F0
:10284000334908A8FDF7F0FD70B9324B324A3349DD
:102850003348FEF713F9334B334A34493448FEF713
:102860000DF907F081FFCFE5324820A92BE7324967
:1028700004A8FDF7D9FD002840F09F82022C40F308
:102880009C82234908A8FDF7CFFD002840F046812F
:102890000A4B1B78012B53D128485EE7267F0200A4
:1028A0002D7F0200557F02005A7F0200767F0200D2
:1028B000997F0200B37F0200C77F02004EC800204C
:1028C00044650020CE7F0200F37F0200FA7F020001
:1028D000B070050025800200288002003B800200C5
:1028E000408002000AC80020C7C700207180020093
:1028F000968002009B800200CC800200F1800200E2
:10290000FA8002002B870200D07B0200177E0200B3
:10291000268102002E810200AF810200FF810200A9
:102920001C82020052820200808202008682020023
:102930009A820200CD82020020650200E682020037
:102940002846AF49FDF770FD0446002840F0DF80BF
:102950000346AC4E03EB4312B75C002F00F04B86EE
:102960000133082BF6D10025A846A74FDFF89C922B
:1029700005EB4513F35C17F8011B002B40F0B68004
:102980004846FEF77BF80135082DF1D12146A048D5
:10299000CEE518F8010BFDF7C1FF031E09DB2A780D
:1029A0003AB103EB431052462B462121304419F033
:1029B000ADF901372135B945EBDC002303EB4312B8
:1029C000B25C002A74D00133082BF7D100254946A8
:1029D000904885F00102FEF751F8002DC3D0002584
:1029E0002F46012004F094FD012004F0CFFD8A4819
:1029F00004F094FD884804F0A3FD874804F0B2FD7C
:102A000004F022FCFEF7C4FC41F28830FEF7F0FA35
:102A100004F062FD0395082382AA19461AA804F05F
:102A200083FE031E029331DD4FF0000B0DF16808A9
:102A30000DF5027918F8010BFDF770FF051E1DDB7F
:102A400099F80030D3B105EB451AB24449465046D7
:102A5000FDF7EAFC90B14B46212150466F4A19F030
:102A600055F9072D02DC2846FEF7D0F9524618F832
:102A7000011C6B48FEF702F801230393029B0BF144
:102A8000010B5B4509F12109D4D11D464FF0000827
:102A900008EB4813F35C6BB108F10108B8F1080FBB
:102AA000F6D104F097FC41465E48FDF7E7FF5AE790
:102AB00001258CE7039B5BB1032D09DDB7F5FA6FA8
:102AC00010DA41F69A10002119F039FEC837A2E752
:102AD00041F69A10002119F032FE42F20803C8377D
:102AE0009F4298D104F076FCA846DCE782A88DF8D6
:102AF00008128DF80982FFF7A9FB10B1002C08BF5E
:102B0000044641F23430002119F019FE3BE7284613
:102B1000FFF79CFB2A460146434873E4434908A853
:102B2000FDF782FC0646002840F0EE803025014685
:102B300014221A9040AC1BA822F07BFC14223146D0
:102B4000266041A822F075FC1422314683A88295A4
:102B500022F06FFC364BCDE910561B78CDE912669A
:102B6000012B01D13348F8E5334900941AAB14AA7C
:102B700020A819F0F7F8051E17DD14AA12F8013B7A
:102B8000ABB91AAA12F8013BCBB9224612F8013BA5
:102B9000EBB9012D29D029491AA8FDF745FC0028D9
:102BA00054D1022D1BD12648D7E52648D5E5A3F1FF
:102BB0004101192998BF203302F8013CDEE7A3F157
:102BC0004101192998BF203302F8013CDAE7A3F14B
:102BD0004101192998BF203302F8013CD6E723466A
:102BE00018210E4A82A819F091F810A982A8FEF7C0
:102BF000ADF90446002834D0134882A998E400BFF8
:102C00001C830200BFC60020E894020093830200E8
:102C1000C583020020830200B07005000DA80200E9
:102C2000528302006E830200E683020006840200E3
:102C30004EC800200B8402003E840200D1840200B2
:102C4000D584020059840200238502000422A14990
:102C50001AA822F0F9FA08B91BABC1E79E481AA9D5
:102C600066E49E4930A8FDF7DFFB01229C4B28BBA0
:102C7000D3E8EF1F002903D1C3E8E02F0028F7D1E4
:102C800001D0984869E5984B944998481A70FDF727
:102C9000D5FB1021964A14AB964819F037F8944AA0
:102CA000102110AB944819F031F89449944821F060
:102CB000E6FF944810AA14A9FFF7A4BBD3E8EF1FBE
:102CC000002903D1C3E8E02F0028F7D1D9D1864BE2
:102CD0002821874A1C70854830AB19F017F810215D
:102CE000834A14AB834819F011F8814A10AB1021C4
:102CF000814819F00BF88149814821F0C0FF8248D2
:102D000010AB14AA30A96FE4804908A8FDF78CFB2A
:102D1000002852D17E4B1B78012B01D17D481CE548
:102D20007D4982AA20A819F01DF801281FD182AA86
:102D300012F8013BEBB928466849FDF775FB0446DC
:102D400090BB0546754E764FDFF8D88105EB4513ED
:102D5000FB5C16F8011BA3B94046FDF78FFE013559
:102D6000082DF3D12146704882AAFFF74BBB6F486C
:102D7000F3E4A3F14101192998BF203302F8013C83
:102D8000D6E700238DF8001140A882A98DF8013103
:102D9000FFF7DEF810B1002C08BF044641F23430D2
:102DA000002119F0CCFCDAE782A92846FFF7D0F819
:102DB0002A46014682AB5E4816E45E4904A8FDF748
:102DC00033FB68B9524B1B78012B01D05A48EEE413
:102DD0005A4B187007F0A8FD01465948FFF7A8BBE9
:102DE000584904A8FDF720FB002840F0EC80012C96
:102DF00040F38F82544908A8FDF716FB88B9444B6D
:102E00001B78012B07D14D4B187007F0E5FC0146EC
:102E10004E48FFF78DBB05210120FFF7BDF8FFF7F6
:102E2000F3BA4B4908A8FDF7FFFA20B1494908A8B1
:102E3000FDF7FAFA18BB4848FDF720FE0220344B94
:102E4000187004F05FFBFDF73DFEFEF763F801200C
:102E5000FDF7D2FE0022394B012040491A7004F0E0
:102E6000A1FD04F0FBF904F015FA40F6B830FEF7C6
:102E7000BFF804F031FBFDF73FFEFFF7C5BA384954
:102E800008A8FDF7D1FA0646002871D1204B1A7820
:102E9000012A01D1334860E40220187004F032FBAB
:102EA000FDF710FEFEF736F8244B2F4901201E7067
:102EB00004F078FD012004F069FB2C4804F02EFB9F
:102EC0002A4804F03DFB012004F022FB274804F0CF
:102ED00049FBC6E7FA840200FF8402001C8302005B
:102EE00014650020458502002496002035960020B8
:102EF0000DA8020025960020A006002018650020DD
:102F0000B80B00206285020091850200CD86020088
:102F10004EC80020BF850200F3850200E89402003D
:102F2000BFC600204C8602007C8602000486020098
:102F3000A3860200C9860200D3860200C7C700200C
:102F400000870200858E0200D07B020011870200FC
:102F50003B87020040870200438702008C87020003
:102F6000D7870200A6870200D2870200B070050052
:102F70009E4904A8FDF758FA78B39D4904A8FDF7C7
:102F800053FA002840F0CA819A4908A8FDF74CFA84
:102F900000283FF466AC984908A8FDF745FA0028D8
:102FA00040F0EE81022C00F01C824FF0FF332846E7
:102FB000924982AA829318F0D5FE012800F0CD81B3
:102FC0008F48FFF7CABB894904A8FDF72DFA0028EE
:102FD00040F0B681012C40F39C818A4908A8FDF796
:102FE00023FA00283FF447AF874908A8FDF71CFAE9
:102FF00038B9FEF7E5F9FDF78DFF8448FDF73EFD92
:1030000039E7834908A8FDF70FFAB8B9022C02D1B5
:103010008048FFF7A2BB284682A9FDF797FF18B1A9
:1030200029467D48FFF784BA10217C4A7C4882AB50
:1030300018F06CFE7A497B48FFF77ABA7A4908A8FB
:10304000FDF7F2F9002862D1022C1BD0284669490D
:10305000FDF7EAF90446C0B9744E754DDFF8D48126
:10306000754F2A783846002A14BF2A46424616F879
:10307000011B0134FDF702FD082C05F12105F0D1FB
:10308000FFF7C2B96D48FFF768BB2846FDF7DEF9C8
:10309000012803D029466A48FFF74ABA2878FDF785
:1030A0003DFC041EF6DB674982AA20A818F05AFEF0
:1030B00001280CD182AA12F8013B5BB982A8FDF766
:1030C000C5F9202801460DD05F48FFF731BA5F48A7
:1030D000FFF743BBA3F16101192998BF203B02F818
:1030E000013CE8E7524B04EB44151D4421212846DE
:1030F0004A4A82AB18F00AFE072C02DC2046FDF794
:1031000085FE4A4B2A46195D5148FFF77BB9514964
:1031100008A8FDF789F900283DD1022C00F0D680DF
:1031200028463449FDF780F938BB4B4B1D7815B95B
:103130004A48FFF712BB00213026302D08BF484B0C
:10314000DFF8208108BF1F78DFF81C917B18B3FBE4
:10315000F6F206FB12331A0218F8022008EB0323DA
:103160004C1C22B12A4621464846FDF787FCE3B2B3
:103170009D422146EAD8FFF747B928463B49FDF76B
:1031800053F920B9FDF7A4FB3948FFF7E6BA294601
:103190003848FFF7CDB9384908A8FDF745F9064684
:1031A000002840F09380022C00F090802846FDF724
:1031B0004DF9012803D029463048FFF7B9B9032C4F
:1031C00000F081800CAC0A22204682A9829618F079
:1031D000E9FD829BA34205D01B781BB942F2107314
:1031E00098424FD921462648FFF7A2B9D787020057
:1031F000A48A0200177E0200AF8A0200E68E020057
:10320000B58A0200C77F0200206D0200DF8702003E
:10321000D1840200F8870200298802000DA802006C
:10322000B0060020478802006E910200E894020078
:10323000BFC600205A95020061880200748802000F
:10324000A4880200C3880200EE880200D48802002D
:103250000F89020027890200BD9600202E890200F6
:10326000BE960020BF9600204C8902003ACA020098
:103270006889020088890200A8890200AE890200DC
:10328000CF8902008D4B18602878FDF747FB8C4CE6
:1032900040B2002820708EDBFDF71AFB0122214688
:1032A000884809F085FA88498848FDF7C7F8002260
:1032B000874B88491A7094F90030804AC95C1268BB
:1032C0008548FFF79FB87D4B1E60DDE7834908A85E
:1032D000FDF7AAF800287FF450AE814B1B78022B33
:1032E00002D08048FFF739BA01227F4BD3E8EF1FA5
:1032F000002903D1C3E8E02F0028F7D102D07B4892
:10330000FFF72BBA7A497B4821F0B9FC7A48FFF7DE
:1033100024BA7A4904A8FDF787F8D0B1784904A8FF
:10332000FDF782F8A8B9012C13DD764908A8FDF74E
:103330007BF8002840F00681FDF71CFCFFF764B81D
:103340006E4904A8FDF770F80028E7D1012C3FF77B
:103350001BAE6D4820A9FFF7B6B9829807F08AF92D
:1033600004460146829A6948FDF788FB002C7FF4E9
:1033700078AA8298664B186019F09EFAFFF771BA26
:10338000644908A8FDF750F8002861D1022C28D024
:1033900082AC20212B4620465F4A18F0B7FC20461D
:1033A0005E49FDF741F800B92070204607F076F934
:1033B00005462278594B0146002A14BF22461A4678
:1033C0005748FDF75BFB002D7FF44BAA23462021D5
:1033D000514A544818F09AFC204604F09FF8FFF731
:1033E00040BA514908A8FDF71FF8002861D04F499D
:1033F00008A8FDF719F800285BD1022C59D082AC3F
:1034000021212B462046444A18F080FC204643499F
:10341000FDF70AF800B92070204607F06FF905465D
:1034200022783E4B0146002A14BF22461A464048E5
:10343000FDF724FB002D7FF414AA23462121364AF0
:103440003C4818F063FC204604F08CF8FFF709BAFA
:10345000354908A8FCF7E8FF0028C8D1022C28D07D
:1034600082AC20212B4620462B4A18F04FFC2046E8
:103470002A49FCF7D9FF00B92070204607F026F949
:1034800005462278254B0146002A14BF22461A46DB
:103490002948FDF7F3FA002D7FF4E3A92346202104
:1034A0001D4A264818F032FC204604F049F8FFF780
:1034B000D8B9234820A9FFF706B900BF106500203E
:1034C000D1060020EF8902000A8A0200C00600200F
:1034D0005D960020E8940200118A02003B8A0200F7
:1034E0004EC80020418A0200286500206E8A020032
:1034F0002C650020B80B00208D8A0200A48A0200EF
:10350000888B0200177E02004F8C0200D48A0200D2
:1035100020020020F58A02000DA802005A95020040
:10352000FA8A02002EC800201A8B0200438B020088
:10353000488B02000DC80020218B0200D30600201A
:10354000688B0200334908A8FCF76EFF00284ED1B3
:10355000022C4CD028463049FCF766FF0446002870
:1035600031D104F01DFB4FF0FF3007F083F82B48FA
:1035700007F094F8294807F0A9F8284807F0BEF8A2
:103580004FF0FF32264B1A60264B1C70264B1C70E6
:10359000264B1C70264C2078821E50425041FDF76D
:1035A0002BFBFDF7F5FE2348FDF768FA2378002B87
:1035B0007FF4C2AE03F052FE40F6B830FDF718FDBE
:1035C00003F08AFFB8E628461B49FCF72DFF50B9E7
:1035D0001A48FDF753FA164B1878831E5842584183
:1035E000FDF70AFBA8E629461548FEF7A1BF1548D6
:1035F00020A9FFF768B8082340AA194614A804F0C8
:1036000093F8DFF844A0814640AD0DF15008FFF774
:10361000D2B900BF8F8B020020650200B070050098
:10362000200200202EC80020D30600200DC8002054
:103630004EC80020948B020027650200D78B020041
:103640001A8C0200338C02000DA80200F7B5044664
:103650008368DB6B002B36D1234D244EA368DB6AD5
:1036600013B12046984788B3A3681B6973B301223E
:1036700020460DF107019847002827DD9DF8072017
:103680002B680D2A01D00A2A22D1002BE6D0EFF3B5
:103690001181202383F31288BFF36F8F0023012051
:1036A0002A68B354124AD2E8EF7FC2E8EC0FBCF1AB
:1036B000000FF8D12B6081F31188BFF36F8F0D4895
:1036C00017F092FACAE798470028C5D103B0F0BDB9
:1036D000591C3F2902D82960F254BFE7002306484D
:1036E0002B60FDF7CBF9B9E740650020CAC7002081
:1036F0003C65002048650020648C02002DE9F047FD
:10370000794B8EB01B78012B0DD17848FDF7B6F9B7
:103710000022774BD3E8EF1FC3E8E02F0028F9D150
:103720000EB0BDE8F087734B734D1B78002B00F093
:10373000CE802A78714B72497248002A08BF1D4614
:10374000FCF772FE00285BD06F496E48FCF76CFEF8
:10375000002840F096806D4B30216D4A009502A8FC
:1037600018F0D4FA6B4803F0D9FE6A4803F0E8FE7B
:10377000684803F0F7FE012003F0CAFE002403F0BE
:103780006DFD4FF0FF360827DFF87881DFF888916C
:1037900003F002FF072805461CDCB04206D140F6C4
:1037A000B83294FBF2F302FB13434BB92B4622468B
:1037B000414648460097FDF761F92E4603F032FF77
:1037C0004FF40050002118F0BAFF4AF6C873FA34DB
:1037D0009C42DDD103F0E0FE0728054612DC0246DC
:1037E000082348494D48FDF749F96FF00A0403F0F2
:1037F00019FF2146404B434A4948FDF73FF987E707
:10380000484BA9E702A819F058F8082304460246D5
:1038100000933C492B464448FDF730F9002CE8DB87
:10382000002145F69A1018F08AFF02A819F045F811
:10383000051EC8BF641903F0AFFE082203463149D4
:103840003A4800922A46FDF719F9002145F69A10E8
:1038500018F075FF02A819F030F8051EC8BF6419EA
:1038600003F09AFE082201940346009225492A4655
:103870002F48FDF703F9002C14BF00246FF07F04DC
:10388000B7E70024A1462B4E2B4FDFF8B0A006F17E
:1038900008083B7816F8011B3BB95046FDF7EEF8D7
:1038A000B04507F12107F4D1A3E78DF8081002A86D
:1038B00029468DF80990FEF7C1F810B1002C08BF19
:1038C000044641F23430002118F039FFE8E7294678
:1038D0001B48FEF7B3F80B4B0146194A19480095EF
:1038E000FDF7CCF814E700BF4EC800207B8C020027
:1038F0001465002024960020A0060020AA6D050073
:10390000F46F020025960020F37002007F7A020017
:10391000B58C0200B0700500CD8C0200038D020052
:103920001D8E020001740200438D0200738D02009F
:10393000AA8D0200E8940200BFC60020EE8D0200AE
:10394000359600204A8E02002DE9F74F754B1B7803
:10395000022B03D07448FCF7F5FF3BE0734C23784F
:10396000072B01D97248F6E70023724F03EB43128D
:10397000BA5C002A00F0D4800133082BF6D14FF056
:10398000000B6D4D6D4E6E496E48FCF757FD85F886
:1039900000B0FDF715FD96F900305B452ADA6A485C
:1039A000FDF76CF8012194F90000FDF7A1FE94F9F0
:1039B0000030664AC8B1D35C654A00906021284651
:1039C00018F0A4F963495F48FCF738FD29466248BE
:1039D000FDF754F80022614BD3E8EF1FC3E8E02F56
:1039E0000028F9D103B0BDE8F08FD15C5C48FDF749
:1039F00045F80BE05B48FDF741F896F900A0BAF1F5
:103A0000070F1BD9FDF776FF0028E3D1237856492D
:103A10004C484E4D3370FCF711FD94F9003053487B
:103A2000E95CFDF72BF8524B1A6894F90030E95C19
:103A3000002A46D04F48FDF721F8CBE7DFF80C818C
:103A400094F9003018F80A9018F8032049464A48BB
:103A5000FDF714F894F90030534518D059465046F4
:103A6000FDF746FE4946024670B14448FDF706F8A8
:103A7000FF233370FDF7A4FCFDF73CFF0028C5D001
:103A80004B463F4A009099E73E48FCF7F7FF01217B
:103A900094F90000FDF72CFE94F9003068B1602124
:103AA00018F803302A4A0090234818F02FF92949C2
:103AB0002448FCF7C3FC204989E718F80310314873
:103AC00095E73148FCF7DAFF94F90000FDF7C8FBF1
:103AD00001265A2394F900200146AA5CCDE900365C
:103AE0002A484FF47A63FCF7C9FF40F6CD40002125
:103AF00018F025FE94F90030254803EB4312E95CE9
:103B00003A44FCF7BBFF304603F002FD94F9000095
:103B100000EB4010384403F025FD03F09FFB59E70C
:103B20001C4818E74EC80020768E0200D1060020FF
:103B30008A8E0200BFC600205D960020D0060020BD
:103B400072910200C00600209F8E0200E8940200DD
:103B5000CA8E02001BC9020065720200286500209F
:103B6000E98E0200248F020067B002000D9002006F
:103B7000106500202F900200458F02007E8F02000A
:103B8000D18F02007F7202007C900200D59002006B
:103B90002B9102005B9102002DE9F347AE49AF483B
:103BA00021F042F8AE49AF4821F03EF8AE49AF48A7
:103BB00021F03AF8AE49AF4821F036F8AE4821F08E
:103BC00098F80023AD494FF48052AB480093082386
:103BD00017F010F814F068FA0146002839D0A84808
:103BE000FCF74CFFA74814F085FA0446002839D1A9
:103BF0001AF001FC014610B1A348FCF73FFFA34BAC
:103C0000A34A1968A34C914234D1A34A1278227076
:103C100000221A60207818F094FD2078FCF76CFEE2
:103C200001469E48FCF72AFFFDF714F9002008F032
:103C30006BF8014610B19A48FCF720FF994D2846D1
:103C400020F0DAFDE0B99848FCF718FF6FF0120495
:103C50000CE00122954B1A70FDF7FCF89448FCF734
:103C60000DFFBFE701469348FCF708FF204602B06E
:103C7000BDE8F0872378022B84BF00232370C9E7B7
:103C8000AE68002E00F0C680336C002B00F0C280BE
:103C90000022284688499847336A002B40F0C280AA
:103CA0004FF0000A854F8648FCF7E8FEDFF81492D3
:103CB00006F0A8FC84493846FCF7C0FB83498448D9
:103CC000FCF7BCFBD9F80020824B834D9A42DFF809
:103CD0000082824E85F800A02BD1814B2021B3F9C0
:103CE0000030804A336038467F4B18F00FF82021AF
:103CF0007E4B7C4A404618F009F8212128467C4B2F
:103D0000784A18F003F828787A4A3978504508BF7D
:103D1000154698F80030009553450CBF13464346AE
:103D20007548514518BF3A463168FCF7A7FEC9F8F7
:103D300000A0724B724A1968724D914204BF002272
:103D40001A604FF0FF33336000236F483B7088F8F0
:103D500000302B70FCF792FE306806F08BFC574861
:103D600006F09CFC5A4806F0B1FC5B4806F0C6FC25
:103D7000306818F0A1FD514803F0D0FB544803F01F
:103D8000DFFB554803F0EEFB287806F013FD012019
:103D9000FCF71AFF012003F0BBFB2078831E58427A
:103DA000584103F0F3FB2378012B3ED15749584883
:103DB000FCF764FE2078FCF79FFD564B0246534902
:103DC00055480093554BFCF759FE06F0CDFC54487E
:103DD000037813B95349FCF731FB0020FCF746FE8A
:103DE00051495248FCF74AFE5148FCF747FEFCF7A0
:103DF00021FF002023784F4A012B107020D14E491B
:103E000003F0D0FD4D48FCF739FE02B0BDE8F047A5
:103E100006F000BE6FF057014948FCF72FFE6FF027
:103E2000570423E7284698473AE70220207003F01A
:103E300069FB0120FCF7E0FE4248FCF71FFEB9E7F2
:103E4000022B0CBF40484148FCF718FE02B0BDE809
:103E5000F04703F027B900BFA920000058650020F3
:103E60007123000048650020493900002C650020BE
:103E7000FD36000018650020B80B0020C0D20020DD
:103E80007B91020035200000D0910200803F01208C
:103E9000444D53424EC8002063610220F29102005B
:103EA0000B9202000C560200269202000CC8002061
:103EB00090910200B89102004D3600002EC80020FB
:103EC000619202007C3F0120B07005002580020055
:103ED000D30600204741544F0DC800202002002087
:103EE000006102200DA8020043610220236102202C
:103EF000026102205A950200AD920200783F012033
:103F00004E41544FD2060020E69202002065020086
:103F10002C930200DCCC0200A49302009D930200CB
:103F2000C0060020B16A0200E5930200FE93020081
:103F300026940200C7C700206F9402007D940200FF
:103F40003E9202005693020091940200C394020034
:103F50000128024605D0044B0448022A08BF18462F
:103F600070470348704700BF276502002B650200B9
:103F7000206502000128024605D0044B0448022AAD
:103F800008BF184670470348704700BFF49402000A
:103F9000B66A0200F094020000234FF4AA6210B542
:103FA000064902FB03F40C59844201D1184610BDA6
:103FB00001330A2BF5D14FF0FF30F8E7E80C002071
:103FC00001460A2310B5064A107810B154888C4275
:103FD00004D0013B02F10602F6D1184610BD00BF25
:103FE000B89400202DE9F0410B7804460D462BBB18
:103FF0000378FF2B25D14378152B22D943681A78F3
:10400000FF2A1ED15A78FF2A1BD19A78422A18D14A
:10401000DB78532B15D10F460626DFF82C8063681A
:1040200038469B5D42460321013617F06FFE162E7F
:1040300007F10207F3D1002385F820300020BDE806
:10404000F0810120FBE700BF0095020038B5134B5B
:104050001C78012C16BF124B25461D78114B1B787E
:10406000DBB1A31E59425941002014F0BFF8B4FA45
:1040700084F10120490914F0B9F82946022014F00E
:10408000B5F8094B1B7833B9084B19780320BDE804
:10409000384014F0ABB80121F8E738BDBBCE0020A2
:1040A00064CF002065CF002063CF002062CF0020C6
:1040B00000210A460B4B93F87C0038B193F882003C
:1040C00068B993F88300002818BF024601310A2915
:1040D00003F5AA63EFD1044B1A70FFF7B7BF02468E
:1040E000F4E700BFE80C002064CF00200022024B60
:1040F0001A70FFF7ABBF00BF62CF00200FB407B547
:104100000B4B1B78012B11D00A490B4A022B18BF0D
:1041100011460A4819F0D6FB05A90498019106F04A
:10412000F3FD03B05DF804EB04B070470449F0E719
:10413000BBCE0020717A0200AE640200B3640200BC
:10414000AA64020010B50C46FFF726FF637801460B
:1041500022780248BDE81040FFF7D0BF0595020065
:1041600073B50C4615461E46FFF716FF2B46014653
:10417000224603480096FFF7C1FF02B070BD00BFA2
:1041800027950200014640F2E7304FF47A7200238F
:1041900010B500EBC130490CFBF7DEFFBDE8104065
:1041A00002460B46014816F0C9BD00BF580C00205E
:1041B0002DE9F0432D4D2E4B2A782E4E8BB0012A3F
:1041C00008BF1E462C4B1B782BB92C480BB0BDE802
:1041D000F043FFF793BF2A4F97F80080B8F1000F24
:1041E00035D1DFF8A090D9F80030002B2FDA264C1B
:1041F0002378092B2BD80AF0BDFE01462878FFF75B
:10420000A7FED9F80090CDE9010623781F4D009351
:104210003A784B461E4805ACFFF770FF0FCD0FC430
:104220002B68414605A823600BF0BCFF0446B0B1E3
:1042300010F1780F02D010F1100F0BD101233B7059
:10424000FFF736FF224631461248FFF757FF0BB003
:10425000BDE8F08301461048FFF750FFF7E7012360
:104260003B70FFF725FF31460C48F5E7BCCE002038
:104270005495020025800200480700205C9502004A
:1042800067CF00206402002068CF00206059020040
:1042900084950200E69502000F960200299602001E
:1042A0002DE9F0410F460646FFF776FE084D094B13
:1042B00004463046002F08BF1D461DF04EFB2A461F
:1042C00003462146BDE8F0410348FFF717BF00BF92
:1042D0001BC9020029C902003B96020042F6D073B6
:1042E0002DE9F043954D0446451B9D428BB018D8EF
:1042F000934B2D115D43036813B190F87C3033B9B3
:10430000294690480BB0BDE8F04319F0DBBA90F8AD
:1043100081304BB129468C4819F0D4FA002384F837
:104320007F300BB0BDE8F083884F97F80080B8F17C
:10433000000F0CD02946864819F0C4FA0123322018
:1043400084F87F300BB0BDE8F043FFF71BBF18F0D7
:1043500039FA94F88430022B18BF4FF4AF76D4E9C1
:10436000302308BF4FF46176B21843F10003121AEC
:1043700063EB0103012A73F1000106DB294675484E
:104380000BB0BDE8F04319F09DBAEFF31183202282
:1043900082F31288BFF36F8F94F8812042B184F8C2
:1043A0007F8083F31188BFF36F8F6B482946A9E79D
:1043B00084F87F20012284F8812083F31188BFF3E1
:1043C0006F8F94F88400FFF7D5FD94F80031024612
:1043D000002B53D004F58073216860480091294672
:1043E00019F070FA21465E4B41F8483F20680EF004
:1043F000B7FE294602465B4819F064FA5A4920681C
:104400001BF021FF29460246584819F05BFA58492B
:1044100020681BF096FF29460246564819F052FACA
:1044200005AA9446544B256803F1100E16461868E9
:104430005968083303C673453246F7D11B782846BE
:10444000337094F884804D4B97F80090B8F1020FC8
:1044500014BF66461E46FFF79FFD0146B9F1000FE7
:104460000ED04748FFF74AFE002384F8813001232D
:10447000322084F87F30FFF785FE52E7414BABE7EF
:104480004046FFF777FD94F800310246002B53D0E9
:1044900004F580733C480095FFF730FE0123314658
:1044A00084F881303B7028462346384A08F096FB52
:1044B000064600283FF435AF00233B7084F8813076
:1044C00094F8B93094F88420013384F8B930304F2F
:1044D000304B2846022A08BF1F46FFF75DFD3346D2
:1044E000024639462C48FFF709FE2846FFF754FDDF
:1044F000054618F067F9D4E93023821A94F8B90018
:1045000061EB0303029094F8B8002946019094F8F7
:104510007D0000902148FFF7F1FD94F87C304BB10D
:1045200094F87D3033B94FF44042002304F1880001
:1045300016F004FC00209EE7124BABE7E80C0020CD
:10454000FDFCFCFC599602008A9602004FCC00202C
:10455000B9960200E19602001A97020053970200F2
:10456000A14200007D970200900600209B97020068
:1045700054640200B7970200745902003707002004
:10458000DA9702005A9502000798020054020020B0
:1045900055960200F49402003098020056980200EA
:1045A0002DE9F04350F888EC04468BB0BEF1000FC3
:1045B00005D010F80C3C13B110F80B6C4EB1002074
:1045C0004D4B04F8070C18700BB0BDE8F043FFF733
:1045D000D9BD4A4DA0F18803494A5D1B2D115543B1
:1045E00090F8302010F8040C042A0CD9454B4649A9
:1045F0002A46022808BF19464448FFF77FFD04F801
:10460000076C3046E0E73C4F397889B13D4B3E4975
:104610002A46022808BF19463D48FFF76FFD40F6BD
:10462000CD42002320460BB0BDE8F04316F086BB18
:10463000013284F830200122022804F8072C3A7055
:1046400039D1344A3449704608F0C8FA14F804CC19
:1046500094F83030002842D0002694F8312004F835
:10466000076C013284F831203E702C4900902648B6
:104670002A46BCF1020F18BF01462948FFF73EFD4C
:1046800018F0A0F8D4E90E23821A94F8310061EBF7
:104690000303029094F830002946019014F80B0CA3
:1046A00000902048FFF72AFD4FF4404200232046A7
:1046B00016F044FBA5E705AEB0461B4A02F110090F
:1046C000B446106851680832ACE803004A456646B3
:1046D000F6D1127841468CF800200E4AB3E70A481A
:1046E00008492A46BCF1020F18BF01460F480BB01B
:1046F000BDE8F043FFF702BD4FCC0020E80C0020DE
:10470000FDFCFCFCA998020055960200B598020039
:10471000D798020054020020F3060020F49402000F
:104720000C9902003B990200745902008E99020014
:10473000012210B5054B1A70FFF788FCBDE8104048
:1047400040F686320023024816F02CBB62CF0020D0
:10475000B80C0020F0B52F480D46814216461C4685
:104760009BB003D000F11803994242D1002309E025
:1047700000F29C52954205D000F5AA6200F2B450B6
:1047800085423ED11D468EB384B3FFF7D1FF642C22
:1047900028BF6424002722463146684620F022FEC6
:1047A00004F168030DEB0304092D04F8687C13D8A9
:1047B0004FF4AA666E43184C06F59A7040F2FF3229
:1047C0006946204420F052FDA319D3F8342583F81C
:1047D00033750132C3F83425032268460F4920F0AF
:1047E00033FD80B969460E48FFF788FC01201BB0F5
:1047F000F0BD00234C3801330A2BB9D14FF0FF35FF
:10480000C1E71046F7E76A4629460648FFF776FCF7
:10481000ECE700BF340D0020E80C0020A36C020080
:10482000ABAF0200B799020070B5044688B010B96A
:10483000002008B070BD20490B785BB190F80031C2
:10484000002BF5D000F5807020F0C9FCB0FA80F0A4
:104850004009EEE7194D2B7823B9194E3378CBB9BF
:104860000120E6E790F8E03033B12946E03020F04F
:10487000B6FC0028F1D0DBE790F82631002BD7D02A
:104880002021B0F824310F4A684617F03FFA294634
:104890006846ECE72B78002BE2D194F8E030002B4F
:1048A000C6D03046FBF7D2FD3146024604F1E000A7
:1048B00020F0ADFCCAE700BF5ACE00209BCE0020FE
:1048C0007BCE0020D399020038B500240D4D95F819
:1048D0007C3073B195F87D305BB12B684BB195F8A6
:1048E0008430022B05D12846FFF79EFF08B12046F1
:1048F00038BD01340A2C05F5AA65E8D14FF0FF3028
:10490000F6E700BFE80C00202DE9F0410C780546E1
:104910000E46B4B90378063B012B01D9012011E002
:104920004778DFF8248023461034BC42F6D8686804
:1049300010224146184420F042FC0028F3D1012304
:1049400033700020BDE8F0818BB102002DE9F04109
:104950000C7805460E46B4B90378063B012B01D905
:10496000012011E04778DFF8248023461034BC4250
:10497000F6D8686810224146184420F020FC002830
:10498000F3D1012333700020BDE8F0817BB1020038
:1049900070B50C4607C88CB0237801AD85E80700D8
:1049A00013B900200CB070BD2046FBF74FFD20224C
:1049B0000021064604A820F03CFD2846084904AA28
:1049C0001AF0BAFD9DF81030002BEAD0324621468D
:1049D00004A820F039FCB0FA80F04009E2E700BFFB
:1049E000E1C70100002337B50D460446019310B915
:1049F000002003B030BD02220C4920F008FC00B9B1
:104A000002342378002BF3D01022204601A917F09E
:104A1000C9F9019BA342EBD01B78002BE8D1B0F57C
:104A2000803FE5D228800120E3E700BF2580020017
:104A300009282DE9F84307460D4678D84FF4AA64B3
:104A400044433C4E04F18800304420F066F93319A9
:104A500093F8813023B10020374B1870FFF792FB99
:104A60004FF4AA637B43F05804F14C09F218B144A7
:104A700004F1640888B1B2F8543013B149460EF01D
:104A800051FF4FF4AA637B43F218B2F86C2022B1B5
:104A9000F05806EB08010EF045FF35B14FF4AA635C
:104AA0007B43F05808B10BF027FF4FF4AA630024B2
:104AB0007B430022F518F45000232146C5E930233A
:104AC000C5E93223C5E9342348461822C5E91F4405
:104AD000C5E94B44A5F8B84085F8844085F8DF4027
:104AE00085F8E04085F8004185F8214185F82241AC
:104AF000A5F8244185F82641A5F82A4185F83441D6
:104B0000C5F8344520F095FC2146182206EB080034
:104B100020F08FFCAC220948C5F8384585F83C45A3
:104B2000214602FB0700BDE8F84320F082BCBDE847
:104B3000F88300BFE80C00204FCC0020C0650020A7
:104B400070B50D461446FFF727FA2A4601460D4870
:104B5000FFF7D4FAACB100200B4B84F88100187039
:104B6000FFF710FB94F87C305BB194F87D3043B9CB
:104B700004F188004FF44042BDE87040002316F075
:104B8000DDB870BDDA9902004FCC002010B50C469C
:104B9000FFF702FA0246F4B194F884301148022B70
:104BA0000CBF11491149FFF7A9FA0020104B84F8F6
:104BB00081001870FFF7E6FA94F87C308BB194F816
:104BC0007D3073B904F188004FF44042BDE81040D5
:104BD000002316F0B3B805490248BDE81040FFF7BE
:104BE0008DBA10BDF8990200A998020055960200EE
:104BF0004FCC002070B5144E357825B1BDE870401B
:104C00003220FFF7BFBA114C94F87F302BB9013531
:104C10000A2D04F5AA64F7D170BD94F87C30002BFE
:104C2000F5D02368002BF2D094F87D30002BEED124
:104C300094F88130002BEAD12046FFF74FFB337800
:104C4000002BE4D0E8E700BF4FCC0020E80C0020A8
:104C500070B50D460646FFF76BFD05B3104CA64236
:104C600013D1002305E004F5AA6204F25454A642CD
:104C700013D119462A460B48FFF740FA01220A4B86
:104C80001A70BDE87040FFF713BA0023043C0133EB
:104C90000A2BE8D14FF0FF31ECE71446F7E770BD7F
:104CA000EC0C0020129A020063CF002038B50D46AC
:104CB000044660B1074920F092FA20B12046064927
:104CC00020F08DFA18B9002301202B7038BD002088
:104CD000FCE700BF2F9A0200369A0200002230B58E
:104CE0000F4BADF20C4DD3E8EF1FC3E8E02F0028C7
:104CF000F9D1914202DD0B48FFF700FA0A4C0B4D47
:104D0000002200236946204615F068FC10B10DF220
:104D10000C4D30BD6946284602AAFFF7EFF9EFE7D0
:104D2000686500203B9A0200BC080020599A0200E6
:104D30002DE9F04389B02B4BD3E8AF7F00252A4CF7
:104D4000DFF8A8802A4EDFF8AC9094F87C3013B9D5
:104D5000D4F84035F3B194F82611002937D04A46EB
:104D60000821B4F8243106A816F0D0FF0497B4F84F
:104D7000483529460393D4F8443540460293D4F885
:104D8000403506AA019394F87D30009394F87C3066
:104D9000FFF7B4F901350A2D04F5AA64D5D11EF048
:104DA00064FA04461EF064FA054617F00BFD2A4625
:104DB000CDE9000121461048FFF7A0F94FF4203259
:104DC00000230E4809B0BDE8F04315F0EBBF306892
:104DD000B288B3790690ADF81C208DF81E308DF89E
:104DE0001F10C3E768650020E80C00206F9A0200DE
:104DF000689A0200D3990200C59A0200880C00202C
:104E000030B5154D01462B78ADF20C4DEBB10024B9
:104E10000722684620F02AFA40F2FF32294602A80B
:104E20008DF8074020F022FA8DF807440022002375
:104E300069460A4815F07CFB50B1094BD3E8EF1FD7
:104E40000131C3E8E21F002AF8D10DF20C4D30BD4C
:104E5000044815F0C9FEF8E74FC80020BC08002040
:104E6000686500206C65002070B503788AB0044640
:104E70000E4607AD032B20D8DFE803F002191B1DF7
:104E800011492846FBF7DAFA059563781E21049349
:104E9000A37830460393E3780C4A02932379019375
:104EA00063790093A37916F031FF0AB070BD084909
:104EB000E7E70849E5E70849E3E70A212846074A02
:104EC00016F024FFE0E700BFE69A02000F9B020005
:104ED000ED9A0200F49A0200FE9A0200089B02007A
:104EE0002DE9F0410F46504E8CB0054634681BF05A
:104EF000A8F904A9FFF7B8FFFFF71AFC9FB13B46DA
:104F000021464A4804AAFFF7F9F8092C03D80121E1
:104F10002046FFF78DFD4FF0FF333360FFF748F970
:104F20000CB0BDE8F081092C08D904A94048FFF76E
:104F3000E5F8132128461BF0A2F9F1E73D4B1B7859
:104F400083B904AA21463C48FFF7D8F81321284624
:104F50001BF095F901212046FFF76AFD4FF0FF3362
:104F60003360DDE74FF4AA63344D02AF03FB045313
:104F700093F82681B8F1000F4AD008213846B3F8DB
:104F800024312F4A16F0C2FE4FF4AA636343EA1895
:104F900092F8E020002A43D0E0332B4404AA2146B3
:104FA00028480097FFF7AAF84FF4AA6161436F18E9
:104FB00097F88400FEF7DEFF97F8003102468BB3C6
:104FC00001F580732B444FF4AA6161436F1869584F
:104FD0001D48019197F87D1000912146FFF78EF84A
:104FE0001A4A1378013313704FF0FF3333600123F3
:104FF00087F87C304FF48073A7F87E30002387F861
:10500000813017F0DFFBC7E93001FFF751F887E780
:10501000072238460E4920F029F98DF80F80B3E7B2
:105020000B4BBBE70A4BCEE764020020329B020029
:105030005B9B020048070020859B0200E80C0020D3
:10504000D3990200C89B0200E99B020068CF0020B0
:105050005A9502002DE9F047814615460F4621B9C1
:105060006FF015042046BDE8F087002AF8D0FFF75E
:105070002BFC041E50DBB9F1000FF1D0DFF8A48047
:1050800098F80030002B4AD1274E002200233046EA
:1050900015F006FC0028F8D00026244B244AA3F182
:1050A0000A0143F80A2C1E605E601E8101234B60DA
:1050B00088F800304FF4AA631E4A5C4316606FF014
:1050C0000A021D4BA1F80890DFF870A0DFF870907D
:1050D000185989F80060CAF800200EF0FFFA04465B
:1050E00010B188F80060BDE74FF4404200230E483D
:1050F00015F0D6FB20B188F800406FF07304B1E7DB
:10510000DAF80040002CADD1013D2A464946384628
:1051100020F0ACF87C55A5E76FF07F04A2E76FF0B4
:105120000F049FE750CC0020A46500209A65002062
:105130005D5400008C650020E80C00206002002017
:1051400051CC002070B5104D2B78DBB106260BF04A
:105150007FF8044680B110F1780F0DD010F1100FD8
:1051600006D14FF44D70002116F012F9013EEED138
:1051700021460648FEF7C2FF00232B70BDE87040B1
:10518000FEF796BF70BD00BF67CF00201E9C0200D7
:105190002DE9F04F8FB017F015FB9A4B80461B7826
:1051A0008946002B00F0A180974F3C68092C34D829
:1051B0004FF4AA606043954D291891F87C3063BB89
:1051C000D1E93223012A73F1000626DB41F2717620
:1051D000B8EB020269EB0303B24273F100061CDB79
:1051E00091F80011002979D000F5807028442146FB
:1051F00000908748FEF782FF4FF4AA635C4328596A
:1052000010B113211BF03BF801213868FFF710FCA7
:105210004FF0FF333B60FEF7CBFF7E4B1B78002B3C
:1052200063D03B68002B60DADFF8ECA19AF800301D
:10523000092B5AD8794B754D1B78012B15D10023BA
:105240002A46194692F88400022807D192F87C0079
:1052500020B192F87D0008B90133DBB201310A298F
:1052600002F5AA62EED1002B3FD10024674B93F8E0
:105270007E20AAB393F8DF2092B31A6882BB93F81A
:105280007C206ABB4FF4AA63634355F803B0BBF1BB
:10529000000F2DD1D8332B441946584605930BF0F7
:1052A000A3FD059B064618B3184606A9FFF7DCFDCB
:1052B00006AA21465A48FEF721FF132130461AF06C
:1052C000DEFF30460BF018FB59462046FFF7B0FBD7
:1052D0004FF0FF333B60FEF76BFF06E0514886E777
:1052E00001340A2C03F5AA63C1D10FB0BDE8F08FD9
:1052F0004FF4AA6303FB0453D3E93423012A73F167
:10530000000108DBB8EB020269EB0303B2F5967FFC
:1053100073F10003E9DB4FF4AA66664305EB060B65
:105320009BF88400FEF726FE9BF8002103469BF8BD
:10533000DF10C2B306F580762E449AF80020DFF81D
:10534000E8A002929AF800203848CDE900620A46A7
:105350002146FEF7D3FE9AF800305BB34FF00A0BFC
:105360000AF076FF064668B110F1780F0AD010F106
:10537000100F07D140F26760002116F009F8BBF169
:10538000010BEDD1324621469AF800302848FEF74D
:10539000B5FE56B1783608D0214626480FB0BDE894
:1053A000F04FFEF7ABBE1F4EC7E700238AF8003070
:1053B000FEF77EFE4FF4AA6A0AFB04FA1E4B06AE05
:1053C0000FCB05EB0A0C86E80F000AF1D800314636
:1053D00063461A4A2844CCE932893C600BF0E2FD6E
:1053E00006460246214655F80A301548FEF786FE65
:1053F000002E3FF47AAF214632461248FEF77EFE79
:10540000012162E74807002064020020E80C002028
:10541000569C02004907002068CF0020BCCE002027
:10542000A99C02005A95020067CF0020FB9C020055
:105430004D9D0200899D02008859020054640200BB
:10544000D29D0200F59D020008B5034818F03AFA13
:10545000BDE80840FFF79CBE119E0200F8B50C465F
:105460001946144BBDF8185093420AD1124F134EEF
:105470004CB16FF004033B6000233370104815F00B
:10548000EBF90020F8BD0F4B01B135B91B68002BBB
:105490000CBF6FF03C030023EDE7FF2D28BFFF2575
:1054A0001D60094B2A4618461FF09CFF3C6044557E
:1054B0003470E3E7906500206002002050CC0020AB
:1054C000A46500208C65002051CC00202DE9F04F10
:1054D00095B003780646202B00F10100F9D0092B86
:1054E000F7D0002B00F0C88000253046FAF7AEFF59
:1054F000A8462F46624CDFF88C91DFF88CA107900C
:1055000094F87830002B52D094F87930002B4ED09C
:1055100054F8043C002B4AD0201F08F10108FFF783
:1055200083F9002871D194F822318DF8300033B11D
:105530002021B4F82031554A0CA816F0E7FB544B53
:1055400054491878FEF704FD99F800300890002BB4
:105550000CBF53464B4609930B78002B08BF5146AE
:1055600094F8DC30002B49D004F1DC0B9DF830308E
:10557000002B46D00CAB94F8FC20002A43D004F159
:10558000FC0294F88000CDE90A32FEF7F3FC94F8AF
:1055900079C00B9A0A9BCDE9040CCDE901B30392C3
:1055A00000913D483946DDE90823FEF7A7FD0137A4
:1055B0000A2F04F5AA64A3D1E5B9354B354918780B
:1055C000FEF7C6FC304D0C782E4B002C08BF294648
:1055D000324C024626781878002E08BF2C46002848
:1055E00008BF2B46CDE900142D484146FEF786FD45
:1055F0006FF07F05284615B0BDE8F08FDFF888B062
:10560000B4E7214BB7E7204ABBE794F88020BDF808
:105610001C30022A1ED10021CDE901110091324631
:10562000B4F8261154F8040C1CF0FEFC024628B114
:10563000334639461B48FEF761FDB8E794F8FC3065
:1056400001352BB104F1FC03324639461648F2E726
:105650000D4BF9E71A463146204607F055FD024644
:1056600018B1334639461148E5E732463946104805
:105670000135FEF743FD9AE76FF01505BAE700BF65
:10568000EC0C00209BCE00205A950200D39902001A
:10569000BCCE00205ACE00203B9E02007BCE0020D4
:1056A000439F0200BB9E0200E49E0200079F02008F
:1056B0002C9F02002DE9F04FBDB015AB07460C46FC
:1056C00007C983E80700AF4B93F800A0BAF1000FB9
:1056D0000DD1AD4B19680131196001F01F03012B89
:1056E00002D1AA48FEF70AFD3DB0BDE8F08F3B8924
:1056F000DB07F9D5A6492046FFF74AF9A5490F90DF
:105700002046FFF745F94FF000090DF1CC080B904A
:1057100094E8070088E8070040469F492BAA8DF8C7
:10572000AC9019F009FF94E807009DF8AC3088E8C8
:105730000700404699492BAA8DF8AC900E9319F0BA
:10574000FBFE94E807009DF8AC3088E8070040466F
:1057500093492BAA8DF8AC90109319F0EDFE94E8C4
:1057600007009DF8AC304FF6FF7B0D93FF2388E8D0
:10577000070040468B492BAA8DF8AC3019F0DCFEAF
:1057800094E8070088E80700404687492BAA9DF85F
:10579000AC50ADF8ACB019F0CFFE94E80700BDF8FE
:1057A000AC6000235E4508BF4E460DF1AC0B88E8A7
:1057B00007005A4640467D4914BFD146B1468DF890
:1057C000AC3019F0B9FE9DF8AC300C935A1E002392
:1057D000072A84BF0C930A934FF0000394E8070054
:1057E0008BE807005846724933AA8DF8CC3098BF31
:1057F000CDF828A019F0A0FE9DF8CC30002B40F089
:105800000E838DF8CC306B490B78002B33D09DF88C
:10581000CC30002B32D033A81FF0E1FCB0FA80F876
:105820004FEA58182022002123A81FF002FE6249E7
:1058300023AA15A819F080FE604B1B78B9F1000F60
:1058400040F08380022B1BD0012B7FF44DAF9DF8DD
:10585000CC30002B40F0C380594B1B78002B7FF4D9
:1058600043AF544B1B78002B3FF43EAFB8F1000F11
:1058700040F0068138E74FF00108D3E79846D1E7BA
:1058800023A8CDF8AC90FAF7E1FD06287FF42CAF01
:105890009DF88C30A3F16102192A98BF203B422B5E
:1058A0007FF422AF9DF88D30A3F16102192A98BFD1
:1058B000203B532B7FF418AF022223A9535CA3F1A2
:1058C0003000092805D923F02003413B052B3FF682
:1058D0000BAF0132062AF1D110222BA90DF18E0057
:1058E00016F060FA2B99354A09B91378ACE70978B4
:1058F00013780029A8D1B0F5803FF6D2012B86B2EB
:1059000068D05546022B40F042812E4B1B78002B6D
:1059100000F0D6802C4B1B78002B40F0D180304615
:10592000FEF74EFB002840F0CB8038682BA9FFF72C
:105930009BFA0821254A33461BA816F0E7F92448AC
:105940001BAA2BA9FEF7DAFBCEE6012B03D0FF3D05
:1059500018BF0125D6E79DF8CC30002B3FD10B9B1B
:10596000002B6CD0164B1B78002B7FF4BDAE114B77
:105970001B78002B3FF4B8AEB8F1000F3FF4B4AE83
:10598000554684E048070020BC650020A29F020025
:105990002580020054950200094900004D4900008D
:1059A00055C7010091C7010083C801004BC8010021
:1059B000E53F00005ACE0020E1C70100BCCE002028
:1059C00059CE002060CF00205ECF0020D399020086
:1059D0007CA002009DF8CC30002BC0D0D1464FF007
:1059E000000B844D2B782BB1284633A91FF0F7FB11
:1059F00000283BD00BF1010BBBF1080F05F121058D
:105A0000F0D100230B9A002A32D10A9A002A2FD112
:105A1000002B2DD1B9F1000F14D1774B1B78002B3F
:105A20003FF41FAF38682BA9FFF71EFA4B467348A7
:105A3000CDF8009033AA2BA9FEF760FB54E60A9B31
:105A4000002B8FD138682BA9FFF70EFA33460821B7
:105A50006B4A1BA816F05AF99DF8CC3093B133ABC2
:105A600068481BAA2BA9FEF749FB3DE65346C9E748
:105A7000614B1D78B9F1000F06D1002D3FF4F1AE56
:105A8000002504E0604BEBE7002D3FF470AFDFF83A
:105A90007CB14FF0000AD9463B6899F8DF20002A14
:105AA00000F0C8801846072209F1D80111931FF0B1
:105AB00086FB119B002840F0BD80FEF739FE13E6FF
:105AC00053490B7833B19DF8CC30F3B133A81FF0B4
:105AD00086FBD0B94F490B78002B38D09DF88C301D
:105AE00023B123A81FF07BFB002850D008213346A8
:105AF000434A2BA816F00AF946492BA81FF06FFB62
:105B0000B0FA80F04009002841D138682BA9FFF78E
:105B1000ABF9334608213A4A1BA816F0F7F83E4A7B
:105B2000394811783B4B002908BF024638491C7898
:105B30000D78002C08BF0346002D08BF01463748EA
:105B4000CDE900211BAA2BA9FEF7D8FACCE5DFF896
:105B5000C89099F80030D3B19DF88C3043B14846D5
:105B6000FAF774FC4946024623A81FF050FB70B1B7
:105B700033460821224A2BA816F0C8F82648FAF71F
:105B800065FC254902462BA81FF041FBB8E7DFF86A
:105B9000909099F80030022B0BD100230622214966
:105BA00002FB03F0085C002840F04A8101330A2B15
:105BB000F6D10F9BC3B90E9BC3B90D9BC3B9002D82
:105BC0007FF465AF109B002B3FF48EAD38682BA996
:105BD000FFF74AF999F800001349144B2BAA012842
:105BE00008BF19461248ADE60F9D50E70E9D4EE7DF
:105BF0000D9D4CE751CD002059CE002023A002007E
:105C0000D3990200E99F02005A950200E80C002097
:105C10005ACE00209BCE00207BCE0020BBA00200ED
:105C2000BCCE0020B8940020AE6402009D93020018
:105C300048A102000AF1010ABAF10A0F09F5AA699E
:105C40007FF42BAF0DF1600994E8070089E80700A5
:105C500018461BA9FFF708F9202200212BA81FF0E6
:105C6000E8FB484680492BAA19F066FC002D00F09D
:105C7000BE80334608217D4A13A816F047F89DF8E8
:105C8000AC3097F90540002B00F0B9802BA99DF8A6
:105C9000CC30002B00F0B5800DF1CC09DFF8D0A19D
:105CA0009AF80000FEF754F93B89224609930D9BB0
:105CB000CDE901900893109B6E4807930E9B0693C5
:105CC0000B9B05930F9BCDE9038313AB00930B460E
:105CD0001BA9FEF713FA684B1B68002BBFF604AD37
:105CE000664B1B78092B3FF6FFAC4FF00009DBF841
:105CF0000030002B40F088809BF8DF30002B40F014
:105D000083804FF4AA6808FB09F83A685C4C106875
:105D100008F1D80C44F80C00908892790CEB04013F
:105D20008A71012204EB080B88808BF8DF209DF834
:105D30008C2052B108F1E0001F2223A920440B93CC
:105D40001FF094FA0B9B8BF8FF309DF8CC306BB1B1
:105D500008F58070202233A920441FF087FA4FF401
:105D6000AA63002203FB094383F820214FF4AA6BA6
:105D700000230BFB094B8BF821318BF822310C9B54
:105D8000ABF824618BF827310A9B8BF826518BF8EE
:105D9000283101238BF87E3016F014FD9AF800307C
:105DA000CBE93401012B14BF012302238BF884308B
:105DB000344B1B78002B3FF497AC38682BA9FFF7C6
:105DC00053F89BF88400FEF7D5F89BF800310146A4
:105DD0001BB308F5807844449AF80000FEF7B8F841
:105DE0000B46CDE90040494627482BAAACE60722DE
:105DF000264913A81FF03AFA8DF853503FE723497C
:105E000045E7DFF8889049E709F10109B9F10A0F80
:105E10000BF5AA6B7FF46BAF66E41C4CDCE70A9BC6
:105E2000002B3FF4F0AC0C9BDFF864C0581E00EB75
:105E300040102121174A33AB604415F067FFE2E4BC
:105E40003046FEF7BDF800287FF4B3AE38682BA9C2
:105E5000FFF70AF80821054A33461BA815F056FF3C
:105E60000D481BAA2BA96DE5E1C70100D3990200DB
:105E7000BCCE002085A102006402002068CF002073
:105E8000E80C00204907002005A202005A950200F4
:105E900051CD00200DA8020006A102002DE9F04F0F
:105EA0000024DFB0142221461DA8CDE91144ADF82D
:105EB0004C401FF0BEFA282221462CA8CDE91444FC
:105EC000CDE91A44CDE91744ADF858401C94ADF81B
:105ED00064401FF0AEFA0623A84A03FB04F1515CAC
:105EE0000B9111B901340A2CF7D1A54B1B7843B1A2
:105EF0000122A44BA4481A705FB0BDE8F04FFEF732
:105F0000FDB89A46A14AA24D167895F87C205C1CF3
:105F10002AB90A2C23461DD005F5AA65F5E795F8A0
:105F20007D30002BF5D095F82631002BF1D02EB91D
:105F3000B5F82401FEF744F80028EAD05EAB03EB85
:105F40008A030A2C43F8F05C0AF10102234640F070
:105F5000AF8092460DF18809C84601275745C0F029
:105F6000AE80BAF1000F00F0928214AC22460023FA
:105F70000133534502F8013BFAD1864B42F6CE5825
:105F800093F800B049F2363E002349F25A514CF6DC
:105F9000F4404DF691464FF26F677F4D59F8042B50
:105FA00092F826C1BCF1000F00F0FC80BBF10A0F93
:105FB00040F0F880B2F82421424500F0C8807245D4
:105FC00000F0C7808A4200F0C680824200F0C5809F
:105FD000B24200F0C480BA4240F0E480052205EBF2
:105FE0008202D278092A00F2DD8001335345D5D1EF
:105FF0000B9B002B00F0D6800026DFF8A08111AFAC
:1060000022AB53F82630B3F8242142F6CE539A42FD
:1060100000F0A78049F236339A4200F0A48049F29A
:106020005A539A4200F0A1804CF6F4439A4200F091
:106030009E804DF691439A4200F09B804FF26F6331
:106040009A4240F09880052305EB83018B78C8784D
:1060500001210DF1740C07F8011B81402CF816107A
:1060600089B204F8013B02910A21CDE900013146D1
:1060700040460136FEF742F85645C1D1484A00264F
:1060800013780133137016F09DFB00F59C53083311
:106090000D930FFA8BF303EB83035B000E931DABA1
:1060A00033F8168018F0010F40F08881012382E157
:1060B0000A2A3FF44EAF924605F5AA6525E758F83F
:1060C000045F002D41D0C3463E4605F1E00358F879
:1060D000044C0C9364B195F8263183B194F82631C1
:1060E0006BB1B5F82421B4F824319A4207D015D306
:1060F0005EAB03EB860646F8F05C01372EE795F8B9
:10610000E03093B194F8E0307BB10C9804F1E001F9
:10611000FAF78AF948B1C00F0028E9D0013E4BF8E0
:106120000449E5D05BF8044CD4E795F8DF30002B48
:10613000DED094F8DF30002BDAD0072204F1D8014A
:1061400005F1D8001FF03BF8E5E73E46D0E7002216
:1061500045E7012243E7022241E703223FE7042209
:106160003DE7002370E701236EE702236CE703237A
:106170006AE7042368E70020034669E7B894002033
:1061800060CF00205FCF00203BA202005ECF002046
:10619000E80C00204A0700203C6402005CA20200D8
:1061A00061CF002064270FFA8BF31BFB07F74FF03A
:1061B000000B03EB83035FFA8AF45B0003FB04F537
:1061C0000B934FF0FF382346DC4604EB840605F5BD
:1061D000FA7576004FF47A720020B5FBF2F20DF1F9
:1061E000D80EB5F57A7FD2B2F14638BF012201460A
:1061F000CDE936CCADF8E0C001301144504509F886
:10620000012BC9B2F8D199421ED8002189461EF847
:10621000012BA44801314243B2FBF6F2BA428CBFD3
:10622000D21BBA1A51459144F1D1C14502D30BD1C9
:106230009B4509D2C8469B460DF1440E36AA07CAB3
:10624000AEE80300AEF8002001330B9ADBB20D2B51
:10625000154406F10A06BDD1BBF1000F05D1524627
:10626000012111A81FF0E5F8A3460023194611AA41
:1062700012F8010B013301445345C9B2F8D1594515
:1062800028BF594611F0FF014FF0000348D10B46DB
:1062900000261AA80C900DF1740E0DF15C08F2B2F4
:1062A0009A42BFF4EBAE17AA2CAC0B924FF0004C05
:1062B0004FF0FF320025A14611AF0B9911F8010BE9
:1062C0000B9117F8011B884206D2206801446145F2
:1062D000C4BF2A468C4621600135554504F10404AB
:1062E000EBD1511C3FF4CAAE59F822100136C91A3D
:1062F00049F82210D2B2FF2A3FF4C0AE0C983EF803
:10630000124010F8011B0C90012000FA01F121430A
:106310002EF8121018F80210014408F80210BEE717
:106320000127CDE936330BF1FF34389348081AAD15
:10633000E4B2B0FBF1F2D2B2934598BF224636AE3A
:106340001644934516D916F801CBBCF1000F0ED1B7
:10635000013302F5BC76DBB26E44994206F8A07CAC
:1063600005F8012B94D00C2B5844E2D10EE00132F9
:10637000D2B2E6E7002236AE16F801CBBCF1000F30
:106380000ED001325FFA82FCE345F5D899423FF422
:106390007FAF5A4644485FB0BDE8F04FFDF7AEBE50
:1063A000D2B29345D4D8F1E701229A4018EA020FFD
:1063B00003F1010303D1DFB2BB45F5D8002716F086
:1063C00001FA0D9BA3EB000922AB53F8265014AB46
:1063D000F35C29EAE9790B93344B1B780C93002D7D
:1063E0003AD095F87D30002B36D095F87C30002BD4
:1063F00032D00C9B4FF0090CCDE9059300240A2301
:10640000A021CDE9033C2A4A0B9BCDE90744CDE905
:1064100001B8009736A815F079FC2B1D36A80F930C
:10642000FAF714F80F9B82B236A9184606F06CFEF4
:10643000204A01460F9B002846D0934205D0043ADB
:1064400001340A2C26D14FF0FF3400913B462146FF
:106450000B9A1948FDF752FE11ABF15C114B0E98E7
:106460004B43B3FBF0F3B5F82421CDE903B3CDE9F9
:106470000181124BCDF814901B78314600931048DF
:10648000104B0136FDF73AFE56457FF408AE5FB07B
:10649000BDE8F08F02F5AA6002F254529342D4D0C4
:1064A0000246CDE7A08601009FA2020061CF002036
:1064B000D3A20200EC0C002032A302004A07002005
:1064C000CAA302002F9A02000B98934285F8380560
:1064D0004FF0010085F8390585F83B050C9885F8E3
:1064E0003A7585F83C0505D0104A01310A2914D1C6
:1064F0004FF0FF3100230C98B5F82421CDE9053089
:10650000079309200A23CDE901B8CDE903300097AC
:106510000B9B0748FDF7F2FD9EE702F5AA6002F229
:1065200054529342E6D00246DFE700BFE80C002059
:106530005EA302002DE9F043B24DB34B4D1B2D116C
:106540005D43B24B06461F780C468FB027B1B04F63
:106550003B78002B08BF0027304618F042F8252270
:10656000006804A908F072FA94F88400FDF702FDAF
:1065700094F80031024663B304F580732946A548B8
:10658000009304ABFDF7BAFD0020A34B84F8810013
:106590001870FDF7F7FD94F88430022B40F0D58099
:1065A00094F80031BBB104F5807229469B48FDF791
:1065B000A5FD30469A4918F038F8074668B92946CB
:1065C0009848FDF79BFD304618F080F80FB0BDE805
:1065D000F083954BD2E7944AE7E70146904A30466C
:1065E00018F062F810B929469048EAE783883946DE
:1065F000A4F82C3100238DF8083042F602133046FF
:1066000002AAADF80A3018F04FF810B18388A4F848
:106610002E318749304618F008F8014610B929464E
:106620008448CEE73046824A18F03EF810B9294631
:106630008148C6E7838881493046A4F82A3117F09B
:10664000F4FF074610B929467D48BAE701467B4A60
:10665000304618F029F810B929467A48B1E78388FE
:106660003946A4F8303100238DF80C3042F602137D
:10667000304603AAADF80E3018F016F810B1838832
:10668000A4F83231B4F82E31F3B16F4AA4F8563081
:10669000E2640122A4F85820B4F82C2104F15C0330
:1066A000A4F85420D3E8EF1F41F00101C3E8E21F32
:1066B000002AF7D104F14C0120680DF0E3F82946D7
:1066C00002466248FDF71AFDB4F83231DBB15E4A8A
:1066D000D4F8303162660122E366A4F8702004F138
:1066E0007403D3E8EF1F41F00101C3E8E21F002A61
:1066F000F7D104F1640120680DF0C4F82946024680
:106700005348FDF7FBFC012384F87D30002394F807
:10671000001184F8B830B4F82A21B4F8303191B1BE
:1067200004F5807429464B480094FDF7E7FCFDF71B
:10673000BFFCFEF72DFD484B1B78092B3FF643AFFE
:10674000FDF736FD3FE7384CECE704F10409494614
:10675000304606F007FD024620B129463F48FDF7C6
:10676000CDFC30E7484606F0A3FD024610B12946AD
:106770003B48F4E74FF00108294684F8810084F88B
:10678000B80084F87D803748FDF7B8FCFDF790FC31
:10679000A7B194F880308BB92046FEF745F8A0B930
:1067A00094F800316BB104F5807294F8E03053B185
:1067B00004F1E00329462C48FDF7A0FCFFF76EFB2F
:1067C000B7E7194AF1E7184BF4E73846F9F73EFE08
:1067D000394682B2484606F097FC024648B129463F
:1067E0002248FDF78BFC224B83F80080FDF760FC0C
:1067F000E4E73A4629461F4884F88080FDF77EFC8E
:10680000DCE700BFE80C0020FDFCFCFCBDCE002056
:10681000BECE002038A402004FCC002072A402009B
:10682000260700209AA402005A950200C8A402007C
:1068300015070020EDA402001BA50200040700209C
:1068400040A502006FA502005547000095A5020073
:10685000BCA50200E4A5020068CF002024A6020027
:1068600046A6020064A6020078A60200B3A60200B3
:1068700063CF0020D5A6020070B58AB00E4605464B
:10688000FDF78AFB0446284619F0DBFC02A9FEF757
:10689000EBFAFDF74DFF002C2CDB4FF4AA631F4DE4
:1068A00003FB045595F88400FDF764FB95F87D30F3
:1068B000CDE9000321463346194802AAFDF71EFC24
:1068C000002C184D19DB01212046FEF7B1F82B787A
:1068D0000BB1013B2B70FDF7EBFBFFF7DFFA124B1F
:1068E000197879B10139C9B210481970FDF706FC61
:1068F0000AB070BD00230E48DAE729780D48FDF78D
:10690000FDFBE8E70C4B1B7823B1FDF751FCFEF7CC
:106910003FFCEDE70948FDF7F1FBE9E7E80C002053
:10692000F8A6020068CF002066CF002063A702000F
:10693000B66A02002DA7020048070020A8A702009F
:106940002DE9F04FAB4D8846A8429146A5B0A5F180
:1069500004055DD1002405E003F5AA6203F2545357
:10696000984266D1FDF7E4FE4FF4AA6303FB04539B
:10697000D3F84025A3F848950132C3F84025D3F851
:106980004425A2464A44C3F8442500229A4B1A7073
:10699000B8F1000F4FD140F2FF3397484B4528BF65
:1069A0004B464146044603EB0805A94240F00183EB
:1069B0000022E254BAF1FF3F40F00D828F4B18687D
:1069C0009A889B791E908DF87E3000231EA8ADF822
:1069D0007C208DF87F30FEF713FA49464046884AFE
:1069E00015F013FF58B949464046864A15F00DFF89
:1069F00028B949464046844A15F007FF10B10122E4
:106A0000824B1A70FDF754FB012025B0BDE8F08FD2
:106A10002B46002401340A2C9ED1FDF789FE00226A
:106A2000754B1A70B8F1000F40F0FE804FF0FF3A3E
:106A3000B1E71346EEE7B9F1040FACD998F800308E
:106A4000422B00F0FD80432BA5D198F801304D2B4F
:106A5000A1D198F803300B9398F804300E9398F86E
:106A60000230012B40F0B7810B9B002B00F0B3816B
:106A7000182305220B9913FB01239945C0F0AB8124
:106A8000AC26634F5C4A06FB04730C93002306FBA1
:106A90000AF69B46137008F10505BB19284615F048
:106AA00057FE6A790D900F92AA7905F108001092AD
:106AB00015F04EFE119005F10C0015F049FE1290F4
:106AC00005F1100015F044FE139005F1140015F0C7
:106AD0003FFE1A782C7914901AB15A680D99914298
:106AE0000ED0AC2200210C9815931EF0A2FC40F2AF
:106AF00001110E9BBA19B95393700D9B5360159BEE
:106B0000072C1AD8142202FB04623A44127B12B9F1
:106B10001A7A01321A72142202FB046401223C44E4
:106B200022730F9A6273109AA273119A2261129AB9
:106B30006261139AA261149AE2610B990BF1010B45
:106B40005FFA8BF2914205F11805A7D8AC22304BC1
:106B500002FB0A331B7A002B00F03D8100252E46F4
:106B60000C9CDFF8B0B0237B002B38D0AC21284A36
:106B7000214B01FB0A22F0185178D2F804C0264BB1
:106B8000627B002E18BF5B46032A96BFDFF88CE0BD
:106B9000234A5EF82220D4F81CE0C6F58067CDF8C1
:106BA00020E0D4F818E0CDF81CE094F80EE0CDF821
:106BB00018E0D4F814E0CDF814E0D4F810E0009117
:106BC000CDE9032E3946CDE901C5164A15F09EF8E8
:106BD0000028FFF6EFAE87427FF6ECAE06440135A3
:106BE000082D04F11404BED1AC2200210C981EF033
:106BF00020FCF0E0EC0C00204FC80020689A020056
:106C000029AA020035AA02003CAA020063CF002094
:106C1000C0650020E0A70200B0700500185B02000C
:106C20002B65020016A80200B9F1040F7FF6FEAE34
:106C300098F80030422B7FF4F9AE4FF0FF34A246B3
:106C400098F80130502B7FF4A6AE98F8023098F8EF
:106C500003B0012B0FD0BBF1010F7FF49CAE002BD2
:106C60003FF499AE1822052112FB03124A453FF664
:106C700092AE9B460AE0BBF1000F3FF48CAE1823A6
:106C8000052213FB0B234B453FF685AE00273E46FE
:106C900008F10505284615F05BFDEB880C9005F121
:106CA00008000B9315F054FD0D9005F10C0015F044
:106CB0004FFD0E9005F1100015F04AFD0F900020D9
:106CC000AB8A84461193EB8A2A791293012369795E
:106CD00021FA00FE1EF0010F08D1072817D06346E5
:106CE0000CF1010E01309C467346F1E70CF1900C5B
:106CF000EC4400F1410E07280CF810EC08D00F2BE3
:106D000003F1010E00F10100EDD10F2300E0634615
:106D1000002190336B4403F8101CB14BDFF8C4C260
:106D2000F018B14BDFF8C0E2002F18BF6346022A0B
:106D300098BFDFF8B8C2109398BF5CF822C00B9BD5
:106D4000AB4A88BFDFF8ACC2002B18BF7246129B5B
:106D500008920693119B20AA05930F9BC6F58061AC
:106D600004930E9B079203930D9BA34ACDE901C3A5
:106D70000C9B0C910093109B14F0C8FF0028C0F2EC
:106D800012810C99814240F20E810B9B06447BB12B
:106D90009348C6F58061994A30440B9114F0B6FFD0
:106DA0000028C0F200810B99814240F2FC80064429
:106DB0000137FFB2BB4505F118057FF46BAF092C15
:106DC0003FF6FCAD98F80030432B04D198F8013021
:106DD0004D2B3FF43EAE4FF4AA63DFF824B203FB21
:106DE0000AB393F82621002A00F0ED800821B3F8B9
:106DF0002431844A1EA814F089FF1EA8FEF700F86B
:106E000049464046804A15F000FD58B9494640467B
:106E10007E4A15F0FAFC28B9494640467C4A15F0EE
:106E2000F4FC30B14FF4AA63012203FB0AB383F8E8
:106E3000822049464046774A15F0E7FC00283ED0BC
:106E40000023CDE91733CDE91933CDE91B331D9369
:106E500020931AAB019320AF19AB1DAE1CAD1BAC38
:106E600000936D495E48059704960395029418AB0C
:106E700017AA14F077FF022840F3E6804FF4AA61C6
:106E8000012001FB0AB1179A81F8390581F83B0509
:106E9000189B1D9881F8382581F83C0581F83A3512
:106EA0002099CDE904011C995C4803911B9902913A
:106EB0001A990191199900915146FDF71FF9494618
:106EC0004046574A15F0A1FCF0B1002355498DF812
:106ED00074308DF88030424820AB1DAA14F042FF78
:106EE000002811DD4FF4AA61454B9DF8742001FB89
:106EF0000A33012183F83A2583F83B154A48514665
:106F00009DF88030FDF7FAF849464046474A15F0AB
:106F10007CFC18B3002320ACCDE92033CDE922332B
:106F20008DF870301D9342492D4800941DAB1CAA6A
:106F300014F018FF012811DD4FF4AA61304B9DF8C1
:106F4000702001FB0A33012183F83A2583F83B15B1
:106F5000384851461D9B0094FDF7D0F849464046FD
:106F6000354A15F052FC38B14FF4AA62244B02FBAB
:106F70000A33012283F88320494640462F4A15F000
:106F800044FC38B9494640462D4A15F03EFC0028DD
:106F90003FF423AD4FF4AA62194B02FB0A330022DF
:106FA000A3F8822019E5092C3FF6F5AC98F80030DB
:106FB00049E511F8012BA2F120065E2E88BF2E2292
:106FC00000F8012BF1E41F4B8DF87F201868998899
:106FD0009B791E90ADF87C108DF87E300DE700BFD8
:106FE0004FC80020E0A70200B0700500285B020037
:106FF000E4B502002B650200E2A7020010A802001F
:10700000E80C0020D399020036A8020046A802002E
:1070100050A802005DA8020064A80200B8A80200FF
:1070200053A902005FA902007FA90200A9A90200DA
:10703000B4A90200D2A90200F9A902000AAA02001A
:107040001BAA0200689A02001AAB019319AB0093C5
:10705000CDE90467CDE902450449054818AB17AAF4
:1070600014F080FE02283FF709AF28E70DA90200BF
:107070004FC8002038B50A25094C94F87F3053B129
:1070800094F87D303BB994F87C3023B1236813B178
:107090002046FDF723F9013D04F5AA64EDD138BD82
:1070A000E80C0020F0B585B010F0FEFF014670B18D
:1070B0004748FDF723F8002008F060F9044698B12E
:1070C00001464448FDF71AF8204605B0F0BD0122FC
:1070D000414B424942481A701DF011FEFCF7E8FF8F
:1070E0004048FDF70BF8E6E707F044FF01463E484D
:1070F000FDF704F817F07FF9054607F03BFF294636
:10710000254602463948FCF7F9FF394B394E0193C1
:10711000394B03940293304601A917F039FB04461A
:1071200038B1024629463548FCF7E8FF2146344885
:10713000C8E701350A2D06F5AA66ECD107F01AFF5B
:1071400001463048FCF7DAFF2F4809F00DFE2F48C2
:1071500009F086F8012221462D481DF0E2FC2D4958
:107160002D481DF061FD2D492D481DF05DFD2D4977
:107170002D481DF0C4FD2D492D481DF0C0FD43F2E2
:1071800020552C4E2C4F3019394604F5AA641DF0B9
:10719000B6FDAC42F7D129492948FCF7AFFF0A21D7
:1071A0002848FCF7ABFFFDF703F84FF4203200232B
:1071B0001D4813F0F7FDFDF7EBFFFDF7E9FFFFF7C3
:1071C00059FF002140F2676014F0E2F8F5E700BFD4
:1071D0007B91020074AA020065CF0020ED40000000
:1071E000B80C002042AA02008FAA0200AFAA020037
:1071F00041690000EC0C0020514C0000D0AA0200B4
:10720000F1AA02000DAB0200240200204802002077
:10721000A4650020495400007C650020DD4C00007E
:107220006C650020314D0000880C0020F54B0000FB
:10723000580C0020700D0020A1450000E5930200CD
:107240002EAB02004EAB02000022024B02481A7025
:10725000FCF754BF4907002063AB0200012208B5C8
:10726000084B09481A70FCF749FF084B1B781BB103
:10727000BDE80840FDF78CBF0548BDE80840FCF7B5
:107280003DBF00BF4907002085AB02004807002032
:10729000AAAB020070B500250B4C0C4E94F87C3064
:1072A0005BB123684BB129463046B4F82421FCF782
:1072B00025FF1321206818F0E2FF01350A2D04F59F
:1072C000AA64EBD170BD00BFE80C0020DEAB020069
:1072D0002DE9F3470025FDF735FF4FF0FF322E462D
:1072E000364B374C374FDFF8E080DFF8E0901A601C
:1072F0002046FDF799FA68B32368002B3DD094F837
:107300008400FCF737FE94F8003194F87C1094F870
:107310007DA05BB304F58073CDE900030A465346B4
:1073200029464046FCF7EAFE94F87C3003B313216B
:10733000206818F0A4FF0023FF2E1CBF0136F6B210
:1073400084F87D3084F87F3084F8813084F87E3092
:1073500084F8803001350A2D04F5AA64C8D11C4B8D
:107360001E7002B0BDE8F047FCF7A2BE4B46D3E763
:1073700001212846FDF75CFBECE794F87E2094F8A9
:107380007F3094F881109AB92BB999B994F8DF201D
:10739000002ADFD00A4694F8000168B104F5807035
:1073A000CDE9001029463846FCF7A8FE0021E0E7A9
:1073B0000122F0E71A46EEE70448F1E764020020F4
:1073C000E80C002054AC020009AC02005A950200FF
:1073D00066CF00202DE9F3470025FDF7B3FE4FF0FF
:1073E000FF322E46354B364C1D70364BDFF8D880B9
:1073F000364FDFF8DC901A602368002B3DD094F8FC
:107400008400FCF7B7FD94F8003194F87C1094F8F0
:107410007DA05BB304F58073CDE900030A465346B3
:1074200029464846FCF76AFE94F87C3003B31321E2
:10743000206818F024FF0023FF2E1CBF0136F6B28F
:1074400084F87D3084F87F3084F8813084F87E3091
:1074500084F8803001350A2D04F5AA64CCD11D4B87
:107460001E7002B0BDE8F047FCF722BE3B46D3E7F2
:1074700001212846FDF7DCFAECE794F87E2094F829
:107480007F3094F881103AB93BB999B994F8DF206C
:10749000002ADFD00A4600E0012294F8000158B12A
:1074A00004F58070CDE9001029464046FCF726FE21
:1074B0000021DEE71A46F0E73846F3E749070020E7
:1074C000E80C002064020020E5AC02005A9502009E
:1074D000A4AC020066CF002008B5084B1B7823B986
:1074E000BDE808400648FCF709BEFDF72BFEFCF797
:1074F0005FFEBDE80840FDF74BBE00BF4807002017
:1075000030AD0200014B1870FCF7D2BDBBCE00209D
:10751000014B1870704700BFBCCE002008B5014673
:10752000064B08B1027812B900221A7008BD1F225A
:1075300018461DF09BFE0022C277F7E79BCE002085
:1075400008B50146064B08B1027812B900221A703C
:1075500008BD1F2218461DF089FE0022C277F7E7FA
:107560007BCE002008B50146074B08B1027812B95E
:1075700000221A7008BD202218461DF077FE002256
:1075800080F82020F6E700BF5ACE0020014B18708B
:10759000704700BF59CE002070B50A2600250C4C5C
:1075A00094F87C306BB194F87D3053B1236843B1CB
:1075B00094F88430022B04D12046FDF735F900B150
:1075C0000135013E04F5AA64EAD1284670BD00BF2A
:1075D000E80C002070B500252E460E4C94F884303F
:1075E000022B10D12046FDF71FF960B194F87C30D2
:1075F00043B994F87E302BB994F87F3013B994F8DE
:10760000813003B1013601350A2D04F5AA64E5D1B4
:10761000304670BDE80C0020014B1878704700BF61
:1076200068CF00202DE9F04F8BB0FFF7B5FF344B4A
:1076300001461878FCF78CFC324C334B2478024618
:1076400018780394314C324E2478002808BF334612
:107650000294304C30482468002501942F4CDFF808
:10766000C08024780094FCF749FD2E4C94F8DF305C
:1076700094F87C1094F87E7094F8009133B92368E4
:1076800023B919B917B9B9F1000F2DD094F88400B6
:10769000FCF770FC94F87DC0024694F881E094F801
:1076A000B8A094F8B9B0B9F1000F25D004F58073F3
:1076B00094F8E00010B304F1E000B4F83091CDF894
:1076C0002490B4F82A91CDF82090B4F82C91CDE90B
:1076D00004B3CDE906090B4640462946CDE902EA46
:1076E000CDE900C7FCF70AFD01350A2D04F5AA64AF
:1076F000BCD10BB0BDE8F08F3346D9E73046DCE7AC
:10770000BCCE0020490700205ACE002067CF0020C1
:107710005A9502006402002067AD020068CF002085
:10772000C1AD0200E80C00202DE9F84F0F4691464C
:107730001C468046002879D0002A77D0002975D0D1
:10774000002B73D00A4600211DF073FE0020024674
:1077500000EB40130130844209F80320F8D1A7421E
:1077600028BF2746002441252046324EDFF8C8A016
:10777000337853B108F8005000EB401033465246BE
:107780002121484414F0C2FA0134482D204604D186
:10779000A74209D82046BDE8F88F0135A74206F177
:1077A0002106EDB2E4D8F5E7244EDFF894A0DFF827
:1077B00094B096F8003193B396F8E03023B30722E3
:1077C000594606F1E0001DF022FDE8B996F8E750B1
:1077D000A5F16103192B00D8203DEDB2A5F14103BD
:1077E000072B1CD8434604EB08029A4213D104EB42
:1077F000441008F8045021210F4A06F580734844CC
:1078000014F084FA01340AE096F828313BB196F876
:1078100027514035E1E713F8011BA942E5D1564550
:10782000B8D0BC4206F5AA66C3D3B3E76FF015041F
:10783000B0E700BF51CD00200DA80200E80C0020E9
:10784000B83C00205495020070B505460E46FDF781
:107850003BF8031E0CDB4FF4AA62074C294602FBDF
:1078600003433246BDE87040B3F82C01FDF7F2BB8C
:107870006FF07F0070BD00BFE80C002070B50546BA
:107880000E46FDF721F8031E0CDB4FF4AA62074CED
:10789000294602FB03433246BDE87040B3F830018D
:1078A000FDF7D8BB6FF07F0070BD00BFE80C002073
:1078B0002DE9F04F87B0884616468346059328B9D0
:1078C0006FF01505284607B0BDE8F08F0378002B50
:1078D000F6D00029F4D0002AF2D0FCF7F5FF071EFD
:1078E00056DB4FF4AA647C43DFF8AC9009EB040A42
:1078F000BAF82A51002DE3D05846F8F7A7FD002129
:10790000DAF834358AF83411CDE901110091049385
:10791000294683B25A4659F804001AF085FB0546F9
:107920000028CFD19AF80031A3B104F580734B44FD
:107930004FF4AA6439465A461848FCF7DFFB4FF06B
:10794000000A7C4309EB0407059B9A4504DB6FF0B2
:107950007305B7E7124BEBE7D7F83435049A934237
:107960000ED097F834315BB1013E04F59A7132467E
:10797000404649441DF07AFC002308F80630A1E790
:1079800040F26760002113F003FD0AF1320ADBE7E1
:107990006FF07F0596E700BFE80C002062AE0200A2
:1079A0005A95020010B5114B0A46197804468142D7
:1079B0001BD00F4918700F4B002808BF194662B141
:1079C00010780D4B002808BF1A460C48FCF796FBB0
:1079D0002CB9BDE81040FDF7B5BB074AF5E7FCF749
:1079E000E7FBBDE81040FDF7D3BB10BD4807002002
:1079F00087AE02008DAE02005A95020096AE0200DC
:107A00002DE9F04F85B000287DD003780446202B67
:107A100000F10100F9D0092BF7D0002B73D02046DC
:107A2000F8F714FD00278146B8463E46374DDFF88B
:107A3000E0A01FFA80FB95F87830ABB395F8793069
:107A400093B355F8040C78B39AF8003095F8802079
:107A5000022B11D1012A27D108F101081FFA89F35D
:107A60001A462146284605F04FFB0246002843D01F
:107A700023463946274815E0012B2BD1022A13D182
:107A800008F101081FFA89F30022CDE901220092D2
:107A9000B5F8261122461AF0C7FA024600B323466B
:107AA00039461D48FCF72AFB01370A2F05F5AA6560
:107AB000C1D15EB9164B41461878FCF749FA234606
:107AC00002461648FCF71AFB6FF07F06304605B0F9
:107AD000BDE8F08F022A5B4608F10108C0D1D3E768
:107AE00095F8FC3001362BB105F1FC0322463946EE
:107AF0000B48D7E70B4BF9E7224639460A480136CF
:107B0000FCF7FCFAD0E76FF01506DFE7EC0C00207D
:107B1000BCCE002006AF0200B2AE02004AAF0200A7
:107B2000DFAE02005A9502002FAF020038B50C46B6
:107B300040B3054610F8013B202BFAD0092BF8D0B2
:107B400003B32846F8F782FC9F281BD8421C29461D
:107B50000F481DF047FC01220E4B1A7000231946F6
:107B60000D4A01330A2B82F8801002F5AA62F8D17F
:107B700007490A48FCF7C2FA3CB1BDE8384004485E
:107B8000FDF7A4BC6FF0150038BD2046FCE700BF30
:107B9000BECE0020BDCE0020E80C002085AF020044
:107BA00000231946074A1370074A1370074A013326
:107BB0000A2B82F8801002F5AA62F8D10448FCF77B
:107BC0009DBA00BFBECE0020BDCE0020E80C002034
:107BD000AFAF0200054B1B782BB105490B7813B1F1
:107BE0000448FCF78BBA0448FCF788BABDCE0020E5
:107BF000BECE0020D7AF0200F1AF020037B50C4671
:107C00000DF10601FCF7EEFE18B96FF0150003B098
:107C100030BD20460DF10501FDF748F80028F4D0ED
:107C2000184C00204FF0FF332246BDF8061025788F
:107C300085B165888D4211D1062303FB00229DF892
:107C4000053013711048114AFCF758FAFEF726F96F
:107C50000020DCE7B3F1FF3F08BF034601300A28EC
:107C600004F10604E3D1581C09D006200124434343
:107C7000D018D4549DF8053041800371E2E76FF0CD
:107C80000B00C4E7B894002007B002002F9A02004E
:107C900037B50C460DF10601FCF7A4FE18B96FF0DC
:107CA000150003B030BD20460DF10501FCF7FEFFC5
:107CB0000028F4D0174C00204FF0FF332246BDF8C7
:107CC0000610257875B165888D420FD1062303FB18
:107CD00000229DF8053013710F48104AFCF70EFA88
:107CE0000020DEE7B3F1FF3F08BF034601300A285A
:107CF00004F10604E5D1581C09D0062001244343B1
:107D0000D018D4549DF8053041800371E4E76FF03A
:107D10000B00C6E7B894002027B002002F9A02009B
:107D200013B50C460DF10701FCF7C0FF70B1631EDF
:107D3000312B0BD8074B0848224608491C70FCF72A
:107D4000DDF9FEF7ABF8002002B010BD6FF01500B2
:107D5000FAE700BF4A07002046B002002F9A02004F
:107D600008B5074B07491870074B002818BF19467C
:107D70000648FCF7C3F9FEF791F8002008BD00BFE4
:107D80005ECF00206DB002005EB0020076B002004F
:107D900038B50446074B084D014618702A78074845
:107DA000FCF7ACF924B92B7813B12C70FEF776F8F8
:107DB000002038BD60CF00205FCF00208CB00200D3
:107DC00070B50024044D054B2E781C702C70FEF706
:107DD00065F82E70204670BD60CF00205FCF002078
:107DE00000210A4608B5094B01310A291A705A8048
:107DF0001A7103F10603F7D1054B06481A70FCF718
:107E00007DF9FEF74BF8002008BD00BFB8940020B4
:107E10005ECF0020B0B002002DE9FF41134B1449A2
:107E20001878144B144E002818BF0B4632780A21DC
:107E3000CDE901230C230922009310480023FCF70D
:107E40005DF900250E4C0F4FDFF83C8023782BB1F5
:107E50003A46404633786188FCF750F901350A2DDF
:107E600004F10604F2D104B0BDE8F0815ECF002039
:107E7000B87E02006DB002004A070020CEB00200BA
:107E8000B89400202F9A020035B102002DE9F0418C
:107E90000B7804460D465BBB0378FF2B2BD1437850
:107EA000152B28D943681A78FF2A24D15A78FF2A3B
:107EB00021D19A78422A1ED1DA78532A1BD11A7915
:107EC000412A18D15B79012B15D10F460626DFF820
:107ED0002C80636838469B5D42460321013613F0CF
:107EE00015FF162E07F10207F3D1002385F8203085
:107EF0000020BDE8F0810120FBE700BF00950200F3
:107F0000064B0A461978814206D01870044B53F884
:107F10002010044815F0D6BC704700BFD2CF002017
:107F2000505B02009BB10200002238B52D4B1A7045
:107F30002D4B1B78002B53D02C4B1B78002B4FD193
:107F40002B4B1B78002B4BD12A4B1B78002B47D196
:107F5000294C2368002B43D0284A1278002A3FD0AE
:107F6000274A1278052A3BD1264A117821B12648A2
:107F7000BDE8384015F0A6BC0121244811700578F1
:107F8000234A002D18BF0246224815F09BFC03200F
:107F90002149FFF7B5FF1321206818F070F9014659
:107FA000F0B110F1780F1BD010F1800F04D01B48F6
:107FB000BDE8384015F086BC206818B108F09CFC7C
:107FC0000023236016F09EFB002005F01FF80146F9
:107FD00020B110F1780F01D01148E9E71148C7E747
:107FE00038BD00BF6CCF002071CF00201ED2002012
:107FF0001DD200201CD20020F06D0020D1CF002027
:10800000D2CF00206BCF0020B3B1020092CF00206E
:108010005A950200E6B102002DB202003EB2020003
:1080200062B2020088B20200024B0348196014F0E9
:1080300066BC00BFCC6C0020E46C002013B50C467D
:108040007AB113895289014600920748224615F0F9
:1080500039FC064B06481C6002B0BDE8104014F025
:108060004EBC1346EFE700BFB7B20200D06C002051
:10807000FC6C002001462DE9F047DFF8C480104673
:10808000D8F800201D468A4286B004D02D4815F04D
:1080900019FC012002E020B92B4B187006B0BDE896
:1080A000F087002BF5D0294E294FD6F80090B9F172
:1080B000000F1AD1072B09D943885BBA9BB208334A
:1080C000B3F5007F88BF4FF400733B60C9F5007AB9
:1080D000AA4528BFAA4601461E48524648441DF0FC
:1080E00081F909EB0A02326002E0B9F5007FEDD3B5
:1080F00014F007FC01461848D8F8002090F800C09A
:108100001648D7F8008090F800E03068144B85429C
:108110002CBF0024441B1B88CDE90408CDE902458F
:10812000CDE900CE0F4815F0CDFB3B68002BB0D059
:1081300032689342ADD80C4814F0E1FBA9E700BFC8
:10814000F06D0020FCB202006FCF0020D86C002040
:10815000D46C002014D000206ECF00206DCF002002
:10816000F494002034B302005C6D002038B5084D53
:1081700004462B7853B107481CF0CFFD00232B7029
:108180002146BDE83840044815F09CBB38BD00BF0F
:108190006CCF0020884200208DB3020010B5094B3F
:1081A0000C461A7882420CD0187020B10648BDE8FF
:1081B000104015F087BB0548FFF7D8FF214604485B
:1081C000F5E710BD71CF0020ADB30200CEB30200C1
:1081D000DEB3020008B50F4B1B78D3B10E4B002065
:1081E000197810F003F80D4B012019780FF0FEFFFD
:1081F0000B4B022019780FF0F9FF0A4B1B7833B9AB
:10820000094B19780320BDE808400FF0EFBF0121AA
:10821000F8E708BD24D2002023D2002022D200207B
:1082200021D2002020D200201FD2002010B50C4601
:10823000074815F047FB0022064B1C60064B1A70DE
:108240000122064B1A70BDE81040FFF7C3BF00BF04
:10825000FFB30200E06C002021D2002020D20020D9
:108260000022024B1A70FFF7B5BF00BF1FD20020DB
:10827000F0B587B001AA05461646144B03F1100766
:10828000144618685968083303C4BB422246F7D124
:108290001B7831462370284600230D4A04F09EFCCB
:1082A000044688B101460B4815F00CFB0A4B0B4AFB
:1082B0001C6001231370002209490A7009490A70E1
:1082C000094A1370FFF786FF07B0F0BD9859020006
:1082D0009402002012B40200E06C002023D200209F
:1082E00022D2002021D2002020D20020F7B5264B38
:1082F0001B78002B46D0254B1B78002B42D0244BFB
:108300001B78002B3ED0234B1B78002B3AD1224CFC
:108310002378002B36D1214B1B68002B32D0204B09
:108320001B7823BB1F49204A204B214F0D78214841
:10833000167893F800C03F68BCF1000F08BF0346F1
:10834000002E08BF0246002D08BF014600971A48BC
:1083500015F0B8FA6FF00C02184B06201A600123D2
:108360001749237003B0BDE8F040FFF7C9BD154BB6
:108370001A783AB9012214481A7003B0BDE8F040E7
:1083800014F0BDBA03B0F0BD1BD200201ED20020F5
:1083900019D200201DD200201CD20020F06D002038
:1083A000D1CF0020B3CF002092CF002072CF002089
:1083B000A00200205A95020031B40200E06C0020B7
:1083C0007EB402001AD20020446D002010B5084B84
:1083D0001B7863B10122074B1A70FFF7FBFEBDE863
:1083E000104040F65D720023034812F0DBBC10BD64
:1083F00024D200201FD20020B842002008B511B1BD
:10840000044815F05FFAFFF7E1FFBDE808400248B5
:1084100014F075BA94B402002C6D002008B505481C
:1084200015F050FAFFF7D2FFBDE8084004200249DA
:10843000FFF766BDADB40200C0B4020008B521B1BB
:10844000BDE80840074815F03DBA19F086FA014624
:10845000054815F037FA0122044B1A70BDE80840B0
:10846000FFF744BFD6B40200EFB4020019D20020D7
:1084700070B50C46134DFFF7A9FF2E78214676B94B
:10848000114815F01FFA114B114A1E700123137089
:108490002B70104BBDE870401868FFF7E9BE0E481E
:1084A00015F010FA0D4B0E4A1C60012313700022C8
:1084B0000C490A700C490A700C4A1370BDE87040F0
:1084C000FFF788BE14D200200AB5020017D20020A0
:1084D00018D20020F06D002038B50200E06C0020BA
:1084E00023D2002022D2002021D2002020D200203E
:1084F00038B5144CFFF76AFF257875B9124815F0A6
:10850000E1F9124B124A1D70012313702370114BB5
:108510001868BDE83840FFF7ABBE0F4815F0D2F938
:108520006FF001020D4B0E491A6001230D4A1370C2
:1085300000220A700C490A700C4A1370BDE83840DA
:10854000FFF748BE14D2002052B5020017D2002017
:1085500018D20020F06D00207EB50200E06C0020F3
:1085600022D2002023D2002021D2002020D20020BD
:1085700010B50D4B04461B789BB10C4B1B6883B1A7
:10858000F7F764FF214682B2094804F0BDFD0446B6
:1085900028B94FF480420023064812F081F92046A2
:1085A00010BD6FF07F04FAE716D20020F06D0020B6
:1085B000746D00202C6D00202DE9F04F92460C4682
:1085C000ADF2544D39B1042A05D90B78432B10D0A4
:1085D0002378422B7CD040F2FF33534528BF5346CB
:1085E00014A90846E518AC4240F024810022C25488
:1085F00063E04B784D2BEED18B7891F80380012B03
:10860000E9D1B8F1000FE6D01823052213FB0823A7
:108610005345E0D8002637468DF850608D1828461F
:1086200014F051F92B7909900A93AB7905F1080000
:108630000B9314F048F90C9005F10C0014F043F979
:10864000024605F1100014F03EF9014605F1140050
:1086500014F039F9844614AB95F805B0DFF8E8E179
:10866000D8197A4BCDE9061C002E18BF7346BBF112
:10867000030F98BFDFF8D8E10B9998BF5EF82BE0A5
:10868000CDE9042188BFDFF8CCE10C9AC7F58069F9
:10869000CDE902E20A9A49460192099A00926E4A8D
:1086A00013F034FB002893DB814591D90136F3B2F6
:1086B0009845074405F11805B1D8684814A915F084
:1086C00001F9FFF783FE01200DF2544DBDE8F08F54
:1086D0006378502B7FF47FAFA37894F80380012B4D
:1086E00041D0B8F1010F7FF476AF002B3FF473AFA8
:1086F0001822052112FB03129245FFF46CAF984635
:1087000000273D468DF85070661D0DF1400930463A
:1087100014F0D9F8F3880A9006F10800099314F0D0
:10872000D2F80B9006F10C0014F0CDF80C9006F185
:10873000100014F0C8F8B38A0D900E93F38A01204C
:108740000F9300239C463279717921FA03FE1EF0C3
:10875000010F13D1072B1FD060460CF1010E01331E
:1087600084467046F1E7B8F1000F3FF434AF1823A8
:10877000052213FB08239A45C2D22CE703F1410ED0
:10878000072B09F80CE008D00F2800F1010E03F1C7
:108790000103E5D10F2000E06046002309F8003016
:1087A00014AB2A495819284BC5F5806B002F08BF18
:1087B0000B46022A96BF2A49264A51F822200F99D1
:1087C000CDF81C9006910E9905910D9904910C9984
:1087D00003910B99CDE901210A9A59460092214A49
:1087E00013F094FA0028FFF6F6AE83457FF6F3AE59
:1087F00000EB050B14AB03EB0B00099BCBF580657D
:108800009BB12946184A13F081FA0028FFF6E3AE1F
:10881000A842BFF4E0AE0137FFB2B8450BEB00054C
:1088200006F118067FF473AF47E729460F4A13F0A5
:108830006DFAEAE714F8012BA2F120065E2E88BF3C
:108840002E2201F8012BCEE6E0A70200B070050051
:10885000345B02002B65020099B50200EEB5020000
:10886000445B0200B8B5020010A80200E3B50200A4
:1088700070B503788AB004460E4607AD032B20D8A6
:10888000DFE803F002191B1D11492846F7F7D6FD52
:10889000059563781E210493A37830460393E3780B
:1088A0000C4A02932379019363790093A37913F01F
:1088B0002DFA0AB070BD0849E7E70849E5E708491D
:1088C000E3E70A212846074A13F020FAE0E700BF51
:1088D000E69A02000F9B0200ED9A0200F49A020051
:1088E000FE9A0200089B020070B5134B06461B78E7
:1088F0000D46144688B0BBB117F0A3FC6946FFF7DC
:10890000B7FF23462A4669460C4814F0DBFF0C4BA0
:108910001B689E4208D14CB9012D05D90122094B93
:1089200009481A7013F0EBFF08B070BD2A462146C3
:10893000064814F0C7FFF1E770CF0020FEB5020033
:10894000F06D002018D20020146D002024B6020023
:10895000F0B5314D89B004460E462F68FFF736FD5D
:108960002E4B1B78002B4FD0204617F06AFC69462F
:10897000FFF77EFF32466946294814F0A3FF2948D5
:10898000FFF7F4FBA74245D10024286807F0B4FFA5
:108990004FF0FF32244B2C601C70244B1C70244B76
:1089A0001C70244B1C70244B1C70244B1C70244BDB
:1089B0001C70244B1C70244B1C70244B1C70244BCB
:1089C0001C70244B1A60244B1B68A3420ADA234B09
:1089D0001B783BB10B202249FFF792FA2046204931
:1089E000FFF7DCFB01241F4B1F4A1C700023137090
:1089F0001E4A13701E4A1370FFF7ECFB1D4B1B78C9
:108A000023B1204604F002FB09B0F0BD1A4814F06F
:108A100059FFF9E71948FAE7F06D002070CF002000
:108A20005FB602007FB602001ED200201DD20020D9
:108A300019D200201AD2002016D200206FCF0020B9
:108A400017D20020D1CF0020B3CF002072CF00205A
:108A500092CF0020A0020020E06C00201CD2002059
:108A60008AB6020023D2002022D2002021D2002088
:108A700020D2002071CF0020A1B60200D2B60200A1
:108A8000F0B599B004460E46FFF7A0FC744B1B7876
:108A90007BB3204617F0D5FB07A9FFF7E9FE714D20
:108AA000E6B13246704807A914F00CFF04206F4964
:108AB000FFF726FA2868A04203D107F01DFF002324
:108AC0002B6001236A4A6B49137000220A706A49BD
:108AD0000A706A4A1370FFF77DFB0AE02B6807A94A
:108AE000A34208D0664814F0EDFE1321204617F08B
:108AF000C6FB19B0F0BD634814F0E4FE6248634E53
:108B0000634B0068317893F800C0624F624A00906E
:108B1000BCF1000F08BF13466048002918BF324659
:108B2000397814F0CFFE3B783BB305205C49FFF762
:108B3000E7F95C4B1B7803B35B4B1B78EBB95B4BE2
:108B40001B78D3B95A4B1B78BBB92B68ABB13B78B8
:108B50009BB14FF4A0320023564812F023F90122B2
:108B6000554B30781A704C4A40F6C411002818BF93
:108B700032462B68514814F0A5FE204618F0EDFE51
:108B800001464F4814F09EFE20460FA908F0AAF9AE
:108B900060B99DF83C30012B08D1BDF85430BDF8C8
:108BA0005220BDF85010474814F08CFE204646492C
:108BB00017F049FB0146454814F084FE204644491D
:108BC00017F0BFFB0146434814F07CFE0122424BE4
:108BD0001A700022414B1A70414811F087FE41483B
:108BE00014F070FE15F08EFD014628B110F1780FDB
:108BF00002D03D4814F066FE3C4B3D4920460B60D8
:108C00000AF0AEFA3B4B3C4E1B78DBB1002302AAC4
:108C100017463370394B03F1100C15461868596824
:108C2000083303C563452A46F7D11B7839462B70B4
:108C300020460023324A03F0D1FF014638B13148C3
:108C400014F040FE012320463370FFF711FB002390
:108C50000121074A1370074A1170074A137038E759
:108C600070CF0020F06D0020FBB6020019B70200A3
:108C700023D2002022D2002021D2002020D20020A6
:108C800021B702004BB70200A002002092CF0020C3
:108C900072CF0020D1CF00205A9502005AB70200AF
:108CA0009BB7020071CF00201ED200201DD20020F1
:108CB0001CD20020884200206CCF0020A5B7020003
:108CC000E7B70200FAB702009C06002024B80200B1
:108CD000940600203EB8020018D2002017D20020CF
:108CE000146D00205FB8020096B802003D840000B9
:108CF000DC6C00204B07002014D20020A959020090
:108D000094020020BAB80200F8B53C4D0446FFF7C3
:108D10005DFB2B78002B41D13949204604F022FA23
:108D2000014618B1374814F0CDFD28E0344804F06E
:108D3000BFFA014608B13448F5E70123334E344801
:108D4000337014F0BFFD337823B3324814F0BAFD0A
:108D50003148FFF70DFC0146F0B9002142F267608F
:108D600013F083FE2D4814F0ADFD2D48FFF700FCF5
:108D7000014688B94FF48040002113F076FE20466A
:108D800015F0A4FC01232B70264B1868BDE8F840B1
:108D9000FFF76EBA6FF085012348C4E7234E2046E3
:108DA000314604F043F9054640B10146204814F02D
:108DB00089FD2046BDE8F84015F088BC01271D4B11
:108DC0001D481F70FFF7D2F91C4814F07BFDF28894
:108DD000B1881B4814F076FD1A4B1D701A4B1F709A
:108DE0001A4B1D701A4B1D70FFF7F4F949F69A10D3
:108DF000002113F03AFEFFF779FADAE714D20020E7
:108E0000746D0020DDB80200FBB8020016D200200D
:108E100015B9020028B9020039B9020046B90200AA
:108E200057B90200F06D002062B90200B86D002051
:108E30007EB902001ED20020A0B90200AAB9020029
:108E4000C1B9020023D2002022D2002021D200206A
:108E500020D200202DE9F04F0025B14BADB01B789A
:108E6000824691460A95002B6FD0AE4B93F8008056
:108E7000B8F1000F69D0FFF7A9FADAF8003013A9AA
:108E80001868FFF7F5FCDAF8083023AC93E8070020
:108E900084E80700202229461BA81CF0CAFA2046B5
:108EA000A1491BAA16F048FBDAF808304FF6FF7B01
:108EB00093E80700FF230FAF84E807003A462046F7
:108EC0009A498DF83C3016F037FBDAF808309DF8F7
:108ED0003C6093E8070084E807003A46204694493E
:108EE000ADF83CB016F028FBBDF83C305B452FD107
:108EF0008DF834501BAB0893DAF8083093E807007C
:108F0000002387E80700224638468A498DF88C30CE
:108F100016F012FB9DF88C300BB98DF88C30864919
:108F20009DF88C500A78E2B10992C5B1204613F041
:108F3000F5FC099AA8B9224613A97F4B7F4814F083
:108F4000C1FC7F490220FEF7DBFF2DB0BDE8F08FAA
:108F500008217C4A0DA812F0D9FE0DABCBE77A4A66
:108F6000EAE70027089BCDF82F701878C11B18BFBF
:108F700001218DF82C10B6F1FF0118BF01218DF8E9
:108F80002D10E91B18BF01218DF82E106F49D1F863
:108F900000B0BB4520DBFF2E04D05FFA8BF7BB1B74
:108FA0005F425F416A498DF830700B783AB32BB15C
:108FB00010B1089813F0B2FC00F001088DF82F8072
:108FC00065B9FF2EAB462C468DF831508DF83250E6
:108FD00000F0E0805C4B2BE04746E3E72046564933
:108FE00013F09CFC04468DF831009DF82F80002C76
:108FF00014BFC3464FF0000B8DF8324011E0002B38
:1090000068D0544C00285BD122788DF82F00002ABC
:1090100071D0BBF1000F63DA8046044683468DF8B9
:109020003200FF2E08BF4FF0FF36002DD2D023AB09
:109030009DF86C20002A00F0B0801BAA9DF8341027
:10904000002900F0AC800DA99DF83100CDE902188F
:10905000CDE90032CDE9047033464A463E480694D5
:1090600013A914F02FFCDFF8F480BBF1000F00F01F
:109070009880B9F1000F00F09680D8F80030002BEE
:1090800040F08F80012232482F4B07782F49002F64
:1090900008BF18460F68284991F800C00090BCF13D
:1090A000000F18BF0B46CDE901732D48D8F80030EA
:1090B00013A914F007FCB9F1000F76D1294941E753
:1090C000089813F02BFC22788DF82F00002A5DD130
:1090D00030B910E0244A117821B901228DF82F20EF
:1090E0003C4682E770B98DF82F001A4A127812B107
:1090F000BBF1000FF4DA00249DF82F80A3468DF811
:1091000032408EE71046089B5C1E10F8011B0029B8
:10911000E3D014F8012F4ABB8DF82F20E5E700BFFC
:1091200070CF002071CF002077C90100CBC80100AB
:1091300039CA01008D7E0000D3CF0020E5B90200BE
:109140001ABA0200D39902005A950200A402002024
:10915000F4CF00204B07002028BA0200F06D002059
:109160008DBA0200E8BA02004C070020A2F1410CBF
:10917000BCF1190FA1F1410C98BF2032BCF1190FBD
:1091800098BF20319142C0D00022C5E7BBF1000F4B
:10919000A6DA9DE74FF0FF361CE7364A4EE7354921
:1091A00052E74FF000094A466DE715F0ABFA024668
:1091B00030B110F1780F03D02F4813A914F082FBBF
:1091C0009DF86C305BB31BAB9DF834204AB30DAAFD
:1091D0002A48009213A9324614F074FB0320284950
:1091E000FEF78EFEDAF800300FAFD3F800C0254B43
:1091F0000FCB87E80F00244A394660460AAB07F0D8
:10920000D1FE024678B113A9204814F05BFB04207C
:109210001B49FEF775FE002003F0F8FE95E6154B9E
:10922000D2E7144AD4E70A9B1E21C8F80030184B35
:10923000184A1C70184813AB12F068FD089B089A76
:109240001B78164C2021002B08BF224614481346D9
:10925000104A12F05BFD9DF88C3043B123AB212105
:109260000C4A104812F052FD0F4B1E606DE623466B
:10927000F5E700BF5A950200F4BA02001FBB0200D6
:1092800049BB0200BC590200940600205BBB0200EF
:10929000D1CF00200DA80200B3CF0020B070050090
:1092A00072CF002092CF0020A002002038B5074BDB
:1092B00004460D464022002118461CF0BAF82A4602
:1092C00001462046BDE83840FFF7C4BD786C002059
:1092D0002DE9F04FBDB015469DF82021814608923A
:1092E00000229A4607919DF81C1142700170079860
:1092F00089F80420000A89F8020007989DF818B13F
:1093000089F80300AD4889F80530027889F807B07C
:10931000541C0470AA4889F806200380A948AA4C66
:1093200080F800B0A9480270CDE900B2A848079AB9
:1093300014F0C8FA079BBAF1010F03F1080309936F
:1093400029D1BBF1000F40F0B080102B1E4699F8D8
:109350000630CDF80CA0CDE904B3079B089F02931B
:1093600099F801309B48019399F800309A4900938D
:1093700028BF1026099B002F18BF0146A2889748D6
:1093800014F0A0FAC846964F4E44B04540F087808E
:10939000944814F097FA944811F0A8FA0023934ADD
:1093A0002B721360924A13606FF07302C5E90023B9
:1093B0002368002B00F0C480A188002900F0C08041
:1093C000E288002A00F0BC808A4B1B787BBB4FF000
:1093D0000108894FC4F82E307B603B81874B218583
:1093E0002362874B62856362A4F82C80BB1CD3E8A0
:1093F000EF1F41EA0801C3E8E21F002AF7D16FF02E
:109400007603804A1360804811F070FA2068A7F153
:109410000E010AF037FA10F1780F064650D1754B5D
:10942000E288A188794883F8008014F04BFA20681C
:1094300016F0B4FE089A0746BDF82430002A00F062
:10944000A2800021724ADFF8CC81961F1160B3819F
:10945000714B118142F8063C6FF07603A188C6F883
:109460000890B180C8F800306C4811F03FFA3146DE
:1094700020680AF079F906460197E38801460093CF
:10948000A388099A664814F01DFA002E5BD0334673
:109490005A4651466348009714F014FA1DE03846C6
:1094A00018F8011B14F00EFA6FE75F4B1A78002AC8
:1094B0007FF471AFBBF1010F08BF83F800B06AE71A
:1094C00078B10146E388A288584814F0FBF95B465E
:1094D00052463146564814F0F5F930463DB0BDE8E5
:1094E000F08F4FF4C0320023474811F0D9F960B132
:1094F000A7F10E0120680AF015FAE288A1884D480C
:1095000014F0E0F96FF03D06E1E73E4B196871B1E8
:10951000A7F10E0120680AF005FA3A49E388A2880B
:109520000968454814F0CEF96FF00C06CFE7314BCF
:10953000A28883F800804148E38814F0C3F976E7F5
:109540006FF07F06C3E74FF4C0320023334811F0B9
:10955000A7F950B1A3885A4600935146236838486A
:1095600014F0B0F96FF07306B7E7D8F80030002BAD
:109570006ED022685146009232485A4614F0A2F941
:109580006FF00406A9E7089ACDE901220092A188AC
:109590004A46206818F048FD06460197E3880146D0
:1095A0000093A388099A284814F08CF9002E4FD014
:1095B00033465A465146254800976DE715D200209C
:1095C000F49400206ECF0020B86D00206DCF0020F5
:1095D0008FBB02007BBB020085BB0200C6BB020042
:1095E000D4C10200AF7005005C6D0020D86C002073
:1095F000D46C00206FCF0020E66D00207580000045
:109600003D800000D06C0020FC6C002054BC0200A7
:10961000C26C0020CC6C002029800000E46C00208B
:10962000B5BD020002BE02006ACF00208DBC020060
:1096300072BD0200C4BC0200FFBC02003FBD0200BC
:109640004ABE020094BE0200D8BE020025BF02003E
:1096500013F057F9DFF8AC82079BC8F800000293BB
:1096600099F80630A84FCDE900B30146079053465C
:109670003A68A64814F026F94FF470220023A44853
:1096800011F00EF9DFF88C92A34E002847D013F0AA
:1096900038F96FF0730305460246CDE900B3079928
:1096A00053469E4814F00EF9E3689D4A00932369DF
:1096B000316812689B4814F005F99B4BD8F80010EC
:1096C0001B78691A0193994B99481B7800933A6863
:1096D000B9F8003014F0F6F8964B206893F8008043
:1096E00016F05CFD9449954B0D78DDF820C0002DF7
:1096F00018BF0B469249934D2668BCF1000F18BF66
:109700000D463F680246E088CDE90335CDE90167A3
:1097100000904146A3888C4814F0D4F822E713F057
:10972000F0F8044613F0EDF83368D8F800200393FE
:109730007D4B821A1B78214602937C4B83481B7811
:109740000193B9F8003000933B6814F0BBF8BAF10C
:10975000000F3ED1BBF1000F3BD131687C4B072994
:109760009A8840F2D0811978032940F0CC81002AF0
:1097700040F0C981DB79002B40F0C581C5E900AA22
:1097800085F808A06B685A46009351462B687148CB
:1097900014F098F8BAF1010F50D1BBF1000F4DD180
:1097A00037682968082F38BF0827083F3A466A48B3
:1097B00014F088F8694814F085F85C46DFF8A08159
:1097C000DFF8A091BC42C0F09081674814F07AF8AD
:1097D00034E0664B664A0E930323139202220F93E2
:1097E000644B149210932B1D11930023624A8DF841
:1097F0004830CDE9152532688DF85C30072A0A9388
:1098000042D86FF073032B60BAF1010F2968B9D108
:10981000BBF1010FB6D169B92B7A002B32D06B683E
:10982000564A934206D04FF4E042B3FBF2F002FBFB
:1098300010333BBB6A68524814F044F82B680BB3F2
:109840003668434C082E38BF0826083E63880296C7
:10985000E2795BBA0192A2884A4852BA92B2009267
:10986000627821789BB214F02DF8474814F02AF85A
:109870000027DFF8F0800734B742C0F03D813A4856
:1098800014F020F82E6828E6314BB3F8028098FADD
:1098900098F81FFA88F808F108018A4202D26FF09E
:1098A0007903B0E7B8F1020F0CD11A7ABF2A07D1B9
:1098B0005B7AFF2B06D10023C5E900332B72A3E7A7
:1098C000A02AF7E700240123C5E900442C720421F3
:1098D0002E4A009318A84346CDE9014413F0C5FC75
:1098E00002220AAB0EA918A813F0C1FC002800F050
:1098F000F580233000F0F280B8F1000F48D16FF00E
:109900004C0380E7B86C0020F06D00206FBF0200B0
:109910005C6D0020F4940020D86C0020B2BF0200DF
:10992000D46C0020F3BF02006DCF00206ECF00206A
:109930002CC002006FCF002092CF00205A95020069
:109940007BBB020085BB02006EC00200DDC00200CE
:1099500014D000202DC102008BC10200BAC1020048
:109960001BD00020D3C10200AF700500E4CB020081
:109970002AC10200C9D001009BD001004C9C02000A
:1099800069C10200D9C1020023C202001CD000201C
:109990002746DFF878910794FB1C08933B1D9845F8
:1099A00007F1010438D319F80730632B34D119F8C3
:1099B00004306F2B6DD1564BDB5D662B69D1FB1CE0
:1099C00019F80330662B64D100220023CDE90C2363
:1099D0000023A8F10401381D0B930CAA0BABC91B83
:1099E000484412F0DDFF002853D14FF0FF320C9BAA
:1099F0009A420D9A90414CD36B6001230B9C2B72C1
:109A000004343C440793444504D3079B002B7FF464
:109A1000FBAE74E72746BFE7FB1C984539D319F81E
:109A20000730622B35D119F80430722B31D1384B05
:109A3000DB5D632B2DD100220023CDE90C23002315
:109A4000A8F10301F81C0B930CAA0BABC91B4844EB
:109A500012F0A6FFE8B9FB1C19F803305B090CD122
:109A60000C9B0D9AB3F1004F72F1000211D20B9CC6
:109A70002B6003343C440123C4E7012B09D16FF070
:109A800000420C9B93420D9A72F1000201D2DB431B
:109A9000EDE7FA1D9045B6D319F80730662BB2D121
:109AA00019F80430692BAED1194BD95D6D29AAD1B3
:109AB000F91C19F801106129A5D1391D19F80110F7
:109AC0006729A0D1D91CC95D65299CD10433DB5D10
:109AD000732B98D1002314462B60CCE702210D4A4A
:109AE0000EA813F01BFC28728EE6484618F8011FDA
:109AF00013F0E8FE013465E6404614F8011F13F048
:109B0000E1FE0137B8E66FF04C06E6E41CD0002019
:109B10001ED00020E4CB02002DE9F04F4FF0000BE7
:109B200001255E46ADF5317DA749A84813F0CAFE70
:109B3000A549A74813F0C6FEA64BDFF88C8283F830
:109B400000B0A54B1D70A54B1D70A54B83F800B050
:109B5000FEF740FBCDF810B0A24BB8F5E07F1868D7
:109B6000474628BF4FF4E07718B117F0F6FE0328F8
:109B70007BD84FF4027200212EA81BF05AFC4FF044
:109B800014093C460023042100930AA84FF40073F3
:109B900030AA05F1030A13F036F951460AA813F06A
:109BA0000FF900284CD005228F490AA813F0FFF8BE
:109BB000002845D000210AA813F0DEF800283FD085
:109BC00004228A490AA813F0F2F8002838D08849FC
:109BD000224631440AA813F0E1F8002830D00322CD
:109BE00084490AA813F0E3F850B331460AA813F0E9
:109BF000CDF828B3B5B103227F490AA813F0D7F8EE
:109C0000F0B171490AA813F0C1F8C8B103227B4929
:109C10000AA813F0CCF898B1202279490AA813F0C9
:109C2000BDF868B151460AA813F0CDF8824638B1A4
:109C30000A9A30ABD31A059302D008334B4521D989
:109C400064089FD1674B186810B117F086FE044670
:109C50006C484B4622463146009513F033FE6FF0B8
:109C600004000DF5317DBDE8F08F5E4B186817F0EC
:109C700074FE4FF40272A0F1030900212EA81BF01C
:109C8000D8FB7EE7A74242D1642706EB040907FB15
:109C900009F74D4BB7FBF3F7002D4CD1049A9742CF
:109CA00042D1B8F5E07F05D84A460499564813F0EA
:109CB00009FE5546022300210124CDE9013100941B
:109CC0002346059907AA2EA8FFF702FB10F1740F8F
:109CD00048D14E4F032322463146384613F0F2FD59
:109CE000782012F0C4FE02230022CDE901320123C4
:109CF0000599009307AA2EA8FFF7EAFA002834D0A6
:109D000010F1740FADD10134042CE3D1A9E7354B28
:109D1000186808B117F021FE009023463A463146F4
:109D20003B4813F0CFFDAFE74A463946364813F0BB
:109D3000C9FD0497BDE74A463946334813F0C2FDD2
:109D400012F0DFFD334A0146334B1078CDE9006451
:109D5000002818BF1346234A3048126813F0B2FD9A
:109D60000497A7E700287FF47CAF9DF82430B3B1B7
:109D7000089A914509D10899134B994215D9284859
:109D800013F0A0FD6FF046006BE7002DF3D04946BD
:109D9000244813F097FD9DF82430002BEBD1C9F532
:109DA00027384E4608F14C0845E0B1423ED10BF150
:109DB000010BBBF1030F41D91B48314613F082FD63
:109DC0006FF00A004DE700BF4C9C020032C2020057
:109DD0005BC2020023D2002022D2002021D2002028
:109DE00020D20020F06D002082C2020088C2020052
:109DF000BACD0200E4CB02008DC2020091C2020083
:109E00009ACD020095C2020017C3020084C302006B
:109E1000DCC2020092CF00205A95020040C302002B
:109E2000DFC30200AFC302000AC402000E464FF0B7
:109E3000000BA3EB0108B8F1000F01D000258BE661
:109E4000024813F03FFD40460BE700BF28C4020064
:109E500070B50024ADF52E7D4FF4027200212CA8C0
:109E60002EAE1BF0E6FA042108A84FF40073324628
:109E7000009412F0C8FF042108A812F0A1FF20B935
:109E80006FF004000DF52E7D70BD04221D4908A859
:109E900012F08DFF0028F3D020221B490DEB0200A9
:109EA00012F07CFF0028EBD00722184908A812F016
:109EB0007EFF0028E4D0214608A812F099FF002870
:109EC000DED0042108A812F07EFF0028D8D0089D1B
:109ED0000F48AD1B012613F0F5FC0E4B1C700E4B0A
:109EE0001E700E4B1E700E4B1C70FEF773F9022392
:109EF0002946CDE900430294334605AA2CA8FFF772
:109F0000E7F9BFE73DC402007ACD020042C4020077
:109F10004AC4020023D2002022D2002021D20020F5
:109F200020D2002070B50024ADF52E7D4FF40272D2
:109F300000212CA82EAE1BF07CFA042108A84FF4B7
:109F400000733246009412F05EFF214608A812F01A
:109F500037FF20B96FF004000DF52E7D70BD21464E
:109F600008A812F030FF0028F4D0089D0D48AD1B62
:109F7000012613F0A7FC0C4B1C700C4B1E700C4BF5
:109F80001E700C4B1C70FEF725F905230222294692
:109F9000CDE900320296234605AA2CA8FFF798F9CE
:109FA000DAE700BF64C4020023D2002022D20020DE
:109FB00021D2002020D2002070B50024ADF52E7DE6
:109FC0004FF4027200212CA82EAE1BF032FA0421AD
:109FD00008A84FF400733246009412F014FF0221D7
:109FE00008A812F0EDFE20B96FF004000DF52E7DEB
:109FF00070BD0422164908A812F0D9FE0028F3D03B
:10A00000012108A812F0B8FE0028EDD0022108A80E
:10A0100012F0D9FE0028E7D0089D0E48AD1B01269E
:10A0200013F050FC0C4B1C700C4B1E700C4B1E7034
:10A030000C4B1C70FEF7CEF8052302222946CDE911
:10A0400000320294334605AA2CA8FFF741F9CDE768
:10A0500077C402007CC4020023D2002022D2002058
:10A0600021D2002020D20020F0B50024ADF52F7DB4
:10A070004FF40272002106462EAF2CA81BF0D9F92E
:10A08000042108A84FF400733A46009412F0BBFE76
:10A09000214608A812F094FE20B96FF004000DF5D7
:10A0A0002F7DF0BD214608A812F08DFE0028F4D0C7
:10A0B000089D0748ED1B13F005FC01232946CDE957
:10A0C0000146009405AA2CA8FFF702F9E7E700BFB4
:10A0D0009EC40200F0B50024ADF52F7D4FF402724E
:10A0E00000212CA82EAE1BF0A4F9042108A84FF4DF
:10A0F00000733246009412F086FE022108A812F086
:10A100005FFE20B96FF004000DF52F7DF0BD012238
:10A110001E4908A812F04BFE0028F3D004221C4967
:10A1200008A812F044FE0028ECD0022108A812F082
:10A130004AFE0028E6D0089D1648AD1B13F0C2FB6E
:10A140002946154813F0BEFB144F0DF1B706A54282
:10A1500015D1134813F0B6FB002402232946CDE99C
:10A1600001340094234605AA2CA8FFF7B1F810F19A
:10A17000740FC9D10B4813F0A5FB2046C4E738463D
:10A1800016F8011F13F09EFB0134E0E7E78E020092
:10A19000BCC40200C1C40200D9C40200D4C1020080
:10A1A000AF700500F9C402002DE9F84F4FF0FF32FF
:10A1B0004FF0FF33B54810F073FB0022B44B1A7018
:10A1C000B44B1B78002BF1D0B34E3378002BEDD07D
:10A1D000B24F3B78002BE9D1B14C2378002BE5D16D
:10A1E000B04D28680028E1D017F0B7FB2A68014677
:10A1F000AD4813F067FB4FF4967012F038FC4FF047
:10A200000108DFF8A8B2DFF8A8929BF80020002A26
:10A2100038D1A84813F056FB6FF08B01DFF898A2F5
:10A22000A648CAF8001013F04DFBDAF80030DFF84A
:10A2300090927433DFF88C82A34FA44E40F0BC8020
:10A24000A34813F03FFBFFF76DFE0546CAF8000078
:10A25000002800F09C80002501469E4813F032FB48
:10A2600089F800504FF001093D7088F8009086F899
:10A270000090FDF7AFFF984984F800902846FDF75D
:10A280008DFF93E72A682AB9944813F01BFB6FF0FF
:10A290007F01C3E77F4B1A782AB9914813F012FB6C
:10A2A0006FF00A01BAE732780AB98E48F6E78E4BAA
:10A2B0001A7822B199F800200AB98C48EEE70522F5
:10A2C00041468B4813F0FEFA08F1FF3358425841DB
:10A2D000FFF7CAFE8246002843D14FF0010B4146EA
:10A2E0008448754D13F0EEFA83490720C5F800A0A5
:10A2F000FDF706FE87F800B0FFF7ECFEDFF8C0912F
:10A300000146DFF8C081704F704E2860002863D18D
:10A31000FFF752FE0146286040B110F1740F72D170
:10A32000764813F0CFFA782012F0A1FBFFF7F4FB88
:10A3300082462860002800F003810025014670480D
:10A3400013F0C0FA89F800504FF001093D7088F809
:10A35000009086F80090FDF73DFF6A4984F8009070
:10A360008CE76949694AB8F1010F08BF0A460146FE
:10A37000674813F0A7FA08F10108B42012F077FB40
:10A38000B8F1060F7FF441AF6FF0730146E74FF06D
:10A39000010A604813F096FA5F49092084F800A08A
:10A3A000FDF7AEFD89F8005088F800A03D703570CB
:10A3B000FDF710FF584961E7002589F800504FF07C
:10A3C00001093D7088F8009086F80090FDF702FFC3
:10A3D000524984F8009051E710F1740F03D15048AE
:10A3E00013F070FA94E74F4813F06CFA89F800A064
:10A3F00088F800B087F800A086F800B0FDF7EAFE04
:10A4000084F800B0D2E6062831D1474813F05AFA52
:10A41000FFF788FD8246286098B100250146434831
:10A4200013F050FA89F800504FF001093D7088F898
:10A43000009086F80090FDF7CDFE3D4984F800902D
:10A440001CE701253B4813F03DFA3B4909202570E4
:10A45000FDF756FD89F800A088F8005087F800A0A5
:10A4600086F800A0FDF7B6FE3349504607E73348AB
:10A4700013F028FA0125002388F8005089F80030ED
:10A480003B703570FDF7A6FE25708FE6446D002009
:10A490001AD200201ED2002019D200201DD2002086
:10A4A0001CD20020F06D002048C5020071CF0020B2
:10A4B00018D2002068C50200E06C0020A6C6020089
:10A4C00023D2002022D2002021D2002020D200203E
:10A4D000C2C6020003C7020027C7020093C50200DC
:10A4E000B5C50200DDC5020017D2002005C6020076
:10A4F0002DC6020053C6020075C60200EBC702005B
:10A50000FDC8020014C9020038C5020085BB020064
:10A510007BC6020049C7020071C702008CC7020057
:10A520009FC70200D5C702001BC802005DC8020019
:10A530007CC80200A0C80200CAC80200E7C8020026
:10A5400026490820FDF7DCFC5046FFF78DFD01464B
:10A55000286028B1224813F0B5F9224813F0B2F967
:10A56000FFF776FC0146286028B11F4813F0AAF9CE
:10A570001E4813F0A7F9FFF7D5FC8246286098B172
:10A58000002501461A4813F09DF989F800504FF054
:10A5900001093D7088F8009086F80090FDF71AFEDA
:10A5A000144984F8009069E60125134813F08AF9EC
:10A5B00009201249FDF7A4FC11490A202570FDF776
:10A5C0009FFC89F800A088F8005087F800A086F862
:10A5D00000A0FDF7FFFD0A4947E700BF22C90200BE
:10A5E0002EC9020049C9020084C902009EC90200A6
:10A5F000D7C902003CC70200EDC9020008CA020028
:10A600001ACA020010B54FF0FF340E4B0E490F4826
:10A610001C60F5F713FF0E490E48F5F70FFF0020F9
:10A620000D4B0E4918700E4B18700E4B18700E4BD8
:10A6300018700E4B18700E4B1C60BDE81040FDF7F3
:10A640005FBC00BFA4020020B0700500F4CF002062
:10A65000258002004C070020D3CF002028CA02002A
:10A66000D1CF0020B3CF002092CF002072CF0020A6
:10A67000A002002008B5431CB3F5807F07D8054B26
:10A68000054918600120FDF73BFC002008BD6FF074
:10A690001500FBE7A4020020AF8A020008B50346BC
:10A6A00050B12021064A074811F030FB012006492D
:10A6B000FDF726FC002008BD6FF01500FBE700BF8A
:10A6C0000DA80200F4CF0020F58A020008B5034669
:10A6D00050B12021064A074811F018FB0120064915
:10A6E000FDF70EFC002008BD6FF01500FBE700BF72
:10A6F0000DA802004C0700201A8B020038B5044652
:10A7000010B96FF0150038BDF5F7A0FE38B9134B3E
:10A71000134918700120FDF7F3FB0020F3E7202810
:10A72000EFD10E49621E08461F3412F8013FA3F113
:10A730003005092D08D9A3F14105052D04D9A3F150
:10A740006105052DDDD8203BA24201F8013BECD18B
:10A750000023044980F82030DCE700BFD3CF00207D
:10A7600035CA020040CA020073B50C490C480E7885
:10A770000C4A002E08BF01460B4B14781D7800913F
:10A780000A49002D08BF0346002C08BF024609688D
:10A79000074813F097F802B070BD00BFD3CF002078
:10A7A0005A950200F4CF00204C070020A40200209C
:10A7B00049CA0200044B05491870054B002818BF10
:10A7C0001946044813F07EB84B07002088CA0200DF
:10A7D00080CA020091CA0200002337B50193384BAA
:10A7E0001C783CB1374813F06DF86FF00F04204629
:10A7F00003B030BD3448FDF7B9FC0122334B344D72
:10A800001C70344B28681C70334B1C70334B1A700F
:10A810004FF0FF32324B1C70324B1C70324B1C70AD
:10A82000324B1C70324B1C60324B1C70324B1C7014
:10A83000324B1C70324B1C70324B1A60324B1C7006
:10A8400010B106F059F82C6001AA0F202F4906F02C
:10A8500023F901992E4813F035F800214FF40050E8
:10A8600012F003F913F04EFF014628B110F1780FF2
:10A8700002D0284813F026F840F65D70002112F04F
:10A88000F4F8002002F0C2FB044658B110F1780F32
:10A8900008D00146204813F015F804201F49FDF7A1
:10A8A0002FFBA4E703201E49FDF72AFB01201C49CA
:10A8B000FDF774FC1B4813F005F8002497E700BF70
:10A8C00071CF0020A4CA0200D3CA02001ED2002009
:10A8D000F06D00201DD200201CD200201BD20020D1
:10A8E0001AD2002019D2002016D2002017D2002040
:10A8F000E06C0020D1CF0020B3CF002072CF002029
:10A9000092CF0020A00200206BCF002057C9010089
:10A91000E2CA020008CB02002CCB020051CB02009D
:10A92000F18002006CCB020010B5114B1B78B3B163
:10A93000104B1B68B3B1104B1B78B3B1FFF7F2FAA1
:10A94000044650B901220D4B09200D491A70FDF73C
:10A95000D7FA20460A49FDF721FC204610BD6FF0CA
:10A960008504FAE76FF07F04F7E76FF00A04F4E775
:10A9700070CF0020F06D00201ED200201CD20020DD
:10A980009DCB020010B5174B1B7853B3164812F03D
:10A9900099FF16490020FDF701FC0023144A1370AB
:10A9A000144A1370144A1370144A1370144A137023
:10A9B000144A1370144A137013F0A4FE014628B110
:10A9C00010F1780F02D0114812F07CFF104C206873
:10A9D00038B1132115F053FC206805F08DFF0023DA
:10A9E000236010BD70CF0020B2CB0200DBCB020091
:10A9F0001BD200201AD200201DD200201ED200201F
:10AA000019D2002016D2002018D20020E8CB020074
:10AA1000F06D00202DE9F0470124DFF8A0918CB003
:10AA2000674889F8004012F003F8664812F000F811
:10AA3000654811F0FDFF654811F0FAFF644811F018
:10AA4000F7FF644811F0F4FF634964481AF057F9BE
:10AA5000634964481AF053F90023634A1370634A48
:10AA60001370002000210522CDE90601CDE9023254
:10AA70005F494FF44062CDE9003304935D485E4B7B
:10AA800010F0D4F90DF010FBDFF8708101465C4F37
:10AA90005C4E5D4D00283FD05C4812F013FF5C49CE
:10AAA0005C4813F031FE00204FF0010A5A4B89F840
:10AAB00000A01870594B1870594B1870594B1870EA
:10AAC000594B1870594B1870594B1870594B1860E6
:10AAD000594B1860594B1870594B1870594B1870D6
:10AAE000594B1860594B83F800A004F047FC04460A
:10AAF000F8B10146564812F0E5FE002389F800300F
:10AB000088F800303B70337001232B70FDF762FB37
:10AB100020460CB0BDE8F0874E4B3870307028707E
:10AB20001C7088F80040FDF755FB4B4812F0CAFE38
:10AB3000B5E74A4C23783BB9494806F015F949482E
:10AB400084F800A012F0BEFE13F055FC00230B9316
:10AB5000454B46480993464B09A90A9313F018FE42
:10AB6000044610B101464348C5E7CDE909000B9002
:10AB700009A802F019FA404802F060F93F4812F0C3
:10AB8000A1FE01233C7088F8003034702C70FDF772
:10AB900021FB3B4812F096FE3A4812F093FE204605
:10ABA00002F034FA044610B101463748A3E74FF4E7
:10ABB0000040002111F059FFF9E700BF70CF0020DD
:10ABC0005C6D0020446D00202C6D0020146D002071
:10ABD000FC6C0020E46C0020297F000088420020EB
:10ABE00061820000B84200206CCF00206BCF0020B3
:10ABF000C0E2002008420020A9A1000023D20020CA
:10AC000022D2002021D2002020D200207B910200FD
:10AC1000905B0200B86D00201ED200201DD20020E3
:10AC20001CD200201BD200201AD2002071CF00209D
:10AC30006FCF0020D06C0020CC6C002019D20020F7
:10AC400016D2002017D20020E06C002015D2002080
:10AC500074AA020024D200209091020069CF002043
:10AC6000700200200BCC0200B9850000746D00203A
:10AC7000FD830000F1AA0200680200203ACC020025
:10AC800068CC020095CC02000F960200F8B505686A
:10AC9000C6685C1C2C44A64205D2006A082111F04B
:10ACA000C2FF0020F8BD14783BB19C1E062C8EBF5D
:10ACB00000240E4F3C5D1834E4B2B542EDD204F0EE
:10ACC0001F0444EA411129700168134401310160F5
:10ACD000934204D18368013383600120E2E7016875
:10ACE0004C1C046013F8014D0C70F1E7066A050076
:10ACF000014B1B68184700BFA8020020014B1860D9
:10AD0000704700BFA802002030B585B004460D464C
:10AD10001022002168461AF08CFB02238DF80230C5
:10AD2000044B2A4621466846019311F0A1F805B06C
:10AD300030BD00BFF1AC000080B505460E46174699
:10AD4000984610F061FB03461AF0D4FB0446DFF886
:10AD50001890424649F8003039463046A84754F822
:10AD6000090002F049FF00BF08000000044608B5D2
:10AD7000EFF31183202383F31288BFF36F8F0DF05D
:10AD80004DF8204602F0EEFE024812F09BFD14F052
:10AD900094F9FCE70D6A05002DE9F047058B0446A0
:10ADA0002807904611D4022905F0070540F0CC8011
:10ADB000204612F035FE78B10138218B042811D8D5
:10ADC000DFE800F0C2106D85950001290CBF45F049
:10ADD000100545F02005258388F31188BFF36F8F98
:10ADE000BDE8F08701F0070AAA4500F0A58000271A
:10ADF000B9463E46A368002B00F0BC8041F0080134
:10AE0000218388F31188BFF36F8FA168002900F0B8
:10AE1000BA800D68002900F0B680334652462046BD
:10AE2000D1F80480C047002D76D02B6829461D46F6
:10AE3000F0E701F007035A1F012A1BD8002221F076
:10AE40000701062B276889B2C4E9002209D13B46D5
:10AE500003E0628B013262831B68002BF9D141F061
:10AE600002012046218312F0DBFD00287AD041F058
:10AE7000200176E0042B0AD121F0070189B2204697
:10AE8000218312F0CDFD10B141F020012183218BEF
:10AE900001F0070AAA454FD00027B946AAE723695F
:10AEA00021F0070141F00601062DD3F8009021831F
:10AEB0002DD1B9F1000F3FD041F00801218388F373
:10AEC0001188BFF36F8F20463949C84729E021F028
:10AED0000701236941F0040189B2042DD3F80490DD
:10AEE0002183E6D000274FF0040A3E4682E721F096
:10AEF0000701236941F0050189B2052DD3F80890B7
:10AF00002183D6D000274FF0050A3E4672E700277E
:10AF10004FF0060A3E466DE72B4687E7B9F1000F72
:10AF2000D1D1EFF31188202383F31288BFF36F8F01
:10AF3000238B23F008032383258BEA062ED525F0E7
:10AF40001003238305F007056669218B002EBFF6E9
:10AF500070AF00232768C4E9003321F0070141F0F6
:10AF600001012183218B4FF0000901F0070AAA4556
:10AF70007FF440AF002F9CD041F00801218388F37B
:10AF80001188BFF36F8F002FC8D03D683946334614
:10AF90005246204612F070FD2F46F4E7AB067FF5CF
:10AFA0001BAF25F02003238305F0070500E700BF52
:10AFB000A5DA0100034A13680BB952681360002038
:10AFC000704700BFAC02002030B50C460E4985B07A
:10AFD0000291D0F8D4110546CDE9003100F1F0011D
:10AFE0004FF0FF3320460EF085FE50B9012384F860
:10AFF0006C30D5F8D03123B1204605B0BDE83040E3
:10B00000184705B030BD00BF61DF010038B50C4600
:10B010001146054612F0A6FF034638B928460449F2
:10B0200012F0A0FF03460020236038BD0120FBE79B
:10B03000B07005002DE9F04F01238146056946688F
:10B0400087B005F56377D7E8EF2F002A03D1C7E86B
:10B05000E13F0029F7D10CBF1A46002240F0B4802E
:10B06000B368B16A05F5F8781C1F104612F0FEFFB0
:10B07000844272D8013A00F0A180B2FA82F24FF015
:10B080000044D44072682046073222F00302C5F81B
:10B090008822B16A12F0EAFFC5F88C02B36A404612
:10B0A0006343033323F0030302EB4302230103EB67
:10B0B0004403093323F0030303EBC403C5F88022E0
:10B0C0001A440832C5F87C227368C5F88442C5F872
:10B0D00078323F4BC5E9B363D9F80030C5F8243264
:10B0E000316800F0DFF90446002834D1D9F810B0F7
:10B0F000D9F804A0D9F800300BF53A7905900493FB
:10B100004846DAE90734012B08BF103C19F0F1FD7D
:10B11000DAF824002F4904AB01EB80214FF4806260
:10B120004846009323460FF065FD2B490BF536701A
:10B1300019F07AFDDAE9050183685C684CB15B4679
:10B14000264AA047044630B9DAE9050183681B693D
:10B150002BB96FF05704002129E0013285E7012265
:10B16000984704460028F6D11D4B2846C5F8D03133
:10B170001C4BC5F8D4311C4B0393D5F838320293DD
:10B18000D5F83032CDE90083D5F89032B26AD5F8DF
:10B19000881300F04FF904460028DCD105F1F000D7
:10B1A0000EF04EFE0028C5F890030ADB0221384657
:10B1B00012F00CFF204607B0BDE8F08F6FF00B04D3
:10B1C000C9E76FF01504C6E76FF07704F2E700BF38
:10B1D000B7DF0100C0EE00209DDF010091DF01001C
:10B1E000EDB1000043E10100FDDF010013B50446AD
:10B1F00040B100230122CDE90032074BD0E909120A
:10B200000EF028FD236F1B6823B1606F02B0BDE80C
:10B210001040184702B010BDB070050013B50446C9
:10B220000846216901F56371D1E8AF1F022910D1E9
:10B2300093B1A0B10121CDE900311346D0E9091243
:10B240000EF008FD074B984208BF6FF00B0002B0EC
:10B2500010BD6FF00F00FAE76FF04C00F7E76FF0EA
:10B260000100F4E72EF8FFFF2DE9F7438846154665
:10B27000066906F56373D3E8AF3F022B5FD113680D
:10B2800023B96FF0150003B0BDE8F0831B78002BE5
:10B29000F7D0D6F88893B9F1000F33D106F5EC77E3
:10B2A0004FF0FF324FF0FF3338460FF0EFF93046E2
:10B2B0002A6801A9FFF7AAFE019C1CB9384612F0C2
:10B2C00083FEDEE705F1080323676B6984F86C9061
:10B2D0006367646460B1384612F076FE21463046FA
:10B2E000A36E2A68FFF770FE0020C8F80040CAE786
:10B2F0002022296804F1480019F0B8FF384612F0FE
:10B3000063FEF1E730460F4912F02CFE0446002898
:10B31000B7D005F1080303676B69406443670023F6
:10B3200080F86C3020222968483019F09FFF2246AF
:10B330000121304600F060F80028D5D0A1E76FF079
:10B340000F00A0E7B070050010B50C46006900F5CD
:10B350006373D3E8AF3F022B0FD189B10A4900F5DF
:10B36000367019F09CFC204618F07EFF78220021F0
:10B3700020461AF05EF8002010BD6FF00F00FBE7CA
:10B380006FF00100F8E700BFF46D00202DE9F04FE9
:10B3900005460E4690460027D0F8C4A085B0AAF511
:10B3A000BE7421463046F5F73FF8E0B9114BA4F1E1
:10B3B000480B0293DAF810303246CDE90083294673
:10B3C0004FF0FF335846AAF5E2790EF093FC60B9CE
:10B3D0007823012203FB079383F86C20DAF80C3002
:10B3E0000BB158469847783417B105B0BDE8F08FD7
:10B3F0000127D6E771E101001FB5144690B18AB16B
:10B40000012912D10A4B00F1F0010293D0F8D43196
:10B41000483201934FF0FF33204600930EF06AFC50
:10B4200004B010BD6FF01500FAE70020F8E700BF88
:10B4300071E101002DE9F04387B00E46DDE90E8190
:10B440001446DDE910251F4630B329B3DFF850C09C
:10B4500000F1F009002D08BF65469EB9CDE903440F
:10B4600000F5E2742046059619F098F903ABCDE992
:10B4700000432A463B46414648460EF05BFD07B076
:10B48000BDE8F083002241460E9248462A4607B0A6
:10B49000BDE8F0430EF0A4BE6FF01500EFE700BF6B
:10B4A0008DB30000F0B50E46044689B0002872D076
:10B4B000436B0BB9394B436301232246E3630023FB
:10B4C000D4F8981004F1400042F8301FCDE9013360
:10B4D0004FF0FF330093D4F89C3018F099FB304ABA
:10B4E00006AB92E8030083E8030018460EF0B8FAB2
:10B4F0000546D8B904F134000EF094FA0546A8B90F
:10B50000616B284805AA18F05FFB054670B9059BDA
:10B510009A6872B10C33D4F89400C4F8A03012F0D9
:10B5200058FEC4F8D40030B96FF00B05284609B0B6
:10B53000F0BD0346EFE7D4F8940012F04AFEC4F8D9
:10B54000D8000028F0D0D4F88C30D4F8A010C4F87B
:10B55000A8300423C4F8AC30C4F8C4300223A3627A
:10B56000114BB4F89420D4F8D470C4F8B810C4F8CF
:10B57000D010D4F89010236204F1A403A4F8B020F2
:10B58000C4F8A470C4F8C010A4F8C820C4F8BC0063
:10B59000A661E362CAE76FF01505C7E7366A0500E2
:10B5A000CC590200406A0500C05B0200014B0360F9
:10B5B00000207047EC5B0200F0B40C4B0C4E5F6A4D
:10B5C0000C4BB34203D36FF08500F0BC70475D684D
:10B5D000BD4209D31C693CB195F802C00579AC4560
:10B5E00002D12346F0BC18472433EAE71C6E002042
:10B5F000B80B0020940B00202DE9F04705460E46BD
:10B600001746124CDFF84880DFF84890444503D3D2
:10B610006FF08500BDE8F0876268D9F824309A425F
:10B6200012D3A36983B190782979884205D13A462B
:10B6300031462846BDE8F04718475279012A03D120
:10B640003A463146284698472434DFE7940B0020D9
:10B65000B80B00201C6E00202DE9F04105460E4677
:10B6600017460A4CDFF82880444502D36FF0850066
:10B6700009E063690BB92434F6E73A4631462846B7
:10B6800098470028F7D1BDE8F08100BF940B002057
:10B69000B80B002010B5044617F0ACFC10F1780F81
:10B6A00000D050B9204612F0D2FD044AD2F8C4307E
:10B6B00023EA00030020C2F8C43010BD1C6E002035
:10B6C0000022024B1A605A60704700BFD76E0020FC
:10B6D00070B50B4B0B4CA34201D3002070BD002270
:10B6E000196A1E7F0439D5B2AE4201D82433F2E77D
:10B6F000013211F832508542F5D10120EEE700BF4A
:10B70000940B0020B80B002008B509480378C3F358
:10B7100041130A3350F823303BB100F1080200F125
:10B7200010019847C043C00F08BD1846FCE700BF92
:10B730001C6E002004282DE9F14F04460F46DFF867
:10B74000949016D001282DD1DFF88C8098F8B9306C
:10B7500043B300F0FFFD214D4D4520D24FF0000ACC
:10B76000D5F820B02B7F5FFA8AF6B34204D824358F
:10B77000F2E7FFF7A5FFE7E70BEBC606307917F016
:10B7800039FC0246307912F062FDD8F8C430002A44
:10B7900023EA0003C8F8C4300AF1010AE2DA002300
:10B7A00088F8B9300D4D4D4508D30B4B1B6A6BB172
:10B7B0003946204601B0BDE8F04F1847EB681BB191
:10B7C0003A462146284698472435ECE701B0BDE8C3
:10B7D000F08F00BFB80B00201C6E0020940B0020DF
:10B7E00073B5C4B263060D468DF8074007D02046F6
:10B7F000FFF76EFF78B10D4B93F8BA0058B12046B1
:10B800000A4E55B109F0FAFFF3691BB108200DF19A
:10B8100007019847012002B070BD0AF017F8F369DC
:10B82000002BF7D009200DF10701F2E71C6E002074
:10B8300073B586781E4C8DF800600379427943EA2F
:10B840000223ADF80230C378304603F003038DF8CD
:10B85000043012F0FCFCD4F8C430054618420BD07A
:10B86000304600F059FD3046FFF714FF19F068FA32
:10B8700010B996200FF0AAFD684609F09BFF10F161
:10B88000780F03D010B1002002B070BD9DF8000009
:10B890000AF018F810F1780F01D00028F3D1012038
:10B8A000D4F8C43084F8B9002B43C4F8C430EBE7B3
:10B8B0001C6E00202DE9F047A34E0446B3690F46E5
:10B8C0001546FBB9237803F01F03012B00F09D8080
:10B8D000022B00F0048133BB94F900002A68002891
:10B8E000617834DA062912D008292BD0D9B901237E
:10B8F0005170137096F8C3305B0043F0010313706E
:10B9000002232AE198470028DCD100200DE062885C
:10B91000100A011F0129844605D9072803D8716A36
:10B92000D2B20C781CB96FF01500BDE8F0874E78E4
:10B93000664503D19A4200F00B8101332144F0E7C0
:10B940000B780AE196F8BA301370012305E101394A
:10B950000829E8D801A353F821F000BFF5B9000089
:10B9600027B9000003BA000027B9000081B9000020
:10B9700027B9000027B9000027B900008DB90000E1
:10B98000A07809F005FF0028BFD0CCE76388756A6E
:10B9900063BBFFF795FE638886F8BA30F369002B26
:10B9A000B3D0032069499847AFE76B78042B10D0D8
:10B9B000052B11D0022B04D16F796388BB4208BFDD
:10B9C00001202B781D442B78002BEED10028AAD023
:10B9D000DFE795F80380F4E76388BB42F1D1B8F163
:10B9E000000FEED12846FFF723FFEAE7FF270020EC
:10B9F000B846E8E76388012B95D1002386F8C33069
:10BA000083E76388012B8ED1F8E796F8BA30D5F832
:10BA100000C0002B87D0756AA3882A4694F804E0FA
:10BA2000107800283FF47FAF5178022904D192F8B2
:10BA30000480F04500F293800244F1E78CF8002086
:10BA40008CF80120396060E7154494E00B2A7FF4FC
:10BA50006AAF00274FF0FF08BA46C14606E06B7890
:10BA6000042B0FD0052B21D02B781D442B78002BD5
:10BA7000F5D1F36913B1514607209847002F7FF4A1
:10BA800044AF50E795F80280A38895F80390984555
:10BA9000EAD163889945E7D1B8F1070F1CD806EBC6
:10BAA0000803AA46012783F8BB90DDE7A388434536
:10BAB000DAD1A3784B450AD0AF78384600F02CFC99
:10BAC0003846FFF7E7FDB0FA80F77F09CCE7284654
:10BAD000FFF7AEFE0746C7E7AA460027C4E794F97A
:10BAE00000206378002A18DA002B7FF41CAF247939
:10BAF0002D6863060AD02046FFF7EAFD00283FF4D0
:10BB000012AF96F8BA30002B3FF40DAF294620460D
:10BB100009F0BCFE00236B70F2E6012B08D0032B6A
:10BB20007FF401AF6388002B7FF4FDAE012103E0B9
:10BB3000618800297FF4F7AEA088FFF751FE002846
:10BB40007FF4E3AEEFE600BF1C6E0020D66E00204F
:10BB5000022829607FF4F4AE4B883B60D5E694F967
:10BB6000000062780028BFF671AF002A3FF466AF8C
:10BB70000A2A7FF4D8AE2A78002A3FF4D4AE697836
:10BB800004297FF461AFA9788B427FF45DAF072B66
:10BB90008EBF00239B1993F8BB308CF80030D4E69D
:10BBA00013B5164C237DF3B9E26801AB8020A16880
:10BBB000019212F05BFB019AA3681344A360E3684F
:10BBC0009B1AE3606BB962B12369E2889A4208DD8F
:10BBD00094F8C82093FBF2F102FB11330BB9012357
:10BBE000237502B010BD002380201A461946237524
:10BBF00002B0BDE8104009F08FBE00BF1C6E0020EF
:10BC0000002330B585B002460D460193002858D177
:10BC1000002935D108220B460DEB020117F003FA7B
:10BC2000002804DA802009F0E9FD05B030BD2A4C77
:10BC3000029AC4E903552260039ABDF80E3062608F
:10BC400004F13802A2609DF908202575002A0ADB5C
:10BC5000802B04D9802009F0D1FD0020E3E713B147
:10BC6000C4E90333E1E7FFF74FFD0028DAD0E288AB
:10BC700023699A42D4BFE260E360FFF791FFD4E703
:10BC8000154C01ABD4E90215002D04DC17F0CBF9FB
:10BC90000028CADAC6E72A4617F0C5F90028D9DB1A
:10BCA000019AA3681344A360E3689B1AE360002B26
:10BCB000BBD104F13803A360FFF726FD0028DCD1D7
:10BCC000B0E78028B1D1044BDA68002AD5D11B7DBA
:10BCD000002BD2D1A9E700BF1C6E0020054B064AFD
:10BCE00058629A62054A0020DA62054A1A63054AD8
:10BCF0009A6170471C6E0020B5B80000B9B500000D
:10BD000059B60000F9B500002DE9F3410446474D4E
:10BD10004FF0FF334FF0FF3245480EF0B7FC95F877
:10BD2000B830002B7BD16B6A83B142482C62E8614A
:10BD30006E6A09F00BFF09F0F9FC041E10DA3C48AA
:10BD40000EF01CFD204602B0BDE8F08100F0BEF808
:10BD5000FFF7C4FF6B6A002BE7D14FF0FF34EEE72B
:10BD600000F01AFB041EEADB7378012B5AD1F37939
:10BD7000002B57D00026684685F8C830ADF8023051
:10BD80008DF804608DF8006009F014FD041ED6DB08
:10BD9000802768468DF8007009F00CFD041ECEDB8C
:10BDA0003046254909F0BEFE041EC8DB384622494C
:10BDB00009F0B8FE041EC2DB204CDFF88480444545
:10BDC0001AD3002009F07EFD041EB8DBD5F8C4307C
:10BDD000802043F00103C5F8C43009F073FD041E50
:10BDE000ADDBD5F8C430002443F48033C5F8C4304B
:10BDF000012385F8B830A2E70026276A227FF3B234
:10BE00009A4201D82434DAE707EBC30257F833101B
:10BE1000107909F087FE01360028EFD09DE76FF01A
:10BE200077048CE76FF0150489E700BF1C6E0020D3
:10BE3000A808002035B7000001BC0000940B0020CA
:10BE4000B80B002030B51F4B8BB005AA03F11005CD
:10BE5000144618685968083303C4AB422246F7D128
:10BE60001B7810222370002101A819F0E2FA122297
:10BE70000021154819F0DDFA102101A817F00FFB79
:10BE800000281BDD0828B8BF082001AB09381A18A4
:10BE900000200D4912F8013F0AAC04EB131403F023
:10BEA0000F0328336B4414F8144C13F8143C01307E
:10BEB00008280C704B7001F10201EBD102480BB065
:10BEC00030BD00BF486A050026D200202DE9F04FA2
:10BED000714B87B093F800B0BBF1000F03D06F48EF
:10BEE00007B0BDE8F08F6D4C00264FF0011AB04648
:10BEF0003546B14623783BB9694B02349C42F3D1B5
:10BF00000123654A1370EAE76378052B1BD8DFE845
:10BF100003F08C03C18C1D39402304A88DF810B0A8
:10BF2000ADF812308DF814B017F04FF840B1082377
:10BF300004A8ADF8123017F048F808B1ADF812B007
:10BF4000BDF81230E37123781C44D3E7E378002B6B
:10BF5000F9D1A3786BB108F101085FFA88F8F2E72C
:10BF60006B689C4207D024354E4B9D42F8D300208D
:10BF7000B6E74D4DF8E7AB68002BECD041462046C4
:10BF80009847E8E7002DF2D000222B7F9A42EED2AC
:10BF9000296AA07801EBC2010B79984201D00132E5
:10BFA000F3E70127E078FBB200F003008DF81400FE
:10BFB000207994F805C040EA0C20ADF8120094F9FD
:10BFC0000200002826DA4FF0010C07F110000CFAED
:10BFD00000F010EA0A0F24D143F080008DF8100021
:10BFE00004A8CDE90213019216F0EFFFDDE901216B
:10BFF000039BB0B99DF8102012F0800FA2700A7157
:10C000004FF001021DBF1033DBB29A40BA404AEA3A
:10C01000020A98E70120B84010EA0A0F01D1184639
:10C02000DCE70137102FBDD1B9E7032E1AD1FFF796
:10C0300009FF074650B1F4F709FA024630B110285B
:10C04000A8BF10223946A01C19F0CCF96FF00201EC
:10C050002378091BE21804EB5303D14213D50136B0
:10C06000F6B270E7002EF1D1B9F1000F3FF47FAFC7
:10C07000A4EB090389F80230C3F3072389F80330DE
:10C0800089F80480EBE702F801BC13F8010902F813
:10C09000020DE2E7A14656E725D20020C40A00209F
:10C0A000910B0020B80B0020940B0020094B0021BD
:10C0B0001A4610B51C78844205D15C681CB148232F
:10C0C00003FB012010BD0131042903F14803F1D124
:10C0D0000020F7E7E86E00202DE9F34150F8303CEE
:10C0E0000446103310F8346C0AD1036950F8282C38
:10C0F000980736D5D2B9590715D5002344F8303CF6
:10C1000054F8303C10330BD054E9097554F81C8CAA
:10C1100018F016FE00284FD021462E4818F0AFFD2B
:10C1200002B0BDE8F08143F004032361304654F8C7
:10C130002C1C01AB12F09AF810B16FF01503DDE77B
:10C14000019A54F82C3C134444F82C3C54F8283CF5
:10C150009B1A44F8283C54F8243C134444F8243CEB
:10C16000CEE7304654F82C1C01AB09F051FC0028F6
:10C17000E3D1019D54F82C3C2B4444F82C3C54F85A
:10C18000283C5B1B44F8283C54F8243C2B4444F8DE
:10C19000243C002DB1D0304609F0DEFCB5FBF0F3B5
:10C1A00003FB1055002DA8D154F8283C002BA4D037
:10C1B000304609F075FCA3E744F8200CA4F1180000
:10C1C0000EF04AFB002DABD0424639463046A84718
:10C1D000A6E700BF804600204B1E012B73B5064624
:10C1E0000D460FD8FFF762FF044668B9012D09D14B
:10C1F00001AB012230460DF1030109F009FC019B5E
:10C20000002BF5D102B070BD18F09AFD04F1340195
:10C2100008B1012D05D1084602B0BDE87040FFF716
:10C220005BBF034802B0BDE8704018F028BD00BFF6
:10C23000804600202DE9F74F804617469946009129
:10C2400012F05AF8044600285CD1EFF3118B20233A
:10C2500083F31288BFF36F8F2C4900220846002316
:10C2600001910EF01DFB019968B948226243DFF885
:10C27000A0A00AEB02056E6816F1100F12D1084655
:10C280000EF0EAFA06E00134042C01F14801E4D191
:10C290006FF00B068BF31188BFF36F8F304603B03E
:10C2A000BDE8F08F0AF802800C9A009B6A610D9A33
:10C2B0002861AA616FF00F024046C5E90237C5F850
:10C2C00044906A6009F048FC58B1404609F044FCCB
:10C2D000B7FBF0F202FB10771FB16A6C42F0040268
:10C2E0006A6419F0020F08D0482202FB04A1094831
:10C2F000343118F0C4FC0026CCE7404609F0D0FBEE
:10C300000646C7E76FF00F06C8E700BF046F0020BE
:10C31000E86E00208046002010B5EFF31184202342
:10C3200083F31288BFF36F8FFFF7C0FE50B14368ED
:10C33000103307D16FF08B0300F1340143600448E0
:10C3400018F09DFC84F31188BFF36F8F10BD00BF00
:10C3500080460020F8B5042520270D4CEFF3118608
:10C3600087F31288BFF36F8F6368103307D16FF0C4
:10C370008B030848636004F1340118F080FC86F3F5
:10C380001188BFF36F8F013D04F14804E6D1F8BD79
:10C39000E86E00208046002070B50025094C0A4E4A
:10C3A0003146204618F040FC0122A4F11800114645
:10C3B000013518F0B6FB042D04F14804F0D100203B
:10C3C00070BD00BF1C6F0020D9C0000070B50446CE
:10C3D0000E4601791548154611F06BFF10B394F91C
:10C3E00000206378002A16DB202B04D0222B0ED0ED
:10C3F0006FF085000AE02B681A6840F8102C9A88C4
:10C4000020F80C2C9B7900F80A3C002070BD638852
:10C4100000F8093CF9E7212BEAD1072310382860FE
:10C420003360F2E76FF01200F0E700BF0870002001
:10C43000014608B5034811F049FF10B1012300F887
:10C44000073C08BD087000200123016981F84B30CA
:10C450000B6833B191F849301BB10248083118F02C
:10C460000EBC7047804600200123016981F84A30E4
:10C470000B6833B191F848301BB10248083118F00D
:10C48000FEBB704780460020012370B582F848301B
:10C4900013680D4614463BB192F84A3023B10E485A
:10C4A00002F1080118F0EBFBD4F890301A699B6890
:10C4B0009A4205D17DB904F1180140F6CD4204E05D
:10C4C00004F11801002DF8D00022BDE870400023CF
:10C4D00001480EF009BC70BD8046002070B50569AA
:10C4E00095F89E00E0B195F89F30D3B985F84830B3
:10C4F000EFF31186202383F31288BFF36F8FD5F8F3
:10C50000900011F0E4FB044686F31188BFF36F8FAF
:10C5100000220023044805F118010EF0E5FB204637
:10C5200070BD0020FCE700BF8046002000210346CC
:10C530000C4AA0F84810106883F89C10C3F89400C7
:10C5400090889279A3F8980083F89A2083F89B103A
:10C550004022A3F89E1083F8A01003F14C0018F0BD
:10C5600068BF00BF7C5A0200F0B5D0F88C3004469A
:10C570005B6885B01B6A1F7D384611F0BDFE06461C
:10C58000F8B994F88630E3B14FF48062A06F03A944
:10C5900011F0BCFB0546A0B18306A4F1180384F892
:10C5A00030600193084B08BF00F1FF3503990093F9
:10C5B0002A4602233846FFF73DFE2946A06F11F0B8
:10C5C000C1FB05B0F0BD00BF89C40000002310B559
:10C5D0000469C4F8A8300C4BC4F8A400596804F1ED
:10C5E000A80269B9C3E9002204F10800074918F05C
:10C5F0001BFB04F11800064918F081FB002010BD58
:10C600000A605A60F0E700BF0870002023E30100D1
:10C6100069C50000002373B5202504698DF8071053
:10C6200084F84830EFF3118685F31288BFF36F8FDB
:10C630000122D4F890000DF1070111F048FB86F3B8
:10C640001188BFF36F8F01280AD018F079FB10B959
:10C6500094F8A1306BB9094B1A780AB901221A7003
:10C660002122002304F1180105480EF03DFB02B021
:10C6700070BD002121200EF08BFED3E738D20020C0
:10C680008046002037B514460A1E054620DDD4F842
:10C690008C0004F14C0111F01AFB012384F849309D
:10C6A00023683BB194F84B3023B1114804F10801E1
:10C6B00018F0E5FAD4F88C104B684A699A1ACB69DD
:10C6C0009B1A3F2B04D8012384F8A03003B030BD5F
:10C6D00094F89E30002BF9D0064B40220093284658
:10C6E0000123019404F14C01FFF7A4FDEEE700BF24
:10C6F0008046002085C60000F7B50D4601461D485E
:10C7000011F0CCFD044610B3064656F8A439691E54
:10C710005F6805291BD8DFE801F01C1A031C2226DC
:10C7200010F8061C99B9012300F8063C3B6A324612
:10C73000187BFFF7A7FF14F85C2C42B93B6A11463F
:10C74000187D0D4B019600930223FFF773FD03B094
:10C75000F0BD304603B0BDE8F040FFF7E7BE01236F
:10C7600004F8053CF3E710F8053C002BEFD000235C
:10C77000F6E700BF0870002089C4000037B5002428
:10C78000084D4FF0FF334FF480622846064900946D
:10C790000EF030FA0549284618F0D8FA204603B0C2
:10C7A00030BD00BF80460020C0F20020676A05004F
:10C7B0002DE9F0410F4B05461C680E461746ACB1FB
:10C7C0004FF0FF324FF0FF330B480DF05FFF63680F
:10C7D0003246D3F8088029463B462046C0470446E7
:10C7E00005480DF0CBFF2046BDE8F0816FF0010455
:10C7F000F9E700BF1070002080080020002330B54A
:10C8000085B00546CDE9023301904FF0FF334FF07C
:10C81000FF320B480DF03AFF0A4B1C684CB9284612
:10C8200000F042F8044606480DF0A8FF204605B087
:10C8300030BD636820461B6801A998472468EDE76E
:10C8400080080020147000201FB5CDE9010103927B
:10C850004FF0FF334FF0FF3209480DF017FF094B3F
:10C860001C682CB906480DF089FF204604B010BDA5
:10C87000636820461B6801A998472468F1E700BF58
:10C8800080080020147000200022024BC3E900221F
:10C89000704700BF147000200022024BC3E9002241
:10C8A000FFF7F2BF1C700020F8B506460025174CB4
:10C8B000174FBC4208D3174B1C682CB3143CB6B9B5
:10C8C000E368E3B96469F8E72EB9E3685BB9284621
:10C8D00005461434EDE700223146206811F092FD40
:10C8E0000028F2D1F3E79847002DF0D1F0E70022BD
:10C8F0003146206811F086FD0028E1D1E2E7984733
:10C90000002D08BF0546DDE72846F8BDF4580200B3
:10C91000585902001C70002038B50C4D4FF0FF3301
:10C920004FF0FF320A480DF0B1FE2B783BB9FFF70C
:10C93000B3FF11F09DFD044610B901232B700024B4
:10C9400003480DF01BFF204638BD00BF39D2002040
:10C950008008002008B5044810F0B4FFBDE8084086
:10C96000024810F0AFBF00BF706A0500A56A05005D
:10C9700030B50024094D0A4B85B028460293039434
:10C9800018F0B7F902AB284600934FF480620A23EF
:10C9900004490EF02FF9204605B030BD2047002095
:10C9A000D36A0500C0F6002038B5144CC51CD4F875
:10C9B000503125F0030523B1D4F858312B44782B9E
:10C9C00019D97C21012018F0E9FB78B1002303601C
:10C9D000D4F854215AB9C4E95400C4F85831D4F8F1
:10C9E00058311A1D1D441044C4F8585138BD106008
:10C9F000C4F85401F1E7D4F85401F0E724700020A2
:10CA00000848D0E8EF3F43F00203C0E8E23F002AC5
:10CA1000F7D1436AA0F59C701B680BB141681847B9
:10CA2000704700BF5C7100202DE9F041154C0546B0
:10CA3000D4F834318846222B03D900263046BDE88D
:10CA4000F08103681B78022B8EBF00270E4AD75C4B
:10CA5000C819FFF7A9FF0028EFD0D4F834314044BB
:10CA60005A1C0333C4F83421DB002A8A1E1D2644D5
:10CA70001C4422816B8A6060A3723A46296818F0D0
:10CA8000B1FCDBE724700020E16A050070B50546C3
:10CA900050B10378022B8EBF0026074AD65C304681
:10CAA000FFF782FF044610B90024204670BD3246CD
:10CAB000294618F097FCF8E7E16A0500F7B5454C00
:10CAC0000D462368834205D06FF00D01204611F01A
:10CAD00011FD1AE0137C032B65D004D8022B10D172
:10CAE0006FF015011CE0052BFAD100293CD1D4F8D8
:10CAF0003431012B28D9238C01332382032323765D
:10CB00002CE021B9204611F022FD002042E0CF6840
:10CB100028460821FFF788FF064618B96FF00B0179
:10CB20002C48D4E711F027FD3B68054603607B687D
:10CB300043600068FFF7AAFF28600028EED0AB88AA
:10CB4000E382B2889A4202D1FFF75AFFDDE7002361
:10CB5000A36005232376B3880133238204F5B271E1
:10CB60001D4818F08CF8D0E7002442F6030328682B
:10CB700001A98DF80440ADF8063012F01DFC58B93B
:10CB800008212846FFF750FF044611F014FD2368E2
:10CB90000360012003B0F0BD21462846FFF744FFA3
:10CBA0000028F6D1BAE70029CED02046098A11F034
:10CBB00061FC10B96FF0020188E7ED6811F0FBFC31
:10CBC0002B68044603606B6843600068FFF75EFFF4
:10CBD0002060E5E72470002020470020F8B50746D4
:10CBE000164619B10A7812F0FD0F44D1002E42D03A
:10CBF000244CD4E8EF5F45F00102C4E8E02F0028A0
:10CC0000F7D115F0010239D1A4F59C740029C4E9CB
:10CC1000007314BF01230023C4E9542284F8603157
:10CC2000C4F85C61C4F83421C4F8582108D00B78EA
:10CC30001548022B9CBF154AD25C18F0D3FB124951
:10CC4000134BA160E360012323824FF6FF73E3825D
:10CC5000002310491048237617F0E6FF38460F49A5
:10CC600006F0AAFA044620B16FF00101054811F060
:10CC700036FC2046F8BD6FF01504FAE76FF0770434
:10CC8000F7E700BF5C71002060710020E16A0500D9
:10CC9000BDCA000021E50100887100202C70002031
:10CCA00070B5064C86B001AD0FCC0FC52668044C9C
:10CCB00001AD0FCD0FC4266006B070BDD45902007F
:10CCC000F07100204FF0C872024B0349C3E91912FA
:10CCD000704700BFA0710020180028002DE9F04F18
:10CCE0002B4E8BB096F8413004468846039213B31E
:10CCF00000273D464B7896F848B096F840A001933F
:10CD0000574505D384F83C50BBF1000F11D131E0F9
:10CD10004FF00009D8F80430039A02931D4B9B5C36
:10CD20000093019B994509D3BBF1000F2CD084F8E7
:10CD30003C50AA4520D00BB0BDE8F08F029B009A72
:10CD400003EB090105A812F065FB0028ECD0B16ADD
:10CD500005A812F031FB10B1009B9944E1E7B16ADC
:10CD600004EB850201359163EDB2BBF1000F0BD1ED
:10CD700084F83C50002DDED06378013363700123CA
:10CD800084F83430A370D6E701371836B8E700BF0F
:10CD9000A0710020E46A05002DE9F04703780546FC
:10CDA000023B0C46072B22D8DFE803F026262C2C6A
:10CDB0002E2E2104154F97F82130C3B1002697F885
:10CDC00020A090F80180564511D207EB4619424643
:10CDD0004846696818F038FA60B96378C4F8189062
:10CDE00001336370012384F81C802375A370012034
:10CDF000BDE8F0870136E6E7002229462046FFF726
:10CE00006DFFF4E70122F8E70222F6E7A0710020A7
:10CE1000F8B505460E461746074B1C6854B154F842
:10CE2000043C043C1B681BB13A46314628469847EF
:10CE30006468F3E7F8BD00BF9871002050B100238B
:10CE40004360054B021D596811B9C3E900227047C0
:10CE50000A605A60704700BF98710020002370B5C7
:10CE60000E4686B00546019311F04CFC154B02AC02
:10CE70000FCB84E80F0001AB21463046124A04F084
:10CE800091F80835114B50B11C68C4B154F8043CFA
:10CE9000043C9B680BB1284698476468F5E7019EFF
:10CEA0001C684CB154F8043C043CDB6813B13146B7
:10CEB000284698476468F4E7019803F01DFD06B022
:10CEC00070BD00BFE8590200047200209871002074
:10CED0002DE9F041304D96B006460C465422002113
:10CEE00001A818F0A6FA95F848308DF8073095F8A3
:10CEF000213013B101238DF8043095F8413023B16E
:10CF00009DF8043001338DF80430337A204603F065
:10CF100001038DF8083012F0EAF907461F49204650
:10CF200001AAB4F8048012F007FBA368A4F80480F7
:10CF300013FA87F71A4B2760CDE904349DF80730C0
:10CF4000346803969DF80860A3B19DF805209DF80C
:10CF500004309A4212D1324606A903A8FFF758FFBF
:10CF600095F84C301BB1214601A8FFF777FF16B0AA
:10CF7000BDE8F0819DF80630002BECD1094B1C6810
:10CF8000002CF4D054F8043C043C5B6813B13146E7
:10CF900003A898476468F3E7A071002099CD0000CA
:10CFA000047200209871002070B50646144C154894
:10CFB00003F056F94C220021204618F03AFABEB18F
:10CFC000337984F84C3035685DB10FCD50340FC4DF
:10CFD0002B682360B2683AB10B4B1068516803C3E9
:10CFE00070BDFFF75DFEF5E7BDE87040FFF76ABE74
:10CFF000FFF756FEFFF766FE84F84C60F0E700BFCF
:10D00000A07100203003002004720020034608B104
:10D01000012805D10448002100F8503F03F0C2B8B0
:10D020006FF01500704700BFA07100202DE9F0439C
:10D030008DB00E46054611F0D4FA11F09CFA07AAFD
:10D0400090462F4B076803F1100C14461868596876
:10D05000083303C463452246F7D11B784146237049
:10D06000384612F0A9F9044628B16FF0850420462D
:10D070000DB0BDE8F08302AFBC46224B03F11009AE
:10D080003A4618685968083303C24B451746F7D12A
:10D090001B7861462846137011F0C7FA074610B98D
:10D0A0006FF01504E3E74246164B9446186859683A
:10D0B0000833ACE803004B456246F6D11B78424684
:10D0C000394628468CF8003011F0EEFA0028E7D0F7
:10D0D00083883946B38000238DF8043042F602136A
:10D0E000284601AAADF8063011F0DEFA0028D7D0A4
:10D0F00083882846F38011F072FA3060B7E700BFEA
:10D10000835A0200945A020070B503680BB3051DE0
:10D11000D5E8EF3F43F00404C5E8E64F002EF7D111
:10D1200013F0040318D10E4C016384620489C38593
:10D130008485828600F12801006806F015FB38B16D
:10D14000D5E8EF3F23F00403C5E8E23F002AF7D11A
:10D1500070BD6FF07F00FBE76FF07700F8E700BF6E
:10D1600029E701002DE9F04397B00C46054611F080
:10D1700038FA11F000FA11AA17464A4BD0F800C04D
:10D1800003F1100E164618685968083303C6734534
:10D190003246F7D11B7839463370604612F00CF9ED
:10D1A000064628B16FF08506304617B0BDE8F0831B
:10D1B0004FF0FF3302AA9646A360A3813A4B03F1D6
:10D1C00010099446186859680833ACE803004B45C9
:10D1D0006246F6D11B78714628468CF8003011F073
:10D1E00024FA804610B96FF01506DDE70DF11C0C2E
:10D1F00062462D4BE646186859680833AEE80300CE
:10D200004B45F446F6D11B78414628468EF800304F
:10D2100011F04AFA0028E6D0838841466381002352
:10D220008DF8043042F60213284601AAADF8063004
:10D2300011F03AFA0028D6D00CAA96468388A3812A
:10D240001A4B03F110089446186859680833ACE883
:10D25000030043456246F6D11B7871468CF80030D6
:10D26000284611F0E2F984460028BCD03A460F4B1C
:10D270009646186859680833AEE80300434572467D
:10D28000F6D11B783A46614628468EF8003011F0F8
:10D290000BFA0028A7D083882846238111F09FF934
:10D2A000206081E7A55A0200B65A0200C75A020060
:10D2B00010B5041DD4E8EF3F43F00202C4E8E12FAB
:10D2C0000029F7D19B0720D4114B036101238383ED
:10D2D000438903838389438300F12003D3E8EF1F4D
:10D2E00041F00101C3E8E21F002AF7D100F110016B
:10D2F000006806F0C7FA38B1D4E8EF3F23F0020324
:10D30000C4E8E23F002AF7D110BD6FF07700FBE7D9
:10D3100055E701000449431E0F3013F8012F8A5CC2
:10D3200083421A70F9D17047E76A0500F0B50746E5
:10D33000264E8DB001AD0C460FCE0FC50FCE0FC5DA
:10D3400096E8070085E807003846002F39D0002C02
:10D3500039D0381F0246214610344B780D781B0413
:10D3600043EA0563CD7804312B4311F8025C8C420B
:10D3700043EA052342F8043FEFD10421144C8A0705
:10D38000036916D1C3F30742A55C1A0EA25C42EAF8
:10D390000562C3F30725655DDBB2E35C42EA054243
:10D3A00042EA032221F0030330336B4453F82C3C50
:10D3B000534050F8042F013153402C290361DED132
:10D3C00001200DB0F0BD2046FBE700BFF859020078
:10D3D000E76A05002DE9F04F002703689DB002932E
:10D3E0004368DFF8BCA103938368DDE90246049338
:10D3F000C36805930369DDE904BE06934369079397
:10D400008369DDE9062C0893C36998460993089B54
:10D410000093CD590CAB2DBA5AF8049BDD514FEA5D
:10D42000F223A94483EAB213009D83EA72634B445A
:10D4300025EA020502EA0C0985EA09052B44434462
:10D4400086EA0B054FEA743888EAB408254006EAF4
:10D450000B0985EA090588EAB4580437A844402F27
:10D4600003EB0E054344DE46DDF8008040F0888083
:10D470004FF0100A4B490A9151460AF1010A0DF189
:10D48000700E0AF00F070EEB870757F8407C01F08B
:10D490000F094FEAB748019788EAF71801F10E071C
:10D4A00007F00F070EEB870757F8407C09314FEA6A
:10D4B000F74E8EEA774ECDF82CE001F00F010DF11A
:10D4C000700E0EEB81010EEB890959F840EC51F812
:10D4D000401CBAF1400F7144DDF804E088EADE0830
:10D4E000DDF82CE041448EEA972E714405EA0208EB
:10D4F0004FEAF52E2CEA050787EA08078EEAB51EE3
:10D50000DDF828808EEA756E774458F804EF49F804
:10D51000401C77440F4400994FEA733E394484EA33
:10D520000607CDF828808EEAB30E07EA030704EA5F
:10D5300006088EEAB35E87EA080777440F4401EBDA
:10D540000B0ECDF800C0B34622D1029939440160D8
:10D5500003991944049B416023448360059B334431
:10D56000C360069B73440361079B2B444361089B84
:10D5700013448361099B6344C3611DB0BDE8F08F10
:10D58000B346CDF800C0264694461C462A4640E7DE
:10D59000944626462A461C4675463B466CE700BF25
:10D5A000305C02006C5C020010B50446C8B1702209
:10D5B000002111F017F90B4B0B4A0C49C4E9002369
:10D5C0000B4B0C48C4E902130B4BC4E904030120C4
:10D5D0000A4BA36103F17453A3F52303A3F692430B
:10D5E000E36110BD85AE67BB67E6096A72F36E3C06
:10D5F0003AF54FA57F520E518C68059BABD9831F1E
:10D6000001480EF041BA00BF305D020038B5044653
:10D6100018B90F4B0F485B6898476168B1F5683FD0
:10D6200010D0B1F5680F0DD00B4DA9420AD011F4FE
:10D630006861206807D00146084817F09DF900236B
:10D640002360656038BD142217F0F3FEF9E700BFD0
:10D6500030060020E76B05002C5F5CA90C770020EA
:10D6600008B560B34368B3F5683F0ED0B3F5680FF3
:10D6700018D0144A934220D000684FF0FF324FF088
:10D68000FF330DF003F858B115E001220368D3E829
:10D69000EF1F002903D1C3E8E02F0028F7D10AD1FA
:10D6A000002008BD0368084A1B7803F5807352F810
:10D6B0002330002BF4D00548F3E70548F1E76FF479
:10D6C000E040EEE72C5F5CA900000350E98FFFFF0C
:10D6D000EA8FFFFF08B520B34368B3F5683F09D070
:10D6E000B3F5680F13D0114A93421DD000680DF0B6
:10D6F00045F814E000220368D3E8EF1F012903D1A5
:10D70000C3E8E02F0028F7D109D0094808BD00215F
:10D710000368084A1B7803F5807342F82310002041
:10D72000F4E76FF4E040F1E70348EFE72C5F5CA912
:10D73000E98FFFFF00000350EA8FFFFF10B504469A
:10D7400018B91D4B1D485B6898476368B3F5683F7F
:10D750002FD0B3F5680F2CD0194A934219D1236802
:10D7600003BB4FF0FF324FF0FF33214615480CF05A
:10D77000B1FE08B923681BB90F4B13485B68984783
:10D7800014220021206817F054FE4FF46863636090
:10D7900008E0B3F5683F0DD83A2B03D040F6BA62E3
:10D7A0009342DED1206817F01FF9636843F03A0313
:10D7B000636010BD054AF3E730060020E76B050003
:10D7C0002C5F5CA90C7700200D6C05003A00003A34
:10D7D00008B5064940231422054817F0BFF8BDE8F4
:10D7E0000840044904480EF0C1B900BF0C72002083
:10D7F0000C770020385D02004C5D020030BFFFF75F
:10D80000FDBF00BF2DE9F04105460B4EDFF82C802F
:10D81000324606EB0807CC1B2046094917F0E2FD0B
:10D82000A01942460021083C17F003FE6C6707F17F
:10D830000800BDE8F08100BF000000000800000003
:10D8400058590200074A936893F90E10002907DB24
:10D85000526993421FBF044A536843F08053536098
:10D86000704700BFA892002000ED00E0154B9A6AB7
:10D8700012F0007F9A6A14BF1E201D2012F0807FD4
:10D880009A6A18BF1F2012F4801F9A6A18BF0220DC
:10D8900012F4002F9A6A18BF212012F4802F9A6A7E
:10D8A00018BF222012F4003F9A6A18BF232012F4F6
:10D8B000803F9A6A18BF24206FEA02426FEA124240
:10D8C0009A62704700ED00E010B5194B0246986A65
:10D8D0009C6A10F4805F14BF1720162014F4006FA8
:10D8E0009C6A18BF1820A40509D5986B986A000493
:10D8F00004D51AB19A6A22F400429A6219200C4B9C
:10D900009A6A12F4806F9A6A18BF1A20D2050CD452
:10D910009B6A13F4005F18BF1C20054A936A43F406
:10D920007F43936200230B7010BD1B20F5E700BFFF
:10D9300000ED00E010B51C4B0246986A9C6A10F09E
:10D94000100F14BF1120102014F0080F9C6A18BF8C
:10D950001220A40709D5586B986A000604D51AB19D
:10D960009A6A22F080029A6213200F4B9A6A12F090
:10D97000010F9A6A18BF142012F0200F9A6A18BF7C
:10D980001520D40658BF9B6A074B9A6A920642BF7D
:10D990005A6A22F400525A629A6A42F0FF029A626C
:10D9A00000230B7010BD00BF00ED00E0F0B5474B49
:10D9B00004465B6800258BB0C3F3080385F3118828
:10D9C000BFF36F8F02F07F40B0F17F4F11D102F0B3
:10D9D0000C0008280DD010074CBF0C460125002272
:10D9E000033B8DF80720032B05D8DFE803F0246202
:10D9F000665F2C46F3E700239DF80720CAB902AE04
:10DA000004F12007324620686168083403C2BC4232
:10DA10001646F7D1099A002D53D0C2F3080121B957
:10DA20006FEA52226FEA42220992184602A911F0C7
:10DA300024FB0BB0F0BD254BDA6A9107DBD4DA6A20
:10DA4000002AD8DBDA6A5200D5D55A69A16942F4B6
:10DA500080725A61BFF34F8FBFF36F8F5A6931F8ED
:10DA6000021C22F480725A61BFF34F8FBFF36F8F95
:10DA70004DF60272914209D09A6AD2B242B10120A7
:10DA80000DF10701FFF756FF0346B5E72368B3E73B
:10DA90009A6A12F47F4F05D001200DF10701FFF7BC
:10DAA00013FFF1E79B6AB3F5803FA4D3FFF7DEFED7
:10DAB000EAE700200DF10701E4E700200DF107017E
:10DAC000EDE722F4FF7222F00102ADE700ED00E085
:10DAD000064B5A6942F010025A615A6942F4806258
:10DAE0005A615A6922F008025A61704700ED00E05D
:10DAF000EFF30880EFF3098101B57246FFF756FF97
:10DB000001BD00BF002080F31488BFF36F8F002099
:10DB100080F30A8880F30B880AF08AFB00200E4904
:10DB20000860BFF34F8F0D4880F3088800F03EF87F
:10DB3000202080F311880A484FF40061401880F3D8
:10DB40000988EFF314800221084380F31488BFF39F
:10DB50006F8F00F015F9000094ED00E078270120A8
:10DB6000380E0120BFF34F8F0549064BCA6802F4F7
:10DB7000E0621343CB60BFF34F8F00BFFDE700BFF0
:10DB800000ED00E00400FA05002318460649D1F82C
:10DB90009020C2F30722934200DB7047C1F898300F
:10DBA000C1F8A0000133F6E700ED00E010B572B651
:10DBB000002484F31388FFF7E7FF23464FF0FF307C
:10DBC0000C4A03F120010133102B42F82100F8D157
:10DBD00000234FF0FF30074A03F160010133102B9F
:10DBE00042F82100F8D162B6BFF34F8FBFF36F8FB9
:10DBF00010BD00BF00E100E0084B9B6883420BD1E1
:10DC0000EFF3058343B1064B5A6842F080525A60E5
:10DC10005A6A22F400425A6217F082B9A892002090
:10DC200000ED00E06FF00A01084A9368D9670849DF
:10DC300098674B6843F080534B60002383F311884F
:10DC4000BFF36F8F9368D86F704700BFA892002012
:10DC500000ED00E0EFF31183202383F31288BFF37C
:10DC60006F8F4FF00061084A53699360074A516013
:10DC7000596F074A116000219A6F996782F31188E2
:10DC8000BFF36F8F704700BFA892002000ED00E047
:10DC9000287700200E498A684FF030001044EFF3D7
:10DCA000098C80E8F01F74467046FFF7D3FFA64644
:10DCB00007498A6802F1300090E8F01F8CF3098868
:10DCC00002F1000004B511F0EDF9BDE80440704721
:10DCD000A89200201EF0040F0CBFEFF30880EFF3B2
:10DCE0000980816911F8021C0229FFD001B511F0E9
:10DCF000CAF901BD40B2002807DB01234109034AEC
:10DD000000F01F00834042F82130704700E100E03E
:10DD100040B200280CDB01220649430900F01F0035
:10DD20008240203341F82320BFF34F8FBFF36F8F22
:10DD3000704700BF00E100E0054B420953F8222084
:10DD4000012300F01F0003FA00F01040704700BFED
:10DD500000E100E040B2002801F10101ACBF00F198
:10DD60006040064B4FEA4111C9B2ABBF00F56140BC
:10DD700000F00F0080F800131954704714ED00E014
:10DD80000B4A08B50B4B22F07F029A60BFF34F8F0E
:10DD9000BFF36F8FD3F8882022F47002C3F8882075
:10DDA0000CF0C4FA0DF0CEFB00F04CF80CF0FEFACB
:10DDB0000000000000ED00E042F8203C009B0B4911
:10DDC00042F81C3C019B21F0010142F8183C029BE7
:10DDD00042F8081C42F8143C4FF0807342F8043CAF
:10DDE0000023203A02658367704700BF39AD000009
:10DDF00000B50D4B15469860426F0C4B0E461A60ED
:10DE0000436E83F30B882C4686F309884FF000009D
:10DE1000074B984720464FF000014FF000024FF0AB
:10DE20000003044C204700BFA89200202877002060
:10DE3000ADF0010039AD00001022014B1A617047AE
:10DE400000ED00E0002320210348C2180133452BD8
:10DE500082F80013F9D1704700E100E008B5EFF354
:10DE60000583064A103B02EBC30152F833004968B0
:10DE70008847BDE80840FFF7E5BC00BF98560200A0
:10DE80001FB5094C094A23460121094800F0FAF858
:10DE900000230393074B0121E41A01A80193029484
:10DEA00000F0FAF804B010BD0000072000000020C8
:10DEB0005C5D0200B80B002010B50C7A0B6804F012
:10DEC0001F0223F01F031A43CB68640923F01F03CA
:10DED000054943EA440343F00103C1F89800C1F83F
:10DEE0009C20C1F8A03010BD00ED00E010B5074B3C
:10DEF000D3F89030C3F30723013B984202D8FFF7D1
:10DF0000DBFF10BD6FF01500FBE700BF00ED00E088
:10DF10002DE9F04F0F46144606464FF000084D4DD0
:10DF200085B0B84580F29280D6F80490B9F1000F20
:10DF300036D0B9F11F0F40F2878019F01F0F40F063
:10DF40008380D6F800A01AF01F0F7DD1504611F043
:10DF5000E9F8834609EB0A00013811F0E3F883453C
:10DF600072D11BF1160F6FD05C456DDDC5F898B00E
:10DF7000D5F89C10C5F898B0D5F8A03021F01F0155
:10DF800043F01F0AD6E900321A44994202F1FF39E0
:10DF90001ED1CA4508D131465FFA8BF011F0CBF89B
:10DFA00008F101080C36BCE73146C5F898B0D5F841
:10DFB0009C3022F01F0203F01F031343C5F89C306E
:10DFC000E0B211F0B8F810F1160F3DD0441CE7E7AD
:10DFD000C5F898B0D5F8A020013B23F01F0302F04C
:10DFE0001F021343CA453146E0B2C5F8A030E8D05D
:10DFF00011F0A1F810F1160F26D0C5F898B0D5F899
:10E000009C209DF808300AF1FF3A62F304038DF872
:10E010000830D5F8A0309DF808205B0863F347125C
:10E020008DF80820D6E900321344009323F01F0333
:10E030005344A3EB0903013023F01F036946C0B228
:10E040000393FFF753FFBEE76FF01504204605B0BA
:10E05000BDE8F08F00ED00E00522044BC3F89420EA
:10E06000BFF34F8FBFF36F8F704700BF00ED00E02D
:10E07000BFF35F8F0022024BC3F89420704700BFAC
:10E0800000ED00E010B5034C2278FFF741FF20704F
:10E0900010BD00BF3AD200202DE9F74F294D8A4626
:10E0A00006464FF00008AB46274FD0451BDAD6F89E
:10E0B0000490B9F1000F3FD031680846019111F08A
:10E0C00031F80199044609EB0100013811F02AF8F2
:10E0D00084424FF014021D4B08D002FB08F36FF08E
:10E0E00015024BF8032003B0BDE8F08F14F1160FB2
:10E0F0002C60F8D01978A142F5DD02FB08B0C7F812
:10E100009840C7F89840D7F89C4000F10801007B80
:10E1100064F304000871D7F8A0000C79400860F39C
:10E1200047140C71D7F89C1021F01F016960D7F8D3
:10E13000A01021F01F01296108F1010814350C36E7
:10E14000B3E700BF2C77002000ED00E03AD20020BA
:10E15000F0B54149414CD1F890302568C3F307230D
:10E160009D4287B075D80020FFF782FF3C4BC1F875
:10E17000C030854216D13B4C01A82570FDF716FA38
:10E1800000250646384FAE4213D10020237832498D
:10E19000D1F89020C2F30722934254DBFFF75CFFD3
:10E1A00000202FE0616801EB0011FFF785FE0130D0
:10E1B000DFE70199280101EB0513DA683A40B2F56F
:10E1C000001F21D0B2F5800F2BD0B2F5801F38D1BF
:10E1D0005A689B680958013B22F01F000344012044
:10E1E000844623F01F0340EA4C10CDE902218DF84C
:10E1F000100002A920780593FFF778FE00281DDAA9
:10E200006FF0150007B0F0BD5A689B680958013BD4
:10E2100022F01F0003444FF0020C012023F01F03E3
:10E22000E1E75A689B680958013B22F01F0003444C
:10E230004FF0000C022023F01F03D4E723780133B2
:10E24000237001359FE7C1F89830C1F8A000013371
:10E250009EE74FF0FF30D5E700ED00E0685D02007B
:10E26000AAFF44003AD200200000F0FF08B5024B9C
:10E270001B689847002008BD40770020034B044AE4
:10E280001860937843F00203937070474077002042
:10E290005C03002008B50649064821F00701C1F1DA
:10E2A000005202F5E0220FF0B3FA002008BD00BFD3
:10E2B0006B6902204477002070B541690446867A74
:10E2C0000A4D59B1437ADB0706D42C2303FB0653CE
:10E2D0005B6A1B689B689847002363612C2021467A
:10E2E00006FB0050BDE8704016F00DBC640900202C
:10E2F0002C22024B02FB0030704700BF6409002053
:10E300002C21827A054B01FB02339A6A1B7F801A0B
:10E310001B3323F00303B0FBF3F0704764090020C4
:10E3200038B52C24827A064B04FB02335B6AD3E9AE
:10E3300001240C601568FFF7E3FF04FB005038BDB3
:10E34000640900202DE9F04F85B0054668469146E6
:10E350001C4690469A46039116F041FEDDE900679F
:10E36000EFF3118B202383F31288BFF36F8F698B38
:10E37000002942D02B8B8B4226D90022002328462D
:10E380000CF038FA0446F8B18BF31188BFF36F8FA5
:10E39000039B002B4FD032463B46684616F043FEA7
:10E3A0002C21A27A2C4B204601FB02335B6A03A985
:10E3B0001B681D68DDE90023A847606100283BD188
:10E3C0002046FFF779FF31E0698B4B1E6B838BF39F
:10E3D0001188BFF36F8F2B7F2A8BAC6A1B3323F01E
:10E3E0000303521A02FB03441B4B1C4AEB1A9B10FB
:10E3F0005343A3722B7FE372CAE78BF31188BFF3F9
:10E400006F8F54EA090409D017F074F8144A154BB9
:10E4100012589A420ABF8846C846C24642465346E8
:10E4200028460CF0E7F904460028B1D10024204624
:10E4300005B0BDE8F08F6361012300252381039BB4
:10E4400029466382E27A656004F1180016F0F1FF54
:10E4500063692582E360EAE764090020A38B2EBA92
:10E4600008000000D063002070B52C250B4C00B9CB
:10E4700070BD037A4668013BDBB20372002BF7D113
:10E48000C3604360837A05FB03431B6A13B198475B
:10E490003046ECE7FFF710FFFAE700BF6409002001
:10E4A0002DE9F84F07460E469046054629466D6809
:10E4B000002DFBD14FF02C0ADFF874B001F10C04F1
:10E4C000204610F018FF86421AD3204610F013FFA2
:10E4D0001FFA80F941464A46204610F0BCFEB6EBD2
:10E4E00009064D44C8441FD00C9B63B1DDE90A0105
:10E4F0000D9A98470146B8B1384610F084FEDDE722
:10E500001FFA86F9E6E7BB7A03FB0AB0436A9B6809
:10E5100043B1B34228BF33461946DDE90A23FFF76A
:10E5200011FFE7E73146F8E72846BDE8F88F00BF5E
:10E530006409002000F01F0240090DD001280DD110
:10E54000094B03EB8203D3F8002222F0E04242EAB7
:10E550000171C3F800127047044BF2E700238032C8
:10E5600053F82230FFDE00BF00288450002584507D
:10E5700038B50124134B144DC3F800450223032181
:10E58000C5F8D0360020FFF7D5FF20460321FFF75E
:10E59000D1FFC5F804472146C5F804492120C5F834
:10E5A000004BFFF7C7FF21462020FFF7C3FF21469E
:10E5B0000B20FFF7BFFF21460A20FFF7BBFF00201B
:10E5C00038BD00BF001000500040005007B50DF1ED
:10E5D000070015F09AF9114B98421CD14FF4806254
:10E5E0000F4B1049C3F8B8254FF40062C3F83C251F
:10E5F0009DF8070015F07DF90B499DF8070015F00F
:10E6000073F901209DF80730984009F02FFF002092
:10E6100003B05DF804FB6FF00B00F9E70000AD0BF1
:10E6200000A002502CA0025028A10250052370B572
:10E63000144D154E2C780134B4FBF3F303EB830334
:10E64000E41A15F00EF9114A137823B156F8243064
:10E65000C01A072814D94FF05023D3F8141141B130
:10E660000021C3F81411D3F814312C700CB9012314
:10E6700013702C7815F0F5F846F82400012070BDD1
:10E680000020FCE73CD20020507700203BD2002045
:10E6900048B1054B054A1B68B3FBF2F35843044BE2
:10E6A00043F00103184770477005002040420F00F7
:10E6B000105B0200014902480FF001BA9C5D0200A4
:10E6C000647700204FF47F032DE9F041D3F8302127
:10E6D0000646072A0D46D3F8343120D1023B032BDE
:10E6E00002D8124AD35CD3B14FF050244FF0010846
:10E6F00000270520C4F81886C4F8147615F0F2F83F
:10E700004046C4F8148615F0EDF8C4F81476C4F841
:10E71000187630462B46BDE8F041002118474FF0EF
:10E7200050230022C3F81426F3E700BF496C05000C
:10E730001FB578B10023019303930123694608486C
:10E7400002930FF0CFF9029B9B0700D1039B05B00A
:10E750005DF804FB024805B05DF804EB0FF019BA50
:10E76000647700202DE9F341044617469846174D7B
:10E77000D5E8AF3FDA0727D520B96FF0010002B026
:10E78000BDE8F08101A90FF061FE11490246204663
:10E7900016F05AFD0028F0D1D5E8AF3FC3F3C0060C
:10E7A0001B0711D4A5F1D404072221464046B847DF
:10E7B000062887BF0723B0FBF3F045F8D46CE67159
:10E7C00094BFC4F80360E0710020D8E78401002002
:10E7D000FB9A02002DE9F04188B0DDF838809C7981
:10E7E0005D791E79DF7893F802C093F801E01B7819
:10E7F000B8F1000F0ED0CDE90638CDE904CE1346AE
:10E80000CDE90267CDE90045084A0DF07FFA08B06E
:10E81000BDE8F081CDE905E3CDE9037C1346CDE900
:10E820000156034A00940DF071FAF0E7606C0500A0
:10E83000846C050070B504461E4615468CB0A2B126
:10E8400029B10A4602A804210FF056F802A9009146
:10E850002B462246242103A8FFF7BCFF3146109A1D
:10E8600003A8FDF7A5FF0CB070BD03462421044AA0
:10E8700003A80DF04BFA0028F0DA6FF01500F2E76C
:10E88000A56C050007B5064B0648DA79C2EBC20253
:10E89000009200221146FFF7CDFF03B05DF804FBA4
:10E8A000B0000020FB9A020030B5044615468DB03A
:10E8B00092B129B10A4602A804210FF01DF802A95D
:10E8C00000912B462246242103A8FFF783FF03A8CB
:10E8D0000FF094FD0DB030BD03462421044A03A877
:10E8E0000DF014FA0028F2DA6FF01500F2E700BF1D
:10E8F000A56C050007B5009313460A460146034878
:10E90000FFF798FF03B05DF804FB00BFC86E050079
:10E910000A4601460148FFF7C7BF00BFC86E0500A1
:10E9200007B5009313460A4601460348FFF782FFE6
:10E9300003B05DF804FB00BFC16E050008B50248D6
:10E940000CF052F9002008BD6C03002070B5154C86
:10E95000D4E8AF3F13F0010F254616D014F8CD3C94
:10E96000A4F1D4069BB1D4E8AF3F5A0701D400F01C
:10E97000F5FAD5E8EF3F23F48052C5E8E12F0029EE
:10E98000F7D1DB0401D5FFF7D9FF002009E001F042
:10E990001BF930B9F379002BE5D101F025F90028F6
:10E9A000E1D070BD8401002007B5009313460A46EC
:10E9B00001460348FFF73EFF03B05DF804FB00BFCC
:10E9C000206F05000A4601460148FFF76DBF00BFF2
:10E9D000206F0500037830B5012B13D0022B27D010
:10E9E0007BB90A46184B03F1100453F8045BA342A9
:10E9F00042F8045BF9D11B78137043884B731B0AF0
:10EA00008B7330BD0A46104B03F1100453F8045BBE
:10EA1000A34242F8045BF9D11B7813704368C3F337
:10EA200007224B731B0CCB731B0A8A730B74E8E72A
:10EA300000F1100350F8042B984241F8042BF9D14F
:10EA400003780B70DDE700BFD06C0500034610B5FE
:10EA50001C780846012C114686B009D0022C0AD039
:10EA6000FCB95B88124A06B0BDE810400DF04EB903
:10EA70005B68104AF7E7B3F801200492D3F803204B
:10EA80000392B3F807200292B3F809200192B3F879
:10EA90000B200092D3F80D30074A0DF037F906B07D
:10EAA00010BD002106B0BDE8104016F0C2BC00BF8A
:10EAB000CB6C0500AE6C0500B36C0500012838B5C1
:10EAC00005460CBF0648074810F059FB044620B124
:10EAD00001210C3010F0AEFB2576204638BD00BF7A
:10EAE000140A0020640900200F2810B50ED80D2844
:10EAF0000ED90B4810F043FB044628B101210C301D
:10EB000010F098FB01232376204610BD1328F0D087
:10EB100009B10448EEE70120BDE81040FFF7CEBF81
:10EB2000980A0020E809002070B5C6683378B6F866
:10EB30000150ABB90F21284601F09AFFF278044644
:10EB400078B96FEA05506FEA10500A4B0A4933F85A
:10EB5000025B15B923F8020C0A5501340A2CF6D1D0
:10EB600070BD0273012101F0E3FE2046BDE8704054
:10EB700001F0C2BEF69400203DD2002010B5012164
:10EB800004460C3010F09BFB2146BDE810400023EA
:10EB9000014A007810F0BFBD985E020010B5012157
:10EBA00004460C3010F08BFB2146BDE810400B23CF
:10EBB000014A007810F0AFBD405E020070B53048E9
:10EBC00010F0F6FA0446002858D0037E012B32D00C
:10EBD000032B02D1038A032B02D8FFF745FC20E068
:10EBE00004210C3010F06BFBFF224388068862760C
:10EBF000228AC6F30B009A42A08301D02046ECE79C
:10EC00000F2101F035FF05460028F7D001F06CFF19
:10EC100021466076320B284611F09BF9284601F018
:10EC20006BFE184BD3F84C3143B3BDE87040164926
:10EC3000164816F024B8038A012BCED902210C30D5
:10EC400010F03DFB0546007810F0B5FC10F0020610
:10EC50000DD140F6A8330E4A0E490F480EF03FFE84
:10EC600086F31188BFF36F8F0323184602DF062354
:10EC700021460A4A287810F04EFDBFE770BD00BF5C
:10EC8000FC010020B00000208C030020C0470020C1
:10EC9000E16C0500156D0500436D0500105E020076
:10ECA0002DE9F047884616468246002870D000239A
:10ECB000DFF8E090D9E8EF4FC9E8E23F002AF9D148
:10ECC000002C65D02046FFF71BFB0C23324D274656
:10ECD00003FB0050438853450DD0D9E8EF3FC9E806
:10ECE000E27F002AF9D1002B52D01F463846BDE8FA
:10ECF000F047FFF7B9BBA6420ED0204610F03AFA13
:10ED0000012104F10C094846217610F093FA484697
:10ED1000328AF16810F09FFA2046FFF7F1FA0C26CC
:10ED200006FB00504368ABB1B8F1000F12D120468A
:10ED3000FFF7E6FA012106FB00504268D2E9000322
:10ED4000127A03F01F06B1405B09DAB100EB8300D1
:10ED500010F043FC2046FFF7D3FA0C2606FB0050C8
:10ED60008368002BC2D02046FFF7CAFA704305F82B
:10ED700000802046FFF7C4FA06FB0055A8680BF098
:10ED80006BFDB3E7C94300EB830010F0DBFCE1E768
:10ED9000BDE8F087F80100208077002010B5C1E9B8
:10EDA00000239DF808300C460B72FFF7A9FA0C22DD
:10EDB000024B02FB00335C6010BD00BF8077002077
:10EDC0002DE9F0474FF0FF3206464FF0FF33184869
:10EDD000884610F0D4F9044638B34FF0000900F12A
:10EDE0000C070121384610F025FA204684F81890C7
:10EDF000FFF786FA4FF00C0A0E4D0AFB00504680D2
:10EE00002046FFF77DFA0AFB0050C0F80890204624
:10EE1000FFF776FA0AFB005503213846C5F804903F
:10EE200010F013FA068080F802802046BDE8F087D3
:10EE30006C0A0020807700200138C0B202289ABFF7
:10EE4000014B185C002070476F6E050029289ABF9F
:10EE5000014B185C09207047456E0500034B0146C5
:10EE6000D3F86C0182689268104700BFB0000020A0
:10EE70002DE9F843044600F10C06304610F037FA4D
:10EE8000B4F810800546B8F1010F04D82046BDE85B
:10EE9000F843FFF7E9BA3046022110F010FA0746AE
:10EEA000007810F088FB10F0010906460DD140F6FD
:10EEB000E4730E4A0E490F480EF011FD89F31188D4
:10EEC000BFF36F8F0323184602DF052321460A4A4A
:10EED000387810F020FCB307D8D56369A4F8108007
:10EEE00013FA85F5E560BDE8F88300BFE16C050025
:10EEF000606D0500436D0500E85D020038B50C4605
:10EF00000CF088F9237E012B0AD0032B19D121465E
:10EF10000F4810F038F90F490F4815F0B0FE0BE01C
:10EF2000E368187810F047FBC207054602D5204673
:10EF3000FFF79EFFAB07EAD400240CF07FF92046D0
:10EF400038BD2046FFF790FA6FF01504F5E700BFD3
:10EF5000FC0100208C030020C047002008B50421DC
:10EF6000034810F03AFBBDE8084000F0D7BF00BFEF
:10EF700084010020024BD3E8AF0FC0F3800070473C
:10EF80008401002000487047796D050001480BF0AE
:10EF90002BBE00BF7C03002038B505460C4619B9CE
:10EFA000FFF70EFF0446A8B140F635439D4209D154
:10EFB0002046FFF753FF054650B12046FFF754FAAD
:10EFC000284638BD2146054815F092FDFFF7DEFFC3
:10EFD0000025F5E76FF06805F2E700BF04020020A6
:10EFE000F8B50521054640F63540FFF7E9FE044631
:10EFF00078B9FD231C4A1D491D480EF070FC1D48C0
:10F000000EF06DFC84F31188BFF36F8F0323184655
:10F0100002DF04F10C070121384610F016F9012631
:10F0200004210670384610F010F9058000252146AD
:10F030008670C57040F63540FFF7AEFF044688B1D4
:10F0400040F20713084A0C4909480EF048FC2146D3
:10F050000A480EF044FC85F31188BFF36F8F032339
:10F06000184602DFF8BD00BFE16C0500806D0500A9
:10F07000436D0500846D0500A36D0500AC6D0500B2
:10F08000F8B50446868B477E807AFFF731F96169CF
:10F09000054649B1637ADA0704D4436A20461B68FF
:10F0A0009B689847002363612146284615F02BFD95
:10F0B000A37EBBB90C4B93F88A309B0612D5384619
:10F0C00002F0C8F970B1437B073B012B03D9BDE8BF
:10F0D000F84001F011BC01F00FFC3046BDE8F840EB
:10F0E000FFF77EBFF8BD00BFB000002038B5024674
:10F0F0000B46244DD5F8541109B9002038BD05F54B
:10F1000098700BF0CDFB0028F7D10022002305F505
:10F11000AA700BF06FFB044668B940F6B7331A4A81
:10F120001A491B480EF0DBFB84F31188BFF36F8F85
:10F130000323184602DFD5F8480120B1FFF794F900
:10F140000023C5F84831204610F048F8C5F84801BA
:10F150002046FFF783FE98B10E480BF07DFB20465A
:10F16000FFF7CEF80C220C4B1F2102FB0030224689
:10F170004088FFF795FD2046FFF776F9FFF706FF79
:10F180000120BBE7B0000020E16C0500806D0500A8
:10F19000436D0500E0010020807700202DE9F04F4D
:10F1A000064615460C4687B031B9FFF709FE0446FE
:10F1B00048B96FF068007BE0887AFFF799F8484B10
:10F1C000834240F0868001220021684615F0A9FCA8
:10F1D0002046FFF795F80C23DFF8089103FB009019
:10F1E000C0F808D020460FF0F9FF01463E4815F060
:10F1F0007FFCFFF7CBFE16F07DF93C4B1A583C4BD9
:10F200009A4222D1DFF8ECA0DFF8ECB0364815F0D6
:10F2100084FC002180464FF4A020FFF767FF0746DB
:10F2200088B94FF4D4735246594634480EF057FB10
:10F23000314633480EF053FB87F31188BFF36F8FCD
:10F240000323184602DF4445E0D14FF4A0220023F7
:10F2500068460BF025FB074698B14FF4D773254A53
:10F26000284926480EF03BFB3A46314626480EF028
:10F2700036FB002383F31188BFF36F8F03231846F7
:10F2800002DF2046FFF73CF80C23584319F80060D2
:10F29000BEB12046093EFFF7E7F8092E0ED8DFE899
:10F2A00006F01B0D0D0A050D0D0D0D186FF00B006E
:10F2B00007B0BDE8F08F6FF00C00F9E76FF00400C5
:10F2C000F6E715B12C600020F2E72046FFF7CCF8F6
:10F2D000F9E76FF01500EBE76FF06E00E8E700BFAD
:10F2E0006C0A002080770020040200200800000043
:10F2F000D0630020E16C0500CF6D0500436D050073
:10F30000D76D0500A36D0500F76D0500F7B5144B2B
:10F31000054693F99B300C46002B1DDA14B92046A4
:10F3200003B0F0BD082C4FF0000142F2180001AA12
:10F33000264628BF0826FFF731FF0028F0D1019F9D
:10F340003246F9682846013116F04CF83846FFF786
:10F350008BF83544A41BE1E76FF08500E0E700BFC0
:10F36000B000002010B5F1F77BF8034B1B6813B118
:10F37000BDE81040184710BDF877002073B5274D41
:10F380000646D5F86C0115F037FA00283FD06FF02B
:10F39000020105F1D40010F0D5F9012110F01DF99A
:10F3A000C30737D410F004F8044668BB1C4B1E603A
:10F3B000012205F59870114615F0B3FB05F5AA700A
:10F3C00015F08AFB174815F094FC6FF0070340F620
:10F3D00098021549134800940BF00CFC134911488E
:10F3E00015F0B4FCD5F86C01114983681B68984787
:10F3F000044648B926B902B0BDE87040F1F730B80C
:10F4000005F1C4000BF0F0FB204602B070BD6FF0B8
:10F410001204F9E76FF07704F6E700BFB0000020B0
:10F42000F8770020C0470020C0FA00203C6E05009D
:10F43000FDEE0000F0B587B006460DF10B0100208F
:10F4400000F028FC0546002844D1192142F20D00A5
:10F45000FFF7B6FC074600283FD019210C300FF00B
:10F46000F4FE04462946192215F0E3FF9DF80B30FF
:10F470001B4A237392F8211192F82031601D9942A2
:10F4800094BF06F1700106F17E0110F0B1F8938986
:10F4900038462380D38903A96380B6F88830114A9F
:10F4A000A4F80D30B6F88A30A4F80F30B6F88C30D6
:10F4B000A4F81130B6F88E30A4F81330012300936D
:10F4C0000823FFF76BFC0022394642F20D00FFF7DC
:10F4D00065FE0546284607B0F0BD6FF06805F9E700
:10F4E000B00000208401002030B5002187B042F236
:10F4F0000E00FFF765FC00250446082303A9064A11
:10F500000095FFF74BFC2A46214642F20E00FFF71A
:10F5100045FE07B030BD00BF840100202DE9FF414A
:10F520004C4AB0F8017005460023104647F470417C
:10F5300032F8024BA1422CD1002220F81320464A77
:10F54000D65C00F081F9EB782C1D012B08BF434BF2
:10F55000204614BF4FF0000893F86F800FF093FF20
:10F560002146D8B102A80FF083FFD5F81130CDF8AD
:10F570000130B5F81530ADF8053001238DF80030B5
:10F58000E878B8B11321384610F0EDFA04B0BDE8C0
:10F59000F08101330A2BCBD10026D2E7404610F090
:10F5A00003FC014602A810F023F82146684610F03B
:10F5B0001FF8E5E7022202A901F066FCEB78044699
:10F5C00023B96FF48071264810F0BCF8002CD9D014
:10F5D00020460022B5F8013002A920F8703B10F057
:10F5E00007F8B5F81730A4F88630B5F81930A4F844
:10F5F0008C30B5F81B30A4F88E30EB78227340F2D3
:10F600000112E370A4F8A0206BB9694604F17E00F2
:10F610000FF0EEFF217A114BC1EBC101194404F147
:10F6200077000FF0E5FF0721204601F081F926B1B0
:10F6300001212046267301F07BF9204601F084FA6F
:10F64000204601F059F9E378002B9FD1032010F0F8
:10F65000E4FB9BE7F69400203DD20020B0000020A0
:10F660008401002000B5C16889B00B7833B1022B4A
:10F670002ED109B05DF804EB10F04FBA8DF80030D0
:10F68000B1F8013001A8ADF80130CB7804318DF824
:10F690000330B1F80730ADF81730B1F80930ADF8E4
:10F6A0001930B1F80B30ADF81B304B7B8DF81D30A5
:10F6B0000FF09EFF084B68461A689B88CDF80B2018
:10F6C000ADF80F30CDF81120ADF81530FFF726FF5B
:10F6D00009B05DF804FB00BF5A6C050038B504465C
:10F6E00003210C300FF0EBFDE3680578197840F644
:10F6F0003543B0F8010098420AD02246FFF7D0FA0D
:10F7000035B104480BF0A8F8BDE83840FFF73EBC1F
:10F7100038BD00BFE001002038B5042104460C309C
:10F720000FF0CDFD4578017822464088FFF7B8FA02
:10F7300035B104480BF090F8BDE83840FFF726BC1F
:10F7400038BD00BFE0010020F8B506460024094D91
:10F75000EF79E3B29F4202D86FF0010007E029463B
:10F76000304610F093FA0735631C08B12046F8BD07
:10F770001C46EEE7B0000020014BD3E8AF0F704706
:10F780008401002037B504460D46B1B1284616491C
:10F7900010F07CFA88B929461448C4EBC40420440C
:10F7A00010F07CFAFFF7E8FF430703D5FFF7C6F830
:10F7B0000FF000FE002003B030BD68460FF04AFE97
:10F7C0000028F8D16846FFF7BFFF0028F5DA074B9D
:10F7D000C4EBC4006946184410F060FA002DE1D073
:10F7E00001462846DCE700BF4D6C0500B000002054
:10F7F00070B5144E06223146044615F0E0FCD8B12F
:10F80000062142F20500FFF7DBFA0546B0B10622F9
:10F8100021460C300FF01FFD0022294642F2050060
:10F82000FFF7BCFC48B93346226843F86929A2882F
:10F83000B280012283F86820002070BD6FF068005C
:10F84000FBE700BF19010020084BD3E8EF2F22F49B
:10F850000061C3E8E01F0028F7D1130504D500229A
:10F860000220034905F0A6BA704700BF84010020BA
:10F87000F1FD0100002307B50549CDE900036A4603
:10F88000022005F097FA019803B05DF804FB00BF71
:10F8900053FD01002DE9F341054670B1484C94F841
:10F8A000202194F821310AB19A4209D2013384F817
:10F8B00021312B7A43F004032B7202B0BDE8F081B2
:10F8C00000210222084601F0DFFA024688B1D43452
:10F8D000D4E8EF3F43F40063C4E8E23F002AF7D1E5
:10F8E0002B7A43F001032B7202B0BDE8F04101F026
:10F8F00003B8FFF741FF4106C0F3801702D5104659
:10F9000000F024FB94F82131B3B994F8212194F844
:10F9100020319A4220D1002242F229001146FFF7FD
:10F920003DFC70B994F82131013384F821312B7AF0
:10F9300043F004032B7204E0002010F0F2F90028D9
:10F94000E3D0012010F0EDF9002FB6D0012002B075
:10F95000BDE8F04100F0FABA2A4605F10108414637
:10F9600012F82A0B10F0A1F906460028E9D194F804
:10F970002131013384F821312B7A43F004032B72B7
:10F9800094F8A7305B07DCD54146684610F086F94D
:10F990000123082142F24E008DF80730FFF710FADC
:10F9A00004460028CDD0694608220C300FF053FCE5
:10F9B0003246214642F24E00FFF7F0FBC1E700BF9E
:10F9C000B00000202DE9F843054640B33D4C94F8C3
:10F9D000202194F82131D2B10132934218DC002168
:10F9E0000222084601F050FA0246D0B1D434D4E8DD
:10F9F000EF3F43F40063C4E8E23F002AF7D12B7ADB
:10FA000043F002032B72BDE8F84300F075BF13B159
:10FA1000013B84F821312B7A23F004032B72BDE8DB
:10FA2000F883FFF7A9FE4306C0F3801802D51046FD
:10FA300000F08CFA002010F074F9074688B994F8A9
:10FA4000213194F820219A4219D2013B84F82131C6
:10FA50002B7A024623F0040302201B492B7205F087
:10FA6000A9F994F8213113B1012010F05AF9B8F135
:10FA7000000FD4D0BDE8F843012000F067BA072199
:10FA800042F22800FFF79CF905F10109064600281B
:10FA9000E7D007210C300FF0D8FB494610F0FEF8F4
:10FAA0003A46314642F22800FFF778FB0028D8D1C9
:10FAB00094F82131013B84F821312B7A23F004039F
:10FAC0002B72CEE7B00000200DFD010070B504469A
:10FAD00011B16FF0150070BDA0B91E4BDB79012B81
:10FAE00035D0FFF749FEC207F3D51A4D2146EE790E
:10FAF000731C3046EB71FFF745FE18B3EB79013B01
:10FB0000EB71E8E7144910F0C1F860B92046FFF73F
:10FB10001BFE002818DA2378012BDAD1A37903F031
:10FB2000C003C02BD5D10B4BDB79012B0FD0FFF7D6
:10FB300023FEC307D9D42046074910F0A7F80028B0
:10FB4000D3D0C6E73046C6E76FF07700C3E76FF063
:10FB50000B00C0E7B00000204D6C05002DE9F3411B
:10FB60000446D8B1002141F2090001AAFFF716FBB3
:10FB7000054698B9019E0622D6F80C80104908F176
:10FB80000107384615F01BFB28B1062238460D49FF
:10FB900015F015FB30B93046FEF766FC002002B0C8
:10FBA000BDE8F081D8F801303046C4F80130BB8898
:10FBB0002570A4F80530FEF757FC0120EFE700BFE1
:10FBC0005A6C0500546C050007B56846FFF7C6FF80
:10FBD000044BD87118B169460020FFF7D3FD03B07C
:10FBE0005DF804FBB0000020F0B5294D89B0EE7936
:10FBF000002E46D195F8C230DB0722D56A46314641
:10FC00004FF60940FFF7CAFAD8B9DDF800C0DCF8B2
:10FC10000C406378012B1E4628BF012673B1A31C3C
:10FC200002AA1234174618685968083303C7A3425A
:10FC30003A46F7D1186838609B88BB806046FEF76B
:10FC400013FCEE71002416260127EB79E0B2834203
:10FC500002D8B3B1002012E008AB06FB003353F822
:10FC6000182C33F8143C6946CDF80120ADF8053066
:10FC70008DF80070FFF786FD01340028E5D009B04B
:10FC8000F0BD0021084609B0BDE8F040FFF71EBFF7
:10FC9000B000002038B50C4669B1084D2B78012B17
:10FCA00003D000202B78237038BD681CFFF7A0FD1F
:10FCB0000028F6D0F8E76FF01500F5E7B000002057
:10FCC00010B50C4649B1064B00201B780B7010F0A4
:10FCD00077F808B90123237010BD6FF01500FBE71A
:10FCE000B000002070B505460E4642F20C0002211D
:10FCF00086B0FFF765F80446A0B102210C300FF082
:10FD0000A4FA0A4A4670057003A920460623009506
:10FD1000FFF744F80022214642F20C00FFF73EFABA
:10FD200006B070BD6FF06800FAE700BF84010020E4
:10FD300008B50C4B0246400903EB800010F06AF84E
:10FD400002F01F0340FA03F313F0010006D122B9B9
:10FD5000054810F05FF840F3002008BD6FF0770011
:10FD6000FBE700BFFC77002084010020084A43091C
:10FD700002EB8302012300F01F008340DB43D2E843
:10FD8000EF0F1840C2E8E10F0029F8D1704700BF1B
:10FD9000FC77002070B588B00022002357480AF095
:10FDA00075FC002840F08A80554810F033F810F0B8
:10FDB000010343D0534D03AC0FCD0FC42B68236018
:10FDC000514810F027F8C0F380134D4810F022F886
:10FDD0000146002863D06BB114224C4903A815F0EA
:10FDE000EEF9002865D000210846FFF77BFF0446A6
:10FDF00000285FD10023ADF80930BDF814309DF81C
:10FE00000C00ADF80530BDF816308DF80400ADF8E3
:10FE10000730431E58420DF109015841FFF750FFCA
:10FE20000446002846D1072142F20B00FEF7C8FF26
:10FE30000546002844D16FF068043BE032480FF0DB
:10FE4000E9FF10F4807F324E0ED00124F068318A31
:10FE5000728ACDE904408DF80C30ADF81830ADF859
:10FE60001A10ADF81C20ABE72A4D03AC0FCD0FC420
:10FE70002B68236096F8D930180748BF052320481F
:10FE800048BF04930FF0C6FF810702D5224B0593AC
:10FE900096E71B480FF0BEFF4207F7D490E743B147
:10FEA000FFF720FF044628B901461422174815F031
:10FEB000C0FA002411480AF061FC204608B070BD69
:10FEC000072201A90C300FF0C6F92246294642F25A
:10FED0000B00FFF763F904460028EBD104990120D9
:10FEE00001F00101FFF7FEFE04460028E2D1074CB5
:10FEF00003AD0FCD0FC42B682360DAE7287800200C
:10FF0000FC77002000780020840100201478002075
:10FF1000B0000020245A02006000300010B5094CE7
:10FF200054220021204615F084FA04F12C0014F02C
:10FF30005BFD04F1400014F057FD0022024B1A60F3
:10FF400010BD00BFFC77002058780020044B00381B
:10FF5000D96918BF012001F00101FFF7C3BE00BF3E
:10FF6000FC770020032838B5054603D1BDE83840AA
:10FF7000FFF710BFFFF7DCFE0446A8B90B4B6A0978
:10FF800003EB8203012205F01F018A40D3E8EF0F43
:10FF90001043C3E8E10F0029F8D1FFF7FBFE044648
:10FFA00010B12846FFF7E2FE204638BDFC7700205E
:10FFB0002DE9F04F00F10C0804468BB040460FF0DD
:10FFC00086F90646DFF8C8A116B90BB0BDE8F08F78
:10FFD00070480FF01FFFC007F7D5238A082BF4D90C
:10FFE000092140460FF06BF9037A228A01339A42C5
:10FFF0000546EAD30123ADF824307F238DF81E3067
:020000040001F9
:10000000037A00F1010903445B7A8DF81D30FF2368
:100010008DF81C300023ADF822300278042A98BFF6
:100020005D4B8DF81F2098BF9B5CADF82030037AA4
:10003000584801930FF0EEFEC1070BD5BDF82030F4
:100040005A0707D5297A40460131013E0FF02FF9B2
:10005000F6B2B9E748460FF016FA002848D04946EC
:1000600004A80FF005FADAF80030A3B140460FF00B
:100070003EF98346019B278A9DF81F2023829DF924
:100080001D104346DAF800C004A8E04763692782E0
:1000900013FA8BF3E36004AB0693404B1B68002B11
:1000A0003AD01A6802B1083A53F8081CB9B1174699
:1000B000A3F10802404603920FF019F98346238A00
:1000C000039A0293019B41462382126806A8904737
:1000D0006269029B12FA8BF2E2603A462382DAB13D
:1000E00097681368B7B1083F002BE3D13A46F7E7AA
:1000F0006B78FF2B09D12A4B186804909A889B795A
:10010000ADF814208DF81630ADE749460FF04CFEDF
:100110000346F1E7002BCDD100231E480693BDF81E
:1001200020300FF077FE10F001078BD1DB0789D567
:100130000322384604A900F0A7FE8346002881D098
:1001400002200FF06AFED5F801305846CBF87E3019
:10015000B9F80430ABF8823099F806308BF8843067
:100160000FF0D9FC60B11F23394658468BF80C308C
:1001700000F0DEFB584600F0BFFBFFF70BFE61E727
:100180005846022100F0D4FB584600F0B5FB59E771
:1001900058780020FC770020726E0500507800200F
:1001A0004D6C050070B5054625480FF033FE43073A
:1001B0000E4641D52A78012A03D96FF0150420464E
:1001C00070BD6B680F2BF8D843F6FC742889031FA9
:1001D0009BB2A342F1D869890B1F9BB2A342ECD812
:1001E0008842EAD37AB90022002316480AF04EFA70
:1001F00004460028E3D1FFF79BFD044640B11148B7
:100200000AF0BCFADBE70FF0F1FD0028EBD1D4E7F0
:100210000D4A2B461035144618685968083303C434
:10022000AB422246F7D11868084B206000201E60C0
:10023000FFF798FE0446E2E76FF00A04BFE700BF4D
:10024000840100203C7800200078002058780020AD
:100250000020024B18600FF0E0BD00BF587800206E
:100260000A4B00F10802196831B98160596839B93F
:10027000C3E90022002070478A4204D00968F3E7EE
:100280000A605A60F6E76FF010007047507800205F
:1002900008B503480FF0BEFD00F0010008BD00BF27
:1002A000FC77002030B58DB0202104A8FFF72EF890
:1002B0000446C8B914F091FE4FF47A75A0FB0532DC
:1002C00005FB0121DB0B43EA4143C90BCDE90231B8
:1002D00008232022009306486B4404A90EF069FE0F
:1002E000002808BF6FF0040420460DB030BD00BFE9
:1002F0006048002007B508216846FFF707F838B9BD
:100300000822694605480EF034FE20B1FFF7CAFF07
:1003100003B05DF804FB6FF00400F9E760480020CB
:1003200038B50D46044698B191B10B4A0EF05AFE0D
:10033000431C07D1FFF7B6FF48B929462046064AB5
:100340000EF050FE01280CBF00206FF0040038BDF5
:100350006FF01500FBE700BF60480020402208B5A1
:10036000034914F02CFFB0FA80F0400908BD00BF2B
:10037000776E050070B52B4B93F8A23003F006039F
:10038000062B46D1002847D0274E326832B1131FC2
:10039000834244D05B680BB1043BF9E7426072686A
:1003A000031D336002B97360204CD4E8EF2F42F094
:1003B0002003C4E8E13F0029F7D112F0200202D067
:1003C0000025284670BDD4E8EF3F23F01003C4E8B1
:1003D000E13F0029F7D1114642F22500FEF7DEFE8B
:1003E00005460028ECD0D4E8EF3F23F02003C4E812
:1003F000E23F002AF7D134683CB154F8043C043C95
:100400000BB1002098476468F6E70023C6E9003383
:10041000D7E76FF08505D4E76FF01505D1E76FF0EA
:100420007705CEE7B000002060780020840100202E
:10043000044BD3E8AF3F13F0100F034808BF002070
:10044000704700BF8401002047D2002070B51D4EC8
:10045000044633688B422FD013B16FF00F0070BD8C
:10046000194BD3E8AF2F9206F7D4D3E8AF3FDB06A2
:1004700025D5316042F226004021FEF7A1FC054659
:10048000B8B140210C300EF0E0FE234604F14002EA
:1004900053F8041B934240F8041BF9D1002229466B
:1004A00042F22600FEF77AFE0028D8D000233360FF
:1004B000D5E76FF06800F9E76FF07700CFE76FF0EE
:1004C0007C00CCE75C78002084010020F8B5194B53
:1004D000C568D3E8EF2F22F02002C3E8E12F0029FE
:1004E000F7D12A788AB914496A1C05F1410052F8FB
:1004F000044B824241F8044BF9D1D3E8EF1F41F09D
:100500001001C3E8E21F002AF7D10C4E34686CB129
:10051000094F043C23682BB12A78002A0CBF3846C7
:100520000020984764680CB1043CF3E70023C6E957
:100530000033F8BD8401002047D2002060780020FD
:1005400005490B6833B1C26800200860117801B911
:10055000501C1847704700BF5C78002070B50546F6
:100560000B4B1C6844B154F8203C203C13B1284686
:10057000297B9847246AF5E7064C074EB44200D31E
:1005800070BD236813B12846297B98472434F5E7CA
:10059000287A0020E4580200E458020010B504460E
:1005A000FDF7AEFE044901EB001120460EF094FF6A
:1005B000BDE81040FEF7EABC68780020002270B564
:1005C0000446D1E901560748C1E9012214F090FA26
:1005D0003DB1314620462B46BDE870406FF06D02BC
:1005E000184770BD3409002070B5002205460E463C
:1005F000002300210848FDF7A5FE044658B1FDF789
:100600007FFE064B3246294603EB00132046BDE829
:1006100070400EF03CBF70BD400A0020687800209A
:1006200070B50546002200230E480AF039F9B8B922
:100630000D4B1C6834B154F8183C203C03B198476A
:10064000246AF7E7094C0A4EB44204D32846BDE8B1
:1006500070400AF0C9BAA36803B198472434F3E79D
:1006600070BD00BF04090020287A0020E458020071
:10067000E45802002DE9F843044620270025DFF85E
:100680005080EFF3118387F31288BFF36F8FE16916
:1006900029B983F31188BFF36F8FBDE8F883206A0F
:1006A0000A68814208BF2262E26183F31188BFF3C6
:1006B0006F8FD1E901694046C1E9015514F018FA7C
:1006C0001EB1002249462046B047FEF75FFCD8E73E
:1006D0003409002013B5437B0446072B31D1043085
:1006E000D0E8EF3F43F08002C0E8E12F0029F7D1C6
:1006F0001B0626D40FF007FC410415D5124B93F8C6
:10070000D8309A061DD50FF07EF8D0B10DF1060154
:1007100001A80FF0E8F9A0B92046BDF80620BDF801
:1007200004100FF05FFA0CE0E37823B1064B93F866
:10073000D8301B07E2D520460FF03AFA637B072B2F
:10074000DCD002B010BD00BFB00000200448B0F8FB
:10075000043100F58470002B08BF0020704700BFF3
:10076000B000002030B5044614F0C4FE0D460C491C
:100770000C4A09588BB0914205D120460BB0BDE818
:100780003040FFF777BF24342146104614F077FA43
:100790001DB16946204614F082FA0BB030BD00BF8F
:1007A00008000000D063002038B5002204468A42C9
:1007B00002D10024204638BD012004F1C803D3E84B
:1007C000EF5F002D04D1C3E8EC0FBCF1000FF6D1B0
:1007D00002D0D0340244EAE7002CEAD0C82200213B
:1007E000204614F026FE04F14000044914F087FA74
:1007F000034904F1240014F017FADBE76113010048
:100800003BFF010038B50121044600F1BC03D3E8E9
:10081000EF2FC3E8E51F002DF9D132B90FF0F8FB37
:10082000044804F1B8010FF038FBBDE83840FEF78A
:10083000ADBB00BFD401002070B52C4DD5F82441CC
:1008400014B90026304670BD294B5A8B22B1B5F839
:1008500004312BB99B68FFDE1B68002BF1D0F6E753
:10086000D5F81031002BECD0224B1B68002BE8D0C0
:1008700054F8143C002BE4D054F8103C002BE0D08A
:1008800054F80C3C002BDCD014F8AB2CA4F1B806C7
:10089000072A0DD13046984750B104F108000FF0F7
:1008A00032FB022804DC3046BDE870400FF0B0BBDC
:1008B000D5F8243143B1D5F828111A688B42C5F810
:1008C000242108BFC5F828210022231DD3E8EF1FEB
:1008D000C3E8E02F0028F9D1304654F80C3C984783
:1008E0000028AFD03046FFF78DFFABE7B000002007
:1008F000400A00203409002007B5C830D0E8EF3F97
:100900005A1EC0E8E12F0029F8D101A801930FF089
:10091000FAFA012805D1044809F09EFF03480AF0BD
:1009200063F903B05DF804FB04090020AC03002068
:1009300070B5457B04468D422DD0417355B1022DD3
:100940000ED0637B072B26D8DFE803F026115F2546
:100950002525251B8378082BF3D00FF059FBF0E7F2
:100960008378012BEDD1403014F0D7F9E9E73E4D03
:1009700005F584766169002964D1BDE87040FEF711
:1009800005BBA378042B06D0002138480AF0DEFF0F
:100990000023C4E90D3370BDA378042B04D1204695
:1009A000BDE87040FFF7A8BF082DF4D801A353F8A5
:1009B00025F000BF97090100D9090100FD090100D8
:1009C000F70901009F0901009F090100FD090100CD
:1009D000970901009709010020460121FFF7C2FE97
:1009E00020460FF0ADFA04F140000022BDE870404F
:1009F00000230AF0D7B902200FF00FFA237B002B57
:100A0000CDD02046FFF7AAFDC9E7A378012BC2D1BC
:100A1000154B9D8A002DBED00A234FF4004640F2AC
:100A2000E73000215D434FF47A720023C5FB0601D5
:100A3000EFF792FB02460B4604F14000BDE8704020
:100A40000AF07CB9A2690B68914208BFA3612046F5
:100A50006361FFF7B3FDB5F80431002B14BF3046D6
:100A6000002009F0F9FE85E7B0000020BC0300205B
:100A7000024610B507480C460A210FF0E0FA03467B
:100A800010B90023184610BD82781442FAD1FFF73E
:100A900033FFF6E7984900202DE9F04706460F4658
:100AA000904600254FF0D009DFF828A009FB05A0EB
:100AB0000FF0AEFA044620B183781E4206D1FFF74C
:100AC0001BFF01350A2DF1D1BDE8F0874146B8473B
:100AD0002046F4E798490020002201200149FFF751
:100AE000DBBF00BFD5060100034BC01A034B00114A
:100AF0005843C0B2704700BF98490020C54EECC4AF
:100B000070B51C46144305460E4608D014F0F2FC9E
:100B10000A4908580A49884204BF00221346094975
:100B2000002D14BF284608460EF029FB044618B1D4
:100B3000711D0C300EF07EFB204670BD08000000D9
:100B4000D06300209009002010B5044605480AF043
:100B50004BF8204600F0DCFC2046BDE81040FFF7D3
:100B6000FDBC00BF9C030020F8B5031D04461846D9
:100B70000FF0C9F9420515D5B4F88620B4F88810ED
:100B800091420FD8B4F88A1091420BD3D4E92312C2
:100B9000914207D1D3E8EF1F21F48061C3E8E21F3F
:100BA000002AF7D1104B1D686DB155F8106C203D2F
:100BB0003EB12046B4F88E30B4F88C20B4F88610DC
:100BC000B0472D6AF0E7094D094FBD4200D3F8BD8B
:100BD0002E693EB12046B4F88E30B4F88C20B4F8BB
:100BE0008610B0472435F0E7287A0020E458020048
:100BF000E4580200F8B50F4B05461C685CB1203C78
:100C000000F1A006E36913B1314628469847246AEB
:100C10000CB1203CF6E7084C084E05F1A007B442A1
:100C200000D3F8BDE36913B1394628469847243408
:100C3000F5E700BF287A0020E4580200E4580200DB
:100C40002DE9F041074608460D460EF0FCFD06462C
:100C500018B900263046BDE8F081144B1C6884B1F9
:100C600054F8143C203C0BB9246AF8E7294638466E
:100C700098470028EDD028460EF0E5FD0028F3D176
:100C8000E7E70B4CDFF82C804445E3D2E3680BB96F
:100C90002434F9E72946384698470028D9D0284611
:100CA0000EF0D1FD0028F3D1D3E700BF287A002051
:100CB000E4580200E45802002DE9F041C3780446EC
:100CC0008BB900F17E06114B1D687DB1203D04F10A
:100CD00070076B691BB13A463146204698472D6A2A
:100CE00025B1203DF5E700F17706ECE7084D094F07
:100CF00004F17008BD4201D3BDE8F0816B691BB1FE
:100D000042463146204698472435F3E7287A0020AA
:100D1000E4580200E4580200F8B5437A05468372AD
:100D200016460FF0C0FB0D4B1C684CB154F8083C44
:100D3000203C1BB132462846697A9847246AF4E77A
:100D4000074C084FBC4200D3F8BDA3691BB1324623
:100D50002846697A98472434F4E700BF287A0020AF
:100D6000E4580200E458020008B5084B00F12001E5
:100D70001A6822B905480FF090F8104608BD914254
:100D800001D01268F5E76FF01000F7E7287A00202D
:100D900038B505460C460F480A21FFF705FDC0B1DE
:100DA000057223680367A388A0F87430A37980F8DC
:100DB00076300123437283728370074BC0F8A430EE
:100DC000064BC0F8A830064BC0F8AC30054BC0F855
:100DD000883038BD98490020A9150100F1FE0100B6
:100DE000E5FE0100180028002DE9F041074688467D
:100DF00000250E4E30460FF00BF9044620B18378E3
:100E0000012B0AD0FFF778FD01350A2D06F1D00637
:100E1000F0D100242046BDE8F081424639460FF06B
:100E2000E8F90028F6D12046ECE700BF98490020F9
:100E300038B5044613480FF066F8420702D46FF045
:100E40000A0038BD08460EF0FEFC10B96FF0150020
:100E5000F7E7FFF71DFA0028F1D10A480FF053F821
:100E6000C305C0F300250AD40EF0C0FF0028EDD062
:100E7000214628460FF0DDF90028E2D0E6E76FF0C2
:100E80007700DEE7840100202DE9F04706460F4693
:100E9000904600254FF0D009DFF844A009FB05A0DB
:100EA0000FF0B6F8044620B18378012B06D0FFF787
:100EB00023FD01350A2DF1D100240DE037B13A466A
:100EC00031460FF096F908B92046F0E7637B4345B9
:100ED000FAD1237AB342F7D12046BDE8F08700BFAC
:100EE0009849002010B5837802460B70C3784B7088
:100EF000037A8B70437B0020023BDBB2062B8CBF56
:100F00000346264C81F8230098BFE35C104681F825
:100F10002030537A81F821300FF009F981F822004E
:100F20009378012B37D102F170038B60137A1C4840
:100F3000C3EBC30303444B60D47802F17E0302F198
:100F4000770014B11C4603462046C1E90303B2F8FA
:100F500086308B82B2F88C30CB82B2F88E300B8325
:100F600002F1A003CB61D2F89C302BB15B7BD80699
:100F700044BF012381F82330D2F89C3013B15B7B4E
:100F80009B0601D4002010BD91F8233043F00203EA
:100F900081F82330F6E76FF01500F4E7B76E05002F
:100FA000B00000202DE9F0410F46114605461446D9
:100FB0009846FFF73DFF0646002835D121462846D2
:100FC0000FF0EEF80446002849D097E80F00254DB1
:100FD00005F1080C8CE80F00AB8A002B08BF4FF41A
:100FE0009673AB822B8A03B9AB892B826B8A03B9C8
:100FF000EB8995F821216B8295F820319A4216D918
:1010000003212046FFF794FC0220FEF7ABFF0546C4
:1010100010B302200EF001FF20460021FFF788FCEC
:101020002046FFF769FC2E463046BDE8F0810221DC
:101030002046FFF77DFC20460EF06DFD054658B1B9
:10104000002120462173FFF773FC2046FFF754FC74
:101050000320FEF787FFE6E7C8F80040E4E76FF0FB
:101060000B06E1E7B000002070B5064636480EF0EA
:101070004AFF40070D4660D531B90EF0B7FE48B9BA
:101080006FF01505284670BD08460EF0DCFB002801
:10109000F3D1F5E731460020FFF7A6FE044628B954
:1010A0003146FFF775FE0446002849D0231DFDB1E7
:1010B0002A88A4F888206A88A4F88A20AA88A4F834
:1010C0008C20EA88A4F88E20D3E8EF2F42F00101AB
:1010D000C3E8E01F0028F7D1D10702D420460EF064
:1010E00097FF637BCBB100252046FFF705FCC9E7DE
:1010F000D3E8EF2F22F00101C3E8E01F0028F7D169
:10110000D207EED52046FFF7F7FB637B032BE8D130
:1011100029462046FFF70CFCE3E70B480EF0F3FEF0
:101120004307E0D5002DDED003212046FFF700FC69
:101130000220FEF717FF0546D6E76FF00A05A1E784
:101140006FF00B059EE700BF8401002000232DE90E
:10115000F04F85B001930393FFF76EFB044668B12F
:10116000427BD0F8A430072A17D04FF0FF3102AAF3
:101170009847014628B92046FFF7BEFB05B0BDE8F9
:10118000F08F2046039B019A0EF0C0FE4FF0FF3116
:101190002046D4F8A43002AAEAE7DFF8509102AA68
:1011A000B9F80411984705460028E4D0B9F804219D
:1011B000029B9A4206D30146D4F8A860204603ABAE
:1011C00001AAB047DDE9018B2B8A039E002B00F0BA
:1011D000818028460EF0A7F9824600287AD1B9F816
:1011E00004314348002B08BF00200022002309F0EF
:1011F00057FB00286ED1002200233E4809F0FAFA7E
:101200000746002866D0C0E90186B9F804612B8A38
:10121000B34598BF1FFA8BF6B3423ED928460DF06E
:10122000DDFF3146FFF7E0F9B9F8043106469B458A
:1012300088BF4FF0010A94F8C48084F8C4A09CBF12
:1012400008F102085FFA88F804F1C00ADAE8EF3F13
:101250000133CAE8E23F002AF8D104F1140B394601
:1012600058460EF01AFEA378012B19D1042106F17D
:101270000C000EF00BF8238808F0FD0843EA083351
:101280000380338A043B4380022330463376FDF7E4
:10129000E5FD28B9FDF77AFE6DE731462846C1E73E
:1012A000DAE8EF3F013BCAE8E23F002AF8D13946CD
:1012B00058460EF0FCFD3046FDF7D6F8204639467C
:1012C000FFF77CF9B9F804310948002B08BF00206A
:1012D00009F0C2FA29462046039B019A0EF016FE39
:1012E000132120460EF0CBFF45E700BFB0000020E1
:1012F000B80100203409002038B5044608460D46E0
:101300000EF0A1FA38B3154B93F8D830990707D4EB
:10131000E37873B129462046BDE8384000F0AAB909
:1013200094F894309A07F3D5201D0EF0ECFD0305D8
:10133000EED4294620460EF0DCFF58B92B88A4F8DD
:1013400088306B88A4F88A30AB88A4F89030EB889A
:10135000A4F8923038BD6FF01500FBE7B000002014
:10136000F7B510F8333C0446A0F140060BBB3046FD
:101370000FF081F8284B1D684DB155F81C3C203DFD
:101380001BB1304614F8341C98472D6AF4E7234DFE
:10139000234FBD4205D3304603B0BDE8F040FFF710
:1013A000ABBA6B681BB1304614F8341C984724352F
:1013B000EFE710F83E3C012B2CD110F83D3C23B94F
:1013C00003B0BDE8F040FEF78FB8A0F13C05D5E8CA
:1013D000EF3F23F48062C5E8E12F0029F7D15B05D8
:1013E00010D5A36C69460093236D30460193FFF737
:1013F00083FF38B9D5E8EF3F23F40073C5E8E23F37
:10140000002AF7D1D5E8EF3F43F48073C5E8E23F07
:10141000002AF7D103B0F0BD287A0020E45802007A
:10142000E458020008B568B1094B00F10C011A68D4
:1014300022B907480EF031FD104608BD914204D094
:101440001268F5E76FF01500F7E76FF07700F4E743
:10145000307A0020092805D8D022034B00FB023047
:101460000EF0D6BD0020704798490020F8B5194805
:1014700013F032FB0024184D164E29463046013435
:1014800013F036FB182C05F10C05F6D10FF0A0FD7A
:1014900003F038FC0546D0B90FF000F92E460F4F87
:1014A00038460EF0B5FD044660B104300EF02BFD59
:1014B000C30704D5032120462572FFF739FA2046D9
:1014C000FFF71AFA01360A2E07F1D007E8D12846AD
:1014D000F8BD00BF34090020087900209849002099
:1014E00030B500235425084C05FB03F002192058A1
:1014F00028B101330A2BF7D16FF00B0030BD034B3D
:1015000053600A60FAE700BF3C7A0020C85E020020
:10151000F7B504460026224D224FBD4201D303B049
:10152000F0BD20466B6801A99847002833DB019B7A
:101530002A889A829A84A86803F11002D2E8EF1FE1
:10154000C2E8EC6FBCF1000FF8D1C3E913669E64EA
:101550009E60A16B03F10802F9B9C4E90D221C6079
:10156000D86003F1300013F0B7FA019843681B68A4
:1015700003B19847019B1033D3E8EF1F41F00101FD
:10158000C3E8E21F002AF7D101984368DB6913B171
:1015900000F1100198470C35BFE70A60A263DEE74F
:1015A000C0580200E45802002DE9F8430E46904668
:1015B000D0F8B0404CB1483C236B63B104F1300922
:1015C000484613F0AAFA054650B9FDF7DFFC00259E
:1015D0002846BDE8F88320460EF0EDFEA46CE9E74E
:1015E0000DF0A1FF0028F2D1236D9BB9A38C2F8AA7
:1015F000403B9BB23F2B03D8238D9F4228BF1F4601
:10160000042105F10C000DF041FE0780A38C043786
:1016100043802765236D2A8A9E420ED3934215D0BC
:10162000A38C403B9BB23F2B1ED920460EF0C3FE3D
:10163000236B13B120460EF0A2FE236D9E422CBFF9
:1016400000269E1BC8F800302665C1E70022002353
:10165000484609F0CFF8A38CA3F140023F2AE4D812
:10166000034AAA61EB61E0E700221346F9E700BFF5
:101670002D05020070B5124B0C4619780546013154
:10168000C9B2012938BF01210822122019700EF0B9
:101690005FFE064688B108210C300DF0D6FD228889
:1016A0003146028062884280A2888280E288C280BD
:1016B0002846BDE870400EF046BF6FF00B0070BDCD
:1016C00087D2002023281FD81A2804D8431E182B9D
:1016D0000ED906207047A0F11B03082B1ED8DFE8A7
:1016E00003F0051D1B231D19251D05000320704750
:1016F00001230F4A83401A40C2B90E4A1A40002AF9
:1017000014BF01200620704700F07F03522B05D143
:1017100000207047012070470520704710F0400FEF
:101720000CBF06200020704704207047022070473D
:10173000AAAA8A025455450170B50E46438D418BC5
:1017400001328B4228BF0B469A42054610D83046DC
:10175000FFF7B8FF02280ED004280CD04FF0FF325C
:101760004FF0FF3300210D480EF0BAFE044630B9A9
:101770000024204670BD4FF470220023F2E7FCF7EE
:10178000BFFD1822064B012102FB003304F10C00BF
:101790009D600DF05AFD0670EBE700BFBC0900200C
:1017A000847D0020011F014813F0E6B8DC0700200B
:1017B0002DE9FF414FF000084FF4205305460E4637
:1017C000006802A9144617688DF80880ADF80A3041
:1017D0000DF0F2FDA0B142F60103286803A98DF8CF
:1017E0000C80ADF80E300DF0E7FD48B123691BB158
:1017F0005A88B24200D25E80012004B0BDE8F08178
:10180000616828680DF0D8FD10B100232361F3E76B
:10181000E368A0681A786AB1B7F82AC0798B038A9E
:101820008C4594BFC3EB0C03C3EB0103934201DA75
:101830000020E2E704210C300DF007FD2061068056
:10184000236929465E80074B0194009338460023A4
:10185000A2680FF0DFF80028EADB2069003818BF23
:101860000120CAE7F509020010B5044600F154034F
:10187000D3E8EF1F41F00101C3E8E21F002AF7D1CE
:10188000201F0EF049FF04F17400044913F037FAE9
:101890002068BDE8104002F0B3B800BF1124010079
:1018A000F7B5002304460E4600226946284808F092
:1018B00011FE0546D0B913F01DFE264B009F1A58A5
:1018C000254B29461A60381D282213F0B2FD3C60D2
:1018D000009C0022C4E90155C4E9095500231F48B2
:1018E00001A9019508F0F6FD054620B16FF00B0542
:1018F000284603B0F0BD019B0146B022184613F004
:1019000098FD174A8260603013F0E6F8019B583367
:10191000D3E8EF2FC3E8E15F0029F9D1019B1C60F8
:10192000636A019F1BB904F10C0013F0D5F8626AD9
:1019300007F1A803C7F8A820A26A636202B9A362EC
:101940001722019B5A855A8304333360D0E700BFC6
:10195000C007002008000000C47F0020DC07002032
:10196000CC0300202DE9F743176805468846006838
:10197000516814467E680DF01FFD8146002842D153
:101980003046952229460FF0EAFF0646207540B101
:10199000E3681B780BB184F81490002003B0BDE815
:1019A000F083A0680DF01EFC02210C300DF04DFC00
:1019B000164B2061A0F8008000930194334629461D
:1019C0003846A2680FF026F8002807DA10F1FF0F5A
:1019D00032BF0E204042C0B22075DEE72369002BE3
:1019E000DBD0A0680EF065FE7B8D7A8B9A4294BFA7
:1019F000C0EB0200C0EB0300E3681B78984294BF81
:101A000000200120CAE70120C8E700BFC30602008A
:101A10002DE9F74F064608460C46FCF771FC1823E3
:101A20004343DFF89480054608EB0302D2F808A090
:101A3000E06806F15801D1E8AF1FC90738D5E16861
:101A400009781171002248F803200378D22B0ED1B7
:101A500033682146186810F043FF40B101902046DA
:101A6000FCF702FD019B184603B0BDE8F08F04F1BE
:101A70000C000DF03CFC18235D43002307461A467A
:101A8000214608EB0509301DB4F810B0C9F808600C
:101A90000EF029FD03460028E5D06269A4F810B0D5
:101AA00012FA87F7E760C9F808A048F80500DAE7F6
:101AB0006FF01503D7E700BF847D00202DE9F14FBB
:101AC0000546FCF71DFC182202FB00F32F49C8183D
:101AD00051F803A00021D0E902460779B0F806804A
:101AE000D0F8109013F0A5FCA87AFCF701FC696906
:101AF000834651B16B7AD80705D4DBF824302846E9
:101B00001B689B68984700236B612946584612F072
:101B1000FAFF77B36CB323685BB31B684BB3BAF1BE
:101B2000000F26D1201D0FF034F93846FFF7CAFD0B
:101B300005281ED8DFE800F015031D151D0304F16C
:101B40005803D3E8AF3FDA0713D5E36D8BB14FF4F9
:101B50007022002304F1780001B0BDE8F04F09F0D5
:101B600021B954F8583B1D68D4E8AF3FDB0700D5D6
:101B700056B901B0BDE8F08F49462846B047013458
:101B8000A3B29845F8D8F4E70024F9E7847D002053
:101B9000F8B50B8A04460D460768002B39D00121A1
:101BA00005F10C000DF08BFB7B7B0646072B30D13B
:101BB00054F8043C6BB3002301781748043C10F838
:101BC000337000EBC3028F4208D1298A537897788B
:101BD000994213D2012F1CD1042317E001331E2B8D
:101BE000EDD10846FFF76EFD98B1052811D081B1FF
:101BF0000623002220460FF026F90AE05368294602
:101C000020469847012F034603D110B131780029AF
:101C1000EFD10020F8BD00BFF05E0200F0B51E4617
:101C200003680D460039044618BF012187B01868C3
:101C3000174610F0C8FA40B904F158000EF0ACFF96
:101C4000002844D0002007B0F0BD002E41D018225B
:101C50000021684613F0EDFB47BB236831461B6843
:101C6000304600930023ADF812300C9B1A4A0393C0
:101C7000BDF834308DF80850ADF8103001238DF8E0
:101C800014306B460EF0ACFD9DF81430C3B1002F3C
:101C9000D8D00198FCF7E8FB9DF81430002DD1D086
:101CA0003246294620460FF0CEF8CBE700223946CF
:101CB0002046FFF741FD01900028CED11120C2E758
:101CC00001990029BED020460FF095F8BAE71220FE
:101CD000B9E70120B7E700BF7F070200F8B54FF46E
:101CE0007022074600230D480E460DF048FA0446C0
:101CF00090B100F10C05092128460DF09BFA204611
:101D0000FCF7FEFA1822064B012102FB003328469D
:101D10009F600DF09AFA06702046F8BDBC090020BD
:101D2000847D00202DE9F0410E8A0446043EF6B27F
:101D3000022E08468CB001D0102E64D104210C3044
:101D40000DF0BDFA0DF1080805884788011D3246DF
:101D500040460DF05FFB002857D09DB3002687B3A7
:101D6000BD422FD84FF42053404601A98DF804609E
:101D7000ADF806300DF020FB40BB1422002107A86F
:101D800013F057FB11212046FFF7A8FF0990002808
:101D900037D001210C30CDE907480DF056FA002369
:101DA0000A90394603701A4A0B93284607AB0EF087
:101DB00017FD0A9B1B78FBB90998FCF755FB0A2312
:101DC00001E03D4601232A4610210EE042F60103C0
:101DD000404607A98DF81C60ADF81E300DF0ECFAF6
:101DE0000028CAD010232A46194620460FF02BF8A7
:101DF00000200CB0BDE8F081204609990EF0FBFFF1
:101E0000F6E71120F5E70420F3E70E20F1E700BF25
:101E1000B11701002DE9F043036804460D4685B073
:101E20000121186810F0CFF940B904F158000EF004
:101E3000B3FEB0BB122005B0BDE8F0831022002134
:101E4000684613F0F6FA21212046FFF747FF02907B
:101E500048B34FF00108DFF85490009405F10C07E7
:101E60002B8A012B04D8204602990EF0C4FF18E0FB
:101E700038460DF034FA6B464A46014606468DF860
:101E80000C800EF0ADFC9DF80C30002BE8D00298D1
:101E9000FCF7EAFA3246202120469DF80C300EF07D
:101EA000D2FF0020C7E71120C5E700BFF50B0200F5
:101EB0002DE9F043036804460D4685B001211868FA
:101EC00010F081F940B904F158000EF065FEB0BB86
:101ED000122005B0BDE8F08310220021684613F0FF
:101EE000A8FA0F212046FFF7F9FE029048B34FF001
:101EF0000108DFF85490009405F10C072B8A012BA0
:101F000004D8204602990EF076FF18E038460DF00E
:101F1000E6F96B464A46014606468DF80C800EF0FF
:101F20005FFC9DF80C30002BE8D00298FCF79CFA7F
:101F300032460E2120469DF80C300EF084FF002022
:101F4000C7E71120C5E700BFAF0B0200F0B51D4683
:101F5000036804460E4685B001211868174610F044
:101F600032F938B904F158000EF016FE48BB1220C1
:101F700005B0F0BD65B310220021684613F059FA90
:101F800039462046FFF7AAFE029018B3BDF8283064
:101F90002946ADF80430012328468DF80C300E4A4E
:101FA0006B4600940EF01CFC9DF80C305BB102985F
:101FB000FCF75AFA2A46314620469DF80C300EF0BE
:101FC00042FF0020D4E7204602990EF014FFF8E704
:101FD0000120CDE71120CBE7AF0B02002DE9F04146
:101FE0000D8A0446043DEDB2022D08468CB001D0A6
:101FF000102D68D104210C300DF061F90DF10408A9
:1020000006884788011D2A4640460DF003FA00283D
:102010005BD0BEB3AFB3BE4234D800238DF81830C6
:1020200042F62A33404606A9ADF81A300DF0C4F93D
:1020300080BB182200210DEB020013F0FAF90921F0
:102040002046FFF74BFE089000283AD001210C30C3
:10205000CDE906480DF0F9F80023099003700A2332
:1020600039468DF82C30304606AB194A0EF0B8FBD5
:102070009DF82C3003B30898FCF7F6F99DF82C3046
:1020800001E03E4601233246082120460EF0DBFEE9
:1020900000200EE023680121186810F094F8002851
:1020A000C7D104F158000EF077FD002814BF0020BE
:1020B00012200CB0BDE8F081204608990EF09BFE7E
:1020C000E6E71120F5E70420F3E70E20F1E700BF73
:1020D000651901002DE9F0430F460446062187B03B
:1020E00007F10C000DF0EBF80588B0F8028082884B
:1020F000D7F80C90C5B10023B8F1000F13D0A84554
:1021000012D38DF800308DF804304FF42053684618
:1021100001A9ADF80220ADF806300DF04DF90646E4
:1021200060B10A2301E0454601232A4606212046E4
:102130000EF089FE002007B0BDE8F08301461422AE
:1021400001A83F7C13F075F907212046FFF7C6FD73
:102150000290D8B10A2341468DF81530284601ABCC
:102160000B4ACDE9036901948DF814700EF038FB29
:102170009DF815302BB10298FCF776F99DF81530D3
:10218000D3E7204602990EF036FED3E71120D2E7BE
:10219000F70702007FB5CB6804461D885E8885B1CD
:1021A00076B1B5420DD810220021684613F041F9EE
:1021B00005212046FFF792FD019058B9112007E054
:1021C000354601232A46042120460EF03CFE00201D
:1021D00004B070BD6B4631462846084A00940EF0A4
:1021E000FFFA029B23B90198FCF73EF90A23E9E7BD
:1021F000204601990EF0FFFDE9E700BF3D0902000E
:1022000013B50B460021024613F074F901910D49F4
:102210000C680D4909580D488C4208BF002201A9DD
:1022200008BF134608F056F9014640B9019B1C222D
:10223000184613F0FEF80346184602B010BD0023FE
:10224000FAE700BFC47F0020080000001408002047
:1022500010B50446806818B1FCF706F90023A360A6
:102260002146BDE81040014812F086BB140800204A
:102270002DE9F347044678300E4617461D4612F006
:102280004CFDE06D30B920680EF03BFD002002B03F
:10229000BDE8F087104B4FF00008984202D1C4F817
:1022A0005C80F0E7D0F80490C0F80480E06DD0F8CE
:1022B00018A0FFF7CDFF2068C4F85C800EF021FD68
:1022C000B9F1000FE2D02068CDF800A03B463246BD
:1022D00029460068C847D9E7C87F002070B5C36D9C
:1022E0000446CA6843B319498B4225D0D5781DB33B
:1022F000052D406806D00F2D1FD1437A012B1CD825
:10230000022107E0437A012BFAD9022B12D0032BCA
:1023100013D104210DF013FF08B110300DD104F1D9
:10232000780012F0FAFCE26D0020137C43F0010308
:10233000137470BD0321EDE70E2500222B462046C5
:10234000BDE870401146FFF793BF00BFC87F002073
:10235000F7B550F8044C0546002C55D000F1A40107
:1023600004F124000EF0FDFB2E1F05F15C07002296
:102370000023384608F03EFA024658BBAB6D2BB13D
:1023800001466FF067033046FFF772FF002345F800
:10239000043C05F15403D3E8EF1F21F00101C3E829
:1023A000E21F002AF7D1636A73BB04F10C06002216
:1023B0000023304608F01EFA78B9666886B92146CF
:1023C0001248266012F0D8FA286803B0BDE8F04041
:1023D00001F0D6BBFCF748F8C9E7FCF745F8E6E79B
:1023E000A26833689642636008BFA36077683FB114
:1023F000B3696FF067010093002320681A46B8475D
:102400003046FFF725FFD8E703B0F0BDC007002036
:1024100070B550F8783C92B0064618680DF011FF80
:102420000378044607AD032B24D8DFE803F0021D30
:102430001F2113492846EEF701F8A3790595627824
:102440001E210492A2780AA80392E27802922279CD
:102450000192627900920B4A09F058FCA6F17400CF
:10246000FFF776FF12B070BD0749E3E70749E1E7E0
:102470000749DFE70A212846064A09F047FCDCE75E
:10248000E69A02000F9B0200ED9A0200F49A020005
:10249000FE9A0200089B020010B50C4618B311B357
:1024A0000EF014FDF8B1436ABBB153F8A82902B18C
:1024B000A83AD96D8C4209D07AB11346D2F8A82037
:1024C000002AF6D0D96DA83A8C42F6D12046064AA9
:1024D000DA65BDE81040FFF7BBBE043021460EF0C0
:1024E00040FB2046F5E710BDC87F0020F8B51D462B
:1024F0000F461646FBF704FF1823044C03FB00406D
:102500000123C0E90376C3800575F8BD847D0020F2
:10251000F8B506460F460024094D15F8013CB342B4
:1025200007D1394628460EF09CFE10B105482044DC
:10253000F8BD0C34F02C05F10C05EED10020F7E7C6
:102540003395002032950020F8B506460F4600244A
:10255000094D15F8013CB34204D1294638460EF026
:1025600080FE30B90C34F02C05F10C05F1D10020BF
:10257000F8BD02482044FBE7B9510020B8510020C3
:1025800038B514460D4B82680D469A4211D1227916
:102590002168C0680EF06DFE58B1D4F8C8302F2BFA
:1025A00009D804EB83021581018901335181C4F8F4
:1025B000C830012038BD0020FCE700BFB52901006C
:1025C00038B50C4619466BB103F114055B698AB93D
:1025D000E268A360954200D1E36000230D681A46CB
:1025E0004B61A847A3685BB9601C0649BDE8384049
:1025F0000EF059BE1360E3689D4208BFE260ECE74D
:1026000038BD00BF4D6C050070B5204B1446826884
:102610009A420FD1A568C66875B9227930462168FB
:102620000EF027FE024628B1194901300EF03BFE9C
:1026300015701581012070BDE0680028FBD02B8843
:102640008B420AD0F6D2E068A36801380433E06018
:10265000003818BF0120A360EDE7256822792946DC
:1026600030460EF006FE024660B9304608490EF0CC
:1026700000FE02460028E6D0294601300EF013FE87
:1026800023791370A3685B881381DCE7B529010007
:102690004D6C05002DE9F04180460F4616461D465B
:1026A000FFF736FF044648B91449FFF731FF0446E7
:1026B000F0B1394600F8018B0EF0F5FD22896389EF
:1026C00092B99BB926816581254615F8010B2946EB
:1026D0000DF049F960B122462946BDE8F0410423D6
:1026E00012F8080BFCF706B9964203D39D42EAD8CC
:1026F000BDE8F0819D422681E6D9E4E74D6C0500F6
:10270000F8B506460B4F4C1C01F165056EB122462B
:10271000304614F8011C0DF06CFD08B1601EF8BDC8
:102720000A34AC42F2D10020F9E7394620460EF0D7
:1027300098FDF2E74D6C05002DE9F04105460026B5
:102740000C4CDFF834802746621C6DB941461046B8
:102750000EF087FD28B90136142E04F11004F2D1D1
:1027600000273846BDE8F081284621780DF041FD6C
:10277000F0E700BFE08000204D6C05002DE9FF412F
:102780000E4617469846044628B96FF015052846A8
:1027900004B0BDE8F08102A90CF0E6FD0546002872
:1027A000F3D1204601A90BF051FE0198D0B90020C9
:1027B00002A9FFF7ADFE0446D8B9002EE7D01149B3
:1027C000FFF7A6FE0446D0B1002302A900F8013BA2
:1027D0000EF069FD0422404604F10801B84700EA02
:1027E000E075D4E70A22294609F0DCFA0028DED099
:1027F000CBE7002EEED1066046608660C7E76FF03B
:102800000B05C4E74D6C050008B504210A480EF01D
:102810005FFD6FF0020108480EF04CFD06480EF017
:1028200054FDC30705D54FF4A4720023034808F0F4
:10283000B9FA002008BD00BF28530020F85200203C
:1028400008B513468168074A914209D11A79196877
:10285000C0680EF00EFD18B10023036043600381D1
:10286000012008BDB529010070B50B4B16468268E2
:102870009A420ED1C5686C1C6535204631680EF051
:10288000F0FC18B1204671680EF00DFD0A34AC4220
:10289000F3D1012070BD00BFB529010010B56FF064
:1028A000020108480EF006FD06480EF00EFDC307B3
:1028B00006D5BDE8104000220023034808F072BA94
:1028C00010BD00BF28530020F852002073B50C46FD
:1028D0000546082104F1100016460EF0F9FC1223FB
:1028E00004223146CDE9003228462246024B0EF042
:1028F0006DFF02B070BD00BF771802002DE9F84FE0
:102900001646294B826807469A4230D1C568B5F809
:10291000643063B34FF00008DFF890B06C1C05F131
:10292000650A06F17009B4F807309BB122463046BB
:1029300014F8011C0DF05DFCE0B9214614F8010CFF
:10294000FEF752FA30B1437B072B08BF4FF0010866
:10295000FDF7D2FF0A345445E5D1B8F1000F06D196
:10296000AB6EA5F8648013B1414638469847012004
:10297000BDE8F88F4946307A0CF0F5FF70B95D4537
:1029800002D130460EF078FE204609490EF08BFC4D
:10299000002304F8013CA4F80730DBE74946204651
:1029A0000EF081FCD6E700BFB529010030040020FD
:1029B0004D6C05002DE9F0471F46BDF82030054657
:1029C0008846D1F80C90002B78D17B1E012B78D84B
:1029D000012F4946167818BF1688FFF791FE044666
:1029E00080B916B93846BDE8F0874946FFF788FE3A
:1029F0000446002868D005F1700101300EF053FC48
:102A00002B7A2370D9F86C30002B45D1B4F808A08C
:102A10002681B9F86430B34203D0494640460EF0EF
:102A2000DAFBB2452FD095F8088005F170094946C8
:102A300040460CF098FF494682464046FFF784FD29
:102A40000546BAF1000F1ED090B90346204A104641
:102A50000EF03BFC60BB0C225A43DFF878A0501C00
:102A6000494650440EF01FFC02EB0A050AF80280AA
:102A7000012105F108000EF02BFC4FF40042002369
:102A8000154808F08FF9002EACD11449601C0EF0E7
:102A90000AFC26702681A5E732464146284698471B
:102AA0000028A0DB01380128B0D96FF00D009AE7AB
:102AB0000133142B02F10C02C9D1D9E76FF00600E3
:102AC00091E76FF00C008EE76FF010008BE700BF0E
:102AD000C0510020B8510020A85200204D6C0500C4
:102AE000012110B516480EF0F3FBC30727D40221CD
:102AF00013480EF0EDFB084007D11249124A0B882B
:102B0000124CA24215D300B10B801149114812F0AA
:102B1000F6F8022110480EF0DBFB1049104812F0C5
:102B2000EEF81048FEF77EFCBDE810400E48FEF7B8
:102B30001BB95068083203449BB20120E1E710BD85
:102B4000D480002022960020E4580200F4580200AD
:102B5000E92E0100F8520020285300202122020013
:102B6000A852002018040020F403002003462DE999
:102B7000F04148B1008A38B901244FF0140C1149D2
:102B8000DFF844E0714501D3BDE8F081D1E900767A
:102B9000BB4204D30CFB0672143A93420ED9344460
:102BA000A2B214460831EDE70CFB0578434507D087
:102BB00001356219B54292B2F6D1F2E70025F8E785
:102BC0001046E1E7E4580200F45802002DE9F74FFF
:102BD00099464FF6FF73BDF830500746002D08BFE9
:102BE0001D46244B90461B88009183423CD203B083
:102BF000BDE8F08F73682344BB4232D29CB20836E2
:102C00001D4B9E42F6D3F2E74046895801930CF0E3
:102C1000D3FB019B90B101340AF1010AA4B273689D
:102C20005345ECD9009B9C42E1D8BC423168F2D3B9
:102C30000BFB0AF28B18B8F1000FE5D1B9F1000FC8
:102C40000BD1013D1846ADB221460E9A0D9B984717
:102C5000002DCCD00028DED1C9E7DA689145DAD161
:102C6000EFE74FF0000ADAE701244FF0140B034EB0
:102C7000C6E700BF22960020F4580200E458020084
:102C80002DE9F041B8B00C46164621496A463E98F7
:102C90001F460BF0B7FB002837D0009D01A928463E
:102CA0000BF0D4FB65B1019870B900230DF1080851
:102CB000284641468DF814300CF056FB054650B1BD
:102CC0006FF0150425461AE00A22002109F06AF87F
:102CD0000028EAD0F4E7CDF81080A4B1C02238462D
:102CE00008A9B047041EEDDBA40808ABCDE9063403
:102CF0004FF6FF710120074A04AB0EF023FE284671
:102D000038B0BDE8F0812346F0E76FF01505F6E72F
:102D1000BE6E050009260100002307B50193FFF7E9
:102D200025FF411C89B20846034A01AB0EF00AFE9A
:102D3000019803B05DF804FBD11102002DE9F047C2
:102D4000154689469422696806460EF008FE8046BC
:102D5000002848D10222304669680EF03AFE002869
:102D600044D04FF470200021AF8AFFF749FA0237B0
:102D7000044680B11D211F4B47613A464174C0F89B
:102D80000C804360856130460EF0B4F8074638B9D0
:102D90002046FFF75DFA6FF00B052846BDE8F08787
:102DA00001234246414607F10C0AFFF79FFB02212F
:102DB00050460CF04AFA804628F8029BA98A5046F1
:102DC0000CF043FAAA8A2969404612F00BFB21460F
:102DD0003046A7600EF0C6F905460028DDD0204633
:102DE000FFF736FAD9E74FF0FF35D6E76FF0150554
:102DF000D3E700BF0912020030B504468BB0374854
:102E00000EF063FA42070D4661D514B1637B072BC0
:102E100060D168680590FFF7A9FE2A68ADF8180030
:102E20003AB305A902912E49002301910121009195
:102E30004FF6FF710593FFF7C9FE059B1BB96FF0B5
:102E400001000BB030BD6B60059B04A9186800231E
:102E50008DF8103042F60303ADF812300CF0ACFAE6
:102E600070B90598C3689B799B0605D46FF015006F
:102E7000E7E70028E8D1E2E70EF012FDADF8180010
:102E8000BDF818003CB1012301462A462046AB7527
:102E9000FFF754FFD5E76FF07F0307930223ADF8E8
:102EA000203042F60213ADF8123005ABAC75029338
:102EB0000C4B4FF6FF710193012304AA00932346A4
:102EC00009958DF81040FFF781FE0798B9E76FF07C
:102ED0000A00B6E76FF07F00B3E700BF840100206F
:102EE000371202003530010073B5044650F8083C33
:102EF00000F130056FF00101A0F120062846019392
:102F00000EF0D8F90D4B002044F81C3C0C4B314618
:102F100044F8183C01AB44F8103C042324F8080C96
:102F200024F8060C24F80C3CFFF766FF18B90221C0
:102F300028460EF0CDF902B070BD00BF1860020047
:102F40009D2801002DE9F047344B1746146882682C
:102F500006469A425ED1D0F80C8008F1010508F1CE
:102F60006509B5F80730FBB12A46204615F8011C63
:102F70000DF03FF9C0B14FF49572314620460EF086
:102F8000EEFCA8B103280FD0052820460CBF4FF057
:102F9000030A4FF0020A0DF001F9824508D93B7986
:102FA000534501D287F804A00A354D45D9D131E007
:102FB000414630460EF00FF9194B98452AD1207A38
:102FC00004F17001FFF7A4FA054618B303890BB9A1
:102FD0004389FBB12046FDF787FD2B89114A22F872
:102FE0002030698902EB8003598018230E490F4D68
:102FF00003FB001300B202EB80021A61042200EB13
:1030000040005D600A4D01EBC00120469D609A8240
:10301000FFF7F2FE0120BDE8F08700BFB5290100EF
:10302000300400200A950020E47F00201860020090
:103030004D1802002DE9F84F1446454B8268814631
:103040009A4239D1D0F80CA0424B9A451CD10026A7
:10305000414D424F394628460EF003F978B9072210
:10306000294615F8010CFDF70FFF40BB23692946DF
:103070001A6915F8010C53881288FFF70BFB01360B
:10308000142E05F10C05E5D10AF101070AF1650BD3
:10309000B7F80720A3899A420BD1394617F8010CDB
:1030A000FDF7A2FE054620B1437B072B0AD0FDF7B2
:1030B00023FC0A375F45EBD14FF0010844E0FDF7F0
:1030C0001BFCDCE7DAF8703023B14946984708B9B1
:1030D0002846ECE79422494628460EF040FC8046FC
:1030E0000028F5D1A389022B15D1B7F8073013F0CA
:1030F000020604D12846FDF7FFFBA660D9E7284663
:103100002269A188FFF71AFE0646B8B92269937DA5
:1031100001339375EEE7012B05D02846FDF7ECFB54
:10312000C4F80880C5E7B7F8073013F00106E1D00E
:1031300028462269A1880EF0D3FC06462846FDF7F2
:10314000DBFB002EA660B4DA4046BDE8F88F00BF76
:10315000B529010030040020339500204D6C050096
:1031600073B5437B0446072B0D461AD1061D4FF459
:10317000005130460EF0ACF8830415D402232046EB
:10318000CDE900332A460A4B0A490EF01FFB0446DC
:1031900020B16FF4005130460EF08CF8204602B09A
:1031A00070BD6FF07F04F9E76FF07704F6E700BFBA
:1031B0006D1302003F12020070B5437B0546072BDA
:1031C0000C4686B040F099800B7C062B67D8DFE870
:1031D00003F004045151598D20000B688BB11B780A
:1031E0006BB1022B5BD11623019306232246009379
:1031F0004349444B28460EF0E9FA06B070BD082357
:10320000F2E7102304212246CDE900313E4B3F492D
:10321000F0E70868002842D00678002E3FD14FF42E
:10322000245302A98DF80860ADF80A300CF0C4F8F8
:1032300000B342F60213206803A98DF80C60ADF8C4
:103240000E300CF0B9F8A8B142F60313206804A9B7
:103250008DF81060ADF812300CF0AEF850B142F6B7
:103260000413206805A98DF81460ADF816300CF031
:10327000A3F8A0B9082304222549CDE9003222464B
:10328000244BB7E7086888B300264FF4205302A9FF
:103290008DF80860ADF80A300CF08EF810B96FF0B8
:1032A0001500AAE742F60103206803A98DF80C6017
:1032B000ADF80E300CF080F80028F0D042F6020392
:1032C000206804A98DF81060ADF812300CF074F885
:1032D0000028E4D042F60303206805A98DF81460A5
:1032E000ADF816300CF068F80028D8D00423224638
:1032F000CDE900330849094B7CE76FF07F007CE79C
:103300009D1B0200D715020001140200371C0200A9
:103310002133010031140200C71D0200991302007D
:103320002DE9F04F91B0814617461A9E31B13246D1
:103330000021736811B0BDE8F04F1847327C022AB3
:1033400072D1ABB13878062802D0082810D10A46CD
:10335000002542F6020A5C1E8DF81820A4B207F17F
:10336000010B3B78A34209D914B9002D40F0AE817E
:103370003246002148467368984739E0BBF8008020
:103380001FFA88F5002DF3D0BBF802009DF8182035
:10339000ADF81400BBF80410ADF8161062B1022AA3
:1033A00015D0316839B306A80CF006F818B33A788E
:1033B000A41AA4B29344D4E706AA04929BF8062068
:1033C0009BF8071042EA0122ADF81A20E9E70A2328
:1033D0007081B181A6F80880484601920093324678
:1033E000944B95490EF0F2F985B2002D40F06E81B4
:1033F00011B0BDE8F08F4FF00003102200210CA89F
:103400008DF80C30ADF80EA012F013F803AA0B9251
:1034100004AA0E92484632467368ADF83C800BA968
:1034200098470028C3D1E3E7032A64D1002B9FD03B
:103430003A78072A02D0152A9AD1022100255C1E6B
:103440008DF81810A4B207F101080DF1180A3B78A5
:10345000A34289D8B8F800B01FFA8BF5002D87D0A9
:103460009DF8183063B1022B13D03168F1B150468A
:103470000BF0A2FFD0B13B78E41AA4B29844E6E77F
:1034800098F8053098F8062043EA0223ADF81A3080
:10349000EBE708F105030DF1190208F1150153F8E6
:1034A000040B8B4242F8040BF9D1DEE798F80230A6
:1034B000B8F803208DF816304FF000038DF80C306B
:1034C00042F603030021ADF814200CA81022ADF839
:1034D0000E30CDF810A011F0ACFF03AB0B9304AB92
:1034E0000E93324648467368ADF83CB00BA9984736
:1034F0000028C0D17CE732681578002D40F0DD80CF
:103500005288002B00F0D980B8465C1E18F8013BA9
:10351000A4B2A34200F2D680012C40F2CE80B7F8CC
:103520000150002D00F0C980A2F52453042B00F2B5
:10353000C480DFE803F003C22E578300032C40F25F
:10354000BC80B8F8023010220021D6F800A00CA8E8
:10355000ADF8183011F06DFF06AB0E9332464846B9
:103560007368CDF82CA0ADF83C500BA99847002803
:103570003FF43EAF3B78E41AA4B2A342984400F271
:10358000A180012C40F29980B8F80050002DD5D1CF
:1035900093E0032C40F29180B8F802301022002111
:1035A000D6F800A00CA8ADF8183011F042FF06AB19
:1035B0000E93324648467368CDF82CA0ADF83C50C7
:1035C0000BA9984700283FF413AF3B78E41AA4B244
:1035D000A342984476D8012C6FD9B8F80050002D3A
:1035E000D7D16AE0032C68D9B8F802301022002144
:1035F000D6F800A00CA8ADF8183011F01AFF06ABF1
:103600000E93324648467368CDF82CA0ADF83C5076
:103610000BA9984700283FF4EBAE3B78E41AA4B21C
:10362000A34298444ED8012C47D9B8F80050002D39
:10363000D8D142E085130200371D0200082C3CD986
:1036400098F8023000218DF8183098F80330D6F839
:1036500000A08DF8193098F8052098F804300CA8CF
:1036600043EA0223ADF81A3098F806308DF81C3082
:1036700098F8082098F8073043EA02231022ADF8A2
:103680001E3011F0D6FE06AB0E93324648467368E4
:10369000CDF82CA0ADF83C500BA9984700283FF47A
:1036A000A7AE3B78E41AA4B2A34298440AD8012CEE
:1036B00003D9B8F80050002DC0D132460021484649
:1036C000736837E6002CF8D1002DF6D03246294633
:1036D000484611B0BDE8F04F0EF042BA07B5437B43
:1036E0000A46072B2CD14B683BB908234FF0040E38
:1036F000CDE9003E144B154909E0012B11D0097B9F
:103700005B00019341B1202311490093114B0EF04E
:103710005DF803B05DF804FB0E230F4900930F4BD7
:10372000F5E74B8933B10C234FF0040CCDE9003C95
:103730000B4BE0E70A230221CDE90031094BDAE720
:103740006FF07F00E5E700BF231602001F1F020095
:103750005515020095140200151502006D140200A3
:10376000C5130200B113020073B5437B0546072B56
:103770000C4625D1CB888E89ABB128460DF02AFCAA
:10378000A389053880B2834228BF034604339BB225
:1037900001931623224600930B490C4B28460EF04A
:1037A00015F802B070BD0DF015FC02360138B042BC
:1037B000E3D31223224600930549064B0196EDE719
:1037C0006FF07F00EDE700BFD9370100D51402008C
:1037D0004F120200991402002DE9F7439446064661
:1037E0000A9C51B1B1F5807F28BF0E212246236883
:1037F000C9B203B0BDE8F0431847032B04D82246F2
:103800000E2130462368F4E7B4F80C901D1F4D4597
:103810000ED918230121CDE90031174B224630463D
:1038200016490DF0D3FF0028E9D103B0BDE8F083BD
:10383000E388B2F802809845EBD1A7682A4638465B
:103840000CF1040111F0BBFC0028E2D1A9EB050347
:1038500018FA85F82F449BB2A4F80680A760A381CC
:103860002BB918230122CDE90032054BD6E72146BA
:103870003046FFF779FFD6E7DD1302004F12020052
:10388000EF13020070B5437B0646072B0D463CD173
:10389000FEF752FF044658B9FEF74EFF04460028D3
:1038A00036D006F1700101300DF0FDFC337A237043
:1038B000A3687BB10022143B9D422CD01889298932
:1038C000884204D19889A989884228BF01225B696E
:1038D0007BB982B9114A29463046FEF7F7FF024606
:1038E00048B1A3681BB90E49601C0DF0DCFC104602
:1038F00070BD143BE0E7A26805F114036A61E26859
:10390000A36002B9E3600022F1E76FF07F02EEE707
:103910006FF00B02EBE76FF07702E8E7E7120200C7
:103920004D6C05002DE9F041437B0746072B0D4602
:103930005CD1FEF701FF064600285AD08468002CAF
:1039400057D000239846143CA54209D021892A89E2
:10395000914208BF4FF0010864691CB1143CF3E7C1
:103960000123F9E7002B44D005F110000DF0ADFC68
:10397000430703D5294638460EF09CFBB8F1000FEB
:1039800019D0B36805F1140253B19A4224D16B697E
:10399000E4B9F168B3608A4200D1F36000236B613F
:1039A000B3681BB91449701C0DF07DFCB8F1000F11
:1039B00015D1002008E029463846104AA5F80C80A9
:1039C000FEF784FF0028DCD0BDE8F0812360F368B7
:1039D0009A4208BFF460E1E71C461B68D4E7002365
:1039E00029461A4638462C68A047E2E76FF07F0068
:1039F000EAE76FF01500E7E74D6C0500E7120200FB
:103A0000012370B500F170058EB00446039029467D
:103A1000007A8DF810300BF0A6FF90B1227A1AB31D
:103A200002AE0421304609F067FF009624210F4AB8
:103A300005A82B46FAF7CEFE05AA10460C49F8F762
:103A400003FF4FF6FF7101200A4A03AB0DF07AFF26
:103A500020460CF0A3FB9DF81010884202D22046AD
:103A60000CF06DFB0EB070BD0092DFE7C16E05007B
:103A7000812C0100452F0100F8B505460E4617467A
:103A8000064B1C684CB154F8043C043C1BB13A464C
:103A90003146284698476468F4E7F8BDD88000208E
:103AA000012337B50546009000F17001007A8DF8CA
:103AB00004300BF058FF40B96B464FF6FF71012000
:103AC000104A0DF03FFF03B030BD2846FEF734FE2C
:103AD0000028F1D08468002CEED0143C04F11003CF
:103AE00018460DF0F2FB020709D418460DF0EDFB65
:103AF000830704D421462846034AFEF7E7FE64699B
:103B0000E9E700BF452F010061130200002330B533
:103B1000B5B001918DF808003393044601AB0D4612
:103B200001204FF6FF71074A0DF00CFF339B3BB1AC
:103B30009B0003AA29462046FAF7F2FE35B030BDB5
:103B40001A46F7E78125010073B500F17006CDE94B
:103B5000001204463146007A0BF005FF05466B461D
:103B60004FF6FF710120054A0DF0ECFE1DB1314604
:103B7000207AFFF7CBFF02B070BD00BF69280100BB
:103B80002DE9F74F054603464FF6FF7101202B4AFA
:103B900005F170080DF0D6FE4146287A0EF015FBAF
:103BA0004146287A0BF0DFFE58B12B7A4FF6FF71B1
:103BB0008DF8043001206B46214ACDF800800DF0CD
:103BC000C1FE2846FEF7B8FD064698B384688CB35C
:103BD00054F8147907B1143F4FF00009CA4601E0C8
:103BE0003C461F4604F1100B6FF0080158460DF0DB
:103BF00061FB4146287A0BF0B6FE68B923464A4677
:103C000031462846A4F80CA0FEF7DAFC97B17B6990
:103C1000002BE5D0143BE3E758460DF056FBC307F5
:103C2000ECD473781BB14146701C0DF03CFB04F1E1
:103C30001409EBE703B0BDE8F08F00BFFD280100D9
:103C400041280100034B42689A4204BF83691982EC
:103C5000704700BF1F1F020030B50C4C00232246E6
:103C6000D4F8EC0038B101330A2B04F5BC74F7D159
:103C70006FF00B0030BD4FF4BC746343044DD41897
:103C8000EC331A44C4F8F0500A60F3E730530020D4
:103C9000A460020001460023074A10B5141DE01875
:103CA0000EF0DBFA08B1981810BD03F5BC73B3F53C
:103CB0006B6FF4D1F8E700BF30530020084B00F5DC
:103CC000B8701A68074BD0E8EF1F994204D1C0E8DA
:103CD000EC2FBCF1000FF6D1D0E8AF0F704700BF5A
:103CE000387A00203053002008B5FFF7E7FF03467D
:103CF000C8B1D0E9001221B9002A0CBF032002206C
:103D000010E032B1836813B9094B1B7833B9042032
:103D100008E00749087828B19B6833B9003A18BF12
:103D20000122500008BD0320FCE70120FAE700BF94
:103D300088D2002038B50446051D082128460EF01B
:103D4000D4FA064904F15700FCF780FB20B128465D
:103D500008210EF0A9FA082038BD00BF4B2A020046
:103D60002DE9F043D0F8EC300446D3F89C3089B00C
:103D7000002B6ED0071D052138460EF06EFA002884
:103D800063D194F8E830DB075FD5D4F8EC301A2122
:103D900001A8D3F89C50FCF7C3FA8046002854D100
:103DA000062120460EF064FB064600284DD0102167
:103DB0000C300BF04AFA2A7B01A9814611F012FB64
:103DC000287B0F2805D8C0F110024146484411F065
:103DD00030FB3146002220460EF071FA07212046C2
:103DE0000EF046FB064680B30A210C300BF02DFA8C
:103DF000034605AA03CAC3F80200C3F80610BDF8BB
:103E00001C20204631461A80134A0EF058FA0D2124
:103E100038460EF022FA05ACB8B1012128460EF062
:103E2000B2FF05F14A0601AB1A4603CAA24230604E
:103E30007160134606F10806F6D1234603CBBDF8A0
:103E40001C3028646964A5F84830002009B0BDE83A
:103E5000F0830820FAE700BF352C020073B5047A1E
:103E60000546022C23D844B190F8DC30D0F8D84075
:103E7000DC4004F0010444F08004032128460EF0E5
:103E8000F7FA0646A8B110210C300BF0DEF90090CD
:103E900010482346006805F1270205F157010EF08E
:103EA000EAFF044650B13046FAF7DEFA01E0032C8F
:103EB00002D0082002B070BD0024DEE70246314681
:103EC00028460EF0FCF9281D21460EF0EDF920469B
:103ED000F0E700BF20820020F7B504460E46FFF74A
:103EE000EDFE04F1570705463A46F36803F1200159
:103EF00053F8040B8B4242F8040BF9D104F177021A
:103F000003F1200153F8040B8B4242F8040BF9D162
:103F10003846FCF723FAC8B9D4F8EC30DB78002B2C
:103F200033D1261D0E2130460EF097F930B9574B8C
:103F300020223846196811F042F940B3237A052B44
:103F400025D8DFE803F026692B2624730E21201DD7
:103F50000EF0CBF9D4F8EC60D6F89C3033B9307A57
:103F600006F1700100F0E4FEC6F89C00D6F89C3023
:103F7000002BD1D0DA8902F02402002ACCD05B7B5E
:103F80009907C9D4032003B0F0BD0020FBE7082047
:103F9000F9E7032120460EF0A8F92EE02046D4F8D8
:103FA000EC70FFF78BFE0421054604F1D800FCF706
:103FB000B7F90028EBD1D4F8D830354A84F8DC00C2
:103FC000B3FBF2F102FB1133C4F8D83055B12B68C2
:103FD00043B10B2130460EF088F938462B68D4F8EF
:103FE000D8109847032120460EF07FF90E210EF0DD
:103FF0007CF9FFF733FF0028C5D1304607210EF0CA
:1040000074F90820FFF746FE0028BED1204603B011
:10401000BDE8F040FFF78EBE0A2130460EF065F98C
:104020006B68D4F8EC0098470E21B3E7102104F137
:104030002700FCF775F90028A9D12DB3EB681BB355
:10404000144BD4F8EC101B88C978ADF80430E27A30
:10405000A37CB9B9D20703F0010311D4002B08BF28
:10406000032000238DF80500C4E9383330460C21C5
:104070000EF03BF9EB68D4F8EC0001A99847BCE7D7
:10408000581CEEE70320ECE702207CE720820020AA
:1040900040420F00D85A020070B50C2105460EF0C0
:1040A000E7F90446F8B140210C300BF0CEF80F4B85
:1040B00002461B68014603F1200053F8046B83425B
:1040C00041F8046BF9D1203203F1200153F8040BBD
:1040D0008B4242F8040BF9D12846002221460EF00B
:1040E000EEF8002070BD0820FCE700BF2082002011
:1040F0002DE9F04105460EF0A9F80446002800F02D
:10410000CE80071D042138460EF0A7F8002840F0A5
:10411000C980022138460EF0A0F8002840F0B8808F
:10412000032138460EF099F818B16FF00F00BDE882
:10413000F081012138460EF090F80028F5D1204694
:10414000FFF7BCFDD4F8EC3006469B7A032B15D064
:1041500005D8013B012B1BD96FF01500E7E7042BB5
:10416000FAD12046FFF7C0FD032804D1002EF3D07A
:10417000F368002BF0D04D4B1B7807E02046FFF78B
:10418000B3FD032804D1002EE6D0F368002BE3D062
:10419000D5F89C306BB10021EC22204611F049F992
:1041A000102104F12700FCF7BBF870B16FF0680034
:1041B000BDE7287A05F1700100F0BAFDC5F89C0052
:1041C0000028E8D16FF00B00B1E7052120460EF082
:1041D0008CF8FCF72DF9364B0121186020460EF0C3
:1041E00047F980460028E1D006210C300BF02DF86D
:1041F0002E4B05461B782046002B14BF09260126AE
:10420000FFF772FD2B4A0328127818BF46F0040608
:1042100004F5BA73D3E8EF1F013103D1C3E8E02FEF
:104220000028F7D1D3E8AF3FA3B346F001062046FC
:10423000AE70FFF759FD204B28701B786BBB1F4BEE
:104240001B786B701023EB70AB78414613F00103C1
:1042500014BF032200222B716A7184F8E8306B7955
:10426000002284F8E930012363722B682046C4F8E9
:104270000A30AB88E3810EF022F8204602210EF0CE
:1042800034F80B210EF031F8032138460EF02DF8EA
:1042900000204CE706F00C06C9E70123D1E76FF0D8
:1042A0007F0044E76FF0040041E700BF88D20020A0
:1042B000208200206C07002089D200208AD20020B2
:1042C0002DE9F341061D0746D0F8EC40CB68304697
:1042D00002210DF0C2FF002859D1032130460DF014
:1042E000BCFF002853D1012130460DF0B6FF002855
:1042F0004DD11D78274B1B787BB105F00F05D4F805
:104300009C306BB1DB8903F02403D3B92046FFF75F
:10431000EFFE002833DB0F2136E005F00705EEE75E
:1043200004F1700842462020217A00F063FDC4F8B1
:104330009C0030B942460420217A00F05BFDC4F8AD
:104340009C00D4F89C100029E0D06B0706D54B7B6D
:10435000D80703D43846FFF7C7FCD7E72A0702D5AA
:10436000CB899B06D2D50B7B01F118020093204626
:1043700001F11A0310310BF09BFE002803DA08202C
:1043800002B0BDE8F081012130460DF0AEFF002003
:10439000F6E700BF88D2002038B504460D49A0F1E9
:1043A000EC05543010F0ABFC28460EF05BF90A4ADD
:1043B00004F18403D3E8EF1FC3E8E02F0028F9D10C
:1043C0004FF0FF338834D4E8EF2FC4E8E13F0029F1
:1043D000F9D138BD192C0200305300202DE9F341EA
:1043E000CF680446FB78D0F8EC60073B092B03D973
:1043F000062002B0BDE8F0813A7990F8E830051D5A
:10440000134080F8E8307A7990F8E930134080F86A
:10441000E930022303743B68C0F81130BB88A0F870
:104420001530BB781B0706D5037B180703D505217C
:1044300028460DF05AFFBB78990606D5237B9A06CD
:1044400003D5142128460DF050FFBB78DB0733D588
:10445000237BD80730D50D2128460DF046FF0521D6
:1044600028463F780DF0F9FE50BB042F47D8E37A79
:10447000A27C1340D90740D4217BE37C194311F07F
:10448000040110D02046FFF72FFC954B07EB870760
:104490001F44395C042906D1D4F8EC30DB78002BBA
:1044A00014BF0121022121722046D6F89C100DF084
:1044B000DAFE30BB03209CE70023A4F8E830CEE707
:1044C000237BE07C03EA0002120706D5E27A94F827
:1044D00012C042EA0C02D207E5D4042F0FD843EAF7
:1044E000000111F00401DED02046FFF7FDFB7D4BFB
:1044F00007EB87073B44195CD5E70621D3E700218A
:10450000D1E7D4F8EC309B7A032B15D004D8013BCB
:10451000012B14D908206CE7042BFBD1237D627B8F
:10452000934228BF1346102B7FF462AF0521284623
:104530000DF093FE0028BDD0237A002BBAD00521C0
:1045400028460DF08AFE002840F09A802046FFF7AA
:10455000B5FB07462046D4F8EC80FFF7AFFB08F127
:104560007001064698F8080000F0BEFC237A20B1DE
:10457000427BD20701D5002BCCD0062BCAD801A292
:1045800052F823F0C945010041460100F3450100FE
:10459000154501001545010015450100A145010023
:1045A000002E55D0F368002B52D000230A21284654
:1045B000ADF804300DF099FEF368D4F8EC0001A9D1
:1045C0009847237A002B45D10F2128460DF045FE50
:1045D00000283FD0002F3DD07B69002B3AD02846E1
:1045E0000A210DF082FE7B69D4F8EC009847002088
:1045F000FFE604210DEB0100FBF792FE002889D1B4
:10460000019B394AB3FBF2F102FB113301934EB126
:1046100033683BB10B2128460DF067FE40463368F6
:1046200001999847019BC3F3072284F847301B0C7C
:1046300084F849301B0A84F8482084F84A30C0E7DF
:1046400028460A210DF051FE404673689847B8E7A6
:104650000220CEE60A2128460DF0FFFD58B920467B
:1046600003210DF042FE0E210DF03FFE02B0BDE829
:10467000F0410EF072B8002128460DF036FEB6E784
:104680002046FFF71BFB002384F8E83094F8E9305C
:10469000074603F0020384F8E930237A73B90F2147
:1046A00028460DF0DAFD48B147B17B6933B12846A1
:1046B0000A210DF01AFE30467B6997E70B4B1B6809
:1046C0000BB90621D8E720460C210DF00EFE0B2178
:1046D0000DF0EAFD02B0BDE8F041FFF7DDBC00BF20
:1046E000046F0500EB6E050040420F0020820020A1
:1046F0002DE9F04F04468DB00D46FFF7DFFA04F1C7
:10470000370881464246EB6803F1100153F8040B69
:104710008B4242F8040BF9D1261D052130460DF0DD
:104720009CFDD4F8ECA000284CD10AF17E0304F1E2
:10473000470908AF01930AF17703009341464846C1
:10474000029704F1100304F109020DF0ABFFD8B990
:104750001022394604F1170010F031FD00287AD1FB
:104760009AF803504DBB3B46D4F82700D4F82B10E1
:104770003A4603C3D4F83700D8F8041003C33946C7
:1047800048460BF053FB08B1082517E0227D637BF8
:1047900050469A4294BF0092009306A93B4605AA50
:1047A000CDE90655ADF814500BF082FC0028EBD192
:1047B000012130460DF099FD00E0054628460DB078
:1047C000BDE8F08F9AF80350002D40F08780237ADF
:1047D000052BD9D801A252F823F000BF5B48010095
:1047E00019480100194801005B4801008947010090
:1047F000C3480100237A052BC6D801A252F823F042
:10480000C348010091480100914801005F48010040
:1048100089470100C348010094F8DC20D4F8D8305F
:10482000D34003F0010343F08003DFF8B4A008AFE6
:1048300004F1570B009742465846DAF800100EF084
:104840001AFB0028A0D11022394604F1170010F0FD
:10485000B6FC0028CED00425B0E70023E5E700979A
:1048600043465946DAF8000004F1270200F0C2FB83
:10487000002889D130460A210DF037FD09210DF0BD
:1048800034FDD9F808300899D4F8EC00984795E73A
:1048900094F8DC300133DBB2142B84F8DC3010D018
:1048A000102104F12700FBF73BFD00287FF46CAFDB
:1048B000032120460DF019FD0DB0BDE8F04FFFF7C4
:1048C000CDBA072130460DF0C8FC08B1092170E7C8
:1048D00020460DB0BDE8F04F0DF027BE0D466DE748
:1048E00020820020F8B5D0F8EC400646D4F89C3081
:1048F000051D43B9022128460DF0AFFC0927002809
:1049000051D11F214BE081BB0D2128460DF0A5FCA4
:10491000074620B1D4F89C0008B10EF08CFA364B53
:104920001B689BB11D6805B10C3D53F80C3C13B1DD
:104930003946204698474DB12B46ED681B681DB19E
:104940000C3D002BF4D1F7E7002BF1D130460DF0F0
:1049500089FE637B072B4DD1627AA37A9A4249D0B4
:104960002046BDE8F8400DF0BEBF0139C9B20E299E
:1049700098BF224A1B7B8CBF0927575C23BBD4F806
:104980009C000EF004FA0023C4F89C300221284653
:104990000DF063FC38B9072FB3D8194BD95D3A46EF
:1049A0002046FCF7B9F9032128460DF056FC0028F3
:1049B000CCD0114B1B68002BC8D01D6805B10C3D35
:1049C00053F8083C4BB90BE0022128460DF045FC9A
:1049D0000028D4D1DAE70C3D23B139462046984768
:1049E000002DB3D02B46ED685B68002DF3D1002B72
:1049F000F3D1ABE7F8BD00BF307A0020DC6E0500D4
:104A0000CB6E05002DE9F0410B8A04460E46B3B388
:104A1000012106F10C000AF052FCA4F1EC05E83C7F
:104A20000746042120460DF018FC40BB39780E29BA
:104A300025D8DFF8508058F8313023B907212846AF
:104A40000DF0BCFF1BE028460DF0E5FD30B9032159
:104A500020460DF002FC90B10821F0E73B78318A46
:104A600008EBC3021279914201D00A21E7E73146EF
:104A7000284658F83330984701460028DFD10020F7
:104A8000BDE8F081CC60020038B5114B1860F0B180
:104A9000104805F0E1FE00250F4C0621201D0DF009
:104AA000DCFB78B1D4F8EC30DB785BB92046FFF75B
:104AB000F3FA014610B120460DF080FF0C2120468C
:104AC0000DF013FC01350A2D04F5BC74E5D138BD99
:104AD000208200201C090020305300202DE9F341E2
:104AE00090F8E930CF6823F0020380F8E9303B7892
:104AF0000446D0F8EC5023B1BB7903F0C003C02BBF
:104B00007CD105F1700807223946404610F057FB6A
:104B100088B13946287A00F0E7F9064658B10146CF
:104B200020460DF0A0FB18B9082002B0BDE8F081C6
:104B300030460EF02CF90D21201D0DF08EFB0028C3
:104B40003CD042460220297A0EF00DF90646002894
:104B5000EAD0EB78002B40D105F17E0318780128CC
:104B600025D19A7902F0C002402A20D1D3F8012041
:104B7000C6F83A20B3F80530F38795F87030B3B132
:104B800095F8763003F0C003C02B10D06A461D495B
:104B9000CDE90087FBF780FF3B682846C6F8013067
:104BA000BB88A6F80530BB79F371FCF785F8304671
:104BB000FAF760FE20BB3046FAF76CFE94F8E93055
:104BC0005B0703D50A2120460DF08FFBEB783BB144
:104BD000B4F8E81071B10020A7E705F17703BDE74D
:104BE00094F8E930002BF3D12046FFF7B9F80028FC
:104BF000EED09AE72046FFF775FEECE70A2094E72F
:104C0000032092E73B2602002DE9F0410546A0F182
:104C1000E80604460F463046012155F8EC890DF0B0
:104C2000FAFC002861D0DFB1032130460DF015FBFE
:104C300000285AD03846FAF709F90138C0B20828D6
:104C40008CBF00242E4B4FF0020198BF1C5C3046F5
:104C50000DF04BFB21462846BDE8F041FFF742BE70
:104C600098F80B30002B40D0032130460DF0F5FAB8
:104C700020B92846BDE8F0410DF0F4BC05213046CE
:104C80000DF0EBFAB8B114F8043C1F0707D514F87F
:104C9000033C180703D5112130460DF026FB14F80C
:104CA000043C23F0080304F8043C14F8033C23F00C
:104CB000080304F8033C14F8033CD90717D5062170
:104CC00028460DF012FB022130460DF00EFB98F83D
:104CD000033013B914F8033C3BB92846FFF740F8FA
:104CE00018B934F8041C0029B5D0BDE8F0819A0742
:104CF00001D50821E4E75B07E5D50A21E0E700BF1D
:104D0000D36E050008B5074B074893F8A23003F0AF
:104D100006039A1F53425341044A1370FBF72AFBC0
:104D2000002008BDB0000020B404002088D200207C
:104D30002DE9F84380460D4600260A241A4FDFF875
:104D40006C9017F8013C43450BD1072229463846A1
:104D500010F035FA28B95C23154803FB0600BDE8BE
:104D6000F8830A2C07D107224946384610F027FA63
:104D7000002808BF344601360A2E07F15C07E0D14F
:104D80000A2C0ED05C235C43094B03F8048029688D
:104D9000E01801341951E218AB889380AB79937114
:104DA000DDE70020DBE700BF258200204D6C050019
:104DB000248200202DE9F04105460E461746074C97
:104DC00004F56678E3892B4202D039462046B04785
:104DD0005C344445F6D1BDE8F08100BF2482002058
:104DE00008B5002202200249FFF7E4FF002008BDB9
:104DF000632D02002DE9F04106460F46904600243F
:104E00000D4DB5F80D3033420DD015F8013CBB42C5
:104E100009D107224146284610F0D1F918B90748B0
:104E20002044BDE8F0815C34B4F5667F05F15C0593
:104E3000E7D10020F5E700BF258200202482002072
:104E40002DE9F0410B780746012B0D4602D00020DA
:104E5000BDE8F0818B7903F0C003402BF7D100242B
:104E60001E4E01F1010836F82C3C9A070CD516F8B5
:104E70003A3CBB4208D106223146404610F09FF929
:104E800010B917482044E3E75C34B4F5667F06F1B7
:104E90005C06E8D10024134E05F1010836F81C3CED
:104EA0009B0714D516F82A3CBB4210D14146304628
:104EB0000AF031FA58B10A4BD5F8010004F13A0270
:104EC0009850D118B8F80420E0188A80C0E75C3404
:104ED000B4F5667F06F15C06E0D1B8E75E8200209B
:104EE000248200204E820020F8B506460F4600249A
:104EF0000A4D15F8013CB34208D10722394628462D
:104F000010F05DF910B906482044F8BD5C34B4F5E2
:104F1000667F05F15C05ECD10020F6E725820020D4
:104F2000248200202DE9F0479AB01646DDE9239748
:104F30000CAA84468A4690461D462C4B03F1300E3F
:104F4000144618685968083303C473452246F7D1DC
:104F500018681B79614620602371202204A80DF097
:104F600072FF6B462022224804A90DF0F9FF044687
:104F7000C0BB102251460DF135000DF064FF102228
:104F800031460DF145000DF05EFF294611F8013B59
:104F900006220DF156008DF855300DF054FF229980
:104FA000062211F8013B0DF15D008DF85C300DF02B
:104FB0004AFF4B463522414668460DF0D1FF044674
:104FC00080B948460DF049FF012335228DF8303075
:104FD00041463B4668460DF0C3FF044610B93846CB
:104FE0000DF03BFF20461AB0BDE8F087DA5A020008
:104FF000256F050070B50E461D46144698B0014653
:10500000202204A80DF01FFF202231460CA80DF02D
:105010001AFF1022294614A80DF015FF1022214670
:1050200068460DF010FF6B465022184604A90DF09B
:1050300097FF40B9039B054A1BBAB3FBF2F102FB91
:1050400011331C9A136018B070BD00BF40420F00AE
:10505000020600F07F0312D5082B05D1010700F0EE
:105060000F0306D50E48704710F0780F12D100F0EC
:105070000F034C2000EB43100A4B18447047082BD9
:1050800005D1020700F00F0306D50748704710F05E
:10509000780FF6D000207047044800EB43107047AB
:1050A00008870020BC850020288800202887002051
:1050B000014902480FF0E3BDE4850020E0610020D3
:1050C000014601480FF014BD4C09002000220023C6
:1050D000014805F08FBB00BF4C09002013B500222A
:1050E00001213720F8F736FE3720F8F703FE124883
:1050F00000F0DEFD114B98421AD10024104803F055
:105100008DFF104804F0C4FB4FF0FF334FF4806272
:105110000D490E48009405F06DFD0D490B480FF048
:1051200015FE0C480C490FF07FFD204602B010BD63
:105130006FF00400FAE700BF395301000000AD0B27
:10514000436F050044610200380A0120E06100203D
:10515000356F0500E485002055540100002310B58B
:105160000B49D1E8EF2F012A03D1C1E8E03F002825
:10517000F7D10CD151F8044C1439204608F02DFD1C
:10518000783004D12046BDE8104008F002BD10BDC3
:10519000DC85002038B5002464F07F00C0B2FFF742
:1051A00057FF01340DF0FAFE082CF5D100240E4D06
:1051B000E0B2FFF74DFF036903B9056101340DF05B
:1051C000EDFE082C05F14005F2D108480DF0E6FE91
:1051D000074BD3F87C2212B9064AC3F87C22064852
:1051E0000DF0DCFE002038BD4C8C0020088700202C
:1051F000BC8500204C8800202888002010B5054C74
:10520000FFF764FF20B1416820460FF0B5FBF7E7D8
:1052100010BD00BFF807002007B5002300220E488C
:1052200001A905F057F990B1FFF7E8FF002200232C
:10523000094801A905F04EF938B9042301984060E6
:105240000374FFF73DFFFFF733FF002001E00198F3
:10525000406003B05DF804FBF8070020022810B599
:1052600011D8094B1C5CFFF7D7FF60B10022047214
:105270000274FFF725FF054B93F824301BB1BDE8FE
:105280001040FFF715BF10BD406F0500BC85002022
:10529000F8B5877806463846FFF7DAFE3B0604463F
:1052A000F57812D5002D43D1FFF7B6FF034600284D
:1052B0003ED00122A5770274032202739C60FFF79F
:1052C000FFFEBDE8F840FFF7F3BE4DB1012D2FD131
:1052D000FFF7A2FF034658B3657705740573EDE742
:1052E000FFF79AFF20B3B278124B12F0800F02F052
:1052F000080111D041B1D3F8A836E360012303744B
:10530000022384600373DAE7142102F00F0201FB29
:105310000233D3F80836F0E711B1D3F8A837ECE739
:10532000142102F00F0201FB0233D3F80837E4E73F
:10533000F8BD00BF00600350F0B5064689B01422E6
:10534000002103A810F075F83378013B052B21D814
:10535000DFE803F07A0314146A16032300248DF89F
:105360001430FFF759FF0346A0B100F1080204749E
:10537000DDE9050182E8030018461DE00423EDE79E
:10538000B7783846FFF764FE837A044623B1013BC1
:10539000022B43D909B0F0BD3B06F57813D5002D9B
:1053A000F8D1FFF739FF03460028F3D00122A57793
:1053B0000274032202739C60FFF782FE09B0BDE80D
:1053C000F040FFF775BE55B1012DE3D1FFF724FF83
:1053D00003460028DED0657705740573EBE7FFF719
:1053E0001BFF07460028D5D00123037402238460E5
:1053F000037304F10C01B0780DF031FE134AE1683B
:10540000B2F88C328B4206D95B1AA2F88C3200F0CB
:1054100097FF3846D0E7A2F88C52FAE7304609B039
:10542000BDE8F040FFF734BF01A800F067FF9DF82A
:105430000530052B04D19DF8043013F0600FA9D07E
:10544000034B012405938CE702248AE7BC850020E6
:10545000288700202DE9F0438046AC4CDFF8B0925D
:1054600085B0FFF733FE074610B905B0BDE8F083FD
:1054700094F825303A7C3BB9002A00F086807968A0
:10548000A3480FF079FAECE7042A42D8DFE812F0DB
:105490007D000500FC0012012D013B7BBD68032B44
:1054A00037D8DFE803F0023D5A5F00226E69994B5E
:1054B00032607260D3F880143170D3F88414717044
:1054C000D3F88814D3F88C0441EA00217180D3F812
:1054D0009014D3F8940441EA0021B180D3F89814D1
:1054E000D3F89C3441EA0323F3800823EB6030684F
:1054F0007168894B03C311462B68687A984796F9FF
:105500000030002B08DBF38833B1A4F88C3200F0B4
:1055100017FF48467968B4E70023A4F88C32F8E70F
:105520006B7F002BF5D02B7F002BF2D000264FF0A5
:10553000FF326E774FF0FF3378482E770DF041FD44
:105540006B6901A901936B68CDE90236687A00F0B6
:1055500005FC72480DF037FDDBE701212B68687A06
:105560009847D6E7AB7A6BB9EB7F5BB96B484FF0E6
:10557000FF324FF0FF330DF024FD00F0E7FE6748E7
:105580000DF021FD02212B68E9E73A7A042AC0D800
:10559000DFE802F055031F636F0000F057FB05467C
:1055A0000028B6D100F004FB01235D49D1E8EF2FBC
:1055B000002A03D1C1E8E03F0028F7D1A9D141F882
:1055C000085C41F8105CE0691439636108F08AFAFC
:1055D0009FE7002565F07F00C0B2FFF739FD037A31
:1055E00013B1407A01F014F80135082DF2D194F886
:1055F00054311BB194F8550101F00AF80025E8B2C6
:10560000FFF726FD037A13B1407A01F001F8013566
:10561000082DF4D194F874321BB194F8750200F09F
:10562000F7FF002000F0F6FA012384F82530236804
:10563000002B3FF46EAF00210220984769E7002558
:1056400084F8255000F04CFFFFF788FD2368002BFD
:105650003FF45FAF29460420EFE7002B3FF459AF3A
:1056600000F0FEFA2368002B3FF453AF0021052021
:10567000E3E72268002A3FF44CAF002B3FF449AF28
:1056800000210620904744E708F110054FF0FF3352
:105690004FF0FF3228460DF094FCFFF77BFD2846C3
:1056A0000DF091FC58F8283C002B3FF432AF00215C
:1056B0000120C2E794F874327BB1012584F8895245
:1056C00084F88852FFF7A8FD38B1164A05740573AF
:1056D0008260FFF7F5FCFFF7EBFC58F8283C002B45
:1056E0003FF417AF00210A20A7E704F0B9F800F053
:1056F000F7FE00F053FAFFF781FDFFF74BFD04F0D2
:10570000A7F8094800F0D4FA03E700BFBC850020E1
:10571000F807002000600350C0850020F4850020B9
:10572000DC850020288800203953010038B5154D4C
:1057300095F8244024BB05F138000FF055F90220FC
:1057400001F08AF922460121E8613620F8F702FBD0
:1057500004F07EF8FFF71EFD044610B9012385F81A
:105760002430094B1B680BB1FFF7A2FC074BD3F8A1
:105770000034DB0702D50020FFF770FD204638BD5E
:105780000024FBE7BC8500204C090020007003507A
:10579000074B93F824203AB193F82530002B14BF1F
:1057A00000206FF0120070476FF01200704700BFCA
:1057B000BC85002038B5104B044693F82430C3B1A3
:1057C00005782846FFF744FC10B96FF0150038BD86
:1057D000457223798372638843602078618810F072
:1057E000080F02D14B1E0B42EFD10DF033FC00200D
:1057F000EDE76FF01200EAE7BC85002038B5124BE8
:10580000054693F82420CAB193F82530B3B1FFF7C9
:105810001FFC0446A8B1837A012B12D007D9023BA2
:10582000012B07D900206369E060A36138BD00F057
:1058300093FDF7E7284600F035FDF3E76FF012001F
:10584000F4E76FF01500F1E7BC85002038B50E4B8A
:10585000054693F8242082B193F825306BB1FFF709
:10586000F7FB68B115F008040AD1284600F03CFDAA
:10587000284600F005FF204638BD6FF01200FBE718
:105880006FF01500F8E700BFBC85002038B50C4B61
:10589000054693F824200C4662B193F825304BB1AD
:1058A000FFF7D6FB48B144B1284600F003FD207055
:1058B000002038BD6FF01200FBE76FF01500F8E72D
:1058C000BC85002070B5134E044696F82430C3B151
:1058D000FFF7BEFB0546B8B1230705D4204600F00C
:1058E00003FD204600F0CCFE2B7A83B901232B72F6
:1058F00096F825300BB9002070BD204600F088FED8
:10590000F9E76FF01200F7E76FF01500F4E76FF0BA
:105910007700F1E7BC8500202DE9F043DFF8E48053
:105920001E4698F8243007468946154685B0002B58
:1059300061D098F82530002B5DD003065ED5FFF7C7
:1059400087FB0446002859D0037A002B56D04FF02D
:10595000FF334FF0FF3208F138000DF032FBA37F28
:105960004BB108F138000DF02EFB6FF00A04204611
:1059700005B0BDE8F083A37AC5B13BB301234FF076
:105980000008A377384601A9CDE90195CDF80C8030
:1059900000F0E4F91C4B984229D084F81E801EBB0D
:1059A0006FF0040419480DF00EFBE0E7E27F02B14E
:1059B000E577002BE2D100F0D5FC8742DED000F085
:1059C000C5FC12480DF0FFFA0024D0E7B8F80A3001
:1059D0009D42F0D26268B5FBF2F302FB1353002B39
:1059E000E9D10123E377E6E7C6F80080D8E706B1FE
:1059F00035600024D6E76FF01204B8E76FF01504A5
:105A0000B5E700BFBC8500200000AD0BF485002089
:105A10002DE9F0411D46204B174693F824200E46F1
:105A2000002A33D093F8253083B3030631D401B96B
:105A30007FBBFFF70DFB044658B3037A4BB34FF01F
:105A4000FF334FF0FF3215480DF0BBFAE368BB425D
:105A5000984628BFB84646B93FB905B12B600F48F4
:105A60000DF0B1FA0020BDE8F08142463046A16950
:105A70000FF0B8FCA3694344A361E368A3EB0803F8
:105A8000E360002DEBD0C5F80080E8E76FF012006E
:105A9000E9E76FF01500E6E7BC850020F4850020FB
:105AA00070B51E4D034695F8242082B395F8252045
:105AB0006AB31B062ED4FFF7CBFA044650B3037A21
:105AC00043B34FF0FF334FF0FF3205F138000DF0D4
:105AD00078FAE368B3B9012663692677A361637F27
:105AE00083B1FFF799FB30B905F138000DF06BFA7F
:105AF0006FF00B0070BD067484600673FFF7E0FA68
:105B0000FFF7D6FA06480DF05EFA0020F2E76FF0D4
:105B10001200EFE76FF01500ECE700BFBC85002036
:105B2000F485002010B5084B0C4693F824302BB1B7
:105B3000FFF78EFA28B10460002010BD6FF012004C
:105B4000FBE76FF01500F8E7BC850020014B1860FB
:105B5000704700BFBC85002008B5074B93F8243080
:105B600023B1FFF775FA20B1406808BD6FF012004D
:105B7000FBE76FF01500F8E7BC850020064B10F03E
:105B8000800FA3F1D80208BF1346182200F00F00BF
:105B900002FB0030704700BF648F00200023024AE0
:105BA0001360024A13707047449000208FD2002087
:105BB0004FF40062114BC3F800240122C3F8002502
:105BC000D3F800241205FBD54FF40062C3F800247B
:105BD0008022C3F81C250122C3F8302540F2FF12B1
:105BE000074B1A600023074A1360074A1370074ADD
:105BF00013700222064B1A70704700BF00600350FA
:105C0000409000203C9000208BD200208DD20020BC
:105C10008FD200200022094B10B51A70084A094B98
:105C2000094C002808BF13463620C4F80033F8F7A3
:105C300061F80123C4F8043510BD00BF8ED20020E6
:105C4000FDFFDF01FDFFFF0100600350034B1878EB
:105C5000012894BF00200120704700BF8FD2002090
:105C600010B5EFF31181202383F31288BFF36F8FF8
:105C70000D4B1B7803F0FF0083B10C4BD3F80024CD
:105C800012F400720AD10124C3F82C45D3F82C4534
:105C9000D3F80044A40502D5C3F82C25002081F3D5
:105CA0001188BFF36F8F10BD8ED2002000600350AB
:105CB000F8B51C4B1C7894BB1B4A40F2FF171060D0
:105CC000012226461A7064F07F0514F0080FEDB229
:105CD00014BF3946402128460DF0BCF92846FFF78D
:105CE0004DFF0134092C867506730661EBD1002443
:105CF00040F2FF17254614F0080FE6B214BF3946EC
:105D0000402130460DF0A6F93046FFF737FF013449
:105D1000092C857505730561EDD10448F8BD04486B
:105D2000FCE700BF8FD20020449000200000AD0BA4
:105D30000500AD0B084B10F0800F14BFD3F81025F1
:105D4000D3F81425012300F00F018B40134214BF38
:105D500001200020704700BF0060035002462DE97B
:105D6000F843EFF31187202383F31288BFF36F8F7B
:105D7000030703D1194B1B7883422AD1184B1046D5
:105D80001C684FF00109E4430DF05CF9154EA4B214
:105D9000356809FA00F82C4314EA08041BD11046B0
:105DA000FFF7ECFE034680F80C9007C983E8070074
:105DB0004FF480021C619C750B4B45EA08050B48AB
:105DC0003560C3F8042187F31188BFF36F8FBDE8F6
:105DD000F8830748F7E70748F5E700BF8DD20020B2
:105DE000409000203C90002000E100E00000AD0B5E
:105DF0000A00AD0B0B00AD0B10F0080F074B06D0DF
:105E0000D3F8C00410F4803F18BF0020704700F0A2
:105E10000F0000F5947053F82000704700600350A5
:105E20002DE9F04FA64BA74FD3F8542185B0DAB136
:105E30000022C3F85421D3F80413890214D58DF835
:105E40000C20D3F8202503A8ADF80E20D3F8C034D9
:105E5000002B14BF4FF001224FF480723B681343B4
:105E60003B60994B1B689847954BD3F8604134B120
:105E70000022C3F86021D3F86C44C3F86C44D3F813
:105E800028214AB10022C3F82821904B18780DF040
:105E9000D9F8012383401C43DFF834828D4E98F8F3
:105EA000005098F9009015F0080141D1B9F1000FA8
:105EB00005F00F032CDA884A52F8230010B342F899
:105EC00023101422534303F1A04303F55833D3F8AE
:105ED0000836824A03F0010311784B401370804862
:105EE00004F0BAFC2846FFF749FE837D032B37D127
:105EF00028460DF0A7F8012303FA00F0336823EADF
:105F00000003336001254FF00609DFF8BCA15DE016
:105F1000744A52F823000028F4D042F823101422C7
:105F2000534303F1A04303F55833D3F80837D0E7C0
:105F3000B9F1000F624B09DBD3F85021002AE1D000
:105F40000022C3F85021D3F8A837C2E7D3F82C2198
:105F5000002AD7D00022C3F82C21D3F8A836B8E7FE
:105F6000037BDBB928460DF06DF8012303FA00F03E
:105F70003368B9F1000F23EA0003336001DA882D9A
:105F8000C0D106238DF80C3000238DF80F304E4B16
:105F90008DF80E501B6803A89847B3E7002DB1D1C8
:105FA0000122474BDA64ADE794FAA4F0B0FA80F02E
:105FB0003A6805FA00F31A430F283A6024EA03040A
:105FC000326840F39380134200F0A080002CEBD1A4
:105FD0003B4BD3F800215AB1C3F80041424B03A810
:105FE0001C703A4B1C7001230393374B1B68984776
:105FF000334BD3F85821002A2ED00022C3F8582161
:10600000D3F80044C3F80044E30508D50122364B19
:1060100003A81A70022303932B4B1B689847A5050E
:1060200008D50022304B03A81A7003230393264B94
:106030001B68984760050FD52B4B1A7862B1002278
:106040001A7001221E4B03A8C3F808259A65042381
:1060500003931D4B1B689847194BD3F85C3103B36E
:106060001F4B9B681BB998F80030590619D00022C5
:10607000134B03A8C3F85C21D3F88034134A23F0F0
:106080007F031370336823F0011333603B6823F4FC
:10609000803343F001033B60052303930A4B1B68E5
:1060A000984732683B681A4207D0002200230C4808
:1060B00004F0F6FB002800F0CB8005B0BDE8F08FBF
:1060C0000060035040900020449000208DD20020BA
:1060D0008CD200203C900020086103508BD200201D
:1060E000EC080020306103508ED2002013407FF472
:1060F0006DAF60F07F018DF80C908DF80E108DF86B
:106100000F30DAF8003003A898475FE7A0F11001DC
:106110008DF80C908DF80E108DF80F50F1E719F0F6
:10612000012214BF92FAA2F999FAA9F9B9FA89F9E8
:10613000B9F10F0F01931AD9A9F11005EDB2284654
:10614000FFF71CFD04462846FFF756FE6268B4F8C8
:1061500014E09042D4F800C0019B59D800EB0C0B1E
:10616000121AC4F800B061468346626053E049F0F9
:1061700080052846FFF702FD4368B0F814B00168B7
:106180009B4528BF9B4601F06043B3F1005F044686
:1061900004D05A463F480FF025F93E49226863680B
:1061A0005A442260A268A3EB0B03D20768B2636073
:1061B00005D5BBF1000F04D10023237301E0002BB0
:1061C000FAD0012202FA09F92AEA09033B6023699D
:1061D00015F0080F5B44236188F800502E4B4AD11C
:1061E00000284FF0140005F00F0500FB0530B5BF87
:1061F00003EB85030A35C0F80016C0F80017B5BFD9
:10620000C0F804B6C0F804B75A6043F8252054E734
:1062100061464FF0000B704527D1003A18BF0122AC
:10622000BCF1000F23D0584521D9012202FA09F20E
:1062300023EA02033360062302218DF80C30174B4A
:10624000A1751B688DF80E508DF80F1003A89847A4
:106250003368D7F800A013EA0A097FF460AF10484A
:1062600005B0BDE8F04F04F0F7BA0022D8E768B2F5
:10627000002AA6D1A0E70028B5BFC3F8A016C3F82E
:10628000A017C3F8A4B6C3F8A4B7B4BF5A629A64FF
:1062900013E700BF4C8E00200060035044900020A4
:1062A000EC080020024B40F48070C3F818057047DA
:1062B00000600350030713D400F00F0310F0800FA9
:1062C000084A0BBF03F5887303F5847302EB83025E
:1062D00052F8230008BF5068003818BF01207047EB
:1062E0000020704700600350034BC3F80C0540F4D6
:1062F0008070C3F80C0570470060035000230360F2
:1063000043600E4BD3F880240270D3F8842442708B
:10631000D3F88824D3F88C1442EA01224280D3F8BF
:106320009024D3F8941442EA01228280D3F898246E
:10633000D3F89C3442EA0323C380704700600350C3
:106340000122014BDA647047006003500122014BC7
:106350001A657047006003500122014B5A6570476F
:1063600000600350014B1878704700BF8DD20020A9
:10637000024610B5EFF31184202383F31288BFF394
:106380006F8F0CF05FFE01230A4903FA00F00B68DF
:1063900023EA00030B6012F0080101BF02F00F02B4
:1063A000054B02F5947243F8221084F31188BFF371
:1063B0006F8F10BD4090002000600350F7B501467C
:1063C000EFF31185202383F31288BFF36F8FFFF75C
:1063D000D5FB064608460CF035FE012211F0800F71
:1063E00002FA00F22D4818D1036832EA03040AD0F9
:1063F0000846FFF7BDFF0323B37585F31188BFF38C
:106400006F8F03B0F0BD264923EA020303600B68D7
:10641000347323EA02030B60EDE70B0715D48029E0
:10642000204B2FD001F00F0404F2DA346400C3F8DB
:106430000048D3F80448D3F80478E4B244F00204E6
:106440003C43C3F80448D3F80438154F04683B684C
:1064500064EA030C1CEA020FCFD013433B60002315
:106460003373032324EA02040622B3758DF8073040
:106470000D4B04601B688DF804208DF8061001A8F0
:106480009847BAE740F2B474C3F80048D3F8044818
:10649000D3F80478E4B244F00404D1E73C9000203F
:1064A00040900020006003504490002038B504461E
:1064B000094D4FF0FF324FF0FF33284604F0F0F95A
:1064C0002046FFF77BFF284604F0C6F94FF4800210
:1064D000024BC3F8042138BDEC08002000E100E0C5
:1064E000F8B54FF0FF324FF0FF332A4804F0D8F9E7
:1064F0004FF48002284B3620C3F88421F7F71CFCA8
:1065000098B10127254E264B34681B68240C2404BF
:106510001C4354BB40F2FF13224D33603620C5F8B4
:106520000445F7F7F5FBC5F800431F4A13788BB114
:1065300000211C4BC3F808110121C3F80026C3F841
:1065400004165960D3F808110029FBD00021C3F8C4
:10655000081111700022134BC3F800250D4804F0F8
:106560007BF90122114B1A70F8BD94FAA4F5B5FA23
:1065700085F528460F2DC6BFA5F11000C0B240F02A
:106580008000030701D4FFF719FF07FA05F524EA95
:106590000504BEE7EC08002000E100E04090002088
:1065A0003C900020006003508BD200208FD200204E
:1065B00010B504464FF0FF324FF0FF33114804F09E
:1065C0006FF92046FFF7FAFE012304F00F02934013
:1065D000DB430D4A14F0800F15BFD2F81015D2F826
:1065E00014150B400B4014BFC2F81035C2F8143517
:1065F000044804F031F94FF48002044BC3F804213D
:1066000010BD00BFEC0800200060035000E100E076
:1066100070B50446FFF78EFB68B9012504F00F0240
:1066200014F0800F144B05FA02F205D0D3F81015C0
:106630000A43C3F8102570BDD3F814150A43C3F8F4
:106640001425631E062BF6D8EFF31186202383F35F
:106650001288BFF36F8F2046FFF78AFE20460CF0AA
:10666000F1FC064A8540136823EA0503136086F3AC
:106670001188BFF36F8FDEE7006003503C9000206D
:10668000030610B5044605D4FFF714FE10B12046EA
:10669000FFF76EFE014BC3F8184510BD00600350B4
:1066A0002DE9F74F064600780D4604281746D2F824
:1066B00010A001F1FF3325D0052871D0022849D15F
:1066C000032B47D9002200230320F8F7F7F90446EB
:1066D00000283FD00422D6F8013000F10C084046D3
:1066E0000DEB0201019308F0B6FDBDF80630053D43
:1066F0009D4244D1404608F0FEFD85423FD82A46DF
:10670000711D42E0012B25D973783E2B25D196F8D7
:1067100003B0ABF10203D3F1000B4BEB030BB6F864
:106720000130033DB5EB132FADF8043012D1BBF1AE
:10673000000F15D04FF000084FF0000942464B46BD
:1067400059469DF80400F8F7CFF9044658B9BBF153
:10675000000FF3D003B0BDE8F08F4FF0000BDEE781
:106760004FF4A028E8E700F10C08022201A94046F6
:1067700008F071FD404608F0BEFD854203D9204671
:10678000F7F772FEE6E72A46F11C404608F063FD83
:1067900021463846DAF8003003B0BDE8F04F18471C
:1067A000032BD7D900220023F8F788F9DFF83890B7
:1067B000044698B10422D6F8013000F10C08404696
:1067C0000DEB0201019308F046FD0023C9F80030EB
:1067D000BDF80630053DC3F30D0389E7D9F8003055
:1067E0000133C9F80030B5E748900020102208B501
:1067F000034B0120C3F84024F7F79AFF002008BD9F
:1068000000300050084B70B5C31A0D4607499B1065
:1068100004465943402206480CF09EFC2B46014694
:106820002046BDE87040184760900020B76DDBB689
:10683000D0550200402373B50B4C0093041B0B464C
:106840000D460A49A41061430646094A09480CF05E
:10685000AFFC011E05DA30462B4602B0BDE87040A1
:10686000184702B070BD00BF60900020B76DDBB666
:106870001B320200D05502002DE9F843002201210D
:1068800006460520F7F766FA124801F0F5FD124BAF
:1068900098421CD1306900F08FF9002401F0FEFD10
:1068A0004FF01C090C27DFF834803569414609FB9D
:1068B000045007F004F9002807DB012307FB045507
:1068C0001C44042CAB67F0D10020BDE8F8836FF0C6
:1068D0000400FAE79D6901000000AD0B5861020059
:1068E0007FB500220123CDE9022304ABCDE90433B7
:1068F000094A6B46CDF800D0CDF804D00CF086FCE8
:10690000002805DB4FF480420023684603F0C8FFEF
:1069100007B05DF804FB00BF4B32020010B5EFF387
:106920001184202383F31288BFF36F8F074A136803
:1069300023F00201DB07116002D401200DF098F86A
:1069400084F31188BFF36F8F10BD00BF009100204A
:106950000C22104B014602FB0033002030B4D3E977
:106960001C521867EFF31180202484F31288BFF3C0
:106970006F8F9C6F04F0C00444F002049C6780F3A6
:106980001188BFF36F8F1DB12B4630BC02481847EA
:1069900030BC704760900020D055020008B5062832
:1069A0001AD8DFE800F004111919150F0D000B4B70
:1069B000986F10F007000FD1BDE80840FFF7C8BF7F
:1069C0000220F9E70320F7E700F004F90120F3E7DC
:1069D000BDE8084000F00CB908BD00BF6090002081
:1069E00010B4EFF31182202383F31288BFF36F8F6B
:1069F0001748016841F002040460C80707D482F315
:106A00001188BFF36F8F012010BC01F063BD4FF000
:106A10005021D1F80C04D1F80C14C907EFD5EFF3CD
:106A2000118083F31288BFF36F8F0A498B6F03F0D5
:106A3000C00343F002038B6780F31188BFF36F8FAD
:106A400082F31188BFF36F8F002010BCFFF780BF67
:106A50000091002060900020C3B21C20014A03FB7B
:106A60000020704760900020F8B5012206462649B4
:106A7000D1E8EF3FC1E8E02F0028F9D133B923492D
:106A800023484B60CB608A6007F02CF8731E012B03
:106A90001FD80EF055F90446E0B91E4B1B78CBB158
:106AA0004FF0502302220546C3F808234FF0502729
:106AB000D7F81824D7F81834D20314D503F00303F9
:106AC000012B01D0012E0ED1BCB185F31188BFF38B
:106AD0006F8FF8BDEFF31185202383F31288BFF386
:106AE0006F8F0124E2E71CB1284608F0FFFADFE7C8
:106AF0000021212004F04CFCDAE74FF05023022261
:106B0000C3F80423E5E700BF5C9000204C90002010
:106B10007C900020B7D2002001220B4BD3E8EF1F5E
:106B2000002903D1C3E8E02F0028F7D10AD10023C0
:106B30000649CB60064B4B6003238B60054B1868FE
:106B400006F0D0BF704700BF2091002008910020C0
:106B5000916B01000491002007B500220023094831
:106B6000CDE900234FF40032002304F0B5FE064BBC
:106B7000186807F00EF80022044B1A6003B05DF8A5
:106B800004FB00BF88070020049100202091002012
:106B900008B500200DF030FE28B901F001FD0122FA
:106BA000034B1A7008BD0348BDE8084004F01CB848
:106BB00090D20020FC040020034B044A18600023FC
:106BC0001360034A13607047049100201C91002059
:106BD000189100200022024B1A70FFF79DBF00BFE2
:106BE00090D2002001480EF03FBA00BF8807002075
:106BF000024A136801331360FFF7AEBF1C910020F7
:106C000008B507480DF0F8FD38B10648F7F736FB30
:106C10000448F4F773F8002008BD6FF01200FBE79A
:106C20000C560200296C01000A2838B50446074DAD
:106C300004D1AB680D2128465B689847AB680348D0
:106C40005B68E1B29847204638BD00BF0C56020091
:106C500000F1744000F5A6000A289ABF024B33F9F0
:106C600010006FF00F00704794640200024B0B603D
:106C700001231360704700BF206202000048704784
:106C8000A06102000268154BFF2A08BF4FF0FF32D7
:106C9000C3F824254268FF2A08BF4FF0FF32C3F82B
:106CA00028258268FF2A08BF4FF0FF32C3F830253D
:106CB000C268FF2A08BF4FF0FF32C3F834250269CB
:106CC000FF2A08BF4FF0FF32C3F838254269FF2A78
:106CD00008BF4FF0FF32C3F83C25704700B00250A8
:106CE000054B994206D14FF0FF324FF0FF33183079
:106CF00003F0D6BD704700BF0000AD0B2DE9F34790
:106D00000F4605461E4690464168002A79D0002B62
:106D100077D0042B01D9B30773D117F0030470D1D6
:106D2000002F6EDBCA6ABB1993426AD828460CF062
:106D300025FB20460CF0F1FA044648B101200CF086
:106D4000ECFA28460CF0FEFA204602B0BDE8F087C7
:106D5000032E1ED804213A460DEB01000CF02DFF46
:106D6000044601462869FFF7BBFF274B9C4235D1FB
:106D70003246414601A80EF035FB04213A460DEBA0
:106D800001000CF017FF044601462869FFF7A8FF31
:106D900024E008F06043B3F1005F02D118F0030F64
:106DA0002BD0DFF864A0042EB14628BF4FF00409B1
:106DB00041464A4601A80EF015FB3A46494601A84D
:106DC0000CF0F8FE044601462869FFF789FF544598
:106DD00004D1B6EB0906C8444F44E4D12046FFF77E
:106DE00037FF044601200CF098FA064628460CF0BE
:106DF000A9FA002C08BF3446A6E73A463146404679
:106E0000BFE76FF015049FE70000AD0B2DE9F04FD1
:106E1000824688461C46174685B0002A00F08F80BF
:106E2000002B00F088800029C0F289804268CB18CE
:106E3000D26A934200F28380C8F1000505F0030591
:106E40000CF09CFAA54228BF25467B4203F00303C1
:106E500007F0030658BF5E42764206F00306A642DC
:106E600028BF2646631BA41B24F0030423F0030958
:106E7000A145C8BFA14603F0030BC8BFA3EB040B99
:106E8000B9F1000F18D0BB1908EB050249461846A6
:106E900001930CF092FE04460146DAF81000FFF769
:106EA0001FFF284A94423DD1B54205D0019B4A4676
:106EB000194678190EF0A3FAC5B1C5F104060421EC
:106EC000A8EB060202A80CF078FE04460146DAF8A8
:106ED0001000FFF705FF1B4B9C4223D106F108036E
:106EE0002A4638460DEB03010EF07CFABBF1000F89
:106EF00017D0082108EB05024A440DEB01000CF005
:106F00005CFE04460146DAF81000FFF7E9FE0D4B7F
:106F10009C4207D109EB05005A4602A938440EF0FD
:106F200061FA084C50460CF00DFA204605B0BDE859
:106F3000F04FFFF78DBE184605B0BDE8F08F6FF03B
:106F40001500F9E70000AD0B2DE9F047C1F30B0385
:106F500007460E461546D0F804C0002A6BD0C2F38F
:106F60000B0252EA030466D1002964DBDCF82C2012
:106F70004B1993425FD80CF001FA2046D7F80480F1
:106F80000CF0CBF9044600284FD1DFF8B090D8F8C8
:106F90002C30AB4221D10CF013FEAA460446214608
:106FA0003869FFF79DFE4C452CD15644A5EB0A05E8
:106FB00000214FF4A47004F0EBF90CF093F9041ED7
:106FC00030DB14F00104F3D1002DE0D101200CF0EE
:106FD000A4F9002C08BF044627E0B5F5803F09D38B
:106FE000B3B2A3B93146012002F092FB4FF4803ACC
:106FF0000446D4E7B5F5805F09D211493869FFF737
:107000006FFE0F4C2046FFF723FE0446DEE7C6F373
:107010000B000028F1D1314602F07AFB4FF4805A80
:107020000446BCE701200CF078F938460CF08AF9E8
:107030002046BDE8F0876FF01504F9E70000AD0BBE
:107040000400AD0B2DE9F047436890B05D6B074637
:10705000002128460AAA0CF0ABFA041E7BDB0A9B2F
:107060002A681979186800F023FB041E73DB0022DC
:1070700001212B20F6F76EFE00264FF05023C3F8B7
:10708000B86507200DF0B3FBD7F804803A69404695
:10709000564902F097FAFFF7DBFD041E51DB544D11
:1070A0000AAC0FCD0FC495E80300AB230DF1040922
:1070B00084E803000196C9E901668DF804304D4B60
:1070C0000AA8D3F8242504ADD2B20492D3F8282517
:1070D000D2B20592D3F83025D2B20692D3F8342535
:1070E000D2B20792D3F83825D2B20892D3F83C3501
:1070F000DBB20993FFF7C6FD012002F0E1FA014679
:107100002846FFF7BFFD3C4B994228D131464846FF
:107110000CF0B7F8041E14DB23200DF068FB4FF0D1
:10712000030A9F2331460AA8CDE90A66CDF81090DC
:10713000CDF814A08DF828300C950CF0A2F8041EA0
:1071400010DA4FF050230222C3F8B82502F0D6FA25
:1071500008B102F0C1FA204610B0BDE8F0876FF028
:107160000404EEE75246494608F130000EF027F8D5
:107170000446002834D17A68537F023B012B2DD975
:10718000167F023E022E8CBF002601260CF0AAF8C4
:10719000002828DBC2B2C0F380108642D1D0002381
:1071A000012182F040020AA8ADF800300A938DF860
:1071B0000020CDF810D005910C938DF828100B9578
:1071C0000CF05FF804460028BBD10CF08BF8041ECD
:1071D00001DBE307F9D404EAE474B2E70126D5E75A
:1071E0006FF01204ADE70446ABE700BF7732020050
:1071F000385A020000B002500000AD0B024B0B6089
:1072000001231360704700BF24910020004870479D
:107210003C62020010B50122064811460DF081FCC7
:107220000CF0AEFC044C20600CF0A7FC6060002069
:1072300010BD00BF2C9100202491002070B50C4699
:1072400015460CF09AFC2946064620460CF0B5F887
:1072500008B3B4FBF6F306FB1343E3B9B5FBF6F34F
:1072600006FB1353BBB9B54201D2002070BD4FF0ED
:10727000FF324FF0FF33094803F012FB0CF07DFCA6
:107280000646204601F09CFEAD1B3444F9D103486C
:1072900003F0E2FAE9E76FF01500E7E72C91002030
:1072A000F8B50E461946304617461C460CF085F8D0
:1072B00008B346EA040515F003051CD1A4B14FF04C
:1072C000FF324FF0FF330D4803F0EAFA24F00304D5
:1072D000A54206EB050009D1094AD2F80034DB07C4
:1072E000FBD5064803F0B8FA0020F8BD795901F043
:1072F00085FE0435ECE76FF01500F6E72C910020D1
:1073000000900350F0B5406801F01F04057B87B082
:1073100044EA45140569002D63D0B2F5001F00F161
:10732000100506D1214628460CF022FC002007B0AB
:10733000F0BD0027B2F5800F01AE0197776039D11B
:10734000B3F1007F14BF052304238DF8043000231C
:10735000CDE904630393836823FA01F111F001017D
:107360001AD1B2F1A07F17D104F01F03620903F113
:1073700080032AD0012A3AD11E4A52F82330DB0773
:107380000AD40DF1030632462146284601F006FCD8
:10739000194B98421BD002962146284603AA01F0B9
:1073A000B9FA164B98421FD101222146284601F016
:1073B00057FCBBE7B3F1C06F05D0B3F1007F14BF3A
:1073C00001230223C1E70323BFE70D4AD5E7314676
:1073D000284601F03FFC094B9842DCD06FF00B00CF
:1073E000A5E76FF08500A2E76FF015009FE751F861
:1073F0002330FFDE002884500400AD0B0000AD0BED
:107400000025845038B545682B69B3B1103528463E
:1074100001F010FC044680B90146284601F0D8FB73
:10742000084B98420BD122462846074901F0B0FB91
:10743000224605210D20F6F78DFC002038BD6FF0A7
:107440000400FBE70000AD0B4D7401004209034648
:1074500070B502D0012A17D070BD0D4E3269516847
:107460000029F9D0012503F01F030C689D40002975
:10747000F2D08A682A4002D030464B6898472CB137
:10748000236821461C46F2E7024EE7E72346F8E769
:10749000F8550200E45502002DE9F04340F20635AC
:1074A0004668D00648BF0320337B02EA050558BF73
:1074B000C2F3401087B001F01F07B5F5837F144673
:1074C00047EA43178DF8030044D00FD8062D18D093
:1074D00007D8B5B1022D3FD06FF0150007B0BDE859
:1074E000F083B5F5807FF7D101250AE040F2022252
:1074F000954233D0B5F5407F32D0B5F5007FEBD162
:1075000002250123220303FA01F12BD57368996048
:10751000326972BB07F01F037F0928D0012F75D194
:107520003C4A02EB830284F48033D2F80012C3F3A6
:107530000043C4F3404444EA430421F4706144EA44
:10754000800421F00F0144EA05230B43C2F8003206
:107550000020C3E70725D4E70425D2E70525D0E7B7
:107560000325CEE7630344BF7368D960D0E72A4A96
:10757000D7E71036394630460DF1020201F00EFB16
:1075800014F4403F80460CD1394630460CF0EEFAF8
:10759000224B9845DCD130469DF8021001F054FB97
:1075A000D6E74FF0000901AB3946304603AACDE9D2
:1075B0000439CDE90199CDF80C9001F0ABF9174BE6
:1075C000984289D114F4003315D09DF8033084F427
:1075D0008034C4F300448DF80E3039464B463046B3
:1075E00003AA8DF80C508DF80D4001F04FFA0B4BAB
:1075F0009842CDD070E7CDE9043339460DF103034D
:10760000304603AA039301F085F9F0E7803352F87E
:107610002330FFDE00288450002584500000AD0B8D
:1076200010B504460269A2B0C2F8800016490020D5
:1076300001F048FC002201212A20F6F78BFB84226E
:10764000002101A864680DF0F4FE0023012001AAC6
:1076500061680432D940C90744BF00FA03F142F817
:10766000041C2168D940C90748BF00FA03F103F19F
:10767000010348BFD163102BEAD101A801F03AFC05
:10768000002022B010BD00BFCB340200036803F01D
:107690001F025B09026004D0012B034818BF0020C1
:1076A00070470248704700BF00288450002584506E
:1076B0002DE9F04F1546834640F2FF18DFF8889118
:1076C000DFF888A185B000EB8101594503D1002086
:1076D00005B0BDE8F08FDBF80030C3F3C322082A01
:1076E000C3F3080400F2AA801B0E444508BF4FF004
:1076F000FF3419F80270222B00F2A380DFE803F0B8
:1077000012191F22252B22A1A1A1A13A67A1A1A193
:10771000A1A1A1A1A1A16A7F8285A1A1A1888F9227
:1077200095989B00C5F80C45601C5DD10BF1040BCE
:10773000CBE7C5F81445621CF8D000265DE0C5F81B
:107740000845F1E7C5F81045F5E7631CC5F808459D
:10775000ECD0002604E0661CC5F80C45E6D00126F6
:1077600003A80394FFF792FF0122039B02FA03F39D
:10777000C36008E0C5F80845002FDCD1631CD5D0F4
:10778000002606273246DBF80030039403F400405D
:10779000002818BF002203A818BF012601930092F9
:1077A000FFF774FF039C019B00EB8400D0F80042BC
:1077B000C3F3412C009A3B0243EA8C03134304EACF
:1077C0000A04234343EA4603C0F80032AEE7C5F893
:1077D0000C45D1E7C5F86045601CDBF80030A5D04A
:1077E000C3F30043002BBAD0012603A80394FFF78C
:1077F0004DFF039B06FA03F383603246C3E7C5F8E7
:107800006445E9E7C5F86845E6E7C5F86C45E3E790
:10781000C5F82445621C89D001260022B3E7C5F8CB
:10782000284581E7C5F83045F4E7C5F83445F1E768
:10783000C5F83845EEE7C5F83C4575E76FF015002B
:1078400046E76FF0850043E7AD6F0500F0F0FCFF01
:107850002DE9F04104460D4647680DF071FA4FF0EE
:10786000200888B9264B1B7873B1642660680BF03A
:1078700056FFF0B901200CF035F8013EF6D1002199
:10788000212003F085FDF0E7EFF31186314688F300
:107890001288BFF36F8F60680BF041FFA8B986F3C1
:1078A0001188BFF36F8FEFE786F31188BFF36F8FF7
:1078B000E5E7EFF31186314688F31288BFF36F8F47
:1078C00060680BF02CFF0028EED0FB6900201D70D3
:1078D0006368FA691B68C3F844250122C3F8482588
:1078E000C3F82001D3F82041C3F85801D3F8580158
:1078F0009A6081F31188BFF36F8FBDE8F08100BFFC
:10790000B7D20020F7B50546002201210820F6F77E
:1079100021FA0820F6F7EEF96B681A691868C0F8C2
:107920002425997D5A7D0A43198B1B7D0B431343F4
:10793000C0F86C356E68D6E9004313F0010348D0F7
:107940002F6907F10C000BF0E0FF304B98425AD141
:10795000387B04F10C0204F590710BF0CFFF387BFB
:10796000012707FA00F000F081FD0823C4F8003574
:10797000F369C4F844350023C4F84835A760D4F847
:107980005831002BFBD00021C4F800156B6801AA08
:10799000DC6820460BF00CFE002805DB019B22680A
:1079A00019791868FFF784FE08216A681368C3F81C
:1079B0000015117A51B9126AC3F834250122C3F8AF
:1079C0003825C3F81011D3F810111A60002003B045
:1079D000F0BD0822C4F80025F269C4F84425C4F8B3
:1079E00048350123A360D4F82031002BFBD00023BD
:1079F000C4F82031D4F820310123E3604FF48073C0
:107A0000C4F80433BBE76FF00400E0E70000AD0BFF
:107A10000123834070B5DC430B4AD2E8EF1F01EA33
:107A20000405C2E8E65F002EF7D14FF480328240B1
:107A30000648C0F80823BFF35F8FBFF36F8F0B4278
:107A400014BF0120002070BDE891002000500150BB
:107A500070B40E4922F07F46D1E90034D01AC31821
:107A600044F10004C1E90034A6F50013B3F5400F5A
:107A700009D2074B1B681A0A1B069C19054B42F1D9
:107A80000005C3E9004570BC03F036BE90620020DB
:107A9000EC91002098620020D9B101230D4A834067
:107AA000D2E8EFCF4CEA030CC2E8E1CF0029F7D1CE
:107AB0004FF48033084A8340C2F80433074BD3E8BD
:107AC000AF3FC340DB0742BF4FF40012044BC3F883
:107AD00000217047E891002000500150E4910020FF
:107AE00000E100E00D4B1868010A0006BFF35F8F4C
:107AF0000B4BD3F80435181841F10001B3F5801F82
:107B00000AD2084BD3E90023904271EB030303D25E
:107B100010F1807041F10001704700BFEC9100202E
:107B200000500150986200202DE9F04F85B01646B4
:107B30001F4604469DF840A0FFF76AFF0190FFF73B
:107B4000D1FFB04271EB070352D23B4B301A67EBC7
:107B50000101984271F100014DD2384B03EB04133F
:107B6000D3E902239F4208BF964258D04FF4803891
:107B7000334908FA04F8204626F07F4BC1F84883C1
:107B80000BF063FE4FF00309584604F15005AD00B9
:107B9000ADB205F1502504F5A87305F580350293C3
:107BA000029A20F07F4341F82230C1F84483D1F893
:107BB0000435244AC01A033820F07F4090422ED961
:107BC000286868B1D1F80435A3EB0B0020F07F40A2
:107BD000B0F5000F039322D920460BF036FE039B2D
:107BE000BAF1000F07D109EB030009F10109D7E74A
:107BF000BAF1000F09D06FF0150520460199FFF783
:107C00004BFF284605B0BDE8F08F01230E4AA34084
:107C1000D2E8EF0F1843C2E8E10F0029F8D1074975
:107C20000E982301C8500F9B01EB04120025C2E9F6
:107C300002675360E1E700BF01008000806200201E
:107C400000500150FDFF7F00E49100207FB500252A
:107C50004FF0FF304FF0FF31194C1A4B0226C4F899
:107C60000833C4F84833184BC4F80855C3E9020177
:107C70004FF480334FF40012C4F80433134B012146
:107C8000C4F804631520C3F880212A46F6F762F889
:107C90001520F6F72FF801230D4AA3602360136027
:107CA0000C4B0D4A009328460023CDE90155FFF700
:107CB0003BFF3046FEF7D8FE284604B070BD00BF3B
:107CC0000050015003000F008062002000E100E03E
:107CD000E8910020517A0100FFFF7F002DE9F74372
:107CE0002E4BD3F8042390070BD5D3F8042142B1CF
:107CF0000022C3F804212A4AD3F80431136801335F
:107D00001360264AD2F80433D90326D5254BD3E88D
:107D1000EF1F21F00100C3E8E40F002CF7D1CB07DF
:107D200002D4D2F84031C3B100251C4CC4F84051F4
:107D3000D4F84031FFF7D6FEEFF31182202383F30E
:107D40001288BFF36F8F184BD3E90267B042B94175
:107D500006D282F31188BFF36F8F03B0BDE8F083C2
:107D60004FF0FF38D3E900104FF0FF391D60C3E931
:107D700002894FF48033C4F84833C4F84051D4F832
:107D8000403182F31188BFF36F8F0029E5D0009056
:107D900032463B4628468847DFE700BF0050015087
:107DA000EC910020E49100208062002030B5431C5B
:107DB000124C85B005D08442A8BF0446012CB8BF40
:107DC0000124FFF78FFE0E4B0C4DD3E90013401A30
:107DD000B0F5000F0FD22218AA4228BF2A46002071
:107DE00052180849CDE90100009143F10003FFF763
:107DF0009BFE05B030BD2A46F1E700BFFFFF7F00C4
:107E000090620020517A010008B5FFF76BFE024B2B
:107E10001B68C01A08BD00BF90620020012310B586
:107E2000074C15206360F5F773FF4FF40012054B04
:107E3000C4F80833C4F84833034BC3F8802110BD9D
:107E40000050015003000F0000E100E02DE9F7436E
:107E500000244FF001082546114E30683779D0F8DC
:107E60001090836801A95B68984700280CD014DB48
:107E700008FA04F31D430134042C06F10806ECD182
:107E8000284603B0BDE8F083D9F80020019B08FA2A
:107E900007F753403B42EED0EAE70025F0E700BF8A
:107EA00058630200F8B506460F4600240C4D26FA2A
:107EB00004F212F001020AD127FA04F3DB0707D417
:107EC0000134042C05F10805F1D10020F8BD012290
:107ED000297928680BF0DEFC0028F1D0F6E700BF16
:107EE000386302002DE9F047064600251C4C1D4F63
:107EF000DFF87480DFF87490206846B3B84229D068
:107F0000404514BF4FF0E8624FF0986221798368D2
:107F1000D0F810C0D3F818A0BAF1000F1DD013028A
:107F200008D50123DCF800C08B4013EA0C0F18BF02
:107F300082F0C06202EA090302F0B072D04720B9B1
:107F40000135042D04F10804D6D1BDE8F0874FF4C3
:107F50000012DBE74FF09862D8E76FF05700F4E7C4
:107F600058630200F8550200E45502004000000684
:107F700038B5EFF31185202383F31288BFF36F8F99
:107F80000D4C237893B90D4B984202D00C4B98427C
:107F900005D10020FFF7A6FF00220A4B1A7001232B
:107FA000212223700848002302F0FCFE85F311888B
:107FB000BFF36F8F38BD00BFB4D20020F855020068
:107FC000E4550200B3D20020A06200202DE9F04168
:107FD0002C4F3B782BB10020FFF784FF00284FD1B6
:107FE0003870FFF733FF0446274BD3E8EF2FC3E881
:107FF000E14F0029F9D1254BDFF894801A7842BB74
:10800000D8F80060B44219D0224B66401B680BB10F
:10801000314698474FF0FF334FF0FF321E4802F0D1
:1080200035FB1E4B1D6835B1043D2B68314620469B
:1080300098476D68F7E7184802F0A0FBC8F80040C1
:1080400054B1BDE8F0414FF4A4720023144802F08B
:10805000A9BE00221A70F1E7EFF31186202383F303
:108060001288BFF36F8F0F4B1D78012D04D1284666
:108070001C70FFF737FF3D7086F31188BFF36F8FD9
:10808000BDE8F081B3D20020209200206D070020CF
:10809000F491002024920020F89100200C920020FE
:1080A000A0620020B4D2002038B50024084D4FF45F
:1080B000003128460BF0D9FB48B90134042C05F1F6
:1080C0000805F4D1BDE838400F21FFF7EBBE38BDFD
:1080D00038630200054BD3E8AF3F00B103600448AA
:1080E00011B102685A400A60036070472092002074
:1080F000F09100202DE9F843334B1860334D34489C
:108100000CF072FC2E460027A846F388304613F088
:10811000010F0CBF2021102141F480310BF0A5FB91
:10812000044678B90137042F06F10806EDD106465A
:1081300007464FF001092868297983689C6924B9AA
:108140006FF057042046BDE8F88300234FF4001277
:10815000A04704460028F5D12B79013609FA03F32C
:10816000042E47EA030705F10805E4D10546194E38
:10817000194BC6E9013758F835008368DB69002BD5
:10818000DED001223146984704460028DAD1013575
:10819000042DF0D1114912480CF0B1FD0122114B10
:1081A0000F481A700023002202F0C8FD2146204625
:1081B000FFF790FFFFF74AFE0B4BD3E8EF2FC3E822
:1081C000E10F0029BED0F8E7249200205863020096
:1081D000F891002014920020717F0100CD7F0100F2
:1081E000A0620020B4D200202092002003280A467A
:1081F00007D8054B03EBC001097953F830000BF0A9
:1082000049BB6FF015007047386302004FF47F03DD
:10821000D3F83021D3F83431072A05D1023B032BA0
:1082200002D8024AD05C704700207047C86F050032
:1082300008B5FFF7EBFF58B1644BD3F8202A3AB9E1
:108240000D21C3F8201A0121C3F81C19C3F81C29F9
:108250000022D30003F57F03D3F80013013107D0C8
:10826000D3F800130132D3F80433202A0B60F0D185
:10827000FFF7CCFF002840F0A080FFF7C7FF40B118
:10828000534B544AC3F830254FF050230122C3F812
:1082900058254FF47F03D3F83021D3F83431072A1F
:1082A00009D1023B032B06D84B4AD35C1BB10022F9
:1082B0004A4BC3F84C25FFF7A9FF50B14FF05023AC
:1082C000D3F80024D10742BF0022C3F81421C3F819
:1082D00018214FF47F03D3F83021D3F83431072A23
:1082E00009D14FF05023D3F80024D20744BF6FF0D8
:1082F0000102C3F80024FFF789FF18B16522334B50
:10830000C3F80C274FF47F03D3F83021D3F834316E
:10831000072A16D1314BD3F82034002B11DA4FF055
:1083200050230322C3F8182501229A60D3F80421B0
:10833000002AFBD00022C3F804210122DA60C3F82E
:1083400018254FF47F03D3F83021D3F83431072AAE
:1083500023D1023B032B02D8214AD35CEBB17E220E
:108360001A4B1B49C3F80C27C3F83C297F231D4A2D
:10837000C2F818310023C1F8043EC1F8083E01F5E7
:108380004821C1F81031C2F82431C2F82C3102F56D
:10839000FF1202F58052C2F8A032134AD2F88C3094
:1083A00043F44063C2F88C30104A114B1168C3F893
:1083B0004415D269C3F84C2508BD2922034BC3F8E4
:1083C0000C270322C3F83C2757E700BF00400050AA
:1083D000009003504400EFBEC46F0500002003501E
:1083E000C06F05000020005000ED00E00080FF009D
:1083F0000060005030B50468ACB1B4FA84F30122D7
:10840000C3F11F03DBB29A4024EA0202D0E8EF5F17
:10841000A54204D1C0E8EC2FBCF1000FF6D1EAD19F
:1084200002480B7030BD0248FCE700BF0000AD0BF6
:108430000200AD0B10B50368CB40DB0710D401235D
:108440008B40026843EA0201D0E8EF4F944204D126
:10845000C0E8EC1FBCF1000FF6D1F2D1014810BD0D
:108460000148FCE70000AD0B0400AD0B014BC3F865
:108470000405704700700150054B1A792AB95A71EA
:10848000012218601A71034870470348704700BF03
:10849000289200200000AD0B0C00AD0B08B50B4B73
:1084A0001B6833B10520F5F747FC10B90520F5F737
:1084B00021FC4FF050220123C2F81835C2F81435C0
:1084C000C2F88035024A137008BD00BF2892002010
:1084D000B5D2002010B5032842D8DFE800F018021A
:1084E000524C00224FF480730121002003F15023ED
:1084F00018601C68012402F150221460274A126897
:10850000002A44D04FF05023C3F8041328E04FF062
:108510005023D3F81814D3F81824C90310D502F047
:108520000303012B02D000200BF0F1F94FF0502390
:1085300001220221C3F8182508224FF48273D4E7E0
:10854000D3F81424D207F1D5D3F81C2402F0030287
:10855000012AE8D1114A12681AB10222C3F8042391
:1085600010BDD3F80421002AFBD00022C3F8042157
:10857000D3F80431F4E718224FF490734FF480716C
:10858000B3E720224FF492734FF40071ADE71A68FD
:10859000002AFCD018601B68E2E700BF2892002088
:1085A0004FF05023D3F80C14D3F80C24C80322D571
:1085B000D10720D5D3F81824D2031CD5104A5179FD
:1085C00001F0FF00C9B9C3F81C01D3F81C11012147
:1085D00051711961126822B18022C3F8042309483D
:1085E0007047D3F81C21002AFBD00022C3F81C21BD
:1085F000D3F81C31F3E7044870470448704700BFC4
:10860000289200200000AD0B0500AD0B0B00AD0B58
:108610004FF0502310B5D3F8002152B10020C3F819
:108620000001D3F800210122C3F80823284B1B685E
:1086300098474FF05023D3F804215AB10022C3F8D1
:108640000421D3F804210222C3F80823204B01207F
:108650001B6898474FF05023D3F81C2182B1D3F800
:10866000042312060CD50022C3F81C21D3F81C11D8
:108670008021C3F80813164B04205A711B689847D1
:108680004FF05023D3F8202162B10022C3F82021FB
:10869000D3F820214FF48072C3F808230C4B052037
:1086A0001B6898474FF05023D3F8242172B1002261
:1086B000C3F82421D3F824214FF40072C3F808230F
:1086C000034B0620BDE810401B68184710BD00BFD3
:1086D0002892002001460148FFF78CBE7405002057
:1086E000036803F01F025B09026004D0012B0348FA
:1086F00018BF002070470248704700BF0028845010
:1087000000258450034A4309D35C00F01F0018443D
:10871000C0B27047CC6F050070B50546FFF7F2FF99
:108720000C4C083034F810300E46DA0508D5C3F387
:10873000432304EBC302284654F833305268984769
:10874000A3682BB131462846E268BDE8704018475F
:1087500070BD00BF7805002008B5FFF7D3FF034BBD
:10876000083033F81000400B08BD00BF780500202A
:1087700008B5FFF7C7FF034B083033F81000C0F30C
:10878000400008BD7805002008B5FFF7BBFF034B8C
:10879000083033F81000C0F3401008BD7805002001
:1087A000034611F0010010B5CCB20BD1A207C4F3FF
:1087B00040000DD5074A106A58601062003818BF93
:1087C000012005E004490A6A1A600A62002AEDD015
:1087D00010BD00BF002884500025845010B5FFF75D
:1087E00091FF124A083032F81030D9051CD5C3F376
:1087F000432123F4F85322F81030002002F10E0434
:1088000034F8023F13F4807F03D0C3F3432399422B
:108810000AD001303028F3D1002342F83130044827
:10882000BDE81040FFF706BE10BD00BF7805002070
:10883000F0050020F0B50546002001260446074655
:108840008C420BD1114BD3F87C2132B10022C3F8FA
:108850007C21D3F87C3140F00040F0BDE3B29B00B6
:1088600003F580729B0806FA03F31D420BD002F158
:10887000A04202F55042D2F800C0BCF1000F02D075
:108880001760126818430134DAE700BF00D00050C7
:10889000F7B506460846FFF735FF1A4F00F1080501
:1088A00037F815300C46DB072AD530460BF03AF97D
:1088B0002046FFF769FF58B12046FFF74DFF002221
:1088C000316800B201EB8003C3F81025C3F810250E
:1088D0002046FFF783FF002301A827F815300194F5
:1088E000FFF7FEFE019B00EB8300D0F80022064B51
:1088F000134043F00203C0F80032044803B0F0BD57
:108900000348FBE778050020F0F0FCFF0000AD0B0A
:108910000400AD0B2DE9F0431646804685B00846AD
:10892000FFF7F0FE0D463168044609B32846FFF70D
:108930001FFF18B12846FFF727FF10BB00230DF1DA
:108940000F02CDE900338DF80E308DF80F30284638
:108950000B460DF10E010BF08DF8484A04F10801A9
:1089600032F8113023F0020343F0010322F81130F2
:1089700073687BB328461F785968FFF7F9FE10B17A
:10898000E9B13F4829E03D4A04F1080032F81030CF
:1089900023F02003DB04DB0C22F8103079B1032F25
:1089A000EFD87168D1F804E0D8F800109EF800C044
:1089B00001EB8C01A7B9C1F81075C1F810752F4AE9
:1089C00004F1080132F8113023F01C0343EA870355
:1089D00022F81130B3683BBB2A4805B0BDE8F083EC
:1089E000D1F810E543EA4C332EF0030EC1F810E540
:1089F000D8F8001043F0200301EB8C0EDEF81015C0
:108A000022F8103021F44F3121F44071CEF81015C6
:108A10002902DEF8108501F47C5141EA074141EA60
:108A20000801CEF81015CAE72846D3E90067FFF71A
:108A3000D5FE002ED0D0114DD5E90023964203D1AA
:108A40009F4201D1002209E00F480DF10F01FFF70D
:108A5000D1FC0C4B9842C0D19DF80F2005EBC2030E
:108A600008345F6035F8143045F8326043EA422339
:108A700043F4807325F81430AEE700BF780500207A
:108A80000400AD0B0000AD0BF00500202DE9F04314
:108A90000C46804685B0204611461D46FFF732FE43
:108AA000064629B32046FFF763FE18B92046FFF7B4
:108AB0006BFE18BB334F06F1080937F8193013F075
:108AC0001C0F02D04B78012B18D001238DF80F30EA
:108AD00000234A1CCDE9001320468B1C0DF10F0129
:108AE0000AF0C8FF37F8193043F0030327F81930AC
:108AF000002D44D02046FFF73BFE18B9224805B0B0
:108B0000BDE8F083002295F800C0D8F800301D4F72
:108B100003EB8C03C3F81025C3F8102506F10802F7
:108B200037F812104FEA8C0E21F02001C904C90C4D
:108B300027F812106E7816B3D8F80000AD7870449C
:108B4000D0F81035360423F4991323F4F853C0F801
:108B50001035230203F47C5306F440362D05D0F87B
:108B600010E5334305F480152B4341EA4C3143EAC9
:108B70000E0341F02001C0F8103527F81210034809
:108B8000BDE700BF780500200400AD0B0000AD0B71
:108B9000014BC3E9021270477805002010B5084662
:108BA0001446FFF7F1FD50B10846FFF7ABFD054B4A
:108BB000083033F8103004485B0B237010BD0348B5
:108BC000FCE700BF780500200000AD0B0400AD0BF2
:108BD00070B5154D064695F880401CBB21466022B5
:108BE00005F110000CF025FC214630682E6F8E42F6
:108BF0000ED10023C0F87C31D0F87C3140F307302F
:108C0000F5F778F80123094885F88030AB6770BD27
:108C1000CBB29B0003F580727C2B04BF8450835839
:108C20000131E4E70248F2E7780500200000AD0BCF
:108C30000C00AD0B034B93F88000003818BF0120E7
:108C4000704700BF780500200148FFF7F3BB00BF65
:108C5000EC0500200148FFF7CDBB00BFEC0500206C
:108C600073B503681646D3F804230546002AA8BF47
:108C70004FF000420846A8BFC3F804230C46FFF794
:108C800083FD00B30846FFF773FD0146D8B92046BF
:108C9000FFF762FD04B2A4000346286804F5807261
:108CA0008150296882582144D1F8102542F00102F0
:108CB000C1F810252EB10122296802FA03F3C1F888
:108CC000043302B070BD2046FFF71CFD0E4B083088
:108CD00033F81030C3F38203042B11D0052B11D0CD
:108CE00001A80194FFF7FCFC019A0369D34003F04B
:108CF0000103991C204602B0BDE870400AF003BF92
:108D00000321F7E70221F5E7780500202DE9F04F70
:108D1000684BDFF8A481D3F80403D8F87010C0B210
:108D200089B040F00040FFF785FD051E2FDAC246EE
:108D300000235AF87C1F06A8CDE90633FFF730FD63
:108D40004FF0000B5D4B0DF118090193019A12F8D9
:108D5000013B0192DA081AF8022003F0070322FA15
:108D600003F3DA071CD409F10409BBF1000F14D096
:108D7000D8F870104FF00040FFF75CFDD8F87C1079
:108D800006A8FFF70DFD0028DAD125F000450124E3
:108D9000002D76D109B0BDE8F08F4FF0010BD5E77B
:108DA000474B5B440293D9F800100029DBD091FABD
:108DB000A1F1B1FA81F1029B1C7841EA44142046EA
:108DC000FFF7A0FC083038F81070C808BB08039300
:108DD000012319F8002001F0070103FA01F122EA4A
:108DE000010209F8002005A80594FFF779FC059A0F
:108DF000039B803250F82220C7F382065B07374678
:108E0000C2F3014222D520463946D6B2FFF784FC90
:108E100005A80594FFF764FC059B803350F82330C8
:108E2000C3F301439E4207D1002120460AF06BFEA6
:108E3000314620460AF067FE05A80594FFF750FC6E
:108E40000122059B02FA03F30362ACE7022A0CD16C
:108E5000032120460AF057FE06F00503012BEBD153
:108E600039462046FFF758FCE6E7022120460392E8
:108E70000AF049FE032EF3D0039A032ADCD1022E16
:108E8000EDE795FAA5F3B3FA83F304FA03F29B0036
:108E900003F1A04303F55043D3F81005D3F81015A0
:108EA000C0F30520C1F3014125EA0205FFF734FCB8
:108EB0006EE700BF00D0005078050020DC6F050091
:108EC000DC6F050070B5084C0E462379154643B992
:108ED0002A20F4F70FFF0123044823712660A560C0
:108EE00070BD0348FCE700BF309200200000AD0BCE
:108EF0000C00AD0B002330B50D4A50F8234003F5AC
:108F0000A2710133102B42F82140F6D10023084A08
:108F100000F13C0103F5B27451F8045F0133102BEA
:108F200042F82450F6D1D0F88030C2F8043330BD76
:108F300000A002500123024A8340C2F80433704764
:108F400000A002500123024A8340C2F80833704750
:108F500000A00250F8B5012600270B4B0B4DD3F8AB
:108F60000C4304B9F8BD94FAA4F0B0FA80F006FA04
:108F700000F324EA0304064B82009F502B68002B69
:108F8000EFD0A9689847ECE700A00250309200208B
:108F900000A102500022034BC3F88425C3F8042526
:108FA000704700BF00900350044AD2F80034DB073A
:108FB000FBD50160BFF35F8F704700BF0090035087
:108FC00008B5C0F30B0383B90222094BC3F884250B
:108FD000C3F804254FF0FF320260D3F80024D20713
:108FE000FBD5FFF7D7FF034808BD0348FCE700BFE8
:108FF000009003500000AD0B0A00AD0B012208B534
:10900000054BC3F88425C3F80425FFF7CDFFBDE861
:109010000840FFF7BFBF00BF0090035010B5174CCA
:1090200023784BBB0378164AC3F34003C2F8003BD6
:10903000037803F00103C2F804370378DB0710D587
:109040004FF47F03D3F83011D3F83431072908D116
:10905000023B032B05D80B49CB5C13B10123C2F8AB
:1090600028370520F4F768FE10B90520F4F742FE12
:1090700001230548237010BD0448FCE7B6D2002048
:1090800000400050DE6F05000000AD0B0C00AD0B82
:109090004FF0502310B5D3F8044361070AD5D3F835
:1090A00008213AB10022C3F80821D3F80831124B45
:1090B0001B689847A2060CD54FF05023D3F8142113
:1090C0003AB10020C3F81401D3F814310B4B1B68DC
:1090D000984763060FD54FF05023D3F8182152B1AB
:1090E0000022C3F81821D3F81831044B0120BDE841
:1090F00010401B68184710BD409200203C92002091
:1091000000220121054B83F83820054BC3F80813D2
:109110001961C3F80025C3F800217047449200206C
:1091200000B0025070B5104D6C6B9CB14FF47A7367
:109130005C430A23B4FBF3F40C4ED6F8003163B958
:1091400095F839304BB90A200AF0CCFB013CF4D138
:10915000074870BD4CF25034EEE795F83930002BDB
:10916000F6D10448F5E700BF4492002000B0025059
:109170000700AD0B0000AD0B10B500220124084B19
:10918000C3F80045C3F800211C6038B1FFF7CAFFDF
:10919000044B984203D1044B83F83840014810BD7A
:1091A00000B002500000AD0B449200202DE9F041C8
:1091B0000646174698460AF0EDFC002863D106F0F3
:1091C0006043B3F1005F60D1B3075ED1314C94F8D6
:1091D0003030012B05D0434559D194F83830002B5D
:1091E00055D000232C4AB8F1020F0BBFC2F81075FE
:1091F000C2F80475C2F81465C2F808650CBFC2F85D
:109200001815C2F80C1584F8393023680CBF0825EE
:109210000425C3B994F838306BB100221E4B05F118
:10922000A045C3F80021012305F52C352B60BDE8CE
:10923000F041FFF777BF0120FFF79EFF174B9842E1
:10924000EBD1BDE8F081A36823B1E6606161E7611D
:109250001348F6E7104AA6602161A76184F83080C0
:10926000C2F800310123C2F8043394F8382002F028
:10927000FF0012B9FFF780FFEAE705F1A04505F509
:109280002C352B60E4E70748DBE70748D9E70748B8
:10929000D7E700BF4492002000B002500700AD0B9A
:1092A0000000AD0B0800AD0B0A00AD0B0B00AD0BC1
:1092B000084B9A685A621A699A629A69DA62DA689D
:1092C0009A6032B15A691A61DA699A610022DA60E9
:1092D000704770474492002000F01F0340090FD0F0
:1092E00001280FD10A4A02EB8302D2F80002094B8F
:1092F000034043EA012343F00203C2F800327047FF
:10930000054AF0E70022803352F82330FFDE00BF29
:1093100000288450F0F0FCFF0025845010B50E4B5F
:109320000238D3F83C26D3F83836072813D8DFE8BC
:1093300000F0110F0D0B0A080604100EC871100C76
:109340008871100A48710A711A0ECA701A0C8A7054
:109350001A0A4A700B7010BD00B00250023807287C
:109360001FD8DFE800F02927251123211F04CB791E
:109370001B068A7943EA02434A7943EA02230A79BF
:1093800013430E4AC2F83C36CB781B068A7843EA70
:1093900002434A7843EA02230A781343074AC2F891
:1093A000383670470023E4E70023E5E70023E6E7CB
:1093B0000023EBE70023ECE70023EDE700B00250C9
:1093C0000268154BFF2A08BF4FF0FF32C3F824256F
:1093D0004268FF2A08BF4FF0FF32C3F82825826891
:1093E000FF2A08BF4FF0FF32C3F83025C268FF2ABA
:1093F00008BF4FF0FF32C3F834250269FF2A08BFC7
:109400004FF0FF32C3F838254269FF2A08BF4FF0FA
:10941000FF32C3F83C25704700B0025030B5194DFB
:109420008DB006AC0FCD0FC495E8030084E80300AF
:10943000154906A8D1F82435DBB20093D1F82835B8
:10944000DBB20193D1F83035DBB20293D1F8343579
:10945000DBB20393D1F83835DBB20493D1F83C3555
:10946000DBB20593FFF7ACFF0023C1F80031012305
:109470000B60D1F80031002BFBD06846FFF7A0FF4E
:109480000DB030BD505A020000B0025070B590F8D7
:10949000293004461BB190F82A20002A3CD160688C
:1094A000FF2800F08580A168FF2900F08180E26834
:1094B000FF2A7DD025690E2D7AD1112878D1122965
:1094C00076D10D2A74D16269FF2A01D00F2A6FD19B
:1094D000A269FF2A01D0102A6AD1BBB90321112049
:1094E000FFF7FAFEA068FFF7F7FEE068FFF7F4FE6B
:1094F0002069FFF7F1FE6069FF2801D0FFF7ECFE5D
:10950000A069FF2802D00321FFF7E6FE94F82A3075
:1095100013B9201DFFF754FF636A264E264D73636F
:1095200094F8293086F83A300123C5F80833FFF75C
:1095300075FF2368C5F84035A37F617F227F9B01BB
:1095400043EAC1031343E27F43EAC213C5F844353B
:1095500094F82320D5F844352ABB43F44033C5F8AA
:1095600044354FF4C063C5F84036D5F8002694F86A
:10957000203022F07F4222F0FF02134394F8212092
:1095800043EA026394F8222043EA426394F82320DA
:1095900043EA0273C5F80036336813B12B20F4F7A1
:1095A000A9FB064870BD23F4003343F48033D6E7AB
:1095B0000348F7E74492002000B002500000AD0BD2
:1095C0000400AD0B38B50C4C94F8305095B9C4E993
:1095D000001248B900230122C4E90233074884F885
:1095E000302084F8383038BDFFF750FF034B9842E5
:1095F000F9D1EFE70248F6E7449200200000AD0BF6
:109600000C00AD0B2DE9F8430446884615460AF0D8
:10961000C1FA002843D1DFF8909099F83000012872
:109620003FD199F83830214F6BB30123204EC6F853
:109630000833FFF7F3FEB8F1000F2BD14FF000080D
:1096400089F83980C6F80081A37862781B0343EA61
:10965000022322781343E27843EA4233227943EA31
:109660008233627943EAC233C6F83436FFF75AFDD3
:10967000B8420CD0C6F800811DB129466078FFF7CA
:109680004DFE0C4804E0FFF777FDB842CDD1074806
:10969000BDE8F88341466078FFF760FECEE70648F4
:1096A000F6E70648F4E700BF449200200700AD0B40
:1096B00000B002500000AD0B0800AD0B0B00AD0B6D
:1096C000034B93F838300BB9FFF756BD014870478C
:1096D000449200200C00AD0B08B5054B93F83030D8
:1096E000012B03D1FFF70CFD024808BD0248FCE73F
:1096F000449200200000AD0B0B00AD0B034B93F820
:109700003000003818BF0120704700BF449200208D
:1097100070B505460AF03EFA00283AD111F003066A
:1097200039D11F4B1A6892B91E4CC4F81C15C4F8E5
:10973000205583F8392093F838300BB30023C4F850
:1097400000310123E360BDE87040FFF7EBBC93F804
:109750003040012C21D1134AC2F81C150421C2F853
:10976000205583F8396083F83010C2F80061C2F8E0
:10977000044393F8383053B9FFF7FEFC0A4805E07C
:109780000120FFF7F9FC094B9842D7D170BDD46096
:10979000F4E70748FAE70748F8E70748F6E700BFA5
:1097A0004492002000B002500000AD0B0700AD0B4A
:1097B0000800AD0B0A00AD0B0B00AD0B10B5224B32
:1097C000D3F8002192B10022204CC3F8002194F874
:1097D000381094F8302071B90121032A84F8381028
:1097E00005D0042A05D0022A00D1996010BD596025
:1097F000FCE7D960FAE7032A19D0042A19D0022A13
:1098000004D1012384F82030FFF752FDA36813B977
:10981000012384F8303094F8393003F0FF0013B995
:10982000D4E900319847002384F82030DEE7022392
:10983000E8E7032284F82020D3F81C256262D3F8DD
:10984000203584F82830E1E700B00250449200202F
:109850000722024BC3F80423704700BF0070035077
:109860000722024BC3F80823704700BF0070035063
:10987000072208B5044B3720C3F80823F4F748FA49
:109880000022024B1A6008BD007003508092002035
:1098900010B50446FFF7ECFF2268074B37201A602B
:1098A0000022064BC3F80021C3F80821C3F80421A5
:1098B000BDE81040F4F71EBA8092002000700350FB
:1098C00010B5114CD4F800312BB100200F4BC4F867
:1098D00000011B689847D4F8043133B10023C4F861
:1098E00004310A4B01201B689847074BD3F8082125
:1098F00042B10022C3F80821044B0220BDE8104009
:109900001B68184710BD00BF0070035080920020F4
:109910002DE9F0410E4617460C4D55F81C4FAC4250
:1099200003D16FF01200BDE8F081314654F8440CC9
:10993000A4F14408E6F778FD30B9C7F80080404646
:10994000BDE8F0410AF034BA2468E8E784920020C8
:1099500010B5D0E909124A60416A00F12403116090
:10996000C0E909334368044603B19847054A936840
:1099700033B11279062A03D9072022680249984791
:10998000002010BD84920020E26F05002DE9F04117
:1099900007460D460B4E56F80C4FB44202D16FF0FD
:1099A00001000AE0394654F8240CA4F12408E6F733
:1099B0003BFD20B91DB1C5F80080BDE8F0812468E9
:1099C000EBE700BF8492002038B5044600B300687E
:1099D000F0B10378E3B10021FFF7D8FFD8B104F16B
:1099E0001C03C4E907330D4B04F12402196903F188
:1099F0000C00A16260621A610A609D6835B11B7932
:109A0000062B03D9072022680549A847002038BD46
:109A10006FF01500FBE76FF01000F8E7849200206C
:109A2000E46F050010B5036893B11B7883B18368B8
:109A3000012B0DD8084B00F144014360074B1A6A13
:109A400003F11C048264446400201962116010BD9B
:109A50006FF01500FBE700BFFC050020849200209A
:109A600038B5114C0546216819B10020013121603B
:109A700038BD242220460BF0DCFC2B682846A3606E
:109A80002B79237104F10C03C4E9033304F11403AB
:109A9000C4E9053304F11C03C4E9073300F018F8E6
:109AA0000028E5D12168E0E78492002038B5074D11
:109AB0002C68013C2C6044B900F012F8214628467D
:109AC000BDE8384024220BF0B4BC38BD849200209D
:109AD00008B50248FFF778FF002008BDFC0500200C
:109AE0000148FFF735BF00BFFC0500200EB4431E40
:109AF000062B33B588BF0020094B05AC54F8045B36
:109B000053F82010074803F0DDFE21462846019453
:109B1000F1F7FAF802B0BDE8304003B0704700BF7B
:109B2000786302000DA802002DE9F04F87B01746B8
:109B30009B460446DDF840A000284BD0056A35B1AD
:109B40002D6825B1AC4607B0BDE8F04F6047A36A69
:109B50009F4242D80026BE4203D1002007B0BDE894
:109B6000F08F182303FB06F8D4F82C90A26909EBB8
:109B700008052B1D0593CAB9686969680368B5F8BB
:109B80000CC0C91AAB680CF1030E5D1E05EB0C1579
:109B90005B4205EB4E051D4005EBCC0385680633A3
:109BA000A94228BF4FF0FF310AF0CFF859F808302A
:109BB00020460293236AB1B29B6A01935AF8263079
:109BC00000935BF82620059B0AF010F90028C5D108
:109BD0000136C0E76FF01500C0E70148BEE700BFDF
:109BE00040F4FFFF10B5044690B1028D43899A42BC
:109BF00009D0084A936833B11279032A03D942681D
:109C00000549042098472046BDE810400BF0BBBA38
:109C100010BD00BF849200208F70050030B54489CC
:109C20008C4212D9436A013C5D882C4003EBC4038B
:109C300059609A60BFF35B8F426A53880133538047
:109C4000438D01334385002030BD0148FCE700BF50
:109C500041F4FFFF70B4039E144660B1006A50B136
:109C60004BB1013407D0002E05DBD0F8844014B18D
:109C7000A44670BC6047014870BC70472DF8FFFFD8
:109C800070B4039E144660B1006A50B14BB1013408
:109C900007D0002E05DBD0F8944014B1A44670BC68
:109CA0006047014870BC70472DF8FFFF70B50C4647
:109CB00011461E460E4B05462022002908BF1946B4
:109CC00020460AF085FD0123E362049B6662A362DD
:109CD000059B25626363069BA363079B63646A68B5
:109CE00004F13C03C4E90F526B60226C136070BD39
:109CF000B07005002DE9FF47DDF834800E4691462F
:109D00009A460546002876D0002974D0B8F1000F95
:109D100071D001F1640738460AF0F8F9BAF1FF3F53
:109D200049D1346E06F1500204F18000844204F0FF
:109D30001F0C07D2C4F3411152F8211021FA0CF183
:109D4000C90736D4012104F07F04600952F820309D
:109D500004F5806A01FA0CF104F201440B4304F0AB
:109D60007F0442F8203034666B6C4A4603930E9BA6
:109D70002946CDE901830C9B304600935346FFF7FB
:109D800095FF384600F068FD2C7874B196F8A44031
:109D90005CB1AB6A013330D1002128460AF0F5F9F5
:109DA000044610B128460AF0C6F9204604B0BDE8C2
:109DB000F0870134BAE7BAF5806FD5D3AAF580638E
:109DC0007F2B06F150010FD8580951F8204003F0BD
:109DD0001F0324FA03F2D2070BD4012202FA03F381
:109DE000234341F82030BFE7054C384600F034FDEE
:109DF000DBE7044CF9E7024CD7E70024D5E700BFC6
:109E00002DF8FFFF29F8FFFF08B583681A0C0AD167
:109E1000094A93682BB11279022A02D90320074913
:109E20009847002008BDA3F5803383601B0C0CBF4E
:109E300001200020F6E700BF84920020B1700500E9
:109E400038B50446E0B100F1640528460AF03CFA52
:109E5000D4F8B4309B6953B9D4F8A840103C002C16
:109E600000DC084C28460AF02DFA204638BD012BAC
:109E7000F7D1D4F8BC000AF031F9A0F11004EEE7F4
:109E8000014CF2E72EF8FFFF2DF8FFFF38B504462E
:109E9000E0B100F1640528460AF016FAD4F8B430AF
:109EA0009B6953B9D4F8AC40103C002C00DC084C42
:109EB00028460AF007FA204638BD012BF7D1D4F81E
:109EC000B8000AF00BF9A0F11004EEE7014CF2E73C
:109ED0002EF8FFFF2DF8FFFF2DE9F04385B00F4668
:109EE000904603A90D9A054699460AF0B0FB044630
:109EF000E0B10C9E039BD5F8C0009E42A8BF1E4651
:109F00000168D0F808C0611A33464A46614528BF47
:109F10004FF0FF3109F0DFFE23464246394628461E
:109F200000960AF034FB05B0BDE8F0830048FAE77C
:109F30002EF8FFFF2DE9F0438BB00E46DDE91289C4
:109F400015461F46044620B9954D28460BB0BDE87E
:109F5000F0830029F8D0002BF6D00021A822C0F809
:109F6000D0100BF066FA012204F1640011460AF0E9
:109F7000D8FD8C4BC4F8B460E5677462C4F88430D3
:109F8000894BD4F8B450C4F88830884BC4F88C306E
:109F9000874BC4F89030874BC4F89430864BC4F894
:109FA0009830864BC4F89C30854BC4F8A030AB6920
:109FB00043B9B9F1000FC7D099E8070004F1A8032D
:109FC00083E80700AB69012B07D0D4F8B400E0B9EF
:109FD0006FF01505B9E74307F7D4D4F8B4000028AB
:109FE000F6D0036A002B00F0D8809B68002B00F0AD
:109FF000D48098474206EED50021D4F8B4000AF088
:10A0000051F905460028E8D09FE7036A002B00F0CD
:10A01000C4801B69002B00F0C080984700F001004D
:10A0200084F8A400D4F8B4008369E3B999F808303F
:10A03000002B00F0858008F10C03C4F8C430B8F19F
:10A04000000F81D0D8F80820002A00F0A4809B6877
:10A05000002B00F0A0805B4B04935B4B05935B4BA4
:10A0600006935B4B07938369012B07D1564B0493EF
:10A07000544B0593564B0693544B0793002104F120
:10A08000C803C4E9323306ABC4F8C070022200939F
:10A09000019104ABFFF748FD054600287FF455AF5A
:10A0A000D4F8B4309A693AB9F26A1268C4F8B820A0
:10A0B000F26A9269C4F8BC209B69012B07D1F36A4C
:10A0C0009B69C4F8B830F36A1B68C4F8BC30D4F894
:10A0D000BC0009F09EFFF36A1B68DF62F36A9B69AC
:10A0E000DF62D4F8B430D3F81890B9F1000F07D17B
:10A0F000D4F8AC300993D4F8B8305B894B4521D8FB
:10A1000094F8A430C4E9004463B100230293314BB6
:10A11000204601933523304A0394009304F108014B
:10A12000FFF7C4FDD4F8B4008369002B7FF40DAFB2
:10A1300004210AF0B7F8064600283FF406AF24E0F1
:10A1400043467AE74046D4F8AC100AF071FA064666
:10A15000D0B139680890411AB8680022814228BFFE
:10A160004FF0FF31D4F8AC30384609F0EEFD0096E0
:10A1700001230022D4F8B80008A909F064FE0646BD
:10A1800018B909F10109B6E7144ED4F8B4000AF081
:10A1900082F83546D9E6114DD7E66FF00505D4E6CD
:10A1A0002DF8FFFFD99E01001D4302008F440200DD
:10A1B0004F4602008F450200D54202008D9E0100ED
:10A1C000419E0100D2700500D8700500BB4402001A
:10A1D000C342020041430200DE7005002EF8FFFF7B
:10A1E000F0B505460E46174687B0074A03AC07CAC6
:10A1F00084E807000C9A3146009228463A460194BA
:10A20000FFF798FE07B0F0BD685A020038B5EFF3CB
:10A210001185202383F31288BFF36F8F064B9C6850
:10A220000AF0FDFA85F31188BFF36F8F2046BDE871
:10A230003840F3F7E1BC00BFA892002038B5094BC5
:10A2400053F82040013053F82050A54200D838BDC3
:10A25000636823B120460AF0E5FA0834F5E723687D
:10A260009847FAE798630200012270B52A4B032051
:10A2700086B01A70FFF7E2FFF2F76CFB0AF0EEFA15
:10A280000420FFF7DBFF254C254D2646AE4204F1A6
:10A29000300410D300F0BEFF204C224EAC4226D337
:10A2A00000F0CCFFE9F778FC1F4A137B23F0010391
:10A2B000137306B070BD54F80C3C059354F8103C71
:10A2C000049354F8143C039354F8183C029354F844
:10A2D0001C3C019354F8203C009354E90A2354E9B0
:10A2E0000C0100F065FD54F8303C5E65CDE7D4E923
:10A2F0000A23B3F1FF3F08BFB2F1FF3F05D052EA96
:10A300000301206803D10AF024FD3034C6E731464A
:10A31000183001F077F9F8E7B7D20020C0580200F2
:10A32000C0580200814E02005063002008B5034867
:10A33000034A0021121A0AF08DFA08BDB80B00205A
:10A34000BCD200200023012270B586B0CDE90423E1
:10A350000F220193CDE9023214234FF4A0720E4D67
:10A360000E4E03FB00550E4906EBC016044602FBD9
:10A3700000110C4B3046009500F01AFD737B2C74D5
:10A3800023F004037373084B013403EBC423EE6022
:10A390006B6006B070BD00BFA8920020D0620020A4
:10A3A00038160120C3490200380E0120BFB5002035
:10A3B000FFF744FF2D4B03F5006282F3088883F317
:10A3C0000A880024E0232A4D2A4E85F82230EC77B3
:10A3D0002C766C76AC7685F820406B6A264F43F479
:10A3E000E0236B6285F82340F3F772FBF3F724FD5B
:10A3F0004FF0FF33AB62EB62F3F7AAFEF3F740FDD9
:10A4000040F201131D4D2846AB81C5E9194401F006
:10A41000CDFAB5600AF0EFF90120FFF70FFF022037
:10A42000174DFFF70BFF00F029FF164B75610593E1
:10A43000012315494FF48052CDE9034328463B469A
:10A44000CDE90144009400F0B3FC06466A7B28463F
:10A4500022F004026A730AF0B8FC2046FFF772FF8C
:10A460003A4631462846F3F7C3FC00BF380E0120B8
:10A4700000ED00E0A892002069A2010070640020B5
:10A4800050630020E17005007817012038B5064CB4
:10A49000064DAC4201D3002038BD2046D4E901125C
:10A4A0000AF0DDF91434F4E73008002044080020F5
:10A4B000002038B5054C064DAC4200D338BD2046CF
:10A4C0000AF032FA0028F9DB1C34F5E7C007002057
:10A4D0003008002073B50C46EFF31181202585F379
:10A4E0001288BFF36F8FC5685DB125602B68C360AC
:10A4F000836901338361002081F31188BFF36F8F7B
:10A5000011E052EA030603D16FF00B002560F3E778
:10A51000CDE900230246083000F0C8FD18B9034B0E
:10A520009B685B69236002B070BD00BFA8920020E9
:10A530002DE9F34104460E4600F10808EFF31187B8
:10A54000202181F31288BFF36F8F056AC1688D42A5
:10A5500031D20AF0AFFC31460546A26878B100243A
:10A5600040690AF03FFF2846EC670AF02EFC40469F
:10A57000394600F00BFE204602B0BDE8F081E069EC
:10A580000AF030FFE369A26804F124001344626911
:10A59000E361934208BF23694FF0100108BFE361F4
:10A5A000236A013323620AF0C1FD002087F311887A
:10A5B000BFF36F8FE0E752EA03010AD006498968CA
:10A5C0004E61CDE9002339460246404600F06EFD5B
:10A5D000D2E76FF02200E9E7A8920020F7B5044621
:10A5E000084604F10807EFF31186202181F3128851
:10A5F000BFF36F8F216A002931D0A268A1690AF0E8
:10A60000F1FEA369A268204613446269A3619342E4
:10A6100004BF2369A361236A013B23620AF04AFC59
:10A62000054660B34169A268E0690AF0DBFEE369B0
:10A63000A268284613446269E361934204BF236918
:10A64000E361236A013323620024EC670AF0BDFB57
:10A650003846314600F09AFD204603B0F0BD52EA7C
:10A6600003010AD0084989684861CDE900233146D1
:10A670002246384600F01AFDEFE76FF0220086F31D
:10A680001188BFF36F8FE8E7A89200202DE9F3410E
:10A69000044617461E46EFF31188202383F31288E1
:10A6A000BFF36F8FC368334A7BB18068916888427B
:10A6B00019D057EA060318D188F31188BFF36F8FBA
:10A6C0006FF00F0002B0BDE8F081916891F90E10B3
:10A6D0000133E36093682161A36088F31188BFF3BD
:10A6E0006F8F0020EEE72169F2E791F90E1090F9E3
:10A6F0000E306FF07E029942A8BF19469142B8BF52
:10A7000011468B422DDD0AF067F905462246414687
:10A71000CDE90076184800F0C9FC0028E1D0EFF33D
:10A720001186202383F31288BFF36F8FA068D0B106
:10A73000236821699C420AD04BB193F90E309942AB
:10A74000A8BF19466FF07E039942B8BF19460AF0B8
:10A7500043F940B13146084800F018FD6FF00A0097
:10A76000B0E70025D2E7002DF4D186F31188BFF3BE
:10A770006F8FF3E7A8920020B8D2002038B5836825
:10A78000044663B3194A926893422BD1C368012BE4
:10A7900003D9013BC360002038BDEFF311852023AE
:10A7A00083F31288BFF36F8F016980680AF014F990
:10A7B00020460AF07FFBA06058B190F90E2022617C
:10A7C0000022C2670AF001FB2946094800F0DEFCBE
:10A7D000E1E7E06085F31188BFF36F8FDBE76FF08F
:10A7E0001500D9E74FF0FF30D6E700BFA892002050
:10A7F000B8D2002037B51146EFF31185202282F33D
:10A800001288BFF36F8F04689CB12368426823F0FD
:10A8100003039442036008BF4360012120460AF00D
:10A820004FF9044685F31188BFF36F8F204603B0BC
:10A8300030BD51EA0302F5D000F10802CDE9001362
:10A840001046294600F032FC0028EFD1014B9B68EE
:10A850005C69EBE7A892002038B50446EFF3118558
:10A86000202383F31288BFF36F8F0AF023FB48B1D4
:10A870000022C2670AF0A9FA2946BDE83840074815
:10A8800000F084BCD4E902329A4218BF013302219D
:10A89000A36004F110000AF049FCEDE7B8D20020F3
:10A8A00013B5EFF31181202484F31288BFF36F8F67
:10A8B000846844B1013C846081F31188BFF36F8FD9
:10A8C000002002B010BD52EA030406D181F31188C2
:10A8D000BFF36F8F6FF00F00F3E7CDE9002302465F
:10A8E000014800F0E3FBECE7B8D2002070B5044665
:10A8F000EFF31185202383F31288BFF36F8F6FF07E
:10A900000A0620460AF0D6FA18B1C6670AF05DFAC0
:10A91000F7E7A060022104F110000AF007FC2946C5
:10A92000BDE87040014800F031BC00BFB8D2002043
:10A930001FB5094A02AB92E803004FF4006283E8B6
:10A940000300009305494FF0FF33054800F052F92A
:10A95000002005B05DF804FB745A0200782701203E
:10A96000D06300202DE9F04305464FF0FF364FF04D
:10A97000FF37DFF82C8185B0EFF31189202383F3B3
:10A980001288BFF36F8FD5F880408CB9022105F192
:10A9900098000AF0D6F8002860D100234946CDE996
:10A9A0000067029305F188023E4800F033FDE3E7BB
:10A9B000D5F8842023689442C5F8803008BFC5F8D4
:10A9C0008430D5F8983043F00203C5F89830E36836
:10A9D00023F0040343F00103E360636889F3118803
:10A9E000BFF36F8F20469847EFF31189202383F33D
:10A9F0001288BFF36F8FE368D90623F0010237D4C2
:10AA0000E260E3689A071AD5D8F8000023F0020341
:10AA1000E360A0B10021026888B143689C4237D14D
:10AA2000036869BBD8F80420C8F80030824201D11D
:10AA3000C8F80430002340F8083BFFF70DFFD5F8B5
:10AA4000983023F00203C5F8983089F31188BFF3DA
:10AA50006F8FDB0590D400F019FC8DE705F19004B1
:10AA60000022012120460AF07DFA0028F8D194E75F
:10AA700023F01103E36004F11000FFF7EDFEC0E7DF
:10AA80000B60D8F80430834208BFC8F80410D1E73F
:10AA900022B11368014610461A46BDE71346F9E78E
:10AAA000C8920020B8D20020F8B5C36804469A07BF
:10AAB0000F46C3F340062CD45B071AD40B680BB9BE
:10AAC00083680B60E368DD0742BFA36802263B6032
:10AAD0003D6858BF0126002D3AD01F4B9B68AB4202
:10AAE0000AD0D5F89830D807C3F3800214D46FF099
:10AAF000120600233B6025E00AF022F9D5F89830D1
:10AB00000028F0D1D907C3F3C002F0D552B15B07DA
:10AB100008D46FF00F06ECE7002AFAD1C3F3C003A4
:10AB2000002BF6D100232360D5F8843063B9C5E942
:10AB3000204428460AF020F8E36843F00403E36069
:10AB40003B68A3603046F8BD1C60C5F88440F0E760
:10AB50006FF01506CDE700BFA89200202DE9F04167
:10AB6000C368074603F00503002B0C4614BF4FF0E3
:10AB700001084FF0000822D08668D6F8805025B131
:10AB8000AF4201D02D68FAE701250122002104F12E
:10AB9000100009F0C6FF204612490AF045F8E368A4
:10ABA00043F01003E3609DB13B68236073B9D6F8AE
:10ABB00084303BB9C6E92044304609F0DDFF404609
:10ABC000BDE8F0811C60C6F88440F5E73C60F3E71F
:10ABD000D6F880302360D6F88430C6F88040002B49
:10ABE000EAD1F0E7594B0200014601480AF047B8A4
:10ABF000D0630020F0B50446002089B0C4E92000ED
:10AC00000E9D04F18800C4E9220004F19000C4E91B
:10AC100024004DB32879002840F2011008BF01201C
:10AC2000C4F8980000204FF0FF364FF0FF37CDE911
:10AC30000330CDE90100CDE9066720460B4B0094B7
:10AC400000F0F4F855B1296811B120460AF07EF8F9
:10AC50006B791BB1237B43F001032373204609B0BA
:10AC6000BDE8F0400AF075B80120D9E765A90100F8
:10AC700030B50A46044685B0EFF31185202383F3EF
:10AC80001288BFF36F8FD0F8983013F0060F1DD1E4
:10AC9000B1B143F00C03C4F89830204609F06CFFC2
:10ACA00000234FF0FF3202934FF0FF332946CDE9E6
:10ACB00000230C4804F1900200F0ACFB05B030BD5D
:10ACC000D0F8800048B143F00403E4E743F0040106
:10ACD000C0F89810002AE0D0DBE785F31188BFF3B5
:10ACE0006F8FEBE7B8D2002037B501900846EFF33D
:10ACF0001184202181F31288BFF36F8FC16811F096
:10AD00001E0F16D153EA020508D101A9FFF7CCFEA8
:10AD100084F31188BFF36F8F03B030BD41F0080199
:10AD2000C160019910308161034900F06BFC012082
:10AD3000EEE70020ECE700BFED4B020001460148C2
:10AD4000FFF7D2BFD0630020F7B50C4616461D466C
:10AD50000190EFF31187202383F31288BFF36F8FE5
:10AD6000084609F0FAFE55EA060309D1204601A972
:10AD7000FFF79AFE87F31188BFF36F8F03B0F0BD22
:10AD8000E36804F1100043F00803E360019B3246DE
:10AD9000A36203492B4600F035FC0120EAE700BF1F
:10ADA000ED4B020001460148FFF7CEBFD063002003
:10ADB0002DE9F043984685B000F15803C0E91633F9
:10ADC000109B002603730423073222F00705437308
:10ADD0000F9B01EB05090F4683734946C0E90666E0
:10ADE0008660C6730446F2F70DFD0E9B073020F017
:10ADF0000700E066C4E9197502930D9BA9EB0009F1
:10AE000001930C9B4A460093394643462046F2F78D
:10AE1000D3FF054B66659B6803B11B6F48462367EC
:10AE200005B0BDE8F08300BFA8920020F0B5002572
:10AE300087B00595109DDDE9127604950F9D0446B7
:10AE400003950E9D02950D9D01950C9D0095FFF7B4
:10AE5000AFFFB6F1FF3F08BFB7F1FF3F05D056EA9D
:10AE6000070305D1204600F0A3F9204607B0F0BD46
:10AE70003A463346024904F1180000F0C3FBF4E7F8
:10AE8000814E020038B50D4D2B4653F8184F9C42A9
:10AE900000D004B9EC68AB6838B95A7BD20604D14B
:10AEA000A26912B9DA897F2A05D89C4202D02046CD
:10AEB00000F0F0FA23466B6138BD00BFA892002075
:10AEC00008B590F90D200146002A437B04DA03F00F
:10AED0007F03437309F03FFF044B9868431A5842BD
:10AEE0005841BDE80840FFF7CDBF00BFA892002041
:10AEF00070B490F90D30427B002B29DBD30627D1AB
:10AF000083692BBB134962F07F0242730A4652F8F1
:10AF1000184F944218BF2346CC6923B9C0E90024D6
:10AF20002060C8610CE090F90E5093F90E60B542B4
:10AF30000AD0AE4208DD5A68C0E90032106058609D
:10AF4000002070BCFFF79EBF9C42E7D01B68E4E77F
:10AF500070BC7047A8920020002A2DE9F0410E46EF
:10AF60000CBF10210821427B044611420FD141EA57
:10AF70000203D20918D1437308291BD00120FFF71F
:10AF800081FFBFF35F8F637B23F060036373284B04
:10AF90009B68A34245D1EFF30583002B41D1304696
:10AFA000BDE8F041F2F73EBE03F07F03437309F0C2
:10AFB000D2FEE1E7A36813B1204609F0D4FE04F104
:10AFC000180009F0F1FFA56D04F15807AF4211D048
:10AFD0004FF0000875B1284609F0C5FE05F11800CC
:10AFE00009F0E2FF2846C5F87C80FFF781FFA56DD8
:10AFF000AF42EFD10E4FBB689C42BFD1EFF3058348
:10B00000002BBBD00120FFF73DFF40F20113094D9B
:10B01000AB8100232846C5E9193300F0C7FCBD60A9
:10B02000AFE786F31188BFF36F8FBDE8F08100BFF3
:10B03000A89200207064002070B590F90D200146A0
:10B04000002A437B04DA03F07F03437309F083FE95
:10B05000154A4B7B104663F07F034B7350F8183F43
:10B06000D469834208BF002323B9C1E900042160E9
:10B07000D1610CE091F90E5093F90E60B5420ED0FB
:10B08000AE420CDD5868C1E900300160596090683B
:10B09000BDE87040431A58425841FFF7F3BE9C4246
:10B0A000E3D01B68E0E700BFA8920020F8B5124B80
:10B0B0000C46DDE9067611469868104A1060EFF3F9
:10B0C0001182202282F31288BFF36F8F9D68284679
:10B0D00009F053FEB6F1FF3F08BFB7F1FF3F06D0BE
:10B0E0003A463346064905F1180000F08BFA20462F
:10B0F000BDE8F840F2F796BDA8920020D09200205B
:10B10000814E0200F8B50446EFF31186202383F345
:10B110001288BFF36F8F437B49B2DA0619D1856974
:10B12000BDB903F07F03437309F015FE437B164A54
:10B1300063F07F0343731346817353F8180F9842EB
:10B1400018BF0546D0695DB9C4E900300460D46118
:10B1500011E00020A17386F31188BFF36F8FF8BD53
:10B1600095F90E70B9420BD08F4209DD6B68C4E9C6
:10B1700000531C606C600120FFF784FE0120EAE7A9
:10B18000A842E1D02D68DEE7A892002049B9EFF38C
:10B19000058030B9054B5A699B689A4201D0F2F795
:10B1A00041BD81F31188BFF36F8F7047A8920020D3
:10B1B00010B5EFF31184202282F31288BFF36F8F52
:10B1C000427B510704D484F31188BFF36F8F10BD05
:10B1D00022F004024273FFF78BFE2146BDE81040C7
:10B1E0000148FFF7D3BF00BFB8D20020034648B9DB
:10B1F000EFF3058232B9064A51699268914201D053
:10B20000F2F710BD83F31188BFF36F8F704700BF53
:10B21000A8920020EFF31181202383F31288BFF35B
:10B220006F8F054B9A68D37B013BD37381F31188F1
:10B23000BFF36F8F704700BFA892002038B5EFF3BF
:10B240001185202484F31288BFF36F8F0A4B0020EE
:10B250009A68D37B0133D373FFF714FE85F311880B
:10B26000BFF36F8FEFF3118084F31288BFF36F8FFA
:10B27000BDE83840FFF7BABFA8920020024B03F1A7
:10B280001802C3E906227047A8920020F8B5EFF330
:10B290001185202383F31288BFF36F8F19498868C3
:10B2A000437B03F07F03437309F055FD08468B6829
:10B2B0005A7B62F07F025A7350F8182FCC69824291
:10B2C00008BF002222B9C3E900042360CB610CE06F
:10B2D00093F90E6092F90E70BE420ED0B7420CDDAB
:10B2E0005168C3E900210B6053600120FFF7CAFDDC
:10B2F0002846BDE8F840F2F795BCA242E3D01268B8
:10B30000E0E700BFA892002050EA01032DE9F041D8
:10B3100005460E4603D1FFF7B9FF00202BE0831C42
:10B3200071F1FF3329DB09F054FE2C18EFF311887B
:10B33000202383F31288BFF36F8F124F124BB8682C
:10B340001860FFF7BDFDB86810492A46334618302B
:10B3500000F058F9BA684046537B43F0100353732A
:10B36000F2F760FC09F035FE201A63EB03030128B5
:10B3700073F10003D1DBBDE8F0816FF00104241A02
:10B38000D4E700BFA8920020D0920020814E020096
:10B39000B1F1FF3F08BFB0F1FF3F08B506D10A4B3E
:10B3A000986809F021FD4FF0FF3008BDFFF7ACFFB2
:10B3B0004FF47A7147F6FF730022C0FB0132D80BBD
:10B3C00040EA4240F1E700BFA892002038B50024CF
:10B3D0000B494FF400458C462146C0FB05C10023B4
:10B3E0006046084AE4F7B8FEC117FFF78DFF47F63D
:10B3F000FF73044AC0FB0234DB0B43EA444038BD10
:10B400003F420F0040420F00014B9868704700BF59
:10B41000A8920020D3B5DDE90667089CCDE9006756
:10B42000FFF744FE1CB1034B9B685B69236002B0CD
:10B43000D0BD00BFA89200200122044BC01A044BCB
:10B44000C0105843034B1A54704700BFF0640020EB
:10B45000ABAAAAAAB8D20020C3897F2B12D80A4B64
:10B460001B6863B1094B90F90E201B689A4209DBF7
:10B47000437BDB0606D1064BC31A18BF012303F03A
:10B48000010070470023FAE7D8920020D4920020F0
:10B49000D062002070B50E4B0E4C1E7C054606EBAC
:10B4A000460304EBC304204609F07EFD00220A4B4C
:10B4B00028469A55FFF7D0FF48B1084B2046BDE813
:10B4C00070401A680649013AD31700F09BB870BD66
:10B4D000A8920020F0640020B8D20020D89200206A
:10B4E00039B4010038B5EFF31185202383F31288B6
:10B4F000BFF36F8F104B114A9C681068A04206D1B1
:10B50000FFF7C8FF85F31188BFF36F8F38BD0021A7
:10B510001B7C11600A4AD35C002BF3D02046FFF756
:10B520009BFF0028EED0637BDB0602D12046FFF7AD
:10B5300083FD2046E4E700BFA8920020D0920020BF
:10B54000B8D2002008B50648064A0749121A09F081
:10B5500083F9BDE80840054A0549064809F07CB969
:10B5600000000020B80B00200C7105000000000056
:10B570000C71050000000020034B1B680BB9FCF7A1
:10B5800043BC0020704700BFDC92002030B570B192
:10B590000B4B5B6898420AD0036843B1D3E904219E
:10B5A000D0E90445121941EB0501C3E90421D0E9B2
:10B5B000003213605A600023C0E9003330BD00BF81
:10B5C0002806002010B50E4B1C689C4204D1FFF7E2
:10B5D000D3FF6FF0004010BDFFF7CEFF002CF8D076
:10B5E000D4E904321B1A62EBE072B3F1004F72F13E
:10B5F0000001EEDA002AACBF18460020EBE700BFDE
:10B6000028060020B3F1FF3F08BFB2F1FF3FF8B5B5
:10B6100004461D4616465ED08160EFF31187202355
:10B6200083F31288BFF36F8F013275F1FF3324DA91
:10B630006FF001032D49D1E900209B1A4FF0FF3232
:10B6400062EB00009E1B60EB0500012E70F1000311
:10B6500001DA01260020C4E90460254ED6F800C0B6
:10B660007568B44508BF4FF0000CBCF1000F0DD158
:10B67000C4E900652C6074601CE0FFF77DFF0136B3
:10B6800045F10005361845EBE070E4E7DCE90420FD
:10B69000D4E90431934271EB000E1DDAD21ADCF8C2
:10B6A000043060EB0100CCE90420C4E900C31C6055
:10B6B000CCF804403368B34209D09C4207D10D4B0B
:10B6C0001C6824B9FFF77EFF2146FCF76FFB87F368
:10B6D0001188BFF36F8FF8BD9B1A61EB0001AC4579
:10B6E000C4E90431C4D0DCF800C0BEE7086500201E
:10B6F00028060020DC9200202DE9F84FEFF3118C92
:10B70000202383F31288BFF36F8FDFF8B0A0DFF838
:10B71000B0900024C9F80000DAF800000025504578
:10B7200008BF0020274FE046D7E90021D9F80030B4
:10B7300078B3D0E9046C4FEAE37EB3427EEB0C0BA6
:10B7400005DAF61A6CEB0E04C0E9046421E0B218C5
:10B7500041EBE671C0E90445C7E90021FFF716FF98
:10B7600088F31188BFF36F8F83689847EFF31188D0
:10B77000202383F31288BFF36F8FD9F80030DAF8F3
:10B7800000009B1B5045C446C9F80030CBD1D7E917
:10B79000002100249A1841EBE373C7E90023C9F89C
:10B7A0000040FFF70FFF2146FCF700FB88F31188EC
:10B7B000BFF36F8FBDE8F84FFFF794BE2806002057
:10B7C000DC9200200865002010B5EFF311842023DF
:10B7D00083F31288BFF36F8FFFF7CEFE0346054A4F
:10B7E000D2E90001181841EBE37184F31188BFF32B
:10B7F0006F8F10BD08650020F8B50446EFF3118780
:10B80000202383F31288BFF36F8F026822B187F37E
:10B810001188BFF36F8FF8BDD0E90A36581C46F186
:10B820000001022871F1000127D3012B76F10001FC
:10B83000BCBF012316465D1E46F1FF3609F0CDFB65
:10B84000013041F10001401946EB0101012871F17D
:10B85000000139DB09F0C1FB013041F100016FF05B
:10B860000102401946EB01034FF0FF31121A61EB60
:10B87000030320461749FFF7C5FE236B01332363FB
:10B88000236A6BB187F31188BFF36F8F2046236A59
:10B890009847EFF31187202383F31288BFF36F8F4C
:10B8A00054F8185FA542B2D0002DB0D0284609F058
:10B8B000B5FA0023EB6787F31188BFF36F8F284633
:10B8C000BDE8F84009F081BA6FF001024FF0FF3394
:10B8D000CFE700BFF9B701002DE9F04105461C464E
:10B8E00090461F46EFF31186202383F31288BFF39F
:10B8F0006F8FB4F1FF3F08BFB2F1FF3F05D186F370
:10B900001188BFF36F8FBDE8F081531C74F1FF33D2
:10B9100009DB012A74F10003BCBF0122002412F1EB
:10B92000FF3844F1FF37284609F03EFBDDE9060108
:10B930000023C5E90A012B6342463B4628460249DB
:10B94000FFF760FEDBE700BFF9B7010038B503463B
:10B95000EFF31185202282F31288BFF36F8FC1604D
:10B96000012181600068834206D185F31188BFF30D
:10B970006F8F0024204638BDD0E9003213605A6032
:10B980000023C0E9003309F08BFB29460446024836
:10B99000FFF7FCFBEEE700BFB9D200200A460146E4
:10B9A000014809F0DDBB00BF30080020014B0367F0
:10B9B000704700BF3008002038B504460D4609F036
:10B9C000BFF920B9064B9B681B6F0BB938BD054BFF
:10B9D0002A4621461846BDE8384009F0C1BB00BFE1
:10B9E000A89200203008002010B50A4C23681BB133
:10B9F00001232360002010BD00F0F4F80028F7D0E8
:10BA00000138072803D8044B53F8200010BD034821
:10BA100010BD00BFE0920020B0630200FE8FFFFF68
:10BA2000BFF34F8F0549064BCA6802F4E062134327
:10BA3000CB60BFF34F8F00BFFDE700BF00ED00E01C
:10BA40000400FA0530B44FF0FE3200250B4B0C4CCD
:10BA50000C494968C3F80024C3F80424C3F8082437
:10BA6000C3F80C24C3F81024C3F81424C3F8182412
:10BA7000C3F81C24C4F8005530BC0847005084505B
:10BA80000040845030060020024BD0E90012C3E988
:10BA9000001270473006002010B5044650B16368AC
:10BAA00013F0685F05D0064A934202D0002362601B
:10BAB000236010BD034B04485B689847EFE700BF65
:10BAC0002C5F5CA930060020D0630200C8B1436837
:10BAD0000D4A934213D013F0685F0ED0012350E853
:10BAE000002F194640E8001C9CF0000FF7D1012AF6
:10BAF000F5D0BFF35F8F00207047044870470448BB
:10BB000070476FF4E04070472C5F5CA9E98FFFFF3E
:10BB1000EA8FFFFF034680B1426809498A420AD092
:10BB200012F0685F05D0BFF35F8F002210461A60E5
:10BB3000704704487047044870476FF4E04070470E
:10BB40002C5F5CA9E98FFFFFEA8FFFFF10B5044669
:10BB500020B10023034A2360626010BD0248FFF752
:10BB600071FFF6E73A00003AF863020070B5194C2D
:10BB7000D0F804C00668C4F804C0D0F808C0C06893
:10BB8000C4F808C0E06026600868134B134D1860C5
:10BB90004868D5F818215860886812F0685F986086
:10BBA000C8680969D860196112D000230C4A05F5EC
:10BBB0008A70C5F81431C5F8B831C5F81821C5F830
:10BBC000BC21B047236805F5DC70BDE8704018471C
:10BBD00070BD00BF4C06002038060020F8920020FF
:10BBE0002C5F5CA908B500F011F830B900F010F82E
:10BBF00038B9054AC2F80C0A08BD00F037F803202E
:10BC000008BD042008BD00BF0050845000207047CC
:10BC100010B5114800F048F800B110BD0F4800F011
:10BC200043F80028F9D10E4C204600F03DF80028DA
:10BC3000F3D10C4B0C481C6000F036F8014600288C
:10BC4000EBD100F02DF8044608B1204610BD00F0FD
:10BC50003FF82046FAE700BF8C0600208806002047
:10BC6000840600207C0600208006002008B50848D5
:10BC700000F024F8074800F021F8074800F01EF80B
:10BC8000064800F01BF8BDE8084000F00BB800BF04
:10BC90008C060020880600208406002080060020F4
:10BCA00000207047704700BF08B5034B02681B684F
:10BCB00010689847002008BD4C06002008B5034BCB
:10BCC00002685B6810689847002008BD4C06002099
:10BCD00070B5094C094D2069AB68984718B1084BFD
:10BCE00008485B6898470021074AEB6811602069A3
:10BCF000BDE87040184700BF380600204C06002001
:10BD0000300600201C640200F49200200CB430B510
:10BD100089B005460C461C22002101A809F089FBC8
:10BD2000022305958DF806300D4B029323462CB166
:10BD3000B4F1004F28BF4FF00043013B1D440DAA52
:10BD40000C9901A80695009200F092F814B1059B99
:10BD500000221A7009B0BDE8304002B0704700BF41
:10BD6000B15402000EB470B589B005461C22002102
:10BD70000DAC01A854F8046B09F05BFB012301A88A
:10BD8000224631468DF80630054B05950393009405
:10BD900000F0C8FA09B0BDE8704003B0704700BFBA
:10BDA0009D540200242AF0B5044601D8012A40D14E
:10BDB0002E4B162209F09EFB1A5001B10C60002098
:10BDC000F0BD2F463D4615F8010B2028F9D0A0F113
:10BDD00009060346042EF4D92B282CD02D282CD16B
:10BDE0000126BD1C7B78302B2DD1287840F0200017
:10BDF000782824D132F0100021D16B782C46102203
:10BE000002350020392B82BF03F1FF3343F02003BA
:10BE1000263B303B9A421AD9A0FB02040CB9C01849
:10BE200001D346F002062F462C4617F8013B3D464B
:10BE3000E8E70746C6E70026D3E70026D3E7002A4F
:10BE400008BF0822DDE7002A08BF0A22D9E701B1AE
:10BE50000C60F20748BF4042B307B1D5034B222222
:10BE600009F048FB1A504FF0FF30A9E70C00000022
:10BE70002DE9F04F43688DB01546804602938378D4
:10BE80009A0740F10D8100240E78002E00F00A81FF
:10BE9000252E0BD04B1C0393013441463046029BA8
:10BEA00098470028C0F2F6800399EDE74E788B1C86
:10BEB000252E0393F0D00027B946BB46BBF11F0FD8
:10BEC00038D8A6F12003102B0AD8DFE803F02A099E
:10BED00009300909092109090928092D09091F0043
:10BEE000A6F13003092B33D92A2E37D11BF0400F8E
:10BEF00055F8043B40F08280002BA7BF4BF0200B8D
:10BF00009946C3F100094BF0280B01E04BF0010BFF
:10BF1000039B13F8016B0393002ECFD130E04BF05D
:10BF2000020B4BF0040BF3E74BF0080BF0E74BF080
:10BF3000100BEDE7BBF17F0F19D8A6F13003092BE9
:10BF4000D2D81BF0400F03D00A2101FB0737DFE7EF
:10BF50000A214BF0200B01FB0939D9E72E2E06D11F
:10BF60001BF0400F40F09E804BF0400BD0E76C2E52
:10BF700031D02BD8682E36D06A2E3CD04C2E3AD0F9
:10BF8000002F46F02003B8BF2BF04002A3F165015B
:10BF9000BCBF00271FFA82FB022901D9612B2FD1D8
:10BFA00007350727DFF8ACA225F0070508351BF099
:10BFB000080F66D00AEB070B56465E4563D1A4EB2B
:10BFC0000A0AA9EB070906EB0A026FE1742E9FD05B
:10BFD0007A2E9DD0D4E71BF0800F18BF4BF4007B66
:10BFE0004BF0800B94E71BF4807F18BF4BF4007B71
:10BFF0004BF4807B8CE74BF4207B89E71F4687E777
:10C00000A6F16301122900F2F080DFE811F01300BD
:10C010004F00EE00EE00EE00EE004F00EE00EE00EE
:10C02000EE00EE00EE00FE00E900EE00EE001B0068
:10C03000EE00AF0055F8043B01270DF1180A8DF80A
:10C040001830B4E755F804AB834BBAF1000F08BFC2
:10C050009A461BF0400F504614BF39464FF0FF314F
:10C0600000F0D7FD0746A2E741462020029B9847F3
:10C0700000280FDB013EB742F6D34C44B146A41B67
:10C0800098E74E46F7E7414616F8010B029B9847A2
:10C09000002892DA98F8023043F0040388F802305E
:10C0A0004FF0FF3420460DB0BDE8F08F1BF0800F3D
:10C0B00034D01BF4007F2CD0073525F00705AA46A5
:10C0C00069685AF8080B2BF010050029ADB237DA71
:10C0D000404245F4806561EB41010DF1180B0A23E4
:10C0E0005A4609F0E9F8A0EB0B0301936B0662D501
:10C0F000019B25F001019F4289B240F3A180002EEF
:10C1000000F0998015F0100240F09C80BB460D466F
:10C1100023E0AA465AF8040BC117D4E7AA461BF439
:10C12000807F5AF8041B01D10846F5E71BF4007F15
:10C1300019BF48B241F3C01108B241F3C031C2E7A0
:10C1400050EA0103C9D11BF0400FC6D0002FC4D163
:10C150002BF01102BB46019795B240F2064115EA59
:10C1600001021CBF0BF1010B00222CE02BF010028E
:10C170000A231FFA82FB1BF0800C49D01BF40071CC
:10C1800015BF0735AA4625F007055AF8040B1EBF50
:10C19000AA4669685AF8080B50EA010545D12BF008
:10C1A00016051BF0400FADB242D0002F40D12BF04E
:10C1B0001702019795B215F0100248D0019B002E8E
:10C1C00042D103F1010B29075AD4EB0706D5D94513
:10C1D0006FDDA9EB0B030199CB465F185B4649E085
:10C1E0004BF0100B10237826C5E7782B04D1C6F14D
:10C1F000780343F01003BEE741462520029B984791
:10C200000028FFF647AF023447E608230026B2E7CE
:10C21000AA461BF480715AF8040BBDD01BF40071C0
:10C220001ABFC0B2614680B2B6E72BF0060295B2E3
:10C230000DF1180B54E725F01105BB46ADB28CE7A4
:10C240000D46B8E73B460D4603F1020BBBE7DDF8B0
:10C2500004B082E7F6700500EF700500CDE9043206
:10C2600041462020029B98470028FFF613AF049B0D
:10C27000059A01339945F1DCA4EB0B019B46CC18E0
:10C280000AB341463020029B98470028FFF602AFD0
:10C290008EB901342744391B019B994224DC1D4689
:10C2A00055BB019AA9EB0B0955462244144691440B
:10C2B00033E0019F92E7023441463046029B9847A3
:10C2C0000028E7DAE6E640F206410D42E2D015F03A
:10C2D000020F04F10104414614BF2B20202015F465
:10C2E000806F18BF2D20E9E741463020029B0134C2
:10C2F00098470028CFDACDE606AB013D4146585DB0
:10C30000029B98470028CBDAC4E641462020029BD6
:10C31000013498470028FFF6BDAEA9EB0403002BBB
:10C32000F3DCC1E52DE9F04F8046002091B0824654
:10C33000029207900D4615F8014BACB1202C17D096
:10C34000A4F10903042B13D9252C17D007A94046C3
:10C3500009F008F8031EC0F2FF80DBB2A3420BD045
:10C3600007AA414609F01EF8504611B0BDE8F08F0B
:10C3700007A9404609F021F82946DBE74C788D1CD7
:10C38000252CE3D02A2C21D1CD1C8C7801264FF00E
:10C39000000906E00A2246F0020615F8014B02FBEE
:10C3A0000939A4F13003DBB2092BF3D916F0020FDF
:10C3B00008BF4FF0FF396C2C35D009D8682C26D037
:10C3C0006A2C3ED04C2C37D034B9CDE70026DEE7BE
:10C3D000742C33D07A2C31D02146A54809F031F89D
:10C3E0000028C1D016F001030CBFDDF808B000270B
:10C3F000039304BF5BF8047BCDF808B06E2C23D107
:10C40000079A00233846009608F0B6FFB4E72C7868
:10C41000682C03D046F020060135D5E746F03006FB
:10C420006C780235D0E72C786C2C02D046F00406EC
:10C43000F2E746F00C06F3E746F00C0615F8014B60
:10C44000C2E746F00806F9E7632C18D116F0020F90
:10C4500008BF4FF0010907A9404608F083FF0028F4
:10C460007ADB0FB107F8010BB9F10109F3D1039B96
:10C47000002B81D10AF1010A5FFA8AFA7CE75B2C72
:10C480007FD1202200210DEB020008F0D2FF002214
:10C490004FF0010C16461146144615F8013B002BCF
:10C4A00054D05E2B03D1F2B901240132F5E7A24248
:10C4B00019DD5D2B1FD02D2B15D1C1B110A803F0B4
:10C4C0000701B34200EBD3000CFA01F110F820ECA5
:10C4D00041EA0E0100F8201C0BD034BF013303F1F8
:10C4E000FF33DBB2EAE7002908BF1E46E6E7012179
:10C4F000DBE70021D9E729B19DF8253043F020037F
:10C500008DF825304CB120230DEB03021178013B4F
:10C510006FEA010102F8011BF8D1012407A9404686
:10C5200008F020FF031E10DBC3F3C401DAB203F0EE
:10C5300007034031694411F8201C41FA03F3D9077D
:10C5400011D407AA414608F02DFFA4B198F8023093
:10C5500013F00C0F3FF408AFBAF1000F14BF5046B0
:10C560004FF0FF3001E70FB107F8012BB9F10109D6
:10C570004FF00004D2D1002F3FF479AF00233B707D
:10C5800075E707A9404608F018FF0028E4DB6F2C88
:10C5900054D035D8642C53D0693C18BF01242401F1
:10C5A00007A9404608F0DEFE2B2803D02D280AD12B
:10C5B00046F04006B9F10109C8D007A9404608F085
:10C5C000D1FE0028C2DB30286DD1B9F101020492FE
:10C5D00006D007A9404608F0C5FE0028049A31DAC3
:10C5E0004FF00009CB46730603D5D9F100096BEB78
:10C5F0004B0B4A465B463846009608F0BDFE36E7D0
:10C60000732C0AD0752C0CBF0A241024C8E70FB174
:10C6100007F8010BB9F10109ADD007A9404608F0B0
:10C62000A1FE0028A7DB202803D0A0F10903042BDA
:10C63000EDD807AA414608F0B5FE9CE70824AFE70D
:10C640000A24ADE740F0200346F08006782B11D194
:10C6500034F0100311D1B9F102020492C0D007A93D
:10C66000404608F07FFE0028049AB9DB102404E05D
:10C67000FE700500002C08BF08244FF00009CB46CF
:10C680003928014682BF00F1FF3141F020012639EF
:10C6900030398C420CD807AA414608F083FE320696
:10C6A0007FF554AF9FE74A46002CE6D10A24E4E721
:10C6B000A4FB099046F0800611EB090904FB0B006E
:10C6C00040F1000B013ACDE904228CD007A9404685
:10C6D00008F048FE0028049AD2DA84E77047F8B5DB
:10C6E0000F4616461D4608F0D1FD0446A8B138464F
:10C6F000E3F7ACFE2118084602461378013013F028
:10C70000DF07F9D16C1E521A944228BF14463046F6
:10C71000224608F067FE375534462046F8BD10B56E
:10C720000C4658B151B1132103F0A9FD18B120F006
:10C730000800803002D123680133236010BDFEF76A
:10C7400027BE012802D0022818BF0020EAF7DABE6F
:10C75000006870470B78BBB90378FF2B16D142787D
:10C76000032A13D943681878FF280FD15878FF2877
:10C770000CD19878422809D1042A4FF0010002D048
:10C78000DB78532B03D008700020704701207047DE
:10C790000378FF2B14D14278032A11D94368187803
:10C7A000FF280DD15878FF280AD19878422807D160
:10C7B000042ADB7801D0532B02D000200B70704785
:10C7C0000120704708B508F008FC4FF47A72A0FB0E
:10C7D000020302FB0131C00B40EA4140C90B08BD16
:10C7E00010B502780B46083A012A0CD84478416803
:10C7F0001F2C28BF1F241846224608F0F3FD0346CD
:10C800000020185510BD0120FCE72DE9F0410E462F
:10C810009046054660B11046E3F718FE044638B16D
:10C82000B04205D8002714FA87F39E42B8B202D26C
:10C830000020BDE8F08122464146284408F0BFFCB4
:10C8400001370028EFD10120F3E70378FF2B16D141
:10C850004378162B13D943681A78FF2A0FD15A78D8
:10C86000FF2A0CD19A78422A09D1DA78532A06D1C4
:10C870009B7D5A1E072A02D800200B7070470120AA
:10C8800070470378FF2B13D14378052B10D94368E9
:10C890001A78FF2A0CD15A78FF2A09D19A78422AAD
:10C8A00006D1DA78532A03D09B8800200B8070478A
:10C8B00001207047E8F76CBC704708B1E8F706BE86
:10C8C0006FF015007047006870470B78FF2B11D18F
:10C8D0000378FF2B10D14378032B0DD943681A78C6
:10C8E000FF2A09D15A78FF2A06D19A78422A03D121
:10C8F000DB780B7000207047012070477047FDF710
:10C90000ABBF08B508F069FB4FF47A72A0FB0203D5
:10C9100002FB0133C00B40EA434008BD30B5054679
:10C9200000242A5D085D92B100B930BDA2F1410337
:10C93000192B0346A0F1410098BF2032192898BF57
:10C940002033934201D10134EBE70020EDE7B0FA48
:10C9500080F04009E9E710B50C4658B151B11321F8
:10C9600003F08DFC18B120F00800803002D123685C
:10C970000133236010BD10B502780B46083A012A36
:10C980000CD8447841681F2C28BF1F241846224623
:10C9900008F028FD03460020185510BD0120FCE7D3
:10C9A00030B50D4600293DD004783F2C04F01F011E
:10C9B00014D817290ED800200124C2E90010002045
:10C9C0001C6030BDA1F11904022C0AD8DFE804F084
:10C9D0000F182000A1F11804032CF3D96FF04C00BC
:10C9E000EFE7012D21D0417802240020E5E7022D58
:10C9F0001BD9B0F80110032449BA002089B2DCE742
:10CA0000042D12D9D0F801100524002009BAD4E76A
:10CA1000082D0AD9D0F80140D0F8051020BA09BA7B
:10CA20000924CAE76FF01500CBE76FF07900C8E77B
:10CA30000122002108F075B80378FF2B13D1437849
:10CA4000052B10D943681A78FF2A0CD15A78FF2A8F
:10CA500009D19A78422A06D1DA78532A03D09B88E2
:10CA600000200B80704701207047FEF791BC014603
:10CA700040F2E73008B500EBC13000234FF47A7282
:10CA80004914E3F769FBBDE80840FFF7EEBF30B596
:10CA9000026A0346D2E9014084424FF0000002D30B
:10CAA0000123D36030BD18745068242501305060D4
:10CAB000186A4268541E0268184605FB04225C1975
:10CAC00050F8045BA04242F8045BF9D10120996060
:10CAD000E8E7F0B5064604468BB001AD0F46944634
:10CAE0000FCE0FC50FCE0FC5216A33684A682B6081
:10CAF0002068A56822B90223CB6000200BB0F0BDEE
:10CB0000FB0713D524260B68013A06FB02337E0788
:10CB100003D41A7C0AB10F23EEE7224603F1240165
:10CB200053F8046B8B4242F8046BF9D1B90741BF4B
:10CB3000226A536803F1FF335360AC4505D2236A80
:10CB4000002BDAD00422DA60D7E77A0748BF2060EA
:10CB50003B0701D40120D1E7143406AB93E807006A
:10CB600084E80700F6E710B502601A44029B012929
:10CB700083604FF00003C26003740375836101D8C2
:10CB8000036210BD24224A43243A8418046283506D
:10CB9000026A8C1E94600124026A02295360026AB0
:10CBA000D360026A1474026A53741EBF036A24308D
:10CBB0001860E6E7182871F100030ED3B0F5807F06
:10CBC00071F100030BD3B0F5803F71F1000308D37E
:10CBD000002914BF0920052070470120704702205A
:10CBE00070470320704737B50024002508290A46FE
:10CBF000CDE900450AD80146684608F0F3FBDDE9B7
:10CC0000000103B0BDE83040FFF7D4BF002003B0FF
:10CC100030BD03460020884200D170471A5C002ACC
:10CC2000FBD00130F7E700B1C160704770B5054631
:10CC30000E46104619461446FFF7D5FF22463146E8
:10CC4000431E2846BDE87040EEF720B8F8B51746F9
:10CC5000C368026804469A420D4606D30821206A3A
:10CC6000FFF7E1FF00263046F8BD9B1A4A689A425A
:10CC7000F4D80E4656F8043B53B104213046FFF772
:10CC8000B2FF6A6823681344E26803449A42E5D31A
:10CC90003246042339462046FFF7C8FF06460028DF
:10CCA000E0D020682968884202D06A6808F0A7FBB3
:10CCB00023686A6813442360D5E737B501910021E2
:10CCC00004461546FFF7E3FE10B9002003B030BD5F
:10CCD0000423294620460DEB0302FFF7A7FF002897
:10CCE000F3D0A368013BA360F0E72DE9FF41019178
:10CCF00004218368042A18BF5B08044606680DEB0C
:10CD0000010017460393FFF76EFF0421054603A8B1
:10CD1000FFF769FF4FF0FF32804603212046FFF7FF
:10CD2000D8FE40B16B1E08F1FF32934208D20421B5
:10CD3000206AFFF778FF0027384604B0BDE8F0818D
:10CD400039460423204603AAFFF770FF0746002850
:10CD5000F1D0454509D02068A5EB08010144761AB9
:10CD6000324608F04CFB23681E442660E4E7134675
:10CD70000A460021FFF75ABF07B5042201910DEBC7
:10CD80000201FFF7F4FF03B05DF804FBFFF7F4BF07
:10CD90000222FFF75BBF0322FFF758BF07B5CDE9BB
:10CDA00000126946FFF7F4FF03B05DF804FB07B516
:10CDB000CDE900126946FFF7EEFF03B05DF804FB12
:10CDC0000522FFF77ABF0522FFF78FBF10B50A468D
:10CDD00009781839072905D9BDE810400123072132
:10CDE000FFF724BF1521006AFFF71DFF002010BDCB
:10CDF00007B514318DF807100DF10701FFF7E6FFB5
:10CE000003B05DF804FB1FB50024CDE90144069C86
:10CE10000094FFF7A8FE04B010BD00B1C1607047D8
:10CE200043680360836801338360006AFFF7F5BFDE
:10CE300008B50268C3689A4205D3006A0821FFF763
:10CE4000ECFF002008BD0120FCE738B504460D4684
:10CE5000FFF7EEFF40B123681B78B5EB531F04D0FA
:10CE60000A21206AFFF7D9FF002038BD10B504461B
:10CE7000FFF7DEFF38B123681A78FF2A05D00A21B0
:10CE8000206AFFF7CAFF002010BD01332360FBE7D3
:10CE900010B5027D044632B1FFF7E8FF48B1002328
:10CEA0004FF0FF3223752046BDE810400721FFF701
:10CEB00010BE10BD2DE9F84F04460E4691461D46A2
:10CEC000FFF7B6FF804628B1A36843B90321206A63
:10CED000FFF7A3FF4FF000084046BDE8F88F226837
:10CEE000177807F01F0BBBF11F0F12D12DB3206A6B
:10CEF00008B1037C0BB11521EAE701232B70002553
:10CF00002368013563602B442360A368013BA36061
:10CF1000E2E7BBF1170F14D9ABF11803D9B203291B
:10CF20000BD801259D40A94509D3E36805F1010A05
:10CF30005244934207D20821C9E70721C7E70521D8
:10CF4000C5E70025F1E74A460021304608F071FAAE
:10CF500015B986F800B0D2E72268711E531913F88C
:10CF600001099A4201F8010FF9D1236A13B11B7C20
:10CF7000002BC5D00737FFB2022FC1D94946304632
:10CF8000FFF731FE8245BBD01521A0E738B50C462E
:10CF900011460546FFF759FF08B9002038BD0422A5
:10CFA00000232846A118FFF785FF0028F5D02B683D
:10CFB0002360F3E7002337B504468DF80330FFF70D
:10CFC00044FFA8B1042220460DF103030DEB02013A
:10CFD000FFF770FF60B19DF8035065B901992046D5
:10CFE000FFF755FD50B963682360A3680133A36060
:10CFF000002003B030BD6FF00F01F0E72575F8E7B2
:10D0000038B504460D46FFF7C1FF48B12268E36812
:10D010009B1A6A689A4204D908212046FFF700FF4C
:10D02000002038BD38B504460D46FFF7E9FF18B1BA
:10D0300023686A681344236038BDF8B505460C467A
:10D040001646FFF7F5FE48B12B681B783F2B4FEAD9
:10D05000531705D90A21286AFFF7DFFE0020F8BD23
:10D060000023324621462846FFF724FF0028F5D04A
:10D07000A21912F9013C5EB1002B09DB012FEED1A0
:10D0800021460B78DB4301F8013B9142F9D1E6E7F9
:10D0900005212846FFF7C4FEE0E70422FFF7CDBFD5
:10D0A00070B50D46002104461646FFF7CEFE38B196
:10D0B000324629462046BDE870400023FFF7FABEFD
:10D0C00070BD0422FFF7ECBFFFF7FBBF0322FFF7A1
:10D0D000A9BF10B505210446FFF76CFF50B1237DB1
:10D0E0004BB96FF00042A368934205D30521204657
:10D0F000FFF796FE002010BD5B00A360FBE7037DF9
:10D1000023B98068B0FA80F0400970470368C268AC
:10D11000934205D21878A0F1FF0358425841704756
:10D1200000207047FFF7B4BE38B50D46062104460F
:10D13000FFF78BFE08B9002038BD002304222946E2
:10D140002046FFF7B7FE0028F5D0A3680133A3609F
:10D15000F2E7F0B58FB00446FFF76AFE00285DD015
:10D16000236800221D780023CDE9022323466D09A0
:10D1700005AA04F12007164618685968083303C643
:10D18000BB423246F7D118683060062D1CD02A1FEA
:10D190000023012A4FF008028DF804300DEB020144
:10D1A00098BF01AB05A8FFF785FE0646002835D0DD
:10D1B000042D3BD019D8023D012D21D9059B2360B8
:10D1C000A368013BA3602AE001A905A8FFF7ACFF13
:10D1D00020B3059B089A934204D30821206AFFF7E5
:10D1E0001CFE1BE01D786D09CFE7052DE6D1DDE9BA
:10D1F0000232B3F1004F72F1000113D32946EDE77B
:10D20000E3682168029A5B1A9A4203D8059B13448B
:10D210000593D3E708212046FFF702FE002630469B
:10D220000FB0F0BDDB185241CDE902329DF8045039
:10D2300025B16FF00F020023CDE90223029B8DF888
:10D240002850079305A8FFF75AFF014638B1002D73
:10D25000B4D005A8FFF70AFE0028AFD1DEE705A885
:10D26000FFF777FF0028EDD1D8E7FFF77CBC2DE969
:10D27000F04F85B005460E4690461F46FFF729FF42
:10D2800020B96FF04C0005B0BDE8F08F4FF01409E5
:10D29000002334464FF0010A09FB08693B60284629
:10D2A00002A9FFF713FFDDE90232009368BB2846AD
:10D2B000FFF738FF0028E4D00020E4E7A14598BF3D
:10D2C000344661688A4214D121680098019207F0BF
:10D2D00076FF019A68B9237CD3B9D4E90231284694
:10D2E0009847C0B184F810A03B68143401333B6008
:10D2F000D5E714340BF1010BD845DFD100212846C6
:10D30000FFF727FF0028CAD1D1E74FF0000BF3E762
:10D310006FF06F00B7E76FF02200B4E7F8B51423A1
:10D32000044603FB0106154603469E4207D82846DD
:10D33000E3F78CF80746A64208D8002003E01A68F5
:10D34000AA4201D1187CF8BD1433EEE76368BB42F2
:10D3500007D13A462846216807F031FF08B9207CFA
:10D36000F1E71434E7E7836800EBC101B3F5004F40
:10D370002CBF51F8220031F81200704700EBC101B8
:10D380008068B0F5004F2CBF41F8223021F81230F0
:10D390007047012208B5FFF7E6FFD04008BD83685B
:10D3A00000EBC101B3F5004F08D34B681AB143F04D
:10D3B00001034B60704723F00103FAE74B881AB171
:10D3C00043F001034B80704723F00103FAE7530059
:10D3D0000122FFF7D3BF8368B3F5004F34BF0423A6
:10D3E0000823C91A081AC0087047B0F5004F34BFA7
:10D3F00004230823481C0833A0EBD300B0FA80F0C4
:10D40000C0F11F0070472DE9F041174603220E4678
:10D410000446FFF7A8FF8642054607F104080AD133
:10D420000122E368BA4023EA0203E360002344F8E0
:10D430002830BDE8F081314602222046FFF793FFF5
:10D4400006462B4601460322204644F82850FFF7A3
:10D4500095FF334629462046BDE8F0410222FFF7FA
:10D460008DBF70B50D4686680446FFF792FFB6F58E
:10D47000004F014601D3012809D03046FFF7B5FF20
:10D48000294602462046BDE87040FFF7BCBF70BD8C
:10D490002DE9F04705468068FFF7A7FF05EB800AF6
:10D4A000DAF8109088460646B9F1000F1BD0032722
:10D4B000DAF8104028462146FFF76BFF404507D3B6
:10D4C000324621462846FFF79EFF2046BDE8F087FA
:10D4D000032221462846FFF746FF013FCAF8100005
:10D4E00001D08145E4D14FF0FF34EB680136B44000
:10D4F0001C40EAD094FAA4F2B2FA82F2131D55F855
:10D500002340DEE72DE9F04114460E460546FFF7BD
:10D5100040FFA4EB0608371B074442463146284625
:10D52000FFF755FF3A4621462846FFF750FF43468E
:10D53000002221462846FFF721FF21462846FFF713
:10D5400028FF3B46211800222846BDE8F041FFF79E
:10D5500015BF2DE9F041164604460F46FFF719FFA7
:10D56000314605462046FFF714FF05442A46394652
:10D570002046FFF72CFF31462046FFF70AFF2B46D7
:10D58000311800222046BDE8F041FFF7F7BE2DE933
:10D59000F0410D4686680446FFF7FBFEB6F5004FE6
:10D5A000014601D3012832D03046FFF71EFF04EBBD
:10D5B00080010E6996B90122E36882401343E3605B
:10D5C00002220D612B4629462046FFF7D7FE032293
:10D5D00029462046BDE8F041FFF7D0BE0222314681
:10D5E0002046FFF7C0FE0746034629462046FFF7C0
:10D5F000C5FE0322334629462046FFF7BFFE3946C3
:10D600002B462046FFF7BAFE02223146E1E7BDE88D
:10D61000F081F8B50C460546FFF7BBFE261801223F
:10D6200031462846FFF79FFEC3070CD431462846F3
:10D63000FFF717FF21462846FFF7ABFE21462218C9
:10D640002846FFF786FF002221462846FFF78BFE7B
:10D65000271A012239462846FFF785FE10EA0206FE
:10D6600013D139462846FFF7FCFE214632462846AC
:10D67000FFF779FE2246211A2846FFF76AFF214666
:10D6800032462846FFF76FFE241A21462846BDE899
:10D69000F840FFF77CBF38B571B105680022284615
:10D6A000FFF799FE044601462846FFF778FE21461B
:10D6B000BDE83840FFF7ADBF38BD70B5066809B9A1
:10D6C000002070BDB368B3EBD10FF9D9B3F5004FAB
:10D6D00034BF04230823CC1D1C44E40821463046F3
:10D6E000FFF7D6FE05460028EAD001463046FFF790
:10D6F00050FEA04209D92C44294630462246FFF765
:10D7000001FF21463046FFF742FF304601222946FD
:10D71000FFF745FEB368B3F5004F34BF0423082379
:10D7200003EBC5031844CCE72DE9F843066814461B
:10D73000B26801F1FF39B2F5004F34BF042308236A
:10D7400019EA01090F460BD0494239408B424F4636
:10D7500028BF0B46894654B900252846BDE8F88302
:10D760009942F8D82146BDE8F843FFF7A6BFB2EBCF
:10D77000D40FF1D9B2F5004F34BF04220822E11DC5
:10D780003944C91A11443046C908FFF781FE804662
:10D790000028E1D0B36809EBC005B3F5004F34BFF2
:10D7A000042308231D4435447B1E1D44B5FBF7F5B7
:10D7B0007D43A5EB090529463046FFF70CFE2C44B6
:10D7C000073424F00704A41B804507464FEAE4040D
:10D7D00008D2024641463046FFF794FE41463046A5
:10D7E000FFF7D5FE39463046FFF7D3FD3844844273
:10D7F00008D2394630462246FFF784FE214630469D
:10D80000FFF7C5FE012239463046FFF7C8FDA4E701
:10D81000B2F5802F2CBF082304232DE9F041002608
:10D82000D21A8C18CD1D25F0070524F00704641BBF
:10D83000E408056021462046AC60EE60FFF7D5FDA8
:10D84000421D9200013002F107074FEAD707314627
:10D85000A2F1100205F11000B8BF324607F0E9FD51
:10D860003A4631462846FFF7B2FD33463246314646
:10D870002846FFF783FDA4EB07082846314601221E
:10D88000FFF78DFD42463946FFF7A1FD3B46324684
:10D8900039462846FFF772FD21462846FFF797FDD7
:10D8A0004346324621462846FFF768FD2146284672
:10D8B0000122FFF774FD3946BDE8F041FFF767BE6E
:10D8C000002070470FB407B504A951F8040B01916B
:10D8D000EDF71AFA03B05DF804EB04B070470FB42B
:10D8E00007B504A951F8040B0191EDF70DFA03B047
:10D8F0005DF804EB04B07047F0B5642305460426D8
:10D9000000200A2769B9F0BD9A42B2FBF3F40CD2A9
:10D91000012B0AD048B903FB14220A24B3FBF4F309
:10D92000D2B2013EF0D12E70EDE7303405F8014B54
:10D93000B2FBF3F403FB1422B3FBF7F3013901301C
:10D94000C9B2C0B2D2B2DBB2DCE7A0F13003DBB2C5
:10D95000092B02D800200B707047A0F16103052B42
:10D9600002D85738C3B2F5E7A0F14103052B01D81F
:10D970003738F7E76FF015007047F7B5054601F047
:10D98000010000EB51069E424FEA510703D90026E1
:10D99000304603B0F0BD58B128780DF10701FFF70C
:10D9A000D4FF0028F3DB9DF80730013502F8013B76
:10D9B00001351744BA42EBD015F8010C0DF10701FF
:10D9C000FFF7C3FF0028E2DB9DF807402401E4B223
:10D9D000147015F8020BFFF7B8FF0028D7DB9DF88D
:10D9E00007301C4402F8014BE4E7002203680BB93E
:10D9F000184670478B4210D10B6842B942680360E9
:10DA0000914200D14360002301200B6070471360F6
:10DA10004368994208BF4260F5E71A461B68E6E78B
:10DA2000038B13F0070305D10368002B0CBF002004
:10DA300003207047022B05D1408BB0FA80F04009DB
:10DA400080007047012B05D10368002B0CBF00201C
:10DA5000052070470020704710B50C4600B111B981
:10DA60006FF0150010BD081D00F0D2F80028F9D1A4
:10DA7000A368032BF6D9F3E72DE9F0410D460746DD
:10DA80001946281D90461E4600F0D6F8044638B1C7
:10DA90003346424629463846A446BDE8F041604731
:10DAA000BDE8F08110B4EFF31182202484F31288D2
:10DAB000BFF36F8F416110BC0121EDF76DB938B52F
:10DAC0000C46054658B151B10B6843B14B6833B1B0
:10DAD0001C22002107F0ADFC00202C6138BD6FF046
:10DAE0001500FBE770B505460E46FFF7B5FF041EAF
:10DAF00014DBEFF31182202383F31288BFF36F8FBF
:10DB00004FF6FF716B8B2C8B8B4204F0070407D10F
:10DB100082F31188BFF36F8F6FF00A04204670BD47
:10DB2000022C0CD101336B8382F31188BFF36F8F0A
:10DB30000023224631462846FFF79EFFEEE7062CDB
:10DB400014D8DFE804F004131313041A04000023AC
:10DB500033606B683BB9C5E90066ACB90221284661
:10DB6000EDF71AF9DAE71E606E60F6E782F31188C6
:10DB7000BFF36F8F6FF00404D0E782F31188BFF317
:10DB80006F8F6FF08504C9E782F31188BFF36F8F41
:10DB9000C4E710B5EFF31182202383F31288BFF39B
:10DBA0006F8F048B04F00704022C0AD0012C0CBFE9
:10DBB0006FF004006FF0850082F31188BFF36F8F60
:10DBC00008E0438B013B9BB2438323B92146EDF729
:10DBD000E3F8204610BD2046EEE738B5A8B1A1B164
:10DBE000EFF31185202282F31288BFF36F8F048B2D
:10DBF000FFF7FBFE30B104F0070085F31188BFF397
:10DC00006F8F38BD6FF07700F7E76FF01500F8E71A
:10DC1000034640B1426802F00302022A06D0032AFA
:10DC200004D0012A05D06FF0150070471A68002A49
:10DC3000F9D000209860704710B54268034602F0A2
:10DC40000302022A4FF00004816007D0032A02D0A9
:10DC50005C60002001E018685C6010BD18685C60C2
:10DC60000028F6D0FDF772FEF3E79446F0B50446BF
:10DC7000C369C66845684069AF1B281A1A1ABB42B7
:10DC80009CBFFF1AF618624528BF6246D81B904217
:10DC900028BF10462368AD1B2B440B606368034408
:10DCA0006360F0BDD0E90123D21A8A420CD3194433
:10DCB000C368C269C0E90111C91A8A4201D90020AA
:10DCC00070471344C360FAE76FF0150070472DE901
:10DCD000F34180460E46154600272A4601A94046D4
:10DCE000FFF7C3FF044602463146019807F07AFB6E
:10DCF0002D1B2744264401D0002CEED13946404646
:10DD0000FFF7D0FF384602B0BDE8F081F0B5044619
:10DD1000944686690569A368C069AF1B5A1BB8425F
:10DD20009CBF36183F1A624528BF6246C01B90420E
:10DD300028BF10462368AD1B2B440B6023690344A6
:10DD40002361F0BDD0E90423D21A8A420CD31944CE
:10DD5000C0E90411D0E90632C91A8A4201D900206B
:10DD6000704713448361FAE76FF0150070472DE99F
:10DD7000F34180460D46164600273246404601A92B
:10DD8000FFF7C4FF04462DB102460199284607F06B
:10DD900029FB2544361B274401D0002CEDD1394600
:10DDA0004046FFF7CFFF384602B0BDE8F08170472C
:10DDB00020B183682BB11B6833B118476FF0150091
:10DDC00070476FF0040070471846704720B18368B1
:10DDD0002BB15B6833B118476FF0150070476FF0D7
:10DDE000040070471846704730B450B149B142B191
:10DDF000846854B1E56845B141F8040BE36830BC70
:10DE000018476FF0150030BC70476FF00400FAE758
:10DE100010B5044650B1006858B1836863B11B69FE
:10DE200053B16168984700B9206010BD6FF01500CC
:10DE3000FBE76FF00100F8E76FF00400F5E730B49E
:10DE40001346044650B1006860B182686AB19568B3
:10DE50005DB10A46AC46616830BC60476FF01500A2
:10DE600030BC70476FF00100FAE76FF00400F7E78D
:10DE70000369D3F8900370476FF085007047084638
:10DE800008B5114618B106F0A2F9002008BD6FF0E0
:10DE90000100FBE7084608B5114618B106F08EF9F7
:10DEA000002008BD6FF00100FBE713B504460846EB
:10DEB000216901F56371D1E8AF1F022909D15BB176
:10DEC00068B100931346D0E90912FBF7D9FE02B0FE
:10DED00010BD6FF00F00FAE76FF04C00F7E76FF03E
:10DEE0000100F4E72DE9F8431C46DDE90853164626
:10DEF00098460F46006939B34AB344B36A1C43F1EC
:10DF00000003022A73F1000324D2226842B1D0F840
:10DF100090339A4204D96FF00B002360BDE8F88378
:10DF200005EA080909F101035A425A4121463846D7
:10DF300006F056F988B9B8F1FF3F08BFB5F1FF3FC9
:10DF4000F0D06FF06800E9E76FF00100E6E76FF0EE
:10DF50001500E3E76FF08500E0E730600020DDE7C3
:10DF600006F082B938B50D46044600F1480128464E
:10DF7000E2F75AFA30B1284604F1C001E2F754FA48
:10DF800020B90120782303FB004038BD0020FCE7C6
:10DF900002F5367102F53A7006F071BED0F8B03075
:10DFA000A0F53670003B18BF012300EB8300D0F8CA
:10DFB000C40206F0A5B8C86828B1096983681B685F
:10DFC0000BB1002218477047FCF7D8BBD0E8EF3FF1
:10DFD000C0E8E21F002AF9D1704710B54368046910
:10DFE0001B68C4F8883304F5EC7006F0FDFC0021D2
:10DFF00004F56370FFF7EAFF084610BD2DE9F34111
:10E0000017460D4679B30B786BB3D0F8C440A4F52E
:10E01000E27814344FF0FF324FF0FF332046FCF724
:10E0200035FB2A46404601A9ECF7F0FF019E2EB9C8
:10E03000204602B0BDE8F041FFF7C6BF58B1204608
:10E04000FFF7C2FF3B462A463146404602B0BDE8D4
:10E05000F041ECF7B9BF2022294606F1480007F04D
:10E0600005F9B766E4E702B0BDE8F081030103EB10
:10E070004003093323F0030303EBC0034843033099
:10E08000083320F003001844400070472DE9F8439E
:10E0900006464FF001090569D0F8048005F563775D
:10E0A000D7E8EF3F022B03D1C7E8E29F002AF7D160
:10E0B00041D195F86C30002B40D195F8E430002B1D
:10E0C0003CD12846D5F8881300F054F8044680BBAC
:10E0D00073683669D3E9050183681B693BB322463F
:10E0E0009847044628BB06F53A7649463046FCF781
:10E0F000BFFD304605F5F876EFF77EFD3046D8F8DF
:10E10000001000F074F8044698B90146E822304641
:10E1100007F08FF921464FF4F672284607F089F987
:10E1200021463846FFF752FF2046BDE8F8836FF0DE
:10E1300057040221F5E76FF07704F5E76FF00F045D
:10E14000F2E710B50846029B114652B993F86C20CD
:10E150002AB90122184683F86C20EDF747F8002011
:10E1600010BD1A6F5468002CF9D05A6FA047F6E71B
:10E1700006F07AB838B50D46044660B1F03006F0C6
:10E1800014FB0DB1002038BDC4F8C451C4F8C85107
:10E19000C4F8CC51F6E76FF01500F4E70268D2F846
:10E1A000E03013B1D2F8DC1018477047704783692C
:10E1B00013B9D0F88830197070470120704783690F
:10E1C000012B04D1D0F888301878C0B270470420F1
:10E1D000704738B5C41DE400204606F0DBFF054655
:10E1E00018B12246002107F024F9284638BD38B579
:10E1F00004463022002107F01CF91822002104F106
:10E20000BC0007F016F91822002104F1A40007F061
:10E2100010F9D4F8D800FBF7E5FCD4F8D400FBF7EC
:10E22000E1FC002304F13400C4F8A03005F0EAFC5E
:10E23000FBF73CFCE36E04F140050BB12846984720
:10E2400038220021284607F0F4F8002038BD10F0ED
:10E25000700F09D100F07F0310F0800F4FF0010024
:10E2600018BF103398407047002070472DE9F843DD
:10E2700006460F469046994604254B464246394687
:10E280003046F7F749FB10F10B0F044603D1FCF7BA
:10E29000FDFF013DF1D12046BDE8F883006838B1AB
:10E2A00050F8043C04385B688B4201D04068F6E7C4
:10E2B0007047006848B150F8043C04385B685B68FC
:10E2C0009B788B4201D04068F4E7704730B5006816
:10E2D00088B150F8043C04385B681A6A1D7F00233B
:10E2E000043ADCB2A54201D84068F1E7013312F8E4
:10E2F00033408C42F5D130BD08B5EDF7D7FE28B1DB
:10E30000406810F1100F14BF0020012008BD4B1C05
:10E31000DBB28170817680F82530C37600F8061C68
:10E32000704750E90231D0F89C0018470022036979
:10E3300083F84A207047036993F84A0048B193F87C
:10E34000480030B1D3F8902053685169D0695B1A06
:10E35000C01A70470022036983F84B207047036995
:10E3600093F849007047036993F8482012B193F875
:10E370004A202AB993F8490018B193F84B00704726
:10E3800001207047012070470369C3E900127047FC
:10E3900070B504690546D4F88C00FFF7E8FCD4F8A2
:10E3A0008C3006461A699968914204BF002284F8AD
:10E3B000492094F8A0209AB15A685969DB69521A29
:10E3C0009B1A3F2B0CD994F89E3033B16B682246D0
:10E3D0001B6A0021187BEEF755F9002384F8A03062
:10E3E000304670BD012208B5FFF7D2FF013818BFD3
:10E3F0004FF0FF3008BD0020EEF700BA00221146B2
:10E40000EEF7D6B9034610B508460AB100211160EF
:10E4100053B1D0B1411E11F8010F80B113F8014B77
:10E42000A04201D13D28F6D100200EE00133136057
:10E430000AE03D2808D0B0FA80F0400905E01878DD
:10E440002F28F6D1002AF1D1012010BD10B509B155
:10E4500000230B6058B103461A781C4601332AB1D9
:10E460003D2A03D02F2AF7D101B10B60201A10BD2D
:10E470000020704770B50446D0F83401A8B10026DA
:10E48000451EAE4201DD00200FE0721902EBD27290
:10E490005210D01CC30004EBC0000089884201D296
:10E4A000561CEEE702D80433E01870BD551EE8E7AD
:10E4B000002310B50446C0F83431D4F8500110B927
:10E4C000C4F8580110BDD4F8542103689042C4F830
:10E4D000503108BFC4F8543106F055FEEDE703464D
:10E4E00010B5D3E8EF0F00EA0102C3E8E42F002CD7
:10E4F000F7D110BD70B504460D46FFF7D9FF6FF098
:10E50000010104F59C70FFF7EAFFD4F85C319B68C9
:10E510002BB1294662682068BDE87040184770BD7D
:10E5200010B5A0F12C03D3E8AF3FDB070ED5A0F563
:10E53000B274A0F5AE712068F4F73EFE30B120460B
:10E54000BDE810406FF00B01FFF7D4BF10BD10B550
:10E550000446FFF7ADFF6FF0010104F59C70FFF773
:10E56000BEFFD4F85C315B6823B1D4E90001BDE89B
:10E570001040184710BD37B54FF42053002405460E
:10E58000016868468DF80040ADF8023000F014FFD5
:10E5900018B92868083803B030BD42F6010329686D
:10E5A00001A88DF80440ADF8063000F005FF002802
:10E5B000EFD02046EFE737B542F6030300240546C7
:10E5C000016801A88DF80440ADF8063000F0F4FEB3
:10E5D00018B92868083803B030BD2046FBE700684A
:10E5E00070471C307047F7B500F11C0531B1A942E6
:10E5F00003D20025284603B0F0BD0D46002642F6A2
:10E600000307D0F8343100EBC30000F11C040835D7
:10E61000AC42EED9296801A88DF80460ADF8067007
:10E6200000F0CAFE0028F2D1E4E770B505460E46B8
:10E63000002421462846FFF7D6FF044638B1FFF7ED
:10E64000BAFF0168304600F0B7FE0028F1D120463D
:10E6500070BD034600F11C0219B1914202D20020A4
:10E6600070471146D3F8342101F1080003EBC203CF
:10E670001C33984228BF0020704713B5FFF7E9FF0D
:10E68000044618B90024204602B010BD00238DF8BE
:10E69000043042F60303016801A8ADF8063000F02B
:10E6A0008BFE0028EFD1EDE770B5054616460C4607
:10E6B00021462846FFF7E1FF044628B1304621688D
:10E6C00000F07AFE0028F3D1204670BD38B500F581
:10E6D0009C7504466FF002012846FFF700FF830790
:10E6E0000DD504F5B27006F0F5FA2046FFF7E0FE0E
:10E6F0006FF001012846FFF7F2FE002038BD6FF0F1
:10E700007700FBE7F1F7A4BD38B50B6805460C466A
:10E710003BB13822002106F08CFE00202368AB615B
:10E7200038BD6FF01500FBE7104630B4926883895E
:10E73000A0F12404D4E8EFCF2CF0040CC4E8E5CF1A
:10E74000002DF7D144691CB1A44630BC283860477D
:10E7500030BC704710B50C461146A4F110001A46A3
:10E7600079B92181A4F10C03D3E8EF1F21F0020154
:10E77000C3E8E21F002AF7D1236B03B198470020BA
:10E7800010BDA36A13B1BDE8104018470120F7E798
:10E79000024630B598B191B10430D0E8EF3F43F074
:10E7A0000104C0E8E54F002DF7D113F0010009D1B5
:10E7B0000B6893634B68D3638B68136430BD6FF051
:10E7C0001500FBE76FF07700F8E738B50D46AB4270
:10E7D00011461C4604D81A4606F004FE204638BDF1
:10E7E0000024FBE706F025BEC30903EB430303EB5C
:10E7F000C30383EA4000C0B27047CB78027853402D
:10E8000003704B884278534043700A68837883EAE8
:10E81000122383700A68C3785340C370CB7902799E
:10E8200053400371CB884279534043714A688379DE
:10E8300083EA122383714A68C3795340C371CB7A48
:10E84000027A53400372427A4B89534043728A687A
:10E85000837A83EA122383728A68C37A5340C3722D
:10E86000CB7B027B53400373CB89427B5340437382
:10E87000CA68837B83EA12238373CA68C37B5340CD
:10E88000C37370471FB50278C37A8DF800204279B0
:10E890008DF80120827A8DF80220C27B8DF803204A
:10E8A00002798DF80420427A8DF80520827B8DF85C
:10E8B0000620C2788DF80720027A8DF80820427B66
:10E8C0008DF8092082788DF80A20C2798DF80B2006
:10E8D000027B8DF80C2042788DF80D2082798DF81E
:10E8E0000E208DF80F3010236A461946FFF76DFF92
:10E8F00005B05DF804FBF8B5064608780C46FFF74E
:10E9000073FF05466078FFF76FFFA2786378534086
:10E91000E27853405D406840307060782778FFF7B8
:10E9200063FF0546A078FFF75FFFA3785F40E378B9
:10E930005F407D406840707063782778A0785F40C2
:10E94000FFF752FF0546E078FFF74EFFE3785F40A0
:10E950007D406840B0702078FFF746FF62782378EA
:10E960005340A278534080EA0305E078FFF73CFF6C
:10E97000EDB24540F570F8BD70B51446054688B057
:10E98000002849D0002949D0002A49D010230A463E
:10E9900068461946FFF719FF21466846FFF72DFF25
:10E9A000103401F1A0066846EEF7B4FC6846FFF7A4
:10E9B00069FF694604A8FFF79EFF01A905A8FFF7B4
:10E9C0009AFF02A906A8FFF796FF03A907A8FFF779
:10E9D00092FF1023684619460DEB0302FFF7F5FE80
:10E9E000214668461034FFF708FFB442DBD1EEF74A
:10E9F00091FC6846FFF746FF21466846FFF7FDFE9B
:10EA000010236A4619462846FFF7DFFE68461022A3
:10EA10000021FFF7E7FE012008B070BD0846FBE7C4
:10EA20001046F9E70A4610B512F9103B0F30002BDB
:10EA3000ACBF0023872312F8014D83EA44038A42C6
:10EA400000F8013902D01378DB09F4E710BD08B5EE
:10EA500020B158220021FFF7C5FE012008BD10B5E6
:10EA6000044688B110220021FFF7BCFE102204F1F9
:10EA700030000021FFF7B6FE0023002263644FF44C
:10EA800080330120C4E9142310BD70B504460D463F
:10EA9000164610B311B358220021FFF7A3FE2946F2
:10EAA0003046A664EEF742FC102200212046FFF714
:10EAB00099FE04F11005A26C21462046FFF75CFF89
:10EAC00021462846FFF7AEFF294604F12000FFF754
:10EAD000A9FF2046FFF7C3FF012070BD0846FCE7F1
:10EAE0002DE9F0410E4615460446002860D0FAB1E3
:10EAF00000295DD0D0E9143253EA020158D0013B1D
:10EB0000D0F8448042F1FF32C0E91432B8F1000F6E
:10EB10002CD0C8F1100708F13000BD4220440AD2C1
:10EB20002B4632462946FFF750FE636C2B44636444
:10EB30000120BDE8F0813B4632463946FFF745FEED
:10EB40000023103D636445443E44631E04F10F01FD
:10EB500013F8012F93F830008B4282EA00021A70FA
:10EB6000F6D121462046A26CFFF706FF04F10F07FD
:10EB7000102D0AD8002DDBD02B463246294604F151
:10EB80003000FFF722FE6564D2E7631E711E13F8A2
:10EB9000012F11F8010FBB4282EA00021A70F6D170
:10EBA00021462046A26CFFF7E7FE1036103DDFE756
:10EBB0000020BEE770B50C460546F0B171B34A6C53
:10EBC000102A1BD11031631E013904F10F0013F814
:10EBD000012F93F83060984282EA060211F8016F23
:10EBE00082EA06021A70F2D12146A26C2846FFF78B
:10EBF000C3FE2046FFF72BFF012070BD02F130005D
:10EC00000021C2F110022044FFF7ECFD8022636C6A
:10EC100004F12001234483F83020D4E70846ECE7D0
:10EC2000F8B50C4610B1F9B10AB90120F8BD0027BA
:10EC30008D1800F12806836E5A1C826614F8011B99
:10EC400003443F2A83F828100BD93146EEF7C2FB64
:10EC5000D0E9083213F5007342F10002C0E908322E
:10EC60008766A542E7D1E0E70846DFE7F8B50C463E
:10EC70000546002854D0002953D08B6ED1E90821D5
:10EC8000D800121841F10001C4E908218022581C63
:10EC900038282344A0664FF0000783F8282004F1A9
:10ECA00028060AD9C0F1400239463044FFF79AFDE0
:10ECB00031462046EEF78EFBA766A06E0021C0F11C
:10ECC00038023044FFF78EFD236A31461ABA636A70
:10ECD00062661A0A84F8633084F862201A0C1B0EEC
:10ECE00084F86030204684F86120EEF773FB2B1D1A
:10ECF000211F243551F8042F0433100E03F8080C9B
:10ED0000100C03F8070C100A03F8060C03F8052C86
:10ED1000AB42EFD1204670220021FFF763FD0120B6
:10ED2000F8BD0846FCE770B514460546431E881832
:10ED3000884212D1402CC4F1400688BF002604F15D
:10ED4000400032465C21284406F073FB3246281905
:10ED50003621BDE8704006F06CBB0A7882F03602BE
:10ED600003F8012F11F8012B82F05C0283F8402098
:10ED7000DEE7F0B50E4614460546CDB0B8B141B356
:10ED80004AB3402A00F1700713D810A8EEF70CFC24
:10ED90002246694610A8FFF743FF10A934A8FFF7E1
:10EDA00065FF224631463846FFF7BDFF01204DB0D2
:10EDB000F0BDEEF7F9FB2246314605F190042846F6
:10EDC000FFF72EFF29462046FFF750FF202221465D
:10EDD000E9E70846EBE71046E9E710B5044640B11D
:10EDE000EEF7E2FB4022204604F17001FFF718FF26
:10EDF000012010BD08B510B1FFF712FF012008BDBA
:10EE000070B50E4614460546F0B120291CD1EAB172
:10EE10001146FFF72BFF2046EEF7C6FB402204F118
:10EE2000B0012046FFF7FCFE324629462046FFF798
:10EE3000F7FE21462846FFF719FF2046F022002161
:10EE4000FFF7D0FC012070BD0020FCE71046FAE778
:10EE50002DE9F74F04464FF0010B1F46002388466B
:10EE600000F1F0063146914620228DF80630DDF89B
:10EE700030A08DF807B004F58875FFF77AFF2046BB
:10EE8000FFF7ABFF202229462046FFF7B3FF5A4683
:10EE900020460DF10601FFF7ADFFB8F1000F07D0D6
:10EEA000B9F1000F04D04A4641462046FFF7A2FFC1
:10EEB0003FB1BAF1000F04D0524639462046FFF761
:10EEC00099FF224620213046FFF79AFF2022314643
:10EED0002046FFF74EFF2046FFF77FFF20222946FE
:10EEE0002046FFF787FF224620212846FFF788FFAC
:10EEF000B8F1000F3AD0B9F1000F37D020223146D7
:10EF00002046FFF736FF2046FFF767FF20222946FD
:10EF10002046FFF76FFF01220DF107012046FFF7A2
:10EF200069FF4A4641462046FFF764FF3FB1BAF108
:10EF3000000F04D0524639462046FFF75BFF2246B9
:10EF400020213046FFF75CFF202231462046FFF7A4
:10EF500010FF2046FFF741FF202229462046FFF7F9
:10EF600049FF224620212846FFF74AFF03B0BDE8AB
:10EF7000F08FF7B50C4617460546B0B1B9B100267B
:10EF800020220021F030FFF72DFC2022012105F581
:10EF90008870FFF727FC284633463A4621460096FC
:10EFA000FFF756FF0120C5F8306103B0F0BD0846F9
:10EFB000FBE7F7B5089C054680B179B11F2A0DD94A
:10EFC00053B16CB10094FFF743FF4FF0FF330120C2
:10EFD000C5F8303103B0F0BD0093F4E70020F9E745
:10EFE0002046F7E72DE9F7430D4614468046D8B38F
:10EFF000D2B34B1EB3F5002F36D2D2F83031ABB3BB
:10F00000013BC2F8303102F1F00902F58877202285
:10F0100049462046FFF7ADFE2046FFF7DEFE2022E0
:10F0200039462046FFF7E6FE224620213846FFF704
:10F03000E7FE202D2E4628BF2026404633463A467E
:10F040003146FFF7C2FB202D38BF2025203DB044BC
:10F05000DDD120462B462A4629460095FFF7F8FECB
:10F06000012003B0BDE8F0830020FAE74FF0FF3045
:10F07000F7E7002008B5EBF779FE012801D1EFF39F
:10F080000583FBF7C3B801460068FFF7F6BF08B574
:10F09000EEF7B4FBBDE80840EEF7D4BB0021012039
:10F0A000FFF7EBBF436E83F30B88704761B662B620
:10F0B00080F31188BFF36F8F704708B572B60023D5
:10F0C00083F31188BFF36F8FEFF7B0FA50B1BFF33E
:10F0D0004F8F30BF00BF00BF00BF00BF00BF00BFE9
:10F0E00000BF00BF62B6BFF36F8F08BD10B5044606
:10F0F00072B6002383F31188BFF36F8FEFF796FA90
:10F1000050B1BFF34F8F20BF00BF00BF00BF00BF93
:10F1100000BF00BF00BF00BF84F31188BFF36F8F33
:10F1200062B610BD40E800F313F4803FD8B208BFC8
:10F130006FF01500704730B50C684B6885B00A89D0
:10F140004D890094013B24F01F04234402F01F0268
:10F1500042EA451223F01F0369468DF80820039305
:10F16000EEF7C4FE05B030BD08B5EFF77FF800201C
:10F1700008BD7047002303824369C3607047416A3A
:10F180008968EFF7DFB8EFF31182202383F3128849
:10F19000BFF36F8F00230B60436833B9C0E90011E0
:10F1A00082F31188BFF36F8F704719604160F7E7F2
:10F1B000034610B5EFF31181202282F31288BFF3CA
:10F1C0006F8F006828B15C680268A0421A6008BFAF
:10F1D0005A6081F31188BFF36F8F10BD027A01323C
:10F1E00002727047034618465B68002BFBD17047DC
:10F1F000426810B52AB10B461C465B68002BFBD158
:10F200006260416010BD10B5044620B908460B7A13
:10F2100001330B7210BD034618465B68002BFBD10F
:10F22000FFF7E6FF2046F5E792B281600160C280F9
:10F230008280704783680B440360704703680B60EB
:10F2400043684B6083688B60704783880268194409
:10F250008180D018704730B484880568A3188380F3
:10F26000281930BC06F0BEB810B5838802685C1C53
:10F270008480D154D01810BD838830B502689D1C9D
:10F280008580D418D154090A617030BD03460068E6
:10F290009A88401A11441860998070470268531E7A
:10F2A000036083880133838002F8011C70470346A2
:10F2B0008288521A828000680844186070470346AA
:10F2C00000689A88521A01449A801960704710B5F4
:10F2D000036801211C78FFF7EAFF204610BD10B536
:10F2E000036802211C88FFF7E2FF204610BD026878
:10F2F0008068101A70478388C2888168D21A0368B0
:10F300005B1AD01A70470B464FF050220121C2F809
:10F3100014160021184730B50546B1F8032087B010
:10F320004B79ADF808200C460D2200210DF10B00A1
:10F330008DF80A3006F07DF802AA1146284600F042
:10F3400075FD10B1002007B030BD029B0322ADF85F
:10F35000043020461B0C01A98DF8063005F02FFF64
:10F36000B0FA80F04009EEE770B50D460021044682
:10F37000FFF76CF80D2818D1237B302B13D0312BDD
:10F3800013D1012305F8063B04F10C062A4620465A
:10F39000012302210234FEF7F0FAB44205F1FF35F1
:10F3A000F4D1002070BD0023ECE76FF01500F9E701
:10F3B000EDF7B2BA0020704710B50C4601782278FC
:10F3C0008AB08A420FD06946EFF704FB204605A9B0
:10F3D000EFF700FB10220DF115010DF1010005F012
:10F3E000EEFE0AB010BD012A06D0022A07D072B97B
:10F3F00040886388C01AF4E740686368FAE710221F
:10F40000611C01300AB0BDE8104005F0D8BE6FF0B5
:10F410001500E6E7042A0AD0102A0DD0022A4FF080
:10F42000000315D103700B8843800120704701232E
:10F4300003700B684360F8E7022300F8013B01F119
:10F44000100351F8042B994240F8042BF9D1ECE752
:10F4500018467047012310B50621044600F8013B09
:10F46000F0F75EFF18B9A37963F03F03A37110BDF5
:10F470000B6803608B8883808B798371037823F01A
:10F480000203037070470078C0F3400070472DE915
:10F49000F04101F10C080C46054600F10C01404614
:10F4A00017461E46FFF7CAFE4046FFF720FF01231E
:10F4B00010FA87F068826B72394640462F82FFF758
:10F4C000F6FEE368284673600023628AE360728177
:10F4D00063823460BDE8F08138B50D46D1E9003271
:10F4E0000446DA600B684A895A820868EEF7BCFF66
:10F4F00000211022284605F09CFFA07AEEF7F8FEC6
:10F500006169054649B1637ADB0704D4436A204642
:10F510001B689B6898470023636121462846BDE825
:10F52000384005F0F0BA438A23B9C068B0FA80F0D9
:10F530004009704700207047F7B504460E4617464D
:10F54000A388012B01D803B0F0BD2046FFF7BFFE12
:10F5500005460028F7D0A3888342F4D32046FFF75E
:10F56000B6FE23688DF80000013D394668468DF8E7
:10F5700001500193B0470028E5D029462046FFF707
:10F5800096FEDDE77047D0F89C3083B15A7BD107F7
:10F590000DD5D2060DD51B7B102B14BF03230423DE
:10F5A0004372807A98428CBF00200120704702236A
:10F5B000F6E70323F4E70F2807D80D280BD8052812
:10F5C00008BF032018BF02207047132803D01A2851
:10F5D00008BF0120F6E701207047034610B5D3E8C5
:10F5E000EF0F40EA0102C3E8E42F002CF7D110BD71
:10F5F0000B6803608B8883808B798371704738B583
:10F60000C3681D78B3F80100E5B90F21F1F730FAAE
:10F610000446B8B12946F1F78BF9A378012B04D041
:10F620002046BDE83840F1F767B9231DD3E8AF3F66
:10F63000DB07F5D520460321F1F77AF9032000F026
:10F64000ECFBEDE738BD08B5C36801211888F1F778
:10F650000FFA18B1BDE80840F1F74EB908BD012115
:10F660000C30FFF72CBE37B5C5680121B5F8010095
:10F67000F1F7FEF9044670B32B781A2B19D1C37831
:10F68000012B24D14FF400610430FFF7A6FF0305DE
:10F690000FD4D4F8883069460093D4F890302046CF
:10F6A0000193F1F7E7FF204603B0BDE83040F1F7E2
:10F6B00023B92B785BB9B5F80330A4F88630B5F8D8
:10F6C0000530A4F88C30B5F80730A4F88E30204609
:10F6D000F1F74AFAE7E703B030BD38B5C568012154
:10F6E000B5F80100F1F7C4F9044698B12B783BB99D
:10F6F000D5F80330C0F89430D5F80730C0F898300A
:10F70000201D4FF48041FFF768FF2046BDE83840D8
:10F71000F1F7F2B838BD30B40446084602EBC30333
:10F720009A4201D130BC7047114611F8085BA542DE
:10F7300006D1018A53789942F4D330BC53681847F4
:10F740000A46EDE7D0E8EF3F0B40C0E8E23F002A71
:10F75000F8D17047C0F30723537000231070000ED8
:10F76000D070C1F30720090E93701371507193711B
:10F77000D17170472DE9F8430123C7683A7803EB4C
:10F780008203028A93423BD9BDE8F88307EB8503E5
:10F790000F21B3F80100B3F80360F1F769F90446EB
:10F7A00060B100F1C00836B12046F0F7CFFFFBF79B
:10F7B00053F863693BB92046F1F79EF801353B7871
:10F7C0009D42E3DBE0E7A1691A688B42626108BFF2
:10F7D000A261C3F80090226A7AB9C4E90733D8E875
:10F7E000EF3F013BC8E8E23F002AF8D10021204664
:10F7F000013EF0F7B7FFB6B2D5E713602362EEE73C
:10F800000025A946DBE7012070478176704738B5AF
:10F81000C5680121B5F80100F1F72AF9044688B15D
:10F82000E878EFF709FB84F8A0002879EFF704FBEC
:10F8300084F8A1002046F1F7DDF92046BDE8384004
:10F84000F1F75AB838BD10B503884288934219D8E9
:10F85000052B17D9B2F5486F14D88388B3F5FA7F12
:10F8600010D240F67644C088A0F10A0189B2A142C4
:10F8700008D801339BB25343B3EB800F34BF012050
:10F88000002010BD0020FCE738B5C3680F21B3F895
:10F8900001001D78F1F7ECF8044620B365B1284665
:10F8A000EFF7D4FA294602462046F1F735FA20460A
:10F8B000BDE83840F1F720B88378012BEFD103F091
:10F8C000D0F92046FFF75FFE0028E8D10520EFF7CA
:10F8D000BDFA052102462046F1F71EFA0521204611
:10F8E00000F0CDFCE3E738BD70B5C6680F21B6F86F
:10F8F00001003578F1F7BCF8044688B34DB12846CD
:10F90000EFF7A4FA294602462046F1F705FA204609
:10F9100003E0F378C27A9A4203D1BDE87040F0F771
:10F92000EBBF8278C372012A05D00020EFF78EFA70
:10F9300000210246E8E70BB103F093F92046FFF7F8
:10F9400022FE0028F1D10520EFF780FA05210246BA
:10F950002046F1F7E1F90521204600F090FCD6E7BA
:10F9600070BD0020704708B5F5F7BEFA18B1C08920
:10F97000003818BF012008BDF0B5C56801212F88E7
:10F9800087B0B8B2F1F774F8064658B302ACD5F8B0
:10F990000220D5F8063001946989009102F00DFF2C
:10F9A00010B3122142F21A00EFF70AFA0546B0B17D
:10F9B00012210C30FFF749FC0346224623F8027B54
:10F9C00006AF144603CCBC4218605960224603F1CE
:10F9D0000803F6D1294642F21A00EFF7DDFA304665
:10F9E000F0F78AFF07B0F0BD022142F21B00EFF7EB
:10F9F000E7F904460028F2D002210C30FFF725FC7D
:10FA00002146078042F21B00E7E770B506460D4627
:10FA100042F221000321EFF7D3F9044660B103213C
:10FA20000C30FFF712FC068085702146BDE870405F
:10FA300042F22100EFF7B0BA70BD73B5C368D97850
:10FA40009A781E8842EA0122ADF8002059791A7985
:10FA5000B4B242EA0122ADF80220D9799A7920465F
:10FA600042EA0122ADF804201A7A5B7A012142EAC7
:10FA70000323ADF80630F0F7FBFF054628B9022155
:10FA80002046FFF7C2FF02B070BD6946F1F7D8F813
:10FA900038B91E212046FFF7B8FF2846F0F72CFFA3
:10FAA000F1E70E2142F22000EFF78AF90446002820
:10FAB000F3D00E210C30FFF7C8FB00230680C0F8FE
:10FAC0000A30BDF8003021464380BDF80230838003
:10FAD000BDF80430C380BDF80630038142F2200037
:10FAE000EFF75AFAD9E773B506460D4642F22F00F2
:10FAF000002101AAEFF752FB044648B90198C368F8
:10FB0000B3F801203280B3F803302B80EEF7ACFC61
:10FB1000204602B070BDEFF78DBC002110B5022267
:10FB20000846F1F7B1F9044650B1031DD3E8AF3FE1
:10FB3000DB070AD50321F0F7FBFE2046F0F7DCFED9
:10FB4000BDE81040032000F068B9403005F0E3F84C
:10FB500010F00C0103D1022320462373EBE720466B
:10FB6000EFF768FCE9E770B506460D4640F206403F
:10FB70000321EFF725F9044668B103210C30FFF7A4
:10FB800064FB068085702146BDE87040002240F28B
:10FB90000640EFF703BB6FF0680070BDC0680378E4
:10FBA0001BB1022B03D1FFF7B8BFEFF7B7BC70470B
:10FBB00038B50221054642F21600EFF701F9044676
:10FBC00068B102210C30FFF740FB2B8821460380EF
:10FBD0000022BDE8384042F21600EFF7DFBA6FF0BE
:10FBE000680038BDF8B507460E4642F222000621ED
:10FBF0001546EFF7E5F8044678B106210C30FFF71B
:10FC000024FB3B884680038085802146BDE8F84080
:10FC1000002242F22200EFF7C1BA6FF06800F8BD8F
:10FC20002DE9F0478146884642F232000721174607
:10FC30001E469DF820A0EFF7C3F80546A0B10721A6
:10FC40000C30FFF702FBB9F8003080F80280038027
:10FC5000C7700671A0F805A02946BDE8F04700224C
:10FC600042F23200EFF79ABA6FF06800BDE8F08711
:10FC700008B500200021EFF739FA18B1BDE80840B7
:10FC8000EFF784B9BDE80840F1F760BA072208B57C
:10FC900005F095FAB0FA80F0400908BD0B680360E2
:10FCA0008B8883808B7983717047F8B50F46144633
:10FCB00030BB272142F22700EFF782F8054610B348
:10FCC00027210C30FFF7C1FA224606463946FFF7D6
:10FCD000E5FFC31D04F1100152F8040B8A4243F8FA
:10FCE000040BF9D11022002106F1170005F0A1FB49
:10FCF0002946BDE8F840002242F22700EFF74EBA4D
:10FD00006FF01500F8BD6FF06800FBE7037A02465C
:10FD10005B0705D501462A3211F8010BFFF7C5BF75
:10FD2000704738B50121054642F22D00EFF748F83B
:10FD3000044658B129460C30FFF796FA2146BDE833
:10FD40003840002242F22D00EFF728BA6FF0680029
:10FD500038BD2DE9F041D1F8048004460D4686B047
:10FD6000B8F1000F1DD1037A5B071AD50E68411C4C
:10FD7000701CFFF78BFF2A3616224146074668465D
:10FD800005F057FB10226946304605F018FA30B1ED
:10FD90001022304604F12A0105F011FA00B107B132
:10FDA0006C6006B0BDE8F08110B50C4630B919B1F1
:10FDB000F5F746F800B1441C204610BD0024FBE7CF
:10FDC00007B580B906216846F0F7AAFA40B99DF850
:10FDD0000530684603F03F038DF80530EFF708FD66
:10FDE00003B05DF804FB6FF01500F9E701207047E0
:10FDF000037AD90704D523F001030372EFF74ABD54
:10FE0000990704D523F002030372EFF7DBBD7047B7
:10FE100000207047D0E8AF0F7047032808B501D025
:10FE2000EFF7A4FFBDE80840EFF7B4BFF0B50D460B
:10FE30001446B1B070B369B362B36E46324637460A
:10FE400000F1100313F8011D834202F8011BF9D1E0
:10FE5000314604A8EDF76AFAE0B105F1100313F892
:10FE6000012DAB4206F8012BF9D13946204604AAF0
:10FE7000FEF782FD70B1631E04F11002073413F81F
:10FE8000011F12F8010D9C4218701170F7D100206B
:10FE900031B0F0BD6FF01500FAE700230B60436846
:10FEA00013B9C0E900117047196041607047002222
:10FEB00003680BB9184670478B4210D10B6842B9E2
:10FEC00042680360914200D14360002301200B602F
:10FED000704713604368994208BF4260F5E71A46CD
:10FEE0001B68E6E7D0F8B000003818BF0120704763
:10FEF0000846896918301160426800211A6010F8BC
:10FF00000D2C05F096BAD0E8AF0F704773B50446D4
:10FF10000D46CDE9003222B96B46D0F8A86001AA9F
:10FF2000B0472846EEF7A0FA019B23B16FF06D02AF
:10FF300020460099984702B070BD2438F0F79ABB6C
:10FF400010B50446006918B1EEF78EFA002323615C
:10FF500010BD70B50D46164601210446F0F702FCAF
:10FF600000212846FFF751FC012E16D0022E16D193
:10FF7000236913B12046FFF7E3FF2846FFF72EF968
:10FF800020612269138A012B28D82088EFF728F8EE
:10FF900001212846FFF739FC07E0206918B92046FF
:10FFA000FFF7CEFF01E02E8A26B92846BDE8704053
:10FFB000EEF75ABA0C30FFF79EF9864207D90022B5
:10FFC0002046216900F04FFB00232361EDE7206903
:10FFD0002A8AE9680C30FFF73EF9D2E7D268168822
:10FFE0000436B6B2B342D0D32846EEF73DFA2169C3
:10FFF0000B8AB34204D92046BDE87040FFF7A0BF8A
:020000040002F8
:10000000002323612046BDE87040012200F02BBB95
:10001000034610B500F1C8021046FFF774FF60B147
:10002000411CD2E8EF4F844204D1C2E8EC1FBCF17E
:10003000000FF6D1F0D1184610BD0346FBE72DE9BD
:10004000F84307460E46904600244FF0D009B442CC
:1000500003D100231846BDE8F88309FB0470FFF7BD
:10006000D7FF034658B1457B012D02D0073D012D36
:1000700003D81A884245EDD01846F0F73DFC01340C
:10008000E5E710B50446D0F89C0028B9207A04F1C1
:100090007001F4F729FF38B1E278C3892AB913F067
:1000A000210F14BF0120002010BD13F0240FF8E72A
:1000B0002DE9F843089E8146102E0C4690461F46B7
:1000C0002ED81C2142F21900EEF77AFE054658B3ED
:1000D0001C210C30FFF7B9F80346B9F80020394667
:1000E00023F8022B2268C0F80220626800F10C0499
:1000F0005A60B8F8003032464381204605F072F964
:10010000102E05D00021C6F11002A01905F091F9BA
:100110002946BDE8F843002242F21900EFF73EB845
:100120006FF01500BDE8F8836FF06800FAE703464A
:10013000C07A18B1D3F89C0000B1007B704710B5AD
:10014000437B0446072B26D10A0601F07F030FD517
:10015000021DD2E8EF0F40F48050C2E8E10F002901
:10016000F7D12046A37202F0BEFB88B9002010BD73
:10017000427A9A42FAD2827A9A42F7D2021DD2E8A1
:10018000EF0F20F48050C2E8E10F0029E9D0F6E734
:10019000637AA372EBE76FF07F00E8E7407A70477D
:1001A00037B505460C46FFF76EF92946A8B16846F3
:1001B000FFF75EF969460020F0F7EAFD58B12388A1
:1001C000A0F888306388A0F88A30A388A0F88C3023
:1001D000E388A0F88E3003B030BDFFF7E5FD03469D
:1001E000006800909A889B79ADF804208DF806305D
:1001F000E0E738B5037A04468B42154615D100F185
:1002000070010722284604F0DAFF80B1E378072264
:1002100043B904F17E01284604F0D1FFB0FA80F022
:10022000400938BD04F17701F5E70020F9E7012026
:10023000F7E708B5F0F7D8FD10B1F0F75DFB012046
:1002400008BD7030704713B50C880B4604F00302EC
:10025000032A10D0E20710D404F002049A78DB7865
:10026000B2FA82F149090BB941F002010094FFF79B
:10027000D7FC02B010BD0024F0E70124EEE738B54A
:1002800083780446012B0D4603D100217030F0F72E
:10029000EBFE637B023B062B28D8DFE803F00E045D
:1002A000272727192500204625730021F0F740FB5A
:1002B000BDE838400220EFF755BEA378012B13D1DB
:1002C00004F1400004F029FDBDE83840EFF70CB917
:1002D00029462088FFF747FC38B9637B072B03D1F9
:1002E00008212046F0F724FB002038BD6FF07F0086
:1002F000FBE7F8B507460D4642F213000E21EEF774
:100300005FFD0646D0B10E210C30FEF79EFF04467D
:100310000E22002105F08DF83B88314623802B8882
:10032000002263806B8842F21300A380AB88E380D5
:10033000EB882381BDE8F840EEF730BF6FF068002E
:10034000F8BDC3780BB9F0F7D7BF002070477047EE
:10035000F8B507460E46154600234FF480320421B7
:100360000020F0F7CDFB044630B104210C30FEF73D
:100370006CFF0770467045802046F8BD704701222B
:1003800010B400F14C03D3E8EF1FC3E8E42F002CB6
:10039000F9D141B9034653F8482B8164D2F8B4101F
:1003A00029B9C2E92C33006810BCF0F72BBA0B60F6
:1003B000C2F8B430F7E710B50368D3F8B02042B103
:1003C000D3F8B4401168A242C3F8B01008BFC3F814
:1003D000B41000234C30D0E8EF2FC0E8E13F0029F3
:1003E000F9D110BD70B50446D0E900352BB300211A
:1003F000D3F8B02048306AB1904230D1A26C31BB02
:10040000D3F8B410C3F8B020884201D1C3F8B420A7
:100410000023A364002204F14C03D3E8EF1FC3E8D8
:10042000E02F0028F9D104F13006236BD3B96B68B3
:100430000BB12046984700232360E3680BB12046A8
:1004400098472B6AB3B12046BDE8704018470A6050
:10045000D3F8B420904208BFC3F8B410D8E71146CF
:100460001268C8E7002200233046FAF7C3F9EDF717
:10047000FBFFDAE770BD38B5406B30B150F8084982
:1004800004B1083CFFF7AEFF04B938BDA5682DB133
:100490002046083DFFF7A6FF2C46F7E72046BDE8BB
:1004A0003840FFF79FBF38B5436B0D46BBB11846C8
:1004B00050F8084904B1083C53F8043C9B680BB160
:1004C000294698475CB12046A468436824B19B68DC
:1004D000083C002BF4D1F6E79B68002BF0D138BD27
:1004E0000431F0F70DBB002A70B5054614BF022099
:1004F00001200E7A86420DDCC87A07280AD98A6163
:10050000CB6105F1300004F0F3FA2846FFF737FF1E
:10051000002070BD6FF01500FBE7406B28B1838BA6
:1005200008388B4201D08068F8E7704710B54AB9A7
:1005300089B2FFF7F2FF28B143689B6913B1BDE8A8
:100540001040184710BD38B50D460521FFF7E5FFEF
:10055000002329461A46FFF7C6FF044610B1284675
:10056000EDF782FF204638BDF7B50B8A0446032B12
:100570000D4611D9042105F10C00FEF7A0FE2B8ACF
:1005800042889A4208D1417831B10378122B06D0C3
:10059000132B01D0012B4BD1002003B0F0BD072A53
:1005A0002468EB68F8D9627B072AF5D1E77897B120
:1005B00002220120FFF7CCFE05460028ECD00221E4
:1005C0000C30FEF742FE002303704370294620469C
:1005D000FFF7B9FFE0E71A881320ADF800205A882A
:1005E000ADF802209A88ADF80420DB880222ADF82D
:1005F0000630FFF7ADFE05460028CDD069462046FF
:10060000F0F71EFB0646022105F10C00FEF71DFE69
:1006100056B12946077047702046FFF794FF694698
:100620002046FFF766FEB7E7012346700370CDE76B
:10063000022201202568FFF78BFE04460028ABD07C
:1006400002210C30FEF701FE0023214603704370A7
:100650002846BDE7406B28B1838908388B4201D01A
:100660008068F8E7704738B50B8A0546032B0C46BF
:1006700004D82046BDE83840EDF7F6BE042104F169
:100680000C00FEF71CFE41882846FFF7E3FF002818
:10069000EFD0436821465B699847EAE77047034615
:1006A000006828B15968026888421A6008BF5A6019
:1006B00070470346002003B970471A8A5B681044EC
:1006C000F9E710B5D4680231237813B921700120FD
:1006D00010BD8B42FBD0038A023B038200201061D5
:1006E000F6E70620704708B503680A8A1868C968E3
:1006F00001F040FD002008BD38B5054601F10C00B1
:100700000C46FEF7ECFD2D680146238A2868E26856
:1007100001F01FFD002038BD70B405686A6A52B34D
:10072000136803B1A83BA2F1A8040022114600E01F
:10073000A83B844207D0668D648BB14238BF3146F6
:10074000A24238BF22461C462BB1D3F8A830002B5A
:10075000EED18442EFD1438D408B8B4201D8904241
:100760000BD9824238BF02469942286838BF1946E1
:1007700070BCF3F781B91146EDE770BC704773B5F3
:100780001446014605464FF49572206801F0E7F8DB
:10079000207500BB237A2068ABB1A3F11802534245
:1007A00053419B000193638A29460093AE68238AD4
:1007B000E268B047002808DB238A83420ED1002379
:1007C0000120237508E00223ECE710F1FF0F05D3A9
:1007D0004042C0B22075002002B070BD0E20F9E783
:1007E0001FB5CDE9012300231A460093F2F7EEF975
:1007F00005B05DF804FB2DE9F04F42F6010300253A
:1008000091B0166880460F4600680BA9D6F8049090
:1008100014468DF82C50ADF82E30FEF7CDFD002893
:1008200000F089804FF42053D8F800000BA98DF810
:100830002C50ADF82E30FEF7BFFD38B1A3681BB1C8
:100840005A88BA4200D25F8001200EE061680846F3
:10085000FFF72FFF728B738D9A4294BFC0EB02009B
:10086000C0EB0300032803D8002011B0BDE8F08FCF
:100870000846FEF7B7FC05466068FFF71AFF728D61
:10088000738B05F10C0B9A4294BFC0EB020AC0EBCC
:10089000030A5846FEF72FFD824544D26068FFF7F1
:1008A00008FF728D738B9A4294BFC0EB0200C0EBBD
:1008B000030070B96368987AEDF71AFD00220023EF
:1008C000FEF75DFC05460028CED001466068FEF7C5
:1008D0009AFC00230093D8F8046010234146484650
:1008E00002AAB047061E26DB227CE068B2421ED078
:1008F00001460BA8FEF78EFDE8B1F2B202A906A8E8
:10090000FEF788FDB8B106A90BA8FEF755FD90B912
:1009100000230421637405F10C00FEF796FCA0602F
:100920000780A3688FE75846FEF7E5FCC1E702A9F8
:1009300004F045FCEBE70023A36085E7F8B5936876
:1009400005460F461446166863B9506801210C30FD
:10095000FEF77BFCA0602B681B78002B14BF0223E2
:1009600001230370A3681B78012B03D0022B1FD037
:1009700000201CE02B681B78002BF9D16068042153
:100980000C30FEF762FCE06007802A68E36852885A
:100990005A806168728D738B088A9A4294BFC0EB4B
:1009A0000200C0EB0300042894BF00200120F8BD22
:1009B0002B681B78022BDBD1606812210C30FEF70C
:1009C00044FCE06007802B68E268591C0232113356
:1009D00051F8040B994242F8040BF9D16168728D09
:1009E000738B088A9A4294BFC0EB0200C0EB0300ED
:1009F0001228D9E7D0680431037813B901700120B7
:100A000070478B42FBD0002091680B8A043B0B821D
:100A1000106170472DE9F04F044685B010469046AE
:100A20009946FFF746FE638B628D8B46934228BF43
:100A30001346834240F29380636840460393FEF777
:100A4000D1FB4FF0000A06464046FFF732FE628BAC
:100A5000638D06F10C079A4294BFC0EB0205C0EB10
:100A600003053846FEF747FC854217D24046FFF79C
:100A700020FE628B638D9A4294BFC0EB0205C0EBEF
:100A800003058DBB98F80A00EDF732FC0022002325
:100A9000FEF775FB064630B9574636E03846FEF796
:100AA0002AFC0546EDE701464046FEF7ACFB404612
:100AB000FFF7FFFD628D638B06F10C079A4294BF2E
:100AC000C0EB0205C0EB03053846FEF714FC854277
:100AD0001FD24046FFF7EDFD628D638B9A4294BFB3
:100AE000C0EB0205C0EB0305F168328ACDF8009037
:100AF000DBF804700A4403985946ABB2B847071EA6
:100B00000CDABAF1000F18BF5746384605B0BDE8F9
:100B1000F08F3846FEF7EFFB0546E5E70E9BB3B9CD
:100B2000394606F10C00FEF790FB4046FFF7C1FD89
:100B3000638D628BB944934228BF13468342BA4403
:100B40001FFA89F9A8D9AF423FF47EAFA4E739462E
:100B500030460F9A0E9B98470028E1D19CE700276A
:100B6000D3E70022036803B970478B420FD10B68AB
:100B70003AB942680360914200D1436000230B60A0
:100B8000704713604368994208BF4260F6E71A460F
:100B90001B68E8E706207047D0E8EF3F43F0080203
:100BA000C0E8E12F0029F7D1C3F3C000704773B547
:100BB000002305461668144670682946137395226B
:100BC00000F0CDFE207380B9CDE900002946304603
:100BD000A388A268FFF71EFF002809DA10F1FF0FB3
:100BE00032BF0E204042C0B22073002002B070BD60
:100BF0000120FBE72DE9F341002307461668144660
:100C0000706839461373952200F0A9FE05462073DB
:100C100008BBA068718B728D038A914294BFC3EBAD
:100C20000103C3EB0203012B15DD02210C30FEF79B
:100C30000CFBCDE900558046A38839463046A268B2
:100C4000FFF7E8FE031E0ADA13F1FF0F32BF0E238F
:100C50005B42DBB22373002002B0BDE8F0810120CB
:100C6000A8F80030F8E72DE9F04104468868FFF75E
:100C700020FD638B628D0D46934228BF134683424D
:100C80001DD30027E165D1F808808F60FAF7C2FA1A
:100C900041462046F0F7BCFE064638B1C5F808804C
:100CA000E765FAF7CBFA3046BDE8F081618D638BDA
:100CB0002846994228BF1946F2F7C4FFF1E76FF0C2
:100CC0007906F0E738B50546D1E8AF3FDB0717D521
:100CD00050F8040CA0B1AB6D93B90430FFF7DFFC02
:100CE000044668B10146281FFFF7BDFF002807DA58
:100CF00055F8043C5A6822609A685C6002B99C60AE
:100D000038BD2DE9F041446A07463CB354F8A86960
:100D100006B1A83E002307F104081D4601E0344651
:100D20001646E26D9AB905B98BB94046FFF7B7FC94
:100D3000054658B101462046FFF795FF00280DDA19
:100D40007B682B60BB687D6003B9BD6023462EB114
:100D5000D6F8A820002AE2D0A83AE0E7BDE8F08162
:100D600070B504460E46002200230846F9F742FDFE
:100D7000054658B101462046F0F74AFE044618B130
:100D80002946304603F0BFFE204670BD6FF00104D7
:100D9000FAE7F8B5054650F8044C071F00F1540374
:100DA000D3E8EF1F21F00401C3E8E21F002AF7D1C6
:100DB00004B3AB6D8BB963687BB1201DFFF76FFC8B
:100DC000014606463846FFF74EFF002812DA6368F0
:100DD0003360A368666003B9A660384605F15C011C
:100DE000FFF7BEFF30B1384604F10C01BDE8F84012
:100DF000FFF7B6BFF8BD38B504460D46F0F708FE5C
:100E000030B1294604F16000BDE8384003F070BEFF
:100E100038BD70B5044601F10C000D46FEF75FFACF
:100E2000266801462B8AEA68306801F092F91E2193
:100E300000222046F0F780FC014610B12046FFF763
:100E4000DAFF002070BD2DE9F041884617460121E8
:100E5000042205461E46F0F76FFC044670B10421DB
:100E60000C30FEF7F2F980F80080A0F80170C6702F
:100E700021462846BDE8F041FFF7BDBFBDE8F0813F
:100E800037B50C46054601F10C00FEF728FA228A18
:100E900003460192E2681221009228461322F0F7DD
:100EA000BDFE03B030BD37B50C46054601F10C0060
:100EB000FEF715FA228A03460192E268284600925C
:100EC00000221146F0F7AAFE03B030BD08B5437BFF
:100ED000072B01D0002008BD0421FFF7BBFB002831
:100EE000F8D000F15403D3E8AF3FDB07F2D550F858
:100EF000040CF0E770B50E461546FFF7E7FF78B132
:100F0000436A6BB1184650F8A83903B1A83B691C75
:100F1000428D448BA24228BF2246914202D93BB95E
:100F2000002070BD2A463146BDE87040F0F704BC91
:100F3000D3F8A84004B1A83C18462346E8E707B513
:100F4000CA680C211388528800920D22F0F7FEFF28
:100F500003B05DF804FB07B50022CB680A211B88AB
:100F600000920B22F0F7F2FF03B05DF804FB70B5BE
:100F7000CB6804461E88B3B2162B25D90321F0F79F
:100F8000ADFE054610B302210C30FEF75EF96FF09E
:100F90000D0303700123294643702046FFF72BFF02
:100FA0004FF4F9736383236866851B680433D3E8C1
:100FB000EF1F41F40051C3E8E21F002AF7D1204699
:100FC000FFF7AAFB002070BD0420FCE70E20FAE723
:100FD000F1F786BD08B5FFF779FF08B3426A02B39F
:100FE000136803B1A83B32F88E0C32F87E2C904285
:100FF00028BF104643B913E0934228BF13469842D6
:1010000038BF1846A1F1A803D3F8A8105A8B5B8DFE
:101010000029F1D19A4228BF1A46904238BF1046A3
:1010200008BD1046FCE70A8A0023C968F1F720B919
:10103000FFF7F9BFFFF7F7BFFFF7F5BFFFF7F3BF04
:10104000FFF7F1BFFFF7EFBFFFF7EDBFFFF7EBBF14
:10105000FFF7E9BFFFF7E7BFFFF7E5BF70B5CE6861
:10106000044633880D469AB2162A06D80022042375
:101070001146BDE87040F1F7FBB84FF4F9724385B3
:101080004283FFF749FB0023314620462A8AF0E7D6
:1010900070B5054650F8043C044655F80469002B29
:1010A00032D031B1836D7BB31B7CDA072CD505239D
:1010B0001DE03046F2F7F4FC737A012B24D0A46DC6
:1010C00014B3237CDB071FD5E368002BEFD0284641
:1010D0006269617CF0F730FB064638B1D4E905124D
:1010E000E368984750B13046EDF7BEF90E23002271
:1010F0002846BDE870401146F1F7BAB83146284697
:10110000F0F786FC0028EED170BD70B50E46FFF7F3
:10111000DDFE044628B93046EDF7A6F96FF07F00F2
:1011200070BD00F10C052846314603F0E1FC606A11
:1011300038B150F8A84904B1A83C2946FFF710FE81
:1011400020B90020ECE71C466FF00100002CF8D01D
:10115000D4F8A83023B90230F5D020461C46ECE77D
:10116000A83BF8E738B505460C46FAF753F8284689
:10117000FFF7ACFE20B9FAF761F86FF07F0038BDD9
:101180000023236083683BB9C0E90144FFF7B9FD40
:10119000FAF754F80020F2E71C608460F6E710B517
:1011A0000C46FFF793FE90B1436A43B153F84C2CC1
:1011B000A83B9169A14209D0D3F8A830F5E740686F
:1011C00028B18369A34202D00068F9E7104610BD38
:1011D0001060002070470B460A4630B401F16404E9
:1011E000002115890A32A94238BF2946A242F8D106
:1011F000B3F864208A4205D0A3F864109B6E0BB14B
:1012000030BC184730BC704710B5029CA36833B19E
:10121000B1F5807F28BF0E21CAB221469847A37D31
:10122000E268013BDBB2A37522B11BB92046BDE8E1
:101230001040104710BD1060918000207047B1F53C
:10124000807F28BF0E21009AC9B213681847B1F5F4
:10125000807F28BF0E21009AC9B21368184700206A
:101260007047072208B503F0AAFFB0FA80F04009E2
:1012700008BD2DE9F04104460F4690460025461C66
:1012800016F8013C434507D139463046FFF7E9FFE0
:1012900010B16019BDE8F0810A35642D06F10A0627
:1012A000EED10020F6E70B6803608B8883808B7992
:1012B00083717047034610B5D3E8EF0F00EA0102CF
:1012C000C3E8E42F002CF7D110BDD0E8AF0F704772
:1012D000034610B5D3E8EF0F40EA0102C3E8E42F5C
:1012E000002CF7D110BD2DE9F0410C46069D0646B5
:1012F0006FF0040105F11000FFF7DCFFF4B1304698
:10130000F1F71AFA014648B3836853B100221F6807
:1013100005F1140C2BB1634508D12B463046F1F78B
:101320004FF9B4F5807F28BF0E240FE027B138684D
:101330001A463B460746EDE73846F9E7AB892BB935
:1013400023462246294630462F68B8476B682BB1A2
:101350002A463046E1B2BDE8F0411847BDE8F081C9
:1013600011F1680F01D0FFF7BEBF704708B5022129
:101370000C30FDF76AFF6FF00D030370012343701B
:10138000002008BD10B5144602210C30FDF75DFFAA
:1013900063890380002010BD10B5144604210C3071
:1013A000FDF753FF23890380E3894380002010BDAC
:1013B00010B5144602210C30FDF747FF2389038046
:1013C000002010BD10B5144604210C30FDF73DFF80
:1013D0002389038063894380002010BD08B5012163
:1013E0000C30FDF732FF03460020187008BD08B529
:1013F00001210C30FDF729FF01230370002008BDF7
:1014000038B5154600F10C0404212046FDF71DFFF8
:101410002B890380EB8943802B7C33B94FF4205117
:101420002046FDF729FF002038BD42F60101F7E70D
:1014300038B5154600F10C0404212046FDF705FFE0
:101440002B890380EB8943802B7C022B04D0032B58
:1014500009D02B68598801E042F602012046FDF7C9
:101460000BFF002038BD42F60301F7E770B51446C4
:10147000002500F10C066268EBB29A4205F1010505
:1014800001D8002070BDA268304632F81310FDF775
:10149000F3FEF0E7FFF7EABF30B5144685B0054626
:1014A00002210C30FDF7D1FEA38800220380002327
:1014B000CDE902330023CDE900232846A268A189A3
:1014C000ECF7EEFFA389834214BF6FF00B000020FE
:1014D00005B030BD7FB5154606460C460C300421DC
:1014E000FDF7B3FEAB8800220380EB88043C438009
:1014F0000023CDE902330023CDE900232146304605
:10150000AA68ECF7CDFF844214BF6FF00B000020F7
:1015100004B070BDF7B5089D06460C462F6851B95A
:1015200073B900232A460893E1B23046BC4603B0A3
:10153000BDE8F0406047B1F5807F28BF0E24F0E79A
:10154000009313462A46B847089423462A46214664
:101550002F68EAE7F0B50D4687B0114606461A46F1
:101560000C9C5DB983B92768002322463046BC46EF
:10157000E9B20C9307B0BDE8F0406047B5F5807F55
:1015800028BF0E252768EFE703A8FDF74DFEBDF83D
:101590001030012B08D8002300932246194630460C
:1015A0002568A84707B0F0BD022103A8FDF787FE14
:1015B0000346BDF8102033F8027B0021974228BF74
:1015C00017460097224630462568A847394603A8A3
:1015D000FDF775FEDBE738B5144600F10C05062172
:1015E0002846FDF732FE23890380E3894380237C6C
:1015F000002B42F6010308BF4FF42053838021687B
:101600000B781BB1022B06D0002038BD2846498834
:10161000FDF732FEF8E7102228460131FDF71BFEE8
:10162000F2E738B5154600F10C0404212046FDF719
:101630000CFE2B8903806B894380E9680B782BB9FA
:1016400020464988FDF718FE002038BD10222046AC
:101650000131FDF700FEF7E710B5F0F759FF04463A
:1016600040B1014611F8010BEDF752F90023236058
:101670006360A360002010BD70B500F170060546E0
:101680003146007AFEF76FF904463146287A1CB1DC
:10169000BDE87040FFF7E0BFF0F73AFF10B104601B
:1016A0004460846070BD022A10B508D1002300F1A7
:1016B00070011A46007AF0F7EDFF022010BDFFF727
:1016C000DBFFFAE7F7B51546BDF820601F46FEF7C9
:1016D00048F9022EADF806000ED8C6F10204BC424D
:1016E000A8BF3C460DF1060322462846991903F08F
:1016F00079FE204603B0F0BD6FF00604F9E72DE94E
:10170000F04198461546BDF81860EDF73BFC0746DA
:10171000DEF79CFE83B2B3420CD39C1B4445A8BFAA
:101720004446A4B222462846B91903F05BFE20467F
:10173000BDE8F0816FF00604F9E713B5C9681046FB
:101740000A781C46BDF8103092B94A88022BADF8D1
:10175000062018D8C3F102029442A8BF14462246BC
:101760000DF10601194403F03DFE204602B010BD04
:10177000102B01F1010106D8C3F110029442A8BF59
:1017800014462246EEE76FF00604EEE7F7B5C968A7
:1017900015461F46BDF82060F0F7B2FF00B1008982
:1017A000022EADF806000ED8C6F10204BC42A8BF56
:1017B0003C460DF1060322462846991903F012FE15
:1017C000204603B0F0BD6FF00604F9E72DE9F047BD
:1017D00006460D464FF47020002190461F469DF8A6
:1017E00020A0DDF82490F0F70BFD044688B1456099
:1017F00080F811A0C0F81490C760C0F818804A465D
:1018000051463046FFF776FB054638B92046F0F7DB
:101810001FFD6FF00B052846BDE8F087002201236D
:101820001146F0F763FE2846A56042464946B84790
:10183000054618B12046F0F70BFDECE7214630468F
:10184000FFF790FC05460028E5D0F3E720B51546E4
:1018500082B900F17001007AF0F75AFE024648B1F1
:10186000014685600423BDE8204011F8010B0832D1
:10187000EDF740B820BD38B5144600F10C05022143
:101880002846FDF7E2FC63890380A1892846FDF71D
:10189000F3FC042104F11000FFF71AFD002038BD0D
:1018A00013B5044610B9002002B010BD00238DF816
:1018B000043042F60303006801A9ADF80630FDF7D5
:1018C0007BFD0028EFD1E36898880028ECD1204602
:1018D000F1F74CF9013080B2E6E7F0B5CC681F466D
:1018E000A37987B008468DF804301546BDF83060FE
:1018F000FFF7D6FF2468ADF8050023789BB963880D
:101900000524ADF80730B44219D3A41BBC42A8BFCC
:101910003C4601ABA4B222462846991903F062FD69
:10192000204607B0F0BD631C0DF10702113453F8D7
:10193000041BA34242F8041BF9D11324E3E76FF020
:101940000604EDE71FB5CDE9012300231A460093F5
:10195000F1F73CF905B05DF804FBFFF73BBB38B588
:10196000D40705464B8A04D513F0950F2BD0486851
:1019700048B3900704D513F4957F26D0896821B326
:1019800002EA030414F4DE7F0DD0EB7A2BB928466B
:10199000FEF777FBD8B9052038BD14F0300F04D11D
:1019A00014F4C07F07D10020F6E72846FEF7F6FBC7
:1019B0000228F5D8EFE7D5F89C30002BEBD05B7B05
:1019C000DB06E8D5EFE70220E6E70320E4E70F2097
:1019D000E2E72DE9FF41437B0646072B0C461746FD
:1019E00010D100238DF80C3042F60303206803A9C0
:1019F000ADF80E30FDF7E0FC60B9E3689B7913F0B9
:101A0000300F03D1002004B0BDE8F0812046F1F78B
:101A100083F90446002320688DF80C3042F6021347
:101A200003A9ADF80E30FDF7C7FC18B12046F1F759
:101A300073F90446002542F60218206869468DF8BD
:101A40000050ADF80280FDF7B7FCF0B90023206824
:101A50008DF80C3042F6021303A9ADF80E30FDF7F5
:101A6000ABFC0028CED1E5686C1C653522463046BB
:101A700014F8011CFEF7BDFB18B1B4F807301F4283
:101A8000C1D10A34AC42F1D1BCE742F6030320686D
:101A900001A98DF80450ADF80630FDF78DFC002843
:101AA000D4D04FF42053206802A98DF80850ADF827
:101AB0000A30FDF781FC0028C8D042F601032068F7
:101AC00003A98DF80C50ADF80E30FDF775FC002819
:101AD000BCD02046F1F720F904460028ADD191E7AB
:101AE0002DE9F84314468846942261680646FFF7BC
:101AF00036FF58BB012230466168FFF76AFF48B3E2
:101B0000A2891B2130460232FFF7F4F9054620B3C3
:101B100000F10C0902214846FDF797FB074627F81C
:101B2000028BA1894846FDF790FBA289A16838463F
:101B300003F058FCD4E9041228460123F0F7D6FC40
:101B400029463046BDE8F843FFF7DFBA4FF0FF30D3
:101B5000BDE8F8836FF01500FAE76FF00B00F7E7C8
:101B600070B50B460546144629B921462846F1F7BB
:101B700023FB28B970BD4FF6FF72914207D1218136
:101B80002246284663680021BDE870401847E28974
:101B900001339BB29A422381E7D2F1E72DE9F04F5E
:101BA00089B006461446129F11B913F0030807D0F6
:101BB0003A46002130467B6809B0BDE8F04F18472F
:101BC000C14642F6010AC3F3870302EB8305AC4228
:101BD00007D13A464146304609B0BDE8F04FFFF71D
:101BE000BFBF3A7C6388002A14BF52464FF420528C
:101BF000ADF802201022ADF808301FFA83F83B68D8
:101C0000B4F800B000210DEB020001938DF80090B4
:101C100003F00FFC01AB06933A4630467B68CDF8E3
:101C20000CD0ADF81CB003A9984704340028CED1DD
:101C300009B0BDE8F08F2DE9F0478EB00746164693
:101C4000169D31B12A4600216B680EB0BDE8F04701
:101C50001847ABB11278062A02D0142A10D10221FB
:101C60004FF00008C246013B8DF810109CB206F1FF
:101C700001093378A3420BD914B9B8F1000F52D13E
:101C80002A46002138466B6898470EB0BDE8F087B9
:101C90001422002109A803F0CCFBB9F8002093B26C
:101CA000002BEDD0B9F802101FFA81F8B8F1000F3F
:101CB000E6D04345E4D89DF8103013B3022B25D06D
:101CC0002B7CADF80C10002B42F6010308BF4FF43B
:101CD0002053ADF8063004AB029301AB099302AB7D
:101CE000ADF834200C932A4638466B688DF804A072
:101CF00009A998470028C8D03378E41AA4B29944B7
:101D0000B7E7B9F80430ADF81230D9E709F10403A8
:101D10000DF1110009F1140C53F804EB634540F880
:101D200004EBF9D1CCE72A46414638460EB0BDE86F
:101D3000F047FFF715BFF0B5102B8FB00546149C88
:101D400006D02246002163680FB0BDE8F040184776
:101D5000638904A8ADF80C30A3892689ADF80E304C
:101D6000022302908DF8103002F110010DF11103E1
:101D700052F8047B8A4243F8047BF9D12168C1B947
:101D8000002142F6020310220AA88DF80410ADF8D3
:101D9000063003F04EFB01AB099302AB0C932246D5
:101DA00028466368ADF8346009A9984728B90FB090
:101DB000F0BDFDF701FB0028E2D02246284621892C
:101DC000FFF7CEFEF3E72DE9F04F8FB00746189DE1
:101DD000002940F09E80002B00F09B8010780128A5
:101DE0001DD0022840F095804FF01209013B9BB2B4
:101DF0004B458DF81000C0F08C804FF00008B3FB0D
:101E0000F9FBC246541CCDF8008004AEBBF1000FB4
:101E100009D12A4638460099FFF7A2FE76E0084627
:101E20004FF00409E2E723880193BDF804300093E2
:101E3000B8F1000F53D19DF81030002B37D0022B92
:101E40003CD02968002945D12B7C042B4DD14FF47F
:101E50002053304602A98DF808A0ADF80A30FDF7EE
:101E6000ABFA00283BD042F60103304603A98DF8B7
:101E70000CA0ADF80E30FDF79FFA80B342F60203D6
:101E8000304609A98DF824A0ADF82630FDF794FA64
:101E900028B342F60303304609A98DF824A0ADF813
:101EA0002630FDF789FA00BB4FF0010819E0A3784E
:101EB000E27843EA0223ADF81230C2E7A31C0DF129
:101EC000110204F1120153F8040B8B4242F8040B87
:101ED000F9D1B6E73046FDF76FFA0028B4D04FF0DD
:101EE00000080BF1FF3B4C4490E7102200210AA8A8
:101EF00003F09FFABDF804302A46ADF83430384676
:101F00006B68099609A998470028EAD10FB0BDE887
:101F1000F08F2A46002138466B689847F6E72DE98E
:101F2000F74F0C9C804691461D460E4641B96BB951
:101F30002568002322460C93F1B24046AC4626E0C9
:101F4000B1F5807F28BF0E262568F2E76368002B75
:101F50004CD1013D2789B4F80AA0ADB2561C3DB35F
:101F600031888AB2002A5CD099F80030D4F800B0E9
:101F7000AB428CBFAB1E023B97429BB201D892454D
:101F800009D2002322460E214046DC460C9303B0C2
:101F9000BDE8F04F60472181224600930021404672
:101FA000B31CD84700283CD099F80030AB420BD97D
:101FB00021464046F1F792FB002832DA00230C93C9
:101FC000256822460E21B8E7238962899A4205D105
:101FD00000230C93256822461946AEE7013323817E
:101FE00099F80030ED1AADB21E44B8E700951346DB
:101FF00027682246B847A0B1238A013B9D4203DAF5
:102000000C9633462568E6E7638921461D44404621
:102010006581F1F763FB002803DA0C9633462568E7
:10202000CFE703B0BDE8F08F2DE9FF479046DDE92B
:102030000D9A427B1E46072A05460F469DF8303012
:1020400035D1C27A12BB0BB3D22106F10E02FEF7D4
:1020500051FF0446A8B102210C30FDF7F6F800222A
:10206000078000230027CDE9002331464246204661
:10207000CDE90277ECF714FA86420BD02046ECF754
:10208000F3F96FF00B0004B0BDE8F0875221284649
:10209000B21CDCE7494620463B465246F0F726FA9A
:1020A0002146284604B0BDE8F047FFF72EB86FF090
:1020B0007F00E8E773B504460D46F9F7ABF829460B
:1020C0002046FFF76CF8014620B902B0BDE8704029
:1020D000F9F7B4B846682046F0F7DEF9F9F7AEF83C
:1020E0002EB100230E211A4620460095B04702B0BB
:1020F00070BD2DE9F8438C680646904699461CB39E
:10210000256805B1143D34F80C3C434519D1143C05
:1021100007E02C466D692389C5B14345A5F1140537
:10212000F7D1727AA37B9A420BD34A4621463046B6
:102130002768BDF82030B84718B921463046F1F776
:10214000F1FB2C46002DE5D1BDE8F8834345E8D0EE
:10215000FAE7F7B50D46044616461F46F0F7ECFAC7
:10216000014628B133462A4620460097FFF7C1FFB3
:1021700003B0F0BDF0B587B005460E461746F0F740
:10218000DBFA044640B13A46314603A8FDF74CF865
:10219000BDF81030042B01D807B0F0BD042103A80E
:1021A000FDF78DF8BDF8101046880288B142F3D3D0
:1021B0002146031D00962846FFF79BFF314603A8E2
:1021C000FDF77DF8E4E701207047F8B506460F46B5
:1021D000F0F7BAF9394604463046FDF7C4FBF0B1D2
:1021E000ECB104F108056FF001012846FFF762F831
:1021F000C30703D539463046F1F788FC2846FFF778
:1022000064F860B9234603F8010BC4F80100C3F871
:102210000300D5E8EF3FC5E8E20F002AF9D1F8BD89
:1022200038B5A0F1EF05441C15F8010C29460C3512
:10223000FFF7CBFFA542F7D138BD21B100F1700106
:10224000007AF1F763BC70470720704708B5062194
:10225000FEF700FA00B1EC3808BDD0E8AF0F084136
:1022600000F001007047034610B5D9B1C88910F0DD
:10227000240F17D01A7D5C7B097BA24228BF22461F
:10228000914201D9002010BD820604D4187A00388A
:1022900018BF0120F7E70521181DFFF7DEFF002812
:1022A000F4D1EFE70120EEE701238B40DB43D0E8D8
:1022B000EF2F1A40C0E8E12F0029F8D1704770B520
:1022C00000230446EC300D46FEF70DF920B12846F8
:1022D000BDE87040ECF7C8B804F5A0704FF4702268
:1022E000BDE870400023F8F75DBD01238B40D0E8C6
:1022F000EF2F1A43C0E8E12F0029F8D1704708B545
:102300000E21FFF7F2FF002008BD2DE9F041D0F8C3
:10231000EC600446F57890B0002D5DD1CF681022B6
:1023200029460CA803F085F8237A052B1DD8DFE891
:1023300003F0060303061C21D4F8D8300C9306F1F1
:1023400077030DF1200802937E3604F11103009308
:10235000CDF80C8001960CAB04F1270204F1370193
:1023600004F1C70000F0ACFDA8B10825284610B064
:10237000BDE8F081D4F8E030002BE0D00DF1300C56
:1023800003F1100E624618685968083303C273459A
:102390009446F7D1D3E710223946404602F00FFFAA
:1023A000C0B9227D637BCDE906009A4294BF0092BA
:1023B0000093ADF8140004F14703D4F8EC0005AA2B
:1023C00006A9FDF775FE0028CFDB0121201DFFF7D0
:1023D0008CFFCBE70B25C9E70025C7E738B50546D5
:1023E0000B4604300D21FFF738FFA0B1DC68D5F8AB
:1023F000EC300220197A03F1700200F0B4FC80B1D5
:10240000224600F12A0304F1100152F8040B8A421B
:1024100043F8040BF9D128460921FFF766FF002095
:1024200038BD0820FCE738B505460B4604300D21C1
:10243000FFF713FFA0B1DC68D5F8EC300420197A5F
:1024400003F1700200F08FFC80B1224600F11A0304
:1024500004F1100152F8040B8A4243F8040BF9D13D
:1024600028460721FFF741FF002038BD0820FCE780
:1024700070B5051D0E4628460421FFF7EEFE68B133
:102480000022002100230846FEF72AF8044640B93E
:1024900004212846FFF729FF204670BD4FF4702223
:1024A000EFE701210C30FCF7D0FE0670F4E738B5F9
:1024B00004210446FFF7DCFF0546A0B110210C30D3
:1024C000FCF7C3FE04F1270304F1370253F8041BA1
:1024D000934240F8041BF9D1204600222946FFF719
:1024E000EEFE002038BD0820FCE738B5CD68044674
:1024F0000B210430FFF7D8FE2B4604F1170205F13B
:10250000100153F8040B8B4242F8040BF9D1D4F8B4
:10251000EC30DB783BB920460421FFF7E6FEBDE84E
:102520003840FFF7C4BF002038BD2DE9F043044612
:102530008DB008AE10220021304602F07AFF237AD7
:10254000052B1ED8DFE803F0060303061D21D4F88F
:10255000D8300893D4F8EC3004F1470204F1C707EF
:10256000CDE9017204F1270803F17E0204F1370975
:10257000009241464A46773304F19700F2F7D2FCC5
:1025800098B108200DB0BDE8F083D4F8E430002BFA
:10259000E0D0354603F110072A4618685968083319
:1025A00003C2BB421546F7D1D4E7D4F8EC3004ADF2
:1025B00003F17E027733019304F10A030292009340
:1025C0004A46334641463846039500F079FC0028D8
:1025D000D7D10D212046FFF788FE0D21FFF748FFD8
:1025E00007460028CDD010210C30FCF72EFE2A46DD
:1025F0000346154603CDB542186059602A4603F1DB
:102600000803F6D1204600223946FFF758FE002085
:10261000B8E707207047012303FA01F1CA4330B538
:10262000D0E8EF3F03EA0204C0E8E54F002DF7D100
:10263000194214BF0120002030BD70B500F17006B2
:1026400004460D4607223046096802F0B8FD40B93D
:102650006B681A6822679A88A4F874209B7984F8BA
:10266000763070BD70B504460025D0F8EC60031DCF
:10267000D3E8EF2FC3E8E15F0029F9D104F5A0709A
:1026800002F04BFB2572D4E8EF3FC4E8E25F002A7A
:10269000F9D1F3782BB92046BDE870400B21FFF744
:1026A00024BE70BDF0B589B0DDE90E67054630780F
:1026B000109C8DF80000387801F1100C8DF80100A5
:1026C0001068CDF8020090889279ADF806008DF878
:1026D00008201A686846CDF809209A889B79ADF8D9
:1026E0000D2022468DF80F3011F8013B10F801EB58
:1026F000614583EA0E0302F8013BF5D122462146EB
:102700002846FDF793FB034628BB07932346B7F8FB
:102710000520D7F80100ADF81420D6F80120049068
:10272000CDF81620B6F8052004F11000ADF81A20F7
:1027300004A913F8016B11F8012B834282EA060207
:1027400003F8012CF5D122462146284609B0BDE800
:10275000F040FDF76BBB09B0F0BD7FB50321054626
:10276000D0F8EC40FFF784FE0646C0B110210C30D3
:10277000FCF76BFD04F17E03773402900193009423
:1027800005F1100305F1090205F1270105F14700E4
:10279000FFF788FF044628B13046EBF765FE0820B6
:1027A00004B070BD024631462846FFF788FD281D5B
:1027B0002146FFF779FD2046F2E72DE9F7430B9F0D
:1027C0000446CDE90023FFF741FD0546002800F04F
:1027D0008580BDF82880061DB8F1000F2AD1DDE9FB
:1027E0000032134326D103213046FFF736FD00287F
:1027F00058D001213046FFF730FD002852D02C7D03
:102800006B7B05F147019C4228BF1C462246384697
:1028100002F0E8FD0F2C05D80021C4F11002381990
:1028200002F007FE30460121FFF75FFD012003B0F3
:10283000BDE8F083D4F89C30BBB904F170094A4676
:102840002020217AF2F7D6FAC4F89C0030B94A4623
:102850000120217AF2F7CEFAC4F89C00B8F1000FFB
:1028600003D1DDE90032134320D0D4F89C80B8F1C5
:10287000000F26D0B8F80E30DB0722D508226946B3
:1028800008F1400002F09BFCD8B902220AA908F125
:10289000480002F094FCA0B998F80C4008F14A01F5
:1028A0002246B4E7D4F89C30002BC6D0D4F89C1054
:1028B0000029DAD0CB899A06D7D50C7B1A3122466B
:1028C000A5E70F213046FFF7C8FC20B10222062100
:1028D0002046EEF721FA2846FFF7C4FE0020A6E7BF
:1028E0006FF085007047F7B5C3780446002B5FD1C1
:1028F000FFF7ACFC054600285DD0061D03213046DD
:10290000FFF7ABFC20B16FF00F04204603B0F0BD21
:1029100001213046FFF7A1FC0028F4D10C21201D35
:10292000FFF79BFC28B1204603B0BDE8F040F1F76B
:10293000DFBBD4F89C3083B904F170073A462020FD
:10294000217AF2F757FAC4F89C0030B93A460420CD
:10295000217AF2F74FFAC4F89C00D4F89C100029B1
:10296000E1D0CB8913F0240FDDD0A27A022A09D955
:10297000487BC007D7D5032A04D09B06D3D50B7B51
:10298000102BD0D10B7B2046009301F1180201F1EE
:102990001A031031FDF78CFB04460028B5D12846F8
:1029A0000B21FFF7A2FC01213046FFF79EFCACE7AC
:1029B0006FF01504A9E76FF07F04A6E7F8B5031DD3
:1029C00006460F4618460221FFF747FC044620B191
:1029D000B6F8E840B4FA84F4640903211846FFF716
:1029E0003CFC58B139463046F1F77CFF052194B1E3
:1029F000D6F8EC00FDF743FC0020F8BD0121184695
:102A0000FFF72BFC0028EDD10F211846FFF725FC1E
:102A10000028E7D1EAE73046FFF72AFD054688B1EE
:102A200001210C30FCF711FC234607702246294691
:102A300006F1EC00FDF757FD0028DDD02846EBF746
:102A400013FDD9E76FF06800D7E770B5044608209A
:102A5000F1F720F90546E8B1061D08213046FFF7D9
:102A600023FC002C3CD00721FFF71EFC234605F178
:102A7000970204F1200153F8040B8B4242F8040B37
:102A8000F9D10A213046FFF7E8FB70B10921304641
:102A9000FFF72BFC0720F1F7FDF8044610B3F1F720
:102AA00049F90146F0B1204617E010213046FFF702
:102AB000D4FB09210028EAD13046FFF7CEFB0028DD
:102AC000E8D0D5F8EC30DB78002BE3D12846FFF7CF
:102AD0002CFD01460028DDD02846FFF76FFFD9E71F
:102AE0000B21F9E770BD70B50B460446D0F8EC50E9
:102AF0000D210430FFF7B1FB80B10420297A05F1E4
:102B00007002DE6800F02FF968B3324632F8023BFB
:102B10000383D6F8023003615368436194F8E930C7
:102B200023F0010284F8E9209A070AD508212046FB
:102B3000FFF7DBFBEB7843B1B4F8E81079B1002084
:102B400070BD5B07F6D50A21F1E794F8E930002B58
:102B5000F2D12046F1F704F90028EDD0F0E7204645
:102B6000F1F7C0FEEBE70820EAE72DE9F0410E4659
:102B70000446D0F8EC80F1F7A1F8F768261D054669
:102B80000A213046FFF747FD38B16DB92046397844
:102B9000F1F7A8FE0020BDE8F0810B213046FFF7D9
:102BA0003AFD0028F1D1F1E72B69002BEED0404629
:102BB0009847EBE770B50446A0F1EC0650F8543B9B
:102BC000E83CD3F89C5002F0A8F803212046FFF718
:102BD00044FBA0B108213046F1F784FE3DB1EB89FA
:102BE00013B16B7B9B0702D5284600F0D0F8304626
:102BF000BDE870404FF4BC72002102F01ABC012104
:102C00002046FFF72AFB0028E4D10F212046FFF7DA
:102C100024FB0028DED1E1E710B504460821A0F529
:102C2000A070F1F75FFEA4F59E700421BDE810408E
:102C3000FFF75BBB08B59AB98378012B10D1062149
:102C4000FDF76BFC10F8043C23F0010300F8043C92
:102C500030F8041C21B9BDE80840EC38F1F742BE59
:102C600008BD70B50446FFF7F1FA0546002863D0A9
:102C7000061D03213046FFF7F0FA00285CD0D4F897
:102C80009C0008B100F083F8207A04F17001F2F79B
:102C90004FF8C4F89C0028B92846BDE870400821C8
:102CA000FFF78CBE0E213046FFF7D7FA28B1D4F8D3
:102CB0009C20537B43F0020353732A7AD4F89C1070
:102CC000032A4B7B39D8002A3ED0D4F89C20537B72
:102CD00043F0010353736B7B297DD4F89C208B4216
:102CE00028BF0B46304613730521FFF7B6FAD4F818
:102CF0009C305A7B88B342F010020D2130465A7343
:102D0000FFF7ABFAC0B12021D4F89C0000F03BF8EB
:102D1000D4F89C3005F147021A33573552F8041B9A
:102D2000AA4243F8041BF9D10023D4F89C20136174
:102D30005361D4F89C20138370BD053A012A03D84F
:102D400043F020034B73C0E723F020034B73D4F808
:102D50009C20537B23F00103BCE722F010025A733E
:102D6000EAE7ECF797BD70B504460D461646F2F754
:102D700041F838B931462846F1F7DAFF10B1C38976
:102D80001C43C48170BDC3891943C181704710B50C
:102D9000037A04465B0701D5ECF714FE214611F8CF
:102DA000010BEBF70FFE2046BDE810405C2200212E
:102DB00002F03FBB70B506461446184698B00EB3F5
:102DC000502204A9A047041E1CDB304602A9FCF7D0
:102DD000CBFA0546B0B9304601A9FBF737FB01989D
:102DE00050B994B1002002A9F1F7A2FF00B3502C12
:102DF00018D0FFF7CCFF05E00A222946F8F7D2FFEA
:102E00000028EED06FF0150509E021463F2002AA08
:102E1000F1F7F0FF18B15C22214602F00AFB2846C8
:102E200018B070BD224604A90C3002F0DBFAF6E7B8
:102E30006FF00B05F3E702460146502311F8010B32
:102E40000C32EBF7B1BD531E1944024411F801399D
:102E500000F8013B9042F9D1704710B5431E00F1D4
:102E60001002073013F8011F12F8014D83421C7045
:102E70001170F7D110BDF0B50E4614461D4697B03F
:102E80000146202205A81C9FFFF7DDFF20223146C6
:102E90000DA8FFF7D8FF2146102201A88DF8545045
:102EA000FFF7D1FF3B46412205A901A800F058F8E1
:102EB000044610B93846FFF7D0FF204617B0F0BDE2
:102EC0002DE9F04316461D4697B00446DDE91F98EC
:102ED000102205A8219FFFF7B6FF1022314609A84E
:102EE000FFF7B1FF102229460DA8FFF7ACFF032220
:102EF0001E9911A8FFF7A7FF494611F8013BD9F821
:102F000001008DF847308B880622129012A8ADF888
:102F10004C30FFF798FF414611F8013B06228DF82F
:102F20004E30D8F801300DF14F00CDF84F308B887E
:102F3000ADF85330FFF787FF2146102201A8FFF7B5
:102F400082FF3B46412205A901A800F009F804468A
:102F500010B93846FFF781FF204617B0BDE8F0836F
:102F600070B5C2B00D461646014616AA68461C4604
:102F7000FBF78BFD18B96FF0040042B070BD32460C
:102F800029466846FBF7ACFD0028F4D06946204688
:102F9000FBF710FE0028EED00020EEE710B5036925
:102FA0000446C0E905330023C360837F13B1407A30
:102FB000F3F77CFA0123237700236377E377A37782
:102FC00010BDF7F763BBF7F7D9BB0378027903F0BD
:102FD0000F011AB959B14FF0FF3070470829FAD8DC
:102FE000012A04D183F0080040F3C000704743F386
:102FF000C000704738B50446F2F72AF8054660B1BC
:10300000037A6BB120460024F3F7D2FA2846AC7756
:10301000FFF7C4FF20462C7238BD6FF01500FBE7A8
:103020006FF07700F8E770B504460E461546F2F7E4
:10303000EFFC30B906B925B12046BDE87040F2F783
:103040002FBD70BDC34300F00F00C3F3C01300EBEE
:103050000310704708B5F2F791FD818208BD08B5ED
:10306000F2F78CFDEFF31183202282F31288BFF375
:103070006F8F02690A60027B2AB9807D83F3118811
:10308000BFF36F8F08BD0420F8E700692430F7F71D
:10309000E3BB38B50C46097E022903D0042910D0C1
:1030A00051B90121056904F10C00FCF7F7F8228AF7
:1030B000E168281DFAF7C3FE2046EBF7D5F900209A
:1030C00038BD0521EEE738B5046900200D46F3F759
:1030D0008DFBB0B9E06BFAF76BFE10B110F1780F11
:1030E0000FD1E06B04F10C02211DFAF77DFE40B90F
:1030F0004FF40042002304F12400F7F7D1FB00B99C
:10310000256038BD002210B51146046940F6034021
:10311000ECF744F8034670B9201DFAF779FE034630
:1031200048B9E06BFAF752FE034620B900F005F803
:10313000034600B92060184610BD08B50020EBF723
:10314000F7FA002008BD0C220369C9B201FB023363
:10315000986F00F00700704770B5C9B20369EFF3CC
:103160001185202484F31288BFF36F8F0C2606FB91
:103170000134A46F14F0C00408D0A24206D085F335
:103180001188BFF36F8F4FF0FF3070BD012206FB37
:1031900001339A6785F31188BFF36F8F436803EBA0
:1031A000C1035B6898470020EFE78022FFF7D4BF98
:1031B000F8B5069F0469C9B2EFF31186202585F39F
:1031C0001288BFF36F8F0C2505FB0144A56F05F036
:1031D000070CBCF1010F0CD1A76786F31188BFF370
:1031E0006F8FC4E91C23436853F83130984700209F
:1031F000F8BD05F0C005AF4286F31188BFF36F8FAD
:103200000CBF6FF077004FF0FF30F1E713B580246B
:103210000094FFF7CDFF02B010BD10B41C2400696C
:10322000CBB203FB0400002110BC10470320F5F7CC
:1032300051B90220F5F74EB90020F5F74BB903203C
:1032400000F016BC022000F013BC1046F7F704BBD8
:1032500008B5F3F7C7FCBDE80840002000F008BC43
:10326000F3F75ABC00239B68FFDE4FF0FF30704736
:103270004FF0FF30704718B901F11800F7F7ECBABA
:10328000704737B50D46416811B3D1E90013846822
:1032900004B3D4E90024F4B1EBB19C421ED1013354
:1032A000092B1BD88DF8013040F20113ADF8023024
:1032B000002300788DF804308DF8000068468DF802
:1032C0000550F6F79FF903B0BDE83040F3F7C0BCF6
:1032D0000B46DCE7224601332344E1E76FF015009B
:1032E00003B030BD7FB5FF238DF803300DF103032C
:1032F000002101930123CDE90231052303A88DF8B4
:103300000C3001AB04910593FFF7BBFF0028A8BF69
:103310009DF8030007B05DF804FB1FB5002188424B
:103320000CBF0623042301A8CDE9011103918DF8F8
:103330000430FFF7A6FF002818BF6FF0040005B0A7
:103340005DF804FB10B50446026902F13003D3E8CE
:10335000EF1F0139C3E8E01F0028F8D192F834309C
:103360003BB94FF050230222C3F8B82509B9F6F74C
:10337000B3F92069BDE81040F7F76EBA10B50469DB
:1033800004F13003D3E8EF1F0131C3E8E21F002A44
:10339000F8D100694FF0FF334FF0FF32F7F780FAB2
:1033A00094F8343043B94FF05022C2F8B8350720B2
:1033B000BDE8104001F01BBA10BD38B505460C46FB
:1033C00000F0D8FB002D07DBA84205D9401B844242
:1033D0008CBF0020012038BD0020FCE770B50D46F1
:1033E0001946284616461C46FFF7E7FF38B124B1B8
:1033F00022462946304601F0F5FF002070BD6FF0EF
:103400001500FBE7436800205B681B690B60704791
:10341000436802EA01005B6821EA0201986000202B
:10342000D9607047436800205B68996070474368C3
:1034300000205B68D960704743685A68536821EA86
:1034400003000B4090600020D360704710B5036903
:103450005868F8B1884219D19C680868A142586040
:1034600000D19860002008602AB15A680A609A6802
:10347000596002B99960002010E0814206D10868C5
:10348000206098688142EDD19C60EBE704460068BB
:103490000028F2D1002AE8D16FF0150010BD0829EC
:1034A00013B528BF08214FF47F020C46D2F804322E
:1034B000D2F808221BBA12BA00920A466946019352
:1034C00001F090FF204602B010BD30B451F82050FA
:1034D0000C4601EB80023DB10146AC46D4F88000B9
:1034E000002330BC126C604730BC704710B50069D7
:1034F0000F299FBF00EB810440F8212023640020A6
:1035000088BF6FF0150010BD002070471020704775
:103510000F290ED843685B68CB40DB0709D5012231
:103520008B00DBB203F1A04303F5283300201A60BF
:1035300070476FF01500704738B50F290C460569C4
:1035400033D843681B68CB40DB072ED5D5F88410F1
:1035500021FA04F303F001031AB99BB96FF0770065
:1035600022E0002BFAD111B92A20EAF7C3FB01228D
:10357000D5F88430A2401343C5F88430E0B2F5F7A3
:10358000D9FC0AE0E0B2F5F7DDFC0122D5F8843081
:10359000A24023EA0203C5F88430D5F8843013B979
:1035A0002A20EAF7B5FB002038BD6FF01500FBE7D5
:1035B00030B543681360057A446804EBC504A34240
:1035C00002D36FF0010030BD5C798C4201D008332A
:1035D000F0E70020F7E743681B68D3F88004C3F8DE
:1035E0008004704742681368D3F8100150B100207E
:1035F000126A12780A70C3F81001D3F81021012260
:103600001A6070474FF0FF307047002A0FDD4268A4
:103610001368D3F8100158B10020C3F81001D3F893
:1036200010010120126A12780A7018607047002099
:10363000704710B5436819680369EFF311822020C1
:1036400080F31288BFF36F8F002418688473012001
:103650001B68D8734FF48003C1F8043382F31188D8
:10366000BFF36F8F10BD012103691A6891730022A7
:103670001B68DA737047026903461168C87B40B162
:103680005B681B68D3F8580118B100230B611368FD
:103690009889704743681B68D3F81001003818BF39
:1036A00001207047102243681B68C3F80423704749
:1036B000102243681B68C3F8082370474FF4007258
:1036C00043681B68C3F8042370474FF400724368D3
:1036D0001B68C3F80823704738B5436804461D6863
:1036E000D5F804335B0205D4D5F8040310F01000BC
:1036F00006D138BDFFF7BFFF0028F5D00120F8E75D
:103700002046FFF7C7FF003818BF0120F1E701206E
:1037100070470369186801601B685A607047026847
:103720000346D2F8580140B95B68DB0706D4D2F8EB
:103730002001003818BF012070470120704710B4E5
:10374000436802691B68D3F80413C90517D5D3F879
:103750002011A1B1EFF31181202484F31288BFF36B
:103760006F8FD3F8204134B10024C3F82041D3F83F
:1037700020410124DC6081F31188BFF36F8F14684E
:10378000D3F858115CB161B1002121611468A47BA8
:103790003CB14FF48000C3F808031368997310BC60
:1037A0007047D3F8241121B10021C3F82411D3F8B4
:1037B000243112681368002BF1D0516810BC1847EF
:1037C0002DE9F04106690546336801279C891033CD
:1037D0009442A8BF1446D3E8EF2F002A03D1C3E8D0
:1037E000E07F0028F7D10CBF3B4600232BD1336884
:1037F0002246986801F0F6FDEFF31188202383F349
:103800001288BFF36F8F69680846FFF788FF326838
:1038100040B90446106188F31188BFF36F8F2046CA
:10382000BDE8F0810B689268C3F844250022C3F814
:103830004845C3F82021D3F82011C3F85821D3F804
:1038400058219F60E7E71C46E9E7002200F150039A
:103850009B009BB203F1502303F580331A601B6871
:10386000704708B5F4F73EF908BD034670B40C463E
:10387000DA88006819792243012405698C402B6895
:1038800012F0010F866814BF2343A3432B603368F3
:1038900070BC1847012303FA01F103691B68194240
:1038A00003D022B183681B6903E0002AFAD0836841
:1038B000DB68184740EA01030F2B01D8F4F7F2BA8E
:1038C0006FF0150070470F21FFF7F4BFF8F78CB8C1
:1038D00008B5E9F795FEE9F77BFFBDE80840F8F782
:1038E00083B8004700F083BF40F00040C1F880007B
:1038F000704740F00040C1F88000704740F0004041
:10390000C1F88000C2F880007047F4F7E3BE73B5D9
:1039100003285DD8DFE800F0021826344FF050236A
:103920000222C3F808230122DA600022C3F804212E
:10393000D3F80431002401238DF80730032847D839
:10394000DFE800F02C4865824FF050230122C3F8D5
:1039500008235A600022C3F80021D3F800310DF18A
:103960000704E8E74FF050234FF40072C3F8082330
:1039700001225A620022C3F82421D3F82431D9E766
:103980004FF050234FF48072C3F808230122DA610C
:103990000022C3F82021D3F82031CBE742F2107582
:1039A0004FF05026D6F8183403F4803334B97BB185
:1039B0000120FFF797FF013DF4D109E0D6F8182464
:1039C00002F0030222701BB19DF807000128F0D01D
:1039D00002B070BD42F210754FF05026D6F80C348C
:1039E00003F480333CB9002BF2D00120FFF77AFFBB
:1039F000013DF3D1ECE7D6F80C2402F0010222706D
:103A0000002BE5D09DF807000128EFD0E0E742F257
:103A100010754FF05026D6F85C3403F480333CB96F
:103A2000002BD5D00120FFF75DFF013DF3D1CFE79B
:103A3000D6F85C2402F001022270002BC8D09DF859
:103A400007000128EFD0C3E742F210754FF050266F
:103A5000D6F85434DB03BBD52CB90120FFF742FF65
:103A6000013DF5D1B4E79DF807000128F6D0AFE796
:103A7000FFF74DBFF7B51646DDE90847019001A8ED
:103A80001D46F4F72DFE019BB6F1000C18BF4FF058
:103A9000010C00EB83000B1E18BF0123002D43EA2D
:103AA0004C0314BF4FF00C0C4FF0000C002C43EAF9
:103AB0000C0314BF4FF4706C4FF0000C002F43EA5E
:103AC0000C0314BF4FF4403C4FF0000CD0F8002220
:103AD00043EA0C0322EA030301B109780EB13678F8
:103AE000760019430DB12D78AD0031430CB1247827
:103AF000240229430FB13F783F040C433C43C0F8F4
:103B0000004203B0F0BD1FB50DF10F030193002378
:103B10008DF80F101A4619460093FFF7ABFF05B05A
:103B20005DF804FB38B5054608460C46F4F72CFE54
:103B3000B0B10846F4F71CFE90B90846F4F70CFE45
:103B400001232A688340C2F808332A6803B202EBD3
:103B50008303D3F8102522F00302C3F8102538BDE3
:103B60002046BDE838400021FFF7CDBFF4F790BEF6
:103B7000FFF7D8BF4FF4801070474FF48050704764
:103B80004FF48070704708B5F5F782FABDE8084039
:103B9000F4F73EBD4FF05023D3F8B825920707D174
:103BA000D3F8580500F00300013818BF0120704712
:103BB000012070470223F5F7F9BA0323F5F7F6BAA7
:103BC00000210220F5F7A4BD37B50C46154690B18B
:103BD000037883B179B10B786BB162B101A9F5F7C4
:103BE000D5FE50B9019883684BB12A46214603B0EF
:103BF000BDE8304018476FF0150003B030BD6FF0DE
:103C00001200FAE701464068C36803B118477047DD
:103C10002DE9F04389B0109E044689469046002164
:103C2000202268461F46129D01F003FC1F2E97BFFD
:103C300001234FF0FF33B34003F1FF332361119BA6
:103C4000C4E90098C4E902766361183445B10FCD28
:103C50000FC495E80F0084E80F0009B0BDE8F083B9
:103C60006D46F4E773B50468661C31D08568A942D7
:103C70002ED264182CD05E18AE4288BF6B1A056A2B
:103C800035B100930523A8470346184602B070BD1E
:103C9000BFF35B8F1946A41A101919B140EA020547
:103CA000AD070AD103290DDC013811448A42ECD05A
:103CB00010F8014F02F8014BF8E70078013902F8DB
:103CC000010BE9E750F8044B043942F8044BE9E7EB
:103CD0006FF02103D9E773B50468651C32D085689D
:103CE000A9422FD264182DD05E18AE4288BF6B1A3D
:103CF000456ACDB100930523A84702B070BD12F804
:103D0000015B013905701546A01819B140EA020699
:103D1000B607F4D103290ADC013D014488420CD1E5
:103D2000BFF35B8F1846E8E71946A41AEBE755F88E
:103D3000042B043940F8042BECE715F8012F00F8A8
:103D4000012BEBE76FF02100D7E773B51C46036842
:103D500015465A1C29D08268914226D25B1824D07D
:103D600066189642866A88BF541A36B105232A46D9
:103D70000094B047204602B070BD184622464AB9AA
:103D8000294601F056FBBFF35B8FF3E700F8015BB8
:103D9000013AF4E78307F9D14FF001336B43032A6B
:103DA000EEDD40F8043B043AF9E76FF02100E2E76A
:103DB0000020704710B4046B02460B4684B9C168FA
:103DC0001F2998BF23FA01F4416861B180688342DA
:103DD00009D21069184051F82430184410BC7047BB
:103DE000234610BC18474FF0FF30F7E730B5059C6D
:103DF000C4E90002039A21811989E260049A618171
:103E000021856261D3E9002502EB0113C4E90612A2
:103E10008A1C236203EB42036A1C13446D422B404D
:103E20006362836953B90139E2698B4202EB031281
:103E300006DB002393736FF07F03D373002030BD44
:103E40000133D381F0E72DE9F04FB0F830A00446FC
:103E50005546002685B002EB030891460E9A00EB0A
:103E6000CA031FFA88FB9A63A3F83CB008F1FF323B
:103E7000C3690F1D0192B0451ADC238D2586A3EB83
:103E80000B032385236A61895A8801390A4003EBB1
:103E90004203A3F804A0BFF35B8F0020226A53887B
:103EA00001335380638D0133638505B0BDE8F08F26
:103EB000E06A2A0157F8041C03EB05150293036816
:103EC0000392C91A83680837994228BF4FF0FF311F
:103ED000FFF770FFDDE90232985000226A6057F860
:103EE000082CAA60019A9642ACBF00220122B1457B
:103EF000D8BF42F00202AA810136ED89BBE7F0B5D6
:103F000050B3456A448E6B88A34230D0631C43860D
:103F10004389BFF35B8F013B1C4005EBC4056B6815
:103F20009EB209B1AD680D60D0F81CC09BB20CEB1D
:103F3000031100EBC3039D8F078D2F44013D0785BF
:103F40009D878D896F070ED5058ECD810021068650
:103F5000986B996302B11480F0BD9D8FC989013DB2
:103F60000CEB01119D878D89ED07F6D4ECE700205D
:103F7000F2E7C36903EB01139868704770B5C36932
:103F8000C56A09015E586B6BE3B92C69621C09BFF5
:103F90006B6834401C68341B21462846FFF70AFF33
:103FA000864207D02B6901331C44AB689C42F3D393
:103FB0004FF0FF342868431C09D0AB68A34206D9F0
:103FC000204470BD3146284698470446F2E7002059
:103FD000F7E770B5BFF35B8F0D46016A1646838E17
:103FE0004A8804469A4212D05A1C82864289013A73
:103FF000134001EB43018988298089B2FFF7BEFF96
:104000002A88E36903EB02139B68336070BD0020CC
:10401000FCE710B5026893691269920017D543B99D
:10402000438E026A81694489013B1B1B02EB4102FA
:10403000938003689B69012B08D1838E426A816952
:104040004089013B1B1A02EBC102938010BD23B9CA
:10405000026A138843F00103138003689B69012BF4
:1040600001BF426A138843F001031380EEE710B5E5
:10407000BFF35B8F036804461A699B6912F0005F07
:104080001AD07BB9036A426A5B888169013B02EB03
:10409000C10292889B1A628D9BB29A4214D8002367
:1040A000638510BD012BFAD1436A026A5B8881697E
:1040B000013B02EB4102ECE763B9436A1B88DB4337
:1040C00003F00103002BEAD06369002BE7D0204600
:1040D0009847E4E7012BE2D1036AEFE7036A828E97
:1040E000598891420AD0418901390A4003EB4203C1
:1040F0009A88C36903EB02139868704700207047E1
:10410000BFF35B8FC36803B1184770474FF0FF32AE
:104110004FF0FF33F6F7C4BB10B1C36A0133C3627B
:10412000704738B1C26A013AC2621AB9026B02B171
:1041300010470262704770B50446056A05F16406CF
:104140003046FFF7E3FF636AA3F580637F2B0BD84C
:1041500001225909503503F01F039A4055F82130C8
:1041600023EA020345F82130D4E90F124A60E16BDB
:1041700004F13C0311602046C4E90F33FFF7D1FF7F
:104180003046BDE87040F6F767BB10B58CB0436AA7
:1041900004460B912022014602A80A9300F018FB66
:1041A00028230122CDE9003220463522616A02AB84
:1041B000F5F750FD00EAE0700CB010BD30B1006AB8
:1041C00020B119B1D0F8883003B11847704730B129
:1041D000006A20B119B1D0F88C3003B1184770478C
:1041E00030B1006A20B119B1D0F8903003B118474E
:1041F000002070472DE9F843064688461746994641
:104200000468A64201D1002520E07A1CA4F13C05F7
:1042100002D06B6ABB4219D0B8F1000F22D0202225
:104220004146284601F010F8E0B9B9F1FF3F02D04D
:10423000AB6A4B450AD07B1C0BD02468B442E2D059
:1042400054F8183CA4F13C059F42E8D12846BDE84B
:10425000F883AB6A0133F9D02468B442D3D0A4F117
:104260003C05D9E72468CCE710B5044690B1036A51
:1042700083B102784AB193F8A43033B1436AB3F5FD
:10428000806F02D30121FFF780FF2046BDE8104078
:10429000FFF751BF10BD20B1036A13B15B6803B1D2
:1042A0001847704708B530B1036A3BB1DB682BB1E2
:1042B0009847002008BD6FF01500FBE76FF0050080
:1042C000F8E77047F6F7C8BA4FF0FF324FF0FF3308
:1042D000F6F7E6BAF8B50C4600F164070546A4F116
:1042E00010063846FFF7F0FF3046F5F78DFD80B138
:1042F00054F8083C24F8083CD5F8CC3044F80C3C81
:1043000005F1C80344F8103CC5F8CC6054F80C3CE7
:104310001E603846FFF7D6FF0020F8BD38B50D46C1
:1043200000F164042046FFF7CFFF55F8083C204613
:1043300003F5803345F8083CBDE83840FFF7C2BFBD
:104340002DE9F04188B00E9C282A8846D4F8C00098
:104350006ED101688568A8EB0101A94228BF4FF022
:10436000FF3120236A46FFF77DFC04F16406D8F88C
:1043700020703046FFF7A8FF3B464FF0FF326946FA
:104380002046FFF737FFD8F824300546E0B1D0F8D3
:10439000308003F00103B8F1000F02D0DBB9AF6247
:1043A00030E0002BFBD04FF0FF3383623046FFF745
:1043B00089FFAB6B83BBD4F88030002B38D03A46F2
:1043C00069462046984733E0DB071FD43046FFF7A5
:1043D00079FFE36FF1E74FF0FF338362FFF79CFE55
:1043E0003046FFF76FFFAB6BA3B9D4F880301BB139
:1043F0003A466946204698473046FFF765FF28460B
:10440000FFF78FFE3046FFF75DFF11E03046FFF704
:1044100059FFD0E74FF0010828469847D4F880307C
:104420001BB13A46694620469847B8F1000FE3D1E0
:10443000002008B0BDE8F081F0B504468E680D4656
:10444000B6B23146D0F8B80085B0FFF792FDD4F887
:10445000B43007469A6942B90095CDE9025001236C
:10446000D4F8B80002A9FFF7EEFCD4F8B4309B6989
:10447000012B05D13A463146D4F8B800F5F7CEFB0A
:10448000D4F8B80005B0BDE8F040FFF7F0BD70B556
:1044900000F16406A1F1100504463046FFF714FF51
:1044A0002846F5F7B1FC18B129462046FFF7C4FFAE
:1044B0003046BDE87040FFF705BFF0B5036885B032
:1044C0005F6A07F164063046FFF7FEFED7F8B430A6
:1044D0009B69002B4DD0012B46D1D7F8B80003AA19
:1044E0000DF10A01FFF775FD04463046FFF7EAFEBD
:1044F000002C3CD0BDF80A303046A360FFF7E4FE44
:104500004FF0FF33002162683846FFF773FE05461F
:10451000FFF702FEA368304603F58033A360FFF780
:10452000D1FE7DB1AB6A696C013308BF23682846B0
:1045300008BFAB622368A2890091D5F834C004F1AA
:104540001001E0473046FFF7BFFE2846FFF7E9FDC0
:104550002046F5F759FC18B121463846FFF76CFFA5
:104560003046FFF7AFFEAEE73046FFF7ABFE05B0D3
:10457000F0BDD7F8B8000DF10A0203A9FFF7BFFCA0
:10458000D7F8B43004469B69012BAED1A5E72DE9DD
:10459000F041A3F1100653F8085C002388B006939D
:1045A000ADF81E3004461023CDE904120E9FD0F85A
:1045B000C000ADF81C700168D0F808C0711A0DEB8E
:1045C0000302614528BF4FF0FF3104F16408FFF793
:1045D00082FB4046FFF778FED4F8B430ADB29B6959
:1045E000CBB9D4F8A820D4F8B430D4F8BC009B6977
:1045F000C3B9CDE902620096012202A9FFF723FCAC
:10460000D4F8BC00FFF733FD4046FFF75BFE3846A9
:1046100008B0BDE8F0812946D4F8BC00FFF7A9FC3A
:104620000246E0E7012BEBD12946F5F7F7FAE7E779
:1046300010B548B149B143688B4206D3826804681B
:10464000D21A5B1A4360A01810BD0020FCE72DE9C8
:10465000F3470546D0F8B4000E46904618B900203E
:1046600002B0BDE8F087036A002BF8D09B68002BEE
:10467000F5D098474307F2D543F69823B8F1000FD9
:1046800018BF984605F1640705F1C8093846FFF7D9
:104690001BFED5F8C8404C452BD054B3D4E90023B9
:1046A000536022681A60C4E90044D5F8B430218907
:1046B0009B69ADF806107BB1012B14D03846FFF78B
:1046C00001FEBDF8063004F1100003F58033A3604D
:1046D0003368103B3360C3E7D5F8A8303360D5F8B2
:1046E000B4309B69E8E7D5F8BC00FFF742FC3060C6
:1046F000E4E7D5F8B430D3F818A0BAF1000F36D1FA
:104700003146D5F8BC000DF10602FFF7F8FB044670
:104710000028D3D1D5F8BC301B8DB3B93846FFF78C
:10472000D1FDB8F1000F9AD0D5E92D3218211289A8
:10473000DB6A01FB0233D5F8D02022BB2120002107
:10474000F6F726FE08F1FF38A0E7D5F8A810D5F84F
:10475000C400FFF76DFF0446D5F8A830ADF806A0F9
:1047600033603846FFF7AEFD002CDAD0A9E7BAF186
:10477000010FD3D13246D5F8BC000DF10601FFF789
:1047800028FC0446EDE71969284690476FF4FB635F
:104790009842D3D000287FF479AF60E720B119B1F7
:1047A00012B1C0E901220160704710B5044618B982
:1047B00010BD3C38FFF758FD20688442F9D1002332
:1047C000C4E92E33D4F8B400BDE81040FFF763BD50
:1047D000034608463AB9DBF739BE10F8011B03F867
:1047E000011B0029F7D0013AF7D11A70F3E708B19D
:1047F000E9F74EBF7047704740B1C368587810F072
:1048000001001EBF1878B0FA80F040097047EFF33E
:104810001183202383F31288BFF36F8FFEE708B55F
:10482000FFF7F5FF10B5D0E9003433B90020E26896
:10483000537843F00103537010BD20469847002879
:10484000F4D00028B8BF4042FF28A8BFFF20E3688B
:104850001870ECE700F0EDBD00F0C4BD704710B477
:1048600000F10C04C0E9034410BCF8F7D1BF2DE9F6
:10487000F04F054689B0DDE9126791463B46324666
:1048800006A8059105F1140A00F0A9FBDDE906343C
:10489000CDE90234EFF311844FF0200888F3128839
:1048A000BFF36F8F05F10C0B4A4628460599F8F7C0
:1048B0003BFF30B184F31188BFF36F8F09B0BDE8BF
:1048C000F08F3E43F6D0DDE9022306A800F0ABFBF3
:1048D000DDE906675A4621465046CDE90067F6F7FE
:1048E000E5FBEFF3118488F31288BFF36F8FDBE7EA
:1048F00038B50446EFF31185202383F31288BFF304
:104900006F8FF8F7C8FE04F10C0000F0F6FA30B132
:10491000294604F11400BDE83840F6F737BC85F3AA
:104920001188BFF36F8F38BD4169836843EA010284
:1049300012F003020FD1C2600269013A01FB023397
:1049400082689A4201D900207047C2681A604269A1
:10495000C3609B1AF4E76FF01500704710B5C0E90B
:1049600004320023816083610446FFF7DDFF0028E5
:10497000A8BFC4E9004410BDF8B504460D46EFF3E6
:104980001186202383F31288BFF36F8FC7686FB936
:1049900000F090FA50B1C767456100F016FA314651
:1049A00004F10800BDE8F840F6F7F0BBE3682B60BF
:1049B000A369E560013BA36186F31188BFF36F8FA4
:1049C000F8BD202408B5EFF3118384F31288BFF3F8
:1049D0006F8FFAF772FBF6E790F90E308B4201D039
:1049E000F6F790BB0020704703460020C3E9003370
:1049F000C3E9020070472DE9F843994604460D4685
:104A000090469DF8203000F10806EFF31187202230
:104A100082F31288BFF36F8F03B14568304600F010
:104A200049FA58B10023C0F81480C36700F0CDF9EB
:104A300030463946F6F7AAFB00200CE0B9F1000F2A
:104A40001BD00821F6F7B8FF38B987F31188BFF3F8
:104A50006F8F6FF00B00BDE8F8830122C0F804806F
:104A60000260016801F003015DB922680A43026037
:104A7000626820606AB960600BE04046C8F8009048
:104A8000EFE72A68032A10D80160616839B9C4E9E0
:104A90000000042104F1100000F048FBC8E70A6898
:104AA00002F0030202430A60E5E722F003020A4330
:104AB00002602A6802F0030240EA02032B60E8E782
:104AC00010B5044630B10268930703D0446809B1B9
:104AD00000F059FB204610BD0023C0E9003300F16F
:104AE0000803C0E9023300F11003C0E90433704742
:104AF000012307B5009300230A461946FFF77BFF01
:104B000003B05DF804FB002307B50A46009319467D
:104B1000FFF771FF03B05DF804FB00210068FFF7A9
:104B2000CFBF5AB18A4209D300F11003C0E9021283
:104B3000C0E90000C0E90433002070476FF01500A1
:104B40007047012302688B4022EA0303036022FAC4
:104B500001F000F001007047704710B503210446D2
:104B60000C30FFF7EEFF30B104F1100000F01CFA3A
:104B7000B0FA80F0400910BD20B100228830114603
:104B800000F0F0B9704770B5C3680446C3F340063F
:104B90009B0716D4856802210C30FFF7D2FF80B145
:104BA000D5F880206AB194421DD122689EB9D5F80B
:104BB0008430C5F880209C4201D1C5F884200023B0
:104BC0002360E36813F01F001EBF43F00203E3609D
:104BD00040F0020070BD3260D5F88420944208BFD6
:104BE000C5F88460EBE716461268DBE773B5044648
:104BF000EFF31185202383F31288BFF36F8F002317
:104C0000A0F11006032104380193FFF79AFF28B1A1
:104C1000A369304601A90193F5F746FF85F3118892
:104C2000BFF36F8F02B070BD38B504460D46102239
:104C3000002100F0FEFB656038BDEFF311832022F8
:104C400082F31288BFF36F8FC06800F01F0083F3F8
:104C50001188BFF36F8F704713B501900846EFF3CB
:104C60001184202383F31288BFF36F8F01A9F5F716
:104C70001BFF84F31188BFF36F8F02B010BD10B516
:104C8000FFF7EAFF041E08DDEFF31180202383F312
:104C90001288BFF36F8FF6F7A9FA204610BD70B5E2
:104CA0000D46EFF31186202383F31288BFF36F8F35
:104CB000F5F754FF044686F31188BFF36F8F38B1C0
:104CC0004FF0FF324FF0FF3305F11000F5F7E8FD2C
:104CD000204670BD10B5EFF31184202383F31288B2
:104CE000BFF36F8FFFF74FFF84F31188BFF36F8F10
:104CF00010BD08B5A022002100F09BFB08BD38B50F
:104D000030220D460021044600F093FB4FF48073DF
:104D10006560E36038BDFFF790BF38B50446EFF338
:104D20001185202383F31288BFF36F8FFFF715FFE0
:104D30002046FFF728FF85F31188BFF36F8F38BD3A
:104D4000EFF30580003818BF012070476FF057005F
:104D50007047F6F72DBAD0E9003213605A6000238D
:104D6000C0E90033704708B5FFF7F5FF437B23F038
:104D7000020343730023836008BD38B504460D4623
:104D8000F6F79EF8637B43F002036373E5B1A56019
:104D90002B689D4209D16B68C4E900531C606C60AC
:104DA00012E06A689A42F6D01B68002BF3D094F99F
:104DB0000E2093F90E108A42F3D09142F1DD5A6829
:104DC000C4E9003214605C6038BD10B5EFF31184A3
:104DD000202383F31288BFF36F8FF6F789F884F3EB
:104DE0001188BFF36F8F10BD10B50446183000F066
:104DF000DBF8EFF31181202383F31288BFF36F8F69
:104E0000627B12F0100204D081F31188BFF36F8F20
:104E100010BD2046BDE81040F6F79EB808B5EFF388
:104E20001181202282F31288BFF36F8F83680BB148
:104E3000FFF799FF81F31188BFF36F8F08BD38B575
:104E40000446EFF31185202383F31288BFF36F8F9D
:104E5000437B13F0280F0BD183680BB1FFF783FF5F
:104E6000637B51B903F0FB0320466373F6F740F808
:104E700085F31188BFF36F8F38BD03F0EB03F3E7C1
:104E800001211838FFF7DBBF08B50346EFF31181A6
:104E9000202282F31288BFF36F8F0068834207D00D
:104EA00008B1FFF760FF81F31188BFF36F8F08BD72
:104EB0000020F8E738B5EFF31185202383F312883B
:104EC000BFF36F8F0468A0420DD034B12046FFF7C6
:104ED0004AFF04F1180000F067F885F31188BFF36A
:104EE0006F8F204638BD0024F7E710B5FFF796FF17
:104EF000BDE81040183000F057B838B505460468D2
:104F00000020AC4200D138BD002CFCD02046FFF779
:104F1000ECFF2046FFF759FF2C680120A542F1E77E
:104F2000EFF31181202282F31288BFF36F8F027B8F
:104F3000D2070CD581F31188BFF36F8F002383F361
:104F40001188BFF36F8F0423184602DF7047437B3D
:104F50001B0704D581F31188BFF36F8F70470122BF
:104F6000F5F7FABF38B5EFF31185202383F31288E4
:104F7000BFF36F8F0468A04212D09CB1E1676261F9
:104F80002046FFF7F0FE04F1180000F00DF820466F
:104F9000F5F7AEFF012085F31188BFF36F8F38BDA1
:104FA0000020F8E72046F6E710B5EFF31184202241
:104FB00082F31288BFF36F8F03683BB1F6F7E6FA0E
:104FC000002084F31188BFF36F8F10BD6FF01500C0
:104FD000F7E708B5F6F7F8FB08BDF6F7F5BBB3F150
:104FE000FF3F08BFB2F1FF3F70B504461D461646AD
:104FF00013D01A4315D06FF001024FF0FF33921B0C
:1050000063EB0501002904DAF6F7DEFB821941EBB8
:105010000501C4E90021204670BD4FF0FF32114662
:10502000F7E70022FBE7B3F1FF3F08BFB2F1FF3F14
:10503000F8B5074616461C4610D054EA020311D0B4
:10504000F6F7C2FBB0420A46A14103460AD2F31A60
:1050500064EB0204C7E900343846F8BD4FF0FF3373
:105060001C46F7E70023FBE710B50446FFF79CFF5B
:10507000A8B9636A0BB12046984704F11800FFF7FE
:1050800003FF60B1FFF7A1FEEFF31180202383F34C
:105090001288BFF36F8FBDE81040F6F7A7B810BDB8
:1050A0002DE9F041846805460E46ECB16378012B8A
:1050B00025D114F8533C9A0714D5A4F1600738465B
:1050C000FFF713FF082E0CBF6FF003030023E3610B
:1050D00014F8533CDB0605D154F8483C13B9384664
:1050E000FFF773FE002323700020EB68A860C3F372
:1050F0008632164366F39433EB60BDE8F081022BF1
:10510000F0D12378002BEDD054F8048CB8F1000FC7
:10511000E8D004F11400FFF747FF0023A4F11407BF
:1051200039464046E362FFF797FDDBE7034610B5DB
:10513000EFF31184202282F31288BFF36F8F00688F
:10514000834208D0D0E9003213605A600023C0E9DE
:105150000033FFF7A5FF84F31188BFF36F8F10BDF5
:105160000432D3B5044608D20026002741F00401DA
:10517000CDE90067FFF77BFB10B9002002B0D0BD7E
:1051800040F8044BFAE720B1011F50F8040CFFF778
:10519000AFBB704701460420F6F700BC70B5A0FB1A
:1051A000015424B92846FFF7F5FF064610B900263A
:1051B000304670BD2A46214600F03BF9F8E7013938
:1051C000024410B5904201D1002005E0037811F8A7
:1051D000014FA34201D0181B10BD0130F2E710B5FA
:1051E000044614F8013BA3F14102192A11F8012BDE
:1051F000A2F1410098BF2033192803D82032981A11
:10520000EFD010BD981AFCD1002AEAD1F9E730B5E9
:105210000A440546914201D100200FE015F8013BF8
:1052200011F8014BA3F141001928A4F1410098BFE6
:105230002033192803D82034181BEBD030BD181B9D
:10524000FCD1002CE6D1F9E710B56AB10139841818
:1052500010F8012B11F8013F9A4203D1A04201D06E
:10526000002AF5D1D01A10BD1046FCE710B501395F
:10527000044632B111F8013F013A00F8013B002B1E
:10528000F7D1002100F0D5F8204610BD0A7870B59E
:105290006AB970BD9A4209D10C46054614F8013F1F
:1052A000002BF6D015F8016F9E42F7D0013003783D
:1052B000002BEFD11846ECE7F0B5C3F137070446F1
:1052C00003F01F031046FFB2082BE6B232D0102BBA
:1052D0003DD06508A40845EAC17544EA81748A088E
:1052E0002D1942EB5102290941EA02716D1842EB76
:1052F0001212290A41EA02616D1842EB1222290CAE
:1053000041EA02416D1842EB1242AD1842F100022F
:10531000EC0844EA4274D10804EB8402A6EB42058F
:10532000EDB2092D0CD90134A5F10A0541F10001B6
:10533000EDB212E0E40806F0070544EA4174C9083A
:10534000303554EA010200F8015BBDD1F0BD2409FB
:1053500006F00F0544EA01740909092D84BFED190F
:10536000EDB2EDE710B50C4600F078F80028A2BFCA
:1053700023680133236010BDBDF8001068B111F03F
:10538000100F01D00270704711F0080F02D0C0E971
:10539000002370474B0701D5026070478B06FBD591
:1053A0000280704710B5144600F08AF80028A2BFAA
:1053B000236803F1FF33236010BD70B505460E4628
:1053C00031462846FFF7CEFF041E09DB202CF7D01C
:1053D000A4F10903042BF3D932462946FFF7E2FF73
:1053E000204670BD0A44431E914200D1704710B55B
:1053F00011F8014B914203F8014FF9D110BD8842D9
:1054000010B501EB020402D98442234607D8431E9B
:10541000A14208D011F8012B03F8012FF8E702444C
:1054200001468A4200D110BD13F8014D02F8014D2A
:10543000F7E702440346934200D1704703F8011B8B
:10544000F9E7C9B20346184613F8012B12B18A4294
:10545000F9D17047002918BF0020704710B5837834
:105460000446DB0717D54FF00002D4E85F3FC4E8DD
:10547000512F0029F9D19BB213B1581EC0B20CE0D4
:10548000A36898470028F9DA0130A37814BF0822EE
:1054900004221343A3704FF0FF3010BD026903468E
:1054A000107810B101321A6170476FF00100704737
:1054B000D1E9043293421EBF5A1C0A61187070472A
:1054C0008B78DA0702D44FF0FF307047431CFAD0D4
:1054D000C0B2431CD1E8DF2F002A04D1C1E8DC3F71
:1054E000BCF1000FF6D1EED18B7823F008038B705E
:1054F00070470000014800687047000028770020CE
:105500008CACFD7F0100000071E500000000000090
:10551000B5E6000000000000B5AF0000000000008C
:1055200079680100D05502008DA401000000000040
:10553000B1A401000000000005740100F85502004C
:1055400005740100E4550200CD380200000000009F
:105550000579010020560200CDC500000C5602005E
:10556000016C0100000000004D7C01000000000003
:10557000CDE500000000000095E200000000000002
:1055800021760100345602007DC7000000000000B3
:10559000D13802000000000031A901000000000025
:1055A0004570010048560200DBDF01005C56020036
:1055B00000000000705602001572010084560200BF
:1055C00071C9000000000000DD5001000000000073
:1055D0005B6F0500646102008461020074070020B3
:1055E000609000208A6F050044620200746202002D
:1055F0007A07002044910020966F05005C6202004B
:10560000746202007C07002050910020596A050056
:10561000940B0020EC5B02007007002000000020CB
:10562000B66F0500AC620200F46202008007002041
:105630004C050020A26F050044050020986202007E
:105640007E0700205C910020666F0500A8610200C3
:105650000C620200760700200C0500204B6F05004D
:10566000AC020020945B02006E070020E84200209C
:10567000446F0500000000004C610200720700202A
:10568000BC040020736F05000000000028620200C7
:105690007807002000000000000000009DF00100DD
:1056A000000000009DF00100000000009DF00100DE
:1056B000000000009DF00100000000009DF00100CE
:1056C000873B0200E3380200000000009DF001006B
:1056D000000000009DF00100205602003F3702004C
:1056E000000000009DF00100000000009DF001009E
:1056F000000000009DF00100000000009DF001008E
:105700000D8D0100E3380200000000009DF0010053
:10571000000000009DF00100000000009DF001006D
:10572000000000009DF00100000000009DF001005D
:10573000000000009DF00100000000009DF001004D
:1057400000000000DD7C0100000000009DF0010071
:10575000000000009DF00100000000009DF001002D
:10576000000000009DF00100000000009DF001001D
:10577000000000009DF00100000000009DF001000D
:10578000000000009DF00100000000009DF00100FD
:10579000000000009DF00100000000009DF00100ED
:1057A000000000009DF00100000000009DF00100DD
:1057B000000000009DF00100000000009DF00100CD
:1057C000000000009DF00100000000009DF00100BD
:1057D000000000009DF00100000000009DF00100AD
:1057E000000000009DF00100558F0100E338020029
:1057F000BD970100E3380200000000009DF00100A9
:10580000000000009DF00100000000009DF001007C
:10581000000000009DF00100000000009DF001006C
:10582000000000009DF00100000000009DF001005C
:10583000000000009DF00100000000009DF001004C
:10584000000000009DF00100215E0100E33802002D
:10585000C1980100E3380200000000009DF0010043
:10586000000000009DF00100000000009DF001001C
:10587000000000009DF00100000000009DF001000C
:10588000000000009DF00100000000009DF00100FC
:10589000000000009DF00100000000009DF00100EC
:1058A000000000009DF00100000000009DF00100DC
:1058B000000000009DF00100000000009DF00100CC
:1058C00005000000E11401000000000006000000D7
:1058D000593C01000000000004000000A118010074
:1058E00000000000F05F02000400000040600200C1
:1058F00005000000AB6C05000000000065E700003B
:105900004DE9000000000000BE6E05000000000030
:105910005F12020000000000000000001D6F050083
:1059200000000000B52D0200E14D01000000000064
:10593000C56E0500000000007D2701000928010058
:1059400000000000DC94020000000000710900006B
:1059500000000000ED0C0000FFFFFFFFFFFFFFFF56
:1059600001000000010000006000300000000000A5
:1059700000000000029ECADC240EE5A9E093F3A318
:10598000B50100406E0000000000000060006000F3
:1059900000000000000000000284AA6074528A8B9C
:1059A00086D34CB71D1DDC538D029ECADC240EE548
:1059B000A9E093F3A3B50100406E000000000000D1
:1059C000600060000000000000000000ED9A01008F
:1059D0000600000000000000010000006000300030
:1059E00000000000000000000000000060006000F7
:1059F00000000000000000000000000000000001A6
:105A00000000000200000004000000080000001078
:105A10000000002000000040000000800000001B8B
:105A20000000003600000000010000000008120025
:105A30000000000000000000FF000000FF00000068
:105A4000FF000000FF000000FF000000FF0000005A
:105A5000FF000000FF000000FF000000FF0000004A
:105A6000FF000000FF000000000200000002000034
:105A700000000000E67005000001000000C2010007
:105A80000000080284AA6074528A8B86D34CB71D2A
:105A90001DDC538D02487C997411269EAE014ECEBA
:105AA000FB28782EDA029ECADC240EE5A9E093F3E7
:105AB000A3B50100406E029ECADC240EE5A9E09366
:105AC000F3A3B50300406E029ECADC240EE5A9E0F4
:105AD00093F3A3B50200406E01030062746C65008D
:105AE00000000000000000000000000000000000B6
:105AF00000000000000000000000000000000000A6
:105B00000000000000000000000000000001000094
:105B10000338FDD8704700005DB1020060B102009B
:105B200067B10200D0B402006FB10200D36A020074
:105B300075B102005DB1020060B1020067B1020000
:105B4000D0B402006FB10200D36A020075B1020046
:105B5000B16A0200C3CC0200D5CC0200E5CC020041
:105B6000F5CC020004CD020017CD020023CD0200C7
:105B700031CD020045CD020054CD020067CD0200B8
:105B8000558E0000AD9200001D840000FDC801008C
:105B90002D82000035B000008DE001001DB2000034
:105BA00069B2000049B3000071DE0100E5DE0100CA
:105BB00079DE0100ABDE010095DE01007FDE010031
:105BC0000000000000000000BFE10100AFE10100A3
:105BD000BBE10100ADE10100000000000000000099
:105BE00000000000000000009DE10100E5E301006D
:105BF00015C6000000000000DDC4000091E30100B4
:105C000069C400002DE3010037E3010049C400002E
:105C100055E30100000000005FE301000000000008
:105C20000000000067E3010085E3010089E3010053
:105C3000982F8A4291443771CFFBC0B5A5DBB5E9F7
:105C40005BC25639F111F159A4823F92D55E1CAB6B
:105C500098AA07D8015B8312BE853124C37D0C55F9
:105C6000745DBE72FEB1DE80A706DC9B74F19BC141
:105C7000C1699BE48647BEEFC69DC10FCCA10C2431
:105C80006F2CE92DAA84744ADCA9B05CDA88F97615
:105C900052513E986DC631A8C82703B0C77F59BF7F
:105CA000F30BE0C64791A7D55163CA0667292914AB
:105CB000850AB72738211B2EFC6D2C4D130D385348
:105CC00054730A65BB0A6A762EC9C281852C72920A
:105CD000A1E8BFA24B661AA8708B4BC2A3516CC738
:105CE00019E892D1240699D685350EF470A06A1071
:105CF00016C1A419086C371E4C774827B5BCB034C0
:105D0000B30C1C394AAAD84E4FCA9C5BF36F2E685D
:105D1000EE828F746F63A5781478C8840802C78CEC
:105D2000FAFFBE90EB6C50A4F7A3F9BEF27871C6EF
:105D30000000000073F00100540300204C03002019
:105D400044030020000000003C0300203DD7000079
:105D50000DD6000061D60000D5D60000000000205E
:105D6000000000000600010002000000705D02005B
:105D7000000000003A6C050002000000E0FF0F0088
:105D800000000020426C050021000000E0FF06201A
:105D900021E300000000000073F10100C5E60000EF
:105DA00007F3010000000000905D0200B45D0200F6
:105DB0000201000044A00120905D0200C45D0200C9
:105DC000FB01000024B20120905D0200D45D0200BE
:105DD0002E000000ACE40120905D0200E45D0200B2
:105DE000020100008CE501200E030000DDF600003A
:105DF0000F04000019F700001A01000085F50100EA
:105E00000504000029EB00001301000075F70100F4
:105E1000FF0100007DEB00003E0100009DEB000053
:105E200005040000FFF5010008040000E9F8010086
:105E30003003000089F80100100100005FF6010046
:105E400002010000B1FF00000112000065F6000031
:105E50000A1E00009DFB01000309000067F6010017
:105E6000040B0000DBF60100060A00003BFA01000B
:105E7000070A000047F601000C0500000FF80100BA
:105E8000050C000079F9010008410000CD04010073
:105E90000921000041050100905D0200A45E02009E
:105EA00002010000ACE60120905D0200B45E020039
:105EB00000000000D8F10120905D0200C45E0200E5
:105EC000FB01000068F301204F0302007D03020084
:105ED0000000000000000000000000006905020052
:105EE00000000000000000000000000000000000B2
:105EF000020201006F0F020004040100952101005D
:105F000006060100D520010008040100DD1F010084
:105F10000A020100570F02000C0401003F0F0200AB
:105F20000E040100B11E010020040100151E010035
:105F300010040100251D010012020100810E020063
:105F400016040100E306020018010100950B02008F
:105F50001E0004005910020052020000A70E0200A9
:105F600001040200DD220100030202005D100200B4
:105F70000501020027100200070402003110020090
:105F800009010200351002000B0002003910020066
:105F90000D0002003D1002000F000200411002003F
:105FA0002102020045100200110102004910020006
:105FB000130002004D1002001704020051100200ED
:105FC00019000200551002001B020300F90602002E
:105FD0001D020500130E020023040300E706020061
:105FE000905D0200EC5F0200FD010000B02602207F
:105FF000706402003B170200000000006C640200A5
:106000000000010068640200DB18020000000000CC
:10601000280400200000010060640200000000006D
:106020000000000000000000000000005C640200AE
:106030008D170200B5290100300400200000030084
:10604000906402003B170200000000008C64020014
:106050000000010088640200DB180200000000005C
:10606000AC0400200000010080640200FF16020062
:106070000000000000000000000001007C6402003D
:10608000DB18020000000000A40400200000010052
:1060900074640200C5160200000000000000000049
:1060A0000000010099430100B52B0200094C0100DA
:1060B0000000000000000000054A01000000000090
:1060C00000000000000000000000000000000000D0
:1060D000000000004922020006000000DD4301002C
:1060E00006000000EB24020010000000F146010051
:1060F000100000006B2B02000100000027240200AA
:1061000010000000E72A02000A000000DD23020060
:1061100010000000DD4A0100070000001326020005
:1061200010000000C142010001000000D93E010042
:10613000400000000B23020010000000FF220200BC
:10614000010000005D52010000000000C7300200A5
:106150000531020093300200356801000568010036
:1061600000000000E16901001D69010039320200F0
:106170005132020033320200453202002D32020059
:106180003F320200E1680100AB3102000D32020033
:106190000000000047310200000000000000000085
:1061A0000400000000FF00000000000000000000EC
:1061B00000000000000000000000000000000000DF
:1061C00000000000040300000000000BF4010000C8
:1061D0000001010000008000C2281700E0610200F9
:1061E00000B00250EC61020001000000F461020006
:1061F000060000001118001D0D18001F0E180020C9
:106200000F180021101800221218001E0D6E010038
:10621000FD6C0100496F01007D6C01006D6C010097
:106220000008000000100000DD330200A172010030
:106230003D7201000D720100FD71010004000000BB
:1062400000FF0000FFFF0000002884500000000055
:106250000100000000D0005000000000FFFFFFFF21
:1062600000258450000000000000000000D0005015
:10627000000000009974010005340200113402008E
:10628000253402002F340200393402000573010066
:106290004D3402000000000011350200ED34020010
:1062A000093502000D35020039350200008000502A
:1062B0000100000000000000D06202000000D601D2
:1062C000000000000000000092D2002091D20020C7
:1062D00000800050DC62020001000000E462020065
:1062E0000400000014000000130000021606000164
:1062F00015060003E535020051780100D73502008C
:10630000C13702000B360200333602006736020046
:1063100077360200A5360200B13602007736020059
:1063200095360200BD360200CB360200D936020097
:106330000F37020013370200F85502001C0001005D
:10634000F85502001D000100F85502001E00010072
:10635000F85502001F000100F85502001700110057
:10636000F855020018001100F8550200080011004D
:10637000F855020009001100F76F05000A700500CA
:106380001D70050030700500437005005670050053
:10639000697005007C700500085502000855020070
:1063A0006855020070550200D0550200D055020019
:1063B000FF8FFFFFFF8FFFFFFE8FFFFFFE8FFFFFAF
:1063C000FD8FFFFFFC8FFFFFFC8FFFFFFB8FFFFFA9
:1063D0006D757465785F667265652063616C6C6568
:1063E000642077697468204E554C4C20706172614E
:1063F0006D6574657200000043616E277420696EDC
:10640000697469616C697A65206D757465782C2092
:10641000776173204E554C4C0D0A0000436F756C2C
:1064200064206E6F74206C6F636B20706F77657281
:106430002073617665206D7574657800CE2D01003E
:10644000369302025A950303F4CC040591DC050748
:106450006FF6060806000600000090010000022901
:106460000000052A0000052A00000328000001188A
:10647000000000280000012A0000012A0000032873
:106480000000002A0000002A000003280000001875
:10649000000000280000F0FFF0FFF0FFEAFF74FFAB
:1064A000F0FFF0FF74FFF0FFEAFF4F544100524548
:1064B0004356005B25735D2000436F6E74726F6CF2
:1064C000206D6F6465207374616765643A2025737D
:1064D0000A004155544F504F533A206D6F64653D4B
:1064E00025732073746174653D257320737461672F
:1064F00065643D2563206C6173745F7375636365C8
:1065000073733D256320736574733D256C7520633B
:1065100069723D2573206572726F723D25730A00A2
:10652000616E63686F720074616700756E6B6E6F89
:10653000776E0053797374656D207461726765744A
:106540003A206B696E643D257320636170733D3042
:1065500078253032782028636F6E6669673D25752F
:10656000206F74613D25752073747265616D3D25E2
:1065700075207374617475733D2575290A00416E29
:1065800063686F722D6F6E6C79206275696C643A06
:10659000207265667573696E672074616720737910
:1065A0007374656D207461726765743B206B6565FB
:1065B00070696E6720616E63686F722074617267C4
:1065C00065740A00436F6D6D616E64733A20737475
:1065D00061747573207C206D6F64652072656376CD
:1065E000207C206D6F6465206F7461207C206D6F4E
:1065F0006465206175746F706F73207C20736361B4
:106600006E207C20636F6E6E207C20696E697469D9
:106610006174650A004F54412072756E74696D652E
:1066200020636D64733A206F74615F726573657483
:10663000207C206F74612073686F77207C206F74DA
:10664000612076657273696F6E0A0052756E7469A7
:106650006D65204E555320636D64733A20636D64FD
:10666000203C7261773E207C20636D645F616C6CBE
:10667000203C7261773E207C206F6E6573686F747A
:10668000203C7261773E207C206F6E6573686F746A
:106690002073686F77207C206F6E6573686F74203D
:1066A000636C6561720A00546167206C61796F7573
:1066B0007420636D64733A2041504F53203C6964E9
:1066C0003E203C785F6D6D3E203C795F6D6D3E20D5
:1066D0003C7A5F6D6D3E207C2041504F535F544F9C
:1066E000203C4253787878783E2041504F532E2EEC
:1066F0002E207C2041504F535F434F4D4D49542035
:106700007C2041504F535F535441545553207C20BB
:1067100041504F535F52455345540A00546167201E
:1067200043495220636D64733A2074616720636942
:1067300072203C6F66667C636F6D706163747C660B
:10674000756C6C7C7374617475733E207C2074610D
:10675000672063697220616C6C203C6F66667C63A5
:106760006F6D706163747C66756C6C7C737461743E
:1067700075733E0A0054444D4120636D64733A20A2
:1067800074646D612073686F77207C2074646D6120
:1067900020686F6C64203C307C313E207C20746427
:1067A0006D6120636C656172207C2074646D612072
:1067B0006175746F203C307C313E207C2074646DA8
:1067C0006120726F73746572203C425378787878D8
:1067D0003E206D6F74696F6E207C2074646D612043
:1067E00070726F66696C65203C4253787878783EA9
:1067F000206D6F74696F6E207C2074646D612066FB
:10680000726571206D6F74696F6E203C687A3E20EE
:106810007C2074646D6120726562616C616E636579
:106820000A00446576696365206D6F64656C20635A
:106830006D64733A206465766963652073686F7769
:10684000207C20646576696365206B696E64203CFA
:10685000616E63686F727C7461673E0A004F5441D9
:106860002074617267657420636D64733A206F747D
:10687000615F7461726765742073686F77207C2034
:106880006F74615F74617267657420746F6B656E9D
:10689000203C69647C2D313E207C206F74615F74E4
:1068A0006172676574206E616D65203C4253787833
:1068B00078787C2D3E207C206F74615F74617267F4
:1068C000657420707265666978203C42537C2D3E69
:1068D000207C206F74615F746172676574207575C8
:1068E0006964203C33326865787C2D3E0A00416E35
:1068F00063686F7220636D64733A20616E63686FC2
:10690000722076657273696F6E203C412E2E487C32
:106910005555494433327C616C6C3E207C20616E5D
:1069200063686F7220726F6C65203C412E2E487C2C
:106930005555494433327C616C6C3E203C6D61732B
:106940007465727C6D61747269787C726573706F46
:106950006E6465723E205B636972203C307C636FBD
:106960006D706163747C66756C6C3E5D207C20612B
:106970006E63686F72207265736574203C412E2EC1
:10698000487C5555494433327C616C6C3E203C61F7
:1069900075746F706F737C726573706F6E646572FF
:1069A0003E0A004155544F504F5320636D64733A73
:1069B000206175746F706F732073746174757320C8
:1069C0007C206175746F706F732064657461636897
:1069D000207C206175746F706F7320636972203C36
:1069E000307C636F6D706163747C66756C6C3E2087
:1069F0007C206175746F706F73206D6170203C41F5
:106A00002E2E483E203C5555494433323E207C20B2
:106A10006175746F706F73206D61702073686F772C
:106A2000207C206175746F706F7320726F756E6457
:106A3000203C412E2E483E205B736574735D207CA4
:106A4000206175746F706F73206170706C79207C39
:106A5000206175746F706F7320726573756C74202C
:106A600073686F777C636C6561720A004155544F9F
:106A7000504F532073746174653A2025730A007275
:106A80006F6C653D006366675F76616C69643D00AD
:106A9000627573793D006D61737465725F637472C2
:106AA0006C2F6175746F706F735F6D61705F2563BC
:106AB0000069646C65006E6F6E6500636F6D706178
:106AC0006374006665617475726500434F4D504193
:106AD00043540066756C6C00726177003200465555
:106AE0004C4C005065657220636C65617220776163
:106AF00069743A207761697465643D256420636F29
:106B00006E6E5F636F756E743D256420726561649F
:106B1000795F636F756E743D25640A005065657218
:106B200020636C65617220776169742074696D659A
:106B30006F75743A20636F6E6E5F636F756E743D30
:106B400025642072656164795F636F756E743D259D
:106B5000640A004155544F504F53207761697420A7
:106B6000616E63686F7220636C65617265643A2060
:106B70007761697465643D256420636F6E6E5F6341
:106B80006F756E743D25642072656164795F636F13
:106B9000756E743D25640A004155544F504F532083
:106BA0007761697420616E63686F7220636C6561E0
:106BB0007265642074696D656F75743A20776169D8
:106BC0007465643D256420636F6E6E5F636F756EE0
:106BD000743D25642072656164795F636F756E74BE
:106BE0003D25640A00726F6C653D25730053572D77
:106BF00025632C00726F6C653D6D61737465720066
:106C00004F4B2052554E54494D45004155544F501D
:106C10004F5320726573756C743A2025730A0041D6
:106C200055544F504F532072756E74696D652061D5
:106C30006363657074207669612073776565702081
:106C400073747265616D3A206D61737465723D2570
:106C5000630A006366675F76616C69643D31007248
:106C600065626F6F745F72657175697265643D30DE
:106C7000004155544F504F532072756E74696D65C5
:106C8000206163636570742076696120726F6C6542
:106C90002073746174653A206D61737465723D256B
:106CA000630A0053572D004155544F504F532073E2
:106CB0007765657020636F6E76657267653A206DE3
:106CC00061737465723D256320737461626C653D08
:106CD00025642F25642070656572733D2575206DD0
:106CE000696E5F713D25750A004D6F64652073778D
:106CF0006974636820707265666C696768743A20AD
:106D0000646973636F6E6E65637420726571756517
:106D10007374733D25640A006175746F706F735FDF
:106D2000646574616368004155544F504F5320644B
:106D300065746163682073746F7020637572726527
:106D40006E742073747265616D2072633D25640AF0
:106D5000004155544F504F5320646574616368205F
:106D6000736B69702053544F503A2066696E697492
:106D700065206D6173746572206175746F2D726525
:106D80007475726E7320746F206D617472697820EF
:106D9000736574733D256C750A006175746F706F4F
:106DA000735F6465746163685F646F6E650041550D
:106DB000544F504F53207761697420616E63686F40
:106DC000722072656164793A20757569643D257336
:106DD000207265757365206578697374696E6720C4
:106DE000726561647920636F6E74726F6C206C6978
:106DF0006E6B2028646973636F76657279207265A3
:106E00006D61696E7320616374697665290A00415A
:106E100055544F504F53207761697420616E6368F9
:106E20006F722072656164793A20757569643D25D9
:106E3000732074696D656F75745F6D733D25640AA9
:106E4000004155544F504F53207761697420616E53
:106E500063686F722072656164793A207575696440
:106E60003D257320746172676574207065657220BA
:106E7000616C72656164792070726573656E743BD4
:106E80002077616974696E6720666F72207365741C
:106E900075702F646973636F766572790A00415566
:106EA000544F504F53207761697420616E63686F4F
:106EB00072207265616479287265757365293A205C
:106EC0007761697465643D25642072656164795FEA
:106ED000636F756E743D2564207461726765745FBD
:106EE00070656572733D25640A004155544F504FDB
:106EF00053207761697420616E63686F72207265D8
:106F00006164793A20757569643D257320726575F1
:106F10007365642074617267657420636F6E747248
:106F20006F6C206C696E6B2061667465722073658E
:106F30007475700A004155544F504F532077616962
:106F40007420616E63686F722072656164793A20A3
:106F50007761697465643D25642072656164795F59
:106F6000636F756E743D25640A004155544F504F50
:106F700053207761697420616E63686F7220726557
:106F80006164793A20757569643D257320636F6E7D
:106F900074726F6C206C696E6B207265616479200D
:106FA0007768696C6520646973636F7665727920B0
:106FB0007374617973206163746976650A00415561
:106FC000544F504F53207761697420616E63686F2E
:106FD000722072656164792074696D656F75743AA9
:106FE00020757569643D2573207761697465643D1A
:106FF00025640A006D61747269780052554E5449D7
:107000004D45202573204349523D25730041555479
:107010004F504F5320616E63686F7220256320725A
:10702000656164792074696D656F75743B20666F66
:107030007263696E6720636F6E74726F6C2D6C691A
:107040006E6B207265636F6E6E656374207265741B
:1070500072790A004155544F504F5320616E636856
:107060006F7220256320737461746520726561649A
:10707000206661696C65642072633D25643B20660F
:107080006F7263696E6720636F6E74726F6C2D6CC4
:10709000696E6B207265636F6E6E656374207265D6
:1070A0007472790A004155544F504F5320616E63FA
:1070B000686F7220256320616C726561647920615C
:1070C000637469766520726F6C653D257320636615
:1070D000675F76616C69643D313B206B6565706903
:1070E0006E672063757272656E7420636F6E666979
:1070F000670A00726573706F6E6465720041555463
:107100004F504F5320616E63686F7220256320617A
:10711000637469766520726F6C653D726573706F1C
:107120006E6465723B20737769746368696E67206B
:10713000746F206D617472697820666F7220737746
:107140006565700A0052554E54494D45204D4153D6
:1071500054455220535745455020256C75204349CE
:10716000523D2573004155544F504F5320616E637B
:10717000686F722025632072756E74696D65206377
:107180006D64206661696C65642072633D25643BB3
:1071900020666F7263696E6720636F6E74726F6CC6
:1071A0002D6C696E6B207265636F6E6E6563742003
:1071B00072657472790A004155544F504F532061E3
:1071C0006E63686F7220256320726F6C6520747225
:1071D000616E736974696F6E2074696D656F757423
:1071E0003B20666F7263696E6720636F6E74726FA7
:1071F0006C2D6C696E6B207265636F6E6E65637467
:107200002072657472790A00627573793D310041AC
:1072100055544F504F532064656D6F746564206DF5
:10722000617374657220256320736574746C653AAC
:107230002073746174655F72633D256420776169B2
:10724000745F6D733D25640A00616E63686F722020
:1072500025632073746570206661696C65642072B3
:10726000633D2564004155544F504F532061707069
:107270006C79206661696C65643A2025730A004167
:1072800055544F504F5320616E63686F72202563D1
:1072900020726F6C652076657269666965640A00A4
:1072A000627573793D30004155544F504F53206102
:1072B0006E63686F7220256320627573793B20725C
:1072C000657175657374696E672072756E74696D2A
:1072D000652073746F7020617474656D70743D25E2
:1072E000642F330A004F4B2053544F5000415554E4
:1072F0004F504F5320616E63686F72202563207377
:10730000746F7070656420666F7220636F6E66695B
:10731000672077696E646F770A004155544F504F6C
:107320005320616E63686F722025632073746F70E1
:1073300020646964206E6F7420636C6561722062E2
:107340007573792072633D25643B2066616C6C69BE
:107350006E67206261636B20746F207265626F6F6D
:10736000740A004155544F504F5320616E63686F4B
:10737000722025632073746F7020756E7375707042
:107380006F727465642F6661696C65642072633D19
:1073900025643B2066616C6C696E67206261636B7B
:1073A00020746F207265626F6F740A004155544FEC
:1073B000504F5320616E63686F72202563206275A1
:1073C00073793B207265626F6F74696E6720696EB6
:1073D000746F20636F6E6669672077696E646F777C
:1073E00020617474656D70743D25642F330A0052FA
:1073F00045424F4F540052204D4153544552005284
:10740000204D41545249580052554E54494D452043
:10741000524553504F4E44455220464F524345200B
:107420004349523D257300616E63686F7220727527
:107430006E74696D6520726F6C6520696E76616C23
:107440006964207461726765743D25732072633DC1
:1074500025640A00616E63686F722072756E7469CC
:107460006D6520726F6C6520636F6E6E656374204E
:107470006661696C65643A207461726765743D2564
:107480007320757569643D25732072633D25640A18
:1074900000616E63686F722072756E74696D65202D
:1074A000726F6C6520616C726561647920616374D0
:1074B0006976653A207461726765743D257320753D
:1074C0007569643D257320726F6C653D25730A00F4
:1074D000616E63686F722072756E74696D6520727B
:1074E0006F6C652073746174652070726563686584
:1074F000636B206661696C65643A207461726765CC
:10750000743D257320757569643D25732072633D54
:1075100025640A00616E63686F722072756E74690B
:107520006D6520726F6C652061636365707465645E
:10753000206166746572206D6973736564204143D0
:107540004B3A207461726765743D257320757569C7
:10755000643D257320726F6C653D25730A00616E72
:1075600063686F722072756E74696D6520726F6CDE
:107570006520636F6D6D616E64206661696C656422
:107580003A207461726765743D257320757569646E
:107590003D25732072633D25640A00616E63686F48
:1075A000722072756E74696D6520726F6C652072E1
:1075B000633D2564207461726765743D2573207591
:1075C0007569643D257320726F6C653D25730A00F3
:1075D000616E63686F7220726F6C6520696E766190
:1075E0006C6964207461726765743D2573207263F1
:1075F0003D25640A00616E63686F7220726F6C656E
:1076000020636F6E6E656374206661696C65643AB1
:10761000207461726765743D257320757569643DDA
:1076200025732072633D25640A00616E63686F7282
:1076300020726F6C6520636F6E6669672077696E74
:10764000646F77206661696C65643A207461726763
:1076500065743D257320757569643D2573207263DB
:107660003D25640A004F4B2050454E44494E475F2C
:10767000524F4C4500616E63686F7220726F6C658B
:107680002070656E64696E67206661696C65643A36
:10769000207461726765743D257320757569643D5A
:1076A00025732072633D25640A004F4B2056414CE0
:1076B00049440056414C494441544500616E636859
:1076C0006F7220726F6C652076616C69646174659D
:1076D000206661696C65643A207461726765743D07
:1076E000257320757569643D25732072633D25649B
:1076F0000A004F4B20434F4D4D4954205245424FB5
:107700004F545F524551554952454400434F4D4DEA
:107710004954004155544F504F5320636F6D6D696C
:10772000742061636B206D697373696E6720726387
:107730003D25643B207265636F6E6E656374696E90
:107740006720746F20766572696679207265626F52
:107750006F745F72657175697265640A0041555492
:107760004F504F5320636F6D6D6974207665726959
:107770006679207265636F6E6E65637420666169F9
:107780006C6564206964783D25642072633D2564DE
:107790000A004155544F504F5320636F6D6D69740B
:1077A000207665726966792073746174653A202564
:1077B000730A007265626F6F745F726571756972CA
:1077C00065643D31004155544F504F5320636F6DF8
:1077D0006D697420616363657074656420616674AB
:1077E0006572206D69737365642041434B0A0041E3
:1077F00055544F504F5320636F6D6D697420616C09
:10780000726561647920616374697665206166746C
:107810006572206D69737365642041434B3A207231
:107820006F6C653D25730A00616E63686F7220722C
:107830006F6C6520636F6D6D6974206661696C653E
:10784000643A207461726765743D257320757569AB
:10785000643D25732072633D25640A00616E636890
:107860006F7220726F6C65207265626F6F74206634
:1078700061696C65643A207461726765743D257353
:1078800020757569643D25732072633D25640A0087
:10789000616E63686F7220726F6C65207265636FD2
:1078A0006E6E656374206661696C65643A2074610C
:1078B000726765743D257320757569643D25732075
:1078C00072633D25640A00616E63686F7220726F97
:1078D0006C6520636F6D6D697420616C72656164A5
:1078E00079206163746976653A20746172676574A2
:1078F0003D257320726F6C653D25733B20736B696A
:1079000070207265626F6F740A00616E63686F72D7
:1079100020726F6C652072633D256420746172670C
:1079200065743D257320757569643D257320726FFC
:107930006C653D25730A00616E63686F7220726525
:1079400073657420696E76616C6964207461726716
:1079500065743D25732072633D25640A00616E6382
:10796000686F7220726573657420636F6E6E6563F5
:1079700074206661696C65643A207461726765742D
:107980003D257320757569643D25732072633D251F
:10799000640A00616E63686F72207265736574209B
:1079A000636F6E6669672077696E646F77206661C2
:1079B000696C65643A207461726765743D25732053
:1079C000757569643D25732072633D25640A006105
:1079D0006E63686F7220726573657420636F6D6D7E
:1079E000616E64206661696C65643A2074617267D7
:1079F00065743D257320757569643D257320726338
:107A00003D25640A00616E63686F7220726573655C
:107A100074207265636F6E6E656374206661696C55
:107A200065643A207461726765743D2573207575CD
:107A300069643D25732072633D25640A00616E63AD
:107A4000686F722072657365742072633D256420CF
:107A50007461726765743D257320757569643D2591
:107A600073206D6F64653D25730A0052455345547C
:107A7000204155544F504F530052455345542052C6
:107A80004553504F4E444552004D6F646520737707
:107A90006974636820616C72656164792070656ED9
:107AA00064696E670A00436F6E74726F6C206D6F4D
:107AB000646520616C72656164792025730A004DEC
:107AC0004F44455F5452414E534954494F4E3A201A
:107AD0007265717565737420524543562D3E4F543F
:107AE0004120287072652D67617465290A007265EE
:107AF00071756573745F746F5F6F74610042544E8B
:107B00003120707265737365643A207377697463AA
:107B100068696E6720746F2025730A0042544E32E4
:107B200020707265737365643A2073776974636853
:107B3000696E6720746F2025730A0042544E33200B
:107B4000707265737365643A205343414E206F6EC3
:107B50006C790A0042544E34207072657373656408
:107B60003A20434F4E4E20262053544152540A008F
:107B700055415254207265717565737465643A207D
:107B8000737769746368696E6720746F2025730A60
:107B9000004D4F44455F5452414E534954494F4E56
:107BA0003A20524543562D3E4F5441207472616E27
:107BB000736974696F6E5F6163746976653D310ADC
:107BC000006D6F64655F7377697463685F746F5F7E
:107BD0006F7461004F544120746172676574207343
:107BE00074616765643A20746F6B656E3D2564202F
:107BF0006E616D653D2573207072656669783D25FF
:107C00007320757569643D25730A00436F6E747245
:107C10006F6C206D6F6465206E6F772025732C204C
:107C20007265626F6F74696E670A00616E63686F78
:107C3000722076657273696F6E20696E76616C6909
:107C400064207461726765743D25732072633D25FD
:107C5000640A00616E63686F722076657273696F83
:107C60006E20636F6E6E656374206661696C656417
:107C70003A207461726765743D2573207575696477
:107C80003D25732072633D25640A005645525349D1
:107C90004F4E00616E63686F722076657273696F14
:107CA0006E20726573756C74206E6F7469667920CE
:107CB0006661696C65643A207461726765743D251C
:107CC0007320757569643D25732072633D25640AD0
:107CD0000066773D006C6162656C3D00414E434833
:107CE0004F525F56455253494F4E20717565727918
:107CF0003D257320757569643D25732066773D25A4
:107D000073206C6162656C3D257320726F6C653DFC
:107D100025730A00414E43484F525F56455253491E
:107D20004F4E20726573756C743D25730A00415087
:107D30004F535F544F200061706F735F746F206901
:107D4000676E6F7265643A20616E63686F722D6F43
:107D50006E6C79206275696C64206E657665722040
:107D60007461726765747320425320746167730A8B
:107D70000041504F530061706F732072633D256462
:107D8000207061796C6F61643D25730A00636D64D6
:107D90002000636D642072633D2564207061796CFE
:107DA0006F61643D25730A00636D645F616C6C20D4
:107DB00000636D645F616C6C2072633D25642070AC
:107DC00061796C6F61643D25730A0074616720639B
:107DD00069722000746167206369722069676E6F41
:107DE0007265643A20616E63686F722D6F6E6C7994
:107DF000206275696C64206E6576657220746172AC
:107E00006765747320425320746167730A006F6E54
:107E10006573686F74200073686F77006F6E6573A9
:107E2000686F742072633D2564207061796C6F61A6
:107E3000643D25730A0074646D612000253135733B
:107E40002025333173202533317300726562616CF4
:107E5000616E63650074646D6120726562616C615E
:107E60006E63652072633D25640A0074646D612051
:107E7000636C6561722072633D25640A00686F6CF3
:107E8000640074646D6120686F6C6420706172734B
:107E900065206661696C65643A2025730A00746424
:107EA0006D6120686F6C642072633D256420686F8B
:107EB0006C643D256C750A006175746F0074646DA7
:107EC00061206175746F20706172736520666169ED
:107ED0006C65643A2025730A0074646D61206175D5
:107EE000746F2072633D256420656E61626C653D30
:107EF000256C750A0070726F66696C650074646D3C
:107F0000612070726F66696C652072633D25642024
:107F10007461726765743D25732070726F66696C59
:107F2000653D25730A00726F737465720074646D29
:107F30006120726F737465722072633D25642074D2
:107F400061726765743D25732070726F66696C6538
:107F50003D25730A00667265710074646D61206668
:107F6000726571207061727365206661696C656409
:107F70003A2025730A0074646D6120667265712071
:107F800072633D25642070726F66696C653D257370
:107F900020687A3D256C750A00556E6B6E6F776EA2
:107FA0002074646D6120636F6D6D616E643A20258D
:107FB000730A00253135732025313573202536337A
:107FC0007320253135730073746174757300436FCA
:107FD0006E74726F6C207374617475733A206D6F78
:107FE00064653D25732070656E64696E673D256C20
:107FF000750A007265726F6C6C005245524F4C4CA2
:108000002069676E6F7265643A20636F6E74726F79
:108010006C206D6F6465206D7573742062652052ED
:108020004543560A004253005245524F4C4C206281
:10803000733D25732072633D300A007363616E00E7
:108040005343414E2069676E6F7265643A20636FD7
:108050006E74726F6C206D6F6465206D7573742023
:10806000626520524543562F4155544F504F530A95
:10807000005343414E2069676E6F7265643A204F2A
:108080005441207472616E736974696F6E2061630C
:10809000746976650A00636F6E6E00434F4E4E2022
:1080A00069676E6F7265643A20636F6E74726F6C8D
:1080B000206D6F6465206D75737420626520524574
:1080C00043562F4155544F504F530A00434F4E4E85
:1080D0002069676E6F7265643A204F544120747254
:1080E000616E736974696F6E206163746976650A85
:1080F00000696E69746961746500494E495449416B
:1081000054452069676E6F7265643A20636F6E74C0
:10811000726F6C206D6F6465206D7573742062657D
:10812000204F54410A0076657273696F6E002F6D9F
:108130006E742F6E72665F7373642F6E52465F6447
:1081400065762F42696F537075725F5557425F6253
:1081500065666F72655F73746172742F53532D542B
:1081600057522F616C742D53532D5457522F6272F6
:108170006F6164636173742F6275696C642D616EE5
:1081800063686F722D667265657A652D636C6561D3
:108190006E2D32303236303731362F6466755F617E
:1081A00070706C69636174696F6E2E7A6970002FEC
:1081B0006D6E742F6E72665F7373642F6E52465FBE
:1081C0006465762F42696F537075725F5557425FD1
:1081D0006265666F72655F73746172742F53532D9D
:1081E0005457522F616C742D53532D5457522F6294
:1081F000726F6164636173742F6275696C642D6161
:108200006E63686F722D667265657A652D636C6545
:10821000616E2D3230323630373136004F54415F87
:1082200042554E444C45206B696E643D616E6368F7
:108230006F722066773D2573206275696C645F6498
:1082400069723D2573206466755F7A69703D257398
:108250000A006275696C642D7461672D66726565CC
:108260007A652D32303236303731352F6466755F9E
:108270006170706C69636174696F6E2E7A697000E9
:108280006275696C642D7461672D667265657A65C7
:108290002D3230323630373135004F54415F425540
:1082A0004E444C45206B696E643D7461672066776F
:1082B0003D2573206275696C645F6469723D257346
:1082C000206466755F7A69703D25730A00556E6B90
:1082D0006E6F776E206F746120636F6D6D616E6479
:1082E0003A2025730A00616E63686F7220766572AA
:1082F00073696F6E2069676E6F7265643A20636F91
:108300006E74726F6C206D6F6465206D7573742070
:108310006E6F74206265204F54410A00616C6C00DE
:10832000414E43484F525F56455253494F4E206D80
:10833000617020736E617073686F7420636F756E07
:10834000743D256420636F6D706C6574653D2575A3
:108350000A004155544F504F53206D617020726593
:1083600066726573683A2025633D25730A00414EA5
:1083700043484F525F56455253494F4E206D6170EE
:10838000207265667265736820636F756E743D2533
:10839000640A00414E43484F525F56455253494F7D
:1083A0004E2071756572793D256320736B6970701D
:1083B00065643A2075756964206E6F74206D617014
:1083C0007065640A00616E63686F7220766572730F
:1083D000696F6E2072633D256420746172676574F5
:1083E0003D616C6C0A00616E63686F722076657225
:1083F00073696F6E2072633D2564207461726765D6
:10840000743D25730A00726F6C6500616E63686F5E
:108410007220726F6C652069676E6F7265643A20B6
:10842000636F6E74726F6C206D6F6465206D757311
:1084300074206E6F74206265204F54410A00252A13
:108440007320252A7320252A732025323373202593
:10845000323373202532337300616E63686F72208C
:10846000726F6C652075736167653A20616E636831
:108470006F7220726F6C65203C412E2E487C5555E2
:10848000494433327C616C6C3E203C6D6173746591
:10849000727C6D61747269787C726573706F6E64E2
:1084A00065723E205B636972203C307C636F6D7047
:1084B0006163747C66756C6C3E7C6369723D3C30B4
:1084C0007C636F6D706163747C66756C6C3E5D0A75
:1084D0000063697200616E63686F7220726F6C6511
:1084E0002075736167653A206D697373696E6720E3
:1084F000636972206D6F64650A006369723D006193
:108500006E63686F7220726F6C6520756E73757024
:10851000706F72746564206F7074696F6E3A202595
:10852000730A00616E63686F7220726F6C652069F8
:108530006E76616C696420636972206D6F64653A60
:108540002025730A00616E63686F7220726F6C651C
:1085500020616C72656164792072756E6E696E67F8
:108560000A00616E63686F7220726F6C65207374AD
:108570006172746564207461726765743D616C6CCE
:1085800020726F6C653D2573206369723D25730A07
:1085900000616E63686F7220726F6C652073746126
:1085A00072746564207461726765743D257320720E
:1085B0006F6C653D2573206369723D25730A006108
:1085C0006E63686F722072657365742069676E6F81
:1085D0007265643A20636F6E74726F6C206D6F64A5
:1085E00065206D757374206E6F74206265204F5422
:1085F000410A00252A7320252A7320252A73202565
:1086000032337300616E63686F72207265736574D4
:108610002075736167653A20616E63686F722072BE
:1086200065736574203C412E2E487C555549443372
:10863000327C616C6C3E203C6175746F706F737C32
:10864000726573706F6E6465723E0A00616E636876
:108650006F722072657365742071756572793D253E
:108660006320736B69707065643A20757569642066
:108670006E6F74206D61707065640A00616E63686E
:108680006F722072657365742072633D2564207477
:1086900061726765743D616C6C206D6F64653D252A
:1086A000730A00616E63686F72207265736574206F
:1086B00072633D2564207461726765743D25732083
:1086C0006D6F64653D25730A006F74615F72657339
:1086D0006574006F74615F72657365742069676E9D
:1086E0006F7265643A20636F6E74726F6C206D6F89
:1086F0006465206D757374206265204F54410A00D3
:108700006F74615F72657365742072633D25640ADE
:10871000006D6F6465206F74612028616C72656103
:108720006479206F746129202D3E20696E69746917
:108730006174652072633D25640A0072656376008A
:108740007278006D6F64652072656376207265646F
:10875000697265637465643A20616E63686F722D37
:108760006F6E6C79206275696C64207374617973C3
:1087700020696E204155544F504F5320616E6368FD
:108780006F7220636F6E74726F6C0A00616E636843
:108790006F725F6F6E6C795F726563765F7265642E
:1087A0006972656374006D6F6465206175746F70C4
:1087B0006F732069676E6F7265643A2073776974AE
:1087C000636820746F205245435620666972737443
:1087D0000A006D6F64655F6175746F706F7300413F
:1087E00055544F504F532064657461636820636F24
:1087F0006D706C6574650A006175746F706F7320BD
:108800006369722075736167653A206175746F7072
:108810006F7320636972203C307C636F6D7061639D
:10882000747C66756C6C3E0A006175746F706F7352
:108830002063697220696E76616C6964206D6F6473
:10884000653A2025730A004155544F504F53206319
:108850006972206D6F6465207365743A2025730A10
:10886000004155544F504F53206D61702025633D9A
:1088700025730A006175746F706F73206D617020CD
:1088800075736167653A206175746F706F73206DE1
:108890006170203C412E2E483E203C5555494433C2
:1088A000323E0A006175746F706F73206D617020C5
:1088B000696E76616C6964206C6162656C3A202532
:1088C000730A00252A7320252A7320252A73202560
:1088D000333273006175746F706F73206D61702037
:1088E0007061727365206661696C65640A00617508
:1088F000746F706F73206D617020696E76616C6942
:10890000642075756964206C656E3D25750A0041AB
:1089100055544F504F53206D6170207365743A2049
:1089200025633D25730A00726573756C74004155AB
:10893000544F504F5320726573756C74206869737F
:10894000746F727920656D7074790A004155544FC7
:10895000504F5320686973746F72795B25752F25AA
:10896000755D3A2025730A004155544F504F5320EE
:10897000726573756C7420686973746F72792063A3
:108980006C65617265640A006175746F706F732045
:10899000726573756C7420696E76616C69642061B0
:1089A00072673A2025730A00726F756E64006175F4
:1089B000746F706F7320726F756E6420696E76616C
:1089C0006C6964206C6162656C3A2025730A0061F1
:1089D00075746F706F7320726F756E6420696E7638
:1089E000616C696420736574733A2025730A006DA5
:1089F00061737465725F6374726C2F6175746F70EC
:108A00006F735F7461726765740073746167656426
:108A1000004155544F504F5320726F756E64207350
:108A200074616765643A206D61737465723D256396
:108A300020736574733D256C750A006170706C79E4
:108A4000006175746F706F73206170706C7920694C
:108A5000676E6F7265643A206D6F6465206D757323
:108A600074206265204155544F504F530A00617580
:108A7000746F706F73206170706C7920616C7265B7
:108A80006164792072756E6E696E670A0041555493
:108A90004F504F53206170706C7920737461727401
:108AA00065640A006F74615F746172676574007455
:108AB0006F6B656E006F74615F74617267657420BF
:108AC000746F6B656E207061727365206661696C8E
:108AD00065640A006F74615F746172676574207405
:108AE0006F6B656E2072633D25642076616C7565E1
:108AF0003D25640A006E616D65006F74615F74618D
:108B000072676574206E616D652072633D25642017
:108B100076616C75653D25730A00707265666978CB
:108B2000006F74615F74617267657420707265664E
:108B300069782072633D25642076616C75653D25FA
:108B4000730A0075756964006F74615F74617267A0
:108B5000657420757569642072633D2564207661B3
:108B60006C75653D25730A00556E6B6E6F776E20D0
:108B70006F74615F74617267657420636F6D6D619E
:108B80006E643A2025730A00646576696365006B3C
:108B9000696E6400646576696365206B696E642044
:108BA0007365743A20616E63686F7220284F544178
:108BB000207461726765742064656661756C747396
:108BC0002072657365742C206E6F20425320707282
:108BD00065666978290A00646576696365206B6952
:108BE0006E64207461672069676E6F7265643A20F5
:108BF000616E63686F722D6F6E6C79206275696C3F
:108C000064206E6576657220636F6E6E6563747343
:108C100020425320746167730A0064657669636556
:108C2000206B696E6420696E76616C69643A2025F8
:108C3000730A00556E6B6E6F776E2064657669639C
:108C40006520636F6D6D616E643A2025730A00556F
:108C50006E6B6E6F776E20636F6D6D616E643A2020
:108C600025730A005541525420636F6D6D616E6427
:108C700020746F6F206C6F6E670A00616E63686F9F
:108C80007220726F6C6520776F726B6572206967F6
:108C90006E6F7265643A20636F6E74726F6C206DD4
:108CA0006F6465206D757374206E6F74206265202B
:108CB0004F54410A0052554E54494D4520257320CA
:108CC000464F524345204349523D257300616E6330
:108CD000686F7220726F6C6520616C6C2025732048
:108CE000776169742072656164793A20776169748B
:108CF00065643D25642072656164793D25642F2596
:108D0000640A00616E63686F7220726F6C65206127
:108D10006C6C2025732061626F727465643A206305
:108D200074726C2072656164792067617465206675
:108D300061696C65642072656164793D25642F25E5
:108D4000640A00616E63686F7220726F6C652061E7
:108D50006C6C2025732072756E74696D6520736567
:108D60006E743D25642072656164793D25642F250C
:108D7000640A00616E63686F7220726F6C652061B7
:108D80006C6C2025732072756E74696D6520726538
:108D9000706561742073656E743D25642072656131
:108DA00064793D25642F25640A00616E63686F72E3
:108DB00020726F6C6520616C6C2025732072756E5B
:108DC00074696D652066696E616C2073656E743DB3
:108DD00025642072656164793D25642F25642074C3
:108DE0006F74616C5F73656E743D25640A00616E1B
:108DF00063686F7220726F6C652071756572793D62
:108E0000256320736B69707065643A2075756964B9
:108E1000206E6F74206D61707065640A00616E630E
:108E2000686F7220726F6C652072633D25642074D8
:108E300061726765743D616C6C20726F6C653D2575
:108E400073206369723D25730A00616E63686F72F7
:108E500020726F6C652072633D25642074617267B7
:108E600065743D257320726F6C653D2573206369C1
:108E7000723D25730A006E6F7420696E204155544F
:108E80004F504F53206D6F646500726F756E642094
:108E9000746172676574206E6F742073657400412D
:108EA00055544F504F53206170706C79206D6F6432
:108EB000653A20626F6F7473747261702D746172A1
:108EC0006765742D6F6E6C790A00616E63686F72EE
:108ED0002025632070726F6D6F7465206661696C08
:108EE00065642072633D2564004155544F504F53D3
:108EF00020626F6F74737472617020746172676541
:108F0000742D6F6E6C792070726F6D6F7465207642
:108F1000657269666965643A206D61737465723D56
:108F200025630A004155544F504F53206170706CB7
:108F300079206D6F64653A20696E6372656D656E48
:108F400074616C0A004155544F504F53206170704A
:108F50006C7920696E6372656D656E74616C3A2020
:108F6000707265765F6D61737465723D2563206E06
:108F700065775F6D61737465723D25630A004155C5
:108F8000544F504F5320696E6372656D656E746106
:108F90006C2064656D6F7465206661696C65643A08
:108FA00020616E63686F723D25632072633D2564A6
:108FB0003B20666F7263696E6720636C65616E202B
:108FC00066756C6C2D73796E632072657472790AA4
:108FD00000696E6372656D656E74616C20726563A5
:108FE0006F766572792066756C6C2D73796E63206F
:108FF0006661696C65642061667465722025632012
:1090000064656D6F74652072633D2564004155543D
:109010004F504F53206170706C7920737563636596
:1090200073733A206D61737465723D25630A004164
:1090300055544F504F532066696E6974652073779D
:109040006565702068616E646F66663A206D617355
:109050007465723D256320736574733D256C753BA3
:1090600020686F737420776169747320666F722053
:1090700053574545505F444F4E450A004155544FA4
:10908000504F5320737765657020636F6E766572FD
:1090900067653A206D61737465723D25632064696C
:1090A00073636F76657279206B6570742061637489
:1090B00069766520666F72206261636B67726F7597
:1090C0006E6420616E63686F7220726574656E7481
:1090D000696F6E0A004155544F504F5320737765A6
:1090E000657020636F6E76657267652072633D25DB
:1090F00064206D61737465723D25632074696D65CC
:109100006F75745F6D733D2564206D696E5F715F6F
:109110006F6273657276653D256420636F6E73655B
:109120006375746976653D25640A004155544F5056
:109130004F53207377656570206C697374656E207A
:109140006174746163683A206D61737465723D2562
:109150006320757569643D25730A00696E636F6DE0
:10916000706C657465204155544F504F53206D61AC
:1091700070006170706C79696E67004C45442069BD
:109180006E6974206661696C65643A2025640A0022
:109190004C4544206D61703A20313D4155544F504B
:1091A0004F5320323D5245435620333D4F544120CA
:1091B000343D464C4F570A00427574746F6E2069F7
:1091C0006E6974206661696C65643A2025640A00E2
:1091D000436F6E74726F6C2073657474696E67731D
:1091E000206C6F6164206661696C65643A20256457
:1091F0000A00436F6E74726F6C206D6F6465206C33
:109200006F616465643A2025730A00555342204318
:10921000444320656E61626C65206661696C6564BB
:109220003A2025640A00436F6E736F6C65205541C8
:109230005254206E6F742072656164790A00554142
:1092400052542052582063616C6C6261636B2073CE
:1092500065747570206661696C65643A2025640ADE
:10926000005541525420636F6E74726F6C207265AA
:109270006164793A2074797065202773746174751C
:109280007327206F7220276D6F6465207265637687
:10929000272F276D6F6465206F7461272F276D6FEF
:1092A0006465206175746F706F73270A004F5441B5
:1092B0002074617267657420726573746F7265647F
:1092C0003A20746F6B656E3D2564206E616D653D5F
:1092D0002573207072656669783D25732075756900
:1092E000643D25730A00416E63686F722D6F6E6C6A
:1092F00079206275696C643A2073616E6974697A69
:10930000656420726573746F726564204F544120E8
:1093100074617267657420746F20616E63686F7228
:109320002F757569642D6F6E6C790A00426F6F74CA
:109330002070726F66696C6520257320736B69708D
:109340007065643A204F5441206D6F6465206163FD
:10935000746976650A00426F6F742070726F666977
:109360006C6520616E63686F723A206175746F2D51
:10937000636F6E6E65637420414E43484F522D2AD1
:1093800020636F6E74726F6C206C696E6B733B2020
:109390006E6F20746167207363616E0A00414E43F3
:1093A000484F52003D3D3D204D41535445522042CF
:1093B0004F4F543A2070726F66696C653D2573207B
:1093C0006D6F64653D2573207461726765743D251A
:1093D000732077616E6420746167733A202573206F
:1093E0003D3D3D0A006E726635333430646B2F6E3E
:1093F0007266353334302F63707561707000426966
:109400006F5370757220424C45206D6173746572A4
:1094100020636F6E74726F6C207265616479206F67
:109420006E2025730A0042544E3120746F67676CBA
:10943000657320524543562F4F54412C2042544EC1
:109440003220666F72636573204F5441206D6F64E4
:10945000652C2042544E333D5343414E2C20425400
:109460004E343D434F4E4E2653544152540A0062EF
:109470006F6F745F6F74615F6D6F6465004C6175D1
:109480006E6368696E67204F5441206D6F64650A92
:10949000004C61756E6368696E67204155544F508A
:1094A0004F53206D6F64652028696E7465726E611C
:1094B0006C207265636569766520616374697665A1
:1094C000290A004C61756E6368696E672072656376
:1094D0006569766572206D6F64650A006D617374ED
:1094E00065725F6374726C0041424344454647486D
:1094F0006E757300616E63686F722D6374726C00B9
:109500002530325800504859207570646174656484
:109510005B25645D3A2074783D3078257820727838
:109520003D307825780A00436F6E6E20706172615D
:109530006D20757064617465645B25645D3A2069B3
:109540006E743D2575206C61743D257520746F3DEA
:1095500025750A00414E43484F522D00524543564F
:109560005F424720737570707265737365643A204B
:109570007363616E20737461727420736B697070B1
:1095800065640A005343414E207374617274207203
:1095900065713A2062745F72656164793D2575205A
:1095A0007363616E5F72756E6E696E673D257520BF
:1095B000636F6E6E656374696E675F736C6F743D25
:1095C000256420636F6E6E5F636F756E743D2575E5
:1095D000207461726765743D2573207072656669D9
:1095E000783D25730A005363616E6E696E6720666D
:1095F0006F722025732A2028616C7265616479205E
:109600006163746976652072633D2564290A0046AA
:1096100061696C656420746F207374617274207367
:1096200063616E3A2025640A005363616E6E696E51
:109630006720666F722025732A0A004D54552065F5
:10964000786368616E67655B25645D2025732028FB
:109650002575290A004E55530053455455505B2536
:10966000645D20736B69707065643A20636F6E6E21
:10967000206D697373696E67206F7220646973630C
:109680006F6E6E65637465640A0053455455505B94
:1096900025645D20736B69707065643A206469733A
:1096A000636F7665727920616C7265616479206997
:1096B0006E666C696768740A0053455455505B25A3
:1096C000645D2064656665723A20676C6F62616CE8
:1096D00020646973636F7665727920627573790AA5
:1096E0000053455455505B25645D20646566657282
:1096F0003A2077616974696E6720256C6C64206D0F
:1097000073206265666F726520646973636F766546
:1097100072792073746172740A0053455455505B1A
:1097200025645D20736B69707065643A20646973A9
:10973000636F7665727920636C61696D6564206220
:109740007920616E6F7468657220636F6E746578DE
:10975000740A0053455455505B25645D206265676B
:10976000696E3A206C696E6B3D257320757569646E
:109770003D257320636F6E6E3D25700A005345547E
:1097800055505B25645D206D74755F657863686115
:109790006E67652072633D25640A00534554555039
:1097A0005B25645D207068795F7570646174652005
:1097B00072633D25640A0053455455505B25645D32
:1097C00020636F6E6E5F706172616D5F7570646152
:1097D00074652072633D25640A0044495343207335
:1097E000746172742064656665725B25645D3A20FD
:1097F000676C6F62616C20646973636F7665727900
:1098000020627573790A004449534320737461726E
:10981000745B25645D3A206C696E6B3D2573207521
:109820007569643D257320636F6E6E3D25700A0077
:10983000436F756C64206E6F742073746172742052
:10984000257320646973636F766572795B25645D47
:109850003A2025640A0044495343207374617274AA
:10986000206661696C65645B25645D3A20636F6E98
:109870006E65637465645F666F723D256C6C646DC4
:10988000732072656164793D257520726574726913
:1098900065733D25752073746172745F6661696CD0
:1098A000757265733D25750A00416E63686F72209D
:1098B0006374726C00257320646973636F766572DC
:1098C0007920726574727920657868617573746542
:1098D000645B25645D0A00257320646973636F7699
:1098E0006572792072657472792064656665725B51
:1098F00025645D3A20676C6F62616C2064697363F4
:109900006F7665727920627573790A00436F756CA2
:1099100064206E6F742073746172742025732064E8
:109920006973636F766572795B25645D2072657417
:1099300072792025753A2025640A00444953432052
:109940007265747279206661696C65645B25645D1B
:109950003A20636F6E6E65637465645F666F723D17
:10996000256C6C646D732072656164793D2575208A
:10997000726574726965733D2575207374617274C4
:109980005F6661696C757265733D25750A002573A4
:1099900020646973636F7665727920726574727979
:1099A0002061726D65645B25645D20617474656D12
:1099B00070743D25750A00414E43484F525F435431
:1099C000524C5B25645D206E6F746966793A202580
:1099D000730A0042532530345800474154542064E0
:1099E0006973636F76657279206572726F725B2539
:1099F000645D3A2025640A002573207365727669D8
:109A00006365206E6F7420666F756E645B25645DA0
:109A10000A00424C45207772697465206572726F46
:109A2000725B25645D3A203078253032780A006D0B
:109A30006F74696F6E006D6D6F74006E6F74696620
:109A400079207072696E7420717565756520647215
:109A50006F70733D256C640A002573206E6F746906
:109A600066793A2025730A0042533F3F3F3F004D3D
:109A70005354415420706565723D257A75206E619E
:109A80006D653D257320636F6E6E3D257520726593
:109A90006164793D257520706B74733D2575206276
:109AA000797465733D2575206C6173745F6C656EA8
:109AB0003D2575207072696E745F64726F70733DBE
:109AC000256C640A004D434C4B2063616C3D25645A
:109AD00020736B6970733D25642075705F6D733DF5
:109AE000256C6C640A007075626C69630072616E4B
:109AF000646F6D007075626C69632D6964007261DA
:109B00006E646F6D2D6964003078253032780025E1
:109B10003032583A253032583A253032583A2530CA
:109B200032583A253032583A253032582028257399
:109B300029004661696C656420746F20636F6E6EE6
:109B40006563745B25645D20746F2025732C20652C
:109B50007272203078253032780A00436F6E6E655D
:109B60006374656420746F20257320627574206EA1
:109B70006F20736C6F7420776173207265736572E8
:109B80007665640A00524543565F424720737570FC
:109B9000707265737365643A20646973636F6E6E87
:109BA00065637420756E736F6C6963697465642096
:109BB000706F73742D6761746520706565725B25C5
:109BC000645D3A2025730A00436F6E6E65637465A9
:109BD000645B25645D3A202573206E616D653D25CB
:109BE000732062733D25730A00434F4E4E45435424
:109BF0002073746174655B25645D3A206C696E6BDB
:109C00003D257320757569643D2573207265616417
:109C1000793D257520636F6E6E3D25700A005343B4
:109C2000414E2073746F70206661696C65642072A8
:109C3000633D25643B20666F7263696E67206C6FBD
:109C400063616C207363616E20737461746520635B
:109C50006C6561720A00434F4E4E45435420706557
:109C60006E64696E675B25645D2077617463686408
:109C70006F673A207761697465643D256C6C642078
:109C80006D7320757569643D25733B20636C656158
:109C900072696E67207374616C652070656E6469AB
:109CA0006E67206C696E6B0A00434F4E4E454354FD
:109CB0002070656E64696E675B25645D3A20666F2F
:109CC000756E6420756E747261636B65642065786F
:109CD000697374696E6720636F6E6E20666F7220A1
:109CE00025733B20646973636F6E6E6563742061D6
:109CF0006E642072657363616E0A00434F4E4E4579
:109D000043542070656E64696E675B25645D3A201C
:109D1000616464725F76616C69643D2575206C696D
:109D20006E6B3D257320757569643D2573207363E3
:109D3000616E5F72756E6E696E673D257520636F2B
:109D40006E6E5F636F756E743D25750A00434F4EEE
:109D50004E4543542070656E64696E675B25645D93
:109D60003A2062745F6C655F7363616E5F73746FDA
:109D7000702072633D2564207363616E5F72756E3F
:109D80006E696E673D25750A00434F4E4E4543543C
:109D90002070656E64696E675B25645D3A2073634D
:109DA000616E2073746F7020627573793B207265E9
:109DB000747279206C6174657220776974686F754C
:109DC0007420726573657276696E6720736C6F7448
:109DD0000A00434F4E4E4543542070656E64696ED1
:109DE000675B25645D2072633D256420636F6E6E42
:109DF0003D25700A0043726561746520636F6E6E65
:109E0000206661696C65645B25645D3A2025640A9F
:109E100000434F4E4E45435420776F726B3A20708B
:109E2000726F636573732070656E64696E6720700E
:109E30006565722071756575650A00424C45206341
:109E40006D6420736B69705B257A755D3A2074616F
:109E500072676574206D69736D61746368206B69E6
:109E60006E643D2573207461726765745F6E616D09
:109E7000653D2573207461726765745F75756964EB
:109E80003D257320706565725F6E616D653D25735C
:109E900020706565725F62733D2573207065657221
:109EA0005F757569643D2573206C696E6B3D257324
:109EB0002072656164793D25750A00416E63686FA3
:109EC00072206374726C2073656E64206661696CC5
:109ED00065645B257A755D3A20256420636D643D79
:109EE00025730A00416E63686F72206374726C2080
:109EF00073656E745B257A755D3A202573207575E0
:109F000069643D25730A00424C4520636D642073EB
:109F1000656E64206661696C65645B257A755D3A7F
:109F200020256420636D643D25730A00424C452062
:109F3000636D642073656E745B257A755D3A2025C8
:109F4000730A00424C4520636D64206E6F74207369
:109F5000656E743A20636F6E736964657265643D03
:109F60002564207461726765745F6B696E643D255A
:109F700073207461726765745F6E616D653D2573F2
:109F8000207461726765745F757569643D2573201F
:109F90007461726765745F7072656669783D257378
:109FA0000A00524543565F424720737570707265D0
:109FB000737365643A2064726F70207363616E20FE
:109FC00063616E646964617465207768696C65209B
:109FD0006761746520636C6F7365642028636F75B7
:109FE0006E743D256C75290A00414E43484F52203E
:109FF00063616E6469646174652072656A65637427
:10A0000065643A2062617265204253207065657212
:10A010002025732062733D257320757569643D2585
:10A02000730A00414E43484F522063616E64696475
:10A030006174652072656A65637465643A2075753C
:10A040006964206E6F7420696E20616E63686F7240
:10A05000206D617020257320757569643D2573201E
:10A060006E616D655F6D617463683D257520616E1D
:10A0700063686F725F69643D25750A0052454356F7
:10A080002063616E6469646174652072656A6563EA
:10A090007465643A2025732062733D257320626CD9
:10A0A0006F636B65642062792054444D4120726F68
:10A0B0007374657220686F6C640A005245435620C1
:10A0C00063616E6469646174652072656A65637456
:10A0D00065643A2025732062733D25732074617294
:10A0E0006765745F6E616D653D257320746172678D
:10A0F00065745F7072656669783D25732075756952
:10A10000643D25730A00524543562063616E6469BD
:10A11000646174652072656A65637465643A2025BC
:10A12000732062733D2573206E6F7420696E205416
:10A13000444D412070726F66696C6520616C6C6F74
:10A14000772D6C6973740A0025732063616E6469EE
:10A15000646174652072656A65637465643A20445D
:10A1600046552D6F6E6C79207065657220257320C1
:10A17000286E6F204E55532F6E616D65206D617492
:10A180006368290A005343414E206869743A2025C8
:10A190007320727373693D2564206E616D653D2582
:10A1A000732062733D257320757569643D257320A6
:10A1B0007461726765743D257320757569645F6F9E
:10A1C0006B3D2575207461675F6E616D653D25751A
:10A1D00020616E63686F725F6E616D653D257520ED
:10A1E0006E75733D2575206466753D257520746F09
:10A1F0006B656E3D25752070726F70733D307825EC
:10A200003032780A00434F4E4E45435420717565F5
:10A2100075655B25645D3A20616464723D25732039
:10A220006C696E6B3D257320757569643D257320DF
:10A230007461726765743D25730A0054444D412072
:10A24000726562616C616E636520646566657272D9
:10A2500065643A20686F6C643D310A0054444D4196
:10A26000207265666572656E636520736C6F745BE2
:10A27000257A755D3A2062733D425325303458206B
:10A280007461673D257520736C6F743D25752F25AE
:10A2900075206D61736B3D3078253034580A005459
:10A2A000444D41206F636375706965642D736C6FF5
:10A2B00074206275696C64206661696C65643A201B
:10A2C000746F74616C3D257520636F756E743D25E8
:10A2D000750A00434647205441473D257520534C9D
:10A2E0004F543D257520434F554E543D2575204D07
:10A2F00041534B3D30782530345820504552494F1A
:10A30000443D2575204143544956453D257520451A
:10A31000504F43483D256C752047454E3D257520DF
:10A32000504D4F44453D257520414D4F44453D25F9
:10A3300075004346472073656E64206661696C65ED
:10A34000645B25645D3A207461673D257520736CFC
:10A350006F743D2575206572723D25640A00434681
:10A36000472061737369676E65645B25645D3A209D
:10A3700062733D425325303458207461673D257522
:10A3800020736C6F743D25752F2575206D61736B7F
:10A390003D30782530345820706572696F643D25F2
:10A3A00075206163746976653D2575206163746904
:10A3B00076655F75733D25752067656E3D25752053
:10A3C000706D6F64653D25750A0054444D412077DA
:10A3D000656967687465645B257A755D3A206273A8
:10A3E0003D4253253034582070726F66696C653D6C
:10A3F0002573207461726765743D2575487A206DF8
:10A4000061736B3D30782530345820736C6F7473F2
:10A410003D25752F25752061637475616C5F7831FA
:10A4200030303D256C752065706F63685F64656CC6
:10A4300061793D256C750A004449534320636F6D73
:10A44000706C6574655B25645D3A206C696E6B3D6C
:10A45000257320646973636F76657265645F7365E5
:10A4600072766963653D257320757569643D257352
:10A470000A004449534320616E63686F722073651C
:10A48000727669636520666F756E645B25645D3AFC
:10A4900020757569643D25730A00416E63686F72AB
:10A4A000206374726C2073746174652063686172D8
:10A4B00061637465726973746963206D697373692C
:10A4C0006E675B25645D0A00416E63686F7220638E
:10A4D00074726C2073746174652076616C7565208C
:10A4E0006D697373696E675B25645D0A00416E6315
:10A4F000686F72206374726C207772697465206370
:10A5000068617261637465726973746963206D69EF
:10A510007373696E675B25645D0A00416E63686FE3
:10A5200072206374726C2077726974652076616C36
:10A530007565206D697373696E675B25645D0A00DC
:10A54000416E63686F72206374726C2072657375FC
:10A550006C74206368617261637465726973746995
:10A5600063206D697373696E675B25645D0A0041E2
:10A570006E63686F72206374726C20726573756CA1
:10A58000742076616C7565206D697373696E675BA5
:10A5900025645D0A00416E63686F72206374726C9B
:10A5A0002073746174652073756273637269626588
:10A5B0005B25645D2072633D25640A00416E63681B
:10A5C0006F72206374726C20726573756C74207383
:10A5D00075627363726962655B25645D2072633DB9
:10A5E00025640A00414E43484F525F4354524C5B2E
:10A5F00025645D206C696E6B2072656164792068EA
:10A60000616E646C653D30782530347820726573F6
:10A61000756C743D30782530347820757569643DEB
:10A6200025730A004E55532068616E646C65206185
:10A63000737369676E206661696C65645B25645D30
:10A640003A2025640A004E55532073756273637275
:10A65000696265206661696C65645B25645D3A20AA
:10A6600025640A00424C455B25645D206C696E6B75
:10A670002072656164790A00424C45206F6E652D39
:10A6800073686F7420736B69707065645B25645DBB
:10A690003A20746172676574206D69736D617463CB
:10A6A0006820757569643D2573206E616D653D2573
:10A6B000730A00424C45206F6E652D73686F7420DD
:10A6C00073656E64206661696C65645B25645D3AE0
:10A6D0002025640A00424C45206F6E652D73686F1B
:10A6E0007420636F6D6D616E642073656E745B259D
:10A6F000645D3A2025730A00446973636F6E6E656A
:10A70000637465645B25645D3A202573207265611E
:10A71000736F6E3D307825303278206C696E6B3DFA
:10A7200025732072656164793D25750A004469735B
:10A73000636F6E6E656374656420756E74726163B9
:10A740006B656420706565723A20636F6E6E5F633F
:10A750006F756E7420756E6368616E6765643D2504
:10A76000750A00524543565F4247207375707072F8
:10A7700065737365643A20717569657363652064F8
:10A780006973636F6E6E6563742072657374617252
:10A790007420626C6F636B65642072656D61696EB5
:10A7A000696E673D25750A00524543565F42472052
:10A7B000737570707265737365643A20646973634E
:10A7C0006F6E6E6563742068616E646C6572207272
:10A7D00065737461727420626C6F636B65640A00E8
:10A7E0007C002573545320733D257520703D2573DF
:10A7F0002078797A3D25642C25642C256420723DCF
:10A800002575206D3D257520613D2573202573003C
:10A8100020643D2575002573434D3B25753B25750B
:10A820003B25753B25733B25643B25753B25753BD7
:10A8300025753B2575004F54415F53544154453DA8
:10A840005245414459004F54415F524541445900DB
:10A850004F54415F424547494E5F4F4B0043464787
:10A860005F4F4B004346475F4F4B205441473D25C8
:10A870007520534C4F543D25752F2575204D415360
:10A880004B3D3078255820504552494F443D257561
:10A89000204143544956453D25752041435449566E
:10A8A000455F55533D252A752047454E3D2575206A
:10A8B0004C4956453D25750043464720636F6E66FB
:10A8C00069726D65645B25645D3A207461673D253E
:10A8D0007520736C6F743D25752F2575206D617320
:10A8E0006B3D30782530345820706572696F643D57
:10A8F0002575206163746976653D25752067656EF1
:10A900003D2575206C6976653D25750A00434647EF
:10A910005F4F4B205441473D257520534C4F543DCC
:10A9200025752F2575204D41534B3D3078255820F6
:10A93000504552494F443D257520414354495645A1
:10A940003D25752047454E3D2575204C4956453DD2
:10A9500025750054444D415F5345545F4F4B00549F
:10A96000444D415F5345545F4F4B20534C4F543D32
:10A9700025686875204C4956453D25686875005422
:10A98000444D4120736C6F7420636F6E6669726D05
:10A9900065645B25645D3A20736C6F743D2575209A
:10A9A0006C6976653D25750A0054444D415F534CF2
:10A9B0004F543D0054444D415F534C4F543D256826
:10A9C00068752F257520534F555243453D25313528
:10A9D000730054444D41207374617475735B256436
:10A9E0005D3A20736C6F743D25752F257520736F4C
:10A9F000757263653D25730A004F54415F5354419E
:10AA000054453D414354495645004F54415F5354CA
:10AA10004154453D4E4F524D414C004F54415F43D0
:10AA2000414E43454C4C454400554E4B4E4F574EBE
:10AA30005F434D44004641494C4544004552524F06
:10AA400052004C4544206D61703A20313D415554CF
:10AA50004F504F5320323D5245435620333D4F54C3
:10AA60004120343D424C452D666C6F772F657272E4
:10AA70006F720A00426C7565746F6F746820696E3E
:10AA80006974206661696C65643A2025640A004235
:10AA90006C7565746F6F746820696E6974206F6B74
:10AAA0003A2062745F72656164793D25750A0053CE
:10AAB000657474696E6773206C6F61642072633DA6
:10AAC00025642062745F72656164793D25750A00B2
:10AAD0004E555320636C69656E7420696E697420ED
:10AAE0006661696C65645B257A755D3A2025640A48
:10AAF000004E555320636C69656E7420696E6974ED
:10AB0000206661696C65643A2025640A004E5553DD
:10AB100020636C69656E7420696E6974206F6B3A8E
:10AB20002062745F72656164793D25750A0042692F
:10AB30006F5370757220424C45206D61737465725D
:10AB4000207265616479206F6E2025730A004D6163
:10AB50007820636F6E6E656374696F6E733A20253B
:10AB6000750A004D617374657220646973636F7652
:10AB7000657279206D6F64653A205343414E206FB2
:10AB80006E6C790A004D6173746572206469736339
:10AB90006F76657279206D6F64653A20434F4E4E33
:10ABA00020262053544152540A00524543565F42D6
:10ABB0004720737570707265737365643A20636FB4
:10ABC0006E6E6563742F737461727420646566655C
:10ABD0007272656420627920676174650A004D6154
:10ABE0007374657220646973636F6E6E65637469F4
:10ABF0006E6720706565725B257A755D3A206273B9
:10AC00003D4253253034580A004D617374657220FB
:10AC1000646973636F6E6E656374207461726765D7
:10AC20007420706565725B257A755D3A20636F6E7E
:10AC30006E65637465643D25752072656164793D58
:10AC40002575206C696E6B3D257320757569643DB3
:10AC500025730A004D617374657220636C656172BF
:10AC6000207461726765742070656E64696E672018
:10AC7000706565725B257A755D3A2070656E6469F2
:10AC80006E673D25752073657475703D2575206967
:10AC90006E666C696768743D257520757569643DDD
:10ACA00025730A004D61737465722071756965734F
:10ACB000636520706565725B257A755D3A20636F08
:10ACC0006E6E65637465643D257520726561647997
:10ACD0003D2575206C696E6B3D2573207575696423
:10ACE0003D25730A004D6173746572207175696545
:10ACF0007363652070656E64696E67207065657248
:10AD00005B257A755D3A2070656E64696E673D25D6
:10AD1000752073657475703D257520696E666C6964
:10AD20006768743D257520757569643D25730A0053
:10AD3000524543565F424720737570707265737356
:10AD400065643A2072657374617274206469736318
:10AD50006F766572792069676E6F726564206279BB
:10AD600020676174650A00524541445920636F753C
:10AD70006E743D2564207461726765743D2573208F
:10AD80007461726765745F757569643D25732063CE
:10AD90006F6E6E5F636F756E743D257520636F6EA9
:10ADA0006E656374696E675F736C6F743D256420B4
:10ADB0007363616E3D2575206175746F3D25750A5D
:10ADC00000524541445920706565725B257A755D76
:10ADD0003A206C696E6B3D257320636F6E6E656300
:10ADE0007465643D25752072656164793D25752023
:10ADF00070656E64696E673D257520696E666C6965
:10AE00006768743D257520726574726965733D25A8
:10AE1000752073746172745F6661696C75726573B5
:10AE20003D257520757569643D2573206E616D65DE
:10AE30003D25732073746174655F683D30782530FB
:10AE40003478206374726C5F683D307825303478D4
:10AE500020726573756C745F683D30782530347886
:10AE60000A00416E63686F72206374726C207265B1
:10AE700071756573745B25645D3A20257320757563
:10AE800069643D25730A00414C4C4F57005355509F
:10AE9000505245535300524543565F424720676125
:10AEA00074653A20257320726561736F6E3D25735A
:10AEB0000A00416E63686F72206374726C20616C6B
:10AEC0006C2073656E64206661696C65645B257ACD
:10AED000755D3A20256420636D643D25730A004149
:10AEE0006E63686F72206374726C20616C6C207387
:10AEF000656E745B257A755D3A20257320757569DA
:10AF0000643D25730A00424C4520636D645F616CAB
:10AF10006C2073656E64206661696C65645B257A7C
:10AF2000755D3A20256420636D643D25730A0042F7
:10AF30004C4520636D645F616C6C2073656E745B5F
:10AF4000257A755D3A2025730A00424C4520636DD1
:10AF5000645F616C6C206E6F742073656E743A2050
:10AF6000636F6E736964657265643D256420746106
:10AF7000726765745F6B696E643D257320636D64F1
:10AF80003D25730A004F6E652D73686F74204E5512
:10AF90005320636F6D6D616E642061726D65642016
:10AFA0002872756E74696D65293A2025730A004F01
:10AFB0006E652D73686F74204E555320636F6D6DF1
:10AFC000616E6420636C6561726564202872756EC1
:10AFD00074696D65290A004F6E652D73686F742062
:10AFE00072756E74696D6520636D643A2025730A0D
:10AFF000004F6E652D73686F7420636D643A203C5A
:10B000006E6F6E653E0A0054444D412070726F664B
:10B01000696C65207365743A20425325303458209A
:10B020002D3E2025730A0054444D4120726F7374E5
:10B030006572207365743A20425325303458202DB0
:10B040003E2025730A0054444D41206672657120EC
:10B050007365743A2025733D2575487A0A00617539
:10B06000746F2D616C6C2D72656164790065787008
:10B070006C696369740054444D4120726F73746548
:10B0800072206D6F64653A2025730A0054444D4167
:10B0900020726562616C616E636520686F6C643DEF
:10B0A00025752064656665727265643D25750A00C4
:10B0B00054444D41206578706C6963697420726FE7
:10B0C0007374657220636C65617265640A00544430
:10B0D0004D412077656967687465642073636865AE
:10B0E00064756C65723A20706572696F643D257590
:10B0F0006D73206163746976653D25756D7320619C
:10B1000063746976655F75733D2575206D61785F41
:10B11000736C6F74733D25752066726571206D6F59
:10B1200074696F6E3D2575487A20726F737465720D
:10B130003D25730A0054444D412070726F66696C5E
:10B14000653A20425325303458202D3E2025732067
:10B150007461726765743D2575487A0A006F6B00EB
:10B1600072656A6563740074696D656F75740074E7
:10B170007261636B0066697865640084AA607452CA
:10B180008A8B86D34CB71D1DDC538D9ECADC240EE2
:10B19000E5A9E093F3A3B50100406E4F54415F531E
:10B1A000544154453A25732064657461696C3D25AA
:10B1B000730A004F5441207761746368646F67209D
:10B1C0006578686175737465643A206E6F206D6F81
:10B1D00072652072652D647269766520617474658C
:10B1E0006D7074730A004F54412077617463686412
:10B1F0006F6720747269676765723A206466755F6D
:10B2000072656164792074696D656F75742C207244
:10B21000652D6472697665202325752075756964CE
:10B220003D257320636F6E6E3D25700A0077617453
:10B230006368646F675F72656472697665004F5416
:10B2400041207761746368646F6720646973636F1A
:10B250006E6E656374206661696C65643A2025646E
:10B260000A004F5441207761746368646F672073EC
:10B2700063616E2072657374617274206661696CBB
:10B2800065643A2025640A004F5441207761746355
:10B2900068646F672066616C6C6261636B3A2070F2
:10B2A000617373697665207363616E207265737470
:10B2B00061727465640A004F544120534D502073ED
:10B2C00075627363726962652063623A20636F6EB0
:10B2D0006E3D2570206572723D25752076616C7516
:10B2E000655F68616E646C653D3078253034782028
:10B2F0006363633D3078253034780A004F54412031
:10B300007273702069676E6F7265643A20636F6E46
:10B310006E206D69736D6174636820676F743D257D
:10B3200070206578706563743D2570206C656E3D96
:10B3300025750A004F544120727370207061727439
:10B340003A20743D257520636F6E6E3D2570206731
:10B3500072703D30782530347820636D643D3078EC
:10B3600025303278207365713D2575206F66663D06
:10B370002575206368756E6B3D2575206163633D9F
:10B38000257520746F74616C3D25750A004F54411A
:10B39000207761746368646F672063616E63656CB6
:10B3A0003A20726561736F6E3D25730A004F5441F8
:10B3B0002073657373696F6E20616371756972655F
:10B3C000643A20726561736F6E3D25730A00736580
:10B3D0007373696F6E5F72656C65617365004F545E
:10B3E000412073657373696F6E2072656C6561735C
:10B3F00065643A20726561736F6E3D25730A00447F
:10B40000465520534D50206572726F723A20256464
:10B410000A00436F756C64206E6F742073746172E0
:10B420007420646973636F766572793A2025640AC3
:10B43000004F544120737461727420626C6F636BAF
:10B4400065643A206964656E74697479206E6F74FE
:10B450002076657269666965642028616464723D5E
:10B46000257320757569643D2573206E616D653D9A
:10B47000257320746F6B656E3D2564290A0069642D
:10B48000656E746974795F6E6F745F7665726966F4
:10B49000696564004E555320777269746520657242
:10B4A000726F723A203078253032780A00436F6E1E
:10B4B0006E656374696E67206661696C65640A0015
:10B4C0007363616E5F636F6E6E656374696E675FF1
:10B4D0006572726F72004D54552065786368616EB5
:10B4E0006765206661696C65643A2025750A004DC0
:10B4F00054552065786368616E676520646F6E657A
:10B500002C206D74753D25750A004E5553206469D5
:10B5100073636F76657279206572726F723A202557
:10B52000642C20636F6E74696E75696E672077692D
:10B530007468204446550A00474154542064697396
:10B54000636F76657279206572726F723A20256436
:10B550000A004E55532073657276696365206E6FDD
:10B560007420666F756E642C20636F6E74696E75DF
:10B57000696E672077697468204446550A0044461E
:10B580005520534D502073657276696365206E6F48
:10B590007420666F756E640A002573434D3B313B22
:10B5A00025753B25753B25733B25643B25753B2560
:10B5B000753B25753B2575002573545320733D2538
:10B5C0007520703D25732078797A3D25642C25649B
:10B5D0002C256420723D2575206D3D257520613D2B
:10B5E000257300206D6F74696F6E3D6E61004E555E
:10B5F00053206E6F746966793A2025730A0053658B
:10B60000637572697479206368616E6765643A2056
:10B610002573206C6576656C3D2575206572723DDD
:10B6200025750A0053656375726974792066616CCB
:10B630006C6261636B3A206572723D2575206C65A2
:10B6400076656C3D25752C20636F6E74696E756927
:10B650006E6720776974686F7574204C320A0044F5
:10B660006973636F6E6E65637465643A2025732039
:10B67000726561736F6E203078253032780A00640D
:10B680006973636F6E6E65637400646973636F6E74
:10B690006E6563745F61667465725F6572726F7206
:10B6A000005363616E2072657374617274207375E8
:10B6B000707072657373656420286E6F20616374A7
:10B6C000697665204F54412073657373696F6E29E5
:10B6D0000A00446973636F6E6E6563746564206904
:10B6E000676E6F72656420286E6F74206465666192
:10B6F000756C745F636F6E6E290A00436F6E6E65C2
:10B700006374206661696C656420257320657272BC
:10B71000203078253032780A00636F6E6E5F636286
:10B7200000436F6E6E65637465642069676E6F7247
:10B73000656420286E6F742064656661756C745F43
:10B74000636F6E6E293A2025730A00436F6E6E6533
:10B75000637465643A2025730A00436F6E6E6563F7
:10B7600074656420746172676574206576696465C8
:10B770006E63653A2076657269666965643D257514
:10B7800020757569643D2573206E616D653D257377
:10B7900020746F6B656E3D25640A00636F6E6E6585
:10B7A00063746564004F5441207761746368646F0B
:10B7B000672061726D65643A20776169745F6466C1
:10B7C000755F72656164792074696D656F75743D2C
:10B7D0002575206D7320757569643D257320636F31
:10B7E0006E6E3D25700A00436F6E6E65637465640E
:10B7F000204D54553A2025750A00436F6E6E204C3B
:10B800004520706172616D733A20696E743D2575D3
:10B81000206C61743D25752074696D656F75743D8C
:10B8200025750A005048592075706461746520724E
:10B830006571756573742072633D25640A00436FFA
:10B840006E6E20706172616D207570646174652028
:10B85000726571756573742072633D25640A0053C7
:10B8600065637572697479204F54413A20736B692E
:10B8700070204C3220757067726164652C2075737E
:10B88000652063757272656E74206C696E6B206CD6
:10B890006576656C0A005363616E2073746F702067
:10B8A000616674657220636F6E6E65637420666195
:10B8B000696C65643A2025640A00436F756C6420E6
:10B8C0006E6F74207374617274204E5553206469D6
:10B8D00073636F766572793A2025640A004E55537A
:10B8E0002068616E646C652061737369676E2066A1
:10B8F00061696C65643A2025640A004E55532073D3
:10B900007562736372696265206661696C65643A29
:10B910002025640A004E555320736572766963656D
:10B920002072656164790A004F54412061726D2074
:10B93000766961204E55533A204F54415F5052452D
:10B94000504152450A004F54412061726D20766982
:10B9500061204E55533A204F54415F424547494E6E
:10B960000A004F54412061726D20766961204E5566
:10B9700053206661696C65643A2025640A00444678
:10B980005520534D502068616E646C65206173735F
:10B9900069676E206661696C65643A2025640A00F7
:10B9A0006466755F72656164790044465520534D45
:10B9B0005020736572766963652072656164790AE7
:10B9C000004446552068616E646C65733A20736D5F
:10B9D000703D307825303478206363633D307825BE
:10B9E0003034780A005363616E2072656A6563744F
:10B9F0003A20257320726561736F6E3D75756964B9
:10BA00005F6D69736D6174636820676F743D257342
:10BA10002077616E743D25730A00757569645F6DEA
:10BA200069736D61746368005363616E206576614C
:10BA30006C3A20257320636F6E6E3D256420746F11
:10BA40006B656E3D256420757569643D2573206EB8
:10BA5000616D653D25732062733D2573206E616DB8
:10BA6000655F6F6B3D257520746F6B656E5F6F6BE7
:10BA70003D257520757569645F6F6B3D2575207375
:10BA800074726963745F69643D25750A005363616C
:10BA90006E206465636973696F6E3A202573206157
:10BAA00063636570743D25752064656661756C74AB
:10BAB0005F636F6E6E3D2570207461726765745FA1
:10BAC0006E616D653D2573207461726765745F7486
:10BAD0006F6B656E3D2564207461726765745F7578
:10BAE0007569643D25730A007363616E5F66696CF6
:10BAF000746572005363616E2073746F70206661A9
:10BB0000696C6564206265666F726520636F6E6E36
:10BB1000656374202573206572722025640A0043D2
:10BB20006F6E6E6563742073746172743A2025734E
:10BB300020746F6B656E3D2564206E616D653D25DB
:10BB4000732062733D25730A0062745F636F6E6ECB
:10BB50005F6C655F63726561746500436F6E6E65EF
:10BB60006374207374617274206661696C6564200B
:10BB70002573206572722025640A007772697465E6
:10BB80005F7265710077726974655F636D64004F01
:10BB900054412073656E643A206F703D2575206CAA
:10BBA000656E3D25752067726F75703D3078253064
:10BBB000347820636D643D307825303278207365A9
:10BBC000713D25750A004F54412066697273742DCA
:10BBD0006672616D65207261773A207472616E736E
:10BBE000706F72743D25732068616E646C653D30C2
:10BBF000782530347820746F74616C3D2575206829
:10BC000064725F6F703D2575206864725F666C6159
:10BC100067733D307825303278206864725F6C65D8
:10BC20006E3D2575206864725F67726F75703D3078
:10BC30007825303478206864725F69643D307825F7
:10BC4000303278206864725F7365713D25752072AB
:10BC500061773D004F544120534D502073756273FE
:10BC6000637269626520616C7265616479206163E9
:10BC7000746976653A20736D703D3078253034787C
:10BC8000206363633D3078253034780A004F544197
:10BC900020534D502073756273637269626520662C
:10BCA00061696C65643A2072633D256420736D7030
:10BCB0003D307825303478206363633D307825301B
:10BCC00034780A004F544120534D502073756273ED
:10BCD00063726962652063616C6C6261636B20747E
:10BCE000696D656F75743A20736D703D30782530DD
:10BCF0003478206363633D3078253034780A004F10
:10BD0000544120534D5020737562736372696265AC
:10BD10002063616C6C6261636B206572726F723A52
:10BD2000206572723D256420736D703D307825303A
:10BD30003478206363633D3078253034780A004FCF
:10BD4000544120534D50207375627363726962656C
:10BD5000206F6B3A2072633D256420736D703D3017
:10BD60007825303478206363633D3078253034782B
:10BD70000A004F54412073656E6420626C6F636BE0
:10BD800065643A207375627363726962655F6E6F92
:10BD9000745F72656164792072633D256420677207
:10BDA000703D30782530347820636D643D307825DF
:10BDB0003032780A004F544120636F6D6D616E64BC
:10BDC000206973737565642877726974655F72653D
:10BDD00071293A2072633D25642074785F6C656E2A
:10BDE0003D257520736D703D3078253034782063A3
:10BDF00063633D307825303478207365633D257565
:10BE00000A004F544120636F6D6D616E642073654D
:10BE10006E64206661696C65642877726974655F19
:10BE2000726571293A206772703D30782530347818
:10BE300020636D643D3078253032782072633D2573
:10BE400064207365633D25750A004F544120777265
:10BE50006974655F7265712063616C6C6261636BAC
:10BE60002074696D656F75743A206772703D307823
:10BE70002530347820636D643D3078253032782069
:10BE8000636F6E6E3D257020736D703D3078253088
:10BE900034780A004F54412077726974655F726587
:10BEA000712063616C6C6261636B206572726F728A
:10BEB0003A206772703D30782530347820636D64A5
:10BEC0003D307825303278206572723D25642063DC
:10BED0006F6E6E3D25700A004F544120636F6D6D8B
:10BEE000616E64206973737565642877726974651F
:10BEF0005F636D64293A2072633D25642074785F26
:10BF00006C656E3D257520736D703D30782530343D
:10BF100078206363633D307825303478207365631F
:10BF20003D25750A004F544120636F6D6D616E644D
:10BF30002073656E64206661696C65642877726938
:10BF400074655F636D64293A2067726F75703D3068
:10BF5000782530347820636D643D30782530327830
:10BF60002072633D2564207365633D25750A004F8B
:10BF7000544120747820696E666C696768743A2051
:10BF8000743D257520636F6E6E3D2570206772705D
:10BF90003D30782530347820636D643D307825302D
:10BFA0003278207365713D2575206C656E3D257571
:10BFB0000A005B25752D3E25755D204F5441206399
:10BFC0006F6D6D616E642077616974206661696C64
:10BFD00065643A2067726F75703D3078253034782B
:10BFE00020636D643D3078253032782072633D25C2
:10BFF000640A004F5441207761697420646562755A
:10C00000673A207273705F6C656E3D2575207273A0
:10C01000705F746F74616C3D2575206368756E6B1D
:10C020003D2575206F66663D25750A004F544120F9
:10C0300074696D656F757420696E666C6967687484
:10C040003A2064743D257520636F6E6E3D25702027
:10C050006772703D30782530347820636D643D30F0
:10C060007825303278207365713D25750A004F546C
:10C07000412074696D656F757420636F6E746578A7
:10C08000743A207375627363726962653D25752029
:10C090007365633D257520736D703D3078253034B0
:10C0A00078206363633D30782530347820636F6E89
:10C0B0006E3D25702064656661756C745F636F6E9C
:10C0C0006E3D25702073656C65637465645F75757E
:10C0D00069643D25732074783D25730A004F5441EF
:10C0E00020727820636F6D706C6574653A20743DC2
:10C0F00025752064743D257520636F6E6E3D257037
:10C10000206772703D30782530347820636D643D4F
:10C11000307825303278207365713D257520727333
:10C12000705F6C656E3D25750A007263004F544167
:10C1300020636F6D6D616E6420646F6E653A206779
:10C14000726F75703D30782530347820636D643DB2
:10C15000307825303278207374617475733D2564AE
:10C16000206F66663D25750A004F54412075706C3E
:10C170006F61642061636B3A207374617475733D01
:10C180002564206F66663D25750A004F544120499D
:10C190004D475F5354415445207273703A20737475
:10C1A000617475733D2564207061796C6F61643DC5
:10C1B00025752062797465730A004F544120494DFA
:10C1C000475F5354415445207273702062797465FF
:10C1D000733A002025303278004F54412072617745
:10C1E000207273703A206F703D257520666C616710
:10C1F000733D307825303278206C656E3D25752092
:10C2000067726F75703D3078253034782069643DF1
:10C21000307825303278207061796C6F61643D250B
:10C22000750A004F544120727370206279746573EF
:10C230003A004F54412075706C6F616420737461D3
:10C240007274696E673A20696D6167655F6C656ECF
:10C250003D25752062797465730A004F544120753D
:10C26000706C6F61642070726F67726573733A20CF
:10C270003025252028302F25752062797465732993
:10C280000A00696D6167650064617461006C656EC8
:10C2900000736861004F54412075706C6F616420B9
:10C2A0007061636B6574206275696C642F66697474
:10C2B000206661696C65643A206F66663D2575206D
:10C2C0006D74753D2575206D61785F6174743D25D1
:10C2D000752066697273743D25640A004F544120CD
:10C2E0006368756E6B20646F776E73686966743A05
:10C2F000206F66663D25752072657175657374657E
:10C30000643D25752061637475616C3D2575206DF4
:10C3100074753D25750A004F54412075706C6F612E
:10C32000642070726F67726573733A2025752525D6
:10C33000202825752F2575206279746573290A00D8
:10C340004F544120666972737420494D475F5550C0
:10C350004C4F414420747820707265703A20743DCF
:10C36000257520636F6E6E3D257020757569643D7F
:10C370002573206F66663D2575206368756E6B3D7D
:10C3800025750A004F54412075706C6F61642074EC
:10C39000696D656F7574206174206F66663D2575E3
:10C3A0002C2072657472792025642F25640A004F51
:10C3B00054412075706C6F6164206F66667365749C
:10C3C000206D69736D617463683A20657870656388
:10C3D00074656420257520676F742025750A004FE9
:10C3E00054412075706C6F616420696E76616C6970
:10C3F00064206F66667365742066726F6D20746169
:10C40000726765743A2025750A004F544120757093
:10C410006C6F6164207374616C6C6564206174205E
:10C420006F66663D25750A004F54412075706C6F2C
:10C43000616420636F6D706C6574650A0068617378
:10C440006800636F6E6669726D004F5441207065BD
:10C450006E64696E672F746573742072657175659B
:10C4600073740A004F5441207265736574207265BD
:10C4700071756573740A00736C6F74004F544120BA
:10C480006572617365207365636F6E646172792094
:10C49000736C6F7420726571756573740A004F5404
:10C4A0004120696D616765207374617465207265F0
:10C4B000616420726571756573740A0070696E67D6
:10C4C000004F5441207072696D65206563686F206C
:10C4D000726571756573740A004F544120707269FA
:10C4E0006D65207061796C6F6164206C656E3D25AF
:10C4F000752062797465733A004F544120707269F7
:10C500006D652074696D656F757420286E6F6E2D72
:10C51000666174616C292C20636F6E74696E756539
:10C52000207769746820494D472065726173652FD3
:10C5300075706C6F61640A0077726974655F72650B
:10C5400071286469616729004F54412073746172D6
:10C550007420676174653A206D74753D257520639C
:10C560006F6E6E3D25700A004F54412075706C6FE0
:10C57000616420676174652070656E64696E673AF6
:10C580002073657373696F6E5F696E61637469763A
:10C59000650A004F54412075706C6F6164206761BB
:10C5A00074652070656E64696E673A206E6F5F63B4
:10C5B0006F6E6E0A004F54412075706C6F6164207D
:10C5C000676174652070656E64696E673A206466A1
:10C5D000755F6E6F745F72656164790A004F5441D4
:10C5E0002075706C6F616420676174652070656E82
:10C5F00064696E673A206D74755F6E6F745F726503
:10C600006164790A004F54412075706C6F61642039
:10C61000676174652070656E64696E673A20736542
:10C62000635F6E6F745F72656164790A004F544195
:10C630002075706C6F616420676174652070726F23
:10C6400062653A20617474656D70743D25642F25B0
:10C65000640A004F54412075706C6F6164206761FB
:10C660007465206F70656E3A20617474656D7074C6
:10C670003D25640A007374617274004F5441207543
:10C68000706C6F616420676174652070726F6265A1
:10C69000206661696C65643A2072633D256420748C
:10C6A000783D25730A004F54412075706C6F6164AA
:10C6B0002067617465206661696C65643A20256451
:10C6C0000A004F54412075706C6F6164206761747B
:10C6D00065207374616C6C6564206166746572209A
:10C6E0004446552072656164793B206973737569AE
:10C6F0006E67207265636F76657279207265736507
:10C70000740A004F54412067617465207265636F3D
:10C7100076657279207265736574206661696C65EF
:10C72000643A2025640A0075706C6F61645F67610C
:10C7300074655F7265636F766572795F7265736544
:10C74000745F6661696C6564004F54412075706C5C
:10C750006F61642D67617465207265636F766572C1
:10C760007920726573657420726571756573740ADA
:10C770000075706C6F61645F676174655F7265639B
:10C780006F766572795F72657365740075706C6F32
:10C7900061645F676174655F6661696C6564004FC1
:10C7A0005441207072696D652074696D656F757490
:10C7B0003B20636F6E74696E75696E67207769746C
:10C7C000682065726173652F75706C6F616420708D
:10C7D0006174680A004F5441207072696D6520666B
:10C7E00061696C65643A2025640A004F54412065F4
:10C7F000726173652074696D656F75743B20636F3A
:10C800006E74696E75696E672077697468207570DB
:10C810006C6F616420706174680A004F5441206538
:10C820007261736520626C6F636B6564206279204E
:10C8300070656E64696E6720696D616765207374E9
:10C840006174653B2069737375696E6720726563F7
:10C850006F766572792072657365740A004F544172
:10C86000207265636F7665727920726573657420D6
:10C870006661696C65643A2025640A0065726173BB
:10C88000655F70656E64696E675F7265636F76651C
:10C8900072795F72657365745F6661696C65640067
:10C8A0004F54412070656E64696E672D73746174B6
:10C8B00065207265636F7665727920726573657441
:10C8C00020726571756573740A0065726173655FC6
:10C8D00070656E64696E675F7265636F76657279A5
:10C8E0005F7265736574004F5441206572617365B2
:10C8F000206661696C65643A2025640A004F5441E2
:10C900002075706C6F6164206661696C65643A20A3
:10C9100025640A0075706C6F61645F6661696C659F
:10C92000640075706C6F61645F646F6E65004F5476
:10C930004120737461746520726561642066616969
:10C940006C65643A2025640A004F544120636F6E81
:10C9500074696E75696E6720746F2070656E6469A6
:10C960006E672F74657374206465737069746520D5
:10C9700073746174652072656164206661696C75A9
:10C9800072650A004F5441207363686564756C6575
:10C99000207761726E696E673A2025640A004F54F1
:10C9A0004120636F6E74696E75696E6720746F20C5
:10C9B00072656D6F7465207265736574206465734C
:10C9C00070697465207363686564756C6520776150
:10C9D000726E696E670A004F544120726573657408
:10C9E000206661696C65643A2025640A004F5441F1
:10C9F00020636F6D6D616E642073657175656E6324
:10CA0000652073656E740A0072656D6F74655F7280
:10CA1000657365745F73656E740073657175656EBB
:10CA200063655F646F6E65007461726765745F72E1
:10CA30006573657400757569645F636C6561720028
:10CA4000757569645F736574004F54412074617239
:10CA50006765742066696C7465723A20746F6B65E3
:10CA60006E3D2564206E616D653D25732070726595
:10CA70006669783D257320757569643D25730A00E4
:10CA8000656E61626C65640064697361626C6564A3
:10CA9000004F5441204E55532073746167653A200E
:10CAA00025730A004F544120696E69746961746589
:10CAB0002072656A65637465643A2073657373698F
:10CAC0006F6E20616C726561647920616374697650
:10CAD000650A00696E6974696174655F7265736582
:10CAE00074004F544120696E6974696174653A201D
:10CAF000646973636F6E6E656374207265717565CA
:10CB00007374733D25640A004F544120696E697443
:10CB1000696174653A207363616E2073746F70206D
:10CB20006661696C65643A2025640A004F544120AF
:10CB3000696E6974696174653A207363616E20730C
:10CB400074617274206661696C65643A2025640AB8
:10CB500000696E6974696174655F7363616E5F73A8
:10CB6000746172745F6661696C6564004F54412042
:10CB7000696E6974696174653A207363616E2072CD
:10CB8000657374617274656420287061737369766B
:10CB900065292C2061726D65643D310A006D616EFE
:10CBA00075616C5F72657365745F726571756573CD
:10CBB00074004F54412068616E646F66663A20715C
:10CBC000756965736365206265666F7265206D6F58
:10CBD0006465207377697463680A006D6F64655FCC
:10CBE00068616E646F6666004F54412068616E64D0
:10CBF0006F66663A207363616E2073746F7020668F
:10CC000061696C65643A2025640A004F54412063D1
:10CC10006F6E6E2063616C6C6261636B7320726512
:10CC2000676973746572656420286F7461206D6F25
:10CC30006465206F6E6C79290A004F54412073633C
:10CC4000616E206D6F64653A206964656E74697405
:10CC5000792D666972737420286E6F207072656614
:10CC6000696C746572290A0042696F53707572208D
:10CC7000424C45204F5441206D617374657220729F
:10CC800065616479206F6E206E52463532383430DB
:10CC900020444B0A005363616E6E696E6720666FB5
:10CCA00072204F54412D63617061626C6520746124
:10CCB000672044465520534D502073657276696352
:10CCC000650A007461726765745F636F6E66696799
:10CCD00075726564007461726765745F72656A6518
:10CCE0006374656400636F6E6E6563745F70656E18
:10CCF00064696E6700636F6E6E6563745F66616919
:10CD00006C656400636F6E6E65637465645F766501
:10CD1000726966696564006F74615F626C6F636BF2
:10CD20006564006F74615F75706C6F6164696E67D4
:10CD3000006F74615F75706C6F61645F636F6D70BD
:10CD40006C657465007265626F6F745F70656E64A8
:10CD5000696E6700706F73745F7665726966795F7C
:10CD600070617373656400706F73745F7665726968
:10CD700066795F6661696C656400407CD4CF8B73B3
:10CD8000D8963D114A1ACD72947478A7EDB2C20EAE
:10CD90001B021AC0C16BA0DA45FC6FDEF0B7436A14
:10CDA00062A85090240EAE03E6245614A97C0A3DD6
:10CDB000B520A494958A9945686A3DB8F396000019
:10CDC000000000020000FC980200000000000000CB
:10CDD00001000100000000000000FFFFFFFFFFFF57
:10CDE000FFFFFFFFFFFFFFFFFFFFFFFFFFFFFFFF53
:10CDF000FFFFFFFFFFFFFFFFFFFFFFFFFFFFFFFF43
:10CE0000FFFFFFFFFFFFFFFFFFFFFFFFFFFFFFFF32
:10CE1000FFFFFFFFFFFFFFFFFFFFFFFFFFFFFFFF22
:10CE2000FFFFFFFFFFFFFFFFFFFFFFFFFFFFFFFF12
:10CE3000FFFFFFFFFFFFFFFFFFFFFFFFFFFFFFFF02
:10CE4000FFFFFFFFFFFFFFFFFFFFFFFFFFFFFFFFF2
:10CE5000FFFFFFFFFFFFFFFFFFFFFFFFFFFFFFFFE2
:10CE6000FFFFFFFFFFFFFFFFFFFFFFFFFFFFFFFFD2
:10CE7000FFFFFFFFFFFFFFFFFFFFFFFFFFFFFFFFC2
:10CE8000FFFFFFFFFFFFFFFFFFFFFFFFFFFFFFFFB2
:10CE9000FFFFFFFFFFFFFFFFFFFFFFFFFFFFFFFFA2
:10CEA000FFFFFFFFFFFFFFFFFFFFFFFFFFFFFFFF92
:10CEB000FFFFFFFFFFFFFFFFFFFFFFFFFFFFFFFF82
:10CEC000FFFFFFFFFFFFFFFFFFFFFFFFFFFFFFFF72
:10CED000FFFFFFFFFFFFFFFFFFFFFFFFFFFFFFFF62
:10CEE000FFFFFFFFFFFFFFFFFFFFFFFFFFFFFFFF52
:10CEF000FFFFFFFFFFFFFFFFFFFFFFFFFFFFFFFF42
:10CF0000FFFFFFFFFFFFFFFFFFFFFFFFFFFFFFFF31
:10CF1000FFFFFFFFFFFFFFFFFFFFFFFFFFFFFFFF21
:10CF2000FFFFFFFFFFFFFFFFFFFFFFFFFFFFFFFF11
:10CF3000FFFFFFFFFFFFFFFFFFFFFFFFFFFFFFFF01
:10CF4000FFFFFFFFFFFFFFFFFFFFFFFFFFFFFFFFF1
:10CF5000FFFFFFFFFFFFFFFFFFFFFFFFFFFFFFFFE1
:10CF6000FFFFFFFFFFFFFFFFFFFFFFFFFFFFFFFFD1
:10CF7000FFFFFFFFFFFFFFFFFFFFFFFFFFFFFFFFC1
:10CF8000FFFFFFFFFFFFFFFFFFFFFFFFFFFFFFFFB1
:10CF9000FFFFFFFFFFFFFFFFFFFFFFFFFFFFFFFFA1
:10CFA000FFFFFFFFFFFFFFFFFFFFFFFFFFFFFFFF91
:10CFB000FFFFFFFFFFFFFFFFFFFF7084002005035F
:10CFC0000200FBD50200F1020200F1020200F102B0
:10CFD0000200F1020200000000000000000000005A
:10CFE000000000000000DD040200F1020200000069
:10CFF0000000A9040200F102020069060200A9056E
:10D00000030069060200690602006906020069065B
:10D01000020069060200690602005F050300690656
:10D020000200690602009305030069060200690612
:10D03000020069060200690602006906020069062C
:10D04000020069060200690602006906020069061C
:10D05000020069060200690602006906020069060C
:10D0600002006906020069060200690602006906FC
:10D0700002006906020069060200690602006906EC
:10D0800002006906020069060200690602006906DC
:10D09000020069060200FFFFFFFF81F0004102E08D
:10D0A00000BF83F0004330B54FEA41044FEA430527
:10D0B00094EA050F08BF90EA020F1FBF54EA000C64
:10D0C00055EA020C7FEA645C7FEA655C00F0E2806E
:10D0D0004FEA5454D4EB5555B8BF6D420CDD2C4487
:10D0E00080EA020281EA030382EA000083EA010186
:10D0F00080EA020281EA0303362D88BF30BD11F0B9
:10D10000004F4FEA01314FF4801C4CEA113102D03C
:10D11000404261EB410113F0004F4FEA03334CEA08
:10D12000133302D0524263EB430394EA050F00F03D
:10D13000A780A4F10104D5F1200E0DDB02FA0EFC4C
:10D1400022FA05F2801841F1000103FA0EF280186C
:10D1500043FA05F359410EE0A5F120050EF1200E2A
:10D16000012A03FA0EFC28BF4CF0020C43FA05F327
:10D17000C01851EBE37101F0004507D54FF0000EE8
:10D18000DCF1000C7EEB00006EEB0101B1F5801FBD
:10D190001BD3B1F5001F0CD349085FEA30004FEAFA
:10D1A0003C0C04F101044FEA445212F5800F80F068
:10D1B0009A80BCF1004F08BF5FEA500C50F10000AC
:10D1C00041EB045141EA050130BD5FEA4C0C40419E
:10D1D00041EB0101013C28BFB1F5801FE9D291F07C
:10D1E000000F04BF01460020B1FA81F308BF2033CD
:10D1F000A3F10B03B3F120020CDA0C3208DD02F1CB
:10D20000140CC2F10C0201FA0CF021FA02F10CE04C
:10D2100002F11402D8BFC2F1200C01FA02F120FA87
:10D220000CFCDCBF41EA0C019040E41AA2BF01EB08
:10D230000451294330BD6FEA04041F3C1CDA0C344E
:10D240000EDC04F11404C4F1200220FA04F001FA07
:10D2500002F340EA030021FA04F345EA030130BD7A
:10D26000C4F10C04C4F1200220FA02F001FA04F324
:10D2700040EA0300294630BD21FA04F0294630BDBA
:10D2800094F0000F83F4801306BF81F48011013401
:10D29000013D4EE77FEA645C18BF7FEA655C29D0F8
:10D2A00094EA050F08BF90EA020F05D054EA000C7B
:10D2B00004BF1946104630BD91EA030F1EBF00217E
:10D2C000002030BD5FEA545C05D14000494128BFD1
:10D2D00041F0004130BD14F580043CBF01F58011E0
:10D2E00030BD01F0004545F0FE4141F470014FF0C2
:10D2F000000030BD7FEA645C1ABF194610467FEA21
:10D30000655C1CBF0B46024650EA013406BF52EA78
:10D31000033591EA030F41F4002130BD00BF90F0C6
:10D32000000F04BF0021704730B54FF4806404F152
:10D3300032044FF000054FF0000150E700BF90F0BD
:10D34000000F04BF0021704730B54FF4806404F132
:10D35000320410F0004548BF40424FF000013EE764
:10D3600000BF42004FEAE2014FEA31014FEA02708A
:10D370001FBF12F07F4393F07F4F81F060517047E1
:10D3800032F07F4208BF704793F07F4F04BF41F4F3
:10D390000021704730B54FF4607401F0004521F072
:10D3A00000411CE700BF50EA010208BF704730B5DA
:10D3B0004FF000050AE050EA010208BF704730B59F
:10D3C00011F0004502D5404261EB41014FF4806409
:10D3D00004F132045FEA915C3FF4D8AE4FF00302EF
:10D3E0005FEADC0C18BF03325FEADC0C18BF0332C3
:10D3F00002EBDC02C2F1200300FA03FC20FA02F087
:10D4000001FA03FE40EA0E0021FA02F11444BDE6DF
:10D4100000BF70B54FF0FF0C4CF4E06C1CEA1154E7
:10D420001DBF1CEA135594EA0C0F95EA0C0F00F08F
:10D43000DEF82C4481EA030621EA4C5123EA4C53DE
:10D4400050EA013518BF52EA033541F4801143F424
:10D45000801338D0A0FB02CE4FF00005E1FB02E5BF
:10D4600006F00042E0FB03E54FF00006E1FB035647
:10D470009CF0000F18BF4EF0010EA4F1FF04B6F5AA
:10D48000007F64F5407404D25FEA4E0E6D4146EBB6
:10D49000060642EAC62141EA55514FEAC52040EA54
:10D4A0005E504FEACE2EB4F1FD0C88BFBCF5E06FA4
:10D4B0001ED8BEF1004F08BF5FEA500E50F10000C9
:10D4C00041EB045170BD06F0004646EA010140EA16
:10D4D000020081EA0301B4EB5C04C2BFD4EB0C058B
:10D4E00041EA045170BD41F480114FF0000E013C3F
:10D4F00000F3AB8014F1360FDEBF002001F00041D5
:10D5000070BDC4F10004203C35DA0C341BDC04F19E
:10D510001404C4F1200500FA05F320FA04F001FA1E
:10D5200005F240EA020001F0004221F0004110EB58
:10D53000D37021FA04F642EB06015EEA430E08BFFF
:10D5400020EAD37070BDC4F10C04C4F1200500FAC8
:10D5500004F320FA05F001FA04F240EA020001F0B7
:10D56000004110EBD37041F100015EEA430E08BFA9
:10D5700020EAD37070BDC4F1200500FA05F24EEA2E
:10D58000020E20FA04F301FA05F243EA020321FA3B
:10D5900004F001F0004121FA04F220EA020000EB5D
:10D5A000D3705EEA430E08BF20EAD37070BD94F0DA
:10D5B000000F0FD101F00046400041EB010111F4D2
:10D5C000801F08BF013CF7D041EA060195F0000F2B
:10D5D00018BF704703F00046520043EB030313F4F7
:10D5E000801F08BF013DF7D043EA0603704794EA65
:10D5F0000C0F0CEA135518BF95EA0C0F0CD050EA2B
:10D60000410618BF52EA4306D1D181EA030101F075
:10D6100000414FF0000070BD50EA410606BF1046C1
:10D62000194652EA430619D094EA0C0F02D150EA87
:10D63000013613D195EA0C0F05D152EA03361CBF0F
:10D64000104619460AD181EA030101F0004141F078
:10D65000FE4141F470014FF0000070BD41F0FE4109
:10D6600041F4780170BD70B54FF0FF0C4CF4E06CE4
:10D670001CEA11541DBF1CEA135594EA0C0F95EADD
:10D680000C0F00F0A7F8A4EB050481EA030E52EAA0
:10D6900003354FEA013100F088804FEA03334FF041
:10D6A000805545EA131343EA12634FEA022245EA22
:10D6B000111545EA10654FEA00260EF000419D4223
:10D6C00008BF964244F1FD0404F5407402D25B08A1
:10D6D0004FEA3202B61A65EB03055B084FEA3202E5
:10D6E0004FF480104FF4002CB6EB020E75EB030ED6
:10D6F00022BFB61A754640EA0C005B084FEA3202B8
:10D70000B6EB020E75EB030E22BFB61A754640EA61
:10D710005C005B084FEA3202B6EB020E75EB030EBB
:10D7200022BFB61A754640EA9C005B084FEA3202F7
:10D73000B6EB020E75EB030E22BFB61A754640EA31
:10D74000DC0055EA060E18D04FEA051545EA1675B5
:10D750004FEA06164FEAC30343EA52734FEAC20286
:10D760005FEA1C1CC0D111F4801F0BD141EA0001FB
:10D770004FF000004FF0004CB6E711F4801F04BFDB
:10D7800001430020B4F1FD0C88BFBCF5E06F3FF60B
:10D79000AFAEB5EB030C04BFB6EB020C5FEA500C66
:10D7A00050F1000041EB045170BD0EF0004E4EEA06
:10D7B000113114EB5C04C2BFD4EB0C0541EA0451F7
:10D7C00070BD41F480114FF0000E013C90E645EA37
:10D7D000060E8DE60CEA135594EA0C0F08BF95EA85
:10D7E0000C0F3FF43BAF94EA0C0F0AD150EA01341E
:10D7F0007FF434AF95EA0C0F7FF425AF104619463D
:10D800002CE795EA0C0F06D152EA03353FF4FDAE42
:10D810001046194622E750EA410618BF52EA43066D
:10D820007FF4C5AE50EA41047FF40DAF52EA4305E0
:10D830007FF4EBAE12E74FEA410212F5001215D267
:10D8400011D56FF47873B3EB625212D94FEAC1234A
:10D8500043F0004343EA505311F0004F23FA02F023
:10D8600018BF404270474FF00000704750EA013047
:10D8700005D111F0004008BF6FF0004070474FF035
:10D880000000704700BF53B94AB9002908BF0028FB
:10D890001CBF4FF0FF314FF0FF3000F00CB8ADF17E
:10D8A000080C6DE904CE0BF032FADDF804E0DDE996
:10D8B000022304B07047704700BF2DE9F00791E8DC
:10D8C000F807B2E802105B1854EB0C04B2E802103F
:10D8D0004D4156EB0C06B2E802104F4158EB0C08D4
:10D8E000B2E8021059EB01095AEB0C0A80E8F8077C
:10D8F00080410130BDE8F00770472DE9F00791E85D
:10D90000F807B2E802105B1A74EB0C04B2E80210DC
:10D910008D4176EB0C06B2E802108F4178EB0C08D3
:10D92000B2E8021079EB01097AEB0C0A80E8F807FB
:10D9300080414042BDE8F00770472DE9F0075242B0
:10D9400090E87800B1E880071740DB1918EA020870
:10D9500054EB080419EA020955EB09051AEA020A10
:10D9600056EB0A0678C090E87800B1E880071740C7
:10D970007B4118EA020854EB080419EA020955EB46
:10D9800009051AEA020A56EB0A0678C080410130FE
:10D99000BDE8F00770472DE9F007524290E87800A3
:10D9A000B1E880071740DB1B18EA020874EB080493
:10D9B00019EA020975EB09051AEA020A76EB0A066A
:10D9C00078C090E87800B1E880071740BB4118EABA
:10D9D000020874EB080419EA020975EB09051AEA52
:10D9E000020A76EB0A0678C080414042BDE8F007A3
:10D9F00070472DE9F00152424FF0040890E83000E2
:10DA000091E8C000A31B1340E41AF618EB1B134067
:10DA1000ED1AFF1830C0C0C1B8F10108EED1BDE861
:10DA2000F001704700BF00B592E8DC072DE9DC0784
:10DA3000B1E8805702B4A7FB02510A95A8FB020B7C
:10DA4000E7FB6310E9FB62B00B91A8FB0351EAFB13
:10DA50006201E7FB64B5E7FB6605E8FB6615CDF8F8
:10DA600030B0A9FB03B6EAFB6316ECFB6356E8FB98
:10DA7000640BE9FB641BEAFB645BECFB646B0D90DD
:10DA8000ACFB0230059CEEFB6250E9FB6460EAFBF4
:10DA900064B0E7FB6431E8FB6451069CE8FB646119
:10DAA000E9FB64B1EAFB64010E93A7FB0432079C17
:10DAB000E7FB6462E8FB64B2E9FB6402EAFB641220
:10DAC000049CE9FB6453EAFB6463089CE7FB64B3D2
:10DAD000E8FB6403E9FB6413EAFB64230F955DF83C
:10DAE000049B99E80006DDF80080A9FB0854EAFBD6
:10DAF00068B4DDF81080ECFB6804EEFB6814E9FB09
:10DB00006824EAFB6834DDF80480EEFB6865E9FB15
:10DB100068B5EAFB6805DDF81480ECFB6815EEFBE0
:10DB20006825E9FB6835EAFB68450F96DDF8088053
:10DB3000AEFB0876E9FB6806EAFB6816DDF818809C
:10DB4000ECFB6826EEFB6836E9FB6846EAFB6856A4
:10DB5000DDF80C80ECFB68B7EEFB6807E9FB6817A3
:10DB6000EAFB6827DDF81C80ECFB6837EEFB6847B2
:10DB7000E9FB6857EAFB686708B000BD00BF2DE904
:10DB8000F14F87B0FFF74FFFDDF81C8008F1200848
:10DB900088E8FF00FFBC87E87F08BDE8F08F00B58C
:10DBA00091E89857A3FB03520195A3FB0401E3FB03
:10DBB0006420E3FB67100292A3FB0752E3FB6802B9
:10DBC000E4FB6415E3FB6805E3FB69250391A4FB13
:10DBD00007B6E3FB6926E3FB6A56E4FB670BE4FB4D
:10DBE000682BE3FB6A5BE3FB6C6B0490A4FB0810FF
:10DBF000E4FB6950E3FB6C60E3FB6EB0E7FB67217D
:10DC0000E4FB6951E4FB6A61E3FB6EB1E4FB6E0186
:10DC10000592A7FB0832E4FB6A62E4FB6CB2E4FB0A
:10DC20006E02E7FB6E12E7FB6853E7FB6963E4FBF8
:10DC30006CB3E7FB6C03E7FB6E13E8FB6E23069502
:10DC4000A7FB0954E7FB6AB4E7FB6C04E8FB6C1420
:10DC5000E8FB6E24E9FB6E34E8FB6865E7FB6AB518
:10DC6000E8FB6A05E8FB6C15E9FB6C25E9FB6E3502
:10DC7000EAFB6E450796A8FB0976E8FB6A06E9FB16
:10DC80006A16E9FB6C26EAFB6C36EAFB6E46ECFB97
:10DC90006E56E8FB69B7E9FB6907E9FB6A17EAFB1F
:10DCA0006A27EAFB6C37ECFB6C47ECFB6E57EEFB2C
:10DCB0006E6700BD00BF2DE9F14F87B0FFF76FFF22
:10DCC000DDF81C8008F1200888E8FF00FFBC87E829
:10DCD0007F08BDE8F08F30B44FF0000310F8014B1F
:10DCE00011F8015B013A84EA050443EA0403F5D123
:10DCF000A3F101034FEAD37030BC704700BF4FF06F
:10DD0000000310F8012B013943EA0203F9D1A3F112
:10DD100001034FEAD370704700BF30B411F8014BD4
:10DD200012F8015B6C4000F8014B013BF6D130BCAE
:10DD300070472DE9F00791E8F807B2E802105B1888
:10DD400054EB0C04B2E802104D4156EB0C06B2E85D
:10DD500002104F4158EB0C08B2E8021059EB0109D0
:10DD60005AEB0C0A8941B3F1FF3374F1FF3475F1BA
:10DD7000FF3576F1000677F1000778F1000879F1B8
:10DD800001097AF1FF3A51F100015B184C414D4114
:10DD900056F1000657F1000758F1000859EBD17908
:10DDA0005AEB010A80E8F807BDE8F00770472DE953
:10DDB000F00791E8F807B2E802105B1A74EB0C0464
:10DDC000B2E802108D4176EB0C06B2E802108F41EA
:10DDD00078EB0C08B2E8021079EB01097AEB0C0A37
:10DDE00089415B184C414D4156F1000657F100073F
:10DDF00058F1000859EBD1795AEB010A80E8F8078D
:10DE0000BDE8F007704718EB040859EB05095AEB19
:10DE1000060A5BEB070B5FF0000C4CF1000C18EBF3
:10DE2000050859EB06095AEB070A5BEB070B50EBA9
:10DE30000C005FF0000C51EB0C0152EB0C02634143
:10DE40004CF1000CB8EB070879F100097AF1000AEF
:10DE50007BEB040BA841B141A241B3416CF1000C32
:10DE6000BBEB050BB041B941AA41BB416CF1000CC1
:10DE70004CF001068CF0020718EB060859EB6C0910
:10DE80005AEB6C0A7BEB6C0B70EB6C0471EB6C0562
:10DE900072EB670653EB6C076CEB6C0C18EB0C0029
:10DEA00059EB0C015AEB0C025BF1000354F1000436
:10DEB00055F1000556EBDC7657EB0C0770472DE962
:10DEC000F14F87B0FFF7AFFDDDF81080DDF814905B
:10DED000DDF818A0FFF797FFBDE8000FFFF793FFED
:10DEE00003B05DF8048B88E8FF00BDE8F08F2DE9F2
:10DEF000F14F87B0FFF753FEDDF81080DDF8149086
:10DF0000DDF818A0FFF77FFFBDE8000FFFF77BFFEC
:10DF100003B05DF8048B88E8FF00BDE8F08F1FB503
:10DF20000B4B01934FF49473ADF8083008238DF830
:10DF30000A3083788DF80B3001A9FF2301208DF87A
:10DF40000C3000F0CCFB05B05DF804FB00BFF1B273
:10DF500001001FB50A4B01934FF42073ADF8083050
:10DF600008238DF80A3001A943788DF80B30002082
:10DF70008DF80C0000F0B3FB05B05DF804FB7BB737
:10DF800001001FB572B6184B1D68E5B9BFF34F8F7E
:10DF90001749174BCA6802F4E0621343CB60BFF322
:10DFA0004F8F00BFFDE7B2FBF6F2DCB20133002A6F
:10DFB000F9D104F110036B4403F80C2C0A2234B994
:10DFC00001A8A847E2E7024600230A26EDE7631E00
:10DFD00004AEDCB256FA83F3B0FBF2F602FB160095
:10DFE000303003F80C0C3046E9E7D80A002000ED89
:10DFF00000E00400FA0507B50C4B1A7B8DF80120F0
:10E00000DA7A8DF8002068469A7A5B7AADF80420B7
:10E01000ADF8023002F04BFC18B1DE210320FFF70F
:10E02000B0FF03B05DF804FB00BFD80A00202DE963
:10E03000F34104460D4671B91B4B93F82A3053B98E
:10E04000012101A80193FFF7F2FF20B94FF40371FA
:10E050000320FFF796FF2368144FDFF85080073343
:10E06000002D23F0070323600CBF2046002000F0A2
:10E0700012FB002657F8043B0BB140469847013687
:10E08000032EF7D100F07BFB031E09DB2068184448
:10E090000DB1002804DB2060012002B0BDE8F08152
:10E0A0000020FAE700BFD80A002048000020DC0A60
:10E0B000002037B5B0FA80F101900546490901A862
:10E0C000FFF7B5FF18B96FF00B0003B030BD2A4C55
:10E0D000A17A607A237BE27A033103300BF07AFC79
:10E0E000011EF0DB0198237962790330134420F09C
:10E0F0000300002D019003FB01F108BF002000F098
:10E1000080FC019B0DB9C342DDD41844A379019072
:10E11000C3B1E17C1944E3791944FF29D3DC03300E
:10E1200020F00300002D0190E28908BF0020C9B251
:10E1300000F0D7FC031EC6DB019818440DB9002877
:10E14000C1DB0190217C99B1A3798BB10198073093
:10E1500020F00700002D019008BF002003F01DFFF4
:10E16000031EB0DB019818440DB90028ABDB019009
:10E170000DB90198A9E70020A7E7D80A002038B513
:10E18000044690B30AF055F910B94FF0FF3038BD8E
:10E190000EF0C3FAB0F5FA7FF7D8164D17482C6089
:10E1A00000F0FBF9164B0024C3E900449C602622D2
:10E1B0002146281D85F82A400AF03DFD01236B7198
:10E1C000AB711B236B7240F21B336B8102232B73E9
:10E1D0001F23EB8108232B74EFF3108572B600F038
:10E1E00056FD2DB962B62846D1E76FF01500CEE78F
:10E1F0002046CCE700BFD80A00203DD200004800EE
:10E20000002010B500283CD1214C94F82A30032B73
:10E2100034D059B1002A37D00239052931D8DFE886
:10E2200001F0031422302528137863710020FFF7D2
:10E2300040FF0028B7BF0123022384F82A306FF083
:10E240000B00A8BF84F82A3010BD9378E3B1D378CF
:10E25000D3B113781A2B17D953781A2B14D9136802
:10E26000C4F80930E2E71378A371DFE71388E3818C
:10E27000DCE71388FF2B07D82374D7E74FF0FF3074
:10E28000E2E76FF02C00DFE76FF01500DCE7D80A5B
:10E290000020F8B50D46074660B359B311F00704E6
:10E2A00028D1154E96F82A30012B02D16FF00B00C1
:10E2B000F8BD032B02D14FF0FF30F9E700F0A9F8C9
:10E2C0000028F8D02846FFF7F4FE0028EEDB384699
:10E2D0000AF023FA86F82B000EF063F996F82B006B
:10E2E000214602F078FBFFF786FE032386F82A30EA
:10E2F0002046DDE76FF01500DAE7D80A002010B5F8
:10E30000084C94F82A30032B05D102F07CFB94F8DA
:10E310002B000AF01EFA0BF053FC002084F82A00B0
:10E3200010BDD80A002050B1074B03F1140253F876
:10E33000041B40F8041B9342F9D1002070476FF092
:10E340001500704700BFBB4F030010B5074B93F893
:10E350002A4034B902F009FB054B054A5A602046B1
:10E3600010BD4FF0FF30FBE700BFD80A0020480087
:10E37000002065D1000010B5074B93F82A4034B94E
:10E3800002F007FB054B054A1A60204610BD4FF00E
:10E39000FF30FBE700BFD80A00204800002099D1D9
:10E3A000000010B5054B93F82A401CB902F0A9FAF9
:10E3B000204610BD4FF0FF30FBE7D80A002010B513
:10E3C000054B93F82A401CB90CF084FC204610BD84
:10E3D0004FF0FF30FBE7D80A002010B5054B93F84B
:10E3E0002A401CB90CF079FC204610BD4FF0FF30DC
:10E3F000FBE7D80A0020024B02681A600020704731
:10E4000000BF040B0020014B1B68184700BF040B22
:10E410000020024B1868003818BF01207047040B19
:10E4200000202DE9F743294E0446071D2848376090
:10E4300003F0C7F80228054607D1244920460AF010
:10E44000D5FD284603B0BDE8F083042838D13378E1
:10E45000072B18D13E2000F050F878B9F3783279C4
:10E4600001A943EA02236846ADF800300BF098F8A2
:10E470000028DBD053210820FFF783FD052000F0A2
:10E480007CF80028EAD0314620460AF014FEB0F5A8
:10E49000817F01D37221EEE70028C7D094F8008075
:10E4A00094F80290404600F028F80028BED0B8F159
:10E4B0003E0FC6D1484600F060F80028C1D1B5E74C
:10E4C0000828BED1024920460AF0BFFDB9E7080B73
:10E4D0000020074B4FF0FF3141F6FF72C3E90012F5
:10E4E00005490022C1E900221F21C3E90212704739
:10E4F00000BF000000204C0B00203F280CD8013842
:10E500000B4BC0F3421200F01F0053F8223023FAE5
:10E5100000F000F001007047FF2806D04038C0F33B
:10E520004212034B00F01F00EFE70120704700008C
:10E5300000204C0B00200146074B006849681A4632
:10E5400003C240F48C221A6041F0107242F4FF6260
:10E550005A60704700BF000000200246024B00686E
:10E56000516803C370474C0B00200246024B006801
:10E57000516803C37047080000200138064BC0F300
:10E58000421203EB820300F01F009B6823FA00F0A5
:10E5900000F00100704700000020014B1860704738
:10E5A00000BF540B002010B5FFF793FF0BF0E4FF02
:10E5B000034B1B68044603B19847204610BD540B1B
:10E5C00000200B880288F0B5C3F30E049EB204F15C
:10E5D0001403C57CC35A02352A442B4497B213FA5C
:10E5E00082F3013B4288B3FBF7F313FB07439BB273
:10E5F0009A42044A93BF22EA0603324013439BB275
:10E600000B80F0BD00BF0080FFFF4A1E062A08B540
:10E610000346084604D84FF4D1711520FFF7B1FC2A
:10E62000094A914202D940F2A311F6E711B903B1A8
:10E63000196008BD2BB11B680022C3E901211A1D16
:10E640001A600430F5E7FAFFFF7F10B5114B00EBBD
:10E6500041041A786389B3FBF2F303FB0223013A06
:10E660001A44B2F5706F027928BF00231A448378E8
:10E67000B2FBF3F0194403FB1020091AB1FBF3F0CD
:10E6800003FB101313446FEA43436FEA5343638160
:10E6900010BD580B002010B5104BC8B15A78022A93
:10E6A00004D040F22B111720FFF76BFC03225A70A5
:10E6B000026812F0070102D04FF49871F3E75C682A
:10E6C0005A6022440260C3E903119A60596110BD87
:10E6D0000122C3E901005A70F9E7580B00202DE927
:10E6E000F041254E96F801E00EF0FD0CBCF1010F53
:10E6F00004D040F245111720FFF743FC91F8068043
:10E70000B8F1080F02D940F24711F4E7CF798FB37F
:10E710004546022D726838BF02257B1D5C0002EB66
:10E7200043036A1E13446D422B408D884544013DCE
:10E73000C8F100022A40B2F5803F02D34FF4A9711C
:10E74000D9E7BEF1030F12D106EB80001C1BC56890
:10E7500015B140F25711CEE7C460A770228084F84B
:10E7600003C0087A09682071080CE080218107FB4A
:10E7700002337360BDE8F08100BF580B00202DE923
:10E78000F047364C6378012B65D0032B04D040F260
:10E7900067111720FFF7F5FBD4E901329A4202D046
:10E7A0004FF4B571F5E72546002305F80C3B1E46EE
:10E7B0000222994655F82200013A58B190F8048097
:10E7C0008178B8F1FF0F2FD180F804908E423CBFC2
:10E7D000CEB20123511CEDD103B12670022640F6C2
:10E7E000FF6955F826709FBB013EFAD2042363707F
:10E7F0000020BDE8F08755F82CE0BEF1000F06D0F0
:10E800009EF804A0C24504BF9EF802E077440CF1D4
:10E81000FF3CBCF1000FEEDA3944FF2907D903B100
:10E8200026704FF48371B4E794460027F1E707712F
:10E83000CCE707EB41033846A3F80A90FFF705FF42
:10E8400008F10108BB785FFA88F18B42F1D8CBE779
:10E850004FF00008F6E7022360686370C9E7580BC1
:10E860000020F8B54FF6FF730380184B03EB8103CC
:10E870000546D868B8B186780379B3FBF6F206FB93
:10E880001233DBB219460A1D00EB4202B2F90270E4
:10E890005488002F09DB0131B1FBF6F206FB12119F
:10E8A000C9B28B42EFD10020F8BDFF29FBD0C4F3E1
:10E8B0000E03C4782B8024B94FF4D9711720FFF7C9
:10E8C00060FB5380BDE8F8400BF063B800BF580B05
:10E8D00000201D4B03EB810370B5DC68054644B393
:10E8E000030404D54FF4E0711720FFF74AFB0146FB
:10E8F00020460BF030F8FF28014604D02046BDE842
:10E9000070400BF046B8A078B5FBF0F300FB135352
:10E91000DBB219460A1D04EB4206B6F90260002E6E
:10E9200009DB0131B1FBF0F200FB1211C9B28B42DD
:10E93000F0D1002070BDFF29FBD08B4204EB4202D6
:10E940001CBF0023E3705580D8E7580B0020094B0B
:10E9500003EB810310B5DC68014620460AF0FBFF9B
:10E96000FF28014604D02046BDE810400BF011B846
:10E97000002010BD00BF580B0020F8B5104B03EB72
:10E9800081030746DC68014620460AF0E4FFFF28C1
:10E99000054611D0E688238953EA064606D001468B
:10E9A00020460AF0F6FF01463846B0472046294681
:10E9B000FFF74BFE0020F8BD0520FCE700BF580B19
:10E9C000002038B50E4B827903EB82030446D868E9
:10E9D00008B9052038BD8278E1799142F9D24B1C03
:10E9E000E37100EB41035D89B3F90A30002BF3DBDF
:10E9F000A5800AF0CEFF20600020EBE700BF580B97
:10EA0000002070B5044610F003000E4603D04F21DD
:10EA10001820FFF7B6FAFFF7F8FD054624B10348C2
:10EA200031460460FFF7F1FD284670BD00BF700B52
:10EA300000202DE9F14FDFF870B09DF828A09DF877
:10EA40002C901E46DBF8003007460D4690461BB959
:10EA500061211820FFF795FA5246092140460AF035
:10EA600000FE4A4684B2092130460AF0FAFD14FA43
:10EA700080F1DBF800000AF043FF386018B9286025
:10EA800001B0BDE8F08F04442C603868534641461D
:10EA900009220AF09FFD28684B460922314601B041
:10EAA000BDE8F04F0AF096BD00BF700B002070B5B6
:10EAB0000E4604460AF0E8FD054630460AF0E4FD3D
:10EAC000044B2A1821461868BDE870400AF03CBF84
:10EAD00000BF700B0020014B18680AF005BF700BD7
:10EAE00000201F2AF8B5044613460ED892000332C0
:10EAF00022F00303B3F5803F2DD2184DACB1A0072F
:10EB000010D05F210920FFF73CFAFF2B4FEA4202A9
:10EB100004D9FF339A42A8BF1A46E8E77C2AB8BF57
:10EB20007C22E4E729706C602B8122F0030201EB68
:10EB300081031204D80001276B68120C0025EEB285
:10EB40008E4200D3F8BD14B126181F705E601044C9
:10EB500001352833F3E74FF0FF30F3E700BF740BC4
:10EB6000002038B5144A147853680021C8B2844292
:10EB700003D8AB210920FFF704FA184601310578C4
:10EB80002833002DF2D000218170012412894470B5
:10EB900044688161C161920800F12001051D21F8DE
:10EBA000022B994245F8044B1444F8D100234361E9
:10EBB000037038BD00BF740B00202DE9F8434B787B
:10EBC00080460C4602F0040602F0FB07D3B1DFB129
:10EBD0002E4BD4F804901D89B7BB01236370AD0898
:10EBE000A761E76104F120034A46211D04F12800D2
:10EBF00023F8025B984241F8042B2A44F8D1002301
:10EC0000636101E0002FE3D0FF23A370002E18BF43
:10EC10000226A3191B7D032B03D1022F1CBF013633
:10EC2000F6B2A31901221A7506F10C0204EB86064E
:10EC3000002324F812307268A370C8F80020A8F8E6
:10EC400004304046BDE8F883002114226170A0180A
:10EC500009F0F1FFB5F5FF7F0FD26B08ED1AADB2E9
:10EC600009EB0502C4F804902584A2606384C4F80B
:10EC70000C90A5842261E384C6E7B5F5EE6F4FF0F2
:10EC8000FF03EBD940F27265EAE7740B0020134BE7
:10EC9000012200214FF0FF309A60C3F80012C3F840
:10ECA0000803C3F80015C3F804259A60C3F80803E5
:10ECB000C3F80015C3F804250A490A4A03F580334E
:10ECC0004FF40040C3F80825C1F88000BFF34F8F10
:10ECD000BFF36F8FC1F88001C3F80825704700F0BB
:10ECE000004000E100E00000F63F0A46192302F868
:10ECF000033B0448C368C1F80330036953604369A8
:10ED00009360704700BF800B0020024B5A8C024377
:10ED10005A845B6A1847800B0020014B00215B6A14
:10ED20001847800B002010B5154C05F096FD05F036
:10ED300026F9208DFFF7F1FF237E63B122461049AB
:10ED400052F80C3BE3606368536004F11900A36858
:10ED500093600CF03FFD0B4B228D93E8030003F012
:10ED6000A6F9236B188803F0CCF8A36B94F8341041
:10ED700094F835009847002384F83C3010BD800B90
:10ED8000002031DF0000AC0B0020034B93F83C3037
:10ED90000BB1FFF7C8BF704700BF800B002070B5F4
:10EDA0001D4C256B636C236495F89430064694F8EB
:10EDB00048000BB10430C0B295F869102EB9FF2895
:10EDC00003D195F868308B4201D005F05EFB95F8D1
:10EDD0009430D3B1E06C05F0DAFD012384F868309B
:10EDE000D5E93E23E16C206CC4E9182305F07DF8D9
:10EDF00016B9304605F00BFE95F86810002005F0B6
:10EE000050FE022384F83C3070BD206C05F0BFFD3D
:10EE100005F0B5F8ECE7800B002008B5094B93F836
:10EE20003C20022A04D040F253212720FFF7A9F802
:10EE3000DA7A42F00102DA72BDE80840FFF773BFE8
:10EE400000BF800B002010B50E4CA26F137803F0AA
:10EE50000303032B04D1D378022B01D1002010BD72
:10EE6000E06F0AF0A4FC0028F9D1A36F1B7803F02F
:10EE70000303032BF2D001F0BCFE80F00100C0B20E
:10EE8000EDE7800B00202DE9F743424C94F83C302D
:10EE9000256B012B06460F465FFA83F804D040F23B
:10EEA000A4412720FFF76DF895F884303BB100218D
:10EEB00085F884100420FFF728FF85F88680A16F6D
:10EEC0000B7803F00303032B05D195F88A3013B9AF
:10EED0000220FFF71AFFA26F137803F00303032B3E
:10EEE00002D0537813BB012385F88A3095F894300B
:10EEF000B3B1D5E93E01236B94F84890C4E91801F9
:10EF00004FF0010893F8690084F868800AF05AFE0F
:10EF100000220346009220494A46404604F09FFFE3
:10EF200036B103B0BDE8F043FFF7FDBE0223DBE7D7
:10EF3000002FF6D0D4F88030304698470028F0D023
:10EF400094F83430002BECD194F88430DD06C3F310
:10EF5000001001D5FFF777FF636CD4F888201B7889
:10EF6000C3F300132AB9B4F88C2013B1B2FA82F3B8
:10EF70005B09628C910709D5A36FDB78022BD0D196
:10EF8000002003B0BDE8F043FFF709BF002AC8D155
:10EF90000343F5D1C5E7800B0020D00B002010B54E
:10EFA000064B93F83C2002F0FF0422B91C7603F0D4
:10EFB00076F8204610BD0C24FBE7800B00200A4B9E
:10EFC0000B4A70B506460D461A60FFF7E8FF18B108
:10EFD000E1212720FEF7D5FF064C012104F18E0028
:10EFE0000CF0F2FA6664E56470BD5400002004EA97
:10EFF0000000800B0020024B012283F8B0207047F4
:10F0000000BF800B00202DE9F043824D85B002AE99
:10F0100086E8030095F83C100C9F01F0FF0411B93D
:10F020000AB103B127B940F26F112720FEF7A9FFFB
:10F0300096E8030005F12C0C8CE8030085F8B0403D
:10F0400085F8344085F8B14085F8354085F8B24000
:10F0500085F8B3406C842C852C6BC5F880306A62CF
:10F06000AF6305F050FA04F08AFF94F96C0005F0E4
:10F07000E8FA606A05F07DFCE06905F0E8FA94F8CA
:10F08000A40005F00AFB2B6B93F8AF310BB105F030
:10F0900028FA94F869209D21012005F056FB5E4B6B
:10F0A000186805F06CFC2369EB676369C5F8B43038
:10F0B00094F8773073B9226F62B1B4F8BE10B4F827
:10F0C00088308B4206D1B4F874100B44A4F8BE30DB
:10F0D00001231360524E04F5807304F58877186895
:10F0E0005968324603C20833BB421646F7D1D4F8FA
:10F0F00010314B4AC5F86930D4F8143153602B6B8A
:10F1000093F88E2093F86860A2F12501012903D9B4
:10F1100093F88F10252960D193F856322BB1012E28
:10F1200003D0012B14BF0226012604F1300731461B
:10F1300038460CF0E1FB31460CF0A3F8A38F94F8AD
:10F140006910834228BF0346384685F8B8300CF072
:10F15000BCFB94F8691094F89460B4F844800429D6
:10F1600008BF03210CF08DF80EB9043080B2404581
:10F1700028BF404694F894305FFA80F885F8B9804B
:10F1800085F848809BB1D4E93E6794F869004FF058
:10F190000109C5E9186785F868900AF013FD002297
:10F1A000034600921E494246484604F058FE01209C
:10F1B000FFF7F5FD00232B606B60AB60B4F888307F
:10F1C0006B8023882B8094F8A4302B71A36F0BB134
:10F1D00001221A6005B0BDE8F083203A012A0CD85C
:10F1E00023290CD093F8363113F0010211D19B077B
:10F1F0009BD5012E18BF022697E7232905D193F846
:10F20000362193F861301340EEE7032E08BF042641
:10F210008BE7164689E7800B002054000020D00BB6
:10F220000020E90B002008B50C4B93F83C201AB9DC
:10F23000BDE80840FFF777BD93F83C20022A04D0D0
:10F2400040F235212720FEF79CFE1B6BD3F8C80146
:10F25000BDE8084005F0ADBB00BF800B0020014BAE
:10F260001876704700BF800B0020014B93F8B20066
:10F270007047800B0020024B188DC0F3C0207047F0
:10F2800000BF800B0020014B93F8B1007047800B4A
:10F2900000202DE9F3411E4D82072C6B06460F46D8
:10F2A00022D5D5F8883023B940F295412720FEF7C2
:10F2B00068FEB5F88C20296C1846033291F801805D
:10F2C00009F041FC0DF1020201A92864D5F8B4004F
:10F2D0000AF000FB01980AF0E7FA01223860414683
:10F2E000D5F8B4000AF0ADFAF3070ED5D4E93E32F2
:10F2F000013342F10002C4E93E3294F88C30012B14
:10F300000CBF0023012384F88C3002B0BDE8F081EB
:10F3100000BF800B00202DE9F04FAB4C002387B0DD
:10F32000CDE9043394F83C30276B022B81468A46A2
:10F3300004D04FF4A3612720FEF723FE238D590646
:10F3400006D44020FFF7E9FC238D43F040032385DA
:10F3500097F89430B9F1000F00F02881B3B104F0B0
:10F360003CFE04F020FE88B9236C5A7872B11B78F9
:10F3700097F88C20C3F3C0039A4207D1012384F885
:10F380003530FFF7D0FC07B0BDE8F08F236C59781B
:10F39000A4F88C1009B3D4F8B4000AF029FAC4F820
:10F3A0008800238D97F88B2043F400732385236C0A
:10F3B0001B78C3F380039A4200F0B980256B95F85F
:10F3C0008A30002B3DD0022B11D1E06F04A90AF046
:10F3D000A6F928B940F20E41ADE7C4F88810E0E77D
:10F3E000D5E93C32013342F10002C5E93C3295F8DF
:10F3F0008630002185F88A1023B185F88610102008
:10F40000FFF783FC95F885309BB1002685F8856071
:10F4100001F0D9FB10B940F225418CE731460820B4
:10F42000FFF773FCD5E93C32013342F10002C5E934
:10F430003C3295F88B30012B0CBF0023012385F85B
:10F440008B30238D43F4006323854FF0000B216C38
:10F4500097F88C200D78C5F3C0039A4240F098804D
:10F4600005F00305032D266B63D0002D6CD196F8B3
:10F470008C30013B18BF012386F88C30236C5B78FD
:10F4800033B1D6E93E32013342F10002C6E93E32E1
:10F4900097F893308BB1D7E93C23002697F86800A2
:10F4A00084F86860C4E918230AF08CFB4849009688
:10F4B0000346FB22304604F0D2FCBAF1000F40F0C4
:10F4C0008880628C94F8B130120703D5A26FD2788D
:10F4D000022A7ED0012B7CD8D4F8803001209847B6
:10F4E000002876D094F83480B8F1000F71D1266BE3
:10F4F00094F8483096F894208DF80D80002A40F05A
:10F50000B380FF2B96F8681003D196F869308B42D0
:10F5100002D0FF2004F0B9FF96F88A30032B00F2E6
:10F520003881DFE813F0A400D5001D012E01CB4681
:10F530008DE7238D012043F4805386F884002385D2
:10F540000025FFF7E2FB92E74D78002D8FD0238D49
:10F5500096F8945043F48053238504F040FF042828
:10F5600094F8B93006D1002D14BF1B221F229342FC
:10F5700028BF1346226C52789A420BD8D4F8885090
:10F58000002D85D094F8B03073B12020FFF7C5FB73
:10F5900000257DE794F83430012043F0100384F80F
:10F5A000343006F02CFBF3E74D4660E70BB104F076
:10F5B0004AFD94F8B130013384F8B130238D002531
:10F5C00043F480632385AB4662E7800B0020D00BB9
:10F5D000002005F086FA4FF0010A1DB105A90220AE
:10F5E000FFF757FEBBF1000F0DD0B4F80720B4F8B9
:10F5F00005301343B7F8882013431EBFB4F8093011
:10F600000133A4F80930B9F1000F00F0CA80B4F852
:10F6100005300133A4F80530002384F8B130634885
:10F6200002F05DFC049830B10AF03EF9216B002233
:10F63000027202F004F8059B33B1216B00221A72AA
:10F640000C22059801F0DBFFBAF1000F7FF499AEB0
:10F65000238D1B063FF597AE8020FFF75EFB238DC1
:10F6600043F0800323858EE60433DBB249E794F848
:10F67000B830ADF80E304E48A6F8583001F093FA85
:10F6800050B1A16F4FF48070FFF73FFB012386F864
:10F69000853084F8B3301DE0E06F0DF10D020DF1FF
:10F6A0000E010AF019F8A06790B196F8D1307BB935
:10F6B0009DF80D302BB903808370A06F01210BF0F2
:10F6C00083FFBDF80E10A06F0CF04AF80123E0E7AD
:10F6D000394BA36796F88B30A26FDB0003F008016B
:10F6E000137803F0F3030B4396F88C10890001F0B4
:10F6F00004010B4323F010031370FFF7A4FB002851
:10F70000A06F037818BF4FF0100848EA030880F88C
:10F71000008096F89330002B3ED04378002B3BD0EE
:10F72000E06C05F034F9002384F86830D6E93C2316
:10F73000A16FE06CC4E9182304F0D7FB96F86910B8
:10F74000012005F0AEF9A26F1188A4F88410917819
:10F750001A4A012384F8B230917084F83C303CE7B7
:10F76000B6F85830E06FADF80E300DF10D020DF126
:10F770000E0109F0B1FFA0670028A7D140F2F321E4
:10F78000D9E50B4801F00FFA00289FD140F2FD2186
:10F79000D1E540F20B31CEE505F0F9F804F0EFFBCE
:10F7A000CCE7B4F807300133A4F8073037E7AC0BE7
:10F7B0000020F80B00200E0C0020040C002061E05B
:10F7C00000005DE50000CDE00000D1DF00000B2867
:10F7D00008B504D940F2B5310620FEF7D2FB014B43
:10F7E00033F8100008BD142203002DE9F04F8BB050
:10F7F000044615460293894690F869B00BF0B4FAB6
:10F80000064694F8B001FFF7E2FF94F88F300393B7
:10F81000064485F00103B6B2059355BB94F8F43164
:10F82000032B26D1039B0D2B23D1B4F854324B4527
:10F830001FD1D4F8FC31C4F8E831A369B4F8CC2165
:10F84000C4F8EC31B4F842321344C4F8F031204625
:10F8500004F025FAD4F85832A362B4F85632A385DE
:10F86000D4F85C32A361D4F860322362022384F8B6
:10F87000F431B4F84072B4F88880A9EB07073FB2BE
:10F8800004F50473A9EB0808002F04930FFA88F815
:10F890006EDAD4E98A234746C4E98E230123049310
:10F8A000CC4B1B7803F0FF05002B54D00CF031FF3C
:10F8B000054600284FD0B4F8E031012B6DD994F8FB
:10F8C000F431022B69D094F80A52002D65D194F8D6
:10F8D000B001FFF77CFF94F8F43100F5C866012B06
:10F8E000B6B2D9B24CD194F89230D4F828A0032BF8
:10F8F00040D1D4F8EC5155443146D4F8EC010CF029
:10F9000002FFD4F8E831C4F8E801A0EB030AD4F808
:10F91000F0313146284603FB0AFA0CF0F4FED4F825
:10F92000F851C4F8F801451B3146A0690CF0EBFE14
:10F93000AA44B4F8CC51D4F8F0314544ED1BDB4374
:10F940002B44D4F8FC51451B05FB03A50123C4F847
:10F95000FC0184F80A3294F8F431DFF874A2032B26
:10F9600000F28E81DFE813F01B0016016B003701F7
:10F97000029B94E728460BF0ACFC00EB0A05BBE7C2
:10F98000A06931460CF0BFFEB4F8CC51D4F8FC317C
:10F990004544ED1BC31A5D43D8E70025DBE7012191
:10F9A00000200BF096FC8046A06A314640440CF0E3
:10F9B000AAFE3146C4F8F801A0690CF0A4FE07A91C
:10F9C000C4F8FC0108A805F094F8079B0093D4E95B
:10F9D0008E01DDE9082308F010FC834620460AF07A
:10F9E00015F9D4F84432A66A94F869001E4405F06B
:10F9F000C6F9D4F8F811A6F194077F1A00F5234050
:10FA00004FF47A734744A130B0FBF3F0A38DA7EB1A
:10FA10000B0730313F1A03EB410194F869000AF0FB
:10FA2000E1F8D4F84432FB1A2230B3F5917FCAF8DA
:10FA3000040058D240F2C6413020FEF7A2FAA36A71
:10FA4000D4F8EC01314618440CF05DFE3146C4F8A0
:10FA5000F801A0690CF057FEC4F8FC0120460AF03A
:10FA6000D5F8B4F8CC31A66AD4F8EC71002B40F08C
:10FA70008D80029B002B00F0898094F8690005F0CE
:10FA80007EF93E44D4F8F871943ED4E98A23F61BFB
:10FA9000D4F8307280463E4494F86900B61A05F0F6
:10FAA0006EF94FF47A7300F2E73708F52340B7FB9D
:10FAB000F3F73744A130B0FBF3F0D4F8F811D4F8E1
:10FAC000E831D4F8F021303102FB0311A38D3F1A45
:10FAD00003EB410194F869000AF084F80123CAF8A5
:10FAE000040084F8F431A6696FF4F4731E44D4F86A
:10FAF000FC31F61ADAF804309E4228BF1E46D4E9DB
:10FB00008E327F1BDF1942F100024FF00008C4E97A
:10FB10008872C4F8C86184F8108204F130000BF0D8
:10FB2000D2FEB4F8B811A4F84092D4E98823A1EB2E
:10FB300009090FFA89F9C145C4E98E23C8BF022318
:10FB400084F81882C8BF84F81832039B06440D2B32
:10FB5000C4F81462029B00F09680002B40F0948061
:10FB600094F8F431002B00F0AD80A169D4F8FC3199
:10FB700004F50470C91A0BF053FB80B2002800F0A2
:10FB8000A180149B03B118800120ABE0D4F8F801E8
:10FB9000374492E7D4F8FC21A369D4F8F001D4F8F3
:10FBA000E8119B1A5F43B4F8CC319844C34398449E
:10FBB000D4F8F831303301FB0033A18D94F869009B
:10FBC00002FB083301EB43010AF00CF8CAF8040009
:10FBD00089E73C0C0020A369D4F8FC219B1A5F4301
:10FBE00094F88E30252B03D094F88F30252B0AD132
:10FBF000B4F85432A9EB03031A0404D494F857322E
:10FC0000002B18BF9B46049B63B3B4F8CC314BBBAD
:10FC1000D4E98A23D4E98C0182428B4102D340F299
:10FC20001A5109E794F8690005F0A9F8D4F83022D0
:10FC30000646D4E98A01A2F194031B1A3B4494F8C6
:10FC40006900049305F09BF8049B00F2E7374FF43A
:10FC50007A7206F52340B7FBF2F71F44A130B0FBE0
:10FC6000F2F03F1AB4F8CC11D4F8FC3141445943B6
:10FC700030314900584609F0B5FF1B4B586032E758
:10FC800040F23251D8E6EBB1B4F8E01121B3B4F848
:10FC9000E22194F8E431A4F8E22102FB0333994213
:10FCA00002F101000EDD94F818325BB1002384F8F4
:10FCB0001832A4F8E20101F058FD00F0070001300D
:10FCC00084F8E40194F80B0204F5047107F061FB79
:10FCD00020B940F27B51AFE60A46DAE7059B84F88B
:10FCE000083200200BB0BDE8F08F3C0C00202DE95D
:10FCF000F04104460D46164690F8F83003F0FF0731
:10FD00001BB10C273846BDE8F0810146454807F095
:10FD1000FAF920288046F4D05822394604F1D00060
:10FD200008F089FF84F8D080C4F8D450FF2384F809
:10FD3000F83035B101F031FD00F00700013085F8F1
:10FD4000E40102234FF00008A4F8083184F8008190
:10FD50000CF0E5FC00F19E0520460CF08CFAADB2EB
:10FD6000014670B30BF000F800F5CD6189B2304662
:10FD70000CF0C9FC3044C4F804010CF032FE281821
:10FD800041F10001C4E94401012084F8D800A4F83D
:10FD900026800CF02EFBDB3E361AC4F8DC604FF0F8
:10FDA000FF326FF00043C4E9462394F8D00004F515
:10FDB000807107F0EEFA48BB40F2C1113020FEF727
:10FDC000E0F820460CF07BF9DFF85C80DB30C4F80B
:10FDD0000401B8F8080048B1E08C38B101F0DDFC4E
:10FDE000B8F80830B0FBF3F202FB130005440CF046
:10FDF000F8FD2D1841F10001C4E94451002ECED088
:10FE0000751941F10001C4E94651CEE7D4E9442314
:10FE10000021C4E93A23C4E93C2320460CF048FA07
:10FE200070E7259101003C0C0020F0B5002385B05F
:10FE3000CDE9003301238DF806306846FEF7C1FD99
:10FE400070B11B4E0123B3720027CDE9027702A8DF
:10FE5000FEF7B7FD0546A8B10023B37205B0F0BDAB
:10FE600000980AF0F5F8E8E790F80B0208F083F83C
:10FE700094F80B0284F8F45107F071F9202384F808
:10FE80000B32E2E7029B002BE1D093F80B22202AF1
:10FE9000DDD018884FF6FF739842DDD02946FEF773
:10FEA00056FD04460028DFD140F22B113020FEF72A
:10FEB00068F83C0C0020054B00220121DA72197011
:10FEC0009A7242F210721A81FFF7AFBF00BF3C0C6A
:10FED0000020014BD872704700BF3C0C002008B5D1
:10FEE00004F083FA044BDA6882422ABF987A002031
:10FEF00080F0010008BD3C0C00202DE9F7430446CA
:10FF0000062900F2C480DFE801F0047A67777E8377
:10FF1000BD00D0E98A23D0E98C0182428B4149D2CD
:10FF200094F80A32002B45D094F8F431032B41D1D8
:10FF300094F869900AF018FF064694F8B001FFF7AC
:10FF400046FCD4E98A23D4F83072D4F8C8518046EC
:10FF500006444846BF1A04F00AFF2D1A484604F02A
:10FF60000EFF00F523404FF47A73A130B0FBF3F09D
:10FF70002B1AA3F17402B6B25208D43B08F5C86834
:10FF80009D3273431FFA88F8B3FBF8F360335908C6
:10FF9000A2EB53039F4202D30A44974201D90CF0CB
:10FFA000BAFBA06931460CF0AEFB0023C4F8FC019B
:10FFB00084F80A32384B9B7A03F0FF0263B9B4F835
:10FFC000BC11009201232046FFF70FFC38B140F22C
:10FFD000CA613020FDF7D5FF042384F8F43104F022
:10FFE0008AFC06F048FFB4F88820A4F80622002313
:10FFF000A4F8423284F8093203B0BDE8F083032349
:020000040003F7
:1000000080F8F431F8E704F010FAC4E98C01F3E762
:100010008569D0F8FC31DFF87C809D4288BFED1AFD
:1000200098F80B3098BF00251BB9036B9D4228BF81
:100030001D4604F13000D4F8C8710BF044FC0744AD
:10004000022007F01CFEED1B25EAE575854228BF5E
:1000500005460221284607F066FE00B92F4440F20B
:10006000D312394620460BF07FFCD4F8C831C8F8CB
:100070000C00A069184407F0B4FD0028BCD140F280
:100080007931A6E703B0BDE8F04309F0BFBD40F207
:1000900065719EE700BF3C0C00202DE9F843064641
:1000A0000C4615467ABB04F0A0F9D4E9448907460A
:1000B00084F8D85084F8F8500121D4F8D40000F026
:1000C000D8FFD4F8D400C0E98A8994F8D03080F8F9
:1000D0000B32C0E98E89C0F8447209F0B2FE20B13B
:1000E00040F20A713020FDF74CFF04F004FC06F0EA
:1000F000C2FE074994F8D000324605F070FD28B9D9
:100100004FF4EF61EEE740F28F71EBE7BDE8F88363
:1001100000BF7B8E0100014B1881704700BF3C0C73
:100120000020F0B5070CA7F5AA42144B543A012A57
:1001300003EA90231FD927F4004042F6AA22801A2E
:1001400018BF01200022162116461F2487EA060543
:1001500062EA0505013510D0DD03ADB245EA560669
:10016000E503ADB2013945EA52024FEA53034FEAC3
:100170005404EBD1F0BD0020E4E70020FAE7E0FFF3
:100180003F0010B501210020FEF7E1FB044670B9E5
:100190000121FEF79EFB044620B940F2453139208B
:1001A000FDF7EFFE034B93F900100BF04CFF2046D8
:1001B00010BD4C0C0020304BF0B55A88B0F85C7084
:1001C000B0F85A609D88974228BF1746964228BFCC
:1001D00016461B2E85B00C462ED0B5F5A47F2DD02B
:1001E00040F648039D4201A928BF1D460AF0A2F827
:1001F000BDF80A309F4228BF1F46BDF80C30E7808B
:10020000AB4228BF2B462381BDF806309E4228BF53
:100210001E46BDF8083066809D4228BF1D46A58059
:10022000FF232370E3881B3B9BB2E02B08D940F2ED
:10023000FF513920FDF7A5FE1B2FCED105B0F0BD33
:1002400063881B3B9BB2E02B02D940F20161F0E7CF
:100250002389A3F5A4739BB2B3F5E06F02D940F2F2
:100260000361E6E7A388A3F5A4739BB2B3F5E06F3F
:10027000E4D940F20561DCE700BF4C0C002008B572
:100280000AF081FF00F001FE00F0EDFB0BF097FAA1
:1002900000F08FFF01F093FE00F0A3FF084B1B223C
:1002A0004FF4A4715A809980064B06499A80002227
:1002B0001960DA825A821A835A7408BD00BF4C0C46
:1002C00000207410002003021B00044B41F64C5226
:1002D000C3E902221B221A74FFF7D1BF00BF7410BA
:1002E00000202DE9FF41344DAB68044640F8303F13
:1002F00009F0E5FE064600F0A6FB2B7C84F83830BA
:100300002F4B668710F0200F1B681DBFAA886988D5
:10031000A4F85A101B2208BFA4F85A20A4F85C20A5
:100320001BB194F96C1020889847AE7CEF7CB5F82F
:10033000148041F64C53A36116B900F08AFB0646BF
:1003400077BB00F086FB074666B358B303A9204687
:100350008DF80C608DF80D70ADF80E800AF0B5FFC9
:10036000AB886A8869780191033329780091033258
:100370009BB292B204F1140104F11000FEF759FB94
:10038000236913B940F2D65114E0636913B940F2FE
:10039000D7510FE0002004B0BDE8F0810920FAE752
:1003A000002ED3D120880021FEF7E7FA0028F5D0EF
:1003B00040F2C1513920FDF7E4FD741000205800CF
:1003C0000020F7B505460E460BF074FE002873D0EA
:1003D00028460BF050FF40B1B6F80130013B7F2BAF
:1003E00003D91224204603B0F0BD28460BF047FF86
:1003F00008B90C24F6E7284609F016FF0028F8D1C2
:1004000028460BF011FE04460028F2D1284602F0DF
:1004100096FA0028E5D0B6F80170F17842F2107330
:1004200028465F430BF014FF28460BF01CFF0146E3
:1004300058B93A462846FFF75AFC04460028D1D05E
:1004400041F687113920FDF79CFD21460DF106008C
:10045000FEF707FA064668B3214600F00AFEBDF82B
:1004600006303380284631460BF013FF28460BF048
:100470000CFF98B928460BF00AFF01463046FFF7FB
:1004800030FF04460028ADD13A4631462846FFF7F2
:100490002EFC044620B141F6AA11D3E70121EDE775
:1004A000074B9B68002B9DD0024606F595713046A0
:1004B000984797E70D2495E7422493E700BF4C0C3B
:1004C0000020034B5A8802801B78837000207047FD
:1004D00000BF7410002037B583781A2B054609D861
:1004E000042B05D9012202FA03F3134A134205D162
:1004F00012241AE0292B01D03B2BF9D12888B0F522
:10050000706FF5D269460AF07EFE88B9019B93F8B8
:10051000282102F0FF046AB9AA7883F82921FF2272
:1005200083F8282168460BF025F9204603B030BD3A
:100530000224FAE70C24F8E700BF20003804018801
:10054000A1F11B039BB2E02B0CD84288A2F5A47347
:100550009BB244F24810834204D8034B00205980D8
:100560009A8070471220704700BF4C0C0020034B4C
:100570005A889B88028043800020704700BF4C0C43
:10058000002038B504784278857804F0010352EAF7
:10059000030104F0020401D1112038BDBCB9002DC3
:1005A000FAD0002B08BF144601E00024254620465F
:1005B00009F079FE0028EFD0284609F074FE0028E3
:1005C000EAD0054B00209C74DD749882E5E7002B8F
:1005D000EBD114461D46EAE700BF7410002013B5A6
:1005E000008869460AF00FFE18B10224204602B0C6
:1005F00010BD019A92F8F431DBB292F8B020002AD3
:10060000F3D113F0FB0FF0D0019890F83A310BB111
:100610003A24EBE790F8DC3003F0FF04002BF7D12D
:1006200090F8D3309B0706D1FF2380F83A31684613
:100630000BF0A0F8DAE70249D4300BF0CBF8D5E79D
:1006400000BF45B10100F0B50778EF2F85B0044633
:100650000D4603D91225284605B0F0BDB0F801308B
:10066000ADF80C309DF90C209DF80C30002AF1DB20
:100670009DF80D209107EDD1DA063FD49E0603F0D8
:10068000030238D5002AE5D11807E3D463781907A7
:1006900011D42179E278E07942EA0122617942EAD3
:1006A0000142A17941EA0021207A41EA00418A42CF
:1006B000D0D81F2ACED9627A013A062ACAD8A27A9D
:1006C000032AC7D813F0040102D1023A012A03D841
:1006D000E27A012ABED811B9A27C032ABAD813F053
:1006E0001001227D19D0012AB4D1227E012AB1D86D
:1006F000B1B91125AFE7032AC6D1ABE713F0600FFC
:10070000A8D103F00F0203F00703052BBED0931E00
:10071000012BBBD9002A9DD1B8E7022AE5D199E780
:10072000DA071FD46378227D03F0180108291ED14F
:10073000022ADED11B0709D4E279A37943EA022316
:10074000227A43EA0243B3F5804FD2D8BFB20121E7
:100750003846FEF7FCF8064678B109F065FDB8B1F9
:100760000C2578E700F031F90028DBD1C1E7022A37
:10077000E0D0A27E002ADDD0BBE701213846FEF79B
:10078000A8F8064650B3164B93F900100BF05BFC2B
:1007900030460BF065FD21462870E07430460BF0C2
:1007A000AAFC637E0546002B3FF455AF00287FF47A
:1007B00052AF316B02466846FEF7FFF9306B2A46AE
:1007C000012109F04FF9316B68460422FEF7F5F973
:1007D000306B2A46294609F045F93CE707253AE7F8
:1007E00000BF4C0C002070B50579042D8AB003467B
:1007F00058D84488B4F5804F54D82B48465D2844D7
:1008000000214279857AC07BADF8041042F01002D5
:1008100042EA460242EA850242EAC00202F01F02B0
:100820008DF80420BDF80420ADF80D201A888DF84D
:100830000F208DF81240120A240A8DF811108DF83D
:1008400014108DF810208DF813405A7B8DF8152068
:100850005A798DF816209A79D3F807008DF8172069
:10086000B3F80B209B7B8DF81E307F238DF81F3053
:1008700001238DF80C1006908DF82110ADF81C2086
:100880008DF820308DF8223003A88DF823108DF8D4
:1008900024108DF825108DF8261001A9FFF7D3FE3E
:1008A0000AB070BD1220FBE700BF2C2203000278C3
:1008B000034672B1427862B142881A2A09D9828805
:1008C0001A2A06D9044A006810609B889380002089
:1008D00070471220704774100020024B02689A6023
:1008E0000020704700BF741000200378A3F10A02B3
:1008F000112A9DBF024A0020137412207047741001
:10090000002008B5052000F090F803F0F8F9014B3D
:10091000024A9A6008BD4C0C0020FDF3000008B5A7
:1009200001F0F5FFFFF7C7FABDE80840014801F004
:10093000D8BF580C002010B50B4C012384F80231AD
:1009400001F0EDFF0BF015FE0AF01BFC04F20311A1
:100950002046FEF734FB002009F023F8BDE81040E4
:1009600000F027BE00BF580C002010B5064C064909
:1009700004F502700AF0BDF904F503700449BDE8FE
:1009800010400AF0B6B9580C00205C00002064004A
:10099000002010B5094C094904F502700AF0A9F9C4
:1009A00004F5037007490AF0A4F904F50470054939
:1009B000BDE810400AF09DB900BF580C002074003B
:1009C00000207C0000206C000020014B93F8020105
:1009D0007047580C002010B5074C00F0E4FDD4F827
:1009E00008020AF07EF9FFF770FC00F0EEFE01232A
:1009F00084F8143210BD580C0020014B93F81402F7
:100A00007047580C002010B5074CD4F80C020AF0BF
:100A100068F9D4F810020AF064F9FFF730FC0023FB
:100A200084F8143210BD580C0020C2080549012377
:100A300000F0070003FA00F08B5C184388547047FD
:100A400000BF10000020014BD3E9000170471000E7
:100A50000020034B1868C0F30020400040F0010064
:100A600070471000002008B50BF057FE084A00231D
:100A700032F82310814205D302EB83039B78044AAA
:100A8000137008BD01330C2BF2D10023F7E740228D
:100A900003006D0E002010B544682388A4F8783157
:100AA00094F8683084F87711012B06D0022B04D01B
:100AB00040F20B310620FDF764FA84F87A3194F89D
:100AC0006930012B01D0022BF2D184F87B3104492B
:100AD00004F5B7700AF07EFE002384F8343110BDAF
:100AE00000BFB39F0100406808490388A0F86A313D
:100AF00090F8603080F86C3190F8613080F86D319A
:100B000000F261100AF060BE00BFC99F0100044BF3
:100B1000002283F822204FF6FF729A84DA841A8525
:100B200070476E0E0020054B9A8C824201BF002256
:100B300083F822204FF6FF729A84704700BF6E0E32
:100B40000020014BD884704700BF6E0E0020094A78
:100B50000346908C4FF6FF71884206D192F822101E
:100B6000012905D01A6001207047002018607047E5
:100B70000020704700BF6E0E0020064B93F8222025
:100B8000012A1FBF0120DA8C83F822009A8408BF53
:100B90000020704700BF6E0E0020014B1885704783
:100BA00000BF6E0E0020064B0246198D988C8842BD
:100BB00005D193F8220018B113600120704700207E
:100BC00070476E0E0020094B998C1A8D914201D00E
:100BD000002070474FF6FF729A8493F82220002A73
:100BE000F6D0002283F822200120704700BF6E0E4D
:100BF0000020054B998C1A8D914203BF93F8220077
:100C0000B0FA80F04009012070476E0E002050B904
:100C10000A4A1346012003F8010B0868C2F80100D4
:100C20008A889A807047012805D1034B0A689A6028
:100C30008A88D8719A81704700BF980E002048B901
:100C40000A4B187880B1D3F80120B3F805300A6058
:100C50008B807047012806D1044BD87920B19A685F
:100C60000A609B89F4E700207047980E002020B9A5
:100C7000054B187800F00100704701280ABF014BAE
:100C80000020D879F6E7980E0020F7B500228B886F
:100C90008DF80600ADF8043008680C4B8DF807207D
:100CA000019D1C78014603F5AC73D0B2844201D893
:100CB000082009E0D3E90076AE4208BF8F4203F175
:100CC000080302F10102F0D103B0F0BD00BFA80E8D
:100CD000002030B5094B01465C78002203F5817392
:100CE000D0B2844201D8082005E013F8015B8D42A0
:100CF00002F10102F4D130BD00BFA80E0020F0B512
:100D0000254D95F8984189B0224605F2991168461B
:100D100007F019FF214668460AF054FA0446B8B3B2
:100D200000EB4001C9B202A8FDF76DFB601E95F80B
:100D3000A161C0B2012495F8982105E0731CB3FBB2
:100D4000F2F102FB1133DEB206F120030DEB0301D9
:100D500011F8203C002BF1D100EB400220326A4414
:100D600006EB46032B4412F8187C83F8A27112F8A4
:100D7000177C12F8162C83F8A37183F8A42101F8CC
:100D8000204C0138AB19C0B2FF2883F89941D2D169
:100D900009B0F0BD00BFA80E002070B5064688B0AF
:100DA0000C46002A4FD02A4A92F8A131D01890F868
:100DB000991121B94FF480712820FDF7E2F803EB77
:100DC00043011144013391F8A251E57091F8A35108
:100DD00091F8A41161710021257180F8991192F8A0
:100DE0009811B3FBF1F001FB103382F8A13192F8B6
:100DF000C23123B9184902F5DD700AF0E8FC6579C3
:100E000005F03F0545F0400565710D22002168465B
:100E100007F011FFE3788DF80F3023798DF80E304D
:100E200004AA0423694630468DF80D5007F075FB7F
:100E30009DF81F3023709DF81E3063709DF81D30A3
:100E4000A37008B070BD03216018FDF7DCFAD6E787
:100E500000BFA80E002045FF0000044B5A788242D4
:100E600086BF1B1893F84A010020704700BFA80EE8
:100E70000020044B5A78824286BF1B1893F8420127
:100E80000020704700BFA80E0020064B00224FF440
:100E900061711A8083F8C32183F8C421A3F8C611B5
:100EA00083F8C2217047A80E0020014B83F8C401CB
:100EB0007047A80E0020014BB3F8C6017047A80E7A
:100EC000002030B50A4B5C7884420ED9184490F863
:100ED00002012B3003EBC004A5790D7053F83000EC
:100EE0001060A3889380012030BD0020FCE7A80E8D
:100EF00000200246074810B590F8C34124B141785C
:100F000021B1023002F021FF204610BD0C46FBE764
:100F100000BFA80E00202DE9F74F2F4C9A466378AA
:100F200083428046894656D9231893F8425185F06A
:100F30000105F9B193F84A31E3B945F002070135EB
:100F4000BAF1000F18D1FA070AD5062101FB0841B2
:100F500004EB0810524601F585718230FFF71DFF42
:100F6000BB0734D504EB0810524649460230FFF760
:100F700014FF2CE02F46E3E794F8A1614FF0010B3A
:100F8000002DE0D0A319019393F8991199B900921B
:100F9000DAB100F0EAFB06EB46012144019B81F83F
:100FA000A2014FEA102C009A81F8A3C1000C81F82D
:100FB000A40183F899B194F898310136B6FBF3F1A6
:100FC00003FB1166F6B2013DDAE747F00407384645
:100FD00003B0BDE8F08F0027F9E7A80E0020074B0B
:100FE0005A78824209D91A1892F842212AB906225F
:100FF00002FB003000F58570704700207047A80E96
:101000000020064B5A78824281BF1B1893F83A01A0
:10101000B0FA80F0400998BF0020704700BFA80ECA
:10102000002030B50024A0F84240B0F8464042F21B
:1010300010754C43B4FBF2F4A0F84640541E05FB77
:101040000343B3FBF2F3A0F84430084BB3FBF2F3D5
:101050000133A0F84A30838F05FB0344436BB4FB94
:10106000F2F459438463B1FBF2F2426330BD005A9B
:10107000620270B504460D4649BB4FF4207207F07A
:10108000DAFD012384F896306FF0360384F8E330FC
:10109000042384F8E4306FF03B0384F8E5306F23D9
:1010A00084F8E6306FF03F0384F8E7302B2384F8B0
:1010B000E230FE2384F81E317F2384F88D30202314
:1010C00084F8E85084F8E95084F80B3270BD0129A7
:1010D00022D10023A0F8CC3180F8C331154B8269AE
:1010E0001344B3FBF2F3C0F8B83040F6B833A0F8BD
:1010F000BC301146438C8030FFF793FF07F0DDFBD7
:1011000030B1E069FFF70DF810B984F8AF51DDE7B1
:10111000002384F8AF31D9E70229D7D1B0F8623281
:10112000D0F85C228169BDE870408030FFF779BF5C
:1011300000BF7FC3C901034B80F86C101B680BB163
:1011400000881847704784000020074B93F900304F
:101150001844142804DC10F17F0F03DB40B2704701
:10116000142070476FF07E0070477010002007B5A4
:101170007F230DF107008DF8073003F086FC9DF901
:10118000073068B10A4A5078404243FA80F0142888
:1011900008DC10F17F0F07DB40B203B05DF804FB01
:1011A0001846FAE71420F8E76FF07E00F5E77010B4
:1011B0000020024B00221A705A70704700BF701056
:1011C0000020054BFF221A70054A01681160017961
:1011D000117100221A70704700BF721000201800B1
:1011E000002007B5064B186800901B798DF8043075
:1011F0006846FFF7E6FF03B05DF804FB00BFD04F81
:1012000003000346407848B1DB783A2B05D8034AFF
:10121000D35C1B1A58425841704701207047702216
:1012200003003A2908B5C17003D8064B5B5C4370D4
:1012300008BDFF2904D04FF489612A20FCF7A1FEE4
:101240000123F4E700BF702203002DE9F04385B0CD
:10125000894602A91446984609F0D5FF054600289C
:1012600039D1039E34B9012486F89540204605B053
:10127000BDE8F08337692146384608F0CCF90146CD
:1012800058B3174B5B88A34229D301AA384608F00C
:1012900005FB96F895300198002B0CBF49460221BA
:1012A0000AF092F9019822464146033007F04BFCC0
:1012B0002146384608F0F4F9044618B97A212B2063
:1012C000FCF75FFE02A80AF055FA039BA3F8BA5197
:1012D00086F89550CAE70124C8E70446C6E72C46BD
:1012E000C4E774100020024B987DC04300F0010059
:1012F000704774100020034B987D80F00200C0F30B
:101300004000704700BF741000207FB505460C46B2
:1013100021B940F215111020FCF733FE03888B80B1
:1013200000234B724669304608F0AAFA014610B90C
:101330004FF48F71EFE701AA304608F0AFFAE08072
:1013400010B940F22311E6E7FB2802D940F225113B
:10135000E1E701980AF040F9012801D0022805D1FF
:101360002072206828B94FF49E71D4E740F23511FD
:10137000D1E70199E288033107F0E5FB304608F038
:1013800095FA10B940F24111C5E70021304608F046
:10139000EBF910B94FF4A371BDE70A4BDA7D82B1C6
:1013A0001A8B2888013A02A91A8309F02CFF10B180
:1013B00040F24F11AFE7039AB2F8A6300133A2F81A
:1013C000A63004B070BD7410002010B521B940F2F1
:1013D0005B211020FCF7D5FD4A600B72EFF31084FF
:1013E00072B6031D0B6042681AB1127A012A08BF57
:1013F000036003681960016004B962B6034BBDE87D
:101400001040587807F0B5B900BF901000202DE9C2
:10141000F74306460D464FF0050800274FF0030935
:101420002B693BB11B7A2BB12C699CB9002003B00E
:10143000BDE8F0836C68237A012BF7D0EFF31083BB
:1014400072B66A6812686A6003B962B6237A002BC2
:10145000E6D02C61237ADBB284F80880013B0B2BA9
:1014600066D8DFE803F0620620345F653D65656598
:101470006552636823B940F2C7111020FCF781FD63
:101480002046314698470420EFF3108372B6227A43
:10149000052AD1B201D0002953D127722F61002B28
:1014A0004BD162B649E0636813B94FF4E871E4E7E1
:1014B0003146204698470346C3F30723012BADF876
:1014C0000400C0B237D0022BDED12F6135E0636853
:1014D00013B94FF4ED71D0E7204698470020D3E7C9
:1014E00063680BB9DA21C8E70B2232701988A6F8B5
:1014F0000310012200241869B2707271B471214680
:1015000008F032F92C61042091E7606810B940F2CC
:101510000521B2E70E4B31461B68984700232B612B
:10152000022084E740F20E21A7E740F21121A4E750
:101530004FF40571A1E784F8089000283FF470AFDC
:1015400075E7002B7FF46CAF62B669E700BF8800D7
:10155000002070B5134C1426231D32460021184676
:1015600007F069FB03460125257400210433324648
:1015700004F11800C4E9013307F05DFB84F824503E
:1015800004F11C03C4E906330023E362236384F8F7
:101590003430C4F83530C4F8393084F83D3070BD8B
:1015A00000BF90100020014B5870FFF7D2BF901081
:1015B0000020014B024A1A60704788000020510544
:1015C000010038B50B4D05F118010446FFF71FFF68
:1015D00070B9AB681B7A0C2B04D1064BDA7D0AB1CB
:1015E0001B8B2BB120460449BDE83840FFF70FBFE5
:1015F00038BD90100020741000209410002010B509
:101600001346027A22B14FF42D711020FCF7B9FC79
:101610000A46BDE8104001460148FFF7D6BE9410C7
:101620000020044890F834301BB903492C300AF0EC
:10163000C8B8704700BF90100020FBA9010010B58A
:101640000A46037A23B14FF42F711020FCF799FC5E
:101650000146BDE8104001480723FFF7B6BEA810B9
:1016600000201346027A0AB1037270470A46014607
:101670000148FFF7AABE941000201B234FF01B1255
:101680008384038482618382C260038539B94FF405
:10169000A473034AC3844384C261C3820261704756
:1016A00000BF480148010346F0B4B3F85420B3F832
:1016B0004840B3F84460DF8FB3F84250944228BFEB
:1016C00014460846B3F84C20B3F85610DC878A421B
:1016D00028BF0A46B3F84610A3F84220914238BF0B
:1016E0001146A64238BF2646A742A3F84460A3F895
:1016F00046101FD1AA1A18BF0122B3F84A50B3F8F6
:101700005040B3F852709E8FB3F84010A54228BFE6
:101710002546B3F84E409D87BC4228BF3C46AE42AA
:10172000A3F8404002D1A14200D12AB1F0BC034944
:101730000AF050B80122E0E7F0BC704700BF21AAD0
:1017400001000B8BA2F80B304B8BA2F80D308B8B6A
:10175000A2F80F30CB8BA2F809000249A2F8113091
:1017600010460AF031B871AA0100094AD2E9000313
:10177000434083EAB01181EA43214FEAF3435360C7
:10178000054B116058434FEAF06000EB8000704752
:1017900000BFD0100020BB79379E094AD2E9000370
:1017A000434083EAB01181EA43214FEAF343536097
:1017B000054B116058434FEAF06000EB8000704722
:1017C00000BF20000020BB79379E10B50A4C0948A5
:1017D0000821FCF718FED4E900231343F7D0064C88
:1017E000FFF7DBFF2060FFF7D8FF2368606003434B
:1017F000F6D010BD00BF20000020D0100020174BF5
:10180000184A9A60184A5A60184A1A60184A9A6226
:10181000184ADA62184ADA60184A9A61184A1A6352
:10182000184A1A62184ADA64184A9A64184A5A62BC
:10183000184B184A9A60184A5A62184ADA62184ACB
:101840001A61184A5A61184A9A61184A1A63184A62
:101850009A64184ADA64184A9A63704700BF8C0089
:10186000002039AD01006FAD0100E7AD010071AF9F
:101870000100C5AF0100090E0100DBAF01007910C6
:101880000100ED0E0100BBB00100D7B00100450F13
:101890000100780100205BAD01007BB00100FDAFCD
:1018A0000100A1AF010021B001008D0E010063B164
:1018B00001000FB10100FDB0010061B00100044B57
:1018C000054A5A65054B054A1A65054A5A65704727
:1018D00000BF8C000020A7AE0100780100208DAE73
:1018E000010019AF0100054B064A9A65064A1A66BF
:1018F000064B064A9A65064ADA65704700BF8C00B7
:10190000002013A10100A9A10100780100204DA031
:1019100001008DA30100252A70B505460C4618D894
:10192000012A19D9023A232A16D8DFE802F01A153B
:10193000252424331535152439444815154D242400
:1019400067676D7415151515151515151515158081
:101950008990FF2A00F0828040F2FE315120FCF78E
:1019600010FB02784368012A02D193F8203101E08C
:1019700093F82931237170BD4168204601F5EB7160
:1019800009F094FE6968204601F58A71BDE870404F
:1019900009F08EBE4368E8E7BDE8704000F011BA78
:1019A0000E230B7159234B7100238B714E23CB7186
:1019B00010230B72DFE7436893F81A31DAE7BDE8CA
:1019C0007040084600F0EBB90378466873B996F8A2
:1019D00020315BB196F81D11204609F0B9FE96F84A
:1019E0001C112046BDE8704009F0B6BE96F81B11E8
:1019F000204609F0ADFE96F81A11F2E7416820463C
:101A0000BDE870400AF02AB8436893F83621227185
:101A100093F8373109E0436893F83421012AF4D070
:101A200093F864200A7193F865306371A3E7104B53
:101A30001B68002B9FD002462320BDE8704018474A
:101A40000C4B1B68002B96D002462420F5E7084B70
:101A50001B68002B8FD002462520EEE74368204606
:101A600093F84F22D3F85012BDE8704009F0B8BD8A
:101A700000BF640200203A289ABF024B53F82000AE
:101A80000020704700BF8C0000203A289ABF024B0C
:101A900053F820000020704700BF78010020F7B500
:101AA00045682E6904464FF6FF770DF102010DF1EE
:101AB00001023046ADF8027007F00EFE01A9304673
:101AC00007F02DFE40B1019807F0EEFE616800229C
:101AD0000272FFF7B4FDE8E7044905F1A80003B07E
:101AE000BDE8F04009F070BE00BFD3AC0100F0B516
:101AF000044685B00D46FF2600F8856C10F8863C3C
:101B0000F3B1174F3B781BB148211F20FCF739FA7E
:101B10000C21381DFCF777FC3E70002304F8853C4F
:101B20002A46072302F8033BD4F80930C5F80330EE
:101B3000D4F80D305360D4F81130936005B0F0BD87
:101B400001A80C21FCF75FFCA4F5A873039A1A60A6
:101B500001AB03CB44F88E0C44F88A1C04F8866C65
:101B6000DBE7D810002010B5054C23782BB90C21E9
:101B7000201DFCF748FCFF23237010BD00BFD810C8
:101B80000020024690F8DE31BBB990F8DF3103F057
:101B9000FF010BB100207047094B18780028F9D0DD
:101BA0001970D968C2F81411043303CBC2F8D601F6
:101BB000C2F8DA11FF2382F8DE3101207047D81015
:101BC000002038B5426892F88F3004460D463BB18C
:101BD000132B05D0113B0B2B94BF0820012038BDDF
:101BE00092F8D23013B9204609F0F6FE6168284613
:101BF00001F5E77109F04FFD6168284601F588712C
:101C000009F050FD61680B88A1F86D32284601F299
:101C10006F2109F038FD6168284601F2772109F04B
:101C200037FD6368002583F8DE516068054900F5DB
:101C3000197009F0C6FD6368152283F88F202846C5
:101C4000CDE7350D010038B5436893F88F201C2A85
:101C5000044604D040F2BB111F20FCF792F993F820
:101C6000D2101D88002283F8D12003F5D17069B10C
:101C70000B4983F8D220A3F8AC5183F8AB2109F0CB
:101C8000A0FD6368002283F88F2038BD012283F80D
:101C9000AB11A3F8AC51024983F8AE21EFE75DAF79
:101CA00001004FAF0100436830B5D3F8804014F015
:101CB00001001FD14D68104A8968A3F8CE002A4060
:101CC000C3F8E220C2F3076242F0080221F41E5179
:101CD00021F0100183F8E52093F8D0200904090CC5
:101CE000013244F00104C3F8E61083F8D020C3F8B1
:101CF000804030BD0120FCE700BF2FC904F710B5BC
:101D0000406890F88E30042B2FD14C688A68184BAD
:101D100022F41E522340C0F8E23022F01002C3F336
:101D2000076343F008031204120C80F8E530002327
:101D3000C0F8E62080F8CC3080F88E3090F884210E
:101D400002F0FF049AB90388A0F8863180F8854133
:101D50004B68C0F888318B68C0F88C31064900F5B3
:101D6000BE7009F02EFD204610BD0124FBE71C4685
:101D7000F9E72FC904F73FB00100406890F88431BB
:101D800053B90388A0F886311A2380F885310249B7
:101D900000F5BE7009F015BD70473FB0010010B5E9
:101DA0000446FEF750FE21F41E51044B21F01001B1
:101DB00009040340090C6360A16010BD00BF2FC976
:101DC00004F737B50C464568FEF73DFE0A4B95F81B
:101DD000E22021F41E5121F0100103400904009378
:101DE000090C13408DF8003001916B4603CB606005
:101DF000A16003B030BD2FC904F7DB0410B5144651
:101E000004D5037D13B10023436310BD436B01333D
:101E100043630AF066F8D0E90D239A42F5D3002314
:101E2000436302492046BDE8104009F0D3BCADB081
:101E3000010038B5446894F88E30012B0D4603D06C
:101E4000D4F88030980745D494F8D330990719D442
:101E5000284609F030FC84F8DD00B5F80530A4F818
:101E6000DE30B5F80730A4F8E03094F8D33043F012
:101E7000020284F8D320DA0711D5174904F1D400FF
:101E800009F0A8FC94F8D330DB0718D4D4F88030DC
:101E900013F0020208D055214020FCF772F894F8A4
:101EA0003A31002BE9D1EDE743F00203C4F880306A
:101EB00094F8D030A4F8CE20013384F8D03094F8D0
:101EC0008E30012B4FF0000003D184F88E0084F88F
:101ED000CC0038BD0120FCE700BF45B1010070B562
:101EE00045680446FFF743F9054B85F88D001B68EC
:101EF00001461BB12046BDE87040184770BD6C021A
:101F00000020024B1B6803B11847704700BF6802EE
:101F10000020F0B5204E054630780024147080B1C2
:101F2000431E7768DBB2181B01280BDC07EBC400EB
:101F300057F834604068884208BFAE4212D114702E
:101F40000120F0BD1819461007EBC60E57F836C031
:101F5000DEF80460AC45C0F347008E412CBF034659
:101F60000446E0E7B54271EB000002D21470002095
:101F7000E7E707EBC30057F833404068884208BFE3
:101F8000AC4201D11370DBE7A542814128BF013388
:101F90001370ECE700BFF810002010F0070208B53E
:101FA00003D063214820FBF7ECFF18B1034B1972F3
:101FB00058601A70C80008BD00BFF8100020014B1F
:101FC00000221A707047F8100020014B187A7047F1
:101FD00000BFF81000202DE9D34309F0CAFF0DF12E
:101FE000070207460E46FFF794FF98B9114C227876
:101FF000237A93420ED0616813466FF0604E9DF8CD
:102000000700984209D301EBC003C3E9007601320F
:102010002270012002B0BDE8D08303EB0E0001EB7B
:10202000C000D0E90089013BC0E90289DBB2E6E7E4
:1020300000BFF810002037B509F09BFF0DF1070233
:10204000FFF767FF0446A0B10C4A9DF8070013781C
:102050005568013BDBB213701A1AD2B2411CD20090
:10206000834238BF002205EBC10105EBC00006F03A
:1020700024FD204603B030BD00BFF81000200A4602
:10208000822302F8033B04480368C1F80330436825
:10209000536083689360704700BF011100200248BD
:1020A0001622002106F0C7BD00BF0111002082B03A
:1020B00002AB03E903000B48437D93B1530610D5EF
:1020C0000A880280D1F83022B1F888304260D1F815
:1020D000342205498260438002220C3002B0FFF7AF
:1020E000C0BA02B0704701110020C512010038B516
:1020F000074D044600F15101286809F0DBF994F816
:1021000050102868BDE8384009F0E2B900BF181146
:102110000020F8B504460E466588407F15F004019E
:10212000134618BF04F15F013246FEF7F4FEC20702
:1021300005460BD5012384F85030607FFEF74FFF32
:102140000368C4F851308388A4F85530AB070CD528
:10215000094E0127306884F85E7004F15F0109F0D0
:10216000B0F93068394609F0BCF985F00400C0F3D5
:102170008000F8BD00BF1811002038B5C38D0E4D8A
:102180000133C385AB7C04462BB102F070FC01F037
:102190000EFE0023AB7400232B7194F879302BB121
:1021A00001212046BDE8384007F0FFBF637C13B132
:1021B000E28D9A42F4D20021F3E71811002010B505
:1021C000094C2379012B02D02379022B05D1A37C62
:1021D0001BB102F04CFC01F0EAFDE069BDE81040E3
:1021E000FFF7CBBF00BF1811002070B5294C237931
:1021F000012B07D02379022B04D040F63C412D203F
:10220000FBF7BFFEA0B90125A37C1BB102F02FFC98
:1022100001F0CDFD002D3AD0E06907F03EFF002827
:1022200030D002F01AFB236ABDE870409B68184763
:102230002168E26911F8095B02F15103E80992F89B
:10224000502008F0A1FF0028DDD02068002109F00F
:102250006DF90028D7D02379E069012B05D02379C7
:10226000022B02D040F61541C9E72379226A03F117
:1022700080435269013B05F00F0152F82330984723
:102280000546C1E7E069BDE87040FFF776BF70BD65
:1022900000BF18110020074A0346D06903B909B9E5
:1022A000FFF76BBF1379126A03F180431269033B96
:1022B00052F823301847181100202DE9F043032964
:1022C00085B0054690467BD090F878300529DBB282
:1022D00002D14288D60760D5002B5ED10127DFF8F6
:1022E000E89099F81260B6B108F083FF082888F8E2
:1022F000000014D002AA0DF10701FEF7E2FD20B99B
:1023000040F685612D20FBF73CFE9DF8070002A9F1
:1023100009F03BFE064698F80030082B08D1D9F8A2
:10232000001011F8030BC0F3801009F02EFE0646D2
:10233000D9F8001095F8572011F8030B05F1580350
:10234000C0F3801008F020FFD9F80010044611F8FF
:10235000030BC0F3801008F042FF8146FEF751FEE8
:10236000014640B1B9F1080F1BD04846FEF775FD94
:1023700080F00101C9B298F80000082815D094B97E
:102380006B7F1C1A604260416B885A0706D421B9E2
:1023900096B9EB7C93B1BB4210D0002005B0BDE8EC
:1023A000F0830021E7E70120EEE714B181F001049A
:1023B000E4B204F00100E7E73046EFE70120EDE783
:1023C00043889B07E9D5022789E7181100202DE9EA
:1023D000F04F85B008230DF10702052104468DF862
:1023E0000730FFF76AFF064620B90026304605B0E1
:1023F000BDE8F08F7A4F3968FA7C11F8030B07F1CA
:102400001403C0F3801008F0BFFE80460028ECD112
:102410003B68216A184691F8962010F8035B02EA9F
:10242000551202F0010281F89620D3F80320C1F87A
:1024300003208288A1F807201946226A11F81F0B91
:10244000C0F38010907009798DF80C10D3F80F103C
:10245000D3F81F00D161597D0290187D090441EA2B
:102460000021D87C01435162B3F8191040F2E249CF
:1024700009FB01F191619D7DC5EB451105EB8105DE
:1024800005EB85056D009585B3F8171009FB01F183
:102490009162B3F81B101184B3F81D10518493F8A6
:1024A000243003F01F015B0982F8A21082F8B031DA
:1024B000256A94F912B002A905F1960008F052FFBE
:1024C00040F20113A5F868304FF0FF0A85F86AA0C2
:1024D000414605F13000FFF7D0F859462846FEF78F
:1024E0002AFE236A84F883801A88A4F8842084F85A
:1024F000A1A04FF6FF72A4F8A2209A69B2FBF9F2EC
:10250000A4F89A201A8CA4F89C205A8CA4F89E2037
:1025100093F8B02184F8A020227F9DF8070004F1F1
:102520008E015AB394F85020012A27D194F85620EE
:1025300002F0C002402A21D1D4F85120C4F88E20E4
:10254000B4F855208A809A7884F88720082803F107
:10255000030504F18802D3F8033004F1940134D068
:10256000C4F89430AB888B8004F18701FEF7A9FC96
:1025700040B940F69B312D20FBF703FD0022C4F843
:102580008E20DFE794F8873043F0020384F8873029
:10259000144904F17A0009F014F9236A12491A88DF
:1025A000A4F8BB2093F8963084F8BD3004F1B20053
:1025B00009F007F90D4B206A1B6800223A71002BC5
:1025C0003FF414AF2146984710E7C4F88830AB8831
:1025D00093800023C4F894308B80D9E700BF181192
:1025E000002013B20100E5B10100740200200329AC
:1025F00073B5044604D0052952D0012002B070BD45
:1026000008230DF107028DF80730FFF756FE00286A
:10261000F3D0237C284D03B39DF8070094F8C6300F
:10262000DBB9237884F8C730082804F1C90228D020
:1026300004F1C801FEF745FC20B940F6FB612D20EE
:10264000FBF79FFC94F8C83043F0020384F8C830CD
:102650001A4904F1BE0009F0B4F82B6806220426DA
:102660005A701E702046FFF742FD94F84020E16B3F
:10267000286808F04CFF28682E7102F088F90020C5
:10268000BCE72868034613F8031BC1F3801184F8E4
:10269000C810D0F80310C4F8C9109B889380D7E7FE
:1026A000074B1B6823B1984780F00100C0B2A5E733
:1026B0001846A3E700BF18110020FBB1010070020B
:1026C0000020F8B504460F4619B300F12805284646
:1026D00009F068FEA0B963881A072ED5284609F0CC
:1026E00078FE0646284609F05DFE301AC0B209F0B1
:1026F00080FE444A936803442846936009F02EFE06
:10270000284609F030FE01F0C8FF2179252001F0AC
:10271000BCFE3C4D94F85E20286800230370437093
:102720006388103B0D2B5ED8DFE803F0595D550C34
:102730005D405D5D5D5D5D5D5D402046BDE8F840EE
:10274000FFF71BBD06234370202303702046FFF7CD
:10275000CEFC638823F008039BB2152B05D094F8B8
:102760003820616B286808F0C3FE286802F00FF972
:10277000032321792B71002001F095FF064607B94C
:10278000E86063881B0704D509F030FE0644C4F8EE
:10279000E0606388103B0D2B30D8DFE803F0322F68
:1027A00029292F292F2F2F2F2F2F2F290C2343702B
:1027B0002123037042B104F15F0108F082FE012180
:1027C000286808F08EFEC1E704F1580108F079FE90
:1027D00094F85710F4E7062303704370B6E702231A
:1027E00003700623F9E740F226612D20FBF7C9FBB1
:1027F00021790120BDE8F84002F053B940F6AA4122
:10280000F3E7F8BD00BF1811002038B54388102B3E
:10281000044604D1BDE838400121FFF752BF0B4DFB
:10282000AB7C23B101F0A9FA402002F014F928682A
:1028300002F0ADF8608810F0040002D1217902F0B6
:1028400030F9002002F0E3F801232B7138BD181194
:102850000020024B0121D869FFF733BF00BF1811D8
:10286000002010B5134CA37C1BB102F000F901F05D
:102870009EFAE06907F011FC70B12379E069012B41
:102880000FD12379226A03F18043D268013BBDE86E
:10289000104052F823301847E069BDE81040FFF7B8
:1028A0006CBC2379022BECD040F643312D20FBF792
:1028B00068FB1811002010B50948037903F0FF04E4
:1028C00053B918222146043006F0B5F902F0CFF8CA
:1028D00001F06DFA204610BD0C24FBE700BF181173
:1028E000002010B5094C002323712060FFF7E3FF9F
:1028F00020B140F2F6212D20FBF743FB236A13B9E8
:1029000040F2F921F7E710BD00BF18110020014B7C
:10291000024A1A62704718110020441E0100034B3E
:10292000044A1A60044B044A1A60704700BF7002E0
:1029300000201516010074020020E1F200002DE9CC
:10294000F041067DB31EDBB2012B04468CBF4FF075
:1029500000084FF001087EB3B71E18BF0127012BF6
:1029600036D800F1580190F8570008F038FC0828D4
:1029700005462DD0FEF77DFA58BB657784F81C809C
:1029800084F85070FEF797FA05460AF02AF8174BBC
:10299000A5FB03351B1845EB01050022C4E91235E0
:1029A00084F85E2011462046FFF7B3FB70B940F271
:1029B00093412D20FBF7E5FA3746082504F1510134
:1029C0000020FEF73CF90028D7D10020BDE8F081B7
:1029D0000825022EF2D0E37E002BF6D0D4F8153075
:1029E000C4F85130B4F81930A4F85530C5E7404266
:1029F0000F00F0B5464E327985B0044602F0FF0371
:102A000012B90278FF2A04D140F6A9112D20FBF754
:102A1000B8FA3382B3607371B37180F879303C4B8C
:102A200000933C4B01933C4B0293336A68465B68CE
:102A3000039301F0A4FF01F066FD02F018F801F025
:102A4000B6F9364801F003FE04F12805354801F0D7
:102A500090FF284609F082FC284609F084FC01F02A
:102A60001CFE2179252001F010FD94F9120001F0DF
:102A7000E8FD04F13401206B07F011F804F13C018A
:102A80000746206B07F032F8054617B194F824305A
:102A9000C3B90DB194F82550237F13B963885B0740
:102AA00009D5D4E912126FF000439A4208BFB1F180
:102AB000FF3F09D185B930680330FEF71AFAB074C8
:102AC00005B0F0BD0125E7E709F08BFFD4E912233B
:102AD000904271EB0303EDD3012205EA0201204687
:102AE000FFF717FB68B1FEF7E6F9054609F079FF35
:102AF0000D4BA5FB03351B1845EB0105C4E9123549
:102B0000D9E7002DD7D040F6DE117FE700BF1811BE
:102B10000020A91A010031140100DD140100D6BE05
:102B2000898E5555550040420F00F7B50446FFF712
:102B300060FF00212046FFF7C4FD04F1680008F0A3
:102B400019FB236F0BB101221A606388DB0721D5C3
:102B50000023114E256ACDE90033FF23F37405F1FC
:102B60000A076846FBF72DFFA0B9009CA542F8D0E4
:102B70006A7A607A3B4604F10A0108F005FB0028F6
:102B8000EFD0A378F374D4F803007061044BB4F869
:102B900007209A8003B0F0BD00BF181100202C114F
:102BA0000020024BD8611B6A1B68184700BF181130
:102BB000002043881B0710B5044611D5036A0A4953
:102BC0003C2280F883201B88A0F88430FF2380F803
:102BD000A1304FF6FF73A0F8A2307A3008F0F1FD73
:102BE000FF2384F8793010BD00BF13B201003518FF
:102BF0000100511A01006BB2010065B20100711DA4
:102C0000010005140100991A0100401E0100381E40
:102C10000100341E01000138022808B503D9C32180
:102C20002F20FBF7AEF913290A4B05D811290CD830
:102C3000102907D0D121F3E71529FBD103EB40037D
:102C4000D88801E033F8100008BD03EB40039889F1
:102C5000FAE7AC220300F8B52F4B1A88402842EA65
:102C600000021A8005D104219868BDE8F840FDF7FC
:102C700044B9802801D10521F6E700F00302032AB8
:102C800004D140F6CA113120FBF77BF910F00204A1
:102C900018BFD960C50705D5CA781961062A0DD0B5
:102CA0000B2A18D02CB1DA68D278052A1FD00B2A4B
:102CB0002AD0820644BF08221A75F8BD9A6892F895
:102CC0008F101829EED1002600270121C2E93C67A8
:102CD00082F89310E6E79A6892F88F10122901BFE4
:102CE000002182F89310012182F8D210DAE79A6865
:102CF00092F88F101629DCD100240025C2E93E4548
:102D0000012182F89410D4E79A6892F88F10112963
:102D1000CFD10021F5E73C11002013B5044601A8EE
:102D2000FDF715FF20B940F2CA713120FBF729F9F0
:102D300022220021019805F07EFF0198032108F06E
:102D400043FC0198037823F0100303702146FEF73B
:102D500068FA019906482246FEF7DDFDFDF70DFFF2
:102D600010B940F2D471E0E702B010BD00BF4011CD
:102D7000002070B5274CA36893F8566293F8575219
:102D8000002E3FD193F86810002D3DD193F86920B3
:102D900083F8681083F86920FF2283F86A201D4BAE
:102DA0001B680BB1A0689847A36893F83431012BD6
:102DB00002D056EA050303D018480021FDF76BFE48
:102DC000A068303008F07FFD0546A06800F245118C
:102DD000FEF769FCA0680621FDF78FF8A068303087
:102DE00008F071FD8542044610D202F018FF01463A
:102DF000601B322838BF322004F095FFB0FA80F013
:102E0000400970BD3146BFE72A46C1E70120F8E717
:102E100000BF3C1100207C0200204011002000294E
:102E200008BF1F21172810B503460BD80D280DD950
:102E30000E3809280AD8DFE800F00B0909090B0948
:102E40000B09110BA0F12303022B23D9002010BD85
:102E5000BDE810400021184609F0CFBA114CA36814
:102E600093F88E20212A09D1201DFDF714FEA368B6
:102E7000002283F88E2083F8CC20E7E72E2AE5D1C4
:102E800093F88F30A3F12002062AF0D92E2BEED032
:102E90002A21E9E7044B1B68002BD7D0BDE810407E
:102EA00018473C11002078020020114B0979024696
:102EB000986890F88E30212B11D02E2B0FD0282B14
:102EC0000FD0042B0FD00F2B0FD01D2B0FD090F84D
:102ED0008F30232B14BFFE201720FFF7A0BF162032
:102EE000FBE72320F9E70E20F7E71220F5E714208F
:102EF000F3E73C11002008B50C4B9B6893F81E21AA
:102F0000FE2A04D040F2D9713120FBF73AF883F859
:102F10001E0111B9A3F8CE1008BD0022A3F8C820E5
:102F2000012283F8CC20F7E700BF3C1100200C4AB7
:102F3000117D91B938B99068B0F85810828F9142DC
:102F40000BD8FCF7CCBF13881B0708D5936893F800
:102F50009000073818BF01207047002070470120FB
:102F600070473C1100204368D3F8803013F0300FD5
:102F70002DE9F74304460D4656D1084608F0B5FB47
:102F800030B92946204603B0BDE8F04308F052BDF1
:102F90002846666808F0A5FB0746284608F09DFB12
:102FA0008046284608F09FFB8146284608F097FB9C
:102FB000303600904B4642463946304608F095FC84
:102FC0001B4B1A88920711D5DA68D278142A0DD1D2
:102FD0006268D2F8803043F01003C2F88030204697
:102FE00008F0FAFC002003B0BDE8F083626892F8B4
:102FF0008E101D29ECD092F82B21002AE8D16268AE
:1030000092F82A21002AE3D16168D1F8802042F0A9
:103010002002C1F880209A68114602F5A77231F8A3
:10302000300BFEF78EFBDAE70120DCE700BF3C1136
:10303000002010B5164BDB681979436893F88E2091
:10304000092A09D193F819218A4205D1002283F86F
:103050008E2083F8CC2010BDD3F8802012F0080415
:1030600007D022F00802BDE81040C3F8802008F025
:10307000BDBCFF2905D1332283F88E2083F84C4252
:10308000E9E740F2DE413120FAF77BFF00BF3C1157
:10309000002010B50B794268172B92F88E20044659
:1030A0000CD80D2B0CD9A3F10E01092908D8DFE8A3
:1030B00001F009070707090709071009232B26D084
:1030C000002010BD22460121BDE81040184609F03D
:1030D00094B9212A01D02E2AF2D1204608F073FC9F
:1030E000636893F88F20222AEAD093F8E32022F035
:1030F000010283F8E320626892F8E33023F00803CA
:1031000082F8E3301A212046FDF7C5FCD8E7282ACB
:10311000D6D1024B1B68002BD2D09847D0E7800253
:103120000020F7B5814C0546002840F0B280238886
:103130001F0735D5A36893F81E21FE2A04D14FF44A
:10314000AA613120FAF71DFFFE2283F81E2193F8B1
:103150008F201A2A07D183F8D100201D08F046FCE1
:10316000A36883F88F50A36893F88E20332A42D047
:103170003F2A49D0202A0AD193F88F20A2F12001BA
:10318000062901D92E2A34D12E2283F88E20A36855
:1031900093F89020072A02BF0222627583F81E214D
:1031A0002388DE0734D42388580700F1A0809907CC
:1031B00013D5E368DE780D2E00F0A180112E00F00B
:1031C000A080072E00F09F803046FEF75EFC03468D
:1031D000002800F09A80554898472388DA0658D589
:1031E000A36893F88F200A2A53D10B2283F88F20EB
:1031F0004FE02122C9E7012283F84D22002283F803
:103200008E2083F8CC20C2E7494808F0DCFBBEE7FB
:10321000A368276993F88F30113B0B2B0BD8FB78F1
:10322000023BDBB2092B7CD8012202FA03F340F205
:103230003332134275D03846FDF7E3FF20B93946E3
:103240003B4808F0F7FB47E0FE78012E01D9162E27
:103250000FD1A36893F88E0008F0DDFB48B1A36896
:1032600093F88E20202A04D0212A0ED12E2283F812
:103270008E20112E35D026D8072E34D00D2E34D0E6
:103280003046FEF7F8FB034621E0162E0CBF202542
:103290000225237D1B0713D5A36893F88F30113BBC
:1032A0000B2B40D9002601A903200196FBF7F1FF63
:1032B000019B2BB11E720C22A1680198FEF79FF9A9
:1032C000284603B0F0BD142EDAD1194B1B68002B31
:1032D000B5D021691648984700283FF464AF0546E9
:1032E000D7E7144BF5E7144BF3E7144BF1E7A2686B
:1032F00092F89020062A04BF0122627557E7104B0E
:1033000069E7104B67E7104B65E7FF2E06D1A2680F
:10331000332182F88E1082F84C025EE740F244516D
:103320000FE70825B5E70825CAE73C110020401142
:103330000020880200204DB70100D9220100F120B1
:103340000100DDB60100FBB60100792201002DE984
:10335000F041A54CB4F800800E46A16818F4007F37
:103360000ABFB1F8C2200023013201F180050746EF
:103370001ABFA1F8C23081F8C731A1F8C22028468F
:1033800009F0B0F828B1434601F59E722846FEF7D1
:1033900034FD238803F4C06333B1A06890F8923001
:1033A000002B4AD0032B4ED0A168238891F892209D
:1033B000012A04D11D0544BF022281F89220002F6A
:1033C00040F0AD8058065DBFB1F8E021013292B205
:1033D0003A46A1F8E02103F00A020A2A0DD1E26878
:1033E000D278022A09D123F0080330462380FFF760
:1033F00098FE08230643F6B223803046FFF791FE7D
:10340000A36893F81E210643FE2AF6B24FD1002E80
:103410004DD193F89020063A012A48D993F82831E3
:10342000B3B1A36893F82921A3F8C66083F82021DB
:1034300001210220FFF75FFD39E0012180F89210A1
:10344000FCF75BFDB0E7022380F892300121F7E73B
:10345000A06890F88F30A3F11005EDB20C2D11D8B3
:10346000113B0B2B00F25681DFE813F00C015401E5
:10347000540154010F011701540154015401540126
:1034800054014201D0F88030D90702D531460920D5
:10349000D0E79A0740F19A8031460C20FFF72BFDC8
:1034A000A26892F8D33043F0010382F8D330A568C4
:1034B000B5F8C03195F8C4810133A5F8C031B8F131
:1034C000000F00F0E581FBF7D6FE10B10023A5F850
:1034D000C031A16891F89280B8F1010F40F20E82DC
:1034E00091F89030072B40F0EB81B1F8C230022BFD
:1034F00040F20482B1F8C4500135ADB2B1F8883061
:103500002B44A1F8B83191F8C531002B00F0FF81B0
:103510000123A268B2F888100B44A2F8BC312288BB
:10352000A36855065BBFB3F8CC21B3F8BE110022E7
:103530005218A3F8CC2193F828312BB9A36893F83B
:103540009030063B012B07D8A368B3F8C620B3F828
:10355000BE110A44A3F8C620A36893F8CC0030B18A
:10356000B3F8C820B3F8BE110A44A3F8C82093F9F1
:10357000D0100029C1BFB3F8CE20B3F8BE51521904
:10358000A3F8CE2093F8B1205AB9002F40F0598209
:10359000627D022A40F00E8293F82021062A18BF8D
:1035A0001622A36893F8B0302BB9A368104883F8AB
:1035B000B120FEF774FAA06808F0E4FFA3680022C7
:1035C00083F8C321BDE8F041FDF7FDBA590702D5E4
:1035D000314613202EE71A070BD590F8183180F8E2
:1035E00020313146072025E700BF3C110020401163
:1035F000002013F0300F3FD090F82B31002B40F01B
:103600002682A36893F82A31F3B1A06890F88F302E
:10361000252B00F5957100F256222BD090F88E30B4
:10362000A3F1250CDCF1000343EB0C0308F04FF988
:10363000A268D2F8803023F0200343F01003C2F8D0
:103640008030002382F82A31A068D0F88030DA0672
:1036500040F1FD8100F24511FEF725F8A368B3F8AB
:103660005220A3F82021B3F85620A3F822210021EC
:103670001520DFE60123D9E75B0640F1E881002150
:103680002420D7E600210B20D4E6FEF77AFA0028A2
:103690003FF40DAF00210420CCE690F84832012B16
:1036A00008D100210520FFF726FCA368002283F83B
:1036B0004822FCE6A36893F84832022BD8B27FF484
:1036C000F6AEA36893F8D25006221DB183F82021EC
:1036D0000021E8E78C48032108F097F9A36893F8E4
:1036E000E23013F0040F294614BF11200D20DAE751
:1036F000002106209EE693F83421022A02D10021FF
:10370000172097E693F83421012A03D193F8353135
:10371000002BF4D0A36893F88E206AB993F88F2019
:10372000103A0C2A40F2A38193F8C020002A00F03E
:103730009E81012112207DE6092A40F0948193F8B0
:10374000192183F8202101214CE7A36893F83A312D
:103750009BB1A36893F8D33013F003050DD1012179
:103760000C20FFF7C8FBA36893F8D32042F00102B6
:1037700083F8D32083F83A519BE7A36893F82A3162
:1037800053B3A36893F82B3133BBA06890F88F3004
:10379000252B00F5957100F256221BD090F88E3043
:1037A000A3F1250CDCF1000343EB0C0308F08FF8C8
:1037B000A368002283F82A2101211420FFF79BFB34
:1037C000A368B3F85220A3F82021B3F85620A3F839
:1037D00022216CE60123E9E7A36893F83421012A4A
:1037E0004CD193F83531002B48D1A16891F88F3036
:1037F000A3F12002062A41D92E2B3FD091F8685020
:10380000012D06D0022D04D040F20B310620FAF72C
:10381000B8FB91F86900012801D00228F4D1022DEB
:1038200091F836210AD0012A14BF002201223AB9A8
:103830000A3B042B12D901211620FBE5022AF3E7EB
:10384000022891F8372117D0012A14BF0022012243
:10385000002AEDD02C480021FDF71DF9A36893F84C
:103860008E20002A7FF423AE93F84C32002B3FF4D5
:103870001EAE0121FF20DDE5022AE6E7234B1B688F
:10388000002BEBD020489847FE28E7D00121D1E556
:10389000FBF7EBFC08B1A5F8C081FBF7F4FC0028AE
:1038A0003FF417AE95F8C7310133DBB2022B85F830
:1038B000C73182BF0023A5F8C03185F8C73108E6BB
:1038C00091F8C0301BB191F88E300F2B16D1B1F8A2
:1038D000C450B1F8C23001F18000ED1A033D08F088
:1038E00001FE68B1D1F8B830D1F8B420033B9B1A7F
:1038F0009D42A8BF1D46012D3FF7FFAD0125FDE507
:103900002B46F5E700BF4011002084020020012D66
:103910007FF6FEAD91F88F3013B10B2B7FF4F8AD2D
:1039200091F88E30002B7FF4F3AD91F89030002B9E
:103930007FF4EEADB8F1020F7FF4EAAD91F8C73134
:10394000002B7FF4E5AD086905F02AFF00283FF45D
:10395000DFADA26892F81E31FE2B7FF4D9ADB2F82C
:10396000BA31012B7FF6D4ADB2F8C011138C994255
:10397000BFF4CEAD5B1A013DADB29BB29D4228BFF4
:103980001D466B1C9BB292F8772072B9A1680A6F32
:103990005AB1B1F8BE20B1F88810521A91B212B2E1
:1039A000002A02DD9342A8BF0B46A268012182F8DB
:1039B000C211AEE5012A09D193F89120002A7FF4C3
:1039C000F0ADA0680021FCF798FAF7E55EB1F006CB
:1039D00035D4310735D4B20635D4B30735D140F6E6
:1039E0004C11312013E738B1B3F8C800B3F8CA203E
:1039F000904201D32222D4E5002905DDB3F8CE1090
:103A0000B3F8CA209142F5D2B3F8C610B3F8C42077
:103A100091420BD2A36893F89210B3F8C22051B12F
:103A2000B3F8C4309342CCD80822BAE593F82831D1
:103A3000002BDFD1EEE7052AC3D93E22B1E51E22D5
:103A4000AFE53D22ADE52322ABE52A22A9E5A36837
:103A500093F88F20222A3FF44EAE312A7FF45AAEDB
:103A600000211120E6E40C2D3FF6F8AE1FE50C2DE9
:103A70007FF61DAD93F83B31002B3FF466AE01217C
:103A80000E20FFF738FAA368002283F83B2110E6E6
:103A900000BF73B5664D002401262E71A8602C80EE
:103AA0002C756C75FF2380F8C331AB681888FDF75F
:103AB00048F8AB681888FDF770F8AB68B3F8BA211E
:103AC000EAB193F81E21FE2A19D193F82831B3B137
:103AD000AB6893F89020063AB24210D993F82921A6
:103AE000A3F8C64083F8202102203146FFF703FAED
:103AF000AB68022083F8C241FFF70FF904E0AB681E
:103B000093F81E01FE28F7D1AC68B4F8BE31B4F8C2
:103B1000C021013B12FA83F2A4F8C021B4F8C220FC
:103B200099B212FA83F3A4F8C23004F1800008F0CD
:103B3000D9FC20B1D4F8B4300B44C4F8B430B4F894
:103B4000BA31012B9CBF0133A4F8BA31002609B168
:103B500084F8C76194F88F3084F8C261A3F10A0237
:103B6000012A1FD8B4F88830B4F854229B1A1904DB
:103B700032D404F2562104F1960007F0F3FBAB684F
:103B800083F88F60FF2283F8EA20A968B1F8BE218C
:103B900001F1800007F02CFCA0B340F6D7013120E2
:103BA000FAF7EFF9252B17D1B4F85422B4F888307E
:103BB0009B1A1A0410D484F88F60FFF7DAF8AB6808
:103BC000014630B983F8340102B0BDE87040FFF718
:103BD000BEBB83F83461D8E794F88E3003F0FD0360
:103BE000252BD2D1B4F88830B4F854229B1A1B0488
:103BF000CBD4002384F88E30FFF7BBF801460028B1
:103C0000C3D1E1E70B4B0B49009303C90B4B0B4AA4
:103C1000FBF7F9F9AB6893F88F30113B0B2B04D805
:103C200002B0BDE87040FBF7E6B902B070BD3C11D0
:103C300000209525010040110020752101009D1EE6
:103C4000010038B50446084694F8483213B10C25F3
:103C5000284638BD94F88F30153B012BF7D894F8DF
:103C60006C3203F0FF05002BF1D1A1B194F8DE31E5
:103C700023B940F6A1113120FAF783F9074B99686F
:103C8000052301F5807201F5E77104F046FC01237C
:103C900084F84832DCE70223FAE73C110020D0F830
:103CA0005C328269934210B5044604D1D0F86012A8
:103CB000026A914215D02288A4F89A2140F2E24289
:103CC000B3FBF2F3A4F89C31B4F86032A4F89E314F
:103CD000B4F862320949A4F8A03104F5C87007F0BD
:103CE00079FD02212046FDF7C4F9002384F88F30C6
:103CF000032384F8923010BD00BFC7AD010008B5A2
:103D0000FDF7DDFD024B024A1A6008BD00BF8802C4
:103D10000020AD210100064BD3F8000138B1D3F8E3
:103D2000040120B1D3F80801B0FA80F040097047CF
:103D300000BF00F00040034B00221A705A7010229E
:103D40009A70704700BF5411002070B506460220DB
:103D500014460D4600F09BF9064B01221A70054BE4
:103D6000033CC3F81045C3F80865C3F8045570BD9B
:103D700000BF5411002000F0004008B5022000F000
:103D800086F9084B01221A70084B0022C3F8002163
:103D9000C3F80421C3F8082103F580334FF400026F
:103DA000C3F8042508BD5411002000F000400D4A5E
:103DB00008B513787BB10C4B4FF40001C3F808151C
:103DC000FFF7A9FF60B101235370084BD3F800340B
:103DD000937000231370BDE80840002000F057B92D
:103DE00050701023F4E75411002000F0014000F05F
:103DF00000400A4B1A786AB10A4BD3F800215AB135
:103E0000D3F8040120B1D3F80801B0FA80F04009DA
:103E1000C0B27047587870470220704700BF5411F5
:103E2000002000F0004008B5074B1A783AB1FFF7C0
:103E300072FF30B1054BD3F80004C0B208BD9878CA
:103E4000FCE71020FAE75411002000F00040024B7C
:103E500000221A705A709A707047571100202DE98D
:103E6000F04104461C4D01201E468846174600F0CE
:103E70000EF904F003002E7140EA0643174E43F09A
:103E80008073C6F80435C6F8088504F0EAFC30B93A
:103E9000D6F8183523F0FF033B43C6F818350F4B0F
:103EA000104AC3F8082514F0FB0F01BF0E4AC3F8EF
:103EB0009825FC3AC3F89C250122022C6A70EC700C
:103EC00007D8054B2A700021C3F80011C3F800126F
:103ED0001A60BDE8F0815711002000F0004000F0AA
:103EE00001400000020200F10040214A537870B501
:103EF00023B94FF404713C20FAF743F81E4BC3F882
:103F00000C15C3F81005D57801249470C5B9127842
:103F10000AB9E121EFE7184AC3F804514FF400351C
:103F2000C2F80455D3F8006116B15C60C2F80855B8
:103F30000B7803704B78043343708B78837070BDBB
:103F4000042D4FF0000106D11470C3F80411C3F81A
:103F500000421C60F3E7127812B940F20D11CAE773
:103F6000C3F80411054B4FF00072C3F80425E6E7CF
:103F700000BF5711002000F0004000F00140064B48
:103F80001A782AB1064A0649C2F8081500221A70A2
:103F900000225A709A70704700BF5711002000F03D
:103FA00001400000020208B50A4B1B7823B940F219
:103FB00076213C20F9F7E5FF074BD3F8042112B92D
:103FC00040F27721F5E7D3F80004003818BF01204C
:103FD00008BD5711002000F00040164B1B7870B54B
:103FE00023B940F287213C20F9F7CBFF134CD4F8DA
:103FF0000431BBB90223C4F80433104B114E1D69C0
:104000001A6942F0100205F010051A61D4F8043163
:104010004BB125B90A4A136923F010031361022337
:10402000C4F8083370BD4FF40043C6F8803108F07F
:104030000DFDEBE700BF5711002000F0004000ED40
:1040400000E000E100E0014B01229A60704700F0BF
:10405000004008B50B4B4FF40042C3F88020BFF37B
:104060004F8FBFF36F8F074B0022C3F80025C3F8B3
:104070000025FFF784FF044B4FF40002C3F8082526
:1040800008BD00E100E000F0004000F0014038B55C
:10409000144C0023C4F80035C4F800350546FFF77A
:1040A0006EFF104B4FF40002012DC3F8082503D01A
:1040B000022D08D085B938BD0223C4F800350A4B5B
:1040C000C4F81435F7E70321C4F800150749C4F80C
:1040D0001415C3F80425EEE782213D20F9F751FFBE
:1040E00000BF00F0004000F001405C110020024BD6
:1040F00000221A809A701A7170476812002038B531
:10410000144D95F841200346084622B940F61101A6
:104110003E20F9F736FF6BB9012AEC6B95F8401099
:1041200005D100F048FE2044AB6AC01A38BD08F043
:1041300055FAF8E7012B0AD1012AEC6B95F84010EB
:1041400002D100F02AFEEEE708F053FAEBE7002078
:10415000EAE76812002008B5094B012883F820001F
:10416000084B06D0022808D040F62A513E20F9F725
:1041700008FF0322C3F8102508BD0422FAE76812DD
:1041800000200010004008B5144B93F84D30D907BB
:1041900021D59A0711D5114BD3F8002242F0010224
:1041A000C3F80022D3F8503503F0F603022B12D1E6
:1041B00040F2FE513E20F9F7E4FE5B070BD5084BB9
:1041C000094AC3F8AC25A3F5B833D3F8403113B18D
:1041D00040F20561EEE708BD00BF68120020001044
:1041E000004000F001400810004007B50B4A01AB49
:1041F00092F9212000F023FE9DF9040000F0C5FD96
:104200009DF8050000F08FFE20B140F2CF513E2016
:10421000F9F7B7FE03B05DF804FB6812002008B59B
:1042200003460F4863B92831C1600E4900F063FEB0
:104230000130012814D940F226713E20F9F7A1FE81
:10424000012B0AD12931C160074900F05AFE013023
:10425000012805D94FF4E661EFE740F23471ECE74D
:1042600008BD28000020CC22030008B50C4B9B7829
:10427000012B09D100F04BFE013001280ED940F688
:1042800062013E20F9F77DFE022B07D100F045FECA
:104290000130012802D940F66801F2E708BD681232
:1042A0000020044B03441A7E044BC3F80825C3F8CE
:1042B0005405704700BFCC2203000010004038B501
:1042C0000D460446FFF747FF2846FFF7EAFF294659
:1042D0002046FFF78AFF04F0F0FA90B10A494FF048
:1042E0008053D1F88825D3F82033022C0CBFC3F3B8
:1042F0000663C3F3062322F4FE4242EA0323C1F815
:10430000883538BD00BF0010004010B50C46FFF7DF
:1043100022FF2046FFF7C5FF0E4B5A78012A03D132
:10432000D8782146FFF761FF0B4CD4F8003243F4F4
:104330008873C4F8003204F0C0FA40B904F0CDFA32
:1043400028B9D4F8683543F4C023C4F8683510BDE3
:1043500000BF681200200010004010B5602200214C
:10436000194804F068FCFFF7C2FE04F05CFA60B183
:1043700024221548FF2104F05EFC4FF08043002208
:10438000C3F8082EC3F8102E10BD04F056FA00280A
:10439000EED104F05CFA0028EAD104F078FA08B112
:1043A0004022E6E704F069FA04460028F8D10648FE
:1043B0003822FF2104F03FFC4FF08043C3F8084E41
:1043C000C3F8104EE0E768120020000E0040024BD8
:1043D0000344187E00F516607047CC220300014BA1
:1043E00093F84000704768120020024BD86B9B6A1C
:1043F000C01A704700BF68120020094A936A906B88
:1044000092F84010C01A074B03EB81031A6CDB6C67
:10441000801A03F2F3134FF47A72B3FBF2F3C01A6B
:10442000704768120020CC22030008B5FFF7E5FFB3
:10443000034AD2E90C31C01841F1000108BD6812ED
:10444000002008B50F4A92F84010012906D0022931
:1044500014D040F2A7213E20F9F793FD40F6B83082
:10446000936B926A9B1A074A02EB8102126C9B1AA9
:104470004FF47A72B0FBF2F0184408BD4FF4FA60C2
:10448000EEE768120020CC22030008B5134B012987
:1044900083F84C0006D002291BD040F2E5213E20D3
:1044A000F9F76FFD00230D4A43F4801340F00070CC
:1044B00043F4847340F44030C2F81435C2F8180550
:1044C000D2F8503503F0F703032B05D14FF43F71B9
:1044D000E5E74FF08073E6E708BD681200200010A2
:1044E000004008B504F0E9F950B1054AD2F8743734
:1044F00023F0807323F0010343F08073C2F8743714
:1045000008BD00100040474B022270B5C3F8802060
:10451000BFF34F8FBFF36F8F444C0023C4F8FC3FB1
:104520000123C4F8FC3F04F0D8F928B1D4F83C3793
:1045300043F48063C4F83C3704F093F958B1D4F8DD
:104540003C3723F0004323F0FF0343F0004343F0E4
:104550009603C4F83C3704F0B0F9334C38B1D4F8C2
:10456000403723F47F4343F4B053C4F840372F4B14
:10457000C4F8783700F0E7FC38B14FF08053D3F837
:104580003033591C18BFC4F84C374FF01023264C59
:104590001B6E5A1C09D0D4F88C251B0403F47F032E
:1045A00022F47F021343C4F88C3540F20313C4F89D
:1045B00034351F4D40F25B63C4F838350123C4F82D
:1045C000303585F820300323C4F8103540F201233C
:1045D000C4F850360226174BC4F80062187C00F06D
:1045E000B8FC154B4FF04062C3F804250023A5F832
:1045F0004030EB6385F84D30114BD3F84035AB625A
:1046000002F0C7FD084B1022C5E90C01C3F8806118
:10461000C4F804231E602B6E03B19847BDE87040B8
:1046200000F05DBC00BF00E100E0001000402C0085
:104630000089681200202800002000F0014000805E
:104640000040014B83F82100704768120020034BA3
:10465000020E0002C3F82425C3F81C0570470010A1
:10466000004038B5044600680A4DFFF7F0FF094BDB
:104670006268C3F83C25237A85F82230617AA07AF3
:10468000FFF703FF607AFFF766FDE37A85F82130D4
:1046900038BD6812002000100040014B83F8220052
:1046A000704768120020F8B5244E96F84D30DA07AE
:1046B00005460F4604D440F259713E20F9F761FCDB
:1046C0001F4CD4F8002243F0020342F00102C4F868
:1046D000002286F84D3000BB96F822103846FFF7CE
:1046E000EEFD174A0123B370D3642360154BD3F852
:1046F0004C4528462146FFF792FDB06A241ACDB9F1
:10470000114901EB47074FF47A71B7F8580000F5EB
:10471000FA70B0FBF1F02044F8BD0128E6D196F81C
:1047200022103846FFF7F1FD0223B370054BDD641C
:104730006560DBE704F12900EEE768120020001055
:10474000004000800040CC220300F8B53C4C0D46F0
:104750001646074600284ED1104694F82210FFF75F
:10476000AEFD22780123A3709A42354B4FEA4606EC
:104770001E4430D1B6F85E304FF47A7203F5FA7306
:10478000B3FBF2F3ED1AA16A2F4A2F4E304B0D44C2
:10479000C6F84055C2F8A835636C43F4002363643F
:1047A0004FF40023C2F804352378002B3AD194F853
:1047B0004D3043F0020384F84D30FFF7E4FC012351
:1047C000F364D6F84C25954233D80022C6F840252C
:1047D000204A1361F8BDB6F858304FF47A7103F5EA
:1047E000FA73B3FBF1F3ED1A002ACCD1164B184A39
:1047F000C3F8AC25C7E701280FD194F82210104662
:10480000FFF783FD0223A3702378012BBBD0293D42
:10481000002BB8D10C4B0F4AEAE740F2C9713E2099
:10482000F9F7AFFB012BC8D194F84D3043F00403E6
:10483000C1E729463846BDE8F840FFF7F0BC6812EA
:104840000020CC22030000F00140008000404081A5
:1048500000400010004004100040224B13B510220D
:104860002249D3F80443C3F808230222C1F8802167
:10487000C3F800221E4A002182F84D101D4A4FF451
:104880006020C2F80805D3F85025D2B204F0100415
:10489000DAB1FF228DF807200122C3F810111A6146
:1048A0009DF8072012B1D3F810213AB19DF80730D6
:1048B0005BB940F651013E20F9F763FB9DF80720F4
:1048C000013AD2B28DF80720EAE7FFF7CEFC05499E
:1048D0000023C1F81031FFF70AFC14B11023C1F80E
:1048E000043302B010BD0010004000E100E0681287
:1048F000002000F0014038B51A4D0024C5F84845A5
:10490000C5F84445C5F84045C5F84C45FFF7A5FF37
:1049100000F0EBFA144B14495A6C42F04462C1F8AF
:104920000825C3E90E445C641C76104BC5F8484565
:104930000222C5F84445C5F84045C5F84C45C5F8C0
:104940004841C5F84441C5F84041C5F84C41C3F859
:104950008020BFF34F8FBFF36F8FC3F8802138BD26
:1049600000BF008000406812002000F0014000E11C
:1049700000E0014BC3F83C0570470010004010B543
:104980000FC8014C84E80F0010BDCC120020064B6C
:10499000C3F80405064B93F84D20986442F00102D9
:1049A00083F84D20FFF7EFBB00BF001000406812F6
:1049B000002008B5134B9A6A1044DA6B824204D384
:1049C00040F6C5013E20F9F7DCFA0E4AD861012114
:1049D00019765164D2F84415884202D840F6CE01C7
:1049E000F0E70021C2F84411C2F844055A6C42F4C1
:1049F00080025A64054B4FF48002C3F8042508BDB9
:104A000000BF681200200080004000F0014010B597
:104A10000F4C034694F8410094F8401002220128FC
:104A200022764FF0960094F820200CD100F0D1F9B6
:104A3000084AE0610023C2F84431E36BE1690B44AA
:104A4000C2F8443510BD00F0DEF9F1E700BF68128E
:104A5000002000800040044BC3F86005D3F800221A
:104A600042F04002C3F80022704700100040054B9E
:104A7000D3F8002222F04002C3F800220022C3F83B
:104A80006025704700BF00100040044BD3F8483544
:104A900003F07F035B4203700120704700BF0010EA
:104AA000004008B50D4B0246D97008460021197028
:104AB00082B901225A709A78022A0DD193F82210F5
:104AC000FFF793FB064AD2F8003243F48873C2F82A
:104AD000003201E002225A7008BD68120020001066
:104AE0000040024B0022C3F84025704700BF008001
:104AF0000040044B30B5D3E914459B6DC0E9004537
:104B00000B6030BD00BF681200202DE9F843924DC4
:104B1000934C0123EB64A36AD5F84C7594F84C9040
:104B2000FF1A03F0AAF80026C4E91406A765FFF7E8
:104B30009CFB8B4B626CC3F808258A4A6664D2F8EA
:104B4000003223F48E7323F00103C2F80032237E77
:104B500084F84D6023B1D5F844319B1B18BF012365
:104B6000A178012938D1D2F80C31002B0CBF0025D7
:104B7000082515F00B0F7B4B04D1D3F810210AB197
:104B800045F010050022C3F80021C3F80C21C3F83A
:104B90001021C3F80421C3F8082105F01803102BD5
:104BA00003D1012908BF45F020056B4B6678D3F887
:104BB0004825E263D3F84435A36394F8203084F8A1
:104BC000403084F84110EEB9FFF791FA2676EF07EE
:104BD00061D5636E98478EE0022911D1624AD2F8FE
:104BE0000C01D2F8002400280CBF00250225D207B2
:104BF00058BF45F00405002BBBD045F00105B8E7D0
:104C00000025B6E715F0110F21D12379B6F101087F
:104C100018BF4FF00108012B26781CD0022B2FD093
:104C20009BBB96214046FFF76AFA0146FFF75FFA01
:104C3000012E07D13B378F422AD8474B26700022DE
:104C4000C3F84021E2784046FFF77FFD01E0FFF71F
:104C500004FE0026BBE74448FFF703FD94F841300B
:104C600023B94FF4EA613E20F9F78BF9012B04D107
:104C7000FFF7E7FB61690144D8E7FFF7BEFBF9E7FF
:104C80003A48FFF7EEFC6169D0E740F63E21EAE7DB
:104C9000354B1E619BE7A80745D503F00EFEE8B92A
:104CA00003F01BFED0B92F4BD3F85034D90115D5E2
:104CB0001A0705D013F0F00F02D013F4706F0DD166
:104CC000294AC3F304410129D2F8542406D1012A08
:104CD00004D0C3F34253022B7FF67BAFA36C5B7807
:104CE0004B4588BF45F0040585F00400A36E3146AE
:104CF000C0F380009847A378022B12D1237E83B1A2
:104D0000022B154A1DD1E36BE1690B44C2F844350F
:104D1000636C43F480036364124B4FF48002C3F866
:104D20000425BDE8F88315F0280F06D085F0200192
:104D3000E36EC1F340113046DCE7EB06DBD5236FB1
:104D400048E7012B02D040F61E418CE7E369E16B96
:104D50008B42DBD840F61F4185E700800040681297
:104D6000002000F001400010004070120020024BB3
:104D700003EB8003186C704700BFCC220300014B8B
:104D800053F82000704718230300024BC0B2C3F849
:104D90000C05704700BF00100040054B33F8113080
:104DA00002384FF47A7203F2E733B3FBF2F318449C
:104DB00070473C230300054B33F811304FF47A72EF
:104DC00003F57A73B3FBF2F31844704700BF3C233A
:104DD000030038B51D460A4B33F8111003EB82036C
:104DE00005359C6821444FF47A7301F6B73103FB13
:104DF00000141046B4FBF3F4FFF7B9FF2C44204431
:104E000038BD3C23030070B5064608461546FFF73B
:104E1000B6FF094A02EB850293684FF47A7203F6F3
:104E2000B73302FB06331C1A2846B4FBF2F4FFF733
:104E30009EFF0530204470BD00BF3C2303002DE9D8
:104E4000F74F244C074698460D46164600F0A3F847
:104E50002378BB42814611D16378AB420ED194F9DD
:104E60000230B3420AD1E378834207D1A388A8F87D
:104E7000003094F9060003B0BDE8F08F781EC0B290
:104E800003280ED8DFF854C00DF107031CF800000A
:104E90003246294600F085F8824638B13D2175201A
:104EA00002E040F25F410620F9F76BF828469DF9D1
:104EB00007B0FFF78CFA534602464146584600F0C9
:104EC00038F8B8F80030A071A38027706570A6701C
:104ED00084F80390CDE74000002050230300014BED
:104EE0001B685B6818478C020020014B1B689B689D
:104EF00018478C020020014B1B681B6918478C0265
:104F00000020014B1B685B6918478C020020014B95
:104F10001B689B6918478C020020014B1B68DB69EA
:104F200018478C020020014B1B68DB6A18478C0273
:104F3000002010B4034C2468E468A44610BC604709
:104F400000BF8C020020014B1878704700BFB817D3
:104F5000002000220F4938B50446134644FA02F0F7
:104F6000C007D5B248BF581C02F1010244BFCD545E
:104F7000C3B2042AF2D1064DC3F10402042BD2B20B
:104F80004FF0FF0188BF0022E81803F054FE2C7197
:104F900038BDC4170020014B187D704700BFE012D8
:104FA0000020042810B511D883B104280CBF1024A8
:104FB0002824A1420AD2064C54F8200018B14156C8
:104FC0008A42A8BF0A461A70002010BD6FF0150073
:104FD000FBE7E012002030B50346114890F91C2091
:104FE0009A4219DD90F924209A4217DA9A1A846AB3
:104FF000A05C0C4A15569D420DD00E32002918BFF8
:1050000001309442C0B206D129B1013BDBB2012B81
:1050100001D80130C0B230BD0D20FCE70020FAE716
:1050200000BFE01200205423030008B5054B93F99C
:105030001C30984203DAFFF7CEFF024B1B5618468E
:1050400008BDE01200205423030010B51C4C94F856
:105050002C3073B9012384F82C3003F0F8FB48B1ED
:10506000184BA362D823236284F824300823A36159
:10507000237710BD03F001FC0028F1D103F007FCF9
:105080000028EDD103F0C5FB38B10E4BA362D82345
:10509000236284F824300423E9E703F0C4FB0028EA
:1050A000F3D103F0CAFB0028EFD103F0DAFB0028AC
:1050B000EBD14FF4DF71742003F07BF900BFE012F5
:1050C00000208F230300622303004FF0804201235E
:1050D00053600023C2F80031014A137070470D136A
:1050E0000020014B01221A7070470D1300204FF071
:1050F0008043D3F8003123B9034B187800F0010046
:1051000070470120FAE70D13002070B50A4D012603
:1051100004462E70FFF7EBFF30B94FF080436E70FE
:105120006C60C3F8046370BD002CFCD0A047002362
:105130006B60F8E700BF10130020024B00221A70CA
:105140005A705A6070471013002010B5034C20812C
:1051500000F02BFD608110BD00BF10130020014B3B
:105160009889704700BF10130020014B18897047C1
:1051700000BF10130020014B5889704700BF101367
:10518000002008B509B3F8B14FF0FF331A46E0FB31
:1051900001320E498A4204D94FF4EA716D2003F0BE
:1051A00008F9180D40EA0230C3F30F134FF22441FF
:1051B000B0FBF1F203EB0040064B03FB1200B0FB27
:1051C000F1F040EA0240013008BD0846FCE73F42EA
:1051D0000F00000024F410B5EFF3108472B6064AF5
:1051E000937B0133DBB29373937B012B01D107F0E7
:1051F0004DFA04B962B610BD00BF1013002038B5D7
:10520000FFF7E9FFFFF773FF094C4FF0804540B10E
:1052100007F066FA01232B610423E3730023237450
:1052200038BD0323E3730123C5F80433F6E71013F5
:10523000002010B5EFF3108472B6094A937B23B9AE
:1052400040F2F1116D2003F0B4F8937B013BDBB227
:105250009373937B0BB9FFF738FF04B962B610BDA7
:1052600000BF10130020024BD87B003818BF01206C
:1052700070471013002073B51B4D6B7C63B9E86950
:1052800000F0030007F01CFA30B1EFF3108372B6A0
:10529000EA7B1AB103B962B602B070BD0122EA73AB
:1052A00003B962B64FF080430822C3F808234FF4D5
:1052B0002073ADF80630BDF80640A4B2631E9BB261
:1052C000ADF80630002CF6D14FF080460748C6F8FE
:1052D0000C4107F09DFB85F82140FFF790FF082364
:1052E000C6F80433D8E710130020301300202DE94E
:1052F000F041384C94F82230002B69D04FF08043B5
:10530000D3F80071D3F8046157B10122C3F8082320
:1053100063782BB16368002565700BB198476560B1
:105320004EB14FF080430022C3F804210222C3F89B
:105330000823FFF7A0FF4FF080462748D6F80C81DE
:1053400094F82150EDB207F067FB20B140F28D21B7
:105350006D2003F02EF847B1E37B032B05D1042326
:10536000E37307F0BDF901233361B8F1000F16D0E4
:105370004FF080430022C3F80C21E37B042B02D0C2
:1053800040F2AB21E4E703F08CFAC0B14FF0804368
:105390000022C3F8342C0223E373FFF74AFF4DB118
:1053A000002384F82130E37B022B01D1FFF727FF94
:1053B000FFF73FFFBDE8F041084807F03CBB03F0B2
:1053C00050FA0028E2D103F062FA0028DED1E2E7C9
:1053D000BDE8F08100BF101300203013002010B58D
:1053E000044CE06900F0030007F06AF90028F8D0E7
:1053F00010BD10130020F8B5054650B10278042AFC
:1054000007D8437842B9013B1F2B02D88378212B60
:1054100007D96FF0150077E0002BFAD18378002BC5
:10542000F7D1814B0127C3F88070BFF34F8FBFF3D3
:105430006F8F4FF08046C3F880717C4C4FF0FF3384
:10544000C6F808330023C6F80031C6F80431C6F8A0
:105450000C31A373AB88A38107F01DF908B1277045
:10546000A773D6F80C24D6F80C34D20303D5DF0783
:1054700001D5FFF736FE4FF4AF60FFF766FE2B78DD
:10548000A97863740022E261A1742274042B4ED8BF
:10549000DFE803F005033B494B000123E36107F01C
:1054A00001F900284ED007F004F9E36903F0030383
:1054B000984247D1AB79002B3ED1FFF790FFA37CF8
:1054C0006BB12B785BB9FFF712FE054603F0E7F8E6
:1054D0006FF00043002D00F0A580C4E905034FF0F4
:1054E0008043D3F80C24D3F80C34D20303D5DB0764
:1054F00001D5FFF7F6FD4C4A01230020E07384F844
:105500002230C2F880311360F8BDFFF764FE4FF01F
:105510008043D3F80C14D3F80C24CE03F9D5D0076C
:10552000F7D50223BAE7424BB8E7424BB6E740F261
:10553000FD316D2002F03DFF4FF080430222C3F8A1
:105540000423BCE74FF080430122DA600022C3F855
:105550000421E269C3F8182503F05BF910B34FF09A
:1055600080534FF08042D3F84432C3F34233C2F841
:105570003C3503F04EF910B34FF080430122C3F8DD
:105580004C254FF0804301229A600222C3F8042385
:10559000AA79002A93D1D3F8042391071CD44FF49D
:1055A0006D71C6E703F03FF90028D8D103F045F943
:1055B0000028D4D103F055F90028D0D1D9E703F061
:1055C00032F90028D8D103F038F90028D4D103F0FB
:1055D00048F90028D0D1D4E7184A1669116941F07A
:1055E00010011161D3F8043106F010060BB907F071
:1055F0002FFA4FF08047D7F8043183B1FFF7EFFE61
:1056000026B90D4A136923F0100313614FF080434C
:105610000222C3F808230022C3F804214FE707F051
:1056200015FAE8E7C4E9053059E700E100E0101396
:105630000020010002000100030000ED00E010B5B1
:105640000D4C04F1200007F0E7F948B9E37B022B89
:1056500001D1FFF7D4FDBDE81040074807F0EBB9D2
:10566000074A012384F82130BDE81040C2F8003118
:10567000FFF7B1BD00BF101300203013002000E180
:1056800000E0064B1A7810B5044632B901221A70B0
:10569000FFF7A1FD2046FFF738FD002010BD3313B2
:1056A000002010B5054C23782BB1FFF746FD0023F1
:1056B0002370FFF7BEFD002010BD3313002003460A
:1056C00010B3007888B91A79012A1ED85A79012AAC
:1056D0001BD89A680E49643A8A4216D8D8680C4B8F
:1056E00098422CBF00200120704701280CD11A7964
:1056F000012A09D85A79012A06D8DA680449643A95
:105700008A4201D89868EAE70020704700BF3C86CB
:1057100001000040420F10B5054C236813B19847B3
:1057200000232360BDE8104001F0A5BB00BF341387
:10573000002038B5044620B94FF4D5716A2002F034
:1057400038FE90F82850072900F2EC80DFE801F0DD
:1057500004464676808AA39190F82630033B012BBD
:1057600002D940F2B511E9E7052390F8241080F83A
:105770002630002380F8293061BB714B0122C3F829
:105780004015C3F84011C3F84415C3F84411C3F8D9
:105790004815C3F84811C3F84C15C3F84C11DA602A
:1057A00006F0E6FF2378012B0FD101F0F2FCC4E9EB
:1057B0000601236A0021284698470146204606F044
:1057C000EEFF022840F0B18038BDD4E90423C4E9DB
:1057D0000623EEE7BDE83840FFF79DBF90F826307E
:1057E000DA1E012A02D94FF4EB71A7E790F82420C2
:1057F0002AB121462846BDE8384006F09FBF042B59
:105800000CBF02230123012980F82630036A0AD144
:105810000521284698470028D6D00378002BD3D0FE
:1058200040F2EB118AE70621284698470028CBD0A2
:105830000378002BC8D04FF4F8717FE790F826303A
:10584000052B02D040F2F71178E7036A0221B2E794
:1058500090F82630052B02D040F2FD116EE7036A66
:105860000121A8E790F82630052BB3D040F20321A0
:1058700064E790F82630052B02D04FF402715DE703
:10588000036A0A21284698470146204606F087FF0A
:1058900040F20B2152E790F82630052B07D090F804
:1058A00025200AB1032B02D040F20F2146E794F8DD
:1058B0002420002A9DD194F8293093B1022384F842
:1058C000263084F82920236A082128469847002892
:1058D0003FF47AAF0378002B3FF476AF40F21B2100
:1058E0002CE794F8252062B194F8270084F825303D
:1058F000214601F04EFD00287FF466AF4FF4087199
:105900001CE7022384F826300721236A284698479B
:1059100000283FF459AF0378002B3FF455AF40F215
:1059200027210BE74FF40B7108E720B1012805D1BF
:10593000236A04213FE7236A03213CE740F23D212B
:10594000FCE6008000402DE9F8438846074680B316
:1059500000F037F84FF0000905465FFA89F6AE42CD
:105960000AD2304600F033F890F8264009F10109D8
:10597000002CF2D1FF2E03D16FF00B00BDE8F883AD
:10598000304600F024F80546848480F8264080F8EC
:10599000286001460A4801F0B6FB202885F8270058
:1059A0000AD001232F6285F82630204688F800604F
:1059B000E4E76FF01500E1E76FF02200DEE77949D8
:1059C0000100014B1879704700BF38130020054BC8
:1059D0001A79824283BF1B6800EB400003EB001082
:1059E0000020704700BF3813002010B510F00304EA
:1059F0000A460BD107490A71086030B102EB420236
:105A00001201214603F017F9204610BD6FF00D007A
:105A1000FBE73813002043F60952C0F3080302FBEA
:105A200003F3400A03F5807302FB00F000EB532000
:105A3000704743F6095CC0F3080210B50CFB02F294
:105A4000C0F34E24030E43EA01230CFB04F0090EBD
:105A500002F580724FEA411C00EB52205A01B2EB72
:105A6000030E4CEAD36C6CEB01044FEA841C4FEA42
:105A70008E12B2EB0E024CEA9E6C6CEB040C4FEAF9
:105A8000CC0C4CEA527CD200D31841EB0C01DA0367
:105A9000C903801841EA534141F1000110BD430B95
:105AA00048F2376C0CFB03F34FEA134C00B5104B74
:105AB00043F6095E0EFB1C0000FB03F35B0D0EFBBF
:105AC00003FE03EB4C230EF5745C0CF1080CB0EBF9
:105AD0005C2F08D80EF5807EA0EB5E20C0B20B6074
:105AE00010705DF804FB013300200B6010705DF84E
:105AF00004FB6F0C0100F8B5274DA94246D8264E8D
:105B0000274F450F45EAC105A6FB0514C0F34F31E9
:105B1000A40B01EB054107FB1411A6FB0151890BF6
:105B200041EA04411F4C04FB110448F2376C600B3E
:105B30000CFB00F04FEA104C43F6095E1A480EFBCE
:105B40001C4505FB00F0400D0EFB00FE00EB4C2059
:105B50000EF5745C0CF1080CB5EB5C2F12D80EF549
:105B6000807EA5EB5E2E5FFA8EFE069D85F800E036
:105B70000D0628184FEA112141F100011860596003
:105B80001460F8BD01304FF0000EEEE796219B2027
:105B900002F00FFC00BFFF7F841E83DE1B4300006A
:105BA00024F40080841E6F0C0100420B48F237631E
:105BB00003FB02F2120C43F6095C074B0CFB1201CB
:105BC00001FB0333013B5B0D0CFB03FC5002B1EB0B
:105BD0005C2F88BF0130184470476F0C01001F28EC
:105BE00010B59FBF054B182460431C189DBF19506A
:105BF00062600120002010BD00BF4013002008B5E6
:105C0000064B93F80023202A03D12D21022002F015
:105C1000D0FB83F8280308BD00BF4013002008B55F
:105C2000064B93F80023202A03D13321022002F0EF
:105C3000C0FB93F8260308BD00BF4013002010B539
:105C4000094A92F80033202B03D13E21022002F0B2
:105C5000B0FB18214B43D018BDE81040D358406822
:105C60000321184700BF40130020074B4FF0FF32BD
:105C7000C3F808230022C3F84025C3F84021C3F825
:105C80004425C3F84421704700BF008000400C4BFE
:105C90000D491B78012B14BF4FF4E0224FF4C022B2
:105CA000C1F8482318BF0023C1F80823074A990008
:105CB0000A440021012B42F8041B00D17047012344
:105CC000F8E77816002000B0004040B1004070B501
:105CD000EFF3108472B6094A0A4B0025D2F8041576
:105CE000D2F804612EB1596801315960C2F80451EB
:105CF000F4E75B6804B962B6C0E9001370BD00B098
:105D0000004078160020094BD3F80435C01A20F063
:105D10007F4323F001033BB120F07F40B0F5000F3B
:105D20008CBF0220002070470120704700BF00B0E8
:105D3000004008B5124BD3F8042522F00302C3F843
:105D40000425D3F8082542F00302C3F808251022E1
:105D500092FAA2F2B2FA82F2092A04DD094840F26C
:105D6000913102F01CFBC3F810250122DA60054BCB
:105D70004FF48072C3F880211A6008BD00BF008014
:105D80000040D64F030000E100E0114B4FF40062E9
:105D9000C3F88020BFF34F8FBFF36F8FC3F880210C
:105DA0000D4B01225A609A60D3F80425002AFBD1DA
:105DB0000A49C3F808134FF4E021C3F84813C3F8A5
:105DC0004021C3F84421C3F84821C3F80421704797
:105DD00000BF00E100E000B000400200070008B58D
:105DE0000A4B4FF48072C3F88020BFF34F8FBFF38C
:105DF0006F8F0649C3F8802101204860FFF735FF07
:105E0000044B086100221A7208BD00E100E0008026
:105E100000407816002038B5244CFF234FF0FF32A5
:105E2000002563724FF0FF33C4E9042325706560D9
:105E3000FFF7D5FFFFF7A9FF1D4A1D4BC2F800521F
:105E40004FF400611960A0691B4930B901230B6050
:105E5000194B0222C3F8042338BD174B184CC3F862
:105E6000A845C3F8AC05C3F85C194FF40021C3F88A
:105E700004150521C2F8401501211160D2F8401126
:105E80000029FBD04FF40021C3F80815012151600F
:105E9000D1600021C2F84011C2F84015C3F8A8151E
:105EA000C3F8AC15C3F8AC15D2E778160020008013
:105EB000004000E100E000B0004000F001404081FF
:105EC0000040014BD3E90401704778160020014BD4
:105ED000D3F80405704700B0004013B56846FFF7DB
:105EE000F6FEDDE90004FFF796FD024B0021E4FB1E
:105EF000030102B010BD0080841EB1F1FF3F08BF56
:105F0000B0F1FF3F2DE9F041404C05460E4638D137
:105F10003F4DD5F800317BB33E4E3E4BC6F80835B9
:105F20004FF00008FFF7B3FE84F80980FFF757FF32
:105F3000FFF7FFFE394BC5F80081384FC6F8A8358A
:105F40004FF40023C6F8AC75C6F8043506F04BFDD7
:105F5000D5F800312BB10123C5F800817B60FB60CF
:105F6000F4E7013041F100010223C4E90401237088
:105F7000FF236370BDE8F08106F035FDC51C41F1DB
:105F80000006D4E90473B34208BFAF42F2D0204BFD
:105F9000214AC3F80825FFF77AFE1C4A4FF48031E6
:105FA00025F07F480023C2F808134046C2F8481382
:105FB000C2F84031FFF7A7FE20B140F202316C2059
:105FC00002F0F7F9C2F84085C2F844132378012B98
:105FD00006D127F07F473846FFF795FE0128FAD013
:105FE00000236372FFF7FBFEFFF7A3FE094A0123BC
:105FF0004FF000412370C2F8041504226270034A76
:10600000C4E90456C2F84833B4E77816002000B05B
:10601000004000F001400000088000B10040008016
:106020000040012837B508D9041FE4B2022C19D961
:1060300040F29D316C2002F0BCF9234900F11002BE
:1060400001239340C1F8083300F5A873002241F8FA
:1060500023201E4B81005A5053F820300093009BA0
:1060600003B030BD1B4D2B7893B16A7882420FD1BB
:10607000194A1949C2F80815012B01D1FFF7AFFEE3
:1060800000232B704FF0FF324FF0FF33C5E904239C
:10609000134A4FF48033A340C2F80833C2F84833A0
:1060A00004F5A87352F82300FFF72DFE012818BF4E
:1060B0000C4B22B24FEA84041CBF00211951084B3B
:1060C00053F822300193019BCAE7008000404081D1
:1060D00000407816002000F001400000088000B069
:1060E000004040B10040012870B52D4B06D9041F77
:1060F000E4B2022C2DD940F257310BE0D3E9044130
:10610000B1F1FF3F08BFB4F1FF3F06D11B7A23B9BD
:1061100040F22F316C2002F04CF912B940F23331C9
:10612000F8E72049012300F1100403FA04F4C1F850
:10613000044300F5A87441F824208B64D1F8485535
:106140000024AA42C1F8484526D8FFF76AFF204636
:1061500070BD197829B15B78834202D140F2533186
:10616000D8E7114B124E22F07F41A20013444FF4A6
:106170008035A5400022C6F808530846C6F84853A3
:106180001A60FFF7C0FD48B904F5A87446F824105A
:10619000C6F80453C6F844530120D9E71046D7E7A0
:1061A00000BF781600200080004040B1004000B0E1
:1061B000004010B50A4B0446012210B1C3F8442335
:1061C00010BDC3F84823FFF70AFE054B4FF0FF3020
:1061D0004FF0FF31C3E904011C70F1E700BF00B0CC
:1061E000004078160020F8B5164D164E00244FF4E6
:1061F0008037D5F8043307FA04F21A4212D056F861
:1062000024307BB1002346F8243004F5A87355F8F8
:106210002300FFF778FD28B1201DC5F80823C0B280
:1062200001F00DFC0134032CE3D1054BD3F804211C
:1062300032B10022C3F80421044A53680133536089
:10624000F8BD00B0004040B100407816002038B5DD
:10625000224C637AFF2B39D0237883B10122022BA1
:1062600022722DD11E4B4FF40022C3F808250023C3
:1062700023704FF0FF324FF0FF33C4E90423184D71
:10628000D5F804339A0309D5D5F8443133B14FF426
:106290000033C5F80833012001F0D1FBD5F80433F1
:1062A000DB0319D5D5F84031B3B14FF48033C5F8CD
:1062B0000833FF2363720020BDE8384001F0BFBB04
:1062C000022360782370FFF7ACFED8E7054BD3F8C4
:1062D00004330BB10720EFE738BD7816002000F03B
:1062E0000140008000402DE9F04F93B01C4604921D
:1062F000CDE90201FFF7E5FD182301910646B849F3
:10630000082004EB440213FB0404631801EBC202EF
:10631000083265581F7BD3F8048093F80D900597D9
:106320000FCA0CAC25F07F4A84E80F005046FFF7F7
:1063300072FBAC4B7C1C9842044400F288819C4266
:1063400000F39380002C55DBFEF7D1FEB9F1010F6D
:10635000834608D0A54FD7E90223B3F1FF3F08BF1A
:10636000B2F1FF3F4BD006F0DCF9019B0690B3F190
:10637000FF3F08BFB6F1FF3F03D0B54278EB030300
:1063800078D2029B0322EB1A934269DBBBF1000F28
:1063900000F0E88000230793029BB5EB030B039BFF
:1063A00068EB030706F0BDF90930C217834577EBA8
:1063B000020380F0DB80049B012B00F0E180079B4F
:1063C000002B5AD1019BB3F1FF3F08BFB6F1FF3F4D
:1063D00053D0721B63EB0803042A73F1000180F2AF
:1063E0002881012A73F100033ADADDF81CB026F0A7
:1063F0007F4A52E004F1F45404F59024A4E7002805
:10640000B1D106F08EF9019B0690B3F1FF3F08BFB2
:10641000B6F1FF3F00F0A380B54278EB0303C0F074
:106420009E803B7C002B069B14BF00221A463346FD
:10643000EB1A9A4214DC01230793D7E90232B2F136
:10644000FF3F08BFB3F1FF3FA6D00699EB1A68EBF8
:1064500002028B4272F100039ED2B9F1010F9BD070
:106460000024204613B0BDE8F08F04F1614404F528
:10647000F70469E73346002285E728464146FFF7DF
:106480003CFD4FF0000BB8F1FF3F08BFB5F1FF3FF7
:1064900000F0E2802E46CDF804805046FFF7BBFAAC
:1064A000534B221A9A420DD3001B98427CD34D4B7A
:1064B0009A4200F2B380984240F2D880C0F1614223
:1064C00002F5F702D3170020FFF70DFE044600285F
:1064D000C6D0454FB9F1010FD7E9022366D0BBF111
:1064E000000F40F08880B3F1FF3F08BFB2F1FF3FDB
:1064F00000F0A6800120FFF75CFE3B7C002B40F003
:1065000092806A1E68F100030620FFF7ECFD002868
:1065100042D0B9694FF0804200230B60C2F80835C1
:10652000059B8DF83C3000238DF8403008934FF0E8
:10653000FF324FF0FF33CDE90C58CDE90A238DF837
:106540003D9008AE0FCE2A4D0FC50FCE0FC596E871
:10655000030085E80300204613B0BDE8F08F029BDE
:10656000C21C65E7214FCDF81CB066E7B9F1010BFD
:106570002846414618BF4FF0010BFFF7BEFC82E7EB
:10658000019BB3F1FF3F08BFB6F1FF3F73D026F088
:106590007F4A4FF0000B80E7BA694FF0804101233A
:1065A000C1F808351360BBE742428BE7B3F1FF3F08
:1065B00008BFB2F1FF3F24D1BBF1000F9DD0069B75
:1065C000F21A019B4FF0050063F10003FFF78BFD0A
:1065D000002846D03B7C002B93D101233B7490E7ED
:1065E00000BF40130020FF7F841E9816002000404B
:1065F000420F48160020B3F1FF3F08BFB2F1FF3F42
:10660000DDD006F084F84FF0FF324FF0FF33C7E9DA
:106610000223BBF1000F3FF470AFD0E702F1F45258
:1066200002F590224EE70520FFF7FBFC00233B74A8
:1066300067E728464146DDF81CB0FFF75EFC22E71D
:1066400006F063F806F0CFF9C7E9020152E740F21D
:106650000F41702001F0ADFE40F21671702001F084
:10666000A8FE40F22121702001F0A3FE40F2CF717C
:10667000702001F09EFE40F27A61702001F099FED8
:1066800000BF2DE9F04F8D4F7C7C04EB44033B446D
:1066900083B05D78202D48D08A4BE6B26400002B91
:1066A00000F08980884BDFF82092002B5FD005EB4B
:1066B000461207EB420A4FEA46189AF81C30013B93
:1066C000DBB2052B34D8814A12F803B0BBF1080FB6
:1066D0002ED0AFF30080EFF3108372B634443C4405
:1066E0009AF81D206270A278AA4204BF2022A270EC
:1066F00013B9AFF3008062B6A84405EB450509EB7A
:10670000C50207EB4808506859F835300122594650
:1067100088F81C2098477C7C04EB44033B44E6B299
:106720005D78202D4FEA4404C1D103B0BDE8F08F5D
:1067300040F24561702001F03CFE62B6A84405EBD2
:10674000450509EBC50207EB4808506859F8353094
:106750000122594688F81C2098477C7C04EB4403AE
:106760003B44E6B25D78202D4FEA4404DDD005EBD2
:10677000461207EB420A4FEA46189AF81C30013BD2
:10678000DBB2052BD4D8514A12F803B0BBF1080F85
:10679000CED0AFF30080EFF3108372B634443C44A4
:1067A0009AF81D206270A278954204BF2022A27040
:1067B000002BC3D1C1E7434BDFF814B1DFF80CA1C4
:1067C0004FF02009002B4FD005EB461207EB420299
:1067D0004FEA4618137F013BDBB2052BA8D81BF804
:1067E00003100829A4D0EFF3108372B634443C445C
:1067F000527F6270A278954208BF84F80290002B05
:1068000052D0A84407EB480805EB45050AEBC50242
:106810005AF835305068012288F81C2098477C7C53
:1068200004EB44033B44E6B25D78202D4FEA440478
:10683000CAD17AE762B6A84405EB45050AEBC50262
:1068400007EB480850685AF83530012288F81C20B8
:1068500098477C7C04EB44033B44E6B25D78202DF2
:106860004FEA44043FF461AF05EB461207EB4202E6
:106870004FEA4618137F013BDBB2052B3FF658AFBA
:106880001BF8031008293FF453AFEFF3108372B6DF
:1068900034443C44527F6270A278954208BF84F829
:1068A0000290002BC7D1C5E70191AFF3008062B61B
:1068B000A844019905EB450507EB4808A6E798169B
:1068C0000020000000000000000040130020C02352
:1068D00003002DE9F04F85B0DFF80C81019301EB47
:1068E00041034FF0200C18F8034003916445924691
:1068F00082F800C073D04B01DFF8F09006469B464B
:1069000010E0727B012A02D0427D012A57D00BEBA6
:10691000040308EB43038AF800405B7F202BA44666
:106920005DD01C4604EB440009EBC000D0E9032312
:1069300087683568716813EB070E42F100027545F0
:1069400071EB02024FEA4403DBD21D46019B83F840
:1069500000C0039B4FEA431B281909EBC0003768AE
:10696000B368D0F808A07268C168DB1942F1000270
:106970009A4571EB020310D3437D012B02D0737B48
:10698000012B03D0012005B0BDE8F08F05F0C9FE52
:10699000AAEB070701308742F4DA019A254409EB94
:1069A000C5051470A97DB27B0BEB0403914208EB83
:1069B000430310D95C7F202CE4D06500CCE7029320
:1069C00005F0AFFEED1B01308542A0DA029B9AF87C
:1069D00000C01D46BAE7002005B0BDE8F08F019B5E
:1069E0001C70CFE700BF98160020401300202DE94F
:1069F000F04F83B00C4615461E469DF83070FFF7E9
:106A0000D4F822686368451946F10006954276EB92
:106A1000030342D3DFF88C8005E05D4576EB090384
:106A20003BD3C4E900B90DF107030DF10602394665
:106A30002046FFF74EFF88BB9DF8073003EB43036A
:106A400008EBC303D3E902A01A691AF1030B40F162
:106A5000000012EB0B0B627B40F10009012ADCD035
:106A60005B7D012BD9D105F05CFEABEB0A03013055
:106A70008342D2DA9DF8073003EB430308EBC303EC
:106A8000D3E902B905F04DFE013010EB0B0B49EBD9
:106A9000E0795D4576EB0903C3D2002003B0BDE881
:106AA000F08F401300202DE9F04715461C46127860
:106AB0002F7A95F809C088B00023E360C4E9003359
:106AC000A7739DF8408084F80DC00646A360E2736A
:106AD0000F46002A3AD1FEF7ACFFD5E9042C3C4B17
:106AE000C31841F1000E9A427CEB0E030AD3013E1B
:106AF00047F1FF37C4E900674FF47A73A36008B029
:106B0000BDE8F087263041F1000182427CEB0103B1
:106B1000EDD3501E04F10C036CF10001009304AAA4
:106B200006ABFEF7E8FF049B686802330DF10F0225
:106B300005A91844FEF7B3FFDDE9053207999B1A52
:106B400023F07F43C4E90021A360D8E7224804F181
:106B50000C0206A9FEF7A3FF204B1B78202B24D0A4
:106B60001F490B69D1E90521083342F1000A13EBF3
:106B700001094AF1000A6B68207B1844023005AA1B
:106B800004F10801C4E9009AFEF789FF2869CDF8ED
:106B9000008032463B462146FFF729FF0028AED150
:106BA000C4E9006708B0BDE8F087637B16F1080907
:106BB00047F1000A012BDED0FEF799FA0028DAD15E
:106BC00005F0AFFD10EB090399464AF1000AD2E740
:106BD00000BF0040420FFF7F841E40160020481671
:106BE00000202DE9F04700EB4003344DDFF8D4805E
:106BF000EC5C06464700FFF76AF94FF0200C4FEABD
:106C0000461E04EB440108EBC1010EEB0403D1F86E
:106C100008A00A69AAEB000929F07F49B9F5000F1D
:106C200005EB43030DD812EB0A02121A22F07F4241
:106C3000B2F5000F05D8BCF1200F0AD12046BDE8FF
:106C4000F0875B7F202BA4461C46DAD1BCF1200FD5
:106C5000F4D00CEB4613BA1905EB430315F8028088
:106C60005B7FAB54710144464FF0040E0B1905EBEA
:106C7000430322469445204683F81CE05C7FF5D10F
:106C8000BB192B440A4493F802E0BEF1200F5FFACF
:106C90008EFC18BF8C443E4418BF05EB4C0C05EB32
:106CA0004202354408BF83F801804FF0200318BF2B
:106CB0008CF81D80A87053772046BDE8F0879816A1
:106CC0000020401300202DE9F04101EB41034A4D23
:106CD000EE5C202E82B00C4680464FEA410740D140
:106CE000474B0BB1AFF3008005F07DFEAB7C01910B
:106CF000202B0AD0434BD3E904E210F1020C41F1FE
:106D00000003E64572EB030330D3202E0AD042463F
:106D10003346FFF7E8FA00283DD00220AE7402B0F7
:106D2000BDE8F081D5E90223B3F1FF3F08BFB2F11E
:106D3000FF3F1FD12B7C43BB0420FFF772F905F006
:106D400060FE0020FFF735FAA9694FF0804220204D
:106D5000A874002301200B60C2F8083502B0BDE81A
:106D6000F0810846FFF73DFF8642B9D0002002B00F
:106D7000BDE8F08105F0CBFC4FF0FF334FF0FF3260
:106D8000C5E902232B7C002BD6D00520FFF749F95B
:106D900000232B74D0E73A1906EB441305EB4303A9
:106DA00015F802C05B7FAB546101624604201346B4
:106DB0008A1805EB42029E421077527FF7D13A19AA
:106DC0002A443C449678F0B2202E18BF401819444B
:106DD00018BF05EB400005EB4101254418BF80F8C2
:106DE0001DC0AB704FF000004FF0200308BF82F8C9
:106DF00001C04B7702B0BDE8F0819816002000007A
:106E000000004816002038B5164A164D4FF0FF30E6
:106E10004FF0FF310023C2E90201C5E90201202140
:106E200042F22000A970136082F82030A9741C4639
:106E300028806B742B7405F11C0202F814300134A5
:106E4000202CFAD1094801F068FC084B094A1C7053
:106E5000107001F052FDA861FEF7DDFF0123EB7415
:106E600038BD4816002098160020C9580100401669
:106E70000020701600202DE9F04F83B005F0B3FD1F
:106E8000DFF8688206460C4605F0BBFD4FF0FF3385
:106E90004FF0FF32C8E9022398F82030D3B9D8F870
:106EA0001030D8F81820D8F814109048033341F166
:106EB00000019B1802F5DF62A0FB02024FEA92225A
:106EC00041F100019B1841F100019E4274EB010366
:106ED00080F0FB804FF0FF304FF0FF31FFF70DF8EF
:106EE000844A92F800B0BBF1200F00F0E980814D98
:106EF00020231370AB746B7C0022C8F8002003EBD6
:106F000043025FFA83F9AF5C5B00202F00930AD045
:106F1000DFF8E8A107EB47030AEBC3037A00D97D4A
:106F2000012900F0A880009BDFF8D4A103EB09063B
:106F30002E444FEA49173478202C04D04846FFF7F6
:106F400050FE8442F7D1BAF1000F01D0AFF30080B8
:106F500005F049FDAB7C202B09D0D8E9042310F1C2
:106F6000020E41F1000C724573EB0C03E3D3202CAD
:106F700034D023460122FFF7B6F9002852D0AC7472
:106F800007EB0B0305EB43031A7F022A1BD1009A80
:106F90004A442A44062119779178CBB220291CBF94
:106FA000DB1905EB43035F4418BF83F81DB0009B5A
:106FB00008BF82F801B04B442B4405EB470783F828
:106FC00002B020237B77FF23AB71009B4B441D4411
:106FD0006B78202B60D103B0BDE8F08FD5E9022398
:106FE000B3F1FF3F08BFB2F1FF3F07D005F08FFBC1
:106FF0004FF0FF324FF0FF33C5E902232B7CA3BBD8
:107000000420FFF70EF805F0FCFC0020FFF7D1F894
:10701000A9694FF0804200232020A8740B60C2F8B9
:107020000835ADE73B1905EB430330785B7F3370E0
:10703000024604211346BA1805EB42029C4211771E
:10704000527FF7D1B178B370CAB220291CBFD219D0
:1070500005EB42023B4405EB430318BF50774FF06A
:10706000200208BF70705A7765E70520FEF7D9FF48
:1070700000232B74C4E75B7D012B14D1033644F14C
:10708000000417440AEBC70ADAE90223B242A3411B
:1070900028BFCAE9026446E71A4B187803B0BDE876
:1070A000F04F01F066BB0192FEF721F8019A00282B
:1070B000E4D105F036FB8619019A44F10004E0E7BB
:1070C00040F2B121702001F074F9094B0B4A1B7892
:1070D000182101FB03F3D01807214068D3589847C3
:1070E00040F2A621702001F064F9481600209300B8
:1070F000DC9240160020981600204013002000006B
:1071000000007016002038B50C46054605F00FFB50
:1071100011494B7C01F11C0C5FFA83FE0CEB831CC4
:10712000002302E00133202B13D01CF81320D8B227
:10713000002AF7D1094A03EB4E1E03EB430301EB90
:107140004E0142F8335002EBC30301220A775C6020
:1071500038BD184638BD98160020401300201F285F
:1071600008D80A494B7C00EB431301EB43031A7F19
:10717000012A01D0002070474B7C00EB431301EB48
:1071800043034FF0000C104683F81CC0704798165C
:10719000002010B5054CD4E90401FEF74AFC237F1A
:1071A0000133181841F1000110BD48160020037882
:1071B000002B40F0D7802DE9F04F6F4A5368C3F39E
:1071C000080389B08146002B40F0B8806C4E6C4FAC
:1071D000DFF8B4B106F11C0A27B1002140F23740B4
:1071E000AFF30080757CEDB24FF00003B37127B1AF
:1071F000002140F23C40AFF300800AEB851EBEE860
:107200000F006C1C04F001080AEB881CACE80F00AE
:10721000BEE80F00ACE80F00BEE80F00ACE80F00BE
:107220009EE80F0044468CE80F002DB227B10021E4
:107230004FF47370AFF3008005EB450504EB440495
:107240007319725B9B7832533444A37057B1002199
:107250004FF47470AFF3008027B1002140F2414039
:10726000AFF3008005F0BFFBCDF8008004AB4A46C9
:1072700004460D46FFF717FC27B100214FF4896043
:10728000AFF30080414B1B78202B3FD0DBF8103050
:10729000DBF81420DBF81810083342F100025B1809
:1072A00042F10002DDE90401984271EB020CCDF8D5
:1072B000008022D3364822462B4604A9FFF797FBCD
:1072C00098B1DDE90401FEF7B4FB9DF81C300133F1
:1072D0001B1841F10001C9F81030C9F8141027B18A
:1072E000002140F25B40AFF30080B379002B7FF4C4
:1072F00073AF012009B0BDE8F08FCDE9043204A9D5
:1073000022462B462248FFF772FBDAE79DF81D1054
:1073100014F1080345F100020129C3D0CDE902327E
:10732000FDF7E5FEDDE902320028BBD105F0F9F9F1
:10733000029B039AC31842F10002B3E7103B59B213
:10734000002911DB01F1604101F5614191F8000371
:1073500040090028CED0094E0A4FDFF828B006F1C8
:107360001C0A39E70020704703F00F03043B134465
:10737000187E40090028EED1BCE700ED00E0981629
:1073800000200000000048160020401600200040A9
:10739000420F2DE9F04FAC4A53688FB0C3F3080396
:1073A00083460491002B40F0628108230393049BE1
:1073B0001B78012B00F23D82A54E26B1002140F240
:1073C0002950AFF300800023A24C05934FF0010930
:1073D00026B1002140F23650AFF30080B9F1000F22
:1073E00004D19C4B0BB1AFF3008062B6657CEDB26B
:1073F0004FF00003A371039B002B40F09880A84638
:1074000026B1002140F24A50AFF3008005F0EBFABC
:10741000049A00950AAB8246FFF745FB26B100218E
:1074200040F25250AFF300800BEB481904EB4909CE
:107430004FEA481799F81C30013B012B75D80A997F
:107440002AF07F4AA1EB0A0222F07F4323F00103D6
:10745000002B40F0BD8008EB4802224407EB0B03F1
:10746000907804EB43030421202819774FEA48035E
:10747000C1B200F09681394404EB410181F81DB09E
:10748000434423445F4404EB470783F802B02023BE
:107490007B7700230593012726B1002140F2575046
:1074A000AFF300806D4B0BB1AFF30080EFF31088AA
:1074B000C14672B6A379002B8AD1684B0BEB4B0CFB
:1074C00003EBCC0C0AAB0FCB0CF1080C8CE80F00D3
:1074D0008FB1039B002B00F0EA80059B23B1604B2A
:1074E0001B78202B00F06081637CDB4303F00103F9
:1074F0006374FF23A371B8F1000F04D1564B0BB195
:10750000AFF3008062B626B1002140F28E50AFF397
:107510000080002F4AD126B1002140F29A50AFF3EB
:10752000008038460FB0BDE8F08F0027B4E74D4B20
:1075300005F1010A0AF0010A03EB851E03EB8A1C20
:10754000BEE80F00ACE80F00BEE80F00ACE80F008B
:10755000BEE80F00ACE80F009EE80F002DB28CE8EB
:107560000F00D0460FFA8AF726B100214FF473704E
:10757000AFF3008005EB450507EB47076319625B36
:107580009B78E2532744BB7056B100214FF47470CE
:10759000AFF3008026B100214FF4A860AFF3008064
:1075A000A379002B7FF414AF554629E7637C03EBE6
:1075B00043031C446378202BADD026B1002140F258
:1075C0009550AFF30080284B187801F0D2F8A2E76D
:1075D00022F07F42B2F5000F3FF63DAF0C9B5B18E7
:1075E000A3EB0A0323F07F43B3F5000F3FF633AF5D
:1075F0000DF127030DF1260229460AA8FFF769F9C4
:10760000059000285AD108EB4802224404239078C0
:1076100089F81C304FEA48032028C1B2434418BF00
:10762000C91923445F4404EB470718BF04EB410129
:1076300083F802B04FF0200314BF81F81DB082F828
:1076400001B07B77012727E700BF00ED00E00000D5
:107650000000981600200000000000000000401309
:10766000002040160020B416002070160020103BA9
:1076700059B20029C0F28D8001F1604101F56141EC
:1076800091F800335B090393002B7FF490AE704BAD
:107690001B78202B00F0D280049B1B780393002BD7
:1076A0003FF48AAE40F22251702000F082FEFF23A8
:1076B000A371B8F1000F7FF426AF1FE79DF826C035
:1076C0009DF827E0F44518D1BCF1200F00F09E8012
:1076D00007EB0C0304EB43035B7F89F81D30BC44CC
:1076E00004EB4C0C00228CF81DB05F4404EB470304
:1076F000059F059203221A77CEE6BEF1200F00F017
:10770000A28007EB0E0304EB4303BCF1200F597F6B
:1077100000F0878007EB0C0204EB42024FEA4803BB
:10772000507F069051774FF0050A3A1804EB420259
:1077300001468E45814682F81CA0507FF5D103EBAF
:1077400008022244079192F802A0BAF1200F5FFAD2
:107750008AFE63D0BE4404EB4E0E069A8EF81D20BE
:1077600003EB08022244079982F80290394407EBA0
:107770000B024FF0200E04EB410104EB4202F445F2
:1077800081F81DE05077AAD14344059A04F803B06C
:10779000ABE703F00F03043B13441B7E5B09039329
:1077A00072E782F801B06BE629460220FFF78BFAF8
:1077B00000287FF499AE637C03EB430020440BEB7D
:1077C000431204EB420285780421DFB211775A019B
:1077D0005B00202DE9B23B4418BF891823445A446A
:1077E00018BF04EB410104EB420283F802B04FF0F2
:1077F000200318BF81F81DB0059F08BF80F801B0B5
:107800005377B8F1000F7FF47EAE77E608EB4803BC
:10781000E35C89F81D304FEA4803B5E706995170DB
:107820009EE708EB48024FEA4803A05C0690A1548B
:1078300079E740F22651702000F0BBFD40F21F5165
:10784000702000F0B6FD40F2CB11702000F0B1FDC9
:1078500000BF401600202DE9F84F734CDFF8D081AF
:1078600005464FF0010A04F11C0BB8F1000F04D0DB
:10787000002140F2AC50AFF30080BAF1000F04D108
:107880006C4B0BB1AFF3008062B64FF00003A371F5
:10789000B8F1000F04D0002140F2B150AFF30080E6
:1078A000667C0BEB861EBEE80F0006F1010909F0AD
:1078B00001070BEB871CACE80F00BEE80F00ACE83B
:1078C0000F00BEE80F00ACE80F009EE80F00B946BD
:1078D0008CE80F00B8F1000F04D000214FF4737052
:1078E000AFF3008006EB460607EB4707A319A25B40
:1078F0009B78E2532744BB70B8F1000F04D00021FD
:107900004FF47470AFF30080A37903F0FF01002BF4
:107910007CD1B8F1000F03D040F2BB50AFF3008030
:1079200005EB491304EB43034FEA49161A7F032A78
:107930006AD109EB4902A75CBD4271D0202F63D008
:107940003B4601E0202B5FD0F21804EB42021946BF
:10795000537F9D42F6D1202D56D07319314404EB4C
:10796000430304EB41015B7F4B77B8F1000F0CD070
:10797000002140F23E30AFF30080B8F1000F04D098
:1079800000214FF4B860AFF300802E4404EB4606AC
:1079900001233377B8F1000F04D0002140F2C95021
:1079A000AFF30080244B0BB1AFF30080EFF3108AEC
:1079B00072B6A379002B7FF458AFBD4203D11E4BA2
:1079C0001B78202B1AD0637CDB4303F00103637424
:1079D000FF23A3710124BAF1000F04D1154B0BB1A1
:1079E000AFF3008062B6B8F1000F04D0002140F27E
:1079F000EB50AFF300802046BDE8F88F49460220E7
:107A0000FFF761F90028DED10024E4E7B8F1000FA8
:107A10003FF433AF002140F2B750AFF3008024E7CA
:107A2000202DF1D05B7FA3549FE798160020000023
:107A3000000000000000000000004016002070B5AB
:107A400086B007280DD8DFE800F0310C0C0C0C1DB7
:107A5000040E5F4B4FF080419A690123C1F808354D
:107A6000136006B070BD5B4B5C4A1B7803EB4303AD
:107A700002EBC30052F833304068042106B0BDE881
:107A800070401847534C237C002B48D0D4E9022384
:107A9000B3F1FF3F08BFB2F1FF3F00F08480012047
:107AA000FEF787FB0023237406B070BD494CD4E970
:107AB0000223B3F1FF3F08BFB2F1FF3F55D0454E5F
:107AC0000120FEF776FB3378202B55D0444D6A7F9A
:107AD000012A3BD0FDF70BFB0346002835D194F873
:107AE0009C200132D2B2312A84F89C206CD84FF409
:107AF0007A7230786946CDE90032CDE90233CDE9BA
:107B00000433FFF746FC002859D095F820400123A4
:107B100085F82030FFF7AFF985F82040A1E72D4B1D
:107B20002E4A1B782E4903EB43034FF0FF344FF0EE
:107B3000FF35C1E9024502EBC30152F83330486812
:107B4000052106B0BDE8704018473378234A03EB9F
:107B5000430302EBC30052F833304068002184F83D
:107B60009C1006B0BDE87040184704F0CEFD04F04C
:107B70003AFFC4E90201A2E7637C03EB4301DAB2F6
:107B8000635C202B16D003EB421204EB4202507FC1
:107B90006054FF21A171114D337002211177002231
:107BA00085F8202093E704F0B0FD04F01CFFC4E941
:107BB000020174E740F24221702000F0FAFB40F22B
:107BC0001461702000F0F5FB4FF4C261702000F0EA
:107BD000F0FB9816002040160020401300204816A5
:107BE000002070B5224B1A78202A86B035D0204C60
:107BF000D4E90213B3F1FF3F08BFB1F1FF3F31D128
:107C00001D4E02EB420206EBC2060546D6E9020112
:107C1000FDF70FFF337D00225B195241013342F122
:107C20000002181842EB01010DF10B0204AB0092A7
:107C300003AAFDF760FF9DF80B20DDE904130F2A6E
:107C400094BF00220122521843F100030520C4E929
:107C50000223FEF748FA06B070BD40F2AA71702008
:107C600000F0A7FB40F2AB71702000F0A2FB4016C1
:107C700000204816002040130020FEF728B938B530
:107C8000254B93F800E0BEF1200F3FD0234D6B7CD5
:107C900095F811C003EB43035FFA8CFCEB5C202BDF
:107CA00025D01E4C4FEA4C1C05E0634405EB430312
:107CB0005B7F202B1BD003EB430204EBC202917DC0
:107CC0008142F2D80EEB4E0E04EBCE04D4E902133F
:107CD000206940189168D26843F10003C41C43F145
:107CE0000003A14272EB030304D2002038BD4FF021
:107CF000FF3038BD0B4B081A03381C68FDF78BFEAC
:107D000004F132038342F0D8001B38BD40F2DF712A
:107D1000702000F04EFB4016002098160020401303
:107D20000020481600202DE9F04F8C4B1D7887B0BD
:107D3000202D019000F00D81DFF82892DFF82882D5
:107D400099F8113003EB43030646D8F8000019F800
:107D50000340D8F8103003930DF11302D8F818300F
:107D600002938B46304405A9FDF799FE7F4BA6F19F
:107D700032029A426AD8DFF8F4A1059BD8F8146061
:107D800005EB45050AEBC505A8681B182869D8F856
:107D900010501818401B20F07F43B3F5000F55D842
:107DA00099F81120C8F81800202C88F81EB0D2B21B
:107DB00000F0C2805201DC462021934604EB4402CD
:107DC00040190AEBC20246F1000ED2E90263864274
:107DD00073EB0E034FEA440746D3537D012B03D0C8
:107DE00098F81D30012B35D005200091FEF719F9C8
:107DF000009999F811004FF0FF324FF0FF3320291E
:107E0000C8E90223C0B240F0958000EB4000202476
:107E100019F80030524A99F81110127802EB411209
:107E200009EB42025377D8F80030019A1344C8F89E
:107E30000030FF2389F80630202C35D04D4B1878C0
:107E400000F097FC002007B0BDE8F08F012007B0DC
:107E5000BDE8F08F009104F064FC751B0130854291
:107E60000099C1DA98F81EC027440AEBC707BB7D0A
:107E700063450DD90BEB040309EB43035B7F202B18
:107E800016D02146D8E90456D8F818001C4695E7C4
:107E9000DDE90231D8F810205B189B1A0220C8F8DF
:107EA000183007B0BDE8F08F002007B0BDE8F08FB4
:107EB0000520FEF7B6F84FF0FF324FF0FF3399F888
:107EC0001100C8E90223C0B204EB401309EB4303DD
:107ED00046005A7F00EB4003410119F803A009F85E
:107EE00003204FF0050C5346CF1809EB47071A46FD
:107EF00094421D4687F81CC07B7FF5D137184F444C
:107F00000A4497F802E0BEF1200F5FFA8EFC18BF1A
:107F10008C44304418BF09EB4C0C09EB4202484436
:107F20004FF0200114BF8CF81DA087F801A08570C8
:107F300051776FE70C46C7E70520FEF772F899F80E
:107F400011004FF0FF324FF0FF33C8E90223C0B2F7
:107F50005BE740F60801702000F02BFA00BF4016E6
:107F600000209816002048160020CE3F420F4013F4
:107F70000020701600202DE9F84F9A4C637C00EB2E
:107F8000431304EB43031B7F002B00F02781677C26
:107F9000DFF858820546FFB2B8F1000F04D0002187
:107FA00040F64700AFF300807E0105EB471704EB76
:107FB0004707B8F1000F40F0D980771904EB470765
:107FC0003B7F012B08D0043B022B40F2C58004F01C
:107FD0003DFD3B7F012BF6D1DFF814A24FF0010BE2
:107FE000B8F1000F04D0002140F65E00AFF300802E
:107FF000BBF1000F04D17E4B0BB1AFF3008062B632
:108000004FF00003A371B8F1000F04D0002140F637
:108010006300AFF30080667C0AEB861EBEE80F00AB
:1080200006F1010909F001070AEB871CACE80F0013
:10803000BEE80F00ACE80F00BEE80F00ACE80F0090
:108040009EE80F00B9468CE80F00B8F1000F04D08D
:1080500000214FF47370AFF3008006EB460607EB88
:108060004707A319A25B9B78E2532744BB70B8F182
:10807000000F04D000214FF47470AFF30080A37997
:1080800003F0FF01002B40F08580B8F1000F03D012
:1080900040F66D00AFF3008009EB490323444FEA3B
:1080A000490B5E78B54200F08F80202E2CD04FEA2D
:1080B000491101E0202E27D08B1904EB43033246EF
:1080C00037465E7FB542F5D1202D1DD00A442944A4
:1080D00004EB410104EB42024B7F5377B8F1000FF0
:1080E00004D0002140F23630AFF300800BEB0903DF
:1080F00023449B789E425AD0B8F1000F0CD0002147
:1081000040F23E30AFF30080B8F1000F04D0002100
:1081100040F67100AFF30080374B0BB1AFF3008036
:10812000EFF310839B4672B6A279002A7FF458AF12
:1081300084F81190FF22A27123B92D4B0BB1AFF33C
:10814000008062B6B8F1000F04D0002140F6830031
:10815000AFF30080BDE8F88F731904EB43030122ED
:10816000DFF88CA01A774FF0010B39E73B7F012B2A
:108170003FF432AF043B022B16D9002140F65300E6
:10818000AFF3008004F062FC002140F65700AFF32B
:1081900000800EE7B8F1000F3FF42AAF002140F64F
:1081A0006900AFF300801BE701233B77ECE7B8F1F0
:1081B000000F04D0002140F23930AFF300800BEB08
:1081C000090323449F7097E7202D9DD005EB4912AA
:1081D00004EB42022027527F5A707FE740F63E01AF
:1081E000702000F0E6F89816002000000000B41699
:1081F0000020000000000000000070B586B063BBE6
:10820000064610460D46FDF706FC0DF10B0304462D
:10821000009303AA04AB29463046FDF76CFC039A91
:108220001349A31A8B420BD3121B8A420ED3104957
:108230008B420DD88A4215D9C2F1614303F5F70389
:108240000A9AA2F10F00C01A06B070BD5342F7E7B8
:1082500003F1F45303F59023F2E740F6890170200F
:1082600000F0A7F840F2CF71702000F0A2F80040B3
:10827000420FFF7F841EBFF34F8F0549064BCA682C
:1082800002F4E0621343CB60BFF34F8F00BFFDE702
:1082900000BF00ED00E00400FA05094B01225A601E
:1082A0004FF0FF32C3F80823074B4FF48042C3F866
:1082B0008020BFF34F8FBFF36F8FC3F880217047CB
:1082C00000BF00E0004000E100E0094B01225A60DD
:1082D0004FF0FF32C3F80823074B4FF48052C3F826
:1082E0008020BFF34F8FBFF36F8FC3F8802170479B
:1082F00000BF00C0004000E100E0084B0022C3F8CE
:10830000FC2F0122C3F8FC2F064B0222C3F8802069
:10831000BFF34F8FBFF36F8FC3F8802170470010FA
:10832000004000E100E0F8B51B4E337805460C46EE
:1083300017466BBB00F061FAFCF787FE174B7760BE
:10834000002D08BF1D4628463472FFF7D6FFFFF701
:10835000BCFFFFF7A2FF04F0E6F90546B0B9FEF74F
:1083600052FD04F0E2F904F08FFA002C0CDB04F06B
:108370001F026409A40004F1604404F56144012370
:108380009340C4F880312360012333702846F8BD40
:108390004FF0FF35FAE738170020C623030008B571
:1083A00072B6024B5B6803B19847FFF764FF38175A
:1083B00000201FB572B6134B5D688DB9FFF75BFFE8
:1083C000B2FBF6F2DCB20133002AF9D104F110035A
:1083D0006B4403F80C2C0A2234B901A8A847EDE736
:1083E000024600230A26EDE7631E04AEDCB256FA0D
:1083F00083F3B0FBF2F602FB1600303003F80C0CEE
:108400003046E9E700BF38170020074B93F90830E2
:10841000002B09DB5A09012103F01F0301FA03F3C2
:108420004032024941F8223070473817002000E1FD
:1084300000E0014B1878704700BF381700202DE985
:10844000F84FDFF8C4A0314C324DDFF8C890074632
:1084500001269AF800805FFA88F8FF238AF8003036
:10846000B8F1000F01D08AF80130EFF3108272B634
:1084700000236660C4F80031C4F80431C4F8047500
:1084800026603AB962B605E0D4F8043133B92B69F5
:10849000DB0620D4D4F80031002BF5D0D4F8043119
:1084A000002BE2D1B8F1000F13D19AF80130DBB202
:1084B0008AF8018003214FF48042C4F80813C4F8FD
:1084C0000481C4F80081C9F880218AF80080002B5B
:1084D000BFD1BDE8F88F4FF48043C9F88031EFF386
:1084E000108B72B60323C4F80433D4F8003113B9E7
:1084F000D4F804311BB1BBF1000FCBD1C2E704F0BB
:10850000A5FABBF1000FC5D1BCE74417002000E07D
:10851000004000ED00E000E100E070B51646DA072B
:108520008CB01D4686468C4640F1A280C37B8DF8F8
:108530000030837B8DF80130437B8DF80230037B64
:108540008DF80330C37A8DF80430837A8DF80530C6
:10855000437A8DF80630037A8DF80730C3798DF8A9
:10856000083083798DF8093043798DF80A30037922
:108570008DF80B30C3788DF80C30837842788DF805
:108580000D3003788DF80F308DF80E20CA7B8B7B71
:108590008DF810208DF811304A7B0B7B8DF812205E
:1085A0008DF81330CA7A8B7A8DF814208DF8153037
:1085B0004A7A0B7A8DF816208DF81730CA798B79A4
:1085C0008DF818208DF819304A790B798DF81A201A
:1085D0008DF81B30CA788B788DF81C208DF81D30F3
:1085E0004A780B788DF81E208DF81F306C46204697
:1085F000FFF725FFAB0731D59DF82F009DF82E1012
:108600009DF82D209DF82C30307071709DF82B0056
:108610009DF82A10B270F3709DF829209DF828303B
:10862000307171719DF827009DF82610B271F371B9
:108630009DF825209DF82430307271729DF823003A
:108640009DF82210B272F3729DF821209DF820301F
:1086500030737173B273F3730CB070BD0DF1200CF5
:10866000BCE80F0030607160B260F3600CB070BDA8
:10867000DEF80410DEF80820DEF80C3000686C46E6
:10868000A646AEE80F00DCF80000DCF80410DCF8C9
:108690000820DCF80C30AEE80F00A8E700BF1B4B49
:1086A0004FF4805270B5C3F88020BFF34F8FBFF3F3
:1086B0006F8F174D184C0021C5F80011C3F88021A9
:1086C0002669236943F0100323610123C5F80433AD
:1086D00006F010062B60D5F80031A3B11EB923694E
:1086E00023F0100323610A4B0122D3F808055A60D6
:1086F000C3F808230022C3F80021044B4FF4805232
:10870000C3F8802170BD04F0A1F9E4E700BF00E1E7
:1087100000E000C0004000ED00E038B50C49024622
:1087200005200138C0B2FF2803D148216920FFF796
:1087300040FE01EBC0031D7905F0FF04002DF0D1D0
:1087400041F8302001225C719C711A7138BD4817C4
:108750000020042808B503D94F216920FFF729FE1E
:10876000034B03EBC0000023037108BD00BF481793
:108770000020042808B503D958216920FFF719FE05
:10878000094B03EBC0000379012B01D05921F4E719
:10879000437982790133DBB29A4218BF4371BDE855
:1087A0000840FFF732BE4817002070B5124C06256E
:1087B0000026013D15F0FF0500D170BD94F828108A
:1087C00004EBC1031A79012A09D158799A799042A8
:1087D00005D05A79D2B29A7154F83130984794F84A
:1087E00028300133DBB2042B94BF84F8283084F89E
:1087F0002860DEE700BF481700204FF08052034B8F
:10880000D2F830111960D2F834215A6070477417C9
:108810000020034B1868A0F10F03584258417047DD
:1088200000BF74170020034B1868A0F10A035842D8
:108830005841704700BF74170020034B1868A0F11F
:108840000E0358425841704700BF74170020034B75
:108850001868A0F1100358425841704700BF7417C0
:108860000020044B1868062803D0431C5842584186
:1088700070470120704774170020034B1868A0F15F
:108880000D0358425841704700BF74170020034B36
:108890001868A0F1080358425841704700BF741788
:1088A000002008B5FFF7BFFF20B1024B5868B0FAAF
:1088B00080F0400908BD7417002008B5FFF7D1FF0C
:1088C00038B1044B5868063810F1080F94BF0020E7
:1088D000012008BD00BF7417002008B5FFF7C1FFD5
:1088E00038B1044B5868063810F1080F8CBF0020CF
:1088F000012008BD00BF7417002008B5FFF789FFED
:1089000070B9FFF790FF58B9FFF797FF40B9FFF72D
:10891000A8FF044A054B002808BF1346184608BDA7
:10892000024BFBE700BF00E701400C05004008B523
:10893000FFF797FF08B3EFF3108072B6104A136980
:10894000116941F010011161A2F5406203F01003BA
:10895000D2F80011D2F804210A4300D040BF20BF52
:1089600000BF00BF00BF00BF23B9044A136923F052
:108970001003136100B962B608BD20BFFCE700ED2B
:1089800000E0914270B53BD2B2FA82F33BB1C3F141
:10899000200420FA04F49940214398409A40160C90
:1089A000B1FBF6FC06FB1C1424041FFA82FE030C28
:1089B00085B204EB10400CFB0EF4844206D9201A59
:1089C00090428CBF02200120ACEB000C03EB014174
:1089D0000CFB1211B1FBF6F006FB101105EB014187
:1089E00000FB0EFE8E454FEA0C4C06D9AEEB010E95
:1089F00096458CBF02220122801A40EA0C0070BD0D
:108A000073219620FFF7D5FC00BF2DE9F8431C46E3
:108A100052EA040349D0074615460E467CB99142F6
:108A200008D321463046FFF7ACFF04462A463846B5
:108A300004FB1561FFF7A5FF2146BDE8F883B4FAF2
:108A400084F9B9F11F0F34DC4FF0010808FA09F27C
:108A5000A2FB051320FA08F002FB043226FA08F103
:108A600040EAC670FFF78DFFC9F11F03D8404FF0F1
:108A7000000118D0431E8C4661EB010105FB01F299
:108A800003FB042280461846A5FB033EFB1A7244F2
:108A900066EB02061F46AF4276EB040324BF404656
:108AA0006146BDE8F8838446F5E7CA219620FFF7C2
:108AB00080FCE7219620FFF77CFC10B5441A944215
:108AC0002BD34AB34B1CC31A022B31D9531E072B8D
:108AD0002ED922F003048C4686460C445CF8043BF5
:108AE0004EF8043BA445F9D122F003039A4202F068
:108AF000030400EB030C01EB030E0DD0CA5CC2545F
:108B0000012C09D09EF801308CF80130022C03D0E2
:108B10009EF802308CF8023010BD002AFCD08B1871
:108B2000024413F801CD02F801CD8B42F9D110BDFA
:108B30004B1E0244014613F8014F01F8014B9142CC
:108B4000F9D110BD00BF81EA00039B072DE9F04178
:108B50005DD187075FD0002A57D0034601E0002A85
:108B600053D011F801CB03F801CB9E0702F1FF327D
:108B7000F5D1032A28D941EA0305141F6D074FEAEE
:108B8000940E4AD12B2C48D90EF101084FEA580C0B
:108B900003EBCC0CA1F108051C46F5E90267E4E8FB
:108BA00002676445F9D118F0010F28F0010403D0E1
:108BB00051F8245043F824500EF1010402F003024E
:108BC00003EB840301EB8401FAB1541E022C20D97B
:108BD00022F003058C460D449E465CF8044B4EF88B
:108BE000044BAC45F9D122F00304A24223442144B2
:108BF00002F0030509D00A781A70012D05D04A78D1
:108C00005A70022D1CBF8A789A70BDE8F081034625
:108C1000DAE71546EFE70346ABE70EF1010701EB94
:108C200087071D1F0C4654F8046B45F8046FBC42BF
:108C3000F9D1C1E700BF2DE9F04184075FFA81FE59
:108C40005FD0002A59D0034601E0002A55D003F82E
:108C500001EB990702F1FF32F7D14EEA0E24032A05
:108C600044EA04443ED9151FAE08172D06F101064B
:108C7000C3F3800147D99846002940D048F8044BF7
:108C8000771A03EB810C79080CEBC101CCE90044A5
:108C90000CF1080C6145F9D127F0010C08EB8C01AF
:108CA0006745CCEB8C7805EB880517D02F1F032F79
:108CB0000C6013D9A5F10807032F4C600ED9A5F15C
:108CC0000C07032F8C6009D9A5F11007032FCC6086
:108CD00004D9143D032D0C6188BF4C6102F00302DE
:108CE00003EB86034AB1013A83F800E005D0012A7C
:108CF00083F801E018BF83F802E0BDE8F081154673
:108D0000BEE70346A9E719461546CFE700BF2DE9A0
:108D1000F04786468C460846089E15467446194616
:108D2000002B40F0C2808542B2FA82F245D94AB1A6
:108D3000C2F1200300FA02FC2EFA03F3954043EA45
:108D40000C0C94404FEA154EA8B2BCFBFEF8230C65
:108D50000EFB18CC08FB00F943EA0C43994528D9CF
:108D6000EB1808F1FF3704D2994502D9A8F10207A0
:108D70002B44A3EB0903A4B2B3FBFEFC0EFB1C3394
:108D80000CFB00F044EA0344A04214D92C190CF166
:108D9000FF3304D2A04202D9ACF102032C44241ABE
:108DA00043EA07401EB1D440002334607360BDE83D
:108DB000F0874746DDE76346F1E792BB431B01219D
:108DC0004FEA154EAFB2B3FBFEFC200C0EFB1C337A
:108DD0000CFB07F840EA0343984562D9EB180CF105
:108DE000FF3004D2984502D9ACF102002B44A3EB2A
:108DF0000803A4B2B3FBFEFC0EFB1C330CFB07F70D
:108E000044EA0344A7424ED92C190CF1FF3304D293
:108E1000A74202D9ACF102032C44E41B43EA004010
:108E2000C0E7C2F1200320FA03F1954090402EFAEA
:108E300003F303434FEA154EAFB2B1FBFEFC0EFB4A
:108E40001C10190C0CFB07F841EA0041884504FA94
:108E500002F422D969180CF1FF3004D2884502D9F6
:108E6000ACF102002944A1EB08019BB2B1FBFEFC6E
:108E70000EFB1C110CFB07F743EA01439F420ED97E
:108E8000EB180CF1FF3104D29F4202D9ACF1020180
:108E90002B44DB1B41EA004192E76046E3E7614671
:108EA000F7E76046A3E76346B7E7834206D916B9FA
:108EB000002108467BE7C6E900E0F9E7B3FA83F74B
:108EC0008FB9834201D3724508D8BEEB020460EB30
:108ED000030301209C461EB9002168E73846FAE7E3
:108EE000C6E9004CF8E7C7F1200CBB4022FA0CF4AD
:108EF0001C432EFA0CF120FA0CF3B84001434FEA60
:108F000014490EFA07F5B3FBF9F81FFA84FE09FBC2
:108F100018300B0C08FB0EFA43EA00439A4502FA9C
:108F200007F240D9E31808F1FF3004D29A4502D97C
:108F3000A8F102002344A3EB0A0389B2B3FBF9F8BA
:108F400009FB183308FB0EFE41EA03418E452CD97C
:108F5000611808F1FF3304D28E4502D9A8F102034B
:108F6000214443EA0040A0FB0298A1EB0E014145D9
:108F7000CE46434602D306D14D4504D2B9EB020E8C
:108F800068EB04030138002EA6D0B5EB0E0261EBAE
:108F9000030101FA0CFC22FA07F34CEA0303F9403F
:108FA000C6E9003198E74046C5E74346D9E71FB513
:108FB000014601A800F006F801A802F0E5FB05B0A3
:108FC0005DF804FB0B88C3F30B0383804B88C380DD
:108FD000002242724B78C3F30113012B02D0022B03
:108FE00018BF1346043103720160704710B58B88B7
:108FF0000370437803F0F00343708A88C2F30322BE
:1090000013434370CA888270CA8803F0CF03120AE0
:109010004370C2700A7A120102F03002134303F067
:109020003F0343704A7A43EA821343700C4609684F
:109030000430814205D0E288FB2A28BFFB22FFF7DB
:1090400082FDE0880430C0B210BD10B48B8803707C
:10905000437803F0F00343700A468988C1F3032183
:109060000B434370D1888170C17801F0C001C17099
:10907000D488C4F30524214303F0CF034370C170A7
:10908000147A240104F03004234303F0BF03437037
:10909000547A43EA841301F03F0103F07F034370E5
:1090A000C17011680430814203D0D28810BCFFF730
:1090B0004ABD10BC704770B50B78192B05460C469D
:1090C0001ED82BB3013B182B22D8DFE813F03A004F
:1090D0003E002100B100B700BD00C300C900CD00B3
:1090E000CF00DF00E5002400210021004200D30072
:1090F000D900E900EF00F500FB00010107010D01B7
:10910000822B4FF0FF0200F0F580832B00F0F680F9
:1091100040F2322112E00E23B1F803200B7042F22C
:1091200083039A4209D10623637066780236324679
:1091300021462846FFF707FD51E03121C720F4F70B
:1091400020FF0C230B700823EEE71A230B7001237A
:10915000EAE72920F5F711FA30B13E2323702223E4
:1091600063702923A370E0E70A20F5F706FA3E238F
:1091700005F1080204F108012B7090B30A23AB70CB
:10918000E378EB70A3882B71A3881B0A6B71A3791A
:10919000AB71E379EB71A368AB608B889380D4F8F3
:1091A0000E30C5F80E30638A6B8263696B61238B66
:1091B0002B83638BAB76638B1B0AEB76A38B2B77AE
:1091C000A38B1B0A6B77E38BAB77E38B1B0AEB77E5
:1091D00094F8203085F820301F266E700236304615
:1091E00070BD0123AB70E378EB70A3882B71A3886B
:1091F0001B0A6B71A379AB71E37903F00103EB7187
:10920000A368AB608B889380638BAB73638B1B0A03
:10921000EB73A38B2B74A38B1B0A6B74E38BAB7464
:10922000E38B1B0AEB7494F820302B751326D4E7DC
:109230003E230B7004234B70142393E73E230B70E3
:109240000C234B7004238DE73E230B700A234B70D5
:10925000032387E73E230B700D234B70052381E723
:109260000523237004235FE70823FAE730230B70FC
:10927000032359E73E230B700B234B70072371E741
:109280003E230B7006234B700C236BE713230B70EC
:109290008B789B00013347E757230B70022343E78A
:1092A0003E230B7006234B7012235BE73E230B70AB
:1092B00009234B70132355E73E230B7005234B7096
:1092C00020234FE73E230B7009234B70212349E7EE
:1092D000FF230B700B234B70A22343E7FF230B707C
:1092E00005234B70A3233DE7FF230B700D234B7029
:1092F000802337E70A700D22627033E70A7002227A
:10930000FAE708B510B1FFF752FE10B96FF015007B
:1093100008BD0020FCE710B50C4630B129B1F5F7C7
:1093200080F828B12070002010BD6FF01500FBE719
:109330006FF02200F8E708B5F5F7FDF8002008BD4A
:1093400001F071B908B5F5F708F9002008BD01F082
:109350003BBC01F049BC034602221A709A70FE22FF
:109360005A712C229A716FF00602DA716A221A720F
:109370007F225A72362200209A7222225870D870A8
:109380001871DA72704701F09EB938B54FF080530A
:109390000446D3F8A020D3F8A410013106D1D3F8A5
:1093A000A8304FF6FF719BB28B423ED0D3073CD51D
:1093B0004FF08055D5F8A420D5F8A830A4F8053092
:1093C000C3F3072363F03F03C4F80120A371D5F86A
:1093D0009030013323D0D5F8943001331FD0D5F825
:1093E000983001331BD0D5F89C30013317D00020C2
:1093F000F7F73DFC98B9D5F89000D5F89410D5F85A
:109400009820D5F89C30C4F81330C4F80700C4F88D
:109410000B10C4F80F2001232370002038BD102248
:109420000021E01DFFF707FCF5E70023F4E770B526
:109430004FF08055102200210446D5F8A060FFF7B8
:10944000FAFB10220021A018FFF7F5FBD5F88030B9
:1094500001330BD1D5F88430013307D1D5F88830EA
:10946000013303D1D5F88C3001330BD0D5F880000F
:10947000D5F88410D5F88820D5F88C30E3612061C8
:109480006161A2610020F7F7F2FB08B9F3071DD470
:109490004FF08053D3F8902001320BD1D3F89420B1
:1094A000013207D1D3F89820013203D1D3F89C20A0
:1094B00001320BD0D3F89000D3F89410D3F8982051
:1094C000D3F89C30E36020606160A260002070BD32
:1094D00010B50446FFF7E3F8B0F5007F09DA10F5A0
:1094E000007F08DD031EB8BF03339B1023700020EC
:1094F00010BD7F23FAE76FF07E03F7E70120704786
:109500000120704701F0D0BB0078003818BF01205F
:1095100001F0D0B9F7F7E1B98178008801F08FBB8D
:1095200001F0ABBB37B505460C4600880DF10601CE
:1095300001F0C5F92B882380BDF80630638003B0A5
:1095400030BDF7F7D2B901F0CABB01F056B801F04F
:10955000AFB808B5F5F709F8002008BDF6F7B1BFB8
:1095600001F0C6B8F7F73FB901F08EB801F0CABAFA
:1095700001F094BA01F0DBBA01F003B801F008B8C9
:1095800001F014B801F026B801F0C3B801F0A4B995
:1095900001F085B801F041B803880B8001F0F9BAF9
:1095A00003880B8001F003BB01F0DAB8F6F7DFBFE8
:1095B000F6F7C5BF01F002B901F010B9F6F7E1BF47
:1095C00001F04DB901F04FB801F077BBF6F783BF5A
:1095D000F7F705B8F8B5941C0C446343B3F5004F96
:1095E000A8BF4FF0FF330E4610F0030105461746A3
:1095F0009CB203D0AD211420F4F7C3FCB4F5004FA6
:1096000001D9AE21F7E710220430FFF714FBEF7405
:109610006C802E80F8BD70B50688C58803898E429F
:10962000C5F30E02C3F30E0403D2CF211420F4F7C6
:10963000A8FC5D40C5F30E030BB92D0409D4A2426A
:1096400009D2C37CA41A0233E41AA14203DD002329
:109650008374184604E01432012381528374104449
:1096600070BD023101444A43B2F5004FA8BF4FF02C
:10967000FF3290B2173020F00300B0F5004F34BF36
:1096800000B24FF0FF3070474088173020F00300E1
:10969000B0F5004F34BF00B24FF0FF3080B27047DA
:1096A00038B503888B4204D240F207111420F4F736
:1096B00068FC857C65B1C388C3F30E031433C25ABA
:1096C0008A4207D3C152811DF4F77BFF00238374C4
:1096D000284638BD0025FBE70346F0B59C88A5B2B7
:1096E000C4F30E06DC88AC4200F1140002D1002065
:1096F000D881F0BD5F89DC7C855B3C440234344416
:10970000ED1B20440C88ADB2AC4288BF0D805C8953
:10971000B4FA84F4640914700A88DA81E9E7F8B5C8
:109720008288C389002604460D4692B20E60CBB1F2
:10973000C2F30E024189143287180B44825A9BB23D
:109740009342438104D94FF4AA711420F4F719FC11
:1097500004D1011DF4F735FF46812F600023E3811A
:109760000120F8BD1846FCE770B5044604F1140664
:10977000A38822899BB29A420846C2F30E050DD0F7
:1097800021B1A91CE27C3144FFF7DDF904F10801A5
:109790002046755BF4F715FF284670BD0025FBE7F2
:1097A0008388C0889BB2C31A584258417047828848
:1097B00073B5C48895B2AC42C2F30E0202F1140232
:1097C00012D04189C689835A314499420EDB0DF18A
:1097D0000601ADF80650F4F7F4FEBDF80600001BD4
:1097E00018BF012002B070BD0020FBE70120F9E79F
:1097F00070B50589C488C4F30E066C40C5F30E022B
:10980000C4F30E050346143025B9240402D5002004
:10981000188270BDB2421C8806D9DD7C921B0235CD
:10982000521B9442A8BF14469D890DB1825BA41AB5
:10983000A142ECDCDA7C1982023235442A4410441D
:10984000E7E738B5038ACBB18B4217D3C388848945
:10985000C3F30E031433C5180CB9C4546C700C4414
:109860008481C45A2144C15222B1811DF4F7A9FE5A
:109870000023838100230382012038BD0020FCE700
:109880008388C2889BB29A4206D0428922B9C3F328
:109890000E0314331844704700207047C37C0888B7
:1098A00002330B44136070470230704738B5838829
:1098B000C2889BB29A4209D043893BB9C5893DB958
:1098C000011DF4F77EFEC581012038BD0020FCE7B4
:1098D0001846FAE703881380C388C3F30E031433D2
:1098E00003440B60808970470368002223B9C0E9F4
:1098F0000132031D0360704759681B680A44F5E78D
:10990000072938B5034604D84FF4EC711520F4F755
:1099100038FB0068A8B1D0E900248C4212D02AB9E3
:1099200001F10805AC4204D210460AE00346104695
:10993000F1E742501A6845181268641A6C60425088
:109940001D6038BD1A60FCE70023C1E900320368DE
:109950000B600160704730B590B18478B1FBF4F3CF
:1099600004FB131300EB430252898A4201D1D8B29F
:1099700030BDC27822B900F10A03D0B2844201D8C6
:10998000FF20F5E733F8025BA94202F10102F4D1AE
:10999000EEE78278038805324B4303EB4203184419
:1099A000704713B50023CDE9003304468DF8060057
:1099B0006846F5F706F808B102B010BDBDF804001E
:1099C0002146F4F7DAFF0028F2D040F21D211720DB
:1099D000F4F7D7FA70B50D4609211E46FFF741FE90
:1099E0003246044609212846FFF73BFE002C03DBE4
:1099F000002801DB204470BD4FF0FF30FBE701235E
:109A000003707047F8B505460846002811461E4603
:109A100014BF00240224FF23AB702B191B7D012BE4
:109A200004D001342B191B7D012B19D105EB440700
:109A30003B8B3A8C9819904204DD2C4400203883EB
:109A40002075F8BD05EB8404324660681844FFF7C2
:109A50007AF83A8B16443E830023AB700120F0E77E
:109A60000020EEE7002910B514BF00230223FF21D8
:109A70008170C1180C7D012C07D10C3320F8132004
:109A800002230B750023837010BD0133C1180C7DB8
:109A9000012CF2D04FF48C710920F4F772FA30B532
:109AA0000246837803F0FF00F3B9137D022B19D02F
:109AB000537D022B19D10346012089B1D5180C33EF
:109AC00000242C7522F81340131803241C7502EB94
:109AD00080035B680B6000F10C0332F813308B805D
:109AE000012002E00123E8E7002030BD30B5837893
:109AF000E3B9837D022B17D0C47D022C16D103233A
:109B000081B105190C3400222A7520F81420C218DE
:109B10000324147500EB83020C33526830F81330C1
:109B20000A608B80012002E00324E9E7002030BDB9
:109B3000037D012B01D1008B7047437D012B0CBFAE
:109B4000408B00207047837D012B01D1808B7047B3
:109B5000C37D012B0CBFC08B00207047038B23B942
:109B6000408B003818BF0120704701207047838B5D
:109B700023B9C08B003818BF0120704701207047FF
:109B8000027D022A01D1008B7047437D022B01D157
:109B9000408B7047032AF6D0032BF9D00020704782
:109BA000827D022A01D1808B7047C37D022B01D1B7
:109BB000C08B7047032AF6D0032BF9D000207047E2
:109BC000F5F765B8012808B506D0022806D040F29E
:109BD0001F410620F4F7D5F9002008BD0120FCE75D
:109BE000F5F7A1B870B50D460646FBF7C8F8044670
:109BF0003046FBF7BCF8743504F5234328444FF492
:109C00007A72A133B3FBF2F3184470BD10B5044669
:109C100090F86900FBF7B3F800F55F4141314FF46C
:109C20007A70B1FBF0F1204601F58771BDE8104074
:109C300001F0A6BE7FB5044618B9A6213020F4F77E
:109C4000A0F9072900F2FB80DFE811F008003E00D0
:109C50003E003900F900E500ED00F70090F8083209
:109C60001BB3B0F80632B0F88820934217D1B0F891
:109C7000BC21A0F88820D31AA0F8BE31D4E98823EB
:109C80002046C4E98A23F9F704FF94F8C331002B76
:109C900000F0AC8004B0BDE8704002F071BC9A1ACC
:109CA000A0F8BE21A4F88830E8E7B0F80432B0F894
:109CB00088209B1AA0F8BE31B0F80432F2E704B055
:109CC000BDE87040FAF721BF02F08BFED4E98A2389
:109CD000801A61EB0301012871F1000302DA40F2FE
:109CE0000661ABE76FF0010383424FF000038B4145
:109CF00002DA40F20761A1E7A3690BB1B0FBF3F30D
:109D000094F88F10B4F806220D2934D10132A4F84A
:109D10000622B4F84232B4F888500133A4F8423233
:109D2000B4F8C4301D44B4F8C230013DED1AADB2F0
:109D300002AEB4F806126B1A1B0436D594F89230B2
:109D40000394002B0CBF3E23082384F8B130304627
:109D500001238DF80830F7F7A2FE204602F012FC2E
:109D6000002384F8F43194F80B02FDF7F8F920236E
:109D700084F80B323AE0B4F888100B449BB2D11A45
:109D8000090454BF531C01339BB2A4F8063294F863
:109D90000932002BBDD1B4F8BC31B4F8062293428D
:109DA00004BF0133A4F80632B3E7002300961A4635
:109DB0002046F5F71AFDB8B1012812D1B4F80622F1
:109DC000B4F8B811BDF808301344521A12049BB20B
:109DD00004D5EA1A12F4004F18BF0B46A4F8063255
:109DE000A7E740F2546129E7236F0BB904B070BDB7
:109DF000B4F8BE10B4F806325B1A1BB2002BF5DDC6
:109E0000B4F874201344013BB3FBF2F313FB0213C9
:109E1000A4F8BE30EAE70120FBF7F1FE04B0BDE88C
:109E20007040FFF7DDBE90F8F431042B01D0C5215E
:109E300004E7002380F8F431D8E7CB21FEE6CF21F8
:109E4000FCE613B5002380F8F431A0F840321A463E
:109E5000009319460446F5F7C8FC20B140F2F3110F
:109E60003020F4F78EF8012284F8F421C4F8F001D0
:109E7000C4F8E801A4F80602A4F8040284F8090270
:109E8000B4F88820A4F84202013AA4F8882002B06D
:109E900010BD70B5044690F8203103F0FF01E3B91E
:109EA000D0E946526FF000439A4208BFB5F1FF3F38
:109EB00001D1002070BDD0E9445602F000F9D4E988
:109EC0004632DB305B1B62EB06021B1A62F10002BA
:109ED000002AEEDA2046F8F76CFE0120EAE7F8B532
:109EE000044618B9D7213020F4F74BF8072900F2BF
:109EF000AA80DFE801F0043E3E3AA82E9EA6F8F7BD
:109F000050FED4F80401CB38FDF76BFE10B940F2D7
:109F10005121E8E7204602F0AEF90546F0B90146C6
:109F2000204602F0CCF800F1DB06D4F80401B04280
:109F300009D2301A322838BF32200321FDF7F3FE50
:109F4000051E18BF0125C4F80461204602F0ADF9D2
:109F500035B12046BDE8F84002F0A8B90025F4E785
:109F6000D4E94423C4E93C23F8BDBDE8F840FAF73E
:109F7000CCBD02F0AFF8002384F8003184F8093139
:109F8000D4F8D43005460E46EBB150EA01031AD09E
:109F90000721A5FB012301FB0633D4E93C1052182D
:109FA00043EB0003D4E9440182428B410BD20123ED
:109FB00004F5807784F808313846FDF7F8F820B9C1
:109FC00040F292618FE70223F2E72046FFF761FF3C
:109FD000034694F8D00033B93946FDF7DAF938B9B9
:109FE00040F296617FE7FDF7BAF8002384F8F83075
:109FF000D4E94401D4E93A32834272EB0107B3D287
:10A0000055EA0607B0D0C01A61EB020133462A4672
:10A01000FEF7FBFC05FB01F300FB0633A5FB00503C
:10A020000344D4E93A02451943EB0203C4E93A5325
:10A030009AE790F8D000FDF792F8002384F8F83002
:10A0400092E7F4214FE7F8214DE7D0F8D4007047AC
:10A0500010B5044690F8F830EBB1FF2380F82031BA
:10A06000012102F025F994F8F830A3B194F8D0005A
:10A07000FDF7F1FB94F8D000FDF77DFF94F8D000D8
:10A08000FDF76DF820B940F2DF113020F3F779FFCA
:10A09000002384F8F830002010BD10B590F820217E
:10A0A00042B990F8D82042B1D0E93731994202D96B
:10A0B000F8F77FFD0022104610BD0122FBE708B52E
:10A0C00040F28D2101F064FC40F64803984228BF1D
:10A0D000184680B208BD7FB5044690F8C33103F03E
:10A0E000FF05002B45D190F8F431032B41D102F04C
:10A0F00078FCD4E98A23801A61EB0301012871F10D
:10A10000000336DB6FF00103834275EB010304DAD1
:10A1100040F2AF513020F3F734FFA269B4F8883031
:10A120000AB1B0FBF2F2013313449BB2A4F804323B
:10A13000B4F80422B4F8BC319B1A1BB2002B18DD12
:10A1400094F80B02FDF787FB98B1FF2384F80932DE
:10A15000B4F8C430B4F888501D44B4F8C230013D9E
:10A16000ED1AADB20DF10E06B4F80432EB1A1B0471
:10A1700001D504B070BDB4F804120096002301228A
:10A1800089B22046F5F731FB0028F2D0012809D129
:10A19000B4F80432BDF80E2012FA83F39BB2A4F88F
:10A1A0000432E1E740F2F651B4E7F8B5044621B1D4
:10A1B000012930D040F29F712AE0C68C36B1F7F702
:10A1C000D4FAE58CB0FBF5F606FB15062046D4E97B
:10A1D0003A5701F07FFF2D1847EB01010023AD191D
:10A1E00041F1000184F800310223C4E94451C4E97B
:10A1F0003A51A4F808312046FFF74BFE70B994F8A5
:10A20000D00004F58071FDF7C4F838B940F2E96177
:10A210003020F3F7B6FE002380F8D830FAF76BFB56
:10A22000BDE8F840FCF727BE90F8F800003818BFEA
:10A230000120704713B50023CDE9003301238DF8C9
:10A2400006306846F4F7BDFB08B100200AE0009C28
:10A250002046FFF7E9FF0028F3D0204601F03DFF3C
:10A260000028EED002B010BD07B50023CDE90033C1
:10A2700001238DF806306846F4F7A3FB08B10020EF
:10A2800004E00098FFF7D0FF0028F4D003B05DF899
:10A2900004FB07B5002340F6881201A9FAF749FE2E
:10A2A00003B05DF804FB10B5044638B1F6F7D1FBF6
:10A2B00034EA00030CBF0120002010BD0120FCE7A0
:10A2C00010B5F5F75EFF044601F0D1FF40B9204616
:10A2D00001F0C9FF80F00100C0B200F0010010BD24
:10A2E0000020FAE738B5054601F0E4FEF0B1284653
:10A2F000FFF79AFF08B9002038BD2846FFF7A5FEF2
:10A3000004462846FFF7A4FE054688B9002CF2D083
:10A310002088F6F708FC20882946F4F72EFB002851
:10A32000E9D041F6CD113920F3F72BFE4220E3E7C7
:10A330000C20E1E72DE9F843B0F85A60B0F85C5022
:10A34000804630300F46FFF7BAFE0221044600F087
:10A3500098FF02218146204600F093FF4E4528BF1A
:10A360004E46B6B21B2E38BF1B26FB2E28BFFB263F
:10A37000854228BF0546ADB21B2D38BF1B25FB2DDE
:10A38000B8F800303B8028BFFB25B4F5A47F38BF68
:10A390004FF4A47440F648039C4228BF1C467E80BC
:10A3A000FD80BC803C81BDE8F8832DE9F04186B09A
:10A3B000054601A9008800F026FF0446002873D155
:10A3C000029A92F85631003B18BF01238DF80230F3
:10A3D000D2F8803099064ABF9DF80230034683F0D8
:10A3E000010303F001038DF8033092F8E2309B067D
:10A3F00003D49DF80330002B5CD0EB881B3B9BB251
:10A40000E02B59D82989A1F5A4739BB244F24810D6
:10A41000834251D86B881B3B9BB2E02B4CD8AA8857
:10A42000A2F5A4739BB2834246D840F64807B942CE
:10A4300044D8BA4242D8029E4FF0FF0886F82B81DA
:10A440009DF80230A3BB03A93046FFF773FF6A886B
:10A45000BDF81230E888934228BF1346A6F8303181
:10A46000BDF81430AA88BB4228BF3B461946BDF848
:10A470000E30834228BF0346A6F82C31BDF81030B9
:10A480002889BB4228BF3B46834228BF03468A42F5
:10A49000A6F82E31134628BF0B46A6F8323186F8AF
:10A4A0002A81002386F82B31204606B0BDE8F081D2
:10A4B0003A24F6E71A24F7E71224F5E71124F3E724
:10A4C0002DE9FF4107468846008802A900F09BFE5F
:10A4D000054618BB039C94F8693103F0FF051BB1D6
:10A4E000B8F1020518BF012594F88F30222B94F89B
:10A4F000E33043EAD3030CBFC5F10102002203F0AD
:10A500000103134333D0BE7816B9F6F7A2FA064614
:10A51000F87870BBF6F79DFA26B90925284604B0ED
:10A52000BDE8F0810028F8D0FF2384F83531E5B983
:10A5300094F8343103F0FF05BBB984F8370184F88F
:10A54000348184F836613B797A798DF8050043EAE5
:10A55000022301A920468DF80460ADF8063000F012
:10A56000B4FE002384F83531D8E73A25F9E71A25F7
:10A57000D4E7002ED8D1D0E708B5F6F744FA00208A
:10A5800008BD10B50446F7F720FD2070002010BD6F
:10A5900010B5FFF74FFE044630B9F7F710FD20461F
:10A5A000F6F783FC204610BD0C20FCE710B50446EE
:10A5B000FFF740FE50B92078012809D8611CF7F751
:10A5C0000AFD002814BF0020072010BD0C20FCE766
:10A5D0001220FAE738B50546FFF72CFE044640B9CD
:10A5E0002878012803D8691CF7F725FD18B912202F
:10A5F00038BD0C20FCE72046FAE710B503460E24D0
:10A6000004704E2110220020DC70592459709A7079
:10A610001C7158719971DA7110BD08B50821F3F7F2
:10A62000F2FE002008BD73B506460C460088694658
:10A6300000F0E9FD0546A0B9B3786BB9019B93F82A
:10A640006C30A370338894F902002380F6F77DFD07
:10A65000A070284602B070BD7F20FFF71AFEA070E0
:10A66000F0E70225F5E710B504466FF07F00FFF72D
:10A6700010FEF6F76AFD20707F20FFF70AFEF6F75E
:10A6800064FD6070002010BD10B50446F5F779FD3B
:10A6900001F0E6FDF6F759FD2070002010BD08B569
:10A6A0000A46072300F11001FDF737FF002008BD1F
:10A6B00010B5014604460020F6F7C1FA08B920603B
:10A6C000A080002010BD10B50446F6F796F928B911
:10A6D00000202146F6F79BFA002010BDFFF7C4FDCD
:10A6E0000028F5D0FFF7ECFD0028F1D10C20F4E7AD
:10A6F00010B50446FFF7B8FD28B901202146F6F74A
:10A7000086FA002010BDFFF7DBFD0028F5D10C20F4
:10A71000F8E7F7B50C4605466946008800F073FD7A
:10A72000A21C034690B9019901F1970781F8EA301C
:10A7300038681060387910712888208091F8EA60B4
:10A7400006F0FF00002EF1D103B0F0BD0023C4F8E5
:10A7500002300220137123706370F5E7FFF725BE06
:10A760001FB5838844F29022934217D840F64802DE
:10A77000934228BF13460288ADF804204088ADF804
:10A780000600ADF80A000A8001A8ADF80830ADF85F
:10A790000C30FFF70AFE05B05DF804FB1220FAE763
:10A7A00037B50D46694600F02EFD044618B90198EC
:10A7B0002946FFF7BFFD204603B030BD10B5034664
:10A7C0006FF004040020482108221C705870997012
:10A7D000DA701C7158719971DA7110BD37B5054680
:10A7E0000C460088694600F00EFDF0B9019B014659
:10A7F00083F86A1093F86820012A06D0022A04D050
:10A8000040F20B310620F3F7BCFBA27093F86920ED
:10A81000012A01D0022AF3D1E27093F86A2002F0F3
:10A82000FF00002AE4D12B88238003B030BD10B58F
:10A830008388022B044610D8C078FFF734FD08B98E
:10A84000112010BDA078FFF72EFD0028F8D020467B
:10A850000121BDE81040FFF733BE1220F1E713B528
:10A860008378C178027903F0010451EA040C03F003
:10A8700002031DD052EA030C1AD0002C18BF00218D
:10A88000002B18BF00228DF80320037842788DF842
:10A89000021043EA0223ADF800304379827968461A
:10A8A00043EA0223ADF80430FFF7C1FF02B010BD48
:10A8B0001120FBE708B5F4F7D2FC002008BD13B562
:10A8C0000C46694600F09FFC20B9019BB3F8883024
:10A8D0000133238002B010BD07B50088694600F03F
:10A8E00092FC48B99DF80020019B012A07D093F8FB
:10A8F0003B2102F0FF016AB103B05DF804FB93F85D
:10A90000F421D2B293F8B01011B912F0FB0FEED1CE
:10A910000220F1E7FF2283F83B210846ECE72DE90E
:10A92000F3410546477800780121F4F710F8044612
:10A9300000285FD001F085FCEE78864228BF0646ED
:10A94000042FB6B23DD0206BFFF7F2F8304480B24E
:10A950001F2803D9122002B0BDE8F081FB1E012B95
:10A960002CD8204601F091FC6B78032B2CD107F0FA
:10A97000FD08B8F1010F39D1204601F086FC00280E
:10A9800031D1012F08BF4FF00208216B42466846C3
:10A99000F4F713F96A68206B33460121FFF732F8A8
:10A9A00050B36B78023B012B22D8206BFFF7C0F825
:10A9B00001210246206BFFF755F819E0002ED0D197
:10A9C000C8E7002ECDD0C5E70028C3D1042BCED1D7
:10A9D0002046FFF729FC0028BCD0206BFFF7BEF80B
:10A9E0000028C4D1B6E74FF00008CEE7042FD1D13C
:10A9F0000020B0E74220AEE70720ACE72DE9F7439F
:10AA000080464578C77800780121F3F7A0FF044617
:10AA1000D0B101F02CFC0028206B08BF0027FFF705
:10AA200092F8C619B6B21F2E1FFA87F910D8042D56
:10AA30000ED0032D12D05FB12046FFF7F5FB58B1C1
:10AA40000C2002E0042212E0422003B0BDE8F083B3
:10AA50001220FAE70720F8E7012D0CD1204601F07B
:10AA600014FC0028EED1012D0CBF06220522216B1B
:10AA70006846F4F7A2F8D8F80420206B4B46002172
:10AA8000FEF7C0FF0028E5D0023D012D04D8206B61
:10AA900032460021FEF7E6FF0020D6E713B5044654
:10AAA000F5F76FFB4FF44073ADF8003000238DF8DD
:10AAB0000230684614F8013B8DF803300194FFF72B
:10AAC0009DFF02B010BD38B5012105460078F3F7AF
:10AAD0003EFF0446A0B1FFF7A7FB28B92046691C3A
:10AAE00001F000FB002038BD204601F0C0FB08B19A
:10AAF0000C20F8E7204601F0B6FB0028F8D1EDE77E
:10AB00004220F0E713B50446F5F73BFB14F8013B90
:10AB10008DF803304FF44073ADF8003068460023E1
:10AB20008DF802300194FFF7FAFE02B010BD73B544
:10AB30000546F5F726FB2B78044663B100230DF19B
:10AB4000010101208DF80030F6F779F818B1684658
:10AB5000FFF7B9FFA0B9002620468DF8006001F08C
:10AB60008AFBB04214BF80233346ADF801302B7806
:10AB70008DF80360012B05D169462046F5F721FCCD
:10AB800002B070BD1BB92046FFF7ACFBF8E71220FE
:10AB9000F6E710B5002104460088F3F7D8FE20B18F
:10ABA000A11CBDE81040F9F74CB8022010BD08B553
:10ABB00000880021F3F7CBFE20B1BDE8084000215A
:10ABC000F9F73FB8022008BD37B505460C460088A6
:10ABD000694600F018FB28B92B882380019BB3F845
:10ABE000BC30638003B030BD37B503880B800446AA
:10ABF00098B2638813B9122003B030BD694600F0E3
:10AC000002FB0028F8D16488019A42F21071A3B2C5
:10AC10004B43158C916905FB01118B42EBD3956970
:10AC20009169A942FBD10025013B0B44C2F8B45005
:10AC3000B3FBF1F3A2F8BC40C2F8B830DCE710B5C2
:10AC40000C460021F3F783FE88B1022C11D804F0E2
:10AC50000103C4F3400480F8C53180F8C44123B136
:10AC600090F8C2313BB1FFF736FA002010BD022048
:10AC7000FCE71220FAE71846F8E710B5044600781A
:10AC8000FF280AD00121F3F762FE58B16378A27859
:10AC900043EA0223C384002010BDB4F80100F5F795
:10ACA0003AFAF8E74220F7E708B50078003818BF0D
:10ACB0000120F5F70EF9002008BD10B50446F5F7A0
:10ACC00060FA6178C1F3400201F0010101F0F3FA8A
:10ACD000002010BD0820F5F7A8BE01F060BC1220CE
:10ACE000704710B5044604B910BD236898476468DE
:10ACF000F9E703680BB9016070471A465B6813B146
:10AD00008A42FAD170478A4218BF5160704708B52D
:10AD10000020FEF746FEF3F7DEFEF5F7F8FEF4F747
:10AD20003EF920B14FF485710120F3F72AF908BDEF
:10AD300008B5F5F77AF8F7F7BEFD20B14FF4957135
:10AD40000120F3F71EF9BDE808400120FEF729BEF7
:10AD500008B5FFF7EDFF01F00AFC20B140F23F110A
:10AD60000120F3F70EF908BD01F0D7BC0B46122203
:10AD700003F8032BD0F80920C1F80320427B1A7195
:10AD8000704730B585B004460D46F6F7ACFA80B38F
:10AD90006FF4B0731C4402A92088ADF8000000F0E5
:10ADA00032FA18B12E217E20F3F7EBF8039B93F8CB
:10ADB00064208DF80220022193F86520B3F86630F4
:10ADC0008DF803206846ADF80430FFF779FB08B131
:10ADD0004421E8E78DF808009DF808308DF8090057
:10ADE000002063F307009DF8093063F30F2005B0DE
:10ADF00030BD18232B70D4F80930C5F80330042374
:10AE00008DF80830E8E708B5436893F88E201AB14A
:10AE100085217E20F3F7B5F8202283F88E2008BD27
:10AE2000034610F0010005D19A0702D403F0040094
:10AE30007047022070472DE9F84F074608469246B2
:10AE4000884600F070FC8146404600F06EFC834668
:10AE5000FFF7E6FF05464846FFF7E2FF45EA000632
:10AE6000F6B2003E044618BF0126F5F7F2FD00EAEF
:10AE70000B03DBB2002B08BF0025F5F7EAFD00EA63
:10AE8000090097F86830C0B2002808BF0024AB4220
:10AE900008BF00258AF8005097F86930A34208BF20
:10AEA000002455EA04038AF801400CD1404600F022
:10AEB0003EFCB7F88830DB43184480B247F6FD7398
:10AEC000984288BF00263046BDE8F88FF8B5446840
:10AED00094F88F50A5F12003062B06460F463ED965
:10AEE0002E2D3CD0CDBB94F88E30252B37D0084684
:10AEF00000F00EFC28B939463046BDE8F84000F0B5
:10AF000099BD7B7903F0070384F861303B7903F046
:10AF1000070384F8603094F8353193B994F83431EC
:10AF2000012B0ED094F8602094F869309A4210D129
:10AF300094F8612094F868309A420AD1022384F888
:10AF40003431222384F88F30304600F045FD284606
:10AF5000F8BD3046F5F7C7FDF3E70125F7E72025F3
:10AF6000F5E72DE9F743456895F88F3095F88E8021
:10AF7000232B04460F462CD18F35384600F0D9FBE1
:10AF800000284CD0384600F0CEFB8146384600F011
:10AF9000CCFB0146FFF744FF666848B396F868307B
:10AFA000984225D096F83421012A0CBF96F8362114
:10AFB00096F86420114232D0B8F1210F18D096F8DB
:10AFC0006120114214D153B940F2F7110620F2F773
:10AFD000D8FFB8F1210F40F0B2808E35CDE7032BBA
:10AFE00001D0032831D1984294BF00200120B0B98C
:10AFF0004846FFF715FF002849D096F8693083428C
:10B0000045D096F83431012B0CBF96F8373196F8BD
:10B01000653019EA030F14BF01230023BBBB63682B
:10B0200093F83421012A19D11E212046F5F733FD6A
:10B03000B8F1210F1FD1FA786368182A83F8192113
:10B0400010D040F269217E20C1E7042BCBD0042828
:10B05000C9D098422CBF00200120C8E7002283F805
:10B060003421E5E7092283F88E2093F8CC3093BB96
:10B0700040F27121E7E7002320462B7000F0B6FC78
:10B080003946204603B0BDE8F04300F0D3BC30465B
:10B0900001AA3946FFF7CFFED4F804800646F8B976
:10B0A00098F83431012B18D101462046F5F7F3FC0E
:10B0B0002E70636803F18F02954202D1002283F85B
:10B0C0008F20636803F18F0295424FF0000533D162
:10B0D000204600F08BFC002032E088F83401E8E7DD
:10B0E000384600F024FB6368A8F85402B3F85422F1
:10B0F000B3F88810013A521A92B247F6FD718A42AB
:10B1000006D9282283F8B1202046F6F7C8FCD8E7F4
:10B1100093F88F200D2A02D00A3A012A01D82A2258
:10B12000F0E79DF8042083F856229DF8052083F867
:10B13000572225232B70C4E783F8CC50CBE702209D
:10B1400003B0BDE8F08308B5436893F88F20222A46
:10B1500005D022B14FF461717E20F2F712FF232255
:10B1600083F88F2008BDFF23437100230371036020
:10B170004371704743791BB903680BB101221A6010
:10B180007047F5F7C4BC704730B542400C7818786A
:10B190005D7844404878684004449D7888786840E9
:10B1A0000444DD78C878684004441D7908795B79E7
:10B1B0004979684004444B402344D3420CBF0120EA
:10B1C000002030BD034600200139C9B2FF2900D15B
:10B1D00070475A5C82F001021044C0B2F4E708B52F
:10B1E000F5F753FD082803D0BDE80840F5F771BD19
:10B1F00008BD08B501F0E0F918B1BDE80840F8F75E
:10B2000012BE082008BD10B50C460021F3F79FFBC5
:10B21000606018B101232370002010BD0220FCE7FC
:10B22000F8B5D0E9047605460C46FBF7C0FF20B917
:10B230004FF481712920F2F7A4FEF4B1D5E904316D
:10B24000DA1B61EB0603012A73F100014FF00001E4
:10B2500015DB6FF00100904271EB030302DA4FF44B
:10B260008671E7E7631E1344B3FBF4F35C43E41910
:10B2700046F10006C5E904461C462046F8BD0C46CA
:10B28000FBE7CB1E012B10D8032914BF4FF4167314
:10B29000962303F5BC7314BF40221022984212D9A2
:10B2A000C01A90FBF2F080B27047022905D13C2809
:10B2B00009D93C38C0F38F007047702803D9703823
:10B2C000C0F3CF00704700207047034608685866F7
:10B2D0007047012908B5024606D002290CD040F279
:10B2E0007D112920F2F74DFE40F6C41340F2E240F2
:10B2F000002A18BF184608BD40F6C410FBE7C3B2C9
:10B3000093FAA3F3000A90FAA0F01B0E000E43EA92
:10B31000002070470131F8B5C9B2821D0023012514
:10B3200012F8010B884216D312F8066C002405FAB5
:10B3300004F737421CBF01F1FF31C9B2E0B269B175
:10B340000134082CF3D10133DBB2052BE8D199216C
:10B350004620F2F716FE091AC9B2F4E700EBC30063
:10B36000C0B2F8BD0B6870B5C0F801300B7903F0BE
:10B370001F03437100230446C372451C861D15F844
:10B38000010B00F00FFB2871E37AB5421844E0721C
:10B39000F5D170BD70B581EA114189B2C57A044614
:10B3A000032682EA0100FFF7AAFF013E00EB00102E
:10B3B0000A1816F0FF0690B2F5D141402522B1FBE4
:10B3C000F2F302FB1313C3F3C4022244D8B256783B
:10B3D00003F00703012202FA03F31E4207D1694377
:10B3E0002046C1F30741BDE87040FFF793BF70BD31
:10B3F000F8B590F821506B1E242B044656D8002A2D
:10B4000056D0807D18B1012846D01F2019E094F84D
:10B41000231094F8223002FB03132522B3FBF2F130
:10B4200002FB1133DBB204EBD30284F82330D17D6D
:10B43000012603F0070206FA02F2114202D084F854
:10B440002430F8BDB3FBF5F205FB1233013302469D
:10B4500004F11C01D8B211F8013B834219D311F851
:10B46000067C002306FA03FC1CEA070F1CBF00F150
:10B47000FF30C0B2DDB220B905EBC20284F824204F
:10B48000DFE70133082BEDD10132D2B2052AE2D138
:10B49000BBE7C01AC0B2F7E72289C96904F11600F8
:10B4A000FFF778FF84F824000020CAE71220C8E7DD
:10B4B0001046C6E70B68C0F803308B88A0F8073049
:10B4C00070470B68C0F809308B88A0F80D307047C2
:10B4D0000378890123F0400301F040010B4303701E
:10B4E0007047037803F07F0343EAC113037070478A
:10B4F0001F2A38B50546144603D9BF212A20F2F782
:10B5000040FD09300634FDF71EFB6C7038BD1F2A64
:10B5100038B50546144603D9E1212A20F2F731FD5A
:10B5200009300634FDF70FFB6C7038BD30B5037879
:10B5300003F00F03032B024640D0052B1FD1C37F1E
:10B5400090F82000034392F82100034392F8220070
:10B55000034392F8230020F01F0018432DD05378A6
:10B56000222B0CD1B2F81930B2F81740907D41B1BE
:10B57000B3F5506F05D940F607518B420ED9002024
:10B580001BE0991F89B240F67A45A942F7D8411EBF
:10B590000729F4D88342F2D9A342F0D3B2F81B3082
:10B5A000B3F5FA7FEBD2B2F81D000A3880B240F64C
:10B5B000764398428CBF0020012030BD4078A0F136
:10B5C0000C0358425841F8E7037801F0030123F0D7
:10B5D00003030B4303707047007800F003007047CB
:10B5E0001B2A08B504D940F252412A20F2F7C9FCBF
:10B5F0004270BDE808400330FDF7A5BAB0F8070077
:10B600007047B0F809007047B0F80B00704770B58C
:10B61000B0F80730B0F80950B0F805600479B0F818
:10B620000B0091B1B3F5506F0FD940F6075293421A
:10B6300018D8B5F5FA7F15D20A3880B240F67643AD
:10B6400098428CBF0020012070BD9A1F92B240F634
:10B650007A418A4206D8621E072A03D89C4201D248
:10B660009E42E5E70020EFE743680B60037A0B7129
:10B670007047B0F809007047007970470B68436065
:10B680004B688360704743680B6083684B6070470A
:10B6900083890B807047D0F80E300B60D0F81230E1
:10B6A0004B607047D0F816300B607047FFF7E6BF6D
:10B6B0000B68C3607047007970470171090A4171D6
:10B6C00070478171090AC17170470172090A41729C
:10B6D00070478172090AC172704780887047C088BC
:10B6E0007047008970474089704703891A2B0DD92C
:10B6F0004389B3F5A47F09D383881A2B06D9C08860
:10B70000B0F5A47F34BF00200120704700207047AF
:10B710000379024613F0070004D0507910F00700B7
:10B7200018BF012070470079704740797047C08882
:10B7300070470279437902F0070203F00703511EB4
:10B740000A40591E0B4013430CBF012000207047D4
:10B7500001717047007970474171704740797047B7
:10B76000FB2908B504D940F2E6712A20F2F709FC5A
:10B77000417008BD406890F8C23123B1002380F8C1
:10B78000C231FEF7A8BC704708B5017A19B101298A
:10B790000DD0002008BD0368C28802218088F5F71B
:10B7A00054FD0028F6D1F5F73CFF0120F2E70368CD
:10B7B000C288F3E702230B7001238B707047F5F703
:10B7C000C8BE0222F5F71BBF0322F5F718BF0422FB
:10B7D000F5F715BF0222F5F744BF11230B706FF484
:10B7E000A27318440388A1F80330838FA1F80530B1
:10B7F000B0F84030A1F80730C38FA1F80930B0F895
:10B800004230A1F80B307047012908B503D10E3042
:10B81000C00080B208BD022902D10F308000F8E7D5
:10B8200040F259210620F2F7ACFB30B587B0044650
:10B830000D46F5F760FDA0B300232372A4F5A774AD
:10B84000694624882046FEF7ABFF18B1D6212C208C
:10B85000F2F797FBBDF80630ADF80E30BDF80830B2
:10B86000ADF81030BDF80230ADF8123003A8BDF8C5
:10B870000430ADF80C40ADF81430FEF76FFF08B19E
:10B88000DF21E4E78DF80C009DF80C308DF80D00F9
:10B89000002063F307009DF80D3063F30F2007B01D
:10B8A00030BD2B46172203F8032BD4F80920C5F826
:10B8B0000320D4F80D205A60B4F811201A81042313
:10B8C0008DF80C30E0E740687047C08A704710B5CB
:10B8D0008A880B89CC884988A0F85010A0F8544079
:10B8E000A0F85220A0F8563010BD8383BDF8003078
:10B8F00001834283C383704738B5C38B458C0446AC
:10B900009D42007A28BF1D46FFF77EFF6389AB4248
:10B9100028BF2B46984238BF184680B238BDF8B5CC
:10B920000546808F16460F46FFF76EFF39460446E0
:10B9300005F13000FFF7E0FF844228BF044631469E
:10B94000B5F84400FFF760FFB5F846308342A4B273
:10B9500028BF034614FA83F09C30F8BD90F86920A4
:10B9600090F86810FFF7DBBF38B50D461446FFF7B7
:10B97000F5FF96342044A84294BF281A002038BD11
:10B9800038B504460D46FFF7E9FF2844606338BD2B
:10B99000006801F19C03984283BF401A9C3840081C
:10B9A0000020704700F05503400800F0550018448F
:10B9B00000F03303800800F03300184400F00F0358
:10B9C00003EB101070474368002283F88E2083F841
:10B9D000CC20A3F8C820704743680022A3F8CE20EB
:10B9E00093F8D020013283F8D020704708B5426820
:10B9F00092F8D030013B5BB2002B82F8D03003DAF2
:10BA000034214A20F2F7BDFA08BD436883F81B11C0
:10BA100083F81A217047A0F10A03042B08D9A0F17A
:10BA20002003062B04D9A0F12E0358425841704739
:10BA3000012070474268D2F8803010B513F0080436
:10BA40000AD143F00803C2F88030CB7882F818316D
:10BA5000FFF7C2FF204610BD0120FCE738B50C46B9
:10BA60000546B1F85410FFF728FEB4F82211284615
:10BA7000FFF727FEB4F850102846FFF726FEB4F86B
:10BA800020112846BDE83840FFF723BE37B530F80F
:10BA9000024C7CB100238DF804308DF805309DF800
:10BAA0000430002063F307009DF8053063F30F2096
:10BAB00003B030BD30F8A85CA1F8035008220A702A
:10BAC0008C70427A4A7150F8940CFDF769FE18B9EF
:10BAD000B2216320F2F755FA2846F5F724F82146FB
:10BAE0002846F2F74AFF04238DF804308DF805400C
:10BAF000D5E710B5446894F89030063B012B07D980
:10BB00000846FFF7B9FD062384F8910084F89030C9
:10BB1000002010BD426892F89030063B012B84BF94
:10BB2000072382F890307047F8B5476897F88F6020
:10BB300004460D4616BB0846FFF79BFD6168A7F853
:10BB40005402B1F85432B1F88820013B9B1A9BB2E1
:10BB500047F6FD72934207D9282381F8B130204679
:10BB6000F5F79DFF3046F8BD01F256212846FFF754
:10BB70007BFD63680A2283F88F20F3E70126F1E753
:10BB80000B46062203F8032BD0F80920C1F8032046
:10BB9000D0F80D205A60427C1A720023CB70704797
:10BBA000F8B5436893F88F6005460C46002E48D1DF
:10BBB00031462046FFF72BFD28B921462846BDE82F
:10BBC000F840FFF737BF6A68B4F80D30B2F8881054
:10BBD000A2F85432C9430B449BB247F6FD718B4225
:10BBE00007D9282382F8B1302846F5F758FF3046A8
:10BBF000F8BD2046FFF702FD6F6840F2E242504375
:10BC0000C7F85C022379C3EB431103EB810303EB19
:10BC100083035B00A7F85632B4F805305343C7F8E6
:10BC200058322046FFF7EDFCA7F8600220466F6807
:10BC3000FFF7EAFC6B68A7F862020D2283F88F20F9
:10BC4000D5E70126D3E708B5436893F88E201AB1EB
:10BC500024214520F2F795F91D2283F88E2008BD96
:10BC60002DE9F743456895F88E301D3B022B0646BB
:10BC70000C462CD80846FFF738FD00B32046FFF7E6
:10BC800030FD07462046FFF728FD80462046FFF797
:10BC90002AFD81462046FFF722FD4B460090424692
:10BCA000394605F13000FFF720FE7168284601F2A1
:10BCB0004511F5F7F8FC70680621F4F71EF900202D
:10BCC00085F8CC0085F88E0003B0BDE8F083012034
:10BCD000FAE74268D2F88030D90610B5044603D49A
:10BCE0009A214520F2F74DF9990601D59B21F8E7F5
:10BCF00023F01003C2F88030FFF778FE6068062159
:10BD0000BDE81040F4F7F9B809230B70D0F80930FA
:10BD1000C1F8023070470B460A2203F8022BB0F834
:10BD200009204A80C27A9A70704738B5436893F800
:10BD30008F40054634B1113C0B2C94BF08240124DC
:10BD4000204638BD93F89430002BF9D0FFF744FE1D
:10BD50006B68112283F88F20F2E708B5436893F8E7
:10BD60008F20152A04D040F279111F20F2F709F92B
:10BD7000012283F8D120162283F88F2008BD436862
:10BD800093F88F20122A03BF1322002083F88F20FC
:10BD90000220704710B5436893F88F30182B044683
:10BDA00007D1FFF723FE63681C2283F88F20002051
:10BDB00010BD0220FCE708B5436893F88F20112AD4
:10BDC00004D04FF4D1711F20F2F7DBF8012283F881
:10BDD000D120122283F88F2008BD08B5436893F85C
:10BDE0008F20162A04D04FF4D5711F20F2F7C9F81E
:10BDF000182283F88F2008BD0B46052203F8032B79
:10BE0000D0F80920C1F80320D0F80D205A60B0F80E
:10BE100011201A81C27C9A72704708B5436893F862
:10BE20008E201AB1BC211C20F2F7ABF8042283F853
:10BE30008E2008BD4268D2F8801008B5CB0703D425
:10BE4000C9211C20F2F79DF892F8D030013B5BB27B
:10BE5000002B82F8D03001DACB21F2E721F001018A
:10BE6000C2F8801008BD0C23A0F59E700B700388EB
:10BE70004B807047436893F88E200F2A01BF002241
:10BE800083F8C02083F8CC2083F88E2000207047F0
:10BE900038B54568D5F8803013F0040409D1FFF7B0
:10BEA0009BFDD5F8803043F00403C5F88030204670
:10BEB00038BD0120FCE74268D2F8803023F004034B
:10BEC000C2F88030FFF792BD08B5436893F88E2022
:10BED0001AB171214B20F2F754F80F2283F88E200B
:10BEE00008BD10B5D0E90D43A34204D30A8C1B1B37
:10BEF00005329A4202D3012380F8403010BD01235D
:10BF00000B7000238B7030F8D43CA1F80330437AD7
:10BF10004B714389CB8083890B81704708B5436897
:10BF200093F8D32091070ED493F88E201AB1742180
:10BF30004020F2F726F8012183F88E1083F8CC1008
:10BF4000A3F8C82008BDD3F880108A070DD593F850
:10BF5000D020013A52B2002A83F8D02001DA86219B
:10BF6000E6E721F00201C3F88010002283F83A21AD
:10BF7000E8E710B50B794C790A68012843EA0421F7
:10BF800008BF41F48031104610BD07B5FFF7F1FF3F
:10BF90000DF10702F5F7BDFF03B05DF804FB0B469A
:10BFA000042203F8032BB0F80920A1F80320C27A79
:10BFB0009A7070470B46142203F8032BD0F809201F
:10BFC000C1F80320D0F80D205A60704738B50B46F1
:10BFD000102203F8032B0C4600F10902293052F815
:10BFE000041B43F8041B8242F9D112781A70A58809
:10BFF0000123A37100212846F2F7A9FC70B1E37870
:10C0000063B10088F4F78FFD00212846F2F7B5FCF4
:10C0100020B140F227212D20F1F7B3FF38BD0121D7
:10C02000F6F74FBBFFF7FBBF90F882300BB1012052
:10C03000704790F8BA2002F0FF03002AF7D190F879
:10C04000AC201846704737B504460D464FF494723D
:10C050000021FCF7F0FDFF2323701323638042F2DD
:10C060001073E384F2F77DFD0022014620636846E9
:10C07000F2F7A3FD206B00220121FDF7F3FC216BF9
:10C0800068460422F2F799FD0022206B1146FDF765
:10C09000E9FC04F12800A57400F045F904F16800FA
:10C0A00003B0BDE83040FFF75EB8FF23086B0B70AC
:10C0B000FDF7A5BC0078FF3818BF0120704710B508
:10C0C0000446283000F085F961882822F6F7A3FDA0
:10C0D0006D3010BDD0E902017047C07C003818BF38
:10C0E000012070470B68C0F815308B88A0F8193014
:10C0F0000123C37670472DE9F04F06460D460746EB
:10C100000FCE91B006AC0FC40FCE0FC496E803005B
:10C110000DF1100884E80300404600F004F995F89A
:10C1200014906E7895F80AA095F800B0B9F1010F57
:10C1300006F07F0607D0B9F1020F04D040F21D319E
:10C140000620F1F71EFF697A404600F0F3F82B7DD8
:10C15000AA7E022B08BF697D02F1010206BF0131F0
:10C16000C9B20121D2B2404600F0E6F816F0080349
:10C1700064D14046019300F02CF928223146F6F7AD
:10C180004AFD40F271212A79019B00F2D720B0FBD1
:10C19000F1F401FB04F0EC7844EA02246A7944EA01
:10C1A00002444C43A0420BD9EC79AA7942EA04221A
:10C1B0002C7A42EA044201FB02F4A04200D8044671
:10C1C0002A7E0393531E5A425A41A97C386B02912E
:10C1D0000192FDF7D5FC386BFDF7E2FC039B019A59
:10C1E0000299ADF81A6008948DF828208DF82B106C
:10C1F0008DF82CA08DF818B08DF81C90099306AE20
:10C200000FCE3C460FC40FCE0FC496E8030084E85F
:10C21000030098E80300B862B985EB7A13F0FD0FCC
:10C2200014BF0123002387F85730EB68BB652B8AC6
:10C23000A7F85C30002011B0BDE8F08F0024234641
:10C24000BEE7438813F0040F0CBF1F200020704787
:10C250000023C38543881D2B08BF0021417470470C
:10C2600090F912007047408800F001007047408844
:10C27000C0F3400070474088C0F3C000704708B565
:10C28000006BFDF774FC012008BD01207047012000
:10C29000704790F8503001624B72D0F85130C1F8BD
:10C2A0000A30B0F85530CB8170477047F5F765BF5D
:10C2B00080F87810704780F8241080F825207047A7
:10C2C000C0F34002C0F38003134400F0010018449F
:10C2D0007047022808B507D0042807D0012807D0E6
:10C2E00039212E20F1F74DFE262008BD2720FCE73E
:10C2F0002520FAE78278034612F0010002D0D978AF
:10C30000C9070FD5900702D5D978890709D512F04A
:10C31000040007D0DB7813F0040F14BF00200420C2
:10C320007047022070470023C0F802300123437099
:10C33000037070478170704710B50170427080784B
:10C340001446FFF7BDFF10FB01F104FB01F2FE2ACA
:10C3500003DD5C212E20F1F714FE10BD0023C37015
:10C3600043710371704710B50446FFF7C3FF63794B
:10C3700062780133DBB29A4263710FD1E378A1781E
:10C380000343DBB29942E37008BF23794FF0000208
:10C3900008BF0133627104BFE2702371BDE8104031
:10C3A000FFF797BF38B501468078FFF789FF04464D
:10C3B000C8784D78FFF784FF0A790B789B1A13FB36
:10C3C00005F34A7913FB04F39B1A00FB1530C0B246
:10C3D00038BD08B501468078FFF772FF4B780A78C0
:10C3E00013FB02F313FB00F0C0B208BD40F2EF20D4
:10C3F000704740F25A335843704738B553680E3887
:10C4000014460D4693F88E2009283FD8DFE800F047
:10C41000053E3E3E0F3E173E3E26042A05D12046ED
:10C42000FFF7D1FA2046F5F7A8FC002038BD0F2A07
:10C43000FBD120460021BDE83840FFF71BBD1D2A77
:10C44000F3D12046FFF7BFFA002DEED0626892F8D4
:10C45000E23023F0200382F8E230E6E793F88F2001
:10C46000232AE2D1002583F88F502046FFF7BEFA39
:10C47000636893F83431012B03D129462046F4F741
:10C480000AFB6368002283F83421CEE74FF40F7172
:10C490003120F1F776FD08B5436893F88F20162A0E
:10C4A00004D040F2E4413120F1F76BFD1A2283F809
:10C4B0008F2008BD08B5436893F88F20312A06D134
:10C4C000002283F88F20BDE80840FFF78FBA162AB4
:10C4D00003D11A2283F88F2008BD40F2F9413120A0
:10C4E000F1F74FFD037D63B9C37B90F85200A3F1D0
:10C4F0001002032A05D928B11C2B8CBF0020012073
:10C5000070470120704770B5426892F8E23043F0FE
:10C510000403044682F8E23008460D46FFF71EF990
:10C5200006462846FFF716F922463146BDE8704018
:10C53000F6F775BC38B50C460546D1E90401F2F7AB
:10C54000B6FA94F80B0220280BD0FBF714FD94F8F0
:10C550000B02FAF704FE20B940F639013120F1F759
:10C5600010FD28460221BDE83840F2F706BA002047
:10C57000704708B5F5F743F9BDE80840F5F7F3BA99
:10C58000F2F751BE0022A0F88E2080F8922090F899
:10C59000C33113B10221F3F7B0BC0321FBE7F5F778
:10C5A000A2B908B5F7F7D9FEF7F753FDF7F7C3FBC4
:10C5B000BDE80840F7F74BBC08B5C821F7F719FCF0
:10C5C000022807D1013911F0FF01F7D1F5213B20F5
:10C5D000F1F7D7FC431E5842584108BD10B5044638
:10C5E0000846F8F7CCFB4FF47A73B0FBF3F0201A4F
:10C5F00010BD10B504460846F8F7C1FB023C4FF4E5
:10C600007A7300F2E730B0FBF3F0201A10BD08B5E2
:10C61000FCF7F3F8BDE80840F8F717BD801A00F3FF
:10C62000070038B540B20D4659B21446F8F7FDFC84
:10C630000023287020446B7040B238BD0023036093
:10C6400070477047002070474FF0FF3070474FF041
:10C65000FF3070477047002070474FF0FF30704741
:10C6600000207047002070470023037070470022AD
:10C67000FFF7D4BF002070474FF0FF3070474FF0F6
:10C68000FF3070474FF0FF30704770474FF08043E6
:10C6900001221A6070474FF08043D3F8080400F07D
:10C6A000010070474FF08043D3F8140400F00100FC
:10C6B00070474FF08043D3F81C0400F0030070472C
:10C6C0004FF080410246D1F81804D1F8181410F444
:10C6D000803004D001F00300831A5842584170475B
:10C6E00008B5FCF7DEF828B14FF080430222C3F80A
:10C6F000342C08BDFCF7B5F80028F5D1FCF7C7F8D5
:10C700000028F1D1F5E7F8F73CBDF8F764BDF8F77C
:10C7100090BDF8F7A8BDF8F792BFF8F720BDF8F77D
:10C7200024BDF8F728BDF8F766BEF8F7A4BDF8F702
:10C7300056BE08B5F8F709FD002008BD38B5054616
:10C7400091F827000C46FAF70AFD18B9E8216A208B
:10C75000FBF72FFE0023A38484F826300921236AE7
:10C760002846984718B103780BB1EC21EFE738BDA4
:10C77000426808B5034611441A785960012AA1F1AC
:10C78000500006D1FBF72DFA40B9CC216A20FBF707
:10C7900010FEFBF726FA08B9D121F7E708BDF8B576
:10C7A00004460E4619B9012384F829303BE00D7880
:10C7B000032DF8D8DFE805F0390212154868C728BC
:10C7C00002D800252846F8BD0421FBF7ACFA002862
:10C7D000F7D171682046FFF7CBFFF3E7F8F79BFF2F
:10C7E000F0E790F82470F7B94D682846F8F767FF2E
:10C7F0000028D8D02B78D3B9012222702B79003BA6
:10C8000018BF012363726B79002B0CBF0223042332
:10C810002372AB686F336360EB682361032384F892
:10C82000263084F82520F8F776FF0225CAE794F829
:10C830002630052B04D04FF4C8716A20FBF7B9FDF0
:10C8400027702B7994F82700003B18BF01236372EF
:10C850006B79002B0CBF022304232372EB68A968B9
:10C860006F336360D4E906325B1842EBE172C4E9CE
:10C870000432042384F826302146FAF78AFD002882
:10C88000D1D14FF4C971D8E770B5F9F79AF80024FF
:10C8900005462646E0B2854200D870BDF9F797F804
:10C8A0000134868480F82660F4E7F8B504460D4626
:10C8B000F9F787F800270646F8B2864204D8082D13
:10C8C0000CD96FF0150008E0F9F781F890F82630E0
:10C8D0000137002BF0D04FF0FF30F8BD2CB12946C6
:10C8E0002046BDE8F840F9F780B821462046F8E731
:10C8F00038B50546F9F76BF8014688B190F8244041
:10C900008CB990F8263073B1013B012B04D828462E
:10C91000FFF714FF204638BD012380F82430F9E7E3
:10C920006FF00100F7E76FF02200F4E770B50D46F5
:10C93000F9F74DF80446002848D090F82660731E99
:10C94000012B49D8002D44D02846F8F7B8FE00281E
:10C950003FD02B78FBB9012323702B79003B18BF04
:10C96000012363726B79002B0CBF02230423237213
:10C97000AB686F336360EB682361032394F827008F
:10C9800084F826302146FAF704FD40BB40F2BD2171
:10C990006A20FBF70EFD022E1ED1002323702B7997
:10C9A000003B18BF012363726B79002B18BF04266C
:10C9B0002672EB68A9686F336360D4E906325B18AE
:10C9C00042EBE172C4E904320423D7E76FF00100BF
:10C9D00070BD6FF01500FBE76FF02200F8E7002054
:10C9E000F6E7F9F77ABA07B56846F9F770F9DDE9BD
:10C9F00000024FF080730021E2FB030103B05DF8F9
:10CA000004FB08B5F9F743F9BDE80840F9F72DB97B
:10CA10000346002018707047EFF3108272B6037857
:10CA20000121DBB2017002B962B6012B0CBF6FF0BD
:10CA3000220000207047EFF3108372B600220270CC
:10CA400003B962B600207047FBF7AFBEFBF76FBFBC
:10CA5000FBF76DBF00280CBF6FF01500002070477A
:10CA600000207047072303700020704700207047A4
:10CA70000020704710F8012B11F8013B012A28BF54
:10CA80009A42F7D0D01A7047034611F8012B03F8E9
:10CA9000012B002AF9D17047034613F8012B002A15
:10CAA000FBD1181A0138704700002DE9F04FCDB0C6
:10CAB000072806460C461546079303D811B1531EA6
:10CAC000072B0AD910F00CFB20B98E482A463146B4
:10CAD00010F0FFFF4FF0FF30C4E0DFF82C828B4FE7
:10CAE000DFF83092DFF830B2DFF830A2C0B288F859
:10CAF000000010F0D9F9894A388000231360884A71
:10CB00008948C9F80050136010F07CF92544234689
:10CB100014F8010B072801D8B0420AD1069310F08F
:10CB2000DFFA069B0028D5D119787F4810F0D1FF95
:10CB3000D0E70BF8010B10F0B7F90146504610F0A2
:10CB40007CFAA5420AF1280AE1D110F0C9FA68B9C5
:10CB500098F8000010F03CF9D9F800300093014635
:10CB60003B8898F80020714810F0B3FF079B5BB139
:10CB700010F0B6FA40B998F8000010F029F9079AB9
:10CB800001466B4810F0A5FF6B4E6B4803F029FC83
:10CB90003178002969D11E2010F02BFB0B210546AE
:10CBA0002A2010F06EFB0446654810F0A6FB002119
:10CBB00001222F2010F072FB317881B91E2010F075
:10CBC00018FB0B2180462A2010F05BFB23460090C7
:10CBD00042465B48294610F07CFF012333704DF636
:10CBE000CA6010F098FB388810F09AFB082003F018
:10CBF000D8FB44F2340010F06AFB44F2340010F029
:10CC00006CFB012003F0F1FC8C2010F0C6FB40F21D
:10CC1000DC5003F078FD002010F092FC4A4A00211D
:10CC20000F2010F05FFB3D4C3B4A236812F8039045
:10CC3000484610F039F923680693064602F065F875
:10CC40000446A8B103F033FD10F07FFC10F048FA61
:10CC500038B92D4B187810F0BBF801463B4810F05E
:10CC600038FF00204DB0BDE8F08F002425469BE73B
:10CC7000DFF89CB0DFF8D8A0BBF800309AF80010BD
:10CC80003448324610F037F9802221460F2010F048
:10CC900029FB2F4922460D2010F054FA014638B1E5
:10CCA00010F01EFA0028BED12B4810F012FFBAE790
:10CCB0000D20012203F067FB022003F0CCFC48B1F9
:10CCC00010F00EFA18B92448494610F002FF03F09C
:10CCD000EEFCA8E700210F2010F08BFA074602F0C7
:10CCE00014F8054600283CD003F0E1FC10F02DFCC0
:10CCF00010F0F6F90028B4D1044B187810F068F859
:10CD000001461648ABE73146030055470020303A4C
:10CD10000020B03100204D470020B4310020AC315C
:10CD20000020A8310020A82B0020624603007E4688
:10CD30000300BB4603004C4700201C080020780578
:10CD40000020E9460300F8FF272434470300E247A8
:10CD5000002056470020594703007F470300A6479D
:10CD60000300674B1F42B5D0069BDFF8988128244B
:10CD700004FB03849AF8003001338AF800307B0406
:10CD800040F1B281014610220CA815F001FF4FF4CA
:10CD9000804229460F2010F0A5FA2946102010F0F5
:10CDA00028FA594F80467F222946384615F0F0FE72
:10CDB0002A4608F07F01384610F0F4F9BBF800105D
:10CDC000BD703246384610F024F900283FF42BAFEE
:10CDD00010F024FA054610F025FA074610F0EBF99A
:10CDE000804601F0E4FE10B10CA810F02BFA40468A
:10CDF000F0F7A5FA3DA3D3E90023F0F70AFBDFF82B
:10CE00000CC10B46002102468A461CF8010F8840DF
:10CE1000083120294AEA000AF7D10021DFF8F4C0DE
:10CE20008B461CF8010F8840083120294BEA000B83
:10CE3000F7D1781BCDE90A23F0F781FACDE9080193
:10CE4000ABEB0A00F0F77BFADDE90A2382468B465A
:10CE500000203049F0F725F902460B465046594666
:10CE6000F0F7D7FA02460B46DDE90801F0F719F9A9
:10CE70002A4B0022F0F7CDFA1EA3D3E90023F0F7E6
:10CE8000C8FA1DA3D3E90023F0F7C3FA244B00220C
:10CE9000F0F7BFFAF0F7CFFC051E44DC1A4D069AF6
:10CEA000282303FB025393F8263013B1204610F0D9
:10CEB000FCF810F015F9074600287FF4B4AE069A86
:10CEC000282303FB02522046D2E9068A156910F096
:10CED000FDF8CDE90058CDE902A03B4611483246A5
:10CEE000494610F0F6FD9EE600BF143BB1133BB17E
:10CEF00003BEFA48CE3B1835B13D0000001319DDE2
:10CF0000B14100D02724B4310020634700206C4792
:10CF10000020704700200000F03F0000E03F00408C
:10CF20008F40DA4703002946204610F090F88246E9
:10CF30008248DFF8089210F011F899F800B0064620
:10CF40000FF0B6FF2346024659467D480FF05FFFBB
:10CF500010F0C6F818BB99F800000FF039FF0A90DE
:10CF600030460FF0A5FF0FF033FF0699764A2823CD
:10CF700003FB012283469369D269089320460692F7
:10CF800010F0A4F8089B069A0490CDE901A303923F
:10CF90000A996D48009533465A4610F09AFD0CAC3C
:10CFA000CDE90184DFF8A8A1009799F80010DAF81C
:10CFB00000002B4632460FF09FFECDE9018400971A
:10CFC00099F80010DAF800002B4632460FF095FE73
:10CFD000604A6049136809680133B3FBF1F001FB53
:10CFE00010331360002B7FF41EAE584D544E2B6847
:10CFF00001332B6010F074F878B930782C680FF09A
:10D00000E7FE21460246544810F063FD4D48317852
:10D0100002F09FFE4B4802F0DAFE30780FF0D8FEA7
:10D020004F4A03464FF480710CA80FF090F8FF2888
:10D03000044636D8DFF80C8100274FF0180996F81F
:10D0400000A0F8B2824574D00CABC4F5807103EB3C
:10D05000040B06910FF0BCFE0346C02000FB0AF251
:10D0600009FB072208EB020018F802200699002AA3
:10D070005DD08268007DCDE90020394A58460FF026
:10D0800066F80444FF2C54D900238DF82F3110F09A
:10D0900027F818B934480CA910F01BFD0CA80FF0A4
:10D0A00014FE079B002B3FF4BEAD2B68079A9342FA
:10D0B000FFF4B9AD03F0FBFA10F047FA30780FF047
:10D0C00087FE2A6800920346284A50210CA80FF0D8
:10D0D0003EF810F005F818B925480CA910F0F9FC35
:10D0E0000CA80FF0F2FDBCE594F8263013B12046F1
:10D0F0000FF0DBFF0FF0F4FF88B9069A282303FB3B
:10D1000002882046D8E906580FF0E0FF0095CDE9E7
:10D1100001803B4617483246494610F0DAFC154A72
:10D1200000210F2010F0DEF810F00FFA50E7104643
:10D13000A1E70137082F82D1A9E7634700205547AF
:10D140000020A82B0020B431002032480300A83171
:10D150000020AC310020B0310020CB480300EC4867
:10D160000300F2480300FD480300204903004A4938
:10D1700003007A48030000902724084B1A691268BC
:10D18000002AB8BF80F0010028B19B68DB68034823
:10D190004FF0004118479B681B69F8E700BF801FEC
:10D1A000030010B50B4B1B7893B10A4B1B78022B75
:10D1B0000ED1094B187880F001001870FFF7DDFFE1
:10D1C000BDE8104006484FF4804200230DF0B1BE88
:10D1D00010BD493A00204A3A0020483A0020D802BF
:10D1E000002010B5124B1B780446F3B1114815F01E
:10D1F0004BF9104B012C1C70104B04D0022C08D0A2
:10D200000020187001E01C702046BDE81040FFF7B8
:10D21000B4BF01201870FFF7B0FFBDE8104004480C
:10D220004FF4804200230DF084BE10BD00BF493A88
:10D230000020D80200204A3A0020483A00202DE978
:10D24000F04FC9B02022002115A815F0A1FC15A8A7
:10D250000FF0E4FC074613F0C7FC58B913F0E0FCEC
:10D26000044601467A4810F034FC1CB17948214646
:10D2700010F02FFC784C204614F083FE002840F07C
:10D280008380754810F025FC754810F022FC02F0F0
:10D2900090FB0646002840F0B98017B39DF85A303D
:10D2A000012B1ED115AD0FCD2FAC0FC495E80F008B
:10D2B00084E80F00179B022401331C212FA88DF84E
:10D2C000C2408DF8C040319300F011FB36902FA87A
:10D2D00000F045FB00286ED1624810F0FAFB8DF893
:10D2E0005A4008A80FF05BFC3A4615A90CA80FF0AD
:10D2F00069FC5C4C0CA806A900F011FB0CAB1DAA44
:10D30000002013F8011B0D0901F00F010130655DCC
:10D31000615C15701028517002F10202F1D10023F6
:10D3200010AA8DF8943008A9924611F8010B05094E
:10D3300000F00F000133655D205C1570082B507004
:10D3400002F10202F1D100238DF85030002F48D0B5
:10D350009DF859509DF85A4005F1FF385FFA88F85A
:10D36000B8F1070F92BF049304974FF00408002C04
:10D3700040D128460FF009FC4FF000090123024676
:10D38000CB4604934C4658E02269A168136843F0E9
:10D39000004313600B68344A1F212046984701461A
:10D3A00018B1324810F095FB6EE7314B01221A702C
:10D3B000FFF717FF68E72FA800F09DFB014618B1A3
:10D3C0002D4810F086FB8AE72FAC0FCC15AD0FC5AA
:10D3D00094E80F0085E80F003199274810F079FB99
:10D3E0007FE726484FF4FC2110F073FB05254FF032
:10D3F0000408BEE7022C0DD0032C20D0012C21D034
:10D400002048002110F065FB4FF0FF36304649B050
:10D41000BDE8F08F4FF000094FF0000B002D049B8A
:10D42000284602BF3B46A946AB4604930FF0ADFB2E
:10D43000631EDBB2022B024627D9124B28E04FF0C5
:10D440000109E9E7A3464FF00009E7E700BF102E06
:10D450000300272E0300801F03004F2E0300952E8C
:10D460000300C72E0300A734030001000A006F2E3B
:10D470000300493A0020192F03006C2F0300A82F46
:10D480000300EB2F03000A2E0300A64951F82330B6
:10D490000593CDF808A01DAB0DF1180AA349A348C8
:10D4A0000193CDF800A0059B10F013FB059AA0484E
:10D4B0005B464146CDE9009710F00BFB21465346F1
:10D4C0000CAA284600F09FFB014610B19A4810F0C4
:10D4D00000FB202200210DF1FE0015F059FB0DF19B
:10D4E000540EBEE80F000DF1BC0CACE80F009EE836
:10D4F0000F008CE80F009DF8C03013B902238DF89F
:10D50000C0308DF8DC708DF8DD508DF8DE400DF107
:10D51000300C0DF1DF020DF1400E634603CB734575
:10D52000106051609C4602F10802F6D108AB03CBB3
:10D53000CDF8EF00DAF80000BAF804209AF80630C7
:10D54000CDF8F310CDF8F7007849ADF8FB200DF1D8
:10D55000FE008DF8FD30FFF797FA2FA801F073FA5F
:10D56000014610B1754810F0B4FA01F0D4FD01463F
:10D5700028B110F1860F02D0714810F0AAFA8DF888
:10D5800098508DF899400CAB0DF19A0C0DF1400EAE
:10D590001A4603CA7245CCF80000CCF804101346B2
:10D5A0000CF1080CF4D108AB03CBBAF80420CDF889
:10D5B000AA00DAF800009AF80630CDF8AE10CDF8DF
:10D5C000B200ADF8B62015A93A4626A88DF8B830B5
:10D5D0008DF8B97002F06DF9014648B3594810F062
:10D5E00078FA002002F0D7F9002001F090FA3A46CC
:10D5F0002146284601F09DFA002001F0B4FA2146A8
:10D600003A46284602F0CDF9204600F066FB014676
:10D6100028B110F10B0F02D04B4810F05AFA049BBE
:10D620008BB1494810F055FA0020FFF7DAFDEDE61E
:10D63000474841F2883110F04CFA00214FF4203075
:10D640000DF0C3FFCDE7DDF81090022C50D0032C75
:10D6500053D0012C54D1A3464FF0000A002001F012
:10D6600082FA3A462146284602F09BF93A4621467C
:10D67000284601F05EFA012002F08DF9012001F048
:10D6800046FA01F03CFB032C14BF02200120FFF7F7
:10D69000A8FDBBF1000F00F0B98008220AA940469E
:10D6A0000FF09CFB06460FF069FA40B940460FF0B8
:10D6B0008FFB334601460222264810F00AFA324612
:10D6C0004B460AA94046FFF7F0F90646002002F053
:10D6D00062F9002001F01BFA002E40D00FF04EFA44
:10D6E00000287FF493AE1B48314610F0F2F98DE626
:10D6F0004FF0000A4FF0000BB0E74FF0010AF9E7D6
:10D700000FF03CFA18B91448214610F0E2F96FF016
:10D7100015067BE64FF0000A4FF0000BCDE04FF00E
:10D72000010AF9E700BF0824030007300300243092
:10D73000030081300300D2300300F23003001331C4
:10D740000300373103007B310300A131030059315D
:10D750000300063203003C320300ED310300B9F14F
:10D76000000F0DD001F00DFB50B90FF007FA18B9FA
:10D770005348494610F0ADF90021022001F0EFFABC
:10D780000FF0FCF910B94E4810F0A3F901F0DBFAE4
:10D7900038B328460FF0F9F9631EDBB24A4A014656
:10D7A00052F82320494810F094F90020FFF719FDA2
:10D7B000002002F0F0F8002001F0A9F928463A46CE
:10D7C000214601F0B6F941480FF07FFA01F0BBFAAB
:10D7D00038B101F0D6FA98B301F0AFFA3D4810F035
:10D7E00078F901F0CEFA064680BB0FF0C7F938B9D8
:10D7F000631E344A3848DBB252F8231010F069F93E
:10D80000002140F267600DF0E0FE1EE75146404601
:10D8100002F04BFB0646584602F0BDF8584601F0B0
:10D8200076F93EB10FF0AAF900287FF4EFAD2A484F
:10D8300031465AE70FF0A2F90028A7D12848A3E7FC
:10D84000002140F6CD400DF0C0FEBFE701F0A3FA85
:10D85000741EE4B2814601F0A8FA022C07D90FF039
:10D860008DF900287FF453AF1E4831464DE70FF085
:10D8700085F948B928460FF088F9124B014653F84C
:10D880002420184810F025F9304600F026FA044606
:10D8900048B110F10B0F06D00FF070F918B912480B
:10D8A000214610F016F9022E3FF434AF032E3FF458
:10D8B00036AF01264FF0000AB3463446CEE6613259
:10D8C0000300A2320300082403003D330300713338
:10D8D00003007E330300B8330300DF320300FD3260
:10D8E0000300FF330300243403005B34030030B52E
:10D8F0000A4D01444FF0FF33814201D1D84330BD7E
:10D9000010F8012B5340082243F300042C40013A45
:10D9100084EA5303F8D1EFE700BF2083B8ED034654
:10D9200070B4084603F10F02591E41F221054FF66B
:10D93000FF7311F8014F83EA042308241EB25B0031
:10D94000002E9BB2B8BF6B40013CF7D18A42F0D1A8
:10D9500070BC014A07210EF0FABBB834030010B5C1
:10D960000446A8B102680B4B9A4211D10379013BDE
:10D97000012B0DD84379082B0AD88379032B07D8BC
:10D980001C21FFF7B4FFE469231A5842584110BD27
:10D990000020FCE700BF0DF005B12DE9F0410025A6
:10D9A00098B004461C22294609A8089515F0F0F8FD
:10D9B0002022294610A815F0EBF81C22294601A8C0
:10D9C00015F0E6F8002C00F08B80484D284614F046
:10D9D000D8FA002800F08780AB681E6820230DEB82
:10D9E00003024FF4FC212846B047074658BB08AE57
:10D9F0000FCE10AD0FC596E80F0085E80F001C2173
:10DA000010A8FFF774FFDFF8E880109B43451ED194
:10DA1000179B83421BD19DF84530082B17D89DF8E2
:10DA20004630032B13D89DF84430013B012B0ED810
:10DA300010AB18AD1A4603CAAA42206061601346B3
:10DA400004F10804F6D1384618B0BDE8F08108ADFD
:10DA50000FCD01AE0FC695E8070086E80700182134
:10DA600001A8FFF744FF019B434531D1079B834247
:10DA70002ED19DF80860731E072B29D89DF80950F8
:10DA8000032D25D819220021E01D15F081F80D2362
:10DA900023706FF00F0363700523A3706FF04E03C4
:10DAA000E37001236671A571237103AD04F10C02CB
:10DAB00007AE2B4603CBB342106051601D4602F106
:10DAC0000802F6D11C212046FFF711FFE061BAE7FA
:10DAD00020220021204615F05BF86FF08907B2E79D
:10DAE0006FF01507AFE76FF01207ACE700BFD01F6C
:10DAF00003000DF005B12DE9F041202290B005465C
:10DB000000210DEB020015F043F82DB96FF015045C
:10DB1000204610B0BDE8F081284814F032FA002801
:10DB200041D02846FFF71BFF0028EFD06A462B465E
:10DB300005F12006174618685968144603C40833CF
:10DB4000B3422246F7D11C4ED6F80880D8F80830E8
:10DB500063B34FF480524FF4FC213046984704469B
:10DB60000028D5D12023D8F804403A464FF4FC21B0
:10DB70003046A04704460028CAD108A8FFF70DFF89
:10DB800004460028C4D1202229460DEB020014F0DF
:10DB9000B5FE044668B908A8FFF7E1FE002808BFF3
:10DBA0006FF08904B4E76FF01204B1E76FF0570427
:10DBB000AEE76FF00404ABE700BFD01F030073B5FE
:10DBC00004460A4E0B480B4B0C49012500950222D6
:10DBD000032C18BF304606F02AFD30B9084B1D70E3
:10DBE000E31E5C425C41064B1C7002B070BD2824F1
:10DBF000030014240300A8040020B00400204C3AC1
:10DC000000204B3A0020F7B51E46294B0F4602F183
:10DC1000100152F8044B43F8044B8A42F9D1254BCA
:10DC20009875DF75431E072B9ABF00F14004E4B2DC
:10DC30005524C6B13378B3B1204A20480096234614
:10DC400014210EF084FA002830DB1D4B58700020A0
:10DC500005F0ADFF054668B101461A480FF039FFDF
:10DC6000284603B0F0BD184A1548234614210EF08B
:10DC70006EFAE8E73846FFF7A2FF054610B1014605
:10DC80001348EBE7032F41F2883342F210721CBFB6
:10DC90001E233C22CDE900320E4B0E48002E18BF49
:10DCA00033463A4621460FF014FFD9E74FF0FF35CF
:10DCB000D6E73B08002035080020C33403004D3A66
:10DCC0000020A8040020DA340300D0340300FE341E
:10DCD0000300BF340300223503002DE9F041DFF8D3
:10DCE0009C8098F800300446002B44D0254B254AF0
:10DCF000D87502212548012306F041FB054650B1A5
:10DD000000F055FF022803D0214829460FF0E1FE1C
:10DD10002846BDE8F081E31E5F425F411D4B1B7842
:10DD2000BB421ED006F0B5FC064688B988F8000054
:10DD30002046FFF744FF064698B100F038FF02285E
:10DD400004D01448324621460FF0C3FE3546DFE7C3
:10DD500000F02DFF022804D01048324621460FF073
:10DD6000B8FE00F024FF0228D2D00C483A462146E3
:10DD70000FF0AFFECCE76FF00A05C9E700BF4C3AE1
:10DD8000002035080020A8040020B00400206735DA
:10DD900003004B3A002091350300C2350300FD35E6
:10DDA00003004B1E59425941014B19707047613AAB
:10DDB000002038B50D46044678B31949FEF75AFEDF
:10DDC00028B318492046FEF755FE00B317492046F0
:10DDD000FEF750FEE8B115492046FEF74BFEC0B1F4
:10DDE00014492046FEF746FEA8B112492046FEF728
:10DDF00041FE80B111492046FEF73CFE20B10F499B
:10DE00002046FEF737FE40B92870002038BD0120BB
:10DE1000FAE70220F8E70320F6E76FF01500F5E7D0
:10DE200000BF053B03003236030034360300BD3427
:10DE300003003B360300D63A030045360300F64D97
:10DE400003000346034A03484FF480710EF07FB984
:10DE500000BFCD340300623A002038B50C460546B9
:10DE600010B31249FEF706FED8B111492846FEF755
:10DE700001FEB0B110492846FEF7FCFD88B12846E6
:10DE8000FEF70AFE01280FD12878A0F16103192BB3
:10DE900098BF2038C0B2A0F14103072B04D8403806
:10DEA000C0B22070002038BD6FF01500FBE74B3684
:10DEB0000300F64D03002B4E0300F0B5334C94F8ED
:10DEC000203089B005460E46FBB123466F4604F16B
:10DED000200C186859683A4603C208336345174650
:10DEE000F7D102238DF806508DF80430A3686846F8
:10DEF000013302930EF0B8FE6846FFF730FD88B993
:10DF00002348FFF79EFF09B0F0BD214B6F4603F198
:10DF1000200C186859683A4603C20833634517460F
:10DF2000F7D1DEE76846FFF7E6FD10F18A0F01D171
:10DF30001948E6E708B11848E3E7134A6D4608AF09
:10DF40002B4603CBBB42106051601D4602F1080214
:10DF5000F6D101230F4D84F8203008AF6B461A46E6
:10DF600003CABA4228606960134605F10805F6D174
:10DF70000B4B01221A709DF8063084F82230084BB2
:10DF800000221A703046BCE700BF863E002056369D
:10DF90000300663E0020693603007A360300653EC2
:10DFA0000020633E002030B50B4C013800234D1C8F
:10DFB00010F8012F1209A25C01F81320027802F078
:10DFC0000F02A25C05F813200133102BF0D10023BF
:10DFD00081F8203030BDCB3C030070B5144B1D6878
:10DFE00086B015B3134B1B78FBB1124E3046FEF7CB
:10DFF00053FD182204460021684614F0C9FD0E4B5B
:10E00000ADF80C4069462846CDE9013608F0E9FD37
:10E01000044650B100F0CBFD022806D00848214646
:10E0200006B0BDE870400FF054BD06B070BD582B6F
:10E030000020613A0020623A00202425030089363E
:10E04000030002460B4601480CF037BC00BF5C2BB6
:10E05000002001480CF0A9BC00BF5C2B00202DE97A
:10E06000F04190B00C460DF11C084146054604F104
:10E070000C001646FFF797FFA3796079013BDBB2EE
:10E08000022B96BF0C4A0C4F52F823700EF07DFD08
:10E09000CDF81480E379094ACDE90107CDE903639E
:10E0A000A368009323794FF4807128460EF04FF84F
:10E0B00010B0BDE8F0813C2403000A2E0300B33603
:10E0C0000300F0B595B0244C2548254F264D0BAEE6
:10E0D0003146FFF768FF94F8202023482146FFF7D8
:10E0E000BEFF3A7822492248FFF7B9FF94F8210091
:10E0F0000EF04BFD94F82230013BDBB2022B96BFB1
:10E100001D4A1D4B52F823301D4A12780992A2680D
:10E110000892227907923A780692194A1278059263
:10E1200094F82020CDE90332174B0093CDE901602C
:10E130000733154A4FF4807128460EF008F8134B48
:10E140001B7843B12846FEF7A7FC114AC0F5807141
:10E1500028440DF0FCFF15B0F0BD863E0020A93E1E
:10E160000020653E0020623D0020623C0020663EAB
:10E170000020623B00203C2403000A2E0300633E83
:10E180000020643E0020C13E0020F4360300623EC1
:10E1900000206A3703002DE9F047F0B01146BDF8C2
:10E1A000E0511C46002D40F0FB83013B7E2B00F22A
:10E1B000F78310AF2246384614F0C2FC3D55264680
:10E1C0003A4612F8013BA3F16101192905F1010555
:10E1D00098BF203BA54202F8013CF2D34FF0FF303C
:10E1E0004FF0FF31FFF72DFF00230E933B780BB963
:10E1F000A3480CE0A3490EAA384614F007FC0446D5
:10E200000028F5D0A049FEF735FC18B99F48FFF764
:10E2100018FE95E09E492046FEF72CFC48B19C492B
:10E220002046FEF727FC20B19B492046FEF722FC42
:10E2300030B94FF4807130A800F0C5FD30A8E6E792
:10E2400096492046FEF716FC20B194492046FEF779
:10E2500011FC50BB8B490EAA002014F0D7FB0546D9
:10E2600068B10A220FA90DF0BEFF0F9B9D42044624
:10E2700003D01B780BB9782802D98948C7E71E2438
:10E2800020460EF049FD034618B9864A2346402130
:10E290008FE110F1100F01D18448B8E710F1860F1B
:10E2A00001D18248B3E7824AF1E782492046FEF76E
:10E2B000E1FB20B181492046FEF7DCFB18B90EF0E6
:10E2C0002EFD7E48A3E77E492046FEF7D3FB0028BB
:10E2D00055D100F06CFC7B4D30AF044639467A488E
:10E2E000FFF761FE95F821000EF04FFC95F8223003
:10E2F000013BDBB2022B96BF754A754A52F82320C8
:10E30000012C3AD0744B7449022C18BF0B460021E3
:10E31000CDE909117249CDE90711714909780691D2
:10E3200095F820100197CDE904316E4B0093CDE9AB
:10E33000020207336D4A6D484FF480710DF007FFFC
:10E34000FFF7BFFEFFF785FEFFF747FE6949674805
:10E3500014F01EFB002800F025836649644804225F
:10E3600014F0F4FA002800F01D8340F21F50002141
:10E370000DF02BF9012002F01CFB5F4BC7E75F4952
:10E380002046FEF777FB80B94F4B5D4A03F1200032
:10E39000194653F8044B42F8044B8342F9D1594BC8
:10E3A00091F8202059481A7031E758492046FEF765
:10E3B00061FB20BB534B30AC03F120051868596852
:10E3C000224603C20833AB421446F7D130A80EF000
:10E3D0004BFC30A8FFF7C3FA4A4D044630AB38AFC8
:10E3E0001A4603CABA4228606960134605F1080557
:10E3F000F6D1444B1C70002C33D0454807E7454903
:10E400002046FEF737FB30B144492046FEF732FB89
:10E41000002840F0AD80324B1B780BB14048F6E647
:10E42000384B30AC03F1200518685968224603C206
:10E430000833AB421446F7D19DF8C630224C012B6D
:10E4400008BF02238DF8C63002238DF8C430A368BC
:10E4500030A8013332930EF007FC30A8FFF77FFAA3
:10E4600008B92F48D3E630A8FFF745FB10F18A0F13
:10E4700001D12C48CBE6002859D02B48C7E6ED3710
:10E48000030004420300F9370300FE37030016417E
:10E490000300EE380300F2380300FD3803000239B0
:10E4A000030010390300243903003B3903004739C6
:10E4B0000300573903007B390300693903007839B9
:10E4C000030081390300863E0020A93E00203C2441
:10E4D00003000A2E03008C37030091370300DE424D
:10E4E0000300643E0020C13E002089390300623AE7
:10E4F00000204F3A03005B3C030084370300053AD9
:10E500000300663E0020653E0020023A03000A3AFE
:10E510000300133A03001C3A0300233A0300293A8C
:10E52000030056360300693603007A36030030AD27
:10E53000224638AF2B4603CBBB42106051601D46CC
:10E5400002F10802F6D1012384F820309A4C30AB56
:10E550001A4603CABA4220606160134604F10804F7
:10E56000F6D1954A964801231370954A13704EE6EA
:10E5700095492046FEF77EFA054628B99348FFF7ED
:10E5800060FC8F4B1D70DBE691492046FEF772FA66
:10E5900098B98F490F900EAA14F038FA08B98D482F
:10E5A00035E60FA901F067FC0028F8D10F9B8A4AD5
:10E5B000302130A80DF0CBFD40E688492046FEF71B
:10E5C00059FA0546002840F0AD8000F0F0FA804985
:10E5D0008DF837000EAA284614F018FA30B10DF164
:10E5E0003601FFF7E6FB044600286FD07D480EE6B3
:10E5F0004946FEF73FFA00284BD051462846FEF721
:10E6000039FA002845D077492846FEF733FAF0B9A1
:10E610000EAA394614F0FAF9054608B97348F6E52A
:10E620000A220FA90DF0DFFD0F9B9D42804606D008
:10E630001B7823B9421E42F20F739A4201D96B48EC
:10E64000E5E59DF83630012B24D06948DFE56949BE
:10E650002846FEF70FFA50B939460EAA14F0D6F93B
:10E660000DF1370100F0B1FAA0B16348CFE563497D
:10E670000422284614F06AF928B161490422284688
:10E6800014F064F918B90DF137012846EAE75D483E
:10E69000BDE501240EAA3946002014F0B7F905465D
:10E6A0000028A5D19DF8370000F06FFA9DF836508C
:10E6B0006B1E022B9AD8544B93F82270AF4221D193
:10E6C000B8F1000F09D1A4B95148A0E5414FDFF8D6
:10E6D0004091DFF840A18046DCE74F4B01224146E4
:10E6E00038461A7000F03BFB012F17D14C4A4346C5
:10E6F000CDE5494B0122414638461A7000F02FFB08
:10E70000484884E5454B0122414628461A7000F0EE
:10E7100026FB012D02D1B8F1000FE7D1002CEFD17B
:10E72000414874E541492046FEF7A4F9D0B928498B
:10E730000EAA14F06BF9044600283FF459AD3B498A
:10E74000FEF798F920B93A490220FFF7B6FBF7E542
:10E7500039492046FEF78EF910B937490320F4E70E
:10E76000374854E537492046FEF784F950B900F0A0
:10E77000C0FA344B354A1878354B00280CBF104688
:10E78000184644E533492046FEF774F978B131491B
:10E790002046FEF76FF950B130492046FEF76AF97E
:10E7A00028B12E492046FEF765F900285BD100F01C
:10E7B000B8FA2B482BE5663E0020653E0020323A31
:10E7C0000300633E00204F3A03004C3A0300563AE0
:10E7D0000300044203005C3A0300833A0300973AC3
:10E7E00003009F3A0300D23A0300C23A0300D83A2A
:10E7F0000300F23A03001C3B03000C3B0300203BE8
:10E800000300253B03002A3B0300863E00203E3BDD
:10E810000300B43A0300BA3A0300623E0020583BBA
:10E82000030095370300B23703007E3B0300843BAF
:10E8300003008C3B03003B360300A43B0300BE3BBC
:10E840000300CE3B0300643E0020E0370300CE37D8
:10E850000300D93B0300D33B0300E33B0300DD3B54
:10E860000300E73B030051492046FEF703F9002867
:10E870003FD14F490EAA14F0C9F8044600283FF4CE
:10E88000B7AC4C49FEF7F6F858B949490EAA14F04E
:10E89000BDF80DF13601FFF7E0FA002853D04648E5
:10E8A000B5E446492046FEF7E5F850B941490EAABD
:10E8B00014F0ACF80DF13601FFF77BFA38B340489D
:10E8C000A5E440492046FEF7D5F800287FF448AF7C
:10E8D00038490EAA14F09AF8044600283FF488AC90
:10E8E0000A220FA90DF07FFC0F9B9C4249D13648AC
:10E8F0008DE436492046FEF7BDF820B13049204668
:10E90000FEF7B8F888B92A490EAA0020D0E7304CA3
:10E910009DF83630A37120460EF0A6F92046FFF789
:10E920001EF82C4B18702C4871E42C492046FEF739
:10E93000A1F820B120492046FEF79CF888B91C496F
:10E940000EAA0020A3E7224C9DF8363063712046C2
:10E950000EF08AF92046FFF702F81E4B1870204887
:10E9600055E420492046FEF785F830B11649204687
:10E97000FEF780F800287FF43BAC0D490EAA00207A
:10E98000A8E71B78002BB2D1124CA06020460EF0F5
:10E990006BF92046FEF7E3FF0F4B1870134836E47F
:10E9A0006FF00606304670B0BDE8F08700BF4A3D04
:10E9B000030004420300043C0300F83B03006B41E6
:10E9C00003001B3C0300483C03003C3C030043366F
:10E9D0000300663E0020653E00202C3C0300083CFE
:10E9E00003000A3C0300673603004C3C030008B5F3
:10E9F00061B910F023FE054B186000F0D8F802282A
:10EA000004D0BDE8084002480FF063B808BD582B99
:10EA10000020603C030010B5094C2368834203D1F9
:10EA200006F0C1F80023236000F0C1F8022804D0EA
:10EA3000BDE8104003480FF04CB810BD00BF582B84
:10EA400000207B3C030010B50446002848D0254830
:10EA500013F082FB4FF0FF304FF0FF31FFF7F1FA78
:10EA600062222146214814F06BF8204A204604F126
:10EA70002001134650F8044B42F8044B8842F9D168
:10EA80001A790AB902221A711A684AB90D221A7043
:10EA90006FF00F025A7005229A706FF04E02DA7012
:10EAA00013480EF0E1F81148FEF759FF114B1870AA
:10EAB000114B114800241C70114B1C70114B1C7021
:10EAC000114B1C70FFF7BDF9FFF7FBFAFFF7C1FA16
:10EAD000064B0D489A6819790EF0FBFF204610BDD1
:10EAE0006FF01500FBE75C2B0020863E0020663EA1
:10EAF0000020653E0020643E0020993C0300633EF8
:10EB00000020623E0020613A0020A23C030010B5C4
:10EB10004FF0FF3104464FF0FF30FFF792FA034BFE
:10EB20001C70FFF7CEFABDE81040FFF792BA643EC2
:10EB3000002070B506460D464FF0FF304FF0FF3114
:10EB40001446FFF77EFA064B83F8216083F82250C3
:10EB500083F82040FFF7B5FABDE87040FFF779BAB7
:10EB600000BF863E002010B54FF0FF3104464FF045
:10EB7000FF30FFF766FA034B1C70FFF7A2FABDE8FF
:10EB80001040FFF766BA623E0020431E012B064B81
:10EB9000BFF35B8F88BF002053E8002F43E80001DC
:10EBA0000029F9D1BFF35B8F7047702B0020054B14
:10EBB000BFF35B8F1868BFF35B8F431E022B28BF28
:10EBC0000020C0B27047702B002038B50C460546B7
:10EBD000002869D0002967D03549042213F0B6FE19
:10EBE00028B133490422284613F0B0FE00B9043599
:10EBF00031492846FDF73EFF98B12F492846FDF7D9
:10EC000039FF70B12E492846FDF734FF48B12C4931
:10EC10002846FDF72FFF20B12B492846FDF72AFF94
:10EC200030B92070002038BD0120FAE70220F8E753
:10EC300026492846FDF71EFF0028F5D0244928461E
:10EC4000FDF718FF0028EFD022492846FDF712FFF4
:10EC50000028E9D020492846FDF70CFF0028E3D022
:10EC60001E492846FDF706FF0028DDD01C4928462E
:10EC7000FDF700FF0028D9D01A492846FDF7FAFE13
:10EC80000028D3D018492846FDF7F4FE0028CDD03F
:10EC900016492846FDF7EEFE0028C7D0144928463D
:10ECA000FDF7E8FE0028C1D04FF0FF30BBE7203B66
:10ECB0000300253B03002B4E03007D3903009137F1
:10ECC0000300DC3C0300E13C0300E63C0300843726
:10ECD0000300EE3C0300F63C030082370300FE3CD9
:10ECE00003008C370300033D0300073D03001D466E
:10ECF0000300014801210EF001B8802B00200148DB
:10ED00000EF007B800BF802B0020044BBFF35B8FD1
:10ED10001868BFF35B8F003818BF01207047802B45
:10ED2000002008B5044801210DF0E8FFBDE80840C7
:10ED3000FFF7DFBF00BF7C2B002001480DF0E9BFCB
:10ED400000BF7C2B0020044BBFF35B8F1868BFF320
:10ED50005B8F003818BF012070477C2B002010B556
:10ED60000C46014605480DF0C9FF214604480DF048
:10ED7000C5FFBDE81040FFF7BCBF782B0020742B07
:10ED80000020034BBFF35B8F1868BFF35B8FC0B2EB
:10ED90007047782B0020034BBFF35B8F1868BFF3DD
:10EDA0005B8F704700BF742B002008B504480DF03E
:10EDB000B0FFBDE8084002480DF0ABBF00BF782BA4
:10EDC0000020742B002018B111B1014A0DF0BFB919
:10EDD00070470B3D0300034B0449044800221A60AE
:10EDE000FDF752BE00BF8C2B0020F2450300E83E29
:10EDF000002038B5304B984204460BD12F4B0122EE
:10EE00001A70FFF7D4FE022819D02C492D480EF0B5
:10EE100060FE14E0A0F54035AB1E1E2B20D8012269
:10EE200002FA03F344F241010B420AD126490B4294
:10EE30000AD0214B1A70FFF7BAFE02281CD100201D
:10EE400038BD1D4B0022F5E7FFF7B1FE0228F6D0D2
:10EE50001E4B9C4215D918339C4220D11C49D5E742
:10EE6000FFF7A5FE0228EAD01A4B9C42F0D11948C0
:10EE70000EF02FFE1949C9E7144B9C4204D9174BD9
:10EE8000EAE7B4F5403F0DD9023D062D0AD8DFE888
:10EE900005F00D09040909090B001149B6E7114BEA
:10EEA0009C4205D01149B1E71149AFE71149ADE7DF
:10EEB0001149ABE700BF01000300063F0020173DEA
:10EEC0000300AE3D03000400004008000300213DA4
:10EED000030040000300873D03006C3D0300200059
:10EEE00003003A3D0300100003007D3D0300463D52
:10EEF0000300603D0300523D030070B503788AB003
:10EF000004460E4607AD032B20D8DFE803F00219B4
:10EF10001B1D11492846FDF7B7FD0595637804933D
:10EF2000A3780393E37802932379019363790093A1
:10EF3000A3790A4A1E2130460DF009F90AB070BDC6
:10EF40000849E7E70849E5E70849E3E7084A0A21ED
:10EF500028460DF0FCF8E0E700BFC13D0300EA3DA4
:10EF60000300C83D0300CF3D0300D93D0300E33D4E
:10EF7000030010B50446A9B960B9FFF72CFFFFF7ED
:10EF800016FE02280ED02146074A0748BDE8104069
:10EF90000EF09FBD064B186010F0D5FB0249FFF73D
:10EFA000ACFFECE710BDE83E00200D3E03008C2BCB
:10EFB000002030B589B00D46044610F0C4FB694608
:10EFC000FFF79BFFFFF7F3FD022805D007482B460C
:10EFD0006A4621460EF07DFD054B1B68A34201D118
:10EFE000FFF7F9FE09B030BD00BF383E03008C2B9F
:10EFF0000020F0B585B004460B9F1E46154602B1B1
:10F00000156806B13688FFF7D2FD022847D0002FD9
:10F0100059D0B4F1011FBB783A8826D1304C304822
:10F020002168057801312160CDE901233B79009306
:10F030002D4A2D4B1268002D18BF03462C480EF0A8
:10F0400048FD3B6823F07F43012B06D1BB783A880B
:10F05000216827480EF03DFD21E0B3F1011F1ED1CC
:10F06000BB783A8821682348F4E723498C4219D1B8
:10F0700023487D6801681A4C01310160B5FA85F0BA
:10F0800040092678CDE90023CDE90250174B154AF7
:10F090001C481268002E18BF23460EF01AFD0020EF
:10F0A00005B0F0BDA4F10114CDE90156032C98BFC1
:10F0B00015493879009094BF51F82410134913482A
:10F0C0000EF007FDEBE7A4F10114032C96BF0D4BE6
:10F0D0000E4953F824100E4833462A46BAE7882BC7
:10F0E0000020E83E00208C2B0020F24503007E3EED
:10F0F0000300EC3E0300313F030004000100842BB9
:10F100000020773F03004C250300743E0300E83FD6
:10F11000030028400300114A08B500231370104A69
:10F120001360104A1360FFF756FE0F4805F0EDFF1D
:10F13000FFF73DFD022802D00D480EF0CAFC0C4836
:10F1400002F027FC0C4802F024FCFFF730FD0228F7
:10F1500002D009480EF0BDFC002008BD00BF063FEC
:10F160000020882B0020842B0020300500205940EF
:10F1700003002405002018050020DC400300014B9B
:10F180001878704700BF063F00200FB4F0B50F4F4E
:10F190003B68B3B0ABB139AB389A0193C02102A838
:10F1A0000DF0C1FC061E0CDD02AC0025386814F819
:10F1B000011B836801355B689847AE4201D0C02DC2
:10F1C000F4D133B0BDE8F04004B0704700BFA42BC9
:10F1D000002001460148FFF7D8BF2241030007B5D0
:10F1E0001E23019380B1037873B1124901AA0CF078
:10F1F000DAFF012802D1019B782B05D90F48FFF7D0
:10F20000E8FF03B05DF804FB01980DF085FD0146B1
:10F2100020B901990A48FFF7B8FFF2E710F1100F83
:10F2200001D10748EBE710F1860F01D10648E6E768
:10F230000648F0E700BFFA480300143903002B41E9
:10F2400003003F3903004B390300434103000246EA
:10F250000B4601480BF031BB00BF902B002001484A
:10F260000BF0A3BB00BF902B002008B50548FFF7AB
:10F270008CFF40F21F5000210CF0A7F9012001F093
:10F2800098FB5741030070B5264B1B7888B02BB113
:10F29000254808B0BDE87040FFF79BBF4FF0FF3036
:10F2A0004FF0FF31FFF7D3FF204B6A4603F12006F2
:10F2B000144618685968154603C50833B3422A46F0
:10F2C000F7D1FFF7CCFF9DF80630012B08BF0223D2
:10F2D00020468DF806300DF023FD2046FEF70BFC8E
:10F2E00020B11248FFF775FF08B070BD4FF0FF3036
:10F2F0004FF0FF31FFF7ABFF0C4A08AD234603CBBD
:10F30000AB42106051601C4602F10802F6D1084B76
:10F3100001221A70FFF7A3FF0748FFF736FFE3E764
:10F3200000BF4B3F00202D3A03002A3F00207E36CD
:10F330000300293F00205741030038B50446FDF77C
:10F34000ABFB012823D12378A3F16102192A98BFCE
:10F35000203BDCB2A4F14103072B18D80F4D4FF02E
:10F36000FF314FF0FF30FFF772FFA4F14003284652
:10F370006B710DF0D5FC2846FEF7F1FA084B1870BA
:10F38000FFF76DFFBDE838400648FFF7FEBEBDE859
:10F3900038400448FFF71DBF00BF2A3F0020293F27
:10F3A0000020574103005C41030010B51B490622B1
:10F3B000044613F0CBFA80B119490622204613F017
:10F3C000C5FA50B117490922204613F0BFFAE0B13F
:10F3D000BDE810401448FFF7FCBE4FF0FF304FF07F
:10F3E000FF31FFF734FF0223104C2046A3710DF0CC
:10F3F00097FC2046FEF7B3FA0D4B1870FFF72FFF6E
:10F40000BDE810400B48FFF7C0BE4FF0FF304FF093
:10F41000FF31FFF71CFF0323E6E7053B030034360B
:10F4200003003B360300674103002A3F0020293FC9
:10F43000002057410300F0B5421E0446BBB0104601
:10F44000002310F8011FE518002931D1E15412F80A
:10F45000013F002B33D12378002B7ED09F492046DB
:10F46000FDF708FB20B19D492046FDF703FB68BB73
:10F470004FF0FF314FF0FF30FFF7E9FE994B5E7917
:10F480009C79984B1D78FFF7EAFE30460DF07DFB26
:10F49000611EC9B2022996BF944B944953F82110BA
:10F4A000024693482B463BB0BDE8F040FFF76DBEE7
:10F4B000A1F120065E2E9CBF01332970C1E7A3F1A4
:10F4C0006101192998BF203B1370C0E78A490622C1
:10F4D000204613F03BFA002841D10AAB8749874DFB
:10F4E0001C4611F8012F160902F00F020130AE5D23
:10F4F000AA5C1E7010285A7003F10203F1D1002398
:10F5000005AA7F488DF84830164610F8011F0F09EC
:10F5100001F00F010133EF5D695C1770082B51702A
:10F5200002F10202F1D1774D002328788DF82430C2
:10F530000DF02BFB6B78013BDBB2022B96BF6A4AC6
:10F540006B4A52F8232095F821300094CDE90163ED
:10F5500001466D4B6E48FFF718FE3BB0F0BD6C499D
:10F560002046FDF787FA48B16B492046FDF782FA3D
:10F5700020B169492046FDF77DFA40B90AA8C021AB
:10F58000FFF721FC66480AA9FFF7FFFDE5E764499C
:10F590002046FDF76FFA20B93BB0BDE8F040FFF719
:10F5A0001EBE60490522204613F0D0F908B9601D3F
:10F5B000F2E75D492046FDF75DFA38B90DF0AFFB83
:10F5C0005B483BB0BDE8F040FFF7DFBD594920463E
:10F5D000FDF750FA20B157492046FDF74BFA28B9FC
:10F5E00055483BB0BDE8F040FFF7DFBE5349204629
:10F5F000FDF740FA20B151492046FDF73BFA08B922
:10F600004F48EEE74F492046FDF734FA20B14D4907
:10F610002046FDF72FFA08B94B48E2E74B49032291
:10F62000204613F093F970B949490AAAE01C0CF07E
:10F63000BAFD012803D10AA8FFF77FFE8DE74448F1
:10F64000FFF7C7FD89E743492046FDF713FA20B1CC
:10F6500042492046FDF70EFA20B93BB0BDE8F04024
:10F66000FFF711BE3E492046FDF704FA08B9FFF73F
:10F67000FCFD3B490922204613F068F968B9394975
:10F680000AAA04F109000CF08EFD012803D10AA892
:10F69000FFF78BFE61E73448D2E734490B2220465E
:10F6A00013F054F920B929490AAA04F10B00BEE766
:10F6B00030490B22204613F049F90028CDD02D49BE
:10F6C0000622204613F042F90028D0D02B483BB048
:10F6D000BDE8F040FFF77DBD00BF704103006B4106
:10F6E00003002A3F0020293F00205C2503000A2E4A
:10F6F00003007641030012410300083F0020DF426F
:10F700000300183F0020073F0020213F00209341C5
:10F71000030016410300EE380300F23803002641CF
:10F720000300FD380300FC4103007B39030057410F
:10F73000030032360300053B0300BD3403003436BA
:10F740000300D63A03003B360300024203000642A0
:10F7500003005C4103008A3B03002F4203000A427E
:10F7600003000D42030017420300674103001C42DF
:10F770000300284203004F3A0300F13703002DE94C
:10F78000F04F0027DFF81CA1B3B03C463E463D4693
:10F79000454B1B7803F0FF0813B933B0BDE8F08F79
:10F7A000DAF8000083681B6863B915B154EA0603F0
:10F7B00042D1E7BB6FF0570B3C4859460EF089F930
:10F7C000474634E00DF1070198478346B8B33DB38F
:10F7D00054EA060224D012F0D0FF4FF47A7EA0FB48
:10F7E0000EC00EFB01004FEADC3C4CEA404CBCEB87
:10F7F000040C4FEAD03060EB0600BCF5967F70F148
:10F8000000004FF000090BDB05F1C8030DEB030509
:10F8100002A805F8C09CFFF70EFE4C464E464D462A
:10F820002FB91BF1860FC7D01BF1580FC4D0002190
:10F83000A4200BF0CAFEABE76FF0570BCBE79DF8A7
:10F8400007300D2B01D00A2B0FD11DB900242646FD
:10F8500025469DE705F1C8030DEB030502A800232B
:10F8600005F8C03CFFF7E7FDF0E7BE2D15D805F120
:10F87000C80205F101080DEB020505F8C03C12F0C5
:10F880007CFF4FF47A73A0FB030603FB0166C40BF5
:10F8900044EA46444546F60B7AE70448FFF799FCEC
:10F8A000D4E7A42B00204A3F0020344203006542E5
:10F8B000030070B50D4688B01646044600284BD0AC
:10F8C000002949D0264B2648186012F05AFB30B95F
:10F8D00025480EF0FEF86FF0120008B070BD224807
:10F8E00012F03AFC224B204604F1200250F8041B8F
:10F8F00043F8041B9042F9D102881A801D4B294617
:10F9000005F1200251F8040B43F8040B9142F9D1A0
:10F91000194B1E70194B00241C70184B01221A70D1
:10F9200000220023CDE906230C23CDE90243CDE9D3
:10F930000044134B144904944FF4006213480BF035
:10F9400092FB124911480BF02EFB114841F288310D
:10F95000FFF71BFC2046C0E76FF01500BDE7A42BA6
:10F960000020BC1F030073420300902B0020073FC0
:10F9700000202A3F0020293F00204B3F00204A3F23
:10F980000020C5E90100F04B0020D0170020A14263
:10F990000300B2420300014B1870704700BF4B3F99
:10F9A0000020024B1870597083F821207047073FE0
:10F9B000002013B50023234801930EF08AF800F0CD
:10F9C0008CF8044630B1014620480EF082F82046FB
:10F9D00002B010BD00F0E5F8044610B101461B4826
:10F9E000F3E701A800F00DF9044610B101461848EC
:10F9F000EBE7019918480EF06CF8174B019A9A4200
:10FA000005D016480EF065F86FF00404DFE71448DF
:10FA10000EF05FF800F00FF9044610B101461148EE
:10FA2000D3E7012000F0B9FE013001D10F48E9E72A
:10FA300000F00BF9044610B101460C48C5E70C482C
:10FA40000EF047F8C3E7F04203000E4303002843DB
:10FA5000030046430300674303003001CADE7E43D0
:10FA60000300B0430300C7430300E943030000441D
:10FA700003002244030030B5134B134A89B0CDE98B
:10FA80000030CDE90420012304AAB0F5806FCDE950
:10FA900006230546CDF808D0039311D80C4B1968FE
:10FAA0000C48836802AA1C6806ABA047044620B134
:10FAB00001462A4608480EF00CF8204609B030BD31
:10FAC0006FF00B04F9E74C4300204C3F00204C053D
:10FAD0000020E41F03003544030010B520480DF05A
:10FAE000F8FF1F4812F04DFA30B91E480DF0F1FF33
:10FAF0006FF01204204610BD1C4812F042FA08B9FB
:10FB00001B48F3E7194812F03CFA0028F8D0184BCC
:10FB1000194A1A60194A19491160194A1A4813609A
:10FB20004FF480310DF013F9044620B10146164818
:10FB30000DF0CFFFDEE715480DF0CBFF15484FF471
:10FB4000B0110DF004F9044610B101461248EFE778
:10FB500012480DF0BEFF11480DF0BBFFCAE7594433
:10FB60000300E41F03006F440300801F030091445F
:10FB700003006405002080841E0050050020001250
:10FB80007A004C05002068250300B0440300D844E7
:10FB9000030070250300F74403002145030042459C
:10FBA000030010B512480DF094FF11484FF4D01126
:10FBB0000DF0CDF8044628B101460E480DF089FF3E
:10FBC000204610BD02200DF0E1F809484FF4B011B5
:10FBD0000DF0BDF8044610B101460748EEE70520D8
:10FBE0000DF0D4F806480DF074FFE9E700BF574563
:10FBF0000300702503007145030096450300BD45D1
:10FC0000030038B5044670B1094A094D00230520A8
:10FC1000136013712B602B71FFF72DFF10B9D5F80E
:10FC20000130236038BD6FF01500FBE700BF4C4387
:10FC300000204C3F0020024B034A1A60002070470E
:10FC400000BF4C05002064050020024B034A1A60E7
:10FC50000020704700BF4C050020500500202DE912
:10FC6000F843054614461F468618884641B302B13C
:10FC700033B3B6F5806F26D8DFF8549032460021B2
:10FC8000484612F085FF32460021114812F080FFED
:10FC90002A464146484612F053FF2CB122463946C7
:10FCA00009EB050012F04CFF0DF083F804463046D6
:10FCB000FFF7E1FE84F31188BFF36F8FBDE8F8838F
:10FCC0006FF01500FAE76FF00B00F7E700BF4C4349
:10FCD00000204C3F00202DE9F843064615461F46FC
:10FCE0008418884659B302B14BB3B4F5806F29D854
:10FCF000DFF8589016482246002112F049FF2246AC
:10FD00000021484612F044FF41463246104812F0A6
:10FD100017FF0DF04EF880462046FFF7ACFE044674
:10FD200088F31188BFF36F8F30B92DB12A4609EBE4
:10FD30000601384612F004FF2046BDE8F8836FF054
:10FD40001504F9E76FF00B04F6E74C3F00204C4335
:10FD500000202DE9F0410E46044668B307292BD850
:10FD600008460DF035F801461548154FDFF8588064
:10FD70000DF0AFFE06EB460304EB83140025E8B25A
:10FD8000864208D0237883B10DF022F862680146DC
:10FD900040460DF09EFE0135082D04F11804EED109
:10FDA000BDE8F04109480DF094BE0DF011F8014690
:10FDB00038460DF08EFEEEE7BDE8F08100BFD64577
:10FDC0000300ED450300E5450300F44503002DE97C
:10FDD000F047044640B31548DFF858A00DF079FE0F
:10FDE0000025A9460135EDB227462E46082E08D13A
:10FDF000082D04F1D804F4D1BDE8F0470E480DF009
:10FE000068BE3B7E63B148460CF0E2FF8046304658
:10FE10000CF0DEFFFB690246414650460DF059FEEC
:10FE20000136F6B21837E1E7BDE8F08700BFF945C3
:10FE3000030006460300F44503002DE9F0410E4699
:10FE4000054690B189B10A4F002457F8341028466E
:10FE500007EBC40812F062FD20B9D8F80430336013
:10FE6000BDE8F0810134052CEFD16FF01500F7E704
:10FE700000BF7825030037B500230D4601A9019383
:10FE8000FFF7DBFF044658B90146019A1E200DF02A
:10FE900029FA019904480DF01CFE0DB1019B2B605D
:10FEA000204603B030BD1F4603002DE9F04F044645
:10FEB0008DB00D460DF01BF90DF019F9072C00F26D
:10FEC0005282DFF82093DFF82083DFF820A3C84EAA
:10FED000E0B289F800000CF0E7FF4FF0A042A8F86C
:10FEE0000000CAF80050D2F87C17C24BC3480B4040
:10FEF00043F00303C2F87C370DF0FBF800F071FA11
:10FF0000317800295AD11E200DF073F90B210546D6
:10FF10002A200DF0B6F90446B9480DF0EEF900219B
:10FF200001222F200DF0BAF9317881B91E200DF091
:10FF300060F90B2107462A200DF0A3F92346009013
:10FF40003A46AF4829460DF0C4FD012333704DF603
:10FF5000CA600DF0E0F9B8F800000DF0E1F90820F2
:10FF600000F01FFA44F234000DF0B1F944F234000D
:10FF70000DF0B3F9012000F038FB002000F0C3FBC6
:10FF800000200DF0DDFA9F4A00210F200DF0AAF9A4
:10FF90000022B8F800309C48114600250CF0C2FF42
:10FFA0000595FEF7B2FE60B100F081FB0DF0CDFAD1
:10FFB0000DF09FF800200DB0BDE8F08F002425461D
:10FFC000AAE7FFF7DCF830B100F071FB0021422016
:10FFD0000BF0FBFAE5E70DF08AFA00210F200DF097
:10FFE00008F90135C5F3090304466BB9FEF78DFE28
:10FFF00020B100F05CFB0DF0A8FADBE7FFF7BFF8DB
:020000040004F6
:100000000028E1D10DF073F8814B1C42E5D014F4C7
:10001000804510D1A20006D54FF0005229460F208E
:100020000DF060F9BDE77A4A29460F200DF05AF924
:100030000DF08BFACEE011F0BEF8002110200DF08B
:10004000D8F810F4607505D000F031FB0DF07DFAA2
:100050000025A6E7704CC0F309062A463146204623
:100060000DF0A0F811F0A7F8DAF80030002B00F03E
:100070009D80B8F8001020460CF0A5FF002800F085
:10008000A78064480CF06AFF06460CF01DFF83460B
:1000900038B130460CF00EFFDAF80030002B00F0DB
:1000A000998008A800240DF09EF80423224608A891
:1000B0001702C25C47EA1467013B42EA04243A464D
:1000C000F6D211F078F853480CF045FF52480CF086
:1000D00045FF50480CF04EFF4F480CF054FF4D4880
:1000E0000CF03FFFBBF1000F40F0AF804FF4966380
:1000F0004FF48032A346E3FB02B72BF4FF7244F2C5
:100100003403454922F00102D2183F4B0978997017
:10011000310A9971B8F80010D971090A1972210AC7
:10012000D972210C1973210E597334219973110A54
:10013000D973110C120E19745A740021102203F194
:1001400012005E719C7212F023FD2F4B00221946A3
:1001500014200CF0F7FF014600283BD10122069045
:10016000142000F010F94FEA1B2040EA07600DF060
:10017000A8F911F020F811F01EF84FF0A0434FF04D
:100180000042C3F80C25012000F065FA074611F083
:1001900012F8224A06990F200DF0A4F8002F00F063
:1001A000AB800CF0A6FF00F082FA41E72378B8F8A4
:1001B0000070412B0ED16378882B40F0D780637A92
:1001C000E02B40F0D78020460CF0C5FE874204D0DB
:1001D0000C2E26D80CF08BFF3AE720460CF0BEFE22
:1001E0000CF06AFE4AE7E4470020323A0020F4327D
:1001F0000020E3470020F0F8FCFF280800208005DD
:10020000002073490300F8FF2724E547002000D0B1
:100210000524009005240948002088480020F8FFA4
:10022000272C2378412BD5D16378882BD2D1637AC0
:10023000E02BCFD152480CF08EFE4FF6FF73984260
:10024000C8D14E480CF096FEC4E74C480CF09BFE1B
:1002500006904A480CF085FE834648480CF08AFE1A
:10026000069B024678B399F80010012088401040A0
:10027000C0B240B34248CDE906120CF09AFE06998E
:100280000729834618D80020079A03460BEB000E77
:100290000EF0070E4FF0010C0CFA0EFC02EA0C0CEB
:1002A0005FFA8CFCBCF1000F03D0714505D001331F
:1002B000DBB201300828E9D1FF234FF47A725343AF
:1002C00003F5966314E75B457FF610AF013BA3EBA4
:1002D0000B024FF47A7303FB0BF303F59663C8210B
:1002E00001FB023304E70137C7F3090323B9FEF723
:1002F0000CFD00287FF458AE00210F200CF079FF90
:100300000306F0D5802200210F200CF0EBFF0CF04B
:10031000F0FE059B01330593FEF749FCE0B10CF0BC
:100320004AFF08AF834638460CF08CFFCDE901B791
:10033000009499F8001005984FF0FF3332460CF006
:10034000DBFCCDE901B7009499F8001005984FF057
:10035000FF3332460CF0D1FC0CF0C9FE094A137889
:10036000013313701DE64FF0FF3024E60C2E3FF6EC
:100370005BAF2FE70C2E3FF65AAF2BE700BF0948C3
:10038000002088480020054B1B68DB6843EAC23325
:10039000034343EA8152082000210CF0A3BF8805E3
:1003A000002010B50021044604200CF022FF7CB18F
:1003B000094B04F4FF7203401A4342F00102064B5A
:1003C0001B681A61BDE81040002104200CF08ABFB0
:1003D000034A0240F3E701FE47F088050020FEFFD4
:1003E00047F02DE9F843067847784279734B013F8F
:1003F000042E33F812800446FFB200F0C080F31FD1
:10040000D3F1000949EB03096D4DE37929680A69C5
:10041000002B40F0B78042F480024FEAD8080A610E
:10042000237A8B7222F440320A61237A1B0403F48C
:1004300040331A430A61042000210CF053FF424666
:1004400042F604012E200CF036FF38460CF090FFE7
:100450005C4B13F806805B4B072153F828202B20B8
:100460000CF040FF594B0B2113F808202B200CF007
:1004700015FF564B0B2113F8092028200CF00EFF16
:10048000544B0C2153F8282028200CF02BFFE27944
:10049000A37903EB42034F4A022132F813202720AD
:1004A0000CF009FF4D4B042133F8172027200CF0E6
:1004B00002FFE379002B68D16422062127200CF08B
:1004C000FAFEE378464A03EB8703082152F823201B
:1004D00027200CF007FF638913B941F241036381C0
:1004E000DFF800816289202127200CF0E4FED8F893
:1004F000002008EB47080C2123200CF0F3FE2320FA
:10050000B8F8042004210CF0D6FEA079002851D0C0
:10051000E379344A2120D25C00210CF0BFFE012295
:100520000320617906F00F0343EAC1636178360165
:10053000F6B28904334301F440210B432179890544
:1005400001F0F8610B4343EA005343EA42420021C1
:100550001F200CF0C7FE6278A3781343E2795203A0
:1005600042EA03422B680021DA6008200CF0BAFE50
:10057000BDE8F843422200210D200CF08FBE4FF061
:10058000010941E722F4800249E7A378042B0AD14C
:100590001022062127200CF08EFE10222621272073
:1005A0000CF07CFE8DE72022062127200CF083FE34
:1005B0002822F3E70246B4E700BF502D0300880568
:1005C0000020DA490300C8250300D4490300D249BA
:1005D0000300E0250300862D0300822D0300A025E3
:1005E0000300C0250300CF49030038B510F0010512
:1005F000044625D0002126200CF0FBFD20F470528B
:1006000042F4A052002126200CF06CFE002136207E
:100610000CF0EFFD002140F4040236200CF062FEE5
:10062000A30707D44FF4887228213620BDE838404C
:100630000CF058BE074A282136200CF053FEF1E793
:10064000294626200CF0D5FD294620F4705226209C
:10065000ECE710010F0010F0020208B504D0124BB5
:100660001B6801225A75802210F0010116D042F059
:10067000060200210D200CF011FE03210F200CF0CA
:10068000D5FD10F4816F01D1002008BD0D2040225E
:1006900000210CF003FE4FF0FF30F6E742F00202BB
:1006A0000D200CF0FBFDEFE700BF8805002038B5FA
:1006B00000210E200CF09DFD05460CF07AFB002277
:1006C000114604460E200CF00DFE402200210D20A4
:1006D0000CF0E4FD0A4A00210F200CF003FE0CF0A0
:1006E000F5FE2A4600210E200CF0FCFD20460CF001
:1006F00068FB034B1B6800225A7538BD00BFF8FF2A
:1007000027248805002070B50321054604200CF03D
:10071000B8FD0E4E044695B12A4600210C200CF07F
:10072000CAFD3268136943F08053136144F010022C
:10073000D2B2BDE87040032104200CF0AFBD326896
:10074000136923F08053136100F0EF02F1E788058D
:10075000002008B50CF0AAFE002211462C200CF057
:10076000AAFD002206212C200CF098FD0CF0F3FDD0
:100770000022032136200CF091FD01200CF026FB15
:10078000F022032136200CF089FD024B1B68002269
:100790005A7508BD00BF880500202DE9F041624D63
:1007A0002B680027C3E90A77C3E90C775F61044629
:1007B0000CF030FD5E4B9842014640F0B2805C4840
:1007C0000DF087F914F002064AD014F0F8086FD043
:1007D0000422394624200CF061FD302128200CF041
:1007E00008FDB0F1883F1FBF2A68D38A43F48053C5
:1007F000D38204F00A030A2B60D11E200CF095FD71
:100800002B68C0F30720D87214F010002F6802D0B4
:1008100006200CF08AFD386014F020002F6802D00A
:1008200007200CF082FD14F0400278604AD00820C6
:100830000CF07BFD2B68187214F0800245D0092063
:100840000CF073FD2B685872002E67D1E2073FD57C
:100850000CF01AFE2A68D38A43F40063D38242E084
:10086000FFF777FF30460CF0A9FD04223146242023
:100870000CF014FD04200CF058FDC0B248B1022267
:1008800012212D200CF00AFD2A68D38A43F48053EC
:10089000D3821E200CF049FD2B6810F01F0FC0F30F
:1008A000072208BF1020DA72C0B20CF05BFEABE783
:1008B00040460CF083FD042241468BE72B68002262
:1008C000DA72A1E72B681A72B6E72B685A72BBE797
:1008D000052136200CF0AAFC20F4007292B205210A
:1008E00036200CF0E8FC01200CF068FD00220A2103
:1008F0002C200CF0D3FC002104202C680CF079FC97
:1009000020612C68638A03F00303A372002108208E
:100910000CF06FFCE0600020BDE8F0816307E2D4DA
:1009200098E74FF0FF30F7E700BF8805002030015F
:10093000CADEBE490300014B1B68184700BF8C0587
:100940000020014B1860704700BF8C05002030B5B7
:1009500085B004460D4610220021684612F018F9B1
:1009600002238DF802302A46044B01932146684643
:100970000BF09FFC05B030BD00BF7DFB010080B5D2
:1009800005460E46174698460AF03DFE034612F00D
:1009900064F9DFF81890044649F8003042463046C2
:1009A0003946A84754F8090000F009FC00BF0800C8
:1009B000000008B50446EFF31183402383F3128847
:1009C000BFF36F8F07F015FE204600F0A2FB024830
:1009D0000DF07FF80DF000FDFCE7E24903002DE982
:1009E000F047058B04462807904611D4022905F0EC
:1009F000070540F0CC8020460DF085F878B101382D
:100A0000218B042811D8DFE800F0C2106D85950015
:100A100001290CBF45F0100545F02005258388F31A
:100A20001188BFF36F8FBDE8F08701F0070AAA4570
:100A300000F0A5800027B9463E46A368002B00F0D1
:100A4000BC8041F00801218388F31188BFF36F8FC8
:100A5000A168002900F0BA800D68002900F0B68076
:100A6000D1F80480334652462046C047002D76D048
:100A70002B6829461D46F0E701F007035A1F012A9B
:100A80001BD8002221F00701062B276889B2C4E990
:100A9000002209D13B4603E0628B013262831B686E
:100AA000002BF9D141F00201218320460DF02BF8F3
:100AB00000287AD041F0200176E0042B0AD121F001
:100AC000070189B2218320460DF01DF810B141F0D5
:100AD00020012183218B01F0070AAA454FD000276E
:100AE000B946AAE7236921F0070141F00601062D66
:100AF000D3F8009021832DD1B9F1000F3FD041F000
:100B00000801218388F31188BFF36F8F3A4920468B
:100B1000C84729E021F00701236941F0040189B2A7
:100B2000042DD3F804902183E6D000273E464FF0F1
:100B3000040A82E721F00701236941F0050189B227
:100B4000052DD3F808902183D6D000273E464FF0DC
:100B5000050A72E700273E464FF0060A6DE72B466E
:100B600087E7B9F1000FD1D1EFF31188402383F368
:100B70001288BFF36F8F238B23F008032383258B09
:100B8000EA062ED525F01003238305F007056669D4
:100B9000218B002EBFF670AF00232768C4E9003315
:100BA00021F0070141F001012183218B01F0070AA7
:100BB000AA454FF000097FF440AF002F9CD041F0D0
:100BC0000801218388F31188BFF36F8F002FC8D0ED
:100BD0003D6839463346524620460CF0C0FF2F464A
:100BE000F4E7AB067FF51BAF25F02003238305F068
:100BF000070500E700BFD1CD0200014B03600020D4
:100C00007047F825030070B5114B1C680D46DCB128
:100C1000104B196800238B4202DB6FF0010070BD9E
:100C2000224612F8106B864202D001331446F2E7D6
:100C3000E06810B96FF01200F1E711F0A2F9002896
:100C4000F8D02C600020EAE76FF00C00E7E7900591
:100C50000020F82503002DE9F3470D46DDE90A7869
:100C600091461E46044620B96FF00D0002B0BDE863
:100C7000F0870029F8D0002AF6D0009300230193D2
:100C80008B680846DB6898470268B6FBF2F302FB04
:100C9000136382462262002BE6D16A461349284636
:100CA00010F0DDF8019A002ADED007EB08039A4223
:100CB000DAD3216AB7FBF1F301FB1373002BD3D115
:100CC000C4E90096E5602361A3606761B8F1000F95
:100CD00001D1A2EB07080C9BC4F81880E3619AF8D5
:100CE000053084F824300020C0E7E7CF020008B5C3
:100CF00004480CF0EEFEBDE8084002480CF0E9BEE6
:100D000000BF0B4A0300404A03000449431E0F3052
:100D100013F8012F8A5C1A708342F9D170476E4A2A
:100D20000300F0B5264E07460C460FCE8DB001AD40
:100D30000FC50FCE0FC596E8070085E807003846B7
:100D4000002F38D0002C38D0381F214602461034EE
:100D50004B780D781B0443EA0563CD782B438D78DF
:100D6000043143EA05238C4242F8043FF0D1144C8D
:100D700004218A07036916D1C3F30742A55C1A0E42
:100D8000A25C42EA0562C3F30725DBB2655DE35C62
:100D900042EA054242EA032221F0030330336B4466
:100DA00053F82C3C534050F8042F013153402C2968
:100DB0000361DED101200DB0F0BD2046FBE7E0214C
:100DC00003006E4A030030BFFFF7FDBF00BF2DE9EF
:100DD000F0410B4EDFF8308006EB0807CC1B0546D0
:100DE00032460949204611F0ABFEA01942460021C7
:100DF000083C11F0CDFEC5F8944007F10800BDE8AD
:100E0000F0810000000008000000E0210300074A14
:100E1000936893F90E10002907DB526993421FBFB4
:100E2000044A536843F080535360704700BFF83959
:100E3000002000ED00E0134B9A6A12F0007F9A6ADE
:100E400014BF1E201D2012F0807F9A6A18BF1F2039
:100E500012F4002F9A6A18BF212012F4802F9A6A88
:100E600018BF222012F4003F9A6A18BF232012F400
:100E7000803F9A6A6FEA02426FEA12429A6218BF92
:100E80002420704700BF00ED00E010B5194B02466A
:100E9000986A9C6A10F4805F14BF1720162014F41F
:100EA000006F9C6A18BF1820A40509D5986B986A32
:100EB000000404D51AB19A6A22F400429A621920F9
:100EC0000C4B9A6A12F4806F9A6A18BF1A20D205E6
:100ED0000CD49B6A13F4005F18BF1C20054A936A68
:100EE00043F47F43936200230B7010BD1B20F5E792
:100EF00000BF00ED00E010B51C4B0246986A9C6AEA
:100F000010F0100F14BF1120102014F0080F9C6A6D
:100F100018BF1220A40709D5586B986A000604D59B
:100F20001AB19A6A22F080029A6213200F4B9A6AD1
:100F300012F0010F9A6A18BF142012F0200F9A6A5B
:100F400018BF1520D40658BF9B6A074B9A6A9206B1
:100F500042BF5A6A22F400525A629A6A42F0FF0271
:100F60009A6200230B7010BD00BF00ED00E0F0B5E9
:100F7000474B5B688BB00446C3F30803002585F339
:100F80001188BFF36F8F02F07F40B0F17F4F11D116
:100F900002F00C0008280DD010074CBF0C460125AC
:100FA0000022033B8DF80720032B05D8DFE803F070
:100FB0002462665F2C46F3E700239DF80720CAB938
:100FC00002AE04F1200720686168324603C208348B
:100FD000BC421646F7D1099A002D53D0C2F308013E
:100FE00021B96FEA52226FEA4222099202A91846F9
:100FF0000DF0D6F90BB0F0BD254BDA6A9107DBD4C2
:10100000DA6A002AD8DBDA6A5200D5D55A69A169B2
:1010100042F480725A61BFF34F8FBFF36F8F5A69EA
:1010200031F8021C22F480725A61BFF34F8FBFF374
:101030006F8F4DF60272914209D09A6AD2B242B1D4
:101040000DF107010120FFF756FF0346B5E72368BE
:10105000B3E79A6A12F47F4F05D00DF10701012022
:10106000FFF713FFF1E79B6AB3F5803FA4D3FFF7C7
:10107000E2FEEAE70DF107010020E4E70DF10701C8
:101080000020EDE722F4FF7222F00102ADE700ED4F
:1010900000E0044B5A6942F010025A615A6922F08A
:1010A00008025A61704700ED00E0EFF30880EFF3AB
:1010B000098101B57246FFF75AFF01BD00BF00204C
:1010C00080F31488BFF36F8F08F05FFB00200D4999
:1010D0000860BFF34F8F0C4880F3088800F03DF89C
:1010E000402080F3118809484FF40061401880F3D4
:1010F0000988EFF314800221084380F31488BFF3BA
:101100006F8F00F022F994ED00E070840020306FC2
:101110000020BFF34F8F0549064BCA6802F4E06216
:101120001343CB60BFF34F8F00BFFDE700BF00ED5F
:1011300000E00400FA050749D1F890200023C2F32B
:1011400007221846934200DB7047C1F89830C1F877
:10115000A0000133F6E700ED00E008B572B6002309
:1011600083F31388FFF7E7FF144B4FF0FF32C3F808
:101170008020C3F88420C3F88820C3F88C20C3F8EB
:101180009020C3F89420C3F89820C3F89C20C3F89B
:101190008021C3F88421C3F88821C3F88C21C3F8C7
:1011A0009021C3F89421C3F89821C3F89C2162B61A
:1011B000BFF34F8FBFF36F8F08BD00E100E0084B16
:1011C0009B6883420BD1EFF3058343B1064B5A680A
:1011D00042F080525A605A6A22F400425A6211F078
:1011E0006EBAF839002000ED00E00A4A93686FF00B
:1011F0000A01C3F89C100849C3F898004B6843F0F3
:1012000080534B60002383F31188BFF36F8F936883
:10121000D3F89C007047F839002000ED00E0EFF3B0
:101220001183402383F31288BFF36F8F0A4A5369F7
:101230009360094A4FF000615160084AD3F8941056
:1012400011600021D3F89820C3F8981082F3118818
:10125000BFF36F8F7047F839002000ED00E03033A6
:1012600000200B498A684FF030001044EFF3098CDE
:1012700080E8F01F74467046FFF7D1FFA646044988
:101280008A6802F1300090E8F01F8CF309887047FB
:101290000000F83900201EF0040F0CBFEFF30880A7
:1012A000EFF30980816911F8021C0229FFD001B512
:1012B0000DF07CF801BD40B2002807DB044A41096B
:1012C000012300F01F00834042F82130704700E105
:1012D00000E040B200280CDB4309064900F01F0083
:1012E00020330122824041F82320BFF34F8FBFF308
:1012F0006F8F704700BF00E100E0054B420900F02E
:101300001F0053F82220012303FA00F01040704719
:1013100000BF00E100E040B2D30754BF023100211A
:101320000028ACBF00F16040074A4FEA4113ACBF50
:1013300000F5614000F00F00DBB2B4BF135480F839
:101340000033704700BF14ED00E00B4A08B50B4BAB
:1013500022F07F029A60BFF34F8FBFF36F8FD3F8F5
:10136000882022F47002C3F8882009F0A0F90AF05E
:10137000E8F900F04AF809F0DEF900C2000000EDDB
:1013800000E042F8203C009B42F81C3C0A49019BCB
:1013900042F8183C029B42F8143C21F001014FF046
:1013A000807342F8043C42F8081C0023203A02658E
:1013B000C0F898307047C5FB010000B50C4B986031
:1013C0000C4B0E46D0F89410196015462C4686F347
:1013D00009884FF00000074B984720464FF0000166
:1013E0004FF000024FF00003044C204700BFF839D3
:1013F00000203033002011D60200C5FB0100014B54
:1014000010221A61704700ED00E0044800234021DB
:10141000C2180133272B82F80013F9D1704700E17D
:1014200000E008B5EFF30583064A103B02EBC30169
:1014300052F8330049688847BDE80840FFF7E7BC29
:1014400000BF20200300024B034A0348012100F0A3
:1014500066B800000120000000208C260300084A26
:10146000C2F898000B6823F01F03034343F01003F6
:10147000C2F89C308B6843F00103C2F8A03070477B
:1014800000BF00ED00E02DE9F043DFF8608085B09B
:101490000E461F4604464FF00009B14523DA606846
:1014A000D8B13FB1411E08421BD11F2819D923686A
:1014B000194216D1236801930CF0AAFFA3680343D5
:1014C0000393D8F89050C5F30725D0B2013DA84248
:1014D00007D801A9FFF7C3FF421C09F101090C3429
:1014E000DBE76FF01502104605B0BDE8F08300EDB4
:1014F00000E0044B0522C3F89420BFF34F8FBFF3E5
:101500006F8F704700BF00ED00E0BFF35F8F024BAD
:101510000022C3F89420704700BF00ED00E010B532
:10152000034C01232278FFF7AEFF207010BD8948DD
:1015300000202DE9F043534B544CD3F890302568EC
:10154000C3F307239D4285B000F29A80FFF7DDFFC9
:1015500000200C2685421AD14D4C4D4F257068460F
:10156000FFF74BFBDFF82081DFF82C9106460025C2
:10157000AE4213D1237843490020D1F89020C2F322
:101580000722934276DBFFF7B4FF002042E0616858
:1015900006FB0011FFF763FF0130DBE7009800EB6B
:1015A00005114FEA051CCB683B40B3F5000F48D04E
:1015B0000AD8B3F5001F30D0B3F5800F36D0B3F59D
:1015C000801F10D00135D3E7B3F1807F42D0B3F153
:1015D000007FF7D150F80C3088684A680CF018FF8B
:1015E00040F4802009E050F80C3088684A680CF01C
:1015F0000FFF40F0885040F43020CDE901230390E4
:10160000D8F890302078C3F30723013B98422AD9B9
:101610006FF0150005B0BDE8F08350F80C30886815
:101620004A680CF0F5FE40EA0900E6E750F80C3095
:1016300088684A680CF0ECFE40F0007040F400301E
:10164000DBE750F80C3088684A680CF0E1FE40F0A7
:101650008270D2E750F80C3088684A680CF0D8FEE7
:1016600040F08870C9E701A9FFF7F9FE237801333C
:101670002370A7E7C1F89830C1F8A00001337CE7D8
:101680004FF0FF30C6E700ED00E0982603008948E0
:1016900000200000F0FF0000081108B5024B1B6895
:1016A0009847002008BD34330020034B044A1860DB
:1016B000937843F00203937070473433002094050D
:1016C000002008B50649064821F00701C1F1005283
:1016D00002F580320CF0A3F9002008BD00BF27DE20
:1016E00000203833002070B54169867A0B4D0446DE
:1016F00059B1437ADB0706D42C2303FB06535B6AFC
:101700001B689B689847002363612C20214606FBD9
:101710000050BDE8704010F0AFBD74090020024BCE
:101720002C2202FB0030704700BF74090020827A2F
:10173000064B2C2101FB02339A6A1B7F1B33801A54
:1017400023F00303B0FBF3F070477409002038B5B1
:10175000074B827A2C2404FB02335B6AD3E9012411
:101760000C601568FFF7E3FF04FB005038BD7409F7
:1017700000202DE9F04F85B005466846039191465B
:101780001C4690469A4610F0FAFFDDE90067EFF339
:10179000118B402383F31288BFF36F8F698B00296D
:1017A00042D02B8B8B4226D900220023284609F0F9
:1017B00038F90446F8B18BF31188BFF36F8F039BA0
:1017C000002B4FD032463B46684610F0FCFFA27A11
:1017D0002D4B2C2101FB023320465B6A1B6803A9B9
:1017E0001D68DDE90023A847606100283BD1204641
:1017F000FFF779FF31E0698B4B1E6B838BF3118808
:10180000BFF36F8F2B7F2A8BAC6A1B3323F003034C
:10181000521A02FB03441B4B1C4AEB1A9B10534306
:10182000A3722B7FE372CAE78BF31188BFF36F8F2C
:1018300054EA090409D011F010FA144A154B125851
:101840009A420ABF8846C846C24642465346284680
:1018500009F0E7F804460028B1D10024204605B07D
:10186000BDE8F08F6361012300252381039B638220
:10187000E27A6560294604F1180011F089F963697C
:101880002582E360EAE774090020A38B2EBA0800E2
:101890000000D829002070B50C4C2C2500B970BD73
:1018A000037A4668013BDBB20372002BF7D1C360B9
:1018B0004360837A05FB03431B6A13B198473046A4
:1018C000ECE7FFF710FFFAE700BF74090020044AB5
:1018D0000123C2F840354FF080420020C2F878352D
:1018E000704700E0014020B1034B800143F0010349
:1018F0001847704700BF0024030038B5064C064D5A
:10190000AC4201D3002038BD54F8043B002BF7D083
:101910009847F5E700BFD4210300E0210300084BFE
:101920000246186808B1036800B9704741899142BE
:10193000FBD01BB1196818460B46F5E71946FAE7C4
:1019400000BF4C3300200A4B1B681BB11A681BB93F
:10195000184670471A46FAE75989814206D01AB1EB
:10196000116813460A46F2E71146FAE7D86870474D
:1019700000BF4C33002000230360044B5A6812B9A7
:10198000C3E90000704710605860704700BF4C33D7
:10199000002000230360044B5A6812B9C3E9000019
:1019A000704710605860704700BF443300202DE935
:1019B000F04F89B01E46DDF848800491002119607F
:1019C000284BA8F800101B688DF81910054617461B
:1019D0004FEA104B002B42D01C6889464FF6FF7A25
:1019E0001BB9084609B0BDE8F08F9A68524506D089
:1019F000BBEB124F27D125EA020292B21ABB326822
:101A00000792B8F80020ADF81A20049A01920DF15F
:101A10001902009202975B6805919C4607AA0DF196
:101A20001A032846E047059948B1B9F1000F06D1DD
:101A3000079B336002280BD001464FF001099DF847
:101A40001930002BCDD144B1226823461446C7E794
:101A5000BDF81A30A8F80030EEE72246F5E719463F
:101A6000BFE74433002070B504460E4615468AB3DE
:101A7000A0F84810A0F84A201849032210F030FAC4
:101A800018B9002000F0010070BD0221204610F0BE
:101A900042FA0028F5D011490522204610F020FA1C
:101AA0000028EED03146204610F008FA0028E8D091
:101AB0000C490222204610F013FA0028E1D02946F2
:101AC000204610F0FBF90028DBD00221204610F060
:101AD0002AFAD7E70120D7E700BF7D4B0300814BEF
:101AE0000300874B03002DE9F04F002395B0CDE9AB
:101AF0000E33994601F10C0305460E460893348ACD
:101B000044B9296830460CF055FF296800200CF0D4
:101B100051FF82E0072C40F27081F2681068516832
:101B20000EAB03C3BDF83A30BDF83CA008985BBAD1
:101B30009AB29AFA9AFA08210692ADF83A30ADF8BC
:101B40003CA00CF0FFFC338A069A93421FFA8AF7F6
:101B5000C0F055819DF83830059313F0050440F02E
:101B60005381296830460CF011FF8046002800F0B0
:101B70004D81686840F8046B338ACDE90144012245
:101B80000092F268042110F006F9A86841460CF0B2
:101B90002CFD9DF83830D5F808B0C3F3C103012BF4
:101BA000CBF84C4000F227813846FFF7B8FE0028FA
:101BB00037D10824D5F80C90B4F1080718BF0127D5
:101BC000A86841460CF011FDD5F808B00BF1040AE5
:101BD0000221504610F09FF9002840F0C6800221F3
:101BE000504610F0A0F9296830460CF0E3FE296851
:101BF00040460CF0DFFE87B1BDF83C30ADF8403018
:101C00009DF83F308DF842300BAB00938348119420
:101C10000CAB082210A9FFF7CAFE204615B0BDE89C
:101C2000F08F9DF83F7039460CF0B0FC0028C0D012
:101C30009DF83820C2F3020312F0070203D0022AF3
:101C400011D00324B6E70468A8680993002CB0D02B
:101C50000F21043010F05FF90022099BEA60079021
:101C600018B90724A6E74468EEE78DF84C300DF16B
:101C70002E03009308220DAB12A94FF00110ADF80E
:101C800048A08DF84A70FFF792FE40B30128AB6878
:101C90000D9C27D0BDF82E10181DA2B2FFF7E3FE51
:101CA000AB680F21B8B1181D10F03DF90028D8D04D
:101CB000BBF84E40002C43D0059B13F0180F3FD1CA
:101CC000BBF84C00FFF73FFE0346C0B9D5F80C90B7
:101CD0000124012774E7181D10F025F9C1E72846F3
:101CE000A0470446A8680F21043010F01CF918B969
:101CF000002C7FF45FAFB4E7002CD9D05AE7204620
:101D00009847D5F80C90044600287FF455AF2B680F
:101D100040469B6A98470446002879D1069908985E
:101D20000CF010FC0BAB009308220CAB10A93A4846
:101D3000ADF840A08DF842701194FFF738FEDEE652
:101D4000DBE90042E368A2EB030B12A9ABF1080246
:101D50000EA80CF02BFCA4F810B0AB681B68DA6876
:101D60000B4603CB10605160D1E72C49022250464C
:101D700010F0B6F800283FF432AF2146504610F07C
:101D800093F800283FF42BAFB9F1000F10D024498D
:101D90000322504610F0A4F800283FF420AF4FF47F
:101DA00080724946504610F0A4F800283FF417AF5F
:101DB0000221504610F0B7F800283FF414AFDBE9D9
:101DC00000A3DAF80C20A3EB020912A9A9F108027A
:101DD0000EA80CF0EBFBAAF81090AB681B68DA6851
:101DE0000B4603CB106051602B6840469B6A9847B6
:101DF0004FF00008F7E60D246BE7092481E609247B
:101E00000027B0460026DBE60824F9E70224F7E7BE
:101E1000079F002F3FF475AEF3E704000100874BE6
:101E200003008A4B030070B50C4615461E4648B1A8
:101E3000094833462A4621460CF041F8002818BFCD
:101E40000C2070BD054B034819780CF04AF80028A7
:101E5000EED00A20F5E754330020803500207FB50E
:101E60000C46002843D1234B69461878FEF7CBFE79
:101E700000283ED100980BF08AFF0646002832D099
:101E8000009B5B68013B191901AA0EF0E4FF0146B3
:101E900058BBDDE90005029B1D444368ED1A2A4644
:101EA0000BF05BFF044630B10D2400980BF012FFDD
:101EB000204604B070BD009B98680EF0C6FEA84294
:101EC000F3D3009B5968014401AA30460EF0C3FFCA
:101ED0000098019943688268C91A521A0BF03DFFB5
:101EE0000028E2D0E0E71224DFE71324DDE7142422
:101EF000DEE70A24DCE780350020F0B506460D4613
:101F000085B018220021284610F042FE7368581C44
:101F100006D1584B1B686B611424204605B0F0BDF8
:101F2000002B40F0938032691F2A04D8524B1B6863
:101F30006B611624F1E7B268511C04D14E4B1B684B
:101F40006B611524E9E7C5E90023F7684B4B3A6854
:101F50009A4204D04A4B1B686B611724DDE7B269D3
:101F6000202A6FD86AB146480368013309D0037B41
:101F70009A4206D171690D3010F0C0FC0446002869
:101F8000CBD000200CF097FC18B90CF0F5FB002822
:101F900010DA01200CF08FFC20B901200CF0ECFBD2
:101FA000002807DA4FF0FF33EB60364B1B686B619C
:101FB0000924B2E7E8606946C0B2FEF724FE20B10A
:101FC000324B1B686B610A24A7E70098B2688368EC
:101FD0009A4206D92E4B1B686B610BF07BFE1E24C8
:101FE0009BE70BF077FE337F7BB102A80CF09FFCE0
:101FF00050BB07F1140102A80CF0C6FB002804DB5B
:10200000244B1B686B611B2487E7287B01A9FEF723
:10201000FAFD60B10A24B4FA84F464096C7433697B
:10202000AB6001232B7400236B61002475E70198DA
:102030000CF071FB044601980BF04CFE002CFFF6EF
:102040006CAFE8E7182468E71A2466E70D4A1368BE
:102050009168EB60002329606B607368526893425B
:10206000E3D1326913449942D9D20A4B1B686B61A0
:102070001F2452E700BFD40500203DB8F396D005D9
:10208000002080350020CC050020C8050020B805C0
:102090000020BC050020B4050020F0B595B00F4627
:1020A00020230293044615466B460CAA03A9384622
:1020B000019200F068FA0646002840F08E80043451
:1020C0000F2120460FF027FF10B9002015B0F0BDFA
:1020D0004349042220460FF003FF0028F5D007F003
:1020E000010120460FF0EAFE0028EED03D4907220C
:1020F00020460FF0F5FE0028E7D005A903A800F060
:10210000E8F9002861DA3749052220460FF0E8FE99
:102110000028DAD03549042220460FF0E1FE0028DD
:10212000D3D001A920460FF0D5FE0028CDD02F49ED
:10213000082220460FF0D4FE0028C6D0009981F076
:102140001001C1F3001120460FF001FF0028BCD0A0
:102150002849072220460FF0C3FE0028B5D0C5F35A
:10216000400120460FF0F3FE0028AED0224909229C
:1021700020460FF0B5FE0028A7D0C5F38001204609
:102180000FF0E5FE0028A0D01C49062220460FF0E3
:10219000A7FE002899D005F0010120460FF0D7FED8
:1021A000002892D01649092220460FF099FE0028F7
:1021B0008BD0C5F3C00120460FF0C9FE002884D0A3
:1021C0000F2120460FF0AFFE80E7192205A9204617
:1021D0008DF82C600FF08DFE9AE7012076E7974C82
:1021E00003008E4B0300964B03009C4B0300A14B56
:1021F0000300AA4B0300B24B0300BC4B0300C34BCC
:1022000003002DE9F7438668344904360746062261
:1022100030460FF065FE38B90CF069FB0CF068FB36
:10222000072003B0BDE8F083022130460FF06FFEB7
:1022300004460CF05CFB002CF0D000240DF10701EB
:1022400020468DF807400CF017FB804620460CF026
:1022500050FB9DF80730022B054680F001092AD17A
:1022600080454FF001082CD14D45B8682CDA424624
:102270002946FFF712FF0028D0D022464946B86809
:10228000FFF70BFF0028C9D0022130460FF047FEB0
:102290000028C3D012490B2230460FF021FE00283F
:1022A000BCD0002130460FF0FFFD0028B6D00CF066
:1022B0001FFB0020B5E780454FF00508D4D0022B66
:1022C000D2D8074AD456CFE722464946FFF7E5FE63
:1022D0000028A3D042462946D1E7CD4B0300D44B7A
:1022E0000300E84B03002DE9F0414FEA600886B097
:1022F000044640460F460CF0FCFA002306460DF15A
:102300000D0140468DF80D300CF0B6FA054607B3C6
:102310000CF0F1FA804508D19DF80D30012B26D143
:102320001C25284606B0BDE8F081A6424FD09DF896
:102330000D30012BF4D0002B4DD0022B4BD020467A
:102340000CF01AFA04A9C0B2FEF75DFCB8B10A2578
:10235000E7E7A6423DD09DF80D30012B03D063B1D5
:10236000022BDDD0EBE7A042DAD10025D9E7002B24
:10237000E3D1A542F9D0A642F3E7A042F1E7331B2F
:102380005942594104983A460FF0BDF880B9049873
:102390000BF0A0FCA642E8D1002FE6D00DF10E0311
:1023A00000220093114605AB0D48FFF700FBDCE768
:1023B000431E032B049803D90BF08CFC0125B0E7D6
:1023C000084AD5560BF086FC002DAAD1E2E720255D
:1023D000A7E72125A5E7A542B1D1C6E700BF1000B8
:1023E0000300EB4B0300F0B597B035490C91042185
:1023F0000D91344902AACDE90E12334A11920546D5
:102400000722D0E901041292314A139200230DF100
:102410000302CDE902338DF8033001938DF840308B
:1024200014928DF85430022201AB0CA904300CF048
:10243000F6F8002841D10CF05AFA039B04346BB92A
:102440009DF8033063B10CF056FA0CF052FA9DF887
:102450000310FFF748FF18B382B202E0202B0AD026
:10246000182220460121FFF7FEFA04460CF040FA3C
:102470002CB300241BE0029B04AA03F1200C174696
:1024800018685968164603C6083363453246F7D1C3
:10249000002138460CF031FA0028D8DA0822E0E7AB
:1024A0002846FFF7AEFE044620B10CF021FA204684
:1024B00017B0F0BD0CF01CFADBE70324F7E70724A4
:1024C000F5E79C4B0300B90D0300E04B0300650EDC
:1024D000030073B543880193437800930E46037855
:1024E0000C4A05461921304609F031FE041E03DA74
:1024F0004FF0FF3002B070BD6B683BB1064AC4F1CB
:102500001901301909F023FE031EF1DBE018F1E791
:1025100000BFEF4B0300FB4B0300033880B21928C8
:102520009ABF014B1856012070471A4C030008B59A
:10253000054B2C220021184610F02AFB4FF0FF32E9
:1025400040F8042C08BD843500200148FFF713BA79
:1025500000BFA405002010B5041D08490322204631
:102560000FF0BEFC08B9072010BD054B2046596886
:102570000FF0AEFC0028F6D00020F5E700BF913741
:102580000300803500202DE9F0438BB00C460DF19F
:102590000301054616461F460CF054F90146002873
:1025A00040F08D80202302AA28460CF02AF900284A
:1025B00050D19DF80380DFF81091B4BB02984845D4
:1025C00040D10FB1069B3B60059BBDF810401C44F9
:1025D00004230DEB0302214628460CF012F940B902
:1025E000BDF8042046F608139A4204BFBDF8063031
:1025F000E41804230DEB0302214628460CF001F9F0
:1026000058BBBDF8042046F607139A4225D1BDF801
:10261000067004342744814604F10408B8451ED9E5
:1026200089F001094FEAC90014E00822414620461A
:1026300010F0AEFA0298484504D107AB03CB2060F6
:102640006160BEE74FF0013303FB08F8404514BF5B
:10265000172003200BB0BDE8F0830420FAE7042321
:102660000DEB0302214628460CF0CBF80028F1D1EF
:10267000BDF80420BDF80630FF2A05D14FF6FF72E1
:10268000934205D10520E5E7102A01D1202B04D083
:10269000043303EB04084446BEE7B9F1000F10D140
:1026A00016B94FF00109F6E72434BC420BD8324684
:1026B000414628460CF0A5F80028F2D0CAE70220CF
:1026C000C8E70620C6E70720C4E73DB8F39670B513
:1026D0008EB0204A0992D0E9010504220A921E4ACE
:1026E0000B920023012604AACDE904630C928DF815
:1026F0003430324605AB09A904300BF090FF044694
:1027000030BB0346024607A904980435FFF73BFF98
:1027100058B904980CF0CFF838B1092201212846A5
:10272000FFF7A1F920460EB070BD04980CF043F8F5
:102730000646FFF7FCFE002EF4D000220DF10E033A
:1027400000931146064806ABFFF731F9B2B2E5E750
:102750000324E7E700BF974C0300AF0D030002001E
:1027600003002DE9F047BCB000240DF13808D0E992
:1027700001592022214607464046049410F008FAE9
:102780004FF0FF33CDE90F33894B1E9305231F9381
:10279000884B8DF88840CDE92038864B239304235D
:1027A0002493854B259311AA349313AB269235932A
:1027B000834A834B28923793834A2A92072310A98E
:1027C0002F9238930FAA804B2B9130928049804AE8
:1027D000399315AB032604353A934FF00113CDE935
:1027E0002D16CDE9322628468DF89C4029968DF885
:1027F000B0408DF8C4408DF8D8408DF8EC400622EA
:10280000CDE906341EA904AB0BF009FF0D94054673
:10281000002840F0CA8008A94046FFF76EFB09F186
:102820000409044698B10DF10E0300936A4805AB04
:102830002A462946FFF7BBF80D9BFB60A2B2012197
:102840004846FFF710F9A846C146804678E09DF853
:102850003080B8F1000F07D1B868FFF77CFE05465D
:1028600028463CB0BDE8F0875C4E0B9B3360089B6C
:10287000B3600F9B0DF10E0A33BB05AB75602A46A2
:1028800029465648CDF800A0FFF791F8149C1399FB
:102890000795224606F10D00347310F051F904F14A
:1028A0000D00C4F120022946304410F071F99DF862
:1028B00031305BB110992846FFF7D1FA044628B1B0
:1028C000484B1B680D93B9E701230793129AD6E989
:1028D0000113B2B98B4265D04FF000094248CDF8E0
:1028E00000A005AB082206A9FFF761F8B868FFF75A
:1028F00032FEB9F1000F3BD1B8F1000F08BF072538
:10290000AEE70A44D21A5342534111990A9A0F98DA
:10291000FFF789FA044670BB73680A9A1344B268D9
:102920007360934232D1024605AB0146CDF800A058
:102930002E48FFF73CF8D6E901239A42C146CDD193
:102940000023194616AA01200DF10E06FFF71BFE03
:102950002548009605AB082206A9FFF728F8002CA9
:10296000C4D000221C48009605AB1146FFF71FF8A3
:10297000FFF7DDFDC0E7022307931C4B82B21B6803
:102980000D9301214846FFF76EF85DE7024605AB5F
:102990000146CDF800A01648FFF709F8D6E9013244
:1029A0009A4298E70024A146CAE7354658E7FF4B0C
:1029B0000300AF0D0300054C0300B90D03000A4CE2
:1029C0000300124C0300B50D0300650E03009137A0
:1029D00003000E4C030002000300803500200400B9
:1029E0000300C40500200200010008000300C00528
:1029F0000020200003000148FEF7BDBF00BFD8053E
:102A0000002070B588B0052184680491406824498D
:102A1000254E0396002301AACDE90512CDE9013325
:102A20008DF81C3001226B4603A904300BF0F7FD32
:102A30000434054690BB009B7BB91B490A22204603
:102A40000FF04EFA28B11949072220460FF048FA34
:102A500000B90725284608B070BD3246012103A8F9
:102A60000BF034FEA0B1029E042E11D10199104842
:102A700032460FF043FF58B90E49324620460FF058
:102A80002FFA0028E5D0032120460FF00DFADFE7EA
:102A9000032200212046FEF7E6FFD9E70325D9E708
:102AA00000BFBF0D0300C74C0300CD4C0300D84C42
:102AB0000300E04C030008B54FF400520023024825
:102AC00008F037FA002008BD00BF08030020F0B569
:102AD00089B0D0E90145134A0392134A0023012724
:102AE00001AECDE90133CDE905268DF81C30201D5E
:102AF0006B463A4603A904970BF091FD044678B95A
:102B000004350A493A4628460FF0EAF920B1314621
:102B100028460FF0E2F900B90724204609B0F0BDBD
:102B20000324FAE700BF67390300BF0D0300D64C4A
:102B3000030013B5084C20460FF094FC074B00939C
:102B40002046064903234FF4406208F08AF900202A
:102B500002B010BD00BF701800204C270300F053D6
:102B600000200248002200230BF06DBC00BF7C0A4D
:102B7000002010B5836A04465BB10BF028FF0649BC
:102B800020460FF00AFC04F110000FF05EFB00205D
:102B900010BD6FF01500FBE700BF9DDB020010B514
:102BA000044610300FF05DFB21460248BDE810409E
:102BB0000FF01EBC00BF70180020F0B5836B87B00B
:102BC00004460E4603B30FF0F1FB10F0050F02D0E0
:102BD00020460FF038FC68460FF037FB04F1100771
:102BE00000220023384607F01CFF054670B900227A
:102BF0000023684607F015FF0146A8B923691BB1F9
:102C00000C4821460FF0F4FB07B0F0BDA36B314632
:102C1000984720B9214628460BF0CCFEE0E729462C
:102C200068460FF01EFBDBE738460FF01AFBDEE7C5
:102C300000BF70180020034B1A6882420CBF184670
:102C40000020704700BF3019002038B50146FFF75B
:102C5000F2FF04460C48FFF7B0FF9CB12046002568
:102C600084F8695040F8085B0FF00EFC04F138005E
:102C70000FF00AFC84F8685004F16C00BDE838409D
:102C800007F001BF38BDB03500202DE9F7430746F6
:102C900016461D46FFF7CFFF814620B96FF01000A2
:102CA00003B0BDE8F08326480BF096FE314604469B
:102CB0002A4623480BF098FE10F10C0F0646EDD083
:102CC00000280CDA1F480BF0ECFE10B10023036063
:102CD00003711B480BF0D7FE6FF01200E0E7002CE9
:102CE00028DA17480BF0DDFE80463846FFF7A3FFD1
:102CF0000446C8B190F86830D9070ED4124A4FF490
:102D0000281369463846CDE900230BF0EEFE94F80F
:102D1000683043F0010384F868304FF42032002318
:102D200004F1080008F039F9C8F8007099F8693022
:102D300088F804301EB9024831460BF08CFE284654
:102D4000AEE7B0350020060009001FB590F830202E
:102D50000B4912F0010F03460BD0086849686A4618
:102D600003C2694653F8380C0BF0BFFE05B05DF89E
:102D700004FB8868C96802AA03C202A9F2E7E42337
:102D8000030013B5094A0446D16890686B4603C333
:102D900054F8080C69460BF0A8FE94F8603023F054
:102DA000010384F8603002B010BDE423030010B5C5
:102DB00009480C460BF010FE00280ADB4CB9054808
:102DC0000BF06FFE04600471BDE8104002480BF088
:102DD0005ABE10BD00BFB035002038B5114C114BA4
:102DE0001249204601251D700FF042FB104904F1E5
:102DF00030000FF03DFB00212A4604F164000FF083
:102E000049FA0B480C4B83620C4BC3620C4B0363B7
:102E10000C4B43630C4B8363BDE83840FFF7A9BEFE
:102E200000BF381900208A480020C91F0200911FE6
:102E30000200B03500209120020067DD0200FDDCB9
:102E40000200F1DC02000BDD02002DE9F04F91B031
:102E500004461822002101A80FF09AFE3B4B029372
:102E6000D4F81890E3680393394B0593B9F1000F38
:102E70000BD1052604F118000BF017FE20460BF0CD
:102E800083FD304611B0BDE8F08F07A9484602F037
:102E9000BAF906460028ECD19DF83C30022BE8D167
:102EA00020460BF03DFE054608B90126E2E74846FC
:102EB000FFF7C1FE07460028DBD090F86930002BF1
:102EC000D7D0227F9A42D4D100F16C0A504607F045
:102ED00026FEB346B046238A4345CBD997F86920EE
:102EE000002AC6D0217F9142C3D108EB05029A4245
:102EF000C4BFA3EB08039DB201A94846ADF810502A
:102F000003F06FFE10F10C0F09D1BBF1000F03D1DC
:102F1000132D18D9C5F34F0508F0D5FADBE70028C3
:102F2000C3D1E26808EB05031FFA83F812FA83F3B2
:102F300003934FF0FF324FF0FF33504607F0C9FDC7
:102F40004FF0010BC7E7022694E77C27030077DDEB
:102F5000020011B9094A136803B1704708491060AB
:102F60000B7882F869300133DBB2012B38BF0123C3
:102F70000B7002F16C0007F0D2BD301900208A48B6
:102F8000002008B504480EF0FCFF00280CBF6FF0CD
:102F90001200002008BD941F030030B50A4D0A4BF3
:102FA00085B000242846029303940FF05BFA02AB2D
:102FB0000093284606490A234FF4A36207F051FF05
:102FC000204605B030BDB81900203D4D0300F05F2C
:102FD00000200146014807F082BFB819002003789D
:102FE000012B30B513D0022B27D07BB9194B0A46E1
:102FF00003F1100453F8045B42F8045BA342F9D1D7
:103000001B78137043884B731B0A8B7330BD104BB6
:103010000A4603F1100453F8045B42F8045BA34230
:10302000F9D11B78137043684B73C3F307221B0C51
:10303000CB731B0A8A730B74E8E700F1100350F896
:10304000042B41F8042B9842F9D103780B70DDE78B
:1030500000BF464D030038B5054605480BF0F3F9AF
:10306000044620B101210C300BF042FA25762046AF
:1030700038BD500A00200F2810B50ED80D280ED9E3
:103080000B480BF0E0F9044628B101210C300BF09D
:103090002FFA01232376204610BD1328F0D009B162
:1030A0000448EEE7BDE810400120FFF7D4BFA80AAE
:1030B0000020CC09002070B5C6683378B6F801400E
:1030C00083B90F21204601F01EFEF378054650B962
:1030D0000A4A118831B96FEA04506FEA1050108023
:1030E000074A137070BD4372012101F086FD284626
:1030F000BDE8704001F057BD00BF343A00208B4856
:10310000002010B5084C0146062294F86F0002F02A
:1031100058F838B994F86F000449BDE8104005220A
:1031200002F04FB810BD38030020234D030010B546
:10313000012104460C300BF00DFA2146034A0078B9
:10314000BDE8104000230BF021BE5428030010B549
:10315000012104460C300BF0FDF92146034A0078AA
:10316000BDE8104007230BF011BE1C28030070B50A
:1031700030480BF081F90446002858D0037E012B1B
:1031800032D0032B02D1038A032B02D8FEF783FB34
:1031900020E004210C300BF0DDF9FF224388068883
:1031A0006276228AC6F30B009A42A08301D02046A1
:1031B000ECE70F2101F0A7FD05460028F7D001F04C
:1031C000D6FD320B6076214628460CF0D8F9284609
:1031D00001F0E9FC184BD3F84C3143B3BDE8704023
:1031E000164916480FF004B9038A012BCED90221E3
:1031F0000C300BF0AFF9054600780BF064FD10F0D1
:1032000002060DD10F4A0F49104840F6A8330AF0C4
:103210006DFC86F31188BFF36F8F0323184602DF1E
:103220000B4A2878042321460BF0B0FDBFE770BDA0
:1032300000BF840400203803002018060020781AFC
:103240000020574D03008B4D0300B94D0300FC27B0
:1032500003002DE9F047884616468246002878D0BC
:10326000BFF35B8FDFF8F090002359E8004F49E887
:103270000032002AF9D1BFF35B8F002C69D02046C1
:10328000FEF755FA354D0C2303FB005027464388C3
:10329000534511D0BFF35B8F59E8003F49E80072F6
:1032A000002AF9D1BFF35B8F002B52D01F4638465E
:1032B000BDE8F047FEF7EFBAA6420ED020460BF06D
:1032C000BDF804F10C090121217648460BF010F9F4
:1032D000328AF16848460BF01CF92046FEF727FABF
:1032E0000C2606FB00504368ABB1B8F1000F12D1B9
:1032F0002046FEF71CFA06FB005001214268D2E985
:103300000003127A03F01F06B1405B09DAB100EB4B
:1033100083000BF0EAFC2046FEF709FA0C2606FBB8
:1033200000508368002BC2D02046FEF700FA70439D
:1033300005F800802046FEF7FAF906FB0055A8685C
:1033400007F0A1FBB3E7C94300EB83000BF035FDA9
:10335000E1E7BDE8F08780040020F435002010B5D7
:10336000C1E900239DF808300B720C46FEF7DFF927
:10337000034B0C2202FB00335C6010BD00BFF43530
:1033800000202DE9F0474FF0FF3206464FF0FF33A3
:10339000184888460BF057F8044638B300F10C077C
:1033A00001214FF0000938460BF0A2F884F818907C
:1033B0002046FEF7BCF90F4D4FF00C0A0AFB0050F7
:1033C00046802046FEF7B3F90AFB0050C0F808908B
:1033D0002046FEF7ACF90AFB005503213846C5F834
:1033E00004900BF090F8068080F802802046BDE83B
:1033F000F087240A0020F43500200138C0B20228EA
:103400009ABF014B185C002070477B4E0300034BB2
:103410000146D3F86C0182689268104700BF3803F8
:1034200000202DE9F843044600F10C0630460BF06D
:10343000A1F8B4F81080B8F1010F054604D8204671
:10344000BDE8F843FEF727BA304602210BF082F8B8
:10345000074600780BF037FC10F0010906460DD145
:103460000F4A0F49104840F6E4730AF03FFB89F316
:103470001188BFF36F8F0323184602DF05230A4A22
:10348000387821460BF082FCB307D8D56369A4F8DD
:10349000108013FA85F5E560BDE8F88300BF574D4D
:1034A0000300D64D0300B94D0300D427030038B5FF
:1034B0000C4607F0CCFF237E012B0AD0032B19D139
:1034C00021460F480AF0C3FF0F490F480EF090FF46
:1034D0000BE0E36818780BF0F6FBC207054602D54F
:1034E0002046FFF79EFFAB07EAD4002407F0C3FF96
:1034F000204638BD2046FEF7CEF96FF01504F5E7FB
:1035000000BF8404002018060020781A002001481B
:1035100004210BF0EABB0C040020044BBFF35B8FCB
:103520001868BFF35B8FC0F38000704700BF0C04C6
:10353000002000487047EF4D0300014807F08BBCA6
:1035400000BF0806002038B505460C4619B9FFF73C
:1035500018FF0446A8B140F635439D4209D12046E4
:10356000FFF755FF054650B12046FEF794F928466F
:1035700038BD054821460EF074FEFFF7DEFF00253A
:10358000F5E76FF06805F2E700BF8C04002038B55E
:1035900002460B46244DD5F8541109B9002038BD18
:1035A00005F5987007F095FA0028F7D1002200235E
:1035B00005F5AA7007F035FA044668B91B4A1B499D
:1035C0001C4840F6B7330AF091FA84F31188BFF330
:1035D0006F8F0323184602DFD5F8480120B1FEF7AC
:1035E0005AF90023C5F8483120460AF05BFFC5F8B8
:1035F00048012046FFF70BFF98B10E4807F043FA49
:103600002046FEF794F80C4B0C2202FB00301F21E1
:1036100040882246FFF71DFE2046FEF73CF9FFF7E3
:103620008CFF0120BBE738030020574D0300F84D05
:103630000300B94D030068040020F43500202DE993
:10364000F04F064687B015460C4631B9FFF799FE94
:10365000044648B96FF068007BE0887AFEF75FF8AF
:10366000484B834240F086800122002168460EF0DC
:1036700011FE2046FEF75BF8DFF80C910C2303FBEC
:103680000090C0F808D020460AF00CFF01463E48E2
:103690000EF0E7FDFFF751FF0FF0DFFA3C4B1A5831
:1036A0003C4B9A4222D1DFF8ECA0DFF8ECB0364870
:1036B0000EF0ECFD002180464FF4A020FFF767FFDD
:1036C000074688B94FF4D4735246594634480AF035
:1036D0000DFA334831460AF009FA87F31188BFF32F
:1036E0006F8F0323184602DF4445E0D14FF4A02238
:1036F0000023684607F0EDF9074698B14FF4D773F9
:10370000254A284926480AF0F1F927483A46314621
:103710000AF0ECF9002383F31188BFF36F8F0323C2
:10372000184602DF2046FEF702F80C23584319F82A
:103730000060BEB12046093EFEF7ADF8092E0ED856
:10374000DFE806F01B0D0D0A050D0D0D0D186FF0CD
:103750000B0007B0BDE8F08F6FF00C00F9E76FF0D9
:103760000400F6E715B12C600020F2E72046FEF7D2
:1037700092F8F9E76FF01500EBE76FF06E00E8E7FD
:1037800000BF240A0020F43500208C04002008002B
:103790000000D8290020574D0300FC4D0300B94D0F
:1037A0000300044E0300244E03002D4E0300F7B522
:1037B000144B93F99B30002B05460C461DDA14B9C7
:1037C000204603B0F0BD082C01AA4FF0000142F2E0
:1037D0001800264628BF0826FFF731FF0028F0D141
:1037E000019FF9683246013128460FF0A9F93846A1
:1037F000FEF751F83544A41BE1E76FF08500E0E7E0
:1038000000BF38030020F7B5002101AA40F60340AD
:10381000FFF715FF0446002869D10198C3681B789B
:103820008BB9BFF35B8FAC4B1A68BFF35B8F02F0B1
:103830000902BFF35B8F53E8001F43E80024002C0C
:10384000F9D1BFF35B8FFEF726F801AA002141F200
:103850000300FFF7F4FE0446002848D1019A9F4D6B
:10386000D168D1F80100D1F8051005F1780303C340
:103870001046FEF710F8214601AA41F20100FFF7B9
:10388000DEFE044698BB0198C3685A7885F870201C
:103890005A88A5F872201A7985F87120B3F80720A4
:1038A000A5F87420B3F80530A5F87630FDF7F3FFDE
:1038B000214601AA41F20200FFF7C1FE0446B0B959
:1038C000019FFA6805F18006531C41321868596857
:1038D000344603C4083393422646F7D13846FDF7F1
:1038E000DAFF95F87C305E0604D46FF012042046AF
:1038F00003B0F0BD01AA002142F20300FFF79FFED2
:1039000004460028F3D1019B764EDA68D2F8010014
:10391000D2F8051003C61846FDF7BDFF214601AADF
:1039200042F20200FFF78BFE04460028DFD1019C23
:10393000E368B3F8012091B249B1D97839B1A5F85B
:103940000421DA78114606F128000EF0A3FC204687
:10395000FDF7A1FF95F87C601F2316F02006A5F85F
:10396000203118D1022140F66D40FFF70AFD0446D0
:10397000002800F0A98002210C300AF0C4FD0123C8
:10398000037046702146324640F66D40FFF757FE01
:1039900004460028ABD195F89C301C0712D501AA2B
:1039A000002142F21C00FFF74AFE044600289ED187
:1039B0000198C368D3F80120D3F80530C5E938234E
:1039C000FDF769FF95F8D830980623D50DF102016F
:1039D00068460BF072FB0446002888D1042142F2AD
:1039E0002400FFF7CEFC064600286DD004210C30E1
:1039F0000AF089FDBDF800300380BDF80230438035
:103A00002246314642F22400FFF719FE0446002800
:103A10007FF46DAF082142F20100FFF7B2FC0446CB
:103A2000002851D008210C300AF06DFD95F8D820FF
:103A300012F0020F14BF2F230F23910695F8D920FF
:103A400048BF43F0400312F0090F18BF43F400636E
:103A500000220370C3F3072343708270C2700271A7
:103A600042718271C271214642F20100FFF7E7FD07
:103A7000044600287FF43BAF95F87C30B5F804117C
:103A80009A0624D4C9B901AA41F20500FFF7D7FD6F
:103A9000044600287FF42BAFB5F80431019C4BB9E4
:103AA000E368B3F80120A5F804219A880E4811466E
:103AB0000EF0F0FB2046FDF7EEFE082140F6014037
:103AC000FFF75FFC044680B96FF068040FE7002938
:103AD000F3D16FF004040AE700BF0C0400203803A0
:103AE0000020100400204004002008210C300AF0BF
:103AF0000AFD102303708823437002230022C37041
:103B000020238270027142718271C371214640F696
:103B10000140FFF794FD044600287FF4E8AE01461B
:103B200001AA4FF60140FFF78AFD044620BB019829
:103B3000FDF7B1FE214601AA4FF60240FFF77FFDD7
:103B40000446C8B90198C368B3F80130A5F8C1307C
:103B5000FDF7A1FE95F8C1305B070DD501AA2146FE
:103B60004FF60340FFF76BFD30B90198C3685B78EF
:103B700085F8C030FDF78FFE00F067FB0446002893
:103B80007FF4B5AE01F049FC044600287FF4AFAEE7
:103B9000FFF7BDFCABE610B5FFF735FE034B1B6826
:103BA00013B1BDE81040184710BD1836002073B59A
:103BB000254D0646D5F86C010EF0E3F900283BD000
:103BC0006FF0020105F1D4000BF0F7F801210BF0C2
:103BD0008CF810EA010432D11C4B1E600A4605F530
:103BE00098700EF057FB05F5AA700EF02EFB1748E3
:103BF0000EF038FC1749154800946FF007034FF496
:103C0000AF6207F02EF91349114807F0CCF9D5F847
:103C10006C01114983681B689847044648B926B966
:103C200002B0BDE87040FFF7EEBD05F1C40007F03B
:103C300012F9204602B070BD6FF01204F9E76FF080
:103C40007704F6E700BF3803002018360020781A02
:103C5000002008650020724E0300F52602002DE9C1
:103C6000F0435C4BB0F80180198848F470429142EF
:103C70004FF0000602BF1E80584B1E78C378012B00
:103C800008BF564B00F1040485B0054620460CBF22
:103C900093F86F7000270AF0BCFF2146B0B102A86C
:103CA0000AF0ACFFD5F81130CDF80130B5F8153079
:103CB000ADF805304FF00109EB78012B1DD0132131
:103CC00040460BF012FA05B0BDE8F08338460BF021
:103CD0007FFA0346006802909A889B796868ADF87D
:103CE0000C208DF80E30A288A37995F804900090EE
:103CF000ADF804208DF80630DEE702A8FFF701FAE0
:103D0000EB78012B04460AD100F035FB6FF08001FF
:103D1000074610300BF051F838460BF0D7FB002C5B
:103D2000CDD02346B5F8012023F8702B02989DF8DA
:103D30000E20BDF80C1020679A719980B5F81730E5
:103D4000A4F88630B5F81930A4F88C30B5F81B30DB
:103D5000A4F88E30EB78E37000226272012B40F2FF
:103D60000112A4F8A42024D18DF80090BDF80420FD
:103D70009DF806300098A4F87B2084F87D30C4F8C4
:103D8000770000F0F8FA237A154AC3EBC3039918B9
:103D9000D358C4F87E308B88A4F882308B7984F8AD
:103DA0008430D2E9381303F03F03194301D000F007
:103DB000ACFC0721204600F020FF26B166720121ED
:103DC000204600F01AFF204601F001F8204600F0DE
:103DD000EAFE78E700BF343A00208B480020380321
:103DE000002000B5C3681A7889B032B13C2A32D1BC
:103DF00009B05DF804EB0AF0ECBF8DF80020B3F8D1
:103E00000120ADF80120DA788DF80320B3F80B20FB
:103E1000ADF81720B3F80D20ADF81920B3F80F2036
:103E2000ADF81B205A7C8DF81D20586801901A8926
:103E30009B7A8DF80A30094BADF8082068461A685D
:103E40009B88CDF80B20ADF80F30CDF81120ADF8E0
:103E50001530FFF704FF09B05DF804FB00BF374DD4
:103E6000030038B5032104460C300AF073FBE36805
:103E70000578B0F80100197840F6354398420AD029
:103E80002246FFF7E6F935B1044806F0FCFDBDE82F
:103E90003840FFF752BB38BD00BF6804002038B57A
:103EA000042104460C300AF055FB4578017840881F
:103EB0002246FFF7CEF935B1044806F0E4FDBDE82F
:103EC0003840FFF73ABB38BD00BF68040020F8B5A2
:103ED0000A4DEF7906460024E3B29F4202D86FF004
:103EE000010007E0294630460BF06AF90735631CEC
:103EF00008B12046F8BD1C46EEE73803002070B537
:103F0000144E0622314604460EF0F8FCD8B10621C4
:103F100042F20500FFF735FA0546B0B10622214608
:103F20000C300AF0F6FA0022294642F20500FFF7AB
:103F300086FB48B93346226843F86929A288B280D3
:103F4000012283F86820002070BD6FF06800FBE755
:103F500000BFA103002037B504460D4689B11849BA
:103F600028460BF02DF960B9174A2968C4EBC40440
:103F7000A3181151AA889A80AA799A71002003B0D7
:103F800030BD68460AF02CFE0028F8D16846FFF7DD
:103F90009EFF0028F5DA0B4A00989DF80610C4EB46
:103FA000C404A3181051BDF8040098809971002D25
:103FB000E4D012592A609A88AA809B79AB71DDE718
:103FC00000BF2A4D03003803002070B5044611B12C
:103FD0006FF0150070BD80B11C490BF0F1F860B9AD
:103FE0002046FFF774FF002829DA2378012BEFD150
:103FF000A37903F0C003C02BEAD1144DEB79012B58
:1040000020D0BFF35B8FD5F8D430BFF35B8FDB07D5
:1040100007D4002CDCD00C4920460BF0D1F8002846
:10402000D6D1EE792146731C3046EB71FFF793FF32
:1040300008B93046CEE7EB79013BEB71CAE76FF088
:104040007700C7E76FF00B00C4E72A4D0300380381
:1040500000202DE9F3410446D8B101AA002141F224
:104060000900FFF7ECFA054698B9019E1249D6F807
:104070000C8008F10107062238460EF03FFC28B1FB
:104080000E49062238460EF039FC30B93046FDF7AD
:1040900002FC002002B0BDE8F081D8F80130C4F87D
:1040A0000130BB88A4F8053030462570FDF7F3FBDE
:1040B0000120EFE700BF374D0300314D030007B586
:1040C0006846FFF7C6FF044BD87118B16946002057
:1040D000FFF741FF03B05DF804FB38030020F0B5A3
:1040E000294DEE7989B0002E46D195F8C230DB0714
:1040F00022D56A4631464FF60940FFF7A0FAD8B9F3
:10410000DDF800C0DCF80C406378012B1E4628BFA8
:10411000012673B1A31C02AA123418685968174605
:1041200003C70833A3423A46F7D1186838609B8822
:10413000BB806046FDF7AFFBEE7100241626012719
:10414000EB79E0B2834202D8B3B1002012E008ABB1
:1041500006FB0033694653F8182C33F8143CCDF8AD
:104160000120ADF805308DF80070FFF7F4FE013442
:104170000028E5D009B0F0BD0021084609B0BDE82F
:10418000F040FFF722BF380300202DE9F0419046B0
:104190000E461D460246002852D0002B50D0310357
:1041A000047807D573074BD40BF01FF888BB0123A5
:1041B0002B702DE0F7072ED5234FB8F1000F13D049
:1041C000B0060AD4C4EBC403FB5C012B11D02B70E6
:1041D000B2061DD543F00203EAE797F8D830590636
:1041E000F0D46FF0850014E0C4EBC403FB5C012B3A
:1041F000DED1072101FB0471013110460AF0EDFF09
:1042000038B9C4EBC4043B5D2B70B8F1000FDFD1AB
:104210000020BDE8F08173070ED50A4EC4EBC40739
:10422000F35D012BC4D1072111FB043131440AF0A5
:10423000D4FFF35D2B70ECE70AF0D7FF0123F9E719
:104240006FF01500E5E73803002010B50A4CE3795C
:104250000BB1002010BDFFF732FF0028FAD1E3793F
:10426000002BF6D1FFF73BFF0028F3D1601CBDE81F
:104270001040FFF744BE38030020F8B545686905D3
:10428000064635D4046914B115F0010330D0194F36
:104290003078FB7983422BD9C0EBC0001749072245
:1042A00038440EF02BFBA8B115F0010306D197F8A6
:1042B0007020082A02D8B2689F2A19D915F0300F49
:1042C00009D0ACB1EA060AD405F46035B5F5603022
:1042D00018BF0120F8BDEB0601D4002CF4D1D6E9BB
:1042E00002239A4204D81F2A02D9B3F5804FEBD992
:1042F0000020EFE700BF380300202A4D030008B577
:104300000449072209300EF0F9FA003818BF0120DD
:1043100008BD2A4D0300F8B5154B067883F86F6089
:1043200004460D46FFF7EBFF70B91149304600F027
:1043300004FF044610B96FF00B00F8BD052100F032
:104340005CFC2C600020F8E704F109073946304690
:104350000BF0F1F940B92078394600F0EEFE044642
:104360000028E8D00621EAE76FF01500E5E73803FA
:104370000020234D03000048704750030020F0B593
:10438000054685B00F480AF05AFF1F460306164639
:1043900013D50B480AF053FF04460A480BF051F8B6
:1043A000C4F3C02402900A46CDE90074064833469F
:1043B00029460AF0CFFF05B0F0BD6FF00A00FAE71A
:1043C00000BF60030020500300202DE9F04FD1F81A
:1043D00010908DB09A460023B9EB0306054690482D
:1043E000059218BF012607930AF029FF0C464107E2
:1043F00040F10C812046FFF740FF28B96FF0150B04
:1044000058460DB0BDE8F08F20460AF005FF804603
:104410000028F3D005F1100738460AF010FF020615
:10442000C0F3C01300F1F580CDE90933CDF82B308E
:10443000A3686068ADF82030E368ADF822300AF078
:10444000EFFE6FF400718DF82D0075480AF0FDFE47
:10445000754A23782B7082F86F3061680DF125035F
:1044600032462846FFF791FE83460028C8D105F161
:104470000903B9F1000F18D021690868C5F80900CF
:10448000888898808979997120460AF0EAFF6368E4
:104490000646D8071BD49A0503D4169B0BB9022EE7
:1044A00056D102238DF8243023E05F4A1168C5F805
:1044B00009109188927999809A7120460AF0D1FF6B
:1044C0006368D9070646E6D58DF8249011E013F00D
:1044D000100F0CBF012304238DF8243023691968C1
:1044E000CDF826109988ADF82A109B798DF82C30DC
:1044F000D8460F2142F20600FEF743FF834600280C
:1045000000F08A800F2208A90C300AF002F800227D
:10451000594642F20600FFF792F800287FD1B9F120
:10452000000F1BD06368DB0726D4284601210AF060
:10453000A8FF079D8346002860D0002D3FF460AFA0
:104540002846002100F059FB284600F02CFB57E7D5
:104550000323DDF858808DF82430CAE7179B0093B9
:10456000CDE90186169B0599524628460AF0F2FECF
:1045700083460028D6D043E707A92846FFF7CBFE9D
:1045800083460028D1D010F10C0F7FF439AFB9F178
:10459000000F7FF435AF636898073FF531AF62686D
:1045A00082F00202C2F3400B0BF001020E213846EA
:1045B0000AF0B9FE731E5A425A41082138460AF0E1
:1045C000B2FEB11E4A424A41384609210AF0ABFE0A
:1045D00062680A2102F0010238460AF0A4FE42464F
:1045E0000B2138460AF09FFE62680D21C2F380025B
:1045F00038460AF098FE4FF0000B01E715B1284647
:1046000000F0D1FAB9F1000FCED1C8E76FF00A0B74
:10461000F6E66FF0770BF3E66FF0680BF0E6834693
:10462000EEE60C040020380300202A4D030073B589
:104630001546069A0C46CDE900322B460A4601463D
:104640001148FFF7C2FE21460646002340F2011042
:104650009D4202D1304602B070BD0A88824204D128
:104660004A6812B11278D20702D401330831EFE759
:10467000064906480DF0FCFE4FF470220023034863
:1046800006F08BFCE6E75003002019E70200680300
:10469000002010B519480AF019FF18486FF480413E
:1046A0000AF0D3FD16480AF0CAFD03461A06C0F305
:1046B000C01021D512480AF0C2FD430513D50E489B
:1046C000FFF71DFE0F490346087E93B90E490522E8
:1046D00000F077FD044630B10021417200F08DFA00
:1046E000204600F060FABDE81040034800210AF0BF
:1046F000C8BE06222131EBE710BD50030020600345
:10470000002038030020234D030073B53248314C9C
:104710000AF095FD10F4804F5AD020460AF08FFD24
:10472000030655D420460AF08AFD460550D501A956
:10473000A4F11000FFF7EFFD002849D1A4F110000B
:10474000FFF7DDFD024620460AF079FDC0F3803117
:1047500020460AF074FD81F0010145054FEA410150
:104760001D4848BF41F001010AF069FD800448BFBF
:1047700041F0040119480DF10303FFF706FD05465A
:1047800030BB154801210AF07CFE019E28B9304655
:1047900002B0BDE8704000F006BA2946304600F08D
:1047A0002CFA6FF480410B480AF04FFD0546304665
:1047B00000F0F9F96B040BD5BFF35B8F54E8003FB1
:1047C00043F4804344E80032002AF7D1BFF35B8F03
:1047D00002B070BD00BF600300205003002070B520
:1047E0000C4B1C68054644B154F8183C183C13B1F6
:1047F000697A28469847A469F5E7064C074EB44203
:1048000000D370BD236813B1697A284698471C34D9
:10481000F5E7743600207C210300B421030010B5B5
:104820000446FCF784FF044901EB001120460AF01E
:1048300019FABDE81040FEF780BE1C36002070B5A6
:10484000D1E9015600220446C1E9012206480DF0D3
:1048500008FD3DB1314620462B466FF06D02BDE8A4
:104860007040184770BD5C09002070B500220546F5
:104870000E46094800230021FCF77BFF044658B18F
:10488000FCF755FF064B324603EB00132946204642
:10489000BDE870400AF0C1B970BDF80900201C36AF
:1048A000002037B5837A072B044633D1BFF35B8FE3
:1048B000043050E8003F43F0800240E80021002926
:1048C000F7D1BFF35B8F190624D40AF02FFE10F442
:1048D000005F114D14D095F8D8309A061AD50AF019
:1048E00038FBB8B10DF1060101A80AF0E6FB88B962
:1048F000BDF80620BDF8041020460AF035FC09E09A
:1049000095F8D8301B07E6D520460AF013FCA37AA9
:10491000072BE0D003B030BD00BF3803002070B5D6
:1049200005460F480022002306F0D3F8B8B90D4B16
:104930001C6834B154F8103C183C03B19847A46982
:10494000F7E7094C0A4EB44204D32846BDE870404C
:1049500006F081BAA36803B198471C34F3E770BD31
:1049600000BF44090020743600207C210300B421DC
:1049700003002DE9F843DFF8548004464027002562
:10498000EFF3118387F31288BFF36F8FE16929B9C1
:1049900083F31188BFF36F8FBDE8F883206A0A683C
:1049A000E261814208BF226283F31188BFF36F8FF7
:1049B000D1E901694046C1E901550DF052FC1EB133
:1049C000002249462046B047FEF7B7FDD8E75C090C
:1049D00000200448B0F80431002B00F5847008BFB3
:1049E0000020704700BF3803002030B504460EF0A9
:1049F00034F90D460C490C4A095891428BB005D147
:104A000020460BB0BDE83040FFF7B3BF2434214649
:104A100010460DF0EDFC1DB1694620460DF0F8FC86
:104A20000BB030BD00BF08000000D829002038B509
:104A3000002204468A4202D10024204638BD04F1F7
:104A4000CC030120BFF35B8F53E8005F002D04D13E
:104A500043E8000CBCF1000FF6D1BFF35B8F02D02E
:104A6000D0340244E6E7002CE6D0CC2200212046D8
:104A70000EF08EF804F1400004490DF0F9FC0349F2
:104A800004F124000DF089FCD7E765450200ADE78D
:104A9000020038B50122044600F1C003BFF35B8F6A
:104AA00053E8005F43E800210029F9D1BFF35B8F91
:104AB0005DB90AF0C3FD084BC4F8BC50D3F8281107
:104AC00004F1BC0229B9C3E94922BDE83840FEF728
:104AD00034BD0A60C3F82821F7E73803002070B519
:104AE0002E4DD5F8244114B90026304670BD2B4B0D
:104AF0005A8B22B1B5F804312BB99B68FFDE1B68D5
:104B0000002BF1D0F6E7D5F81031002BECD0244B78
:104B10001B68002BE8D054F8143C002BE4D054F868
:104B2000103C002BE0D054F80C3C002BDCD014F8E7
:104B3000B22C072AA4F1BC060DD13046984750B1DB
:104B400004F108000AF0F2FC022804DC3046BDE85B
:104B500070400AF073BDD5F8243143B1D5F828115F
:104B60001A68C5F824218B4208BFC5F82821231DE7
:104B70000022BFF35B8F53E8001F43E800200028AA
:104B8000F9D1BFF35B8F304654F80C3C98470028AE
:104B9000ABD03046FFF77DFFA7E738030020F809C8
:104BA00000205C09002037B5CC3010F8CA5C10F842
:104BB000C94CBFF35B8F50E8003F5A1E40E800210C
:104BC0000029F8D1BFF35B8F01A801930AF0AEFC76
:104BD00001280BD1074805F056FF064806F03BF9BF
:104BE000012D03D1012C01D1FFF78FFD03B030BDA2
:104BF00000BF440900203806002070B5857A8D4238
:104C000004467AD0817225B98378082B01D00AF046
:104C100015FDA37A012B09D1394D05F5847661691B
:104C2000002958D1BDE87040FEF787BC072B09D09A
:104C3000002B62D1A378042B20D12046BDE8704020
:104C4000FFF7B1BFA378042B57D02D48002106F001
:104C5000D2FE0023C4E90D33E378012B4DD1A378B4
:104C6000012B04BF032384F8943004F140004FF477
:104C70002032BDE87040002306F05BB9082D3CD817
:104C800001A353F825F0413F0200F13E02000F3F1F
:104C90000200813E0200813E0200813E02000F3F81
:104CA0000200413F0200413F020020460121FFF780
:104CB0009CFE20460AF05AFC04F140000022BDE8A8
:104CC0007040002306F069B9637A002BB5D0204606
:104CD000FFF785FDB1E7A2690B686361914208BFE8
:104CE000A3612046FFF7ABFDB5F80431002B14BFDC
:104CF0003046002005F0C7FE91E770BD00BF3803C5
:104D000000204806002010B502460C460748012145
:104D10000AF0AFFC034610B90023184610BD827894
:104D20001442FAD1FFF73FFFF6E7381B0020F8B531
:104D3000074609480D4616460AF080FC044650B165
:104D400083781F4203D1BDE8F840FFF72CBF3146FE
:104D5000A8472046F7E7F8BD00BF381B00200249EE
:104D600000220120FFF7E3BF00BFE93A0200034B36
:104D7000C01A034B00115843C0B2704700BF381B24
:104D80000020C54EECC470B51C46144305460E46C3
:104D900008D00DF062FF0A4908580A49884204BF4A
:104DA000002213460949002D14BF2846084609F081
:104DB0004AFB044618B1711D0C3009F099FB2046DE
:104DC00070BD08000000D82900207409002010B52B
:104DD0000446054806F03FF8204600F04AFB20460E
:104DE000BDE81040FFF7FBBC00BF280600202DE9FE
:104DF000F04F85B0002301930393FFF770FE044644
:104E000068B1827AD0F8A830072A17D002AA4FF0EA
:104E1000FF319847014628B92046FFF7C4FE05B088
:104E2000BDE8F08F039B019A20460AF085FBD4F879
:104E3000A83002AA4FF0FF312046EAE7DFF8689178
:104E400002AAB9F80411984706460028E4D0B9F838
:104E50000421029B9A4206D30146D4F8AC5003AB1E
:104E600001AA2046A847338A039FDDE9018B002B66
:104E700000F08E80304609F01CFF8246002840F08A
:104E80008780B9F804314848002B08BF0020002271
:104E9000002305F01EFE00287AD14448002200239A
:104EA00005F0BFFD0546002872D0C0E90187B9F8BA
:104EB0000471338ABB4598BF1FFA8BF7BB4242D9B6
:104EC000304609F0EFFA3946FFF7CFFCB9F8043164
:104ED00094F8C8809B458CBF4FF0010A08F1020886
:104EE00084F8C8A0074698BF5FFA88F804F1C40A9E
:104EF000BFF35B8F5AE8003F01334AE80032002AD3
:104F0000F8D1BFF35B8F00232B60A369F3B9C4E929
:104F10000555A378012B1CD1042107F10C0009F0E1
:104F200009FB238808F0FD0843EA083303803B8A25
:104F3000043B438002233B763846FEF768FA40B9CB
:104F4000FEF7FBFA68E739463046BDE71D60A5610C
:104F5000DFE7BFF35B8F5AE8003F013B4AE80032CE
:104F6000002AF8D1BFF35B8F294604F114000AF040
:104F7000B2FA3846FCF78FFC20462946FFF75FFC63
:104F8000B9F804310948002B08BF002005F07BFD6B
:104F900031462046039B019A0AF0CEFA132120469F
:104FA0000AF089FB38E738030020400400205C0940
:104FB0000020F8B5031D044618460AF0B7FA42056A
:104FC00019D5B4F88620B4F88810914213D8B4F8F3
:104FD0008A1091420FD3D4E9231291420BD1BFF32F
:104FE0005B8F53E8001F21F4806143E80012002A20
:104FF000F7D1BFF35B8F104B1D686DB155F8086C8E
:10500000183D3EB1B4F88E30B4F88C20B4F8861058
:105010002046B047AD69F0E7094D094FBD4200D3C6
:10502000F8BD2E693EB1B4F88E30B4F88C20B4F8D7
:1050300086102046B0471C35F0E7743600207C21EE
:105040000300B4210300F8B50F4B1C6805465CB1A2
:10505000183C00F1A406636913B13146284698470D
:10506000A4690CB1183CF6E7084C084E05F1A407FA
:10507000B44200D3F8BD636913B139462846984756
:105080001C34F5E700BF743600207C210300B421F6
:1050900003002DE9F041074608460D4609F07AFF66
:1050A000064618B900263046BDE8F081144B1C684E
:1050B00084B154F80C3C183C0BB9A469F8E72946B4
:1050C000384698470028EDD0284609F063FF0028AD
:1050D000F3D1E7E70B4CDFF82C804445E3D2E368DB
:1050E0000BB91C34F9E72946384698470028D9D02F
:1050F000284609F04FFF0028F3D1D3E700BF7436EC
:1051000000207C210300B42103000A4B196800F140
:10511000180231B98161596839B9C3E90022002008
:1051200070478A4204D00968F3E70A605A60F6E7DC
:105130006FF0100070477436002038B505460C46F5
:105140000E480121FFF773FCB0B1057223680367B5
:10515000A388A0F87430A37980F876300123837097
:10516000074BC0F8A830064BC0F8AC30064BC0F86F
:10517000B030054BC0F8883038BD381B002061477F
:1051800002005FE7020053E702001800280070B534
:1051900005460A480E460AF051FA044620B18378C3
:1051A000012B04D0FFF7FFFC0024204670BD3246DF
:1051B00029460AF0A0FA0028F7D12046F2E7381B6A
:1051C0000020F8B505460E480E4617460AF036FA96
:1051D000044620B18378012B03D0FFF7E4FC0024C0
:1051E0000DE036B1324629460AF085FA08B9204664
:1051F000F3E7A37ABB42FAD1237AAB42F7D1204638
:10520000F8BD381B002010B583780B70C3784B7045
:10521000037A8B70837A023BDBB2062B96BF234A5C
:105220000023D35C81F82030012381F82130002352
:105230004B848378012B37D100F170038B60037AA4
:105240001C4AC3EBC30313444B60C47800F17E03D4
:1052500000F1770214B11C4613462246C1E903232C
:10526000B0F886308B82B0F88C30CB82B0F88E30BC
:105270000B8300F1A403CB61D0F8A0302BB15B7B92
:10528000DA0644BF012381F82330D0F8A03013B1EF
:105290005B7B9B0601D4002010BD91F8233043F0C6
:1052A000020381F82330F6E76FF01500F4E77E4E35
:1052B00003003803002038B5044608460D4609F0BF
:1052C00069FE38B3154B93F8D830990707D4E378C3
:1052D00073B129462046BDE8384000F084B994F8FF
:1052E00095309A07F3D5201D0AF020F90305EED476
:1052F000294620460AF029FA58B92B88A4F88830A4
:105300006B88A4F88A30AB88A4F89030EB88A4F8B6
:10531000923038BD6FF01500FBE738030020F7B579
:1053200010F8363C0446A0F140060BBB30460AF0AC
:10533000FEFA354B1D684DB155F8143C183D1BB1B4
:1053400014F8371C30469847AD69F4E7304D304FBC
:10535000BD4205D3304603B0BDE8F040FFF723BCA3
:105360006B681BB114F8371C304698471C35EFE7C3
:1053700010F83E3C012B30D1BFF35B8FA0F13C0510
:1053800055E8003F23F4806245E800210029F7D169
:10539000BFF35B8F5B0522D5A36C00936946236D39
:1053A00001933046FFF787FF58B9BFF35B8F55E88D
:1053B000003F23F4007345E80032002AF7D1BFF321
:1053C0005B8FBFF35B8F55E8003F43F4807345E884
:1053D0000032002AF7D1BFF35B8F03B0F0BD0D4A56
:1053E000106851686B4603C369463046FFF763FF98
:1053F0000028E6D1BFF35B8F55E8003F43F400730C
:1054000045E80032002ADAD0F6E7743600207C2125
:105410000300B4210300F423030070B50C480C4DC5
:105420000B4E0CF012FF00242946304601340CF0DC
:1054300018FF062C05F10C05F6D10AF08CFF0BF0D5
:10544000CFFB044608B90AF01EFB204670BD5C097C
:1054500000202C360020044B186818B9044A5A6002
:105460000B6070476FF00B0070477C36002084287B
:105470000300F7B5274D274F04460026BD4201D350
:1054800003B0F0BD6B6801A92046984700283BDBBC
:10549000019B2A889A829A8403F11002A868BFF3BC
:1054A0005B8F52E8001F42E8006CBCF1000FF8D19E
:1054B000BFF35B8FC3E913669E649E60A16B03F12B
:1054C000080219BBC4E90D221C60D86003F130004A
:1054D0000CF0BBFE019843681B6803B19847019B21
:1054E000BFF35B8F103353E8001F41F0010143E825
:1054F0000012002AF7D1BFF35B8F01984368DB6984
:1055000013B100F1100198470C35B7E70A60A263A8
:10551000DAE7582103007C2103002DE9F843D0F895
:10552000B4400E4690464CB1483C236B63B104F145
:10553000300948460CF0AAFE054650B9FDF7FDFFBC
:1055400000252846BDE8F88320460AF088F9A46CB7
:10555000E9E709F0AEFB0028F2D1236D9BB9A38CDB
:105560002F8A403B9BB23F2B03D8238D9F4228BFFD
:105570001F46042105F10C0008F0DCFF0780A38C16
:10558000438004372765236D2A8A9E420ED39342B7
:1055900015D0A38C403B9BB23F2B1ED920460AF06E
:1055A0005EF9236B13B120460AF039F9236DC8F870
:1055B00000309E4234BF9E1B00262665C1E70022B4
:1055C0000023484605F02DFAA38CA3F140023F2AA0
:1055D000E4D8034AAA61EB61E0E700221346F9E749
:1055E00000BFF3EB020070B5124B0C461978013185
:1055F000C9B2012938BF01210546082212201970BD
:105600000AF0F6F8064688B108210C3008F07BFF56
:105610002288028062884280A2888280E288C280DA
:1056200031462846BDE870400AF0CDB96FF00B0056
:1056300070BD8C48002023281FD81A2804D8431E88
:10564000182B0ED906207047A0F11B03082B1ED87B
:10565000DFE803F0051D1B231D19251D0500032090
:1056600070470F4A012383401A40C2B90E4A1A40BC
:10567000002A14BF01200620704700F07F03522B40
:1056800005D100207047012070470520704710F0B9
:10569000400F0CBF062000207047042070470220F6
:1056A0007047AAAA8A025455450170B50E46438D2B
:1056B000418B8B4202F1010228BF0B469A420546FC
:1056C00010D83046FFF7B7FF02280ED004280CD0C0
:1056D0004FF0FF324FF0FF330D4800210AF03FF941
:1056E000044630B90024204670BD4FF470220023D8
:1056F000F2E7FCF71CF8064B182202FB00330121ED
:1057000004F10C009D6008F0FEFE0670EBE7A009B6
:105710000020D0360020011F01480CF0E4BCE40852
:10572000002010B500F154030446BFF35B8F53E82B
:10573000001F41F0010143E80012002AF7D1BFF336
:105740005B8F201F0AF0FFFA04F1740004490CF08B
:105750008FFE2068BDE8104001F039BB00BF7555D1
:1057600002002DE9FF4105460E464FF000084FF4B8
:105770002053006817688DF8088002A91446ADF818
:105780000A3009F0DFF9A0B142F6010328688DF86C
:105790000C8003A9ADF80E3009F0D4F948B12369A3
:1057A0001BB15A88B24200D25E80012004B0BDE82D
:1057B000F0816168286809F0C5F910B10023236100
:1057C000F3E7E368A0681A786AB1B7F82AC0798B62
:1057D000038A8C4594BFC3EB0C03C3EB01039342D4
:1057E00001DA0020E2E704210C3008F08CFE206191
:1057F000068023695E80074B00930194A268002312
:10580000294638460AF0E2FA0028EADB2069003827
:1058100018BF0120CAE7F3EF0200F7B500230446E2
:105820000E462B480022694605F019F80546D0B906
:105830000DF013FA284B009F1A58274B29461A607F
:10584000381D28220DF0A4F93C60009C24480195E5
:10585000C4E90155C4E909550022002301A904F057
:10586000FEFF054620B16FF00B05284603B0F0BDE2
:10587000019B0146B02218460DF08AF9194A826050
:1058800060300CF0E2FC019BBFF35B8F583353E8B0
:10589000002F43E800510029F9D1BFF35B8F019B32
:1058A0001C60636A019F1BB904F10C000CF0CDFC75
:1058B000626AC7F8A820A26A07F1A803636202B966
:1058C000A362019B17225A855A8304333360CCE7C5
:1058D00000BFC80800200800000060370020E4086E
:1058E0000020580600202DE9F74317680546884632
:1058F000006851687E68144609F024F98146002842
:1059000042D13046952229460BF01FF806462075F5
:1059100040B1E3681B780BB184F81490002003B009
:10592000BDE8F083A06808F0C1FD02210C3008F04A
:10593000EAFD164B2061A0F8008000930194A26854
:105940003346294638460AF041FA002807DA10F1B2
:10595000FF0F26BF4042C0B20E202075DEE723694C
:10596000002BDBD0A0680AF099F87B8D7A8B9A42E5
:1059700094BFC0EB0200C0EB0300E3681B789842C1
:1059800094BF00200120CAE70120C8E700BFF3EC64
:1059900002002DE9F74F064608460C46FBF7C7FE06
:1059A000DFF898801823434308EB03020546D2F83A
:1059B00008A0E068BFF35B8FB16DBFF35B8FC907D1
:1059C00038D5E16809781171002248F8032003787E
:1059D000D22B0ED13368214618680BF0FEF840B187
:1059E00001902046FBF757FF019B184603B0BDE826
:1059F000F08F04F10C0008F0BDFD18235D4308EBA7
:105A0000050900231A4607462146301DB4F810B098
:105A1000C9F8086009F0A6FF03460028E5D06269CE
:105A2000A4F810B012FA87F7E76048F80500C9F843
:105A300008A0DAE76FF01503D7E7D03600202DE98C
:105A4000F14F0546FBF773FE3349182202FB00F3C2
:105A5000C81851F803A00779B0F80680D0F8109064
:105A60000021D0E902460DF093F8A87AFBF757FE23
:105A70006969834651B16B7AD80705D4DBF82430C5
:105A80001B6828469B68984700236B612946584647
:105A90000CF0F2FB002F31D084B3236873B31B6882
:105AA00063B3BAF1000F29D1201D0AF055FB384627
:105AB000FFF7C1FD052821D8DFE800F01603201606
:105AC0002003BFF35B8FA36DBFF35B8FDA0715D5A0
:105AD000E36D9BB14FF47022002304F1780001B014
:105AE000BDE8F04F05F059BA23681D68BFF35B8F1E
:105AF000A36DBFF35B8FDB0700D556B901B0BDE8DE
:105B0000F08F49462846B0470134A3B29845F8D8EB
:105B1000F4E70024F9E7D0360020F8B50B8A0768CF
:105B200004460D46002B39D0012105F10C0008F088
:105B300011FDBB7A072B064630D154F8043C6BB3F9
:105B400001781748043C002310F833708F4200EBB3
:105B5000C30208D1298A53789778994213D2012F2A
:105B60001CD1042317E001330E2BEDD10846FFF7BB
:105B700062FD98B1052811D081B10623002220468C
:105B80000AF02EFB0AE05368294620469847012F69
:105B9000034603D110B131780029EFD10020F8BDC0
:105BA00000BFAC280300F0B51E4603680D4600395F
:105BB00087B0044618BF0121186817460AF0A3FFF2
:105BC00040B904F158000AF0C3F9002844D000207D
:105BD00007B0F0BD002E41D01822002168460CF01D
:105BE000D7FF47BB23681E4A1B6800930023ADF80C
:105BF00012300C9B0393BDF83430ADF81030012304
:105C00008DF8143031466B4630468DF8085009F057
:105C100090FF9DF81430C3B1002FD8D00198FBF746
:105C20003AFE9DF81430002DD1D032462946204648
:105C30000AF0D6FACBE7002239462046FFF735FDB9
:105C400001900028CED11120C2E701990029BED0D1
:105C500020460AF0B7FABAE71220B9E70120B7E701
:105C600000BF17ED0200F8B54FF47022074600237D
:105C70000D480E4608F0E7FB044690B100F10C0514
:105C80000921284608F034FC2046FBF750FD064B5E
:105C9000182202FB0033012128469F6008F033FCE4
:105CA00006702046F8BDA0090020D03600202DE95E
:105CB000F0410E8A043EF6B2022E04468CB008462D
:105CC00001D0102E64D104210C3008F043FC0DF1FA
:105CD000080805884788011D3246404608F060FFE5
:105CE000002857D09DB3002687B3BD422FD84FF46C
:105CF000205301A940468DF80460ADF8063008F045
:105D000021FF40BB1422002107A80CF041FF112104
:105D10002046FFF7A8FF0990002837D001210C305A
:105D2000CDE9074808F0EFFB00230A901B4A0370F7
:105D300039460B93284607AB09F0FBFE0A9B1B78FC
:105D4000FBB90998FBF7A7FD0A2301E03D460123B3
:105D50002A4610210EE042F6010307A940468DF8BD
:105D60001C60ADF81E3008F0EDFE0028CAD01023EC
:105D70002A46194620460AF033FA00200CB0BDE846
:105D8000F081099920460AF01DFAF6E71120F5E79F
:105D90000420F3E70E20F1E700BFA94902002DE936
:105DA000F043036885B004460D46186801210AF0E7
:105DB000AAFE40B904F158000AF0CAF8B0BB12209C
:105DC00005B0BDE8F0831022002168460CF0E0FE2B
:105DD00021212046FFF747FF029048B3DFF8589093
:105DE000009405F10C074FF001082B8A012B04D811
:105DF000029920460AF0E6F918E0384608F0B2FBAE
:105E00006B464A46014606468DF80C8009F091FE25
:105E10009DF80C30002BE8D00298FBF73CFD9DF874
:105E20000C303246202120460AF0DAF90020C7E77C
:105E30001120C5E700BFFBF102002DE9F043036824
:105E400085B004460D46186801210AF05CFE40B991
:105E500004F158000AF07CF8B0BB122005B0BDE890
:105E6000F0831022002168460CF092FE0F2120469C
:105E7000FFF7F9FE029048B3DFF85890009405F15F
:105E80000C074FF001082B8A012B04D802992046F9
:105E90000AF098F918E0384608F064FB6B464A4669
:105EA000014606468DF80C8009F043FE9DF80C3043
:105EB000002BE8D00298FBF7EEFC9DF80C30324640
:105EC0000E2120460AF08CF90020C7E71120C5E713
:105ED00000BFB5F10200F0B51D46036885B0044669
:105EE0000E461868012117460AF00DFE38B904F174
:105EF00058000AF02DF848BB122005B0F0BD65B37C
:105F00001022002168460CF043FE39462046FFF778
:105F1000AAFE029018B3BDF82830ADF80430012372
:105F20008DF80C300F4A00946B462946284609F03C
:105F300000FE9DF80C305BB10298FBF7ACFC9DF8BD
:105F40000C302A46314620460AF04AF90020D4E7B0
:105F5000029920460AF036F9F8E70120CDE7112032
:105F6000CBE7B5F102002DE9F0410D8A043DEDB219
:105F7000022D04468CB0084601D0102D68D10421B2
:105F80000C3008F0E7FA0DF1040806884788011D77
:105F90002A46404608F004FE00285BD0BEB3AFB3EB
:105FA000BE4234D800238DF8183006A942F62A33B1
:105FB0004046ADF81A3008F0C5FD80BB182200211C
:105FC0000DEB02000CF0E4FD09212046FFF74BFE2B
:105FD000089000283AD001210C30CDE9064808F09D
:105FE00092FA0023099003700A238DF82C301A4A84
:105FF00006AB3946304609F09CFD9DF82C3003B3C2
:106000000898FBF748FC9DF82C3001E03E46012340
:106010003246082120460AF0E3F800200EE023680B
:10602000012118680AF06FFD0028C7D104F158005B
:1060300009F08EFF002814BF002012200CB0BDE82C
:10604000F081089920460AF0BDF8E6E71120F5E74F
:106050000420F3E70E20F1E700BF2D4B02002DE9ED
:10606000F0430F4687B00446062107F10C0008F004
:1060700071FA0588B0F802808288D7F80C90C5B113
:106080000023B8F1000F13D0A84512D38DF80030CB
:106090008DF8043001A94FF420536846ADF8022072
:1060A000ADF8063008F04EFD064660B10A2301E067
:1060B000454601232A46062120460AF091F8002091
:1060C00007B0BDE8F0830146142201A83F7C0CF024
:1060D0005FFD07212046FFF7C6FD0290D8B10A23D5
:1060E0008DF815300D4A019401AB41462846CDE9A3
:1060F00003698DF8147009F01CFD9DF815302BB163
:106100000298FBF7C8FB9DF81530D3E702992046AB
:106110000AF058F8D3E71120D2E78FED02007FB5DF
:10612000CB681D885E88044685B176B1B5420DD82E
:106130001022002168460CF02BFD05212046FFF7B8
:1061400092FD019058B9112007E0354601232A46F7
:10615000042120460AF044F8002004B070BD6B46CC
:10616000094A00943146284609F0E3FC029B23B912
:106170000198FBF790FB0A23E9E7019920460AF012
:1061800021F8E9E700BFD5EE020013B50B46002168
:1061900001910E4902460CF060FD0C680D4909584A
:1061A0000D488C4208BF002201A908BF134604F025
:1061B00056FB014640B9019B102218460CF0E8FC42
:1061C0000346184602B010BD0023FAE700BF60374F
:1061D0000020080000000009002010B50446806877
:1061E00018B1FBF758FB0023A36021460248BDE825
:1061F00010400BF078BF000900202DE9F34704465A
:1062000078300E4617461D460CF03EF9E06D30B969
:10621000206809F059FF002002B0BDE8F087104B5C
:1062200098424FF0000802D1C4F85C80F0E7D0F843
:106230000490C0F80480E06DD0F80CA0FFF7CDFF0B
:106240002068C4F85C8009F03FFFB9F1000FE2D08C
:106250002068CDF800A000683B4632462946C84772
:10626000D9E764370020F7B550F8044C0546002CF8
:1062700059D000F1A40104F1240009F04EFE2E1FB4
:1062800005F15C0700220023384604F0CAFB0246F1
:1062900078BBAB6D2BB101466FF067033046FFF75B
:1062A000ACFF002345F8043C05F15403BFF35B8FBA
:1062B00053E8001F21F0010143E80012002AF7D142
:1062C000BFF35B8F636A73BB04F10C0600220023EB
:1062D000304604F0A6FB78B9666886B91348266094
:1062E00021460BF000FF286803B0BDE8F04000F045
:1062F00092BDFBF7D0FAC5E7FBF7CDFAE6E7A26857
:1063000033686360964208BFA36077683FB1F36863
:106310000093002320681A466FF06701B8473046A3
:10632000FFF75BFFD8E703B0F0BDC808002070B5E9
:1063300050F8783C92B00646186809F004FA0378E1
:10634000044607AD032B24D8DFE803F0021D1F210C
:1063500013492846F6F798FBA379059562780492CD
:10636000A2780392E27802922279019262790092F5
:106370001E210B4A0AA805F0EAFEA6F17400FFF7F9
:1063800072FF12B070BD0749E3E70749E1E707492B
:10639000DFE7074A0A21284605F0D9FEDCE7C13DC0
:1063A0000300EA3D0300C83D0300CF3D0300D93D93
:1063B0000300E33D0300F8B51D460F461646FBF704
:1063C000B6F9044C182303FB0040C0E9037601230F
:1063D000C3800575F8BDD036002008B530B907492F
:1063E00008480AF082F838B1074808BD054A12F893
:1063F000011C09F080F9F6E70020F6E700BF2A4DFE
:1064000003008D3700208C37002010B5074C23780F
:10641000834207D1601C0AF068F8002814BF2046A8
:10642000002010BD0020FCE700BF3A3A002010B564
:106430004A1C0C4638B1097809F05DF908B12046CC
:1064400010BD0020FCE7024910460AF04EF8F5E7BF
:1064500000BF2A4D03002DE9F8431E46BDF8203049
:10646000D1F80C8081460F46002B3DD1731E012BC5
:106470003DD8012E4146157818BF1588FFF7D7FF84
:10648000044680B915B93046BDE8F8834146FFF7A8
:10649000CEFF044670B309F1700101300AF03CF8F8
:1064A00099F808302370D8F810308BB92581B8F8E6
:1064B0000A30AB4203D04146384609F0F1FF002DC7
:1064C000E1D10D49601C0AF027F825702581DAE733
:1064D0002A463946484698470028D5DB0138012826
:1064E000E4D96FF00D00CFE76FF00600CCE76FF056
:1064F0000C00C9E76FF01000C6E72A4D0300024602
:1065000008B5084901300AF007F8002313720C326D
:10651000BFF35B8F52E8001F42E800300028F9D13A
:10652000BFF35B8F08BD2A4D03002DE9F041804683
:106530000F4616461D46FFF768FF044648B90B494B
:10654000FFF763FF044680B100F8018B394609F07C
:10655000E3FF228963891AB92BB92681658104E09A
:10656000964238BF26819D42F8D8BDE8F0812A4D79
:1065700003002DE9F041234B154682689A420746F5
:1065800002D1C468638933BB0120BDE8F081FEF706
:106590000AFBE36800216181002BF5D0384698475B
:1065A000F2E705F17008287A414608F016FD68B94F
:1065B000164B9C4202D1284609F0B5FF14493046DB
:1065C00009F0AAFF002323702381E2E74146304609
:1065D00009F0A2FFDDE72389002BDAD02646284602
:1065E00016F8011B324609F086F80028D9D1207828
:1065F0003146FEF7CCFD0028CBD0837A072BC6D1DD
:10660000FEF7D1FAC0E79D560200980600202A4DF9
:10661000030010B504461448BFF35B8F50E8003FF9
:1066200023F0020340E80032002AF7D1BFF35B8F6A
:10663000BFF35B8F0368BFF35B8FDA0704D50022DB
:106640000023303804F0A9FC204609F0FEFE50B1CA
:106650002046FFF7C2FE30B1037ADB0703D5BDE861
:1066600010400AF09EB810BD00BFC01C002010B53D
:106670001548012109F041FFC30723D40221114825
:1066800009F03BFF084007D11049104A0B88104C15
:10669000A24211D300B10B800F490F480BF0E8FE66
:1066A0000E484FF4A4720023FCF793FCBDE81040A1
:1066B0000B490B480BF0DCBE506803449BB2083218
:1066C0000120E5E710BD9C370020463A0020B421A8
:1066D0000300D4210300295B0200181C0020095D7F
:1066E0000200901C00202DE9F041034648B1008AC9
:1066F00038B91249DFF84CE001244FF0140C714511
:1067000001D3BDE8F081D1E90076BB4204D30CFB94
:106710000672143A93420ED93444A2B20831144698
:10672000EDE70CFB0578434507D001356219B5420A
:1067300092B2F6D1F2E70025F8E71046E1E7B4217E
:106740000300D42103002DE9F74FBDF8305000912C
:1067500099464FF6FF73002D08BF1D46244B1B883A
:106760008342074690463CD203B0BDE8F08F736881
:106770002344BB4232D29CB208361D4B9E42F6D314
:10678000F2E789580193404608F0DCF9019B90B18B
:1067900001340AF1010AA4B273685345ECD9009B95
:1067A0009C42E1D8BC423168F2D30BFB0AF28B1851
:1067B000B8F1000FE5D1B9F1000F0BD1013DADB239
:1067C00018460E9A0D9B21469847002DCCD00028E4
:1067D000DED1C9E7DA689145DAD1EFE74FF0000A78
:1067E000DAE7044E01244FF0140BC6E700BF463A27
:1067F0000020D4210300B421030010B5C8B0002349
:106800001AAA694604A8CDE90033CDE9023307F09E
:10681000FDFCD8B14FF6FF7101200D4A04AB0AF020
:1068200087F80C4804A907F086FD78B10A4B0822C6
:1068300003F11001187811F8014D03F8014B013AEA
:106840000870F7D10548082109F057FE48B010BD7F
:1068500000BF43F90200081C0020C01C0020F8B54E
:106860001D49BDF818600446A1F130001F461546C9
:106870000BF01DFEBFF35B8F184B1B68BFF35B8FE4
:10688000190701D4FFF7B9FF2046FFF7A6FD01461F
:1068900070B1037ADA070BD5BFF35B8FCB68BFF318
:1068A0005B8FDB0700F10C0002D4022109F025FE0A
:1068B000102E0CD8C6F110040949BC42A8BF3C46B2
:1068C0002246314428460CF03BF92046F8BD6FF0D3
:1068D0000604FAE700BF481C0020C01C0020081C6A
:1068E0000020054BBFF35B8F1B68BFF35B8F1B075B
:1068F00001D4FFF782BF704700BFC01C002007B55E
:1069000000230193FFF7EFFE411C89B20846034ABA
:1069100001AB0AF00DF8019803B05DF804FBE1F655
:1069200002002DE9F047894651684F8A17F0940715
:106930008046154642D102220AF023F8002840D0B2
:106940004FF470200021AE8AFFF71FFC0236044688
:1069500060B11D4B4360C56032461D21404609F0C1
:1069600097FC064638B92046FFF737FC6FF00B0559
:106970002846BDE8F08701233A46394606F10C0A5D
:10698000FFF719FD0221504607F0BDFD07465046AE
:1069900027F8029BA98A07F0B6FDAA8A296938461A
:1069A0000CF0CEF8A6602146404609F031FD0546C0
:1069B0000028DDD02046FFF710FCD9E74FF0FF3567
:1069C000D6E76FF01505D3E700BFFBF6020030B540
:1069D000394BBFF35B8F1B68BFF35B8F5A078BB0DC
:1069E00004460D4661D510B1837A072B60D16868E3
:1069F0000590FFF778FE2A68ADF818003AB305A9AC
:106A000002912D4901910121002300914FF6FF7160
:106A10000593FFF798FE059B1BB96FF001000BB0C3
:106A200030BD6B60059B186800238DF8103004A9F9
:106A300042F60303ADF8123008F084F870B90598F7
:106A4000C3689B799B0605D46FF01500E7E7002823
:106A5000E8D1E2E709F01AFFADF81800BDF8180018
:106A60003CB101230146AB752A462046FFF759FF8A
:106A7000D5E76FF07F0307930223ADF8203042F68D
:106A80000213ADF8123005ABAC7502930C4B0193B9
:106A90000123009304AA23464FF6FF7109958DF850
:106AA0001040FFF750FE0798B9E76FF00A00B6E70D
:106AB0006FF07F00B3E70C04002029F70200155F98
:106AC000020013B550F8082C01920346A0F12001F2
:106AD00000F13004BFF35B8F54E8002F22F0010275
:106AE00044E800200028F7D1BFF35B8F0D4A43F83C
:106AF0001C2C0C4A43F8182C01AA002043F8102C37
:106B0000042223F8080C23F8060C23F80C2CFFF7BA
:106B10005EFF18B90221204609F0EFFC02B010BD5B
:106B200000BF542903005958020070B5274B15685F
:106B300082689A42044645D1C6683389002B41D009
:106B40003246284612F8011B08F0D5FD002839D03E
:106B50004FF495722146284609F0F7FE032831D0FC
:106B60003146204609F09CFC194B9E422AD1287AD6
:106B700005F17001FFF749FC044618B303890BB90E
:106B80004389FBB12846FEF7F2F8114A238922F81F
:106B9000203002EB8003618959800E490F4C182385
:106BA00003FB001300B202EB800200EB40005C60CC
:106BB0001A610A4C9C60042201EBC00128469A82AB
:106BC000FFF705FF012070BD00BF9D56020098062B
:106BD0000020363A0020743700205429030075FA4B
:106BE000020030B5374BBFF35B8F1B68BFF35B8F81
:106BF0005A078BB004460D465DD510B1837A072B3A
:106C00005CD168680590FFF76EFD2A68ADF8180042
:106C10003AB305A902912B4901910121002300916A
:106C20004FF6FF710593FFF78EFD059B1BB96FF0C3
:106C300001000BB030BD6B60059B186800238DF818
:106C4000103004A942F60303ADF8123007F07AFFC2
:106C500070B90598C3689B79DB0605D46FF0150001
:106C6000E7E70028E8D1E2E709F010FEADF81800E8
:106C7000BDF818002CB101462A46204609F005FF50
:106C8000D7E742F60212ADF8122005AA6FF07F0393
:106C900002920D4A07930123CDE90032ADF820306E
:106CA00004AA23464FF6FF7109958DF81040FFF7AF
:106CB0004AFD0798BDE76FF00A00BAE76FF07F0062
:106CC000B7E70C04002029F70200155F0200F8B5B1
:106CD0003B4B144682689A42074601D00120F8BD1A
:106CE000C668374B9E4250D03289A3899A4206F13A
:106CF0000101F3D13078FEF74AFA05460028EDD0BD
:106D0000837A072B05D0FDF74EFFE7E7FDF74BFF32
:106D1000EAE7736923B13946984708B92846F2E78C
:106D20007B8A13F09407F9D1A389022B14D13389FC
:106D300013F0020604D12846FDF735FFA660CDE723
:106D40002269A1882846FFF7ECFD0646A8B922690A
:106D5000937D01339375EEE7012B04D02846FDF7B0
:106D600022FFA760BAE7338913F00106E3D0226956
:106D7000A188284609F089FE06462846FDF713FF3C
:106D8000002EA660AADA0020A9E70E4D0F4928467A
:106D900009F0ABFB0028A7D115F8010C0722294602
:106DA000FEF70FFA0028B1D1236915F8010C1A6912
:106DB000294653881288FFF7B8FB95E700BF9D5618
:106DC0000200980600203B3A00202A4D030007B538
:106DD000064A00906B4601204FF6FF718DF80400C3
:106DE00009F0A6FD03B05DF804FB715D0200F8B583
:106DF000084B1C6805460E4617464CB154F8043C37
:106E0000043C1BB13A463146284698476468F4E78B
:106E1000F8BDA037002070B503460F4A04464FF670
:106E2000FF71012009F084FD2046FFF7D6FA0546E0
:106E300088B104F17006207A314608F0CEF820B906
:106E40002846BDE87040FFF75ABB3146681CBDE8D4
:106E5000704009F061BB70BD00BFB9570200044B20
:106E6000186818B9044A5A600B6070476FF00B003D
:106E70007047A8370020582A0300084B70B5C31A82
:106E80000D4607499B10044659430648402209F025
:106E9000E7FE2B4601462046BDE8704018471038F3
:106EA0000020B76DDBB66C1F030073B50C4C0C4AA9
:106EB0004023041B00930D460B460A49A41061436E
:106EC0000646094809F0F8FE011E05DA30462B4651
:106ED00002B0BDE87040184702B070BD00BF103866
:106EE000002069FF0200B76DDBB66C1F03000022B3
:106EF00070B5012104461046FAF70DFA0F4802F06A
:106F000084FA0E4B984215D10AF042FA26690C49D0
:106F1000304606F047FE00280BDB01253564246966
:106F2000084904F11C0006F03DFE002801DBE56481
:106F3000002070BD6FF00400FBE7E5620200000076
:106F4000AD0B802A03007FB500220123CDE9022387
:106F500004ABCDE90433094ACDF800D06B46CDF837
:106F600004D009F0D7FE002805DB4FF4804200234F
:106F7000684603F0AEFD07B05DF804FB00BF81FF7B
:106F8000020010B5074C23782BB94FF4A5700AF016
:106F9000F3FF01232370BDE81040002002F025BA62
:106FA00000BF8D48002010B5EFF31184402383F318
:106FB0001288BFF36F8F074A136823F00201DB07C3
:106FC000116002D401200AF0DEF984F31188BFF3C6
:106FD0006F8F10BD00BF6038002030B4104B0C2202
:106FE00002FB003301460020D3E90E529863EFF311
:106FF0001180402484F31288BFF36F8F1C6C04F05F
:10700000C00444F002041C6480F31188BFF36F8F46
:107010001DB12B46034830BC184730BC70471038B0
:1070200000206C1F030010B4EFF31182402383F3A0
:107030001288BFF36F8F1748016841F002040460A3
:10704000C80707D482F31188BFF36F8F012010BCEB
:1070500002F0CBB94FF08041D1F80C04D1F80C14F8
:10706000C907EFD5EFF3118083F31288BFF36F8F59
:107070000A490B6C03F0C00343F002030B6480F376
:107080001188BFF36F8F82F31188BFF36F8F0020D9
:1070900010BCFFF7A2BF603800201038002010B1EC
:1070A000012804D07047034B1B6C5B0701D1FFF72D
:1070B00094BF704700BF103800202DE9F0413849D7
:1070C000BFF35B8F0746012251E8003F41E80020F3
:1070D0000028F9D1BFF35B8F33B9324933484B6095
:1070E000CB608A6006F071FD7B1E012B2BD8012F2F
:1070F00007D14FF08043D3F81C3403F00303012B76
:1071000021D00BF004FA0546F8B9284B1B78E3B1FF
:107110004FF080430222C3F808230646DFF894802C
:107120004FF08044D4F81824D4F81834D20315D57D
:1071300003F00303012B01D0012F0FD155B386F3C8
:107140001188BFF36F8FBDE8F081EFF31186402304
:1071500083F31288BFF36F8F0125DFE7ADB13046AF
:1071600007F047F9D4F81835002BDBD1D4F8042107
:10717000002AD7D0C4F80431D4F804310123C4F86C
:107180001835C8F88031A360CCE70021212004F035
:107190001CFAE7E74FF080430222C3F80423D2E74A
:1071A00000BF0C380020FC3700202C380020EC4BAE
:1071B000002000E100E008B507480AF0E2FE38B11F
:1071C0000648FAF772FA0448F9F7BBFB002008BD3D
:1071D0006FF01200FBE7BC1F0300256402000A28C1
:1071E00038B5074D044604D1AB680D215B682846CD
:1071F0009847AB6803485B68E1B29847204638BDC2
:1072000000BFBC1F0300EFF31182402383F31288F9
:10721000BFF36F8F0A4BD3F8001161B10021D3F88F
:107220000805C3F80011D3F80031C0B282F3118809
:10723000BFF36F8F70476FF00A00F7E700BF00D011
:107240000040F0B5034610469C7893F803C0EFF376
:107250001182402585F31288BFF36F8F1F7893F852
:1072600001E0E41B04EA0C04A04288BFA0B23E186F
:107270000CEA06063D461E7082F31188BFF36F8F3D
:107280000A188A4216D177450CD1EFF311824021BA
:1072900081F31288BFF36F8F1978597082F31188C8
:1072A000BFF36F8F1B79241AA34222BF064B012222
:1072B0001A60F0BD5E190135767901F8016B05EAB7
:1072C0000C05DEE700BF00D00040DB432DE9F047AE
:1072D00013F001050E46144604D02248FFF7B1FF13
:1072E000BDE8F0879AB3EFF31188402383F3128847
:1072F000BFF36F8F0D20FAF700F807460D20F9F75E
:10730000E8FF88F31188BFF36F8FDFF85CA0DFF828
:107310005C80CAF80051DAF800314FF400590123BB
:10732000CAF800302546C8F88091DAF8003183B1F8
:10733000FFF769FF031EC8F88091F6DB013DADB28F
:107340007355002DF1D117B10D20F9F7B4FF204688
:10735000C6E7EFF31180402383F31288BFF36F8FEA
:1073600007F047F8E1E79438002000D0004000E142
:1073700000E02DE9F041124F0D46144607F1450893
:1073800014B92046BDE8F0814FF0FF334FF0FF32D3
:10739000384603F09EFB224629464046FFF751FF40
:1073A0000646384603F06FFB3EB94FF0FF324FF010
:1073B000FF33044803F08DFBE6E7A41BA4B2354479
:1073C000DEE7643800207C38002038B5194C0122F3
:1073D000114620460AF05EFF0122002104F1180048
:1073E0000AF058FF40F20743A4F848304FF07063AA
:1073F00023630C2384F8343000250E4B84F8455069
:10740000A4F84650D3F8042522F00102C3F804255D
:107410000121C3F80051D3F80021C3F804132A4610
:1074200019600D20F9F777FF0D20F9F744FF284682
:1074300038BD6438002000D0004010B5FFF7E3FEEF
:10744000002820DB174B93F8322093F8314093F853
:107450003310141B31EA0404C0B20DD193F8472055
:1074600093F8464093F84810141B31EA04040BD1FA
:107470000D4B01225A600EE09C180132114084F835
:10748000350083F8321010BD9C180132114084F889
:107490004A0083F847100448BDE8104003F0F3BAEF
:1074A00000BF6438002000D000407C380020024B30
:1074B0000B6001231360704700BFB83800200048FC
:1074C0007047DC2A030010B5012211460748074C1B
:1074D0000AF0E0FE01F0E3FF0AF0E2F820600AF0B3
:1074E000DBF86060002010BD00BFC0380020B83855
:1074F0000020F0B587B00E4615460AF0CDF82946B3
:107500000746304609F051FCC8B3B6FBF7F307FB5A
:107510001363A3BBB5FBF7F407FB14547CBBAF426A
:1075200022D84FF0FF324FF0FF33164803F0D1FA64
:1075300009F031FF02AB01461022C0B121461846C6
:107540000BF026FB01228DF814200F4ACDE9002014
:107550000F48CDE9036501F0AAFF684601F0ADFFD1
:107560000446084803F08FFA204607B0F0BD1846DD
:107570000BF00EFBCDE9036509F0F3FBF0E76FF0CC
:107580001504F1E700BFC0380020A9FF0200645EC7
:10759000010038B5037B04460BB109F008FF012553
:1075A000A368032B06D8124AD2F80034DB07FBD5B8
:1075B000002038BD23686068196802F0F4FD636834
:1075C00004336360236804332360A368043BA3602F
:1075D000237B0135002BE3D0284601F0DCFF002897
:1075E000DED0034AD2F80034D907FBD50120E0E70A
:1075F00000BF00E0014070B50D4686B01946284630
:1076000016461C4609F0D1FB60B345EA04039B070C
:1076100028D1FCB14FF0FF334FF0FF32134803F095
:1076200058FA09F0B8FE0346CDE9026502A80494B1
:107630009BB101238DF814300D4BCDE9003041F69C
:107640004C5001F034FF684601F037FF044606480D
:1076500003F019FA204606B070BD8DF81430FFF71C
:1076600098FFF3E76FF01504F4E7C0380020D967FE
:10767000020038B545682B69B3B11035284602F0D1
:1076800056FC044680B90146284602F01CFC084B13
:1076900098420BD108492246284602F0FCFB2246BC
:1076A00005210620F9F737FE002038BD6FF00400F1
:1076B000FBE70000AD0B01690200430970B507D17B
:1076C0000B4B596821B101250C68094E854001B961
:1076D00070BD8A682A4002D04B68304698471CB17A
:1076E000236821461C46F2E72346FAE700BFD83854
:1076F0000020801F03002DE9F043476840F2063662
:10770000D0063B7B87B002EA060654BFC2F34010A6
:10771000032001F01F05B6F5837F144645EA4315A3
:107720008DF8030043D00FD8062E18D007D8B6B175
:10773000022E3ED06FF0150007B0BDE8F083B6F51D
:10774000807FF7D101260AE040F20222964232D031
:10775000B6F5407F31D0B6F5007FEBD1022601238C
:10776000220303FA01F12AD57B68C3F808153B69A7
:107770005BBB05F01F026D0974D1920002F1A042BB
:1077800084F48031D2F80037C1F30041C4F340449F
:1077900023F4E16344EA410423F007031C4344EA71
:1077A000800444EA0624C2F800470020C4E7072604
:1077B000D5E70426D3E70526D1E70326CFE7630301
:1077C00044BF7B68C3F80C15D1E710370DF10202F6
:1077D0002946384602F065FB14F4403F80460CD140
:1077E0002946384609F04BFF214B9845DDD19DF8DD
:1077F0000210384602F0A5FBD7E701AB4FF00009B5
:1078000003AA29463846CDE90439CDE90199CDF8D6
:107810000C9002F01AFA154B98428BD114F40033F5
:1078200015D09DF803308DF80E3084F48034C4F305
:1078300000444B4603AA294638468DF80C608DF863
:107840000D4002F0B2FA094B9842CDD072E7CDE973
:10785000043303AA0DF1030329463846039302F0CB
:10786000F4F9F0E702F5E07253F82230FFDE000091
:10787000AD0BF0B54068057B01F01F0444EA4514E8
:10788000056987B0002D60D0B2F5001F00F110052A
:1078900006D12146284609F0F4FE002007B0F0BDCD
:1078A00001AE0027B2F5800F0197776038D1B3F1B0
:1078B000007F14BF052304238DF804300023CDE995
:1078C00004630393836823FA01F111F0010119D1D4
:1078D000B2F1A07F16D104F01F03620903F5E07333
:1078E00039D14FF0A04252F82330DB070AD40DF112
:1078F000030632462146284602F0D3FA184B984236
:1079000019D0029603AA2146284602F09EF9144B8C
:1079100098421DD101222146284602F01EFBBCE7F9
:10792000B3F1C06F05D0B3F1007F14BF0123022370
:10793000C2E70323C0E73146284602F008FB084BA4
:107940009842DED06FF00B00A8E76FF08500A5E746
:107950006FF01500A2E751F82330FFDE00BF0400EE
:10796000AD0B0000AD0B2DE9F0435B4E5C4F00EB1F
:10797000810140F2FF15814202D10020BDE8F08371
:10798000046814F4804FC4F3C32CC4F3080340F01C
:107990009080240E16F80CC0AB4208BF4FF0FF33A6
:1079A000192C00F28980DFE804F00D13191C1F2543
:1079B0001C87878787366387878787878787878737
:1079C000667B7E81C2F80C355C1C5ED10430D2E748
:1079D000C2F814355C1CF9D000245FE0C2F8083509
:1079E000F2E7C2F81035F5E75C1CC2F80835EDD0B7
:1079F000002404E05C1CC2F80C35E7D001245FEAE7
:107A0000531E5CD14FF001084FF0A04E08FA03F965
:107A1000CEF80C950AE0C2F80835BCF1000FD9D1B8
:107A20005C1CD3D00024A0464FF0060CD0F8009088
:107A300009F4004EBEF1000F1CBF4FF000080124F6
:107A400003F01F0E5B0942D14FEA8E0E0EF1A04EDD
:107A5000C9F34129DEF800373B4043EA890343EA92
:107A60000C2343EA080343EA4403CEF80037ADE7AA
:107A7000C2F80C35D1E7C2F86035B3F1FF3F0468B6
:107A8000A4D0C4F30044002CB8D05C091BD101245D
:107A90004FF0A04E04FA03F8CEF80885A046C5E7DB
:107AA000C2F86435E9E7C2F86835E6E7C2F86C3534
:107AB000E3E76FF0150061E76FF085005EE70023F4
:107AC000C3F80C35FFDE0023C3F80835FAE70EF5DE
:107AD000E07E002353F82E30F4E7DB4E0300F0F88D
:107AE000FCFF074BD3F8082142B10020C3F808017E
:107AF000D3F80821D3F818350B7070474FF0FF30DA
:107B0000704700200040024BD3F88004C3F8800483
:107B1000704700200040F8B50E460AF0F8FC1A4DF8
:107B200078BB64240127BFF35B8F55E8003F002B2F
:107B300003D145E80072002AF7D1BFF35B8F07D06D
:107B400021200021013C03F040FD14F0FF04EAD1A4
:107B50000F4C0023C4F81C31D4F81C310123A3605E
:107B6000C4F81C654FF47A76D4F81C3123B901208F
:107B700009F013FD013EF7D10123E36000232B60E0
:107B8000F8BD01232B60E3E700BFE43800200020AC
:107B9000004073B5594A436804690021C2F80015D2
:107BA0001E68054601AA304609F0DAF90028C0F23D
:107BB0008180019B326819791868FFF7D4FE00288C
:107BC00078DB6379012B1CD1A379032B19D1E379DD
:107BD000BBB9217911B1022913D10E212368B3F564
:107BE000164F69D02BD8B3F5165F67D014D8B3F50C
:107BF000966F65D008D8B3F5967F64D0B3F5167F3D
:107C000064D06FF0850055E0B3F5166F61D0B3F521
:107C1000965FF6D13A4B39E0B3F5E14F5CD007D827
:107C2000B3F5615F5AD0B3F5964FEAD1354B2DE0ED
:107C300047F612229342E4D14FF4000326E0B3F555
:107C4000613F4ED011D8B3F5963F4CD008D84DF6D1
:107C5000C022934249D0B3F5614FD2D12A4B15E0EF
:107C6000B3F5E13FCDD1284B10E0B3F5612F3FD004
:107C700007D8264A93423DD0B3F5E12FC1D1244B1A
:107C800004E0244A9342BCD14FF080531B4A2D6933
:107C9000C2F82435C2F86C1594E8030085E80300A7
:107CA00004230020C2F80035C2F80801D2F80831D8
:107CB0000123136002B070BD184BE7E7184BE5E7EE
:107CC0004FF49E23E2E74FF4A033DFE74FF41C3379
:107CD000DCE74FF41D23D9E7124BD7E74FF46C13C1
:107CE000D4E7104BD2E7104BD0E74FF46503CDE754
:107CF0000F4BCBE74FF08063C8E70020004000B097
:107D0000130000A04E0000F0EB0000E0D70190D07F
:107D1000030000705F0740420F0000509D000050BC
:107D2000270000F0750000B0AF0300903A0100D0CA
:107D3000BE0E7FB50546406829698A6D0B6E0ABB89
:107D4000ABB14C6D8B6616461A46C96D0291CDE9F2
:107D5000004611B3002B18BF134600226946039357
:107D600002F057FB0E4B98420AD06FF004032C69C7
:107D7000236404F1280002F086FE002384F86C30AE
:107D800004B070BD4C6D13B19A4228BF1A46002C46
:107D90008A6614BF16460026D7E70B46DDE70000CB
:107DA000AD0B2DE9F04F89B00E4600934368019367
:107DB0008B88046999040746914600F122814FF0AF
:107DC000FF324FF0FF3304F1100002F082FE6660D4
:107DD000D7F81080D7F804A098F86D301BB1D8F808
:107DE00000309E4279D0B6F804C01CF4006F40F019
:107DF0003F811CF0090F40F03881CCF34513082B6C
:107E000040F033813568AF4B9D4240F22E810AF13C
:107E1000080BBBE80F000DF10C0EAEE80F00DBF80D
:107E20000030CEF80030A84B9D4240F2F380A74BC3
:107E30009D4240F2F280A64B9D4240F2F180A54B5C
:107E40009D4240F2F080A44B9D4240F2EF80A34B54
:107E50009D422CBF4FF000454FF080451CF0020FB3
:107E600005950CF0040300F0E480002B14BF0323FD
:107E700002238DF81830CCF300138DF81930DAF89E
:107E80000030D3F808251CF0020FCCF340014FEA74
:107E900052104FF0010340F0D080002840F00B81D9
:107EA00093404FF0A042C2F80C3598F86D302BB1DA
:107EB000504602F076FA002388F86D304346884A2F
:107EC00003A9504602F039FA874B984240F0BD8032
:107ED000012388F86D30C8F80060012384F86C3005
:107EE000019B596A4A1C03D003F1280000F02DF9C8
:107EF000B9F1000F40F0BF80C4F844900023A364A0
:107F000004F1580204F1480104F1440009F045F875
:107F1000009B6065002B40F0B780E364002323657D
:107F200004F1600204F1500104F14C0009F035F84D
:107F3000E06520680023236448B183683BB10121D8
:107F4000083009F03DF8236818690AF015F838463A
:107F5000FFF7EFFE0022A06C1346834240F09D80A5
:107F60000023256D1946A94240F09E809342264683
:107F700038BF13464FF4FA5202FB03F556F8283B7C
:107F80004FF000081B68B5FBF3F54FF4004CC83503
:107F9000414640F2E7304FF47A720023E5FB0C01D2
:107FA000E5F771FC02460B46304602F092FD18B927
:107FB000256C15F1740F13D10198C4F8688002F094
:107FC000F0F984F86D803F696FF073053D6407F147
:107FD000280002F058FD87F86C80304602F09FFDC3
:107FE0002368A3B39A6892B3998811F480562ED16E
:107FF000186909F0C1FF20683146083008F0E0FF39
:1080000025E0A369002B7FF4DAAE63689E427FF41B
:10801000D6AEDDE64FF0007520E74FF080651DE736
:108020004FF000651AE74FF0805517E74FF0005505
:1080300014E7003B18BF01231BE700283ED1934003
:108040004FF0A042C2F808352FE76FF0040523680F
:108050009B8813F4005304D1636004F1100002F014
:1080600012FD284609B0BDE8F08F6FF01505EEE768
:108070006FF08505EBE7D9F800306364002B3FF41F
:108080003DAFD9F804303AE7009B1B68E364002B4E
:108090003FF444AF009B5B6841E7616C01EBC301B7
:1080A000013349680A4458E7E06C00EBC100013134
:1080B0004068034457E7C1F80C15FFDE0023C3F8FE
:1080C0000835FAE700BF47E801008FD003001FA181
:1080D00007003F420F007F841E00FF083D00001292
:1080E0007A00490303000000AD0BF0B587B001230F
:1080F0008DF8023002238DF804306B4403930F4651
:1081000001AB0DF10301002404930546029105948F
:1081100001F01DFF0C4B984206460FD103AA3946C9
:10812000284601F092FDB0420BD09DF8031028467E
:1081300001F007FF6FF0040007B0F0BD6FF0120010
:10814000FAE72046F8E70000AD0B2DE9F0410D46B7
:10815000064609F098FA002207462946304601F003
:10816000FCFE6B0905F01F0429D1A40004F1A04412
:10817000164BD4F80027134043F00C03C4F8003723
:1081800009F019F880463368DB597BB10027304687
:10819000294609F076FAD4F800270B4B134043F038
:1081A0000403C4F800373846BDE8F08109F003F84D
:1081B000A0EB08000628E6D96FF07307E7E704F59F
:1081C000E074002353F82430FFDEF0F8FCFF70B5B4
:1081D000012383400E4ABFF35B8FDC4352E8001F4C
:1081E00001EA040542E80056002EF7D1BFF35B8F89
:1081F0004FF4803282400648C0F80823BFF35F8FF7
:10820000BFF36F8F0B4214BF0120002070BDEC380C
:1082100000200010014070B40E49D1E90034D01A9A
:10822000C31844F1000422F07F46C1E90034A6F5EA
:108230000013B3F5400F09D2074B1B681A0A1B063F
:108240009C19054B42F10005C3E9004570BC03F0E1
:1082500052BBD81C0020F0380020E01C002011B3D5
:10826000BFF35B8F0123104A834052E800CF4CEAF2
:10827000030C42E800C10029F7D1BFF35B8F0B4A22
:108280004FF480338340C2F80433094BBFF35B8F54
:108290001B68BFF35B8FC340DB0742BF064B4FF445
:1082A0000032C3F80021704700BFEC3800200010F6
:1082B0000140E838002000E100E00D4B1868010A99
:1082C0000006BFF35F8F0B4BD3F80435181841F14C
:1082D0000001B3F5801F0AD2084BD3E90023904276
:1082E00071EB030303D210F1807041F1000170477C
:1082F00000BFF038002000100140E01C00202DE9F4
:10830000F04F85B016461F469DF840A00446FFF783
:108310005EFF0190FFF7D1FFB04271EB070354D22B
:108320003E4B301A67EB0101984271F100014FD2C8
:108330003B4B03EB0413D3E902239F4208BF964251
:108340005ED037494FF4803804F1500508FA04F83C
:10835000AD00C1F848832046ADB208F020FF26F0FA
:108360007F4B05F1804504F5A87305F58835DC469B
:108370004FF003090293029A2CF07F4341F8223018
:10838000C1F84483D1F80435274A6FF00200C01ABF
:10839000604420F07F40904232D9286868B1D1F81B
:1083A00004350393A3EB0B0020F07F40B0F5000FE2
:1083B00026D9204608F0F3FE039BBAF1000F07D13F
:1083C00009EB030C09F10109D5E7BAF1000F09D057
:1083D0006FF0150520460199FFF741FF284605B0CB
:1083E000BDE8F08F0123104ABFF35B8FA34052E832
:1083F000000F184342E800010029F8D1BFF35B8F5A
:1084000007490E98230101EB0412C8500F9B5360DB
:10841000C2E902670025DDE700BF01008000C81C3B
:10842000002000100140FDFF7F00E83800207FB5EC
:108430001C4C1C4BC4F80833C4F848331B4B0025B4
:108440004FF0FF304FF0FF31C4F80855C3E9020187
:108450004FF48033C4F80433154B02264FF4003236
:108460000121C4F804631120C3F880212A46F8F7DB
:1084700052FF1120F8F71FFF0E4A0123A36023606B
:1084800013600C4B0D4A0093CDE90155002328469B
:10849000FFF735FF3046FEF710FE284604B070BDEA
:1084A00000BF0010014003000F00C81C002000E1C5
:1084B00000E0EC3800205D740200FFFF7F002DE932
:1084C000F7432B4CD4F8043399070BD5D4F8043177
:1084D00043B1284A0023C4F80431D4F804311368A6
:1084E00001331360D4F80433DA0323D5BFF35B8F71
:1084F000224B53E8002F22F0010143E8001000282E
:10850000F7D1BFF35B8FD30702D4D4F840318BB1DE
:108510000025C4F84051D4F84031FFF7CEFEEFF308
:10852000108272B6164BD3E90267B042B94104D249
:1085300082F3108803B0BDE8F0834FF0FF384FF0AE
:10854000FF39C3E90289D3E900101D604FF480337D
:10855000C4F84833C4F84051D4F8403182F310884D
:108560000029E7D0009032463B4628468847E1E79D
:1085700000BF00100140F0380020E8380020C81C7F
:10858000002030B5431C124C85B005D08442A8BFF2
:108590000446012CB8BF0124FFF78FFE0E4B0C4D93
:1085A000D3E90013401AB0F5000F10D22218AA42E6
:1085B00028BF2A4652184FF0000007490091CDE924
:1085C000010043F10003FFF79AFE05B030BD2A46D3
:1085D000F0E7FFFF7F00D81C00205D74020008B5A3
:1085E000FFF76BFE024B1B68C01A08BD00BFD81C0A
:1085F000002010B5084C012363601120F8F769FED4
:10860000064BC4F80833C4F84833044B4FF4003227
:10861000C3F8802110BD0010014003000F0000E1ED
:1086200000E002460B46014802F047B900BF30099E
:108630000020014802F0B9B900BF3009002008B598
:108640000A460146074805F044FA064805F041FA93
:10865000002383F31188BFF36F8F0323184602DFD3
:1086600008BD0B4F0300DD42030070B5064688B01D
:1086700023480D46234909F090FE00F0E2FD03A8CF
:10868000E5F751FE204809F07CFC88B31F4B0193AD
:1086900001A8E5F7B0FE70BB4FF0FF304FF0FF319F
:1086A000FFF7BFFF044638B919491948E5F7F1FD4E
:1086B000044620B1FFF7BDFF204608B070BD41F66B
:1086C0004C5302A80293F0F725FF20B1FFF7B1FF4A
:1086D0006FF08504F0E7012368468DF80030F0F76D
:1086E00011FF0028F2D1FFF7A4FF33691D60E3E713
:1086F0006FF01204E0E76FF01504DDE700BFF83813
:10870000002095040300941F03002D7A0200E81C4A
:1087100000201D7A020030B52D4885B0E5F72FFD09
:10872000E5F713FE18B16FF0850005B030BDE5F731
:1087300022FE0028F7D1E5F734FE0028F3D1E5F753
:108740003EFE0028EFD1E5F748FE04460028EAD1B6
:10875000012501AA02218DF80450E5F752FD0028F9
:10876000E3DB082301AA07212046ADF80430E5F732
:1087700048FD0028D9DB164B019301AA03212046AE
:10878000E5F73FFD0028D0DB01AA042120468DF843
:108790000450E5F736FD0028C7DB1F2301AA062198
:1087A0002046ADF80430E5F72CFD0028BDDB40F68F
:1087B000EE2398424FF00000B7DD80F31188BFF33D
:1087C0006F8F0423184602DF6FF00B00ADE785784A
:1087D0000200FBFB03020149024809F009BEF83818
:1087E0000020D827002010B403460A4603488168B9
:1087F0000C681946234610BC1847941F030073B534
:108800004FF0FF304FF0FF31FFF70BFF002864D12E
:10881000334E0DF10701304600F023FC0446FFF70C
:1088200008FF002C59D19DF80730042B25D1307852
:108830003E2816D0FF281BD04FF0FF324FF0FF33F9
:108840002146FAF718FC044670B3727824490232C4
:108850000C3005F05EFE224B1B68214622489847EB
:1088600022E0B378022BE7D1002200230124E7E7BE
:10887000B37803F0FD03802BF5E7022B19D14FF0FD
:10888000FF324FF0FF330320FAF7E5FB054658B1FE
:1088900072880432B2F5FE7F16D384F31188BFF3D9
:1088A0006F8F0423184602DF02B0BDE87040FFF767
:1088B00092BF082BF8D14FF0FF324FF0FF33052065
:1088C000FAF7C9FB0546E3E7314605F10C0005F070
:1088D00020FE034B29461B68C0E702B070BD8E48DE
:1088E0000020F43800200C200300F7B5844E3378C4
:1088F0000446002B40F0AB8304238DF80730804BF7
:1089000005881F68B7B10DF106030DF10702711C50
:10891000B84701280ED09DF80630002B40F0C781E3
:108920009DF80730B3700E2201237270F370B5808A
:10893000B071C5E1B5F5105F4FEA95230AD2002B5F
:108940004ED0013B072B08D8DFE803F00907367A41
:10895000070707C13F2B00F05E82012055E020464B
:1089600040F2064230F9033B93420FD040F21D42E1
:1089700093421ED0012040F206439D4200F09781B1
:1089800040F21D439D4200F092813EE0F0F71EFE52
:1089900042F264039D4240F2308342F285039D42DD
:1089A00033D842F267039D4200F2388342F26603F5
:1089B000E8E7F0F70DFEEBE7204640F6634230F9BA
:1089C000033B934230D00DDC40F6034293421FD06C
:1089D00040F62D4293421ED040F60142934212D0FF
:1089E000012064E140F67B42934220D040F67C4275
:1089F0009342F5D19DF80730434902338DF8073093
:108A0000F0F7A7FC01E0F0F796FC0128E8D087E733
:108A1000E5F7C9FDF9E79DF807303A4903338DF8CA
:108A20000730F0F78DFCF0E7F0F78CFCEDE79DF8F0
:108A30000730344904338DF80730F0F788FCE4E759
:108A40002388A3F58053013B082BC9D801A252F813
:108A500023F0BD7C0200CF7C0200E37C0200277C77
:108A60000200277C0200277C0200277C0200277C72
:108A70000200037D02009DF80730224808338DF87C
:108A80000730F0F762FDC0E79DF807301E4840331D
:108A90008DF8073008F0DDFB002041E79DF8073036
:108AA00008338DF80730174B00221A605A60F37AAA
:108AB00023F0600343F06003F372EDE79DF80730A5
:108AC000114806338DF80730F0F741FD9DE7204649
:108AD00042F24B0130F8033B1AB28A4200F3B380F2
:108AE000B2F5005F42F264020FDC95423FF478AFCA
:108AF00040F2928242F28503012050E700BF894A8A
:108B0000002008390020904A0020A3F50053013BC3
:108B10004A2BEAD801A151F823F0A77E0200B77EC4
:108B20000200C97E0200317D0200117F0200177F22
:108B300002001D7F02002F7F0200357F02003B7F75
:108B40000200317D0200317D0200317D0200317D65
:108B50000200477F0200597F02005F7F0200657FAD
:108B60000200317D0200317D02006B7F02007D7FBB
:108B70000200837F0200957F0200317D0200A77F03
:108B80000200B97F0200CB7F0200317D0200317DFF
:108B90000200317D0200317D0200317D0200DF7F65
:108BA0000200F17F020003800200098002000F80B2
:108BB0000200317D0200317D0200317D0200317DF5
:108BC0000200317D0200317D0200317D0200317DE5
:108BD00002001B8002002D8002003F8002004580C1
:108BE0000200317D0200317D0200317D0200317DC5
:108BF0000200317D0200317D0200317D0200317DB5
:108C00000200317D0200317D0200317D0200317DA4
:108C10000200317D0200317D0200317D0200317D94
:108C20000200317D0200317D0200317D0200317D84
:108C30000200317D0200317D0200317D0200317D74
:108C400002004B80020042F25E039A4200F0BF80B5
:108C500042F27C039A4250D042F264039D4245E7BF
:108C6000F0F777FC42F264039D427FF491AE1EE080
:108C70009DF80730D24803338DF80730F0F76EFCCB
:108C8000F0E79DF80730CD4808338DF8073008F03D
:108C90001BFB42F264039D4208D040F2AD8142F2D8
:108CA00085039D4240F2D1810020AEE600200F23D3
:108CB00073700423B3700123F0703371A6F805506C
:108CC00001233370002003B0F0BDF0F749FCC9E781
:108CD000F0F748FCC6E79DF80730B84801338DF837
:108CE0000730F0F741FCBDE7F0F740FCBAE7F0F7DA
:108CF0003FFCB7E7F0F73EFCB4E7F0F765FCB1E7FF
:108D00009DF80730AE4801338DF80730F0F734FC9A
:108D1000A8E7F0F733FCA5E7F0F732FCA2E7F0F79D
:108D200031FC9FE79DF80730A54907338DF80730E0
:108D3000F0F72AFC96E7F0F729FC93E79DF8073057
:108D40009F4910338DF80730F0F722FC8AE79DF831
:108D500007309A4808338DF80730F0F71BFC81E79D
:108D60009DF80730964902338DF80730F0F714FC70
:108D700078E79DF80730914902338DF80730F0F716
:108D80000FFC6FE79DF8073008338DF807308F230D
:108D9000F371C023F3727CE79DF8073088490233F2
:108DA0008DF80730F0F700FC5CE79DF8073083484A
:108DB00004338DF80730F0F7F9FB53E7F0F7F8FBD1
:108DC00050E700F046FA4DE708F09BFA4AE708F052
:108DD0009BFA47E79DF80730794808338DF807304C
:108DE000F0F7E8FB3EE79DF80730744904338DF84F
:108DF0000730F0F7E1FB35E7F0F7E0FB32E7F0F79B
:108E0000DFFB2FE79DF807306D4802338DF8073000
:108E1000F0F7D8FB26E720464FF60B4230F8033B2D
:108E2000934222D8B3F57C4F01D801206DE0A3F521
:108E30007C43013B0A2BF8D801A252F823F0418170
:108E400002005D8102007180020071800200718069
:108E50000200AD81020071800200718002008981F0
:108E600002009B810200B381020003F5407292B2BE
:108E70001D2ADAD8A3F57D431D2BD6D801A252F8BE
:108E800023F0C5810200F3810200F9810200FF8115
:108E90000200098202000F820200718002007180CC
:108EA0000200718002001582020071800200718050
:108EB00002001B820200718002007180020071803A
:108EC00002007180020071800200718002007180D6
:108ED0000200218202007180020033820200718050
:108EE00002007180020071800200718002007180B6
:108EF000020071800200398202009DF807302F487D
:108F00000C338DF80730F0F726FA25F008034FF6FA
:108F10000252934237E59DF8073040338DF8073011
:108F2000274B00221A80F37923F0230343F0230315
:108F3000F371337A23F0070343F007033372002001
:108F4000E3E79DF807301D4817338DF80730F0F739
:108F50001CFADAE79DF80730194820338DF80730FE
:108F6000F0F765FAD1E7F0F70EFACEE79DF8073093
:108F7000134801338DF80730F0F7AAFAC5E79DF8DA
:108F8000073040338DF807300D4B00221A60F3791B
:108F900023F03F0343F03F03F371337A43F0800340
:108FA0003372737A43F002037372C8E7F0F7A6FADC
:108FB000ABE7F0F7A5FAA8E7F0F7A4FAA5E7904A1F
:108FC0000020F0F7A1FAA0E7F0F7A4FA9DE7F0F788
:108FD000A3FA9AE7F0F7A4FA97E79DF807301D493E
:108FE00004338DF80730F0F79DFA8EE7F0F7A9FA11
:108FF0008BE7F0F7A8FA88E7002042F226039D42AB
:1090000017D842F20C039D427FF6B5ACA5F500538C
:109010000D3B114A9BB206E00120EEE7A5F5015396
:10902000283B0E4A9BB222FA03F3DB077FF5EDAC37
:109030003DE642F232039D423FF439AEA5F50153BD
:10904000033B012B3FF6E1AC31E60020A9E44FF0F1
:10905000FF3038E600BF904A0020411200032F8005
:10906000402038B5094C23780D461BB9BDE838407F
:10907000F0F751B9A278611C023209F061FD0020BD
:10908000042320702B7038BD00BF894A002070B5C2
:1090900005460E46084C204608F073FF38B1A36819
:1090A000B2B2294620461B68BDE8704018476FF0F1
:1090B000120070BD00BF941F0300F8B51C4D1C4981
:1090C00005F12002002808BF2946104602F0EDFCF9
:1090D0004FF0FF3200284FF0FF334FF0010014BF74
:1090E00012270027F9F7B7FF00F10C06022104460A
:1090F000304605F008FA3E23037022234370012115
:10910000304605F000FA092303702121304605F0AE
:10911000FAF900F8017B2FB12022FF2109F038FD78
:109120002046F8BD05F1200108F0DEF8F8E78C4B89
:1091300000203C4F03002DE9F0413C4BBFF35B8F17
:109140001A68BFF35B8F022A1F4668D0042A6BD0CF
:10915000012A4CD1374C374E20212046FFF797FF8C
:10916000002851D120223146204609F0C7FB0028B3
:10917000F2D03148214602F084FC05460028EBD1AC
:109180004FF0FF324FF0FF330120F9F764FF00F199
:109190000C0602210446304605F0B5F93E23037063
:1091A000422343700121304605F0ADF908230370D6
:1091B0004121304605F0A7F9064600F8015B2DB3C2
:1091C0004022002109F0E4FCBFF35B8F002357E845
:1091D000002F47E800310029F9D1BFF35B8F8CB134
:1091E0001748036921461B68BDE8F0411847002273
:1091F000BFF35B8F53E8001F43E800200028F9D13C
:10920000BFF35B8FBDE8F0811F25B9E70B4908F07C
:109210006BF8203106F1210008F066F8D4E7002051
:10922000FFF74BFF0446CFE70120F9E700BF1C39E9
:1092300000208C4B00203C4F0300AC4B00200C2046
:1092400003000149024809F0A8B8430503000C399E
:10925000002008B50B4BBFF35B8F012253E8001FC2
:10926000002903D143E800200028F7D1BFF35B8F2A
:1092700005D10449054809F0BBF8002008BD0C20C1
:10928000FCE71C3900200C390020D827002010B53D
:109290000029114BBFF35B8F04460CBF022204224E
:1092A00053E8001F002903D143E800200028F7D12C
:1092B000BFF35B8F0ED10948214608F015F8084826
:1092C00004F1200108F010F80749074809F090F868
:1092D000002010BD0C20FCE700BF1C390020AC4B67
:1092E0000020CC4B00200C390020D827002008B5E6
:1092F0000A460146074804F0ECFB064804F0E9FB87
:10930000002383F31188BFF36F8F0323184602DF16
:1093100008BD5C4F0300DD42030037B53223ADF8D2
:109320000430154A00230125192168468DF80630BE
:10933000ADF800508DF80230EEF7F5FF0446C0B9E5
:109340004FF4AF60F3F7F5F90D482946F3F7ADFA9E
:10935000044670B901462A460820F7F7DCFF2A4682
:1093600021460B20F7F7D7FF2A4621462846F7F774
:10937000D2FF204603B030BD00BF35850200203942
:1093800000200149024809F033B850390020D8279D
:10939000002037B50D4D0D49002400946FF00903EE
:1093A0004FF48062284601F05CFD0949284601F02F
:1093B000FAFD0849094808F0F0FF22460421192067
:1093C000F7F7A9FF204603B030BDD8270020306B47
:1093D0000020714F03007905030050390020014B34
:1093E00000201B6818476039002020B1012806D1F1
:1093F0000448ECF746B9034B01201B681847704737
:1094000000BF2586020060390020014B186001482A
:109410007047603900200000AD0B10B51D48BFF348
:109420005B8F0368BFF35B8F23B9062904D8042937
:1094300023D839B1002010BD0729FBD1403801F0F5
:1094400022FBF7E750F8203CA0F14004D3E90020CC
:109450009047012805D00223E06384F834300D489A
:10946000E9E747F230532363032384F8343004F1EF
:10947000240384F82900A363F1E700F8173C064BA6
:1094800040F8103CA0F11C014038007EF3F74EFA82
:10949000D0E7A439002098390020FF3F420F02484E
:1094A0000122002108F0F6BE00BF64390020014B04
:1094B000D861704700BF6439002038B54FF0FF31E4
:1094C00005464FF0FF30FFF7ACF82E492F48ECF778
:1094D0003AFA0446FFF7ADF8002C51DB2C4C40F271
:1094E00001132385E36925626433E36247F2305355
:1094F000236300226FF0730384F82420E36304F1F4
:109500004005BFF35B8F55E8003F45E80021002987
:10951000F9D1BFF35B8F4FF0FF314FF0FF30FFF712
:1095200080F804F12401207EF3F700FAFFF781F8B8
:10953000184A0023204601F0CCFA00280ADABFF3CB
:109540005B8F012355E8002F45E800310029F9D150
:10955000BFF35B8F4FF0FF314FF0FF30FFF761F843
:10956000207EF3F7C5F9FFF764F8BFF35B8F236C38
:10957000BFF35B8F13B1054801F0D1FAE06B38BD42
:109580006FF00B00FBE77C39002061860200643934
:109590000020447B0B00074B01221A64D3F84035AE
:1095A000B3FBF0F01844044BDB69984234BF002051
:1095B0000120704700BF0080004064390020F0B5F2
:1095C000816885B01039054621F0070404F0E1FBFD
:1095D0000B4B6E4603F1100C32461868596837463B
:1095E00003C7083363453E46F7D11023214628467A
:1095F00004F086FB003818BF012005B0F0BDFA2D3D
:10960000030030B50D46816887B0102302AA1039D7
:10961000044604F060FB002802DA012007B030BDE8
:10962000102202A9204607F0D7FE00283AD11E4991
:10963000102202A809F062F900280CBF01230223BE
:109640002B70204607F0B4FE012301460DF10702FE
:10965000204604F040FB0028DFDB9DF8073003F0D4
:109660000F021B096A702B7101220DF107012046C0
:1096700007F0B2FE10B96B78042B03D901236B708D
:1096800000232B71A268183A22F00702083AA91C9D
:10969000204607F0B4FE0028BFD1E91C204607F0A1
:1096A00007FFBBE70323CBE700BFFA2D03007FB51D
:1096B000264D4400694655F8240007F0FFFE0028B7
:1096C00035D1013402A955F8240007F0F7FE01282E
:1096D0002BD103238DF808308DF80B309DF8005006
:1096E0009DF808601A4A00241078294607F066FEA3
:1096F00018B35078314607F061FEF0B19378042B2F
:1097000003D09DF80310994217D1D378042B03D0CE
:109710009DF80B10994210D11379042B09D150797F
:10972000831E022B03D804B070BD0028D6D0FF20C2
:10973000F9E79DF802109942F1D00134032C02F1AF
:109740000602D1D10120EEE700BF102C03007B4FB1
:1097500003004FF0704393F8E02F062A09D1D3F8A5
:10976000E83FC3F30313033B042B02D8024AD05C47
:109770007047002070479C4F0300024AD2F8003423
:10978000002BFBD0704700E0014010B507F0F6FE5B
:1097900040B14FF080538E4AD3F82433C3F30423EF
:1097A000C2F84035FFF7D5FF10B18A4B8B4A5A6794
:1097B00007F0E4FE48B14FF080534FF08042D3F8F9
:1097C0004432C3F34233C2F83C35FFF7C2FF30B135
:1097D000834AD2F8FC3023F08073C2F8FC3007F0E3
:1097E000CDFE40B14FF080430022C3F80C21C3F8F6
:1097F0001021C3F83825FFF7ACFF20B14FF08043AC
:109800000322C3F8A025FFF7A4FF60B1754B052222
:10981000C3F810260122C3F888260022C3F81826B0
:109820003F22C3F814264FF08053D3F83021511C47
:1098300009BF4FF07043D3F8343193F8E02FD3F8D9
:10984000E83F08BFC3F30313062A4DD1033B042BA3
:1098500003D8644AD35C002B46D04FF08052624B51
:10986000D2F80414C3F82015D2F80814C3F824154C
:10987000D2F80C14C3F82815D2F81014C3F82C151C
:10988000D2F81414C3F83015D2F81814C3F83415EC
:10989000D2F81C14C3F84015D2F82014C3F84415AC
:1098A000D2F82414C3F84815D2F82814C3F84C157C
:1098B000D2F82C14C3F85015D2F83014C3F854154C
:1098C000D2F83414C3F86015D2F83814C3F864150C
:1098D000D2F83C14C3F86815D2F84014C3F86C15DC
:1098E000D2F84424C3F8702507F048FE48B14FF081
:1098F00080534FF08042D3F8583203F04F03C2F840
:10990000E43E07F03BFE48B14FF08043D3F800241B
:10991000D20744BF6FF00102C3F800244FF0805318
:10992000D3F83021062A26D1D3F83431033B042B57
:1099300002D82E4AD35C63B12E4AD2F83C3743F4A6
:109940008063C2F83C374FF08053D3F83031062B98
:1099500011D14FF08053D3F83431033B042B02D89C
:10996000254AD35C3BB14FF01023D3F808224FF0C7
:109970008043C3F858254FF01023D3F80022002A63
:1099800003DBD3F80432002B22DA1B4901234FF00A
:109990001020C1F804351524FFF7EFFEC0F800428F
:1099A000FFF7EBFEC0F80442FFF7E7FE0023C1F823
:1099B0000435FFF7E2FEBFF34F8F0849104BCA682A
:1099C00002F4E0621343CB60BFF34F8F00BFFDE7AB
:1099D00010BD0030014000C007400DF0ADBA00EDF1
:1099E00000E000500040974F030000C00040924F3D
:1099F0000300001000408D4F030000E00140040010
:109A0000FA0530B50468CCB1BFF35B8FB4FA84F3C8
:109A1000C3F11F03DBB201229A4024EA020250E89C
:109A2000005FA54204D140E8002CBCF1000FF6D144
:109A3000BFF35B8FE6D102480B7030BD0248FCE7F4
:109A400000BF0000AD0B0200AD0B10B50368CB40AA
:109A5000DB0714D401238B400268BFF35B8F43EA1A
:109A6000020150E8004F944204D140E8001CBCF1D0
:109A7000000FF6D1BFF35B8FEED1014810BD014856
:109A8000FCE70000AD0B0400AD0B70B500F108035E
:109A90000C4C34F81330DA0505460E4607D5C3F3EF
:109AA000432304EBC30254F8333052689847A36849
:109AB0002BB1E26831462846BDE87040184770BDBA
:109AC00000BFB007002010B4C0B2114A083032F80D
:109AD0001030D9051BD5C3F3432123F4F85322F8E2
:109AE000103002F10E04002034F8023F13F4807F9E
:109AF00003D0C3F34323994209D001302028F3D186
:109B0000002342F83130034810BCFFF79EBF10BC61
:109B10007047B007002008080020F0B50546002077
:109B20000446012607468C420BD1114BD3F87C2109
:109B300032B10022C3F87C21D3F87C3140F00040E0
:109B4000F0BDE3B29B0003F580729B0806FA03F3B5
:109B50001D420BD002F1804202F5C042D2F800C093
:109B6000BCF1000F02D01760126818430134DAE725
:109B700000BF00600040C0B2064B083033F8100050
:109B8000830643BF400B800000F580704FF4BE7029
:109B90007047B0070020CBB20246083308460C4994
:109BA00031F81330990611D599070FD410685B0B63
:109BB00001219940C0F80813126802EB8303D3F81F
:109BC000102522F00302C3F810257047002107F08A
:109BD00039BDB0070020F7B5CDB2174E083507469E
:109BE00036F81530DB070C4624D5FFF7D4FF36F8DE
:109BF00015309A0606D55B0B3A6803F5A27300216F
:109C000042F823102046FFF75EFF002301A826F844
:109C10001530019407F0C3FC019B00EB8300074B58
:109C2000D0F80027134043F00203C0F8003704487F
:109C300003B0F0BD0448FBE700BFB0070020F0F818
:109C4000FCFF0000AD0B0400AD0B2DE9FF411368D4
:109C500007460C461546FBB1CEB2DFF83C8108360C
:109C600038F8162002F02202222A22D00022CDE962
:109C700000228DF80E208DF80F200DF10E010DF150
:109C80000F02204607F095FC38F8163023F0020347
:109C900043F0010328F816306B684BB393F800C00B
:109CA0005A683D4EE3B2083336F81310880702D5E0
:109CB000B2B13A481FE021F02001C904C90C26F8CE
:109CC00013106AB1BCF1030FF3D86A6838685268A0
:109CD0001278BCF1000F11D102F5A27240F822C037
:109CE00036F8132022F01C0242EA8C0226F81320D8
:109CF000AB6843BB2B4804B0BDE8F08100EB8200A9
:109D000041EA4231D0F810E52EF0030EC0F810E51C
:109D10003F6807EB820741F02001D7F8100526F8CD
:109D2000131020F4473020F44070C7F810052002CB
:109D3000D7F810E500F4F85040EA0C4040EA0E0075
:109D4000C7F81005CCE7D3E900672046FFF7BBFE54
:109D5000002ECFD0114DD5E90023964203D19F426A
:109D600001D1002209E00F480DF10F01FFF749FE74
:109D70000C4B9842BFD19DF80F2045F83260E4B2F9
:109D800005EBC20308345F6035F8143043EA422320
:109D900043F4807325F81430ACE7B00700200400CA
:109DA000AD0B0000AD0B080800202DE9FF41074670
:109DB0000C461E4612B3CDB2DFF8D080083538F815
:109DC0001530980701D4990621D413F01C0F02D046
:109DD0005378012B1BD001238DF80F300023CDE9E0
:109DE00000230DF10F01931C2046013207F0E1FB27
:109DF00038F8153043F0030328F81530002E42D010
:109E0000E1B2214D083135F81120930703D41F48E2
:109E100004B0BDE8F08196F800E0D7F800C022F069
:109E200020020EF5A270D2040023D20C4CF8203090
:109E300025F8112096F801C0BCF1000F23D0386836
:109E4000B67800EB8E004FEA0C4CD0F8103523F4B6
:109E5000981323F4F853C0F81035230203F4F85391
:109E60000CF4403C3605D0F8107543EA0C0306F4B8
:109E7000801642EA4E32334342F020023B4325F83B
:109E80001120C0F810350248C2E7B00700200400D6
:109E9000AD0B0000AD0B014BC3E902127047B007D8
:109EA0000020C9B20831044B33F81130990643BF82
:109EB0005B0B0248137002487047B0070020000097
:109EC000AD0B0400AD0B70B5164D95F8604006461D
:109ED0002CBB2146402205F1100008F059FE3068E5
:109EE0002E6D21468E420ED10023C0F87C31D0F871
:109EF0007C3140F30730F7F7DEF901230A4885F893
:109F00006030AB6570BDCBB29B0003F580727C2BDB
:109F100008BF845001F1010108BF8358E2E70248FD
:109F2000F0E7B00700200000AD0B0C00AD0B034BB9
:109F300093F86000003818BF0120704700BFB007D9
:109F400000200148FFF781BD00BF04080020014840
:109F5000FFF757BD00BF0408002073B503680C4627
:109F6000D3F804130029A4BF4FF00041C3F8041331
:109F7000E3B21D49083331F8133099061AD513F0AE
:109F8000020617D15B0B9C00056804F580716E50CA
:109F9000695801682144D1F8104544F00104C1F822
:109FA00010452AB10168012202FA03F3C1F8043313
:109FB00002B070BDC3F38203042B12D0052B12D064
:109FC00001A8019407F0EBFA019AD0F81035D340BC
:109FD00003F00103991C204602B0BDE8704007F071
:109FE00031BB0321F7E70221F5E7B00700202DE997
:109FF000F347544B554FD3F80403396DC0B240F0CA
:10A000000040FFF78AFD051E18DA0023F96D009362
:10A01000684607F026FB4FF0010897F85C30DA0736
:10A020005AD4396D4FF00040FFF777FDF96D68465F
:10A0300007F017FB0028F0D125F000450124002D82
:10A0400069D102B0BDE8F08794FAA4F4B4FA84F4BC
:10A05000E00804F1080304F0070237F813901DF834
:10A060000030019408FA02F223EA02030DF80030EE
:10A0700001A807F094FA019B03F5E0734FEA9901F8
:10A0800050F82360C9F3820A4B07D146C6F3014654
:10A0900026D520465146FFF7F8FC01A8019407F0A9
:10A0A0007EFA019B03F5E073F6B250F82330C3F358
:10A0B00001439E4207D10021204607F0C3FA3146F2
:10A0C000204607F0BFFA01A8019407F068FA019B47
:10A0D00008FA03F3C0F82035009C002CB4D1A0E7A7
:10A0E000022E0CD10321204607F0ACFA0AF005033A
:10A0F000012BE8D149462046FFF7C7FCE3E70221E0
:10A10000204607F09FFABAF1030FF3D0032EDAD1FD
:10A11000BAF1020FEDE795FAA5F3B3FA83F304FA67
:10A1200003F29B0003F1804303F5C04325EA0205D7
:10A13000D3F81005D3F81015C0F30420C1F3014182
:10A14000FFF7A3FC7BE700600040B0070020044A53
:10A15000D2F80034DB07FBD50160BFF35F8F704797
:10A1600000BF00E001404FF080531A69B0FBF2F3EA
:10A1700002FB130373B9084B0222C3F80425C3F88A
:10A180000805D3F80024D207FBD500220448C3F801
:10A19000042570470348704700BF00E001400000FD
:10A1A000AD0B0A00AD0B10B5054C0123C4F8043506
:10A1B000FFF7CDFF0023C4F8043510BD00BF00E059
:10A1C000014007B5019001A807F06EFA019B00EB72
:10A1D0008300054BD0F80027134043F00303C0F879
:10A1E000003703B05DF804FB00BFF0F8FCFF73B567
:10A1F000CB7B0446002B38D10B7B0878012B77D81A
:10A2000007F069FA0B78019301A807F04DFA019B5A
:10A2100000EB83003C4BD0F80027134043F00103D0
:10A22000C0F800374878FF2804D007F054FA48787F
:10A23000FFF7C7FF8B78FF2B0FD001A88D7B019311
:10A2400007F032FA019B00EB83002E4BD0F8002779
:10A25000134043EA8503C0F80037C878FF2804D0CC
:10A2600007F02CFAC878FFF7ACFF23792748CA78A3
:10A27000282505FB03039A770B7C9BB94B7825684F
:10A280000E78FF2B18BF1A468B78C5F8086508BFF3
:10A290004FF0FF32FF2B08BF4FF0FF33C5F80C25FE
:10A2A000C5F8103523688A68C3F824254B7B0A7BE0
:10A2B0002568003B18BF0123022A1CD0032A1DD0A9
:10A2C000012A01D143F00203C5F8543523794979B5
:10A2D000282202FB0303D97723795343C35883B160
:10A2E000206840F3073002B0BDE87040F6F7E3BFE6
:10A2F00007F0E4F986E743F00403E5E743F00603DB
:10A30000E2E702B070BDF0F8FCFFA839002007B505
:10A31000019001A807F0C8F9019B00EB8300054BF1
:10A32000D0F80027134043F00203C0F8003703B011
:10A330005DF804FB00BFF0F8FCFF2DE9F04190F858
:10A340000480144C4FF0280C0CFB08FC04EB0C06AA
:10A35000074696F81CE0BEF1000F19D144F80C2016
:10A36000736041B1CB7B86F82530CB78B3774B79DE
:10A37000F377FFF73CFF3A6808480123C2F800353D
:10A38000282202FB0844002262772377BDE8F0818F
:10A390000348FBE700BFA83900200000AD0B0C000C
:10A3A000AD0B70B50679194C056828237343E35843
:10A3B00033B145F30730F6F78CFF0423C5F80833B3
:10A3C0000023C5F80035282303FB064393F8253006
:10A3D000BBB9D5F80805FFF79AFFD5F81005421C60
:10A3E00001D0FFF794FFD5F80C05431C01D0FFF70F
:10A3F0008EFF282303FB0643987FFF2801D0FFF739
:10A4000086FF282303FB06440023237770BDA83969
:10A4100000202DE9F8430779394C28237B439046E7
:10A42000E2180E46517F8146002966D1E3580BB1F0
:10A430000123537796E80F00282505FB074505F112
:10A440000C0C8CE80F00A87F0023FF2885F824302F
:10A4500001D007F040F92823B8F1000F06D003FB24
:10A460000743002227485A77BDE8F883D9F80050FF
:10A4700003FB07430422C5F80823C3F82080C5F86E
:10A480000881D5F8082172689AB133681B78C5F83D
:10A490001C357368012B0ED933685B78C5F81C3501
:10A4A00028237B43E65876B10423C5F804331548C6
:10A4B000DAE7DB7FEBE7F368012BF1D9282303FB15
:10A4C0000743DB7FEAE707EB870104EBC101D5F81F
:10A4D0000831002BFBD0C5F808612846D5F80831B3
:10A4E00007F006F90028F2D1282303FB0744A07FD8
:10A4F000FF28DCD007F0E2F8D9E70348B4E7A83931
:10A5000000200300AD0B0000AD0B0B00AD0B0249AA
:10A510004FF0402007F01FB900BFA83900200149C3
:10A52000024807F018B9D03900200030024070B559
:10A5300016461D465A1C03681344C2689A420446D4
:10A5400005D2006A082107F028FC002070BD32788F
:10A550003DB1AB1E062B9ABF0C4AD35C00231833C7
:10A56000DAB2204607F01CFC0028EED03544B54294
:10A5700003D1A3680133A360E8E723685A1C226073
:10A5800015F8012D1A70F2E700BFA14F030038B58E
:10A59000EFF31185402383F31288BFF36F8F064BCF
:10A5A0009C6807F001FD85F31188BFF36F8F20468B
:10A5B000BDE83840F6F703BE00BFF839002038B5D3
:10A5C000094B53F82040013053F82050A54200D8E1
:10A5D00038BD636823B1204607F0E9FC0834F5E78D
:10A5E00023689847FAE7182C030070B52B4B2B4CC7
:10A5F0002C4D012286B003201A70FFF7E0FFF6F71A
:10A6000076FB07F0F0FC0420FFF7D9FF2646AE42A8
:10A6100004F1300410D300F01AFF204C224EAC425B
:10A6200026D300F028FF02F0A7FA1F4A137B23F07D
:10A630000103137306B070BD54F80C3C059354F835
:10A64000103C049354F8143C039354F8183C0293C0
:10A6500054F81C3C019354F8203C009354E90A231D
:10A6600054E90C0100F0AFFC54F8303C5E65CDE7D6
:10A67000D4E90A23B3F1FF3F08BFB2F1FF3F05D091
:10A6800052EA0301206803D107F047FF3034C6E7E0
:10A690003146183001F0B5F8F8E7EC4B00205821AE
:10A6A0000300582103008F1803003829002008B543
:10A6B0000348034A0021121A07F091FC08BDD80A8A
:10A6C0000020F04B002070B5154E154D164986B090
:10A6D000A02303FB0066144B059301220F23CDE951
:10A6E00003320023CDE90133142303FB00554FF45B
:10A6F000A072044602FB00110D4B0095304600F09D
:10A7000062FC737B2C7423F004037373094BEE60BB
:10A71000013403EBC4236B6006B070BD00BF982802
:10A720000020F839002030770020A84F030079136B
:10A730000300306F0020BFB50020FFF740FF2D4B16
:10A7400083F308882D4C2D4E63692D4F43F400731D
:10A750006361E02384F8223000252023E377257607
:10A760006576A57684F82050636A43F4E02363623B
:10A7700084F82350F6F78DFCF6F741FE4FF0FF33D7
:10A78000A362E362204CF6F7D4FEF6F75CFE40F2DB
:10A7900001132046A381C4E9215501F054F9B460A6
:10A7A00007F0EEFB0120FFF70AFF0220174CFFF72E
:10A7B00006FF00F080FE154B7461059301231449D8
:10A7C0000095CDE903534FF440623B46CDE9015576
:10A7D000204600F0F8FB627B064622F00402204689
:10A7E000627307F0D6FE2846FFF76DFF3A46314602
:10A7F0002046F6F7E2FD3077002000ED00E0F83962
:10A80000002031980200982A002038290020AD4FFE
:10A8100003007078002038B5064C064DAC4201D3D9
:10A82000002038BDD4E90112204607F0DDFB1434C6
:10A83000F4E71C0900203009002038B5064C064D0D
:10A840000020AC4200D338BD204607F032FC00287F
:10A85000F9DB1C34F5E7C80800201C09002073B59B
:10A860000C46EFF31181402585F31288BFF36F8FFB
:10A87000C5685DB125602B68C3608369013383615E
:10A88000002081F31188BFF36F8F11E052EA0306B5
:10A8900003D125606FF00B00F3E7CDE900230246FA
:10A8A000083000F020FD18B9034B9B685B692360FA
:10A8B00002B070BD00BFF83900202DE9F341044615
:10A8C00017461E46EFF31188402383F31288BFF327
:10A8D0006F8FC368334A7BB180689168884219D012
:10A8E00057EA060318D188F31188BFF36F8F6FF012
:10A8F0000F0002B0BDE8F081916891F90E1021615E
:10A900000133E3609368A36088F31188BFF36F8F0E
:10A910000020EEE72169F2E791F90E1090F90E3070
:10A920009942A8BF19466FF07E029142B8BF114606
:10A930008B422DDD07F008FC0546CDE9007619486D
:10A940002246414600F0CFFC0028E1D0EFF311860B
:10A95000402383F31288BFF36F8FA068D0B12368C0
:10A9600021699C420AD04BB193F90E309942A8BF9D
:10A9700019466FF07E039942B8BF194607F0E4FB11
:10A9800040B10848314600F01EFD6FF00A00B0E704
:10A990000025D2E7002DF4D186F31188BFF36F8F25
:10A9A000F3E7F8390020ED4B002038B58368044602
:10A9B0006BB3194A926893422CD1C368012B03D917
:10A9C000013BC360002038BDEFF31185402383F3C2
:10A9D0001288BFF36F8F0169806807F0B5FB2046CE
:10A9E00007F036FEA06060B190F90E2022610022CF
:10A9F000C0F89C2007F0CDFD0948294600F0E3FC93
:10AA0000E0E7E06085F31188BFF36F8FDAE76FF05E
:10AA10001500D8E74FF0FF30D5E7F8390020ED4BAF
:10AA2000002037B51146EFF31185402282F31288DA
:10AA3000BFF36F8F04689CB12368426823F003035F
:10AA40009442036008BF43600121204607F0F1FBF8
:10AA5000044685F31188BFF36F8F204603B030BDE5
:10AA600051EA0302F5D000F10802CDE900131046C7
:10AA7000294600F038FC0028EFD1014B9B685C6947
:10AA8000EBE7F839002038B50446EFF31185402391
:10AA900083F31288BFF36F8F07F0DAFD50B1002205
:10AAA000C0F89C2007F075FD29460848BDE83840ED
:10AAB00000F089BCD4E902329A4218BF0133A36086
:10AAC000022104F1100007F0E5FEEDE700BFED4BB9
:10AAD000002013B5EFF31181402484F31288BFF3F3
:10AAE0006F8F846844B1013C846081F31188BFF3A7
:10AAF0006F8F002002B010BD52EA030406D181F32B
:10AB00001188BFF36F8F6FF00F00F3E7CDE90023DB
:10AB10000246014800F0E7FBECE7ED4B002070B582
:10AB20000446EFF31185402383F31288BFF36F8F40
:10AB30006FF00A06204607F08BFD20B1C0F89C603C
:10AB400007F027FDF6E7A060022104F1100007F0EE
:10AB5000A1FE29460248BDE8704000F034BCED4B30
:10AB600000201FB5094A92E8030002AB83E8030006
:10AB70004FF410620093054906484FF0FF3300F090
:10AB800070F9002005B05DF804FB0C22030070840E
:10AB90000020D82900202DE9F043DFF8348185B06A
:10ABA00005464FF0FF364FF0FF37EFF31189402392
:10ABB00083F31288BFF36F8FD5F8A0408CB90221C0
:10ABC00005F1B80007F076FB002860D10023CDE93D
:10ABD0000067029305F1A80249463E4800F019FDBE
:10ABE000E3E7D5F8A4202368C5F8A030944208BF55
:10ABF000C5F8A430D5F8B83043F00203C5F8B83032
:10AC0000E36823F0040343F00103E360636889F31E
:10AC10001188BFF36F8F20469847EFF311894023C7
:10AC200083F31288BFF36F8FE368D90623F0010224
:10AC300037D4E260E3689A071AD5D8F8000023F009
:10AC40000203E360A0B10268002188B143689C421E
:10AC500037D1036869BBD8F80420C8F800308242B5
:10AC600001D1C8F80430002340F8083BFFF70BFF80
:10AC7000D5F8B83023F00203C5F8B83089F311884D
:10AC8000BFF36F8FDB0590D400F01DFC8DE705F15D
:10AC9000B00400220121204607F033FD0028F8D13E
:10ACA00094E723F01103E36004F11000FFF7EBFEDB
:10ACB000C0E70B60D8F80430834208BFC8F804101E
:10ACC000D1E722B11368014610461A46BDE7134684
:10ACD000F9E7183A0020ED4B002070B5C368C3F3C4
:10ACE00040069B0705460C460DD50122002104F1C4
:10ACF000080007F0CFFA00232360054B65605A680F
:10AD00001AB9C3E90044304670BD14605C60FAE7CC
:10AD100000BF183A0020F8B5C3689A0704460F46EA
:10AD2000C3F340062CD45B071AD40B680BB98368B5
:10AD30000B60E368DD0744BFA3683B603D684CBF20
:10AD400002260126002D3AD01F4B9B68AB420AD049
:10AD5000D5F8B830D807C3F3800214D46FF01206C8
:10AD600000233B6025E007F0D2FBD5F8B83000287F
:10AD7000F0D1D907C3F3C002F0D552B15B0708D4B4
:10AD80006FF00F06ECE7002AFAD1C3F3C003002BE3
:10AD9000F6D100232360D5F8A43063B9C5E928446F
:10ADA000284607F0A2FAE36843F00403E3603B6837
:10ADB000A3603046F8BD1C60C5F8A440F0E76FF012
:10ADC0001506CDE700BFF83900202DE9F041C36832
:10ADD00003F00503002B07460C4614BF4FF0010893
:10ADE0004FF0000822D08668D6F8A05025B1AF42B7
:10ADF00001D02D68FAE701250122002104F110009D
:10AE000007F048FA1349204607F0C7FAE36843F011
:10AE10001003E3609DB13B68236073B9D6F8A4309A
:10AE20003BB9C6E92844304607F05FFA4046BDE822
:10AE3000F0811C60C6F8A440F5E73C60F3E7D6F863
:10AE4000A0302360D6F8A430C6F8A040002BEAD189
:10AE5000F0E7111503000146014807F0C9BAD829E7
:10AE60000020F0B589B004460020C4E928000E9DFA
:10AE700004F1A800C4E92A0004F1B000C4E92C00E0
:10AE80004DB32879002840F2011008BF0120C4F812
:10AE9000B80000204FF0FF364FF0FF37CDE9033008
:10AEA000CDE90100CDE906670C4B0094204600F087
:10AEB000DAF855B1296811B1204600F074F86B79C1
:10AEC0001BB1237B43F001032373204609B0BDE887
:10AED000F04007F022BB0120D9E7DD9D020037B525
:10AEE00001900846EFF31184402181F31288BFF3EB
:10AEF0006F8FC16811F01E0F16D153EA020508D1F9
:10AF000001A9FFF708FF84F31188BFF36F8F03B027
:10AF100030BD41F00801C1600199816210300349E0
:10AF200000F06FFC0120EEE70020ECE700BFA51564
:10AF3000030001460148FFF7D2BFD8290020F7B52A
:10AF40000C46019016461D46EFF31187402383F30C
:10AF50001288BFF36F8F084607F0B8F955EA060369
:10AF600009D101A92046FFF7D6FE87F31188BFF368
:10AF70006F8F03B0F0BDE368074943F00803E36057
:10AF8000019BA36204F1100032462B4600F039FC0D
:10AF90000120EAE700BFA515030001460148FFF7BD
:10AFA000CEBFD829002010B5044608B9054B9C68CF
:10AFB0001F2204F1620007F0DBFC002084F881000E
:10AFC00010BDF83900202DE9FF47994600F15803DC
:10AFD0000732C0E91633109B037322F007060423DF
:10AFE0000025437301EB060A0F9B83730F46C0E9EC
:10AFF000065551468560C5730446DDF84480F5F773
:10B00000E6FE07300E9B20F00700C4F88C00C4E970
:10B01000217602930D9B0193AAEB000A0C9B0093EF
:10B0200052464B4639462046F6F7ABF96565B8F10E
:10B03000000F12D01F22414604F1620007F098FC75
:10B0400084F88150074B9B680BB1D3F89030C4F85B
:10B050009030504604B0BDE8F08784F86280F1E794
:10B0600000BFF8390020F0B587B000250595109D88
:10B0700004950F9D03950E9D0295DDE912760D9DB9
:10B0800001950C9D00950446FFF79DFFB6F1FF3F2B
:10B0900008BFB7F1FF3F05D056EA070305D12046A8
:10B0A00000F0A3F9204607B0F0BD03493A46334605
:10B0B00004F1180000F0A5FBF4E78F18030038B581
:10B0C0000D4D2B4653F8184F9C4200D004B9EC6844
:10B0D000AB6838B95A7BD20604D1A26912B9DA89B1
:10B0E0007F2A05D89C4202D0204600F0D2FA23469F
:10B0F0006B6138BD00BFF839002008B590F90D200C
:10B10000437B002A014604DA03F07F03437307F010
:10B1100006FA044B9868431A58425841BDE8084063
:10B12000FFF7CDBF00BFF839002070B490F90D30A3
:10B13000427B002B29DBD30627D183692BBB134924
:10B1400062F07F0242730A4652F8184F944218BFC9
:10B150002346CC6923B9C0E900242060C8610CE013
:10B1600090F90E5093F90E60B5420AD0AE4208DD58
:10B170005A68C0E900321060586070BC0020FFF7C8
:10B180009EBF9C42E7D01B68E4E770BC7047F8396B
:10B1900000202DE9F041002A427B0E460CBF102111
:10B1A0000821114204460FD141EA0203D20918D105
:10B1B000437308291BD00120FFF781FFBFF35F8F86
:10B1C000637B23F060036373284B9B68A34245D1E4
:10B1D000EFF30583002B41D13046BDE8F041F6F78F
:10B1E00004B803F07F03437307F099F9E1E7A3681C
:10B1F00013B1204607F09BF904F1180007F0A4FAF8
:10B20000A56D04F15807AF4211D04FF0000875B199
:10B21000284607F08CF905F1180007F095FAC5F8F3
:10B220009C802846FFF781FFA56DAF42EFD10E4FFE
:10B23000BB689C42BFD1EFF30583002BBBD00B4D05
:10B240000120FFF73CFF40F20113AB8128460023A9
:10B25000C5E9213300F0F7FBBD60AFE786F3118845
:10B26000BFF36F8FBDE8F08100BFF8390020982A46
:10B27000002070B590F90D20437B002A014604DAC6
:10B2800003F07F03437307F04AF94B7B154A63F0E1
:10B290007F0310464B7350F8183FD469834208BFB0
:10B2A000002323B9C1E900042160D1610CE091F9C8
:10B2B0000E5093F90E60B5420ED0AE420CDD5868C8
:10B2C000C1E90030016059609068431A5842BDE8F6
:10B2D00070405841FFF7F3BE9C42E3D01B68E0E7A3
:10B2E00000BFF8390020F8B5124B0C461146114A40
:10B2F00098681060DDE90676EFF31182402282F350
:10B300001288BFF36F8F9D68284607F01AF9B6F1CF
:10B31000FF3F08BFB7F1FF3F06D007493A46334623
:10B3200005F1180000F06DFA2046BDE8F840F5F789
:10B330005CBFF8390020203A00208F180300F8B5D0
:10B340000446EFF31186402383F31288BFF36F8F17
:10B35000437BDA0649B219D18569BDB903F07F0391
:10B36000437307F0DCF8437B164A817363F07F0375
:10B370004373134653F8180F984218BF0546D06917
:10B380005DB9C4E900300460D46111E0A17300200C
:10B3900086F31188BFF36F8FF8BD95F90E70B9422F
:10B3A0000BD08F4209DD6B68C4E900531C606C60F0
:10B3B0000120FFF784FE0120EAE7A842E1D02D68D2
:10B3C000DEE7F839002049B9EFF3058030B9054BC5
:10B3D0005A699B689A4201D0F5F707BF81F311883B
:10B3E000BFF36F8F7047F839002010B5EFF3118469
:10B3F000402282F31288BFF36F8F427B510704D43F
:10B4000084F31188BFF36F8F10BD22F004024273E2
:10B41000FFF78BFE21460248BDE81040FFF7D3BF7F
:10B4200000BFED4B0020034648B9EFF3058232B967
:10B43000064A51699268914201D0F5F7D6BE83F36E
:10B440001188BFF36F8F704700BFF8390020EFF30A
:10B450001181402383F31288BFF36F8F054B9A68E5
:10B46000D37B013BD37381F31188BFF36F8F704798
:10B4700000BFF839002038B5EFF31185402484F37C
:10B480001288BFF36F8F0A4B9A68D37B0133D37353
:10B490000020FFF714FE85F31188BFF36F8FEFF3E1
:10B4A000118084F31288BFF36F8FBDE83840FFF737
:10B4B000BABFF8390020024B03F11802C3E9062293
:10B4C0007047F8390020F8B5EFF31185402383F376
:10B4D0001288BFF36F8F19498868437B03F07F039D
:10B4E000437307F01CF88B685A7B084662F07F02B2
:10B4F0005A7350F8182FCC69824208BF002222B933
:10B50000C3E900042360CB610CE093F90E6092F96B
:10B510000E70BE420ED0B7420CDD5168C3E9002167
:10B520000B6053600120FFF7CAFD2846BDE8F840D4
:10B53000F5F75BBEA242E3D01268E0E700BFF8393E
:10B54000002050EA01032DE9F04105460E4603D1E3
:10B55000FFF7B9FF00202BE0831C71F1FF3329DBDB
:10B5600007F007F92C18EFF31188402383F31288B2
:10B57000BFF36F8F124F124BB8681860FFF7BDFD15
:10B58000B86810492A463346183000F03AF9BA68CC
:10B59000537B43F0100353734046F5F726FE07F044
:10B5A000E8F8201A63EB0303012873F10003D1DBF1
:10B5B000BDE8F0816FF00104241AD4E700BFF83928
:10B5C0000020203A00208F180300B1F1FF3F08BF90
:10B5D000B0F1FF3F08B506D10A4B986806F0E8FFC6
:10B5E0004FF0FF3008BDFFF7ACFF4FF47A7147F61C
:10B5F000FF730022C0FB0132D80B40EA4240F1E762
:10B6000000BFF8390020014B9868704700BFF83937
:10B610000020D3B5DDE90667089CCDE90067FFF798
:10B6200062FE1CB1034B9B685B69236002B0D0BD16
:10B6300000BFF8390020044BC01A044BC010584317
:10B64000044B01221A54704700BF382B0020ABAACC
:10B65000AAAAED4B0020C3897F2B12D80A4B1B6886
:10B6600063B1094B90F90E201B689A4209DB437BBA
:10B67000DB0606D1064BC31A18BF012303F00100F5
:10B6800070470023FAE7283A0020243A002098283F
:10B69000002070B50E4B0E4C1E7C06EB460304EBEF
:10B6A000C3040546204607F04FF80A4B00222846FF
:10B6B0009A55FFF7D0FF48B1084B08491A68013A7C
:10B6C0002046D317BDE8704000F09BB870BDF83934
:10B6D0000020382B0020ED4B0020283A00207DA8C8
:10B6E000020038B5EFF31185402383F31288BFF3CE
:10B6F0006F8F104B114A9C681068A04206D1FFF76B
:10B70000C8FF85F31188BFF36F8F38BD00211B7C04
:10B7100011600A4AD35C002BF3D02046FFF79BFF51
:10B720000028EED0637BDB0602D12046FFF7A1FDA7
:10B730002046E4E700BFF8390020203A0020ED4B16
:10B74000002008B50648064A0749121A06F049FCC7
:10B75000BDE80840054A0549064806F042BC00001D
:10B760000020D40A002024500300000000002450D0
:10B77000030000000020034B1B680BB9FCF72FBF30
:10B780000020704700BF2C3A002030B570B10B4B41
:10B790005B6898420AD0036843B1D3E90421D0E939
:10B7A0000445121941EB0501C3E90421D0E9003237
:10B7B00013605A600023C0E9003330BD00BF140895
:10B7C000002010B50E4B1C689C4204D1FFF7D3FF3C
:10B7D0006FF0004010BDFFF7CEFF002CF8D0D4E989
:10B7E00004321B1A62EBE072B3F1004F72F10001F8
:10B7F000EEDA002AACBF18460020EBE700BF1408C1
:10B800000020B3F1FF3F08BFB2F1FF3FF8B5044697
:10B810001D4616465ED08160EFF31187402383F307
:10B820001288BFF36F8F013275F1FF3324DA2E498E
:10B83000D1E900206FF001039B1A4FF0FF3262EB59
:10B8400000009E1B60EB0500012E70F1000301DA81
:10B8500001260020C4E90460254ED6F800C07568B2
:10B86000B44508BF4FF0000CBCF1000F0DD1C4E986
:10B8700000652C6074601CE0FFF77DFF013645F128
:10B880000005361845EBE070E4E7DCE90420D4E974
:10B890000431934271EB000E1DDAD21ADCF8043049
:10B8A00060EB0100CCE90420C4E900C31C60CCF8C3
:10B8B00004403368B34209D09C4207D10D4B1C6849
:10B8C00024B9FFF77EFF2146FCF75BFE87F3118862
:10B8D000BFF36F8FF8BD9B1A61EB0001AC45C4E963
:10B8E0000431C4D0DCF800C0BEE7502B002014089F
:10B8F00000202C3A00202DE9F84FEFF3118C402363
:10B9000083F31288BFF36F8FDFF8B0A0DFF8B09039
:10B910002C4FC9F80000DAF800000024504508BF99
:10B9200000200025D7E90021D9F80030E04678B39F
:10B93000D0E9046C4FEAE37EB3427EEB0C0B05DAF0
:10B94000F61A6CEB0E04C0E9046421E0B21841EB76
:10B95000E671C0E90445C7E90021FFF716FF88F347
:10B960001188BFF36F8F83689847EFF311884023E6
:10B9700083F31288BFF36F8FD9F80030DAF8000034
:10B980009B1B5045C446C9F80030CBD1D7E90021F4
:10B990009A1841EBE3730024C7E90023C9F800407B
:10B9A000FFF70FFF2146FCF7ECFD88F31188BFF38A
:10B9B0006F8FBDE8F84FFFF794BE140800202C3AB3
:10B9C0000020502B002010B5EFF31184402383F3A7
:10B9D0001288BFF36F8FFFF7CEFE054A0346D2E908
:10B9E0000001181841EBE37184F31188BFF36F8FE6
:10B9F00010BD502B002038B50346EFF311854022CF
:10BA000082F31288BFF36F8FC160012181600068EB
:10BA1000834206D185F31188BFF36F8F002420463F
:10BA200038BDD0E9003213605A600023C0E900330A
:10BA300006F0EAFE294604460248FFF7C4FCEEE79A
:10BA400000BFEE4B0020014BC0F8903070471C093E
:10BA5000002038B504460D4606F059FD28B9064BBE
:10BA60009B68D3F890300BB938BD044B2A46214669
:10BA70001846BDE8384006F027BFF83900201C09F9
:10BA8000002030B599B00546684600F028F86946B0
:10BA9000044608A800F053FA08A90443284600F019
:10BAA0008AF9204619B030BD00BF70B598B0054680
:10BAB0006846164600F013F83146044608A800F020
:10BAC00046F908A96A460443084600F082F908A925
:10BAD0000443284600F06DF9204618B070BD70B5DB
:10BAE0000B68124E1BBAC3614B681BBA83618B682B
:10BAF0001BBA4361CB681BBA03610B691BBAC360F5
:10BB00004B691BBA83608B691BBA4360CB691BBA54
:10BB10003246036001460446E1F7EFFE3146054632
:10BB200002462046E1F709FF681E70BD00BF302CB9
:10BB300003002DE9F04188B00C46064602F12001D1
:10BB4000684606F120079046E2F7D1F96A46694651
:10BB50006846E2F7EEF869463846E2F7C8F93A4631
:10BB60003946384604F12005E2F7E3F86A466946AB
:10BB70006846E2F7DEF841462846E2F7B8F96A4639
:10BB800041463046E2F79BF92A4629466846E2F7E5
:10BB9000D0F82A4669466846E2F7CBF8124A694669
:10BBA0006846E2F7C6F869462046E2F7A0F9324651
:10BBB00021462046E2F7FBF8324621462046E2F7CE
:10BBC000F6F8224631462846E2F7F1F86A46294659
:10BBD0002846E2F774F93A4629462846E2F7E7F89C
:10BBE00008B0BDE8F081102D0300F0B599B004460F
:10BBF0000D460A4601466846E2F7D9F869466846A6
:10BC0000E2F775F96A46214608A805F1200604F115
:10BC10002007E2F754F96A4629466846E2F74FF9E9
:10BC20003246394610A8E2F784F8324639463046A3
:10BC3000E2F7BDF831462846E2F759F96A4608A905
:10BC40002046E2F776F8224629462846E2F7AFF882
:10BC50006A4608A96846E2F7AAF86A4639463846AD
:10BC6000E2F72DF92A4608A96846E2F7A0F86A46E5
:10BC700031463046E2F723F93A4631463046E2F79C
:10BC800096F810A96846E2F732F92246694620463E
:10BC9000E2F78DF808A922460846E2F788F810A9CD
:10BCA00008AA0846E2F70BF93A4610A93846E2F727
:10BCB0007EF819B0F0BD2DE9F04188B00C4605467C
:10BCC00090460A4601466846E2F771F869466846BA
:10BCD000E2F70DF96A462946284604F12006E2F704
:10BCE000EEF805F120076A4621466846E2F7E7F8D4
:10BCF000324639463046E2F75AF831462046E2F7F6
:10BD0000F6F82A4621462046E2F751F86A462146CF
:10BD10002046E2F74CF86A4629464046E2F747F8E3
:10BD2000424639463846E2F7CAF82246294668466E
:10BD3000E2F73DF86A4631463046E2F7C0F83A4647
:10BD400031463046E2F733F808B0BDE8F08170B50F
:10BD500000F1200690B00D46044600F014F905F1FC
:10BD60002001304600F00FF9214608A8E2F7BFF89D
:10BD700008A908460D4AE1F7DCFF08A92246084653
:10BD8000E2F79DF808A9094A0846E1F7D2FF3146D3
:10BD90006846E2F7ACF8202269460DEB0200E1F7B5
:10BDA0009AFF013810B070BD00BF102D0300F02CB9
:10BDB000030000F002B938B504460D4600F0FDF866
:10BDC00005F1200104F12000BDE8384000F0F5B88D
:10BDD00000BF2DE9F0471346B8B0544A8946804663
:10BDE000194610A8E1F789FD5249024610A8E1F76B
:10BDF000A4FD179E4E4900EAD6760746C6F1010219
:10BE000010A8E1F79AFD179B4A466FEA030A28A992
:10BE100018A8FFF78EFE4FEADA7A20A9CAF10102CC
:10BE2000084600F092F8C7F10107FE246A4618A9F7
:10BE300028A8FFF740FF631138AA02EB830304F040
:10BE40001F0253F8A03CD340554603F0010A8AEA8A
:10BE500005052A4628A918A8E1F7CBFD2A4630A9EE
:10BE600020A8E1F7C6FD013C28A918A8FFF7BDFEF0
:10BE7000631CDBD1CAF1010220A908A800F065F813
:10BE800086EA0A066A4618A928A8FFF714FF28A917
:10BE9000324618A8E1F7ADFD324630A920A8E1F7F7
:10BEA000A8FD08A96A460846E2F709F808A9084665
:10BEB00000F09DF808A908F1200409F120020846C5
:10BEC000E1F7FDFF20A908AA2046E1F7F8FF08AA3C
:10BED00018A96846E1F7F3FF69466846E2F707F8F4
:10BEE00018AA694608A8E1F7EAFF21466846E1F783
:10BEF000FEFF08AA69461046E1F759FF0E4A08A955
:10BF00006846E1F754FF20462021E1F7F8FE08A932
:10BF1000024644426846E1F76CFD4046074A6946DE
:10BF2000E1F7CDFF3C43204638B0BDE8F087702CE8
:10BF30000300902C0300F02C0300502C03000A4651
:10BF40000149FFF746BFB02C030070B588B0044626
:10BF50000D46164600212022684606F019FE0023F1
:10BF6000294620222046009306F0EAFD2A4669462B
:10BF70006846E1F71CFF324669462046E1F739FD85
:10BF800008B070BD00BF0B681BBAC3614B681BBA19
:10BF900083618B681BBA4361CB681BBA03610B6971
:10BFA0001BBAC3604B691BBA83608B691BBA4360C1
:10BFB000CB691BBA0360704700BFCB691BBA036033
:10BFC0008B691BBA43604B691BBA83600B691BBA50
:10BFD000C360CB681BBA03618B681BBA43614B68B3
:10BFE0001BBA83610B681BBAC361704700BF70B591
:10BFF00098B00D46064610A8E1F779FF2A4610A929
:10C000006846E1F75CFF694610A8E1F770FF10A9E8
:10C010000846E1F76CFF6A4610A908A8E1F74FFF50
:10C0200008A910A8E1F763FF10A90846E1F75FFF30
:10C0300010A90846E1F75BFF10A90846E1F757FF92
:10C0400010A908AA0846E1F73AFF10A90846E1F747
:10C050004EFF10A90846E1F74AFF10A96A4608A852
:10C06000E1F72DFF052408A910A8E1F740FF10A96A
:10C070000846E1F73CFF013C10A9F5D108AA0846A3
:10C08000E1F71DFF052410A90846E1F730FF10A9CC
:10C090000846E1F72CFF013CF5D110A908AA084693
:10C0A000E1F70DFF10A908A8E1F721FF08A908464C
:10C0B000E1F71DFF08A96A466846E1F700FF102472
:10C0C000694610A8E1F713FF10A90846E1F70FFF32
:10C0D000013C10A9F5D12A460846E1F7F0FE4024BC
:10C0E00010A90846E1F703FF10A90846E1F7FFFE93
:10C0F000013CF5D110A96A460846E1F7E0FE10249C
:10C1000010A90846E1F7F3FE10A90846E1F7EFFE93
:10C11000013CF5D110A96A460846E1F7D0FE10248B
:10C1200010A90846E1F7E3FE10A90846E1F7DFFE93
:10C13000013CF5D110A908AA0846E1F7C0FE2A463D
:10C1400010A93046E1F7BBFE18B070BD00BF0CB4BB
:10C1500030B589B005460C461C22002101A806F026
:10C1600017FD02238DF806300E4B029305952346EA
:10C170002CB1B4F1004F28BF4FF00043013B1D44E8
:10C180000DAA0C99069501A8009200F092F814B13E
:10C19000059B00221A7009B0BDE8304002B070471C
:10C1A00000BF551E03000EB470B589B00DAC054636
:10C1B00054F8046B1C22002101A806F0E9FC0123BD
:10C1C0008DF806302246064B0393314601A80595AB
:10C1D000009400F0CAFA09B0BDE8704003B070479F
:10C1E00000BF411E0300242AF0B5044601D8012AED
:10C1F00040D106F032FD2D4B16221A5001B10C60D1
:10C200000020F0BD2F463D4615F8010B2028F9D03F
:10C21000A0F10906042E0346F4D92B282CD02D2892
:10C220002CD101267B78BD1C302B2DD1287840F0F5
:10C230002000782824D132F0100021D16B782C46D0
:10C24000102202350020392B82BF03F1FF3343F067
:10C250002003263B303B9A421AD9A0FB02040CB9BA
:10C26000C01801D346F002062F462C4617F8013BB2
:10C270003D46E8E70746C6E70026D3E70026D3E7B2
:10C28000002A08BF0822DDE7002A08BF0A22D9E7F2
:10C2900001B10C60F20748BF4042B307B1D506F0C8
:10C2A000DCFC024B22221A504FF0FF30A9E70C00B1
:10C2B00000002DE9F04F8DB0436802938378154656
:10C2C0009A07804640F10D8100240E78002E00F080
:10C2D0000A81252E0BD04B1C03930134029B41464F
:10C2E000304698470028C0F2F6800399EDE74E7873
:10C2F0008B1C252E0393F0D00027B946BB46BBF11B
:10C300001F0F38D8A6F12003102B0AD8DFE803F05E
:10C310002A0909300909092109090928092D0909EA
:10C320001F00A6F13003092B33D92A2E37D11BF079
:10C33000400F55F8043B40F08280002BA7BF4BF024
:10C34000200B9946C3F100094BF0280B01E04BF09C
:10C35000010B039B13F8016B0393002ECFD130E048
:10C360004BF0020B4BF0040BF3E74BF0080BF0E73C
:10C370004BF0100BEDE7BBF17F0F19D8A6F130039E
:10C38000092BD2D81BF0400F03D00A2101FB07373D
:10C39000DFE70A2101FB09394BF0200BD9E72E2EEC
:10C3A00006D11BF0400F40F09E804BF0400BD0E7D1
:10C3B0006C2E31D02BD8682E36D06A2E3CD04C2E25
:10C3C0003AD0002F46F02003B8BF2BF04002A3F173
:10C3D0006501BCBF1FFA82FB0027022901D9612B2E
:10C3E0002FD1073525F00705DFF8ACA20835072760
:10C3F0001BF0080F66D00AEB070B56465E4563D16B
:10C40000A4EB0A0A06EB0A02A9EB07096FE1742EF6
:10C410009FD07A2E9DD0D4E71BF0800F18BF4BF42D
:10C42000007B4BF0800B94E71BF4807F18BF4BF42C
:10C43000007B4BF4807B8CE74BF4207B89E71F4625
:10C4400087E7A6F16301122900F2F080DFE811F01E
:10C4500013004F00EE00EE00EE00EE004F00EE0085
:10C46000EE00EE00EE00EE00FE00E900EE00EE0051
:10C470001B00EE00AF0055F8043B8DF81830012783
:10C480000DF1180AB4E755F804AB834BBAF1000F6D
:10C4900008BF9A461BF0400F14BF39464FF0FF31DA
:10C4A000504605F035FA0746A2E7029B4146202098
:10C4B000984700280FDB013EB742F6D34C44A41B3B
:10C4C000B14698E74E46F7E716F8010B029B414646
:10C4D0009847002892DA98F8023043F0040388F86D
:10C4E00002304FF0FF3420460DB0BDE8F08F1BF056
:10C4F000800F34D01BF4007F2CD0073525F00705C2
:10C50000AA4669685AF8080B2BF010050029ADB24D
:10C5100037DA404261EB410145F480650DF1180BBB
:10C520000A235A4606F075FAA0EB0B0301936B063B
:10C5300062D5019B25F001019F4289B240F3A180A1
:10C54000002E00F0998015F0100240F09C80BB4650
:10C550000D4623E0AA465AF8040BC117D4E7AA46B1
:10C560001BF4807F5AF8041B01D10846F5E71BF441
:10C57000007F15BF48B208B241F3C01141F3C0318A
:10C58000C2E750EA0103C9D11BF0400FC6D0002F0B
:10C59000C4D12BF0110295B2BB46019740F206417F
:10C5A00015EA01021CBF0BF1010B00222CE02BF05D
:10C5B00010021FFA82FB0A231BF0800C49D01BF4E7
:10C5C00000711DBF073525F00705AA46AA461ABF08
:10C5D0005AF8080B69685AF8040B50EA010545D16E
:10C5E0002BF016051BF0400FADB242D0002F40D10A
:10C5F0002BF0170295B2019715F0100248D0019B5D
:10C60000002E42D103F1010B29075AD4EB0706D5BE
:10C61000D9456FDD0199A9EB0B035F18CB465B464B
:10C6200049E04BF0100B10237826C5E7782B04D196
:10C63000C6F1780343F01003BEE7029B4146252074
:10C6400098470028FFF647AF023447E60823002644
:10C65000B2E7AA461BF480715AF8040BBDD01BF454
:10C6600000711ABFC0B2614680B2B6E72BF0060275
:10C6700095B20DF1180B54E725F01105ADB2BB468C
:10C680008CE70D46B8E73B460D4603F1020BBBE7CE
:10C69000DDF804B082E70F50030008500300CDE935
:10C6A00004324146029B202098470028FFF613AF32
:10C6B000049B059A01339945F1DCA4EB0B01CC18DE
:10C6C0009B460AB3029B4146302098470028FFF65C
:10C6D00002AF8EB901342744019B391B994224DCF7
:10C6E0001D465DBB019AA9EB0B0922445546144631
:10C6F000914435E0019F92E7023441463046029B67
:10C7000098470028E7DAE6E640F206410D42E2D01B
:10C7100015F0020F14BF2B20202015F4806F04F1B8
:10C720000104414618BF2D20E9E7029B4146302015
:10C730009847002804F10104CEDACCE606AB013DAF
:10C740004146585D029B98470028CADAC3E6029B1F
:10C75000414620209847002804F10104FFF6BBAEB3
:10C76000A9EB0403002BF2DCBFE52DE9F04F91B0FB
:10C77000804600200292079082460D4615F8014B34
:10C78000ACB1202C17D0A4F10903042B13D9252C0C
:10C7900017D007A9404606F093F9031EC0F20081A6
:10C7A000DBB2A3420BD007AA414606F0A9F95046D6
:10C7B00011B0BDE8F08F07A9404606F0ACF9294654
:10C7C000DBE74C78252C01F10205E2D02A2C21D19F
:10C7D0008C78CD1C01264FF0000906E00A2215F8DE
:10C7E000014B46F0020602FB0939A4F13003DBB22B
:10C7F000092BF3D916F0020F08BF4FF0FF396C2C4C
:10C8000035D009D8682C26D06A2C3ED04C2C37D095
:10C8100034B9CCE70026DEE7742C33D07A2C31D043
:10C82000A648214606F0BCF90028C0D016F0010346
:10C8300008BFDDF808B0039306BF5BF8047BCDF8B2
:10C8400008B000276E2C23D1079A009600233846A3
:10C8500006F040F9B3E72C78682C03D046F02006A8
:10C860000135D5E746F030066C780235D0E72C78F4
:10C870006C2C02D046F00406F2E746F00C06F3E713
:10C8800046F00C0615F8014BC2E746F00806F9E73A
:10C89000632C18D116F0020F08BF4FF0010907A949
:10C8A000404606F00DF900287ADB0FB107F8010BBE
:10C8B000B9F10109F3D1039B002B80D10AF1010AE0
:10C8C0005FFA8AFA7BE75B2C7FD1202200210DEBF7
:10C8D000020006F05DF900221646114614464FF09C
:10C8E000010C15F8013B002B54D05E2B03D1F2B99B
:10C8F00001240132F5E7A24219DD5D2B1FD02D2B5B
:10C9000015D1C1B110A800EBD30003F0070110F856
:10C9100020EC0CFA01F141EA0E01B34200F8201CB0
:10C920000BD034BF013303F1FF33DBB2EAE7002958
:10C9300008BF1E46E6E70121DBE70021D9E729B160
:10C940009DF8253043F020038DF825304CB120238D
:10C950000DEB03021178013B6FEA010102F8011BA4
:10C96000F8D1012407A9404606F0AAF8031E10DBFF
:10C97000C3F3C40140316944DAB211F8201C03F05A
:10C98000070341FA03F3D90711D407AA414606F079
:10C99000B7F8A4B198F8023013F00C0F3FF407AFCA
:10C9A000BAF1000F14BF50464FF0FF3000E70FB14F
:10C9B00007F8012BB9F101094FF00004D2D1002F83
:10C9C0003FF479AF00233B7075E707A9404606F0B6
:10C9D000A2F80028E4DB6F2C54D035D8642C53D057
:10C9E000693C18BF0124240107A9404606F068F8F5
:10C9F0002B2803D02D280AD146F04006B9F10109B1
:10CA0000C8D007A9404606F05BF80028C2DB3028F2
:10CA10006ED1B9F10102049206D007A9404606F092
:10CA20004FF80028049A31DA4FF00009CB4673061C
:10CA300003D5D9F100096BEB4B0B00964A465B46D8
:10CA4000384606F047F836E7732C0AD0752C0CBF31
:10CA50000A241024C8E70FB107F8010BB9F1010946
:10CA6000ADD007A9404606F02BF80028A7DB202808
:10CA700003D0A0F10903042BEDD807AA414606F024
:10CA80003FF89CE70824AFE70A24ADE740F0200315
:10CA9000782B46F0800612D134F0100312D1B9F190
:10CAA00002020492C0D007A9404606F009F8002807
:10CAB000049AB9DB102405E000BF17500300002CD6
:10CAC00008BF08244FF00009CB463928014682BF31
:10CAD00000F1FF3141F02001263930398C420CD869
:10CAE00007AA414606F00CF832067FF553AF9EE7E1
:10CAF0004A46002CE6D10A24E4E7A4FB099011EB96
:10CB0000090904FB0B0040F1000B013ACDE90422B6
:10CB100046F080068BD007A9404605F0D1FF0028DB
:10CB2000049AD2DA83E7F0B589B005460C4616467A
:10CB300000211C2201A81F4606F02AF802238DF8C6
:10CB400006300B4B0293059520462CB1B4F1004FF3
:10CB500028BF4FF00040013805443A46314601A84D
:10CB60000695FFF7A6FB14B1059B00221A7009B0C9
:10CB7000F0BD551E03007047F0F761BB08B5F2F732
:10CB800016F8831E5842584108BD20B1082804D821
:10CB90004030C0B27047552070473F2070474FF07B
:10CBA00080531A6E5B6E0270110A4170110C120EE6
:10CBB000C2701A0A037142711A0C1B0E81708271C5
:10CBC000C371704713B504464AB141B101F10B037B
:10CBD00001F11B0213F8010FB0B99342FAD1684674
:10CBE000FFF7DDFF6B4603CB6A4620606160A5233B
:10CBF000073412F8011B59400133DBB2AD2B04F8A6
:10CC0000011FF6D102B010BD01F10C031C3153F825
:10CC1000042B44F8042B8B42F9D1F3E770B588B0AC
:10CC2000044620220021684605F0B2FF1CB9002509
:10CC3000284608B070BD6846F0F7AFFE0028F6D170
:10CC40006846F0F78CFE05460028F0D06A46234679
:10CC500008AE144603CCB44218605960224603F172
:10CC60000803F6D1E4E7704710B50D2303706FF0A9
:10CC70000F034370052383706FF04E03C370037975
:10CC8000013B012B84BF022303711C210446F0F7F2
:10CC90002EFEE06110BD2DE9FF41D1F80C80054664
:10CCA00040461F460C461646EFF7F6FEBDF8283004
:10CCB000009380B2CDE901803B46324621462846AA
:10CCC00003F0CDFD04B0BDE8F08110B5044680B19D
:10CCD000037873B14FF0FF314FF0FF30F1F7B1F946
:10CCE0002046F1F7AEF8F1F7B4F9F1F776F9002044
:10CCF00010BD6FF01500FBE770477047BFF35B8F07
:10CD000050E8003F40E80012002AF9D1BFF35B8FE2
:10CD100070470021FFF7F2BF6FF085007047704742
:10CD200010B50D2303706FF00F034370052383705C
:10CD30006FF04E03C3700379013B012B84BF0223C4
:10CD400003711C210446F0F7D2FDE06110BDF0B480
:10CD500003460A461979DB8800681343DC028768BA
:10CD6000066906D513F4402F03D0DA0748BF83F4D1
:10CD70004023346801258D4023F48012DB074CBF2B
:10CD80002C43AC4334603B68F0BC184738B50021F5
:10CD900020EAE0744FF4004540F2E7304FF47A7235
:10CDA0000023C4FB0501E0F76EFDBDE83840FEF747
:10CDB0000CBCEFF31180402383F31288BFF36F8F15
:10CDC000704780F31188BFF36F8F7047FFF7DEBFA6
:10CDD00007289ABF4130C0B23F20704730B50446A3
:10CDE00071B107280CD800231846DDB2AC4203D03D
:10CDF000824204D90D5401300133082BF5D130BDE6
:10CE00000020FCE74FF4C062002105F0C1BE2DE90F
:10CE1000F04705468846164618464DB343B30A43C5
:10CE2000072A25D8B14223D04FF0C00A4FF0180985
:10CE30000AFB08F209FB062293F82610A954AC1845
:10CE40005A6962601A69A2609A69E260DA692261CD
:10CE500000F03CF90AFB06F609FB0861207504F1B5
:10CE600010070D440FCC0FC597E8030085E80300B9
:10CE7000BDE8F0870278412A034613D14278882A18
:10CE800010D1427A8A420DD1B0F8050058B1B3F8FA
:10CE9000070040B1B3F803004DF6CA63C31A584205
:10CEA0005841704700207047A0F5BE4080B27047DF
:10CEB000C0B27047C0B2704700F5BE4080B20728CC
:10CEC0008CBF00200120704700F59E4080B2FF28F3
:10CED0008CBF00200120704700F59E439BB2FF2BC2
:10CEE00007D900F5BE4080B207288CBF0020012082
:10CEF00070470120704710B5C3711B0A412481702F
:10CF00000372CA21E0230470C1708824DE214271BB
:10CF10004372120A00234470017182718372C372DA
:10CF2000037310BD10B5C3711B0A412481700372D5
:10CF3000CA21E1230470C1708824DE21427143724A
:10CF4000120A0023447001718271C0F80A30C0F8DF
:10CF50000E30438210BDB0F805007047B0F80700EE
:10CF60007047B0F805204FF6FF739A4214BF807ADD
:10CF700000207047B0F805204FF6FF739A420CBFAF
:10CF8000C07A007B704708B5B0F805104FF6FF7205
:10CF900091420CD1FFF7EEFF0246002002B908BD16
:10CFA00002F001030344D8B2C2F34702F6E7C07AA5
:10CFB000F5E7B0F805204FF6FF739A4206BF807A76
:10CFC00000090020704738B50C46E0210546FFF700
:10CFD00051FFA0B1B5F805304FF6FF72934210D162
:10CFE00004F5BE439BB2072B09D82846FFF7C2FFC2
:10CFF00028B1E4B20123A3400340DBB21BB90020F7
:10D0000038BD9C42FBD1B5F80700BDE83840FFF7BA
:10D0100063BF70B50E46E12104461546FFF72AFFAF
:10D0200040B1B4F80530B34205D1B4F80700431B52
:10D030005842584170BD0020FCE738B504460D4603
:10D0400026220021023005F0A3FD258038BD0346CD
:10D05000084693F82520196103EB820110B50132CF
:10D0600048600321B2FBF1F101EB4101521A83F850
:10D07000252093F82420598C5861022A9CBF013244
:10D0800083F82420012283F826201A8C8C181F2C68
:10D0900004D90132520849081A8459849A69013224
:10D0A0009A611A8C01321A8410BD038C428CD118FB
:10D0B0001F2904D901335B08520803844284C369E1
:10D0C0000133C361438C013343847047038C408C2C
:10D0D000C0181FBF64225343B3FBF0F3D8B27047AC
:10D0E00008B5F1F764FD831E5842584108BD05F0AC
:10D0F00044BB4FF0A0434FF00042C3F808257047EF
:10D1000007B5C0B251B960F07F008DF8040001206E
:10D1100001A9F2F7A4FD03B05DF804FB60F03F0045
:10D120007F298DF80400C8B285BF60F07F00C9096F
:10D130008DF805008DF8050092BF02208DF80610CD
:10D140000320E5E708B50B4611460244B2F5806FAF
:10D1500005DC821E0920FFF7D3FF002008BD4FF039
:10D16000FF30FBE707B5C0B241B98DF804000120DC
:10D1700001A9F2F7B0FD03B05DF804FB40F04000F8
:10D180007F298DF80400C8B285BF60F07F00C9090F
:10D190008DF805008DF8050092BF02208DF806106D
:10D1A0000320E5E710B40C46034611461120224641
:10D1B00010BCFFF7D7BF07B5032201AB28212720FA
:10D1C000FFF7D0FFBDF805309DF8040000EB032009
:10D1D000DB0446BF6FEA00306FEA1030C0F3140082
:10D1E00003B05DF804FB0346052200211520FFF77C
:10D1F000B9BF13B501AC042280B2234689B2FFF750
:10D20000B1FF03220020A35C013A03EB0020FAD215
:10D2100002B010BD00210846FFF7EBBF0021172028
:10D22000FFF7E7BF00211520FFF7E3BF07B5022294
:10D2300001AB89B280B2FFF795FFBDF8040003B0DF
:10D240005DF804FB10B5052104461520FFF7EEFF3D
:10D250000021E0812E20FFF7E9FF2346082223F872
:10D26000040B00211220FFF77DFF07211520FFF797
:10D27000DDFF002160801020FFF7BBFF000DA081C3
:10D2800010BD07B501220DF1070389B280B2FFF787
:10D2900069FF9DF8070003B05DF804FB07B589B28C
:10D2A0008DF807200DF10703012280B2FFF728FF58
:10D2B00003B05DF804FB07B589B2ADF8042001ABFB
:10D2C000022280B2FFF71CFF03B05DF804FB0246A8
:10D2D00041F604012E20FFF7EEBF02460021182080
:10D2E000FFF7E9BF07B589B2019201AB042280B212
:10D2F000FFF706FF03B05DF804FB10B504460278A3
:10D300000B212A20FFF7CAFF62680021BDE8104008
:10D310001E20FFF7E7BF024602210320FFF7CBBF25
:10D32000024600210320FFF7C6BF08B502460421CC
:10D330002D20FFF7C0FF032206212D20FFF7AEFFAF
:10D3400006212D200022FFF7A9FFBDE808400A2191
:10D350002D20FFF74EBF08B5002202212C20FFF739
:10D360009DFF0222BDE8084011462C20FFF796BF22
:10D3700010B56D22044640F606012E20FFF78EFF01
:10D3800044B140F20762BDE8104041F606012E208C
:10D39000FFF791BF41F20762F5E710B5002104469F
:10D3A0001A20FFF726FF000D0005C4F31302024305
:10D3B000BDE8104000211A20FFF794BF13B50222E8
:10D3C000044601AB00213620FFF7CCFE0E2C1BD803
:10D3D000DFE804F01208291A1A1A1A303D1A1A4600
:10D3E0004B50570000238DF804309DF8053023F092
:10D3F00001038DF8053007E09DF8043023F00303A6
:10D4000043F001038DF8043001AB012200213620E6
:10D41000FFF776FE01220DF1050311463620FFF7D6
:10D420006FFE02B010BD9DF8043023F0030343F0FB
:10D430000203E7E79DF8043023F04C0343F0480370
:10D440008DF804309DF8053063F07F03D1E7BDF817
:10D45000043023F4004323F04C03ADF80430D3E749
:10D460009DF8053043F00203C3E79DF8053023F033
:10D470000203BEE79DF8043023F0300343F020039D
:10D48000C0E740F20133E8E708B50E20FFF796FF4A
:10D490004FF4004206212D20FFF70DFF0120FFF77A
:10D4A00095FCBDE808400120FFF788BF08B50020C3
:10D4B000FFF784FFBDE80840002204213620FFF773
:10D4C000FABE024601210A20FFF70CBF08B503216E
:10D4D0000F20FFF7D6FE80EA4000030606D5BDE820
:10D4E0000840012203210D20FFF7D8BE08BD4207E6
:10D4F00010B5044601D4FFF7E9FF14F0010106D18D
:10D500004FF480720D20FFF7D6FE002010BD4FF4BF
:10D51000407200210D20FFF7CEFE03210F20FFF700
:10D52000B0FE0307F1D5F3F7C2F814F0020104D1FD
:10D530004FF480720D20FFF7BEFE4FF0FF30E5E79D
:10D54000024624212720FFF7B6BE08B5E0220321BA
:10D550003620FFF7A3FEBDE80840F0220321362065
:10D56000FFF79CBE00F01F0242F060020E212B204C
:10D57000FFF794BE836800EBC101B3F5004F2CBFE9
:10D5800051F8220031F81200704700EBC1018068A9
:10D59000B0F5004F2CBF41F8223021F8123070470F
:10D5A00008B50122FFF7E6FFD04008BD8368B3F558
:10D5B000004F00EBC10108D34B681AB143F00103DF
:10D5C0004B60704723F00103FAE74B881AB143F030
:10D5D00001034B80704723F00103FAE75300012257
:10D5E000FFF7D3BF8368B3F5004F34BF042308238C
:10D5F000C91A081AC0087047B0F5004F34BF042399
:10D600000823481C0833A0EBD300B0FA80F0C0F127
:10D610001F0070472DE9F041174603220E460446CD
:10D62000FFF7A8FF8642054607F104080AD1E36820
:10D630000122BA4023EA0203E360002344F82830C1
:10D64000BDE8F081314602222046FFF793FF2B46CA
:10D650000646014644F8285020460322FFF795FF6E
:10D660003346294620460222BDE8F041FFF78DBF30
:10D6700070B50D4686680446FFF792FFB6F5004F79
:10D68000014601D3012809D03046FFF7B5FF2946EE
:10D6900002462046BDE87040FFF7BCBF70BD2DE9D3
:10D6A000F04705468068FFF7A7FF05EB800A88462C
:10D6B000DAF810900646B9F1000F1BD00327DAF80C
:10D6C000104028462146FFF76BFF404507D33246FE
:10D6D00021462846FFF79EFF2046BDE8F08703223B
:10D6E00021462846FFF746FF013FCAF8100001D047
:10D6F0008145E4D1EB6801364FF0FF34B4401C4063
:10D70000EAD094FAA4F2B2FA82F2131D55F823403B
:10D71000DEE72DE9F041144605460E46FFF740FFCF
:10D72000A4EB0608371B0744424631462846FFF75C
:10D7300055FF3A4621462846FFF750FF4346002250
:10D7400021462846FFF721FF21462846FFF728FFFC
:10D750003B46211800222846BDE8F041FFF715BFDF
:10D760002DE9F041164604460F46FFF719FF3146F2
:10D7700005462046FFF714FF05442A463946204651
:10D78000FFF72CFF31462046FFF70AFF2B463118E2
:10D7900000222046BDE8F041FFF7F7BE2DE9F04139
:10D7A0000D4686680446FFF7FBFEB6F5004F0146BE
:10D7B00001D3012832D03046FFF71EFF04EB800171
:10D7C0000E6996B9E368012282401343E3600222A6
:10D7D0000D612B4629462046FFF7D7FE0322294636
:10D7E0002046BDE8F041FFF7D0BE02223146204678
:10D7F000FFF7C0FE2946034607462046FFF7C5FE51
:10D800000322334629462046FFF7BFFE39462B4602
:10D810002046FFF7BAFE02223146E1E7BDE8F0817B
:10D82000F8B50C460546FFF7BBFE26180122314627
:10D830002846FFF79FFEC3070CD431462846FFF762
:10D8400017FF21462846FFF7ABFE2146221828463F
:10D85000FFF786FF002221462846FFF78BFE271A96
:10D86000012239462846FFF785FE10EA020613D149
:10D8700039462846FFF7FCFE214632462846FFF788
:10D8800079FE2246211A2846FFF76AFF21463246D2
:10D890002846FFF76FFE241A21462846BDE8F840C7
:10D8A000FFF77CBF38B571B105682846FFF79AFECF
:10D8B0000022044601462846FFF778FE2146BDE8CF
:10D8C0003840FFF7ADBF38BD70B5066809B9002014
:10D8D00070BDB368B3EBD10FF9D9B3F5004F34BFC6
:10D8E00004230823CC1D1C44E40821463046FFF7DE
:10D8F000D6FE05460028EAD001463046FFF750FE26
:10D90000A04209D92C44294630462246FFF701FFA0
:10D9100021463046FFF742FF304601222946FFF7F5
:10D9200045FEB368B3F5004F34BF0423082303EB6F
:10D93000C5031844CCE72DE9F84306681446B268DD
:10D9400001F1FF39B2F5004F34BF0423082319EA6F
:10D9500001090F460BD0494239408B424F4628BF40
:10D960000B46894654B900252846BDE8F8839942FC
:10D97000F8D82146BDE8F843FFF7A6BFB2EBD40FB5
:10D98000F1D9E11DB2F5004F394434BF0422082219
:10D99000C91A1144C9083046FFF781FE80460028A5
:10D9A000E1D0B368B3F5004F34BF0423082309EB7B
:10D9B000C0051D4435447B1E1D44B5FBF7F57D4372
:10D9C000A5EB090529463046FFF70CFE2C44073429
:10D9D00024F00704A41B804507464FEAE40408D25C
:10D9E000024641463046FFF794FE41463046FFF777
:10D9F000D5FE39463046FFF7D3FD3844844208D27D
:10DA0000394630462246FFF784FE21463046FFF76E
:10DA1000C5FE012239463046FFF7C8FDA4E7B2F53E
:10DA2000802F2CBF08230423D21A2DE9F0418C1833
:10DA3000CD1D25F0070524F00704641B0026E4082B
:10DA400005602146AC60EE602046FFF7D5FD421D23
:10DA50009200013002F107074FEAD707A2F1100246
:10DA60003146B8BF324605F1100005F091F83A464C
:10DA700031462846FFF7B2FD334632463146284646
:10DA8000FFF783FDA4EB0708284631460122FFF784
:10DA90008DFD42463946FFF7A1FD3B4632463946E9
:10DAA0002846FFF772FD21462846FFF797FD4346BB
:10DAB000324621462846FFF768FD214628460122C6
:10DAC000FFF774FD3946BDE8F041FFF767BE00205F
:10DAD00070470FB407B504A951F8040B0191F2F790
:10DAE00036FF03B05DF804EB04B070470FB407B520
:10DAF00004A951F8040B0191F2F729FF03B05DF876
:10DB000004EB04B07047038B13F0070305D10368DF
:10DB1000002B0CBF002003207047022B05D1408B47
:10DB2000B0FA80F0400980007047012B05D10368EE
:10DB3000002B0CBF0020052070470020704710B557
:10DB40000C4600B111B96FF0150010BD081D00F0B2
:10DB500093F80028F9D1A368032BF6D9F3E72DE950
:10DB6000F0410D4607461946281D90461E4600F016
:10DB700097F8044638B13346424629463846A4460B
:10DB8000BDE8F0416047BDE8F08110B4EFF31182C9
:10DB9000402484F31288BFF36F8F416110BC0121D0
:10DBA000F2F71DBF38B50C46054658B151B10B68A8
:10DBB00043B14B6833B11C22002104F0E9FF2C6112
:10DBC000002038BD6FF01500FBE770B505460E4626
:10DBD000FFF7B5FF041E14DBEFF31182402383F33C
:10DBE0001288BFF36F8F6B8B2C8B4FF6FF718B42BC
:10DBF00004F0070407D182F31188BFF36F8F6FF031
:10DC00000A04204670BD022C0CD101336B8382F3D1
:10DC10001188BFF36F8F0023224631462846FFF755
:10DC20009EFFEEE7062C14D8DFE804F0041313136C
:10DC3000041A0400002333606B683BB9C5E9006631
:10DC4000ACB902212846F2F7CAFEDAE71E606E6020
:10DC5000F6E782F31188BFF36F8F6FF00404D0E70B
:10DC600082F31188BFF36F8F6FF08504C9E782F3E9
:10DC70001188BFF36F8FC4E7034640B1426802F0DA
:10DC80000302022A06D0032A04D0012A05D06FF02D
:10DC9000150070471A68002AF9D000209860704774
:10DCA00010B54268816002F00302022A03464FF079
:10DCB000000407D0032A02D05C60002001E018684D
:10DCC0005C6010BD18685C600028F6D0FDF793FE1C
:10DCD000F3E770477047002930B4044618460BDB61
:10DCE000A5680844A84207D8E068646821448468AD
:10DCF0002468A44630BC60476FF0150030BC704704
:10DD0000002930B4044618460BDBA5680844A84235
:10DD100007D8E0686468214484686468A44630BC1D
:10DD200060476FF0150030BC70470029034610B4FF
:10DD300010460BDB9C680844A04207D8D8685B6893
:10DD4000194483689B682BB110BC18476FF015000D
:10DD500010BC70476FF05700FAE70029034610B473
:10DD6000104609DB9C680844A04205D8D8685B6867
:10DD7000194410BC00F0D6B86FF0150010BC704705
:10DD800008B5C0688368DB689847006808BDC0684C
:10DD9000704708B5C0688368DB689847407908BD5C
:10DDA00043680A689A4297BF4A6800239B1801207B
:10DDB00088BF18464B607047F8B5836804460BB3BC
:10DDC000026AB3FBF2F502FB1535D0E904763DB1EA
:10DDD000006894F82410551B2A46184404F0D8FE15
:10DDE000A368E06822683E442B4481684D68314650
:10DDF000A84740B9E3695BB92369A268134423616A
:10DE00000023A3600020F8BD135CDB4313540130F2
:10DE1000A36822688342F7D8E06881680D683146BC
:10DE2000A8470028EFD1E369A168206832469847E7
:10DE30000028E1D0E7E72DE9F047894616469846E5
:10DE4000044698B382680369134482693344934259
:10DE500030D80025D4E90170A6EB050A3F1ABA456F
:10DE600015D2B54209D223685246184409EB050180
:10DE700004F066FEA3685344A360B8F1000F1CD001
:10DE8000A068A8B12046BDE8F047FFF795BF23681A
:10DE90003A46184409EB050104F052FE6368A3609A
:10DEA0002046FFF789FF18B93D44D3E76FF00D0016
:10DEB000BDE8F0876FF00B00FAE74046F8E770B571
:10DEC000044600F501701E46FFF7B5FF054636B162
:10DED000D4F80002FFF7FEFE0023C4F80032284603
:10DEE00070BD30B5054685B0084605F50071F2F7FE
:10DEF0008AFE044698B9D5F80002FFF748FFD5F826
:10DF0000003202949A6801925B68009301464FF4D4
:10DF100000732A4605F50170F2F79DFE044620467F
:10DF200005B030BD2DE9F0418768FB6804460D4619
:10DF300016469847BB682BB1324629462046BDE8B5
:10DF4000F04118476FF05700BDE8F08138B50D4635
:10DF5000AB4211461C4604D81A4604F0F1FD204697
:10DF600038BD0024FBE704F013BEC30903EB4303F1
:10DF700003EBC30383EA4000C0B27047CB7802785A
:10DF8000534003704B884278534043700A6883784B
:10DF900083EA122383700A68C3785340C370CB7935
:10DFA000027953400371CB884279534043714A68E8
:10DFB000837983EA122383714A68C3795340C3711A
:10DFC000CB7A027A53400372427A4B8953404372B0
:10DFD0008A68837A83EA122383728A68C37A5340F9
:10DFE000C372CB7B027B53400373CB89427B53408C
:10DFF0004373CA68837B83EA12238373CA68C37B33
:10E000005340C37370471FB502788DF800204279E2
:10E010008DF80120827A8DF80220C27B8DF80320D2
:10E0200002798DF80420427A8DF80520827B8DF8E4
:10E030000620C2788DF80720027A8DF80820427BEE
:10E040008DF8092082788DF80A20C2798DF80B208E
:10E05000027B8DF80C204278C37A8DF80D208279EE
:10E060008DF80E208DF80F3010236A461946FFF701
:10E070006DFF05B05DF804FBF8B5064608780C4660
:10E08000FFF773FF05466078FFF76FFFA2786378AC
:10E090005340E27853405D406840307060782778A4
:10E0A000FFF763FF0546A078FFF75FFFA3785F40A7
:10E0B000E3785F407D406840707063782778A0788F
:10E0C0005F40FFF752FF0546E078FFF74EFFE37829
:10E0D0005F407D406840B0702078FFF746FF62786F
:10E0E00023785340A278534080EA0305E078FFF795
:10E0F0003CFFEDB24540F570F8BD70B5144688B0F0
:10E100000546002849D0002949D0002A49D01023CB
:10E110000A4668461946FFF719FF21466846FFF789
:10E120002DFF103401F1A0066846F2F7EEFD6846B7
:10E13000FFF769FF694604A8FFF79EFF01A905A83C
:10E14000FFF79AFF02A906A8FFF796FF03A907A801
:10E15000FFF792FF102319460DEB03026846FFF705
:10E16000F5FE214668461034FFF708FFB442DBD1C4
:10E17000F2F7CBFD6846FFF746FF21466846FFF7FA
:10E18000FDFE102319466A462846FFF7DFFE684663
:10E1900010220021FFF7E7FE012008B070BD0846FD
:10E1A000FBE71046F9E710B50A460F3012F9103BAD
:10E1B000002BACBF0023872312F8014D83EA4403F0
:10E1C0008A4200F8013902D01378DB09F4E710BD68
:10E1D00008B520B158220021FFF7C5FE012008BD77
:10E1E00010B5044688B110220021FFF7BCFE1022B2
:10E1F00004F130000021FFF7B6FE00236364002223
:10E200004FF48033C4E91423012010BD70B50446D7
:10E210000D46164610B311B358220021FFF7A3FE96
:10E220002946A6643046F2F77CFD102200212046E4
:10E23000FFF799FE04F11005A26C21462046FFF776
:10E240005CFF21462846FFF7AEFF294604F1200077
:10E25000FFF7A9FF2046FFF7C3FF012070BD084666
:10E26000FCE72DE9F0410E4615460446002860D033
:10E27000FAB100295DD0D0E9143253EA020158D036
:10E28000013BD0F8448042F1FF32C0E91432B8F1CA
:10E29000000F2CD0C8F1100708F13000BD42204417
:10E2A0000AD22B4632462946FFF750FE636C2B44B8
:10E2B00063640120BDE8F0813B4632463946FFF7F2
:10E2C00045FE103D0023636445443E44631E04F153
:10E2D0000F0113F8012F93F830008B4282EA0002FD
:10E2E0001A70F6D1A26C21462046FFF706FF04F112
:10E2F0000F07102D0AD8002DDBD02B4632462946B9
:10E3000004F13000FFF722FE6564D2E7631E711E40
:10E3100013F8012F11F8010FBB4282EA00021A70B4
:10E32000F6D1A26C21462046FFF7E7FE1036103DDD
:10E33000DFE70020BEE770B50C460546E8B169B3DB
:10E340004A6C102A1AD11031631E013904F10F00F2
:10E3500013F8012F93F83060724011F8016F984262
:10E3600082EA06021A70F3D1A26C21462846FFF712
:10E37000C4FE2046FFF72CFF012070BD02F13000E3
:10E380000021C2F110022044FFF7EDFD636C23442D
:10E39000802283F8302004F12001D5E70846ECE71D
:10E3A000012801D1EFF30583FCF7F1B801460068BD
:10E3B000FFF7F6BF08B5F2F706FDBDE80840F2F733
:10E3C00026BD00210120FFF7EBBF61B662B680F3E6
:10E3D0001188BFF36F8F704772B6002383F31188E3
:10E3E000BFF36F8FBFF34F8F30BF62B6BFF36F8F36
:10E3F000704772B6002383F31188BFF36F8FBFF3AA
:10E400004F8F20BF80F31188BFF36F8F62B67047C4
:10E41000202809D9B0F1004F08D80138B0FA80F0AF
:10E42000C0F11F0040007047082070473E20704731
:10E4300008B5F3F732F9002008BD704700230382C6
:10E440004369C3607047416A8968F3F792B9EFF393
:10E450001182402383F31288BFF36F8F00230B6078
:10E46000436833B9C0E9001182F31188BFF36F8F9D
:10E47000704719604160F7E710B50346EFF311816B
:10E48000402282F31288BFF36F8F006828B15C6866
:10E4900002681A60A04208BF5A6081F31188BFF376
:10E4A0006F8F10BD027A0132027270470346184620
:10E4B0005B68002BFBD17047426810B52AB10B4650
:10E4C0001C465B68002BFBD16260416010BD10B53B
:10E4D000044620B90B7A01330B72084610BD03467F
:10E4E00018465B68002BFBD1FFF7E6FF2046F5E7F7
:10E4F00083680B440360704703680B6043684B609C
:10E5000083688B6070478388026819448180D018C3
:10E51000704730B484880568A3188380281930BCFC
:10E5200004F00EBB10B5838802685C1C8480D15453
:10E53000D01810BD034600689A88401A114418602C
:10E54000998070478288521A034682800068084486
:10E5500018607047034600689A88521A01449A80EE
:10E560001960704710B503681C880221FFF7EAFFA5
:10E57000204610BD02688068101A70478388C288E0
:10E580008168D21A03685B1AD01A704703898B42DC
:10E590000AD9436803EBC10053F831302BB9436803
:10E5A000002B08BF0020704700207047F0B50378AB
:10E5B00085888779C679CE71002013F0070F08602F
:10E5C000C3F3C10308788F7114BF03240124012B06
:10E5D00028BF012344EAC30320F01F006DBA0343A0
:10E5E00052BA0B704A808D80F0BD37B505460C4697
:10E5F0000846FFF723FF45F8044B082320462382F3
:10E6000050F80C4F1C44FFF7B9FF0022034600925C
:10E6100002212246284603F0A5FC03B030BD2DE9B7
:10E62000F04F85B005460E4690461F4603F0A7FA08
:10E6300020B96FF04C0005B0BDE8F08F00234FF01B
:10E6400014093B6009FB086934464FF0010A02A92E
:10E65000284603F091FADDE90232009368BB2846B0
:10E6600003F0B6FA0028E4D00020E4E7A14598BF03
:10E67000344661688A4214D121680098019204F0FE
:10E680003DF9019A68B9237CD3B9D4E9023128460F
:10E690009847C0B184F810A03B68013314343B6044
:10E6A000D5E714340BF1010BD845DFD10021284602
:10E6B00003F0E5FA0028CAD1D1E74FF0000BF3E7E9
:10E6C0006FF06F00B7E76FF02200B4E7F8B51423DE
:10E6D00003FB01060446154603469E4207D828461A
:10E6E000EEF7DAF90746A64208D8002003E01A68D8
:10E6F000AA4201D1187CF8BD1433EEE76368BB422F
:10E7000007D121683A46284604F0F8F808B9207C79
:10E71000F1E71434E7E72DE9F04190B00646FFF742
:10E7200038FB4FF00133D6F8088003FB00F70025D3
:10E73000454503DB012010B0BDE8F081A8EB0504DE
:10E74000402CA8BF402423466A4629463046FFF79E
:10E75000C2FA00280CDBA4106A460023A34201D1B0
:10E760004035E5E752F8041BB94203D10133F5E720
:10E770000B20E0E70020DEE720B101280CBF0520D8
:10E78000FF2070470220704702780B789A420FD31F
:10E790000CD842784B789A420AD307D842884B88E3
:10E7A0009A4205D38CBF012000207047012070479A
:10E7B0004FF0FF30704713B5FFF7DEFF00281CDB7A
:10E7C00001A9C0B2F2F71FFA002818DB0198FFF781
:10E7D000A2FF044638B9019821468268FFF7BDFAC6
:10E7E00048B9002401E00128FBD00198FFF772FA34
:10E7F000204602B010BD0D24F7E70E24F8E70A24E6
:10E80000F6E773B5FFF7B8FF00280C4615461E461D
:10E8100014DB01A9C0B2F2F7F6F988B921463346F4
:10E820002A460198FFF757FA04460198FFF752FA73
:10E83000002C18BF0B24204602B070BD0E24FAE74E
:10E840000A24F8E737B5FFF797FF00280D460FDBDE
:10E8500001A9C0B2F2F7D7F9044658B90198FFF7F9
:10E8600098FA28700198FFF735FA204603B030BDBA
:10E870000E24FAE70A24F8E770B506460C4600F0C5
:10E8800038F80546304602F0ADF90346013B85F005
:10E890000100032B0CD8DFE803F00806090202236D
:10E8A00004B1237070BD0123FAE728460023F7E77F
:10E8B0004FF0FF30F6E773B546100546304600F0DE
:10E8C00018F8002304460DF1070130468DF8073093
:10E8D000FFF7D2FFA84203D19DF80730022B04D0E6
:10E8E000631B5842584102B070BD0120FBE77047DE
:10E8F0007047002070470020704770B5054688B00B
:10E900000E46002400236A4631462046F3F73BFEBC
:10E9100028B920222946684603F0F0FF10B124B13F
:10E920004FF0FF34204608B070BD0124EAE7002311
:10E9300001461A461846F3F726BE022805D00338CA
:10E9400001288CBF0120052070470320704708B5BF
:10E950000020F2F72EF870B50446BEB000F11005A5
:10E960000026002200232846FCF75BF8014608B980
:10E970003EB070BD19AB029301A805AB049601949B
:10E980000393F3F7B0F8ECE7F2F785BF70B50546EF
:10E990000E46F4F7E6F8044618B1336B1BB129466E
:10E9A0009847204670BDEA7A05F11801183004F046
:10E9B000C7F8F6E710B5044640B14B6B0BB1183001
:10E9C00098472046BDE81040F2F765BF10BD002310
:10E9D000C363A0F840307047C36B13B1B0F8400078
:10E9E00070476FF015007047F8B5C36B04460F46CB
:10E9F000164603BB072A25D94D886DBA0835B2F5EE
:10EA0000C06FADB221D8B5F5C06F1ED8AA4216D8D6
:10EA1000F4F7A7F8E063D8B1A4F84050E06B3246B1
:10EA200039460C30FFF775FDB4F840309B1B98B2A7
:10EA3000A4F84000F8BDB0F840309342EED26FF039
:10EA40008A00F7E76FF03C00F4E76FF03E00F1E773
:10EA50006FF00B00EEE738B50B46C16B044661B1B1
:10EA6000B0F8405005B15BB12046F4F798F80023A8
:10EA7000A4F84030E363284638BD6FF01505FAE787
:10EA80006FF03C05F7E710B50446C06B30B1FFF7F7
:10EA90007BFF0020A4F84000E06310BD6FF015007C
:10EAA000FBE7C06B00B118307047036813B1002357
:10EAB0000360037170478B6913B183610B7F037728
:10EAC0000020704710B50446084659B1F4F7B3F872
:10EAD00040B1A3698B4206D190F86930227F9B1A1E
:10EAE0005842584110BD0120FCE770B50546F4F7C7
:10EAF000A2F8044698B1284600F04FFE034604F100
:10EB0000380043B1783306D0BDE870404FF400427E
:10EB10000023FCF742BABDE8704003F0B5BC70BDFD
:10EB200008B5806918B101F00EFF033880B208BD46
:10EB300008B5F4F780F820B1BDE808406C30FBF769
:10EB4000A2BF08BD10B50C46017822788A428AB06F
:10EB50000FD06946F4F743FA05A92046F4F73FFAC7
:10EB600010220DF115010DF1010003F0C7FE0AB0EE
:10EB700010BD012A06D0022A07D072B940886388E6
:10EB8000C01AF4E740686368FAE71022611C01309C
:10EB90000AB0BDE8104003F0B1BE6FF01500E6E723
:10EBA000042A0AD0102A0DD0022A4FF0000315D1F2
:10EBB00003700B88438001207047012303700B68AA
:10EBC0004360F8E7022300F8013B01F1100351F81C
:10EBD000042B40F8042B9942F9D1ECE71846704712
:10EBE000012310B50621044600F8013BFAF74FFA5D
:10EBF00018B9A37963F03F03A37110BD0B680360DC
:10EC00008B8883808B798371037823F002030370F0
:10EC100070470078C0F3400070472DE9F04101F1E2
:10EC20000C080C46054600F10C01404617461E46EE
:10EC3000FFF762FC4046FFF79DFC012310FA87F0C6
:10EC400068826B722F8239464046FFF77BFCE3688F
:10EC50007360628A0023E3607281638234602846B5
:10EC6000BDE8F08138B5D1E90032DA600B684A8935
:10EC70005A820D4604460868F2F70DFE0021102264
:10EC8000284603F085FFA07AF2F749FD6169054641
:10EC900049B1637ADB0704D4436A1B6820469B684A
:10ECA00098470023636121462846BDE8384003F0B9
:10ECB000E3BA438A23B9C068B0FA80F040097047CC
:10ECC0000020704770470F2807D80D280BD805285B
:10ECD00008BF032018BF02207047132803D01A284A
:10ECE00008BF0120F6E70120704710B50346BFF3C7
:10ECF0005B8F53E8000F40EA010243E80024002C38
:10ED0000F7D1BFF35B8F10BD38B5C3681D78B3F87A
:10ED1000010065B90F21F5F7F6FF044638B1294621
:10ED2000F5F76BFF2046BDE83840F5F73CBF38BD2E
:10ED300008B5C36801211888F5F7E5FF18B1BDE8EB
:10ED40000840F5F730BF08BD01210C30FFF702BCC9
:10ED500038B5C5680121B5F80100F5F7D4FF0446C0
:10ED600098B12B783BB9D5F80330C0F89530D5F879
:10ED70000730C0F89930201D4FF40051FFF7B5FF60
:10ED80002046BDE83840F5F70EBF38BD30B402EB81
:10ED9000C303044608469A4201D130BC704711466D
:10EDA00011F8085BA54206D1018A53789942F4D341
:10EDB00030BC536818470A46EDE7BFF35B8F50E855
:10EDC000003F0B4040E80032002AF8D1BFF35B8FD0
:10EDD000704710B5F5F7CFFA6FF080011030FFF7EC
:10EDE000ECFF0020F4F78DF9044648B13C23437250
:10EDF0000021F5F702FF2046BDE81040F5F7D3BE2D
:10EE000010BD2DE9F843C7683A78012303EB82036C
:10EE1000028A93423FD9BDE8F88307EB85030F21AF
:10EE2000B3F80100B3F80360F5F76DFF044660B175
:10EE300000F1C40836B12046F5F7CBFDFBF723FE01
:10EE400063693BB92046F5F7AEFE01353B789D423C
:10EE5000E3DBE0E7A1691A6862618B4208BFA26147
:10EE6000C3F80090226A9AB9C4E90733BFF35B8FF5
:10EE700058E8003F013B48E80032002AF8D1BFF3D0
:10EE80005B8F00212046013EF5F7AFFDB6B2D1E71A
:10EE900013602362EAE70025A946D7E773B5C56882
:10EEA0000121B5F80100F5F72EFF044600284ED0E9
:10EEB0002B781A2B00F1040619D1C378012B2AD123
:10EEC0004FF400613046FFF710FF02050FD4D4F86D
:10EED000883000936946D4F8903001932046F6F7C5
:10EEE00082FB204602B0BDE87040F5F75CBE2B788F
:10EEF0008BB9B5F80330A4F88630B5F80530A4F81E
:10EF00008C30B5F80730A4F88E306FF400713046BD
:10EF1000FFF753FF17E0BFF35B8F6368BFF35B8FAF
:10EF20009B05F2D52B78202BEFD194F89430002B51
:10EF3000EBD0013B84F894304FF42032002304F1ED
:10EF40004000FBF7F6FF2046F6F733F8C9E702B0BA
:10EF500070BD0020704781767047704738B5C5682E
:10EF60000121B5F80100F5F7CEFE044688B1E87836
:10EF7000F4F743FA84F8A4002879F4F73EFA84F809
:10EF8000A5002046F6F75FF82046BDE83840F5F7C3
:10EF90000ABE38BD10B503884288934219D8052BA4
:10EFA00017D9B2F5486F14D88388B3F5FA7F10D219
:10EFB000C088A0F10A0189B240F67644A14208D87F
:10EFC00001339BB25343B3EB800F34BF01200020C9
:10EFD00010BD0020FCE7002070470020704770B58E
:10EFE00006460D4642F221000321F4F7CAF9044611
:10EFF00060B103210C30FFF786FA06808570214648
:10F0000042F22100BDE87040F4F79DBA70BD73B5BF
:10F01000C368D9789A781E8842EA0122ADF80020A8
:10F0200059791A7942EA0122ADF80220D9799A7900
:10F0300042EA0122ADF804201A7A5B7AB4B242EABD
:10F04000032301212046ADF80630F5F75CFE0546A6
:10F0500028B902212046FFF7C2FF02B070BD694601
:10F06000F6F717F838B91E212046FFF7B8FF2846F3
:10F07000F5F799FDF1E70E2142F22000F4F781F94E
:10F0800004460028F3D00E210C30FFF73CFA002391
:10F090000680C0F80A30BDF800304380BDF8023069
:10F0A0008380BDF80430C380BDF80630038121465B
:10F0B00042F22000F4F747FAD9E773B506460D4649
:10F0C00001AA002142F22F00F4F7B9FA044648B928
:10F0D0000198C368B3F801203280B3F803302B8065
:10F0E000F2F7D9FB204602B070BD70B506460D465A
:10F0F00040F206400321F4F744F9044668B10321C5
:10F100000C30FFF700FA0680857021460022BDE82A
:10F11000704040F20640F4F792BA6FF0680070BD9C
:10F12000C06803781BB13C2B03D1FFF752BEF4F744
:10F1300096BD704738B50221054642F21600F4F735
:10F1400020F9044668B102210C30FFF7DCF92B8866
:10F15000038021460022BDE8384042F21600F4F751
:10F160006EBA6FF0680038BDF8B507460E4642F239
:10F17000220006211546F4F704F9044678B1062169
:10F180000C30FFF7C0F93B8803804680858021461C
:10F190000022BDE8F84042F22200F4F750BA6FF0C6
:10F1A0006800F8BD08B500200021F4F7F0F918B1A7
:10F1B000BDE80840F4F7C1B9BDE80840F5F717BE4F
:10F1C00008B5072203F09AFBB0FA80F0400908BDA9
:10F1D00000280CBF08460020704718B111B108463E
:10F1E000F4F78DBE6FF01500704713B5044680B17B
:10F1F00006216846F9F74BFF48B99DF80530694686
:10F2000003F03F0320468DF80530FFF7E6FF02B01C
:10F2100010BD6FF01500FAE7003818BF01207047E5
:10F22000034610F4004F0CBF07200620DA0348BF46
:10F2300000F005009B0348BF00F0FB007047BFF3E0
:10F240005B8F0068BFF35B8F704710B50346BFF359
:10F250005B8F53E8000F00EA010243E80024002C12
:10F26000F7D1BFF35B8F10BD2DE9F74F0C4620217E
:10F2700000909246F4F785F80546002850D02021EA
:10F280000C30FFF740F920220021814603F080FC7A
:10F2900009F1010B04EBCA0A0026D4F80080002310
:10F2A000626893420CD30834A245F6D1009889F8DD
:10F2B00000600022294603B0BDE8F04FF4F7BFB963
:10F2C00098F8012098F800C0B01C11181F2908D91F
:10F2D000BCF1090FC0F11F021AD1002A18DD4FF04E
:10F2E000080CD7B2791C0BF80610711CC9B25BFA76
:10F2F00080F00BF801C0D8F804100193023703F036
:10F300001FFC019B3744FEB2013308F10808C7E730
:10F310002846F2F7C0FA6FF0150003B0BDE8F08F91
:10F320006FF06800F9E7012310B403FA01F1044615
:10F3300062B1BFF35B8F54E8003F0B4344E80032F7
:10F34000002AF8D1BFF35B8F10BC704710BCC943D3
:10F35000FFF77BBF2DE9F04F87B005469DF8486069
:10F36000DDF840909DF844A00C4690460021102204
:10F3700002A81F4603F00CFCEEB9CDE902480122B9
:10F3800002A942F20800FFF76FFF044678B9BAF10C
:10F39000000F3ED11035BFF35B8F55E8003F43F0BF
:10F3A000040345E80032002AF7D1BFF35B8F204603
:10F3B00007B0BDE8F08FF4F7BCF88346E4B937BB7B
:10F3C0005846EDF769FB0923012ECDE901B48DF80C
:10F3D00000308DF80100CDF80C80D0D1CDF810D0E0
:10F3E00005960222CCE714F83320083A012A25D9E1
:10F3F00001339845F7D1E2E70023FAE717F8332005
:10F40000083A012A1AD901339945F7D1D8E70023E0
:10F41000FAE7022E4FF0010208BF059202A908BFC9
:10F42000324642F2090008BFCDF810D0CDE902798A
:10F43000FFF71AFF0028ADD00446B8E76FF01504B7
:10F44000B5E708B500F110031846FFF7F8FE82058E
:10F4500005D41846FFF7F3FEC0F3002008BD0220D4
:10F46000FCE7436813F008000AD05A0307D403F4FA
:10F47000C063B3F5806F14BF0220012070470120E4
:10F48000704770B5064686B00D4642F20A0001216B
:10F49000F3F777FF0446B0B10C3095B10121FFF7C7
:10F4A00041F806F1100203A9204600950723F3F75F
:10F4B00056FF0022214642F20A00F4F7C0F806B0D7
:10F4C00070BD2946EBE76FF06800F8E7183002F0EE
:10F4D000DBBFF5F7DEB8036800220BB918467047AA
:10F4E0008B4210D10B6842B942680360914200D14F
:10F4F000436000230B60012070471360436899420A
:10F5000008BF4260F5E71A461B68E6E7D0F8B4008A
:10F51000003818BF01207047084689691160C26928
:10F520001A60C27A0021183003F032BBBFF35B8F40
:10F530000068BFF35B8F704773B50446CDE90032B6
:10F540000D4622B9D0F8AC606B4601AAB0472846F8
:10F55000F2F7A1F9019B23B100996FF06D022046EB
:10F56000984702B070BD2438F5F703BA10B50446C9
:10F57000006918B1F2F78FF90023236110BD70B54F
:10F580000D46012116460446F5F72FFA00212846BC
:10F59000FFF7E1FC012E16D0022E16D1236913B11C
:10F5A0002046FFF7E3FF2846FEF77CFF2061226933
:10F5B000138A012B28D82088FFF7CFFC0121284689
:10F5C000FFF7C9FC07E0206918B92046FFF7CEFF16
:10F5D00001E02E8A26B92846BDE87040F2F75BB9F3
:10F5E0000C30FEF7CBFF864207D921690022204666
:10F5F00000F02EFA00232361EDE720692A8AE968EA
:10F600000C30FEF786FFD2E7D26816880436B6B211
:10F61000B342D0D32846F2F73EF921690B8AB342B0
:10F6200004D92046BDE87040FFF7A0BF0023236146
:10F6300020460122BDE8704000F00ABA10B503462A
:10F6400000F1CC021046FFF771FF80B1BFF35B8F72
:10F65000411C52E8004F844204D142E8001CBCF136
:10F66000000FF6D1BFF35B8FECD1184610BD0346F7
:10F67000FBE72DE9F84307460E46904600244FF07D
:10F68000D009B44203D100231846BDE8F88309FB32
:10F690000470FFF7D3FF034658B1857A012D02D0DD
:10F6A000073D012D03D81A884245EDD01846F5F7DD
:10F6B0007AFA0134E5E710B5837A023B0446062B5B
:10F6C00016D8DFE803F009041515150B090041727F
:10F6D00000212046F5F791FA002010BD0088FFF7C1
:10F6E00004FD0028F9D1A37A072BF5D10821F0E712
:10F6F0006FF07F00F1E738B5037A8B420446154678
:10F7000015D100F170010722284603F0F7F880B107
:10F71000E378072243B904F17E01284603F0EEF8AE
:10F72000B0FA80F0400938BD04F17701F5E7002018
:10F73000F9E70120F7E708B5F5F729FD10B1F5F76E
:10F7400032FA012008BD70307047F8B507460D4603
:10F7500042F213000E21F3F714FE0646D0B10E213B
:10F760000C30FEF7D0FE0E220446002103F010FA02
:10F770003B8823802B8863806B88A380AB88E380E1
:10F78000EB88238131460022BDE8F84042F21300A5
:10F79000F3F755BF6FF06800F8BD38B5041D034698
:10F7A0002046FFF7C3FEC0F30025C0050A4604D576
:10F7B0001846BDE83840F5F77EBD0988A3F88810E3
:10F7C0005188A3F88A109188A3F89010D288A3F8E2
:10F7D0009220BFF35B8F54E8003F43F4806344E81A
:10F7E0000032002AF7D1BFF35B8F284638BD70473F
:10F7F000F8B507460E46154600234FF48032042123
:10F800000020F5F7C0FA044630B104210C30FEF7B1
:10F810007AFE0770467045802046F8BD704710B4E8
:10F8200000F14C030122BFF35B8F53E8001F43E854
:10F830000024002CF9D1BFF35B8F41B9034653F884
:10F84000482B8164D2F8B81029B9C2E92D33006879
:10F8500010BCF5F71EB90B60C2F8B830F7E710B569
:10F860000368D3F8B42042B1D3F8B8401168C3F8A4
:10F87000B410A24208BFC3F8B8104C300023BFF345
:10F880005B8F50E8002F40E800310029F9D1BFF329
:10F890005B8F10BD70B5D0E9003504464BB3D3F88B
:10F8A000B420483000216AB1904234D1A26C51BBDF
:10F8B000D3F8B810C3F8B420884201D1C3F8B820F7
:10F8C0000023A36404F14C030022BFF35B8F53E8D1
:10F8D000001F43E800200028F9D1BFF35B8F04F13B
:10F8E0003006236BD3B96B680BB1204698470023D1
:10F8F0002360E3680BB1204698472B6AB3B12046DA
:10F90000BDE8704018470A60D3F8B820904208BF9D
:10F91000C3F8B810D4E711461268C4E700220023E8
:10F920003046FBF77EF8F1F7B6FFDAE770BD38B581
:10F93000406B30B150F8084904B1083CFFF7AAFF0A
:10F9400004B938BDA5682DB12046083DFFF7A2FFD8
:10F950002C46F7E72046BDE83840FFF79BBF04314F
:10F96000F5F711BA002A70B50E7A054614BF0220C9
:10F97000012086420DDCC87A07280AD98A61CB614A
:10F9800005F1300002F06DFC2846FFF748FF00202B
:10F9900070BD6FF01500FBE7406B30B1838B8B427D
:10F9A000A0F1080001D08068F7E7704710B54AB9A8
:10F9B00089B2FFF7F1FF28B143689B6913B1BDE835
:10F9C0001040184710BD38B50D460521FFF7E4FF7C
:10F9D00000231A462946FFF7C5FF044610B1284602
:10F9E000F1F759FF204638BD38B50B8A032B054681
:10F9F0000C4621D9042104F10C00FEF7ABFD238A4B
:10FA000042889A4218D14178B1B10378012B13D0C2
:10FA1000132B11D0022201202D68FFF7E9FE0446C6
:10FA200050B102210C30FEF76EFD002303704370CD
:10FA300021462846FFF7C7FF002038BD406B30B194
:10FA400083898B42A0F1080001D08068F7E77047F6
:10FA500038B50B8A032B05460C4604D82046BDE872
:10FA60003840F1F718BF042104F10C00FEF772FDD5
:10FA700041882846FFF7E2FF0028EFD0436821467F
:10FA80005B699847EAE770470346006828B1596800
:10FA900002681A60884208BF5A6070470346002017
:10FAA00003B970471A8A5B681044F9E710B5D46847
:10FAB0002378023113B92170012010BD8B42FBD095
:10FAC000038A023B038200201061F6E7062070479C
:10FAD00073B51446014605464FF49572206800F050
:10FAE00034FF207500BB237A2068ABB1A3F1180264
:10FAF000534253419B000193638A0093AE68238A6B
:10FB0000E2682946B047002808DB238A83420ED1E9
:10FB100000232375012008E00223ECE710F1FF0F1A
:10FB200005D34042C0B22075002002B070BD0E2047
:10FB3000F9E71FB5CDE90123002300931A46F6F734
:10FB400002FE05B05DF804FB2DE9F04F91B0166898
:10FB500080460F46002542F601030068D6F804905F
:10FB60008DF82C500BA91446ADF82E30FEF7EAFFA5
:10FB7000002800F089804FF42053D8F800008DF859
:10FB80002C500BA9ADF82E30FEF7DCFF38B1A3687E
:10FB90001BB15A88BA4200D25F8001200EE0616832
:10FBA0000846FFF77BFF728B738D9A4294BFC0EBC0
:10FBB0000200C0EB0300032803D8002011B0BDE809
:10FBC000F08F0846FEF772FC05466068FFF766FF97
:10FBD000728D738B05F10C0B9A4294BFC0EB020A35
:10FBE000C0EB030A5846FEF7C9FC824544D2606860
:10FBF000FFF754FF728D738B9A4294BFC0EB0200E3
:10FC0000C0EB030070B96368987AF1F788FD0022B1
:10FC10000023FEF718FC05460028CED00146606898
:10FC2000FEF755FC00230093D8F80460102302AAC5
:10FC300041464846B047061E26DB227CE068B242B9
:10FC40001ED001460BA8FEF7ABFFE8B1F2B202A945
:10FC500006A8FEF7A5FFB8B106A90BA8FEF772FF2C
:10FC600090B900236374042105F10C00FEF74BFCEE
:10FC7000A0600780A3688FE75846FEF77FFCC1E7C6
:10FC800002A902F03BFEEBE70023A36085E7F8B58D
:10FC90009368166805460F46144663B950680121FB
:10FCA0000C30FEF730FCA0602B681B78002B14BFD3
:10FCB000022301230370A3681B78012B03D0022BBE
:10FCC0001FD000201CE02B681B78002BF9D1606846
:10FCD00004210C30FEF717FCE06007802A68E36817
:10FCE00052885A806168728D738B088A9A4294BFD9
:10FCF000C0EB0200C0EB0300042894BF00200120E9
:10FD0000F8BD2B681B78022BDBD1606812210C3008
:10FD1000FEF7F9FBE06007802B68E268591C0232AD
:10FD2000113351F8040B42F8040B9942F9D1616880
:10FD3000728D738B088A9A4294BFC0EB0200C0EBAD
:10FD400003001228D9E770B405686A6A52B31368D1
:10FD500003B1A83BA2F1A8040022114600E0A83B91
:10FD6000844207D0668D648BB14238BF3146A242CF
:10FD700038BF22461C462BB1D3F8A830002BEED159
:10FD80008442EFD1438D408B8B4201D890420BD9F6
:10FD9000824238BF02469942286838BF194670BC73
:10FDA000F7F725B81146EDE770BC7047D0680378C7
:10FDB000043113B90170012070478B42FBD0916868
:10FDC0000B8A0020043B0B82106170472DE9F04F35
:10FDD000044685B0104690469946FFF75FFE638B58
:10FDE000628D934228BF134683428B4640F2938034
:10FDF000636803934046FEF759FB4FF0000A06463E
:10FE00004046FFF74BFE628B638D06F10C079A426A
:10FE100094BFC0EB0205C0EB03053846FEF7AEFB0E
:10FE2000854217D24046FFF739FE628B638D9A42B6
:10FE300094BFC0EB0205C0EB03058DBB98F80A0028
:10FE4000F1F76DFC00220023FEF7FDFA064630B9FB
:10FE5000574636E03846FEF791FB0546EDE701468A
:10FE60004046FEF734FB4046FFF718FE628D638B79
:10FE700006F10C079A4294BFC0EB0205C0EB0305E4
:10FE80003846FEF77BFB85421FD24046FFF706FE51
:10FE9000628D638B9A4294BFC0EB0205C0EB0305F1
:10FEA000F168328ACDF80090DBF8047003980A44B8
:10FEB000ABB25946B847071E0CDABAF1000F18BFAB
:10FEC0005746384605B0BDE8F08F3846FEF756FB7A
:10FED0000546E5E70E9BB3B9394606F10C00FEF77F
:10FEE00012FB4046FFF7DAFD638D628B934228BF19
:10FEF0001346B9448342BA441FFA89F9A8D9AF42DC
:10FF00003FF47EAFA4E70F9A0E9B394630469847E0
:10FF10000028E1D19CE70027D3E70368002203B95A
:10FF200070478B420FD10B683AB942680360914227
:10FF300000D1436000230B6070471360436899420F
:10FF400008BF4260F6E71A461B68E8E706207047DC
:10FF5000BFF35B8F50E8003F43F0080240E8002108
:10FF60000029F7D1BFF35B8FC3F3C000704773B5AF
:10FF700016680546002370681373144629469522B7
:10FF800000F0E3FC207380B9CDE900002946A38886
:10FF9000A2683046FFF71AFF002809DA10F1FF0FB8
:10FFA00026BF4042C0B20E202073002002B070BDB8
:10FFB0000120FBE72DE9F34116680746002370682E
:10FFC000137314463946952200F0BFFC0546207392
:10FFD00008BBA068718B728D038A914294BFC3EBFA
:10FFE0000103C3EB0203012B15DD02210C30FEF7E8
:10FFF0008AFACDE900558046A388A2683946304682
:020000040005F5
:10000000FFF7E4FE031E0ADA13F1FF0F26BF5B427F
:10001000DBB20E232373002002B0BDE8F081A8F804
:1000200000300120F8E72DE9F04104468868FFF729
:1000300035FD638B628D934228BF134683420D4684
:100040001DD3E165D1F8088000278F60FBF7FFF929
:1000500041462046F5F79DFC064638B1C5F80880B4
:10006000E765FBF708FA3046BDE8F081618D638BE8
:10007000994228BF1946284600F08AFDF1E76FF043
:100080007906F0E738B5BFF35B8F0B68BFF35B8F82
:10009000DB07054617D550F8040CA0B1AB6D93B93A
:1000A0000430FFF7F1FC044668B10146281FFFF752
:1000B000BAFF002807DA55F8043C5A6822609A68AB
:1000C0005C6002B99C6038BD2DE9F041446A074686
:1000D0003CB354F8A86906B1A83E00231D4607F1B9
:1000E000040801E034461646E26D9AB905B98BB9A9
:1000F0004046FFF7C9FC054658B101462046FFF7C8
:1001000092FF00280DDA7B682B60BB687D6003B925
:10011000BD6023462EB1D6F8A820002AE2D0A83A26
:10012000E0E7BDE8F08170B504460E4600220023EA
:100130000846FAF776FC054658B101462046F5F721
:1001400028FC044618B12946304602F095F82046AE
:1001500070BD6FF00104FAE7F8B50546071F00F11E
:10016000540350F8044CBFF35B8F53E8001F21F099
:10017000040143E80012002AF7D1BFF35B8F04B3F8
:10018000AB6D8BB963687BB1201DFFF77DFC014629
:1001900006463846FFF747FF002812DA63683360E7
:1001A000A368666003B9A66005F15C013846FFF7F5
:1001B000BAFF30B104F10C013846BDE8F840FFF752
:1001C000B2BFF8BD38B504460D46F5F7E2FB30B1D5
:1001D000294604F16000BDE8384002F042B838BD5D
:1001E0002DE9F041884617460121042205461E46A6
:1001F000F5F75BFA044670B104210C30FEF783F981
:1002000080F80080A0F80170C67021462846BDE83D
:10021000F041FFF7D7BFBDE8F08137B50C46054682
:1002200001F10C00FEF79EF9228A0192E268009229
:100230000346132212212846F5F7B5FC03B030BD62
:1002400037B50C46054601F10C00FEF78BF9228A02
:100250000192E26800920022034611462846F5F713
:10026000A2FC03B030BD08B5837A072B01D0002073
:1002700008BD0421FFF7E2FB0028F8D0BFF35B8F35
:10028000436DBFF35B8FDB07F1D550F8040CEFE74C
:1002900070B50E461546FFF7E6FF78B1436A6BB1BD
:1002A000184650F8A83903B1A83B691C428D448B0D
:1002B000A24228BF2246914202D93BB9002070BD1C
:1002C0002A463146BDE87040F5F7EFB9D3F8A840AB
:1002D00004B1A83C18462346E8E707B5CA68138866
:1002E000528800920C210D22F5F7F5FD03B05DF860
:1002F00004FB07B5CB6800221B8800920A210B2261
:10030000F5F7E9FD03B05DF804FB70B5CB681E8816
:10031000B3B2162B04461AD90321F5F7A4FC0546FF
:10032000B8B102210C30FEF7EEF86FF00D03037048
:100330000123437029462046FFF744FF4FF4F97329
:10034000204663836685FFF7FEFC002070BD042015
:10035000FCE70E20FAE7F6F78AB908B5FFF783FF46
:1003600008B3426A02B3136803B1A83B32F88E0C9B
:1003700032F87E2C904228BF104643B913E09342D6
:1003800028BF1346984238BF1846A1F1A803D3F8F6
:10039000A8105A8B5B8D0029F1D19A4228BF1A46CA
:1003A000904238BF104608BD1046FCE70A8AC9686B
:1003B0000023F5F722BF70B50E46FFF754FF044641
:1003C00028B93046F1F767FA6FF07F0070BD00F191
:1003D0000C052846314601F044FF606A38B150F8F8
:1003E000A84904B1A83C2946FFF79DFE20B900208A
:1003F000ECE71C466FF00100002CF8D0D4F8A830D0
:1004000023B90230F5D020461C46ECE7A83BF8E7BC
:1004100038B505460C46FBF71AF82846FFF723FFC8
:1004200020B9FBF728F86FF07F0038BD0023236068
:1004300083683BB9C0E90144FFF746FEFBF71BF8B0
:100440000020F2E71C608460F6E70120704708B5E1
:10045000FFF709FF98B1436A8BB1BFF35B8FA83BED
:1004600003F1580252E8000F20F0080042E80001B2
:100470000029F7D1BFF35B8FD3F8A830ECE708BDB4
:1004800008B50421FFF7DAFA30B1BFF35B8F406D96
:10049000BFF35B8FC0F3C00008BD10600020704741
:1004A0000B4609895A898A4203D05981DB6803B116
:1004B0001847704710B5029CA36833B1B1F5807F2F
:1004C00028BF0E21CAB221469847A37DE268013BAE
:1004D000DBB2A37522B11BB92046BDE8104010471E
:1004E00010BD106091800020704708B5072202F00F
:1004F00005FAB0FA80F0400908BD10B50346BFF315
:100500005B8F53E8000F40EA010243E80024002C0F
:10051000F7D1BFF35B8F10BD0B6803608B888380BE
:100520008B798371704770B500F1700605463146CE
:10053000007AFEF752FD04463146287A3CB1F5F7C1
:1005400064FF18B1002303604360836070BDF5F75A
:100550005CFF0028FAD0046044608460F6E7022A59
:1005600010B508D1002300F170011A46007AF5F7A2
:10057000DCFF022010BDFFF7D6FFFAE713B5BDF888
:10058000101010464FF006144FF0C8720829CDE93C
:1005900000420BD8C1F108049C42A8BF1C46224669
:1005A000694402F0CDFA204602B010BD6FF0060497
:1005B000F9E7F7B51546BDF820601F46FEF70BFDBD
:1005C000022EADF806000ED8C6F10204BC42A8BF48
:1005D0003C460DF1060322469919284602F0B0FA6E
:1005E000204603B0F0BD6FF00604F9E72DE9F041B5
:1005F0009846BDF818601546F2F79BFF0746ECF7E2
:100600004BFA83B2B3420CD39C1B4445A8BF44466B
:10061000A4B22246B919284602F092FA2046BDE853
:10062000F0816FF00604F9E7F7B51F460023BDF827
:1006300020608DF804301546F5F7CFFE10B1037A2F
:100640008DF80430012E0DD8C6F10104BC42A8BFBC
:100650003C4601AB22469919284602F071FA204621
:1006600003B0F0BD6FF00604F9E713B5C968104692
:100670000A781C46BDF8103092B94A88ADF80620B9
:10068000022B18D8C3F102029442A8BF1446224696
:100690000DF10601194402F053FA204602B010BDD4
:1006A000102B01F1010106D8C3F110029442A8BF3A
:1006B00014462246EEE76FF00604EEE7F7B5C96888
:1006C000BDF8206015461F46F5F7B1FE00B1008960
:1006D000ADF80600022E0ED8C6F10204BC42A8BF37
:1006E0003C460DF1060322469919284602F028FAE5
:1006F000204603B0F0BD6FF00604F9E7F0B50768D7
:100700003D7889B00646144635BB7B88B3F5245F37
:1007100004D01BD8A3F52053032B1DD8ADF80A1025
:1007200002220DF10A012046FDF79BFD48B17B88AE
:10073000ADF80A3002220DF10A012046FDF791FDC5
:1007400070B96FF01502C4F8082106E003F55643AE
:10075000FF339BB2042B13D90125284609B0F0BD05
:100760000020009003AA776813233146B847021E81
:10077000E9DB03A92046FDF774FD0028ECD1E0E792
:10078000ADF80A1002220DF10A012046FDF769FDBD
:100790000028D6D07B88ADF80A3002220DF10A017C
:1007A000E8E701210C30FFF7A8BE2DE9F0411F4614
:1007B000BDF81830012B064690462CD83B44012B3F
:1007C0003D462BDCF5F709FE044618B9F5F705FEA2
:1007D000044630B397B1217A98F80020002321FA1B
:1007E00003F0C70703D522FA03F0C0071CD5013375
:1007F000032BF4D102F0070211432172601C06F1B1
:100800007001FFF789FE337A23702046FFF7C9FF96
:100810002846BDE8F0816FF00605F9E76FF00C059A
:10082000F6E76FF01005F3E76FF01205F0E738B563
:1008300004461546FFF709FE40B12046F5F7CDFD09
:1008400020B1037ADB0701D5FFF7ABFF35B9207A7A
:1008500004F17001F5F7D9FD00B1856038BD10B520
:10086000BDF80810BDF81040A14210460BD8641A1C
:100870009C42A8BF1C46039BA4B22246194402F026
:100880005FF9204610BD6FF00604FAE713B5044681
:1008900010B9002002B010BD00238DF804300068AC
:1008A00042F6030301A9ADF80630FEF74BF9002824
:1008B000EFD1E36898880028ECD12046F5F713FFC4
:1008C000013080B2E6E7F0B5CC6887B008461F4635
:1008D000A3798DF80430BDF830601546FFF7D6FFD8
:1008E0002468ADF8050023789BB96388ADF807301C
:1008F0000524B44219D3A41BBC42A8BF3C46A4B2F1
:1009000001AB22469919284602F01AF9204607B091
:10091000F0BD631C0DF10702113453F8041B42F8BB
:10092000041BA342F9D11324E3E76FF00604EDE7BB
:100930001FB5CDE90123002300931A46F5F703FF05
:1009400005B05DF804FBFFF708BD12F0010F4B8AFC
:1009500004D013F0950F10D0486870B112F0020F58
:1009600004D013F4957F0AD0896841B11A4012F47B
:10097000DE7F14BF0520002070470220704703204F
:1009800070472DE9FF41837A072B05460C46174631
:1009900010D100238DF80C30206842F6030303A920
:1009A000ADF80E30FEF7CEF860B9E3689B7913F02E
:1009B000300F03D1002004B0BDE8F0812046F5F7E8
:1009C0009EFF0446002320688DF80C3003A942F6F0
:1009D0000213ADF80E30FEF7B5F818B12046F5F762
:1009E0008EFF0446002642F6021820688DF800604B
:1009F0006946ADF80280FEF7A5F8D8B90023206853
:100A00008DF80C3003A942F60213ADF80E30FEF754
:100A100099F80028CED1E4682246284612F8011B36
:100A2000FEF769FE0028C5D023891F4214BF0120AC
:100A30000020C0E720688DF8046042F6030301A996
:100A4000ADF80630FEF77EF80028D7D020688DF884
:100A500008604FF4205302A9ADF80A30FEF772F88F
:100A60000028CBD020688DF80C6042F6010303A962
:100A7000ADF80E30FEF766F80028BFD02046F5F737
:100A80003EFF04460028B0D194E72DE9F84388469C
:100A900051684B8A03F09403074614464BBB01226E
:100AA000FFF76FFF48B3A2891B2102323846FFF7D8
:100AB000EFFB054620B300F10C0902214846FDF783
:100AC00022FD0646484626F8028BA189FDF71BFD4C
:100AD000A289A168304602F033F8D4E9041228460E
:100AE0000123F5F768FC29463846BDE8F843FFF7CF
:100AF00062BC4FF0FF30BDE8F8836FF01500FAE7F5
:100B00006FF00B00F7E72DE9F04105460F46F5F7CA
:100B100064FC044608B3037ADA071ED5BFF35B8F83
:100B2000C668BFF35B8F16F0010600F10C0814D104
:100B3000A7B1BFF35B8F58E8003F23F0020248E8FB
:100B400000210029F7D1BFF35B8F9B07284608D50A
:100B5000FFF77DFC2046FFF724FE01263046BDE866
:100B6000F081FFF772FC0028F8D02846FFF788FCD8
:100B70000028F3D0BFF35B8F58E8003F23F0020357
:100B800048E80032002AF7D1BFF35B8F2846DFE741
:100B900070470021F8B54FF0FF324FF0FF330546A4
:100BA0000846FEF7DCFE00F10C070446012138463A
:100BB000FDF7A9FC0526067001213846FDF7A3FCC8
:100BC000002306701A4621462846FEF7CBFE10B1D8
:100BD0002046F0F760FE0020F8BD6FF085007047FA
:100BE00000207047F8F763BD1FB5022001A9F0F798
:100BF0000AF818B1002005B05DF804FB019802A9BD
:100C0000F8F7FFFC0028F5D19DF80830032B05D03C
:100C10009DF80B00431E58425841ECE70120EAE7DB
:100C200013B5022001A9EFF7EEFF58B90122019890
:100C3000114600F068FC04460198FDF74BF8204689
:100C400002B010BD6FF00404F9E720387047036963
:100C5000C9B20C2201FB0233186C00F00700704788
:100C600070B5C9B20369EFF31185402484F312888B
:100C7000BFF36F8F0C2606FB0134246C14F0C00404
:100C800008D0A24206D085F31188BFF36F8F4FF0D2
:100C9000FF3070BD06FB013301221A6485F3118811
:100CA000BFF36F8F436803EBC1035B689847002075
:100CB000EFE78022FFF7D4BFF8B5069F0469C9B2F9
:100CC000EFF31186402585F31288BFF36F8F0C2553
:100CD00005FB0144256C05F0070CBCF1010F0CD19C
:100CE000276486F31188BFF36F8FC4E90E2343682E
:100CF00053F8313098470020F8BD05F0C005AF42E9
:100D000086F31188BFF36F8F0CBF6FF077004FF041
:100D1000FF30F1E713B580240094FFF7CDFF02B058
:100D200010BD10B40069CBB21C2403FB04000021E9
:100D300010BC1047002000F026BB1046F9F7A3BEF8
:100D40000020704738B50C461546F2F7E6FB28B18F
:100D500029462046BDE83840F2F729BD6FF00A0069
:100D600038BD70B5044600F097FC237B05460BB1F7
:100D700000F01DFB00266068F9F7F5F9A3685B1B1E
:100D8000A36063682B446360237B01363BB9A3688F
:100D9000002BF0D1A068003818BF012070BD30468C
:100DA000F8F7F9FB0028F2D0F4E738B505460C4611
:100DB00000F06CFC002D07DBA84205D9401B8442E3
:100DC0008CBF0020012038BD0020FCE770B50D4627
:100DD0002846194616461C46FFF7E7FF38B124B1EE
:100DE00022462946304601F0ABFE002070BD6FF070
:100DF0001500FBE7F7B51C46164600238268236002
:100E0000A36013690D4601AA69469847019B5A1EC3
:100E100001921BB96FF0150003B0F0BD0098A268F5
:100E200047682168676085B9B31AD0F800C0634588
:100E300028BF63461A4403FB07112160A2600268C1
:100E40009A4206D808300090E0E76B1AB3FBF7F33C
:100E5000EBE70020E0E713460022FFF7CBBF2DE9C8
:100E6000F047836886B01B698846914601A902AAAB
:100E700098470024A2462546029BAB4202D806B002
:100E8000BDE8F087019F07EBC50700267B68049348
:100E90003A68B2420AEB060302D801359A46EBE7FC
:100EA00003940593494603A8C0470028E7D0049B54
:100EB00001361C44ECE743685B68D3F810350B60DF
:100EC0000020704743685B6802EA010021EA0201E2
:100ED000C3F80805C3F80C150020704743685B6829
:100EE0000020C3F80815704743685B680020C3F80A
:100EF0000C15704743685A68D2F8043521EA03009C
:100F00000B40C2F80805C2F80C350020704710B538
:100F100003695868F8B1884219D19C68086858601C
:100F2000A14200D19860002008602AB15A680A6086
:100F30009A68596002B99960002010E0814206D198
:100F40000868206098688142EDD19C60EBE7044618
:100F500000680028F2D1002AE8D16FF0150010BD1A
:100F600030B543681360057A446804EBC504A342B6
:100F700002D36FF0010030BD5C798C4201D00833A0
:100F8000F0E70020F7E7002201210420F0F7C3B9C1
:100F9000002201212320F0F7BEB910B50B6813B968
:100FA0001360184605E003685C681CB114600368B0
:100FB000186810BD083303600B68013B0B60EDE758
:100FC00003460A4600681979012303FA01F103690F
:100FD0001B68194218BF82F0010212B18368DB68F6
:100FE000184783681B69FBE710B5036804464BB1DB
:100FF0009A683AB1186900F0BFFF206800210830F4
:10100000FFF7DEFFA36933B9636004F11000BDE8A8
:101010001040F9F738BD10BD10B5006903688B4268
:1010200006D190F86C4034B9FFF7DEFF204610BDC2
:101030006FF01500FBE76FF00F00F8E72DE9F341C3
:1010400044680569266A01AA00213046FFF788FF37
:10105000002825DB019B326819791868F6F783FCB4
:1010600000281DDB616A481C11D1E3699847AC6810
:1010700001260834D5E9023203EBC203A4F10802C9
:10108000934210D82846FFF7AFFF002008E004F194
:101090002800F7F72AF810F1130F01D0411DE4D111
:1010A00002B0BDE8F08154F8080C00F06AFF28B3E4
:1010B00054F8080C14F8041C34F8023CD0F810C0A2
:1010C000D0F80880DCF80070DA0754BF43F4B0139E
:1010D00083F4D01323F4801206FA01FEDB074CBF21
:1010E0004EEA070727EA0E07CCF80070D8F8003060
:1010F0009847002804F10804BCDAD1E76FF0120029
:10110000CEE738B503780C4663B98D6E5DB94B6E8A
:101110001C696FF07303236404F12800F9F7B3FC32
:1011200084F86C5038BD8B6D93B19D4210D85B1B19
:101130008B6543BB4B6C08334B648B6C013B8B64FE
:1011400001F1580204F144004831FFF726FF6065C1
:10115000236E9BB19D4211D85B1B2366CBB9E36C18
:101160000833E364236D013B236504F1600204F15D
:10117000500104F14C00FFF710FFE065606EBDE820
:101180003840F6F7D6BD4B6D002BE1D02B444B65B4
:10119000DEE7E36D002BF1D02B44E365EEE700F1D1
:1011A00050039B009BB203F1804303F58833002278
:1011B0001A601B68704708B5F7F77FF808BD10B5CF
:1011C00000F09EF84FF0FF304FF0FF31F7F729FAAB
:1011D000044620B9DDF793F80446F7F72AFA2046CB
:1011E00010BD38B50B8A0D4673B30B7EA3B1022B2D
:1011F0002AD14FF0FF304FF0FF31F7F712FA0446D3
:1012000040B9E868E8F77DF80446F7F712FAB4B198
:10121000F7F7E1FA204638BD4FF0FF304FF0FF31CD
:10122000F7F7FFF904460028F4D1E868F7F75DFB0B
:101230000446F7F7FEF9002CECD1F7F7CCFA284674
:10124000F0F729FB0024E5E76FF01504E2E7F7F774
:10125000D6BA10B531220446002101F099FC2023B2
:1012600023708023A3706FF03F0363710423A37284
:101270002823A3730223E3730423A3756FF00803E9
:1012800063766FF03C03A3766FF00C03E3767E2366
:101290002377302384F820306FF03F0384F8213027
:1012A000072384F822306FF0070384F823300123EA
:1012B00084F82430802384F82630042384F82930ED
:1012C000402384F82D3010BD002303604360037871
:1012D00023F03D0343F03D030370437823F04103C3
:1012E00043F041034370704701F12003013813F8C4
:1012F000012D00F8012F8B42F9D17047F7F71BBF82
:1013000070470021F7F7C3BF90F84010012901D8BA
:10131000F7F7BDBF12207047684620F007018D46E1
:1013200001B5E4F794FFEFF772FDBDE80140854693
:10133000704708B54FF0FF314FF0FF30F7F771F904
:10134000EBF782FBBDE80840F7F773B9684620F079
:1013500007018D4601B5E4F746FFBDE8014085462B
:101360007047684620F007018D4601B5E4F767FC39
:10137000EFF74DFDBDE801408546704708B5EBF736
:1013800046F9002008BD012801D1E4F78AB9704769
:101390007047E3F7ACBF08B5E7F74BF830B1EFF3B0
:1013A00005800338032894BF0020012008BD704742
:1013B0008068183820F0070010387047042809D0DA
:1013C000052803D1481E18BF01207047431A584210
:1013D000584170470120704738B515460C4661B139
:1013E0005AB1FCF7D6FC2544214611F8013B834253
:1013F00003D1A942F9D1012038BD0020FCE738B55E
:101400000C460123114622460546FCF764FC0028E1
:101410000FDB012221462846FFF7DEFF38B923788B
:10142000012B14BF022301232370002038BD0323A6
:10143000FAE70120FAE72DE9F7431D4606460F4675
:101440009046FCF79DFC6C1E044440420440082C6E
:101450001AD83046FCF79DFC2A468146414668462C
:1014600001F06EFB621B49460DEB050001F090FB9D
:1014700023466A4639463046FCF742FC003818BF1E
:10148000012003B0BDE8F0834FF0FF30F9E707B566
:1014900001238DF8042001AAFFF7CDFF03B05DF80A
:1014A00004FB81681839012221F00701FFF7EFBF23
:1014B0008268183A22F00702FFF7A1BF13B50C4665
:1014C000C0B201A9EFF79FFB50B921460198F8F788
:1014D00098F804460198FCF7FDFB204602B010BDC9
:1014E0000124FAE713B541EA021104468DF807100A
:1014F000FFF75EFF012301460DF107022046FFF7CB
:101500009AFF02B010BDF7B50D1E69460CBF174615
:101510002F460446F8F775F878B99DF80060022E5A
:1015200022D0032E0BD0012E24D135B19DF80330EB
:10153000032B02D12046FFF7B4FF03B0F0BD002D0E
:10154000FBD12046F8F73BF80028F6D157B12046EA
:10155000FFF7A7FF0028F0D1002231462046FFF711
:10156000C1FFEAE70226F7E735B9A2682946204617
:10157000FCF7DBFB0320E0E70420DEE74FF08053BD
:10158000D3F83001421C04BF4FF0704393F8E00FD2
:10159000831F584258417047004700F0EDBC036874
:1015A00003F01F025B0902600CBF4FF0A040002057
:1015B0007047F7B5019001A8DDE9084716461D46BA
:1015C000FFF7EDFF019BB6F1000C18BF4FF0010CC7
:1015D00000EB83000B1E18BF0123002D43EA4C03D0
:1015E00014BF4FF00C0C4FF0000C002C43EA0C031E
:1015F00014BF4FF4E06C4FF0000C002F43EA0C03D3
:10160000D0F8002714BF4FF4403C4FF0000C43EAE1
:101610000C0322EA030301B109780EB13678760093
:1016200019430DB12D78AD0031430CB1247824025B
:1016300029430FB13F783F040C433C43C0F80047B7
:1016400003B0F0BD1FB50DF10F03019300238DF81A
:101650000F1000931A461946FFF7ABFF05B05DF86F
:1016600004FB024611F0010007D04FF0A041D1F871
:1016700020351360C1F8203503B900207047F8F712
:10168000AABAF8F788BA0846F8F775BA4FF0805347
:101690001A695869504370474FF080531869704772
:1016A0004FF0805358697047036803F01F025B09CD
:1016B00002600CBF4FF0A0400020704707B50190BA
:1016C00001A8FFF7F1FF019A01239340C0F8083504
:1016D00003B05DF804FB07B5019001A8FFF7E4FF34
:1016E000019A01239340C0F80C3503B05DF804FB68
:1016F00037B5D0F818358A69DBB28DF807300B6A38
:1017000093423EBF4A699DF80740D4540B6A91F852
:1017100024500C695A1C0A62023335B1A3428C6909
:1017200038BF0B619C4288BF8B610D699D4205D912
:10173000CA68D35CC0F81C3501200AE08C699C4261
:1017400001D9CB7FF6E7AA42F6D3A2422CBF0020F4
:10175000012003B030BD70B503460025C0F8085124
:10176000D3F808310C46FFF7C3FF68B9887FFF281C
:1017700001D0FFF7A3FF204665772572616850F816
:10178000083BBDE87040184770BD30B5026A03469B
:10179000D2E9014084424FF0000002D30123D3601C
:1017A00030BD1874506801305060186A4268541E89
:1017B0000268242505FB042218465C1950F8045BD6
:1017C00042F8045BA042F9D199600120E8E7F0B546
:1017D000064604460F4694460FCE8BB001AD0FC5AA
:1017E0000FCE0FC5216A33684A682B602068A56850
:1017F00022B90223CB6000200BB0F0BDFB0713D54C
:101800000B682426013A06FB02337E0703D41A7CB8
:101810000AB10F23EEE7224603F1240153F8046BCB
:1018200042F8046B8B42F9D1B90741BF226A536871
:1018300003F1FF335360AC4505D2236A002BDAD0A5
:101840000422DA60D7E77A0748BF20603B0701D45B
:101850000120D1E706AB93E80700143484E80700C1
:10186000F6E710B502601A44029B836001294FF02D
:101870000003C26003740375836101D8036210BD65
:1018800024224A43243A841804628350026A8C1E3C
:101890009460026A5360026AD360026A1374026A37
:1018A000022953741EBF036A24301860E7E7182822
:1018B00071F100030ED3B0F5807F71F100030BD3FB
:1018C000B0F5803F71F1000308D3002914BF09204F
:1018D00005207047012070470220704703207047A1
:1018E00037B508294FF000044FF00005CDE9004559
:1018F0000A460AD80146684601F022F9DDE90001EE
:1019000003B0BDE83040FFF7D2BF002003B030BDC8
:1019100003460020884200D170471A5C002AFBD0A1
:101920000130F7E700B1C160704743680360836826
:1019300001338360006AFFF7F5BF08B50268C3682A
:101940009A4205D3006A0821FFF7ECFF002008BD8A
:101950000120FCE738B504460D46FFF7EEFF40B125
:1019600023681B78B5EB531F04D0206A0A21FFF7C8
:10197000D9FF002038BD10B50446FFF7DEFF38B1AF
:1019800023681A78FF2A05D0206A0A21FFF7CAFFC8
:10199000002010BD01332360FBE710B5027D044633
:1019A00032B1FFF7E8FF48B1002323754FF0FF3253
:1019B00020460721BDE81040FFF709BF10BD2DE903
:1019C000F84F04460E4691461D46FFF7B6FF804687
:1019D00028B1A36843B90321206AFFF7A3FF4FF0A2
:1019E00000084046BDE8F88F2268177807F01F0B03
:1019F000BBF11F0F12D12DB3206A18B1037C0BB1BC
:101A00001521EAE701232B70002523686360013567
:101A10002B442360A368013BA360E2E7BBF1170FEF
:101A200014D9ABF11803D9B203290BD801259D4075
:101A3000A94509D3E36805F1010A5244934207D24C
:101A40000821C9E70721C7E70521C5E70025F1E718
:101A50004A460021304601F09BF815B986F800B0DF
:101A6000D2E72268711E531913F8010901F8010F1A
:101A70009A42F9D1236A002BC7D01B7C002BC4D01B
:101A80000737FFB2022FC0D949463046FFF728FF7B
:101A90008245BAD015219FE738B50C461146054658
:101AA000FFF758FF08B9002038BD04220023A11811
:101AB0002846FFF784FF0028F5D02B682360F3E762
:101AC00037B5002304468DF80330FFF743FFA8B174
:101AD00004220DF103030DEB02012046FFF76FFF17
:101AE00060B19DF8035065B901992046FFF74DFE9E
:101AF00050B963682360A3680133A360002003B07A
:101B000030BD6FF00F01F0E72575F8E738B50446F2
:101B10000D46FFF7C1FF48B12268E3689B1A6A6867
:101B20009A4204D908212046FFF7FFFE002038BD65
:101B300038B504460D46FFF7E9FF18B123686A6817
:101B40001344236038BD70B50D4600210446164687
:101B5000FFF700FF38B13246294620460023BDE892
:101B60007040FFF72CBF70BD0422FFF7ECBFFFF7FA
:101B7000FBBF0222FFF7DCBF0322FFF7D9BF10B57E
:101B800005210446FFF79CFF50B1237D4BB9A368A4
:101B90006FF00042934205D305212046FFF7C5FEB2
:101BA000002010BD5B00A360FBE7037D23B98068C4
:101BB000B0FA80F0400970470368C268934205D2CA
:101BC0001878A0F1FF035842584170470020704731
:101BD000FFF7E3BE70B50D4607210446FFF7BAFED6
:101BE00048B123681E7806F01F06182E05D9206A12
:101BF0000A21FFF797FE002070BD0023012229462D
:101C00002046FFF7DCFE0028F5D0182EF4D12B7803
:101C10001F2BF1D815212046FFF787FEEBE737B5DC
:101C20000C460DF107010546FFF7D4FF58B19DF8AA
:101C30000730143BDBB2012B8DF8073006D90A219F
:101C40002846FFF772FE002003B030BD03F0010309
:101C50002370F9E738B50D4606210446FFF77AFEF2
:101C600008B9002038BD0023042229462046FFF78A
:101C7000A6FE0028F5D0A3680133A360F2E7F0B513
:101C80008FB00446FFF759FE00285DD023681D7809
:101C900000220023CDE902236D09234605AA04F1A1
:101CA000200718685968164603C60833BB423246F7
:101CB000F7D118683060062D1CD02A1F0023012A96
:101CC0004FF008028DF804300DEB020198BF01AB14
:101CD00005A8FFF774FE0646002835D0042D3BD03A
:101CE00019D8023D012D21D9059B2360A368013B32
:101CF000A3602AE001A905A8FFF7ACFF20B3059B6C
:101D0000089A934204D30821206AFFF70BFE1BE0D8
:101D10001D786D09CFE7052DE6D1DDE90232B3F17B
:101D2000004F72F1000113D32946EDE7E368216803
:101D3000029A5B1A9A4203D8059B13440593D3E792
:101D400008212046FFF7F1FD002630460FB0F0BD18
:101D5000DB185241CDE902329DF8045025B16FF0F5
:101D60000F020023CDE90223029B07938DF8285030
:101D700005A8FFF71AFF014638B1002DB4D005A819
:101D8000FFF7F9FD0028AFD1DEE705A8FFF777FFE1
:101D90000028EDD1D8E7FFF764BD00B1C1607047FE
:101DA00010B50368C468A34205D3006A0821FFF791
:101DB000F4FF002010BD02F01F0242EA4111197029
:101DC0000368013303600120F4E770B505460E4651
:101DD000104619461446FFF783FD2246431E31463E
:101DE0002846BDE87040F8F7A2BBF8B51746C368AF
:101DF00002689A4204460D4606D3206A0821FFF77E
:101E0000CCFF00263046F8BD9B1A4A689A42F4D8A7
:101E10000E4656F8043B53B104213046FFF760FDEF
:101E20006A6823681344E26803449A42E5D3324661
:101E3000042339462046FFF7C8FF06460028E0D0B5
:101E400020682968884202D06A6800F087FE23680B
:101E50006A6813442360D5E7082A73B513460C4615
:101E600006D9006A0521FFF798FF002002B070BD77
:101E70008E1816F9012C002A0FDA0A4669460C461C
:101E8000B24204D101212246FFF79FFFEEE712F88C
:101E9000015BED4301F8015BF2E70021F3E7134634
:101EA0000A460021FFF791BF07B5042201910DEB0F
:101EB0000201FFF7D1FF03B05DF804FB07B5042270
:101EC00001910DEB0201FFF7EAFF03B05DF804FB9F
:101ED000FFF7F4BF0222FFF788BF0322FFF785BF99
:101EE00007B5CDE900126946FFF7F7FF03B05DF8CB
:101EF00004FB38B50C46054611462046FFF708FDA1
:101F0000214602462846BDE83840FFF7E9BF1F22B8
:101F10000421FFF745BF1F220521FFF741BF1F2204
:101F20000721FFF73DBFFFF7FABF10B50A46097852
:101F30001839072905D9BDE8104001230721FFF70B
:101F400044BF006A1521FFF728FF002010BD07B528
:101F500014318DF807100DF10701FFF7E6FF03B00C
:101F60005DF804FB1FB50024CDE90144069C0094F4
:101F7000FFF777FC04B010BD08B1EFF7B4BC7047B1
:101F8000704740B1C368587810F001001EBF187840
:101F9000B0FA80F040097047EFF31183402383F3D8
:101FA0001288BFF36F8FFEE708B5FFF7F5FF10B596
:101FB000D0E9003433B90020E268537843F00103DC
:101FC000537010BD204698470028F4D00028B8BFB1
:101FD0004042E368FF28A8BFFF201870ECE700F03C
:101FE000D7BD00F0ADBD704710B400F10C04C0E9DE
:101FF000034410BCFBF713BD2DE9F04F89B0DDE9B8
:10200000126705463B46914606A83246059100F008
:10201000B6FBDDE9063405F1140ACDE90234EFF32D
:1020200011844FF0400888F31288BFF36F8F05F1D9
:102030000C0B05994A462846FBF77DFC30B184F32A
:102040001188BFF36F8F09B0BDE8F08F3E43F6D023
:10205000DDE9022306A800F0B6FBDDE906675A4673
:10206000CDE9006721465046F9F73DF9EFF31184B9
:1020700088F31288BFF36F8FDBE738B50446EFF3C0
:102080001185402383F31288BFF36F8FFBF70AFC9F
:1020900004F10C0000F0FFFA30B1294604F11400FD
:1020A000BDE83840F9F78FB985F31188BFF36F8F1A
:1020B00038BD4169836843EA010212F003020FD17F
:1020C000C2600269013A01FB023382689A4201D977
:1020D00000207047C2681A604269C3609B1AF4E727
:1020E0006FF015007047F8B504460D46EFF3118602
:1020F000402383F31288BFF36F8FC76877B900F06E
:10210000A7FA58B1C0F89C70456100F042FA314618
:1021100004F10800BDE8F840F9F755B9E3682B6011
:10212000A369E560013BA36186F31188BFF36F8F5C
:10213000F8BD08B54024EFF3118384F31288BFF390
:102140006F8FFCF749F9F6E790F90E308B4201D01A
:10215000F9F7F5B80020704703460020C3E90200F4
:10216000C3E9003370472DE9F843994604469DF8CA
:1021700020300D46904600F10806EFF3118740220B
:1021800082F31288BFF36F8F03B14568304600F0C9
:102190005FFA60B10023C0F89C30C0F8148000F0F2
:1021A000F8F930463946F9F70EF900200CE0B9F19C
:1021B000000F1BD00821F9F74CFC38B987F31188C0
:1021C000BFF36F8F6FF00B00BDE8F8830122C0F8FA
:1021D00004800260016801F003015DB922680A43CE
:1021E0000260626820606AB960600BE0C8F8009025
:1021F0004046EFE72A68032A10D80160616839B9C0
:10220000C4E90000042104F1100000F043FBC8E71A
:102210000A6802F0030202430A60E5E722F00302C3
:102220000A4302602A6802F0030240EA02032B60BC
:10223000E8E710B5044630B10268930703D044685C
:1022400009B100F054FB204610BD0023C0E9003363
:1022500000F10803C0E9023300F11003C0E90433C0
:10226000704707B50123009300230A461946FFF77C
:102270007AFF03B05DF804FB07B500230A4600931C
:102280001946FFF770FF03B05DF804FB00680021FA
:10229000FFF7CFBF5AB18A4209D300F11003C0E95A
:1022A0000212C0E90000C0E90433002070476FF05B
:1022B00015007047026801238B4022EA0303036084
:1022C00022FA01F000F001007047704710B50321B9
:1022D00004460C30FFF7EEFF30B104F1100000F0BF
:1022E00033FAB0FA80F0400910BD20B10022114647
:1022F000A83000F006BA704770B5C368C3F3400653
:102300009B07044616D4856802210C30FFF7D2FFE4
:1023100080B1D5F8A0206AB194421DD122689EB93F
:10232000D5F8A430C5F8A0209C4201D1C5F8A4205E
:1023300000232360E36813F01F001EBF43F0020375
:10234000E36040F0020070BD3260D5F8A4209442F2
:1023500008BFC5F8A460EBE716461268DBE773B563
:102360000446EFF31185402383F31288BFF36F8F88
:102370000023A0F11006032104380193FFF79AFF10
:1023800028B1A369019301A93046F8F7C4FC85F38D
:102390001188BFF36F8F02B070BD38B504460D468B
:1023A0001022002100F0F4FB656038BDEFF31183CB
:1023B000402282F31288BFF36F8FC06800F01F00C5
:1023C00083F31188BFF36F8F704713B501900846F0
:1023D000EFF31184402383F31288BFF36F8F01A9B9
:1023E000F8F799FC84F31188BFF36F8F02B010BD2A
:1023F00010B5FFF7EAFF041E08DDEFF3118040235C
:1024000083F31288BFF36F8FF9F70DF8204610BDE4
:1024100070B50D46EFF31186402383F31288BFF3A6
:102420006F8FF8F7D2FC044686F31188BFF36F8FE5
:1024300038B14FF0FF324FF0FF3305F11000F8F7DD
:1024400048FB204670BD10B5EFF31184402383F3A1
:102450001288BFF36F8FFFF74FFF84F31188BFF32C
:102460006F8F10BD08B5C022002100F091FB08BDA0
:1024700038B5302204460D46002100F089FB4FF4A8
:1024800080736560E36038BD38B50446EFF31185AD
:10249000402383F31288BFF36F8FFFF717FF2046A7
:1024A000FFF72AFF85F31188BFF36F8F38BDF8B5AA
:1024B00004460D46EFF31186402383F31288BFF3E1
:1024C0006F8FC36803F01F03002B14BF0127002781
:1024D00005D186F31188BFF36F8F3846F8BDFFF73B
:1024E000F5FE2046FFF708FF29462046F8F7F5FBE2
:1024F00086F31188BFF36F8F0028EED04FF0FF32C4
:102500004FF0FF3305F10800F8F7E3FAE5E7EFF3E2
:102510000580003818BF01207047F8F766BFD0E982
:10252000003213605A600023C0E90033704708B5D9
:10253000FFF7F5FF437B23F002034373002383601F
:1025400008BD38B504460D46F8F7D7FD637B43F068
:1025500002036373E5B1A5602B689D4209D16B68E6
:10256000C4E900531C606C6012E06A689A42F6D0BD
:102570001B68002BF3D094F90E2093F90E108A42B9
:10258000F3D09142F1DD5A68C4E9003214605C6016
:1025900038BD10B5EFF31184402383F31288BFF3E5
:1025A0006F8FF8F7C2FD84F31188BFF36F8F10BDF2
:1025B00010B50446183000F0C7F8EFF3118140233E
:1025C00083F31288BFF36F8F627B12F0100204D086
:1025D00081F31188BFF36F8F10BD2046BDE8104016
:1025E000F8F7D7BD08B5EFF31181402282F31288C6
:1025F000BFF36F8F83680BB1FFF799FF81F31188E9
:10260000BFF36F8F08BD38B50446EFF31185402343
:1026100083F31288BFF36F8F437B13F0280F0BD126
:1026200083680BB1FFF783FF637B51B903F0FB03B2
:1026300063732046F8F779FD85F31188BFF36F8F38
:1026400038BD03F0EB03F3E701211838FFF7DBBFD8
:1026500038B5EFF31185402383F31288BFF36F8FF2
:102660000468A0420DD034B12046FFF760FF04F1AA
:10267000180000F069F885F31188BFF36F8F2046CA
:1026800038BD0024F7E710B5FFF7ACFFBDE81040F8
:10269000183000F059B838B504680546AC424FF020
:1026A000000000D138BD002CFCD02046FFF7EBFF26
:1026B0002046FFF76EFF2C680120A542F1E7EFF3FB
:1026C0001181402282F31288BFF36F8F027BD20701
:1026D0000CD581F31188BFF36F8F002383F311882A
:1026E000BFF36F8F0423184602DF7047437B1B073D
:1026F00004D581F31188BFF36F8F70470122F8F77B
:1027000048BD38B5EFF31185402383F31288BFF33A
:102710006F8F0468A04213D0A4B1C4F89C1062610A
:102720002046FFF704FF04F1180000F00DF82046E2
:10273000F8F7FBFC012085F31188BFF36F8F38BDDC
:102740000020F8E72046F6E710B5EFF311844022A9
:1027500082F31288BFF36F8F03683BB1F9F715F866
:10276000002084F31188BFF36F8F10BD6FF0150048
:10277000F7E708B5F9F727F908BDF9F724B9B3F178
:10278000FF3F08BFB2F1FF3F70B504461D46164635
:1027900013D01A4315D06FF00102921B4FF0FF3394
:1027A00063EB0501002904DAF9F70DF9821941EB11
:1027B0000501C4E90021204670BD4FF0FF321146EB
:1027C000F7E70022FBE7B3F1FF3F08BFB2F1FF3F9D
:1027D000F8B5074616461C4610D054EA020311D03D
:1027E000F9F7F1F8B0420A46A14103460AD2F31ABA
:1027F00064EB0204C7E900343846F8BD4FF0FF33FC
:102800001C46F7E70023FBE72DE9F0418468054605
:102810000E46ECB16378012B25D114F8533C9A078E
:1028200014D5A4F160073846FFF72DFF082E0CBF22
:102830006FF003030023E36314F8533CDB0605D178
:1028400054F8483C13B93846FFF7A3FE0023237021
:10285000EB68C3F386321643002066F39433A86016
:10286000EB60BDE8F081022BF0D12378002BEDD096
:1028700054F8048CB8F1000FE8D004F11400FFF70D
:1028800063FFA4F114070023E36239464046FFF7D3
:102890009CFDDBE710B50346EFF31184402282F381
:1028A0001288BFF36F8F0068834208D0D0E90032EE
:1028B00013605A600023C0E90033FFF7A5FF84F3DB
:1028C0001188BFF36F8F10BD0432D3B5044608D210
:1028D00000260027CDE9006741F00401FFF78CFBDB
:1028E00010B9002002B0D0BD40F8044BFAE720B187
:1028F000011F50F8040CFFF7C0BB704710B5013939
:102900000244904201D1002005E0037811F8014F04
:10291000A34201D0181B10BD0130F2E710B50446E8
:1029200014F8013BA3F14102192A11F8012BA2F17D
:10293000410098BF2033192803D82032981AEFD0CD
:1029400010BD981AFCD1002AEAD1F9E710B56AB196
:102950000139841810F8012B11F8013F9A4203D174
:10296000A04201D0002AF5D1D01A10BD1046FCE7D4
:1029700010B50139044632B111F8013F00F8013BAE
:10298000013A002BF7D1002100F002F9204610BDDA
:102990000A7870B56AB970BD9A4209D10C460546ED
:1029A00014F8013F002BF6D015F8016F9E42F7D0C6
:1029B00001300378002BEFD11846ECE7F0B5044660
:1029C00008B9146844B1204614F8015B0F4617F8A3
:1029D000016B1EB965B91560002005E0B542F6D15E
:1029E000002BF0D114600370F0BD1C460CE015B94B
:1029F00014F8013B0E4616F8015BAB42F7D1002BF1
:102A0000F3D0002304F8013C1460EDE70123FFF745
:102A1000D5BFF0B5C3F137070446FFB203F01F037B
:102A20001046082BE6B233D0102B3ED06508A40820
:102A300044EA817445EAC1752D194FEA910242EBCF
:102A40005102290941EA02716D1842EB1212290A5A
:102A500041EA02616D1842EB1222290C41EA02415F
:102A60006D1842EB1242AD1842F10002EC0844EA44
:102A70004274D10804EB8402A6EB4205EDB2092DA5
:102A80000CD90134A5F10A0541F10001EDB212E0C3
:102A9000E40844EA417406F00705C908303554EAF1
:102AA000010200F8015BBCD1F0BD240944EA0174C5
:102AB00006F00F050909092D84BFED19EDB2EDE708
:102AC00010B50C4600F079F80028A2BF2368013346
:102AD000236010BDBDF8001068B111F0100F01D0D7
:102AE0000270704711F0080F02D0C0E90023704750
:102AF0004B0701D5026070478B06FBD502807047FB
:102B000010B5144600F08BF80028A2BF236803F12B
:102B1000FF33236010BD70B505460E46314628468A
:102B2000FFF7CEFF041E09DB202CF7D0A4F1090328
:102B3000042BF3D932462946FFF7E2FF204670BD49
:102B40000A44914200F1FF3300D1704710B511F8EB
:102B5000014B03F8014F9142F9D110BD884210B5E5
:102B600001EB020402D98442234607D8431EA14246
:102B700008D011F8012B03F8012FF8E702440146B1
:102B80008A4200D110BD13F8014D02F8014DF7E75C
:102B900002440346934200D1704703F8011BF9E752
:102BA000C9B20346184613F8012B12B18A42F9D173
:102BB0007047002918BF0020704710B58378DB07E5
:102BC000044617D54FF00002D4E85F3FC4E8512F08
:102BD0000029F9D19BB213B1581EC0B20CE0A36812
:102BE00098470028F9DAA378013014BF082204229C
:102BF0001343A3704FF0FF3010BD026903461078F5
:102C000010B101321A6170476FF001007047D1E9CD
:102C1000043293421EBF5A1C0A61187070478B78A9
:102C2000DA0702D44FF0FF307047431CFAD0BFF3ED
:102C30005B8FC0B2431CD1E85F2F002A04D1C1E8EA
:102C40005C3FBCF1000FF6D1BFF35B8FEAD18B780C
:102C500023F008038B70704700000148006870473C
:102C6000000030330020A860FE7F01000000150B3B
:102C7000020000000000356102006C1F03005D9A35
:102C8000020000000000819A020000000000B96804
:102C90000200801F03006185020000000000C305E0
:102CA00003000000000087FF0200A81F0300116658
:102CB0000200941F0300D96D0200BC1F0300FD63D6
:102CC0000200000000007576020000000000C9212B
:102CD0000200000000000909020000000000D98580
:102CE000020000000000A99D020000000000830215
:102CF0000300F81F03000D670200D01F03005D7979
:102D000002000C20030083020300E41F0300E12102
:102D1000020000000000410B020000000000791DCD
:102D2000020000000000854E03008C2A03009C2A4C
:102D30000300B308002010380020CD4E0300E42A21
:102D40000300FC2A0300BB080020D8380020944E62
:102D5000030000000000B82A0300B5080020643812
:102D60000020A44E030000000000C02A0300B708A2
:102D7000002000000000E34E0300202B0300402B46
:102D80000300BD080020C8060020B34E0300000069
:102D90000000C82A0300B908002000000000F14E1E
:102DA00003004C2B0300FC2B0300BF080020D006BF
:102DB0000020FE4E0300A42B0300FC2B0300C108DF
:102DC000002040070020314F030000000000042CC9
:102DD0000300C3080020F4380020D9050300DF07F2
:102DE00003000000000009D602000000000009D620
:102DF00002000000000009D6020055970200DF071C
:102E000003000000000009D6020035920200DF072F
:102E100003000000000009D602000000000009D6EF
:102E200002000000000009D602000000000009D6E0
:102E300002000000000009D602000000000009D6D0
:102E4000020064380020816602000000000009D6FC
:102E500002000000000009D602000000000009D6B0
:102E6000020000000000057702000000000009D603
:102E700002000000000009D602000000000009D690
:102E800002000000000009D602000000000009D680
:102E900002000000000009D602000000000009D670
:102EA000020000000000C98502000000000009D6F1
:102EB00002000000000009D602000000000009D650
:102EC00002000000000009D602000000000009D640
:102ED00002000000000009D602000000000009D630
:102EE00002000000000009D602000000000009D620
:102EF000020065970200DF0703000000000009D60A
:102F000002000000000009D602000000000009D6FF
:102F10000200050000009D460200000000000600BF
:102F20000000A56002000000000004000000614AEB
:102F300002000000000035DC01005DDC0100000043
:102F40000000000000000000000000000000000081
:102F5000000099210200911E020000000000000004
:102F600000000000000000000000000000002C290C
:102F7000030008000000CC290300070000004824DB
:102F800003000D0000005427030004000000911707
:102F900002003D1C02002120020000000000000091
:102FA0000001000000020000000400000008000012
:102FB0000010000000200000004000000080000021
:102FC000001B00000036B24F030000010000F401B6
:102FD000FA00960064004B0032001E0014000A0044
:102FE00005000200010001000100000101000001D4
:102FF0000001000001000100000001000B000200C0
:103000000A00050009000A000800140007001E005D
:103010000600320005004B00040064000300960027
:103020000200FA000100F40100000C0802170D0173
:103030000102090901010602091818030101090921
:1030400003030503020123020224091004040505F9
:103050000B0B040B2B1B1B151A1A1C021D16130538
:1030600001490D150500A301B103BF05EF02490693
:10307000A309C505F50B25120E021C045A03B4065C
:103080003006600C0000010000001011004000003C
:103090000000000000000000000000000000040626
:1030A000080A0C0E10121416181C1E2022242628A2
:1030B0002A2C2E30323436383A3C3E404244464880
:1030C0004A4C4E021A500000000028000000180070
:1030D000000000000000141E00003011000000007D
:1030E0002CA6E0A100003408E803000000007017DF
:1030F0000000A00F00000000DC05E8030000000055
:103100000000141E00003011000000010302D8EC82
:10311000F0F4F8FC000203040506070800000000B4
:10312000000000000000000000000000000000009F
:103130000101010102020202030303030404040467
:103140000505050506060608090000000000000048
:10315000000000000000000000000000000101016C
:10316000010202020203030303040404040505052B
:103170000506060708090A0B0C0D060808010206D9
:1031800000100200FA00000000009BBC0100A7BC78
:103190000100ABBC0100B3BC0100B7BC01000600DC
:1031A000090000002A000600060000009001060049
:1031B000060000009001000000000338FDD87047B1
:1031C000000096340300434903009D3403000000CF
:1031D000000001000000401F0000803E00000000D1
:1031E00000000000000001000000A0000000F0004E
:1031F00000000000000096340300434903009D34A2
:1032000003004C2D0300B1F8020000000000A208EA
:10321000002000000100482D03000DFB020000000B
:103220000000100500200000010091080020DDBE14
:10323000020000000000623D002000000100442D5B
:10324000030003F902009D560200F804002000006C
:103250000300402D03000DFB020000000000F004FD
:1032600000200000010080080020DDBE02000000F8
:103270000000623C0020000001003C2D03000DFB1B
:10328000020000000000E8040020000001006F08B8
:103290000020DDBE020000000000623B00200000B4
:1032A0000100382D03000DFB020000000000E004C7
:1032B0000020000001005E08002000000000DDD3B7
:1032C00001000000000000000200342D03000DFB8F
:1032D000020000000000D8040020000001004D089A
:1032E0000020DDBE020000000000623A0020000065
:1032F0000100302D030003F902009D560200C004B6
:10330000002000000300054103000E410300743E4D
:1033100003001941030096340300434903009D3420
:103320000300801F030013000000801F030018002B
:1033300001001146030085654525154603006545D6
:10334000250518460300452505001B46030005001A
:1033500000007F3A03002202080E3C001A3152009E
:103360001A339A001A351D011A376B003B31BE0023
:103370003B335E013B3596023B3707A90225708837
:103380009B88070400090805400809104008080543
:1033900040081D0400081D040008405C0000A05CFB
:1033A0000400C06C0800805C0400E03F1E00E07D6B
:1033B0001E0009000000000000000000000000C026
:1033C0000000D01F03000100000000C00000000248
:1033D0000000D01F03000200000000C000000060D9
:1033E0000300D01F03000300000000C20000005EC5
:1033F0000300D01F03000400000000C20000005EB4
:103400000300D01F0300050000000020040000603E
:103410000300D01F030006000000008007000060CA
:103420000000D01F03000700000000E007000010AC
:103430000000D01F03000800000000F0070000108B
:103440000000D01F0300000000200000000000006A
:103450000B0602000000A0260300000000006E4BD7
:1034600003002400020200000020764B03001E002F
:103470000B11950902000000000081D602004914DA
:1034800002002D16020000000000A9190200000031
:10349000000000000000000000000000000000002C
:1034A0000000000000000000000015190200151DBA
:1034B0000200151D020000000000000000000000D6
:1034C00000000000000000000000000000000000FC
:1034D00000000000000000000000FD1C02000000D1
:1034E0000000000000000000000000000000491C77
:1034F000020000000000B826030048270300000671
:103500000000709D0020E54C0300000000009A2D93
:103510000300B1F8020000000000124D030000009B
:103520000100962D03000DFB0200000000000006C4
:10353000002000000100F04C030000000000D11E3C
:1035400002000000000000000200922D030003F9B9
:1035500002009D560200E805002000000300B82686
:103560000300B0270300FB010000F0B50020B826DF
:103570000300C02703002E0000005CBE0020B82618
:103580000300D0270300020100003CBF00200E030F
:103590000000A93002000F040000E53002001A010B
:1035A00000000BDF020005040000FD2202001301F1
:1035B000000049E00200FF010000752302003E0107
:1035C000000095230200050400004FDF02001001F7
:1035D00000008FDF020001120000293002000A1EE5
:1035E000000067E3020003090000E3E00200040BAF
:1035F000000097DF0200060A000055E20200070AF9
:10360000000077DF02000C050000A3E10200B826ED
:10361000030060280300020100005CC00020B826FF
:1036200003007028030000000000B8C30020B82683
:10363000030080280300FB010000E0C3002035EAFE
:10364000020063EA02000000000000000000000029
:1036500000002FEC0200000000000000000000004D
:103660000000000000000202010051F50200040405
:1036700001006553020006060100A552020008047D
:103680000100AD5102000A02010039F502000C04EC
:10369000010021F502000E04010081500200200407
:1036A0000100E54F020010040100F54E0200120275
:1036B000010061F402001604010013ED020018017C
:1036C000010093F102001E000400F3F50200520213
:1036D000000087F40200B826030028290300FD013A
:1036E0000000B4D00020CA2D0300B1F80200000091
:1036F0000000C62D030000000100C22D03000DFBD9
:103700000200000000009006002000000100BA2D19
:1037100003000000000000000000000000000000A6
:103720000000B62D030003F902009D560200980622
:10373000002000000300B22D03000DFB020000007A
:1037400000008806002000000100AA2D03006FF889
:103750000200F1F902000000000000000300A62DA5
:1037600003000DFB020000000000800600200000A6
:1037700001009E2D0300A55A020000000000000079
:10378000000000000100F62D0300B1F80200000067
:103790000000F22D030000000100EE2D03000DFBE0
:1037A000020000000000C006002000000100E62D1D
:1037B000030033F8020000000000000000000000D9
:1037C0000100E22D03000DFB020000000000B8061E
:1037D000002000000100DA2D0300F9F702000000CC
:1037E00000000000000000000100D62D03000DFBCA
:1037F000020000000000B006002000000100CE2DF5
:103800000300C3F7020000000000000000000000F9
:1038100001000000000000000000000000000000A7
:10382000000000000000D9FD0200000000000000C0
:1038300000000000000000000000F1600200C16014
:103840000200000000006D620200ED610200C9612B
:1038500002007BFF02008D610200F9FE02005BFFA7
:1038600002000000000095FE0200000000000000C1
:103870000000B9650200116502008BFF0200000024
:103880000000130003003D6802003967020005676D
:103890000200F56602000400000000FF0000FFFFC8
:1038A000FFFF00000050000000000000000000606A
:1038B0000040000000003D690200FD0003000B0114
:1038C0000300230103002F0103003B010300B96A39
:1038D00002005501030000000000242B030000201B
:1038E0000040302B030001000000382B03000200D1
:1038F0000000050000000B000001296D02005D6D55
:1039000002004D6D02000030024001000000000086
:1039100000FF00FF000000000000000000010100A7
:103920000000D70103007C2B0300FFFFFFFF000016
:1039300000000000000000300240882B030001005E
:103940000000902B0300030000001000000414008E
:10395000000512000006801F030011000100004056
:10396000004000000000000000FF00FF0000000019
:1039700000000000000101000000CD010300D42B75
:103980000300FFFFFFFF00000000000000000040F8
:103990000040E02B030001000000E82B03000300BF
:1039A0000000040000040600000507000006801F58
:1039B000030003000000E96F02005F020300B1781A
:1039C00002000504030029040300020000000500B2
:1039D0000000B41E0300B41E03000C1F03001C1FD4
:1039E00003005C1F03006C1F0300512563FCC2CA67
:1039F000B9F3849E17A7ADFAE6BCFFFFFFFFFFFFF8
:103A0000FFFF00000000FFFFFFFFAAAAAAAAAAAAC0
:103A1000AAAAAAAAAAAA5555555555555555555558
:103A200055550000000055555555522563FCC2CA36
:103A3000B9F3849E17A7ADFAE6BCFFFFFFFFFFFFB7
:103A4000FFFF00000000FFFFFFFF512563FCC2CA1B
:103A5000B9F3849E17A7ADFAE6BCFFFFFFFFFFFF97
:103A6000FFFF00000000FFFFFFFF96C298D8453916
:103A7000A1F4A033EB2D817D0377F240A463E5E64A
:103A8000BCF847422CE1F2D1176BF551BF376840C3
:103A9000B6CBCE5E316B5733CE2B169E0F7C4AEBE6
:103AA000E78E9B7F1AFEE242E34F4B60D2273E3CFB
:103AB000CE3BF6B053CCB0061D65BC86987655BD9E
:103AC000EBB3E7933AAAD835C65AFCFFFFFFFFFFD6
:103AD000FFFFFFFFFFFF00000000000000000000EC
:103AE000000001000000FFFFFFFF000002290000AE
:103AF000032800000328000003280000032800001A
:103B00000229000003280000002800009859985955
:103B1000EA518E421E45142E0080EA51F4283233B9
:103B2000E03A703DE03AC235842BC2353233C235BB
:103B3000C235AE47E03A5038A230503887008D0089
:103B40000A00160001000600010002000000022920
:103B5000000003280000002800002A2B00002A2B68
:103B6000000003280000292B0000292B0000032857
:103B7000000002290000052A0000052A0000032891
:103B800000000118000000280000042A0000042A98
:103B9000000003280000012A0000012A0000032879
:103BA0000000002A0000002A00000328000000187E
:103BB0000000002877C295F360D2EF7F3552500F96
:103BC0002CB67980756E736574004D4355626F6FC6
:103BD0007420636F6E6669726D2072633D25640A9E
:103BE000004D4355626F6F7420636F6E6669726D2E
:103BF000206661696C65642C20636F6E74696E75F4
:103C0000696E673A2025640A00416E63686F72200E
:103C1000626C7565204C4544204750494F206E6FBB
:103C2000742072656164790A00416E63686F722066
:103C3000626C7565204C454420636F6E66696775DC
:103C40007265206661696C65643A2025640A0041EA
:103C50006E63686F7220555742206272696E677595
:103C600070207374617274696E67206265666F722A
:103C70006520636F6E74726F6C20706C616E650A84
:103C80000050657273697374656420726F6C65208F
:103C90006E6F726D616C697A65206661696C6564CE
:103CA0002076616C69646174696F6E3B206B656539
:103CB00070696E672072756E74696D652066616CDF
:103CC0006C6261636B206D6174726978206F6E6CD9
:103CD000790A0050657273697374656420726F6C41
:103CE00065206E6F726D616C697A65207772697498
:103CF00065206661696C65642072633D25643B20C4
:103D00006B656570696E672072756E74696D65208C
:103D100066616C6C6261636B206D6174726978209E
:103D20006F6E6C790A0050657273697374656420F4
:103D30006D617374657220726F6C65206E6F726D49
:103D4000616C697A656420746F206D617472697842
:103D5000206F6E20626F6F742067656E3D256C75F5
:103D60000A00616E63686F725F636F6E66696720D9
:103D7000696E76616C69642F616273656E7420612F
:103D800074203078253038782C207573696E672060
:103D90006275696C642D74696D652066616C6C6216
:103DA00061636B0A00496E76616C69642041505012
:103DB0005F414E43484F525F524F4C453D25750A77
:103DC00000616E63686F722D667265657A652D633A
:103DD0006C65616E2D323032363037313600414EEF
:103DE00043484F523A20756E69666965643B2046C8
:103DF000573A2025733B20414E43484F525F494478
:103E00003A2025633B20524F4C453A2025733B20F6
:103E100042535F434F44453A2025733B2044455667
:103E20004943455F555549443A2025733B204D434E
:103E3000555F5549443A2025730A00416E63686F07
:103E4000722061707020726561647920616E6368B0
:103E50006F725F69643D257520726F6C653D2573D7
:103E6000206D61737465723D257520616C6C6F7790
:103E70005F7461675F706F6C6C733D25752063665E
:103E8000675F76616C69643D25750A00616E6368E1
:103E90006F725F626C655F69645F737461727420D6
:103EA0006661696C65643A2025640A00616E636826
:103EB0006F725F626C655F6374726C5F696E697468
:103EC000206661696C65643A2025640A00616E634E
:103ED000686F725F6D63756D67725F646961675F5C
:103EE000696E6974206661696C65643A2025640AAC
:103EF00000756172745F726F6C655F73776974636C
:103F0000685F696E6974206661696C65643A202532
:103F1000640A0073657269616C20636F6E6669671D
:103F200020626F6F742077696E646F773A20257511
:103F3000206D730A00616E63686F725F626C655F0B
:103F400069645F7570646174655F726F6C6520662B
:103F500061696C65643A2025640A00416E63686F8C
:103F60007220696E20756E61737369676E65642F68
:103F7000756E736574206D6F64653A20636F6E743F
:103F8000726F6C20706C616E652061637469766518
:103F90002C2072616E67696E67206E6F7420737477
:103FA00061727465640A00496E76616C696420729E
:103FB000756E74696D6520726F6C653D25750A00BC
:103FC000416E63686F72206D6173746572206175F4
:103FD000746F207363686564756C65202563206D5C
:103FE0006F64653D257520706565725F636F756EE2
:103FF000743D25750A0073735F7477725F616E6339
:10400000686F725F696E69745F7374617274206641
:1040100061696C65643A2025640A00416E63686FCB
:1040200072206D61737465722066696E69746520B3
:104030007377656570206175746F2D726574757224
:104040006E20746F206D617472697820616674658A
:104050007220256C7520736574730A00416E636865
:104060006F72206D61737465722072616E67696E24
:10407000672073746F707065643B20636F6E747239
:104080006F6C20706C616E652072656D61696E7316
:10409000206163746976650A0073735F7477725F79
:1040A000726573705F7374617274206661696C65A8
:1040B000643A2025640A00416E63686F722072655D
:1040C00073706F6E6465722072616E67696E6720CF
:1040D00073746F707065643B20636F6E74726F6C85
:1040E00020706C616E652072656D61696E73206110
:1040F00063746976650A00416E63686F7220657843
:10410000706C6963697420444655206D6F64652046
:10411000656E746572656420616E63686F723D25BB
:104120006320726F6C653D25730A004F4B20444637
:10413000555F524541445900416E63686F72206576
:1041400078706C6963697420444655206D6F6465AE
:10415000206C656176696E6720666F722072756E7D
:1041600074696D6520726F6C65207377697463681C
:104170000A00416E63686F722072756E74696D65B6
:1041800020726F6C652025732073746F7070656486
:1041900020776974686F7574206E657720726F6C14
:1041A000653B2072657374617274696E6720736118
:1041B0006D6520726F6C650A0052756E74696D656D
:1041C00020726F6C652073776974636820696E76FE
:1041D000616C696420726F6C653D25750A00416EE3
:1041E00063686F722072756E74696D6520726F6C92
:1041F0006520737769746368206170706C696564A9
:104200003A20616E63686F723D256320726F6C6542
:104210003D25730A00616E63686F725F626C655F53
:1042200069645F7570646174655F726F6C65206648
:1042300061696C65642061667465722072756E7464
:10424000696D65207377697463683A2025640A0094
:104250006D617374657200726573706F6E64657200
:1042600000303132333435363738394142434445F2
:104270004600425325303458004E2F4100414E43F2
:10428000484F522D25632D257300414E43484F5210
:104290002D256300616E63686F7220424C45206972
:1042A000642062745F656E61626C65206661696C32
:1042B00065643A2025640A00616E63686F7220426B
:1042C0004C452069642061647620737461727420A7
:1042D0006661696C65643A2025640A00616E6368F2
:1042E0006F7220424C4520696420616476207374AB
:1042F000617274656420616E63686F723D2563202E
:10430000726F6C653D25752062735F636F64653DF8
:10431000257320696E743D25752D2575206D730AF2
:1043200000616E63686F7220424C452069642061B1
:10433000647620726F6C65207570646174652066A8
:1043400061696C65643A2025640A00616E63686F78
:104350007220424C45206964206164762072657346
:1043600074617274206661696C656420726F6C653B
:104370003D2575206572723D25640A00616E636893
:104380006F7220424C452069642061647620696E1A
:1043900074657276616C206368616E676520646520
:1043A00066657272656420726F6C653D2575206567
:1043B00072723D25640A00616E63686F7220424C20
:1043C000452069642061647620726F6C6520757089
:1043D000646174656420726F6C653D2575206C6F37
:1043E000775F6E6F6973653D25750A004D004D411D
:1043F0005452495800524553504F4E44455200556F
:104400004E53455400554E41535349474E45440081
:104410004552523A494E56414C49445F434F4E46ED
:104420004947004552523A4352435F4D49534D412B
:10443000544348004552523A57524954455F464109
:10444000494C00616E63686F7220424C4520637472
:10445000726C20726573756C74206E6F7469667906
:10446000206661696C65643A2025640A004346470A
:1044700020736368656D613D25752067656E3D2518
:104480006C75206C6162656C3D256320726F6C6594
:104490003D25732076616C69643D257520666C61ED
:1044A00067733D257520757569643D257300535408
:1044B0004154452066773D25732062733D25732066
:1044C000757569643D2573206C6162656C3D25637B
:1044D00020726F6C653D2573206366675F76616C43
:1044E00069643D257520627573793D257520706579
:1044F0006E64696E675F76616C69643D25752073D3
:104500006368656D613D25752067656E3D256C7539
:10451000207265626F6F745F726571756972656430
:104520003D2575002072756E74696D655F737769DE
:104530007463685F70656E64696E673D3100636FB8
:104540006D706163740066756C6C006F6666004F19
:104550004B2052554E54494D455F5245535441529C
:10456000545F524551554553544544004F4B2052DA
:10457000554E54494D455F5357495443485F524542
:1045800051554553544544004F4B2053544F505FB1
:10459000524551554553544544004F4B2053544FB9
:1045A000505F49444C45004552523A4241445F43B2
:1045B0004D440048454C50004F4B20434D44533D23
:1045C00056455253494F4E7C50454E44494E472024
:1045D0004C4142454C7C50454E44494E4720524F39
:1045E0004C457C50454E44494E472047454E7C56ED
:1045F000414C49444154457C434F4D4D49547C52B4
:1046000045424F4F547C5458505752203C4D4158CE
:104610007C4D337C4D367C4D31327C504F523E7C4C
:104620005245534554204155544F504F537C5245A9
:1046300053455420524553504F4E4445527C535499
:104640004F507C4446557C53594E437C55533F7CD8
:1046500055534F4E205B5345435D7C55534F464663
:104660007C52554E54494D45203C4D415354455282
:104670007C4D41545249587C524553504F4E44450D
:10468000523E205B464F5243457C53574545502090
:104690004E5D205B4349523D307C434F4D5041437A
:1046A000547C46554C4C5D0055533F00554C54527C
:1046B00041534F554E440055534F4E00554C5452A4
:1046C00041534F554E445F4F4E004552523A42417E
:1046D000445F55535F4455524154494F4E004F4B30
:1046E0002055534F4E206475726174696F6E5F730D
:1046F0003D256C75004552523A55535F425553590A
:10470000004552523A55535F44495341424C454447
:10471000004552523A55535F494E49542072633D09
:10472000256400554C545241534F554E445F4F46FB
:1047300046004F4B2055534F46460056455253496D
:104740004F4E00414E43484F525F46572066773DDB
:1047500025732062733D257320757569643D25734B
:10476000206C6162656C3D256320726F6C653D2530
:1047700073206369723D2573206366675F76616CA1
:1047800069643D257520627573793D2575206361E7
:1047900070733D6F74612C72616E6765257325734C
:1047A00020636F6D706163745F626C653D25752079
:1047B00066756C6C5F6364633D2575004F4B2053D9
:1047C000594E430056414C4944415445004F4B20FB
:1047D00056414C494400434F4D4D495400415050BF
:1047E0004C59004552523A42555359004F4B2043C1
:1047F0004F4D4D4954205245424F4F545F52455101
:104800005549524544004F4B205245424F4F5400AA
:104810005458505752004552523A4241445F5458FE
:10482000505752205052455345543D4D41587C4DB0
:10483000337C4D367C4D31327C504F52004F4B20F3
:1048400054585057522056414C3D307825303858F6
:104850000052554E54494D45004552523A4241444A
:104860005F52554E54494D455F524F4C4500464F9F
:104870005243450052455354415254004552523A16
:104880004241445F52554E54494D455F535745454B
:1048900050004552523A494E56414C49445F525598
:1048A0004E54494D455F5357454550004552523A85
:1048B00053574545505F52455155495245535F4DF9
:1048C0004153544552004552523A4241445F525579
:1048D0004E54494D455F434952004349523D0063A0
:1048E00069723D004552523A4241445F52554E541E
:1048F000494D455F415247004F4B2052554E544958
:104900004D455F414C52454144595F4143544956DE
:1049100045004F4B2052554E54494D455F53574922
:104920005443485F524551554553544544205357CD
:104930004545503D256C7500524553455400415541
:10494000544F504F53004F4B2052455345545F41F5
:1049500055544F504F53205245424F4F54004F4BE8
:104960002052455345545F524553504F4E44455293
:10497000205245424F4F54004552523A554E5355DE
:1049800050504F525445440053544F5000454E54DC
:1049900045525F44465500454E5445525F4F544181
:1049A000004F4B204446555F5245515545535445A1
:1049B00044004552523A494E56414C49445F4C419D
:1049C00042454C004F4B2050454E44494E475F4CAA
:1049D0004142454C004552523A494E56414C494499
:1049E0005F524F4C45004F4B2050454E44494E4777
:1049F0005F524F4C45004552523A494E56414C4940
:104A0000445F47454E004F4B2050454E44494E476A
:104A10005F47454E004552523A00616E63686F72BF
:104A200020424C45206374726C20636F6E6E656328
:104A30007465640A00616E63686F7220424C4520A1
:104A40006374726C20646973636F6E6E6563746502
:104A5000640A004F4B20524541445900616E63681F
:104A60006F7220424C45206374726C2072656164E1
:104A70007920736368656D613D25752067656E3DBE
:104A8000256C750A003031323334353637383941C8
:104A90004243444546004E4F4E45006E6F6E6500E2
:104AA000434F4D50414354004645415455524500F3
:104AB000666561747572650046554C4C00524157ED
:104AC000007261770055533B44495341424C454481
:104AD000004446555F4348554E4B004446555F439E
:104AE00048554E4B5F57524954455F434F4D504CCC
:104AF000455445004446555F535441525445440083
:104B00004446555F50454E44494E47004446555F24
:104B1000434F4E4649524D4544004446555F535419
:104B20004F5050454400494D4147455F534C4F5409
:104B30005F535441544500494D475F4F54484552D7
:104B400000414E43484F525F494D475F48414E44F4
:104B50004C45525F534C4F545F535441544520656C
:104B60006D69747465640A004D43554D47525F4941
:104B70004D475F4556542025730A007075626C6975
:104B8000630072616E646F6D007075626C69632D95
:104B900069640072616E646F6D2D69640030782500
:104BA00030327800253032583A253032583A2530A4
:104BB00032583A253032583A253032583A25303278
:104BC00058202825732900414E43484F525F534DCA
:104BD000505F434F4E4E20636F6E6E656374656425
:104BE00020636F6E6E3D257020706565723D257384
:104BF0000A00414E43484F525F534D505F434F4E62
:104C00004E20646973636F6E6E65637465642063C0
:104C10006F6E6E3D257020706565723D2573207244
:104C20006561736F6E3D3078253032780A00434DF0
:104C3000445F4F5448455200414E43484F525F53E2
:104C40004D505F494E4752455353207265715F6E18
:104C50006F3D256C7520636F6E6E3D25702070650D
:104C600065723D2573206368723D6466755F736D80
:104C7000702068616E646C653D4E41206C656E3DD0
:104C80004E41206F703D2575206772703D3078254C
:104C90003034782069643D3078253032782073656F
:104CA000713D4E410A00414E43484F525F494D47C6
:104CB0005F48414E444C45525F454E544552207426
:104CC0007970653D7374617465207265715F6E6F94
:104CD0003D256C75206772703D3078253034782022
:104CE00069643D3078253032780A00414E43484FA0
:104CF000525F494D475F48414E444C45525F454ED7
:104D000054455220747970653D75706C6F616420F4
:104D10007265715F6E6F3D256C75206772703D30F6
:104D200078253034782069643D3078253032780A2F
:104D300000414E43484F525F534D505F444F4E45E4
:104D400020646F6E655F6E6F3D256C7520636F6EBE
:104D50006E3D257020706565723D25732067727009
:104D60003D3078253034782069643D307825303204
:104D700078206572723D2564207273705F67656E7E
:104D80006572617465643D2575206E6F746966791E
:104D90005F73656E645F72633D756E6B6E6F776E89
:104DA0000A004D43554D47525F534D505F45565491
:104DB000202573206772703D307825303478206963
:104DC000643D25752076616C3D25642072633D2528
:104DD00064206576745F6772703D30782530347872
:104DE0000A004D43554D47525F534D505F45565451
:104DF00020257320286E6F2D617267292072633D14
:104E00002564206576745F6772703D307825303494
:104E1000780A00414E43484F525F534D505F44491A
:104E20004147206E6F74653A2068616E646C652F2F
:104E30007365712F7261775F6C656E20617265209A
:104E40006E6F74206578706F736564206279206D71
:104E500063756D67722063616C6C6261636B204186
:104E600050493B20757365207472616E73706F7268
:104E70007420444247206C6F677320666F72207203
:104E8000617720534D50206672616D6520646574B2
:104E900061696C730A00616E63686F72206D63757F
:104EA0006D677220646961672063616C6C62616325
:104EB0006B7320726567697374657265640A004379
:104EC0004D445F5245435600434D445F5354415453
:104ED000555300434D445F444F4E45004552523AAE
:104EE00025730D0A004F4B2055534F4E20647572A9
:104EF0006174696F6E5F733D25750D0A00455252EE
:104F00003A55535F494E49542072633D25640D0A5A
:104F1000004F4B0D0A004241445F414E43484F52FF
:104F2000004241445F524F4C4500524F4C453F00B8
:104F3000524F4C453A257320414E43484F523A2533
:104F4000632056414C49443A25750D0A00414E43B1
:104F5000484F523A20756E69666965643B20414E40
:104F600043484F525F49443A2025633B20524F4CFF
:104F7000453A2025733B2042535F434F44453A2036
:104F800025733B204445564943455F555549443AAE
:104F90002025733B204D43555F5549443A203078D6
:104FA00025733B20434F4E4649475F56414C494489
:104FB0003A25750D0A0055534F4E200049442000F4
:104FC00025337300524200524F4C45205345542024
:104FD000002531357300414E43484F52205345540C
:104FE0002000434F4E4649472053415645007561C6
:104FF000727420726F6C65207377697463683A20ED
:1050000055415254205258206E6F74207375707041
:105010006F72746564202872633D2564290A004C10
:10502000494E455F544F4F5F4C4F4E47007561727C
:105030007420726F6C65207377697463682064698B
:105040007361626C65643A20636F6E736F6C652088
:105050006E6F742072656164790A00756172745FA5
:10506000726F6C655F737769746368005541525461
:1050700020726F6C65207377697463682072656154
:1050800064792028626F6F745F77696E646F775FF1
:105090006D733D2575290D0A0030313233343536B4
:1050A0003738394142434445460044574D3130304A
:1050B0003143206D696E696D616C20636865636B57
:1050C0002073746172740A007577625F706F727416
:1050D0005F696E6974206661696C65643A20256455
:1050E0000A007577625F706F72745F68775F7265D0
:1050F000736574206661696C65643A2025640A00F2
:105100007577625F706F72745F726561645F64650A
:10511000765F6964206661696C65643A2025640A7B
:1051200000445731303030204445565F49443A20DE
:105130003078253038780A00556E6578706563746C
:105140006564204445565F49442C20776972696E36
:10515000672F5350492F7265736574206C696B65B6
:105160006C792077726F6E670A0044574D3130308A
:1051700031432053504920636865636B204F4B0ACD
:10518000007577625F706F72745F7365745F7370C0
:10519000695F736C6F77206661696C65643A20257E
:1051A000640A006477745F696E697469616C69731D
:1051B00065206661696C65640A007577625F706F6F
:1051C00072745F7365745F7370695F666173742076
:1051D0006661696C65643A2025640A006477745FCF
:1051E000696E697469616C697365204F4B0A00755B
:1051F00077625F7370695F7472616E736665722047
:105200006661696C65643A202564206C656E3D2595
:10521000750A007577625F706F72745F696E69748A
:105220003A2073746172740A007577625F706F72EE
:10523000745F696E69743A207370692062757320B7
:105240006E6F742072656164790A007577625F70B1
:105250006F72745F696E69743A206770696F206E4F
:105260006F742072656164790A007577625F706F90
:1052700072745F696E69743A2069727120636F6E2F
:10528000666967757265206661696C65642025646E
:105290000A007577625F706F72745F696E69743A45
:1052A0002069727120636F6E666967757265640A42
:1052B000007577625F706F72745F696E69743A200F
:1052C000726573657420636F6E66696775726520B9
:1052D0006661696C65642025640A007577625F7099
:1052E0006F72745F696E69743A20726573657420B9
:1052F000636F6E666967757265640A007577625FD1
:10530000706F72745F696E69743A20646F6E650ABB
:10531000007577625F706F72745F68775F72657334
:1053200065743A2073746172740A007577625F70F5
:105330006F72745F68775F72657365743A2061633A
:1053400074697665206661696C65642025640A006D
:105350007577625F706F72745F68775F726573658F
:10536000743A20696E616374697665206661696C60
:1053700065642025640A007577625F706F72745FE0
:1053800068775F72657365743A20646F6E650A00B2
:105390004D617472697820726F772025633A00201E
:1053A00025633D256C75002025633D2D2D00206D66
:1053B0006D0A0056616C69642065646765733A0024
:1053C0002025632D25633D256C75004D4158004D0A
:1053D00033004D36004D313200545850575220732F
:1053E0006574203078253038580A00496E76616C33
:1053F000696420616E63686F72206D617374657299
:1054000020636F6E66696720616E63686F723D2509
:10541000752070656572733D25750A00496E766169
:105420006C6964207065657220616E63686F7220BC
:1054300069643A2025750A00416E63686F72206DB9
:10544000617374657220726561647920616E63684E
:105450006F723D25632825752920616464723D3093
:10546000782530347820706565725F636F756E746F
:105470003D25750A00416E63686F72206D6173741B
:1054800065722066696E6974652073776565702042
:105490006C696D697420256320736574733D256C98
:1054A000750A00545852462063666720616E63682F
:1054B0006F722D696E69743A2054585F504F57458A
:1054C000522030782530386C582D3E3078253038D1
:1054D0006C582054435F504744454C415920307824
:1054E000253032582D3E3078253032580A00416E32
:1054F00063686F72206D61737465722073746F706E
:105500002072657175657374656420666F722025FD
:10551000630A00416E63686F72206D617374657217
:1055200020545820627566666572207772697465CA
:10553000206661696C65640A00416E63686F722061
:105540006D61737465722054582073746172742095
:105550006661696C656420706565723D25750A0039
:10556000416E63686F72206D61737465722073742D
:105570006F702072657175657374656420647572EF
:10558000696E67205258207761697420666F7220B7
:1055900025630A00416E63686F72206D61737465E4
:1055A000722072656A65637420706565723D257549
:1055B00020616464723D30782530347820726177E0
:1055C0003D256C64206D6D206C6173743D256C7598
:1055D000206D6D206F6B3D256C75206661696C3D9B
:1055E000256C7520713D257525250A004D61747265
:1055F00069782025632D256320616464723D3078CD
:1056000025303478207261773D256C64206D6D20E3
:105610006C6173743D256C75206D6D206F6B3D253D
:105620006C75206661696C3D256C7520713D257532
:1056300025250A00416E63686F72206D6173746581
:10564000722074696D656F757420706565723D2593
:105650007520616464723D3078253034782073742D
:10566000617475733D30782530386C78206F6B3DF0
:10567000256C75206661696C3D256C7520713D2532
:105680007525250A00416E63686F72207377656522
:105690007020257520636F6D706C65746520666F72
:1056A000722025630A0053572D2563002C25632C97
:1056B000256C752C257500416E63686F72207377B9
:1056C0006565702073756D6D61727920707265709B
:1056D000617265643A2025730A0053574545505F4F
:1056E000444F4E45206D61737465723D2563207390
:1056F0006574733D256C7520726F6C653D6D6174CA
:1057000072697800416E63686F72206D61737465B1
:10571000722066696E6974652073776565702063B1
:105720006F6D706C6574653A2025730A0054585289
:10573000462063666720616E63686F722D726573C1
:10574000703A2054585F504F5745522030782530DA
:10575000386C582D3E30782530386C582054435FD3
:10576000504744454C4159203078253032582D3E21
:105770003078253032580A006465766963655F6960
:10578000643A20253038780A00401008D8BC1E261C
:105790005626BEBE00000102030400054661696C86
:1057A000656420746F207265626F6F743A20737045
:1057B000696E6E696E6720656E646C6573736C7973
:1057C0002E2E2E0A002A2A2A20426F6F74696E67D5
:1057D000206E524620436F6E6E6563742053444BB7
:1057E0002076322E382E302D6132333836626663A1
:1057F00038343031202A2A2A0A002A2A2A205573CE
:10580000696E67205A6570687972204F532076332D
:105810002E372E39392D3062633333393366623196
:105820003132202A2A2A0A00637C777BF26B6FC50B
:105830003001672BFED7AB76CA82C97DFA5947F093
:10584000ADD4A2AF9CA472C0B7FD9326363FF7CC6F
:1058500034A5E5F171D8311504C723C31896059A0C
:10586000071280E2EB27B27509832C1A1B6E5AA02F
:10587000523BD6B329E32F8453D100ED20FCB15B1A
:105880006ACBBE394A4C58CFD0EFAAFB434D338583
:1058900045F9027F503C9FA851A3408F929D38F557
:1058A000BCB6DA2110FFF3D2CD0C13EC5F9744178E
:1058B000C4A77E3D645D197360814FDC222A908805
:1058C00046EEB814DE5E0BDBE0323A0A4906245C91
:1058D000C2D3AC629195E479E7C8376D8DD54EA9F6
:1058E0006C56F4EA657AAE08BA78252E1CA6B4C6C2
:1058F000E8DD741F4BBD8B8A703EB5664803F60E1B
:10590000613557B986C11D9EE1F8981169D98E9409
:105910009B1E87E9CE5528DF8CA1890DBFE6426822
:1059200041992D0FB054BB16464C4153485F30008F
:105930005352414D5F30006572720067726F75702F
:105940000072630072736E0076657273696F6E0029
:105950003C3F3F3F3E006861736800626F6F746157
:10596000626C650070656E64696E6700636F6E6679
:1059700069726D6564006163746976650070657253
:105980006D616E656E7400696D616765730073703B
:105990006C697453746174757300636F6E666972B9
:1059A0006D000A02040C01171D2568752E25687507
:1059B0002E256875002E257500696D616765006488
:1059C000617461006C656E00736861007570677268
:1059D0006164650005050101010106010101010382
:1059E00002010101030303030103030106066461CD
:1059F0007461206F76657272756E00696D672074D0
:105A00006F6F206C6172676500696D672061646407
:105A100072206D69736D6174636800646F776E677F
:105A200072616465006661207772697465206661E1
:105A3000696C006661206572617365206661696CDE
:105A4000006661206F70656E206661696C006E6F24
:105A500020736C6F74006D61676963206D69736D8D
:105A60006174636800686561646572206D616C666D
:105A70006F726D6564006170702072656A65637431
:105A800000717565727900626F6F746C6F61646527
:105A900072004D4355626F6F74006D6F6465006DE9
:105AA00063756D677220736D700002487C99741184
:105AB000269EAE014ECEFB28782EDA02487C9974E1
:105AC00011269EAE014ECEFB28782EDA0284AA6003
:105AD00074528A8B86D34CB71D1DDC538D00FFFF9B
:105AE000FFFFFFFF00000000000000FFFFFFFFFFBF
:105AF000FF0000000000004254204C572057510086
:105B000002FB349B5F80000080001000000000005A
:105B100000574553545F544F504449522F7A657093
:105B20006879722F7375627379732F626C756574FF
:105B30006F6F74682F686F73742F6863695F636F2A
:105B400072652E630062745F6863695F6576745F77
:105B50006765745F666C616773286864722D3E6563
:105B60007674292026202831554C203C3C202831B1
:105B7000292900415353455254494F4E204641492B
:105B80004C205B25735D20402025733A25640A0074
:105B90006576745F666C6167732026202831554CEA
:105BA000203C3C202830292900414E43484F522DAB
:105BB00055006275660073756363657373000963EE
:105BC0006F6D6D616E64206F70636F6465203078F7
:105BD000253034782074696D656F75740A006572BC
:105BE00072203D3D20300009436F6E74726F6C6C03
:105BF000657220756E726573706F6E736976652C51
:105C000020636F6D6D616E64206F70636F646520DB
:105C10003078253034782074696D656F757420771D
:105C2000697468206572722025640A00425420520B
:105C300058205751000102040101010101020363D0
:105C40006C6F636B40343030303030303000726114
:105C50006E646F6D40343030306430303000656ECB
:105C600074726F70795F62745F68636900666C61FB
:105C700073682D636F6E74726F6C6C657240343034
:105C8000303165303030006770696F40353030300A
:105C900030303030000001020304050607756172E0
:105CA00074403430303032303030007370694034FA
:105CB000303032333030300073706940343030303F
:105CC0003430303000536F66744465766963652004
:105CD000436F6E74726F6C6C657220415353455202
:105CE000543A2025732C2025640A0062745F68638F
:105CF000695F736463003F49F6D4A3C55F3874C914
:105D0000B3E3D2103F504AFF607BEB40B7995899FC
:105D1000B8A6CD3C1ABD4D50534C2041535345526B
:105D2000543A2025732C2025640A004D50534C20F2
:105D3000576F726B000401040304020401040104A0
:105D4000030103030401040000000001000000013E
:105D50000100000101010100000000010202030333
:105D6000030369646C65006D61696E007379737714
:105D70006F726B7100FE2CF96A7F36222EA079C0FB
:105D800040BE2C032040C2F33200FFFFFFFF1F0084
:105D9000647261676F6F6E2F6C6962732F736368D3
:105DA0006564756C696E672F7372632F72656D5FC2
:105DB00068616C5F6576656E745F74696D65722E7F
:105DC0006300286E756C6C29002A666C6F61742AFA
:105DD000006364696E6F70737578585B0000FFFF35
:105DE000FFFFFF1F00001F000000000000005D40DB
:105DF000000000000000FFFFFFFF1F000000BAAB23
:105E0000BABA10101010000000000080004000001E
:105E10000000000000000C0000000000000000FF77
:105E20007F000000000000000000000000000000F3
:105E30000000000000000000000065FB0000000002
:105E40000000779F010000000000559F0100000046
:105E500000007DFB000000000000979F0100000093
:105E60000000000000000000000000000000000032
:105E70000000000000000000000000000000000022
:105E80000000000000000000000000000000000012
:105E90000000000000000000000000000000000002
:105EA00000000000000000000000000000000000F2
:105EB00000000000000000000000000000000000E2
:105EC00000000000000000000000000000000000D2
:105ED00000000000000000000000000000000000C2
:105EE00000000000000000000000000000000000B2
:105EF00000000000000000000000000000000000A2
:105F00000000000000000000000000000000000091
:105F10000000000000000000000000000000000081
:105F20000000000000000000000000000000000071
:105F30000000000000000000000000000000000061
:105F40000000000000000000000000000000000051
:105F50000000000000000000000000000000000041
:105F60000000000000000000000000000000000031
:105F70000000000000000000000000000000000021
:105F80000000000000000000000000000000000011
:105F90000000000000000000000000000000000001
:105FA00000000000000000000000000000000000F1
:105FB00000000000000000000000000000000000E1
:105FC00000000000000000000000000000000000D1
:105FD00000000000000000000000000000000000C1
:105FE00000000000000000000000000000000000B1
:105FF00000000000000000000000000000000000A1
:106000000000000000000000000000000000000090
:106010000000000000000000000000000000000080
:106020000000000000000000000000000000000070
:106030000000000000000000000000000000000060
:106040000000000000000000000000000000000050
:106050000000000000000000000000000000000040
:10606000000000000000000000009002002083B843
:10607000010089B801008BB80100B5B801008FB8E4
:106080000100BFB8010095B80100CBB801009BB872
:106090000100D1B801009DB80100ABB80100AFB854
:1060A0000100A1B80100A7B80100BBB80100C5B844
:1060B00001000000000000000000E9C30100000032
:1060C00000000001000000000000000000000000CF
:1060D00000000000000000000000000000000000C0
:1060E0000000000000000000000095DB020000003E
:1060F000000000010000000000000000000000009F
:10610000000000000000000000000000000000008F
:10611000000000000000000000000000000000007F
:10612000000000000000000000000000000000006F
:10613000000000000000000000000000000000005F
:10614000000000000000000000000000000000004F
:10615000000000000000000000000000000000003F
:10616000000000000000000000000000000000002F
:10617000000000000000000000000000000000001F
:10618000000000000000000000000000000000000F
:1061900000000000000000000000000000000000FF
:1061A00000000000000000000000000000000000EF
:1061B00000000000000000000000000000000000DF
:1061C00000000000000000000000000000000000CF
:1061D0000000000000000000000000000000DD2DB5
:1061E00002000000000000000000000000000000AD
:1061F000000000000000000000000000000000009F
:10620000000000000000000000000000000000008E
:10621000000000000000000000000000000000007E
:10622000000000000000000000000000000000006E
:10623000000000000000000000000000000000005E
:10624000000000000000000000000000000000004E
:10625000000000000000000000000000000000003E
:10626000000000000000000000000000000000002E
:10627000000000000000000000000000000000001E
:1062800000000C200300090000004D3A002001012D
:10629000000034080020FF1800003508002000002E
:1062A00000000000000000000000E9CF0100000035
:1062B0000000000000004D080020000012005E08F1
:1062C000002000000C006F08002000000200800881
:1062D000002000000200000000000000000000009C
:1062E0000000ADBE020000000000000000009108A8
:1062F0000020000012000000000039E00100FFFF54
:1063000003000000000039E20100FFFF0100B9E1D5
:106310000100F9E1010000000000000000000000A1
:1063200000000000000000000000640500200012D2
:106330007A0000010000801F03001100010000002E
:10634000000000127A0000010000801F030011000D
:10635000010000000000C000000085654525C00068
:10636000000085654525F832002015CD0200FC258A
:1063700003000000000077D60200000000000000CB
:10638000000000000000C4260300060001006117A1
:106390000200344C0300414C0300614C03006B4C81
:1063A0000300794C0300874C0300944C03009C4C81
:1063B0000300AB4C030000000000F42603000900BA
:1063C000000081DB0200000000000000000000006F
:1063D0000000F51F02000000000000000000014D59
:1063E00003000000140000000000EBE302000000C6
:1063F00000000000000000000000B52302000000C3
:1064000000000000000000000000A53F02000000A6
:1064100000000000000000000000653B02000000DA
:106420000000000000004806002048060020000090
:1064300000000000000069490200AD5402000000A5
:1064400000000000000000000000614D02009FF30A
:106450000200CBF202005D49020000000000A22D04
:10646000030000000200AE2D030000000A00BE2D54
:1064700003000000200000000000000000000000F9
:10648000000000000000A5F7020000000000D22D6F
:10649000030000000200DE2D030000000200EA2DD0
:1064A00003000000020000C2010000010300000020
:1064B0000000000000009C2B030001000000E0062B
:1064C0000020E00600200000000001000000F006AF
:1064D0000020F0060020F8060020F806002000004A
:1064E000000001000000080700200807002000004D
:1064F000000000000000000000000000000000009C
:10650000000000000000000000000000000000008B
:106510000000E41F03000000000000000000000075
:10652000000000000000F42B0300010000005007F1
:10653000002050070020000000000100000060075C
:106540000020600700206807002068070020000086
:1065500000000100000078070020780700200000FC
:10656000000000000000000000000000000000002B
:10657000000000000000000000000000000000001B
:106580000000F81F030000000000000000000000F1
:1065900000000000000000000000000000000000FB
:1065A00000000000000000000000000000000000EB
:1065B00000000000000000000000000000000000DB
:1065C00000000000000000000000000000000000CB
:1065D00000000000000000000000000000000800B3
:1065E0000000FF00000000000000010000000000AB
:1065F00000001408002014080020050214000909F6
:1066000001020000810005021400090901020000D6
:10661000810006FFFF42534101000000000000001E
:10662000000000000000000000000002F5D3395F08
:10663000D92FBFB6E64BE084408F2B2F02F4D3391D
:106640005FD92FBFB6E64BE084408F2B2F02F3D3E8
:10665000395FD92FBFB6E64BE084408F2B2F02F273
:10666000D3395FD92FBFB6E64BE084408F2B2F0282
:10667000F1D3395FD92FBFB6E64BE084408F2B2F83
:1066800002F0D3395FD92FBFB6E64BE084408F2BA1
:106690002F000000000000000000000000000000CB
:1066A000000000FFFFFFC8080020C808002094DD9C
:1066B000002000000000010000002C00000000008D
:1066C0000000E4080020E4080020806A00200000A8
:1066D000000001000000B000000000000000000900
:1066E000002000090020C0DD00200000000006009E
:1066F0000000100000000000000000000000708D8D
:106700000020001000000000000000000000300920
:1067100000203009002000000000000000000E00F2
:106720000000440900204409002000000000FFFF91
:10673000FFFF540900205409002000000000000061
:10674000000064090020640900206C0900206C0925
:10675000002000000000000000007C0900207C09EF
:106760000020840900208409002006000600100093
:1067700000000000000074280300C4CF00200000C7
:10678000000000000000A8090020A8090020B009AE
:106790000020B00900200600060010000000854C13
:1067A00002001C290300A4DC0020000000000000FF
:1067B0000000D4090020D4090020DC090020DC09F5
:1067C0000020030003000100000000000000B427C7
:1067D0000300E8BE00200000000000000000000AE6
:1067E0000020000A0020080A0020080A00200100FA
:1067F000010010000000653A020064280300B8C3DD
:10680000002000000000000000002C0A00202C0ADC
:106810000020340A0020340A002003000300010095
:106820000000000000005428030064C300200000A2
:10683000000000000000580A0020580A0020600AEA
:106840000020600A00200400040006000000000090
:106850000000A4270300DCBD0020000000000000B1
:106860000000840A0020840A00208C0A00208C0A80
:1068700000200400040008000000000000003C2785
:10688000030070B500200000000000000000B00A06
:106890000020B00A0020B80A0020B80A0020010039
:1068A00001000100000000000000C427030040C0F8
:1068B000002015E015E00769500110002000407C21
:1068C000D4CF8B73D8963D114A1ACD72947478A7A1
:1068D000EDB2C20E1B021AC0C16BA0DA45FC01006A
:1068E0002000FC5701DC6135E1323847BDC40F049C
:1068F000D2E5BEE5833B23C29F93593D00018CFA4C
:106900009994200000010D48AAC92BECBF9759E0CB
:106910003FA464BE4CAE50C15996A9168C7AB5728C
:106920006F4A67396142EE383CD379AECCB7947E7A
:106930004A12B3C9246DD2D993BF488895F6D4DDE5
:10694000B3177F70A59FC2CF4FA4D3A149038D2455
:10695000A28D9FCE3FB3237462E3BA6A926CE09635
:1069600014BDA3159E1CF312C84E0A014734952E80
:106970008D03D2CC8F8018AE39BB6559ABB631E8E8
:1069800087C6CD5D3DE686696A97518E7168DB5A90
:1069900011FAEA4239055CD4B36D64908BC60CEBF6
:1069A00003A45D7C8A254BA138E12F27062D274BB8
:1069B000CC4345D1656D8E5A620DFA9D8060F2C45C
:1069C000F84039149134BC0A81A58B8BB97102B996
:1069D000B7B0D771A64270801444A93DBE4821BC0F
:1069E000263715C983E98B70F7D5346AC0147FF751
:1069F000A41CC171602326FBEB7E7631E761B5797B
:106A00001262EB82268901020203030303466169D5
:106A10006C656420746F207265626F6F743A2073C6
:106A200070696E6E696E6720656E646C6573736CF9
:106A3000792E2E2E0A007372616D302E73686D00F0
:106A400067656E65726963003031323334353637CD
:106A50003839414243444546006364635F61636D76
:106A60005F756172743000757362776F726B71005D
:106A70002A2A2A20426F6F74696E67206E52462060
:106A8000436F6E6E6563742053444B2076322E380C
:106A90002E302D613233383662666338343031201F
:106AA0002A2A2A0A002A2A2A205573696E67205A40
:106AB0006570687972204F532076332E372E39391E
:106AC0002D306263333339336662313132202A2A02
:106AD0002A0A004254204741545420444D20575123
:106AE00000040811020410637C777BF26B6FC530E1
:106AF00001672BFED7AB76CA82C97DFA5947F0AD44
:106B0000D4A2AF9CA472C0B7FD9326363FF7CC3415
:106B1000A5E5F171D8311504C723C31896059A0766
:106B20001280E2EB27B27509832C1A1B6E5AA05211
:106B30003BD6B329E32F8453D100ED20FCB15B6A2F
:106B4000CBBE394A4C58CFD0EFAAFB434D338545D5
:106B5000F9027F503C9FA851A3408F929D38F5BC0D
:106B6000B6DA2110FFF3D2CD0C13EC5F974417C4B3
:106B7000A77E3D645D197360814FDC222A908846B0
:106B8000EEB814DE5E0BDBE0323A0A4906245CC242
:106B9000D3AC629195E479E7C8376D8DD54EA96C79
:106BA00056F4EA657AAE08BA78252E1CA6B4C6E873
:106BB000DD741F4BBD8B8A703EB5664803F60E61CF
:106BC0003557B986C11D9EE1F8981169D98E949BFD
:106BD0001E87E9CE5528DF8CA1890DBFE6426841AA
:106BE000992D0FB054BB166D757465785F696E6929
:106BF000742063616C6C65642077697468204E55FD
:106C00004C4C20706172616D6574657200436F75E4
:106C10006C64206E6F7420616C6C6F6361746520AE
:106C20006D75746578206265666F726520696E693E
:106C30007469616C697A696E6700464C4153485FBC
:106C400030005352414D5F30000000000100000051
:106C500000000000FFFFFFFFFFFF0000000000003A
:106C600062742F25732F2530327825303278253005
:106C700032782530327825303278253032782575D3
:106C80002F25730062742F25732F2530327825301D
:106C900032782530327825303278253032782530F8
:106CA000327825750062742F2573006274002530D8
:106CB000387800253038782D253034782D2530343B
:106CC000782D253034782D253038782530347800EB
:106CD00002FB349B5F800000800010000000000079
:106CE00000574553545F544F504449522F7A6570B2
:106CF0006879722F7375627379732F626C7565741E
:106D00006F6F74682F686F73742F6863695F636F48
:106D100072652E630062745F6863695F6576745F95
:106D20006765745F666C616773286864722D3E6581
:106D30007674292026202831554C203C3C202831CF
:106D4000292900415353455254494F4E2046414949
:106D50004C205B25735D20402025733A25640A0092
:106D60006576745F666C6167732026202831554C08
:106D7000203C3C2028302929005A6570687972002F
:106D80006275660009556E61626C6520746F2061E2
:106D90006C6C6F6320666F7220486F7374204E4373
:106DA000500A00657272203D3D20300009556E6129
:106DB000626C6520746F2073656E6420486F737415
:106DC000204E43502028657272202564290A0073E2
:106DD0007563636573730009636F6D6D616E642025
:106DE0006F70636F64652030782530347820746963
:106DF0006D656F75740A0009436F6E74726F6C6C09
:106E0000657220756E726573706F6E736976652C2E
:106E100020636F6D6D616E64206F70636F646520B9
:106E20003078253034782074696D656F75742077FB
:106E3000697468206572722025640A0042542052E9
:106E400058205751000009090909010209090909D7
:106E500009090909090909070909090909060909A7
:106E6000090909090909090909090909090905019E
:106E70000204030502000AE69D350E480103CCDB3F
:106E8000FDF4AC1191F4EFB9A5F9E9A7832C5E2CC0
:106E9000BE97F2D203B0208BD28915D08E1C7424F9
:106EA00030ED8FC24563765C15525ABF9A32636DDE
:106EB000EB2A65499C80DC01010101010203627437
:106EC0002F6363630062742F7363000005061F1F46
:106ED0002918120308020305080A00080103040127
:106EE0000504050906070101060608000001000166
:106EF0000003010003020201000200000000000282
:106F00000301000300000100010000010001020272
:106F10000100020000000000020201000462742F60
:106F20006B657973006C888391AAF5A53860370B7F
:106F3000DB5A6083BE757362645F776F726B71003A
:106F40000100020362745F6863695F697063300007
:106F50006E72665F62745F68636900636C6F636B17
:106F60004035303030006D78323572363433356626
:106F7000403000666C6173682D636F6E74726F6C65
:106F80006C6572403339303030006770696F40385B
:106F90003432383030006770696F40383432353001
:106FA00030006D626F784032613030300000010295
:106FB00003040506070B75617274403830303000E9
:106FC000000000010101000001000000002030303D
:106FD000303030303030303030303030000101006F
:106FE0000000756E7265676973746572656420254B
:106FF00073206275730A006D6574616C3A20656D6B
:10700000657267656E63793A20006D6574616C3AEC
:1070100020616C6572743A2020202020006D657418
:10702000616C3A20637269746963616C3A20200074
:107030006D6574616C3A206572726F723A2020201F
:107040002020006D6574616C3A207761726E696E04
:10705000673A202020006D6574616C3A206E6F7471
:107060006963653A20202020006D6574616C3A20C8
:10707000696E666F3A202020202020006D657461C3
:107080006C3A2064656275673A2020202020002534
:10709000733A2066726565696E67206E6F6E2D6546
:1070A0006D707479207669727471756575650D0AF5
:1070B00000756E65787065637465642062756666D8
:1070C00065722068656C6420636F756E7465720DFF
:1070D0000A0072785F76710074785F7671004E53A3
:1070E000006D61696E00737973776F726B71002840
:1070F0006E756C6C29002A666C6F61742A0063647B
:10710000696E6F70737578585B00000000000000B6
:10711000000000000000000000000000000000006F
:10712000000000000000000000000000000000005F
:10713000000000000000000000000000000000004F
:10714000000000000000000000000000000000003F
:10715000000000000000000000000000000000002F
:10716000000000000000000000000000000000001F
:10717000000000000000000000000000000000000F
:1071800000000000000000000000000000000000FF
:107190000000000000000000F8020020D8020020DB
:1071A00000C2010000000800000000000000000014
:1071B00000000000000000000000000000000000CF
:1071C00000000000000000000000000000000000BF
:1071D00000000000000000000000000000000000AF
:1071E000000000000000000000000000000000009F
:1071F000000000000000000000000000000000008F
:10720000000000000000000000000000000000007E
:10721000000000000000000000000000000000006E
:10722000000000000000000000000000000000005E
:10723000000000000000000000000000000000004E
:10724000000000000000000000000000000000003E
:10725000000000000000000000000000000000002E
:10726000000000000000000000000000000000001E
:10727000000000000000000000000000000000000E
:107280000000000065F300000000000000000000A6
:1072900000000000000000000000000000000000EE
:1072A00000000000000000000000000000000000DE
:1072B00000000000000000000000000000000000CE
:1072C00000000000000000000000000000000000BE
:1072D00000000000000000000000000000000000AE
:1072E000000000000000000000000000000000009E
:1072F000000000000000000000000000000000008E
:10730000000000000000000000000000000000007D
:10731000000000000000000000000000000000006D
:10732000000000000000000070560200FFFFFFFF99
:10733000E14E00007968000000000000000000003D
:107340006141000000000000000000004541000015
:1073500000000000B5560000000000000000000022
:10736000356500008D4B0000414B0000F5FFFFFF2D
:10737000FFFFFFFF805B020000000000818A000029
:107380005189000000000000000000000000000023
:1073900000000000E988000000000000000000007C
:1073A000098D0000F184000071840000FFFFFFFFE1
:1073B000FFFFFFFFC1D80100000000000000072010
:1073C00000000100345602000000000034560200A4
:1073D00001000000020000000000000000000000AA
:1073E00000020000646102200000000000000000B4
:1073F000000000000000000000000000000000008D
:10740000000400006465022000000000000000008D
:10741000000000000000000000000000000000006C
:107420000004000031C4000080000000D9C1000049
:1074300000000000D9C1000080000000D1CE000093
:107440000000000000000000580800203A00000082
:107450006C0800203A000000440800203A000000B8
:10746000940800203A0000000000000069F10100CB
:1074700000000000000000000000000085E800009F
:1074800000000000000000000000000071FC01008E
:10749000000000000000000000000000BDEB000044
:1074A000000000000000000000000000D90A0100F8
:1074B00000000000000000000000000021060100A4
:1074C0000000000000000000BC030020BC030020FE
:1074D00000000000000000006918010051230100B5
:1074E000911002000000000000000000911B01004C
:1074F000930D0200C50C0200A5170100000000005A
:10750000000000000000000000000000000000007B
:1075100000000000493B01000000000000000000E6
:10752000000000003B2202000000000000000000FC
:107530000000000064640200000020000000000061
:10754000000000000000000000000000000000003B
:10755000000000000000000000000000000000002B
:10756000000000000000000000000000000000001B
:10757000000000000000000000000000000000000B
:1075800000000000000000000000000000000000FB
:1075900000000000000000000000000000000000EB
:1075A0000000000000000000A7160200000000001C
:1075B00078640200000002008464020000000200FF
:1075C000894A0100000000000000000000000000E7
:1075D00000000000506F0500000000008B3002002A
:1075E000A16601000000000070560200E0040020C7
:1075F000E00400200000000001000000F004002072
:10760000F00400205C560200000000006532020019
:1076100000000000000000000C0500200C05002008
:1076200001000000010000001C0500201C050020D6
:1076300024050020240500200000000001000000B7
:107640003405002034050020000000000000000088
:10765000FFFF0000FFFF00005C05002000000000AD
:10766000000000000000000000000000000000001A
:1076700093D2002020000000000000000090D00302
:10768000FFFFFFFF000000000000000000000000FE
:1076900000000000000000000000000000000000EA
:1076A00000000000000000000000000000000000DA
:1076B00000000000000000000000000000000000CA
:1076C00000000000000000000000000000000000BA
:1076D00000000000000000000000000000000000AA
:1076E000000000000000000000000000000000009A
:1076F0000000000008000000FF0000000000000083
:107700000300000000000000406A050000000000C7
:1077100011990100000000000000000000000000BE
:107720000000000000000000000000000000000059
:1077300000000000280600202806002000000000AD
:1077400021BA0100740600206C06002064060020A7
:10775000000000005C0600204DBB010099BA01004A
:10776000CDBA010015BB0100E49200203A00003AB6
:10777000E89200203A00003AEC9200203A00003AE9
:10778000F09200203A00003A8406002048060020CB
:10779000400600203C0600203806002000000202BF
:1077A0000600060000009001000002023000000008
:1077B0000000000000000000000000003000000099
:1077C00000000000000000000000000069646C651B
:1077D000000000000000000000000000FFFF014268
:1077E0005300000000000000000000000000000046
:1077F0000000000000000000000000000000000287
:10780000F0D3395FD92FBFB6E64BE084408F2B2FE2
:1078100002F5D3395FD92FBFB6E64BE084408F2BFA
:107820002F02F4D3395FD92FBFB6E64BE084408FE7
:107830002B2F02F1D3395FD92FBFB6E64BE084403E
:107840008F2B2F02F0D3395FD92FBFB6E64BE084E0
:10785000408F2B2F01010A0142530000000000005D
:107860000000000000000000000000000000000018
:107870000000000000000000010100000000000006
:107880000000000000000000000000000000FFFFFA
:10789000FFFFFFFF0000000000000000F9B701003B
:1078A000000000000000000000000000A007002011
:1078B000A00700206132020000000000000000006C
:1078C000000000000000000000000000C0070020D1
:1078D000C0070020285A0220000000000A00000013
:1078E0002C00000000000000DC070020DC07002066
:1078F00058030120000000000A000000B000000052
:1079000000000000F8070020F8070020805E022039
:107910000000000020000000140000000000000033
:107920001408002014080020E05B02200000000082
:10793000180000001C000000000000000000000013
:10794000782F01200010000000000000000000005F
:10795000440800204408002000000000000000004F
:107960000E00000058080020580800200000000009
:10797000000000000E0000006C0800206C080020D1
:1079800000000000000000000E0000008008002041
:107990008008002000000000000000000E00000031
:1079A000940800209408002000000000000000005F
:1079B0000E000000A8080020A80800200000000019
:1079C000000000000E000000BC080020BC080020E1
:1079D0000804000018000000843F012044A001209A
:1079E000843F0120843F012000000000E0080020C7
:1079F000E008002000000000EC080020EC08002057
:107A00000100000001000000FC080020FC0800202C
:107A1000040900200409002000000000FFFFFFFF10
:107A200014090020140900201C0900201C09002052
:107A300000000000010000002C0900202C0900209B
:107A400000000000000000003C0900203C0900206C
:107A5000440900204409002000000000000000004C
:107A600054090020540900205C0900205C09002012
:107A700000000000000000006C0900206C090020DC
:107A80007409002074090020180018000600000086
:107A900081F00000B85D0200ACE1012000000000B0
:107AA000000000009809002098090020A00900208B
:107AB000A0090020180018001000000000000000BD
:107AC000B85E0200F022022000000000000000006A
:107AD000C4090020C4090020CC090020CC090020E2
:107AE0001800180010000000BD1A0100E05F02003D
:107AF000685602200000000000000000F00900208D
:107B0000F0090020F8090020F80900200300030014
:107B10000100000000000000C85D020038E50120FF
:107B200000000000000000001C0A00201C0A0020C9
:107B3000240A0020240A0020100010000100000088
:107B400000000000A85D020064B0012000000000F9
:107B500000000000480A0020480A0020500A0020C7
:107B6000500A00200A000A00100000009D050100D4
:107B7000A85E0200D8F10120000000000000000013
:107B8000740A0020740A00207C0A00207C0A00206D
:107B90000A000A000100000000000000985E0200D8
:107BA000C0F001200000000000000000A00A00203A
:107BB000A00A0020A80A0020A80A00200100010055
:107BC0000100000000000000D85D020090E60120E6
:107BD00012010002EF020140E32F0210070301022D
:107BE000030109020000000100E032080B0002025C
:107BF0000200000904000001020200000524001038
:107C000001052401020104240202052406000107E3
:107C100005800310000A09040100020A00000007A1
:107C2000058002400000070500024000000403092F
:107C3000041C034D61737465725F416E63686F72FB
:107C4000000000000000000000000000002C034DB8
:107C500061737465725F416E63686F725F436F6ECC
:107C600074726F6C00000000000000000000000053
:107C700000000000000000000022033031323334E5
:107C8000353637383941424344454600000000004C
:107C900000000000000000000000000000FFFFFFE7
:107CA00000000000E70A00200FE30100F9C6000011
:107CB000CDC3000000000000000000000300000031
:087CC0001803002015E015E097
:00000001FF
