[RECV] BSF66F notify: TD;1;4033;3;anchor_ota;0;0;1;0;25;0;0;0;8;0
[RECV] BSF66F notify: TD;1;4033;3;anchor_ota;0;0;1;0;25;0;0;0;8;0
[RECV] BSF66F notify: TD;1;4033;3;anchor_ota;0;0;1;0;25;0;0;0;8;0
[RECV] BSF66F notify: TD;1;4033;3;anchor_ota;0;0;1;0;25;0;0;0;8;0
[RECV] BSF66F notify: TD;1;4033;3;anchor_ota;0;0;1;0;25;0;0;0;8;0
[RECV] BSF66F notify: TD;1;4033;3;anchor_ota;0;0;1;0;25;0;0;0;8;0
[RECV] BSF66F notify: TD;1;4033;3;anchor_ota;0;0;1;0;25;0;0;0;8;0
[RECV] BSF66F notify: TD;1;4033;3;anchor_ota;0;0;1;0;25;0;0;0;8;0
[RECV] BSF66F notify: TD;1;4033;3;anchor_ota;0;0;1;0;25;0;0;0;8;0
[RECV] BSF66F notify: TD;1;4033;3;anchor_ota;0;0;1;0;25;0;0;0;8;0
[RECV] BSF66F notify: TD;1;4033;3;anchor_ota;0;0;1;0;25;0;0;0;8;0
[RECV] BSF66F notify: TD;1;4033;3;anchor_ota;0;0;1;0;25;0;0;0;8;0
[RECV] BSF66F notify: TD;1;4033;3;anchor_ota;0;0;1;0;25;0;0;0;8;0
[RECV] BSF66F notify: TD;1;4033;3;anchor_ota;0;0;1;0;25;0;0;0;8;0
[HOST_CMD 449578.767] mode recv
[RECV] One-shot NUS command cleared (runtime)
[RECV] Master quiesce peer[0]: connected=1 ready=1 link=nus uuid=-
[RECV] Peer clear wait: waited=0 conn_count=1 ready_count=0
[RECV] Peer clear wait timeout: conn_count=1 ready_count=0
[RECV] RECV clean slate requires reboot: stale BLE links did not clear
[RECV] Control mode staged: RECV
*** Booting nRF Connect SDK v2.8.0-a2386bfc8401 ***
*** Using Zephyr OS v3.7.99-0bc3393fb112 ***
[RECV] LED map: 1=AUTOPOS 2=RECV 3=OTA 4=FLOW
[RECV] Control mode loaded: RECV
[RECV] UART control ready: type 'status' or 'mode recv'/'mode ota'/'mode autopos'
OTA_STATE:target_configured detail=token
OTA NUS stage: enabled
OTA NUS stage: enabled
[RECV] Boot profile tag: auto-connect BS* tag links; TDMA remains host-controlled
OTA target filter: token=-1 name=- prefix=BS uuid=-
[RECV] BioSpur BLE master control ready on nrf5340dk/nrf5340/cpuapp
[RECV] BTN1 toggles RECV/OTA, BTN2 forces OTA mode, BTN3=SCAN, BTN4=CONN&START
[RECV] Commands: status | mode recv | mode ota | mode autopos | scan | conn | initiate
[RECV] OTA runtime cmds: ota_reset | ota show | ota version
[RECV] Runtime NUS cmds: cmd <raw> | cmd_all <raw> | oneshot <raw> | oneshot show | oneshot clear
[RECV] Tag layout cmds: APOS <id> <x_mm> <y_mm> <z_mm> | APOS_TO <BSxxxx> APOS... | APOS_COMMIT | APOS_STATUS | APOS_RESET
[RECV] TDMA cm[RECV] PHY updated[0]: tx=0x2 rx=0x2
SETUP[0] defer: waiting 228 ms before discovery start
SETUP[0] defer: waiting 177 ms before discovery start
SETUP[0] defer: waiting 127 ms before discovery start
SETUP[0] defer: waiting 77 ms before discovery start
SETUP[0] defer: waiting 26 ms before discovery start
SETUP[0] begin: link=nus uuid=- conn=0x200048a0
SETUP[0] mtu_exchange rc=0
SETUP[0] phy_update rc=0
SETUP[0] conn_param_update rc=0
[RECV] DISC start[0]: link=nus uuid=- conn=0x200048a0
[RECV] MTU exchange[0] done (498)
[RECV] Conn param updated[0]: int=6 lat=0 to=400
[RECV] PHY updated[0]: tx=0x2 rx=0x2
[RECV] DISC complete[0]: link=nus discovered_service=2800 uuid=-
[RECV] BLE[0] link ready
[RECV] CFG assigned[0]: bs=BSF66F tag=1 slot=0/10 mask=0x0021 period=40 active=24 gen=1 pmode=0
[RECV] TDMA weighted[0]: bs=BSF66F profile=motion target=5Hz mask=0x0021 slots=2/10 actual_x100=500 epoch_delay=3000
[RECV] SCAN start req: bt_ready=1 scan_running=0 connecting_slot=-1 conn_count=1 target=tag prefix=BS
[RECV] Scanning for BS*
[RECV] BSF66F notify: TD;1;4033;3;anchor_ota;0;0;1;0;25;0;0;0;8;0
[RECV] CFG confirmed[0]: tag=1 slot=0/10 mask=0x0021 period=40 active=24 gen=1 live=1
[RECV] BSF66F notify: CFG_OK TAG=1 SLOT=0/10 MASK=0x0021 PERIOD=40 ACTIVE=24 GEN=1 LIVE=1
[RECV] BSF66F notify: RXG;1;4033;tag=1;mask=0xff;pc=8;guard=1200;spacing=1000;win=8165;pre=1;slot_to_entry_us=0;slot_to_sched_us=0;slot_to_write_done_us=0;slot_to_txcmd_us=274;slot_to_txdone_us=610;txcmd_to_txdone_us=335;txdone_to_rxstart_us=61;txdone_to_rxend_us=183;rxenable_
[RECV] BSF66F notify: CD;1;4033;tag=1;local=0xb101;status=0x00806f02;rxf=0x0776c814;win=8165;pc=8;mask=0xff;resp=8;unexp=0;last_len=20;last_src=0xa107;last_dst=0xb101;last_code=0xe1
[RECV] BSF66F notify: TR;3;4034;f;0;ff;ff;2800,2568,2658,2833,3279,3076,3057,3277;2800,2568,2658,2833,3279,3076,3057,3277;100,100,100,100,100,100,100,100;OOOOOOOO;100;0;43762;8
[RECV] BSF66F notify: TR;3;4035;f;0;ff;ff;2807,2571,2605,2985,3241,3110,3011,3273;2807,2571,2605,2985,3241,3110,3011,3273;100,100,100,100,100,100,100,100;OOOOOOOO;100;0;671;8
[RECV] BSF66F notify: TR;3;4036;f;0;ff;ff;2803,2548,2598,2966,3242,3319,2995,3323;2803,2548,2598,2966,3242,3319,2995,3323;100,100,100,100,100,100,100,100;OOOOOOOO;100;0;671;8
[RECV] BSF66F notify: TR;3;4037;f;0;ff;ff;2759,2579,2574,2730,3243,3044,3032,3269;2759,2579,2574,2730,3243,3044,3032,3269;100,100,100,100,100,100,100,100;OOOOOOOO;100;0;671;8
[RECV] BSF66F notify: TR;3;4038;f;0;ff;ff;2812,2609,2610,2652,3251,3059,2990,3203;2812,2609,2610,2652,3251,3059,2990,3203;100,100,100,100,100,100,100,100;OOOOOOOO;100;0;671;8
[RECV] BSF66F notify: TR;3;4039;f;0;ff;ff;2765,2564,2613,2782,3238,3072,3026,3312;2765,2564,2613,2782,3238,3072,3026,3312;100,100,100,100,100,100,100,100;OOOOOOOO;100;0;701;8
[RECV] BSF66F notify: TR;3;4040;f;0;ff;ff;2841,2589,2643,2931,3267,3055,3099,3236;2841,2589,2643,2931,3267,3055,3099,3236;100,100,100,100,100,100,100,100;OOOOOOOO;100;0;671;8
[RECV] BSF66F notify: TR;3;4041;f;0;ff;ff;2749,2492,2582,2994,3273,3091,3030,3261;2749,2492,2582,2994,3273,3091,3030,3261;100,100,100,100,100,100,100,100;OOOOOOOO;100;0;671;8
[RECV] BSF66F notify: TR;3;4042;f;0;ff;ff;2753,2549,2609,2665,3230,3110,3046,3317;2753,2549,2609,2665,3230,3110,3046,3317;100,100,100,100,100,100,100,100;OOOOOOOO;100;0;671;8
[RECV] BSF66F notify: TR;3;4043;f;0;ff;ff;2780,2548,2652,2719,3272,3100,3086,3268;2780,2548,2652,2719,3272,3100,3086,3268;100,100,100,100,100,100,100,100;OOOOOOOO;100;0;701;8
[RECV] BSF66F notify: RXG;1;4043;tag=1;mask=0xff;pc=8;guard=1200;spacing=1000;win=8165;pre=1;slot_to_entry_us=0;slot_to_sched_us=0;slot_to_write_done_us=0;slot_to_txcmd_us=274;slot_to_txdone_us=610;txcmd_to_txdone_us=335;txdone_to_rxstart_us=61;txdone_to_rxend_us=183;rxenable_
[RECV] BSF66F notify: CD;1;4043;tag=1;local=0xb101;status=0x00806f02;rxf=0x07a6c814;win=8165;pc=8;mask=0xff;resp=8;unexp=0;last_len=20;last_src=0xa107;last_dst=0xb101;last_code=0xe1
[RECV] BSF66F notify: TR;3;4044;f;0;ff;ff;2777,2534,2669,2809,3228,3114,3070,3200;2777,2534,2669,2809,3228,3114,3070,3200;100,100,100,100,100,100,100,100;OOOOOOOO;100;0;43792;8
[RECV] BSF66F notify: TR;3;4045;f;0;ff;ff;2735,2578,2611,2829,3222,3084,3043,3246;2735,2578,2611,2829,3222,3084,3043,3246;100,100,100,100,100,100,100,100;OOOOOOOO;100;0;671;8
[RECV] BSF66F notify: TR;3;4046;f;0;ff;7f;2790,2594,2614,2953,3311,3082,3024,0;2790,2594,2614,2953,3311,3082,3024,3246;100,100,100,100,100,100,100,92;OOOOOOOT;100;0;579;8
[RECV] BSF66F notify: TR;3;4047;f;0;ff;7f;2834,2565,2608,2689,3249,3066,3056,0;2834,2565,2608,2689,3249,3066,3056,3246;100,100,100,100,100,100,100,85;OOOOOOOT;100;0;579;8
[RECV] Conn param updated[0]: int=6 lat=0 to=400
[RECV] BSF66F notify: TR;3;4048;f;0;ff;7f;2838,2578,2593,2671,3265,3045,3018,0;2838,2578,2593,2671,3265,3045,3018,3246;100,100,100,100,100,100,100,80;OOOOOOOT;100;0;671;8
[RECV] BSF66F notify: TR;3;4049;f;0;ff;7f;2808,2553,2641,2872,3225,3094,3013,0;2808,2553,2641,2872,3225,3094,3013,3246;100,100,100,100,100,100,100,75;OOOOOOOT;100;0;671;8
[RECV] BSF66F notify: TR;3;4050;f;0;ff;7f;2811,2564,2601,2937,3300,3095,2973,0;2811,2564,2601,2937,3300,3095,2973,3246;100,100,100,100,100,100,100,70;OOOOOOOT;100;0;671;8
[RECV] BSF66F notify: TR;3;4051;f;0;ff;7f;2808,2567,2590,2978,3279,3048,3017,0;2808,2567,2590,2978,3279,3048,3017,3246;100,100,100,100,100,100,100,66;OOOOOOOT;100;0;671;8
[RECV] BSF66F notify: TR;3;4052;f;0;ff;7f;2800,2552,2624,2945,3273,3056,3035,0;2800,2552,2624,2945,3273,3056,3035,3246;100,100,100,100,100,100,100,63;OOOOOOOT;100;0;671;8
[RECV] BSF66F notify: TR;3;4053;f;0;ff;7f;2772,2547,2602,2731,3275,3056,3026,0;2772,2547,2602,2731,3275,3056,3026,3246;100,100,100,100,100,100,100,60;OOOOOOOT;100;0;671;8
[RECV] BSF66F notify: RXG;1;4053;tag=1;mask=0xff;pc=8;guard=1200;spacing=1000;win=8165;pre=1;slot_to_entry_us=0;slot_to_sched_us=0;slot_to_write_done_us=0;slot_to_txcmd_us=274;slot_to_txdone_us=610;txcmd_to_txdone_us=335;txdone_to_rxstart_us=61;txdone_to_rxend_us=183;rxenable_
[RECV] BSF66F notify: TR;3;4054;f;0;ff;7f;2779,2565,2556,2691,3259,3096,3022,0;2779,2565,2556,2691,3259,3096,3022,3246;100,100,100,100,100,100,100,57;OOOOOOOT;100;0;29296;8
[RECV] BSF66F notify: CD;1;4054;tag=1;local=0xb101;status=0x00800f02;rxf=0x0756c814;win=8165;pc=8;mask=0xff;resp=7;unexp=0;last_len=20;last_src=0xa106;last_dst=0xb101;last_code=0xe1
[RECV] BSF66F notify: TR;3;4055;f;0;ff;7f;2757,2573,2639,2871,3254,3074,3085,0;2757,2573,2639,2871,3254,3074,3085,3246;100,100,100,100,100,100,100,54;OOOOOOOT;100;0;15197;8
[RECV] BSF66F notify: TR;3;4056;f;0;ff;7f;2765,2528,2651,2881,3238,3064,2962,0;2765,2528,2651,2881,3238,3064,2962,3246;100,100,100,100,100,100,100,52;OOOOOOOT;100;0;671;8
[RECV] BSF66F notify: TR;3;4057;f;0;ff;7f;2735,2543,2601,2674,3212,3048,3015,0;2735,2543,2601,2674,3212,3048,3015,3246;100,100,100,100,100,100,100,50;OOOOOOOT;100;0;671;8
[RECV] BSF66F notify: TR;3;4058;f;0;ff;7f;2777,2590,2584,2819,3238,3119,3033,0;2777,2590,2584,2819,3238,3119,3033,3246;100,100,100,100,100,100,100,48;OOOOOOOT;100;0;701;8
[RECV] BSF66F notify: TR;3;4059;f;0;ff;7f;2802,2548,2611,2823,3242,3058,3063,0;2802,2548,2611,2823,3242,3058,3063,3246;100,100,100,100,100,100,100,46;OOOOOOOT;100;0;671;8
[RECV] BSF66F notify: TR;3;4060;f;0;ff;7f;2763,2526,2575,2866,3222,3086,3079,0;2763,2526,2575,2866,3222,3086,3079,3246;100,100,100,100,100,100,100,44;OOOOOOOT;100;0;671;8
[RECV] BSF66F notify: TR;3;4061;f;0;ff;7f;2798,2524,2574,2922,3273,3046,3016,0;2798,2524,2574,2922,3273,3046,3016,3246;100,100,100,100,100,100,100,42;OOOOOOOT;100;0;671;8
[RECV] BSF66F notify: TR;3;4062;f;0;ff;7f;2809,2545,2605,2715,3263,3052,3072,0;2809,2545,2605,2715,3263,3052,3072,3246;100,100,100,100,100,100,100,41;OOOOOOOT;100;0;671;8
[RECV] BSF66F notify: TR;3;4063;f;0;ff;7f;2795,2539,2592,2677,3241,3131,3052,0;2795,2539,2592,2677,3241,3131,3052,3246;100,100,100,100,100,100,100,40;OOOOOOOT;100;0;671;8
[RECV] BSF66F notify: RXG;1;4063;tag=1;mask=0xff;pc=8;guard=1200;spacing=1000;win=8165;pre=1;slot_to_entry_us=0;slot_to_sched_us=0;slot_to_write_done_us=0;slot_to_txcmd_us=274;slot_to_txdone_us=610;txcmd_to_txdone_us=335;txdone_to_rxstart_us=61;txdone_to_rxend_us=183;rxenable_
[RECV] BSF66F notify: TR;3;4064;f;0;ff;7f;2759,2568,2594,2731,3267,3110,3023,0;2759,2568,2594,2731,3267,3110,3023,3246;100,100,100,100,100,100,100,38;OOOOOOOT;100;0;29296;8
[RECV] BSF66F notify: CD;1;4064;tag=1;local=0xb101;status=0x00806f02;rxf=0x07c6c814;win=8165;pc=8;mask=0xff;resp=8;unexp=0;last_len=20;last_src=0xa107;last_dst=0xb101;last_code=0xe1
[RECV] BSF66F notify: TR;3;4065;f;0;ff;ff;2846,2584,2623,2997,3212,3059,3016,3242;2846,2584,2623,2997,3212,3059,3016,3242;100,100,100,100,100,100,100,40;OOOOOOOO;92;0;15289;8
[RECV] BSF66F notify: TR;3;4066;f;0;ff;ff;2848,2522,2587,2876,3245,3065,2959,3314;2848,2522,2587,2876,3245,3065,2959,3314;100,100,100,100,100,100,100,47;OOOOOOOO;93;0;671;8
[RECV] BSF66F notify: TR;3;4067;f;0;ff;7f;2848,2547,2631,2711,3247,3049,3046,0;2848,2547,2631,2711,3247,3049,3046,3314;100,100,100,100,100,100,100,44;OOOOOOOT;100;0;671;8
[RECV] BSF66F notify: TR;3;4068;f;0;ff;7f;2775,2527,2593,2699,3221,3111,3079,0;2775,2527,2593,2699,3221,3111,3079,3314;100,100,100,100,100,100,100,42;OOOOOOOT;100;0;671;8
[RECV] BSF66F notify: TR;3;4069;f;0;ff;7f;2774,2572,2598,2707,3255,3048,3038,0;2774,2572,2598,2707,3255,3048,3038,3314;100,100,100,100,100,100,100,40;OOOOOOOT;100;0;640;8
[RECV] BSF66F notify: TR;3;4070;f;0;ff;7f;2800,2514,2589,2848,3264,3037,3000,0;2800,2514,2589,2848,3264,3037,3000,3314;100,100,100,100,100,100,100,38;OOOOOOOT;100;0;671;8
[RECV] BSF66F notify: TR;3;4071;f;0;ff;7f;2822,2539,2602,2949,3250,3087,3063,0;2822,2539,2602,2949,3250,3087,3063,3314;100,100,100,100,100,100,100,36;OOOOOOOT;100;0;640;8
[RECV] BSF66F notify: TR;3;4072;f;0;ff;7f;2771,2536,2590,2727,3282,3076,3016,0;2771,2536,2590,2727,3282,3076,3016,3314;100,100,100,100,100,100,100,34;OOOOOOOT;100;0;640;8
[RECV] BSF66F notify: TR;3;4073;f;0;ff;7f;2807,2562,2591,2698,3230,3095,3028,0;2807,2562,2591,2698,3230,3095,3028,3314;100,100,100,100,100,100,100,33;OOOOOOOT;100;0;671;8
[RECV] BSF66F notify: RXG;1;4073;tag=1;mask=0xff;pc=8;guard=1200;spacing=1000;win=8165;pre=1;slot_to_entry_us=0;slot_to_sched_us=0;slot_to_write_done_us=0;slot_to_txcmd_us=274;slot_to_txdone_us=610;txcmd_to_txdone_us=335;txdone_to_rxstart_us=61;txdone_to_rxend_us=183;rxenable_
[RECV] BSF66F notify: TR;3;4074;f;0;ff;ff;2792,2575,2592,2735,3273,3108,2985,3300;2792,2575,2592,2735,3273,3108,2985,3300;100,100,100,100,100,100,100,36;OOOOOOOO;92;0;29602;8
[RECV] BSF66F notify: CD;1;4074;tag=1;local=0xb101;status=0x00800f02;rxf=0x07b6c814;win=8165;pc=8;mask=0xff;resp=7;unexp=0;last_len=20;last_src=0xa106;last_dst=0xb101;last_code=0xe1
[RECV] BSF66F notify: TR;3;4075;f;0;ff;7f;2838,2535,2573,2876,3220,3079,3027,0;2838,2535,2573,2876,3220,3079,3027,3300;100,100,100,100,100,100,100,34;OOOOOOOT;100;0;15289;8
[RECV] BSF66F notify: TR;3;4076;f;0;ff;7f;2789,2541,2575,3006,3279,3042,3005,0;2789,2541,2575,3006,3279,3042,3005,3300;100,100,100,100,100,100,100,33;OOOOOOOT;100;0;671;8
[RECV] BSF66F notify: TR;3;4077;f;0;ff;7f;2791,2557,2595,2846,3224,3136,3085,0;2791,2557,2595,2846,3224,3136,3085,3300;100,100,100,100,100,100,100,32;OOOOOOOT;100;0;640;8
[[HOST_WARN 449590.731] read failed after 'mode recv'; reopened serial and continued
[HOST_CMD 449590.731] ota_target token -1
RECV] BSF66F notify: TR;3;4078;f;0;ff;7f;2790,2597,2624,2740,3264,3089,3058,0;2790,2597,2624,2740,3264,3089,3058,3300;100,100,100,100,100,100,100,31;OOOOOOOT;100;0;671;8
[RECV] ota_target token rc=0 value=-1
OTA target filter: token=-1 name=- prefix=BS uuid=-
[RECV] BSF66F notify: TR;3;4079;f;0;ff;7f;2770,2550,2609,2827,3240,3051,3032,0;2770,2550,2609,2827,3240,3051,3032,3300;100,100,100,100,100,100,100,30;OOOOOOOT;100;0;671;8
[RECV] BSF66F notify: TR;3;4080;f;0;ff;ff;2790,2537,2580,2998,3217,3089,3005,3307;2790,2537,2580,2998,3217,3089,3005,3307;100,100,100,100,100,100,100,32;OOOOOOOO;91;0;701;8
[RECV] BSF66F notify: TR;3;4081;f;0;ff;7f;2767,2539,2581,2932,3279,3127,3051,0;2767,2539,2581,2932,3279,3127,3051,3307;100,100,100,100,100,100,100,31;OOOOOOOT;100;0;671;8
[RECV] BSF66F notify: TR;3;4082;f;0;ff;7f;2778,2560,2599,2736,3253,3087,3065,0;2778,2560,2599,2736,3253,3087,3065,3307;100,100,100,100,100,100,100,29;OOOOOOOT;100;0;671;8
[RECV] BSF66F notify: TR;3;4083;f;0;ff;ff;2836,2600,2580,2819,3265,3066,3023,3291;2836,2600,2580,2819,3265,3066,3023,3291;100,100,100,100,100,100,100,33;OOOOOOOO;91;0;701;8
[[HOST_CMD 449591.357] ota_target name BSF66F
RECV] BSF66F notify: RXG;1;4083;tag=1;mask=0xff;pc=8;guard=1200;spacing=1000;win=8165;pre=1;slot_to_entry_us=0;slot_to_sched_us=0;slot_to_write_done_us=0;slot_to_txcmd_us=274;slot_to_txdone_us=610;txcmd_to_txdone_us=335;txdone_to_rxstart_us=61;txdone_to_rxend_us=183;rxenable_
[RECV] ota_target name rc=0 value=bsf66f
OTA target filter: token=-1 name=bsf66f prefix=BS uuid=-
[RECV] BSF66F notify: TR;3;4084;f;0;ff;7f;2792,2563,2604,2810,3275,3096,3073,0;2792,2563,2604,2810,3275,3096,3073,3291;100,100,100,100,100,100,100,31;OOOOOOOT;100;0;29235;8
[RECV] BSF66F notify: CD;1;4084;tag=1;local=0xb101;status=0x00800f02;rxf=0x0756c814;win=8165;pc=8;mask=0xff;resp=7;unexp=0;last_len=20;last_src=0xa106;last_dst=0xb101;last_code=0xe1
[RECV] BSF66F notify: TR;3;4085;f;0;ff;7f;2782,2521,2592,2802,3297,3084,2979,0;2782,2521,2592,2802,3297,3084,2979,3291;100,100,100,100,100,100,100,30;OOOOOOOT;100;0;15167;8
[RECV] BSF66F notify: TR;3;4086;f;0;ff;7f;2772,2567,2590,2959,3272,3059,3037,0;2772,2567,2590,2959,3272,3059,3037,3291;100,100,100,100,100,100,100,28;OOOOOOOT;100;0;671;8
[RECV] BSF66F notify: TR;3;4087;f;0;ff;7f;2822,2574,2650,2799,3274,3084,3085,0;2822,2574,2650,2799,3274,3084,3085,3291;100,100,100,100,100,100,100,27;OOOOOOOT;100;0;671;8
[RECV] BSF66F notify: TR;3;4088;f;0;ff;7f;2754,2574,2583,2817,3270,3059,3046,0;2754,2574,2583,2817,3270,3059,3046,3291;100,100,100,100,100,100,100,26;OOOOOOOT;100;0;671;8
[RECV] BSF66F notify: TR;3;4089;f;0;ff;ff;2813,2560,2600,2788,3244,3074,2992,3295;2813,2560,2600,2788,3244,3074,2992,3295;100,100,100,100,100,100,100,29;OOOOOOOO;91;0;671;8
[[HOST_CMD 449591.923] ota_target prefix -
RECV] BSF66F notify: TR;3;4090;f;0;ff;7f;2828,2552,2559,2922,3250,3142,3068,0;2828,2552,2559,2922,3250,3142,3068,3295;100,100,100,100,100,100,100,28;OOOOOOOT;100;0;671;8
[RECV] ota_target prefix rc=0 value=-
OTA target filter: token=-1 name=bsf66f prefix=- uuid=-
[RECV] BSF66F notify: TR;3;4091;f;0;ff;7f;2810,2548,2587,2951,3246,3081,3130,0;2810,2548,2587,2951,3246,3081,3130,3295;100,100,100,100,100,100,100,26;OOOOOOOT;100;0;671;8
[RECV] BSF66F notify: TR;3;4092;f;0;ff;7f;2795,2544,2583,2879,3224,3068,3050,0;2795,2544,2583,2879,3224,3068,3050,3295;100,100,100,100,100,100,100,25;OOOOOOOT;100;0;671;8
[RECV] BSF66F notify: TR;3;4093;f;0;ff;7f;2855,2551,2629,2827,3270,3073,3053,0;2855,2551,2629,2827,3270,3073,3053,3295;100,100,100,100,100,100,100,25;OOOOOOOT;100;0;671;8
[RECV] BSF66F notify: RXG;1;4093;tag=1;mask=0xff;pc=8;guard=1200;spacing=1000;win=8165;pre=1;slot_to_entry_us=0;slot_to_sched_us=0;slot_to_write_done_us=0;slot_to_txcmd_us=274;slot_to_txdone_us=610;txcmd_to_txdone_us=335;txdone_to_rxstart_us=61;txdone_to_rxend_us=183;rxenable_
[RECV] BSF66F notify: TR;3;4094;f;0;ff;7f;2798,2566,2614,2888,3278,3100,3080,0;2798,2566,2614,2888,3278,3100,3080,3295;100,100,100,100,100,100,100,24;OOOOOOOT;100;0;29388;8
[[HOST_CMD 449592.441] ota_target uuid -
RECV] BSF66F notify: CD;1;4094;tag=1;local=0xb101;status=0x00806f02;rxf=0x07c6c814;win=8165;pc=8;mask=0xff;resp=7;unexp=0;last_len=20;last_src=0xa107;last_dst=0xb101;last_code=0xe1
[RECV] ota_target uuid rc=0 value=-
OTA target filter: token=-1 name=bsf66f prefix=- uuid=-
[RECV] BSF66F notify: TR;3;4095;f;0;ff;fb;2760,2522,0,2830,3253,3042,3042,3250;2760,2522,2614,2830,3253,3042,3042,3250;100,100,96,100,100,100,100,26;OOTOOOOO;89;0;15228;8
[RECV] BSF66F notify: TR;3;4096;f;0;ff;7f;2784,2580,2606,2878,3250,3105,3061,0;2784,2580,2606,2878,3250,3105,3061,3250;100,100,96,100,100,100,100,25;OOOOOOOT;99;0;671;8
[RECV] BSF66F notify: TR;3;4097;f;0;ff;7f;2818,2537,2620,2775,3249,3112,2988,0;2818,2537,2620,2775,3249,3112,2988,3250;100,100,96,100,100,100,100,25;OOOOOOOT;99;0;671;8
[RECV] BSF66F notify: TR;3;4098;f;0;ff;7f;2818,2545,2622,2780,3270,3089,3038,0;2818,2545,2622,2780,3270,3089,3038,3250;100,100,100,100,100,100,100,23;OOOOOOOT;100;0;640;8
[RECV] BSF66F notify: TR;3;4099;f;0;ff;7f;2787,2581,2609,2798,3280,3073,2982,0;2787,2581,2609,2798,3280,3073,2982,3250;100,100,100,100,100,100,100,22;OOOOOOOT;100;0;671;8
[RECV] BSF66F notify: TR;3;4100;f;0;ff;ff;2825,2579,2602,2863,3233,3110,3102,3245;2825,2579,2602,2863,3233,3110,3102,3245;100,100,100,100,100,100,100,26;OOOOOOOO;90;0;701;8
[[HOST_CMD 449593.025] device kind tag
RECV] BSF66F notify: TR;3;4101;f;0;ff;ff;2781,2558,2581,2947,3236,3108,3073,3210;2781,2558,2581,2947,3236,3108,3073,3210;100,100,100,100,100,100,100,30;OOOOOOOO;91;0;701;8
OTA NUS stage: enabled
[RECV] One-shot NUS command cleared (runtime)
[RECV] Master disconnecting peer[0]: bs=BSF66F
[RECV] device kind set: tag (OTA target preserved)
[RECV] Master discovery mode: CONN & START
[RECV] Peer clear wait: waited=0 conn_count=1 ready_count=0
[HOST_CMD 449595.031] ota_target token -1
[HOST_CMD 449595.633] ota_target name -
[RECV] Peer clear wait timeout: conn_count=1 ready_count=0
[RECV] SCAN start req: bt_ready=1 scan_running=0 connecting_slot=-1 conn_count=1 target=tag prefix=BS
[RECV] Scanning for BS*
[RECV] System target: kind=tag caps=0x0f (config=1 ota=1 stream=1 status=1)
OTA target filter: token=-1 name=bsf66f prefix=- uuid=-
[RECV] ota_target name rc=0 value=-
OTA target filter: token=-1 name=- prefix=- uuid=-
[RECV] Disconnected[0]: FC:9A:15:34:AB:20 (random) reason=0x16 link=nus ready=1
[HOST_CMD 449596.239] ota_target prefix BS
[RECV] ota_target prefix rc=0 value=bs
OTA target filter: token=-1 name=- prefix=bs uuid=-
[RECV] SCAN hit: FC:9A:15:34:AB:20 (random) rssi=-71 name=- bs=BSF66F uuid=- target=tag uuid_ok=1 tag_name=0 anchor_name=0 nus=0 dfu=1 token=1 props=0x03
[RECV] CONNECT queue[0]: addr=FC:9A:15:34:AB:20 (random) link=nus uuid=- target=tag
[[HOST_CMD 449596.808] ota_target uuid -
RECV] CONNECT pending[0]: addr_valid=1 link=nus uuid=- scan_running=1 conn_count=0
[RECV] CONNECT pending[0]: bt_le_scan_stop rc=0 scan_running=1
[RECV] ota_target uuid rc=0 value=-
OTA target filter: token=-1 name=- prefix=bs uuid=-
[RECV] CONNECT pending[0] rc=0 conn=0x200048a0
[RECV] Connected[0]: FC:9A:15:34:AB:20 (random) name=- bs=BSF66F
[RECV] CONNECT state[0]: link=nus uuid=- ready=0 conn=0x200048a0
SETUP[0] defer: waiting 318 ms before discovery start
[RECV] Disconnected[0]: FC:9A:15:34:AB:20 (random) reason=0x3e link=nus ready=0
[RECV] SCAN start req: bt_ready=1 scan_running=0 connecting_slot=-1 conn_count=0 target=tag prefix=BS
[RECV] Scanning for BS*
[RECV] SCAN hit: FC:9A:15:34:AB:20 (random) rssi=-71 name=- bs=BSF66F uuid=- target=tag uuid_ok=1 tag_name=0 anchor_name=0 nus=0 dfu=1 token=1 props=0x03
[RECV] CONNECT queue[0]: addr=FC:9A:15:34:AB:20 (random) link=nus uuid=- target=tag
[[HOST_CMD 449597.313] tdma hold 1
RECV] CONNECT pending[0]: addr_valid=1 link=nus uuid=- scan_running=1 conn_count=0
[RECV] CONNECT [RECV] TDMA rebalance hold=1 deferred=0
[RECV] tdma hold rc=0 hold=1
pending[0]: bt_le_scan_stop rc=0 scan_running=1
[RECV] CONNECT pending[0] rc=0 conn=0x200048a0
[RECV] Connected[0]: FC:9A:15:34:AB:20 (random) name=- bs=BSF66F
[RECV] CONNECT state[0]: link=nus uuid=- ready=0 conn=0x200048a0
SETUP[0] defer: waiting 346 ms before discovery start
SETUP[0] defer: waiting 296 ms before discovery start
SETUP[0] defer: waiting 245 ms before discovery start
[RECV] PHY updated[0]: tx=0x2 rx=0x2
SETUP[0] defer: waiting 195 ms before discovery start
SETUP[0] defer: waiting 145 ms before discovery start
SETUP[0] defer: waiting 94 ms before discovery start
S[HOST_CMD 449597.819] cmd_all MODE AOTA
ETUP[0] defer: waiting 44 ms before discovery start
[RECV] BLE cmd_all not sent: considered=0 target_kind=tag cmd=MODE AOTA
[RECV] cmd_all rc=-128 payload=MODE AOTA
SETUP[0] begin: link=nus uuid=- conn=0x200048a0
SETUP[0] mtu_exchange rc=0
SETUP[0] phy_update rc=0
SETUP[0] conn_param_update rc=0
[RECV] DISC start[0]: link=nus uuid=- conn=0x200048a0
[RECV] MTU exchange[0] done (498)
[RECV] Conn param updated[0]: int=6 lat=0 to=400
[RECV] PHY updated[0]: tx=0x2 rx=0x2
[RECV] DISC complete[0]: link=nus discovered_service=2800 uuid=-
[RECV] BLE[0] link ready
[RECV] TDMA rebalance deferred: hold=1
[RECV] SCAN start req: bt_ready=1 scan_running=0 connecting_slot=-1 conn_count=1 target=tag prefix=BS
[RECV] Scanning for BS*
[RECV] BSF66F notify: TR;3;4150;f;0;ff;ff;2767,2559,2566,2890,3200,3009,3060,3295;2767,2559,2566,2890,3200,3009,3060,3295;100,100,100,100,100,100,100,47;OOOOOOOO;93;0;671;8
[RECV] BSF66F notify: TR;3;4151;f;0;ff;ff;2771,2533,2592,2943,3279,3070,3030,2931;2771,2533,2592,2943,3279,3070,3030,2931;100,100,100,100,100,100,100,50;OOOOOOOO;93;0;701;8
[RECV] BSF66F notify: TR;3;4152;f;0;ff;7f;2775,2562,2601,2802,3274,3101,3034,0;2775,2562,2601,2802,3274,3101,3034,2931;100,100,100,100,100,100,100,47;OOOOOOOT;100;0;915;8
[RECV] BSF66F notify: TR;3;4153;f;0;ff;ff;2782,2554,2624,2795,3218,3064,3006,3297;2782,2554,2624,2795,3218,3064,3006,3297;100,100,100,100,100,100,100,50;OOOOOOOO;93;0;671;8
[RECV] BSF66F notify: RXG;1;4153;tag=1;mask=0xff;pc=8;guard=1200;spacing=1000;win=8165;pre=1;slot_to_entry_us=0;slot_to_sched_us=0;slot_to_write_done_us=0;slot_to_txcmd_us=274;slot_to_txdone_us=610;txcmd_to_txdone_us=335;txdone_to_rxstart_us=61;txdone_to_rxend_us=183;rxenable_
[RECV] BSF66F notify: TR;3;4154;f;0;ff;ff;2779,2560,2621,2758,3284,3157,3073,3248;2779,2560,2621,2758,3284,3157,3073,3248;100,100,100,100,100,100,100,52;OOOOOOOO;94;0;29357;8
[RECV] BSF66F notify: TR;3;4155;f;0;ff;7f;2808,2570,2610,2871,3261,3053,3065,0;2808,2570,2610,2871,3261,3053,3065,3248;100,100,100,100,100,100,100,50;OOOOOOOT;100;0;1037;8
[RECV] BSF66F notify: CD;1;4155;tag=1;local=0xb101;status=0x00806f02;rxf=0x07b6c814;win=8165;pc=8;mask=0xff;resp=8;unexp=0;last_len=20;last_src=0xa107;last_dst=0xb101;last_code=0xe1
[RECV] BSF66F notify: TR;3;4156;f;0;ff;ff;2854,2528,2597,2845,3235,3105,3226,3308;2854,2528,2597,2845,3235,3105,3226,3308;100,100,100,100,100,100,100,51;OOOOOOOO;93;0;15197;8
[RECV] BSF66F notify: TR;3;4157;f;0;ff;ff;2824,2589,2577,2752,3217,3099,2994,3274;2824,2589,2577,2752,3217,3099,2994,3274;100,100,100,100,100,100,100,53;OOOOOOOO;94;0;671;8
[RECV] BSF66F notify: TR;3;4158;f;0;ff;7f;2781,2561,2602,2724,3214,3088,3066,0;2781,2561,2602,2724,3214,3088,3066,3274;100,100,100,100,100,100,100,51;OOOOOOOT;100;0;885;8
[[HOST_CMD 449598.831] tdma clear
RECV] BSF66F notify: TR;3;4159;f;0;ff;ff;2778,2547,2558,2879,3254,3086,3152,3240;2778,2547,2558,2879,3254,3086,3152,3240;100,100,100,100,100,100,100,53;OOOOOOOO;94;0;671;8
[RECV] TDMA profiles cleared
[RECV] TDMA rebalance deferred: hold=1
[RECV] tdma clear rc=0
[RECV] BSF66F notify: TR;3;4160;f;0;ff;ff;2804,2576,2572,2918,3248,3083,3028,3296;2804,2576,2572,2918,3248,3083,3028,3296;100,100,100,100,100,100,100,54;OOOOOOOO;94;0;671;8
[RECV] BSF66F notify: TR;3;4161;f;0;ff;7f;2776,2656,2609,2925,3260,3130,3018,0;2776,2656,2609,2925,3260,3130,3018,3296;100,100,100,100,100,100,100,53;OOOOOOOT;100;0;885;8
[RECV] BSF66F notify: TR;3;4162;f;0;ff;ff;2820,2573,2644,2826,3313,3041,3041,3296;2820,2573,2644,2826,3313,3041,3041,3296;100,100,100,100,100,100,100,58;OOOOOOOO;94;0;671;8
[RECV] BSF66F notify: TR;3;4163;f;0;ff;7f;2814,2575,2617,2877,3199,3040,3047,0;2814,2575,2617,2877,3199,3040,3047,3296;100,100,100,100,100,100,100,55;OOOOOOOT;100;0;671;8
[RECV] BSF66F notify: RXG;1;4163;tag=1;mask=0xff;pc=8;guard=1200;spacing=1000;win=8165;pre=1;slot_to_entry_us=0;slot_to_sched_us=0;slot_to_write_done_us=0;slot_to_txcmd_us=274;slot_to_txdone_us=610;txcmd_to_txdone_us=335;txdone_to_rxstart_us=61;txdone_to_rxend_us=183;rxenable_
[RECV] BSF66F notify: TR;3;4164;f;0;ff;7f;2765,2588,2586,2795,3277,3060,3086,0;2765,2588,2586,2795,3277,3060,3086,3296;100,100,100,100,100,100,100,52;OOOOOOOT;100;0;29357;8
[RECV] BSF66F notify: TR;3;4165;f;0;ff;ff;2768,2545,2604,2931,3254,3122,3164,3153;2768,2545,2604,2931,3254,3122,3164,3153;100,100,100,100,100,100,100,55;OOOOOOOO;94;0;671;8
[RECV] BSF66F notify: CD;1;4165;tag=1;local=0xb101;status=0x00806f02;rxf=0x07b6c814;win=8165;pc=8;mask=0xff;resp=8;unexp=0;last_len=20;last_src=0xa107;last_dst=0xb101;last_code=0xe1
[RECV] BSF66F notify: TR;3;4166;f;0;ff;ff;2794,2543,2617,2912,3272,3010,2982,3285;2794,2543,2617,2912,3272,3010,2982,3285;100,100,100,100,100,100,100,57;OOOOOOOO;94;0;15228;8
[RECV] BSF66F notify: TR;3;4167;f;0;ff;7f;2814,2631,2621,2678,3233,3105,3024,0;2814,2631,2621,2678,3233,3105,3024,3285;100,100,100,100,100,100,100,54;OOOOOOOT;100;0;885;8
[RECV] BSF66F notify: TR;3;4168;f;0;ff;ff;2799,2577,2618,2642,3282,3093,3027,3325;2799,2577,2618,2642,3282,3093,3027,3325;100,100,100,100,100,100,100,56;OOOOOOOO;94;0;671;8
[RECV] BSF66F notify: TR;3;4169;f;0;ff;ff;2774,2560,2623,2731,3217,3041,3112,3246;2774,2560,2623,2731,3217,3041,3112,3246;100,100,100,100,100,100,100,58;OOOOOOOO;94;0;671;8
[RECV] BSF66F notify: TR;3;4170;f;0;ff;7f;2786,2531,2567,2937,3238,3089,3035,0;2786,2531,2567,2937,3238,3089,3035,3246;100,100,100,100,100,100,100,56;OOOOOOOT;100;0;915;8
[RECV] BSF66F notify: TR;3;4171;f;0;ff;ff;2765,2545,2592,2901,3229,3111,2991,3135;2765,2545,2592,2901,3229,3111,2991,3135;100,100,100,100,100,100,100,57;OOOOOOOO;94;0;701;8
[[HOST_CMD 449600.135] tdma freq static 5
RECV] BSF66F notify: TR;3;4172;f;0;ff;ff;2755,2567,2614,2698,3279,3135,3026,3240;2755,2567,2614,2698,3279,3135,3026,3240;100,100,100,100,100,100,100,59;OOOOOOOO;94;0;671;8
[RECV] TDMA freq set: static=5Hz
[RECV] TDMA rebalance deferred: hold=1
[RECV] tdma freq rc=0 profile=static hz=5
[RECV] BSF66F notify: TR;3;4173;f;0;ff;ff;2825,2567,2589,2785,3228,3112,3035,3289;2825,2567,2589,2785,3228,3112,3035,3289;100,100,100,100,100,100,100,60;OOOOOOOO;95;0;701;8
[RECV] BSF66F notify: RXG;1;4173;tag=1;mask=0xff;pc=8;guard=1200;spacing=1000;win=8165;pre=1;slot_to_entry_us=0;slot_to_sched_us=0;slot_to_write_done_us=0;slot_to_txcmd_us=274;slot_to_txdone_us=610;txcmd_to_txdone_us=335;txdone_to_rxstart_us=61;txdone_to_rxend_us=183;rxenable_
[RECV] BSF66F notify: TR;3;4174;f;0;ff;ff;2845,2612,2567,2817,3248,3030,3181,3211;2845,2612,2567,2817,3248,3030,3181,3211;100,100,100,100,100,100,100,62;OOOOOOOO;95;0;29327;8
[RECV] BSF66F notify: TR;3;4175;f;0;ff;ff;2789,2554,2621,2862,3266,3096,3029,3259;2789,2554,2621,2862,3266,3096,3029,3259;100,100,100,100,100,100,100,63;OOOOOOOO;95;0;671;8
[RECV] BSF66F notify: CD;1;4175;tag=1;local=0xb101;status=0x00800b02;rxf=0x07a6c814;win=8165;pc=8;mask=0xff;resp=7;unexp=0;last_len=20;last_src=0xa106;last_dst=0xb101;last_code=0xe1
[RECV] BSF66F notify: TR;3;4176;f;0;ff;7f;2806,2638,2601,2902,3247,3032,3062,0;2806,2638,2601,2902,3247,3032,3062,3259;100,100,100,100,100,100,100,61;OOOOOOOT;100;0;15350;8
[RECV] BSF66F notify: TR;3;4177;f;0;ff;ff;2806,2639,2626,2769,3217,3002,3028,3043;2806,2639,2626,2769,3217,3002,3028,3043;100,100,100,100,100,100,100,62;OOOOOOOO;95;0;701;8
[[HOST_CMD 449600.728] tdma freq roto 10
RECV] BSF66F notify: TR;3;4178;f;0;ff;ff;2807,2540,2608,2842,3223,3046,2986,3259;2807,2540,2608,2842,3223,3046,2986,3259;100,100,100,100,100,100,100,64;OOOOOOOO;95;0;671;8
[RECV] TDMA freq set: roto=10Hz
[RECV] TDMA rebalance deferred: hold=1
[RECV] tdma freq rc=0 profile=roto hz=10
[RECV] BSF66F notify: TR;3;4179;f;0;ff;7f;2821,2619,2595,2902,3276,3047,3030,0;2821,2619,2595,2902,3276,3047,3030,3259;100,100,100,100,100,100,100,61;OOOOOOOT;100;0;885;8
[RECV] BSF66F notify: TR;3;4180;f;0;ff;ff;2843,2564,2579,2949,3232,3067,2991,3156;2843,2564,2579,2949,3232,3067,2991,3156;100,100,100,100,100,100,100,63;OOOOOOOO;95;0;671;8
[RECV] BSF66F notify: TR;3;4181;f;0;ff;ff;2812,2561,2580,2912,3247,3068,3001,3236;2812,2561,2580,2912,3247,3068,3001,3236;100,100,100,100,100,100,100,65;OOOOOOOO;95;0;671;8
[RECV] BSF66F notify: TR;3;4182;f;0;ff;7f;2817,2565,2601,2715,3255,3064,3052,0;2817,2565,2601,2715,3255,3064,3052,3236;100,100,100,100,100,100,100,61;OOOOOOOT;100;0;915;8
[[HOST_CMD 449601.237] tdma freq motion 10
RECV] BSF66F notify: TR;3;4183;f;0;ff;ff;2836,2528,2632,2708,3253,3035,3042,3274;2836,2528,2632,2708,3253,3035,3042,3274;100,100,100,100,100,100,100,63;OOOOOOOO;95;0;671;8
[RECV] TDMA freq set: motion=10Hz
[RECV] TDMA rebalance deferred: hold=1
[RECV] tdma freq rc=0 profile=motion hz=10
[RECV] BSF66F notify: RXG;1;4183;tag=1;mask=0xff;pc=8;guard=1200;spacing=1000;win=8165;pre=1;slot_to_entry_us=0;slot_to_sched_us=0;slot_to_write_done_us=0;slot_to_txcmd_us=274;slot_to_txdone_us=610;txcmd_to_txdone_us=335;txdone_to_rxstart_us=61;txdone_to_rxend_us=183;rxenable_
[RECV] BSF66F notify: TR;3;4184;f;0;ff;ff;2807,2559,2597,2959,3252,3023,3064,3268;2807,2559,2597,2959,3252,3023,3064,3268;100,100,100,100,100,100,100,65;OOOOOOOO;95;0;29266;8
[RECV] BSF66F notify: TR;3;4185;f;0;ff;ff;2807,2522,2579,2905,3262,3071,3014,3275;2807,2522,2579,2905,3262,3071,3014,3275;100,100,100,100,100,100,100,66;OOOOOOOO;95;0;823;8
[RECV] BSF66F notify: CD;1;4185;tag=1;local=0xb101;status=0x00806f02;rxf=0x0776c814;win=8165;pc=8;mask=0xff;resp=8;unexp=0;last_len=20;last_src=0xa107;last_dst=0xb101;last_code=0xe1
[RECV] BSF66F notify: TR;3;4186;f;0;ff;ff;2847,2582,2620,2942,3256,3097,3177,3099;2847,2582,2620,2942,3256,3097,3177,3099;100,100,100,100,100,100,100,68;OOOOOOOO;96;0;15197;8
[RECV] BSF66F notify: TR;3;4187;f;0;ff;ff;2813,2575,2578,2811,3274,3081,2992,3245;2813,2575,2578,2811,3274,3081,2992,3245;100,100,100,100,100,100,100,69;OOOOOOOO;96;0;671;8
[RECV] BSF66F notify: TR;3;4188;f;0;ff;ff;2822,2555,2606,2761,3255,3075,3042,3240;2822,2555,2606,2761,3255,3075,3042,3240;100,100,100,100,100,100,100,70;OOOOOOOO;96;0;823;8
[[HOST_CMD 449601.831] tdma roster BSF66F motion
RECV] BSF66F notify: TR;3;4189;f;0;ff;ff;2796,2573,2585,2806,3212,3072,3057,3218;2796,2573,2585,2806,3212,3072,3057,3218;100,100,100,100,100,100,100,71;OOOOOOOO;96;0;671;8
[RECV] TDMA roster set: BSF66F -> motion
[RECV] tdma roster rc=0 target=BSF66F profile=motion
[RECV] BSF66F notify: TR;3;4190;f;0;ff;ff;2819,2540,2582,2913,3245,3106,3077,3211;2819,2540,2582,2913,3245,3106,3077,3211;100,100,100,100,100,100,100,72;OOOOOOOO;96;0;671;8
[RECV] BSF66F notify: TR;3;4191;f;0;ff;ff;2845,2556,2582,2905,3247,3068,2997,3187;2845,2556,2582,2905,3247,3068,2997,3187;100,100,100,100,100,100,100,73;OOOOOOOO;96;0;823;8
[RECV] BSF66F notify: TR;3;4192;f;0;ff;ff;2816,2538,2598,2775,3253,3071,3074,3279;2816,2538,2598,2775,3253,3071,3074,3279;100,100,100,100,100,100,100,74;OOOOOOOO;96;0;701;8
[RECV] BSF66F notify: TR;3;4193;f;0;ff;ff;2818,2546,2564,2835,3254,3096,3022,3267;2818,2546,2564,2835,3254,3096,3022,3267;100,100,100,100,100,100,100,75;OOOOOOOO;96;0;671;8
[[HOST_CMD 449602.374] ota_target token -1
RECV] BSF66F notify: RXG;1;4193;tag=1;mask=0xff;pc=8;guard=1200;spacing=1000;win=8165;pre=1;slot_to_entry_us=0;slot_to_sched_us=0;slot_to_write_done_us=0;slot_to_txcmd_us=274;slot_to_txdone_us=610;txcmd_to_txdone_us=335;txdone_to_rxstart_us=61;txdone_to_rxend_us=183;rxenable_
[RECV] ota_target token rc=0 value=-1
OTA target filter: token=-1 name=- prefix=bs uuid=-
[RECV] BSF66F notify: TR;3;4194;f;0;ff;7f;2777,2541,2623,2868,3260,3018,3064,0;2777,2541,2623,2868,3260,3018,3064,3267;100,100,100,100,100,100,100,70;OOOOOOOT;100;0;29388;8
[RECV] BSF66F notify: TR;3;4195;f;0;ff;ff;2777,2555,2616,2898,3270,3058,2991,3232;2777,2555,2616,2898,3270,3058,2991,3232;100,100,100,100,100,100,100,72;OOOOOOOO;96;0;579;8
[RECV] BSF66F notify: CD;1;4195;tag=1;local=0xb101;status=0x00800b02;rxf=0x07c6c814;win=8165;pc=8;mask=0xff;resp=7;unexp=0;last_len=20;last_src=0xa106;last_dst=0xb101;last_code=0xe1
[RECV] BSF66F notify: TR;3;4196;f;0;ff;7f;2771,2561,2604,2925,3260,3066,2989,0;2771,2561,2604,2925,3260,3066,2989,3232;100,100,100,100,100,100,100,68;OOOOOOOT;100;0;15350;8
[RECV] Conn param updated[0]: int=6 lat=0 to=400
[RECV] BSF66F notify: TR;3;4197;f;0;ff;ff;2839,2560,2590,2797,3275,3025,3099,3205;2839,2560,2590,2797,3275,3025,3099,3205;100,100,100,100,100,100,100,70;OOOOOOOO;96;0;854;8
[RECV] BSF66F notify: TR;3;4198;f;0;ff;7f;2825,2566,2584,2787,3266,3126,3021,0;2825,2566,2584,2787,3266,3126,3021,3205;100,100,100,100,100,100,100,66;OOOOOOOT;100;0;640;8
[RECV] BSF66F notify: TR;3;4199;f;0;ff;7f;2771,2560,2594,2760,3290,3052,3051,0;2771,2560,2594,2760,3290,3052,3051,3205;100,100,100,100,100,100,100,63;OOOOOOOT;100;0;640;8
[[HOST_CMD 449602.926] ota_target name -
RECV] BSF66F notify: TR;3;4200;f;0;ff;ff;2775,2590,2588,2884,3282,3000,3042,3321;2775,2590,2588,2884,3282,3000,3042,3321;100,100,100,100,100,100,100,65;OOOOOOOO;95;0;854;8
[RECV] ota_target name rc=0 value=-
OTA target filter: token=-1 name=- prefix=bs uuid=-
[RECV] BSF66F notify: TR;3;4201;f;0;ff;7f;2820,2557,2614,2969,3226,3085,3029,0;2820,2557,2614,2969,3226,3085,3029,3321;100,100,100,100,100,100,100,62;OOOOOOOT;100;0;671;8
[RECV] BSF66F notify: TR;3;4202;f;0;ff;7f;2834,2573,2601,2882,3252,3051,3058,0;2834,2573,2601,2882,3252,3051,3058,3321;100,100,100,100,100,100,100,60;OOOOOOOT;100;0;671;8
[RECV] BSF66F notify: TR;3;4203;f;0;ff;ff;2840,2568,2585,2841,3241,3066,2991,3228;2840,2568,2585,2841,3241,3066,2991,3228;100,100,100,100,100,100,100,61;OOOOOOOO;95;0;854;8
[RECV] BSF66F notify: RXG;1;4203;tag=1;mask=0xff;pc=8;guard=1200;spacing=1000;win=8165;pre=1;slot_to_entry_us=0;slot_to_sched_us=0;slot_to_write_done_us=0;slot_to_txcmd_us=274;slot_to_txdone_us=610;txcmd_to_txdone_us=335;txdone_to_rxstart_us=61;txdone_to_rxend_us=183;rxenable_
[RECV] BSF66F notify: TR;3;4204;f;0;ff;7f;2765,2579,2597,2782,3264,3080,3089,0;2765,2579,2597,2782,3264,3080,3089,3228;100,100,100,100,100,100,100,59;OOOOOOOT;100;0;29357;8
[[HOST_CMD 449603.451] ota_target prefix BS
RECV] BSF66F notify: TR;3;4205;f;0;ff;7f;2797,2560,2612,2810,3267,3088,3063,0;2797,2560,2612,2810,3267,3088,3063,3228;100,100,100,100,100,100,100,57;OOOOOOOT;100;0;671;8
[RECV] ota_target prefix rc=0 value=bs
OTA target filter: token=-1 name=- prefix=bs uuid=-
[RECV] BSF66F notify: CD;1;4205;tag=1;local=0xb101;status=0x00806f02;rxf=0x0786c814;win=8165;pc=8;mask=0xff;resp=8;unexp=0;last_len=20;last_src=0xa107;last_dst=0xb101;last_code=0xe1
[RECV] BSF66F notify: TR;3;4206;f;0;ff;ff;2788,2538,2608,2931,3260,3049,3052,3275;2788,2538,2608,2931,3260,3049,3052,3275;100,100,100,100,100,100,100,58;OOOOOOOO;94;0;15502;8
[RECV] BSF66F notify: TR;3;4207;f;0;ff;7f;2839,2577,2615,2782,3236,3055,3381,0;2839,2577,2615,2782,3236,3055,3381,3275;100,100,100,100,100,100,100,56;OOOOOOOT;100;0;640;8
[RECV] BSF66F notify: TR;3;4208;f;0;ff;7f;2783,2543,2607,2740,3254,3071,3074,0;2783,2543,2607,2740,3254,3071,3074,3275;100,100,100,100,100,100,100,54;OOOOOOOT;100;0;671;8
[RECV] BSF66F notify: TR;3;4209;f;0;ff;7f;2836,2573,2590,2893,3238,3064,3057,0;2836,2573,2590,2893,3238,3064,3057,3275;100,100,100,100,100,100,100,53;OOOOOOOT;100;0;793;8
[RECV] BSF66F notify: TR;3;4210;f;0;ff;7f;2787,2532,2574,2821,3243,3119,2999,0;2787,2532,2574,2821,3243,3119,2999,3275;100,100,100,100,100,100,100,52;OOOOOOOT;100;0;671;8
[[HOST_CMD 449604.041] ota_target uuid -
RECV] BSF66F notify: TR;3;4211;f;0;ff;7f;2759,2570,2611,2983,3259,3084,3034,0;2759,2570,2611,2983,3259,3084,3034,3275;100,100,100,100,100,100,100,50;OOOOOOOT;100;0;671;8
[RECV] ota_target uuid rc=0 value=-
OTA target filter: token=-1 name=- prefix=bs uuid=-
[RECV] BSF66F notify: TR;3;4212;f;0;ff;7f;2785,2551,2596,2766,3211,3087,2997,0;2785,2551,2596,2766,3211,3087,2997,3275;100,100,100,100,100,100,100,47;OOOOOOOT;100;0;915;8
[RECV] BSF66F notify: TR;3;4213;f;0;ff;7f;2801,2572,2588,2773,3288,3070,2994,0;2801,2572,2588,2773,3288,3070,2994,3275;100,100,100,100,100,100,100,45;OOOOOOOT;100;0;671;8
[RECV] BSF66F notify: RXG;1;4213;tag=1;mask=0xff;pc=8;guard=1200;spacing=1000;win=8165;pre=1;slot_to_entry_us=0;slot_to_sched_us=0;slot_to_write_done_us=0;slot_to_txcmd_us=274;slot_to_txdone_us=610;txcmd_to_txdone_us=335;txdone_to_rxstart_us=61;txdone_to_rxend_us=183;rxenable_
[RECV] BSF66F notify: TR;3;4214;f;0;ff;7f;2837,2557,2587,2860,3292,3068,2975,0;2837,2557,2587,2860,3292,3068,2975,3275;100,100,100,100,100,100,100,42;OOOOOOOT;100;0;29388;8
[RECV] BSF66F notify: TR;3;4215;f;0;ff;7f;2776,2550,2601,2912,3282,3063,2984,0;2776,2550,2601,2912,3282,3063,2984,3275;100,100,100,100,100,100,100,40;OOOOOOOT;100;0;793;8
[RECV] BSF66F notify: CD;1;4215;tag=1;local=0xb101;status=0x00800b02;rxf=0x07c6c814;win=8165;pc=8;mask=0xff;resp=7;unexp=0;last_len=20;last_src=0xa106;last_dst=0xb101;last_code=0xe1
[[HOST_CMD 449604.542] conn
RECV] BSF66F notify: TR;3;4216;f;0;ff;7f;2810,2524,2600,2925,3253,3057,3035,0;2810,2524,2600,2925,3253,3057,3035,3275;100,100,100,100,100,100,100,39;OOOOOOOT;100;0;15258;8
[RECV] Master discovery mode: CONN & START
[RECV] SCAN start req: bt_ready=1 scan_running=0 connecting_slot=-1 conn_count=1 target=tag prefix=BS
[RECV] Scanning for BS*
[RECV] BSF66F notify: TR;3;4217;f;0;ff;7f;2793,2548,2586,2796,3278,3082,2979,0;2793,2548,2586,2796,3278,3082,2979,3275;100,100,100,100,100,100,100,37;OOOOOOOT;100;0;640;8
[RECV] BSF66F notify: TR;3;4218;f;0;ff;7f;2809,2541,2607,2925,3262,3133,3005,0;2809,2541,2607,2925,3262,3133,3005,3275;100,100,100,100,100,100,100,36;OOOOOOOT;100;0;793;8
[RECV] BSF66F notify: TR;3;4219;f;0;ff;7f;2793,2529,2620,2970,3247,3110,3031,0;2793,2529,2620,2970,3247,3110,3031,3275;100,100,100,100,100,100,100,34;OOOOOOOT;100;0;671;8
[RECV] BSF66F notify: TR;3;4220;f;0;ff;7f;2780,2548,2629,2959,3245,3068,3001,0;2780,2548,2629,2959,3245,3068,3001,3275;100,100,100,100,100,100,100,33;OOOOOOOT;100;0;640;8
[RECV] BSF66F notify: TR;3;4221;f;0;ff;7f;2808,2568,2609,2966,3279,3084,2989,0;2808,2568,2609,2966,3279,3084,2989,3275;100,100,100,100,100,100,100,32;OOOOOOOT;100;0;793;8
[RECV] BSF66F notify: TR;3;4222;f;0;ff;7f;2766,2527,2599,2732,3252,3079,2990,0;2766,2527,2599,2732,3252,3079,2990,3275;100,100,100,100,100,100,100,31;OOOOOOOT;100;0;671;8
[RECV] BSF66F notify: TR;3;4223;f;0;ff;7f;2819,2592,2628,2813,3263,3048,3011,0;2819,2592,2628,2813,3263,3048,3011,3275;100,100,100,100,100,100,100,30;OOOOOOOT;100;0;640;8
[RECV] BSF66F notify: RXG;1;4223;tag=1;mask=0xff;pc=8;guard=1200;spacing=1000;win=8165;pre=1;slot_to_entry_us=0;slot_to_sched_us=0;slot_to_write_done_us=0;slot_to_txcmd_us=274;slot_to_txdone_us=610;txcmd_to_txdone_us=335;txdone_to_rxstart_us=61;txdone_to_rxend_us=183;rxenable_
[RECV] BSF66F notify: TR;3;4224;f;0;ff;7f;2768,2565,2615,2820,3240,3109,3018,0;2768,2565,2615,2820,3240,3109,3018,3275;100,100,100,100,100,100,100,29;OOOOOOOT;100;0;29357;8
[RECV] BSF66F notify: TR;3;4225;f;0;ff;7f;2796,2550,2613,2888,3271,3045,3011,0;2796,2550,2613,2888,3271,3045,3011,3275;100,100,100,100,100,100,100,28;OOOOOOOT;100;0;671;8
[RECV] BSF66F notify: CD;1;4225;tag=1;local=0xb101;status=0x00800b02;rxf=0x0776c814;win=8165;pc=8;mask=0xff;resp=7;unexp=0;last_len=20;last_src=0xa106;last_dst=0xb101;last_code=0xe1
[RECV] BSF66F notify: TR;3;4226;f;0;ff;7f;2825,2541,2608,2808,3453,3053,3050,0;2825,2541,2608,2808,3453,3053,3050,3275;100,100,100,100,100,100,100,29;OOOOOOOT;100;0;15197;8
[RECV] BSF66F notify: TR;3;4227;f;0;ff;7f;2775,2561,2577,2832,3252,3133,3073,0;2775,2561,2577,2832,3252,3133,3073,3275;100,100,100,100,100,100,100,27;OOOOOOOT;100;0;793;8
[RECV] BSF66F notify: TR;3;4228;f;0;ff;7f;2820,2565,2562,2751,3271,3078,2995,0;2820,2565,2562,2751,3271,3078,2995,3275;100,100,100,100,100,100,100,26;OOOOOOOT;100;0;671;8
[RECV] BSF66F notify: TR;3;4229;f;0;ff;7f;2835,2558,2621,2732,3456,3105,3008,0;2835,2558,2621,2732,3456,3105,3008,3275;100,100,100,100,100,100,100,25;OOOOOOOT;100;0;640;8
[RECV] BSF66F notify: TR;3;4230;f;0;ff;ff;2788,2561,2565,2844,3264,3087,3018,3231;2788,2561,2565,2844,3264,3087,3018,3231;100,100,100,100,100,100,100,28;OOOOOOOO;91;0;915;8
[RECV] BSF66F notify: TR;3;4231;f;0;ff;7f;2824,2567,2584,2934,3289,3084,3044,0;2824,2567,2584,2934,3289,3084,3044,3231;100,100,100,100,100,100,100,27;OOOOOOOT;100;0;640;8
[RECV] BSF66F notify: TR;3;4232;f;0;ff;7f;2802,2540,2590,2640,3317,3105,3014,0;2802,2540,2590,2640,3317,3105,3014,3231;100,100,100,100,100,100,100,26;OOOOOOOT;100;0;671;8
[RECV] BSF66F notify: TR;3;4233;f;0;ff;ff;2771,2562,2606,2787,3234,3103,3081,3330;2771,2562,2606,2787,3234,3103,3081,3330;100,100,100,100,100,100,100,29;OOOOOOOO;91;0;915;8
[RECV] BSF66F notify: RXG;1;4233;tag=1;mask=0xff;pc=8;guard=1200;spacing=1000;win=8165;pre=1;slot_to_entry_us=0;slot_to_sched_us=0;slot_to_write_done_us=0;slot_to_txcmd_us=366;slot_to_txdone_us=701;txcmd_to_txdone_us=335;txdone_to_rxstart_us=61;txdone_to_rxend_us=183;rxenable_
[RECV] BSF66F notify: TR;3;4234;f;0;ff;7f;2803,2549,2628,2871,3248,3079,3058,0;2803,2549,2628,2871,3248,3079,3058,3330;100,100,100,100,100,100,100,28;OOOOOOOT;100;0;29449;8
[RECV] BSF66F notify: TR;3;4235;f;0;ff;ef;2811,2544,2609,2935,0,3094,3042,3241;2811,2544,2609,2935,3248,3094,3042,3241;100,100,100,100,96,100,100,30;OOOOTOOO;90;0;671;8
[RECV] BSF66F notify: CD;1;4235;tag=1;local=0xb101;status=0x00800f02;rxf=0x0786c814;win=8165;pc=8;mask=0xff;resp=7;unexp=0;last_len=20;last_src=0xa106;last_dst=0xb101;last_code=0xe1
[RECV] BSF66F notify: TR;3;4236;f;0;ff;7f;2827,2525,2585,2965,3246,3079,2963,0;2827,2525,2585,2965,3246,3079,2963,3241;100,100,100,100,96,100,100,29;OOOOOOOT;99;0;15197;8
[RECV] BSF66F notify: TR;3;4237;f;0;ff;7f;2769,2580,2612,2672,3278,3093,3074,0;2769,2580,2612,2672,3278,3093,3074,3241;100,100,100,100,96,100,100,28;OOOOOOOT;99;0;671;8
[RECV] BSF66F notify: TR;3;4238;f;0;ff;7f;2759,2608,2609,2656,3341,3115,3028,0;2759,2608,2609,2656,3341,3115,3028,3241;100,100,100,100,96,100,100,27;OOOOOOOT;99;0;671;8
[RECV] BSF66F notify: TR;3;4239;f;0;ff;7f;2778,2582,2613,2766,3245,3087,3021,0;2778,2582,2613,2766,3245,3087,3021,3241;100,100,100,100,96,100,100,26;OOOOOOOT;99;0;732;8
[RECV] BSF66F notify: TR;3;4240;f;0;ff;7f;2776,2582,2624,2971,3222,3071,3011,0;2776,2582,2624,2971,3222,3071,3011,3241;100,100,100,100,96,100,100,25;OOOOOOOT;99;0;640;8
[RECV] BSF66F notify: TR;3;4241;f;0;ff;7f;2785,2585,2602,2879,3421,3097,3041,0;2785,2585,2602,2879,3421,3097,3041,3241;100,100,100,100,96,100,100,25;OOOOOOOT;99;0;671;8
[RECV] BSF66F notify: TR;3;4242;f;0;ff;7f;2814,2565,2593,2682,3238,3077,3018,0;2814,2565,2593,2682,3238,3077,3018,3241;100,100,100,100,100,100,100,23;OOOOOOOT;100;0;732;8
[RECV] BSF66F notify: TR;3;4243;f;0;ff;7f;2773,2590,2598,2692,3191,3050,3026,0;2773,2590,2598,2692,3191,3050,3026,3241;100,100,100,100,100,100,100,22;OOOOOOOT;100;0;671;8
[RECV] BSF66F notify: RXG;1;4243;tag=1;mask=0xff;pc=8;guard=1200;spacing=1000;win=8165;pre=1;slot_to_entry_us=0;slot_to_sched_us=0;slot_to_write_done_us=0;slot_to_txcmd_us=274;slot_to_txdone_us=610;txcmd_to_txdone_us=335;txdone_to_rxstart_us=61;txdone_to_rxend_us=183;rxenable_
[RECV] BSF66F notify: TR;3;4244;f;0;ff;7f;2787,2589,2604,2649,3526,3074,3107,0;2787,2589,2604,2649,3526,3074,3107,3241;100,100,100,100,100,100,100,21;OOOOOOOT;100;0;29296;8
[RECV] BSF66F notify: TR;3;4245;f;0;ff;7f;2802,2572,2581,2838,3279,3087,3051,0;2802,2572,2581,2838,3279,3087,3051,3241;100,100,100,100,100,100,100,20;OOOOOOOT;100;0;732;8
[RECV] BSF66F notify: CD;1;4245;tag=1;local=0xb101;status=0x00800f02;rxf=0x07a6c814;win=8165;pc=8;mask=0xff;resp=7;unexp=0;last_len=20;last_src=0xa106;last_dst=0xb101;last_code=0xe1
[RECV] BSF66F notify: TR;3;4246;f;0;ff;7f;2787,2541,2554,2968,3244,3094,3048,0;2787,2541,2554,2968,3244,3094,3048,3241;100,100,100,100,100,100,100,19;OOOOOOOT;100;0;15289;8
[RECV] BSF66F notify: TR;3;4247;f;0;ff;7f;2788,2608,2549,2670,3307,3067,3082,0;2788,2608,2549,2670,3307,3067,3082,3241;100,100,100,100,100,100,100,18;OOOOOOOT;100;0;671;8
[RECV] BSF66F notify: TR;3;4248;f;0;ff;7f;2778,2635,2606,2719,3284,3141,3032,0;2778,2635,2606,2719,3284,3141,3032,3241;100,100,100,100,100,100,100,17;OOOOOOOT;100;0;732;8
[RECV] BSF66F notify: TR;3;4249;f;0;ff;7f;2821,2559,2609,2751,3246,3101,3015,0;2821,2559,2609,2751,3246,3101,3015,3241;100,100,100,100,100,100,100,16;OOOOOOOT;100;0;671;8
[RECV] BSF66F notify: TR;3;4250;f;0;ff;7f;2841,2564,2574,2877,3434,3070,3074,0;2841,2564,2574,2877,3434,3070,3074,3241;100,100,100,100,100,100,100,16;OOOOOOOT;100;0;640;8
[RECV] BSF66F notify: TR;3;4251;f;0;ff;7f;2789,2547,2599,2858,3223,3132,3037,0;2789,2547,2599,2858,3223,3132,3037,3241;100,100,100,100,100,100,100,15;OOOOOOOT;100;0;732;8
[RECV] BSF66F notify: TR;3;4252;f;0;ff;7f;2843,2571,2596,2797,3232,3080,3063,0;2843,2571,2596,2797,3232,3080,3063,3241;100,100,100,100,100,100,100,14;OOOOOOOT;100;0;671;8
[RECV] BSF66F notify: TR;3;4253;f;0;ff;7f;2834,2583,2613,2718,3554,3147,3014,0;2834,2583,2613,2718,3554,3147,3014,3241;100,100,100,100,100,100,100,14;OOOOOOOT;100;0;671;8
[RECV] BSF66F notify: RXG;1;4253;tag=1;mask=0xff;pc=8;guard=1200;spacing=1000;win=8165;pre=1;slot_to_entry_us=0;slot_to_sched_us=0;slot_to_write_done_us=0;slot_to_txcmd_us=274;slot_to_txdone_us=610;txcmd_to_txdone_us=335;txdone_to_rxstart_us=61;txdone_to_rxend_us=183;rxenable_
[RECV] BSF66F notify: TR;3;4254;f;0;ff;7f;2751,2610,2593,2692,3286,3121,3055,0;2751,2610,2593,2692,3286,3121,3055,3241;100,100,100,100,100,100,100,13;OOOOOOOT;100;0;29235;8
[RECV] BSF66F notify: TR;3;4255;f;0;ff;7f;2850,2545,2595,2936,3255,3054,3028,0;2850,2545,2595,2936,3255,3054,3028,3241;100,100,100,100,100,100,100,13;OOOOOOOT;100;0;671;8
[RECV] BSF66F notify: CD;1;4255;tag=1;local=0xb101;status=0x00800b02;rxf=0x0776c814;win=8165;pc=8;mask=0xff;resp=7;unexp=0;last_len=20;last_src=0xa106;last_dst=0xb101;last_code=0xe1
[RECV] BSF66F notify: TR;3;4256;f;0;ff;7f;2838,2547,2591,2795,3505,3132,3061,0;2838,2547,2591,2795,3505,3132,3061,3241;100,100,100,100,100,100,100,12;OOOOOOOT;100;0;15197;8
[RECV] BSF66F notify: TR;3;4257;f;0;ff;ff;2818,2532,2654,2742,3269,3108,3028,3280;2818,2532,2654,2742,3269,3108,3028,3280;100,100,100,100,100,100,100,15;OOOOOOOO;100;0;915;8
[RECV] BSF66F notify: TR;3;4258;f;0;ff;7f;2795,2558,2610,2803,3284,3138,3027,0;2795,2558,2610,2803,3284,3138,3027,3280;100,100,100,100,100,100,100,17;OOOOOOOT;100;0;640;8
[RECV] BSF66F notify: TR;3;4259;f;0;ff;7f;2803,2577,2589,2895,3503,3077,3029,0;2803,2577,2589,2895,3503,3077,3029,3280;100,100,100,100,100,100,100,16;OOOOOOOT;100;0;671;8
[RECV] BSF66F notify: TR;3;4260;f;0;ff;7f;2791,2570,2612,2935,3257,3069,2996,0;2791,2570,2612,2935,3257,3069,2996,3280;100,100,100,100,100,100,100,15;OOOOOOOT;100;0;671;8
[RECV] BSF66F notify: TR;3;4261;f;0;ff;7f;2782,2550,2575,2923,3224,3087,2985,0;2782,2550,2575,2923,3224,3087,2985,3280;100,100,100,100,100,100,100,15;OOOOOOOT;100;0;671;8
[RECV] BSF66F notify: TR;3;4262;f;0;ff;7f;2785,2576,2603,2683,3516,3104,3048,0;2785,2576,2603,2683,3516,3104,3048,3280;100,100,100,100,100,100,100,14;OOOOOOOT;100;0;671;8
[RECV] BSF66F notify: TR;3;4263;f;0;ff;ff;2778,2577,2625,2642,3262,3087,3032,3243;2778,2577,2625,2642,3262,3087,3032,3243;100,100,100,100,100,100,100,18;OOOOOOOO;100;0;915;8
[RECV] BSF66F notify: RXG;1;4263;tag=1;mask=0xff;pc=8;guard=1200;spacing=1000;win=8165;pre=1;slot_to_entry_us=0;slot_to_sched_us=0;slot_to_write_done_us=0;slot_to_txcmd_us=335;slot_to_txdone_us=762;txcmd_to_txdone_us=427;txdone_to_rxstart_us=61;txdone_to_rxend_us=183;rxenable_
[RECV] BSF66F notify: TR;3;4264;f;0;ff;7f;2820,2548,2595,2641,3246,3097,3022,0;2820,2548,2595,2641,3246,3097,3022,3243;100,100,100,100,100,100,100,17;OOOOOOOT;100;0;29449;8
[RECV] BSF66F notify: TR;3;4265;f;0;ff;7f;2778,2539,2588,2943,3484,3058,2983,0;2778,2539,2588,2943,3484,3058,2983,3243;100,100,100,100,100,100,100,16;OOOOOOOT;100;0;671;8
[RECV] BSF66F notify: CD;1;4265;tag=1;local=0xb101;status=0x00800f02;rxf=0x0766c814;win=8165;pc=8;mask=0xff;resp=7;unexp=0;last_len=20;last_src=0xa106;last_dst=0xb101;last_code=0xe1
[RECV] BSF66F notify: TR;3;4266;f;0;ff;7f;2818,2555,2621,2821,3242,3055,3015,0;2818,2555,2621,2821,3242,3055,3015,3243;100,100,100,100,100,100,100,16;OOOOOOOT;100;0;15228;8
[RECV] BSF66F notify: TR;3;4267;f;0;ff;7f;2804,2548,2609,2656,3250,3169,3064,0;2804,2548,2609,2656,3250,3169,3064,3243;100,100,100,100,100,100,100,15;OOOOOOOT;100;0;671;8
[RECV] BSF66F notify: TR;3;4268;f;0;ff;7f;2808,2568,2633,2707,3396,3038,3092,0;2808,2568,2633,2707,3396,3038,3092,3243;100,100,100,100,100,100,100,14;OOOOOOOT;100;0;640;8
[RECV] BSF66F notify: TR;3;4269;f;0;ff;ff;2793,2563,2591,2698,3263,3083,3021,3208;2793,2563,2591,2698,3263,3083,3021,3208;100,100,100,100,100,100,100,17;OOOOOOOO;100;0;915;8
[RECV] BSF66F notify: TR;3;4270;f;0;ff;ff;2792,2578,2598,2775,3262,3084,3038,3259;2792,2578,2598,2775,3262,3084,3038,3259;100,100,100,100,100,100,100,20;OOOOOOOO;90;0;671;8
[RECV] BSF66F notify: TR;3;4271;f;0;ff;7f;2797,2559,2622,2947,3252,3138,2982,0;2797,2559,2622,2947,3252,3138,2982,3259;100,100,100,100,100,100,100,20;OOOOOOOT;100;0;671;8
[RECV] BSF66F notify: TR;3;4272;f;0;ff;7f;2821,2565,2610,2839,3271,3129,3071,0;2821,2565,2610,2839,3271,3129,3071,3259;100,100,100,100,100,100,100,19;OOOOOOOT;100;0;671;8
[RECV] BSF66F notify: TR;3;4273;f;0;ff;ff;2831,2576,2623,2655,3259,3103,2998,3172;2831,2576,2623,2655,3259,3103,2998,3172;100,100,100,100,100,100,100,21;OOOOOOOO;90;0;671;8
[RECV] BSF66F notify: RXG;1;4273;tag=1;mask=0xff;pc=8;guard=1200;spacing=1000;win=8165;pre=1;slot_to_entry_us=0;slot_to_sched_us=0;slot_to_write_done_us=0;slot_to_txcmd_us=274;slot_to_txdone_us=610;txcmd_to_txdone_us=335;txdone_to_rxstart_us=61;txdone_to_rxend_us=183;rxenable_
[RECV] BSF66F notify: TR;3;4274;f;0;ff;7f;2819,2557,2628,2748,3265,3075,3030,0;2819,2557,2628,2748,3265,3075,3030,3172;100,100,100,100,100,100,100,23;OOOOOOOT;100;0;29235;8
[RECV] BSF66F notify: TR;3;4275;f;0;ff;ff;2752,2577,2600,2880,3275,3086,2940,3201;2752,2577,2600,2880,3275,3086,2940,3201;100,100,100,100,100,100,100,27;OOOOOOOO;90;0;793;8
[RECV] BSF66F notify: CD;1;4275;tag=1;local=0xb101;status=0x00806f02;rxf=0x07a6c814;win=8165;pc=8;mask=0xff;resp=8;unexp=0;last_len=20;last_src=0xa107;last_dst=0xb101;last_code=0xe1
[RECV] BSF66F notify: TR;3;4276;f;0;ff;ff;2817,2563,2576,2804,3275,3087,3036,3277;2817,2563,2576,2804,3275,3087,3036,3277;100,100,100,100,100,100,100,31;OOOOOOOO;91;0;15228;8
[RECV] BSF66F notify: TR;3;4277;f;0;ff;7f;2844,2543,2614,2683,3281,3041,3050,0;2844,2543,2614,2683,3281,3041,3050,3277;100,100,100,100,100,100,100,30;OOOOOOOT;100;0;671;8
[RECV] BSF66F notify: TR;3;4278;f;0;ff;7f;2756,2571,2596,2747,3243,3035,3033,0;2756,2571,2596,2747,3243,3035,3033,3277;100,100,100,100,100,100,100,28;OOOOOOOT;100;0;671;8
[RECV] BSF66F notify: TR;3;4279;f;0;ff;ff;2811,2556,2616,2750,3242,3099,3031,3272;2811,2556,2616,2750,3242,3099,3031,3272;100,100,100,100,100,100,100,31;OOOOOOOO;91;0;671;8
[RECV] BSF66F notify: TR;3;4280;f;0;ff;ff;2846,2566,2598,2910,3276,3080,2998,3210;2846,2566,2598,2910,3276,3080,2998,3210;100,100,100,100,100,100,100,34;OOOOOOOO;91;0;671;8
[RECV] BSF66F notify: TR;3;4281;f;0;ff;7f;2808,2511,2570,2944,3253,3135,3047,0;2808,2511,2570,2944,3253,3135,3047,3210;100,100,100,100,100,100,100,33;OOOOOOOT;100;0;671;8
[RECV] BSF66F notify: TR;3;4282;f;0;ff;ff;2823,2512,2576,2784,3282,3080,2999,3298;2823,2512,2576,2784,3282,3080,2999,3298;100,100,100,100,100,100,100,36;OOOOOOOO;92;0;671;8
[RECV] BSF66F notify: TR;3;4283;f;0;ff;7f;2766,2562,2571,2664,3258,3085,3021,0;2766,2562,2571,2664,3258,3085,3021,3298;100,100,100,100,100,100,100,34;OOOOOOOT;100;0;671;8
[RECV] BSF66F notify: RXG;1;4283;tag=1;mask=0xff;pc=8;guard=1200;spacing=1000;win=8165;pre=1;slot_to_entry_us=0;slot_to_sched_us=0;slot_to_write_done_us=0;slot_to_txcmd_us=274;slot_to_txdone_us=610;txcmd_to_txdone_us=335;txdone_to_rxstart_us=61;txdone_to_rxend_us=183;rxenable_
[RECV] BSF66F notify: TR;3;4284;f;0;ff;7f;2814,2542,2609,2946,3271,3053,3025,0;2814,2542,2609,2946,3271,3053,3025,3298;100,100,100,100,100,100,100,33;OOOOOOOT;100;0;29235;8
[RECV] BSF66F notify: TR;3;4285;f;0;ff;ff;2787,2515,2603,2897,3250,3062,3061,3263;2787,2515,2603,2897,3250,3062,3061,3263;100,100,100,100,100,100,100,35;OOOOOOOO;91;0;671;8
[RECV] BSF66F notify: CD;1;4285;tag=1;local=0xb101;status=0x00800b02;rxf=0x0796c814;win=8165;pc=8;mask=0xff;resp=7;unexp=0;last_len=20;last_src=0xa106;last_dst=0xb101;last_code=0xe1
[RECV] BSF66F notify: TR;3;4286;f;0;ff;7f;2756,2543,2613,2895,3246,3057,3039,0;2756,2543,2613,2895,3246,3057,3039,3263;100,100,100,100,100,100,100,34;OOOOOOOT;100;0;15228;8
[RECV] BSF66F notify: TR;3;4287;f;0;ff;7f;2843,2564,2637,2816,3244,3119,2958,0;2843,2564,2637,2816,3244,3119,2958,3263;100,100,100,100,100,100,100,33;OOOOOOOT;100;0;671;8
[RECV] BSF66F notify: TR;3;4288;f;0;ff;ff;2777,2541,2625,2780,3240,3037,2994,3238;2777,2541,2625,2780,3240,3037,2994,3238;100,100,100,100,100,100,100,35;OOOOOOOO;91;0;671;8
[RECV] BSF66F notify: TR;3;4289;f;0;ff;7f;2765,2538,2611,2778,3260,3114,3067,0;2765,2538,2611,2778,3260,3114,3067,3238;100,100,100,100,100,100,100,34;OOOOOOOT;100;0;671;8
[RECV] BSF66F notify: TR;3;4290;f;0;ff;7f;2794,2576,2657,3019,3203,3112,3069,0;2794,2576,2657,3019,3203,3112,3069,3238;100,100,100,100,100,100,100,35;OOOOOOOT;100;0;671;8
[RECV] BSF66F notify: TR;3;4291;f;0;ff;ff;2753,2565,2570,2951,3235,3072,3045,3293;2753,2565,2570,2951,3235,3072,3045,3293;100,100,100,100,100,100,100,38;OOOOOOOO;92;0;701;8
[RECV] BSF66F notify: TR;3;4292;f;0;ff;7f;2752,2580,2605,2704,3270,3045,2992,0;2752,2580,2605,2704,3270,3045,2992,3293;100,100,100,100,100,100,100,36;OOOOOOOT;100;0;671;8
[RECV] BSF66F notify: TR;3;4293;f;0;ff;ff;2768,2553,2606,2678,3278,3117,3028,3208;2768,2553,2606,2678,3278,3117,3028,3208;100,100,100,100,100,100,100,40;OOOOOOOO;92;0;793;8
[RECV] BSF66F notify: RXG;1;4293;tag=1;mask=0xff;pc=8;guard=1200;spacing=1000;win=8165;pre=1;slot_to_entry_us=0;slot_to_sched_us=0;slot_to_write_done_us=0;slot_to_txcmd_us=335;slot_to_txdone_us=762;txcmd_to_txdone_us=427;txdone_to_rxstart_us=61;txdone_to_rxend_us=183;rxenable_
[RECV] BSF66F notify: TR;3;4294;f;0;ff;ff;2795,2569,2603,2761,3255,3092,3036,3180;2795,2569,2603,2761,3255,3092,3036,3180;100,100,100,100,100,100,100,42;OOOOOOOO;92;0;29479;8
[RECV] BSF66F notify: TR;3;4295;f;0;ff;7f;2762,2549,2574,2828,3303,2991,3082,0;2762,2549,2574,2828,3303,2991,3082,3180;100,100,100,100,100,100,100,40;OOOOOOOT;100;0;671;8
[RECV] BSF66F notify: CD;1;4295;tag=1;local=0xb101;status=0x00800f02;rxf=0x0796c814;win=8165;pc=8;mask=0xff;resp=7;unexp=0;last_len=20;last_src=0xa106;last_dst=0xb101;last_code=0xe1
[RECV] BSF66F notify: TR;3;4296;f;0;ff;7f;2812,2543,2597,2924,3236,3100,3045,0;2812,2543,2597,2924,3236,3100,3045,3180;100,100,100,100,100,100,100,39;OOOOOOOT;100;0;15136;8
[RECV] BSF66F notify: TR;3;4297;f;0;ff;ff;2792,2562,2644,2694,3274,3100,3068,3209;2792,2562,2644,2694,3274,3100,3068,3209;100,100,100,100,100,100,100,41;OOOOOOOO;92;0;671;8
[RECV] BSF66F notify: TR;3;4298;f;0;ff;7f;2762,2574,2597,2644,3229,3135,3048,0;2762,2574,2597,2644,3229,3135,3048,3209;100,100,100,100,100,100,100,40;OOOOOOOT;100;0;671;8
[RECV] BSF66F notify: TR;3;4299;f;0;ff;ff;2805,2603,2569,2668,3239,3119,3055,3261;2805,2603,2569,2668,3239,3119,3055,3261;100,100,100,100,100,100,100,42;OOOOOOOO;92;0;732;8
[RECV] BSF66F notify: TR;3;4300;f;0;ff;ff;2738,2527,2589,2848,3218,3072,3074,3265;2738,2527,2589,2848,3218,3072,3074,3265;100,100,100,100,100,100,100,44;OOOOOOOO;93;0;671;8
[RECV] BSF66F notify: TR;3;4301;f;0;ff;7f;2812,2543,2639,2919,3225,3047,2966,0;2812,2543,2639,2919,3225,3047,2966,3265;100,100,100,100,100,100,100,42;OOOOOOOT;100;0;640;8
[RECV] BSF66F notify: TR;3;4302;f;0;ff;ff;2799,2553,2617,2780,3236,3073,3037,3241;2799,2553,2617,2780,3236,3073,3037,3241;100,100,100,100,100,100,100,44;OOOOOOOO;93;0;732;8
[RECV] BSF66F notify: TR;3;4303;f;0;ff;ff;2808,2556,2612,2756,3289,3068,3043,3285;2808,2556,2612,2756,3289,3068,3043,3285;100,100,100,100,100,100,100,46;OOOOOOOO;93;0;701;8
[RECV] BSF66F notify: RXG;1;4303;tag=1;mask=0xff;pc=8;guard=1200;spacing=1000;win=8165;pre=1;slot_to_entry_us=0;slot_to_sched_us=0;slot_to_write_done_us=0;slot_to_txcmd_us=274;slot_to_txdone_us=610;txcmd_to_txdone_us=335;txdone_to_rxstart_us=61;txdone_to_rxend_us=183;rxenable_
[RECV] BSF66F notify: TR;3;4304;f;0;ff;7f;2814,2578,2587,2857,3257,3087,3073,0;2814,2578,2587,2857,3257,3087,3073,3285;100,100,100,100,100,100,100,45;OOOOOOOT;100;0;29388;8
[RECV] BSF66F notify: TR;3;4305;f;0;ff;7f;2791,2556,2618,2910,3265,3139,3053,0;2791,2556,2618,2910,3265,3139,3053,3285;100,100,100,100,100,100,100,43;OOOOOOOT;100;0;671;8
[RECV] BSF66F notify: CD;1;4305;tag=1;local=0xb101;status=0x00806f02;rxf=0x07c6c814;win=8165;pc=8;mask=0xff;resp=8;unexp=0;last_len=20;last_src=0xa107;last_dst=0xb101;last_code=0xe1
[RECV] BSF66F notify: TR;3;4306;f;0;ff;ff;2761,2537,2583,2787,3231,3060,3077,3243;2761,2537,2583,2787,3231,3060,3077,3243;100,100,100,100,100,100,100,47;OOOOOOOO;93;0;15197;8
[RECV] BSF66F notify: TR;3;4307;f;0;ff;7f;2806,2556,2617,2843,3245,3073,3091,0;2806,2556,2617,2843,3245,3073,3091,3243;100,100,100,100,100,100,100,44;OOOOOOOT;100;0;671;8
[RECV] BSF66F notify: TR;3;4308;f;0;ff;7f;2807,2519,2603,2798,3264,3031,3014,0;2807,2519,2603,2798,3264,3031,3014,3243;100,100,100,100,100,100,100,42;OOOOOOOT;100;0;671;8
[RECV] BSF66F notify: TR;3;4309;f;0;ff;ff;2844,2582,2597,2828,3232,3044,3018,3144;2844,2582,2597,2828,3232,3044,3018,3144;100,100,100,100,100,100,100,45;OOOOOOOO;93;0;701;8
[RECV] BSF66F notify: TR;3;4310;f;0;ff;7f;2792,2578,2596,2952,3262,3069,3026,0;2792,2578,2596,2952,3262,3069,3026,3144;100,100,100,100,100,100,100,42;OOOOOOOT;100;0;671;8
[RECV] BSF66F notify: TR;3;4311;f;0;ff;7f;2788,2566,2587,2942,3227,3135,2971,0;2788,2566,2587,2942,3227,3135,2971,3144;100,100,100,100,100,100,100,40;OOOOOOOT;100;0;671;8
[RECV] BSF66F notify: TR;3;4312;f;0;ff;ff;2828,2616,2549,2776,3268,3077,3023,3253;2828,2616,2549,2776,3268,3077,3023,3253;100,100,100,100,100,100,100,43;OOOOOOOO;92;0;671;8
[RECV] BSF66F notify: TR;3;4313;f;0;ff;ff;2781,2540,2616,2689,3254,3060,2979,3250;2781,2540,2616,2689,3254,3060,2979,3250;100,100,100,100,100,100,100,45;OOOOOOOO;93;0;671;8
[RECV] BSF66F notify: RXG;1;4313;tag=1;mask=0xff;pc=8;guard=1200;spacing=1000;win=8165;pre=1;slot_to_entry_us=0;slot_to_sched_us=0;slot_to_write_done_us=0;slot_to_txcmd_us=274;slot_to_txdone_us=610;txcmd_to_txdone_us=335;txdone_to_rxstart_us=61;txdone_to_rxend_us=183;rxenable_
[RECV] BSF66F notify: TR;3;4314;f;0;ff;7f;2817,2597,2612,2770,3277,3068,3000,0;2817,2597,2612,2770,3277,3068,3000,3250;100,100,100,100,100,100,100,44;OOOOOOOT;100;0;29418;8
[RECV] BSF66F notify: TR;3;4315;f;0;ff;ff;2810,2552,2589,2948,3243,3131,3077,3368;2810,2552,2589,2948,3243,3131,3077,3368;100,100,100,100,100,100,100,46;OOOOOOOO;93;0;671;8
[RECV] BSF66F notify: CD;1;4315;tag=1;local=0xb101;status=0x00800b02;rxf=0x0786c814;win=8165;pc=8;mask=0xff;resp=7;unexp=0;last_len=20;last_src=0xa106;last_dst=0xb101;last_code=0xe1
[RECV] BSF66F notify: TR;3;4316;f;0;ff;7f;2836,2575,2607,2891,3255,3043,3057,0;2836,2575,2607,2891,3255,3043,3057,3368;100,100,100,100,100,100,100,44;OOOOOOOT;100;0;15228;8
[RECV] BSF66F notify: TR;3;4317;f;0;ff;7f;2789,2560,2601,2646,3250,3078,3015,0;2789,2560,2601,2646,3250,3078,3015,3368;100,100,100,100,100,100,100,42;OOOOOOOT;100;0;671;8
[[HOST_CMD 449614.738] tdma hold 0
RECV] BSF66F notify: TR;3;4318;f;0;ff;ff;2794,2609,2607,2788,3260,3089,3071,3269;2794,2609,2607,2788,3260,3089,3071,3269;100,100,100,100,100,100,100,44;OOOOOOOO;93;0;701;8
[RECV] TDMA rebalance hold=0 deferred=1
[RECV] CFG assigned[0]: bs=BSF66F tag=1 slot=0/10 mask=0x0129 period=40 active=24 gen=2 pmode=0
[RECV] TDMA weighted[0]: bs=BSF66F profile=motion target=10Hz mask=0x0129 slots=4/10 actual_x100=1000 epoch_delay=3000
[RECV] tdma hold rc=0 hold=0
[RECV] CFG confirmed[0]: tag=1 slot=0/10 mask=0x0129 period=40 active=24 gen=2 live=1
[RECV] BSF66F notify: CFG_OK TAG=1 SLOT=0/10 MASK=0x0129 PERIOD=40 ACTIVE=24 GEN=2 LIVE=1
[RECV] BSF66F notify: TR;3;4319;f;0;ff;7f;2768,2545,2586,2871,3263,3104,2973,0;2768,2545,2586,2871,3263,3104,2973,3269;100,100,100,100,100,100,100,43;OOOOOOOT;100;0;671;8
[HOST_CMD 449615.837] tdma show
[RECV] TDMA weighted scheduler: period=40ms active=24ms max_slots=12 freq motion=10Hz static=5Hz roto=10Hz
[RECV] TDMA profile: BSF66F -> motion target=10Hz
[HOST_CMD 449616.840] status
[RECV] Control status: mode=RECV pending=0
[HOST_CMD 449617.643] device show
[RECV] System target: kind=tag caps=0x0f (config=1 ota=1 stream=1 status=1)
OTA target filter: token=-1 name=- prefix=bs uuid=-
[RECV] BSF66F notify: RXG;1;4319;tag=1;mask=0xff;pc=8;guard=1200;spacing=1000;win=8165;pre=1;slot_to_entry_us=0;slot_to_sched_us=0;slot_to_write_done_us=0;slot_to_txcmd_us=274;slot_to_txdone_us=610;txcmd_to_txdone_us=335;txdone_to_rxstart_us=61;txdone_to_rxend_us=183;rxenable_
[RECV] BSF66F notify: CD;1;4319;tag=1;local=0xb101;status=0x00800b02;rxf=0x0776c814;win=8165;pc=8;mask=0xff;resp=7;unexp=0;last_len=20;last_src=0xa106;last_dst=0xb101;last_code=0xe1
[RECV] BSF66F notify: TR;3;4320;f;0;ff;7f;2762,2541,2623,2867,3246,3082,2999,0;2762,2541,2623,2867,3246,3082,2999,0;100,100,100,100,100,100,100,0;OOOOOOOT;100;0;43853;8
[RECV] BSF66F notify: TR;3;4321;f;0;ff;ff;2761,2501,2606,2943,3285,3091,2994,3255;2761,2501,2606,2943,3285,3091,2994,3255;100,100,100,100,100,100,100,50;OOOOOOOO;93;0;671;8
[RECV] BSF66F notify: TR;3;4322;f;0;ff;7f;2784,2525,2613,2964,3261,3090,3030,0;2784,2525,2613,2964,3261,3090,3030,3255;100,100,100,100,100,100,100,33;OOOOOOOT;100;0;640;8
[RECV] BSF66F notify: TR;3;4323;f;0;ff;7f;2772,2560,2593,2814,3240,3084,3057,0;2772,2560,2593,2814,3240,3084,3057,3255;100,100,100,100,100,100,100,25;OOOOOOOT;100;0;671;8
[RECV] BSF66F notify: TR;3;4324;f;0;ff;ff;2810,2536,2638,2852,3273,3064,3047,3275;2810,2536,2638,2852,3273,3064,3047,3275;100,100,100,100,100,100,100,40;OOOOOOOO;92;0;671;8
[RECV] BSF66F notify: TR;3;4325;f;0;ff;7f;2795,2564,2616,2970,3230,3129,3006,0;2795,2564,2616,2970,3230,3129,3006,3275;100,100,100,100,100,100,100,33;OOOOOOOT;100;0;671;8
[RECV] BSF66F notify: TR;3;4326;f;0;ff;7f;2765,2546,2592,2967,3234,3085,3033,0;2765,2546,2592,2967,3234,3085,3033,3275;100,100,100,100,100,100,100,28;OOOOOOOT;100;0;640;8
[RECV] BSF66F notify: TR;3;4327;f;0;ff;ff;2778,2536,2572,2995,3257,3096,3007,3268;2778,2536,2572,2995,3257,3096,3007,3268;100,100,100,100,100,100,100,37;OOOOOOOO;92;0;671;8
[RECV] BSF66F notify: TR;3;4328;f;0;ff;7f;2753,2556,2604,2776,3254,3058,2992,0;2753,2556,2604,2776,3254,3058,2992,3268;100,100,100,100,100,100,100,33;OOOOOOOT;100;0;671;8
[RECV] BSF66F notify: TR;3;4329;f;0;ff;7f;2820,2579,2630,2775,3228,3093,3026,0;2820,2579,2630,2775,3228,3093,3026,3268;100,100,100,100,100,100,100,30;OOOOOOOT;100;0;671;8
[RECV] BSF66F notify: RXG;1;4329;tag=1;mask=0xff;pc=8;guard=1200;spacing=1000;win=8165;pre=1;slot_to_entry_us=0;slot_to_sched_us=0;slot_to_write_done_us=0;slot_to_txcmd_us=274;slot_to_txdone_us=610;txcmd_to_txdone_us=335;txdone_to_rxstart_us=61;txdone_to_rxend_us=183;rxenable_
[RECV] BSF66F notify: CD;1;4329;tag=1;local=0xb101;status=0x00806f02;rxf=0x07c6c814;win=8165;pc=8;mask=0xff;resp=8;unexp=0;last_len=20;last_src=0xa107;last_dst=0xb101;last_code=0xe1
[RECV] BSF66F notify: TR;3;4330;f;0;ff;ff;2799,2536,2606,2946,3252,3068,3004,3287;2799,2536,2606,2946,3252,3068,3004,3287;100,100,100,100,100,100,100,36;OOOOOOOO;92;0;43701;8
[RECV] BSF66F notify: TR;3;4331;f;0;ff;7f;2781,2544,2573,2889,3289,3138,3026,0;2781,2544,2573,2889,3289,3138,3026,3287;100,100,100,100,100,100,100,33;OOOOOOOT;100;0;671;8
[RECV] BSF66F notify: TR;3;4332;f;0;ff;7f;2816,2580,2604,2847,3266,3025,3030,0;2816,2580,2604,2847,3266,3025,3030,3287;100,100,100,100,100,100,100,30;OOOOOOOT;100;0;671;8
[RECV] BSF66F notify: TR;3;4333;f;0;ff;ff;2800,2560,2616,2710,3273,3076,3042,3278;2800,2560,2616,2710,3273,3076,3042,3278;100,100,100,100,100,100,100,35;OOOOOOOO;91;0;671;8
[RECV] BSF66F notify: TR;3;4334;f;0;ff;7f;2833,2542,2622,2689,3227,3090,3020,0;2833,2542,2622,2689,3227,3090,3020,3278;100,100,100,100,100,100,100,33;OOOOOOOT;100;0;671;8
[RECV] BSF66F notify: TR;3;4335;f;0;ff;7f;2851,2574,2614,2753,3245,3112,3084,0;2851,2574,2614,2753,3245,3112,3084,3278;100,100,100,100,100,100,100,31;OOOOOOOT;100;0;671;8
[RECV] BSF66F notify: TR;3;4336;f;0;ff;ff;2750,2544,2583,2946,3240,3115,3047,3264;2750,2544,2583,2946,3240,3115,3047,3264;100,100,100,100,100,100,100,35;OOOOOOOO;91;0;671;8
[RECV] BSF66F notify: TR;3;4337;f;0;ff;7f;2817,2573,2580,2918,3257,3096,3025,0;2817,2573,2580,2918,3257,3096,3025,3264;100,100,100,100,100,100,100,33;OOOOOOOT;100;0;671;8
[RECV] BSF66F notify: TR;3;4338;f;0;ff;7f;2843,2639,2598,2779,3244,3082,3074,0;2843,2639,2598,2779,3244,3082,3074,3264;100,100,100,100,100,100,100,31;OOOOOOOT;100;0;671;8
[RECV] BSF66F notify: TR;3;4339;f;0;ff;ff;2848,2559,2587,2788,3257,3030,3019,3251;2848,2559,2587,2788,3257,3030,3019,3251;100,100,100,100,100,100,100,35;OOOOOOOO;91;0;671;8
[RECV] BSF66F notify: RXG;1;4339;tag=1;mask=0xff;pc=8;guard=1200;spacing=1000;win=8165;pre=1;slot_to_entry_us=0;slot_to_sched_us=0;slot_to_write_done_us=0;slot_to_txcmd_us=274;slot_to_txdone_us=610;txcmd_to_txdone_us=335;txdone_to_rxstart_us=61;txdone_to_rxend_us=183;rxenable_
[RECV] BSF66F notify: CD;1;4339;tag=1;local=0xb101;status=0x00800b02;rxf=0x0766c814;win=8165;pc=8;mask=0xff;resp=7;unexp=0;last_len=20;last_src=0xa106;last_dst=0xb101;last_code=0xe1
[RECV] BSF66F notify: TR;3;4340;f;0;ff;7f;2840,2558,2596,2813,3255,3070,3047,0;2840,2558,2596,2813,3255,3070,3047,3251;100,100,100,100,100,100,100,33;OOOOOOOT;100;0;43914;8
[RECV] BSF66F notify: TR;3;4341;f;0;ff;7f;2787,2554,2608,2840,3237,3086,3015,0;2787,2554,2608,2840,3237,3086,3015,3251;100,100,100,100,100,100,100,31;OOOOOOOT;100;0;671;8
[RECV] BSF66F notify: TR;3;4342;f;0;ff;7f;2761,2560,2561,2928,3261,3054,3064,0;2761,2560,2561,2928,3261,3054,3064,3251;100,100,100,100,100,100,100,30;OOOOOOOT;100;0;671;8
[RECV] BSF66F notify: TR;3;4343;f;0;ff;7f;2789,2608,2610,2776,3251,3117,3100,0;2789,2608,2610,2776,3251,3117,3100,3251;100,100,100,100,100,100,100,29;OOOOOOOT;100;0;671;8
[RECV] BSF66F notify: TR;3;4344;f;0;ff;7f;2811,2554,2620,2732,3278,3151,3018,0;2811,2554,2620,2732,3278,3151,3018,3251;100,100,100,100,100,100,100,28;OOOOOOOT;100;0;671;8
[RECV] BSF66F notify: TR;3;4345;f;0;ff;ff;2794,2567,2614,2727,3276,3079,3086,3312;2794,2567,2614,2727,3276,3079,3086,3312;100,100,100,100,100,100,100,30;OOOOOOOO;91;0;671;8
[RECV] BSF66F notify: TR;3;4346;f;0;ff;7f;2781,2593,2589,2908,3290,3127,3046,0;2781,2593,2589,2908,3290,3127,3046,3312;100,100,100,100,100,100,100,29;OOOOOOOT;100;0;671;8
[RECV] BSF66F notify: TR;3;4347;f;0;ff;7f;2836,2557,2587,2861,3218,3101,3074,0;2836,2557,2587,2861,3218,3101,3074,3312;100,100,100,100,100,100,100,28;OOOOOOOT;100;0;640;8
[RECV] BSF66F notify: TR;3;4348;f;0;ff;ff;2851,2562,2597,2877,3277,3097,3032,3263;2851,2562,2597,2877,3277,3097,3032,3263;100,100,100,100,100,100,100,31;OOOOOOOO;91;0;671;8
[RECV] BSF66F notify: TR;3;4349;f;0;ff;7f;2825,2535,2620,2928,3260,3135,3020,0;2825,2535,2620,2928,3260,3135,3020,3263;100,100,100,100,100,100,100,30;OOOOOOOT;100;0;671;8
[RECV] BSF66F notify: RXG;1;4349;tag=1;mask=0xff;pc=8;guard=1200;spacing=1000;win=8165;pre=1;slot_to_entry_us=0;slot_to_sched_us=0;slot_to_write_done_us=0;slot_to_txcmd_us=274;slot_to_txdone_us=610;txcmd_to_txdone_us=335;txdone_to_rxstart_us=61;txdone_to_rxend_us=183;rxenable_
[RECV] BSF66F notify: CD;1;4349;tag=1;local=0xb101;status=0x00800f02;rxf=0x0766c814;win=8165;pc=8;mask=0xff;resp=7;unexp=0;last_len=20;last_src=0xa106;last_dst=0xb101;last_code=0xe1
[RECV] BSF66F notify: TR;3;4350;f;0;ff;7f;2837,2525,2600,2804,3252,3050,3048,0;2837,2525,2600,2804,3252,3050,3048,3263;100,100,100,100,100,100,100,29;OOOOOOOT;100;0;43884;8
[RECV] BSF66F notify: TR;3;4351;f;0;ff;ff;2790,2577,2595,2883,3307,3111,3021,3224;2790,2577,2595,2883,3307,3111,3021,3224;100,100,100,100,100,100,100,31;OOOOOOOO;91;0;671;8
[RECV] BSF66F notify: TR;3;4352;f;0;ff;7f;2803,2552,2591,2836,3247,3123,3024,0;2803,2552,2591,2836,3247,3123,3024,3224;100,100,100,100,100,100,100,29;OOOOOOOT;100;0;671;8
[RECV] BSF66F notify: TR;3;4353;f;0;ff;7f;2769,2551,2594,2720,3266,3120,3042,0;2769,2551,2594,2720,3266,3120,3042,3224;100,100,100,100,100,100,100,27;OOOOOOOT;100;0;671;8
[RECV] BSF66F notify: TR;3;4354;f;0;ff;ff;2835,2553,2592,2762,3244,3153,3032,3215;2835,2553,2592,2762,3244,3153,3032,3215;100,100,100,100,100,100,100,31;OOOOOOOO;91;0;671;8
[RECV] BSF66F notify: TR;3;4355;f;0;ff;7f;2782,2541,2600,2938,3233,3043,3031,0;2782,2541,2600,2938,3233,3043,3031,3215;100,100,100,100,100,100,100,30;OOOOOOOT;100;0;671;8
[RECV] BSF66F notify: TR;3;4356;f;0;ff;7f;2825,2514,2590,2937,3255,3026,3027,0;2825,2514,2590,2937,3255,3026,3027,3215;100,100,100,100,100,100,100,28;OOOOOOOT;100;0;640;8
[RECV] BSF66F notify: TR;3;4357;f;0;ff;7f;2781,2558,2607,2935,3253,3088,3106,0;2781,2558,2607,2935,3253,3088,3106,3215;100,100,100,100,100,100,100,27;OOOOOOOT;100;0;671;8
[RECV] BSF66F notify: TR;3;4358;f;0;ff;7f;2814,2575,2598,2748,3268,3090,3047,0;2814,2575,2598,2748,3268,3090,3047,3215;100,100,100,100,100,100,100,26;OOOOOOOT;100;0;671;8
[RECV] BSF66F notify: TR;3;4359;f;0;ff;7f;2777,2512,2603,2795,3268,3054,3033,0;2777,2512,2603,2795,3268,3054,3033,3215;100,100,100,100,100,100,100,25;OOOOOOOT;100;0;671;8
[RECV] BSF66F notify: RXG;1;4359;tag=1;mask=0xff;pc=8;guard=1200;spacing=1000;win=8165;pre=1;slot_to_entry_us=0;slot_to_sched_us=0;slot_to_write_done_us=0;slot_to_txcmd_us=274;slot_to_txdone_us=610;txcmd_to_txdone_us=335;txdone_to_rxstart_us=61;txdone_to_rxend_us=183;rxenable_
[RECV] BSF66F notify: CD;1;4359;tag=1;local=0xb101;status=0x00800f02;rxf=0x0786c814;win=8165;pc=8;mask=0xff;resp=7;unexp=0;last_len=20;last_src=0xa106;last_dst=0xb101;last_code=0xe1
[RECV] BSF66F notify: TR;3;4360;f;0;ff;7f;2806,2614,2603,2964,3292,3075,3064,0;2806,2614,2603,2964,3292,3075,3064,3215;100,100,100,100,100,100,100,24;OOOOOOOT;100;0;43731;8
[RECV] BSF66F notify: TR;3;4361;f;0;ff;7f;2793,2573,2598,2875,3235,3142,3045,0;2793,2573,2598,2875,3235,3142,3045,3215;100,100,100,100,100,100,100,23;OOOOOOOT;100;0;671;8
[RECV] BSF66F notify: TR;3;4362;f;0;ff;7f;2780,2577,2575,2982,3255,3134,3005,0;2780,2577,2575,2982,3255,3134,3005,3215;100,100,100,100,100,100,100,22;OOOOOOOT;100;0;671;8
[RECV] BSF66F notify: TR;3;4363;f;0;ff;ff;2741,2599,2612,2758,3289,3073,3068,3248;2741,2599,2612,2758,3289,3073,3068,3248;100,100,100,100,100,100,100,25;OOOOOOOO;90;0;671;8
[RECV] BSF66F notify: TR;3;4364;f;0;ff;7f;2786,2582,2594,2741,3249,3108,3061,0;2786,2582,2594,2741,3249,3108,3061,3248;100,100,100,100,100,100,100,24;OOOOOOOT;100;0;640;8
[RECV] BSF66F notify: TR;3;4365;f;0;ff;7f;2789,2560,2583,2838,3285,3166,3051,0;2789,2560,2583,2838,3285,3166,3051,3248;100,100,100,100,100,100,100,23;OOOOOOOT;100;0;671;8
[RECV] BSF66F notify: TR;3;4366;f;0;ff;ff;2823,2555,2599,2958,3258,3085,3004,3284;2823,2555,2599,2958,3258,3085,3004,3284;100,100,100,100,100,100,100,25;OOOOOOOO;90;0;671;8
[RECV] BSF66F notify: TR;3;4367;f;0;ff;ff;2764,2513,2563,2948,3267,3116,3053,3250;2764,2513,2563,2948,3267,3116,3053,3250;100,100,100,100,100,100,100,28;OOOOOOOO;91;0;671;8
[RECV] BSF66F notify: TR;3;4368;f;0;ff;7f;2827,2555,2617,2707,3264,3049,3067,0;2827,2555,2617,2707,3264,3049,3067,3250;100,100,100,100,100,100,100,29;OOOOOOOT;100;0;671;8
[RECV] BSF66F notify: TR;3;4369;f;0;ff;ff;2826,2579,2626,2711,3284,3096,3051,3222;2826,2579,2626,2711,3284,3096,3051,3222;100,100,100,100,100,100,100,33;OOOOOOOO;91;0;671;8
[RECV] BSF66F notify: RXG;1;4369;tag=1;mask=0xff;pc=8;guard=1200;spacing=1000;win=8165;pre=1;slot_to_entry_us=0;slot_to_sched_us=0;slot_to_write_done_us=0;slot_to_txcmd_us=274;slot_to_txdone_us=610;txcmd_to_txdone_us=335;txdone_to_rxstart_us=61;txdone_to_rxend_us=183;rxenable_
[RECV] BSF66F notify: TR;3;4370;f;0;ff;7f;2807,2572,2568,2919,3263,3102,3061,0;2807,2572,2568,2919,3263,3102,3061,3222;100,100,100,100,100,100,100,31;OOOOOOOT;100;0;29266;8
[RECV] BSF66F notify: CD;1;4370;tag=1;local=0xb101;status=0x00806f02;rxf=0x0796c814;win=8165;pc=8;mask=0xff;resp=7;unexp=0;last_len=20;last_src=0xa107;last_dst=0xb101;last_code=0xe1
[RECV] BSF66F notify: TR;3;4371;f;0;ff;f7;2810,2568,2595,0,3239,3072,3030,3232;2810,2568,2595,2919,3239,3072,3030,3232;100,100,100,95,100,100,100,35;OOOTOOOO;90;0;15258;8
[RECV] BSF66F notify: TR;3;4372;f;0;ff;ff;2780,2559,2590,2949,3249,3078,3021,3276;2780,2559,2590,2949,3249,3078,3021,3276;100,100,100,95,100,100,100,38;OOOOOOOO;91;0;671;8
[RECV] BSF66F notify: TR;3;4373;f;0;ff;7f;2822,2559,2590,2906,3242,3115,3072,0;2822,2559,2590,2906,3242,3115,3072,3276;100,100,100,95,100,100,100,36;OOOOOOOT;99;0;671;8
[RECV] BSF66F notify: TR;3;4374;f;0;ff;7f;2809,2571,2564,2802,3266,3058,2987,0;2809,2571,2564,2802,3266,3058,2987,3276;100,100,100,95,100,100,100,34;OOOOOOOT;99;0;640;8
[RECV] BSF66F notify: TR;3;4375;f;0;ff;ff;2830,2581,2608,2725,3291,3073,3029,3256;2830,2581,2608,2725,3291,3073,3029,3256;100,100,100,95,100,100,100,37;OOOOOOOO;91;0;671;8
[RECV] BSF66F notify: TR;3;4376;f;0;ff;7f;2797,2586,2601,2879,3250,3047,3026,0;2797,2586,2601,2879,3250,3047,3026,3256;100,100,100,96,100,100,100,36;OOOOOOOT;99;0;671;8
[RECV] BSF66F notify: TR;3;4377;f;0;ff;7f;2788,2534,2605,2868,3277,3050,3053,0;2788,2534,2605,2868,3277,3050,3053,3256;100,100,100,96,100,100,100,34;OOOOOOOT;99;0;671;8
[RECV] BSF66F notify: TR;3;4378;f;0;ff;ff;2765,2558,2609,2697,3232,3055,2978,3272;2765,2558,2609,2697,3232,3055,2978,3272;100,100,100,96,100,100,100,37;OOOOOOOO;91;0;671;8
[RECV] BSF66F notify: TR;3;4379;f;0;ff;7f;2823,2585,2585,2689,3223,3095,3095,0;2823,2585,2585,2689,3223,3095,3095,3272;100,100,100,96,100,100,100,35;OOOOOOOT;99;0;671;8
[RECV] BSF66F notify: RXG;1;4379;tag=1;mask=0xff;pc=8;guard=1200;spacing=1000;win=8165;pre=1;slot_to_entry_us=0;slot_to_sched_us=0;slot_to_write_done_us=0;slot_to_txcmd_us=274;slot_to_txdone_us=610;txcmd_to_txdone_us=335;txdone_to_rxstart_us=61;txdone_to_rxend_us=183;rxenable_
[RECV] BSF66F notify: TR;3;4380;f;0;ff;7f;2814,2602,2628,2882,3257,3052,3020,0;2814,2602,2628,2882,3257,3052,3020,3272;100,100,100,96,100,100,100,34;OOOOOOOT;99;0;29418;8
[RECV] BSF66F notify: CD;1;4380;tag=1;local=0xb101;status=0x00800f02;rxf=0x07c6c814;win=8165;pc=8;mask=0xff;resp=7;unexp=0;last_len=20;last_src=0xa106;last_dst=0xb101;last_code=0xe1
[RECV] BSF66F notify: TR;3;4381;f;0;ff;7f;2775,2579,2626,2934,3248,3046,3036,0;2775,2579,2626,2934,3248,3046,3036,3272;100,100,100,96,100,100,100,33;OOOOOOOT;99;0;15350;8
[RECV] BSF66F notify: TR;3;4382;f;0;ff;7f;2786,2594,2625,2968,3273,3071,2997,0;2786,2594,2625,2968,3273,3071,2997,3272;100,100,100,96,100,100,100,32;OOOOOOOT;99;0;671;8
[RECV] BSF66F notify: TR;3;4383;f;0;ff;7f;2783,2562,2615,2844,3248,3097,3092,0;2783,2562,2615,2844,3248,3097,3092,3272;100,100,100,96,100,100,100,31;OOOOOOOT;99;0;671;8
[RECV] BSF66F notify: TR;3;4384;f;0;ff;7f;2795,2584,2617,2697,3246,3116,3031,0;2795,2584,2617,2697,3246,3116,3031,3272;100,100,100,100,100,100,100,29;OOOOOOOT;100;0;671;8
[RECV] BSF66F notify: TR;3;4385;f;0;ff;7f;2839,2583,2626,2789,3225,3125,3022,0;2839,2583,2626,2789,3225,3125,3022,3272;100,100,100,100,100,100,100,27;OOOOOOOT;100;0;671;8
[RECV] BSF66F notify: TR;3;4386;f;0;ff;7f;2838,2588,2620,2916,3238,3084,3032,0;2838,2588,2620,2916,3238,3084,3032,3272;100,100,100,100,100,100,100,26;OOOOOOOT;100;0;671;8
[RECV] BSF66F notify: TR;3;4387;f;0;ff;7f;2803,2593,2585,2867,3259,3087,3042,0;2803,2593,2585,2867,3259,3087,3042,3272;100,100,100,100,100,100,100,25;OOOOOOOT;100;0;671;8
[RECV] BSF66F notify: TR;3;4388;f;0;ff;7f;2795,2567,2608,2685,3292,3130,3062,0;2795,2567,2608,2685,3292,3130,3062,3272;100,100,100,100,100,100,100,23;OOOOOOOT;100;0;671;8
[RECV] BSF66F notify: TR;3;4389;f;0;ff;7f;2837,2614,2609,2787,3285,3023,2945,0;2837,2614,2609,2787,3285,3023,2945,3272;100,100,100,100,100,100,100,22;OOOOOOOT;100;0;671;8
[RECV] BSF66F notify: RXG;1;4389;tag=1;mask=0xff;pc=8;guard=1200;spacing=1000;win=8165;pre=1;slot_to_entry_us=0;slot_to_sched_us=0;slot_to_write_done_us=0;slot_to_txcmd_us=274;slot_to_txdone_us=610;txcmd_to_txdone_us=335;txdone_to_rxstart_us=61;txdone_to_rxend_us=183;rxenable_
[RECV] BSF66F notify: TR;3;4390;f;0;ff;7f;2811,2554,2607,2690,3229,3093,3058,0;2811,2554,2607,2690,3229,3093,3058,3272;100,100,100,100,100,100,100,21;OOOOOOOT;100;0;29144;8
[RECV] BSF66F notify: CD;1;4390;tag=1;local=0xb101;status=0x00800b02;rxf=0x07c6c814;win=8165;pc=8;mask=0xff;resp=7;unexp=0;last_len=20;last_src=0xa106;last_dst=0xb101;last_code=0xe1
[RECV] BSF66F notify: TR;3;4391;f;0;ff;7f;2793,2565,2608,2807,3251,3133,3077,0;2793,2565,2608,2807,3251,3133,3077,3272;100,100,100,100,100,100,100,20;OOOOOOOT;100;0;15136;8
[RECV] BSF66F notify: TR;3;4392;f;0;ff;7f;2772,2570,2574,2991,3255,3115,3048,0;2772,2570,2574,2991,3255,3115,3048,3272;100,100,100,100,100,100,100,20;OOOOOOOT;100;0;671;8
[RECV] BSF66F notify: TR;3;4393;f;0;ff;7f;2823,2591,2638,2763,3207,3123,3036,0;2823,2591,2638,2763,3207,3123,3036,3272;100,100,100,100,100,100,100,19;OOOOOOOT;100;0;671;8
[RECV] BSF66F notify: TR;3;4394;f;0;ff;7f;2840,2578,2609,2750,3271,3082,3029,0;2840,2578,2609,2750,3271,3082,3029,3272;100,100,100,100,100,100,100,18;OOOOOOOT;100;0;640;8
[RECV] BSF66F notify: TR;3;4395;f;0;ff;7f;2808,2564,2578,2734,3279,3089,3045,0;2808,2564,2578,2734,3279,3089,3045,3272;100,100,100,100,100,100,100,17;OOOOOOOT;100;0;671;8
[RECV] BSF66F notify: TR;3;4396;f;0;ff;7f;2728,2572,2597,2833,3242,3180,2960,0;2728,2572,2597,2833,3242,3180,2960,3272;100,100,100,100,100,100,100,17;OOOOOOOT;100;0;671;8
[RECV] BSF66F notify: TR;3;4397;f;0;ff;7f;2779,2559,2615,2771,3243,3114,2980,0;2779,2559,2615,2771,3243,3114,2980,3272;100,100,100,100,100,100,100,16;OOOOOOOT;100;0;671;8
[RECV] BSF66F notify: TR;3;4398;f;0;ff;7f;2798,2583,2630,2831,3249,3168,3083,0;2798,2583,2630,2831,3249,3168,3083,3272;100,100,100,100,100,100,100,16;OOOOOOOT;100;0;671;8
[RECV] BSF66F notify: TR;3;4399;f;0;ff;7f;2824,2587,2616,2855,3248,3178,2995,0;2824,2587,2616,2855,3248,3178,2995,3272;100,100,100,100,100,100,100,15;OOOOOOOT;100;0;671;8
[RECV] BSF66F notify: RXG;1;4399;tag=1;mask=0xff;pc=8;guard=1200;spacing=1000;win=8165;pre=1;slot_to_entry_us=0;slot_to_sched_us=0;slot_to_write_done_us=0;slot_to_txcmd_us=274;slot_to_txdone_us=610;txcmd_to_txdone_us=335;txdone_to_rxstart_us=61;txdone_to_rxend_us=183;rxenable_
[RECV] BSF66F notify: TR;3;4400;f;0;ff;7f;2776,2584,2609,2743,3270,3095,3030,0;2776,2584,2609,2743,3270,3095,3030,3272;100,100,100,100,100,100,100,17;OOOOOOOT;100;0;29205;8
[RECV] BSF66F notify: CD;1;4400;tag=1;local=0xb101;status=0x00800b02;rxf=0x0786c814;win=8165;pc=8;mask=0xff;resp=7;unexp=0;last_len=20;last_src=0xa106;last_dst=0xb101;last_code=0xe1
[RECV] BSF66F notify: TR;3;4401;f;0;ff;7f;2835,2569,2595,2977,3211,3158,2981,0;2835,2569,2595,2977,3211,3158,2981,3272;100,100,100,100,100,100,100,16;OOOOOOOT;100;0;15167;8
[RECV] BSF66F notify: TR;3;4402;f;0;ff;7f;2829,2573,2609,2923,3262,3056,3085,0;2829,2573,2609,2923,3262,3056,3085,3272;100,100,100,100,100,100,100,15;OOOOOOOT;100;0;671;8
[RECV] BSF66F notify: TR;3;4403;f;0;ff;7f;2775,2586,2568,2772,3266,3145,3011,0;2775,2586,2568,2772,3266,3145,3011,3272;100,100,100,100,100,100,100,15;OOOOOOOT;100;0;671;8
[RECV] BSF66F notify: TR;3;4404;f;0;ff;ff;2847,2597,2590,2835,3267,3112,2954,3216;2847,2597,2590,2835,3267,3112,2954,3216;100,100,100,100,100,100,100,19;OOOOOOOO;100;0;671;8
[RECV] BSF66F notify: TR;3;4405;f;0;ff;7f;2785,2585,2575,2938,3267,3128,2928,0;2785,2585,2575,2938,3267,3128,2928,3216;100,100,100,100,100,100,100,18;OOOOOOOT;100;0;793;8
[RECV] BSF66F notify: TR;3;4406;f;0;ff;7f;2845,2614,2589,2898,3241,3100,3003,0;2845,2614,2589,2898,3241,3100,3003,3216;100,100,100,100,100,100,100,17;OOOOOOOT;100;0;671;8
[RECV] BSF66F notify: TR;3;4407;f;0;ff;7f;2766,2562,2599,2900,3218,3076,3020,0;2766,2562,2599,2900,3218,3076,3020,3216;100,100,100,100,100,100,100,16;OOOOOOOT;100;0;671;8
[RECV] BSF66F notify: TR;3;4408;f;0;ff;ff;2819,2583,2623,2776,3256,3096,3065,3223;2819,2583,2623,2776,3256,3096,3065,3223;100,100,100,100,100,100,100,20;OOOOOOOO;90;0;671;8
[RECV] BSF66F notify: TR;3;4409;f;0;ff;7f;2839,2566,2625,2724,3267,3117,3026,0;2839,2566,2625,2724,3267,3117,3026,3223;100,100,100,100,100,100,100,19;OOOOOOOT;100;0;640;8
[RECV] BSF66F notify: RXG;1;4409;tag=1;mask=0xff;pc=8;guard=1200;spacing=1000;win=8165;pre=1;slot_to_entry_us=0;slot_to_sched_us=0;slot_to_write_done_us=0;slot_to_txcmd_us=274;slot_to_txdone_us=610;txcmd_to_txdone_us=335;txdone_to_rxstart_us=61;txdone_to_rxend_us=183;rxenable_
[RECV] BSF66F notify: TR;3;4410;f;0;ff;7f;2794,2596,2608,2673,3276,3117,3039,0;2794,2596,2608,2673,3276,3117,3039,3223;100,100,100,100,100,100,100,18;OOOOOOOT;100;0;29418;8
[RECV] BSF66F notify: CD;1;4410;tag=1;local=0xb101;status=0x00806f02;rxf=0x07b6c814;win=8165;pc=8;mask=0xff;resp=8;unexp=0;last_len=20;last_src=0xa107;last_dst=0xb101;last_code=0xe1
[RECV] BSF66F notify: TR;3;4411;f;0;ff;ff;2788,2541,2594,2928,3244,3095,3055,3267;2788,2541,2594,2928,3244,3095,3055,3267;100,100,100,100,100,100,100,21;OOOOOOOO;90;0;15319;8
[RECV] BSF66F notify: TR;3;4412;f;0;ff;7f;2833,2546,2595,2963,3252,3055,3042,0;2833,2546,2595,2963,3252,3055,3042,3267;100,100,100,100,100,100,100,20;OOOOOOOT;100;0;640;8
[RECV] BSF66F notify: TR;3;4413;f;0;ff;7f;2765,2565,2610,2931,3289,3029,3032,0;2765,2565,2610,2931,3289,3029,3032,3267;100,100,100,100,100,100,100,20;OOOOOOOT;100;0;671;8
[RECV] BSF66F notify: TR;3;4414;f;0;ff;ff;2787,2568,2603,2803,3272,3103,3035,3314;2787,2568,2603,2803,3272,3103,3035,3314;100,100,100,100,100,100,100,22;OOOOOOOO;90;0;671;8
[RECV] BSF66F notify: TR;3;4415;f;0;ff;7f;2801,2573,2626,2763,3251,3022,3088,0;2801,2573,2626,2763,3251,3022,3088,3314;100,100,100,100,100,100,100,21;OOOOOOOT;100;0;671;8
[RECV] BSF66F notify: TR;3;4416;f;0;ff;7f;2852,2551,2621,2805,3206,3077,3006,0;2852,2551,2621,2805,3206,3077,3006,3314;100,100,100,100,100,100,100,23;OOOOOOOT;100;0;640;8
[RECV] BSF66F notify: TR;3;4417;f;0;ff;7f;2826,2516,2589,2915,3248,3073,3032,0;2826,2516,2589,2915,3248,3073,3032,3314;100,100,100,100,100,100,100,22;OOOOOOOT;100;0;793;8
[RECV] BSF66F notify: TR;3;4418;f;0;ff;7f;2801,2537,2619,2721,3218,3065,3081,0;2801,2537,2619,2721,3218,3065,3081,3314;100,100,100,100,100,100,100,21;OOOOOOOT;100;0;671;8
[RECV] BSF66F notify: TR;3;4419;f;0;ff;7f;2820,2580,2620,2674,3253,3079,3007,0;2820,2580,2620,2674,3253,3079,3007,3314;100,100,100,100,100,100,100,20;OOOOOOOT;100;0;671;8
[RECV] BSF66F notify: RXG;1;4419;tag=1;mask=0xff;pc=8;guard=1200;spacing=1000;win=8165;pre=1;slot_to_entry_us=0;slot_to_sched_us=0;slot_to_write_done_us=0;slot_to_txcmd_us=274;slot_to_txdone_us=610;txcmd_to_txdone_us=335;txdone_to_rxstart_us=61;txdone_to_rxend_us=183;rxenable_
[RECV] BSF66F notify: TR;3;4420;f;0;ff;7f;2819,2551,2607,2697,3278,3046,2989,0;2819,2551,2607,2697,3278,3046,2989,3314;100,100,100,100,100,100,100,19;OOOOOOOT;100;0;29296;8
[RECV] BSF66F notify: CD;1;4420;tag=1;local=0xb101;status=0x00806f02;rxf=0x0796c814;win=8165;pc=8;mask=0xff;resp=8;unexp=0;last_len=20;last_src=0xa107;last_dst=0xb101;last_code=0xe1
[RECV] BSF66F notify: TR;3;4421;f;0;ff;ff;2822,2558,2583,2846,3256,3163,3049,3288;2822,2558,2583,2846,3256,3163,3049,3288;100,100,100,100,100,100,100,22;OOOOOOOO;90;0;15228;8
[RECV] BSF66F notify: TR;3;4422;f;0;ff;7f;2845,2529,2595,2902,3228,3082,2985,0;2845,2529,2595,2902,3228,3082,2985,3288;100,100,100,100,100,100,100,21;OOOOOOOT;100;0;671;8
[RECV] BSF66F notify: TR;3;4423;f;0;ff;7f;2824,2557,2594,2873,3234,3075,3028,0;2824,2557,2594,2873,3234,3075,3028,3288;100,100,100,100,100,100,100,20;OOOOOOOT;100;0;793;8
[RECV] BSF66F notify: TR;3;4424;f;0;ff;7f;2789,2544,2586,2779,3245,3045,3027,0;2789,2544,2586,2779,3245,3045,3027,3288;100,100,100,100,100,100,100,20;OOOOOOOT;100;0;671;8
[RECV] BSF66F notify: TR;3;4425;f;0;ff;7f;2822,2560,2603,2877,3229,3097,3043,0;2822,2560,2603,2877,3229,3097,3043,3288;100,100,100,100,100,100,100,19;OOOOOOOT;100;0;671;8
[RECV] BSF66F notify: TR;3;4426;f;0;ff;7f;2800,2593,2591,2863,3302,3105,2958,0;2800,2593,2591,2863,3302,3105,2958,3288;100,100,100,100,100,100,100,18;OOOOOOOT;100;0;854;8
[RECV] BSF66F notify: TR;3;4427;f;0;ff;7f;2825,2529,2588,2824,3249,3110,3081,0;2825,2529,2588,2824,3249,3110,3081,3288;100,100,100,100,100,100,100,17;OOOOOOOT;100;0;671;8
[RECV] BSF66F notify: TR;3;4428;f;0;ff;7f;2821,2576,2577,2762,3238,3097,3070,0;2821,2576,2577,2762,3238,3097,3070,3288;100,100,100,100,100,100,100,17;OOOOOOOT;100;0;671;8
[RECV] BSF66F notify: TR;3;4429;f;0;ff;ff;2793,2557,2580,2800,3240,3084,3002,3278;2793,2557,2580,2800,3240,3084,3002,3278;100,100,100,100,100,100,100,20;OOOOOOOO;90;0;671;8
[RECV] BSF66F notify: RXG;1;4429;tag=1;mask=0xff;pc=8;guard=1200;spacing=1000;win=8165;pre=1;slot_to_entry_us=0;slot_to_sched_us=0;slot_to_write_done_us=0;slot_to_txcmd_us=274;slot_to_txdone_us=610;txcmd_to_txdone_us=335;txdone_to_rxstart_us=61;txdone_to_rxend_us=183;rxenable_
[RECV] BSF66F notify: TR;3;4430;f;0;ff;7f;2793,2518,2591,2824,3273,3076,3033,0;2793,2518,2591,2824,3273,3076,3033,3278;100,100,100,100,100,100,100,19;OOOOOOOT;100;0;29296;8
[RECV] BSF66F notify: CD;1;4430;tag=1;local=0xb101;status=0x00800b02;rxf=0x0776c814;win=8165;pc=8;mask=0xff;resp=7;unexp=0;last_len=20;last_src=0xa106;last_dst=0xb101;last_code=0xe1
[RECV] BSF66F notify: TR;3;4431;f;0;ff;7f;2779,2515,2581,2966,3286,3122,3016,0;2779,2515,2581,2966,3286,3122,3016,3278;100,100,100,100,100,100,100,18;OOOOOOOT;100;0;15258;8
[RECV] BSF66F notify: TR;3;4432;f;0;ff;ff;2789,2578,2593,2971,3281,3047,3008,3364;2789,2578,2593,2971,3281,3047,3008,3364;100,100,100,100,100,100,100,23;OOOOOOOO;90;0;671;8
[RECV] BSF66F notify: TR;3;4433;f;0;ff;7f;2844,2592,2619,2777,3246,3154,3019,0;2844,2592,2619,2777,3246,3154,3019,3364;100,100,100,100,100,100,100,22;OOOOOOOT;100;0;671;8
[RECV] BSF66F notify: TR;3;4434;f;0;ff;7f;2820,2570,2631,2788,3243,3108,3062,0;2820,2570,2631,2788,3243,3108,3062,3364;100,100,100,100,100,100,100,21;OOOOOOOT;100;0;671;8
[RECV] BSF66F notify: TR;3;4435;f;0;ff;ff;2758,2588,2580,2911,3263,3157,3052,3317;2758,2588,2580,2911,3263,3157,3052,3317;100,100,100,100,100,100,100,25;OOOOOOOO;90;0;671;8
[RECV] BSF66F notify: TR;3;4436;f;0;ff;7f;2773,2603,2597,2980,3296,3140,3060,0;2773,2603,2597,2980,3296,3140,3060,3317;100,100,100,100,100,100,100,23;OOOOOOOT;100;0;671;8
[RECV] BSF66F notify: TR;3;4437;f;0;ff;7f;2782,2548,2576,2892,3228,3172,3003,0;2782,2548,2576,2892,3228,3172,3003,3317;100,100,100,100,100,100,100,22;OOOOOOOT;100;0;671;8
[RECV] BSF66F notify: TR;3;4438;f;0;ff;ff;2801,2592,2580,2739,3254,3080,3005,3259;2801,2592,2580,2739,3254,3080,3005,3259;100,100,100,100,100,100,100,26;OOOOOOOO;90;0;671;8
[RECV] BSF66F notify: TR;3;4439;f;0;ff;7f;2760,2570,2594,2749,3251,3084,3106,0;2760,2570,2594,2749,3251,3084,3106,3259;100,100,100,100,100,100,100,25;OOOOOOOT;100;0;671;8
[RECV] BSF66F notify: RXG;1;4439;tag=1;mask=0xff;pc=8;guard=1200;spacing=1000;win=8165;pre=1;slot_to_entry_us=0;slot_to_sched_us=0;slot_to_write_done_us=0;slot_to_txcmd_us=274;slot_to_txdone_us=610;txcmd_to_txdone_us=335;txdone_to_rxstart_us=61;txdone_to_rxend_us=183;rxenable_
[RECV] BSF66F notify: TR;3;4440;f;0;ff;7f;2821,2591,2581,2808,3246,3075,3055,0;2821,2591,2581,2808,3246,3075,3055,3259;100,100,100,100,100,100,100,24;OOOOOOOT;100;0;29327;8
[RECV] BSF66F notify: CD;1;4440;tag=1;local=0xb101;status=0x00800f02;rxf=0x0776c814;win=8165;pc=8;mask=0xff;resp=7;unexp=0;last_len=20;last_src=0xa106;last_dst=0xb101;last_code=0xe1
[RECV] BSF66F notify: TR;3;4441;f;0;ff;7f;2850,2563,2609,2838,3281,3043,2961,0;2850,2563,2609,2838,3281,3043,2961,3259;100,100,100,100,100,100,100,23;OOOOOOOT;100;0;15563;8
[RECV] BSF66F notify: TR;3;4442;f;0;ff;7f;2840,2544,2592,2931,3258,3035,3021,0;2840,2544,2592,2931,3258,3035,3021,3259;100,100,100,100,100,100,100,22;OOOOOOOT;100;0;671;8
[RECV] BSF66F notify: TR;3;4443;f;0;ff;7f;2828,2576,2596,2953,3235,3112,2998,0;2828,2576,2596,2953,3235,3112,2998,3259;100,100,100,100,100,100,100,21;OOOOOOOT;100;0;671;8
[RECV] BSF66F notify: TR;3;4444;f;0;ff;7f;2764,2556,2598,2822,3234,3087,3044,0;2764,2556,2598,2822,3234,3087,3044,3259;100,100,100,100,100,100,100,20;OOOOOOOT;100;0;823;8
[RECV] BSF66F notify: TR;3;4445;f;0;ff;ff;2787,2616,2619,2882,3268,3091,3008,3243;2787,2616,2619,2882,3268,3091,3008,3243;100,100,100,100,100,100,100,23;OOOOOOOO;90;0;671;8
[RECV] BSF66F notify: TR;3;4446;f;0;ff;ff;2820,2555,2583,2950,3222,3131,3014,3321;2820,2555,2583,2950,3222,3131,3014,3321;100,100,100,100,100,100,100,25;OOOOOOOO;90;0;671;8
[RECV] BSF66F notify: TR;3;4447;f;0;ff;ff;2850,2550,2583,2924,3217,3155,2976,3138;2850,2550,2583,2924,3217,3155,2976,3138;100,100,100,100,100,100,100,28;OOOOOOOO;91;0;701;8
[RECV] BSF66F notify: TR;3;4448;f;0;ff;7f;2789,2559,2606,2715,3231,3114,3072,0;2789,2559,2606,2715,3231,3114,3072,3138;100,100,100,100,100,100,100,29;OOOOOOOT;100;0;671;8
[RECV] BSF66F notify: TR;3;4449;f;0;ff;7f;2759,2545,2579,2849,3240,3076,3014,0;2759,2545,2579,2849,3240,3076,3014,3138;100,100,100,100,100,100,100,27;OOOOOOOT;100;0;671;8
[RECV] BSF66F notify: RXG;1;4449;tag=1;mask=0xff;pc=8;guard=1200;spacing=1000;win=8165;pre=1;slot_to_entry_us=0;slot_to_sched_us=0;slot_to_write_done_us=0;slot_to_txcmd_us=274;slot_to_txdone_us=610;txcmd_to_txdone_us=335;txdone_to_rxstart_us=61;txdone_to_rxend_us=183;rxenable_
[RECV] BSF66F notify: TR;3;4450;f;0;ff;ff;2787,2575,2596,2665,3278,3160,3067,3252;2787,2575,2596,2665,3278,3160,3067,3252;100,100,100,100,100,100,100,31;OOOOOOOO;91;0;29205;8
[RECV] BSF66F notify: CD;1;4450;tag=1;local=0xb101;status=0x00800b02;rxf=0x0766c814;win=8165;pc=8;mask=0xff;resp=7;unexp=0;last_len=20;last_src=0xa106;last_dst=0xb101;last_code=0xe1
[RECV] BSF66F notify: TR;3;4451;f;0;ff;7f;2790,2540,2623,2822,3282,3082,2978,0;2790,2540,2623,2822,3282,3082,2978,3252;100,100,100,100,100,100,100,30;OOOOOOOT;100;0;15228;8
[RECV] BSF66F notify: TR;3;4452;f;0;ff;7f;2810,2546,2612,2852,3280,3084,2996,0;2810,2546,2612,2852,3280,3084,2996,3252;100,100,100,100,100,100,100,28;OOOOOOOT;100;0;671;8
[RECV] BSF66F notify: TR;3;4453;f;0;ff;ff;2770,2598,2595,2776,3276,3156,2999,3216;2770,2598,2595,2776,3276,3156,2999,3216;100,100,100,100,100,100,100,31;OOOOOOOO;91;0;671;8
[RECV] BSF66F notify: TR;3;4454;f;0;ff;7f;2833,2535,2611,2708,3245,3160,2984,0;2833,2535,2611,2708,3245,3160,2984,3216;100,100,100,100,100,100,100,30;OOOOOOOT;100;0;671;8
[RECV] BSF66F notify: TR;3;4455;f;0;ff;fe;0,2571,2588,2818,3217,3093,3005,3256;2833,2571,2588,2818,3217,3093,3005,3256;95,100,100,100,100,100,100,33;TOOOOOOO;90;0;671;8
[RECV] BSF66F notify: TR;3;4456;f;0;ff;ff;2817,2673,2611,2856,3272,3044,2921,2693;2817,2673,2611,2856,3272,3044,2921,2693;96,100,100,100,100,100,100,36;OOOOOOOO;91;0;671;8
[RECV] BSF66F notify: TR;3;4457;f;0;ff;7f;2813,2564,2641,2955,3252,2990,3025,0;2813,2564,2641,2955,3252,2990,3025,2693;96,100,100,100,100,100,100,34;OOOOOOOT;99;0;671;8
[RECV] BSF66F notify: TR;3;4458;f;0;ff;7f;2769,2584,2593,2936,3246,3106,2926,0;2769,2584,2593,2936,3246,3106,2926,2693;96,100,100,100,100,100,100,33;OOOOOOOT;99;0;671;8
[RECV] BSF66F notify: TR;3;4459;f;0;ff;ff;2837,2573,2580,2762,3216,3104,3035,3220;2837,2573,2580,2762,3216,3104,3035,3220;96,100,100,100,100,100,100,35;OOOOOOOO;91;0;701;8
[RECV] BSF66F notify: RXG;1;4459;tag=1;mask=0xff;pc=8;guard=1200;spacing=1000;win=8165;pre=1;slot_to_entry_us=0;slot_to_sched_us=0;slot_to_write_done_us=0;slot_to_txcmd_us=274;slot_to_txdone_us=610;txcmd_to_txdone_us=335;txdone_to_rxstart_us=61;txdone_to_rxend_us=183;rxenable_
[RECV] BSF66F notify: TR;3;4460;f;0;ff;7f;2781,2599,2645,2642,3257,3050,3028,0;2781,2599,2645,2642,3257,3050,3028,3220;96,100,100,100,100,100,100,34;OOOOOOOT;99;0;29296;8
[RECV] BSF66F notify: CD;1;4460;tag=1;local=0xb101;status=0x00800b02;rxf=0x0786c814;win=8165;pc=8;mask=0xff;resp=7;unexp=0;last_len=20;last_src=0xa106;last_dst=0xb101;last_code=0xe1
[RECV] BSF66F notify: TR;3;4461;f;0;ff;7f;2826,2557,2609,2938,3229,3055,3042,0;2826,2557,2609,2938,3229,3055,3042,3220;96,100,100,100,100,100,100,33;OOOOOOOT;99;0;15197;8
[RECV] BSF66F notify: TR;3;4462;f;0;ff;ff;2815,2571,2579,2838,3222,3066,2984,3317;2815,2571,2579,2838,3222,3066,2984,3317;96,100,100,100,100,100,100,35;OOOOOOOO;91;0;671;8
[RECV] BSF66F notify: TR;3;4463;f;0;ff;7f;2778,2574,2601,2673,3260,3130,3019,0;2778,2574,2601,2673,3260,3130,3019,3317;96,100,100,100,100,100,100,34;OOOOOOOT;99;0;671;8
[RECV] BSF66F notify: TR;3;4464;f;0;ff;7f;2823,2583,2633,2714,3270,3105,3068,0;2823,2583,2633,2714,3270,3105,3068,3317;100,100,100,100,100,100,100,35;OOOOOOOT;100;0;671;8
[RECV] BSF66F notify: TR;3;4465;f;0;ff;ff;2820,2577,2611,2847,3283,3133,3074,3310;2820,2577,2611,2847,3283,3133,3074,3310;100,100,100,100,100,100,100,38;OOOOOOOO;92;0;671;8
[RECV] BSF66F notify: TR;3;4466;f;0;ff;7f;2830,2573,2590,2955,3247,3162,2999,0;2830,2573,2590,2955,3247,3162,2999,3310;100,100,100,100,100,100,100,36;OOOOOOOT;100;0;671;8
[RECV] BSF66F notify: TR;3;4467;f;0;ff;7f;2763,2547,2608,3015,3269,3098,3030,0;2763,2547,2608,3015,3269,3098,3030,3310;100,100,100,100,100,100,100,35;OOOOOOOT;100;0;671;8
[RECV] BSF66F notify: TR;3;4468;f;0;ff;ff;2826,2585,2593,2831,3259,3194,3077,3250;2826,2585,2593,2831,3259,3194,3077,3250;100,100,100,100,100,100,100,38;OOOOOOOO;92;0;671;8
[RECV] BSF66F notify: TR;3;4469;f;0;ff;7f;2821,2594,2614,2678,3268,3116,3019,0;2821,2594,2614,2678,3268,3116,3019,3250;100,100,100,100,100,100,100,36;OOOOOOOT;100;0;671;8
[RECV] BSF66F notify: RXG;1;4469;tag=1;mask=0xff;pc=8;guard=1200;spacing=1000;win=8165;pre=1;slot_to_entry_us=0;slot_to_sched_us=0;slot_to_write_done_us=0;slot_to_txcmd_us=274;slot_to_txdone_us=610;txcmd_to_txdone_us=335;txdone_to_rxstart_us=61;txdone_to_rxend_us=183;rxenable_
[RECV] BSF66F notify: TR;3;4470;f;0;ff;7f;2827,2582,2564,2622,3255,3079,3086,0;2827,2582,2564,2622,3255,3079,3086,3250;100,100,100,100,100,100,100,34;OOOOOOOT;100;0;29357;8
[RECV] BSF66F notify: CD;1;4470;tag=1;local=0xb101;status=0x00806f02;rxf=0x07a6c814;win=8165;pc=8;mask=0xff;resp=8;unexp=0;last_len=20;last_src=0xa107;last_dst=0xb101;last_code=0xe1
[RECV] BSF66F notify: TR;3;4471;f;0;ff;ff;2794,2578,2595,2809,3257,3024,3008,3297;2794,2578,2595,2809,3257,3024,3008,3297;100,100,100,100,100,100,100,37;OOOOOOOO;92;0;15319;8
[RECV] BSF66F notify: TR;3;4472;f;0;ff;7f;2764,2568,2595,2779,3269,3071,3098,0;2764,2568,2595,2779,3269,3071,3098,3297;100,100,100,100,100,100,100,36;OOOOOOOT;100;0;671;8
[RECV] BSF66F notify: TR;3;4473;f;0;ff;7f;2762,2579,2580,2738,3239,3115,2987,0;2762,2579,2580,2738,3239,3115,2987,3297;100,100,100,100,100,100,100,34;OOOOOOOT;100;0;671;8
[RECV] BSF66F notify: TR;3;4474;f;0;ff;ff;2793,2567,2626,2784,3236,3139,3027,3113;2793,2567,2626,2784,3236,3139,3027,3113;100,100,100,100,100,100,100,37;OOOOOOOO;92;0;671;8
[RECV] BSF66F notify: TR;3;4475;f;0;ff;ff;2780,2609,2584,2749,3251,3099,3016,3256;2780,2609,2584,2749,3251,3099,3016,3256;100,100,100,100,100,100,100,39;OOOOOOOO;92;0;671;8
[RECV] BSF66F notify: TR;3;4476;f;0;ff;7f;2783,2564,2573,2939,3251,3114,3010,0;2783,2564,2573,2939,3251,3114,3010,3256;100,100,100,100,100,100,100,37;OOOOOOOT;100;0;671;8
[RECV] BSF66F notify: TR;3;4477;f;0;ff;ff;2826,2684,2586,2961,3245,3133,2973,3246;2826,2684,2586,2961,3245,3133,2973,3246;100,100,100,100,100,100,100,40;OOOOOOOO;92;0;671;8
[RECV] BSF66F notify: TR;3;4478;f;0;ff;7f;2773,2584,2606,2788,3247,3123,3031,0;2773,2584,2606,2788,3247,3123,3031,3246;100,100,100,100,100,100,100,38;OOOOOOOT;100;0;671;8
[RECV] BSF66F notify: TR;3;4479;f;0;ff;7f;2811,2595,2616,2734,3293,3154,3066,0;2811,2595,2616,2734,3293,3154,3066,3246;100,100,100,100,100,100,100,37;OOOOOOOT;100;0;671;8
[RECV] BSF66F notify: RXG;1;4479;tag=1;mask=0xff;pc=8;guard=1200;spacing=1000;win=8165;pre=1;slot_to_entry_us=0;slot_to_sched_us=0;slot_to_write_done_us=0;slot_to_txcmd_us=274;slot_to_txdone_us=610;txcmd_to_txdone_us=335;txdone_to_rxstart_us=61;txdone_to_rxend_us=183;rxenable_
[RECV] BSF66F notify: TR;3;4480;f;0;ff;7f;2830,2559,2656,2771,3248,3124,3066,0;2830,2559,2656,2771,3248,3124,3066,3246;100,100,100,100,100,100,100,35;OOOOOOOT;100;0;29357;8
[RECV] BSF66F notify: TR;3;4481;f;0;ff;7f;2760,2626,2597,2857,3249,3121,3196,0;2760,2626,2597,2857,3249,3121,3196,3246;100,100,100,100,100,100,100,33;OOOOOOOT;100;0;671;8
[RECV] BSF66F notify: CD;1;4481;tag=1;local=0xb101;status=0x00800b02;rxf=0x07b6c814;win=8165;pc=8;mask=0xff;resp=7;unexp=0;last_len=20;last_src=0xa106;last_dst=0xb101;last_code=0xe1
[RECV] BSF66F notify: TR;3;4482;f;0;ff;7f;2777,2582,2602,2829,3236,3125,2985,0;2777,2582,2602,2829,3236,3125,2985,3246;100,100,100,100,100,100,100,31;OOOOOOOT;100;0;15197;8
[RECV] BSF66F notify: TR;3;4483;f;0;ff;7f;2787,2652,2615,2724,3236,3099,2997,0;2787,2652,2615,2724,3236,3099,2997,3246;100,100,100,100,100,100,100,30;OOOOOOOT;100;0;823;8
[RECV] BSF66F notify: TR;3;4484;f;0;ff;ff;2832,2612,2624,2657,3266,3085,3044,3197;2832,2612,2624,2657,3266,3085,3044,3197;100,100,100,100,100,100,100,33;OOOOOOOO;91;0;671;8
[RECV] BSF66F notify: TR;3;4485;f;0;ff;7f;2818,2579,2603,2702,3233,3081,3075,0;2818,2579,2603,2702,3233,3081,3075,3197;100,100,100,100,100,100,100,31;OOOOOOOT;100;0;671;8
[RECV] BSF66F notify: TR;3;4486;f;0;ff;7f;2808,2566,2591,2944,3301,3083,3085,0;2808,2566,2591,2944,3301,3083,3085,3197;100,100,100,100,100,100,100,30;OOOOOOOT;100;0;854;8
[RECV] BSF66F notify: TR;3;4487;f;0;ff;ff;2840,2614,2609,2940,3234,3101,3077,3242;2840,2614,2609,2940,3234,3101,3077,3242;100,100,100,100,100,100,100,33;OOOOOOOO;91;0;671;8
[RECV] BSF66F notify: TR;3;4488;f;0;ff;ff;2741,2607,2566,2755,3251,3076,3034,3286;2741,2607,2566,2755,3251,3076,3034,3286;100,100,100,100,100,100,100,36;OOOOOOOO;92;0;671;8
[RECV] BSF66F notify: TR;3;4489;f;0;ff;7f;2804,2669,2599,2767,3238,3081,2985,0;2804,2669,2599,2767,3238,3081,2985,3286;100,100,100,100,100,100,100,34;OOOOOOOT;100;0;823;8
[RECV] BSF66F notify: RXG;1;4489;tag=1;mask=0xff;pc=8;guard=1200;spacing=1000;win=8165;pre=1;slot_to_entry_us=0;slot_to_sched_us=0;slot_to_write_done_us=0;slot_to_txcmd_us=274;slot_to_txdone_us=610;txcmd_to_txdone_us=335;txdone_to_rxstart_us=61;txdone_to_rxend_us=183;rxenable_
[RECV] BSF66F notify: TR;3;4490;f;0;ff;7f;2813,2618,2617,2682,3261,3167,3075,0;2813,2618,2617,2682,3261,3167,3075,3286;100,100,100,100,100,100,100,33;OOOOOOOT;100;0;29266;8
[RECV] BSF66F notify: TR;3;4491;f;0;ff;7f;2828,2577,2593,2999,3233,3088,3060,0;2828,2577,2593,2999,3233,3088,3060,3286;100,100,100,100,100,100,100,32;OOOOOOOT;100;0;671;8
[RECV] BSF66F notify: CD;1;4491;tag=1;local=0xb101;status=0x00806f02;rxf=0x0766c814;win=8165;pc=8;mask=0xff;resp=8;unexp=0;last_len=20;last_src=0xa107;last_dst=0xb101;last_code=0xe1
[RECV] BSF66F notify: TR;3;4492;f;0;ff;ff;2817,2568,2591,2909,3265,3100,2991,3249;2817,2568,2591,2909,3265,3100,2991,3249;100,100,100,100,100,100,100,34;OOOOOOOO;91;0;15380;8
[RECV] BSF66F notify: TR;3;4493;f;0;ff;7f;2821,2591,2630,2773,3263,3155,3012,0;2821,2591,2630,2773,3263,3155,3012,3249;100,100,100,100,100,100,100,33;OOOOOOOT;100;0;671;8
[RECV] BSF66F notify: TR;3;4494;f;0;ff;7f;2785,2642,2575,2658,3273,3155,2976,0;2785,2642,2575,2658,3273,3155,2976,3249;100,100,100,100,100,100,100,32;OOOOOOOT;100;0;671;8
[RECV] BSF66F notify: TR;3;4495;f;0;ff;ff;2784,2653,2614,2791,3241,3150,3094,3230;2784,2653,2614,2791,3241,3150,3094,3230;100,100,100,100,100,100,100,34;OOOOOOOO;91;0;671;8
[RECV] BSF66F notify: TR;3;4496;f;0;ff;7f;2796,2573,2645,2873,3265,3147,3222,0;2796,2573,2645,2873,3265,3147,3222,3230;100,100,100,100,100,100,100,35;OOOOOOOT;100;0;671;8
[RECV] BSF66F notify: TR;3;4497;f;0;ff;7f;2789,2626,2577,2923,3276,3109,3012,0;2789,2626,2577,2923,3276,3109,3012,3230;100,100,100,100,100,100,100,33;OOOOOOOT;100;0;671;8
[RECV] BSF66F notify: TR;3;4498;f;0;ff;ff;2758,2657,2640,2806,3255,3121,3023,3240;2758,2657,2640,2806,3255,3121,3023,3240;100,100,100,100,100,100,100,36;OOOOOOOO;92;0;671;8
[RECV] BSF66F notify: TR;3;4499;f;0;ff;7f;2813,2627,2573,2845,3230,3100,3322,0;2813,2627,2573,2845,3230,3100,3322,3240;100,100,100,100,100,100,100,35;OOOOOOOT;100;0;671;8
[RECV] BSF66F notify: RXG;1;4499;tag=1;mask=0xff;pc=8;guard=1200;spacing=1000;win=8165;pre=1;slot_to_entry_us=0;slot_to_sched_us=0;slot_to_write_done_us=0;slot_to_txcmd_us=274;slot_to_txdone_us=610;txcmd_to_txdone_us=335;txdone_to_rxstart_us=61;txdone_to_rxend_us=183;rxenable_
[RECV] BSF66F notify: TR;3;4500;f;0;ff;7f;2773,2611,2607,2789,3244,3155,3059,0;2773,2611,2607,2789,3244,3155,3059,3240;100,100,100,100,100,100,100,33;OOOOOOOT;100;0;29327;8
[RECV] BSF66F notify: TR;3;4501;f;0;ff;7f;2794,2581,2576,2999,3308,3084,3017,0;2794,2581,2576,2999,3308,3084,3017,3240;100,100,100,100,100,100,100,31;OOOOOOOT;100;0;915;8
[RECV] BSF66F notify: TR;3;4502;f;0;ff;7f;2819,2614,2606,2938,3262,3100,3162,0;2819,2614,2606,2938,3262,3100,3162,3240;100,100,100,100,100,100,100,30;OOOOOOOT;100;0;671;8
[RECV] BSF66F notify: CD;1;4502;tag=1;local=0xb101;status=0x00800f02;rxf=0x07c6c814;win=8165;pc=8;mask=0xff;resp=7;unexp=0;last_len=20;last_src=0xa106;last_dst=0xb101;last_code=0xe1
[RECV] BSF66F notify: TR;3;4503;f;0;ff;7f;2795,2603,2603,2790,3243,3115,3027,0;2795,2603,2603,2790,3243,3115,3027,3240;100,100,100,100,100,100,100,29;OOOOOOOT;100;0;15197;8
[RECV] BSF66F notify: TR;3;4504;f;0;ff;ff;2804,2591,2602,2799,3263,3098,3087,3173;2804,2591,2602,2799,3263,3098,3087,3173;100,100,100,100,100,100,100,32;OOOOOOOO;91;0;793;8
[RECV] BSF66F notify: TR;3;4505;f;0;ff;ff;2775,2630,2602,2867,3243,3099,3196,3262;2775,2630,2602,2867,3243,3099,3196,3262;100,100,100,100,100,100,100,34;OOOOOOOO;91;0;671;8
[RECV] BSF66F notify: TR;3;4506;f;0;ff;7f;2783,2552,2608,2904,3234,3117,3077,0;2783,2552,2608,2904,3234,3117,3077,3262;100,100,100,100,100,100,100,33;OOOOOOOT;100;0;671;8
[RECV] BSF66F notify: TR;3;4507;f;0;ff;7f;2787,2613,2598,2804,3254,3117,3003,0;2787,2613,2598,2804,3254,3117,3003,3262;100,100,100,100,100,100,100,32;OOOOOOOT;100;0;915;8
[RECV] BSF66F notify: TR;3;4508;f;0;ff;7f;2800,2619,2615,2751,3235,3126,3235,0;2800,2619,2615,2751,3235,3126,3235,3262;100,100,100,100,100,100,100,31;OOOOOOOT;100;0;671;8
[RECV] BSF66F notify: TR;3;4509;f;0;ff;7f;2816,2586,2627,2807,3261,3071,3016,0;2816,2586,2627,2807,3261,3071,3016,3262;100,100,100,100,100,100,100,30;OOOOOOOT;100;0;671;8
[RECV] BSF66F notify: RXG;1;4509;tag=1;mask=0xff;pc=8;guard=1200;spacing=1000;win=8165;pre=1;slot_to_entry_us=0;slot_to_sched_us=0;slot_to_write_done_us=0;slot_to_txcmd_us=274;slot_to_txdone_us=610;txcmd_to_txdone_us=335;txdone_to_rxstart_us=61;txdone_to_rxend_us=183;rxenable_
[RECV] BSF66F notify: TR;3;4510;f;0;ff;ff;2769,2639,2588,2858,3242,3057,2997,3200;2769,2639,2588,2858,3242,3057,2997,3200;100,100,100,100,100,100,100,32;OOOOOOOO;91;0;29357;8
[RECV] BSF66F notify: TR;3;4511;f;0;ff;7f;2840,2589,2605,2940,3266,3082,3069,0;2840,2589,2605,2940,3266,3082,3069,3200;100,100,100,100,100,100,100,31;OOOOOOOT;100;0;671;8
[RECV] BSF66F notify: TR;3;4512;f;0;ff;7f;2843,2560,2574,2983,3223,3077,3072,0;2843,2560,2574,2983,3223,3077,3072,3200;100,100,100,100,100,100,100,29;OOOOOOOT;100;0;671;8
[RECV] BSF66F notify: CD;1;4512;tag=1;local=0xb101;status=0x00800f02;rxf=0x07a6c814;win=8165;pc=8;mask=0xff;resp=7;unexp=0;last_len=20;last_src=0xa106;last_dst=0xb101;last_code=0xe1
[RECV] BSF66F notify: TR;3;4513;f;0;ff;7f;2792,2576,2567,2808,3269,3096,3037,0;2792,2576,2567,2808,3269,3096,3037,3200;100,100,100,100,100,100,100,27;OOOOOOOT;100;0;15319;8
[RECV] BSF66F notify: TR;3;4514;f;0;ff;7f;2820,2587,2592,2655,3227,3147,3215,0;2820,2587,2592,2655,3227,3147,3215,3200;100,100,100,100,100,100,100,26;OOOOOOOT;100;0;671;8
[RECV] BSF66F notify: TR;3;4515;f;0;ff;7f;2797,2570,2614,2646,3278,3110,3020,0;2797,2570,2614,2646,3278,3110,3020,3200;100,100,100,100,100,100,100,25;OOOOOOOT;100;0;671;8
[RECV] BSF66F notify: TR;3;4516;f;0;ff;7f;2810,2585,2609,2877,3271,3088,3039,0;2810,2585,2609,2877,3271,3088,3039,3200;100,100,100,100,100,100,100,23;OOOOOOOT;100;0;915;8
[RECV] BSF66F notify: TR;3;4517;f;0;ff;7f;2825,2526,2606,2822,3294,3087,3250,0;2825,2526,2606,2822,3294,3087,3250,3200;100,100,100,100,100,100,100,22;OOOOOOOT;100;0;671;8
[RECV] BSF66F notify: TR;3;4518;f;0;ff;7f;2812,2600,2626,2797,3246,3072,3002,0;2812,2600,2626,2797,3246,3072,3002,3200;100,100,100,100,100,100,100,21;OOOOOOOT;100;0;640;8
[RECV] BSF66F notify: TR;3;4519;f;0;ff;ff;2848,2591,2567,2818,3234,3049,3061,3252;2848,2591,2567,2818,3234,3049,3061,3252;100,100,100,100,100,100,100,25;OOOOOOOO;90;0;793;8
[RECV] BSF66F notify: RXG;1;4519;tag=1;mask=0xff;pc=8;guard=1200;spacing=1000;win=8165;pre=1;slot_to_entry_us=0;slot_to_sched_us=0;slot_to_write_done_us=0;slot_to_txcmd_us=396;slot_to_txdone_us=701;txcmd_to_txdone_us=305;txdone_to_rxstart_us=91;txdone_to_rxend_us=213;rxenable_
[RECV] BSF66F notify: TR;3;4520;f;0;ff;7f;2789,2571,2608,2812,3265,3142,3061,0;2789,2571,2608,2812,3265,3142,3061,3252;100,100,100,100,100,100,100,24;OOOOOOOT;100;0;29235;8
[RECV] BSF66F notify: TR;3;4521;f;0;ff;7f;2836,2542,2612,2931,3269,3093,3032,0;2836,2542,2612,2931,3269,3093,3032,3252;100,100,100,100,100,100,100,23;OOOOOOOT;100;0;671;8
[RECV] BSF66F notify: TR;3;4522;f;0;ff;ff;2786,2569,2599,2967,3230,3164,2994,3289;2786,2569,2599,2967,3230,3164,2994,3289;100,100,100,100,100,100,100,25;OOOOOOOO;90;0;854;8
[RECV] BSF66F notify: CD;1;4522;tag=1;local=0xb101;status=0x00800b02;rxf=0x0706c814;win=8165;pc=8;mask=0xff;resp=7;unexp=0;last_len=20;last_src=0xa106;last_dst=0xb101;last_code=0xe1
[RECV] BSF66F notify: TR;3;4523;f;0;ff;7f;2847,2556,2616,2620,3272,3058,3121,0;2847,2556,2616,2620,3272,3058,3121,3289;100,100,100,100,100,100,100,25;OOOOOOOT;100;0;15167;8
[RECV] BSF66F notify: TR;3;4524;f;0;ff;7f;2785,2536,2619,2814,3265,3149,3027,0;2785,2536,2619,2814,3265,3149,3027,3289;100,100,100,100,100,100,100,24;OOOOOOOT;100;0;640;8
[RECV] BSF66F notify: TR;3;4525;f;0;ff;ff;2779,2571,2607,2672,3285,3130,3015,3249;2779,2571,2607,2672,3285,3130,3015,3249;100,100,100,100,100,100,100,26;OOOOOOOO;90;0;854;8
[RECV] BSF66F notify: TR;3;4526;f;0;ff;7f;2796,2562,2623,2818,3262,3152,3231,0;2796,2562,2623,2818,3262,3152,3231,3249;100,100,100,100,100,100,100,25;OOOOOOOT;100;0;671;8
[RECV] BSF66F notify: TR;3;4527;f;0;ff;7f;2809,2578,2614,2837,3274,3094,2998,0;2809,2578,2614,2837,3274,3094,2998,3249;100,100,100,100,100,100,100,25;OOOOOOOT;100;0;671;8
[RECV] BSF66F notify: TR;3;4528;f;0;ff;7f;2783,2592,2566,2737,3249,3031,2933,0;2783,2592,2566,2737,3249,3031,2933,3249;100,100,100,100,100,100,100,23;OOOOOOOT;100;0;915;8
[RECV] BSF66F notify: TR;3;4529;f;0;ff;ff;2774,2580,2589,2686,3263,3069,3049,3253;2774,2580,2589,2686,3263,3069,3049,3253;100,100,100,100,100,100,100,27;OOOOOOOO;90;0;671;8
[RECV] BSF66F notify: RXG;1;4529;tag=1;mask=0xff;pc=8;guard=1200;spacing=1000;win=8165;pre=1;slot_to_entry_us=0;slot_to_sched_us=0;slot_to_write_done_us=0;slot_to_txcmd_us=274;slot_to_txdone_us=610;txcmd_to_txdone_us=335;txdone_to_rxstart_us=61;txdone_to_rxend_us=183;rxenable_
[RECV] BSF66F notify: TR;3;4530;f;0;ff;7f;2850,2533,2605,2961,3261,3059,3034,0;2850,2533,2605,2961,3261,3059,3034,3253;100,100,100,100,100,100,100,26;OOOOOOOT;100;0;29357;8
[RECV] BSF66F notify: TR;3;4531;f;0;ff;7f;2826,2568,2606,2903,3258,3072,2977,0;2826,2568,2606,2903,3258,3072,2977,3253;100,100,100,100,100,100,100,25;OOOOOOOT;100;0;915;8
[RECV] BSF66F notify: TR;3;4532;f;0;ff;7f;2806,2582,2593,2959,3264,3123,3072,0;2806,2582,2593,2959,3264,3123,3072,3253;100,100,100,100,100,100,100,23;OOOOOOOT;100;0;671;8
[RECV] BSF66F notify: CD;1;4532;tag=1;local=0xb101;status=0x00800002;rxf=0x0796c814;win=8165;pc=8;mask=0xff;resp=7;unexp=0;last_len=20;last_src=0xa106;last_dst=0xb101;last_code=0xe1
[RECV] BSF66F notify: TR;3;4533;f;0;ff;7f;2833,2586,2599,2801,3241,3084,3040,0;2833,2586,2599,2801,3241,3084,3040,3253;100,100,100,100,100,100,100,22;OOOOOOOT;100;0;15258;8
[RECV] BSF66F notify: TR;3;4534;f;0;ff;ff;2818,2595,2579,2696,3249,3163,3011,3225;2818,2595,2579,2696,3249,3163,3011,3225;100,100,100,100,100,100,100,26;OOOOOOOO;90;0;854;8
[RECV] BSF66F notify: TR;3;4535;f;0;ff;7f;2788,2559,2636,2823,3221,3108,3284,0;2788,2559,2636,2823,3221,3108,3284,3225;100,100,100,100,100,100,100,25;OOOOOOOT;100;0;671;8
[RECV] BSF66F notify: TR;3;4536;f;0;ff;7f;2781,2559,2580,3008,3282,3065,3029,0;2781,2559,2580,3008,3282,3065,3029,3225;100,100,100,100,100,100,100,24;OOOOOOOT;100;0;671;8
[RECV] BSF66F notify: TR;3;4537;f;0;ff;7f;2803,2544,2576,2918,3225,3065,3033,0;2803,2544,2576,2918,3225,3065,3033,3225;100,100,100,100,100,100,100,23;OOOOOOOT;100;0;915;8
[RECV] BSF66F notify: TR;3;4538;f;0;ff;7f;2784,2571,2615,2731,3285,3082,3056,0;2784,2571,2615,2731,3285,3082,3056,3225;100,100,100,100,100,100,100,22;OOOOOOOT;100;0;640;8
[RECV] BSF66F notify: TR;3;4539;f;0;ff;7f;2787,2561,2599,2784,3288,3109,3010,0;2787,2561,2599,2784,3288,3109,3010,3225;100,100,100,100,100,100,100,21;OOOOOOOT;100;0;671;8
[RECV] BSF66F notify: RXG;1;4539;tag=1;mask=0xff;pc=8;guard=1200;spacing=1000;win=8165;pre=1;slot_to_entry_us=0;slot_to_sched_us=0;slot_to_write_done_us=0;slot_to_txcmd_us=274;slot_to_txdone_us=579;txcmd_to_txdone_us=305;txdone_to_rxstart_us=91;txdone_to_rxend_us=213;rxenable_
[RECV] BSF66F notify: TR;3;4540;f;0;ff;ff;2820,2559,2588,2718,3266,3086,3041,3224;2820,2559,2588,2718,3266,3086,3041,3224;100,100,100,100,100,100,100,24;OOOOOOOO;90;0;29449;8
[RECV] BSF66F notify: TR;3;4541;f;0;ff;7f;2807,2546,2582,2848,3244,3093,3150,0;2807,2546,2582,2848,3244,3093,3150,3224;100,100,100,100,100,100,100,23;OOOOOOOT;100;0;671;8
[RECV] BSF66F notify: TR;3;4542;f;0;ff;7f;2782,2540,2573,2918,3258,3115,3009,0;2782,2540,2573,2918,3258,3115,3009,3224;100,100,100,100,100,100,100,22;OOOOOOOT;100;0;640;8
[RECV] BSF66F notify: CD;1;4542;tag=1;local=0xb101;status=0x00806f02;rxf=0x0786c814;win=8165;pc=8;mask=0xff;resp=8;unexp=0;last_len=20;last_src=0xa107;last_dst=0xb101;last_code=0xe1
[RECV] BSF66F notify: TR;3;4543;f;0;ff;ff;2822,2575,2609,2961,3254,3098,3030,3257;2822,2575,2609,2961,3254,3098,3030,3257;100,100,100,100,100,100,100,25;OOOOOOOO;90;0;15594;8
[RECV] BSF66F notify: TR;3;4544;f;0;ff;7f;2828,2544,2585,2762,3263,3088,3320,0;2828,2544,2585,2762,3263,3088,3320,3257;100,100,100,100,100,100,100,23;OOOOOOOT;100;0;671;8
[RECV] BSF66F notify: TR;3;4545;f;0;ff;7f;2788,2557,2605,2668,3271,3104,3045,0;2788,2557,2605,2668,3271,3104,3045,3257;100,100,100,100,100,100,100,22;OOOOOOOT;100;0;671;8
[RECV] BSF66F notify: TR;3;4546;f;0;ff;7f;2814,2577,2577,2900,3222,3079,3016,0;2814,2577,2577,2900,3222,3079,3016,3257;100,100,100,100,100,100,100,21;OOOOOOOT;100;0;793;8
[RECV] BSF66F notify: TR;3;4547;f;0;ff;7f;2790,2546,2594,2968,3215,3073,3040,0;2790,2546,2594,2968,3215,3073,3040,3257;100,100,100,100,100,100,100,20;OOOOOOOT;100;0;640;8
[RECV] BSF66F notify: TR;3;4548;f;0;ff;7f;2773,2575,2592,2808,3290,3105,2977,0;2773,2575,2592,2808,3290,3105,2977,3257;100,100,100,100,100,100,100,19;OOOOOOOT;100;0;671;8
[RECV] BSF66F notify: TR;3;4549;f;0;ff;7f;2835,2564,2605,2834,3279,3090,3083,0;2835,2564,2605,2834,3279,3090,3083,3257;100,100,100,100,100,100,100,18;OOOOOOOT;100;0;793;8
[RECV] BSF66F notify: RXG;1;4549;tag=1;mask=0xff;pc=8;guard=1200;spacing=1000;win=8165;pre=1;slot_to_entry_us=0;slot_to_sched_us=0;slot_to_write_done_us=0;slot_to_txcmd_us=396;slot_to_txdone_us=701;txcmd_to_txdone_us=305;txdone_to_rxstart_us=91;txdone_to_rxend_us=213;rxenable_
[RECV] BSF66F notify: TR;3;4550;f;0;ff;7f;2800,2555,2596,2722,3244,3080,3126,0;2800,2555,2596,2722,3244,3080,3126,3257;100,100,100,100,100,100,100,17;OOOOOOOT;100;0;29357;8
[RECV] BSF66F notify: TR;3;4551;f;0;ff;7f;2762,2568,2590,2897,3234,3066,3052,0;2762,2568,2590,2897,3234,3066,3052,3257;100,100,100,100,100,100,100,16;OOOOOOOT;100;0;671;8
[RECV] BSF66F notify: TR;3;4552;f;0;ff;7f;2827,2567,2589,2892,3242,3076,3043,0;2827,2567,2589,2892,3242,3076,3043,3257;100,100,100,100,100,100,100,16;OOOOOOOT;100;0;793;8
[RECV] BSF66F notify: CD;1;4552;tag=1;local=0xb101;status=0x00806f02;rxf=0x0786c814;win=8165;pc=8;mask=0xff;resp=8;unexp=0;last_len=20;last_src=0xa107;last_dst=0xb101;last_code=0xe1
[RECV] BSF66F notify: TR;3;4553;f;0;ff;ff;2767,2583,2603,2806,3261,3080,3239,3214;2767,2583,2603,2806,3261,3080,3239,3214;100,100,100,100,100,100,100,19;OOOOOOOO;100;0;15197;8
[RECV] BSF66F notify: TR;3;4554;f;0;ff;7f;2790,2615,2577,2730,3286,3154,3049,0;2790,2615,2577,2730,3286,3154,3049,3214;100,100,100,100,100,100,100,18;OOOOOOOT;100;0;671;8
[RECV] BSF66F notify: TR;3;4555;f;0;ff;7f;2833,2589,2592,2901,3291,3064,3071,0;2833,2589,2592,2901,3291,3064,3071,3214;100,100,100,100,100,100,100,17;OOOOOOOT;100;0;793;8
[RECV] BSF66F notify: TR;3;4556;f;0;ff;7f;2771,2573,2609,2919,3253,3103,3253,0;2771,2573,2609,2919,3253,3103,3253,3214;100,100,100,100,100,100,100,17;OOOOOOOT;100;0;671;8
[RECV] BSF66F notify: TR;3;4557;f;0;ff;7f;2770,2613,2589,2922,3259,3111,2996,0;2770,2613,2589,2922,3259,3111,2996,3214;100,100,100,100,100,100,100,16;OOOOOOOT;100;0;671;8
[RECV] BSF66F notify: TR;3;4558;f;0;ff;7f;2816,2560,2592,2750,3276,3086,3037,0;2816,2560,2592,2750,3276,3086,3037,3214;100,100,100,100,100,100,100,16;OOOOOOOT;100;0;793;8
[RECV] BSF66F notify: TR;3;4559;f;0;ff;7f;2826,2608,2598,2802,3231,3069,3041,0;2826,2608,2598,2802,3231,3069,3041,3214;100,100,100,100,100,100,100,15;OOOOOOOT;100;0;640;8
[RECV] BSF66F notify: RXG;1;4559;tag=1;mask=0xff;pc=8;guard=1200;spacing=1000;win=8165;pre=1;slot_to_entry_us=0;slot_to_sched_us=0;slot_to_write_done_us=0;slot_to_txcmd_us=274;slot_to_txdone_us=610;txcmd_to_txdone_us=335;txdone_to_rxstart_us=61;txdone_to_rxend_us=183;rxenable_
[RECV] BSF66F notify: TR;3;4560;f;0;ff;7f;2802,2569,2627,2742,3467,3111,3039,0;2802,2569,2627,2742,3467,3111,3039,3214;100,100,100,100,100,100,100,17;OOOOOOOT;100;0;29266;8
[RECV] BSF66F notify: TR;3;4561;f;0;ff;7f;2757,2589,2599,2920,3229,3055,3031,0;2757,2589,2599,2920,3229,3055,3031,3214;100,100,100,100,100,100,100,16;OOOOOOOT;100;0;793;8
[RECV] BSF66F notify: TR;3;4562;f;0;ff;7f;2764,2566,2601,2978,3307,3097,3118,0;2764,2566,2601,2978,3307,3097,3118,3214;100,100,100,100,100,100,100,15;OOOOOOOT;100;0;671;8
[RECV] BSF66F notify: CD;1;4562;tag=1;local=0xb101;status=0x00800b02;rxf=0x0796c814;win=8165;pc=8;mask=0xff;resp=7;unexp=0;last_len=20;last_src=0xa106;last_dst=0xb101;last_code=0xe1
[RECV] BSF66F notify: TR;3;4563;f;0;ff;7f;2798,2591,2607,2803,3436,3103,3006,0;2798,2591,2607,2803,3436,3103,3006,3214;100,100,100,100,100,100,100,15;OOOOOOOT;100;0;15258;8
[RECV] BSF66F notify: TR;3;4564;f;0;ff;7f;2837,2598,2599,2746,3278,3120,3065,0;2837,2598,2599,2746,3278,3120,3065,3214;100,100,100,100,100,100,100,14;OOOOOOOT;100;0;732;8
[RECV] BSF66F notify: TR;3;4565;f;0;ff;7f;2787,2559,2629,2831,3230,3074,3026,0;2787,2559,2629,2831,3230,3074,3026,3214;100,100,100,100,100,100,100,13;OOOOOOOT;100;0;671;8
[RECV] BSF66F notify: TR;3;4566;f;0;ff;7f;2818,2602,2578,2947,3433,3130,3066,0;2818,2602,2578,2947,3433,3130,3066,3214;100,100,100,100,100,100,100,13;OOOOOOOT;100;0;671;8
[RECV] BSF66F notify: TR;3;4567;f;0;ff;7f;2833,2547,2587,2998,3256,3094,3023,0;2833,2547,2587,2998,3256,3094,3023,3214;100,100,100,100,100,100,100,12;OOOOOOOT;100;0;732;8
[RECV] BSF66F notify: TR;3;4568;f;0;ff;7f;2749,2578,2580,2711,3256,3124,3048,0;2749,2578,2580,2711,3256,3124,3048,3214;100,100,100,100,100,100,100,12;OOOOOOOT;100;0;671;8
[RECV] BSF66F notify: TR;3;4569;f;0;ff;7f;2784,2595,2604,2770,3400,3086,3015,0;2784,2595,2604,2770,3400,3086,3015,3214;100,100,100,100,100,100,100,11;OOOOOOOT;100;0;671;8
[RECV] BSF66F notify: RXG;1;4569;tag=1;mask=0xff;pc=8;guard=1200;spacing=1000;win=8165;pre=1;slot_to_entry_us=0;slot_to_sched_us=0;slot_to_write_done_us=0;slot_to_txcmd_us=274;slot_to_txdone_us=610;txcmd_to_txdone_us=335;txdone_to_rxstart_us=61;txdone_to_rxend_us=183;rxenable_
[RECV] BSF66F notify: TR;3;4570;f;0;ff;7f;2790,2568,2639,2743,3265,3076,2993,0;2790,2568,2639,2743,3265,3076,2993,3214;100,100,100,100,100,100,100,11;OOOOOOOT;100;0;29205;8
[RECV] BSF66F notify: TR;3;4571;f;0;ff;7f;2808,2575,2582,2857,3229,3110,3013,0;2808,2575,2582,2857,3229,3110,3013,3214;100,100,100,100,100,100,100,10;OOOOOOOT;100;0;671;8
[RECV] BSF66F notify: TR;3;4572;f;0;ff;7f;2848,2551,2583,2853,3569,3084,3026,0;2848,2551,2583,2853,3569,3084,3026,3214;100,100,100,100,100,100,100,10;OOOOOOOT;100;0;671;8
[RECV] BSF66F notify: CD;1;4572;tag=1;local=0xb101;status=0x00800f02;rxf=0x07a6c814;win=8165;pc=8;mask=0xff;resp=7;unexp=0;last_len=20;last_src=0xa106;last_dst=0xb101;last_code=0xe1
[RECV] BSF66F notify: TR;3;4573;f;0;ff;7f;2796,2594,2588,2740,3260,3127,3053,0;2796,2594,2588,2740,3260,3127,3053,3214;100,100,100,100,100,100,100,10;OOOOOOOT;100;0;15197;8
[RECV] BSF66F notify: TR;3;4574;f;0;ff;7f;2852,2599,2608,3001,3227,3073,3016,0;2852,2599,2608,3001,3227,3073,3016,3214;100,100,100,100,100,100,100,9;OOOOOOOT;100;0;671;8
[RECV] BSF66F notify: TR;3;4575;f;0;ff;7f;2788,2592,2600,2753,3445,3114,3013,0;2788,2592,2600,2753,3445,3114,3013,3214;100,100,100,100,100,100,100,9;OOOOOOOT;100;0;640;8
[RECV] BSF66F notify: TR;3;4576;f;0;ff;7f;2777,2558,2594,2880,3221,3070,3039,0;2777,2558,2594,2880,3221,3070,3039,3214;100,100,100,100,100,100,100,11;OOOOOOOT;100;0;732;8
[RECV] BSF66F notify: TR;3;4577;f;0;ff;7f;2766,2551,2585,2897,3219,3127,2993,0;2766,2551,2585,2897,3219,3127,2993,3214;100,100,100,100,100,100,100,11;OOOOOOOT;100;0;671;8
[RECV] BSF66F notify: TR;3;4578;f;0;ff;7f;2809,2608,2604,2812,3372,3165,3065,0;2809,2608,2604,2812,3372,3165,3065,3214;100,100,100,100,100,100,100,10;OOOOOOOT;100;0;671;8
[RECV] BSF66F notify: TR;3;4579;f;0;ff;7f;2776,2602,2570,2828,3260,3133,2955,0;2776,2602,2570,2828,3260,3133,2955,3214;100,100,100,100,100,100,100,10;OOOOOOOT;100;0;732;8
[RECV] BSF66F notify: RXG;1;4579;tag=1;mask=0xff;pc=8;guard=1200;spacing=1000;win=8165;pre=1;slot_to_entry_us=0;slot_to_sched_us=0;slot_to_write_done_us=0;slot_to_txcmd_us=335;slot_to_txdone_us=701;txcmd_to_txdone_us=366;txdone_to_rxstart_us=91;txdone_to_rxend_us=213;rxenable_
[RECV] BSF66F notify: TR;3;4580;f;0;ff;ff;2769,2607,2631,2942,3230,3087,3059,3221;2769,2607,2631,2942,3230,3087,3059,3221;100,100,100,100,100,100,100,14;OOOOOOOO;100;0;29327;8
[RECV] BSF66F notify: TR;3;4581;f;0;ff;7f;2835,2551,2567,2893,3466,3131,2999,0;2835,2551,2567,2893,3466,3131,2999,3221;100,100,100,100,100,100,100,13;OOOOOOOT;100;0;671;8
[RECV] BSF66F notify: TR;3;4582;f;0;ff;ff;2840,2564,2604,2905,3245,3075,2984,3229;2840,2564,2604,2905,3245,3075,2984,3229;100,100,100,100,100,100,100,17;OOOOOOOO;100;0;915;8
[RECV] BSF66F notify: CD;1;4582;tag=1;local=0xb101;status=0x00800b02;rxf=0x07b6c814;win=8165;pc=8;mask=0xff;resp=7;unexp=0;last_len=20;last_src=0xa106;last_dst=0xb101;last_code=0xe1
[RECV] BSF66F notify: TR;3;4583;f;0;ff;7f;2825,2557,2609,2864,3223,3136,3099,0;2825,2557,2609,2864,3223,3136,3099,3229;100,100,100,100,100,100,100,16;OOOOOOOT;100;0;15289;8
[RECV] BSF66F notify: TR;3;4584;f;0;ff;7f;2748,2578,2603,2839,3552,3116,3073,0;2748,2578,2603,2839,3552,3116,3073,3229;100,100,100,100,100,100,100,16;OOOOOOOT;100;0;640;8
[RECV] BSF66F notify: TR;3;4585;f;0;ff;ff;2815,2578,2581,2850,3246,3082,3045,3236;2815,2578,2581,2850,3246,3082,3045,3236;100,100,100,100,100,100,100,19;OOOOOOOO;100;0;915;8
[RECV] BSF66F notify: TR;3;4586;f;0;ff;ff;2853,2529,2548,2938,3250,3104,3004,3240;2853,2529,2548,2938,3250,3104,3004,3240;100,100,100,100,100,100,100,22;OOOOOOOO;90;0;671;8
[RECV] BSF66F notify: TR;3;4587;f;0;ff;7f;2826,2552,2585,2893,3486,3054,3040,0;2826,2552,2585,2893,3486,3054,3040,3240;100,100,100,100,100,100,100,21;OOOOOOOT;100;0;640;8
[RECV] BSF66F notify: TR;3;4588;f;0;ff;7f;2771,2568,2606,2735,3242,3145,3024,0;2771,2568,2606,2735,3242,3145,3024,3240;100,100,100,100,100,100,100,20;OOOOOOOT;100;0;732;8
[RECV] BSF66F notify: TR;3;4589;f;0;ff;7f;2771,2524,2606,2745,3253,3126,3012,0;2771,2524,2606,2745,3253,3126,3012,3240;100,100,100,100,100,100,100,20;OOOOOOOT;100;0;640;8
[RECV] BSF66F notify: RXG;1;4589;tag=1;mask=0xff;pc=8;guard=1200;spacing=1000;win=8165;pre=1;slot_to_entry_us=0;slot_to_sched_us=0;slot_to_write_done_us=0;slot_to_txcmd_us=274;slot_to_txdone_us=610;txcmd_to_txdone_us=335;txdone_to_rxstart_us=61;txdone_to_rxend_us=183;rxenable_
[RECV] BSF66F notify: TR;3;4590;f;0;ff;7f;2825,2550,2612,2739,3499,3043,3094,0;2825,2550,2612,2739,3499,3043,3094,3240;100,100,100,100,100,100,100,19;OOOOOOOT;100;0;29296;8
[RECV] BSF66F notify: TR;3;4591;f;0;ff;7f;2778,2544,2617,2901,3282,3127,3061,0;2778,2544,2617,2901,3282,3127,3061,3240;100,100,100,100,100,100,100,18;OOOOOOOT;100;0;732;8
[RECV] BSF66F notify: TR;3;4592;f;0;ff;ff;2812,2545,2612,2912,3262,3068,3021,3252;2812,2545,2612,2912,3262,3068,3021,3252;100,100,100,100,100,100,100,23;OOOOOOOO;90;0;671;8
[RECV] BSF66F notify: CD;1;4592;tag=1;local=0xb101;status=0x00800b02;rxf=0x0786c814;win=8165;pc=8;mask=0xff;resp=7;unexp=0;last_len=20;last_src=0xa106;last_dst=0xb101;last_code=0xe1
[RECV] BSF66F notify: TR;3;4593;f;0;ff;7f;2839,2572,2608,2878,3536,3034,3091,0;2839,2572,2608,2878,3536,3034,3091,3252;100,100,100,100,100,100,100,22;OOOOOOOT;100;0;15258;8
[RECV] BSF66F notify: TR;3;4594;f;0;ff;7f;2849,2567,2610,2800,3260,3070,2993,0;2849,2567,2610,2800,3260,3070,2993,3252;100,100,100,100,100,100,100,21;OOOOOOOT;100;0;732;8
[RECV] BSF66F notify: TR;3;4595;f;0;ff;ff;2817,2545,2613,2821,3248,3193,3007,3260;2817,2545,2613,2821,3248,3193,3007,3260;100,100,100,100,100,100,100,25;OOOOOOOO;90;0;701;8
[RECV] BSF66F notify: TR;3;4596;f;0;ff;7f;2832,2568,2612,2951,3450,3118,3043,0;2832,2568,2612,2951,3450,3118,3043,3260;100,100,100,100,100,100,100,23;OOOOOOOT;100;0;640;8
[RECV] BSF66F notify: TR;3;4597;f;0;ff;7f;2816,2566,2601,2945,3226,3062,3047,0;2816,2566,2601,2945,3226,3062,3047,3260;100,100,100,100,100,100,100,22;OOOOOOOT;100;0;732;8
[RECV] BSF66F notify: TR;3;4598;f;0;ff;ff;2791,2587,2617,2704,3247,3096,3068,3239;2791,2587,2617,2704,3247,3096,3068,3239;100,100,100,100,100,100,100,26;OOOOOOOO;90;0;671;8
[RECV] BSF66F notify: TR;3;4599;f;0;ff;7f;2752,2562,2612,2789,3460,3035,3082,0;2752,2562,2612,2789,3460,3035,3082,3239;100,100,100,100,100,100,100,25;OOOOOOOT;100;0;671;8
[RECV] BSF66F notify: RXG;1;4599;tag=1;mask=0xff;pc=8;guard=1200;spacing=1000;win=8165;pre=1;slot_to_entry_us=0;slot_to_sched_us=0;slot_to_write_done_us=0;slot_to_txcmd_us=274;slot_to_txdone_us=610;txcmd_to_txdone_us=335;txdone_to_rxstart_us=61;txdone_to_rxend_us=183;rxenable_
[RECV] BSF66F notify: TR;3;4600;f;0;ff;7f;2845,2528,2626,2759,3250,3070,3087,0;2845,2528,2626,2759,3250,3070,3087,3239;100,100,100,100,100,100,100,24;OOOOOOOT;100;0;29205;8
[RECV] BSF66F notify: TR;3;4601;f;0;ff;7f;2796,2538,2587,2957,3268,3066,3025,0;2796,2538,2587,2957,3268,3066,3025,3239;100,100,100,100,100,100,100,23;OOOOOOOT;100;0;640;8
[RECV] BSF66F notify: TR;3;4602;f;0;ff;7f;2832,2547,2571,2933,3479,3109,3042,0;2832,2547,2571,2933,3479,3109,3042,3239;100,100,100,100,100,100,100,22;OOOOOOOT;100;0;671;8
[RECV] BSF66F notify: CD;1;4602;tag=1;local=0xb101;status=0x00806f02;rxf=0x0766c814;win=8165;pc=8;mask=0xff;resp=8;unexp=0;last_len=20;last_src=0xa107;last_dst=0xb101;last_code=0xe1
[RECV] BSF66F notify: TR;3;4603;f;0;ff;ff;2749,2615,2627,2652,3276,3082,3038,3266;2749,2615,2627,2652,3276,3082,3038,3266;100,100,100,100,100,100,100,25;OOOOOOOO;90;0;15228;8
[RECV] BSF66F notify: TR;3;4604;f;0;ff;ff;2778,2577,2621,2787,3278,3036,3012,3209;2778,2577,2621,2787,3278,3036,3012,3209;100,100,100,100,100,100,100,27;OOOOOOOO;90;0;671;8
[RECV] BSF66F notify: TR;3;4605;f;0;ff;7f;2832,2528,2603,2857,3474,3067,3055,0;2832,2528,2603,2857,3474,3067,3055,3209;100,100,100,100,100,100,100,26;OOOOOOOT;100;0;640;8
[RECV] BSF66F notify: TR;3;4606;f;0;ff;ff;2785,2555,2602,2880,3231,3124,3039,3296;2785,2555,2602,2880,3231,3124,3039,3296;100,100,100,100,100,100,100,29;OOOOOOOO;91;0;915;8
[RECV] BSF66F notify: TR;3;4607;f;0;ff;ff;2763,2620,2614,2896,3250,3061,2991,3242;2763,2620,2614,2896,3250,3061,2991,3242;100,100,100,100,100,100,100,31;OOOOOOOO;91;0;671;8
[RECV] BSF66F notify: TR;3;4608;f;0;ff;7f;2767,2586,2601,2660,3360,3110,3038,0;2767,2586,2601,2660,3360,3110,3038,3242;100,100,100,100,100,100,100,29;OOOOOOOT;100;0;640;8
[RECV] BSF66F notify: TR;3;4609;f;0;ff;7f;2775,2579,2625,2797,3253,3106,3040,0;2775,2579,2625,2797,3253,3106,3040,3242;100,100,100,100,100,100,100,27;OOOOOOOT;100;0;671;8
[RECV] BSF66F notify: RXG;1;4609;tag=1;mask=0xff;pc=8;guard=1200;spacing=1000;win=8165;pre=1;slot_to_entry_us=0;slot_to_sched_us=0;slot_to_write_done_us=0;slot_to_txcmd_us=396;slot_to_txdone_us=793;txcmd_to_txdone_us=396;txdone_to_rxstart_us=61;txdone_to_rxend_us=183;rxenable_
[RECV] BSF66F notify: TR;3;4610;f;0;ff;ff;2803,2589,2596,2777,3252,3057,3022,3258;2803,2589,2596,2777,3252,3057,3022,3258;100,100,100,100,100,100,100,31;OOOOOOOO;91;0;29327;8
[RECV] BSF66F notify: TR;3;4611;f;0;ff;7f;2792,2554,2606,2854,3511,3093,3043,0;2792,2554,2606,2854,3511,3093,3043,3258;100,100,100,100,100,100,100,30;OOOOOOOT;100;0;671;8
[RECV] BSF66F notify: TR;3;4612;f;0;ff;7f;2824,2567,2571,2910,3245,3090,3067,0;2824,2567,2571,2910,3245,3090,3067,3258;100,100,100,100,100,100,100,28;OOOOOOOT;100;0;671;8
[RECV] BSF66F notify: CD;1;4612;tag=1;local=0xb101;status=0x00806f02;rxf=0x0796c814;win=8165;pc=8;mask=0xff;resp=7;unexp=0;last_len=20;last_src=0xa107;last_dst=0xb101;last_code=0xe1
[RECV] BSF66F notify: TR;3;4613;f;0;ff;f7;2776,2570,2586,0,3275,3109,3023,3297;2776,2570,2586,2910,3275,3109,3023,3297;100,100,100,95,100,100,100,31;OOOTOOOO;90;0;15197;8
[RECV] BSF66F notify: TR;3;4614;f;0;ff;7f;2771,2578,2626,2860,3401,3069,3004,0;2771,2578,2626,2860,3401,3069,3004,3297;100,100,100,95,100,100,100,30;OOOOOOOT;99;0;671;8
[RECV] BSF66F notify: TR;3;4615;f;0;ff;7f;2806,2576,2599,2771,3231,3183,3024,0;2806,2576,2599,2771,3231,3183,3024,3297;100,100,100,95,100,100,100,29;OOOOOOOT;99;0;671;8
[RECV] BSF66F notify: TR;3;4616;f;0;ff;ff;2813,2532,2613,2947,3286,3034,3072,3235;2813,2532,2613,2947,3286,3034,3072,3235;100,100,100,96,100,100,100,32;OOOOOOOO;91;0;671;8
[RECV] BSF66F notify: TR;3;4617;f;0;ff;7f;2817,2553,2600,2882,3282,3058,3047,0;2817,2553,2600,2882,3282,3058,3047,3235;100,100,100,96,100,100,100,30;OOOOOOOT;99;0;671;8
[RECV] BSF66F notify: TR;3;4618;f;0;ff;7f;2778,2570,2643,2847,3257,3127,3080,0;2778,2570,2643,2847,3257,3127,3080,3235;100,100,100,96,100,100,100,29;OOOOOOOT;99;0;671;8
[RECV] BSF66F notify: TR;3;4619;f;0;ff;f7;2776,2585,2623,0,3266,3093,3040,3243;2776,2585,2623,2847,3266,3093,3040,3243;100,100,100,92,100,100,100,32;OOOTOOOO;90;0;671;8
[RECV] BSF66F notify: RXG;1;4619;tag=1;mask=0xff;pc=8;guard=1200;spacing=1000;win=8165;pre=1;slot_to_entry_us=0;slot_to_sched_us=0;slot_to_write_done_us=0;slot_to_txcmd_us=274;slot_to_txdone_us=610;txcmd_to_txdone_us=335;txdone_to_rxstart_us=61;txdone_to_rxend_us=183;rxenable_
[RECV] BSF66F notify: TR;3;4620;f;0;ff;7f;2801,2544,2614,2677,3584,3067,3044,0;2801,2544,2614,2677,3584,3067,3044,3243;100,100,100,93,100,100,100,31;OOOOOOOT;99;0;29327;8
[RECV] BSF66F notify: TR;3;4621;f;0;ff;ff;2764,2554,2616,2834,3233,3121,3125,3254;2764,2554,2616,2834,3233,3121,3125,3254;100,100,100,93,100,100,100,33;OOOOOOOO;90;0;915;8
[RECV] BSF66F notify: TR;3;4622;f;0;ff;ff;2794,2518,2605,2844,3228,3100,3066,3268;2794,2518,2605,2844,3228,3100,3066,3268;100,100,100,93,100,100,100,35;OOOOOOOO;91;0;671;8
[RECV] BSF66F notify: CD;1;4622;tag=1;local=0xb101;status=0x00800f02;rxf=0x07b6c814;win=8165;pc=8;mask=0xff;resp=7;unexp=0;last_len=20;last_src=0xa106;last_dst=0xb101;last_code=0xe1
[RECV] BSF66F notify: TR;3;4623;f;0;ff;7f;2861,2581,2592,2721,3353,3096,3008,0;2861,2581,2592,2721,3353,3096,3008,3268;100,100,100,93,100,100,100,34;OOOOOOOT;99;0;15228;8
[RECV] BSF66F notify: TR;3;4624;f;0;ff;7f;2779,2573,2613,2812,3271,3130,3029,0;2779,2573,2613,2812,3271,3130,3029,3268;100,100,100,94,100,100,100,35;OOOOOOOT;99;0;671;8
[RECV] BSF66F notify: TR;3;4625;f;0;ff;ff;2786,2573,2590,2820,3252,3100,3010,3052;2786,2573,2590,2820,3252,3100,3010,3052;100,100,100,94,100,100,100,38;OOOOOOOO;91;0;671;8
[RECV] BSF66F notify: TR;3;4626;f;0;ff;7f;2781,2564,2611,2998,3457,2983,3054,0;2781,2564,2611,2998,3457,2983,3054,3052;100,100,100,94,100,100,100,36;OOOOOOOT;99;0;640;8
[RECV] BSF66F notify: TR;3;4627;f;0;ff;ff;2823,2566,2619,2947,3226,3060,3058,3005;2823,2566,2619,2947,3226,3060,3058,3005;100,100,100,95,100,100,100,40;OOOOOOOO;91;0;915;8
[RECV] BSF66F notify: TR;3;4628;f;0;ff;ff;2807,2599,2631,2736,3271,3120,3026,3236;2807,2599,2631,2736,3271,3120,3026,3236;100,100,100,95,100,100,100,42;OOOOOOOO;92;0;671;8
[RECV] BSF66F notify: TR;3;4629;f;0;ff;7f;2784,2582,2607,2718,3422,3113,3042,0;2784,2582,2607,2718,3422,3113,3042,3236;100,100,100,95,100,100,100,40;OOOOOOOT;99;0;640;8
[RECV] BSF66F notify: RXG;1;4629;tag=1;mask=0xff;pc=8;guard=1200;spacing=1000;win=8165;pre=1;slot_to_entry_us=0;slot_to_sched_us=0;slot_to_write_done_us=0;slot_to_txcmd_us=274;slot_to_txdone_us=610;txcmd_to_txdone_us=335;txdone_to_rxstart_us=61;txdone_to_rxend_us=183;rxenable_
[RECV] BSF66F notify: TR;3;4630;f;0;ff;7f;2812,2553,2588,2831,3296,3109,3032,0;2812,2553,2588,2831,3296,3109,3032,3236;100,100,100,95,100,100,100,39;OOOOOOOT;99;0;29327;8
[RECV] BSF66F notify: TR;3;4631;f;0;ff;ff;2823,2570,2630,2935,3292,3087,3074,3202;2823,2570,2630,2935,3292,3087,3074,3202;100,100,100,95,100,100,100,41;OOOOOOOO;92;0;671;8
[RECV] BSF66F notify: TR;3;4632;f;0;ff;7f;2780,2537,2589,2853,3547,3103,3022,0;2780,2537,2589,2853,3547,3103,3022,3202;100,100,100,96,100,100,100,40;OOOOOOOT;99;0;671;8
[RECV] BSF66F notify: CD;1;4632;tag=1;local=0xb101;status=0x00800f02;rxf=0x0796c814;win=8165;pc=8;mask=0xff;resp=7;unexp=0;last_len=20;last_src=0xa106;last_dst=0xb101;last_code=0xe1
[RECV] BSF66F notify: TR;3;4633;f;0;ff;7f;2792,2569,2615,2764,3243,3084,2987,0;2792,2569,2615,2764,3243,3084,2987,3202;100,100,100,96,100,100,100,38;OOOOOOOT;99;0;15228;8
[RECV] BSF66F notify: TR;3;4634;f;0;ff;ff;2799,2588,2585,2679,3236,3037,3018,3243;2799,2588,2585,2679,3236,3037,3018,3243;100,100,100,96,100,100,100,40;OOOOOOOO;92;0;671;8
[RECV] BSF66F notify: TR;3;4635;f;0;ff;7f;2830,2558,2597,2796,3290,3098,3063,0;2830,2558,2597,2796,3290,3098,3063,3243;100,100,100,96,100,100,100,39;OOOOOOOT;99;0;671;8
[RECV] BSF66F notify: TR;3;4636;f;0;ff;7f;2825,2549,2596,2945,3272,3081,3025,0;2825,2549,2596,2945,3272,3081,3025,3243;100,100,100,96,100,100,100,37;OOOOOOOT;99;0;671;8
[RECV] BSF66F notify: TR;3;4637;f;0;ff;ff;2796,2608,2579,2908,3210,3026,2995,3295;2796,2608,2579,2908,3210,3026,2995,3295;100,100,100,96,100,100,100,40;OOOOOOOO;92;0;671;8
[RECV] BSF66F notify: TR;3;4638;f;0;ff;7f;2812,2586,2573,2961,3496,3018,3046,0;2812,2586,2573,2961,3496,3018,3046,3295;100,100,100,96,100,100,100,38;OOOOOOOT;99;0;640;8
[RECV] BSF66F notify: TR;3;4639;f;0;ff;7f;2793,2606,2607,2962,3254,3052,3011,0;2793,2606,2607,2962,3254,3052,3011,3295;100,100,100,96,100,100,100,37;OOOOOOOT;99;0;671;8
[RECV] BSF66F notify: RXG;1;4639;tag=1;mask=0xff;pc=8;guard=1200;spacing=1000;win=8165;pre=1;slot_to_entry_us=0;slot_to_sched_us=0;slot_to_write_done_us=0;slot_to_txcmd_us=396;slot_to_txdone_us=762;txcmd_to_txdone_us=366;txdone_to_rxstart_us=91;txdone_to_rxend_us=183;rxenable_
[RECV] BSF66F notify: TR;3;4640;f;0;ff;ff;2765,2606,2591,2654,3243,3064,3034,3299;2765,2606,2591,2654,3243,3064,3034,3299;100,100,100,100,100,100,100,41;OOOOOOOO;92;0;29327;8
[RECV] BSF66F notify: TR;3;4641;f;0;ff;ef;2855,2591,2570,2862,0,3054,2996,3243;2855,2591,2570,2862,3243,3054,2996,3243;100,100,100,100,94,100,100,44;OOOOTOOO;92;0;671;8
[RECV] BSF66F notify: TR;3;4642;f;0;ff;7f;2782,2562,2584,2906,3233,3070,3048,0;2782,2562,2584,2906,3233,3070,3048,3243;100,100,100,100,94,100,100,42;OOOOOOOT;99;0;671;8
[RECV] BSF66F notify: CD;1;4642;tag=1;local=0xb101;status=0x00806f02;rxf=0x0766c814;win=8165;pc=8;mask=0xff;resp=8;unexp=0;last_len=20;last_src=0xa107;last_dst=0xb101;last_code=0xe1
[RECV] BSF66F notify: TR;3;4643;f;0;ff;ff;2781,2592,2610,2739,3241,3098,2993,3227;2781,2592,2610,2739,3241,3098,2993,3227;100,100,100,100,95,100,100,45;OOOOOOOO;92;0;15289;8
[RECV] BSF66F notify: TR;3;4644;f;0;ff;7f;2799,2558,2605,2765,3406,3137,3010,0;2799,2558,2605,2765,3406,3137,3010,3227;100,100,100,100,95,100,100,42;OOOOOOOT;99;0;671;8
[RECV] BSF66F notify: TR;3;4645;f;0;ff;7f;2798,2566,2586,2898,3247,3099,3018,0;2798,2566,2586,2898,3247,3099,3018,3227;100,100,100,100,95,100,100,40;OOOOOOOT;99;0;671;8
[RECV] BSF66F notify: TR;3;4646;f;0;ff;ff;2789,2593,2612,2931,3304,3050,3024,3273;2789,2593,2612,2931,3304,3050,3024,3273;100,100,100,100,95,100,100,43;OOOOOOOO;92;0;671;8
[RECV] BSF66F notify: TR;3;4647;f;0;ff;7f;2841,2554,2621,2880,3237,3092,3016,0;2841,2554,2621,2880,3237,3092,3016,3273;100,100,100,100,95,100,100,41;OOOOOOOT;99;0;671;8
[RECV] BSF66F notify: TR;3;4648;f;0;ff;ff;2834,2544,2613,2891,3269,3125,3021,3325;2834,2544,2613,2891,3269,3125,3021,3325;100,100,100,100,96,100,100,44;OOOOOOOO;92;0;915;8
[RECV] BSF66F notify: TR;3;4649;f;0;ff;ff;2782,2603,2589,2904,3285,3118,3069,3211;2782,2603,2589,2904,3285,3118,3069,3211;100,100,100,100,96,100,100,46;OOOOOOOO;92;0;671;8
[RECV] BSF66F notify: RXG;1;4649;tag=1;mask=0xff;pc=8;guard=1200;spacing=1000;win=8165;pre=1;slot_to_entry_us=0;slot_to_sched_us=0;slot_to_write_done_us=0;slot_to_txcmd_us=274;slot_to_txdone_us=610;txcmd_to_txdone_us=335;txdone_to_rxstart_us=61;txdone_to_rxend_us=183;rxenable_
[RECV] BSF66F notify: TR;3;4650;f;0;ff;7f;2799,2597,2591,2863,3268,3071,3032,0;2799,2597,2591,2863,3268,3071,3032,3211;100,100,100,100,96,100,100,44;OOOOOOOT;99;0;29205;8
[RECV] BSF66F notify: TR;3;4651;f;0;ff;7f;2830,2548,2596,2970,3254,3080,3018,0;2830,2548,2596,2970,3254,3080,3018,3211;100,100,100,100,96,100,100,42;OOOOOOOT;99;0;671;8
[RECV] BSF66F notify: TR;3;4652;f;0;ff;ff;2767,2556,2578,2944,3257,3034,3056,3207;2767,2556,2578,2944,3257,3034,3056,3207;100,100,100,100,96,100,100,44;OOOOOOOO;92;0;671;8
[RECV] BSF66F notify: CD;1;4652;tag=1;local=0xb101;status=0x00800b02;rxf=0x0776c814;win=8165;pc=8;mask=0xff;resp=7;unexp=0;last_len=20;last_src=0xa106;last_dst=0xb101;last_code=0xe1
[RECV] BSF66F notify: TR;3;4653;f;0;ff;7f;2834,2599,2637,2909,3250,3106,3058,0;2834,2599,2637,2909,3250,3106,3058,3207;100,100,100,100,96,100,100,43;OOOOOOOT;99;0;15228;8
[RECV] BSF66F notify: TR;3;4654;f;0;ff;7f;2751,2594,2606,2793,3205,3102,3063,0;2751,2594,2606,2793,3205,3102,3063,3207;100,100,100,100,96,100,100,41;OOOOOOOT;99;0;671;8
[RECV] BSF66F notify: TR;3;4655;f;0;ff;ff;2806,2557,2590,2779,3226,3017,3020,3220;2806,2557,2590,2779,3226,3017,3020,3220;100,100,100,100,96,100,100,43;OOOOOOOO;92;0;671;8
[RECV] BSF66F notify: TR;3;4656;f;0;ff;7f;2782,2604,2626,2931,3206,3005,3055,0;2782,2604,2626,2931,3206,3005,3055,3220;100,100,100,100,100,100,100,41;OOOOOOOT;100;0;640;8
[RECV] BSF66F notify: TR;3;4657;f;0;ff;ff;2782,2589,2608,2886,3252,3025,3054,3229;2782,2589,2608,2886,3252,3025,3054,3229;100,100,100,100,100,100,100,44;OOOOOOOO;93;0;793;8
[RECV] BSF66F notify: TR;3;4658;f;0;ff;ff;2801,2542,2606,2854,3224,3028,2956,3259;2801,2542,2606,2854,3224,3028,2956,3259;100,100,100,100,100,100,100,47;OOOOOOOO;93;0;671;8
[RECV] BSF66F notify: TR;3;4659;f;0;ff;7f;2807,2585,2577,2837,3257,3087,3094,0;2807,2585,2577,2837,3257,3087,3094,3259;100,100,100,100,100,100,100,45;OOOOOOOT;100;0;671;8
[RECV] BSF66F notify: RXG;1;4659;tag=1;mask=0xff;pc=8;guard=1200;spacing=1000;win=8165;pre=1;slot_to_entry_us=0;slot_to_sched_us=0;slot_to_write_done_us=0;slot_to_txcmd_us=274;slot_to_txdone_us=610;txcmd_to_txdone_us=335;txdone_to_rxstart_us=61;txdone_to_rxend_us=183;rxenable_
[RECV] BSF66F notify: TR;3;4660;f;0;ff;7f;2831,2575,2636,2770,3222,3027,3038,0;2831,2575,2636,2770,3222,3027,3038,3259;100,100,100,100,100,100,100,42;OOOOOOOT;100;0;29235;8
[RECV] BSF66F notify: TR;3;4661;f;0;ff;ff;2847,2565,2590,2876,3253,3067,3032,3244;2847,2565,2590,2876,3253,3067,3032,3244;100,100,100,100,100,100,100,45;OOOOOOOO;93;0;671;8
[RECV] BSF66F notify: TR;3;4662;f;0;ff;7f;2819,2542,2600,2926,3275,3074,3049,0;2819,2542,2600,2926,3275,3074,3049,3244;100,100,100,100,100,100,100,43;OOOOOOOT;100;0;671;8
[RECV] BSF66F notify: CD;1;4662;tag=1;local=0xb101;status=0x00800f02;rxf=0x07a6c814;win=8165;pc=8;mask=0xff;resp=7;unexp=0;last_len=20;last_src=0xa106;last_dst=0xb101;last_code=0xe1
[RECV] BSF66F notify: TR;3;4663;f;0;ff;7f;2804,2584,2593,2824,3252,3100,3009,0;2804,2584,2593,2824,3252,3100,3009,3244;100,100,100,100,100,100,100,41;OOOOOOOT;100;0;15258;8
[RECV] BSF66F notify: TR;3;4664;f;0;ff;ff;2844,2576,2581,2726,3244,3094,3048,3287;2844,2576,2581,2726,3244,3094,3048,3287;100,100,100,100,100,100,100,44;OOOOOOOO;93;0;701;8
[RECV] BSF66F notify: TR;3;4665;f;0;ff;7f;2807,2591,2625,2662,3258,3024,3043,0;2807,2591,2625,2662,3258,3024,3043,3287;100,100,100,100,100,100,100,42;OOOOOOOT;100;0;671;8
[RECV] BSF66F notify: TR;3;4666;f;0;ff;ff;2839,2555,2583,2852,3225,3109,3010,3320;2839,2555,2583,2852,3225,3109,3010,3320;100,100,100,100,100,100,100,44;OOOOOOOO;93;0;793;8
[RECV] BSF66F notify: TR;3;4667;f;0;ff;ff;2820,2539,2611,2940,3244,3126,3040,3175;2820,2539,2611,2940,3244,3126,3040,3175;100,100,100,100,100,100,100,46;OOOOOOOO;93;0;701;8
[RECV] BSF66F notify: TR;3;4668;f;0;ff;7f;2833,2557,2589,2821,3244,3157,2974,0;2833,2557,2589,2821,3244,3157,2974,3175;100,100,100,100,100,100,100,44;OOOOOOOT;100;0;671;8
[RECV] BSF66F notify: TR;3;4669;f;0;ff;7f;2771,2611,2627,2795,3249,3080,3063,0;2771,2611,2627,2795,3249,3080,3063,3175;100,100,100,100,100,100,100,43;OOOOOOOT;100;0;671;8
[RECV] BSF66F notify: RXG;1;4669;tag=1;mask=0xff;pc=8;guard=1200;spacing=1000;win=8165;pre=1;slot_to_entry_us=0;slot_to_sched_us=0;slot_to_write_done_us=0;slot_to_txcmd_us=335;slot_to_txdone_us=854;txcmd_to_txdone_us=518;txdone_to_rxstart_us=61;txdone_to_rxend_us=183;rxenable_
[RECV] BSF66F notify: TR;3;4670;f;0;ff;ff;2768,2623,2610,2876,3245,3119,3046,3320;2768,2623,2610,2876,3245,3119,3046,3320;100,100,100,100,100,100,100,45;OOOOOOOO;93;0;29449;8
[RECV] BSF66F notify: TR;3;4671;f;0;ff;7f;2815,2571,2592,2843,3285,3066,3067,0;2815,2571,2592,2843,3285,3066,3067,3320;100,100,100,100,100,100,100,43;OOOOOOOT;100;0;671;8
[RECV] BSF66F notify: TR;3;4672;f;0;ff;7f;2804,2576,2624,2870,3256,3057,3075,0;2804,2576,2624,2870,3256,3057,3075,3320;100,100,100,100,100,100,100,41;OOOOOOOT;100;0;671;8
[RECV] BSF66F notify: CD;1;4672;tag=1;local=0xb101;status=0x00806f02;rxf=0x0786c814;win=8165;pc=8;mask=0xff;resp=8;unexp=0;last_len=20;last_src=0xa107;last_dst=0xb101;last_code=0xe1
[RECV] BSF66F notify: TR;3;4673;f;0;ff;ff;2764,2599,2623,2648,3274,3062,3053,3254;2764,2599,2623,2648,3274,3062,3053,3254;100,100,100,100,100,100,100,44;OOOOOOOO;93;0;15228;8
[RECV] BSF66F notify: TR;3;4674;f;0;ff;7f;2817,2600,2580,2774,3278,3102,3016,0;2817,2600,2580,2774,3278,3102,3016,3254;100,100,100,100,100,100,100,42;OOOOOOOT;100;0;671;8
[RECV] BSF66F notify: TR;3;4675;f;0;ff;7f;2851,2596,2600,2818,3268,3125,3033,0;2851,2596,2600,2818,3268,3125,3033,3254;100,100,100,100,100,100,100,40;OOOOOOOT;100;0;671;8
[RECV] BSF66F notify: TR;3;4676;f;0;ff;ff;2773,2614,2617,2831,3247,3078,3002,3194;2773,2614,2617,2831,3247,3078,3002,3194;100,100,100,100,100,100,100,42;OOOOOOOO;92;0;701;8
[RECV] BSF66F notify: TR;3;4677;f;0;ff;7f;2812,2614,2605,2975,3246,3123,3092,0;2812,2614,2605,2975,3246,3123,3092,3194;100,100,100,100,100,100,100,40;OOOOOOOT;100;0;671;8
[RECV] BSF66F notify: TR;3;4678;f;0;ff;7f;2826,2567,2601,2835,3227,3038,3016,0;2826,2567,2601,2835,3227,3038,3016,3194;100,100,100,100,100,100,100,39;OOOOOOOT;100;0;671;8
[RECV] BSF66F notify: TR;3;4679;f;0;ff;ff;2850,2578,2609,2734,3226,3070,3024,3321;2850,2578,2609,2734,3226,3070,3024,3321;100,100,100,100,100,100,100,41;OOOOOOOO;92;0;671;8
[RECV] BSF66F notify: RXG;1;4679;tag=1;mask=0xff;pc=8;guard=1200;spacing=1000;win=8165;pre=1;slot_to_entry_us=0;slot_to_sched_us=0;slot_to_write_done_us=0;slot_to_txcmd_us=274;slot_to_txdone_us=610;txcmd_to_txdone_us=335;txdone_to_rxstart_us=61;txdone_to_rxend_us=183;rxenable_
[RECV] BSF66F notify: TR;3;4680;f;0;ff;7f;2788,2573,2602,2776,3269,3118,2975,0;2788,2573,2602,2776,3269,3118,2975,3321;100,100,100,100,100,100,100,40;OOOOOOOT;100;0;29357;8
[RECV] BSF66F notify: TR;3;4681;f;0;ff;7f;2760,2597,2598,2994,3235,3068,3006,0;2760,2597,2598,2994,3235,3068,3006,3321;100,100,100,100,100,100,100,38;OOOOOOOT;100;0;671;8
[RECV] BSF66F notify: TR;3;4682;f;0;ff;ff;2805,2576,2604,2832,3257,3034,3045,3284;2805,2576,2604,2832,3257,3034,3045,3284;100,100,100,100,100,100,100,40;OOOOOOOO;92;0;671;8
[RECV] BSF66F notify: CD;1;4682;tag=1;local=0xb101;status=0x00800b02;rxf=0x0766c814;win=8165;pc=8;mask=0xff;resp=7;unexp=0;last_len=20;last_src=0xa106;last_dst=0xb101;last_code=0xe1
[RECV] BSF66F notify: TR;3;4683;f;0;ff;7f;2837,2601,2621,2801,3255,3140,3025,0;2837,2601,2621,2801,3255,3140,3025,3284;100,100,100,100,100,100,100,39;OOOOOOOT;100;0;15228;8
[RECV] BSF66F notify: TR;3;4684;f;0;ff;ff;2782,2601,2605,2709,3267,3018,2989,3257;2782,2601,2605,2709,3267,3018,2989,3257;100,100,100,100,100,100,100,41;OOOOOOOO;92;0;732;8
[RECV] BSF66F notify: TR;3;4685;f;0;ff;ff;2797,2596,2604,2756,3283,3066,3029,3234;2797,2596,2604,2756,3283,3066,3029,3234;100,100,100,100,100,100,100,43;OOOOOOOO;92;0;671;8
[RECV] BSF66F notify: TR;3;4686;f;0;ff;7f;2772,2585,2605,2913,3244,3020,3004,0;2772,2585,2605,2913,3244,3020,3004,3234;100,100,100,100,100,100,100,41;OOOOOOOT;100;0;671;8
[RECV] BSF66F notify: TR;3;4687;f;0;ff;7f;2767,2589,2600,2976,3271,3084,2974,0;2767,2589,2600,2976,3271,3084,2974,3234;100,100,100,100,100,100,100,40;OOOOOOOT;100;0;671;8
[RECV] BSF66F notify: TR;3;4688;f;0;ff;ff;2762,2546,2621,2876,3233,3042,3019,3251;2762,2546,2621,2876,3233,3042,3019,3251;100,100,100,100,100,100,100,47;OOOOOOOO;93;0;671;8
[RECV] BSF66F notify: TR;3;4689;f;0;ff;7f;2778,2556,2616,2761,3208,3042,2997,0;2778,2556,2616,2761,3208,3042,2997,3251;100,100,100,100,100,100,100,44;OOOOOOOT;100;0;671;8
[RECV] BSF66F notify: RXG;1;4689;tag=1;mask=0xff;pc=8;guard=1200;spacing=1000;win=8165;pre=1;slot_to_entry_us=0;slot_to_sched_us=0;slot_to_write_done_us=0;slot_to_txcmd_us=274;slot_to_txdone_us=610;txcmd_to_txdone_us=335;txdone_to_rxstart_us=61;txdone_to_rxend_us=183;rxenable_
[RECV] BSF66F notify: TR;3;4690;f;0;ff;7f;2842,2575,2620,2776,3265,3076,3009,0;2842,2575,2620,2776,3265,3076,3009,3251;100,100,100,100,100,100,100,42;OOOOOOOT;100;0;29266;8
[RECV] BSF66F notify: TR;3;4691;f;0;ff;ff;2848,2573,2598,2793,3250,3104,3031,3308;2848,2573,2598,2793,3250,3104,3031,3308;100,100,100,100,100,100,100,45;OOOOOOOO;93;0;671;8
[RECV] BSF66F notify: TR;3;4692;f;0;ff;7f;2805,2566,2600,2919,3262,3119,3032,0;2805,2566,2600,2919,3262,3119,3032,3308;100,100,100,100,100,100,100,42;OOOOOOOT;100;0;671;8
[RECV] BSF66F notify: CD;1;4692;tag=1;local=0xb101;status=0x00800b02;rxf=0x0786c814;win=8165;pc=8;mask=0xff;resp=7;unexp=0;last_len=20;last_src=0xa106;last_dst=0xb101;last_code=0xe1
[RECV] BSF66F notify: TR;3;4693;f;0;ff;7f;2765,2577,2581,2759,3236,3127,3041,0;2765,2577,2581,2759,3236,3127,3041,3308;100,100,100,100,100,100,100,40;OOOOOOOT;100;0;15167;8
[RECV] BSF66F notify: TR;3;4694;f;0;ff;ff;2794,2581,2636,2713,3271,3109,3041,3494;2794,2581,2636,2713,3271,3109,3041,3494;100,100,100,100,100,100,100,43;OOOOOOOO;92;0;671;8
[RECV] BSF66F notify: TR;3;4695;f;0;ff;7f;2819,2584,2600,2782,3229,3085,3043,0;2819,2584,2600,2782,3229,3085,3043,3494;100,100,100,100,100,100,100,41;OOOOOOOT;100;0;671;8
[RECV] BSF66F notify: TR;3;4696;f;0;ff;7f;2784,2565,2595,2844,3263,3116,3014,0;2784,2565,2595,2844,3263,3116,3014,3494;100,100,100,100,100,100,100,40;OOOOOOOT;100;0;701;8
[RECV] BSF66F notify: TR;3;4697;f;0;ff;ff;2869,2559,2599,2906,3270,3059,3010,3271;2869,2559,2599,2906,3270,3059,3010,3271;100,100,100,100,100,100,100,42;OOOOOOOO;92;0;671;8
[RECV] BSF66F notify: TR;3;4698;f;0;ff;7f;2821,2570,2596,2745,3245,3151,3023,0;2821,2570,2596,2745,3245,3151,3023,3271;100,100,100,100,100,100,100,40;OOOOOOOT;100;0;671;8
[RECV] BSF66F notify: TR;3;4699;f;0;ff;7f;2824,2634,2599,2812,3228,3071,3024,0;2824,2634,2599,2812,3228,3071,3024,3271;100,100,100,100,100,100,100,39;OOOOOOOT;100;0;671;8
[RECV] BSF66F notify: RXG;1;4699;tag=1;mask=0xff;pc=8;guard=1200;spacing=1000;win=8165;pre=1;slot_to_entry_us=0;slot_to_sched_us=0;slot_to_write_done_us=0;slot_to_txcmd_us=274;slot_to_txdone_us=732;txcmd_to_txdone_us=457;txdone_to_rxstart_us=183;txdone_to_rxend_us=305;rxenable
[RECV] BSF66F notify: TR;3;4700;f;0;ff;ff;2829,2574,2633,2900,3228,3215,3060,3119;2829,2574,2633,2900,3228,3215,3060,3119;100,100,100,100,100,100,100,41;OOOOOOOO;92;0;29479;8
[RECV] BSF66F notify: TR;3;4701;f;0;ff;7f;2840,2578,2585,2918,3275,3117,3025,0;2840,2578,2585,2918,3275,3117,3025,3119;100,100,100,100,100,100,100,40;OOOOOOOT;100;0;640;8
[RECV] BSF66F notify: TR;3;4702;f;0;ff;7f;2827,2582,2591,2881,3202,3095,3044,0;2827,2582,2591,2881,3202,3095,3044,3119;100,100,100,100,100,100,100,38;OOOOOOOT;100;0;671;8
[RECV] BSF66F notify: CD;1;4702;tag=1;local=0xb101;status=0x00806f02;rxf=0x0766c814;win=8165;pc=8;mask=0xff;resp=8;unexp=0;last_len=20;last_src=0xa107;last_dst=0xb101;last_code=0xe1
[RECV] BSF66F notify: TR;3;4703;f;0;ff;ff;2811,2587,2597,2793,3223,3110,3019,3584;2811,2587,2597,2793,3223,3110,3019,3584;100,100,100,100,100,100,100,40;OOOOOOOO;92;0;15228;8
[RECV] BSF66F notify: TR;3;4704;f;0;ff;7f;2776,2598,2590,2619,3289,3096,3017,0;2776,2598,2590,2619,3289,3096,3017,3584;100,100,100,100,100,100,100,41;OOOOOOOT;100;0;671;8
[RECV] BSF66F notify: TR;3;4705;f;0;ff;7f;2822,2618,2614,2733,3263,3038,3062,0;2822,2618,2614,2733,3263,3038,3062,3584;100,100,100,100,100,100,100,38;OOOOOOOT;100;0;671;8
[RECV] BSF66F notify: TR;3;4706;f;0;ff;ff;2804,2562,2582,2964,3251,3132,2996,3291;2804,2562,2582,2964,3251,3132,2996,3291;100,100,100,100,100,100,100,42;OOOOOOOO;92;0;671;8
[RECV] BSF66F notify: TR;3;4707;f;0;ff;7f;2814,2563,2612,2857,3266,3065,3009,0;2814,2563,2612,2857,3266,3065,3009,3291;100,100,100,100,100,100,100,40;OOOOOOOT;100;0;640;8
[RECV] BSF66F notify: TR;3;4708;f;0;ff;7f;2800,2594,2600,2656,3249,3072,3062,0;2800,2594,2600,2656,3249,3072,3062,3291;100,100,100,100,100,100,100,38;OOOOOOOT;100;0;671;8
[RECV] BSF66F notify: TR;3;4709;f;0;ff;ff;2775,2538,2584,2858,3297,3053,3027,3235;2775,2538,2584,2858,3297,3053,3027,3235;100,100,100,100,100,100,100,40;OOOOOOOO;92;0;701;8
[RECV] BSF66F notify: RXG;1;4709;tag=1;mask=0xff;pc=8;guard=1200;spacing=1000;win=8165;pre=1;slot_to_entry_us=0;slot_to_sched_us=0;slot_to_write_done_us=0;slot_to_txcmd_us=274;slot_to_txdone_us=610;txcmd_to_txdone_us=335;txdone_to_rxstart_us=61;txdone_to_rxend_us=183;rxenable_
[RECV] BSF66F notify: TR;3;4710;f;0;ff;7f;2792,2591,2597,2928,3227,3118,3052,0;2792,2591,2597,2928,3227,3118,3052,3235;100,100,100,100,100,100,100,39;OOOOOOOT;100;0;29418;8
[RECV] BSF66F notify: TR;3;4711;f;0;ff;7f;2779,2553,2621,2890,3237,3071,3062,0;2779,2553,2621,2890,3237,3071,3062,3235;100,100,100,100,100,100,100,37;OOOOOOOT;100;0;671;8
[RECV] BSF66F notify: TR;3;4712;f;0;ff;ff;2824,2586,2610,2899,3282,3050,3049,3390;2824,2586,2610,2899,3282,3050,3049,3390;100,100,100,100,100,100,100,40;OOOOOOOO;92;0;671;8
[RECV] BSF66F notify: CD;1;4712;tag=1;local=0xb101;status=0x00800f02;rxf=0x0756c814;win=8165;pc=8;mask=0xff;resp=7;unexp=0;last_len=20;last_src=0xa106;last_dst=0xb101;last_code=0xe1
[RECV] BSF66F notify: TR;3;4713;f;0;ff;7f;2872,2600,2602,2753,3241,3099,3011,0;2872,2600,2602,2753,3241,3099,3011,3390;100,100,100,100,100,100,100,38;OOOOOOOT;100;0;15228;8
[RECV] BSF66F notify: TR;3;4714;f;0;ff;7f;2824,2601,2627,2696,3292,3071,2995,0;2824,2601,2627,2696,3292,3071,2995,3390;100,100,100,100,100,100,100,37;OOOOOOOT;100;0;671;8
[RECV] BSF66F notify: TR;3;4715;f;0;ff;ff;2845,2600,2588,2703,3221,3132,2984,3345;2845,2600,2588,2703,3221,3132,2984,3345;100,100,100,100,100,100,100,39;OOOOOOOO;92;0;671;8
[RECV] BSF66F notify: TR;3;4716;f;0;ff;7f;2770,2578,2586,2793,3244,3050,3031,0;2770,2578,2586,2793,3244,3050,3031,3345;100,100,100,100,100,100,100,37;OOOOOOOT;100;0;671;8
[RECV] BSF66F notify: TR;3;4717;f;0;ff;7f;2808,2568,2596,2839,3278,3030,3017,0;2808,2568,2596,2839,3278,3030,3017,3345;100,100,100,100,100,100,100,36;OOOOOOOT;100;0;671;8
[RECV] BSF66F notify: TR;3;4718;f;0;ff;ff;2789,2593,2589,2779,3233,3099,3075,3584;2789,2593,2589,2779,3233,3099,3075,3584;100,100,100,100,100,100,100,38;OOOOOOOO;92;0;671;8
[RECV] BSF66F notify: TR;3;4719;f;0;ff;7f;2791,2639,2608,2893,3240,3060,3001,0;2791,2639,2608,2893,3240,3060,3001,3584;100,100,100,100,100,100,100,37;OOOOOOOT;100;0;640;8
[RECV] BSF66F notify: RXG;1;4719;tag=1;mask=0xff;pc=8;guard=1200;spacing=1000;win=8165;pre=1;slot_to_entry_us=0;slot_to_sched_us=0;slot_to_write_done_us=0;slot_to_txcmd_us=274;slot_to_txdone_us=610;txcmd_to_txdone_us=335;txdone_to_rxstart_us=61;txdone_to_rxend_us=183;rxenable_
[RECV] BSF66F notify: TR;3;4720;f;0;ff;7f;2784,2576,2616,2775,3273,3061,2990,0;2784,2576,2616,2775,3273,3061,2990,3584;100,100,100,100,100,100,100,35;OOOOOOOT;100;0;29357;8
[RECV] BSF66F notify: TR;3;4721;f;0;ff;ff;2816,2578,2571,2933,3256,3054,3056,3332;2816,2578,2571,2933,3256,3054,3056,3332;100,100,100,100,100,100,100,38;OOOOOOOO;92;0;671;8
[RECV] BSF66F notify: TR;3;4722;f;0;ff;7f;2756,2558,2597,2909,3280,3035,2969,0;2756,2558,2597,2909,3280,3035,2969,3332;100,100,100,100,100,100,100,36;OOOOOOOT;100;0;671;8
[RECV] BSF66F notify: CD;1;4722;tag=1;local=0xb101;status=0x00800f02;rxf=0x07b6c814;win=8165;pc=8;mask=0xff;resp=7;unexp=0;last_len=20;last_src=0xa106;last_dst=0xb101;last_code=0xe1
[RECV] BSF66F notify: TR;3;4723;f;0;ff;7f;2818,2576,2572,2761,3219,3030,2994,0;2818,2576,2572,2761,3219,3030,2994,3332;100,100,100,100,100,100,100,35;OOOOOOOT;100;0;15197;8
[RECV] BSF66F notify: TR;3;4724;f;0;ff;ff;2821,2559,2575,2691,3264,3030,3040,3247;2821,2559,2575,2691,3264,3030,3040,3247;100,100,100,100,100,100,100,38;OOOOOOOO;92;0;671;8
[RECV] BSF66F notify: TR;3;4725;f;0;ff;7f;2796,2613,2618,2747,3278,3045,3003,0;2796,2613,2618,2747,3278,3045,3003,3247;100,100,100,100,100,100,100,36;OOOOOOOT;100;0;671;8
[RECV] BSF66F notify: TR;3;4726;f;0;ff;7f;2822,2629,2603,2895,3260,3002,3009,0;2822,2629,2603,2895,3260,3002,3009,3247;100,100,100,100,100,100,100,34;OOOOOOOT;100;0;671;8
[RECV] BSF66F notify: TR;3;4727;f;0;ff;ff;2819,2584,2598,2805,3254,3038,3047,3306;2819,2584,2598,2805,3254,3038,3047,3306;100,100,100,100,100,100,100,37;OOOOOOOO;92;0;671;8
[RECV] BSF66F notify: TR;3;4728;f;0;ff;7f;2763,2583,2615,2711,3233,3093,3022,0;2763,2583,2615,2711,3233,3093,3022,3306;100,100,100,100,100,100,100,36;OOOOOOOT;100;0;671;8
[RECV] BSF66F notify: TR;3;4729;f;0;ff;7f;2810,2602,2588,2701,3232,3150,3038,0;2810,2602,2588,2701,3232,3150,3038,3306;100,100,100,100,100,100,100,34;OOOOOOOT;100;0;671;8
[RECV] BSF66F notify: RXG;1;4729;tag=1;mask=0xff;pc=8;guard=1200;spacing=1000;win=8165;pre=1;slot_to_entry_us=0;slot_to_sched_us=0;slot_to_write_done_us=0;slot_to_txcmd_us=274;slot_to_txdone_us=671;txcmd_to_txdone_us=396;txdone_to_rxstart_us=61;txdone_to_rxend_us=244;rxenable_
[RECV] BSF66F notify: TR;3;4730;f;0;ff;ff;2835,2570,2588,2827,3241,3075,3030,3250;2835,2570,2588,2827,3241,3075,3030,3250;100,100,100,100,100,100,100,37;OOOOOOOO;92;0;29418;8
[RECV] BSF66F notify: TR;3;4731;f;0;ff;7f;2797,2559,2624,2929,3231,3079,3007,0;2797,2559,2624,2929,3231,3079,3007,3250;100,100,100,100,100,100,100,35;OOOOOOOT;100;0;671;8
[RECV] BSF66F notify: TR;3;4732;f;0;ff;7f;2823,2612,2589,2949,3212,3097,2996,0;2823,2612,2589,2949,3212,3097,2996,3250;100,100,100,100,100,100,100,34;OOOOOOOT;100;0;671;8
[RECV] BSF66F notify: CD;1;4732;tag=1;local=0xb101;status=0x00806f02;rxf=0x0706c814;win=8165;pc=8;mask=0xff;resp=8;unexp=0;last_len=20;last_src=0xa107;last_dst=0xb101;last_code=0xe1
[RECV] BSF66F notify: TR;3;4733;f;0;ff;ff;2793,2579,2607,2876,3249,3071,3001,3601;2793,2579,2607,2876,3249,3071,3001,3601;100,100,100,100,100,100,100,36;OOOOOOOO;92;0;15197;8
[RECV] BSF66F notify: TR;3;4734;f;0;ff;7f;2785,2611,2623,2648,3275,3106,3023,0;2785,2611,2623,2648,3275,3106,3023,3601;100,100,100,100,100,100,100,35;OOOOOOOT;100;0;671;8
[RECV] BSF66F notify: TR;3;4735;f;0;ff;7f;2817,2613,2614,2653,3240,3098,3038,0;2817,2613,2614,2653,3240,3098,3038,3601;100,100,100,100,100,100,100,34;OOOOOOOT;100;0;671;8
[RECV] BSF66F notify: TR;3;4736;f;0;ff;ff;2812,2601,2581,2840,3302,3103,3019,3464;2812,2601,2581,2840,3302,3103,3019,3464;100,100,100,100,100,100,100,41;OOOOOOOO;92;0;671;8
[RECV] BSF66F notify: TR;3;4737;f;0;ff;7f;2855,2567,2568,2911,3262,3095,3071,0;2855,2567,2568,2911,3262,3095,3071,3464;100,100,100,100,100,100,100,38;OOOOOOOT;100;0;671;8
[RECV] BSF66F notify: TR;3;4738;f;0;ff;7f;2828,2559,2604,2606,3236,3074,3021,0;2828,2559,2604,2606,3236,3074,3021,3464;100,100,100,100,100,100,100,36;OOOOOOOT;100;0;671;8
[RECV] BSF66F notify: TR;3;4739;f;0;ff;ff;2826,2579,2591,2686,3266,3060,3063,3504;2826,2579,2591,2686,3266,3060,3063,3504;100,100,100,100,100,100,100,40;OOOOOOOO;92;0;701;8
[RECV] BSF66F notify: RXG;1;4739;tag=1;mask=0xff;pc=8;guard=1200;spacing=1000;win=8165;pre=1;slot_to_entry_us=0;slot_to_sched_us=0;slot_to_write_done_us=0;slot_to_txcmd_us=274;slot_to_txdone_us=610;txcmd_to_txdone_us=335;txdone_to_rxstart_us=61;txdone_to_rxend_us=183;rxenable_
[RECV] BSF66F notify: TR;3;4740;f;0;ff;7f;2767,2584,2594,2817,3266,3012,3017,0;2767,2584,2594,2817,3266,3012,3017,3504;100,100,100,100,100,100,100,38;OOOOOOOT;100;0;29388;8
[RECV] BSF66F notify: TR;3;4741;f;0;ff;7f;2778,2567,2592,2988,3222,3077,3068,0;2778,2567,2592,2988,3222,3077,3068,3504;100,100,100,100,100,100,100,36;OOOOOOOT;100;0;671;8
[RECV] BSF66F notify: TR;3;4742;f;0;ff;ff;2850,2578,2603,2941,3286,3016,3005,3264;2850,2578,2603,2941,3286,3016,3005,3264;100,100,100,100,100,100,100,39;OOOOOOOO;92;0;671;8
[RECV] BSF66F notify: CD;1;4742;tag=1;local=0xb101;status=0x00800b02;rxf=0x0776c814;win=8165;pc=8;mask=0xff;resp=7;unexp=0;last_len=20;last_src=0xa106;last_dst=0xb101;last_code=0xe1
[RECV] BSF66F notify: TR;3;4743;f;0;ff;7f;2745,2597,2598,2839,3239,3017,2964,0;2745,2597,2598,2839,3239,3017,2964,3264;100,100,100,100,100,100,100,37;OOOOOOOT;100;0;15258;8
[RECV] BSF66F notify: TR;3;4744;f;0;ff;7f;2843,2582,2581,2797,3265,3034,2865,0;2843,2582,2581,2797,3265,3034,2865,3264;100,100,100,100,100,100,100,36;OOOOOOOT;100;0;671;8
[RECV] BSF66F notify: TR;3;4745;f;0;ff;ff;2818,2571,2597,2648,3266,3103,3043,3224;2818,2571,2597,2648,3266,3103,3043,3224;100,100,100,100,100,100,100,38;OOOOOOOO;92;0;671;8
[RECV] BSF66F notify: TR;3;4746;f;0;ff;7f;2812,2582,2586,2873,3250,3100,3096,0;2812,2582,2586,2873,3250,3100,3096,3224;100,100,100,100,100,100,100,37;OOOOOOOT;100;0;671;8
[RECV] BSF66F notify: TR;3;4747;f;0;ff;7f;2826,2566,2593,2810,3201,3055,3070,0;2826,2566,2593,2810,3201,3055,3070,3224;100,100,100,100,100,100,100,35;OOOOOOOT;100;0;671;8
[RECV] BSF66F notify: TR;3;4748;f;0;ff;ff;2810,2583,2590,2704,3242,3163,3029,3478;2810,2583,2590,2704,3242,3163,3029,3478;100,100,100,100,100,100,100,37;OOOOOOOO;92;0;671;8
[RECV] BSF66F notify: TR;3;4749;f;0;ff;7f;2825,2603,2620,2654,3269,3107,3017,0;2825,2603,2620,2654,3269,3107,3017,3478;100,100,100,100,100,100,100,36;OOOOOOOT;100;0;640;8
[RECV] BSF66F notify: RXG;1;4749;tag=1;mask=0xff;pc=8;guard=1200;spacing=1000;win=8165;pre=1;slot_to_entry_us=0;slot_to_sched_us=0;slot_to_write_done_us=0;slot_to_txcmd_us=274;slot_to_txdone_us=610;txcmd_to_txdone_us=335;txdone_to_rxstart_us=61;txdone_to_rxend_us=183;rxenable_
[RECV] BSF66F notify: TR;3;4750;f;0;ff;7f;2779,2578,2603,2918,3236,3064,3003,0;2779,2578,2603,2918,3236,3064,3003,3478;100,100,100,100,100,100,100,35;OOOOOOOT;100;0;29266;8
[RECV] BSF66F notify: TR;3;4751;f;0;ff;ff;2855,2537,2606,2801,3249,3107,2986,3583;2855,2537,2606,2801,3249,3107,2986,3583;100,100,100,100,100,100,100,37;OOOOOOOO;92;0;671;8
[RECV] BSF66F notify: TR;3;4752;f;0;ff;7f;2761,2533,2618,2983,3267,3028,3045,0;2761,2533,2618,2983,3267,3028,3045,3583;100,100,100,100,100,100,100,35;OOOOOOOT;100;0;671;8
[RECV] BSF66F notify: CD;1;4752;tag=1;local=0xb101;status=0x00800b02;rxf=0x0776c814;win=8165;pc=8;mask=0xff;resp=7;unexp=0;last_len=20;last_src=0xa106;last_dst=0xb101;last_code=0xe1
[RECV] BSF66F notify: TR;3;4753;f;0;ff;7f;2791,2571,2591,2827,3282,3090,3033,0;2791,2571,2591,2827,3282,3090,3033,3583;100,100,100,100,100,100,100,33;OOOOOOOT;100;0;15167;8
[RECV] BSF66F notify: TR;3;4754;f;0;ff;ff;2757,2605,2596,2840,3252,3068,3049,3540;2757,2605,2596,2840,3252,3068,3049,3540;100,100,100,100,100,100,100,36;OOOOOOOO;92;0;671;8
[RECV] BSF66F notify: TR;3;4755;f;0;ff;7f;2778,2609,2619,2700,3228,3064,3003,0;2778,2609,2619,2700,3228,3064,3003,3540;100,100,100,100,100,100,100,35;OOOOOOOT;100;0;671;8
[RECV] BSF66F notify: TR;3;4756;f;0;ff;7f;2764,2596,2584,2917,3260,3061,3049,0;2764,2596,2584,2917,3260,3061,3049,3540;100,100,100,100,100,100,100,33;OOOOOOOT;100;0;671;8
[RECV] BSF66F notify: TR;3;4757;f;0;ff;ff;2802,2575,2617,2767,3260,3084,3043,3520;2802,2575,2617,2767,3260,3084,3043,3520;100,100,100,100,100,100,100,36;OOOOOOOO;92;0;671;8
[RECV] BSF66F notify: TR;3;4758;f;0;ff;7f;2781,2577,2635,2863,3279,3006,2993,0;2781,2577,2635,2863,3279,3006,2993,3520;100,100,100,100,100,100,100,34;OOOOOOOT;100;0;671;8
[RECV] BSF66F notify: TR;3;4759;f;0;ff;7f;2800,2582,2614,2704,3289,3108,3044,0;2800,2582,2614,2704,3289,3108,3044,3520;100,100,100,100,100,100,100,33;OOOOOOOT;100;0;640;8
[RECV] BSF66F notify: RXG;1;4759;tag=1;mask=0xff;pc=8;guard=1200;spacing=1000;win=8165;pre=1;slot_to_entry_us=0;slot_to_sched_us=0;slot_to_write_done_us=0;slot_to_txcmd_us=274;slot_to_txdone_us=610;txcmd_to_txdone_us=335;txdone_to_rxstart_us=122;txdone_to_rxend_us=244;rxenable
[RECV] BSF66F notify: TR;3;4760;f;0;ff;ff;2807,2595,2574,2782,3197,3038,3096,3250;2807,2595,2574,2782,3197,3038,3096,3250;100,100,100,100,100,100,100,36;OOOOOOOO;92;0;29571;8
[RECV] BSF66F notify: TR;3;4761;f;0;ff;7f;2785,2574,2628,2924,3255,3025,3025,0;2785,2574,2628,2924,3255,3025,3025,3250;100,100,100,100,100,100,100,34;OOOOOOOT;100;0;640;8
[RECV] BSF66F notify: TR;3;4762;f;0;ff;7f;2806,2581,2596,2939,3258,3024,3027,0;2806,2581,2596,2939,3258,3024,3027,3250;100,100,100,100,100,100,100,33;OOOOOOOT;100;0;671;8
[RECV] BSF66F notify: CD;1;4762;tag=1;local=0xb101;status=0x00806f02;rxf=0x07c6c814;win=8165;pc=8;mask=0xff;resp=8;unexp=0;last_len=20;last_src=0xa107;last_dst=0xb101;last_code=0xe1
[RECV] BSF66F notify: TR;3;4763;f;0;ff;ff;2787,2577,2622,2827,3264,3029,3000,3255;2787,2577,2622,2827,3264,3029,3000,3255;100,100,100,100,100,100,100,35;OOOOOOOO;91;0;15289;8
[RECV] BSF66F notify: TR;3;4764;f;0;ff;7f;2771,2568,2566,2771,3255,3113,3008,0;2771,2568,2566,2771,3255,3113,3008,3255;100,100,100,100,100,100,100,34;OOOOOOOT;100;0;671;8
[RECV] BSF66F notify: TR;3;4765;f;0;ff;7f;2744,2643,2623,2850,3208,3068,3009,0;2744,2643,2623,2850,3208,3068,3009,3255;100,100,100,100,100,100,100,33;OOOOOOOT;100;0;671;8
[RECV] BSF66F notify: TR;3;4766;f;0;ff;ff;2824,2587,2627,2916,3269,3040,3032,3246;2824,2587,2627,2916,3269,3040,3032,3246;100,100,100,100,100,100,100,35;OOOOOOOO;91;0;671;8
[RECV] BSF66F notify: TR;3;4767;f;0;ff;7f;2775,2576,2621,2930,3233,3087,3033,0;2775,2576,2621,2930,3233,3087,3033,3246;100,100,100,100,100,100,100,34;OOOOOOOT;100;0;671;8
[RECV] BSF66F notify: TR;3;4768;f;0;ff;7f;2812,2584,2601,2758,3255,3088,3048,0;2812,2584,2601,2758,3255,3088,3048,3246;100,100,100,100,100,100,100,35;OOOOOOOT;100;0;671;8
[RECV] BSF66F notify: TR;3;4769;f;0;ff;ff;2843,2559,2582,2809,3210,3022,3060,3252;2843,2559,2582,2809,3210,3022,3060,3252;100,100,100,100,100,100,100,38;OOOOOOOO;92;0;701;8
[RECV] BSF66F notify: RXG;1;4769;tag=1;mask=0xff;pc=8;guard=1200;spacing=1000;win=8165;pre=1;slot_to_entry_us=0;slot_to_sched_us=0;slot_to_write_done_us=0;slot_to_txcmd_us=274;slot_to_txdone_us=610;txcmd_to_txdone_us=335;txdone_to_rxstart_us=61;txdone_to_rxend_us=183;rxenable_
[RECV] BSF66F notify: TR;3;4770;f;0;ff;7f;2750,2543,2617,2736,3234,3057,3012,0;2750,2543,2617,2736,3234,3057,3012,3252;100,100,100,100,100,100,100,36;OOOOOOOT;100;0;29296;8
[RECV] BSF66F notify: TR;3;4771;f;0;ff;7f;2754,2562,2575,2927,3229,3065,3048,0;2754,2562,2575,2927,3229,3065,3048,3252;100,100,100,100,100,100,100,35;OOOOOOOT;100;0;671;8
[RECV] BSF66F notify: TR;3;4772;f;0;ff;ff;2810,2548,2593,2915,3257,3105,2990,3366;2810,2548,2593,2915,3257,3105,2990,3366;100,100,100,100,100,100,100,38;OOOOOOOO;92;0;671;8
[RECV] BSF66F notify: CD;1;4772;tag=1;local=0xb101;status=0x00800f02;rxf=0x07a6c814;win=8165;pc=8;mask=0xff;resp=7;unexp=0;last_len=20;last_src=0xa106;last_dst=0xb101;last_code=0xe1
[RECV] BSF66F notify: TR;3;4773;f;0;ff;7f;2773,2592,2633,2807,3255,3134,2999,0;2773,2592,2633,2807,3255,3134,2999,3366;100,100,100,100,100,100,100,36;OOOOOOOT;100;0;15228;8
[RECV] BSF66F notify: TR;3;4774;f;0;ff;7f;2804,2624,2607,2752,3228,3106,3015,0;2804,2624,2607,2752,3228,3106,3015,3366;100,100,100,100,100,100,100,34;OOOOOOOT;100;0;671;8
[RECV] BSF66F notify: TR;3;4775;f;0;ff;ff;2799,2566,2612,2967,3236,3062,3006,3291;2799,2566,2612,2967,3236,3062,3006,3291;100,100,100,100,100,100,100,37;OOOOOOOO;92;0;671;8
[RECV] BSF66F notify: TR;3;4776;f;0;ff;7f;2812,2576,2589,2851,3267,3068,2980,0;2812,2576,2589,2851,3267,3068,2980,3291;100,100,100,100,100,100,100,36;OOOOOOOT;100;0;671;8
[RECV] BSF66F notify: TR;3;4777;f;0;ff;7f;2778,2603,2588,2791,3293,3071,3102,0;2778,2603,2588,2791,3293,3071,3102,3291;100,100,100,100,100,100,100,34;OOOOOOOT;100;0;671;8
[RECV] BSF66F notify: TR;3;4778;f;0;ff;ff;2835,2625,2586,2625,3230,3074,3055,3201;2835,2625,2586,2625,3230,3074,3055,3201;100,100,100,100,100,100,100,37;OOOOOOOO;92;0;671;8
[RECV] BSF66F notify: TR;3;4779;f;0;ff;7f;2808,2603,2571,2646,3268,3083,2966,0;2808,2603,2571,2646,3268,3083,2966,3201;100,100,100,100,100,100,100,35;OOOOOOOT;100;0;640;8
[RECV] BSF66F notify: RXG;1;4779;tag=1;mask=0xff;pc=8;guard=1200;spacing=1000;win=8165;pre=1;slot_to_entry_us=0;slot_to_sched_us=0;slot_to_write_done_us=0;slot_to_txcmd_us=274;slot_to_txdone_us=610;txcmd_to_txdone_us=335;txdone_to_rxstart_us=61;txdone_to_rxend_us=183;rxenable_
[RECV] BSF66F notify: TR;3;4780;f;0;ff;7f;2783,2576,2587,2691,3265,3095,3093,0;2783,2576,2587,2691,3265,3095,3093,3201;100,100,100,100,100,100,100,34;OOOOOOOT;100;0;29235;8
[RECV] BSF66F notify: TR;3;4781;f;0;ff;ff;2804,2579,2593,2960,3251,3095,3019,3273;2804,2579,2593,2960,3251,3095,3019,3273;100,100,100,100,100,100,100,36;OOOOOOOO;92;0;671;8
[RECV] BSF66F notify: TR;3;4782;f;0;ff;7f;2776,2569,2589,2840,3249,3134,3066,0;2776,2569,2589,2840,3249,3134,3066,3273;100,100,100,100,100,100,100,35;OOOOOOOT;100;0;671;8
[RECV] BSF66F notify: CD;1;4782;tag=1;local=0xb101;status=0x00800b02;rxf=0x07a6c814;win=8165;pc=8;mask=0xff;resp=7;unexp=0;last_len=20;last_src=0xa106;last_dst=0xb101;last_code=0xe1
[RECV] BSF66F notify: TR;3;4783;f;0;ff;7f;2804,2653,2622,2829,3235,3046,3075,0;2804,2653,2622,2829,3235,3046,3075,3273;100,100,100,100,100,100,100,34;OOOOOOOT;100;0;15167;8
[RECV] BSF66F notify: TR;3;4784;f;0;ff;ff;2808,2571,2582,2839,3243,3099,3033,3133;2808,2571,2582,2839,3243,3099,3033,3133;100,100,100,100,100,100,100,41;OOOOOOOO;92;0;671;8
[RECV] BSF66F notify: TR;3;4785;f;0;ff;7f;2797,2596,2618,2778,3228,3091,3102,0;2797,2596,2618,2778,3228,3091,3102,3133;100,100,100,100,100,100,100,38;OOOOOOOT;100;0;671;8
[RECV] BSF66F notify: TR;3;4786;f;0;ff;7f;2820,2608,2580,2816,3251,3115,3097,0;2820,2608,2580,2816,3251,3115,3097,3133;100,100,100,100,100,100,100,36;OOOOOOOT;100;0;671;8
[RECV] BSF66F notify: TR;3;4787;f;0;ff;ff;2804,2568,2595,2963,3269,3089,3069,3217;2804,2568,2595,2963,3269,3089,3069,3217;100,100,100,100,100,100,100,40;OOOOOOOO;92;0;701;8
[RECV] BSF66F notify: TR;3;4788;f;0;ff;7f;2772,2580,2615,2762,3266,3148,2983,0;2772,2580,2615,2762,3266,3148,2983,3217;100,100,100,100,100,100,100,38;OOOOOOOT;100;0;671;8
[RECV] BSF66F notify: TR;3;4789;f;0;ff;7f;2833,2576,2621,2642,3266,3116,3050,0;2833,2576,2621,2642,3266,3116,3050,3217;100,100,100,100,100,100,100,36;OOOOOOOT;100;0;671;8
[RECV] BSF66F notify: RXG;1;4789;tag=1;mask=0xff;pc=8;guard=1200;spacing=1000;win=8165;pre=1;slot_to_entry_us=0;slot_to_sched_us=0;slot_to_write_done_us=0;slot_to_txcmd_us=274;slot_to_txdone_us=610;txcmd_to_txdone_us=335;txdone_to_rxstart_us=61;txdone_to_rxend_us=244;rxenable_
[RECV] BSF66F notify: TR;3;4790;f;0;ff;ff;2774,2577,2577,2673,3252,3097,2997,3261;2774,2577,2577,2673,3252,3097,2997,3261;100,100,100,100,100,100,100,39;OOOOOOOO;92;0;29418;8
[RECV] BSF66F notify: TR;3;4791;f;0;ff;7f;2784,2582,2588,2810,3276,3164,3006,0;2784,2582,2588,2810,3276,3164,3006,3261;100,100,100,100,100,100,100,37;OOOOOOOT;100;0;671;8
[RECV] BSF66F notify: TR;3;4792;f;0;ff;7f;2822,2537,2634,2899,3203,3132,3043,0;2822,2537,2634,2899,3203,3132,3043,3261;100,100,100,100,100,100,100,36;OOOOOOOT;100;0;671;8
[RECV] BSF66F notify: CD;1;4792;tag=1;local=0xb101;status=0x00806f02;rxf=0x07a6c814;win=8165;pc=8;mask=0xff;resp=8;unexp=0;last_len=20;last_src=0xa107;last_dst=0xb101;last_code=0xe1
[RECV] BSF66F notify: TR;3;4793;f;0;ff;ff;2776,2578,2612,2891,3264,3071,3062,3151;2776,2578,2612,2891,3264,3071,3062,3151;100,100,100,100,100,100,100,38;OOOOOOOO;92;0;15167;8
[RECV] BSF66F notify: TR;3;4794;f;0;ff;7f;2855,2580,2636,2837,3283,3080,2994,0;2855,2580,2636,2837,3283,3080,2994,3151;100,100,100,100,100,100,100,37;OOOOOOOT;100;0;671;8
[RECV] BSF66F notify: TR;3;4795;f;0;ff;7f;2835,2555,2608,2818,3248,3112,3000,0;2835,2555,2608,2818,3248,3112,3000,3151;100,100,100,100,100,100,100,35;OOOOOOOT;100;0;671;8
[RECV] BSF66F notify: TR;3;4796;f;0;ff;ff;2801,2544,2600,2936,3266,3141,3046,3284;2801,2544,2600,2936,3266,3141,3046,3284;100,100,100,100,100,100,100,37;OOOOOOOO;92;0;671;8
[RECV] BSF66F notify: TR;3;4797;f;0;ff;7f;2807,2564,2624,2880,3240,3044,3041,0;2807,2564,2624,2880,3240,3044,3041,3284;100,100,100,100,100,100,100,36;OOOOOOOT;100;0;640;8
[RECV] BSF66F notify: TR;3;4798;f;0;ff;7f;2785,2570,2602,2809,3240,3111,3040,0;2785,2570,2602,2809,3240,3111,3040,3284;100,100,100,100,100,100,100,35;OOOOOOOT;100;0;671;8
[RECV] BSF66F notify: TR;3;4799;f;0;ff;ff;2810,2616,2599,2722,3243,3090,3056,3176;2810,2616,2599,2722,3243,3090,3056,3176;100,100,100,100,100,100,100,37;OOOOOOOO;92;0;671;8
[RECV] BSF66F notify: RXG;1;4799;tag=1;mask=0xff;pc=8;guard=1200;spacing=1000;win=8165;pre=1;slot_to_entry_us=0;slot_to_sched_us=0;slot_to_write_done_us=0;slot_to_txcmd_us=274;slot_to_txdone_us=610;txcmd_to_txdone_us=335;txdone_to_rxstart_us=61;txdone_to_rxend_us=183;rxenable_
[RECV] BSF66F notify: TR;3;4800;f;0;ff;7f;2808,2592,2593,2851,3301,3126,2968,0;2808,2592,2593,2851,3301,3126,2968,3176;100,100,100,100,100,100,100,35;OOOOOOOT;100;0;29327;8
[RECV] BSF66F notify: TR;3;4801;f;0;ff;7f;2789,2564,2623,2806,3238,3048,3103,0;2789,2564,2623,2806,3238,3048,3103,3176;100,100,100,100,100,100,100,33;OOOOOOOT;100;0;671;8
[RECV] BSF66F notify: TR;3;4802;f;0;ff;ff;2773,2573,2594,2840,3209,3100,3024,3285;2773,2573,2594,2840,3209,3100,3024,3285;100,100,100,100,100,100,100,36;OOOOOOOO;92;0;671;8
[RECV] BSF66F notify: CD;1;4802;tag=1;local=0xb101;status=0x00800b02;rxf=0x07c6c814;win=8165;pc=8;mask=0xff;resp=7;unexp=0;last_len=20;last_src=0xa106;last_dst=0xb101;last_code=0xe1
[RECV] BSF66F notify: TR;3;4803;f;0;ff;7f;2832,2598,2595,2755,3234,3042,3050,0;2832,2598,2595,2755,3234,3042,3050,3285;100,100,100,100,100,100,100,35;OOOOOOOT;100;0;15228;8
[RECV] BSF66F notify: TR;3;4804;f;0;ff;7f;2843,2560,2605,2792,3269,3071,3021,0;2843,2560,2605,2792,3269,3071,3021,3285;100,100,100,100,100,100,100,33;OOOOOOOT;100;0;671;8
[RECV] BSF66F notify: TR;3;4805;f;0;ff;ff;2818,2563,2608,2831,3227,3149,3002,3252;2818,2563,2608,2831,3227,3149,3002,3252;100,100,100,100,100,100,100,36;OOOOOOOO;92;0;671;8
[RECV] BSF66F notify: TR;3;4806;f;0;ff;ff;2805,2550,2588,2948,3255,3153,3059,3293;2805,2550,2588,2948,3255,3153,3059,3293;100,100,100,100,100,100,100,39;OOOOOOOO;92;0;671;8
[RECV] BSF66F notify: TR;3;4807;f;0;ff;7f;2776,2580,2613,2943,3271,3150,3070,0;2776,2580,2613,2943,3271,3150,3070,3293;100,100,100,100,100,100,100,37;OOOOOOOT;100;0;671;8
[RECV] BSF66F notify: TR;3;4808;f;0;ff;ff;2821,2568,2624,2679,3226,3118,3015,3284;2821,2568,2624,2679,3226,3118,3015,3284;100,100,100,100,100,100,100,40;OOOOOOOO;92;0;671;8
[RECV] BSF66F notify: TR;3;4809;f;0;ff;7f;2826,2578,2586,2625,3250,3108,2999,0;2826,2578,2586,2625,3250,3108,2999,3284;100,100,100,100,100,100,100,38;OOOOOOOT;100;0;671;8
[RECV] BSF66F notify: RXG;1;4809;tag=1;mask=0xff;pc=8;guard=1200;spacing=1000;win=8165;pre=1;slot_to_entry_us=0;slot_to_sched_us=0;slot_to_write_done_us=0;slot_to_txcmd_us=274;slot_to_txdone_us=610;txcmd_to_txdone_us=335;txdone_to_rxstart_us=61;txdone_to_rxend_us=183;rxenable_
[RECV] BSF66F notify: TR;3;4810;f;0;ff;7f;2791,2576,2619,2711,3256,3067,3054,0;2791,2576,2619,2711,3256,3067,3054,3284;100,100,100,100,100,100,100,37;OOOOOOOT;100;0;29266;8
[RECV] BSF66F notify: TR;3;4811;f;0;ff;ff;2827,2537,2587,2784,3210,3037,3041,3195;2827,2537,2587,2784,3210,3037,3041,3195;100,100,100,100,100,100,100,39;OOOOOOOO;92;0;701;8
[RECV] BSF66F notify: TR;3;4812;f;0;ff;7f;2823,2573,2619,2890,3265,3056,3053,0;2823,2573,2619,2890,3265,3056,3053,3195;100,100,100,100,100,100,100,37;OOOOOOOT;100;0;671;8
[RECV] BSF66F notify: CD;1;4812;tag=1;local=0xb101;status=0x00806f02;rxf=0x0766c814;win=8165;pc=8;mask=0xff;resp=8;unexp=0;last_len=20;last_src=0xa107;last_dst=0xb101;last_code=0xe1
[RECV] BSF66F notify: TR;3;4813;f;0;ff;ff;2776,2564,2582,2739,3230,3082,3051,3309;2776,2564,2582,2739,3230,3082,3051,3309;100,100,100,100,100,100,100,40;OOOOOOOO;92;0;15258;8
[RECV] BSF66F notify: TR;3;4814;f;0;ff;ff;2823,2566,2584,2675,3276,3110,3010,3190;2823,2566,2584,2675,3276,3110,3010,3190;100,100,100,100,100,100,100,41;OOOOOOOO;92;0;671;8
[RECV] BSF66F notify: TR;3;4815;f;0;ff;7f;2784,2581,2608,2756,3260,3078,3034,0;2784,2581,2608,2756,3260,3078,3034,3190;100,100,100,100,100,100,100,40;OOOOOOOT;100;0;671;8
[RECV] BSF66F notify: TR;3;4816;f;0;ff;7f;2862,2590,2620,2925,3218,3046,3012,0;2862,2590,2620,2925,3218,3046,3012,3190;100,100,100,100,100,100,100,41;OOOOOOOT;100;0;701;8
[RECV] BSF66F notify: TR;3;4817;f;0;ff;ff;2821,2586,2617,2904,3236,3187,3005,3264;2821,2586,2617,2904,3236,3187,3005,3264;100,100,100,100,100,100,100,44;OOOOOOOO;93;0;701;8
[RECV] BSF66F notify: TR;3;4818;f;0;ff;7f;2808,2566,2641,2781,3223,3149,2991,0;2808,2566,2641,2781,3223,3149,2991,3264;100,100,100,100,100,100,100,42;OOOOOOOT;100;0;671;8
[RECV] BSF66F notify: TR;3;4819;f;0;ff;7f;2853,2561,2595,2751,3230,3145,3020,0;2853,2561,2595,2751,3230,3145,3020,3264;100,100,100,100,100,100,100,40;OOOOOOOT;100;0;671;8
[RECV] BSF66F notify: RXG;1;4819;tag=1;mask=0xff;pc=8;guard=1200;spacing=1000;win=8165;pre=1;slot_to_entry_us=0;slot_to_sched_us=0;slot_to_write_done_us=0;slot_to_txcmd_us=274;slot_to_txdone_us=610;txcmd_to_txdone_us=335;txdone_to_rxstart_us=61;txdone_to_rxend_us=244;rxenable_
[RECV] BSF66F notify: TR;3;4820;f;0;ff;ff;2788,2566,2603,2734,3282,3043,3043,3240;2788,2566,2603,2734,3282,3043,3043,3240;100,100,100,100,100,100,100,42;OOOOOOOO;92;0;29449;8
[RECV] BSF66F notify: TR;3;4821;f;0;ff;7f;2802,2591,2628,2811,3277,3056,3028,0;2802,2591,2628,2811,3277,3056,3028,3240;100,100,100,100,100,100,100,40;OOOOOOOT;100;0;671;8
[RECV] BSF66F notify: TR;3;4822;f;0;ff;7f;2811,2556,2604,2803,3230,3061,2992,0;2811,2556,2604,2803,3230,3061,2992,3240;100,100,100,100,100,100,100,39;OOOOOOOT;100;0;671;8
[RECV] BSF66F notify: CD;1;4822;tag=1;local=0xb101;status=0x00806f02;rxf=0x0796c814;win=8165;pc=8;mask=0xff;resp=8;unexp=0;last_len=20;last_src=0xa107;last_dst=0xb101;last_code=0xe1
[RECV] BSF66F notify: TR;3;4823;f;0;ff;ff;2789,2576,2585,2708,3239,3049,2994,3289;2789,2576,2585,2708,3239,3049,2994,3289;100,100,100,100,100,100,100,41;OOOOOOOO;92;0;15167;8
[RECV] BSF66F notify: TR;3;4824;f;0;ff;7f;2818,2566,2623,2669,3252,3097,3067,0;2818,2566,2623,2669,3252,3097,3067,3289;100,100,100,100,100,100,100,40;OOOOOOOT;100;0;671;8
[RECV] BSF66F notify: TR;3;4825;f;0;ff;7f;2815,2558,2597,2876,3249,3008,3010,0;2815,2558,2597,2876,3249,3008,3010,3289;100,100,100,100,100,100,100,38;OOOOOOOT;100;0;701;8
[RECV] BSF66F notify: TR;3;4826;f;0;ff;ff;2782,2571,2634,2975,3235,3103,2998,3218;2782,2571,2634,2975,3235,3103,2998,3218;100,100,100,100,100,100,100,40;OOOOOOOO;92;0;671;8
[RECV] BSF66F notify: TR;3;4827;f;0;ff;7f;2789,2602,2615,2934,3234,3031,3040,0;2789,2602,2615,2934,3234,3031,3040,3218;100,100,100,100,100,100,100,39;OOOOOOOT;100;0;640;8
[RECV] BSF66F notify: TR;3;4828;f;0;ff;7f;2784,2567,2620,2778,3288,3111,2971,0;2784,2567,2620,2778,3288,3111,2971,3218;100,100,100,100,100,100,100,37;OOOOOOOT;100;0;671;8
[RECV] BSF66F notify: TR;3;4829;f;0;ff;ff;2779,2575,2619,2798,3242,3054,3054,3278;2779,2575,2619,2798,3242,3054,3054,3278;100,100,100,100,100,100,100,40;OOOOOOOO;92;0;701;8
[RECV] BSF66F notify: RXG;1;4829;tag=1;mask=0xff;pc=8;guard=1200;spacing=1000;win=8165;pre=1;slot_to_entry_us=0;slot_to_sched_us=0;slot_to_write_done_us=0;slot_to_txcmd_us=274;slot_to_txdone_us=610;txcmd_to_txdone_us=335;txdone_to_rxstart_us=61;txdone_to_rxend_us=183;rxenable_
[RECV] BSF66F notify: TR;3;4830;f;0;ff;7f;2819,2605,2607,2711,3252,3120,3000,0;2819,2605,2607,2711,3252,3120,3000,3278;100,100,100,100,100,100,100,38;OOOOOOOT;100;0;29327;8
[RECV] BSF66F notify: TR;3;4831;f;0;ff;7f;2822,2585,2598,2980,3219,3108,3050,0;2822,2585,2598,2980,3219,3108,3050,3278;100,100,100,100,100,100,100,37;OOOOOOOT;100;0;701;8
[RECV] BSF66F notify: TR;3;4832;f;0;ff;7f;2825,2571,2615,2848,3241,3043,3032,0;2825,2571,2615,2848,3241,3043,3032,3278;100,100,100,100,100,100,100,35;OOOOOOOT;100;0;671;8
[RECV] BSF66F notify: CD;1;4832;tag=1;local=0xb101;status=0x00800b02;rxf=0x07a6c814;win=8165;pc=8;mask=0xff;resp=7;unexp=0;last_len=20;last_src=0xa106;last_dst=0xb101;last_code=0xe1
[RECV] BSF66F notify: TR;3;4833;f;0;ff;7f;2816,2577,2580,2877,3240,3101,3072,0;2816,2577,2580,2877,3240,3101,3072,3278;100,100,100,100,100,100,100,33;OOOOOOOT;100;0;15136;8
[RECV] BSF66F notify: TR;3;4834;f;0;ff;ff;2799,2589,2605,2724,3258,3073,3025,3234;2799,2589,2605,2724,3258,3073,3025,3234;100,100,100,100,100,100,100,36;OOOOOOOO;92;0;671;8
[RECV] BSF66F notify: TR;3;4835;f;0;ff;ff;2790,2580,2611,2842,3231,3101,3057,3225;2790,2580,2611,2842,3231,3101,3057,3225;100,100,100,100,100,100,100,40;OOOOOOOO;92;0;701;8
[RECV] BSF66F notify: TR;3;4836;f;0;ff;7f;2792,2560,2611,2926,3280,2970,3042,0;2792,2560,2611,2926,3280,2970,3042,3225;100,100,100,100,100,100,100,38;OOOOOOOT;100;0;640;8
[RECV] BSF66F notify: TR;3;4837;f;0;ff;7f;2821,2544,2627,2899,3249,3035,3023,0;2821,2544,2627,2899,3249,3035,3023,3225;100,100,100,100,100,100,100,36;OOOOOOOT;100;0;671;8
[RECV] BSF66F notify: TR;3;4838;f;0;ff;7f;2758,2571,2605,2818,3267,3169,3030,0;2758,2571,2605,2818,3267,3169,3030,3225;100,100,100,100,100,100,100,34;OOOOOOOT;100;0;671;8
[RECV] BSF66F notify: TR;3;4839;f;0;ff;7f;2772,2568,2606,2705,3232,3016,2952,0;2772,2568,2606,2705,3232,3016,2952,3225;100,100,100,100,100,100,100,33;OOOOOOOT;100;0;640;8
[RECV] BSF66F notify: RXG;1;4839;tag=1;mask=0xff;pc=8;guard=1200;spacing=1000;win=8165;pre=1;slot_to_entry_us=0;slot_to_sched_us=0;slot_to_write_done_us=0;slot_to_txcmd_us=274;slot_to_txdone_us=610;txcmd_to_txdone_us=335;txdone_to_rxstart_us=61;txdone_to_rxend_us=183;rxenable_
[RECV] BSF66F notify: TR;3;4840;f;0;ff;7f;2796,2539,2611,2722,3206,3104,3058,0;2796,2539,2611,2722,3206,3104,3058,3225;100,100,100,100,100,100,100,32;OOOOOOOT;100;0;29357;8
[RECV] BSF66F notify: TR;3;4841;f;0;ff;ff;2829,2558,2608,2913,3282,3156,3063,3266;2829,2558,2608,2913,3282,3156,3063,3266;100,100,100,100,100,100,100,34;OOOOOOOO;91;0;701;8
[RECV] BSF66F notify: TR;3;4842;f;0;ff;7f;2791,2547,2621,2842,3198,3060,3063,0;2791,2547,2621,2842,3198,3060,3063,3266;100,100,100,100,100,100,100,33;OOOOOOOT;100;0;671;8
[RECV] BSF66F notify: CD;1;4842;tag=1;local=0xb101;status=0x00800f02;rxf=0x0756c814;win=8165;pc=8;mask=0xff;resp=7;unexp=0;last_len=20;last_src=0xa106;last_dst=0xb101;last_code=0xe1
[RECV] BSF66F notify: TR;3;4843;f;0;ff;7f;2849,2542,2613,2760,3235,3173,2995,0;2849,2542,2613,2760,3235,3173,2995,3266;100,100,100,100,100,100,100,32;OOOOOOOT;100;0;15136;8
[RECV] BSF66F notify: TR;3;4844;f;0;ff;ff;2806,2570,2621,2860,3288,3155,3029,3241;2806,2570,2621,2860,3288,3155,3029,3241;100,100,100,100,100,100,100,34;OOOOOOOO;91;0;671;8
[RECV] BSF66F notify: TR;3;4845;f;0;ff;7f;2778,2578,2594,2696,3259,3087,3035,0;2778,2578,2594,2696,3259,3087,3035,3241;100,100,100,100,100,100,100,33;OOOOOOOT;100;0;640;8
[RECV] BSF66F notify: TR;3;4846;f;0;ff;7f;2779,2515,2616,2927,3267,3146,3030,0;2779,2515,2616,2927,3267,3146,3030,3241;100,100,100,100,100,100,100,32;OOOOOOOT;100;0;671;8
[RECV] BSF66F notify: TR;3;4847;f;0;ff;7f;2829,2534,2612,2956,3271,3111,3031,0;2829,2534,2612,2956,3271,3111,3031,3241;100,100,100,100,100,100,100,31;OOOOOOOT;100;0;671;8
[RECV] BSF66F notify: TR;3;4848;f;0;ff;7f;2779,2583,2582,2798,3297,3057,3020,0;2779,2583,2582,2798,3297,3057,3020,3241;100,100,100,100,100,100,100,29;OOOOOOOT;100;0;671;8
[RECV] BSF66F notify: TR;3;4849;f;0;ff;7f;2765,2551,2558,2711,3249,3078,2986,0;2765,2551,2558,2711,3249,3078,2986,3241;100,100,100,100,100,100,100,27;OOOOOOOT;100;0;671;8
[RECV] BSF66F notify: RXG;1;4849;tag=1;mask=0xff;pc=8;guard=1200;spacing=1000;win=8165;pre=1;slot_to_entry_us=0;slot_to_sched_us=0;slot_to_write_done_us=0;slot_to_txcmd_us=274;slot_to_txdone_us=610;txcmd_to_txdone_us=335;txdone_to_rxstart_us=61;txdone_to_rxend_us=183;rxenable_
[RECV] BSF66F notify: TR;3;4850;f;0;ff;7f;2825,2568,2598,2829,3227,3037,3053,0;2825,2568,2598,2829,3227,3037,3053,3241;100,100,100,100,100,100,100,26;OOOOOOOT;100;0;29235;8
[RECV] BSF66F notify: TR;3;4851;f;0;ff;7f;2805,2489,2560,2898,3286,3020,3012,0;2805,2489,2560,2898,3286,3020,3012,3241;100,100,100,100,100,100,100,25;OOOOOOOT;100;0;640;8
[RECV] BSF66F notify: TR;3;4852;f;0;ff;7f;2755,2548,2556,2822,3240,3133,3056,0;2755,2548,2556,2822,3240,3133,3056,3241;100,100,100,100,100,100,100,23;OOOOOOOT;100;0;671;8
[RECV] BSF66F notify: CD;1;4852;tag=1;local=0xb101;status=0x00806f02;rxf=0x0796c814;win=8165;pc=8;mask=0xff;resp=8;unexp=0;last_len=20;last_src=0xa107;last_dst=0xb101;last_code=0xe1
[RECV] BSF66F notify: TR;3;4853;f;0;ff;ff;2787,2534,2602,2688,3295,3095,3021,3277;2787,2534,2602,2688,3295,3095,3021,3277;100,100,100,100,100,100,100,27;OOOOOOOO;90;0;15258;8
[RECV] BSF66F notify: TR;3;4854;f;0;ff;7f;2808,2531,2590,2716,3241,3096,3085,0;2808,2531,2590,2716,3241,3096,3085,3277;100,100,100,100,100,100,100,26;OOOOOOOT;100;0;640;8
[RECV] BSF66F notify: TR;3;4855;f;0;ff;7f;2780,2573,2598,2671,3272,3118,3004,0;2780,2573,2598,2671,3272,3118,3004,3277;100,100,100,100,100,100,100,25;OOOOOOOT;100;0;671;8
[RECV] BSF66F notify: TR;3;4856;f;0;ff;7f;2793,2564,2601,2958,3268,3133,3065,0;2793,2564,2601,2958,3268,3133,3065,3277;100,100,100,100,100,100,100,24;OOOOOOOT;100;0;671;8
[RECV] BSF66F notify: TR;3;4857;f;0;ff;7f;2816,2580,2578,2921,3248,3029,3062,0;2816,2580,2578,2921,3248,3029,3062,3277;100,100,100,100,100,100,100,23;OOOOOOOT;100;0;671;8
[RECV] BSF66F notify: TR;3;4858;f;0;ff;7f;2782,2536,2583,2755,3234,3115,3073,0;2782,2536,2583,2755,3234,3115,3073,3277;100,100,100,100,100,100,100,22;OOOOOOOT;100;0;671;8
[RECV] BSF66F notify: TR;3;4859;f;0;ff;7f;2846,2603,2641,2733,3240,3104,3026,0;2846,2603,2641,2733,3240,3104,3026,3277;100,100,100,100,100,100,100,21;OOOOOOOT;100;0;640;8
[RECV] BSF66F notify: RXG;1;4859;tag=1;mask=0xff;pc=8;guard=1200;spacing=1000;win=8165;pre=1;slot_to_entry_us=0;slot_to_sched_us=0;slot_to_write_done_us=0;slot_to_txcmd_us=274;slot_to_txdone_us=610;txcmd_to_txdone_us=335;txdone_to_rxstart_us=61;txdone_to_rxend_us=183;rxenable_
[RECV] BSF66F notify: TR;3;4860;f;0;ff;7f;2801,2569,2580,2627,3222,3103,3032,0;2801,2569,2580,2627,3222,3103,3032,3277;100,100,100,100,100,100,100,20;OOOOOOOT;100;0;29266;8
[RECV] BSF66F notify: TR;3;4861;f;0;ff;7f;2841,2575,2611,2754,3236,3109,2954,0;2841,2575,2611,2754,3236,3109,2954,3277;100,100,100,100,100,100,100,20;OOOOOOOT;100;0;671;8
[RECV] BSF66F notify: TR;3;4862;f;0;ff;7f;2808,2553,2613,2882,3275,3072,3048,0;2808,2553,2613,2882,3275,3072,3048,3277;100,100,100,100,100,100,100,19;OOOOOOOT;100;0;671;8
[RECV] BSF66F notify: CD;1;4862;tag=1;local=0xb101;status=0x00800b02;rxf=0x07a6c814;win=8165;pc=8;mask=0xff;resp=7;unexp=0;last_len=20;last_src=0xa106;last_dst=0xb101;last_code=0xe1
[RECV] BSF66F notify: TR;3;4863;f;0;ff;7f;2793,2547,2629,2691,3267,3146,3061,0;2793,2547,2629,2691,3267,3146,3061,3277;100,100,100,100,100,100,100,18;OOOOOOOT;100;0;15228;8
[RECV] BSF66F notify: TR;3;4864;f;0;ff;7f;2822,2536,2602,2622,3256,3133,3035,0;2822,2536,2602,2622,3256,3133,3035,3277;100,100,100,100,100,100,100,17;OOOOOOOT;100;0;671;8
[RECV] BSF66F notify: TR;3;4865;f;0;ff;7f;2750,2549,2598,2652,3273,3068,3039,0;2750,2549,2598,2652,3273,3068,3039,3277;100,100,100,100,100,100,100,16;OOOOOOOT;100;0;671;8
[RECV] BSF66F notify: TR;3;4866;f;0;ff;7f;2761,2567,2580,2763,3276,3002,3050,0;2761,2567,2580,2763,3276,3002,3050,3277;100,100,100,100,100,100,100,15;OOOOOOOT;100;0;671;8
[RECV] BSF66F notify: TR;3;4867;f;0;ff;7f;2789,2562,2587,2996,3299,3095,3053,0;2789,2562,2587,2996,3299,3095,3053,3277;100,100,100,100,100,100,100,15;OOOOOOOT;100;0;671;8
[RECV] BSF66F notify: TR;3;4868;f;0;ff;ff;2816,2573,2637,2815,3234,3103,3061,3265;2816,2573,2637,2815,3234,3103,3061,3265;100,100,100,100,100,100,100,19;OOOOOOOO;100;0;671;8
[RECV] BSF66F notify: TR;3;4869;f;0;ff;7f;2762,2538,2615,2762,3256,3075,3009,0;2762,2538,2615,2762,3256,3075,3009,3265;100,100,100,100,100,100,100,18;OOOOOOOT;100;0;671;8
[RECV] BSF66F notify: RXG;1;4869;tag=1;mask=0xff;pc=8;guard=1200;spacing=1000;win=8165;pre=1;slot_to_entry_us=0;slot_to_sched_us=0;slot_to_write_done_us=0;slot_to_txcmd_us=274;slot_to_txdone_us=610;txcmd_to_txdone_us=335;txdone_to_rxstart_us=61;txdone_to_rxend_us=183;rxenable_
[RECV] BSF66F notify: TR;3;4870;f;0;ff;7f;2807,2589,2622,2738,3286,3055,3033,0;2807,2589,2622,2738,3286,3055,3033,3265;100,100,100,100,100,100,100,17;OOOOOOOT;100;0;29327;8
[RECV] BSF66F notify: TR;3;4871;f;0;ff;ff;2786,2570,2584,2846,3284,3008,3079,3271;2786,2570,2584,2846,3284,3008,3079,3271;100,100,100,100,100,100,100,20;OOOOOOOO;90;0;701;8
[RECV] BSF66F notify: TR;3;4872;f;0;ff;7f;2817,2561,2582,2853,3240,3086,3093,0;2817,2561,2582,2853,3240,3086,3093,3271;100,100,100,100,100,100,100,20;OOOOOOOT;100;0;671;8
[RECV] BSF66F notify: CD;1;4872;tag=1;local=0xb101;status=0x00800b02;rxf=0x07a6c814;win=8165;pc=8;mask=0xff;resp=7;unexp=0;last_len=20;last_src=0xa106;last_dst=0xb101;last_code=0xe1
[RECV] BSF66F notify: TR;3;4873;f;0;ff;7f;2837,2581,2615,2690,3232,3118,3068,0;2837,2581,2615,2690,3232,3118,3068,3271;100,100,100,100,100,100,100,19;OOOOOOOT;100;0;15197;8
[RECV] BSF66F notify: TR;3;4874;f;0;ff;7f;2775,2538,2580,2619,3241,3169,3007,0;2775,2538,2580,2619,3241,3169,3007,3271;100,100,100,100,100,100,100,18;OOOOOOOT;100;0;671;8
[RECV] BSF66F notify: TR;3;4875;f;0;ff;ff;2808,2566,2590,2746,3263,2998,2993,3061;2808,2566,2590,2746,3263,2998,2993,3061;100,100,100,100,100,100,100,21;OOOOOOOO;90;0;671;8
[RECV] BSF66F notify: TR;3;4876;f;0;ff;7f;2761,2538,2619,2799,3264,3121,3060,0;2761,2538,2619,2799,3264,3121,3060,3061;100,100,100,100,100,100,100,20;OOOOOOOT;100;0;671;8
[RECV] BSF66F notify: TR;3;4877;f;0;ff;7f;2791,2552,2583,2889,3228,3107,3054,0;2791,2552,2583,2889,3228,3107,3054,3061;100,100,100,100,100,100,100,20;OOOOOOOT;100;0;671;8
[RECV] BSF66F notify: TR;3;4878;f;0;ff;7f;2828,2573,2598,2741,3231,3134,3031,0;2828,2573,2598,2741,3231,3134,3031,3061;100,100,100,100,100,100,100,19;OOOOOOOT;100;0;671;8
[RECV] BSF66F notify: TR;3;4879;f;0;ff;7f;2774,2578,2625,2844,3243,3040,3048,0;2774,2578,2625,2844,3243,3040,3048,3061;100,100,100,100,100,100,100,18;OOOOOOOT;100;0;671;8
[RECV] BSF66F notify: RXG;1;4879;tag=1;mask=0xff;pc=8;guard=1200;spacing=1000;win=8165;pre=1;slot_to_entry_us=0;slot_to_sched_us=0;slot_to_write_done_us=0;slot_to_txcmd_us=274;slot_to_txdone_us=610;txcmd_to_txdone_us=335;txdone_to_rxstart_us=61;txdone_to_rxend_us=183;rxenable_
[RECV] BSF66F notify: TR;3;4880;f;0;ff;7f;2834,2545,2629,2735,3293,3033,3005,0;2834,2545,2629,2735,3293,3033,3005,3061;100,100,100,100,100,100,100,17;OOOOOOOT;100;0;29235;8
[RECV] BSF66F notify: TR;3;4881;f;0;ff;7f;2825,2536,2642,2903,3251,3113,3008,0;2825,2536,2642,2903,3251,3113,3008,3061;100,100,100,100,100,100,100,16;OOOOOOOT;100;0;671;8
[RECV] BSF66F notify: TR;3;4882;f;0;ff;7f;2788,2528,2594,2814,3271,3031,3054,0;2788,2528,2594,2814,3271,3031,3054,3061;100,100,100,100,100,100,100,15;OOOOOOOT;100;0;701;8
[RECV] BSF66F notify: CD;1;4882;tag=1;local=0xb101;status=0x00800f02;rxf=0x07a6c814;win=8165;pc=8;mask=0xff;resp=7;unexp=0;last_len=20;last_src=0xa106;last_dst=0xb101;last_code=0xe1
[RECV] BSF66F notify: TR;3;4883;f;0;ff;7f;2835,2601,2573,2767,3303,3064,3043,0;2835,2601,2573,2767,3303,3064,3043,3061;100,100,100,100,100,100,100,15;OOOOOOOT;100;0;15289;8
[RECV] BSF66F notify: TR;3;4884;f;0;ff;7f;2812,2589,2598,2746,3253,3103,3000,0;2812,2589,2598,2746,3253,3103,3000,3061;100,100,100,100,100,100,100,14;OOOOOOOT;100;0;671;8
[RECV] BSF66F notify: TR;3;4885;f;0;ff;7f;2814,2580,2600,2613,3229,3118,3043,0;2814,2580,2600,2613,3229,3118,3043,3061;100,100,100,100,100,100,100,13;OOOOOOOT;100;0;671;8
[RECV] BSF66F notify: TR;3;4886;f;0;ff;7f;2834,2575,2597,2794,3266,3058,3031,0;2834,2575,2597,2794,3266,3058,3031,3061;100,100,100,100,100,100,100,13;OOOOOOOT;100;0;671;8
[RECV] BSF66F notify: TR;3;4887;f;0;ff;7f;2789,2559,2618,2917,3232,2963,3055,0;2789,2559,2618,2917,3232,2963,3055,3061;100,100,100,100,100,100,100,12;OOOOOOOT;100;0;671;8
[RECV] BSF66F notify: TR;3;4888;f;0;ff;7f;2843,2556,2615,2713,3249,3096,3012,0;2843,2556,2615,2713,3249,3096,3012,3061;100,100,100,100,100,100,100,12;OOOOOOOT;100;0;671;8
[RECV] BSF66F notify: TR;3;4889;f;0;ff;ff;2769,2539,2580,2832,3228,3011,3021,3264;2769,2539,2580,2832,3228,3011,3021,3264;100,100,100,100,100,100,100,15;OOOOOOOO;100;0;671;8
[RECV] BSF66F notify: RXG;1;4889;tag=1;mask=0xff;pc=8;guard=1200;spacing=1000;win=8165;pre=1;slot_to_entry_us=0;slot_to_sched_us=0;slot_to_write_done_us=0;slot_to_txcmd_us=274;slot_to_txdone_us=610;txcmd_to_txdone_us=335;txdone_to_rxstart_us=61;txdone_to_rxend_us=183;rxenable_
[RECV] BSF66F notify: TR;3;4890;f;0;ff;7f;2804,2562,2619,2900,3202,2977,3051,0;2804,2562,2619,2900,3202,2977,3051,3264;100,100,100,100,100,100,100,14;OOOOOOOT;100;0;29266;8
[RECV] BSF66F notify: TR;3;4891;f;0;ff;7f;2821,2563,2574,2954,3252,3066,3001,0;2821,2563,2574,2954,3252,3066,3001,3264;100,100,100,100,100,100,100,14;OOOOOOOT;100;0;671;8
[RECV] BSF66F notify: TR;3;4892;f;0;ff;7f;2763,2554,2647,2844,3262,3062,2999,0;2763,2554,2647,2844,3262,3062,2999,3264;100,100,100,100,100,100,100,13;OOOOOOOT;100;0;671;8
[RECV] BSF66F notify: CD;1;4892;tag=1;local=0xb101;status=0x00800b02;rxf=0x0786c814;win=8165;pc=8;mask=0xff;resp=7;unexp=0;last_len=20;last_src=0xa106;last_dst=0xb101;last_code=0xe1
[RECV] BSF66F notify: TR;3;4893;f;0;ff;7f;2790,2578,2571,2872,3241,3101,3037,0;2790,2578,2571,2872,3241,3101,3037,3264;100,100,100,100,100,100,100,13;OOOOOOOT;100;0;15228;8
[RECV] BSF66F notify: TR;3;4894;f;0;ff;7f;2826,2580,2610,2860,3253,3047,3054,0;2826,2580,2610,2860,3253,3047,3054,3264;100,100,100,100,100,100,100,12;OOOOOOOT;100;0;671;8
[RECV] BSF66F notify: TR;3;4895;f;0;ff;7f;2785,2563,2601,2619,3282,3139,3091,0;2785,2563,2601,2619,3282,3139,3091,3264;100,100,100,100,100,100,100,12;OOOOOOOT;100;0;671;8
[RECV] BSF66F notify: TR;3;4896;f;0;ff;7f;2788,2564,2573,2764,3244,3060,3018,0;2788,2564,2573,2764,3244,3060,3018,3264;100,100,100,100,100,100,100,11;OOOOOOOT;100;0;671;8
[RECV] BSF66F notify: TR;3;4897;f;0;ff;7f;2806,2517,2575,2851,3262,3102,3003,0;2806,2517,2575,2851,3262,3102,3003,3264;100,100,100,100,100,100,100,11;OOOOOOOT;100;0;671;8
[RECV] BSF66F notify: TR;3;4898;f;0;ff;7f;2822,2558,2624,2725,3271,3028,3075,0;2822,2558,2624,2725,3271,3028,3075,3264;100,100,100,100,100,100,100,10;OOOOOOOT;100;0;640;8
[RECV] BSF66F notify: TR;3;4899;f;0;ff;7f;2768,2580,2627,2625,3300,3126,3082,0;2768,2580,2627,2625,3300,3126,3082,3264;100,100,100,100,100,100,100,10;OOOOOOOT;100;0;671;8
[RECV] BSF66F notify: RXG;1;4899;tag=1;mask=0xff;pc=8;guard=1200;spacing=1000;win=8165;pre=1;slot_to_entry_us=0;slot_to_sched_us=0;slot_to_write_done_us=0;slot_to_txcmd_us=274;slot_to_txdone_us=610;txcmd_to_txdone_us=335;txdone_to_rxstart_us=61;txdone_to_rxend_us=183;rxenable_
[RECV] BSF66F notify: TR;3;4900;f;0;ff;7f;2803,2565,2630,2794,3243,3069,3119,0;2803,2565,2630,2794,3243,3069,3119,3264;100,100,100,100,100,100,100,9;OOOOOOOT;100;0;29357;8
[RECV] BSF66F notify: TR;3;4901;f;0;ff;7f;2778,2534,2617,2910,3232,3109,2987,0;2778,2534,2617,2910,3232,3109,2987,3264;100,100,100,100,100,100,100,9;OOOOOOOT;100;0;671;8
[RECV] BSF66F notify: TR;3;4902;f;0;ff;7f;2767,2510,2569,2984,3243,3106,3041,0;2767,2510,2569,2984,3243,3106,3041,3264;100,100,100,100,100,100,100,8;OOOOOOOT;100;0;671;8
[RECV] BSF66F notify: CD;1;4902;tag=1;local=0xb101;status=0x00800f02;rxf=0x07c6c814;win=8165;pc=8;mask=0xff;resp=7;unexp=0;last_len=20;last_src=0xa106;last_dst=0xb101;last_code=0xe1
[RECV] BSF66F notify: TR;3;4903;f;0;ff;7f;2752,2541,2603,2720,3278,3036,3018,0;2752,2541,2603,2720,3278,3036,3018,3264;100,100,100,100,100,100,100,8;OOOOOOOT;100;0;15228;8
[RECV] BSF66F notify: TR;3;4904;f;0;ff;7f;2812,2530,2642,2688,3294,3115,3014,0;2812,2530,2642,2688,3294,3115,3014,3264;100,100,100,100,100,100,100,8;OOOOOOOT;100;0;671;8
[RECV] BSF66F notify: TR;3;4905;f;0;ff;7f;2810,2553,2606,2775,3232,3168,3005,0;2810,2553,2606,2775,3232,3168,3005,3264;100,100,100,100,100,100,100,7;OOOOOOOT;100;0;671;8
[RECV] BSF66F notify: TR;3;4906;f;0;ff;7f;2820,2529,2613,2964,3238,3158,3022,0;2820,2529,2613,2964,3238,3158,3022,3264;100,100,100,100,100,100,100,7;OOOOOOOT;100;0;701;8
[RECV] BSF66F notify: TR;3;4907;f;0;ff;7f;2817,2538,2588,2867,3230,3046,3094,0;2817,2538,2588,2867,3230,3046,3094,3264;100,100,100,100,100,100,100,7;OOOOOOOT;100;0;671;8
[RECV] BSF66F notify: TR;3;4908;f;0;ff;7f;2752,2551,2585,2681,3250,3122,3036,0;2752,2551,2585,2681,3250,3122,3036,3264;100,100,100,100,100,100,100,6;OOOOOOOT;100;0;640;8
[RECV] BSF66F notify: TR;3;4909;f;0;ff;7f;2816,2513,2594,2683,3271,3183,3032,0;2816,2513,2594,2683,3271,3183,3032,3264;100,100,100,100,100,100,100,6;OOOOOOOT;100;0;671;8
[RECV] BSF66F notify: RXG;1;4909;tag=1;mask=0xff;pc=8;guard=1200;spacing=1000;win=8165;pre=1;slot_to_entry_us=0;slot_to_sched_us=0;slot_to_write_done_us=0;slot_to_txcmd_us=274;slot_to_txdone_us=610;txcmd_to_txdone_us=335;txdone_to_rxstart_us=61;txdone_to_rxend_us=183;rxenable_
[RECV] BSF66F notify: TR;3;4910;f;0;ff;7f;2780,2543,2593,2725,3234,3053,3054,0;2780,2543,2593,2725,3234,3053,3054,3264;100,100,100,100,100,100,100,6;OOOOOOOT;100;0;29266;8
[RECV] BSF66F notify: TR;3;4911;f;0;ff;7f;2767,2538,2592,2909,3285,3152,3029,0;2767,2538,2592,2909,3285,3152,3029,3264;100,100,100,100,100,100,100,6;OOOOOOOT;100;0;671;8
[RECV] BSF66F notify: TR;3;4912;f;0;ff;7f;2834,2550,2622,2971,3267,3024,3039,0;2834,2550,2622,2971,3267,3024,3039,3264;100,100,100,100,100,100,100,5;OOOOOOOT;100;0;671;8
[RECV] BSF66F notify: CD;1;4912;tag=1;local=0xb101;status=0x00800b02;rxf=0x0776c814;win=8165;pc=8;mask=0xff;resp=7;unexp=0;last_len=20;last_src=0xa106;last_dst=0xb101;last_code=0xe1
[RECV] BSF66F notify: TR;3;4913;f;0;ff;7f;2818,2543,2626,2777,3245,3174,2966,0;2818,2543,2626,2777,3245,3174,2966,3264;100,100,100,100,100,100,100,5;OOOOOOOT;100;0;15350;8
[RECV] BSF66F notify: TR;3;4914;f;0;ff;7f;2842,2573,2624,2808,3291,3127,3002,0;2842,2573,2624,2808,3291,3127,3002,3264;100,100,100,100,100,100,100,5;OOOOOOOT;100;0;671;8
[RECV] BSF66F notify: TR;3;4915;f;0;ff;ff;2763,2564,2614,2682,3267,3139,3033,3226;2763,2564,2614,2682,3267,3139,3033,3226;100,100,100,100,100,100,100,10;OOOOOOOO;100;0;701;8
[RECV] BSF66F notify: TR;3;4916;f;0;ff;7f;2837,2519,2600,2918,3271,3083,3003,0;2837,2519,2600,2918,3271,3083,3003,3226;100,100,100,100,100,100,100,9;OOOOOOOT;100;0;640;8
[RECV] BSF66F notify: TR;3;4917;f;0;ff;7f;2811,2495,2580,2798,3271,3112,3027,0;2811,2495,2580,2798,3271,3112,3027,3226;100,100,100,100,100,100,100,9;OOOOOOOT;100;0;671;8
[RECV] BSF66F notify: TR;3;4918;f;0;ff;7f;2759,2509,2627,2787,3227,3061,3012,0;2759,2509,2627,2787,3227,3061,3012,3226;100,100,100,100,100,100,100,8;OOOOOOOT;100;0;671;8
[RECV] BSF66F notify: TR;3;4919;f;0;ff;7f;2812,2572,2603,2907,3222,3129,3025,0;2812,2572,2603,2907,3222,3129,3025,3226;100,100,100,100,100,100,100,8;OOOOOOOT;100;0;640;8
[RECV] BSF66F notify: RXG;1;4919;tag=1;mask=0xff;pc=8;guard=1200;spacing=1000;win=8165;pre=1;slot_to_entry_us=0;slot_to_sched_us=0;slot_to_write_done_us=0;slot_to_txcmd_us=274;slot_to_txdone_us=610;txcmd_to_txdone_us=335;txdone_to_rxstart_us=61;txdone_to_rxend_us=183;rxenable_
[RECV] BSF66F notify: TR;3;4920;f;0;ff;7f;2822,2556,2607,2903,3260,3164,3047,0;2822,2556,2607,2903,3260,3164,3047,3226;100,100,100,100,100,100,100,8;OOOOOOOT;100;0;29327;8
[RECV] BSF66F notify: TR;3;4921;f;0;ff;7f;2831,2534,2602,2823,3238,3079,3010,0;2831,2534,2602,2823,3238,3079,3010,3226;100,100,100,100,100,100,100,7;OOOOOOOT;100;0;671;8
[RECV] BSF66F notify: TR;3;4922;f;0;ff;7f;2757,2525,2605,2907,3252,3067,3096,0;2757,2525,2605,2907,3252,3067,3096,3226;100,100,100,100,100,100,100,7;OOOOOOOT;100;0;640;8
[RECV] BSF66F notify: CD;1;4922;tag=1;local=0xb101;status=0x00800b02;rxf=0x0776c814;win=8165;pc=8;mask=0xff;resp=7;unexp=0;last_len=20;last_src=0xa106;last_dst=0xb101;last_code=0xe1
[RECV] BSF66F notify: TR;3;4923;f;0;ff;7f;2786,2558,2570,2887,3222,3112,3065,0;2786,2558,2570,2887,3222,3112,3065,3226;100,100,100,100,100,100,100,7;OOOOOOOT;100;0;15228;8
[RECV] BSF66F notify: TR;3;4924;f;0;ff;7f;2828,2568,2601,2767,3237,3034,2991,0;2828,2568,2601,2767,3237,3034,2991,3226;100,100,100,100,100,100,100,6;OOOOOOOT;100;0;701;8
[RECV] BSF66F notify: TR;3;4925;f;0;ff;7f;2827,2539,2589,2886,3226,3194,3092,0;2827,2539,2589,2886,3226,3194,3092,3226;100,100,100,100,100,100,100,6;OOOOOOOT;100;0;671;8
[RECV] BSF66F notify: TR;3;4926;f;0;ff;7f;2829,2563,2621,2931,3268,3032,3067,0;2829,2563,2621,2931,3268,3032,3067,3226;100,100,100,100,100,100,100,6;OOOOOOOT;100;0;671;8
[[
[HOST_CLEANUP 449678.591] stop all tag ranging via cmd_all MODE AOTA
[HOST_CMD 449678.591] cmd_all MODE AOTA
RECV] BSF66F notify: TR;3;4927;f;0;ff;7f;2809,2522,2587,2917,3283,3070,3008,0;2809,2522,2587,2917,3283,3070,3008,3226;100,100,100,100,100,100,100,6;OOOOOOOT;100;0;671;8
[RECV] BLE cmd_all sent[0]: MODE AOTA
[RECV] cmd_all rc=1 payload=MODE AOTA
[RECV] BSF66F notify: MODE_OK MODE=AOTA LIVE=1
[RECV] BSF66F notify: TR;3;4928;f;0;ff;7f;2830,2534,2608,2831,3244,3083,3006,0;2830,2534,2608,2831,3244,3083,3006,3226;100,100,100,100,100,100,100,5;OOOOOOOT;100;0;671;8
[RECV] BSF66F notify: TD;1;4928;3;anchor_ota;0;0;1;0;25;0;0;0;8;0
