*** Booting nRF Connect SDK v2.8.0-a2386bfc8401 ***
*** Using Zephyr OS v3.7.99-0bc3393fb112 ***
[RECV] LED map: 1=AUTOPOS 2=RECV 3=OTA 4=FLOW
[RECV] Control mode loaded: RECV
[RECV] UART control ready: type 'status' or 'mode recv'/'mode ota'/'mode autopos'
OTA_STATE:target_configured detail=token
OTA NUS stage: enabled
[RECV] Boot profile neutral: no role-specific auto target
OTA target filter: token=-1 name=- prefix=BS uuid=-
[RECV] BioSpur BLE master control ready on nrf5340dk/nrf5340/cpuapp
[RECV] BTN1 toggles RECV/OTA, BTN2 forces OTA mode, BTN3=SCAN, BTN4=CONN&START
[RECV] Commands: status | mode recv | mode ota | mode autopos | scan | conn | initiate
[RECV] OTA runtime cmds: ota_reset | ota show | ota version
[RECV] Runtime NUS cmds: cmd <raw> | cmd_all <raw> | oneshot <raw> | oneshot show | oneshot clear
[RECV] Tag layout cmds: APOS <id> <x_mm> <y_mm> <z_mm> | APOS_TO <BSxxxx> APOS... | APOS_COMMIT | APOS_STATUS | APOS_RESET
[RECV] TDMA cmds: tdma show | tdma hold <0|1> | tdma roster <B[HOST_CMD 13865.382] status
[RECV] Control status: mode=RECV pending=0
[RECV] SCAN hit: D5:53:48:EF:8F:59 (random) rssi=-80 name=- bs=BSDC91 uuid=- target=unknown uuid_ok=1 tag_name=0 anchor_name=0 nus=0 dfu=1 token=1 props=0x03
[RECV] CONNECT queue[0]: addr=D5:53:48:EF:8F:59 (random) link=nus uuid=- target=unknown
[RECV] SCAN hit: FF:5E:D2:80:EA:D2 (random) rssi=-71 name=- bs=BS2DCE uuid=- target=unknown uuid_ok=1 tag_name=0 anchor_name=0 nus=0 dfu=1 token=1 props=0x03
[RECV] CONNECT queue[1]: addr=FF:5E:D2:80:EA:D2 (random) link=nus uuid=- target=unknown
[RECV] CONNECT pending[0]: addr_valid=1 link=nus uuid=- scan_running=1 conn_count=0
[RECV] CONNECT pending[0]: bt_le_scan_stop rc=0 scan_running=1
[RECV] CONNECT pending[0] rc=0 conn=0x200048a0
[RECV] Connected[0]: D5:53:48:EF:8F:59 (random) name=- bs=BSDC91
[RECV] CONNECT state[0]: link=nus uuid=- ready=0 conn=0x200048a0
[RECV] CONNECT pending[1]: addr_valid=1 link=nus uuid=- scan_running=0 conn_count=1
[RECV] CONNECT pending[1] rc=0 conn=0x20004970
SETUP[0] defer: waiting 306 ms before discovery start
SETUP[0] defer: waiting 256 ms before discovery start
[RECV] PHY updated[0]: tx=0x2 rx=0x2
[RECV] Connected[1]: FF:5E:D2:80:EA:D2 (random) name=- bs=BS2DCE
[RECV] CONNECT state[1]: link=nus uuid=- ready=0 conn=0x20004970
SETUP[0] defer: waiting 206 ms before discovery start
SETUP[1] defer: waiting 321 ms before discovery start
[RECV] Disconnected[1]: FF:5E:D2:80:EA:D2 (random) reason=0x3e link=nus ready=0
[RECV] SCAN start req: bt_ready=1 scan_running=0 connecting_slot=-1 conn_count=1 target=unknown prefix=BS
[RECV] Scanning for BS*
SETUP[0] defer: waiting 155 ms before discovery start
S[HOST_CMD 13866.186] device show
ETUP[0] defer: waiting 105 ms before discovery start
[RECV] System target: kind=unknown caps=0x08 (config=0 ota=0 stream=0 status=1)
OTA target filter: token=-1 name=- prefix=BS uuid=-
SETUP[0] defer: waiting 54 ms before discovery start
SETUP[0] defer: waiting 4 ms before discovery start
SETUP[0] begin: link=nus uuid=- conn=0x200048a0
SETUP[0] mtu_exchange rc=0
SETUP[0] phy_update rc=0
SETUP[0] conn_param_update rc=0
[RECV] DISC start[0]: link=nus uuid=- conn=0x200048a0
[RECV] MTU exchange[0] done (498)
[RECV] Conn param updated[0]: int=6 lat=0 to=400
[RECV] PHY updated[0]: tx=0x2 rx=0x2
[RECV] DISC complete[0]: link=nus discovered_service=2800 uuid=-
[RECV] BLE[0] link ready
[RECV] CFG assigned[0]: bs=BSDC91 tag=1 slot=0/10 mask=0x0001 period=10 active=9 active_us=0 gen=1 pmode=0
[RECV] TDMA weighted[0]: bs=BSDC91 profile=motion target=10Hz mask=0x0001 slots=1/10 actual_x100=1000 epoch_delay=3000
[RECV] BSDC91 notify: TD;1;11460;3;anchor_ota;0;0;1;0;25;0;0;0;8;0
[RECV] CFG confirmed[0]: tag=1 slot=0/10 mask=0x0001 period=10 active=9 gen=1 live=1
[RECV] BSDC91 notify: CFG_OK TAG=1 SLOT=0/10 MASK=0x0001 PERIOD=10 ACTIVE=9 GEN=1 LIVE=1
[HOST_CMD 13867.145] device kind tag
OTA NUS stage: enabled
[RECV] One-shot NUS command cleared (runtime)
[RECV] Master disconnecting peer[0]: bs=BSDC91
[RECV] device kind set: tag (OTA target preserved)
[RECV] Master discovery mode: CONN & START
[RECV] Peer clear wait: waited=0 conn_count=1 ready_count=0
[HOST_CMD 13869.151] device show
[HOST_CMD 13869.953] ota_target token -1
[RECV] Peer clear wait timeout: conn_count=1 ready_count=0
[RECV] SCAN start req: bt_ready=1 scan_running=0 connecting_slot=-1 conn_count=1 target=tag prefix=BS
[RECV] Scanning for BS*
[RECV] System target: kind=tag caps=0x0f (config=1 ota=1 stream=1 status=1)
OTA target filter: token=-1 name=- prefix=BS uuid=-
[RECV] SCAN hit: FF:5E:D2:80:EA:D2 (random) rssi=-62 name=- bs=BS2DCE uuid=- target=tag uuid_ok=1 tag_name=0 anchor_name=0 nus=0 dfu=1 token=1 props=0x03
[RECV] CONNECT queue[1]: addr=FF:5E:D2:80:EA:D2 (random) link=nus uuid=- target=tag
[RECV] ota_target token rc=0 value=-1
OTA target filter: token=-1 name=- prefix=BS uuid=-
[RECV] Disconnected[0]: D5:53:48:EF:8F:59 (random) reason=0x16 link=nus ready=1
[RECV] SCAN hit: D5:53:48:EF:8F:59 (random) rssi=-80 name=- bs=BSDC91 uuid=- target=tag uuid_ok=1 tag_name=0 anchor_name=0 nus=0 dfu=1 token=1 props=0x03
[RECV] CONNECT queue[0]: addr=D5:53:48:EF:8F:59 (random) link=nus uuid=- target=tag
[[HOST_CMD 13870.496] ota_target name -
RECV] CONNECT pending[0]: addr_valid=1 link=nus uuid=- scan_running=1 conn_count=0
[RECV] CONNECT pending[0]: bt_le_scan_stop rc=0 scan_running=1
[RECV] ota_target name rc=0 value=-
OTA target filter: token=-1 name=- prefix=BS uuid=-
[RECV] CONNECT pending[0] rc=0 conn=0x200048a0
[RECV] Connected[0]: D5:53:48:EF:8F:59 (random) name=- bs=BSDC91
[RECV] CONNECT state[0]: link=nus uuid=- ready=0 conn=0x200048a0
[RECV] CONNECT pending[1]: addr_valid=1 link=nus uuid=- scan_running=0 conn_count=1
[RECV] CONNECT pending[1] rc=0 conn=0x20004970
SETUP[0] defer: waiting 330 ms before discovery start
SETUP[0] defer: waiting 279 ms before discovery start
[RECV] PHY updated[0]: tx=0x2 rx=0x2
SETUP[0] defer: waiting 229 ms before discovery start
SETUP[0] defer: waiting 179 ms before discovery start
SETUP[0] defer: waiting 128 ms before discovery start
SETUP[0] defer: waiting 78 ms before discovery start
SETUP[0] defer: waiting 28 ms before discovery start
SETUP[0] begin: link=nus uuid=- conn=0x200048a0
SETUP[0] mtu_exchange rc=0
SETUP[0] phy_update rc=0
SETUP[0] conn_param_update rc=0
[RECV] DISC start[0]: link=nus uuid=- conn=0x200048a0
[RECV] Connected[1]: FF:5E:D2:80:EA:D2 (random) name=- bs=BS2DCE
[RECV] CONNECT state[1]: link=nus uuid=- ready=0 conn=0x20004970
[RECV] MTU exchange[0] done (498)
S[HOST_CMD 13871.005] ota_target prefix BS
ETUP[1] defer: global discovery busy
[RECV] ota_target prefix rc=0 value=bs
OTA target filter: token=-1 name=- prefix=bs uuid=-
[RECV] Conn param updated[0]: int=6 lat=0 to=400
[RECV] PHY updated[0]: tx=0x2 rx=0x2
SETUP[1] defer: global discovery busy
SETUP[1] defer: global discovery busy
[RECV] PHY updated[1]: tx=0x2 rx=0x2
SETUP[1] defer: global discovery busy
[RECV] DISC complete[0]: link=nus discovered_service=2800 uuid=-
[RECV] BLE[0] link ready
[RECV] CFG assigned[0]: bs=BSDC91 tag=1 slot=0/10 mask=0x0001 period=10 active=9 active_us=0 gen=2 pmode=0
[RECV] TDMA weighted[0]: bs=BSDC91 profile=motion target=10Hz mask=0x0001 slots=1/10 actual_x100=1000 epoch_delay=3000
[RECV] SCAN start req: bt_ready=1 scan_running=0 connecting_slot=-1 conn_count=2 target=tag prefix=BS
[RECV] Scanning for BS*
SETUP[1] defer: waiting 106 ms before discovery start
SETUP[1] defer: waiting 105 ms before discovery start
[RECV] BSDC91 notify: TR;2;11476;f;0;ff;ff;2001,2434,1957,1440,2002,2509,2147,1676;2001,2434,1957,1440,2002,2509,2147,1676;100,100,100,100,100,100,100,100;OOOOOOOO
SETUP[1] defer: waiting 55 ms before discovery start
[RECV] CFG confirmed[0]: tag=1 slot=0/10 mask=0x0001 period=10 active=9 gen=2 live=1
[RECV] BSDC91 notify: CFG_OK TAG=1 SLOT=0/10 MASK=0x0001 PERIOD=10 ACTIVE=9 GEN=2 LIVE=1
[RECV] BSDC91 notify: TS;1;11477;f;1174;2492;1826;977;1407;ABCDEH;0;10;M;0;S;95;0;full;100
[RECV] BSDC91 notify: TR;2;11477;f;0;ff;9f;2214,2515,2037,1527,2120,0,0,1687;2214,2515,2037,1527,2120,2509,2147,1687;100,100,100,100,100,94,94,100;OOOOOTTO
SETUP[1] defer: waiting 4 ms before discovery start
SETUP[1] begin: link=nus uuid=- conn=0x20004970
SETUP[1] mtu_exchange rc=0
SETUP[1] phy_update rc=0
SETUP[1] conn_param_update rc=0
[RECV] DISC start[1]: link=nus uuid=- conn=0x20004970
[RECV] MTU exchange[1] done (498)
[RECV] Conn param updated[1]: int=6 lat=0 to=400
[RECV] PHY updated[1]: tx=0x2 rx=0x2
[HOST_CMD 13871.615] ota_target uuid -
[RECV] ota_target uuid rc=0 value=-
OTA target filter: token=-1 name=- prefix=bs uuid=-
[RECV] DISC complete[1]: link=nus discovered_service=2800 uuid=-
[RECV] BLE[1] link ready
[RECV] CFG assigned[1]: bs=BS2DCE tag=1 slot=0/10 mask=0x0001 period=10 active=9 active_us=0 gen=3 pmode=0
[RECV] TDMA weighted[0]: bs=BS2DCE profile=motion target=10Hz mask=0x0001 slots=1/10 actual_x100=1000 epoch_delay=3000
[RECV] CFG assigned[0]: bs=BSDC91 tag=2 slot=5/10 mask=0x0020 period=10 active=9 active_us=0 gen=3 pmode=0
[RECV] TDMA weighted[1]: bs=BSDC91 profile=motion target=10Hz mask=0x0020 slots=1/10 actual_x100=1000 epoch_delay=2999
[RECV] BS2DCE notify: TD;1;11125;3;anchor_ota;0;0;1;0;25;0;0;0;8;0
[RECV] CFG confirmed[0]: tag=2 slot=5/10 mask=0x0020 period=10 active=9 gen=3 live=1
[RECV] BSDC91 notify: CFG_OK TAG=2 SLOT=5/10 MASK=0x0020 PERIOD=10 ACTIVE=9 GEN=3 LIVE=1
[RECV] CFG confirmed[1]: tag=1 slot=0/10 mask=0x0001 period=10 active=9 gen=3 live=1
[RECV] BS2DCE notify: CFG_OK TAG=1 SLOT=0/10 MASK=0x0001 PERIOD=10 ACTIVE=9 GEN=3 LIVE=1
[HOST_INFO 13872.162] targeted_non_target_aota=BSF66F,BS9336,BS955A,BSCCF4
[HOST_CMD 13872.162] ota_target token -1
[RECV] ota_target token rc=0 value=-1
OTA target filter: token=-1 name=- prefix=bs uuid=-
[HOST_CMD 13872.566] ota_target name BSF66F
[RECV] ota_target name rc=0 value=bsf66f
OTA target filter: token=-1 name=bsf66f prefix=bs uuid=-
[HOST_CMD 13872.969] ota_target prefix -
[RECV] ota_target prefix rc=0 value=-
OTA target filter: token=-1 name=bsf66f prefix=- uuid=-
[HOST_CMD 13873.371] ota_target uuid -
[RECV] ota_target uuid rc=0 value=-
OTA target filter: token=-1 name=bsf66f prefix=- uuid=-
[HOST_CMD 13873.774] cmd_all MODE AOTA
[RECV] BLE cmd_all sent[0]: MODE AOTA
[RECV] BLE cmd_all sent[1]: MODE AOTA
[RECV] cmd_all rc=2 payload=MODE AOTA
[RECV] BSDC91 notify: MODE_OK MODE=AOTA LIVE=1
[RECV] BS2DCE notify: MODE_OK MODE=AOTA LIVE=1
[RECV] BSDC91 notify: RXG;1;11477;tag=1;mask=0xff;pc=8;guard=1200;spacing=1000;win=8165;pre=1;slot_to_entry_us=0;slot_to_sched_us=0;slot_to_write_done_us=0;slot_to_txcmd_us=274;slot_to_txdone_us=610;txcmd_to_txdone_us=335;txdone_to_rxstart_us=61;txdone_to_rxend_us=183;rxenable
[RECV] BSDC91 notify: CD;1;11477;tag=1;local=0xb101;status=0x00806f02;rxf=0x07c6c814;win=8165;pc=8;mask=0xff;resp=8;unexp=0;last_len=20;last_src=0xa107;last_dst=0xb101;last_code=0xe
[RECV] BSDC91 notify: TS;1;11478;f;1471;2036;2012;868;1239;ABCDEFGH;0;10;M;0;S;0;0;full;100
[RECV] BSDC91 notify: TR;2;11478;f;0;ff;ff;2288,1825,2229,2585,1923,1634,1972,2310;2288,1825,2229,2585,1923,1634,1972,2310;100,100,100,100,100,100,100,100;OOOOOOOO
[RECV] BSDC91 notify: TD;1;11478;3;anchor_ota;0;0;1;0;25;0;0;0;8;0
[HOST_CMD 13874.677] ota_target token -1
[RECV] ota_target token rc=0 value=-1
OTA target filter: token=-1 name=bsf66f prefix=- uuid=-
[RECV] BS2DCE notify: RXG;1;11125;tag=1;mask=0xff;pc=8;guard=1200;spacing=1000;win=8165;pre=1;slot_to_entry_us=0;slot_to_sched_us=0;slot_to_write_done_us=0;slot_to_txcmd_us=274;slot_to_txdone_us=610;txcmd_to_txdone_us=335;txdone_to_rxstart_us=61;txdone_to_rxend_us=213;rxenable
[[HOST_CMD 13874.935] ota_target name BS9336
RECV] BS2DCE notify: CD;1;11125;tag=1;local=0xb101;status=0x00806f02;rxf=0x07c6c814;win=8165;pc=8;mask=0xff;resp=8;unexp=0;last_len=20;last_src=0xa107;last_dst=0xb101;last_code=0xe
[RECV] BS2DCE notify: TS;1;11126;f;990;2476;1665;720;976;ABCDEFGH;0;10;M;0;S;0;0;full;100
[RECV] ota_target name rc=0 value=bs9336
OTA target filter: token=-1 name=bs9336 prefix=- uuid=-
[RECV] BS2DCE notify: TR;2;11126;f;0;ff;ff;2211,2640,2022,1784,2187,2501,1980,1772;2211,2640,2022,1784,2187,2501,1980,1772;100,100,100,100,100,100,100,100;OOOOOOOO
[RECV] BS2DCE notify: TD;1;11126;3;anchor_ota;0;0;1;0;25;0;0;0;8;0
[HOST_CMD 13875.350] ota_target prefix -
[RECV] ota_target prefix rc=0 value=-
OTA target filter: token=-1 name=bs9336 prefix=- uuid=-
[[HOST_CMD 13875.658] ota_target uuid -
RECV] Conn param updated[0]: int=6 lat=0 to=400
[RECV] ota_target uuid rc=0 value=-
OTA target filter: token=-1 name=bs9336 prefix=- uuid=-
[[HOST_CMD 13876.041] cmd_all MODE AOTA
RECV] Conn param updated[1]: int=6 lat=0 to=400
[RECV] BLE cmd_all sent[0]: MODE AOTA
[RECV] BLE cmd_all sent[1]: MODE AOTA
[RECV] cmd_all rc=2 payload=MODE AOTA
[RECV] BSDC91 notify: MODE_OK MODE=AOTA LIVE=1
[RECV] BS2DCE notify: MODE_OK MODE=AOTA LIVE=1
[HOST_CMD 13876.881] ota_target token -1
[RECV] ota_target token rc=0 value=-1
OTA target filter: token=-1 name=bs9336 prefix=- uuid=-
[HOST_CMD 13877.284] ota_target name BS955A
[RECV] ota_target name rc=0 value=bs955a
OTA target filter: token=-1 name=bs955a prefix=- uuid=-
[HOST_CMD 13877.687] ota_target prefix -
[RECV] ota_target prefix rc=0 value=-
OTA target filter: token=-1 name=bs955a prefix=- uuid=-
[HOST_CMD 13878.089] ota_target uuid -
[RECV] ota_target uuid rc=0 value=-
OTA target filter: token=-1 name=bs955a prefix=- uuid=-
[HOST_CMD 13878.491] cmd_all MODE AOTA
[RECV] BLE cmd_all sent[0]: MODE AOTA
[RECV] BLE cmd_all sent[1]: MODE AOTA
[RECV] cmd_all rc=2 payload=MODE AOTA
[RECV] BS2DCE notify: MODE_OK MODE=AOTA LIVE=1
[RECV] BSDC91 notify: MODE_OK MODE=AOTA LIVE=1
[HOST_CMD 13879.341] ota_target token -1
[RECV] ota_target token rc=0 value=-1
OTA target filter: token=-1 name=bs955a prefix=- uuid=-
[RECV] BSDC91 notify: TD;1;11478;3;anchor_ota;0;0;1;0;25;0;0;0;8;0
[HOST_CMD 13879.633] ota_target name BSCCF4
[RECV] ota_target name rc=0 value=bsccf4
OTA target filter: token=-1 name=bsccf4 prefix=- uuid=-
[[HOST_CMD 13879.950] ota_target prefix -
RECV] BS2DCE notify: TD;1;11126;3;anchor_ota;0;0;1;0;25;0;0;0;8;0
[RECV] ota_target prefix rc=0 value=-
OTA target filter: token=-1 name=bsccf4 prefix=- uuid=-
[HOST_CMD 13880.352] ota_target uuid -
[RECV] ota_target uuid rc=0 value=-
OTA target filter: token=-1 name=bsccf4 prefix=- uuid=-
[HOST_CMD 13880.755] cmd_all MODE AOTA
[RECV] BLE cmd_all sent[0]: MODE AOTA
[RECV] BLE cmd_all sent[1]: MODE AOTA
[RECV] cmd_all rc=2 payload=MODE AOTA
[RECV] BSDC91 notify: MODE_OK MODE=AOTA LIVE=1
[RECV] BS2DCE notify: MODE_OK MODE=AOTA LIVE=1
[HOST_CMD 13882.592] ota_target token -1
[RECV] ota_target token rc=0 value=-1
OTA target filter: token=-1 name=bsccf4 prefix=- uuid=-
[HOST_CMD 13883.196] ota_target name -
[RECV] ota_target name rc=0 value=-
OTA target filter: token=-1 name=- prefix=- uuid=-
[HOST_CMD 13883.798] ota_target prefix BS
[RECV] ota_target prefix rc=0 value=bs
OTA target filter: token=-1 name=- prefix=bs uuid=-
[HOST_CMD 13884.402] ota_target uuid -
[RECV] ota_target uuid rc=0 value=-
OTA target filter: token=-1 name=- prefix=bs uuid=-
[RECV] BSDC91 notify: TD;1;11478;3;anchor_ota;0;0;1;0;25;0;0;0;8;0
[[HOST_CMD 13884.960] tdma hold 1
RECV] BS2DCE notify: TD;1;11126;3;anchor_ota;0;0;1;0;25;0;0;0;8;0
[RECV] TDMA rebalance hold=1 deferred=0
[RECV] tdma hold rc=0 hold=1
[HOST_CMD 13885.563] tdma freq motion 10
[RECV] TDMA freq set: motion=10Hz
[RECV] TDMA rebalance deferred: hold=1
[RECV] tdma freq rc=0 profile=motion hz=10
[HOST_CMD 13886.165] tdma roster BS2DCE motion
[RECV] TDMA roster set: BS2DCE -> motion
[RECV] tdma roster rc=0 target=BS2DCE profile=motion
[HOST_CMD 13886.769] tdma roster BSDC91 motion
[RECV] TDMA roster set: BSDC91 -> motion
[RECV] tdma roster rc=0 target=BSDC91 profile=motion
[HOST_CMD 13887.372] ota_target token -1
[RECV] ota_target token rc=0 value=-1
OTA target filter: token=-1 name=- prefix=bs uuid=-
[HOST_CMD 13887.974] ota_target name -
[RECV] ota_target name rc=0 value=-
OTA target filter: token=-1 name=- prefix=bs uuid=-
[HOST_CMD 13888.583] ota_target prefix BS
[RECV] ota_target prefix rc=0 value=bs
OTA target filter: token=-1 name=- prefix=bs uuid=-
[HOST_CMD 13889.186] ota_target uuid -
[RECV] ota_target uuid rc=0 value=-
OTA target filter: token=-1 name=- prefix=bs uuid=-
[RECV] BSDC91 notify: TD;1;11478;3;anchor_ota;0;0;1;0;25;0;0;0;8;0
[HOST_CMD 13889.861] conn
[RECV] Master discovery mode: CONN & START
[RECV] SCAN start req: bt_ready=1 scan_running=0 connecting_slot=-1 conn_count=2 target=tag prefix=BS
[RECV] Scanning for BS*
[RECV] BS2DCE notify: TD;1;11126;3;anchor_ota;0;0;1;0;25;0;0;0;8;0
[RECV] BSDC91 notify: TD;1;11478;3;anchor_ota;0;0;1;0;25;0;0;0;8;0
[RECV] BS2DCE notify: TD;1;11126;3;anchor_ota;0;0;1;0;25;0;0;0;8;0
[RECV] BSDC91 notify: TD;1;11478;3;anchor_ota;0;0;1;0;25;0;0;0;8;0
[HOST_CMD 13899.665] tdma hold 0
[RECV] TDMA rebalance hold=0 deferred=1
[RECV] CFG assigned[1]: bs=BS2DCE tag=1 slot=0/10 mask=0x0001 period=10 active=9 active_us=0 gen=4 pmode=0
[RECV] TDMA weighted[0]: bs=BS2DCE profile=motion target=10Hz mask=0x0001 slots=1/10 actual_x100=1000 epoch_delay=3000
[RECV] CFG assigned[0]: bs=BSDC91 tag=2 slot=5/10 mask=0x0020 period=10 active=9 active_us=0 gen=4 pmode=0
[RECV] TDMA weighted[1]: bs=BSDC91 profile=motion target=10Hz mask=0x0020 slots=1/10 actual_x100=1000 epoch_delay=2999
[RECV] tdma hold rc=0 hold=0
[RECV] CFG confirmed[1]: tag=1 slot=0/10 mask=0x0001 period=10 active=9 gen=4 live=1
[RECV] BS2DCE notify: CFG_OK TAG=1 SLOT=0/10 MASK=0x0001 PERIOD=10 ACTIVE=9 GEN=4 LIVE=1
[RECV] CFG confirmed[0]: tag=2 slot=5/10 mask=0x0020 period=10 active=9 gen=4 live=1
[RECV] BSDC91 notify: CFG_OK TAG=2 SLOT=5/10 MASK=0x0020 PERIOD=10 ACTIVE=9 GEN=4 LIVE=1
[HOST_CMD 13900.737] tdma freq motion 10
[RECV] TDMA freq set: motion=10Hz
[RECV] CFG assigned[1]: bs=BS2DCE tag=1 slot=0/10 mask=0x0001 period=10 active=9 active_us=0 gen=5 pmode=0
[RECV] TDMA weighted[0]: bs=BS2DCE profile=motion target=10Hz mask=0x0001 slots=1/10 actual_x100=1000 epoch_delay=3000
[RECV] CFG assigned[0]: bs=BSDC91 tag=2 slot=5/10 mask=0x0020 period=10 active=9 active_us=0 gen=5 pmode=0
[RECV] TDMA weighted[1]: bs=BSDC91 profile=motion target=10Hz mask=0x0020 slots=1/10 actual_x100=1000 epoch_delay=2998
[RECV] tdma freq rc=0 profile=motion hz=10
[RECV] CFG confirmed[1]: tag=1 slot=0/10 mask=0x0001 period=10 active=9 gen=5 live=1
[RECV] BS2DCE notify: CFG_OK TAG=1 SLOT=0/10 MASK=0x0001 PERIOD=10 ACTIVE=9 GEN=5 LIVE=1
[RECV] CFG confirmed[0]: tag=2 slot=5/10 mask=0x0020 period=10 active=9 gen=5 live=1
[RECV] BSDC91 notify: CFG_OK TAG=2 SLOT=5/10 MASK=0x0020 PERIOD=10 ACTIVE=9 GEN=5 LIVE=1
[HOST_CMD 13901.379] tdma roster BS2DCE motion
[RECV] TDMA roster set: BS2DCE -> motion
[RECV] tdma roster rc=0 target=BS2DCE profile=motion
[HOST_CMD 13901.982] tdma roster BSDC91 motion
[RECV] TDMA roster set: BSDC91 -> motion
[RECV] tdma roster rc=0 target=BSDC91 profile=motion
[HOST_CMD 13902.585] tdma rebalance
[RECV] CFG assigned[1]: bs=BS2DCE tag=1 slot=0/10 mask=0x0001 period=10 active=9 active_us=0 gen=6 pmode=0
[RECV] TDMA weighted[0]: bs=BS2DCE profile=motion target=10Hz mask=0x0001 slots=1/10 actual_x100=1000 epoch_delay=3000
[RECV] CFG assigned[0]: bs=BSDC91 tag=2 slot=5/10 mask=0x0020 period=10 active=9 active_us=0 gen=6 pmode=0
[RECV] TDMA weighted[1]: bs=BSDC91 profile=motion target=10Hz mask=0x0020 slots=1/10 actual_x100=1000 epoch_delay=2999
[RECV] tdma rebalance rc=0
[RECV] CFG confirmed[1]: tag=1 slot=0/10 mask=0x0001 period=10 active=9 gen=6 live=1
[RECV] BS2DCE notify: CFG_OK TAG=1 SLOT=0/10 MASK=0x0001 PERIOD=10 ACTIVE=9 GEN=6 LIVE=1
[RECV] CFG confirmed[0]: tag=2 slot=5/10 mask=0x0020 period=10 active=9 gen=6 live=1
[RECV] BSDC91 notify: CFG_OK TAG=2 SLOT=5/10 MASK=0x0020 PERIOD=10 ACTIVE=9 GEN=6 LIVE=1
[RECV] BSDC91 notify: RXG;1;11478;tag=2;mask=0xff;pc=8;guard=1200;spacing=1000;win=8165;pre=1;slot_to_entry_us=0;slot_to_sched_us=0;slot_to_write_done_us=0;slot_to_txcmd_us=274;slot_to_txdone_us=610;txcmd_to_txdone_us=335;txdone_to_rxstart_us=61;txdone_to_rxend_us=183;rxenable
[RECV] BS2DCE notify: RXG;1;11126;tag=1;mask=0xff;pc=8;guard=1200;spacing=1000;win=8165;pre=1;slot_to_entry_us=0;slot_to_sched_us=0;slot_to_write_done_us=0;slot_to_txcmd_us=274;slot_to_txdone_us=610;txcmd_to_txdone_us=335;txdone_to_rxstart_us=61;txdone_to_rxend_us=183;rxenable
[RECV] BSDC91 notify: CD;1;11478;tag=2;local=0xb102;status=0x00806f02;rxf=0x0776c814;win=8165;pc=8;mask=0xff;resp=8;unexp=0;last_len=20;last_src=0xa107;last_dst=0xb102;last_code=0xe
[RECV] BSDC91 notify: TS;1;11479;f;1574;2532;2070;849;1165;ABCDEFGH;5;10;M;0;S;0;0;full;100
[RECV] BSDC91 notify: TR;2;11479;f;0;ff;ff;3285,2252,1805,2289,2283,1944,1533,1981;3285,2252,1805,2289,2283,1944,1533,1981;100,100,100,100,100,100,100,100;OOOOOOOO
[RECV] BS2DCE notify: CD;1;11126;tag=1;local=0xb101;status=0x00806f02;rxf=0x07a6c814;win=8165;pc=8;mask=0xff;resp=8;unexp=0;last_len=20;last_src=0xa107;last_dst=0xb101;last_code=0xe
[RECV] BS2DCE notify: TS;1;11127;f;895;1997;1557;695;1006;ABCDEFGH;0;10;M;0;S;0;0;full;100
[RECV] BS2DCE notify: TR;2;11127;f;0;ff;ff;1776,2026,2726,2009,1766,2263,2425,2192;1776,2026,2726,2009,1766,2263,2425,2192;100,100,100,100,100,100,100,100;OOOOOOOO
[HOST_CMD 13903.722] tdma show
[RECV] TDMA weighted scheduler: period=10ms active=9ms active_us=0 max_slots=12 freq motion=10Hz static=10Hz roto=10Hz
[RECV] TDMA profile: BS2DCE -> motion target=10Hz
[RECV] TDMA profile: BSDC91 -> motion target=10Hz
[HOST_CMD 13904.726] status
[RECV] Control status: mode=RECV pending=0
[HOST_CMD 13905.535] device show
[RECV] System target: kind=tag caps=0x0f (config=1 ota=1 stream=1 status=1)
OTA target filter: token=-1 name=- prefix=bs uuid=-
[RECV] BSDC91 notify: RXG;1;11479;tag=2;mask=0xff;pc=8;guard=1200;spacing=1000;win=8165;pre=1;slot_to_entry_us=0;slot_to_sched_us=0;slot_to_write_done_us=0;slot_to_txcmd_us=274;slot_to_txdone_us=610;txcmd_to_txdone_us=335;txdone_to_rxstart_us=61;txdone_to_rxend_us=183;rxenable
[RECV] BS2DCE notify: RXG;1;11127;tag=1;mask=0xff;pc=8;guard=1200;spacing=1000;win=8165;pre=1;slot_to_entry_us=0;slot_to_sched_us=0;slot_to_write_done_us=0;slot_to_txcmd_us=274;slot_to_txdone_us=610;txcmd_to_txdone_us=335;txdone_to_rxstart_us=61;txdone_to_rxend_us=183;rxenable
[RECV] BSDC91 notify: CD;1;11479;tag=2;local=0xb102;status=0x00806f02;rxf=0x07a6c814;win=8165;pc=8;mask=0xff;resp=8;unexp=0;last_len=20;last_src=0xa107;last_dst=0xb102;last_code=0xe
[RECV] BSDC91 notify: TS;1;11480;f;1044;1790;1649;714;1064;ABCDEFGH;5;10;M;0;S;0;0;full;100
[RECV] BSDC91 notify: TR;2;11480;f;0;ff;ff;1584,1894,2626,2551,1606,1958,2615,2304;1584,1894,2626,2551,1606,1958,2615,2304;100,100,100,100,100,100,100,100;OOOOOOOO
[RECV] BS2DCE notify: CD;1;11127;tag=1;local=0xb101;status=0x00806f02;rxf=0x0786c814;win=8165;pc=8;mask=0xff;resp=8;unexp=0;last_len=20;last_src=0xa107;last_dst=0xb101;last_code=0xe
[RECV] BS2DCE notify: TS;1;11128;f;1340;2455;1935;835;1112;ABCDEFGH;0;10;M;0;S;0;0;full;100
[RECV] BS2DCE notify: TR;2;11128;f;0;ff;ff;2557,2361,1925,1995,2229,2097,1632,2017;2557,2361,1925,1995,2229,2097,1632,2017;100,100,100,100,100,100,100,100;OOOOOOOO
[RECV] BSDC91 notify: TDIAG;wait_ms=2823;tx_us=610;rx_us=183;coll_us=8392;range_us=43945;solve_us=11688;out_us=2105;clean_us=30;total_ms=2891
[RECV] BSDC91 notify: TS;1;11481;f;1004;1888;-394;918;1325;ABCEFGH;5;10;M;0;S;56;0;full;100
[RECV] BSDC91 notify: TR;2;11481;f;0;ff;f7;1520,1925,2325,0,1581,1974,2532,2398;1520,1925,2325,2551,1581,1974,2532,2398;100,100,100,50,100,100,100,100;OOOTOOOO
[RECV] BS2DCE notify: TS;1;11129;f;1253;2434;1980;907;1140;ABCDEFG;0;10;M;0;S;54;0;full;100
[RECV] BS2DCE notify: TR;2;11129;f;0;ff;7f;2517,2294,1948,2039,2221,2033,1685,0;2517,2294,1948,2039,2221,2033,1685,2017;100,100,100,100,100,100,100,50;OOOOOOOT
[RECV] BSDC91 notify: TS;1;11482;f;971;1775;-170;703;1016;ABCDEFGH;5;10;M;0;S;100;0;full;95
[RECV] BSDC91 notify: TR;2;11482;f;0;ff;ff;1491,1868,2855,2299,1657,2043,2632,2479;1491,1868,2855,2299,1657,2043,2632,2479;100,100,100,66,100,100,100,100;OOOOOOOO
[RECV] BS2DCE notify: TS;1;11130;f;1368;2405;1970;839;1094;ABCDEFGH;0;10;M;0;S;103;0;full;95
[RECV] BS2DCE notify: TR;2;11130;f;0;ff;ff;2573,2237,1976,2140,2250,2018,1686,1960;2573,2237,1976,2140,2250,2018,1686,1960;100,100,100,100,100,100,100,66;OOOOOOOO
[RECV] BS2DCE notify: TDIAG;wait_ms=78;tx_us=610;rx_us=213;coll_us=8239;range_us=549;solve_us=12115;out_us=2197;clean_us=30;total_ms=103
[RECV] BSDC91 notify: TS;1;11483;f;945;1838;-341;783;1183;ABCDEFGH;5;10;M;0;S;100;0;full;96
[RECV] BSDC91 notify: TR;2;11483;f;0;ff;ff;1538,1885,2606,2132,1634,2131,2737,2399;1538,1885,2606,2132,1634,2131,2737,2399;100,100,100,75,100,100,100,100;OOOOOOOO
[RECV] BS2DCE notify: TS;1;11131;f;1364;2387;1981;869;1142;ABCDEFGH;0;10;M;0;S;99;0;full;96
[RECV] BS2DCE notify: TR;2;11131;f;0;ff;ff;2511,2202,1933,2126,2214,1994,1727,1942;2511,2202,1933,2126,2214,1994,1727,1942;100,100,100,100,100,100,100,75;OOOOOOOO
[RECV] BSDC91 notify: TS;1;11484;f;999;1897;1394;751;1124;ABCDEGH;5;10;M;0;S;98;0;full;97
[RECV] BSDC91 notify: TR;2;11484;f;0;ff;df;1639,1925,2577,1919,1720,0,2737,2188;1639,1925,2577,1919,1720,2131,2737,2188;100,100,100,80,100,80,100,100;OOOOOTOO
[RECV] BS2DCE notify: TS;1;11132;f;1476;2335;1925;802;1061;ABCDEFGH;0;10;M;0;S;100;0;full;97
[RECV] BS2DCE notify: TR;2;11132;f;0;ff;ff;2652,2154,1994,2225,2203,1889,1701,2269;2652,2154,1994,2225,2203,1889,1701,2269;100,100,100,100,100,100,100,80;OOOOOOOO
[RECV] BSDC91 notify: TS;1;11485;f;858;2030;1627;770;1179;ABCDEFGH;5;10;M;0;S;102;0;full;95
[RECV] BSDC91 notify: TR;2;11485;f;0;ff;ff;1753,2036,2727,1823,1781,2253,2405,2036;1753,2036,2727,1823,1781,2253,2405,2036;100,100,100,83,100,83,100,100;OOOOOOOO
[RECV] BS2DCE notify: TS;1;11133;f;1404;2404;1756;697;1036;ABCDEFGH;0;10;M;0;S;101;0;full;97
[RECV] BS2DCE notify: TR;2;11133;f;0;ff;ff;2667,2159,2007,2319,2191,2387,1715,2059;2667,2159,2007,2319,2191,2387,1715,2059;100,100,100,100,100,100,100,83;OOOOOOOO
[RECV] BSDC91 notify: TS;1;11486;f;852;2152;-507;945;1381;ABCDEFGH;5;10;M;0;S;100;0;full;96
[RECV] BSDC91 notify: TR;2;11486;f;0;ff;ff;1772,2076,2233,1751,1737,2367,2470,1923;1772,2076,2233,1751,1737,2367,2470,1923;100,100,100,85,100,85,100,100;OOOOOOOO
[RECV] BS2DCE notify: TS;1;11134;f;1447;2360;1859;755;1113;ABCDEFGH;0;10;M;0;S;100;0;full;98
[RECV] BS2DCE notify: TR;2;11134;f;0;ff;ff;2678,2092,1982,2380,2179,2182,1765,2015;2678,2092,1982,2380,2179,2182,1765,2015;100,100,100,100,100,100,100,85;OOOOOOOO
[RECV] BSDC91 notify: TS;1;11487;f;827;2201;-619;1020;1446;ABCDEFGH;5;10;M;0;S;101;0;full;96
[RECV] BSDC91 notify: TR;2;11487;f;0;ff;ff;1678,2128,2180,1661,1774,2453,2422,1822;1678,2128,2180,1661,1774,2453,2422,1822;100,100,100,87,100,87,100,100;OOOOOOOO
[RECV] BS2DCE notify: TS;1;11135;f;1364;2346;1630;686;1009;ABCDEFG;0;10;M;0;S;97;0;full;100
[RECV] BS2DCE notify: TR;2;11135;f;0;ff;7f;2566,2089,2005,2389,2149,2393,1814,0;2566,2089,2005,2389,2149,2393,1814,2015;100,100,100,100,100,100,100,75;OOOOOOOT
[RECV] BSDC91 notify: TS;1;11488;f;846;2285;-658;1014;1433;ABCDEFGH;5;10;M;0;S;100;0;full;97
[RECV] BSDC91 notify: TR;2;11488;f;0;ff;ff;1750,2138,2133,1570,1877,2669,2321,1826;1750,2138,2133,1570,1877,2669,2321,1826;100,100,100,88,100,88,100,100;OOOOOOOO
[RECV] BS2DCE notify: TS;1;11136;f;1425;2289;1829;734;1094;ABCDEFGH;0;10;M;0;S;103;0;full;97
[RECV] BS2DCE notify: TR;2;11136;f;0;ff;ff;2687,2049,2072,2360,2033,2134,1875,2148;2687,2049,2072,2360,2033,2134,1875,2148;100,100,100,100,100,100,100,77;OOOOOOOO
[RECV] BSDC91 notify: TS;1;11489;f;818;2315;-591;952;1342;ABCDEFGH;5;10;M;0;S;99;0;full;97
[RECV] BSDC91 notify: TR;2;11489;f;0;ff;ff;1789,2303,2102,1557,1939,2662,2397,1800;1789,2303,2102,1557,1939,2662,2397,1800;100,100,100,90,100,90,100,100;OOOOOOOO
[RECV] BS2DCE notify: TS;1;11137;f;1520;2218;2060;874;1274;ABCDEFGH;0;10;M;0;S;100;0;full;97
[RECV] BS2DCE notify: TR;2;11137;f;0;ff;ff;2815,1928,2057,2418,1998,1699,1896,2149;2815,1928,2057,2418,1998,1699,1896,2149;100,100,100,100,100,100,100,80;OOOOOOOO
[RECV] BSDC91 notify: RXG;1;11489;tag=2;mask=0xff;pc=8;guard=1200;spacing=1000;win=8165;pre=1;slot_to_entry_us=0;slot_to_sched_us=0;slot_to_write_done_us=0;slot_to_txcmd_us=274;slot_to_txdone_us=610;txcmd_to_txdone_us=335;txdone_to_rxstart_us=61;txdone_to_rxend_us=183;rxenable
[RECV] BSDC91 notify: CD;1;11489;tag=2;local=0xb102;status=0x00806f02;rxf=0x07a6c814;win=8165;pc=8;mask=0xff;resp=7;unexp=0;last_len=20;last_src=0xa107;last_dst=0xb102;last_code=0xe
[RECV] BSDC91 notify: TS;1;11490;f;624;2458;-533;1009;1308;ABCDEGH;5;10;M;0;S;141;0;full;98
[RECV] BSDC91 notify: TR;2;11490;f;0;ff;df;1869,2301,2017,1402,2003,0,2233,1598;1869,2301,2017,1402,2003,2662,2233,1598;100,100,100,90,100,81,100,100;OOOOOTOO
[RECV] BS2DCE notify: RXG;1;11137;tag=1;mask=0xff;pc=8;guard=1200;spacing=1000;win=8165;pre=1;slot_to_entry_us=0;slot_to_sched_us=0;slot_to_write_done_us=0;slot_to_txcmd_us=274;slot_to_txdone_us=732;txcmd_to_txdone_us=457;txdone_to_rxstart_us=183;txdone_to_rxend_us=305;rxenabl
[RECV] BSDC91 notify: TDIAG;wait_ms=75;tx_us=610;rx_us=183;coll_us=8392;range_us=43945;solve_us=9429;out_us=2166;clean_us=30;total_ms=141
[RECV] BSDC91 notify: TS;1;11491;f;848;2421;-466;940;1282;ABCDEFGH;5;10;M;0;S;60;0;full;96
[RECV] BSDC91 notify: TR;2;11491;f;0;ff;ff;2019,2396,2034,1468,2025,2502,2193,1655;2019,2396,2034,1468,2025,2502,2193,1655;100,100,100,91,100,83,100,100;OOOOOOOO
[RECV] BS2DCE notify: CD;1;11137;tag=1;local=0xb101;status=0x00806f02;rxf=0x0356c014;win=8165;pc=8;mask=0xff;resp=8;unexp=0;last_len=20;last_src=0xa107;last_dst=0xb101;last_code=0xe
[RECV] BS2DCE notify: TS;1;11138;f;1496;2110;1920;835;1175;ABCDEFGH;0;10;M;0;S;143;0;full;97
[RECV] BS2DCE notify: TR;2;11138;f;0;ff;ff;2403,1871,2110,2412,1954,1711,1927,2449;2403,1871,2110,2412,1954,1711,1927,2449;100,100,100,100,100,100,100,81;OOOOOOOO
[RECV] BS2DCE notify: TS;1;11139;f;1396;2069;1889;760;1061;ABCDEFGH;0;10;M;0;S;57;0;full;97
[RECV] BS2DCE notify: TR;2;11139;f;0;ff;ff;2311,1974,2283,2540,1952,1777,2065,2271;2311,1974,2283,2540,1952,1777,2065,2271;100,100,100,100,100,100,100,83;OOOOOOOO
[RECV] BSDC91 notify: TS;1;11492;f;916;2467;1717;805;1202;ABCDEFGH;5;10;M;0;S;99;0;full;97
[RECV] BSDC91 notify: TR;2;11492;f;0;ff;ff;2207,2525,2053,1564,2101,2485,2103,1607;2207,2525,2053,1564,2101,2485,2103,1607;100,100,100,92,100,84,100,100;OOOOOOOO
[RECV] BS2DCE notify: TS;1;11140;f;1390;2010;1849;712;1050;ABCDEFGH;0;10;M;0;S;100;0;full;98
[RECV] BS2DCE notify: TR;2;11140;f;0;ff;ff;2331,1922,2399,2672,1882,1820,2145,2275;2331,1922,2399,2672,1882,1820,2145,2275;100,100,100,100,100,100,100,84;OOOOOOOO
[RECV] BS2DCE notify: TDIAG;wait_ms=75;tx_us=610;rx_us=213;coll_us=8239;range_us=549;solve_us=12115;out_us=2227;clean_us=30;total_ms=100
[RECV] BSDC91 notify: TS;1;11493;f;991;2505;1687;754;1060;ABCDEFGH;5;10;M;0;S;101;0;full;97
[RECV] BSDC91 notify: TR;2;11493;f;0;ff;ff;2333,2490,2023,1695,2134,2676,1977,1645;2333,2490,2023,1695,2134,2676,1977,1645;100,100,100,92,100,85,100,100;OOOOOOOO
[RECV] BS2DCE notify: TS;1;11141;f;1409;1905;1752;682;997;ABCDEFGH;0;10;M;0;S;100;0;full;98
[RECV] BS2DCE notify: TR;2;11141;f;0;ff;ff;2219,1837,2452,2621,1847,1664,2307,2542;2219,1837,2452,2621,1847,1664,2307,2542;100,100,100,100,100,100,100,85;OOOOOOOO
[RECV] BSDC91 notify: TS;1;11494;f;950;2542;1709;803;1143;ABCDEFGH;5;10;M;0;S;99;0;full;97
[RECV] BSDC91 notify: TR;2;11494;f;0;ff;ff;2236,2616,1925,1584,2154,2614,1942,1585;2236,2616,1925,1584,2154,2614,1942,1585;100,100,100,93,100,86,100,100;OOOOOOOO
[RECV] BS2DCE notify: TS;1;11142;f;1323;1940;1867;775;1093;ABCDEFGH;0;10;M;0;S;100;0;full;98
[RECV] BS2DCE notify: TR;2;11142;f;0;ff;ff;2098,1871,2443,2516,1873,1631,2310,2275;2098,1871,2443,2516,1873,1631,2310,2275;100,100,100,100,100,100,100,86;OOOOOOOO
[RECV] BSDC91 notify: TS;1;11495;f;964;2576;-175;775;1069;ABCDEFGH;5;10;M;0;S;100;0;full;97
[RECV] BSDC91 notify: TR;2;11495;f;0;ff;ff;2254,2673,1897,1598,2235,2605,1884,1674;2254,2673,1897,1598,2235,2605,1884,1674;100,100,100,93,100,87,100,100;OOOOOOOO
[RECV] BS2DCE notify: TS;1;11143;f;1313;1929;1710;730;1048;ABCDEFGH;0;10;M;0;S;100;0;full;98
[RECV] BS2DCE notify: TR;2;11143;f;0;ff;ff;2039,1817,2385,2431,1879,1685,2433,2366;2039,1817,2385,2431,1879,1685,2433,2366;100,100,100,100,100,100,100,87;OOOOOOOO
[RECV] BSDC91 notify: TS;1;11496;f;1102;2539;1948;956;1327;ABCDEGH;5;10;M;0;S;98;0;full;99
[RECV] BSDC91 notify: TR;2;11496;f;0;ff;df;2285,2651,1905,1623,2189,0,1770,1570;2285,2651,1905,1623,2189,2605,1770,1570;100,100,100,94,100,82,100,100;OOOOOTOO
[RECV] BS2DCE notify: TS;1;11144;f;1265;1889;1621;682;931;ABCDEFGH;0;10;M;0;S;99;0;full;98
[RECV] BS2DCE notify: TR;2;11144;f;0;ff;ff;1931,1876,2391,2482,1787,1774,2495,2490;1931,1876,2391,2482,1787,1774,2495,2490;100,100,100,100,100,100,100,88;OOOOOOOO
[RECV] BSDC91 notify: TS;1;11497;f;1086;2556;1840;857;1224;ABCDEFGH;5;10;M;0;S;103;0;full;97
[RECV] BSDC91 notify: TR;2;11497;f;0;ff;ff;2340,2498,1926,1638,2256,2478,1722,1633;2340,2498,1926,1638,2256,2478,1722,1633;100,100,100,94,100,83,100,100;OOOOOOOO
[RECV] BS2DCE notify: TS;1;11145;f;1229;1914;1695;721;969;ABCDEFGH;0;10;M;0;S;101;0;full;98
[RECV] BS2DCE notify: TR;2;11145;f;0;ff;ff;1870,1915,2356,2555,1827,1801,2499,2250;1870,1915,2356,2555,1827,1801,2499,2250;100,100,100,100,100,100,100,88;OOOOOOOO
[RECV] BSDC91 notify: TS;1;11498;f;1218;2593;1839;885;1267;ABCDEFGH;5;10;M;0;S;99;0;full;97
[RECV] BSDC91 notify: TR;2;11498;f;0;ff;ff;2433,2494,1645,1710,2221,2430,1653,1706;2433,2494,1645,1710,2221,2430,1653,1706;100,100,100,94,100,84,100,100;OOOOOOOO
[RECV] BS2DCE notify: TS;1;11146;f;1243;1771;1597;624;972;ABCDEFGH;0;10;M;0;S;100;0;full;98
[RECV] BS2DCE notify: TR;2;11146;f;0;ff;ff;1801,1982,2383,3143,1743,1851,2751,2251;1801,1982,2383,3143,1743,1851,2751,2251;100,100,100,100,100,100,100,89;OOOOOOOO
[RECV] BSDC91 notify: TS;1;11499;f;1225;2532;1927;870;1181;ABCDEFGH;5;10;M;0;S;100;0;full;97
[RECV] BSDC91 notify: TR;2;11499;f;0;ff;ff;2445,2393,1937,1818,2299,2353,1576,1747;2445,2393,1937,1818,2299,2353,1576,1747;100,100,100,95,100,85,100,100;OOOOOOOO
[RECV] BS2DCE notify: TS;1;11147;f;1025;1944;1672;734;997;ABCDEFG;0;10;M;0;S;97;0;full;100
[RECV] BS2DCE notify: TR;2;11147;f;0;ff;7f;1764,2102,2477,2418,1704,2008,2439,0;1764,2102,2477,2418,1704,2008,2439,2251;100,100,100,100,100,100,100,85;OOOOOOOT
[RECV] BSDC91 notify: RXG;1;11499;tag=2;mask=0xff;pc=8;guard=1200;spacing=1000;win=8165;pre=1;slot_to_entry_us=0;slot_to_sched_us=0;slot_to_write_done_us=0;slot_to_txcmd_us=274;slot_to_txdone_us=610;txcmd_to_txdone_us=335;txdone_to_rxstart_us=61;txdone_to_rxend_us=183;rxenable
[RECV] BSDC91 notify: CD;1;11499;tag=2;local=0xb102;status=0x00806f02;rxf=0x0796c814;win=8165;pc=8;mask=0xff;resp=8;unexp=0;last_len=20;last_src=0xa107;last_dst=0xb102;last_code=0xe
[RECV] BSDC91 notify: TS;1;11500;f;1326;2544;2009;924;1240;ABCDEFGH;5;10;M;0;S;144;0;full;97
[RECV] BSDC91 notify: TR;2;11500;f;0;ff;ff;2564,2359,1812,1855,2270,2228,1482,1838;2564,2359,1812,1855,2270,2228,1482,1838;100,100,100,95,100,85,100,100;OOOOOOOO
[RECV] BSDC91 notify: TDIAG;wait_ms=75;tx_us=610;rx_us=183;coll_us=8300;range_us=44036;solve_us=12115;out_us=2227;clean_us=30;total_ms=143
[RECV] BS2DCE notify: RXG;1;11147;tag=1;mask=0xff;pc=8;guard=1200;spacing=1000;win=8165;pre=1;slot_to_entry_us=0;slot_to_sched_us=0;slot_to_write_done_us=0;slot_to_txcmd_us=274;slot_to_txdone_us=610;txcmd_to_txdone_us=335;txdone_to_rxstart_us=61;txdone_to_rxend_us=183;rxenable
[RECV] BS2DCE notify: CD;1;11147;tag=1;local=0xb101;status=0x00806f02;rxf=0x07c6c814;win=8165;pc=8;mask=0xff;resp=8;unexp=0;last_len=20;last_src=0xa107;last_dst=0xb101;last_code=0xe
[RECV] BS2DCE notify: TS;1;11148;f;1035;1928;1790;752;1098;ABCDEFGH;0;10;M;0;S;146;0;full;98
[RECV] BS2DCE notify: TR;2;11148;f;0;ff;ff;1729,2215,2520,2345,1713,1823,2475,2247;1729,2215,2520,2345,1713,1823,2475,2247;100,100,100,100,100,100,100,85;OOOOOOOO
[RECV] BSDC91 notify: TS;1;11501;f;1348;2521;2089;952;1220;ABCDEFGH;5;10;M;0;S;57;0;full;97
[RECV] BSDC91 notify: TR;2;11501;f;0;ff;ff;2560,2360,1850,1952,2241,2167,1416,1863;2560,2360,1850,1952,2241,2167,1416,1863;100,100,100,95,100,86,100,100;OOOOOOOO
[RECV] BS2DCE notify: TS;1;11149;f;978;1880;1672;706;1097;ABCDEFGH;0;10;M;0;S;57;0;full;98
[RECV] BS2DCE notify: TR;2;11149;f;0;ff;ff;1602,2118,2689,2349,1730,1965,2462,2307;1602,2118,2689,2349,1730,1965,2462,2307;100,100,100,100,100,100,100,86;OOOOOOOO
[RECV] BSDC91 notify: TS;1;11502;f;1461;2509;2022;964;1244;ABCDEGH;5;10;M;0;S;97;0;full;99
[RECV] BSDC91 notify: TR;2;11502;f;0;ff;df;2606,2285,1743,2017,2335,0,1478,1891;2606,2285,1743,2017,2335,2167,1478,1891;100,100,100,95,100,82,100,100;OOOOOTOO
[RECV] BS2DCE notify: TS;1;11150;f;1011;1860;-85;663;1018;ABCDEFGH;0;10;M;0;S;99;0;full;98
[RECV] BS2DCE notify: TR;2;11150;f;0;ff;ff;1618,2091,2676,2277,1677,2066,2509,2508;1618,2091,2676,2277,1677,2066,2509,2508;100,100,100,100,100,100,100,86;OOOOOOOO
[RECV] BS2DCE notify: TDIAG;wait_ms=75;tx_us=610;rx_us=305;coll_us=8148;range_us=579;solve_us=11871;out_us=2258;clean_us=30;total_ms=100
[RECV] BSDC91 notify: TS;1;11503;f;1455;2497;1992;883;1187;ABCDEFGH;5;10;M;0;S;103;0;full;97
[RECV] BSDC91 notify: TR;2;11503;f;0;ff;ff;2664,2306,1790,2038,2341,2024,1509,2013;2664,2306,1790,2038,2341,2024,1509,2013;100,100,100,95,100,83,100,100;OOOOOOOO
[RECV] BS2DCE notify: TS;1;11151;f;887;1851;1489;617;908;ABCDEFGH;0;10;M;0;S;101;0;full;98
[RECV] BS2DCE notify: TR;2;11151;f;0;ff;ff;1628,2049,2841,2271,1699,2169,2645,2348;1628,2049,2841,2271,1699,2169,2645,2348;100,100,100,100,100,100,100,87;OOOOOOOO
[RECV] BSDC91 notify: TS;1;11504;f;1450;2457;2073;916;1172;ABCDEFGH;5;10;M;0;S;99;0;full;97
[RECV] BSDC91 notify: TR;2;11504;f;0;ff;ff;2690,2241,1897,2078,2374,1861,1549,1943;2690,2241,1897,2078,2374,1861,1549,1943;100,100,100,96,100,84,100,100;OOOOOOOO
[RECV] BS2DCE notify: TS;1;11152;f;1051;1884;-292;709;1142;ABCDEFGH;0;10;M;0;S;100;0;full;98
[RECV] BS2DCE notify: TR;2;11152;f;0;ff;ff;1692,2016,2429,2138,1711,2167,2661,2641;1692,2016,2429,2138,1711,2167,2661,2641;100,100,100,100,100,100,100,88;OOOOOOOO
[RECV] BSDC91 notify: TS;1;11505;f;1440;2438;2034;895;1259;ABCDEFGH;5;10;M;0;S;100;0;full;97
[RECV] BSDC91 notify: TR;2;11505;f;0;ff;ff;2569,2317,1789,2178,2277,1926,1635,1953;2569,2317,1789,2178,2277,1926,1635,1953;100,100,100,96,100,84,100,100;OOOOOOOO
[RECV] BS2DCE notify: TS;1;11153;f;901;2038;1338;696;963;ABCDEFG;0;10;M;0;S;97;0;full;100
[RECV] BS2DCE notify: TR;2;11153;f;0;ff;7f;1766,1988,2329,2072,1785,2232,2680,0;1766,1988,2329,2072,1785,2232,2680,2641;100,100,100,100,100,100,100,84;OOOOOOOT
[RECV] BSDC91 notify: TS;1;11506;f;1506;2457;2168;942;1230;ABCDEFGH;5;10;M;0;S;100;0;full;97
[RECV] BSDC91 notify: TR;2;11506;f;0;ff;ff;3024,2213,1881,2186,2248,1744,1579,1932;3024,2213,1881,2186,2248,1744,1579,1932;100,100,100,96,100,85,100,100;OOOOOOOO
[RECV] BS2DCE notify: TS;1;11154;f;976;1999;-280;773;1091;ABCDEFGH;0;10;M;0;S;103;0;full;98
[RECV] BS2DCE notify: TR;2;11154;f;0;ff;ff;1734,1998,2536,2001,1810,2177,2502,2193;1734,1998,2536,2001,1810,2177,2502,2193;100,100,100,100,100,100,100,85;OOOOOOOO
[RECV] BSDC91 notify: TS;1;11507;f;1590;2520;2188;934;1250;ABCDEFGH;5;10;M;0;S;100;0;full;97
[RECV] BSDC91 notify: TR;2;11507;f;0;ff;ff;3404,2226,1842,2245,2267,1726,1483,1977;3404,2226,1842,2245,2267,1726,1483,1977;100,100,100,96,100,85,100,100;OOOOOOOO
[RECV] BS2DCE notify: TS;1;11155;f;847;1995;1513;670;986;ABCDEFGH;0;10;M;0;S;100;0;full;98
[RECV] BS2DCE notify: TR;2;11155;f;0;ff;ff;1782,2049,2763,1986,1754,2319,2504,2198;1782,2049,2763,1986,1754,2319,2504,2198;100,100,100,100,100,100,100,85;OOOOOOOO
[RECV] BSDC91 notify: TS;1;11508;f;1581;2492;2027;907;1272;ABCDEGH;5;10;M;0;S;98;0;full;99
[RECV] BSDC91 notify: TR;2;11508;f;0;ff;df;3099,2087,1809,2283,2227,0,1504,1977;3099,2087,1809,2283,2227,1726,1504,1977;100,100,100,96,100,82,100,100;OOOOOTOO
[RECV] BS2DCE notify: TS;1;11156;f;954;2091;-350;822;1251;ABCDEFGH;0;10;M;0;S;99;0;full;98
[RECV] BS2DCE notify: TR;2;11156;f;0;ff;ff;1849,2068,2298,1912,1752,2329,2462,2103;1849,2068,2298,1912,1752,2329,2462,2103;100,100,100,100,100,100,100,86;OOOOOOOO
[RECV] BSDC91 notify: TS;1;11509;f;1503;2412;1849;790;1137;ABCDEFGH;5;10;M;0;S;102;0;full;97
[RECV] BSDC91 notify: TR;2;11509;f;0;ff;ff;2616,2082,1877,2318,2239,2329,1557,2100;2616,2082,1877,2318,2239,2329,1557,2100;100,100,100,96,100,83,100,100;OOOOOOOO
[RECV] BS2DCE notify: TS;1;11157;f;970;2119;-372;847;1218;ABCDEFGH;0;10;M;0;S;100;0;full;98
[RECV] BS2DCE notify: TR;2;11157;f;0;ff;ff;1837,2063,2317,1851,1824,2283,2388,2051;1837,2063,2317,1851,1824,2283,2388,2051;100,100,100,100,100,100,100,86;OOOOOOOO
[RECV] BSDC91 notify: RXG;1;11509;tag=2;mask=0xff;pc=8;guard=1200;spacing=1000;win=8165;pre=1;slot_to_entry_us=0;slot_to_sched_us=0;slot_to_write_done_us=0;slot_to_txcmd_us=274;slot_to_txdone_us=610;txcmd_to_txdone_us=335;txdone_to_rxstart_us=61;txdone_to_rxend_us=183;rxenable
[RECV] BSDC91 notify: CD;1;11509;tag=2;local=0xb102;status=0x00806f02;rxf=0x07b6c814;win=8165;pc=8;mask=0xff;resp=8;unexp=0;last_len=20;last_src=0xa107;last_dst=0xb102;last_code=0xe
[RECV] BSDC91 notify: TS;1;11510;f;1550;2461;1946;785;1170;ABCDEFGH;5;10;M;0;S;144;0;full;97
[RECV] BSDC91 notify: TR;2;11510;f;0;ff;ff;3027,2127,1898,2373,2198,2220,1551,2060;3027,2127,1898,2373,2198,2220,1551,2060;100,100,100,96,100,83,100,100;OOOOOOOO
[RECV] BSDC91 notify: TDIAG;wait_ms=75;tx_us=610;rx_us=183;coll_us=8392;range_us=43853;solve_us=11932;out_us=2227;clean_us=30;total_ms=143
[RECV] BS2DCE notify: RXG;1;11157;tag=1;mask=0xff;pc=8;guard=1200;spacing=1000;win=8165;pre=1;slot_to_entry_us=0;slot_to_sched_us=0;slot_to_write_done_us=0;slot_to_txcmd_us=274;slot_to_txdone_us=610;txcmd_to_txdone_us=335;txdone_to_rxstart_us=91;txdone_to_rxend_us=213;rxenable
[RECV] BS2DCE notify: CD;1;11157;tag=1;local=0xb101;status=0x00806f02;rxf=0x07a6c814;win=8165;pc=8;mask=0xff;resp=8;unexp=0;last_len=20;last_src=0xa107;last_dst=0xb101;last_code=0xe
[RECV] BS2DCE notify: TS;1;11158;f;907;2170;1597;761;1041;ABCDEFGH;0;10;M;0;S;144;0;full;98
[RECV] BS2DCE notify: TR;2;11158;f;0;ff;ff;1912,2133,2324,1859,1815,2341,2375,1937;1912,2133,2324,1859,1815,2341,2375,1937;100,100,100,100,100,100,100,87;OOOOOOOO
[RECV] BSDC91 notify: TS;1;11511;f;1516;2356;2005;855;1241;ABCDEFGH;5;10;M;0;S;57;0;full;97
[RECV] BSDC91 notify: TR;2;11511;f;0;ff;ff;2730,2025,1961,2331,2181,2021,1618,2079;2730,2025,1961,2331,2181,2021,1618,2079;100,100,100,96,100,84,100,100;OOOOOOOO
[RECV] BS2DCE notify: TS;1;11159;f;843;2229;1609;845;1152;ABCDEFG;0;10;M;0;S;54;0;full;100
[RECV] BS2DCE notify: TR;2;11159;f;0;ff;7f;1923,2091,2254,1763,1832,2337,2352,0;1923,2091,2254,1763,1832,2337,2352,1937;100,100,100,100,100,100,100,84;OOOOOOOT
[RECV] BSDC91 notify: TS;1;11512;f;1537;2325;1969;820;1207;ABCDEFGH;5;10;M;0;S;100;0;full;98
[RECV] BSDC91 notify: TR;2;11512;f;0;ff;ff;2679,2008,1988,2475,2171,2064,1603,2145;2679,2008,1988,2475,2171,2064,1603,2145;100,100,100,100,100,88,100,100;OOOOOOOO
[RECV] BS2DCE notify: TS;1;11160;f;874;2195;-292;806;1195;ABCDEFGH;0;10;M;0;S;103;0;full;98
[RECV] BS2DCE notify: TR;2;11160;f;0;ff;ff;1926,2218,2281,1816,1826,2436,2431,1881;1926,2218,2281,1816,1826,2436,2431,1881;100,100,100,100,100,100,100,88;OOOOOOOO
[RECV] BS2DCE notify: TDIAG;wait_ms=78;tx_us=610;rx_us=183;coll_us=8239;range_us=579;solve_us=12115;out_us=2197;clean_us=61;total_ms=103
[RECV] BSDC91 notify: TS;1;11513;f;1578;2298;1959;827;1244;ABCDEFGH;5;10;M;0;S;99;0;full;98
[RECV] BSDC91 notify: TR;2;11513;f;0;ff;ff;2774,1932,1956,2429,2172,1913,1725,2190;2774,1932,1956,2429,2172,1913,1725,2190;100,100,100,100,100,88,100,100;OOOOOOOO
[RECV] BS2DCE notify: TS;1;11161;f;904;2252;-455;880;1270;ABCDEFGH;0;10;M;0;S;100;0;full;98
[RECV] BS2DCE notify: TR;2;11161;f;0;ff;ff;1917,2127,2140,1775,1901,2594,2377,1833;1917,2127,2140,1775,1901,2594,2377,1833;100,100,100,100,100,100,100,88;OOOOOOOO
[RECV] BSDC91 notify: TS;1;11514;f;1511;2239;1992;875;1215;ABCDEGH;5;10;M;0;S;98;0;full;100
[RECV] BSDC91 notify: TR;2;11514;f;0;ff;df;2645,1961,2078,2445,2039,0,1759,2156;2645,1961,2078,2445,2039,1913,1759,2156;100,100,100,100,100,84,100,100;OOOOOTOO
[RECV] BS2DCE notify: TS;1;11162;f;900;2265;-386;847;1212;ABCDEFGH;0;10;M;0;S;99;0;full;98
[RECV] BS2DCE notify: TR;2;11162;f;0;ff;ff;1931,2193,2232,1729,1925,2557,2296,1861;1931,2193,2232,1729,1925,2557,2296,1861;100,100,100,100,100,100,100,89;OOOOOOOO
[RECV] BSDC91 notify: TS;1;11515;f;1524;2223;2035;867;1325;ABCDEFGH;5;10;M;0;S;102;0;full;98
[RECV] BSDC91 notify: TR;2;11515;f;0;ff;ff;2688,1863,2101,2465,2052,1853,1767,2147;2688,1863,2101,2465,2052,1853,1767,2147;100,100,100,100,100,85,100,100;OOOOOOOO
[RECV] BS2DCE notify: TS;1;11163;f;895;2324;-428;865;1249;ABCDEFGH;0;10;M;0;S;101;0;full;98
[RECV] BS2DCE notify: TR;2;11163;f;0;ff;ff;2010,2268,2097,1647,1956,2596,2320,1810;2010,2268,2097,1647,1956,2596,2320,1810;100,100,100,100,100,100,100,90;OOOOOOOO
[RECV] BSDC91 notify: TS;1;11516;f;1546;2181;2079;879;1298;ABCDEFGH;5;10;M;0;S;100;0;full;98
[RECV] BSDC91 notify: TR;2;11516;f;0;ff;ff;2798,1882,2111,2476,2007,1618,1893,2197;2798,1882,2111,2476,2007,1618,1893,2197;100,100,100,100,100,85,100,100;OOOOOOOO
[RECV] BS2DCE notify: TS;1;11164;f;891;2320;-403;857;1230;ABCDEFGH;0;10;M;0;S;100;0;full;98
[RECV] BS2DCE notify: TR;2;11164;f;0;ff;ff;2026,2249,2173,1616,1956,2583,2290,1820;2026,2249,2173,1616,1956,2583,2290,1820;100,100,100,100,100,100,100,90;OOOOOOOO
[RECV] BSDC91 notify: TS;1;11517;f;1472;2101;2097;927;1322;ABCDEFGH;5;10;M;0;S;100;0;full;98
[RECV] BSDC91 notify: TR;2;11517;f;0;ff;ff;2380,1841,2182,2495,1959,1636,1866,2208;2380,1841,2182,2495,1959,1636,1866,2208;100,100,100,100,100,86,100,100;OOOOOOOO
[RECV] BS2DCE notify: TS;1;11165;f;773;2394;1568;837;1114;ABCDEFG;0;10;M;0;S;97;0;full;100
[RECV] BS2DCE notify: TR;2;11165;f;0;ff;7f;2076,2261,2097,1591,1914,2615,2277,0;2076,2261,2097,1591,1914,2615,2277,1820;100,100,100,100,100,100,100,86;OOOOOOOT
[RECV] BSDC91 notify: TS;1;11518;f;1498;2090;1957;825;1226;ABCDEFGH;5;10;M;0;S;100;0;full;98
[RECV] BSDC91 notify: TR;2;11518;f;0;ff;ff;2436,1829,2177,2574,1960,1760,1969,2272;2436,1829,2177,2574,1960,1760,1969,2272;100,100,100,100,100,86,100,100;OOOOOOOO
[RECV] BS2DCE notify: TS;1;11166;f;944;2385;-405;862;1209;ABCDEFGH;0;10;M;0;S;103;0;full;98
[RECV] BS2DCE notify: TR;2;11166;f;0;ff;ff;2125,2305,2042,1569,2042,2558,2203,1800;2125,2305,2042,1569,2042,2558,2203,1800;100,100,100,100,100,100,100,86;OOOOOOOO
[RECV] BSDC91 notify: TS;1;11519;f;1453;2024;1989;851;1214;ABCDEFGH;5;10;M;0;S;100;0;full;98
[RECV] BSDC91 notify: TR;2;11519;f;0;ff;ff;2276,1833,2269,2563,1890,1665,1992,2336;2276,1833,2269,2563,1890,1665,1992,2336;100,100,100,100,100,87,100,100;OOOOOOOO
[RECV] BS2DCE notify: TS;1;11167;f;910;2441;1652;758;1061;ABCDEFGH;0;10;M;0;S;100;0;full;98
[RECV] BS2DCE notify: TR;2;11167;f;0;ff;ff;2218,2491,2037,1680,2012,2575,2168,1694;2218,2491,2037,1680,2012,2575,2168,1694;100,100,100,100,100,100,100,87;OOOOOOOO
[RECV] BSDC91 notify: RXG;1;11519;tag=2;mask=0xff;pc=8;guard=1200;spacing=1000;win=8165;pre=1;slot_to_entry_us=0;slot_to_sched_us=0;slot_to_write_done_us=0;slot_to_txcmd_us=274;slot_to_txdone_us=610;txcmd_to_txdone_us=335;txdone_to_rxstart_us=61;txdone_to_rxend_us=183;rxenable
[RECV] BSDC91 notify: CD;1;11519;tag=2;local=0xb102;status=0x00806f02;rxf=0x0756c814;win=8165;pc=8;mask=0xff;resp=7;unexp=0;last_len=20;last_src=0xa107;last_dst=0xb102;last_code=0xe
[RECV] BSDC91 notify: TS;1;11520;f;1453;2009;1883;801;1112;ABCDEGH;5;10;M;0;S;141;0;full;100
[RECV] BSDC91 notify: TR;2;11520;f;0;ff;df;2314,1857,2337,2577,1884,0,2114,2317;2314,1857,2337,2577,1884,1665,2114,2317;100,100,100,100,100,84,100,100;OOOOOTOO
[RECV] BS2DCE notify: RXG;1;11167;tag=1;mask=0xff;pc=8;guard=1200;spacing=1000;win=8165;pre=1;slot_to_entry_us=0;slot_to_sched_us=0;slot_to_write_done_us=0;slot_to_txcmd_us=274;slot_to_txdone_us=671;txcmd_to_txdone_us=396;txdone_to_rxstart_us=183;txdone_to_rxend_us=305;rxenabl
[RECV] BSDC91 notify: TDIAG;wait_ms=75;tx_us=610;rx_us=183;coll_us=8392;range_us=44006;solve_us=9368;out_us=2136;clean_us=30;total_ms=141
[RECV] BS2DCE notify: CD;1;11167;tag=1;local=0xb101;status=0x00806f02;rxf=0x0346c014;win=8165;pc=8;mask=0xff;resp=8;unexp=0;last_len=20;last_src=0xa107;last_dst=0xb101;last_code=0xe
[RECV] BS2DCE notify: TS;1;11168;f;1023;2438;1617;688;1031;ABCDEFGH;0;10;M;0;S;144;0;full;98
[RECV] BS2DCE notify: TR;2;11168;f;0;ff;ff;2405,2522,2059,1741,2036,2477,2097,1957;2405,2522,2059,1741,2036,2477,2097,1957;100,100,100,100,100,100,100,88;OOOOOOOO
[RECV] BSDC91 notify: TS;1;11521;f;1493;1930;2059;873;1231;ABCDEFGH;5;10;M;0;S;60;0;full;98
[RECV] BSDC91 notify: TR;2;11521;f;0;ff;ff;2252,1787,2344,2748,1890,1404,2090,2362;2252,1787,2344,2748,1890,1404,2090,2362;100,100,100,100,100,84,100,100;OOOOOOOO
[RECV] BS2DCE notify: TS;1;11169;f;1014;2443;1701;694;946;ABCDEFGH;0;10;M;0;S;56;0;full;98
[RECV] BS2DCE notify: TR;2;11169;f;0;ff;ff;2328,2581,2077,1906,2101,2508,2078,1758;2328,2581,2077,1906,2101,2508,2078,1758;100,100,100,100,100,100,100,88;OOOOOOOO
[RECV] BSDC91 notify: TS;1;11522;f;1422;1892;1982;825;1144;ABCDEFGH;5;10;M;0;S;99;0;full;98
[RECV] BSDC91 notify: TR;2;11522;f;0;ff;ff;2140,1824,2402,2722,1795,1496,2209,2389;2140,1824,2402,2722,1795,1496,2209,2389;100,100,100,100,100,85,100,100;OOOOOOOO
[RECV] BS2DCE notify: TS;1;11170;f;985;2420;1741;734;949;ABCDEFGH;0;10;M;0;S;100;0;full;98
[RECV] BS2DCE notify: TR;2;11170;f;0;ff;ff;2198,2555,2126,1899,2108,2500,2032,1719;2198,2555,2126,1899,2108,2500,2032,1719;100,100,100,100,100,100,100,88;OOOOOOOO
[RECV] BS2DCE notify: TDIAG;wait_ms=75;tx_us=610;rx_us=213;coll_us=8239;range_us=549;solve_us=12145;out_us=2197;clean_us=30;total_ms=100
[RECV] BSDC91 notify: TS;1;11523;f;1425;1839;1966;823;1189;ABCDEFGH;5;10;M;0;S;100;0;full;98
[RECV] BSDC91 notify: TR;2;11523;f;0;ff;ff;2090,1734,2431,2826,1734,1524,2280,2376;2090,1734,2431,2826,1734,1524,2280,2376;100,100,100,100,100,85,100,100;OOOOOOOO
[RECV] BS2DCE notify: TS;1;11171;f;914;2520;1800;817;1042;ABCDEFG;0;10;M;0;S;97;0;full;100
[RECV] BS2DCE notify: TR;2;11171;f;0;ff;7f;2255,2642,2061,1741,2158,2541,1927,0;2255,2642,2061,1741,2158,2541,1927,1719;100,100,100,100,100,100,100,85;OOOOOOOT
[RECV] BSDC91 notify: TS;1;11524;f;1368;1873;1903;820;1181;ABCDEFGH;5;10;M;0;S;100;0;full;98
[RECV] BSDC91 notify: TR;2;11524;f;0;ff;ff;2056,1744,2412,2591,1735,1582,2340,2371;2056,1744,2412,2591,1735,1582,2340,2371;100,100,100,100,100,86,100,100;OOOOOOOO
[RECV] BS2DCE notify: TS;1;11172;f;1026;2475;1781;804;1119;ABCDEFGH;0;10;M;0;S;103;0;full;98
[RECV] BS2DCE notify: TR;2;11172;f;0;ff;ff;2238,2511,2021,1729,2155,2432,1883,1745;2238,2511,2021,1729,2155,2432,1883,1745;100,100,100,100,100,100,100,86;OOOOOOOO
[RECV] BSDC91 notify: TS;1;11525;f;1358;1806;1849;826;1195;ABCDEFGH;5;10;M;0;S;100;0;full;98
[RECV] BSDC91 notify: TR;2;11525;f;0;ff;ff;1905,1657,2418,2613,1688,1542,2450,2423;1905,1657,2418,2613,1688,1542,2450,2423;100,100,100,100,100,86,100,100;OOOOOOOO
[RECV] BS2DCE notify: TS;1;11173;f;1077;2487;1890;849;1148;ABCDEFGH;0;10;M;0;S;100;0;full;98
[RECV] BS2DCE notify: TR;2;11173;f;0;ff;ff;2300,2557,1950,1785,2115,2344,1832,1734;2300,2557,1950,1785,2115,2344,1832,1734;100,100,100,100,100,100,100,86;OOOOOOOO
[RECV] BSDC91 notify: TS;1;11526;f;1296;1817;1792;779;1092;ABCDEFGH;5;10;M;0;S;100;0;full;98
[RECV] BSDC91 notify: TR;2;11526;f;0;ff;ff;1860,1757,2436,2614,1668,1664,2467,2422;1860,1757,2436,2614,1668,1664,2467,2422;100,100,100,100,100,87,100,100;OOOOOOOO
[RECV] BS2DCE notify: TS;1;11174;f;1064;2463;1847;800;1121;ABCDEFGH;0;10;M;0;S;99;0;full;98
[RECV] BS2DCE notify: TR;2;11174;f;0;ff;ff;2302,2569,2066,1793,2129,2345,1837,1823;2302,2569,2066,1793,2129,2345,1837,1823;100,100,100,100,100,100,100,87;OOOOOOOO
[RECV] BSDC91 notify: TS;1;11527;f;1200;1817;1733;773;1082;ABCDEFGH;5;10;M;0;S;100;0;full;98
[RECV] BS2DCE notify: TS;1;11175;f;1166;2467;1929;867;1187;ABCDEFGH;0;10;M;0;S;100;0;full;98
[RECV] BS2DCE notify: TR;2;11175;f;0;ff;ff;2366,2411,1996,1824,2182,2241,1719,1810;2366,2411,1996,1824,2182,2241,1719,1810;100,100,100,100,100,100,100,87;OOOOOOOO
[RECV] BSDC91 notify: TR;2;11527;f;0;ff;ff;1753,1775,2447,2552,1637,1771,2589,2305;1753,1775,2447,2552,1637,1771,2589,2305;100,100,100,100,100,87,100,100;OOOOOOOO
[RECV] BSDC91 notify: TS;1;11528;f;1186;1785;1649;742;1097;ABCDEFGH;5;10;M;0;S;100;0;full;98
[RECV] BSDC91 notify: TR;2;11528;f;0;ff;ff;1694,1696,2553,2527,1672,1803,2601,2356;1694,1696,2553,2527,1672,1803,2601,2356;100,100,100,100,100,88,100,100;OOOOOOOO
[RECV] BS2DCE notify: TS;1;11176;f;1198;2477;1975;877;1147;ABCDEFGH;0;10;M;0;S;101;0;full;98
[RECV] BS2DCE notify: TR;2;11176;f;0;ff;ff;2403,2410,1986,1903,2195,2251,1660,1778;2403,2410,1986,1903,2195,2251,1660,1778;100,100,100,100,100,100,100,88;OOOOOOOO
[RECV] BSDC91 notify: TS;1;11529;f;1093;1833;-197;784;1173;ABCDEFGH;5;10;M;0;S;100;0;full;98
[RECV] BSDC91 notify: TR;2;11529;f;0;ff;ff;1595,1848,2485,2494,1601,1886,2497,2352;1595,1848,2485,2494,1601,1886,2497,2352;100,100,100,100,100,88,100,100;OOOOOOOO
[RECV] BS2DCE notify: TS;1;11177;f;1268;2479;1913;834;1133;ABCDEFGH;0;10;M;0;S;99;0;full;98
[RECV] BS2DCE notify: TR;2;11177;f;0;ff;ff;2486,2405,1947,1910,2249,2178,1641,1945;2486,2405,1947,1910,2249,2178,1641,1945;100,100,100,100,100,100,100,88;OOOOOOOO
[RECV] BSDC91 notify: RXG;1;11529;tag=2;mask=0xff;pc=8;guard=1200;spacing=1000;win=8165;pre=1;slot_to_entry_us=0;slot_to_sched_us=0;slot_to_write_done_us=0;slot_to_txcmd_us=274;slot_to_txdone_us=610;txcmd_to_txdone_us=335;txdone_to_rxstart_us=61;txdone_to_rxend_us=183;rxenable
[RECV] BSDC91 notify: CD;1;11529;tag=2;local=0xb102;status=0x00806f02;rxf=0x0786c814;win=8165;pc=8;mask=0xff;resp=8;unexp=0;last_len=20;last_src=0xa107;last_dst=0xb102;last_code=0xe
[RECV] BSDC91 notify: TS;1;11530;f;1067;1833;-262;783;1176;ABCDEFGH;5;10;M;0;S;144;0;full;98
[RECV] BS2DCE notify: RXG;1;11177;tag=1;mask=0xff;pc=8;guard=1200;spacing=1000;win=8165;pre=1;slot_to_entry_us=0;slot_to_sched_us=0;slot_to_write_done_us=0;slot_to_txcmd_us=274;slot_to_txdone_us=610;txcmd_to_txdone_us=335;txdone_to_rxstart_us=61;txdone_to_rxend_us=183;rxenable
[RECV] BSDC91 notify: TR;2;11530;f;0;ff;ff;1531,1885,2385,2469,1629,1960,2599,2409;1531,1885,2385,2469,1629,1960,2599,2409;100,100,100,100,100,89,100,100;OOOOOOOO
[RECV] BSDC91 notify: TDIAG;wait_ms=75;tx_us=610;rx_us=183;coll_us=8300;range_us=44006;solve_us=11932;out_us=2227;clean_us=30;total_ms=143
[RECV] BSDC91 notify: TS;1;11531;f;1028;1848;-376;844;1290;ABCDEFGH;5;10;M;0;S;56;0;full;98
[RECV] BS2DCE notify: CD;1;11177;tag=1;local=0xb101;status=0x00806f02;rxf=0x07a6c814;win=8165;pc=8;mask=0xff;resp=8;unexp=0;last_len=20;last_src=0xa107;last_dst=0xb101;last_code=0xe
[RECV] BS2DCE notify: TS;1;11178;f;1335;2436;1988;874;1127;ABCDEFGH;0;10;M;0;S;144;0;full;98
[RECV] BS2DCE notify: TR;2;11178;f;0;ff;ff;2493,2281,1932,2058,2245,2084,1636,1907;2493,2281,1932,2058,2245,2084,1636,1907;100,100,100,100,100,100,100,89;OOOOOOOO
[RECV] BSDC91 notify: TR;2;11531;f;0;ff;ff;1450,1908,2326,2387,1585,2055,2578,2422;1450,1908,2326,2387,1585,2055,2578,2422;100,100,100,100,100,90,100,100;OOOOOOOO
[RECV] BS2DCE notify: TS;1;11179;f;1323;2424;1967;848;1098;ABCDEFGH;0;10;M;0;S;58;0;full;98
[RECV] BS2DCE notify: TR;2;11179;f;0;ff;ff;2542,2277,1960,2075,2202,2100,1715,1893;2542,2277,1960,2075,2202,2100,1715,1893;100,100,100,100,100,100,100,90;OOOOOOOO
[RECV] BSDC91 notify: TS;1;11532;f;982;1813;-324;773;1156;ABCDEFGH;5;10;M;0;S;100;0;full;98
[RECV] BSDC91 notify: TR;2;11532;f;0;ff;ff;1485,1856,2634,2254,1646,2090,2655,2476;1485,1856,2634,2254,1646,2090,2655,2476;100,100,100,100,100,90,100,100;OOOOOOOO
[RECV] BS2DCE notify: TS;1;11180;f;1401;2398;1820;779;1025;ABCDEFGH;0;10;M;0;S;98;0;full;98
[RECV] BS2DCE notify: TR;2;11180;f;0;ff;ff;2545,2202,1930,2100,2233,2125,1702,2142;2545,2202,1930,2100,2233,2125,1702,2142;100,100,100,100,100,100,100,90;OOOOOOOO
[RECV] BS2DCE notify: TDIAG;wait_ms=74;tx_us=671;rx_us=244;coll_us=8148;range_us=579;solve_us=11962;out_us=2288;clean_us=30;total_ms=98
[RECV] BSDC91 notify: TS;1;11533;f;911;1912;-366;803;1172;ABCDEFGH;5;10;M;0;S;100;0;full;98
[RECV] BSDC91 notify: TR;2;11533;f;0;ff;ff;1592,1929,2561,2065,1702,2161,2722,2249;1592,1929,2561,2065,1702,2161,2722,2249;100,100,100,100,100,90,100,100;OOOOOOOO
[RECV] BS2DCE notify: TS;1;11181;f;1389;2388;1993;852;1120;ABCDEFGH;0;10;M;0;S;101;0;full;98
[RECV] BS2DCE notify: TR;2;11181;f;0;ff;ff;2576,2205,1977,2176,2245,1980,1707,1943;2576,2205,1977,2176,2245,1980,1707,1943;100,100,100,100,100,100,100,90;OOOOOOOO
[RECV] BSDC91 notify: TS;1;11534;f;866;2024;-446;882;1301;ABCDEFGH;5;10;M;0;S;100;0;full;98
[RECV] BSDC91 notify: TR;2;11534;f;0;ff;ff;1677,1977,2443,1879,1690,2285,2608,2072;1677,1977,2443,1879,1690,2285,2608,2072;100,100,100,100,100,91,100,100;OOOOOOOO
[RECV] BS2DCE notify: TS;1;11182;f;1460;2363;2114;921;1229;ABCDEFGH;0;10;M;0;S;100;0;full;98
[RECV] BS2DCE notify: TR;2;11182;f;0;ff;ff;2680,2177,1915,2258,2200,1771,1685,1991;2680,2177,1915,2258,2200,1771,1685,1991;100,100,100,100,100,100,100,91;OOOOOOOO
[RECV] BSDC91 notify: TS;1;11535;f;835;2109;-490;906;1317;ABCDEFGH;5;10;M;0;S;100;0;full;98
[RECV] BSDC91 notify: TR;2;11535;f;0;ff;ff;1672,2056,2375,1811,1755,2447,2507,1969;1672,2056,2375,1811,1755,2447,2507,1969;100,100,100,100,100,91,100,100;OOOOOOOO
[RECV] BS2DCE notify: TS;1;11183;f;1405;2404;1842;750;1118;ABCDEFGH;0;10;M;0;S;99;0;full;98
[RECV] BS2DCE notify: TR;2;11183;f;0;ff;ff;2736,2124,1993,2286,2129,2324,1726,1998;2736,2124,1993,2286,2129,2324,1726,1998;100,100,100,100,100,100,100,91;OOOOOOOO
[RECV] BSDC91 notify: TS;1;11536;f;854;2184;-614;982;1389;ABCDEFGH;5;10;M;0;S;100;0;full;99
[RECV] BSDC91 notify: TR;2;11536;f;0;ff;ff;1686,2103,2195,1690,1822,2481,2488,1888;1686,2103,2195,1690,1822,2481,2488,1888;100,100,100,100,100,92,100,100;OOOOOOOO
[RECV] BS2DCE notify: TS;1;11184;f;1461;2351;1773;732;1120;ABCDEFGH;0;10;M;0;S;101;0;full;99
[RECV] BS2DCE notify: TR;2;11184;f;0;ff;ff;2605,2024,1981,2405,2178,2321,1723,2094;2605,2024,1981,2405,2178,2321,1723,2094;100,100,100,100,100,100,100,92;OOOOOOOO
[RECV] BSDC91 notify: TS;1;11537;f;847;2215;-604;965;1376;ABCDEFGH;5;10;M;0;S;100;0;full;99
[RECV] BSDC91 notify: TR;2;11537;f;0;ff;ff;1731,2172,2181,1625,1849,2515,2477,1899;1731,2172,2181,1625,1849,2515,2477,1899;100,100,100,100,100,92,100,100;OOOOOOOO
[RECV] BS2DCE notify: TS;1;11185;f;1425;2330;1705;698;1087;ABCDEFGH;0;10;M;0;S;100;0;full;99
[RECV] BS2DCE notify: TR;2;11185;f;0;ff;ff;2597,2016,2034,2398,2096,2423,1772,2149;2597,2016,2034,2398,2096,2423,1772,2149;100,100,100,100,100,100,100,92;OOOOOOOO
[RECV] BSDC91 notify: TS;1;11538;f;848;2314;-616;986;1390;ABCDEFGH;5;10;M;0;S;100;0;full;99
[RECV] BSDC91 notify: TR;2;11538;f;0;ff;ff;1814,2236,2099,1533,1914,2624,2327,1804;1814,2236,2099,1533,1914,2624,2327,1804;100,100,100,100,100,92,100,100;OOOOOOOO
[RECV] BS2DCE notify: TS;1;11186;f;1487;2217;1868;800;1223;ABCDEFGH;0;10;M;0;S;99;0;full;99
[RECV] BS2DCE notify: TR;2;11186;f;0;ff;ff;2647,1869,2069,2303,2028,1909,1942,2240;2647,1869,2069,2303,2028,1909,1942,2240;100,100,100,100,100,100,100,92;OOOOOOOO
[RECV] BSDC91 notify: TS;1;11539;f;840;2350;-595;960;1307;ABCDEFGH;5;10;M;0;S;100;0;full;99
[RECV] BSDC91 notify: TR;2;11539;f;0;ff;ff;1835,2328,2073,1505,2011,2607,2366,1760;1835,2328,2073,1505,2011,2607,2366,1760;100,100,100,100,100,92,100,100;OOOOOOOO
[RECV] BS2DCE notify: TS;1;11187;f;1487;2139;2007;870;1243;ABCDEFGH;0;10;M;0;S;101;0;full;99
[RECV] BS2DCE notify: TR;2;11187;f;0;ff;ff;2511,1881,2068,2465,1936,1715,1976,2223;2511,1881,2068,2465,1936,1715,1976,2223;100,100,100,100,100,100,100,92;OOOOOOOO
[RECV] BSDC91 notify: RXG;1;11539;tag=2;mask=0xff;pc=8;guard=1200;spacing=1000;win=8165;pre=1;slot_to_entry_us=0;slot_to_sched_us=0;slot_to_write_done_us=0;slot_to_txcmd_us=274;slot_to_txdone_us=610;txcmd_to_txdone_us=335;txdone_to_rxstart_us=61;txdone_to_rxend_us=183;rxenable
[RECV] BSDC91 notify: CD;1;11539;tag=2;local=0xb102;status=0x00806f02;rxf=0x0796c814;win=8165;pc=8;mask=0xff;resp=8;unexp=0;last_len=20;last_src=0xa107;last_dst=0xb102;last_code=0xe
[RECV] BSDC91 notify: TS;1;11540;f;830;2427;-518;945;1317;ABCDEFGH;5;10;M;0;S;144;0;full;99
[RECV] BSDC91 notify: TR;2;11540;f;0;ff;ff;1996,2383,2033,1453,2004,2671,2216,1673;1996,2383,2033,1453,2004,2671,2216,1673;100,100,100,100,100,93,100,100;OOOOOOOO
[RECV] BSDC91 notify: TDIAG;wait_ms=75;tx_us=610;rx_us=183;coll_us=8453;range_us=43914;solve_us=11840;out_us=2227;clean_us=61;total_ms=143
[RECV] BS2DCE notify: RXG;1;11187;tag=1;mask=0xff;pc=8;guard=1200;spacing=1000;win=8165;pre=1;slot_to_entry_us=0;slot_to_sched_us=0;slot_to_write_done_us=0;slot_to_txcmd_us=274;slot_to_txdone_us=610;txcmd_to_txdone_us=335;txdone_to_rxstart_us=91;txdone_to_rxend_us=213;rxenable
[RECV] BSDC91 notify: TS;1;11541;f;896;2463;1586;795;1192;ABCDEFGH;5;10;M;0;S;57;0;full;99
[RECV] BSDC91 notify: TR;2;11541;f;0;ff;ff;2195,2421,1980,1489,2031,2556,2135,1684;2195,2421,1980,1489,2031,2556,2135,1684;100,100,100,100,100,93,100,100;OOOOOOOO
[RECV] BS2DCE notify: CD;1;11187;tag=1;local=0xb101;status=0x00806f02;rxf=0x0766c814;win=8165;pc=8;mask=0xff;resp=8;unexp=0;last_len=20;last_src=0xa107;last_dst=0xb101;last_code=0xe
[RECV] BS2DCE notify: TS;1;11188;f;1416;2090;1988;858;1210;ABCDEFGH;0;10;M;0;S;143;0;full;99
[RECV] BS2DCE notify: TR;2;11188;f;0;ff;ff;2343,1894,2201,2435,1908,1717,2011,2235;2343,1894,2201,2435,1908,1717,2011,2235;100,100,100,100,100,100,100,93;OOOOOOOO
[RECV] BS2DCE notify: TS;1;11189;f;1360;2005;1820;743;1100;ABCDEFGH;0;10;M;0;S;58;0;full;99
[RECV] BS2DCE notify: TR;2;11189;f;0;ff;ff;2223,1863,2346,2547,1862,1838,2202,2283;2223,1863,2346,2547,1862,1838,2202,2283;100,100,100,100,100,100,100,93;OOOOOOOO
[RECV] BSDC91 notify: TS;1;11542;f;1015;2459;1720;745;989;ABCDEFGH;5;10;M;0;S;99;0;full;99
[RECV] BSDC91 notify: TR;2;11542;f;0;ff;ff;2273,2500,2050,1827,2145,2531,2012,1688;2273,2500,2050,1827,2145,2531,2012,1688;100,100,100,100,100,93,100,100;OOOOOOOO
[RECV] BS2DCE notify: TS;1;11190;f;1379;1941;1929;763;1103;ABCDEFGH;0;10;M;0;S;99;0;full;99
[RECV] BS2DCE notify: TR;2;11190;f;0;ff;ff;2227,1879,2479,2711,1794,1711,2138,2327;2227,1879,2479,2711,1794,1711,2138,2327;100,100,100,100,100,100,100,93;OOOOOOOO
[RECV] BS2DCE notify: TDIAG;wait_ms=74;tx_us=610;rx_us=183;coll_us=8300;range_us=579;solve_us=12145;out_us=2197;clean_us=30;total_ms=98
[RECV] BSDC91 notify: TS;1;11543;f;936;2550;1679;776;1102;ABCDEFGH;5;10;M;0;S;100;0;full;99
[RECV] BSDC91 notify: TR;2;11543;f;0;ff;ff;2275,2601,1940,1595,2158,2671,1988,1597;2275,2601,1940,1595,2158,2671,1988,1597;100,100,100,100,100,93,100,100;OOOOOOOO
[RECV] BS2DCE notify: TS;1;11191;f;1350;1920;1836;730;1050;ABCDEFGH;0;10;M;0;S;100;0;full;99
[RECV] BS2DCE notify: TR;2;11191;f;0;ff;ff;2181,1870,2452,2612,1866,1622,2398,2286;2181,1870,2452,2612,1866,1622,2398,2286;100,100,100,100,100,100,100,93;OOOOOOOO
[RECV] BSDC91 notify: TS;1;11544;f;963;2535;-203;805;1087;ABCDEFGH;5;10;M;0;S;100;0;full;99
[RECV] BSDC91 notify: TR;2;11544;f;0;ff;ff;2223,2571,1931,1582,2173,2569,1909,1667;2223,2571,1931,1582,2173,2569,1909,1667;100,100,100,100,100,94,100,100;OOOOOOOO
[RECV] BS2DCE notify: TS;1;11192;f;1312;1941;1767;733;1031;ABCDEFGH;0;10;M;0;S;99;0;full;99
[RECV] BS2DCE notify: TR;2;11192;f;0;ff;ff;2069,1877,2369,2518,1826,1745,2373,2338;2069,1877,2369,2518,1826,1745,2373,2338;100,100,100,100,100,100,100,94;OOOOOOOO
[RECV] BSDC91 notify: TS;1;11545;f;988;2591;1836;863;1197;ABCDEFGH;5;10;M;0;S;101;0;full;99
[RECV] BSDC91 notify: TR;2;11545;f;0;ff;ff;2266,2670,1871,1597,2194,2566,1784,1541;2266,2670,1871,1597,2194,2566,1784,1541;100,100,100,100,100,94,100,100;OOOOOOOO
[RECV] BS2DCE notify: TS;1;11193;f;1260;1913;1776;759;1075;ABCDEFGH;0;10;M;0;S;101;0;full;99
[RECV] BS2DCE notify: TR;2;11193;f;0;ff;ff;1961,1842,2451,2456,1825,1709,2415,2288;1961,1842,2451,2456,1825,1709,2415,2288;100,100,100,100,100,100,100,94;OOOOOOOO
[RECV] BSDC91 notify: TS;1;11546;f;1028;2549;1818;828;1185;ABCDEFGH;5;10;M;0;S;99;0;full;99
[RECV] BSDC91 notify: TR;2;11546;f;0;ff;ff;2310,2544,2007,1641,2261,2489,1778,1625;2310,2544,2007,1641,2261,2489,1778,1625;100,100,100,100,100,94,100,100;OOOOOOOO
[RECV] BS2DCE notify: TS;1;11194;f;1217;1905;1780;775;1079;ABCDEFGH;0;10;M;0;S;100;0;full;99
[RECV] BS2DCE notify: TR;2;11194;f;0;ff;ff;1877,1855,2404,2509,1741,1798,2454,2219;1877,1855,2404,2509,1741,1798,2454,2219;100,100,100,100,100,100,100,94;OOOOOOOO
[RECV] BSDC91 notify: TS;1;11547;f;1197;2593;1860;871;1222;ABCDEFGH;5;10;M;0;S;100;0;full;99
[RECV] BSDC91 notify: TR;2;11547;f;0;ff;ff;2377,2517,1713,1786,2317,2425,1641,1653;2377,2517,1713,1786,2317,2425,1641,1653;100,100,100,100,100,95,100,100;OOOOOOOO
[RECV] BS2DCE notify: TS;1;11195;f;1222;1837;1720;684;1007;ABCDEFGH;0;10;M;0;S;99;0;full;99
[RECV] BS2DCE notify: TR;2;11195;f;0;ff;ff;1791,1971,2466,2883,1769,1849,2497,2251;1791,1971,2466,2883,1769,1849,2497,2251;100,100,100,100,100,100,100,95;OOOOOOOO
[RECV] BS2DCE notify: TS;1;11196;f;1092;1959;1783;753;1009;ABCDEFGH;0;10;M;0;S;101;0;full;99
[RECV] BS2DCE notify: TR;2;11196;f;0;ff;ff;1856,2081,2437,2390,1731,1900,2493,2126;1856,2081,2437,2390,1731,1900,2493,2126;100,100,100,100,100,100,100,95;OOOOOOOO
[RECV] BSDC91 notify: TS;1;11548;f;1196;2523;1958;893;1235;ABCDEFGH;5;10;M;0;S;100;0;full;99
[RECV] BSDC91 notify: TR;2;11548;f;0;ff;ff;2477,2367,1955,1775,2222,2321,1617,1737;2477,2367,1955,1775,2222,2321,1617,1737;100,100,100,100,100,95,100,100;OOOOOOOO
[RECV] BSDC91 notify: TS;1;11549;f;1252;2558;2032;913;1230;ABCDEFGH;5;10;M;0;S;100;0;full;99
[RECV] BSDC91 notify: TR;2;11549;f;0;ff;ff;2543,2477,1886,1836,2260,2236,1504,1779;2543,2477,1886,1836,2260,2236,1504,1779;100,100,100,100,100,95,100,100;OOOOOOOO
[RECV] BS2DCE notify: TS;1;11197;f;1017;1940;1821;762;1119;ABCDEFGH;0;10;M;0;S;100;0;full;99
[RECV] BS2DCE notify: TR;2;11197;f;0;ff;ff;1729,2223,2556,2350,1661,1927,2387,2227;1729,2223,2556,2350,1661,1927,2387,2227;100,100,100,100,100,100,100,95;OOOOOOOO
[RECV] BS2DCE notify: RXG;1;11197;tag=1;mask=0xff;pc=8;guard=1200;spacing=1000;win=8165;pre=1;slot_to_entry_us=0;slot_to_sched_us=0;slot_to_write_done_us=0;slot_to_txcmd_us=274;slot_to_txdone_us=610;txcmd_to_txdone_us=335;txdone_to_rxstart_us=152;txdone_to_rxend_us=274;rxenabl
[RECV] BSDC91 notify: RXG;1;11549;tag=2;mask=0xff;pc=8;guard=1200;spacing=1000;win=8165;pre=1;slot_to_entry_us=0;slot_to_sched_us=0;slot_to_write_done_us=0;slot_to_txcmd_us=274;slot_to_txdone_us=610;txcmd_to_txdone_us=335;txdone_to_rxstart_us=61;txdone_to_rxend_us=183;rxenable
[RECV] BS2DCE notify: CD;1;11197;tag=1;local=0xb101;status=0x00806f02;rxf=0x07b6c814;win=8165;pc=8;mask=0xff;resp=8;unexp=0;last_len=20;last_src=0xa107;last_dst=0xb101;last_code=0xe
[RECV] BS2DCE notify: TS;1;11198;f;990;1883;1690;714;1082;ABCDEFGH;0;10;M;0;S;143;0;full;99
[RECV] BS2DCE notify: TR;2;11198;f;0;ff;ff;1635,2081,2625,2414,1664,2034,2482,2248;1635,2081,2625,2414,1664,2034,2482,2248;100,100,100,100,100,100,100,95;OOOOOOOO
[RECV] BSDC91 notify: CD;1;11549;tag=2;local=0xb102;status=0x00806f02;rxf=0x07b6c814;win=8165;pc=8;mask=0xff;resp=8;unexp=0;last_len=20;last_src=0xa107;last_dst=0xb102;last_code=0xe
[RECV] BSDC91 notify: TS;1;11550;f;1288;2520;1961;870;1150;ABCDEFGH;5;10;M;0;S;144;0;full;99
[RECV] BSDC91 notify: TR;2;11550;f;0;ff;ff;2524,2394,1900,1909,2263,2251,1538,1867;2524,2394,1900,1909,2263,2251,1538,1867;100,100,100,100,100,95,100,100;OOOOOOOO
[RECV] BSDC91 notify: TDIAG;wait_ms=75;tx_us=610;rx_us=183;coll_us=8300;range_us=44006;solve_us=11871;out_us=2197;clean_us=30;total_ms=143
[RECV] BSDC91 notify: TS;1;11551;f;1371;2519;2060;928;1231;ABCDEFGH;5;10;M;0;S;58;0;full;99
[RECV] BSDC91 notify: TR;2;11551;f;0;ff;ff;2588,2360,1809,1999,2287,2100,1477,1876;2588,2360,1809,1999,2287,2100,1477,1876;100,100,100,100,100,95,100,100;OOOOOOOO
[RECV] BS2DCE notify: TS;1;11199;f;986;1866;1588;647;948;ABCDEFGH;0;10;M;0;S;57;0;full;99
[RECV] BS2DCE notify: TR;2;11199;f;0;ff;ff;1693,2040,2749,2364,1724,2051,2543,2328;1693,2040,2749,2364,1724,2051,2543,2328;100,100,100,100,100,100,100,95;OOOOOOOO
[RECV] BSDC91 notify: TS;1;11552;f;1426;2530;2022;922;1246;ABCDEFGH;5;10;M;0;S;98;0;full;99
[RECV] BSDC91 notify: TR;2;11552;f;0;ff;ff;2667,2304,1740,1962,2330,2055,1477,1949;2667,2304,1740,1962,2330,2055,1477,1949;100,100,100,100,100,96,100,100;OOOOOOOO
[RECV] BS2DCE notify: TS;1;11200;f;961;1836;1583;661;1003;ABCDEFGH;0;10;M;0;S;100;0;full;99
[RECV] BS2DCE notify: TR;2;11200;f;0;ff;ff;1605,2037,2774,2350,1701,2016,2573,2358;1605,2037,2774,2350,1701,2016,2573,2358;100,100,100,100,100,100,100,96;OOOOOOOO
[RECV] BS2DCE notify: TDIAG;wait_ms=75;tx_us=610;rx_us=213;coll_us=8300;range_us=549;solve_us=12115;out_us=2197;clean_us=61;total_ms=100
[RECV] BSDC91 notify: TS;1;11553;f;1452;2472;1987;871;1176;ABCDEFGH;5;10;M;0;S;100;0;full;99
[RECV] BSDC91 notify: TR;2;11553;f;0;ff;ff;2630,2244,1815,2135,2351,2039,1555,1962;2630,2244,1815,2135,2351,2039,1555,1962;100,100,100,100,100,96,100,100;OOOOOOOO
[RECV] BS2DCE notify: TS;1;11201;f;989;1894;-220;686;1114;ABCDEFGH;0;10;M;0;S;99;0;full;99
[RECV] BS2DCE notify: TR;2;11201;f;0;ff;ff;1648,2072,2512,2199,1679,2234,2608,2542;1648,2072,2512,2199,1679,2234,2608,2542;100,100,100,100,100,100,100,96;OOOOOOOO
[RECV] BSDC91 notify: TS;1;11554;f;1424;2445;2088;937;1264;ABCDEFGH;5;10;M;0;S;100;0;full;99
[RECV] BSDC91 notify: TR;2;11554;f;0;ff;ff;2533,2309,1822,2128,2322,1875,1556,1944;2533,2309,1822,2128,2322,1875,1556,1944;100,100,100,100,100,96,100,100;OOOOOOOO
[RECV] BS2DCE notify: TS;1;11202;f;1019;1920;-319;749;1181;ABCDEFGH;0;10;M;0;S;101;0;full;99
[RECV] BS2DCE notify: TR;2;11202;f;0;ff;ff;1726,1981,2378,2126,1703,2167,2681,2447;1726,1981,2378,2126,1703,2167,2681,2447;100,100,100,100,100,100,100,96;OOOOOOOO
[RECV] BSDC91 notify: TS;1;11555;f;1530;2511;2099;888;1192;ABCDEFGH;5;10;M;0;S;100;0;full;99
[RECV] BSDC91 notify: TR;2;11555;f;0;ff;ff;3141,2251,1823,2183,2283,1875,1553,1968;3141,2251,1823,2183,2283,1875,1553,1968;100,100,100,100,100,96,100,100;OOOOOOOO
[RECV] BS2DCE notify: TS;1;11203;f;923;1994;-318;754;1150;ABCDEFGH;0;10;M;0;S;100;0;full;99
[RECV] BS2DCE notify: TR;2;11203;f;0;ff;ff;1755,2020,2422,2043,1754,2313,2701,2199;1755,2020,2422,2043,1754,2313,2701,2199;100,100,100,100,100,100,100,96;OOOOOOOO
[RECV] BSDC91 notify: TS;1;11556;f;1569;2562;2028;846;1239;ABCDEFGH;5;10;M;0;S;100;0;full;99
[RECV] BSDC91 notify: TR;2;11556;f;0;ff;ff;3332,2176,1834,2171,2302,2067,1473,2003;3332,2176,1834,2171,2302,2067,1473,2003;100,100,100,100,100,96,100,100;OOOOOOOO
[RECV] BS2DCE notify: TS;1;11204;f;851;2004;1538;689;1042;ABCDEFGH;0;10;M;0;S;99;0;full;99
[RECV] BS2DCE notify: TR;2;11204;f;0;ff;ff;1789,2072,2735,1930,1750,2253,2507,2193;1789,2072,2735,1930,1750,2253,2507,2193;100,100,100,100,100,100,100,96;OOOOOOOO
[RECV] BSDC91 notify: TS;1;11557;f;1546;2685;1654;674;1196;ABCDEFGH;5;10;M;0;S;100;0;full;99
[RECV] BSDC91 notify: TR;2;11557;f;0;ff;ff;3640,2117,1864,2335,2251,2861,1515,1936;3640,2117,1864,2335,2251,2861,1515,1936;100,100,100,100,100,96,100,100;OOOOOOOO
[RECV] BS2DCE notify: TS;1;11205;f;800;2033;1599;731;1133;ABCDEFGH;0;10;M;0;S;101;0;full;99
[RECV] BS2DCE notify: TR;2;11205;f;0;ff;ff;1832,2034,2842,1831,1730,2340,2446,2087;1832,2034,2842,1831,1730,2340,2446,2087;100,100,100,100,100,100,100,96;OOOOOOOO
[RECV] BSDC91 notify: TS;1;11558;f;1517;2425;1856;773;1139;ABCDEFGH;5;10;M;0;S;100;0;full;99
[RECV] BSDC91 notify: TR;2;11558;f;0;ff;ff;2707,2089,1893,2352,2276,2270,1559,2095;2707,2089,1893,2352,2276,2270,1559,2095;100,100,100,100,100,96,100,100;OOOOOOOO
[RECV] BS2DCE notify: TS;1;11206;f;936;2121;-388;832;1211;ABCDEFGH;0;10;M;0;S;100;0;full;99
[RECV] BS2DCE notify: TR;2;11206;f;0;ff;ff;1817,2062,2331,1870,1832,2368,2448,2053;1817,2062,2331,1870,1832,2368,2448,2053;100,100,100,100,100,100,100,96;OOOOOOOO
[RECV] BSDC91 notify: TS;1;11559;f;1543;2492;1976;816;1258;ABCDEFGH;5;10;M;0;S;100;0;full;99
[RECV] BSDC91 notify: TR;2;11559;f;0;ff;ff;3140,2082,1875,2337,2180,2240,1544,1982;3140,2082,1875,2337,2180,2240,1544,1982;100,100,100,100,100,96,100,100;OOOOOOOO
[RECV] BS2DCE notify: TS;1;11207;f;936;2171;-354;843;1225;ABCDEFGH;0;10;M;0;S;99;0;full;99
[RECV] BS2DCE notify: TR;2;11207;f;0;ff;ff;1910,2076,2268,1839,1833,2367,2369,1964;1910,2076,2268,1839,1833,2367,2369,1964;100,100,100,100,100,100,100,96;OOOOOOOO
[RECV] BSDC91 notify: RXG;1;11559;tag=2;mask=0xff;pc=8;guard=1200;spacing=1000;win=8165;pre=1;slot_to_entry_us=0;slot_to_sched_us=0;slot_to_write_done_us=0;slot_to_txcmd_us=274;slot_to_txdone_us=610;txcmd_to_txdone_us=335;txdone_to_rxstart_us=61;txdone_to_rxend_us=183;rxenable
[RECV] BSDC91 notify: CD;1;11559;tag=2;local=0xb102;status=0x00806f02;rxf=0x0776c814;win=8165;pc=8;mask=0xff;resp=8;unexp=0;last_len=20;last_src=0xa107;last_dst=0xb102;last_code=0xe
[RECV] BSDC91 notify: TS;1;11560;f;1517;2354;1995;839;1218;ABCDEFGH;5;10;M;0;S;144;0;full;100
[RECV] BSDC91 notify: TR;2;11560;f;0;ff;ff;2766,2040,1971,2354,2167,2002,1625,2117;2766,2040,1971,2354,2167,2002,1625,2117;100,100,100,100,100,100,100,100;OOOOOOOO
[RECV] BSDC91 notify: TDIAG;wait_ms=75;tx_us=610;rx_us=183;coll_us=8300;range_us=43823;solve_us=11932;out_us=2227;clean_us=30;total_ms=143
[RECV] BS2DCE notify: RXG;1;11207;tag=1;mask=0xff;pc=8;guard=1200;spacing=1000;win=8165;pre=1;slot_to_entry_us=0;slot_to_sched_us=0;slot_to_write_done_us=0;slot_to_txcmd_us=274;slot_to_txdone_us=610;txcmd_to_txdone_us=335;txdone_to_rxstart_us=91;txdone_to_rxend_us=213;rxenable
[RECV] BS2DCE notify: CD;1;11207;tag=1;local=0xb101;status=0x00806f02;rxf=0x07a6c814;win=8165;pc=8;mask=0xff;resp=8;unexp=0;last_len=20;last_src=0xa107;last_dst=0xb101;last_code=0xe
[RECV] BS2DCE notify: TS;1;11208;f;898;2206;-360;840;1230;ABCDEFGH;0;10;M;0;S;144;0;full;100
[RECV] BS2DCE notify: TR;2;11208;f;0;ff;ff;1909,2170,2255,1782,1847,2425,2377,1926;1909,2170,2255,1782,1847,2425,2377,1926;100,100,100,100,100,100,100,100;OOOOOOOO
[RECV] BSDC91 notify: TS;1;11561;f;1501;2341;1864;762;1124;ABCDEFGH;5;10;M;0;S;57;0;full;100
[RECV] BSDC91 notify: TR;2;11561;f;0;ff;ff;2691,2051,1991,2400,2144,2166,1668,2184;2691,2051,1991,2400,2144,2166,1668,2184;100,100,100,100,100,100,100,100;OOOOOOOO
[RECV] BS2DCE notify: TS;1;11209;f;930;2197;-358;822;1209;ABCDEFGH;0;10;M;0;S;57;0;full;100
[RECV] BS2DCE notify: TR;2;11209;f;0;ff;ff;1931,2159,2268,1776,1869,2409,2371,2012;1931,2159,2268,1776,1869,2409,2371,2012;100,100,100,100,100,100,100,100;OOOOOOOO
[RECV] BSDC91 notify: TS;1;11562;f;1592;2309;2023;863;1319;ABCDEFGH;5;10;M;0;S;99;0;full;100
[RECV] BSDC91 notify: TR;2;11562;f;0;ff;ff;2831,1901,1935,2499,2134,1935,1662,2140;2831,1901,1935,2499,2134,1935,1662,2140;100,100,100,100,100,100,100,100;OOOOOOOO
[RECV] BS2DCE notify: TS;1;11210;f;861;2259;-415;872;1282;ABCDEFGH;0;10;M;0;S;99;0;full;100
[RECV] BS2DCE notify: TR;2;11210;f;0;ff;ff;1937,2181,2211,1704,1858,2552,2365,1836;1937,2181,2211,1704,1858,2552,2365,1836;100,100,100,100,100,100,100,100;OOOOOOOO
[RECV] BS2DCE notify: TDIAG;wait_ms=75;tx_us=610;rx_us=274;coll_us=8270;range_us=549;solve_us=11871;out_us=2349;clean_us=30;total_ms=100
[RECV] BSDC91 notify: TS;1;11563;f;1500;2264;1991;833;1217;ABCDEFGH;5;10;M;0;S;100;0;full;100
[RECV] BS2DCE notify: TS;1;11211;f;882;2282;-453;889;1270;ABCDEFGH;0;10;M;0;S;100;0;full;100
[RECV] BS2DCE notify: TR;2;11211;f;0;ff;ff;1920,2215,2185,1647,1916,2532,2314,1855;1920,2215,2185,1647,1916,2532,2314,1855;100,100,100,100,100,100,100,100;OOOOOOOO
[RECV] BSDC91 notify: TR;2;11563;f;0;ff;ff;2671,1980,2060,2426,2051,1941,1724,2187;2671,1980,2060,2426,2051,1941,1724,2187;100,100,100,100,100,100,100,100;OOOOOOOO
[RECV] BSDC91 notify: TS;1;11564;f;1535;2207;2026;856;1278;ABCDEFGH;5;10;M;0;S;100;0;full;100
[RECV] BSDC91 notify: TR;2;11564;f;0;ff;ff;2699,1889,2095,2466,2019,1801,1784,2238;2699,1889,2095,2466,2019,1801,1784,2238;100,100,100,100,100,100,100,100;OOOOOOOO
[RECV] BS2DCE notify: TS;1;11212;f;849;2311;-418;873;1275;ABCDEFGH;0;10;M;0;S;100;0;full;100
[RECV] BS2DCE notify: TR;2;11212;f;0;ff;ff;1976,2252,2172,1640,1902,2607,2324,1792;1976,2252,2172,1640,1902,2607,2324,1792;100,100,100,100,100,100,100,100;OOOOOOOO
[RECV] BSDC91 notify: TS;1;11565;f;1509;2179;2094;883;1285;ABCDEFGH;5;10;M;0;S;100;0;full;100
[RECV] BSDC91 notify: TR;2;11565;f;0;ff;ff;2768,1916,2146,2440,1968,1645,1893,2185;2768,1916,2146,2440,1968,1645,1893,2185;100,100,100,100,100,100,100,100;OOOOOOOO
[RECV] BS2DCE notify: TS;1;11213;f;880;2316;-343;830;1200;ABCDEFGH;0;10;M;0;S;100;0;full;100
[RECV] BS2DCE notify: TR;2;11213;f;0;ff;ff;2022,2254,2226,1663,1944,2579,2247,1838;2022,2254,2226,1663,1944,2579,2247,1838;100,100,100,100,100,100,100,100;OOOOOOOO
[RECV] BSDC91 notify: TS;1;11566;f;1641;2211;2059;853;1360;ABCDEFGH;5;10;M;0;S;100;0;full;100
[RECV] BSDC91 notify: TR;2;11566;f;0;ff;ff;3151,1799,2125,2512,2031,1652,1837,2281;3151,1799,2125,2512,2031,1652,1837,2281;100,100,100,100,100,100,100,100;OOOOOOOO
[RECV] BS2DCE notify: TS;1;11214;f;882;2342;-373;847;1227;ABCDEFGH;0;10;M;0;S;101;0;full;100
[RECV] BS2DCE notify: TR;2;11214;f;0;ff;ff;2091,2267,2132,1613,1955,2565,2282,1810;2091,2267,2132,1613,1955,2565,2282,1810;100,100,100,100,100,100,100,100;OOOOOOOO
[RECV] BSDC91 notify: TS;1;11567;f;1495;2089;1998;863;1304;ABCDEFGH;5;10;M;0;S;100;0;full;100
[RECV] BSDC91 notify: TR;2;11567;f;0;ff;ff;2471,1778,2178,2524,1906,1740,1956,2267;2471,1778,2178,2524,1906,1740,1956,2267;100,100,100,100,100,100,100,100;OOOOOOOO
[RECV] BS2DCE notify: TS;1;11215;f;925;2392;-363;831;1207;ABCDEFGH;0;10;M;0;S;100;0;full;100
[RECV] BS2DCE notify: TR;2;11215;f;0;ff;ff;2110,2342,2041,1644,2019,2621,2191,1820;2110,2342,2041,1644,2019,2621,2191,1820;100,100,100,100,100,100,100,100;OOOOOOOO
[RECV] BSDC91 notify: TS;1;11568;f;1455;2034;1965;836;1248;ABCDEFGH;5;10;M;0;S;100;0;full;100
[RECV] BSDC91 notify: TR;2;11568;f;0;ff;ff;2353,1789,2285,2533,1896,1696,2031,2304;2353,1789,2285,2533,1896,1696,2031,2304;100,100,100,100,100,100,100,100;OOOOOOOO
[RECV] BS2DCE notify: TS;1;11216;f;935;2427;1608;747;1066;ABCDEFGH;0;10;M;0;S;99;0;full;100
[RECV] BS2DCE notify: TR;2;11216;f;0;ff;ff;2243,2404,2058,1669,2003,2596,2149,1749;2243,2404,2058,1669,2003,2596,2149,1749;100,100,100,100,100,100,100,100;OOOOOOOO
[RECV] BSDC91 notify: TS;1;11569;f;1451;1988;2017;832;1190;ABCDEFGH;5;10;M;0;S;100;0;full;100
[RECV] BSDC91 notify: TR;2;11569;f;0;ff;ff;2373,1853,2338,2630,1849,1558,2108,2318;2373,1853,2338,2630,1849,1558,2108,2318;100,100,100,100,100,100,100,100;OOOOOOOO
[RECV] BS2DCE notify: TS;1;11217;f;990;2476;1671;731;1080;ABCDEFGH;0;10;M;0;S;101;0;full;100
[RECV] BS2DCE notify: TR;2;11217;f;0;ff;ff;2373,2567,2011,1684,2085,2468,2104,1777;2373,2567,2011,1684,2085,2468,2104,1777;100,100,100,100,100,100,100,100;OOOOOOOO
[RECV] BS2DCE notify: RXG;1;11217;tag=1;mask=0xff;pc=8;guard=1200;spacing=1000;win=8165;pre=1;slot_to_entry_us=0;slot_to_sched_us=0;slot_to_write_done_us=0;slot_to_txcmd_us=274;slot_to_txdone_us=610;txcmd_to_txdone_us=335;txdone_to_rxstart_us=61;txdone_to_rxend_us=183;rxenable
[RECV] BSDC91 notify: RXG;1;11569;tag=2;mask=0xff;pc=8;guard=1200;spacing=1000;win=8165;pre=1;slot_to_entry_us=0;slot_to_sched_us=0;slot_to_write_done_us=0;slot_to_txcmd_us=274;slot_to_txdone_us=610;txcmd_to_txdone_us=335;txdone_to_rxstart_us=61;txdone_to_rxend_us=213;rxenable
[RECV] BS2DCE notify: CD;1;11217;tag=1;local=0xb101;status=0x00806f02;rxf=0x0786c814;win=8165;pc=8;mask=0xff;resp=8;unexp=0;last_len=20;last_src=0xa107;last_dst=0xb101;last_code=0xe
[RECV] BS2DCE notify: TS;1;11218;f;1020;2455;1739;728;996;ABCDEFGH;0;10;M;0;S;144;0;full;100
[RECV] BS2DCE notify: TR;2;11218;f;0;ff;ff;2360,2560,2053,1837,2120,2431,2097,1707;2360,2560,2053,1837,2120,2431,2097,1707;100,100,100,100,100,100,100,100;OOOOOOOO
[RECV] BSDC91 notify: CD;1;11569;tag=2;local=0xb102;status=0x00806f02;rxf=0x0766c814;win=8165;pc=8;mask=0xff;resp=8;unexp=0;last_len=20;last_src=0xa107;last_dst=0xb102;last_code=0xe
[RECV] BSDC91 notify: TS;1;11570;f;1467;1934;2045;860;1194;ABCDEFGH;5;10;M;0;S;144;0;full;100
[RECV] BSDC91 notify: TR;2;11570;f;0;ff;ff;2256,1827,2333,2712,1884,1409,2167,2329;2256,1827,2333,2712,1884,1409,2167,2329;100,100,100,100,100,100,100,100;OOOOOOOO
[RECV] BSDC91 notify: TDIAG;wait_ms=75;tx_us=610;rx_us=213;coll_us=8331;range_us=43975;solve_us=11871;out_us=2227;clean_us=30;total_ms=143
[RECV] BSDC91 notify: TS;1;11571;f;1430;1903;2020;847;1196;ABCDEFGH;5;10;M;0;S;58;0;full;100
[RECV] BSDC91 notify: TR;2;11571;f;0;ff;ff;2210,1802,2417,2672,1823,1441,2210,2354;2210,1802,2417,2672,1823,1441,2210,2354;100,100,100,100,100,100,100,100;OOOOOOOO
[RECV] BS2DCE notify: TS;1;11219;f;938;2475;1734;767;993;ABCDEFG;0;10;M;0;S;53;0;full;100
[RECV] BS2DCE notify: TR;2;11219;f;0;ff;7f;2297,2590,2067,1818,2097,2528,2027,0;2297,2590,2067,1818,2097,2528,2027,1707;100,100,100,100,100,100,100,96;OOOOOOOT
[RECV] BSDC91 notify: TS;1;11572;f;1469;1864;1976;821;1205;ABCDEFGH;5;10;M;0;S;98;0;full;100
[RECV] BSDC91 notify: TR;2;11572;f;0;ff;ff;2177,1723,2380,2883,1771,1532,2225,2372;2177,1723,2380,2883,1771,1532,2225,2372;100,100,100,100,100,100,100,100;OOOOOOOO
[RECV] BS2DCE notify: TS;1;11220;f;1006;2478;1697;736;1032;ABCDEFGH;0;10;M;0;S;103;0;full;99
[RECV] BS2DCE notify: TR;2;11220;f;0;ff;ff;2267,2596,2026,1754,2176,2463,1998,1760;2267,2596,2026,1754,2176,2463,1998,1760;100,100,100,100,100,100,100,96;OOOOOOOO
[RECV] BS2DCE notify: TDIAG;wait_ms=78;tx_us=610;rx_us=213;coll_us=8300;range_us=549;solve_us=12145;out_us=2227;clean_us=30;total_ms=103
[RECV] BSDC91 notify: TS;1;11573;f;1388;1868;1908;827;1186;ABCDEFGH;5;10;M;0;S;100;0;full;100
[RECV] BSDC91 notify: TR;2;11573;f;0;ff;ff;2067,1731,2391,2596,1775,1500,2373,2375;2067,1731,2391,2596,1775,1500,2373,2375;100,100,100,100,100,100,100,100;OOOOOOOO
[RECV] BS2DCE notify: TS;1;11221;f;1009;2484;1712;775;1114;ABCDEFGH;0;10;M;0;S;100;0;full;99
[RECV] BS2DCE notify: TR;2;11221;f;0;ff;ff;2234,2514,2049,1678,2199,2468,1880,1765;2234,2514,2049,1678,2199,2468,1880,1765;100,100,100,100,100,100,100,96;OOOOOOOO
[RECV] BSDC91 notify: TS;1;11574;f;1362;1845;1831;801;1134;ABCDEFGH;5;10;M;0;S;100;0;full;100
[RECV] BSDC91 notify: TR;2;11574;f;0;ff;ff;1932,1729,2419,2588,1773,1557,2355,2455;1932,1729,2419,2588,1773,1557,2355,2455;100,100,100,100,100,100,100,100;OOOOOOOO
[RECV] BS2DCE notify: TS;1;11222;f;1004;2492;1725;762;1101;ABCDEFGH;0;10;M;0;S;100;0;full;99
[RECV] BS2DCE notify: TR;2;11222;f;0;ff;ff;2276,2549,2066,1692,2204,2473,1915,1742;2276,2549,2066,1692,2204,2473,1915,1742;100,100,100,100,100,100,100,96;OOOOOOOO
[RECV] BSDC91 notify: TS;1;11575;f;1279;1841;1797;755;1043;ABCDEFGH;5;10;M;0;S;100;0;full;100
[RECV] BSDC91 notify: TR;2;11575;f;0;ff;ff;1907,1832,2447,2637,1698,1685,2460,2381;1907,1832,2447,2637,1698,1685,2460,2381;100,100,100,100,100,100,100,100;OOOOOOOO
[RECV] BS2DCE notify: TS;1;11223;f;1069;2470;1924;822;1146;ABCDEFGH;0;10;M;0;S;100;0;full;99
[RECV] BS2DCE notify: TR;2;11223;f;0;ff;ff;2309,2597,2145,1816,2192,2288,1773,1748;2309,2597,2145,1816,2192,2288,1773,1748;100,100,100,100,100,100,100,96;OOOOOOOO
[RECV] BSDC91 notify: TS;1;11576;f;1190;1811;1774;787;1068;ABCDEFGH;5;10;M;0;S;100;0;full;100
[RECV] BSDC91 notify: TR;2;11576;f;0;ff;ff;1753,1815,2450,2553,1608,1706,2594,2321;1753,1815,2450,2553,1608,1706,2594,2321;100,100,100,100,100,100,100,100;OOOOOOOO
[RECV] BS2DCE notify: TS;1;11224;f;1185;2455;1833;818;1137;ABCDEFGH;0;10;M;0;S;99;0;full;100
[RECV] BS2DCE notify: TR;2;11224;f;0;ff;ff;2373,2378,1991,1830,2197,2270,1762,1878;2373,2378,1991,1830,2197,2270,1762,1878;100,100,100,100,100,100,100,100;OOOOOOOO
[RECV] BSDC91 notify: TS;1;11577;f;1212;1791;1709;768;1113;ABCDEFGH;5;10;M;0;S;100;0;full;100
[RECV] BSDC91 notify: TR;2;11577;f;0;ff;ff;1750,1707,2497,2538,1637,1721,2597,2367;1750,1707,2497,2538,1637,1721,2597,2367;100,100,100,100,100,100,100,100;OOOOOOOO
[RECV] BS2DCE notify: TS;1;11225;f;1212;2479;1892;843;1147;ABCDEFGH;0;10;M;0;S;100;0;full;100
[RECV] BS2DCE notify: TR;2;11225;f;0;ff;ff;2466,2329,1997,1855,2165,2350,1651,1858;2466,2329,1997,1855,2165,2350,1651,1858;100,100,100,100,100,100,100,100;OOOOOOOO
[RECV] BSDC91 notify: TS;1;11578;f;1129;1795;1758;779;1100;ABCDEFGH;5;10;M;0;S;100;0;full;100
[RECV] BSDC91 notify: TR;2;11578;f;0;ff;ff;1654,1855,2535,2533,1560,1792,2540,2363;1654,1855,2535,2533,1560,1792,2540,2363;100,100,100,100,100,100,100,100;OOOOOOOO
[RECV] BS2DCE notify: TS;1;11226;f;1273;2460;1975;879;1169;ABCDEFGH;0;10;M;0;S;101;0;full;100
[RECV] BS2DCE notify: TR;2;11226;f;0;ff;ff;2446,2363,1954,1927,2237,2123,1635,1882;2446,2363,1954,1927,2237,2123,1635,1882;100,100,100,100,100,100,100,100;OOOOOOOO
[RECV] BSDC91 notify: TS;1;11579;f;1057;1830;-238;774;1204;ABCDEFGH;5;10;M;0;S;100;0;full;100
[RECV] BSDC91 notify: TR;2;11579;f;0;ff;ff;1564,1908,2377,2463,1580,1988,2622,2401;1564,1908,2377,2463,1580,1988,2622,2401;100,100,100,100,100,100,100,100;OOOOOOOO
[RECV] BS2DCE notify: TS;1;11227;f;1322;2456;1974;863;1128;ABCDEFGH;0;10;M;0;S;99;0;full;100
[RECV] BS2DCE notify: TR;2;11227;f;0;ff;ff;2540,2348,1918,1994,2216,2094,1649,1934;2540,2348,1918,1994,2216,2094,1649,1934;100,100,100,100,100,100,100,100;OOOOOOOO
[RECV] BSDC91 notify: RXG;1;11579;tag=2;mask=0xff;pc=8;guard=1200;spacing=1000;win=8165;pre=1;slot_to_entry_us=0;slot_to_sched_us=0;slot_to_write_done_us=0;slot_to_txcmd_us=274;slot_to_txdone_us=610;txcmd_to_txdone_us=335;txdone_to_rxstart_us=61;txdone_to_rxend_us=183;rxenable
[RECV] BSDC91 notify: CD;1;11579;tag=2;local=0xb102;status=0x00806f02;rxf=0x07a6c814;win=8165;pc=8;mask=0xff;resp=8;unexp=0;last_len=20;last_src=0xa107;last_dst=0xb102;last_code=0xe
[RECV] BSDC91 notify: TS;1;11580;f;1069;1845;-289;784;1228;ABCDEFGH;5;10;M;0;S;144;0;full;100
[RECV] BS2DCE notify: RXG;1;11227;tag=1;mask=0xff;pc=8;guard=1200;spacing=1000;win=8165;pre=1;slot_to_entry_us=0;slot_to_sched_us=0;slot_to_write_done_us=0;slot_to_txcmd_us=274;slot_to_txdone_us=610;txcmd_to_txdone_us=335;txdone_to_rxstart_us=61;txdone_to_rxend_us=183;rxenable
[RECV] BSDC91 notify: TR;2;11580;f;0;ff;ff;1505,1900,2330,2518,1603,2117,2535,2461;1505,1900,2330,2518,1603,2117,2535,2461;100,100,100,100,100,100,100,100;OOOOOOOO
[RECV] BSDC91 notify: TDIAG;wait_ms=75;tx_us=610;rx_us=183;coll_us=8300;range_us=44006;solve_us=11779;out_us=2410;clean_us=30;total_ms=143
[RECV] BS2DCE notify: CD;1;11227;tag=1;local=0xb101;status=0x00806f02;rxf=0x07a6c814;win=8165;pc=8;mask=0xff;resp=8;unexp=0;last_len=20;last_src=0xa107;last_dst=0xb101;last_code=0xe
[RECV] BS2DCE notify: TS;1;11228;f;1354;2422;2018;884;1129;ABCDEFGH;0;10;M;0;S;144;0;full;100
[RECV] BS2DCE notify: TR;2;11228;f;0;ff;ff;2542,2254,1951,2071,2281,1977,1693,1869;2542,2254,1951,2071,2281,1977,1693,1869;100,100,100,100,100,100,100,100;OOOOOOOO
[RECV] BSDC91 notify: TS;1;11581;f;943;1796;-234;742;1147;ABCDEFGH;5;10;M;0;S;57;0;full;100
[RECV] BS2DCE notify: TS;1;11229;f;1364;2398;2019;878;1155;ABCDEFGH;0;10;M;0;S;56;0;full;100
[RECV] BS2DCE notify: TR;2;11229;f;0;ff;ff;2551,2201,1981,2131,2231,2008,1696,1886;2551,2201,1981,2131,2231,2008,1696,1886;100,100,100,100,100,100,100,100;OOOOOOOO
[RECV] BSDC91 notify: TR;2;11581;f;0;ff;ff;1469,1910,2735,2293,1571,2126,2621,2459;1469,1910,2735,2293,1571,2126,2621,2459;100,100,100,100,100,100,100,100;OOOOOOOO
[RECV] BSDC91 notify: TS;1;11582;f;931;1891;-405;838;1238;ABCDEFGH;5;10;M;0;S;99;0;full;100
[RECV] BSDC91 notify: TR;2;11582;f;0;ff;ff;1543,1926,2509,2076,1653,2120,2725,2265;1543,1926,2509,2076,1653,2120,2725,2265;100,100,100,100,100,100,100,100;OOOOOOOO
[RECV] BS2DCE notify: TS;1;11230;f;1370;2372;1963;845;1125;ABCDEFGH;0;10;M;0;S;100;0;full;100
[RECV] BS2DCE notify: TR;2;11230;f;0;ff;ff;2529,2177,2000,2145,2244,1990,1763,1931;2529,2177,2000,2145,2244,1990,1763,1931;100,100,100,100,100,100,100,100;OOOOOOOO
[RECV] BS2DCE notify: TDIAG;wait_ms=75;tx_us=610;rx_us=213;coll_us=8209;range_us=579;solve_us=12054;out_us=2197;clean_us=30;total_ms=100
[RECV] BSDC91 notify: TS;1;11583;f;878;1991;-344;812;1178;ABCDEFGH;5;10;M;0;S;100;0;full;100
[RECV] BSDC91 notify: TR;2;11583;f;0;ff;ff;1712,1978,2566,1918,1727,2230,2642,2123;1712,1978,2566,1918,1727,2230,2642,2123;100,100,100,100,100,100,100,100;OOOOOOOO
[RECV] BS2DCE notify: TS;1;11231;f;1451;2354;1989;832;1118;ABCDEFGH;0;10;M;0;S;100;0;full;100
[RECV] BS2DCE notify: TR;2;11231;f;0;ff;ff;2675,2158,1984,2256,2217,1896,1746,2047;2675,2158,1984,2256,2217,1896,1746,2047;100,100,100,100,100,100,100,100;OOOOOOOO
[RECV] BSDC91 notify: TS;1;11584;f;822;2122;-453;914;1310;ABCDEFGH;5;10;M;0;S;100;0;full;100
[RECV] BSDC91 notify: TR;2;11584;f;0;ff;ff;1646,2111,2441,1763,1743,2413,2409,1931;1646,2111,2441,1763,1743,2413,2409,1931;100,100,100,100,100,100,100,100;OOOOOOOO
[RECV] BS2DCE notify: TS;1;11232;f;1404;2398;1917;797;1186;ABCDEFGH;0;10;M;0;S;101;0;full;100
[RECV] BS2DCE notify: TR;2;11232;f;0;ff;ff;2691,2096,2018,2268,2169,2245,1684,1941;2691,2096,2018,2268,2169,2245,1684,1941;100,100,100,100,100,100,100,100;OOOOOOOO
[RECV] BSDC91 notify: TS;1;11585;f;856;2173;-609;994;1432;ABCDEFGH;5;10;M;0;S;100;0;full;100
[RECV] BSDC91 notify: TR;2;11585;f;0;ff;ff;1667,2121,2197,1687,1769,2467,2457,1892;1667,2121,2197,1687,1769,2467,2457,1892;100,100,100,100,100,100,100,100;OOOOOOOO
[RECV] BS2DCE notify: TS;1;11233;f;1406;2351;1793;740;1151;ABCDEFGH;0;10;M;0;S;100;0;full;100
[RECV] BS2DCE notify: TR;2;11233;f;0;ff;ff;2605,2024,2031,2390,2111,2398,1756,2008;2605,2024,2031,2390,2111,2398,1756,2008;100,100,100,100,100,100,100,100;OOOOOOOO
[RECV] BSDC91 notify: TS;1;11586;f;854;2230;-637;1010;1410;ABCDEFGH;5;10;M;0;S;100;0;full;100
[RECV] BSDC91 notify: TR;2;11586;f;0;ff;ff;1684,2129,2157,1653,1849,2549,2411,1801;1684,2129,2157,1653,1849,2549,2411,1801;100,100,100,100,100,100,100,100;OOOOOOOO
[RECV] BS2DCE notify: TS;1;11234;f;1411;2335;1673;701;1136;ABCDEFGH;0;10;M;0;S;99;0;full;100
[RECV] BS2DCE notify: TR;2;11234;f;0;ff;ff;2593,1959,2040,2357,2107,2482,1798,2104;2593,1959,2040,2357,2107,2482,1798,2104;100,100,100,100,100,100,100,100;OOOOOOOO
[RECV] BSDC91 notify: TS;1;11587;f;853;2311;-679;1031;1436;ABCDEFGH;5;10;M;0;S;100;0;full;100
[RECV] BSDC91 notify: TR;2;11587;f;0;ff;ff;1729,2203,2116,1507,1908,2677,2296,1786;1729,2203,2116,1507,1908,2677,2296,1786;100,100,100,100,100,100,100,100;OOOOOOOO
[RECV] BS2DCE notify: TS;1;11235;f;1502;2183;2045;882;1291;ABCDEFGH;0;10;M;0;S;101;0;full;100
[RECV] BS2DCE notify: TR;2;11235;f;0;ff;ff;2646,1883,2081,2417,2009,1699,1930,2152;2646,1883,2081,2417,2009,1699,1930,2152;100,100,100,100,100,100,100,100;OOOOOOOO
[RECV] BSDC91 notify: TS;1;11588;f;853;2333;-572;953;1321;ABCDEFGH;5;10;M;0;S;100;0;full;100
[RECV] BSDC91 notify: TR;2;11588;f;0;ff;ff;1873,2296,2081,1521,1970,2580,2370,1771;1873,2296,2081,1521,1970,2580,2370,1771;100,100,100,100,100,100,100,100;OOOOOOOO
[RECV] BS2DCE notify: TS;1;11236;f;1447;2156;1985;859;1177;ABCDEFGH;0;10;M;0;S;99;0;full;100
[RECV] BS2DCE notify: TR;2;11236;f;0;ff;ff;2407,1959,2082,2416,1966,1765,1933,2222;2407,1959,2082,2416,1966,1765,1933,2222;100,100,100,100,100,100,100,100;OOOOOOOO
[RECV] BSDC91 notify: TS;1;11589;f;877;2405;-443;908;1237;ABCDEFGH;5;10;M;0;S;100;0;full;100
[RECV] BSDC91 notify: TR;2;11589;f;0;ff;ff;2006,2416,2048,1505,2034,2528,2196,1711;2006,2416,2048,1505,2034,2528,2196,1711;100,100,100,100,100,100,100,100;OOOOOOOO
[RECV] BS2DCE notify: TS;1;11237;f;1404;2074;1926;801;1124;ABCDEFGH;0;10;M;0;S;100;0;full;100
[RECV] BS2DCE notify: TR;2;11237;f;0;ff;ff;2352,1934,2238,2469,1893,1750,2083,2275;2352,1934,2238,2469,1893,1750,2083,2275;100,100,100,100,100,100,100,100;OOOOOOOO
[RECV] BSDC91 notify: RXG;1;11589;tag=2;mask=0xff;pc=8;guard=1200;spacing=1000;win=8165;pre=1;slot_to_entry_us=0;slot_to_sched_us=0;slot_to_write_done_us=0;slot_to_txcmd_us=274;slot_to_txdone_us=610;txcmd_to_txdone_us=335;txdone_to_rxstart_us=61;txdone_to_rxend_us=183;rxenable
[RECV] BSDC91 notify: CD;1;11589;tag=2;local=0xb102;status=0x00806f02;rxf=0x07c6c814;win=8165;pc=8;mask=0xff;resp=8;unexp=0;last_len=20;last_src=0xa107;last_dst=0xb102;last_code=0xe
[RECV] BSDC91 notify: TS;1;11590;f;901;2466;1626;793;1174;ABCDEFGH;5;10;M;0;S;144;0;full;100
[RECV] BSDC91 notify: TR;2;11590;f;0;ff;ff;2205,2465,1990,1531,2026,2549,2125,1685;2205,2465,1990,1531,2026,2549,2125,1685;100,100,100,100,100,100,100,100;OOOOOOOO
[RECV] BSDC91 notify: TDIAG;wait_ms=75;tx_us=610;rx_us=183;coll_us=8300;range_us=43975;solve_us=11962;out_us=2227;clean_us=30;total_ms=143
[RECV] BS2DCE notify: RXG;1;11237;tag=1;mask=0xff;pc=8;guard=1200;spacing=1000;win=8165;pre=1;slot_to_entry_us=0;slot_to_sched_us=0;slot_to_write_done_us=0;slot_to_txcmd_us=274;slot_to_txdone_us=610;txcmd_to_txdone_us=335;txdone_to_rxstart_us=91;txdone_to_rxend_us=213;rxenable
[RECV] BS2DCE notify: CD;1;11237;tag=1;local=0xb101;status=0x00806f02;rxf=0x07a6c814;win=8165;pc=8;mask=0xff;resp=8;unexp=0;last_len=20;last_src=0xa107;last_dst=0xb101;last_code=0xe
[RECV] BS2DCE notify: TS;1;11238;f;1396;2012;1927;808;1150;ABCDEFGH;0;10;M;0;S;144;0;full;100
[RECV] BSDC91 notify: TS;1;11591;f;952;2467;1663;740;999;ABCDEFGH;5;10;M;0;S;57;0;full;100
[RECV] BSDC91 notify: TR;2;11591;f;0;ff;ff;2274,2500,2033,1749,2064,2640,2082,1673;2274,2500,2033,1749,2064,2640,2082,1673;100,100,100,100,100,100,100,100;OOOOOOOO
[RECV] BS2DCE notify: TR;2;11238;f;0;ff;ff;2212,1870,2301,2579,1857,1749,2088,2292;2212,1870,2301,2579,1857,1749,2088,2292;100,100,100,100,100,100,100,100;OOOOOOOO
[RECV] BS2DCE notify: TS;1;11239;f;1387;1944;1891;749;1077;ABCDEFGH;0;10;M;0;S;57;0;full;100
[RECV] BS2DCE notify: TR;2;11239;f;0;ff;ff;2217,1879,2429,2685,1846,1676,2219,2326;2217,1879,2429,2685,1846,1676,2219,2326;100,100,100,100,100,100,100,100;OOOOOOOO
[RECV] BSDC91 notify: TS;1;11592;f;943;2552;1741;828;1138;ABCDEFGH;5;10;M;0;S;99;0;full;100
[RECV] BSDC91 notify: TR;2;11592;f;0;ff;ff;2240,2557,1915,1599,2172,2612,1908,1535;2240,2557,1915,1599,2172,2612,1908,1535;100,100,100,100,100,100,100,100;OOOOOOOO
[RECV] BS2DCE notify: TS;1;11240;f;1326;1934;1850;744;1056;ABCDEFGH;0;10;M;0;S;99;0;full;100
[RECV] BS2DCE notify: TR;2;11240;f;0;ff;ff;2170,1892,2446,2550,1819,1661,2366,2304;2170,1892,2446,2550,1819,1661,2366,2304;100,100,100,100,100,100,100,100;OOOOOOOO
[RECV] BS2DCE notify: TDIAG;wait_ms=75;tx_us=610;rx_us=183;coll_us=8392;range_us=579;solve_us=11810;out_us=2380;clean_us=30;total_ms=100
[RECV] BSDC91 notify: TS;1;11593;f;978;2541;-156;784;1060;ABCDEFGH;5;10;M;0;S;100;0;full;100
[RECV] BSDC91 notify: TR;2;11593;f;0;ff;ff;2224,2621,1943,1581,2244,2494,1906,1652;2224,2621,1943,1581,2244,2494,1906,1652;100,100,100,100,100,100,100,100;OOOOOOOO
[RECV] BS2DCE notify: TS;1;11241;f;1357;1932;1749;753;1096;ABCDEFGH;0;10;M;0;S;101;0;full;100
[RECV] BS2DCE notify: TR;2;11241;f;0;ff;ff;2093,1776,2337,2470,1881,1645,2434,2338;2093,1776,2337,2470,1881,1645,2434,2338;100,100,100,100,100,100,100,100;OOOOOOOO
[RECV] BSDC91 notify: TS;1;11594;f;993;2580;1795;840;1157;ABCDEFGH;5;10;M;0;S;100;0;full;100
[RECV] BSDC91 notify: TR;2;11594;f;0;ff;ff;2251,2670,1867,1619,2191,2567,1795,1602;2251,2670,1867,1619,2191,2567,1795,1602;100,100,100,100,100,100,100,100;OOOOOOOO
[RECV] BS2DCE notify: TS;1;11242;f;1312;1927;1721;729;1043;ABCDEFGH;0;10;M;0;S;99;0;full;100
[RECV] BS2DCE notify: TR;2;11242;f;0;ff;ff;2003,1828,2372,2511,1884,1725,2420,2318;2003,1828,2372,2511,1884,1725,2420,2318;100,100,100,100,100,100,100,100;OOOOOOOO
[RECV] BSDC91 notify: TS;1;11595;f;1056;2550;1846;852;1237;ABCDEFGH;5;10;M;0;S;100;0;full;100
[RECV] BSDC91 notify: TR;2;11595;f;0;ff;ff;2313,2556,1974,1619,2263,2400,1726,1682;2313,2556,1974,1619,2263,2400,1726,1682;100,100,100,100,100,100,100,100;OOOOOOOO
[RECV] BS2DCE notify: TS;1;11243;f;1226;1904;1709;744;1060;ABCDEFGH;0;10;M;0;S;100;0;full;100
[RECV] BS2DCE notify: TR;2;11243;f;0;ff;ff;1891,1827,2386,2498,1765,1826,2504,2247;1891,1827,2386,2498,1765,1826,2504,2247;100,100,100,100,100,100,100,100;OOOOOOOO
[RECV] BSDC91 notify: TS;1;11596;f;1154;2595;1868;865;1173;ABCDEFGH;5;10;M;0;S;100;0;full;100
[RECV] BSDC91 notify: TR;2;11596;f;0;ff;ff;2411,2543,1785,1731,2240,2477,1626,1685;2411,2543,1785,1731,2240,2477,1626,1685;100,100,100,100,100,100,100,100;OOOOOOOO
[RECV] BS2DCE notify: TS;1;11244;f;1270;1851;1773;731;1068;ABCDEFGH;0;10;M;0;S;101;0;full;100
[RECV] BS2DCE notify: TR;2;11244;f;0;ff;ff;1793,1920,2390,2914,1777,1823,2422,2239;1793,1920,2390,2914,1777,1823,2422,2239;100,100,100,100,100,100,100,100;OOOOOOOO
[RECV] BSDC91 notify: TS;1;11597;f;1212;2529;1980;897;1217;ABCDEFGH;5;10;M;0;S;100;0;full;100
[RECV] BSDC91 notify: TR;2;11597;f;0;ff;ff;2478,2375,1965,1812,2254,2314,1559,1741;2478,2375,1965,1812,2254,2314,1559,1741;100,100,100,100,100,100,100,100;OOOOOOOO
[RECV] BS2DCE notify: TS;1;11245;f;1083;1942;1736;735;1036;ABCDEFGH;0;10;M;0;S;99;0;full;100
[RECV] BS2DCE notify: TR;2;11245;f;0;ff;ff;1785,2113,2443,2377,1734,1887,2481,2231;1785,2113,2443,2377,1734,1887,2481,2231;100,100,100,100,100,100,100,100;OOOOOOOO
[RECV] BSDC91 notify: TS;1;11598;f;1250;2580;1912;885;1119;ABCDFGH;5;10;M;0;S;98;0;full;100
[RECV] BSDC91 notify: TR;2;11598;f;0;ff;ef;2554,2460,1860,1855,0,2255,1502,1763;2554,2460,1860,1855,2254,2255,1502,1763;100,100,100,100,95,100,100,100;OOOOTOOO
[RECV] BS2DCE notify: TS;1;11246;f;1025;1945;1796;745;1113;ABCDEFGH;0;10;M;0;S;100;0;full;100
[RECV] BS2DCE notify: TR;2;11246;f;0;ff;ff;1726,2255,2561,2343,1711,1905,2371,2262;1726,2255,2561,2343,1711,1905,2371,2262;100,100,100,100,100,100,100,100;OOOOOOOO
[RECV] BSDC91 notify: TS;1;11599;f;1316;2536;1967;877;1173;ABCDEFGH;5;10;M;0;S;102;0;full;99
[RECV] BSDC91 notify: TR;2;11599;f;0;ff;ff;2552,2418,1855,1895,2300,2194,1503,1905;2552,2418,1855,1895,2300,2194,1503,1905;100,100,100,100,95,100,100,100;OOOOOOOO
[RECV] BS2DCE notify: TS;1;11247;f;995;1880;1682;709;1080;ABCDEFGH;0;10;M;0;S;100;0;full;100
[RECV] BS2DCE notify: TR;2;11247;f;0;ff;ff;1632,2101,2639,2381,1697,1974,2494,2281;1632,2101,2639,2381,1697,1974,2494,2281;100,100,100,100,100,100,100,100;OOOOOOOO
[RECV] BSDC91 notify: RXG;1;11599;tag=2;mask=0xff;pc=8;guard=1200;spacing=1000;win=8165;pre=1;slot_to_entry_us=0;slot_to_sched_us=0;slot_to_write_done_us=0;slot_to_txcmd_us=274;slot_to_txdone_us=610;txcmd_to_txdone_us=335;txdone_to_rxstart_us=61;txdone_to_rxend_us=183;rxenable
[RECV] BSDC91 notify: CD;1;11599;tag=2;local=0xb102;status=0x00806f02;rxf=0x0786c814;win=8165;pc=8;mask=0xff;resp=8;unexp=0;last_len=20;last_src=0xa107;last_dst=0xb102;last_code=0xe
[RECV] BSDC91 notify: TS;1;11600;f;1395;2510;2031;920;1238;ABCDEFGH;5;10;M;0;S;144;0;full;99
[RECV] BSDC91 notify: TR;2;11600;f;0;ff;ff;2564,2311,1779,2038,2289,2129,1470,1903;2564,2311,1779,2038,2289,2129,1470,1903;100,100,100,100,96,100,100,100;OOOOOOOO
[RECV] BSDC91 notify: TDIAG;wait_ms=75;tx_us=610;rx_us=183;coll_us=8300;range_us=44036;solve_us=11932;out_us=2258;clean_us=30;total_ms=143
[RECV] BS2DCE notify: RXG;1;11247;tag=1;mask=0xff;pc=8;guard=1200;spacing=1000;win=8165;pre=1;slot_to_entry_us=0;slot_to_sched_us=0;slot_to_write_done_us=0;slot_to_txcmd_us=274;slot_to_txdone_us=610;txcmd_to_txdone_us=335;txdone_to_rxstart_us=61;txdone_to_rxend_us=213;rxenable
[RECV] BS2DCE notify: CD;1;11247;tag=1;local=0xb101;status=0x00806f02;rxf=0x07c6c814;win=8165;pc=8;mask=0xff;resp=8;unexp=0;last_len=20;last_src=0xa107;last_dst=0xb101;last_code=0xe
[RECV] BS2DCE notify: TS;1;11248;f;991;1878;1608;666;995;ABCDEFGH;0;10;M;0;S;144;0;full;100
[RECV] BS2DCE notify: TR;2;11248;f;0;ff;ff;1669,2066,2706,2340,1753,1999,2536,2308;1669,2066,2706,2340,1753,1999,2536,2308;100,100,100,100,100,100,100,100;OOOOOOOO
[RECV] BSDC91 notify: TS;1;11601;f;1392;2518;2033;910;1184;ABCDEFGH;5;10;M;0;S;57;0;full;99
[RECV] BSDC91 notify: TR;2;11601;f;0;ff;ff;2653,2309,1830,1978,2326,2074,1488,1909;2653,2309,1830,1978,2326,2074,1488,1909;100,100,100,100,96,100,100,100;OOOOOOOO
[RECV] BS2DCE notify: TS;1;11249;f;949;1854;1559;640;965;ABCDEFGH;0;10;M;0;S;57;0;full;100
[RECV] BS2DCE notify: TR;2;11249;f;0;ff;ff;1637,2033,2860,2322,1775,2064,2537,2326;1637,2033,2860,2322,1775,2064,2537,2326;100,100,100,100,100,100,100,100;OOOOOOOO
[RECV] BSDC91 notify: TS;1;11602;f;1456;2460;2092;919;1215;ABCDEFGH;5;10;M;0;S;99;0;full;99
[RECV] BSDC91 notify: TR;2;11602;f;0;ff;ff;2694,2272,1853,2135,2331,1882,1524,1972;2694,2272,1853,2135,2331,1882,1524,1972;100,100,100,100,96,100,100,100;OOOOOOOO
[RECV] BS2DCE notify: TS;1;11250;f;1001;1893;-246;695;1075;ABCDEFGH;0;10;M;0;S;100;0;full;100
[RECV] BS2DCE notify: TR;2;11250;f;0;ff;ff;1648,2023,2547,2162,1738,2178,2634,2515;1648,2023,2547,2162,1738,2178,2634,2515;100,100,100,100,100,100,100,100;OOOOOOOO
[RECV] BS2DCE notify: TDIAG;wait_ms=75;tx_us=610;rx_us=183;coll_us=8239;range_us=579;solve_us=12084;out_us=2197;clean_us=30;total_ms=99
[RECV] BSDC91 notify: TS;1;11603;f;1445;2427;2059;898;1209;ABCDEFGH;5;10;M;0;S;100;0;full;99
[RECV] BSDC91 notify: TR;2;11603;f;0;ff;ff;2579,2281,1862,2199,2337,1875,1591,1968;2579,2281,1862,2199,2337,1875,1591,1968;100,100,100,100,96,100,100,100;OOOOOOOO
[RECV] BS2DCE notify: TS;1;11251;f;1095;1891;-302;683;1128;ABCDEFGH;0;10;M;0;S;100;0;full;100
[RECV] BS2DCE notify: TR;2;11251;f;0;ff;ff;1774,1974,2377,2089,1752,2222,2674,2829;1774,1974,2377,2089,1752,2222,2674,2829;100,100,100,100,100,100,100,100;OOOOOOOO
[RECV] BSDC91 notify: TS;1;11604;f;1538;2500;2066;868;1176;ABCDEFGH;5;10;M;0;S;100;0;full;99
[RECV] BSDC91 notify: TR;2;11604;f;0;ff;ff;3147,2225,1829,2191,2283,1888,1594,1986;3147,2225,1829,2191,2283,1888,1594,1986;100,100,100,100,96,100,100,100;OOOOOOOO
[RECV] BS2DCE notify: TS;1;11252;f;944;2017;-300;758;1133;ABCDEFGH;0;10;M;0;S;99;0;full;100
[RECV] BS2DCE notify: TR;2;11252;f;0;ff;ff;1773,2039,2421,2028,1783,2267,2612,2190;1773,2039,2421,2028,1783,2267,2612,2190;100,100,100,100,100,100,100,100;OOOOOOOO
[RECV] BSDC91 notify: TS;1;11605;f;1567;2519;2145;900;1236;ABCDEFGH;5;10;M;0;S;101;0;full;99
[RECV] BSDC91 notify: TR;2;11605;f;0;ff;ff;3343,2219,1871,2240,2275,1829,1495,1970;3343,2219,1871,2240,2275,1829,1495,1970;100,100,100,100,96,100,100,100;OOOOOOOO
[RECV] BS2DCE notify: TS;1;11253;f;882;1979;1546;677;984;ABCDEFGH;0;10;M;0;S;101;0;full;100
[RECV] BS2DCE notify: TR;2;11253;f;0;ff;ff;1776,2038,2757,2035,1760,2251,2499,2189;1776,2038,2757,2035,1760,2251,2499,2189;100,100,100,100,100,100,100,100;OOOOOOOO
[RECV] BSDC91 notify: TS;1;11606;f;1647;2529;2202;960;1399;ABCDEFGH;5;10;M;0;S;99;0;full;99
[RECV] BSDC91 notify: TR;2;11606;f;0;ff;ff;3640,2077,1842,2224,2255,1766,1483,2005;3640,2077,1842,2224,2255,1766,1483,2005;100,100,100,100,96,100,100,100;OOOOOOOO
[RECV] BS2DCE notify: TS;1;11254;f;872;2076;1533;725;1072;ABCDEFGH;0;10;M;0;S;99;0;full;100
[RECV] BS2DCE notify: TR;2;11254;f;0;ff;ff;1859,2041,2557,1850,1739,2335,2440,2110;1859,2041,2557,1850,1739,2335,2440,2110;100,100,100,100,100,100,100,100;OOOOOOOO
[RECV] BSDC91 notify: TS;1;11607;f;1485;2453;1912;788;1102;ABCDEFGH;5;10;M;0;S;100;0;full;99
[RECV] BSDC91 notify: TR;2;11607;f;0;ff;ff;2732,2190,1898,2337,2232,2271,1510,2061;2732,2190,1898,2337,2232,2271,1510,2061;100,100,100,100,96,100,100,100;OOOOOOOO
[RECV] BS2DCE notify: TS;1;11255;f;932;2139;-401;852;1240;ABCDEFGH;0;10;M;0;S;100;0;full;100
[RECV] BS2DCE notify: TR;2;11255;f;0;ff;ff;1829,2060,2318,1838,1823,2372,2405,2031;1829,2060,2318,1838,1823,2372,2405,2031;100,100,100,100,100,100,100,100;OOOOOOOO
[RECV] BSDC91 notify: TS;1;11608;f;1548;2451;1955;796;1220;ABCDEFGH;5;10;M;0;S;100;0;full;100
[RECV] BSDC91 notify: TR;2;11608;f;0;ff;ff;3066,2075,1915,2372,2172,2191,1572,2055;3066,2075,1915,2372,2172,2191,1572,2055;100,100,100,100,100,100,100,100;OOOOOOOO
[RECV] BS2DCE notify: TS;1;11256;f;982;2170;542;621;786;ABCDEFGH;0;10;M;0;S;101;0;full;100
[RECV] BS2DCE notify: TR;2;11256;f;0;ff;ff;1911,2061,2321,1824,1838,2342,2347,1912;1911,2061,2321,1824,1838,2342,2347,1912;100,100,100,100,100,100,100,100;OOOOOOOO
[RECV] BSDC91 notify: TS;1;11609;f;1514;2342;1934;803;1196;ABCDEFGH;5;10;M;0;S;100;0;full;100
[RECV] BSDC91 notify: TR;2;11609;f;0;ff;ff;2725,2017,1981,2399,2172,2076,1667,2114;2725,2017,1981,2399,2172,2076,1667,2114;100,100,100,100,100,100,100,100;OOOOOOOO
[RECV] BS2DCE notify: TS;1;11257;f;899;2195;-397;861;1290;ABCDEFGH;0;10;M;0;S;100;0;full;100
[RECV] BS2DCE notify: TR;2;11257;f;0;ff;ff;1934,2100,2246,1766,1802,2456,2395,1946;1934,2100,2246,1766,1802,2456,2395,1946;100,100,100,100,100,100,100,100;OOOOOOOO
[RECV] BSDC91 notify: RXG;1;11609;tag=2;mask=0xff;pc=8;guard=1200;spacing=1000;win=8165;pre=1;slot_to_entry_us=0;slot_to_sched_us=0;slot_to_write_done_us=0;slot_to_txcmd_us=274;slot_to_txdone_us=610;txcmd_to_txdone_us=335;txdone_to_rxstart_us=61;txdone_to_rxend_us=183;rxenable
[RECV] BSDC91 notify: CD;1;11609;tag=2;local=0xb102;status=0x00806f02;rxf=0x0756c814;win=8165;pc=8;mask=0xff;resp=8;unexp=0;last_len=20;last_src=0xa107;last_dst=0xb102;last_code=0xe
[RECV] BSDC91 notify: TS;1;11610;f;1532;2346;1976;829;1232;ABCDEFGH;5;10;M;0;S;144;0;full;100
[RECV] BS2DCE notify: RXG;1;11257;tag=1;mask=0xff;pc=8;guard=1200;spacing=1000;win=8165;pre=1;slot_to_entry_us=0;slot_to_sched_us=0;slot_to_write_done_us=0;slot_to_txcmd_us=274;slot_to_txdone_us=610;txcmd_to_txdone_us=335;txdone_to_rxstart_us=61;txdone_to_rxend_us=183;rxenable
[RECV] BSDC91 notify: TR;2;11610;f;0;ff;ff;2736,2004,1968,2441,2152,2084,1595,2122;2736,2004,1968,2441,2152,2084,1595,2122;100,100,100,100,100,100,100,100;OOOOOOOO
[RECV] BSDC91 notify: TDIAG;wait_ms=75;tx_us=610;rx_us=183;coll_us=8300;range_us=43975;solve_us=11749;out_us=2441;clean_us=30;total_ms=143
[RECV] BS2DCE notify: CD;1;11257;tag=1;local=0xb101;status=0x00806f02;rxf=0x0756c814;win=8165;pc=8;mask=0xff;resp=8;unexp=0;last_len=20;last_src=0xa107;last_dst=0xb101;last_code=0xe
[RECV] BS2DCE notify: TS;1;11258;f;880;2223;-397;852;1220;ABCDEFGH;0;10;M;0;S;143;0;full;100
[RECV] BS2DCE notify: TR;2;11258;f;0;ff;ff;1905,2119,2265,1778,1887,2510,2398,1861;1905,2119,2265,1778,1887,2510,2398,1861;100,100,100,100,100,100,100,100;OOOOOOOO
[RECV] BSDC91 notify: TS;1;11611;f;1561;2284;1992;852;1270;ABCDEFGH;5;10;M;0;S;57;0;full;100
[RECV] BSDC91 notify: TR;2;11611;f;0;ff;ff;2701,1922,1972,2457,2119,1935,1674,2193;2701,1922,1972,2457,2119,1935,1674,2193;100,100,100,100,100,100,100,100;OOOOOOOO
[RECV] BS2DCE notify: TS;1;11259;f;877;2283;-424;864;1301;ABCDEFGH;0;10;M;0;S;57;0;full;100
[RECV] BS2DCE notify: TR;2;11259;f;0;ff;ff;2011,2142,2129,1740,1867,2652,2371,1836;2011,2142,2129,1740,1867,2652,2371,1836;100,100,100,100,100,100,100,100;OOOOOOOO
[RECV] BSDC91 notify: TS;1;11612;f;1549;2248;1998;835;1234;ABCDEFGH;5;10;M;0;S;99;0;full;100
[RECV] BSDC91 notify: TR;2;11612;f;0;ff;ff;2698,1940,2014,2511,2102,1855,1775,2173;2698,1940,2014,2511,2102,1855,1775,2173;100,100,100,100,100,100,100,100;OOOOOOOO
[RECV] BS2DCE notify: TS;1;11260;f;885;2306;-378;847;1261;ABCDEFGH;0;10;M;0;S;99;0;full;100
[RECV] BS2DCE notify: TR;2;11260;f;0;ff;ff;1998,2237,2151,1715,1898,2614,2274,1845;1998,2237,2151,1715,1898,2614,2274,1845;100,100,100,100,100,100,100,100;OOOOOOOO
[RECV] BS2DCE notify: TDIAG;wait_ms=75;tx_us=610;rx_us=183;coll_us=8270;range_us=549;solve_us=12054;out_us=2197;clean_us=61;total_ms=100
[RECV] BSDC91 notify: TS;1;11613;f;1539;2201;2021;844;1304;ABCDEFGH;5;10;M;0;S;100;0;full;100
[RECV] BSDC91 notify: TR;2;11613;f;0;ff;ff;2779,1855,2156,2450,2029,1782,1808,2234;2779,1855,2156,2450,2029,1782,1808,2234;100,100,100,100,100,100,100,100;OOOOOOOO
[RECV] BS2DCE notify: TS;1;11261;f;885;2324;-373;817;1212;ABCDEFGH;0;10;M;0;S;100;0;full;100
[RECV] BS2DCE notify: TR;2;11261;f;0;ff;ff;2055,2252,2189,1649,1958,2650,2302,1884;2055,2252,2189,1649,1958,2650,2302,1884;100,100,100,100,100,100,100,100;OOOOOOOO
[RECV] BSDC91 notify: TS;1;11614;f;1557;2179;2049;831;1284;ABCDEFGH;5;10;M;0;S;100;0;full;100
[RECV] BSDC91 notify: TR;2;11614;f;0;ff;ff;2926,1872,2202,2520,2035,1649,1911,2190;2926,1872,2202,2520,2035,1649,1911,2190;100,100,100,100,100,100,100,100;OOOOOOOO
[RECV] BS2DCE notify: TS;1;11262;f;887;2336;-345;826;1163;ABCDEFGH;0;10;M;0;S;101;0;full;100
[RECV] BS2DCE notify: TR;2;11262;f;0;ff;ff;2044,2289,2170,1661,2000,2542,2284,1793;2044,2289,2170,1661,2000,2542,2284,1793;100,100,100,100,100,100,100,100;OOOOOOOO
[RECV] BSDC91 notify: TS;1;11615;f;1516;2091;2062;889;1307;ABCDEFGH;5;10;M;0;S;100;0;full;100
[RECV] BSDC91 notify: TR;2;11615;f;0;ff;ff;2495,1811,2166,2568,1946,1636,1917,2258;2495,1811,2166,2568,1946,1636,1917,2258;100,100,100,100,100,100,100,100;OOOOOOOO
[RECV] BS2DCE notify: TS;1;11263;f;920;2353;-374;861;1284;ABCDEFGH;0;10;M;0;S;99;0;full;100
[RECV] BS2DCE notify: TR;2;11263;f;0;ff;ff;2091,2287,2054,1644,1918,2570,2187,1851;2091,2287,2054,1644,1918,2570,2187,1851;100,100,100,100,100,100,100,100;OOOOOOOO
[RECV] BSDC91 notify: TS;1;11616;f;1473;2043;2063;906;1294;ABCDEFGH;5;10;M;0;S;100;0;full;100
[RECV] BSDC91 notify: TR;2;11616;f;0;ff;ff;2332,1807,2220,2537,1897,1593,1955,2294;2332,1807,2220,2537,1897,1593,1955,2294;100,100,100,100,100,100,100,100;OOOOOOOO
[RECV] BS2DCE notify: TS;1;11264;f;938;2412;1588;748;1031;ABCDEFGH;0;10;M;0;S;100;0;full;100
[RECV] BS2DCE notify: TR;2;11264;f;0;ff;ff;2173,2405,2024,1704,2013,2576,2173,1742;2173,2405,2024,1704,2013,2576,2173,1742;100,100,100,100,100,100,100,100;OOOOOOOO
[RECV] BSDC91 notify: TS;1;11617;f;1473;2004;1979;847;1242;ABCDEFGH;5;10;M;0;S;100;0;full;100
[RECV] BS2DCE notify: TS;1;11265;f;952;2464;1581;700;1019;ABCDEFGH;0;10;M;0;S;100;0;full;100
[RECV] BS2DCE notify: TR;2;11265;f;0;ff;ff;2346,2538,2013,1683,2032,2597,2173,1802;2346,2538,2013,1683,2032,2597,2173,1802;100,100,100,100,100,100,100,100;OOOOOOOO
[RECV] BSDC91 notify: TR;2;11617;f;0;ff;ff;2280,1778,2270,2614,1927,1615,2055,2305;2280,1778,2270,2614,1927,1615,2055,2305;100,100,100,100,100,100,100,100;OOOOOOOO
[RECV] BSDC91 notify: TS;1;11618;f;1456;1906;1949;792;1134;ABCDEFGH;5;10;M;0;S;101;0;full;100
[RECV] BSDC91 notify: TR;2;11618;f;0;ff;ff;2216,1808,2388,2776,1851,1526,2206,2385;2216,1808,2388,2776,1851,1526,2206,2385;100,100,100,100,100,100,100,100;OOOOOOOO
[RECV] BS2DCE notify: TS;1;11266;f;978;2496;1722;749;1125;ABCDEFGH;0;10;M;0;S;101;0;full;100
[RECV] BS2DCE notify: TR;2;11266;f;0;ff;ff;2402,2577,2056,1652,2084,2497,2035,1741;2402,2577,2056,1652,2084,2497,2035,1741;100,100,100,100,100,100,100,100;OOOOOOOO
[RECV] BSDC91 notify: TS;1;11619;f;1437;1907;2060;884;1250;ABCDEFGH;5;10;M;0;S;99;0;full;100
[RECV] BSDC91 notify: TR;2;11619;f;0;ff;ff;2221,1775,2400,2632,1810,1400,2188,2351;2221,1775,2400,2632,1810,1400,2188,2351;100,100,100,100,100,100,100,100;OOOOOOOO
[RECV] BS2DCE notify: TS;1;11267;f;1019;2480;1757;744;1014;ABCDEFGH;0;10;M;0;S;99;0;full;100
[RECV] BS2DCE notify: TR;2;11267;f;0;ff;ff;2360,2571,2014,1843,2095,2521,2031,1676;2360,2571,2014,1843,2095,2521,2031,1676;100,100,100,100,100,100,100,100;OOOOOOOO
[RECV] BSDC91 notify: RXG;1;11619;tag=2;mask=0xff;pc=8;guard=1200;spacing=1000;win=8165;pre=1;slot_to_entry_us=0;slot_to_sched_us=0;slot_to_write_done_us=0;slot_to_txcmd_us=274;slot_to_txdone_us=610;txcmd_to_txdone_us=335;txdone_to_rxstart_us=61;txdone_to_rxend_us=183;rxenable
[RECV] BSDC91 notify: CD;1;11619;tag=2;local=0xb102;status=0x00806f02;rxf=0x0796c814;win=8165;pc=8;mask=0xff;resp=8;unexp=0;last_len=20;last_src=0xa107;last_dst=0xb102;last_code=0xe
[RECV] BSDC91 notify: TS;1;11620;f;1428;1859;2018;830;1180;ABCDEFGH;5;10;M;0;S;144;0;full;100
[RECV] BS2DCE notify: RXG;1;11267;tag=1;mask=0xff;pc=8;guard=1200;spacing=1000;win=8165;pre=1;slot_to_entry_us=0;slot_to_sched_us=0;slot_to_write_done_us=0;slot_to_txcmd_us=274;slot_to_txdone_us=610;txcmd_to_txdone_us=335;txdone_to_rxstart_us=91;txdone_to_rxend_us=213;rxenable
[RECV] BSDC91 notify: TR;2;11620;f;0;ff;ff;2136,1789,2457,2885,1744,1524,2176,2356;2136,1789,2457,2885,1744,1524,2176,2356;100,100,100,100,100,100,100,100;OOOOOOOO
[RECV] BSDC91 notify: TDIAG;wait_ms=76;tx_us=610;rx_us=183;coll_us=8300;range_us=44006;solve_us=11901;out_us=2227;clean_us=30;total_ms=143
[RECV] BSDC91 notify: TS;1;11621;f;1385;1853;1904;796;1122;ABCDEFGH;5;10;M;0;S;56;0;full;100
[RECV] BS2DCE notify: CD;1;11267;tag=1;local=0xb101;status=0x00806f02;rxf=0x0766c814;win=8165;pc=8;mask=0xff;resp=8;unexp=0;last_len=20;last_src=0xa107;last_dst=0xb101;last_code=0xe
[RECV] BS2DCE notify: TS;1;11268;f;1007;2471;1692;739;1004;ABCDEFGH;0;10;M;0;S;145;0;full;100
[RECV] BS2DCE notify: TR;2;11268;f;0;ff;ff;2242,2576,2019,1784,2145,2514,1971,1764;2242,2576,2019,1784,2145,2514,1971,1764;100,100,100,100,100,100,100,100;OOOOOOOO
[RECV] BSDC91 notify: TR;2;11621;f;0;ff;ff;2058,1784,2433,2688,1778,1510,2359,2397;2058,1784,2433,2688,1778,1510,2359,2397;100,100,100,100,100,100,100,100;OOOOOOOO
[RECV] BS2DCE notify: TS;1;11269;f;1013;2516;-92;739;1063;ABCDEFGH;0;10;M;0;S;57;0;full;100
[RECV] BS2DCE notify: TR;2;11269;f;0;ff;ff;2228,2611,1981,1700,2200,2540,1859,1756;2228,2611,1981,1700,2200,2540,1859,1756;100,100,100,100,100,100,100,100;OOOOOOOO
[RECV] BSDC91 notify: TS;1;11622;f;1374;1848;1939;868;1222;ABCDEFGH;5;10;M;0;S;100;0;full;100
[RECV] BSDC91 notify: TR;2;11622;f;0;ff;ff;1930,1709,2390,2619,1756,1489,2314,2373;1930,1709,2390,2619,1756,1489,2314,2373;100,100,100,100,100,100,100,100;OOOOOOOO
[RECV] BS2DCE notify: TS;1;11270;f;1012;2475;1878;848;1187;ABCDEFGH;0;10;M;0;S;99;0;full;100
[RECV] BS2DCE notify: TR;2;11270;f;0;ff;ff;2241,2573,2036,1717,2105,2369,1881,1683;2241,2573,2036,1717,2105,2369,1881,1683;100,100,100,100,100,100,100,100;OOOOOOOO
[RECV] BS2DCE notify: TDIAG;wait_ms=74;tx_us=610;rx_us=183;coll_us=8422;range_us=549;solve_us=11932;out_us=2380;clean_us=30;total_ms=99
[RECV] BSDC91 notify: TS;1;11623;f;1300;1806;1734;737;1118;ABCDEFGH;5;10;M;0;S;100;0;full;100
[RECV] BSDC91 notify: TR;2;11623;f;0;ff;ff;1893,1686,2530,2650,1725,1714,2478,2404;1893,1686,2530,2650,1725,1714,2478,2404;100,100,100,100,100,100,100,100;OOOOOOOO
[RECV] BS2DCE notify: TS;1;11271;f;1096;2484;1832;772;1037;ABCDEFGH;0;10;M;0;S;99;0;full;100
[RECV] BS2DCE notify: TR;2;11271;f;0;ff;ff;2315,2610,2049,1869,2215,2364,1806,1788;2315,2610,2049,1869,2215,2364,1806,1788;100,100,100,100,100,100,100,100;OOOOOOOO
[RECV] BSDC91 notify: TS;1;11624;f;1221;1818;1774;774;1061;ABCDEFGH;5;10;M;0;S;100;0;full;100
[RECV] BSDC91 notify: TR;2;11624;f;0;ff;ff;1774,1812,2463,2599,1683,1689,2545,2318;1774,1812,2463,2599,1683,1689,2545,2318;100,100,100,100,100,100,100,100;OOOOOOOO
[RECV] BS2DCE notify: TS;1;11272;f;1145;2477;1917;851;1156;ABCDEFGH;0;10;M;0;S;100;0;full;100
[RECV] BS2DCE notify: TR;2;11272;f;0;ff;ff;2382,2484,1971,1831,2126,2292,1769,1786;2382,2484,1971,1831,2126,2292,1769,1786;100,100,100,100,100,100,100,100;OOOOOOOO
[RECV] BSDC91 notify: TS;1;11625;f;1145;1828;1787;814;1172;ABCDEFGH;5;10;M;0;S;100;0;full;100
[RECV] BSDC91 notify: TR;2;11625;f;0;ff;ff;1720,1751,2537,2465,1609,1802,2522,2229;1720,1751,2537,2465,1609,1802,2522,2229;100,100,100,100,100,100,100,100;OOOOOOOO
[RECV] BS2DCE notify: TS;1;11273;f;1202;2464;1979;884;1179;ABCDEFGH;0;10;M;0;S;100;0;full;100
[RECV] BS2DCE notify: TR;2;11273;f;0;ff;ff;2425,2366,2015,1883,2129,2278,1636,1823;2425,2366,2015,1883,2129,2278,1636,1823;100,100,100,100,100,100,100,100;OOOOOOOO
[RECV] BSDC91 notify: TS;1;11626;f;1127;1823;1734;771;1104;ABCDEFGH;5;10;M;0;S;100;0;full;100
[RECV] BSDC91 notify: TR;2;11626;f;0;ff;ff;1653,1834,2547,2524,1663,1832,2515,2269;1653,1834,2547,2524,1663,1832,2515,2269;100,100,100,100,100,100,100,100;OOOOOOOO
[RECV] BS2DCE notify: TS;1;11274;f;1253;2447;2019;908;1188;ABCDEFGH;0;10;M;0;S;100;0;full;100
[RECV] BS2DCE notify: TR;2;11274;f;0;ff;ff;2409,2384,1938,1934,2209,2064,1696,1816;2409,2384,1938,1934,2209,2064,1696,1816;100,100,100,100,100,100,100,100;OOOOOOOO
[RECV] BSDC91 notify: TS;1;11627;f;1061;1831;-202;779;1228;ABCDEFGH;5;10;M;0;S;100;0;full;100
[RECV] BSDC91 notify: TR;2;11627;f;0;ff;ff;1554,1966,2350,2473,1536,1941,2578,2411;1554,1966,2350,2473,1536,1941,2578,2411;100,100,100,100,100,100,100,100;OOOOOOOO
[RECV] BS2DCE notify: TS;1;11275;f;1314;2453;1911;818;1106;ABCDEFGH;0;10;M;0;S;100;0;full;100
[RECV] BS2DCE notify: TR;2;11275;f;0;ff;ff;2574,2340,1975,1974,2192,2173,1643,2011;2574,2340,1975,1974,2192,2173,1643,2011;100,100,100,100,100,100,100,100;OOOOOOOO
[RECV] BSDC91 notify: TS;1;11628;f;1060;1840;-264;769;1200;ABCDEFGH;5;10;M;0;S;100;0;full;100
[RECV] BSDC91 notify: TR;2;11628;f;0;ff;ff;1508,1952,2378,2458,1609,2063,2553,2480;1508,1952,2378,2458,1609,2063,2553,2480;100,100,100,100,100,100,100,100;OOOOOOOO
[RECV] BS2DCE notify: TS;1;11276;f;1356;2404;2000;875;1130;ABCDEFGH;0;10;M;0;S;100;0;full;100
[RECV] BS2DCE notify: TR;2;11276;f;0;ff;ff;2526,2222,1986,2073,2273,1978,1695,1909;2526,2222,1986,2073,2273,1978,1695,1909;100,100,100,100,100,100,100,100;OOOOOOOO
[RECV] BSDC91 notify: TS;1;11629;f;963;1778;-193;688;1030;ABCDEFGH;5;10;M;0;S;100;0;full;100
[RECV] BSDC91 notify: TR;2;11629;f;0;ff;ff;1478,1899,2777,2362,1657,2123,2691,2485;1478,1899,2777,2362,1657,2123,2691,2485;100,100,100,100,100,100,100,100;OOOOOOOO
[RECV] BS2DCE notify: TS;1;11277;f;1379;2384;1973;840;1099;ABCDEFGH;0;10;M;0;S;100;0;full;100
[RECV] BS2DCE notify: TR;2;11277;f;0;ff;ff;2559,2241,1967,2163,2194,2004,1724,1991;2559,2241,1967,2163,2194,2004,1724,1991;100,100,100,100,100,100,100,100;OOOOOOOO
[RECV] BSDC91 notify: RXG;1;11629;tag=2;mask=0xff;pc=8;guard=1200;spacing=1000;win=8165;pre=1;slot_to_entry_us=0;slot_to_sched_us=0;slot_to_write_done_us=0;slot_to_txcmd_us=274;slot_to_txdone_us=610;txcmd_to_txdone_us=335;txdone_to_rxstart_us=61;txdone_to_rxend_us=213;rxenable
[RECV] BSDC91 notify: CD;1;11629;tag=2;local=0xb102;status=0x00806f02;rxf=0x0756c814;win=8165;pc=8;mask=0xff;resp=8;unexp=0;last_len=20;last_src=0xa107;last_dst=0xb102;last_code=0xe
[RECV] BSDC91 notify: TS;1;11630;f;904;1895;-363;819;1213;ABCDEFGH;5;10;M;0;S;144;0;full;100
[RECV] BSDC91 notify: TR;2;11630;f;0;ff;ff;1564,1977,2533,2061,1645,2107,2763,2227;1564,1977,2533,2061,1645,2107,2763,2227;100,100,100,100,100,100,100,100;OOOOOOOO
[RECV] BSDC91 notify: TDIAG;wait_ms=75;tx_us=610;rx_us=213;coll_us=8270;range_us=44067;solve_us=11871;out_us=2227;clean_us=30;total_ms=143
[RECV] BS2DCE notify: RXG;1;11277;tag=1;mask=0xff;pc=8;guard=1200;spacing=1000;win=8165;pre=1;slot_to_entry_us=0;slot_to_sched_us=0;slot_to_write_done_us=0;slot_to_txcmd_us=274;slot_to_txdone_us=610;txcmd_to_txdone_us=335;txdone_to_rxstart_us=61;txdone_to_rxend_us=183;rxenable
[RECV] BS2DCE notify: CD;1;11277;tag=1;local=0xb101;status=0x00806f02;rxf=0x07a6c814;win=8165;pc=8;mask=0xff;resp=8;unexp=0;last_len=20;last_src=0xa107;last_dst=0xb101;last_code=0xe
[RECV] BSDC91 notify: TS;1;11631;f;846;1994;1524;737;1076;ABCDEFGH;5;10;M;0;S;57;0;full;100
[RECV] BSDC91 notify: TR;2;11631;f;0;ff;ff;1751,1965,2579,1915,1695,2209,2699,2049;1751,1965,2579,1915,1695,2209,2699,2049;100,100,100,100,100,100,100,100;OOOOOOOO
[RECV] BS2DCE notify: TS;1;11278;f;1424;2347;2019;886;1174;ABCDEFGH;0;10;M;0;S;144;0;full;100
[RECV] BS2DCE notify: TR;2;11278;f;0;ff;ff;2504,2125,1931,2256,2236,1906,1745,1937;2504,2125,1931,2256,2236,1906,1745,1937;100,100,100,100,100,100,100,100;OOOOOOOO
[RECV] BS2DCE notify: TS;1;11279;f;1439;2353;2029;857;1180;ABCDEFGH;0;10;M;0;S;57;0;full;100
[RECV] BS2DCE notify: TR;2;11279;f;0;ff;ff;2700,2124,2019,2241,2178,1912,1715,2014;2700,2124,2019,2241,2178,1912,1715,2014;100,100,100,100,100,100,100,100;OOOOOOOO
[RECV] BSDC91 notify: TS;1;11632;f;868;2106;-466;927;1362;ABCDEFGH;5;10;M;0;S;99;0;full;100
[RECV] BSDC91 notify: TR;2;11632;f;0;ff;ff;1679,2079,2368,1779,1701,2349,2396,1997;1679,2079,2368,1779,1701,2349,2396,1997;100,100,100,100,100,100,100,100;OOOOOOOO
[RECV] BS2DCE notify: TS;1;11280;f;1429;2395;1857;764;1127;ABCDEFGH;0;10;M;0;S;100;0;full;100
[RECV] BS2DCE notify: TR;2;11280;f;0;ff;ff;2685,2109,1973,2318,2154,2295,1689,2021;2685,2109,1973,2318,2154,2295,1689,2021;100,100,100,100,100,100,100,100;OOOOOOOO
[RECV] BS2DCE notify: TDIAG;wait_ms=75;tx_us=610;rx_us=213;coll_us=8209;range_us=579;solve_us=12084;out_us=2227;clean_us=30;total_ms=99
[RECV] BSDC91 notify: TS;1;11633;f;859;2156;-586;967;1369;ABCDEFGH;5;10;M;0;S;100;0;full;100
[RECV] BSDC91 notify: TR;2;11633;f;0;ff;ff;1644,2103,2245,1734,1805,2459,2489,1904;1644,2103,2245,1734,1805,2459,2489,1904;100,100,100,100,100,100,100,100;OOOOOOOO
[RECV] BS2DCE notify: TS;1;11281;f;1451;2354;1788;738;1100;ABCDEFGH;0;10;M;0;S;99;0;full;100
[RECV] BS2DCE notify: TR;2;11281;f;0;ff;ff;2610,2058,1970,2387,2128,2329,1717,2114;2610,2058,1970,2387,2128,2329,1717,2114;100,100,100,100,100,100,100,100;OOOOOOOO
[RECV] BSDC91 notify: TS;1;11634;f;879;2233;-642;977;1386;ABCDEFGH;5;10;M;0;S;100;0;full;100
[RECV] BSDC91 notify: TR;2;11634;f;0;ff;ff;1713,2143,2145,1621,1885,2600,2423,1922;1713,2143,2145,1621,1885,2600,2423,1922;100,100,100,100,100,100,100,100;OOOOOOOO
[RECV] BS2DCE notify: TS;1;11282;f;1429;2336;1714;705;1074;ABCDEFGH;0;10;M;0;S;100;0;full;100
[RECV] BS2DCE notify: TR;2;11282;f;0;ff;ff;2577,2037,1990,2380,2124,2374,1800,2120;2577,2037,1990,2380,2124,2374,1800,2120;100,100,100,100,100,100,100,100;OOOOOOOO
[RECV] BSDC91 notify: TS;1;11635;f;837;2327;-647;1005;1408;ABCDEFGH;5;10;M;0;S;100;0;full;100
[RECV] BSDC91 notify: TR;2;11635;f;0;ff;ff;1745,2233,2103,1542,1922,2737,2300,1759;1745,2233,2103,1542,1922,2737,2300,1759;100,100,100,100,100,100,100,100;OOOOOOOO
[RECV] BS2DCE notify: TS;1;11283;f;1479;2238;1839;767;1158;ABCDEFGH;0;10;M;0;S;100;0;full;100
[RECV] BS2DCE notify: TR;2;11283;f;0;ff;ff;2642,1935,2010,2418,2009,2034,1957,2177;2642,1935,2010,2418,2009,2034,1957,2177;100,100,100,100,100,100,100,100;OOOOOOOO
[RECV] BSDC91 notify: TS;1;11636;f;868;2351;-606;991;1358;ABCDEFGH;5;10;M;0;S;100;0;full;100
[RECV] BSDC91 notify: TR;2;11636;f;0;ff;ff;1834,2270,2043,1538,1978,2608,2282,1726;1834,2270,2043,1538,1978,2608,2282,1726;100,100,100,100,100,100,100,100;OOOOOOOO
[RECV] BS2DCE notify: TS;1;11284;f;1470;2130;2086;921;1266;ABCDEFGH;0;10;M;0;S;100;0;full;100
[RECV] BS2DCE notify: TR;2;11284;f;0;ff;ff;2419,1909,2073,2486,1934,1652,1921,2185;2419,1909,2073,2486,1934,1652,1921,2185;100,100,100,100,100,100,100,100;OOOOOOOO
[RECV] BSDC91 notify: TS;1;11637;f;887;2399;-499;935;1271;ABCDEFGH;5;10;M;0;S;100;0;full;100
[RECV] BSDC91 notify: TR;2;11637;f;0;ff;ff;1978,2377,2022,1498,2046,2523,2217,1717;1978,2377,2022,1498,2046,2523,2217,1717;100,100,100,100,100,100,100,100;OOOOOOOO
[RECV] BS2DCE notify: TS;1;11285;f;1420;2057;1995;842;1140;ABCDEFGH;0;10;M;0;S;100;0;full;100
[RECV] BS2DCE notify: TR;2;11285;f;0;ff;ff;2326,1945,2204,2522,1869,1656,2072,2274;2326,1945,2204,2522,1869,1656,2072,2274;100,100,100,100,100,100,100,100;OOOOOOOO
[RECV] BSDC91 notify: TS;1;11638;f;884;2480;1573;767;1132;ABCDEFGH;5;10;M;0;S;100;0;full;100
[RECV] BSDC91 notify: TR;2;11638;f;0;ff;ff;2223,2491,1977,1524,2021,2629,2127,1709;2223,2491,1977,1524,2021,2629,2127,1709;100,100,100,100,100,100,100,100;OOOOOOOO
[RECV] BS2DCE notify: TS;1;11286;f;1374;2012;1921;794;1114;ABCDEFGH;0;10;M;0;S;101;0;full;100
[RECV] BS2DCE notify: TR;2;11286;f;0;ff;ff;2217,1911,2316,2570,1847,1749,2129,2276;2217,1911,2316,2570,1847,1749,2129,2276;100,100,100,100,100,100,100,100;OOOOOOOO
[RECV] BSDC91 notify: TS;1;11639;f;964;2484;1701;742;1000;ABCDEFGH;5;10;M;0;S;100;0;full;100
[RECV] BSDC91 notify: TR;2;11639;f;0;ff;ff;2331,2501,2066,1766,2069,2674,2022,1657;2331,2501,2066,1766,2069,2674,2022,1657;100,100,100,100,100,100,100,100;OOOOOOOO
[RECV] BS2DCE notify: TS;1;11287;f;1366;1938;1860;717;1068;ABCDEFGH;0;10;M;0;S;100;0;full;100
[RECV] BS2DCE notify: TR;2;11287;f;0;ff;ff;2242,1873,2508,2696,1819,1756,2214,2329;2242,1873,2508,2696,1819,1756,2214,2329;100,100,100,100,100,100,100,100;OOOOOOOO
[RECV] BSDC91 notify: RXG;1;11639;tag=2;mask=0xff;pc=8;guard=1200;spacing=1000;win=8165;pre=1;slot_to_entry_us=0;slot_to_sched_us=0;slot_to_write_done_us=0;slot_to_txcmd_us=274;slot_to_txdone_us=610;txcmd_to_txdone_us=335;txdone_to_rxstart_us=61;txdone_to_rxend_us=183;rxenable
[RECV] BSDC91 notify: CD;1;11639;tag=2;local=0xb102;status=0x00806f02;rxf=0x0796c814;win=8165;pc=8;mask=0xff;resp=8;unexp=0;last_len=20;last_src=0xa107;last_dst=0xb102;last_code=0xe
[RECV] BSDC91 notify: TS;1;11640;f;944;2555;1732;798;1124;ABCDEFGH;5;10;M;0;S;144;0;full;100
[RECV] BS2DCE notify: RXG;1;11287;tag=1;mask=0xff;pc=8;guard=1200;spacing=1000;win=8165;pre=1;slot_to_entry_us=0;slot_to_sched_us=0;slot_to_write_done_us=0;slot_to_txcmd_us=274;slot_to_txdone_us=610;txcmd_to_txdone_us=335;txdone_to_rxstart_us=61;txdone_to_rxend_us=183;rxenable
[RECV] BSDC91 notify: TR;2;11640;f;0;ff;ff;2307,2584,1950,1606,2165,2622,1974,1541;2307,2584,1950,1606,2165,2622,1974,1541;100,100,100,100,100,100,100,100;OOOOOOOO
[RECV] BSDC91 notify: TDIAG;wait_ms=76;tx_us=610;rx_us=183;coll_us=8300;range_us=44006;solve_us=11779;out_us=2380;clean_us=61;total_ms=143
[RECV] BSDC91 notify: TS;1;11641;f;967;2537;1770;835;1191;ABCDEFGH;5;10;M;0;S;57;0;full;100
[RECV] BSDC91 notify: TR;2;11641;f;0;ff;ff;2251,2578,1924,1585,2157,2505,1933,1586;2251,2578,1924,1585,2157,2505,1933,1586;100,100,100,100,100,100,100,100;OOOOOOOO
[RECV] BS2DCE notify: CD;1;11287;tag=1;local=0xb101;status=0x00806f02;rxf=0x0776c814;win=8165;pc=8;mask=0xff;resp=8;unexp=0;last_len=20;last_src=0xa107;last_dst=0xb101;last_code=0xe
[RECV] BS2DCE notify: TS;1;11288;f;1363;1926;1805;721;1038;ABCDEFGH;0;10;M;0;S;143;0;full;100
[RECV] BS2DCE notify: TR;2;11288;f;0;ff;ff;2175,1862,2423,2591,1864,1653,2369,2357;2175,1862,2423,2591,1864,1653,2369,2357;100,100,100,100,100,100,100,100;OOOOOOOO
[RECV] BS2DCE notify: TS;1;11289;f;1316;1926;1739;736;1069;ABCDEFGH;0;10;M;0;S;57;0;full;100
[RECV] BS2DCE notify: TR;2;11289;f;0;ff;ff;2058,1810,2375,2487,1828,1727,2428,2338;2058,1810,2375,2487,1828,1727,2428,2338;100,100,100,100,100,100,100,100;OOOOOOOO
[RECV] BSDC91 notify: TS;1;11642;f;1005;2581;1835;872;1201;ABCDEFGH;5;10;M;0;S;99;0;full;100
[RECV] BSDC91 notify: TR;2;11642;f;0;ff;ff;2242,2644,1868,1606,2206,2516,1736,1575;2242,2644,1868,1606,2206,2516,1736,1575;100,100,100,100,100,100,100,100;OOOOOOOO
[RECV] BS2DCE notify: TS;1;11290;f;1263;1921;1737;733;1055;ABCDEFGH;0;10;M;0;S;100;0;full;100
[RECV] BS2DCE notify: TR;2;11290;f;0;ff;ff;1980,1843,2425,2495,1832,1775,2441,2270;1980,1843,2425,2495,1832,1775,2441,2270;100,100,100,100,100,100,100,100;OOOOOOOO
[RECV] BS2DCE notify: TDIAG;wait_ms=75;tx_us=610;rx_us=183;coll_us=8270;range_us=549;solve_us=12084;out_us=2197;clean_us=30;total_ms=100
[RECV] BSDC91 notify: TS;1;11643;f;1035;2553;1840;825;1174;ABCDEFGH;5;10;M;0;S;100;0;full;100
[RECV] BSDC91 notify: TR;2;11643;f;0;ff;ff;2355,2565,1998,1667,2257,2456,1807,1604;2355,2565,1998,1667,2257,2456,1807,1604;100,100,100,100,100,100,100,100;OOOOOOOO
[RECV] BS2DCE notify: TS;1;11291;f;1201;1903;1694;728;1024;ABCDEFGH;0;10;M;0;S;99;0;full;100
[RECV] BS2DCE notify: TR;2;11291;f;0;ff;ff;1870,1865,2421,2486,1745,1869,2481,2285;1870,1865,2421,2486,1745,1869,2481,2285;100,100,100,100,100,100,100,100;OOOOOOOO
[RECV] BSDC91 notify: TS;1;11644;f;1196;2574;1789;827;1144;ABCDEFGH;5;10;M;0;S;100;0;full;100
[RECV] BSDC91 notify: TR;2;11644;f;0;ff;ff;2374,2489,1758,1807,2310,2458,1655,1721;2374,2489,1758,1807,2310,2458,1655,1721;100,100,100,100,100,100,100,100;OOOOOOOO
[RECV] BS2DCE notify: TS;1;11292;f;1246;1841;1734;691;1003;ABCDEFGH;0;10;M;0;S;100;0;full;100
[RECV] BS2DCE notify: TR;2;11292;f;0;ff;ff;1816,1955,2453,2862,1785,1802,2484,2281;1816,1955,2453,2862,1785,1802,2484,2281;100,100,100,100,100,100,100,100;OOOOOOOO
[RECV] BSDC91 notify: TS;1;11645;f;1171;2555;2036;936;1284;ABCDEFGH;5;10;M;0;S;100;0;full;100
[RECV] BSDC91 notify: TR;2;11645;f;0;ff;ff;2473,2457,1933,1747,2208,2317,1563,1667;2473,2457,1933,1747,2208,2317,1563,1667;100,100,100,100,100,100,100,100;OOOOOOOO
[RECV] BS2DCE notify: TS;1;11293;f;1095;1924;1756;757;1075;ABCDEFGH;0;10;M;0;S;101;0;full;100
[RECV] BS2DCE notify: TR;2;11293;f;0;ff;ff;1751,2034,2461,2418,1757,1862,2493,2164;1751,2034,2461,2418,1757,1862,2493,2164;100,100,100,100,100,100,100,100;OOOOOOOO
[RECV] BSDC91 notify: TS;1;11646;f;1251;2535;2065;946;1241;ABCDEFGH;5;10;M;0;S;100;0;full;100
[RECV] BSDC91 notify: TR;2;11646;f;0;ff;ff;2489,2382,1920,1859,2248,2251,1473,1742;2489,2382,1920,1859,2248,2251,1473,1742;100,100,100,100,100,100,100,100;OOOOOOOO
[RECV] BS2DCE notify: TS;1;11294;f;1026;1927;1813;765;1115;ABCDEFGH;0;10;M;0;S;99;0;full;100
[RECV] BS2DCE notify: TR;2;11294;f;0;ff;ff;1723,2193,2502,2406,1605,1966,2417,2227;1723,2193,2502,2406,1605,1966,2417,2227;100,100,100,100,100,100,100,100;OOOOOOOO
[RECV] BSDC91 notify: TS;1;11647;f;1290;2517;2035;909;1198;ABCDEFGH;5;10;M;0;S;100;0;full;100
[RECV] BSDC91 notify: TR;2;11647;f;0;ff;ff;2529,2394,1929,1912,2264,2186,1485,1847;2529,2394,1929,1912,2264,2186,1485,1847;100,100,100,100,100,100,100,100;OOOOOOOO
[RECV] BS2DCE notify: TS;1;11295;f;980;1881;1712;712;1063;ABCDEFGH;0;10;M;0;S;100;0;full;100
[RECV] BS2DCE notify: TR;2;11295;f;0;ff;ff;1663,2105,2658,2402,1678,1989,2541,2202;1663,2105,2658,2402,1678,1989,2541,2202;100,100,100,100,100,100,100,100;OOOOOOOO
[RECV] BSDC91 notify: TS;1;11648;f;1369;2520;1939;861;1141;ABCDEFGH;5;10;M;0;S;100;0;full;100
[RECV] BSDC91 notify: TR;2;11648;f;0;ff;ff;2581,2363,1818,1954,2311,2167,1515,1971;2581,2363,1818,1954,2311,2167,1515,1971;100,100,100,100,100,100,100,100;OOOOOOOO
[RECV] BS2DCE notify: TS;1;11296;f;961;1878;1614;671;999;ABCDEFGH;0;10;M;0;S;100;0;full;100
[RECV] BS2DCE notify: TR;2;11296;f;0;ff;ff;1657,2055,2737,2341,1710,2081,2518,2279;1657,2055,2737,2341,1710,2081,2518,2279;100,100,100,100,100,100,100,100;OOOOOOOO
[RECV] BSDC91 notify: TS;1;11649;f;1426;2533;2014;889;1194;ABCDEFGH;5;10;M;0;S;100;0;full;100
[RECV] BSDC91 notify: TR;2;11649;f;0;ff;ff;2679,2345,1785,2036,2344,2100,1455,1954;2679,2345,1785,2036,2344,2100,1455,1954;100,100,100,100,100,100,100,100;OOOOOOOO
[RECV] BS2DCE notify: TS;1;11297;f;967;1859;1603;664;1022;ABCDEFGH;0;10;M;0;S;100;0;full;100
[RECV] BS2DCE notify: TR;2;11297;f;0;ff;ff;1616,2097,2748,2351,1705,2032,2497,2374;1616,2097,2748,2351,1705,2032,2497,2374;100,100,100,100,100,100,100,100;OOOOOOOO
[RECV] BSDC91 notify: RXG;1;11649;tag=2;mask=0xff;pc=8;guard=1200;spacing=1000;win=8165;pre=1;slot_to_entry_us=0;slot_to_sched_us=0;slot_to_write_done_us=0;slot_to_txcmd_us=274;slot_to_txdone_us=610;txcmd_to_txdone_us=335;txdone_to_rxstart_us=61;txdone_to_rxend_us=183;rxenable
[RECV] BSDC91 notify: CD;1;11649;tag=2;local=0xb102;status=0x00806f02;rxf=0x07a6c814;win=8165;pc=8;mask=0xff;resp=8;unexp=0;last_len=20;last_src=0xa107;last_dst=0xb102;last_code=0xe
[RECV] BSDC91 notify: TS;1;11650;f;1441;2511;2025;894;1191;ABCDEFGH;5;10;M;0;S;144;0;full;100
[RECV] BSDC91 notify: TR;2;11650;f;0;ff;ff;2675,2266,1804,2106,2314,2135,1447,1941;2675,2266,1804,2106,2314,2135,1447,1941;100,100,100,100,100,100,100,100;OOOOOOOO
[RECV] BSDC91 notify: TDIAG;wait_ms=75;tx_us=610;rx_us=183;coll_us=8300;range_us=44006;solve_us=11962;out_us=2258;clean_us=30;total_ms=143
[RECV] BS2DCE notify: RXG;1;11297;tag=1;mask=0xff;pc=8;guard=1200;spacing=1000;win=8165;pre=1;slot_to_entry_us=0;slot_to_sched_us=0;slot_to_write_done_us=0;slot_to_txcmd_us=274;slot_to_txdone_us=610;txcmd_to_txdone_us=335;txdone_to_rxstart_us=61;txdone_to_rxend_us=183;rxenable
[RECV] BS2DCE notify: CD;1;11297;tag=1;local=0xb101;status=0x00806f02;rxf=0x0756c814;win=8165;pc=8;mask=0xff;resp=8;unexp=0;last_len=20;last_src=0xa107;last_dst=0xb101;last_code=0xe
[RECV] BS2DCE notify: TS;1;11298;f;953;1872;-192;684;1071;ABCDEFGH;0;10;M;0;S;144;0;full;100
[RECV] BS2DCE notify: TR;2;11298;f;0;ff;ff;1597,2013,2644,2247,1677,2230,2611,2453;1597,2013,2644,2247,1677,2230,2611,2453;100,100,100,100,100,100,100,100;OOOOOOOO
[RECV] BSDC91 notify: TS;1;11651;f;1424;2499;1875;800;1087;ABCDEFGH;5;10;M;0;S;58;0;full;100
[RECV] BSDC91 notify: TR;2;11651;f;0;ff;ff;2659,2238,1826,2157,2320,2290,1578,1934;2659,2238,1826,2157,2320,2290,1578,1934;100,100,100,100,100,100,100,100;OOOOOOOO
[RECV] BS2DCE notify: TS;1;11299;f;1058;1913;-260;685;1061;ABCDEFGH;0;10;M;0;S;57;0;full;100
[RECV] BS2DCE notify: TR;2;11299;f;0;ff;ff;1716,2025,2429,2165,1795,2160,2644,2578;1716,2025,2429,2165,1795,2160,2644,2578;100,100,100,100,100,100,100,100;OOOOOOOO
[RECV] BSDC91 notify: TS;1;11652;f;1378;2586;2710;1451;2056;ABCDEFGH;5;10;M;0;S;98;0;full;100
[RECV] BSDC91 notify: TR;2;11652;f;0;ff;ff;2593,2234,1743,2189,2304,1744,433,1955;2593,2234,1743,2189,2304,1744,433,1955;100,100,100,100,100,100,100,100;OOOOOOOO
[RECV] BS2DCE notify: TS;1;11300;f;922;2001;-355;804;1185;ABCDEFGH;0;10;M;0;S;100;0;full;100
[RECV] BS2DCE notify: TR;2;11300;f;0;ff;ff;1715,2050,2355,2025,1747,2203,2710,2127;1715,2050,2355,2025,1747,2203,2710,2127;100,100,100,100,100,100,100,100;OOOOOOOO
[RECV] BS2DCE notify: TDIAG;wait_ms=75;tx_us=610;rx_us=183;coll_us=8483;range_us=549;solve_us=11871;out_us=2380;clean_us=30;total_ms=100
[RECV] BSDC91 notify: TS;1;11653;f;1580;2527;2031;831;1151;ABCDEFGH;5;10;M;0;S;100;0;full;100
[RECV] BSDC91 notify: TR;2;11653;f;0;ff;ff;3330,2237,1809,2243,2314,1907,1614,1991;3330,2237,1809,2243,2314,1907,1614,1991;100,100,100,100,100,100,100,100;OOOOOOOO
[RECV] BS2DCE notify: TS;1;11301;f;949;2021;-260;772;1109;ABCDEFGH;0;10;M;0;S;99;0;full;100
[RECV] BS2DCE notify: TR;2;11301;f;0;ff;ff;1728,1989,2608,1989,1787,2265,2386,2212;1728,1989,2608,1989,1787,2265,2386,2212;100,100,100,100,100,100,100,100;OOOOOOOO
[RECV] BSDC91 notify: TS;1;11654;f;1626;2532;2101;862;1270;ABCDEFGH;5;10;M;0;S;100;0;full;100
[RECV] BSDC91 notify: TR;2;11654;f;0;ff;ff;3572,2151,1890,2310,2272,1906,1514,2003;3572,2151,1890,2310,2272,1906,1514,2003;100,100,100,100,100,100,100,100;OOOOOOOO
[RECV] BS2DCE notify: TS;1;11302;f;870;1987;1547;712;1035;ABCDEFGH;0;10;M;0;S;100;0;full;100
[RECV] BS2DCE notify: TR;2;11302;f;0;ff;ff;1730,2024,2694,1962,1730,2231,2488,2191;1730,2024,2694,1962,1730,2231,2488,2191;100,100,100,100,100,100,100,100;OOOOOOOO
[RECV] BSDC91 notify: TS;1;11655;f;1475;2438;2019;878;1247;ABCDEFGH;5;10;M;0;S;100;0;full;100
[RECV] BSDC91 notify: TR;2;11655;f;0;ff;ff;2724,2100,1882,2264,2206,2161,1515,1972;2724,2100,1882,2264,2206,2161,1515,1972;100,100,100,100,100,100,100,100;OOOOOOOO
[RECV] BS2DCE notify: TS;1;11303;f;942;2115;-409;852;1282;ABCDEFGH;0;10;M;0;S;100;0;full;100
[RECV] BS2DCE notify: TR;2;11303;f;0;ff;ff;1810,2097,2272,1851,1772,2339,2434,2113;1810,2097,2272,1851,1772,2339,2434,2113;100,100,100,100,100,100,100,100;OOOOOOOO
[RECV] BSDC91 notify: TS;1;11656;f;1449;2440;1908;783;1102;ABCDEFGH;5;10;M;0;S;100;0;full;100
[RECV] BSDC91 notify: TR;2;11656;f;0;ff;ff;2724,2190,1923,2332,2173,2306,1569,2024;2724,2190,1923,2332,2173,2306,1569,2024;100,100,100,100,100,100,100,100;OOOOOOOO
[RECV] BS2DCE notify: TS;1;11304;f;946;2125;-337;852;1229;ABCDEFGH;0;10;M;0;S;100;0;full;100
[RECV] BS2DCE notify: TR;2;11304;f;0;ff;ff;1849,2090,2288,1861,1788,2218,2395,2009;1849,2090,2288,1861,1788,2218,2395,2009;100,100,100,100,100,100,100,100;OOOOOOOO
[RECV] BSDC91 notify: TS;1;11657;f;1560;2433;2000;840;1254;ABCDEFGH;5;10;M;0;S;100;0;full;100
[RECV] BSDC91 notify: TR;2;11657;f;0;ff;ff;2935,2051,1855,2404,2200,2126,1555,2031;2935,2051,1855,2404,2200,2126,1555,2031;100,100,100,100,100,100,100,100;OOOOOOOO
[RECV] BS2DCE notify: TS;1;11305;f;906;2171;-371;862;1229;ABCDEFGH;0;10;M;0;S;100;0;full;100
[RECV] BS2DCE notify: TR;2;11305;f;0;ff;ff;1875,2086,2305,1794,1831,2347,2383,1927;1875,2086,2305,1794,1831,2347,2383,1927;100,100,100,100,100,100,100,100;OOOOOOOO
[RECV] BSDC91 notify: TS;1;11658;f;1371;2367;2832;1454;2440;ABDEFGH;5;10;M;0;S;98;0;full;100
[RECV] BSDC91 notify: TR;2;11658;f;0;ff;fb;2688,2040,0,2436,2160,2022,279,2120;2688,2040,1855,2436,2160,2022,279,2120;100,100,94,100,100,100,100,100;OOTOOOOO
[RECV] BS2DCE notify: TS;1;11306;f;880;2221;-407;857;1268;ABCDEFGH;0;10;M;0;S;100;0;full;100
[RECV] BS2DCE notify: TR;2;11306;f;0;ff;ff;1925,2133,2232,1759,1844,2521,2408,1897;1925,2133,2232,1759,1844,2521,2408,1897;100,100,100,100,100,100,100,100;OOOOOOOO
[RECV] BSDC91 notify: TS;1;11659;f;1555;2318;1990;842;1275;ABCDEFGH;5;10;M;0;S;102;0;full;99
[RECV] BSDC91 notify: TR;2;11659;f;0;ff;ff;2721,1942,1990,2459,2191,2011,1588,2152;2721,1942,1990,2459,2191,2011,1588,2152;100,100,95,100,100,100,100,100;OOOOOOOO
[RECV] BS2DCE notify: TS;1;11307;f;870;2227;-340;839;1258;ABCDEFGH;0;10;M;0;S;100;0;full;100
[RECV] BS2DCE notify: TR;2;11307;f;0;ff;ff;1954,2180,2299,1722,1815,2492,2324,1913;1954,2180,2299,1722,1815,2492,2324,1913;100,100,100,100,100,100,100,100;OOOOOOOO
[RECV] BSDC91 notify: RXG;1;11659;tag=2;mask=0xff;pc=8;guard=1200;spacing=1000;win=8165;pre=1;slot_to_entry_us=0;slot_to_sched_us=0;slot_to_write_done_us=0;slot_to_txcmd_us=274;slot_to_txdone_us=610;txcmd_to_txdone_us=335;txdone_to_rxstart_us=61;txdone_to_rxend_us=213;rxenable
[RECV] BS2DCE notify: RXG;1;11307;tag=1;mask=0xff;pc=8;guard=1200;spacing=1000;win=8165;pre=1;slot_to_entry_us=0;slot_to_sched_us=0;slot_to_write_done_us=0;slot_to_txcmd_us=274;slot_to_txdone_us=610;txcmd_to_txdone_us=335;txdone_to_rxstart_us=61;txdone_to_rxend_us=183;rxenable
[RECV] BSDC91 notify: CD;1;11659;tag=2;local=0xb102;status=0x00806f02;rxf=0x07a6c814;win=8165;pc=8;mask=0xff;resp=8;unexp=0;last_len=20;last_src=0xa107;last_dst=0xb102;last_code=0xe
[RECV] BSDC91 notify: TS;1;11660;f;1553;2293;2007;845;1266;ABCDEFGH;5;10;M;0;S;144;0;full;99
[RECV] BS2DCE notify: CD;1;11307;tag=1;local=0xb101;status=0x00806f02;rxf=0x07d6c814;win=8165;pc=8;mask=0xff;resp=8;unexp=0;last_len=20;last_src=0xa107;last_dst=0xb101;last_code=0xe
[RECV] BS2DCE notify: TS;1;11308;f;921;2260;-418;881;1267;ABCDEFGH;0;10;M;0;S;144;0;full;100
[RECV] BS2DCE notify: TR;2;11308;f;0;ff;ff;1937,2179,2122,1758,1892,2457,2320,1858;1937,2179,2122,1758,1892,2457,2320,1858;100,100,100,100,100,100,100,100;OOOOOOOO
[RECV] BSDC91 notify: TR;2;11660;f;0;ff;ff;2732,1944,2007,2465,2165,1928,1646,2166;2732,1944,2007,2465,2165,1928,1646,2166;100,100,95,100,100,100,100,100;OOOOOOOO
[RECV] BSDC91 notify: TDIAG;wait_ms=76;tx_us=610;rx_us=213;coll_us=8270;range_us=44036;solve_us=11932;out_us=2258;clean_us=30;total_ms=143
[RECV] BSDC91 notify: TS;1;11661;f;1808;2123;2138;905;1176;ABCEFGH;5;10;M;0;S;55;0;full;99
[RECV] BS2DCE notify: TS;1;11309;f;887;2275;-382;870;1265;ABCDEFGH;0;10;M;0;S;57;0;full;100
[RECV] BS2DCE notify: TR;2;11309;f;0;ff;ff;1935,2230,2198,1703,1874,2501,2264,1846;1935,2230,2198,1703,1874,2501,2264,1846;100,100,100,100,100,100,100,100;OOOOOOOO
[RECV] BSDC91 notify: TR;2;11661;f;0;ff;f7;2621,1930,2062,0,2091,1829,1727,2181;2621,1930,2062,2465,2091,1829,1727,2181;100,100,95,95,100,100,100,100;OOOTOOOO
[RECV] BSDC91 notify: TS;1;11662;f;1537;2215;2065;871;1322;ABCDEFGH;5;10;M;0;S;101;0;full;98
[RECV] BSDC91 notify: TR;2;11662;f;0;ff;ff;2744,1875,2113,2496,2055,1805,1758,2154;2744,1875,2113,2496,2055,1805,1758,2154;100,100,95,95,100,100,100,100;OOOOOOOO
[RECV] BS2DCE notify: TS;1;11310;f;874;2312;-406;843;1210;ABCDEFGH;0;10;M;0;S;100;0;full;100
[RECV] BS2DCE notify: TR;2;11310;f;0;ff;ff;1982,2204,2179,1705,1967,2656,2321,1817;1982,2204,2179,1705,1967,2656,2321,1817;100,100,100,100,100,100,100,100;OOOOOOOO
[RECV] BS2DCE notify: TDIAG;wait_ms=75;tx_us=610;rx_us=183;coll_us=8331;range_us=549;solve_us=12084;out_us=2197;clean_us=30;total_ms=99
[RECV] BSDC91 notify: TS;1;11663;f;1545;2180;2112;900;1361;ABCDEFGH;5;10;M;0;S;100;0;full;98
[RECV] BSDC91 notify: TR;2;11663;f;0;ff;ff;2866,1840,2131,2461,1958,1671,1860,2181;2866,1840,2131,2461,1958,1671,1860,2181;100,100,95,95,100,100,100,100;OOOOOOOO
[RECV] BS2DCE notify: TS;1;11311;f;883;2298;-358;840;1211;ABCDEFGH;0;10;M;0;S;100;0;full;100
[RECV] BS2DCE notify: TR;2;11311;f;0;ff;ff;2002,2231,2211,1688,1929,2546,2286,1831;2002,2231,2211,1688,1929,2546,2286,1831;100,100,100,100,100,100,100,100;OOOOOOOO
[RECV] BSDC91 notify: TS;1;11664;f;1541;2127;1902;800;1143;ABCDEFH;5;10;M;0;S;98;0;full;98
[RECV] BSDC91 notify: TR;2;11664;f;0;ff;bf;2765,1888,2168,2518,1966,1701,0,2242;2765,1888,2168,2518,1966,1701,1860,2242;100,100,96,96,100,100,96,100;OOOOOOTO
[RECV] BS2DCE notify: TS;1;11312;f;928;2341;-336;836;1194;ABCDEFGH;0;10;M;0;S;99;0;full;100
[RECV] BS2DCE notify: TR;2;11312;f;0;ff;ff;2090,2296,2085,1685,1979,2478,2250,1803;2090,2296,2085,1685,1979,2478,2250,1803;100,100,100,100,100,100,100,100;OOOOOOOO
[RECV] BSDC91 notify: TS;1;11665;f;1474;2087;1986;851;1254;ABCDEFGH;5;10;M;0;S;103;0;full;98
[RECV] BSDC91 notify: TR;2;11665;f;0;ff;ff;2428,1826,2186,2516,1906,1759,1952,2271;2428,1826,2186,2516,1906,1759,1952,2271;100,100,96,96,100,100,96,100;OOOOOOOO
[RECV] BS2DCE notify: TS;1;11313;f;936;2386;-371;858;1219;ABCDEFGH;0;10;M;0;S;101;0;full;100
[RECV] BS2DCE notify: TR;2;11313;f;0;ff;ff;2115,2313,2033,1620,2010,2538,2166,1799;2115,2313,2033,1620,2010,2538,2166,1799;100,100,100,100,100,100,100,100;OOOOOOOO
[RECV] BSDC91 notify: TS;1;11666;f;1450;2016;1989;864;1270;ABCDEFGH;5;10;M;0;S;100;0;full;98
[RECV] BSDC91 notify: TR;2;11666;f;0;ff;ff;2297,1773,2266,2537,1844,1696,2010,2319;2297,1773,2266,2537,1844,1696,2010,2319;100,100,96,96,100,100,96,100;OOOOOOOO
[RECV] BS2DCE notify: TS;1;11314;f;942;2440;1601;731;1032;ABCDEFGH;0;10;M;0;S;99;0;full;100
[RECV] BS2DCE notify: TR;2;11314;f;0;ff;ff;2221,2468,2041,1693,2076,2563,2134,1743;2221,2468,2041,1693,2076,2563,2134,1743;100,100,100,100,100,100,100,100;OOOOOOOO
[RECV] BSDC91 notify: TS;1;11667;f;1464;1977;2009;845;1206;ABCDEFGH;5;10;M;0;S;100;0;full;98
[RECV] BSDC91 notify: TR;2;11667;f;0;ff;ff;2295,1819,2313,2642,1873,1568,2066,2344;2295,1819,2313,2642,1873,1568,2066,2344;100,100,96,96,100,100,96,100;OOOOOOOO
[RECV] BS2DCE notify: TS;1;11315;f;953;2496;1624;711;1031;ABCDEFGH;0;10;M;0;S;101;0;full;100
[RECV] BS2DCE notify: TR;2;11315;f;0;ff;ff;2384,2587,1996,1675,2062,2597,2140,1741;2384,2587,1996,1675,2062,2597,2140,1741;100,100,100,100,100,100,100,100;OOOOOOOO
[RECV] BSDC91 notify: TS;1;11668;f;1452;1919;1998;821;1144;ABCDEFGH;5;10;M;0;S;100;0;full;98
[RECV] BSDC91 notify: TR;2;11668;f;0;ff;ff;2258,1841,2347,2739,1836,1480,2216,2346;2258,1841,2347,2739,1836,1480,2216,2346;100,100,96,96,100,100,96,100;OOOOOOOO
[RECV] BS2DCE notify: TS;1;11316;f;943;2484;1662;733;1079;ABCDEFGH;0;10;M;0;S;100;0;full;100
[RECV] BS2DCE notify: TR;2;11316;f;0;ff;ff;2342,2572,2041,1654,2058,2567,2099,1737;2342,2572,2041,1654,2058,2567,2099,1737;100,100,100,100,100,100,100,100;OOOOOOOO
[RECV] BSDC91 notify: TS;1;11669;f;1249;1774;2079;834;1237;ABDEFGH;5;10;M;0;S;97;0;full;98
[RECV] BSDC91 notify: TR;2;11669;f;0;ff;fb;2220,1795,0,2660,1829,1477,2175,2337;2220,1795,2347,2660,1829,1477,2175,2337;100,100,93,96,100,100,96,100;OOTOOOOO
[RECV] BS2DCE notify: TS;1;11317;f;1023;2451;1778;737;975;ABCDEFGH;0;10;M;0;S;99;0;full;100
[RECV] BS2DCE notify: TR;2;11317;f;0;ff;ff;2333,2557,2082,1905,2103,2485,2032,1681;2333,2557,2082,1905,2103,2485,2032,1681;100,100,100,100,100,100,100,100;OOOOOOOO
[RECV] BSDC91 notify: RXG;1;11669;tag=2;mask=0xff;pc=8;guard=1200;spacing=1000;win=8165;pre=1;slot_to_entry_us=0;slot_to_sched_us=0;slot_to_write_done_us=0;slot_to_txcmd_us=274;slot_to_txdone_us=610;txcmd_to_txdone_us=335;txdone_to_rxstart_us=61;txdone_to_rxend_us=183;rxenable
[RECV] BSDC91 notify: CD;1;11669;tag=2;local=0xb102;status=0x00806f02;rxf=0x0786c814;win=8165;pc=8;mask=0xff;resp=7;unexp=0;last_len=20;last_src=0xa107;last_dst=0xb102;last_code=0xe
[RECV] BSDC91 notify: TS;1;11670;f;1431;1809;1865;782;1041;ABCDEFH;5;10;M;0;S;143;0;full;98
[RECV] BSDC91 notify: TR;2;11670;f;0;ff;bf;2133,1793,2438,2856,1750,1472,0,2392;2133,1793,2438,2856,1750,1472,2175,2392;100,100,93,96,100,100,93,100;OOOOOOTO
[RECV] BSDC91 notify: TDIAG;wait_ms=78;tx_us=610;rx_us=183;coll_us=8422;range_us=44006;solve_us=9490;out_us=2136;clean_us=30;total_ms=143
[RECV] BSDC91 notify: TS;1;11671;f;1392;1862;1989;846;1189;ABCDEFGH;5;10;M;0;S;60;0;full;97
[RECV] BSDC91 notify: TR;2;11671;f;0;ff;ff;2109,1777,2423,2662,1757,1469,2295,2359;2109,1777,2423,2662,1757,1469,2295,2359;100,100,93,96,100,100,93,100;OOOOOOOO
[RECV] BS2DCE notify: RXG;1;11317;tag=1;mask=0xff;pc=8;guard=1200;spacing=1000;win=8165;pre=1;slot_to_entry_us=0;slot_to_sched_us=0;slot_to_write_done_us=0;slot_to_txcmd_us=274;slot_to_txdone_us=610;txcmd_to_txdone_us=335;txdone_to_rxstart_us=61;txdone_to_rxend_us=183;rxenable
[RECV] BS2DCE notify: CD;1;11317;tag=1;local=0xb101;status=0x00806f02;rxf=0x07b6c814;win=8165;pc=8;mask=0xff;resp=8;unexp=0;last_len=20;last_src=0xa107;last_dst=0xb101;last_code=0xe
[RECV] BS2DCE notify: TS;1;11318;f;995;2482;-67;720;1000;ABCDEFGH;0;10;M;0;S;144;0;full;100
[RECV] BS2DCE notify: TR;2;11318;f;0;ff;ff;2201,2585,2012,1781,2179,2526,1940,1738;2201,2585,2012,1781,2179,2526,1940,1738;100,100,100,100,100,100,100,100;OOOOOOOO
[RECV] BS2DCE notify: TS;1;11319;f;1143;2605;-164;738;1028;ACDFGH;0;10;M;0;S;52;0;full;100
[RECV] BS2DCE notify: TR;2;11319;f;0;ff;ed;2192,0,2039,1639,0,2486,1995,1728;2192,2585,2039,1639,2179,2486,1995,1728;100,96,100,100,96,100,100,100;OTOOTOOO
[RECV] BSDC91 notify: TS;1;11672;f;1342;1837;1913;851;1178;ABCDEFGH;5;10;M;0;S;100;0;full;98
[RECV] BSDC91 notify: TR;2;11672;f;0;ff;ff;1895,1742,2389,2627,1726,1523,2353,2377;1895,1742,2389,2627,1726,1523,2353,2377;100,100,94,100,100,100,94,100;OOOOOOOO
[RECV] BS2DCE notify: TS;1;11320;f;1002;2494;1732;767;1098;ABCDEFGH;0;10;M;0;S;105;0;full;100
[RECV] BS2DCE notify: TR;2;11320;f;0;ff;ff;2243,2642,2006,1697,2184,2426,1939,1759;2243,2642,2006,1697,2184,2426,1939,1759;100,100,100,100,100,100,100,100;OOOOOOOO
[RECV] BS2DCE notify: TDIAG;wait_ms=80;tx_us=610;rx_us=183;coll_us=8239;range_us=579;solve_us=12084;out_us=2227;clean_us=30;total_ms=104
[RECV] BSDC91 notify: TS;1;11673;f;1317;1819;1828;798;1168;ABCDEFGH;5;10;M;0;S;100;0;full;98
[RECV] BSDC91 notify: TR;2;11673;f;0;ff;ff;1903,1696,2485,2600,1742,1588,2437,2372;1903,1696,2485,2600,1742,1588,2437,2372;100,100,94,100,100,100,94,100;OOOOOOOO
[RECV] BS2DCE notify: TS;1;11321;f;1081;2468;1750;762;1033;ABCDEFGH;0;10;M;0;S;100;0;full;100
[RECV] BS2DCE notify: TR;2;11321;f;0;ff;ff;2266,2530,2023,1826,2184,2435,1841,1826;2266,2530,2023,1826,2184,2435,1841,1826;100,100,100,100,100,100,100,100;OOOOOOOO
[RECV] BSDC91 notify: TS;1;11674;f;1256;1796;1748;749;1061;ABCDEFGH;5;10;M;0;S;99;0;full;98
[RECV] BSDC91 notify: TR;2;11674;f;0;ff;ff;1820,1766,2465,2674,1668,1709,2543,2380;1820,1766,2465,2674,1668,1709,2543,2380;100,100,94,100,100,100,94,100;OOOOOOOO
[RECV] BS2DCE notify: TS;1;11322;f;1122;2493;1845;804;1093;ABCDEFGH;0;10;M;0;S;99;0;full;100
[RECV] BS2DCE notify: TR;2;11322;f;0;ff;ff;2367,2512,1995,1828,2189,2377,1780,1775;2367,2512,1995,1828,2189,2377,1780,1775;100,100,100,100,100,100,100,100;OOOOOOOO
[RECV] BSDC91 notify: TS;1;11675;f;1163;1796;1627;710;1043;ABCDEFGH;5;10;M;0;S;100;0;full;98
[RECV] BSDC91 notify: TR;2;11675;f;0;ff;ff;1756,1756,2538,2538,1693,1800,2702,2315;1756,1756,2538,2538,1693,1800,2702,2315;100,100,95,100,100,100,95,100;OOOOOOOO
[RECV] BS2DCE notify: TS;1;11323;f;1213;2435;1970;885;1173;ABCDEFGH;0;10;M;0;S;100;0;full;100
[RECV] BS2DCE notify: TR;2;11323;f;0;ff;ff;2384,2332,2004,1906,2161,2181,1720,1810;2384,2332,2004,1906,2161,2181,1720,1810;100,100,100,100,100,100,100,100;OOOOOOOO
[RECV] BSDC91 notify: TS;1;11676;f;1243;1933;2237;1112;1535;ABCDEFGH;5;10;M;0;S;100;0;full;98
[RECV] BSDC91 notify: TR;2;11676;f;0;ff;ff;1672,1767,2532,2509,1634,1798,1619,2213;1672,1767,2532,2509,1634,1798,1619,2213;100,100,95,100,100,100,95,100;OOOOOOOO
[RECV] BS2DCE notify: TS;1;11324;f;1253;2437;1919;851;1115;ABCDEFGH;0;10;M;0;S;101;0;full;100
[RECV] BS2DCE notify: TR;2;11324;f;0;ff;ff;2426,2316,1960,1950,2194,2182,1738,1857;2426,2316,1960,1950,2194,2182,1738,1857;100,100,100,100,100,100,100,100;OOOOOOOO
[RECV] BSDC91 notify: TS;1;11677;f;1044;1797;1673;737;1082;ABCDEFGH;5;10;M;0;S;101;0;full;98
[RECV] BSDC91 notify: TR;2;11677;f;0;ff;ff;1586,1868,2651,2493,1600,1948,2542,2315;1586,1868,2651,2493,1600,1948,2542,2315;100,100,95,100,100,100,95,100;OOOOOOOO
[RECV] BS2DCE notify: TS;1;11325;f;1303;2457;1923;837;1141;ABCDEFGH;0;10;M;0;S;100;0;full;100
[RECV] BS2DCE notify: TR;2;11325;f;0;ff;ff;2534,2351,1957,1939,2219,2136,1653,1978;2534,2351,1957,1939,2219,2136,1653,1978;100,100,100,100,100,100,100,100;OOOOOOOO
[RECV] BSDC91 notify: TS;1;11678;f;1056;1833;-295;783;1196;ABCDEFGH;5;10;M;0;S;99;0;full;98
[RECV] BSDC91 notify: TR;2;11678;f;0;ff;ff;1480,1934,2364,2459,1626,2063,2571,2468;1480,1934,2364,2459,1626,2063,2571,2468;100,100,95,100,100,100,95,100;OOOOOOOO
[RECV] BS2DCE notify: TS;1;11326;f;1308;2433;2013;868;1134;ABCDEFGH;0;10;M;0;S;99;0;full;100
[RECV] BS2DCE notify: TR;2;11326;f;0;ff;ff;2552,2305,2035,2019,2215,2078,1633,1904;2552,2305,2035,2019,2215,2078,1633,1904;100,100,100,100,100,100,100,100;OOOOOOOO
[RECV] BSDC91 notify: TS;1;11679;f;923;1755;1480;634;953;ABCDEFGH;5;10;M;0;S;100;0;full;98
[RECV] BSDC91 notify: TR;2;11679;f;0;ff;ff;1521,1937,2979,2320,1639,2098,2563,2562;1521,1937,2979,2320,1639,2098,2563,2562;100,100,95,100,100,100,95,100;OOOOOOOO
[RECV] BS2DCE notify: TS;1;11327;f;1391;2385;1896;856;1066;ABCDEFH;0;10;M;0;S;98;0;full;100
[RECV] BS2DCE notify: TR;2;11327;f;0;ff;bf;2495,2198,1978,2092,2275,1980,0,1907;2495,2198,1978,2092,2275,1980,1633,1907;100,100,100,100,100,100,95,100;OOOOOOTO
[RECV] BSDC91 notify: RXG;1;11679;tag=2;mask=0xff;pc=8;guard=1200;spacing=1000;win=8165;pre=1;slot_to_entry_us=0;slot_to_sched_us=0;slot_to_write_done_us=0;slot_to_txcmd_us=274;slot_to_txdone_us=610;txcmd_to_txdone_us=335;txdone_to_rxstart_us=61;txdone_to_rxend_us=183;rxenable
[RECV] BSDC91 notify: CD;1;11679;tag=2;local=0xb102;status=0x00806f02;rxf=0x0766c814;win=8165;pc=8;mask=0xff;resp=8;unexp=0;last_len=20;last_src=0xa107;last_dst=0xb102;last_code=0xe
[RECV] BSDC91 notify: TS;1;11680;f;932;1859;-345;791;1215;ABCDEFGH;5;10;M;0;S;144;0;full;99
[RECV] BSDC91 notify: TR;2;11680;f;0;ff;ff;1534,1943,2566,2139,1615,2156,2695,2377;1534,1943,2566,2139,1615,2156,2695,2377;100,100,96,100,100,100,96,100;OOOOOOOO
[RECV] BSDC91 notify: TDIAG;wait_ms=75;tx_us=610;rx_us=183;coll_us=8300;range_us=43975;solve_us=12084;out_us=2227;clean_us=30;total_ms=143
[RECV] BS2DCE notify: RXG;1;11327;tag=1;mask=0xff;pc=8;guard=1200;spacing=1000;win=8165;pre=1;slot_to_entry_us=0;slot_to_sched_us=0;slot_to_write_done_us=0;slot_to_txcmd_us=274;slot_to_txdone_us=610;txcmd_to_txdone_us=335;txdone_to_rxstart_us=91;txdone_to_rxend_us=213;rxenable
[RECV] BS2DCE notify: CD;1;11327;tag=1;local=0xb101;status=0x00806f02;rxf=0x0786c814;win=8165;pc=8;mask=0xff;resp=8;unexp=0;last_len=20;last_src=0xa107;last_dst=0xb101;last_code=0xe
[RECV] BS2DCE notify: TS;1;11328;f;1395;2371;1986;852;1127;ABCDEFGH;0;10;M;0;S;146;0;full;99
[RECV] BS2DCE notify: TR;2;11328;f;0;ff;ff;2546,2205,1950,2201,2199,1977,1738,1972;2546,2205,1950,2201,2199,1977,1738,1972;100,100,100,100,100,100,96,100;OOOOOOOO
[RECV] BSDC91 notify: TS;1;11681;f;894;1924;-349;815;1168;ABCDEFGH;5;10;M;0;S;57;0;full;99
[RECV] BSDC91 notify: TR;2;11681;f;0;ff;ff;1567,1984,2605,2017,1698,2139,2673,2190;1567,1984,2605,2017,1698,2139,2673,2190;100,100,96,100,100,100,96,100;OOOOOOOO
[RECV] BS2DCE notify: TS;1;11329;f;1447;2380;1957;832;1133;ABCDEFGH;0;10;M;0;S;57;0;full;99
[RECV] BS2DCE notify: TR;2;11329;f;0;ff;ff;2632,2144,1953,2223,2230,2008,1675,2046;2632,2144,1953,2223,2230,2008,1675,2046;100,100,100,100,100,100,96,100;OOOOOOOO
[RECV] BSDC91 notify: TS;1;11682;f;861;2058;1492;756;1091;ABCDEFH;5;10;M;0;S;97;0;full;99
[RECV] BSDC91 notify: TR;2;11682;f;0;ff;bf;1689,2051,2741,1820,1822,2244,0,2033;1689,2051,2741,1820,1822,2244,2673,2033;100,100,96,100,100,100,92,100;OOOOOOTO
[RECV] BS2DCE notify: TS;1;11330;f;1429;2405;1827;757;1109;ABCDEFGH;0;10;M;0;S;100;0;full;99
[RECV] BS2DCE notify: TR;2;11330;f;0;ff;ff;2681,2117,1964,2292,2131,2362,1643,2074;2681,2117,1964,2292,2131,2362,1643,2074;100,100,100,100,100,100,96,100;OOOOOOOO
[RECV] BS2DCE notify: TDIAG;wait_ms=75;tx_us=610;rx_us=183;coll_us=8483;range_us=549;solve_us=11962;out_us=2349;clean_us=30;total_ms=100
[RECV] BSDC91 notify: TS;1;11683;f;890;2148;-548;940;1344;ABCDEFGH;5;10;M;0;S;103;0;full;98
[RECV] BSDC91 notify: TR;2;11683;f;0;ff;ff;1775,2033,2190,1779,1808,2414,2519,1930;1775,2033,2190,1779,1808,2414,2519,1930;100,100,96,100,100,100,92,100;OOOOOOOO
[RECV] BS2DCE notify: TS;1;11331;f;1456;2350;1869;774;1165;ABCDEFGH;0;10;M;0;S;100;0;full;99
[RECV] BS2DCE notify: TR;2;11331;f;0;ff;ff;2658,2035,1993,2368,2157,2202,1732,2039;2658,2035,1993,2368,2157,2202,1732,2039;100,100,100,100,100,100,96,100;OOOOOOOO
[RECV] BSDC91 notify: TS;1;11684;f;833;2159;-516;967;1310;ABCEFGH;5;10;M;0;S;97;0;full;98
[RECV] BSDC91 notify: TR;2;11684;f;0;ff;f7;1642,2155,2219,0,1814,2438,2440,1914;1642,2155,2219,1779,1814,2438,2440,1914;100,100,96,96,100,100,93,100;OOOTOOOO
[RECV] BS2DCE notify: TS;1;11332;f;1400;2353;1746;710;1068;ABCDEFGH;0;10;M;0;S;100;0;full;99
[RECV] BS2DCE notify: TR;2;11332;f;0;ff;ff;2561,2084,2030,2367,2150,2386,1758,2064;2561,2084,2030,2367,2150,2386,1758,2064;100,100,100,100,100,100,96,100;OOOOOOOO
[RECV] BSDC91 notify: TS;1;11685;f;862;2290;-645;1013;1432;ABCDEFGH;5;10;M;0;S;103;0;full;98
[RECV] BSDC91 notify: TR;2;11685;f;0;ff;ff;1738,2179,2115,1581,1877,2678,2244,1837;1738,2179,2115,1581,1877,2678,2244,1837;100,100,96,96,100,100,93,100;OOOOOOOO
[RECV] BS2DCE notify: TS;1;11333;f;1502;2233;2106;917;1269;ABCDEFGH;0;10;M;0;S;100;0;full;99
[RECV] BS2DCE notify: TR;2;11333;f;0;ff;ff;2691,1979,1999,2389,2006,1687,1841,2133;2691,1979,1999,2389,2006,1687,1841,2133;100,100,100,100,100,100,96,100;OOOOOOOO
[RECV] BSDC91 notify: TS;1;11686;f;847;2290;-613;963;1356;ABCDEFGH;5;10;M;0;S;100;0;full;98
[RECV] BSDC91 notify: TR;2;11686;f;0;ff;ff;1767,2256,2087,1584,1928,2654,2384,1848;1767,2256,2087,1584,1928,2654,2384,1848;100,100,96,96,100,100,93,100;OOOOOOOO
[RECV] BS2DCE notify: TS;1;11334;f;1533;2194;2058;871;1307;ABCDEFGH;0;10;M;0;S;100;0;full;99
[RECV] BS2DCE notify: TR;2;11334;f;0;ff;ff;2798,1873,2079,2485,1980,1717,1920,2146;2798,1873,2079,2485,1980,1717,1920,2146;100,100,100,100,100,100,96,100;OOOOOOOO
[RECV] BSDC91 notify: TS;1;11687;f;865;2378;-572;995;1343;ABCDEFGH;5;10;M;0;S;100;0;full;98
[RECV] BSDC91 notify: TR;2;11687;f;0;ff;ff;1954,2300,2049,1428,1996,2505,2226,1699;1954,2300,2049,1428,1996,2505,2226,1699;100,100,96,96,100,100,93,100;OOOOOOOO
[RECV] BS2DCE notify: TS;1;11335;f;1461;2107;2040;889;1275;ABCDEFGH;0;10;M;0;S;100;0;full;99
[RECV] BS2DCE notify: TR;2;11335;f;0;ff;ff;2407,1858,2173,2461,1961,1666,1945,2208;2407,1858,2173,2461,1961,1666,1945,2208;100,100,100,100,100,100,96,100;OOOOOOOO
[RECV] BSDC91 notify: TS;1;11688;f;961;2468;1553;834;1192;ABCDEFH;5;10;M;0;S;97;0;full;100
[RECV] BSDC91 notify: TR;2;11688;f;0;ff;bf;2047,2438,2045,1495,2011,2547,0,1719;2047,2438,2045,1495,2011,2547,2226,1719;100,100,100,100,100,100,88,100;OOOOOOTO
[RECV] BS2DCE notify: TS;1;11336;f;1375;2078;1956;802;1066;ABCDEFGH;0;10;M;0;S;100;0;full;100
[RECV] BS2DCE notify: TR;2;11336;f;0;ff;ff;2290,2025,2257,2509,1904,1747,2049,2242;2290,2025,2257,2509,1904,1747,2049,2242;100,100,100,100,100,100,100,100;OOOOOOOO
[RECV] BS2DCE notify: TS;1;11337;f;1383;1988;1784;677;984;ABCDEFGH;0;10;M;0;S;99;0;full;100
[RECV] BS2DCE notify: TR;2;11337;f;0;ff;ff;2270,1936,2370,2723,1867,1859,2222,2327;2270,1936,2370,2723,1867,1859,2222,2327;100,100,100,100,100,100,100,100;OOOOOOOO
[RECV] BSDC91 notify: TS;1;11689;f;927;2493;1634;754;1129;ABCDEFGH;5;10;M;0;S;102;0;full;98
[RECV] BSDC91 notify: TR;2;11689;f;0;ff;ff;2274,2519,2037,1574,2118,2567,2090,1689;2274,2519,2037,1574,2118,2567,2090,1689;100,100,100,100,100,100,88,100;OOOOOOOO
[RECV] BSDC91 notify: RXG;1;11689;tag=2;mask=0xff;pc=8;guard=1200;spacing=1000;win=8165;pre=1;slot_to_entry_us=0;slot_to_sched_us=0;slot_to_write_done_us=0;slot_to_txcmd_us=274;slot_to_txdone_us=610;txcmd_to_txdone_us=335;txdone_to_rxstart_us=61;txdone_to_rxend_us=183;rxenable
[RECV] BSDC91 notify: CD;1;11689;tag=2;local=0xb102;status=0x00806f02;rxf=0x07a6c814;win=8165;pc=8;mask=0xff;resp=8;unexp=0;last_len=20;last_src=0xa107;last_dst=0xb102;last_code=0xe
[RECV] BSDC91 notify: TS;1;11690;f;954;2515;1751;790;1105;ABCDEFGH;5;10;M;0;S;144;0;full;98
[RECV] BSDC91 notify: TR;2;11690;f;0;ff;ff;2338,2519,2019,1667,2074,2632,2007,1585;2338,2519,2019,1667,2074,2632,2007,1585;100,100,100,100,100,100,89,100;OOOOOOOO
[RECV] BSDC91 notify: TDIAG;wait_ms=75;tx_us=610;rx_us=183;coll_us=8300;range_us=44067;solve_us=11932;out_us=2227;clean_us=30;total_ms=143
[RECV] BS2DCE notify: RXG;1;11337;tag=1;mask=0xff;pc=8;guard=1200;spacing=1000;win=8165;pre=1;slot_to_entry_us=0;slot_to_sched_us=0;slot_to_write_done_us=0;slot_to_txcmd_us=274;slot_to_txdone_us=610;txcmd_to_txdone_us=335;txdone_to_rxstart_us=61;txdone_to_rxend_us=183;rxenable
[RECV] BS2DCE notify: CD;1;11337;tag=1;local=0xb101;status=0x00806f02;rxf=0x0756c814;win=8165;pc=8;mask=0xff;resp=8;unexp=0;last_len=20;last_src=0xa107;last_dst=0xb101;last_code=0xe
[RECV] BS2DCE notify: TS;1;11338;f;1416;1939;1894;756;1079;ABCDEFGH;0;10;M;0;S;144;0;full;100
[RECV] BS2DCE notify: TR;2;11338;f;0;ff;ff;2227,1864,2389,2698,1888,1599,2256,2330;2227,1864,2389,2698,1888,1599,2256,2330;100,100,100,100,100,100,100,100;OOOOOOOO
[RECV] BSDC91 notify: TS;1;11691;f;943;2541;-235;805;1139;ABCDEFGH;5;10;M;0;S;57;0;full;98
[RECV] BSDC91 notify: TR;2;11691;f;0;ff;ff;2253,2549,1917,1604,2214,2610,1966,1608;2253,2549,1917,1604,2214,2610,1966,1608;100,100,100,100,100,100,90,100;OOOOOOOO
[RECV] BS2DCE notify: TS;1;11339;f;1327;1950;1885;800;1130;ABCDEFGH;0;10;M;0;S;57;0;full;100
[RECV] BS2DCE notify: TR;2;11339;f;0;ff;ff;2077,1851,2412,2491,1834,1673,2246,2302;2077,1851,2412,2491,1834,1673,2246,2302;100,100,100,100,100,100,100,100;OOOOOOOO
[RECV] BSDC91 notify: TS;1;11692;f;1054;2524;-188;869;1162;ACDEFGH;5;10;M;0;S;97;0;full;98
[RECV] BSDC91 notify: TR;2;11692;f;0;ff;fd;2295,0,1864,1596,2141,2581,1828,1616;2295,2549,1864,1596,2141,2581,1828,1616;100,95,100,100,100,100,90,100;OTOOOOOO
[RECV] BS2DCE notify: TS;1;11340;f;1291;1907;1776;766;1090;ABCDEFGH;0;10;M;0;S;100;0;full;100
[RECV] BS2DCE notify: TR;2;11340;f;0;ff;ff;1975,1810,2408,2476,1831,1667,2439,2300;1975,1810,2408,2476,1831,1667,2439,2300;100,100,100,100,100,100,100,100;OOOOOOOO
[RECV] BS2DCE notify: TDIAG;wait_ms=75;tx_us=610;rx_us=213;coll_us=8300;range_us=549;solve_us=12084;out_us=2197;clean_us=30;total_ms=99
[RECV] BSDC91 notify: TS;1;11693;f;1054;2568;1853;868;1208;ABCDEFGH;5;10;M;0;S;102;0;full;98
[RECV] BSDC91 notify: TR;2;11693;f;0;ff;ff;2325,2560,1866,1641,2220,2433,1800,1584;2325,2560,1866,1641,2220,2433,1800,1584;100,95,100,100,100,100,90,100;OOOOOOOO
[RECV] BS2DCE notify: TS;1;11341;f;1256;1877;1741;733;1021;ABCDEFGH;0;10;M;0;S;99;0;full;100
[RECV] BS2DCE notify: TR;2;11341;f;0;ff;ff;1934,1853,2419,2554,1765,1720,2529,2310;1934,1853,2419,2554,1765,1720,2529,2310;100,100,100,100,100,100,100,100;OOOOOOOO
[RECV] BSDC91 notify: TS;1;11694;f;1160;2536;1737;812;1087;ABCDEFH;5;10;M;0;S;98;0;full;99
[RECV] BSDC91 notify: TR;2;11694;f;0;ff;bf;2354,2500,1922,1759,2222,2450,0,1718;2354,2500,1922,1759,2222,2450,1800,1718;100,95,100,100,100,100,86,100;OOOOOOTO
[RECV] BS2DCE notify: TS;1;11342;f;1196;1892;1765;750;1003;ABCDEFGH;0;10;M;0;S;101;0;full;100
[RECV] BS2DCE notify: TR;2;11342;f;0;ff;ff;1847,1934,2378,2595,1698,1836,2507,2231;1847,1934,2378,2595,1698,1836,2507,2231;100,100,100,100,100,100,100,100;OOOOOOOO
[RECV] BSDC91 notify: TS;1;11695;f;1201;2575;1843;874;1208;ABCDEFGH;5;10;M;0;S;103;0;full;97
[RECV] BSDC91 notify: TR;2;11695;f;0;ff;ff;2432,2421,1725,1757,2221,2432,1675,1693;2432,2421,1725,1757,2221,2432,1675,1693;100,95,100,100,100,100,87,100;OOOOOOOO
[RECV] BS2DCE notify: TS;1;11343;f;1153;1952;1704;738;974;ABCDEFGH;0;10;M;0;S;100;0;full;100
[RECV] BS2DCE notify: TR;2;11343;f;0;ff;ff;1862,1997,2366,2368,1762,1866,2476,2253;1862,1997,2366,2368,1762,1866,2476,2253;100,100,100,100,100,100,100,100;OOOOOOOO
[RECV] BSDC91 notify: TS;1;11696;f;1244;2535;1958;874;1127;ABCDEFGH;5;10;M;0;S;100;0;full;98
[RECV] BSDC91 notify: TR;2;11696;f;0;ff;ff;2495,2423,1889,1900,2208,2348,1545,1802;2495,2423,1889,1900,2208,2348,1545,1802;100,96,100,100,100,100,88,100;OOOOOOOO
[RECV] BS2DCE notify: TS;1;11344;f;1110;1912;1748;727;1049;ABCDEFGH;0;10;M;0;S;100;0;full;100
[RECV] BS2DCE notify: TR;2;11344;f;0;ff;ff;1769,2075,2507,2461,1770,1845,2460,2243;1769,2075,2507,2461,1770,1845,2460,2243;100,100,100,100,100,100,100,100;OOOOOOOO
[RECV] BSDC91 notify: TS;1;11697;f;1299;2533;2023;933;1202;ABCDEFGH;5;10;M;0;S;100;0;full;98
[RECV] BSDC91 notify: TR;2;11697;f;0;ff;ff;2472,2378,1844,1895,2265,2226,1432,1846;2472,2378,1844,1895,2265,2226,1432,1846;100,96,100,100,100,100,88,100;OOOOOOOO
[RECV] BS2DCE notify: TS;1;11345;f;1013;1919;1727;732;1098;ABCDEFGH;0;10;M;0;S;100;0;full;100
[RECV] BS2DCE notify: TR;2;11345;f;0;ff;ff;1675,2167,2560,2337,1719,1918,2458,2261;1675,2167,2560,2337,1719,1918,2458,2261;100,100,100,100,100,100,100,100;OOOOOOOO
[RECV] BSDC91 notify: TS;1;11698;f;1332;2539;1963;863;1157;ABCDEFGH;5;10;M;0;S;100;0;full;98
[RECV] BSDC91 notify: TR;2;11698;f;0;ff;ff;2595,2434,1820,1961,2253,2227,1510,1918;2595,2434,1820,1961,2253,2227,1510,1918;100,96,100,100,100,100,88,100;OOOOOOOO
[RECV] BS2DCE notify: TS;1;11346;f;993;1883;1650;672;990;ABCDEFGH;0;10;M;0;S;100;0;full;100
[RECV] BS2DCE notify: TR;2;11346;f;0;ff;ff;1703,2089,2761,2329,1750,1981,2484,2313;1703,2089,2761,2329,1750,1981,2484,2313;100,100,100,100,100,100,100,100;OOOOOOOO
[RECV] BSDC91 notify: TS;1;11699;f;1407;2521;1925;849;1144;ABCDEFGH;5;10;M;0;S;99;0;full;98
[RECV] BSDC91 notify: TR;2;11699;f;0;ff;ff;2652,2321,1790,1999,2303,2168,1520,2001;2652,2321,1790,1999,2303,2168,1520,2001;100,96,100,100,100,100,89,100;OOOOOOOO
[RECV] BS2DCE notify: TS;1;11347;f;950;1868;1582;649;987;ABCDEFGH;0;10;M;0;S;99;0;full;100
[RECV] BS2DCE notify: TR;2;11347;f;0;ff;ff;1639,2082,2832,2304,1770,2047,2505,2337;1639,2082,2832,2304,1770,2047,2505,2337;100,100,100,100,100,100,100,100;OOOOOOOO
[RECV] BSDC91 notify: RXG;1;11699;tag=2;mask=0xff;pc=8;guard=1200;spacing=1000;win=8165;pre=1;slot_to_entry_us=0;slot_to_sched_us=0;slot_to_write_done_us=0;slot_to_txcmd_us=274;slot_to_txdone_us=610;txcmd_to_txdone_us=335;txdone_to_rxstart_us=61;txdone_to_rxend_us=183;rxenable
[RECV] BSDC91 notify: CD;1;11699;tag=2;local=0xb102;status=0x00806f02;rxf=0x0766c814;win=8165;pc=8;mask=0xff;resp=8;unexp=0;last_len=20;last_src=0xa107;last_dst=0xb102;last_code=0xe
[RECV] BSDC91 notify: TS;1;11700;f;1439;2509;2006;890;1205;ABCDEFGH;5;10;M;0;S;144;0;full;98
[RECV] BS2DCE notify: RXG;1;11347;tag=1;mask=0xff;pc=8;guard=1200;spacing=1000;win=8165;pre=1;slot_to_entry_us=0;slot_to_sched_us=0;slot_to_write_done_us=0;slot_to_txcmd_us=274;slot_to_txdone_us=610;txcmd_to_txdone_us=335;txdone_to_rxstart_us=91;txdone_to_rxend_us=213;rxenable
[RECV] BSDC91 notify: TR;2;11700;f;0;ff;ff;2664,2294,1779,2072,2320,2075,1486,1974;2664,2294,1779,2072,2320,2075,1486,1974;100,96,100,100,100,100,89,100;OOOOOOOO
[RECV] BSDC91 notify: TDIAG;wait_ms=75;tx_us=610;rx_us=183;coll_us=8270;range_us=44006;solve_us=11871;out_us=2410;clean_us=30;total_ms=143
[RECV] BS2DCE notify: CD;1;11347;tag=1;local=0xb101;status=0x00806f02;rxf=0x0786c814;win=8165;pc=8;mask=0xff;resp=8;unexp=0;last_len=20;last_src=0xa107;last_dst=0xb101;last_code=0xe
[RECV] BS2DCE notify: TS;1;11348;f;966;1879;-123;632;974;ABCDEFGH;0;10;M;0;S;145;0;full;100
[RECV] BS2DCE notify: TR;2;11348;f;0;ff;ff;1669,2030,2699,2242,1741,2216,2627,2467;1669,2030,2699,2242,1741,2216,2627,2467;100,100,100,100,100,100,100,100;OOOOOOOO
[RECV] BSDC91 notify: TS;1;11701;f;1424;2495;1868;805;1108;ABCDEFGH;5;10;M;0;S;57;0;full;98
[RECV] BSDC91 notify: TR;2;11701;f;0;ff;ff;2610,2269,1800,2137,2326,2240,1577,1974;2610,2269,1800,2137,2326,2240,1577,1974;100,96,100,100,100,100,90,100;OOOOOOOO
[RECV] BS2DCE notify: TS;1;11349;f;1044;1925;-305;708;1121;ABCDEFGH;0;10;M;0;S;56;0;full;100
[RECV] BS2DCE notify: TR;2;11349;f;0;ff;ff;1687,2052,2339,2166,1766,2216,2658,2574;1687,2052,2339,2166,1766,2216,2658,2574;100,100,100,100,100,100,100,100;OOOOOOOO
[RECV] BSDC91 notify: TS;1;11702;f;1480;2431;2091;938;1316;ABCDEFGH;5;10;M;0;S;99;0;full;98
[RECV] BSDC91 notify: TR;2;11702;f;0;ff;ff;2625,2252,1761,2189,2312,1792,1615,1985;2625,2252,1761,2189,2312,1792,1615,1985;100,96,100,100,100,100,90,100;OOOOOOOO
[RECV] BS2DCE notify: TS;1;11350;f;935;1998;-350;776;1149;ABCDEFGH;0;10;M;0;S;100;0;full;100
[RECV] BS2DCE notify: TR;2;11350;f;0;ff;ff;1761,2040,2360,2005,1782,2218,2765,2183;1761,2040,2360,2005,1782,2218,2765,2183;100,100,100,100,100,100,100,100;OOOOOOOO
[RECV] BS2DCE notify: TDIAG;wait_ms=75;tx_us=610;rx_us=183;coll_us=8239;range_us=579;solve_us=12084;out_us=2197;clean_us=30;total_ms=100
[RECV] BSDC91 notify: TS;1;11703;f;1600;2527;2100;879;1209;ABCDEFGH;5;10;M;0;S;101;0;full;98
[RECV] BSDC91 notify: TR;2;11703;f;0;ff;ff;3333,2215,1780,2279,2293,1857,1526,2018;3333,2215,1780,2279,2293,1857,1526,2018;100,96,100,100,100,100,90,100;OOOOOOOO
[RECV] BS2DCE notify: TS;1;11351;f;879;2021;1557;678;997;ABCDEFGH;0;10;M;0;S;100;0;full;100
[RECV] BS2DCE notify: TR;2;11351;f;0;ff;ff;1789,2130,2724,1982,1817,2241,2426,2191;1789,2130,2724,1982,1817,2241,2426,2191;100,100,100,100,100,100,100,100;OOOOOOOO
[RECV] BSDC91 notify: TS;1;11704;f;1623;2579;1965;802;1263;ABCDEFGH;5;10;M;0;S;99;0;full;99
[RECV] BSDC91 notify: TR;2;11704;f;0;ff;ff;3640,2113,1850,2264,2294,2120,1566,1974;3640,2113,1850,2264,2294,2120,1566,1974;100,100,100,100,100,100,94,100;OOOOOOOO
[RECV] BS2DCE notify: TS;1;11352;f;818;2022;1579;717;1085;ABCDEFGH;0;10;M;0;S;99;0;full;100
[RECV] BS2DCE notify: TR;2;11352;f;0;ff;ff;1805,2029,2823,1883,1766,2319,2462,2085;1805,2029,2823,1883,1766,2319,2462,2085;100,100,100,100,100,100,100,100;OOOOOOOO
[RECV] BSDC91 notify: TS;1;11705;f;1477;2491;1896;790;1129;ABCDEFGH;5;10;M;0;S;100;0;full;99
[RECV] BSDC91 notify: TR;2;11705;f;0;ff;ff;2793,2185,1852,2307,2219,2383,1493,2003;2793,2185,1852,2307,2219,2383,1493,2003;100,100,100,100,100,100,94,100;OOOOOOOO
[RECV] BS2DCE notify: TS;1;11353;f;949;2084;-367;855;1267;ABCDEFGH;0;10;M;0;S;100;0;full;100
[RECV] BS2DCE notify: TR;2;11353;f;0;ff;ff;1770,2071,2323,1908,1740,2245,2414,2092;1770,2071,2323,1908,1740,2245,2414,2092;100,100,100,100,100,100,100,100;OOOOOOOO
[RECV] BSDC91 notify: TS;1;11706;f;1566;2489;1926;770;1177;ABCDEFGH;5;10;M;0;S;100;0;full;99
[RECV] BSDC91 notify: TR;2;11706;f;0;ff;ff;3217,2124,1877,2378,2174,2222,1580,2052;3217,2124,1877,2378,2174,2222,1580,2052;100,100,100,100,100,100,94,100;OOOOOOOO
[RECV] BS2DCE notify: TS;1;11354;f;970;2160;-418;873;1271;ABCDEFGH;0;10;M;0;S;100;0;full;100
[RECV] BS2DCE notify: TR;2;11354;f;0;ff;ff;1874,2082,2222,1813,1829,2316,2363,2042;1874,2082,2222,1813,1829,2316,2363,2042;100,100,100,100,100,100,100,100;OOOOOOOO
[RECV] BS2DCE notify: TS;1;11355;f;894;2173;-358;856;1219;ABCDEFGH;0;10;M;0;S;100;0;full;100
[RECV] BS2DCE notify: TR;2;11355;f;0;ff;ff;1829,2126,2313,1830,1831,2368,2375,1899;1829,2126,2313,1830,1831,2368,2375,1899;100,100,100,100,100,100,100,100;OOOOOOOO
[RECV] BSDC91 notify: TS;1;11707;f;1523;2378;2062;879;1277;ABCDEFGH;5;10;M;0;S;100;0;full;99
[RECV] BSDC91 notify: TR;2;11707;f;0;ff;ff;2821,2038,1927,2389,2157,2000,1585,2023;2821,2038,1927,2389,2157,2000,1585,2023;100,100,100,100,100,100,95,100;OOOOOOOO
[RECV] BSDC91 notify: TS;1;11708;f;1527;2354;1898;780;1137;ABCDEFGH;5;10;M;0;S;101;0;full;99
[RECV] BSDC91 notify: TR;2;11708;f;0;ff;ff;2671,2059,1950,2467,2197,2149,1611,2144;2671,2059,1950,2467,2197,2149,1611,2144;100,100,100,100,100,100,95,100;OOOOOOOO
[RECV] BS2DCE notify: TS;1;11356;f;895;2181;-372;828;1243;ABCDEFGH;0;10;M;0;S;101;0;full;100
[RECV] BS2DCE notify: TR;2;11356;f;0;ff;ff;1919,2104,2268,1825,1822,2483,2446,1961;1919,2104,2268,1825,1822,2483,2446,1961;100,100,100,100,100,100,100,100;OOOOOOOO
[RECV] BSDC91 notify: TS;1;11709;f;1589;2316;1998;846;1273;ABCDEFGH;5;10;M;0;S;100;0;full;99
[RECV] BSDC91 notify: TR;2;11709;f;0;ff;ff;2790,1937,1952,2453,2220,1893,1659,2153;2790,1937,1952,2453,2220,1893,1659,2153;100,100,100,100,100,100,95,100;OOOOOOOO
[RECV] BS2DCE notify: TS;1;11357;f;878;2248;-400;863;1256;ABCDEFGH;0;10;M;0;S;100;0;full;100
[RECV] BS2DCE notify: TR;2;11357;f;0;ff;ff;1911,2155,2221,1766,1871,2547,2338,1849;1911,2155,2221,1766,1871,2547,2338,1849;100,100,100,100,100,100,100,100;OOOOOOOO
[RECV] BSDC91 notify: RXG;1;11709;tag=2;mask=0xff;pc=8;guard=1200;spacing=1000;win=8165;pre=1;slot_to_entry_us=0;slot_to_sched_us=0;slot_to_write_done_us=0;slot_to_txcmd_us=274;slot_to_txdone_us=610;txcmd_to_txdone_us=335;txdone_to_rxstart_us=61;txdone_to_rxend_us=183;rxenable
[RECV] BSDC91 notify: CD;1;11709;tag=2;local=0xb102;status=0x00806f02;rxf=0x07a6c814;win=8165;pc=8;mask=0xff;resp=8;unexp=0;last_len=20;last_src=0xa107;last_dst=0xb102;last_code=0xe
[RECV] BS2DCE notify: RXG;1;11357;tag=1;mask=0xff;pc=8;guard=1200;spacing=1000;win=8165;pre=1;slot_to_entry_us=0;slot_to_sched_us=0;slot_to_write_done_us=0;slot_to_txcmd_us=274;slot_to_txdone_us=610;txcmd_to_txdone_us=335;txdone_to_rxstart_us=61;txdone_to_rxend_us=183;rxenable
[RECV] BSDC91 notify: TS;1;11710;f;1503;2254;2028;857;1235;ABCDEFGH;5;10;M;0;S;143;0;full;99
[RECV] BSDC91 notify: TR;2;11710;f;0;ff;ff;2660,1977,2033,2458,2040,1886,1749,2144;2660,1977,2033,2458,2040,1886,1749,2144;100,100,100,100,100,100,95,100;OOOOOOOO
[RECV] BSDC91 notify: TDIAG;wait_ms=75;tx_us=610;rx_us=183;coll_us=8300;range_us=43975;solve_us=11993;out_us=2227;clean_us=61;total_ms=143
[RECV] BS2DCE notify: CD;1;11357;tag=1;local=0xb101;status=0x00806f02;rxf=0x0786c814;win=8165;pc=8;mask=0xff;resp=8;unexp=0;last_len=20;last_src=0xa107;last_dst=0xb101;last_code=0xe
[RECV] BS2DCE notify: TS;1;11358;f;882;2292;-467;889;1277;ABCDEFGH;0;10;M;0;S;143;0;full;100
[RECV] BS2DCE notify: TR;2;11358;f;0;ff;ff;1924,2179,2185,1659,1925,2614,2294,1855;1924,2179,2185,1659,1925,2614,2294,1855;100,100,100,100,100,100,100,100;OOOOOOOO
[RECV] BSDC91 notify: TS;1;11711;f;1524;2202;2050;863;1270;ABCDEFGH;5;10;M;0;S;56;0;full;99
[RECV] BSDC91 notify: TR;2;11711;f;0;ff;ff;2660,1913,2108,2505,2042,1770,1782,2188;2660,1913,2108,2505,2042,1770,1782,2188;100,100,100,100,100,100,95,100;OOOOOOOO
[RECV] BS2DCE notify: TS;1;11359;f;898;2332;-302;845;1201;ACDEFGH;0;10;M;0;S;56;0;full;100
[RECV] BS2DCE notify: TR;2;11359;f;0;ff;fd;1962,0,2126,1696,1937,2629,2291,1778;1962,2179,2126,1696,1937,2629,2291,1778;100,95,100,100,100,100,100,100;OTOOOOOO
[RECV] BSDC91 notify: TS;1;11712;f;1550;2166;2089;890;1347;ABCDEFGH;5;10;M;0;S;100;0;full;99
[RECV] BSDC91 notify: TR;2;11712;f;0;ff;ff;2850,1828,2134,2456,1969,1611,1927,2203;2850,1828,2134,2456,1969,1611,1927,2203;100,100,100,100,100,100,96,100;OOOOOOOO
[RECV] BS2DCE notify: TS;1;11360;f;854;2292;-332;821;1202;ABCDEFGH;0;10;M;0;S;101;0;full;99
[RECV] BS2DCE notify: TR;2;11360;f;0;ff;ff;2012,2267,2227,1681,1911,2548,2339,1830;2012,2267,2227,1681,1911,2548,2339,1830;100,96,100,100,100,100,100,100;OOOOOOOO
[RECV] BS2DCE notify: TDIAG;wait_ms=76;tx_us=610;rx_us=213;coll_us=8361;range_us=640;solve_us=11962;out_us=2380;clean_us=30;total_ms=101
[RECV] BSDC91 notify: TS;1;11713;f;1473;2092;2066;896;1286;ABCDEFGH;5;10;M;0;S;101;0;full;99
[RECV] BSDC91 notify: TR;2;11713;f;0;ff;ff;2378,1850,2188,2560,1984,1645,1921,2179;2378,1850,2188,2560,1984,1645,1921,2179;100,100,100,100,100,100,96,100;OOOOOOOO
[RECV] BS2DCE notify: TS;1;11361;f;880;2360;-370;826;1228;ABCDEFGH;0;10;M;0;S;100;0;full;99
[RECV] BS2DCE notify: TR;2;11361;f;0;ff;ff;2062,2292,2132,1653,1966,2704,2247,1832;2062,2292,2132,1653,1966,2704,2247,1832;100,96,100,100,100,100,100,100;OOOOOOOO
[RECV] BSDC91 notify: TS;1;11714;f;1492;2072;2001;860;1282;ABCDEFGH;5;10;M;0;S;99;0;full;99
[RECV] BSDC91 notify: TR;2;11714;f;0;ff;ff;2407,1791,2215,2561,1927,1720,1924,2288;2407,1791,2215,2561,1927,1720,1924,2288;100,100,100,100,100,100,96,100;OOOOOOOO
[RECV] BS2DCE notify: TS;1;11362;f;930;2388;-345;805;1185;ABCDEFGH;0;10;M;0;S;100;0;full;99
[RECV] BS2DCE notify: TR;2;11362;f;0;ff;ff;2133,2335,2056,1659,2029,2648,2215,1857;2133,2335,2056,1659,2029,2648,2215,1857;100,96,100,100,100,100,100,100;OOOOOOOO
[RECV] BSDC91 notify: TS;1;11715;f;1461;2018;2027;868;1247;ABCDEFGH;5;10;M;0;S;101;0;full;99
[RECV] BSDC91 notify: TR;2;11715;f;0;ff;ff;2310,1818,2276,2585,1899,1599,2008,2300;2310,1818,2276,2585,1899,1599,2008,2300;100,100,100,100,100,100,96,100;OOOOOOOO
[RECV] BS2DCE notify: TS;1;11363;f;944;2441;1576;720;1014;ABCDEFGH;0;10;M;0;S;100;0;full;99
[RECV] BS2DCE notify: TR;2;11363;f;0;ff;ff;2250,2470,2023,1697,2024,2612,2135,1797;2250,2470,2023,1697,2024,2612,2135,1797;100,96,100,100,100,100,100,100;OOOOOOOO
[RECV] BSDC91 notify: TS;1;11716;f;1485;1984;2051;858;1233;ABCDEFGH;5;10;M;0;S;99;0;full;99
[RECV] BSDC91 notify: TR;2;11716;f;0;ff;ff;2362,1817,2340,2654,1938,1468,2059,2310;2362,1817,2340,2654,1938,1468,2059,2310;100,100,100,100,100,100,96,100;OOOOOOOO
[RECV] BS2DCE notify: TS;1;11364;f;1008;2472;1667;723;1030;ABCDEFGH;0;10;M;0;S;100;0;full;99
[RECV] BS2DCE notify: TR;2;11364;f;0;ff;ff;2381,2529,2008,1742,2074,2513,2079,1785;2381,2529,2008,1742,2074,2513,2079,1785;100,96,100,100,100,100,100,100;OOOOOOOO
[RECV] BSDC91 notify: TS;1;11717;f;1455;1907;2089;893;1255;ABCDEFGH;5;10;M;0;S;100;0;full;99
[RECV] BSDC91 notify: TR;2;11717;f;0;ff;ff;2243,1783,2384,2699,1817,1376,2159,2336;2243,1783,2384,2699,1817,1376,2159,2336;100,100,100,100,100,100,96,100;OOOOOOOO
[RECV] BS2DCE notify: TS;1;11365;f;779;2591;56;615;1005;ABCDEFGH;0;10;M;0;S;100;0;full;99
[RECV] BS2DCE notify: TR;2;11365;f;0;ff;ff;2280,2598,2074,2003,2124,3672,2103,1708;2280,2598,2074,2003,2124,3672,2103,1708;100,96,100,100,100,100,100,100;OOOOOOOO
[RECV] BSDC91 notify: TS;1;11718;f;1419;1857;1942;784;1088;ABCDEFGH;5;10;M;0;S;100;0;full;99
[RECV] BSDC91 notify: TR;2;11718;f;0;ff;ff;2141,1832,2430,2810,1781,1489,2307,2398;2141,1832,2430,2810,1781,1489,2307,2398;100,100,100,100,100,100,96,100;OOOOOOOO
[RECV] BS2DCE notify: TS;1;11366;f;1008;2473;1653;701;931;ABCDEFGH;0;10;M;0;S;100;0;full;99
[RECV] BS2DCE notify: TR;2;11366;f;0;ff;ff;2299,2544,2048,1842,2117,2631,1979,1782;2299,2544,2048,1842,2117,2631,1979,1782;100,96,100,100,100,100,100,100;OOOOOOOO
[RECV] BSDC91 notify: TS;1;11719;f;1420;1861;1981;840;1199;ABCDEFGH;5;10;M;0;S;100;0;full;99
[RECV] BSDC91 notify: TR;2;11719;f;0;ff;ff;2083,1750,2401,2783,1767,1508,2256,2350;2083,1750,2401,2783,1767,1508,2256,2350;100,100,100,100,100,100,96,100;OOOOOOOO
[RECV] BS2DCE notify: TS;1;11367;f;1002;2488;1725;745;990;ABCDEFGH;0;10;M;0;S;100;0;full;99
[RECV] BS2DCE notify: TR;2;11367;f;0;ff;ff;2245,2598,2038,1804,2168,2545,1920,1725;2245,2598,2038,1804,2168,2545,1920,1725;100,96,100,100,100,100,100,100;OOOOOOOO
[RECV] BSDC91 notify: RXG;1;11719;tag=2;mask=0xff;pc=8;guard=1200;spacing=1000;win=8165;pre=1;slot_to_entry_us=0;slot_to_sched_us=0;slot_to_write_done_us=0;slot_to_txcmd_us=274;slot_to_txdone_us=610;txcmd_to_txdone_us=335;txdone_to_rxstart_us=61;txdone_to_rxend_us=183;rxenable
[RECV] BSDC91 notify: CD;1;11719;tag=2;local=0xb102;status=0x00806f02;rxf=0x07c6c814;win=8165;pc=8;mask=0xff;resp=8;unexp=0;last_len=20;last_src=0xa107;last_dst=0xb102;last_code=0xe
[RECV] BSDC91 notify: TS;1;11720;f;1412;1841;1872;833;1220;ABCDEFGH;5;10;M;0;S;144;0;full;100
[RECV] BSDC91 notify: TR;2;11720;f;0;ff;ff;1963,1647,2406,2627,1838,1474,2350,2397;1963,1647,2406,2627,1838,1474,2350,2397;100,100,100,100,100,100,100,100;OOOOOOOO
[RECV] BSDC91 notify: TDIAG;wait_ms=75;tx_us=610;rx_us=183;coll_us=8300;range_us=44067;solve_us=11871;out_us=2227;clean_us=30;total_ms=143
[RECV] BS2DCE notify: RXG;1;11367;tag=1;mask=0xff;pc=8;guard=1200;spacing=1000;win=8165;pre=1;slot_to_entry_us=0;slot_to_sched_us=0;slot_to_write_done_us=0;slot_to_txcmd_us=274;slot_to_txdone_us=610;txcmd_to_txdone_us=335;txdone_to_rxstart_us=91;txdone_to_rxend_us=213;rxenable
[RECV] BS2DCE notify: CD;1;11367;tag=1;local=0xb101;status=0x00806f02;rxf=0x0766c814;win=8165;pc=8;mask=0xff;resp=8;unexp=0;last_len=20;last_src=0xa107;last_dst=0xb101;last_code=0xe
[RECV] BS2DCE notify: TS;1;11368;f;1042;2499;1813;797;1113;ABCDEFGH;0;10;M;0;S;143;0;full;100
[RECV] BS2DCE notify: TR;2;11368;f;0;ff;ff;2304,2562,2029,1747,2197,2417,1869,1695;2304,2562,2029,1747,2197,2417,1869,1695;100,100,100,100,100,100,100,100;OOOOOOOO
[RECV] BSDC91 notify: TS;1;11721;f;1312;1820;1880;827;1181;ABCDEFGH;5;10;M;0;S;57;0;full;100
[RECV] BSDC91 notify: TR;2;11721;f;0;ff;ff;1909,1719,2473,2584,1668,1570,2418,2391;1909,1719,2473,2584,1668,1570,2418,2391;100,100,100,100,100,100,100,100;OOOOOOOO
[RECV] BS2DCE notify: TS;1;11369;f;1062;2497;1779;793;1077;ABCDEFGH;0;10;M;0;S;57;0;full;100
[RECV] BS2DCE notify: TR;2;11369;f;0;ff;ff;2247,2591,1932,1801,2165,2452,1855,1742;2247,2591,1932,1801,2165,2452,1855,1742;100,100,100,100,100,100,100,100;OOOOOOOO
[RECV] BSDC91 notify: TS;1;11722;f;1282;1796;1826;812;1162;ABCDEFGH;5;10;M;0;S;99;0;full;100
[RECV] BSDC91 notify: TR;2;11722;f;0;ff;ff;1826,1702,2468,2607,1650,1603,2509,2368;1826,1702,2468,2607,1650,1603,2509,2368;100,100,100,100,100,100,100,100;OOOOOOOO
[RECV] BS2DCE notify: TS;1;11370;f;1103;2496;1826;793;1090;ABCDEFGH;0;10;M;0;S;100;0;full;100
[RECV] BS2DCE notify: TR;2;11370;f;0;ff;ff;2360,2527,2008,1808,2190,2400,1798,1771;2360,2527,2008,1808,2190,2400,1798,1771;100,100,100,100,100,100,100,100;OOOOOOOO
[RECV] BS2DCE notify: TDIAG;wait_ms=75;tx_us=610;rx_us=213;coll_us=8239;range_us=549;solve_us=12084;out_us=2227;clean_us=30;total_ms=99
[RECV] BSDC91 notify: TS;1;11723;f;1173;1810;1714;767;1071;ABCDEFGH;5;10;M;0;S;100;0;full;100
[RECV] BSDC91 notify: TR;2;11723;f;0;ff;ff;1703,1783,2481,2544,1656,1760,2594,2302;1703,1783,2481,2544,1656,1760,2594,2302;100,100,100,100,100,100,100,100;OOOOOOOO
[RECV] BS2DCE notify: TS;1;11371;f;1184;2465;1885;839;1134;ABCDEFGH;0;10;M;0;S;100;0;full;100
[RECV] BS2DCE notify: TR;2;11371;f;0;ff;ff;2363,2406,1985,1859,2195,2278,1719,1834;2363,2406,1985,1859,2195,2278,1719,1834;100,100,100,100,100,100,100,100;OOOOOOOO
[RECV] BSDC91 notify: TS;1;11724;f;1174;1821;1704;772;1108;ABCDEFGH;5;10;M;0;S;100;0;full;100
[RECV] BSDC91 notify: TR;2;11724;f;0;ff;ff;1706,1747,2506,2491,1655,1803,2521,2327;1706,1747,2506,2491,1655,1803,2521,2327;100,100,100,100,100,100,100,100;OOOOOOOO
[RECV] BS2DCE notify: TS;1;11372;f;1233;2448;1981;878;1163;ABCDEFGH;0;10;M;0;S;100;0;full;100
[RECV] BS2DCE notify: TR;2;11372;f;0;ff;ff;2432,2382,1994,1925,2121,2209,1640,1895;2432,2382,1994,1925,2121,2209,1640,1895;100,100,100,100,100,100,100,100;OOOOOOOO
[RECV] BSDC91 notify: TS;1;11725;f;1036;1801;1688;739;1083;ABCDEFGH;5;10;M;0;S;100;0;full;100
[RECV] BSDC91 notify: TR;2;11725;f;0;ff;ff;1594,1902,2606,2531,1554,1976,2585,2285;1594,1902,2606,2531,1554,1976,2585,2285;100,100,100,100,100,100,100,100;OOOOOOOO
[RECV] BS2DCE notify: TS;1;11373;f;1314;2455;1932;837;1150;ABCDEFGH;0;10;M;0;S;99;0;full;100
[RECV] BS2DCE notify: TR;2;11373;f;0;ff;ff;2571,2351,1958,1942,2196,2123,1645,2010;2571,2351,1958,1942,2196,2123,1645,2010;100,100,100,100,100,100,100,100;OOOOOOOO
[RECV] BSDC91 notify: TS;1;11726;f;1078;1829;-274;792;1243;ABCDEFGH;5;10;M;0;S;100;0;full;100
[RECV] BSDC91 notify: TR;2;11726;f;0;ff;ff;1509,1931,2326,2484,1571,2007,2557,2480;1509,1931,2326,2484,1571,2007,2557,2480;100,100,100,100,100,100,100,100;OOOOOOOO
[RECV] BS2DCE notify: TS;1;11374;f;1344;2403;2063;895;1119;ABCDEFGH;0;10;M;0;S;100;0;full;100
[RECV] BS2DCE notify: TR;2;11374;f;0;ff;ff;2502,2275,2010,2132,2258,1962,1652,1867;2502,2275,2010,2132,2258,1962,1652,1867;100,100,100,100,100,100,100,100;OOOOOOOO
[RECV] BSDC91 notify: TS;1;11727;f;953;1787;-209;743;1134;ABCDEFGH;5;10;M;0;S;100;0;full;100
[RECV] BSDC91 notify: TR;2;11727;f;0;ff;ff;1465,1905,2793,2277,1565,2075,2572,2489;1465,1905,2793,2277,1565,2075,2572,2489;100,100,100,100,100,100,100,100;OOOOOOOO
[RECV] BS2DCE notify: TS;1;11375;f;1379;2410;2025;869;1130;ABCDEFGH;0;10;M;0;S;100;0;full;100
[RECV] BS2DCE notify: TR;2;11375;f;0;ff;ff;2573,2280,1953,2145,2256,1951,1685,1924;2573,2280,1953,2145,2256,1951,1685,1924;100,100,100,100,100,100,100,100;OOOOOOOO
[RECV] BSDC91 notify: TS;1;11728;f;914;1907;-381;813;1204;ABCDEFGH;5;10;M;0;S;100;0;full;100
[RECV] BSDC91 notify: TR;2;11728;f;0;ff;ff;1549,1954,2547,2069,1677,2187,2699,2261;1549,1954,2547,2069,1677,2187,2699,2261;100,100,100,100,100,100,100,100;OOOOOOOO
[RECV] BS2DCE notify: TS;1;11376;f;1421;2364;1944;830;1111;ABCDEFGH;0;10;M;0;S;100;0;full;100
[RECV] BS2DCE notify: TR;2;11376;f;0;ff;ff;2539,2172,1934,2241,2239,1986,1753,1997;2539,2172,1934,2241,2239,1986,1753,1997;100,100,100,100,100,100,100,100;OOOOOOOO
[RECV] BSDC91 notify: TS;1;11729;f;840;1973;-327;804;1202;ABCDEFGH;5;10;M;0;S;100;0;full;100
[RECV] BSDC91 notify: TR;2;11729;f;0;ff;ff;1707,1980,2590,1941,1668,2269,2703,2105;1707,1980,2590,1941,1668,2269,2703,2105;100,100,100,100,100,100,100,100;OOOOOOOO
[RECV] BS2DCE notify: TS;1;11377;f;1477;2354;2046;887;1198;ABCDEFGH;0;10;M;0;S;100;0;full;100
[RECV] BS2DCE notify: TR;2;11377;f;0;ff;ff;2676,2105,1948,2232,2246,1812,1704,2036;2676,2105,1948,2232,2246,1812,1704,2036;100,100,100,100,100,100,100,100;OOOOOOOO
[RECV] BSDC91 notify: RXG;1;11729;tag=2;mask=0xff;pc=8;guard=1200;spacing=1000;win=8165;pre=1;slot_to_entry_us=0;slot_to_sched_us=0;slot_to_write_done_us=0;slot_to_txcmd_us=274;slot_to_txdone_us=610;txcmd_to_txdone_us=335;txdone_to_rxstart_us=61;txdone_to_rxend_us=183;rxenable
[RECV] BSDC91 notify: CD;1;11729;tag=2;local=0xb102;status=0x00806f02;rxf=0x0766c814;win=8165;pc=8;mask=0xff;resp=8;unexp=0;last_len=20;last_src=0xa107;last_dst=0xb102;last_code=0xe
[RECV] BSDC91 notify: TS;1;11730;f;837;2119;-481;911;1328;ABCDEFGH;5;10;M;0;S;144;0;full;100
[RECV] BSDC91 notify: TR;2;11730;f;0;ff;ff;1712,2101,2380,1729,1745,2394,2509,1961;1712,2101,2380,1729,1745,2394,2509,1961;100,100,100,100,100,100,100,100;OOOOOOOO
[RECV] BS2DCE notify: RXG;1;11377;tag=1;mask=0xff;pc=8;guard=1200;spacing=1000;win=8165;pre=1;slot_to_entry_us=0;slot_to_sched_us=0;slot_to_write_done_us=0;slot_to_txcmd_us=305;slot_to_txdone_us=610;txcmd_to_txdone_us=305;txdone_to_rxstart_us=91;txdone_to_rxend_us=213;rxenable
[RECV] BSDC91 notify: TDIAG;wait_ms=76;tx_us=610;rx_us=183;coll_us=8300;range_us=43975;solve_us=11749;out_us=2410;clean_us=30;total_ms=143
[RECV] BS2DCE notify: CD;1;11377;tag=1;local=0xb101;status=0x00806f02;rxf=0x07a6c814;win=8165;pc=8;mask=0xff;resp=8;unexp=0;last_len=20;last_src=0xa107;last_dst=0xb101;last_code=0xe
[RECV] BS2DCE notify: TS;1;11378;f;1416;2402;1903;789;1158;ABCDEFGH;0;10;M;0;S;145;0;full;100
[RECV] BS2DCE notify: TR;2;11378;f;0;ff;ff;2718,2114,1982,2296,2104,2300,1664,1996;2718,2114,1982,2296,2104,2300,1664,1996;100,100,100,100,100,100,100,100;OOOOOOOO
[RECV] BSDC91 notify: TS;1;11731;f;857;2162;-568;956;1375;ABCDEFGH;5;10;M;0;S;57;0;full;100
[RECV] BSDC91 notify: TR;2;11731;f;0;ff;ff;1674,2134,2198,1751,1791,2462,2504,1902;1674,2134,2198,1751,1791,2462,2504,1902;100,100,100,100,100,100,100,100;OOOOOOOO
[RECV] BS2DCE notify: TS;1;11379;f;1431;2355;1775;741;1130;ABCDEFGH;0;10;M;0;S;55;0;full;100
[RECV] BS2DCE notify: TR;2;11379;f;0;ff;ff;2593,2029,1978,2378,2125,2377,1741,2062;2593,2029,1978,2378,2125,2377,1741,2062;100,100,100,100,100,100,100,100;OOOOOOOO
[RECV] BSDC91 notify: TS;1;11732;f;870;2245;-685;1037;1457;ABCDEFGH;5;10;M;0;S;99;0;full;100
[RECV] BSDC91 notify: TR;2;11732;f;0;ff;ff;1708,2130,2122,1569,1848,2553,2398,1836;1708,2130,2122,1569,1848,2553,2398,1836;100,100,100,100,100,100,100,100;OOOOOOOO
[RECV] BS2DCE notify: TS;1;11380;f;1428;2335;1720;709;1104;ABCDEFGH;0;10;M;0;S;101;0;full;100
[RECV] BS2DCE notify: TR;2;11380;f;0;ff;ff;2620,2010,2006,2371,2096,2387,1808,2116;2620,2010,2006,2371,2096,2387,1808,2116;100,100,100,100,100,100,100,100;OOOOOOOO
[RECV] BS2DCE notify: TDIAG;wait_ms=75;tx_us=610;rx_us=213;coll_us=8300;range_us=549;solve_us=12084;out_us=2197;clean_us=30;total_ms=100
[RECV] BSDC91 notify: TS;1;11733;f;839;2314;-616;994;1393;ABCDEFGH;5;10;M;0;S;100;0;full;100
[RECV] BSDC91 notify: TR;2;11733;f;0;ff;ff;1779,2218,2128,1553,1908,2671,2309,1758;1779,2218,2128,1553,1908,2671,2309,1758;100,100,100,100,100,100,100,100;OOOOOOOO
[RECV] BS2DCE notify: TS;1;11381;f;1474;2250;1761;749;1251;ABCDEFGH;0;10;M;0;S;100;0;full;100
[RECV] BS2DCE notify: TR;2;11381;f;0;ff;ff;2637,1807,2086,2389,2059,2213,1889,2155;2637,1807,2086,2389,2059,2213,1889,2155;100,100,100,100,100,100,100,100;OOOOOOOO
[RECV] BSDC91 notify: TS;1;11734;f;844;2367;-590;959;1343;ABCDEFGH;5;10;M;0;S;100;0;full;100
[RECV] BSDC91 notify: TR;2;11734;f;0;ff;ff;1848,2340,2099,1464,2069,2586,2361,1711;1848,2340,2099,1464,2069,2586,2361,1711;100,100,100,100,100,100,100,100;OOOOOOOO
[RECV] BS2DCE notify: TS;1;11382;f;1520;2186;2068;897;1278;ABCDEFGH;0;10;M;0;S;100;0;full;100
[RECV] BS2DCE notify: TR;2;11382;f;0;ff;ff;2698,1907,2027,2425,1934,1687,1907,2220;2698,1907,2027,2425,1934,1687,1907,2220;100,100,100,100,100,100,100,100;OOOOOOOO
[RECV] BSDC91 notify: TS;1;11735;f;924;2409;-547;953;1287;ABCDEFGH;5;10;M;0;S;100;0;full;100
[RECV] BSDC91 notify: TR;2;11735;f;0;ff;ff;2009,2356,1978,1452,2062,2523,2192,1781;2009,2356,1978,1452,2062,2523,2192,1781;100,100,100,100,100,100,100,100;OOOOOOOO
[RECV] BS2DCE notify: TS;1;11383;f;1466;2092;1975;873;1236;ABCDEFGH;0;10;M;0;S;99;0;full;100
[RECV] BS2DCE notify: TR;2;11383;f;0;ff;ff;2315,1843,2123,2460,1972,1675,1999,2250;2315,1843,2123,2460,1972,1675,1999,2250;100,100,100,100,100,100,100,100;OOOOOOOO
[RECV] BSDC91 notify: TS;1;11736;f;887;2431;-378;869;1226;ABCDEFGH;5;10;M;0;S;100;0;full;100
[RECV] BSDC91 notify: TR;2;11736;f;0;ff;ff;2137,2427,2031,1507,2029,2560,2181,1711;2137,2427,2031,1507,2029,2560,2181,1711;100,100,100,100,100,100,100,100;OOOOOOOO
[RECV] BS2DCE notify: TS;1;11384;f;1381;2049;1862;770;1094;ABCDEFGH;0;10;M;0;S;101;0;full;100
[RECV] BS2DCE notify: TR;2;11384;f;0;ff;ff;2239,1916,2256,2544,1888,1842,2117,2264;2239,1916,2256,2544,1888,1842,2117,2264;100,100,100,100,100,100,100,100;OOOOOOOO
[RECV] BSDC91 notify: TS;1;11737;f;1006;2481;1689;737;984;ABCDEFGH;5;10;M;0;S;100;0;full;100
[RECV] BSDC91 notify: TR;2;11737;f;0;ff;ff;2265,2527,2011,1817,2159,2585,1988,1684;2265,2527,2011,1817,2159,2585,1988,1684;100,100,100,100,100,100,100,100;OOOOOOOO
[RECV] BS2DCE notify: TS;1;11385;f;1386;1981;1853;721;1047;ABCDEFGH;0;10;M;0;S;100;0;full;100
[RECV] BS2DCE notify: TR;2;11385;f;0;ff;ff;2252,1910,2401,2697,1849,1805,2157,2326;2252,1910,2401,2697,1849,1805,2157,2326;100,100,100,100,100,100,100,100;OOOOOOOO
[RECV] BSDC91 notify: TS;1;11738;f;944;2543;1608;728;1052;ABCDEFGH;5;10;M;0;S;100;0;full;100
[RECV] BSDC91 notify: TR;2;11738;f;0;ff;ff;2352,2581,1952,1609,2160,2660,2064,1654;2352,2581,1952,1609,2160,2660,2064,1654;100,100,100,100,100,100,100,100;OOOOOOOO
[RECV] BS2DCE notify: TS;1;11386;f;1372;1924;1871;750;1070;ABCDEFGH;0;10;M;0;S;100;0;full;100
[RECV] BS2DCE notify: TR;2;11386;f;0;ff;ff;2115,1866,2433,2716,1843,1700,2222,2332;2115,1866,2433,2716,1843,1700,2222,2332;100,100,100,100,100,100,100,100;OOOOOOOO
[RECV] BSDC91 notify: TS;1;11739;f;965;2548;1716;789;1100;ABCDEFGH;5;10;M;0;S;100;0;full;100
[RECV] BSDC91 notify: TR;2;11739;f;0;ff;ff;2268,2592,1943,1634,2185,2609,1921,1604;2268,2592,1943,1634,2185,2609,1921,1604;100,100,100,100,100,100,100,100;OOOOOOOO
[RECV] BS2DCE notify: TS;1;11387;f;1311;1945;1736;722;1034;ABCDEFGH;0;10;M;0;S;100;0;full;100
[RECV] BS2DCE notify: TR;2;11387;f;0;ff;ff;2081,1858,2407,2449,1891,1710,2401,2339;2081,1858,2407,2449,1891,1710,2401,2339;100,100,100,100,100,100,100,100;OOOOOOOO
[RECV] BSDC91 notify: RXG;1;11739;tag=2;mask=0xff;pc=8;guard=1200;spacing=1000;win=8165;pre=1;slot_to_entry_us=0;slot_to_sched_us=0;slot_to_write_done_us=0;slot_to_txcmd_us=274;slot_to_txdone_us=610;txcmd_to_txdone_us=335;txdone_to_rxstart_us=61;txdone_to_rxend_us=183;rxenable
[RECV] BSDC91 notify: CD;1;11739;tag=2;local=0xb102;status=0x00806f02;rxf=0x0786c814;win=8165;pc=8;mask=0xff;resp=8;unexp=0;last_len=20;last_src=0xa107;last_dst=0xb102;last_code=0xe
[RECV] BSDC91 notify: TS;1;11740;f;1029;2582;828;629;751;ABCDEFGH;5;10;M;0;S;144;0;full;100
[RECV] BSDC91 notify: TR;2;11740;f;0;ff;ff;2268,2571,1864,1544,2168,2617,1803,1663;2268,2571,1864,1544,2168,2617,1803,1663;100,100,100,100,100,100,100,100;OOOOOOOO
[RECV] BSDC91 notify: TDIAG;wait_ms=75;tx_us=610;rx_us=183;coll_us=8300;range_us=43975;solve_us=11993;out_us=2227;clean_us=30;total_ms=143
[RECV] BS2DCE notify: RXG;1;11387;tag=1;mask=0xff;pc=8;guard=1200;spacing=1000;win=8165;pre=1;slot_to_entry_us=0;slot_to_sched_us=0;slot_to_write_done_us=0;slot_to_txcmd_us=274;slot_to_txdone_us=610;txcmd_to_txdone_us=335;txdone_to_rxstart_us=61;txdone_to_rxend_us=183;rxenable
[RECV] BS2DCE notify: CD;1;11387;tag=1;local=0xb101;status=0x00806f02;rxf=0x0766c814;win=8165;pc=8;mask=0xff;resp=8;unexp=0;last_len=20;last_src=0xa107;last_dst=0xb101;last_code=0xe
[RECV] BS2DCE notify: TS;1;11388;f;1281;1912;1772;757;1081;ABCDEFGH;0;10;M;0;S;143;0;full;100
[RECV] BS2DCE notify: TR;2;11388;f;0;ff;ff;2008,1824,2410,2468,1791,1710,2446,2308;2008,1824,2410,2468,1791,1710,2446,2308;100,100,100,100,100,100,100,100;OOOOOOOO
[RECV] BSDC91 notify: TS;1;11741;f;1061;2558;1887;883;1214;ABCDEFGH;5;10;M;0;S;57;0;full;100
[RECV] BSDC91 notify: TR;2;11741;f;0;ff;ff;2310,2515,1911,1666,2240,2443,1748,1561;2310,2515,1911,1666,2240,2443,1748,1561;100,100,100,100,100,100,100,100;OOOOOOOO
[RECV] BS2DCE notify: TS;1;11389;f;1252;1884;1723;715;980;ABCDEFGH;0;10;M;0;S;57;0;full;100
[RECV] BS2DCE notify: TR;2;11389;f;0;ff;ff;1907,1890,2413,2605,1811,1747,2516,2287;1907,1890,2413,2605,1811,1747,2516,2287;100,100,100,100,100,100,100,100;OOOOOOOO
[RECV] BSDC91 notify: TS;1;11742;f;1071;2557;1731;795;1074;ABCDEFGH;5;10;M;0;S;99;0;full;100
[RECV] BSDC91 notify: TR;2;11742;f;0;ff;ff;2322,2488,1921,1712,2253,2599,1741,1673;2322,2488,1921,1712,2253,2599,1741,1673;100,100,100,100,100,100,100,100;OOOOOOOO
[RECV] BS2DCE notify: TS;1;11390;f;1199;1885;1753;737;1016;ABCDEFGH;0;10;M;0;S;100;0;full;100
[RECV] BS2DCE notify: TR;2;11390;f;0;ff;ff;1824,1934,2404,2639,1737,1840,2497,2223;1824,1934,2404,2639,1737,1840,2497,2223;100,100,100,100,100,100,100,100;OOOOOOOO
[RECV] BS2DCE notify: TDIAG;wait_ms=75;tx_us=640;rx_us=183;coll_us=8300;range_us=671;solve_us=11901;out_us=2380;clean_us=30;total_ms=100
[RECV] BSDC91 notify: TS;1;11743;f;1218;2597;1918;916;1307;ABCDEFGH;5;10;M;0;S;100;0;full;100
[RECV] BSDC91 notify: TR;2;11743;f;0;ff;ff;2452,2502,1653,1752,2202,2381,1618,1688;2452,2502,1653,1752,2202,2381,1618,1688;100,100,100,100,100,100,100,100;OOOOOOOO
[RECV] BS2DCE notify: TS;1;11391;f;1322;1844;1827;743;1091;ABCDEFGH;0;10;M;0;S;99;0;full;100
[RECV] BS2DCE notify: TR;2;11391;f;0;ff;ff;1822,1947,2364,3133,1765,1823,2327,2233;1822,1947,2364,3133,1765,1823,2327,2233;100,100,100,100,100,100,100,100;OOOOOOOO
[RECV] BSDC91 notify: TS;1;11744;f;1187;2528;1879;845;1168;ABCDEFGH;5;10;M;0;S;100;0;full;100
[RECV] BSDC91 notify: TR;2;11744;f;0;ff;ff;2431,2410,1965,1784,2271,2370,1610,1791;2431,2410,1965,1784,2271,2370,1610,1791;100,100,100,100,100,100,100,100;OOOOOOOO
[RECV] BS2DCE notify: TS;1;11392;f;1085;1942;1793;753;1051;ABCDEFGH;0;10;M;0;S;101;0;full;100
[RECV] BS2DCE notify: TR;2;11392;f;0;ff;ff;1806,2116,2482,2389,1691,1903,2414,2230;1806,2116,2482,2389,1691,1903,2414,2230;100,100,100,100,100,100,100,100;OOOOOOOO
[RECV] BSDC91 notify: TS;1;11745;f;1261;2541;2029;934;1247;ABCDEFGH;5;10;M;0;S;100;0;full;100
[RECV] BSDC91 notify: TR;2;11745;f;0;ff;ff;2493,2408,1861,1831,2248,2231,1500,1787;2493,2408,1861,1831,2248,2231,1500,1787;100,100,100,100,100,100,100,100;OOOOOOOO
[RECV] BS2DCE notify: TS;1;11393;f;1013;1927;1731;728;1051;ABCDEFGH;0;10;M;0;S;100;0;full;100
[RECV] BS2DCE notify: TR;2;11393;f;0;ff;ff;1730,2189,2534,2314,1648,1951,2457,2308;1730,2189,2534,2314,1648,1951,2457,2308;100,100,100,100,100,100,100,100;OOOOOOOO
[RECV] BSDC91 notify: TS;1;11746;f;1314;2518;2082;959;1242;ABCDEFGH;5;10;M;0;S;100;0;full;100
[RECV] BSDC91 notify: TR;2;11746;f;0;ff;ff;2493,2390,1836,1920,2243,2132,1453,1850;2493,2390,1836,1920,2243,2132,1453,1850;100,100,100,100,100,100,100,100;OOOOOOOO
[RECV] BS2DCE notify: TS;1;11394;f;990;1875;1690;712;1094;ABCDEFGH;0;10;M;0;S;99;0;full;100
[RECV] BS2DCE notify: TR;2;11394;f;0;ff;ff;1617,2084,2664,2417,1671,2031,2451,2277;1617,2084,2664,2417,1671,2031,2451,2277;100,100,100,100,100,100,100,100;OOOOOOOO
[RECV] BSDC91 notify: TS;1;11747;f;1376;2523;2089;947;1250;ABCDEFGH;5;10;M;0;S;100;0;full;100
[RECV] BSDC91 notify: TR;2;11747;f;0;ff;ff;2618,2351,1805,1989,2255,2100,1436,1894;2618,2351,1805,1989,2255,2100,1436,1894;100,100,100,100,100,100,100,100;OOOOOOOO
[RECV] BS2DCE notify: TS;1;11395;f;966;1871;1646;681;1015;ABCDEFGH;0;10;M;0;S;101;0;full;100
[RECV] BS2DCE notify: TR;2;11395;f;0;ff;ff;1658,2072,2736,2358,1682,2049,2514,2288;1658,2072,2736,2358,1682,2049,2514,2288;100,100,100,100,100,100,100,100;OOOOOOOO
[RECV] BSDC91 notify: TS;1;11748;f;1446;2503;2040;921;1235;ABCDEFGH;5;10;M;0;S;100;0;full;100
[RECV] BSDC91 notify: TR;2;11748;f;0;ff;ff;2617,2289,1773,2055,2345,2027,1446,1981;2617,2289,1773,2055,2345,2027,1446,1981;100,100,100,100,100,100,100,100;OOOOOOOO
[RECV] BS2DCE notify: TS;1;11396;f;935;1835;1623;666;1017;ABCDEFGH;0;10;M;0;S;99;0;full;100
[RECV] BS2DCE notify: TR;2;11396;f;0;ff;ff;1605,2075,2816,2375,1666,2050,2561,2317;1605,2075,2816,2375,1666,2050,2561,2317;100,100,100,100,100,100,100,100;OOOOOOOO
[RECV] BSDC91 notify: TS;1;11749;f;1456;2490;2000;882;1202;ABCDEFGH;5;10;M;0;S;100;0;full;100
[RECV] BSDC91 notify: TR;2;11749;f;0;ff;ff;2661,2242,1784,2137,2328,2086,1523,1945;2661,2242,1784,2137,2328,2086,1523,1945;100,100,100,100,100,100,100,100;OOOOOOOO
[RECV] BS2DCE notify: TS;1;11397;f;936;1867;-99;642;999;ABCDEFGH;0;10;M;0;S;100;0;full;100
[RECV] BS2DCE notify: TR;2;11397;f;0;ff;ff;1653,2050,2737,2241,1683,2183,2637,2426;1653,2050,2737,2241,1683,2183,2637,2426;100,100,100,100,100,100,100,100;OOOOOOOO
[RECV] BS2DCE notify: RXG;1;11397;tag=1;mask=0xff;pc=8;guard=1200;spacing=1000;win=8165;pre=1;slot_to_entry_us=0;slot_to_sched_us=0;slot_to_write_done_us=0;slot_to_txcmd_us=274;slot_to_txdone_us=610;txcmd_to_txdone_us=335;txdone_to_rxstart_us=61;txdone_to_rxend_us=213;rxenable
[RECV] BSDC91 notify: RXG;1;11749;tag=2;mask=0xff;pc=8;guard=1200;spacing=1000;win=8165;pre=1;slot_to_entry_us=0;slot_to_sched_us=0;slot_to_write_done_us=0;slot_to_txcmd_us=274;slot_to_txdone_us=610;txcmd_to_txdone_us=335;txdone_to_rxstart_us=61;txdone_to_rxend_us=183;rxenable
[RECV] BS2DCE notify: CD;1;11397;tag=1;local=0xb101;status=0x00806f02;rxf=0x07c6c814;win=8165;pc=8;mask=0xff;resp=8;unexp=0;last_len=20;last_src=0xa107;last_dst=0xb101;last_code=0xe
[RECV] BS2DCE notify: TS;1;11398;f;1062;1902;-326;730;1155;ABCDEFGH;0;10;M;0;S;144;0;full;100
[RECV] BS2DCE notify: TR;2;11398;f;0;ff;ff;1717,1931,2394,2153,1736,2186,2647,2585;1717,1931,2394,2153,1736,2186,2647,2585;100,100,100,100,100,100,100,100;OOOOOOOO
[RECV] BSDC91 notify: CD;1;11749;tag=2;local=0xb102;status=0x00806f02;rxf=0x0796c814;win=8165;pc=8;mask=0xff;resp=8;unexp=0;last_len=20;last_src=0xa107;last_dst=0xb102;last_code=0xe
[RECV] BSDC91 notify: TS;1;11750;f;1453;2458;2109;947;1291;ABCDEFGH;5;10;M;0;S;144;0;full;100
[RECV] BSDC91 notify: TR;2;11750;f;0;ff;ff;2650,2294,1791,2113,2339,1810,1576,1941;2650,2294,1791,2113,2339,1810,1576,1941;100,100,100,100,100,100,100,100;OOOOOOOO
[RECV] BSDC91 notify: TDIAG;wait_ms=75;tx_us=610;rx_us=183;coll_us=8300;range_us=44036;solve_us=11871;out_us=2227;clean_us=61;total_ms=143
[RECV] BSDC91 notify: TS;1;11751;f;1462;2414;2077;936;1282;ABCDEFGH;5;10;M;0;S;58;0;full;100
[RECV] BSDC91 notify: TR;2;11751;f;0;ff;ff;2570,2208,1803,2182,2311,1834,1627,1951;2570,2208,1803,2182,2311,1834,1627,1951;100,100,100,100,100,100,100,100;OOOOOOOO
[RECV] BS2DCE notify: TS;1;11399;f;1163;1825;-255;646;1104;ABCDEFGH;0;10;M;0;S;57;0;full;100
[RECV] BS2DCE notify: TR;2;11399;f;0;ff;ff;1775,1987,2348,2083,1728,2248,2703,3295;1775,1987,2348,2083,1728,2248,2703,3295;100,100,100,100,100,100,100,100;OOOOOOOO
[RECV] BSDC91 notify: TS;1;11752;f;1536;2444;2159;941;1253;ABCDEFGH;5;10;M;0;S;98;0;full;100
[RECV] BSDC91 notify: TR;2;11752;f;0;ff;ff;2949,2166,1861,2225,2311,1755,1527,2003;2949,2166,1861,2225,2311,1755,1527,2003;100,100,100,100,100,100,100,100;OOOOOOOO
[RECV] BS2DCE notify: TS;1;11400;f;952;2018;-261;739;1087;ABCDEFGH;0;10;M;0;S;100;0;full;100
[RECV] BS2DCE notify: TR;2;11400;f;0;ff;ff;1796,2039,2488,2010,1808,2239,2573,2210;1796,2039,2488,2010,1808,2239,2573,2210;100,100,100,100,100,100,100,100;OOOOOOOO
[RECV] BS2DCE notify: TDIAG;wait_ms=75;tx_us=610;rx_us=213;coll_us=8270;range_us=579;solve_us=12084;out_us=2197;clean_us=30;total_ms=100
[RECV] BSDC91 notify: TS;1;11753;f;1607;2532;2083;859;1203;ABCDEFGH;5;10;M;0;S;100;0;full;100
[RECV] BSDC91 notify: TR;2;11753;f;0;ff;ff;3351,2212,1814,2296,2275,1940,1468,2054;3351,2212,1814,2296,2275,1940,1468,2054;100,100,100,100,100,100,100,100;OOOOOOOO
[RECV] BS2DCE notify: TS;1;11401;f;852;1990;1531;670;1015;ABCDEFGH;0;10;M;0;S;100;0;full;100
[RECV] BS2DCE notify: TR;2;11401;f;0;ff;ff;1806,2023,2830,1993,1771,2322,2493,2163;1806,2023,2830,1993,1771,2322,2493,2163;100,100,100,100,100,100,100,100;OOOOOOOO
[RECV] BSDC91 notify: TS;1;11754;f;1660;2518;2225;973;1363;ABCDEFGH;5;10;M;0;S;100;0;full;100
[RECV] BSDC91 notify: TR;2;11754;f;0;ff;ff;3640,2116,1798,2241,2297,1642,1544,1996;3640,2116,1798,2241,2297,1642,1544,1996;100,100,100,100,100,100,100,100;OOOOOOOO
[RECV] BS2DCE notify: TS;1;11402;f;839;2018;1569;718;1042;ABCDEFGH;0;10;M;0;S;100;0;full;100
[RECV] BS2DCE notify: TR;2;11402;f;0;ff;ff;1766,2041,2709,1940,1742,2306,2480,2089;1766,2041,2709,1940,1742,2306,2480,2089;100,100,100,100,100,100,100,100;OOOOOOOO
[RECV] BSDC91 notify: TS;1;11755;f;1564;2518;2036;843;1240;ABCDEFGH;5;10;M;0;S;100;0;full;100
[RECV] BSDC91 notify: TR;2;11755;f;0;ff;ff;3233,2149,1828,2310,2211,2110,1514,1983;3233,2149,1828,2310,2211,2110,1514,1983;100,100,100,100,100,100,100,100;OOOOOOOO
[RECV] BS2DCE notify: TS;1;11403;f;920;2078;-334;814;1199;ABCDEFGH;0;10;M;0;S;100;0;full;100
[RECV] BS2DCE notify: TR;2;11403;f;0;ff;ff;1813,2046,2350,1954,1775,2291,2537,2037;1813,2046,2350,1954,1775,2291,2537,2037;100,100,100,100,100,100,100,100;OOOOOOOO
[RECV] BSDC91 notify: TS;1;11756;f;1468;2452;1849;772;1097;ABCDEFGH;5;10;M;0;S;100;0;full;100
[RECV] BSDC91 notify: TR;2;11756;f;0;ff;ff;2684,2163,1873,2311,2220,2363,1550,2058;2684,2163,1873,2311,2220,2363,1550,2058;100,100,100,100,100,100,100,100;OOOOOOOO
[RECV] BS2DCE notify: TS;1;11404;f;952;2137;-399;859;1210;ABCDEFGH;0;10;M;0;S;99;0;full;100
[RECV] BS2DCE notify: TR;2;11404;f;0;ff;ff;1815,2079,2304,1836,1856,2283,2401,2022;1815,2079,2304,1836,1856,2283,2401,2022;100,100,100,100,100,100,100,100;OOOOOOOO
[RECV] BSDC91 notify: TS;1;11757;f;1556;2458;1960;806;1220;ABCDEFGH;5;10;M;0;S;100;0;full;100
[RECV] BSDC91 notify: TR;2;11757;f;0;ff;ff;3031,2081,1877,2366,2205,2177,1558,2051;3031,2081,1877,2366,2205,2177,1558,2051;100,100,100,100,100,100,100,100;OOOOOOOO
[RECV] BS2DCE notify: TS;1;11405;f;907;2163;-307;812;1194;ABCDEFGH;0;10;M;0;S;101;0;full;100
[RECV] BS2DCE notify: TR;2;11405;f;0;ff;ff;1912,2144,2330,1815,1821,2350,2412,1982;1912,2144,2330,1815,1821,2350,2412,1982;100,100,100,100,100,100,100,100;OOOOOOOO
[RECV] BSDC91 notify: TS;1;11758;f;1530;2367;1979;817;1174;ABCDEFGH;5;10;M;0;S;100;0;full;100
[RECV] BSDC91 notify: TR;2;11758;f;0;ff;ff;2757,2080,1937,2435,2197,2038,1618,2097;2757,2080,1937,2435,2197,2038,1618,2097;100,100,100,100,100,100,100,100;OOOOOOOO
[RECV] BS2DCE notify: TS;1;11406;f;901;2182;-361;838;1210;ABCDEFGH;0;10;M;0;S;99;0;full;100
[RECV] BS2DCE notify: TR;2;11406;f;0;ff;ff;1876,2098,2296,1846,1851,2436,2396,1917;1876,2098,2296,1846,1851,2436,2396,1917;100,100,100,100,100,100,100,100;OOOOOOOO
[RECV] BSDC91 notify: TS;1;11759;f;1499;2341;1915;787;1169;ABCDEFGH;5;10;M;0;S;100;0;full;100
[RECV] BSDC91 notify: TR;2;11759;f;0;ff;ff;2698,2037,2029,2378,2177,2104,1636,2151;2698,2037,2029,2378,2177,2104,1636,2151;100,100,100,100,100,100,100,100;OOOOOOOO
[RECV] BS2DCE notify: TS;1;11407;f;901;2183;-402;834;1253;ABCDEFGH;0;10;M;0;S;101;0;full;100
[RECV] BS2DCE notify: TR;2;11407;f;0;ff;ff;1871,2126,2216,1854,1834,2514,2447,1981;1871,2126,2216,1854,1834,2514,2447,1981;100,100,100,100,100,100,100,100;OOOOOOOO
[RECV] BSDC91 notify: RXG;1;11759;tag=2;mask=0xff;pc=8;guard=1200;spacing=1000;win=8165;pre=1;slot_to_entry_us=0;slot_to_sched_us=0;slot_to_write_done_us=0;slot_to_txcmd_us=305;slot_to_txdone_us=610;txcmd_to_txdone_us=305;txdone_to_rxstart_us=91;txdone_to_rxend_us=213;rxenable
[RECV] BSDC91 notify: CD;1;11759;tag=2;local=0xb102;status=0x00806f02;rxf=0x0776c814;win=8165;pc=8;mask=0xff;resp=8;unexp=0;last_len=20;last_src=0xa107;last_dst=0xb102;last_code=0xe
[RECV] BSDC91 notify: TS;1;11760;f;1531;2345;2002;846;1243;ABCDEFGH;5;10;M;0;S;144;0;full;100
[RECV] BSDC91 notify: TR;2;11760;f;0;ff;ff;2727,2008,1982,2393,2191,2005,1586,2125;2727,2008,1982,2393,2191,2005,1586,2125;100,100,100,100,100,100,100,100;OOOOOOOO
[RECV] BS2DCE notify: RXG;1;11407;tag=1;mask=0xff;pc=8;guard=1200;spacing=1000;win=8165;pre=1;slot_to_entry_us=0;slot_to_sched_us=0;slot_to_write_done_us=0;slot_to_txcmd_us=305;slot_to_txdone_us=610;txcmd_to_txdone_us=305;txdone_to_rxstart_us=91;txdone_to_rxend_us=213;rxenable
[RECV] BSDC91 notify: TDIAG;wait_ms=76;tx_us=610;rx_us=213;coll_us=8270;range_us=44067;solve_us=11749;out_us=2410;clean_us=61;total_ms=144
[RECV] BS2DCE notify: CD;1;11407;tag=1;local=0xb101;status=0x00806f02;rxf=0x07a6c814;win=8165;pc=8;mask=0xff;resp=8;unexp=0;last_len=20;last_src=0xa107;last_dst=0xb101;last_code=0xe
[RECV] BS2DCE notify: TS;1;11408;f;877;2215;-393;883;1322;ABCDEFGH;0;10;M;0;S;143;0;full;100
[RECV] BSDC91 notify: TS;1;11761;f;1575;2309;1966;828;1252;ABCDEFGH;5;10;M;0;S;57;0;full;100
[RECV] BSDC91 notify: TR;2;11761;f;0;ff;ff;2782,1937,1975,2420,2181,1934,1674,2198;2782,1937,1975,2420,2181,1934,1674,2198;100,100,100,100,100,100,100,100;OOOOOOOO
[RECV] BS2DCE notify: TR;2;11408;f;0;ff;ff;1949,2100,2243,1723,1776,2471,2334,1902;1949,2100,2243,1723,1776,2471,2334,1902;100,100,100,100,100,100,100,100;OOOOOOOO
[RECV] BS2DCE notify: TS;1;11409;f;889;2255;-434;895;1280;ABCDEFGH;0;10;M;0;S;56;0;full;100
[RECV] BS2DCE notify: TR;2;11409;f;0;ff;ff;1912,2133,2172,1753,1876,2509,2332,1809;1912,2133,2172,1753,1876,2509,2332,1809;100,100,100,100,100,100,100,100;OOOOOOOO
[RECV] BSDC91 notify: TS;1;11762;f;1503;2251;2012;859;1216;ABCDEFGH;5;10;M;0;S;99;0;full;100
[RECV] BSDC91 notify: TR;2;11762;f;0;ff;ff;2580,1984,2003,2465,2045,1907,1736,2170;2580,1984,2003,2465,2045,1907,1736,2170;100,100,100,100,100,100,100,100;OOOOOOOO
[RECV] BS2DCE notify: TS;1;11410;f;869;2281;-458;895;1282;ABCDEFGH;0;10;M;0;S;101;0;full;100
[RECV] BS2DCE notify: TR;2;11410;f;0;ff;ff;1921,2183,2204,1650,1903,2564,2321,1829;1921,2183,2204,1650,1903,2564,2321,1829;100,100,100,100,100,100,100,100;OOOOOOOO
[RECV] BS2DCE notify: TDIAG;wait_ms=75;tx_us=610;rx_us=183;coll_us=8270;range_us=549;solve_us=12084;out_us=2197;clean_us=30;total_ms=100
[RECV] BSDC91 notify: TS;1;11763;f;1524;2242;2003;853;1291;ABCDEFGH;5;10;M;0;S;100;0;full;100
[RECV] BSDC91 notify: TR;2;11763;f;0;ff;ff;2655,1890,2073,2447,2081,1900,1727,2177;2655,1890,2073,2447,2081,1900,1727,2177;100,100,100,100,100,100,100,100;OOOOOOOO
[RECV] BS2DCE notify: TS;1;11411;f;872;2316;-390;852;1277;ABCDEFGH;0;10;M;0;S;100;0;full;100
[RECV] BS2DCE notify: TR;2;11411;f;0;ff;ff;2015,2231,2157,1684,1893,2657,2277,1834;2015,2231,2157,1684,1893,2657,2277,1834;100,100,100,100,100,100,100,100;OOOOOOOO
[RECV] BS2DCE notify: TS;1;11412;f;848;2310;-383;834;1246;ABCDEFGH;0;10;M;0;S;99;0;full;100
[RECV] BS2DCE notify: TR;2;11412;f;0;ff;ff;1993,2274,2192,1667,1909,2665,2328,1845;1993,2274,2192,1667,1909,2665,2328,1845;100,100,100,100,100,100,100,100;OOOOOOOO
[RECV] BSDC91 notify: TS;1;11764;f;1519;2211;2027;854;1286;ABCDEFGH;5;10;M;0;S;100;0;full;100
[RECV] BSDC91 notify: TR;2;11764;f;0;ff;ff;2709,1890,2109,2474,1981,1856,1777,2214;2709,1890,2109,2474,1981,1856,1777,2214;100,100,100,100,100,100,100,100;OOOOOOOO
[RECV] BSDC91 notify: TS;1;11765;f;1592;2204;2056;866;1314;ABCDEFGH;5;10;M;0;S;100;0;full;100
[RECV] BSDC91 notify: TR;2;11765;f;0;ff;ff;2892,1853,2066,2495,2026,1682,1841,2251;2892,1853,2066,2495,2026,1682,1841,2251;100,100,100,100,100,100,100,100;OOOOOOOO
[RECV] BS2DCE notify: TS;1;11413;f;868;2307;-350;836;1193;ABCDEFGH;0;10;M;0;S;100;0;full;100
[RECV] BS2DCE notify: TR;2;11413;f;0;ff;ff;2042,2239,2201,1658,1945,2527,2322,1804;2042,2239,2201,1658,1945,2527,2322,1804;100,100,100,100,100,100,100,100;OOOOOOOO
[RECV] BSDC91 notify: TS;1;11766;f;1483;2099;2088;927;1317;ABCDEFGH;5;10;M;0;S;100;0;full;100
[RECV] BSDC91 notify: TR;2;11766;f;0;ff;ff;2363,1834,2148,2512,1978,1618,1883,2213;2363,1834,2148,2512,1978,1618,1883,2213;100,100,100,100,100,100,100,100;OOOOOOOO
[RECV] BS2DCE notify: TS;1;11414;f;914;2335;-366;839;1214;ABCDEFGH;0;10;M;0;S;100;0;full;100
[RECV] BS2DCE notify: TR;2;11414;f;0;ff;ff;2068,2242,2107,1698,1968,2571,2263,1816;2068,2242,2107,1698,1968,2571,2263,1816;100,100,100,100,100,100,100,100;OOOOOOOO
[RECV] BSDC91 notify: TS;1;11767;f;1489;2100;1985;852;1283;ABCDEFGH;5;10;M;0;S;100;0;full;100
[RECV] BSDC91 notify: TR;2;11767;f;0;ff;ff;2485,1800,2179,2497,1925,1744,1966,2261;2485,1800,2179,2497,1925,1744,1966,2261;100,100,100,100,100,100,100,100;OOOOOOOO
[RECV] BS2DCE notify: TS;1;11415;f;913;2361;-351;830;1211;ABCDEFGH;0;10;M;0;S;100;0;full;100
[RECV] BS2DCE notify: TR;2;11415;f;0;ff;ff;2068,2366,2053,1666,1981,2557,2239,1829;2068,2366,2053,1666,1981,2557,2239,1829;100,100,100,100,100,100,100,100;OOOOOOOO
[RECV] BSDC91 notify: TS;1;11768;f;1485;2041;1991;861;1233;ABCDEFGH;5;10;M;0;S;100;0;full;100
[RECV] BSDC91 notify: TR;2;11768;f;0;ff;ff;2298,1815,2219,2556,1977,1604,1990,2316;2298,1815,2219,2556,1977,1604,1990,2316;100,100,100,100,100,100,100,100;OOOOOOOO
[RECV] BS2DCE notify: TS;1;11416;f;908;2436;-222;756;1125;ABCDEFGH;0;10;M;0;S;101;0;full;100
[RECV] BS2DCE notify: TR;2;11416;f;0;ff;ff;2197,2476,2046,1690,2051,2665,2159,1772;2197,2476,2046,1690,2051,2665,2159,1772;100,100,100,100,100,100,100,100;OOOOOOOO
[RECV] BSDC91 notify: TS;1;11769;f;1476;2013;2022;867;1275;ABCDEFGH;5;10;M;0;S;100;0;full;100
[RECV] BSDC91 notify: TR;2;11769;f;0;ff;ff;2301,1778,2339,2565,1978,1565,1964,2322;2301,1778,2339,2565,1978,1565,1964,2322;100,100,100,100,100,100,100,100;OOOOOOOO
[RECV] BS2DCE notify: TS;1;11417;f;932;2454;1603;711;1024;ABCDEFGH;0;10;M;0;S;100;0;full;100
[RECV] BS2DCE notify: TR;2;11417;f;0;ff;ff;2299,2492,2076,1689,2058,2617,2152,1743;2299,2492,2076,1689,2058,2617,2152,1743;100,100,100,100,100,100,100,100;OOOOOOOO
[RECV] BSDC91 notify: RXG;1;11769;tag=2;mask=0xff;pc=8;guard=1200;spacing=1000;win=8165;pre=1;slot_to_entry_us=0;slot_to_sched_us=0;slot_to_write_done_us=0;slot_to_txcmd_us=274;slot_to_txdone_us=610;txcmd_to_txdone_us=335;txdone_to_rxstart_us=61;txdone_to_rxend_us=183;rxenable
[RECV] BSDC91 notify: CD;1;11769;tag=2;local=0xb102;status=0x00806f02;rxf=0x07b6c814;win=8165;pc=8;mask=0xff;resp=8;unexp=0;last_len=20;last_src=0xa107;last_dst=0xb102;last_code=0xe
[RECV] BSDC91 notify: TS;1;11770;f;1459;1952;2037;860;1226;ABCDEFGH;5;10;M;0;S;144;0;full;100
[RECV] BSDC91 notify: TR;2;11770;f;0;ff;ff;2285,1804,2345,2662,1907,1442,2169,2280;2285,1804,2345,2662,1907,1442,2169,2280;100,100,100,100,100,100,100,100;OOOOOOOO
[RECV] BS2DCE notify: RXG;1;11417;tag=1;mask=0xff;pc=8;guard=1200;spacing=1000;win=8165;pre=1;slot_to_entry_us=0;slot_to_sched_us=0;slot_to_write_done_us=0;slot_to_txcmd_us=274;slot_to_txdone_us=610;txcmd_to_txdone_us=335;txdone_to_rxstart_us=61;txdone_to_rxend_us=213;rxenable
[RECV] BSDC91 notify: TDIAG;wait_ms=75;tx_us=610;rx_us=183;coll_us=8300;range_us=44006;solve_us=11962;out_us=2227;clean_us=30;total_ms=143
[RECV] BSDC91 notify: TS;1;11771;f;1451;1941;1960;804;1154;ABCDEFGH;5;10;M;0;S;57;0;full;100
[RECV] BSDC91 notify: TR;2;11771;f;0;ff;ff;2247,1820,2356,2720,1844,1582,2148,2369;2247,1820,2356,2720,1844,1582,2148,2369;100,100,100,100,100,100,100,100;OOOOOOOO
[RECV] BS2DCE notify: CD;1;11417;tag=1;local=0xb101;status=0x00806f02;rxf=0x0796c814;win=8165;pc=8;mask=0xff;resp=8;unexp=0;last_len=20;last_src=0xa107;last_dst=0xb101;last_code=0xe
[RECV] BS2DCE notify: TS;1;11418;f;1019;2457;1745;756;1058;ABCDEFGH;0;10;M;0;S;143;0;full;100
[RECV] BS2DCE notify: TR;2;11418;f;0;ff;ff;2350,2552,2017,1776,2035,2463,2035,1778;2350,2552,2017,1776,2035,2463,2035,1778;100,100,100,100,100,100,100,100;OOOOOOOO
[RECV] BS2DCE notify: TS;1;11419;f;793;2597;-5;645;1042;ABCDEFGH;0;10;M;0;S;57;0;full;100
[RECV] BS2DCE notify: TR;2;11419;f;0;ff;ff;2244,2586,2062,1963,2125,3660,2035,1719;2244,2586,2062,1963,2125,3660,2035,1719;100,100,100,100,100,100,100,100;OOOOOOOO
[RECV] BSDC91 notify: TS;1;11772;f;1409;1878;1947;796;1092;ABCDEFGH;5;10;M;0;S;99;0;full;100
[RECV] BSDC91 notify: TR;2;11772;f;0;ff;ff;2154,1849,2407,2717,1788,1475,2310,2402;2154,1849,2407,2717,1788,1475,2310,2402;100,100,100,100,100,100,100,100;OOOOOOOO
[RECV] BS2DCE notify: TS;1;11420;f;1009;2451;1783;775;1048;ABCDEFGH;0;10;M;0;S;100;0;full;100
[RECV] BS2DCE notify: TR;2;11420;f;0;ff;ff;2256,2572,2040,1810,2083,2444,1995,1724;2256,2572,2040,1810,2083,2444,1995,1724;100,100,100,100,100,100,100,100;OOOOOOOO
[RECV] BS2DCE notify: TDIAG;wait_ms=75;tx_us=610;rx_us=213;coll_us=8300;range_us=701;solve_us=11932;out_us=2380;clean_us=30;total_ms=100
[RECV] BSDC91 notify: TS;1;11773;f;1435;1848;1930;796;1165;ABCDEFGH;5;10;M;0;S;100;0;full;100
[RECV] BSDC91 notify: TR;2;11773;f;0;ff;ff;2137,1735,2423,2818,1750,1544,2291,2408;2137,1735,2423,2818,1750,1544,2291,2408;100,100,100,100,100,100,100,100;OOOOOOOO
[RECV] BS2DCE notify: TS;1;11421;f;1034;2483;1675;727;1016;ABCDEFGH;0;10;M;0;S;100;0;full;100
[RECV] BS2DCE notify: TR;2;11421;f;0;ff;ff;2283,2599,1990,1766,2174,2471,1963,1815;2283,2599,1990,1766,2174,2471,1963,1815;100,100,100,100,100,100,100,100;OOOOOOOO
[RECV] BSDC91 notify: TS;1;11774;f;1392;1863;1937;830;1192;ABCDEFGH;5;10;M;0;S;100;0;full;100
[RECV] BSDC91 notify: TR;2;11774;f;0;ff;ff;2064,1740,2418,2653,1767,1513,2314,2376;2064,1740,2418,2653,1767,1513,2314,2376;100,100,100,100,100,100,100,100;OOOOOOOO
[RECV] BS2DCE notify: TS;1;11422;f;996;2496;-73;730;1017;ABCDEFGH;0;10;M;0;S;99;0;full;100
[RECV] BS2DCE notify: TR;2;11422;f;0;ff;ff;2197,2614,2007,1736,2203,2500,1916,1724;2197,2614,2007,1736,2203,2500,1916,1724;100,100,100,100,100,100,100,100;OOOOOOOO
[RECV] BSDC91 notify: TS;1;11775;f;1389;1852;1913;851;1211;ABCDEFGH;5;10;M;0;S;100;0;full;100
[RECV] BSDC91 notify: TR;2;11775;f;0;ff;ff;1953,1699,2388,2619,1793,1484,2325,2383;1953,1699,2388,2619,1793,1484,2325,2383;100,100,100,100,100,100,100,100;OOOOOOOO
[RECV] BS2DCE notify: TS;1;11423;f;983;2486;1701;745;1077;ABCDEFGH;0;10;M;0;S;101;0;full;100
[RECV] BS2DCE notify: TR;2;11423;f;0;ff;ff;2235,2615,2084,1696,2174,2506,1899,1800;2235,2615,2084,1696,2174,2506,1899,1800;100,100,100,100,100,100,100,100;OOOOOOOO
[RECV] BSDC91 notify: TS;1;11776;f;1313;1819;1789;763;1114;ABCDEFGH;5;10;M;0;S;100;0;full;100
[RECV] BSDC91 notify: TR;2;11776;f;0;ff;ff;1904,1727,2512,2621,1747,1633,2431,2415;1904,1727,2512,2621,1747,1633,2431,2415;100,100,100,100,100,100,100,100;OOOOOOOO
[RECV] BS2DCE notify: TS;1;11424;f;1069;2468;1811;780;1087;ABCDEFGH;0;10;M;0;S;100;0;full;100
[RECV] BS2DCE notify: TR;2;11424;f;0;ff;ff;2310,2551,2070,1804,2157,2388,1845,1802;2310,2551,2070,1804,2157,2388,1845,1802;100,100,100,100,100,100,100,100;OOOOOOOO
[RECV] BSDC91 notify: TS;1;11777;f;1239;1820;1758;762;1079;ABCDEFGH;5;10;M;0;S;100;0;full;100
[RECV] BSDC91 notify: TR;2;11777;f;0;ff;ff;1831,1777,2446,2621,1655,1732,2557,2328;1831,1777,2446,2621,1655,1732,2557,2328;100,100,100,100,100,100,100,100;OOOOOOOO
[RECV] BS2DCE notify: TS;1;11425;f;1138;2473;1854;824;1088;ABCDEFGH;0;10;M;0;S;100;0;full;100
[RECV] BS2DCE notify: TR;2;11425;f;0;ff;ff;2305,2465,1946,1900,2130,2421,1764,1775;2305,2465,1946,1900,2130,2421,1764,1775;100,100,100,100,100,100,100,100;OOOOOOOO
[RECV] BSDC91 notify: TS;1;11778;f;1209;1833;1682;757;1104;ABCDEFGH;5;10;M;0;S;100;0;full;100
[RECV] BSDC91 notify: TR;2;11778;f;0;ff;ff;1738,1728,2489,2523,1741,1787,2515,2303;1738,1728,2489,2523,1741,1787,2515,2303;100,100,100,100,100,100,100,100;OOOOOOOO
[RECV] BS2DCE notify: TS;1;11426;f;1205;2455;1962;875;1121;ABCDEFGH;0;10;M;0;S;99;0;full;100
[RECV] BS2DCE notify: TR;2;11426;f;0;ff;ff;2364,2377,1978,1937,2201,2228,1716,1752;2364,2377,1978,1937,2201,2228,1716,1752;100,100,100,100,100,100,100,100;OOOOOOOO
[RECV] BSDC91 notify: TS;1;11779;f;1134;1833;1713;773;1102;ABCDEFGH;5;10;M;0;S;100;0;full;100
[RECV] BSDC91 notify: TR;2;11779;f;0;ff;ff;1685,1785,2534,2477,1666,1847,2529,2256;1685,1785,2534,2477,1666,1847,2529,2256;100,100,100,100,100,100,100,100;OOOOOOOO
[RECV] BS2DCE notify: TS;1;11427;f;1240;2468;2028;905;1173;ABCDEFGH;0;10;M;0;S;100;0;full;100
[RECV] BS2DCE notify: TR;2;11427;f;0;ff;ff;2466,2353,1980,1936,2154,2214,1618,1795;2466,2353,1980,1936,2154,2214,1618,1795;100,100,100,100,100,100,100,100;OOOOOOOO
[RECV] BSDC91 notify: RXG;1;11779;tag=2;mask=0xff;pc=8;guard=1200;spacing=1000;win=8165;pre=1;slot_to_entry_us=0;slot_to_sched_us=0;slot_to_write_done_us=0;slot_to_txcmd_us=274;slot_to_txdone_us=610;txcmd_to_txdone_us=335;txdone_to_rxstart_us=61;txdone_to_rxend_us=183;rxenable
[RECV] BSDC91 notify: CD;1;11779;tag=2;local=0xb102;status=0x00806f02;rxf=0x07c6c814;win=8165;pc=8;mask=0xff;resp=8;unexp=0;last_len=20;last_src=0xa107;last_dst=0xb102;last_code=0xe
[RECV] BSDC91 notify: TS;1;11780;f;1065;1789;1736;768;1132;ABCDEFGH;5;10;M;0;S;144;0;full;100
[RECV] BSDC91 notify: TR;2;11780;f;0;ff;ff;1579,1874,2639,2499,1629,1806,2594,2267;1579,1874,2639,2499,1629,1806,2594,2267;100,100,100,100,100,100,100,100;OOOOOOOO
[RECV] BSDC91 notify: TDIAG;wait_ms=75;tx_us=610;rx_us=183;coll_us=8300;range_us=44036;solve_us=11840;out_us=2258;clean_us=30;total_ms=143
[RECV] BS2DCE notify: RXG;1;11427;tag=1;mask=0xff;pc=8;guard=1200;spacing=1000;win=8165;pre=1;slot_to_entry_us=0;slot_to_sched_us=0;slot_to_write_done_us=0;slot_to_txcmd_us=274;slot_to_txdone_us=610;txcmd_to_txdone_us=335;txdone_to_rxstart_us=61;txdone_to_rxend_us=183;rxenable
[RECV] BSDC91 notify: TS;1;11781;f;1056;1837;-235;769;1212;ABCDEFGH;5;10;M;0;S;57;0;full;100
[RECV] BSDC91 notify: TR;2;11781;f;0;ff;ff;1539,1963,2366,2456,1575,2014,2577,2451;1539,1963,2366,2456,1575,2014,2577,2451;100,100,100,100,100,100,100,100;OOOOOOOO
[RECV] BS2DCE notify: CD;1;11427;tag=1;local=0xb101;status=0x00806f02;rxf=0x07c6c814;win=8165;pc=8;mask=0xff;resp=8;unexp=0;last_len=20;last_src=0xa107;last_dst=0xb101;last_code=0xe
[RECV] BS2DCE notify: TS;1;11428;f;1306;2458;1989;878;1159;ABCDEFGH;0;10;M;0;S;144;0;full;100
[RECV] BS2DCE notify: TR;2;11428;f;0;ff;ff;2540,2358,1918,1963,2150,2130,1625,1951;2540,2358,1918,1963,2150,2130,1625,1951;100,100,100,100,100,100,100,100;OOOOOOOO
[RECV] BS2DCE notify: TS;1;11429;f;1299;2409;2063;902;1143;ABCDEFGH;0;10;M;0;S;58;0;full;100
[RECV] BS2DCE notify: TR;2;11429;f;0;ff;ff;2503,2288,2039,2052,2150,2055,1636,1883;2503,2288,2039,2052,2150,2055,1636,1883;100,100,100,100,100,100,100,100;OOOOOOOO
[RECV] BSDC91 notify: TS;1;11782;f;1093;1874;-383;800;1254;ABCDEFGH;5;10;M;0;S;99;0;full;100
[RECV] BSDC91 notify: TR;2;11782;f;0;ff;ff;1554,1938,2175,2406,1666,2133,2627,2532;1554,1938,2175,2406,1666,2133,2627,2532;100,100,100,100,100,100,100,100;OOOOOOOO
[RECV] BS2DCE notify: TS;1;11430;f;1334;2426;1985;871;1128;ABCDEFGH;0;10;M;0;S;99;0;full;100
[RECV] BS2DCE notify: TR;2;11430;f;0;ff;ff;2506,2239,1967,2066,2222,2118,1639,1898;2506,2239,1967,2066,2222,2118,1639,1898;100,100,100,100,100,100,100,100;OOOOOOOO
[RECV] BS2DCE notify: TDIAG;wait_ms=74;tx_us=610;rx_us=183;coll_us=8300;range_us=579;solve_us=12054;out_us=2197;clean_us=30;total_ms=98
[RECV] BSDC91 notify: TS;1;11783;f;956;1835;-294;752;1151;ABCDEFGH;5;10;M;0;S;100;0;full;100
[RECV] BSDC91 notify: TR;2;11783;f;0;ff;ff;1517,1957,2602,2211,1637,2119,2702,2437;1517,1957,2602,2211,1637,2119,2702,2437;100,100,100,100,100,100,100,100;OOOOOOOO
[RECV] BS2DCE notify: TS;1;11431;f;1366;2373;1973;840;1092;ABCDEFGH;0;10;M;0;S;100;0;full;100
[RECV] BS2DCE notify: TR;2;11431;f;0;ff;ff;2528,2218,2019,2146,2259,1958,1753,1946;2528,2218,2019,2146,2259,1958,1753,1946;100,100,100,100,100,100,100,100;OOOOOOOO
[RECV] BSDC91 notify: TS;1;11784;f;918;1937;-371;832;1227;ABCDEFGH;5;10;M;0;S;100;0;full;100
[RECV] BSDC91 notify: TR;2;11784;f;0;ff;ff;1659,1932,2531,1983,1670,2136,2683,2197;1659,1932,2531,1983,1670,2136,2683,2197;100,100,100,100,100,100,100,100;OOOOOOOO
[RECV] BS2DCE notify: TS;1;11432;f;1435;2363;2053;885;1183;ABCDEFGH;0;10;M;0;S;99;0;full;100
[RECV] BS2DCE notify: TR;2;11432;f;0;ff;ff;2634,2144,1959,2252,2175,1924,1687,1982;2634,2144,1959,2252,2175,1924,1687,1982;100,100,100,100,100,100,100,100;OOOOOOOO
[RECV] BSDC91 notify: TS;1;11785;f;810;2017;1609;744;1077;ABCDEFGH;5;10;M;0;S;100;0;full;100
[RECV] BSDC91 notify: TR;2;11785;f;0;ff;ff;1713,2052,2794,1908,1755,2313,2406,2070;1713,2052,2794,1908,1755,2313,2406,2070;100,100,100,100,100,100,100,100;OOOOOOOO
[RECV] BS2DCE notify: TS;1;11433;f;1414;2421;1810;730;1090;ABCDEFGH;0;10;M;0;S;100;0;full;100
[RECV] BS2DCE notify: TR;2;11433;f;0;ff;ff;2749,2144,2034,2229,2171,2354,1642,2090;2749,2144,2034,2229,2171,2354,1642,2090;100,100,100,100,100,100,100,100;OOOOOOOO
[RECV] BSDC91 notify: TS;1;11786;f;878;2153;-575;982;1410;ABCDEFGH;5;10;M;0;S;100;0;full;100
[RECV] BSDC91 notify: TR;2;11786;f;0;ff;ff;1765,2060,2180,1706,1760,2347,2525,1889;1765,2060,2180,1706,1760,2347,2525,1889;100,100,100,100,100,100,100,100;OOOOOOOO
[RECV] BS2DCE notify: TS;1;11434;f;1431;2365;1894;789;1216;ABCDEFGH;0;10;M;0;S;100;0;full;100
[RECV] BS2DCE notify: TR;2;11434;f;0;ff;ff;2727,2018,2000,2350,2107,2256,1761,1955;2727,2018,2000,2350,2107,2256,1761,1955;100,100,100,100,100,100,100,100;OOOOOOOO
[RECV] BSDC91 notify: TS;1;11787;f;861;2189;-608;1018;1415;ABCDEFGH;5;10;M;0;S;101;0;full;100
[RECV] BSDC91 notify: TR;2;11787;f;0;ff;ff;1673,2105,2217,1655,1797,2396,2394,1829;1673,2105,2217,1655,1797,2396,2394,1829;100,100,100,100,100,100,100,100;OOOOOOOO
[RECV] BS2DCE notify: TS;1;11435;f;1390;2344;1738;713;1092;ABCDEFGH;0;10;M;0;S;100;0;full;100
[RECV] BS2DCE notify: TR;2;11435;f;0;ff;ff;2581,2053,2016,2382,2089,2427,1815,2041;2581,2053,2016,2382,2089,2427,1815,2041;100,100,100,100,100,100,100,100;OOOOOOOO
[RECV] BSDC91 notify: TS;1;11788;f;874;2274;-667;1016;1410;ABCDEFGH;5;10;M;0;S;99;0;full;100
[RECV] BSDC91 notify: TR;2;11788;f;0;ff;ff;1720,2144,2127,1578,1905,2624,2339,1829;1720,2144,2127,1578,1905,2624,2339,1829;100,100,100,100,100,100,100,100;OOOOOOOO
[RECV] BS2DCE notify: TS;1;11436;f;1493;2228;2098;920;1289;ABCDEFGH;0;10;M;0;S;101;0;full;100
[RECV] BS2DCE notify: TR;2;11436;f;0;ff;ff;2668,1953,2024,2349,2017,1690,1840,2136;2668,1953,2024,2349,2017,1690,1840,2136;100,100,100,100,100,100,100,100;OOOOOOOO
[RECV] BSDC91 notify: TS;1;11789;f;837;2315;-560;924;1310;ABCDEFGH;5;10;M;0;S;100;0;full;100
[RECV] BSDC91 notify: TR;2;11789;f;0;ff;ff;1820,2307,2123,1561,1956,2668,2392,1826;1820,2307,2123,1561,1956,2668,2392,1826;100,100,100,100,100,100,100,100;OOOOOOOO
[RECV] BS2DCE notify: TS;1;11437;f;1509;2190;2010;837;1248;ABCDEFGH;0;10;M;0;S;100;0;full;100
[RECV] BS2DCE notify: TR;2;11437;f;0;ff;ff;2797,1906,2121,2425,1949,1753,1952,2206;2797,1906,2121,2425,1949,1753,1952,2206;100,100,100,100,100,100,100,100;OOOOOOOO
[RECV] BSDC91 notify: RXG;1;11789;tag=2;mask=0xff;pc=8;guard=1200;spacing=1000;win=8165;pre=1;slot_to_entry_us=0;slot_to_sched_us=0;slot_to_write_done_us=0;slot_to_txcmd_us=396;slot_to_txdone_us=701;txcmd_to_txdone_us=305;txdone_to_rxstart_us=91;txdone_to_rxend_us=213;rxenable
[RECV] BSDC91 notify: CD;1;11789;tag=2;local=0xb102;status=0x00806f02;rxf=0x07a6c814;win=8165;pc=8;mask=0xff;resp=8;unexp=0;last_len=20;last_src=0xa107;last_dst=0xb102;last_code=0xe
[RECV] BSDC91 notify: TS;1;11790;f;851;2377;-555;981;1338;ABCDEFGH;5;10;M;0;S;144;0;full;100
[RECV] BSDC91 notify: TR;2;11790;f;0;ff;ff;1906,2342,2052,1470,1979,2545,2241,1688;1906,2342,2052,1470,1979,2545,2241,1688;100,100,100,100,100,100,100,100;OOOOOOOO
[RECV] BS2DCE notify: RXG;1;11437;tag=1;mask=0xff;pc=8;guard=1200;spacing=1000;win=8165;pre=1;slot_to_entry_us=0;slot_to_sched_us=0;slot_to_write_done_us=0;slot_to_txcmd_us=274;slot_to_txdone_us=640;txcmd_to_txdone_us=366;txdone_to_rxstart_us=61;txdone_to_rxend_us=183;rxenable
[RECV] BSDC91 notify: TDIAG;wait_ms=76;tx_us=701;rx_us=213;coll_us=8270;range_us=43975;solve_us=11749;out_us=2410;clean_us=61;total_ms=143
[RECV] BS2DCE notify: CD;1;11437;tag=1;local=0xb101;status=0x00806f02;rxf=0x0766c814;win=8165;pc=8;mask=0xff;resp=8;unexp=0;last_len=20;last_src=0xa107;last_dst=0xb101;last_code=0xe
[RECV] BS2DCE notify: TS;1;11438;f;1443;2120;1993;871;1240;ABCDEFGH;0;10;M;0;S;143;0;full;100
[RECV] BS2DCE notify: TR;2;11438;f;0;ff;ff;2368,1878,2127,2444,1956,1738,1982,2185;2368,1878,2127,2444,1956,1738,1982,2185;100,100,100,100,100,100,100,100;OOOOOOOO
[RECV] BSDC91 notify: TS;1;11791;f;892;2431;-402;909;1258;ABCDEFGH;5;10;M;0;S;57;0;full;100
[RECV] BSDC91 notify: TR;2;11791;f;0;ff;ff;2036,2428,2030,1516,2012,2554,2076,1688;2036,2428,2030,1516,2012,2554,2076,1688;100,100,100,100,100,100,100,100;OOOOOOOO
[RECV] BS2DCE notify: TS;1;11439;f;1366;2096;1909;778;1027;ABCDEFGH;0;10;M;0;S;57;0;full;100
[RECV] BS2DCE notify: TR;2;11439;f;0;ff;ff;2279,2050,2223,2501,1904,1830,2048,2249;2279,2050,2223,2501,1904,1830,2048,2249;100,100,100,100,100,100,100,100;OOOOOOOO
[RECV] BSDC91 notify: TS;1;11792;f;1011;2486;1691;737;1013;ABCDEFGH;5;10;M;0;S;99;0;full;100
[RECV] BSDC91 notify: TR;2;11792;f;0;ff;ff;2326,2508,2019,1766,2170,2532,2029,1681;2326,2508,2019,1766,2170,2532,2029,1681;100,100,100,100,100,100,100,100;OOOOOOOO
[RECV] BS2DCE notify: TS;1;11440;f;1347;1985;1853;742;1054;ABCDEFGH;0;10;M;0;S;100;0;full;100
[RECV] BS2DCE notify: TR;2;11440;f;0;ff;ff;2175,1921,2383,2616,1847,1801,2195,2289;2175,1921,2383,2616,1847,1801,2195,2289;100,100,100,100,100,100,100,100;OOOOOOOO
[RECV] BS2DCE notify: TDIAG;wait_ms=75;tx_us=610;rx_us=183;coll_us=8239;range_us=579;solve_us=12084;out_us=2197;clean_us=30;total_ms=100
[RECV] BSDC91 notify: TS;1;11793;f;918;2540;1636;749;1063;ABCDEFGH;5;10;M;0;S;101;0;full;100
[RECV] BSDC91 notify: TR;2;11793;f;0;ff;ff;2316,2588,1961,1606,2116,2696,2051,1620;2316,2588,1961,1606,2116,2696,2051,1620;100,100,100,100,100,100,100,100;OOOOOOOO
[RECV] BS2DCE notify: TS;1;11441;f;1370;1912;1908;750;1053;ABCDEFGH;0;10;M;0;S;99;0;full;100
[RECV] BS2DCE notify: TR;2;11441;f;0;ff;ff;2148,1900,2507,2722,1820,1652,2185,2370;2148,1900,2507,2722,1820,1652,2185,2370;100,100,100,100,100,100,100,100;OOOOOOOO
[RECV] BSDC91 notify: TS;1;11794;f;939;2537;1724;796;1112;ABCDEFGH;5;10;M;0;S;99;0;full;100
[RECV] BSDC91 notify: TR;2;11794;f;0;ff;ff;2244,2599,1927,1622,2172,2604,2003,1599;2244,2599,1927,1622,2172,2604,2003,1599;100,100,100,100,100,100,100,100;OOOOOOOO
[RECV] BS2DCE notify: TS;1;11442;f;1301;1966;1712;719;1046;ABCDEFGH;0;10;M;0;S;100;0;full;100
[RECV] BS2DCE notify: TR;2;11442;f;0;ff;ff;2105,1850,2392,2390,1906,1741,2416,2311;2105,1850,2392,2390,1906,1741,2416,2311;100,100,100,100,100,100,100,100;OOOOOOOO
[RECV] BSDC91 notify: TS;1;11795;f;964;2578;1750;830;1177;ABCDEFGH;5;10;M;0;S;100;0;full;100
[RECV] BSDC91 notify: TR;2;11795;f;0;ff;ff;2271,2624,1890,1559,2173,2596,1837,1589;2271,2624,1890,1559,2173,2596,1837,1589;100,100,100,100,100,100,100,100;OOOOOOOO
[RECV] BS2DCE notify: TS;1;11443;f;1307;1915;1770;764;1126;ABCDEFGH;0;10;M;0;S;101;0;full;100
[RECV] BS2DCE notify: TR;2;11443;f;0;ff;ff;2024,1768,2400,2480,1792,1733,2399,2320;2024,1768,2400,2480,1792,1733,2399,2320;100,100,100,100,100,100,100,100;OOOOOOOO
[RECV] BSDC91 notify: TS;1;11796;f;1027;2543;1904;883;1248;ABCDEFGH;5;10;M;0;S;100;0;full;100
[RECV] BSDC91 notify: TR;2;11796;f;0;ff;ff;2311,2586,1942,1637,2156,2412,1796,1602;2311,2586,1942,1637,2156,2412,1796,1602;100,100,100,100,100,100,100,100;OOOOOOOO
[RECV] BS2DCE notify: TS;1;11444;f;1232;1878;1745;748;1053;ABCDEFGH;0;10;M;0;S;99;0;full;100
[RECV] BS2DCE notify: TR;2;11444;f;0;ff;ff;1874,1836,2439,2551,1797,1734,2534,2231;1874,1836,2439,2551,1797,1734,2534,2231;100,100,100,100,100,100,100,100;OOOOOOOO
[RECV] BSDC91 notify: TS;1;11797;f;1105;2558;1909;888;1228;ABCDEFGH;5;10;M;0;S;100;0;full;100
[RECV] BSDC91 notify: TR;2;11797;f;0;ff;ff;2344,2532,1887,1687,2225,2391,1679,1652;2344,2532,1887,1687,2225,2391,1679,1652;100,100,100,100,100,100,100,100;OOOOOOOO
[RECV] BS2DCE notify: TS;1;11445;f;1208;1903;1830;776;1069;ABCDEFGH;0;10;M;0;S;100;0;full;100
[RECV] BS2DCE notify: TR;2;11445;f;0;ff;ff;1834,1948,2365,2717,1714,1874,2430,2131;1834,1948,2365,2717,1714,1874,2430,2131;100,100,100,100,100,100,100,100;OOOOOOOO
[RECV] BSDC91 notify: TS;1;11798;f;1185;2548;1958;879;1202;ABCDEFGH;5;10;M;0;S;100;0;full;100
[RECV] BSDC91 notify: TR;2;11798;f;0;ff;ff;2484,2435,1955,1788,2259,2351,1595,1708;2484,2435,1955,1788,2259,2351,1595,1708;100,100,100,100,100,100,100,100;OOOOOOOO
[RECV] BS2DCE notify: TS;1;11446;f;1122;1911;1735;741;1014;ABCDEFGH;0;10;M;0;S;101;0;full;100
[RECV] BS2DCE notify: TR;2;11446;f;0;ff;ff;1800,2048,2412,2422,1708,1818,2538,2267;1800,2048,2412,2422,1708,1818,2538,2267;100,100,100,100,100,100,100,100;OOOOOOOO
[RECV] BSDC91 notify: TS;1;11799;f;1242;2560;1941;865;1158;ABCDEFGH;5;10;M;0;S;100;0;full;100
[RECV] BSDC91 notify: TR;2;11799;f;0;ff;ff;2511,2455,1882,1842,2288,2334,1539,1788;2511,2455,1882,1842,2288,2334,1539,1788;100,100,100,100,100,100,100,100;OOOOOOOO
[RECV] BS2DCE notify: TS;1;11447;f;1048;1929;1793;749;1115;ABCDEFGH;0;10;M;0;S;99;0;full;100
[RECV] BS2DCE notify: TR;2;11447;f;0;ff;ff;1719,2176,2525,2422,1705,1914,2413,2213;1719,2176,2525,2422,1705,1914,2413,2213;100,100,100,100,100,100,100,100;OOOOOOOO
[RECV] BSDC91 notify: RXG;1;11799;tag=2;mask=0xff;pc=8;guard=1200;spacing=1000;win=8165;pre=1;slot_to_entry_us=0;slot_to_sched_us=0;slot_to_write_done_us=0;slot_to_txcmd_us=274;slot_to_txdone_us=610;txcmd_to_txdone_us=335;txdone_to_rxstart_us=61;txdone_to_rxend_us=183;rxenable
[RECV] BSDC91 notify: CD;1;11799;tag=2;local=0xb102;status=0x00806f02;rxf=0x0776c814;win=8165;pc=8;mask=0xff;resp=8;unexp=0;last_len=20;last_src=0xa107;last_dst=0xb102;last_code=0xe
[RECV] BSDC91 notify: TS;1;11800;f;1305;2538;2000;897;1177;ABCDEFGH;5;10;M;0;S;144;0;full;100
[RECV] BS2DCE notify: RXG;1;11447;tag=1;mask=0xff;pc=8;guard=1200;spacing=1000;win=8165;pre=1;slot_to_entry_us=0;slot_to_sched_us=0;slot_to_write_done_us=0;slot_to_txcmd_us=274;slot_to_txdone_us=610;txcmd_to_txdone_us=335;txdone_to_rxstart_us=91;txdone_to_rxend_us=213;rxenable
[RECV] BSDC91 notify: TR;2;11800;f;0;ff;ff;2541,2396,1837,1931,2287,2227,1527,1802;2541,2396,1837,1931,2287,2227,1527,1802;100,100,100,100,100,100,100,100;OOOOOOOO
[RECV] BSDC91 notify: TDIAG;wait_ms=75;tx_us=610;rx_us=183;coll_us=8300;range_us=44036;solve_us=11932;out_us=2227;clean_us=30;total_ms=143
[RECV] BSDC91 notify: TS;1;11801;f;1387;2543;1990;888;1199;ABCDEFGH;5;10;M;0;S;56;0;full;100
[RECV] BS2DCE notify: CD;1;11447;tag=1;local=0xb101;status=0x00806f02;rxf=0x0776c814;win=8165;pc=8;mask=0xff;resp=8;unexp=0;last_len=20;last_src=0xa107;last_dst=0xb101;last_code=0xe
[RECV] BS2DCE notify: TS;1;11448;f;1010;1921;1695;729;1105;ABCDEFGH;0;10;M;0;S;144;0;full;100
[RECV] BS2DCE notify: TR;2;11448;f;0;ff;ff;1649,2125,2554,2341,1722,1976,2433,2254;1649,2125,2554,2341,1722,1976,2433,2254;100,100,100,100,100,100,100,100;OOOOOOOO
[RECV] BSDC91 notify: TR;2;11801;f;0;ff;ff;2600,2385,1772,1998,2302,2195,1440,1944;2600,2385,1772,1998,2302,2195,1440,1944;100,100,100,100,100,100,100,100;OOOOOOOO
[RECV] BS2DCE notify: TS;1;11449;f;1041;1873;62;648;935;ACDEFGH;0;10;M;0;S;56;0;full;100
[RECV] BS2DCE notify: TR;2;11449;f;0;ff;fd;1684,0,2756,2344,1696,2085,2513,2328;1684,2125,2756,2344,1696,2085,2513,2328;100,94,100,100,100,100,100,100;OTOOOOOO
[RECV] BSDC91 notify: TS;1;11802;f;1428;2521;2036;916;1222;ABCDEFGH;5;10;M;0;S;100;0;full;100
[RECV] BSDC91 notify: TR;2;11802;f;0;ff;ff;2642,2335,1779,2005,2327,2051,1428,1997;2642,2335,1779,2005,2327,2051,1428,1997;100,100,100,100,100,100,100,100;OOOOOOOO
[RECV] BS2DCE notify: TS;1;11450;f;941;1865;1595;647;980;ABCDEFGH;0;10;M;0;S;101;0;full;99
[RECV] BS2DCE notify: TR;2;11450;f;0;ff;ff;1648,2102,2783,2354,1701,2079,2532,2337;1648,2102,2783,2354,1701,2079,2532,2337;100,94,100,100,100,100,100,100;OOOOOOOO
[RECV] BS2DCE notify: TDIAG;wait_ms=76;tx_us=610;rx_us=213;coll_us=8209;range_us=732;solve_us=11962;out_us=2258;clean_us=30;total_ms=101
[RECV] BSDC91 notify: TS;1;11803;f;1468;2485;1956;872;1172;ABCDEFGH;5;10;M;0;S;100;0;full;100
[RECV] BSDC91 notify: TR;2;11803;f;0;ff;ff;2649,2217,1784,2080,2335,2085,1507,2030;2649,2217,1784,2080,2335,2085,1507,2030;100,100,100,100,100,100,100,100;OOOOOOOO
[RECV] BS2DCE notify: TS;1;11451;f;926;1878;-140;667;1046;ABCDEFGH;0;10;M;0;S;100;0;full;99
[RECV] BS2DCE notify: TR;2;11451;f;0;ff;ff;1630,2034,2702,2234,1665,2231,2615,2402;1630,2034,2702,2234,1665,2231,2615,2402;100,95,100,100,100,100,100,100;OOOOOOOO
[RECV] BSDC91 notify: TS;1;11804;f;1432;2443;2091;916;1212;ABCDEFGH;5;10;M;0;S;100;0;full;100
[RECV] BSDC91 notify: TR;2;11804;f;0;ff;ff;2631,2305,1875,2141,2350,1832,1591,1932;2631,2305,1875,2141,2350,1832,1591,1932;100,100,100,100,100,100,100,100;OOOOOOOO
[RECV] BS2DCE notify: TS;1;11452;f;1028;1956;-235;665;1057;ABCDEFGH;0;10;M;0;S;100;0;full;99
[RECV] BS2DCE notify: TR;2;11452;f;0;ff;ff;1784,2067,2398,2136,1803,2252,2658,2509;1784,2067,2398,2136,1803,2252,2658,2509;100,95,100,100,100,100,100,100;OOOOOOOO
[RECV] BSDC91 notify: TS;1;11805;f;1472;2418;2128;957;1332;ABCDEFGH;5;10;M;0;S;100;0;full;100
[RECV] BSDC91 notify: TR;2;11805;f;0;ff;ff;2557,2269,1782,2241,2285,1814,1547,1990;2557,2269,1782,2241,2285,1814,1547,1990;100,100,100,100,100,100,100,100;OOOOOOOO
[RECV] BS2DCE notify: TS;1;11453;f;930;2007;-341;760;1127;ABCDEFGH;0;10;M;0;S;100;0;full;99
[RECV] BS2DCE notify: TR;2;11453;f;0;ff;ff;1773,2012,2386,2016,1803,2289,2749,2178;1773,2012,2386,2016,1803,2289,2749,2178;100,95,100,100,100,100,100,100;OOOOOOOO
[RECV] BSDC91 notify: TS;1;11806;f;1576;2541;2107;885;1231;ABCDEFGH;5;10;M;0;S;100;0;full;100
[RECV] BSDC91 notify: TR;2;11806;f;0;ff;ff;3306,2244,1756,2271,2283,1902,1542,1932;3306,2244,1756,2271,2283,1902,1542,1932;100,100,100,100,100,100,100,100;OOOOOOOO
[RECV] BS2DCE notify: TS;1;11454;f;912;2004;1578;714;1054;ABCDEFGH;0;10;M;0;S;100;0;full;99
[RECV] BS2DCE notify: TR;2;11454;f;0;ff;ff;1789,1984,2763,1981,1793,2237,2348,2210;1789,1984,2763,1981,1793,2237,2348,2210;100,95,100,100,100,100,100,100;OOOOOOOO
[RECV] BSDC91 notify: TS;1;11807;f;1597;2594;1991;823;1278;ABCDEFGH;5;10;M;0;S;100;0;full;100
[RECV] BSDC91 notify: TR;2;11807;f;0;ff;ff;3597,2132,1819,2237,2265,2158,1549,1925;3597,2132,1819,2237,2265,2158,1549,1925;100,100,100,100,100,100,100,100;OOOOOOOO
[RECV] BS2DCE notify: TS;1;11455;f;830;2013;1586;715;1086;ABCDEFGH;0;10;M;0;S;100;0;full;99
[RECV] BS2DCE notify: TR;2;11455;f;0;ff;ff;1804,2044,2810,1897,1750,2271,2461,2139;1804,2044,2810,1897,1750,2271,2461,2139;100,95,100,100,100,100,100,100;OOOOOOOO
[RECV] BSDC91 notify: TS;1;11808;f;1459;2476;1873;773;1082;ABCDEFGH;5;10;M;0;S;100;0;full;100
[RECV] BSDC91 notify: TR;2;11808;f;0;ff;ff;2726,2213,1876,2313,2214,2389,1516,2033;2726,2213,1876,2313,2214,2389,1516,2033;100,100,100,100,100,100,100,100;OOOOOOOO
[RECV] BS2DCE notify: TS;1;11456;f;912;2118;-384;854;1266;ABCDEFGH;0;10;M;0;S;100;0;full;99
[RECV] BS2DCE notify: TR;2;11456;f;0;ff;ff;1800,2080,2312,1871,1765,2348,2441,2016;1800,2080,2312,1871,1765,2348,2441,2016;100,96,100,100,100,100,100,100;OOOOOOOO
[RECV] BSDC91 notify: TS;1;11809;f;1567;2471;1945;772;1158;ABCDEFGH;5;10;M;0;S;100;0;full;100
[RECV] BSDC91 notify: TR;2;11809;f;0;ff;ff;3168,2141,1901,2407,2165,2188,1558,2091;3168,2141,1901,2407,2165,2188,1558,2091;100,100,100,100,100,100,100,100;OOOOOOOO
[RECV] BS2DCE notify: TS;1;11457;f;912;2193;-369;868;1246;ABCDEFGH;0;10;M;0;S;100;0;full;99
[RECV] BS2DCE notify: TR;2;11457;f;0;ff;ff;1870,2101,2284,1806,1831,2394,2319,1901;1870,2101,2284,1806,1831,2394,2319,1901;100,96,100,100,100,100,100,100;OOOOOOOO
[RECV] BSDC91 notify: RXG;1;11809;tag=2;mask=0xff;pc=8;guard=1200;spacing=1000;win=8165;pre=1;slot_to_entry_us=0;slot_to_sched_us=0;slot_to_write_done_us=0;slot_to_txcmd_us=274;slot_to_txdone_us=610;txcmd_to_txdone_us=335;txdone_to_rxstart_us=61;txdone_to_rxend_us=183;rxenable
[RECV] BSDC91 notify: CD;1;11809;tag=2;local=0xb102;status=0x00806f02;rxf=0x0796c814;win=8165;pc=8;mask=0xff;resp=8;unexp=0;last_len=20;last_src=0xa107;last_dst=0xb102;last_code=0xe
[RECV] BSDC91 notify: TS;1;11810;f;1552;2356;1976;824;1179;ABCDEFGH;5;10;M;0;S;144;0;full;100
[RECV] BSDC91 notify: TR;2;11810;f;0;ff;ff;2764,2058,1902,2443,2177,2010,1633,2140;2764,2058,1902,2443,2177,2010,1633,2140;100,100,100,100,100,100,100,100;OOOOOOOO
[RECV] BSDC91 notify: TDIAG;wait_ms=75;tx_us=610;rx_us=183;coll_us=8300;range_us=44006;solve_us=11901;out_us=2227;clean_us=30;total_ms=143
[RECV] BS2DCE notify: RXG;1;11457;tag=1;mask=0xff;pc=8;guard=1200;spacing=1000;win=8165;pre=1;slot_to_entry_us=0;slot_to_sched_us=0;slot_to_write_done_us=0;slot_to_txcmd_us=274;slot_to_txdone_us=610;txcmd_to_txdone_us=335;txdone_to_rxstart_us=61;txdone_to_rxend_us=183;rxenable
[RECV] BS2DCE notify: CD;1;11457;tag=1;local=0xb101;status=0x00806f02;rxf=0x0756c814;win=8165;pc=8;mask=0xff;resp=8;unexp=0;last_len=20;last_src=0xa107;last_dst=0xb101;last_code=0xe
[RECV] BS2DCE notify: TS;1;11458;f;922;2182;-388;874;1262;ABCDEFGH;0;10;M;0;S;143;0;full;99
[RECV] BS2DCE notify: TR;2;11458;f;0;ff;ff;1851,2134,2234,1813,1821,2346,2358,1928;1851,2134,2234,1813,1821,2346,2358,1928;100,96,100,100,100,100,100,100;OOOOOOOO
[RECV] BSDC91 notify: TS;1;11811;f;1505;2354;1917;822;1219;ABCDEFGH;5;10;M;0;S;57;0;full;100
[RECV] BSDC91 notify: TR;2;11811;f;0;ff;ff;2677,1996,1916,2364,2129,2155,1656,2103;2677,1996,1916,2364,2129,2155,1656,2103;100,100,100,100,100,100,100,100;OOOOOOOO
[RECV] BS2DCE notify: TS;1;11459;f;895;2202;-374;830;1221;ABCDEFGH;0;10;M;0;S;57;0;full;99
[RECV] BS2DCE notify: TR;2;11459;f;0;ff;ff;1953,2111,2288,1756,1861,2467,2429,1946;1953,2111,2288,1756,1861,2467,2429,1946;100,96,100,100,100,100,100,100;OOOOOOOO
[RECV] BSDC91 notify: TS;1;11812;f;1582;2291;1943;811;1283;ABCDEFGH;5;10;M;0;S;99;0;full;100
[RECV] BSDC91 notify: TR;2;11812;f;0;ff;ff;2780,1877,2027,2461,2224,1939,1707,2166;2780,1877,2027,2461,2224,1939,1707,2166;100,100,100,100,100,100,100,100;OOOOOOOO
[RECV] BS2DCE notify: TS;1;11460;f;887;2269;-450;894;1301;ABCDEFGH;0;10;M;0;S;100;0;full;99
[RECV] BS2DCE notify: TR;2;11460;f;0;ff;ff;1913,2191,2157,1696,1875,2537,2317,1857;1913,2191,2157,1696,1875,2537,2317,1857;100,96,100,100,100,100,100,100;OOOOOOOO
[RECV] BS2DCE notify: TDIAG;wait_ms=75;tx_us=610;rx_us=183;coll_us=8300;range_us=579;solve_us=12115;out_us=2166;clean_us=61;total_ms=100
[RECV] BSDC91 notify: TS;1;11813;f;1516;2242;1969;807;1178;ABCDEFGH;5;10;M;0;S;100;0;full;100
[RECV] BSDC91 notify: TR;2;11813;f;0;ff;ff;2661,1984,2063,2510,2059,1921,1770,2201;2661,1984,2063,2510,2059,1921,1770,2201;100,100,100,100,100,100,100,100;OOOOOOOO
[RECV] BS2DCE notify: TS;1;11461;f;904;2301;-416;883;1264;ABCDEFGH;0;10;M;0;S;100;0;full;99
[RECV] BS2DCE notify: TR;2;11461;f;0;ff;ff;1926,2217,2166,1696,1919,2559,2205,1848;1926,2217,2166,1696,1919,2559,2205,1848;100,96,100,100,100,100,100,100;OOOOOOOO
[RECV] BSDC91 notify: TS;1;11814;f;1528;2203;2011;831;1299;ABCDEFGH;5;10;M;0;S;100;0;full;100
[RECV] BSDC91 notify: TR;2;11814;f;0;ff;ff;2742,1858,2176,2499,2044,1838,1794,2190;2742,1858,2176,2499,2044,1838,1794,2190;100,100,100,100,100,100,100,100;OOOOOOOO
[RECV] BS2DCE notify: TS;1;11462;f;886;2315;-385;832;1195;ABCDEFGH;0;10;M;0;S;100;0;full;99
[RECV] BS2DCE notify: TR;2;11462;f;0;ff;ff;2011,2244,2152,1696,1975,2596,2339,1826;2011,2244,2152,1696,1975,2596,2339,1826;100,96,100,100,100,100,100,100;OOOOOOOO
[RECV] BSDC91 notify: TS;1;11815;f;1552;2189;2096;873;1310;ABCDEFGH;5;10;M;0;S;100;0;full;100
[RECV] BSDC91 notify: TR;2;11815;f;0;ff;ff;2860,1885,2132,2534,2000,1657,1854,2176;2860,1885,2132,2534,2000,1657,1854,2176;100,100,100,100,100,100,100,100;OOOOOOOO
[RECV] BS2DCE notify: TS;1;11463;f;877;2327;-363;838;1197;ABCDEFGH;0;10;M;0;S;100;0;full;99
[RECV] BS2DCE notify: TR;2;11463;f;0;ff;ff;2038,2226,2218,1648,1967,2599,2268,1802;2038,2226,2218,1648,1967,2599,2268,1802;100,96,100,100,100,100,100,100;OOOOOOOO
[RECV] BSDC91 notify: TS;1;11816;f;1480;2082;2126;938;1339;ABCDEFGH;5;10;M;0;S;100;0;full;100
[RECV] BSDC91 notify: TR;2;11816;f;0;ff;ff;2435,1828,2195,2497,1953,1533,1933,2202;2435,1828,2195,2497,1953,1533,1933,2202;100,100,100,100,100,100,100,100;OOOOOOOO
[RECV] BS2DCE notify: TS;1;11464;f;922;2366;-368;821;1218;ABCDEFGH;0;10;M;0;S;99;0;full;100
[RECV] BS2DCE notify: TR;2;11464;f;0;ff;ff;2094,2310,2085,1652,1991,2647,2217,1883;2094,2310,2085,1652,1991,2647,2217,1883;100,100,100,100,100,100,100,100;OOOOOOOO
[RECV] BSDC91 notify: TS;1;11817;f;1480;2065;2038;887;1314;ABCDEFGH;5;10;M;0;S;100;0;full;100
[RECV] BSDC91 notify: TR;2;11817;f;0;ff;ff;2381,1783,2231,2538,1918,1680,1915,2274;2381,1783,2231,2538,1918,1680,1915,2274;100,100,100,100,100,100,100,100;OOOOOOOO
[RECV] BS2DCE notify: TS;1;11465;f;912;2428;-327;832;1221;ABCDEFGH;0;10;M;0;S;100;0;full;100
[RECV] BS2DCE notify: TR;2;11465;f;0;ff;ff;2162,2428,2023,1583,2009,2609,2136,1776;2162,2428,2023,1583,2009,2609,2136,1776;100,100,100,100,100,100,100,100;OOOOOOOO
[RECV] BSDC91 notify: TS;1;11818;f;1463;1988;1973;819;1213;ABCDEFGH;5;10;M;0;S;100;0;full;100
[RECV] BSDC91 notify: TR;2;11818;f;0;ff;ff;2328,1796,2361,2618,1897,1615,2056,2353;2328,1796,2361,2618,1897,1615,2056,2353;100,100,100,100,100,100,100,100;OOOOOOOO
[RECV] BS2DCE notify: TS;1;11466;f;936;2455;1649;752;1086;ABCDEFGH;0;10;M;0;S;101;0;full;100
[RECV] BS2DCE notify: TR;2;11466;f;0;ff;ff;2261,2473,2073,1655,2025,2616,2055,1753;2261,2473,2073,1655,2025,2616,2055,1753;100,100,100,100,100,100,100,100;OOOOOOOO
[RECV] BSDC91 notify: TS;1;11819;f;1486;1965;2027;846;1232;ABCDEFGH;5;10;M;0;S;100;0;full;100
[RECV] BSDC91 notify: TR;2;11819;f;0;ff;ff;2312,1790,2364,2685,1925,1500,2050,2349;2312,1790,2364,2685,1925,1500,2050,2349;100,100,100,100,100,100,100,100;OOOOOOOO
[RECV] BS2DCE notify: TS;1;11467;f;981;2453;1642;710;1033;ABCDEFGH;0;10;M;0;S;100;0;full;100
[RECV] BS2DCE notify: TR;2;11467;f;0;ff;ff;2352,2567,2031,1725,2035,2510,2131,1826;2352,2567,2031,1725,2035,2510,2131,1826;100,100,100,100,100,100,100,100;OOOOOOOO
[RECV] BSDC91 notify: RXG;1;11819;tag=2;mask=0xff;pc=8;guard=1200;spacing=1000;win=8165;pre=1;slot_to_entry_us=0;slot_to_sched_us=0;slot_to_write_done_us=0;slot_to_txcmd_us=335;slot_to_txdone_us=701;txcmd_to_txdone_us=366;txdone_to_rxstart_us=91;txdone_to_rxend_us=213;rxenable
[RECV] BSDC91 notify: CD;1;11819;tag=2;local=0xb102;status=0x00806f02;rxf=0x0376c014;win=8165;pc=8;mask=0xff;resp=8;unexp=0;last_len=20;last_src=0xa107;last_dst=0xb102;last_code=0xe
[RECV] BSDC91 notify: TS;1;11820;f;1494;1895;1918;791;1090;ABCDEFGH;5;10;M;0;S;144;0;full;100
[RECV] BS2DCE notify: RXG;1;11467;tag=1;mask=0xff;pc=8;guard=1200;spacing=1000;win=8165;pre=1;slot_to_entry_us=0;slot_to_sched_us=0;slot_to_write_done_us=0;slot_to_txcmd_us=274;slot_to_txdone_us=640;txcmd_to_txdone_us=366;txdone_to_rxstart_us=61;txdone_to_rxend_us=183;rxenable
[RECV] BSDC91 notify: TR;2;11820;f;0;ff;ff;2192,1810,2383,2684,1880,1443,2147,2595;2192,1810,2383,2684,1880,1443,2147,2595;100,100,100,100,100,100,100,100;OOOOOOOO
[RECV] BSDC91 notify: TDIAG;wait_ms=76;tx_us=701;rx_us=213;coll_us=8209;range_us=44036;solve_us=11749;out_us=2319;clean_us=30;total_ms=143
[RECV] BS2DCE notify: CD;1;11467;tag=1;local=0xb101;status=0x00806f02;rxf=0x0766c814;win=8165;pc=8;mask=0xff;resp=8;unexp=0;last_len=20;last_src=0xa107;last_dst=0xb101;last_code=0xe
[RECV] BS2DCE notify: TS;1;11468;f;888;2496;-22;626;1010;ABCDEFGH;0;10;M;0;S;143;0;full;100
[RECV] BS2DCE notify: TR;2;11468;f;0;ff;ff;2257,2550,2081,1945,2105,3081,2082,1788;2257,2550,2081,1945,2105,3081,2082,1788;100,100,100,100,100,100,100,100;OOOOOOOO
[RECV] BSDC91 notify: TS;1;11821;f;1411;1889;2016;837;1126;ABCDEFGH;5;10;M;0;S;57;0;full;100
[RECV] BSDC91 notify: TR;2;11821;f;0;ff;ff;2127,1867,2394,2763,1787,1465,2217,2357;2127,1867,2394,2763,1787,1465,2217,2357;100,100,100,100,100,100,100,100;OOOOOOOO
[RECV] BS2DCE notify: TS;1;11469;f;1007;2470;1778;766;1001;ABCDEFGH;0;10;M;0;S;57;0;full;100
[RECV] BS2DCE notify: TR;2;11469;f;0;ff;ff;2240,2582,2059,1840,2116,2538,1915,1705;2240,2582,2059,1840,2116,2538,1915,1705;100,100,100,100,100,100,100,100;OOOOOOOO
[RECV] BSDC91 notify: TS;1;11822;f;1454;1829;2021;863;1265;ABCDEFGH;5;10;M;0;S;99;0;full;100
[RECV] BSDC91 notify: TR;2;11822;f;0;ff;ff;2110,1678,2429,2845,1726,1459,2222,2399;2110,1678,2429,2845,1726,1459,2222,2399;100,100,100,100,100,100,100,100;OOOOOOOO
[RECV] BS2DCE notify: TS;1;11470;f;1000;2509;1717;751;1046;ABCDEFGH;0;10;M;0;S;100;0;full;100
[RECV] BS2DCE notify: TR;2;11470;f;0;ff;ff;2271,2622,2010,1729,2194,2516,1927,1718;2271,2622,2010,1729,2194,2516,1927,1718;100,100,100,100,100,100,100,100;OOOOOOOO
[RECV] BS2DCE notify: TDIAG;wait_ms=75;tx_us=610;rx_us=213;coll_us=8300;range_us=549;solve_us=12115;out_us=2166;clean_us=61;total_ms=100
[RECV] BSDC91 notify: TS;1;11823;f;1380;1857;1946;835;1171;ABCDEFGH;5;10;M;0;S;100;0;full;100
[RECV] BSDC91 notify: TR;2;11823;f;0;ff;ff;2038,1768,2430,2634,1723,1514,2281,2435;2038,1768,2430,2634,1723,1514,2281,2435;100,100,100,100,100,100,100,100;OOOOOOOO
[RECV] BS2DCE notify: TS;1;11471;f;1018;2474;1690;754;1057;ABCDEFGH;0;10;M;0;S;99;0;full;100
[RECV] BS2DCE notify: TR;2;11471;f;0;ff;ff;2234,2509,2035,1732,2214,2470,1952,1744;2234,2509,2035,1732,2214,2470,1952,1744;100,100,100,100,100,100,100,100;OOOOOOOO
[RECV] BSDC91 notify: TS;1;11824;f;1349;1821;1833;803;1148;ABCDEFGH;5;10;M;0;S;100;0;full;100
[RECV] BSDC91 notify: TR;2;11824;f;0;ff;ff;1943,1707,2408,2616,1681,1571,2442,2447;1943,1707,2408,2616,1681,1571,2442,2447;100,100,100,100,100,100,100,100;OOOOOOOO
[RECV] BS2DCE notify: TS;1;11472;f;1067;2518;1887;839;1123;ABCDEFGH;0;10;M;0;S;100;0;full;100
[RECV] BS2DCE notify: TR;2;11472;f;0;ff;ff;2306,2592,1957,1784,2205,2380,1830,1627;2306,2592,1957,1784,2205,2380,1830,1627;100,100,100,100,100,100,100,100;OOOOOOOO
[RECV] BSDC91 notify: TS;1;11825;f;1269;1818;1799;761;1043;ABCDEFGH;5;10;M;0;S;100;0;full;100
[RECV] BSDC91 notify: TR;2;11825;f;0;ff;ff;1864,1823,2487,2616,1710,1617,2500,2394;1864,1823,2487,2616,1710,1617,2500,2394;100,100,100,100,100,100,100,100;OOOOOOOO
[RECV] BS2DCE notify: TS;1;11473;f;1078;2483;1849;791;1063;ABCDEFGH;0;10;M;0;S;100;0;full;100
[RECV] BS2DCE notify: TR;2;11473;f;0;ff;ff;2291,2595,2068,1847,2178,2411,1769,1780;2291,2595,2068,1847,2178,2411,1769,1780;100,100,100,100,100,100,100,100;OOOOOOOO
[RECV] BSDC91 notify: TS;1;11826;f;1259;1743;-122;710;1119;ABCDEFGH;5;10;M;0;S;100;0;full;100
[RECV] BSDC91 notify: TR;2;11826;f;0;ff;ff;1760,1776,2424,2555,1618,1683,2628,2707;1760,1776,2424,2555,1618,1683,2628,2707;100,100,100,100,100,100,100,100;OOOOOOOO
[RECV] BS2DCE notify: TS;1;11474;f;1200;2466;1921;862;1161;ABCDEFGH;0;10;M;0;S;100;0;full;100
[RECV] BS2DCE notify: TR;2;11474;f;0;ff;ff;2383,2366,1980,1862,2252,2206,1736,1765;2383,2366,1980,1862,2252,2206,1736,1765;100,100,100,100,100,100,100,100;OOOOOOOO
[RECV] BSDC91 notify: TS;1;11827;f;1202;1802;1700;772;1133;ABCDEFGH;5;10;M;0;S;100;0;full;100
[RECV] BSDC91 notify: TR;2;11827;f;0;ff;ff;1723,1694,2507,2524,1640,1781,2535,2357;1723,1694,2507,2524,1640,1781,2535,2357;100,100,100,100,100,100,100,100;OOOOOOOO
[RECV] BS2DCE notify: TS;1;11475;f;1234;2464;1947;880;1177;ABCDEFGH;0;10;M;0;S;101;0;full;100
[RECV] BS2DCE notify: TR;2;11475;f;0;ff;ff;2442,2356,1949,1880,2082,2295,1604,1929;2442,2356,1949,1880,2082,2295,1604,1929;100,100,100,100,100,100,100,100;OOOOOOOO
[RECV] BSDC91 notify: TS;1;11828;f;1110;1792;123;658;939;ABCDEFGH;5;10;M;0;S;100;0;full;100
[RECV] BSDC91 notify: TR;2;11828;f;0;ff;ff;1580,1892,2581,2456,1627,1832,2549,2394;1580,1892,2581,2456,1627,1832,2549,2394;100,100,100,100,100,100,100,100;OOOOOOOO
[RECV] BS2DCE notify: TS;1;11476;f;1283;2463;1911;840;1126;ABCDEFGH;0;10;M;0;S;99;0;full;100
[RECV] BS2DCE notify: TR;2;11476;f;0;ff;ff;2453,2375,1950,1933,2238,2177,1626,1960;2453,2375,1950,1933,2238,2177,1626,1960;100,100,100,100,100,100,100,100;OOOOOOOO
[RECV] BSDC91 notify: TS;1;11829;f;1078;1833;-277;767;1194;ABCDEFGH;5;10;M;0;S;100;0;full;100
[RECV] BSDC91 notify: TR;2;11829;f;0;ff;ff;1553,1920,2341,2455,1625,2025,2626,2482;1553,1920,2341,2455,1625,2025,2626,2482;100,100,100,100,100,100,100,100;OOOOOOOO
[RECV] BS2DCE notify: TS;1;11477;f;1337;2428;1930;829;1089;ABCDEFGH;0;10;M;0;S;100;0;full;100
[RECV] BS2DCE notify: TR;2;11477;f;0;ff;ff;2552,2275,1978,2030,2245,2090,1691,1961;2552,2275,1978,2030,2245,2090,1691,1961;100,100,100,100,100,100,100,100;OOOOOOOO
[RECV] BSDC91 notify: RXG;1;11829;tag=2;mask=0xff;pc=8;guard=1200;spacing=1000;win=8165;pre=1;slot_to_entry_us=0;slot_to_sched_us=0;slot_to_write_done_us=0;slot_to_txcmd_us=274;slot_to_txdone_us=610;txcmd_to_txdone_us=335;txdone_to_rxstart_us=61;txdone_to_rxend_us=183;rxenable
[RECV] BSDC91 notify: CD;1;11829;tag=2;local=0xb102;status=0x00806f02;rxf=0x0756c814;win=8165;pc=8;mask=0xff;resp=8;unexp=0;last_len=20;last_src=0xa107;last_dst=0xb102;last_code=0xe
[RECV] BSDC91 notify: TS;1;11830;f;1051;1822;-365;816;1289;ABCDEFGH;5;10;M;0;S;144;0;full;100
[RECV] BSDC91 notify: TR;2;11830;f;0;ff;ff;1482,1885,2385,2357,1570,2082,2578,2544;1482,1885,2385,2357,1570,2082,2578,2544;100,100,100,100,100,100,100,100;OOOOOOOO
[RECV] BS2DCE notify: RXG;1;11477;tag=1;mask=0xff;pc=8;guard=1200;spacing=1000;win=8165;pre=1;slot_to_entry_us=0;slot_to_sched_us=0;slot_to_write_done_us=0;slot_to_txcmd_us=274;slot_to_txdone_us=610;txcmd_to_txdone_us=335;txdone_to_rxstart_us=61;txdone_to_rxend_us=183;rxenable
[RECV] BSDC91 notify: TDIAG;wait_ms=75;tx_us=610;rx_us=183;coll_us=8300;range_us=44067;solve_us=11932;out_us=2227;clean_us=30;total_ms=143
[RECV] BSDC91 notify: TS;1;11831;f;1002;1841;-277;747;1122;ABCDEFGH;5;10;M;0;S;58;0;full;100
[RECV] BSDC91 notify: TR;2;11831;f;0;ff;ff;1529,1943,2583,2253,1675,2082,2629,2463;1529,1943,2583,2253,1675,2082,2629,2463;100,100,100,100,100,100,100,100;OOOOOOOO
[RECV] BS2DCE notify: CD;1;11477;tag=1;local=0xb101;status=0x00806f02;rxf=0x0776c814;win=8165;pc=8;mask=0xff;resp=8;unexp=0;last_len=20;last_src=0xa107;last_dst=0xb101;last_code=0xe
[RECV] BS2DCE notify: TS;1;11478;f;1385;2412;2038;886;1183;ABCDEFGH;0;10;M;0;S;144;0;full;100
[RECV] BS2DCE notify: TR;2;11478;f;0;ff;ff;2574,2187,1982,2156,2266,2024,1620,1886;2574,2187,1982,2156,2266,2024,1620,1886;100,100,100,100,100,100,100,100;OOOOOOOO
[RECV] BS2DCE notify: TS;1;11479;f;1396;2376;2025;889;1162;ABCDEFGH;0;10;M;0;S;57;0;full;100
[RECV] BS2DCE notify: TR;2;11479;f;0;ff;ff;2552,2171,1946,2151,2219,1928,1721,1940;2552,2171,1946,2151,2219,1928,1721,1940;100,100,100,100,100,100,100,100;OOOOOOOO
[RECV] BSDC91 notify: TS;1;11832;f;979;1886;-404;812;1229;ABCDEFGH;5;10;M;0;S;98;0;full;100
[RECV] BSDC91 notify: TR;2;11832;f;0;ff;ff;1596,1946,2502,2011,1674,2110,2696,2449;1596,1946,2502,2011,1674,2110,2696,2449;100,100,100,100,100,100,100,100;OOOOOOOO
[RECV] BS2DCE notify: TS;1;11480;f;1436;2358;2011;858;1144;ABCDEFGH;0;10;M;0;S;99;0;full;100
[RECV] BS2DCE notify: TR;2;11480;f;0;ff;ff;2635,2154,1965,2245,2139,1968,1685,2059;2635,2154,1965,2245,2139,1968,1685,2059;100,100,100,100,100,100,100,100;OOOOOOOO
[RECV] BS2DCE notify: TDIAG;wait_ms=75;tx_us=610;rx_us=213;coll_us=8209;range_us=640;solve_us=11871;out_us=2197;clean_us=30;total_ms=100
[RECV] BSDC91 notify: TS;1;11833;f;938;2086;-443;893;1270;ABCDEFGH;5;10;M;0;S;100;0;full;100
[RECV] BS2DCE notify: TS;1;11481;f;1409;2428;1863;759;1103;ABCDEFGH;0;10;M;0;S;101;0;full;100
[RECV] BS2DCE notify: TR;2;11481;f;0;ff;ff;2699,2168,1992,2318,2137,2406,1598,2014;2699,2168,1992,2318,2137,2406,1598,2014;100,100,100,100,100,100,100,100;OOOOOOOO
[RECV] BSDC91 notify: TR;2;11833;f;0;ff;ff;1689,2052,2316,1889,1784,2254,2432,2051;1689,2052,2316,1889,1784,2254,2432,2051;100,100,100,100,100,100,100,100;OOOOOOOO
[RECV] BSDC91 notify: TS;1;11834;f;921;2171;-421;898;1246;ACDEFGH;5;10;M;0;S;98;0;full;100
[RECV] BSDC91 notify: TR;2;11834;f;0;ff;fd;1745,0,2236,1751,1850,2413,2531,1916;1745,2052,2236,1751,1850,2413,2531,1916;100,94,100,100,100,100,100,100;OTOOOOOO
[RECV] BS2DCE notify: TS;1;11482;f;1460;2363;1832;752;1119;ABCDEFGH;0;10;M;0;S;99;0;full;100
[RECV] BS2DCE notify: TR;2;11482;f;0;ff;ff;2688,2068,1947,2391,2121,2269,1749,2067;2688,2068,1947,2391,2121,2269,1749,2067;100,100,100,100,100,100,100,100;OOOOOOOO
[RECV] BSDC91 notify: TS;1;11835;f;880;2190;-602;988;1406;ABCDEFGH;5;10;M;0;S;102;0;full;99
[RECV] BSDC91 notify: TR;2;11835;f;0;ff;ff;1682,2131,2156,1707,1808,2456,2425,1887;1682,2131,2156,1707,1808,2456,2425,1887;100,95,100,100,100,100,100,100;OOOOOOOO
[RECV] BS2DCE notify: TS;1;11483;f;1421;2332;1830;758;1147;ABCDEFGH;0;10;M;0;S;100;0;full;100
[RECV] BS2DCE notify: TR;2;11483;f;0;ff;ff;2586,2030,2035,2369,2114,2281,1750,2055;2586,2030,2035,2369,2114,2281,1750,2055;100,100,100,100,100,100,100,100;OOOOOOOO
[RECV] BSDC91 notify: TS;1;11836;f;874;2288;-649;1013;1405;ABCDEFGH;5;10;M;0;S;100;0;full;99
[RECV] BSDC91 notify: TR;2;11836;f;0;ff;ff;1719,2182,2139,1560,1908,2624,2281,1826;1719,2182,2139,1560,1908,2624,2281,1826;100,95,100,100,100,100,100,100;OOOOOOOO
[RECV] BS2DCE notify: TS;1;11484;f;1474;2269;1919;810;1244;ABCDEFGH;0;10;M;0;S;101;0;full;100
[RECV] BS2DCE notify: TR;2;11484;f;0;ff;ff;2677,1921,2042,2402,2014,2076,1819,2116;2677,1921,2042,2402,2014,2076,1819,2116;100,100,100,100,100,100,100,100;OOOOOOOO
[RECV] BSDC91 notify: TS;1;11837;f;836;2294;-594;962;1360;ABCDEFGH;5;10;M;0;S;100;0;full;99
[RECV] BSDC91 notify: TR;2;11837;f;0;ff;ff;1761,2304,2095,1574,1912,2610,2411,1804;1761,2304,2095,1574,1912,2610,2411,1804;100,95,100,100,100,100,100,100;OOOOOOOO
[RECV] BS2DCE notify: TS;1;11485;f;1518;2217;2056;870;1271;ABCDEFGH;0;10;M;0;S;99;0;full;100
[RECV] BS2DCE notify: TR;2;11485;f;0;ff;ff;2851,1928,2066,2393,1975,1700,1935,2160;2851,1928,2066,2393,1975,1700,1935,2160;100,100,100,100,100,100,100,100;OOOOOOOO
[RECV] BSDC91 notify: TS;1;11838;f;940;2349;-627;982;1328;ABCDEFGH;5;10;M;0;S;100;0;full;99
[RECV] BSDC91 notify: TR;2;11838;f;0;ff;ff;1913,2286,2047,1408,2032,2487,2262,1910;1913,2286,2047,1408,2032,2487,2262,1910;100,95,100,100,100,100,100,100;OOOOOOOO
[RECV] BS2DCE notify: TS;1;11486;f;1470;2108;2024;889;1272;ABCDEFGH;0;10;M;0;S;100;0;full;100
[RECV] BS2DCE notify: TR;2;11486;f;0;ff;ff;2417,1848,2138,2441,1924,1688,1943,2258;2417,1848,2138,2441,1924,1688,1943,2258;100,100,100,100,100,100,100,100;OOOOOOOO
[RECV] BSDC91 notify: TS;1;11839;f;883;2424;-457;925;1255;ABCDEFGH;5;10;M;0;S;100;0;full;99
[RECV] BSDC91 notify: TR;2;11839;f;0;ff;ff;2051,2411,2041,1443,2041,2517,2176,1687;2051,2411,2041,1443,2041,2517,2176,1687;100,95,100,100,100,100,100,100;OOOOOOOO
[RECV] BS2DCE notify: TS;1;11487;f;1371;2096;1917;799;1117;ABCDEFGH;0;10;M;0;S;101;0;full;100
[RECV] BS2DCE notify: TR;2;11487;f;0;ff;ff;2286,1963,2249,2464,1910,1852,2018,2226;2286,1963,2249,2464,1910,1852,2018,2226;100,100,100,100,100,100,100,100;OOOOOOOO
[RECV] BSDC91 notify: RXG;1;11839;tag=2;mask=0xff;pc=8;guard=1200;spacing=1000;win=8165;pre=1;slot_to_entry_us=0;slot_to_sched_us=0;slot_to_write_done_us=0;slot_to_txcmd_us=274;slot_to_txdone_us=610;txcmd_to_txdone_us=335;txdone_to_rxstart_us=61;txdone_to_rxend_us=183;rxenable
[RECV] BS2DCE notify: RXG;1;11487;tag=1;mask=0xff;pc=8;guard=1200;spacing=1000;win=8165;pre=1;slot_to_entry_us=0;slot_to_sched_us=0;slot_to_write_done_us=0;slot_to_txcmd_us=274;slot_to_txdone_us=610;txcmd_to_txdone_us=335;txdone_to_rxstart_us=91;txdone_to_rxend_us=213;rxenable
[RECV] BSDC91 notify: CD;1;11839;tag=2;local=0xb102;status=0x00806f02;rxf=0x07a6c814;win=8165;pc=8;mask=0xff;resp=8;unexp=0;last_len=20;last_src=0xa107;last_dst=0xb102;last_code=0xe
[RECV] BSDC91 notify: TS;1;11840;f;931;2493;1632;757;1099;ABCDEFGH;5;10;M;0;S;144;0;full;99
[RECV] BSDC91 notify: TR;2;11840;f;0;ff;ff;2260,2516,2004,1604,2122,2567,2075,1681;2260,2516,2004,1604,2122,2567,2075,1681;100,96,100,100,100,100,100,100;OOOOOOOO
[RECV] BS2DCE notify: CD;1;11487;tag=1;local=0xb101;status=0x00806f02;rxf=0x07d6c814;win=8165;pc=8;mask=0xff;resp=8;unexp=0;last_len=20;last_src=0xa107;last_dst=0xb101;last_code=0xe
[RECV] BS2DCE notify: TS;1;11488;f;1395;2006;1864;752;1116;ABCDEFGH;0;10;M;0;S;143;0;full;100
[RECV] BS2DCE notify: TR;2;11488;f;0;ff;ff;2252,1861,2336,2667,1857,1850,2128,2274;2252,1861,2336,2667,1857,1850,2128,2274;100,100,100,100,100,100,100,100;OOOOOOOO
[RECV] BSDC91 notify: TDIAG;wait_ms=75;tx_us=610;rx_us=183;coll_us=8300;range_us=44036;solve_us=11962;out_us=2227;clean_us=30;total_ms=143
[RECV] BSDC91 notify: TS;1;11841;f;1156;2704;-141;655;982;ABCDFGH;5;10;M;0;S;55;0;full;99
[RECV] BSDC91 notify: TR;2;11841;f;0;ff;ef;2331,2511,2020,1665,0,2664,1966,1707;2331,2511,2020,1665,2122,2664,1966,1707;100,96,100,100,96,100,100,100;OOOOTOOO
[RECV] BS2DCE notify: TS;1;11489;f;1366;1930;1927;788;1126;ABCDEFGH;0;10;M;0;S;57;0;full;100
[RECV] BS2DCE notify: TR;2;11489;f;0;ff;ff;2201,1852,2420,2617,1773,1636,2271,2315;2201,1852,2420,2617,1773,1636,2271,2315;100,100,100,100,100,100,100,100;OOOOOOOO
[RECV] BSDC91 notify: TS;1;11842;f;935;2537;1668;779;1072;ABCDEFGH;5;10;M;0;S;102;0;full;99
[RECV] BSDC91 notify: TR;2;11842;f;0;ff;ff;2277,2534,1929,1626,2177,2621,2058,1533;2277,2534,1929,1626,2177,2621,2058,1533;100,96,100,100,96,100,100,100;OOOOOOOO
[RECV] BS2DCE notify: TS;1;11490;f;1306;1965;1815;726;1039;ABCDEFGH;0;10;M;0;S;100;0;full;100
[RECV] BS2DCE notify: TR;2;11490;f;0;ff;ff;2213,1917,2428,2488,1847,1711,2404,2257;2213,1917,2428,2488,1847,1711,2404,2257;100,100,100,100,100,100,100,100;OOOOOOOO
[RECV] BS2DCE notify: TDIAG;wait_ms=75;tx_us=610;rx_us=213;coll_us=8300;range_us=549;solve_us=11962;out_us=2319;clean_us=30;total_ms=100
[RECV] BSDC91 notify: TS;1;11843;f;954;2554;1719;799;1135;ABCDEFGH;5;10;M;0;S;100;0;full;99
[RECV] BSDC91 notify: TR;2;11843;f;0;ff;ff;2236,2667,1907,1592,2194,2537,1938,1629;2236,2667,1907,1592,2194,2537,1938,1629;100,96,100,100,96,100,100,100;OOOOOOOO
[RECV] BS2DCE notify: TS;1;11491;f;1328;1961;1685;721;1040;ABCDEFGH;0;10;M;0;S;100;0;full;100
[RECV] BS2DCE notify: TR;2;11491;f;0;ff;ff;2041,1825,2315,2470,1922,1767,2398,2314;2041,1825,2315,2470,1922,1767,2398,2314;100,100,100,100,100,100,100,100;OOOOOOOO
[RECV] BSDC91 notify: TS;1;11844;f;1082;2565;-243;780;1138;ABCDEFGH;5;10;M;0;S;99;0;full;99
[RECV] BSDC91 notify: TR;2;11844;f;0;ff;ff;2267,2659,1898,1539,2295,2551,1805,1904;2267,2659,1898,1539,2295,2551,1805,1904;100,96,100,100,96,100,100,100;OOOOOOOO
[RECV] BS2DCE notify: TS;1;11492;f;1250;1929;1777;752;1022;ABCDEFGH;0;10;M;0;S;99;0;full;100
[RECV] BS2DCE notify: TR;2;11492;f;0;ff;ff;1957,1911,2381,2499,1826,1724,2461,2238;1957,1911,2381,2499,1826,1724,2461,2238;100,100,100,100,100,100,100,100;OOOOOOOO
[RECV] BSDC91 notify: TS;1;11845;f;1027;2556;1875;883;1234;ABCDEFGH;5;10;M;0;S;101;0;full;99
[RECV] BSDC91 notify: TR;2;11845;f;0;ff;ff;2271,2553,1931,1624,2210,2456,1747,1592;2271,2553,1931,1624,2210,2456,1747,1592;100,96,100,100,96,100,100,100;OOOOOOOO
[RECV] BS2DCE notify: TS;1;11493;f;1213;1893;1741;758;1050;ABCDEFGH;0;10;M;0;S;101;0;full;100
[RECV] BS2DCE notify: TR;2;11493;f;0;ff;ff;1834,1855,2431,2494,1766,1793,2448,2274;1834,1855,2431,2494,1766,1793,2448,2274;100,100,100,100,100,100,100,100;OOOOOOOO
[RECV] BSDC91 notify: TS;1;11846;f;1179;2600;1835;861;1198;ABCDEFGH;5;10;M;0;S;99;0;full;99
[RECV] BSDC91 notify: TR;2;11846;f;0;ff;ff;2405,2507,1725,1745,2288,2454,1647,1674;2405,2507,1725,1745,2288,2454,1647,1674;100,96,100,100,96,100,100,100;OOOOOOOO
[RECV] BS2DCE notify: TS;1;11494;f;1258;1855;1794;731;1026;ABCDEFGH;0;10;M;0;S;99;0;full;100
[RECV] BS2DCE notify: TR;2;11494;f;0;ff;ff;1845,1938,2394,2893,1729,1825,2450,2226;1845,1938,2394,2893,1729,1825,2450,2226;100,100,100,100,100,100,100,100;OOOOOOOO
[RECV] BSDC91 notify: TS;1;11847;f;1172;2530;2015;949;1314;ABCDEFGH;5;10;M;0;S;100;0;full;99
[RECV] BSDC91 notify: TR;2;11847;f;0;ff;ff;2456,2344,1940,1718,2172,2311,1585,1695;2456,2344,1940,1718,2172,2311,1585,1695;100,96,100,100,96,100,100,100;OOOOOOOO
[RECV] BS2DCE notify: TS;1;11495;f;1093;1926;1718;722;1006;ABCDEFGH;0;10;M;0;S;100;0;full;100
[RECV] BS2DCE notify: TR;2;11495;f;0;ff;ff;1797,2059,2454,2432,1715,1930,2502,2222;1797,2059,2454,2432,1715,1930,2502,2222;100,100,100,100,100,100,100,100;OOOOOOOO
[RECV] BSDC91 notify: TS;1;11848;f;1243;2544;2043;922;1231;ABCDEFGH;5;10;M;0;S;100;0;full;100
[RECV] BS2DCE notify: TS;1;11496;f;1017;1942;1787;744;1113;ABCDEFGH;0;10;M;0;S;101;0;full;100
[RECV] BS2DCE notify: TR;2;11496;f;0;ff;ff;1715,2219,2557,2363,1708,1939,2402,2213;1715,2219,2557,2363,1708,1939,2402,2213;100,100,100,100,100,100,100,100;OOOOOOOO
[RECV] BSDC91 notify: TR;2;11848;f;0;ff;ff;2517,2444,1905,1846,2266,2219,1535,1737;2517,2444,1905,1846,2266,2219,1535,1737;100,100,100,100,100,100,100,100;OOOOOOOO
[RECV] BSDC91 notify: TS;1;11849;f;1289;2528;2006;894;1159;ABCDEFGH;5;10;M;0;S;100;0;full;100
[RECV] BSDC91 notify: TR;2;11849;f;0;ff;ff;2529,2404,1871,1936,2254,2241,1529,1810;2529,2404,1871,1936,2254,2241,1529,1810;100,100,100,100,100,100,100,100;OOOOOOOO
[RECV] BS2DCE notify: TS;1;11497;f;1033;1888;1724;731;1081;ABCDEFGH;0;10;M;0;S;99;0;full;100
[RECV] BS2DCE notify: TR;2;11497;f;0;ff;ff;1677,2116,2571,2366,1690,1870,2496,2305;1677,2116,2571,2366,1690,1870,2496,2305;100,100,100,100,100,100,100,100;OOOOOOOO
[RECV] BSDC91 notify: RXG;1;11849;tag=2;mask=0xff;pc=8;guard=1200;spacing=1000;win=8165;pre=1;slot_to_entry_us=0;slot_to_sched_us=0;slot_to_write_done_us=0;slot_to_txcmd_us=335;slot_to_txdone_us=793;txcmd_to_txdone_us=457;txdone_to_rxstart_us=61;txdone_to_rxend_us=183;rxenable
[RECV] BSDC91 notify: CD;1;11849;tag=2;local=0xb102;status=0x00800002;rxf=0x0796c814;win=8165;pc=8;mask=0xff;resp=7;unexp=0;last_len=20;last_src=0xa106;last_dst=0xb102;last_code=0xe
[RECV] BSDC91 notify: TS;1;11850;f;1252;2561;2046;975;1271;ABCDEFG;5;10;M;0;S;141;0;full;100
[RECV] BSDC91 notify: TR;2;11850;f;0;ff;7f;2571,2355,1781,1965,2288,2202,1476,0;2571,2355,1781,1965,2288,2202,1476,1810;100,100,100,100,100,100,100,94;OOOOOOOT
[RECV] BS2DCE notify: RXG;1;11497;tag=1;mask=0xff;pc=8;guard=1200;spacing=1000;win=8165;pre=1;slot_to_entry_us=0;slot_to_sched_us=0;slot_to_write_done_us=0;slot_to_txcmd_us=274;slot_to_txdone_us=610;txcmd_to_txdone_us=335;txdone_to_rxstart_us=61;txdone_to_rxend_us=213;rxenable
[RECV] BSDC91 notify: TDIAG;wait_ms=75;tx_us=793;rx_us=183;coll_us=8178;range_us=44097;solve_us=9368;out_us=2136;clean_us=30;total_ms=141
[RECV] BS2DCE notify: CD;1;11497;tag=1;local=0xb101;status=0x00806f02;rxf=0x07a6c814;win=8165;pc=8;mask=0xff;resp=8;unexp=0;last_len=20;last_src=0xa107;last_dst=0xb101;last_code=0xe
[RECV] BS2DCE notify: TS;1;11498;f;1000;1868;1625;668;995;ABCDEFGH;0;10;M;0;S;144;0;full;100
[RECV] BS2DCE notify: TR;2;11498;f;0;ff;ff;1675,2053,2716,2387,1702,2039,2489,2336;1675,2053,2716,2387,1702,2039,2489,2336;100,100,100,100,100,100,100,100;OOOOOOOO
[RECV] BSDC91 notify: TS;1;11851;f;1789;2385;2108;897;1279;ABCEFGH;5;10;M;0;S;58;0;full;99
[RECV] BSDC91 notify: TR;2;11851;f;0;ff;f7;2664,2337,1750,0,2309,2065,1484,1979;2664,2337,1750,1965,2309,2065,1484,1979;100,100,100,95,100,100,100,95;OOOTOOOO
[RECV] BS2DCE notify: TS;1;11499;f;1007;1875;520;523;722;ABCDEFGH;0;10;M;0;S;57;0;full;100
[RECV] BS2DCE notify: TR;2;11499;f;0;ff;ff;1650,2081,2698,2300,1674,2112,2500,2382;1650,2081,2698,2300,1674,2112,2500,2382;100,100,100,100,100,100,100,100;OOOOOOOO
[RECV] BSDC91 notify: TS;1;11852;f;1466;2503;1950;864;1205;ABCDEFGH;5;10;M;0;S;102;0;full;98
[RECV] BSDC91 notify: TR;2;11852;f;0;ff;ff;2649,2314,1736,2059,2345,2061,1525,2042;2649,2314,1736,2059,2345,2061,1525,2042;100,100,100,95,100,100,100,95;OOOOOOOO
[RECV] BS2DCE notify: TS;1;11500;f;909;1855;1503;623;905;ABCDEFGH;0;10;M;0;S;100;0;full;100
[RECV] BS2DCE notify: TR;2;11500;f;0;ff;ff;1650,2069,2804,2252,1687,2124,2627,2396;1650,2069,2804,2252,1687,2124,2627,2396;100,100,100,100,100,100,100,100;OOOOOOOO
[RECV] BS2DCE notify: TDIAG;wait_ms=75;tx_us=610;rx_us=213;coll_us=8239;range_us=549;solve_us=12115;out_us=2197;clean_us=30;total_ms=100
[RECV] BSDC91 notify: TS;1;11853;f;1517;2431;1963;864;1160;ABCDEFGH;5;10;M;0;S;99;0;full;98
[RECV] BSDC91 notify: TR;2;11853;f;0;ff;ff;2668,2254,1828,2072,2379,1824,1572,2211;2668,2254,1828,2072,2379,1824,1572,2211;100,100,100,95,100,100,100,95;OOOOOOOO
[RECV] BS2DCE notify: TS;1;11501;f;1063;1884;-247;675;1054;ABCDEFGH;0;10;M;0;S;99;0;full;100
[RECV] BS2DCE notify: TR;2;11501;f;0;ff;ff;1690,2044,2474,2150,1775,2124,2654,2675;1690,2044,2474,2150,1775,2124,2654,2675;100,100,100,100,100,100,100,100;OOOOOOOO
[RECV] BSDC91 notify: TS;1;11854;f;1446;2443;2039;891;1226;ABCDEFGH;5;10;M;0;S;100;0;full;98
[RECV] BSDC91 notify: TR;2;11854;f;0;ff;ff;2601,2287,1820,2184,2306,1948,1605,1947;2601,2287,1820,2184,2306,1948,1605,1947;100,100,100,95,100,100,100,95;OOOOOOOO
[RECV] BS2DCE notify: TS;1;11502;f;1098;1910;-300;680;1094;ABCDEFGH;0;10;M;0;S;101;0;full;100
[RECV] BS2DCE notify: TR;2;11502;f;0;ff;ff;1796,2001,2345,2079,1799,2186,2705,2763;1796,2001,2345,2079,1799,2186,2705,2763;100,100,100,100,100,100,100,100;OOOOOOOO
[RECV] BSDC91 notify: TS;1;11855;f;1498;2462;2118;907;1229;ABCDEFGH;5;10;M;0;S;100;0;full;98
[RECV] BSDC91 notify: TR;2;11855;f;0;ff;ff;2898,2272,1841,2207,2254,1863,1560,1980;2898,2272,1841,2207,2254,1863,1560,1980;100,100,100,95,100,100,100,95;OOOOOOOO
[RECV] BS2DCE notify: TS;1;11503;f;937;2008;-290;759;1107;ABCDEFGH;0;10;M;0;S;99;0;full;100
[RECV] BS2DCE notify: TR;2;11503;f;0;ff;ff;1760,2044,2462,2010,1794,2211,2633,2171;1760,2044,2462,2010,1794,2211,2633,2171;100,100,100,100,100,100,100,100;OOOOOOOO
[RECV] BSDC91 notify: TS;1;11856;f;1510;2547;1968;835;1143;ABCDEFG;5;10;M;0;S;98;0;full;99
[RECV] BSDC91 notify: TR;2;11856;f;0;ff;7f;3343,2244,1843,2254,2234,2077,1465,0;3343,2244,1843,2254,2234,2077,1465,1980;100,100,100,96,100,100,100,92;OOOOOOOT
[RECV] BS2DCE notify: TS;1;11504;f;847;2010;1553;691;1016;ABCDEFGH;0;10;M;0;S;100;0;full;100
[RECV] BS2DCE notify: TR;2;11504;f;0;ff;ff;1782,2080,2728,1958,1764,2272,2507,2136;1782,2080,2728,1958,1764,2272,2507,2136;100,100,100,100,100,100,100,100;OOOOOOOO
[RECV] BSDC91 notify: TS;1;11857;f;1651;2524;2088;873;1287;ABCDEFGH;5;10;M;0;S;103;0;full;98
[RECV] BSDC91 notify: TR;2;11857;f;0;ff;ff;3595,2113,1841,2284,2261,1887,1556,2026;3595,2113,1841,2284,2261,1887,1556,2026;100,100,100,96,100,100,100,92;OOOOOOOO
[RECV] BS2DCE notify: TS;1;11505;f;852;2009;1640;730;1082;ABCDEFGH;0;10;M;0;S;101;0;full;100
[RECV] BS2DCE notify: TR;2;11505;f;0;ff;ff;1816,2033,2828,1941,1729,2281,2406,2111;1816,2033,2828,1941,1729,2281,2406,2111;100,100,100,100,100,100,100,100;OOOOOOOO
[RECV] BSDC91 notify: TS;1;11858;f;1529;2459;2006;830;1167;ABCDEFGH;5;10;M;0;S;100;0;full;98
[RECV] BSDC91 notify: TR;2;11858;f;0;ff;ff;2951,2171,1887,2283,2228,2077,1527,2067;2951,2171,1887,2283,2228,2077,1527,2067;100,100,100,96,100,100,100,92;OOOOOOOO
[RECV] BS2DCE notify: TS;1;11506;f;946;2103;-391;840;1251;ABCDEFGH;0;10;M;0;S;100;0;full;100
[RECV] BS2DCE notify: TR;2;11506;f;0;ff;ff;1831,2052,2303,1876,1784,2322,2469,2097;1831,2052,2303,1876,1784,2322,2469,2097;100,100,100,100,100,100,100,100;OOOOOOOO
[RECV] BSDC91 notify: TS;1;11859;f;1507;2445;1801;726;1040;ABCDEFGH;5;10;M;0;S;99;0;full;98
[RECV] BSDC91 notify: TR;2;11859;f;0;ff;ff;2796,2175,1922,2325,2195,2371,1524,2223;2796,2175,1922,2325,2195,2371,1524,2223;100,100,100,96,100,100,100,92;OOOOOOOO
[RECV] BS2DCE notify: TS;1;11507;f;917;2141;-364;841;1241;ABCDEFGH;0;10;M;0;S;99;0;full;100
[RECV] BS2DCE notify: TR;2;11507;f;0;ff;ff;1845,2132,2293,1832,1796,2328,2431,2016;1845,2132,2293,1832,1796,2328,2431,2016;100,100,100,100,100,100,100,100;OOOOOOOO
[RECV] BSDC91 notify: RXG;1;11859;tag=2;mask=0xff;pc=8;guard=1200;spacing=1000;win=8165;pre=1;slot_to_entry_us=0;slot_to_sched_us=0;slot_to_write_done_us=0;slot_to_txcmd_us=274;slot_to_txdone_us=610;txcmd_to_txdone_us=335;txdone_to_rxstart_us=61;txdone_to_rxend_us=183;rxenable
[RECV] BSDC91 notify: CD;1;11859;tag=2;local=0xb102;status=0x00806f02;rxf=0x07b6c814;win=8165;pc=8;mask=0xff;resp=8;unexp=0;last_len=20;last_src=0xa107;last_dst=0xb102;last_code=0xe
[RECV] BSDC91 notify: TS;1;11860;f;1574;2413;2002;834;1246;ABCDEFGH;5;10;M;0;S;144;0;full;98
[RECV] BSDC91 notify: TR;2;11860;f;0;ff;ff;2975,2042,1876,2411,2197,2058,1601,2049;2975,2042,1876,2411,2197,2058,1601,2049;100,100,100,96,100,100,100,93;OOOOOOOO
[RECV] BSDC91 notify: TDIAG;wait_ms=75;tx_us=610;rx_us=183;coll_us=8300;range_us=44006;solve_us=12084;out_us=2227;clean_us=30;total_ms=143
[RECV] BS2DCE notify: RXG;1;11507;tag=1;mask=0xff;pc=8;guard=1200;spacing=1000;win=8165;pre=1;slot_to_entry_us=0;slot_to_sched_us=0;slot_to_write_done_us=0;slot_to_txcmd_us=396;slot_to_txdone_us=701;txcmd_to_txdone_us=305;txdone_to_rxstart_us=91;txdone_to_rxend_us=213;rxenable
[RECV] BS2DCE notify: CD;1;11507;tag=1;local=0xb101;status=0x00806f02;rxf=0x0756c814;win=8165;pc=8;mask=0xff;resp=8;unexp=0;last_len=20;last_src=0xa107;last_dst=0xb101;last_code=0xe
[RECV] BS2DCE notify: TS;1;11508;f;892;2180;-348;846;1232;ABCDEFGH;0;10;M;0;S;144;0;full;100
[RECV] BS2DCE notify: TR;2;11508;f;0;ff;ff;1881,2091,2327,1817,1817,2424,2356,1923;1881,2091,2327,1817,1817,2424,2356,1923;100,100,100,100,100,100,100,100;OOOOOOOO
[RECV] BSDC91 notify: TS;1;11861;f;1530;2338;1941;807;1186;ABCDEFGH;5;10;M;0;S;57;0;full;98
[RECV] BSDC91 notify: TR;2;11861;f;0;ff;ff;2722,2023,1991,2393,2173,2057,1622,2174;2722,2023,1991,2393,2173,2057,1622,2174;100,100,100,96,100,100,100,93;OOOOOOOO
[RECV] BS2DCE notify: TS;1;11509;f;895;2217;-393;858;1247;ABCDEFGH;0;10;M;0;S;57;0;full;100
[RECV] BS2DCE notify: TR;2;11509;f;0;ff;ff;1922,2144,2241,1752,1857,2447,2386,1899;1922,2144,2241,1752,1857,2447,2386,1899;100,100,100,100,100,100,100,100;OOOOOOOO
[RECV] BSDC91 notify: TS;1;11862;f;1518;2350;1961;832;1195;ABCDEFGH;5;10;M;0;S;99;0;full;98
[RECV] BSDC91 notify: TR;2;11862;f;0;ff;ff;2693,2039,1953,2349,2158,2060,1601,2161;2693,2039,1953,2349,2158,2060,1601,2161;100,100,100,96,100,100,100,93;OOOOOOOO
[RECV] BS2DCE notify: TS;1;11510;f;878;2206;-344;830;1250;ABCDEFGH;0;10;M;0;S;99;0;full;100
[RECV] BS2DCE notify: TR;2;11510;f;0;ff;ff;1918,2168,2262,1806,1812,2491,2382,1921;1918,2168,2262,1806,1812,2491,2382,1921;100,100,100,100,100,100,100,100;OOOOOOOO
[RECV] BS2DCE notify: TDIAG;wait_ms=75;tx_us=610;rx_us=183;coll_us=8270;range_us=549;solve_us=11901;out_us=2197;clean_us=30;total_ms=100
[RECV] BSDC91 notify: TS;1;11863;f;1585;2324;1966;835;1302;ABCDEFGH;5;10;M;0;S;101;0;full;98
[RECV] BSDC91 notify: TR;2;11863;f;0;ff;ff;2818,1895,1960,2432,2196,1991,1665,2132;2818,1895,1960,2432,2196,1991,1665,2132;100,100,100,96,100,100,100,93;OOOOOOOO
[RECV] BS2DCE notify: TS;1;11511;f;878;2254;-435;894;1338;ABCDEFGH;0;10;M;0;S;101;0;full;100
[RECV] BS2DCE notify: TR;2;11511;f;0;ff;ff;1907,2187,2150,1735,1815,2549,2319,1866;1907,2187,2150,1735,1815,2549,2319,1866;100,100,100,100,100,100,100,100;OOOOOOOO
[RECV] BSDC91 notify: TS;1;11864;f;1531;2271;1989;837;1232;ABCDEFGH;5;10;M;0;S;99;0;full;99
[RECV] BSDC91 notify: TR;2;11864;f;0;ff;ff;2644,1958,2023,2481,2120,1940,1681,2178;2644,1958,2023,2481,2120,1940,1681,2178;100,100,100,100,100,100,100,94;OOOOOOOO
[RECV] BS2DCE notify: TS;1;11512;f;909;2281;-444;859;1240;ABCDEFGH;0;10;M;0;S;100;0;full;100
[RECV] BS2DCE notify: TR;2;11512;f;0;ff;ff;1958,2212,2145,1682,1947,2547,2353,1912;1958,2212,2145,1682,1947,2547,2353,1912;100,100,100,100,100,100,100,100;OOOOOOOO
[RECV] BSDC91 notify: TS;1;11865;f;1582;2205;1925;812;1181;ABCDEFGH;5;10;M;0;S;100;0;full;99
[RECV] BSDC91 notify: TR;2;11865;f;0;ff;ff;2662,1906,2053,2414,2080,1787,1764,2448;2662,1906,2053,2414,2080,1787,1764,2448;100,100,100,100,100,100,100,94;OOOOOOOO
[RECV] BS2DCE notify: TS;1;11513;f;874;2291;-388;841;1277;ABCDEFGH;0;10;M;0;S;99;0;full;100
[RECV] BS2DCE notify: TR;2;11513;f;0;ff;ff;2000,2226,2150,1723,1874,2640,2334,1871;2000,2226,2150,1723,1874,2640,2334,1871;100,100,100,100,100,100,100,100;OOOOOOOO
[RECV] BSDC91 notify: TS;1;11866;f;1534;2182;2079;890;1343;ABCDEFGH;5;10;M;0;S;100;0;full;99
[RECV] BSDC91 notify: TR;2;11866;f;0;ff;ff;2702,1842,2131,2483,2014,1714,1801,2199;2702,1842,2131,2483,2014,1714,1801,2199;100,100,100,100,100,100,100,94;OOOOOOOO
[RECV] BS2DCE notify: TS;1;11514;f;874;2310;-444;861;1273;ABCDEFGH;0;10;M;0;S;101;0;full;100
[RECV] BS2DCE notify: TR;2;11514;f;0;ff;ff;2007,2236,2143,1623,1926,2631,2358,1871;2007,2236,2143,1623,1926,2631,2358,1871;100,100,100,100,100,100,100,100;OOOOOOOO
[RECV] BSDC91 notify: TS;1;11867;f;1567;2202;2091;879;1340;ABCDEFGH;5;10;M;0;S;100;0;full;99
[RECV] BSDC91 notify: TR;2;11867;f;0;ff;ff;2919,1856,2097,2527,1969,1704,1836,2183;2919,1856,2097,2527,1969,1704,1836,2183;100,100,100,100,100,100,100,95;OOOOOOOO
[RECV] BS2DCE notify: TS;1;11515;f;865;2328;-366;835;1213;ABCDEFGH;0;10;M;0;S;99;0;full;100
[RECV] BS2DCE notify: TR;2;11515;f;0;ff;ff;2031,2290,2178,1640,1950,2588,2306,1809;2031,2290,2178,1640,1950,2588,2306,1809;100,100,100,100,100,100,100,100;OOOOOOOO
[RECV] BSDC91 notify: TS;1;11868;f;1424;2104;1959;872;1202;ABCDEFG;5;10;M;0;S;98;0;full;100
[RECV] BSDC91 notify: TR;2;11868;f;0;ff;7f;2357,1890,2183,2557,1997,1703,1866,0;2357,1890,2183,2557,1997,1703,1866,2183;100,100,100,100,100,100,100,90;OOOOOOOT
[RECV] BS2DCE notify: TS;1;11516;f;907;2337;-379;845;1234;ABCDEFGH;0;10;M;0;S;100;0;full;100
[RECV] BS2DCE notify: TR;2;11516;f;0;ff;ff;2080,2242,2103,1671,1955,2582,2273,1823;2080,2242,2103,1671,1955,2582,2273,1823;100,100,100,100,100,100,100,100;OOOOOOOO
[RECV] BSDC91 notify: TS;1;11869;f;1497;2087;1980;845;1286;ABCDEFGH;5;10;M;0;S;102;0;full;98
[RECV] BSDC91 notify: TR;2;11869;f;0;ff;ff;2486,1782,2185,2552,1933,1735,1987,2243;2486,1782,2185,2552,1933,1735,1987,2243;100,100,100,100,100,100,100,90;OOOOOOOO
[RECV] BS2DCE notify: TS;1;11517;f;899;2376;-296;803;1203;ABCDEFGH;0;10;M;0;S;101;0;full;100
[RECV] BS2DCE notify: TR;2;11517;f;0;ff;ff;2131,2335,2075,1702,1965,2644,2207,1806;2131,2335,2075,1702,1965,2644,2207,1806;100,100,100,100,100,100,100,100;OOOOOOOO
[RECV] BSDC91 notify: RXG;1;11869;tag=2;mask=0xff;pc=8;guard=1200;spacing=1000;win=8165;pre=1;slot_to_entry_us=0;slot_to_sched_us=0;slot_to_write_done_us=0;slot_to_txcmd_us=274;slot_to_txdone_us=610;txcmd_to_txdone_us=335;txdone_to_rxstart_us=61;txdone_to_rxend_us=183;rxenable
[RECV] BSDC91 notify: CD;1;11869;tag=2;local=0xb102;status=0x00806f02;rxf=0x0776c814;win=8165;pc=8;mask=0xff;resp=8;unexp=0;last_len=20;last_src=0xa107;last_dst=0xb102;last_code=0xe
[RECV] BSDC91 notify: TS;1;11870;f;1480;2040;2029;885;1300;ABCDEFGH;5;10;M;0;S;144;0;full;98
[RECV] BSDC91 notify: TR;2;11870;f;0;ff;ff;2351,1774,2210,2574,1927,1609,2023,2235;2351,1774,2210,2574,1927,1609,2023,2235;100,100,100,100,100,100,100,91;OOOOOOOO
[RECV] BSDC91 notify: TDIAG;wait_ms=75;tx_us=610;rx_us=183;coll_us=8300;range_us=44036;solve_us=11993;out_us=2227;clean_us=30;total_ms=143
[RECV] BS2DCE notify: RXG;1;11517;tag=1;mask=0xff;pc=8;guard=1200;spacing=1000;win=8165;pre=1;slot_to_entry_us=0;slot_to_sched_us=0;slot_to_write_done_us=0;slot_to_txcmd_us=274;slot_to_txdone_us=610;txcmd_to_txdone_us=335;txdone_to_rxstart_us=61;txdone_to_rxend_us=183;rxenable
[RECV] BS2DCE notify: CD;1;11517;tag=1;local=0xb101;status=0x00806f02;rxf=0x07c6c814;win=8165;pc=8;mask=0xff;resp=8;unexp=0;last_len=20;last_src=0xa107;last_dst=0xb101;last_code=0xe
[RECV] BS2DCE notify: TS;1;11518;f;906;2412;1612;763;1097;ABCDEFGH;0;10;M;0;S;143;0;full;100
[RECV] BS2DCE notify: TR;2;11518;f;0;ff;ff;2177,2448,2044,1639,1949,2562,2173,1774;2177,2448,2044,1639,1949,2562,2173,1774;100,100,100,100,100,100,100,100;OOOOOOOO
[RECV] BSDC91 notify: TS;1;11871;f;1443;2010;2063;890;1260;ABCDEFGH;5;10;M;0;S;56;0;full;98
[RECV] BSDC91 notify: TR;2;11871;f;0;ff;ff;2310,1830,2296,2554,1882,1539,2032,2278;2310,1830,2296,2554,1882,1539,2032,2278;100,100,100,100,100,100,100,91;OOOOOOOO
[RECV] BS2DCE notify: TS;1;11519;f;961;2456;1693;755;1072;ABCDEFGH;0;10;M;0;S;57;0;full;100
[RECV] BS2DCE notify: TR;2;11519;f;0;ff;ff;2314,2501,2051,1706,1995,2580,2065,1752;2314,2501,2051,1706,1995,2580,2065,1752;100,100,100,100,100,100,100,100;OOOOOOOO
[RECV] BSDC91 notify: TS;1;11872;f;1472;1924;2017;846;1225;ABCDEFGH;5;10;M;0;S;100;0;full;99
[RECV] BSDC91 notify: TR;2;11872;f;0;ff;ff;2275,1768,2365,2709,1863,1456,2168,2343;2275,1768,2365,2709,1863,1456,2168,2343;100,100,100,100,100,100,100,92;OOOOOOOO
[RECV] BS2DCE notify: TS;1;11520;f;1012;2469;1719;740;1062;ABCDEFGH;0;10;M;0;S;100;0;full;100
[RECV] BS2DCE notify: TR;2;11520;f;0;ff;ff;2390,2587,2000,1746,2036,2459,2078,1790;2390,2587,2000,1746,2036,2459,2078,1790;100,100,100,100,100,100,100,100;OOOOOOOO
[RECV] BS2DCE notify: TDIAG;wait_ms=75;tx_us=732;rx_us=183;coll_us=8239;range_us=549;solve_us=11901;out_us=2380;clean_us=30;total_ms=100
[RECV] BSDC91 notify: TS;1;11873;f;1443;1906;1972;820;1140;ABCDEFGH;5;10;M;0;S;100;0;full;99
[RECV] BSDC91 notify: TR;2;11873;f;0;ff;ff;2184,1822,2380,2695,1858,1454,2216,2396;2184,1822,2380,2695,1858,1454,2216,2396;100,100,100,100,100,100,100,92;OOOOOOOO
[RECV] BS2DCE notify: TS;1;11521;f;894;2523;44;599;945;ABCDEFGH;0;10;M;0;S;100;0;full;100
[RECV] BS2DCE notify: TR;2;11521;f;0;ff;ff;2278,2612,2079,1988,2162,3077,2054,1743;2278,2612,2079,1988,2162,3077,2054,1743;100,100,100,100,100,100,100,100;OOOOOOOO
[RECV] BSDC91 notify: TS;1;11874;f;1404;1885;1828;768;1028;ABCDEFG;5;10;M;0;S;98;0;full;100
[RECV] BSDC91 notify: TR;2;11874;f;0;ff;7f;2188,1842,2365,2753,1779,1559,2272,0;2188,1842,2365,2753,1779,1559,2272,2396;100,100,100,100,100,100,100,88;OOOOOOOT
[RECV] BS2DCE notify: TS;1;11522;f;1000;2457;1697;729;985;ABCDEFGH;0;10;M;0;S;99;0;full;100
[RECV] BS2DCE notify: TR;2;11522;f;0;ff;ff;2233,2561,2033,1859,2124,2559,2012,1720;2233,2561,2033,1859,2124,2559,2012,1720;100,100,100,100,100,100,100,100;OOOOOOOO
[RECV] BSDC91 notify: TS;1;11875;f;1432;1852;1977;830;1210;ABCDEFGH;5;10;M;0;S;102;0;full;98
[RECV] BSDC91 notify: TR;2;11875;f;0;ff;ff;2124,1726,2408,2848,1729,1545,2249,2348;2124,1726,2408,2848,1729,1545,2249,2348;100,100,100,100,100,100,100,89;OOOOOOOO
[RECV] BS2DCE notify: TS;1;11523;f;991;2502;1724;741;1018;ABCDEFGH;0;10;M;0;S;101;0;full;100
[RECV] BS2DCE notify: TR;2;11523;f;0;ff;ff;2292,2663,1991,1768,2146,2516,2004,1701;2292,2663,1991,1768,2146,2516,2004,1701;100,100,100,100,100,100,100,100;OOOOOOOO
[RECV] BSDC91 notify: TS;1;11876;f;1401;1841;1996;863;1212;ABCDEFGH;5;10;M;0;S;100;0;full;98
[RECV] BSDC91 notify: TR;2;11876;f;0;ff;ff;2063,1742,2433,2665,1740,1409,2303,2404;2063,1742,2433,2665,1740,1409,2303,2404;100,100,100,100,100,100,100,89;OOOOOOOO
[RECV] BS2DCE notify: TS;1;11524;f;1019;2472;1687;755;1026;ABCDEFGH;0;10;M;0;S;100;0;full;100
[RECV] BS2DCE notify: TR;2;11524;f;0;ff;ff;2237,2489,2013,1763,2156,2547,1943,1746;2237,2489,2013,1763,2156,2547,1943,1746;100,100,100,100,100,100,100,100;OOOOOOOO
[RECV] BSDC91 notify: TS;1;11877;f;1397;1807;1774;779;1048;ABCDEFGH;5;10;M;0;S;100;0;full;98
[RECV] BSDC91 notify: TR;2;11877;f;0;ff;ff;1899,1740,2407,2581,1763,1453,2378,2682;1899,1740,2407,2581,1763,1453,2378,2682;100,100,100,100,100,100,100,90;OOOOOOOO
[RECV] BS2DCE notify: TS;1;11525;f;974;2477;1783;784;1105;ABCDEFGH;0;10;M;0;S;100;0;full;100
[RECV] BS2DCE notify: TR;2;11525;f;0;ff;ff;2210,2614,2104,1721,2138,2490,1886,1731;2210,2614,2104,1721,2138,2490,1886,1731;100,100,100,100,100,100,100,100;OOOOOOOO
[RECV] BSDC91 notify: TS;1;11878;f;1317;1803;1697;711;1061;ABCDEFGH;5;10;M;0;S;100;0;full;98
[RECV] BSDC91 notify: TR;2;11878;f;0;ff;ff;1902,1711,2502,2676,1764,1681,2513,2439;1902,1711,2502,2676,1764,1681,2513,2439;100,100,100,100,100,100,100,90;OOOOOOOO
[RECV] BS2DCE notify: TS;1;11526;f;1084;2492;1807;768;1046;ABCDEFGH;0;10;M;0;S;100;0;full;100
[RECV] BS2DCE notify: TR;2;11526;f;0;ff;ff;2307,2620,2029,1834,2217,2385,1818,1791;2307,2620,2029,1834,2217,2385,1818,1791;100,100,100,100,100,100,100,100;OOOOOOOO
[RECV] BSDC91 notify: TS;1;11879;f;1154;1814;1694;771;1072;ABCDFGH;5;10;M;0;S;98;0;full;98
[RECV] BSDC91 notify: TR;2;11879;f;0;ff;ef;1791,1782,2482,2566,0,1736,2562,2303;1791,1782,2482,2566,1764,1736,2562,2303;100,100,100,100,96,100,100,90;OOOOTOOO
[RECV] BS2DCE notify: TS;1;11527;f;1164;2462;1891;842;1101;ABCDEFGH;0;10;M;0;S;99;0;full;100
[RECV] BS2DCE notify: TR;2;11527;f;0;ff;ff;2348,2415,1970,1888,2139,2336,1752,1791;2348,2415,1970,1888,2139,2336,1752,1791;100,100,100,100,100,100,100,100;OOOOOOOO
[RECV] BSDC91 notify: RXG;1;11879;tag=2;mask=0xff;pc=8;guard=1200;spacing=1000;win=8165;pre=1;slot_to_entry_us=0;slot_to_sched_us=0;slot_to_write_done_us=0;slot_to_txcmd_us=274;slot_to_txdone_us=671;txcmd_to_txdone_us=396;txdone_to_rxstart_us=61;txdone_to_rxend_us=305;rxenable
[RECV] BSDC91 notify: CD;1;11879;tag=2;local=0xb102;status=0x00806f02;rxf=0x0656c814;win=8165;pc=8;mask=0xff;resp=8;unexp=0;last_len=20;last_src=0xa107;last_dst=0xb102;last_code=0xe
[RECV] BSDC91 notify: TS;1;11880;f;1152;1819;1637;744;1085;ABCDEFGH;5;10;M;0;S;146;0;full;99
[RECV] BSDC91 notify: TR;2;11880;f;0;ff;ff;1704,1740,2510,2471,1678,1828,2610,2304;1704,1740,2510,2471,1678,1828,2610,2304;100,100,100,100,100,100,100,94;OOOOOOOO
[RECV] BS2DCE notify: RXG;1;11527;tag=1;mask=0xff;pc=8;guard=1200;spacing=1000;win=8165;pre=1;slot_to_entry_us=0;slot_to_sched_us=0;slot_to_write_done_us=0;slot_to_txcmd_us=274;slot_to_txdone_us=610;txcmd_to_txdone_us=335;txdone_to_rxstart_us=61;txdone_to_rxend_us=183;rxenable
[RECV] BSDC91 notify: TDIAG;wait_ms=78;tx_us=671;rx_us=305;coll_us=8087;range_us=44067;solve_us=11840;out_us=2227;clean_us=30;total_ms=146
[RECV] BS2DCE notify: CD;1;11527;tag=1;local=0xb101;status=0x00806f02;rxf=0x07b6c814;win=8165;pc=8;mask=0xff;resp=8;unexp=0;last_len=20;last_src=0xa107;last_dst=0xb101;last_code=0xe
[RECV] BS2DCE notify: TS;1;11528;f;1208;2465;1957;872;1113;ABCDEFGH;0;10;M;0;S;144;0;full;100
[RECV] BS2DCE notify: TR;2;11528;f;0;ff;ff;2356,2374,1995,1937,2228,2263,1660,1761;2356,2374,1995,1937,2228,2263,1660,1761;100,100,100,100,100,100,100,100;OOOOOOOO
[RECV] BSDC91 notify: TS;1;11881;f;1045;1875;-201;849;1139;ABCEFGH;5;10;M;0;S;55;0;full;99
[RECV] BSDC91 notify: TR;2;11881;f;0;ff;f7;1685,1762,2545,0,1649,1820,2515,2256;1685,1762,2545,2471,1649,1820,2515,2256;100,100,100,94,100,100,100,94;OOOTOOOO
[RECV] BS2DCE notify: TS;1;11529;f;1272;2472;1964;880;1173;ABCDEFGH;0;10;M;0;S;57;0;full;100
[RECV] BS2DCE notify: TR;2;11529;f;0;ff;ff;2473,2335,1934,1908,2238,2158,1646,1850;2473,2335,1934,1908,2238,2158,1646,1850;100,100,100,100,100,100,100,100;OOOOOOOO
[RECV] BSDC91 notify: TS;1;11882;f;1037;1765;1763;731;1060;ABCDEFGH;5;10;M;0;S;102;0;full;98
[RECV] BSDC91 notify: TR;2;11882;f;0;ff;ff;1642,1916,2817,2556,1590,1871,2583,2257;1642,1916,2817,2556,1590,1871,2583,2257;100,100,100,94,100,100,100,94;OOOOOOOO
[RECV] BS2DCE notify: TS;1;11530;f;1303;2464;1956;857;1151;ABCDEFGH;0;10;M;0;S;100;0;full;100
[RECV] BS2DCE notify: TR;2;11530;f;0;ff;ff;2509,2383,1933,1945,2230,2108,1628,1957;2509,2383,1933,1945,2230,2108,1628,1957;100,100,100,100,100,100,100,100;OOOOOOOO
[RECV] BS2DCE notify: TDIAG;wait_ms=75;tx_us=610;rx_us=213;coll_us=8239;range_us=549;solve_us=12115;out_us=2197;clean_us=30;total_ms=100
[RECV] BSDC91 notify: TS;1;11883;f;1142;1799;-256;714;1164;ABCDEFGH;5;10;M;0;S;99;0;full;98
[RECV] BSDC91 notify: TR;2;11883;f;0;ff;ff;1563,1951,2319,2497,1643,2061,2604,2770;1563,1951,2319,2497,1643,2061,2604,2770;100,100,100,95,100,100,100,95;OOOOOOOO
[RECV] BS2DCE notify: TS;1;11531;f;1318;2435;2036;892;1128;ABCDEFGH;0;10;M;0;S;100;0;full;100
[RECV] BS2DCE notify: TR;2;11531;f;0;ff;ff;2514,2289,1997,2044,2208,2091,1592,1892;2514,2289,1997,2044,2208,2091,1592,1892;100,100,100,100,100,100,100,100;OOOOOOOO
[RECV] BSDC91 notify: TS;1;11884;f;1092;1873;-447;856;1317;ABCDEFGH;5;10;M;0;S;101;0;full;98
[RECV] BSDC91 notify: TR;2;11884;f;0;ff;ff;1526,1917,2159,2339,1644,2075,2623,2489;1526,1917,2159,2339,1644,2075,2623,2489;100,100,100,95,100,100,100,95;OOOOOOOO
[RECV] BS2DCE notify: TS;1;11532;f;1358;2409;1982;862;1119;ABCDEFGH;0;10;M;0;S;100;0;full;100
[RECV] BS2DCE notify: TR;2;11532;f;0;ff;ff;2529,2225,1945,2117,2257,2029,1726,1875;2529,2225,1945,2117,2257,2029,1726,1875;100,100,100,100,100,100,100,100;OOOOOOOO
[RECV] BSDC91 notify: TS;1;11885;f;930;1842;-351;809;1266;ABCDEFGH;5;10;M;0;S;99;0;full;98
[RECV] BSDC91 notify: TR;2;11885;f;0;ff;ff;1503,1949,2566,2140,1556,2141,2679,2400;1503,1949,2566,2140,1556,2141,2679,2400;100,100,100,95,100,100,100,95;OOOOOOOO
[RECV] BS2DCE notify: TS;1;11533;f;1394;2387;2016;882;1154;ABCDEFGH;0;10;M;0;S;99;0;full;100
[RECV] BS2DCE notify: TR;2;11533;f;0;ff;ff;2539,2205,1933,2153,2210,1967,1681,1968;2539,2205,1933,2153,2210,1967,1681,1968;100,100,100,100,100,100,100,100;OOOOOOOO
[RECV] BSDC91 notify: TS;1;11886;f;875;1950;-371;834;1213;ABCDEFGH;5;10;M;0;S;100;0;full;98
[RECV] BSDC91 notify: TR;2;11886;f;0;ff;ff;1641,1999,2551,1923,1680,2151,2728,2135;1641,1999,2551,1923,1680,2151,2728,2135;100,100,100,95,100,100,100,95;OOOOOOOO
[RECV] BS2DCE notify: TS;1;11534;f;1450;2376;2018;865;1186;ABCDEFGH;0;10;M;0;S;100;0;full;100
[RECV] BS2DCE notify: TR;2;11534;f;0;ff;ff;2661,2124,1962,2230,2236,1941,1674,1996;2661,2124,1962,2230,2236,1941,1674,1996;100,100,100,100,100,100,100,100;OOOOOOOO
[RECV] BSDC91 notify: TS;1;11887;f;817;2040;1575;742;1102;ABCDEFGH;5;10;M;0;S;101;0;full;98
[RECV] BSDC91 notify: TR;2;11887;f;0;ff;ff;1745,2011,2768,1862,1822,2322,2421,2012;1745,2011,2768,1862,1822,2322,2421,2012;100,100,100,95,100,100,100,95;OOOOOOOO
[RECV] BS2DCE notify: TS;1;11535;f;1409;2424;1819;754;1131;ABCDEFGH;0;10;M;0;S;101;0;full;100
[RECV] BS2DCE notify: TR;2;11535;f;0;ff;ff;2709,2112,1992,2210,2185,2356,1658,2031;2709,2112,1992,2210,2185,2356,1658,2031;100,100,100,100,100,100,100,100;OOOOOOOO
[RECV] BSDC91 notify: TS;1;11888;f;895;2150;-532;916;1301;ABCDEFGH;5;10;M;0;S;99;0;full;99
[RECV] BSDC91 notify: TR;2;11888;f;0;ff;ff;1758,2073,2250,1740,1843,2418,2522,1961;1758,2073,2250,1740,1843,2418,2522,1961;100,100,100,96,100,100,100,96;OOOOOOOO
[RECV] BS2DCE notify: TS;1;11536;f;1449;2362;1829;752;1141;ABCDEFGH;0;10;M;0;S;99;0;full;100
[RECV] BS2DCE notify: TR;2;11536;f;0;ff;ff;2704,2047,1977,2357,2116,2275,1756,2061;2704,2047,1977,2357,2116,2275,1756,2061;100,100,100,100,100,100,100,100;OOOOOOOO
[RECV] BSDC91 notify: TS;1;11889;f;923;2145;-589;918;1366;ABCDEFGH;5;10;M;0;S;100;0;full;99
[RECV] BSDC91 notify: TR;2;11889;f;0;ff;ff;1711,2120,2234,1657,1820,2515,2461,2187;1711,2120,2234,1657,1820,2515,2461,2187;100,100,100,96,100,100,100,96;OOOOOOOO
[RECV] BS2DCE notify: TS;1;11537;f;1405;2339;1627;649;977;ABCDEFGH;0;10;M;0;S;100;0;full;100
[RECV] BS2DCE notify: TR;2;11537;f;0;ff;ff;2561,2099,2022,2390,2132,2459,1820,2181;2561,2099,2022,2390,2132,2459,1820,2181;100,100,100,100,100,100,100,100;OOOOOOOO
[RECV] BSDC91 notify: RXG;1;11889;tag=2;mask=0xff;pc=8;guard=1200;spacing=1000;win=8165;pre=1;slot_to_entry_us=0;slot_to_sched_us=0;slot_to_write_done_us=0;slot_to_txcmd_us=274;slot_to_txdone_us=610;txcmd_to_txdone_us=335;txdone_to_rxstart_us=61;txdone_to_rxend_us=183;rxenable
[RECV] BSDC91 notify: CD;1;11889;tag=2;local=0xb102;status=0x00806f02;rxf=0x07d6c814;win=8165;pc=8;mask=0xff;resp=8;unexp=0;last_len=20;last_src=0xa107;last_dst=0xb102;last_code=0xe
[RECV] BSDC91 notify: TS;1;11890;f;877;2287;-674;1033;1417;ABCDEFGH;5;10;M;0;S;144;0;full;99
[RECV] BS2DCE notify: RXG;1;11537;tag=1;mask=0xff;pc=8;guard=1200;spacing=1000;win=8165;pre=1;slot_to_entry_us=0;slot_to_sched_us=0;slot_to_write_done_us=0;slot_to_txcmd_us=396;slot_to_txdone_us=732;txcmd_to_txdone_us=335;txdone_to_rxstart_us=91;txdone_to_rxend_us=213;rxenable
[RECV] BSDC91 notify: TR;2;11890;f;0;ff;ff;1707,2159,2101,1582,1912,2627,2302,1780;1707,2159,2101,1582,1912,2627,2302,1780;100,100,100,96,100,100,100,96;OOOOOOOO
[RECV] BSDC91 notify: TDIAG;wait_ms=75;tx_us=610;rx_us=183;coll_us=8300;range_us=44006;solve_us=11993;out_us=2319;clean_us=30;total_ms=143
[RECV] BSDC91 notify: TS;1;11891;f;843;2323;-618;979;1380;ABCDEFGH;5;10;M;0;S;56;0;full;99
[RECV] BS2DCE notify: CD;1;11537;tag=1;local=0xb101;status=0x00806f02;rxf=0x07c6c814;win=8165;pc=8;mask=0xff;resp=8;unexp=0;last_len=20;last_src=0xa107;last_dst=0xb101;last_code=0xe
[RECV] BS2DCE notify: TS;1;11538;f;1503;2222;2136;943;1337;ABCDEFGH;0;10;M;0;S;144;0;full;100
[RECV] BS2DCE notify: TR;2;11538;f;0;ff;ff;2668,1922,2033,2384,2010,1677,1796,2126;2668,1922,2033,2384,2010,1677,1796,2126;100,100,100,100,100,100,100,100;OOOOOOOO
[RECV] BSDC91 notify: TR;2;11891;f;0;ff;ff;1801,2304,2072,1512,1930,2650,2369,1785;1801,2304,2072,1512,1930,2650,2369,1785;100,100,100,96,100,100,100,96;OOOOOOOO
[RECV] BS2DCE notify: TS;1;11539;f;1272;2025;2189;857;1332;ABDEFGH;0;10;M;0;S;55;0;full;100
[RECV] BS2DCE notify: TR;2;11539;f;0;ff;fb;2806,1917,0,2441,1974,1685,1915,2151;2806,1917,2033,2441,1974,1685,1915,2151;100,100,96,100,100,100,100,100;OOTOOOOO
[RECV] BSDC91 notify: TS;1;11892;f;846;2370;-580;1024;1421;ABCDEFGH;5;10;M;0;S;100;0;full;99
[RECV] BSDC91 notify: TR;2;11892;f;0;ff;ff;1901,2267,2083,1429,1962,2499,2217,1625;1901,2267,2083,1429,1962,2499,2217,1625;100,100,100,96,100,100,100,96;OOOOOOOO
[RECV] BS2DCE notify: TS;1;11540;f;1473;2117;2034;891;1271;ABCDEFGH;0;10;M;0;S;102;0;full;99
[RECV] BS2DCE notify: TR;2;11540;f;0;ff;ff;2430,1861,2121,2455,1969,1667,1946,2218;2430,1861,2121,2455,1969,1667,1946,2218;100,100,96,100,100,100,100,100;OOOOOOOO
[RECV] BS2DCE notify: TDIAG;wait_ms=76;tx_us=610;rx_us=213;coll_us=8239;range_us=549;solve_us=11962;out_us=2197;clean_us=61;total_ms=101
[RECV] BSDC91 notify: TS;1;11893;f;847;2423;-356;869;1210;ABCDEFGH;5;10;M;0;S;101;0;full;99
[RECV] BSDC91 notify: TR;2;11893;f;0;ff;ff;2075,2466,2046,1524,2015,2560,2199,1657;2075,2466,2046,1524,2015,2560,2199,1657;100,100,100,96,100,100,100,96;OOOOOOOO
[RECV] BS2DCE notify: TS;1;11541;f;1373;2070;1944;818;1095;ABCDEFGH;0;10;M;0;S;100;0;full;99
[RECV] BS2DCE notify: TR;2;11541;f;0;ff;ff;2271,1984,2229,2452,1871,1749,2057,2284;2271,1984,2229,2452,1871,1749,2057,2284;100,100,96,100,100,100,100,100;OOOOOOOO
[RECV] BSDC91 notify: TS;1;11894;f;930;2489;1616;743;1107;ABCDEFGH;5;10;M;0;S;99;0;full;99
[RECV] BSDC91 notify: TR;2;11894;f;0;ff;ff;2297,2496,2035,1589,2117,2592,2098,1690;2297,2496,2035,1589,2117,2592,2098,1690;100,100,100,96,100,100,100,96;OOOOOOOO
[RECV] BS2DCE notify: TS;1;11542;f;1376;1974;1795;688;982;ABCDEFGH;0;10;M;0;S;100;0;full;99
[RECV] BS2DCE notify: TR;2;11542;f;0;ff;ff;2271,1938,2337,2726,1802,1854,2250,2351;2271,1938,2337,2726,1802,1854,2250,2351;100,100,96,100,100,100,100,100;OOOOOOOO
[RECV] BSDC91 notify: TS;1;11895;f;1030;2487;1513;657;986;ABCDEFGH;5;10;M;0;S;100;0;full;99
[RECV] BSDC91 notify: TR;2;11895;f;0;ff;ff;2409,2511,2018,1697,2127,2638,2022,1953;2409,2511,2018,1697,2127,2638,2022,1953;100,100,100,96,100,100,100,96;OOOOOOOO
[RECV] BS2DCE notify: TS;1;11543;f;1365;1921;1844;733;1083;ABCDEFGH;0;10;M;0;S;99;0;full;99
[RECV] BS2DCE notify: TR;2;11543;f;0;ff;ff;2207,1837,2445,2646,1845,1668,2347,2303;2207,1837,2445,2646,1845,1668,2347,2303;100,100,96,100,100,100,100,100;OOOOOOOO
[RECV] BSDC91 notify: TS;1;11896;f;941;2581;-256;837;1172;ABCDEFGH;5;10;M;0;S;100;0;full;100
[RECV] BS2DCE notify: TS;1;11544;f;1355;1941;1896;795;1130;ABCDEFGH;0;10;M;0;S;101;0;full;100
[RECV] BS2DCE notify: TR;2;11544;f;0;ff;ff;2110,1840,2416,2544,1846,1642,2235,2322;2110,1840,2416,2544,1846,1642,2235,2322;100,100,100,100,100,100,100,100;OOOOOOOO
[RECV] BSDC91 notify: TR;2;11896;f;0;ff;ff;2258,2600,1871,1541,2191,2640,1904,1562;2258,2600,1871,1541,2191,2640,1904,1562;100,100,100,100,100,100,100,100;OOOOOOOO
[RECV] BSDC91 notify: TS;1;11897;f;987;2562;1710;797;1151;ABCDEFGH;5;10;M;0;S;100;0;full;100
[RECV] BSDC91 notify: TR;2;11897;f;0;ff;ff;2300,2579,1929,1580,2208,2573,1859,1649;2300,2579,1929,1580,2208,2573,1859,1649;100,100,100,100,100,100,100,100;OOOOOOOO
[RECV] BS2DCE notify: TS;1;11545;f;1321;1935;1723;729;1090;ABCDEFGH;0;10;M;0;S;99;0;full;100
[RECV] BS2DCE notify: TR;2;11545;f;0;ff;ff;2078,1783,2402,2467,1876,1740,2416,2315;2078,1783,2402,2467,1876,1740,2416,2315;100,100,100,100,100,100,100,100;OOOOOOOO
[RECV] BSDC91 notify: TS;1;11898;f;1021;2566;1822;854;1177;ABCDEFGH;5;10;M;0;S;100;0;full;100
[RECV] BSDC91 notify: TR;2;11898;f;0;ff;ff;2317,2547,1875,1638,2219,2500,1868,1517;2317,2547,1875,1638,2219,2500,1868,1517;100,100,100,100,100,100,100,100;OOOOOOOO
[RECV] BS2DCE notify: TS;1;11546;f;1247;1919;1719;725;1002;ABCDEFGH;0;10;M;0;S;100;0;full;100
[RECV] BS2DCE notify: TR;2;11546;f;0;ff;ff;1934,1891,2369,2544,1811,1800,2486,2257;1934,1891,2369,2544,1811,1800,2486,2257;100,100,100,100,100,100,100,100;OOOOOOOO
[RECV] BSDC91 notify: TS;1;11899;f;1063;2543;1810;823;1145;ABCDEFGH;5;10;M;0;S;100;0;full;100
[RECV] BSDC91 notify: TR;2;11899;f;0;ff;ff;2317,2563,1938,1696,2197,2494,1751,1710;2317,2563,1938,1696,2197,2494,1751,1710;100,100,100,100,100,100,100,100;OOOOOOOO
[RECV] BS2DCE notify: TS;1;11547;f;1232;1889;1716;717;961;ABCDEFGH;0;10;M;0;S;101;0;full;100
[RECV] BS2DCE notify: TR;2;11547;f;0;ff;ff;1873,1923,2380,2615,1787,1783,2528,2272;1873,1923,2380,2615,1787,1783,2528,2272;100,100,100,100,100,100,100,100;OOOOOOOO
[RECV] BSDC91 notify: RXG;1;11899;tag=2;mask=0xff;pc=8;guard=1200;spacing=1000;win=8165;pre=1;slot_to_entry_us=0;slot_to_sched_us=0;slot_to_write_done_us=0;slot_to_txcmd_us=274;slot_to_txdone_us=610;txcmd_to_txdone_us=335;txdone_to_rxstart_us=61;txdone_to_rxend_us=183;rxenable
[RECV] BSDC91 notify: CD;1;11899;tag=2;local=0xb102;status=0x00806f02;rxf=0x07d6c814;win=8165;pc=8;mask=0xff;resp=8;unexp=0;last_len=20;last_src=0xa107;last_dst=0xb102;last_code=0xe
[RECV] BSDC91 notify: TS;1;11900;f;1227;2598;1828;874;1241;ABCDEFGH;5;10;M;0;S;144;0;full;100
[RECV] BSDC91 notify: TR;2;11900;f;0;ff;ff;2452,2485,1657,1718,2260,2383,1629,1753;2452,2485,1657,1718,2260,2383,1629,1753;100,100,100,100,100,100,100,100;OOOOOOOO
[RECV] BSDC91 notify: TDIAG;wait_ms=75;tx_us=610;rx_us=183;coll_us=8300;range_us=44036;solve_us=11901;out_us=2227;clean_us=30;total_ms=143
[RECV] BS2DCE notify: RXG;1;11547;tag=1;mask=0xff;pc=8;guard=1200;spacing=1000;win=8165;pre=1;slot_to_entry_us=0;slot_to_sched_us=0;slot_to_write_done_us=0;slot_to_txcmd_us=274;slot_to_txdone_us=610;txcmd_to_txdone_us=335;txdone_to_rxstart_us=91;txdone_to_rxend_us=213;rxenable
[RECV] BS2DCE notify: CD;1;11547;tag=1;local=0xb101;status=0x00806f02;rxf=0x07c6c814;win=8165;pc=8;mask=0xff;resp=8;unexp=0;last_len=20;last_src=0xa107;last_dst=0xb101;last_code=0xe
[RECV] BS2DCE notify: TS;1;11548;f;1277;1889;1846;766;1102;ABCDEFGH;0;10;M;0;S;143;0;full;100
[RECV] BS2DCE notify: TR;2;11548;f;0;ff;ff;1832,1945,2394,2844,1770,1825,2280,2241;1832,1945,2394,2844,1770,1825,2280,2241;100,100,100,100,100,100,100,100;OOOOOOOO
[RECV] BSDC91 notify: TS;1;11901;f;1190;2522;1962;876;1213;ABCDEFGH;5;10;M;0;S;56;0;full;100
[RECV] BSDC91 notify: TR;2;11901;f;0;ff;ff;2495,2405,2005,1798,2205,2338,1584,1780;2495,2405,2005,1798,2205,2338,1584,1780;100,100,100,100,100,100,100,100;OOOOOOOO
[RECV] BS2DCE notify: TS;1;11549;f;1075;1956;1736;738;1046;ABCDEFGH;0;10;M;0;S;57;0;full;100
[RECV] BS2DCE notify: TR;2;11549;f;0;ff;ff;1782,2076,2437,2431,1691,2048,2406,2181;1782,2076,2437,2431,1691,2048,2406,2181;100,100,100,100,100,100,100,100;OOOOOOOO
[RECV] BSDC91 notify: TS;1;11902;f;1293;2546;2088;954;1233;ABCDEFGH;5;10;M;0;S;100;0;full;100
[RECV] BSDC91 notify: TR;2;11902;f;0;ff;ff;2542,2411,1840,1909,2232,2214,1452,1774;2542,2411,1840,1909,2232,2214,1452,1774;100,100,100,100,100,100,100,100;OOOOOOOO
[RECV] BS2DCE notify: TS;1;11550;f;1002;1962;1771;766;1126;ABCDEFGH;0;10;M;0;S;100;0;full;100
[RECV] BS2DCE notify: TR;2;11550;f;0;ff;ff;1701,2212,2479,2280,1710,1925,2445,2183;1701,2212,2479,2280,1710,1925,2445,2183;100,100,100,100,100,100,100,100;OOOOOOOO
[RECV] BS2DCE notify: TDIAG;wait_ms=75;tx_us=732;rx_us=183;coll_us=8239;range_us=579;solve_us=11871;out_us=2380;clean_us=30;total_ms=100
[RECV] BSDC91 notify: TS;1;11903;f;1352;2525;1957;865;1158;ABCDEFGH;5;10;M;0;S;100;0;full;100
[RECV] BSDC91 notify: TR;2;11903;f;0;ff;ff;2558,2386,1816,1990,2287,2218,1511,1918;2558,2386,1816,1990,2287,2218,1511,1918;100,100,100,100,100,100,100,100;OOOOOOOO
[RECV] BS2DCE notify: TS;1;11551;f;1015;1893;-42;673;946;ABCDEFGH;0;10;M;0;S;100;0;full;100
[RECV] BS2DCE notify: TR;2;11551;f;0;ff;ff;1593,2099,2649,2363,1749,1993,2481,2322;1593,2099,2649,2363,1749,1993,2481,2322;100,100,100,100,100,100,100,100;OOOOOOOO
[RECV] BSDC91 notify: TS;1;11904;f;1389;2519;2020;918;1227;ABCDEFGH;5;10;M;0;S;100;0;full;100
[RECV] BSDC91 notify: TR;2;11904;f;0;ff;ff;2527,2335,1779,2021,2315,2154,1435,1913;2527,2335,1779,2021,2315,2154,1435,1913;100,100,100,100,100,100,100,100;OOOOOOOO
[RECV] BS2DCE notify: TS;1;11552;f;979;1866;1595;661;971;ABCDEFGH;0;10;M;0;S;99;0;full;100
[RECV] BS2DCE notify: TR;2;11552;f;0;ff;ff;1672,2065,2706,2334,1683,2040,2547,2359;1672,2065,2706,2334,1683,2040,2547,2359;100,100,100,100,100,100,100,100;OOOOOOOO
[RECV] BSDC91 notify: TS;1;11905;f;1437;2531;2017;889;1222;ABCDEFGH;5;10;M;0;S;100;0;full;100
[RECV] BSDC91 notify: TR;2;11905;f;0;ff;ff;2703,2329,1756,2068,2346,2087,1496,1917;2703,2329,1756,2068,2346,2087,1496,1917;100,100,100,100,100,100,100,100;OOOOOOOO
[RECV] BS2DCE notify: TS;1;11553;f;986;1854;998;500;697;ABCDEFGH;0;10;M;0;S;101;0;full;100
[RECV] BS2DCE notify: TR;2;11553;f;0;ff;ff;1628,2037,2791,2326,1782,2104,2606,2328;1628,2037,2791,2326,1782,2104,2606,2328;100,100,100,100,100,100,100,100;OOOOOOOO
[RECV] BSDC91 notify: TS;1;11906;f;1455;2487;2063;927;1218;ABCDEFGH;5;10;M;0;S;100;0;full;100
[RECV] BSDC91 notify: TR;2;11906;f;0;ff;ff;2664,2235,1813,2073,2369,1967,1480,1946;2664,2235,1813,2073,2369,1967,1480,1946;100,100,100,100,100,100,100,100;OOOOOOOO
[RECV] BS2DCE notify: TS;1;11554;f;1009;1888;-211;681;1098;ABCDEFGH;0;10;M;0;S;99;0;full;100
[RECV] BS2DCE notify: TR;2;11554;f;0;ff;ff;1683,2046,2537,2175,1692,2189,2605,2580;1683,2046,2537,2175,1692,2189,2605,2580;100,100,100,100,100,100,100,100;OOOOOOOO
[RECV] BSDC91 notify: TS;1;11907;f;1443;2432;2112;967;1318;ABCDEFGH;5;10;M;0;S;100;0;full;100
[RECV] BSDC91 notify: TR;2;11907;f;0;ff;ff;2521,2237,1786,2155,2328,1843,1573,1905;2521,2237,1786,2155,2328,1843,1573,1905;100,100,100,100,100,100,100,100;OOOOOOOO
[RECV] BS2DCE notify: TS;1;11555;f;1032;1942;-332;733;1184;ABCDEFGH;0;10;M;0;S;100;0;full;100
[RECV] BS2DCE notify: TR;2;11555;f;0;ff;ff;1764,1969,2362,2091,1728,2267,2637,2537;1764,1969,2362,2091,1728,2267,2637,2537;100,100,100,100,100,100,100,100;OOOOOOOO
[RECV] BSDC91 notify: TS;1;11908;f;1448;2439;2001;884;1206;ABCDEFGH;5;10;M;0;S;100;0;full;100
[RECV] BSDC91 notify: TR;2;11908;f;0;ff;ff;2552,2244,1817,2171,2315,1990,1578,1988;2552,2244,1817,2171,2315,1990,1578,1988;100,100,100,100,100,100,100,100;OOOOOOOO
[RECV] BS2DCE notify: TS;1;11556;f;961;1996;-339;773;1161;ABCDEFGH;0;10;M;0;S;101;0;full;100
[RECV] BS2DCE notify: TR;2;11556;f;0;ff;ff;1789,2017,2364,2008,1770,2207,2708,2230;1789,2017,2364,2008,1770,2207,2708,2230;100,100,100,100,100,100,100,100;OOOOOOOO
[RECV] BSDC91 notify: TS;1;11909;f;1565;2554;2022;823;1161;ABCDEFGH;5;10;M;0;S;100;0;full;100
[RECV] BSDC91 notify: TR;2;11909;f;0;ff;ff;3343,2246,1810,2249,2274,2036,1552,1971;3343,2246,1810,2249,2274,2036,1552,1971;100,100,100,100,100,100,100,100;OOOOOOOO
[RECV] BS2DCE notify: TS;1;11557;f;902;2017;1540;701;1013;ABCDEFGH;0;10;M;0;S;99;0;full;100
[RECV] BS2DCE notify: TR;2;11557;f;0;ff;ff;1781,2020,2661,1978,1781,2278,2429,2173;1781,2020,2661,1978,1781,2278,2429,2173;100,100,100,100,100,100,100,100;OOOOOOOO
[RECV] BSDC91 notify: RXG;1;11909;tag=2;mask=0xff;pc=8;guard=1200;spacing=1000;win=8165;pre=1;slot_to_entry_us=0;slot_to_sched_us=0;slot_to_write_done_us=0;slot_to_txcmd_us=274;slot_to_txdone_us=671;txcmd_to_txdone_us=396;txdone_to_rxstart_us=61;txdone_to_rxend_us=183;rxenable
[RECV] BSDC91 notify: CD;1;11909;tag=2;local=0xb102;status=0x00806f02;rxf=0x0656c814;win=8165;pc=8;mask=0xff;resp=8;unexp=0;last_len=20;last_src=0xa107;last_dst=0xb102;last_code=0xe
[RECV] BSDC91 notify: TS;1;11910;f;1547;2660;1778;722;1248;ABCDEFGH;5;10;M;0;S;144;0;full;100
[RECV] BSDC91 notify: TR;2;11910;f;0;ff;ff;3596,2109,1852,2254,2272,2630,1524,1898;3596,2109,1852,2254,2272,2630,1524,1898;100,100,100,100,100,100,100,100;OOOOOOOO
[RECV] BS2DCE notify: RXG;1;11557;tag=1;mask=0xff;pc=8;guard=1200;spacing=1000;win=8165;pre=1;slot_to_entry_us=0;slot_to_sched_us=0;slot_to_write_done_us=0;slot_to_txcmd_us=274;slot_to_txdone_us=610;txcmd_to_txdone_us=335;txdone_to_rxstart_us=61;txdone_to_rxend_us=183;rxenable
[RECV] BSDC91 notify: TDIAG;wait_ms=76;tx_us=671;rx_us=183;coll_us=8270;range_us=44067;solve_us=11779;out_us=2227;clean_us=61;total_ms=144
[RECV] BS2DCE notify: CD;1;11557;tag=1;local=0xb101;status=0x00806f02;rxf=0x0776c814;win=8165;pc=8;mask=0xff;resp=8;unexp=0;last_len=20;last_src=0xa107;last_dst=0xb101;last_code=0xe
[RECV] BS2DCE notify: TS;1;11558;f;849;2009;1607;745;1141;ABCDEFGH;0;10;M;0;S;144;0;full;100
[RECV] BS2DCE notify: TR;2;11558;f;0;ff;ff;1787,1950,2825,1908,1754,2299,2404,2082;1787,1950,2825,1908,1754,2299,2404,2082;100,100,100,100,100,100,100,100;OOOOOOOO
[RECV] BSDC91 notify: TS;1;11911;f;2003;2396;2231;892;1219;ABCEFGH;5;10;M;0;S;55;0;full;100
[RECV] BSDC91 notify: TR;2;11911;f;0;ff;f7;3591,2102,1886,0,2223,2024,1557,2059;3591,2102,1886,2254,2223,2024,1557,2059;100,100,100,96,100,100,100,100;OOOTOOOO
[RECV] BS2DCE notify: TS;1;11559;f;943;2112;-381;853;1240;ABCDEFGH;0;10;M;0;S;57;0;full;100
[RECV] BS2DCE notify: TR;2;11559;f;0;ff;ff;1838,2058,2297,1865,1794,2266,2461,2033;1838,2058,2297,1865,1794,2266,2461,2033;100,100,100,100,100,100,100,100;OOOOOOOO
[RECV] BSDC91 notify: TS;1;11912;f;1597;2571;1876;742;1189;ABCDEFGH;5;10;M;0;S;101;0;full;100
[RECV] BSDC91 notify: TR;2;11912;f;0;ff;ff;3535,2137,1881,2322,2219,2317,1544,2045;3535,2137,1881,2322,2219,2317,1544,2045;100,100,100,100,100,100,100,100;OOOOOOOO
[RECV] BS2DCE notify: TS;1;11560;f;903;2155;-336;862;1286;ABCDEFGH;0;10;M;0;S;100;0;full;100
[RECV] BS2DCE notify: TR;2;11560;f;0;ff;ff;1871,2120,2252,1860,1740,2326,2397,1917;1871,2120,2252,1860,1740,2326,2397,1917;100,100,100,100,100,100,100,100;OOOOOOOO
[RECV] BS2DCE notify: TDIAG;wait_ms=75;tx_us=610;rx_us=213;coll_us=8239;range_us=549;solve_us=12084;out_us=2197;clean_us=30;total_ms=100
[RECV] BSDC91 notify: TS;1;11913;f;1561;2386;2020;843;1211;ABCDEFGH;5;10;M;0;S;100;0;full;100
[RECV] BSDC91 notify: TR;2;11913;f;0;ff;ff;2861,2072,1906,2426,2161,2030,1544,2142;2861,2072,1906,2426,2161,2030,1544,2142;100,100,100,100,100,100,100,100;OOOOOOOO
[RECV] BS2DCE notify: TS;1;11561;f;899;2175;-386;846;1221;ABCDEFGH;0;10;M;0;S;99;0;full;100
[RECV] BS2DCE notify: TR;2;11561;f;0;ff;ff;1824,2109,2301,1845,1849,2449,2384,1946;1824,2109,2301,1845,1849,2449,2384,1946;100,100,100,100,100,100,100,100;OOOOOOOO
[RECV] BSDC91 notify: TS;1;11914;f;1485;2354;1997;834;1193;ABCDEFGH;5;10;M;0;S;100;0;full;100
[RECV] BSDC91 notify: TR;2;11914;f;0;ff;ff;2687,2077,1999,2395,2141,2081,1589,2088;2687,2077,1999,2395,2141,2081,1589,2088;100,100,100,100,100,100,100,100;OOOOOOOO
[RECV] BS2DCE notify: TS;1;11562;f;891;2191;-415;842;1269;ABCDEFGH;0;10;M;0;S;101;0;full;100
[RECV] BS2DCE notify: TR;2;11562;f;0;ff;ff;1906,2130,2269,1746,1829,2509,2437,2004;1906,2130,2269,1746,1829,2509,2437,2004;100,100,100,100,100,100,100,100;OOOOOOOO
[RECV] BSDC91 notify: TS;1;11915;f;1551;2335;1988;827;1226;ABCDEFGH;5;10;M;0;S;100;0;full;100
[RECV] BSDC91 notify: TR;2;11915;f;0;ff;ff;2819,2003,1997,2385,2187,1942,1641,2171;2819,2003,1997,2385,2187,1942,1641,2171;100,100,100,100,100,100,100,100;OOOOOOOO
[RECV] BS2DCE notify: TS;1;11563;f;893;2249;-474;911;1319;ABCDEFGH;0;10;M;0;S;100;0;full;100
[RECV] BS2DCE notify: TR;2;11563;f;0;ff;ff;1900,2098,2200,1710,1859,2547,2308,1865;1900,2098,2200,1710,1859,2547,2308,1865;100,100,100,100,100,100,100,100;OOOOOOOO
[RECV] BSDC91 notify: TS;1;11916;f;1527;2264;1979;821;1231;ABCDEFGH;5;10;M;0;S;100;0;full;100
[RECV] BSDC91 notify: TR;2;11916;f;0;ff;ff;2670,1949,2067,2493,2116,1953,1700,2170;2670,1949,2067,2493,2116,1953,1700,2170;100,100,100,100,100,100,100,100;OOOOOOOO
[RECV] BS2DCE notify: TS;1;11564;f;907;2280;-492;909;1338;ABCDEFGH;0;10;M;0;S;99;0;full;100
[RECV] BS2DCE notify: TR;2;11564;f;0;ff;ff;1987,2131,2102,1665,1877,2567,2346,1873;1987,2131,2102,1665,1877,2567,2346,1873;100,100,100,100,100,100,100,100;OOOOOOOO
[RECV] BSDC91 notify: TS;1;11917;f;1527;2219;2053;876;1285;ABCDEFGH;5;10;M;0;S;100;0;full;100
[RECV] BSDC91 notify: TR;2;11917;f;0;ff;ff;2670,1911,2064,2464,2032,1790,1768,2195;2670,1911,2064,2464,2032,1790,1768,2195;100,100,100,100,100,100,100,100;OOOOOOOO
[RECV] BS2DCE notify: TS;1;11565;f;876;2310;-394;841;1247;ABCDEFGH;0;10;M;0;S;101;0;full;100
[RECV] BS2DCE notify: TR;2;11565;f;0;ff;ff;2029,2247,2107,1706,1922,2613,2372,1822;2029,2247,2107,1706,1922,2613,2372,1822;100,100,100,100,100,100,100,100;OOOOOOOO
[RECV] BSDC91 notify: TS;1;11918;f;1544;2190;2040;868;1326;ABCDEFGH;5;10;M;0;S;100;0;full;100
[RECV] BSDC91 notify: TR;2;11918;f;0;ff;ff;2698,1836,2111,2487,2058,1743,1829,2187;2698,1836,2111,2487,2058,1743,1829,2187;100,100,100,100,100,100,100,100;OOOOOOOO
[RECV] BS2DCE notify: TS;1;11566;f;886;2312;-440;868;1287;ABCDEFGH;0;10;M;0;S;99;0;full;100
[RECV] BS2DCE notify: TR;2;11566;f;0;ff;ff;2027,2218,2159,1603,1914,2617,2311,1882;2027,2218,2159,1603,1914,2617,2311,1882;100,100,100,100,100,100,100,100;OOOOOOOO
[RECV] BSDC91 notify: TS;1;11919;f;1574;2206;2019;817;1265;ABCDEFGH;5;10;M;0;S;100;0;full;100
[RECV] BSDC91 notify: TR;2;11919;f;0;ff;ff;3019,1885,2135,2510,2032,1684,1951,2179;3019,1885,2135,2510,2032,1684,1951,2179;100,100,100,100,100,100,100,100;OOOOOOOO
[RECV] BS2DCE notify: TS;1;11567;f;901;2333;-421;876;1257;ABCDEFGH;0;10;M;0;S;101;0;full;100
[RECV] BS2DCE notify: TR;2;11567;f;0;ff;ff;2040,2231,2135,1612,1952,2560,2257,1818;2040,2231,2135,1612,1952,2560,2257,1818;100,100,100,100,100,100,100,100;OOOOOOOO
[RECV] BSDC91 notify: RXG;1;11919;tag=2;mask=0xff;pc=8;guard=1200;spacing=1000;win=8165;pre=1;slot_to_entry_us=0;slot_to_sched_us=0;slot_to_write_done_us=0;slot_to_txcmd_us=274;slot_to_txdone_us=610;txcmd_to_txdone_us=335;txdone_to_rxstart_us=61;txdone_to_rxend_us=183;rxenable
[RECV] BSDC91 notify: CD;1;11919;tag=2;local=0xb102;status=0x00806f02;rxf=0x0796c814;win=8165;pc=8;mask=0xff;resp=8;unexp=0;last_len=20;last_src=0xa107;last_dst=0xb102;last_code=0xe
[RECV] BSDC91 notify: TS;1;11920;f;1507;2097;2076;893;1308;ABCDEFGH;5;10;M;0;S;144;0;full;100
[RECV] BSDC91 notify: TR;2;11920;f;0;ff;ff;2500,1826,2198,2537,1966,1618,1892,2254;2500,1826,2198,2537,1966,1618,1892,2254;100,100,100,100,100,100,100,100;OOOOOOOO
[RECV] BSDC91 notify: TDIAG;wait_ms=76;tx_us=610;rx_us=183;coll_us=8300;range_us=44006;solve_us=11779;out_us=2380;clean_us=30;total_ms=143
[RECV] BS2DCE notify: RXG;1;11567;tag=1;mask=0xff;pc=8;guard=1200;spacing=1000;win=8165;pre=1;slot_to_entry_us=0;slot_to_sched_us=0;slot_to_write_done_us=0;slot_to_txcmd_us=457;slot_to_txdone_us=793;txcmd_to_txdone_us=335;txdone_to_rxstart_us=61;txdone_to_rxend_us=183;rxenable
[RECV] BS2DCE notify: CD;1;11567;tag=1;local=0xb101;status=0x00806f02;rxf=0x0766c814;win=8165;pc=8;mask=0xff;resp=8;unexp=0;last_len=20;last_src=0xa107;last_dst=0xb101;last_code=0xe
[RECV] BS2DCE notify: TS;1;11568;f;937;2365;-363;858;1241;ABCDEFGH;0;10;M;0;S;143;0;full;100
[RECV] BS2DCE notify: TR;2;11568;f;0;ff;ff;2080,2295,2051,1664,1968,2543,2157,1816;2080,2295,2051,1664,1968,2543,2157,1816;100,100,100,100,100,100,100,100;OOOOOOOO
[RECV] BSDC91 notify: TS;1;11921;f;1462;2068;2047;895;1284;ABCDEFGH;5;10;M;0;S;57;0;full;100
[RECV] BSDC91 notify: TR;2;11921;f;0;ff;ff;2335,1827,2204,2522,1943,1633,1962,2228;2335,1827,2204,2522,1943,1633,1962,2228;100,100,100,100,100,100,100,100;OOOOOOOO
[RECV] BS2DCE notify: TS;1;11569;f;929;2422;1574;740;1051;ABCDEFGH;0;10;M;0;S;57;0;full;100
[RECV] BS2DCE notify: TR;2;11569;f;0;ff;ff;2207,2382,2058,1665,2038,2605,2168,1741;2207,2382,2058,1665,2038,2605,2168,1741;100,100,100,100,100,100,100,100;OOOOOOOO
[RECV] BSDC91 notify: TS;1;11922;f;1475;2019;2026;874;1259;ABCDEFGH;5;10;M;0;S;99;0;full;100
[RECV] BSDC91 notify: TR;2;11922;f;0;ff;ff;2305,1801,2295,2544,1954,1555,1980,2333;2305,1801,2295,2544,1954,1555,1980,2333;100,100,100,100,100,100,100,100;OOOOOOOO
[RECV] BS2DCE notify: TS;1;11570;f;924;2474;1601;711;997;ABCDEFGH;0;10;M;0;S;99;0;full;100
[RECV] BS2DCE notify: TR;2;11570;f;0;ff;ff;2315,2528,2042,1697,2019,2709,2121,1738;2315,2528,2042,1697,2019,2709,2121,1738;100,100,100,100,100,100,100,100;OOOOOOOO
[RECV] BS2DCE notify: TDIAG;wait_ms=75;tx_us=610;rx_us=183;coll_us=8270;range_us=549;solve_us=11962;out_us=2227;clean_us=30;total_ms=100
[RECV] BSDC91 notify: TS;1;11923;f;1475;1924;1992;844;1221;ABCDEFGH;5;10;M;0;S;100;0;full;100
[RECV] BSDC91 notify: TR;2;11923;f;0;ff;ff;2233,1754,2351,2682,1900,1451,2186,2355;2233,1754,2351,2682,1900,1451,2186,2355;100,100,100,100,100,100,100,100;OOOOOOOO
[RECV] BS2DCE notify: TS;1;11571;f;996;2486;1626;687;964;ABCDEFGH;0;10;M;0;S;101;0;full;100
[RECV] BS2DCE notify: TR;2;11571;f;0;ff;ff;2406,2569,2025,1769,2061,2634,2061,1807;2406,2569,2025,1769,2061,2634,2061,1807;100,100,100,100,100,100,100,100;OOOOOOOO
[RECV] BSDC91 notify: TS;1;11924;f;1444;1921;1938;808;1129;ABCDEFGH;5;10;M;0;S;100;0;full;100
[RECV] BSDC91 notify: TR;2;11924;f;0;ff;ff;2197,1820,2313,2689,1825,1526,2247,2394;2197,1820,2313,2689,1825,1526,2247,2394;100,100,100,100,100,100,100,100;OOOOOOOO
[RECV] BS2DCE notify: TS;1;11572;f;780;2571;12;636;1025;ABCDEFGH;0;10;M;0;S;99;0;full;100
[RECV] BS2DCE notify: TR;2;11572;f;0;ff;ff;2244,2557,2103,1989,2108,3622,2082,1703;2244,2557,2103,1989,2108,3622,2082,1703;100,100,100,100,100,100,100,100;OOOOOOOO
[RECV] BSDC91 notify: TS;1;11925;f;1436;1843;2026;830;1139;ABCDEFGH;5;10;M;0;S;100;0;full;100
[RECV] BSDC91 notify: TR;2;11925;f;0;ff;ff;2165,1823,2431,2852,1747,1398,2274,2392;2165,1823,2431,2852,1747,1398,2274,2392;100,100,100,100,100,100,100,100;OOOOOOOO
[RECV] BS2DCE notify: TS;1;11573;f;990;2462;1743;761;1033;ABCDEFGH;0;10;M;0;S;100;0;full;100
[RECV] BS2DCE notify: TR;2;11573;f;0;ff;ff;2230,2582,2044,1784,2111,2496,1986,1723;2230,2582,2044,1784,2111,2496,1986,1723;100,100,100,100,100,100,100,100;OOOOOOOO
[RECV] BSDC91 notify: TS;1;11926;f;1406;1866;1985;832;1188;ABCDEFGH;5;10;M;0;S;100;0;full;100
[RECV] BSDC91 notify: TR;2;11926;f;0;ff;ff;2099,1772,2456,2740,1761,1522,2212,2383;2099,1772,2456,2740,1761,1522,2212,2383;100,100,100,100,100,100,100,100;OOOOOOOO
[RECV] BS2DCE notify: TS;1;11574;f;1007;2463;1774;772;1036;ABCDEFGH;0;10;M;0;S;101;0;full;100
[RECV] BS2DCE notify: TR;2;11574;f;0;ff;ff;2224,2609,2029,1807,2132,2439,1974,1715;2224,2609,2029,1807,2132,2439,1974,1715;100,100,100,100,100,100,100,100;OOOOOOOO
[RECV] BSDC91 notify: TS;1;11927;f;1410;1852;1908;836;1223;ABCDEFGH;5;10;M;0;S;100;0;full;100
[RECV] BSDC91 notify: TR;2;11927;f;0;ff;ff;2024,1675,2428,2616,1811,1481,2311,2410;2024,1675,2428,2616,1811,1481,2311,2410;100,100,100,100,100,100,100,100;OOOOOOOO
[RECV] BS2DCE notify: TS;1;11575;f;1025;2480;1740;777;1101;ABCDEFGH;0;10;M;0;S;100;0;full;100
[RECV] BS2DCE notify: TR;2;11575;f;0;ff;ff;2223,2542,2057,1718,2240,2407,1880,1748;2223,2542,2057,1718,2240,2407,1880,1748;100,100,100,100,100,100,100,100;OOOOOOOO
[RECV] BSDC91 notify: TS;1;11928;f;1331;1827;1790;795;1149;ABCDEFGH;5;10;M;0;S;100;0;full;100
[RECV] BSDC91 notify: TR;2;11928;f;0;ff;ff;1874,1690,2421,2595,1718,1628,2414,2427;1874,1690,2421,2595,1718,1628,2414,2427;100,100,100,100,100,100,100,100;OOOOOOOO
[RECV] BS2DCE notify: TS;1;11576;f;1075;2512;1842;826;1114;ABCDEFGH;0;10;M;0;S;100;0;full;100
[RECV] BS2DCE notify: TR;2;11576;f;0;ff;ff;2281,2593,1934,1772,2178,2407,1803,1716;2281,2593,1934,1772,2178,2407,1803,1716;100,100,100,100,100,100,100,100;OOOOOOOO
[RECV] BSDC91 notify: TS;1;11929;f;1254;1810;1734;746;1081;ABCDEFGH;5;10;M;0;S;100;0;full;100
[RECV] BSDC91 notify: TR;2;11929;f;0;ff;ff;1839,1747,2522,2575,1728,1671,2546,2372;1839,1747,2522,2575,1728,1671,2546,2372;100,100,100,100,100,100,100,100;OOOOOOOO
[RECV] BS2DCE notify: TS;1;11577;f;1099;2477;1814;772;1097;ABCDEFGH;0;10;M;0;S;100;0;full;100
[RECV] BS2DCE notify: TR;2;11577;f;0;ff;ff;2368,2576,2043,1804,2187,2319,1851,1831;2368,2576,2043,1804,2187,2319,1851,1831;100,100,100,100,100,100,100,100;OOOOOOOO
[RECV] BSDC91 notify: RXG;1;11929;tag=2;mask=0xff;pc=8;guard=1200;spacing=1000;win=8165;pre=1;slot_to_entry_us=0;slot_to_sched_us=0;slot_to_write_done_us=0;slot_to_txcmd_us=274;slot_to_txdone_us=610;txcmd_to_txdone_us=335;txdone_to_rxstart_us=61;txdone_to_rxend_us=183;rxenable
[RECV] BS2DCE notify: RXG;1;11577;tag=1;mask=0xff;pc=8;guard=1200;spacing=1000;win=8165;pre=1;slot_to_entry_us=0;slot_to_sched_us=0;slot_to_write_done_us=0;slot_to_txcmd_us=274;slot_to_txdone_us=610;txcmd_to_txdone_us=335;txdone_to_rxstart_us=91;txdone_to_rxend_us=213;rxenable
[RECV] BSDC91 notify: CD;1;11929;tag=2;local=0xb102;status=0x00806f02;rxf=0x0786c814;win=8165;pc=8;mask=0xff;resp=8;unexp=0;last_len=20;last_src=0xa107;last_dst=0xb102;last_code=0xe
[RECV] BSDC91 notify: TS;1;11930;f;1173;1823;1669;730;1030;ABCDEFGH;5;10;M;0;S;144;0;full;100
[RECV] BSDC91 notify: TR;2;11930;f;0;ff;ff;1755,1806,2482,2543,1680,1808,2619,2313;1755,1806,2482,2543,1680,1808,2619,2313;100,100,100,100,100,100,100,100;OOOOOOOO
[RECV] BS2DCE notify: CD;1;11577;tag=1;local=0xb101;status=0x00806f02;rxf=0x0786c814;win=8165;pc=8;mask=0xff;resp=8;unexp=0;last_len=20;last_src=0xa107;last_dst=0xb101;last_code=0xe
[RECV] BS2DCE notify: TS;1;11578;f;1190;2473;1928;874;1190;ABCDEFGH;0;10;M;0;S;144;0;full;100
[RECV] BS2DCE notify: TR;2;11578;f;0;ff;ff;2397,2397,1947,1828,2139,2266,1700,1828;2397,2397,1947,1828,2139,2266,1700,1828;100,100,100,100,100,100,100,100;OOOOOOOO
[RECV] BSDC91 notify: TDIAG;wait_ms=75;tx_us=610;rx_us=183;coll_us=8300;range_us=44036;solve_us=11871;out_us=2227;clean_us=30;total_ms=143
[RECV] BSDC91 notify: TS;1;11931;f;1263;1761;1773;830;1115;ABCDEGH;5;10;M;0;S;55;0;full;100
[RECV] BSDC91 notify: TR;2;11931;f;0;ff;df;1685,1777,2539,2521,1645,0,2609,2358;1685,1777,2539,2521,1645,1808,2609,2358;100,100,100,100,100,95,100,100;OOOOOTOO
[RECV] BS2DCE notify: TS;1;11579;f;1211;2469;1971;870;1166;ABCDEFGH;0;10;M;0;S;56;0;full;100
[RECV] BS2DCE notify: TR;2;11579;f;0;ff;ff;2458,2383,2000,1892,2167,2232,1685,1802;2458,2383,2000,1892,2167,2232,1685,1802;100,100,100,100,100,100,100,100;OOOOOOOO
[RECV] BSDC91 notify: TS;1;11932;f;1067;1838;-207;778;1156;ABCDEFGH;5;10;M;0;S;101;0;full;99
[RECV] BSDC91 notify: TR;2;11932;f;0;ff;ff;1577,1789,2488,2486,1618,1982,2529,2325;1577,1789,2488,2486,1618,1982,2529,2325;100,100,100,100,100,95,100,100;OOOOOOOO
[RECV] BS2DCE notify: TS;1;11580;f;1289;2439;1906;826;1123;ABCDEFGH;0;10;M;0;S;100;0;full;100
[RECV] BS2DCE notify: TR;2;11580;f;0;ff;ff;2475,2400,1957,1950,2179,2125,1676,2033;2475,2400,1957,1950,2179,2125,1676,2033;100,100,100,100,100,100,100,100;OOOOOOOO
[RECV] BS2DCE notify: TDIAG;wait_ms=75;tx_us=701;rx_us=213;coll_us=8209;range_us=579;solve_us=11901;out_us=2349;clean_us=30;total_ms=100
[RECV] BSDC91 notify: TS;1;11933;f;1066;1848;-225;763;1199;ABCDEFGH;5;10;M;0;S;100;0;full;99
[RECV] BSDC91 notify: TR;2;11933;f;0;ff;ff;1594,1916,2360,2468,1593,2021,2575,2423;1594,1916,2360,2468,1593,2021,2575,2423;100,100,100,100,100,95,100,100;OOOOOOOO
[RECV] BS2DCE notify: TS;1;11581;f;1348;2438;1890;809;1073;ABCDEFGH;0;10;M;0;S;100;0;full;100
[RECV] BS2DCE notify: TR;2;11581;f;0;ff;ff;2535,2296,1971,2021,2281,2115,1651,2019;2535,2296,1971,2021,2281,2115,1651,2019;100,100,100,100,100,100,100,100;OOOOOOOO
[RECV] BSDC91 notify: TS;1;11934;f;1029;1829;-354;812;1284;ABCDEFGH;5;10;M;0;S;100;0;full;99
[RECV] BSDC91 notify: TR;2;11934;f;0;ff;ff;1452,1924,2377,2383,1564,2113,2567,2526;1452,1924,2377,2383,1564,2113,2567,2526;100,100,100,100,100,95,100,100;OOOOOOOO
[RECV] BS2DCE notify: TS;1;11582;f;1368;2444;2012;864;1132;ABCDEFGH;0;10;M;0;S;100;0;full;100
[RECV] BS2DCE notify: TR;2;11582;f;0;ff;ff;2618,2252,1973,2106,2241,2100,1594,1910;2618,2252,1973,2106,2241,2100,1594,1910;100,100,100,100,100,100,100,100;OOOOOOOO
[RECV] BSDC91 notify: TS;1;11935;f;993;1807;-361;793;1193;ABCDEFGH;5;10;M;0;S;100;0;full;99
[RECV] BSDC91 notify: TR;2;11935;f;0;ff;ff;1467,1837,2585,2263,1633,2094,2672,2480;1467,1837,2585,2263,1633,2094,2672,2480;100,100,100,100,100,95,100,100;OOOOOOOO
[RECV] BS2DCE notify: TS;1;11583;f;1351;2383;1981;858;1118;ABCDEFGH;0;10;M;0;S;100;0;full;100
[RECV] BS2DCE notify: TR;2;11583;f;0;ff;ff;2510,2213,1965,2152,2169,2058,1738,1921;2510,2213,1965,2152,2169,2058,1738,1921;100,100,100,100,100,100,100,100;OOOOOOOO
[RECV] BSDC91 notify: TS;1;11936;f;916;1920;-374;811;1188;ABCDEFGH;5;10;M;0;S;100;0;full;99
[RECV] BSDC91 notify: TR;2;11936;f;0;ff;ff;1581,1953,2537,2057,1698,2172,2698,2241;1581,1953,2537,2057,1698,2172,2698,2241;100,100,100,100,100,96,100,100;OOOOOOOO
[RECV] BS2DCE notify: TS;1;11584;f;1419;2377;2081;936;1269;ABCDEFGH;0;10;M;0;S;100;0;full;100
[RECV] BS2DCE notify: TR;2;11584;f;0;ff;ff;2594,2091,1934,2147,2225,1890,1683,1901;2594,2091,1934,2147,2225,1890,1683,1901;100,100,100,100,100,100,100,100;OOOOOOOO
[RECV] BSDC91 notify: TS;1;11937;f;902;2017;-439;902;1305;ABCDEFGH;5;10;M;0;S;100;0;full;99
[RECV] BSDC91 notify: TR;2;11937;f;0;ff;ff;1690,1962,2456,1840,1687,2170,2555,2087;1690,1962,2456,1840,1687,2170,2555,2087;100,100,100,100,100,96,100,100;OOOOOOOO
[RECV] BS2DCE notify: TS;1;11585;f;1467;2357;2086;908;1244;ABCDEFGH;0;10;M;0;S;99;0;full;100
[RECV] BS2DCE notify: TR;2;11585;f;0;ff;ff;2712,2089,1975,2223,2221,1812,1684,1998;2712,2089,1975,2223,2221,1812,1684,1998;100,100,100,100,100,100,100,100;OOOOOOOO
[RECV] BSDC91 notify: TS;1;11938;f;828;2102;-453;889;1273;ABCDEFGH;5;10;M;0;S;100;0;full;99
[RECV] BSDC91 notify: TR;2;11938;f;0;ff;ff;1646,2075,2432,1832,1768,2431,2493,1950;1646,2075,2432,1832,1768,2431,2493,1950;100,100,100,100,100,96,100,100;OOOOOOOO
[RECV] BS2DCE notify: TS;1;11586;f;1419;2421;1808;744;1081;ABCDEFGH;0;10;M;0;S;101;0;full;100
[RECV] BS2DCE notify: TR;2;11586;f;0;ff;ff;2722,2150,1913,2281,2127,2368,1724,2027;2722,2150,1913,2281,2127,2368,1724,2027;100,100,100,100,100,100,100,100;OOOOOOOO
[RECV] BSDC91 notify: TS;1;11939;f;852;2159;-599;959;1389;ABCDEFGH;5;10;M;0;S;100;0;full;99
[RECV] BSDC91 notify: TR;2;11939;f;0;ff;ff;1680,2106,2222,1702,1794,2499,2532,1945;1680,2106,2222,1702,1794,2499,2532,1945;100,100,100,100,100,96,100,100;OOOOOOOO
[RECV] BS2DCE notify: TS;1;11587;f;1448;2351;1772;751;1141;ABCDEFGH;0;10;M;0;S;99;0;full;100
[RECV] BS2DCE notify: TR;2;11587;f;0;ff;ff;2607,2007,1956,2345,2103,2353,1732,2114;2607,2007,1956,2345,2103,2353,1732,2114;100,100,100,100,100,100,100,100;OOOOOOOO
[RECV] BSDC91 notify: RXG;1;11939;tag=2;mask=0xff;pc=8;guard=1200;spacing=1000;win=8165;pre=1;slot_to_entry_us=0;slot_to_sched_us=0;slot_to_write_done_us=0;slot_to_txcmd_us=274;slot_to_txdone_us=610;txcmd_to_txdone_us=335;txdone_to_rxstart_us=122;txdone_to_rxend_us=244;rxenabl
[RECV] BSDC91 notify: CD;1;11939;tag=2;local=0xb102;status=0x00806f02;rxf=0x07b6c814;win=8165;pc=8;mask=0xff;resp=8;unexp=0;last_len=20;last_src=0xa107;last_dst=0xb102;last_code=0xe
[RECV] BSDC91 notify: TS;1;11940;f;854;2241;-647;992;1407;ABCDEFGH;5;10;M;0;S;144;0;full;99
[RECV] BSDC91 notify: TR;2;11940;f;0;ff;ff;1734,2130,2137,1614,1866,2603,2450,1853;1734,2130,2137,1614,1866,2603,2450,1853;100,100,100,100,100,96,100,100;OOOOOOOO
[RECV] BS2DCE notify: RXG;1;11587;tag=1;mask=0xff;pc=8;guard=1200;spacing=1000;win=8165;pre=1;slot_to_entry_us=0;slot_to_sched_us=0;slot_to_write_done_us=0;slot_to_txcmd_us=274;slot_to_txdone_us=610;txcmd_to_txdone_us=335;txdone_to_rxstart_us=61;txdone_to_rxend_us=213;rxenable
[RECV] BSDC91 notify: TDIAG;wait_ms=75;tx_us=610;rx_us=244;coll_us=8331;range_us=44128;solve_us=11810;out_us=2258;clean_us=30;total_ms=144
[RECV] BS2DCE notify: CD;1;11587;tag=1;local=0xb101;status=0x00806f02;rxf=0x07b6c814;win=8165;pc=8;mask=0xff;resp=8;unexp=0;last_len=20;last_src=0xa107;last_dst=0xb101;last_code=0xe
[RECV] BS2DCE notify: TS;1;11588;f;1436;2321;1780;760;1169;ABCDEFGH;0;10;M;0;S;144;0;full;100
[RECV] BS2DCE notify: TR;2;11588;f;0;ff;ff;2594,1966,1989,2336,2047,2327,1775,2126;2594,1966,1989,2336,2047,2327,1775,2126;100,100,100,100,100,100,100,100;OOOOOOOO
[RECV] BSDC91 notify: TS;1;11941;f;850;2365;-888;1205;1634;ABCDEFGH;5;10;M;0;S;57;0;full;99
[RECV] BSDC91 notify: TR;2;11941;f;0;ff;ff;1757,2248,2106,1062,1887,2563,2320,1747;1757,2248,2106,1062,1887,2563,2320,1747;100,100,100,100,100,96,100,100;OOOOOOOO
[RECV] BS2DCE notify: TS;1;11589;f;1491;2225;1855;790;1239;ABCDEFGH;0;10;M;0;S;57;0;full;100
[RECV] BS2DCE notify: TR;2;11589;f;0;ff;ff;2624,1850,2064,2375,2036,2007,1904,2196;2624,1850,2064,2375,2036,2007,1904,2196;100,100,100,100,100,100,100,100;OOOOOOOO
[RECV] BSDC91 notify: TS;1;11942;f;851;2353;-597;986;1349;ABCDEFGH;5;10;M;0;S;99;0;full;99
[RECV] BSDC91 notify: TR;2;11942;f;0;ff;ff;1844,2297,2056,1514,1975,2588,2301,1721;1844,2297,2056,1514,1975,2588,2301,1721;100,100,100,100,100,96,100,100;OOOOOOOO
[RECV] BS2DCE notify: TS;1;11590;f;1484;2146;2052;887;1233;ABCDEFGH;0;10;M;0;S;99;0;full;100
[RECV] BS2DCE notify: TR;2;11590;f;0;ff;ff;2514,1926,2078,2461,1949,1668,1937,2218;2514,1926,2078,2461,1949,1668,1937,2218;100,100,100,100,100,100,100,100;OOOOOOOO
[RECV] BS2DCE notify: TDIAG;wait_ms=75;tx_us=610;rx_us=183;coll_us=8270;range_us=549;solve_us=12054;out_us=2197;clean_us=30;total_ms=100
[RECV] BSDC91 notify: TS;1;11943;f;868;2430;-521;959;1342;ABCDEFGH;5;10;M;0;S;100;0;full;99
[RECV] BSDC91 notify: TR;2;11943;f;0;ff;ff;2006,2340,2007,1471,2063,2574,2191,1634;2006,2340,2007,1471,2063,2574,2191,1634;100,100,100,100,100,96,100,100;OOOOOOOO
[RECV] BS2DCE notify: TS;1;11591;f;1424;2088;1943;817;1155;ABCDEFGH;0;10;M;0;S;101;0;full;100
[RECV] BS2DCE notify: TR;2;11591;f;0;ff;ff;2364,1916,2183,2502,1913,1755,2070,2229;2364,1916,2183,2502,1913,1755,2070,2229;100,100,100,100,100,100,100,100;OOOOOOOO
[RECV] BSDC91 notify: TS;1;11944;f;841;2479;-357;871;1246;ABCDEFGH;5;10;M;0;S;100;0;full;100
[RECV] BSDC91 notify: TR;2;11944;f;0;ff;ff;2161,2492,1975,1484,2022,2666,2140,1632;2161,2492,1975,1484,2022,2666,2140,1632;100,100,100,100,100,100,100,100;OOOOOOOO
[RECV] BS2DCE notify: TS;1;11592;f;1388;2030;1832;747;1081;ABCDEFGH;0;10;M;0;S;100;0;full;100
[RECV] BS2DCE notify: TR;2;11592;f;0;ff;ff;2268,1895,2275,2559,1869,1836,2169,2302;2268,1895,2275,2559,1869,1836,2169,2302;100,100,100,100,100,100,100,100;OOOOOOOO
[RECV] BSDC91 notify: TS;1;11945;f;993;2470;1740;768;1030;ABCDEFGH;5;10;M;0;S;100;0;full;100
[RECV] BSDC91 notify: TR;2;11945;f;0;ff;ff;2293,2480,2043,1781,2098,2567,2008,1649;2293,2480,2043,1781,2098,2567,2008,1649;100,100,100,100,100,100,100,100;OOOOOOOO
[RECV] BS2DCE notify: TS;1;11593;f;1375;1954;1845;719;1066;ABCDEFGH;0;10;M;0;S;99;0;full;100
[RECV] BS2DCE notify: TR;2;11593;f;0;ff;ff;2240,1872,2447,2691,1828,1783,2212,2328;2240,1872,2447,2691,1828,1783,2212,2328;100,100,100,100,100,100,100,100;OOOOOOOO
[RECV] BSDC91 notify: TS;1;11946;f;947;2534;1712;780;1092;ABCDEFGH;5;10;M;0;S;100;0;full;100
[RECV] BSDC91 notify: TR;2;11946;f;0;ff;ff;2276,2591,1973,1640,2160,2603,1979,1595;2276,2591,1973,1640,2160,2603,1979,1595;100,100,100,100,100,100,100,100;OOOOOOOO
[RECV] BS2DCE notify: TS;1;11594;f;1339;1917;1824;725;1015;ABCDEFGH;0;10;M;0;S;100;0;full;100
[RECV] BS2DCE notify: TR;2;11594;f;0;ff;ff;2171,1900,2437,2578,1823,1626,2413,2349;2171,1900,2437,2578,1823,1626,2413,2349;100,100,100,100,100,100,100,100;OOOOOOOO
[RECV] BSDC91 notify: TS;1;11947;f;958;2553;1755;829;1197;ABCDEFGH;5;10;M;0;S;100;0;full;100
[RECV] BSDC91 notify: TR;2;11947;f;0;ff;ff;2243,2621,1930,1555,2178,2525,1878,1614;2243,2621,1930,1555,2178,2525,1878,1614;100,100,100,100,100,100,100,100;OOOOOOOO
[RECV] BS2DCE notify: TS;1;11595;f;1351;1949;1744;734;1049;ABCDEFGH;0;10;M;0;S;100;0;full;100
[RECV] BS2DCE notify: TR;2;11595;f;0;ff;ff;2096,1834,2333,2491,1899,1684,2394,2344;2096,1834,2333,2491,1899,1684,2394,2344;100,100,100,100,100,100,100,100;OOOOOOOO
[RECV] BSDC91 notify: TS;1;11948;f;980;2572;1788;833;1126;ABCDEFGH;5;10;M;0;S;100;0;full;100
[RECV] BSDC91 notify: TR;2;11948;f;0;ff;ff;2239,2649,1892,1645,2213,2566,1807,1563;2239,2649,1892,1645,2213,2566,1807,1563;100,100,100,100,100,100,100,100;OOOOOOOO
[RECV] BS2DCE notify: TS;1;11596;f;1236;1927;1759;742;999;ABCDEFGH;0;10;M;0;S;101;0;full;100
[RECV] BS2DCE notify: TR;2;11596;f;0;ff;ff;1942,1928,2404,2465,1813,1743,2446,2282;1942,1928,2404,2465,1813,1743,2446,2282;100,100,100,100,100,100,100,100;OOOOOOOO
[RECV] BSDC91 notify: TS;1;11949;f;1100;2576;1844;845;1170;ABCDEFGH;5;10;M;0;S;100;0;full;100
[RECV] BSDC91 notify: TR;2;11949;f;0;ff;ff;2371,2523,1903,1689,2282,2477,1685,1646;2371,2523,1903,1689,2282,2477,1685,1646;100,100,100,100,100,100,100,100;OOOOOOOO
[RECV] BS2DCE notify: TS;1;11597;f;1244;1917;1719;734;1005;ABCDEFGH;0;10;M;0;S;100;0;full;100
[RECV] BS2DCE notify: TR;2;11597;f;0;ff;ff;1869,1888,2354,2591,1832,1822,2458,2225;1869,1888,2354,2591,1832,1822,2458,2225;100,100,100,100,100,100,100,100;OOOOOOOO
[RECV] BSDC91 notify: RXG;1;11949;tag=2;mask=0xff;pc=8;guard=1200;spacing=1000;win=8165;pre=1;slot_to_entry_us=0;slot_to_sched_us=0;slot_to_write_done_us=0;slot_to_txcmd_us=274;slot_to_txdone_us=610;txcmd_to_txdone_us=335;txdone_to_rxstart_us=61;txdone_to_rxend_us=183;rxenable
[RECV] BSDC91 notify: CD;1;11949;tag=2;local=0xb102;status=0x00806f02;rxf=0x0786c814;win=8165;pc=8;mask=0xff;resp=8;unexp=0;last_len=20;last_src=0xa107;last_dst=0xb102;last_code=0xe
[RECV] BSDC91 notify: TS;1;11950;f;1218;2591;1834;875;1265;ABCDEFGH;5;10;M;0;S;144;0;full;100
[RECV] BSDC91 notify: TR;2;11950;f;0;ff;ff;2440,2490,1645,1753,2205,2430,1648,1737;2440,2490,1645,1753,2205,2430,1648,1737;100,100,100,100,100,100,100,100;OOOOOOOO
[RECV] BSDC91 notify: TDIAG;wait_ms=75;tx_us=610;rx_us=183;coll_us=8300;range_us=44036;solve_us=11779;out_us=2410;clean_us=30;total_ms=143
[RECV] BS2DCE notify: RXG;1;11597;tag=1;mask=0xff;pc=8;guard=1200;spacing=1000;win=8165;pre=1;slot_to_entry_us=0;slot_to_sched_us=0;slot_to_write_done_us=0;slot_to_txcmd_us=335;slot_to_txdone_us=701;txcmd_to_txdone_us=366;txdone_to_rxstart_us=91;txdone_to_rxend_us=213;rxenable
[RECV] BSDC91 notify: TS;1;11951;f;1204;2549;1969;881;1187;ABCDEFGH;5;10;M;0;S;57;0;full;100
[RECV] BSDC91 notify: TR;2;11951;f;0;ff;ff;2494,2451,1926,1819,2234,2348,1570,1742;2494,2451,1926,1819,2234,2348,1570,1742;100,100,100,100,100,100,100,100;OOOOOOOO
[RECV] BS2DCE notify: CD;1;11597;tag=1;local=0xb101;status=0x00806f02;rxf=0x0756c814;win=8165;pc=8;mask=0xff;resp=8;unexp=0;last_len=20;last_src=0xa107;last_dst=0xb101;last_code=0xe
[RECV] BS2DCE notify: TS;1;11598;f;1242;1873;1834;760;1084;ABCDEFGH;0;10;M;0;S;143;0;full;100
[RECV] BS2DCE notify: TR;2;11598;f;0;ff;ff;1817,1965,2403,2796,1723,1806,2374,2244;1817,1965,2403,2796,1723,1806,2374,2244;100,100,100,100,100,100,100,100;OOOOOOOO
[RECV] BS2DCE notify: TS;1;11599;f;1087;1941;1812;762;1056;ABCDEFGH;0;10;M;0;S;57;0;full;100
[RECV] BS2DCE notify: TR;2;11599;f;0;ff;ff;1813,2081,2490,2426,1701,1916,2429,2154;1813,2081,2490,2426,1701,1916,2429,2154;100,100,100,100,100,100,100,100;OOOOOOOO
[RECV] BSDC91 notify: TS;1;11952;f;1326;2536;2064;942;1226;ABCDEFGH;5;10;M;0;S;99;0;full;100
[RECV] BSDC91 notify: TR;2;11952;f;0;ff;ff;2530,2384,1824,1945,2262,2192,1436,1832;2530,2384,1824,1945,2262,2192,1436,1832;100,100,100,100,100,100,100,100;OOOOOOOO
[RECV] BS2DCE notify: TS;1;11600;f;1011;1924;1707;742;1121;ABCDEFGH;0;10;M;0;S;99;0;full;100
[RECV] BS2DCE notify: TR;2;11600;f;0;ff;ff;1643,2153,2506,2343,1698,1936,2436,2262;1643,2153,2506,2343,1698,1936,2436,2262;100,100,100,100,100,100,100,100;OOOOOOOO
[RECV] BS2DCE notify: TDIAG;wait_ms=75;tx_us=610;rx_us=213;coll_us=8239;range_us=549;solve_us=11993;out_us=2227;clean_us=30;total_ms=100
[RECV] BSDC91 notify: TS;1;11953;f;1348;2538;1945;864;1160;ABCDEFGH;5;10;M;0;S;100;0;full;100
[RECV] BSDC91 notify: TR;2;11953;f;0;ff;ff;2554,2403,1800,1965,2298,2238,1497,1920;2554,2403,1800,1965,2298,2238,1497,1920;100,100,100,100,100,100,100,100;OOOOOOOO
[RECV] BS2DCE notify: TS;1;11601;f;977;1877;1636;673;983;ABCDEFGH;0;10;M;0;S;100;0;full;100
[RECV] BS2DCE notify: TR;2;11601;f;0;ff;ff;1692,2053,2752,2337,1708,2044,2511,2289;1692,2053,2752,2337,1708,2044,2511,2289;100,100,100,100,100,100,100,100;OOOOOOOO
[RECV] BSDC91 notify: TS;1;11954;f;1434;2510;2010;895;1209;ABCDEFGH;5;10;M;0;S;100;0;full;100
[RECV] BSDC91 notify: TR;2;11954;f;0;ff;ff;2644,2320,1779,2042,2334,2057,1480,1983;2644,2320,1779,2042,2334,2057,1480,1983;100,100,100,100,100,100,100,100;OOOOOOOO
[RECV] BS2DCE notify: TS;1;11602;f;948;1846;1589;658;1008;ABCDEFGH;0;10;M;0;S;100;0;full;100
[RECV] BS2DCE notify: TR;2;11602;f;0;ff;ff;1606,2065,2783,2349,1714,2034,2570,2326;1606,2065,2783,2349,1714,2034,2570,2326;100,100,100,100,100,100,100,100;OOOOOOOO
[RECV] BSDC91 notify: TS;1;11955;f;1451;2493;2041;916;1228;ABCDEFGH;5;10;M;0;S;100;0;full;100
[RECV] BSDC91 notify: TR;2;11955;f;0;ff;ff;2657,2234,1786,2088,2338,2033,1496,1931;2657,2234,1786,2088,2338,2033,1496,1931;100,100,100,100,100,100,100,100;OOOOOOOO
[RECV] BS2DCE notify: TS;1;11603;f;1014;1899;-149;646;1030;ABCDEFGH;0;10;M;0;S;101;0;full;100
[RECV] BS2DCE notify: TR;2;11603;f;0;ff;ff;1732,2074,2565,2190,1732,2165,2612,2551;1732,2074,2565,2190,1732,2165,2612,2551;100,100,100,100,100,100,100,100;OOOOOOOO
[RECV] BSDC91 notify: TS;1;11956;f;1441;2434;2101;963;1326;ABCDEFGH;5;10;M;0;S;100;0;full;100
[RECV] BSDC91 notify: TR;2;11956;f;0;ff;ff;2533,2252,1770,2133,2315,1835,1600,1915;2533,2252,1770,2133,2315,1835,1600,1915;100,100,100,100,100,100,100,100;OOOOOOOO
[RECV] BS2DCE notify: TS;1;11604;f;1023;1976;-337;786;1160;ABCDEFGH;0;10;M;0;S;99;0;full;100
[RECV] BS2DCE notify: TR;2;11604;f;0;ff;ff;1803,1948,2310,2095,1776,2106,2686,2241;1803,1948,2310,2095,1776,2106,2686,2241;100,100,100,100,100,100,100,100;OOOOOOOO
[RECV] BSDC91 notify: TS;1;11957;f;1520;2470;2132;924;1243;ABCDEFGH;5;10;M;0;S;100;0;full;100
[RECV] BSDC91 notify: TR;2;11957;f;0;ff;ff;2926,2217,1824,2216,2314,1828,1533,1966;2926,2217,1824,2216,2314,1828,1533,1966;100,100,100,100,100,100,100,100;OOOOOOOO
[RECV] BS2DCE notify: TS;1;11605;f;925;2006;1583;717;1019;ABCDEFGH;0;10;M;0;S;101;0;full;100
[RECV] BS2DCE notify: TR;2;11605;f;0;ff;ff;1777,2016,2591,2008,1781,2221,2501,2167;1777,2016,2591,2008,1781,2221,2501,2167;100,100,100,100,100,100,100,100;OOOOOOOO
[RECV] BSDC91 notify: TS;1;11958;f;1623;2557;2075;860;1245;ABCDEFGH;5;10;M;0;S;100;0;full;100
[RECV] BSDC91 notify: TR;2;11958;f;0;ff;ff;3535,2180,1801,2283,2273,1954,1527,1988;3535,2180,1801,2283,2273,1954,1527,1988;100,100,100,100,100,100,100,100;OOOOOOOO
[RECV] BS2DCE notify: TS;1;11606;f;873;1996;1577;721;1052;ABCDEFGH;0;10;M;0;S;100;0;full;100
[RECV] BS2DCE notify: TR;2;11606;f;0;ff;ff;1764,2027,2717,1955,1701,2262,2430,2199;1764,2027,2717,1955,1701,2262,2430,2199;100,100,100,100,100,100,100,100;OOOOOOOO
[RECV] BSDC91 notify: TS;1;11959;f;1540;2534;1808;709;1151;ABCDEFGH;5;10;M;0;S;100;0;full;100
[RECV] BSDC91 notify: TR;2;11959;f;0;ff;ff;3233,2126,1926,2321,2222,2452,1540,2072;3233,2126,1926,2321,2222,2452,1540,2072;100,100,100,100,100,100,100,100;OOOOOOOO
[RECV] BS2DCE notify: TS;1;11607;f;938;2114;-405;851;1250;ABCDEFGH;0;10;M;0;S;99;0;full;100
[RECV] BS2DCE notify: TR;2;11607;f;0;ff;ff;1799,2068,2293,1877,1799,2335,2448,2065;1799,2068,2293,1877,1799,2335,2448,2065;100,100,100,100,100,100,100,100;OOOOOOOO
[RECV] BSDC91 notify: RXG;1;11959;tag=2;mask=0xff;pc=8;guard=1200;spacing=1000;win=8165;pre=1;slot_to_entry_us=0;slot_to_sched_us=0;slot_to_write_done_us=0;slot_to_txcmd_us=274;slot_to_txdone_us=610;txcmd_to_txdone_us=335;txdone_to_rxstart_us=61;txdone_to_rxend_us=183;rxenable
[RECV] BS2DCE notify: RXG;1;11607;tag=1;mask=0xff;pc=8;guard=1200;spacing=1000;win=8165;pre=1;slot_to_entry_us=0;slot_to_sched_us=0;slot_to_write_done_us=0;slot_to_txcmd_us=274;slot_to_txdone_us=610;txcmd_to_txdone_us=335;txdone_to_rxstart_us=61;txdone_to_rxend_us=183;rxenable
[RECV] BSDC91 notify: CD;1;11959;tag=2;local=0xb102;status=0x00806f02;rxf=0x0796c814;win=8165;pc=8;mask=0xff;resp=8;unexp=0;last_len=20;last_src=0xa107;last_dst=0xb102;last_code=0xe
[RECV] BSDC91 notify: TS;1;11960;f;1575;2493;1928;769;1219;ABCDEFGH;5;10;M;0;S;144;0;full;100
[RECV] BSDC91 notify: TR;2;11960;f;0;ff;ff;3296,2084,1889,2425,2176,2245,1608,1995;3296,2084,1889,2425,2176,2245,1608,1995;100,100,100,100,100,100,100,100;OOOOOOOO
[RECV] BS2DCE notify: CD;1;11607;tag=1;local=0xb101;status=0x00806f02;rxf=0x0776c814;win=8165;pc=8;mask=0xff;resp=8;unexp=0;last_len=20;last_src=0xa107;last_dst=0xb101;last_code=0xe
[RECV] BS2DCE notify: TS;1;11608;f;964;2169;265;674;948;ABCDEFGH;0;10;M;0;S;144;0;full;100
[RECV] BSDC91 notify: TDIAG;wait_ms=75;tx_us=610;rx_us=183;coll_us=8300;range_us=44036;solve_us=11901;out_us=2227;clean_us=30;total_ms=143
[RECV] BSDC91 notify: TS;1;11961;f;1528;2341;1957;833;1228;ABCDEFGH;5;10;M;0;S;58;0;full;100
[RECV] BSDC91 notify: TR;2;11961;f;0;ff;ff;2701,1994,1940,2371,2198,2013,1664,2108;2701,1994,1940,2371,2198,2013,1664,2108;100,100,100,100,100,100,100,100;OOOOOOOO
[RECV] BS2DCE notify: TR;2;11608;f;0;ff;ff;1888,2095,2290,1790,1784,2328,2363,1912;1888,2095,2290,1790,1784,2328,2363,1912;100,100,100,100,100,100,100,100;OOOOOOOO
[RECV] BS2DCE notify: TS;1;11609;f;887;2204;-410;855;1258;ABCDEFGH;0;10;M;0;S;57;0;full;100
[RECV] BS2DCE notify: TR;2;11609;f;0;ff;ff;1929,2121,2245,1749,1845,2467,2452,1918;1929,2121,2245,1749,1845,2467,2452,1918;100,100,100,100,100,100,100,100;OOOOOOOO
[RECV] BSDC91 notify: TS;1;11962;f;1556;2342;1977;839;1282;ABCDEFGH;5;10;M;0;S;98;0;full;100
[RECV] BSDC91 notify: TR;2;11962;f;0;ff;ff;2792,1944,1944,2418,2180,2022,1649,2103;2792,1944,1944,2418,2180,2022,1649,2103;100,100,100,100,100,100,100,100;OOOOOOOO
[RECV] BS2DCE notify: TS;1;11610;f;874;2258;-409;876;1270;ABCDEFGH;0;10;M;0;S;99;0;full;100
[RECV] BS2DCE notify: TR;2;11610;f;0;ff;ff;1913,2210,2226,1685,1869,2500,2319,1857;1913,2210,2226,1685,1869,2500,2319,1857;100,100,100,100,100,100,100,100;OOOOOOOO
[RECV] BS2DCE notify: TDIAG;wait_ms=75;tx_us=701;rx_us=213;coll_us=8209;range_us=579;solve_us=11871;out_us=2380;clean_us=30;total_ms=100
[RECV] BSDC91 notify: TS;1;11963;f;1544;2264;1982;823;1212;ABCDEFGH;5;10;M;0;S;100;0;full;100
[RECV] BSDC91 notify: TR;2;11963;f;0;ff;ff;2673,1965,2024,2512,2114,1923,1708,2195;2673,1965,2024,2512,2114,1923,1708,2195;100,100,100,100,100,100,100,100;OOOOOOOO
[RECV] BS2DCE notify: TS;1;11611;f;864;2287;-452;868;1292;ABCDEFGH;0;10;M;0;S;101;0;full;100
[RECV] BS2DCE notify: TR;2;11611;f;0;ff;ff;1961,2208,2176,1648,1892,2642,2363,1881;1961,2208,2176,1648,1892,2642,2363,1881;100,100,100,100,100,100,100,100;OOOOOOOO
[RECV] BSDC91 notify: TS;1;11964;f;1510;2229;1992;812;1225;ABCDEFGH;5;10;M;0;S;100;0;full;100
[RECV] BSDC91 notify: TR;2;11964;f;0;ff;ff;2731,1944,2123,2505,2036,1889,1805,2167;2731,1944,2123,2505,2036,1889,1805,2167;100,100,100,100,100,100,100,100;OOOOOOOO
[RECV] BS2DCE notify: TS;1;11612;f;871;2307;-412;858;1280;ABCDEFGH;0;10;M;0;S;100;0;full;100
[RECV] BS2DCE notify: TR;2;11612;f;0;ff;ff;1982,2275,2146,1655,1897,2610,2310,1864;1982,2275,2146,1655,1897,2610,2310,1864;100,100,100,100,100,100,100,100;OOOOOOOO
[RECV] BSDC91 notify: TS;1;11965;f;1578;2204;2068;865;1298;ABCDEFGH;5;10;M;0;S;100;0;full;100
[RECV] BSDC91 notify: TR;2;11965;f;0;ff;ff;2889,1881,2064,2531,1994,1698,1848,2220;2889,1881,2064,2531,1994,1698,1848,2220;100,100,100,100,100,100,100,100;OOOOOOOO
[RECV] BS2DCE notify: TS;1;11613;f;919;2358;-392;839;1178;ABCDEFGH;0;10;M;0;S;99;0;full;100
[RECV] BS2DCE notify: TR;2;11613;f;0;ff;ff;2065,2275,2116,1633,2038,2576,2251,1829;2065,2275,2116,1633,2038,2576,2251,1829;100,100,100,100,100,100,100,100;OOOOOOOO
[RECV] BSDC91 notify: TS;1;11966;f;1507;2088;2092;907;1335;ABCDEFGH;5;10;M;0;S;100;0;full;100
[RECV] BSDC91 notify: TR;2;11966;f;0;ff;ff;2487,1804,2196,2562,1932,1628,1883,2249;2487,1804,2196,2562,1932,1628,1883,2249;100,100,100,100,100,100,100,100;OOOOOOOO
[RECV] BS2DCE notify: TS;1;11614;f;915;2355;-376;854;1227;ABCDEFGH;0;10;M;0;S;101;0;full;100
[RECV] BS2DCE notify: TR;2;11614;f;0;ff;ff;2086,2270,2089,1640,1976,2554,2223,1807;2086,2270,2089,1640,1976,2554,2223,1807;100,100,100,100,100,100,100,100;OOOOOOOO
[RECV] BSDC91 notify: TS;1;11967;f;1473;2050;2047;896;1292;ABCDEFGH;5;10;M;0;S;100;0;full;100
[RECV] BSDC91 notify: TR;2;11967;f;0;ff;ff;2323,1803,2205,2559,1950,1595,1996,2227;2323,1803,2205,2559,1950,1595,1996,2227;100,100,100,100,100,100,100,100;OOOOOOOO
[RECV] BS2DCE notify: TS;1;11615;f;912;2412;1620;742;1020;ABCDEFGH;0;10;M;0;S;100;0;full;100
[RECV] BS2DCE notify: TR;2;11615;f;0;ff;ff;2177,2463,2064,1723,2004,2581,2184,1722;2177,2463,2064,1723,2004,2581,2184,1722;100,100,100,100,100,100,100,100;OOOOOOOO
[RECV] BSDC91 notify: TS;1;11968;f;1427;2017;2025;847;1208;ABCDEFGH;5;10;M;0;S;100;0;full;100
[RECV] BSDC91 notify: TR;2;11968;f;0;ff;ff;2312,1868,2312,2626,1866,1646,2047,2244;2312,1868,2312,2626,1866,1646,2047,2244;100,100,100,100,100,100,100,100;OOOOOOOO
[RECV] BS2DCE notify: TS;1;11616;f;967;2469;1569;670;987;ABCDEFGH;0;10;M;0;S;99;0;full;100
[RECV] BS2DCE notify: TR;2;11616;f;0;ff;ff;2360,2593,2035,1711,2089,2565,2158,1842;2360,2593,2035,1711,2089,2565,2158,1842;100,100,100,100,100,100,100,100;OOOOOOOO
[RECV] BSDC91 notify: TS;1;11969;f;1479;1924;2035;855;1189;ABCDEFGH;5;10;M;0;S;100;0;full;100
[RECV] BSDC91 notify: TR;2;11969;f;0;ff;ff;2219,1814,2353,2740,1896,1418,2114,2383;2219,1814,2353,2740,1896,1418,2114,2383;100,100,100,100,100,100,100,100;OOOOOOOO
[RECV] BS2DCE notify: TS;1;11617;f;1006;2450;1650;671;935;ABCDEFGH;0;10;M;0;S;101;0;full;100
[RECV] BS2DCE notify: TR;2;11617;f;0;ff;ff;2270,2597,2059,1972,2116,2642,2051,1749;2270,2597,2059,1972,2116,2642,2051,1749;100,100,100,100,100,100,100,100;OOOOOOOO
[RECV] BSDC91 notify: RXG;1;11969;tag=2;mask=0xff;pc=8;guard=1200;spacing=1000;win=8165;pre=1;slot_to_entry_us=0;slot_to_sched_us=0;slot_to_write_done_us=0;slot_to_txcmd_us=274;slot_to_txdone_us=610;txcmd_to_txdone_us=335;txdone_to_rxstart_us=61;txdone_to_rxend_us=244;rxenable
[RECV] BS2DCE notify: RXG;1;11617;tag=1;mask=0xff;pc=8;guard=1200;spacing=1000;win=8165;pre=1;slot_to_entry_us=0;slot_to_sched_us=0;slot_to_write_done_us=0;slot_to_txcmd_us=274;slot_to_txdone_us=610;txcmd_to_txdone_us=335;txdone_to_rxstart_us=61;txdone_to_rxend_us=183;rxenable
[RECV] BSDC91 notify: CD;1;11969;tag=2;local=0xb102;status=0x00806f02;rxf=0x0786c814;win=8165;pc=8;mask=0xff;resp=8;unexp=0;last_len=20;last_src=0xa107;last_dst=0xb102;last_code=0xe
[RECV] BSDC91 notify: TS;1;11970;f;1427;1887;1955;791;1081;ABCDEFGH;5;10;M;0;S;144;0;full;100
[RECV] BSDC91 notify: TR;2;11970;f;0;ff;ff;2156,1864,2409,2778,1798,1514,2214,2430;2156,1864,2409,2778,1798,1514,2214,2430;100,100,100,100,100,100,100,100;OOOOOOOO
[RECV] BS2DCE notify: CD;1;11617;tag=1;local=0xb101;status=0x00806f02;rxf=0x0786c814;win=8165;pc=8;mask=0xff;resp=8;unexp=0;last_len=20;last_src=0xa107;last_dst=0xb101;last_code=0xe
[RECV] BS2DCE notify: TS;1;11618;f;1020;2450;1782;776;1039;ABCDEFGH;0;10;M;0;S;143;0;full;100
[RECV] BS2DCE notify: TR;2;11618;f;0;ff;ff;2256,2554,2031,1823,2103,2428,2000,1713;2256,2554,2031,1823,2103,2428,2000,1713;100,100,100,100,100,100,100,100;OOOOOOOO
[RECV] BSDC91 notify: TDIAG;wait_ms=75;tx_us=610;rx_us=244;coll_us=8331;range_us=44036;solve_us=11749;out_us=2258;clean_us=30;total_ms=143
[RECV] BSDC91 notify: TS;1;11971;f;1414;1865;1968;838;1224;ABCDEFGH;5;10;M;0;S;58;0;full;100
[RECV] BSDC91 notify: TR;2;11971;f;0;ff;ff;2078,1721,2438,2732,1777,1537,2221,2369;2078,1721,2438,2732,1777,1537,2221,2369;100,100,100,100,100,100,100,100;OOOOOOOO
[RECV] BS2DCE notify: TS;1;11619;f;1001;2462;1751;760;1038;ABCDEFGH;0;10;M;0;S;56;0;full;100
[RECV] BS2DCE notify: TR;2;11619;f;0;ff;ff;2224,2630,2029,1789,2136,2428,1993,1744;2224,2630,2029,1789,2136,2428,1993,1744;100,100,100,100,100,100,100,100;OOOOOOOO
[RECV] BSDC91 notify: TS;1;11972;f;1420;1847;1880;834;1231;ABCDEFGH;5;10;M;0;S;98;0;full;100
[RECV] BSDC91 notify: TR;2;11972;f;0;ff;ff;1993,1642,2418,2608,1859,1457,2339,2396;1993,1642,2418,2608,1859,1457,2339,2396;100,100,100,100,100,100,100,100;OOOOOOOO
[RECV] BS2DCE notify: TS;1;11620;f;1013;2495;1839;824;1164;ABCDEFGH;0;10;M;0;S;100;0;full;100
[RECV] BS2DCE notify: TR;2;11620;f;0;ff;ff;2234,2599,2046,1703,2183,2398,1843,1695;2234,2599,2046,1703,2183,2398,1843,1695;100,100,100,100,100,100,100,100;OOOOOOOO
[RECV] BS2DCE notify: TDIAG;wait_ms=75;tx_us=610;rx_us=183;coll_us=8239;range_us=579;solve_us=12084;out_us=2197;clean_us=30;total_ms=100
[RECV] BSDC91 notify: TS;1;11973;f;1277;1832;1829;787;1128;ABCDEFGH;5;10;M;0;S;100;0;full;100
[RECV] BSDC91 notify: TR;2;11973;f;0;ff;ff;1903,1763,2497,2581,1684,1657,2443,2365;1903,1763,2497,2581,1684,1657,2443,2365;100,100,100,100,100,100,100,100;OOOOOOOO
[RECV] BS2DCE notify: TS;1;11621;f;1044;2478;1782;747;1033;ABCDEFGH;0;10;M;0;S;101;0;full;100
[RECV] BS2DCE notify: TR;2;11621;f;0;ff;ff;2310,2594,2112,1822,2187,2452,1857,1778;2310,2594,2112,1822,2187,2452,1857,1778;100,100,100,100,100,100,100,100;OOOOOOOO
[RECV] BSDC91 notify: TS;1;11974;f;1251;1812;1781;774;1113;ABCDEFGH;5;10;M;0;S;100;0;full;100
[RECV] BSDC91 notify: TR;2;11974;f;0;ff;ff;1833,1746,2477,2623,1658,1710,2523,2334;1833,1746,2477,2623,1658,1710,2523,2334;100,100,100,100,100,100,100,100;OOOOOOOO
[RECV] BS2DCE notify: TS;1;11622;f;1152;2459;1726;756;1063;ABCDEFGH;0;10;M;0;S;99;0;full;100
[RECV] BS2DCE notify: TR;2;11622;f;0;ff;ff;2348,2500,1966,1820,2134,2370,1802,2003;2348,2500,1966,1820,2134,2370,1802,2003;100,100,100,100,100,100,100,100;OOOOOOOO
[RECV] BSDC91 notify: TS;1;11975;f;1171;1837;1709;772;1114;ABCDEFGH;5;10;M;0;S;100;0;full;100
[RECV] BSDC91 notify: TR;2;11975;f;0;ff;ff;1690,1755,2523,2511,1737,1813,2493,2248;1690,1755,2523,2511,1737,1813,2493,2248;100,100,100,100,100,100,100,100;OOOOOOOO
[RECV] BS2DCE notify: TS;1;11623;f;1182;2436;1944;867;1152;ABCDEFGH;0;10;M;0;S;101;0;full;100
[RECV] BS2DCE notify: TR;2;11623;f;0;ff;ff;2341,2357,2044,1895,2188,2220,1730,1788;2341,2357,2044,1895,2188,2220,1730,1788;100,100,100,100,100,100,100,100;OOOOOOOO
[RECV] BSDC91 notify: TS;1;11976;f;1133;1809;1730;775;1087;ABCDEFGH;5;10;M;0;S;100;0;full;100
[RECV] BSDC91 notify: TR;2;11976;f;0;ff;ff;1668,1796,2536,2520,1640,1801,2581,2263;1668,1796,2536,2520,1640,1801,2581,2263;100,100,100,100,100,100,100,100;OOOOOOOO
[RECV] BS2DCE notify: TS;1;11624;f;1230;2464;1975;891;1187;ABCDEFGH;0;10;M;0;S;99;0;full;100
[RECV] BS2DCE notify: TR;2;11624;f;0;ff;ff;2424,2353,1961,1886,2173,2207,1657,1827;2424,2353,1961,1886,2173,2207,1657,1827;100,100,100,100,100,100,100,100;OOOOOOOO
[RECV] BSDC91 notify: TS;1;11977;f;1050;1833;-143;757;1165;ABCDEFGH;5;10;M;0;S;100;0;full;100
[RECV] BSDC91 notify: TR;2;11977;f;0;ff;ff;1557,1956,2431,2494,1560,1926,2563,2349;1557,1956,2431,2494,1560,1926,2563,2349;100,100,100,100,100,100,100,100;OOOOOOOO
[RECV] BS2DCE notify: TS;1;11625;f;1353;2426;1802;775;1069;ABCDEFGH;0;10;M;0;S;100;0;full;100
[RECV] BS2DCE notify: TR;2;11625;f;0;ff;ff;2525,2338,1929,1982,2183,2160,1668,2202;2525,2338,1929,1982,2183,2160,1668,2202;100,100,100,100,100,100,100,100;OOOOOOOO
[RECV] BSDC91 notify: TS;1;11978;f;1084;1839;-332;805;1235;ABCDEFGH;5;10;M;0;S;100;0;full;100
[RECV] BSDC91 notify: TR;2;11978;f;0;ff;ff;1469,1914,2321,2466,1625,2059,2537,2502;1469,1914,2321,2466,1625,2059,2537,2502;100,100,100,100,100,100,100,100;OOOOOOOO
[RECV] BS2DCE notify: TS;1;11626;f;1342;2403;1966;850;1114;ABCDEFGH;0;10;M;0;S;100;0;full;100
[RECV] BS2DCE notify: TR;2;11626;f;0;ff;ff;2528,2222,1993,2084,2290,2001,1763,1864;2528,2222,1993,2084,2290,2001,1763,1864;100,100,100,100,100,100,100,100;OOOOOOOO
[RECV] BSDC91 notify: TS;1;11979;f;994;1790;-228;706;1034;ABCDEFGH;5;10;M;0;S;100;0;full;100
[RECV] BSDC91 notify: TR;2;11979;f;0;ff;ff;1471,1900,2740,2328,1694,2089,2652,2514;1471,1900,2740,2328,1694,2089,2652,2514;100,100,100,100,100,100,100,100;OOOOOOOO
[RECV] BS2DCE notify: TS;1;11627;f;1377;2388;1991;858;1129;ABCDEFGH;0;10;M;0;S;100;0;full;100
[RECV] BS2DCE notify: TR;2;11627;f;0;ff;ff;2491,2258,1947,2173,2236,1987,1694,1961;2491,2258,1947,2173,2236,1987,1694,1961;100,100,100,100,100,100,100,100;OOOOOOOO
[RECV] BSDC91 notify: RXG;1;11979;tag=2;mask=0xff;pc=8;guard=1200;spacing=1000;win=8165;pre=1;slot_to_entry_us=0;slot_to_sched_us=0;slot_to_write_done_us=0;slot_to_txcmd_us=274;slot_to_txdone_us=610;txcmd_to_txdone_us=335;txdone_to_rxstart_us=61;txdone_to_rxend_us=183;rxenable
[RECV] BSDC91 notify: CD;1;11979;tag=2;local=0xb102;status=0x00806f02;rxf=0x07a6c814;win=8165;pc=8;mask=0xff;resp=7;unexp=0;last_len=20;last_src=0xa107;last_dst=0xb102;last_code=0xe
[RECV] BSDC91 notify: TS;1;11980;f;1031;1859;1532;780;1071;ABCDEGH;5;10;M;0;S;141;0;full;100
[RECV] BSDC91 notify: TR;2;11980;f;0;ff;df;1584,1959,2541,2080,1625,0,2729,2272;1584,1959,2541,2080,1625,2089,2729,2272;100,100,100,100,100,95,100,100;OOOOOTOO
[RECV] BSDC91 notify: TDIAG;wait_ms=75;tx_us=610;rx_us=183;coll_us=8392;range_us=44006;solve_us=9338;out_us=2166;clean_us=30;total_ms=141
[RECV] BSDC91 notify: TS;1;11981;f;934;2050;-466;913;1303;ABCDEFGH;5;10;M;0;S;59;0;full;99
[RECV] BSDC91 notify: TR;2;11981;f;0;ff;ff;1701,1985,2330,1876,1739,2175,2524,2058;1701,1985,2330,1876,1739,2175,2524,2058;100,100,100,100,100,95,100,100;OOOOOOOO
[RECV] BS2DCE notify: RXG;1;11627;tag=1;mask=0xff;pc=8;guard=1200;spacing=1000;win=8165;pre=1;slot_to_entry_us=0;slot_to_sched_us=0;slot_to_write_done_us=0;slot_to_txcmd_us=274;slot_to_txdone_us=793;txcmd_to_txdone_us=518;txdone_to_rxstart_us=61;txdone_to_rxend_us=183;rxenable
[RECV] BS2DCE notify: CD;1;11627;tag=1;local=0xb101;status=0x00806f02;rxf=0x0386c014;win=8165;pc=8;mask=0xff;resp=8;unexp=0;last_len=20;last_src=0xa107;last_dst=0xb101;last_code=0xe
[RECV] BS2DCE notify: TS;1;11628;f;1440;2362;1952;836;1114;ABCDEFGH;0;10;M;0;S;144;0;full;100
[RECV] BS2DCE notify: TR;2;11628;f;0;ff;ff;2589,2150,1977,2177,2226,1955,1680,2108;2589,2150,1977,2177,2226,1955,1680,2108;100,100,100,100,100,100,100,100;OOOOOOOO
[RECV] BS2DCE notify: TS;1;11629;f;1464;2349;2130;931;1254;ABCDEFGH;0;10;M;0;S;58;0;full;100
[RECV] BS2DCE notify: TR;2;11629;f;0;ff;ff;2714,2102,1951,2276,2172,1789,1699,1956;2714,2102,1951,2276,2172,1789,1699,1956;100,100,100,100,100,100,100,100;OOOOOOOO
[RECV] BSDC91 notify: TS;1;11982;f;871;2096;-473;906;1312;ABCDEFGH;5;10;M;0;S;100;0;full;99
[RECV] BSDC91 notify: TR;2;11982;f;0;ff;ff;1705,2031,2346,1835,1749,2351,2513,1978;1705,2031,2346,1835,1749,2351,2513,1978;100,100,100,100,100,95,100,100;OOOOOOOO
[RECV] BS2DCE notify: TS;1;11630;f;1424;2394;1837;737;1104;ABCDEFGH;0;10;M;0;S;98;0;full;100
[RECV] BS2DCE notify: TR;2;11630;f;0;ff;ff;2722,2121,1999,2354,2152,2320,1721,2007;2722,2121,1999,2354,2152,2320,1721,2007;100,100,100,100,100,100,100,100;OOOOOOOO
[RECV] BS2DCE notify: TDIAG;wait_ms=74;tx_us=610;rx_us=183;coll_us=8270;range_us=549;solve_us=12054;out_us=2197;clean_us=30;total_ms=98
[RECV] BSDC91 notify: TS;1;11983;f;854;2144;-629;978;1418;ABCDEFGH;5;10;M;0;S;100;0;full;99
[RECV] BSDC91 notify: TR;2;11983;f;0;ff;ff;1624,2096,2202,1728,1775,2502,2542,1957;1624,2096,2202,1728,1775,2502,2542,1957;100,100,100,100,100,95,100,100;OOOOOOOO
[RECV] BS2DCE notify: TS;1;11631;f;1476;2327;1663;691;1063;ABCDEFGH;0;10;M;0;S;100;0;full;100
[RECV] BS2DCE notify: TR;2;11631;f;0;ff;ff;2616,1997,1986,2374,2102,2393,1748,2277;2616,1997,1986,2374,2102,2393,1748,2277;100,100,100,100,100,100,100,100;OOOOOOOO
[RECV] BSDC91 notify: TS;1;11984;f;827;2239;-672;1009;1447;ABCDEFGH;5;10;M;0;S;100;0;full;99
[RECV] BSDC91 notify: TR;2;11984;f;0;ff;ff;1725,2155,2181,1523,1835,2612,2482,1860;1725,2155,2181,1523,1835,2612,2482,1860;100,100,100,100,100,96,100,100;OOOOOOOO
[RECV] BS2DCE notify: TS;1;11632;f;1436;2318;1743;715;1105;ABCDEFGH;0;10;M;0;S;100;0;full;100
[RECV] BS2DCE notify: TR;2;11632;f;0;ff;ff;2615,2006,2033,2391,2074,2350,1787,2156;2615,2006,2033,2391,2074,2350,1787,2156;100,100,100,100,100,100,100,100;OOOOOOOO
[RECV] BSDC91 notify: TS;1;11985;f;845;2310;-664;1045;1460;ABCDEFGH;5;10;M;0;S;100;0;full;99
[RECV] BSDC91 notify: TR;2;11985;f;0;ff;ff;1728,2249,2101,1499,1871,2596,2267,1766;1728,2249,2101,1499,1871,2596,2267,1766;100,100,100,100,100,96,100,100;OOOOOOOO
[RECV] BS2DCE notify: TS;1;11633;f;1505;2200;1999;858;1218;ABCDEFGH;0;10;M;0;S;100;0;full;100
[RECV] BS2DCE notify: TR;2;11633;f;0;ff;ff;2642,1937,2036,2372,2021,1714,1935,2215;2642,1937,2036,2372,2021,1714,1935,2215;100,100,100,100,100,100,100,100;OOOOOOOO
[RECV] BSDC91 notify: TS;1;11986;f;596;2427;-655;1038;1405;ABCDEGH;5;10;M;0;S;98;0;full;100
[RECV] BSDC91 notify: TR;2;11986;f;0;ff;df;1846,2291,2055,1431,1955,0,2355,1683;1846,2291,2055,1431,1955,2596,2355,1683;100,100,100,100,100,92,100,100;OOOOOTOO
[RECV] BS2DCE notify: TS;1;11634;f;1519;2117;1930;834;1139;ABCDEFGH;0;10;M;0;S;100;0;full;100
[RECV] BS2DCE notify: TR;2;11634;f;0;ff;ff;2441,1910,2084,2422,1955,1682,1920,2465;2441,1910,2084,2422,1955,1682,1920,2465;100,100,100,100,100,100,100,100;OOOOOOOO
[RECV] BSDC91 notify: TS;1;11987;f;853;2410;-521;950;1307;ABCDEFGH;5;10;M;0;S;102;0;full;99
[RECV] BSDC91 notify: TR;2;11987;f;0;ff;ff;1996,2362,1992,1492,2009,2584,2249,1676;1996,2362,1992,1492,2009,2584,2249,1676;100,100,100,100,100,92,100,100;OOOOOOOO
[RECV] BS2DCE notify: TS;1;11635;f;1429;2086;2008;853;1173;ABCDEFGH;0;10;M;0;S;100;0;full;100
[RECV] BS2DCE notify: TR;2;11635;f;0;ff;ff;2364,1937,2196,2490,1895,1689,1999,2261;2364,1937,2196,2490,1895,1689,1999,2261;100,100,100,100,100,100,100,100;OOOOOOOO
[RECV] BSDC91 notify: TS;1;11988;f;874;2451;-312;824;1204;ABCDEFGH;5;10;M;0;S;100;0;full;99
[RECV] BSDC91 notify: TR;2;11988;f;0;ff;ff;2177,2517,1977,1513,2025,2604,2173,1768;2177,2517,1977,1513,2025,2604,2173,1768;100,100,100,100,100,93,100,100;OOOOOOOO
[RECV] BS2DCE notify: TS;1;11636;f;1352;2035;1791;728;1079;ABCDEFGH;0;10;M;0;S;100;0;full;100
[RECV] BS2DCE notify: TR;2;11636;f;0;ff;ff;2247,1890,2326,2496,1894,1884,2198,2271;2247,1890,2326,2496,1894,1884,2198,2271;100,100,100,100,100,100,100,100;OOOOOOOO
[RECV] BSDC91 notify: TS;1;11989;f;1011;2460;1663;713;956;ABCDEFGH;5;10;M;0;S;100;0;full;99
[RECV] BSDC91 notify: TR;2;11989;f;0;ff;ff;2268,2489,2036,1874,2175,2604,2060,1665;2268,2489,2036,1874,2175,2604,2060,1665;100,100,100,100,100,93,100,100;OOOOOOOO
[RECV] BS2DCE notify: TS;1;11637;f;1392;1922;1778;664;951;ABCDEFGH;0;10;M;0;S;100;0;full;100
[RECV] BS2DCE notify: TR;2;11637;f;0;ff;ff;2233,1917,2509,2681,1851,1719,2224,2507;2233,1917,2509,2681,1851,1719,2224,2507;100,100,100,100,100,100,100,100;OOOOOOOO
[RECV] BSDC91 notify: RXG;1;11989;tag=2;mask=0xff;pc=8;guard=1200;spacing=1000;win=8165;pre=1;slot_to_entry_us=0;slot_to_sched_us=0;slot_to_write_done_us=0;slot_to_txcmd_us=274;slot_to_txdone_us=610;txcmd_to_txdone_us=335;txdone_to_rxstart_us=61;txdone_to_rxend_us=183;rxenable
[RECV] BSDC91 notify: CD;1;11989;tag=2;local=0xb102;status=0x00806f02;rxf=0x0776c814;win=8165;pc=8;mask=0xff;resp=8;unexp=0;last_len=20;last_src=0xa107;last_dst=0xb102;last_code=0xe
[RECV] BSDC91 notify: TS;1;11990;f;968;2535;1616;750;1051;ABCDEFGH;5;10;M;0;S;144;0;full;99
[RECV] BSDC91 notify: TR;2;11990;f;0;ff;ff;2290,2539,1936,1631,2154,2681,1958,1670;2290,2539,1936,1631,2154,2681,1958,1670;100,100,100,100,100,93,100,100;OOOOOOOO
[RECV] BSDC91 notify: TDIAG;wait_ms=75;tx_us=610;rx_us=183;coll_us=8300;range_us=44006;solve_us=11993;out_us=2227;clean_us=30;total_ms=143
[RECV] BS2DCE notify: RXG;1;11637;tag=1;mask=0xff;pc=8;guard=1200;spacing=1000;win=8165;pre=1;slot_to_entry_us=0;slot_to_sched_us=0;slot_to_write_done_us=0;slot_to_txcmd_us=274;slot_to_txdone_us=610;txcmd_to_txdone_us=335;txdone_to_rxstart_us=61;txdone_to_rxend_us=183;rxenable
[RECV] BS2DCE notify: CD;1;11637;tag=1;local=0xb101;status=0x00806f02;rxf=0x07a6c814;win=8165;pc=8;mask=0xff;resp=8;unexp=0;last_len=20;last_src=0xa107;last_dst=0xb101;last_code=0xe
[RECV] BS2DCE notify: TS;1;11638;f;1363;1916;1801;706;1035;ABCDEFGH;0;10;M;0;S;144;0;full;100
[RECV] BS2DCE notify: TR;2;11638;f;0;ff;ff;2181,1855,2434,2680,1835,1707,2370,2334;2181,1855,2434,2680,1835,1707,2370,2334;100,100,100,100,100,100,100,100;OOOOOOOO
[RECV] BSDC91 notify: TS;1;11991;f;946;2541;1731;830;1191;ABCDEFGH;5;10;M;0;S;57;0;full;99
[RECV] BSDC91 notify: TR;2;11991;f;0;ff;ff;2217,2583,1924,1548,2173,2528,1923,1581;2217,2583,1924,1548,2173,2528,1923,1581;100,100,100,100,100,93,100,100;OOOOOOOO
[RECV] BS2DCE notify: TS;1;11639;f;1297;1952;1747;730;1038;ABCDEFGH;0;10;M;0;S;57;0;full;100
[RECV] BS2DCE notify: TR;2;11639;f;0;ff;ff;2081,1871,2386,2443,1881,1712,2434,2291;2081,1871,2386,2443,1881,1712,2434,2291;100,100,100,100,100,100,100,100;OOOOOOOO
[RECV] BSDC91 notify: TS;1;11992;f;1014;2576;1744;823;1161;ABCDEFGH;5;10;M;0;S;100;0;full;99
[RECV] BSDC91 notify: TR;2;11992;f;0;ff;ff;2283,2598,1857,1595,2214,2569,1814,1631;2283,2598,1857,1595,2214,2569,1814,1631;100,100,100,100,100,94,100,100;OOOOOOOO
[RECV] BS2DCE notify: TS;1;11640;f;1323;1923;1661;707;994;ABCDEFGH;0;10;M;0;S;99;0;full;100
[RECV] BS2DCE notify: TR;2;11640;f;0;ff;ff;2024,1833,2364,2433,1829,1746,2394,2491;2024,1833,2364,2433,1829,1746,2394,2491;100,100,100,100,100,100,100,100;OOOOOOOO
[RECV] BS2DCE notify: TDIAG;wait_ms=75;tx_us=793;rx_us=183;coll_us=8087;range_us=579;solve_us=11901;out_us=2258;clean_us=30;total_ms=100
[RECV] BSDC91 notify: TS;1;11993;f;1059;2555;1858;863;1219;ABCDEFGH;5;10;M;0;S;99;0;full;99
[RECV] BSDC91 notify: TR;2;11993;f;0;ff;ff;2310,2541,1936,1643,2240,2446,1733,1632;2310,2541,1936,1643,2240,2446,1733,1632;100,100,100,100,100,94,100,100;OOOOOOOO
[RECV] BS2DCE notify: TS;1;11641;f;1226;1879;1770;756;1056;ABCDEFGH;0;10;M;0;S;101;0;full;100
[RECV] BS2DCE notify: TR;2;11641;f;0;ff;ff;1884,1851,2443,2549,1759,1743,2515,2239;1884,1851,2443,2549,1759,1743,2515,2239;100,100,100,100,100,100,100,100;OOOOOOOO
[RECV] BSDC91 notify: TS;1;11994;f;1130;2556;1880;858;1174;ABCDEFGH;5;10;M;0;S;100;0;full;99
[RECV] BSDC91 notify: TR;2;11994;f;0;ff;ff;2349,2549,1894,1735,2242,2422,1640,1725;2349,2549,1894,1735,2242,2422,1640,1725;100,100,100,100,100,94,100,100;OOOOOOOO
[RECV] BS2DCE notify: TS;1;11642;f;1222;1879;1829;763;1053;ABCDEFGH;0;10;M;0;S;99;0;full;100
[RECV] BS2DCE notify: TR;2;11642;f;0;ff;ff;1840,1981,2396,2679,1693,1773,2423,2276;1840,1981,2396,2679,1693,1773,2423,2276;100,100,100,100,100,100,100,100;OOOOOOOO
[RECV] BSDC91 notify: TS;1;11995;f;1209;2590;1927;909;1244;ABCDEFGH;5;10;M;0;S;100;0;full;99
[RECV] BSDC91 notify: TR;2;11995;f;0;ff;ff;2469,2456,1730,1755,2213,2425,1595,1675;2469,2456,1730,1755,2213,2425,1595,1675;100,100,100,100,100,95,100,100;OOOOOOOO
[RECV] BS2DCE notify: TS;1;11643;f;1156;1936;1666;715;979;ABCDEFGH;0;10;M;0;S;100;0;full;100
[RECV] BS2DCE notify: TR;2;11643;f;0;ff;ff;1825,2034,2377,2377,1764,1853,2464,2361;1825,2034,2377,2377,1764,1853,2464,2361;100,100,100,100,100,100,100,100;OOOOOOOO
[RECV] BSDC91 notify: TS;1;11996;f;1231;2536;1992;905;1194;ABCDEFGH;5;10;M;0;S;100;0;full;99
[RECV] BSDC91 notify: TR;2;11996;f;0;ff;ff;2482,2428,1871,1848,2204,2307,1575,1754;2482,2428,1871,1848,2204,2307,1575,1754;100,100,100,100,100,95,100,100;OOOOOOOO
[RECV] BS2DCE notify: TS;1;11644;f;1078;1935;1676;708;1006;ABCDEFGH;0;10;M;0;S;100;0;full;100
[RECV] BS2DCE notify: TR;2;11644;f;0;ff;ff;1772,2040,2489,2403,1743,2002,2454,2233;1772,2040,2489,2403,1743,2002,2454,2233;100,100,100,100,100,100,100,100;OOOOOOOO
[RECV] BSDC91 notify: TS;1;11997;f;1315;2538;2074;951;1235;ABCDEFGH;5;10;M;0;S;100;0;full;99
[RECV] BSDC91 notify: TR;2;11997;f;0;ff;ff;2531,2395,1840,1901,2260,2174,1425,1841;2531,2395,1840,1901,2260,2174,1425,1841;100,100,100,100,100,95,100,100;OOOOOOOO
[RECV] BS2DCE notify: TS;1;11645;f;1021;1932;1678;716;1071;ABCDEFGH;0;10;M;0;S;100;0;full;100
[RECV] BS2DCE notify: TR;2;11645;f;0;ff;ff;1684,2155,2523,2330,1731,1952,2439,2288;1684,2155,2523,2330,1731,1952,2439,2288;100,100,100,100,100,100,100,100;OOOOOOOO
[RECV] BSDC91 notify: TS;1;11998;f;1362;2499;2024;943;1168;ABCDEGH;5;10;M;0;S;98;0;full;100
[RECV] BSDC91 notify: TR;2;11998;f;0;ff;df;2543,2367,1876,1981,2260,0,1506,1860;2543,2367,1876,1981,2260,2174,1506,1860;100,100,100,100,100,91,100,100;OOOOOTOO
[RECV] BS2DCE notify: TS;1;11646;f;1073;1874;5;601;893;ABCDEFGH;0;10;M;0;S;100;0;full;100
[RECV] BS2DCE notify: TR;2;11646;f;0;ff;ff;1698,2076,2711,2369,1783,2057,2451,2555;1698,2076,2711,2369,1783,2057,2451,2555;100,100,100,100,100,100,100,100;OOOOOOOO
[RECV] BSDC91 notify: TS;1;11999;f;1445;2505;1778;828;1098;ABCDEFH;5;10;M;0;S;100;0;full;98
[RECV] BS2DCE notify: TS;1;11647;f;975;1868;1589;667;989;ABCDEFGH;0;10;M;0;S;101;0;full;100
[RECV] BS2DCE notify: TR;2;11647;f;0;ff;ff;1650,2036,2728,2319,1720,2039,2539,2328;1650,2036,2728,2319,1720,2039,2539,2328;100,100,100,100,100,100,100,100;OOOOOOOO
[RECV] BSDC91 notify: TR;2;11999;f;0;ff;bf;2607,2257,1772,1941,2352,2160,0,1997;2607,2257,1772,1941,2352,2160,1506,1997;100,100,100,100,100,91,95,100;OOOOOOTO
[RECV] BSDC91 notify: RXG;1;11999;tag=2;mask=0xff;pc=8;guard=1200;spacing=1000;win=8165;pre=1;slot_to_entry_us=0;slot_to_sched_us=0;slot_to_write_done_us=0;slot_to_txcmd_us=274;slot_to_txdone_us=610;txcmd_to_txdone_us=335;txdone_to_rxstart_us=61;txdone_to_rxend_us=183;rxenable
[RECV] BSDC91 notify: CD;1;11999;tag=2;local=0xb102;status=0x00806f02;rxf=0x07b6c814;win=8165;pc=8;mask=0xff;resp=8;unexp=0;last_len=20;last_src=0xa107;last_dst=0xb102;last_code=0xe
[RECV] BSDC91 notify: TS;1;12000;f;1463;2506;1963;874;1189;ABCDEFGH;5;10;M;0;S;146;0;full;98
[RECV] BS2DCE notify: RXG;1;11647;tag=1;mask=0xff;pc=8;guard=1200;spacing=1000;win=8165;pre=1;slot_to_entry_us=0;slot_to_sched_us=0;slot_to_write_done_us=0;slot_to_txcmd_us=274;slot_to_txdone_us=610;txcmd_to_txdone_us=335;txdone_to_rxstart_us=61;txdone_to_rxend_us=183;rxenable
[RECV] BSDC91 notify: TR;2;12000;f;0;ff;ff;2658,2285,1759,2041,2372,2043,1506,2020;2658,2285,1759,2041,2372,2043,1506,2020;100,100,100,100,100,92,96,100;OOOOOOOO
[RECV] BSDC91 notify: TDIAG;wait_ms=78;tx_us=610;rx_us=183;coll_us=8605;range_us=44006;solve_us=11901;out_us=2227;clean_us=30;total_ms=146
[RECV] BS2DCE notify: CD;1;11647;tag=1;local=0xb101;status=0x00806f02;rxf=0x07a6c814;win=8165;pc=8;mask=0xff;resp=8;unexp=0;last_len=20;last_src=0xa107;last_dst=0xb101;last_code=0xe
[RECV] BS2DCE notify: TS;1;11648;f;948;1871;-67;629;934;ABCDEFGH;0;10;M;0;S;143;0;full;100
[RECV] BS2DCE notify: TR;2;11648;f;0;ff;ff;1637,2055,2786,2268,1736,2161,2592,2413;1637,2055,2786,2268,1736,2161,2592,2413;100,100,100,100,100,100,100,100;OOOOOOOO
[RECV] BSDC91 notify: TS;1;12001;f;1446;2477;2026;883;1166;ABCDEFGH;5;10;M;0;S;57;0;full;98
[RECV] BSDC91 notify: TR;2;12001;f;0;ff;ff;2690,2274,1850,2102,2362,1961,1551,1952;2690,2274,1850,2102,2362,1961,1551,1952;100,100,100,100,100,92,96,100;OOOOOOOO
[RECV] BS2DCE notify: TS;1;11649;f;1048;1897;-282;711;1121;ABCDEFGH;0;10;M;0;S;56;0;full;100
[RECV] BS2DCE notify: TR;2;11649;f;0;ff;ff;1681,2001,2434,2174,1734,2162,2627,2581;1681,2001,2434,2174,1734,2162,2627,2581;100,100,100,100,100,100,100,100;OOOOOOOO
[RECV] BSDC91 notify: TS;1;12002;f;1454;2443;2071;923;1278;ABCDEFGH;5;10;M;0;S;100;0;full;98
[RECV] BSDC91 notify: TR;2;12002;f;0;ff;ff;2561,2285,1787,2197,2312,1904,1560,1955;2561,2285,1787,2197,2312,1904,1560,1955;100,100,100,100,100,92,96,100;OOOOOOOO
[RECV] BS2DCE notify: TS;1;11650;f;1104;1890;-317;688;1157;ABCDEFGH;0;10;M;0;S;101;0;full;100
[RECV] BS2DCE notify: TR;2;11650;f;0;ff;ff;1781,1995,2332,2056,1735,2245,2681,2923;1781,1995,2332,2056,1735,2245,2681,2923;100,100,100,100,100,100,100,100;OOOOOOOO
[RECV] BS2DCE notify: TDIAG;wait_ms=75;tx_us=610;rx_us=183;coll_us=8239;range_us=579;solve_us=12084;out_us=2197;clean_us=61;total_ms=100
[RECV] BSDC91 notify: TS;1;12003;f;1542;2502;2068;876;1181;ABCDEFGH;5;10;M;0;S;99;0;full;98
[RECV] BSDC91 notify: TR;2;12003;f;0;ff;ff;3152,2222,1823,2167,2278,1876,1573,2014;3152,2222,1823,2167,2278,1876,1573,2014;100,100,100,100,100,92,96,100;OOOOOOOO
[RECV] BS2DCE notify: TS;1;11651;f;928;2020;-260;733;1099;ABCDEFGH;0;10;M;0;S;100;0;full;100
[RECV] BS2DCE notify: TR;2;11651;f;0;ff;ff;1784,2060,2470,2032,1789,2293,2605,2186;1784,2060,2470,2032,1789,2293,2605,2186;100,100,100,100,100,100,100,100;OOOOOOOO
[RECV] BSDC91 notify: TS;1;12004;f;1550;2594;1921;806;1140;ABCDEGH;5;10;M;0;S;98;0;full;99
[RECV] BSDC91 notify: TR;2;12004;f;0;ff;df;3343,2243,1864,2215,2267,0,1476,1962;3343,2243,1864,2215,2267,1876,1476,1962;100,100,100,100,100,89,96,100;OOOOOTOO
[RECV] BS2DCE notify: TS;1;11652;f;890;1965;1445;625;974;ABCDEFGH;0;10;M;0;S;99;0;full;100
[RECV] BS2DCE notify: TR;2;11652;f;0;ff;ff;1805,2083,2800,1997,1731,2301,2468,2423;1805,2083,2800,1997,1731,2301,2468,2423;100,100,100,100,100,100,100,100;OOOOOOOO
[RECV] BSDC91 notify: TS;1;12005;f;1637;2534;2116;897;1314;ABCDEFGH;5;10;M;0;S;103;0;full;98
[RECV] BSDC91 notify: TR;2;12005;f;0;ff;ff;3616,2115,1827,2271,2223,1871,1554,1996;3616,2115,1827,2271,2223,1871,1554,1996;100,100,100,100,100,90,96,100;OOOOOOOO
[RECV] BS2DCE notify: TS;1;11653;f;820;2034;1631;715;1079;ABCDEFGH;0;10;M;0;S;101;0;full;100
[RECV] BS2DCE notify: TR;2;11653;f;0;ff;ff;1856,2098,2805,1908,1736,2306,2474,2061;1856,2098,2805,1908,1736,2306,2474,2061;100,100,100,100,100,100,100,100;OOOOOOOO
[RECV] BSDC91 notify: TS;1;12006;f;1539;2513;1894;779;1214;ABCDEFGH;5;10;M;0;S;99;0;full;98
[RECV] BSDC91 notify: TR;2;12006;f;0;ff;ff;3074,2095,1878,2278,2240,2359,1493,2043;3074,2095,1878,2278,2240,2359,1493,2043;100,100,100,100,100,90,96,100;OOOOOOOO
[RECV] BS2DCE notify: TS;1;11654;f;937;2110;-389;853;1233;ABCDEFGH;0;10;M;0;S;99;0;full;100
[RECV] BS2DCE notify: TR;2;11654;f;0;ff;ff;1780,2078,2326,1872,1803,2292,2429,2049;1780,2078,2326,1872,1803,2292,2429,2049;100,100,100,100,100,100,100,100;OOOOOOOO
[RECV] BSDC91 notify: TS;1;12007;f;1558;2498;1896;751;1158;ABCDEFGH;5;10;M;0;S;101;0;full;98
[RECV] BSDC91 notify: TR;2;12007;f;0;ff;ff;3215,2135,1898,2346,2196,2261,1576,2067;3215,2135,1898,2346,2196,2261,1576,2067;100,100,100,100,100,90,96,100;OOOOOOOO
[RECV] BS2DCE notify: TS;1;11655;f;964;2138;-401;857;1271;ABCDEFGH;0;10;M;0;S;100;0;full;100
[RECV] BS2DCE notify: TR;2;11655;f;0;ff;ff;1841,2142,2262,1790,1801,2287,2372,2127;1841,2142,2262,1790,1801,2287,2372,2127;100,100,100,100,100,100,100,100;OOOOOOOO
[RECV] BSDC91 notify: TS;1;12008;f;1526;2420;2061;881;1297;ABCDEFGH;5;10;M;0;S;99;0;full;99
[RECV] BSDC91 notify: TR;2;12008;f;0;ff;ff;2869,2047,1901,2359,2196,2071,1534,1981;2869,2047,1901,2359,2196,2071,1534,1981;100,100,100,100,100,94,100,100;OOOOOOOO
[RECV] BS2DCE notify: TS;1;11656;f;897;2179;-379;858;1259;ABCDEFGH;0;10;M;0;S;100;0;full;100
[RECV] BS2DCE notify: TR;2;11656;f;0;ff;ff;1854,2154,2272,1795,1809,2393,2386,1947;1854,2154,2272,1795,1809,2393,2386,1947;100,100,100,100,100,100,100,100;OOOOOOOO
[RECV] BSDC91 notify: TS;1;12009;f;1498;2354;1973;825;1196;ABCDEFGH;5;10;M;0;S;100;0;full;99
[RECV] BSDC91 notify: TR;2;12009;f;0;ff;ff;2697,2055,2000,2376,2145,2105,1575,2133;2697,2055,2000,2376,2145,2105,1575,2133;100,100,100,100,100,94,100,100;OOOOOOOO
[RECV] BS2DCE notify: TS;1;11657;f;920;2204;-398;840;1260;ABCDEFGH;0;10;M;0;S;100;0;full;100
[RECV] BS2DCE notify: TR;2;11657;f;0;ff;ff;1945,2095,2209,1814,1845,2508,2403,1972;1945,2095,2209,1814,1845,2508,2403,1972;100,100,100,100,100,100,100,100;OOOOOOOO
[RECV] BSDC91 notify: RXG;1;12009;tag=2;mask=0xff;pc=8;guard=1200;spacing=1000;win=8165;pre=1;slot_to_entry_us=0;slot_to_sched_us=0;slot_to_write_done_us=0;slot_to_txcmd_us=274;slot_to_txdone_us=610;txcmd_to_txdone_us=335;txdone_to_rxstart_us=61;txdone_to_rxend_us=183;rxenable
[RECV] BSDC91 notify: CD;1;12009;tag=2;local=0xb102;status=0x00806f02;rxf=0x0776c814;win=8165;pc=8;mask=0xff;resp=8;unexp=0;last_len=20;last_src=0xa107;last_dst=0xb102;last_code=0xe
[RECV] BSDC91 notify: TS;1;12010;f;1560;2324;1994;850;1266;ABCDEFGH;5;10;M;0;S;144;0;full;99
[RECV] BS2DCE notify: RXG;1;11657;tag=1;mask=0xff;pc=8;guard=1200;spacing=1000;win=8165;pre=1;slot_to_entry_us=0;slot_to_sched_us=0;slot_to_write_done_us=0;slot_to_txcmd_us=274;slot_to_txdone_us=671;txcmd_to_txdone_us=396;txdone_to_rxstart_us=61;txdone_to_rxend_us=305;rxenable
[RECV] BSDC91 notify: TR;2;12010;f;0;ff;ff;2720,1956,1958,2436,2183,1985,1611,2151;2720,1956,1958,2436,2183,1985,1611,2151;100,100,100,100,100,94,100,100;OOOOOOOO
[RECV] BSDC91 notify: TDIAG;wait_ms=75;tx_us=610;rx_us=183;coll_us=8300;range_us=44036;solve_us=11840;out_us=2410;clean_us=30;total_ms=143
[RECV] BSDC91 notify: TS;1;12011;f;1541;2281;2018;845;1272;ABCDEFGH;5;10;M;0;S;58;0;full;99
[RECV] BS2DCE notify: CD;1;11657;tag=1;local=0xb101;status=0x00806f02;rxf=0x03b6c014;win=8165;pc=8;mask=0xff;resp=8;unexp=0;last_len=20;last_src=0xa107;last_dst=0xb101;last_code=0xe
[RECV] BS2DCE notify: TS;1;11658;f;930;2190;-437;852;1230;ABCDEFGH;0;10;M;0;S;144;0;full;100
[RECV] BS2DCE notify: TR;2;11658;f;0;ff;ff;1886,2094,2265,1756,1892,2453,2406,2017;1886,2094,2265,1756,1892,2453,2406,2017;100,100,100,100,100,100,100,100;OOOOOOOO
[RECV] BSDC91 notify: TR;2;12011;f;0;ff;ff;2729,1940,2051,2465,2149,1904,1675,2142;2729,1940,2051,2465,2149,1904,1675,2142;100,100,100,100,100,95,100,100;OOOOOOOO
[RECV] BS2DCE notify: TS;1;11659;f;893;2275;-446;888;1295;ABCDEFGH;0;10;M;0;S;57;0;full;100
[RECV] BS2DCE notify: TR;2;11659;f;0;ff;ff;1952,2172,2164,1681,1884,2544,2317,1862;1952,2172,2164,1681,1884,2544,2317,1862;100,100,100,100,100,100,100,100;OOOOOOOO
[RECV] BSDC91 notify: TS;1;12012;f;1516;2232;2085;894;1308;ABCDEFGH;5;10;M;0;S;98;0;full;99
[RECV] BSDC91 notify: TR;2;12012;f;0;ff;ff;2648,1921,2077,2473,2058,1804,1714,2141;2648,1921,2077,2473,2058,1804,1714,2141;100,100,100,100,100,95,100,100;OOOOOOOO
[RECV] BS2DCE notify: TS;1;11660;f;888;2266;-351;859;1250;ABCDEFGH;0;10;M;0;S;100;0;full;100
[RECV] BS2DCE notify: TR;2;11660;f;0;ff;ff;1923,2250,2220,1716,1864,2471,2245,1861;1923,2250,2220,1716,1864,2471,2245,1861;100,100,100,100,100,100,100,100;OOOOOOOO
[RECV] BS2DCE notify: TDIAG;wait_ms=75;tx_us=610;rx_us=213;coll_us=8300;range_us=549;solve_us=12054;out_us=2197;clean_us=30;total_ms=99
[RECV] BSDC91 notify: TS;1;12013;f;1534;2200;1988;821;1259;ABCDEFGH;5;10;M;0;S;100;0;full;99
[RECV] BSDC91 notify: TR;2;12013;f;0;ff;ff;2707,1880,2124,2526,2032,1853,1820,2209;2707,1880,2124,2526,2032,1853,1820,2209;100,100,100,100,100,95,100,100;OOOOOOOO
[RECV] BS2DCE notify: TS;1;11661;f;871;2330;-400;856;1255;ABCDEFGH;0;10;M;0;S;99;0;full;100
[RECV] BS2DCE notify: TR;2;11661;f;0;ff;ff;2006,2278,2119,1669,1932,2623,2296,1803;2006,2278,2119,1669,1932,2623,2296,1803;100,100,100,100,100,100,100,100;OOOOOOOO
[RECV] BSDC91 notify: TS;1;12014;f;1511;2197;2090;881;1309;ABCDEFGH;5;10;M;0;S;100;0;full;99
[RECV] BSDC91 notify: TR;2;12014;f;0;ff;ff;2818,1901,2149,2427,2001,1658,1895,2135;2818,1901,2149,2427,2001,1658,1895,2135;100,100,100,100,100,95,100,100;OOOOOOOO
[RECV] BS2DCE notify: TS;1;11662;f;877;2309;-387;859;1244;ABCDEFGH;0;10;M;0;S;100;0;full;100
[RECV] BS2DCE notify: TR;2;11662;f;0;ff;ff;2023,2173,2208,1674,1921,2606,2276,1798;2023,2173,2208,1674,1921,2606,2276,1798;100,100,100,100,100,100,100,100;OOOOOOOO
[RECV] BSDC91 notify: TS;1;12015;f;1611;2215;2006;816;1280;ABCDEFGH;5;10;M;0;S;100;0;full;99
[RECV] BSDC91 notify: TR;2;12015;f;0;ff;ff;3071,1856,2111,2514,2011,1726,1874,2278;3071,1856,2111,2514,2011,1726,1874,2278;100,100,100,100,100,95,100,100;OOOOOOOO
[RECV] BS2DCE notify: TS;1;11663;f;876;2339;-378;857;1230;ABCDEFGH;0;10;M;0;S;100;0;full;100
[RECV] BS2DCE notify: TR;2;11663;f;0;ff;ff;2050,2245,2142,1654,1952,2585,2278,1759;2050,2245,2142,1654,1952,2585,2278,1759;100,100,100,100,100,100,100,100;OOOOOOOO
[RECV] BSDC91 notify: TS;1;12016;f;1493;2093;1990;857;1307;ABCDEFGH;5;10;M;0;S;100;0;full;99
[RECV] BSDC91 notify: TR;2;12016;f;0;ff;ff;2485,1773,2175,2527,1915,1753,1981,2236;2485,1773,2175,2527,1915,1753,1981,2236;100,100,100,100,100,96,100,100;OOOOOOOO
[RECV] BS2DCE notify: TS;1;11664;f;1003;2343;-415;838;1234;ABCDEFGH;0;10;M;0;S;100;0;full;100
[RECV] BS2DCE notify: TR;2;11664;f;0;ff;ff;2118,2285,2031,1614,2008,2511,2204,2037;2118,2285,2031,1614,2008,2511,2204,2037;100,100,100,100,100,100,100,100;OOOOOOOO
[RECV] BSDC91 notify: TS;1;12017;f;1474;2052;2072;902;1313;ABCDEFGH;5;10;M;0;S;100;0;full;99
[RECV] BSDC91 notify: TR;2;12017;f;0;ff;ff;2373,1800,2234,2558,1928,1597,1968,2228;2373,1800,2234,2558,1928,1597,1968,2228;100,100,100,100,100,96,100,100;OOOOOOOO
[RECV] BS2DCE notify: TS;1;11665;f;918;2418;-239;777;1107;ABCDEFGH;0;10;M;0;S;101;0;full;100
[RECV] BS2DCE notify: TR;2;11665;f;0;ff;ff;2159,2433,2059,1696,2067,2586,2158,1750;2159,2433,2059,1696,2067,2586,2158,1750;100,100,100,100,100,100,100,100;OOOOOOOO
[RECV] BSDC91 notify: TS;1;12018;f;1459;2016;1971;827;1192;ABCDEFGH;5;10;M;0;S;100;0;full;99
[RECV] BSDC91 notify: TR;2;12018;f;0;ff;ff;2317,1836,2297,2568,1921,1616,2051,2338;2317,1836,2297,2568,1921,1616,2051,2338;100,100,100,100,100,96,100,100;OOOOOOOO
[RECV] BS2DCE notify: TS;1;11666;f;938;2486;1645;741;1089;ABCDEFGH;0;10;M;0;S;99;0;full;100
[RECV] BS2DCE notify: TR;2;11666;f;0;ff;ff;2329,2530,2043,1630,2032,2633,2053,1754;2329,2530,2043,1630,2032,2633,2053,1754;100,100,100,100,100,100,100,100;OOOOOOOO
[RECV] BSDC91 notify: TS;1;12019;f;1473;1928;1934;804;1187;ABCDEFGH;5;10;M;0;S;100;0;full;99
[RECV] BSDC91 notify: TR;2;12019;f;0;ff;ff;2227,1753,2365,2701,1930,1519,2201,2350;2227,1753,2365,2701,1930,1519,2201,2350;100,100,100,100,100,96,100,100;OOOOOOOO
[RECV] BS2DCE notify: TS;1;11667;f;1008;2482;1725;739;1069;ABCDEFGH;0;10;M;0;S;100;0;full;100
[RECV] BS2DCE notify: TR;2;11667;f;0;ff;ff;2443,2548,2037,1732,2024,2528,2042,1771;2443,2548,2037,1732,2024,2528,2042,1771;100,100,100,100,100,100,100,100;OOOOOOOO
[RECV] BSDC91 notify: RXG;1;12019;tag=2;mask=0xff;pc=8;guard=1200;spacing=1000;win=8165;pre=1;slot_to_entry_us=0;slot_to_sched_us=0;slot_to_write_done_us=0;slot_to_txcmd_us=274;slot_to_txdone_us=610;txcmd_to_txdone_us=335;txdone_to_rxstart_us=61;txdone_to_rxend_us=183;rxenable
[RECV] BS2DCE notify: RXG;1;11667;tag=1;mask=0xff;pc=8;guard=1200;spacing=1000;win=8165;pre=1;slot_to_entry_us=0;slot_to_sched_us=0;slot_to_write_done_us=0;slot_to_txcmd_us=274;slot_to_txdone_us=610;txcmd_to_txdone_us=335;txdone_to_rxstart_us=61;txdone_to_rxend_us=183;rxenable
[RECV] BSDC91 notify: CD;1;12019;tag=2;local=0xb102;status=0x00806f02;rxf=0x07b6c814;win=8165;pc=8;mask=0xff;resp=8;unexp=0;last_len=20;last_src=0xa107;last_dst=0xb102;last_code=0xe
[RECV] BSDC91 notify: TS;1;12020;f;1444;1904;2020;852;1176;ABCDEFGH;5;10;M;0;S;144;0;full;99
[RECV] BS2DCE notify: CD;1;11667;tag=1;local=0xb101;status=0x00806f02;rxf=0x07b6c814;win=8165;pc=8;mask=0xff;resp=8;unexp=0;last_len=20;last_src=0xa107;last_dst=0xb101;last_code=0xe
[RECV] BS2DCE notify: TS;1;11668;f;893;2488;17;631;990;ABCDEFGH;0;10;M;0;S;144;0;full;100
[RECV] BS2DCE notify: TR;2;11668;f;0;ff;ff;2223,2591,2105,1966,2101,2970,2031,1750;2223,2591,2105,1966,2101,2970,2031,1750;100,100,100,100,100,100,100,100;OOOOOOOO
[RECV] BSDC91 notify: TR;2;12020;f;0;ff;ff;2199,1817,2332,2733,1774,1464,2213,2375;2199,1817,2332,2733,1774,1464,2213,2375;100,100,100,100,100,96,100,100;OOOOOOOO
[RECV] BSDC91 notify: TDIAG;wait_ms=75;tx_us=610;rx_us=183;coll_us=8300;range_us=44006;solve_us=11962;out_us=2227;clean_us=30;total_ms=143
[RECV] BSDC91 notify: TS;1;12021;f;1441;1878;1857;767;1054;ABCDEGH;5;10;M;0;S;55;0;full;100
[RECV] BSDC91 notify: TR;2;12021;f;0;ff;df;2171,1816,2448,2833,1776,0,2259,2370;2171,1816,2448,2833,1776,1464,2259,2370;100,100,100,100,100,93,100,100;OOOOOTOO
[RECV] BS2DCE notify: TS;1;11669;f;997;2478;1788;776;1039;ABCDEFGH;0;10;M;0;S;57;0;full;100
[RECV] BS2DCE notify: TR;2;11669;f;0;ff;ff;2264,2614,2028,1799,2092,2506,1956,1694;2264,2614,2028,1799,2092,2506,1956,1694;100,100,100,100,100,100,100,100;OOOOOOOO
[RECV] BSDC91 notify: TS;1;12022;f;1435;1862;1956;820;1186;ABCDEFGH;5;10;M;0;S;101;0;full;99
[RECV] BSDC91 notify: TR;2;12022;f;0;ff;ff;2107,1741,2405,2798,1761,1549,2229,2399;2107,1741,2405,2798,1761,1549,2229,2399;100,100,100,100,100,93,100,100;OOOOOOOO
[RECV] BS2DCE notify: TS;1;11670;f;986;2492;1729;760;1048;ABCDEFGH;0;10;M;0;S;99;0;full;100
[RECV] BS2DCE notify: TR;2;11670;f;0;ff;ff;2235,2629,2017,1739,2154,2509,1945,1722;2235,2629,2017,1739,2154,2509,1945,1722;100,100,100,100,100,100,100,100;OOOOOOOO
[RECV] BS2DCE notify: TDIAG;wait_ms=75;tx_us=671;rx_us=305;coll_us=8087;range_us=579;solve_us=11901;out_us=2319;clean_us=30;total_ms=100
[RECV] BSDC91 notify: TS;1;12023;f;1408;1838;1871;818;1185;ABCDEFGH;5;10;M;0;S;100;0;full;99
[RECV] BSDC91 notify: TR;2;12023;f;0;ff;ff;1984,1681,2420,2635,1801,1496,2339,2446;1984,1681,2420,2635,1801,1496,2339,2446;100,100,100,100,100,93,100,100;OOOOOOOO
[RECV] BS2DCE notify: TS;1;11671;f;1012;2478;1741;790;1126;ABCDEFGH;0;10;M;0;S;101;0;full;100
[RECV] BS2DCE notify: TR;2;11671;f;0;ff;ff;2218,2556,2015,1689,2175,2415,1913,1754;2218,2556,2015,1689,2175,2415,1913,1754;100,100,100,100,100,100,100,100;OOOOOOOO
[RECV] BSDC91 notify: TS;1;12024;f;1342;1817;1771;788;1143;ABCDEFGH;5;10;M;0;S;100;0;full;99
[RECV] BSDC91 notify: TR;2;12024;f;0;ff;ff;1887,1673,2413,2589,1715,1607,2460,2450;1887,1673,2413,2589,1715,1607,2460,2450;100,100,100,100,100,94,100,100;OOOOOOOO
[RECV] BS2DCE notify: TS;1;11672;f;1073;2499;1834;821;1102;ABCDEFGH;0;10;M;0;S;100;0;full;100
[RECV] BS2DCE notify: TR;2;11672;f;0;ff;ff;2301,2556,1937,1786,2141,2418,1849,1710;2301,2556,1937,1786,2141,2418,1849,1710;100,100,100,100,100,100,100,100;OOOOOOOO
[RECV] BSDC91 notify: TS;1;12025;f;1252;1829;1821;791;1107;ABCDEFGH;5;10;M;0;S;100;0;full;99
[RECV] BSDC91 notify: TR;2;12025;f;0;ff;ff;1850,1788,2470,2585,1680,1664,2501,2315;1850,1788,2470,2585,1680,1664,2501,2315;100,100,100,100,100,94,100,100;OOOOOOOO
[RECV] BS2DCE notify: TS;1;11673;f;1087;2475;1887;814;1128;ABCDEFGH;0;10;M;0;S;99;0;full;100
[RECV] BS2DCE notify: TR;2;11673;f;0;ff;ff;2331,2581,2057,1815,2159,2310,1813,1773;2331,2581,2057,1815,2159,2310,1813,1773;100,100,100,100,100,100,100,100;OOOOOOOO
[RECV] BSDC91 notify: TS;1;12026;f;1196;1805;1667;729;1036;ABCDEFGH;5;10;M;0;S;100;0;full;99
[RECV] BSDC91 notify: TR;2;12026;f;0;ff;ff;1762,1776,2495,2543,1678,1761,2628,2363;1762,1776,2495,2543,1678,1761,2628,2363;100,100,100,100,100,94,100,100;OOOOOOOO
[RECV] BS2DCE notify: TS;1;11674;f;1171;2487;1911;858;1133;ABCDEFGH;0;10;M;0;S;100;0;full;100
[RECV] BS2DCE notify: TR;2;11674;f;0;ff;ff;2374,2426,1940,1857,2172,2329,1718,1759;2374,2426,1940,1857,2172,2329,1718,1759;100,100,100,100,100,100,100,100;OOOOOOOO
[RECV] BSDC91 notify: TS;1;12027;f;1185;1799;1716;779;1147;ABCDEFGH;5;10;M;0;S;100;0;full;99
[RECV] BSDC91 notify: TR;2;12027;f;0;ff;ff;1710,1696,2528,2524,1641,1786,2567,2301;1710,1696,2528,2524,1641,1786,2567,2301;100,100,100,100,100,95,100,100;OOOOOOOO
[RECV] BS2DCE notify: TS;1;11675;f;1225;2461;1909;849;1135;ABCDEFGH;0;10;M;0;S;100;0;full;100
[RECV] BS2DCE notify: TR;2;11675;f;0;ff;ff;2442,2324,1990,1895,2170,2289,1678,1854;2442,2324,1990,1895,2170,2289,1678,1854;100,100,100,100,100,100,100,100;OOOOOOOO
[RECV] BSDC91 notify: TS;1;12028;f;1131;1811;1750;791;1106;ABCDEFGH;5;10;M;0;S;100;0;full;99
[RECV] BSDC91 notify: TR;2;12028;f;0;ff;ff;1655,1839,2481,2508,1550,1826,2539,2336;1655,1839,2481,2508,1550,1826,2539,2336;100,100,100,100,100,95,100,100;OOOOOOOO
[RECV] BS2DCE notify: TS;1;11676;f;1285;2437;1977;875;1163;ABCDEFGH;0;10;M;0;S;100;0;full;100
[RECV] BS2DCE notify: TR;2;11676;f;0;ff;ff;2435,2372,1971,1954,2184,2100,1614,1978;2435,2372,1971,1954,2184,2100,1614,1978;100,100,100,100,100,100,100,100;OOOOOOOO
[RECV] BSDC91 notify: TS;1;12029;f;1007;1831;-192;761;1178;ABCDEFGH;5;10;M;0;S;100;0;full;99
[RECV] BSDC91 notify: TR;2;12029;f;0;ff;ff;1527,1945,2450,2473,1560,2015,2613,2343;1527,1945,2450,2473,1560,2015,2613,2343;100,100,100,100,100,95,100,100;OOOOOOOO
[RECV] BS2DCE notify: TS;1;11677;f;1330;2437;1936;840;1077;ABCDEFGH;0;10;M;0;S;101;0;full;100
[RECV] BS2DCE notify: TR;2;11677;f;0;ff;ff;2505,2281,1957,2036,2280,2104,1678,1910;2505,2281,1957,2036,2280,2104,1678,1910;100,100,100,100,100,100,100,100;OOOOOOOO
[RECV] BSDC91 notify: RXG;1;12029;tag=2;mask=0xff;pc=8;guard=1200;spacing=1000;win=8165;pre=1;slot_to_entry_us=0;slot_to_sched_us=0;slot_to_write_done_us=0;slot_to_txcmd_us=274;slot_to_txdone_us=610;txcmd_to_txdone_us=335;txdone_to_rxstart_us=61;txdone_to_rxend_us=183;rxenable
[RECV] BS2DCE notify: RXG;1;11677;tag=1;mask=0xff;pc=8;guard=1200;spacing=1000;win=8165;pre=1;slot_to_entry_us=0;slot_to_sched_us=0;slot_to_write_done_us=0;slot_to_txcmd_us=274;slot_to_txdone_us=610;txcmd_to_txdone_us=335;txdone_to_rxstart_us=91;txdone_to_rxend_us=213;rxenable
[RECV] BSDC91 notify: CD;1;12029;tag=2;local=0xb102;status=0x00806f02;rxf=0x07a6c814;win=8165;pc=8;mask=0xff;resp=8;unexp=0;last_len=20;last_src=0xa107;last_dst=0xb102;last_code=0xe
[RECV] BSDC91 notify: TS;1;12030;f;1023;1859;-324;824;1290;ABCDEFGH;5;10;M;0;S;144;0;full;99
[RECV] BSDC91 notify: TR;2;12030;f;0;ff;ff;1474,1959,2349,2377,1557,2081,2520,2432;1474,1959,2349,2377,1557,2081,2520,2432;100,100,100,100,100,95,100,100;OOOOOOOO
[RECV] BS2DCE notify: CD;1;11677;tag=1;local=0xb101;status=0x00806f02;rxf=0x0756c814;win=8165;pc=8;mask=0xff;resp=8;unexp=0;last_len=20;last_src=0xa107;last_dst=0xb101;last_code=0xe
[RECV] BS2DCE notify: TS;1;11678;f;1354;2423;2004;870;1139;ABCDEFGH;0;10;M;0;S;143;0;full;100
[RECV] BS2DCE notify: TR;2;11678;f;0;ff;ff;2574,2230,1969,2094,2215,2079,1655,1900;2574,2230,1969,2094,2215,2079,1655,1900;100,100,100,100,100,100,100,100;OOOOOOOO
[RECV] BSDC91 notify: TDIAG;wait_ms=75;tx_us=610;rx_us=183;coll_us=8544;range_us=43914;solve_us=11901;out_us=2258;clean_us=30;total_ms=144
[RECV] BSDC91 notify: TS;1;12031;f;954;1831;-230;758;1051;ABCEFGH;5;10;M;0;S;56;0;full;99
[RECV] BSDC91 notify: TR;2;12031;f;0;ff;f7;1510,1892,2630,0,1693,2094,2669,2407;1510,1892,2630,2377,1693,2094,2669,2407;100,100,100,95,100,95,100,100;OOOTOOOO
[RECV] BS2DCE notify: TS;1;11679;f;1366;2404;1975;854;1127;ABCDEFGH;0;10;M;0;S;56;0;full;100
[RECV] BS2DCE notify: TR;2;11679;f;0;ff;ff;2528,2207,1953,2154,2264,2044,1727,1870;2528,2207,1953,2154,2264,2044,1727,1870;100,100,100,100,100,100,100,100;OOOOOOOO
[RECV] BSDC91 notify: TS;1;12032;f;923;1914;-422;846;1242;ABCDEFGH;5;10;M;0;S;101;0;full;99
[RECV] BSDC91 notify: TR;2;12032;f;0;ff;ff;1622,1866,2557,1974,1674,2157,2715,2251;1622,1866,2557,1974,1674,2157,2715,2251;100,100,100,96,100,96,100,100;OOOOOOOO
[RECV] BS2DCE notify: TS;1;11680;f;1418;2370;2045;900;1202;ABCDEFGH;0;10;M;0;S;101;0;full;100
[RECV] BS2DCE notify: TR;2;11680;f;0;ff;ff;2552,2131,1946,2210,2231,1930,1685,1930;2552,2131,1946,2210,2231,1930,1685,1930;100,100,100,100,100,100,100,100;OOOOOOOO
[RECV] BS2DCE notify: TDIAG;wait_ms=75;tx_us=610;rx_us=183;coll_us=8300;range_us=579;solve_us=12084;out_us=2197;clean_us=30;total_ms=100
[RECV] BSDC91 notify: TS;1;12033;f;928;2081;-490;925;1370;ABCDEFGH;5;10;M;0;S;100;0;full;99
[RECV] BSDC91 notify: TR;2;12033;f;0;ff;ff;1747,2014,2263,1827,1707,2255,2487,2073;1747,2014,2263,1827,1707,2255,2487,2073;100,100,100,96,100,96,100,100;OOOOOOOO
[RECV] BS2DCE notify: TS;1;11681;f;1470;2347;2112;921;1220;ABCDEFGH;0;10;M;0;S;100;0;full;100
[RECV] BS2DCE notify: TR;2;11681;f;0;ff;ff;2659,2152,1930,2269,2185,1765,1675,2038;2659,2152,1930,2269,2185,1765,1675,2038;100,100,100,100,100,100,100,100;OOOOOOOO
[RECV] BSDC91 notify: TS;1;12034;f;863;2100;-543;950;1375;ABCDEFGH;5;10;M;0;S;100;0;full;99
[RECV] BSDC91 notify: TR;2;12034;f;0;ff;ff;1658,2057,2287,1787,1732,2354,2537,1971;1658,2057,2287,1787,1732,2354,2537,1971;100,100,100,96,100,96,100,100;OOOOOOOO
[RECV] BS2DCE notify: TS;1;11682;f;1430;2406;1811;736;1107;ABCDEFGH;0;10;M;0;S;99;0;full;100
[RECV] BS2DCE notify: TR;2;11682;f;0;ff;ff;2714,2110,1950,2349,2164,2360,1733,1992;2714,2110,1950,2349,2164,2360,1733,1992;100,100,100,100,100,100,100,100;OOOOOOOO
[RECV] BSDC91 notify: TS;1;12035;f;845;2177;-558;955;1381;ABCDEFGH;5;10;M;0;S;99;0;full;99
[RECV] BSDC91 notify: TR;2;12035;f;0;ff;ff;1688,2146,2210,1733,1786,2486,2461,1895;1688,2146,2210,1733,1786,2486,2461,1895;100,100,100,96,100,96,100,100;OOOOOOOO
[RECV] BS2DCE notify: TS;1;11683;f;1393;2345;1732;727;1134;ABCDEFGH;0;10;M;0;S;101;0;full;100
[RECV] BS2DCE notify: TR;2;11683;f;0;ff;ff;2561,2007,2037,2320,2109,2433,1763,2070;2561,2007,2037,2320,2109,2433,1763,2070;100,100,100,100,100,100,100,100;OOOOOOOO
[RECV] BSDC91 notify: TS;1;12036;f;859;2275;-645;1006;1404;ABCDEFGH;5;10;M;0;S;100;0;full;99
[RECV] BSDC91 notify: TR;2;12036;f;0;ff;ff;1736,2162,2120,1595,1893,2611,2353,1808;1736,2162,2120,1595,1893,2611,2353,1808;100,100,100,96,100,96,100,100;OOOOOOOO
[RECV] BS2DCE notify: TS;1;11684;f;1415;2304;1699;713;1182;ABCDEFGH;0;10;M;0;S;99;0;full;100
[RECV] BS2DCE notify: TR;2;11684;f;0;ff;ff;2630,1902,2066,2444,2014,2505,1835,2089;2630,1902,2066,2444,2014,2505,1835,2089;100,100,100,100,100,100,100,100;OOOOOOOO
[RECV] BSDC91 notify: TS;1;12037;f;851;2316;-616;963;1331;ABCDEFGH;5;10;M;0;S;101;0;full;99
[RECV] BSDC91 notify: TR;2;12037;f;0;ff;ff;1783,2282,2073,1553,1975,2636,2396,1811;1783,2282,2073,1553,1975,2636,2396,1811;100,100,100,96,100,96,100,100;OOOOOOOO
[RECV] BS2DCE notify: TS;1;11685;f;1506;2216;2038;862;1282;ABCDEFGH;0;10;M;0;S;100;0;full;100
[RECV] BS2DCE notify: TR;2;11685;f;0;ff;ff;2781,1909,2091,2401,1967,1782,1881,2172;2781,1909,2091,2401,1967,1782,1881,2172;100,100,100,100,100,100,100,100;OOOOOOOO
[RECV] BSDC91 notify: TS;1;12038;f;867;2368;-584;991;1345;ABCDEFGH;5;10;M;0;S;100;0;full;99
[RECV] BSDC91 notify: TR;2;12038;f;0;ff;ff;1862,2342,2045,1474,2014,2500,2259,1713;1862,2342,2045,1474,2014,2500,2259,1713;100,100,100,96,100,96,100,100;OOOOOOOO
[RECV] BS2DCE notify: TS;1;11686;f;1451;2121;2049;902;1281;ABCDEFGH;0;10;M;0;S;101;0;full;100
[RECV] BS2DCE notify: TR;2;11686;f;0;ff;ff;2414,1871,2134,2427,1969,1654,1984,2154;2414,1871,2134,2427,1969,1654,1984,2154;100,100,100,100,100,100,100,100;OOOOOOOO
[RECV] BSDC91 notify: TS;1;12039;f;853;2406;-383;892;1266;ABCDEFGH;5;10;M;0;S;99;0;full;99
[RECV] BSDC91 notify: TR;2;12039;f;0;ff;ff;2068,2418,2050,1500,1964,2544,2169,1718;2068,2418,2050,1500,1964,2544,2169,1718;100,100,100,96,100,96,100,100;OOOOOOOO
[RECV] BS2DCE notify: TS;1;11687;f;1383;2075;1959;817;1096;ABCDEFGH;0;10;M;0;S;100;0;full;100
[RECV] BS2DCE notify: TR;2;11687;f;0;ff;ff;2275,1992,2254,2482,1893,1746,2019,2276;2275,1992,2254,2482,1893,1746,2019,2276;100,100,100,100,100,100,100,100;OOOOOOOO
[RECV] BSDC91 notify: RXG;1;12039;tag=2;mask=0xff;pc=8;guard=1200;spacing=1000;win=8165;pre=1;slot_to_entry_us=0;slot_to_sched_us=0;slot_to_write_done_us=0;slot_to_txcmd_us=274;slot_to_txdone_us=610;txcmd_to_txdone_us=335;txdone_to_rxstart_us=61;txdone_to_rxend_us=183;rxenable
[RECV] BSDC91 notify: CD;1;12039;tag=2;local=0xb102;status=0x00806f02;rxf=0x0766c814;win=8165;pc=8;mask=0xff;resp=8;unexp=0;last_len=20;last_src=0xa107;last_dst=0xb102;last_code=0xe
[RECV] BSDC91 notify: TS;1;12040;f;919;2481;1591;757;1124;ABCDEFGH;5;10;M;0;S;144;0;full;100
[RECV] BSDC91 notify: TR;2;12040;f;0;ff;ff;2234,2483,2010,1557,2109,2570,2086,1712;2234,2483,2010,1557,2109,2570,2086,1712;100,100,100,100,100,100,100,100;OOOOOOOO
[RECV] BS2DCE notify: RXG;1;11687;tag=1;mask=0xff;pc=8;guard=1200;spacing=1000;win=8165;pre=1;slot_to_entry_us=0;slot_to_sched_us=0;slot_to_write_done_us=0;slot_to_txcmd_us=274;slot_to_txdone_us=610;txcmd_to_txdone_us=335;txdone_to_rxstart_us=61;txdone_to_rxend_us=244;rxenable
[RECV] BSDC91 notify: TDIAG;wait_ms=75;tx_us=610;rx_us=183;coll_us=8300;range_us=44006;solve_us=11779;out_us=2410;clean_us=30;total_ms=143
[RECV] BSDC91 notify: TS;1;12041;f;995;2507;1662;741;1042;ABCDEFGH;5;10;M;0;S;57;0;full;100
[RECV] BS2DCE notify: CD;1;11687;tag=1;local=0xb101;status=0x00806f02;rxf=0x0796c814;win=8165;pc=8;mask=0xff;resp=8;unexp=0;last_len=20;last_src=0xa107;last_dst=0xb101;last_code=0xe
[RECV] BS2DCE notify: TS;1;11688;f;1397;2015;1903;752;1089;ABCDEFGH;0;10;M;0;S;143;0;full;100
[RECV] BS2DCE notify: TR;2;11688;f;0;ff;ff;2300,1918,2354,2674,1874,1789,2118,2259;2300,1918,2354,2674,1874,1789,2118,2259;100,100,100,100,100,100,100,100;OOOOOOOO
[RECV] BSDC91 notify: TR;2;12041;f;0;ff;ff;2342,2519,1997,1698,2107,2638,1963,1738;2342,2519,1997,1698,2107,2638,1963,1738;100,100,100,100,100,100,100,100;OOOOOOOO
[RECV] BS2DCE notify: TS;1;11689;f;1360;1929;1837;728;1072;ABCDEFGH;0;10;M;0;S;57;0;full;100
[RECV] BS2DCE notify: TR;2;11689;f;0;ff;ff;2224,1851,2445,2616,1817,1688,2348,2324;2224,1851,2445,2616,1817,1688,2348,2324;100,100,100,100,100,100,100,100;OOOOOOOO
[RECV] BSDC91 notify: TS;1;12042;f;873;2553;1758;864;1145;ABCDEFG;5;10;M;0;S;97;0;full;100
[RECV] BSDC91 notify: TR;2;12042;f;0;ff;7f;2245,2570,1914,1602,2133,2589,2016,0;2245,2570,1914,1602,2133,2589,2016,1738;100,100,100,100,100,100,100,94;OOOOOOOT
[RECV] BS2DCE notify: TS;1;11690;f;1331;1942;1863;754;1093;ABCDEFGH;0;10;M;0;S;100;0;full;100
[RECV] BS2DCE notify: TR;2;11690;f;0;ff;ff;2188,1867,2464,2525,1829,1671,2323,2299;2188,1867,2464,2525,1829,1671,2323,2299;100,100,100,100,100,100,100,100;OOOOOOOO
[RECV] BS2DCE notify: TDIAG;wait_ms=75;tx_us=610;rx_us=213;coll_us=8300;range_us=549;solve_us=12084;out_us=2197;clean_us=30;total_ms=100
[RECV] BSDC91 notify: TS;1;12043;f;965;2542;1726;801;1159;ABCDEFGH;5;10;M;0;S;102;0;full;99
[RECV] BSDC91 notify: TR;2;12043;f;0;ff;ff;2249,2643,1934,1585,2181,2505,1917,1672;2249,2643,1934,1585,2181,2505,1917,1672;100,100,100,100,100,100,100,95;OOOOOOOO
[RECV] BS2DCE notify: TS;1;11691;f;1338;1951;1692;703;1046;ABCDEFGH;0;10;M;0;S;99;0;full;100
[RECV] BS2DCE notify: TR;2;11691;f;0;ff;ff;2115,1812,2401,2449,1930,1737,2393,2359;2115,1812,2401,2449,1930,1737,2393,2359;100,100,100,100,100,100,100,100;OOOOOOOO
[RECV] BSDC91 notify: TS;1;12044;f;1005;2579;1770;823;1131;ABCDEFGH;5;10;M;0;S;100;0;full;99
[RECV] BSDC91 notify: TR;2;12044;f;0;ff;ff;2261,2643,1868,1635,2262,2522,1841,1572;2261,2643,1868,1635,2262,2522,1841,1572;100,100,100,100,100,100,100,95;OOOOOOOO
[RECV] BS2DCE notify: TS;1;11692;f;1267;1914;1784;750;1029;ABCDEFGH;0;10;M;0;S;101;0;full;100
[RECV] BS2DCE notify: TR;2;11692;f;0;ff;ff;1989,1891,2401,2503,1781,1717,2440,2309;1989,1891,2401,2503,1781,1717,2440,2309;100,100,100,100,100,100,100,100;OOOOOOOO
[RECV] BSDC91 notify: TS;1;12045;f;1054;2577;1879;871;1227;ABCDEFGH;5;10;M;0;S;100;0;full;99
[RECV] BSDC91 notify: TR;2;12045;f;0;ff;ff;2329,2533,1966,1633,2263,2503,1652,1616;2329,2533,1966,1633,2263,2503,1652,1616;100,100,100,100,100,100,100,95;OOOOOOOO
[RECV] BS2DCE notify: TS;1;11693;f;1218;1895;1666;702;975;ABCDEFGH;0;10;M;0;S;100;0;full;100
[RECV] BS2DCE notify: TR;2;11693;f;0;ff;ff;1865,1884,2421,2540,1812,1828,2516,2290;1865,1884,2421,2540,1812,1828,2516,2290;100,100,100,100,100,100,100,100;OOOOOOOO
[RECV] BSDC91 notify: TS;1;12046;f;1175;2589;1820;846;1186;ABCDEFGH;5;10;M;0;S;100;0;full;99
[RECV] BSDC91 notify: TR;2;12046;f;0;ff;ff;2424,2506,1736,1746,2277,2438,1701,1681;2424,2506,1736,1746,2277,2438,1701,1681;100,100,100,100,100,100,100,95;OOOOOOOO
[RECV] BS2DCE notify: TS;1;11694;f;1266;1853;1879;782;1114;ABCDEFGH;0;10;M;0;S;99;0;full;100
[RECV] BS2DCE notify: TR;2;11694;f;0;ff;ff;1813,1938,2411,2883,1749,1724,2395,2190;1813,1938,2411,2883,1749,1724,2395,2190;100,100,100,100,100,100,100,100;OOOOOOOO
[RECV] BSDC91 notify: TS;1;12047;f;1197;2521;1988;913;1240;ABCDEFGH;5;10;M;0;S;100;0;full;99
[RECV] BSDC91 notify: TR;2;12047;f;0;ff;ff;2443,2369,1954,1792,2226,2303,1580,1732;2443,2369,1954,1792,2226,2303,1580,1732;100,100,100,100,100,100,100,95;OOOOOOOO
[RECV] BS2DCE notify: TS;1;11695;f;1118;1944;1760;747;994;ABCDEFGH;0;10;M;0;S;101;0;full;100
[RECV] BS2DCE notify: TR;2;11695;f;0;ff;ff;1857,2045,2440,2370,1712,1877,2460,2236;1857,2045,2440,2370,1712,1877,2460,2236;100,100,100,100,100,100,100,100;OOOOOOOO
[RECV] BSDC91 notify: TS;1;12048;f;1235;2543;1948;879;1219;ABCDEFGH;5;10;M;0;S;100;0;full;99
[RECV] BSDC91 notify: TR;2;12048;f;0;ff;ff;2520,2417,1902,1792,2266,2276,1573,1808;2520,2417,1902,1792,2266,2276,1573,1808;100,100,100,100,100,100,100,96;OOOOOOOO
[RECV] BS2DCE notify: TS;1;11696;f;1023;1933;1784;761;1128;ABCDEFGH;0;10;M;0;S;99;0;full;100
[RECV] BS2DCE notify: TR;2;11696;f;0;ff;ff;1694,2203,2494,2357,1648,1933,2412,2261;1694,2203,2494,2357,1648,1933,2412,2261;100,100,100,100,100,100,100,100;OOOOOOOO
[RECV] BSDC91 notify: TS;1;12049;f;1281;2535;1973;885;1160;ABCDEFGH;5;10;M;0;S;100;0;full;99
[RECV] BS2DCE notify: TS;1;11697;f;993;1900;1749;743;1096;ABCDEFGH;0;10;M;0;S;100;0;full;100
[RECV] BS2DCE notify: TR;2;11697;f;0;ff;ff;1671,2098,2599,2382,1653,1991,2495,2184;1671,2098,2599,2382,1653,1991,2495,2184;100,100,100,100,100,100,100,100;OOOOOOOO
[RECV] BSDC91 notify: TR;2;12049;f;0;ff;ff;2470,2445,1848,1915,2267,2264,1506,1854;2470,2445,1848,1915,2267,2264,1506,1854;100,100,100,100,100,100,100,96;OOOOOOOO
[RECV] BSDC91 notify: RXG;1;12049;tag=2;mask=0xff;pc=8;guard=1200;spacing=1000;win=8165;pre=1;slot_to_entry_us=0;slot_to_sched_us=0;slot_to_write_done_us=0;slot_to_txcmd_us=274;slot_to_txdone_us=610;txcmd_to_txdone_us=335;txdone_to_rxstart_us=61;txdone_to_rxend_us=183;rxenable
[RECV] BSDC91 notify: CD;1;12049;tag=2;local=0xb102;status=0x00806f02;rxf=0x0786c814;win=8165;pc=8;mask=0xff;resp=8;unexp=0;last_len=20;last_src=0xa107;last_dst=0xb102;last_code=0xe
[RECV] BSDC91 notify: TS;1;12050;f;1360;2534;1996;895;1188;ABCDEFGH;5;10;M;0;S;144;0;full;99
[RECV] BSDC91 notify: TR;2;12050;f;0;ff;ff;2570,2387,1803,1956,2304,2165,1465,1929;2570,2387,1803,1956,2304,2165,1465,1929;100,100,100,100,100,100,100,96;OOOOOOOO
[RECV] BS2DCE notify: RXG;1;11697;tag=1;mask=0xff;pc=8;guard=1200;spacing=1000;win=8165;pre=1;slot_to_entry_us=0;slot_to_sched_us=0;slot_to_write_done_us=0;slot_to_txcmd_us=274;slot_to_txdone_us=610;txcmd_to_txdone_us=335;txdone_to_rxstart_us=61;txdone_to_rxend_us=213;rxenable
[RECV] BSDC91 notify: TDIAG;wait_ms=75;tx_us=610;rx_us=183;coll_us=8300;range_us=44036;solve_us=11993;out_us=2227;clean_us=30;total_ms=143
[RECV] BS2DCE notify: CD;1;11697;tag=1;local=0xb101;status=0x00806f02;rxf=0x0796c814;win=8165;pc=8;mask=0xff;resp=8;unexp=0;last_len=20;last_src=0xa107;last_dst=0xb101;last_code=0xe
[RECV] BS2DCE notify: TS;1;11698;f;978;1881;1649;668;973;ABCDEFGH;0;10;M;0;S;144;0;full;100
[RECV] BSDC91 notify: TS;1;12051;f;1327;2625;1771;762;1057;ACDEGH;5;10;M;0;S;52;0;full;99
[RECV] BSDC91 notify: TR;2;12051;f;0;ff;dd;2623,0,1743,2039,2304,0,1506,2191;2623,2387,1743,2039,2304,2165,1506,2191;100,96,100,100,100,96,100,96;OTOOOTOO
[RECV] BS2DCE notify: TR;2;11698;f;0;ff;ff;1713,2070,2774,2355,1694,2072,2475,2297;1713,2070,2774,2355,1694,2072,2475,2297;100,100,100,100,100,100,100,100;OOOOOOOO
[RECV] BS2DCE notify: TS;1;11699;f;961;1861;1580;656;989;ABCDEFGH;0;10;M;0;S;57;0;full;100
[RECV] BS2DCE notify: TR;2;11699;f;0;ff;ff;1635,2077,2757,2332,1679,2084,2490,2399;1635,2077,2757,2332,1679,2084,2490,2399;100,100,100,100,100,100,100,100;OOOOOOOO
[RECV] BSDC91 notify: TS;1;12052;f;1452;2501;1995;878;1189;ABCDEFGH;5;10;M;0;S;105;0;full;98
[RECV] BSDC91 notify: TR;2;12052;f;0;ff;ff;2683,2288,1788,2078,2340,2035,1509,2012;2683,2288,1788,2078,2340,2035,1509,2012;100,96,100,100,100,96,100,96;OOOOOOOO
[RECV] BS2DCE notify: TS;1;11700;f;918;1870;-64;639;983;ABCDEFGH;0;10;M;0;S;99;0;full;100
[RECV] BS2DCE notify: TR;2;11700;f;0;ff;ff;1631,2092,2777,2248,1674,2172,2596,2409;1631,2092,2777,2248,1674,2172,2596,2409;100,100,100,100,100,100,100,100;OOOOOOOO
[RECV] BS2DCE notify: TDIAG;wait_ms=75;tx_us=610;rx_us=274;coll_us=8239;range_us=579;solve_us=11871;out_us=2349;clean_us=30;total_ms=100
[RECV] BS2DCE notify: TS;1;11701;f;1043;1899;-270;702;1111;ABCDEFGH;0;10;M;0;S;101;0;full;100
[RECV] BS2DCE notify: TR;2;11701;f;0;ff;ff;1670,2051,2439,2157,1736,2159,2621,2611;1670,2051,2439,2157,1736,2159,2621,2611;100,100,100,100,100,100,100,100;OOOOOOOO
[RECV] BSDC91 notify: TS;1;12053;f;1431;2455;2063;902;1198;ABCDEFGH;5;10;M;0;S;100;0;full;98
[RECV] BSDC91 notify: TR;2;12053;f;0;ff;ff;2647,2299,1862,2121,2350,1863,1593,1951;2647,2299,1862,2121,2350,1863,1593,1951;100,96,100,100,100,96,100,96;OOOOOOOO
[RECV] BSDC91 notify: TS;1;12054;f;1430;2427;2068;925;1271;ABCDEFGH;5;10;M;0;S;100;0;full;98
[RECV] BSDC91 notify: TR;2;12054;f;0;ff;ff;2526,2258,1811,2195,2344,1856,1650,1881;2526,2258,1811,2195,2344,1856,1650,1881;100,96,100,100,100,96,100,96;OOOOOOOO
[RECV] BS2DCE notify: TS;1;11702;f;1091;1922;-335;741;1208;ABCDEFGH;0;10;M;0;S;99;0;full;100
[RECV] BS2DCE notify: TR;2;11702;f;0;ff;ff;1755,2009,2325,2078,1713,2172,2576,2708;1755,2009,2325,2078,1713,2172,2576,2708;100,100,100,100,100,100,100,100;OOOOOOOO
[RECV] BSDC91 notify: TS;1;12055;f;1476;2402;2097;927;1259;ABCDEFGH;5;10;M;0;S;100;0;full;98
[RECV] BSDC91 notify: TR;2;12055;f;0;ff;ff;2637,2231,1843,2205,2285,1762,1608,2045;2637,2231,1843,2205,2285,1762,1608,2045;100,96,100,100,100,96,100,96;OOOOOOOO
[RECV] BS2DCE notify: TS;1;11703;f;961;2012;-273;756;1074;ABCDEFGH;0;10;M;0;S;100;0;full;100
[RECV] BS2DCE notify: TR;2;11703;f;0;ff;ff;1734,2029,2526,2017,1827,2205,2520,2201;1734,2029,2526,2017,1827,2205,2520,2201;100,100,100,100,100,100,100,100;OOOOOOOO
[RECV] BSDC91 notify: TS;1;12056;f;1584;2524;2195;941;1331;ABCDEFGH;5;10;M;0;S;99;0;full;100
[RECV] BSDC91 notify: TR;2;12056;f;0;ff;ff;3423,2154,1853,2250,2267,1811,1469,1933;3423,2154,1853,2250,2267,1811,1469,1933;100,100,100,100,100,100,100,100;OOOOOOOO
[RECV] BS2DCE notify: TS;1;11704;f;863;1990;1606;699;1021;ABCDEFGH;0;10;M;0;S;100;0;full;100
[RECV] BS2DCE notify: TR;2;11704;f;0;ff;ff;1798,2079,2777,2002,1715,2250,2476,2164;1798,2079,2777,2002,1715,2250,2476,2164;100,100,100,100,100,100,100,100;OOOOOOOO
[RECV] BSDC91 notify: TS;1;12057;f;1632;2565;2020;845;1329;ABCDEFGH;5;10;M;0;S;100;0;full;100
[RECV] BSDC91 notify: TR;2;12057;f;0;ff;ff;3606,2066,1844,2262,2237,2118,1491,2019;3606,2066,1844,2262,2237,2118,1491,2019;100,100,100,100,100,100,100,100;OOOOOOOO
[RECV] BS2DCE notify: TS;1;11705;f;866;2063;1587;731;1044;ABCDEFGH;0;10;M;0;S;100;0;full;100
[RECV] BS2DCE notify: TR;2;11705;f;0;ff;ff;1812,2063,2595,1933,1762,2321,2431,2039;1812,2063,2595,1933,1762,2321,2431,2039;100,100,100,100,100,100,100,100;OOOOOOOO
[RECV] BSDC91 notify: TS;1;12058;f;1507;2432;1860;780;1131;ABCDEFGH;5;10;M;0;S;100;0;full;100
[RECV] BSDC91 notify: TR;2;12058;f;0;ff;ff;2713,2108,1872,2348,2210,2316,1540,2112;2713,2108,1872,2348,2210,2316,1540,2112;100,100,100,100,100,100,100,100;OOOOOOOO
[RECV] BS2DCE notify: TS;1;11706;f;933;2130;-360;841;1223;ABCDEFGH;0;10;M;0;S;100;0;full;100
[RECV] BS2DCE notify: TR;2;11706;f;0;ff;ff;1818,2079,2322,1884,1808,2332,2395,2017;1818,2079,2322,1884,1808,2332,2395,2017;100,100,100,100,100,100,100,100;OOOOOOOO
[RECV] BSDC91 notify: TS;1;12059;f;1547;2497;1850;714;1107;ABCDEFGH;5;10;M;0;S;100;0;full;100
[RECV] BSDC91 notify: TR;2;12059;f;0;ff;ff;3165,2163,1915,2398,2207,2331,1583,2072;3165,2163,1915,2398,2207,2331,1583,2072;100,100,100,100,100,100,100,100;OOOOOOOO
[RECV] BS2DCE notify: TS;1;11707;f;914;2151;-381;854;1267;ABCDEFGH;0;10;M;0;S;101;0;full;100
[RECV] BS2DCE notify: TR;2;11707;f;0;ff;ff;1834,2123,2262,1851,1787,2372,2410,1992;1834,2123,2262,1851,1787,2372,2410,1992;100,100,100,100,100,100,100,100;OOOOOOOO
[RECV] BSDC91 notify: RXG;1;12059;tag=2;mask=0xff;pc=8;guard=1200;spacing=1000;win=8165;pre=1;slot_to_entry_us=0;slot_to_sched_us=0;slot_to_write_done_us=0;slot_to_txcmd_us=274;slot_to_txdone_us=610;txcmd_to_txdone_us=335;txdone_to_rxstart_us=61;txdone_to_rxend_us=183;rxenable
[RECV] BSDC91 notify: CD;1;12059;tag=2;local=0xb102;status=0x00806f02;rxf=0x07a6c814;win=8165;pc=8;mask=0xff;resp=8;unexp=0;last_len=20;last_src=0xa107;last_dst=0xb102;last_code=0xe
[RECV] BSDC91 notify: TS;1;12060;f;1512;2422;2056;865;1239;ABCDEFGH;5;10;M;0;S;144;0;full;100
[RECV] BSDC91 notify: TR;2;12060;f;0;ff;ff;2905,2107,1884,2371,2165,2046,1603,1959;2905,2107,1884,2371,2165,2046,1603,1959;100,100,100,100,100,100,100,100;OOOOOOOO
[RECV] BS2DCE notify: RXG;1;11707;tag=1;mask=0xff;pc=8;guard=1200;spacing=1000;win=8165;pre=1;slot_to_entry_us=0;slot_to_sched_us=0;slot_to_write_done_us=0;slot_to_txcmd_us=274;slot_to_txdone_us=610;txcmd_to_txdone_us=335;txdone_to_rxstart_us=91;txdone_to_rxend_us=213;rxenable
[RECV] BSDC91 notify: TDIAG;wait_ms=75;tx_us=610;rx_us=183;coll_us=8422;range_us=44036;solve_us=11932;out_us=2258;clean_us=30;total_ms=144
[RECV] BS2DCE notify: CD;1;11707;tag=1;local=0xb101;status=0x00806f02;rxf=0x0786c814;win=8165;pc=8;mask=0xff;resp=8;unexp=0;last_len=20;last_src=0xa107;last_dst=0xb101;last_code=0xe
[RECV] BS2DCE notify: TS;1;11708;f;896;2169;-371;860;1269;ABCDEFGH;0;10;M;0;S;143;0;full;100
[RECV] BS2DCE notify: TR;2;11708;f;0;ff;ff;1858,2041,2309,1873,1787,2469,2355,1915;1858,2041,2309,1873,1787,2469,2355,1915;100,100,100,100,100,100,100,100;OOOOOOOO
[RECV] BSDC91 notify: TS;1;12061;f;1482;2351;2003;839;1235;ABCDEFGH;5;10;M;0;S;57;0;full;100
[RECV] BSDC91 notify: TR;2;12061;f;0;ff;ff;2706,2037,2027,2386,2154,2078,1603,2050;2706,2037,2027,2386,2154,2078,1603,2050;100,100,100,100,100,100,100,100;OOOOOOOO
[RECV] BS2DCE notify: TS;1;11709;f;909;2194;-434;859;1279;ABCDEFGH;0;10;M;0;S;56;0;full;100
[RECV] BS2DCE notify: TR;2;11709;f;0;ff;ff;1927,2097,2189,1786,1838,2475,2473,1957;1927,2097,2189,1786,1838,2475,2473,1957;100,100,100,100,100,100,100,100;OOOOOOOO
[RECV] BSDC91 notify: TS;1;12062;f;1545;2345;1958;831;1240;ABCDEFGH;5;10;M;0;S;99;0;full;100
[RECV] BSDC91 notify: TR;2;12062;f;0;ff;ff;2711,1980,1936,2435,2167,2086,1600,2136;2711,1980,1936,2435,2167,2086,1600,2136;100,100,100,100,100,100,100,100;OOOOOOOO
[RECV] BS2DCE notify: TS;1;11710;f;1015;2158;1579;822;1216;ABCDEGH;0;10;M;0;S;98;0;full;100
[RECV] BS2DCE notify: TR;2;11710;f;0;ff;df;1920,2186,2246,1727,1836,0,2419,1971;1920,2186,2246,1727,1836,2475,2419,1971;100,100,100,100,100,95,100,100;OOOOOTOO
[RECV] BS2DCE notify: TDIAG;wait_ms=75;tx_us=610;rx_us=213;coll_us=8361;range_us=549;solve_us=9399;out_us=2349;clean_us=30;total_ms=97
[RECV] BSDC91 notify: TS;1;12063;f;1563;2311;2003;843;1281;ABCDEFGH;5;10;M;0;S;100;0;full;100
[RECV] BSDC91 notify: TR;2;12063;f;0;ff;ff;2805,1937,2007,2420,2165,1929,1646,2170;2805,1937,2007,2420,2165,1929,1646,2170;100,100,100,100,100,100,100,100;OOOOOOOO
[RECV] BS2DCE notify: TS;1;11711;f;877;2242;-421;864;1287;ABCDEFGH;0;10;M;0;S;103;0;full;99
[RECV] BS2DCE notify: TR;2;11711;f;0;ff;ff;1890,2181,2201,1755,1848,2572,2334,1917;1890,2181,2201,1755,1848,2572,2334,1917;100,100,100,100,100,95,100,100;OOOOOOOO
[RECV] BSDC91 notify: TS;1;12064;f;1516;2263;1943;805;1184;ABCDEFGH;5;10;M;0;S;100;0;full;100
[RECV] BSDC91 notify: TR;2;12064;f;0;ff;ff;2641,1977,2044,2464,2088,1977,1729,2210;2641,1977,2044,2464,2088,1977,1729,2210;100,100,100,100,100,100,100,100;OOOOOOOO
[RECV] BS2DCE notify: TS;1;11712;f;894;2281;-501;904;1303;ABCDEFGH;0;10;M;0;S;100;0;full;99
[RECV] BS2DCE notify: TR;2;11712;f;0;ff;ff;1942,2148,2136,1655,1915,2576,2353,1874;1942,2148,2136,1655,1915,2576,2353,1874;100,100,100,100,100,96,100,100;OOOOOOOO
[RECV] BSDC91 notify: TS;1;12065;f;1538;2213;2010;843;1260;ABCDEFGH;5;10;M;0;S;100;0;full;100
[RECV] BSDC91 notify: TR;2;12065;f;0;ff;ff;2665,1900,2081,2499,2097,1790,1809,2183;2665,1900,2081,2499,2097,1790,1809,2183;100,100,100,100,100,100,100,100;OOOOOOOO
[RECV] BS2DCE notify: TS;1;11713;f;872;2299;-360;850;1269;ABCDEFGH;0;10;M;0;S;100;0;full;99
[RECV] BS2DCE notify: TR;2;11713;f;0;ff;ff;2006,2234,2171,1707,1870,2586,2272,1832;2006,2234,2171,1707,1870,2586,2272,1832;100,100,100,100,100,96,100,100;OOOOOOOO
[RECV] BSDC91 notify: TS;1;12066;f;1512;2205;2075;884;1364;ABCDEFGH;5;10;M;0;S;100;0;full;100
[RECV] BSDC91 notify: TR;2;12066;f;0;ff;ff;2690,1841,2176,2487,1994,1859,1701,2174;2690,1841,2176,2487,1994,1859,1701,2174;100,100,100,100,100,100,100,100;OOOOOOOO
[RECV] BS2DCE notify: TS;1;11714;f;859;2309;-429;884;1338;ABCDEFGH;0;10;M;0;S;100;0;full;99
[RECV] BS2DCE notify: TR;2;11714;f;0;ff;ff;1982,2259,2103,1666,1847,2624,2303,1832;1982,2259,2103,1666,1847,2624,2303,1832;100,100,100,100,100,96,100,100;OOOOOOOO
[RECV] BSDC91 notify: TS;1;12067;f;1581;2191;2096;882;1306;ABCDEFGH;5;10;M;0;S;100;0;full;100
[RECV] BSDC91 notify: TR;2;12067;f;0;ff;ff;2839,1881,2072,2545,2019,1635,1831,2228;2839,1881,2072,2545,2019,1635,1831,2228;100,100,100,100,100,100,100,100;OOOOOOOO
[RECV] BS2DCE notify: TS;1;11715;f;896;2302;-355;837;1217;ABCDEFGH;0;10;M;0;S;99;0;full;99
[RECV] BS2DCE notify: TR;2;11715;f;0;ff;ff;2006,2269,2192,1669,1928,2519,2257,1880;2006,2269,2192,1669,1928,2519,2257,1880;100,100,100,100,100,96,100,100;OOOOOOOO
[RECV] BSDC91 notify: TS;1;12068;f;1613;2209;2071;839;1298;ABCDEFGH;5;10;M;0;S;100;0;full;100
[RECV] BSDC91 notify: TR;2;12068;f;0;ff;ff;3156,1876,2151,2547,1988,1645,1855,2256;3156,1876,2151,2547,1988,1645,1855,2256;100,100,100,100,100,100,100,100;OOOOOOOO
[RECV] BS2DCE notify: TS;1;11716;f;1031;2259;1876;922;1360;ABCDEFGH;0;10;M;0;S;101;0;full;99
[RECV] BS2DCE notify: TR;2;11716;f;0;ff;ff;2076,2256,2142,1691,1990,1826,2298,1781;2076,2256,2142,1691,1990,1826,2298,1781;100,100,100,100,100,96,100,100;OOOOOOOO
[RECV] BSDC91 notify: TS;1;12069;f;1482;2089;2016;850;1246;ABCDEFGH;5;10;M;0;S;100;0;full;100
[RECV] BSDC91 notify: TR;2;12069;f;0;ff;ff;2499,1852,2215,2522,1926,1673,1976,2268;2499,1852,2215,2522,1926,1673,1976,2268;100,100,100,100,100,100,100,100;OOOOOOOO
[RECV] BS2DCE notify: TS;1;11717;f;906;2372;-363;827;1211;ABCDEFGH;0;10;M;0;S;100;0;full;99
[RECV] BS2DCE notify: TR;2;11717;f;0;ff;ff;2097,2334,2106,1610,1995,2612,2213,1857;2097,2334,2106,1610,1995,2612,2213,1857;100,100,100,100,100,96,100,100;OOOOOOOO
[RECV] BSDC91 notify: RXG;1;12069;tag=2;mask=0xff;pc=8;guard=1200;spacing=1000;win=8165;pre=1;slot_to_entry_us=0;slot_to_sched_us=0;slot_to_write_done_us=0;slot_to_txcmd_us=274;slot_to_txdone_us=610;txcmd_to_txdone_us=335;txdone_to_rxstart_us=61;txdone_to_rxend_us=183;rxenable
[RECV] BSDC91 notify: CD;1;12069;tag=2;local=0xb102;status=0x00806f02;rxf=0x0756c814;win=8165;pc=8;mask=0xff;resp=8;unexp=0;last_len=20;last_src=0xa107;last_dst=0xb102;last_code=0xe
[RECV] BSDC91 notify: TS;1;12070;f;1487;2029;2006;869;1266;ABCDEFGH;5;10;M;0;S;144;0;full;100
[RECV] BS2DCE notify: RXG;1;11717;tag=1;mask=0xff;pc=8;guard=1200;spacing=1000;win=8165;pre=1;slot_to_entry_us=0;slot_to_sched_us=0;slot_to_write_done_us=0;slot_to_txcmd_us=274;slot_to_txdone_us=610;txcmd_to_txdone_us=335;txdone_to_rxstart_us=61;txdone_to_rxend_us=183;rxenable
[RECV] BSDC91 notify: TR;2;12070;f;0;ff;ff;2304,1783,2246,2577,1941,1616,1971,2326;2304,1783,2246,2577,1941,1616,1971,2326;100,100,100,100,100,100,100,100;OOOOOOOO
[RECV] BSDC91 notify: TDIAG;wait_ms=75;tx_us=610;rx_us=183;coll_us=8300;range_us=44036;solve_us=11779;out_us=2410;clean_us=30;total_ms=143
[RECV] BSDC91 notify: TS;1;12071;f;1478;2001;2066;904;1327;ABCDEFGH;5;10;M;0;S;56;0;full;100
[RECV] BS2DCE notify: CD;1;11717;tag=1;local=0xb101;status=0x00806f02;rxf=0x0756c814;win=8165;pc=8;mask=0xff;resp=8;unexp=0;last_len=20;last_src=0xa107;last_dst=0xb101;last_code=0xe
[RECV] BS2DCE notify: TS;1;11718;f;913;2402;-292;791;1150;ABCDEFGH;0;10;M;0;S;144;0;full;99
[RECV] BS2DCE notify: TR;2;11718;f;0;ff;ff;2173,2374,2055,1668,2040,2608,2218,1791;2173,2374,2055,1668,2040,2608,2218,1791;100,100,100,100,100,96,100,100;OOOOOOOO
[RECV] BSDC91 notify: TR;2;12071;f;0;ff;ff;2330,1747,2302,2559,1866,1555,1971,2343;2330,1747,2302,2559,1866,1555,1971,2343;100,100,100,100,100,100,100,100;OOOOOOOO
[RECV] BS2DCE notify: TS;1;11719;f;724;2318;1673;692;1071;ABDEFGH;0;10;M;0;S;54;0;full;99
[RECV] BS2DCE notify: TR;2;11719;f;0;ff;fb;2307,2469,0,1697,2035,2525,2122,1792;2307,2469,2055,1697,2035,2525,2122,1792;100,100,96,100,100,96,100,100;OOTOOOOO
[RECV] BSDC91 notify: TS;1;12072;f;1468;1949;2069;880;1270;ABCDEFGH;5;10;M;0;S;100;0;full;100
[RECV] BSDC91 notify: TR;2;12072;f;0;ff;ff;2301,1776,2368,2656,1885,1436,2106,2307;2301,1776,2368,2656,1885,1436,2106,2307;100,100,100,100,100,100,100,100;OOOOOOOO
[RECV] BS2DCE notify: TS;1;11720;f;995;2471;1666;714;1016;ABCDEFGH;0;10;M;0;S;102;0;full;100
[RECV] BS2DCE notify: TR;2;11720;f;0;ff;ff;2380,2562,2022,1750,2061,2534,2097,1779;2380,2562,2022,1750,2061,2534,2097,1779;100,100,100,100,100,100,100,100;OOOOOOOO
[RECV] BS2DCE notify: TDIAG;wait_ms=76;tx_us=610;rx_us=183;coll_us=8331;range_us=549;solve_us=12054;out_us=2227;clean_us=30;total_ms=101
[RECV] BSDC91 notify: TS;1;12073;f;1457;1929;1989;820;1152;ABCDEFGH;5;10;M;0;S;100;0;full;100
[RECV] BSDC91 notify: TR;2;12073;f;0;ff;ff;2235,1831,2366,2722,1872,1491,2162,2370;2235,1831,2366,2722,1872,1491,2162,2370;100,100,100,100,100,100,100,100;OOOOOOOO
[RECV] BS2DCE notify: TS;1;11721;f;1010;2428;1726;704;936;ABCDEFGH;0;10;M;0;S;99;0;full;100
[RECV] BS2DCE notify: TR;2;11721;f;0;ff;ff;2280,2582,2113,1940,2071,2536,2031,1767;2280,2582,2113,1940,2071,2536,2031,1767;100,100,100,100,100,100,100,100;OOOOOOOO
[RECV] BSDC91 notify: TS;1;12074;f;1400;1904;1997;827;1120;ABCDEFGH;5;10;M;0;S;100;0;full;100
[RECV] BSDC91 notify: TR;2;12074;f;0;ff;ff;2139,1874,2405,2706,1801,1494,2212,2359;2139,1874,2405,2706,1801,1494,2212,2359;100,100,100,100,100,100,100,100;OOOOOOOO
[RECV] BS2DCE notify: TS;1;11722;f;974;2451;1699;708;927;ABCDEFGH;0;10;M;0;S;101;0;full;100
[RECV] BS2DCE notify: TR;2;11722;f;0;ff;ff;2269,2570,2111,1863,2117,2580,2056,1700;2269,2570,2111,1863,2117,2580,2056,1700;100,100,100,100,100,100,100,100;OOOOOOOO
[RECV] BSDC91 notify: TS;1;12075;f;1447;1843;1945;802;1149;ABCDEFGH;5;10;M;0;S;100;0;full;100
[RECV] BSDC91 notify: TR;2;12075;f;0;ff;ff;2142,1754,2394,2845,1745,1502,2302,2422;2142,1754,2394,2845,1745,1502,2302,2422;100,100,100,100,100,100,100,100;OOOOOOOO
[RECV] BS2DCE notify: TS;1;11723;f;1042;2479;1736;743;1006;ABCDEFGH;0;10;M;0;S;100;0;full;100
[RECV] BS2DCE notify: TR;2;11723;f;0;ff;ff;2299,2602,1999,1824,2129,2487,1938,1782;2299,2602,1999,1824,2129,2487,1938,1782;100,100,100,100,100,100,100,100;OOOOOOOO
[RECV] BSDC91 notify: TS;1;12076;f;1386;1848;1913;814;1172;ABCDEFGH;5;10;M;0;S;100;0;full;100
[RECV] BSDC91 notify: TR;2;12076;f;0;ff;ff;2068,1737,2439,2646,1756,1498,2374,2394;2068,1737,2439,2646,1756,1498,2374,2394;100,100,100,100,100,100,100,100;OOOOOOOO
[RECV] BS2DCE notify: TS;1;11724;f;991;2497;-121;748;1024;ABCDEFGH;0;10;M;0;S;99;0;full;100
[RECV] BS2DCE notify: TR;2;11724;f;0;ff;ff;2186,2631,1997,1707,2197,2495,1937,1727;2186,2631,1997,1707,2197,2495,1937,1727;100,100,100,100,100,100,100,100;OOOOOOOO
[RECV] BSDC91 notify: TS;1;12077;f;1370;1851;1957;881;1242;ABCDEFGH;5;10;M;0;S;100;0;full;100
[RECV] BSDC91 notify: TR;2;12077;f;0;ff;ff;1933,1704,2378,2623,1746,1489,2324,2335;1933,1704,2378,2623,1746,1489,2324,2335;100,100,100,100,100,100,100,100;OOOOOOOO
[RECV] BS2DCE notify: TS;1;11725;f;1040;2470;1800;785;1093;ABCDEFGH;0;10;M;0;S;101;0;full;100
[RECV] BS2DCE notify: TR;2;11725;f;0;ff;ff;2258,2580,2052,1777,2187,2369,1904,1745;2258,2580,2052,1777,2187,2369,1904,1745;100,100,100,100,100,100,100,100;OOOOOOOO
[RECV] BSDC91 notify: TS;1;12078;f;1314;1803;1781;762;1092;ABCDEFGH;5;10;M;0;S;100;0;full;100
[RECV] BSDC91 notify: TR;2;12078;f;0;ff;ff;1850,1733,2492,2678,1755,1614,2457,2411;1850,1733,2492,2678,1755,1614,2457,2411;100,100,100,100,100,100,100,100;OOOOOOOO
[RECV] BS2DCE notify: TS;1;11726;f;1089;2475;1802;774;1053;ABCDEFGH;0;10;M;0;S;99;0;full;100
[RECV] BS2DCE notify: TR;2;11726;f;0;ff;ff;2256,2601,2042,1837,2233,2350,1805,1820;2256,2601,2042,1837,2233,2350,1805,1820;100,100,100,100,100,100,100,100;OOOOOOOO
[RECV] BSDC91 notify: TS;1;12079;f;1237;1797;1733;733;1031;ABCDEFGH;5;10;M;0;S;100;0;full;100
[RECV] BSDC91 notify: TR;2;12079;f;0;ff;ff;1804,1796,2498,2671,1677,1723,2564,2370;1804,1796,2498,2671,1677,1723,2564,2370;100,100,100,100,100,100,100,100;OOOOOOOO
[RECV] BS2DCE notify: TS;1;11727;f;1127;2504;1904;854;1147;ABCDEFGH;0;10;M;0;S;100;0;full;100
[RECV] BS2DCE notify: TR;2;11727;f;0;ff;ff;2340,2513,1952,1807,2169,2358,1721,1745;2340,2513,1952,1807,2169,2358,1721,1745;100,100,100,100,100,100,100,100;OOOOOOOO
[RECV] BSDC91 notify: RXG;1;12079;tag=2;mask=0xff;pc=8;guard=1200;spacing=1000;win=8165;pre=1;slot_to_entry_us=0;slot_to_sched_us=0;slot_to_write_done_us=0;slot_to_txcmd_us=274;slot_to_txdone_us=610;txcmd_to_txdone_us=335;txdone_to_rxstart_us=61;txdone_to_rxend_us=183;rxenable
[RECV] BSDC91 notify: CD;1;12079;tag=2;local=0xb102;status=0x00806f02;rxf=0x0796c814;win=8165;pc=8;mask=0xff;resp=8;unexp=0;last_len=20;last_src=0xa107;last_dst=0xb102;last_code=0xe
[RECV] BSDC91 notify: TS;1;12080;f;1203;1824;1757;798;1146;ABCDEFGH;5;10;M;0;S;144;0;full;100
[RECV] BSDC91 notify: TR;2;12080;f;0;ff;ff;1744,1729,2478,2509,1665,1735,2526,2287;1744,1729,2478,2509,1665,1735,2526,2287;100,100,100,100,100,100,100,100;OOOOOOOO
[RECV] BSDC91 notify: TDIAG;wait_ms=75;tx_us=610;rx_us=183;coll_us=8300;range_us=44036;solve_us=11901;out_us=2227;clean_us=30;total_ms=143
[RECV] BS2DCE notify: RXG;1;11727;tag=1;mask=0xff;pc=8;guard=1200;spacing=1000;win=8165;pre=1;slot_to_entry_us=0;slot_to_sched_us=0;slot_to_write_done_us=0;slot_to_txcmd_us=274;slot_to_txdone_us=610;txcmd_to_txdone_us=335;txdone_to_rxstart_us=91;txdone_to_rxend_us=213;rxenable
[RECV] BS2DCE notify: CD;1;11727;tag=1;local=0xb101;status=0x00806f02;rxf=0x0756c814;win=8165;pc=8;mask=0xff;resp=8;unexp=0;last_len=20;last_src=0xa107;last_dst=0xb101;last_code=0xe
[RECV] BS2DCE notify: TS;1;11728;f;1255;2419;2114;968;1268;ABCDEFGH;0;10;M;0;S;144;0;full;100
[RECV] BS2DCE notify: TR;2;11728;f;0;ff;ff;2367,2394,1976,1934,2235,1876,1696,1797;2367,2394,1976,1934,2235,1876,1696,1797;100,100,100,100,100,100,100,100;OOOOOOOO
[RECV] BSDC91 notify: TS;1;12081;f;1184;1833;1778;801;1152;ABCDEFGH;5;10;M;0;S;56;0;full;100
[RECV] BSDC91 notify: TR;2;12081;f;0;ff;ff;1704,1750,2524,2553,1694,1801,2451,2233;1704,1750,2524,2553,1694,1801,2451,2233;100,100,100,100,100,100,100,100;OOOOOOOO
[RECV] BS2DCE notify: TS;1;11729;f;1246;2431;2016;897;1180;ABCDEFGH;0;10;M;0;S;57;0;full;100
[RECV] BS2DCE notify: TR;2;11729;f;0;ff;ff;2444,2327,2008,1946,2152,2125,1683,1839;2444,2327,2008,1946,2152,2125,1683,1839;100,100,100,100,100,100,100,100;OOOOOOOO
[RECV] BSDC91 notify: TS;1;12082;f;1027;1772;1738;765;1135;ABCDEFGH;5;10;M;0;S;100;0;full;100
[RECV] BSDC91 notify: TR;2;12082;f;0;ff;ff;1551,1872,2715,2498,1580,1868,2593,2268;1551,1872,2715,2498,1580,1868,2593,2268;100,100,100,100,100,100,100,100;OOOOOOOO
[RECV] BS2DCE notify: TS;1;11730;f;1302;2495;1907;817;1099;ABCDEFGH;0;10;M;0;S;100;0;full;100
[RECV] BS2DCE notify: TR;2;11730;f;0;ff;ff;2566,2415,1919,1948,2272,2178,1646,1931;2566,2415,1919,1948,2272,2178,1646,1931;100,100,100,100,100,100,100,100;OOOOOOOO
[RECV] BS2DCE notify: TDIAG;wait_ms=75;tx_us=610;rx_us=274;coll_us=8331;range_us=549;solve_us=11932;out_us=2288;clean_us=30;total_ms=100
[RECV] BSDC91 notify: TS;1;12083;f;1069;1829;-275;771;1218;ABCDEFGH;5;10;M;0;S;100;0;full;100
[RECV] BSDC91 notify: TR;2;12083;f;0;ff;ff;1520,1939,2361,2454,1593,2054,2575,2518;1520,1939,2361,2454,1593,2054,2575,2518;100,100,100,100,100,100,100,100;OOOOOOOO
[RECV] BS2DCE notify: TS;1;11731;f;1295;2411;2017;881;1156;ABCDEFGH;0;10;M;0;S;100;0;full;100
[RECV] BS2DCE notify: TR;2;11731;f;0;ff;ff;2515,2308,2011,2007,2132,2061,1678,1936;2515,2308,2011,2007,2132,2061,1678,1936;100,100,100,100,100,100,100,100;OOOOOOOO
[RECV] BSDC91 notify: TS;1;12084;f;1091;1872;-440;839;1285;ABCDEFGH;5;10;M;0;S;100;0;full;100
[RECV] BSDC91 notify: TR;2;12084;f;0;ff;ff;1516,1961,2139,2338,1670,2067,2664,2525;1516,1961,2139,2338,1670,2067,2664,2525;100,100,100,100,100,100,100,100;OOOOOOOO
[RECV] BS2DCE notify: TS;1;11732;f;1366;2397;1956;842;1084;ABCDEFGH;0;10;M;0;S;99;0;full;100
[RECV] BS2DCE notify: TR;2;11732;f;0;ff;ff;2495,2233,1976,2135,2298,2008,1716,1923;2495,2233,1976,2135,2298,2008,1716,1923;100,100,100,100,100,100,100,100;OOOOOOOO
[RECV] BSDC91 notify: TS;1;12085;f;952;1845;-384;803;1223;ABCDEFGH;5;10;M;0;S;100;0;full;100
[RECV] BSDC91 notify: TR;2;12085;f;0;ff;ff;1487,1912,2548,2164,1630,2155,2708,2414;1487,1912,2548,2164,1630,2155,2708,2414;100,100,100,100,100,100,100,100;OOOOOOOO
[RECV] BS2DCE notify: TS;1;11733;f;1408;2361;2055;915;1206;ABCDEFGH;0;10;M;0;S;100;0;full;100
[RECV] BS2DCE notify: TR;2;11733;f;0;ff;ff;2553,2130,1965,2135,2209,1875,1690,1976;2553,2130,1965,2135,2209,1875,1690,1976;100,100,100,100,100,100,100,100;OOOOOOOO
[RECV] BSDC91 notify: TS;1;12086;f;913;1962;-371;800;1179;ABCDEFGH;5;10;M;0;S;100;0;full;100
[RECV] BSDC91 notify: TR;2;12086;f;0;ff;ff;1652,1998,2523,1966,1733,2221,2675,2235;1652,1998,2523,1966,1733,2221,2675,2235;100,100,100,100,100,100,100,100;OOOOOOOO
[RECV] BS2DCE notify: TS;1;11734;f;1440;2324;2243;1016;1284;ABCDEFGH;0;10;M;0;S;100;0;full;100
[RECV] BS2DCE notify: TR;2;11734;f;0;ff;ff;2657,2182,1980,2172,2175,1524,1669,2024;2657,2182,1980,2172,2175,1524,1669,2024;100,100,100,100,100,100,100,100;OOOOOOOO
[RECV] BSDC91 notify: TS;1;12087;f;791;2036;1636;788;1157;ABCDEFGH;5;10;M;0;S;100;0;full;100
[RECV] BSDC91 notify: TR;2;12087;f;0;ff;ff;1672,2050,2763,1821,1776,2267,2381,2011;1672,2050,2763,1821,1776,2267,2381,2011;100,100,100,100,100,100,100,100;OOOOOOOO
[RECV] BS2DCE notify: TS;1;11735;f;1435;2408;1802;722;1075;ABCDEFGH;0;10;M;0;S;101;0;full;100
[RECV] BS2DCE notify: TR;2;11735;f;0;ff;ff;2734,2137,1982,2307,2186,2320,1708,2058;2734,2137,1982,2307,2186,2320,1708,2058;100,100,100,100,100,100,100,100;OOOOOOOO
[RECV] BSDC91 notify: TS;1;12088;f;867;2149;-529;937;1336;ABCDEFGH;5;10;M;0;S;100;0;full;100
[RECV] BSDC91 notify: TR;2;12088;f;0;ff;ff;1726,2097,2248,1748,1798,2391,2515,1910;1726,2097,2248,1748,1798,2391,2515,1910;100,100,100,100,100,100,100,100;OOOOOOOO
[RECV] BS2DCE notify: TS;1;11736;f;1429;2392;1853;761;1120;ABCDEFGH;0;10;M;0;S;99;0;full;100
[RECV] BS2DCE notify: TR;2;11736;f;0;ff;ff;2687,2111,1970,2331,2136,2307,1695,2027;2687,2111,1970,2331,2136,2307,1695,2027;100,100,100,100,100,100,100,100;OOOOOOOO
[RECV] BSDC91 notify: TS;1;12089;f;860;2206;-609;961;1404;ABCDEFGH;5;10;M;0;S;100;0;full;100
[RECV] BSDC91 notify: TR;2;12089;f;0;ff;ff;1732,2114,2187,1657,1821,2605,2460,1931;1732,2114,2187,1657,1821,2605,2460,1931;100,100,100,100,100,100,100,100;OOOOOOOO
[RECV] BS2DCE notify: TS;1;11737;f;1422;2357;1724;715;1070;ABCDEFGH;0;10;M;0;S;101;0;full;100
[RECV] BS2DCE notify: TR;2;11737;f;0;ff;ff;2577,2065,1953,2340,2145,2363,1799,2086;2577,2065,1953,2340,2145,2363,1799,2086;100,100,100,100,100,100,100,100;OOOOOOOO
[RECV] BSDC91 notify: RXG;1;12089;tag=2;mask=0xff;pc=8;guard=1200;spacing=1000;win=8165;pre=1;slot_to_entry_us=0;slot_to_sched_us=0;slot_to_write_done_us=0;slot_to_txcmd_us=274;slot_to_txdone_us=610;txcmd_to_txdone_us=335;txdone_to_rxstart_us=91;txdone_to_rxend_us=213;rxenable
[RECV] BSDC91 notify: CD;1;12089;tag=2;local=0xb102;status=0x00806f02;rxf=0x0776c814;win=8165;pc=8;mask=0xff;resp=8;unexp=0;last_len=20;last_src=0xa107;last_dst=0xb102;last_code=0xe
[RECV] BSDC91 notify: TS;1;12090;f;877;2285;-638;999;1412;ABCDEFGH;5;10;M;0;S;144;0;full;100
[RECV] BSDC91 notify: TR;2;12090;f;0;ff;ff;1758,2196,2104,1569,1892,2617,2314,1853;1758,2196,2104,1569,1892,2617,2314,1853;100,100,100,100,100,100,100,100;OOOOOOOO
[RECV] BS2DCE notify: RXG;1;11737;tag=1;mask=0xff;pc=8;guard=1200;spacing=1000;win=8165;pre=1;slot_to_entry_us=0;slot_to_sched_us=0;slot_to_write_done_us=0;slot_to_txcmd_us=274;slot_to_txdone_us=610;txcmd_to_txdone_us=335;txdone_to_rxstart_us=91;txdone_to_rxend_us=213;rxenable
[RECV] BSDC91 notify: TDIAG;wait_ms=76;tx_us=610;rx_us=213;coll_us=8331;range_us=44097;solve_us=11901;out_us=2258;clean_us=30;total_ms=144
[RECV] BS2DCE notify: CD;1;11737;tag=1;local=0xb101;status=0x00806f02;rxf=0x0756c814;win=8165;pc=8;mask=0xff;resp=8;unexp=0;last_len=20;last_src=0xa107;last_dst=0xb101;last_code=0xe
[RECV] BS2DCE notify: TS;1;11738;f;1467;2281;1849;757;1099;ABCDEFGH;0;10;M;0;S;143;0;full;100
[RECV] BS2DCE notify: TR;2;11738;f;0;ff;ff;2652,2035,1998,2404,2037,2088,1863,2177;2652,2035,1998,2404,2037,2088,1863,2177;100,100,100,100,100,100,100,100;OOOOOOOO
[RECV] BSDC91 notify: TS;1;12091;f;802;2256;-593;991;1508;ABCDEFGH;5;10;M;0;S;57;0;full;100
[RECV] BSDC91 notify: TR;2;12091;f;0;ff;ff;1757,2296,2079,1596,1728,2626,2418,1829;1757,2296,2079,1596,1728,2626,2418,1829;100,100,100,100,100,100,100,100;OOOOOOOO
[RECV] BS2DCE notify: TS;1;11739;f;1520;2231;2038;875;1299;ABCDEFGH;0;10;M;0;S;56;0;full;100
[RECV] BS2DCE notify: TR;2;11739;f;0;ff;ff;2791,1898,2040,2373,2003,1762,1887,2156;2791,1898,2040,2373,2003,1762,1887,2156;100,100,100,100,100,100,100,100;OOOOOOOO
[RECV] BSDC91 notify: TS;1;12092;f;893;2369;-613;1009;1392;ABCDEFGH;5;10;M;0;S;99;0;full;100
[RECV] BSDC91 notify: TR;2;12092;f;0;ff;ff;1867,2243,2066,1480,2046,2518,2229,1694;1867,2243,2066,1480,2046,2518,2229,1694;100,100,100,100,100,100,100,100;OOOOOOOO
[RECV] BS2DCE notify: TS;1;11740;f;1467;2054;2353;1110;1413;ABCDEFGH;0;10;M;0;S;100;0;full;100
[RECV] BS2DCE notify: TR;2;11740;f;0;ff;ff;2401,1897,2156,2431,1937,1136,1876,2233;2401,1897,2156,2431,1937,1136,1876,2233;100,100,100,100,100,100,100,100;OOOOOOOO
[RECV] BS2DCE notify: TDIAG;wait_ms=75;tx_us=610;rx_us=213;coll_us=8239;range_us=549;solve_us=12054;out_us=2197;clean_us=61;total_ms=100
[RECV] BSDC91 notify: TS;1;12093;f;890;2429;-468;918;1244;ABCDEFGH;5;10;M;0;S;100;0;full;100
[RECV] BSDC91 notify: TR;2;12093;f;0;ff;ff;2044,2396,2041,1455,2075,2547,2168,1705;2044,2396,2041,1455,2075,2547,2168,1705;100,100,100,100,100,100,100,100;OOOOOOOO
[RECV] BS2DCE notify: TS;1;11741;f;1390;2080;1937;818;1128;ABCDEFGH;0;10;M;0;S;101;0;full;100
[RECV] BS2DCE notify: TR;2;11741;f;0;ff;ff;2260,1947,2217,2491,1917,1779,2041,2231;2260,1947,2217,2491,1917,1779,2041,2231;100,100,100,100,100,100,100,100;OOOOOOOO
[RECV] BSDC91 notify: TS;1;12094;f;934;2478;-265;799;1097;ABCDEFGH;5;10;M;0;S;100;0;full;100
[RECV] BSDC91 notify: TR;2;12094;f;0;ff;ff;2195,2473,2003,1612,2143,2604,2066,1709;2195,2473,2003,1612,2143,2604,2066,1709;100,100,100,100,100,100,100,100;OOOOOOOO
[RECV] BS2DCE notify: TS;1;11742;f;1403;2000;1924;778;1144;ABCDEFGH;0;10;M;0;S;99;0;full;100
[RECV] BS2DCE notify: TR;2;11742;f;0;ff;ff;2269,1864,2353,2686,1879,1758,2131,2226;2269,1864,2353,2686,1879,1758,2131,2226;100,100,100,100,100,100,100,100;OOOOOOOO
[RECV] BSDC91 notify: TS;1;12095;f;974;2509;1631;731;1013;ABCDEFGH;5;10;M;0;S;100;0;full;100
[RECV] BSDC91 notify: TR;2;12095;f;0;ff;ff;2322,2540,1964,1698,2125,2637,2047,1690;2322,2540,1964,1698,2125,2637,2047,1690;100,100,100,100,100,100,100,100;OOOOOOOO
[RECV] BS2DCE notify: TS;1;11743;f;1371;1911;1872;749;1121;ABCDEFGH;0;10;M;0;S;101;0;full;100
[RECV] BS2DCE notify: TR;2;11743;f;0;ff;ff;2212,1808,2487,2637,1818,1648,2318,2320;2212,1808,2487,2637,1818,1648,2318,2320;100,100,100,100,100,100,100,100;OOOOOOOO
[RECV] BSDC91 notify: TS;1;12096;f;955;2570;1680;788;1125;ABCDEFGH;5;10;M;0;S;100;0;full;100
[RECV] BSDC91 notify: TR;2;12096;f;0;ff;ff;2312,2586,1895,1568,2208,2603,1975,1559;2312,2586,1895,1568,2208,2603,1975,1559;100,100,100,100,100,100,100,100;OOOOOOOO
[RECV] BS2DCE notify: TS;1;11744;f;1328;1935;1806;742;1066;ABCDEFGH;0;10;M;0;S;100;0;full;100
[RECV] BS2DCE notify: TR;2;11744;f;0;ff;ff;2121,1855,2411,2529,1825,1706,2359,2332;2121,1855,2411,2529,1825,1706,2359,2332;100,100,100,100,100,100,100,100;OOOOOOOO
[RECV] BSDC91 notify: TS;1;12097;f;982;2558;1798;845;1221;ABCDEFGH;5;10;M;0;S;100;0;full;100
[RECV] BSDC91 notify: TR;2;12097;f;0;ff;ff;2276,2633,1914,1566,2135,2523,1826,1653;2276,2633,1914,1566,2135,2523,1826,1653;100,100,100,100,100,100,100,100;OOOOOOOO
[RECV] BS2DCE notify: TS;1;11745;f;1328;1941;1705;723;1056;ABCDEFGH;0;10;M;0;S;99;0;full;100
[RECV] BS2DCE notify: TR;2;11745;f;0;ff;ff;2039,1808,2372,2483,1897,1753,2378,2346;2039,1808,2372,2483,1897,1753,2378,2346;100,100,100,100,100,100,100,100;OOOOOOOO
[RECV] BSDC91 notify: TS;1;12098;f;995;2580;1799;840;1159;ABCDEFGH;5;10;M;0;S;100;0;full;100
[RECV] BSDC91 notify: TR;2;12098;f;0;ff;ff;2252,2683,1866,1621,2226,2507,1816,1575;2252,2683,1866,1621,2226,2507,1816,1575;100,100,100,100,100,100,100,100;OOOOOOOO
[RECV] BS2DCE notify: TS;1;11746;f;1313;1872;2069;939;1169;ABCDEFGH;0;10;M;0;S;101;0;full;100
[RECV] BS2DCE notify: TR;2;11746;f;0;ff;ff;1935,1888,2389,2492,1813,1249,2421,2235;1935,1888,2389,2492,1813,1249,2421,2235;100,100,100,100,100,100,100,100;OOOOOOOO
[RECV] BSDC91 notify: TS;1;12099;f;1082;2543;1851;850;1187;ABCDEFGH;5;10;M;0;S;100;0;full;100
[RECV] BSDC91 notify: TR;2;12099;f;0;ff;ff;2352,2486,1949,1689,2228,2449,1740,1651;2352,2486,1949,1689,2228,2449,1740,1651;100,100,100,100,100,100,100,100;OOOOOOOO
[RECV] BS2DCE notify: TS;1;11747;f;1235;1923;1711;719;969;ABCDEFGH;0;10;M;0;S;100;0;full;100
[RECV] BS2DCE notify: TR;2;11747;f;0;ff;ff;1886,1932,2374,2556,1790,1862,2399,2314;1886,1932,2374,2556,1790,1862,2399,2314;100,100,100,100,100,100,100,100;OOOOOOOO
[RECV] BSDC91 notify: RXG;1;12099;tag=2;mask=0xff;pc=8;guard=1200;spacing=1000;win=8165;pre=1;slot_to_entry_us=0;slot_to_sched_us=0;slot_to_write_done_us=0;slot_to_txcmd_us=274;slot_to_txdone_us=610;txcmd_to_txdone_us=335;txdone_to_rxstart_us=61;txdone_to_rxend_us=183;rxenable
[RECV] BSDC91 notify: CD;1;12099;tag=2;local=0xb102;status=0x00806f02;rxf=0x07c6c814;win=8165;pc=8;mask=0xff;resp=8;unexp=0;last_len=20;last_src=0xa107;last_dst=0xb102;last_code=0xe
[RECV] BSDC91 notify: TS;1;12100;f;1183;2612;1793;837;1205;ABCDEFGH;5;10;M;0;S;144;0;full;100
[RECV] BSDC91 notify: TR;2;12100;f;0;ff;ff;2447,2550,1682,1728,2269,2473,1684,1706;2447,2550,1682,1728,2269,2473,1684,1706;100,100,100,100,100,100,100,100;OOOOOOOO
[RECV] BS2DCE notify: RXG;1;11747;tag=1;mask=0xff;pc=8;guard=1200;spacing=1000;win=8165;pre=1;slot_to_entry_us=0;slot_to_sched_us=0;slot_to_write_done_us=0;slot_to_txcmd_us=274;slot_to_txdone_us=610;txcmd_to_txdone_us=335;txdone_to_rxstart_us=61;txdone_to_rxend_us=183;rxenable
[RECV] BSDC91 notify: TDIAG;wait_ms=75;tx_us=610;rx_us=183;coll_us=8300;range_us=44067;solve_us=11779;out_us=2410;clean_us=30;total_ms=143
[RECV] BSDC91 notify: TS;1;12101;f;1223;2535;1952;876;1192;ABCDEFGH;5;10;M;0;S;58;0;full;100
[RECV] BSDC91 notify: TR;2;12101;f;0;ff;ff;2533,2365,1945,1820,2249,2332,1593,1749;2533,2365,1945,1820,2249,2332,1593,1749;100,100,100,100,100,100,100,100;OOOOOOOO
[RECV] BS2DCE notify: CD;1;11747;tag=1;local=0xb101;status=0x00806f02;rxf=0x07c6c814;win=8165;pc=8;mask=0xff;resp=8;unexp=0;last_len=20;last_src=0xa107;last_dst=0xb101;last_code=0xe
[RECV] BS2DCE notify: TS;1;11748;f;1228;1819;1613;634;918;ABCDEFGH;0;10;M;0;S;143;0;full;100
[RECV] BS2DCE notify: TR;2;11748;f;0;ff;ff;1817,1947,2413,2939,1775,1892,2654,2275;1817,1947,2413,2939,1775,1892,2654,2275;100,100,100,100,100,100,100,100;OOOOOOOO
[RECV] BS2DCE notify: TS;1;11749;f;1101;1953;1770;745;1020;ABCDEFGH;0;10;M;0;S;57;0;full;100
[RECV] BS2DCE notify: TR;2;11749;f;0;ff;ff;1836,2093,2420,2416,1712,1919,2460,2185;1836,2093,2420,2416,1712,1919,2460,2185;100,100,100,100,100,100,100,100;OOOOOOOO
[RECV] BSDC91 notify: TS;1;12102;f;1265;2536;2065;940;1231;ABCDEFGH;5;10;M;0;S;98;0;full;100
[RECV] BSDC91 notify: TR;2;12102;f;0;ff;ff;2522,2446,1844,1887,2186,2220,1519,1781;2522,2446,1844,1887,2186,2220,1519,1781;100,100,100,100,100,100,100,100;OOOOOOOO
[RECV] BS2DCE notify: TS;1;11750;f;1038;1941;1793;765;1145;ABCDEFGH;0;10;M;0;S;99;0;full;100
[RECV] BS2DCE notify: TR;2;11750;f;0;ff;ff;1694,2184,2476,2396,1687,1938,2400,2205;1694,2184,2476,2396,1687,1938,2400,2205;100,100,100,100,100,100,100,100;OOOOOOOO
[RECV] BSDC91 notify: TS;1;12103;f;1314;2535;2008;903;1184;ABCDEFGH;5;10;M;0;S;100;0;full;100
[RECV] BSDC91 notify: TR;2;12103;f;0;ff;ff;2555,2364,1875,1910,2300,2215,1478,1840;2555,2364,1875,1910,2300,2215,1478,1840;100,100,100,100,100,100,100,100;OOOOOOOO
[RECV] BS2DCE notify: TDIAG;wait_ms=75;tx_us=610;rx_us=183;coll_us=8239;range_us=579;solve_us=12054;out_us=2197;clean_us=61;total_ms=100
[RECV] BS2DCE notify: TS;1;11751;f;997;1890;1686;719;1090;ABCDEFGH;0;10;M;0;S;100;0;full;100
[RECV] BS2DCE notify: TR;2;11751;f;0;ff;ff;1632,2097,2595,2376,1684,1993,2492,2262;1632,2097,2595,2376,1684,1993,2492,2262;100,100,100,100,100,100,100,100;OOOOOOOO
[RECV] BSDC91 notify: TS;1;12104;f;1380;2513;1959;877;1189;ABCDEFGH;5;10;M;0;S;100;0;full;100
[RECV] BSDC91 notify: TR;2;12104;f;0;ff;ff;2563,2344,1783,1993,2316,2140,1539,1927;2563,2344,1783,1993,2316,2140,1539,1927;100,100,100,100,100,100,100,100;OOOOOOOO
[RECV] BS2DCE notify: TS;1;11752;f;1054;1832;1789;748;1071;ABCDEFGH;0;10;M;0;S;100;0;full;100
[RECV] BS2DCE notify: TR;2;11752;f;0;ff;ff;1698,2061,2751,2350,1713,1685,2522,2342;1698,2061,2751,2350,1713,1685,2522,2342;100,100,100,100,100,100,100,100;OOOOOOOO
[RECV] BSDC91 notify: TS;1;12105;f;1442;2513;2042;917;1246;ABCDEFGH;5;10;M;0;S;100;0;full;100
[RECV] BSDC91 notify: TR;2;12105;f;0;ff;ff;2701,2282,1759,2038,2307,2042,1491,1948;2701,2282,1759,2038,2307,2042,1491,1948;100,100,100,100,100,100,100,100;OOOOOOOO
[RECV] BS2DCE notify: TS;1;11753;f;1004;1831;1522;643;976;ABCDEFGH;0;10;M;0;S;100;0;full;100
[RECV] BS2DCE notify: TR;2;11753;f;0;ff;ff;1608,1979,2750,2383,1734,2028,2555,2370;1608,1979,2750,2383,1734,2028,2555,2370;100,100,100,100,100,100,100,100;OOOOOOOO
[RECV] BSDC91 notify: TS;1;12106;f;1443;2486;2080;933;1268;ABCDEFGH;5;10;M;0;S;100;0;full;100
[RECV] BSDC91 notify: TR;2;12106;f;0;ff;ff;2673,2245,1780,2120,2279,2022,1512,1904;2673,2245,1780,2120,2279,2022,1512,1904;100,100,100,100,100,100,100,100;OOOOOOOO
[RECV] BS2DCE notify: TS;1;11754;f;996;1882;-128;638;1014;ABCDEFGH;0;10;M;0;S;100;0;full;100
[RECV] BS2DCE notify: TR;2;11754;f;0;ff;ff;1696,2017,2650,2253,1717,2219,2580,2523;1696,2017,2650,2253,1717,2219,2580,2523;100,100,100,100,100,100,100,100;OOOOOOOO
[RECV] BSDC91 notify: TS;1;12107;f;1421;2424;2136;953;1231;ABCDEFGH;5;10;M;0;S;100;0;full;100
[RECV] BSDC91 notify: TR;2;12107;f;0;ff;ff;2590,2280,1902,2121,2306,1799,1552,1955;2590,2280,1902,2121,2306,1799,1552,1955;100,100,100,100,100,100,100,100;OOOOOOOO
[RECV] BS2DCE notify: TS;1;11755;f;1035;1912;-242;695;1066;ABCDEFGH;0;10;M;0;S;101;0;full;100
[RECV] BS2DCE notify: TR;2;11755;f;0;ff;ff;1691,2037,2503,2145,1770,2142,2598,2538;1691,2037,2503,2145,1770,2142,2598,2538;100,100,100,100,100,100,100,100;OOOOOOOO
[RECV] BSDC91 notify: TS;1;12108;f;1248;2258;2113;849;1095;ABDEFGH;5;10;M;0;S;98;0;full;100
[RECV] BSDC91 notify: TR;2;12108;f;0;ff;fb;2558,2265,0,2221,2324,1830,1595,1984;2558,2265,1902,2221,2324,1830,1595,1984;100,100,95,100,100,100,100,100;OOTOOOOO
[RECV] BS2DCE notify: TS;1;11756;f;930;1993;-395;787;1172;ABCDEFGH;0;10;M;0;S;99;0;full;100
[RECV] BS2DCE notify: TR;2;11756;f;0;ff;ff;1698,2061,2343,1987,1783,2260,2767,2233;1698,2061,2343,1987,1783,2260,2767,2233;100,100,100,100,100,100,100,100;OOOOOOOO
[RECV] BSDC91 notify: TS;1;12109;f;1566;2526;2115;884;1201;ABCDEFGH;5;10;M;0;S;102;0;full;99
[RECV] BSDC91 notify: TR;2;12109;f;0;ff;ff;3368,2241,1806,2238,2251,1873,1547,1977;3368,2241,1806,2238,2251,1873,1547,1977;100,100,95,100,100,100,100,100;OOOOOOOO
[RECV] BS2DCE notify: TS;1;11757;f;903;2021;1515;669;991;ABCDEFGH;0;10;M;0;S;100;0;full;100
[RECV] BS2DCE notify: TR;2;11757;f;0;ff;ff;1794,2086,2702,1976,1840,2252,2423,2225;1794,2086,2702,1976,1840,2252,2423,2225;100,100,100,100,100,100,100,100;OOOOOOOO
[RECV] BSDC91 notify: RXG;1;12109;tag=2;mask=0xff;pc=8;guard=1200;spacing=1000;win=8165;pre=1;slot_to_entry_us=0;slot_to_sched_us=0;slot_to_write_done_us=0;slot_to_txcmd_us=274;slot_to_txdone_us=610;txcmd_to_txdone_us=335;txdone_to_rxstart_us=61;txdone_to_rxend_us=183;rxenable
[RECV] BS2DCE notify: RXG;1;11757;tag=1;mask=0xff;pc=8;guard=1200;spacing=1000;win=8165;pre=1;slot_to_entry_us=0;slot_to_sched_us=0;slot_to_write_done_us=0;slot_to_txcmd_us=274;slot_to_txdone_us=610;txcmd_to_txdone_us=335;txdone_to_rxstart_us=91;txdone_to_rxend_us=213;rxenable
[RECV] BSDC91 notify: CD;1;12109;tag=2;local=0xb102;status=0x00806f02;rxf=0x07a6c814;win=8165;pc=8;mask=0xff;resp=8;unexp=0;last_len=20;last_src=0xa107;last_dst=0xb102;last_code=0xe
[RECV] BSDC91 notify: TS;1;12110;f;1645;2556;2184;929;1351;ABCDEFGH;5;10;M;0;S;144;0;full;99
[RECV] BSDC91 notify: TR;2;12110;f;0;ff;ff;3730,2134,1820,2294,2287,1817,1517,1921;3730,2134,1820,2294,2287,1817,1517,1921;100,100,95,100,100,100,100,100;OOOOOOOO
[RECV] BSDC91 notify: TDIAG;wait_ms=75;tx_us=610;rx_us=183;coll_us=8300;range_us=43975;solve_us=11962;out_us=2227;clean_us=30;total_ms=143
[RECV] BSDC91 notify: TS;1;12111;f;1509;2510;1655;695;1087;ABCDEFH;5;10;M;0;S;55;0;full;99
[RECV] BSDC91 notify: TR;2;12111;f;0;ff;bf;3194,2099,1863,2284,2193,2497,0,1982;3194,2099,1863,2284,2193,2497,1517,1982;100,100,95,100,100,100,95,100;OOOOOOTO
[RECV] BS2DCE notify: CD;1;11757;tag=1;local=0xb101;status=0x00806f02;rxf=0x07a6c814;win=8165;pc=8;mask=0xff;resp=8;unexp=0;last_len=20;last_src=0xa107;last_dst=0xb101;last_code=0xe
[RECV] BS2DCE notify: TS;1;11758;f;982;1957;1973;928;1391;ABCDEFGH;0;10;M;0;S;144;0;full;100
[RECV] BS2DCE notify: TR;2;11758;f;0;ff;ff;1779,2054,2755,1908,1776,1589,2433,2066;1779,2054,2755,1908,1776,1589,2433,2066;100,100,100,100,100,100,100,100;OOOOOOOO
[RECV] BS2DCE notify: TS;1;11759;f;911;2118;-345;821;1228;ABCDEFGH;0;10;M;0;S;56;0;full;100
[RECV] BS2DCE notify: TR;2;11759;f;0;ff;ff;1830,2083,2364,1877,1779,2383,2426,2054;1830,2083,2364,1877,1779,2383,2426,2054;100,100,100,100,100,100,100,100;OOOOOOOO
[RECV] BSDC91 notify: TS;1;12112;f;1437;2456;1905;783;1117;ABCDEFGH;5;10;M;0;S;102;0;full;99
[RECV] BSDC91 notify: TR;2;12112;f;0;ff;ff;2747,2189,1934,2300,2193,2345,1538,2001;2747,2189,1934,2300,2193,2345,1538,2001;100,100,96,100,100,100,96,100;OOOOOOOO
[RECV] BS2DCE notify: TS;1;11760;f;933;2145;-344;860;1245;ABCDEFGH;0;10;M;0;S;100;0;full;100
[RECV] BS2DCE notify: TR;2;11760;f;0;ff;ff;1839,2097,2257,1882,1787,2277,2372,1957;1839,2097,2257,1882,1787,2277,2372,1957;100,100,100,100,100,100,100,100;OOOOOOOO
[RECV] BS2DCE notify: TDIAG;wait_ms=75;tx_us=610;rx_us=183;coll_us=8422;range_us=549;solve_us=11901;out_us=2380;clean_us=30;total_ms=100
[RECV] BSDC91 notify: TS;1;12113;f;1532;2422;1978;818;1228;ABCDEFGH;5;10;M;0;S;100;0;full;99
[RECV] BSDC91 notify: TR;2;12113;f;0;ff;ff;2923,2065,1901,2393,2216,2126,1599,2007;2923,2065,1901,2393,2216,2126,1599,2007;100,100,96,100,100,100,96,100;OOOOOOOO
[RECV] BS2DCE notify: TS;1;11761;f;912;2195;-390;874;1252;ABCDEFGH;0;10;M;0;S;101;0;full;100
[RECV] BS2DCE notify: TR;2;11761;f;0;ff;ff;1896,2085,2299,1749,1839,2387,2326,1930;1896,2085,2299,1749,1839,2387,2326,1930;100,100,100,100,100,100,100,100;OOOOOOOO
[RECV] BSDC91 notify: TS;1;12114;f;1496;2343;1981;825;1199;ABCDEFGH;5;10;M;0;S;99;0;full;99
[RECV] BSDC91 notify: TR;2;12114;f;0;ff;ff;2712,2049,2014,2373,2185,2029,1615,2106;2712,2049,2014,2373,2185,2029,1615,2106;100,100,96,100,100,100,96,100;OOOOOOOO
[RECV] BS2DCE notify: TS;1;11762;f;917;2199;-450;881;1291;ABCDEFGH;0;10;M;0;S;100;0;full;100
[RECV] BS2DCE notify: TR;2;11762;f;0;ff;ff;1916,2072,2223,1748,1842,2455,2407,1954;1916,2072,2223,1748,1842,2455,2407,1954;100,100,100,100,100,100,100,100;OOOOOOOO
[RECV] BSDC91 notify: TS;1;12115;f;1562;2327;1959;831;1249;ABCDEFGH;5;10;M;0;S;100;0;full;99
[RECV] BSDC91 notify: TR;2;12115;f;0;ff;ff;2790,1953,1963,2387,2144,2017,1610,2222;2790,1953,1963,2387,2144,2017,1610,2222;100,100,96,100,100,100,96,100;OOOOOOOO
[RECV] BS2DCE notify: TS;1;11763;f;882;2226;-405;860;1273;ABCDEFGH;0;10;M;0;S;99;0;full;100
[RECV] BS2DCE notify: TR;2;11763;f;0;ff;ff;1912,2151,2229,1757,1842,2517,2376,1899;1912,2151,2229,1757,1842,2517,2376,1899;100,100,100,100,100,100,100,100;OOOOOOOO
[RECV] BSDC91 notify: TS;1;12116;f;1542;2259;1958;818;1218;ABCDEFGH;5;10;M;0;S;100;0;full;99
[RECV] BSDC91 notify: TR;2;12116;f;0;ff;ff;2679,1941,2032,2459,2135,1911,1727,2213;2679,1941,2032,2459,2135,1911,1727,2213;100,100,96,100,100,100,96,100;OOOOOOOO
[RECV] BS2DCE notify: TS;1;11764;f;1094;2221;1668;876;1220;ABCDEGH;0;10;M;0;S;98;0;full;100
[RECV] BS2DCE notify: TR;2;11764;f;0;ff;df;2003,2168,2080,1762,1921,0,2339,1817;2003,2168,2080,1762,1921,2517,2339,1817;100,100,100,100,100,96,100,100;OOOOOTOO
[RECV] BSDC91 notify: TS;1;12117;f;1550;2212;2039;869;1288;ABCDEFGH;5;10;M;0;S;101;0;full;99
[RECV] BSDC91 notify: TR;2;12117;f;0;ff;ff;2667,1886,2063,2489,2075,1780,1739,2231;2667,1886,2063,2489,2075,1780,1739,2231;100,100,96,100,100,100,96,100;OOOOOOOO
[RECV] BS2DCE notify: TS;1;11765;f;903;2285;-357;847;1241;ABCDEFGH;0;10;M;0;S;103;0;full;99
[RECV] BS2DCE notify: TR;2;11765;f;0;ff;ff;1977,2196,2222,1723,1895,2556,2214,1884;1977,2196,2222,1723,1895,2556,2214,1884;100,100,100,100,100,96,100,100;OOOOOOOO
[RECV] BSDC91 notify: TS;1;12118;f;1518;2208;2033;842;1286;ABCDEFGH;5;10;M;0;S;100;0;full;99
[RECV] BSDC91 notify: TR;2;12118;f;0;ff;ff;2773,1892,2170,2471,2002,1835,1760,2219;2773,1892,2170,2471,2002,1835,1760,2219;100,100,96,100,100,100,96,100;OOOOOOOO
[RECV] BS2DCE notify: TS;1;11766;f;844;2307;-425;857;1246;ABCDEFGH;0;10;M;0;S;100;0;full;99
[RECV] BS2DCE notify: TR;2;11766;f;0;ff;ff;1963,2257,2188,1640,1931,2626,2360,1824;1963,2257,2188,1640,1931,2626,2360,1824;100,100,100,100,100,96,100,100;OOOOOOOO
[RECV] BSDC91 notify: TS;1;12119;f;1580;2178;2074;874;1342;ABCDEFGH;5;10;M;0;S;100;0;full;99
[RECV] BSDC91 notify: TR;2;12119;f;0;ff;ff;2885,1822,2093,2539,2003,1660,1882,2207;2885,1822,2093,2539,2003,1660,1882,2207;100,100,96,100,100,100,96,100;OOOOOOOO
[RECV] BS2DCE notify: TS;1;11767;f;862;2313;-383;862;1238;ABCDEFGH;0;10;M;0;S;100;0;full;99
[RECV] BS2DCE notify: TR;2;11767;f;0;ff;ff;2048,2210,2187,1626,1923,2545,2307,1795;2048,2210,2187,1626,1923,2545,2307,1795;100,100,100,100,100,96,100,100;OOOOOOOO
[RECV] BSDC91 notify: RXG;1;12119;tag=2;mask=0xff;pc=8;guard=1200;spacing=1000;win=8165;pre=1;slot_to_entry_us=0;slot_to_sched_us=0;slot_to_write_done_us=0;slot_to_txcmd_us=274;slot_to_txdone_us=610;txcmd_to_txdone_us=335;txdone_to_rxstart_us=61;txdone_to_rxend_us=183;rxenable
[RECV] BSDC91 notify: CD;1;12119;tag=2;local=0xb102;status=0x00806f02;rxf=0x07c6c814;win=8165;pc=8;mask=0xff;resp=8;unexp=0;last_len=20;last_src=0xa107;last_dst=0xb102;last_code=0xe
[RECV] BSDC91 notify: TS;1;12120;f;1479;2089;2106;936;1361;ABCDEFGH;5;10;M;0;S;143;0;full;100
[RECV] BS2DCE notify: RXG;1;11767;tag=1;mask=0xff;pc=8;guard=1200;spacing=1000;win=8165;pre=1;slot_to_entry_us=0;slot_to_sched_us=0;slot_to_write_done_us=0;slot_to_txcmd_us=274;slot_to_txdone_us=610;txcmd_to_txdone_us=335;txdone_to_rxstart_us=61;txdone_to_rxend_us=183;rxenable
[RECV] BSDC91 notify: TR;2;12120;f;0;ff;ff;2384,1797,2174,2535,1934,1643,1882,2190;2384,1797,2174,2535,1934,1643,1882,2190;100,100,100,100,100,100,100,100;OOOOOOOO
[RECV] BSDC91 notify: TDIAG;wait_ms=75;tx_us=610;rx_us=183;coll_us=8361;range_us=44128;solve_us=11962;out_us=2227;clean_us=61;total_ms=143
[RECV] BS2DCE notify: CD;1;11767;tag=1;local=0xb101;status=0x00806f02;rxf=0x0776c814;win=8165;pc=8;mask=0xff;resp=8;unexp=0;last_len=20;last_src=0xa107;last_dst=0xb101;last_code=0xe
[RECV] BS2DCE notify: TS;1;11768;f;881;2364;-390;848;1288;ABCDEFGH;0;10;M;0;S;143;0;full;100
[RECV] BS2DCE notify: TR;2;11768;f;0;ff;ff;2075,2286,2077,1658,1921,2722,2235,1822;2075,2286,2077,1658,1921,2722,2235,1822;100,100,100,100,100,100,100,100;OOOOOOOO
[RECV] BSDC91 notify: TS;1;12121;f;1493;2089;1940;824;1202;ABCDEFGH;5;10;M;0;S;57;0;full;100
[RECV] BSDC91 notify: TR;2;12121;f;0;ff;ff;2423,1843,2162,2515,1944,1730,1981,2333;2423,1843,2162,2515,1944,1730,1981,2333;100,100,100,100,100,100,100,100;OOOOOOOO
[RECV] BS2DCE notify: TS;1;11769;f;1007;2388;938;626;861;ABCDEFGH;0;10;M;0;S;56;0;full;100
[RECV] BS2DCE notify: TR;2;11769;f;0;ff;ff;2164,2267,2039,1608,2016,2511,2154,1835;2164,2267,2039,1608,2016,2511,2154,1835;100,100,100,100,100,100,100,100;OOOOOOOO
[RECV] BSDC91 notify: TS;1;12122;f;1427;2017;2040;890;1284;ABCDEFGH;5;10;M;0;S;99;0;full;100
[RECV] BSDC91 notify: TR;2;12122;f;0;ff;ff;2294,1802,2272,2534,1806,1654,2030,2277;2294,1802,2272,2534,1806,1654,2030,2277;100,100,100,100,100,100,100,100;OOOOOOOO
[RECV] BS2DCE notify: TS;1;11770;f;1000;2379;1754;803;1166;ABCDEFGH;0;10;M;0;S;101;0;full;100
[RECV] BS2DCE notify: TR;2;11770;f;0;ff;ff;2190,2437,2082,1717,2059,2240,2135,1780;2190,2437,2082,1717,2059,2240,2135,1780;100,100,100,100,100,100,100,100;OOOOOOOO
[RECV] BS2DCE notify: TDIAG;wait_ms=75;tx_us=610;rx_us=183;coll_us=8239;range_us=579;solve_us=12084;out_us=2197;clean_us=61;total_ms=100
[RECV] BSDC91 notify: TS;1;12123;f;1440;1981;2038;865;1216;ABCDEFGH;5;10;M;0;S;100;0;full;100
[RECV] BSDC91 notify: TR;2;12123;f;0;ff;ff;2271,1840,2311,2625,1846,1551,2081,2308;2271,1840,2311,2625,1846,1551,2081,2308;100,100,100,100,100,100,100,100;OOOOOOOO
[RECV] BS2DCE notify: TS;1;11771;f;972;2488;1647;718;1048;ABCDEFGH;0;10;M;0;S;99;0;full;100
[RECV] BS2DCE notify: TR;2;11771;f;0;ff;ff;2370,2563,2015,1686,2111,2528,2125,1727;2370,2563,2015,1686,2111,2528,2125,1727;100,100,100,100,100,100,100,100;OOOOOOOO
[RECV] BSDC91 notify: TS;1;12124;f;1461;1901;1930;775;1090;ABCDEFGH;5;10;M;0;S;100;0;full;100
[RECV] BSDC91 notify: TR;2;12124;f;0;ff;ff;2258,1835,2349,2782,1815,1512,2275,2416;2258,1835,2349,2782,1815,1512,2275,2416;100,100,100,100,100,100,100,100;OOOOOOOO
[RECV] BS2DCE notify: TS;1;11772;f;980;2493;1714;746;1085;ABCDEFGH;0;10;M;0;S;100;0;full;100
[RECV] BS2DCE notify: TR;2;11772;f;0;ff;ff;2337,2607,2030,1690,2108,2499,2024,1738;2337,2607,2030,1690,2108,2499,2024,1738;100,100,100,100,100,100,100,100;OOOOOOOO
[RECV] BSDC91 notify: TS;1;12125;f;1408;1909;2066;893;1270;ABCDEFGH;5;10;M;0;S;100;0;full;100
[RECV] BSDC91 notify: TR;2;12125;f;0;ff;ff;2191,1771,2436,2585,1782,1440,2167,2337;2191,1771,2436,2585,1782,1440,2167,2337;100,100,100,100,100,100,100,100;OOOOOOOO
[RECV] BS2DCE notify: TS;1;11773;f;1025;2464;1813;762;1012;ABCDEFGH;0;10;M;0;S;100;0;full;100
[RECV] BS2DCE notify: TR;2;11773;f;0;ff;ff;2339,2582,2057,1863,2127,2418,2033,1647;2339,2582,2057,1863,2127,2418,2033,1647;100,100,100,100,100,100,100,100;OOOOOOOO
[RECV] BSDC91 notify: TS;1;12126;f;1463;1850;1980;799;1164;ABCDEFGH;5;10;M;0;S;100;0;full;100
[RECV] BSDC91 notify: TR;2;12126;f;0;ff;ff;2200,1761,2466,2891,1771,1497,2201,2423;2200,1761,2466,2891,1771,1497,2201,2423;100,100,100,100,100,100,100,100;OOOOOOOO
[RECV] BS2DCE notify: TS;1;11774;f;972;2493;1557;717;935;ABCDFGH;0;10;M;0;S;98;0;full;100
[RECV] BS2DCE notify: TR;2;11774;f;0;ff;ef;2219,2564,2037,1742,0,2583,1938,1751;2219,2564,2037,1742,2127,2583,1938,1751;100,100,100,100,95,100,100,100;OOOOTOOO
[RECV] BSDC91 notify: TS;1;12127;f;1389;1859;1913;803;1143;ABCDEFGH;5;10;M;0;S;100;0;full;100
[RECV] BSDC91 notify: TR;2;12127;f;0;ff;ff;2065,1771,2431,2685,1782,1519,2338,2384;2065,1771,2431,2685,1782,1519,2338,2384;100,100,100,100,100,100,100,100;OOOOOOOO
[RECV] BS2DCE notify: TS;1;11775;f;985;2521;1707;761;1052;ABCDEFGH;0;10;M;0;S;102;0;full;99
[RECV] BS2DCE notify: TR;2;11775;f;0;ff;ff;2239,2640,1976,1702,2189,2555,1921,1702;2239,2640,1976,1702,2189,2555,1921,1702;100,100,100,100,95,100,100,100;OOOOOOOO
[RECV] BSDC91 notify: TS;1;12128;f;1359;1844;1896;826;1157;ABCDEFGH;5;10;M;0;S;100;0;full;100
[RECV] BSDC91 notify: TR;2;12128;f;0;ff;ff;1938,1749,2421,2636,1793,1496,2380,2361;1938,1749,2421,2636,1793,1496,2380,2361;100,100,100,100,100,100,100,100;OOOOOOOO
[RECV] BS2DCE notify: TS;1;11776;f;1068;2452;1975;906;1319;ABCDEFGH;0;10;M;0;S;101;0;full;99
[RECV] BS2DCE notify: TR;2;11776;f;0;ff;ff;2241,2611,2037,1687,2211,2015,1892,1727;2241,2611,2037,1687,2211,2015,1892,1727;100,100,100,100,96,100,100,100;OOOOOOOO
[RECV] BSDC91 notify: TS;1;12129;f;1336;1805;1791;764;1119;ABCDEFGH;5;10;M;0;S;100;0;full;100
[RECV] BSDC91 notify: TR;2;12129;f;0;ff;ff;1904,1704,2502,2664,1779,1574,2471,2403;1904,1704,2502,2664,1779,1574,2471,2403;100,100,100,100,100,100,100,100;OOOOOOOO
[RECV] BS2DCE notify: TS;1;11777;f;1058;2469;1826;765;1028;ABCDEFGH;0;10;M;0;S;100;0;full;99
[RECV] BS2DCE notify: TR;2;11777;f;0;ff;ff;2307,2592,2105,1867,2153,2429,1840,1767;2307,2592,2105,1867,2153,2429,1840,1767;100,100,100,100,96,100,100,100;OOOOOOOO
[RECV] BSDC91 notify: RXG;1;12129;tag=2;mask=0xff;pc=8;guard=1200;spacing=1000;win=8165;pre=1;slot_to_entry_us=0;slot_to_sched_us=0;slot_to_write_done_us=0;slot_to_txcmd_us=274;slot_to_txdone_us=610;txcmd_to_txdone_us=335;txdone_to_rxstart_us=61;txdone_to_rxend_us=183;rxenable
[RECV] BSDC91 notify: CD;1;12129;tag=2;local=0xb102;status=0x00806f02;rxf=0x0786c814;win=8165;pc=8;mask=0xff;resp=8;unexp=0;last_len=20;last_src=0xa107;last_dst=0xb102;last_code=0xe
[RECV] BSDC91 notify: TS;1;12130;f;1241;1814;1804;795;1122;ABCDEFGH;5;10;M;0;S;144;0;full;100
[RECV] BSDC91 notify: TR;2;12130;f;0;ff;ff;1797,1758,2464,2608,1656,1687,2515,2313;1797,1758,2464,2608,1656,1687,2515,2313;100,100,100,100,100,100,100,100;OOOOOOOO
[RECV] BSDC91 notify: TDIAG;wait_ms=75;tx_us=610;rx_us=183;coll_us=8300;range_us=44006;solve_us=11810;out_us=2410;clean_us=30;total_ms=143
[RECV] BS2DCE notify: RXG;1;11777;tag=1;mask=0xff;pc=8;guard=1200;spacing=1000;win=8165;pre=1;slot_to_entry_us=0;slot_to_sched_us=0;slot_to_write_done_us=0;slot_to_txcmd_us=274;slot_to_txdone_us=610;txcmd_to_txdone_us=335;txdone_to_rxstart_us=61;txdone_to_rxend_us=183;rxenable
[RECV] BSDC91 notify: TS;1;12131;f;1041;1728;-148;706;1059;ABCDEFGH;5;10;M;0;S;57;0;full;100
[RECV] BSDC91 notify: TR;2;12131;f;0;ff;ff;1704,1764,2505,2535,1670,1802,3172,2257;1704,1764,2505,2535,1670,1802,3172,2257;100,100,100,100,100,100,100,100;OOOOOOOO
[RECV] BS2DCE notify: CD;1;11777;tag=1;local=0xb101;status=0x00806f02;rxf=0x07a6c814;win=8165;pc=8;mask=0xff;resp=8;unexp=0;last_len=20;last_src=0xa107;last_dst=0xb101;last_code=0xe
[RECV] BS2DCE notify: TS;1;11778;f;1120;2493;1812;807;1099;ABCDEFGH;0;10;M;0;S;144;0;full;99
[RECV] BS2DCE notify: TR;2;11778;f;0;ff;ff;2316,2473,1986,1800,2230,2391,1762,1774;2316,2473,1986,1800,2230,2391,1762,1774;100,100,100,100,96,100,100,100;OOOOOOOO
[RECV] BS2DCE notify: TS;1;11779;f;1208;2455;1902;836;1120;ABCDEFGH;0;10;M;0;S;56;0;full;99
[RECV] BS2DCE notify: TR;2;11779;f;0;ff;ff;2408,2369,2006,1901,2206,2246,1723,1832;2408,2369,2006,1901,2206,2246,1723,1832;100,100,100,100,96,100,100,100;OOOOOOOO
[RECV] BSDC91 notify: TS;1;12132;f;1161;1836;1804;830;1176;ABCDEFGH;5;10;M;0;S;99;0;full;100
[RECV] BSDC91 notify: TR;2;12132;f;0;ff;ff;1648,1779,2503,2506,1674,1771,2441,2226;1648,1779,2503,2506,1674,1771,2441,2226;100,100,100,100,100,100,100,100;OOOOOOOO
[RECV] BS2DCE notify: TS;1;11780;f;1238;2457;2010;883;1152;ABCDEFGH;0;10;M;0;S;100;0;full;99
[RECV] BS2DCE notify: TR;2;11780;f;0;ff;ff;2456,2372,2014,1951,2196,2167,1652,1804;2456,2372,2014,1951,2196,2167,1652,1804;100,100,100,100,96,100,100,100;OOOOOOOO
[RECV] BS2DCE notify: TDIAG;wait_ms=75;tx_us=610;rx_us=183;coll_us=8331;range_us=549;solve_us=12145;out_us=2197;clean_us=30;total_ms=100
[RECV] BSDC91 notify: TS;1;12133;f;1042;1808;1687;753;1104;ABCDEFGH;5;10;M;0;S;100;0;full;100
[RECV] BSDC91 notify: TR;2;12133;f;0;ff;ff;1579,1876,2615,2466,1625,1893,2597,2254;1579,1876,2615,2466,1625,1893,2597,2254;100,100,100,100,100,100,100,100;OOOOOOOO
[RECV] BS2DCE notify: TS;1;11781;f;1301;2461;1928;836;1113;ABCDEFGH;0;10;M;0;S;100;0;full;99
[RECV] BS2DCE notify: TR;2;11781;f;0;ff;ff;2527,2369,1941,1966,2197,2167,1641,1969;2527,2369,1941,1966,2197,2167,1641,1969;100,100,100,100,96,100,100,100;OOOOOOOO
[RECV] BSDC91 notify: TS;1;12134;f;1033;1830;-207;759;1218;ABCDEFGH;5;10;M;0;S;100;0;full;100
[RECV] BSDC91 notify: TR;2;12134;f;0;ff;ff;1546,1947,2361,2527,1538,2065,2610,2405;1546,1947,2361,2527,1538,2065,2610,2405;100,100,100,100,100,100,100,100;OOOOOOOO
[RECV] BS2DCE notify: TS;1;11782;f;1302;2417;1995;878;1132;ABCDEFGH;0;10;M;0;S;100;0;full;99
[RECV] BS2DCE notify: TR;2;11782;f;0;ff;ff;2485,2284,1985,2016,2161,2096,1663,1924;2485,2284,1985,2016,2161,2096,1663,1924;100,100,100,100,96,100,100,100;OOOOOOOO
[RECV] BSDC91 notify: TS;1;12135;f;1076;1860;-423;837;1295;ABCDEFGH;5;10;M;0;S;100;0;full;100
[RECV] BSDC91 notify: TR;2;12135;f;0;ff;ff;1477,1933,2198,2388,1636,2107,2612,2513;1477,1933,2198,2388,1636,2107,2612,2513;100,100,100,100,100,100,100,100;OOOOOOOO
[RECV] BS2DCE notify: TS;1;11783;f;1347;2397;1956;854;1101;ABCDEFGH;0;10;M;0;S;100;0;full;99
[RECV] BS2DCE notify: TR;2;11783;f;0;ff;ff;2492,2234,1978,2057,2283,1980,1738,1928;2492,2234,1978,2057,2283,1980,1738,1928;100,100,100,100,96,100,100,100;OOOOOOOO
[RECV] BSDC91 notify: TS;1;12136;f;964;1847;-347;793;1221;ABCDEFGH;5;10;M;0;S;100;0;full;100
[RECV] BSDC91 notify: TR;2;12136;f;0;ff;ff;1515,1911,2516,2226,1613,2139,2688,2392;1515,1911,2516,2226,1613,2139,2688,2392;100,100,100,100,100,100,100,100;OOOOOOOO
[RECV] BS2DCE notify: TS;1;11784;f;1385;2393;2062;902;1175;ABCDEFGH;0;10;M;0;S;100;0;full;100
[RECV] BS2DCE notify: TR;2;11784;f;0;ff;ff;2575,2239,1941,2137,2193,1921,1677,1945;2575,2239,1941,2137,2193,1921,1677,1945;100,100,100,100,100,100,100,100;OOOOOOOO
[RECV] BSDC91 notify: TS;1;12137;f;902;1925;-365;830;1244;ABCDEFGH;5;10;M;0;S;100;0;full;100
[RECV] BSDC91 notify: TR;2;12137;f;0;ff;ff;1633,1949,2525,2013,1635,2151,2705,2197;1633,1949,2525,2013,1635,2151,2705,2197;100,100,100,100,100,100,100,100;OOOOOOOO
[RECV] BS2DCE notify: TS;1;11785;f;1435;2382;2053;895;1221;ABCDEFGH;0;10;M;0;S;100;0;full;100
[RECV] BS2DCE notify: TR;2;11785;f;0;ff;ff;2675,2120,1958,2185,2195,1937,1661,1974;2675,2120,1958,2185,2195,1937,1661,1974;100,100,100,100,100,100,100,100;OOOOOOOO
[RECV] BSDC91 notify: TS;1;12138;f;796;2013;1605;758;1104;ABCDEFGH;5;10;M;0;S;100;0;full;100
[RECV] BSDC91 notify: TR;2;12138;f;0;ff;ff;1690,2029,2784,1877,1754,2287,2447,2038;1690,2029,2784,1877,1754,2287,2447,2038;100,100,100,100,100,100,100,100;OOOOOOOO
[RECV] BS2DCE notify: TS;1;11786;f;1423;2416;1874;758;1146;ABCDEFGH;0;10;M;0;S;99;0;full;100
[RECV] BS2DCE notify: TR;2;11786;f;0;ff;ff;2761,2117,2008,2342,2150,2353,1657,1972;2761,2117,2008,2342,2150,2353,1657,1972;100,100,100,100,100,100,100,100;OOOOOOOO
[RECV] BSDC91 notify: TS;1;12139;f;845;2139;-530;932;1359;ABCDEFGH;5;10;M;0;S;100;0;full;100
[RECV] BSDC91 notify: TR;2;12139;f;0;ff;ff;1709,2105,2252,1764,1763,2437,2553,1913;1709,2105,2252,1764,1763,2437,2553,1913;100,100,100,100,100,100,100,100;OOOOOOOO
[RECV] BS2DCE notify: TS;1;11787;f;1453;2384;1854;757;1147;ABCDEFGH;0;10;M;0;S;100;0;full;100
[RECV] BS2DCE notify: TR;2;11787;f;0;ff;ff;2783,2071,1962,2361,2100,2287,1742,2035;2783,2071,1962,2361,2100,2287,1742,2035;100,100,100,100,100,100,100,100;OOOOOOOO
[RECV] BSDC91 notify: RXG;1;12139;tag=2;mask=0xff;pc=8;guard=1200;spacing=1000;win=8165;pre=1;slot_to_entry_us=0;slot_to_sched_us=0;slot_to_write_done_us=0;slot_to_txcmd_us=274;slot_to_txdone_us=610;txcmd_to_txdone_us=335;txdone_to_rxstart_us=61;txdone_to_rxend_us=183;rxenable
[RECV] BSDC91 notify: CD;1;12139;tag=2;local=0xb102;status=0x00806f02;rxf=0x0766c814;win=8165;pc=8;mask=0xff;resp=8;unexp=0;last_len=20;last_src=0xa107;last_dst=0xb102;last_code=0xe
[RECV] BSDC91 notify: TS;1;12140;f;875;2175;-600;982;1395;ABCDEFGH;5;10;M;0;S;144;0;full;100
[RECV] BSDC91 notify: TR;2;12140;f;0;ff;ff;1710,2072,2207,1695,1806,2451,2464,1894;1710,2072,2207,1695,1806,2451,2464,1894;100,100,100,100,100,100,100,100;OOOOOOOO
[RECV] BSDC91 notify: TDIAG;wait_ms=75;tx_us=610;rx_us=183;coll_us=8300;range_us=43975;solve_us=11901;out_us=2227;clean_us=30;total_ms=143
[RECV] BS2DCE notify: RXG;1;11787;tag=1;mask=0xff;pc=8;guard=1200;spacing=1000;win=8165;pre=1;slot_to_entry_us=0;slot_to_sched_us=0;slot_to_write_done_us=0;slot_to_txcmd_us=274;slot_to_txdone_us=610;txcmd_to_txdone_us=335;txdone_to_rxstart_us=91;txdone_to_rxend_us=213;rxenable
[RECV] BSDC91 notify: TS;1;12141;f;840;2269;-634;998;1386;ABCDEFGH;5;10;M;0;S;57;0;full;100
[RECV] BSDC91 notify: TR;2;12141;f;0;ff;ff;1743,2176,2163,1562,1895,2592,2409,1782;1743,2176,2163,1562,1895,2592,2409,1782;100,100,100,100,100,100,100,100;OOOOOOOO
[RECV] BS2DCE notify: CD;1;11787;tag=1;local=0xb101;status=0x00806f02;rxf=0x0786c814;win=8165;pc=8;mask=0xff;resp=8;unexp=0;last_len=20;last_src=0xa107;last_dst=0xb101;last_code=0xe
[RECV] BS2DCE notify: TS;1;11788;f;1416;2325;1699;715;1099;ABCDEFGH;0;10;M;0;S;144;0;full;100
[RECV] BS2DCE notify: TR;2;11788;f;0;ff;ff;2547,2001,1997,2342,2089,2397,1806,2137;2547,2001,1997,2342,2089,2397,1806,2137;100,100,100,100,100,100,100,100;OOOOOOOO
[RECV] BS2DCE notify: TS;1;11789;f;982;2701;837;550;937;ACDEFGH;0;10;M;0;S;56;0;full;100
[RECV] BS2DCE notify: TR;2;11789;f;0;ff;fd;2621,0,2023,2375,2074,3783,1779,2119;2621,2001,2023,2375,2074,3783,1779,2119;100,95,100,100,100,100,100,100;OTOOOOOO
[RECV] BSDC91 notify: TS;1;12142;f;797;2286;-630;966;1377;ABCDEFGH;5;10;M;0;S;99;0;full;100
[RECV] BSDC91 notify: TR;2;12142;f;0;ff;ff;1757,2272,2109,1545,1903,2689,2540,1779;1757,2272,2109,1545,1903,2689,2540,1779;100,100,100,100,100,100,100,100;OOOOOOOO
[RECV] BS2DCE notify: TS;1;11790;f;1513;2183;2139;930;1342;ABCDEFGH;0;10;M;0;S;101;0;full;99
[RECV] BS2DCE notify: TR;2;11790;f;0;ff;ff;2758,1890,2100,2406,2001,1547,1914,2153;2758,1890,2100,2406,2001,1547,1914,2153;100,95,100,100,100,100,100,100;OOOOOOOO
[RECV] BS2DCE notify: TDIAG;wait_ms=76;tx_us=610;rx_us=183;coll_us=8483;range_us=549;solve_us=11993;out_us=2349;clean_us=30;total_ms=101
[RECV] BSDC91 notify: TS;1;12143;f;870;2374;-569;960;1327;ABCDEFGH;5;10;M;0;S;100;0;full;100
[RECV] BSDC91 notify: TR;2;12143;f;0;ff;ff;1911,2291,2062,1501,2035,2591,2287,1718;1911,2291,2062,1501,2035,2591,2287,1718;100,100,100,100,100,100,100,100;OOOOOOOO
[RECV] BS2DCE notify: TS;1;11791;f;1422;2125;2056;910;1270;ABCDEFGH;0;10;M;0;S;100;0;full;99
[RECV] BS2DCE notify: TR;2;11791;f;0;ff;ff;2359,1899,2142,2413,1924,1694,1937,2185;2359,1899,2142,2413,1924,1694,1937,2185;100,95,100,100,100,100,100,100;OOOOOOOO
[RECV] BSDC91 notify: TS;1;12144;f;866;2414;-482;924;1263;ABCDEFGH;5;10;M;0;S;100;0;full;100
[RECV] BSDC91 notify: TR;2;12144;f;0;ff;ff;1993,2408,2039,1478,2035,2579,2199,1708;1993,2408,2039,1478,2035,2579,2199,1708;100,100,100,100,100,100,100,100;OOOOOOOO
[RECV] BS2DCE notify: TS;1;11792;f;1405;2064;1927;803;1105;ABCDEFGH;0;10;M;0;S;100;0;full;99
[RECV] BS2DCE notify: TR;2;11792;f;0;ff;ff;2323,1947,2246,2453,1912,1686,2087,2323;2323,1947,2246,2453,1912,1686,2087,2323;100,96,100,100,100,100,100,100;OOOOOOOO
[RECV] BSDC91 notify: TS;1;12145;f;902;2474;1670;820;1213;ABCDEFGH;5;10;M;0;S;100;0;full;100
[RECV] BSDC91 notify: TR;2;12145;f;0;ff;ff;2183,2490,1984,1514,2005,2550,2046,1692;2183,2490,1984,1514,2005,2550,2046,1692;100,100,100,100,100,100,100,100;OOOOOOOO
[RECV] BS2DCE notify: TS;1;11793;f;1405;2027;1897;774;1145;ABCDEFGH;0;10;M;0;S;99;0;full;99
[RECV] BS2DCE notify: TR;2;11793;f;0;ff;ff;2286,1863,2304,2631,1885,1798,2112,2258;2286,1863,2304,2631,1885,1798,2112,2258;100,96,100,100,100,100,100,100;OOOOOOOO
[RECV] BSDC91 notify: TS;1;12146;f;979;2499;1702;764;1032;ABCDEFGH;5;10;M;0;S;100;0;full;100
[RECV] BSDC91 notify: TR;2;12146;f;0;ff;ff;2291,2511,1973,1749,2137,2598,2048,1592;2291,2511,1973,1749,2137,2598,2048,1592;100,100,100,100,100,100,100,100;OOOOOOOO
[RECV] BS2DCE notify: TS;1;11794;f;1385;1955;1920;760;1127;ABCDEFGH;0;10;M;0;S;101;0;full;99
[RECV] BS2DCE notify: TR;2;11794;f;0;ff;ff;2261,1856,2474,2674,1835,1696,2159,2319;2261,1856,2474,2674,1835,1696,2159,2319;100,96,100,100,100,100,100,100;OOOOOOOO
[RECV] BSDC91 notify: TS;1;12147;f;928;2534;1659;764;1081;ABCDEFGH;5;10;M;0;S;100;0;full;100
[RECV] BSDC91 notify: TR;2;12147;f;0;ff;ff;2259,2612,1944,1610,2150,2631,2039,1619;2259,2612,1944,1610,2150,2631,2039,1619;100,100,100,100,100,100,100,100;OOOOOOOO
[RECV] BS2DCE notify: TS;1;11795;f;1337;1929;1826;719;1027;ABCDEFGH;0;10;M;0;S;100;0;full;99
[RECV] BS2DCE notify: TR;2;11795;f;0;ff;ff;2182,1898,2442,2615,1853,1653,2398,2302;2182,1898,2442,2615,1853,1653,2398,2302;100,96,100,100,100,100,100,100;OOOOOOOO
[RECV] BSDC91 notify: TS;1;12148;f;1056;2578;1619;820;1125;ABCDEFH;5;10;M;0;S;98;0;full;100
[RECV] BSDC91 notify: TR;2;12148;f;0;ff;bf;2201,2585,1871,1572,2202,2604,0,1642;2201,2585,1871,1572,2202,2604,2039,1642;100,100,100,100,100,100,96,100;OOOOOOTO
[RECV] BS2DCE notify: TS;1;11796;f;1334;1939;1760;748;1055;ABCDEFGH;0;10;M;0;S;100;0;full;99
[RECV] BS2DCE notify: TR;2;11796;f;0;ff;ff;2071,1838,2321,2495,1862,1662,2432,2331;2071,1838,2321,2495,1862,1662,2432,2331;100,96,100,100,100,100,100,100;OOOOOOOO
[RECV] BSDC91 notify: TS;1;12149;f;980;2568;1790;837;1194;ABCDEFGH;5;10;M;0;S;102;0;full;99
[RECV] BSDC91 notify: TR;2;12149;f;0;ff;ff;2257,2656,1908,1581,2188,2525,1832,1613;2257,2656,1908,1581,2188,2525,1832,1613;100,100,100,100,100,100,96,100;OOOOOOOO
[RECV] BS2DCE notify: TS;1;11797;f;1271;1927;1773;748;1059;ABCDEFGH;0;10;M;0;S;100;0;full;99
[RECV] BS2DCE notify: TR;2;11797;f;0;ff;ff;1983,1861,2414,2506,1840,1732,2411,2273;1983,1861,2414,2506,1840,1732,2411,2273;100,96,100,100,100,100,100,100;OOOOOOOO
[RECV] BSDC91 notify: RXG;1;12149;tag=2;mask=0xff;pc=8;guard=1200;spacing=1000;win=8165;pre=1;slot_to_entry_us=0;slot_to_sched_us=0;slot_to_write_done_us=0;slot_to_txcmd_us=274;slot_to_txdone_us=610;txcmd_to_txdone_us=335;txdone_to_rxstart_us=61;txdone_to_rxend_us=213;rxenable
[RECV] BSDC91 notify: CD;1;12149;tag=2;local=0xb102;status=0x00806f02;rxf=0x07a6c814;win=8165;pc=8;mask=0xff;resp=8;unexp=0;last_len=20;last_src=0xa107;last_dst=0xb102;last_code=0xe
[RECV] BSDC91 notify: TS;1;12150;f;1016;2564;1800;834;1190;ABCDEFGH;5;10;M;0;S;144;0;full;99
[RECV] BS2DCE notify: RXG;1;11797;tag=1;mask=0xff;pc=8;guard=1200;spacing=1000;win=8165;pre=1;slot_to_entry_us=0;slot_to_sched_us=0;slot_to_write_done_us=0;slot_to_txcmd_us=274;slot_to_txdone_us=610;txcmd_to_txdone_us=335;txdone_to_rxstart_us=61;txdone_to_rxend_us=183;rxenable
[RECV] BS2DCE notify: CD;1;11797;tag=1;local=0xb101;status=0x00806f02;rxf=0x07a6c814;win=8165;pc=8;mask=0xff;resp=8;unexp=0;last_len=20;last_src=0xa107;last_dst=0xb101;last_code=0xe
[RECV] BS2DCE notify: TS;1;11798;f;1217;1900;1769;773;1087;ABCDEFGH;0;10;M;0;S;144;0;full;99
[RECV] BS2DCE notify: TR;2;11798;f;0;ff;ff;1897,1837,2411,2467,1704,1788,2458,2285;1897,1837,2411,2467,1704,1788,2458,2285;100,96,100,100,100,100,100,100;OOOOOOOO
[RECV] BSDC91 notify: TR;2;12150;f;0;ff;ff;2287,2608,1928,1610,2217,2504,1789,1641;2287,2608,1928,1610,2217,2504,1789,1641;100,100,100,100,100,100,96,100;OOOOOOOO
[RECV] BSDC91 notify: TDIAG;wait_ms=75;tx_us=610;rx_us=213;coll_us=8270;range_us=44158;solve_us=11962;out_us=2227;clean_us=30;total_ms=143
[RECV] BSDC91 notify: TS;1;12151;f;1278;2626;-85;862;1120;ABDEFGH;5;10;M;0;S;54;0;full;99
[RECV] BSDC91 notify: TR;2;12151;f;0;ff;fb;2351,2531,0,1721,2260,2402,1600,1657;2351,2531,1928,1721,2260,2402,1600,1657;100,100,96,100,100,100,96,100;OOTOOOOO
[RECV] BS2DCE notify: TS;1;11799;f;1204;1851;1795;736;1033;ABCDEFGH;0;10;M;0;S;55;0;full;99
[RECV] BS2DCE notify: TR;2;11799;f;0;ff;ff;1813,1946,2468,2748,1741,1766,2514,2214;1813,1946,2468,2748,1741,1766,2514,2214;100,96,100,100,100,100,100,100;OOOOOOOO
[RECV] BSDC91 notify: TS;1;12152;f;1181;2551;1959;898;1224;ABCDEFGH;5;10;M;0;S;102;0;full;100
[RECV] BSDC91 notify: TR;2;12152;f;0;ff;ff;2464,2444,1888,1763,2212,2354,1615,1705;2464,2444,1888,1763,2212,2354,1615,1705;100,100,100,100,100,100,100,100;OOOOOOOO
[RECV] BS2DCE notify: TS;1;11800;f;1109;1930;1704;720;993;ABCDEFGH;0;10;M;0;S;101;0;full;100
[RECV] BS2DCE notify: TR;2;11800;f;0;ff;ff;1810,2053,2433,2412,1751,1883,2524,2232;1810,2053,2433,2412,1751,1883,2524,2232;100,100,100,100,100,100,100,100;OOOOOOOO
[RECV] BS2DCE notify: TDIAG;wait_ms=75;tx_us=610;rx_us=183;coll_us=8300;range_us=579;solve_us=12054;out_us=2197;clean_us=61;total_ms=100
[RECV] BSDC91 notify: TS;1;12153;f;1243;2543;1934;848;1152;ABCDEFGH;5;10;M;0;S;100;0;full;100
[RECV] BSDC91 notify: TR;2;12153;f;0;ff;ff;2532,2444,1942,1854,2274,2320,1544,1836;2532,2444,1942,1854,2274,2320,1544,1836;100,100,100,100,100,100,100,100;OOOOOOOO
[RECV] BS2DCE notify: TS;1;11801;f;1059;1933;1754;723;1058;ABCDEFGH;0;10;M;0;S;100;0;full;100
[RECV] BS2DCE notify: TR;2;11801;f;0;ff;ff;1759,2191,2515,2392,1734,1882,2451,2258;1759,2191,2515,2392,1734,1882,2451,2258;100,100,100,100,100,100,100,100;OOOOOOOO
[RECV] BSDC91 notify: TS;1;12154;f;1315;2533;2038;920;1211;ABCDEFGH;5;10;M;0;S;100;0;full;100
[RECV] BSDC91 notify: TR;2;12154;f;0;ff;ff;2518,2414,1827,1958,2246,2219,1467,1841;2518,2414,1827,1958,2246,2219,1467,1841;100,100,100,100,100,100,100,100;OOOOOOOO
[RECV] BS2DCE notify: TS;1;11802;f;1002;1924;1699;740;1104;ABCDEFGH;0;10;M;0;S;99;0;full;100
[RECV] BS2DCE notify: TR;2;11802;f;0;ff;ff;1651,2130,2519,2310,1708,1945,2487,2231;1651,2130,2519,2310,1708,1945,2487,2231;100,100,100,100,100,100,100,100;OOOOOOOO
[RECV] BSDC91 notify: TS;1;12155;f;1320;2529;2061;931;1212;ABCDEFGH;5;10;M;0;S;100;0;full;100
[RECV] BSDC91 notify: TR;2;12155;f;0;ff;ff;2553,2387,1842,1955,2238,2193,1467,1832;2553,2387,1842,1955,2238,2193,1467,1832;100,100,100,100,100,100,100,100;OOOOOOOO
[RECV] BS2DCE notify: TS;1;11803;f;993;1888;1596;670;1017;ABCDEFGH;0;10;M;0;S;101;0;full;100
[RECV] BS2DCE notify: TR;2;11803;f;0;ff;ff;1647,2046,2705,2349,1767,2051,2467,2305;1647,2046,2705,2349,1767,2051,2467,2305;100,100,100,100,100,100,100,100;OOOOOOOO
[RECV] BSDC91 notify: TS;1;12156;f;1408;2515;2005;913;1222;ABCDEFGH;5;10;M;0;S;100;0;full;100
[RECV] BSDC91 notify: TR;2;12156;f;0;ff;ff;2636,2272,1769,1971,2318,2085,1518,1914;2636,2272,1769,1971,2318,2085,1518,1914;100,100,100,100,100,100,100,100;OOOOOOOO
[RECV] BS2DCE notify: TS;1;11804;f;960;1868;1568;652;977;ABCDEFGH;0;10;M;0;S;99;0;full;100
[RECV] BS2DCE notify: TR;2;11804;f;0;ff;ff;1644,2062,2768,2301,1740,2051,2535,2349;1644,2062,2768,2301,1740,2051,2535,2349;100,100,100,100,100,100,100,100;OOOOOOOO
[RECV] BSDC91 notify: TS;1;12157;f;1449;2528;1999;872;1181;ABCDEFGH;5;10;M;0;S;100;0;full;100
[RECV] BSDC91 notify: TR;2;12157;f;0;ff;ff;2686,2351,1783,2068,2388,2061,1463,1983;2686,2351,1783,2068,2388,2061,1463,1983;100,100,100,100,100,100,100,100;OOOOOOOO
[RECV] BS2DCE notify: TS;1;11805;f;916;1877;1540;633;936;ABCDEFGH;0;10;M;0;S;100;0;full;100
[RECV] BS2DCE notify: TR;2;11805;f;0;ff;ff;1659,2082,2836,2248,1758,2102,2572,2320;1659,2082,2836,2248,1758,2102,2572,2320;100,100,100,100,100,100,100,100;OOOOOOOO
[RECV] BSDC91 notify: TS;1;12158;f;1455;2474;2038;899;1184;ABCDEFGH;5;10;M;0;S;100;0;full;100
[RECV] BSDC91 notify: TR;2;12158;f;0;ff;ff;2674,2254,1838,2090,2368,1945,1528,1975;2674,2254,1838,2090,2368,1945,1528,1975;100,100,100,100,100,100,100,100;OOOOOOOO
[RECV] BS2DCE notify: TS;1;11806;f;998;1902;-254;689;1086;ABCDEFGH;0;10;M;0;S;100;0;full;100
[RECV] BS2DCE notify: TR;2;11806;f;0;ff;ff;1666,2032,2531,2137,1737,2225,2635,2549;1666,2032,2531,2137,1737,2225,2635,2549;100,100,100,100,100,100,100,100;OOOOOOOO
[RECV] BSDC91 notify: TS;1;12159;f;1446;2440;2063;925;1273;ABCDEFGH;5;10;M;0;S;100;0;full;100
[RECV] BSDC91 notify: TR;2;12159;f;0;ff;ff;2538,2280,1791,2162,2351,1869,1594,1937;2538,2280,1791,2162,2351,1869,1594,1937;100,100,100,100,100,100,100,100;OOOOOOOO
[RECV] BS2DCE notify: TS;1;11807;f;1030;1930;-306;738;1175;ABCDEFGH;0;10;M;0;S;101;0;full;100
[RECV] BS2DCE notify: TR;2;11807;f;0;ff;ff;1731,2029,2313,2158,1711,2163,2683,2470;1731,2029,2313,2158,1711,2163,2683,2470;100,100,100,100,100,100,100,100;OOOOOOOO
[RECV] BSDC91 notify: RXG;1;12159;tag=2;mask=0xff;pc=8;guard=1200;spacing=1000;win=8165;pre=1;slot_to_entry_us=0;slot_to_sched_us=0;slot_to_write_done_us=0;slot_to_txcmd_us=274;slot_to_txdone_us=610;txcmd_to_txdone_us=335;txdone_to_rxstart_us=61;txdone_to_rxend_us=183;rxenable
[RECV] BSDC91 notify: CD;1;12159;tag=2;local=0xb102;status=0x00806f02;rxf=0x0766c814;win=8165;pc=8;mask=0xff;resp=7;unexp=0;last_len=20;last_src=0xa107;last_dst=0xb102;last_code=0xe
[RECV] BSDC91 notify: TS;1;12160;f;1466;2401;1925;887;1203;ABCDEFH;5;10;M;0;S;141;0;full;100
[RECV] BSDC91 notify: TR;2;12160;f;0;ff;bf;2487,2232,1789,2191,2264,1948,0,1986;2487,2232,1789,2191,2264,1948,1594,1986;100,100,100,100,100,100,96,100;OOOOOOTO
[RECV] BS2DCE notify: RXG;1;11807;tag=1;mask=0xff;pc=8;guard=1200;spacing=1000;win=8165;pre=1;slot_to_entry_us=0;slot_to_sched_us=0;slot_to_write_done_us=0;slot_to_txcmd_us=274;slot_to_txdone_us=610;txcmd_to_txdone_us=335;txdone_to_rxstart_us=61;txdone_to_rxend_us=183;rxenable
[RECV] BSDC91 notify: TDIAG;wait_ms=75;tx_us=610;rx_us=183;coll_us=8422;range_us=44006;solve_us=9368;out_us=2136;clean_us=30;total_ms=141
[RECV] BSDC91 notify: TS;1;12161;f;1589;2532;2083;877;1216;ABCDEFGH;5;10;M;0;S;59;0;full;99
[RECV] BSDC91 notify: TR;2;12161;f;0;ff;ff;3289,2220,1755,2254,2257,1934,1517,2017;3289,2220,1755,2254,2257,1934,1517,2017;100,100,100,100,100,100,96,100;OOOOOOOO
[RECV] BS2DCE notify: CD;1;11807;tag=1;local=0xb101;status=0x00806f02;rxf=0x07c6c814;win=8165;pc=8;mask=0xff;resp=8;unexp=0;last_len=20;last_src=0xa107;last_dst=0xb101;last_code=0xe
[RECV] BS2DCE notify: TS;1;11808;f;950;1994;-354;769;1150;ABCDEFGH;0;10;M;0;S;143;0;full;100
[RECV] BS2DCE notify: TR;2;11808;f;0;ff;ff;1764,2022,2378,1995,1785,2238,2731,2244;1764,2022,2378,1995,1785,2238,2731,2244;100,100,100,100,100,100,100,100;OOOOOOOO
[RECV] BS2DCE notify: TS;1;11809;f;904;1986;-65;702;963;ABCEFGH;0;10;M;0;S;55;0;full;100
[RECV] BS2DCE notify: TR;2;11809;f;0;ff;f7;1752,2013,2708,0,1776,2263,2444,2203;1752,2013,2708,1995,1776,2263,2444,2203;100,100,100,96,100,100,100,100;OOOTOOOO
[RECV] BSDC91 notify: TS;1;12162;f;1637;2606;1909;769;1211;ABCDEFGH;5;10;M;0;S;100;0;full;99
[RECV] BSDC91 notify: TR;2;12162;f;0;ff;ff;3725,2150,1835,2278,2285,2196,1544,2021;3725,2150,1835,2278,2285,2196,1544,2021;100,100,100,100,100,100,96,100;OOOOOOOO
[RECV] BS2DCE notify: TS;1;11810;f;855;2002;1576;733;1095;ABCDEFGH;0;10;M;0;S;102;0;full;99
[RECV] BS2DCE notify: TR;2;11810;f;0;ff;ff;1758,1972,2731,1945,1726,2303,2465,2086;1758,1972,2731,1945,1726,2303,2465,2086;100,100,100,96,100,100,100,100;OOOOOOOO
[RECV] BS2DCE notify: TDIAG;wait_ms=76;tx_us=610;rx_us=183;coll_us=8331;range_us=549;solve_us=12115;out_us=2197;clean_us=30;total_ms=101
[RECV] BSDC91 notify: TS;1;12163;f;1501;2393;2211;990;1314;ABCDEFGH;5;10;M;0;S;100;0;full;99
[RECV] BSDC91 notify: TR;2;12163;f;0;ff;ff;2704,2171,1864,2290,2252,1722,1504,1995;2704,2171,1864,2290,2252,1722,1504,1995;100,100,100,100,100,100,96,100;OOOOOOOO
[RECV] BS2DCE notify: TS;1;11811;f;923;2129;-372;822;1220;ABCDEFGH;0;10;M;0;S;99;0;full;99
[RECV] BS2DCE notify: TR;2;11811;f;0;ff;ff;1815,2108,2306,1883,1815,2392,2441,2065;1815,2108,2306,1883,1815,2392,2441,2065;100,100,100,96,100,100,100,100;OOOOOOOO
[RECV] BSDC91 notify: TS;1;12164;f;1485;2444;1841;761;1110;ABCDEFGH;5;10;M;0;S;100;0;full;99
[RECV] BSDC91 notify: TR;2;12164;f;0;ff;ff;2726,2134,1894,2383,2187,2415,1530,2077;2726,2134,1894,2383,2187,2415,1530,2077;100,100,100,100,100,100,96,100;OOOOOOOO
[RECV] BS2DCE notify: TS;1;11812;f;909;2146;-355;829;1187;ABCDEFGH;0;10;M;0;S;101;0;full;99
[RECV] BS2DCE notify: TR;2;11812;f;0;ff;ff;1813,2122,2349,1849,1846,2361,2410,1991;1813,2122,2349,1849,1846,2361,2410,1991;100,100,100,96,100,100,100,100;OOOOOOOO
[RECV] BSDC91 notify: TS;1;12165;f;1280;2644;2136;787;1141;ACDEFGH;5;10;M;0;S;98;0;full;99
[RECV] BSDC91 notify: TR;2;12165;f;0;ff;fd;2995,0,1912,2326,2197,2066,1555,2029;2995,2134,1912,2326,2197,2066,1555,2029;100,96,100,100,100,100,96,100;OTOOOOOO
[RECV] BS2DCE notify: TS;1;11813;f;878;2180;-326;842;1207;ABCDEFGH;0;10;M;0;S;100;0;full;99
[RECV] BS2DCE notify: TR;2;11813;f;0;ff;ff;1873,2144,2384,1756,1824,2368,2355,1916;1873,2144,2384,1756,1824,2368,2355,1916;100,100,100,96,100,100,100,100;OOOOOOOO
[RECV] BSDC91 notify: TS;1;12166;f;1524;2309;1825;778;1080;ABCDEFH;5;10;M;0;S;100;0;full;99
[RECV] BSDC91 notify: TR;2;12166;f;0;ff;bf;2712,2041,1953,2390,2175,1966,0,2114;2712,2041,1953,2390,2175,1966,1555,2114;100,96,100,100,100,100,93,100;OOOOOOTO
[RECV] BS2DCE notify: TS;1;11814;f;886;2185;-343;866;1257;ABCDEFGH;0;10;M;0;S;100;0;full;99
[RECV] BS2DCE notify: TR;2;11814;f;0;ff;ff;1897,2062,2281,1838,1791,2402,2349,1863;1897,2062,2281,1838,1791,2402,2349,1863;100,100,100,96,100,100,100,100;OOOOOOOO
[RECV] BSDC91 notify: TS;1;12167;f;1509;2353;1938;812;1193;ABCDEFGH;5;10;M;0;S;103;0;full;98
[RECV] BSDC91 notify: TR;2;12167;f;0;ff;ff;2725,2032,1944,2403,2131,2106,1650,2120;2725,2032,1944,2403,2131,2106,1650,2120;100,96,100,100,100,100,93,100;OOOOOOOO
[RECV] BS2DCE notify: TS;1;11815;f;868;2198;-408;855;1289;ABCDEFGH;0;10;M;0;S;100;0;full;99
[RECV] BS2DCE notify: TR;2;11815;f;0;ff;ff;1909,2115,2264,1766,1803,2533,2434,1928;1909,2115,2264,1766,1803,2533,2434,1928;100,100,100,96,100,100,100,100;OOOOOOOO
[RECV] BSDC91 notify: TS;1;12168;f;1533;2320;1952;817;1248;ABCDEFGH;5;10;M;0;S;99;0;full;99
[RECV] BSDC91 notify: TR;2;12168;f;0;ff;ff;2754,1954,2002,2410,2179,2007,1694,2108;2754,1954,2002,2410,2179,2007,1694,2108;100,100,100,100,100,100,94,100;OOOOOOOO
[RECV] BS2DCE notify: TS;1;11816;f;867;2240;-413;873;1261;ABCDEFGH;0;10;M;0;S;100;0;full;100
[RECV] BS2DCE notify: TR;2;11816;f;0;ff;ff;1904,2120,2254,1752,1865,2549,2356,1830;1904,2120,2254,1752,1865,2549,2356,1830;100,100,100,100,100,100,100,100;OOOOOOOO
[RECV] BSDC91 notify: TS;1;12169;f;1549;2267;1973;838;1274;ABCDEFGH;5;10;M;0;S;100;0;full;99
[RECV] BSDC91 notify: TR;2;12169;f;0;ff;ff;2659,1898,2022,2486,2128,1962,1681,2173;2659,1898,2022,2486,2128,1962,1681,2173;100,100,100,100,100,100,94,100;OOOOOOOO
[RECV] BS2DCE notify: TS;1;11817;f;877;2281;-361;846;1286;ABCDEFGH;0;10;M;0;S;99;0;full;100
[RECV] BS2DCE notify: TR;2;11817;f;0;ff;ff;2001,2200,2144,1776,1842,2612,2315,1834;2001,2200,2144,1776,1842,2612,2315,1834;100,100,100,100,100,100,100,100;OOOOOOOO
[RECV] BSDC91 notify: RXG;1;12169;tag=2;mask=0xff;pc=8;guard=1200;spacing=1000;win=8165;pre=1;slot_to_entry_us=0;slot_to_sched_us=0;slot_to_write_done_us=0;slot_to_txcmd_us=274;slot_to_txdone_us=610;txcmd_to_txdone_us=335;txdone_to_rxstart_us=61;txdone_to_rxend_us=183;rxenable
[RECV] BSDC91 notify: CD;1;12169;tag=2;local=0xb102;status=0x00806f02;rxf=0x0756c814;win=8165;pc=8;mask=0xff;resp=8;unexp=0;last_len=20;last_src=0xa107;last_dst=0xb102;last_code=0xe
[RECV] BSDC91 notify: TS;1;12170;f;1522;2237;2001;843;1248;ABCDEFGH;5;10;M;0;S;144;0;full;99
[RECV] BSDC91 notify: TR;2;12170;f;0;ff;ff;2686,1929,2057,2444,2064,1845,1792,2180;2686,1929,2057,2444,2064,1845,1792,2180;100,100,100,100,100,100,94,100;OOOOOOOO
[RECV] BSDC91 notify: TDIAG;wait_ms=75;tx_us=610;rx_us=183;coll_us=8300;range_us=43975;solve_us=11932;out_us=2227;clean_us=30;total_ms=143
[RECV] BS2DCE notify: RXG;1;11817;tag=1;mask=0xff;pc=8;guard=1200;spacing=1000;win=8165;pre=1;slot_to_entry_us=0;slot_to_sched_us=0;slot_to_write_done_us=0;slot_to_txcmd_us=274;slot_to_txdone_us=610;txcmd_to_txdone_us=335;txdone_to_rxstart_us=91;txdone_to_rxend_us=213;rxenable
[RECV] BS2DCE notify: CD;1;11817;tag=1;local=0xb101;status=0x00806f02;rxf=0x0776c814;win=8165;pc=8;mask=0xff;resp=8;unexp=0;last_len=20;last_src=0xa107;last_dst=0xb101;last_code=0xe
[RECV] BS2DCE notify: TS;1;11818;f;896;2282;1577;779;1100;ABCDEFGH;0;10;M;0;S;144;0;full;100
[RECV] BS2DCE notify: TR;2;11818;f;0;ff;ff;2011,2214,2194,1703,1861,2466,2234,1854;2011,2214,2194,1703,1861,2466,2234,1854;100,100,100,100,100,100,100,100;OOOOOOOO
[RECV] BSDC91 notify: TS;1;12171;f;1518;2163;1863;785;1155;ABCDEFH;5;10;M;0;S;54;0;full;100
[RECV] BSDC91 notify: TR;2;12171;f;0;ff;bf;2724,1885,2173,2475,2015,1798,0,2182;2724,1885,2173,2475,2015,1798,1792,2182;100,100,100,100,100,100,90,100;OOOOOOTO
[RECV] BS2DCE notify: TS;1;11819;f;865;2324;-448;879;1281;ABCDEFGH;0;10;M;0;S;57;0;full;100
[RECV] BS2DCE notify: TR;2;11819;f;0;ff;ff;1981,2251,2116,1641,1929,2632,2328,1805;1981,2251,2116,1641,1929,2632,2328,1805;100,100,100,100,100,100,100,100;OOOOOOOO
[RECV] BSDC91 notify: TS;1;12172;f;1574;2172;2149;912;1334;ABCDEFGH;5;10;M;0;S;102;0;full;98
[RECV] BSDC91 notify: TR;2;12172;f;0;ff;ff;2831,1878,2127,2544,2032,1539,1791,2224;2831,1878,2127,2544,2032,1539,1791,2224;100,100,100,100,100,100,90,100;OOOOOOOO
[RECV] BS2DCE notify: TS;1;11820;f;884;2321;-412;871;1229;ABCDEFGH;0;10;M;0;S;100;0;full;100
[RECV] BS2DCE notify: TR;2;11820;f;0;ff;ff;2019,2220,2199,1600,1961,2546,2278,1807;2019,2220,2199,1600,1961,2546,2278,1807;100,100,100,100,100,100,100,100;OOOOOOOO
[RECV] BS2DCE notify: TDIAG;wait_ms=75;tx_us=610;rx_us=183;coll_us=8483;range_us=549;solve_us=11901;out_us=2380;clean_us=30;total_ms=100
[RECV] BSDC91 notify: TS;1;12173;f;1608;2216;2076;856;1340;ABCDEFGH;5;10;M;0;S;100;0;full;98
[RECV] BSDC91 notify: TR;2;12173;f;0;ff;ff;3150,1843,2147,2506,1993,1662,1836,2233;3150,1843,2147,2506,1993,1662,1836,2233;100,100,100,100,100,100,90,100;OOOOOOOO
[RECV] BS2DCE notify: TS;1;11821;f;904;2342;-364;832;1236;ABCDEFGH;0;10;M;0;S;100;0;full;100
[RECV] BS2DCE notify: TR;2;11821;f;0;ff;ff;2071,2311,2095,1659,1947,2588,2263,1858;2071,2311,2095,1659,1947,2588,2263,1858;100,100,100,100,100,100,100,100;OOOOOOOO
[RECV] BSDC91 notify: TS;1;12174;f;1478;2077;1968;836;1279;ABCDEFGH;5;10;M;0;S;100;0;full;98
[RECV] BSDC91 notify: TR;2;12174;f;0;ff;ff;2435,1781,2246,2532,1958,1738,1984,2237;2435,1781,2246,2532,1958,1738,1984,2237;100,100,100,100,100,100,91,100;OOOOOOOO
[RECV] BS2DCE notify: TS;1;11822;f;913;2378;-336;824;1200;ABCDEFGH;0;10;M;0;S;99;0;full;100
[RECV] BS2DCE notify: TR;2;11822;f;0;ff;ff;2117,2324,2088,1644,1997,2603,2193,1817;2117,2324,2088,1644,1997,2603,2193,1817;100,100,100,100,100,100,100,100;OOOOOOOO
[RECV] BSDC91 notify: TS;1;12175;f;1476;2051;2034;896;1271;ABCDEFGH;5;10;M;0;S;100;0;full;98
[RECV] BSDC91 notify: TR;2;12175;f;0;ff;ff;2310,1815,2202,2516,1921,1610,1939,2315;2310,1815,2202,2516,1921,1610,1939,2315;100,100,100,100,100,100,91,100;OOOOOOOO
[RECV] BS2DCE notify: TS;1;11823;f;905;2412;1610;748;1047;ABCDEFGH;0;10;M;0;S;100;0;full;100
[RECV] BS2DCE notify: TR;2;11823;f;0;ff;ff;2149,2433,2094,1687,2041,2569,2162,1706;2149,2433,2094,1687,2041,2569,2162,1706;100,100,100,100,100,100,100,100;OOOOOOOO
[RECV] BSDC91 notify: TS;1;12176;f;1454;1995;2020;868;1244;ABCDEFGH;5;10;M;0;S;100;0;full;99
[RECV] BSDC91 notify: TR;2;12176;f;0;ff;ff;2264,1804,2294,2602,1870,1592,2026,2321;2264,1804,2294,2602,1870,1592,2026,2321;100,100,100,100,100,100,92,100;OOOOOOOO
[RECV] BS2DCE notify: TS;1;11824;f;945;2462;1599;727;1052;ABCDEFGH;0;10;M;0;S;100;0;full;100
[RECV] BS2DCE notify: TR;2;11824;f;0;ff;ff;2298,2462,2049,1658,2044,2637,2096,1765;2298,2462,2049,1658,2044,2637,2096,1765;100,100,100,100,100,100,100,100;OOOOOOOO
[RECV] BSDC91 notify: TS;1;12177;f;1453;1932;1976;818;1171;ABCDEFGH;5;10;M;0;S;100;0;full;99
[RECV] BSDC91 notify: TR;2;12177;f;0;ff;ff;2244,1807,2378,2686,1919,1468,2213,2315;2244,1807,2378,2686,1919,1468,2213,2315;100,100,100,100,100,100,92,100;OOOOOOOO
[RECV] BS2DCE notify: TS;1;11825;f;1016;2490;1630;704;967;ABCDEFGH;0;10;M;0;S;101;0;full;100
[RECV] BS2DCE notify: TR;2;11825;f;0;ff;ff;2390,2548,1984,1776,2045,2656,2006,1826;2390,2548,1984,1776,2045,2656,2006,1826;100,100,100,100,100,100,100,100;OOOOOOOO
[RECV] BSDC91 notify: TS;1;12178;f;1467;1902;1874;821;1105;ABCDEFH;5;10;M;0;S;98;0;full;100
[RECV] BSDC91 notify: TR;2;12178;f;0;ff;bf;2184,1781,2329,2671,1811,1514,0,2417;2184,1781,2329,2671,1811,1514,2213,2417;100,100,100,100,100,100,88,100;OOOOOOTO
[RECV] BS2DCE notify: TS;1;11826;f;797;2562;-26;650;1069;ABCDEFGH;0;10;M;0;S;100;0;full;100
[RECV] BS2DCE notify: TR;2;11826;f;0;ff;ff;2201,2581,2069,1973,2079,3601,2048,1769;2201,2581,2069,1973,2079,3601,2048,1769;100,100,100,100,100,100,100,100;OOOOOOOO
[RECV] BSDC91 notify: TS;1;12179;f;1406;1850;1975;783;1071;ABCDEFGH;5;10;M;0;S;102;0;full;98
[RECV] BSDC91 notify: TR;2;12179;f;0;ff;ff;2163,1872,2484,2861,1745,1490,2266,2379;2163,1872,2484,2861,1745,1490,2266,2379;100,100,100,100,100,100,89,100;OOOOOOOO
[RECV] BS2DCE notify: TS;1;11827;f;981;2451;1744;747;1015;ABCDEFGH;0;10;M;0;S;100;0;full;100
[RECV] BS2DCE notify: TR;2;11827;f;0;ff;ff;2236,2623,2044,1836,2061,2517,2031,1730;2236,2623,2044,1836,2061,2517,2031,1730;100,100,100,100,100,100,100,100;OOOOOOOO
[RECV] BSDC91 notify: RXG;1;12179;tag=2;mask=0xff;pc=8;guard=1200;spacing=1000;win=8165;pre=1;slot_to_entry_us=0;slot_to_sched_us=0;slot_to_write_done_us=0;slot_to_txcmd_us=274;slot_to_txdone_us=610;txcmd_to_txdone_us=335;txdone_to_rxstart_us=61;txdone_to_rxend_us=183;rxenable
[RECV] BSDC91 notify: CD;1;12179;tag=2;local=0xb102;status=0x00806f02;rxf=0x07b6c814;win=8165;pc=8;mask=0xff;resp=8;unexp=0;last_len=20;last_src=0xa107;last_dst=0xb102;last_code=0xe
[RECV] BSDC91 notify: TS;1;12180;f;1430;1854;1960;819;1184;ABCDEFGH;5;10;M;0;S;144;0;full;98
[RECV] BSDC91 notify: TR;2;12180;f;0;ff;ff;2096,1742,2424,2828,1770,1535,2235,2372;2096,1742,2424,2828,1770,1535,2235,2372;100,100,100,100,100,100,89,100;OOOOOOOO
[RECV] BS2DCE notify: RXG;1;11827;tag=1;mask=0xff;pc=8;guard=1200;spacing=1000;win=8165;pre=1;slot_to_entry_us=0;slot_to_sched_us=0;slot_to_write_done_us=0;slot_to_txcmd_us=274;slot_to_txdone_us=610;txcmd_to_txdone_us=335;txdone_to_rxstart_us=91;txdone_to_rxend_us=213;rxenable
[RECV] BSDC91 notify: TDIAG;wait_ms=75;tx_us=610;rx_us=183;coll_us=8300;range_us=44189;solve_us=11993;out_us=2258;clean_us=30;total_ms=144
[RECV] BS2DCE notify: CD;1;11827;tag=1;local=0xb101;status=0x00806f02;rxf=0x0766c814;win=8165;pc=8;mask=0xff;resp=8;unexp=0;last_len=20;last_src=0xa107;last_dst=0xb101;last_code=0xe
[RECV] BS2DCE notify: TS;1;11828;f;992;2481;1757;783;1056;ABCDEFGH;0;10;M;0;S;143;0;full;100
[RECV] BS2DCE notify: TR;2;11828;f;0;ff;ff;2202,2572,2032,1758,2162,2503,1913,1685;2202,2572,2032,1758,2162,2503,1913,1685;100,100,100,100,100,100,100,100;OOOOOOOO
[RECV] BSDC91 notify: TS;1;12181;f;1403;1829;1917;857;1192;ABCDEGH;5;10;M;0;S;54;0;full;98
[RECV] BSDC91 notify: TR;2;12181;f;0;ff;df;2028,1700,2525,2624,1706,0,2314,2383;2028,1700,2525,2624,1706,1535,2314,2383;100,100,100,100,100,96,90,100;OOOOOTOO
[RECV] BS2DCE notify: TS;1;11829;f;1032;2468;1760;776;1075;ABCDEFGH;0;10;M;0;S;56;0;full;100
[RECV] BS2DCE notify: TR;2;11829;f;0;ff;ff;2262,2490,2074,1767,2182,2463,1898,1727;2262,2490,2074,1767,2182,2463,1898,1727;100,100,100,100,100,100,100,100;OOOOOOOO
[RECV] BSDC91 notify: TS;1;12182;f;1353;1800;1892;855;1209;ABCDEFGH;5;10;M;0;S;103;0;full;98
[RECV] BSDC91 notify: TR;2;12182;f;0;ff;ff;1881,1669,2425,2591,1666,1478,2428,2444;1881,1669,2425,2591,1666,1478,2428,2444;100,100,100,100,100,96,90,100;OOOOOOOO
[RECV] BS2DCE notify: TS;1;11830;f;1064;2488;1847;823;1129;ABCDEFGH;0;10;M;0;S;101;0;full;100
[RECV] BS2DCE notify: TR;2;11830;f;0;ff;ff;2274,2572,1981,1770,2180,2346,1861,1710;2274,2572,1981,1770,2180,2346,1861,1710;100,100,100,100,100,100,100,100;OOOOOOOO
[RECV] BS2DCE notify: TDIAG;wait_ms=75;tx_us=610;rx_us=213;coll_us=8300;range_us=549;solve_us=12084;out_us=2227;clean_us=30;total_ms=100
[RECV] BSDC91 notify: TS;1;12183;f;1248;1822;1736;732;1021;ABCDEFGH;5;10;M;0;S;99;0;full;98
[RECV] BSDC91 notify: TR;2;12183;f;0;ff;ff;1855,1818,2475,2617,1712,1699,2576,2355;1855,1818,2475,2617,1712,1699,2576,2355;100,100,100,100,100,96,90,100;OOOOOOOO
[RECV] BS2DCE notify: TS;1;11831;f;1086;2475;1870;810;1114;ABCDEFGH;0;10;M;0;S;99;0;full;100
[RECV] BS2DCE notify: TR;2;11831;f;0;ff;ff;2301,2611,2027,1818,2150,2319,1810,1800;2301,2611,2027,1818,2150,2319,1810,1800;100,100,100,100,100,100,100,100;OOOOOOOO
[RECV] BSDC91 notify: TS;1;12184;f;1272;1848;1786;830;1111;ABCDEFH;5;10;M;0;S;98;0;full;100
[RECV] BSDC91 notify: TR;2;12184;f;0;ff;bf;1757,1840,2415,2576,1673,1687,0,2359;1757,1840,2415,2576,1673,1687,2576,2359;100,100,100,100,100,100,88,100;OOOOOOTO
[RECV] BS2DCE notify: TS;1;11832;f;1164;2473;1882;840;1156;ABCDEFGH;0;10;M;0;S;101;0;full;100
[RECV] BS2DCE notify: TR;2;11832;f;0;ff;ff;2358,2411,2010,1820,2220,2284,1720,1807;2358,2411,2010,1820,2220,2284,1720,1807;100,100,100,100,100,100,100,100;OOOOOOOO
[RECV] BSDC91 notify: TS;1;12185;f;1183;1795;1708;764;1119;ABCDEFGH;5;10;M;0;S;102;0;full;98
[RECV] BSDC91 notify: TR;2;12185;f;0;ff;ff;1728,1717,2545,2528,1614,1797,2566,2349;1728,1717,2545,2528,1614,1797,2566,2349;100,100,100,100,100,100,88,100;OOOOOOOO
[RECV] BS2DCE notify: TS;1;11833;f;1205;2467;1949;876;1172;ABCDEFGH;0;10;M;0;S;100;0;full;100
[RECV] BS2DCE notify: TR;2;11833;f;0;ff;ff;2413,2341,2000,1870,2171,2280,1655,1808;2413,2341,2000,1870,2171,2280,1655,1808;100,100,100,100,100,100,100,100;OOOOOOOO
[RECV] BSDC91 notify: TS;1;12186;f;1128;1803;1791;809;1166;ABCDEFGH;5;10;M;0;S;100;0;full;98
[RECV] BSDC91 notify: TR;2;12186;f;0;ff;ff;1614,1853,2533,2510,1597,1748,2512,2315;1614,1853,2533,2510,1597,1748,2512,2315;100,100,100,100,100,100,89,100;OOOOOOOO
[RECV] BS2DCE notify: TS;1;11834;f;1240;2459;1952;880;1180;ABCDEFGH;0;10;M;0;S;100;0;full;100
[RECV] BS2DCE notify: TR;2;11834;f;0;ff;ff;2425,2330,1966,1886,2195,2198,1663,1847;2425,2330,1966,1886,2195,2198,1663,1847;100,100,100,100,100,100,100,100;OOOOOOOO
[RECV] BSDC91 notify: TS;1;12187;f;1081;1835;-191;761;1200;ABCDEFGH;5;10;M;0;S;100;0;full;98
[RECV] BSDC91 notify: TR;2;12187;f;0;ff;ff;1600,1960,2350,2467,1567,1957,2539,2466;1600,1960,2350,2467,1567,1957,2539,2466;100,100,100,100,100,100,90,100;OOOOOOOO
[RECV] BS2DCE notify: TS;1;11835;f;1303;2461;1968;860;1138;ABCDEFGH;0;10;M;0;S;99;0;full;100
[RECV] BS2DCE notify: TR;2;11835;f;0;ff;ff;2531,2336,1962,1968,2221,2144,1621,1920;2531,2336,1962,1968,2221,2144,1621,1920;100,100,100,100,100,100,100,100;OOOOOOOO
[RECV] BSDC91 notify: TS;1;12188;f;1078;1824;-271;791;1210;ABCDEFGH;5;10;M;0;S;100;0;full;98
[RECV] BSDC91 notify: TR;2;12188;f;0;ff;ff;1485,1940,2335,2500,1599,1994,2530,2482;1485,1940,2335,2500,1599,1994,2530,2482;100,100,100,100,100,100,90,100;OOOOOOOO
[RECV] BS2DCE notify: TS;1;11836;f;1320;2420;2042;899;1160;ABCDEFGH;0;10;M;0;S;100;0;full;100
[RECV] BS2DCE notify: TR;2;11836;f;0;ff;ff;2486,2302,1950,2071,2246,1986,1711,1822;2486,2302,1950,2071,2246,1986,1711,1822;100,100,100,100,100,100,100,100;OOOOOOOO
[RECV] BSDC91 notify: TS;1;12189;f;936;1774;-181;700;1072;ABCDEFGH;5;10;M;0;S;100;0;full;98
[RECV] BSDC91 notify: TR;2;12189;f;0;ff;ff;1472,1938,2758,2362,1595,2126,2655,2484;1472,1938,2758,2362,1595,2126,2655,2484;100,100,100,100,100,100,90,100;OOOOOOOO
[RECV] BS2DCE notify: TS;1;11837;f;1372;2385;1997;851;1109;ABCDEFGH;0;10;M;0;S;101;0;full;100
[RECV] BS2DCE notify: TR;2;11837;f;0;ff;ff;2552,2240,1975,2180,2214,1992,1730,1932;2552,2240,1975,2180,2214,1992,1730,1932;100,100,100,100,100,100,100,100;OOOOOOOO
[RECV] BSDC91 notify: RXG;1;12189;tag=2;mask=0xff;pc=8;guard=1200;spacing=1000;win=8165;pre=1;slot_to_entry_us=0;slot_to_sched_us=0;slot_to_write_done_us=0;slot_to_txcmd_us=274;slot_to_txdone_us=610;txcmd_to_txdone_us=335;txdone_to_rxstart_us=61;txdone_to_rxend_us=183;rxenable
[RECV] BSDC91 notify: CD;1;12189;tag=2;local=0xb102;status=0x00806f02;rxf=0x07a6c814;win=8165;pc=8;mask=0xff;resp=8;unexp=0;last_len=20;last_src=0xa107;last_dst=0xb102;last_code=0xe
[RECV] BSDC91 notify: TS;1;12190;f;913;1885;-392;827;1235;ABCDEFGH;5;10;M;0;S;144;0;full;98
[RECV] BSDC91 notify: TR;2;12190;f;0;ff;ff;1562,1885,2559,2085,1638,2184,2694,2274;1562,1885,2559,2085,1638,2184,2694,2274;100,100,100,100,100,100,91,100;OOOOOOOO
[RECV] BSDC91 notify: TDIAG;wait_ms=75;tx_us=610;rx_us=183;coll_us=8300;range_us=43975;solve_us=11840;out_us=2410;clean_us=30;total_ms=143
[RECV] BS2DCE notify: RXG;1;11837;tag=1;mask=0xff;pc=8;guard=1200;spacing=1000;win=8165;pre=1;slot_to_entry_us=0;slot_to_sched_us=0;slot_to_write_done_us=0;slot_to_txcmd_us=305;slot_to_txdone_us=610;txcmd_to_txdone_us=305;txdone_to_rxstart_us=91;txdone_to_rxend_us=213;rxenable
[RECV] BSDC91 notify: TS;1;12191;f;827;1979;-408;864;1262;ABCDEFGH;5;10;M;0;S;58;0;full;98
[RECV] BSDC91 notify: TR;2;12191;f;0;ff;ff;1655,1980,2588,1835,1662,2240,2655,2104;1655,1980,2588,1835,1662,2240,2655,2104;100,100,100,100,100,100,91,100;OOOOOOOO
[RECV] BS2DCE notify: CD;1;11837;tag=1;local=0xb101;status=0x00806f02;rxf=0x0786c814;win=8165;pc=8;mask=0xff;resp=8;unexp=0;last_len=20;last_src=0xa107;last_dst=0xb101;last_code=0xe
[RECV] BS2DCE notify: TS;1;11838;f;1425;2346;1991;879;1181;ABCDEFGH;0;10;M;0;S;143;0;full;100
[RECV] BS2DCE notify: TR;2;11838;f;0;ff;ff;2546,2100,1948,2167,2234,1880,1767,1991;2546,2100,1948,2167,2234,1880,1767,1991;100,100,100,100,100,100,100,100;OOOOOOOO
[RECV] BS2DCE notify: TS;1;11839;f;1471;2352;1988;835;1132;ABCDEFGH;0;10;M;0;S;57;0;full;100
[RECV] BS2DCE notify: TR;2;11839;f;0;ff;ff;2655,2135,1964,2300,2225,1916,1713,2058;2655,2135,1964,2300,2225,1916,1713,2058;100,100,100,100,100,100,100,100;OOOOOOOO
[RECV] BSDC91 notify: TS;1;12192;f;838;2087;-392;888;1288;ABCDEFGH;5;10;M;0;S;98;0;full;99
[RECV] BSDC91 notify: TR;2;12192;f;0;ff;ff;1654,2135,2425,1831,1705,2317,2419,1979;1654,2135,2425,1831,1705,2317,2419,1979;100,100,100,100,100,100,92,100;OOOOOOOO
[RECV] BS2DCE notify: TS;1;11840;f;1420;2393;1831;770;1166;ABCDEFGH;0;10;M;0;S;100;0;full;100
[RECV] BS2DCE notify: TR;2;11840;f;0;ff;ff;2663,2057,1990,2248,2159,2324,1679,2037;2663,2057,1990,2248,2159,2324,1679,2037;100,100,100,100,100,100,100,100;OOOOOOOO
[RECV] BS2DCE notify: TDIAG;wait_ms=75;tx_us=610;rx_us=183;coll_us=8331;range_us=549;solve_us=12084;out_us=2197;clean_us=61;total_ms=99
[RECV] BSDC91 notify: TS;1;12193;f;854;2152;-527;914;1301;ABCDEFGH;5;10;M;0;S;100;0;full;99
[RECV] BS2DCE notify: TS;1;11841;f;1444;2346;1826;754;1142;ABCDEFGH;0;10;M;0;S;99;0;full;100
[RECV] BS2DCE notify: TR;2;11841;f;0;ff;ff;2596,2035,2022,2392,2147,2302,1690,2079;2596,2035,2022,2392,2147,2302,1690,2079;100,100,100,100,100,100,100,100;OOOOOOOO
[RECV] BSDC91 notify: TR;2;12193;f;0;ff;ff;1717,2112,2287,1736,1830,2464,2496,1955;1717,2112,2287,1736,1830,2464,2496,1955;100,100,100,100,100,100,92,100;OOOOOOOO
[RECV] BSDC91 notify: TS;1;12194;f;821;2230;-558;934;1360;ABCDEFGH;5;10;M;0;S;100;0;full;99
[RECV] BSDC91 notify: TR;2;12194;f;0;ff;ff;1771,2231,2171,1636,1839,2585,2465,1882;1771,2231,2171,1636,1839,2585,2465,1882;100,100,100,100,100,100,92,100;OOOOOOOO
[RECV] BS2DCE notify: TS;1;11842;f;1473;2270;1941;819;1181;ABCDEFGH;0;10;M;0;S;101;0;full;100
[RECV] BS2DCE notify: TR;2;11842;f;0;ff;ff;2558,1998,2033,2390,2117,1965,1777,2131;2558,1998,2033,2390,2117,1965,1777,2131;100,100,100,100,100,100,100,100;OOOOOOOO
[RECV] BSDC91 notify: TS;1;12195;f;857;2281;-659;1026;1410;ABCDEFGH;5;10;M;0;S;100;0;full;99
[RECV] BSDC91 notify: TR;2;12195;f;0;ff;ff;1753,2208,2087,1540,1944,2481,2398,1751;1753,2208,2087,1540,1944,2481,2398,1751;100,100,100,100,100,100,92,100;OOOOOOOO
[RECV] BS2DCE notify: TS;1;11843;f;1498;2210;2026;883;1293;ABCDEFGH;0;10;M;0;S;99;0;full;100
[RECV] BS2DCE notify: TR;2;11843;f;0;ff;ff;2636,1889,2065,2354,1998,1785,1842,2199;2636,1889,2065,2354,1998,1785,1842,2199;100,100,100,100,100,100,100,100;OOOOOOOO
[RECV] BSDC91 notify: TS;1;12196;f;521;2222;-691;1017;1436;ABCDEFH;5;10;M;0;S;98;0;full;100
[RECV] BSDC91 notify: TR;2;12196;f;0;ff;bf;1805,2310,2114,1453,2033,2589,0,1685;1805,2310,2114,1453,2033,2589,2398,1685;100,100,100,100,100,100,89,100;OOOOOOTO
[RECV] BS2DCE notify: TS;1;11844;f;1530;2184;2077;875;1288;ABCDEFGH;0;10;M;0;S;101;0;full;100
[RECV] BS2DCE notify: TR;2;11844;f;0;ff;ff;2772,1898,2121,2468,1970,1686,1857,2220;2772,1898,2121,2468,1970,1686,1857,2220;100,100,100,100,100,100,100,100;OOOOOOOO
[RECV] BSDC91 notify: TS;1;12197;f;864;2393;-624;1004;1356;ABCDEFGH;5;10;M;0;S;102;0;full;98
[RECV] BSDC91 notify: TR;2;12197;f;0;ff;ff;1959,2320,1993,1396,2034,2549,2280,1713;1959,2320,1993,1396,2034,2549,2280,1713;100,100,100,100,100,100,90,100;OOOOOOOO
[RECV] BS2DCE notify: TS;1;11845;f;1458;2079;1998;879;1238;ABCDEFGH;0;10;M;0;S;100;0;full;100
[RECV] BS2DCE notify: TR;2;11845;f;0;ff;ff;2285,1850,2163,2498,1929,1704,1934,2286;2285,1850,2163,2498,1929,1704,1934,2286;100,100,100,100,100,100,100,100;OOOOOOOO
[RECV] BSDC91 notify: TS;1;12198;f;857;2456;1567;784;1187;ABCDEFGH;5;10;M;0;S;100;0;full;98
[RECV] BSDC91 notify: TR;2;12198;f;0;ff;ff;2145,2456,2039,1471,2018,2588,2123,1728;2145,2456,2039,1471,2018,2588,2123,1728;100,100,100,100,100,100,90,100;OOOOOOOO
[RECV] BS2DCE notify: TS;1;11846;f;1386;2036;1810;732;1035;ABCDEFGH;0;10;M;0;S;100;0;full;100
[RECV] BS2DCE notify: TR;2;11846;f;0;ff;ff;2244,1933,2259,2571,1889,1850,2160,2320;2244,1933,2259,2571,1889,1850,2160,2320;100,100,100,100,100,100,100,100;OOOOOOOO
[RECV] BSDC91 notify: TS;1;12199;f;1026;2482;1681;735;974;ABCDEFGH;5;10;M;0;S;100;0;full;98
[RECV] BSDC91 notify: TR;2;12199;f;0;ff;ff;2300,2482,2006,1808,2181,2561,2014,1673;2300,2482,2006,1808,2181,2561,2014,1673;100,100,100,100,100,100,90,100;OOOOOOOO
[RECV] BS2DCE notify: TS;1;11847;f;1364;1965;1890;739;1071;ABCDEFGH;0;10;M;0;S;99;0;full;100
[RECV] BS2DCE notify: TR;2;11847;f;0;ff;ff;2230,1907,2454,2699,1820,1780,2161,2295;2230,1907,2454,2699,1820,1780,2161,2295;100,100,100,100,100,100,100,100;OOOOOOOO
[RECV] BSDC91 notify: RXG;1;12199;tag=2;mask=0xff;pc=8;guard=1200;spacing=1000;win=8165;pre=1;slot_to_entry_us=0;slot_to_sched_us=0;slot_to_write_done_us=0;slot_to_txcmd_us=274;slot_to_txdone_us=610;txcmd_to_txdone_us=335;txdone_to_rxstart_us=61;txdone_to_rxend_us=183;rxenable
[RECV] BSDC91 notify: CD;1;12199;tag=2;local=0xb102;status=0x00806f02;rxf=0x0786c814;win=8165;pc=8;mask=0xff;resp=8;unexp=0;last_len=20;last_src=0xa107;last_dst=0xb102;last_code=0xe
[RECV] BSDC91 notify: TS;1;12200;f;937;2535;1650;774;1100;ABCDEFGH;5;10;M;0;S;144;0;full;99
[RECV] BSDC91 notify: TR;2;12200;f;0;ff;ff;2293,2559,1931,1589,2080,2683,2002,1650;2293,2559,1931,1589,2080,2683,2002,1650;100,100,100,100,100,100,94,100;OOOOOOOO
[RECV] BS2DCE notify: RXG;1;11847;tag=1;mask=0xff;pc=8;guard=1200;spacing=1000;win=8165;pre=1;slot_to_entry_us=0;slot_to_sched_us=0;slot_to_write_done_us=0;slot_to_txcmd_us=274;slot_to_txdone_us=610;txcmd_to_txdone_us=335;txdone_to_rxstart_us=91;txdone_to_rxend_us=213;rxenable
[RECV] BSDC91 notify: TDIAG;wait_ms=75;tx_us=610;rx_us=183;coll_us=8300;range_us=43975;solve_us=11962;out_us=2227;clean_us=30;total_ms=143
[RECV] BSDC91 notify: TS;1;12201;f;1035;2582;1690;833;1178;ABCDEFH;5;10;M;0;S;55;0;full;100
[RECV] BSDC91 notify: TR;2;12201;f;0;ff;bf;2248,2617,1940,1550,2184,2580,0,1608;2248,2617,1940,1550,2184,2580,2002,1608;100,100,100,100,100,100,88,100;OOOOOOTO
[RECV] BS2DCE notify: CD;1;11847;tag=1;local=0xb101;status=0x00806f02;rxf=0x07b6c814;win=8165;pc=8;mask=0xff;resp=8;unexp=0;last_len=20;last_src=0xa107;last_dst=0xb101;last_code=0xe
[RECV] BS2DCE notify: TS;1;11848;f;1387;1927;1925;769;1142;ABCDEFGH;0;10;M;0;S;144;0;full;100
[RECV] BS2DCE notify: TR;2;11848;f;0;ff;ff;2215,1825,2509,2680,1860,1637,2196,2301;2215,1825,2509,2680,1860,1637,2196,2301;100,100,100,100,100,100,100,100;OOOOOOOO
[RECV] BS2DCE notify: TS;1;11849;f;1107;2058;1791;687;968;ACDEFGH;0;10;M;0;S;56;0;full;100
[RECV] BS2DCE notify: TR;2;11849;f;0;ff;fd;2048,0,2326,2504,1888,1655,2440,2286;2048,1825,2326,2504,1888,1655,2440,2286;100,94,100,100,100,100,100,100;OTOOOOOO
[RECV] BSDC91 notify: TS;1;12202;f;1088;2600;1734;852;1181;ABCDEFH;5;10;M;0;S;99;0;full;100
[RECV] BSDC91 notify: TR;2;12202;f;0;ff;bf;2295,2609,1874,1588,2211,2555,0,1607;2295,2609,1874,1588,2211,2555,2002,1607;100,100,100,100,100,100,84,100;OOOOOOTO
[RECV] BS2DCE notify: TS;1;11850;f;1295;1920;1773;755;1110;ABCDEFGH;0;10;M;0;S;101;0;full;99
[RECV] BS2DCE notify: TR;2;11850;f;0;ff;ff;2021,1795,2422,2491,1847,1698,2422,2286;2021,1795,2422,2491,1847,1698,2422,2286;100,94,100,100,100,100,100,100;OOOOOOOO
[RECV] BS2DCE notify: TDIAG;wait_ms=76;tx_us=610;rx_us=213;coll_us=8361;range_us=640;solve_us=11962;out_us=2380;clean_us=30;total_ms=101
[RECV] BSDC91 notify: TS;1;12203;f;1015;2562;1800;858;1148;ABCDFGH;5;10;M;0;S;100;0;full;97
[RECV] BSDC91 notify: TR;2;12203;f;0;ff;ef;2305,2605,1937,1653,0,2448,1769,1602;2305,2605,1937,1653,2211,2448,1769,1602;100,100,100,100,95,100,85,100;OOOOTOOO
[RECV] BS2DCE notify: TS;1;11851;f;1216;1876;1705;732;1012;ABCDEFGH;0;10;M;0;S;100;0;full;99
[RECV] BS2DCE notify: TR;2;11851;f;0;ff;ff;1827,1859,2431,2538,1789,1759,2517,2297;1827,1859,2431,2538,1789,1759,2517,2297;100,95,100,100,100,100,100,100;OOOOOOOO
[RECV] BSDC91 notify: TS;1;12204;f;1107;2575;1795;798;1100;ABCDEFGH;5;10;M;0;S;102;0;full;97
[RECV] BSDC91 notify: TR;2;12204;f;0;ff;ff;2386,2573,1918,1732,2289,2504,1703,1699;2386,2573,1918,1732,2289,2504,1703,1699;100,100,100,100,95,100,85,100;OOOOOOOO
[RECV] BS2DCE notify: TS;1;11852;f;1187;1897;1832;770;1066;ABCDEFGH;0;10;M;0;S;100;0;full;99
[RECV] BS2DCE notify: TR;2;11852;f;0;ff;ff;1826,1965,2420,2660,1708,1840,2423,2181;1826,1965,2420,2660,1708,1840,2423,2181;100,95,100,100,100,100,100,100;OOOOOOOO
[RECV] BSDC91 notify: TS;1;12205;f;1217;2570;1934;898;1193;ABCDEFGH;5;10;M;0;S;101;0;full;97
[RECV] BSDC91 notify: TR;2;12205;f;0;ff;ff;2440,2438,1823,1784,2272,2374,1548,1712;2440,2438,1823,1784,2272,2374,1548,1712;100,100,100,100,95,100,86,100;OOOOOOOO
[RECV] BS2DCE notify: TS;1;11853;f;1094;1930;1670;751;959;ABCDFGH;0;10;M;0;S;97;0;full;99
[RECV] BS2DCE notify: TR;2;11853;f;0;ff;ef;1818,1987,2416,2394,0,1859,2455,2259;1818,1987,2416,2394,1708,1859,2455,2259;100,95,100,100,95,100,100,100;OOOOTOOO
[RECV] BSDC91 notify: TS;1;12206;f;1250;2550;1956;884;1180;ABCDEFGH;5;10;M;0;S;99;0;full;97
[RECV] BSDC91 notify: TR;2;12206;f;0;ff;ff;2562,2414,1840,1840,2185,2332,1590,1780;2562,2414,1840,1840,2185,2332,1590,1780;100,100,100,100,95,100,86,100;OOOOOOOO
[RECV] BS2DCE notify: TS;1;11854;f;1089;1937;1704;714;971;ABCDEFGH;0;10;M;0;S;103;0;full;98
[RECV] BS2DCE notify: TR;2;11854;f;0;ff;ff;1829,2025,2494,2400,1714,1981,2450,2247;1829,2025,2494,2400,1714,1981,2450,2247;100,95,100,100,95,100,100,100;OOOOOOOO
[RECV] BSDC91 notify: TS;1;12207;f;1286;2537;2054;946;1246;ABCDEFGH;5;10;M;0;S;100;0;full;97
[RECV] BSDC91 notify: TR;2;12207;f;0;ff;ff;2512,2406,1849,1863,2236,2195,1457,1815;2512,2406,1849,1863,2236,2195,1457,1815;100,100,100,100,95,100,87,100;OOOOOOOO
[RECV] BS2DCE notify: TS;1;11855;f;1022;1929;1707;736;1082;ABCDEFGH;0;10;M;0;S;100;0;full;98
[RECV] BS2DCE notify: TR;2;11855;f;0;ff;ff;1689,2154,2504,2293,1715,1900,2469,2296;1689,2154,2504,2293,1715,1900,2469,2296;100,95,100,100,95,100,100,100;OOOOOOOO
[RECV] BSDC91 notify: TS;1;12208;f;1330;2515;1980;884;1150;ABCDEFGH;5;10;M;0;S;101;0;full;98
[RECV] BSDC91 notify: TR;2;12208;f;0;ff;ff;2540,2377,1867,1945,2275,2190,1488,1912;2540,2377,1867,1945,2275,2190,1488,1912;100,100,100,100,96,100,88,100;OOOOOOOO
[RECV] BS2DCE notify: TS;1;11856;f;998;1887;1619;677;1019;ABCDEFGH;0;10;M;0;S;100;0;full;99
[RECV] BS2DCE notify: TR;2;11856;f;0;ff;ff;1660,2072,2696,2323,1765,1983,2479,2337;1660,2072,2696,2323,1765,1983,2479,2337;100,96,100,100,96,100,100,100;OOOOOOOO
[RECV] BSDC91 notify: TS;1;12209;f;1431;2533;1938;876;1161;ABCDEFGH;5;10;M;0;S;100;0;full;98
[RECV] BSDC91 notify: TR;2;12209;f;0;ff;ff;2640,2271,1765,1971,2395,2135,1478,1955;2640,2271,1765,1971,2395,2135,1478,1955;100,100,100,100,96,100,88,100;OOOOOOOO
[RECV] BS2DCE notify: TS;1;11857;f;951;1879;1603;662;961;ABCDEFGH;0;10;M;0;S;100;0;full;99
[RECV] BS2DCE notify: TR;2;11857;f;0;ff;ff;1686,2084,2756,2285,1682,2065,2517,2358;1686,2084,2756,2285,1682,2065,2517,2358;100,96,100,100,96,100,100,100;OOOOOOOO
[RECV] BSDC91 notify: RXG;1;12209;tag=2;mask=0xff;pc=8;guard=1200;spacing=1000;win=8165;pre=1;slot_to_entry_us=0;slot_to_sched_us=0;slot_to_write_done_us=0;slot_to_txcmd_us=274;slot_to_txdone_us=610;txcmd_to_txdone_us=335;txdone_to_rxstart_us=91;txdone_to_rxend_us=213;rxenable
[RECV] BSDC91 notify: CD;1;12209;tag=2;local=0xb102;status=0x00806f02;rxf=0x07d6c814;win=8165;pc=8;mask=0xff;resp=8;unexp=0;last_len=20;last_src=0xa107;last_dst=0xb102;last_code=0xe
[RECV] BSDC91 notify: TS;1;12210;f;1460;2524;1956;853;1179;ABCDEFGH;5;10;M;0;S;143;0;full;98
[RECV] BSDC91 notify: TR;2;12210;f;0;ff;ff;2685,2363,1754,2055,2398,2036,1507,2019;2685,2363,1754,2055,2398,2036,1507,2019;100,100,100,100,96,100,88,100;OOOOOOOO
[RECV] BS2DCE notify: RXG;1;11857;tag=1;mask=0xff;pc=8;guard=1200;spacing=1000;win=8165;pre=1;slot_to_entry_us=0;slot_to_sched_us=0;slot_to_write_done_us=0;slot_to_txcmd_us=274;slot_to_txdone_us=610;txcmd_to_txdone_us=335;txdone_to_rxstart_us=91;txdone_to_rxend_us=213;rxenable
[RECV] BSDC91 notify: TDIAG;wait_ms=75;tx_us=610;rx_us=213;coll_us=8270;range_us=44189;solve_us=12115;out_us=2227;clean_us=30;total_ms=144
[RECV] BS2DCE notify: CD;1;11857;tag=1;local=0xb101;status=0x00806f02;rxf=0x0776c814;win=8165;pc=8;mask=0xff;resp=8;unexp=0;last_len=20;last_src=0xa107;last_dst=0xb101;last_code=0xe
[RECV] BS2DCE notify: TS;1;11858;f;910;1851;1507;620;921;ABCDEFGH;0;10;M;0;S;144;0;full;99
[RECV] BS2DCE notify: TR;2;11858;f;0;ff;ff;1633,2075,2849,2261,1726,2096,2594,2404;1633,2075,2849,2261,1726,2096,2594,2404;100,96,100,100,96,100,100,100;OOOOOOOO
[RECV] BSDC91 notify: TS;1;12211;f;1435;2485;1899;834;1042;ABCDEGH;5;10;M;0;S;54;0;full;97
[RECV] BSDC91 notify: TR;2;12211;f;0;ff;df;2692,2283,1930,2093,2346,0,1542,1971;2692,2283,1930,2093,2346,2036,1542,1971;100,100,100,100,96,96,89,100;OOOOOTOO
[RECV] BS2DCE notify: TS;1;11859;f;1042;1919;-295;734;1136;ABCDEFGH;0;10;M;0;S;56;0;full;99
[RECV] BS2DCE notify: TR;2;11859;f;0;ff;ff;1662,2012,2440,2155,1740,2154,2585,2507;1662,2012,2440,2155,1740,2154,2585,2507;100,96,100,100,96,100,100,100;OOOOOOOO
[RECV] BSDC91 notify: TS;1;12212;f;1446;2414;2088;946;1314;ABCDEFGH;5;10;M;0;S;103;0;full;97
[RECV] BSDC91 notify: TR;2;12212;f;0;ff;ff;2505,2260,1784,2194,2285,1841,1605,1952;2505,2260,1784,2194,2285,1841,1605,1952;100,100,100,100,96,96,89,100;OOOOOOOO
[RECV] BS2DCE notify: TS;1;11860;f;1040;1925;-333;742;1179;ABCDEFGH;0;10;M;0;S;100;0;full;99
[RECV] BS2DCE notify: TR;2;11860;f;0;ff;ff;1737,1960,2354,2131,1725,2188,2697,2491;1737,1960,2354,2131,1725,2188,2697,2491;100,96,100,100,96,100,100,100;OOOOOOOO
[RECV] BS2DCE notify: TDIAG;wait_ms=75;tx_us=610;rx_us=183;coll_us=8331;range_us=549;solve_us=12207;out_us=2197;clean_us=30;total_ms=100
[RECV] BSDC91 notify: TS;1;12213;f;1444;2424;2066;900;1253;ABCDEFGH;5;10;M;0;S;100;0;full;97
[RECV] BSDC91 notify: TR;2;12213;f;0;ff;ff;2541,2340,1825,2247,2320,1852,1606,1962;2541,2340,1825,2247,2320,1852,1606,1962;100,100,100,100,96,96,90,100;OOOOOOOO
[RECV] BS2DCE notify: TS;1;11861;f;949;1989;-310;738;1124;ABCDEFGH;0;10;M;0;S;100;0;full;99
[RECV] BS2DCE notify: TR;2;11861;f;0;ff;ff;1777,2019,2409,2043,1780,2265,2743,2248;1777,2019,2409,2043,1780,2265,2743,2248;100,96,100,100,96,100,100,100;OOOOOOOO
[RECV] BSDC91 notify: TS;1;12214;f;1573;2529;2025;820;1135;ABCDEFGH;5;10;M;0;S;100;0;full;97
[RECV] BSDC91 notify: TR;2;12214;f;0;ff;ff;3312,2253,1853,2254,2283,1954,1542,2028;3312,2253,1853,2254,2283,1954,1542,2028;100,100,100,100,96,96,90,100;OOOOOOOO
[RECV] BS2DCE notify: TS;1;11862;f;899;2004;1547;682;995;ABCDEFGH;0;10;M;0;S;100;0;full;99
[RECV] BS2DCE notify: TR;2;11862;f;0;ff;ff;1796,2035,2737,2015,1802,2256,2419,2201;1796,2035,2737,2015,1802,2256,2419,2201;100,96,100,100,96,100,100,100;OOOOOOOO
[RECV] BSDC91 notify: TS;1;12215;f;1647;2516;2249;980;1399;ABCDEFGH;5;10;M;0;S;100;0;full;97
[RECV] BSDC91 notify: TR;2;12215;f;0;ff;ff;3649,2098,1855,2264,2263,1672,1519,1951;3649,2098,1855,2264,2263,1672,1519,1951;100,100,100,100,96,96,90,100;OOOOOOOO
[RECV] BS2DCE notify: TS;1;11863;f;839;2003;1584;741;1119;ABCDEFGH;0;10;M;0;S;100;0;full;99
[RECV] BS2DCE notify: TR;2;11863;f;0;ff;ff;1754,1962,2766,1926,1720,2311,2438,2103;1754,1962,2766,1926,1720,2311,2438,2103;100,96,100,100,96,100,100,100;OOOOOOOO
[RECV] BSDC91 notify: TS;1;12216;f;1526;2404;2261;1026;1399;ABCDEFGH;5;10;M;0;S;99;0;full;99
[RECV] BSDC91 notify: TR;2;12216;f;0;ff;ff;2816,2141,1799,2317,2180,1708,1486,1988;2816,2141,1799,2317,2180,1708,1486,1988;100,100,100,100,100,100,94,100;OOOOOOOO
[RECV] BS2DCE notify: TS;1;11864;f;913;2102;-392;845;1284;ABCDEFGH;0;10;M;0;S;100;0;full;100
[RECV] BS2DCE notify: TR;2;11864;f;0;ff;ff;1828,2060,2294,1882,1741,2365,2505,2058;1828,2060,2294,1882,1741,2365,2505,2058;100,100,100,100,100,100,100,100;OOOOOOOO
[RECV] BSDC91 notify: TS;1;12217;f;1479;2455;1891;785;1136;ABCDEFGH;5;10;M;0;S;101;0;full;99
[RECV] BSDC91 notify: TR;2;12217;f;0;ff;ff;2742,2147,1915,2360,2191,2391,1470,2056;2742,2147,1915,2360,2191,2391,1470,2056;100,100,100,100,100,100,94,100;OOOOOOOO
[RECV] BS2DCE notify: TS;1;11865;f;945;2146;-467;897;1279;ABCDEFGH;0;10;M;0;S;99;0;full;100
[RECV] BS2DCE notify: TR;2;11865;f;0;ff;ff;1811,2042,2271,1788,1835,2334,2400,2018;1811,2042,2271,1788,1835,2334,2400,2018;100,100,100,100,100,100,100,100;OOOOOOOO
[RECV] BSDC91 notify: TS;1;12218;f;1536;2426;1932;781;1189;ABCDEFGH;5;10;M;0;S;99;0;full;99
[RECV] BSDC91 notify: TR;2;12218;f;0;ff;ff;2976,2078,1937,2388,2192,2170,1607,2060;2976,2078,1937,2388,2192,2170,1607,2060;100,100,100,100,100,100,94,100;OOOOOOOO
[RECV] BS2DCE notify: TS;1;11866;f;897;2182;-331;847;1233;ABCDEFGH;0;10;M;0;S;101;0;full;100
[RECV] BS2DCE notify: TR;2;11866;f;0;ff;ff;1883,2140,2327,1796,1808,2370,2341,1921;1883,2140,2327,1796,1808,2370,2341,1921;100,100,100,100,100,100,100,100;OOOOOOOO
[RECV] BSDC91 notify: TS;1;12219;f;1265;2541;2082;779;1091;ACDEFGH;5;10;M;0;S;98;0;full;99
[RECV] BSDC91 notify: TR;2;12219;f;0;ff;fd;2714,0,1992,2347,2197,2017,1596,2118;2714,2078,1992,2347,2197,2017,1596,2118;100,95,100,100,100,100,95,100;OTOOOOOO
[RECV] BS2DCE notify: TS;1;11867;f;893;2195;-344;848;1253;ABCDEFGH;0;10;M;0;S;99;0;full;100
[RECV] BS2DCE notify: TR;2;11867;f;0;ff;ff;1925,2105,2255,1819,1805,2428,2365,1906;1925,2105,2255,1819,1805,2428,2365,1906;100,100,100,100,100,100,100,100;OOOOOOOO
[RECV] BSDC91 notify: RXG;1;12219;tag=2;mask=0xff;pc=8;guard=1200;spacing=1000;win=8165;pre=1;slot_to_entry_us=0;slot_to_sched_us=0;slot_to_write_done_us=0;slot_to_txcmd_us=274;slot_to_txdone_us=610;txcmd_to_txdone_us=335;txdone_to_rxstart_us=61;txdone_to_rxend_us=183;rxenable
[RECV] BSDC91 notify: CD;1;12219;tag=2;local=0xb102;status=0x00806f02;rxf=0x07a6c814;win=8165;pc=8;mask=0xff;resp=8;unexp=0;last_len=20;last_src=0xa107;last_dst=0xb102;last_code=0xe
[RECV] BSDC91 notify: TS;1;12220;f;1518;2341;1941;811;1234;ABCDEFGH;5;10;M;0;S;146;0;full;98
[RECV] BSDC91 notify: TR;2;12220;f;0;ff;ff;2709,1982,1986,2432,2181,2086,1644,2102;2709,1982,1986,2432,2181,2086,1644,2102;100,95,100,100,100,100,95,100;OOOOOOOO
[RECV] BSDC91 notify: TDIAG;wait_ms=78;tx_us=610;rx_us=183;coll_us=8300;range_us=44036;solve_us=11901;out_us=2410;clean_us=30;total_ms=146
[RECV] BS2DCE notify: RXG;1;11867;tag=1;mask=0xff;pc=8;guard=1200;spacing=1000;win=8165;pre=1;slot_to_entry_us=0;slot_to_sched_us=0;slot_to_write_done_us=0;slot_to_txcmd_us=305;slot_to_txdone_us=610;txcmd_to_txdone_us=305;txdone_to_rxstart_us=91;txdone_to_rxend_us=213;rxenable
[RECV] BS2DCE notify: CD;1;11867;tag=1;local=0xb101;status=0x00806f02;rxf=0x0766c814;win=8165;pc=8;mask=0xff;resp=8;unexp=0;last_len=20;last_src=0xa107;last_dst=0xb101;last_code=0xe
[RECV] BS2DCE notify: TS;1;11868;f;915;2209;-384;865;1232;ABCDEFGH;0;10;M;0;S;144;0;full;100
[RECV] BS2DCE notify: TR;2;11868;f;0;ff;ff;1912,2103,2254,1782,1867,2401,2352,1888;1912,2103,2254,1782,1867,2401,2352,1888;100,100,100,100,100,100,100,100;OOOOOOOO
[RECV] BSDC91 notify: TS;1;12221;f;1594;2297;2011;845;1283;ABCDEFGH;5;10;M;0;S;57;0;full;98
[RECV] BSDC91 notify: TR;2;12221;f;0;ff;ff;2782,1920,1966,2524,2206,1864,1675,2160;2782,1920,1966,2524,2206,1864,1675,2160;100,95,100,100,100,100,95,100;OOOOOOOO
[RECV] BS2DCE notify: TS;1;11869;f;890;2241;-433;891;1316;ABCDEFGH;0;10;M;0;S;57;0;full;100
[RECV] BS2DCE notify: TR;2;11869;f;0;ff;ff;1917,2167,2191,1706,1829,2491,2332,1891;1917,2167,2191,1706,1829,2491,2332,1891;100,100,100,100,100,100,100,100;OOOOOOOO
[RECV] BSDC91 notify: TS;1;12222;f;1503;2263;2003;848;1256;ABCDEFGH;5;10;M;0;S;99;0;full;98
[RECV] BSDC91 notify: TR;2;12222;f;0;ff;ff;2637,1947,2031,2483,2048,1962,1715,2147;2637,1947,2031,2483,2048,1962,1715,2147;100,95,100,100,100,100,95,100;OOOOOOOO
[RECV] BS2DCE notify: TS;1;11870;f;877;2278;-455;884;1289;ABCDEFGH;0;10;M;0;S;100;0;full;100
[RECV] BS2DCE notify: TR;2;11870;f;0;ff;ff;1973,2170,2213,1616,1894,2567,2345,1874;1973,2170,2213,1616,1894,2567,2345,1874;100,100,100,100,100,100,100,100;OOOOOOOO
[RECV] BS2DCE notify: TDIAG;wait_ms=75;tx_us=610;rx_us=213;coll_us=8300;range_us=549;solve_us=12084;out_us=2197;clean_us=61;total_ms=100
[RECV] BSDC91 notify: TS;1;12223;f;1534;2234;2059;889;1319;ABCDEFGH;5;10;M;0;S;101;0;full;98
[RECV] BSDC91 notify: TR;2;12223;f;0;ff;ff;2689,1889,2070,2405,2080,1756,1725,2221;2689,1889,2070,2405,2080,1756,1725,2221;100,95,100,100,100,100,95,100;OOOOOOOO
[RECV] BS2DCE notify: TS;1;11871;f;887;2312;-402;857;1264;ABCDEFGH;0;10;M;0;S;99;0;full;100
[RECV] BS2DCE notify: TR;2;11871;f;0;ff;ff;2016,2206,2122,1714,1914,2625,2306,1818;2016,2206,2122,1714,1914,2625,2306,1818;100,100,100,100,100,100,100,100;OOOOOOOO
[RECV] BSDC91 notify: TS;1;12224;f;1523;2201;2058;881;1328;ABCDEFGH;5;10;M;0;S;99;0;full;99
[RECV] BSDC91 notify: TR;2;12224;f;0;ff;ff;2721,1860,2102,2437,2022,1727,1841,2184;2721,1860,2102,2437,2022,1727,1841,2184;100,96,100,100,100,100,96,100;OOOOOOOO
[RECV] BS2DCE notify: TS;1;11872;f;901;2314;-402;861;1260;ABCDEFGH;0;10;M;0;S;101;0;full;100
[RECV] BS2DCE notify: TR;2;11872;f;0;ff;ff;1981,2263,2157,1657,1924,2578,2229,1879;1981,2263,2157,1657,1924,2578,2229,1879;100,100,100,100,100,100,100,100;OOOOOOOO
[RECV] BSDC91 notify: TS;1;12225;f;1554;2207;2093;869;1333;ABCDEFGH;5;10;M;0;S;100;0;full;99
[RECV] BSDC91 notify: TR;2;12225;f;0;ff;ff;2962,1872,2168,2469,2015,1648,1839,2196;2962,1872,2168,2469,2015,1648,1839,2196;100,96,100,100,100,100,96,100;OOOOOOOO
[RECV] BS2DCE notify: TS;1;11873;f;896;2354;-356;815;1172;ABCDEFGH;0;10;M;0;S;100;0;full;100
[RECV] BS2DCE notify: TR;2;11873;f;0;ff;ff;2065,2285,2173,1644,2013,2634,2244,1840;2065,2285,2173,1644,2013,2634,2244,1840;100,100,100,100,100,100,100,100;OOOOOOOO
[RECV] BSDC91 notify: TS;1;12226;f;1517;2072;2100;929;1341;ABCDEFGH;5;10;M;0;S;100;0;full;99
[RECV] BSDC91 notify: TR;2;12226;f;0;ff;ff;2433,1789,2150,2550,1945,1533,1922,2284;2433,1789,2150,2550,1945,1533,1922,2284;100,96,100,100,100,100,96,100;OOOOOOOO
[RECV] BS2DCE notify: TS;1;11874;f;931;2342;-372;843;1211;ABCDEFGH;0;10;M;0;S;100;0;full;100
[RECV] BS2DCE notify: TR;2;11874;f;0;ff;ff;2099,2267,2072,1658,1984,2513,2261,1845;2099,2267,2072,1658,1984,2513,2261,1845;100,100,100,100,100,100,100,100;OOOOOOOO
[RECV] BSDC91 notify: TS;1;12227;f;1470;2064;1998;857;1304;ABCDEFGH;5;10;M;0;S;101;0;full;99
[RECV] BSDC91 notify: TR;2;12227;f;0;ff;ff;2402,1770,2251,2549,1933,1702,1982,2245;2402,1770,2251,2549,1933,1702,1982,2245;100,96,100,100,100,100,96,100;OOOOOOOO
[RECV] BS2DCE notify: TS;1;11875;f;944;2392;-351;819;1184;ABCDEFGH;0;10;M;0;S;100;0;full;100
[RECV] BS2DCE notify: TR;2;11875;f;0;ff;ff;2180,2309,2056,1613,2041,2584,2196,1854;2180,2309,2056,1613,2041,2584,2196,1854;100,100,100,100,100,100,100,100;OOOOOOOO
[RECV] BSDC91 notify: TS;1;12228;f;1447;2019;1980;845;1233;ABCDEFGH;5;10;M;0;S;99;0;full;99
[RECV] BSDC91 notify: TR;2;12228;f;0;ff;ff;2320,1807,2278,2544,1875,1639,2056,2329;2320,1807,2278,2544,1875,1639,2056,2329;100,96,100,100,100,100,96,100;OOOOOOOO
[RECV] BS2DCE notify: TS;1;11876;f;923;2421;1598;737;1036;ABCDEFGH;0;10;M;0;S;100;0;full;100
[RECV] BS2DCE notify: TR;2;11876;f;0;ff;ff;2202,2461,2047,1692,1999,2589,2159,1769;2202,2461,2047,1692,1999,2589,2159,1769;100,100,100,100,100,100,100,100;OOOOOOOO
[RECV] BSDC91 notify: TS;1;12229;f;1444;1989;1980;820;1179;ABCDEFGH;5;10;M;0;S;101;0;full;99
[RECV] BSDC91 notify: TR;2;12229;f;0;ff;ff;2335,1842,2348,2574,1904,1539,2131,2341;2335,1842,2348,2574,1904,1539,2131,2341;100,96,100,100,100,100,96,100;OOOOOOOO
[RECV] BS2DCE notify: TS;1;11877;f;994;2485;1672;726;1073;ABCDEFGH;0;10;M;0;S;99;0;full;100
[RECV] BS2DCE notify: TR;2;11877;f;0;ff;ff;2422,2542,2016,1687,2094,2488,2121,1742;2422,2542,2016,1687,2094,2488,2121,1742;100,100,100,100,100,100,100,100;OOOOOOOO
[RECV] BSDC91 notify: RXG;1;12229;tag=2;mask=0xff;pc=8;guard=1200;spacing=1000;win=8165;pre=1;slot_to_entry_us=0;slot_to_sched_us=0;slot_to_write_done_us=0;slot_to_txcmd_us=274;slot_to_txdone_us=610;txcmd_to_txdone_us=335;txdone_to_rxstart_us=61;txdone_to_rxend_us=183;rxenable
[RECV] BSDC91 notify: CD;1;12229;tag=2;local=0xb102;status=0x00806f02;rxf=0x0756c814;win=8165;pc=8;mask=0xff;resp=8;unexp=0;last_len=20;last_src=0xa107;last_dst=0xb102;last_code=0xe
[RECV] BSDC91 notify: TS;1;12230;f;1449;1917;1956;803;1151;ABCDEFGH;5;10;M;0;S;143;0;full;99
[RECV] BSDC91 notify: TR;2;12230;f;0;ff;ff;2242,1806,2353,2734,1840,1508,2247,2364;2242,1806,2353,2734,1840,1508,2247,2364;100,96,100,100,100,100,96,100;OOOOOOOO
[RECV] BSDC91 notify: TDIAG;wait_ms=75;tx_us=610;rx_us=183;coll_us=8300;range_us=43975;solve_us=12023;out_us=2197;clean_us=61;total_ms=143
[RECV] BS2DCE notify: RXG;1;11877;tag=1;mask=0xff;pc=8;guard=1200;spacing=1000;win=8165;pre=1;slot_to_entry_us=0;slot_to_sched_us=0;slot_to_write_done_us=0;slot_to_txcmd_us=274;slot_to_txdone_us=610;txcmd_to_txdone_us=335;txdone_to_rxstart_us=61;txdone_to_rxend_us=183;rxenable
[RECV] BS2DCE notify: CD;1;11877;tag=1;local=0xb101;status=0x00806f02;rxf=0x07b6c814;win=8165;pc=8;mask=0xff;resp=8;unexp=0;last_len=20;last_src=0xa107;last_dst=0xb101;last_code=0xe
[RECV] BS2DCE notify: TS;1;11878;f;990;2478;1716;727;1030;ABCDEFGH;0;10;M;0;S;144;0;full;100
[RECV] BS2DCE notify: TR;2;11878;f;0;ff;ff;2372,2565,2072,1760,2091,2535,2042,1728;2372,2565,2072,1760,2091,2535,2042,1728;100,100,100,100,100,100,100,100;OOOOOOOO
[RECV] BSDC91 notify: TS;1;12231;f;1420;1919;2007;847;1212;ABCDEFGH;5;10;M;0;S;57;0;full;99
[RECV] BSDC91 notify: TR;2;12231;f;0;ff;ff;2198,1791,2378,2678,1793,1518,2192,2339;2198,1791,2378,2678,1793,1518,2192,2339;100,96,100,100,100,100,96,100;OOOOOOOO
[RECV] BS2DCE notify: TS;1;11879;f;1030;2465;1795;740;966;ABCDEFGH;0;10;M;0;S;57;0;full;100
[RECV] BS2DCE notify: TR;2;11879;f;0;ff;ff;2352,2565,2089,1911,2118,2504,1986,1668;2352,2565,2089,1911,2118,2504,1986,1668;100,100,100,100,100,100,100,100;OOOOOOOO
[RECV] BSDC91 notify: TS;1;12232;f;1451;1845;1976;800;1124;ABCDEFGH;5;10;M;0;S;99;0;full;100
[RECV] BSDC91 notify: TR;2;12232;f;0;ff;ff;2139,1799,2449,2892,1782,1474,2217,2433;2139,1799,2449,2892,1782,1474,2217,2433;100,100,100,100,100,100,100,100;OOOOOOOO
[RECV] BS2DCE notify: TS;1;11880;f;1002;2483;-62;703;975;ABCDEFGH;0;10;M;0;S;100;0;full;100
[RECV] BS2DCE notify: TR;2;11880;f;0;ff;ff;2202,2638,2013,1799,2196,2525,1958,1769;2202,2638,2013,1799,2196,2525,1958,1769;100,100,100,100,100,100,100,100;OOOOOOOO
[RECV] BS2DCE notify: TDIAG;wait_ms=75;tx_us=640;rx_us=183;coll_us=8361;range_us=671;solve_us=11901;out_us=2380;clean_us=30;total_ms=100
[RECV] BSDC91 notify: TS;1;12233;f;1395;1864;1984;842;1163;ABCDEFGH;5;10;M;0;S;100;0;full;100
[RECV] BSDC91 notify: TR;2;12233;f;0;ff;ff;2088,1799,2387,2708,1722,1484,2301,2380;2088,1799,2387,2708,1722,1484,2301,2380;100,100,100,100,100,100,100,100;OOOOOOOO
[RECV] BS2DCE notify: TS;1;11881;f;988;2489;1713;766;1039;ABCDEFGH;0;10;M;0;S;100;0;full;100
[RECV] BS2DCE notify: TR;2;11881;f;0;ff;ff;2197,2641,1978,1741,2118,2538,1924,1761;2197,2641,1978,1741,2118,2538,1924,1761;100,100,100,100,100,100,100,100;OOOOOOOO
[RECV] BSDC91 notify: TS;1;12234;f;1398;1839;1907;833;1198;ABCDEFGH;5;10;M;0;S;100;0;full;100
[RECV] BSDC91 notify: TR;2;12234;f;0;ff;ff;2000,1696,2429,2630,1799,1457,2356,2406;2000,1696,2429,2630,1799,1457,2356,2406;100,100,100,100,100,100,100,100;OOOOOOOO
[RECV] BS2DCE notify: TS;1;11882;f;1005;2496;1824;819;1149;ABCDEFGH;0;10;M;0;S;100;0;full;100
[RECV] BS2DCE notify: TR;2;11882;f;0;ff;ff;2243,2620,2002,1704,2137,2415,1892,1696;2243,2620,2002,1704,2137,2415,1892,1696;100,100,100,100,100,100,100,100;OOOOOOOO
[RECV] BSDC91 notify: TS;1;12235;f;1303;1829;1876;806;1132;ABCDEFGH;5;10;M;0;S;100;0;full;100
[RECV] BSDC91 notify: TR;2;12235;f;0;ff;ff;1933,1775,2487,2594,1662,1600,2395,2415;1933,1775,2487,2594,1662,1600,2395,2415;100,100,100,100,100,100,100,100;OOOOOOOO
[RECV] BS2DCE notify: TS;1;11883;f;1102;2477;1810;809;1081;ABCDEFGH;0;10;M;0;S;99;0;full;100
[RECV] BS2DCE notify: TR;2;11883;f;0;ff;ff;2261,2521,1940,1831,2177,2378,1840,1759;2261,2521,1940,1831,2177,2378,1840,1759;100,100,100,100,100,100,100,100;OOOOOOOO
[RECV] BSDC91 notify: TS;1;12236;f;1263;1817;1775;779;1084;ABCDEFGH;5;10;M;0;S;100;0;full;100
[RECV] BSDC91 notify: TR;2;12236;f;0;ff;ff;1822,1769,2447,2575,1699,1627,2535,2371;1822,1769,2447,2575,1699,1627,2535,2371;100,100,100,100,100,100,100,100;OOOOOOOO
[RECV] BS2DCE notify: TS;1;11884;f;1105;2489;1905;834;1135;ABCDEFGH;0;10;M;0;S;100;0;full;100
[RECV] BS2DCE notify: TR;2;11884;f;0;ff;ff;2328,2543,2048,1819,2161,2369,1707,1780;2328,2543,2048,1819,2161,2369,1707,1780;100,100,100,100,100,100,100,100;OOOOOOOO
[RECV] BSDC91 notify: TS;1;12237;f;1238;1796;-48;751;1067;ACDEFGH;5;10;M;0;S;98;0;full;100
[RECV] BSDC91 notify: TR;2;12237;f;0;ff;fd;1775,0,2449,2527,1653,1713,2668,2323;1775,1769,2449,2527,1653,1713,2668,2323;100,95,100,100,100,100,100,100;OTOOOOOO
[RECV] BS2DCE notify: TS;1;11885;f;1195;2487;1907;858;1177;ABCDEFGH;0;10;M;0;S;101;0;full;100
[RECV] BS2DCE notify: TR;2;11885;f;0;ff;ff;2400,2386,1978,1822,2237,2269,1673,1804;2400,2386,1978,1822,2237,2269,1673,1804;100,100,100,100,100,100,100,100;OOOOOOOO
[RECV] BSDC91 notify: TS;1;12238;f;1141;1793;1696;755;1074;ABCDEFGH;5;10;M;0;S;102;0;full;99
[RECV] BSDC91 notify: TR;2;12238;f;0;ff;ff;1691,1774,2546,2515,1634,1765,2635,2322;1691,1774,2546,2515,1634,1765,2635,2322;100,95,100,100,100,100,100,100;OOOOOOOO
[RECV] BS2DCE notify: TS;1;11886;f;1232;2451;1936;866;1187;ABCDEFGH;0;10;M;0;S;100;0;full;100
[RECV] BS2DCE notify: TR;2;11886;f;0;ff;ff;2430,2357,1981,1870,2159,2195,1674,1906;2430,2357,1981,1870,2159,2195,1674,1906;100,100,100,100,100,100,100,100;OOOOOOOO
[RECV] BSDC91 notify: TS;1;12239;f;1098;1838;-156;758;1130;ABCDEFGH;5;10;M;0;S;100;0;full;99
[RECV] BSDC91 notify: TR;2;12239;f;0;ff;ff;1631,1853,2447,2502,1625,1896,2566,2314;1631,1853,2447,2502,1625,1896,2566,2314;100,95,100,100,100,100,100,100;OOOOOOOO
[RECV] BS2DCE notify: TS;1;11887;f;1297;2445;1856;799;1091;ABCDEFGH;0;10;M;0;S;99;0;full;100
[RECV] BS2DCE notify: TR;2;11887;f;0;ff;ff;2464,2420,1941,1952,2223,2138,1684,2064;2464,2420,1941,1952,2223,2138,1684,2064;100,100,100,100,100,100,100,100;OOOOOOOO
[RECV] BSDC91 notify: RXG;1;12239;tag=2;mask=0xff;pc=8;guard=1200;spacing=1000;win=8165;pre=1;slot_to_entry_us=0;slot_to_sched_us=0;slot_to_write_done_us=0;slot_to_txcmd_us=274;slot_to_txdone_us=610;txcmd_to_txdone_us=335;txdone_to_rxstart_us=61;txdone_to_rxend_us=183;rxenable
[RECV] BSDC91 notify: CD;1;12239;tag=2;local=0xb102;status=0x00806f02;rxf=0x07c6c814;win=8165;pc=8;mask=0xff;resp=8;unexp=0;last_len=20;last_src=0xa107;last_dst=0xb102;last_code=0xe
[RECV] BSDC91 notify: TS;1;12240;f;1095;1850;-241;763;1183;ABCDEFGH;5;10;M;0;S;144;0;full;99
[RECV] BSDC91 notify: TR;2;12240;f;0;ff;ff;1543,1980,2339,2464,1631,2005,2528,2494;1543,1980,2339,2464,1631,2005,2528,2494;100,96,100,100,100,100,100,100;OOOOOOOO
[RECV] BS2DCE notify: RXG;1;11887;tag=1;mask=0xff;pc=8;guard=1200;spacing=1000;win=8165;pre=1;slot_to_entry_us=0;slot_to_sched_us=0;slot_to_write_done_us=0;slot_to_txcmd_us=274;slot_to_txdone_us=610;txcmd_to_txdone_us=335;txdone_to_rxstart_us=61;txdone_to_rxend_us=183;rxenable
[RECV] BS2DCE notify: CD;1;11887;tag=1;local=0xb101;status=0x00806f02;rxf=0x0776c814;win=8165;pc=8;mask=0xff;resp=8;unexp=0;last_len=20;last_src=0xa107;last_dst=0xb101;last_code=0xe
[RECV] BS2DCE notify: TS;1;11888;f;1370;2438;1885;811;1051;ABCDEFGH;0;10;M;0;S;144;0;full;100
[RECV] BSDC91 notify: TDIAG;wait_ms=75;tx_us=610;rx_us=183;coll_us=8300;range_us=44189;solve_us=12054;out_us=2197;clean_us=61;total_ms=144
[RECV] BSDC91 notify: TS;1;12241;f;1048;1845;-372;817;1253;ABCDEFGH;5;10;M;0;S;58;0;full;99
[RECV] BSDC91 notify: TR;2;12241;f;0;ff;ff;1489,1870,2383,2360,1624,2104,2580,2461;1489,1870,2383,2360,1624,2104,2580,2461;100,96,100,100,100,100,100,100;OOOOOOOO
[RECV] BS2DCE notify: TR;2;11888;f;0;ff;ff;2546,2254,1941,2057,2281,2142,1644,2010;2546,2254,1941,2057,2281,2142,1644,2010;100,100,100,100,100,100,100,100;OOOOOOOO
[RECV] BS2DCE notify: TS;1;11889;f;1344;2428;2047;893;1154;ABCDEFGH;0;10;M;0;S;56;0;full;100
[RECV] BS2DCE notify: TR;2;11889;f;0;ff;ff;2556,2248,2001,2080,2251,2038,1615,1866;2556,2248,2001,2080,2251,2038,1615,1866;100,100,100,100,100,100,100,100;OOOOOOOO
[RECV] BSDC91 notify: TS;1;12242;f;997;1825;-350;771;1155;ABCDEFGH;5;10;M;0;S;98;0;full;99
[RECV] BSDC91 notify: TR;2;12242;f;0;ff;ff;1481,1890,2585,2223,1677,2124,2670,2501;1481,1890,2585,2223,1677,2124,2670,2501;100,96,100,100,100,100,100,100;OOOOOOOO
[RECV] BS2DCE notify: TS;1;11890;f;1369;2368;2023;893;1158;ABCDEFGH;0;10;M;0;S;101;0;full;100
[RECV] BS2DCE notify: TR;2;11890;f;0;ff;ff;2496,2202,1955,2123,2208,1909,1751,1933;2496,2202,1955,2123,2208,1909,1751,1933;100,100,100,100,100,100,100,100;OOOOOOOO
[RECV] BS2DCE notify: TDIAG;wait_ms=75;tx_us=610;rx_us=213;coll_us=8239;range_us=549;solve_us=12084;out_us=2197;clean_us=30;total_ms=100
[RECV] BSDC91 notify: TS;1;12243;f;924;1880;-238;762;1097;ABCEFGH;5;10;M;0;S;98;0;full;99
[RECV] BSDC91 notify: TR;2;12243;f;0;ff;f7;1613,1923,2533,0,1676,2177,2728,2299;1613,1923,2533,2223,1676,2177,2728,2299;100,96,100,96,100,100,100,100;OOOTOOOO
[RECV] BS2DCE notify: TS;1;11891;f;1429;2358;2100;927;1254;ABCDEFGH;0;10;M;0;S;100;0;full;100
[RECV] BS2DCE notify: TR;2;11891;f;0;ff;ff;2617,2101,1977,2214,2176,1885,1653,1958;2617,2101,1977,2214,2176,1885,1653,1958;100,100,100,100,100,100,100,100;OOOOOOOO
[RECV] BSDC91 notify: TS;1;12244;f;928;2085;-492;914;1333;ABCDEFGH;5;10;M;0;S;102;0;full;99
[RECV] BSDC91 notify: TR;2;12244;f;0;ff;ff;1705,2049,2263,1846,1749,2281,2494,2064;1705,2049,2263,1846,1749,2281,2494,2064;100,96,100,96,100,100,100,100;OOOOOOOO
[RECV] BS2DCE notify: TS;1;11892;f;1486;2333;2092;905;1204;ABCDEFGH;0;10;M;0;S;100;0;full;100
[RECV] BS2DCE notify: TR;2;11892;f;0;ff;ff;2717,2109,1960,2268,2186,1745,1712,2065;2717,2109,1960,2268,2186,1745,1712,2065;100,100,100,100,100,100,100,100;OOOOOOOO
[RECV] BSDC91 notify: TS;1;12245;f;843;2125;-583;985;1402;ABCDEFGH;5;10;M;0;S;100;0;full;99
[RECV] BSDC91 notify: TR;2;12245;f;0;ff;ff;1643,2065,2267,1737,1744,2381,2549,1874;1643,2065,2267,1737,1744,2381,2549,1874;100,96,100,96,100,100,100,100;OOOOOOOO
[RECV] BS2DCE notify: TS;1;11893;f;1432;2376;1768;723;1083;ABCDEFGH;0;10;M;0;S;100;0;full;100
[RECV] BS2DCE notify: TR;2;11893;f;0;ff;ff;2678,2087,1972,2311,2128,2339,1751,2106;2678,2087,1972,2311,2128,2339,1751,2106;100,100,100,100,100,100,100,100;OOOOOOOO
[RECV] BSDC91 notify: TS;1;12246;f;842;2201;-581;957;1398;ABCDEFGH;5;10;M;0;S;100;0;full;99
[RECV] BSDC91 notify: TR;2;12246;f;0;ff;ff;1696,2186,2184,1678,1800,2555,2462,1902;1696,2186,2184,1678,1800,2555,2462,1902;100,96,100,96,100,100,100,100;OOOOOOOO
[RECV] BS2DCE notify: TS;1;11894;f;1427;2335;1805;773;1183;ABCDEFGH;0;10;M;0;S;99;0;full;100
[RECV] BS2DCE notify: TR;2;11894;f;0;ff;ff;2569,1979,1988,2328,2096,2318,1751,2064;2569,1979,1988,2328,2096,2318,1751,2064;100,100,100,100,100,100,100,100;OOOOOOOO
[RECV] BSDC91 notify: TS;1;12247;f;854;2291;-652;1021;1430;ABCDEFGH;5;10;M;0;S;101;0;full;99
[RECV] BSDC91 notify: TR;2;12247;f;0;ff;ff;1731,2182,2146,1537,1882,2639,2296,1798;1731,2182,2146,1537,1882,2639,2296,1798;100,96,100,96,100,100,100,100;OOOOOOOO
[RECV] BS2DCE notify: TS;1;11895;f;1437;2327;1601;661;1081;ABCDEFGH;0;10;M;0;S;100;0;full;100
[RECV] BS2DCE notify: TR;2;11895;f;0;ff;ff;2677,1960,2021,2421,2045,2549,1841,2204;2677,1960,2021,2421,2045,2549,1841,2204;100,100,100,100,100,100,100,100;OOOOOOOO
[RECV] BSDC91 notify: TS;1;12248;f;857;2316;-628;951;1314;ABCDEFGH;5;10;M;0;S;99;0;full;100
[RECV] BSDC91 notify: TR;2;12248;f;0;ff;ff;1789,2255,2088,1537,2001,2690,2424,1842;1789,2255,2088,1537,2001,2690,2424,1842;100,100,100,100,100,100,100,100;OOOOOOOO
[RECV] BS2DCE notify: TS;1;11896;f;1523;2226;2118;909;1346;ABCDEFGH;0;10;M;0;S;100;0;full;100
[RECV] BS2DCE notify: TR;2;11896;f;0;ff;ff;2845,1898,2064,2443,1965,1723,1837,2108;2845,1898,2064,2443,1965,1723,1837,2108;100,100,100,100,100,100,100,100;OOOOOOOO
[RECV] BSDC91 notify: TS;1;12249;f;865;2370;-610;1013;1367;ABCDEFGH;5;10;M;0;S;100;0;full;100
[RECV] BSDC91 notify: TR;2;12249;f;0;ff;ff;1900,2303,2057,1413,1978,2519,2252,1715;1900,2303,2057,1413,1978,2519,2252,1715;100,100,100,100,100,100,100,100;OOOOOOOO
[RECV] BS2DCE notify: TS;1;11897;f;1458;2122;2001;873;1261;ABCDEFGH;0;10;M;0;S;100;0;full;100
[RECV] BS2DCE notify: TR;2;11897;f;0;ff;ff;2407,1858,2150,2434,1974,1719,1955,2206;2407,1858,2150,2434,1974,1719,1955,2206;100,100,100,100,100,100,100,100;OOOOOOOO
[RECV] BSDC91 notify: RXG;1;12249;tag=2;mask=0xff;pc=8;guard=1200;spacing=1000;win=8165;pre=1;slot_to_entry_us=0;slot_to_sched_us=0;slot_to_write_done_us=0;slot_to_txcmd_us=274;slot_to_txdone_us=610;txcmd_to_txdone_us=335;txdone_to_rxstart_us=61;txdone_to_rxend_us=183;rxenable
[RECV] BSDC91 notify: CD;1;12249;tag=2;local=0xb102;status=0x00806f02;rxf=0x0796c814;win=8165;pc=8;mask=0xff;resp=8;unexp=0;last_len=20;last_src=0xa107;last_dst=0xb102;last_code=0xe
[RECV] BSDC91 notify: TS;1;12250;f;846;2406;-369;883;1227;ABCDEFGH;5;10;M;0;S;144;0;full;100
[RECV] BS2DCE notify: RXG;1;11897;tag=1;mask=0xff;pc=8;guard=1200;spacing=1000;win=8165;pre=1;slot_to_entry_us=0;slot_to_sched_us=0;slot_to_write_done_us=0;slot_to_txcmd_us=274;slot_to_txdone_us=610;txcmd_to_txdone_us=335;txdone_to_rxstart_us=91;txdone_to_rxend_us=213;rxenable
[RECV] BSDC91 notify: TR;2;12250;f;0;ff;ff;2069,2454,2035,1522,1993,2499,2235,1663;2069,2454,2035,1522,1993,2499,2235,1663;100,100,100,100,100,100,100,100;OOOOOOOO
[RECV] BSDC91 notify: TDIAG;wait_ms=75;tx_us=610;rx_us=183;coll_us=8300;range_us=44036;solve_us=11749;out_us=2441;clean_us=30;total_ms=143
[RECV] BSDC91 notify: TS;1;12251;f;942;2494;1654;770;1138;ABCDEFGH;5;10;M;0;S;56;0;full;100
[RECV] BS2DCE notify: CD;1;11897;tag=1;local=0xb101;status=0x00806f02;rxf=0x07b6c814;win=8165;pc=8;mask=0xff;resp=8;unexp=0;last_len=20;last_src=0xa107;last_dst=0xb101;last_code=0xe
[RECV] BS2DCE notify: TS;1;11898;f;1376;2069;1874;774;1064;ABCDEFGH;0;10;M;0;S;144;0;full;100
[RECV] BS2DCE notify: TR;2;11898;f;0;ff;ff;2255,1969,2253,2476,1914,1808,2082,2291;2255,1969,2253,2476,1914,1808,2082,2291;100,100,100,100,100,100,100,100;OOOOOOOO
[RECV] BSDC91 notify: TR;2;12251;f;0;ff;ff;2256,2514,2011,1583,2132,2538,2040,1687;2256,2514,2011,1583,2132,2538,2040,1687;100,100,100,100,100,100,100,100;OOOOOOOO
[RECV] BS2DCE notify: TS;1;11899;f;1560;1932;1833;697;923;ABCEFGH;0;10;M;0;S;55;0;full;100
[RECV] BS2DCE notify: TR;2;11899;f;0;ff;f7;2321,1950,2321,0,1869,1821,2260,2340;2321,1950,2321,2476,1869,1821,2260,2340;100,100,100,95,100,100,100,100;OOOTOOOO
[RECV] BSDC91 notify: TS;1;12252;f;967;2529;1730;788;1126;ABCDEFGH;5;10;M;0;S;100;0;full;100
[RECV] BSDC91 notify: TR;2;12252;f;0;ff;ff;2393,2496,1990,1630,2082,2629,1993,1608;2393,2496,1990,1630,2082,2629,1993,1608;100,100,100,100,100,100,100,100;OOOOOOOO
[RECV] BS2DCE notify: TS;1;11900;f;1390;1919;1878;730;1031;ABCDEFGH;0;10;M;0;S;102;0;full;99
[RECV] BS2DCE notify: TR;2;11900;f;0;ff;ff;2205,1899,2446,2734,1832,1653,2266,2348;2205,1899,2446,2734,1832,1653,2266,2348;100,100,100,95,100,100,100,100;OOOOOOOO
[RECV] BS2DCE notify: TDIAG;wait_ms=76;tx_us=610;rx_us=213;coll_us=8239;range_us=549;solve_us=12176;out_us=2166;clean_us=61;total_ms=101
[RECV] BSDC91 notify: TS;1;12253;f;942;2558;-246;809;1120;ABCDEFGH;5;10;M;0;S;101;0;full;100
[RECV] BSDC91 notify: TR;2;12253;f;0;ff;ff;2271,2538,1938,1561,2191,2673,1939,1622;2271,2538,1938,1561,2191,2673,1939,1622;100,100,100,100,100,100,100,100;OOOOOOOO
[RECV] BS2DCE notify: TS;1;11901;f;1347;1942;1874;781;1108;ABCDEFGH;0;10;M;0;S;100;0;full;99
[RECV] BS2DCE notify: TR;2;11901;f;0;ff;ff;2115,1852,2425,2515,1854,1652,2268,2317;2115,1852,2425,2515,1854,1652,2268,2317;100,100,100,95,100,100,100,100;OOOOOOOO
[RECV] BSDC91 notify: TS;1;12254;f;988;2583;1748;845;1175;ABCDEFGH;5;10;M;0;S;99;0;full;100
[RECV] BSDC91 notify: TR;2;12254;f;0;ff;ff;2284,2572,1847,1567,2138,2639,1786,1597;2284,2572,1847,1567,2138,2639,1786,1597;100,100,100,100,100,100,100,100;OOOOOOOO
[RECV] BS2DCE notify: TS;1;11902;f;1301;1953;1772;755;1107;ABCDEFGH;0;10;M;0;S;100;0;full;99
[RECV] BS2DCE notify: TR;2;11902;f;0;ff;ff;2081,1816,2398,2429,1852,1753,2386,2262;2081,1816,2398,2429,1852,1753,2386,2262;100,100,100,95,100,100,100,100;OOOOOOOO
[RECV] BSDC91 notify: TS;1;12255;f;1041;2583;-167;828;1181;ABCDEFGH;5;10;M;0;S;100;0;full;100
[RECV] BSDC91 notify: TR;2;12255;f;0;ff;ff;2243,2531,1862,1640,2265,2529,1725,1579;2243,2531,1862,1640,2265,2529,1725,1579;100,100,100,100,100,100,100,100;OOOOOOOO
[RECV] BS2DCE notify: TS;1;11903;f;1251;1904;1714;718;982;ABCDEFGH;0;10;M;0;S;100;0;full;99
[RECV] BS2DCE notify: TR;2;11903;f;0;ff;ff;1921,1896,2392,2550,1810,1781,2488,2289;1921,1896,2392,2550,1810,1781,2488,2289;100,100,100,95,100,100,100,100;OOOOOOOO
[RECV] BSDC91 notify: TS;1;12256;f;1094;2524;1876;866;1182;ABCDEFGH;5;10;M;0;S;100;0;full;100
[RECV] BSDC91 notify: TR;2;12256;f;0;ff;ff;2307,2502,1924,1727,2172,2426,1717,1697;2307,2502,1924,1727,2172,2426,1717,1697;100,100,100,100,100,100,100,100;OOOOOOOO
[RECV] BS2DCE notify: TS;1;11904;f;1224;1868;1726;737;1017;ABCDEFGH;0;10;M;0;S;100;0;full;99
[RECV] BS2DCE notify: TR;2;11904;f;0;ff;ff;1806,1883,2383,2652,1751,1807,2522,2251;1806,1883,2383,2652,1751,1807,2522,2251;100,100,100,96,100,100,100,100;OOOOOOOO
[RECV] BSDC91 notify: TS;1;12257;f;1214;2588;1902;900;1245;ABCDEFGH;5;10;M;0;S;100;0;full;100
[RECV] BSDC91 notify: TR;2;12257;f;0;ff;ff;2464,2457,1712,1749,2222,2398,1615,1695;2464,2457,1712,1749,2222,2398,1615,1695;100,100,100,100,100,100,100,100;OOOOOOOO
[RECV] BS2DCE notify: TS;1;11905;f;1161;1930;1717;757;1011;ABCDEFGH;0;10;M;0;S;100;0;full;99
[RECV] BS2DCE notify: TR;2;11905;f;0;ff;ff;1821,1949,2395,2363,1774,1809,2484,2245;1821,1949,2395,2363,1774,1809,2484,2245;100,100,100,96,100,100,100,100;OOOOOOOO
[RECV] BSDC91 notify: TS;1;12258;f;1224;2552;1949;867;1149;ABCDEFGH;5;10;M;0;S;100;0;full;100
[RECV] BSDC91 notify: TR;2;12258;f;0;ff;ff;2482,2458,1905,1852,2277,2343,1559,1757;2482,2458,1905,1852,2277,2343,1559,1757;100,100,100,100,100,100,100,100;OOOOOOOO
[RECV] BS2DCE notify: TS;1;11906;f;1096;1911;1749;724;1039;ABCDEFGH;0;10;M;0;S;100;0;full;99
[RECV] BS2DCE notify: TR;2;11906;f;0;ff;ff;1774,2078,2522,2462,1717,1916,2437,2251;1774,2078,2522,2462,1717,1916,2437,2251;100,100,100,96,100,100,100,100;OOOOOOOO
[RECV] BSDC91 notify: TS;1;12259;f;1300;2535;2050;929;1203;ABCDEFGH;5;10;M;0;S;100;0;full;100
[RECV] BSDC91 notify: TR;2;12259;f;0;ff;ff;2533,2403,1860,1911,2256,2202,1468,1822;2533,2403,1860,1911,2256,2202,1468,1822;100,100,100,100,100,100,100,100;OOOOOOOO
[RECV] BS2DCE notify: TS;1;11907;f;1010;1934;1703;732;1108;ABCDEFGH;0;10;M;0;S;100;0;full;99
[RECV] BS2DCE notify: TR;2;11907;f;0;ff;ff;1660,2174,2514,2337,1711,1963,2421,2258;1660,2174,2514,2337,1711,1963,2421,2258;100,100,100,96,100,100,100,100;OOOOOOOO
[RECV] BSDC91 notify: RXG;1;12259;tag=2;mask=0xff;pc=8;guard=1200;spacing=1000;win=8165;pre=1;slot_to_entry_us=0;slot_to_sched_us=0;slot_to_write_done_us=0;slot_to_txcmd_us=274;slot_to_txdone_us=610;txcmd_to_txdone_us=335;txdone_to_rxstart_us=61;txdone_to_rxend_us=183;rxenable
[RECV] BSDC91 notify: CD;1;12259;tag=2;local=0xb102;status=0x00806f02;rxf=0x07b6c814;win=8165;pc=8;mask=0xff;resp=8;unexp=0;last_len=20;last_src=0xa107;last_dst=0xb102;last_code=0xe
[RECV] BSDC91 notify: TS;1;12260;f;1321;2520;2033;913;1173;ABCDEFGH;5;10;M;0;S;144;0;full;100
[RECV] BSDC91 notify: TR;2;12260;f;0;ff;ff;2538,2381,1869,1949,2258,2188,1470,1870;2538,2381,1869,1949,2258,2188,1470,1870;100,100,100,100,100,100,100,100;OOOOOOOO
[RECV] BS2DCE notify: RXG;1;11907;tag=1;mask=0xff;pc=8;guard=1200;spacing=1000;win=8165;pre=1;slot_to_entry_us=0;slot_to_sched_us=0;slot_to_write_done_us=0;slot_to_txcmd_us=274;slot_to_txdone_us=610;txcmd_to_txdone_us=335;txdone_to_rxstart_us=61;txdone_to_rxend_us=183;rxenable
[RECV] BSDC91 notify: TDIAG;wait_ms=75;tx_us=610;rx_us=183;coll_us=8300;range_us=44036;solve_us=11871;out_us=2227;clean_us=61;total_ms=143
[RECV] BS2DCE notify: CD;1;11907;tag=1;local=0xb101;status=0x00806f02;rxf=0x07b6c814;win=8165;pc=8;mask=0xff;resp=8;unexp=0;last_len=20;last_src=0xa107;last_dst=0xb101;last_code=0xe
[RECV] BS2DCE notify: TS;1;11908;f;998;1860;1645;671;1019;ABCDEFGH;0;10;M;0;S;143;0;full;99
[RECV] BS2DCE notify: TR;2;11908;f;0;ff;ff;1657,2059,2811,2379,1748,2010,2437,2335;1657,2059,2811,2379,1748,2010,2437,2335;100,100,100,96,100,100,100,100;OOOOOOOO
[RECV] BSDC91 notify: TS;1;12261;f;1978;2284;2266;1065;1384;ABCEGH;5;10;M;0;S;53;0;full;100
[RECV] BSDC91 notify: TR;2;12261;f;0;ff;d7;2636,2311,1785,0,2379,0,1452,1977;2636,2311,1785,1949,2379,2188,1452,1977;100,100,100,96,100,96,100,100;OOOTOTOO
[RECV] BS2DCE notify: TS;1;11909;f;965;1882;1567;660;966;ABCDEFGH;0;10;M;0;S;57;0;full;99
[RECV] BS2DCE notify: TR;2;11909;f;0;ff;ff;1666,2037,2728,2288,1716,2098,2520,2328;1666,2037,2728,2288,1716,2098,2520,2328;100,100,100,96,100,100,100,100;OOOOOOOO
[RECV] BSDC91 notify: TS;1;12262;f;1474;2491;2006;901;1230;ABCDEFGH;5;10;M;0;S;104;0;full;99
[RECV] BSDC91 notify: TR;2;12262;f;0;ff;ff;2648,2275,1753,2062,2341,2002,1499,2023;2648,2275,1753,2062,2341,2002,1499,2023;100,100,100,96,100,96,100,100;OOOOOOOO
[RECV] BS2DCE notify: TS;1;11910;f;971;1869;-93;621;934;ABCDEFGH;0;10;M;0;S;100;0;full;99
[RECV] BS2DCE notify: TR;2;11910;f;0;ff;ff;1642,2050,2742,2265,1758,2179,2608,2477;1642,2050,2742,2265,1758,2179,2608,2477;100,100,100,96,100,100,100,100;OOOOOOOO
[RECV] BS2DCE notify: TDIAG;wait_ms=75;tx_us=610;rx_us=213;coll_us=8300;range_us=701;solve_us=11962;out_us=2380;clean_us=30;total_ms=100
[RECV] BSDC91 notify: TS;1;12263;f;1455;2445;2046;893;1176;ABCDEFGH;5;10;M;0;S;100;0;full;99
[RECV] BSDC91 notify: TR;2;12263;f;0;ff;ff;2652,2272,1871,2126,2364,1875,1588,1972;2652,2272,1871,2126,2364,1875,1588,1972;100,100,100,96,100,96,100,100;OOOOOOOO
[RECV] BS2DCE notify: TS;1;11911;f;1035;1906;-336;744;1143;ABCDEFGH;0;10;M;0;S;100;0;full;99
[RECV] BS2DCE notify: TR;2;11911;f;0;ff;ff;1638,2043,2391,2106,1748,2130,2664,2559;1638,2043,2391,2106,1748,2130,2664,2559;100,100,100,96,100,100,100,100;OOOOOOOO
[RECV] BSDC91 notify: TS;1;12264;f;1466;2421;2072;901;1247;ABCDEFGH;5;10;M;0;S;99;0;full;100
[RECV] BSDC91 notify: TR;2;12264;f;0;ff;ff;2618,2303,1829,2223,2327,1807,1623,1993;2618,2303,1829,2223,2327,1807,1623,1993;100,100,100,100,100,100,100,100;OOOOOOOO
[RECV] BS2DCE notify: TS;1;11912;f;901;1992;-382;793;1197;ABCDEFGH;0;10;M;0;S;100;0;full;100
[RECV] BS2DCE notify: TR;2;11912;f;0;ff;ff;1711,2029,2357,2017,1740,2296,2785,2159;1711,2029,2357,2017,1740,2296,2785,2159;100,100,100,100,100,100,100,100;OOOOOOOO
[RECV] BSDC91 notify: TS;1;12265;f;1576;2527;2108;888;1239;ABCDEFGH;5;10;M;0;S;101;0;full;100
[RECV] BSDC91 notify: TR;2;12265;f;0;ff;ff;3373,2197,1801,2243,2280,1861,1595,1918;3373,2197,1801,2243,2280,1861,1595,1918;100,100,100,100,100,100,100,100;OOOOOOOO
[RECV] BS2DCE notify: TS;1;11913;f;912;2000;1592;700;981;ABCDEFGH;0;10;M;0;S;99;0;full;100
[RECV] BS2DCE notify: TR;2;11913;f;0;ff;ff;1762,2082,2693,2045,1772,2216,2390,2206;1762,2082,2693,2045,1772,2216,2390,2206;100,100,100,100,100,100,100,100;OOOOOOOO
[RECV] BSDC91 notify: TS;1;12266;f;1649;2517;2253;982;1377;ABCDEFGH;5;10;M;0;S;99;0;full;100
[RECV] BSDC91 notify: TR;2;12266;f;0;ff;ff;3650,2123,1818,2275,2251,1666,1528,1968;3650,2123,1818,2275,2251,1666,1528,1968;100,100,100,100,100,100,100,100;OOOOOOOO
[RECV] BS2DCE notify: TS;1;11914;f;914;2061;-302;800;1198;ABCDEFGH;0;10;M;0;S;100;0;full;100
[RECV] BS2DCE notify: TR;2;11914;f;0;ff;ff;1778,2038,2504,1909,1742,2328,2410,2152;1778,2038,2504,1909,1742,2328,2410,2152;100,100,100,100,100,100,100,100;OOOOOOOO
[RECV] BSDC91 notify: TS;1;12267;f;1504;2511;1878;769;1134;ABCDEFGH;5;10;M;0;S;100;0;full;100
[RECV] BSDC91 notify: TR;2;12267;f;0;ff;ff;2926,2176,1880,2273,2234,2389,1461,2075;2926,2176,1880,2273,2234,2389,1461,2075;100,100,100,100,100,100,100,100;OOOOOOOO
[RECV] BS2DCE notify: TS;1;11915;f;945;2117;-353;834;1206;ABCDEFGH;0;10;M;0;S;101;0;full;100
[RECV] BS2DCE notify: TR;2;11915;f;0;ff;ff;1801,2085,2332,1899,1815,2299,2398,2047;1801,2085,2332,1899,1815,2299,2398,2047;100,100,100,100,100,100,100,100;OOOOOOOO
[RECV] BSDC91 notify: TS;1;12268;f;1585;2503;1931;764;1216;ABCDEFGH;5;10;M;0;S;100;0;full;100
[RECV] BSDC91 notify: TR;2;12268;f;0;ff;ff;3310,2093,1907,2424,2205,2245,1556,2020;3310,2093,1907,2424,2205,2245,1556,2020;100,100,100,100,100,100,100,100;OOOOOOOO
[RECV] BS2DCE notify: TS;1;11916;f;917;2198;-353;855;1247;ABCDEFGH;0;10;M;0;S;100;0;full;100
[RECV] BS2DCE notify: TR;2;11916;f;0;ff;ff;1893,2163,2229,1805,1825,2367,2336,1928;1893,2163,2229,1805,1825,2367,2336,1928;100,100,100,100,100,100,100,100;OOOOOOOO
[RECV] BSDC91 notify: TS;1;12269;f;1541;2364;2001;855;1202;ABCDEFGH;5;10;M;0;S;100;0;full;100
[RECV] BSDC91 notify: TR;2;12269;f;0;ff;ff;2725,2059,1882,2380,2189,1981,1612,2123;2725,2059,1882,2380,2189,1981,1612,2123;100,100,100,100,100,100,100,100;OOOOOOOO
[RECV] BS2DCE notify: TS;1;11917;f;918;2175;-372;857;1242;ABCDEFGH;0;10;M;0;S;99;0;full;100
[RECV] BS2DCE notify: TR;2;11917;f;0;ff;ff;1867,2118,2284,1804,1825,2362,2362,1956;1867,2118,2284,1804,1825,2362,2362,1956;100,100,100,100,100,100,100,100;OOOOOOOO
[RECV] BSDC91 notify: RXG;1;12269;tag=2;mask=0xff;pc=8;guard=1200;spacing=1000;win=8165;pre=1;slot_to_entry_us=0;slot_to_sched_us=0;slot_to_write_done_us=0;slot_to_txcmd_us=274;slot_to_txdone_us=610;txcmd_to_txdone_us=335;txdone_to_rxstart_us=61;txdone_to_rxend_us=183;rxenable
[RECV] BSDC91 notify: CD;1;12269;tag=2;local=0xb102;status=0x00806f02;rxf=0x0756c814;win=8165;pc=8;mask=0xff;resp=8;unexp=0;last_len=20;last_src=0xa107;last_dst=0xb102;last_code=0xe
[RECV] BSDC91 notify: TS;1;12270;f;1503;2318;1992;842;1213;ABCDEFGH;5;10;M;0;S;144;0;full;100
[RECV] BSDC91 notify: TR;2;12270;f;0;ff;ff;2677,2022,1982,2409,2097,2021,1653,2134;2677,2022,1982,2409,2097,2021,1653,2134;100,100,100,100,100,100,100,100;OOOOOOOO
[RECV] BS2DCE notify: RXG;1;11917;tag=1;mask=0xff;pc=8;guard=1200;spacing=1000;win=8165;pre=1;slot_to_entry_us=0;slot_to_sched_us=0;slot_to_write_done_us=0;slot_to_txcmd_us=274;slot_to_txdone_us=610;txcmd_to_txdone_us=335;txdone_to_rxstart_us=61;txdone_to_rxend_us=213;rxenable
[RECV] BSDC91 notify: TDIAG;wait_ms=76;tx_us=610;rx_us=183;coll_us=8300;range_us=44097;solve_us=11962;out_us=2227;clean_us=30;total_ms=144
[RECV] BS2DCE notify: CD;1;11917;tag=1;local=0xb101;status=0x00806f02;rxf=0x0756c814;win=8165;pc=8;mask=0xff;resp=8;unexp=0;last_len=20;last_src=0xa107;last_dst=0xb101;last_code=0xe
[RECV] BS2DCE notify: TS;1;11918;f;885;2232;-398;852;1234;ABCDEFGH;0;10;M;0;S;144;0;full;100
[RECV] BS2DCE notify: TR;2;11918;f;0;ff;ff;1906,2193,2262,1710,1882,2477,2365,1917;1906,2193,2262,1710,1882,2477,2365,1917;100,100,100,100,100,100,100,100;OOOOOOOO
[RECV] BSDC91 notify: TS;1;12271;f;1240;2585;1891;676;960;ACDEGH;5;10;M;0;S;52;0;full;100
[RECV] BSDC91 notify: TR;2;12271;f;0;ff;dd;2792,0,1980,2457,2111,0,1616,2154;2792,2022,1980,2457,2111,2021,1616,2154;100,95,100,100,100,95,100,100;OTOOOTOO
[RECV] BS2DCE notify: TS;1;11919;f;889;2293;-280;819;1209;ACDEFGH;0;10;M;0;S;54;0;full;100
[RECV] BS2DCE notify: TR;2;11919;f;0;ff;fd;1970,0,2159,1723,1883,2620,2371,1848;1970,2193,2159,1723,1883,2620,2371,1848;100,95,100,100,100,100,100,100;OTOOOOOO
[RECV] BSDC91 notify: TS;1;12272;f;1514;2248;2014;848;1270;ABCDEFGH;5;10;M;0;S;105;0;full;99
[RECV] BSDC91 notify: TR;2;12272;f;0;ff;ff;2639,1925,2083,2475,2097,1895,1713,2165;2639,1925,2083,2475,2097,1895,1713,2165;100,96,100,100,100,96,100,100;OOOOOOOO
[RECV] BS2DCE notify: TS;1;11920;f;972;2324;1483;778;1025;ABCDEFH;0;10;M;0;S;100;0;full;99
[RECV] BS2DCE notify: TR;2;11920;f;0;ff;bf;1964,2263,2157,1728,1878,2565,0,1886;1964,2263,2157,1728,1878,2565,2371,1886;100,96,100,100,100,100,96,100;OOOOOOTO
[RECV] BS2DCE notify: TDIAG;wait_ms=78;tx_us=610;rx_us=183;coll_us=8422;range_us=549;solve_us=9490;out_us=2166;clean_us=91;total_ms=100
[RECV] BSDC91 notify: TS;1;12273;f;1538;2214;2002;826;1298;ABCDEFGH;5;10;M;0;S;99;0;full;99
[RECV] BSDC91 notify: TR;2;12273;f;0;ff;ff;2756,1858,2145,2537,2024,1886,1764,2216;2756,1858,2145,2537,2024,1886,1764,2216;100,96,100,100,100,96,100,100;OOOOOOOO
[RECV] BS2DCE notify: TS;1;11921;f;851;2305;-414;862;1303;ABCDEFGH;0;10;M;0;S;103;0;full;99
[RECV] BS2DCE notify: TR;2;11921;f;0;ff;ff;1991,2275,2153,1638,1868,2641,2318,1861;1991,2275,2153,1638,1868,2641,2318,1861;100,96,100,100,100,100,96,100;OOOOOOOO
[RECV] BSDC91 notify: TS;1;12274;f;1579;2206;2079;874;1321;ABCDEFGH;5;10;M;0;S;101;0;full;99
[RECV] BSDC91 notify: TR;2;12274;f;0;ff;ff;2908,1866,2082,2498,2012,1653,1841,2241;2908,1866,2082,2498,2012,1653,1841,2241;100,96,100,100,100,96,100,100;OOOOOOOO
[RECV] BS2DCE notify: TS;1;11922;f;899;2331;-380;842;1192;ABCDEFGH;0;10;M;0;S;100;0;full;99
[RECV] BS2DCE notify: TR;2;11922;f;0;ff;ff;2044,2267,2159,1632,1991,2548,2268,1835;2044,2267,2159,1632,1991,2548,2268,1835;100,96,100,100,100,100,96,100;OOOOOOOO
[RECV] BSDC91 notify: TS;1;12275;f;1508;2091;2081;905;1324;ABCDEFGH;5;10;M;0;S;100;0;full;99
[RECV] BSDC91 notify: TR;2;12275;f;0;ff;ff;2481,1809,2170,2543,1972,1574,1936,2240;2481,1809,2170,2543,1972,1574,1936,2240;100,96,100,100,100,96,100,100;OOOOOOOO
[RECV] BS2DCE notify: TS;1;11923;f;931;2371;-411;873;1260;ABCDEFGH;0;10;M;0;S;100;0;full;99
[RECV] BS2DCE notify: TR;2;11923;f;0;ff;ff;2080,2280,2059,1609,1980,2588,2157,1841;2080,2280,2059,1609,1980,2588,2157,1841;100,96,100,100,100,100,96,100;OOOOOOOO
[RECV] BSDC91 notify: TS;1;12276;f;1466;2052;2031;873;1262;ABCDEFGH;5;10;M;0;S;99;0;full;99
[RECV] BSDC91 notify: TR;2;12276;f;0;ff;ff;2368,1827,2245,2531,1922,1609,1982,2297;2368,1827,2245,2531,1922,1609,1982,2297;100,96,100,100,100,96,100,100;OOOOOOOO
[RECV] BS2DCE notify: TS;1;11924;f;907;2407;-323;831;1151;ABCDEFGH;0;10;M;0;S;100;0;full;99
[RECV] BS2DCE notify: TR;2;11924;f;0;ff;ff;2142,2370,2076,1597,2065,2531,2190,1723;2142,2370,2076,1597,2065,2531,2190,1723;100,96,100,100,100,100,96,100;OOOOOOOO
[RECV] BSDC91 notify: TS;1;12277;f;1465;2004;2050;882;1272;ABCDEFGH;5;10;M;0;S;101;0;full;99
[RECV] BSDC91 notify: TR;2;12277;f;0;ff;ff;2300,1798,2293,2605,1899,1545,2012,2314;2300,1798,2293,2605,1899,1545,2012,2314;100,96,100,100,100,96,100,100;OOOOOOOO
[RECV] BS2DCE notify: TS;1;11925;f;922;2467;1594;711;1009;ABCDEFGH;0;10;M;0;S;100;0;full;99
[RECV] BS2DCE notify: TR;2;11925;f;0;ff;ff;2321,2499,2068,1685,2001,2712,2112,1771;2321,2499,2068,1685,2001,2712,2112,1771;100,96,100,100,100,100,96,100;OOOOOOOO
[RECV] BSDC91 notify: TS;1;12278;f;1451;1909;1964;818;1177;ABCDEFGH;5;10;M;0;S;100;0;full;99
[RECV] BSDC91 notify: TR;2;12278;f;0;ff;ff;2207,1779,2380,2698,1867,1469,2227,2381;2207,1779,2380,2698,1867,1469,2227,2381;100,96,100,100,100,96,100,100;OOOOOOOO
[RECV] BS2DCE notify: TS;1;11926;f;1070;2572;2012;940;1252;ABCDEFGH;0;10;M;0;S;100;0;full;99
[RECV] BS2DCE notify: TR;2;11926;f;0;ff;ff;2350,2559,2018,1707,2030,2645,1399,1731;2350,2559,2018,1707,2030,2645,1399,1731;100,96,100,100,100,100,96,100;OOOOOOOO
[RECV] BSDC91 notify: TS;1;12279;f;1444;1898;1985;836;1203;ABCDEFGH;5;10;M;0;S;99;0;full;99
[RECV] BSDC91 notify: TR;2;12279;f;0;ff;ff;2189,1763,2345,2756,1796,1500,2250,2346;2189,1763,2345,2756,1796,1500,2250,2346;100,96,100,100,100,96,100,100;OOOOOOOO
[RECV] BS2DCE notify: TS;1;11927;f;1011;2449;1728;721;959;ABCDEFGH;0;10;M;0;S;100;0;full;99
[RECV] BS2DCE notify: TR;2;11927;f;0;ff;ff;2308,2532,2077,1904,2100,2546,2044,1702;2308,2532,2077,1904,2100,2546,2044,1702;100,96,100,100,100,100,96,100;OOOOOOOO
[RECV] BSDC91 notify: RXG;1;12279;tag=2;mask=0xff;pc=8;guard=1200;spacing=1000;win=8165;pre=1;slot_to_entry_us=0;slot_to_sched_us=0;slot_to_write_done_us=0;slot_to_txcmd_us=366;slot_to_txdone_us=701;txcmd_to_txdone_us=335;txdone_to_rxstart_us=91;txdone_to_rxend_us=213;rxenable
[RECV] BSDC91 notify: CD;1;12279;tag=2;local=0xb102;status=0x00806f02;rxf=0x0756c814;win=8165;pc=8;mask=0xff;resp=8;unexp=0;last_len=20;last_src=0xa107;last_dst=0xb102;last_code=0xe
[RECV] BSDC91 notify: TS;1;12280;f;1450;1859;1982;808;1142;ABCDEFGH;5;10;M;0;S;144;0;full;100
[RECV] BSDC91 notify: TR;2;12280;f;0;ff;ff;2150,1794,2430,2866,1809,1467,2229,2390;2150,1794,2430,2866,1809,1467,2229,2390;100,100,100,100,100,100,100,100;OOOOOOOO
[RECV] BSDC91 notify: TDIAG;wait_ms=75;tx_us=701;rx_us=213;coll_us=8270;range_us=44036;solve_us=11749;out_us=2410;clean_us=61;total_ms=143
[RECV] BS2DCE notify: RXG;1;11927;tag=1;mask=0xff;pc=8;guard=1200;spacing=1000;win=8165;pre=1;slot_to_entry_us=0;slot_to_sched_us=0;slot_to_write_done_us=0;slot_to_txcmd_us=274;slot_to_txdone_us=640;txcmd_to_txdone_us=366;txdone_to_rxstart_us=61;txdone_to_rxend_us=183;rxenable
[RECV] BSDC91 notify: TS;1;12281;f;1400;1846;2013;867;1217;ABCDEFGH;5;10;M;0;S;57;0;full;100
[RECV] BSDC91 notify: TR;2;12281;f;0;ff;ff;2106,1752,2432,2654,1711,1412,2315,2399;2106,1752,2432,2654,1711,1412,2315,2399;100,100,100,100,100,100,100,100;OOOOOOOO
[RECV] BS2DCE notify: CD;1;11927;tag=1;local=0xb101;status=0x00806f02;rxf=0x07b6c814;win=8165;pc=8;mask=0xff;resp=8;unexp=0;last_len=20;last_src=0xa107;last_dst=0xb101;last_code=0xe
[RECV] BS2DCE notify: TS;1;11928;f;1006;2468;1651;724;972;ABCDEFGH;0;10;M;0;S;143;0;full;100
[RECV] BS2DCE notify: TR;2;11928;f;0;ff;ff;2198,2580,2035,1792,2180,2505,1984,1736;2198,2580,2035,1792,2180,2505,1984,1736;100,100,100,100,100,100,100,100;OOOOOOOO
[RECV] BS2DCE notify: TS;1;11929;f;1009;2491;1724;760;1051;ABCDEFGH;0;10;M;0;S;57;0;full;100
[RECV] BS2DCE notify: TR;2;11929;f;0;ff;ff;2234,2639,1956,1780,2148,2491,1961,1728;2234,2639,1956,1780,2148,2491,1961,1728;100,100,100,100,100,100,100,100;OOOOOOOO
[RECV] BSDC91 notify: TS;1;12282;f;1361;1831;1936;867;1196;ABCDEFGH;5;10;M;0;S;99;0;full;100
[RECV] BSDC91 notify: TR;2;12282;f;0;ff;ff;1899,1727,2389,2630,1719,1475,2348,2399;1899,1727,2389,2630,1719,1475,2348,2399;100,100,100,100,100,100,100,100;OOOOOOOO
[RECV] BS2DCE notify: TS;1;11930;f;1013;2466;1734;767;1087;ABCDEFGH;0;10;M;0;S;100;0;full;100
[RECV] BS2DCE notify: TR;2;11930;f;0;ff;ff;2218,2599,2041,1732,2154,2417,1920,1810;2218,2599,2041,1732,2154,2417,1920,1810;100,100,100,100,100,100,100,100;OOOOOOOO
[RECV] BS2DCE notify: TDIAG;wait_ms=75;tx_us=610;rx_us=213;coll_us=8209;range_us=579;solve_us=12084;out_us=2197;clean_us=61;total_ms=100
[RECV] BSDC91 notify: TS;1;12283;f;1316;1806;1733;733;1112;ABCDEFGH;5;10;M;0;S;101;0;full;100
[RECV] BSDC91 notify: TR;2;12283;f;0;ff;ff;1891,1684,2532,2679,1793,1668,2491,2374;1891,1684,2532,2679,1793,1668,2491,2374;100,100,100,100,100,100,100,100;OOOOOOOO
[RECV] BS2DCE notify: TS;1;11931;f;1039;2475;1842;773;1063;ABCDEFGH;0;10;M;0;S;99;0;full;100
[RECV] BS2DCE notify: TR;2;11931;f;0;ff;ff;2263,2624,2181,1830,2203,2427,1764,1778;2263,2624,2181,1830,2203,2427,1764,1778;100,100,100,100,100,100,100,100;OOOOOOOO
[RECV] BSDC91 notify: TS;1;12284;f;1212;1818;1675;732;1044;ABCDEFGH;5;10;M;0;S;99;0;full;100
[RECV] BSDC91 notify: TR;2;12284;f;0;ff;ff;1753,1773,2504,2560,1740,1751,2558,2349;1753,1773,2504,2560,1740,1751,2558,2349;100,100,100,100,100,100,100,100;OOOOOOOO
[RECV] BS2DCE notify: TS;1;11932;f;1189;2467;1708;782;1047;ABCDEFH;0;10;M;0;S;98;0;full;100
[RECV] BS2DCE notify: TR;2;11932;f;0;ff;bf;2321,2450,1978,1839,2205,2345,0,1833;2321,2450,1978,1839,2205,2345,1764,1833;100,100,100,100,100,100,95,100;OOOOOOTO
[RECV] BSDC91 notify: TS;1;12285;f;1190;1825;1724;779;1123;ABCDEFGH;5;10;M;0;S;100;0;full;100
[RECV] BSDC91 notify: TR;2;12285;f;0;ff;ff;1739,1738,2478,2516,1664,1781,2548,2285;1739,1738,2478,2516,1664,1781,2548,2285;100,100,100,100,100,100,100,100;OOOOOOOO
[RECV] BS2DCE notify: TS;1;11933;f;1220;2434;1985;897;1203;ABCDEFGH;0;10;M;0;S;103;0;full;99
[RECV] BS2DCE notify: TR;2;11933;f;0;ff;ff;2390,2328,2008,1889,2160,2153,1694,1830;2390,2328,2008,1889,2160,2153,1694,1830;100,100,100,100,100,100,95,100;OOOOOOOO
[RECV] BSDC91 notify: TS;1;12286;f;1151;1810;1707;750;1061;ABCDEFGH;5;10;M;0;S;100;0;full;100
[RECV] BSDC91 notify: TR;2;12286;f;0;ff;ff;1717,1800,2548,2520,1635,1818,2558,2335;1717,1800,2548,2520,1635,1818,2558,2335;100,100,100,100,100,100,100,100;OOOOOOOO
[RECV] BS2DCE notify: TS;1;11934;f;1249;2489;1961;880;1168;ABCDEFGH;0;10;M;0;S;100;0;full;99
[RECV] BS2DCE notify: TR;2;11934;f;0;ff;ff;2426,2378,1944,1890,2268,2203,1607,1817;2426,2378,1944,1890,2268,2203,1607,1817;100,100,100,100,100,100,95,100;OOOOOOOO
[RECV] BSDC91 notify: TS;1;12287;f;1066;1843;-125;763;1179;ABCDEFGH;5;10;M;0;S;100;0;full;100
[RECV] BSDC91 notify: TR;2;12287;f;0;ff;ff;1592,1955,2423,2470,1548,1892,2519,2348;1592,1955,2423,2470,1548,1892,2519,2348;100,100,100,100,100,100,100,100;OOOOOOOO
[RECV] BS2DCE notify: TS;1;11935;f;1348;2456;1966;860;1107;ABCDEFGH;0;10;M;0;S;100;0;full;99
[RECV] BS2DCE notify: TR;2;11935;f;0;ff;ff;2556,2302,1919,2026,2214,2138,1592,1966;2556,2302,1919,2026,2214,2138,1592,1966;100,100,100,100,100,100,95,100;OOOOOOOO
[RECV] BSDC91 notify: TS;1;12288;f;1064;1825;-313;820;1274;ABCDEFGH;5;10;M;0;S;100;0;full;100
[RECV] BSDC91 notify: TR;2;12288;f;0;ff;ff;1452,1929,2347,2448,1557,2006,2533,2483;1452,1929,2347,2448,1557,2006,2533,2483;100,100,100,100,100,100,100,100;OOOOOOOO
[RECV] BS2DCE notify: TS;1;11936;f;1330;2421;1949;845;1089;ABCDEFGH;0;10;M;0;S;100;0;full;99
[RECV] BS2DCE notify: TR;2;11936;f;0;ff;ff;2499,2255,1959,2084,2235,2119,1701,1888;2499,2255,1959,2084,2235,2119,1701,1888;100,100,100,100,100,100,96,100;OOOOOOOO
[RECV] BSDC91 notify: TS;1;12289;f;961;1781;-207;703;1060;ABCDEFGH;5;10;M;0;S;101;0;full;100
[RECV] BSDC91 notify: TR;2;12289;f;0;ff;ff;1483,1905,2794,2299,1637,2110,2658,2514;1483,1905,2794,2299,1637,2110,2658,2514;100,100,100,100,100,100,100,100;OOOOOOOO
[RECV] BS2DCE notify: TS;1;11937;f;1375;2361;1948;831;1085;ABCDEFGH;0;10;M;0;S;99;0;full;99
[RECV] BS2DCE notify: TR;2;11937;f;0;ff;ff;2488,2238,1982,2167,2225,1961,1763,2007;2488,2238,1982,2167,2225,1961,1763,2007;100,100,100,100,100,100,96,100;OOOOOOOO
[RECV] BSDC91 notify: RXG;1;12289;tag=2;mask=0xff;pc=8;guard=1200;spacing=1000;win=8165;pre=1;slot_to_entry_us=0;slot_to_sched_us=0;slot_to_write_done_us=0;slot_to_txcmd_us=274;slot_to_txdone_us=610;txcmd_to_txdone_us=335;txdone_to_rxstart_us=61;txdone_to_rxend_us=183;rxenable
[RECV] BSDC91 notify: CD;1;12289;tag=2;local=0xb102;status=0x00806f02;rxf=0x07a6c814;win=8165;pc=8;mask=0xff;resp=8;unexp=0;last_len=20;last_src=0xa107;last_dst=0xb102;last_code=0xe
[RECV] BSDC91 notify: TS;1;12290;f;912;1885;-372;807;1200;ABCDEFGH;5;10;M;0;S;143;0;full;100
[RECV] BS2DCE notify: RXG;1;11937;tag=1;mask=0xff;pc=8;guard=1200;spacing=1000;win=8165;pre=1;slot_to_entry_us=0;slot_to_sched_us=0;slot_to_write_done_us=0;slot_to_txcmd_us=274;slot_to_txdone_us=610;txcmd_to_txdone_us=335;txdone_to_rxstart_us=91;txdone_to_rxend_us=213;rxenable
[RECV] BS2DCE notify: CD;1;11937;tag=1;local=0xb101;status=0x00806f02;rxf=0x0786c814;win=8165;pc=8;mask=0xff;resp=7;unexp=0;last_len=20;last_src=0xa107;last_dst=0xb101;last_code=0xe
[RECV] BS2DCE notify: TS;1;11938;f;1436;2376;1881;840;1082;ABCDEFH;0;10;M;0;S;142;0;full;100
[RECV] BSDC91 notify: TR;2;12290;f;0;ff;ff;1544,1949,2538,2102,1659,2155,2765,2263;1544,1949,2538,2102,1659,2155,2765,2263;100,100,100,100,100,100,100,100;OOOOOOOO
[RECV] BSDC91 notify: TDIAG;wait_ms=75;tx_us=610;rx_us=183;coll_us=8300;range_us=43975;solve_us=11840;out_us=2258;clean_us=30;total_ms=143
[RECV] BSDC91 notify: TS;1;12291;f;841;1983;-314;818;1217;ABCDEFGH;5;10;M;0;S;58;0;full;100
[RECV] BS2DCE notify: TR;2;11938;f;0;ff;bf;2536,2183,1910,2191,2235,2000,0,1967;2536,2183,1910,2191,2235,2000,1763,1967;100,100,100,100,100,100,92,100;OOOOOOTO
[RECV] BSDC91 notify: TR;2;12291;f;0;ff;ff;1712,1967,2571,1922,1653,2241,2649,2093;1712,1967,2571,1922,1653,2241,2649,2093;100,100,100,100,100,100,100,100;OOOOOOOO
[RECV] BS2DCE notify: TS;1;11939;f;1475;2345;2052;876;1195;ABCDEFGH;0;10;M;0;S;59;0;full;99
[RECV] BS2DCE notify: TR;2;11939;f;0;ff;ff;2709,2106,1967,2284,2222,1815,1742,2000;2709,2106,1967,2284,2222,1815,1742,2000;100,100,100,100,100,100,92,100;OOOOOOOO
[RECV] BSDC91 notify: TS;1;12292;f;861;2079;-462;897;1322;ABCDEFGH;5;10;M;0;S;98;0;full;100
[RECV] BSDC91 notify: TR;2;12292;f;0;ff;ff;1655,2075,2407,1815,1717,2369,2481,2041;1655,2075,2407,1815,1717,2369,2481,2041;100,100,100,100,100,100,100,100;OOOOOOOO
[RECV] BS2DCE notify: TS;1;11940;f;1421;2423;1836;761;1089;ABCDEFGH;0;10;M;0;S;100;0;full;99
[RECV] BS2DCE notify: TR;2;11940;f;0;ff;ff;2707,2158,1921,2250,2147,2317,1688,2032;2707,2158,1921,2250,2147,2317,1688,2032;100,100,100,100,100,100,93,100;OOOOOOOO
[RECV] BS2DCE notify: TDIAG;wait_ms=75;tx_us=610;rx_us=213;coll_us=8209;range_us=732;solve_us=11962;out_us=2258;clean_us=30;total_ms=100
[RECV] BSDC91 notify: TS;1;12293;f;857;2170;-587;956;1341;ABCDEFGH;5;10;M;0;S;100;0;full;100
[RECV] BSDC91 notify: TR;2;12293;f;0;ff;ff;1658,2144,2235,1697,1843,2458,2514,1907;1658,2144,2235,1697,1843,2458,2514,1907;100,100,100,100,100,100,100,100;OOOOOOOO
[RECV] BS2DCE notify: TS;1;11941;f;1408;2374;1809;753;1122;ABCDEFGH;0;10;M;0;S;100;0;full;99
[RECV] BS2DCE notify: TR;2;11941;f;0;ff;ff;2628,2078,1991,2340,2078,2405,1694,2052;2628,2078,1991,2340,2078,2405,1694,2052;100,100,100,100,100,100,93,100;OOOOOOOO
[RECV] BSDC91 notify: TS;1;12294;f;1042;2096;-664;917;1372;ABCDEFG;5;10;M;0;S;98;0;full;100
[RECV] BSDC91 notify: TR;2;12294;f;0;ff;7f;1705,2171,2161,1598,1865,2614,2432,0;1705,2171,2161,1598,1865,2614,2432,1907;100,100,100,100,100,100,100,96;OOOOOOOT
[RECV] BS2DCE notify: TS;1;11942;f;1432;2320;1723;729;1111;ABCDEFGH;0;10;M;0;S;100;0;full;99
[RECV] BS2DCE notify: TR;2;11942;f;0;ff;ff;2577,1992,1999,2350,2044,2388,1762,2183;2577,1992,1999,2350,2044,2388,1762,2183;100,100,100,100,100,100,93,100;OOOOOOOO
[RECV] BSDC91 notify: TS;1;12295;f;828;2338;-656;1007;1441;ABCDEFGH;5;10;M;0;S;103;0;full;99
[RECV] BSDC91 notify: TR;2;12295;f;0;ff;ff;1798,2279,2105,1443,1901,2742,2320,1783;1798,2279,2105,1443,1901,2742,2320,1783;100,100,100,100,100,100,100,96;OOOOOOOO
[RECV] BS2DCE notify: TS;1;11943;f;1463;2251;1864;784;1177;ABCDEFGH;0;10;M;0;S;99;0;full;99
[RECV] BS2DCE notify: TR;2;11943;f;0;ff;ff;2642,1946,2032,2340,2041,1994,1942,2148;2642,1946,2032,2340,2041,1994,1942,2148;100,100,100,100,100,100,93,100;OOOOOOOO
[RECV] BSDC91 notify: TS;1;12296;f;846;2330;-589;980;1365;ABCDEFGH;5;10;M;0;S;99;0;full;100
[RECV] BSDC91 notify: TR;2;12296;f;0;ff;ff;1837,2296,2072,1523,1932,2582,2334,1748;1837,2296,2072,1523,1932,2582,2334,1748;100,100,100,100,100,100,100,100;OOOOOOOO
[RECV] BS2DCE notify: TS;1;11944;f;1483;2139;1977;890;1173;ABCDEFH;0;10;M;0;S;98;0;full;100
[RECV] BS2DCE notify: TR;2;11944;f;0;ff;bf;2488,1933,2087,2419,1930,1681,0,2202;2488,1933,2087,2419,1930,1681,1942,2202;100,100,100,100,100,100,88,100;OOOOOOTO
[RECV] BSDC91 notify: TS;1;12297;f;851;2406;-558;974;1350;ABCDEFGH;5;10;M;0;S;100;0;full;100
[RECV] BSDC91 notify: TR;2;12297;f;0;ff;ff;1994,2348,2011,1428,1985,2596,2255,1682;1994,2348,2011,1428,1985,2596,2255,1682;100,100,100,100,100,100,100,100;OOOOOOOO
[RECV] BS2DCE notify: TS;1;11945;f;1423;2077;1990;864;1192;ABCDEFGH;0;10;M;0;S;103;0;full;98
[RECV] BS2DCE notify: TR;2;11945;f;0;ff;ff;2299,1902,2156,2496,1868,1723,2026,2241;2299,1902,2156,2496,1868,1723,2026,2241;100,100,100,100,100,100,88,100;OOOOOOOO
[RECV] BSDC91 notify: TS;1;12298;f;849;2468;-264;818;1155;ABCDEFGH;5;10;M;0;S;100;0;full;100
[RECV] BSDC91 notify: TR;2;12298;f;0;ff;ff;2161,2537,2026,1501,2054,2611,2125,1681;2161,2537,2026,1501,2054,2611,2125,1681;100,100,100,100,100,100,100,100;OOOOOOOO
[RECV] BS2DCE notify: TS;1;11946;f;1382;2028;1752;700;1025;ABCDEFGH;0;10;M;0;S;100;0;full;98
[RECV] BS2DCE notify: TR;2;11946;f;0;ff;ff;2233,1904,2294,2596,1911,1913,2175,2319;2233,1904,2294,2596,1911,1913,2175,2319;100,100,100,100,100,100,89,100;OOOOOOOO
[RECV] BSDC91 notify: TS;1;12299;f;1002;2480;1673;727;977;ABCDEFGH;5;10;M;0;S;100;0;full;100
[RECV] BSDC91 notify: TR;2;12299;f;0;ff;ff;2285,2496,2012,1841,2175,2610,2042,1633;2285,2496,2012,1841,2175,2610,2042,1633;100,100,100,100,100,100,100,100;OOOOOOOO
[RECV] BS2DCE notify: TS;1;11947;f;1390;1965;1848;706;1002;ABCDEFGH;0;10;M;0;S;100;0;full;98
[RECV] BS2DCE notify: TR;2;11947;f;0;ff;ff;2219,1939,2466,2730,1890,1764,2104,2367;2219,1939,2466,2730,1890,1764,2104,2367;100,100,100,100,100,100,90,100;OOOOOOOO
[RECV] BSDC91 notify: RXG;1;12299;tag=2;mask=0xff;pc=8;guard=1200;spacing=1000;win=8165;pre=1;slot_to_entry_us=0;slot_to_sched_us=0;slot_to_write_done_us=0;slot_to_txcmd_us=274;slot_to_txdone_us=610;txcmd_to_txdone_us=335;txdone_to_rxstart_us=61;txdone_to_rxend_us=183;rxenable
[RECV] BSDC91 notify: CD;1;12299;tag=2;local=0xb102;status=0x00806f02;rxf=0x0776c814;win=8165;pc=8;mask=0xff;resp=8;unexp=0;last_len=20;last_src=0xa107;last_dst=0xb102;last_code=0xe
[RECV] BSDC91 notify: TS;1;12300;f;937;2543;1673;779;1123;ABCDEFGH;5;10;M;0;S;144;0;full;100
[RECV] BSDC91 notify: TR;2;12300;f;0;ff;ff;2301,2537,1980,1575,2141,2666,1955,1619;2301,2537,1980,1575,2141,2666,1955,1619;100,100,100,100,100,100,100,100;OOOOOOOO
[RECV] BS2DCE notify: RXG;1;11947;tag=1;mask=0xff;pc=8;guard=1200;spacing=1000;win=8165;pre=1;slot_to_entry_us=0;slot_to_sched_us=0;slot_to_write_done_us=0;slot_to_txcmd_us=274;slot_to_txdone_us=610;txcmd_to_txdone_us=335;txdone_to_rxstart_us=91;txdone_to_rxend_us=213;rxenable
[RECV] BSDC91 notify: TDIAG;wait_ms=75;tx_us=610;rx_us=183;coll_us=8300;range_us=44097;solve_us=11993;out_us=2227;clean_us=30;total_ms=143
[RECV] BS2DCE notify: CD;1;11947;tag=1;local=0xb101;status=0x00806f02;rxf=0x0766c814;win=8165;pc=8;mask=0xff;resp=8;unexp=0;last_len=20;last_src=0xa107;last_dst=0xb101;last_code=0xe
[RECV] BS2DCE notify: TS;1;11948;f;1372;1908;1918;775;1123;ABCDEFGH;0;10;M;0;S;143;0;full;98
[RECV] BSDC91 notify: TS;1;12301;f;908;2589;1784;872;1149;ACDEGH;5;10;M;0;S;52;0;full;100
[RECV] BSDC91 notify: TR;2;12301;f;0;ff;dd;2264,0,1917,1578,2135,0,1884,1644;2264,2537,1917,1578,2135,2666,1884,1644;100,95,100,100,100,95,100,100;OTOOOTOO
[RECV] BS2DCE notify: TR;2;11948;f;0;ff;ff;2161,1833,2476,2685,1826,1612,2271,2290;2161,1833,2476,2685,1826,1612,2271,2290;100,100,100,100,100,100,90,100;OOOOOOOO
[RECV] BS2DCE notify: TS;1;11949;f;1313;1955;1758;745;1059;ABCDEFGH;0;10;M;0;S;56;0;full;98
[RECV] BS2DCE notify: TR;2;11949;f;0;ff;ff;2103,1852,2342,2434,1840,1712,2441,2306;2103,1852,2342,2434,1840,1712,2441,2306;100,100,100,100,100,100,90,100;OOOOOOOO
[RECV] BSDC91 notify: TS;1;12302;f;1012;2590;1824;866;1241;ABCDEFGH;5;10;M;0;S;105;0;full;98
[RECV] BSDC91 notify: TR;2;12302;f;0;ff;ff;2285,2637,1867,1557,2208,2504,1745,1624;2285,2637,1867,1557,2208,2504,1745,1624;100,95,100,100,100,95,100,100;OOOOOOOO
[RECV] BS2DCE notify: TS;1;11950;f;1332;1971;1755;779;1069;ABCDEFH;0;10;M;0;S;98;0;full;100
[RECV] BS2DCE notify: TR;2;11950;f;0;ff;bf;2065,1843,2375,2472,1817,1817,0,2280;2065,1843,2375,2472,1817,1817,2441,2280;100,100,100,100,100,100,86,100;OOOOOOTO
[RECV] BS2DCE notify: TDIAG;wait_ms=75;tx_us=610;rx_us=183;coll_us=8392;range_us=549;solve_us=9399;out_us=2105;clean_us=30;total_ms=97
[RECV] BSDC91 notify: TS;1;12303;f;1037;2551;1879;870;1187;ABCDEFGH;5;10;M;0;S;100;0;full;98
[RECV] BSDC91 notify: TR;2;12303;f;0;ff;ff;2304,2541,1932,1681,2171,2507,1762,1588;2304,2541,1932,1681,2171,2507,1762,1588;100,95,100,100,100,95,100,100;OOOOOOOO
[RECV] BS2DCE notify: TS;1;11951;f;1243;1876;1728;721;1051;ABCDEFGH;0;10;M;0;S;103;0;full;98
[RECV] BS2DCE notify: TR;2;11951;f;0;ff;ff;1907,1821,2489,2590,1796,1795,2494,2257;1907,1821,2489,2590,1796,1795,2494,2257;100,100,100,100,100,100,87,100;OOOOOOOO
[RECV] BSDC91 notify: TS;1;12304;f;1102;2551;1784;805;1098;ABCDEFGH;5;10;M;0;S;100;0;full;99
[RECV] BSDC91 notify: TR;2;12304;f;0;ff;ff;2348,2491,1941,1739,2284,2509,1714,1701;2348,2491,1941,1739,2284,2509,1714,1701;100,96,100,100,100,96,100,100;OOOOOOOO
[RECV] BS2DCE notify: TS;1;11952;f;1202;1882;1813;763;1042;ABCDEFGH;0;10;M;0;S;100;0;full;98
[RECV] BS2DCE notify: TR;2;11952;f;0;ff;ff;1834,1961,2418,2622,1681,1804,2440,2263;1834,1961,2418,2622,1681,1804,2440,2263;100,100,100,100,100,100,88,100;OOOOOOOO
[RECV] BSDC91 notify: TS;1;12305;f;1201;2582;1898;885;1237;ABCDEFGH;5;10;M;0;S;99;0;full;99
[RECV] BSDC91 notify: TR;2;12305;f;0;ff;ff;2466,2477,1727,1779,2216,2403,1664,1679;2466,2477,1727,1779,2216,2403,1664,1679;100,96,100,100,100,96,100,100;OOOOOOOO
[RECV] BS2DCE notify: TS;1;11953;f;1191;1947;1728;752;1016;ABCDEFGH;0;10;M;0;S;100;0;full;98
[RECV] BS2DCE notify: TR;2;11953;f;0;ff;ff;1847,1954,2362,2431,1778,1863,2408,2256;1847,1954,2362,2431,1778,1863,2408,2256;100,100,100,100,100,100,88,100;OOOOOOOO
[RECV] BSDC91 notify: TS;1;12306;f;1207;2547;1970;880;1192;ABCDEFGH;5;10;M;0;S;100;0;full;99
[RECV] BSDC91 notify: TR;2;12306;f;0;ff;ff;2518,2410,1950,1817,2254,2336,1579,1730;2518,2410,1950,1817,2254,2336,1579,1730;100,96,100,100,100,96,100,100;OOOOOOOO
[RECV] BS2DCE notify: TS;1;11954;f;1097;1936;1724;711;1022;ABCDEFGH;0;10;M;0;S;100;0;full;98
[RECV] BS2DCE notify: TR;2;11954;f;0;ff;ff;1793,2104,2484,2447,1757,1930,2449,2229;1793,2104,2484,2447,1757,1930,2449,2229;100,100,100,100,100,100,88,100;OOOOOOOO
[RECV] BSDC91 notify: TS;1;12307;f;1310;2546;2015;908;1191;ABCDEFGH;5;10;M;0;S;101;0;full;99
[RECV] BSDC91 notify: TR;2;12307;f;0;ff;ff;2568,2392,1843,1899,2294,2198,1493,1832;2568,2392,1843,1899,2294,2198,1493,1832;100,96,100,100,100,96,100,100;OOOOOOOO
[RECV] BS2DCE notify: TS;1;11955;f;1041;1923;1723;736;1107;ABCDEFGH;0;10;M;0;S;99;0;full;98
[RECV] BS2DCE notify: TR;2;11955;f;0;ff;ff;1677,2180,2502,2338,1726,1875,2449,2303;1677,2180,2502,2338,1726,1875,2449,2303;100,100,100,100,100,100,89,100;OOOOOOOO
[RECV] BSDC91 notify: TS;1;12308;f;1339;2518;1972;871;1137;ABCDEFGH;5;10;M;0;S;100;0;full;99
[RECV] BSDC91 notify: TR;2;12308;f;0;ff;ff;2571,2366,1867,1956,2302,2173,1520,1914;2571,2366,1867,1956,2302,2173,1520,1914;100,96,100,100,100,96,100,100;OOOOOOOO
[RECV] BS2DCE notify: TS;1;11956;f;1094;1986;2001;916;1379;ABCDEFGH;0;10;M;0;S;101;0;full;98
[RECV] BS2DCE notify: TR;2;11956;f;0;ff;ff;1645,2164,2698,2335,1722,1984,1688,2341;1645,2164,2698,2335,1722,1984,1688,2341;100,100,100,100,100,100,89,100;OOOOOOOO
[RECV] BSDC91 notify: TS;1;12309;f;1390;2525;1979;894;1188;ABCDEFGH;5;10;M;0;S;99;0;full;99
[RECV] BSDC91 notify: TR;2;12309;f;0;ff;ff;2556,2313,1786,2001,2336,2174,1461,1923;2556,2313,1786,2001,2336,2174,1461,1923;100,96,100,100,100,96,100,100;OOOOOOOO
[RECV] BS2DCE notify: TS;1;11957;f;955;1849;1579;659;982;ABCDEFGH;0;10;M;0;S;100;0;full;98
[RECV] BS2DCE notify: TR;2;11957;f;0;ff;ff;1630,2085,2746,2301,1674,2013,2576,2394;1630,2085,2746,2301,1674,2013,2576,2394;100,100,100,100,100,100,90,100;OOOOOOOO
[RECV] BSDC91 notify: RXG;1;12309;tag=2;mask=0xff;pc=8;guard=1200;spacing=1000;win=8165;pre=1;slot_to_entry_us=0;slot_to_sched_us=0;slot_to_write_done_us=0;slot_to_txcmd_us=396;slot_to_txdone_us=732;txcmd_to_txdone_us=335;txdone_to_rxstart_us=61;txdone_to_rxend_us=183;rxenable
[RECV] BSDC91 notify: CD;1;12309;tag=2;local=0xb102;status=0x00806f02;rxf=0x0756c814;win=8165;pc=8;mask=0xff;resp=8;unexp=0;last_len=20;last_src=0xa107;last_dst=0xb102;last_code=0xe
[RECV] BSDC91 notify: TS;1;12310;f;1431;2529;1990;881;1198;ABCDEFGH;5;10;M;0;S;144;0;full;99
[RECV] BSDC91 notify: TR;2;12310;f;0;ff;ff;2696,2306,1765,2036,2334,2108,1500,1950;2696,2306,1765,2036,2334,2108,1500,1950;100,96,100,100,100,96,100,100;OOOOOOOO
[RECV] BSDC91 notify: TDIAG;wait_ms=75;tx_us=732;rx_us=183;coll_us=8300;range_us=44036;solve_us=11901;out_us=2380;clean_us=61;total_ms=144
[RECV] BS2DCE notify: RXG;1;11957;tag=1;mask=0xff;pc=8;guard=1200;spacing=1000;win=8165;pre=1;slot_to_entry_us=0;slot_to_sched_us=0;slot_to_write_done_us=0;slot_to_txcmd_us=274;slot_to_txdone_us=640;txcmd_to_txdone_us=366;txdone_to_rxstart_us=61;txdone_to_rxend_us=183;rxenable
[RECV] BSDC91 notify: TS;1;12311;f;1462;2464;2047;920;1220;ABCDEFGH;5;10;M;0;S;57;0;full;99
[RECV] BSDC91 notify: TR;2;12311;f;0;ff;ff;2634,2199,1812,2116,2343,1959,1519,1968;2634,2199,1812,2116,2343,1959,1519,1968;100,96,100,100,100,96,100,100;OOOOOOOO
[RECV] BS2DCE notify: CD;1;11957;tag=1;local=0xb101;status=0x00806f02;rxf=0x0786c814;win=8165;pc=8;mask=0xff;resp=8;unexp=0;last_len=20;last_src=0xa107;last_dst=0xb101;last_code=0xe
[RECV] BS2DCE notify: TS;1;11958;f;976;1828;1541;638;972;ABCDEFGH;0;10;M;0;S;143;0;full;98
[RECV] BS2DCE notify: TR;2;11958;f;0;ff;ff;1610,2004,2807,2372,1750,2023,2578,2365;1610,2004,2807,2372,1750,2023,2578,2365;100,100,100,100,100,100,90,100;OOOOOOOO
[RECV] BS2DCE notify: TS;1;11959;f;977;1840;-185;638;1002;ABCDEFGH;0;10;M;0;S;57;0;full;98
[RECV] BS2DCE notify: TR;2;11959;f;0;ff;ff;1669,2021,2598,2217,1727,2161,2792,2561;1669,2021,2598,2217,1727,2161,2792,2561;100,100,100,100,100,100,90,100;OOOOOOOO
[RECV] BSDC91 notify: TS;1;12312;f;1426;2427;2141;986;1316;ABCDEFGH;5;10;M;0;S;99;0;full;100
[RECV] BSDC91 notify: TR;2;12312;f;0;ff;ff;2523,2242,1817,2117,2307,1810,1567,1903;2523,2242,1817,2117,2307,1810,1567,1903;100,100,100,100,100,100,100,100;OOOOOOOO
[RECV] BS2DCE notify: TS;1;11960;f;1023;1917;-258;684;1071;ABCDEFGH;0;10;M;0;S;100;0;full;99
[RECV] BS2DCE notify: TR;2;11960;f;0;ff;ff;1685,2071,2430,2166,1774,2214,2632,2568;1685,2071,2430,2166,1774,2214,2632,2568;100,100,100,100,100,100,94,100;OOOOOOOO
[RECV] BS2DCE notify: TDIAG;wait_ms=75;tx_us=610;rx_us=183;coll_us=8300;range_us=579;solve_us=12145;out_us=2197;clean_us=30;total_ms=100
[RECV] BSDC91 notify: TS;1;12313;f;1465;2426;2039;897;1266;ABCDEFGH;5;10;M;0;S;101;0;full;100
[RECV] BSDC91 notify: TR;2;12313;f;0;ff;ff;2594,2288,1785,2199,2321,1841,1654,1989;2594,2288,1785,2199,2321,1841,1654,1989;100,100,100,100,100,100,100,100;OOOOOOOO
[RECV] BS2DCE notify: TS;1;11961;f;940;1996;-358;763;1128;ABCDEFGH;0;10;M;0;S;100;0;full;99
[RECV] BS2DCE notify: TR;2;11961;f;0;ff;ff;1766,2026,2366,2001,1808,2251,2764,2226;1766,2026,2366,2001,1808,2251,2764,2226;100,100,100,100,100,100,94,100;OOOOOOOO
[RECV] BSDC91 notify: TS;1;12314;f;1582;2521;2098;875;1190;ABCDEFGH;5;10;M;0;S;99;0;full;100
[RECV] BSDC91 notify: TR;2;12314;f;0;ff;ff;3338,2233,1837,2211,2285,1847,1519,2046;3338,2233,1837,2211,2285,1847,1519,2046;100,100,100,100,100,100,100,100;OOOOOOOO
[RECV] BS2DCE notify: TS;1;11962;f;956;2020;1380;680;929;ABCDEFH;0;10;M;0;S;97;0;full;100
[RECV] BS2DCE notify: TR;2;11962;f;0;ff;bf;1732,2003,2629,1993,1824,2270,0,2208;1732,2003,2629,1993,1824,2270,2764,2208;100,100,100,100,100,100,89,100;OOOOOOTO
[RECV] BSDC91 notify: TS;1;12315;f;1625;2541;2118;880;1239;ABCDEFGH;5;10;M;0;S;100;0;full;100
[RECV] BSDC91 notify: TR;2;12315;f;0;ff;ff;3543,2199,1819,2288,2250,1874,1516,2016;3543,2199,1819,2288,2250,1874,1516,2016;100,100,100,100,100,100,100,100;OOOOOOOO
[RECV] BS2DCE notify: TS;1;11963;f;877;1983;1573;731;1078;ABCDEFGH;0;10;M;0;S;103;0;full;98
[RECV] BS2DCE notify: TR;2;11963;f;0;ff;ff;1755,1963,2745,1944,1712,2234,2466,2165;1755,1963,2745,1944,1712,2234,2466,2165;100,100,100,100,100,100,90,100;OOOOOOOO
[RECV] BSDC91 notify: TS;1;12316;f;1513;2379;2232;1019;1360;ABCDEFGH;5;10;M;0;S;100;0;full;100
[RECV] BSDC91 notify: TR;2;12316;f;0;ff;ff;2677,2139,1837,2278,2254,1658,1512,2019;2677,2139,1837,2278,2254,1658,1512,2019;100,100,100,100,100,100,100,100;OOOOOOOO
[RECV] BS2DCE notify: TS;1;11964;f;921;2112;-322;821;1213;ABCDEFGH;0;10;M;0;S;99;0;full;98
[RECV] BS2DCE notify: TR;2;11964;f;0;ff;ff;1860,2117,2286,1893,1778,2280,2450,2049;1860,2117,2286,1893,1778,2280,2450,2049;100,100,100,100,100,100,90,100;OOOOOOOO
[RECV] BSDC91 notify: TS;1;12317;f;1490;2426;1791;746;1080;ABCDEFGH;5;10;M;0;S;100;0;full;100
[RECV] BSDC91 notify: TR;2;12317;f;0;ff;ff;2670,2121,1882,2352,2197,2395,1568,2145;2670,2121,1882,2352,2197,2395,1568,2145;100,100,100,100,100,100,100,100;OOOOOOOO
[RECV] BS2DCE notify: TS;1;11965;f;931;2139;-366;845;1193;ABCDEFGH;0;10;M;0;S;101;0;full;98
[RECV] BS2DCE notify: TR;2;11965;f;0;ff;ff;1821,2070,2336,1868,1848,2338,2352,2005;1821,2070,2336,1868,1848,2338,2352,2005;100,100,100,100,100,100,90,100;OOOOOOOO
[RECV] BSDC91 notify: TS;1;12318;f;1547;2478;1940;787;1188;ABCDEFGH;5;10;M;0;S;100;0;full;100
[RECV] BSDC91 notify: TR;2;12318;f;0;ff;ff;3075,2119,1880,2340,2213,2205,1563,2044;3075,2119,1880,2340,2213,2205,1563,2044;100,100,100,100,100,100,100,100;OOOOOOOO
[RECV] BS2DCE notify: TS;1;11966;f;905;2187;-310;810;1170;ABCDEFGH;0;10;M;0;S;100;0;full;98
[RECV] BS2DCE notify: TR;2;11966;f;0;ff;ff;1933,2150,2303,1814,1865,2392,2362,1966;1933,2150,2303,1814,1865,2392,2362,1966;100,100,100,100,100,100,91,100;OOOOOOOO
[RECV] BSDC91 notify: TS;1;12319;f;1515;2367;2012;843;1223;ABCDEFGH;5;10;M;0;S;100;0;full;100
[RECV] BSDC91 notify: TR;2;12319;f;0;ff;ff;2762,2056,1951,2408,2170,2042,1605,2058;2762,2056,1951,2408,2170,2042,1605,2058;100,100,100,100,100,100,100,100;OOOOOOOO
[RECV] BS2DCE notify: TS;1;11967;f;889;2167;-374;866;1233;ABCDEFGH;0;10;M;0;S;99;0;full;98
[RECV] BS2DCE notify: TR;2;11967;f;0;ff;ff;1856,2094,2300,1810,1821,2364,2380,1912;1856,2094,2300,1810,1821,2364,2380,1912;100,100,100,100,100,100,91,100;OOOOOOOO
[RECV] BSDC91 notify: RXG;1;12319;tag=2;mask=0xff;pc=8;guard=1200;spacing=1000;win=8165;pre=1;slot_to_entry_us=0;slot_to_sched_us=0;slot_to_write_done_us=0;slot_to_txcmd_us=274;slot_to_txdone_us=610;txcmd_to_txdone_us=335;txdone_to_rxstart_us=61;txdone_to_rxend_us=183;rxenable
[RECV] BSDC91 notify: CD;1;12319;tag=2;local=0xb102;status=0x00806f02;rxf=0x07b6c814;win=8165;pc=8;mask=0xff;resp=8;unexp=0;last_len=20;last_src=0xa107;last_dst=0xb102;last_code=0xe
[RECV] BSDC91 notify: TS;1;12320;f;1503;2350;1981;830;1177;ABCDEFGH;5;10;M;0;S;144;0;full;100
[RECV] BSDC91 notify: TR;2;12320;f;0;ff;ff;2708,2074,1954,2387,2135,2045,1632,2120;2708,2074,1954,2387,2135,2045,1632,2120;100,100,100,100,100,100,100,100;OOOOOOOO
[RECV] BSDC91 notify: TDIAG;wait_ms=75;tx_us=610;rx_us=183;coll_us=8300;range_us=44006;solve_us=11871;out_us=2227;clean_us=30;total_ms=143
[RECV] BS2DCE notify: RXG;1;11967;tag=1;mask=0xff;pc=8;guard=1200;spacing=1000;win=8165;pre=1;slot_to_entry_us=0;slot_to_sched_us=0;slot_to_write_done_us=0;slot_to_txcmd_us=274;slot_to_txdone_us=610;txcmd_to_txdone_us=335;txdone_to_rxstart_us=61;txdone_to_rxend_us=183;rxenable
[RECV] BS2DCE notify: CD;1;11967;tag=1;local=0xb101;status=0x00806f02;rxf=0x0786c814;win=8165;pc=8;mask=0xff;resp=8;unexp=0;last_len=20;last_src=0xa107;last_dst=0xb101;last_code=0xe
[RECV] BS2DCE notify: TS;1;11968;f;1027;2312;-285;923;1483;ABCDEFGH;0;10;M;0;S;144;0;full;99
[RECV] BS2DCE notify: TR;2;11968;f;0;ff;ff;1935,2172,2252,1730,1834,2459,1679,1967;1935,2172,2252,1730,1834,2459,1679,1967;100,100,100,100,100,100,92,100;OOOOOOOO
[RECV] BSDC91 notify: TS;1;12321;f;1559;2334;1938;789;1206;ABCDEFGH;5;10;M;0;S;56;0;full;100
[RECV] BSDC91 notify: TR;2;12321;f;0;ff;ff;2804,1990,1989,2516,2158,2090,1636,2152;2804,1990,1989,2516,2158,2090,1636,2152;100,100,100,100,100,100,100,100;OOOOOOOO
[RECV] BS2DCE notify: TS;1;11969;f;865;2231;-390;867;1269;ABCDEFGH;0;10;M;0;S;57;0;full;99
[RECV] BS2DCE notify: TR;2;11969;f;0;ff;ff;1906,2203,2244,1713,1836,2478,2332,1890;1906,2203,2244,1713,1836,2478,2332,1890;100,100,100,100,100,100,92,100;OOOOOOOO
[RECV] BSDC91 notify: TS;1;12322;f;1530;2278;1997;845;1271;ABCDEFGH;5;10;M;0;S;100;0;full;100
[RECV] BSDC91 notify: TR;2;12322;f;0;ff;ff;2683,1930,2047,2452,2090,1983,1643,2187;2683,1930,2047,2452,2090,1983,1643,2187;100,100,100,100,100,100,100,100;OOOOOOOO
[RECV] BS2DCE notify: TS;1;11970;f;864;2294;-435;869;1256;ABCDEFGH;0;10;M;0;S;100;0;full;99
[RECV] BS2DCE notify: TR;2;11970;f;0;ff;ff;1992,2202,2176,1646,1923,2593,2342,1839;1992,2202,2176,1646,1923,2593,2342,1839;100,100,100,100,100,100,92,100;OOOOOOOO
[RECV] BS2DCE notify: TDIAG;wait_ms=75;tx_us=640;rx_us=183;coll_us=8209;range_us=640;solve_us=11962;out_us=2258;clean_us=30;total_ms=100
[RECV] BSDC91 notify: TS;1;12323;f;1538;2235;2036;864;1285;ABCDEFGH;5;10;M;0;S;100;0;full;100
[RECV] BSDC91 notify: TR;2;12323;f;0;ff;ff;2682,1907,2066,2455,2133,1772,1772,2154;2682,1907,2066,2455,2133,1772,1772,2154;100,100,100,100,100,100,100,100;OOOOOOOO
[RECV] BS2DCE notify: TS;1;11971;f;846;2273;-344;846;1285;ABCDEFGH;0;10;M;0;S;100;0;full;99
[RECV] BS2DCE notify: TR;2;11971;f;0;ff;ff;2049,2197,2148,1710,1818,2567,2362,1833;2049,2197,2148,1710,1818,2567,2362,1833;100,100,100,100,100,100,92,100;OOOOOOOO
[RECV] BSDC91 notify: TS;1;12324;f;1538;2225;1983;836;1304;ABCDEFGH;5;10;M;0;S;100;0;full;100
[RECV] BSDC91 notify: TR;2;12324;f;0;ff;ff;2711,1848,2102,2467,2058,1899,1767,2203;2711,1848,2102,2467,2058,1899,1767,2203;100,100,100,100,100,100,100,100;OOOOOOOO
[RECV] BS2DCE notify: TS;1;11972;f;860;2300;-444;870;1279;ABCDEFGH;0;10;M;0;S;100;0;full;99
[RECV] BS2DCE notify: TR;2;11972;f;0;ff;ff;1973,2252,2150,1633,1909,2615,2335,1865;1973,2252,2150,1633,1909,2615,2335,1865;100,100,100,100,100,100,93,100;OOOOOOOO
[RECV] BSDC91 notify: TS;1;12325;f;1556;2194;2120;896;1305;ABCDEFGH;5;10;M;0;S;100;0;full;100
[RECV] BSDC91 notify: TR;2;12325;f;0;ff;ff;2840,1908,2101,2495,1987,1625,1808,2232;2840,1908,2101,2495,1987,1625,1808,2232;100,100,100,100,100,100,100,100;OOOOOOOO
[RECV] BS2DCE notify: TS;1;11973;f;854;2317;-377;852;1256;ABCDEFGH;0;10;M;0;S;99;0;full;99
[RECV] BS2DCE notify: TR;2;11973;f;0;ff;ff;2017,2292,2178,1625,1902,2594,2269,1836;2017,2292,2178,1625,1902,2594,2269,1836;100,100,100,100,100,100,93,100;OOOOOOOO
[RECV] BSDC91 notify: TS;1;12326;f;1476;2084;2099;915;1340;ABCDEFGH;5;10;M;0;S;100;0;full;100
[RECV] BSDC91 notify: TR;2;12326;f;0;ff;ff;2440,1811,2214,2539,1910,1646,1900,2210;2440,1811,2214,2539,1910,1646,1900,2210;100,100,100,100,100,100,100,100;OOOOOOOO
[RECV] BS2DCE notify: TS;1;11974;f;898;2352;-340;820;1193;ABCDEFGH;0;10;M;0;S;101;0;full;99
[RECV] BS2DCE notify: TR;2;11974;f;0;ff;ff;2088,2284,2125,1680,1982,2623,2218,1829;2088,2284,2125,1680,1982,2623,2218,1829;100,100,100,100,100,100,93,100;OOOOOOOO
[RECV] BSDC91 notify: TS;1;12327;f;1478;2065;1993;835;1297;ABCDEFGH;5;10;M;0;S;100;0;full;100
[RECV] BSDC91 notify: TR;2;12327;f;0;ff;ff;2452,1771,2319,2572,1953,1737,1939,2249;2452,1771,2319,2572,1953,1737,1939,2249;100,100,100,100,100,100,100,100;OOOOOOOO
[RECV] BS2DCE notify: TS;1;11975;f;919;2373;-347;825;1211;ABCDEFGH;0;10;M;0;S;100;0;full;99
[RECV] BS2DCE notify: TR;2;11975;f;0;ff;ff;2117,2368,2030,1645,1990,2571,2209,1857;2117,2368,2030,1645,1990,2571,2209,1857;100,100,100,100,100,100,93,100;OOOOOOOO
[RECV] BSDC91 notify: TS;1;12328;f;1439;2042;1969;835;1208;ABCDEFGH;5;10;M;0;S;100;0;full;100
[RECV] BSDC91 notify: TR;2;12328;f;0;ff;ff;2325,1843,2266,2525,1907,1682,2043,2287;2325,1843,2266,2525,1907,1682,2043,2287;100,100,100,100,100,100,100,100;OOOOOOOO
[RECV] BS2DCE notify: TS;1;11976;f;912;2435;1630;743;1053;ABCDEFGH;0;10;M;0;S;100;0;full;99
[RECV] BS2DCE notify: TR;2;11976;f;0;ff;ff;2205,2486,2086,1680,2008,2619,2112,1746;2205,2486,2086,1680,2008,2619,2112,1746;100,100,100,100,100,100,94,100;OOOOOOOO
[RECV] BSDC91 notify: TS;1;12329;f;1462;1999;1953;818;1195;ABCDEFGH;5;10;M;0;S;100;0;full;100
[RECV] BSDC91 notify: TR;2;12329;f;0;ff;ff;2266,1809,2299,2642,1943,1630,2077,2305;2266,1809,2299,2642,1943,1630,2077,2305;100,100,100,100,100,100,100,100;OOOOOOOO
[RECV] BS2DCE notify: TS;1;11977;f;911;2463;1580;701;976;ABCDEFGH;0;10;M;0;S;100;0;full;99
[RECV] BS2DCE notify: TR;2;11977;f;0;ff;ff;2289,2529,2071,1708,1996,2748,2118,1772;2289,2529,2071,1708,1996,2748,2118,1772;100,100,100,100,100,100,94,100;OOOOOOOO
[RECV] BSDC91 notify: RXG;1;12329;tag=2;mask=0xff;pc=8;guard=1200;spacing=1000;win=8165;pre=1;slot_to_entry_us=0;slot_to_sched_us=0;slot_to_write_done_us=0;slot_to_txcmd_us=274;slot_to_txdone_us=610;txcmd_to_txdone_us=335;txdone_to_rxstart_us=61;txdone_to_rxend_us=183;rxenable
[RECV] BS2DCE notify: RXG;1;11977;tag=1;mask=0xff;pc=8;guard=1200;spacing=1000;win=8165;pre=1;slot_to_entry_us=0;slot_to_sched_us=0;slot_to_write_done_us=0;slot_to_txcmd_us=274;slot_to_txdone_us=610;txcmd_to_txdone_us=335;txdone_to_rxstart_us=91;txdone_to_rxend_us=213;rxenable
[RECV] BSDC91 notify: CD;1;12329;tag=2;local=0xb102;status=0x00806f02;rxf=0x0756c814;win=8165;pc=8;mask=0xff;resp=8;unexp=0;last_len=20;last_src=0xa107;last_dst=0xb102;last_code=0xe
[RECV] BSDC91 notify: TS;1;12330;f;1443;1931;2006;836;1176;ABCDEFGH;5;10;M;0;S;144;0;full;100
[RECV] BSDC91 notify: TR;2;12330;f;0;ff;ff;2223,1825,2379,2686,1879,1471,2175,2332;2223,1825,2379,2686,1879,1471,2175,2332;100,100,100,100,100,100,100,100;OOOOOOOO
[RECV] BS2DCE notify: CD;1;11977;tag=1;local=0xb101;status=0x00806f02;rxf=0x07c6c814;win=8165;pc=8;mask=0xff;resp=8;unexp=0;last_len=20;last_src=0xa107;last_dst=0xb101;last_code=0xe
[RECV] BS2DCE notify: TS;1;11978;f;1006;2497;1655;704;963;ABCDEFGH;0;10;M;0;S;144;0;full;99
[RECV] BS2DCE notify: TR;2;11978;f;0;ff;ff;2412,2546,2010,1785,2068,2656,2034,1752;2412,2546,2010,1785,2068,2656,2034,1752;100,100,100,100,100,100,94,100;OOOOOOOO
[RECV] BSDC91 notify: TDIAG;wait_ms=75;tx_us=610;rx_us=183;coll_us=8300;range_us=44067;solve_us=11993;out_us=2227;clean_us=30;total_ms=143
[RECV] BSDC91 notify: TS;1;12331;f;1470;1916;1957;834;1177;ABCDEFGH;5;10;M;0;S;58;0;full;100
[RECV] BSDC91 notify: TR;2;12331;f;0;ff;ff;2199,1772,2287,2685,1805,1509,2201,2442;2199,1772,2287,2685,1805,1509,2201,2442;100,100,100,100,100,100,100,100;OOOOOOOO
[RECV] BS2DCE notify: TS;1;11979;f;736;2615;184;616;1005;ACDEFGH;0;10;M;0;S;53;0;full;99
[RECV] BS2DCE notify: TR;2;11979;f;0;ff;fd;2221,0,2101,1944,2077,3588,2019,1709;2221,2546,2101,1944,2077,3588,2019,1709;100,95,100,100,100,100,95,100;OTOOOOOO
[RECV] BSDC91 notify: TS;1;12332;f;1440;1860;2029;834;1161;ABCDEFGH;5;10;M;0;S;98;0;full;100
[RECV] BSDC91 notify: TR;2;12332;f;0;ff;ff;2155,1812,2442,2854,1792,1429,2212,2363;2155,1812,2442,2854,1792,1429,2212,2363;100,100,100,100,100,100,100,100;OOOOOOOO
[RECV] BS2DCE notify: TS;1;11980;f;976;2462;1703;734;984;ABCDEFGH;0;10;M;0;S;103;0;full;98
[RECV] BS2DCE notify: TR;2;11980;f;0;ff;ff;2230,2575,2068,1802,2142,2528,2022,1710;2230,2575,2068,1802,2142,2528,2022,1710;100,95,100,100,100,100,95,100;OOOOOOOO
[RECV] BS2DCE notify: TDIAG;wait_ms=78;tx_us=610;rx_us=183;coll_us=8331;range_us=549;solve_us=11993;out_us=2380;clean_us=30;total_ms=102
[RECV] BSDC91 notify: TS;1;12333;f;1433;1852;1957;818;1204;ABCDEFGH;5;10;M;0;S;100;0;full;100
[RECV] BSDC91 notify: TR;2;12333;f;0;ff;ff;2108,1718,2430,2827,1767,1546,2250,2366;2108,1718,2430,2827,1767,1546,2250,2366;100,100,100,100,100,100,100,100;OOOOOOOO
[RECV] BS2DCE notify: TS;1;11981;f;1021;2471;1735;763;1044;ABCDEFGH;0;10;M;0;S;100;0;full;98
[RECV] BS2DCE notify: TR;2;11981;f;0;ff;ff;2206,2595,1976,1829,2160,2459,1971,1720;2206,2595,1976,1829,2160,2459,1971,1720;100,95,100,100,100,100,95,100;OOOOOOOO
[RECV] BSDC91 notify: TS;1;12334;f;1389;1845;1965;861;1256;ABCDEFGH;5;10;M;0;S;100;0;full;100
[RECV] BSDC91 notify: TR;2;12334;f;0;ff;ff;2038,1684,2437,2638,1728,1492,2314,2371;2038,1684,2437,2638,1728,1492,2314,2371;100,100,100,100,100,100,100,100;OOOOOOOO
[RECV] BS2DCE notify: TS;1;11982;f;1047;2490;1742;786;1088;ABCDEFGH;0;10;M;0;S;100;0;full;98
[RECV] BS2DCE notify: TR;2;11982;f;0;ff;ff;2255,2481,2018,1736,2219,2457,1848,1732;2255,2481,2018,1736,2219,2457,1848,1732;100,95,100,100,100,100,95,100;OOOOOOOO
[RECV] BSDC91 notify: TS;1;12335;f;1340;1828;1888;841;1208;ABCDEFGH;5;10;M;0;S;100;0;full;100
[RECV] BSDC91 notify: TR;2;12335;f;0;ff;ff;1953,1691,2421,2563,1666,1535,2429,2401;1953,1691,2421,2563,1666,1535,2429,2401;100,100,100,100,100,100,100,100;OOOOOOOO
[RECV] BS2DCE notify: TS;1;11983;f;1055;2500;1815;816;1129;ABCDEFGH;0;10;M;0;S;100;0;full;98
[RECV] BS2DCE notify: TR;2;11983;f;0;ff;ff;2263,2554,1998,1738,2181,2418,1800,1747;2263,2554,1998,1738,2181,2418,1800,1747;100,95,100,100,100,100,95,100;OOOOOOOO
[RECV] BSDC91 notify: TS;1;12336;f;1296;1813;1779;757;1063;ABCDEFGH;5;10;M;0;S;100;0;full;100
[RECV] BSDC91 notify: TR;2;12336;f;0;ff;ff;1881,1776,2471,2628,1718,1617,2498,2420;1881,1776,2471,2628,1718,1617,2498,2420;100,100,100,100,100,100,100,100;OOOOOOOO
[RECV] BS2DCE notify: TS;1;11984;f;1082;2463;1857;808;1115;ABCDEFGH;0;10;M;0;S;100;0;full;99
[RECV] BS2DCE notify: TR;2;11984;f;0;ff;ff;2264,2559,2071,1814,2211,2287,1818,1782;2264,2559,2071,1814,2211,2287,1818,1782;100,96,100,100,100,100,96,100;OOOOOOOO
[RECV] BSDC91 notify: TS;1;12337;f;1212;1814;1818;813;1123;ABCDEFGH;5;10;M;0;S;101;0;full;100
[RECV] BSDC91 notify: TR;2;12337;f;0;ff;ff;1776,1779,2454,2550,1621,1661,2563,2294;1776,1779,2454,2550,1621,1661,2563,2294;100,100,100,100,100,100,100,100;OOOOOOOO
[RECV] BS2DCE notify: TS;1;11985;f;1173;2476;1881;839;1147;ABCDEFGH;0;10;M;0;S;100;0;full;99
[RECV] BS2DCE notify: TR;2;11985;f;0;ff;ff;2379,2429,1978,1831,2172,2296,1709,1851;2379,2429,1978,1831,2172,2296,1709,1851;100,96,100,100,100,100,96,100;OOOOOOOO
[RECV] BSDC91 notify: TS;1;12338;f;1181;1780;1693;765;1142;ABCDEFGH;5;10;M;0;S;99;0;full;100
[RECV] BSDC91 notify: TR;2;12338;f;0;ff;ff;1712,1677,2569,2520,1592,1810,2552,2385;1712,1677,2569,2520,1592,1810,2552,2385;100,100,100,100,100,100,100,100;OOOOOOOO
[RECV] BS2DCE notify: TS;1;11986;f;1258;2535;2211;1057;1313;ABCDEFGH;0;10;M;0;S;100;0;full;99
[RECV] BS2DCE notify: TR;2;11986;f;0;ff;ff;2405,2342,2015,1890,2184,2315,1114,1828;2405,2342,2015,1890,2184,2315,1114,1828;100,96,100,100,100,100,96,100;OOOOOOOO
[RECV] BSDC91 notify: TS;1;12339;f;1113;1811;1764;779;1125;ABCDEFGH;5;10;M;0;S;100;0;full;100
[RECV] BSDC91 notify: TR;2;12339;f;0;ff;ff;1637,1865,2572,2525,1629,1807,2518,2286;1637,1865,2572,2525,1629,1807,2518,2286;100,100,100,100,100,100,100,100;OOOOOOOO
[RECV] BS2DCE notify: TS;1;11987;f;1267;2466;1997;900;1173;ABCDEFGH;0;10;M;0;S;100;0;full;99
[RECV] BS2DCE notify: TR;2;11987;f;0;ff;ff;2435,2340,1940,1930,2234,2132,1628,1835;2435,2340,1940,1930,2234,2132,1628,1835;100,96,100,100,100,100,96,100;OOOOOOOO
[RECV] BSDC91 notify: RXG;1;12339;tag=2;mask=0xff;pc=8;guard=1200;spacing=1000;win=8165;pre=1;slot_to_entry_us=0;slot_to_sched_us=0;slot_to_write_done_us=0;slot_to_txcmd_us=335;slot_to_txdone_us=701;txcmd_to_txdone_us=366;txdone_to_rxstart_us=91;txdone_to_rxend_us=213;rxenable
[RECV] BSDC91 notify: CD;1;12339;tag=2;local=0xb102;status=0x00806f02;rxf=0x0326c014;win=8165;pc=8;mask=0xff;resp=8;unexp=0;last_len=20;last_src=0xa107;last_dst=0xb102;last_code=0xe
[RECV] BSDC91 notify: TS;1;12340;f;1093;1814;-184;750;1227;ABCDEFGH;5;10;M;0;S;144;0;full;100
[RECV] BSDC91 notify: TR;2;12340;f;0;ff;ff;1560,1977,2391,2483,1526,1982,2505,2590;1560,1977,2391,2483,1526,1982,2505,2590;100,100,100,100,100,100,100,100;OOOOOOOO
[RECV] BS2DCE notify: RXG;1;11987;tag=1;mask=0xff;pc=8;guard=1200;spacing=1000;win=8165;pre=1;slot_to_entry_us=0;slot_to_sched_us=0;slot_to_write_done_us=0;slot_to_txcmd_us=274;slot_to_txdone_us=610;txcmd_to_txdone_us=335;txdone_to_rxstart_us=91;txdone_to_rxend_us=213;rxenable
[RECV] BSDC91 notify: TDIAG;wait_ms=75;tx_us=701;rx_us=213;coll_us=8209;range_us=44097;solve_us=11779;out_us=2410;clean_us=61;total_ms=144
[RECV] BSDC91 notify: TS;1;12341;f;1096;1832;-368;833;1273;ABCDEFGH;5;10;M;0;S;56;0;full;100
[RECV] BSDC91 notify: TR;2;12341;f;0;ff;ff;1463,1891,2299,2435,1610,2011,2541,2514;1463,1891,2299,2435,1610,2011,2541,2514;100,100,100,100,100,100,100,100;OOOOOOOO
[RECV] BS2DCE notify: CD;1;11987;tag=1;local=0xb101;status=0x00806f02;rxf=0x07b6c814;win=8165;pc=8;mask=0xff;resp=8;unexp=0;last_len=20;last_src=0xa107;last_dst=0xb101;last_code=0xe
[RECV] BS2DCE notify: TS;1;11988;f;1321;2468;1941;837;1109;ABCDEFGH;0;10;M;0;S;144;0;full;99
[RECV] BS2DCE notify: TR;2;11988;f;0;ff;ff;2585,2348,1934,1985,2209,2145,1636,1970;2585,2348,1934,1985,2209,2145,1636,1970;100,96,100,100,100,100,96,100;OOOOOOOO
[RECV] BS2DCE notify: TS;1;11989;f;1323;2416;1852;831;1048;ABCDFGH;0;10;M;0;S;54;0;full;98
[RECV] BS2DCE notify: TR;2;11989;f;0;ff;ef;2490,2241,1942,2110,0,2079,1711,1937;2490,2241,1942,2110,2209,2079,1711,1937;100,96,100,100,96,100,96,100;OOOOTOOO
[RECV] BSDC91 notify: TS;1;12342;f;948;1762;-232;744;1147;ABCDEFGH;5;10;M;0;S;100;0;full;100
[RECV] BSDC91 notify: TR;2;12342;f;0;ff;ff;1413,1905,2775,2324,1548,2085,2626,2513;1413,1905,2775,2324,1548,2085,2626,2513;100,100,100,100,100,100,100,100;OOOOOOOO
[RECV] BS2DCE notify: TS;1;11990;f;1375;2411;1952;840;1093;ABCDEFGH;0;10;M;0;S;102;0;full;98
[RECV] BS2DCE notify: TR;2;11990;f;0;ff;ff;2559,2231,1943,2113,2298,1986,1742,1924;2559,2231,1943,2113,2298,1986,1742,1924;100,96,100,100,96,100,96,100;OOOOOOOO
[RECV] BS2DCE notify: TDIAG;wait_ms=76;tx_us=610;rx_us=213;coll_us=8239;range_us=549;solve_us=12268;out_us=2166;clean_us=61;total_ms=101
[RECV] BSDC91 notify: TS;1;12343;f;894;1890;-370;807;1221;ABCDEFGH;5;10;M;0;S;100;0;full;100
[RECV] BSDC91 notify: TR;2;12343;f;0;ff;ff;1562,1949,2558,2071,1635,2190,2761,2261;1562,1949,2558,2071,1635,2190,2761,2261;100,100,100,100,100,100,100,100;OOOOOOOO
[RECV] BS2DCE notify: TS;1;11991;f;1412;2377;1993;875;1152;ABCDEFGH;0;10;M;0;S;100;0;full;98
[RECV] BS2DCE notify: TR;2;11991;f;0;ff;ff;2529,2157,1921,2180,2240,1948,1704,1977;2529,2157,1921,2180,2240,1948,1704,1977;100,96,100,100,96,100,96,100;OOOOOOOO
[RECV] BSDC91 notify: TS;1;12344;f;867;1980;-325;793;1174;ABCDEFGH;5;10;M;0;S;100;0;full;100
[RECV] BSDC91 notify: TR;2;12344;f;0;ff;ff;1744,1958,2597,1926,1708,2262,2696,2126;1744,1958,2597,1926,1708,2262,2696,2126;100,100,100,100,100,100,100,100;OOOOOOOO
[RECV] BS2DCE notify: TS;1;11992;f;1456;2347;1997;855;1176;ABCDEFGH;0;10;M;0;S;99;0;full;100
[RECV] BS2DCE notify: TR;2;11992;f;0;ff;ff;2651,2098,1974,2240,2209,1904,1735,2036;2651,2098,1974,2240,2209,1904,1735,2036;100,100,100,100,100,100,100,100;OOOOOOOO
[RECV] BSDC91 notify: TS;1;12345;f;830;2113;-421;890;1299;ABCDEFGH;5;10;M;0;S;100;0;full;100
[RECV] BSDC91 notify: TR;2;12345;f;0;ff;ff;1682,2106,2408,1821,1729,2412,2447,1936;1682,2106,2408,1821,1729,2412,2447,1936;100,100,100,100,100,100,100,100;OOOOOOOO
[RECV] BS2DCE notify: TS;1;11993;f;1421;2409;1792;735;1141;ABCDEFGH;0;10;M;0;S;101;0;full;100
[RECV] BS2DCE notify: TR;2;11993;f;0;ff;ff;2727,2071,1991,2291,2171,2393,1711,2011;2727,2071,1991,2291,2171,2393,1711,2011;100,100,100,100,100,100,100,100;OOOOOOOO
[RECV] BSDC91 notify: TS;1;12346;f;916;2125;-597;933;1399;ABCDEFGH;5;10;M;0;S;100;0;full;100
[RECV] BSDC91 notify: TR;2;12346;f;0;ff;ff;1687,2078,2244,1694,1776,2500,2469,2177;1687,2078,2244,1694,1776,2500,2469,2177;100,100,100,100,100,100,100,100;OOOOOOOO
[RECV] BS2DCE notify: TS;1;11994;f;1462;2354;1773;734;1126;ABCDEFGH;0;10;M;0;S;99;0;full;100
[RECV] BS2DCE notify: TR;2;11994;f;0;ff;ff;2616,2020,1965,2425,2151,2358,1728,2082;2616,2020,1965,2425,2151,2358,1728,2082;100,100,100,100,100,100,100,100;OOOOOOOO
[RECV] BSDC91 notify: TS;1;12347;f;856;2232;-658;1001;1455;ABCDEFGH;5;10;M;0;S;100;0;full;100
[RECV] BSDC91 notify: TR;2;12347;f;0;ff;ff;1707,2158,2140,1591,1820,2619,2425,1904;1707,2158,2140,1591,1820,2619,2425,1904;100,100,100,100,100,100,100,100;OOOOOOOO
[RECV] BS2DCE notify: TS;1;11995;f;1427;2335;1701;723;1167;ABCDEFGH;0;10;M;0;S;101;0;full;100
[RECV] BS2DCE notify: TR;2;11995;f;0;ff;ff;2605,1937,2046,2339,2086,2474,1732,2144;2605,1937,2046,2339,2086,2474,1732,2144;100,100,100,100,100,100,100,100;OOOOOOOO
[RECV] BSDC91 notify: TS;1;12348;f;875;2312;-656;1014;1411;ABCDEFGH;5;10;M;0;S;100;0;full;100
[RECV] BSDC91 notify: TR;2;12348;f;0;ff;ff;1751,2247,2087,1512,1924,2613,2284,1829;1751,2247,2087,1512,1924,2613,2284,1829;100,100,100,100,100,100,100,100;OOOOOOOO
[RECV] BS2DCE notify: TS;1;11996;f;1475;2196;2006;857;1275;ABCDEFGH;0;10;M;0;S;100;0;full;100
[RECV] BS2DCE notify: TR;2;11996;f;0;ff;ff;2644,1892,2119,2371,2000,1787,1921,2151;2644,1892,2119,2371,2000,1787,1921,2151;100,100,100,100,100,100,100,100;OOOOOOOO
[RECV] BSDC91 notify: TS;1;12349;f;842;2351;-587;983;1409;ABCDEFGH;5;10;M;0;S;100;0;full;100
[RECV] BSDC91 notify: TR;2;12349;f;0;ff;ff;1844,2278,2086,1520,2020,2551,2350,1652;1844,2278,2086,1520,2020,2551,2350,1652;100,100,100,100,100,100,100,100;OOOOOOOO
[RECV] BS2DCE notify: TS;1;11997;f;1447;2136;1982;872;1230;ABCDEFGH;0;10;M;0;S;99;0;full;100
[RECV] BS2DCE notify: TR;2;11997;f;0;ff;ff;2403,1890,2108,2369,1977,1709,1990,2208;2403,1890,2108,2369,1977,1709,1990,2208;100,100,100,100,100,100,100,100;OOOOOOOO
[RECV] BSDC91 notify: RXG;1;12349;tag=2;mask=0xff;pc=8;guard=1200;spacing=1000;win=8165;pre=1;slot_to_entry_us=0;slot_to_sched_us=0;slot_to_write_done_us=0;slot_to_txcmd_us=274;slot_to_txdone_us=610;txcmd_to_txdone_us=335;txdone_to_rxstart_us=61;txdone_to_rxend_us=183;rxenable
[RECV] BSDC91 notify: CD;1;12349;tag=2;local=0xb102;status=0x00806f02;rxf=0x0786c814;win=8165;pc=8;mask=0xff;resp=8;unexp=0;last_len=20;last_src=0xa107;last_dst=0xb102;last_code=0xe
[RECV] BSDC91 notify: TS;1;12350;f;865;2424;-480;921;1286;ABCDEFGH;5;10;M;0;S;144;0;full;100
[RECV] BSDC91 notify: TR;2;12350;f;0;ff;ff;2016,2382,2032,1491,2066,2591,2218,1665;2016,2382,2032,1491,2066,2591,2218,1665;100,100,100,100,100,100,100,100;OOOOOOOO
[RECV] BSDC91 notify: TDIAG;wait_ms=75;tx_us=610;rx_us=183;coll_us=8300;range_us=44036;solve_us=11871;out_us=2227;clean_us=61;total_ms=143
[RECV] BS2DCE notify: RXG;1;11997;tag=1;mask=0xff;pc=8;guard=1200;spacing=1000;win=8165;pre=1;slot_to_entry_us=0;slot_to_sched_us=0;slot_to_write_done_us=0;slot_to_txcmd_us=274;slot_to_txdone_us=610;txcmd_to_txdone_us=335;txdone_to_rxstart_us=91;txdone_to_rxend_us=213;rxenable
[RECV] BS2DCE notify: CD;1;11997;tag=1;local=0xb101;status=0x00806f02;rxf=0x07a6c814;win=8165;pc=8;mask=0xff;resp=8;unexp=0;last_len=20;last_src=0xa107;last_dst=0xb101;last_code=0xe
[RECV] BS2DCE notify: TS;1;11998;f;1429;2082;1971;837;1155;ABCDEFGH;0;10;M;0;S;144;0;full;100
[RECV] BS2DCE notify: TR;2;11998;f;0;ff;ff;2361,1928,2181,2469,1935,1658,2088,2238;2361,1928,2181,2469,1935,1658,2088,2238;100,100,100,100,100,100,100,100;OOOOOOOO
[RECV] BSDC91 notify: TS;1;12351;f;922;2460;1597;770;1159;ABCDEFGH;5;10;M;0;S;57;0;full;100
[RECV] BSDC91 notify: TR;2;12351;f;0;ff;ff;2230,2429,2030,1542,2054,2560,2088,1748;2230,2429,2030,1542,2054,2560,2088,1748;100,100,100,100,100,100,100,100;OOOOOOOO
[RECV] BS2DCE notify: TS;1;11999;f;1412;2025;1889;785;1114;ABCDEFGH;0;10;M;0;S;57;0;full;100
[RECV] BS2DCE notify: TR;2;11999;f;0;ff;ff;2244,1885,2242,2611,1844,1808,2094,2317;2244,1885,2242,2611,1844,1808,2094,2317;100,100,100,100,100,100,100,100;OOOOOOOO
[RECV] BSDC91 notify: TS;1;12352;f;955;2471;1653;737;1021;ABCDEFGH;5;10;M;0;S;99;0;full;100
[RECV] BSDC91 notify: TR;2;12352;f;0;ff;ff;2288,2468,2065,1720,2097,2639,2058,1679;2288,2468,2065,1720,2097,2639,2058,1679;100,100,100,100,100,100,100,100;OOOOOOOO
[RECV] BS2DCE notify: TS;1;12000;f;1377;1944;1903;767;1133;ABCDEFGH;0;10;M;0;S;99;0;full;100
[RECV] BS2DCE notify: TR;2;12000;f;0;ff;ff;2207,1835,2451,2652,1822,1707,2198,2309;2207,1835,2451,2652,1822,1707,2198,2309;100,100,100,100,100,100,100,100;OOOOOOOO
[RECV] BS2DCE notify: TDIAG;wait_ms=75;tx_us=610;rx_us=213;coll_us=8239;range_us=610;solve_us=11901;out_us=2197;clean_us=30;total_ms=100
[RECV] BSDC91 notify: TS;1;12353;f;888;2536;1690;794;1156;ABCDEFGH;5;10;M;0;S;100;0;full;100
[RECV] BSDC91 notify: TR;2;12353;f;0;ff;ff;2240,2558,2013,1536,2153,2659,2025,1547;2240,2558,2013,1536,2153,2659,2025,1547;100,100,100,100,100,100,100,100;OOOOOOOO
[RECV] BS2DCE notify: TS;1;12001;f;1316;1932;1801;704;1008;ABCDEFGH;0;10;M;0;S;101;0;full;100
[RECV] BS2DCE notify: TR;2;12001;f;0;ff;ff;2147,1913,2478,2599,1860,1714,2371,2299;2147,1913,2478,2599,1860,1714,2371,2299;100,100,100,100,100,100,100,100;OOOOOOOO
[RECV] BSDC91 notify: TS;1;12354;f;965;2538;1714;806;1160;ABCDEFGH;5;10;M;0;S;100;0;full;100
[RECV] BSDC91 notify: TR;2;12354;f;0;ff;ff;2243,2598,1934,1579,2179,2518,1914,1647;2243,2598,1934,1579,2179,2518,1914,1647;100,100,100,100,100,100,100,100;OOOOOOOO
[RECV] BS2DCE notify: TS;1;12002;f;1320;1932;1711;728;1056;ABCDEFGH;0;10;M;0;S;100;0;full;100
[RECV] BS2DCE notify: TR;2;12002;f;0;ff;ff;2020,1808,2359,2505,1894,1730,2429,2307;2020,1808,2359,2505,1894,1730,2429,2307;100,100,100,100,100,100,100,100;OOOOOOOO
[RECV] BSDC91 notify: TS;1;12355;f;980;2592;1830;856;1227;ABCDEFGH;5;10;M;0;S;100;0;full;100
[RECV] BSDC91 notify: TR;2;12355;f;0;ff;ff;2284,2704,1886,1559,2187,2522,1800,1590;2284,2704,1886,1559,2187,2522,1800,1590;100,100,100,100,100,100,100,100;OOOOOOOO
[RECV] BS2DCE notify: TS;1;12003;f;1286;1925;1816;756;1021;ABCDEFGH;0;10;M;0;S;99;0;full;100
[RECV] BS2DCE notify: TR;2;12003;f;0;ff;ff;2017,1917,2410,2506,1836,1655,2404,2302;2017,1917,2410,2506,1836,1655,2404,2302;100,100,100,100,100,100,100,100;OOOOOOOO
[RECV] BSDC91 notify: TS;1;12356;f;1039;2574;1842;872;1262;ABCDEFGH;5;10;M;0;S;100;0;full;100
[RECV] BSDC91 notify: TR;2;12356;f;0;ff;ff;2325,2546,1906,1569,2240,2448,1749,1606;2325,2546,1906,1569,2240,2448,1749,1606;100,100,100,100,100,100,100,100;OOOOOOOO
[RECV] BS2DCE notify: TS;1;12004;f;1213;1882;1690;731;1048;ABCDEFGH;0;10;M;0;S;100;0;full;100
[RECV] BS2DCE notify: TR;2;12004;f;0;ff;ff;1850,1819,2438,2521,1789,1810,2536,2246;1850,1819,2438,2521,1789,1810,2536,2246;100,100,100,100,100,100,100,100;OOOOOOOO
[RECV] BSDC91 notify: TS;1;12357;f;1184;2586;1900;895;1263;ABCDEFGH;5;10;M;0;S;100;0;full;100
[RECV] BSDC91 notify: TR;2;12357;f;0;ff;ff;2372,2548,1707,1771,2237,2400,1631,1676;2372,2548,1707,1771,2237,2400,1631,1676;100,100,100,100,100,100,100,100;OOOOOOOO
[RECV] BS2DCE notify: TS;1;12005;f;1209;1872;1740;697;1007;ABCDEFGH;0;10;M;0;S;101;0;full;100
[RECV] BS2DCE notify: TR;2;12005;f;0;ff;ff;1820,1997,2422,2839,1753,1903,2476,2208;1820,1997,2422,2839,1753,1903,2476,2208;100,100,100,100,100,100,100,100;OOOOOOOO
[RECV] BSDC91 notify: TS;1;12358;f;1203;2511;1873;831;1162;ABCDEFGH;5;10;M;0;S;100;0;full;100
[RECV] BSDC91 notify: TR;2;12358;f;0;ff;ff;2451,2403,2006,1804,2240,2362,1580,1884;2451,2403,2006,1804,2240,2362,1580,1884;100,100,100,100,100,100,100,100;OOOOOOOO
[RECV] BS2DCE notify: TS;1;12006;f;1076;1930;1721;723;997;ABCDEFGH;0;10;M;0;S;99;0;full;100
[RECV] BS2DCE notify: TR;2;12006;f;0;ff;ff;1804,2077,2456,2412,1703,1937,2531,2202;1804,2077,2456,2412,1703,1937,2531,2202;100,100,100,100,100,100,100,100;OOOOOOOO
[RECV] BSDC91 notify: TS;1;12359;f;1229;2565;1966;863;1177;ABCDEFGH;5;10;M;0;S;100;0;full;100
[RECV] BSDC91 notify: TR;2;12359;f;0;ff;ff;2545,2457,1962,1830,2327,2318,1521,1757;2545,2457,1962,1830,2327,2318,1521,1757;100,100,100,100,100,100,100,100;OOOOOOOO
[RECV] BS2DCE notify: TS;1;12007;f;1031;1943;1838;771;1146;ABCDEFGH;0;10;M;0;S;101;0;full;100
[RECV] BS2DCE notify: TR;2;12007;f;0;ff;ff;1720,2211,2540,2394,1681,1929,2369,2184;1720,2211,2540,2394,1681,1929,2369,2184;100,100,100,100,100,100,100,100;OOOOOOOO
[RECV] BSDC91 notify: RXG;1;12359;tag=2;mask=0xff;pc=8;guard=1200;spacing=1000;win=8165;pre=1;slot_to_entry_us=0;slot_to_sched_us=0;slot_to_write_done_us=0;slot_to_txcmd_us=274;slot_to_txdone_us=610;txcmd_to_txdone_us=335;txdone_to_rxstart_us=61;txdone_to_rxend_us=183;rxenable
[RECV] BSDC91 notify: CD;1;12359;tag=2;local=0xb102;status=0x00806f02;rxf=0x07c6c814;win=8165;pc=8;mask=0xff;resp=8;unexp=0;last_len=20;last_src=0xa107;last_dst=0xb102;last_code=0xe
[RECV] BSDC91 notify: TS;1;12360;f;1279;2538;2008;921;1218;ABCDEFGH;5;10;M;0;S;144;0;full;100
[RECV] BSDC91 notify: TR;2;12360;f;0;ff;ff;2496,2395,1845,1857,2262,2230,1507,1808;2496,2395,1845,1857,2262,2230,1507,1808;100,100,100,100,100,100,100,100;OOOOOOOO
[RECV] BS2DCE notify: RXG;1;12007;tag=1;mask=0xff;pc=8;guard=1200;spacing=1000;win=8165;pre=1;slot_to_entry_us=0;slot_to_sched_us=0;slot_to_write_done_us=0;slot_to_txcmd_us=274;slot_to_txdone_us=610;txcmd_to_txdone_us=335;txdone_to_rxstart_us=91;txdone_to_rxend_us=213;rxenable
[RECV] BSDC91 notify: TDIAG;wait_ms=75;tx_us=610;rx_us=183;coll_us=8300;range_us=44067;solve_us=11993;out_us=2258;clean_us=30;total_ms=143
[RECV] BS2DCE notify: CD;1;12007;tag=1;local=0xb101;status=0x00806f02;rxf=0x0786c814;win=8165;pc=8;mask=0xff;resp=8;unexp=0;last_len=20;last_src=0xa107;last_dst=0xb101;last_code=0xe
[RECV] BS2DCE notify: TS;1;12008;f;1019;1890;1718;732;1085;ABCDEFGH;0;10;M;0;S;143;0;full;100
[RECV] BS2DCE notify: TR;2;12008;f;0;ff;ff;1665,2092,2583,2371,1682,1926,2490,2269;1665,2092,2583,2371,1682,1926,2490,2269;100,100,100,100,100,100,100,100;OOOOOOOO
[RECV] BSDC91 notify: TS;1;12361;f;1227;2676;2040;895;1254;ACDEFGH;5;10;M;0;S;54;0;full;100
[RECV] BSDC91 notify: TR;2;12361;f;0;ff;fd;2581,0,1736,1972,2277,2177,1402,1903;2581,2395,1736,1972,2277,2177,1402,1903;100,94,100,100,100,100,100,100;OTOOOOOO
[RECV] BS2DCE notify: TS;1;12009;f;983;1872;1663;703;1051;ABCDEFGH;0;10;M;0;S;56;0;full;100
[RECV] BS2DCE notify: TR;2;12009;f;0;ff;ff;1639,2040,2728,2345,1688,2029,2457,2301;1639,2040,2728,2345,1688,2029,2457,2301;100,100,100,100,100,100,100,100;OOOOOOOO
[RECV] BSDC91 notify: TS;1;12362;f;1422;2525;1996;890;1197;ABCDEFGH;5;10;M;0;S;102;0;full;99
[RECV] BSDC91 notify: TR;2;12362;f;0;ff;ff;2643,2345,1776,2000,2346,2056,1473,2003;2643,2345,1776,2000,2346,2056,1473,2003;100,94,100,100,100,100,100,100;OOOOOOOO
[RECV] BS2DCE notify: TS;1;12010;f;935;1852;1594;658;1010;ABCDEFGH;0;10;M;0;S;101;0;full;100
[RECV] BS2DCE notify: TR;2;12010;f;0;ff;ff;1606,2074,2839,2321,1744,2039,2538,2315;1606,2074,2839,2321,1744,2039,2538,2315;100,100,100,100,100,100,100,100;OOOOOOOO
[RECV] BS2DCE notify: TDIAG;wait_ms=75;tx_us=610;rx_us=183;coll_us=8239;range_us=579;solve_us=11810;out_us=2441;clean_us=30;total_ms=100
[RECV] BSDC91 notify: TS;1;12363;f;1462;2496;1994;868;1191;ABCDEFGH;5;10;M;0;S;100;0;full;99
[RECV] BSDC91 notify: TR;2;12363;f;0;ff;ff;2690,2291,1785,2125,2346,2030,1526,2002;2690,2291,1785,2125,2346,2030,1526,2002;100,95,100,100,100,100,100,100;OOOOOOOO
[RECV] BS2DCE notify: TS;1;12011;f;939;1868;-101;626;971;ABCDEFGH;0;10;M;0;S;100;0;full;100
[RECV] BS2DCE notify: TR;2;12011;f;0;ff;ff;1656,2043,2750,2241,1714,2221,2646,2454;1656,2043,2750,2241,1714,2221,2646,2454;100,100,100,100,100,100,100,100;OOOOOOOO
[RECV] BSDC91 notify: TS;1;12364;f;1511;2411;1953;861;1178;ABCDEFGH;5;10;M;0;S;100;0;full;99
[RECV] BSDC91 notify: TR;2;12364;f;0;ff;ff;2594,2234,1810,2143,2348,1831,1602,2204;2594,2234,1810,2143,2348,1831,1602,2204;100,95,100,100,100,100,100,100;OOOOOOOO
[RECV] BS2DCE notify: TS;1;12012;f;1064;1907;-288;705;1088;ABCDEFGH;0;10;M;0;S;99;0;full;100
[RECV] BS2DCE notify: TR;2;12012;f;0;ff;ff;1696,1963,2429,2191,1783,2179,2618,2563;1696,1963,2429,2191,1783,2179,2618,2563;100,100,100,100,100,100,100,100;OOOOOOOO
[RECV] BSDC91 notify: TS;1;12365;f;1498;2485;2116;935;1266;ABCDEFGH;5;10;M;0;S;101;0;full;99
[RECV] BSDC91 notify: TR;2;12365;f;0;ff;ff;2829,2231,1788,2154,2381,1821,1551,1925;2829,2231,1788,2154,2381,1821,1551,1925;100,95,100,100,100,100,100,100;OOOOOOOO
[RECV] BS2DCE notify: TS;1;12013;f;928;2010;-324;779;1161;ABCDEFGH;0;10;M;0;S;101;0;full;100
[RECV] BS2DCE notify: TR;2;12013;f;0;ff;ff;1755,2028,2391,2036,1760,2256,2666,2142;1755,2028,2391,2036,1760,2256,2666,2142;100,100,100,100,100,100,100,100;OOOOOOOO
[RECV] BSDC91 notify: TS;1;12366;f;1585;2542;2118;900;1231;ABCDEFGH;5;10;M;0;S;99;0;full;99
[RECV] BSDC91 notify: TR;2;12366;f;0;ff;ff;3381,2219,1793,2183,2297,1828,1521,2018;3381,2219,1793,2183,2297,1828,1521,2018;100,95,100,100,100,100,100,100;OOOOOOOO
[RECV] BS2DCE notify: TS;1;12014;f;871;1913;-246;685;961;ABCDEFGH;0;10;M;0;S;100;0;full;100
[RECV] BS2DCE notify: TR;2;12014;f;0;ff;ff;1751,1991,2644,2019,1831,2188,3035,2202;1751,1991,2644,2019,1831,2188,3035,2202;100,100,100,100,100,100,100,100;OOOOOOOO
[RECV] BSDC91 notify: TS;1;12367;f;1622;2515;2116;892;1305;ABCDEFGH;5;10;M;0;S;100;0;full;99
[RECV] BSDC91 notify: TR;2;12367;f;0;ff;ff;3474,2114,1831,2287,2241,1868,1528,2039;3474,2114,1831,2287,2241,1868,1528,2039;100,95,100,100,100,100,100,100;OOOOOOOO
[RECV] BS2DCE notify: TS;1;12015;f;845;1985;1563;696;1036;ABCDEFGH;0;10;M;0;S;99;0;full;100
[RECV] BS2DCE notify: TR;2;12015;f;0;ff;ff;1727,2106,2766,1962,1748,2217,2481,2211;1727,2106,2766,1962,1748,2217,2481,2211;100,100,100,100,100,100,100,100;OOOOOOOO
[RECV] BSDC91 notify: TS;1;12368;f;1504;2379;2206;1009;1362;ABCDEFGH;5;10;M;0;S;100;0;full;99
[RECV] BSDC91 notify: TR;2;12368;f;0;ff;ff;2669,2131,1820,2251,2215,1688,1547,2041;2669,2131,1820,2251,2215,1688,1547,2041;100,96,100,100,100,100,100,100;OOOOOOOO
[RECV] BS2DCE notify: TS;1;12016;f;906;2130;-325;818;1228;ABCDEFGH;0;10;M;0;S;101;0;full;100
[RECV] BS2DCE notify: TR;2;12016;f;0;ff;ff;1825,2183,2296,1875,1774,2329,2444,2035;1825,2183,2296,1875,1774,2329,2444,2035;100,100,100,100,100,100,100,100;OOOOOOOO
[RECV] BSDC91 notify: TS;1;12369;f;1453;2459;1784;731;1056;ABCDEFGH;5;10;M;0;S;100;0;full;99
[RECV] BS2DCE notify: TS;1;12017;f;924;2134;-391;859;1251;ABCDEFGH;0;10;M;0;S;99;0;full;100
[RECV] BS2DCE notify: TR;2;12017;f;0;ff;ff;1848,2057,2311,1832,1800,2330,2434,2000;1848,2057,2311,1832,1800,2330,2434,2000;100,100,100,100,100,100,100,100;OOOOOOOO
[RECV] BSDC91 notify: TR;2;12369;f;0;ff;ff;2673,2178,1926,2293,2255,2427,1536,2110;2673,2178,1926,2293,2255,2427,1536,2110;100,96,100,100,100,100,100,100;OOOOOOOO
[RECV] BSDC91 notify: RXG;1;12369;tag=2;mask=0xff;pc=8;guard=1200;spacing=1000;win=8165;pre=1;slot_to_entry_us=0;slot_to_sched_us=0;slot_to_write_done_us=0;slot_to_txcmd_us=335;slot_to_txdone_us=701;txcmd_to_txdone_us=366;txdone_to_rxstart_us=61;txdone_to_rxend_us=183;rxenable
[RECV] BSDC91 notify: CD;1;12369;tag=2;local=0xb102;status=0x00806f02;rxf=0x0776c814;win=8165;pc=8;mask=0xff;resp=8;unexp=0;last_len=20;last_src=0xa107;last_dst=0xb102;last_code=0xe
[RECV] BSDC91 notify: TS;1;12370;f;1544;2452;1951;809;1244;ABCDEFGH;5;10;M;0;S;144;0;full;99
[RECV] BSDC91 notify: TR;2;12370;f;0;ff;ff;3019,2051,1881,2348,2186,2183,1589,2049;3019,2051,1881,2348,2186,2183,1589,2049;100,96,100,100,100,100,100,100;OOOOOOOO
[RECV] BSDC91 notify: TDIAG;wait_ms=75;tx_us=701;rx_us=183;coll_us=8239;range_us=44281;solve_us=11840;out_us=2410;clean_us=30;total_ms=144
[RECV] BS2DCE notify: RXG;1;12017;tag=1;mask=0xff;pc=8;guard=1200;spacing=1000;win=8165;pre=1;slot_to_entry_us=0;slot_to_sched_us=0;slot_to_write_done_us=0;slot_to_txcmd_us=274;slot_to_txdone_us=610;txcmd_to_txdone_us=335;txdone_to_rxstart_us=61;txdone_to_rxend_us=213;rxenable
[RECV] BSDC91 notify: TS;1;12371;f;1525;2346;2027;900;1234;ABCDEGH;5;10;M;0;S;54;0;full;99
[RECV] BSDC91 notify: TR;2;12371;f;0;ff;df;2701,2036,1985,2390,2183,0,1570,2089;2701,2036,1985,2390,2183,2183,1570,2089;100,96,100,100,100,96,100,100;OOOOOTOO
[RECV] BS2DCE notify: CD;1;12017;tag=1;local=0xb101;status=0x00806f02;rxf=0x07a6c814;win=8165;pc=8;mask=0xff;resp=8;unexp=0;last_len=20;last_src=0xa107;last_dst=0xb101;last_code=0xe
[RECV] BS2DCE notify: TS;1;12018;f;921;2168;1672;814;1184;ABCDEFGH;0;10;M;0;S;144;0;full;100
[RECV] BS2DCE notify: TR;2;12018;f;0;ff;ff;1910,2078,2314,1765,1806,2330,2390,1946;1910,2078,2314,1765,1806,2330,2390,1946;100,100,100,100,100,100,100,100;OOOOOOOO
[RECV] BS2DCE notify: TS;1;12019;f;909;2208;-426;870;1272;ABCDEFGH;0;10;M;0;S;57;0;full;100
[RECV] BS2DCE notify: TR;2;12019;f;0;ff;ff;1876,2174,2238,1720,1850,2431,2359,1977;1876,2174,2238,1720,1850,2431,2359,1977;100,100,100,100,100,100,100,100;OOOOOOOO
[RECV] BSDC91 notify: TS;1;12372;f;1546;2313;1994;852;1261;ABCDEFGH;5;10;M;0;S;103;0;full;99
[RECV] BSDC91 notify: TR;2;12372;f;0;ff;ff;2692,1958,1953,2447,2130,1991,1631,2170;2692,1958,1953,2447,2130,1991,1631,2170;100,96,100,100,100,96,100,100;OOOOOOOO
[RECV] BS2DCE notify: TS;1;12020;f;892;2206;-399;860;1277;ABCDEFGH;0;10;M;0;S;100;0;full;100
[RECV] BS2DCE notify: TR;2;12020;f;0;ff;ff;1926,2107,2255,1763,1822,2484,2387,1922;1926,2107,2255,1763,1822,2484,2387,1922;100,100,100,100,100,100,100,100;OOOOOOOO
[RECV] BS2DCE notify: TDIAG;wait_ms=75;tx_us=610;rx_us=213;coll_us=8239;range_us=549;solve_us=12084;out_us=2197;clean_us=30;total_ms=100
[RECV] BSDC91 notify: TS;1;12373;f;1561;2308;1995;832;1259;ABCDEFGH;5;10;M;0;S;99;0;full;99
[RECV] BSDC91 notify: TR;2;12373;f;0;ff;ff;2783,1952,2000,2457,2185,1912,1676,2158;2783,1952,2000,2457,2185,1912,1676,2158;100,96,100,100,100,96,100,100;OOOOOOOO
[RECV] BS2DCE notify: TS;1;12021;f;876;2278;-455;893;1288;ABCDEFGH;0;10;M;0;S;99;0;full;100
[RECV] BS2DCE notify: TR;2;12021;f;0;ff;ff;1919,2184,2158,1696,1895,2566,2333,1826;1919,2184,2158,1696,1895,2566,2333,1826;100,100,100,100,100,100,100,100;OOOOOOOO
[RECV] BSDC91 notify: TS;1;12374;f;1528;2257;2025;853;1241;ABCDEFGH;5;10;M;0;S;101;0;full;99
[RECV] BSDC91 notify: TR;2;12374;f;0;ff;ff;2664,1963,2032,2480,2091,1855,1718,2187;2664,1963,2032,2480,2091,1855,1718,2187;100,96,100,100,100,96,100,100;OOOOOOOO
[RECV] BS2DCE notify: TS;1;12022;f;907;2288;-490;912;1268;ABCDEFGH;0;10;M;0;S;101;0;full;100
[RECV] BS2DCE notify: TR;2;12022;f;0;ff;ff;1902,2183,2159,1644,1952,2510,2289,1850;1902,2183,2159,1644,1952,2510,2289,1850;100,100,100,100,100,100,100,100;OOOOOOOO
[RECV] BSDC91 notify: TS;1;12375;f;1503;2223;2063;874;1298;ABCDEFGH;5;10;M;0;S;99;0;full;99
[RECV] BSDC91 notify: TR;2;12375;f;0;ff;ff;2716,1915,2091,2458,1998,1801,1802,2154;2716,1915,2091,2458,1998,1801,1802,2154;100,96,100,100,100,96,100,100;OOOOOOOO
[RECV] BS2DCE notify: TS;1;12023;f;870;2314;-403;853;1239;ABCDEFGH;0;10;M;0;S;100;0;full;100
[RECV] BS2DCE notify: TR;2;12023;f;0;ff;ff;2031,2203,2162,1673,1937,2619,2346,1795;2031,2203,2162,1673,1937,2619,2346,1795;100,100,100,100,100,100,100,100;OOOOOOOO
[RECV] BSDC91 notify: TS;1;12376;f;1533;2191;2057;852;1259;ABCDEFGH;5;10;M;0;S;100;0;full;100
[RECV] BSDC91 notify: TR;2;12376;f;0;ff;ff;2811,1918,2156,2454,1990,1696,1836,2254;2811,1918,2156,2454,1990,1696,1836,2254;100,100,100,100,100,100,100,100;OOOOOOOO
[RECV] BS2DCE notify: TS;1;12024;f;869;2303;-382;850;1229;ABCDEFGH;0;10;M;0;S;99;0;full;100
[RECV] BS2DCE notify: TR;2;12024;f;0;ff;ff;2023,2205,2230,1640,1926,2578,2303,1826;2023,2205,2230,1640,1926,2578,2303,1826;100,100,100,100,100,100,100,100;OOOOOOOO
[RECV] BSDC91 notify: TS;1;12377;f;1600;2230;2059;840;1345;ABCDEFGH;5;10;M;0;S;100;0;full;100
[RECV] BSDC91 notify: TR;2;12377;f;0;ff;ff;3141,1839,2186,2493,2032,1718,1798,2222;3141,1839,2186,2493,2032,1718,1798,2222;100,100,100,100,100,100,100,100;OOOOOOOO
[RECV] BS2DCE notify: TS;1;12025;f;901;2342;-344;849;1238;ABCDEFGH;0;10;M;0;S;101;0;full;100
[RECV] BS2DCE notify: TR;2;12025;f;0;ff;ff;2083,2246,2122,1669,1932,2565,2205,1799;2083,2246,2122,1669,1932,2565,2205,1799;100,100,100,100,100,100,100,100;OOOOOOOO
[RECV] BSDC91 notify: TS;1;12378;f;1487;2072;1976;844;1277;ABCDEFGH;5;10;M;0;S;100;0;full;100
[RECV] BSDC91 notify: TR;2;12378;f;0;ff;ff;2434,1782,2235,2513,1942,1708,1971,2295;2434,1782,2235,2513,1942,1708,1971,2295;100,100,100,100,100,100,100,100;OOOOOOOO
[RECV] BS2DCE notify: TS;1;12026;f;946;2371;-347;812;1189;ABCDEFGH;0;10;M;0;S;100;0;full;100
[RECV] BS2DCE notify: TR;2;12026;f;0;ff;ff;2129,2335,2066,1642,2018,2574,2206,1896;2129,2335,2066,1642,2018,2574,2206,1896;100,100,100,100,100,100,100,100;OOOOOOOO
[RECV] BSDC91 notify: TS;1;12379;f;1464;2015;1992;852;1249;ABCDEFGH;5;10;M;0;S;100;0;full;100
[RECV] BSDC91 notify: TR;2;12379;f;0;ff;ff;2327,1790,2277,2561,1894,1622,2048,2315;2327,1790,2277,2561,1894,1622,2048,2315;100,100,100,100,100,100,100,100;OOOOOOOO
[RECV] BS2DCE notify: TS;1;12027;f;915;2433;1576;732;1004;ABCDEFGH;0;10;M;0;S;99;0;full;100
[RECV] BS2DCE notify: TR;2;12027;f;0;ff;ff;2204,2438,2041,1700,2014,2664,2157,1722;2204,2438,2041,1700,2014,2664,2157,1722;100,100,100,100,100,100,100,100;OOOOOOOO
[RECV] BSDC91 notify: RXG;1;12379;tag=2;mask=0xff;pc=8;guard=1200;spacing=1000;win=8165;pre=1;slot_to_entry_us=0;slot_to_sched_us=0;slot_to_write_done_us=0;slot_to_txcmd_us=274;slot_to_txdone_us=610;txcmd_to_txdone_us=335;txdone_to_rxstart_us=61;txdone_to_rxend_us=183;rxenable
[RECV] BS2DCE notify: RXG;1;12027;tag=1;mask=0xff;pc=8;guard=1200;spacing=1000;win=8165;pre=1;slot_to_entry_us=0;slot_to_sched_us=0;slot_to_write_done_us=0;slot_to_txcmd_us=274;slot_to_txdone_us=610;txcmd_to_txdone_us=335;txdone_to_rxstart_us=91;txdone_to_rxend_us=213;rxenable
[RECV] BSDC91 notify: CD;1;12379;tag=2;local=0xb102;status=0x00806f02;rxf=0x0786c814;win=8165;pc=8;mask=0xff;resp=8;unexp=0;last_len=20;last_src=0xa107;last_dst=0xb102;last_code=0xe
[RECV] BSDC91 notify: TS;1;12380;f;1451;1995;1988;835;1190;ABCDEFGH;5;10;M;0;S;144;0;full;100
[RECV] BS2DCE notify: CD;1;12027;tag=1;local=0xb101;status=0x00806f02;rxf=0x0786c814;win=8165;pc=8;mask=0xff;resp=8;unexp=0;last_len=20;last_src=0xa107;last_dst=0xb101;last_code=0xe
[RECV] BS2DCE notify: TS;1;12028;f;968;2457;1660;734;1101;ABCDEFGH;0;10;M;0;S;144;0;full;100
[RECV] BS2DCE notify: TR;2;12028;f;0;ff;ff;2359,2535,2033,1659,2067,2440,2178,1761;2359,2535,2033,1659,2067,2440,2178,1761;100,100,100,100,100,100,100,100;OOOOOOOO
[RECV] BSDC91 notify: TR;2;12380;f;0;ff;ff;2281,1838,2300,2616,1894,1591,2083,2321;2281,1838,2300,2616,1894,1591,2083,2321;100,100,100,100,100,100,100,100;OOOOOOOO
[RECV] BSDC91 notify: TDIAG;wait_ms=75;tx_us=610;rx_us=183;coll_us=8300;range_us=44036;solve_us=11779;out_us=2319;clean_us=61;total_ms=143
[RECV] BSDC91 notify: TS;1;12381;f;1425;1903;1899;815;1111;ABCDEFG;5;10;M;0;S;55;0;full;100
[RECV] BSDC91 notify: TR;2;12381;f;0;ff;7f;2211,1808,2368,2751,1804,1530,2152,0;2211,1808,2368,2751,1804,1530,2152,2321;100,100,100,100,100,100,100,95;OOOOOOOT
[RECV] BS2DCE notify: TS;1;12029;f;955;2482;1676;744;1094;ABCDEFGH;0;10;M;0;S;57;0;full;100
[RECV] BS2DCE notify: TR;2;12029;f;0;ff;ff;2343,2548,2039,1654,2049,2560,2070,1744;2343,2548,2039,1654,2049,2560,2070,1744;100,100,100,100,100,100,100,100;OOOOOOOO
[RECV] BSDC91 notify: TS;1;12382;f;1493;1881;1868;760;1096;ABCDEFGH;5;10;M;0;S;101;0;full;99
[RECV] BSDC91 notify: TR;2;12382;f;0;ff;ff;2223,1763,2388,2721,1822,1527,2200,2605;2223,1763,2388,2721,1822,1527,2200,2605;100,100,100,100,100,100,100,95;OOOOOOOO
[RECV] BS2DCE notify: TS;1;12030;f;1000;2449;1737;719;952;ABCDEFGH;0;10;M;0;S;99;0;full;100
[RECV] BS2DCE notify: TR;2;12030;f;0;ff;ff;2298,2578,2094,1889,2099,2533,2040,1708;2298,2578,2094,1889,2099,2533,2040,1708;100,100,100,100,100,100,100,100;OOOOOOOO
[RECV] BS2DCE notify: TDIAG;wait_ms=75;tx_us=610;rx_us=213;coll_us=8209;range_us=579;solve_us=11901;out_us=2197;clean_us=30;total_ms=100
[RECV] BSDC91 notify: TS;1;12383;f;1431;1844;1983;792;1121;ABCDEFGH;5;10;M;0;S;100;0;full;99
[RECV] BSDC91 notify: TR;2;12383;f;0;ff;ff;2148,1814,2493,2932,1747,1527,2194,2393;2148,1814,2493,2932,1747,1527,2194,2393;100,100,100,100,100,100,100,95;OOOOOOOO
[RECV] BS2DCE notify: TS;1;12031;f;1009;2463;1729;745;999;ABCDEFGH;0;10;M;0;S;101;0;full;100
[RECV] BS2DCE notify: TR;2;12031;f;0;ff;ff;2207,2603,2029,1849,2145,2515,1959,1735;2207,2603,2029,1849,2145,2515,1959,1735;100,100,100,100,100,100,100,100;OOOOOOOO
[RECV] BSDC91 notify: TS;1;12384;f;1366;1853;1975;836;1186;ABCDEFGH;5;10;M;0;S;100;0;full;99
[RECV] BSDC91 notify: TR;2;12384;f;0;ff;ff;2058,1775,2452,2709,1705,1538,2306,2338;2058,1775,2452,2709,1705,1538,2306,2338;100,100,100,100,100,100,100,96;OOOOOOOO
[RECV] BS2DCE notify: TS;1;12032;f;1003;2488;1712;756;1032;ABCDEFGH;0;10;M;0;S;100;0;full;100
[RECV] BS2DCE notify: TR;2;12032;f;0;ff;ff;2241,2609,1988,1755,2145,2509,1949,1745;2241,2609,1988,1755,2145,2509,1949,1745;100,100,100,100,100,100,100,100;OOOOOOOO
[RECV] BSDC91 notify: TS;1;12385;f;1360;1849;1867;813;1158;ABCDEFGH;5;10;M;0;S;100;0;full;99
[RECV] BSDC91 notify: TR;2;12385;f;0;ff;ff;1985,1732,2418,2587,1785,1503,2424,2373;1985,1732,2418,2587,1785,1503,2424,2373;100,100,100,100,100,100,100,96;OOOOOOOO
[RECV] BS2DCE notify: TS;1;12033;f;1013;2494;1838;827;1187;ABCDEFGH;0;10;M;0;S;99;0;full;100
[RECV] BS2DCE notify: TR;2;12033;f;0;ff;ff;2258,2589,2037,1680,2172,2372,1871,1696;2258,2589,2037,1680,2172,2372,1871,1696;100,100,100,100,100,100,100,100;OOOOOOOO
[RECV] BSDC91 notify: TS;1;12386;f;1289;1810;1852;816;1180;ABCDEFGH;5;10;M;0;S;100;0;full;99
[RECV] BSDC91 notify: TR;2;12386;f;0;ff;ff;1885,1706,2475,2595,1632,1623,2466,2370;1885,1706,2475,2595,1632,1623,2466,2370;100,100,100,100,100,100,100,96;OOOOOOOO
[RECV] BS2DCE notify: TS;1;12034;f;1083;2482;1790;781;1055;ABCDEFGH;0;10;M;0;S;101;0;full;100
[RECV] BS2DCE notify: TR;2;12034;f;0;ff;ff;2282,2558,1993,1820,2192,2401,1848,1776;2282,2558,1993,1820,2192,2401,1848,1776;100,100,100,100,100,100,100,100;OOOOOOOO
[RECV] BSDC91 notify: TS;1;12387;f;1242;1814;1809;787;1103;ABCDEFGH;5;10;M;0;S;100;0;full;99
[RECV] BSDC91 notify: TR;2;12387;f;0;ff;ff;1845,1779,2469,2592,1608,1692,2513,2366;1845,1779,2469,2592,1608,1692,2513,2366;100,100,100,100,100,100,100,96;OOOOOOOO
[RECV] BS2DCE notify: TS;1;12035;f;1102;2498;1791;779;1114;ABCDEFGH;0;10;M;0;S;100;0;full;100
[RECV] BS2DCE notify: TR;2;12035;f;0;ff;ff;2378,2504,2040,1761,2213,2403,1786,1816;2378,2504,2040,1761,2213,2403,1786,1816;100,100,100,100,100,100,100,100;OOOOOOOO
[RECV] BSDC91 notify: TS;1;12388;f;1151;1787;1596;709;1021;ABCDEFGH;5;10;M;0;S;100;0;full;99
[RECV] BSDC91 notify: TR;2;12388;f;0;ff;ff;1713,1760,2509,2525,1650,1811,2724,2363;1713,1760,2509,2525,1650,1811,2724,2363;100,100,100,100,100,100,100,96;OOOOOOOO
[RECV] BS2DCE notify: TS;1;12036;f;1186;2455;1942;885;1190;ABCDEFGH;0;10;M;0;S;99;0;full;100
[RECV] BS2DCE notify: TR;2;12036;f;0;ff;ff;2359,2336,1999,1846,2165,2261,1691,1792;2359,2336,1999,1846,2165,2261,1691,1792;100,100,100,100,100,100,100,100;OOOOOOOO
[RECV] BSDC91 notify: TS;1;12389;f;1162;1806;1713;766;1078;ABCDEFGH;5;10;M;0;S;100;0;full;99
[RECV] BSDC91 notify: TR;2;12389;f;0;ff;ff;1682,1778,2534,2523,1652,1786,2536,2335;1682,1778,2534,2523,1652,1786,2536,2335;100,100,100,100,100,100,100,96;OOOOOOOO
[RECV] BS2DCE notify: TS;1;12037;f;1211;2451;1987;879;1175;ABCDEFGH;0;10;M;0;S;101;0;full;100
[RECV] BS2DCE notify: TR;2;12037;f;0;ff;ff;2417,2358,2061,1904,2179,2220,1632,1830;2417,2358,2061,1904,2179,2220,1632,1830;100,100,100,100,100,100,100,100;OOOOOOOO
[RECV] BSDC91 notify: RXG;1;12389;tag=2;mask=0xff;pc=8;guard=1200;spacing=1000;win=8165;pre=1;slot_to_entry_us=0;slot_to_sched_us=0;slot_to_write_done_us=0;slot_to_txcmd_us=274;slot_to_txdone_us=610;txcmd_to_txdone_us=335;txdone_to_rxstart_us=61;txdone_to_rxend_us=183;rxenable
[RECV] BSDC91 notify: CD;1;12389;tag=2;local=0xb102;status=0x00806f02;rxf=0x0766c814;win=8165;pc=8;mask=0xff;resp=8;unexp=0;last_len=20;last_src=0xa107;last_dst=0xb102;last_code=0xe
[RECV] BSDC91 notify: TS;1;12390;f;1070;1834;-136;755;1124;ABCDEFGH;5;10;M;0;S;144;0;full;99
[RECV] BSDC91 notify: TR;2;12390;f;0;ff;ff;1612,1879,2463,2453,1605,1880,2596,2304;1612,1879,2463,2453,1605,1880,2596,2304;100,100,100,100,100,100,100,96;OOOOOOOO
[RECV] BS2DCE notify: RXG;1;12037;tag=1;mask=0xff;pc=8;guard=1200;spacing=1000;win=8165;pre=1;slot_to_entry_us=0;slot_to_sched_us=0;slot_to_write_done_us=0;slot_to_txcmd_us=274;slot_to_txdone_us=610;txcmd_to_txdone_us=335;txdone_to_rxstart_us=91;txdone_to_rxend_us=213;rxenable
[RECV] BSDC91 notify: TDIAG;wait_ms=75;tx_us=610;rx_us=183;coll_us=8300;range_us=44067;solve_us=11993;out_us=2227;clean_us=30;total_ms=143
[RECV] BS2DCE notify: CD;1;12037;tag=1;local=0xb101;status=0x00806f02;rxf=0x0766c814;win=8165;pc=8;mask=0xff;resp=8;unexp=0;last_len=20;last_src=0xa107;last_dst=0xb101;last_code=0xe
[RECV] BS2DCE notify: TS;1;12038;f;1347;2443;1864;811;1110;ABCDEFGH;0;10;M;0;S;144;0;full;100
[RECV] BS2DCE notify: TR;2;12038;f;0;ff;ff;2533,2351,1900,1964,2218,2103,1669,2103;2533,2351,1900,1964,2218,2103,1669,2103;100,100,100,100,100,100,100,100;OOOOOOOO
[RECV] BSDC91 notify: TS;1;12391;f;903;1710;-482;911;1281;ACDEFH;5;10;M;0;S;52;0;full;99
[RECV] BSDC91 notify: TR;2;12391;f;0;ff;bd;1523,0,2360,2208,1536,2040,0,2479;1523,1879,2360,2208,1536,2040,2596,2479;100,96,100,100,100,100,96,96;OTOOOOTO
[RECV] BS2DCE notify: TS;1;12039;f;1323;2426;1932;838;1095;ABCDEFGH;0;10;M;0;S;55;0;full;100
[RECV] BS2DCE notify: TR;2;12039;f;0;ff;ff;2492,2298,1980,2019,2228,2112,1653,1983;2492,2298,1980,2019,2228,2112,1653,1983;100,100,100,100,100,100,100,100;OOOOOOOO
[RECV] BSDC91 notify: TS;1;12392;f;1092;1844;-417;848;1301;ABCDEFGH;5;10;M;0;S;104;0;full;100
[RECV] BSDC91 notify: TR;2;12392;f;0;ff;ff;1450,1895,2275,2385,1621,2065,2532,2548;1450,1895,2275,2385,1621,2065,2532,2548;100,100,100,100,100,100,100,100;OOOOOOOO
[RECV] BS2DCE notify: TS;1;12040;f;1368;2427;2005;890;1141;ABCDEFGH;0;10;M;0;S;101;0;full;100
[RECV] BS2DCE notify: TR;2;12040;f;0;ff;ff;2506,2236,1922,2071,2297,2003,1647,1894;2506,2236,1922,2071,2297,2003,1647,1894;100,100,100,100,100,100,100,100;OOOOOOOO
[RECV] BS2DCE notify: TDIAG;wait_ms=75;tx_us=732;rx_us=183;coll_us=8239;range_us=549;solve_us=11810;out_us=2471;clean_us=30;total_ms=100
[RECV] BSDC91 notify: TS;1;12393;f;965;1835;-323;747;1148;ABCDEFGH;5;10;M;0;S;100;0;full;100
[RECV] BSDC91 notify: TR;2;12393;f;0;ff;ff;1477,1941,2546,2279,1662,2203,2703,2464;1477,1941,2546,2279,1662,2203,2703,2464;100,100,100,100,100,100,100,100;OOOOOOOO
[RECV] BS2DCE notify: TS;1;12041;f;1365;2381;1981;851;1114;ABCDEFGH;0;10;M;0;S;100;0;full;100
[RECV] BS2DCE notify: TR;2;12041;f;0;ff;ff;2529,2207,1973,2169,2247,1985,1779,1882;2529,2207,1973,2169,2247,1985,1779,1882;100,100,100,100,100,100,100,100;OOOOOOOO
[RECV] BSDC91 notify: TS;1;12394;f;945;1904;-360;784;1184;ABCDEFGH;5;10;M;0;S;100;0;full;100
[RECV] BSDC91 notify: TR;2;12394;f;0;ff;ff;1616,1994,2527,2017,1691,2146,2721,2380;1616,1994,2527,2017,1691,2146,2721,2380;100,100,100,100,100,100,100,100;OOOOOOOO
[RECV] BS2DCE notify: TS;1;12042;f;1412;2369;2009;868;1173;ABCDEFGH;0;10;M;0;S;99;0;full;100
[RECV] BS2DCE notify: TR;2;12042;f;0;ff;ff;2571,2140,1984,2209,2203,1994,1669,1985;2571,2140,1984,2209,2203,1994,1669,1985;100,100,100,100,100,100,100,100;OOOOOOOO
[RECV] BSDC91 notify: TS;1;12395;f;894;2079;-399;870;1265;ABCDEFGH;5;10;M;0;S;100;0;full;100
[RECV] BSDC91 notify: TR;2;12395;f;0;ff;ff;1733,2048,2401,1856,1743,2286,2482,2020;1733,2048,2401,1856,1743,2286,2482,2020;100,100,100,100,100,100,100,100;OOOOOOOO
[RECV] BS2DCE notify: TS;1;12043;f;1484;2346;2207;961;1246;ABCDEFGH;0;10;M;0;S;101;0;full;100
[RECV] BS2DCE notify: TR;2;12043;f;0;ff;ff;2778,2168,1965,2309,2159,1658,1614,2031;2778,2168,1965,2309,2159,1658,1614,2031;100,100,100,100,100,100,100,100;OOOOOOOO
[RECV] BSDC91 notify: TS;1;12396;f;864;2131;-594;984;1416;ABCDEFGH;5;10;M;0;S;100;0;full;100
[RECV] BSDC91 notify: TR;2;12396;f;0;ff;ff;1654,2063,2268,1713,1747,2406,2489,1939;1654,2063,2268,1713,1747,2406,2489,1939;100,100,100,100,100,100,100,100;OOOOOOOO
[RECV] BS2DCE notify: TS;1;12044;f;1427;2406;1873;772;1163;ABCDEFGH;0;10;M;0;S;100;0;full;100
[RECV] BS2DCE notify: TR;2;12044;f;0;ff;ff;2706,2091,1974,2349,2160,2338,1679,1954;2706,2091,1974,2349,2160,2338,1679,1954;100,100,100,100,100,100,100,100;OOOOOOOO
[RECV] BSDC91 notify: TS;1;12397;f;858;2189;-563;964;1390;ABCDEFGH;5;10;M;0;S;100;0;full;100
[RECV] BSDC91 notify: TR;2;12397;f;0;ff;ff;1718,2108,2226,1707,1792,2504,2409,1884;1718,2108,2226,1707,1792,2504,2409,1884;100,100,100,100,100,100,100,100;OOOOOOOO
[RECV] BS2DCE notify: TS;1;12045;f;1432;2362;1679;707;1121;ABCDEFGH;0;10;M;0;S;99;0;full;100
[RECV] BS2DCE notify: TR;2;12045;f;0;ff;ff;2573,1990,1973,2370,2180,2471,1762,2069;2573,1990,1973,2370,2180,2471,1762,2069;100,100,100,100,100,100,100,100;OOOOOOOO
[RECV] BSDC91 notify: TS;1;12398;f;824;2261;-613;987;1396;ABCDEFGH;5;10;M;0;S;100;0;full;100
[RECV] BSDC91 notify: TR;2;12398;f;0;ff;ff;1753,2194,2211,1538,1862,2595,2405,1809;1753,2194,2211,1538,1862,2595,2405,1809;100,100,100,100,100,100,100,100;OOOOOOOO
[RECV] BS2DCE notify: TS;1;12046;f;1142;2504;229;650;1064;ABCDEFGH;0;10;M;0;S;101;0;full;100
[RECV] BS2DCE notify: TR;2;12046;f;0;ff;ff;2658,2021,2047,2408,2024,3735,1860,2168;2658,2021,2047,2408,2024,3735,1860,2168;100,100,100,100,100,100,100,100;OOOOOOOO
[RECV] BSDC91 notify: TS;1;12399;f;837;2324;-593;931;1340;ABCDEFGH;5;10;M;0;S;100;0;full;100
[RECV] BSDC91 notify: TR;2;12399;f;0;ff;ff;1815,2294,2113,1530,1953,2757,2385,1865;1815,2294,2113,1530,1953,2757,2385,1865;100,100,100,100,100,100,100,100;OOOOOOOO
[RECV] BS2DCE notify: TS;1;12047;f;1508;2192;2104;903;1298;ABCDEFGH;0;10;M;0;S;100;0;full;100
[RECV] BS2DCE notify: TR;2;12047;f;0;ff;ff;2728,1918,2112,2402,2011,1623,1878,2166;2728,1918,2112,2402,2011,1623,1878,2166;100,100,100,100,100,100,100,100;OOOOOOOO
[RECV] BSDC91 notify: RXG;1;12399;tag=2;mask=0xff;pc=8;guard=1200;spacing=1000;win=8165;pre=1;slot_to_entry_us=0;slot_to_sched_us=0;slot_to_write_done_us=0;slot_to_txcmd_us=335;slot_to_txdone_us=762;txcmd_to_txdone_us=427;txdone_to_rxstart_us=91;txdone_to_rxend_us=213;rxenable
[RECV] BSDC91 notify: CD;1;12399;tag=2;local=0xb102;status=0x00800002;rxf=0x0766c814;win=8165;pc=8;mask=0xff;resp=7;unexp=0;last_len=20;last_src=0xa106;last_dst=0xb102;last_code=0xe
[RECV] BSDC91 notify: TS;1;12400;f;687;2407;1496;872;1121;ABCDEFG;5;10;M;0;S;141;0;full;100
[RECV] BSDC91 notify: TR;2;12400;f;0;ff;7f;1889,2298,2071,1465,2001,2533,2280,0;1889,2298,2071,1465,2001,2533,2280,1865;100,100,100,100,100,100,100,96;OOOOOOOT
[RECV] BSDC91 notify: TDIAG;wait_ms=75;tx_us=762;rx_us=213;coll_us=8178;range_us=44189;solve_us=9368;out_us=2136;clean_us=61;total_ms=141
[RECV] BS2DCE notify: RXG;1;12047;tag=1;mask=0xff;pc=8;guard=1200;spacing=1000;win=8165;pre=1;slot_to_entry_us=0;slot_to_sched_us=0;slot_to_write_done_us=0;slot_to_txcmd_us=274;slot_to_txdone_us=610;txcmd_to_txdone_us=335;txdone_to_rxstart_us=61;txdone_to_rxend_us=183;rxenable
[RECV] BSDC91 notify: TS;1;12401;f;910;2423;-487;949;1286;ABCDEFGH;5;10;M;0;S;60;0;full;99
[RECV] BSDC91 notify: TR;2;12401;f;0;ff;ff;2025,2385,2028,1433,2033,2522,2102,1725;2025,2385,2028,1433,2033,2522,2102,1725;100,100,100,100,100,100,100,96;OOOOOOOO
[RECV] BS2DCE notify: CD;1;12047;tag=1;local=0xb101;status=0x00806f02;rxf=0x07b6c814;win=8165;pc=8;mask=0xff;resp=8;unexp=0;last_len=20;last_src=0xa107;last_dst=0xb101;last_code=0xe
[RECV] BS2DCE notify: TS;1;12048;f;1449;2118;2050;890;1248;ABCDEFGH;0;10;M;0;S;143;0;full;100
[RECV] BS2DCE notify: TR;2;12048;f;0;ff;ff;2409,1903,2150,2468,1924,1699,1930,2208;2409,1903,2150,2468,1924,1699,1930,2208;100,100,100,100,100,100,100,100;OOOOOOOO
[RECV] BS2DCE notify: TS;1;12049;f;1435;2072;1947;819;1125;ABCDEFGH;0;10;M;0;S;57;0;full;100
[RECV] BS2DCE notify: TR;2;12049;f;0;ff;ff;2323,1934,2172,2534,1919,1706,2065,2274;2323,1934,2172,2534,1919,1706,2065,2274;100,100,100,100,100,100,100,100;OOOOOOOO
[RECV] BSDC91 notify: TS;1;12402;f;908;2475;1594;769;1137;ABCDEFGH;5;10;M;0;S;99;0;full;99
[RECV] BSDC91 notify: TR;2;12402;f;0;ff;ff;2216,2475,1992,1546,2081,2554,2115,1700;2216,2475,1992,1546,2081,2554,2115,1700;100,100,100,100,100,100,100,96;OOOOOOOO
[RECV] BS2DCE notify: TS;1;12050;f;1384;2009;1873;750;1109;ABCDEFGH;0;10;M;0;S;100;0;full;100
[RECV] BS2DCE notify: TR;2;12050;f;0;ff;ff;2268,1880,2358,2645,1856,1837,2136,2265;2268,1880,2358,2645,1856,1837,2136,2265;100,100,100,100,100,100,100,100;OOOOOOOO
[RECV] BS2DCE notify: TDIAG;wait_ms=75;tx_us=610;rx_us=213;coll_us=8300;range_us=549;solve_us=12084;out_us=2197;clean_us=30;total_ms=100
[RECV] BSDC91 notify: TS;1;12403;f;949;2522;1545;680;951;ABCDEFGH;5;10;M;0;S;100;0;full;99
[RECV] BSDC91 notify: TR;2;12403;f;0;ff;ff;2381,2534,1997,1689,2139,2752,2099,1712;2381,2534,1997,1689,2139,2752,2099,1712;100,100,100,100,100,100,100,96;OOOOOOOO
[RECV] BS2DCE notify: TS;1;12051;f;1388;1947;1874;749;1112;ABCDEFGH;0;10;M;0;S;99;0;full;100
[RECV] BS2DCE notify: TR;2;12051;f;0;ff;ff;2255,1835,2421,2639,1849,1675,2281,2297;2255,1835,2421,2639,1849,1675,2281,2297;100,100,100,100,100,100,100,100;OOOOOOOO
[RECV] BSDC91 notify: TS;1;12404;f;906;2527;-249;805;1139;ABCDEFGH;5;10;M;0;S;100;0;full;99
[RECV] BSDC91 notify: TR;2;12404;f;0;ff;ff;2221,2550,1963,1564,2172,2648,2033,1610;2221,2550,1963,1564,2172,2648,2033,1610;100,100,100,100,100,100,100,96;OOOOOOOO
[RECV] BS2DCE notify: TS;1;12052;f;1308;1950;1837;734;1061;ABCDEFGH;0;10;M;0;S;101;0;full;100
[RECV] BS2DCE notify: TR;2;12052;f;0;ff;ff;2189,1897,2466,2525,1827,1717,2361,2267;2189,1897,2466,2525,1827,1717,2361,2267;100,100,100,100,100,100,100,100;OOOOOOOO
[RECV] BSDC91 notify: TS;1;12405;f;959;2568;1748;809;1156;ABCDEFGH;5;10;M;0;S;100;0;full;99
[RECV] BSDC91 notify: TR;2;12405;f;0;ff;ff;2280,2622,1942,1583,2216,2568,1889,1578;2280,2622,1942,1583,2216,2568,1889,1578;100,100,100,100,100,100,100,96;OOOOOOOO
[RECV] BS2DCE notify: TS;1;12053;f;1312;1939;1721;724;1038;ABCDEFGH;0;10;M;0;S;100;0;full;100
[RECV] BS2DCE notify: TR;2;12053;f;0;ff;ff;2045,1841,2371,2484,1899,1714,2439,2305;2045,1841,2371,2484,1899,1714,2439,2305;100,100,100,100,100,100,100,100;OOOOOOOO
[RECV] BSDC91 notify: TS;1;12406;f;1076;2541;-203;790;1164;ABCDEFGH;5;10;M;0;S;100;0;full;99
[RECV] BSDC91 notify: TR;2;12406;f;0;ff;ff;2250,2663,1876,1586,2193,2531,1774,1893;2250,2663,1876,1586,2193,2531,1774,1893;100,100,100,100,100,100,100,96;OOOOOOOO
[RECV] BS2DCE notify: TS;1;12054;f;1268;1910;1777;756;1025;ABCDEFGH;0;10;M;0;S;99;0;full;100
[RECV] BS2DCE notify: TR;2;12054;f;0;ff;ff;1953,1888,2366,2518,1765,1723,2442,2318;1953,1888,2366,2518,1765,1723,2442,2318;100,100,100,100,100,100,100,100;OOOOOOOO
[RECV] BSDC91 notify: TS;1;12407;f;1077;2564;1888;871;1221;ABCDEFGH;5;10;M;0;S;101;0;full;99
[RECV] BSDC91 notify: TR;2;12407;f;0;ff;ff;2352,2549,1917,1664,2235,2423,1711,1634;2352,2549,1917,1664,2235,2423,1711,1634;100,100,100,100,100,100,100,96;OOOOOOOO
[RECV] BS2DCE notify: TS;1;12055;f;1221;1920;1711;747;1050;ABCDEFGH;0;10;M;0;S;101;0;full;100
[RECV] BS2DCE notify: TR;2;12055;f;0;ff;ff;1848,1851,2394,2498,1820,1843,2434,2229;1848,1851,2394,2498,1820,1843,2434,2229;100,100,100,100,100,100,100,100;OOOOOOOO
[RECV] BSDC91 notify: TS;1;12408;f;1169;2601;1783;823;1173;ABCDEFGH;5;10;M;0;S;99;0;full;100
[RECV] BSDC91 notify: TR;2;12408;f;0;ff;ff;2429,2564,1721,1743,2239,2512,1676,1743;2429,2564,1721,1743,2239,2512,1676,1743;100,100,100,100,100,100,100,100;OOOOOOOO
[RECV] BS2DCE notify: TS;1;12056;f;1224;1798;1680;666;957;ABCDEFGH;0;10;M;0;S;100;0;full;100
[RECV] BS2DCE notify: TR;2;12056;f;0;ff;ff;1827,1945,2425,2952,1752,1781,2735,2208;1827,1945,2425,2952,1752,1781,2735,2208;100,100,100,100,100,100,100,100;OOOOOOOO
[RECV] BSDC91 notify: TS;1;12409;f;1246;2496;1759;768;1105;ABCDEFGH;5;10;M;0;S;100;0;full;100
[RECV] BSDC91 notify: TR;2;12409;f;0;ff;ff;2465,2426,1967,1822,2259,2333,1622,2057;2465,2426,1967,1822,2259,2333,1622,2057;100,100,100,100,100,100,100,100;OOOOOOOO
[RECV] BS2DCE notify: TS;1;12057;f;1102;1962;1789;770;1031;ABCDEFGH;0;10;M;0;S;99;0;full;100
[RECV] BS2DCE notify: TR;2;12057;f;0;ff;ff;1844,2035,2418,2386,1690,1955,2427,2149;1844,2035,2418,2386,1690,1955,2427,2149;100,100,100,100,100,100,100,100;OOOOOOOO
[RECV] BSDC91 notify: RXG;1;12409;tag=2;mask=0xff;pc=8;guard=1200;spacing=1000;win=8165;pre=1;slot_to_entry_us=0;slot_to_sched_us=0;slot_to_write_done_us=0;slot_to_txcmd_us=274;slot_to_txdone_us=610;txcmd_to_txdone_us=335;txdone_to_rxstart_us=61;txdone_to_rxend_us=183;rxenable
[RECV] BSDC91 notify: CD;1;12409;tag=2;local=0xb102;status=0x00806f02;rxf=0x0776c814;win=8165;pc=8;mask=0xff;resp=8;unexp=0;last_len=20;last_src=0xa107;last_dst=0xb102;last_code=0xe
[RECV] BSDC91 notify: TS;1;12410;f;1270;2540;2047;936;1240;ABCDEFGH;5;10;M;0;S;144;0;full;100
[RECV] BSDC91 notify: TR;2;12410;f;0;ff;ff;2507,2421,1865,1855,2240,2216,1482,1803;2507,2421,1865,1855,2240,2216,1482,1803;100,100,100,100,100,100,100,100;OOOOOOOO
[RECV] BSDC91 notify: TDIAG;wait_ms=75;tx_us=610;rx_us=183;coll_us=8300;range_us=43975;solve_us=11779;out_us=2349;clean_us=30;total_ms=143
[RECV] BS2DCE notify: RXG;1;12057;tag=1;mask=0xff;pc=8;guard=1200;spacing=1000;win=8165;pre=1;slot_to_entry_us=0;slot_to_sched_us=0;slot_to_write_done_us=0;slot_to_txcmd_us=396;slot_to_txdone_us=732;txcmd_to_txdone_us=335;txdone_to_rxstart_us=61;txdone_to_rxend_us=183;rxenable
[RECV] BS2DCE notify: CD;1;12057;tag=1;local=0xb101;status=0x00806f02;rxf=0x07a6c814;win=8165;pc=8;mask=0xff;resp=8;unexp=0;last_len=20;last_src=0xa107;last_dst=0xb101;last_code=0xe
[RECV] BS2DCE notify: TS;1;12058;f;1027;1936;1770;757;1133;ABCDEFGH;0;10;M;0;S;144;0;full;100
[RECV] BS2DCE notify: TR;2;12058;f;0;ff;ff;1684,2181,2497,2372,1670,1960,2388,2250;1684,2181,2497,2372,1670,1960,2388,2250;100,100,100,100,100,100,100,100;OOOOOOOO
[RECV] BSDC91 notify: TS;1;12411;f;1332;2530;1966;869;1130;ABCDEFGH;5;10;M;0;S;56;0;full;100
[RECV] BSDC91 notify: TR;2;12411;f;0;ff;ff;2556,2373,1871,1949,2344,2202,1506,1870;2556,2373,1871,1949,2344,2202,1506,1870;100,100,100,100,100,100,100,100;OOOOOOOO
[RECV] BS2DCE notify: TS;1;12059;f;1047;1879;481;546;746;ABCDEFGH;0;10;M;0;S;57;0;full;100
[RECV] BS2DCE notify: TR;2;12059;f;0;ff;ff;1642,2085,2594,2389,1686,2022,2487,2324;1642,2085,2594,2389,1686,2022,2487,2324;100,100,100,100,100,100,100,100;OOOOOOOO
[RECV] BSDC91 notify: TS;1;12412;f;1266;2540;2116;1014;1313;ABCDEFG;5;10;M;0;S;98;0;full;100
[RECV] BSDC91 notify: TR;2;12412;f;0;ff;7f;2591,2356,1794,1984,2267,2071,1460,0;2591,2356,1794,1984,2267,2071,1460,1870;100,100,100,100,100,100,100,95;OOOOOOOT
[RECV] BS2DCE notify: TS;1;12060;f;995;1866;1626;664;985;ABCDEFGH;0;10;M;0;S;99;0;full;100
[RECV] BS2DCE notify: TR;2;12060;f;0;ff;ff;1683,2069,2732,2371,1695,2027,2494,2355;1683,2069,2732,2371,1695,2027,2494,2355;100,100,100,100,100,100,100,100;OOOOOOOO
[RECV] BS2DCE notify: TDIAG;wait_ms=75;tx_us=610;rx_us=213;coll_us=8239;range_us=549;solve_us=11901;out_us=2197;clean_us=30;total_ms=100
[RECV] BSDC91 notify: TS;1;12413;f;1430;2530;2062;938;1281;ABCDEFGH;5;10;M;0;S;102;0;full;99
[RECV] BSDC91 notify: TR;2;12413;f;0;ff;ff;2648,2327,1731,2022,2297,2074,1416,1964;2648,2327,1731,2022,2297,2074,1416,1964;100,100,100,100,100,100,100,95;OOOOOOOO
[RECV] BS2DCE notify: TS;1;12061;f;950;1841;1590;665;1008;ABCDEFGH;0;10;M;0;S;101;0;full;100
[RECV] BS2DCE notify: TR;2;12061;f;0;ff;ff;1603,2032,2783,2362,1678,2078,2545,2335;1603,2032,2783,2362,1678,2078,2545,2335;100,100,100,100,100,100,100,100;OOOOOOOO
[RECV] BSDC91 notify: TS;1;12414;f;1447;2487;2030;899;1181;ABCDEFGH;5;10;M;0;S;100;0;full;99
[RECV] BSDC91 notify: TR;2;12414;f;0;ff;ff;2669,2233,1831,2095,2356,2028,1498,1946;2669,2233,1831,2095,2356,2028,1498,1946;100,100,100,100,100,100,100,95;OOOOOOOO
[RECV] BS2DCE notify: TS;1;12062;f;977;1873;-139;644;1050;ABCDEFGH;0;10;M;0;S;99;0;full;100
[RECV] BS2DCE notify: TR;2;12062;f;0;ff;ff;1671,2040,2605,2278,1674,2235,2627,2515;1671,2040,2605,2278,1674,2235,2627,2515;100,100,100,100,100,100,100,100;OOOOOOOO
[RECV] BSDC91 notify: TS;1;12415;f;1472;2417;1971;855;1140;ABCDEFGH;5;10;M;0;S;100;0;full;99
[RECV] BSDC91 notify: TR;2;12415;f;0;ff;ff;2591,2270,1869,2137,2327,1892,1573,2164;2591,2270,1869,2137,2327,1892,1573,2164;100,100,100,100,100,100,100,95;OOOOOOOO
[RECV] BS2DCE notify: TS;1;12063;f;1055;1916;-269;695;1080;ABCDEFGH;0;10;M;0;S;100;0;full;100
[RECV] BS2DCE notify: TR;2;12063;f;0;ff;ff;1715,2054,2409,2136,1782,2137,2653,2584;1715,2054,2409,2136,1782,2137,2653,2584;100,100,100,100,100,100,100,100;OOOOOOOO
[RECV] BSDC91 notify: TS;1;12416;f;1469;2414;2104;954;1291;ABCDEFGH;5;10;M;0;S;100;0;full;99
[RECV] BSDC91 notify: TR;2;12416;f;0;ff;ff;2629,2189,1810,2147,2306,1778,1626,1963;2629,2189,1810,2147,2306,1778,1626,1963;100,100,100,100,100,100,100,96;OOOOOOOO
[RECV] BS2DCE notify: TS;1;12064;f;955;1996;-359;779;1175;ABCDEFGH;0;10;M;0;S;101;0;full;100
[RECV] BS2DCE notify: TR;2;12064;f;0;ff;ff;1757,2060,2322,2004,1767,2210,2733,2244;1757,2060,2322,2004,1767,2210,2733,2244;100,100,100,100,100,100,100,100;OOOOOOOO
[RECV] BSDC91 notify: TS;1;12417;f;1566;2525;2125;896;1216;ABCDEFGH;5;10;M;0;S;100;0;full;99
[RECV] BSDC91 notify: TR;2;12417;f;0;ff;ff;3328,2232,1814,2222,2271,1843,1537,1965;3328,2232,1814,2222,2271,1843,1537,1965;100,100,100,100,100,100,100,96;OOOOOOOO
[RECV] BS2DCE notify: TS;1;12065;f;932;1993;1569;729;1057;ABCDEFGH;0;10;M;0;S;100;0;full;100
[RECV] BS2DCE notify: TR;2;12065;f;0;ff;ff;1750,1980,2671,1970,1777,2159,2391,2223;1750,1980,2671,1970,1777,2159,2391,2223;100,100,100,100,100,100,100,100;OOOOOOOO
[RECV] BSDC91 notify: TS;1;12418;f;1605;2546;1898;800;1157;ABCDEFG;5;10;M;0;S;98;0;full;100
[RECV] BSDC91 notify: TR;2;12418;f;0;ff;7f;3619,2160,1843,2271,2294,2023,1552,0;3619,2160,1843,2271,2294,2023,1552,1965;100,100,100,100,100,100,100,92;OOOOOOOT
[RECV] BS2DCE notify: TS;1;12066;f;856;1986;1528;704;1046;ABCDEFGH;0;10;M;0;S;99;0;full;100
[RECV] BS2DCE notify: TR;2;12066;f;0;ff;ff;1757,1986,2759,1942,1731,2285,2484,2187;1757,1986,2759,1942,1731,2285,2484,2187;100,100,100,100,100,100,100,100;OOOOOOOO
[RECV] BSDC91 notify: TS;1;12419;f;1497;2405;2235;997;1309;ABCDEFGH;5;10;M;0;S;102;0;full;99
[RECV] BSDC91 notify: TR;2;12419;f;0;ff;ff;2804,2166,1879,2278,2243,1701,1513,1954;2804,2166,1879,2278,2243,1701,1513,1954;100,100,100,100,100,100,100,92;OOOOOOOO
[RECV] BS2DCE notify: TS;1;12067;f;939;2121;-411;859;1284;ABCDEFGH;0;10;M;0;S;101;0;full;100
[RECV] BS2DCE notify: TR;2;12067;f;0;ff;ff;1824,2100,2223,1872,1774,2321,2475,2059;1824,2100,2223,1872,1774,2321,2475,2059;100,100,100,100,100,100,100,100;OOOOOOOO
[RECV] BSDC91 notify: RXG;1;12419;tag=2;mask=0xff;pc=8;guard=1200;spacing=1000;win=8165;pre=1;slot_to_entry_us=0;slot_to_sched_us=0;slot_to_write_done_us=0;slot_to_txcmd_us=274;slot_to_txdone_us=610;txcmd_to_txdone_us=335;txdone_to_rxstart_us=61;txdone_to_rxend_us=183;rxenable
[RECV] BSDC91 notify: CD;1;12419;tag=2;local=0xb102;status=0x00806f02;rxf=0x0796c814;win=8165;pc=8;mask=0xff;resp=8;unexp=0;last_len=20;last_src=0xa107;last_dst=0xb102;last_code=0xe
[RECV] BSDC91 notify: TS;1;12420;f;1474;2442;1891;783;1113;ABCDEFGH;5;10;M;0;S;144;0;full;99
[RECV] BSDC91 notify: TR;2;12420;f;0;ff;ff;2701,2162,1909,2365,2185,2357,1501,2076;2701,2162,1909,2365,2185,2357,1501,2076;100,100,100,100,100,100,100,93;OOOOOOOO
[RECV] BS2DCE notify: RXG;1;12067;tag=1;mask=0xff;pc=8;guard=1200;spacing=1000;win=8165;pre=1;slot_to_entry_us=0;slot_to_sched_us=0;slot_to_write_done_us=0;slot_to_txcmd_us=274;slot_to_txdone_us=610;txcmd_to_txdone_us=335;txdone_to_rxstart_us=91;txdone_to_rxend_us=213;rxenable
[RECV] BSDC91 notify: TDIAG;wait_ms=75;tx_us=610;rx_us=183;coll_us=8300;range_us=44067;solve_us=12054;out_us=2227;clean_us=30;total_ms=143
[RECV] BS2DCE notify: CD;1;12067;tag=1;local=0xb101;status=0x00806f02;rxf=0x07b6c814;win=8165;pc=8;mask=0xff;resp=8;unexp=0;last_len=20;last_src=0xa107;last_dst=0xb101;last_code=0xe
[RECV] BS2DCE notify: TS;1;12068;f;929;2142;-321;840;1210;ABCDEFGH;0;10;M;0;S;143;0;full;100
[RECV] BSDC91 notify: TS;1;12421;f;1528;2426;1792;765;1150;ABCDEFH;5;10;M;0;S;54;0;full;99
[RECV] BSDC91 notify: TR;2;12421;f;0;ff;bf;2998,2039,1916,2287,2207,2194,0,1989;2998,2039,1916,2287,2207,2194,1501,1989;100,100,100,100,100,100,96,93;OOOOOOTO
[RECV] BS2DCE notify: TR;2;12068;f;0;ff;ff;1850,2093,2306,1872,1805,2286,2370,1977;1850,2093,2306,1872,1805,2286,2370,1977;100,100,100,100,100,100,100,100;OOOOOOOO
[RECV] BS2DCE notify: TS;1;12069;f;966;2156;1345;693;958;ABCDEFGH;0;10;M;0;S;56;0;full;100
[RECV] BS2DCE notify: TR;2;12069;f;0;ff;ff;1902,2079,2325,1847,1840,2310,2389,1923;1902,2079,2325,1847,1840,2310,2389,1923;100,100,100,100,100,100,100,100;OOOOOOOO
[RECV] BSDC91 notify: TS;1;12422;f;1519;2341;2015;865;1264;ABCDEFGH;5;10;M;0;S;103;0;full;98
[RECV] BSDC91 notify: TR;2;12422;f;0;ff;ff;2708,1996,1957,2384,2158,2004,1606,2091;2708,1996,1957,2384,2158,2004,1606,2091;100,100,100,100,100,100,96,93;OOOOOOOO
[RECV] BS2DCE notify: TS;1;12070;f;882;2232;-395;883;1289;ABCDEFGH;0;10;M;0;S;101;0;full;100
[RECV] BS2DCE notify: TR;2;12070;f;0;ff;ff;1968,2095,2226,1725,1824,2462,2347,1849;1968,2095,2226,1725,1824,2462,2347,1849;100,100,100,100,100,100,100,100;OOOOOOOO
[RECV] BS2DCE notify: TDIAG;wait_ms=75;tx_us=732;rx_us=183;coll_us=8239;range_us=549;solve_us=11810;out_us=2441;clean_us=61;total_ms=100
[RECV] BSDC91 notify: TS;1;12423;f;1544;2307;1932;814;1234;ABCDEFGH;5;10;M;0;S;100;0;full;98
[RECV] BSDC91 notify: TR;2;12423;f;0;ff;ff;2676,1943,2002,2432,2193,2018,1648,2173;2676,1943,2002,2432,2193,2018,1648,2173;100,100,100,100,100,100,96,93;OOOOOOOO
[RECV] BS2DCE notify: TS;1;12071;f;872;2209;-388;849;1258;ABCDEFGH;0;10;M;0;S;100;0;full;100
[RECV] BS2DCE notify: TR;2;12071;f;0;ff;ff;1935,2136,2272,1740,1831,2483,2426,1909;1935,2136,2272,1740,1831,2483,2426,1909;100,100,100,100,100,100,100,100;OOOOOOOO
[RECV] BSDC91 notify: TS;1;12424;f;1634;2261;1857;761;1157;ABCDEFGH;5;10;M;0;S;99;0;full;99
[RECV] BSDC91 notify: TR;2;12424;f;0;ff;ff;2759,1913,1990,2520,2149,1967,1685,2433;2759,1913,1990,2520,2149,1967,1685,2433;100,100,100,100,100,100,100,94;OOOOOOOO
[RECV] BS2DCE notify: TS;1;12072;f;889;2267;-422;867;1278;ABCDEFGH;0;10;M;0;S;99;0;full;100
[RECV] BS2DCE notify: TR;2;12072;f;0;ff;ff;1940,2192,2150,1737,1880,2560,2342,1870;1940,2192,2150,1737,1880,2560,2342,1870;100,100,100,100,100,100,100,100;OOOOOOOO
[RECV] BSDC91 notify: TS;1;12425;f;1477;2240;2069;869;1242;ABCDEFGH;5;10;M;0;S;101;0;full;99
[RECV] BSDC91 notify: TR;2;12425;f;0;ff;ff;2670,1995,2101,2447,2008,1840,1749,2130;2670,1995,2101,2447,2008,1840,1749,2130;100,100,100,100,100,100,100,94;OOOOOOOO
[RECV] BS2DCE notify: TS;1;12073;f;892;2299;-451;897;1284;ABCDEFGH;0;10;M;0;S;101;0;full;100
[RECV] BS2DCE notify: TR;2;12073;f;0;ff;ff;1933,2170,2189,1665,1916,2594,2230,1840;1933,2170,2189,1665,1916,2594,2230,1840;100,100,100,100,100,100,100,100;OOOOOOOO
[RECV] BSDC91 notify: TS;1;12426;f;1529;2238;2002;842;1269;ABCDEFGH;5;10;M;0;S;99;0;full;99
[RECV] BSDC91 notify: TR;2;12426;f;0;ff;ff;2698,1907,2074,2462,2079,1861,1765,2180;2698,1907,2074,2462,2079,1861,1765,2180;100,100,100,100,100,100,100,94;OOOOOOOO
[RECV] BS2DCE notify: TS;1;12074;f;852;2311;-435;886;1298;ABCDEFGH;0;10;M;0;S;100;0;full;100
[RECV] BS2DCE notify: TR;2;12074;f;0;ff;ff;1984,2210,2152,1654,1891,2627,2327,1776;1984,2210,2152,1654,1891,2627,2327,1776;100,100,100,100,100,100,100,100;OOOOOOOO
[RECV] BSDC91 notify: TS;1;12427;f;1592;2144;2055;850;1245;ABCDEFGH;5;10;M;0;S;100;0;full;99
[RECV] BSDC91 notify: TR;2;12427;f;0;ff;ff;2868,1880,2191,2457,1999,1542,1845,2445;2868,1880,2191,2457,1999,1542,1845,2445;100,100,100,100,100,100,100,95;OOOOOOOO
[RECV] BS2DCE notify: TS;1;12075;f;872;2316;-342;838;1243;ABCDEFGH;0;10;M;0;S;99;0;full;100
[RECV] BS2DCE notify: TR;2;12075;f;0;ff;ff;2052,2274,2188,1650,1899,2562,2274,1822;2052,2274,2188,1650,1899,2562,2274,1822;100,100,100,100,100,100,100,100;OOOOOOOO
[RECV] BSDC91 notify: TS;1;12428;f;1605;2208;2006;797;1257;ABCDEFGH;5;10;M;0;S;100;0;full;99
[RECV] BSDC91 notify: TR;2;12428;f;0;ff;ff;3113,1876,2187,2529,2032,1702,1870,2272;3113,1876,2187,2529,2032,1702,1870,2272;100,100,100,100,100,100,100,95;OOOOOOOO
[RECV] BS2DCE notify: TS;1;12076;f;893;2330;-346;838;1227;ABCDEFGH;0;10;M;0;S;101;0;full;100
[RECV] BS2DCE notify: TR;2;12076;f;0;ff;ff;2063,2262,2132,1682,1933,2569,2252,1816;2063,2262,2132,1682,1933,2569,2252,1816;100,100,100,100,100,100,100,100;OOOOOOOO
[RECV] BSDC91 notify: TS;1;12429;f;1499;2083;1951;818;1242;ABCDEFGH;5;10;M;0;S;100;0;full;99
[RECV] BSDC91 notify: TR;2;12429;f;0;ff;ff;2456,1804,2206,2587,1970,1748,1985,2261;2456,1804,2206,2587,1970,1748,1985,2261;100,100,100,100,100,100,100,95;OOOOOOOO
[RECV] BS2DCE notify: TS;1;12077;f;938;2367;-354;827;1210;ABCDEFGH;0;10;M;0;S;100;0;full;100
[RECV] BS2DCE notify: TR;2;12077;f;0;ff;ff;2118,2305,2072,1649,1996,2577,2197,1867;2118,2305,2072,1649,1996,2577,2197,1867;100,100,100,100,100,100,100,100;OOOOOOOO
[RECV] BSDC91 notify: RXG;1;12429;tag=2;mask=0xff;pc=8;guard=1200;spacing=1000;win=8165;pre=1;slot_to_entry_us=0;slot_to_sched_us=0;slot_to_write_done_us=0;slot_to_txcmd_us=274;slot_to_txdone_us=671;txcmd_to_txdone_us=396;txdone_to_rxstart_us=61;txdone_to_rxend_us=305;rxenable
[RECV] BSDC91 notify: CD;1;12429;tag=2;local=0xb102;status=0x00806f02;rxf=0x03b6c014;win=8165;pc=8;mask=0xff;resp=8;unexp=0;last_len=20;last_src=0xa107;last_dst=0xb102;last_code=0xe
[RECV] BSDC91 notify: TS;1;12430;f;1502;1997;1886;797;1135;ABCDEFGH;5;10;M;0;S;144;0;full;99
[RECV] BSDC91 notify: TR;2;12430;f;0;ff;ff;2305,1810,2271,2535,1893,1629,2017,2574;2305,1810,2271,2535,1893,1629,2017,2574;100,100,100,100,100,100,100,95;OOOOOOOO
[RECV] BS2DCE notify: RXG;1;12077;tag=1;mask=0xff;pc=8;guard=1200;spacing=1000;win=8165;pre=1;slot_to_entry_us=0;slot_to_sched_us=0;slot_to_write_done_us=0;slot_to_txcmd_us=274;slot_to_txdone_us=610;txcmd_to_txdone_us=335;txdone_to_rxstart_us=61;txdone_to_rxend_us=183;rxenable
[RECV] BSDC91 notify: TDIAG;wait_ms=75;tx_us=671;rx_us=305;coll_us=8087;range_us=44067;solve_us=11810;out_us=2258;clean_us=30;total_ms=143
[RECV] BSDC91 notify: TS;1;12431;f;1445;1995;2039;870;1246;ABCDEFGH;5;10;M;0;S;56;0;full;99
[RECV] BSDC91 notify: TR;2;12431;f;0;ff;ff;2290,1818,2286,2638,1860,1582,2080,2251;2290,1818,2286,2638,1860,1582,2080,2251;100,100,100,100,100,100,100,95;OOOOOOOO
[RECV] BS2DCE notify: CD;1;12077;tag=1;local=0xb101;status=0x00806f02;rxf=0x07a6c814;win=8165;pc=8;mask=0xff;resp=8;unexp=0;last_len=20;last_src=0xa107;last_dst=0xb101;last_code=0xe
[RECV] BS2DCE notify: TS;1;12078;f;955;2426;1582;739;1034;ABCDEFGH;0;10;M;0;S;143;0;full;100
[RECV] BS2DCE notify: TR;2;12078;f;0;ff;ff;2192,2428,2016,1695,2052,2560,2136,1768;2192,2428,2016,1695,2052,2560,2136,1768;100,100,100,100,100,100,100,100;OOOOOOOO
[RECV] BS2DCE notify: TS;1;12079;f;981;2574;1231;581;801;ABCDFGH;0;10;M;0;S;55;0;full;100
[RECV] BS2DCE notify: TR;2;12079;f;0;ff;ef;2349,2547,2055,1647,0,2656,2140,1717;2349,2547,2055,1647,2052,2656,2140,1717;100,100,100,100,95,100,100,100;OOOOTOOO
[RECV] BSDC91 notify: TS;1;12432;f;1455;1909;1974;823;1187;ABCDEFGH;5;10;M;0;S;100;0;full;99
[RECV] BSDC91 notify: TR;2;12432;f;0;ff;ff;2231,1774,2366,2713,1821,1502,2214,2378;2231,1774,2366,2713,1821,1502,2214,2378;100,100,100,100,100,100,100,96;OOOOOOOO
[RECV] BS2DCE notify: TS;1;12080;f;949;2489;1718;749;1088;ABCDEFGH;0;10;M;0;S;102;0;full;99
[RECV] BS2DCE notify: TR;2;12080;f;0;ff;ff;2365,2591,2051,1678,2033,2559,2068,1709;2365,2591,2051,1678,2033,2559,2068,1709;100,100,100,100,96,100,100,100;OOOOOOOO
[RECV] BS2DCE notify: TDIAG;wait_ms=76;tx_us=610;rx_us=183;coll_us=8331;range_us=549;solve_us=12176;out_us=2197;clean_us=30;total_ms=101
[RECV] BSDC91 notify: TS;1;12433;f;1496;1854;1855;751;1069;ABCDEFGH;5;10;M;0;S;100;0;full;99
[RECV] BSDC91 notify: TR;2;12433;f;0;ff;ff;2206,1762,2422,2706,1837,1450,2258,2649;2206,1762,2422,2706,1837,1450,2258,2649;100,100,100,100,100,100,100,96;OOOOOOOO
[RECV] BS2DCE notify: TS;1;12081;f;1024;2459;1750;739;992;ABCDEFGH;0;10;M;0;S;99;0;full;99
[RECV] BS2DCE notify: TR;2;12081;f;0;ff;ff;2313,2568,2043,1862,2112,2480,2021,1714;2313,2568,2043,1862,2112,2480,2021,1714;100,100,100,100,96,100,100,100;OOOOOOOO
[RECV] BSDC91 notify: TS;1;12434;f;1449;1878;1950;782;1110;ABCDEFGH;5;10;M;0;S;100;0;full;99
[RECV] BSDC91 notify: TR;2;12434;f;0;ff;ff;2173,1818,2419,2886,1803,1555,2191,2397;2173,1818,2419,2886,1803,1555,2191,2397;100,100,100,100,100,100,100,96;OOOOOOOO
[RECV] BS2DCE notify: TS;1;12082;f;981;2485;-85;718;984;ABCDEFGH;0;10;M;0;S;101;0;full;99
[RECV] BS2DCE notify: TR;2;12082;f;0;ff;ff;2186,2618,2008,1794,2180,2543,1985,1724;2186,2618,2008,1794,2180,2543,1985,1724;100,100,100,100,96,100,100,100;OOOOOOOO
[RECV] BSDC91 notify: TS;1;12435;f;1170;1716;2044;823;1232;ABDEFGH;5;10;M;0;S;98;0;full;99
[RECV] BSDC91 notify: TR;2;12435;f;0;ff;fb;2087,1778,0,2684,1681,1548,2284,2350;2087,1778,2419,2684,1681,1548,2284,2350;100,100,96,100,100,100,100,96;OOTOOOOO
[RECV] BS2DCE notify: TS;1;12083;f;1009;2491;1712;780;1066;ABCDEFGH;0;10;M;0;S;100;0;full;99
[RECV] BS2DCE notify: TR;2;12083;f;0;ff;ff;2216,2577,1945,1722,2143,2491,1930,1734;2216,2577,1945,1722,2143,2491,1930,1734;100,100,100,100,96,100,100,100;OOOOOOOO
[RECV] BSDC91 notify: TS;1;12436;f;1350;1830;1926;853;1208;ABCDEFGH;5;10;M;0;S;102;0;full;99
[RECV] BSDC91 notify: TR;2;12436;f;0;ff;ff;1974,1713,2411,2593,1695,1486,2409,2380;1974,1713,2411,2593,1695,1486,2409,2380;100,100,96,100,100,100,100,96;OOOOOOOO
[RECV] BS2DCE notify: TS;1;12084;f;1032;2479;1779;800;1151;ABCDEFGH;0;10;M;0;S;100;0;full;99
[RECV] BS2DCE notify: TR;2;12084;f;0;ff;ff;2263,2550,2025,1696,2159,2384,1885,1774;2263,2550,2025,1696,2159,2384,1885,1774;100,100,100,100,96,100,100,100;OOOOOOOO
[RECV] BSDC91 notify: TS;1;12437;f;1303;1805;1837;815;1170;ABCDEFGH;5;10;M;0;S;101;0;full;99
[RECV] BSDC91 notify: TR;2;12437;f;0;ff;ff;1866,1697,2470,2580,1677,1574,2454,2407;1866,1697,2470,2580,1677,1574,2454,2407;100,100,96,100,100,100,100,96;OOOOOOOO
[RECV] BS2DCE notify: TS;1;12085;f;1048;2452;1801;768;1074;ABCDEFGH;0;10;M;0;S;100;0;full;99
[RECV] BS2DCE notify: TR;2;12085;f;0;ff;ff;2262,2558,2151,1811,2161,2414,1812,1834;2262,2558,2151,1811,2161,2414,1812,1834;100,100,100,100,96,100,100,100;OOOOOOOO
[RECV] BSDC91 notify: TS;1;12438;f;1231;1821;1709;734;1050;ABCDEFGH;5;10;M;0;S;100;0;full;99
[RECV] BSDC91 notify: TR;2;12438;f;0;ff;ff;1810,1780,2491,2603,1745,1730,2555,2326;1810,1780,2491,2603,1745,1730,2555,2326;100,100,96,100,100,100,100,96;OOOOOOOO
[RECV] BS2DCE notify: TS;1;12086;f;1105;2488;1806;795;1102;ABCDEFGH;0;10;M;0;S;100;0;full;99
[RECV] BS2DCE notify: TR;2;12086;f;0;ff;ff;2361,2480,2009,1790,2154,2429,1787,1806;2361,2480,2009,1790,2154,2429,1787,1806;100,100,100,100,96,100,100,100;OOOOOOOO
[RECV] BSDC91 notify: TS;1;12439;f;1214;1768;-142;687;1041;ABCDEFGH;5;10;M;0;S;99;0;full;99
[RECV] BSDC91 notify: TR;2;12439;f;0;ff;ff;1742,1761,2521,2497,1705,1802,2638,2633;1742,1761,2521,2497,1705,1802,2638,2633;100,100,96,100,100,100,100,96;OOOOOOOO
[RECV] BS2DCE notify: TS;1;12087;f;1199;2436;1908;857;1164;ABCDEFGH;0;10;M;0;S;99;0;full;99
[RECV] BS2DCE notify: TR;2;12087;f;0;ff;ff;2378,2311,2032,1868,2154,2255,1703,1863;2378,2311,2032,1868,2154,2255,1703,1863;100,100,100,100,96,100,100,100;OOOOOOOO
[RECV] BSDC91 notify: RXG;1;12439;tag=2;mask=0xff;pc=8;guard=1200;spacing=1000;win=8165;pre=1;slot_to_entry_us=0;slot_to_sched_us=0;slot_to_write_done_us=0;slot_to_txcmd_us=274;slot_to_txdone_us=610;txcmd_to_txdone_us=335;txdone_to_rxstart_us=61;txdone_to_rxend_us=183;rxenable
[RECV] BSDC91 notify: CD;1;12439;tag=2;local=0xb102;status=0x00806f02;rxf=0x0766c814;win=8165;pc=8;mask=0xff;resp=8;unexp=0;last_len=20;last_src=0xa107;last_dst=0xb102;last_code=0xe
[RECV] BSDC91 notify: TS;1;12440;f;1180;1833;1834;823;1171;ABCDEFGH;5;10;M;0;S;144;0;full;100
[RECV] BSDC91 notify: TR;2;12440;f;0;ff;ff;1753,1768,2522,2518,1621,1768,2462,2243;1753,1768,2522,2518,1621,1768,2462,2243;100,100,100,100,100,100,100,100;OOOOOOOO
[RECV] BSDC91 notify: TDIAG;wait_ms=75;tx_us=610;rx_us=183;coll_us=8300;range_us=44036;solve_us=11688;out_us=2410;clean_us=30;total_ms=143
[RECV] BS2DCE notify: RXG;1;12087;tag=1;mask=0xff;pc=8;guard=1200;spacing=1000;win=8165;pre=1;slot_to_entry_us=0;slot_to_sched_us=0;slot_to_write_done_us=0;slot_to_txcmd_us=457;slot_to_txdone_us=793;txcmd_to_txdone_us=335;txdone_to_rxstart_us=61;txdone_to_rxend_us=183;rxenable
[RECV] BS2DCE notify: CD;1;12087;tag=1;local=0xb101;status=0x00806f02;rxf=0x07d6c814;win=8165;pc=8;mask=0xff;resp=8;unexp=0;last_len=20;last_src=0xa107;last_dst=0xb101;last_code=0xe
[RECV] BS2DCE notify: TS;1;12088;f;1243;2461;1904;831;1083;ABCDEFGH;0;10;M;0;S;144;0;full;100
[RECV] BS2DCE notify: TR;2;12088;f;0;ff;ff;2439,2355,1985,1953,2209,2271,1673,1864;2439,2355,1985,1953,2209,2271,1673,1864;100,100,100,100,100,100,100,100;OOOOOOOO
[RECV] BSDC91 notify: TS;1;12441;f;1043;1779;1780;789;1137;ABCDEFGH;5;10;M;0;S;56;0;full;100
[RECV] BSDC91 notify: TR;2;12441;f;0;ff;ff;1587,1866,2675,2488,1555,1826,2606,2243;1587,1866,2675,2488,1555,1826,2606,2243;100,100,100,100,100,100,100,100;OOOOOOOO
[RECV] BS2DCE notify: TS;1;12089;f;1314;2459;1910;829;1118;ABCDEFGH;0;10;M;0;S;57;0;full;100
[RECV] BS2DCE notify: TR;2;12089;f;0;ff;ff;2529,2346,1941,1958,2246,2135,1658,1974;2529,2346,1941,1958,2246,2135,1658,1974;100,100,100,100,100,100,100,100;OOOOOOOO
[RECV] BSDC91 notify: TS;1;12442;f;1067;1846;-299;816;1267;ABCDEFGH;5;10;M;0;S;100;0;full;100
[RECV] BSDC91 notify: TR;2;12442;f;0;ff;ff;1526,1903,2331,2428,1571,2005,2544,2422;1526,1903,2331,2428,1571,2005,2544,2422;100,100,100,100,100,100,100,100;OOOOOOOO
[RECV] BS2DCE notify: TS;1;12090;f;1311;2415;2025;870;1114;ABCDEFGH;0;10;M;0;S;100;0;full;100
[RECV] BS2DCE notify: TR;2;12090;f;0;ff;ff;2543,2298,2037,2059,2193,2050,1667,1896;2543,2298,2037,2059,2193,2050,1667,1896;100,100,100,100,100,100,100,100;OOOOOOOO
[RECV] BSDC91 notify: TS;1;12443;f;982;1756;-133;674;995;ABCDEFGH;5;10;M;0;S;100;0;full;100
[RECV] BSDC91 notify: TR;2;12443;f;0;ff;ff;1499,1878,2916,2336,1645,2066,2605,2567;1499,1878,2916,2336,1645,2066,2605,2567;100,100,100,100,100,100,100,100;OOOOOOOO
[RECV] BS2DCE notify: TDIAG;wait_ms=75;tx_us=610;rx_us=183;coll_us=8331;range_us=549;solve_us=11993;out_us=2197;clean_us=30;total_ms=100
[RECV] BS2DCE notify: TS;1;12091;f;1368;2411;1964;860;1156;ABCDEFGH;0;10;M;0;S;100;0;full;100
[RECV] BS2DCE notify: TR;2;12091;f;0;ff;ff;2537,2175,1983,2071,2296,2037,1678,1913;2537,2175,1983,2071,2296,2037,1678,1913;100,100,100,100,100,100,100,100;OOOOOOOO
[RECV] BSDC91 notify: TS;1;12444;f;947;1856;-397;827;1266;ABCDEFGH;5;10;M;0;S;100;0;full;100
[RECV] BSDC91 notify: TR;2;12444;f;0;ff;ff;1528,1872,2557,2115,1601,2150,2685,2376;1528,1872,2557,2115,1601,2150,2685,2376;100,100,100,100,100,100,100,100;OOOOOOOO
[RECV] BS2DCE notify: TS;1;12092;f;1397;2359;2009;881;1149;ABCDEFGH;0;10;M;0;S;100;0;full;100
[RECV] BS2DCE notify: TR;2;12092;f;0;ff;ff;2503,2162,1954,2186,2190,1960,1705,1982;2503,2162,1954,2186,2190,1960,1705,1982;100,100,100,100,100,100,100,100;OOOOOOOO
[RECV] BS2DCE notify: TS;1;12093;f;1451;2391;1899;799;1163;ABCDEFGH;0;10;M;0;S;99;0;full;100
[RECV] BSDC91 notify: TS;1;12445;f;892;1942;-347;820;1196;ABCDEFGH;5;10;M;0;S;100;0;full;100
[RECV] BSDC91 notify: TR;2;12445;f;0;ff;ff;1656,1958,2593,1949,1681,2141,2675,2187;1656,1958,2593,1949,1681,2141,2675,2187;100,100,100,100,100,100,100,100;OOOOOOOO
[RECV] BS2DCE notify: TR;2;12093;f;0;ff;ff;2696,2087,1991,2193,2260,2088,1681,2051;2696,2087,1991,2193,2260,2088,1681,2051;100,100,100,100,100,100,100,100;OOOOOOOO
[RECV] BSDC91 notify: TS;1;12446;f;841;2068;-298;836;1190;ABCDEFGH;5;10;M;0;S;100;0;full;100
[RECV] BSDC91 notify: TR;2;12446;f;0;ff;ff;1705,2052,2629,1766,1731,2310,2361,2095;1705,2052,2629,1766,1731,2310,2361,2095;100,100,100,100,100,100,100,100;OOOOOOOO
[RECV] BS2DCE notify: TS;1;12094;f;1402;2405;1863;755;1119;ABCDEFGH;0;10;M;0;S;101;0;full;100
[RECV] BS2DCE notify: TR;2;12094;f;0;ff;ff;2704,2137,2022,2284,2174,2297,1696,1980;2704,2137,2022,2284,2174,2297,1696,1980;100,100,100,100,100,100,100,100;OOOOOOOO
[RECV] BSDC91 notify: TS;1;12447;f;882;2166;-550;970;1403;ABCDEFGH;5;10;M;0;S;100;0;full;100
[RECV] BSDC91 notify: TR;2;12447;f;0;ff;ff;1751,2077,2165,1758,1761,2395,2453,1885;1751,2077,2165,1758,1761,2395,2453,1885;100,100,100,100,100,100,100,100;OOOOOOOO
[RECV] BS2DCE notify: TS;1;12095;f;1441;2365;1898;795;1180;ABCDEFGH;0;10;M;0;S;99;0;full;100
[RECV] BS2DCE notify: TR;2;12095;f;0;ff;ff;2664,2053,1986,2329,2129,2219,1698,2027;2664,2053,1986,2329,2129,2219,1698,2027;100,100,100,100,100,100,100,100;OOOOOOOO
[RECV] BSDC91 notify: TS;1;12448;f;843;2207;-594;968;1380;ABCDEFGH;5;10;M;0;S;100;0;full;100
[RECV] BSDC91 notify: TR;2;12448;f;0;ff;ff;1721,2134,2202,1661,1831,2539,2477,1854;1721,2134,2202,1661,1831,2539,2477,1854;100,100,100,100,100,100,100,100;OOOOOOOO
[RECV] BS2DCE notify: TS;1;12096;f;1399;2342;1711;696;1039;ABCDEFGH;0;10;M;0;S;100;0;full;100
[RECV] BS2DCE notify: TR;2;12096;f;0;ff;ff;2574,2086,2004,2381,2082,2426,1803,2114;2574,2086,2004,2381,2082,2426,1803,2114;100,100,100,100,100,100,100,100;OOOOOOOO
[RECV] BSDC91 notify: TS;1;12449;f;864;2265;-660;1021;1408;ABCDEFGH;5;10;M;0;S;100;0;full;100
[RECV] BSDC91 notify: TR;2;12449;f;0;ff;ff;1751,2192,2084,1554,1893,2497,2440,1789;1751,2192,2084,1554,1893,2497,2440,1789;100,100,100,100,100,100,100,100;OOOOOOOO
[RECV] BS2DCE notify: TS;1;12097;f;1506;2216;2032;879;1275;ABCDEFGH;0;10;M;0;S;101;0;full;100
[RECV] BS2DCE notify: TR;2;12097;f;0;ff;ff;2679,1912,2032,2377,2011,1749,1892,2164;2679,1912,2032,2377,2011,1749,1892,2164;100,100,100,100,100,100,100,100;OOOOOOOO
[RECV] BSDC91 notify: RXG;1;12449;tag=2;mask=0xff;pc=8;guard=1200;spacing=1000;win=8165;pre=1;slot_to_entry_us=0;slot_to_sched_us=0;slot_to_write_done_us=0;slot_to_txcmd_us=274;slot_to_txdone_us=610;txcmd_to_txdone_us=335;txdone_to_rxstart_us=61;txdone_to_rxend_us=183;rxenable
[RECV] BSDC91 notify: CD;1;12449;tag=2;local=0xb102;status=0x00806f02;rxf=0x07a6c814;win=8165;pc=8;mask=0xff;resp=8;unexp=0;last_len=20;last_src=0xa107;last_dst=0xb102;last_code=0xe
[RECV] BS2DCE notify: RXG;1;12097;tag=1;mask=0xff;pc=8;guard=1200;spacing=1000;win=8165;pre=1;slot_to_entry_us=0;slot_to_sched_us=0;slot_to_write_done_us=0;slot_to_txcmd_us=274;slot_to_txdone_us=610;txcmd_to_txdone_us=335;txdone_to_rxstart_us=61;txdone_to_rxend_us=183;rxenable
[RECV] BSDC91 notify: TS;1;12450;f;851;2323;-644;1005;1397;ABCDEFGH;5;10;M;0;S;144;0;full;100
[RECV] BSDC91 notify: TR;2;12450;f;0;ff;ff;1792,2270,2086,1483,1932,2611,2345,1781;1792,2270,2086,1483,1932,2611,2345,1781;100,100,100,100,100,100,100,100;OOOOOOOO
[RECV] BSDC91 notify: TDIAG;wait_ms=76;tx_us=610;rx_us=183;coll_us=8300;range_us=43975;solve_us=11962;out_us=2227;clean_us=61;total_ms=143
[RECV] BS2DCE notify: CD;1;12097;tag=1;local=0xb101;status=0x00806f02;rxf=0x0766c814;win=8165;pc=8;mask=0xff;resp=8;unexp=0;last_len=20;last_src=0xa107;last_dst=0xb101;last_code=0xe
[RECV] BS2DCE notify: TS;1;12098;f;1533;2142;2072;890;1288;ABCDEFGH;0;10;M;0;S;143;0;full;100
[RECV] BS2DCE notify: TR;2;12098;f;0;ff;ff;2668,1865,2117,2448,1999,1567,1944,2248;2668,1865,2117,2448,1999,1567,1944,2248;100,100,100,100,100,100,100,100;OOOOOOOO
[RECV] BSDC91 notify: TS;1;12451;f;986;2406;-585;1050;1393;ABDEFGH;5;10;M;0;S;55;0;full;100
[RECV] BSDC91 notify: TR;2;12451;f;0;ff;fb;1874,2335,0,1416,1994,2529,2248,1688;1874,2335,2086,1416,1994,2529,2248,1688;100,100,96,100,100,100,100,100;OOTOOOOO
[RECV] BS2DCE notify: TS;1;12099;f;1465;2118;2007;899;1269;ABCDEFGH;0;10;M;0;S;56;0;full;100
[RECV] BS2DCE notify: TR;2;12099;f;0;ff;ff;2363,1849,2035,2470,1929,1712,2020,2165;2363,1849,2035,2470,1929,1712,2020,2165;100,100,100,100,100,100,100,100;OOOOOOOO
[RECV] BSDC91 notify: TS;1;12452;f;889;2436;-437;914;1269;ABCDEFGH;5;10;M;0;S;101;0;full;99
[RECV] BSDC91 notify: TR;2;12452;f;0;ff;ff;2089,2404,1973,1507,2025,2559,2177,1663;2089,2404,1973,1507,2025,2559,2177,1663;100,100,96,100,100,100,100,100;OOOOOOOO
[RECV] BS2DCE notify: TS;1;12100;f;1399;2051;1795;735;981;ABCDEFGH;0;10;M;0;S;100;0;full;100
[RECV] BS2DCE notify: TR;2;12100;f;0;ff;ff;2258,1983,2206,2485,1877,1811,2136,2431;2258,1983,2206,2485,1877,1811,2136,2431;100,100,100,100,100,100,100,100;OOOOOOOO
[RECV] BS2DCE notify: TDIAG;wait_ms=75;tx_us=701;rx_us=213;coll_us=8239;range_us=549;solve_us=11810;out_us=2471;clean_us=30;total_ms=100
[RECV] BSDC91 notify: TS;1;12453;f;964;2490;1714;757;1072;ABCDEFGH;5;10;M;0;S;100;0;full;99
[RECV] BSDC91 notify: TR;2;12453;f;0;ff;ff;2335,2537,2029,1698,2120,2536,2063,1647;2335,2537,2029,1698,2120,2536,2063,1647;100,100,96,100,100,100,100,100;OOOOOOOO
[RECV] BS2DCE notify: TS;1;12101;f;1353;1974;1848;726;1048;ABCDEFGH;0;10;M;0;S;101;0;full;100
[RECV] BS2DCE notify: TR;2;12101;f;0;ff;ff;2237,1914,2402,2638,1810,1799,2233,2304;2237,1914,2402,2638,1810,1799,2233,2304;100,100,100,100,100,100,100,100;OOOOOOOO
[RECV] BSDC91 notify: TS;1;12454;f;927;2515;1614;744;1066;ABCDEFGH;5;10;M;0;S;100;0;full;99
[RECV] BSDC91 notify: TR;2;12454;f;0;ff;ff;2288,2538,1985,1610,2125,2663,2035,1674;2288,2538,1985,1610,2125,2663,2035,1674;100,100,96,100,100,100,100,100;OOOOOOOO
[RECV] BS2DCE notify: TS;1;12102;f;1360;1935;1859;726;1053;ABCDEFGH;0;10;M;0;S;99;0;full;100
[RECV] BS2DCE notify: TR;2;12102;f;0;ff;ff;2172,1888,2497,2683,1837,1740,2195,2349;2172,1888,2497,2683,1837,1740,2195,2349;100,100,100,100,100,100,100,100;OOOOOOOO
[RECV] BSDC91 notify: TS;1;12455;f;919;2545;1715;806;1141;ABCDEFGH;5;10;M;0;S;100;0;full;99
[RECV] BSDC91 notify: TR;2;12455;f;0;ff;ff;2235,2633,1926,1574,2133,2610,1956,1595;2235,2633,1926,1574,2133,2610,1956,1595;100,100,96,100,100,100,100,100;OOOOOOOO
[RECV] BS2DCE notify: TS;1;12103;f;1336;1943;1751;744;1070;ABCDEFGH;0;10;M;0;S;100;0;full;100
[RECV] BS2DCE notify: TR;2;12103;f;0;ff;ff;2103,1819,2361,2437,1874,1666,2419,2345;2103,1819,2361,2437,1874,1666,2419,2345;100,100,100,100,100,100,100,100;OOOOOOOO
[RECV] BSDC91 notify: TS;1;12456;f;991;2588;1704;839;1201;ABCDEFGH;5;10;M;0;S;100;0;full;100
[RECV] BSDC91 notify: TR;2;12456;f;0;ff;ff;2287,2564,1815,1511,2184,2578,1821,1605;2287,2564,1815,1511,2184,2578,1821,1605;100,100,100,100,100,100,100,100;OOOOOOOO
[RECV] BS2DCE notify: TS;1;12104;f;1321;1911;1700;733;1106;ABCDEFGH;0;10;M;0;S;101;0;full;100
[RECV] BS2DCE notify: TR;2;12104;f;0;ff;ff;2027,1737,2417,2459,1854,1732,2427,2357;2027,1737,2417,2459,1854,1732,2427,2357;100,100,100,100,100,100,100,100;OOOOOOOO
[RECV] BSDC91 notify: TS;1;12457;f;1059;2558;1873;890;1260;ABCDEFGH;5;10;M;0;S;100;0;full;100
[RECV] BSDC91 notify: TR;2;12457;f;0;ff;ff;2305,2529,1900,1610,2185,2450,1697,1650;2305,2529,1900,1610,2185,2450,1697,1650;100,100,100,100,100,100,100,100;OOOOOOOO
[RECV] BS2DCE notify: TS;1;12105;f;1240;1873;1724;731;1014;ABCDEFGH;0;10;M;0;S;99;0;full;100
[RECV] BS2DCE notify: TR;2;12105;f;0;ff;ff;1898,1855,2414,2560,1771,1732,2561,2286;1898,1855,2414,2560,1771,1732,2561,2286;100,100,100,100,100,100,100,100;OOOOOOOO
[RECV] BSDC91 notify: TS;1;12458;f;1116;2543;1828;841;1145;ABCDEFGH;5;10;M;0;S;100;0;full;100
[RECV] BSDC91 notify: TR;2;12458;f;0;ff;ff;2308,2525,1890,1732,2238,2443,1684,1733;2308,2525,1890,1732,2238,2443,1684,1733;100,100,100,100,100,100,100,100;OOOOOOOO
[RECV] BS2DCE notify: TS;1;12106;f;1220;1873;1793;743;1016;ABCDEFGH;0;10;M;0;S;100;0;full;100
[RECV] BS2DCE notify: TR;2;12106;f;0;ff;ff;1850,1958,2427,2649,1699,1788,2437,2310;1850,1958,2427,2649,1699,1788,2437,2310;100,100,100,100,100,100,100,100;OOOOOOOO
[RECV] BSDC91 notify: TS;1;12459;f;1117;2521;-99;849;1256;BCDEFGH;5;10;M;0;S;98;0;full;100
[RECV] BSDC91 notify: TR;2;12459;f;0;ff;fe;0,2467,1820,1782,2222,2414,1616,1732;2308,2467,1820,1782,2222,2414,1616,1732;95,100,100,100,100,100,100,100;TOOOOOOO
[RECV] BS2DCE notify: TS;1;12107;f;1173;1925;1750;741;997;ABCDEFGH;0;10;M;0;S;101;0;full;100
[RECV] BS2DCE notify: TR;2;12107;f;0;ff;ff;1857,1999,2419,2443,1785,1784,2479,2252;1857,1999,2419,2443,1785,1784,2479,2252;100,100,100,100,100,100,100,100;OOOOOOOO
[RECV] BSDC91 notify: RXG;1;12459;tag=2;mask=0xff;pc=8;guard=1200;spacing=1000;win=8165;pre=1;slot_to_entry_us=0;slot_to_sched_us=0;slot_to_write_done_us=0;slot_to_txcmd_us=274;slot_to_txdone_us=610;txcmd_to_txdone_us=335;txdone_to_rxstart_us=122;txdone_to_rxend_us=244;rxenabl
[RECV] BSDC91 notify: CD;1;12459;tag=2;local=0xb102;status=0x00806f02;rxf=0x0796c814;win=8165;pc=8;mask=0xff;resp=8;unexp=0;last_len=20;last_src=0xa107;last_dst=0xb102;last_code=0xe
[RECV] BSDC91 notify: TS;1;12460;f;1226;2559;1972;898;1197;ABCDEFGH;5;10;M;0;S;146;0;full;99
[RECV] BSDC91 notify: TR;2;12460;f;0;ff;ff;2471,2448,1884,1816,2214,2377,1496,1790;2471,2448,1884,1816,2214,2377,1496,1790;95,100,100,100,100,100,100,100;OOOOOOOO
[RECV] BSDC91 notify: TDIAG;wait_ms=78;tx_us=610;rx_us=244;coll_us=8209;range_us=44250;solve_us=11840;out_us=2258;clean_us=30;total_ms=146
[RECV] BS2DCE notify: RXG;1;12107;tag=1;mask=0xff;pc=8;guard=1200;spacing=1000;win=8165;pre=1;slot_to_entry_us=0;slot_to_sched_us=0;slot_to_write_done_us=0;slot_to_txcmd_us=274;slot_to_txdone_us=610;txcmd_to_txdone_us=335;txdone_to_rxstart_us=61;txdone_to_rxend_us=213;rxenable
[RECV] BS2DCE notify: CD;1;12107;tag=1;local=0xb101;status=0x00806f02;rxf=0x0756c814;win=8165;pc=8;mask=0xff;resp=8;unexp=0;last_len=20;last_src=0xa107;last_dst=0xb101;last_code=0xe
[RECV] BS2DCE notify: TS;1;12108;f;1075;1939;1776;747;1071;ABCDEFGH;0;10;M;0;S;143;0;full;100
[RECV] BS2DCE notify: TR;2;12108;f;0;ff;ff;1770,2110,2476,2428,1710,1937,2433,2185;1770,2110,2476,2428,1710,1937,2433,2185;100,100,100,100,100,100,100,100;OOOOOOOO
[RECV] BSDC91 notify: TS;1;12461;f;1105;2441;1969;847;1173;ABDEFGH;5;10;M;0;S;54;0;full;99
[RECV] BSDC91 notify: TR;2;12461;f;0;ff;fb;2542,2401,0,1852,2238,2238,1449,1827;2542,2401,1884,1852,2238,2238,1449,1827;95,100,95,100,100,100,100,100;OOTOOOOO
[RECV] BS2DCE notify: TS;1;12109;f;1021;1929;-54;688;1012;ABCDEFGH;0;10;M;0;S;57;0;full;100
[RECV] BS2DCE notify: TR;2;12109;f;0;ff;ff;1669,2201,2511,2339,1718,1968,2492,2285;1669,2201,2511,2339,1718,1968,2492,2285;100,100,100,100,100,100,100,100;OOOOOOOO
[RECV] BSDC91 notify: TS;1;12462;f;1315;2527;2004;900;1167;ABCDEFGH;5;10;M;0;S;103;0;full;98
[RECV] BSDC91 notify: TR;2;12462;f;0;ff;ff;2536,2389,1853,1929,2270,2209,1488,1871;2536,2389,1853,1929,2270,2209,1488,1871;95,100,95,100,100,100,100,100;OOOOOOOO
[RECV] BS2DCE notify: TS;1;12110;f;982;1892;1645;679;1007;ABCDEFGH;0;10;M;0;S;100;0;full;100
[RECV] BS2DCE notify: TR;2;12110;f;0;ff;ff;1686,2078,2710,2347,1717,2052,2482,2278;1686,2078,2710,2347,1717,2052,2482,2278;100,100,100,100,100,100,100,100;OOOOOOOO
[RECV] BS2DCE notify: TDIAG;wait_ms=75;tx_us=610;rx_us=213;coll_us=8239;range_us=549;solve_us=12084;out_us=2197;clean_us=61;total_ms=100
[RECV] BSDC91 notify: TS;1;12463;f;1458;2519;1911;882;1174;ABCDEFGH;5;10;M;0;S;99;0;full;98
[RECV] BSDC91 notify: TR;2;12463;f;0;ff;ff;2625,2182,1733,1993,2364,2186,1462,1983;2625,2182,1733,1993,2364,2186,1462,1983;95,100,95,100,100,100,100,100;OOOOOOOO
[RECV] BS2DCE notify: TS;1;12111;f;939;1867;1582;654;980;ABCDEFGH;0;10;M;0;S;99;0;full;100
[RECV] BS2DCE notify: TR;2;12111;f;0;ff;ff;1641,2076,2785,2310,1711,2082,2544,2325;1641,2076,2785,2310,1711,2082,2544,2325;100,100,100,100,100,100,100,100;OOOOOOOO
[RECV] BSDC91 notify: TS;1;12464;f;1461;2503;1996;889;1239;ABCDEFGH;5;10;M;0;S;101;0;full;99
[RECV] BSDC91 notify: TR;2;12464;f;0;ff;ff;2712,2243,1734,2093,2322,2071,1553,1935;2712,2243,1734,2093,2322,2071,1553,1935;96,100,96,100,100,100,100,100;OOOOOOOO
[RECV] BS2DCE notify: TS;1;12112;f;993;1819;-21;575;876;ABCDEFGH;0;10;M;0;S;100;0;full;100
[RECV] BS2DCE notify: TR;2;12112;f;0;ff;ff;1648,2076,2841,2283,1745,2122,2624,2639;1648,2076,2841,2283,1745,2122,2624,2639;100,100,100,100,100,100,100,100;OOOOOOOO
[RECV] BSDC91 notify: TS;1;12465;f;1440;2453;2070;909;1179;ABCDEFGH;5;10;M;0;S;99;0;full;99
[RECV] BSDC91 notify: TR;2;12465;f;0;ff;ff;2675,2294,1890,2066,2369,1834,1556,2001;2675,2294,1890,2066,2369,1834,1556,2001;96,100,96,100,100,100,100,100;OOOOOOOO
[RECV] BS2DCE notify: TS;1;12113;f;1048;1916;-323;721;1103;ABCDEFGH;0;10;M;0;S;101;0;full;100
[RECV] BS2DCE notify: TR;2;12113;f;0;ff;ff;1703,1994,2383,2125,1791,2155,2698,2535;1703,1994,2383,2125,1791,2155,2698,2535;100,100,100,100,100,100,100,100;OOOOOOOO
[RECV] BSDC91 notify: TS;1;12466;f;1462;2420;2063;920;1295;ABCDEFGH;5;10;M;0;S;100;0;full;99
[RECV] BSDC91 notify: TR;2;12466;f;0;ff;ff;2543,2260,1777,2227,2309,1869,1617,1963;2543,2260,1777,2227,2309,1869,1617,1963;96,100,96,100,100,100,100,100;OOOOOOOO
[RECV] BS2DCE notify: TS;1;12114;f;1187;1827;-252;647;1082;ABCDEFGH;0;10;M;0;S;99;0;full;100
[RECV] BS2DCE notify: TR;2;12114;f;0;ff;ff;1774,2004,2336,2093,1759,2190,2681,3302;1774,2004,2336,2093,1759,2190,2681,3302;100,100,100,100,100,100,100,100;OOOOOOOO
[RECV] BSDC91 notify: TS;1;12467;f;1531;2449;2153;937;1265;ABCDEFGH;5;10;M;0;S;100;0;full;99
[RECV] BSDC91 notify: TR;2;12467;f;0;ff;ff;2946,2180,1827,2242,2267,1813,1529,1999;2946,2180,1827,2242,2267,1813,1529,1999;96,100,96,100,100,100,100,100;OOOOOOOO
[RECV] BS2DCE notify: TS;1;12115;f;909;2011;-256;748;1079;ABCDEFGH;0;10;M;0;S;100;0;full;100
[RECV] BS2DCE notify: TR;2;12115;f;0;ff;ff;1735,2044,2586,1986,1794,2258,2551,2170;1735,2044,2586,1986,1794,2258,2551,2170;100,100,100,100,100,100,100,100;OOOOOOOO
[RECV] BSDC91 notify: TS;1;12468;f;1601;2521;2179;930;1277;ABCDEFGH;5;10;M;0;S;101;0;full;99
[RECV] BSDC91 notify: TR;2;12468;f;0;ff;ff;3412,2191,1805,2255,2282,1786,1480,1995;3412,2191,1805,2255,2282,1786,1480,1995;96,100,96,100,100,100,100,100;OOOOOOOO
[RECV] BS2DCE notify: TS;1;12116;f;838;2008;1557;688;982;ABCDEFGH;0;10;M;0;S;100;0;full;100
[RECV] BS2DCE notify: TR;2;12116;f;0;ff;ff;1758,2109,2727,1992,1732,2325,2469,2158;1758,2109,2727,1992,1732,2325,2469,2158;100,100,100,100,100,100,100,100;OOOOOOOO
[RECV] BSDC91 notify: TS;1;12469;f;1654;2499;2240;963;1377;ABCDEFGH;5;10;M;0;S;99;0;full;99
[RECV] BSDC91 notify: TR;2;12469;f;0;ff;ff;3610,2100,1836,2337,2264,1699,1511,1981;3610,2100,1836,2337,2264,1699,1511,1981;96,100,96,100,100,100,100,100;OOOOOOOO
[RECV] BS2DCE notify: TS;1;12117;f;865;2054;1558;705;1018;ABCDEFGH;0;10;M;0;S;100;0;full;100
[RECV] BS2DCE notify: TR;2;12117;f;0;ff;ff;1826,2069,2633,1946,1780,2327,2458,2074;1826,2069,2633,1946,1780,2327,2458,2074;100,100,100,100,100,100,100,100;OOOOOOOO
[RECV] BSDC91 notify: RXG;1;12469;tag=2;mask=0xff;pc=8;guard=1200;spacing=1000;win=8165;pre=1;slot_to_entry_us=0;slot_to_sched_us=0;slot_to_write_done_us=0;slot_to_txcmd_us=274;slot_to_txdone_us=610;txcmd_to_txdone_us=335;txdone_to_rxstart_us=61;txdone_to_rxend_us=183;rxenable
[RECV] BS2DCE notify: RXG;1;12117;tag=1;mask=0xff;pc=8;guard=1200;spacing=1000;win=8165;pre=1;slot_to_entry_us=0;slot_to_sched_us=0;slot_to_write_done_us=0;slot_to_txcmd_us=335;slot_to_txdone_us=793;txcmd_to_txdone_us=457;txdone_to_rxstart_us=61;txdone_to_rxend_us=183;rxenable
[RECV] BSDC91 notify: CD;1;12469;tag=2;local=0xb102;status=0x00806f02;rxf=0x0776c814;win=8165;pc=8;mask=0xff;resp=8;unexp=0;last_len=20;last_src=0xa107;last_dst=0xb102;last_code=0xe
[RECV] BSDC91 notify: TS;1;12470;f;1452;2445;1844;757;1053;ABCDEFGH;5;10;M;0;S;144;0;full;99
[RECV] BSDC91 notify: TR;2;12470;f;0;ff;ff;2659,2205,1902,2321,2224,2357,1559,2067;2659,2205,1902,2321,2224,2357,1559,2067;96,100,96,100,100,100,100,100;OOOOOOOO
[RECV] BS2DCE notify: CD;1;12117;tag=1;local=0xb101;status=0x00806f02;rxf=0x02a6c014;win=8165;pc=8;mask=0xff;resp=8;unexp=0;last_len=20;last_src=0xa107;last_dst=0xb101;last_code=0xe
[RECV] BS2DCE notify: TS;1;12118;f;976;2108;-392;824;1207;ABCDEFGH;0;10;M;0;S;144;0;full;100
[RECV] BS2DCE notify: TR;2;12118;f;0;ff;ff;1831,2047,2340,1856,1841,2328,2412,2172;1831,2047,2340,1856,1841,2328,2412,2172;100,100,100,100,100,100,100,100;OOOOOOOO
[RECV] BSDC91 notify: TDIAG;wait_ms=75;tx_us=610;rx_us=183;coll_us=8300;range_us=43975;solve_us=11840;out_us=2380;clean_us=30;total_ms=143
[RECV] BSDC91 notify: TS;1;12471;f;1545;2469;2022;831;1283;ABCDEFGH;5;10;M;0;S;59;0;full;99
[RECV] BSDC91 notify: TR;2;12471;f;0;ff;ff;3167,2067,1921,2359,2181,2150,1549,1976;3167,2067,1921,2359,2181,2150,1549,1976;96,100,96,100,100,100,100,100;OOOOOOOO
[RECV] BS2DCE notify: TS;1;12119;f;926;2163;-356;841;1210;ABCDEFGH;0;10;M;0;S;57;0;full;100
[RECV] BS2DCE notify: TR;2;12119;f;0;ff;ff;1874,2102,2303,1827,1841,2341,2388,1974;1874,2102,2303,1827,1841,2341,2388,1974;100,100,100,100,100,100,100,100;OOOOOOOO
[RECV] BSDC91 notify: TS;1;12472;f;1520;2361;1965;828;1196;ABCDEFGH;5;10;M;0;S;97;0;full;100
[RECV] BSDC91 notify: TR;2;12472;f;0;ff;ff;2715,2048,1931,2381,2186,2053,1625,2106;2715,2048,1931,2381,2186,2053,1625,2106;100,100,100,100,100,100,100,100;OOOOOOOO
[RECV] BS2DCE notify: TS;1;12120;f;880;2199;-314;811;1177;ABCDEFGH;0;10;M;0;S;99;0;full;100
[RECV] BS2DCE notify: TR;2;12120;f;0;ff;ff;1870,2208,2287,1846,1862,2440,2393,1904;1870,2208,2287,1846,1862,2440,2393,1904;100,100,100,100,100,100,100,100;OOOOOOOO
[RECV] BS2DCE notify: TDIAG;wait_ms=75;tx_us=610;rx_us=183;coll_us=8270;range_us=549;solve_us=12023;out_us=2227;clean_us=30;total_ms=99
[RECV] BSDC91 notify: TS;1;12473;f;1513;2345;1861;754;1137;ABCDEFGH;5;10;M;0;S;100;0;full;100
[RECV] BSDC91 notify: TR;2;12473;f;0;ff;ff;2696,2036,2014,2418,2213,2151,1656,2161;2696,2036,2014,2418,2213,2151,1656,2161;100,100,100,100,100,100,100,100;OOOOOOOO
[RECV] BS2DCE notify: TS;1;12121;f;882;2202;-365;827;1231;ABCDEFGH;0;10;M;0;S;100;0;full;100
[RECV] BS2DCE notify: TR;2;12121;f;0;ff;ff;1912,2143,2285,1793,1842,2508,2405,1940;1912,2143,2285,1793,1842,2508,2405,1940;100,100,100,100,100,100,100,100;OOOOOOOO
[RECV] BSDC91 notify: TS;1;12474;f;1565;2312;1945;800;1234;ABCDEFGH;5;10;M;0;S;100;0;full;100
[RECV] BSDC91 notify: TR;2;12474;f;0;ff;ff;2815,1948,2008,2449,2207,1956,1716,2148;2815,1948,2008,2449,2207,1956,1716,2148;100,100,100,100,100,100,100,100;OOOOOOOO
[RECV] BS2DCE notify: TS;1;12122;f;907;2246;-467;889;1272;ABCDEFGH;0;10;M;0;S;101;0;full;100
[RECV] BS2DCE notify: TR;2;12122;f;0;ff;ff;1934,2080,2169,1747,1903,2536,2385,1861;1934,2080,2169,1747,1903,2536,2385,1861;100,100,100,100,100,100,100,100;OOOOOOOO
[RECV] BSDC91 notify: TS;1;12475;f;1521;2253;2050;886;1287;ABCDEFGH;5;10;M;0;S;100;0;full;100
[RECV] BSDC91 notify: TR;2;12475;f;0;ff;ff;2673,1932,2024,2404,2042,1843,1714,2191;2673,1932,2024,2404,2042,1843,1714,2191;100,100,100,100,100,100,100,100;OOOOOOOO
[RECV] BS2DCE notify: TS;1;12123;f;911;2291;-424;876;1219;ABCDEFGH;0;10;M;0;S;99;0;full;100
[RECV] BS2DCE notify: TR;2;12123;f;0;ff;ff;1954,2185,2213,1654,1964,2499,2264,1853;1954,2185,2213,1654,1964,2499,2264,1853;100,100,100,100,100,100,100,100;OOOOOOOO
[RECV] BSDC91 notify: TS;1;12476;f;1530;2201;2054;867;1316;ABCDEFGH;5;10;M;0;S;100;0;full;100
[RECV] BSDC91 notify: TR;2;12476;f;0;ff;ff;2709,1867,2139,2474,2056,1758,1789,2183;2709,1867,2139,2474,2056,1758,1789,2183;100,100,100,100,100,100,100,100;OOOOOOOO
[RECV] BS2DCE notify: TS;1;12124;f;741;2356;1459;786;1044;ABCDEFG;0;10;M;0;S;98;0;full;100
[RECV] BS2DCE notify: TR;2;12124;f;0;ff;7f;1963,2272,2144,1659,1937,2665,2327,0;1963,2272,2144,1659,1937,2665,2327,1853;100,100,100,100,100,100,100,95;OOOOOOOT
[RECV] BSDC91 notify: TS;1;12477;f;1539;2172;2150;920;1343;ABCDEFGH;5;10;M;0;S;100;0;full;100
[RECV] BSDC91 notify: TR;2;12477;f;0;ff;ff;2831,1880,2140,2462,1966,1563,1851,2202;2831,1880,2140,2462,1966,1563,1851,2202;100,100,100,100,100,100,100,100;OOOOOOOO
[RECV] BS2DCE notify: TS;1;12125;f;881;2323;-387;856;1254;ABCDEFGH;0;10;M;0;S;103;0;full;99
[RECV] BS2DCE notify: TR;2;12125;f;0;ff;ff;2039,2227,2152,1664,1922,2618,2282,1797;2039,2227,2152,1664,1922,2618,2282,1797;100,100,100,100,100,100,100,95;OOOOOOOO
[RECV] BSDC91 notify: TS;1;12478;f;1468;2103;2069;902;1271;ABCDEFGH;5;10;M;0;S;100;0;full;100
[RECV] BSDC91 notify: TR;2;12478;f;0;ff;ff;2382,1876,2167,2514,1936,1672,1880,2239;2382,1876,2167,2514,1936,1672,1880,2239;100,100,100,100,100,100,100,100;OOOOOOOO
[RECV] BS2DCE notify: TS;1;12126;f;903;2352;-405;847;1229;ABCDEFGH;0;10;M;0;S;100;0;full;99
[RECV] BS2DCE notify: TR;2;12126;f;0;ff;ff;2056,2301,2069,1643,1986,2612,2293,1820;2056,2301,2069,1643,1986,2612,2293,1820;100,100,100,100,100,100,100,95;OOOOOOOO
[RECV] BSDC91 notify: TS;1;12479;f;1501;2069;1957;824;1224;ABCDEFGH;5;10;M;0;S;100;0;full;100
[RECV] BSDC91 notify: TR;2;12479;f;0;ff;ff;2406,1815,2206,2595,1946,1734,1956,2322;2406,1815,2206,2595,1946,1734,1956,2322;100,100,100,100,100,100,100,100;OOOOOOOO
[RECV] BS2DCE notify: TS;1;12127;f;966;2365;-354;802;1199;ABCDEFGH;0;10;M;0;S;99;0;full;99
[RECV] BS2DCE notify: TR;2;12127;f;0;ff;ff;2110,2350,2078,1637,2013,2615,2172,1986;2110,2350,2078,1637,2013,2615,2172,1986;100,100,100,100,100,100,100,95;OOOOOOOO
[RECV] BSDC91 notify: RXG;1;12479;tag=2;mask=0xff;pc=8;guard=1200;spacing=1000;win=8165;pre=1;slot_to_entry_us=0;slot_to_sched_us=0;slot_to_write_done_us=0;slot_to_txcmd_us=274;slot_to_txdone_us=610;txcmd_to_txdone_us=335;txdone_to_rxstart_us=61;txdone_to_rxend_us=183;rxenable
[RECV] BSDC91 notify: CD;1;12479;tag=2;local=0xb102;status=0x00806f02;rxf=0x07b6c814;win=8165;pc=8;mask=0xff;resp=8;unexp=0;last_len=20;last_src=0xa107;last_dst=0xb102;last_code=0xe
[RECV] BSDC91 notify: TS;1;12480;f;1443;2026;2031;875;1252;ABCDEFGH;5;10;M;0;S;144;0;full;100
[RECV] BSDC91 notify: TR;2;12480;f;0;ff;ff;2300,1828,2290,2534,1895,1610,2000,2294;2300,1828,2290,2534,1895,1610,2000,2294;100,100,100,100,100,100,100,100;OOOOOOOO
[RECV] BS2DCE notify: RXG;1;12127;tag=1;mask=0xff;pc=8;guard=1200;spacing=1000;win=8165;pre=1;slot_to_entry_us=0;slot_to_sched_us=0;slot_to_write_done_us=0;slot_to_txcmd_us=274;slot_to_txdone_us=610;txcmd_to_txdone_us=335;txdone_to_rxstart_us=61;txdone_to_rxend_us=183;rxenable
[RECV] BSDC91 notify: TDIAG;wait_ms=75;tx_us=610;rx_us=183;coll_us=8300;range_us=44036;solve_us=11962;out_us=2227;clean_us=30;total_ms=143
[RECV] BS2DCE notify: CD;1;12127;tag=1;local=0xb101;status=0x00806f02;rxf=0x0796c814;win=8165;pc=8;mask=0xff;resp=8;unexp=0;last_len=20;last_src=0xa107;last_dst=0xb101;last_code=0xe
[RECV] BS2DCE notify: TS;1;12128;f;925;2443;1618;741;1045;ABCDEFGH;0;10;M;0;S;144;0;full;99
[RECV] BS2DCE notify: TR;2;12128;f;0;ff;ff;2205,2448,2058,1681,2062,2650,2145,1725;2205,2448,2058,1681,2062,2650,2145,1725;100,100,100,100,100,100,100,96;OOOOOOOO
[RECV] BSDC91 notify: TS;1;12481;f;1208;1740;1897;746;1095;ABDEFH;5;10;M;0;S;52;0;full;100
[RECV] BSDC91 notify: TR;2;12481;f;0;ff;bb;2318,1814,0,2580,1845,1447,0,2325;2318,1814,2290,2580,1845,1447,2000,2325;100,100,96,100,100,100,96,100;OOTOOOTO
[RECV] BS2DCE notify: TS;1;12129;f;729;2363;1687;672;1023;ABDEFGH;0;10;M;0;S;54;0;full;99
[RECV] BS2DCE notify: TR;2;12129;f;0;ff;fb;2360,2550,0,1723,2115,2545,2081,1739;2360,2550,2058,1723,2115,2545,2081,1739;100,100,96,100,100,100,100,96;OOTOOOOO
[RECV] BSDC91 notify: TS;1;12482;f;1473;1920;2033;848;1184;ABCDEFGH;5;10;M;0;S;105;0;full;99
[RECV] BSDC91 notify: TR;2;12482;f;0;ff;ff;2260,1817,2362,2724,1892,1401,2154,2370;2260,1817,2362,2724,1892,1401,2154,2370;100,100,96,100,100,100,96,100;OOOOOOOO
[RECV] BS2DCE notify: TS;1;12130;f;980;2436;1624;675;913;ABCDEFG;0;10;M;0;S;100;0;full;99
[RECV] BS2DCE notify: TR;2;12130;f;0;ff;7f;2349,2575,2089,1966,2086,2568,2080,0;2349,2575,2089,1966,2086,2568,2080,1739;100,100,96,100,100,100,100,92;OOOOOOOT
[RECV] BS2DCE notify: TDIAG;wait_ms=78;tx_us=793;rx_us=183;coll_us=8178;range_us=549;solve_us=9460;out_us=2105;clean_us=30;total_ms=100
[RECV] BSDC91 notify: TS;1;12483;f;1438;1891;1975;816;1139;ABCDEFGH;5;10;M;0;S;100;0;full;99
[RECV] BSDC91 notify: TR;2;12483;f;0;ff;ff;2187,1818,2391,2737,1771,1519,2171,2453;2187,1818,2391,2737,1771,1519,2171,2453;100,100,96,100,100,100,96,100;OOOOOOOO
[RECV] BS2DCE notify: TS;1;12131;f;999;2462;1760;743;994;ABCDEFGH;0;10;M;0;S;103;0;full;98
[RECV] BS2DCE notify: TR;2;12131;f;0;ff;ff;2290,2593,2058,1852,2106,2512,1998,1708;2290,2593,2058,1852,2106,2512,1998,1708;100,100,96,100,100,100,100,92;OOOOOOOO
[RECV] BSDC91 notify: TS;1;12484;f;1437;1846;1976;824;1183;ABCDEFGH;5;10;M;0;S;99;0;full;99
[RECV] BSDC91 notify: TR;2;12484;f;0;ff;ff;2149,1746,2383,2846,1714,1517,2280,2388;2149,1746,2383,2846,1714,1517,2280,2388;100,100,96,100,100,100,96,100;OOOOOOOO
[RECV] BS2DCE notify: TS;1;12132;f;1006;2502;1705;729;1013;ABCDEFGH;0;10;M;0;S;100;0;full;98
[RECV] BS2DCE notify: TR;2;12132;f;0;ff;ff;2297,2634,1978,1810,2172,2546,1982,1709;2297,2634,1978,1810,2172,2546,1982,1709;100,100,96,100,100,100,100,93;OOOOOOOO
[RECV] BSDC91 notify: TS;1;12485;f;1391;1841;1974;870;1234;ABCDEFGH;5;10;M;0;S;100;0;full;99
[RECV] BSDC91 notify: TR;2;12485;f;0;ff;ff;2034,1709,2444,2579,1756,1409,2311,2423;2034,1709,2444,2579,1756,1409,2311,2423;100,100,96,100,100,100,96,100;OOOOOOOO
[RECV] BS2DCE notify: TS;1;12133;f;1038;2465;1656;739;1066;ABCDEFGH;0;10;M;0;S;100;0;full;98
[RECV] BS2DCE notify: TR;2;12133;f;0;ff;ff;2255,2537,2015,1718,2159,2454,1900,1913;2255,2537,2015,1718,2159,2454,1900,1913;100,100,96,100,100,100,100,93;OOOOOOOO
[RECV] BSDC91 notify: TS;1;12486;f;1364;1825;1854;818;1148;ABCDEFGH;5;10;M;0;S;100;0;full;99
[RECV] BSDC91 notify: TR;2;12486;f;0;ff;ff;1914,1717,2397,2622,1729,1529,2376,2462;1914,1717,2397,2622,1729,1529,2376,2462;100,100,96,100,100,100,96,100;OOOOOOOO
[RECV] BS2DCE notify: TS;1;12134;f;1050;2472;1833;809;1099;ABCDEFGH;0;10;M;0;S;100;0;full;98
[RECV] BS2DCE notify: TR;2;12134;f;0;ff;ff;2256,2572,2009,1795,2166,2363,1873,1737;2256,2572,2009,1795,2166,2363,1873,1737;100,100,96,100,100,100,100,93;OOOOOOOO
[RECV] BSDC91 notify: TS;1;12487;f;1301;1811;1762;739;1066;ABCDEFGH;5;10;M;0;S;100;0;full;99
[RECV] BSDC91 notify: TR;2;12487;f;0;ff;ff;1901,1758,2497,2662,1715,1678,2454,2438;1901,1758,2497,2662,1715,1678,2454,2438;100,100,96,100,100,100,96,100;OOOOOOOO
[RECV] BS2DCE notify: TS;1;12135;f;1073;2473;1872;809;1099;ABCDEFGH;0;10;M;0;S;100;0;full;98
[RECV] BS2DCE notify: TR;2;12135;f;0;ff;ff;2282,2604,2050,1829,2166,2342,1788,1794;2282,2604,2050,1829,2166,2342,1788,1794;100,100,96,100,100,100,100,93;OOOOOOOO
[RECV] BSDC91 notify: TS;1;12488;f;1201;1810;1782;768;1048;ABCDEFGH;5;10;M;0;S;100;0;full;100
[RECV] BSDC91 notify: TR;2;12488;f;0;ff;ff;1790,1834,2487,2597,1658,1681,2603,2299;1790,1834,2487,2597,1658,1681,2603,2299;100,100,100,100,100,100,100,100;OOOOOOOO
[RECV] BS2DCE notify: TS;1;12136;f;1089;2480;1955;904;1122;ABCDEFG;0;10;M;0;S;97;0;full;100
[RECV] BS2DCE notify: TR;2;12136;f;0;ff;7f;2377,2452,2003,1863,2151,2264,1754,0;2377,2452,2003,1863,2151,2264,1754,1794;100,100,100,100,100,100,100,88;OOOOOOOT
[RECV] BSDC91 notify: TS;1;12489;f;1203;1808;1732;784;1147;ABCDEFGH;5;10;M;0;S;100;0;full;100
[RECV] BSDC91 notify: TR;2;12489;f;0;ff;ff;1745,1702,2503,2526,1630,1774,2531,2328;1745,1702,2503,2526,1630,1774,2531,2328;100,100,100,100,100,100,100,100;OOOOOOOO
[RECV] BS2DCE notify: TS;1;12137;f;1201;2464;1889;827;1118;ABCDEFGH;0;10;M;0;S;103;0;full;98
[RECV] BS2DCE notify: TR;2;12137;f;0;ff;ff;2452,2351,2018,1886,2174,2309,1707,1857;2452,2351,2018,1886,2174,2309,1707,1857;100,100,100,100,100,100,100,88;OOOOOOOO
[RECV] BSDC91 notify: RXG;1;12489;tag=2;mask=0xff;pc=8;guard=1200;spacing=1000;win=8165;pre=1;slot_to_entry_us=0;slot_to_sched_us=0;slot_to_write_done_us=0;slot_to_txcmd_us=274;slot_to_txdone_us=610;txcmd_to_txdone_us=335;txdone_to_rxstart_us=61;txdone_to_rxend_us=183;rxenable
[RECV] BSDC91 notify: CD;1;12489;tag=2;local=0xb102;status=0x00806f02;rxf=0x07d6c814;win=8165;pc=8;mask=0xff;resp=8;unexp=0;last_len=20;last_src=0xa107;last_dst=0xb102;last_code=0xe
[RECV] BSDC91 notify: TS;1;12490;f;1132;1797;1735;763;1098;ABCDEFGH;5;10;M;0;S;144;0;full;100
[RECV] BSDC91 notify: TR;2;12490;f;0;ff;ff;1644,1869,2547,2536,1610,1776,2536,2373;1644,1869,2547,2536,1610,1776,2536,2373;100,100,100,100,100,100,100,100;OOOOOOOO
[RECV] BSDC91 notify: TDIAG;wait_ms=75;tx_us=610;rx_us=183;coll_us=8483;range_us=43945;solve_us=11749;out_us=2258;clean_us=30;total_ms=143
[RECV] BS2DCE notify: RXG;1;12137;tag=1;mask=0xff;pc=8;guard=1200;spacing=1000;win=8165;pre=1;slot_to_entry_us=0;slot_to_sched_us=0;slot_to_write_done_us=0;slot_to_txcmd_us=274;slot_to_txdone_us=610;txcmd_to_txdone_us=335;txdone_to_rxstart_us=91;txdone_to_rxend_us=213;rxenable
[RECV] BSDC91 notify: TS;1;12491;f;1046;1844;-203;792;1236;ABCDEFGH;5;10;M;0;S;57;0;full;100
[RECV] BSDC91 notify: TR;2;12491;f;0;ff;ff;1569,1937,2358,2456,1532,1945,2577,2334;1569,1937,2358,2456,1532,1945,2577,2334;100,100,100,100,100,100,100,100;OOOOOOOO
[RECV] BS2DCE notify: CD;1;12137;tag=1;local=0xb101;status=0x00806f02;rxf=0x0796c814;win=8165;pc=8;mask=0xff;resp=8;unexp=0;last_len=20;last_src=0xa107;last_dst=0xb101;last_code=0xe
[RECV] BS2DCE notify: TS;1;12138;f;1253;2466;1924;856;1111;ABCDEFGH;0;10;M;0;S;143;0;full;98
[RECV] BS2DCE notify: TR;2;12138;f;0;ff;ff;2407,2353,1939,1939,2251,2208,1663,1849;2407,2353,1939,1939,2251,2208,1663,1849;100,100,100,100,100,100,100,89;OOOOOOOO
[RECV] BS2DCE notify: TS;1;12139;f;1365;2442;1840;804;1079;ABCDEFGH;0;10;M;0;S;58;0;full;98
[RECV] BS2DCE notify: TR;2;12139;f;0;ff;ff;2504,2291,1909,1991,2268,2139,1621,2125;2504,2291,1909,1991,2268,2139,1621,2125;100,100,100,100,100,100,100,90;OOOOOOOO
[RECV] BSDC91 notify: TS;1;12492;f;1088;1826;-357;843;1281;ABCDEFGH;5;10;M;0;S;99;0;full;100
[RECV] BS2DCE notify: TS;1;12140;f;1329;2395;1950;847;1106;ABCDEFGH;0;10;M;0;S;99;0;full;98
[RECV] BS2DCE notify: TR;2;12140;f;0;ff;ff;2485,2220,1999,2080,2210,2084,1707,1941;2485,2220,1999,2080,2210,2084,1707,1941;100,100,100,100,100,100,100,90;OOOOOOOO
[RECV] BSDC91 notify: TR;2;12492;f;0;ff;ff;1436,1906,2330,2419,1588,1969,2518,2499;1436,1906,2330,2419,1588,1969,2518,2499;100,100,100,100,100,100,100,100;OOOOOOOO
[RECV] BS2DCE notify: TDIAG;wait_ms=74;tx_us=610;rx_us=183;coll_us=8300;range_us=579;solve_us=12145;out_us=2197;clean_us=30;total_ms=99
[RECV] BSDC91 notify: TS;1;12493;f;992;1790;-214;714;1068;ABCDEFGH;5;10;M;0;S;100;0;full;100
[RECV] BSDC91 notify: TR;2;12493;f;0;ff;ff;1509,1882,2736,2319,1650,2066,2648,2495;1509,1882,2736,2319,1650,2066,2648,2495;100,100,100,100,100,100,100,100;OOOOOOOO
[RECV] BS2DCE notify: TS;1;12141;f;1372;2416;2007;859;1113;ABCDEFGH;0;10;M;0;S;99;0;full;98
[RECV] BS2DCE notify: TR;2;12141;f;0;ff;ff;2570,2285,1957,2130,2271,1971,1678,1929;2570,2285,1957,2130,2271,1971,1678,1929;100,100,100,100,100,100,100,90;OOOOOOOO
[RECV] BSDC91 notify: TS;1;12494;f;926;1881;-365;802;1204;ABCDEFGH;5;10;M;0;S;100;0;full;100
[RECV] BSDC91 notify: TR;2;12494;f;0;ff;ff;1595,1889,2558,2097,1652,2164,2758,2281;1595,1889,2558,2097,1652,2164,2758,2281;100,100,100,100,100,100,100,100;OOOOOOOO
[RECV] BS2DCE notify: TS;1;12142;f;1358;2357;1879;850;1117;ABCDEFG;0;10;M;0;S;98;0;full;100
[RECV] BS2DCE notify: TR;2;12142;f;0;ff;7f;2533,2129,1935,2187,2257,1931,1788,0;2533,2129,1935,2187,2257,1931,1788,1929;100,100,100,100,100,100,100,86;OOOOOOOT
[RECV] BSDC91 notify: TS;1;12495;f;852;1987;-384;846;1242;ABCDEFGH;5;10;M;0;S;100;0;full;100
[RECV] BSDC91 notify: TR;2;12495;f;0;ff;ff;1708,1940,2555,1887,1679,2244,2680,2082;1708,1940,2555,1887,1679,2244,2680,2082;100,100,100,100,100,100,100,100;OOOOOOOO
[RECV] BS2DCE notify: TS;1;12143;f;1437;2349;2097;913;1197;ABCDEFGH;0;10;M;0;S;103;0;full;98
[RECV] BS2DCE notify: TR;2;12143;f;0;ff;ff;2675,2147,1957,2227,2165,1795,1727,1982;2675,2147,1957,2227,2165,1795,1727,1982;100,100,100,100,100,100,100,87;OOOOOOOO
[RECV] BSDC91 notify: TS;1;12496;f;833;2104;-482;934;1327;ABCDEFGH;5;10;M;0;S;100;0;full;100
[RECV] BSDC91 notify: TR;2;12496;f;0;ff;ff;1626,2065,2405,1798,1735,2371,2456,1911;1626,2065,2405,1798,1735,2371,2456,1911;100,100,100,100,100,100,100,100;OOOOOOOO
[RECV] BS2DCE notify: TS;1;12144;f;1418;2403;1823;767;1162;ABCDEFGH;0;10;M;0;S;100;0;full;98
[RECV] BS2DCE notify: TR;2;12144;f;0;ff;ff;2686,2064,1928,2313,2132,2377,1732,1962;2686,2064,1928,2313,2132,2377,1732,1962;100,100,100,100,100,100,100,88;OOOOOOOO
[RECV] BSDC91 notify: TS;1;12497;f;833;2179;-560;960;1362;ABCDEFGH;5;10;M;0;S;100;0;full;100
[RECV] BSDC91 notify: TR;2;12497;f;0;ff;ff;1677,2147,2234,1718,1805,2473,2490,1843;1677,2147,2234,1718,1805,2473,2490,1843;100,100,100,100,100,100,100,100;OOOOOOOO
[RECV] BS2DCE notify: TS;1;12145;f;1431;2356;1785;730;1126;ABCDEFGH;0;10;M;0;S;99;0;full;98
[RECV] BS2DCE notify: TR;2;12145;f;0;ff;ff;2649,2039,2026,2364,2130,2350,1725,2085;2649,2039,2026,2364,2130,2350,1725,2085;100,100,100,100,100,100,100,88;OOOOOOOO
[RECV] BSDC91 notify: TS;1;12498;f;845;2238;-587;950;1375;ABCDEFGH;5;10;M;0;S;100;0;full;100
[RECV] BSDC91 notify: TR;2;12498;f;0;ff;ff;1713,2205,2163,1662,1854,2638,2415,1889;1713,2205,2163,1662,1854,2638,2415,1889;100,100,100,100,100,100,100,100;OOOOOOOO
[RECV] BS2DCE notify: TS;1;12146;f;1426;2325;1727;707;1100;ABCDEFGH;0;10;M;0;S;101;0;full;98
[RECV] BS2DCE notify: TR;2;12146;f;0;ff;ff;2613,2011,2043,2383,2085,2381,1777,2153;2613,2011,2043,2383,2085,2381,1777,2153;100,100,100,100,100,100,100,88;OOOOOOOO
[RECV] BSDC91 notify: TS;1;12499;f;858;2352;-623;1019;1425;ABCDEFGH;5;10;M;0;S;100;0;full;100
[RECV] BSDC91 notify: TR;2;12499;f;0;ff;ff;1806,2264,2085,1493,1913,2655,2188,1748;1806,2264,2085,1493,1913,2655,2188,1748;100,100,100,100,100,100,100,100;OOOOOOOO
[RECV] BS2DCE notify: TS;1;12147;f;1460;2240;1952;811;1190;ABCDEFGH;0;10;M;0;S;99;0;full;98
[RECV] BS2DCE notify: TR;2;12147;f;0;ff;ff;2661,1979,2082,2385,2018,1918,1880,2140;2661,1979,2082,2385,2018,1918,1880,2140;100,100,100,100,100,100,100,89;OOOOOOOO
[RECV] BSDC91 notify: RXG;1;12499;tag=2;mask=0xff;pc=8;guard=1200;spacing=1000;win=8165;pre=1;slot_to_entry_us=0;slot_to_sched_us=0;slot_to_write_done_us=0;slot_to_txcmd_us=274;slot_to_txdone_us=610;txcmd_to_txdone_us=335;txdone_to_rxstart_us=61;txdone_to_rxend_us=183;rxenable
[RECV] BSDC91 notify: CD;1;12499;tag=2;local=0xb102;status=0x00806f02;rxf=0x0766c814;win=8165;pc=8;mask=0xff;resp=8;unexp=0;last_len=20;last_src=0xa107;last_dst=0xb102;last_code=0xe
[RECV] BSDC91 notify: TS;1;12500;f;847;2367;-600;994;1373;ABCDEFGH;5;10;M;0;S;144;0;full;100
[RECV] BSDC91 notify: TR;2;12500;f;0;ff;ff;1901,2279,2055,1468,1959,2614,2292,1701;1901,2279,2055,1468,1959,2614,2292,1701;100,100,100,100,100,100,100,100;OOOOOOOO
[RECV] BSDC91 notify: TDIAG;wait_ms=75;tx_us=610;rx_us=183;coll_us=8300;range_us=43975;solve_us=11718;out_us=2410;clean_us=30;total_ms=143
[RECV] BS2DCE notify: RXG;1;12147;tag=1;mask=0xff;pc=8;guard=1200;spacing=1000;win=8165;pre=1;slot_to_entry_us=0;slot_to_sched_us=0;slot_to_write_done_us=0;slot_to_txcmd_us=274;slot_to_txdone_us=610;txcmd_to_txdone_us=335;txdone_to_rxstart_us=61;txdone_to_rxend_us=274;rxenable
[RECV] BS2DCE notify: CD;1;12147;tag=1;local=0xb101;status=0x00800002;rxf=0x0756c814;win=8165;pc=8;mask=0xff;resp=7;unexp=0;last_len=20;last_src=0xa106;last_dst=0xb101;last_code=0xe
[RECV] BS2DCE notify: TS;1;12148;f;1417;2128;1944;893;1234;ABCDEFG;0;10;M;0;S;142;0;full;100
[RECV] BS2DCE notify: TR;2;12148;f;0;ff;7f;2377,1868,2078,2464,1980,1705,1947,0;2377,1868,2078,2464,1980,1705,1947,2140;100,100,100,100,100,100,100,86;OOOOOOOT
[RECV] BSDC91 notify: TS;1;12501;f;854;2411;-507;920;1316;ABCDEFGH;5;10;M;0;S;56;0;full;100
[RECV] BSDC91 notify: TR;2;12501;f;0;ff;ff;1964,2423,2010,1499,2107,2548,2329,1657;1964,2423,2010,1499,2107,2548,2329,1657;100,100,100,100,100,100,100,100;OOOOOOOO
[RECV] BS2DCE notify: TS;1;12149;f;1419;2060;1935;809;1134;ABCDEFGH;0;10;M;0;S;59;0;full;98
[RECV] BS2DCE notify: TR;2;12149;f;0;ff;ff;2351,1915,2221,2496,1889,1704,2098,2291;2351,1915,2221,2496,1889,1704,2098,2291;100,100,100,100,100,100,100,86;OOOOOOOO
[RECV] BSDC91 notify: TS;1;12502;f;902;2461;1678;810;1202;ABCDEFGH;5;10;M;0;S;100;0;full;100
[RECV] BSDC91 notify: TR;2;12502;f;0;ff;ff;2209,2482,2002,1538,2040,2471,2151,1643;2209,2482,2002,1538,2040,2471,2151,1643;100,100,100,100,100,100,100,100;OOOOOOOO
[RECV] BS2DCE notify: TS;1;12150;f;1387;2039;1967;823;1175;ABCDEFGH;0;10;M;0;S;100;0;full;98
[RECV] BS2DCE notify: TR;2;12150;f;0;ff;ff;2243,1893,2304,2592,1880,1773,2035,2204;2243,1893,2304,2592,1880,1773,2035,2204;100,100,100,100,100,100,100,87;OOOOOOOO
[RECV] BS2DCE notify: TDIAG;wait_ms=75;tx_us=610;rx_us=213;coll_us=8239;range_us=549;solve_us=12115;out_us=2227;clean_us=30;total_ms=99
[RECV] BSDC91 notify: TS;1;12503;f;973;2505;1678;747;997;ABCDEFGH;5;10;M;0;S;100;0;full;100
[RECV] BSDC91 notify: TR;2;12503;f;0;ff;ff;2325,2496,1994,1749,2120,2675,2036,1607;2325,2496,1994,1749,2120,2675,2036,1607;100,100,100,100,100,100,100,100;OOOOOOOO
[RECV] BS2DCE notify: TS;1;12151;f;1370;1925;1874;727;1055;ABCDEFGH;0;10;M;0;S;100;0;full;98
[RECV] BS2DCE notify: TR;2;12151;f;0;ff;ff;2245,1885,2491,2687,1791,1696,2241,2353;2245,1885,2491,2687,1791,1696,2241,2353;100,100,100,100,100,100,100,87;OOOOOOOO
[RECV] BSDC91 notify: TS;1;12504;f;911;2544;-211;786;1116;ABCDEFGH;5;10;M;0;S;100;0;full;100
[RECV] BSDC91 notify: TR;2;12504;f;0;ff;ff;2241,2601,1958,1589,2189,2647,2011,1600;2241,2601,1958,1589,2189,2647,2011,1600;100,100,100,100,100,100,100,100;OOOOOOOO
[RECV] BS2DCE notify: TS;1;12152;f;1310;1923;1737;669;953;ABCDEFGH;0;10;M;0;S;100;0;full;98
[RECV] BS2DCE notify: TR;2;12152;f;0;ff;ff;2157,1925,2501,2545,1876,1701,2424,2366;2157,1925,2501,2545,1876,1701,2424,2366;100,100,100,100,100,100,100,88;OOOOOOOO
[RECV] BSDC91 notify: TS;1;12505;f;966;2524;1718;814;1188;ABCDEFGH;5;10;M;0;S;100;0;full;100
[RECV] BSDC91 notify: TR;2;12505;f;0;ff;ff;2241,2549,1954,1563,2170,2497,1929,1650;2241,2549,1954,1563,2170,2497,1929,1650;100,100,100,100,100,100,100,100;OOOOOOOO
[RECV] BS2DCE notify: TS;1;12153;f;1296;1912;1685;716;1051;ABCDEFGH;0;10;M;0;S;99;0;full;98
[RECV] BS2DCE notify: TR;2;12153;f;0;ff;ff;1987,1795,2392,2516,1848,1774,2451,2325;1987,1795,2392,2516,1848,1774,2451,2325;100,100,100,100,100,100,100,88;OOOOOOOO
[RECV] BSDC91 notify: TS;1;12506;f;983;2588;-186;808;1132;ABCDEFGH;5;10;M;0;S;100;0;full;100
[RECV] BSDC91 notify: TR;2;12506;f;0;ff;ff;2263,2656,1867,1563,2204,2614,1810,1633;2263,2656,1867,1563,2204,2614,1810,1633;100,100,100,100,100,100,100,100;OOOOOOOO
[RECV] BS2DCE notify: TS;1;12154;f;1257;1920;1683;733;1000;ABCDEFG;0;10;M;0;S;98;0;full;100
[RECV] BS2DCE notify: TR;2;12154;f;0;ff;7f;2011,1868,2437,2466,1870,1691,2409,0;2011,1868,2437,2466,1870,1691,2409,2325;100,100,100,100,100,100,100,84;OOOOOOOT
[RECV] BSDC91 notify: TS;1;12507;f;1052;2559;1849;853;1243;ABCDEFGH;5;10;M;0;S;100;0;full;100
[RECV] BSDC91 notify: TR;2;12507;f;0;ff;ff;2330,2578,1953,1608,2245,2409,1734,1675;2330,2578,1953,1608,2245,2409,1734,1675;100,100,100,100,100,100,100,100;OOOOOOOO
[RECV] BS2DCE notify: TS;1;12155;f;1199;1883;1732;743;1033;ABCDEFGH;0;10;M;0;S;103;0;full;98
[RECV] BS2DCE notify: TR;2;12155;f;0;ff;ff;1865,1866,2432,2516,1700,1825,2497,2288;1865,1866,2432,2516,1700,1825,2497,2288;100,100,100,100,100,100,100,85;OOOOOOOO
[RECV] BSDC91 notify: TS;1;12508;f;1135;2575;1929;880;1159;ABCDEFGH;5;10;M;0;S;100;0;full;100
[RECV] BSDC91 notify: TR;2;12508;f;0;ff;ff;2355,2572,1859,1774,2278,2406,1640,1627;2355,2572,1859,1774,2278,2406,1640,1627;100,100,100,100,100,100,100,100;OOOOOOOO
[RECV] BS2DCE notify: TS;1;12156;f;1203;1863;1776;734;1062;ABCDEFGH;0;10;M;0;S;100;0;full;98
[RECV] BS2DCE notify: TR;2;12156;f;0;ff;ff;1779,1972,2442,2755,1730,1839,2433,2235;1779,1972,2442,2755,1730,1839,2433,2235;100,100,100,100,100,100,100,85;OOOOOOOO
[RECV] BSDC91 notify: TS;1;12509;f;1179;2556;1939;884;1228;ABCDEFGH;5;10;M;0;S;100;0;full;100
[RECV] BSDC91 notify: TR;2;12509;f;0;ff;ff;2467,2433,1934,1742,2246,2380,1569,1736;2467,2433,1934,1742,2246,2380,1569,1736;100,100,100,100,100,100,100,100;OOOOOOOO
[RECV] BS2DCE notify: TS;1;12157;f;1142;1893;1378;599;798;ABCDEFGH;0;10;M;0;S;99;0;full;98
[RECV] BS2DCE notify: TR;2;12157;f;0;ff;ff;1807,2032,2431,2422,1736,1924,2502,2440;1807,2032,2431,2422,1736,1924,2502,2440;100,100,100,100,100,100,100,86;OOOOOOOO
[RECV] BSDC91 notify: RXG;1;12509;tag=2;mask=0xff;pc=8;guard=1200;spacing=1000;win=8165;pre=1;slot_to_entry_us=0;slot_to_sched_us=0;slot_to_write_done_us=0;slot_to_txcmd_us=274;slot_to_txdone_us=610;txcmd_to_txdone_us=335;txdone_to_rxstart_us=61;txdone_to_rxend_us=183;rxenable
[RECV] BSDC91 notify: CD;1;12509;tag=2;local=0xb102;status=0x00806f02;rxf=0x0796c814;win=8165;pc=8;mask=0xff;resp=8;unexp=0;last_len=20;last_src=0xa107;last_dst=0xb102;last_code=0xe
[RECV] BS2DCE notify: RXG;1;12157;tag=1;mask=0xff;pc=8;guard=1200;spacing=1000;win=8165;pre=1;slot_to_entry_us=0;slot_to_sched_us=0;slot_to_write_done_us=0;slot_to_txcmd_us=274;slot_to_txdone_us=610;txcmd_to_txdone_us=335;txdone_to_rxstart_us=61;txdone_to_rxend_us=183;rxenable
[RECV] BSDC91 notify: TS;1;12510;f;1216;2542;2003;886;1214;ABCDEFGH;5;10;M;0;S;144;0;full;100
[RECV] BSDC91 notify: TR;2;12510;f;0;ff;ff;2546,2459,1959,1824,2234,2271,1571,1760;2546,2459,1959,1824,2234,2271,1571,1760;100,100,100,100,100,100,100,100;OOOOOOOO
[RECV] BS2DCE notify: CD;1;12157;tag=1;local=0xb101;status=0x00806f02;rxf=0x07c6c814;win=8165;pc=8;mask=0xff;resp=8;unexp=0;last_len=20;last_src=0xa107;last_dst=0xb101;last_code=0xe
[RECV] BS2DCE notify: TS;1;12158;f;1073;1938;1809;751;1066;ABCDEFGH;0;10;M;0;S;144;0;full;98
[RECV] BS2DCE notify: TR;2;12158;f;0;ff;ff;1794,2146,2518,2408,1692,1902,2391,2227;1794,2146,2518,2408,1692,1902,2391,2227;100,100,100,100,100,100,100,86;OOOOOOOO
[RECV] BSDC91 notify: TDIAG;wait_ms=75;tx_us=610;rx_us=183;coll_us=8300;range_us=44067;solve_us=11993;out_us=2227;clean_us=61;total_ms=143
[RECV] BSDC91 notify: TS;1;12511;f;1306;2543;2087;962;1243;ABCDEFGH;5;10;M;0;S;58;0;full;100
[RECV] BSDC91 notify: TR;2;12511;f;0;ff;ff;2548,2374,1829,1894,2258,2178,1457,1777;2548,2374,1829,1894,2258,2178,1457,1777;100,100,100,100,100,100,100,100;OOOOOOOO
[RECV] BS2DCE notify: TS;1;12159;f;1122;1930;45;713;1024;ABDEFGH;0;10;M;0;S;54;0;full;98
[RECV] BS2DCE notify: TR;2;12159;f;0;ff;fb;1700,2120,0,2357,1690,1878,2476,2280;1700,2120,2518,2357,1690,1878,2476,2280;100,100,95,100,100,100,100,87;OOTOOOOO
[RECV] BSDC91 notify: TS;1;12512;f;1351;2530;2014;894;1198;ABCDEFGH;5;10;M;0;S;98;0;full;100
[RECV] BSDC91 notify: TR;2;12512;f;0;ff;ff;2566,2425,1812,1996,2248,2195,1457,1930;2566,2425,1812,1996,2248,2195,1457,1930;100,100,100,100,100,100,100,100;OOOOOOOO
[RECV] BS2DCE notify: TS;1;12160;f;976;1881;1632;666;985;ABCDEFGH;0;10;M;0;S;102;0;full;98
[RECV] BS2DCE notify: TR;2;12160;f;0;ff;ff;1690,2077,2703,2391,1703,2070,2520,2268;1690,2077,2703,2391,1703,2070,2520,2268;100,100,96,100,100,100,100,88;OOOOOOOO
[RECV] BS2DCE notify: TDIAG;wait_ms=78;tx_us=671;rx_us=305;coll_us=8087;range_us=579;solve_us=11962;out_us=2288;clean_us=61;total_ms=102
[RECV] BS2DCE notify: TS;1;12161;f;946;1885;1554;650;951;ABCDEFGH;0;10;M;0;S;101;0;full;98
[RECV] BS2DCE notify: TR;2;12161;f;0;ff;ff;1669,2042,2728,2307,1720,2134,2547,2300;1669,2042,2728,2307,1720,2134,2547,2300;100,100,96,100,100,100,100,88;OOOOOOOO
[RECV] BSDC91 notify: TS;1;12513;f;1436;2526;1904;845;1164;ABCDEFGH;5;10;M;0;S;100;0;full;100
[RECV] BSDC91 notify: TR;2;12513;f;0;ff;ff;2646,2304,1742,2012,2367,2149,1533,1990;2646,2304,1742,2012,2367,2149,1533,1990;100,100,100,100,100,100,100,100;OOOOOOOO
[RECV] BSDC91 notify: TS;1;12514;f;1456;2486;1975;873;1174;ABCDEFGH;5;10;M;0;S;100;0;full;100
[RECV] BSDC91 notify: TR;2;12514;f;0;ff;ff;2658,2281,1798,2059,2313,2044,1501,2068;2658,2281,1798,2059,2313,2044,1501,2068;100,100,100,100,100,100,100,100;OOOOOOOO
[RECV] BS2DCE notify: TS;1;12162;f;927;1848;1496;623;911;ABCDEFGH;0;10;M;0;S;100;0;full;98
[RECV] BS2DCE notify: TR;2;12162;f;0;ff;ff;1641,2021,2798,2287,1718,2116,2621,2388;1641,2021,2798,2287,1718,2116,2621,2388;100,100,96,100,100,100,100,88;OOOOOOOO
[RECV] BSDC91 notify: TS;1;12515;f;1457;2443;2098;923;1228;ABCDEFGH;5;10;M;0;S;100;0;full;100
[RECV] BSDC91 notify: TR;2;12515;f;0;ff;ff;2666,2312,1854,2123,2348,1781,1564,2009;2666,2312,1854,2123,2348,1781,1564,2009;100,100,100,100,100,100,100,100;OOOOOOOO
[RECV] BS2DCE notify: TS;1;12163;f;1087;1864;-267;670;1066;ABCDEFGH;0;10;M;0;S;99;0;full;98
[RECV] BS2DCE notify: TR;2;12163;f;0;ff;ff;1720,2004,2469,2115,1771,2143,2689,2786;1720,2004,2469,2115,1771,2143,2689,2786;100,100,96,100,100,100,100,89;OOOOOOOO
[RECV] BSDC91 notify: TS;1;12516;f;1462;2417;2083;926;1259;ABCDEFGH;5;10;M;0;S;100;0;full;100
[RECV] BSDC91 notify: TR;2;12516;f;0;ff;ff;2630,2202,1828,2199,2288,1861,1626,1942;2630,2202,1828,2199,2288,1861,1626,1942;100,100,100,100,100,100,100,100;OOOOOOOO
[RECV] BS2DCE notify: TS;1;12164;f;1186;1844;-303;665;1111;ABCDEFGH;0;10;M;0;S;101;0;full;98
[RECV] BS2DCE notify: TR;2;12164;f;0;ff;ff;1795,1982,2292,2043,1773,2224,2709,3296;1795,1982,2292,2043,1773,2224,2709,3296;100,100,96,100,100,100,100,89;OOOOOOOO
[RECV] BSDC91 notify: TS;1;12517;f;1547;2494;2155;917;1246;ABCDEFGH;5;10;M;0;S;100;0;full;100
[RECV] BSDC91 notify: TR;2;12517;f;0;ff;ff;3327,2203,1874,2190,2246,1757,1593,1950;3327,2203,1874,2190,2246,1757,1593,1950;100,100,100,100,100,100,100,100;OOOOOOOO
[RECV] BS2DCE notify: TS;1;12165;f;952;2001;-279;747;1068;ABCDEFGH;0;10;M;0;S;100;0;full;98
[RECV] BS2DCE notify: TR;2;12165;f;0;ff;ff;1764,2024,2491,2025,1826,2216,2637,2163;1764,2024,2491,2025,1826,2216,2637,2163;100,100,96,100,100,100,100,90;OOOOOOOO
[RECV] BSDC91 notify: TS;1;12518;f;1585;2529;2096;879;1256;ABCDEFGH;5;10;M;0;S;100;0;full;100
[RECV] BSDC91 notify: TR;2;12518;f;0;ff;ff;3394,2171,1846,2225,2254,1926,1508,2008;3394,2171,1846,2225,2254,1926,1508,2008;100,100,100,100,100,100,100,100;OOOOOOOO
[RECV] BS2DCE notify: TS;1;12166;f;855;2019;1539;679;1003;ABCDEFGH;0;10;M;0;S;99;0;full;98
[RECV] BS2DCE notify: TR;2;12166;f;0;ff;ff;1819,2057,2737,1976,1771,2327,2477,2142;1819,2057,2737,1976,1771,2327,2477,2142;100,100,96,100,100,100,100,90;OOOOOOOO
[RECV] BSDC91 notify: TS;1;12519;f;1642;2553;2039;828;1268;ABCDEFGH;5;10;M;0;S;100;0;full;100
[RECV] BSDC91 notify: TR;2;12519;f;0;ff;ff;3618,2127,1863,2351,2270,2032,1514,2000;3618,2127,1863,2351,2270,2032,1514,2000;100,100,100,100,100,100,100,100;OOOOOOOO
[RECV] BS2DCE notify: TS;1;12167;f;966;2081;-328;797;1172;ABCDEFGH;0;10;M;0;S;101;0;full;98
[RECV] BS2DCE notify: TR;2;12167;f;0;ff;ff;1835,2047,2395,1908,1814,2296,2452,2138;1835,2047,2395,1908,1814,2296,2452,2138;100,100,96,100,100,100,100,90;OOOOOOOO
[RECV] BSDC91 notify: RXG;1;12519;tag=2;mask=0xff;pc=8;guard=1200;spacing=1000;win=8165;pre=1;slot_to_entry_us=0;slot_to_sched_us=0;slot_to_write_done_us=0;slot_to_txcmd_us=274;slot_to_txdone_us=610;txcmd_to_txdone_us=335;txdone_to_rxstart_us=61;txdone_to_rxend_us=183;rxenable
[RECV] BSDC91 notify: CD;1;12519;tag=2;local=0xb102;status=0x00806f02;rxf=0x07b6c814;win=8165;pc=8;mask=0xff;resp=8;unexp=0;last_len=20;last_src=0xa107;last_dst=0xb102;last_code=0xe
[RECV] BSDC91 notify: TS;1;12520;f;1478;2468;1887;759;1086;ABCDEFGH;5;10;M;0;S;144;0;full;100
[RECV] BS2DCE notify: RXG;1;12167;tag=1;mask=0xff;pc=8;guard=1200;spacing=1000;win=8165;pre=1;slot_to_entry_us=0;slot_to_sched_us=0;slot_to_write_done_us=0;slot_to_txcmd_us=274;slot_to_txdone_us=610;txcmd_to_txdone_us=335;txdone_to_rxstart_us=91;txdone_to_rxend_us=213;rxenable
[RECV] BSDC91 notify: TR;2;12520;f;0;ff;ff;2814,2205,1936,2323,2226,2324,1509,2073;2814,2205,1936,2323,2226,2324,1509,2073;100,100,100,100,100,100,100,100;OOOOOOOO
[RECV] BSDC91 notify: TDIAG;wait_ms=75;tx_us=610;rx_us=183;coll_us=8483;range_us=43914;solve_us=11871;out_us=2227;clean_us=30;total_ms=143
[RECV] BSDC91 notify: TS;1;12521;f;1589;2521;1947;786;1242;ABCDEFGH;5;10;M;0;S;56;0;full;100
[RECV] BS2DCE notify: CD;1;12167;tag=1;local=0xb101;status=0x00806f02;rxf=0x0766c814;win=8165;pc=8;mask=0xff;resp=8;unexp=0;last_len=20;last_src=0xa107;last_dst=0xb101;last_code=0xe
[RECV] BS2DCE notify: TS;1;12168;f;931;2105;-428;864;1269;ABCDEFGH;0;10;M;0;S;144;0;full;99
[RECV] BS2DCE notify: TR;2;12168;f;0;ff;ff;1755,2065,2293,1884,1786,2359,2453,2055;1755,2065,2293,1884,1786,2359,2453,2055;100,100,100,100,100,100,100,94;OOOOOOOO
[RECV] BSDC91 notify: TR;2;12521;f;0;ff;ff;3427,2089,1908,2302,2200,2189,1553,2054;3427,2089,1908,2302,2200,2189,1553,2054;100,100,100,100,100,100,100,100;OOOOOOOO
[RECV] BS2DCE notify: TS;1;12169;f;1062;2119;1770;888;1215;ABCDEGH;0;10;M;0;S;54;0;full;99
[RECV] BS2DCE notify: TR;2;12169;f;0;ff;df;1863,2181,2267,1882,1797,0,2363,1937;1863,2181,2267,1882,1797,2359,2363,1937;100,100,100,100,100,94,100,94;OOOOOTOO
[RECV] BSDC91 notify: TS;1;12522;f;1548;2373;2056;876;1280;ABCDEFGH;5;10;M;0;S;100;0;full;100
[RECV] BSDC91 notify: TR;2;12522;f;0;ff;ff;2831,2020,1906,2417,2190,1967,1602,2037;2831,2020,1906,2417,2190,1967,1602,2037;100,100,100,100,100,100,100,100;OOOOOOOO
[RECV] BS2DCE notify: TS;1;12170;f;892;2159;-411;882;1261;ABCDEFGH;0;10;M;0;S;102;0;full;98
[RECV] BS2DCE notify: TR;2;12170;f;0;ff;ff;1808,2056,2340,1806,1811,2407,2375,1919;1808,2056,2340,1806,1811,2407,2375,1919;100,100,100,100,100,94,100,94;OOOOOOOO
[RECV] BS2DCE notify: TDIAG;wait_ms=77;tx_us=610;rx_us=183;coll_us=8270;range_us=549;solve_us=12207;out_us=2197;clean_us=30;total_ms=101
[RECV] BSDC91 notify: TS;1;12523;f;1511;2337;1989;823;1189;ABCDEFGH;5;10;M;0;S;100;0;full;100
[RECV] BSDC91 notify: TR;2;12523;f;0;ff;ff;2713,2055,2005,2430,2155,2030,1614,2123;2713,2055,2005,2430,2155,2030,1614,2123;100,100,100,100,100,100,100,100;OOOOOOOO
[RECV] BS2DCE notify: TS;1;12171;f;916;2195;-421;866;1273;ABCDEFGH;0;10;M;0;S;100;0;full;98
[RECV] BS2DCE notify: TR;2;12171;f;0;ff;ff;1903,2092,2197,1815,1839,2458,2413,1932;1903,2092,2197,1815,1839,2458,2413,1932;100,100,100,100,100,95,100,95;OOOOOOOO
[RECV] BSDC91 notify: TS;1;12524;f;1512;2342;1952;818;1217;ABCDEFGH;5;10;M;0;S;100;0;full;100
[RECV] BSDC91 notify: TR;2;12524;f;0;ff;ff;2716,2008,1987,2371,2199,2032,1669,2094;2716,2008,1987,2371,2199,2032,1669,2094;100,100,100,100,100,100,100,100;OOOOOOOO
[RECV] BS2DCE notify: TS;1;12172;f;893;2237;-419;864;1255;ABCDEFGH;0;10;M;0;S;99;0;full;98
[RECV] BS2DCE notify: TR;2;12172;f;0;ff;ff;1900,2181,2228,1717,1880,2501,2342,1918;1900,2181,2228,1717,1880,2501,2342,1918;100,100,100,100,100,95,100,95;OOOOOOOO
[RECV] BSDC91 notify: TS;1;12525;f;1529;2272;1985;826;1214;ABCDEFGH;5;10;M;0;S;100;0;full;100
[RECV] BSDC91 notify: TR;2;12525;f;0;ff;ff;2685,1975,2022,2491,2086,1952,1710,2176;2685,1975,2022,2491,2086,1952,1710,2176;100,100,100,100,100,100,100,100;OOOOOOOO
[RECV] BS2DCE notify: TS;1;12173;f;899;2285;-407;854;1275;ABCDEFGH;0;10;M;0;S;101;0;full;98
[RECV] BS2DCE notify: TR;2;12173;f;0;ff;ff;1999,2161,2132,1757,1890,2636,2317,1863;1999,2161,2132,1757,1890,2636,2317,1863;100,100,100,100,100,95,100,95;OOOOOOOO
[RECV] BSDC91 notify: TS;1;12526;f;1525;2249;2070;893;1298;ABCDEFGH;5;10;M;0;S;100;0;full;100
[RECV] BSDC91 notify: TR;2;12526;f;0;ff;ff;2665,1930,2007,2472,2043,1840,1728,2136;2665,1930,2007,2472,2043,1840,1728,2136;100,100,100,100,100,100,100,100;OOOOOOOO
[RECV] BS2DCE notify: TS;1;12174;f;894;2271;-374;844;1246;ABCDEFGH;0;10;M;0;S;100;0;full;98
[RECV] BS2DCE notify: TR;2;12174;f;0;ff;ff;1965,2224,2189,1725,1887,2541,2301,1888;1965,2224,2189,1725,1887,2541,2301,1888;100,100,100,100,100,95,100,95;OOOOOOOO
[RECV] BSDC91 notify: TS;1;12527;f;1533;2199;2122;907;1359;ABCDEFGH;5;10;M;0;S;100;0;full;100
[RECV] BSDC91 notify: TR;2;12527;f;0;ff;ff;2761,1866,2150,2469,2015,1696,1743,2189;2761,1866,2150,2469,2015,1696,1743,2189;100,100,100,100,100,100,100,100;OOOOOOOO
[RECV] BS2DCE notify: TS;1;12175;f;846;2318;-461;888;1308;ABCDEFGH;0;10;M;0;S;99;0;full;98
[RECV] BS2DCE notify: TR;2;12175;f;0;ff;ff;1980,2251,2135,1607,1900,2650,2345,1802;1980,2251,2135,1607,1900,2650,2345,1802;100,100,100,100,100,95,100,95;OOOOOOOO
[RECV] BSDC91 notify: TS;1;12528;f;1542;2172;2100;880;1318;ABCDEFGH;5;10;M;0;S;100;0;full;100
[RECV] BSDC91 notify: TR;2;12528;f;0;ff;ff;2841,1871,2161,2495,1992,1616,1886,2189;2841,1871,2161,2495,1992,1616,1886,2189;100,100,100,100,100,100,100,100;OOOOOOOO
[RECV] BS2DCE notify: TS;1;12176;f;872;2323;-380;841;1230;ABCDEFGH;0;10;M;0;S;101;0;full;99
[RECV] BS2DCE notify: TR;2;12176;f;0;ff;ff;2028,2273,2185,1629,1940,2605,2289,1838;2028,2273,2185,1629,1940,2605,2289,1838;100,100,100,100,100,96,100,96;OOOOOOOO
[RECV] BSDC91 notify: TS;1;12529;f;1600;2218;2005;800;1276;ABCDEFGH;5;10;M;0;S;100;0;full;100
[RECV] BSDC91 notify: TR;2;12529;f;0;ff;ff;3133,1865,2175,2536,1996,1761,1859,2256;3133,1865,2175,2536,1996,1761,1859,2256;100,100,100,100,100,100,100,100;OOOOOOOO
[RECV] BS2DCE notify: TS;1;12177;f;891;2343;-373;851;1233;ABCDEFGH;0;10;M;0;S;100;0;full;99
[RECV] BS2DCE notify: TR;2;12177;f;0;ff;ff;2090,2234,2124,1642,1953,2592,2255,1799;2090,2234,2124,1642,1953,2592,2255,1799;100,100,100,100,100,96,100,96;OOOOOOOO
[RECV] BSDC91 notify: RXG;1;12529;tag=2;mask=0xff;pc=8;guard=1200;spacing=1000;win=8165;pre=1;slot_to_entry_us=0;slot_to_sched_us=0;slot_to_write_done_us=0;slot_to_txcmd_us=274;slot_to_txdone_us=610;txcmd_to_txdone_us=335;txdone_to_rxstart_us=61;txdone_to_rxend_us=183;rxenable
[RECV] BSDC91 notify: CD;1;12529;tag=2;local=0xb102;status=0x00806f02;rxf=0x07d6c814;win=8165;pc=8;mask=0xff;resp=8;unexp=0;last_len=20;last_src=0xa107;last_dst=0xb102;last_code=0xe
[RECV] BSDC91 notify: TS;1;12530;f;1485;2085;2021;870;1291;ABCDEFGH;5;10;M;0;S;144;0;full;100
[RECV] BSDC91 notify: TR;2;12530;f;0;ff;ff;2459,1806,2205,2505,1930,1677,1959,2261;2459,1806,2205,2505,1930,1677,1959,2261;100,100,100,100,100,100,100,100;OOOOOOOO
[RECV] BS2DCE notify: RXG;1;12177;tag=1;mask=0xff;pc=8;guard=1200;spacing=1000;win=8165;pre=1;slot_to_entry_us=0;slot_to_sched_us=0;slot_to_write_done_us=0;slot_to_txcmd_us=274;slot_to_txdone_us=610;txcmd_to_txdone_us=335;txdone_to_rxstart_us=122;txdone_to_rxend_us=244;rxenabl
[RECV] BSDC91 notify: TDIAG;wait_ms=75;tx_us=610;rx_us=183;coll_us=8300;range_us=44006;solve_us=11718;out_us=2227;clean_us=30;total_ms=143
[RECV] BS2DCE notify: CD;1;12177;tag=1;local=0xb101;status=0x00806f02;rxf=0x07b6c814;win=8165;pc=8;mask=0xff;resp=8;unexp=0;last_len=20;last_src=0xa107;last_dst=0xb101;last_code=0xe
[RECV] BS2DCE notify: TS;1;12178;f;924;2362;1601;778;1102;ABCDEFGH;0;10;M;0;S;144;0;full;99
[RECV] BS2DCE notify: TR;2;12178;f;0;ff;ff;2116,2331,2063,1669,1918,2504,2191,1805;2116,2331,2063,1669,1918,2504,2191,1805;100,100,100,100,100,96,100,96;OOOOOOOO
[RECV] BSDC91 notify: TS;1;12531;f;1529;2035;2016;917;1271;ABCDEGH;5;10;M;0;S;55;0;full;100
[RECV] BSDC91 notify: TR;2;12531;f;0;ff;df;2306,1774,2196,2608,1944,0,1934,2306;2306,1774,2196,2608,1944,1677,1934,2306;100,100,100,100,100,96,100,100;OOOOOTOO
[RECV] BS2DCE notify: TS;1;12179;f;943;2410;-269;789;1128;ABCDEFGH;0;10;M;0;S;56;0;full;99
[RECV] BS2DCE notify: TR;2;12179;f;0;ff;ff;2166,2431,2041,1690,2064,2540,2154,1790;2166,2431,2041,1690,2064,2540,2154,1790;100,100,100,100,100,96,100,96;OOOOOOOO
[RECV] BSDC91 notify: TS;1;12532;f;1470;1994;2033;884;1282;ABCDEFGH;5;10;M;0;S;101;0;full;99
[RECV] BSDC91 notify: TR;2;12532;f;0;ff;ff;2293,1768,2267,2596,1849,1583,2036,2328;2293,1768,2267,2596,1849,1583,2036,2328;100,100,100,100,100,96,100,100;OOOOOOOO
[RECV] BS2DCE notify: TS;1;12180;f;927;2456;1607;717;1032;ABCDEFGH;0;10;M;0;S;100;0;full;99
[RECV] BS2DCE notify: TR;2;12180;f;0;ff;ff;2326,2486,2069,1679,2004,2666,2146,1759;2326,2486,2069,1679,2004,2666,2146,1759;100,100,100,100,100,96,100,96;OOOOOOOO
[RECV] BS2DCE notify: TDIAG;wait_ms=75;tx_us=610;rx_us=183;coll_us=8239;range_us=579;solve_us=12237;out_us=2197;clean_us=30;total_ms=99
[RECV] BSDC91 notify: TS;1;12533;f;1452;1939;1931;791;1166;ABCDEFGH;5;10;M;0;S;100;0;full;99
[RECV] BSDC91 notify: TR;2;12533;f;0;ff;ff;2250,1787,2388,2688,1889,1580,2174,2357;2250,1787,2388,2688,1889,1580,2174,2357;100,100,100,100,100,96,100,100;OOOOOOOO
[RECV] BS2DCE notify: TS;1;12181;f;1017;2473;1708;737;1077;ABCDEFGH;0;10;M;0;S;100;0;full;99
[RECV] BS2DCE notify: TR;2;12181;f;0;ff;ff;2398,2580,2002,1723,2060,2444,2070,1807;2398,2580,2002,1723,2060,2444,2070,1807;100,100,100,100,100,96,100,96;OOOOOOOO
[RECV] BSDC91 notify: TS;1;12534;f;1437;1897;1960;816;1146;ABCDEFGH;5;10;M;0;S;100;0;full;99
[RECV] BSDC91 notify: TR;2;12534;f;0;ff;ff;2188,1805,2378,2688,1805,1486,2242,2415;2188,1805,2378,2688,1805,1486,2242,2415;100,100,100,100,100,96,100,100;OOOOOOOO
[RECV] BS2DCE notify: TS;1;12182;f;808;2556;-5;629;1020;ABCDEFGH;0;10;M;0;S;100;0;full;99
[RECV] BS2DCE notify: TR;2;12182;f;0;ff;ff;2203,2600,2070,1997,2116,3562,2073,1762;2203,2600,2070,1997,2116,3562,2073,1762;100,100,100,100,100,96,100,96;OOOOOOOO
[RECV] BSDC91 notify: TS;1;12535;f;1423;1867;1984;805;1139;ABCDEFGH;5;10;M;0;S;100;0;full;99
[RECV] BSDC91 notify: TR;2;12535;f;0;ff;ff;2185,1814,2435,2830,1770,1493,2282,2337;2185,1814,2435,2830,1770,1493,2282,2337;100,100,100,100,100,96,100,100;OOOOOOOO
[RECV] BS2DCE notify: TS;1;12183;f;998;2449;1746;737;975;ABCDEFGH;0;10;M;0;S;100;0;full;99
[RECV] BS2DCE notify: TR;2;12183;f;0;ff;ff;2233,2599,2077,1876,2102,2533,1987,1731;2233,2599,2077,1876,2102,2533,1987,1731;100,100,100,100,100,96,100,96;OOOOOOOO
[RECV] BSDC91 notify: TS;1;12536;f;1454;1849;1996;854;1244;ABCDEFGH;5;10;M;0;S;100;0;full;100
[RECV] BSDC91 notify: TR;2;12536;f;0;ff;ff;2102,1694,2375,2848,1742,1507,2229,2377;2102,1694,2375,2848,1742,1507,2229,2377;100,100,100,100,100,100,100,100;OOOOOOOO
[RECV] BS2DCE notify: TS;1;12184;f;989;2477;1734;750;1033;ABCDEFGH;0;10;M;0;S;99;0;full;100
[RECV] BS2DCE notify: TR;2;12184;f;0;ff;ff;2250,2600,2060,1768,2150,2507,1965,1720;2250,2600,2060,1768,2150,2507,1965,1720;100,100,100,100,100,100,100,100;OOOOOOOO
[RECV] BSDC91 notify: TS;1;12537;f;1394;1841;1974;877;1247;ABCDEFGH;5;10;M;0;S;100;0;full;100
[RECV] BSDC91 notify: TR;2;12537;f;0;ff;ff;2043,1695,2408,2576,1699,1428,2335,2433;2043,1695,2408,2576,1699,1428,2335,2433;100,100,100,100,100,100,100,100;OOOOOOOO
[RECV] BS2DCE notify: TS;1;12185;f;1034;2479;1793;821;1146;ABCDEFGH;0;10;M;0;S;101;0;full;100
[RECV] BS2DCE notify: TR;2;12185;f;0;ff;ff;2251,2464,2017,1711,2173,2425,1889,1680;2251,2464,2017,1711,2173,2425,1889,1680;100,100,100,100,100,100,100,100;OOOOOOOO
[RECV] BSDC91 notify: TS;1;12538;f;1347;1806;1828;800;1115;ABCDEFGH;5;10;M;0;S;100;0;full;100
[RECV] BSDC91 notify: TR;2;12538;f;0;ff;ff;1872,1728,2426,2645,1727,1525,2432,2465;1872,1728,2426,2645,1727,1525,2432,2465;100,100,100,100,100,100,100,100;OOOOOOOO
[RECV] BS2DCE notify: TS;1;12186;f;1043;2495;1829;824;1143;ABCDEFGH;0;10;M;0;S;100;0;full;100
[RECV] BS2DCE notify: TR;2;12186;f;0;ff;ff;2270,2563,1981,1731,2151,2406,1856,1707;2270,2563,1981,1731,2151,2406,1856,1707;100,100,100,100,100,100,100,100;OOOOOOOO
[RECV] BSDC91 notify: TS;1;12539;f;1276;1835;1738;728;1027;ABCDEFGH;5;10;M;0;S;100;0;full;100
[RECV] BSDC91 notify: TR;2;12539;f;0;ff;ff;1886,1809,2471,2632,1715,1734,2460,2419;1886,1809,2471,2632,1715,1734,2460,2419;100,100,100,100,100,100,100,100;OOOOOOOO
[RECV] BS2DCE notify: TS;1;12187;f;1083;2496;1841;795;1092;ABCDEFGH;0;10;M;0;S;99;0;full;100
[RECV] BS2DCE notify: TR;2;12187;f;0;ff;ff;2288,2654,2010,1807,2212,2334,1796,1794;2288,2654,2010,1807,2212,2334,1796,1794;100,100,100,100,100,100,100,100;OOOOOOOO
[RECV] BSDC91 notify: RXG;1;12539;tag=2;mask=0xff;pc=8;guard=1200;spacing=1000;win=8165;pre=1;slot_to_entry_us=0;slot_to_sched_us=0;slot_to_write_done_us=0;slot_to_txcmd_us=274;slot_to_txdone_us=610;txcmd_to_txdone_us=335;txdone_to_rxstart_us=61;txdone_to_rxend_us=183;rxenable
[RECV] BSDC91 notify: CD;1;12539;tag=2;local=0xb102;status=0x00806f02;rxf=0x07b6c814;win=8165;pc=8;mask=0xff;resp=7;unexp=0;last_len=20;last_src=0xa107;last_dst=0xb102;last_code=0xe
[RECV] BSDC91 notify: TS;1;12540;f;1157;1810;1691;757;1035;ABCDFGH;5;10;M;0;S;141;0;full;100
[RECV] BSDC91 notify: TR;2;12540;f;0;ff;ef;1785,1813,2486,2601,0,1730,2575,2318;1785,1813,2486,2601,1715,1730,2575,2318;100,100,100,100,95,100,100,100;OOOOTOOO
[RECV] BS2DCE notify: RXG;1;12187;tag=1;mask=0xff;pc=8;guard=1200;spacing=1000;win=8165;pre=1;slot_to_entry_us=0;slot_to_sched_us=0;slot_to_write_done_us=0;slot_to_txcmd_us=274;slot_to_txdone_us=610;txcmd_to_txdone_us=335;txdone_to_rxstart_us=61;txdone_to_rxend_us=183;rxenable
[RECV] BSDC91 notify: TDIAG;wait_ms=76;tx_us=610;rx_us=183;coll_us=8422;range_us=44067;solve_us=9338;out_us=2410;clean_us=30;total_ms=141
[RECV] BS2DCE notify: CD;1;12187;tag=1;local=0xb101;status=0x00806f02;rxf=0x0776c814;win=8165;pc=8;mask=0xff;resp=8;unexp=0;last_len=20;last_src=0xa107;last_dst=0xb101;last_code=0xe
[RECV] BS2DCE notify: TS;1;12188;f;1170;2487;1849;810;1096;ABCDEFGH;0;10;M;0;S;144;0;full;100
[RECV] BS2DCE notify: TR;2;12188;f;0;ff;ff;2413,2442,1968,1854,2187,2352,1751,1816;2413,2442,1968,1854,2187,2352,1751,1816;100,100,100,100,100,100,100,100;OOOOOOOO
[RECV] BSDC91 notify: TS;1;12541;f;1133;1683;1722;846;1086;ABDEH;5;10;M;0;S;54;0;full;99
[RECV] BSDC91 notify: TR;2;12541;f;0;ff;9b;1686,1714,0,2499,1666,0,0,2304;1686,1714,2486,2499,1666,1730,2575,2304;100,100,95,100,95,95,95,100;OOTOOTTO
[RECV] BS2DCE notify: TS;1;12189;f;1198;2472;1951;866;1151;ABCDEFGH;0;10;M;0;S;56;0;full;100
[RECV] BS2DCE notify: TR;2;12189;f;0;ff;ff;2428,2357,2024,1886,2173,2308,1651,1793;2428,2357,2024,1886,2173,2308,1651,1793;100,100,100,100,100,100,100,100;OOOOOOOO
[RECV] BSDC91 notify: TS;1;12542;f;1152;1806;1703;774;1102;ABCDEFGH;5;10;M;0;S;106;0;full;97
[RECV] BSDC91 notify: TR;2;12542;f;0;ff;ff;1635,1791,2488,2530,1654,1788,2546,2316;1635,1791,2488,2530,1654,1788,2546,2316;100,100,95,100,95,95,95,100;OOOOOOOO
[RECV] BS2DCE notify: TS;1;12190;f;1232;2497;1938;854;1138;ABCDEFGH;0;10;M;0;S;100;0;full;100
[RECV] BS2DCE notify: TR;2;12190;f;0;ff;ff;2479,2398,1950,1892,2239,2252,1662,1799;2479,2398,1950,1892,2239,2252,1662,1799;100,100,100,100,100,100,100,100;OOOOOOOO
[RECV] BS2DCE notify: TDIAG;wait_ms=75;tx_us=610;rx_us=244;coll_us=8361;range_us=549;solve_us=11810;out_us=2380;clean_us=30;total_ms=100
[RECV] BSDC91 notify: TS;1;12543;f;1014;1828;-81;707;1066;ABCDEFGH;5;10;M;0;S;100;0;full;97
[RECV] BSDC91 notify: TR;2;12543;f;0;ff;ff;1550,1955,2569,2529,1605,1997,2584,2317;1550,1955,2569,2529,1605,1997,2584,2317;100,100,95,100,95,95,95,100;OOOOOOOO
[RECV] BS2DCE notify: TS;1;12191;f;1329;2466;1913;823;1127;ABCDEFGH;0;10;M;0;S;101;0;full;100
[RECV] BS2DCE notify: TR;2;12191;f;0;ff;ff;2576,2373,1941,1954,2240,2121,1629,2026;2576,2373,1941,1954,2240,2121,1629,2026;100,100,100,100,100,100,100,100;OOOOOOOO
[RECV] BSDC91 notify: TS;1;12544;f;1072;1823;-251;779;1208;ABCDEFGH;5;10;M;0;S;100;0;full;98
[RECV] BSDC91 notify: TR;2;12544;f;0;ff;ff;1497,1901,2387,2513,1585,2023,2540,2467;1497,1901,2387,2513,1585,2023,2540,2467;100,100,96,100,96,96,96,100;OOOOOOOO
[RECV] BS2DCE notify: TS;1;12192;f;1344;2434;2007;864;1100;ABCDEFGH;0;10;M;0;S;99;0;full;100
[RECV] BS2DCE notify: TR;2;12192;f;0;ff;ff;2550,2282,1981,2090,2259,2066,1636,1888;2550,2282,1981,2090,2259,2066,1636,1888;100,100,100,100,100,100,100,100;OOOOOOOO
[RECV] BSDC91 notify: TS;1;12545;f;959;1784;-206;705;1055;ABCDEFGH;5;10;M;0;S;100;0;full;98
[RECV] BSDC91 notify: TR;2;12545;f;0;ff;ff;1483,1866,2827,2321,1643,2140,2627,2500;1483,1866,2827,2321,1643,2140,2627,2500;100,100,96,100,96,96,96,100;OOOOOOOO
[RECV] BS2DCE notify: TS;1;12193;f;1386;2403;2022;882;1160;ABCDEFGH;0;10;M;0;S;100;0;full;100
[RECV] BS2DCE notify: TR;2;12193;f;0;ff;ff;2571,2213,1923,2149,2259,1953,1730,1873;2571,2213,1923,2149,2259,1953,1730,1873;100,100,100,100,100,100,100,100;OOOOOOOO
[RECV] BSDC91 notify: TS;1;12546;f;960;1879;-353;793;1188;ABCDEFGH;5;10;M;0;S;100;0;full;98
[RECV] BSDC91 notify: TR;2;12546;f;0;ff;ff;1559,1916,2528,2159,1670,2132,2690,2344;1559,1916,2528,2159,1670,2132,2690,2344;100,100,96,100,96,96,96,100;OOOOOOOO
[RECV] BS2DCE notify: TS;1;12194;f;1400;2373;2038;889;1197;ABCDEFGH;0;10;M;0;S;101;0;full;100
[RECV] BS2DCE notify: TR;2;12194;f;0;ff;ff;2503,2244,1911,2216,2183,1931,1687,1985;2503,2244,1911,2216,2183,1931,1687,1985;100,100,100,100,100,100,100,100;OOOOOOOO
[RECV] BSDC91 notify: TS;1;12547;f;879;1955;-396;839;1233;ABCDEFGH;5;10;M;0;S;100;0;full;98
[RECV] BSDC91 notify: TR;2;12547;f;0;ff;ff;1655,1941,2540,1946,1681,2197,2732,2142;1655,1941,2540,1946,1681,2197,2732,2142;100,100,96,100,96,96,96,100;OOOOOOOO
[RECV] BS2DCE notify: TS;1;12195;f;1443;2380;1997;845;1129;ABCDEFGH;0;10;M;0;S;99;0;full;100
[RECV] BS2DCE notify: TR;2;12195;f;0;ff;ff;2654,2174,1983,2204,2263,1922,1675,2032;2654,2174,1983,2204,2263,1922,1675,2032;100,100,100,100,100,100,100,100;OOOOOOOO
[RECV] BSDC91 notify: TS;1;12548;f;815;2047;-281;801;1126;ABCDEFGH;5;10;M;0;S;100;0;full;98
[RECV] BSDC91 notify: TR;2;12548;f;0;ff;ff;1673,2017,2739,1878,1762,2393,2395,2081;1673,2017,2739,1878,1762,2393,2395,2081;100,100,96,100,96,96,96,100;OOOOOOOO
[RECV] BS2DCE notify: TS;1;12196;f;1433;2432;1799;723;1066;ABCDEFGH;0;10;M;0;S;100;0;full;100
[RECV] BS2DCE notify: TR;2;12196;f;0;ff;ff;2751,2163,1966,2276,2196,2355,1666,2065;2751,2163,1966,2276,2196,2355,1666,2065;100,100,100,100,100,100,100,100;OOOOOOOO
[RECV] BSDC91 notify: TS;1;12549;f;858;2171;-507;928;1322;ABCDEFGH;5;10;M;0;S;100;0;full;98
[RECV] BSDC91 notify: TR;2;12549;f;0;ff;ff;1763,2113,2263,1722,1811,2402,2481,1894;1763,2113,2263,1722,1811,2402,2481,1894;100,100,96,100,96,96,96,100;OOOOOOOO
[RECV] BS2DCE notify: TS;1;12197;f;1451;2386;1867;765;1136;ABCDEFGH;0;10;M;0;S;101;0;full;100
[RECV] BS2DCE notify: TR;2;12197;f;0;ff;ff;2723,2091,1970,2328,2166,2230,1714,2033;2723,2091,1970,2328,2166,2230,1714,2033;100,100,100,100,100,100,100,100;OOOOOOOO
[RECV] BSDC91 notify: RXG;1;12549;tag=2;mask=0xff;pc=8;guard=1200;spacing=1000;win=8165;pre=1;slot_to_entry_us=0;slot_to_sched_us=0;slot_to_write_done_us=0;slot_to_txcmd_us=274;slot_to_txdone_us=610;txcmd_to_txdone_us=335;txdone_to_rxstart_us=61;txdone_to_rxend_us=213;rxenable
[RECV] BSDC91 notify: CD;1;12549;tag=2;local=0xb102;status=0x00806f02;rxf=0x0786c814;win=8165;pc=8;mask=0xff;resp=8;unexp=0;last_len=20;last_src=0xa107;last_dst=0xb102;last_code=0xe
[RECV] BSDC91 notify: TS;1;12550;f;850;2197;-585;966;1390;ABCDEFGH;5;10;M;0;S;143;0;full;98
[RECV] BSDC91 notify: TR;2;12550;f;0;ff;ff;1713,2128,2195,1694,1810,2514,2462,1879;1713,2128,2195,1694,1810,2514,2462,1879;100,100,96,100,96,96,96,100;OOOOOOOO
[RECV] BSDC91 notify: TDIAG;wait_ms=75;tx_us=610;rx_us=213;coll_us=8453;range_us=43884;solve_us=12115;out_us=2227;clean_us=30;total_ms=143
[RECV] BS2DCE notify: RXG;1;12197;tag=1;mask=0xff;pc=8;guard=1200;spacing=1000;win=8165;pre=1;slot_to_entry_us=0;slot_to_sched_us=0;slot_to_write_done_us=0;slot_to_txcmd_us=274;slot_to_txdone_us=610;txcmd_to_txdone_us=335;txdone_to_rxstart_us=61;txdone_to_rxend_us=183;rxenable
[RECV] BSDC91 notify: TS;1;12551;f;854;2306;-651;1012;1409;ABCDEFGH;5;10;M;0;S;57;0;full;98
[RECV] BSDC91 notify: TR;2;12551;f;0;ff;ff;1754,2181,2111,1563,1913,2655,2313,1779;1754,2181,2111,1563,1913,2655,2313,1779;100,100,96,100,96,96,96,100;OOOOOOOO
[RECV] BS2DCE notify: CD;1;12197;tag=1;local=0xb101;status=0x00806f02;rxf=0x07a6c814;win=8165;pc=8;mask=0xff;resp=8;unexp=0;last_len=20;last_src=0xa107;last_dst=0xb101;last_code=0xe
[RECV] BS2DCE notify: TS;1;12198;f;1420;2334;1778;732;1105;ABCDEFGH;0;10;M;0;S;144;0;full;100
[RECV] BS2DCE notify: TR;2;12198;f;0;ff;ff;2552,2044,2020,2391,2138,2327,1765,2070;2552,2044,2020,2391,2138,2327,1765,2070;100,100,100,100,100,100,100,100;OOOOOOOO
[RECV] BS2DCE notify: TS;1;12199;f;1214;2130;2039;766;1202;ABDEFGH;0;10;M;0;S;53;0;full;100
[RECV] BS2DCE notify: TR;2;12199;f;0;ff;fb;2656,2041,0,2430,2030,2051,1813,2080;2656,2041,2020,2430,2030,2051,1813,2080;100,100,96,100,100,100,100,100;OOTOOOOO
[RECV] BSDC91 notify: TS;1;12552;f;860;2305;-656;991;1353;ABCDEFGH;5;10;M;0;S;99;0;full;100
[RECV] BSDC91 notify: TR;2;12552;f;0;ff;ff;1724,2258,2087,1541,1973,2633,2383,1814;1724,2258,2087,1541,1973,2633,2383,1814;100,100,100,100,100,100,100,100;OOOOOOOO
[RECV] BS2DCE notify: TS;1;12200;f;1557;2218;2021;847;1263;ABCDEFGH;0;10;M;0;S;102;0;full;100
[RECV] BS2DCE notify: TR;2;12200;f;0;ff;ff;2821,1902,2056,2451,2039,1734,1868,2220;2821,1902,2056,2451,2039,1734,1868,2220;100,100,100,100,100,100,100,100;OOOOOOOO
[RECV] BS2DCE notify: TDIAG;wait_ms=78;tx_us=610;rx_us=213;coll_us=8239;range_us=549;solve_us=12084;out_us=2197;clean_us=30;total_ms=102
[RECV] BSDC91 notify: TS;1;12553;f;853;2382;-607;1019;1446;ABCDEFGH;5;10;M;0;S;100;0;full;100
[RECV] BSDC91 notify: TR;2;12553;f;0;ff;ff;1933,2243,2043,1444,2007,2528,2283,1614;1933,2243,2043,1444,2007,2528,2283,1614;100,100,100,100,100,100,100,100;OOOOOOOO
[RECV] BS2DCE notify: TS;1;12201;f;1465;2123;2008;884;1286;ABCDEFGH;0;10;M;0;S;100;0;full;100
[RECV] BS2DCE notify: TR;2;12201;f;0;ff;ff;2423,1836,2131,2421,1971,1704,1968,2195;2423,1836,2131,2421,1971,1704,1968,2195;100,100,100,100,100,100,100,100;OOOOOOOO
[RECV] BSDC91 notify: TS;1;12554;f;886;2418;-422;882;1214;ABCDEFGH;5;10;M;0;S;100;0;full;100
[RECV] BSDC91 notify: TR;2;12554;f;0;ff;ff;2073,2399,2039,1518,2064,2559,2220,1710;2073,2399,2039,1518,2064,2559,2220,1710;100,100,100,100,100,100,100,100;OOOOOOOO
[RECV] BS2DCE notify: TS;1;12202;f;1401;2078;1945;802;1121;ABCDEFGH;0;10;M;0;S;100;0;full;100
[RECV] BS2DCE notify: TR;2;12202;f;0;ff;ff;2318,1953,2264,2521,1925,1768,2025,2245;2318,1953,2264,2521,1925,1768,2025,2245;100,100,100,100,100,100,100,100;OOOOOOOO
[RECV] BSDC91 notify: TS;1;12555;f;953;2473;1626;759;1108;ABCDEFGH;5;10;M;0;S;100;0;full;100
[RECV] BSDC91 notify: TR;2;12555;f;0;ff;ff;2243,2493,1987,1615,2157,2464,2137,1675;2243,2493,1987,1615,2157,2464,2137,1675;100,100,100,100,100,100,100,100;OOOOOOOO
[RECV] BS2DCE notify: TS;1;12203;f;1399;1997;1782;672;1005;ABCDEFGH;0;10;M;0;S;101;0;full;100
[RECV] BS2DCE notify: TR;2;12203;f;0;ff;ff;2325,1914,2371,2723,1885,1861,2220,2313;2325,1914,2371,2723,1885,1861,2220,2313;100,100,100,100,100,100,100,100;OOOOOOOO
[RECV] BSDC91 notify: TS;1;12556;f;989;2511;1699;769;1092;ABCDEFGH;5;10;M;0;S;100;0;full;100
[RECV] BSDC91 notify: TR;2;12556;f;0;ff;ff;2399,2471,1974,1666,2098,2580,2049,1635;2399,2471,1974,1666,2098,2580,2049,1635;100,100,100,100,100,100,100,100;OOOOOOOO
[RECV] BS2DCE notify: TS;1;12204;f;1368;1946;1851;729;1057;ABCDEFGH;0;10;M;0;S;100;0;full;100
[RECV] BS2DCE notify: TR;2;12204;f;0;ff;ff;2230,1883,2405,2671,1845,1698,2328,2276;2230,1883,2405,2671,1845,1698,2328,2276;100,100,100,100,100,100,100,100;OOOOOOOO
[RECV] BSDC91 notify: TS;1;12557;f;937;2551;-273;843;1166;ABCDEFGH;5;10;M;0;S;100;0;full;100
[RECV] BSDC91 notify: TR;2;12557;f;0;ff;ff;2237,2540,1891,1549,2155,2632,1937,1596;2237,2540,1891,1549,2155,2632,1937,1596;100,100,100,100,100,100,100,100;OOOOOOOO
[RECV] BS2DCE notify: TS;1;12205;f;1330;1958;1873;782;1093;ABCDEFGH;0;10;M;0;S;99;0;full;100
[RECV] BS2DCE notify: TR;2;12205;f;0;ff;ff;2093,1884,2408,2508,1862,1672,2250,2302;2093,1884,2408,2508,1862,1672,2250,2302;100,100,100,100,100,100,100,100;OOOOOOOO
[RECV] BSDC91 notify: TS;1;12558;f;995;2569;1762;832;1134;ABCDEFGH;5;10;M;0;S;100;0;full;100
[RECV] BSDC91 notify: TR;2;12558;f;0;ff;ff;2270,2591,1867,1629,2174,2593,1829,1580;2270,2591,1867,1629,2174,2593,1829,1580;100,100,100,100,100,100,100,100;OOOOOOOO
[RECV] BS2DCE notify: TS;1;12206;f;1285;1899;1744;757;1090;ABCDEFGH;0;10;M;0;S;100;0;full;100
[RECV] BS2DCE notify: TR;2;12206;f;0;ff;ff;1964,1788,2411,2461,1800,1701,2451,2335;1964,1788,2411,2461,1800,1701,2451,2335;100,100,100,100,100,100,100,100;OOOOOOOO
[RECV] BSDC91 notify: TS;1;12559;f;1040;2554;1888;875;1214;ABCDEFGH;5;10;M;0;S;100;0;full;100
[RECV] BSDC91 notify: TR;2;12559;f;0;ff;ff;2314,2569,1916,1660,2198,2437,1791,1572;2314,2569,1916,1660,2198,2437,1791,1572;100,100,100,100,100,100,100,100;OOOOOOOO
[RECV] BS2DCE notify: TS;1;12207;f;1237;1850;1742;743;1015;ABCDEFGH;0;10;M;0;S;100;0;full;100
[RECV] BS2DCE notify: TR;2;12207;f;0;ff;ff;1830,1851,2457,2567,1750,1708,2500,2349;1830,1851,2457,2567,1750,1708,2500,2349;100,100,100,100,100,100,100,100;OOOOOOOO
[RECV] BSDC91 notify: RXG;1;12559;tag=2;mask=0xff;pc=8;guard=1200;spacing=1000;win=8165;pre=1;slot_to_entry_us=0;slot_to_sched_us=0;slot_to_write_done_us=0;slot_to_txcmd_us=274;slot_to_txdone_us=610;txcmd_to_txdone_us=335;txdone_to_rxstart_us=61;txdone_to_rxend_us=183;rxenable
[RECV] BS2DCE notify: RXG;1;12207;tag=1;mask=0xff;pc=8;guard=1200;spacing=1000;win=8165;pre=1;slot_to_entry_us=0;slot_to_sched_us=0;slot_to_write_done_us=0;slot_to_txcmd_us=274;slot_to_txdone_us=610;txcmd_to_txdone_us=335;txdone_to_rxstart_us=91;txdone_to_rxend_us=244;rxenable
[RECV] BSDC91 notify: CD;1;12559;tag=2;local=0xb102;status=0x00806f02;rxf=0x07c6c814;win=8165;pc=8;mask=0xff;resp=7;unexp=0;last_len=20;last_src=0xa107;last_dst=0xb102;last_code=0xe
[RECV] BSDC91 notify: TS;1;12560;f;1077;2539;-72;837;1218;BCDEFGH;5;10;M;0;S;141;0;full;100
[RECV] BSDC91 notify: TR;2;12560;f;0;ff;fe;0,2523,1848,1738,2255,2421,1646,1660;2314,2523,1848,1738,2255,2421,1646,1660;96,100,100,100,100,100,100,100;TOOOOOOO
[RECV] BS2DCE notify: CD;1;12207;tag=1;local=0xb101;status=0x00806f02;rxf=0x0776c814;win=8165;pc=8;mask=0xff;resp=8;unexp=0;last_len=20;last_src=0xa107;last_dst=0xb101;last_code=0xe
[RECV] BS2DCE notify: TS;1;12208;f;1247;1864;1830;747;1036;ABCDEFGH;0;10;M;0;S;144;0;full;100
[RECV] BSDC91 notify: TDIAG;wait_ms=75;tx_us=610;rx_us=183;coll_us=8422;range_us=43945;solve_us=9552;out_us=2166;clean_us=30;total_ms=141
[RECV] BSDC91 notify: TS;1;12561;f;1211;2545;1921;871;1196;ABCDEFGH;5;10;M;0;S;62;0;full;99
[RECV] BSDC91 notify: TR;2;12561;f;0;ff;ff;2489,2390,1918,1785,2265,2347,1606,1745;2489,2390,1918,1785,2265,2347,1606,1745;96,100,100,100,100,100,100,100;OOOOOOOO
[RECV] BS2DCE notify: TR;2;12208;f;0;ff;ff;1859,1946,2430,2810,1716,1800,2407,2239;1859,1946,2430,2810,1716,1800,2407,2239;100,100,100,100,100,100,100,100;OOOOOOOO
[RECV] BS2DCE notify: TS;1;12209;f;1106;1919;1811;768;1043;ABCDEFGH;0;10;M;0;S;57;0;full;100
[RECV] BS2DCE notify: TR;2;12209;f;0;ff;ff;1818,2038,2453,2468,1681,1869,2507,2144;1818,2038,2453,2468,1681,1869,2507,2144;100,100,100,100,100,100,100,100;OOOOOOOO
[RECV] BSDC91 notify: TS;1;12562;f;1100;2678;2034;884;1189;ACDEFGH;5;10;M;0;S;95;0;full;99
[RECV] BSDC91 notify: TR;2;12562;f;0;ff;fd;2519,0,1854,1875,2248,2264,1494,1789;2519,2390,1854,1875,2248,2264,1494,1789;96,96,100,100,100,100,100,100;OTOOOOOO
[RECV] BS2DCE notify: TS;1;12210;f;1025;1952;1793;758;1110;ABCDEFGH;0;10;M;0;S;100;0;full;100
[RECV] BS2DCE notify: TR;2;12210;f;0;ff;ff;1732,2234,2475,2350,1646,1957,2397,2246;1732,2234,2475,2350,1646,1957,2397,2246;100,100,100,100,100,100,100,100;OOOOOOOO
[RECV] BS2DCE notify: TDIAG;wait_ms=75;tx_us=610;rx_us=183;coll_us=8300;range_us=579;solve_us=12054;out_us=2227;clean_us=30;total_ms=100
[RECV] BSDC91 notify: TS;1;12563;f;1323;2515;1982;891;1161;ABCDEFGH;5;10;M;0;S;103;0;full;99
[RECV] BSDC91 notify: TR;2;12563;f;0;ff;ff;2518,2360,1865,1932,2269,2193,1507,1905;2518,2360,1865,1932,2269,2193,1507,1905;96,96,100,100,100,100,100,100;OOOOOOOO
[RECV] BS2DCE notify: TS;1;12211;f;983;1894;1661;698;1060;ABCDEFGH;0;10;M;0;S;99;0;full;100
[RECV] BS2DCE notify: TR;2;12211;f;0;ff;ff;1644,2102,2671,2341,1716,2020,2464,2285;1644,2102,2671,2341,1716,2020,2464,2285;100,100,100,100,100,100,100,100;OOOOOOOO
[RECV] BS2DCE notify: TS;1;12212;f;969;1872;1582;652;948;ABCDEFGH;0;10;M;0;S;101;0;full;100
[RECV] BS2DCE notify: TR;2;12212;f;0;ff;ff;1688,2066,2739,2307,1698,2057,2546,2359;1688,2066,2739,2307,1698,2057,2546,2359;100,100,100,100,100,100,100,100;OOOOOOOO
[RECV] BSDC91 notify: TS;1;12564;f;1430;2519;1887;861;1162;ABCDEFGH;5;10;M;0;S;99;0;full;99
[RECV] BSDC91 notify: TR;2;12564;f;0;ff;ff;2582,2236,1740,1989,2375,2170,1532,1958;2582,2236,1740,1989,2375,2170,1532,1958;96,96,100,100,100,100,100,100;OOOOOOOO
[RECV] BSDC91 notify: TS;1;12565;f;1460;2516;2023;912;1249;ABCDEFGH;5;10;M;0;S;100;0;full;99
[RECV] BSDC91 notify: TR;2;12565;f;0;ff;ff;2667,2298,1735,2045,2307,2045,1452,2026;2667,2298,1735,2045,2307,2045,1452,2026;96,96,100,100,100,100,100,100;OOOOOOOO
[RECV] BS2DCE notify: TS;1;12213;f;954;1852;-69;627;933;ABCDEFGH;0;10;M;0;S;99;0;full;100
[RECV] BS2DCE notify: TR;2;12213;f;0;ff;ff;1653,2047,2799,2244,1726,2111,2644,2444;1653,2047,2799,2244,1726,2111,2644,2444;100,100,100,100,100,100,100,100;OOOOOOOO
[RECV] BSDC91 notify: TS;1;12566;f;1448;2443;2117;947;1266;ABCDEFGH;5;10;M;0;S;101;0;full;99
[RECV] BSDC91 notify: TR;2;12566;f;0;ff;ff;2648,2245,1833,2139,2280,1853,1565,1955;2648,2245,1833,2139,2280,1853,1565,1955;96,96,100,100,100,100,100,100;OOOOOOOO
[RECV] BS2DCE notify: TS;1;12214;f;1044;1913;-221;671;1046;ABCDEFGH;0;10;M;0;S;100;0;full;100
[RECV] BS2DCE notify: TR;2;12214;f;0;ff;ff;1724,2011,2502,2181,1781,2188,2600,2555;1724,2011,2502,2181,1781,2188,2600,2555;100,100,100,100,100,100,100,100;OOOOOOOO
[RECV] BSDC91 notify: TS;1;12567;f;1415;2476;1919;838;1147;ABCDEFGH;5;10;M;0;S;100;0;full;99
[RECV] BSDC91 notify: TR;2;12567;f;0;ff;ff;2557,2237,1810,2181,2276,2240,1578,1929;2557,2237,1810,2181,2276,2240,1578,1929;96,96,100,100,100,100,100,100;OOOOOOOO
[RECV] BS2DCE notify: TS;1;12215;f;931;2014;-316;753;1077;ABCDEFGH;0;10;M;0;S;101;0;full;100
[RECV] BS2DCE notify: TR;2;12215;f;0;ff;ff;1782,2047,2425,1987,1843,2221,2742,2151;1782,2047,2425,1987,1843,2221,2742,2151;100,100,100,100,100,100,100,100;OOOOOOOO
[RECV] BSDC91 notify: TS;1;12568;f;1593;2533;2110;873;1196;ABCDEFGH;5;10;M;0;S;99;0;full;100
[RECV] BS2DCE notify: TS;1;12216;f;839;2008;1571;690;1015;ABCDEFGH;0;10;M;0;S;100;0;full;100
[RECV] BS2DCE notify: TR;2;12216;f;0;ff;ff;1811,2064,2785,1967,1745,2313,2497,2118;1811,2064,2785,1967,1745,2313,2497,2118;100,100,100,100,100,100,100,100;OOOOOOOO
[RECV] BSDC91 notify: TR;2;12568;f;0;ff;ff;3328,2240,1816,2292,2317,1875,1485,1992;3328,2240,1816,2292,2317,1875,1485,1992;100,100,100,100,100,100,100,100;OOOOOOOO
[RECV] BSDC91 notify: TS;1;12569;f;1550;2481;2259;1005;1346;ABCDEFGH;5;10;M;0;S;101;0;full;100
[RECV] BSDC91 notify: TR;2;12569;f;0;ff;ff;3181,2171,1795,2248,2240,1694,1493,1911;3181,2171,1795,2248,2240,1694,1493,1911;100,100,100,100,100,100,100,100;OOOOOOOO
[RECV] BS2DCE notify: TS;1;12217;f;936;2105;-388;839;1265;ABCDEFGH;0;10;M;0;S;99;0;full;100
[RECV] BS2DCE notify: TR;2;12217;f;0;ff;ff;1825,2093,2292,1860,1767,2322,2473,2107;1825,2093,2292,1860,1767,2322,2473,2107;100,100,100,100,100,100,100,100;OOOOOOOO
[RECV] BSDC91 notify: RXG;1;12569;tag=2;mask=0xff;pc=8;guard=1200;spacing=1000;win=8165;pre=1;slot_to_entry_us=0;slot_to_sched_us=0;slot_to_write_done_us=0;slot_to_txcmd_us=274;slot_to_txdone_us=610;txcmd_to_txdone_us=335;txdone_to_rxstart_us=61;txdone_to_rxend_us=183;rxenable
[RECV] BSDC91 notify: CD;1;12569;tag=2;local=0xb102;status=0x00806f02;rxf=0x07a6c814;win=8165;pc=8;mask=0xff;resp=8;unexp=0;last_len=20;last_src=0xa107;last_dst=0xb102;last_code=0xe
[RECV] BSDC91 notify: TS;1;12570;f;1477;2458;1871;781;1078;ABCDEFGH;5;10;M;0;S;143;0;full;100
[RECV] BSDC91 notify: TR;2;12570;f;0;ff;ff;2670,2196,1852,2340,2219,2358,1510,2068;2670,2196,1852,2340,2219,2358,1510,2068;100,100,100,100,100,100,100,100;OOOOOOOO
[RECV] BS2DCE notify: RXG;1;12217;tag=1;mask=0xff;pc=8;guard=1200;spacing=1000;win=8165;pre=1;slot_to_entry_us=0;slot_to_sched_us=0;slot_to_write_done_us=0;slot_to_txcmd_us=274;slot_to_txdone_us=610;txcmd_to_txdone_us=335;txdone_to_rxstart_us=61;txdone_to_rxend_us=213;rxenable
[RECV] BSDC91 notify: TDIAG;wait_ms=75;tx_us=610;rx_us=183;coll_us=8300;range_us=44006;solve_us=11962;out_us=2227;clean_us=61;total_ms=143
[RECV] BS2DCE notify: CD;1;12217;tag=1;local=0xb101;status=0x00806f02;rxf=0x0786c814;win=8165;pc=8;mask=0xff;resp=8;unexp=0;last_len=20;last_src=0xa107;last_dst=0xb101;last_code=0xe
[RECV] BS2DCE notify: TS;1;12218;f;946;2149;-414;885;1258;ABCDEFGH;0;10;M;0;S;144;0;full;100
[RECV] BS2DCE notify: TR;2;12218;f;0;ff;ff;1818,2088,2274,1806,1825,2275,2373,1990;1818,2088,2274,1806,1825,2275,2373,1990;100,100,100,100,100,100,100,100;OOOOOOOO
[RECV] BSDC91 notify: TS;1;12571;f;1294;2229;2091;860;1273;ABDEFG;5;10;M;0;S;52;0;full;100
[RECV] BSDC91 notify: TR;2;12571;f;0;ff;7b;2817,2036,0,2357,2193,1964,1567,0;2817,2036,1852,2357,2193,1964,1567,2068;100,100,95,100,100,100,100,95;OOTOOOOT
[RECV] BS2DCE notify: TS;1;12219;f;907;2185;-416;879;1274;ABCDEFGH;0;10;M;0;S;56;0;full;100
[RECV] BS2DCE notify: TR;2;12219;f;0;ff;ff;1884,2082,2286,1752,1825,2402,2378,1936;1884,2082,2286,1752,1825,2402,2378,1936;100,100,100,100,100,100,100,100;OOOOOOOO
[RECV] BSDC91 notify: TS;1;12572;f;1515;2343;1946;822;1224;ABCDEFGH;5;10;M;0;S;105;0;full;98
[RECV] BSDC91 notify: TR;2;12572;f;0;ff;ff;2693,1997,1946,2421,2177,2098,1639,2090;2693,1997,1946,2421,2177,2098,1639,2090;100,100,95,100,100,100,100,95;OOOOOOOO
[RECV] BS2DCE notify: TS;1;12220;f;849;2208;-385;859;1275;ABCDEFGH;0;10;M;0;S;100;0;full;100
[RECV] BS2DCE notify: TR;2;12220;f;0;ff;ff;1920,2117,2303,1740,1805,2511,2408,1875;1920,2117,2303,1740,1805,2511,2408,1875;100,100,100,100,100,100,100,100;OOOOOOOO
[RECV] BS2DCE notify: TDIAG;wait_ms=75;tx_us=610;rx_us=244;coll_us=8361;range_us=549;solve_us=11810;out_us=2380;clean_us=30;total_ms=100
[RECV] BSDC91 notify: TS;1;12573;f;1577;2265;1944;820;1252;ABCDEFGH;5;10;M;0;S;100;0;full;98
[RECV] BSDC91 notify: TR;2;12573;f;0;ff;ff;2723,1891,1992,2470,2153,1920,1718,2235;2723,1891,1992,2470,2153,1920,1718,2235;100,100,95,100,100,100,100,95;OOOOOOOO
[RECV] BS2DCE notify: TS;1;12221;f;877;2267;-405;874;1276;ABCDEFGH;0;10;M;0;S;101;0;full;100
[RECV] BS2DCE notify: TR;2;12221;f;0;ff;ff;1948,2170,2150,1765,1868,2545,2352,1798;1948,2170,2150,1765,1868,2545,2352,1798;100,100,100,100,100,100,100,100;OOOOOOOO
[RECV] BSDC91 notify: TS;1;12574;f;1514;2246;1973;832;1228;ABCDEFGH;5;10;M;0;S;99;0;full;98
[RECV] BSDC91 notify: TR;2;12574;f;0;ff;ff;2655,1940,2060,2398,2114,1865,1761,2211;2655,1940,2060,2398,2114,1865,1761,2211;100,100,95,100,100,100,100,95;OOOOOOOO
[RECV] BS2DCE notify: TS;1;12222;f;877;2310;-308;809;1205;ABCDEFGH;0;10;M;0;S;100;0;full;100
[RECV] BS2DCE notify: TR;2;12222;f;0;ff;ff;2080,2255,2193,1684,1913,2572,2299,1846;2080,2255,2193,1684,1913,2572,2299,1846;100,100,100,100,100,100,100,100;OOOOOOOO
[RECV] BSDC91 notify: TS;1;12575;f;1519;2189;2092;900;1344;ABCDEFGH;5;10;M;0;S;100;0;full;98
[RECV] BSDC91 notify: TR;2;12575;f;0;ff;ff;2772,1859,2095,2445,1956,1715,1849,2177;2772,1859,2095,2445,1956,1715,1849,2177;100,100,95,100,100,100,100,95;OOOOOOOO
[RECV] BS2DCE notify: TS;1;12223;f;900;2319;-408;866;1255;ABCDEFGH;0;10;M;0;S;99;0;full;100
[RECV] BS2DCE notify: TR;2;12223;f;0;ff;ff;2014,2192,2204,1635,1936,2611,2213,1859;2014,2192,2204,1635,1936,2611,2213,1859;100,100,100,100,100,100,100,100;OOOOOOOO
[RECV] BSDC91 notify: TS;1;12576;f;1607;2193;2077;843;1324;ABCDEFGH;5;10;M;0;S;100;0;full;99
[RECV] BSDC91 notify: TR;2;12576;f;0;ff;ff;3141,1844,2207,2525,2025,1615,1842,2259;3141,1844,2207,2525,2025,1615,1842,2259;100,100,96,100,100,100,100,96;OOOOOOOO
[RECV] BS2DCE notify: TS;1;12224;f;907;2343;1571;769;1116;ABCDEFGH;0;10;M;0;S;100;0;full;100
[RECV] BS2DCE notify: TR;2;12224;f;0;ff;ff;2105,2268,2123,1645,1922,2536,2257,1808;2105,2268,2123,1645,1922,2536,2257,1808;100,100,100,100,100,100,100,100;OOOOOOOO
[RECV] BSDC91 notify: TS;1;12577;f;1483;2092;2022;882;1298;ABCDEFGH;5;10;M;0;S;101;0;full;99
[RECV] BSDC91 notify: TR;2;12577;f;0;ff;ff;2415,1805,2161,2518,1925,1719,1915,2260;2415,1805,2161,2518,1925,1719,1915,2260;100,100,96,100,100,100,100,96;OOOOOOOO
[RECV] BS2DCE notify: TS;1;12225;f;936;2411;-305;789;1128;ABCDEFGH;0;10;M;0;S;100;0;full;100
[RECV] BS2DCE notify: TR;2;12225;f;0;ff;ff;2183,2361,2075,1631,2083,2607,2177,1830;2183,2361,2075,1631,2083,2607,2177,1830;100,100,100,100,100,100,100,100;OOOOOOOO
[RECV] BSDC91 notify: TS;1;12578;f;1472;2014;1967;832;1237;ABCDEFGH;5;10;M;0;S;100;0;full;99
[RECV] BSDC91 notify: TR;2;12578;f;0;ff;ff;2327,1782,2291,2590,1929,1648,2023,2331;2327,1782,2291,2590,1929,1648,2023,2331;100,100,96,100,100,100,100,96;OOOOOOOO
[RECV] BS2DCE notify: TS;1;12226;f;958;2434;1655;742;1054;ABCDEFGH;0;10;M;0;S;100;0;full;100
[RECV] BS2DCE notify: TR;2;12226;f;0;ff;ff;2281,2491,2035,1714,2011,2522,2155,1758;2281,2491,2035,1714,2011,2522,2155,1758;100,100,100,100,100,100,100,100;OOOOOOOO
[RECV] BSDC91 notify: TS;1;12579;f;1458;1937;1944;797;1144;ABCDEFGH;5;10;M;0;S;99;0;full;99
[RECV] BSDC91 notify: TR;2;12579;f;0;ff;ff;2265,1814,2374,2667,1931,1493,2202,2362;2265,1814,2374,2667,1931,1493,2202,2362;100,100,96,100,100,100,100,96;OOOOOOOO
[RECV] BS2DCE notify: TS;1;12227;f;1028;2503;1642;695;980;ABCDEFGH;0;10;M;0;S;100;0;full;100
[RECV] BS2DCE notify: TR;2;12227;f;0;ff;ff;2459,2578,1963,1769,2091,2571,2075,1785;2459,2578,1963,1769,2091,2571,2075,1785;100,100,100,100,100,100,100,100;OOOOOOOO
[RECV] BSDC91 notify: RXG;1;12579;tag=2;mask=0xff;pc=8;guard=1200;spacing=1000;win=8165;pre=1;slot_to_entry_us=0;slot_to_sched_us=0;slot_to_write_done_us=0;slot_to_txcmd_us=274;slot_to_txdone_us=610;txcmd_to_txdone_us=335;txdone_to_rxstart_us=61;txdone_to_rxend_us=183;rxenable
[RECV] BSDC91 notify: CD;1;12579;tag=2;local=0xb102;status=0x00806f02;rxf=0x07c6c814;win=8165;pc=8;mask=0xff;resp=8;unexp=0;last_len=20;last_src=0xa107;last_dst=0xb102;last_code=0xe
[RECV] BSDC91 notify: TS;1;12580;f;1440;1899;1998;859;1240;ABCDEFGH;5;10;M;0;S;144;0;full;99
[RECV] BSDC91 notify: TR;2;12580;f;0;ff;ff;2179,1736,2330,2708,1751,1538,2195,2372;2179,1736,2330,2708,1751,1538,2195,2372;100,100,96,100,100,100,100,96;OOOOOOOO
[RECV] BS2DCE notify: RXG;1;12227;tag=1;mask=0xff;pc=8;guard=1200;spacing=1000;win=8165;pre=1;slot_to_entry_us=0;slot_to_sched_us=0;slot_to_write_done_us=0;slot_to_txcmd_us=274;slot_to_txdone_us=610;txcmd_to_txdone_us=335;txdone_to_rxstart_us=61;txdone_to_rxend_us=183;rxenable
[RECV] BSDC91 notify: TDIAG;wait_ms=75;tx_us=610;rx_us=183;coll_us=8544;range_us=43884;solve_us=11993;out_us=2227;clean_us=30;total_ms=143
[RECV] BSDC91 notify: TS;1;12581;f;1445;1839;2032;832;1170;ABCDEFGH;5;10;M;0;S;57;0;full;99
[RECV] BSDC91 notify: TR;2;12581;f;0;ff;ff;2157,1790,2461,2918,1734,1466,2168,2410;2157,1790,2461,2918,1734,1466,2168,2410;100,100,96,100,100,100,100,96;OOOOOOOO
[RECV] BS2DCE notify: CD;1;12227;tag=1;local=0xb101;status=0x00806f02;rxf=0x07c6c814;win=8165;pc=8;mask=0xff;resp=8;unexp=0;last_len=20;last_src=0xa107;last_dst=0xb101;last_code=0xe
[RECV] BS2DCE notify: TS;1;12228;f;886;2528;-34;648;1043;ABCDEFGH;0;10;M;0;S;144;0;full;100
[RECV] BS2DCE notify: TR;2;12228;f;0;ff;ff;2321,2551,2073,1857,2104,3058,2032,1735;2321,2551,2073,1857,2104,3058,2032,1735;100,100,100,100,100,100,100,100;OOOOOOOO
[RECV] BS2DCE notify: TS;1;12229;f;987;2466;1691;719;969;ABCDEFGH;0;10;M;0;S;57;0;full;100
[RECV] BS2DCE notify: TR;2;12229;f;0;ff;ff;2224,2587,2094,1812,2183,2546,1978,1735;2224,2587,2094,1812,2183,2546,1978,1735;100,100,100,100,100,100,100,100;OOOOOOOO
[RECV] BSDC91 notify: TS;1;12582;f;1377;1850;1993;855;1209;ABCDEFGH;5;10;M;0;S;99;0;full;99
[RECV] BSDC91 notify: TR;2;12582;f;0;ff;ff;2061,1758,2438,2682,1729,1479,2302,2349;2061,1758,2438,2682,1729,1479,2302,2349;100,100,96,100,100,100,100,96;OOOOOOOO
[RECV] BS2DCE notify: TS;1;12230;f;980;2496;1689;756;1043;ABCDEFGH;0;10;M;0;S;100;0;full;100
[RECV] BS2DCE notify: TR;2;12230;f;0;ff;ff;2211,2605,2010,1714,2182,2523,1934,1713;2211,2605,2010,1714,2182,2523,1934,1713;100,100,100,100,100,100,100,100;OOOOOOOO
[RECV] BS2DCE notify: TDIAG;wait_ms=75;tx_us=610;rx_us=183;coll_us=8300;range_us=579;solve_us=12084;out_us=2197;clean_us=30;total_ms=100
[RECV] BSDC91 notify: TS;1;12583;f;1383;1832;1901;841;1166;ABCDEFGH;5;10;M;0;S;100;0;full;99
[RECV] BSDC91 notify: TR;2;12583;f;0;ff;ff;1944,1726,2391,2613,1776,1437,2363,2446;1944,1726,2391,2613,1776,1437,2363,2446;100,100,96,100,100,100,100,96;OOOOOOOO
[RECV] BS2DCE notify: TS;1;12231;f;1023;2477;1765;774;1083;ABCDEFGH;0;10;M;0;S;100;0;full;100
[RECV] BS2DCE notify: TR;2;12231;f;0;ff;ff;2255,2577,2042,1753,2168,2433,1910,1752;2255,2577,2042,1753,2168,2433,1910,1752;100,100,100,100,100,100,100,100;OOOOOOOO
[RECV] BSDC91 notify: TS;1;12584;f;1272;1807;1766;738;1013;ABCDEFGH;5;10;M;0;S;100;0;full;100
[RECV] BSDC91 notify: TR;2;12584;f;0;ff;ff;1858,1824,2498,2645,1688,1659,2485,2456;1858,1824,2498,2645,1688,1659,2485,2456;100,100,100,100,100,100,100,100;OOOOOOOO
[RECV] BS2DCE notify: TS;1;12232;f;1081;2469;1948;859;1177;ABCDEFGH;0;10;M;0;S;99;0;full;100
[RECV] BS2DCE notify: TR;2;12232;f;0;ff;ff;2269,2649,2025,1806,2120,2241,1782,1784;2269,2649,2025,1806,2120,2241,1782,1784;100,100,100,100,100,100,100,100;OOOOOOOO
[RECV] BSDC91 notify: TS;1;12585;f;1187;1811;1724;769;1047;ABCDEFGH;5;10;M;0;S;100;0;full;100
[RECV] BSDC91 notify: TR;2;12585;f;0;ff;ff;1721,1809,2440,2556,1660,1710,2625,2311;1721,1809,2440,2556,1660,1710,2625,2311;100,100,100,100,100,100,100,100;OOOOOOOO
[RECV] BS2DCE notify: TS;1;12233;f;1149;2465;1917;852;1186;ABCDEFGH;0;10;M;0;S;101;0;full;100
[RECV] BS2DCE notify: TR;2;12233;f;0;ff;ff;2358,2480,2002,1811,2170,2221,1764,1814;2358,2480,2002,1811,2170,2221,1764,1814;100,100,100,100,100,100,100,100;OOOOOOOO
[RECV] BSDC91 notify: TS;1;12586;f;1166;1788;1693;778;1154;ABCDEFGH;5;10;M;0;S;100;0;full;100
[RECV] BSDC91 notify: TR;2;12586;f;0;ff;ff;1670,1677,2561,2504,1648,1784,2577,2304;1670,1677,2561,2504,1648,1784,2577,2304;100,100,100,100,100,100,100,100;OOOOOOOO
[RECV] BS2DCE notify: TS;1;12234;f;1201;2478;1900;842;1124;ABCDEFGH;0;10;M;0;S;100;0;full;100
[RECV] BS2DCE notify: TR;2;12234;f;0;ff;ff;2433,2372,1980,1878,2161,2340,1677,1833;2433,2372,1980,1878,2161,2340,1677,1833;100,100,100,100,100,100,100,100;OOOOOOOO
[RECV] BSDC91 notify: TS;1;12587;f;1106;1808;1720;780;1102;ABCDEFGH;5;10;M;0;S;100;0;full;100
[RECV] BSDC91 notify: TR;2;12587;f;0;ff;ff;1628,1819,2538,2482,1565,1859,2530,2331;1628,1819,2538,2482,1565,1859,2530,2331;100,100,100,100,100,100,100,100;OOOOOOOO
[RECV] BS2DCE notify: TS;1;12235;f;1296;2456;1902;810;1080;ABCDEFGH;0;10;M;0;S;99;0;full;100
[RECV] BS2DCE notify: TR;2;12235;f;0;ff;ff;2522,2424,1943,1984,2189,2163,1674,2007;2522,2424,1943,1984,2189,2163,1674,2007;100,100,100,100,100,100,100,100;OOOOOOOO
[RECV] BSDC91 notify: TS;1;12588;f;1080;1822;-231;765;1204;ABCDEFGH;5;10;M;0;S;100;0;full;100
[RECV] BSDC91 notify: TR;2;12588;f;0;ff;ff;1543,1972,2340,2472,1579,1956,2608,2492;1543,1972,2340,2472,1579,1956,2608,2492;100,100,100,100,100,100,100,100;OOOOOOOO
[RECV] BS2DCE notify: TS;1;12236;f;1350;2426;1927;825;1060;ABCDEFGH;0;10;M;0;S;101;0;full;100
[RECV] BS2DCE notify: TR;2;12236;f;0;ff;ff;2528,2280,1975,2065,2274,2085,1668,1972;2528,2280,1975,2065,2274,2085,1668,1972;100,100,100,100,100,100,100,100;OOOOOOOO
[RECV] BSDC91 notify: TS;1;12589;f;1078;1844;-414;850;1323;ABCDEFGH;5;10;M;0;S;100;0;full;100
[RECV] BS2DCE notify: TS;1;12237;f;1388;2407;1984;861;1129;ABCDEFGH;0;10;M;0;S;99;0;full;100
[RECV] BS2DCE notify: TR;2;12237;f;0;ff;ff;2515,2228,1926,2166,2252,2040,1656,1945;2515,2228,1926,2166,2252,2040,1656,1945;100,100,100,100,100,100,100,100;OOOOOOOO
[RECV] BSDC91 notify: TR;2;12589;f;0;ff;ff;1498,1844,2271,2391,1592,2083,2573,2493;1498,1844,2271,2391,1592,2083,2573,2493;100,100,100,100,100,100,100,100;OOOOOOOO
[RECV] BSDC91 notify: RXG;1;12589;tag=2;mask=0xff;pc=8;guard=1200;spacing=1000;win=8165;pre=1;slot_to_entry_us=0;slot_to_sched_us=0;slot_to_write_done_us=0;slot_to_txcmd_us=274;slot_to_txdone_us=610;txcmd_to_txdone_us=335;txdone_to_rxstart_us=61;txdone_to_rxend_us=183;rxenable
[RECV] BSDC91 notify: CD;1;12589;tag=2;local=0xb102;status=0x00806f02;rxf=0x0786c814;win=8165;pc=8;mask=0xff;resp=8;unexp=0;last_len=20;last_src=0xa107;last_dst=0xb102;last_code=0xe
[RECV] BS2DCE notify: RXG;1;12237;tag=1;mask=0xff;pc=8;guard=1200;spacing=1000;win=8165;pre=1;slot_to_entry_us=0;slot_to_sched_us=0;slot_to_write_done_us=0;slot_to_txcmd_us=274;slot_to_txdone_us=610;txcmd_to_txdone_us=335;txdone_to_rxstart_us=61;txdone_to_rxend_us=244;rxenable
[RECV] BSDC91 notify: TS;1;12590;f;965;1850;-350;781;1217;ABCDEFGH;5;10;M;0;S;144;0;full;100
[RECV] BSDC91 notify: TR;2;12590;f;0;ff;ff;1519,1921,2562,2175,1621,2191,2642,2473;1519,1921,2562,2175,1621,2191,2642,2473;100,100,100,100,100,100,100,100;OOOOOOOO
[RECV] BS2DCE notify: CD;1;12237;tag=1;local=0xb101;status=0x00806f02;rxf=0x07b6c814;win=8165;pc=8;mask=0xff;resp=8;unexp=0;last_len=20;last_src=0xa107;last_dst=0xb101;last_code=0xe
[RECV] BS2DCE notify: TS;1;12238;f;1400;2373;1998;856;1117;ABCDEFGH;0;10;M;0;S;144;0;full;100
[RECV] BS2DCE notify: TR;2;12238;f;0;ff;ff;2574,2196,1970,2185,2220,1947,1728,1974;2574,2196,1970,2185,2220,1947,1728,1974;100,100,100,100,100,100,100,100;OOOOOOOO
[RECV] BSDC91 notify: TDIAG;wait_ms=75;tx_us=610;rx_us=183;coll_us=8300;range_us=44006;solve_us=11688;out_us=2410;clean_us=30;total_ms=143
[RECV] BSDC91 notify: TS;1;12591;f;805;1916;1376;715;957;ABCDFGH;5;10;M;0;S;54;0;full;100
[RECV] BSDC91 notify: TR;2;12591;f;0;ff;ef;1646,1986,2551,1988,0,2142,2720,2221;1646,1986,2551,1988,1621,2142,2720,2221;100,100,100,100,95,100,100,100;OOOOTOOO
[RECV] BS2DCE notify: TS;1;12239;f;1440;2363;2061;892;1208;ABCDEFGH;0;10;M;0;S;57;0;full;100
[RECV] BS2DCE notify: TR;2;12239;f;0;ff;ff;2660,2123,1988,2212,2191,1896,1659,2010;2660,2123,1988,2212,2191,1896,1659,2010;100,100,100,100,100,100,100,100;OOOOOOOO
[RECV] BSDC91 notify: TS;1;12592;f;805;2041;1635;765;1144;ABCDEFGH;5;10;M;0;S;102;0;full;99
[RECV] BSDC91 notify: TR;2;12592;f;0;ff;ff;1737,2074,2769,1835,1761,2285,2381,2054;1737,2074,2769,1835,1761,2285,2381,2054;100,100,100,100,96,100,100,100;OOOOOOOO
[RECV] BS2DCE notify: TS;1;12240;f;1431;2418;1848;769;1145;ABCDEFGH;0;10;M;0;S;100;0;full;100
[RECV] BS2DCE notify: TR;2;12240;f;0;ff;ff;2740,2102,1936,2319,2096,2403,1657,2018;2740,2102,1936,2319,2096,2403,1657,2018;100,100,100,100,100,100,100,100;OOOOOOOO
[RECV] BS2DCE notify: TDIAG;wait_ms=75;tx_us=610;rx_us=183;coll_us=8300;range_us=579;solve_us=12084;out_us=2197;clean_us=30;total_ms=100
[RECV] BSDC91 notify: TS;1;12593;f;883;2160;-573;946;1347;ABCDEFGH;5;10;M;0;S;100;0;full;99
[RECV] BSDC91 notify: TR;2;12593;f;0;ff;ff;1730,2072,2199,1743,1828,2431,2561,1914;1730,2072,2199,1743,1828,2431,2561,1914;100,100,100,100,96,100,100,100;OOOOOOOO
[RECV] BS2DCE notify: TS;1;12241;f;1455;2368;1855;764;1147;ABCDEFGH;0;10;M;0;S;100;0;full;100
[RECV] BS2DCE notify: TR;2;12241;f;0;ff;ff;2700,2059,1962,2364,2146,2237,1749,2029;2700,2059,1962,2364,2146,2237,1749,2029;100,100,100,100,100,100,100,100;OOOOOOOO
[RECV] BSDC91 notify: TS;1;12594;f;851;2191;-586;962;1408;ABCDEFGH;5;10;M;0;S;100;0;full;99
[RECV] BSDC91 notify: TR;2;12594;f;0;ff;ff;1676,2167,2208,1686,1789,2535,2453,1919;1676,2167,2208,1686,1789,2535,2453,1919;100,100,100,100,96,100,100,100;OOOOOOOO
[RECV] BS2DCE notify: TS;1;12242;f;1440;2302;1952;816;1126;ABCDEFGH;0;10;M;0;S;100;0;full;100
[RECV] BS2DCE notify: TR;2;12242;f;0;ff;ff;2582,2094,2013,2339,2112,1976,1786,2090;2582,2094,2013,2339,2112,1976,1786,2090;100,100,100,100,100,100,100,100;OOOOOOOO
[RECV] BSDC91 notify: TS;1;12595;f;861;2291;-639;1004;1426;ABCDEFGH;5;10;M;0;S;100;0;full;99
[RECV] BSDC91 notify: TR;2;12595;f;0;ff;ff;1756,2192,2125,1558,1879,2634,2328,1816;1756,2192,2125,1558,1879,2634,2328,1816;100,100,100,100,96,100,100,100;OOOOOOOO
[RECV] BS2DCE notify: TS;1;12243;f;1500;2221;2095;915;1309;ABCDEFGH;0;10;M;0;S;99;0;full;100
[RECV] BS2DCE notify: TR;2;12243;f;0;ff;ff;2684,1924,2036,2380,2018,1695,1859,2117;2684,1924,2036,2380,2018,1695,1859,2117;100,100,100,100,100,100,100,100;OOOOOOOO
[RECV] BSDC91 notify: TS;1;12596;f;838;2314;-621;970;1366;ABCDEFGH;5;10;M;0;S;100;0;full;99
[RECV] BSDC91 notify: TR;2;12596;f;0;ff;ff;1780,2274,2098,1536,1938,2662,2416,1792;1780,2274,2098,1536,1938,2662,2416,1792;100,100,100,100,96,100,100,100;OOOOOOOO
[RECV] BS2DCE notify: TS;1;12244;f;1556;2198;2052;872;1289;ABCDEFGH;0;10;M;0;S;100;0;full;100
[RECV] BS2DCE notify: TR;2;12244;f;0;ff;ff;2844,1882,2064,2420,2017,1638,1929,2214;2844,1882,2064,2420,2017,1638,1929,2214;100,100,100,100,100,100,100,100;OOOOOOOO
[RECV] BSDC91 notify: TS;1;12597;f;854;2384;-594;1010;1423;ABCDEFGH;5;10;M;0;S;100;0;full;99
[RECV] BSDC91 notify: TR;2;12597;f;0;ff;ff;1846,2329,2032,1486,2013,2533,2256,1627;1846,2329,2032,1486,2013,2533,2256,1627;100,100,100,100,96,100,100,100;OOOOOOOO
[RECV] BS2DCE notify: TS;1;12245;f;1464;2123;2048;902;1276;ABCDEFGH;0;10;M;0;S;101;0;full;100
[RECV] BS2DCE notify: TR;2;12245;f;0;ff;ff;2438,1872,2115,2434,1917,1686,1941,2220;2438,1872,2115,2434,1917,1686,1941,2220;100,100,100,100,100,100,100,100;OOOOOOOO
[RECV] BSDC91 notify: TS;1;12598;f;859;2418;-437;913;1278;ABCDEFGH;5;10;M;0;S;100;0;full;99
[RECV] BSDC91 notify: TR;2;12598;f;0;ff;ff;2082,2425,2057,1429,1994,2524,2219,1701;2082,2425,2057,1429,1994,2524,2219,1701;100,100,100,100,96,100,100,100;OOOOOOOO
[RECV] BS2DCE notify: TS;1;12246;f;1409;2067;1968;838;1164;ABCDEFGH;0;10;M;0;S;100;0;full;100
[RECV] BS2DCE notify: TR;2;12246;f;0;ff;ff;2268,1915,2220,2514,1904,1736,2022,2248;2268,1915,2220,2514,1904,1736,2022,2248;100,100,100,100,100,100,100,100;OOOOOOOO
[RECV] BSDC91 notify: TS;1;12599;f;883;2475;1606;752;1117;ABCDEFGH;5;10;M;0;S;100;0;full;99
[RECV] BSDC91 notify: TR;2;12599;f;0;ff;ff;2201,2530,2048,1562,2118,2573,2145,1671;2201,2530,2048,1562,2118,2573,2145,1671;100,100,100,100,96,100,100,100;OOOOOOOO
[RECV] BS2DCE notify: TS;1;12247;f;1383;2015;1875;747;1073;ABCDEFGH;0;10;M;0;S;99;0;full;100
[RECV] BS2DCE notify: TR;2;12247;f;0;ff;ff;2273,1922,2336,2633,1858,1814,2141,2282;2273,1922,2336,2633,1858,1814,2141,2282;100,100,100,100,100,100,100,100;OOOOOOOO
[RECV] BSDC91 notify: RXG;1;12599;tag=2;mask=0xff;pc=8;guard=1200;spacing=1000;win=8165;pre=1;slot_to_entry_us=0;slot_to_sched_us=0;slot_to_write_done_us=0;slot_to_txcmd_us=274;slot_to_txdone_us=610;txcmd_to_txdone_us=335;txdone_to_rxstart_us=61;txdone_to_rxend_us=183;rxenable
[RECV] BSDC91 notify: CD;1;12599;tag=2;local=0xb102;status=0x00806f02;rxf=0x0776c814;win=8165;pc=8;mask=0xff;resp=8;unexp=0;last_len=20;last_src=0xa107;last_dst=0xb102;last_code=0xe
[RECV] BSDC91 notify: TS;1;12600;f;964;2507;1632;723;1030;ABCDEFGH;5;10;M;0;S;144;0;full;100
[RECV] BSDC91 notify: TR;2;12600;f;0;ff;ff;2337,2511,2036,1678,2150,2648,2029,1689;2337,2511,2036,1678,2150,2648,2029,1689;100,100,100,100,100,100,100,100;OOOOOOOO
[RECV] BS2DCE notify: RXG;1;12247;tag=1;mask=0xff;pc=8;guard=1200;spacing=1000;win=8165;pre=1;slot_to_entry_us=0;slot_to_sched_us=0;slot_to_write_done_us=0;slot_to_txcmd_us=274;slot_to_txdone_us=610;txcmd_to_txdone_us=335;txdone_to_rxstart_us=91;txdone_to_rxend_us=213;rxenable
[RECV] BSDC91 notify: TDIAG;wait_ms=75;tx_us=610;rx_us=183;coll_us=8300;range_us=44036;solve_us=11962;out_us=2227;clean_us=61;total_ms=143
[RECV] BS2DCE notify: CD;1;12247;tag=1;local=0xb101;status=0x00806f02;rxf=0x07a6c814;win=8165;pc=8;mask=0xff;resp=8;unexp=0;last_len=20;last_src=0xa107;last_dst=0xb101;last_code=0xe
[RECV] BS2DCE notify: TS;1;12248;f;1392;1920;1924;779;1091;ABCDEFGH;0;10;M;0;S;144;0;full;100
[RECV] BS2DCE notify: TR;2;12248;f;0;ff;ff;2229,1869,2405,2633,1812,1544,2316,2346;2229,1869,2405,2633,1812,1544,2316,2346;100,100,100,100,100,100,100,100;OOOOOOOO
[RECV] BSDC91 notify: TS;1;12601;f;877;2572;1629;800;1056;ABCDEFG;5;10;M;0;S;54;0;full;100
[RECV] BSDC91 notify: TR;2;12601;f;0;ff;7f;2237,2564,1917,1602,2270,2620,2005,0;2237,2564,1917,1602,2270,2620,2005,1689;100,100,100,100,100,100,100,94;OOOOOOOT
[RECV] BS2DCE notify: TS;1;12249;f;1324;1928;1863;774;1098;ABCDEFGH;0;10;M;0;S;56;0;full;100
[RECV] BS2DCE notify: TR;2;12249;f;0;ff;ff;2098,1855,2408,2559,1816,1661,2360,2273;2098,1855,2408,2559,1816,1661,2360,2273;100,100,100,100,100,100,100,100;OOOOOOOO
[RECV] BSDC91 notify: TS;1;12602;f;961;2539;1808;853;1236;ABCDEFGH;5;10;M;0;S;102;0;full;99
[RECV] BSDC91 notify: TR;2;12602;f;0;ff;ff;2226,2640,1935,1560,2146,2460,1882,1635;2226,2640,1935,1560,2146,2460,1882,1635;100,100,100,100,100,100,100,94;OOOOOOOO
[RECV] BS2DCE notify: TS;1;12250;f;1335;1956;1698;717;1059;ABCDEFGH;0;10;M;0;S;100;0;full;100
[RECV] BS2DCE notify: TR;2;12250;f;0;ff;ff;2082,1808,2343,2490,1924,1758,2414,2296;2082,1808,2343,2490,1924,1758,2414,2296;100,100,100,100,100,100,100,100;OOOOOOOO
[RECV] BS2DCE notify: TDIAG;wait_ms=75;tx_us=610;rx_us=183;coll_us=8422;range_us=549;solve_us=11810;out_us=2441;clean_us=30;total_ms=100
[RECV] BSDC91 notify: TS;1;12603;f;999;2578;1771;816;1134;ABCDEFGH;5;10;M;0;S;100;0;full;99
[RECV] BSDC91 notify: TR;2;12603;f;0;ff;ff;2265,2666,1883,1631,2250,2530,1839,1603;2265,2666,1883,1631,2250,2530,1839,1603;100,100,100,100,100,100,100,95;OOOOOOOO
[RECV] BS2DCE notify: TS;1;12251;f;1268;1909;1779;750;1032;ABCDEFGH;0;10;M;0;S;101;0;full;100
[RECV] BS2DCE notify: TR;2;12251;f;0;ff;ff;1978,1881,2410,2498,1804,1689,2459,2302;1978,1881,2410,2498,1804,1689,2459,2302;100,100,100,100,100,100,100,100;OOOOOOOO
[RECV] BSDC91 notify: TS;1;12604;f;1061;2547;1815;832;1159;ABCDEFGH;5;10;M;0;S;100;0;full;99
[RECV] BSDC91 notify: TR;2;12604;f;0;ff;ff;2297,2544,1944,1681,2249,2470,1742,1677;2297,2544,1944,1681,2249,2470,1742,1677;100,100,100,100,100,100,100,95;OOOOOOOO
[RECV] BS2DCE notify: TS;1;12252;f;1192;1913;1718;734;1000;ABCDEFGH;0;10;M;0;S;100;0;full;100
[RECV] BS2DCE notify: TR;2;12252;f;0;ff;ff;1834,1916,2411,2524,1781,1865,2456,2237;1834,1916,2411,2524,1781,1865,2456,2237;100,100,100,100,100,100,100,100;OOOOOOOO
[RECV] BSDC91 notify: TS;1;12605;f;1166;2590;1853;871;1179;ABCDEFGH;5;10;M;0;S;100;0;full;99
[RECV] BSDC91 notify: TR;2;12605;f;0;ff;ff;2405,2499,1769,1709,2260,2444,1624,1704;2405,2499,1769,1709,2260,2444,1624,1704;100,100,100,100,100,100,100,95;OOOOOOOO
[RECV] BS2DCE notify: TS;1;12253;f;1228;1867;1804;728;1019;ABCDEFGH;0;10;M;0;S;99;0;full;100
[RECV] BS2DCE notify: TR;2;12253;f;0;ff;ff;1853,1976,2427,2852,1753,1819,2485,2159;1853,1976,2427,2852,1753,1819,2485,2159;100,100,100,100,100,100,100,100;OOOOOOOO
[RECV] BSDC91 notify: TS;1;12606;f;1184;2528;2024;921;1252;ABCDEFGH;5;10;M;0;S;100;0;full;99
[RECV] BSDC91 notify: TR;2;12606;f;0;ff;ff;2471,2361,2013,1793,2259,2301,1571,1662;2471,2361,2013,1793,2259,2301,1571,1662;100,100,100,100,100,100,100,95;OOOOOOOO
[RECV] BS2DCE notify: TS;1;12254;f;1146;1891;1952;861;1160;ABCDEFGH;0;10;M;0;S;101;0;full;100
[RECV] BS2DCE notify: TR;2;12254;f;0;ff;ff;1789,2057,2409,2459,1657,1596,2514,2165;1789,2057,2409,2459,1657,1596,2514,2165;100,100,100,100,100,100,100,100;OOOOOOOO
[RECV] BSDC91 notify: TS;1;12607;f;1245;2548;2045;916;1206;ABCDEFGH;5;10;M;0;S;100;0;full;99
[RECV] BSDC91 notify: TR;2;12607;f;0;ff;ff;2531,2470,1893,1871,2236,2240,1526,1755;2531,2470,1893,1871,2236,2240,1526,1755;100,100,100,100,100,100,100,95;OOOOOOOO
[RECV] BS2DCE notify: TS;1;12255;f;1026;1935;1785;742;1125;ABCDEFGH;0;10;M;0;S;99;0;full;100
[RECV] BS2DCE notify: TR;2;12255;f;0;ff;ff;1700,2216,2535,2418,1688,1965,2386,2226;1700,2216,2535,2418,1688,1965,2386,2226;100,100,100,100,100,100,100,100;OOOOOOOO
[RECV] BSDC91 notify: TS;1;12608;f;1312;2538;2003;905;1189;ABCDEFGH;5;10;M;0;S;100;0;full;99
[RECV] BSDC91 notify: TR;2;12608;f;0;ff;ff;2540,2388,1824,1923,2255,2241,1488,1852;2540,2388,1824,1923,2255,2241,1488,1852;100,100,100,100,100,100,100,96;OOOOOOOO
[RECV] BS2DCE notify: TS;1;12256;f;980;1920;1725;734;1114;ABCDEFGH;0;10;M;0;S;100;0;full;100
[RECV] BS2DCE notify: TR;2;12256;f;0;ff;ff;1647,2172,2558,2355,1704,1974,2498,2189;1647,2172,2558,2355,1704,1974,2498,2189;100,100,100,100,100,100,100,100;OOOOOOOO
[RECV] BSDC91 notify: TS;1;12609;f;1356;2549;1933;859;1168;ABCDEFGH;5;10;M;0;S;100;0;full;99
[RECV] BSDC91 notify: TR;2;12609;f;0;ff;ff;2585,2429,1774,1937,2293,2226,1488,1971;2585,2429,1774,1937,2293,2226,1488,1971;100,100,100,100,100,100,100,96;OOOOOOOO
[RECV] BS2DCE notify: TS;1;12257;f;976;1872;1648;665;996;ABCDEFGH;0;10;M;0;S;101;0;full;100
[RECV] BS2DCE notify: TR;2;12257;f;0;ff;ff;1682,2073,2773,2403,1724,2053,2509,2254;1682,2073,2773,2403,1724,2053,2509,2254;100,100,100,100,100,100,100,100;OOOOOOOO
[RECV] BSDC91 notify: RXG;1;12609;tag=2;mask=0xff;pc=8;guard=1200;spacing=1000;win=8165;pre=1;slot_to_entry_us=0;slot_to_sched_us=0;slot_to_write_done_us=0;slot_to_txcmd_us=274;slot_to_txdone_us=610;txcmd_to_txdone_us=335;txdone_to_rxstart_us=61;txdone_to_rxend_us=183;rxenable
[RECV] BSDC91 notify: CD;1;12609;tag=2;local=0xb102;status=0x00806f02;rxf=0x07d6c814;win=8165;pc=8;mask=0xff;resp=8;unexp=0;last_len=20;last_src=0xa107;last_dst=0xb102;last_code=0xe
[RECV] BSDC91 notify: TS;1;12610;f;1437;2535;1956;881;1198;ABCDEFGH;5;10;M;0;S;144;0;full;99
[RECV] BSDC91 notify: TR;2;12610;f;0;ff;ff;2657,2301,1737,1989,2349,2136,1465,1998;2657,2301,1737,1989,2349,2136,1465,1998;100,100,100,100,100,100,100,96;OOOOOOOO
[RECV] BSDC91 notify: TDIAG;wait_ms=75;tx_us=610;rx_us=183;coll_us=8422;range_us=44006;solve_us=11993;out_us=2227;clean_us=30;total_ms=143
[RECV] BSDC91 notify: TS;1;12611;f;1460;2509;2021;891;1203;ABCDEFGH;5;10;M;0;S;56;0;full;99
[RECV] BSDC91 notify: TR;2;12611;f;0;ff;ff;2701,2318,1784,2069,2313,2042,1441,2057;2701,2318,1784,2069,2313,2042,1441,2057;100,100,100,100,100,100,100,96;OOOOOOOO
[RECV] BS2DCE notify: RXG;1;12257;tag=1;mask=0xff;pc=8;guard=1200;spacing=1000;win=8165;pre=1;slot_to_entry_us=0;slot_to_sched_us=0;slot_to_write_done_us=0;slot_to_txcmd_us=274;slot_to_txdone_us=610;txcmd_to_txdone_us=335;txdone_to_rxstart_us=91;txdone_to_rxend_us=213;rxenable
[RECV] BS2DCE notify: CD;1;12257;tag=1;local=0xb101;status=0x00806f02;rxf=0x0756c814;win=8165;pc=8;mask=0xff;resp=8;unexp=0;last_len=20;last_src=0xa107;last_dst=0xb101;last_code=0xe
[RECV] BS2DCE notify: TS;1;12258;f;954;1855;1633;677;985;ABCDEFGH;0;10;M;0;S;143;0;full;100
[RECV] BS2DCE notify: TR;2;12258;f;0;ff;ff;1664,2031,2846,2292,1701,2022,2519,2318;1664,2031,2846,2292,1701,2022,2519,2318;100,100,100,100,100,100,100,100;OOOOOOOO
[RECV] BS2DCE notify: TS;1;12259;f;964;1851;-19;603;912;ABCDEFGH;0;10;M;0;S;58;0;full;100
[RECV] BS2DCE notify: TR;2;12259;f;0;ff;ff;1676,2064,2790,2247,1721,2115,2656,2455;1676,2064,2790,2247,1721,2115,2656,2455;100,100,100,100,100,100,100,100;OOOOOOOO
[RECV] BSDC91 notify: TS;1;12612;f;1441;2450;2101;937;1214;ABCDEFGH;5;10;M;0;S;100;0;full;99
[RECV] BSDC91 notify: TR;2;12612;f;0;ff;ff;2652,2284,1872,2063,2359,1799,1540,1994;2652,2284,1872,2063,2359,1799,1540,1994;100,100,100,100,100,100,100,96;OOOOOOOO
[RECV] BS2DCE notify: TS;1;12260;f;1107;1885;-259;711;1095;ABCDEFGH;0;10;M;0;S;99;0;full;100
[RECV] BS2DCE notify: TR;2;12260;f;0;ff;ff;1702,2068,2369,2175,1759,1987,2642,2660;1702,2068,2369,2175,1759,1987,2642,2660;100,100,100,100,100,100,100,100;OOOOOOOO
[RECV] BS2DCE notify: TDIAG;wait_ms=74;tx_us=610;rx_us=183;coll_us=8300;range_us=579;solve_us=12054;out_us=2197;clean_us=61;total_ms=98
[RECV] BSDC91 notify: TS;1;12613;f;1457;2435;2058;916;1280;ABCDEFGH;5;10;M;0;S;100;0;full;99
[RECV] BSDC91 notify: TR;2;12613;f;0;ff;ff;2573,2272,1780,2195,2354,1848,1636,1925;2573,2272,1780,2195,2354,1848,1636,1925;100,100,100,100,100,100,100,96;OOOOOOOO
[RECV] BS2DCE notify: TS;1;12261;f;1184;1831;-249;627;1043;ABCDEFGH;0;10;M;0;S;99;0;full;100
[RECV] BS2DCE notify: TR;2;12261;f;0;ff;ff;1772,1983,2321,2095,1798,2255,2723,3327;1772,1983,2321,2095,1798,2255,2723,3327;100,100,100,100,100,100,100,100;OOOOOOOO
[RECV] BSDC91 notify: TS;1;12614;f;1563;2513;2083;871;1197;ABCDEFGH;5;10;M;0;S;100;0;full;99
[RECV] BSDC91 notify: TR;2;12614;f;0;ff;ff;3273,2217,1833,2213,2288,1870,1568,1991;3273,2217,1833,2213,2288,1870,1568,1991;100,100,100,100,100,100,100,96;OOOOOOOO
[RECV] BS2DCE notify: TS;1;12262;f;914;1994;-266;740;1084;ABCDEFGH;0;10;M;0;S;100;0;full;100
[RECV] BS2DCE notify: TR;2;12262;f;0;ff;ff;1762,2012,2549,2015,1785,2255,2645,2179;1762,2012,2549,2015,1785,2255,2645,2179;100,100,100,100,100,100,100,100;OOOOOOOO
[RECV] BSDC91 notify: TS;1;12615;f;1588;2530;2114;884;1261;ABCDEFGH;5;10;M;0;S;100;0;full;99
[RECV] BSDC91 notify: TR;2;12615;f;0;ff;ff;3383,2177,1857,2247,2277,1911,1466,2005;3383,2177,1857,2247,2277,1911,1466,2005;100,100,100,100,100,100,100,96;OOOOOOOO
[RECV] BS2DCE notify: TS;1;12263;f;852;2008;1588;706;1034;ABCDEFGH;0;10;M;0;S;101;0;full;100
[RECV] BS2DCE notify: TR;2;12263;f;0;ff;ff;1786,2086,2734,1962,1723,2273,2470,2151;1786,2086,2734,1962,1723,2273,2470,2151;100,100,100,100,100,100,100,100;OOOOOOOO
[RECV] BSDC91 notify: TS;1;12616;f;1540;2677;1693;694;1212;ABCDEFGH;5;10;M;0;S;100;0;full;100
[RECV] BSDC91 notify: TR;2;12616;f;0;ff;ff;3604,2117,1841,2290,2235,2800,1519,1933;3604,2117,1841,2290,2235,2800,1519,1933;100,100,100,100,100,100,100,100;OOOOOOOO
[RECV] BS2DCE notify: TS;1;12264;f;938;2114;-384;888;1280;ABCEFGH;0;10;M;0;S;97;0;full;100
[RECV] BS2DCE notify: TR;2;12264;f;0;ff;f7;1849,2028,2175,0,1756,2311,2448,2081;1849,2028,2175,1962,1756,2311,2448,2081;100,100,100,94,100,100,100,100;OOOTOOOO
[RECV] BSDC91 notify: TS;1;12617;f;1549;2494;1908;772;1224;ABCDEFGH;5;10;M;0;S;100;0;full;100
[RECV] BSDC91 notify: TR;2;12617;f;0;ff;ff;3098,2076,1920,2336,2248,2299,1513,2042;3098,2076,1920,2336,2248,2299,1513,2042;100,100,100,100,100,100,100,100;OOOOOOOO
[RECV] BS2DCE notify: TS;1;12265;f;921;2113;-362;837;1216;ABCDEFGH;0;10;M;0;S;103;0;full;99
[RECV] BS2DCE notify: TR;2;12265;f;0;ff;ff;1776,2104,2332,1897,1801,2317,2432,2034;1776,2104,2332,1897,1801,2317,2432,2034;100,100,100,94,100,100,100,100;OOOOOOOO
[RECV] BSDC91 notify: TS;1;12618;f;1563;2544;1851;722;1142;ABCDEFGH;5;10;M;0;S;100;0;full;100
[RECV] BSDC91 notify: TR;2;12618;f;0;ff;ff;3450,2159,1925,2308,2184,2324,1588,2067;3450,2159,1925,2308,2184,2324,1588,2067;100,100,100,100,100,100,100,100;OOOOOOOO
[RECV] BS2DCE notify: TS;1;12266;f;948;2164;-312;833;1206;ABCDEFGH;0;10;M;0;S;100;0;full;99
[RECV] BS2DCE notify: TR;2;12266;f;0;ff;ff;1862,2144,2247,1900,1825,2293,2338,1973;1862,2144,2247,1900,1825,2293,2338,1973;100,100,100,94,100,100,100,100;OOOOOOOO
[RECV] BSDC91 notify: TS;1;12619;f;1535;2393;2044;853;1243;ABCDEFGH;5;10;M;0;S;100;0;full;100
[RECV] BSDC91 notify: TR;2;12619;f;0;ff;ff;2852,2068,1925,2441,2181,2041,1568,2024;2852,2068,1925,2441,2181,2041,1568,2024;100,100,100,100,100,100,100,100;OOOOOOOO
[RECV] BS2DCE notify: TS;1;12267;f;896;2184;-348;843;1181;ABCDEFGH;0;10;M;0;S;99;0;full;99
[RECV] BS2DCE notify: TR;2;12267;f;0;ff;ff;1819,2130,2323,1856,1872,2398,2352,1889;1819,2130,2323,1856,1872,2398,2352,1889;100,100,100,95,100,100,100,100;OOOOOOOO
[RECV] BSDC91 notify: RXG;1;12619;tag=2;mask=0xff;pc=8;guard=1200;spacing=1000;win=8165;pre=1;slot_to_entry_us=0;slot_to_sched_us=0;slot_to_write_done_us=0;slot_to_txcmd_us=274;slot_to_txdone_us=610;txcmd_to_txdone_us=335;txdone_to_rxstart_us=61;txdone_to_rxend_us=183;rxenable
[RECV] BSDC91 notify: CD;1;12619;tag=2;local=0xb102;status=0x00806f02;rxf=0x07a6c814;win=8165;pc=8;mask=0xff;resp=8;unexp=0;last_len=20;last_src=0xa107;last_dst=0xb102;last_code=0xe
[RECV] BSDC91 notify: TS;1;12620;f;1477;2332;2008;835;1208;ABCDEFGH;5;10;M;0;S;144;0;full;100
[RECV] BSDC91 notify: TR;2;12620;f;0;ff;ff;2728,2055,2044,2393,2071,2067,1616,2111;2728,2055,2044,2393,2071,2067,1616,2111;100,100,100,100,100,100,100,100;OOOOOOOO
[RECV] BSDC91 notify: TDIAG;wait_ms=75;tx_us=610;rx_us=183;coll_us=8300;range_us=43975;solve_us=11688;out_us=2410;clean_us=61;total_ms=143
[RECV] BS2DCE notify: RXG;1;12267;tag=1;mask=0xff;pc=8;guard=1200;spacing=1000;win=8165;pre=1;slot_to_entry_us=0;slot_to_sched_us=0;slot_to_write_done_us=0;slot_to_txcmd_us=274;slot_to_txdone_us=610;txcmd_to_txdone_us=335;txdone_to_rxstart_us=61;txdone_to_rxend_us=183;rxenable
[RECV] BS2DCE notify: CD;1;12267;tag=1;local=0xb101;status=0x00806f02;rxf=0x0786c814;win=8165;pc=8;mask=0xff;resp=8;unexp=0;last_len=20;last_src=0xa107;last_dst=0xb101;last_code=0xe
[RECV] BS2DCE notify: TS;1;12268;f;900;2208;-400;832;1242;ABCDEFGH;0;10;M;0;S;145;0;full;99
[RECV] BSDC91 notify: TS;1;12621;f;1563;2321;1931;807;1206;ABCDEFGH;5;10;M;0;S;56;0;full;100
[RECV] BSDC91 notify: TR;2;12621;f;0;ff;ff;2752,1975,1952,2415,2203,1970,1699,2179;2752,1975,1952,2415,2203,1970,1699,2179;100,100,100,100,100,100,100,100;OOOOOOOO
[RECV] BS2DCE notify: TR;2;12268;f;0;ff;ff;1915,2125,2227,1805,1862,2538,2419,1965;1915,2125,2227,1805,1862,2538,2419,1965;100,100,100,95,100,100,100,100;OOOOOOOO
[RECV] BS2DCE notify: TS;1;12269;f;886;2244;-403;867;1229;ABCDEFGH;0;10;M;0;S;56;0;full;99
[RECV] BS2DCE notify: TR;2;12269;f;0;ff;ff;1898,2209,2244,1695,1899,2443,2343,1877;1898,2209,2244,1695,1899,2443,2343,1877;100,100,100,95,100,100,100,100;OOOOOOOO
[RECV] BSDC91 notify: TS;1;12622;f;1529;2273;1979;820;1202;ABCDEFGH;5;10;M;0;S;100;0;full;100
[RECV] BSDC91 notify: TR;2;12622;f;0;ff;ff;2660,1984,2057,2466,2143,1927,1680,2197;2660,1984,2057,2466,2143,1927,1680,2197;100,100,100,100,100,100,100,100;OOOOOOOO
[RECV] BS2DCE notify: TS;1;12270;f;862;2291;-474;917;1329;ABCDEFGH;0;10;M;0;S;100;0;full;99
[RECV] BS2DCE notify: TR;2;12270;f;0;ff;ff;1959,2166,2139,1651,1871,2568,2347,1777;1959,2166,2139,1651,1871,2568,2347,1777;100,100,100,95,100,100,100,100;OOOOOOOO
[RECV] BS2DCE notify: TDIAG;wait_ms=75;tx_us=610;rx_us=213;coll_us=8300;range_us=579;solve_us=12145;out_us=2197;clean_us=30;total_ms=100
[RECV] BSDC91 notify: TS;1;12623;f;1539;2230;2014;849;1249;ABCDEFGH;5;10;M;0;S;100;0;full;100
[RECV] BSDC91 notify: TR;2;12623;f;0;ff;ff;2646,1926,2044,2502,2095,1825,1764,2187;2646,1926,2044,2502,2095,1825,1764,2187;100,100,100,100,100,100,100,100;OOOOOOOO
[RECV] BS2DCE notify: TS;1;12271;f;882;2303;-330;829;1224;ABCDEFGH;0;10;M;0;S;100;0;full;99
[RECV] BS2DCE notify: TR;2;12271;f;0;ff;ff;2039,2277,2181,1670,1903,2526,2272,1865;2039,2277,2181,1670,1903,2526,2272,1865;100,100,100,95,100,100,100,100;OOOOOOOO
[RECV] BSDC91 notify: TS;1;12624;f;1514;2224;1971;799;1257;ABCDEFGH;5;10;M;0;S;100;0;full;100
[RECV] BSDC91 notify: TR;2;12624;f;0;ff;ff;2769,1894,2190,2492,2039,1929,1778,2193;2769,1894,2190,2492,2039,1929,1778,2193;100,100,100,100,100,100,100,100;OOOOOOOO
[RECV] BS2DCE notify: TS;1;12272;f;904;2282;1586;788;1184;ABCDEFGH;0;10;M;0;S;100;0;full;99
[RECV] BS2DCE notify: TR;2;12272;f;0;ff;ff;2006,2285,2158,1627,1916,2285,2320,1874;2006,2285,2158,1627,1916,2285,2320,1874;100,100,100,96,100,100,100,100;OOOOOOOO
[RECV] BSDC91 notify: TS;1;12625;f;1589;2185;2090;873;1306;ABCDEFGH;5;10;M;0;S;100;0;full;100
[RECV] BSDC91 notify: TR;2;12625;f;0;ff;ff;2902,1871,2085,2557,2010,1615,1868,2227;2902,1871,2085,2557,2010,1615,1868,2227;100,100,100,100,100,100,100,100;OOOOOOOO
[RECV] BS2DCE notify: TS;1;12273;f;875;2312;-389;849;1218;ABCDEFGH;0;10;M;0;S;99;0;full;99
[RECV] BS2DCE notify: TR;2;12273;f;0;ff;ff;2025,2211,2195,1657,1949,2581,2319,1806;2025,2211,2195,1657,1949,2581,2319,1806;100,100,100,96,100,100,100,100;OOOOOOOO
[RECV] BSDC91 notify: TS;1;12626;f;1474;2107;2079;913;1328;ABCDEFGH;5;10;M;0;S;100;0;full;100
[RECV] BSDC91 notify: TR;2;12626;f;0;ff;ff;2412,1826,2184,2500,1962,1671,1877,2197;2412,1826,2184,2500,1962,1671,1877,2197;100,100,100,100,100,100,100,100;OOOOOOOO
[RECV] BS2DCE notify: TS;1;12274;f;916;2325;-348;837;1247;ABCDEFGH;0;10;M;0;S;100;0;full;99
[RECV] BS2DCE notify: TR;2;12274;f;0;ff;ff;2088,2286,2081,1677,1917,2522,2260,1872;2088,2286,2081,1677,1917,2522,2260,1872;100,100,100,96,100,100,100,100;OOOOOOOO
[RECV] BSDC91 notify: TS;1;12627;f;1483;2096;2005;853;1257;ABCDEFGH;5;10;M;0;S;100;0;full;100
[RECV] BSDC91 notify: TR;2;12627;f;0;ff;ff;2439,1838,2225,2509,1967,1709,1904,2284;2439,1838,2225,2509,1967,1709,1904,2284;100,100,100,100,100,100,100,100;OOOOOOOO
[RECV] BS2DCE notify: TS;1;12275;f;903;2392;-332;839;1210;ABCDEFGH;0;10;M;0;S;101;0;full;99
[RECV] BS2DCE notify: TR;2;12275;f;0;ff;ff;2116,2351,2055,1633,1992,2582,2173,1769;2116,2351,2055,1633,1992,2582,2173,1769;100,100,100,96,100,100,100,100;OOOOOOOO
[RECV] BSDC91 notify: TS;1;12628;f;1423;2017;2000;855;1227;ABCDEFGH;5;10;M;0;S;100;0;full;100
[RECV] BSDC91 notify: TR;2;12628;f;0;ff;ff;2291,1834,2298,2524,1857,1645,2056,2295;2291,1834,2298,2524,1857,1645,2056,2295;100,100,100,100,100,100,100,100;OOOOOOOO
[RECV] BS2DCE notify: TS;1;12276;f;941;2434;1578;726;1028;ABCDEFGH;0;10;M;0;S;100;0;full;99
[RECV] BS2DCE notify: TR;2;12276;f;0;ff;ff;2222,2442,2046,1687,2039,2632,2138,1770;2222,2442,2046,1687,2039,2632,2138,1770;100,100,100,96,100,100,100,100;OOOOOOOO
[RECV] BSDC91 notify: TS;1;12629;f;1424;1990;2042;860;1210;ABCDEFGH;5;10;M;0;S;100;0;full;100
[RECV] BSDC91 notify: TR;2;12629;f;0;ff;ff;2274,1860,2341,2622,1853,1577,2066,2275;2274,1860,2341,2622,1853,1577,2066,2275;100,100,100,100,100,100,100,100;OOOOOOOO
[RECV] BS2DCE notify: TS;1;12277;f;984;2466;1669;719;1066;ABCDEFGH;0;10;M;0;S;99;0;full;99
[RECV] BS2DCE notify: TR;2;12277;f;0;ff;ff;2365,2572,2050,1701,2097,2469,2123,1767;2365,2572,2050,1701,2097,2469,2123,1767;100,100,100,96,100,100,100,100;OOOOOOOO
[RECV] BSDC91 notify: RXG;1;12629;tag=2;mask=0xff;pc=8;guard=1200;spacing=1000;win=8165;pre=1;slot_to_entry_us=0;slot_to_sched_us=0;slot_to_write_done_us=0;slot_to_txcmd_us=274;slot_to_txdone_us=610;txcmd_to_txdone_us=335;txdone_to_rxstart_us=61;txdone_to_rxend_us=183;rxenable
[RECV] BSDC91 notify: CD;1;12629;tag=2;local=0xb102;status=0x00806f02;rxf=0x0776c814;win=8165;pc=8;mask=0xff;resp=8;unexp=0;last_len=20;last_src=0xa107;last_dst=0xb102;last_code=0xe
[RECV] BSDC91 notify: TS;1;12630;f;1477;1911;1989;823;1163;ABCDEFGH;5;10;M;0;S;144;0;full;100
[RECV] BSDC91 notify: TR;2;12630;f;0;ff;ff;2244,1801,2340,2761,1869,1441,2221,2372;2244,1801,2340,2761,1869,1441,2221,2372;100,100,100,100,100,100,100,100;OOOOOOOO
[RECV] BS2DCE notify: RXG;1;12277;tag=1;mask=0xff;pc=8;guard=1200;spacing=1000;win=8165;pre=1;slot_to_entry_us=0;slot_to_sched_us=0;slot_to_write_done_us=0;slot_to_txcmd_us=274;slot_to_txdone_us=610;txcmd_to_txdone_us=335;txdone_to_rxstart_us=91;txdone_to_rxend_us=213;rxenable
[RECV] BSDC91 notify: TDIAG;wait_ms=76;tx_us=610;rx_us=183;coll_us=8300;range_us=44006;solve_us=11962;out_us=2258;clean_us=30;total_ms=143
[RECV] BS2DCE notify: CD;1;12277;tag=1;local=0xb101;status=0x00806f02;rxf=0x0796c814;win=8165;pc=8;mask=0xff;resp=8;unexp=0;last_len=20;last_src=0xa107;last_dst=0xb101;last_code=0xe
[RECV] BS2DCE notify: TS;1;12278;f;1060;2423;1872;834;1195;ABCDEFGH;0;10;M;0;S;145;0;full;99
[RECV] BS2DCE notify: TR;2;12278;f;0;ff;ff;2320,2574,1989,1759,2070,2136,2101,1742;2320,2574,1989,1759,2070,2136,2101,1742;100,100,100,96,100,100,100,100;OOOOOOOO
[RECV] BSDC91 notify: TS;1;12631;f;1409;1895;1885;820;1135;ABCDEFG;5;10;M;0;S;54;0;full;100
[RECV] BSDC91 notify: TR;2;12631;f;0;ff;7f;2179,1776,2416,2653,1853,1478,2200,0;2179,1776,2416,2653,1853,1478,2200,2372;100,100,100,100,100,100,100,96;OOOOOOOT
[RECV] BS2DCE notify: TS;1;12279;f;1032;2437;1795;746;995;ABCDEFGH;0;10;M;0;S;55;0;full;99
[RECV] BS2DCE notify: TR;2;12279;f;0;ff;ff;2332,2556,2077,1911,2087,2436,2059,1683;2332,2556,2077,1911,2087,2436,2059,1683;100,100,100,96,100,100,100,100;OOOOOOOO
[RECV] BSDC91 notify: TS;1;12632;f;1452;1844;2014;828;1167;ABCDEFGH;5;10;M;0;S;102;0;full;100
[RECV] BSDC91 notify: TR;2;12632;f;0;ff;ff;2136,1781,2435,2911,1779,1447,2219,2378;2136,1781,2435,2911,1779,1447,2219,2378;100,100,100,100,100,100,100,100;OOOOOOOO
[RECV] BS2DCE notify: TS;1;12280;f;982;2463;-96;711;1002;ABCDEFGH;0;10;M;0;S;100;0;full;100
[RECV] BS2DCE notify: TR;2;12280;f;0;ff;ff;2205,2576,1999,1811,2150,2557,2031,1762;2205,2576,1999,1811,2150,2557,2031,1762;100,100,100,100,100,100,100,100;OOOOOOOO
[RECV] BS2DCE notify: TDIAG;wait_ms=75;tx_us=610;rx_us=183;coll_us=8483;range_us=549;solve_us=11840;out_us=2441;clean_us=30;total_ms=100
[RECV] BSDC91 notify: TS;1;12633;f;1372;1868;2024;868;1184;ABCDEFGH;5;10;M;0;S;100;0;full;100
[RECV] BSDC91 notify: TR;2;12633;f;0;ff;ff;2078,1817,2423,2649,1717,1450,2285,2355;2078,1817,2423,2649,1717,1450,2285,2355;100,100,100,100,100,100,100,100;OOOOOOOO
[RECV] BS2DCE notify: TS;1;12281;f;1000;2474;1843;833;1126;ABCDEFGH;0;10;M;0;S;101;0;full;100
[RECV] BS2DCE notify: TR;2;12281;f;0;ff;ff;2192,2620,1987,1751,2088,2417,1918,1682;2192,2620,1987,1751,2088,2417,1918,1682;100,100,100,100,100,100,100,100;OOOOOOOO
[RECV] BSDC91 notify: TS;1;12634;f;1360;1836;1837;802;1120;ABCDEFGH;5;10;M;0;S;100;0;full;100
[RECV] BSDC91 notify: TR;2;12634;f;0;ff;ff;1923,1742,2426,2587,1776,1514,2383,2464;1923,1742,2426,2587,1776,1514,2383,2464;100,100,100,100,100,100,100,100;OOOOOOOO
[RECV] BS2DCE notify: TS;1;12282;f;1012;2485;1797;794;1126;ABCDEFGH;0;10;M;0;S;100;0;full;100
[RECV] BS2DCE notify: TR;2;12282;f;0;ff;ff;2249,2599,2052,1720,2177,2405,1896,1724;2249,2599,2052,1720,2177,2405,1896,1724;100,100,100,100,100,100,100,100;OOOOOOOO
[RECV] BSDC91 notify: TS;1;12635;f;1276;1831;1824;799;1148;ABCDEFGH;5;10;M;0;S;100;0;full;100
[RECV] BSDC91 notify: TR;2;12635;f;0;ff;ff;1897,1739,2462,2562,1680,1636,2500,2331;1897,1739,2462,2562,1680,1636,2500,2331;100,100,100,100,100,100,100,100;OOOOOOOO
[RECV] BS2DCE notify: TS;1;12283;f;1081;2489;1761;778;1052;ABCDEFGH;0;10;M;0;S;99;0;full;100
[RECV] BS2DCE notify: TR;2;12283;f;0;ff;ff;2297,2515,1975,1800,2179,2462,1847,1769;2297,2515,1975,1800,2179,2462,1847,1769;100,100,100,100,100,100,100,100;OOOOOOOO
[RECV] BSDC91 notify: TS;1;12636;f;1259;1800;1800;798;1124;ABCDEFGH;5;10;M;0;S;100;0;full;100
[RECV] BSDC91 notify: TR;2;12636;f;0;ff;ff;1805,1736,2463,2590,1644,1636,2525,2373;1805,1736,2463,2590,1644,1636,2525,2373;100,100,100,100,100,100,100,100;OOOOOOOO
[RECV] BS2DCE notify: TS;1;12284;f;1116;2470;1900;838;1139;ABCDEFGH;0;10;M;0;S;100;0;full;100
[RECV] BS2DCE notify: TR;2;12284;f;0;ff;ff;2295,2515,2045,1828,2177,2316,1726,1796;2295,2515,2045,1828,2177,2316,1726,1796;100,100,100,100,100,100,100,100;OOOOOOOO
[RECV] BSDC91 notify: TS;1;12637;f;1163;1792;1607;726;1051;ABCDEFGH;5;10;M;0;S;100;0;full;100
[RECV] BSDC91 notify: TR;2;12637;f;0;ff;ff;1736,1734,2460,2529,1639,1794,2768,2314;1736,1734,2460,2529,1639,1794,2768,2314;100,100,100,100,100,100,100,100;OOOOOOOO
[RECV] BS2DCE notify: TS;1;12285;f;1189;2454;1911;848;1135;ABCDEFGH;0;10;M;0;S;100;0;full;100
[RECV] BS2DCE notify: TR;2;12285;f;0;ff;ff;2404,2350,2008,1883,2186,2260,1759,1782;2404,2350,2008,1883,2186,2260,1759,1782;100,100,100,100,100,100,100,100;OOOOOOOO
[RECV] BSDC91 notify: TS;1;12638;f;1158;1821;1793;805;1132;ABCDEFGH;5;10;M;0;S;100;0;full;100
[RECV] BSDC91 notify: TR;2;12638;f;0;ff;ff;1703,1784,2527,2527,1641,1770,2522,2234;1703,1784,2527,2527,1641,1770,2522,2234;100,100,100,100,100,100,100,100;OOOOOOOO
[RECV] BS2DCE notify: TS;1;12286;f;1226;2455;1965;864;1133;ABCDEFGH;0;10;M;0;S;100;0;full;100
[RECV] BS2DCE notify: TR;2;12286;f;0;ff;ff;2428,2362,2016,1937,2190,2225,1667,1822;2428,2362,2016,1937,2190,2225,1667,1822;100,100,100,100,100,100,100,100;OOOOOOOO
[RECV] BSDC91 notify: TS;1;12639;f;1043;1808;1719;759;1099;ABCDEFGH;5;10;M;0;S;100;0;full;100
[RECV] BSDC91 notify: TR;2;12639;f;0;ff;ff;1605,1889,2648,2445,1592,1894,2556,2291;1605,1889,2648,2445,1592,1894,2556,2291;100,100,100,100,100,100,100,100;OOOOOOOO
[RECV] BS2DCE notify: TS;1;12287;f;1313;2465;1897;837;1117;ABCDEFGH;0;10;M;0;S;101;0;full;100
[RECV] BS2DCE notify: TR;2;12287;f;0;ff;ff;2484,2376,1873,1962,2196,2182,1637,2004;2484,2376,1873,1962,2196,2182,1637,2004;100,100,100,100,100,100,100,100;OOOOOOOO
[RECV] BSDC91 notify: RXG;1;12639;tag=2;mask=0xff;pc=8;guard=1200;spacing=1000;win=8165;pre=1;slot_to_entry_us=0;slot_to_sched_us=0;slot_to_write_done_us=0;slot_to_txcmd_us=274;slot_to_txdone_us=610;txcmd_to_txdone_us=335;txdone_to_rxstart_us=91;txdone_to_rxend_us=213;rxenable
[RECV] BSDC91 notify: CD;1;12639;tag=2;local=0xb102;status=0x00806f02;rxf=0x07a6c814;win=8165;pc=8;mask=0xff;resp=8;unexp=0;last_len=20;last_src=0xa107;last_dst=0xb102;last_code=0xe
[RECV] BSDC91 notify: TS;1;12640;f;1035;1830;-240;771;1201;ABCDEFGH;5;10;M;0;S;144;0;full;100
[RECV] BSDC91 notify: TR;2;12640;f;0;ff;ff;1498,1932,2435,2465,1577,2055,2559,2428;1498,1932,2435,2465,1577,2055,2559,2428;100,100,100,100,100,100,100,100;OOOOOOOO
[RECV] BSDC91 notify: TDIAG;wait_ms=75;tx_us=610;rx_us=213;coll_us=8331;range_us=44006;solve_us=11932;out_us=2258;clean_us=30;total_ms=143
[RECV] BS2DCE notify: RXG;1;12287;tag=1;mask=0xff;pc=8;guard=1200;spacing=1000;win=8165;pre=1;slot_to_entry_us=0;slot_to_sched_us=0;slot_to_write_done_us=0;slot_to_txcmd_us=274;slot_to_txdone_us=610;txcmd_to_txdone_us=335;txdone_to_rxstart_us=61;txdone_to_rxend_us=213;rxenable
[RECV] BSDC91 notify: TS;1;12641;f;1103;1855;-399;818;1274;ABCDEFGH;5;10;M;0;S;57;0;full;100
[RECV] BSDC91 notify: TR;2;12641;f;0;ff;ff;1504,1910,2216,2413,1648,2105,2574,2568;1504,1910,2216,2413,1648,2105,2574,2568;100,100,100,100,100,100,100,100;OOOOOOOO
[RECV] BS2DCE notify: CD;1;12287;tag=1;local=0xb101;status=0x00806f02;rxf=0x0756c814;win=8165;pc=8;mask=0xff;resp=8;unexp=0;last_len=20;last_src=0xa107;last_dst=0xb101;last_code=0xe
[RECV] BS2DCE notify: TS;1;12288;f;1347;2429;1973;851;1094;ABCDEFGH;0;10;M;0;S;143;0;full;100
[RECV] BS2DCE notify: TR;2;12288;f;0;ff;ff;2538,2263,1980,2080,2244,2103,1631,1934;2538,2263,1980,2080,2244,2103,1631,1934;100,100,100,100,100,100,100,100;OOOOOOOO
[RECV] BS2DCE notify: TS;1;12289;f;1173;2266;1844;758;1049;ABDEFGH;0;10;M;0;S;54;0;full;100
[RECV] BS2DCE notify: TR;2;12289;f;0;ff;fb;2473,2186,0,2044,2287,1952,1855,1915;2473,2186,1980,2044,2287,1952,1855,1915;100,100,96,100,100,100,100,100;OOTOOOOO
[RECV] BSDC91 notify: TS;1;12642;f;982;1824;-365;789;1188;ABCDEFGH;5;10;M;0;S;99;0;full;100
[RECV] BSDC91 notify: TR;2;12642;f;0;ff;ff;1496,1885,2571,2189,1648,2094,2715,2462;1496,1885,2571,2189,1648,2094,2715,2462;100,100,100,100,100,100,100,100;OOOOOOOO
[RECV] BS2DCE notify: TS;1;12290;f;1398;2348;2083;919;1171;ABCDEFGH;0;10;M;0;S;103;0;full;99
[RECV] BS2DCE notify: TR;2;12290;f;0;ff;ff;2557,2183,1984,2145,2239,1769,1735,1961;2557,2183,1984,2145,2239,1769,1735,1961;100,100,96,100,100,100,100,100;OOOOOOOO
[RECV] BS2DCE notify: TDIAG;wait_ms=78;tx_us=610;rx_us=213;coll_us=8270;range_us=579;solve_us=12115;out_us=2197;clean_us=30;total_ms=102
[RECV] BSDC91 notify: TS;1;12643;f;897;1942;-376;846;1262;ABCDEFGH;5;10;M;0;S;100;0;full;100
[RECV] BSDC91 notify: TR;2;12643;f;0;ff;ff;1643,1953,2530,1963,1635,2151,2666,2178;1643,1953,2530,1963,1635,2151,2666,2178;100,100,100,100,100,100,100,100;OOOOOOOO
[RECV] BS2DCE notify: TS;1;12291;f;1423;2351;2081;901;1216;ABCDEFGH;0;10;M;0;S;100;0;full;99
[RECV] BS2DCE notify: TR;2;12291;f;0;ff;ff;2654,2124,1982,2242,2137,1909,1685,1979;2654,2124,1982,2242,2137,1909,1685,1979;100,100,96,100,100,100,100,100;OOOOOOOO
[RECV] BSDC91 notify: TS;1;12644;f;840;2074;-256;790;1143;ABCDEFGH;5;10;M;0;S;100;0;full;100
[RECV] BSDC91 notify: TR;2;12644;f;0;ff;ff;1765,2046,2590,1872,1756,2367,2435,2044;1765,2046,2590,1872,1756,2367,2435,2044;100,100,100,100,100,100,100,100;OOOOOOOO
[RECV] BS2DCE notify: TS;1;12292;f;1387;2415;1892;783;1177;ABCDEFGH;0;10;M;0;S;99;0;full;99
[RECV] BS2DCE notify: TR;2;12292;f;0;ff;ff;2717,2109,1991,2296,2127,2367,1685,1910;2717,2109,1991,2296,2127,2367,1685,1910;100,100,96,100,100,100,100,100;OOOOOOOO
[RECV] BSDC91 notify: TS;1;12645;f;872;2136;-556;952;1357;ABCDEFGH;5;10;M;0;S;100;0;full;100
[RECV] BSDC91 notify: TR;2;12645;f;0;ff;ff;1723,2053,2239,1751,1787,2382,2553,1910;1723,2053,2239,1751,1787,2382,2553,1910;100,100,100,100,100,100,100,100;OOOOOOOO
[RECV] BS2DCE notify: TS;1;12293;f;1460;2363;1889;787;1168;ABCDEFGH;0;10;M;0;S;101;0;full;99
[RECV] BS2DCE notify: TR;2;12293;f;0;ff;ff;2695,2052,1930,2385,2134,2210,1742,2009;2695,2052,1930,2385,2134,2210,1742,2009;100,100,96,100,100,100,100,100;OOOOOOOO
[RECV] BSDC91 notify: TS;1;12646;f;850;2198;-606;991;1426;ABCDEFGH;5;10;M;0;S;100;0;full;100
[RECV] BSDC91 notify: TR;2;12646;f;0;ff;ff;1700,2103,2186,1691,1789,2535,2434,1849;1700,2103,2186,1691,1789,2535,2434,1849;100,100,100,100,100,100,100,100;OOOOOOOO
[RECV] BS2DCE notify: TS;1;12294;f;1422;2348;1688;695;1055;ABCDEFGH;0;10;M;0;S;100;0;full;99
[RECV] BS2DCE notify: TR;2;12294;f;0;ff;ff;2552,2054,1978,2409,2144,2451,1768,2111;2552,2054,1978,2409,2144,2451,1768,2111;100,100,96,100,100,100,100,100;OOOOOOOO
[RECV] BSDC91 notify: TS;1;12647;f;866;2304;-601;993;1366;ABCDEFGH;5;10;M;0;S;100;0;full;100
[RECV] BSDC91 notify: TR;2;12647;f;0;ff;ff;1735,2204,2135,1615,1925,2635,2237,1775;1735,2204,2135,1615,1925,2635,2237,1775;100,100,100,100,100,100,100,100;OOOOOOOO
[RECV] BS2DCE notify: TS;1;12295;f;1455;2274;1848;770;1178;ABCDEFGH;0;10;M;0;S;100;0;full;99
[RECV] BS2DCE notify: TR;2;12295;f;0;ff;ff;2674,1955,2027,2363,2038,2103,1891,2129;2674,1955,2027,2363,2038,2103,1891,2129;100,100,96,100,100,100,100,100;OOOOOOOO
[RECV] BSDC91 notify: TS;1;12648;f;850;2314;-572;925;1315;ABCDEFGH;5;10;M;0;S;100;0;full;100
[RECV] BSDC91 notify: TR;2;12648;f;0;ff;ff;1808,2335,2081,1563,1961,2656,2402,1861;1808,2335,2081,1563,1961,2656,2402,1861;100,100,100,100,100,100,100,100;OOOOOOOO
[RECV] BS2DCE notify: TS;1;12296;f;1535;2151;2286;1043;1403;ABCDEFGH;0;10;M;0;S;100;0;full;100
[RECV] BS2DCE notify: TR;2;12296;f;0;ff;ff;2815,1900,2049,2375,1975,1251,1936,2164;2815,1900,2049,2375,1975,1251,1936,2164;100,100,100,100,100,100,100,100;OOOOOOOO
[RECV] BSDC91 notify: TS;1;12649;f;882;2348;-598;989;1349;ABCDEFGH;5;10;M;0;S;100;0;full;100
[RECV] BSDC91 notify: TR;2;12649;f;0;ff;ff;1870,2295,2048,1488,1976,2532,2275,1768;1870,2295,2048,1488,1976,2532,2275,1768;100,100,100,100,100,100,100,100;OOOOOOOO
[RECV] BS2DCE notify: TS;1;12297;f;1474;2111;2070;911;1320;ABCDEFGH;0;10;M;0;S;99;0;full;100
[RECV] BS2DCE notify: TR;2;12297;f;0;ff;ff;2429,1831,2175,2460,1941,1676,1876,2233;2429,1831,2175,2460,1941,1676,1876,2233;100,100,100,100,100,100,100,100;OOOOOOOO
[RECV] BSDC91 notify: RXG;1;12649;tag=2;mask=0xff;pc=8;guard=1200;spacing=1000;win=8165;pre=1;slot_to_entry_us=0;slot_to_sched_us=0;slot_to_write_done_us=0;slot_to_txcmd_us=274;slot_to_txdone_us=610;txcmd_to_txdone_us=335;txdone_to_rxstart_us=61;txdone_to_rxend_us=183;rxenable
[RECV] BS2DCE notify: RXG;1;12297;tag=1;mask=0xff;pc=8;guard=1200;spacing=1000;win=8165;pre=1;slot_to_entry_us=0;slot_to_sched_us=0;slot_to_write_done_us=0;slot_to_txcmd_us=274;slot_to_txdone_us=610;txcmd_to_txdone_us=335;txdone_to_rxstart_us=61;txdone_to_rxend_us=183;rxenable
[RECV] BSDC91 notify: CD;1;12649;tag=2;local=0xb102;status=0x00806f02;rxf=0x07c6c814;win=8165;pc=8;mask=0xff;resp=8;unexp=0;last_len=20;last_src=0xa107;last_dst=0xb102;last_code=0xe
[RECV] BSDC91 notify: TS;1;12650;f;832;2405;-413;912;1278;ABCDEFGH;5;10;M;0;S;144;0;full;100
[RECV] BSDC91 notify: TR;2;12650;f;0;ff;ff;2054,2408,2070,1453,1963,2545,2197,1683;2054,2408,2070,1453,1963,2545,2197,1683;100,100,100,100,100,100,100,100;OOOOOOOO
[RECV] BS2DCE notify: CD;1;12297;tag=1;local=0xb101;status=0x00806f02;rxf=0x0786c814;win=8165;pc=8;mask=0xff;resp=8;unexp=0;last_len=20;last_src=0xa107;last_dst=0xb101;last_code=0xe
[RECV] BS2DCE notify: TS;1;12298;f;1377;2051;1969;829;1128;ABCDEFGH;0;10;M;0;S;144;0;full;100
[RECV] BS2DCE notify: TR;2;12298;f;0;ff;ff;2243,1953,2234,2542,1846,1751,2082,2226;2243,1953,2234,2542,1846,1751,2082,2226;100,100,100,100,100,100,100,100;OOOOOOOO
[RECV] BSDC91 notify: TDIAG;wait_ms=75;tx_us=610;rx_us=183;coll_us=8300;range_us=44036;solve_us=11718;out_us=2380;clean_us=30;total_ms=143
[RECV] BSDC91 notify: TS;1;12651;f;947;2483;1644;751;1092;ABCDEFGH;5;10;M;0;S;58;0;full;100
[RECV] BSDC91 notify: TR;2;12651;f;0;ff;ff;2279,2506,2016,1632,2142,2525,2115,1664;2279,2506,2016,1632,2142,2525,2115,1664;100,100,100,100,100,100,100,100;OOOOOOOO
[RECV] BS2DCE notify: TS;1;12299;f;1419;1990;1837;703;1002;ABCDEFGH;0;10;M;0;S;57;0;full;100
[RECV] BS2DCE notify: TR;2;12299;f;0;ff;ff;2325,1938,2351,2703,1870,1754,2190,2369;2325,1938,2351,2703,1870,1754,2190,2369;100,100,100,100,100,100,100,100;OOOOOOOO
[RECV] BSDC91 notify: TS;1;12652;f;973;2503;1651;739;1016;ABCDEFGH;5;10;M;0;S;98;0;full;100
[RECV] BSDC91 notify: TR;2;12652;f;0;ff;ff;2332,2506,1987,1710,2100,2662,2035,1674;2332,2506,1987,1710,2100,2662,2035,1674;100,100,100,100,100,100,100,100;OOOOOOOO
[RECV] BS2DCE notify: TS;1;12300;f;1372;1926;1872;755;1115;ABCDEFGH;0;10;M;0;S;100;0;full;100
[RECV] BS2DCE notify: TR;2;12300;f;0;ff;ff;2203,1823,2445,2623,1829,1658,2306,2312;2203,1823,2445,2623,1829,1658,2306,2312;100,100,100,100,100,100,100,100;OOOOOOOO
[RECV] BS2DCE notify: TDIAG;wait_ms=75;tx_us=610;rx_us=183;coll_us=8300;range_us=579;solve_us=12054;out_us=2197;clean_us=61;total_ms=100
[RECV] BSDC91 notify: TS;1;12653;f;973;2564;1738;804;1131;ABCDEFGH;5;10;M;0;S;100;0;full;100
[RECV] BSDC91 notify: TR;2;12653;f;0;ff;ff;2271,2599,1906,1610,2220,2598,1936,1585;2271,2599,1906,1610,2220,2598,1936,1585;100,100,100,100,100,100,100,100;OOOOOOOO
[RECV] BS2DCE notify: TS;1;12301;f;1328;1926;1850;751;1062;ABCDEFGH;0;10;M;0;S;99;0;full;100
[RECV] BS2DCE notify: TR;2;12301;f;0;ff;ff;2125,1880,2452,2559,1849,1637,2360,2301;2125,1880,2452,2559,1849,1637,2360,2301;100,100,100,100,100,100,100,100;OOOOOOOO
[RECV] BSDC91 notify: TS;1;12654;f;1067;2580;1729;828;1147;ABCDEFH;5;10;M;0;S;98;0;full;100
[RECV] BSDC91 notify: TR;2;12654;f;0;ff;bf;2299,2626,1931,1621,2193,2560,0,1619;2299,2626,1931,1621,2193,2560,1936,1619;100,100,100,100,100,100,95,100;OOOOOOTO
[RECV] BS2DCE notify: TS;1;12302;f;1276;1916;1796;770;1090;ABCDEFGH;0;10;M;0;S;101;0;full;100
[RECV] BS2DCE notify: TR;2;12302;f;0;ff;ff;2000,1835,2404,2474,1800,1692,2448,2269;2000,1835,2404,2474,1800,1692,2448,2269;100,100,100,100,100,100,100,100;OOOOOOOO
[RECV] BSDC91 notify: TS;1;12655;f;1026;2556;1860;870;1215;ABCDEFGH;5;10;M;0;S;102;0;full;99
[RECV] BSDC91 notify: TR;2;12655;f;0;ff;ff;2264,2550,1951,1633,2259,2457,1772,1557;2264,2550,1951,1633,2259,2457,1772,1557;100,100,100,100,100,100,95,100;OOOOOOOO
[RECV] BS2DCE notify: TS;1;12303;f;1221;1892;1697;723;1005;ABCDEFGH;0;10;M;0;S;99;0;full;100
[RECV] BS2DCE notify: TR;2;12303;f;0;ff;ff;1871,1869,2401,2551,1778,1820,2520,2267;1871,1869,2401,2551,1778,1820,2520,2267;100,100,100,100,100,100,100,100;OOOOOOOO
[RECV] BSDC91 notify: TS;1;12656;f;1105;2566;1897;885;1213;ABCDEFGH;5;10;M;0;S;100;0;full;99
[RECV] BSDC91 notify: TR;2;12656;f;0;ff;ff;2350,2500,1892,1689,2239,2445,1660,1628;2350,2500,1892,1689,2239,2445,1660,1628;100,100,100,100,100,100,96,100;OOOOOOOO
[RECV] BS2DCE notify: TS;1;12304;f;1261;1901;1725;751;1036;ABCDEFGH;0;10;M;0;S;100;0;full;100
[RECV] BS2DCE notify: TR;2;12304;f;0;ff;ff;1861,1842,2313,2619,1793,1804,2487,2229;1861,1842,2313,2619,1793,1804,2487,2229;100,100,100,100,100,100,100,100;OOOOOOOO
[RECV] BSDC91 notify: TS;1;12657;f;1224;2589;1951;937;1308;ABCDEFGH;5;10;M;0;S;100;0;full;99
[RECV] BSDC91 notify: TR;2;12657;f;0;ff;ff;2452,2467,1676,1746,2189,2366,1584,1693;2452,2467,1676,1746,2189,2366,1584,1693;100,100,100,100,100,100,96,100;OOOOOOOO
[RECV] BS2DCE notify: TS;1;12305;f;1341;1843;1881;765;1117;ABCDEFGH;0;10;M;0;S;101;0;full;100
[RECV] BS2DCE notify: TR;2;12305;f;0;ff;ff;1838,1935,2407,3096,1786,1735,2256,2264;1838,1935,2407,3096,1786,1735,2256,2264;100,100,100,100,100,100,100,100;OOOOOOOO
[RECV] BSDC91 notify: TS;1;12658;f;1215;2525;1950;870;1179;ABCDEFGH;5;10;M;0;S;100;0;full;99
[RECV] BSDC91 notify: TR;2;12658;f;0;ff;ff;2490,2427,1935,1834,2221,2307,1608,1784;2490,2427,1935,1834,2221,2307,1608,1784;100,100,100,100,100,100,96,100;OOOOOOOO
[RECV] BS2DCE notify: TS;1;12306;f;1085;1956;1737;718;1026;ABCDEFGH;0;10;M;0;S;99;0;full;100
[RECV] BS2DCE notify: TR;2;12306;f;0;ff;ff;1806,2102,2474,2455,1742,2014,2405,2182;1806,2102,2474,2455,1742,2014,2405,2182;100,100,100,100,100,100,100,100;OOOOOOOO
[RECV] BSDC91 notify: TS;1;12659;f;1287;2544;1975;887;1159;ABCDEFGH;5;10;M;0;S;100;0;full;99
[RECV] BSDC91 notify: TR;2;12659;f;0;ff;ff;2504,2435,1842,1895,2297,2241,1521,1821;2504,2435,1842,1895,2297,2241,1521,1821;100,100,100,100,100,100,96,100;OOOOOOOO
[RECV] BS2DCE notify: TS;1;12307;f;1017;1934;1737;730;1109;ABCDEFGH;0;10;M;0;S;100;0;full;100
[RECV] BS2DCE notify: TR;2;12307;f;0;ff;ff;1682,2239,2529,2332,1736,1890,2443,2281;1682,2239,2529,2332,1736,1890,2443,2281;100,100,100,100,100,100,100,100;OOOOOOOO
[RECV] BSDC91 notify: RXG;1;12659;tag=2;mask=0xff;pc=8;guard=1200;spacing=1000;win=8165;pre=1;slot_to_entry_us=0;slot_to_sched_us=0;slot_to_write_done_us=0;slot_to_txcmd_us=274;slot_to_txdone_us=610;txcmd_to_txdone_us=335;txdone_to_rxstart_us=61;txdone_to_rxend_us=183;rxenable
[RECV] BSDC91 notify: CD;1;12659;tag=2;local=0xb102;status=0x00806f02;rxf=0x0786c814;win=8165;pc=8;mask=0xff;resp=8;unexp=0;last_len=20;last_src=0xa107;last_dst=0xb102;last_code=0xe
[RECV] BSDC91 notify: TS;1;12660;f;1331;2528;1967;887;1158;ABCDEFGH;5;10;M;0;S;144;0;full;99
[RECV] BSDC91 notify: TR;2;12660;f;0;ff;ff;2529,2387,1829,1924,2262,2232,1470,1932;2529,2387,1829,1924,2262,2232,1470,1932;100,100,100,100,100,100,96,100;OOOOOOOO
[RECV] BS2DCE notify: RXG;1;12307;tag=1;mask=0xff;pc=8;guard=1200;spacing=1000;win=8165;pre=1;slot_to_entry_us=0;slot_to_sched_us=0;slot_to_write_done_us=0;slot_to_txcmd_us=274;slot_to_txdone_us=610;txcmd_to_txdone_us=335;txdone_to_rxstart_us=91;txdone_to_rxend_us=213;rxenable
[RECV] BSDC91 notify: TDIAG;wait_ms=75;tx_us=610;rx_us=183;coll_us=8300;range_us=44036;solve_us=12023;out_us=2227;clean_us=30;total_ms=143
[RECV] BS2DCE notify: CD;1;12307;tag=1;local=0xb101;status=0x00806f02;rxf=0x07c6c814;win=8165;pc=8;mask=0xff;resp=8;unexp=0;last_len=20;last_src=0xa107;last_dst=0xb101;last_code=0xe
[RECV] BS2DCE notify: TS;1;12308;f;1001;1870;1627;679;1047;ABCDEFGH;0;10;M;0;S;144;0;full;100
[RECV] BS2DCE notify: TR;2;12308;f;0;ff;ff;1626,2085,2659,2408,1725,1991,2500,2321;1626,2085,2659,2408,1725,1991,2500,2321;100,100,100,100,100,100,100,100;OOOOOOOO
[RECV] BSDC91 notify: TS;1;12661;f;1335;2522;1993;932;1231;ABCDEFG;5;10;M;0;S;54;0;full;99
[RECV] BSDC91 notify: TR;2;12661;f;0;ff;7f;2555,2291,1776,2126,2378,2118,1457,0;2555,2291,1776,2126,2378,2118,1457,1932;100,100,100,100,100,100,96,96;OOOOOOOT
[RECV] BS2DCE notify: TS;1;12309;f;988;1845;1606;661;983;ABCDEFGH;0;10;M;0;S;56;0;full;100
[RECV] BS2DCE notify: TR;2;12309;f;0;ff;ff;1655,2039,2693,2427,1664,2042,2585,2322;1655,2039,2693,2427,1664,2042,2585,2322;100,100,100,100,100,100,100,100;OOOOOOOO
[RECV] BSDC91 notify: TS;1;12662;f;1423;2527;1992;884;1206;ABCDEFGH;5;10;M;0;S;103;0;full;99
[RECV] BSDC91 notify: TR;2;12662;f;0;ff;ff;2677,2345,1763,2006,2349,2060,1516,1958;2677,2345,1763,2006,2349,2060,1516,1958;100,100,100,100,100,100,96,96;OOOOOOOO
[RECV] BS2DCE notify: TS;1;12310;f;957;1857;1520;617;934;ABCDEFGH;0;10;M;0;S;101;0;full;100
[RECV] BS2DCE notify: TR;2;12310;f;0;ff;ff;1650,2058,2803,2338,1768,2078,2570,2365;1650,2058,2803,2338,1768,2078,2570,2365;100,100,100,100,100,100,100,100;OOOOOOOO
[RECV] BS2DCE notify: TDIAG;wait_ms=75;tx_us=610;rx_us=183;coll_us=8544;range_us=549;solve_us=11840;out_us=2441;clean_us=30;total_ms=100
[RECV] BSDC91 notify: TS;1;12663;f;1481;2472;2025;886;1166;ABCDEFGH;5;10;M;0;S;100;0;full;99
[RECV] BSDC91 notify: TR;2;12663;f;0;ff;ff;2676,2241,1840,2136,2422,1930,1509,1994;2676,2241,1840,2136,2422,1930,1509,1994;100,100,100,100,100,100,96,96;OOOOOOOO
[RECV] BS2DCE notify: TS;1;12311;f;1003;1890;-223;678;1071;ABCDEFGH;0;10;M;0;S;100;0;full;100
[RECV] BS2DCE notify: TR;2;12311;f;0;ff;ff;1679,2036,2517,2186,1726,2181,2671,2525;1679,2036,2517,2186,1726,2181,2671,2525;100,100,100,100,100,100,100,100;OOOOOOOO
[RECV] BSDC91 notify: TS;1;12664;f;1416;2430;2108;958;1270;ABCDEFGH;5;10;M;0;S;99;0;full;100
[RECV] BSDC91 notify: TR;2;12664;f;0;ff;ff;2511,2273,1842,2106,2310,1848,1558,1938;2511,2273,1842,2106,2310,1848,1558,1938;100,100,100,100,100,100,100,100;OOOOOOOO
[RECV] BS2DCE notify: TS;1;12312;f;1036;1938;-315;726;1136;ABCDEFGH;0;10;M;0;S;99;0;full;100
[RECV] BS2DCE notify: TR;2;12312;f;0;ff;ff;1758,1980,2342,2138,1764,2198,2696,2465;1758,1980,2342,2138,1764,2198,2696,2465;100,100,100,100,100,100,100,100;OOOOOOOO
[RECV] BSDC91 notify: TS;1;12665;f;1462;2446;2051;909;1290;ABCDEFGH;5;10;M;0;S;100;0;full;100
[RECV] BSDC91 notify: TR;2;12665;f;0;ff;ff;2544,2296,1757,2238,2341,1918,1588,1935;2544,2296,1757,2238,2341,1918,1588,1935;100,100,100,100,100,100,100,100;OOOOOOOO
[RECV] BS2DCE notify: TS;1;12313;f;949;2018;-355;778;1131;ABCDEFGH;0;10;M;0;S;101;0;full;100
[RECV] BS2DCE notify: TR;2;12313;f;0;ff;ff;1753,1996,2388,2022,1822,2276,2664,2165;1753,1996,2388,2022,1822,2276,2664,2165;100,100,100,100,100,100,100,100;OOOOOOOO
[RECV] BSDC91 notify: TS;1;12666;f;1578;2521;2084;877;1202;ABCDEFGH;5;10;M;0;S;100;0;full;100
[RECV] BSDC91 notify: TR;2;12666;f;0;ff;ff;3343,2214,1794,2215,2234,1889,1571,2019;3343,2214,1794,2215,2234,1889,1571,2019;100,100,100,100,100,100,100,100;OOOOOOOO
[RECV] BS2DCE notify: TS;1;12314;f;841;1978;-217;797;1075;BCDEFGH;0;10;M;0;S;97;0;full;100
[RECV] BS2DCE notify: TR;2;12314;f;0;ff;fe;0,2046,2736,1986,1730,2261,2428,2169;1753,2046,2736,1986,1730,2261,2428,2169;94,100,100,100,100,100,100,100;TOOOOOOO
[RECV] BSDC91 notify: TS;1;12667;f;1650;2518;2178;942;1349;ABCDEFGH;5;10;M;0;S;100;0;full;100
[RECV] BSDC91 notify: TR;2;12667;f;0;ff;ff;3587,2103,1800,2259,2289,1727,1558,1987;3587,2103,1800,2259,2289,1727,1558,1987;100,100,100,100,100,100,100,100;OOOOOOOO
[RECV] BS2DCE notify: TS;1;12315;f;836;2004;1562;708;1064;ABCDEFGH;0;10;M;0;S;103;0;full;99
[RECV] BS2DCE notify: TR;2;12315;f;0;ff;ff;1800,2017,2802,1915,1712,2320,2475,2151;1800,2017,2802,1915,1712,2320,2475,2151;95,100,100,100,100,100,100,100;OOOOOOOO
[RECV] BSDC91 notify: TS;1;12668;f;1484;2474;1897;776;1150;ABCDEFGH;5;10;M;0;S;100;0;full;100
[RECV] BSDC91 notify: TR;2;12668;f;0;ff;ff;2873,2149,1911,2290,2224,2314,1547,2023;2873,2149,1911,2290,2224,2314,1547,2023;100,100,100,100,100,100,100,100;OOOOOOOO
[RECV] BS2DCE notify: TS;1;12316;f;938;2113;-405;856;1208;ABCDEFGH;0;10;M;0;S;100;0;full;99
[RECV] BS2DCE notify: TR;2;12316;f;0;ff;ff;1769,2052,2351,1865,1841,2303,2424,2038;1769,2052,2351,1865,1841,2303,2424,2038;95,100,100,100,100,100,100,100;OOOOOOOO
[RECV] BSDC91 notify: TS;1;12669;f;1603;2545;1907;760;1211;ABCDEFGH;5;10;M;0;S;100;0;full;100
[RECV] BSDC91 notify: TR;2;12669;f;0;ff;ff;3498,2111,1877,2370,2182,2283,1554,2043;3498,2111,1877,2370,2182,2283,1554,2043;100,100,100,100,100,100,100,100;OOOOOOOO
[RECV] BS2DCE notify: TS;1;12317;f;917;2176;-358;864;1213;ABCDEFGH;0;10;M;0;S;100;0;full;99
[RECV] BS2DCE notify: TR;2;12317;f;0;ff;ff;1851,2173,2255,1795,1846,2261,2381,1917;1851,2173,2255,1795,1846,2261,2381,1917;95,100,100,100,100,100,100,100;OOOOOOOO
[RECV] BSDC91 notify: RXG;1;12669;tag=2;mask=0xff;pc=8;guard=1200;spacing=1000;win=8165;pre=1;slot_to_entry_us=0;slot_to_sched_us=0;slot_to_write_done_us=0;slot_to_txcmd_us=274;slot_to_txdone_us=610;txcmd_to_txdone_us=335;txdone_to_rxstart_us=61;txdone_to_rxend_us=183;rxenable
[RECV] BSDC91 notify: CD;1;12669;tag=2;local=0xb102;status=0x00806f02;rxf=0x07b6c814;win=8165;pc=8;mask=0xff;resp=8;unexp=0;last_len=20;last_src=0xa107;last_dst=0xb102;last_code=0xe
[RECV] BSDC91 notify: TS;1;12670;f;1538;2374;2004;840;1220;ABCDEFGH;5;10;M;0;S;144;0;full;100
[RECV] BSDC91 notify: TR;2;12670;f;0;ff;ff;2785,2051,1929,2406,2216,2011,1602,2075;2785,2051,1929,2406,2216,2011,1602,2075;100,100,100,100,100,100,100,100;OOOOOOOO
[RECV] BSDC91 notify: TDIAG;wait_ms=75;tx_us=610;rx_us=183;coll_us=8300;range_us=44158;solve_us=11840;out_us=2258;clean_us=30;total_ms=143
[RECV] BS2DCE notify: RXG;1;12317;tag=1;mask=0xff;pc=8;guard=1200;spacing=1000;win=8165;pre=1;slot_to_entry_us=0;slot_to_sched_us=0;slot_to_write_done_us=0;slot_to_txcmd_us=274;slot_to_txdone_us=610;txcmd_to_txdone_us=335;txdone_to_rxstart_us=91;txdone_to_rxend_us=213;rxenable
[RECV] BSDC91 notify: TS;1;12671;f;1508;2341;2001;840;1195;ABCDEFGH;5;10;M;0;S;57;0;full;100
[RECV] BSDC91 notify: TR;2;12671;f;0;ff;ff;2719,2060,1962,2409,2104,2036,1622,2129;2719,2060,1962,2409,2104,2036,1622,2129;100,100,100,100,100,100,100,100;OOOOOOOO
[RECV] BS2DCE notify: CD;1;12317;tag=1;local=0xb101;status=0x00806f02;rxf=0x0796c814;win=8165;pc=8;mask=0xff;resp=8;unexp=0;last_len=20;last_src=0xa107;last_dst=0xb101;last_code=0xe
[RECV] BS2DCE notify: TS;1;12318;f;900;2189;-342;853;1215;ABCDEFGH;0;10;M;0;S;144;0;full;99
[RECV] BS2DCE notify: TR;2;12318;f;0;ff;ff;1902,2087,2296,1813,1839,2377,2345,1893;1902,2087,2296,1813,1839,2377,2345,1893;95,100,100,100,100,100,100,100;OOOOOOOO
[RECV] BS2DCE notify: TS;1;12319;f;918;2187;-308;846;1234;ABDEFGH;0;10;M;0;S;53;0;full;99
[RECV] BS2DCE notify: TR;2;12319;f;0;ff;fb;1874,2141,0,1842,1803,2477,2501,1877;1874,2141,2296,1842,1803,2477,2501,1877;95,100,95,100,100,100,100,100;OOTOOOOO
[RECV] BSDC91 notify: TS;1;12672;f;1573;2304;2063;886;1338;ABCDEFGH;5;10;M;0;S;99;0;full;100
[RECV] BSDC91 notify: TR;2;12672;f;0;ff;ff;2791,1909,1991,2434,2204,1836,1642,2115;2791,1909,1991,2434,2204,1836,1642,2115;100,100,100,100,100,100,100,100;OOOOOOOO
[RECV] BS2DCE notify: TS;1;12320;f;866;2255;-385;869;1272;ABCDEFGH;0;10;M;0;S;103;0;full;99
[RECV] BS2DCE notify: TR;2;12320;f;0;ff;ff;1946,2196,2219,1710,1848,2496,2342,1828;1946,2196,2219,1710,1848,2496,2342,1828;96,100,96,100,100,100,100,100;OOOOOOOO
[RECV] BS2DCE notify: TDIAG;wait_ms=78;tx_us=610;rx_us=183;coll_us=8300;range_us=579;solve_us=12207;out_us=2166;clean_us=61;total_ms=102
[RECV] BSDC91 notify: TS;1;12673;f;1531;2243;1983;831;1203;ABCDEFGH;5;10;M;0;S;100;0;full;100
[RECV] BSDC91 notify: TR;2;12673;f;0;ff;ff;2624,1964,2026,2490,2090,1878,1753,2209;2624,1964,2026,2490,2090,1878,1753,2209;100,100,100,100,100,100,100,100;OOOOOOOO
[RECV] BS2DCE notify: TS;1;12321;f;891;2278;-435;856;1267;ABCDEFGH;0;10;M;0;S;100;0;full;99
[RECV] BS2DCE notify: TR;2;12321;f;0;ff;ff;1964,2143,2175,1731,1907,2662,2334,1890;1964,2143,2175,1731,1907,2662,2334,1890;96,100,96,100,100,100,100,100;OOOOOOOO
[RECV] BSDC91 notify: TS;1;12674;f;1510;2218;2011;846;1273;ABCDEFGH;5;10;M;0;S;100;0;full;100
[RECV] BSDC91 notify: TR;2;12674;f;0;ff;ff;2688,1901,2100,2457,2021,1854,1810,2176;2688,1901,2100,2457,2021,1854,1810,2176;100,100,100,100,100,100,100,100;OOOOOOOO
[RECV] BS2DCE notify: TS;1;12322;f;880;2314;-432;874;1259;ABCDEFGH;0;10;M;0;S;100;0;full;99
[RECV] BS2DCE notify: TR;2;12322;f;0;ff;ff;1978,2246,2130,1656,1937,2580,2312,1815;1978,2246,2130,1656,1937,2580,2312,1815;96,100,96,100,100,100,100,100;OOOOOOOO
[RECV] BSDC91 notify: TS;1;12675;f;1533;2179;2134;917;1348;ABCDEFGH;5;10;M;0;S;100;0;full;100
[RECV] BSDC91 notify: TR;2;12675;f;0;ff;ff;2799,1871,2102,2484,1944,1632,1866,2167;2799,1871,2102,2484,1944,1632,1866,2167;100,100,100,100,100,100,100,100;OOOOOOOO
[RECV] BS2DCE notify: TS;1;12323;f;870;2304;-359;833;1240;ABCDEFGH;0;10;M;0;S;100;0;full;99
[RECV] BS2DCE notify: TR;2;12323;f;0;ff;ff;2086,2195,2197,1672,1902,2601,2337,1826;2086,2195,2197,1672,1902,2601,2337,1826;96,100,96,100,100,100,100,100;OOOOOOOO
[RECV] BSDC91 notify: TS;1;12676;f;1594;2206;2079;848;1318;ABCDEFGH;5;10;M;0;S;100;0;full;100
[RECV] BSDC91 notify: TR;2;12676;f;0;ff;ff;3125,1864,2189,2499,1999,1638,1846,2241;3125,1864,2189,2499,1999,1638,1846,2241;100,100,100,100,100,100,100,100;OOOOOOOO
[RECV] BS2DCE notify: TS;1;12324;f;897;2330;-371;848;1236;ABCDEFGH;0;10;M;0;S;100;0;full;99
[RECV] BS2DCE notify: TR;2;12324;f;0;ff;ff;2074,2243,2086,1702,1940,2566,2303,1785;2074,2243,2086,1702,1940,2566,2303,1785;96,100,96,100,100,100,100,100;OOOOOOOO
[RECV] BSDC91 notify: TS;1;12677;f;1486;2087;2024;871;1298;ABCDEFGH;5;10;M;0;S;100;0;full;100
[RECV] BSDC91 notify: TR;2;12677;f;0;ff;ff;2456,1802,2202,2527,1932,1693,1952,2242;2456,1802,2202,2527,1932,1693,1952,2242;100,100,100,100,100,100,100,100;OOOOOOOO
[RECV] BS2DCE notify: TS;1;12325;f;949;2375;-307;811;1172;ABCDEFGH;0;10;M;0;S;100;0;full;99
[RECV] BS2DCE notify: TR;2;12325;f;0;ff;ff;2134,2374,2081,1640,2016,2508,2169,1862;2134,2374,2081,1640,2016,2508,2169,1862;96,100,96,100,100,100,100,100;OOOOOOOO
[RECV] BSDC91 notify: TS;1;12678;f;1431;2011;2044;884;1289;ABCDEFGH;5;10;M;0;S;100;0;full;100
[RECV] BSDC91 notify: TR;2;12678;f;0;ff;ff;2299,1794,2329,2526,1875,1599,2029,2263;2299,1794,2329,2526,1875,1599,2029,2263;100,100,100,100,100,100,100,100;OOOOOOOO
[RECV] BS2DCE notify: TS;1;12326;f;938;2426;1607;724;1023;ABCDEFGH;0;10;M;0;S;100;0;full;99
[RECV] BS2DCE notify: TR;2;12326;f;0;ff;ff;2253,2455,2067,1714,2021,2586,2162,1765;2253,2455,2067,1714,2021,2586,2162,1765;96,100,96,100,100,100,100,100;OOOOOOOO
[RECV] BSDC91 notify: TS;1;12679;f;1451;1976;2042;847;1173;ABCDEFGH;5;10;M;0;S;100;0;full;100
[RECV] BSDC91 notify: TR;2;12679;f;0;ff;ff;2312,1878,2356,2639,1894,1480,2087,2329;2312,1878,2356,2639,1894,1480,2087,2329;100,100,100,100,100,100,100,100;OOOOOOOO
[RECV] BS2DCE notify: TS;1;12327;f;966;2471;1598;695;1024;ABCDEFGH;0;10;M;0;S;100;0;full;99
[RECV] BS2DCE notify: TR;2;12327;f;0;ff;ff;2334,2559,2042,1689,2110,2549,2115,1804;2334,2559,2042,1689,2110,2549,2115,1804;96,100,96,100,100,100,100,100;OOOOOOOO
[RECV] BSDC91 notify: RXG;1;12679;tag=2;mask=0xff;pc=8;guard=1200;spacing=1000;win=8165;pre=1;slot_to_entry_us=0;slot_to_sched_us=0;slot_to_write_done_us=0;slot_to_txcmd_us=274;slot_to_txdone_us=610;txcmd_to_txdone_us=335;txdone_to_rxstart_us=61;txdone_to_rxend_us=183;rxenable
[RECV] BSDC91 notify: CD;1;12679;tag=2;local=0xb102;status=0x00806f02;rxf=0x07c6c814;win=8165;pc=8;mask=0xff;resp=8;unexp=0;last_len=20;last_src=0xa107;last_dst=0xb102;last_code=0xe
[RECV] BSDC91 notify: TS;1;12680;f;1481;1951;1984;825;1160;ABCDEFGH;5;10;M;0;S;144;0;full;100
[RECV] BSDC91 notify: TR;2;12680;f;0;ff;ff;2275,1826,2300,2705,1869,1511,2133,2399;2275,1826,2300,2705,1869,1511,2133,2399;100,100,100,100,100,100,100,100;OOOOOOOO
[RECV] BSDC91 notify: TDIAG;wait_ms=75;tx_us=610;rx_us=183;coll_us=8300;range_us=44006;solve_us=11688;out_us=2441;clean_us=30;total_ms=143
[RECV] BS2DCE notify: RXG;1;12327;tag=1;mask=0xff;pc=8;guard=1200;spacing=1000;win=8165;pre=1;slot_to_entry_us=0;slot_to_sched_us=0;slot_to_write_done_us=0;slot_to_txcmd_us=274;slot_to_txdone_us=610;txcmd_to_txdone_us=335;txdone_to_rxstart_us=61;txdone_to_rxend_us=183;rxenable
[RECV] BS2DCE notify: CD;1;12327;tag=1;local=0xb101;status=0x00806f02;rxf=0x07c6c814;win=8165;pc=8;mask=0xff;resp=8;unexp=0;last_len=20;last_src=0xa107;last_dst=0xb101;last_code=0xe
[RECV] BS2DCE notify: TS;1;12328;f;995;2482;1719;740;1040;ABCDEFGH;0;10;M;0;S;144;0;full;100
[RECV] BS2DCE notify: TR;2;12328;f;0;ff;ff;2350,2575,2026,1752,2111,2496,2058,1707;2350,2575,2026,1752,2111,2496,2058,1707;100,100,100,100,100,100,100,100;OOOOOOOO
[RECV] BSDC91 notify: TS;1;12681;f;1431;1923;1904;810;1085;ABCDEGH;5;10;M;0;S;54;0;full;100
[RECV] BSDC91 notify: TR;2;12681;f;0;ff;df;2157,1848,2391,2737,1795,0,2183,2334;2157,1848,2391,2737,1795,1511,2183,2334;100,100,100,100,100,94,100,100;OOOOOTOO
[RECV] BS2DCE notify: TS;1;12329;f;1032;2432;1768;763;1066;ABCDEFGH;0;10;M;0;S;56;0;full;100
[RECV] BS2DCE notify: TR;2;12329;f;0;ff;ff;2267,2563,2051,1805,2142,2304,2060,1758;2267,2563,2051,1805,2142,2304,2060,1758;100,100,100,100,100,100,100,100;OOOOOOOO
[RECV] BSDC91 notify: TS;1;12682;f;1445;1835;1994;843;1246;ABCDEFGH;5;10;M;0;S;102;0;full;99
[RECV] BSDC91 notify: TR;2;12682;f;0;ff;ff;2137,1685,2421,2839,1732,1484,2293,2351;2137,1685,2421,2839,1732,1484,2293,2351;100,100,100,100,100,94,100,100;OOOOOOOO
[RECV] BS2DCE notify: TS;1;12330;f;1002;2500;1686;720;982;ABCDEFGH;0;10;M;0;S;100;0;full;100
[RECV] BS2DCE notify: TR;2;12330;f;0;ff;ff;2281,2664,2001,1782,2161,2544,1964,1766;2281,2664,2001,1782,2161,2544,1964,1766;100,100,100,100,100,100,100,100;OOOOOOOO
[RECV] BS2DCE notify: TDIAG;wait_ms=75;tx_us=610;rx_us=183;coll_us=8331;range_us=549;solve_us=12054;out_us=2197;clean_us=61;total_ms=100
[RECV] BSDC91 notify: TS;1;12683;f;1366;1860;1896;820;1163;ABCDEFGH;5;10;M;0;S;100;0;full;99
[RECV] BSDC91 notify: TR;2;12683;f;0;ff;ff;2039,1750,2420,2562,1719,1539,2351,2434;2039,1750,2420,2562,1719,1539,2351,2434;100,100,100,100,100,95,100,100;OOOOOOOO
[RECV] BS2DCE notify: TS;1;12331;f;1002;2468;1728;777;1094;ABCDEFGH;0;10;M;0;S;99;0;full;100
[RECV] BS2DCE notify: TR;2;12331;f;0;ff;ff;2206,2508,2073,1715,2204,2449,1915,1725;2206,2508,2073,1715,2204,2449,1915,1725;100,100,100,100,100,100,100,100;OOOOOOOO
[RECV] BSDC91 notify: TS;1;12684;f;1357;1809;1837;800;1130;ABCDEFGH;5;10;M;0;S;100;0;full;99
[RECV] BSDC91 notify: TR;2;12684;f;0;ff;ff;1941,1716,2428,2615,1718,1496,2479,2455;1941,1716,2428,2615,1718,1496,2479,2455;100,100,100,100,100,95,100,100;OOOOOOOO
[RECV] BS2DCE notify: TS;1;12332;f;1063;2480;1855;832;1094;ABCDEFGH;0;10;M;0;S;101;0;full;100
[RECV] BS2DCE notify: TR;2;12332;f;0;ff;ff;2230,2536,1993,1814,2157,2419,1815,1697;2230,2536,1993,1814,2157,2419,1815,1697;100,100,100,100,100,100,100,100;OOOOOOOO
[RECV] BSDC91 notify: TS;1;12685;f;1284;1825;1769;749;1043;ABCDEFGH;5;10;M;0;S;100;0;full;99
[RECV] BSDC91 notify: TR;2;12685;f;0;ff;ff;1889,1802,2459,2614,1721,1642,2514,2398;1889,1802,2459,2614,1721,1642,2514,2398;100,100,100,100,100,95,100,100;OOOOOOOO
[RECV] BS2DCE notify: TS;1;12333;f;1064;2512;1866;792;1111;ABCDEFGH;0;10;M;0;S;99;0;full;100
[RECV] BS2DCE notify: TR;2;12333;f;0;ff;ff;2347,2651,2080,1785,2216,2378,1774,1745;2347,2651,2080,1785,2216,2378,1774,1745;100,100,100,100,100,100,100,100;OOOOOOOO
[RECV] BSDC91 notify: TS;1;12686;f;1200;1818;1801;802;1093;ABCDEFGH;5;10;M;0;S;100;0;full;99
[RECV] BSDC91 notify: TR;2;12686;f;0;ff;ff;1773,1806,2442,2544,1625,1676,2598,2282;1773,1806,2442,2544,1625,1676,2598,2282;100,100,100,100,100,95,100,100;OOOOOOOO
[[
[HOST_CLEANUP 14026.354] stop all tag ranging via cmd_all MODE AOTA
[HOST_CMD 14026.354] cmd_all MODE AOTA
RECV] BS2DCE notify: TS;1;12334;f;1167;2474;1879;842;1160;ABCDEFGH;0;10;M;0;S;100;0;full;100
[RECV] BLE cmd_all sent[0]: MODE AOTA
[RECV] BLE cmd_all sent[1]: MODE AOTA
[RECV] cmd_all rc=2 payload=MODE AOTA
[RECV] BS2DCE notify: TR;2;12334;f;0;ff;ff;2384,2392,1985,1815,2212,2273,1763,1780;2384,2392,1985,1815,2212,2273,1763,1780;100,100,100,100,100,100,100,100;OOOOOOOO
[RECV] BSDC91 notify: MODE_OK MODE=AOTA LIVE=1
[RECV] BSDC91 notify: TS;1;12687;f;1112;1772;1682;793;1130;ABCDFGH;5;10;M;0;S;99;0;full;99
[RECV] BSDC91 notify: TR;2;12687;f;0;ff;ef;1691,1712,2556,2502,0,1767,2562,2361;1691,1712,2556,2502,1625,1767,2562,2361;100,100,100,100,95,95,100,100;OOOOTOOO
[RECV] BSDC91 notify: TD;1;12687;3;anchor_ota;0;0;1;0;25;0;0;0;8;0
[RECV] BS2DCE notify: MODE_OK MODE=AOTA LIVE=1
[RECV] BS2DCE notify: TS;1;12335;f;1215;2462;1898;840;1149;ABCDEFGH;0;10;M;0;S;101;0;full;100
[RECV] BS2DCE notify: TR;2;12335;f;0;ff;ff;2440,2337,2020,1869,2181,2291,1666,1877;2440,2337,2020,1869,2181,2291,1666,1877;100,100,100,100,100,100,100,100;OOOOOOOO
[RECV] BS2DCE notify: TD;1;12335;3;anchor_ota;0;0;1;0;25;0;0;0;8;0
