PORT=/dev/serial/by-id/usb-Master_Anchor_BioSpur_BLE_Control_87EA2F4A526C5A02-if00
START=2026-05-10 21:14:04
MASTER=A
SETUP[1] defer: waiting 427 ms before discovery start
SETUP[1] defer: waiting 377 ms before discovery start
SETUP[1] defer: waiting 327 ms before discovery start
SETUP[1] defer: waiting 276 ms before discovery start
SETUP[1] defer: waiting 226 ms before discovery start
SETUP[1] defer: waiting 175 ms before discovery start
SETUP[1] defer: waiting 125 ms before discovery start
SETUP[1] defer: waiting 75 ms before discovery start
SETUP[1] defer: waiting 24 ms before discovery start
SETUP[1] begin: link=anchor-ctrl uuid=B9179575C776C98F1CB132DD6EDC6223 conn=0x200048a8
SETUP[1] mtu_exchange rc=0
SETUP[1] phy_update rc=0
SETUP[1] conn_param_update rc=0
[AUTOPOS] DISC start[1]: link=anchor-ctrl uuid=B9179575C776C98F1CB132DD6EDC6223 conn=0x200048a8
[AUTOPOS] MTU exchange[1] done (498)
[AUTOPOS] Conn param updated[1]: int=6 lat=0 to=400
[AUTOPOS] PHY updated[1]: tx=0x2 rx=0x2
[AUTOPOS] DISC complete[1]: link=anchor-ctrl discovered_service=2800 uuid=B9179575C776C98F1CB132DD6EDC6223
[AUTOPOS] DISC anchor service found[1]: uuid=B9179575C776C98F1CB132DD6EDC6223
[AUTOPOS] Anchor ctrl state subscribe[1] rc=0
[AUTOPOS] Anchor ctrl result subscribe[1] rc=0
[AUTOPOS] ANCHOR_CTRL[1] link ready handle=0x0019 result=0x001b uuid=B9179575C776C98F1CB132DD6EDC6223
[AUTOPOS] CONNECT pending[2]: addr_valid=1 link=anchor-ctrl uuid=A892AF05DD59CF0D0D3408AD74F364A1 scan_running=0 conn_count=3
[AUTOPOS] CONNECT pending[2] rc=0 conn=0x20004b18
PRECHECK: BSxxxx tag quarantine disabled; master/matrix anchors ignore tag polls during sweep
PRECHECK: context session_autopos_ready=0 autopos_initialized=0
>>> status
[AUTOPOS] Control status: mode=AUTOPOS pending=0
[AUTOPOS] Connected[2]: D9:C7:9C:16:71:C9 (random) name=- bs=-
[AUTOPOS] CONNECT state[2]: link=anchor-ctrl uuid=A892AF05DD59CF0D0D3408AD74F364A1 ready=0 conn=0x20004b18
SETUP[2] defer: waiting 860 ms before discovery start
SETUP[2] defer: waiting 809 ms before discovery start
SETUP[2] defer: waiting 759 ms before discovery start
SETUP[2] defer: waiting 709 ms before discovery start
SETUP[2] defer: waiting 658 ms before discovery start
SETUP[2] defer: waiting 608 ms before discovery start
SETUP[2] defer: waiting 558 ms before discovery start
SETUP[2] defer: waiting 507 ms before discovery start
SETUP[2] defer: waiting 457 ms before discovery start
SETUP[2] defer: waiting 407 ms before discovery start
SETUP[2] defer: waiting 356 ms before discovery start
>>> autopos status
[AUTOPOS] AUTOPOS: mode=AUTOPOS state=idle staged=- last_success=- sets=0 error=-
SETUP[2] defer: waiting 306 ms before discovery start
SETUP[2] defer: waiting 256 ms before discovery start
SETUP[2] defer: waiting 205 ms before discovery start
SETUP[2] defer: waiting 155 ms before discovery start
SETUP[2] defer: waiting 105 ms before discovery start
SETUP[2] defer: waiting 54 ms before discovery start
SETUP[2] defer: waiting 4 ms before discovery start
SETUP[2] begin: link=anchor-ctrl uuid=A892AF05DD59CF0D0D3408AD74F364A1 conn=0x20004b18
SETUP[2] mtu_exchange rc=0
SETUP[2] phy_update rc=0
SETUP[2] conn_param_update rc=0
[AUTOPOS] DISC start[2]: link=anchor-ctrl uuid=A892AF05DD59CF0D0D3408AD74F364A1 conn=0x20004b18
[AUTOPOS] Conn param updated[0]: int=6 lat=0 to=400
PRECHECK: reusing existing AUTOPOS session
>>> autopos map A 4DC6B8187E33803AE8601FB0D7992B96
[AUTOPOS] AUTOPOS map set: A=4DC6B8187E33803AE8601FB0D7992B96
>>> autopos map B B9179575C776C98F1CB132DD6EDC6223
[AUTOPOS] AUTOPOS map set: B=B9179575C776C98F1CB132DD6EDC6223
>>> autopos map C CEE5A7EFCB35F8A56B430047629F5309
[AUTOPOS] AUTOPOS map set: C=CEE5A7EFCB35F8A56B430047629F5309
[AUTOPOS] MTU exchange[2] failed (0)
[AUTOPOS] Anchor ctrl service not found[2]
[AUTOPOS] Disconnected[2]: D9:C7:9C:16:71:C9 (random) reason=0x08 link=anchor-ctrl ready=0
[AUTOPOS] SCAN start req: bt_ready=1 scan_running=0 connecting_slot=-1 conn_count=3 target=anchor prefix=ANCHOR-
[AUTOPOS] Scanning for ANCHOR-*
>>> autopos map D B2B5FA625534A8C617135DCAFC9E036A
[AUTOPOS] AUTOPOS map set: D=B2B5FA625534A8C617135DCAFC9E036A
[AUTOPOS] Disconnected[1]: C0:1D:D1:D0:CE:B0 (random) reason=0x08 link=anchor-ctrl ready=1
[AUTOPOS] SCAN hit: EC:9F:55:9D:7E:A1 (random) rssi=-67 name=- bs=- uuid=B3087BC3D87CCCD316AEDC6B71D6677F target=anchor uuid_ok=1 tag_name=0 anchor_name=0 nus=0 dfu=0 token=0 props=0x03
[AUTOPOS] CONNECT queue[1]: addr=EC:9F:55:9D:7E:A1 (random) link=anchor-ctrl uuid=B3087BC3D87CCCD316AEDC6B71D6677F target=anchor
[AUTOPOS] SCAN hit: F9:5B:1A:A3:84:45 (random) rssi=-58 name=- bs=- uuid=B2B5FA625534A8C617135DCAFC9E036A target=anchor uuid_ok=1 tag_name=0 anchor_name=0 nus=0 dfu=0 token=0 props=0x03
[AUTOPOS] CONNECT queue[2]: addr=F9:5B:1A:A3:84:45 (random) link=anchor-ctrl uuid=B2B5FA625534A8C617135DCAFC9E036A target=anchor
[AUTOPOS] SCAN hit: C0:1D:D1:D0:CE:B0 (random) rssi=-59 name=- bs=- uuid=B9179575C776C98F1CB132DD6EDC6223 target=anchor uuid_ok=1 tag_name=0 anchor_name=0 nus=0 dfu=0 token=0 props=0x03
[AUTOPOS] CONNECT queue[4]: addr=C0:1D:D1:D0:CE:B0 (random) link=anchor-ctrl uuid=B9179575C776C98F1CB132DD6EDC6223 target=anchor
[AUTOPOS] CONNECT pending[1]: addr_valid=1 link=anchor-ctrl uuid=B3087BC3D87CCCD316AEDC6B71D6677F scan_running=1 conn_count=2
[AUTOPOS] CONNECT pending[1]: bt_le_scan_stop rc=0 scan_running=1
[AUTOPOS] CONNECT pending[1] rc=0 conn=0x200048a8
[AUTOPOS] Connected[1]: EC:9F:55:9D:7E:A1 (random) name=- bs=-
[AUTOPOS] CONNECT state[1]: link=anchor-ctrl uuid=B3087BC3D87CCCD316AEDC6B71D6677F ready=0 conn=0x200048a8
SETUP[1] defer: waiting 877 ms before discovery start
SETUP[1] defer: waiting 827 ms before discovery start
SETUP[1] defer: waiting 777 ms before discovery start
>>> autopos map E A892AF05DD59CF0D0D3408AD74F364A1
[AUTOPOS] AUTOPOS map set: E=A892AF05DD59CF0D0D3408AD74F364A1
SETUP[1] defer: waiting 726 ms before discovery start
SETUP[1] defer: waiting 676 ms before discovery start
SETUP[1] defer: waiting 626 ms before discovery start
SETUP[1] defer: waiting 575 ms before discovery start
SETUP[1] defer: waiting 525 ms before discovery start
SETUP[1] defer: waiting 475 ms before discovery start
SETUP[1] defer: waiting 424 ms before discovery start
SETUP[1] defer: waiting 374 ms before discovery start
SETUP[1] defer: waiting 324 ms before discovery start
SETUP[1] defer: waiting 273 ms before discovery start
SETUP[1] defer: waiting 223 ms before discovery start
SETUP[1] defer: waiting 172 ms before discovery start
SETUP[1] defer: waiting 122 ms before discovery start
SETUP[1] defer: waiting 72 ms before discovery start
SETUP[1] defer: waiting 21 ms before discovery start
SETUP[1] begin: link=anchor-ctrl uuid=B3087BC3D87CCCD316AEDC6B71D6677F conn=0x200048a8
SETUP[1] mtu_exchange rc=0
SETUP[1] phy_update rc=0
SETUP[1] conn_param_update rc=0
[AUTOPOS] DISC start[1]: link=anchor-ctrl uuid=B3087BC3D87CCCD316AEDC6B71D6677F conn=0x200048a8
>>> autopos map F 840C68591E90019821AACFF1B73AAA34
[AUTOPOS] AUTOPOS map set: F=840C68591E90019821AACFF1B73AAA34
[AUTOPOS] MTU exchange[1] done (498)
[AUTOPOS] Conn param updated[1]: int=6 lat=0 to=400
[AUTOPOS] PHY updated[1]: tx=0x2 rx=0x2
[AUTOPOS] DISC complete[1]: link=anchor-ctrl discovered_service=2800 uuid=B3087BC3D87CCCD316AEDC6B71D6677F
[AUTOPOS] DISC anchor service found[1]: uuid=B3087BC3D87CCCD316AEDC6B71D6677F
[AUTOPOS] Anchor ctrl state subscribe[1] rc=0
[AUTOPOS] Anchor ctrl result subscribe[1] rc=0
[AUTOPOS] ANCHOR_CTRL[1] link ready handle=0x0019 result=0x001b uuid=B3087BC3D87CCCD316AEDC6B71D6677F
[AUTOPOS] CONNECT pending[2]: addr_valid=1 link=anchor-ctrl uuid=B2B5FA625534A8C617135DCAFC9E036A scan_running=0 conn_count=3
[AUTOPOS] CONNECT pending[2] rc=0 conn=0x20004b18
[AUTOPOS] Connected[2]: F9:5B:1A:A3:84:45 (random) name=- bs=-
[AUTOPOS] CONNECT state[2]: link=anchor-ctrl uuid=B2B5FA625534A8C617135DCAFC9E036A ready=0 conn=0x20004b18
SETUP[2] defer: waiting 855 ms before discovery start
SETUP[2] defer: waiting 805 ms before discovery start
SETUP[2] defer: waiting 754 ms before discovery start
SETUP[2] defer: waiting 704 ms before discovery start
>>> autopos map G B3087BC3D87CCCD316AEDC6B71D6677F
[AUTOPOS] AUTOPOS map set: G=B3087BC3D87CCCD316AEDC6B71D6677F
SETUP[2] defer: waiting 654 ms before discovery start
SETUP[2] defer: waiting 603 ms before discovery start
SETUP[2] defer: waiting 553 ms before discovery start
SETUP[2] defer: waiting 503 ms before discovery start
SETUP[2] defer: waiting 452 ms before discovery start
SETUP[2] defer: waiting 402 ms before discovery start
SETUP[2] defer: waiting 352 ms before discovery start
SETUP[2] defer: waiting 301 ms before discovery start
SETUP[2] defer: waiting 251 ms before discovery start
SETUP[2] defer: waiting 200 ms before discovery start
SETUP[2] defer: waiting 150 ms before discovery start
SETUP[2] defer: waiting 100 ms before discovery start
SETUP[2] defer: waiting 49 ms before discovery start
SETUP[2] begin: link=anchor-ctrl uuid=B2B5FA625534A8C617135DCAFC9E036A conn=0x20004b18
SETUP[2] mtu_exchange rc=0
SETUP[2] phy_update rc=0
SETUP[2] conn_param_update rc=0
[AUTOPOS] DISC start[2]: link=anchor-ctrl uuid=B2B5FA625534A8C617135DCAFC9E036A conn=0x20004b18
[AUTOPOS] MTU exchange[2] done (498)
[AUTOPOS] Conn param updated[2]: int=6 lat=0 to=400
>>> autopos map H CF12E703AC1A118F6AB440AB05B0BA23
[AUTOPOS] AUTOPOS map set: H=CF12E703AC1A118F6AB440AB05B0BA23
[AUTOPOS] PHY updated[2]: tx=0x2 rx=0x2
[AUTOPOS] DISC complete[2]: link=anchor-ctrl discovered_service=2800 uuid=B2B5FA625534A8C617135DCAFC9E036A
[AUTOPOS] DISC anchor service found[2]: uuid=B2B5FA625534A8C617135DCAFC9E036A
[AUTOPOS] Anchor ctrl state subscribe[2] rc=0
[AUTOPOS] Anchor ctrl result subscribe[2] rc=0
[AUTOPOS] ANCHOR_CTRL[2] link ready handle=0x0019 result=0x001b uuid=B2B5FA625534A8C617135DCAFC9E036A
[AUTOPOS] CONNECT pending[4]: addr_valid=1 link=anchor-ctrl uuid=B9179575C776C98F1CB132DD6EDC6223 scan_running=0 conn_count=4
[AUTOPOS] CONNECT pending[4] rc=0 conn=0x20004be8
>>> autopos round A 5
[AUTOPOS] AUTOPOS round staged: master=A sets=5
[AUTOPOS] Connected[4]: C0:1D:D1:D0:CE:B0 (random) name=- bs=-
[AUTOPOS] CONNECT state[4]: link=anchor-ctrl uuid=B9179575C776C98F1CB132DD6EDC6223 ready=0 conn=0x20004be8
SETUP[4] defer: waiting 895 ms before discovery start
SETUP[4] defer: waiting 845 ms before discovery start
SETUP[4] defer: waiting 794 ms before discovery start
SETUP[4] defer: waiting 744 ms before discovery start
SETUP[4] defer: waiting 694 ms before discovery start
SETUP[4] defer: waiting 643 ms before discovery start
SETUP[4] defer: waiting 593 ms before discovery start
SETUP[4] defer: waiting 543 ms before discovery start
SETUP[4] defer: waiting 492 ms before discovery start
SETUP[4] defer: waiting 442 ms before discovery start
SETUP[4] defer: waiting 392 ms before discovery start
SETUP[4] defer: waiting 341 ms before discovery start
SETUP[4] defer: waiting 291 ms before discovery start
SETUP[4] defer: waiting 241 ms before discovery start
SETUP[4] defer: waiting 190 ms before discovery start
SETUP[4] defer: waiting 140 ms before discovery start
SETUP[4] defer: waiting 90 ms before discovery start
SETUP[4] defer: waiting 39 ms before discovery start
SETUP[4] begin: link=anchor-ctrl uuid=B9179575C776C98F1CB132DD6EDC6223 conn=0x20004be8
SETUP[4] mtu_exchange rc=0
SETUP[4] phy_update rc=0
SETUP[4] conn_param_update rc=0
[AUTOPOS] DISC start[4]: link=anchor-ctrl uuid=B9179575C776C98F1CB132DD6EDC6223 conn=0x20004be8
[AUTOPOS] MTU exchange[4] done (498)
[AUTOPOS] Conn param updated[4]: int=6 lat=0 to=400
[AUTOPOS] Conn param updated[1]: int=6 lat=0 to=400
[AUTOPOS] PHY updated[4]: tx=0x2 rx=0x2
>>> autopos status
[AUTOPOS] AUTOPOS: mode=AUTOPOS state=staged staged=A last_success=- sets=5 error=-
>>> autopos apply
[AUTOPOS] AUTOPOS apply started
[AUTOPOS] RECV_BG gate: SUPPRESS reason=autopos_detach
[AUTOPOS] AUTOPOS detach skip STOP: finite master auto-returns to matrix sets=5
[AUTOPOS] RECV_BG gate: ALLOW reason=autopos_detach_done
[AUTOPOS] SCAN start req: bt_ready=1 scan_running=0 connecting_slot=-1 conn_count=5 target=anchor prefix=ANCHOR-
[AUTOPOS] Scanning for ANCHOR-*
[AUTOPOS] AUTOPOS apply mode: bootstrap-target-only
[AUTOPOS] Master discovery mode: CONN & START
[AUTOPOS] Master discovery mode: CONN & START
[AUTOPOS] SCAN start req: bt_ready=1 scan_running=0 connecting_slot=-1 conn_count=5 target=anchor prefix=ANCHOR-
[AUTOPOS] Scanning for ANCHOR-*
[AUTOPOS] AUTOPOS wait anchor ready: uuid=4DC6B8187E33803AE8601FB0D7992B96 timeout_ms=12000
[AUTOPOS] AUTOPOS wait anchor ready: waited=0 ready_count=0
[AUTOPOS] READY count=0 target=anchor target_uuid=4DC6B8187E33803AE8601FB0D7992B96 conn_count=5 connecting_slot=-1 scan=1 auto=1
[AUTOPOS] READY peer[0]: link=anchor-ctrl connected=1 ready=1 pending=0 inflight=0 retries=0 start_failures=0 uuid=CF12E703AC1A118F6AB440AB05B0BA23 name=- state_h=0x0012 ctrl_h=0x0019 result_h=0x001b
[AUTOPOS] READY peer[1]: link=anchor-ctrl connected=1 ready=1 pending=0 inflight=0 retries=0 start_failures=0 uuid=B3087BC3D87CCCD316AEDC6B71D6677F name=- state_h=0x0012 ctrl_h=0x0019 result_h=0x001b
[AUTOPOS] READY peer[2]: link=anchor-ctrl connected=1 ready=1 pending=0 inflight=0 retries=0 start_failures=0 uuid=B2B5FA625534A8C617135DCAFC9E036A name=- state_h=0x0012 ctrl_h=0x0019 result_h=0x001b
[AUTOPOS] READY peer[3]: link=anchor-ctrl connected=1 ready=1 pending=0 inflight=0 retries=0 start_failures=0 uuid=CEE5A7EFCB35F8A56B430047629F5309 name=- state_h=0x0012 ctrl_h=0x0019 result_h=0x001b
[AUTOPOS] READY peer[4]: link=anchor-ctrl connected=1 ready=0 pending=0 inflight=1 retries=0 start_failures=0 uuid=B9179575C776C98F1CB132DD6EDC6223 name=- state_h=0x0000 ctrl_h=0x0000 result_h=0x0000
[AUTOPOS] DISC complete[4]: link=anchor-ctrl discovered_service=2800 uuid=B9179575C776C98F1CB132DD6EDC6223
[AUTOPOS] DISC anchor service found[4]: uuid=B9179575C776C98F1CB132DD6EDC6223
[AUTOPOS] Anchor ctrl state subscribe[4] rc=0
[AUTOPOS] Anchor ctrl result subscribe[4] rc=0
[AUTOPOS] ANCHOR_CTRL[4] link ready handle=0x0019 result=0x001b uuid=B9179575C776C98F1CB132DD6EDC6223
[AUTOPOS] SCAN hit: F2:B7:4E:8A:79:01 (random) rssi=-76 name=- bs=- uuid=4DC6B8187E33803AE8601FB0D7992B96 target=anchor uuid_ok=1 tag_name=0 anchor_name=0 nus=0 dfu=0 token=0 props=0x03
[AUTOPOS] CONNECT queue[5]: addr=F2:B7:4E:8A:79:01 (random) link=anchor-ctrl uuid=4DC6B8187E33803AE8601FB0D7992B96 target=anchor
[AUTOPOS] CONNECT pending[5]: addr_valid=1 link=anchor-ctrl uuid=4DC6B8187E33803AE8601FB0D7992B96 scan_running=1 conn_count=5
[AUTOPOS] CONNECT pending[5]: bt_le_scan_stop rc=0 scan_running=1
[AUTOPOS] CONNECT pending[5] rc=0 conn=0x20004cb8
[AUTOPOS] Connected[5]: F2:B7:4E:8A:79:01 (random) name=- bs=-
[AUTOPOS] CONNECT state[5]: link=anchor-ctrl uuid=4DC6B8187E33803AE8601FB0D7992B96 ready=0 conn=0x20004cb8
SETUP[5] defer: waiting 871 ms before discovery start
SETUP[5] defer: waiting 850 ms before discovery start
SETUP[5] defer: waiting 821 ms before discovery start
[AUTOPOS] Conn param updated[2]: int=6 lat=0 to=400
SETUP[5] defer: waiting 770 ms before discovery start
SETUP[5] defer: waiting 720 ms before discovery start
SETUP[5] defer: waiting 670 ms before discovery start
SETUP[5] defer: waiting 650 ms before discovery start
[AUTOPOS] AUTOPOS wait anchor ready: waited=1000 ready_count=0
[AUTOPOS] READY count=0 target=anchor target_uuid=4DC6B8187E33803AE8601FB0D7992B96 conn_count=6 connecting_slot=-1 scan=0 auto=1
[AUTOPOS] READY peer[0]: link=anchor-ctrl connected=1 ready=1 pending=0 inflight=0 retries=0 start_failures=0 uuid=CF12E703AC1A118F6AB440AB05B0BA23 name=- state_h=0x0012 ctrl_h=0x0019 result_h=0x001b
[AUTOPOS] READY peer[1]: link=anchor-ctrl connected=1 ready=1 pending=0 inflight=0 retries=0 start_failures=0 uuid=B3087BC3D87CCCD316AEDC6B71D6677F name=- state_h=0x0012 ctrl_h=0x0019 result_h=0x001b
[AUTOPOS] READY peer[2]: link=anchor-ctrl connected=1 ready=1 pending=0 inflight=0 retries=0 start_failures=0 uuid=B2B5FA625534A8C617135DCAFC9E036A name=- state_h=0x0012 ctrl_h=0x0019 result_h=0x001b
[AUTOPOS] READY peer[3]: link=anchor-ctrl connected=1 ready=1 pending=0 inflight=0 retries=0 start_failures=0 uuid=CEE5A7EFCB35F8A56B430047629F5309 name=- state_h=0x0012 ctrl_h=0x0019 result_h=0x001b
[AUTOPOS] READY peer[4]: link=anchor-ctrl connected=1 ready=1 pending=0 inflight=0 retries=0 start_failures=0 uuid=B9179575C776C98F1CB132DD6EDC6223 name=- state_h=0x0012 ctrl_h=0x0019 result_h=0x001b
[AUTOPOS] READY peer[5]: link=anchor-ctrl connected=1 ready=0 pending=0 inflight=0 retries=0 start_failures=0 uuid=4DC6B8187E33803AE8601FB0D7992B96 name=- state_h=0x0000 ctrl_h=0x0000 result_h=0x0000
SETUP[5] defer: waiting 619 ms before discovery start
SETUP[5] defer: waiting 569 ms before discovery start
SETUP[5] defer: waiting 519 ms before discovery start
SETUP[5] defer: waiting 468 ms before discovery start
SETUP[5] defer: waiting 442 ms before discovery start
SETUP[5] defer: waiting 418 ms before discovery start
SETUP[5] defer: waiting 367 ms before discovery start
SETUP[5] defer: waiting 317 ms before discovery start
SETUP[5] defer: waiting 267 ms before discovery start
SETUP[5] defer: waiting 242 ms before discovery start
SETUP[5] defer: waiting 216 ms before discovery start
SETUP[5] defer: waiting 166 ms before discovery start
SETUP[5] defer: waiting 116 ms before discovery start
SETUP[5] defer: waiting 65 ms before discovery start
SETUP[5] defer: waiting 42 ms before discovery start
SETUP[5] defer: waiting 15 ms before discovery start
SETUP[5] begin: link=anchor-ctrl uuid=4DC6B8187E33803AE8601FB0D7992B96 conn=0x20004cb8
SETUP[5] mtu_exchange rc=0
SETUP[5] phy_update rc=0
SETUP[5] conn_param_update rc=0
[AUTOPOS] DISC start[5]: link=anchor-ctrl uuid=4DC6B8187E33803AE8601FB0D7992B96 conn=0x20004cb8
[AUTOPOS] MTU exchange[5] done (498)
[AUTOPOS] Conn param updated[5]: int=6 lat=0 to=400
[AUTOPOS] AUTOPOS wait anchor ready: waited=2000 ready_count=0
[AUTOPOS] READY count=0 target=anchor target_uuid=4DC6B8187E33803AE8601FB0D7992B96 conn_count=6 connecting_slot=-1 scan=0 auto=1
[AUTOPOS] READY peer[0]: link=anchor-ctrl connected=1 ready=1 pending=0 inflight=0 retries=0 start_failures=0 uuid=CF12E703AC1A118F6AB440AB05B0BA23 name=- state_h=0x0012 ctrl_h=0x0019 result_h=0x001b
[AUTOPOS] READY peer[1]: link=anchor-ctrl connected=1 ready=1 pending=0 inflight=0 retries=0 start_failures=0 uuid=B3087BC3D87CCCD316AEDC6B71D6677F name=- state_h=0x0012 ctrl_h=0x0019 result_h=0x001b
[AUTOPOS] READY peer[2]: link=anchor-ctrl connected=1 ready=1 pending=0 inflight=0 retries=0 start_failures=0 uuid=B2B5FA625534A8C617135DCAFC9E036A name=- state_h=0x0012 ctrl_h=0x0019 result_h=0x001b
[AUTOPOS] [AUTOPOS] PHY updated[5]: tx=0x2 rx=0x2
READY peer[3]: link=anchor-ctrl connected=1 ready=1 pending=0 inflight=0 retries=0 start_failures=0 uuid=CEE5A7EFCB35F8A56B430047629F5309 name=- state_h=0x0012 ctrl_h=0x0019 result_h=0x001b
[AUTOPOS] READY peer[4]: link=anchor-ctrl connected=1 ready=1 pending=0 inflight=0 retries=0 start_failures=0 uuid=B9179575C776C98F1CB132DD6EDC6223 name=- state_h=0x0012 ctrl_h=0x0019 result_h=0x001b
[AUTOPOS] READY peer[5]: link=anchor-ctrl connected=1 ready=0 pending=0 inflight=1 retries=0 start_failures=0 uuid=4DC6B8187E33803AE8601FB0D7992B96 name=- state_h=0x0000 ctrl_h=0x0000 result_h=0x0000
[AUTOPOS] AUTOPOS wait anchor ready: waited=3000 ready_count=0
[AUTOPOS] READY count=0 target=anchor target_uuid=4DC6B8187E33803AE8601FB0D7992B96 conn_count=6 connecting_slot=-1 scan=0 auto=1
[AUTOPOS] READY peer[0]: link=anchor-ctrl connected=1 ready=1 pending=0 inflight=0 retries=0 start_failures=0 uuid=CF12E703AC1A118F6AB440AB05B0BA23 name=- state_h=0x0012 ctrl_h=0x0019 result_h=0x001b
[AUTOPOS] READY peer[1]: link=anchor-ctrl connected=1 ready=1 pending=0 inflight=0 retries=0 start_failures=0 uuid=B3087BC3D87CCCD316AEDC6B71D6677F name=- state_h=0x0012 ctrl_h=0x0019 result_h=0x001b
[AUTOPOS] READY peer[2]: link=anchor-ctrl connected=1 ready=1 pending=0 inflight=0 retries=0 start_failures=0 uuid=B2B5FA625534A8C617135DCAFC9E036A name=- state_h=0x0012 ctrl_h=0x0019 result_h=0x001b
[AUTOPOS] READY peer[3]: link=anchor-ctrl connected=1 ready=1 pending=0 inflight=0 retries=0 start_failures=0 uuid=CEE5A7EFCB35F8A56B430047629F5309 name=- state_h=0x0012 ctrl_h=0x0019 result_h=0x001b
[AUTOPOS] READY peer[4]: link=anchor-ctrl connected=1 ready=1 pending=0 inflight=0 retries=0 start_failures=0 uuid=B9179575C776C98F1CB132DD6EDC6223 name=- state_h=0x0012 ctrl_h=0x0019 result_h=0x001b
[AUTOPOS] READY peer[5]: link=anchor-ctrl connected=1 ready=0 pending=0 inflight=1 retries=0 start_failures=0 uuid=4DC6B8187E33803AE8601FB0D7992B96 name=- state_h=0x0000 ctrl_h=0x0000 result_h=0x0000
[AUTOPOS] Conn param updated[4]: int=6 lat=0 to=400
[AUTOPOS] DISC complete[5]: link=anchor-ctrl discovered_service=2800 uuid=4DC6B8187E33803AE8601FB0D7992B96
[AUTOPOS] DISC anchor service found[5]: uuid=4DC6B8187E33803AE8601FB0D7992B96
[AUTOPOS] Anchor ctrl state subscribe[5] rc=0
[AUTOPOS] Anchor ctrl result subscribe[5] rc=0
[AUTOPOS] ANCHOR_CTRL[5] link ready handle=0x0019 result=0x001b uuid=4DC6B8187E33803AE8601FB0D7992B96
[AUTOPOS] SCAN start req: bt_ready=1 scan_running=0 connecting_slot=-1 conn_count=6 target=anchor prefix=ANCHOR-
[AUTOPOS] Scanning for ANCHOR-*
[AUTOPOS] AUTOPOS wait anchor ready: waited=3400 ready_count=1
[AUTOPOS] READY count=1 target=anchor target_uuid=4DC6B8187E33803AE8601FB0D7992B96 conn_count=6 connecting_slot=-1 scan=1 auto=1
[AUTOPOS] READY peer[0]: link=anchor-ctrl connected=1 ready=1 pending=0 inflight=0 retries=0 start_failures=0 uuid=CF12E703AC1A118F6AB440AB05B0BA23 name=- state_h=0x0012 ctrl_h=0x0019 result_h=0x001b
[AUTOPOS] READY peer[1]: link=anchor-ctrl connected=1 ready=1 pending=0 inflight=0 retries=0 start_failures=0 uuid=B3087BC3D87CCCD316AEDC6B71D6677F name=- state_h=0x0012 ctrl_h=0x0019 result_h=0x001b
[AUTOPOS] READY peer[2]: link=anchor-ctrl connected=1 ready=1 pending=0 inflight=0 retries=0 start_failures=0 uuid=B2B5FA625534A8C617135DCAFC9E036A name=- state_h=0x0012 ctrl_h=0x0019 result_h=0x001b
[AUTOPOS] READY peer[3]: link=anchor-ctrl connected=1 ready=1 pending=0 inflight=0 retries=0 start_failures=0 uuid=CEE5A7EFCB35F8A56B430047629F5309 name=- state_h=0x0012 ctrl_h=0x0019 result_h=0x001b
[AUTOPOS] READY peer[4]: link=anchor-ctrl connected=1 ready=1 pending=0 inflight=0 retries=0 start_failures=0 uuid=B9179575C776C98F1CB132DD6EDC6223 name=- state_h=0x0012 ctrl_h=0x0019 result_h=0x001b
[AUTOPOS] READY peer[5]: link=anchor-ctrl connected=1 ready=1 pending=0 inflight=0 retries=0 start_failures=0 uuid=4DC6B8187E33803AE8601FB0D7992B96 name=- state_h=0x0012 ctrl_h=0x0019 result_h=0x001b
[AUTOPOS] AUTOPOS wait anchor ready: uuid=4DC6B8187E33803AE8601FB0D7992B96 control link ready while discovery stays active
[AUTOPOS] AUTOPOS anchor A state read failed rc=-116; forcing control-link reconnect retry
[AUTOPOS] Master disconnect target peer[5]: connected=1 ready=1 link=anchor-ctrl uuid=4DC6B8187E33803AE8601FB0D7992B96
[AUTOPOS] Master discovery mode: CONN & START
[AUTOPOS] AUTOPOS wait anchor ready: uuid=4DC6B8187E33803AE8601FB0D7992B96 target peer already present; waiting for setup/discovery
[AUTOPOS] AUTOPOS wait anchor ready(reuse): waited=0 ready_count=0 target_peers=1
[AUTOPOS] READY count=0 target=anchor target_uuid=4DC6B8187E33803AE8601FB0D7992B96 conn_count=6 connecting_slot=-1 scan=0 auto=1
[AUTOPOS] READY peer[0]: link=anchor-ctrl connected=1 ready=1 pending=0 inflight=0 retries=0 start_failures=0 uuid=CF12E703AC1A118F6AB440AB05B0BA23 name=- state_h=0x0012 ctrl_h=0x0019 result_h=0x001b
[AUTOPOS] READY peer[1]: link=anchor-ctrl connected=1 ready=1 pending=0 inflight=0 retries=0 start_failures=0 uuid=B3087BC3D87CCCD316AEDC6B71D6677F name=- state_h=0x0012 ctrl_h=0x0019 result_h=0x001b
[AUTOPOS] READY peer[2]: link=anchor-ctrl connected=1 ready=1 pending=0 inflight=0 retries=0 start_failures=0 uuid=B2B5FA625534A8C617135DCAFC9E036A name=- state_h=0x0012 ctrl_h=0x0019 result_h=0x001b
[AUTOPOS] READY peer[3]: link=anchor-ctrl connected=1 ready=1 pending=0 inflight=0 retries=0 start_failures=0 uuid=CEE5A7EFCB35F8A56B430047629F5309 name=- state_h=0x0012 ctrl_h=0x0019 result_h=0x001b
[AUTOPOS] READY peer[4]: link=anchor-ctrl connected=1 ready=1 pending=0 inflight=0 retries=0 start_failures=0 uuid=B9179575C776C98F1CB132DD6EDC6223 name=- state_h=0x0012 ctrl_h=0x0019 result_h=0x001b
[AUTOPOS] READY peer[5]: link=anchor-ctrl connected=1 ready=0 pending=0 inflight=0 retries=0 start_failures=0 uuid=4DC6B8187E33803AE8601FB0D7992B96 name=- state_h=0x0012 ctrl_h=0x0019 result_h=0x001b
[AUTOPOS] AUTOPOS wait anchor ready(reuse): waited=1000 ready_count=0 target_peers=1
[AUTOPOS] READY count=0 target=anchor target_uuid=4DC6B8187E33803AE8601FB0D7992B96 conn_count=6 connecting_slot=-1 scan=0 auto=1
[AUTOPOS] READY peer[0]: link=anchor-ctrl connected=1 ready=1 pending=0 inflight=0 retries=0 start_failures=0 uuid=CF12E703AC1A118F6AB440AB05B0BA23 name=- state_h=0x0012 ctrl_h=0x0019 result_h=0x001b
[AUTOPOS] READY peer[1]: link=anchor-ctrl connected=1 ready=1 pending=0 inflight=0 retries=0 start_failures=0 uuid=B3087BC3D87CCCD316AEDC6B71D6677F name=- state_h=0x0012 ctrl_h=0x0019 result_h=0x001b
[AUTOPOS] READY peer[2]: link=anchor-ctrl connected=1 ready=1 pending=0 inflight=0 retries=0 start_failures=0 uuid=B2B5FA625534A8C617135DCAFC9E036A name=- state_h=0x0012 ctrl_h=0x0019 result_h=0x001b
[AUTOPOS] READY peer[3]: link=anchor-ctrl connected=1 ready=1 pending=0 inflight=0 retries=0 start_failures=0 uuid=CEE5A7EFCB35F8A56B430047629F5309 name=- state_h=0x0012 ctrl_h=0x0019 result_h=0x001b
[AUTOPOS] READY peer[4]: link=anchor-ctrl connected=1 ready=1 pending=0 inflight=0 retries=0 start_failures=0 uuid=B9179575C776C98F1CB132DD6EDC6223 name=- state_h=0x0012 ctrl_h=0x0019 result_h=0x001b
[AUTOPOS] READY peer[5]: link=anchor-ctrl connected=1 ready=0 pending=0 inflight=0 retries=0 start_failures=0 uuid=4DC6B8187E33803AE8601FB0D7992B96 name=- state_h=0x0012 ctrl_h=0x0019 result_h=0x001b
[AUTOPOS] AUTOPOS wait anchor ready(reuse): waited=2000 ready_count=0 target_peers=1
[AUTOPOS] READY count=0 target=anchor target_uuid=4DC6B8187E33803AE8601FB0D7992B96 conn_count=6 connecting_slot=-1 scan=0 auto=1
[AUTOPOS] READY peer[0]: link=anchor-ctrl connected=1 ready=1 pending=0 inflight=0 retries=0 start_failures=0 uuid=CF12E703AC1A118F6AB440AB05B0BA23 name=- state_h=0x0012 ctrl_h=0x0019 result_h=0x001b
[AUTOPOS] READY peer[1]: link=anchor-ctrl connected=1 ready=1 pending=0 inflight=0 retries=0 start_failures=0 uuid=B3087BC3D87CCCD316AEDC6B71D6677F name=- state_h=0x0012 ctrl_h=0x0019 result_h=0x001b
[AUTOPOS] READY peer[2]: link=anchor-ctrl connected=1 ready=1 pending=0 inflight=0 retries=0 start_failures=0 uuid=B2B5FA625534A8C617135DCAFC9E036A name=- state_h=0x0012 ctrl_h=0x0019 result_h=0x001b
[AUTOPOS] READY peer[3]: link=anchor-ctrl connected=1 ready=1 pending=0 inflight=0 retries=0 start_failures=0 uuid=CEE5A7EFCB35F8A56B430047629F5309 name=- state_h=0x0012 ctrl_h=0x0019 result_h=0x001b
[AUTOPOS] READY peer[4]: link=anchor-ctrl connected=1 ready=1 pending=0 inflight=0 retries=0 start_failures=0 uuid=B9179575C776C98F1CB132DD6EDC6223 name=- state_h=0x0012 ctrl_h=0x0019 result_h=0x001b
[AUTOPOS] READY peer[5]: link=anchor-ctrl connected=1 ready=0 pending=0 inflight=0 retries=0 start_failures=0 uuid=4DC6B8187E33803AE8601FB0D7992B96 name=- state_h=0x0012 ctrl_h=0x0019 result_h=0x001b
[AUTOPOS] Disconnected[4]: C0:1D:D1:D0:CE:B0 (random) reason=0x08 link=anchor-ctrl ready=1
[AUTOPOS] RECV_BG suppressed: quiesce disconnect restart blocked remaining=0
[AUTOPOS] Disconnected[5]: F2:B7:4E:8A:79:01 (random) reason=0x08 link=anchor-ctrl ready=0
[AUTOPOS] SCAN start req: bt_ready=1 scan_running=0 connecting_slot=-1 conn_count=4 target=anchor prefix=ANCHOR-
[AUTOPOS] Scanning for ANCHOR-*
[AUTOPOS] Master discovery mode: CONN & START
[AUTOPOS] SCAN start req: bt_ready=1 scan_running=0 connecting_slot=-1 conn_count=4 target=anchor prefix=ANCHOR-
[AUTOPOS] Scanning for ANCHOR-*
[AUTOPOS] AUTOPOS wait anchor ready: uuid=4DC6B8187E33803AE8601FB0D7992B96 timeout_ms=15000
[AUTOPOS] AUTOPOS wait anchor ready: waited=3000 ready_count=0
[AUTOPOS] READY count=0 target=anchor target_uuid=4DC6B8187E33803AE8601FB0D7992B96 conn_count=4 connecting_slot=-1 scan=1 auto=1
[AUTOPOS] READY peer[0]: link=anchor-ctrl connected=1 ready=1 pending=0 inflight=0 retries=0 start_failures=0 uuid=CF12E703AC1A118F6AB440AB05B0BA23 name=- state_h=0x0012 ctrl_h=0x0019 result_h=0x001b
[AUTOPOS] READY peer[1]: link=anchor-ctrl connected=1 ready=1 pending=0 inflight=0 retries=0 start_failures=0 uuid=B3087BC3D87CCCD316AEDC6B71D6677F name=- state_h=0x0012 ctrl_h=0x0019 result_h=0x001b
[AUTOPOS] READY peer[2]: link=anchor-ctrl connected=1 ready=1 pending=0 inflight=0 retries=0 start_failures=0 uuid=B2B5FA625534A8C617135DCAFC9E036A name=- state_h=0x0012 ctrl_h=0x0019 result_h=0x001b
[AUTOPOS] READY peer[3]: link=anchor-ctrl connected=1 ready=1 pending=0 inflight=0 retries=0 start_failures=0 uuid=CEE5A7EFCB35F8A56B430047629F5309 name=- state_h=0x0012 ctrl_h=0x0019 result_h=0x001b
[AUTOPOS] SCAN hit: F2:B7:4E:8A:79:01 (random) rssi=-75 name=- bs=- uuid=4DC6B8187E33803AE8601FB0D7992B96 target=anchor uuid_ok=1 tag_name=0 anchor_name=0 nus=0 dfu=0 token=0 props=0x03
[AUTOPOS] CONNECT queue[4]: addr=F2:B7:4E:8A:79:01 (random) link=anchor-ctrl uuid=4DC6B8187E33803AE8601FB0D7992B96 target=anchor
[AUTOPOS] CONNECT pending[4]: addr_valid=1 link=anchor-ctrl uuid=4DC6B8187E33803AE8601FB0D7992B96 scan_running=1 conn_count=4
[AUTOPOS] CONNECT pending[4]: bt_le_scan_stop rc=0 scan_running=1
[AUTOPOS] CONNECT pending[4] rc=0 conn=0x20004be8
[AUTOPOS] AUTOPOS wait anchor ready: waited=4000 ready_count=0
[AUTOPOS] READY count=0 target=anchor target_uuid=4DC6B8187E33803AE8601FB0D7992B96 conn_count=4 connecting_slot=4 scan=0 auto=1
[AUTOPOS] READY peer[0]: link=anchor-ctrl connected=1 ready=1 pending=0 inflight=0 retries=0 start_failures=0 uuid=CF12E703AC1A118F6AB440AB05B0BA23 name=- state_h=0x0012 ctrl_h=0x0019 result_h=0x001b
[AUTOPOS] READY peer[1]: link=anchor-ctrl connected=1 ready=1 pending=0 inflight=0 retries=0 start_failures=0 uuid=B3087BC3D87CCCD316AEDC6B71D6677F name=- state_h=0x0012 ctrl_h=0x0019 result_h=0x001b
[AUTOPOS] READY peer[2]: link=anchor-ctrl connected=1 ready=1 pending=0 inflight=0 retries=0 start_failures=0 uuid=B2B5FA625534A8C617135DCAFC9E036A name=- state_h=0x0012 ctrl_h=0x0019 result_h=0x001b
[AUTOPOS] READY peer[3]: link=anchor-ctrl connected=1 ready=1 pending=0 inflight=0 retries=0 start_failures=0 uuid=CEE5A7EFCB35F8A56B430047629F5309 name=- state_h=0x0012 ctrl_h=0x0019 result_h=0x001b
[AUTOPOS] READY peer[4]: link=anchor-ctrl connected=0 ready=0 pending=1 inflight=0 retries=0 start_failures=0 uuid=4DC6B8187E33803AE8601FB0D7992B96 name=- state_h=0x0000 ctrl_h=0x0000 result_h=0x0000
[AUTOPOS] Connected[4]: F2:B7:4E:8A:79:01 (random) name=- bs=-
[AUTOPOS] CONNECT state[4]: link=anchor-ctrl uuid=4DC6B8187E33803AE8601FB0D7992B96 ready=0 conn=0x20004be8
SETUP[4] defer: waiting 890 ms before discovery start
[AUTOPOS] Disconnected[4]: F2:B7:4E:8A:79:01 (random) reason=0x3e link=anchor-ctrl ready=0
[AUTOPOS] SCAN start req: bt_ready=1 scan_running=0 connecting_slot=-1 conn_count=4 target=anchor prefix=ANCHOR-
[AUTOPOS] Scanning for ANCHOR-*
[AUTOPOS] AUTOPOS wait anchor ready: waited=5000 ready_count=0
[AUTOPOS] READY count=0 target=anchor target_uuid=4DC6B8187E33803AE8601FB0D7992B96 conn_count=4 connecting_slot=-1 scan=1 auto=1
[AUTOPOS] READY peer[0]: link=anchor-ctrl connected=1 ready=1 pending=0 inflight=0 retries=0 start_failures=0 uuid=CF12E703AC1A118F6AB440AB05B0BA23 name=- state_h=0x0012 ctrl_h=0x0019 result_h=0x001b
[AUTOPOS] READY peer[1]: link=anchor-ctrl connected=1 ready=1 pending=0 inflight=0 retries=0 start_failures=0 uuid=B3087BC3D87CCCD316AEDC6B71D6677F name=- state_h=0x0012 ctrl_h=0x0019 result_h=0x001b
[AUTOPOS] READY peer[2]: link=anchor-ctrl connected=1 ready=1 pending=0 inflight=0 retries=0 start_failures=0 uuid=B2B5FA625534A8C617135DCAFC9E036A name=- state_h=0x0012 ctrl_h=0x0019 result_h=0x001b
[AUTOPOS] READY peer[3]: link=anchor-ctrl connected=1 ready=1 pending=0 inflight=0 retries=0 start_failures=0 uuid=CEE5A7EFCB35F8A56B430047629F5309 name=- state_h=0x0012 ctrl_h=0x0019 result_h=0x001b
[AUTOPOS] SCAN hit: F2:B7:4E:8A:79:01 (random) rssi=-72 name=- bs=- uuid=4DC6B8187E33803AE8601FB0D7992B96 target=anchor uuid_ok=1 tag_name=0 anchor_name=0 nus=0 dfu=0 token=0 props=0x03
[AUTOPOS] CONNECT queue[4]: addr=F2:B7:4E:8A:79:01 (random) link=anchor-ctrl uuid=4DC6B8187E33803AE8601FB0D7992B96 target=anchor
[AUTOPOS] CONNECT pending[4]: addr_valid=1 link=anchor-ctrl uuid=4DC6B8187E33803AE8601FB0D7992B96 scan_running=1 conn_count=4
[AUTOPOS] CONNECT pending[4]: bt_le_scan_stop rc=0 scan_running=1
[AUTOPOS] CONNECT pending[4] rc=0 conn=0x20004be8
[AUTOPOS] AUTOPOS wait anchor ready: waited=6000 ready_count=0
[AUTOPOS] READY count=0 target=anchor target_uuid=4DC6B8187E33803AE8601FB0D7992B96 conn_count=4 connecting_slot=4 scan=0 auto=1
[AUTOPOS] READY peer[0]: link=anchor-ctrl connected=1 ready=1 pending=0 inflight=0 retries=0 start_failures=0 uuid=CF12E703AC1A118F6AB440AB05B0BA23 name=- state_h=0x0012 ctrl_h=0x0019 result_h=0x001b
[AUTOPOS] READY peer[1]: link=anchor-ctrl connected=1 ready=1 pending=0 inflight=0 retries=0 start_failures=0 uuid=B3087BC3D87CCCD316AEDC6B71D6677F name=- state_h=0x0012 ctrl_h=0x0019 result_h=0x001b
[AUTOPOS] READY peer[2]: link=anchor-ctrl connected=1 ready=1 pending=0 inflight=0 retries=0 start_failures=0 uuid=B2B5FA625534A8C617135DCAFC9E036A name=- state_h=0x0012 ctrl_h=0x0019 result_h=0x001b
[AUTOPOS] READY peer[3]: link=anchor-ctrl connected=1 ready=1 pending=0 inflight=0 retries=0 start_failures=0 uuid=CEE5A7EFCB35F8A56B430047629F5309 name=- state_h=0x0012 ctrl_h=0x0019 result_h=0x001b
[AUTOPOS] READY peer[4]: link=anchor-ctrl connected=0 ready=0 pending=1 inflight=0 retries=0 start_failures=0 uuid=4DC6B8187E33803AE8601FB0D7992B96 name=- state_h=0x0000 ctrl_h=0x0000 result_h=0x0000
[AUTOPOS] Connected[4]: F2:B7:4E:8A:79:01 (random) name=- bs=-
[AUTOPOS] CONNECT state[4]: link=anchor-ctrl uuid=4DC6B8187E33803AE8601FB0D7992B96 ready=0 conn=0x20004be8
SETUP[4] defer: waiting 900 ms before discovery start
SETUP[4] defer: waiting 867 ms before discovery start
SETUP[4] defer: waiting 850 ms before discovery start
SETUP[4] defer: waiting 799 ms before discovery start
SETUP[4] defer: waiting 749 ms before discovery start
SETUP[4] defer: waiting 698 ms before discovery start
SETUP[4] defer: waiting 667 ms before discovery start
SETUP[4] defer: waiting 648 ms before discovery start
SETUP[4] defer: waiting 598 ms before discovery start
SETUP[4] defer: waiting 547 ms before discovery start
SETUP[4] defer: waiting 497 ms before discovery start
SETUP[4] defer: waiting 467 ms before discovery start
SETUP[4] defer: waiting 447 ms before discovery start
SETUP[4] defer: waiting 396 ms before discovery start
SETUP[4] defer: waiting 346 ms before discovery start
SETUP[4] defer: waiting 296 ms before discovery start
SETUP[4] defer: waiting 266 ms before discovery start
SETUP[4] defer: waiting 245 ms before discovery start
SETUP[4] defer: waiting 195 ms before discovery start
SETUP[4] defer: waiting 145 ms before discovery start
SETUP[4] defer: waiting 94 ms before discovery start
SETUP[4] defer: waiting 66 ms before discovery start
[AUTOPOS] AUTOPOS wait anchor ready: waited=7000 ready_count=0
[AUTOPOS] READY count=0 target=anchor target_uuid=4DC6B8187E33803AE8601FB0D7992B96 conn_count=5 connecting_slot=-1 scan=0 auto=1
[AUTOPOS] READY peer[0]: link=anchor-ctrl connected=1 ready=1 pending=0 inflight=0 retries=0 start_failures=0 uuid=CF12E703AC1A118F6AB440AB05B0BA23 name=- state_h=0x0012 ctrl_h=0x0019 result_h=0x001b
[AUTOPOS] READY peer[1]: link=anchor-ctrl connected=1 ready=1 pending=0 inflight=0 retries=0 start_failures=0 uuid=B3087BC3D87CCCD316AEDC6B71D6677F name=- state_h=0x0012 ctrl_h=0x0019 result_h=0x001b
[AUTOPOS] READY peer[2]: link=anchor-ctrl connected=1 ready=1 pending=0 inflight=0 retries=0 start_failures=0 uuid=B2B5FA625534A8C617135DCAFC9E036A name=- state_h=0x0012 ctrl_h=0x0019 result_h=0x001b
[AUTOPOS] READY peer[3]: link=anchor-ctrl connected=1 ready=1 pending=0 inflight=0 retries=0 start_failures=0 uuid=CEE5A7EFCB35F8A56B430047629F5309 name=- state_h=0x0012 ctrl_h=0x0019 result_h=0x001b
[AUTOPOS] READY peer[4]: link=anchor-ctrl connected=1 ready=0 pending=0 inflight=0 retries=0 start_failures=0 uuid=4DC6B8187E33803AE8601FB0D7992B96 name=- state_h=0x0000 ctrl_h=0x0000 result_h=0x0000
SETUP[4] defer: waiting 44 ms before discovery start
SETUP[4] begin: link=anchor-ctrl uuid=4DC6B8187E33803AE8601FB0D7992B96 conn=0x20004be8
SETUP[4] mtu_exchange rc=0
SETUP[4] phy_update rc=0
SETUP[4] conn_param_update rc=0
[AUTOPOS] DISC start[4]: link=anchor-ctrl uuid=4DC6B8187E33803AE8601FB0D7992B96 conn=0x20004be8
[AUTOPOS] MTU exchange[4] done (498)
[AUTOPOS] Conn param updated[4]: int=6 lat=0 to=400
[AUTOPOS] PHY updated[4]: tx=0x2 rx=0x2
[AUTOPOS] AUTOPOS wait anchor ready: waited=8000 ready_count=0
[AUTOPOS] READY count=0 target=anchor target_uuid=4DC6B8187E33803AE8601FB0D7992B96 conn_count=5 connecting_slot=-1 scan=0 auto=1
[AUTOPOS] READY peer[0]: link=anchor-ctrl connected=1 ready=1 pending=0 inflight=0 retries=0 start_failures=0 uuid=CF12E703AC1A118F6AB440AB05B0BA23 name=- state_h=0x0012 ctrl_h=0x0019 result_h=0x001b
[AUTOPOS] READY peer[1]: link=anchor-ctrl connected=1 ready=1 pending=0 inflight=0 retries=0 start_failures=0 uuid=B3087BC3D87CCCD316AEDC6B71D6677F name=- state_h=0x0012 ctrl_h=0x0019 result_h=0x001b
[AUTOPOS] READY peer[2]: link=anchor-ctrl connected=1 ready=1 pending=0 inflight=0 retries=0 start_failures=0 uuid=B2B5FA625534A8C617135DCAFC9E036A name=- state_h=0x0012 ctrl_h=0x0019 result_h=0x001b
[AUTOPOS] READY peer[3]: link=anchor-ctrl connected=1 ready=1 pending=0 inflight=0 retries=0 start_failures=0 uuid=CEE5A7EFCB35F8A56B430047629F5309 name=- state_h=0x0012 ctrl_h=0x0019 result_h=0x001b
[AUTOPOS] READY peer[4]: link=anchor-ctrl connected=1 ready=0 pending=0 inflight=1 retries=0 start_failures=0 uuid=4DC6B8187E33803AE8601FB0D7992B96 name=- state_h=0x0000 ctrl_h=0x0000 result_h=0x0000
[AUTOPOS] DISC complete[4]: link=anchor-ctrl discovered_service=2800 uuid=4DC6B8187E33803AE8601FB0D7992B96
[AUTOPOS] DISC anchor service found[4]: uuid=4DC6B8187E33803AE8601FB0D7992B96
[AUTOPOS] Anchor ctrl state subscribe[4] rc=0
[AUTOPOS] Anchor ctrl result subscribe[4] rc=0
[AUTOPOS] ANCHOR_CTRL[4] link ready handle=0x0019 result=0x001b uuid=4DC6B8187E33803AE8601FB0D7992B96
[AUTOPOS] SCAN start req: bt_ready=1 scan_running=0 connecting_slot=-1 conn_count=5 target=anchor prefix=ANCHOR-
[AUTOPOS] Scanning for ANCHOR-*
[AUTOPOS] AUTOPOS wait anchor ready: waited=8600 ready_count=1
[AUTOPOS] READY count=1 target=anchor target_uuid=4DC6B8187E33803AE8601FB0D7992B96 conn_count=5 connecting_slot=-1 scan=1 auto=1
[AUTOPOS] READY peer[0]: link=anchor-ctrl connected=1 ready=1 pending=0 inflight=0 retries=0 start_failures=0 uuid=CF12E703AC1A118F6AB440AB05B0BA23 name=- state_h=0x0012 ctrl_h=0x0019 result_h=0x001b
[AUTOPOS] READY peer[1]: link=anchor-ctrl connected=1 ready=1 pending=0 inflight=0 retries=0 start_failures=0 uuid=B3087BC3D87CCCD316AEDC6B71D6677F name=- state_h=0x0012 ctrl_h=0x0019 result_h=0x001b
[AUTOPOS] READY peer[2]: link=anchor-ctrl connected=1 ready=1 pending=0 inflight=0 retries=0 start_failures=0 uuid=B2B5FA625534A8C617135DCAFC9E036A name=- state_h=0x0012 ctrl_h=0x0019 result_h=0x001b
[AUTOPOS] READY peer[3]: link=anchor-ctrl connected=1 ready=1 pending=0 inflight=0 retries=0 start_failures=0 uuid=CEE5A7EFCB35F8A56B430047629F5309 name=- state_h=0x0012 ctrl_h=0x0019 result_h=0x001b
[AUTOPOS] READY peer[4]: link=anchor-ctrl connected=1 ready=1 pending=0 inflight=0 retries=0 start_failures=0 uuid=4DC6B8187E33803AE8601FB0D7992B96 name=- state_h=0x0012 ctrl_h=0x0019 result_h=0x001b
[AUTOPOS] AUTOPOS wait anchor ready: uuid=4DC6B8187E33803AE8601FB0D7992B96 control link ready while discovery stays active
[AUTOPOS] Master discovery mode: CONN & START
[AUTOPOS] AUTOPOS wait anchor ready: uuid=4DC6B8187E33803AE8601FB0D7992B96 reuse existing ready control link (discovery remains active)
[AUTOPOS] AUTOPOS state: STATE fw=alt-bcast-a18-ledrole-g1200-r10 bs=BS6B72 uuid=4DC6B8187E33803AE8601FB0D7992B96 label=A role=matrix cfg_valid=1 busy=0 pending_valid=1 schema=2 gen=1 reboot_required=0
[AUTOPOS] AUTOPOS state: STATE fw=alt-bcast-a18-ledrole-g1200-r10 bs=BS6B72 uuid=4DC6B8187E33803AE8601FB0D7992B96 label=A role=matrix cfg_valid=1 busy=0 pending_valid=1 schema=2 gen=1 reboot_required=0
[AUTOPOS] BLE cmd skip[0]: target mismatch kind=anchor target_name=- target_uuid=4DC6B8187E33803AE8601FB0D7992B96 peer_name=- peer_bs=- peer_uuid=CF12E703AC1A118F6AB440AB05B0BA23 link=anchor-ctrl ready=1
[AUTOPOS] BLE cmd skip[1]: target mismatch kind=anchor target_name=- target_uuid=4DC6B8187E33803AE8601FB0D7992B96 peer_name=- peer_bs=- peer_uuid=B3087BC3D87CCCD316AEDC6B71D6677F link=anchor-ctrl ready=1
[AUTOPOS] BLE cmd skip[2]: target mismatch kind=anchor target_name=- target_uuid=4DC6B8187E33803AE8601FB0D7992B96 peer_name=- peer_bs=- peer_uuid=B2B5FA625534A8C617135DCAFC9E036A link=anchor-ctrl ready=1
[AUTOPOS] BLE cmd skip[3]: target mismatch kind=anchor target_name=- target_uuid=4DC6B8187E33803AE8601FB0D7992B96 peer_name=- peer_bs=- peer_uuid=CEE5A7EFCB35F8A56B430047629F5309 link=anchor-ctrl ready=1
[AUTOPOS] Anchor ctrl sent[4]: RUNTIME MASTER SWEEP 5 uuid=4DC6B8187E33803AE8601FB0D7992B96
[AUTOPOS] ANCHOR_CTRL[4] notify: OK RUNTIME_SWITCH_REQUESTED SWEEP=5
[AUTOPOS] AUTOPOS result: OK RUNTIME_SWITCH_REQUESTED SWEEP=5
[AUTOPOS] AUTOPOS state: STATE fw=alt-bcast-a18-ledrole-g1200-r10 bs=BS6B72 uuid=4DC6B8187E33803AE8601FB0D7992B96 label=A role=matrix cfg_valid=1 busy=0 pending_valid=1 schema=2 gen=1 reboot_required=0 runtime_switch_pending=1
[AUTOPOS] AUTOPOS state: STATE fw=alt-bcast-a18-ledrole-g1200-r10 bs=BS6B72 uuid=4DC6B8187E33803AE8601FB0D7992B96 label=A role=matrix cfg_valid=1 busy=0 pending_valid=1 schema=2 gen=1 reboot_required=0 runtime_switch_pending=1
[AUTOPOS] AUTOPOS state: STATE fw=alt-bcast-a18-ledrole-g1200-r10 bs=BS6B72 uuid=4DC6B8187E33803AE8601FB0D7992B96 label=A role=matrix cfg_valid=1 busy=0 pending_valid=1 schema=2 gen=1 reboot_required=0 runtime_switch_pending=1
[AUTOPOS] AUTOPOS state: STATE fw=alt-bcast-a18-ledrole-g1200-r10 bs=BS6B72 uuid=4DC6B8187E33803AE8601FB0D7992B96 label=A role=matrix cfg_valid=1 busy=0 pending_valid=1 schema=2 gen=1 reboot_required=0 runtime_switch_pending=1
[AUTOPOS] AUTOPOS state: STATE fw=alt-bcast-a18-ledrole-g1200-r10 bs=BS6B72 uuid=4DC6B8187E33803AE8601FB0D7992B96 label=A role=matrix cfg_valid=1 busy=0 pending_valid=1 schema=2 gen=1 reboot_required=0 runtime_switch_pending=1
[AUTOPOS] AUTOPOS state: STATE fw=alt-bcast-a18-ledrole-g1200-r10 bs=BS6B72 uuid=4DC6B8187E33803AE8601FB0D7992B96 label=A role=matrix cfg_valid=1 busy=0 pending_valid=1 schema=2 gen=1 reboot_required=0 runtime_switch_pending=1
[AUTOPOS] Conn param updated[4]: int=6 lat=0 to=400
[AUTOPOS] AUTOPOS state: STATE fw=alt-bcast-a18-ledrole-g1200-r10 bs=BS6B72 uuid=4DC6B8187E33803AE8601FB0D7992B96 label=A role=matrix cfg_valid=1 busy=1 pending_valid=1 schema=2 gen=1 reboot_required=0
[AUTOPOS] AUTOPOS state: STATE fw=alt-bcast-a18-ledrole-g1200-r10 bs=BS6B72 uuid=4DC6B8187E33803AE8601FB0D7992B96 label=A role=matrix cfg_valid=1 busy=1 pending_valid=1 schema=2 gen=1 reboot_required=0
[AUTOPOS] AUTOPOS state: STATE fw=alt-bcast-a18-ledrole-g1200-r10 bs=BS6B72 uuid=4DC6B8187E33803AE8601FB0D7992B96 label=A role=matrix cfg_valid=1 busy=1 pending_valid=1 schema=2 gen=1 reboot_required=0
[AUTOPOS] AUTOPOS state: STATE fw=alt-bcast-a18-ledrole-g1200-r10 bs=BS6B72 uuid=4DC6B8187E33803AE8601FB0D7992B96 label=A role=matrix cfg_valid=1 busy=1 pending_valid=1 schema=2 gen=1 reboot_required=0
[AUTOPOS] Disconnected[4]: F2:B7:4E:8A:79:01 (random) reason=0x08 link=anchor-ctrl ready=1
[AUTOPOS] SCAN hit: F2:B7:4E:8A:79:01 (random) rssi=-70 name=- bs=- uuid=4DC6B8187E33803AE8601FB0D7992B96 target=anchor uuid_ok=1 tag_name=0 anchor_name=0 nus=0 dfu=0 token=0 props=0x03
[AUTOPOS] CONNECT queue[4]: addr=F2:B7:4E:8A:79:01 (random) link=anchor-ctrl uuid=4DC6B8187E33803AE8601FB0D7992B96 target=anchor
[AUTOPOS] CONNECT pending[4]: addr_valid=1 link=anchor-ctrl uuid=4DC6B8187E33803AE8601FB0D7992B96 scan_running=1 conn_count=4
[AUTOPOS] CONNECT pending[4]: bt_le_scan_stop rc=0 scan_running=1
[AUTOPOS] CONNECT pending[4] rc=0 conn=0x20004be8
[AUTOPOS] Connected[4]: F2:B7:4E:8A:79:01 (random) name=- bs=-
[AUTOPOS] CONNECT state[4]: link=anchor-ctrl uuid=4DC6B8187E33803AE8601FB0D7992B96 ready=0 conn=0x20004be8
SETUP[4] defer: waiting 859 ms before discovery start
SETUP[4] defer: waiting 808 ms before discovery start
SETUP[4] defer: waiting 758 ms before discovery start
SETUP[4] defer: waiting 708 ms before discovery start
SETUP[4] defer: waiting 657 ms before discovery start
SETUP[4] defer: waiting 607 ms before discovery start
SETUP[4] defer: waiting 557 ms before discovery start
SETUP[4] defer: waiting 506 ms before discovery start
SETUP[4] defer: waiting 456 ms before discovery start
SETUP[4] defer: waiting 406 ms before discovery start
SETUP[4] defer: waiting 355 ms before discovery start
SETUP[4] defer: waiting 305 ms before discovery start
SETUP[4] defer: waiting 255 ms before discovery start
SETUP[4] defer: waiting 204 ms before discovery start
SETUP[4] defer: waiting 154 ms before discovery start
SETUP[4] defer: waiting 104 ms before discovery start
SETUP[4] defer: waiting 53 ms before discovery start
SETUP[4] defer: waiting 3 ms before discovery start
SETUP[4] begin: link=anchor-ctrl uuid=4DC6B8187E33803AE8601FB0D7992B96 conn=0x20004be8
SETUP[4] mtu_exchange rc=0
SETUP[4] phy_update rc=0
SETUP[4] conn_param_update rc=0
[AUTOPOS] DISC start[4]: link=anchor-ctrl uuid=4DC6B8187E33803AE8601FB0D7992B96 conn=0x20004be8
[AUTOPOS] MTU exchange[4] done (498)
[AUTOPOS] Conn param updated[4]: int=6 lat=0 to=400
[AUTOPOS] PHY updated[4]: tx=0x2 rx=0x2
[AUTOPOS] AUTOPOS apply failed: anchor A promote failed rc=-116
[AUTOPOS] Disconnected[4]: F2:B7:4E:8A:79:01 (random) reason=0x08 link=anchor-ctrl ready=0
[AUTOPOS] SCAN start req: bt_ready=1 scan_running=0 connecting_slot=-1 conn_count=4 target=anchor prefix=ANCHOR-
[AUTOPOS] GATT discovery error[-1]: -12
[AUTOPOS] Scanning for ANCHOR-*
[AUTOPOS] SCAN hit: F2:B7:4E:8A:79:01 (random) rssi=-76 name=- bs=- uuid=4DC6B8187E33803AE8601FB0D7992B96 target=anchor uuid_ok=1 tag_name=0 anchor_name=0 nus=0 dfu=0 token=0 props=0x03
[AUTOPOS] CONNECT queue[4]: addr=F2:B7:4E:8A:79:01 (random) link=anchor-ctrl uuid=4DC6B8187E33803AE8601FB0D7992B96 target=anchor
[AUTOPOS] CONNECT pending[4]: addr_valid=1 link=anchor-ctrl uuid=4DC6B8187E33803AE8601FB0D7992B96 scan_running=1 conn_count=4
[AUTOPOS] CONNECT pending[4]: bt_le_scan_stop rc=0 scan_running=1
[AUTOPOS] CONNECT pending[4] rc=0 conn=0x20004be8
[AUTOPOS] Connected[4]: F2:B7:4E:8A:79:01 (random) name=- bs=-
[AUTOPOS] CONNECT state[4]: link=anchor-ctrl uuid=4DC6B8187E33803AE8601FB0D7992B96 ready=0 conn=0x20004be8
SETUP[4] defer: waiting 880 ms before discovery start
SETUP[4] defer: waiting 829 ms before discovery start
SETUP[4] defer: waiting 779 ms before discovery start
SETUP[4] defer: waiting 729 ms before discovery start
SETUP[4] defer: waiting 678 ms before discovery start
SETUP[4] defer: waiting 628 ms before discovery start
SETUP[4] defer: waiting 578 ms before discovery start
SETUP[4] defer: waiting 527 ms before discovery start
SETUP[4] defer: waiting 477 ms before discovery start
SETUP[4] defer: waiting 427 ms before discovery start
SETUP[4] defer: waiting 376 ms before discovery start
SETUP[4] defer: waiting 326 ms before discovery start
SETUP[4] defer: waiting 276 ms before discovery start
SETUP[4] defer: waiting 225 ms before discovery start
SETUP[4] defer: waiting 175 ms before discovery start
SETUP[4] defer: waiting 125 ms before discovery start
SETUP[4] defer: waiting 74 ms before discovery start
SETUP[4] defer: waiting 24 ms before discovery start
SETUP[4] begin: link=anchor-ctrl uuid=4DC6B8187E33803AE8601FB0D7992B96 conn=0x20004be8
SETUP[4] mtu_exchange rc=0
SETUP[4] phy_update rc=0
SETUP[4] conn_param_update rc=0
[AUTOPOS] DISC start[4]: link=anchor-ctrl uuid=4DC6B8187E33803AE8601FB0D7992B96 conn=0x20004be8
>>> autopos status @t=30
[AUTOPOS] AUTOPOS: mode=AUTOPOS state=failed staged=A last_success=- sets=5 error=anchor A promote failed rc=-116
[AUTOPOS] MTU exchange[4] failed (0)
[AUTOPOS] Anchor ctrl service not found[4]
[AUTOPOS] Disconnected[4]: F2:B7:4E:8A:79:01 (random) reason=0x08 link=anchor-ctrl ready=0
[AUTOPOS] SCAN start req: bt_ready=1 scan_running=0 connecting_slot=-1 conn_count=4 target=anchor prefix=ANCHOR-
[AUTOPOS] Scanning for ANCHOR-*
[AUTOPOS] SCAN hit: F2:B7:4E:8A:79:01 (random) rssi=-76 name=- bs=- uuid=4DC6B8187E33803AE8601FB0D7992B96 target=anchor uuid_ok=1 tag_name=0 anchor_name=0 nus=0 dfu=0 token=0 props=0x03
[AUTOPOS] CONNECT queue[4]: addr=F2:B7:4E:8A:79:01 (random) link=anchor-ctrl uuid=4DC6B8187E33803AE8601FB0D7992B96 target=anchor
[AUTOPOS] CONNECT pending[4]: addr_valid=1 link=anchor-ctrl uuid=4DC6B8187E33803AE8601FB0D7992B96 scan_running=1 conn_count=4
[AUTOPOS] CONNECT pending[4]: bt_le_scan_stop rc=0 scan_running=1
[AUTOPOS] CONNECT pending[4] rc=0 conn=0x20004be8
[AUTOPOS] Connected[4]: F2:B7:4E:8A:79:01 (random) name=- bs=-
[AUTOPOS] CONNECT state[4]: link=anchor-ctrl uuid=4DC6B8187E33803AE8601FB0D7992B96 ready=0 conn=0x20004be8
SETUP[4] defer: waiting 872 ms before discovery start
SETUP[4] defer: waiting 821 ms before discovery start
SETUP[4] defer: waiting 771 ms before discovery start
SETUP[4] defer: waiting 721 ms before discovery start
SETUP[4] defer: waiting 670 ms before discovery start
SETUP[4] defer: waiting 620 ms before discovery start
SETUP[4] defer: waiting 570 ms before discovery start
SETUP[4] defer: waiting 519 ms before discovery start
SETUP[4] defer: waiting 469 ms before discovery start
SETUP[4] defer: waiting 419 ms before discovery start
SETUP[4] defer: waiting 368 ms before discovery start
SETUP[4] defer: waiting 318 ms before discovery start
SETUP[4] defer: waiting 267 ms before discovery start
SETUP[4] defer: waiting 217 ms before discovery start
SETUP[4] defer: waiting 167 ms before discovery start
SETUP[4] defer: waiting 116 ms before discovery start
SETUP[4] defer: waiting 66 ms before discovery start
SETUP[4] defer: waiting 16 ms before discovery start
SETUP[4] begin: link=anchor-ctrl uuid=4DC6B8187E33803AE8601FB0D7992B96 conn=0x20004be8
SETUP[4] mtu_exchange rc=0
SETUP[4] phy_update rc=0
SETUP[4] conn_param_update rc=0
[AUTOPOS] DISC start[4]: link=anchor-ctrl uuid=4DC6B8187E33803AE8601FB0D7992B96 conn=0x20004be8
[AUTOPOS] MTU exchange[4] done (498)
[AUTOPOS] Conn param updated[4]: int=6 lat=0 to=400
[AUTOPOS] PHY updated[4]: tx=0x2 rx=0x2
[AUTOPOS] DISC complete[4]: link=anchor-ctrl discovered_service=2800 uuid=4DC6B8187E33803AE8601FB0D7992B96
[AUTOPOS] DISC anchor service found[4]: uuid=4DC6B8187E33803AE8601FB0D7992B96
[AUTOPOS] Anchor ctrl state subscribe[4] rc=-128
[AUTOPOS] Anchor ctrl result subscribe[4] rc=-128
[AUTOPOS] ANCHOR_CTRL[4] link ready handle=0x0019 result=0x001b uuid=4DC6B8187E33803AE8601FB0D7992B96
[AUTOPOS] SCAN start req: bt_ready=1 scan_running=0 connecting_slot=-1 conn_count=5 target=anchor prefix=ANCHOR-
[AUTOPOS] Scanning for ANCHOR-*
[AUTOPOS] Disconnected[4]: F2:B7:4E:8A:79:01 (random) reason=0x08 link=anchor-ctrl ready=1
[AUTOPOS] SCAN hit: F2:B7:4E:8A:79:01 (random) rssi=-74 name=- bs=- uuid=4DC6B8187E33803AE8601FB0D7992B96 target=anchor uuid_ok=1 tag_name=0 anchor_name=0 nus=0 dfu=0 token=0 props=0x03
[AUTOPOS] CONNECT queue[4]: addr=F2:B7:4E:8A:79:01 (random) link=anchor-ctrl uuid=4DC6B8187E33803AE8601FB0D7992B96 target=anchor
[AUTOPOS] CONNECT pending[4]: addr_valid=1 link=anchor-ctrl uuid=4DC6B8187E33803AE8601FB0D7992B96 scan_running=1 conn_count=4
[AUTOPOS] CONNECT pending[4]: bt_le_scan_stop rc=0 scan_running=1
[AUTOPOS] CONNECT pending[4] rc=0 conn=0x20004be8
[AUTOPOS] Connected[4]: F2:B7:4E:8A:79:01 (random) name=- bs=-
[AUTOPOS] CONNECT state[4]: link=anchor-ctrl uuid=4DC6B8187E33803AE8601FB0D7992B96 ready=0 conn=0x20004be8
SETUP[4] defer: waiting 865 ms before discovery start
SETUP[4] defer: waiting 815 ms before discovery start
SETUP[4] defer: waiting 764 ms before discovery start
SETUP[4] defer: waiting 714 ms before discovery start
SETUP[4] defer: waiting 664 ms before discovery start
SETUP[4] defer: waiting 613 ms before discovery start
SETUP[4] defer: waiting 563 ms before discovery start
SETUP[4] defer: waiting 513 ms before discovery start
SETUP[4] defer: waiting 462 ms before discovery start
SETUP[4] defer: waiting 412 ms before discovery start
SETUP[4] defer: waiting 362 ms before discovery start
SETUP[4] defer: waiting 311 ms before discovery start
SETUP[4] defer: waiting 261 ms before discovery start
SETUP[4] defer: waiting 211 ms before discovery start
SETUP[4] defer: waiting 160 ms before discovery start
SETUP[4] defer: waiting 110 ms before discovery start
SETUP[4] defer: waiting 59 ms before discovery start
SETUP[4] defer: waiting 9 ms before discovery start
SETUP[4] begin: link=anchor-ctrl uuid=4DC6B8187E33803AE8601FB0D7992B96 conn=0x20004be8
SETUP[4] mtu_exchange rc=0
SETUP[4] phy_update rc=0
SETUP[4] conn_param_update rc=0
[AUTOPOS] DISC start[4]: link=anchor-ctrl uuid=4DC6B8187E33803AE8601FB0D7992B96 conn=0x20004be8
[AUTOPOS] MTU exchange[4] done (498)
[AUTOPOS] Conn param updated[4]: int=6 lat=0 to=400
[AUTOPOS] PHY updated[4]: tx=0x2 rx=0x2
[AUTOPOS] Disconnected[4]: F2:B7:4E:8A:79:01 (random) reason=0x08 link=anchor-ctrl ready=0
[AUTOPOS] SCAN start req: bt_ready=1 scan_running=0 connecting_slot=-1 conn_count=4 target=anchor prefix=ANCHOR-
[AUTOPOS] GATT discovery error[-1]: -12
[AUTOPOS] Scanning for ANCHOR-*
[AUTOPOS] SCAN hit: F2:B7:4E:8A:79:01 (random) rssi=-77 name=- bs=- uuid=4DC6B8187E33803AE8601FB0D7992B96 target=anchor uuid_ok=1 tag_name=0 anchor_name=0 nus=0 dfu=0 token=0 props=0x03
[AUTOPOS] CONNECT queue[4]: addr=F2:B7:4E:8A:79:01 (random) link=anchor-ctrl uuid=4DC6B8187E33803AE8601FB0D7992B96 target=anchor
[AUTOPOS] CONNECT pending[4]: addr_valid=1 link=anchor-ctrl uuid=4DC6B8187E33803AE8601FB0D7992B96 scan_running=1 conn_count=4
[AUTOPOS] CONNECT pending[4]: bt_le_scan_stop rc=0 scan_running=1
[AUTOPOS] CONNECT pending[4] rc=0 conn=0x20004be8
[AUTOPOS] Connected[4]: F2:B7:4E:8A:79:01 (random) name=- bs=-
[AUTOPOS] CONNECT state[4]: link=anchor-ctrl uuid=4DC6B8187E33803AE8601FB0D7992B96 ready=0 conn=0x20004be8
SETUP[4] defer: waiting 885 ms before discovery start
SETUP[4] defer: waiting 835 ms before discovery start
SETUP[4] defer: waiting 785 ms before discovery start
SETUP[4] defer: waiting 734 ms before discovery start
SETUP[4] defer: waiting 684 ms before discovery start
SETUP[4] defer: waiting 634 ms before discovery start
SETUP[4] defer: waiting 583 ms before discovery start
SETUP[4] defer: waiting 533 ms before discovery start
SETUP[4] defer: waiting 482 ms before discovery start
SETUP[4] defer: waiting 432 ms before discovery start
SETUP[4] defer: waiting 382 ms before discovery start
SETUP[4] defer: waiting 331 ms before discovery start
SETUP[4] defer: waiting 281 ms before discovery start
SETUP[4] defer: waiting 231 ms before discovery start
SETUP[4] defer: waiting 180 ms before discovery start
SETUP[4] defer: waiting 130 ms before discovery start
SETUP[4] defer: waiting 80 ms before discovery start
SETUP[4] defer: waiting 29 ms before discovery start
SETUP[4] begin: link=anchor-ctrl uuid=4DC6B8187E33803AE8601FB0D7992B96 conn=0x20004be8
SETUP[4] mtu_exchange rc=0
SETUP[4] phy_update rc=0
SETUP[4] conn_param_update rc=0
[AUTOPOS] DISC start[4]: link=anchor-ctrl uuid=4DC6B8187E33803AE8601FB0D7992B96 conn=0x20004be8
[AUTOPOS] MTU exchange[4] done (498)
[AUTOPOS] Conn param updated[4]: int=6 lat=0 to=400
[AUTOPOS] PHY updated[4]: tx=0x2 rx=0x2
[AUTOPOS] DISC complete[4]: link=anchor-ctrl discovered_service=2800 uuid=4DC6B8187E33803AE8601FB0D7992B96
[AUTOPOS] DISC anchor service found[4]: uuid=4DC6B8187E33803AE8601FB0D7992B96
[AUTOPOS] Anchor ctrl state subscribe[4] rc=0
[AUTOPOS] Anchor ctrl result subscribe[4] rc=0
[AUTOPOS] ANCHOR_CTRL[4] link ready handle=0x0019 result=0x001b uuid=4DC6B8187E33803AE8601FB0D7992B96
[AUTOPOS] SCAN start req: bt_ready=1 scan_running=0 connecting_slot=-1 conn_count=5 target=anchor prefix=ANCHOR-
[AUTOPOS] Scanning for ANCHOR-*
[AUTOPOS] Disconnected[4]: F2:B7:4E:8A:79:01 (random) reason=0x08 link=anchor-ctrl ready=1
[AUTOPOS] SCAN hit: F2:B7:4E:8A:79:01 (random) rssi=-70 name=- bs=- uuid=4DC6B8187E33803AE8601FB0D7992B96 target=anchor uuid_ok=1 tag_name=0 anchor_name=0 nus=0 dfu=0 token=0 props=0x03
[AUTOPOS] CONNECT queue[4]: addr=F2:B7:4E:8A:79:01 (random) link=anchor-ctrl uuid=4DC6B8187E33803AE8601FB0D7992B96 target=anchor
[AUTOPOS] CONNECT pending[4]: addr_valid=1 link=anchor-ctrl uuid=4DC6B8187E33803AE8601FB0D7992B96 scan_running=1 conn_count=4
[AUTOPOS] CONNECT pending[4]: bt_le_scan_stop rc=0 scan_running=1
[AUTOPOS] CONNECT pending[4] rc=0 conn=0x20004be8
[AUTOPOS] Connected[4]: F2:B7:4E:8A:79:01 (random) name=- bs=-
[AUTOPOS] CONNECT state[4]: link=anchor-ctrl uuid=4DC6B8187E33803AE8601FB0D7992B96 ready=0 conn=0x20004be8
SETUP[4] defer: waiting 886 ms before discovery start
SETUP[4] defer: waiting 836 ms before discovery start
SETUP[4] defer: waiting 785 ms before discovery start
SETUP[4] defer: waiting 735 ms before discovery start
SETUP[4] defer: waiting 685 ms before discovery start
SETUP[4] defer: waiting 634 ms before discovery start
SETUP[4] defer: waiting 584 ms before discovery start
SETUP[4] defer: waiting 534 ms before discovery start
SETUP[4] defer: waiting 483 ms before discovery start
SETUP[4] defer: waiting 433 ms before discovery start
SETUP[4] defer: waiting 382 ms before discovery start
SETUP[4] defer: waiting 332 ms before discovery start
SETUP[4] defer: waiting 282 ms before discovery start
SETUP[4] defer: waiting 231 ms before discovery start
SETUP[4] defer: waiting 181 ms before discovery start
SETUP[4] defer: waiting 131 ms before discovery start
SETUP[4] defer: waiting 80 ms before discovery start
SETUP[4] defer: waiting 30 ms before discovery start
SETUP[4] begin: link=anchor-ctrl uuid=4DC6B8187E33803AE8601FB0D7992B96 conn=0x20004be8
SETUP[4] mtu_exchange rc=0
SETUP[4] phy_update rc=0
SETUP[4] conn_param_update rc=0
[AUTOPOS] DISC start[4]: link=anchor-ctrl uuid=4DC6B8187E33803AE8601FB0D7992B96 conn=0x20004be8
[AUTOPOS] MTU exchange[4] done (498)
[AUTOPOS] Conn param updated[4]: int=6 lat=0 to=400
[AUTOPOS] PHY updated[4]: tx=0x2 rx=0x2
>>> autopos status @t=60
[AUTOPOS] AUTOPOS: mode=AUTOPOS state=failed staged=A last_success=- sets=5 error=anchor A promote failed rc=-116
[AUTOPOS] DISC complete[4]: link=anchor-ctrl discovered_service=2800 uuid=4DC6B8187E33803AE8601FB0D7992B96
[AUTOPOS] DISC anchor service found[4]: uuid=4DC6B8187E33803AE8601FB0D7992B96
[AUTOPOS] Anchor ctrl state characteristic missing[4]
[AUTOPOS] Disconnected[4]: F2:B7:4E:8A:79:01 (random) reason=0x08 link=anchor-ctrl ready=0
[AUTOPOS] SCAN start req: bt_ready=1 scan_running=0 connecting_slot=-1 conn_count=4 target=anchor prefix=ANCHOR-
[AUTOPOS] Scanning for ANCHOR-*
[AUTOPOS] SCAN hit: F2:B7:4E:8A:79:01 (random) rssi=-75 name=- bs=- uuid=4DC6B8187E33803AE8601FB0D7992B96 target=anchor uuid_ok=1 tag_name=0 anchor_name=0 nus=0 dfu=0 token=0 props=0x03
[AUTOPOS] CONNECT queue[4]: addr=F2:B7:4E:8A:79:01 (random) link=anchor-ctrl uuid=4DC6B8187E33803AE8601FB0D7992B96 target=anchor
[AUTOPOS] CONNECT pending[4]: addr_valid=1 link=anchor-ctrl uuid=4DC6B8187E33803AE8601FB0D7992B96 scan_running=1 conn_count=4
[AUTOPOS] CONNECT pending[4]: bt_le_scan_stop rc=0 scan_running=1
[AUTOPOS] CONNECT pending[4] rc=0 conn=0x20004be8
[AUTOPOS] Connected[4]: F2:B7:4E:8A:79:01 (random) name=- bs=-
[AUTOPOS] CONNECT state[4]: link=anchor-ctrl uuid=4DC6B8187E33803AE8601FB0D7992B96 ready=0 conn=0x20004be8
SETUP[4] defer: waiting 870 ms before discovery start
SETUP[4] defer: waiting 819 ms before discovery start
SETUP[4] defer: waiting 769 ms before discovery start
SETUP[4] defer: waiting 719 ms before discovery start
SETUP[4] defer: waiting 668 ms before discovery start
SETUP[4] defer: waiting 618 ms before discovery start
SETUP[4] defer: waiting 568 ms before discovery start
SETUP[4] defer: waiting 517 ms before discovery start
SETUP[4] defer: waiting 467 ms before discovery start
SETUP[4] defer: waiting 416 ms before discovery start
SETUP[4] defer: waiting 366 ms before discovery start
SETUP[4] defer: waiting 316 ms before discovery start
SETUP[4] defer: waiting 265 ms before discovery start
SETUP[4] defer: waiting 215 ms before discovery start
SETUP[4] defer: waiting 165 ms before discovery start
SETUP[4] defer: waiting 114 ms before discovery start
SETUP[4] defer: waiting 64 ms before discovery start
SETUP[4] defer: waiting 14 ms before discovery start
SETUP[4] begin: link=anchor-ctrl uuid=4DC6B8187E33803AE8601FB0D7992B96 conn=0x20004be8
SETUP[4] mtu_exchange rc=0
SETUP[4] phy_update rc=0
SETUP[4] conn_param_update rc=0
[AUTOPOS] DISC start[4]: link=anchor-ctrl uuid=4DC6B8187E33803AE8601FB0D7992B96 conn=0x20004be8
[AUTOPOS] MTU exchange[4] failed (0)
[AUTOPOS] Anchor ctrl service not found[4]
[AUTOPOS] Disconnected[4]: F2:B7:4E:8A:79:01 (random) reason=0x08 link=anchor-ctrl ready=0
[AUTOPOS] SCAN start req: bt_ready=1 scan_running=0 connecting_slot=-1 conn_count=4 target=anchor prefix=ANCHOR-
[AUTOPOS] Scanning for ANCHOR-*
[AUTOPOS] SCAN hit: F2:B7:4E:8A:79:01 (random) rssi=-75 name=- bs=- uuid=4DC6B8187E33803AE8601FB0D7992B96 target=anchor uuid_ok=1 tag_name=0 anchor_name=0 nus=0 dfu=0 token=0 props=0x03
[AUTOPOS] CONNECT queue[4]: addr=F2:B7:4E:8A:79:01 (random) link=anchor-ctrl uuid=4DC6B8187E33803AE8601FB0D7992B96 target=anchor
[AUTOPOS] CONNECT pending[4]: addr_valid=1 link=anchor-ctrl uuid=4DC6B8187E33803AE8601FB0D7992B96 scan_running=1 conn_count=4
[AUTOPOS] CONNECT pending[4]: bt_le_scan_stop rc=0 scan_running=1
[AUTOPOS] CONNECT pending[4] rc=0 conn=0x20004be8
[AUTOPOS] Connected[4]: F2:B7:4E:8A:79:01 (random) name=- bs=-
[AUTOPOS] CONNECT state[4]: link=anchor-ctrl uuid=4DC6B8187E33803AE8601FB0D7992B96 ready=0 conn=0x20004be8
SETUP[4] defer: waiting 870 ms before discovery start
SETUP[4] defer: waiting 820 ms before discovery start
SETUP[4] defer: waiting 769 ms before discovery start
SETUP[4] defer: waiting 719 ms before discovery start
SETUP[4] defer: waiting 669 ms before discovery start
SETUP[4] defer: waiting 618 ms before discovery start
SETUP[4] defer: waiting 568 ms before discovery start
SETUP[4] defer: waiting 518 ms before discovery start
SETUP[4] defer: waiting 467 ms before discovery start
SETUP[4] defer: waiting 417 ms before discovery start
SETUP[4] defer: waiting 367 ms before discovery start
SETUP[4] defer: waiting 316 ms before discovery start
SETUP[4] defer: waiting 266 ms before discovery start
SETUP[4] defer: waiting 216 ms before discovery start
SETUP[4] defer: waiting 165 ms before discovery start
SETUP[4] defer: waiting 115 ms before discovery start
SETUP[4] defer: waiting 65 ms before discovery start
SETUP[4] defer: waiting 14 ms before discovery start
SETUP[4] begin: link=anchor-ctrl uuid=4DC6B8187E33803AE8601FB0D7992B96 conn=0x20004be8
SETUP[4] mtu_exchange rc=0
SETUP[4] phy_update rc=0
SETUP[4] conn_param_update rc=0
[AUTOPOS] DISC start[4]: link=anchor-ctrl uuid=4DC6B8187E33803AE8601FB0D7992B96 conn=0x20004be8
[AUTOPOS] MTU exchange[4] done (498)
[AUTOPOS] PHY updated[4]: tx=0x2 rx=0x2
[AUTOPOS] Conn param updated[4]: int=6 lat=0 to=400
[AUTOPOS] Disconnected[4]: F2:B7:4E:8A:79:01 (random) reason=0x08 link=anchor-ctrl ready=0
[AUTOPOS] SCAN start req: bt_ready=1 scan_running=0 connecting_slot=-1 conn_count=4 target=anchor prefix=ANCHOR-
[AUTOPOS] GATT discovery error[-1]: -12
[AUTOPOS] Scanning for ANCHOR-*
[AUTOPOS] SCAN hit: F2:B7:4E:8A:79:01 (random) rssi=-70 name=- bs=- uuid=4DC6B8187E33803AE8601FB0D7992B96 target=anchor uuid_ok=1 tag_name=0 anchor_name=0 nus=0 dfu=0 token=0 props=0x03
[AUTOPOS] CONNECT queue[4]: addr=F2:B7:4E:8A:79:01 (random) link=anchor-ctrl uuid=4DC6B8187E33803AE8601FB0D7992B96 target=anchor
[AUTOPOS] CONNECT pending[4]: addr_valid=1 link=anchor-ctrl uuid=4DC6B8187E33803AE8601FB0D7992B96 scan_running=1 conn_count=4
[AUTOPOS] CONNECT pending[4]: bt_le_scan_stop rc=0 scan_running=1
[AUTOPOS] CONNECT pending[4] rc=0 conn=0x20004be8
[AUTOPOS] Connected[4]: F2:B7:4E:8A:79:01 (random) name=- bs=-
[AUTOPOS] CONNECT state[4]: link=anchor-ctrl uuid=4DC6B8187E33803AE8601FB0D7992B96 ready=0 conn=0x20004be8
SETUP[4] defer: waiting 875 ms before discovery start
SETUP[4] defer: waiting 825 ms before discovery start
SETUP[4] defer: waiting 774 ms before discovery start
SETUP[4] defer: waiting 724 ms before discovery start
SETUP[4] defer: waiting 674 ms before discovery start
SETUP[4] defer: waiting 623 ms before discovery start
SETUP[4] defer: waiting 573 ms before discovery start
SETUP[4] defer: waiting 523 ms before discovery start
SETUP[4] defer: waiting 472 ms before discovery start
SETUP[4] defer: waiting 422 ms before discovery start
SETUP[4] defer: waiting 372 ms before discovery start
SETUP[4] defer: waiting 321 ms before discovery start
SETUP[4] defer: waiting 271 ms before discovery start
SETUP[4] defer: waiting 221 ms before discovery start
SETUP[4] defer: waiting 170 ms before discovery start
SETUP[4] defer: waiting 120 ms before discovery start
SETUP[4] defer: waiting 69 ms before discovery start
SETUP[4] defer: waiting 19 ms before discovery start
SETUP[4] begin: link=anchor-ctrl uuid=4DC6B8187E33803AE8601FB0D7992B96 conn=0x20004be8
SETUP[4] mtu_exchange rc=0
SETUP[4] phy_update rc=0
SETUP[4] conn_param_update rc=0
[AUTOPOS] DISC start[4]: link=anchor-ctrl uuid=4DC6B8187E33803AE8601FB0D7992B96 conn=0x20004be8
[AUTOPOS] MTU exchange[4] done (498)
[AUTOPOS] Conn param updated[4]: int=6 lat=0 to=400
[AUTOPOS] PHY updated[4]: tx=0x2 rx=0x2
[AUTOPOS] Disconnected[4]: F2:B7:4E:8A:79:01 (random) reason=0x08 link=anchor-ctrl ready=0
[AUTOPOS] SCAN start req: bt_ready=1 scan_running=0 connecting_slot=-1 conn_count=4 target=anchor prefix=ANCHOR-
[AUTOPOS] GATT discovery error[-1]: -12
[AUTOPOS] Scanning for ANCHOR-*
[AUTOPOS] SCAN hit: F2:B7:4E:8A:79:01 (random) rssi=-70 name=- bs=- uuid=4DC6B8187E33803AE8601FB0D7992B96 target=anchor uuid_ok=1 tag_name=0 anchor_name=0 nus=0 dfu=0 token=0 props=0x03
[AUTOPOS] CONNECT queue[4]: addr=F2:B7:4E:8A:79:01 (random) link=anchor-ctrl uuid=4DC6B8187E33803AE8601FB0D7992B96 target=anchor
[AUTOPOS] CONNECT pending[4]: addr_valid=1 link=anchor-ctrl uuid=4DC6B8187E33803AE8601FB0D7992B96 scan_running=1 conn_count=4
[AUTOPOS] CONNECT pending[4]: bt_le_scan_stop rc=0 scan_running=1
[AUTOPOS] CONNECT pending[4] rc=0 conn=0x20004be8
[AUTOPOS] Connected[4]: F2:B7:4E:8A:79:01 (random) name=- bs=-
[AUTOPOS] CONNECT state[4]: link=anchor-ctrl uuid=4DC6B8187E33803AE8601FB0D7992B96 ready=0 conn=0x20004be8
SETUP[4] defer: waiting 863 ms before discovery start
[AUTOPOS] Disconnected[4]: F2:B7:4E:8A:79:01 (random) reason=0x3e link=anchor-ctrl ready=0
[AUTOPOS] SCAN start req: bt_ready=1 scan_running=0 connecting_slot=-1 conn_count=4 target=anchor prefix=ANCHOR-
[AUTOPOS] Scanning for ANCHOR-*
[AUTOPOS] SCAN hit: F2:B7:4E:8A:79:01 (random) rssi=-70 name=- bs=- uuid=4DC6B8187E33803AE8601FB0D7992B96 target=anchor uuid_ok=1 tag_name=0 anchor_name=0 nus=0 dfu=0 token=0 props=0x03
[AUTOPOS] CONNECT queue[4]: addr=F2:B7:4E:8A:79:01 (random) link=anchor-ctrl uuid=4DC6B8187E33803AE8601FB0D7992B96 target=anchor
[AUTOPOS] CONNECT pending[4]: addr_valid=1 link=anchor-ctrl uuid=4DC6B8187E33803AE8601FB0D7992B96 scan_running=1 conn_count=4
[AUTOPOS] CONNECT pending[4]: bt_le_scan_stop rc=0 scan_running=1
[AUTOPOS] CONNECT pending[4] rc=0 conn=0x20004be8
[AUTOPOS] Connected[4]: F2:B7:4E:8A:79:01 (random) name=- bs=-
[AUTOPOS] CONNECT state[4]: link=anchor-ctrl uuid=4DC6B8187E33803AE8601FB0D7992B96 ready=0 conn=0x20004be8
SETUP[4] defer: waiting 878 ms before discovery start
SETUP[4] defer: waiting 827 ms before discovery start
SETUP[4] defer: waiting 777 ms before discovery start
SETUP[4] defer: waiting 727 ms before discovery start
SETUP[4] defer: waiting 676 ms before discovery start
SETUP[4] defer: waiting 626 ms before discovery start
SETUP[4] defer: waiting 575 ms before discovery start
SETUP[4] defer: waiting 525 ms before discovery start
SETUP[4] defer: waiting 475 ms before discovery start
SETUP[4] defer: waiting 424 ms before discovery start
SETUP[4] defer: waiting 374 ms before discovery start
SETUP[4] defer: waiting 324 ms before discovery start
SETUP[4] defer: waiting 273 ms before discovery start
SETUP[4] defer: waiting 223 ms before discovery start
SETUP[4] defer: waiting 173 ms before discovery start
SETUP[4] defer: waiting 122 ms before discovery start
SETUP[4] defer: waiting 72 ms before discovery start
SETUP[4] defer: waiting 22 ms before discovery start
SETUP[4] begin: link=anchor-ctrl uuid=4DC6B8187E33803AE8601FB0D7992B96 conn=0x20004be8
SETUP[4] mtu_exchange rc=0
SETUP[4] phy_update rc=0
SETUP[4] conn_param_update rc=0
[AUTOPOS] DISC start[4]: link=anchor-ctrl uuid=4DC6B8187E33803AE8601FB0D7992B96 conn=0x20004be8
[AUTOPOS] MTU exchange[4] done (498)
[AUTOPOS] Conn param updated[4]: int=6 lat=0 to=400
[AUTOPOS] PHY updated[4]: tx=0x2 rx=0x2
[AUTOPOS] DISC complete[4]: link=anchor-ctrl discovered_service=2800 uuid=4DC6B8187E33803AE8601FB0D7992B96
[AUTOPOS] DISC anchor service found[4]: uuid=4DC6B8187E33803AE8601FB0D7992B96
[AUTOPOS] Anchor ctrl state subscribe[4] rc=0
[AUTOPOS] Anchor ctrl result subscribe[4] rc=0
[AUTOPOS] ANCHOR_CTRL[4] link ready handle=0x0019 result=0x001b uuid=4DC6B8187E33803AE8601FB0D7992B96
[AUTOPOS] SCAN start req: bt_ready=1 scan_running=0 connecting_slot=-1 conn_count=5 target=anchor prefix=ANCHOR-
[AUTOPOS] Scanning for ANCHOR-*
[AUTOPOS] Conn param updated[4]: int=6 lat=0 to=400
[AUTOPOS] Disconnected[4]: F2:B7:4E:8A:79:01 (random) reason=0x08 link=anchor-ctrl ready=1
[AUTOPOS] SCAN hit: F2:B7:4E:8A:79:01 (random) rssi=-77 name=- bs=- uuid=4DC6B8187E33803AE8601FB0D7992B96 target=anchor uuid_ok=1 tag_name=0 anchor_name=0 nus=0 dfu=0 token=0 props=0x03
[AUTOPOS] CONNECT queue[4]: addr=F2:B7:4E:8A:79:01 (random) link=anchor-ctrl uuid=4DC6B8187E33803AE8601FB0D7992B96 target=anchor
[AUTOPOS] CONNECT pending[4]: addr_valid=1 link=anchor-ctrl uuid=4DC6B8187E33803AE8601FB0D7992B96 scan_running=1 conn_count=4
[AUTOPOS] CONNECT pending[4]: bt_le_scan_stop rc=0 scan_running=1
[AUTOPOS] CONNECT pending[4] rc=0 conn=0x20004be8
[AUTOPOS] Connected[4]: F2:B7:4E:8A:79:01 (random) name=- bs=-
[AUTOPOS] CONNECT state[4]: link=anchor-ctrl uuid=4DC6B8187E33803AE8601FB0D7992B96 ready=0 conn=0x20004be8
SETUP[4] defer: waiting 897 ms before discovery start
SETUP[4] defer: waiting 847 ms before discovery start
SETUP[4] defer: waiting 796 ms before discovery start
SETUP[4] defer: waiting 746 ms before discovery start
SETUP[4] defer: waiting 696 ms before discovery start
SETUP[4] defer: waiting 645 ms before discovery start
SETUP[4] defer: waiting 595 ms before discovery start
SETUP[4] defer: waiting 545 ms before discovery start
SETUP[4] defer: waiting 494 ms before discovery start
SETUP[4] defer: waiting 444 ms before discovery start
SETUP[4] defer: waiting 394 ms before discovery start
SETUP[4] defer: waiting 343 ms before discovery start
SETUP[4] defer: waiting 293 ms before discovery start
SETUP[4] defer: waiting 243 ms before discovery start
SETUP[4] defer: waiting 192 ms before discovery start
SETUP[4] defer: waiting 142 ms before discovery start
SETUP[4] defer: waiting 91 ms before discovery start
SETUP[4] defer: waiting 41 ms before discovery start
SETUP[4] begin: link=anchor-ctrl uuid=4DC6B8187E33803AE8601FB0D7992B96 conn=0x20004be8
SETUP[4] mtu_exchange rc=0
SETUP[4] phy_update rc=0
SETUP[4] conn_param_update rc=0
[AUTOPOS] DISC start[4]: link=anchor-ctrl uuid=4DC6B8187E33803AE8601FB0D7992B96 conn=0x20004be8
[AUTOPOS] MTU exchange[4] done (498)
[AUTOPOS] Conn param updated[4]: int=6 lat=0 to=400
[AUTOPOS] PHY updated[4]: tx=0x2 rx=0x2
[AUTOPOS] Disconnected[4]: F2:B7:4E:8A:79:01 (random) reason=0x08 link=anchor-ctrl ready=0
[AUTOPOS] SCAN start req: bt_ready=1 scan_running=0 connecting_slot=-1 conn_count=4 target=anchor prefix=ANCHOR-
[AUTOPOS] GATT discovery error[-1]: -12
[AUTOPOS] Scanning for ANCHOR-*
[AUTOPOS] SCAN hit: F2:B7:4E:8A:79:01 (random) rssi=-76 name=- bs=- uuid=4DC6B8187E33803AE8601FB0D7992B96 target=anchor uuid_ok=1 tag_name=0 anchor_name=0 nus=0 dfu=0 token=0 props=0x03
[AUTOPOS] CONNECT queue[4]: addr=F2:B7:4E:8A:79:01 (random) link=anchor-ctrl uuid=4DC6B8187E33803AE8601FB0D7992B96 target=anchor
[AUTOPOS] CONNECT pending[4]: addr_valid=1 link=anchor-ctrl uuid=4DC6B8187E33803AE8601FB0D7992B96 scan_running=1 conn_count=4
[AUTOPOS] CONNECT pending[4]: bt_le_scan_stop rc=0 scan_running=1
[AUTOPOS] CONNECT pending[4] rc=0 conn=0x20004be8
[AUTOPOS] Connected[4]: F2:B7:4E:8A:79:01 (random) name=- bs=-
[AUTOPOS] CONNECT state[4]: link=anchor-ctrl uuid=4DC6B8187E33803AE8601FB0D7992B96 ready=0 conn=0x20004be8
SETUP[4] defer: waiting 897 ms before discovery start
[AUTOPOS] Disconnected[4]: F2:B7:4E:8A:79:01 (random) reason=0x3e link=anchor-ctrl ready=0
[AUTOPOS] SCAN start req: bt_ready=1 scan_running=0 connecting_slot=-1 conn_count=4 target=anchor prefix=ANCHOR-
[AUTOPOS] Scanning for ANCHOR-*
[AUTOPOS] SCAN hit: F2:B7:4E:8A:79:01 (random) rssi=-72 name=- bs=- uuid=4DC6B8187E33803AE8601FB0D7992B96 target=anchor uuid_ok=1 tag_name=0 anchor_name=0 nus=0 dfu=0 token=0 props=0x03
[AUTOPOS] CONNECT queue[4]: addr=F2:B7:4E:8A:79:01 (random) link=anchor-ctrl uuid=4DC6B8187E33803AE8601FB0D7992B96 target=anchor
[AUTOPOS] CONNECT pending[4]: addr_valid=1 link=anchor-ctrl uuid=4DC6B8187E33803AE8601FB0D7992B96 scan_running=1 conn_count=4
[AUTOPOS] CONNECT pending[4]: bt_le_scan_stop rc=0 scan_running=1
[AUTOPOS] CONNECT pending[4] rc=0 conn=0x20004be8
[AUTOPOS] Connected[4]: F2:B7:4E:8A:79:01 (random) name=- bs=-
[AUTOPOS] CONNECT state[4]: link=anchor-ctrl uuid=4DC6B8187E33803AE8601FB0D7992B96 ready=0 conn=0x20004be8
[AUTOPOS] Disconnected[4]: F2:B7:4E:8A:79:01 (random) reason=0x3e link=anchor-ctrl ready=0
[AUTOPOS] SCAN start req: bt_ready=1 scan_running=0 connecting_slot=-1 conn_count=4 target=anchor prefix=ANCHOR-
[AUTOPOS] Scanning for ANCHOR-*
[AUTOPOS] SCAN hit: F2:B7:4E:8A:79:01 (random) rssi=-72 name=- bs=- uuid=4DC6B8187E33803AE8601FB0D7992B96 target=anchor uuid_ok=1 tag_name=0 anchor_name=0 nus=0 dfu=0 token=0 props=0x03
[AUTOPOS] CONNECT queue[4]: addr=F2:B7:4E:8A:79:01 (random) link=anchor-ctrl uuid=4DC6B8187E33803AE8601FB0D7992B96 target=anchor
[AUTOPOS] CONNECT pending[4]: addr_valid=1 link=anchor-ctrl uuid=4DC6B8187E33803AE8601FB0D7992B96 scan_running=1 conn_count=4
[AUTOPOS] CONNECT pending[4]: bt_le_scan_stop rc=0 scan_running=1
[AUTOPOS] CONNECT pending[4] rc=0 conn=0x20004be8
[AUTOPOS] Connected[4]: F2:B7:4E:8A:79:01 (random) name=- bs=-
[AUTOPOS] CONNECT state[4]: link=anchor-ctrl uuid=4DC6B8187E33803AE8601FB0D7992B96 ready=0 conn=0x20004be8
SETUP[4] defer: waiting 870 ms before discovery start
SETUP[4] defer: waiting 819 ms before discovery start
SETUP[4] defer: waiting 769 ms before discovery start
SETUP[4] defer: waiting 719 ms before discovery start
SETUP[4] defer: waiting 668 ms before discovery start
SETUP[4] defer: waiting 618 ms before discovery start
SETUP[4] defer: waiting 568 ms before discovery start
SETUP[4] defer: waiting 517 ms before discovery start
SETUP[4] defer: waiting 467 ms before discovery start
SETUP[4] defer: waiting 417 ms before discovery start
SETUP[4] defer: waiting 366 ms before discovery start
SETUP[4] defer: waiting 316 ms before discovery start
SETUP[4] defer: waiting 265 ms before discovery start
SETUP[4] defer: waiting 215 ms before discovery start
SETUP[4] defer: waiting 165 ms before discovery start
SETUP[4] defer: waiting 114 ms before discovery start
SETUP[4] defer: waiting 64 ms before discovery start
SETUP[4] defer: waiting 14 ms before discovery start
SETUP[4] begin: link=anchor-ctrl uuid=4DC6B8187E33803AE8601FB0D7992B96 conn=0x20004be8
SETUP[4] mtu_exchange rc=0
SETUP[4] phy_update rc=0
SETUP[4] conn_param_update rc=0
[AUTOPOS] DISC start[4]: link=anchor-ctrl uuid=4DC6B8187E33803AE8601FB0D7992B96 conn=0x20004be8
[AUTOPOS] MTU exchange[4] done (498)
[AUTOPOS] Conn param updated[4]: int=6 lat=0 to=400
[AUTOPOS] PHY updated[4]: tx=0x2 rx=0x2
[AUTOPOS] DISC complete[4]: link=anchor-ctrl discovered_service=2800 uuid=4DC6B8187E33803AE8601FB0D7992B96
[AUTOPOS] DISC anchor service found[4]: uuid=4DC6B8187E33803AE8601FB0D7992B96
[AUTOPOS] Anchor ctrl state subscribe[4] rc=0
[AUTOPOS] Anchor ctrl result subscribe[4] rc=0
[AUTOPOS] ANCHOR_CTRL[4] link ready handle=0x0019 result=0x001b uuid=4DC6B8187E33803AE8601FB0D7992B96
[AUTOPOS] SCAN start req: bt_ready=1 scan_running=0 connecting_slot=-1 conn_count=5 target=anchor prefix=ANCHOR-
[AUTOPOS] Scanning for ANCHOR-*
[AUTOPOS] Conn param updated[4]: int=6 lat=0 to=400
[AUTOPOS] Disconnected[4]: F2:B7:4E:8A:79:01 (random) reason=0x08 link=anchor-ctrl ready=1
[AUTOPOS] SCAN hit: F2:B7:4E:8A:79:01 (random) rssi=-70 name=- bs=- uuid=4DC6B8187E33803AE8601FB0D7992B96 target=anchor uuid_ok=1 tag_name=0 anchor_name=0 nus=0 dfu=0 token=0 props=0x03
[AUTOPOS] CONNECT queue[4]: addr=F2:B7:4E:8A:79:01 (random) link=anchor-ctrl uuid=4DC6B8187E33803AE8601FB0D7992B96 target=anchor
[AUTOPOS] CONNECT pending[4]: addr_valid=1 link=anchor-ctrl uuid=4DC6B8187E33803AE8601FB0D7992B96 scan_running=1 conn_count=4
[AUTOPOS] CONNECT pending[4]: bt_le_scan_stop rc=0 scan_running=1
[AUTOPOS] CONNECT pending[4] rc=0 conn=0x20004be8
[AUTOPOS] Connected[4]: F2:B7:4E:8A:79:01 (random) name=- bs=-
[AUTOPOS] CONNECT state[4]: link=anchor-ctrl uuid=4DC6B8187E33803AE8601FB0D7992B96 ready=0 conn=0x20004be8
SETUP[4] defer: waiting 874 ms before discovery start
[AUTOPOS] Disconnected[4]: F2:B7:4E:8A:79:01 (random) reason=0x3e link=anchor-ctrl ready=0
[AUTOPOS] SCAN start req: bt_ready=1 scan_running=0 connecting_slot=-1 conn_count=4 target=anchor prefix=ANCHOR-
[AUTOPOS] Scanning for ANCHOR-*
[AUTOPOS] SCAN hit: F2:B7:4E:8A:79:01 (random) rssi=-75 name=- bs=- uuid=4DC6B8187E33803AE8601FB0D7992B96 target=anchor uuid_ok=1 tag_name=0 anchor_name=0 nus=0 dfu=0 token=0 props=0x03
[AUTOPOS] CONNECT queue[4]: addr=F2:B7:4E:8A:79:01 (random) link=anchor-ctrl uuid=4DC6B8187E33803AE8601FB0D7992B96 target=anchor
[AUTOPOS] CONNECT pending[4]: addr_valid=1 link=anchor-ctrl uuid=4DC6B8187E33803AE8601FB0D7992B96 scan_running=1 conn_count=4
[AUTOPOS] CONNECT pending[4]: bt_le_scan_stop rc=0 scan_running=1
[AUTOPOS] CONNECT pending[4] rc=0 conn=0x20004be8
[AUTOPOS] Connected[4]: F2:B7:4E:8A:79:01 (random) name=- bs=-
[AUTOPOS] CONNECT state[4]: link=anchor-ctrl uuid=4DC6B8187E33803AE8601FB0D7992B96 ready=0 conn=0x20004be8
SETUP[4] defer: waiting 896 ms before discovery start
SETUP[4] defer: waiting 846 ms before discovery start
SETUP[4] defer: waiting 796 ms before discovery start
SETUP[4] defer: waiting 745 ms before discovery start
SETUP[4] defer: waiting 695 ms before discovery start
SETUP[4] defer: waiting 645 ms before discovery start
SETUP[4] defer: waiting 594 ms before discovery start
SETUP[4] defer: waiting 544 ms before discovery start
SETUP[4] defer: waiting 493 ms before discovery start
SETUP[4] defer: waiting 443 ms before discovery start
SETUP[4] defer: waiting 393 ms before discovery start
SETUP[4] defer: waiting 342 ms before discovery start
SETUP[4] defer: waiting 292 ms before discovery start
SETUP[4] defer: waiting 242 ms before discovery start
SETUP[4] defer: waiting 191 ms before discovery start
SETUP[4] defer: waiting 141 ms before discovery start
SETUP[4] defer: waiting 91 ms before discovery start
SETUP[4] defer: waiting 40 ms before discovery start
SETUP[4] begin: link=anchor-ctrl uuid=4DC6B8187E33803AE8601FB0D7992B96 conn=0x20004be8
SETUP[4] mtu_exchange rc=0
SETUP[4] phy_update rc=0
SETUP[4] conn_param_update rc=0
[AUTOPOS] DISC start[4]: link=anchor-ctrl uuid=4DC6B8187E33803AE8601FB0D7992B96 conn=0x20004be8
[AUTOPOS] MTU exchange[4] done (498)
[AUTOPOS] Conn param updated[4]: int=6 lat=0 to=400
[AUTOPOS] PHY updated[4]: tx=0x2 rx=0x2
[AUTOPOS] DISC complete[4]: link=anchor-ctrl discovered_service=2800 uuid=4DC6B8187E33803AE8601FB0D7992B96
[AUTOPOS] DISC anchor service found[4]: uuid=4DC6B8187E33803AE8601FB0D7992B96
[AUTOPOS] Anchor ctrl state subscribe[4] rc=0
[AUTOPOS] Anchor ctrl result subscribe[4] rc=0
[AUTOPOS] ANCHOR_CTRL[4] link ready handle=0x0019 result=0x001b uuid=4DC6B8187E33803AE8601FB0D7992B96
[AUTOPOS] SCAN start req: bt_ready=1 scan_running=0 connecting_slot=-1 conn_count=5 target=anchor prefix=ANCHOR-
[AUTOPOS] Scanning for ANCHOR-*
>>> autopos status @t=120
[AUTOPOS] AUTOPOS: mode=AUTOPOS state=failed staged=A last_success=- sets=5 error=anchor A promote failed rc=-116
[AUTOPOS] Disconnected[4]: F2:B7:4E:8A:79:01 (random) reason=0x08 link=anchor-ctrl ready=1
[AUTOPOS] SCAN hit: F2:B7:4E:8A:79:01 (random) rssi=-73 name=- bs=- uuid=4DC6B8187E33803AE8601FB0D7992B96 target=anchor uuid_ok=1 tag_name=0 anchor_name=0 nus=0 dfu=0 token=0 props=0x03
[AUTOPOS] CONNECT queue[4]: addr=F2:B7:4E:8A:79:01 (random) link=anchor-ctrl uuid=4DC6B8187E33803AE8601FB0D7992B96 target=anchor
[AUTOPOS] CONNECT pending[4]: addr_valid=1 link=anchor-ctrl uuid=4DC6B8187E33803AE8601FB0D7992B96 scan_running=1 conn_count=4
[AUTOPOS] CONNECT pending[4]: bt_le_scan_stop rc=0 scan_running=1
[AUTOPOS] CONNECT pending[4] rc=0 conn=0x20004be8
[AUTOPOS] Connected[4]: F2:B7:4E:8A:79:01 (random) name=- bs=-
[AUTOPOS] CONNECT state[4]: link=anchor-ctrl uuid=4DC6B8187E33803AE8601FB0D7992B96 ready=0 conn=0x20004be8
SETUP[4] defer: waiting 896 ms before discovery start
SETUP[4] defer: waiting 845 ms before discovery start
SETUP[4] defer: waiting 795 ms before discovery start
SETUP[4] defer: waiting 744 ms before discovery start
SETUP[4] defer: waiting 694 ms before discovery start
SETUP[4] defer: waiting 644 ms before discovery start
SETUP[4] defer: waiting 593 ms before discovery start
SETUP[4] defer: waiting 543 ms before discovery start
SETUP[4] defer: waiting 493 ms before discovery start
SETUP[4] defer: waiting 442 ms before discovery start
SETUP[4] defer: waiting 392 ms before discovery start
SETUP[4] defer: waiting 342 ms before discovery start
SETUP[4] defer: waiting 291 ms before discovery start
SETUP[4] defer: waiting 241 ms before discovery start
SETUP[4] defer: waiting 191 ms before discovery start
SETUP[4] defer: waiting 140 ms before discovery start
SETUP[4] defer: waiting 90 ms before discovery start
SETUP[4] defer: waiting 40 ms before discovery start
SETUP[4] begin: link=anchor-ctrl uuid=4DC6B8187E33803AE8601FB0D7992B96 conn=0x20004be8
SETUP[4] mtu_exchange rc=0
SETUP[4] phy_update rc=0
SETUP[4] conn_param_update rc=0
[AUTOPOS] DISC start[4]: link=anchor-ctrl uuid=4DC6B8187E33803AE8601FB0D7992B96 conn=0x20004be8
[AUTOPOS] MTU exchange[4] done (498)
[AUTOPOS] Conn param updated[4]: int=6 lat=0 to=400
[AUTOPOS] PHY updated[4]: tx=0x2 rx=0x2
[AUTOPOS] DISC complete[4]: link=anchor-ctrl discovered_service=2800 uuid=4DC6B8187E33803AE8601FB0D7992B96
[AUTOPOS] DISC anchor service found[4]: uuid=4DC6B8187E33803AE8601FB0D7992B96
[AUTOPOS] Anchor ctrl state subscribe[4] rc=0
[AUTOPOS] Anchor ctrl result subscribe[4] rc=0
[AUTOPOS] ANCHOR_CTRL[4] link ready handle=0x0019 result=0x001b uuid=4DC6B8187E33803AE8601FB0D7992B96
[AUTOPOS] SCAN start req: bt_ready=1 scan_running=0 connecting_slot=-1 conn_count=5 target=anchor prefix=ANCHOR-
[AUTOPOS] Scanning for ANCHOR-*
[AUTOPOS] Disconnected[4]: F2:B7:4E:8A:79:01 (random) reason=0x08 link=anchor-ctrl ready=1
[AUTOPOS] SCAN hit: F2:B7:4E:8A:79:01 (random) rssi=-72 name=- bs=- uuid=4DC6B8187E33803AE8601FB0D7992B96 target=anchor uuid_ok=1 tag_name=0 anchor_name=0 nus=0 dfu=0 token=0 props=0x03
[AUTOPOS] CONNECT queue[4]: addr=F2:B7:4E:8A:79:01 (random) link=anchor-ctrl uuid=4DC6B8187E33803AE8601FB0D7992B96 target=anchor
[AUTOPOS] CONNECT pending[4]: addr_valid=1 link=anchor-ctrl uuid=4DC6B8187E33803AE8601FB0D7992B96 scan_running=1 conn_count=4
[AUTOPOS] CONNECT pending[4]: bt_le_scan_stop rc=0 scan_running=1
[AUTOPOS] CONNECT pending[4] rc=0 conn=0x20004be8
[AUTOPOS] Connected[4]: F2:B7:4E:8A:79:01 (random) name=- bs=-
[AUTOPOS] CONNECT state[4]: link=anchor-ctrl uuid=4DC6B8187E33803AE8601FB0D7992B96 ready=0 conn=0x20004be8
SETUP[4] defer: waiting 877 ms before discovery start
SETUP[4] defer: waiting 827 ms before discovery start
SETUP[4] defer: waiting 777 ms before discovery start
SETUP[4] defer: waiting 726 ms before discovery start
SETUP[4] defer: waiting 676 ms before discovery start
SETUP[4] defer: waiting 626 ms before discovery start
SETUP[4] defer: waiting 575 ms before discovery start
SETUP[4] defer: waiting 525 ms before discovery start
SETUP[4] defer: waiting 475 ms before discovery start
SETUP[4] defer: waiting 424 ms before discovery start
SETUP[4] defer: waiting 374 ms before discovery start
SETUP[4] defer: waiting 324 ms before discovery start
SETUP[4] defer: waiting 273 ms before discovery start
SETUP[4] defer: waiting 223 ms before discovery start
SETUP[4] defer: waiting 173 ms before discovery start
SETUP[4] defer: waiting 122 ms before discovery start
SETUP[4] defer: waiting 72 ms before discovery start
SETUP[4] defer: waiting 22 ms before discovery start
SETUP[4] begin: link=anchor-ctrl uuid=4DC6B8187E33803AE8601FB0D7992B96 conn=0x20004be8
SETUP[4] mtu_exchange rc=0
SETUP[4] phy_update rc=0
SETUP[4] conn_param_update rc=0
[AUTOPOS] DISC start[4]: link=anchor-ctrl uuid=4DC6B8187E33803AE8601FB0D7992B96 conn=0x20004be8
[AUTOPOS] MTU exchange[4] done (498)
[AUTOPOS] Conn param updated[4]: int=6 lat=0 to=400
[AUTOPOS] PHY updated[4]: tx=0x2 rx=0x2
[AUTOPOS] Disconnected[4]: F2:B7:4E:8A:79:01 (random) reason=0x08 link=anchor-ctrl ready=0
[AUTOPOS] SCAN start req: bt_ready=1 scan_running=0 connecting_slot=-1 conn_count=4 target=anchor prefix=ANCHOR-
[AUTOPOS] GATT discovery error[-1]: -12
[AUTOPOS] Scanning for ANCHOR-*
[AUTOPOS] SCAN hit: F2:B7:4E:8A:79:01 (random) rssi=-71 name=- bs=- uuid=4DC6B8187E33803AE8601FB0D7992B96 target=anchor uuid_ok=1 tag_name=0 anchor_name=0 nus=0 dfu=0 token=0 props=0x03
[AUTOPOS] CONNECT queue[4]: addr=F2:B7:4E:8A:79:01 (random) link=anchor-ctrl uuid=4DC6B8187E33803AE8601FB0D7992B96 target=anchor
[AUTOPOS] CONNECT pending[4]: addr_valid=1 link=anchor-ctrl uuid=4DC6B8187E33803AE8601FB0D7992B96 scan_running=1 conn_count=4
[AUTOPOS] CONNECT pending[4]: bt_le_scan_stop rc=0 scan_running=1
[AUTOPOS] CONNECT pending[4] rc=0 conn=0x20004be8
[AUTOPOS] Connected[4]: F2:B7:4E:8A:79:01 (random) name=- bs=-
[AUTOPOS] CONNECT state[4]: link=anchor-ctrl uuid=4DC6B8187E33803AE8601FB0D7992B96 ready=0 conn=0x20004be8
SETUP[4] defer: waiting 892 ms before discovery start
SETUP[4] defer: waiting 841 ms before discovery start
SETUP[4] defer: waiting 791 ms before discovery start
SETUP[4] defer: waiting 741 ms before discovery start
SETUP[4] defer: waiting 690 ms before discovery start
SETUP[4] defer: waiting 640 ms before discovery start
SETUP[4] defer: waiting 590 ms before discovery start
SETUP[4] defer: waiting 539 ms before discovery start
SETUP[4] defer: waiting 489 ms before discovery start
SETUP[4] defer: waiting 438 ms before discovery start
SETUP[4] defer: waiting 388 ms before discovery start
SETUP[4] defer: waiting 338 ms before discovery start
SETUP[4] defer: waiting 287 ms before discovery start
SETUP[4] defer: waiting 237 ms before discovery start
SETUP[4] defer: waiting 187 ms before discovery start
SETUP[4] defer: waiting 136 ms before discovery start
SETUP[4] defer: waiting 86 ms before discovery start
SETUP[4] defer: waiting 36 ms before discovery start
SETUP[4] begin: link=anchor-ctrl uuid=4DC6B8187E33803AE8601FB0D7992B96 conn=0x20004be8
SETUP[4] mtu_exchange rc=0
SETUP[4] phy_update rc=0
SETUP[4] conn_param_update rc=0
[AUTOPOS] DISC start[4]: link=anchor-ctrl uuid=4DC6B8187E33803AE8601FB0D7992B96 conn=0x20004be8
[AUTOPOS] MTU exchange[4] failed (0)
[AUTOPOS] Anchor ctrl service not found[4]
[AUTOPOS] Disconnected[4]: F2:B7:4E:8A:79:01 (random) reason=0x08 link=anchor-ctrl ready=0
[AUTOPOS] SCAN start req: bt_ready=1 scan_running=0 connecting_slot=-1 conn_count=4 target=anchor prefix=ANCHOR-
[AUTOPOS] Scanning for ANCHOR-*
[AUTOPOS] SCAN hit: F2:B7:4E:8A:79:01 (random) rssi=-74 name=- bs=- uuid=4DC6B8187E33803AE8601FB0D7992B96 target=anchor uuid_ok=1 tag_name=0 anchor_name=0 nus=0 dfu=0 token=0 props=0x03
[AUTOPOS] CONNECT queue[4]: addr=F2:B7:4E:8A:79:01 (random) link=anchor-ctrl uuid=4DC6B8187E33803AE8601FB0D7992B96 target=anchor
[AUTOPOS] CONNECT pending[4]: addr_valid=1 link=anchor-ctrl uuid=4DC6B8187E33803AE8601FB0D7992B96 scan_running=1 conn_count=4
[AUTOPOS] CONNECT pending[4]: bt_le_scan_stop rc=0 scan_running=1
[AUTOPOS] CONNECT pending[4] rc=0 conn=0x20004be8
[AUTOPOS] Connected[4]: F2:B7:4E:8A:79:01 (random) name=- bs=-
[AUTOPOS] CONNECT state[4]: link=anchor-ctrl uuid=4DC6B8187E33803AE8601FB0D7992B96 ready=0 conn=0x20004be8
SETUP[4] defer: waiting 858 ms before discovery start
SETUP[4] defer: waiting 807 ms before discovery start
SETUP[4] defer: waiting 757 ms before discovery start
SETUP[4] defer: waiting 707 ms before discovery start
SETUP[4] defer: waiting 656 ms before discovery start
SETUP[4] defer: waiting 606 ms before discovery start
SETUP[4] defer: waiting 556 ms before discovery start
SETUP[4] defer: waiting 505 ms before discovery start
SETUP[4] defer: waiting 455 ms before discovery start
SETUP[4] defer: waiting 404 ms before discovery start
SETUP[4] defer: waiting 354 ms before discovery start
SETUP[4] defer: waiting 304 ms before discovery start
SETUP[4] defer: waiting 253 ms before discovery start
SETUP[4] defer: waiting 203 ms before discovery start
SETUP[4] defer: waiting 153 ms before discovery start
SETUP[4] defer: waiting 102 ms before discovery start
SETUP[4] defer: waiting 52 ms before discovery start
SETUP[4] defer: waiting 2 ms before discovery start
SETUP[4] begin: link=anchor-ctrl uuid=4DC6B8187E33803AE8601FB0D7992B96 conn=0x20004be8
SETUP[4] mtu_exchange rc=0
SETUP[4] phy_update rc=0
SETUP[4] conn_param_update rc=0
[AUTOPOS] DISC start[4]: link=anchor-ctrl uuid=4DC6B8187E33803AE8601FB0D7992B96 conn=0x20004be8
[AUTOPOS] MTU exchange[4] done (498)
[AUTOPOS] Conn param updated[4]: int=6 lat=0 to=400
[AUTOPOS] PHY updated[4]: tx=0x2 rx=0x2
[AUTOPOS] Disconnected[4]: F2:B7:4E:8A:79:01 (random) reason=0x08 link=anchor-ctrl ready=0
[AUTOPOS] SCAN start req: bt_ready=1 scan_running=0 connecting_slot=-1 conn_count=4 target=anchor prefix=ANCHOR-
[AUTOPOS] GATT discovery error[-1]: -12
[AUTOPOS] Scanning for ANCHOR-*
[AUTOPOS] SCAN hit: F2:B7:4E:8A:79:01 (random) rssi=-76 name=- bs=- uuid=4DC6B8187E33803AE8601FB0D7992B96 target=anchor uuid_ok=1 tag_name=0 anchor_name=0 nus=0 dfu=0 token=0 props=0x03
[AUTOPOS] CONNECT queue[4]: addr=F2:B7:4E:8A:79:01 (random) link=anchor-ctrl uuid=4DC6B8187E33803AE8601FB0D7992B96 target=anchor
[AUTOPOS] CONNECT pending[4]: addr_valid=1 link=anchor-ctrl uuid=4DC6B8187E33803AE8601FB0D7992B96 scan_running=1 conn_count=4
[AUTOPOS] CONNECT pending[4]: bt_le_scan_stop rc=0 scan_running=1
[AUTOPOS] CONNECT pending[4] rc=0 conn=0x20004be8
[AUTOPOS] Connected[4]: F2:B7:4E:8A:79:01 (random) name=- bs=-
[AUTOPOS] CONNECT state[4]: link=anchor-ctrl uuid=4DC6B8187E33803AE8601FB0D7992B96 ready=0 conn=0x20004be8
SETUP[4] defer: waiting 893 ms before discovery start
SETUP[4] defer: waiting 843 ms before discovery start
SETUP[4] defer: waiting 792 ms before discovery start
SETUP[4] defer: waiting 742 ms before discovery start
SETUP[4] defer: waiting 692 ms before discovery start
SETUP[4] defer: waiting 641 ms before discovery start
SETUP[4] defer: waiting 591 ms before discovery start
SETUP[4] defer: waiting 540 ms before discovery start
SETUP[4] defer: waiting 490 ms before discovery start
SETUP[4] defer: waiting 440 ms before discovery start
SETUP[4] defer: waiting 389 ms before discovery start
SETUP[4] defer: waiting 339 ms before discovery start
SETUP[4] defer: waiting 289 ms before discovery start
SETUP[4] defer: waiting 238 ms before discovery start
SETUP[4] defer: waiting 188 ms before discovery start
SETUP[4] defer: waiting 138 ms before discovery start
SETUP[4] defer: waiting 87 ms before discovery start
SETUP[4] defer: waiting 37 ms before discovery start
SETUP[4] begin: link=anchor-ctrl uuid=4DC6B8187E33803AE8601FB0D7992B96 conn=0x20004be8
SETUP[4] mtu_exchange rc=0
SETUP[4] phy_update rc=0
SETUP[4] conn_param_update rc=0
[AUTOPOS] DISC start[4]: link=anchor-ctrl uuid=4DC6B8187E33803AE8601FB0D7992B96 conn=0x20004be8
[AUTOPOS] MTU exchange[4] done (498)
[AUTOPOS] Conn param updated[4]: int=6 lat=0 to=400
[AUTOPOS] PHY updated[4]: tx=0x2 rx=0x2
[AUTOPOS] DISC complete[4]: link=anchor-ctrl discovered_service=2800 uuid=4DC6B8187E33803AE8601FB0D7992B96
[AUTOPOS] DISC anchor service found[4]: uuid=4DC6B8187E33803AE8601FB0D7992B96
[AUTOPOS] Anchor ctrl state subscribe[4] rc=0
[AUTOPOS] Anchor ctrl result subscribe[4] rc=0
[AUTOPOS] ANCHOR_CTRL[4] link ready handle=0x0019 result=0x001b uuid=4DC6B8187E33803AE8601FB0D7992B96
[AUTOPOS] SCAN start req: bt_ready=1 scan_running=0 connecting_slot=-1 conn_count=5 target=anchor prefix=ANCHOR-
[AUTOPOS] Scanning for ANCHOR-*
[AUTOPOS] Disconnected[4]: F2:B7:4E:8A:79:01 (random) reason=0x08 link=anchor-ctrl ready=1
[AUTOPOS] SCAN hit: F2:B7:4E:8A:79:01 (random) rssi=-75 name=- bs=- uuid=4DC6B8187E33803AE8601FB0D7992B96 target=anchor uuid_ok=1 tag_name=0 anchor_name=0 nus=0 dfu=0 token=0 props=0x03
[AUTOPOS] CONNECT queue[4]: addr=F2:B7:4E:8A:79:01 (random) link=anchor-ctrl uuid=4DC6B8187E33803AE8601FB0D7992B96 target=anchor
[AUTOPOS] CONNECT pending[4]: addr_valid=1 link=anchor-ctrl uuid=4DC6B8187E33803AE8601FB0D7992B96 scan_running=1 conn_count=4
[AUTOPOS] CONNECT pending[4]: bt_le_scan_stop rc=0 scan_running=1
[AUTOPOS] CONNECT pending[4] rc=0 conn=0x20004be8
[AUTOPOS] Connected[4]: F2:B7:4E:8A:79:01 (random) name=- bs=-
[AUTOPOS] CONNECT state[4]: link=anchor-ctrl uuid=4DC6B8187E33803AE8601FB0D7992B96 ready=0 conn=0x20004be8
SETUP[4] defer: waiting 875 ms before discovery start
SETUP[4] defer: waiting 825 ms before discovery start
SETUP[4] defer: waiting 774 ms before discovery start
SETUP[4] defer: waiting 724 ms before discovery start
SETUP[4] defer: waiting 674 ms before discovery start
SETUP[4] defer: waiting 623 ms before discovery start
SETUP[4] defer: waiting 573 ms before discovery start
SETUP[4] defer: waiting 523 ms before discovery start
SETUP[4] defer: waiting 472 ms before discovery start
SETUP[4] defer: waiting 422 ms before discovery start
SETUP[4] defer: waiting 372 ms before discovery start
SETUP[4] defer: waiting 321 ms before discovery start
SETUP[4] defer: waiting 271 ms before discovery start
SETUP[4] defer: waiting 221 ms before discovery start
SETUP[4] defer: waiting 170 ms before discovery start
SETUP[4] defer: waiting 120 ms before discovery start
SETUP[4] defer: waiting 70 ms before discovery start
SETUP[4] defer: waiting 19 ms before discovery start
SETUP[4] begin: link=anchor-ctrl uuid=4DC6B8187E33803AE8601FB0D7992B96 conn=0x20004be8
SETUP[4] mtu_exchange rc=0
SETUP[4] phy_update rc=0
SETUP[4] conn_param_update rc=0
[AUTOPOS] DISC start[4]: link=anchor-ctrl uuid=4DC6B8187E33803AE8601FB0D7992B96 conn=0x20004be8
[AUTOPOS] MTU exchange[4] done (498)
[AUTOPOS] Conn param updated[4]: int=6 lat=0 to=400
[AUTOPOS] PHY updated[4]: tx=0x2 rx=0x2
[AUTOPOS] DISC complete[4]: link=anchor-ctrl discovered_service=2800 uuid=4DC6B8187E33803AE8601FB0D7992B96
[AUTOPOS] DISC anchor service found[4]: uuid=4DC6B8187E33803AE8601FB0D7992B96
[AUTOPOS] Anchor ctrl state subscribe[4] rc=-128
[AUTOPOS] Anchor ctrl result subscribe[4] rc=-128
[AUTOPOS] ANCHOR_CTRL[4] link ready handle=0x0019 result=0x001b uuid=4DC6B8187E33803AE8601FB0D7992B96
[AUTOPOS] SCAN start req: bt_ready=1 scan_running=0 connecting_slot=-1 conn_count=5 target=anchor prefix=ANCHOR-
[AUTOPOS] Scanning for ANCHOR-*
[AUTOPOS] Disconnected[4]: F2:B7:4E:8A:79:01 (random) reason=0x08 link=anchor-ctrl ready=1
[AUTOPOS] SCAN hit: F2:B7:4E:8A:79:01 (random) rssi=-72 name=- bs=- uuid=4DC6B8187E33803AE8601FB0D7992B96 target=anchor uuid_ok=1 tag_name=0 anchor_name=0 nus=0 dfu=0 token=0 props=0x03
[AUTOPOS] CONNECT queue[4]: addr=F2:B7:4E:8A:79:01 (random) link=anchor-ctrl uuid=4DC6B8187E33803AE8601FB0D7992B96 target=anchor
[AUTOPOS] CONNECT pending[4]: addr_valid=1 link=anchor-ctrl uuid=4DC6B8187E33803AE8601FB0D7992B96 scan_running=1 conn_count=4
[AUTOPOS] CONNECT pending[4]: bt_le_scan_stop rc=0 scan_running=1
[AUTOPOS] CONNECT pending[4] rc=0 conn=0x20004be8
[AUTOPOS] Connected[4]: F2:B7:4E:8A:79:01 (random) name=- bs=-
[AUTOPOS] CONNECT state[4]: link=anchor-ctrl uuid=4DC6B8187E33803AE8601FB0D7992B96 ready=0 conn=0x20004be8
SETUP[4] defer: waiting 862 ms before discovery start
SETUP[4] defer: waiting 811 ms before discovery start
SETUP[4] defer: waiting 761 ms before discovery start
SETUP[4] defer: waiting 711 ms before discovery start
SETUP[4] defer: waiting 660 ms before discovery start
SETUP[4] defer: waiting 610 ms before discovery start
SETUP[4] defer: waiting 560 ms before discovery start
SETUP[4] defer: waiting 509 ms before discovery start
SETUP[4] defer: waiting 459 ms before discovery start
SETUP[4] defer: waiting 409 ms before discovery start
SETUP[4] defer: waiting 358 ms before discovery start
SETUP[4] defer: waiting 308 ms before discovery start
SETUP[4] defer: waiting 258 ms before discovery start
SETUP[4] defer: waiting 207 ms before discovery start
SETUP[4] defer: waiting 157 ms before discovery start
SETUP[4] defer: waiting 107 ms before discovery start
SETUP[4] defer: waiting 56 ms before discovery start
SETUP[4] defer: waiting 6 ms before discovery start
SETUP[4] begin: link=anchor-ctrl uuid=4DC6B8187E33803AE8601FB0D7992B96 conn=0x20004be8
SETUP[4] mtu_exchange rc=0
SETUP[4] phy_update rc=0
SETUP[4] conn_param_update rc=0
[AUTOPOS] DISC start[4]: link=anchor-ctrl uuid=4DC6B8187E33803AE8601FB0D7992B96 conn=0x20004be8
[AUTOPOS] MTU exchange[4] done (498)
[AUTOPOS] Conn param updated[4]: int=6 lat=0 to=400
[AUTOPOS] PHY updated[4]: tx=0x2 rx=0x2
[AUTOPOS] Disconnected[4]: F2:B7:4E:8A:79:01 (random) reason=0x08 link=anchor-ctrl ready=0
[AUTOPOS] SCAN start req: bt_ready=1 scan_running=0 connecting_slot=-1 conn_count=4 target=anchor prefix=ANCHOR-
[AUTOPOS] GATT discovery error[-1]: -12
[AUTOPOS] Scanning for ANCHOR-*
[AUTOPOS] SCAN hit: F2:B7:4E:8A:79:01 (random) rssi=-77 name=- bs=- uuid=4DC6B8187E33803AE8601FB0D7992B96 target=anchor uuid_ok=1 tag_name=0 anchor_name=0 nus=0 dfu=0 token=0 props=0x03
[AUTOPOS] CONNECT queue[4]: addr=F2:B7:4E:8A:79:01 (random) link=anchor-ctrl uuid=4DC6B8187E33803AE8601FB0D7992B96 target=anchor
[AUTOPOS] CONNECT pending[4]: addr_valid=1 link=anchor-ctrl uuid=4DC6B8187E33803AE8601FB0D7992B96 scan_running=1 conn_count=4
[AUTOPOS] CONNECT pending[4]: bt_le_scan_stop rc=0 scan_running=1
[AUTOPOS] CONNECT pending[4] rc=0 conn=0x20004be8
[AUTOPOS] Connected[4]: F2:B7:4E:8A:79:01 (random) name=- bs=-
[AUTOPOS] CONNECT state[4]: link=anchor-ctrl uuid=4DC6B8187E33803AE8601FB0D7992B96 ready=0 conn=0x20004be8
SETUP[4] defer: waiting 859 ms before discovery start
[AUTOPOS] Disconnected[4]: F2:B7:4E:8A:79:01 (random) reason=0x3e link=anchor-ctrl ready=0
[AUTOPOS] SCAN start req: bt_ready=1 scan_running=0 connecting_slot=-1 conn_count=4 target=anchor prefix=ANCHOR-
[AUTOPOS] Scanning for ANCHOR-*
[AUTOPOS] SCAN hit: F2:B7:4E:8A:79:01 (random) rssi=-94 name=- bs=- uuid=4DC6B8187E33803AE8601FB0D7992B96 target=anchor uuid_ok=1 tag_name=0 anchor_name=0 nus=0 dfu=0 token=0 props=0x03
[AUTOPOS] CONNECT queue[4]: addr=F2:B7:4E:8A:79:01 (random) link=anchor-ctrl uuid=4DC6B8187E33803AE8601FB0D7992B96 target=anchor
[AUTOPOS] CONNECT pending[4]: addr_valid=1 link=anchor-ctrl uuid=4DC6B8187E33803AE8601FB0D7992B96 scan_running=1 conn_count=4
[AUTOPOS] CONNECT pending[4]: bt_le_scan_stop rc=0 scan_running=1
[AUTOPOS] CONNECT pending[4] rc=0 conn=0x20004be8
[AUTOPOS] Connected[4]: F2:B7:4E:8A:79:01 (random) name=- bs=-
[AUTOPOS] CONNECT state[4]: link=anchor-ctrl uuid=4DC6B8187E33803AE8601FB0D7992B96 ready=0 conn=0x20004be8
SETUP[4] defer: waiting 879 ms before discovery start
SETUP[4] defer: waiting 828 ms before discovery start
SETUP[4] defer: waiting 778 ms before discovery start
SETUP[4] defer: waiting 728 ms before discovery start
SETUP[4] defer: waiting 677 ms before discovery start
SETUP[4] defer: waiting 627 ms before discovery start
SETUP[4] defer: waiting 577 ms before discovery start
SETUP[4] defer: waiting 526 ms before discovery start
SETUP[4] defer: waiting 476 ms before discovery start
SETUP[4] defer: waiting 425 ms before discovery start
SETUP[4] defer: waiting 375 ms before discovery start
SETUP[4] defer: waiting 325 ms before discovery start
SETUP[4] defer: waiting 274 ms before discovery start
SETUP[4] defer: waiting 224 ms before discovery start
SETUP[4] defer: waiting 174 ms before discovery start
SETUP[4] defer: waiting 123 ms before discovery start
SETUP[4] defer: waiting 73 ms before discovery start
SETUP[4] defer: waiting 23 ms before discovery start
SETUP[4] begin: link=anchor-ctrl uuid=4DC6B8187E33803AE8601FB0D7992B96 conn=0x20004be8
SETUP[4] mtu_exchange rc=0
SETUP[4] phy_update rc=0
SETUP[4] conn_param_update rc=0
[AUTOPOS] DISC start[4]: link=anchor-ctrl uuid=4DC6B8187E33803AE8601FB0D7992B96 conn=0x20004be8
>>> autopos status @t=180
[AUTOPOS] AUTOPOS: mode=AUTOPOS state=failed staged=A last_success=- sets=5 error=anchor A promote failed rc=-116
[AUTOPOS] MTU exchange[4] failed (0)
[AUTOPOS] Anchor ctrl service not found[4]
[AUTOPOS] Disconnected[4]: F2:B7:4E:8A:79:01 (random) reason=0x08 link=anchor-ctrl ready=0
[AUTOPOS] SCAN start req: bt_ready=1 scan_running=0 connecting_slot=-1 conn_count=4 target=anchor prefix=ANCHOR-
[AUTOPOS] Scanning for ANCHOR-*
[AUTOPOS] SCAN hit: F2:B7:4E:8A:79:01 (random) rssi=-76 name=- bs=- uuid=4DC6B8187E33803AE8601FB0D7992B96 target=anchor uuid_ok=1 tag_name=0 anchor_name=0 nus=0 dfu=0 token=0 props=0x03
[AUTOPOS] CONNECT queue[4]: addr=F2:B7:4E:8A:79:01 (random) link=anchor-ctrl uuid=4DC6B8187E33803AE8601FB0D7992B96 target=anchor
[AUTOPOS] CONNECT pending[4]: addr_valid=1 link=anchor-ctrl uuid=4DC6B8187E33803AE8601FB0D7992B96 scan_running=1 conn_count=4
[AUTOPOS] CONNECT pending[4]: bt_le_scan_stop rc=0 scan_running=1
[AUTOPOS] CONNECT pending[4] rc=0 conn=0x20004be8
[AUTOPOS] Connected[4]: F2:B7:4E:8A:79:01 (random) name=- bs=-
[AUTOPOS] CONNECT state[4]: link=anchor-ctrl uuid=4DC6B8187E33803AE8601FB0D7992B96 ready=0 conn=0x20004be8
SETUP[4] defer: waiting 892 ms before discovery start
SETUP[4] defer: waiting 841 ms before discovery start
SETUP[4] defer: waiting 791 ms before discovery start
SETUP[4] defer: waiting 740 ms before discovery start
SETUP[4] defer: waiting 690 ms before discovery start
SETUP[4] defer: waiting 640 ms before discovery start
SETUP[4] defer: waiting 589 ms before discovery start
SETUP[4] defer: waiting 539 ms before discovery start
SETUP[4] defer: waiting 489 ms before discovery start
SETUP[4] defer: waiting 438 ms before discovery start
SETUP[4] defer: waiting 388 ms before discovery start
SETUP[4] defer: waiting 338 ms before discovery start
SETUP[4] defer: waiting 287 ms before discovery start
SETUP[4] defer: waiting 237 ms before discovery start
SETUP[4] defer: waiting 187 ms before discovery start
SETUP[4] defer: waiting 136 ms before discovery start
SETUP[4] defer: waiting 86 ms before discovery start
SETUP[4] defer: waiting 36 ms before discovery start
SETUP[4] begin: link=anchor-ctrl uuid=4DC6B8187E33803AE8601FB0D7992B96 conn=0x20004be8
SETUP[4] mtu_exchange rc=0
SETUP[4] phy_update rc=0
SETUP[4] conn_param_update rc=0
[AUTOPOS] DISC start[4]: link=anchor-ctrl uuid=4DC6B8187E33803AE8601FB0D7992B96 conn=0x20004be8
[AUTOPOS] MTU exchange[4] done (498)
[AUTOPOS] Conn param updated[4]: int=6 lat=0 to=400
[AUTOPOS] PHY updated[4]: tx=0x2 rx=0x2
[AUTOPOS] Disconnected[4]: F2:B7:4E:8A:79:01 (random) reason=0x08 link=anchor-ctrl ready=0
[AUTOPOS] SCAN start req: bt_ready=1 scan_running=0 connecting_slot=-1 conn_count=4 target=anchor prefix=ANCHOR-
[AUTOPOS] GATT discovery error[-1]: -12
[AUTOPOS] Scanning for ANCHOR-*
[AUTOPOS] SCAN hit: F2:B7:4E:8A:79:01 (random) rssi=-70 name=- bs=- uuid=4DC6B8187E33803AE8601FB0D7992B96 target=anchor uuid_ok=1 tag_name=0 anchor_name=0 nus=0 dfu=0 token=0 props=0x03
[AUTOPOS] CONNECT queue[4]: addr=F2:B7:4E:8A:79:01 (random) link=anchor-ctrl uuid=4DC6B8187E33803AE8601FB0D7992B96 target=anchor
[AUTOPOS] CONNECT pending[4]: addr_valid=1 link=anchor-ctrl uuid=4DC6B8187E33803AE8601FB0D7992B96 scan_running=1 conn_count=4
[AUTOPOS] CONNECT pending[4]: bt_le_scan_stop rc=0 scan_running=1
[AUTOPOS] CONNECT pending[4] rc=0 conn=0x20004be8
[AUTOPOS] Connected[4]: F2:B7:4E:8A:79:01 (random) name=- bs=-
[AUTOPOS] CONNECT state[4]: link=anchor-ctrl uuid=4DC6B8187E33803AE8601FB0D7992B96 ready=0 conn=0x20004be8
SETUP[4] defer: waiting 878 ms before discovery start
[AUTOPOS] Disconnected[4]: F2:B7:4E:8A:79:01 (random) reason=0x3e link=anchor-ctrl ready=0
[AUTOPOS] SCAN start req: bt_ready=1 scan_running=0 connecting_slot=-1 conn_count=4 target=anchor prefix=ANCHOR-
[AUTOPOS] Scanning for ANCHOR-*
[AUTOPOS] SCAN hit: F2:B7:4E:8A:79:01 (random) rssi=-70 name=- bs=- uuid=4DC6B8187E33803AE8601FB0D7992B96 target=anchor uuid_ok=1 tag_name=0 anchor_name=0 nus=0 dfu=0 token=0 props=0x03
[AUTOPOS] CONNECT queue[4]: addr=F2:B7:4E:8A:79:01 (random) link=anchor-ctrl uuid=4DC6B8187E33803AE8601FB0D7992B96 target=anchor
[AUTOPOS] CONNECT pending[4]: addr_valid=1 link=anchor-ctrl uuid=4DC6B8187E33803AE8601FB0D7992B96 scan_running=1 conn_count=4
[AUTOPOS] CONNECT pending[4]: bt_le_scan_stop rc=0 scan_running=1
[AUTOPOS] CONNECT pending[4] rc=0 conn=0x20004be8
[AUTOPOS] Connected[4]: F2:B7:4E:8A:79:01 (random) name=- bs=-
[AUTOPOS] CONNECT state[4]: link=anchor-ctrl uuid=4DC6B8187E33803AE8601FB0D7992B96 ready=0 conn=0x20004be8
SETUP[4] defer: waiting 880 ms before discovery start
SETUP[4] defer: waiting 830 ms before discovery start
SETUP[4] defer: waiting 779 ms before discovery start
SETUP[4] defer: waiting 729 ms before discovery start
SETUP[4] defer: waiting 679 ms before discovery start
SETUP[4] defer: waiting 628 ms before discovery start
SETUP[4] defer: waiting 578 ms before discovery start
SETUP[4] defer: waiting 528 ms before discovery start
SETUP[4] defer: waiting 477 ms before discovery start
SETUP[4] defer: waiting 427 ms before discovery start
SETUP[4] defer: waiting 377 ms before discovery start
SETUP[4] defer: waiting 326 ms before discovery start
SETUP[4] defer: waiting 276 ms before discovery start
SETUP[4] defer: waiting 226 ms before discovery start
SETUP[4] defer: waiting 175 ms before discovery start
SETUP[4] defer: waiting 125 ms before discovery start
SETUP[4] defer: waiting 75 ms before discovery start
SETUP[4] defer: waiting 24 ms before discovery start
SETUP[4] begin: link=anchor-ctrl uuid=4DC6B8187E33803AE8601FB0D7992B96 conn=0x20004be8
SETUP[4] mtu_exchange rc=0
SETUP[4] phy_update rc=0
SETUP[4] conn_param_update rc=0
[AUTOPOS] DISC start[4]: link=anchor-ctrl uuid=4DC6B8187E33803AE8601FB0D7992B96 conn=0x20004be8
[AUTOPOS] MTU exchange[4] done (498)
[AUTOPOS] Conn param updated[4]: int=6 lat=0 to=400
[AUTOPOS] PHY updated[4]: tx=0x2 rx=0x2
[AUTOPOS] DISC complete[4]: link=anchor-ctrl discovered_service=2800 uuid=4DC6B8187E33803AE8601FB0D7992B96
[AUTOPOS] DISC anchor service found[4]: uuid=4DC6B8187E33803AE8601FB0D7992B96
[AUTOPOS] Anchor ctrl state subscribe[4] rc=0
[AUTOPOS] Anchor ctrl result subscribe[4] rc=0
[AUTOPOS] ANCHOR_CTRL[4] link ready handle=0x0019 result=0x001b uuid=4DC6B8187E33803AE8601FB0D7992B96
[AUTOPOS] SCAN start req: bt_ready=1 scan_running=0 connecting_slot=-1 conn_count=5 target=anchor prefix=ANCHOR-
[AUTOPOS] Scanning for ANCHOR-*
[AUTOPOS] Conn param updated[4]: int=6 lat=0 to=400
