[HOST_EVT    0.00s] strict_preflight anchor_usb_policy=power_only anchor_observability_gate=disabled evidence=controller_uuid_restore_dfu
[HOST_EVT    0.00s] phase=A serial_opened port=/dev/serial/by-id/usb-BioSpur_BioSpur_BLE_Control_87EA2F4A526C5A02-if00
Disconnected: C0:1D:D1:D0:CE:B0 (random) reason 0x08
Scan restart suppressed (no active OTA session)
[HOST_CMD    7.69s] status
[OTA] Control status: mode=OTA pending=0
[HOST_EVT    7.69s] phase=A cleanup existing host OTA mode before new target session
[HOST_CMD    7.69s] mode recv
[OTA] UART requested: switching to RECV
OTA handoff: quiesce before mode switch
[OTA] Mode switch preflight: disconnect requests=0
[RECV] Control mode staged: RECV
[RECV] OTA target staged: token=-1 name=- prefix=- uuid=b9179575c776c98f1cb132dd6edc6223
[RECV] Control mode now RECV, rebooting
[HOST_EVT    8.82s] phase=A cleanup serial_reconnected port=/dev/serial/by-id/usb-BioSpur_BioSpur_BLE_Control_87EA2F4A526C5A02-if00
[HOST_EVT    9.60s] phase=A cleanup serial_reconnected port=/dev/serial/by-id/usb-BioSpur_BioSpur_BLE_Control_87EA2F4A526C5A02-if00
*** Booting nRF Connect SDK v2.8.0-a2386bfc8401 ***
*** Using Zephyr OS v3.7.99-0bc3393fb112 ***
[RECV] LED map: 1=AUTOPOS 2=RECV 3=OTA 4=FLOW
[RECV] Control mode loaded: RECV
[RECV] UART control ready: type 'status' or 'mode recv'/'mode ota'/'mode autopos'
[HOST_CMD    9.70s] status
[HOST_CMD    9.70s] device kind anchor
[HOST_CMD    9.70s] device show
[HOST_CMD    9.71s] status
[RECV] OTA target restored: token=-1 name=- prefix=- uuid=b9179575c776c98f1cb132dd6edc6223
OTA_STATE:target_configured detail=token
OTA NUS stage: disabled
[HOST_EVT    9.71s] phase=A ota_nus_disabled
[RECV] Boot profile neutral: no role-specific auto target
OTA target filter: token=-1 name=- prefix=- uuid=B9179575C776C98F1CB132DD6EDC6223
[HOST_EVT    9.71s] phase=A filter_readback uuid=B9179575C776C98F1CB132DD6EDC6223
[RECV] BioSpur BLE master control ready on nrf5340dk/nrf5340/cpuapp
[RECV] BTN1 toggles RECV/OTA, BTN2 forces OTA mode, BTN3=SCAN, BTN4=CONN&START
[RECV] Commands: status | mode recv | mode ota | mode autopos | scan | conn | initiate
[RECV] OTA runtime cmds: ota_reset | ota show | ota version
[RECV] Runtime NUS cmds: cmd <raw> | cmd_all <raw> | oneshot <raw> | oneshot show | oneshot clear
[RECV] Tag layout cmds: APOS <id> <x_mm> <y_mm> <z_mm> | APOS_T[RECV] Control status: mode=RECV pending=0
[RECV] Control status: mode=RECV pending=0
[HOST_CMD   11.71s] device kind anchor
[HOST_CMD   11.71s] device show
[HOST_CMD   11.71s] status
[HOST_EVT   11.71s] phase=A retry_anchor_kind
[RECV] One-shot NUS command cleared (runtime)
OTA NUS stage: disabled
[HOST_EVT   11.71s] phase=A ota_nus_disabled
[RECV] Mode switch preflight: disconnect requests=0
[RECV] device kind set: anchor (OTA target defaults reset, no BS prefix)
[RECV] Master discovery mode: CONN & START
[RECV] Peer clear wait: waited=0 conn_count=0 ready_count=0
[RECV] SCAN start req: bt_ready=1 scan_running=0 connecting_slot=-1 conn_count=0 target=anchor prefix=ANCHOR-
[RECV] Scanning for ANCHOR-*
[RECV] System target: kind=anchor caps=0x0b (config=1 ota=1 stream=0 status=1)
[HOST_EVT   11.97s] phase=A system_target_anchor
[HOST_CMD   11.97s] ota_target uuid CEE5A7EFCB35F8A56B430047629F5309
[HOST_CMD   11.97s] ota_target show
[HOST_EVT   11.97s] phase=A anchor_ready_uuid_write
OTA target filter: token=-1 name=- prefix=- uuid=-
[HOST_EVT   11.97s] phase=A filter_readback uuid=-
[RECV] Control status: mode=RECV pending=0
[RECV] ota_target uuid rc=0 value=cee5a7efcb35f8a56b430047629f5309
[HOST_EVT   11.97s] phase=A uuid_ack_ok
OTA target filter: token=-1 name=- prefix=- uuid=CEE5A7EFCB35F8A56B430047629F5309
[HOST_EVT   11.97s] phase=A filter_readback uuid=CEE5A7EFCB35F8A56B430047629F5309
[HOST_CMD   11.97s] conn
[HOST_CMD   11.97s] status
OTA target filter: token=-1 name=- prefix=- uuid=CEE5A7EFCB35F8A56B430047629F5309
[RECV] Master discovery mode: CONN & START
[RECV] SCAN start req: bt_ready=1 scan_running=0 connecting_slot=-1 conn_count=0 target=anchor prefix=ANCHOR-
[RECV] Scanning for ANCHOR-*
[RECV] Control status: mode=RECV pending=0
[RECV] SCAN hit: FD:64:2E:93:37:86 (random) rssi=-59 name=- bs=- uuid=CEE5A7EFCB35F8A56B430047629F5309 target=anchor uuid_ok=1 tag_name=0 anchor_name=0 nus=0 dfu=0 token=0 props=0x03
[RECV] CONNECT queue[0]: addr=FD:64:2E:93:37:86 (random) link=anchor-ctrl uuid=CEE5A7EFCB35F8A56B430047629F5309 target=anchor
[RECV] CONNECT pending[0]: addr_valid=1 link=anchor-ctrl uuid=CEE5A7EFCB35F8A56B430047629F5309 scan_running=1 conn_count=0
[RECV] CONNECT pending[0]: bt_le_scan_stop rc=0 scan_running=1
[RECV] CONNECT pending[0] rc=0 conn=0x200048a8
[RECV] Connected[0]: FD:64:2E:93:37:86 (random) name=- bs=-
[RECV] CONNECT state[0]: link=anchor-ctrl uuid=CEE5A7EFCB35F8A56B430047629F5309 ready=0 conn=0x200048a8
SETUP[0] defer: waiting 890 ms before discovery start
SETUP[0] defer: waiting 840 ms before discovery start
SETUP[0] defer: waiting 789 ms before discovery start
SETUP[0] defer: waiting 739 ms before discovery start
SETUP[0] defer: waiting 689 ms before discovery start
SETUP[0] defer: waiting 638 ms before discovery start
SETUP[0] defer: waiting 588 ms before discovery start
SETUP[0] defer: waiting 538 ms before discovery start
SETUP[0] defer: waiting 487 ms before discovery start
SETUP[0] defer: waiting 437 ms before discovery start
SETUP[0] defer: waiting 387 ms before discovery start
SETUP[0] defer: waiting 336 ms before discovery start
SETUP[0] defer: waiting 286 ms before discovery start
SETUP[0] defer: waiting 235 ms before discovery start
SETUP[0] defer: waiting 185 ms before discovery start
SETUP[0] defer: waiting 135 ms before discovery start
SETUP[0] defer: waiting 84 ms before discovery start
SETUP[0] defer: waiting 34 ms before discovery start
SETUP[0] begin: link=anchor-ctrl uuid=CEE5A7EFCB35F8A56B430047629F5309 conn=0x200048a8
SETUP[0] mtu_exchange rc=0
SETUP[0] phy_update rc=0
SETUP[0] conn_param_update rc=0
[RECV] DISC start[0]: link=anchor-ctrl uuid=CEE5A7EFCB35F8A56B430047629F5309 conn=0x200048a8
[RECV] MTU exchange[0] done (498)
[RECV] Conn param updated[0]: int=6 lat=0 to=400
[RECV] PHY updated[0]: tx=0x2 rx=0x2
[RECV] DISC complete[0]: link=anchor-ctrl discovered_service=2800 uuid=CEE5A7EFCB35F8A56B430047629F5309
[RECV] DISC anchor service found[0]: uuid=CEE5A7EFCB35F8A56B430047629F5309
[RECV] Anchor ctrl state subscribe[0] rc=0
[RECV] Anchor ctrl result subscribe[0] rc=0
[RECV] ANCHOR_CTRL[0] link ready handle=0x0019 result=0x001b uuid=CEE5A7EFCB35F8A56B430047629F5309
[HOST_EVT   13.64s] phase=A anchor_ctrl_target_ready uuid=CEE5A7EFCB35F8A56B430047629F5309
[HOST_CMD   13.64s] cmd DFU
[RECV] SCAN start req: bt_ready=1 scan_running=0 connecting_slot=-1 conn_count=1 target=anchor prefix=ANCHOR-
[RECV] Scanning for ANCHOR-*
[RECV] Anchor ctrl sent[0]: DFU uuid=CEE5A7EFCB35F8A56B430047629F5309
[RECV] cmd rc=1 payload=DFU
[HOST_EVT   13.64s] phase=A anchor_dfu_cmd_not_target_yet; retrying
[HOST_CMD   13.84s] cmd DFU
[RECV] ANCHOR_CTRL[0] notify: OK DFU_READY
[HOST_EVT   13.84s] phase=A anchor_dfu_requested
[HOST_CMD   13.94s] mode ota
[RECV] Anchor ctrl sent[0]: DFU uuid=CEE5A7EFCB35F8A56B430047629F5309
[RECV] cmd rc=1 payload=DFU
[RECV] ANCHOR_CTRL[0] notify: OK DFU_REQUESTED
[RECV] MODE_TRANSITION: request RECV->OTA (pre-gate)
[RECV] RECV_BG gate: SUPPRESS reason=request_to_ota
[RECV] UART requested: switching to OTA
[RECV] MODE_TRANSITION: RECV->OTA transition_active=1
[RECV] Master disconnecting peer[0]: bs=BS0000
[RECV] Mode switch preflight: disconnect requests=1
[OTA] Control mode staged: OTA
[OTA] OTA target staged: token=-1 name=- prefix=- uuid=cee5a7efcb35f8a56b430047629f5309
[OTA] Control mode now OTA, rebooting
[HOST_EVT   15.37s] phase=A serial_disconnect_expected err=device reports readiness to read but returned no data (device disconnected or multiple access on port?)
[HOST_EVT   15.77s] phase=B serial_reconnected port=/dev/serial/by-id/usb-BioSpur_BioSpur_BLE_Control_87EA2F4A526C5A02-if00
[HOST_CMD   15.77s] status
[HOST_CMD   15.77s] ota_target show
*** Booting nRF Connect SDK v2.8.0-a2386bfc8401 ***
*** Using Zephyr OS v3.7.99-0bc3393fb112 ***
[RECV] LED map: 1=AUTOPOS 2=RECV 3=OTA 4=FLOW
[OTA] Control mode loaded: OTA
[OTA] UART control ready: type 'status' or 'mode recv'/'mode ota'/'mode autopos'
[OTA] OTA target restored: token=-1 name=- prefix=- uuid=cee5a7efcb35f8a56b430047629f5309
OTA_STATE:target_configured detail=token
OTA NUS stage: disabled
[OTA] Boot profile neutral skipped: OTA mode active
OTA target filter: token=-1 name=- prefix=- uuid=CEE5A7EFCB35F8A56B430047629F5309
[HOST_CMD   15.87s] initiate
[OTA] BioSpur BLE master control ready on nrf5340dk/nrf5340/cpuapp
[OTA] BTN1 toggles RECV/OTA, BTN2 forces OTA mode, BTN3=SCAN, BTN4=CONN&START
[OTA] Commands: status | mode recv | mode ota | mode autopos | scan | conn | initiate
[OTA] OTA runtime cmds: ota_reset | ota show | ota version
[OTA] Runtime NUS cmds: cmd <raw> | cmd_all <raw> | oneshot <raw> | oneshot show | oneshot clear
[OTA] Tag layout cmds: APOS <id> <x_mm> <y_mm> <z_mm> | APOS_TO <BSxxxx> APOS.OTA initiate: disconnect requests=0
OTA_STATE:connect_pending detail=initiate
OTA session acquired: reason=initiate
OTA initiate: scan restarted (passive), armed=1
[OTA] initiate rc=0
Scan reject: E9:CB:F3:C4:51:43 (random) reason=uuid_mismatch got=840C68591E90019821AACFF1B73AAA34 want=CEE5A7EFCB35F8A56B430047629F5309
OTA_STATE:target_rejected detail=uuid_mismatch
Scan reject: DE:49:E3:D0:E4:E8 (random) reason=uuid_mismatch got=F3BB7A04104F9CB8561DDDACB9E53714 want=CEE5A7EFCB35F8A56B430047629F5309
Scan eval: FD:64:2E:93:37:86 (random) conn=1 token=83 uuid=CEE5A7EFCB35F8A56B430047629F5309 name=- bs=- name_ok=1 token_ok=1 uuid_ok=1 strict_id=1
Scan decision: FD:64:2E:93:37:86 (random) accept=1 default_conn=0 target_name=- target_token=-1 target_uuid=CEE5A7EFCB35F8A56B430047629F5309
Connect start: FD:64:2E:93:37:86 (random) token=83 name=- bs=-
OTA_STATE:connect_pending detail=bt_conn_le_create
Connected: FD:64:2E:93:37:86 (random)
Connected target evidence: verified=1 uuid=CEE5A7EFCB35F8A56B430047629F5309 name=- token=83
OTA_STATE:connected_verified detail=connected
OTA watchdog armed: wait_dfu_ready timeout=2500 ms uuid=CEE5A7EFCB35F8A56B430047629F5309 conn=0x200048a8
Connected MTU: 23
Conn LE params: int=6 lat=0 timeout=400
PHY update request rc=0
Conn param update request rc=0
Security OTA: skip L2 upgrade, use current link level
MTU exchange done, mtu=498
OTA watchdog cancel: reason=dfu_ready
DFU SMP service ready
DFU handles: smp=0x001f ccc=0x0020
OTA start gate: mtu=498 conn=0x200048a8
OTA upload gate probe: attempt=1/5
OTA image state read request
OTA send: op=0 len=1 group=0x0001 cmd=0x00 seq=1
OTA first-frame raw: transport=write_req handle=0x001f total=9 hdr_op=0 hdr_flags=0x00 hdr_len=1 hdr_group=0x0001 hdr_id=0x00 hdr_seq=1 raw=0000000100010100a0
OTA SMP subscribe cb: conn=0x200048a8 err=0 value_handle=0x001f ccc=0x0020
OTA SMP subscribe ok: rc=0 smp=0x001f ccc=0x0020
OTA command issued(write_req): rc=0 tx_len=9 smp=0x001f ccc=0x0020 sec=1
OTA tx inflight: t=3199 conn=0x200048a8 grp=0x0001 cmd=0x00 seq=1 len=1
OTA rsp part: t=3219 conn=0x200048a8 grp=0x0001 cmd=0x00 seq=1 off=0 chunk=256 acc=256 total=256
OTA rx complete: t=3220 dt=21 conn=0x200048a8 grp=0x0001 cmd=0x00 seq=1 rsp_len=256
OTA command done: group=0x0001 cmd=0x00 status=0 off=0
OTA IMG_STATE rsp: status=0 payload=248 bytes
OTA IMG_STATE rsp bytes: bf 66 69 6d 61 67 65 73 9f bf 64 73 6c 6f 74 00 67 76 65 72 73 69 6f 6e 67 30 2e 30 2e 31 2e 31 64 68 61 73 68 58 20 02 c5 e1 f6 78 52 e1 be b9 65 ce 46 e4 27 81 89 a5 82 9b 62 c5 70 25 c9 27 7d e2 53 b9 f2 81 22 68 62 6f 6f 74 61 62 6c 65 f5 67 70 65 6e 64 69 6e 67 f4 69 63 6f 6e 66 69 72 6d 65 64 f5 66 61 63 74 69 76 65 f5 69 70 65 72 6d 61 6e 65 6e 74 f4 ff bf 64 73 6c 6f 74 01 67 76 65 72 73 69 6f 6e 67 30 2e 30 2e 31 2e 31 64 68 61 73 68 58 20 f6 2b ce f0 44 e6 9a 54 7e e8 0e 73 6f 85 7a 3f f5 73 12 19 c4 9f 2d d8 80 66 68 6b 21 80 fb b0 68 62 6f 6f 74 61 62 6c 65 f5 67 70 65 6e 64 69 6e 67 f4 69 63 6f 6e 66 69 72 6d 65 64 f4 66 61 63 74 69 76 65 f4 69 70 65 72 6d 61 6e 65 6e 74 f4 ff ff 6b 73 70 6c 69 74 53 74 61 74 75 73 00 ff
OTA upload gate open: attempt=1
OTA_STATE:ota_uploading detail=start
OTA prime echo request
OTA prime payload len=8 bytes:a161646470696e67
OTA send: op=2 len=8 group=0x0000 cmd=0x00 seq=2
OTA command issued(write_cmd): rc=0 tx_len=16 smp=0x001f ccc=0x0020 sec=1
OTA tx inflight: t=3229 conn=0x200048a8 grp=0x0000 cmd=0x00 seq=2 len=8
OTA rsp part: t=3252 conn=0x200048a8 grp=0x0000 cmd=0x00 seq=2 off=0 chunk=17 acc=17 total=17
OTA rx complete: t=3252 dt=23 conn=0x200048a8 grp=0x0000 cmd=0x00 seq=2 rsp_len=17
OTA command done: group=0x0000 cmd=0x00 status=0 off=0
OTA erase secondary slot request
OTA send: op=2 len=7 group=0x0001 cmd=0x05 seq=3
OTA command issued(write_cmd): rc=0 tx_len=15 smp=0x001f ccc=0x0020 sec=1
OTA tx inflight: t=3254 conn=0x200048a8 grp=0x0001 cmd=0x05 seq=3 len=7
OTA rsp part: t=3477 conn=0x200048a8 grp=0x0001 cmd=0x05 seq=3 off=0 chunk=10 acc=10 total=10
OTA rx complete: t=3477 dt=223 conn=0x200048a8 grp=0x0001 cmd=0x05 seq=3 rsp_len=10
OTA command done: group=0x0001 cmd=0x05 status=0 off=0
OTA upload starting: image_len=170296 bytes
OTA upload progress: 0% (0/170296 bytes)
OTA chunk downshift: off=0 requested=448 actual=224 mtu=498
OTA upload progress: 0% (224/170296 bytes)
OTA first IMG_UPLOAD tx prep: t=3479 conn=0x200048a8 uuid=CEE5A7EFCB35F8A56B430047629F5309 off=0 chunk=224
OTA send: op=2 len=291 group=0x0001 cmd=0x01 seq=4
OTA command issued(write_cmd): rc=0 tx_len=299 smp=0x001f ccc=0x0020 sec=1
OTA tx inflight: t=3481 conn=0x200048a8 grp=0x0001 cmd=0x01 seq=4 len=291
OTA rsp part: t=3567 conn=0x200048a8 grp=0x0001 cmd=0x01 seq=4 off=0 chunk=16 acc=16 total=16
OTA rx complete: t=3567 dt=86 conn=0x200048a8 grp=0x0001 cmd=0x01 seq=4 rsp_len=16
OTA send: op=2 len=470 group=0x0001 cmd=0x01 seq=5
OTA command issued(write_cmd): rc=0 tx_len=478 smp=0x001f ccc=0x0020 sec=1
OTA tx inflight: t=3569 conn=0x200048a8 grp=0x0001 cmd=0x01 seq=5 len=470
OTA rsp part: t=3634 conn=0x200048a8 grp=0x0001 cmd=0x01 seq=5 off=0 chunk=17 acc=17 total=17
OTA rx complete: t=3635 dt=66 conn=0x200048a8 grp=0x0001 cmd=0x01 seq=5 rsp_len=17
OTA send: op=2 len=471 group=0x0001 cmd=0x01 seq=6
OTA command issued(write_cmd): rc=0 tx_len=479 smp=0x001f ccc=0x0020 sec=1
OTA tx inflight: t=3636 conn=0x200048a8 grp=0x0001 cmd=0x01 seq=6 len=471
OTA rsp part: t=3702 conn=0x200048a8 grp=0x0001 cmd=0x01 seq=6 off=0 chunk=17 acc=17 total=17
OTA rx complete: t=3702 dt=66 conn=0x200048a8 grp=0x0001 cmd=0x01 seq=6 rsp_len=17
OTA send: op=2 len=471 group=0x0001 cmd=0x01 seq=7
OTA command issued(write_cmd): rc=0 tx_len=479 smp=0x001f ccc=0x0020 sec=1
OTA tx inflight: t=3704 conn=0x200048a8 grp=0x0001 cmd=0x01 seq=7 len=471
OTA rsp part: t=3769 conn=0x200048a8 grp=0x0001 cmd=0x01 seq=7 off=0 chunk=17 acc=17 total=17
OTA rx complete: t=3770 dt=66 conn=0x200048a8 grp=0x0001 cmd=0x01 seq=7 rsp_len=17
OTA upload progress: 1% (2016/170296 bytes)
OTA send: op=2 len=471 group=0x0001 cmd=0x01 seq=8
OTA command issued(write_cmd): rc=0 tx_len=479 smp=0x001f ccc=0x0020 sec=1
OTA tx inflight: t=3772 conn=0x200048a8 grp=0x0001 cmd=0x01 seq=8 len=471
OTA rsp part: t=3822 conn=0x200048a8 grp=0x0001 cmd=0x01 seq=8 off=0 chunk=17 acc=17 total=17
OTA rx complete: t=3822 dt=50 conn=0x200048a8 grp=0x0001 cmd=0x01 seq=8 rsp_len=17
OTA send: op=2 len=471 group=0x0001 cmd=0x01 seq=9
OTA command issued(write_cmd): rc=0 tx_len=479 smp=0x001f ccc=0x0020 sec=1
OTA tx inflight: t=3824 conn=0x200048a8 grp=0x0001 cmd=0x01 seq=9 len=471
OTA rsp part: t=3889 conn=0x200048a8 grp=0x0001 cmd=0x01 seq=9 off=0 chunk=17 acc=17 total=17
OTA rx complete: t=3890 dt=66 conn=0x200048a8 grp=0x0001 cmd=0x01 seq=9 rsp_len=17
OTA send: op=2 len=471 group=0x0001 cmd=0x01 seq=10
OTA command issued(write_cmd): rc=0 tx_len=479 smp=0x001f ccc=0x0020 sec=1
OTA tx inflight: t=3891 conn=0x200048a8 grp=0x0001 cmd=0x01 seq=10 len=471
OTA rsp part: t=3957 conn=0x200048a8 grp=0x0001 cmd=0x01 seq=10 off=0 chunk=17 acc=17 total=17
OTA rx complete: t=3957 dt=66 conn=0x200048a8 grp=0x0001 cmd=0x01 seq=10 rsp_len=17
OTA send: op=2 len=471 group=0x0001 cmd=0x01 seq=11
OTA command issued(write_cmd): rc=0 tx_len=479 smp=0x001f ccc=0x0020 sec=1
OTA tx inflight: t=3959 conn=0x200048a8 grp=0x0001 cmd=0x01 seq=11 len=471
OTA rsp part: t=4024 conn=0x200048a8 grp=0x0001 cmd=0x01 seq=11 off=0 chunk=17 acc=17 total=17
OTA rx complete: t=4025 dt=66 conn=0x200048a8 grp=0x0001 cmd=0x01 seq=11 rsp_len=17
OTA upload progress: 2% (3808/170296 bytes)
OTA send: op=2 len=471 group=0x0001 cmd=0x01 seq=12
OTA command issued(write_cmd): rc=0 tx_len=479 smp=0x001f ccc=0x0020 sec=1
OTA tx inflight: t=4027 conn=0x200048a8 grp=0x0001 cmd=0x01 seq=12 len=471
OTA rsp part: t=4107 conn=0x200048a8 grp=0x0001 cmd=0x01 seq=12 off=0 chunk=17 acc=17 total=17
OTA rx complete: t=4107 dt=80 conn=0x200048a8 grp=0x0001 cmd=0x01 seq=12 rsp_len=17
OTA send: op=2 len=471 group=0x0001 cmd=0x01 seq=13
OTA command issued(write_cmd): rc=0 tx_len=479 smp=0x001f ccc=0x0020 sec=1
OTA tx inflight: t=4109 conn=0x200048a8 grp=0x0001 cmd=0x01 seq=13 len=471
OTA rsp part: t=4174 conn=0x200048a8 grp=0x0001 cmd=0x01 seq=13 off=0 chunk=17 acc=17 total=17
OTA rx complete: t=4175 dt=66 conn=0x200048a8 grp=0x0001 cmd=0x01 seq=13 rsp_len=17
OTA send: op=2 len=471 group=0x0001 cmd=0x01 seq=14
OTA command issued(write_cmd): rc=0 tx_len=479 smp=0x001f ccc=0x0020 sec=1
OTA tx inflight: t=4176 conn=0x200048a8 grp=0x0001 cmd=0x01 seq=14 len=471
OTA rsp part: t=4242 conn=0x200048a8 grp=0x0001 cmd=0x01 seq=14 off=0 chunk=17 acc=17 total=17
OTA rx complete: t=4242 dt=66 conn=0x200048a8 grp=0x0001 cmd=0x01 seq=14 rsp_len=17
OTA upload progress: 3% (5152/170296 bytes)
OTA send: op=2 len=471 group=0x0001 cmd=0x01 seq=15
OTA command issued(write_cmd): rc=0 tx_len=479 smp=0x001f ccc=0x0020 sec=1
OTA tx inflight: t=4244 conn=0x200048a8 grp=0x0001 cmd=0x01 seq=15 len=471
OTA rsp part: t=4309 conn=0x200048a8 grp=0x0001 cmd=0x01 seq=15 off=0 chunk=17 acc=17 total=17
OTA rx complete: t=4310 dt=66 conn=0x200048a8 grp=0x0001 cmd=0x01 seq=15 rsp_len=17
OTA send: op=2 len=471 group=0x0001 cmd=0x01 seq=16
OTA command issued(write_cmd): rc=0 tx_len=479 smp=0x001f ccc=0x0020 sec=1
OTA tx inflight: t=4311 conn=0x200048a8 grp=0x0001 cmd=0x01 seq=16 len=471
OTA rsp part: t=4362 conn=0x200048a8 grp=0x0001 cmd=0x01 seq=16 off=0 chunk=17 acc=17 total=17
OTA rx complete: t=4362 dt=51 conn=0x200048a8 grp=0x0001 cmd=0x01 seq=16 rsp_len=17
OTA send: op=2 len=471 group=0x0001 cmd=0x01 seq=17
OTA command issued(write_cmd): rc=0 tx_len=479 smp=0x001f ccc=0x0020 sec=1
OTA tx inflight: t=4364 conn=0x200048a8 grp=0x0001 cmd=0x01 seq=17 len=471
OTA rsp part: t=4429 conn=0x200048a8 grp=0x0001 cmd=0x01 seq=17 off=0 chunk=17 acc=17 total=17
OTA rx complete: t=4430 dt=66 conn=0x200048a8 grp=0x0001 cmd=0x01 seq=17 rsp_len=17
OTA send: op=2 len=471 group=0x0001 cmd=0x01 seq=18
OTA command issued(write_cmd): rc=0 tx_len=479 smp=0x001f ccc=0x0020 sec=1
OTA tx inflight: t=4431 conn=0x200048a8 grp=0x0001 cmd=0x01 seq=18 len=471
OTA rsp part: t=4497 conn=0x200048a8 grp=0x0001 cmd=0x01 seq=18 off=0 chunk=17 acc=17 total=17
OTA rx complete: t=4497 dt=66 conn=0x200048a8 grp=0x0001 cmd=0x01 seq=18 rsp_len=17
OTA upload progress: 4% (6944/170296 bytes)
OTA send: op=2 len=471 group=0x0001 cmd=0x01 seq=19
OTA command issued(write_cmd): rc=0 tx_len=479 smp=0x001f ccc=0x0020 sec=1
OTA tx inflight: t=4499 conn=0x200048a8 grp=0x0001 cmd=0x01 seq=19 len=471
OTA rsp part: t=4564 conn=0x200048a8 grp=0x0001 cmd=0x01 seq=19 off=0 chunk=17 acc=17 total=17
OTA rx complete: t=4565 dt=66 conn=0x200048a8 grp=0x0001 cmd=0x01 seq=19 rsp_len=17
OTA send: op=2 len=471 group=0x0001 cmd=0x01 seq=20
OTA command issued(write_cmd): rc=0 tx_len=479 smp=0x001f ccc=0x0020 sec=1
OTA tx inflight: t=4566 conn=0x200048a8 grp=0x0001 cmd=0x01 seq=20 len=471
OTA rsp part: t=4632 conn=0x200048a8 grp=0x0001 cmd=0x01 seq=20 off=0 chunk=17 acc=17 total=17
OTA rx complete: t=4632 dt=66 conn=0x200048a8 grp=0x0001 cmd=0x01 seq=20 rsp_len=17
OTA send: op=2 len=471 group=0x0001 cmd=0x01 seq=21
OTA command issued(write_cmd): rc=0 tx_len=479 smp=0x001f ccc=0x0020 sec=1
OTA tx inflight: t=4634 conn=0x200048a8 grp=0x0001 cmd=0x01 seq=21 len=471
OTA rsp part: t=4699 conn=0x200048a8 grp=0x0001 cmd=0x01 seq=21 off=0 chunk=17 acc=17 total=17
OTA rx complete: t=4700 dt=66 conn=0x200048a8 grp=0x0001 cmd=0x01 seq=21 rsp_len=17
OTA send: op=2 len=471 group=0x0001 cmd=0x01 seq=22
OTA command issued(write_cmd): rc=0 tx_len=479 smp=0x001f ccc=0x0020 sec=1
OTA tx inflight: t=4701 conn=0x200048a8 grp=0x0001 cmd=0x01 seq=22 len=471
OTA rsp part: t=4767 conn=0x200048a8 grp=0x0001 cmd=0x01 seq=22 off=0 chunk=17 acc=17 total=17
OTA rx complete: t=4767 dt=66 conn=0x200048a8 grp=0x0001 cmd=0x01 seq=22 rsp_len=17
OTA upload progress: 5% (8736/170296 bytes)
OTA send: op=2 len=471 group=0x0001 cmd=0x01 seq=23
OTA command issued(write_cmd): rc=0 tx_len=479 smp=0x001f ccc=0x0020 sec=1
OTA tx inflight: t=4769 conn=0x200048a8 grp=0x0001 cmd=0x01 seq=23 len=471
OTA rsp part: t=4834 conn=0x200048a8 grp=0x0001 cmd=0x01 seq=23 off=0 chunk=17 acc=17 total=17
OTA rx complete: t=4835 dt=66 conn=0x200048a8 grp=0x0001 cmd=0x01 seq=23 rsp_len=17
OTA send: op=2 len=471 group=0x0001 cmd=0x01 seq=24
OTA command issued(write_cmd): rc=0 tx_len=479 smp=0x001f ccc=0x0020 sec=1
OTA tx inflight: t=4836 conn=0x200048a8 grp=0x0001 cmd=0x01 seq=24 len=471
OTA rsp part: t=4887 conn=0x200048a8 grp=0x0001 cmd=0x01 seq=24 off=0 chunk=17 acc=17 total=17
OTA rx complete: t=4887 dt=51 conn=0x200048a8 grp=0x0001 cmd=0x01 seq=24 rsp_len=17
OTA send: op=2 len=471 group=0x0001 cmd=0x01 seq=25
OTA command issued(write_cmd): rc=0 tx_len=479 smp=0x001f ccc=0x0020 sec=1
OTA tx inflight: t=4889 conn=0x200048a8 grp=0x0001 cmd=0x01 seq=25 len=471
OTA rsp part: t=4954 conn=0x200048a8 grp=0x0001 cmd=0x01 seq=25 off=0 chunk=17 acc=17 total=17
OTA rx complete: t=4955 dt=66 conn=0x200048a8 grp=0x0001 cmd=0x01 seq=25 rsp_len=17
OTA send: op=2 len=471 group=0x0001 cmd=0x01 seq=26
OTA command issued(write_cmd): rc=0 tx_len=479 smp=0x001f ccc=0x0020 sec=1
OTA tx inflight: t=4956 conn=0x200048a8 grp=0x0001 cmd=0x01 seq=26 len=471
OTA rsp part: t=5022 conn=0x200048a8 grp=0x0001 cmd=0x01 seq=26 off=0 chunk=17 acc=17 total=17
OTA rx complete: t=5022 dt=66 conn=0x200048a8 grp=0x0001 cmd=0x01 seq=26 rsp_len=17
OTA upload progress: 6% (10528/170296 bytes)
OTA send: op=2 len=471 group=0x0001 cmd=0x01 seq=27
OTA command issued(write_cmd): rc=0 tx_len=479 smp=0x001f ccc=0x0020 sec=1
OTA tx inflight: t=5024 conn=0x200048a8 grp=0x0001 cmd=0x01 seq=27 len=471
OTA rsp part: t=5089 conn=0x200048a8 grp=0x0001 cmd=0x01 seq=27 off=0 chunk=17 acc=17 total=17
OTA rx complete: t=5090 dt=66 conn=0x200048a8 grp=0x0001 cmd=0x01 seq=27 rsp_len=17
OTA send: op=2 len=471 group=0x0001 cmd=0x01 seq=28
OTA command issued(write_cmd): rc=0 tx_len=479 smp=0x001f ccc=0x0020 sec=1
OTA tx inflight: t=5091 conn=0x200048a8 grp=0x0001 cmd=0x01 seq=28 len=471
OTA rsp part: t=5157 conn=0x200048a8 grp=0x0001 cmd=0x01 seq=28 off=0 chunk=17 acc=17 total=17
OTA rx complete: t=5157 dt=66 conn=0x200048a8 grp=0x0001 cmd=0x01 seq=28 rsp_len=17
OTA send: op=2 len=471 group=0x0001 cmd=0x01 seq=29
OTA command issued(write_cmd): rc=0 tx_len=479 smp=0x001f ccc=0x0020 sec=1
OTA tx inflight: t=5159 conn=0x200048a8 grp=0x0001 cmd=0x01 seq=29 len=471
OTA rsp part: t=5224 conn=0x200048a8 grp=0x0001 cmd=0x01 seq=29 off=0 chunk=17 acc=17 total=17
OTA rx complete: t=5225 dt=66 conn=0x200048a8 grp=0x0001 cmd=0x01 seq=29 rsp_len=17
OTA send: op=2 len=471 group=0x0001 cmd=0x01 seq=30
OTA command issued(write_cmd): rc=0 tx_len=479 smp=0x001f ccc=0x0020 sec=1
OTA tx inflight: t=5226 conn=0x200048a8 grp=0x0001 cmd=0x01 seq=30 len=471
OTA rsp part: t=5292 conn=0x200048a8 grp=0x0001 cmd=0x01 seq=30 off=0 chunk=17 acc=17 total=17
OTA rx complete: t=5292 dt=66 conn=0x200048a8 grp=0x0001 cmd=0x01 seq=30 rsp_len=17
OTA upload progress: 7% (12320/170296 bytes)
OTA send: op=2 len=471 group=0x0001 cmd=0x01 seq=31
OTA command issued(write_cmd): rc=0 tx_len=479 smp=0x001f ccc=0x0020 sec=1
OTA tx inflight: t=5294 conn=0x200048a8 grp=0x0001 cmd=0x01 seq=31 len=471
OTA rsp part: t=5374 conn=0x200048a8 grp=0x0001 cmd=0x01 seq=31 off=0 chunk=17 acc=17 total=17
OTA rx complete: t=5375 dt=81 conn=0x200048a8 grp=0x0001 cmd=0x01 seq=31 rsp_len=17
OTA send: op=2 len=471 group=0x0001 cmd=0x01 seq=32
OTA command issued(write_cmd): rc=0 tx_len=479 smp=0x001f ccc=0x0020 sec=1
OTA tx inflight: t=5376 conn=0x200048a8 grp=0x0001 cmd=0x01 seq=32 len=471
OTA rsp part: t=5427 conn=0x200048a8 grp=0x0001 cmd=0x01 seq=32 off=0 chunk=17 acc=17 total=17
OTA rx complete: t=5427 dt=51 conn=0x200048a8 grp=0x0001 cmd=0x01 seq=32 rsp_len=17
OTA send: op=2 len=471 group=0x0001 cmd=0x01 seq=33
OTA command issued(write_cmd): rc=0 tx_len=479 smp=0x001f ccc=0x0020 sec=1
OTA tx inflight: t=5429 conn=0x200048a8 grp=0x0001 cmd=0x01 seq=33 len=471
OTA rsp part: t=5494 conn=0x200048a8 grp=0x0001 cmd=0x01 seq=33 off=0 chunk=17 acc=17 total=17
OTA rx complete: t=5495 dt=66 conn=0x200048a8 grp=0x0001 cmd=0x01 seq=33 rsp_len=17
OTA upload progress: 8% (13664/170296 bytes)
OTA send: op=2 len=471 group=0x0001 cmd=0x01 seq=34
OTA command issued(write_cmd): rc=0 tx_len=479 smp=0x001f ccc=0x0020 sec=1
OTA tx inflight: t=5497 conn=0x200048a8 grp=0x0001 cmd=0x01 seq=34 len=471
OTA rsp part: t=5562 conn=0x200048a8 grp=0x0001 cmd=0x01 seq=34 off=0 chunk=17 acc=17 total=17
OTA rx complete: t=5562 dt=65 conn=0x200048a8 grp=0x0001 cmd=0x01 seq=34 rsp_len=17
OTA send: op=2 len=471 group=0x0001 cmd=0x01 seq=35
OTA command issued(write_cmd): rc=0 tx_len=479 smp=0x001f ccc=0x0020 sec=1
OTA tx inflight: t=5564 conn=0x200048a8 grp=0x0001 cmd=0x01 seq=35 len=471
OTA rsp part: t=5629 conn=0x200048a8 grp=0x0001 cmd=0x01 seq=35 off=0 chunk=17 acc=17 total=17
OTA rx complete: t=5630 dt=66 conn=0x200048a8 grp=0x0001 cmd=0x01 seq=35 rsp_len=17
OTA send: op=2 len=471 group=0x0001 cmd=0x01 seq=36
OTA command issued(write_cmd): rc=0 tx_len=479 smp=0x001f ccc=0x0020 sec=1
OTA tx inflight: t=5631 conn=0x200048a8 grp=0x0001 cmd=0x01 seq=36 len=471
OTA rsp part: t=5697 conn=0x200048a8 grp=0x0001 cmd=0x01 seq=36 off=0 chunk=17 acc=17 total=17
OTA rx complete: t=5697 dt=66 conn=0x200048a8 grp=0x0001 cmd=0x01 seq=36 rsp_len=17
OTA send: op=2 len=471 group=0x0001 cmd=0x01 seq=37
OTA command issued(write_cmd): rc=0 tx_len=479 smp=0x001f ccc=0x0020 sec=1
OTA tx inflight: t=5699 conn=0x200048a8 grp=0x0001 cmd=0x01 seq=37 len=471
OTA rsp part: t=5764 conn=0x200048a8 grp=0x0001 cmd=0x01 seq=37 off=0 chunk=17 acc=17 total=17
OTA rx complete: t=5765 dt=66 conn=0x200048a8 grp=0x0001 cmd=0x01 seq=37 rsp_len=17
OTA upload progress: 9% (15456/170296 bytes)
OTA send: op=2 len=471 group=0x0001 cmd=0x01 seq=38
OTA command issued(write_cmd): rc=0 tx_len=479 smp=0x001f ccc=0x0020 sec=1
OTA tx inflight: t=5767 conn=0x200048a8 grp=0x0001 cmd=0x01 seq=38 len=471
OTA rsp part: t=5832 conn=0x200048a8 grp=0x0001 cmd=0x01 seq=38 off=0 chunk=17 acc=17 total=17
OTA rx complete: t=5832 dt=65 conn=0x200048a8 grp=0x0001 cmd=0x01 seq=38 rsp_len=17
OTA send: op=2 len=471 group=0x0001 cmd=0x01 seq=39
OTA command issued(write_cmd): rc=0 tx_len=479 smp=0x001f ccc=0x0020 sec=1
OTA tx inflight: t=5834 conn=0x200048a8 grp=0x0001 cmd=0x01 seq=39 len=471
OTA rsp part: t=5899 conn=0x200048a8 grp=0x0001 cmd=0x01 seq=39 off=0 chunk=17 acc=17 total=17
OTA rx complete: t=5900 dt=66 conn=0x200048a8 grp=0x0001 cmd=0x01 seq=39 rsp_len=17
OTA send: op=2 len=471 group=0x0001 cmd=0x01 seq=40
OTA command issued(write_cmd): rc=0 tx_len=479 smp=0x001f ccc=0x0020 sec=1
OTA tx inflight: t=5901 conn=0x200048a8 grp=0x0001 cmd=0x01 seq=40 len=471
OTA rsp part: t=5952 conn=0x200048a8 grp=0x0001 cmd=0x01 seq=40 off=0 chunk=17 acc=17 total=17
OTA rx complete: t=5952 dt=51 conn=0x200048a8 grp=0x0001 cmd=0x01 seq=40 rsp_len=17
OTA send: op=2 len=471 group=0x0001 cmd=0x01 seq=41
OTA command issued(write_cmd): rc=0 tx_len=479 smp=0x001f ccc=0x0020 sec=1
OTA tx inflight: t=5954 conn=0x200048a8 grp=0x0001 cmd=0x01 seq=41 len=471
OTA rsp part: t=6019 conn=0x200048a8 grp=0x0001 cmd=0x01 seq=41 off=0 chunk=17 acc=17 total=17
OTA rx complete: t=6020 dt=66 conn=0x200048a8 grp=0x0001 cmd=0x01 seq=41 rsp_len=17
OTA upload progress: 10% (17248/170296 bytes)
OTA send: op=2 len=471 group=0x0001 cmd=0x01 seq=42
OTA command issued(write_cmd): rc=0 tx_len=479 smp=0x001f ccc=0x0020 sec=1
OTA tx inflight: t=6022 conn=0x200048a8 grp=0x0001 cmd=0x01 seq=42 len=471
OTA rsp part: t=6087 conn=0x200048a8 grp=0x0001 cmd=0x01 seq=42 off=0 chunk=17 acc=17 total=17
OTA rx complete: t=6087 dt=65 conn=0x200048a8 grp=0x0001 cmd=0x01 seq=42 rsp_len=17
OTA send: op=2 len=471 group=0x0001 cmd=0x01 seq=43
OTA command issued(write_cmd): rc=0 tx_len=479 smp=0x001f ccc=0x0020 sec=1
OTA tx inflight: t=6089 conn=0x200048a8 grp=0x0001 cmd=0x01 seq=43 len=471
OTA rsp part: t=6154 conn=0x200048a8 grp=0x0001 cmd=0x01 seq=43 off=0 chunk=17 acc=17 total=17
OTA rx complete: t=6155 dt=66 conn=0x200048a8 grp=0x0001 cmd=0x01 seq=43 rsp_len=17
OTA send: op=2 len=471 group=0x0001 cmd=0x01 seq=44
OTA command issued(write_cmd): rc=0 tx_len=479 smp=0x001f ccc=0x0020 sec=1
OTA tx inflight: t=6156 conn=0x200048a8 grp=0x0001 cmd=0x01 seq=44 len=471
OTA rsp part: t=6222 conn=0x200048a8 grp=0x0001 cmd=0x01 seq=44 off=0 chunk=17 acc=17 total=17
OTA rx complete: t=6222 dt=66 conn=0x200048a8 grp=0x0001 cmd=0x01 seq=44 rsp_len=17
OTA send: op=2 len=471 group=0x0001 cmd=0x01 seq=45
OTA command issued(write_cmd): rc=0 tx_len=479 smp=0x001f ccc=0x0020 sec=1
OTA tx inflight: t=6224 conn=0x200048a8 grp=0x0001 cmd=0x01 seq=45 len=471
OTA rsp part: t=6289 conn=0x200048a8 grp=0x0001 cmd=0x01 seq=45 off=0 chunk=17 acc=17 total=17
OTA rx complete: t=6290 dt=66 conn=0x200048a8 grp=0x0001 cmd=0x01 seq=45 rsp_len=17
OTA upload progress: 11% (19040/170296 bytes)
OTA send: op=2 len=471 group=0x0001 cmd=0x01 seq=46
OTA command issued(write_cmd): rc=0 tx_len=479 smp=0x001f ccc=0x0020 sec=1
OTA tx inflight: t=6292 conn=0x200048a8 grp=0x0001 cmd=0x01 seq=46 len=471
OTA rsp part: t=6357 conn=0x200048a8 grp=0x0001 cmd=0x01 seq=46 off=0 chunk=17 acc=17 total=17
OTA rx complete: t=6357 dt=65 conn=0x200048a8 grp=0x0001 cmd=0x01 seq=46 rsp_len=17
OTA send: op=2 len=471 group=0x0001 cmd=0x01 seq=47
OTA command issued(write_cmd): rc=0 tx_len=479 smp=0x001f ccc=0x0020 sec=1
OTA tx inflight: t=6359 conn=0x200048a8 grp=0x0001 cmd=0x01 seq=47 len=471
OTA rsp part: t=6424 conn=0x200048a8 grp=0x0001 cmd=0x01 seq=47 off=0 chunk=17 acc=17 total=17
OTA rx complete: t=6425 dt=66 conn=0x200048a8 grp=0x0001 cmd=0x01 seq=47 rsp_len=17
OTA send: op=2 len=471 group=0x0001 cmd=0x01 seq=48
OTA command issued(write_cmd): rc=0 tx_len=479 smp=0x001f ccc=0x0020 sec=1
OTA tx inflight: t=6426 conn=0x200048a8 grp=0x0001 cmd=0x01 seq=48 len=471
OTA rsp part: t=6484 conn=0x200048a8 grp=0x0001 cmd=0x01 seq=48 off=0 chunk=17 acc=17 total=17
OTA rx complete: t=6485 dt=59 conn=0x200048a8 grp=0x0001 cmd=0x01 seq=48 rsp_len=17
OTA send: op=2 len=471 group=0x0001 cmd=0x01 seq=49
OTA command issued(write_cmd): rc=0 tx_len=479 smp=0x001f ccc=0x0020 sec=1
OTA tx inflight: t=6486 conn=0x200048a8 grp=0x0001 cmd=0x01 seq=49 len=471
OTA rsp part: t=6552 conn=0x200048a8 grp=0x0001 cmd=0x01 seq=49 off=0 chunk=17 acc=17 total=17
OTA rx complete: t=6552 dt=66 conn=0x200048a8 grp=0x0001 cmd=0x01 seq=49 rsp_len=17
OTA upload progress: 12% (20832/170296 bytes)
OTA send: op=2 len=471 group=0x0001 cmd=0x01 seq=50
OTA command issued(write_cmd): rc=0 tx_len=479 smp=0x001f ccc=0x0020 sec=1
OTA tx inflight: t=6554 conn=0x200048a8 grp=0x0001 cmd=0x01 seq=50 len=471
OTA rsp part: t=6619 conn=0x200048a8 grp=0x0001 cmd=0x01 seq=50 off=0 chunk=17 acc=17 total=17
OTA rx complete: t=6620 dt=66 conn=0x200048a8 grp=0x0001 cmd=0x01 seq=50 rsp_len=17
OTA send: op=2 len=471 group=0x0001 cmd=0x01 seq=51
OTA command issued(write_cmd): rc=0 tx_len=479 smp=0x001f ccc=0x0020 sec=1
OTA tx inflight: t=6621 conn=0x200048a8 grp=0x0001 cmd=0x01 seq=51 len=471
OTA rsp part: t=6687 conn=0x200048a8 grp=0x0001 cmd=0x01 seq=51 off=0 chunk=17 acc=17 total=17
OTA rx complete: t=6687 dt=66 conn=0x200048a8 grp=0x0001 cmd=0x01 seq=51 rsp_len=17
OTA send: op=2 len=471 group=0x0001 cmd=0x01 seq=52
OTA command issued(write_cmd): rc=0 tx_len=479 smp=0x001f ccc=0x0020 sec=1
OTA tx inflight: t=6689 conn=0x200048a8 grp=0x0001 cmd=0x01 seq=52 len=471
OTA rsp part: t=6754 conn=0x200048a8 grp=0x0001 cmd=0x01 seq=52 off=0 chunk=17 acc=17 total=17
OTA rx complete: t=6755 dt=66 conn=0x200048a8 grp=0x0001 cmd=0x01 seq=52 rsp_len=17
OTA upload progress: 13% (22176/170296 bytes)
OTA send: op=2 len=471 group=0x0001 cmd=0x01 seq=53
OTA command issued(write_cmd): rc=0 tx_len=479 smp=0x001f ccc=0x0020 sec=1
OTA tx inflight: t=6757 conn=0x200048a8 grp=0x0001 cmd=0x01 seq=53 len=471
OTA rsp part: t=6822 conn=0x200048a8 grp=0x0001 cmd=0x01 seq=53 off=0 chunk=17 acc=17 total=17
OTA rx complete: t=6822 dt=65 conn=0x200048a8 grp=0x0001 cmd=0x01 seq=53 rsp_len=17
OTA send: op=2 len=471 group=0x0001 cmd=0x01 seq=54
OTA command issued(write_cmd): rc=0 tx_len=479 smp=0x001f ccc=0x0020 sec=1
OTA tx inflight: t=6824 conn=0x200048a8 grp=0x0001 cmd=0x01 seq=54 len=471
OTA rsp part: t=6889 conn=0x200048a8 grp=0x0001 cmd=0x01 seq=54 off=0 chunk=17 acc=17 total=17
OTA rx complete: t=6890 dt=66 conn=0x200048a8 grp=0x0001 cmd=0x01 seq=54 rsp_len=17
OTA send: op=2 len=471 group=0x0001 cmd=0x01 seq=55
OTA command issued(write_cmd): rc=0 tx_len=479 smp=0x001f ccc=0x0020 sec=1
OTA tx inflight: t=6891 conn=0x200048a8 grp=0x0001 cmd=0x01 seq=55 len=471
OTA rsp part: t=6957 conn=0x200048a8 grp=0x0001 cmd=0x01 seq=55 off=0 chunk=17 acc=17 total=17
OTA rx complete: t=6957 dt=66 conn=0x200048a8 grp=0x0001 cmd=0x01 seq=55 rsp_len=17
OTA send: op=2 len=471 group=0x0001 cmd=0x01 seq=56
OTA command issued(write_cmd): rc=0 tx_len=479 smp=0x001f ccc=0x0020 sec=1
OTA tx inflight: t=6959 conn=0x200048a8 grp=0x0001 cmd=0x01 seq=56 len=471
OTA rsp part: t=7013 conn=0x200048a8 grp=0x0001 cmd=0x01 seq=56 off=0 chunk=17 acc=17 total=17
OTA rx complete: t=7014 dt=55 conn=0x200048a8 grp=0x0001 cmd=0x01 seq=56 rsp_len=17
OTA upload progress: 14% (23968/170296 bytes)
OTA send: op=2 len=471 group=0x0001 cmd=0x01 seq=57
OTA command issued(write_cmd): rc=0 tx_len=479 smp=0x001f ccc=0x0020 sec=1
OTA tx inflight: t=7016 conn=0x200048a8 grp=0x0001 cmd=0x01 seq=57 len=471
OTA rsp part: t=7080 conn=0x200048a8 grp=0x0001 cmd=0x01 seq=57 off=0 chunk=17 acc=17 total=17
OTA rx complete: t=7081 dt=65 conn=0x200048a8 grp=0x0001 cmd=0x01 seq=57 rsp_len=17
OTA send: op=2 len=471 group=0x0001 cmd=0x01 seq=58
OTA command issued(write_cmd): rc=0 tx_len=479 smp=0x001f ccc=0x0020 sec=1
OTA tx inflight: t=7083 conn=0x200048a8 grp=0x0001 cmd=0x01 seq=58 len=471
OTA rsp part: t=7148 conn=0x200048a8 grp=0x0001 cmd=0x01 seq=58 off=0 chunk=17 acc=17 total=17
OTA rx complete: t=7149 dt=66 conn=0x200048a8 grp=0x0001 cmd=0x01 seq=58 rsp_len=17
OTA send: op=2 len=471 group=0x0001 cmd=0x01 seq=59
OTA command issued(write_cmd): rc=0 tx_len=479 smp=0x001f ccc=0x0020 sec=1
OTA tx inflight: t=7150 conn=0x200048a8 grp=0x0001 cmd=0x01 seq=59 len=471
OTA rsp part: t=7227 conn=0x200048a8 grp=0x0001 cmd=0x01 seq=59 off=0 chunk=17 acc=17 total=17
OTA rx complete: t=7227 dt=77 conn=0x200048a8 grp=0x0001 cmd=0x01 seq=59 rsp_len=17
OTA send: op=2 len=471 group=0x0001 cmd=0x01 seq=60
OTA command issued(write_cmd): rc=0 tx_len=479 smp=0x001f ccc=0x0020 sec=1
OTA tx inflight: t=7229 conn=0x200048a8 grp=0x0001 cmd=0x01 seq=60 len=471
OTA rsp part: t=7294 conn=0x200048a8 grp=0x0001 cmd=0x01 seq=60 off=0 chunk=17 acc=17 total=17
OTA rx complete: t=7295 dt=66 conn=0x200048a8 grp=0x0001 cmd=0x01 seq=60 rsp_len=17
OTA upload progress: 15% (25760/170296 bytes)
OTA send: op=2 len=471 group=0x0001 cmd=0x01 seq=61
OTA command issued(write_cmd): rc=0 tx_len=479 smp=0x001f ccc=0x0020 sec=1
OTA tx inflight: t=7297 conn=0x200048a8 grp=0x0001 cmd=0x01 seq=61 len=471
OTA rsp part: t=7362 conn=0x200048a8 grp=0x0001 cmd=0x01 seq=61 off=0 chunk=17 acc=17 total=17
OTA rx complete: t=7362 dt=65 conn=0x200048a8 grp=0x0001 cmd=0x01 seq=61 rsp_len=17
OTA send: op=2 len=471 group=0x0001 cmd=0x01 seq=62
OTA command issued(write_cmd): rc=0 tx_len=479 smp=0x001f ccc=0x0020 sec=1
OTA tx inflight: t=7364 conn=0x200048a8 grp=0x0001 cmd=0x01 seq=62 len=471
OTA rsp part: t=7429 conn=0x200048a8 grp=0x0001 cmd=0x01 seq=62 off=0 chunk=17 acc=17 total=17
OTA rx complete: t=7430 dt=66 conn=0x200048a8 grp=0x0001 cmd=0x01 seq=62 rsp_len=17
OTA send: op=2 len=471 group=0x0001 cmd=0x01 seq=63
OTA command issued(write_cmd): rc=0 tx_len=479 smp=0x001f ccc=0x0020 sec=1
OTA tx inflight: t=7431 conn=0x200048a8 grp=0x0001 cmd=0x01 seq=63 len=471
OTA rsp part: t=7497 conn=0x200048a8 grp=0x0001 cmd=0x01 seq=63 off=0 chunk=17 acc=17 total=17
OTA rx complete: t=7497 dt=66 conn=0x200048a8 grp=0x0001 cmd=0x01 seq=63 rsp_len=17
OTA send: op=2 len=471 group=0x0001 cmd=0x01 seq=64
OTA command issued(write_cmd): rc=0 tx_len=479 smp=0x001f ccc=0x0020 sec=1
OTA tx inflight: t=7499 conn=0x200048a8 grp=0x0001 cmd=0x01 seq=64 len=471
OTA rsp part: t=7553 conn=0x200048a8 grp=0x0001 cmd=0x01 seq=64 off=0 chunk=17 acc=17 total=17
OTA rx complete: t=7554 dt=55 conn=0x200048a8 grp=0x0001 cmd=0x01 seq=64 rsp_len=17
OTA upload progress: 16% (27552/170296 bytes)
OTA send: op=2 len=471 group=0x0001 cmd=0x01 seq=65
OTA command issued(write_cmd): rc=0 tx_len=479 smp=0x001f ccc=0x0020 sec=1
OTA tx inflight: t=7555 conn=0x200048a8 grp=0x0001 cmd=0x01 seq=65 len=471
OTA rsp part: t=7620 conn=0x200048a8 grp=0x0001 cmd=0x01 seq=65 off=0 chunk=17 acc=17 total=17
OTA rx complete: t=7621 dt=66 conn=0x200048a8 grp=0x0001 cmd=0x01 seq=65 rsp_len=17
OTA send: op=2 len=471 group=0x0001 cmd=0x01 seq=66
OTA command issued(write_cmd): rc=0 tx_len=479 smp=0x001f ccc=0x0020 sec=1
OTA tx inflight: t=7623 conn=0x200048a8 grp=0x0001 cmd=0x01 seq=66 len=471
OTA rsp part: t=7688 conn=0x200048a8 grp=0x0001 cmd=0x01 seq=66 off=0 chunk=17 acc=17 total=17
OTA rx complete: t=7689 dt=66 conn=0x200048a8 grp=0x0001 cmd=0x01 seq=66 rsp_len=17
OTA send: op=2 len=471 group=0x0001 cmd=0x01 seq=67
OTA command issued(write_cmd): rc=0 tx_len=479 smp=0x001f ccc=0x0020 sec=1
OTA tx inflight: t=7690 conn=0x200048a8 grp=0x0001 cmd=0x01 seq=67 len=471
OTA rsp part: t=7755 conn=0x200048a8 grp=0x0001 cmd=0x01 seq=67 off=0 chunk=17 acc=17 total=17
OTA rx complete: t=7756 dt=66 conn=0x200048a8 grp=0x0001 cmd=0x01 seq=67 rsp_len=17
OTA send: op=2 len=471 group=0x0001 cmd=0x01 seq=68
OTA command issued(write_cmd): rc=0 tx_len=479 smp=0x001f ccc=0x0020 sec=1
OTA tx inflight: t=7758 conn=0x200048a8 grp=0x0001 cmd=0x01 seq=68 len=471
OTA rsp part: t=7834 conn=0x200048a8 grp=0x0001 cmd=0x01 seq=68 off=0 chunk=17 acc=17 total=17
OTA rx complete: t=7835 dt=77 conn=0x200048a8 grp=0x0001 cmd=0x01 seq=68 rsp_len=17
OTA upload progress: 17% (29344/170296 bytes)
OTA send: op=2 len=471 group=0x0001 cmd=0x01 seq=69
OTA command issued(write_cmd): rc=0 tx_len=479 smp=0x001f ccc=0x0020 sec=1
OTA tx inflight: t=7837 conn=0x200048a8 grp=0x0001 cmd=0x01 seq=69 len=471
OTA rsp part: t=7902 conn=0x200048a8 grp=0x0001 cmd=0x01 seq=69 off=0 chunk=17 acc=17 total=17
OTA rx complete: t=7902 dt=65 conn=0x200048a8 grp=0x0001 cmd=0x01 seq=69 rsp_len=17
OTA send: op=2 len=471 group=0x0001 cmd=0x01 seq=70
OTA command issued(write_cmd): rc=0 tx_len=479 smp=0x001f ccc=0x0020 sec=1
OTA tx inflight: t=7904 conn=0x200048a8 grp=0x0001 cmd=0x01 seq=70 len=471
OTA rsp part: t=7969 conn=0x200048a8 grp=0x0001 cmd=0x01 seq=70 off=0 chunk=17 acc=17 total=17
OTA rx complete: t=7970 dt=66 conn=0x200048a8 grp=0x0001 cmd=0x01 seq=70 rsp_len=17
OTA send: op=2 len=471 group=0x0001 cmd=0x01 seq=71
OTA command issued(write_cmd): rc=0 tx_len=479 smp=0x001f ccc=0x0020 sec=1
OTA tx inflight: t=7971 conn=0x200048a8 grp=0x0001 cmd=0x01 seq=71 len=471
OTA rsp part: t=8037 conn=0x200048a8 grp=0x0001 cmd=0x01 seq=71 off=0 chunk=17 acc=17 total=17
OTA rx complete: t=8037 dt=66 conn=0x200048a8 grp=0x0001 cmd=0x01 seq=71 rsp_len=17
OTA upload progress: 18% (30688/170296 bytes)
OTA send: op=2 len=471 group=0x0001 cmd=0x01 seq=72
OTA command issued(write_cmd): rc=0 tx_len=479 smp=0x001f ccc=0x0020 sec=1
OTA tx inflight: t=8039 conn=0x200048a8 grp=0x0001 cmd=0x01 seq=72 len=471
OTA rsp part: t=8093 conn=0x200048a8 grp=0x0001 cmd=0x01 seq=72 off=0 chunk=17 acc=17 total=17
OTA rx complete: t=8094 dt=55 conn=0x200048a8 grp=0x0001 cmd=0x01 seq=72 rsp_len=17
OTA send: op=2 len=471 group=0x0001 cmd=0x01 seq=73
OTA command issued(write_cmd): rc=0 tx_len=479 smp=0x001f ccc=0x0020 sec=1
OTA tx inflight: t=8095 conn=0x200048a8 grp=0x0001 cmd=0x01 seq=73 len=471
OTA rsp part: t=8160 conn=0x200048a8 grp=0x0001 cmd=0x01 seq=73 off=0 chunk=17 acc=17 total=17
OTA rx complete: t=8161 dt=66 conn=0x200048a8 grp=0x0001 cmd=0x01 seq=73 rsp_len=17
OTA send: op=2 len=471 group=0x0001 cmd=0x01 seq=74
OTA command issued(write_cmd): rc=0 tx_len=479 smp=0x001f ccc=0x0020 sec=1
OTA tx inflight: t=8163 conn=0x200048a8 grp=0x0001 cmd=0x01 seq=74 len=471
OTA rsp part: t=8228 conn=0x200048a8 grp=0x0001 cmd=0x01 seq=74 off=0 chunk=17 acc=17 total=17
OTA rx complete: t=8229 dt=66 conn=0x200048a8 grp=0x0001 cmd=0x01 seq=74 rsp_len=17
OTA send: op=2 len=471 group=0x0001 cmd=0x01 seq=75
OTA command issued(write_cmd): rc=0 tx_len=479 smp=0x001f ccc=0x0020 sec=1
OTA tx inflight: t=8230 conn=0x200048a8 grp=0x0001 cmd=0x01 seq=75 len=471
OTA rsp part: t=8295 conn=0x200048a8 grp=0x0001 cmd=0x01 seq=75 off=0 chunk=17 acc=17 total=17
OTA rx complete: t=8296 dt=66 conn=0x200048a8 grp=0x0001 cmd=0x01 seq=75 rsp_len=17
OTA upload progress: 19% (32480/170296 bytes)
OTA send: op=2 len=471 group=0x0001 cmd=0x01 seq=76
OTA command issued(write_cmd): rc=0 tx_len=479 smp=0x001f ccc=0x0020 sec=1
OTA tx inflight: t=8298 conn=0x200048a8 grp=0x0001 cmd=0x01 seq=76 len=471
OTA rsp part: t=8363 conn=0x200048a8 grp=0x0001 cmd=0x01 seq=76 off=0 chunk=17 acc=17 total=17
OTA rx complete: t=8364 dt=66 conn=0x200048a8 grp=0x0001 cmd=0x01 seq=76 rsp_len=17
OTA send: op=2 len=471 group=0x0001 cmd=0x01 seq=77
OTA command issued(write_cmd): rc=0 tx_len=479 smp=0x001f ccc=0x0020 sec=1
OTA tx inflight: t=8365 conn=0x200048a8 grp=0x0001 cmd=0x01 seq=77 len=471
OTA rsp part: t=8430 conn=0x200048a8 grp=0x0001 cmd=0x01 seq=77 off=0 chunk=17 acc=17 total=17
OTA rx complete: t=8431 dt=66 conn=0x200048a8 grp=0x0001 cmd=0x01 seq=77 rsp_len=17
OTA send: op=2 len=471 group=0x0001 cmd=0x01 seq=78
OTA command issued(write_cmd): rc=0 tx_len=479 smp=0x001f ccc=0x0020 sec=1
OTA tx inflight: t=8433 conn=0x200048a8 grp=0x0001 cmd=0x01 seq=78 len=471
OTA rsp part: t=8498 conn=0x200048a8 grp=0x0001 cmd=0x01 seq=78 off=0 chunk=17 acc=17 total=17
OTA rx complete: t=8499 dt=66 conn=0x200048a8 grp=0x0001 cmd=0x01 seq=78 rsp_len=17
OTA send: op=2 len=471 group=0x0001 cmd=0x01 seq=79
OTA command issued(write_cmd): rc=0 tx_len=479 smp=0x001f ccc=0x0020 sec=1
OTA tx inflight: t=8500 conn=0x200048a8 grp=0x0001 cmd=0x01 seq=79 len=471
OTA rsp part: t=8565 conn=0x200048a8 grp=0x0001 cmd=0x01 seq=79 off=0 chunk=17 acc=17 total=17
OTA rx complete: t=8566 dt=66 conn=0x200048a8 grp=0x0001 cmd=0x01 seq=79 rsp_len=17
OTA upload progress: 20% (34272/170296 bytes)
OTA send: op=2 len=471 group=0x0001 cmd=0x01 seq=80
OTA command issued(write_cmd): rc=0 tx_len=479 smp=0x001f ccc=0x0020 sec=1
OTA tx inflight: t=8568 conn=0x200048a8 grp=0x0001 cmd=0x01 seq=80 len=471
OTA rsp part: t=8622 conn=0x200048a8 grp=0x0001 cmd=0x01 seq=80 off=0 chunk=17 acc=17 total=17
OTA rx complete: t=8622 dt=54 conn=0x200048a8 grp=0x0001 cmd=0x01 seq=80 rsp_len=17
OTA send: op=2 len=471 group=0x0001 cmd=0x01 seq=81
OTA command issued(write_cmd): rc=0 tx_len=479 smp=0x001f ccc=0x0020 sec=1
OTA tx inflight: t=8624 conn=0x200048a8 grp=0x0001 cmd=0x01 seq=81 len=471
OTA rsp part: t=8689 conn=0x200048a8 grp=0x0001 cmd=0x01 seq=81 off=0 chunk=17 acc=17 total=17
OTA rx complete: t=8690 dt=66 conn=0x200048a8 grp=0x0001 cmd=0x01 seq=81 rsp_len=17
OTA send: op=2 len=471 group=0x0001 cmd=0x01 seq=82
OTA command issued(write_cmd): rc=0 tx_len=479 smp=0x001f ccc=0x0020 sec=1
OTA tx inflight: t=8691 conn=0x200048a8 grp=0x0001 cmd=0x01 seq=82 len=471
OTA rsp part: t=8757 conn=0x200048a8 grp=0x0001 cmd=0x01 seq=82 off=0 chunk=17 acc=17 total=17
OTA rx complete: t=8757 dt=66 conn=0x200048a8 grp=0x0001 cmd=0x01 seq=82 rsp_len=17
OTA send: op=2 len=471 group=0x0001 cmd=0x01 seq=83
OTA command issued(write_cmd): rc=0 tx_len=479 smp=0x001f ccc=0x0020 sec=1
OTA tx inflight: t=8759 conn=0x200048a8 grp=0x0001 cmd=0x01 seq=83 len=471
OTA rsp part: t=8824 conn=0x200048a8 grp=0x0001 cmd=0x01 seq=83 off=0 chunk=17 acc=17 total=17
OTA rx complete: t=8825 dt=66 conn=0x200048a8 grp=0x0001 cmd=0x01 seq=83 rsp_len=17
OTA upload progress: 21% (36064/170296 bytes)
OTA send: op=2 len=471 group=0x0001 cmd=0x01 seq=84
OTA command issued(write_cmd): rc=0 tx_len=479 smp=0x001f ccc=0x0020 sec=1
OTA tx inflight: t=8827 conn=0x200048a8 grp=0x0001 cmd=0x01 seq=84 len=471
OTA rsp part: t=8892 conn=0x200048a8 grp=0x0001 cmd=0x01 seq=84 off=0 chunk=17 acc=17 total=17
OTA rx complete: t=8892 dt=65 conn=0x200048a8 grp=0x0001 cmd=0x01 seq=84 rsp_len=17
OTA send: op=2 len=471 group=0x0001 cmd=0x01 seq=85
OTA command issued(write_cmd): rc=0 tx_len=479 smp=0x001f ccc=0x0020 sec=1
OTA tx inflight: t=8894 conn=0x200048a8 grp=0x0001 cmd=0x01 seq=85 len=471
OTA rsp part: t=8959 conn=0x200048a8 grp=0x0001 cmd=0x01 seq=85 off=0 chunk=17 acc=17 total=17
OTA rx complete: t=8960 dt=66 conn=0x200048a8 grp=0x0001 cmd=0x01 seq=85 rsp_len=17
OTA send: op=2 len=471 group=0x0001 cmd=0x01 seq=86
OTA command issued(write_cmd): rc=0 tx_len=479 smp=0x001f ccc=0x0020 sec=1
OTA tx inflight: t=8961 conn=0x200048a8 grp=0x0001 cmd=0x01 seq=86 len=471
OTA rsp part: t=9027 conn=0x200048a8 grp=0x0001 cmd=0x01 seq=86 off=0 chunk=17 acc=17 total=17
OTA rx complete: t=9027 dt=66 conn=0x200048a8 grp=0x0001 cmd=0x01 seq=86 rsp_len=17
OTA send: op=2 len=471 group=0x0001 cmd=0x01 seq=87
OTA command issued(write_cmd): rc=0 tx_len=479 smp=0x001f ccc=0x0020 sec=1
OTA tx inflight: t=9029 conn=0x200048a8 grp=0x0001 cmd=0x01 seq=87 len=471
OTA rsp part: t=9094 conn=0x200048a8 grp=0x0001 cmd=0x01 seq=87 off=0 chunk=17 acc=17 total=17
OTA rx complete: t=9095 dt=66 conn=0x200048a8 grp=0x0001 cmd=0x01 seq=87 rsp_len=17
OTA upload progress: 22% (37856/170296 bytes)
OTA send: op=2 len=471 group=0x0001 cmd=0x01 seq=88
OTA command issued(write_cmd): rc=0 tx_len=479 smp=0x001f ccc=0x0020 sec=1
OTA tx inflight: t=9097 conn=0x200048a8 grp=0x0001 cmd=0x01 seq=88 len=471
OTA rsp part: t=9150 conn=0x200048a8 grp=0x0001 cmd=0x01 seq=88 off=0 chunk=17 acc=17 total=17
OTA rx complete: t=9151 dt=54 conn=0x200048a8 grp=0x0001 cmd=0x01 seq=88 rsp_len=17
OTA send: op=2 len=471 group=0x0001 cmd=0x01 seq=89
OTA command issued(write_cmd): rc=0 tx_len=479 smp=0x001f ccc=0x0020 sec=1
OTA tx inflight: t=9153 conn=0x200048a8 grp=0x0001 cmd=0x01 seq=89 len=471
OTA rsp part: t=9218 conn=0x200048a8 grp=0x0001 cmd=0x01 seq=89 off=0 chunk=17 acc=17 total=17
OTA rx complete: t=9219 dt=66 conn=0x200048a8 grp=0x0001 cmd=0x01 seq=89 rsp_len=17
OTA send: op=2 len=471 group=0x0001 cmd=0x01 seq=90
OTA command issued(write_cmd): rc=0 tx_len=479 smp=0x001f ccc=0x0020 sec=1
OTA tx inflight: t=9220 conn=0x200048a8 grp=0x0001 cmd=0x01 seq=90 len=471
OTA rsp part: t=9285 conn=0x200048a8 grp=0x0001 cmd=0x01 seq=90 off=0 chunk=17 acc=17 total=17
OTA rx complete: t=9286 dt=66 conn=0x200048a8 grp=0x0001 cmd=0x01 seq=90 rsp_len=17
OTA upload progress: 23% (39200/170296 bytes)
OTA send: op=2 len=471 group=0x0001 cmd=0x01 seq=91
OTA command issued(write_cmd): rc=0 tx_len=479 smp=0x001f ccc=0x0020 sec=1
OTA tx inflight: t=9288 conn=0x200048a8 grp=0x0001 cmd=0x01 seq=91 len=471
OTA rsp part: t=9353 conn=0x200048a8 grp=0x0001 cmd=0x01 seq=91 off=0 chunk=17 acc=17 total=17
OTA rx complete: t=9354 dt=66 conn=0x200048a8 grp=0x0001 cmd=0x01 seq=91 rsp_len=17
OTA send: op=2 len=471 group=0x0001 cmd=0x01 seq=92
OTA command issued(write_cmd): rc=0 tx_len=479 smp=0x001f ccc=0x0020 sec=1
OTA tx inflight: t=9355 conn=0x200048a8 grp=0x0001 cmd=0x01 seq=92 len=471
OTA rsp part: t=9420 conn=0x200048a8 grp=0x0001 cmd=0x01 seq=92 off=0 chunk=17 acc=17 total=17
OTA rx complete: t=9421 dt=66 conn=0x200048a8 grp=0x0001 cmd=0x01 seq=92 rsp_len=17
OTA send: op=2 len=471 group=0x0001 cmd=0x01 seq=93
OTA command issued(write_cmd): rc=0 tx_len=479 smp=0x001f ccc=0x0020 sec=1
OTA tx inflight: t=9423 conn=0x200048a8 grp=0x0001 cmd=0x01 seq=93 len=471
OTA rsp part: t=9488 conn=0x200048a8 grp=0x0001 cmd=0x01 seq=93 off=0 chunk=17 acc=17 total=17
OTA rx complete: t=9489 dt=66 conn=0x200048a8 grp=0x0001 cmd=0x01 seq=93 rsp_len=17
OTA send: op=2 len=471 group=0x0001 cmd=0x01 seq=94
OTA command issued(write_cmd): rc=0 tx_len=479 smp=0x001f ccc=0x0020 sec=1
OTA tx inflight: t=9490 conn=0x200048a8 grp=0x0001 cmd=0x01 seq=94 len=471
OTA rsp part: t=9555 conn=0x200048a8 grp=0x0001 cmd=0x01 seq=94 off=0 chunk=17 acc=17 total=17
OTA rx complete: t=9556 dt=66 conn=0x200048a8 grp=0x0001 cmd=0x01 seq=94 rsp_len=17
OTA upload progress: 24% (40992/170296 bytes)
OTA send: op=2 len=471 group=0x0001 cmd=0x01 seq=95
OTA command issued(write_cmd): rc=0 tx_len=479 smp=0x001f ccc=0x0020 sec=1
OTA tx inflight: t=9558 conn=0x200048a8 grp=0x0001 cmd=0x01 seq=95 len=471
OTA rsp part: t=9623 conn=0x200048a8 grp=0x0001 cmd=0x01 seq=95 off=0 chunk=17 acc=17 total=17
OTA rx complete: t=9624 dt=66 conn=0x200048a8 grp=0x0001 cmd=0x01 seq=95 rsp_len=17
OTA send: op=2 len=471 group=0x0001 cmd=0x01 seq=96
OTA command issued(write_cmd): rc=0 tx_len=479 smp=0x001f ccc=0x0020 sec=1
OTA tx inflight: t=9625 conn=0x200048a8 grp=0x0001 cmd=0x01 seq=96 len=471
OTA rsp part: t=9679 conn=0x200048a8 grp=0x0001 cmd=0x01 seq=96 off=0 chunk=17 acc=17 total=17
OTA rx complete: t=9680 dt=55 conn=0x200048a8 grp=0x0001 cmd=0x01 seq=96 rsp_len=17
OTA send: op=2 len=471 group=0x0001 cmd=0x01 seq=97
OTA command issued(write_cmd): rc=0 tx_len=479 smp=0x001f ccc=0x0020 sec=1
OTA tx inflight: t=9681 conn=0x200048a8 grp=0x0001 cmd=0x01 seq=97 len=471
OTA rsp part: t=9747 conn=0x200048a8 grp=0x0001 cmd=0x01 seq=97 off=0 chunk=17 acc=17 total=17
OTA rx complete: t=9747 dt=66 conn=0x200048a8 grp=0x0001 cmd=0x01 seq=97 rsp_len=17
OTA send: op=2 len=471 group=0x0001 cmd=0x01 seq=98
OTA command issued(write_cmd): rc=0 tx_len=479 smp=0x001f ccc=0x0020 sec=1
OTA tx inflight: t=9749 conn=0x200048a8 grp=0x0001 cmd=0x01 seq=98 len=471
OTA rsp part: t=9814 conn=0x200048a8 grp=0x0001 cmd=0x01 seq=98 off=0 chunk=17 acc=17 total=17
OTA rx complete: t=9815 dt=66 conn=0x200048a8 grp=0x0001 cmd=0x01 seq=98 rsp_len=17
OTA upload progress: 25% (42784/170296 bytes)
OTA send: op=2 len=471 group=0x0001 cmd=0x01 seq=99
OTA command issued(write_cmd): rc=0 tx_len=479 smp=0x001f ccc=0x0020 sec=1
OTA tx inflight: t=9817 conn=0x200048a8 grp=0x0001 cmd=0x01 seq=99 len=471
OTA rsp part: t=9882 conn=0x200048a8 grp=0x0001 cmd=0x01 seq=99 off=0 chunk=17 acc=17 total=17
OTA rx complete: t=9882 dt=65 conn=0x200048a8 grp=0x0001 cmd=0x01 seq=99 rsp_len=17
OTA send: op=2 len=471 group=0x0001 cmd=0x01 seq=100
OTA command issued(write_cmd): rc=0 tx_len=479 smp=0x001f ccc=0x0020 sec=1
OTA tx inflight: t=9884 conn=0x200048a8 grp=0x0001 cmd=0x01 seq=100 len=471
OTA rsp part: t=9949 conn=0x200048a8 grp=0x0001 cmd=0x01 seq=100 off=0 chunk=17 acc=17 total=17
OTA rx complete: t=9950 dt=66 conn=0x200048a8 grp=0x0001 cmd=0x01 seq=100 rsp_len=17
OTA send: op=2 len=471 group=0x0001 cmd=0x01 seq=101
OTA command issued(write_cmd): rc=0 tx_len=479 smp=0x001f ccc=0x0020 sec=1
OTA tx inflight: t=9951 conn=0x200048a8 grp=0x0001 cmd=0x01 seq=101 len=471
OTA rsp part: t=10017 conn=0x200048a8 grp=0x0001 cmd=0x01 seq=101 off=0 chunk=17 acc=17 total=17
OTA rx complete: t=10017 dt=66 conn=0x200048a8 grp=0x0001 cmd=0x01 seq=101 rsp_len=17
OTA send: op=2 len=471 group=0x0001 cmd=0x01 seq=102
OTA command issued(write_cmd): rc=0 tx_len=479 smp=0x001f ccc=0x0020 sec=1
OTA tx inflight: t=10019 conn=0x200048a8 grp=0x0001 cmd=0x01 seq=102 len=471
OTA rsp part: t=10084 conn=0x200048a8 grp=0x0001 cmd=0x01 seq=102 off=0 chunk=17 acc=17 total=17
OTA rx complete: t=10085 dt=66 conn=0x200048a8 grp=0x0001 cmd=0x01 seq=102 rsp_len=17
OTA upload progress: 26% (44576/170296 bytes)
OTA send: op=2 len=471 group=0x0001 cmd=0x01 seq=103
OTA command issued(write_cmd): rc=0 tx_len=479 smp=0x001f ccc=0x0020 sec=1
OTA tx inflight: t=10087 conn=0x200048a8 grp=0x0001 cmd=0x01 seq=103 len=471
OTA rsp part: t=10152 conn=0x200048a8 grp=0x0001 cmd=0x01 seq=103 off=0 chunk=17 acc=17 total=17
OTA rx complete: t=10152 dt=65 conn=0x200048a8 grp=0x0001 cmd=0x01 seq=103 rsp_len=17
OTA send: op=2 len=471 group=0x0001 cmd=0x01 seq=104
OTA command issued(write_cmd): rc=0 tx_len=479 smp=0x001f ccc=0x0020 sec=1
OTA tx inflight: t=10154 conn=0x200048a8 grp=0x0001 cmd=0x01 seq=104 len=471
OTA rsp part: t=10208 conn=0x200048a8 grp=0x0001 cmd=0x01 seq=104 off=0 chunk=17 acc=17 total=17
OTA rx complete: t=10209 dt=55 conn=0x200048a8 grp=0x0001 cmd=0x01 seq=104 rsp_len=17
OTA send: op=2 len=471 group=0x0001 cmd=0x01 seq=105
OTA command issued(write_cmd): rc=0 tx_len=479 smp=0x001f ccc=0x0020 sec=1
OTA tx inflight: t=10210 conn=0x200048a8 grp=0x0001 cmd=0x01 seq=105 len=471
OTA rsp part: t=10275 conn=0x200048a8 grp=0x0001 cmd=0x01 seq=105 off=0 chunk=17 acc=17 total=17
OTA rx complete: t=10276 dt=66 conn=0x200048a8 grp=0x0001 cmd=0x01 seq=105 rsp_len=17
OTA send: op=2 len=471 group=0x0001 cmd=0x01 seq=106
OTA command issued(write_cmd): rc=0 tx_len=479 smp=0x001f ccc=0x0020 sec=1
OTA tx inflight: t=10278 conn=0x200048a8 grp=0x0001 cmd=0x01 seq=106 len=471
OTA rsp part: t=10343 conn=0x200048a8 grp=0x0001 cmd=0x01 seq=106 off=0 chunk=17 acc=17 total=17
OTA rx complete: t=10344 dt=66 conn=0x200048a8 grp=0x0001 cmd=0x01 seq=106 rsp_len=17
OTA upload progress: 27% (46368/170296 bytes)
OTA send: op=2 len=471 group=0x0001 cmd=0x01 seq=107
OTA command issued(write_cmd): rc=0 tx_len=479 smp=0x001f ccc=0x0020 sec=1
OTA tx inflight: t=10346 conn=0x200048a8 grp=0x0001 cmd=0x01 seq=107 len=471
OTA rsp part: t=10410 conn=0x200048a8 grp=0x0001 cmd=0x01 seq=107 off=0 chunk=17 acc=17 total=17
OTA rx complete: t=10411 dt=65 conn=0x200048a8 grp=0x0001 cmd=0x01 seq=107 rsp_len=17
OTA send: op=2 len=471 group=0x0001 cmd=0x01 seq=108
OTA command issued(write_cmd): rc=0 tx_len=479 smp=0x001f ccc=0x0020 sec=1
OTA tx inflight: t=10413 conn=0x200048a8 grp=0x0001 cmd=0x01 seq=108 len=471
OTA rsp part: t=10478 conn=0x200048a8 grp=0x0001 cmd=0x01 seq=108 off=0 chunk=17 acc=17 total=17
OTA rx complete: t=10479 dt=66 conn=0x200048a8 grp=0x0001 cmd=0x01 seq=108 rsp_len=17
OTA send: op=2 len=471 group=0x0001 cmd=0x01 seq=109
OTA command issued(write_cmd): rc=0 tx_len=479 smp=0x001f ccc=0x0020 sec=1
OTA tx inflight: t=10480 conn=0x200048a8 grp=0x0001 cmd=0x01 seq=109 len=471
OTA rsp part: t=10545 conn=0x200048a8 grp=0x0001 cmd=0x01 seq=109 off=0 chunk=17 acc=17 total=17
OTA rx complete: t=10546 dt=66 conn=0x200048a8 grp=0x0001 cmd=0x01 seq=109 rsp_len=17
OTA upload progress: 28% (47712/170296 bytes)
OTA send: op=2 len=471 group=0x0001 cmd=0x01 seq=110
OTA command issued(write_cmd): rc=0 tx_len=479 smp=0x001f ccc=0x0020 sec=1
OTA tx inflight: t=10548 conn=0x200048a8 grp=0x0001 cmd=0x01 seq=110 len=471
OTA rsp part: t=10613 conn=0x200048a8 grp=0x0001 cmd=0x01 seq=110 off=0 chunk=17 acc=17 total=17
OTA rx complete: t=10614 dt=66 conn=0x200048a8 grp=0x0001 cmd=0x01 seq=110 rsp_len=17
OTA send: op=2 len=471 group=0x0001 cmd=0x01 seq=111
OTA command issued(write_cmd): rc=0 tx_len=479 smp=0x001f ccc=0x0020 sec=1
OTA tx inflight: t=10615 conn=0x200048a8 grp=0x0001 cmd=0x01 seq=111 len=471
OTA rsp part: t=10680 conn=0x200048a8 grp=0x0001 cmd=0x01 seq=111 off=0 chunk=17 acc=17 total=17
OTA rx complete: t=10681 dt=66 conn=0x200048a8 grp=0x0001 cmd=0x01 seq=111 rsp_len=17
OTA send: op=2 len=471 group=0x0001 cmd=0x01 seq=112
OTA command issued(write_cmd): rc=0 tx_len=479 smp=0x001f ccc=0x0020 sec=1
OTA tx inflight: t=10683 conn=0x200048a8 grp=0x0001 cmd=0x01 seq=112 len=471
OTA rsp part: t=10737 conn=0x200048a8 grp=0x0001 cmd=0x01 seq=112 off=0 chunk=17 acc=17 total=17
OTA rx complete: t=10737 dt=54 conn=0x200048a8 grp=0x0001 cmd=0x01 seq=112 rsp_len=17
OTA send: op=2 len=471 group=0x0001 cmd=0x01 seq=113
OTA command issued(write_cmd): rc=0 tx_len=479 smp=0x001f ccc=0x0020 sec=1
OTA tx inflight: t=10739 conn=0x200048a8 grp=0x0001 cmd=0x01 seq=113 len=471
OTA rsp part: t=10804 conn=0x200048a8 grp=0x0001 cmd=0x01 seq=113 off=0 chunk=17 acc=17 total=17
OTA rx complete: t=10805 dt=66 conn=0x200048a8 grp=0x0001 cmd=0x01 seq=113 rsp_len=17
OTA upload progress: 29% (49504/170296 bytes)
OTA send: op=2 len=471 group=0x0001 cmd=0x01 seq=114
OTA command issued(write_cmd): rc=0 tx_len=479 smp=0x001f ccc=0x0020 sec=1
OTA tx inflight: t=10807 conn=0x200048a8 grp=0x0001 cmd=0x01 seq=114 len=471
OTA rsp part: t=10872 conn=0x200048a8 grp=0x0001 cmd=0x01 seq=114 off=0 chunk=17 acc=17 total=17
OTA rx complete: t=10872 dt=65 conn=0x200048a8 grp=0x0001 cmd=0x01 seq=114 rsp_len=17
OTA send: op=2 len=471 group=0x0001 cmd=0x01 seq=115
OTA command issued(write_cmd): rc=0 tx_len=479 smp=0x001f ccc=0x0020 sec=1
OTA tx inflight: t=10874 conn=0x200048a8 grp=0x0001 cmd=0x01 seq=115 len=471
OTA rsp part: t=10939 conn=0x200048a8 grp=0x0001 cmd=0x01 seq=115 off=0 chunk=17 acc=17 total=17
OTA rx complete: t=10940 dt=66 conn=0x200048a8 grp=0x0001 cmd=0x01 seq=115 rsp_len=17
OTA send: op=2 len=471 group=0x0001 cmd=0x01 seq=116
OTA command issued(write_cmd): rc=0 tx_len=479 smp=0x001f ccc=0x0020 sec=1
OTA tx inflight: t=10941 conn=0x200048a8 grp=0x0001 cmd=0x01 seq=116 len=471
OTA rsp part: t=11007 conn=0x200048a8 grp=0x0001 cmd=0x01 seq=116 off=0 chunk=17 acc=17 total=17
OTA rx complete: t=11007 dt=66 conn=0x200048a8 grp=0x0001 cmd=0x01 seq=116 rsp_len=17
OTA send: op=2 len=471 group=0x0001 cmd=0x01 seq=117
OTA command issued(write_cmd): rc=0 tx_len=479 smp=0x001f ccc=0x0020 sec=1
OTA tx inflight: t=11009 conn=0x200048a8 grp=0x0001 cmd=0x01 seq=117 len=471
OTA rsp part: t=11074 conn=0x200048a8 grp=0x0001 cmd=0x01 seq=117 off=0 chunk=17 acc=17 total=17
OTA rx complete: t=11075 dt=66 conn=0x200048a8 grp=0x0001 cmd=0x01 seq=117 rsp_len=17
OTA upload progress: 30% (51296/170296 bytes)
OTA send: op=2 len=471 group=0x0001 cmd=0x01 seq=118
OTA command issued(write_cmd): rc=0 tx_len=479 smp=0x001f ccc=0x0020 sec=1
OTA tx inflight: t=11077 conn=0x200048a8 grp=0x0001 cmd=0x01 seq=118 len=471
OTA rsp part: t=11142 conn=0x200048a8 grp=0x0001 cmd=0x01 seq=118 off=0 chunk=17 acc=17 total=17
OTA rx complete: t=11142 dt=65 conn=0x200048a8 grp=0x0001 cmd=0x01 seq=118 rsp_len=17
OTA send: op=2 len=471 group=0x0001 cmd=0x01 seq=119
OTA command issued(write_cmd): rc=0 tx_len=479 smp=0x001f ccc=0x0020 sec=1
OTA tx inflight: t=11144 conn=0x200048a8 grp=0x0001 cmd=0x01 seq=119 len=471
OTA rsp part: t=11209 conn=0x200048a8 grp=0x0001 cmd=0x01 seq=119 off=0 chunk=17 acc=17 total=17
OTA rx complete: t=11210 dt=66 conn=0x200048a8 grp=0x0001 cmd=0x01 seq=119 rsp_len=17
OTA send: op=2 len=471 group=0x0001 cmd=0x01 seq=120
OTA command issued(write_cmd): rc=0 tx_len=479 smp=0x001f ccc=0x0020 sec=1
OTA tx inflight: t=11211 conn=0x200048a8 grp=0x0001 cmd=0x01 seq=120 len=471
OTA rsp part: t=11265 conn=0x200048a8 grp=0x0001 cmd=0x01 seq=120 off=0 chunk=17 acc=17 total=17
OTA rx complete: t=11266 dt=55 conn=0x200048a8 grp=0x0001 cmd=0x01 seq=120 rsp_len=17
OTA send: op=2 len=471 group=0x0001 cmd=0x01 seq=121
OTA command issued(write_cmd): rc=0 tx_len=479 smp=0x001f ccc=0x0020 sec=1
OTA tx inflight: t=11268 conn=0x200048a8 grp=0x0001 cmd=0x01 seq=121 len=471
OTA rsp part: t=11333 conn=0x200048a8 grp=0x0001 cmd=0x01 seq=121 off=0 chunk=17 acc=17 total=17
OTA rx complete: t=11334 dt=66 conn=0x200048a8 grp=0x0001 cmd=0x01 seq=121 rsp_len=17
OTA upload progress: 31% (53088/170296 bytes)
OTA send: op=2 len=471 group=0x0001 cmd=0x01 seq=122
OTA command issued(write_cmd): rc=0 tx_len=479 smp=0x001f ccc=0x0020 sec=1
OTA tx inflight: t=11335 conn=0x200048a8 grp=0x0001 cmd=0x01 seq=122 len=471
OTA rsp part: t=11400 conn=0x200048a8 grp=0x0001 cmd=0x01 seq=122 off=0 chunk=17 acc=17 total=17
OTA rx complete: t=11401 dt=66 conn=0x200048a8 grp=0x0001 cmd=0x01 seq=122 rsp_len=17
OTA send: op=2 len=471 group=0x0001 cmd=0x01 seq=123
OTA command issued(write_cmd): rc=0 tx_len=479 smp=0x001f ccc=0x0020 sec=1
OTA tx inflight: t=11403 conn=0x200048a8 grp=0x0001 cmd=0x01 seq=123 len=471
OTA rsp part: t=11468 conn=0x200048a8 grp=0x0001 cmd=0x01 seq=123 off=0 chunk=17 acc=17 total=17
OTA rx complete: t=11469 dt=66 conn=0x200048a8 grp=0x0001 cmd=0x01 seq=123 rsp_len=17
OTA send: op=2 len=471 group=0x0001 cmd=0x01 seq=124
OTA command issued(write_cmd): rc=0 tx_len=479 smp=0x001f ccc=0x0020 sec=1
OTA tx inflight: t=11470 conn=0x200048a8 grp=0x0001 cmd=0x01 seq=124 len=471
OTA rsp part: t=11535 conn=0x200048a8 grp=0x0001 cmd=0x01 seq=124 off=0 chunk=17 acc=17 total=17
OTA rx complete: t=11536 dt=66 conn=0x200048a8 grp=0x0001 cmd=0x01 seq=124 rsp_len=17
OTA send: op=2 len=471 group=0x0001 cmd=0x01 seq=125
OTA command issued(write_cmd): rc=0 tx_len=479 smp=0x001f ccc=0x0020 sec=1
OTA tx inflight: t=11538 conn=0x200048a8 grp=0x0001 cmd=0x01 seq=125 len=471
OTA rsp part: t=11603 conn=0x200048a8 grp=0x0001 cmd=0x01 seq=125 off=0 chunk=17 acc=17 total=17
OTA rx complete: t=11604 dt=66 conn=0x200048a8 grp=0x0001 cmd=0x01 seq=125 rsp_len=17
OTA upload progress: 32% (54880/170296 bytes)
OTA send: op=2 len=471 group=0x0001 cmd=0x01 seq=126
OTA command issued(write_cmd): rc=0 tx_len=479 smp=0x001f ccc=0x0020 sec=1
OTA tx inflight: t=11606 conn=0x200048a8 grp=0x0001 cmd=0x01 seq=126 len=471
OTA rsp part: t=11670 conn=0x200048a8 grp=0x0001 cmd=0x01 seq=126 off=0 chunk=17 acc=17 total=17
OTA rx complete: t=11671 dt=65 conn=0x200048a8 grp=0x0001 cmd=0x01 seq=126 rsp_len=17
OTA send: op=2 len=471 group=0x0001 cmd=0x01 seq=127
OTA command issued(write_cmd): rc=0 tx_len=479 smp=0x001f ccc=0x0020 sec=1
OTA tx inflight: t=11673 conn=0x200048a8 grp=0x0001 cmd=0x01 seq=127 len=471
OTA rsp part: t=11738 conn=0x200048a8 grp=0x0001 cmd=0x01 seq=127 off=0 chunk=17 acc=17 total=17
OTA rx complete: t=11739 dt=66 conn=0x200048a8 grp=0x0001 cmd=0x01 seq=127 rsp_len=17
OTA send: op=2 len=471 group=0x0001 cmd=0x01 seq=128
OTA command issued(write_cmd): rc=0 tx_len=479 smp=0x001f ccc=0x0020 sec=1
OTA tx inflight: t=11740 conn=0x200048a8 grp=0x0001 cmd=0x01 seq=128 len=471
OTA rsp part: t=11794 conn=0x200048a8 grp=0x0001 cmd=0x01 seq=128 off=0 chunk=17 acc=17 total=17
OTA rx complete: t=11795 dt=55 conn=0x200048a8 grp=0x0001 cmd=0x01 seq=128 rsp_len=17
OTA upload progress: 33% (56224/170296 bytes)
OTA send: op=2 len=471 group=0x0001 cmd=0x01 seq=129
OTA command issued(write_cmd): rc=0 tx_len=479 smp=0x001f ccc=0x0020 sec=1
OTA tx inflight: t=11797 conn=0x200048a8 grp=0x0001 cmd=0x01 seq=129 len=471
OTA rsp part: t=11862 conn=0x200048a8 grp=0x0001 cmd=0x01 seq=129 off=0 chunk=17 acc=17 total=17
OTA rx complete: t=11862 dt=65 conn=0x200048a8 grp=0x0001 cmd=0x01 seq=129 rsp_len=17
OTA send: op=2 len=471 group=0x0001 cmd=0x01 seq=130
OTA command issued(write_cmd): rc=0 tx_len=479 smp=0x001f ccc=0x0020 sec=1
OTA tx inflight: t=11864 conn=0x200048a8 grp=0x0001 cmd=0x01 seq=130 len=471
OTA rsp part: t=11929 conn=0x200048a8 grp=0x0001 cmd=0x01 seq=130 off=0 chunk=17 acc=17 total=17
OTA rx complete: t=11930 dt=66 conn=0x200048a8 grp=0x0001 cmd=0x01 seq=130 rsp_len=17
OTA send: op=2 len=471 group=0x0001 cmd=0x01 seq=131
OTA command issued(write_cmd): rc=0 tx_len=479 smp=0x001f ccc=0x0020 sec=1
OTA tx inflight: t=11931 conn=0x200048a8 grp=0x0001 cmd=0x01 seq=131 len=471
OTA rsp part: t=11997 conn=0x200048a8 grp=0x0001 cmd=0x01 seq=131 off=0 chunk=17 acc=17 total=17
OTA rx complete: t=11997 dt=66 conn=0x200048a8 grp=0x0001 cmd=0x01 seq=131 rsp_len=17
OTA send: op=2 len=471 group=0x0001 cmd=0x01 seq=132
OTA command issued(write_cmd): rc=0 tx_len=479 smp=0x001f ccc=0x0020 sec=1
OTA tx inflight: t=11999 conn=0x200048a8 grp=0x0001 cmd=0x01 seq=132 len=471
OTA rsp part: t=12064 conn=0x200048a8 grp=0x0001 cmd=0x01 seq=132 off=0 chunk=17 acc=17 total=17
OTA rx complete: t=12065 dt=66 conn=0x200048a8 grp=0x0001 cmd=0x01 seq=132 rsp_len=17
OTA upload progress: 34% (58016/170296 bytes)
OTA send: op=2 len=471 group=0x0001 cmd=0x01 seq=133
OTA command issued(write_cmd): rc=0 tx_len=479 smp=0x001f ccc=0x0020 sec=1
OTA tx inflight: t=12067 conn=0x200048a8 grp=0x0001 cmd=0x01 seq=133 len=471
OTA rsp part: t=12132 conn=0x200048a8 grp=0x0001 cmd=0x01 seq=133 off=0 chunk=17 acc=17 total=17
OTA rx complete: t=12132 dt=65 conn=0x200048a8 grp=0x0001 cmd=0x01 seq=133 rsp_len=17
OTA send: op=2 len=471 group=0x0001 cmd=0x01 seq=134
OTA command issued(write_cmd): rc=0 tx_len=479 smp=0x001f ccc=0x0020 sec=1
OTA tx inflight: t=12134 conn=0x200048a8 grp=0x0001 cmd=0x01 seq=134 len=471
OTA rsp part: t=12199 conn=0x200048a8 grp=0x0001 cmd=0x01 seq=134 off=0 chunk=17 acc=17 total=17
OTA rx complete: t=12200 dt=66 conn=0x200048a8 grp=0x0001 cmd=0x01 seq=134 rsp_len=17
OTA send: op=2 len=471 group=0x0001 cmd=0x01 seq=135
OTA command issued(write_cmd): rc=0 tx_len=479 smp=0x001f ccc=0x0020 sec=1
OTA tx inflight: t=12201 conn=0x200048a8 grp=0x0001 cmd=0x01 seq=135 len=471
OTA rsp part: t=12267 conn=0x200048a8 grp=0x0001 cmd=0x01 seq=135 off=0 chunk=17 acc=17 total=17
OTA rx complete: t=12267 dt=66 conn=0x200048a8 grp=0x0001 cmd=0x01 seq=135 rsp_len=17
OTA send: op=2 len=471 group=0x0001 cmd=0x01 seq=136
OTA command issued(write_cmd): rc=0 tx_len=479 smp=0x001f ccc=0x0020 sec=1
OTA tx inflight: t=12269 conn=0x200048a8 grp=0x0001 cmd=0x01 seq=136 len=471
OTA rsp part: t=12323 conn=0x200048a8 grp=0x0001 cmd=0x01 seq=136 off=0 chunk=17 acc=17 total=17
OTA rx complete: t=12324 dt=55 conn=0x200048a8 grp=0x0001 cmd=0x01 seq=136 rsp_len=17
OTA upload progress: 35% (59808/170296 bytes)
OTA send: op=2 len=471 group=0x0001 cmd=0x01 seq=137
OTA command issued(write_cmd): rc=0 tx_len=479 smp=0x001f ccc=0x0020 sec=1
OTA tx inflight: t=12326 conn=0x200048a8 grp=0x0001 cmd=0x01 seq=137 len=471
OTA rsp part: t=12390 conn=0x200048a8 grp=0x0001 cmd=0x01 seq=137 off=0 chunk=17 acc=17 total=17
OTA rx complete: t=12391 dt=65 conn=0x200048a8 grp=0x0001 cmd=0x01 seq=137 rsp_len=17
OTA send: op=2 len=471 group=0x0001 cmd=0x01 seq=138
OTA command issued(write_cmd): rc=0 tx_len=479 smp=0x001f ccc=0x0020 sec=1
OTA tx inflight: t=12393 conn=0x200048a8 grp=0x0001 cmd=0x01 seq=138 len=471
OTA rsp part: t=12458 conn=0x200048a8 grp=0x0001 cmd=0x01 seq=138 off=0 chunk=17 acc=17 total=17
OTA rx complete: t=12459 dt=66 conn=0x200048a8 grp=0x0001 cmd=0x01 seq=138 rsp_len=17
OTA send: op=2 len=471 group=0x0001 cmd=0x01 seq=139
OTA command issued(write_cmd): rc=0 tx_len=479 smp=0x001f ccc=0x0020 sec=1
OTA tx inflight: t=12460 conn=0x200048a8 grp=0x0001 cmd=0x01 seq=139 len=471
OTA rsp part: t=12525 conn=0x200048a8 grp=0x0001 cmd=0x01 seq=139 off=0 chunk=17 acc=17 total=17
OTA rx complete: t=12526 dt=66 conn=0x200048a8 grp=0x0001 cmd=0x01 seq=139 rsp_len=17
OTA send: op=2 len=471 group=0x0001 cmd=0x01 seq=140
OTA command issued(write_cmd): rc=0 tx_len=479 smp=0x001f ccc=0x0020 sec=1
OTA tx inflight: t=12528 conn=0x200048a8 grp=0x0001 cmd=0x01 seq=140 len=471
OTA rsp part: t=12593 conn=0x200048a8 grp=0x0001 cmd=0x01 seq=140 off=0 chunk=17 acc=17 total=17
OTA rx complete: t=12594 dt=66 conn=0x200048a8 grp=0x0001 cmd=0x01 seq=140 rsp_len=17
OTA upload progress: 36% (61600/170296 bytes)
OTA send: op=2 len=471 group=0x0001 cmd=0x01 seq=141
OTA command issued(write_cmd): rc=0 tx_len=479 smp=0x001f ccc=0x0020 sec=1
OTA tx inflight: t=12596 conn=0x200048a8 grp=0x0001 cmd=0x01 seq=141 len=471
OTA rsp part: t=12660 conn=0x200048a8 grp=0x0001 cmd=0x01 seq=141 off=0 chunk=17 acc=17 total=17
OTA rx complete: t=12661 dt=65 conn=0x200048a8 grp=0x0001 cmd=0x01 seq=141 rsp_len=17
OTA send: op=2 len=471 group=0x0001 cmd=0x01 seq=142
OTA command issued(write_cmd): rc=0 tx_len=479 smp=0x001f ccc=0x0020 sec=1
OTA tx inflight: t=12663 conn=0x200048a8 grp=0x0001 cmd=0x01 seq=142 len=471
OTA rsp part: t=12728 conn=0x200048a8 grp=0x0001 cmd=0x01 seq=142 off=0 chunk=17 acc=17 total=17
OTA rx complete: t=12729 dt=66 conn=0x200048a8 grp=0x0001 cmd=0x01 seq=142 rsp_len=17
OTA send: op=2 len=471 group=0x0001 cmd=0x01 seq=143
OTA command issued(write_cmd): rc=0 tx_len=479 smp=0x001f ccc=0x0020 sec=1
OTA tx inflight: t=12730 conn=0x200048a8 grp=0x0001 cmd=0x01 seq=143 len=471
OTA rsp part: t=12795 conn=0x200048a8 grp=0x0001 cmd=0x01 seq=143 off=0 chunk=17 acc=17 total=17
OTA rx complete: t=12796 dt=66 conn=0x200048a8 grp=0x0001 cmd=0x01 seq=143 rsp_len=17
OTA send: op=2 len=471 group=0x0001 cmd=0x01 seq=144
OTA command issued(write_cmd): rc=0 tx_len=479 smp=0x001f ccc=0x0020 sec=1
OTA tx inflight: t=12798 conn=0x200048a8 grp=0x0001 cmd=0x01 seq=144 len=471
OTA rsp part: t=12852 conn=0x200048a8 grp=0x0001 cmd=0x01 seq=144 off=0 chunk=17 acc=17 total=17
OTA rx complete: t=12852 dt=54 conn=0x200048a8 grp=0x0001 cmd=0x01 seq=144 rsp_len=17
OTA upload progress: 37% (63392/170296 bytes)
OTA send: op=2 len=471 group=0x0001 cmd=0x01 seq=145
OTA command issued(write_cmd): rc=0 tx_len=479 smp=0x001f ccc=0x0020 sec=1
OTA tx inflight: t=12854 conn=0x200048a8 grp=0x0001 cmd=0x01 seq=145 len=471
OTA rsp part: t=12919 conn=0x200048a8 grp=0x0001 cmd=0x01 seq=145 off=0 chunk=17 acc=17 total=17
OTA rx complete: t=12920 dt=66 conn=0x200048a8 grp=0x0001 cmd=0x01 seq=145 rsp_len=17
OTA send: op=2 len=471 group=0x0001 cmd=0x01 seq=146
OTA command issued(write_cmd): rc=0 tx_len=479 smp=0x001f ccc=0x0020 sec=1
OTA tx inflight: t=12921 conn=0x200048a8 grp=0x0001 cmd=0x01 seq=146 len=471
OTA rsp part: t=12987 conn=0x200048a8 grp=0x0001 cmd=0x01 seq=146 off=0 chunk=17 acc=17 total=17
OTA rx complete: t=12987 dt=66 conn=0x200048a8 grp=0x0001 cmd=0x01 seq=146 rsp_len=17
OTA send: op=2 len=471 group=0x0001 cmd=0x01 seq=147
OTA command issued(write_cmd): rc=0 tx_len=479 smp=0x001f ccc=0x0020 sec=1
OTA tx inflight: t=12989 conn=0x200048a8 grp=0x0001 cmd=0x01 seq=147 len=471
OTA rsp part: t=13054 conn=0x200048a8 grp=0x0001 cmd=0x01 seq=147 off=0 chunk=17 acc=17 total=17
OTA rx complete: t=13055 dt=66 conn=0x200048a8 grp=0x0001 cmd=0x01 seq=147 rsp_len=17
OTA upload progress: 38% (64736/170296 bytes)
OTA send: op=2 len=471 group=0x0001 cmd=0x01 seq=148
OTA command issued(write_cmd): rc=0 tx_len=479 smp=0x001f ccc=0x0020 sec=1
OTA tx inflight: t=13057 conn=0x200048a8 grp=0x0001 cmd=0x01 seq=148 len=471
OTA rsp part: t=13122 conn=0x200048a8 grp=0x0001 cmd=0x01 seq=148 off=0 chunk=17 acc=17 total=17
OTA rx complete: t=13122 dt=65 conn=0x200048a8 grp=0x0001 cmd=0x01 seq=148 rsp_len=17
OTA send: op=2 len=471 group=0x0001 cmd=0x01 seq=149
OTA command issued(write_cmd): rc=0 tx_len=479 smp=0x001f ccc=0x0020 sec=1
OTA tx inflight: t=13124 conn=0x200048a8 grp=0x0001 cmd=0x01 seq=149 len=471
OTA rsp part: t=13189 conn=0x200048a8 grp=0x0001 cmd=0x01 seq=149 off=0 chunk=17 acc=17 total=17
OTA rx complete: t=13190 dt=66 conn=0x200048a8 grp=0x0001 cmd=0x01 seq=149 rsp_len=17
OTA send: op=2 len=471 group=0x0001 cmd=0x01 seq=150
OTA command issued(write_cmd): rc=0 tx_len=479 smp=0x001f ccc=0x0020 sec=1
OTA tx inflight: t=13191 conn=0x200048a8 grp=0x0001 cmd=0x01 seq=150 len=471
OTA rsp part: t=13257 conn=0x200048a8 grp=0x0001 cmd=0x01 seq=150 off=0 chunk=19 acc=19 total=19
OTA rx complete: t=13257 dt=66 conn=0x200048a8 grp=0x0001 cmd=0x01 seq=150 rsp_len=19
OTA send: op=2 len=473 group=0x0001 cmd=0x01 seq=151
OTA command issued(write_cmd): rc=0 tx_len=481 smp=0x001f ccc=0x0020 sec=1
OTA tx inflight: t=13259 conn=0x200048a8 grp=0x0001 cmd=0x01 seq=151 len=473
OTA rsp part: t=13324 conn=0x200048a8 grp=0x0001 cmd=0x01 seq=151 off=0 chunk=19 acc=19 total=19
OTA rx complete: t=13325 dt=66 conn=0x200048a8 grp=0x0001 cmd=0x01 seq=151 rsp_len=19
OTA upload progress: 39% (66528/170296 bytes)
OTA send: op=2 len=473 group=0x0001 cmd=0x01 seq=152
OTA command issued(write_cmd): rc=0 tx_len=481 smp=0x001f ccc=0x0020 sec=1
OTA tx inflight: t=13327 conn=0x200048a8 grp=0x0001 cmd=0x01 seq=152 len=473
OTA rsp part: t=13380 conn=0x200048a8 grp=0x0001 cmd=0x01 seq=152 off=0 chunk=19 acc=19 total=19
OTA rx complete: t=13381 dt=54 conn=0x200048a8 grp=0x0001 cmd=0x01 seq=152 rsp_len=19
OTA send: op=2 len=473 group=0x0001 cmd=0x01 seq=153
OTA command issued(write_cmd): rc=0 tx_len=481 smp=0x001f ccc=0x0020 sec=1
OTA tx inflight: t=13383 conn=0x200048a8 grp=0x0001 cmd=0x01 seq=153 len=473
OTA rsp part: t=13459 conn=0x200048a8 grp=0x0001 cmd=0x01 seq=153 off=0 chunk=19 acc=19 total=19
OTA rx complete: t=13460 dt=77 conn=0x200048a8 grp=0x0001 cmd=0x01 seq=153 rsp_len=19
OTA send: op=2 len=473 group=0x0001 cmd=0x01 seq=154
OTA command issued(write_cmd): rc=0 tx_len=481 smp=0x001f ccc=0x0020 sec=1
OTA tx inflight: t=13461 conn=0x200048a8 grp=0x0001 cmd=0x01 seq=154 len=473
OTA rsp part: t=13527 conn=0x200048a8 grp=0x0001 cmd=0x01 seq=154 off=0 chunk=19 acc=19 total=19
OTA rx complete: t=13527 dt=66 conn=0x200048a8 grp=0x0001 cmd=0x01 seq=154 rsp_len=19
OTA send: op=2 len=473 group=0x0001 cmd=0x01 seq=155
OTA command issued(write_cmd): rc=0 tx_len=481 smp=0x001f ccc=0x0020 sec=1
OTA tx inflight: t=13529 conn=0x200048a8 grp=0x0001 cmd=0x01 seq=155 len=473
OTA rsp part: t=13594 conn=0x200048a8 grp=0x0001 cmd=0x01 seq=155 off=0 chunk=19 acc=19 total=19
OTA rx complete: t=13595 dt=66 conn=0x200048a8 grp=0x0001 cmd=0x01 seq=155 rsp_len=19
OTA upload progress: 40% (68320/170296 bytes)
OTA send: op=2 len=473 group=0x0001 cmd=0x01 seq=156
OTA command issued(write_cmd): rc=0 tx_len=481 smp=0x001f ccc=0x0020 sec=1
OTA tx inflight: t=13597 conn=0x200048a8 grp=0x0001 cmd=0x01 seq=156 len=473
OTA rsp part: t=13673 conn=0x200048a8 grp=0x0001 cmd=0x01 seq=156 off=0 chunk=19 acc=19 total=19
OTA rx complete: t=13674 dt=77 conn=0x200048a8 grp=0x0001 cmd=0x01 seq=156 rsp_len=19
OTA send: op=2 len=473 group=0x0001 cmd=0x01 seq=157
OTA command issued(write_cmd): rc=0 tx_len=481 smp=0x001f ccc=0x0020 sec=1
OTA tx inflight: t=13675 conn=0x200048a8 grp=0x0001 cmd=0x01 seq=157 len=473
OTA rsp part: t=13740 conn=0x200048a8 grp=0x0001 cmd=0x01 seq=157 off=0 chunk=19 acc=19 total=19
OTA rx complete: t=13741 dt=66 conn=0x200048a8 grp=0x0001 cmd=0x01 seq=157 rsp_len=19
OTA send: op=2 len=473 group=0x0001 cmd=0x01 seq=158
OTA command issued(write_cmd): rc=0 tx_len=481 smp=0x001f ccc=0x0020 sec=1
OTA tx inflight: t=13743 conn=0x200048a8 grp=0x0001 cmd=0x01 seq=158 len=473
OTA rsp part: t=13808 conn=0x200048a8 grp=0x0001 cmd=0x01 seq=158 off=0 chunk=19 acc=19 total=19
OTA rx complete: t=13809 dt=66 conn=0x200048a8 grp=0x0001 cmd=0x01 seq=158 rsp_len=19
OTA send: op=2 len=473 group=0x0001 cmd=0x01 seq=159
OTA command issued(write_cmd): rc=0 tx_len=481 smp=0x001f ccc=0x0020 sec=1
OTA tx inflight: t=13810 conn=0x200048a8 grp=0x0001 cmd=0x01 seq=159 len=473
OTA rsp part: t=13875 conn=0x200048a8 grp=0x0001 cmd=0x01 seq=159 off=0 chunk=19 acc=19 total=19
OTA rx complete: t=13876 dt=66 conn=0x200048a8 grp=0x0001 cmd=0x01 seq=159 rsp_len=19
OTA upload progress: 41% (70112/170296 bytes)
OTA send: op=2 len=473 group=0x0001 cmd=0x01 seq=160
OTA command issued(write_cmd): rc=0 tx_len=481 smp=0x001f ccc=0x0020 sec=1
OTA tx inflight: t=13878 conn=0x200048a8 grp=0x0001 cmd=0x01 seq=160 len=473
OTA rsp part: t=13932 conn=0x200048a8 grp=0x0001 cmd=0x01 seq=160 off=0 chunk=19 acc=19 total=19
OTA rx complete: t=13932 dt=54 conn=0x200048a8 grp=0x0001 cmd=0x01 seq=160 rsp_len=19
OTA send: op=2 len=473 group=0x0001 cmd=0x01 seq=161
OTA command issued(write_cmd): rc=0 tx_len=481 smp=0x001f ccc=0x0020 sec=1
OTA tx inflight: t=13934 conn=0x200048a8 grp=0x0001 cmd=0x01 seq=161 len=473
OTA rsp part: t=13999 conn=0x200048a8 grp=0x0001 cmd=0x01 seq=161 off=0 chunk=19 acc=19 total=19
OTA rx complete: t=14000 dt=66 conn=0x200048a8 grp=0x0001 cmd=0x01 seq=161 rsp_len=19
OTA send: op=2 len=473 group=0x0001 cmd=0x01 seq=162
OTA command issued(write_cmd): rc=0 tx_len=481 smp=0x001f ccc=0x0020 sec=1
OTA tx inflight: t=14001 conn=0x200048a8 grp=0x0001 cmd=0x01 seq=162 len=473
OTA rsp part: t=14067 conn=0x200048a8 grp=0x0001 cmd=0x01 seq=162 off=0 chunk=19 acc=19 total=19
OTA rx complete: t=14067 dt=66 conn=0x200048a8 grp=0x0001 cmd=0x01 seq=162 rsp_len=19
OTA send: op=2 len=473 group=0x0001 cmd=0x01 seq=163
OTA command issued(write_cmd): rc=0 tx_len=481 smp=0x001f ccc=0x0020 sec=1
OTA tx inflight: t=14069 conn=0x200048a8 grp=0x0001 cmd=0x01 seq=163 len=473
OTA rsp part: t=14134 conn=0x200048a8 grp=0x0001 cmd=0x01 seq=163 off=0 chunk=19 acc=19 total=19
OTA rx complete: t=14135 dt=66 conn=0x200048a8 grp=0x0001 cmd=0x01 seq=163 rsp_len=19
OTA upload progress: 42% (71904/170296 bytes)
OTA send: op=2 len=473 group=0x0001 cmd=0x01 seq=164
OTA command issued(write_cmd): rc=0 tx_len=481 smp=0x001f ccc=0x0020 sec=1
OTA tx inflight: t=14137 conn=0x200048a8 grp=0x0001 cmd=0x01 seq=164 len=473
OTA rsp part: t=14202 conn=0x200048a8 grp=0x0001 cmd=0x01 seq=164 off=0 chunk=19 acc=19 total=19
OTA rx complete: t=14202 dt=65 conn=0x200048a8 grp=0x0001 cmd=0x01 seq=164 rsp_len=19
OTA send: op=2 len=473 group=0x0001 cmd=0x01 seq=165
OTA command issued(write_cmd): rc=0 tx_len=481 smp=0x001f ccc=0x0020 sec=1
OTA tx inflight: t=14204 conn=0x200048a8 grp=0x0001 cmd=0x01 seq=165 len=473
OTA rsp part: t=14269 conn=0x200048a8 grp=0x0001 cmd=0x01 seq=165 off=0 chunk=19 acc=19 total=19
OTA rx complete: t=14270 dt=66 conn=0x200048a8 grp=0x0001 cmd=0x01 seq=165 rsp_len=19
OTA send: op=2 len=473 group=0x0001 cmd=0x01 seq=166
OTA command issued(write_cmd): rc=0 tx_len=481 smp=0x001f ccc=0x0020 sec=1
OTA tx inflight: t=14271 conn=0x200048a8 grp=0x0001 cmd=0x01 seq=166 len=473
OTA rsp part: t=14348 conn=0x200048a8 grp=0x0001 cmd=0x01 seq=166 off=0 chunk=19 acc=19 total=19
OTA rx complete: t=14349 dt=78 conn=0x200048a8 grp=0x0001 cmd=0x01 seq=166 rsp_len=19
OTA upload progress: 43% (73248/170296 bytes)
OTA send: op=2 len=473 group=0x0001 cmd=0x01 seq=167
OTA command issued(write_cmd): rc=0 tx_len=481 smp=0x001f ccc=0x0020 sec=1
OTA tx inflight: t=14351 conn=0x200048a8 grp=0x0001 cmd=0x01 seq=167 len=473
OTA rsp part: t=14415 conn=0x200048a8 grp=0x0001 cmd=0x01 seq=167 off=0 chunk=19 acc=19 total=19
OTA rx complete: t=14416 dt=65 conn=0x200048a8 grp=0x0001 cmd=0x01 seq=167 rsp_len=19
OTA send: op=2 len=473 group=0x0001 cmd=0x01 seq=168
OTA command issued(write_cmd): rc=0 tx_len=481 smp=0x001f ccc=0x0020 sec=1
OTA tx inflight: t=14418 conn=0x200048a8 grp=0x0001 cmd=0x01 seq=168 len=473
OTA rsp part: t=14483 conn=0x200048a8 grp=0x0001 cmd=0x01 seq=168 off=0 chunk=19 acc=19 total=19
OTA rx complete: t=14484 dt=66 conn=0x200048a8 grp=0x0001 cmd=0x01 seq=168 rsp_len=19
OTA send: op=2 len=473 group=0x0001 cmd=0x01 seq=169
OTA command issued(write_cmd): rc=0 tx_len=481 smp=0x001f ccc=0x0020 sec=1
OTA tx inflight: t=14485 conn=0x200048a8 grp=0x0001 cmd=0x01 seq=169 len=473
OTA rsp part: t=14550 conn=0x200048a8 grp=0x0001 cmd=0x01 seq=169 off=0 chunk=19 acc=19 total=19
OTA rx complete: t=14551 dt=66 conn=0x200048a8 grp=0x0001 cmd=0x01 seq=169 rsp_len=19
OTA send: op=2 len=473 group=0x0001 cmd=0x01 seq=170
OTA command issued(write_cmd): rc=0 tx_len=481 smp=0x001f ccc=0x0020 sec=1
OTA tx inflight: t=14553 conn=0x200048a8 grp=0x0001 cmd=0x01 seq=170 len=473
OTA rsp part: t=14618 conn=0x200048a8 grp=0x0001 cmd=0x01 seq=170 off=0 chunk=19 acc=19 total=19
OTA rx complete: t=14619 dt=66 conn=0x200048a8 grp=0x0001 cmd=0x01 seq=170 rsp_len=19
OTA upload progress: 44% (75040/170296 bytes)
OTA send: op=2 len=473 group=0x0001 cmd=0x01 seq=171
OTA command issued(write_cmd): rc=0 tx_len=481 smp=0x001f ccc=0x0020 sec=1
OTA tx inflight: t=14621 conn=0x200048a8 grp=0x0001 cmd=0x01 seq=171 len=473
OTA rsp part: t=14685 conn=0x200048a8 grp=0x0001 cmd=0x01 seq=171 off=0 chunk=19 acc=19 total=19
OTA rx complete: t=14686 dt=65 conn=0x200048a8 grp=0x0001 cmd=0x01 seq=171 rsp_len=19
OTA send: op=2 len=473 group=0x0001 cmd=0x01 seq=172
OTA command issued(write_cmd): rc=0 tx_len=481 smp=0x001f ccc=0x0020 sec=1
OTA tx inflight: t=14688 conn=0x200048a8 grp=0x0001 cmd=0x01 seq=172 len=473
OTA rsp part: t=14753 conn=0x200048a8 grp=0x0001 cmd=0x01 seq=172 off=0 chunk=19 acc=19 total=19
OTA rx complete: t=14754 dt=66 conn=0x200048a8 grp=0x0001 cmd=0x01 seq=172 rsp_len=19
OTA send: op=2 len=473 group=0x0001 cmd=0x01 seq=173
OTA command issued(write_cmd): rc=0 tx_len=481 smp=0x001f ccc=0x0020 sec=1
OTA tx inflight: t=14755 conn=0x200048a8 grp=0x0001 cmd=0x01 seq=173 len=473
OTA rsp part: t=14820 conn=0x200048a8 grp=0x0001 cmd=0x01 seq=173 off=0 chunk=19 acc=19 total=19
OTA rx complete: t=14821 dt=66 conn=0x200048a8 grp=0x0001 cmd=0x01 seq=173 rsp_len=19
OTA send: op=2 len=473 group=0x0001 cmd=0x01 seq=174
OTA command issued(write_cmd): rc=0 tx_len=481 smp=0x001f ccc=0x0020 sec=1
OTA tx inflight: t=14823 conn=0x200048a8 grp=0x0001 cmd=0x01 seq=174 len=473
OTA rsp part: t=14888 conn=0x200048a8 grp=0x0001 cmd=0x01 seq=174 off=0 chunk=19 acc=19 total=19
OTA rx complete: t=14889 dt=66 conn=0x200048a8 grp=0x0001 cmd=0x01 seq=174 rsp_len=19
OTA upload progress: 45% (76832/170296 bytes)
OTA send: op=2 len=473 group=0x0001 cmd=0x01 seq=175
OTA command issued(write_cmd): rc=0 tx_len=481 smp=0x001f ccc=0x0020 sec=1
OTA tx inflight: t=14891 conn=0x200048a8 grp=0x0001 cmd=0x01 seq=175 len=473
OTA rsp part: t=14955 conn=0x200048a8 grp=0x0001 cmd=0x01 seq=175 off=0 chunk=19 acc=19 total=19
OTA rx complete: t=14956 dt=65 conn=0x200048a8 grp=0x0001 cmd=0x01 seq=175 rsp_len=19
OTA send: op=2 len=473 group=0x0001 cmd=0x01 seq=176
OTA command issued(write_cmd): rc=0 tx_len=481 smp=0x001f ccc=0x0020 sec=1
OTA tx inflight: t=14958 conn=0x200048a8 grp=0x0001 cmd=0x01 seq=176 len=473
OTA rsp part: t=15012 conn=0x200048a8 grp=0x0001 cmd=0x01 seq=176 off=0 chunk=19 acc=19 total=19
OTA rx complete: t=15012 dt=54 conn=0x200048a8 grp=0x0001 cmd=0x01 seq=176 rsp_len=19
OTA send: op=2 len=473 group=0x0001 cmd=0x01 seq=177
OTA command issued(write_cmd): rc=0 tx_len=481 smp=0x001f ccc=0x0020 sec=1
OTA tx inflight: t=15014 conn=0x200048a8 grp=0x0001 cmd=0x01 seq=177 len=473
OTA rsp part: t=15079 conn=0x200048a8 grp=0x0001 cmd=0x01 seq=177 off=0 chunk=19 acc=19 total=19
OTA rx complete: t=15080 dt=66 conn=0x200048a8 grp=0x0001 cmd=0x01 seq=177 rsp_len=19
OTA send: op=2 len=473 group=0x0001 cmd=0x01 seq=178
OTA command issued(write_cmd): rc=0 tx_len=481 smp=0x001f ccc=0x0020 sec=1
OTA tx inflight: t=15081 conn=0x200048a8 grp=0x0001 cmd=0x01 seq=178 len=473
OTA rsp part: t=15147 conn=0x200048a8 grp=0x0001 cmd=0x01 seq=178 off=0 chunk=19 acc=19 total=19
OTA rx complete: t=15147 dt=66 conn=0x200048a8 grp=0x0001 cmd=0x01 seq=178 rsp_len=19
OTA upload progress: 46% (78624/170296 bytes)
OTA send: op=2 len=473 group=0x0001 cmd=0x01 seq=179
OTA command issued(write_cmd): rc=0 tx_len=481 smp=0x001f ccc=0x0020 sec=1
OTA tx inflight: t=15149 conn=0x200048a8 grp=0x0001 cmd=0x01 seq=179 len=473
OTA rsp part: t=15214 conn=0x200048a8 grp=0x0001 cmd=0x01 seq=179 off=0 chunk=19 acc=19 total=19
OTA rx complete: t=15215 dt=66 conn=0x200048a8 grp=0x0001 cmd=0x01 seq=179 rsp_len=19
OTA send: op=2 len=473 group=0x0001 cmd=0x01 seq=180
OTA command issued(write_cmd): rc=0 tx_len=481 smp=0x001f ccc=0x0020 sec=1
OTA tx inflight: t=15216 conn=0x200048a8 grp=0x0001 cmd=0x01 seq=180 len=473
OTA rsp part: t=15293 conn=0x200048a8 grp=0x0001 cmd=0x01 seq=180 off=0 chunk=19 acc=19 total=19
OTA rx complete: t=15294 dt=78 conn=0x200048a8 grp=0x0001 cmd=0x01 seq=180 rsp_len=19
OTA send: op=2 len=473 group=0x0001 cmd=0x01 seq=181
OTA command issued(write_cmd): rc=0 tx_len=481 smp=0x001f ccc=0x0020 sec=1
OTA tx inflight: t=15295 conn=0x200048a8 grp=0x0001 cmd=0x01 seq=181 len=473
OTA rsp part: t=15360 conn=0x200048a8 grp=0x0001 cmd=0x01 seq=181 off=0 chunk=19 acc=19 total=19
OTA rx complete: t=15361 dt=66 conn=0x200048a8 grp=0x0001 cmd=0x01 seq=181 rsp_len=19
OTA send: op=2 len=473 group=0x0001 cmd=0x01 seq=182
OTA command issued(write_cmd): rc=0 tx_len=481 smp=0x001f ccc=0x0020 sec=1
OTA tx inflight: t=15363 conn=0x200048a8 grp=0x0001 cmd=0x01 seq=182 len=473
OTA rsp part: t=15428 conn=0x200048a8 grp=0x0001 cmd=0x01 seq=182 off=0 chunk=19 acc=19 total=19
OTA rx complete: t=15429 dt=66 conn=0x200048a8 grp=0x0001 cmd=0x01 seq=182 rsp_len=19
OTA upload progress: 47% (80416/170296 bytes)
OTA send: op=2 len=473 group=0x0001 cmd=0x01 seq=183
OTA command issued(write_cmd): rc=0 tx_len=481 smp=0x001f ccc=0x0020 sec=1
OTA tx inflight: t=15431 conn=0x200048a8 grp=0x0001 cmd=0x01 seq=183 len=473
OTA rsp part: t=15495 conn=0x200048a8 grp=0x0001 cmd=0x01 seq=183 off=0 chunk=19 acc=19 total=19
OTA rx complete: t=15496 dt=65 conn=0x200048a8 grp=0x0001 cmd=0x01 seq=183 rsp_len=19
OTA send: op=2 len=473 group=0x0001 cmd=0x01 seq=184
OTA command issued(write_cmd): rc=0 tx_len=481 smp=0x001f ccc=0x0020 sec=1
OTA tx inflight: t=15498 conn=0x200048a8 grp=0x0001 cmd=0x01 seq=184 len=473
OTA rsp part: t=15563 conn=0x200048a8 grp=0x0001 cmd=0x01 seq=184 off=0 chunk=19 acc=19 total=19
OTA rx complete: t=15564 dt=66 conn=0x200048a8 grp=0x0001 cmd=0x01 seq=184 rsp_len=19
OTA send: op=2 len=473 group=0x0001 cmd=0x01 seq=185
OTA command issued(write_cmd): rc=0 tx_len=481 smp=0x001f ccc=0x0020 sec=1
OTA tx inflight: t=15565 conn=0x200048a8 grp=0x0001 cmd=0x01 seq=185 len=473
OTA rsp part: t=15630 conn=0x200048a8 grp=0x0001 cmd=0x01 seq=185 off=0 chunk=19 acc=19 total=19
OTA rx complete: t=15631 dt=66 conn=0x200048a8 grp=0x0001 cmd=0x01 seq=185 rsp_len=19
OTA upload progress: 48% (81760/170296 bytes)
OTA send: op=2 len=473 group=0x0001 cmd=0x01 seq=186
OTA command issued(write_cmd): rc=0 tx_len=481 smp=0x001f ccc=0x0020 sec=1
OTA tx inflight: t=15633 conn=0x200048a8 grp=0x0001 cmd=0x01 seq=186 len=473
OTA rsp part: t=15698 conn=0x200048a8 grp=0x0001 cmd=0x01 seq=186 off=0 chunk=19 acc=19 total=19
OTA rx complete: t=15699 dt=66 conn=0x200048a8 grp=0x0001 cmd=0x01 seq=186 rsp_len=19
OTA send: op=2 len=473 group=0x0001 cmd=0x01 seq=187
OTA command issued(write_cmd): rc=0 tx_len=481 smp=0x001f ccc=0x0020 sec=1
OTA tx inflight: t=15700 conn=0x200048a8 grp=0x0001 cmd=0x01 seq=187 len=473
OTA rsp part: t=15765 conn=0x200048a8 grp=0x0001 cmd=0x01 seq=187 off=0 chunk=19 acc=19 total=19
OTA rx complete: t=15766 dt=66 conn=0x200048a8 grp=0x0001 cmd=0x01 seq=187 rsp_len=19
OTA send: op=2 len=473 group=0x0001 cmd=0x01 seq=188
OTA command issued(write_cmd): rc=0 tx_len=481 smp=0x001f ccc=0x0020 sec=1
OTA tx inflight: t=15768 conn=0x200048a8 grp=0x0001 cmd=0x01 seq=188 len=473
OTA rsp part: t=15833 conn=0x200048a8 grp=0x0001 cmd=0x01 seq=188 off=0 chunk=19 acc=19 total=19
OTA rx complete: t=15834 dt=66 conn=0x200048a8 grp=0x0001 cmd=0x01 seq=188 rsp_len=19
OTA send: op=2 len=473 group=0x0001 cmd=0x01 seq=189
OTA command issued(write_cmd): rc=0 tx_len=481 smp=0x001f ccc=0x0020 sec=1
OTA tx inflight: t=15835 conn=0x200048a8 grp=0x0001 cmd=0x01 seq=189 len=473
OTA rsp part: t=15900 conn=0x200048a8 grp=0x0001 cmd=0x01 seq=189 off=0 chunk=19 acc=19 total=19
OTA rx complete: t=15901 dt=66 conn=0x200048a8 grp=0x0001 cmd=0x01 seq=189 rsp_len=19
OTA upload progress: 49% (83552/170296 bytes)
OTA send: op=2 len=473 group=0x0001 cmd=0x01 seq=190
OTA command issued(write_cmd): rc=0 tx_len=481 smp=0x001f ccc=0x0020 sec=1
OTA tx inflight: t=15903 conn=0x200048a8 grp=0x0001 cmd=0x01 seq=190 len=473
OTA rsp part: t=15968 conn=0x200048a8 grp=0x0001 cmd=0x01 seq=190 off=0 chunk=19 acc=19 total=19
OTA rx complete: t=15969 dt=66 conn=0x200048a8 grp=0x0001 cmd=0x01 seq=190 rsp_len=19
OTA send: op=2 len=473 group=0x0001 cmd=0x01 seq=191
OTA command issued(write_cmd): rc=0 tx_len=481 smp=0x001f ccc=0x0020 sec=1
OTA tx inflight: t=15970 conn=0x200048a8 grp=0x0001 cmd=0x01 seq=191 len=473
OTA rsp part: t=16035 conn=0x200048a8 grp=0x0001 cmd=0x01 seq=191 off=0 chunk=19 acc=19 total=19
OTA rx complete: t=16036 dt=66 conn=0x200048a8 grp=0x0001 cmd=0x01 seq=191 rsp_len=19
OTA send: op=2 len=473 group=0x0001 cmd=0x01 seq=192
OTA command issued(write_cmd): rc=0 tx_len=481 smp=0x001f ccc=0x0020 sec=1
OTA tx inflight: t=16038 conn=0x200048a8 grp=0x0001 cmd=0x01 seq=192 len=473
OTA rsp part: t=16092 conn=0x200048a8 grp=0x0001 cmd=0x01 seq=192 off=0 chunk=19 acc=19 total=19
OTA rx complete: t=16092 dt=54 conn=0x200048a8 grp=0x0001 cmd=0x01 seq=192 rsp_len=19
OTA send: op=2 len=473 group=0x0001 cmd=0x01 seq=193
OTA command issued(write_cmd): rc=0 tx_len=481 smp=0x001f ccc=0x0020 sec=1
OTA tx inflight: t=16094 conn=0x200048a8 grp=0x0001 cmd=0x01 seq=193 len=473
OTA rsp part: t=16159 conn=0x200048a8 grp=0x0001 cmd=0x01 seq=193 off=0 chunk=19 acc=19 total=19
OTA rx complete: t=16160 dt=66 conn=0x200048a8 grp=0x0001 cmd=0x01 seq=193 rsp_len=19
OTA upload progress: 50% (85344/170296 bytes)
OTA send: op=2 len=473 group=0x0001 cmd=0x01 seq=194
OTA command issued(write_cmd): rc=0 tx_len=481 smp=0x001f ccc=0x0020 sec=1
OTA tx inflight: t=16162 conn=0x200048a8 grp=0x0001 cmd=0x01 seq=194 len=473
OTA rsp part: t=16227 conn=0x200048a8 grp=0x0001 cmd=0x01 seq=194 off=0 chunk=19 acc=19 total=19
OTA rx complete: t=16227 dt=65 conn=0x200048a8 grp=0x0001 cmd=0x01 seq=194 rsp_len=19
OTA send: op=2 len=473 group=0x0001 cmd=0x01 seq=195
OTA command issued(write_cmd): rc=0 tx_len=481 smp=0x001f ccc=0x0020 sec=1
OTA tx inflight: t=16229 conn=0x200048a8 grp=0x0001 cmd=0x01 seq=195 len=473
OTA rsp part: t=16294 conn=0x200048a8 grp=0x0001 cmd=0x01 seq=195 off=0 chunk=19 acc=19 total=19
OTA rx complete: t=16295 dt=66 conn=0x200048a8 grp=0x0001 cmd=0x01 seq=195 rsp_len=19
OTA send: op=2 len=473 group=0x0001 cmd=0x01 seq=196
OTA command issued(write_cmd): rc=0 tx_len=481 smp=0x001f ccc=0x0020 sec=1
OTA tx inflight: t=16296 conn=0x200048a8 grp=0x0001 cmd=0x01 seq=196 len=473
OTA rsp part: t=16362 conn=0x200048a8 grp=0x0001 cmd=0x01 seq=196 off=0 chunk=19 acc=19 total=19
OTA rx complete: t=16362 dt=66 conn=0x200048a8 grp=0x0001 cmd=0x01 seq=196 rsp_len=19
OTA send: op=2 len=473 group=0x0001 cmd=0x01 seq=197
OTA command issued(write_cmd): rc=0 tx_len=481 smp=0x001f ccc=0x0020 sec=1
OTA tx inflight: t=16364 conn=0x200048a8 grp=0x0001 cmd=0x01 seq=197 len=473
OTA rsp part: t=16429 conn=0x200048a8 grp=0x0001 cmd=0x01 seq=197 off=0 chunk=19 acc=19 total=19
OTA rx complete: t=16430 dt=66 conn=0x200048a8 grp=0x0001 cmd=0x01 seq=197 rsp_len=19
OTA upload progress: 51% (87136/170296 bytes)
OTA send: op=2 len=473 group=0x0001 cmd=0x01 seq=198
OTA command issued(write_cmd): rc=0 tx_len=481 smp=0x001f ccc=0x0020 sec=1
OTA tx inflight: t=16432 conn=0x200048a8 grp=0x0001 cmd=0x01 seq=198 len=473
OTA rsp part: t=16497 conn=0x200048a8 grp=0x0001 cmd=0x01 seq=198 off=0 chunk=19 acc=19 total=19
OTA rx complete: t=16497 dt=65 conn=0x200048a8 grp=0x0001 cmd=0x01 seq=198 rsp_len=19
OTA send: op=2 len=473 group=0x0001 cmd=0x01 seq=199
OTA command issued(write_cmd): rc=0 tx_len=481 smp=0x001f ccc=0x0020 sec=1
OTA tx inflight: t=16499 conn=0x200048a8 grp=0x0001 cmd=0x01 seq=199 len=473
OTA rsp part: t=16564 conn=0x200048a8 grp=0x0001 cmd=0x01 seq=199 off=0 chunk=19 acc=19 total=19
OTA rx complete: t=16565 dt=66 conn=0x200048a8 grp=0x0001 cmd=0x01 seq=199 rsp_len=19
OTA send: op=2 len=473 group=0x0001 cmd=0x01 seq=200
OTA command issued(write_cmd): rc=0 tx_len=481 smp=0x001f ccc=0x0020 sec=1
OTA tx inflight: t=16566 conn=0x200048a8 grp=0x0001 cmd=0x01 seq=200 len=473
OTA rsp part: t=16620 conn=0x200048a8 grp=0x0001 cmd=0x01 seq=200 off=0 chunk=19 acc=19 total=19
OTA rx complete: t=16621 dt=55 conn=0x200048a8 grp=0x0001 cmd=0x01 seq=200 rsp_len=19
OTA send: op=2 len=473 group=0x0001 cmd=0x01 seq=201
OTA command issued(write_cmd): rc=0 tx_len=481 smp=0x001f ccc=0x0020 sec=1
OTA tx inflight: t=16623 conn=0x200048a8 grp=0x0001 cmd=0x01 seq=201 len=473
OTA rsp part: t=16688 conn=0x200048a8 grp=0x0001 cmd=0x01 seq=201 off=0 chunk=19 acc=19 total=19
OTA rx complete: t=16689 dt=66 conn=0x200048a8 grp=0x0001 cmd=0x01 seq=201 rsp_len=19
OTA upload progress: 52% (88928/170296 bytes)
OTA send: op=2 len=473 group=0x0001 cmd=0x01 seq=202
OTA command issued(write_cmd): rc=0 tx_len=481 smp=0x001f ccc=0x0020 sec=1
OTA tx inflight: t=16691 conn=0x200048a8 grp=0x0001 cmd=0x01 seq=202 len=473
OTA rsp part: t=16755 conn=0x200048a8 grp=0x0001 cmd=0x01 seq=202 off=0 chunk=19 acc=19 total=19
OTA rx complete: t=16756 dt=65 conn=0x200048a8 grp=0x0001 cmd=0x01 seq=202 rsp_len=19
OTA send: op=2 len=473 group=0x0001 cmd=0x01 seq=203
OTA command issued(write_cmd): rc=0 tx_len=481 smp=0x001f ccc=0x0020 sec=1
OTA tx inflight: t=16758 conn=0x200048a8 grp=0x0001 cmd=0x01 seq=203 len=473
OTA rsp part: t=16823 conn=0x200048a8 grp=0x0001 cmd=0x01 seq=203 off=0 chunk=19 acc=19 total=19
OTA rx complete: t=16824 dt=66 conn=0x200048a8 grp=0x0001 cmd=0x01 seq=203 rsp_len=19
OTA send: op=2 len=473 group=0x0001 cmd=0x01 seq=204
OTA command issued(write_cmd): rc=0 tx_len=481 smp=0x001f ccc=0x0020 sec=1
OTA tx inflight: t=16825 conn=0x200048a8 grp=0x0001 cmd=0x01 seq=204 len=473
OTA rsp part: t=16890 conn=0x200048a8 grp=0x0001 cmd=0x01 seq=204 off=0 chunk=19 acc=19 total=19
OTA rx complete: t=16891 dt=66 conn=0x200048a8 grp=0x0001 cmd=0x01 seq=204 rsp_len=19
OTA upload progress: 53% (90272/170296 bytes)
OTA send: op=2 len=473 group=0x0001 cmd=0x01 seq=205
OTA command issued(write_cmd): rc=0 tx_len=481 smp=0x001f ccc=0x0020 sec=1
OTA tx inflight: t=16893 conn=0x200048a8 grp=0x0001 cmd=0x01 seq=205 len=473
OTA rsp part: t=16958 conn=0x200048a8 grp=0x0001 cmd=0x01 seq=205 off=0 chunk=19 acc=19 total=19
OTA rx complete: t=16959 dt=66 conn=0x200048a8 grp=0x0001 cmd=0x01 seq=205 rsp_len=19
OTA send: op=2 len=473 group=0x0001 cmd=0x01 seq=206
OTA command issued(write_cmd): rc=0 tx_len=481 smp=0x001f ccc=0x0020 sec=1
OTA tx inflight: t=16960 conn=0x200048a8 grp=0x0001 cmd=0x01 seq=206 len=473
OTA rsp part: t=17025 conn=0x200048a8 grp=0x0001 cmd=0x01 seq=206 off=0 chunk=19 acc=19 total=19
OTA rx complete: t=17026 dt=66 conn=0x200048a8 grp=0x0001 cmd=0x01 seq=206 rsp_len=19
OTA send: op=2 len=473 group=0x0001 cmd=0x01 seq=207
OTA command issued(write_cmd): rc=0 tx_len=481 smp=0x001f ccc=0x0020 sec=1
OTA tx inflight: t=17028 conn=0x200048a8 grp=0x0001 cmd=0x01 seq=207 len=473
OTA rsp part: t=17093 conn=0x200048a8 grp=0x0001 cmd=0x01 seq=207 off=0 chunk=19 acc=19 total=19
OTA rx complete: t=17094 dt=66 conn=0x200048a8 grp=0x0001 cmd=0x01 seq=207 rsp_len=19
OTA send: op=2 len=473 group=0x0001 cmd=0x01 seq=208
OTA command issued(write_cmd): rc=0 tx_len=481 smp=0x001f ccc=0x0020 sec=1
OTA tx inflight: t=17095 conn=0x200048a8 grp=0x0001 cmd=0x01 seq=208 len=473
OTA rsp part: t=17149 conn=0x200048a8 grp=0x0001 cmd=0x01 seq=208 off=0 chunk=19 acc=19 total=19
OTA rx complete: t=17150 dt=55 conn=0x200048a8 grp=0x0001 cmd=0x01 seq=208 rsp_len=19
OTA upload progress: 54% (92064/170296 bytes)
OTA send: op=2 len=473 group=0x0001 cmd=0x01 seq=209
OTA command issued(write_cmd): rc=0 tx_len=481 smp=0x001f ccc=0x0020 sec=1
OTA tx inflight: t=17152 conn=0x200048a8 grp=0x0001 cmd=0x01 seq=209 len=473
OTA rsp part: t=17217 conn=0x200048a8 grp=0x0001 cmd=0x01 seq=209 off=0 chunk=19 acc=19 total=19
OTA rx complete: t=17217 dt=65 conn=0x200048a8 grp=0x0001 cmd=0x01 seq=209 rsp_len=19
OTA send: op=2 len=473 group=0x0001 cmd=0x01 seq=210
OTA command issued(write_cmd): rc=0 tx_len=481 smp=0x001f ccc=0x0020 sec=1
OTA tx inflight: t=17219 conn=0x200048a8 grp=0x0001 cmd=0x01 seq=210 len=473
OTA rsp part: t=17284 conn=0x200048a8 grp=0x0001 cmd=0x01 seq=210 off=0 chunk=19 acc=19 total=19
OTA rx complete: t=17285 dt=66 conn=0x200048a8 grp=0x0001 cmd=0x01 seq=210 rsp_len=19
OTA send: op=2 len=473 group=0x0001 cmd=0x01 seq=211
OTA command issued(write_cmd): rc=0 tx_len=481 smp=0x001f ccc=0x0020 sec=1
OTA tx inflight: t=17286 conn=0x200048a8 grp=0x0001 cmd=0x01 seq=211 len=473
OTA rsp part: t=17352 conn=0x200048a8 grp=0x0001 cmd=0x01 seq=211 off=0 chunk=19 acc=19 total=19
OTA rx complete: t=17352 dt=66 conn=0x200048a8 grp=0x0001 cmd=0x01 seq=211 rsp_len=19
OTA send: op=2 len=473 group=0x0001 cmd=0x01 seq=212
OTA command issued(write_cmd): rc=0 tx_len=481 smp=0x001f ccc=0x0020 sec=1
OTA tx inflight: t=17354 conn=0x200048a8 grp=0x0001 cmd=0x01 seq=212 len=473
OTA rsp part: t=17419 conn=0x200048a8 grp=0x0001 cmd=0x01 seq=212 off=0 chunk=19 acc=19 total=19
OTA rx complete: t=17420 dt=66 conn=0x200048a8 grp=0x0001 cmd=0x01 seq=212 rsp_len=19
OTA upload progress: 55% (93856/170296 bytes)
OTA send: op=2 len=473 group=0x0001 cmd=0x01 seq=213
OTA command issued(write_cmd): rc=0 tx_len=481 smp=0x001f ccc=0x0020 sec=1
OTA tx inflight: t=17422 conn=0x200048a8 grp=0x0001 cmd=0x01 seq=213 len=473
OTA rsp part: t=17487 conn=0x200048a8 grp=0x0001 cmd=0x01 seq=213 off=0 chunk=19 acc=19 total=19
OTA rx complete: t=17487 dt=65 conn=0x200048a8 grp=0x0001 cmd=0x01 seq=213 rsp_len=19
OTA send: op=2 len=473 group=0x0001 cmd=0x01 seq=214
OTA command issued(write_cmd): rc=0 tx_len=481 smp=0x001f ccc=0x0020 sec=1
OTA tx inflight: t=17489 conn=0x200048a8 grp=0x0001 cmd=0x01 seq=214 len=473
OTA rsp part: t=17554 conn=0x200048a8 grp=0x0001 cmd=0x01 seq=214 off=0 chunk=19 acc=19 total=19
OTA rx complete: t=17555 dt=66 conn=0x200048a8 grp=0x0001 cmd=0x01 seq=214 rsp_len=19
OTA send: op=2 len=473 group=0x0001 cmd=0x01 seq=215
OTA command issued(write_cmd): rc=0 tx_len=481 smp=0x001f ccc=0x0020 sec=1
OTA tx inflight: t=17556 conn=0x200048a8 grp=0x0001 cmd=0x01 seq=215 len=473
OTA rsp part: t=17622 conn=0x200048a8 grp=0x0001 cmd=0x01 seq=215 off=0 chunk=19 acc=19 total=19
OTA rx complete: t=17622 dt=66 conn=0x200048a8 grp=0x0001 cmd=0x01 seq=215 rsp_len=19
OTA send: op=2 len=473 group=0x0001 cmd=0x01 seq=216
OTA command issued(write_cmd): rc=0 tx_len=481 smp=0x001f ccc=0x0020 sec=1
OTA tx inflight: t=17624 conn=0x200048a8 grp=0x0001 cmd=0x01 seq=216 len=473
OTA rsp part: t=17678 conn=0x200048a8 grp=0x0001 cmd=0x01 seq=216 off=0 chunk=19 acc=19 total=19
OTA rx complete: t=17679 dt=55 conn=0x200048a8 grp=0x0001 cmd=0x01 seq=216 rsp_len=19
OTA upload progress: 56% (95648/170296 bytes)
OTA send: op=2 len=473 group=0x0001 cmd=0x01 seq=217
OTA command issued(write_cmd): rc=0 tx_len=481 smp=0x001f ccc=0x0020 sec=1
OTA tx inflight: t=17681 conn=0x200048a8 grp=0x0001 cmd=0x01 seq=217 len=473
OTA rsp part: t=17745 conn=0x200048a8 grp=0x0001 cmd=0x01 seq=217 off=0 chunk=19 acc=19 total=19
OTA rx complete: t=17746 dt=65 conn=0x200048a8 grp=0x0001 cmd=0x01 seq=217 rsp_len=19
OTA send: op=2 len=473 group=0x0001 cmd=0x01 seq=218
OTA command issued(write_cmd): rc=0 tx_len=481 smp=0x001f ccc=0x0020 sec=1
OTA tx inflight: t=17748 conn=0x200048a8 grp=0x0001 cmd=0x01 seq=218 len=473
OTA rsp part: t=17813 conn=0x200048a8 grp=0x0001 cmd=0x01 seq=218 off=0 chunk=19 acc=19 total=19
OTA rx complete: t=17814 dt=66 conn=0x200048a8 grp=0x0001 cmd=0x01 seq=218 rsp_len=19
OTA send: op=2 len=473 group=0x0001 cmd=0x01 seq=219
OTA command issued(write_cmd): rc=0 tx_len=481 smp=0x001f ccc=0x0020 sec=1
OTA tx inflight: t=17815 conn=0x200048a8 grp=0x0001 cmd=0x01 seq=219 len=473
OTA rsp part: t=17880 conn=0x200048a8 grp=0x0001 cmd=0x01 seq=219 off=0 chunk=19 acc=19 total=19
OTA rx complete: t=17881 dt=66 conn=0x200048a8 grp=0x0001 cmd=0x01 seq=219 rsp_len=19
OTA send: op=2 len=473 group=0x0001 cmd=0x01 seq=220
OTA command issued(write_cmd): rc=0 tx_len=481 smp=0x001f ccc=0x0020 sec=1
OTA tx inflight: t=17883 conn=0x200048a8 grp=0x0001 cmd=0x01 seq=220 len=473
OTA rsp part: t=17948 conn=0x200048a8 grp=0x0001 cmd=0x01 seq=220 off=0 chunk=19 acc=19 total=19
OTA rx complete: t=17949 dt=66 conn=0x200048a8 grp=0x0001 cmd=0x01 seq=220 rsp_len=19
OTA upload progress: 57% (97440/170296 bytes)
OTA send: op=2 len=473 group=0x0001 cmd=0x01 seq=221
OTA command issued(write_cmd): rc=0 tx_len=481 smp=0x001f ccc=0x0020 sec=1
OTA tx inflight: t=17951 conn=0x200048a8 grp=0x0001 cmd=0x01 seq=221 len=473
OTA rsp part: t=18015 conn=0x200048a8 grp=0x0001 cmd=0x01 seq=221 off=0 chunk=19 acc=19 total=19
OTA rx complete: t=18016 dt=65 conn=0x200048a8 grp=0x0001 cmd=0x01 seq=221 rsp_len=19
OTA send: op=2 len=473 group=0x0001 cmd=0x01 seq=222
OTA command issued(write_cmd): rc=0 tx_len=481 smp=0x001f ccc=0x0020 sec=1
OTA tx inflight: t=18018 conn=0x200048a8 grp=0x0001 cmd=0x01 seq=222 len=473
OTA rsp part: t=18094 conn=0x200048a8 grp=0x0001 cmd=0x01 seq=222 off=0 chunk=19 acc=19 total=19
OTA rx complete: t=18095 dt=77 conn=0x200048a8 grp=0x0001 cmd=0x01 seq=222 rsp_len=19
OTA send: op=2 len=473 group=0x0001 cmd=0x01 seq=223
OTA command issued(write_cmd): rc=0 tx_len=481 smp=0x001f ccc=0x0020 sec=1
OTA tx inflight: t=18096 conn=0x200048a8 grp=0x0001 cmd=0x01 seq=223 len=473
OTA rsp part: t=18162 conn=0x200048a8 grp=0x0001 cmd=0x01 seq=223 off=0 chunk=19 acc=19 total=19
OTA rx complete: t=18162 dt=66 conn=0x200048a8 grp=0x0001 cmd=0x01 seq=223 rsp_len=19
OTA upload progress: 58% (98784/170296 bytes)
OTA send: op=2 len=473 group=0x0001 cmd=0x01 seq=224
OTA command issued(write_cmd): rc=0 tx_len=481 smp=0x001f ccc=0x0020 sec=1
OTA tx inflight: t=18164 conn=0x200048a8 grp=0x0001 cmd=0x01 seq=224 len=473
OTA rsp part: t=18218 conn=0x200048a8 grp=0x0001 cmd=0x01 seq=224 off=0 chunk=19 acc=19 total=19
OTA rx complete: t=18219 dt=55 conn=0x200048a8 grp=0x0001 cmd=0x01 seq=224 rsp_len=19
OTA send: op=2 len=473 group=0x0001 cmd=0x01 seq=225
OTA command issued(write_cmd): rc=0 tx_len=481 smp=0x001f ccc=0x0020 sec=1
OTA tx inflight: t=18220 conn=0x200048a8 grp=0x0001 cmd=0x01 seq=225 len=473
OTA rsp part: t=18285 conn=0x200048a8 grp=0x0001 cmd=0x01 seq=225 off=0 chunk=19 acc=19 total=19
OTA rx complete: t=18286 dt=66 conn=0x200048a8 grp=0x0001 cmd=0x01 seq=225 rsp_len=19
OTA send: op=2 len=473 group=0x0001 cmd=0x01 seq=226
OTA command issued(write_cmd): rc=0 tx_len=481 smp=0x001f ccc=0x0020 sec=1
OTA tx inflight: t=18288 conn=0x200048a8 grp=0x0001 cmd=0x01 seq=226 len=473
OTA rsp part: t=18353 conn=0x200048a8 grp=0x0001 cmd=0x01 seq=226 off=0 chunk=19 acc=19 total=19
OTA rx complete: t=18354 dt=66 conn=0x200048a8 grp=0x0001 cmd=0x01 seq=226 rsp_len=19
OTA send: op=2 len=473 group=0x0001 cmd=0x01 seq=227
OTA command issued(write_cmd): rc=0 tx_len=481 smp=0x001f ccc=0x0020 sec=1
OTA tx inflight: t=18355 conn=0x200048a8 grp=0x0001 cmd=0x01 seq=227 len=473
OTA rsp part: t=18420 conn=0x200048a8 grp=0x0001 cmd=0x01 seq=227 off=0 chunk=19 acc=19 total=19
OTA rx complete: t=18421 dt=66 conn=0x200048a8 grp=0x0001 cmd=0x01 seq=227 rsp_len=19
OTA upload progress: 59% (100576/170296 bytes)
OTA send: op=2 len=473 group=0x0001 cmd=0x01 seq=228
OTA command issued(write_cmd): rc=0 tx_len=481 smp=0x001f ccc=0x0020 sec=1
OTA tx inflight: t=18423 conn=0x200048a8 grp=0x0001 cmd=0x01 seq=228 len=473
OTA rsp part: t=18488 conn=0x200048a8 grp=0x0001 cmd=0x01 seq=228 off=0 chunk=19 acc=19 total=19
OTA rx complete: t=18489 dt=66 conn=0x200048a8 grp=0x0001 cmd=0x01 seq=228 rsp_len=19
OTA send: op=2 len=473 group=0x0001 cmd=0x01 seq=229
OTA command issued(write_cmd): rc=0 tx_len=481 smp=0x001f ccc=0x0020 sec=1
OTA tx inflight: t=18490 conn=0x200048a8 grp=0x0001 cmd=0x01 seq=229 len=473
OTA rsp part: t=18555 conn=0x200048a8 grp=0x0001 cmd=0x01 seq=229 off=0 chunk=19 acc=19 total=19
OTA rx complete: t=18556 dt=66 conn=0x200048a8 grp=0x0001 cmd=0x01 seq=229 rsp_len=19
OTA send: op=2 len=473 group=0x0001 cmd=0x01 seq=230
OTA command issued(write_cmd): rc=0 tx_len=481 smp=0x001f ccc=0x0020 sec=1
OTA tx inflight: t=18558 conn=0x200048a8 grp=0x0001 cmd=0x01 seq=230 len=473
OTA rsp part: t=18623 conn=0x200048a8 grp=0x0001 cmd=0x01 seq=230 off=0 chunk=19 acc=19 total=19
OTA rx complete: t=18624 dt=66 conn=0x200048a8 grp=0x0001 cmd=0x01 seq=230 rsp_len=19
OTA send: op=2 len=473 group=0x0001 cmd=0x01 seq=231
OTA command issued(write_cmd): rc=0 tx_len=481 smp=0x001f ccc=0x0020 sec=1
OTA tx inflight: t=18625 conn=0x200048a8 grp=0x0001 cmd=0x01 seq=231 len=473
OTA rsp part: t=18690 conn=0x200048a8 grp=0x0001 cmd=0x01 seq=231 off=0 chunk=19 acc=19 total=19
OTA rx complete: t=18691 dt=66 conn=0x200048a8 grp=0x0001 cmd=0x01 seq=231 rsp_len=19
OTA upload progress: 60% (102368/170296 bytes)
OTA send: op=2 len=473 group=0x0001 cmd=0x01 seq=232
OTA command issued(write_cmd): rc=0 tx_len=481 smp=0x001f ccc=0x0020 sec=1
OTA tx inflight: t=18693 conn=0x200048a8 grp=0x0001 cmd=0x01 seq=232 len=473
OTA rsp part: t=18747 conn=0x200048a8 grp=0x0001 cmd=0x01 seq=232 off=0 chunk=19 acc=19 total=19
OTA rx complete: t=18747 dt=54 conn=0x200048a8 grp=0x0001 cmd=0x01 seq=232 rsp_len=19
OTA send: op=2 len=473 group=0x0001 cmd=0x01 seq=233
OTA command issued(write_cmd): rc=0 tx_len=481 smp=0x001f ccc=0x0020 sec=1
OTA tx inflight: t=18749 conn=0x200048a8 grp=0x0001 cmd=0x01 seq=233 len=473
OTA rsp part: t=18814 conn=0x200048a8 grp=0x0001 cmd=0x01 seq=233 off=0 chunk=19 acc=19 total=19
OTA rx complete: t=18815 dt=66 conn=0x200048a8 grp=0x0001 cmd=0x01 seq=233 rsp_len=19
OTA send: op=2 len=473 group=0x0001 cmd=0x01 seq=234
OTA command issued(write_cmd): rc=0 tx_len=481 smp=0x001f ccc=0x0020 sec=1
OTA tx inflight: t=18816 conn=0x200048a8 grp=0x0001 cmd=0x01 seq=234 len=473
OTA rsp part: t=18893 conn=0x200048a8 grp=0x0001 cmd=0x01 seq=234 off=0 chunk=19 acc=19 total=19
OTA rx complete: t=18894 dt=78 conn=0x200048a8 grp=0x0001 cmd=0x01 seq=234 rsp_len=19
OTA send: op=2 len=473 group=0x0001 cmd=0x01 seq=235
OTA command issued(write_cmd): rc=0 tx_len=481 smp=0x001f ccc=0x0020 sec=1
OTA tx inflight: t=18895 conn=0x200048a8 grp=0x0001 cmd=0x01 seq=235 len=473
OTA rsp part: t=18960 conn=0x200048a8 grp=0x0001 cmd=0x01 seq=235 off=0 chunk=19 acc=19 total=19
OTA rx complete: t=18961 dt=66 conn=0x200048a8 grp=0x0001 cmd=0x01 seq=235 rsp_len=19
OTA upload progress: 61% (104160/170296 bytes)
OTA send: op=2 len=473 group=0x0001 cmd=0x01 seq=236
OTA command issued(write_cmd): rc=0 tx_len=481 smp=0x001f ccc=0x0020 sec=1
OTA tx inflight: t=18963 conn=0x200048a8 grp=0x0001 cmd=0x01 seq=236 len=473
OTA rsp part: t=19028 conn=0x200048a8 grp=0x0001 cmd=0x01 seq=236 off=0 chunk=19 acc=19 total=19
OTA rx complete: t=19029 dt=66 conn=0x200048a8 grp=0x0001 cmd=0x01 seq=236 rsp_len=19
OTA send: op=2 len=473 group=0x0001 cmd=0x01 seq=237
OTA command issued(write_cmd): rc=0 tx_len=481 smp=0x001f ccc=0x0020 sec=1
OTA tx inflight: t=19030 conn=0x200048a8 grp=0x0001 cmd=0x01 seq=237 len=473
OTA rsp part: t=19095 conn=0x200048a8 grp=0x0001 cmd=0x01 seq=237 off=0 chunk=19 acc=19 total=19
OTA rx complete: t=19096 dt=66 conn=0x200048a8 grp=0x0001 cmd=0x01 seq=237 rsp_len=19
OTA send: op=2 len=473 group=0x0001 cmd=0x01 seq=238
OTA command issued(write_cmd): rc=0 tx_len=481 smp=0x001f ccc=0x0020 sec=1
OTA tx inflight: t=19098 conn=0x200048a8 grp=0x0001 cmd=0x01 seq=238 len=473
OTA rsp part: t=19163 conn=0x200048a8 grp=0x0001 cmd=0x01 seq=238 off=0 chunk=19 acc=19 total=19
OTA rx complete: t=19164 dt=66 conn=0x200048a8 grp=0x0001 cmd=0x01 seq=238 rsp_len=19
OTA send: op=2 len=473 group=0x0001 cmd=0x01 seq=239
OTA command issued(write_cmd): rc=0 tx_len=481 smp=0x001f ccc=0x0020 sec=1
OTA tx inflight: t=19165 conn=0x200048a8 grp=0x0001 cmd=0x01 seq=239 len=473
OTA rsp part: t=19230 conn=0x200048a8 grp=0x0001 cmd=0x01 seq=239 off=0 chunk=19 acc=19 total=19
OTA rx complete: t=19231 dt=66 conn=0x200048a8 grp=0x0001 cmd=0x01 seq=239 rsp_len=19
OTA upload progress: 62% (105952/170296 bytes)
OTA send: op=2 len=473 group=0x0001 cmd=0x01 seq=240
OTA command issued(write_cmd): rc=0 tx_len=481 smp=0x001f ccc=0x0020 sec=1
OTA tx inflight: t=19233 conn=0x200048a8 grp=0x0001 cmd=0x01 seq=240 len=473
OTA rsp part: t=19287 conn=0x200048a8 grp=0x0001 cmd=0x01 seq=240 off=0 chunk=19 acc=19 total=19
OTA rx complete: t=19287 dt=54 conn=0x200048a8 grp=0x0001 cmd=0x01 seq=240 rsp_len=19
OTA send: op=2 len=473 group=0x0001 cmd=0x01 seq=241
OTA command issued(write_cmd): rc=0 tx_len=481 smp=0x001f ccc=0x0020 sec=1
OTA tx inflight: t=19289 conn=0x200048a8 grp=0x0001 cmd=0x01 seq=241 len=473
OTA rsp part: t=19354 conn=0x200048a8 grp=0x0001 cmd=0x01 seq=241 off=0 chunk=19 acc=19 total=19
OTA rx complete: t=19355 dt=66 conn=0x200048a8 grp=0x0001 cmd=0x01 seq=241 rsp_len=19
OTA send: op=2 len=473 group=0x0001 cmd=0x01 seq=242
OTA command issued(write_cmd): rc=0 tx_len=481 smp=0x001f ccc=0x0020 sec=1
OTA tx inflight: t=19356 conn=0x200048a8 grp=0x0001 cmd=0x01 seq=242 len=473
OTA rsp part: t=19422 conn=0x200048a8 grp=0x0001 cmd=0x01 seq=242 off=0 chunk=19 acc=19 total=19
OTA rx complete: t=19422 dt=66 conn=0x200048a8 grp=0x0001 cmd=0x01 seq=242 rsp_len=19
OTA upload progress: 63% (107296/170296 bytes)
OTA send: op=2 len=473 group=0x0001 cmd=0x01 seq=243
OTA command issued(write_cmd): rc=0 tx_len=481 smp=0x001f ccc=0x0020 sec=1
OTA tx inflight: t=19424 conn=0x200048a8 grp=0x0001 cmd=0x01 seq=243 len=473
OTA rsp part: t=19500 conn=0x200048a8 grp=0x0001 cmd=0x01 seq=243 off=0 chunk=19 acc=19 total=19
OTA rx complete: t=19501 dt=77 conn=0x200048a8 grp=0x0001 cmd=0x01 seq=243 rsp_len=19
OTA send: op=2 len=473 group=0x0001 cmd=0x01 seq=244
OTA command issued(write_cmd): rc=0 tx_len=481 smp=0x001f ccc=0x0020 sec=1
OTA tx inflight: t=19503 conn=0x200048a8 grp=0x0001 cmd=0x01 seq=244 len=473
OTA rsp part: t=19568 conn=0x200048a8 grp=0x0001 cmd=0x01 seq=244 off=0 chunk=19 acc=19 total=19
OTA rx complete: t=19569 dt=66 conn=0x200048a8 grp=0x0001 cmd=0x01 seq=244 rsp_len=19
OTA send: op=2 len=473 group=0x0001 cmd=0x01 seq=245
OTA command issued(write_cmd): rc=0 tx_len=481 smp=0x001f ccc=0x0020 sec=1
OTA tx inflight: t=19570 conn=0x200048a8 grp=0x0001 cmd=0x01 seq=245 len=473
OTA rsp part: t=19635 conn=0x200048a8 grp=0x0001 cmd=0x01 seq=245 off=0 chunk=19 acc=19 total=19
OTA rx complete: t=19636 dt=66 conn=0x200048a8 grp=0x0001 cmd=0x01 seq=245 rsp_len=19
OTA send: op=2 len=473 group=0x0001 cmd=0x01 seq=246
OTA command issued(write_cmd): rc=0 tx_len=481 smp=0x001f ccc=0x0020 sec=1
OTA tx inflight: t=19638 conn=0x200048a8 grp=0x0001 cmd=0x01 seq=246 len=473
OTA rsp part: t=19703 conn=0x200048a8 grp=0x0001 cmd=0x01 seq=246 off=0 chunk=19 acc=19 total=19
OTA rx complete: t=19704 dt=66 conn=0x200048a8 grp=0x0001 cmd=0x01 seq=246 rsp_len=19
OTA upload progress: 64% (109088/170296 bytes)
OTA send: op=2 len=473 group=0x0001 cmd=0x01 seq=247
OTA command issued(write_cmd): rc=0 tx_len=481 smp=0x001f ccc=0x0020 sec=1
OTA tx inflight: t=19706 conn=0x200048a8 grp=0x0001 cmd=0x01 seq=247 len=473
OTA rsp part: t=19770 conn=0x200048a8 grp=0x0001 cmd=0x01 seq=247 off=0 chunk=19 acc=19 total=19
OTA rx complete: t=19771 dt=65 conn=0x200048a8 grp=0x0001 cmd=0x01 seq=247 rsp_len=19
OTA send: op=2 len=473 group=0x0001 cmd=0x01 seq=248
OTA command issued(write_cmd): rc=0 tx_len=481 smp=0x001f ccc=0x0020 sec=1
OTA tx inflight: t=19773 conn=0x200048a8 grp=0x0001 cmd=0x01 seq=248 len=473
OTA rsp part: t=19827 conn=0x200048a8 grp=0x0001 cmd=0x01 seq=248 off=0 chunk=19 acc=19 total=19
OTA rx complete: t=19827 dt=54 conn=0x200048a8 grp=0x0001 cmd=0x01 seq=248 rsp_len=19
OTA send: op=2 len=473 group=0x0001 cmd=0x01 seq=249
OTA command issued(write_cmd): rc=0 tx_len=481 smp=0x001f ccc=0x0020 sec=1
OTA tx inflight: t=19829 conn=0x200048a8 grp=0x0001 cmd=0x01 seq=249 len=473
OTA rsp part: t=19894 conn=0x200048a8 grp=0x0001 cmd=0x01 seq=249 off=0 chunk=19 acc=19 total=19
OTA rx complete: t=19895 dt=66 conn=0x200048a8 grp=0x0001 cmd=0x01 seq=249 rsp_len=19
OTA send: op=2 len=473 group=0x0001 cmd=0x01 seq=250
OTA command issued(write_cmd): rc=0 tx_len=481 smp=0x001f ccc=0x0020 sec=1
OTA tx inflight: t=19896 conn=0x200048a8 grp=0x0001 cmd=0x01 seq=250 len=473
OTA rsp part: t=19962 conn=0x200048a8 grp=0x0001 cmd=0x01 seq=250 off=0 chunk=19 acc=19 total=19
OTA rx complete: t=19962 dt=66 conn=0x200048a8 grp=0x0001 cmd=0x01 seq=250 rsp_len=19
OTA upload progress: 65% (110880/170296 bytes)
OTA send: op=2 len=473 group=0x0001 cmd=0x01 seq=251
OTA command issued(write_cmd): rc=0 tx_len=481 smp=0x001f ccc=0x0020 sec=1
OTA tx inflight: t=19964 conn=0x200048a8 grp=0x0001 cmd=0x01 seq=251 len=473
OTA rsp part: t=20029 conn=0x200048a8 grp=0x0001 cmd=0x01 seq=251 off=0 chunk=19 acc=19 total=19
OTA rx complete: t=20030 dt=66 conn=0x200048a8 grp=0x0001 cmd=0x01 seq=251 rsp_len=19
OTA send: op=2 len=473 group=0x0001 cmd=0x01 seq=252
OTA command issued(write_cmd): rc=0 tx_len=481 smp=0x001f ccc=0x0020 sec=1
OTA tx inflight: t=20031 conn=0x200048a8 grp=0x0001 cmd=0x01 seq=252 len=473
OTA rsp part: t=20097 conn=0x200048a8 grp=0x0001 cmd=0x01 seq=252 off=0 chunk=19 acc=19 total=19
OTA rx complete: t=20097 dt=66 conn=0x200048a8 grp=0x0001 cmd=0x01 seq=252 rsp_len=19
OTA send: op=2 len=473 group=0x0001 cmd=0x01 seq=253
OTA command issued(write_cmd): rc=0 tx_len=481 smp=0x001f ccc=0x0020 sec=1
OTA tx inflight: t=20099 conn=0x200048a8 grp=0x0001 cmd=0x01 seq=253 len=473
OTA rsp part: t=20164 conn=0x200048a8 grp=0x0001 cmd=0x01 seq=253 off=0 chunk=19 acc=19 total=19
OTA rx complete: t=20165 dt=66 conn=0x200048a8 grp=0x0001 cmd=0x01 seq=253 rsp_len=19
OTA send: op=2 len=473 group=0x0001 cmd=0x01 seq=254
OTA command issued(write_cmd): rc=0 tx_len=481 smp=0x001f ccc=0x0020 sec=1
OTA tx inflight: t=20166 conn=0x200048a8 grp=0x0001 cmd=0x01 seq=254 len=473
OTA rsp part: t=20232 conn=0x200048a8 grp=0x0001 cmd=0x01 seq=254 off=0 chunk=19 acc=19 total=19
OTA rx complete: t=20232 dt=66 conn=0x200048a8 grp=0x0001 cmd=0x01 seq=254 rsp_len=19
OTA upload progress: 66% (112672/170296 bytes)
OTA send: op=2 len=473 group=0x0001 cmd=0x01 seq=255
OTA command issued(write_cmd): rc=0 tx_len=481 smp=0x001f ccc=0x0020 sec=1
OTA tx inflight: t=20234 conn=0x200048a8 grp=0x0001 cmd=0x01 seq=255 len=473
OTA rsp part: t=20299 conn=0x200048a8 grp=0x0001 cmd=0x01 seq=255 off=0 chunk=19 acc=19 total=19
OTA rx complete: t=20300 dt=66 conn=0x200048a8 grp=0x0001 cmd=0x01 seq=255 rsp_len=19
OTA send: op=2 len=473 group=0x0001 cmd=0x01 seq=0
OTA command issued(write_cmd): rc=0 tx_len=481 smp=0x001f ccc=0x0020 sec=1
OTA tx inflight: t=20301 conn=0x200048a8 grp=0x0001 cmd=0x01 seq=0 len=473
OTA rsp part: t=20355 conn=0x200048a8 grp=0x0001 cmd=0x01 seq=0 off=0 chunk=19 acc=19 total=19
OTA rx complete: t=20356 dt=55 conn=0x200048a8 grp=0x0001 cmd=0x01 seq=0 rsp_len=19
OTA send: op=2 len=473 group=0x0001 cmd=0x01 seq=1
OTA command issued(write_cmd): rc=0 tx_len=481 smp=0x001f ccc=0x0020 sec=1
OTA tx inflight: t=20358 conn=0x200048a8 grp=0x0001 cmd=0x01 seq=1 len=473
OTA rsp part: t=20423 conn=0x200048a8 grp=0x0001 cmd=0x01 seq=1 off=0 chunk=19 acc=19 total=19
OTA rx complete: t=20424 dt=66 conn=0x200048a8 grp=0x0001 cmd=0x01 seq=1 rsp_len=19
OTA send: op=2 len=473 group=0x0001 cmd=0x01 seq=2
OTA command issued(write_cmd): rc=0 tx_len=481 smp=0x001f ccc=0x0020 sec=1
OTA tx inflight: t=20425 conn=0x200048a8 grp=0x0001 cmd=0x01 seq=2 len=473
OTA rsp part: t=20502 conn=0x200048a8 grp=0x0001 cmd=0x01 seq=2 off=0 chunk=19 acc=19 total=19
OTA rx complete: t=20502 dt=77 conn=0x200048a8 grp=0x0001 cmd=0x01 seq=2 rsp_len=19
OTA upload progress: 67% (114464/170296 bytes)
OTA send: op=2 len=473 group=0x0001 cmd=0x01 seq=3
OTA command issued(write_cmd): rc=0 tx_len=481 smp=0x001f ccc=0x0020 sec=1
OTA tx inflight: t=20504 conn=0x200048a8 grp=0x0001 cmd=0x01 seq=3 len=473
OTA rsp part: t=20569 conn=0x200048a8 grp=0x0001 cmd=0x01 seq=3 off=0 chunk=19 acc=19 total=19
OTA rx complete: t=20570 dt=66 conn=0x200048a8 grp=0x0001 cmd=0x01 seq=3 rsp_len=19
OTA send: op=2 len=473 group=0x0001 cmd=0x01 seq=4
OTA command issued(write_cmd): rc=0 tx_len=481 smp=0x001f ccc=0x0020 sec=1
OTA tx inflight: t=20571 conn=0x200048a8 grp=0x0001 cmd=0x01 seq=4 len=473
OTA rsp part: t=20637 conn=0x200048a8 grp=0x0001 cmd=0x01 seq=4 off=0 chunk=19 acc=19 total=19
OTA rx complete: t=20637 dt=66 conn=0x200048a8 grp=0x0001 cmd=0x01 seq=4 rsp_len=19
OTA send: op=2 len=473 group=0x0001 cmd=0x01 seq=5
OTA command issued(write_cmd): rc=0 tx_len=481 smp=0x001f ccc=0x0020 sec=1
OTA tx inflight: t=20639 conn=0x200048a8 grp=0x0001 cmd=0x01 seq=5 len=473
OTA rsp part: t=20704 conn=0x200048a8 grp=0x0001 cmd=0x01 seq=5 off=0 chunk=19 acc=19 total=19
OTA rx complete: t=20705 dt=66 conn=0x200048a8 grp=0x0001 cmd=0x01 seq=5 rsp_len=19
OTA upload progress: 68% (115808/170296 bytes)
OTA send: op=2 len=473 group=0x0001 cmd=0x01 seq=6
OTA command issued(write_cmd): rc=0 tx_len=481 smp=0x001f ccc=0x0020 sec=1
OTA tx inflight: t=20707 conn=0x200048a8 grp=0x0001 cmd=0x01 seq=6 len=473
OTA rsp part: t=20772 conn=0x200048a8 grp=0x0001 cmd=0x01 seq=6 off=0 chunk=19 acc=19 total=19
OTA rx complete: t=20772 dt=65 conn=0x200048a8 grp=0x0001 cmd=0x01 seq=6 rsp_len=19
OTA send: op=2 len=473 group=0x0001 cmd=0x01 seq=7
OTA command issued(write_cmd): rc=0 tx_len=481 smp=0x001f ccc=0x0020 sec=1
OTA tx inflight: t=20774 conn=0x200048a8 grp=0x0001 cmd=0x01 seq=7 len=473
OTA rsp part: t=20839 conn=0x200048a8 grp=0x0001 cmd=0x01 seq=7 off=0 chunk=19 acc=19 total=19
OTA rx complete: t=20840 dt=66 conn=0x200048a8 grp=0x0001 cmd=0x01 seq=7 rsp_len=19
OTA send: op=2 len=473 group=0x0001 cmd=0x01 seq=8
OTA command issued(write_cmd): rc=0 tx_len=481 smp=0x001f ccc=0x0020 sec=1
OTA tx inflight: t=20841 conn=0x200048a8 grp=0x0001 cmd=0x01 seq=8 len=473
OTA rsp part: t=20895 conn=0x200048a8 grp=0x0001 cmd=0x01 seq=8 off=0 chunk=19 acc=19 total=19
OTA rx complete: t=20896 dt=55 conn=0x200048a8 grp=0x0001 cmd=0x01 seq=8 rsp_len=19
OTA send: op=2 len=473 group=0x0001 cmd=0x01 seq=9
OTA command issued(write_cmd): rc=0 tx_len=481 smp=0x001f ccc=0x0020 sec=1
OTA tx inflight: t=20898 conn=0x200048a8 grp=0x0001 cmd=0x01 seq=9 len=473
OTA rsp part: t=20963 conn=0x200048a8 grp=0x0001 cmd=0x01 seq=9 off=0 chunk=19 acc=19 total=19
OTA rx complete: t=20964 dt=66 conn=0x200048a8 grp=0x0001 cmd=0x01 seq=9 rsp_len=19
OTA upload progress: 69% (117600/170296 bytes)
OTA send: op=2 len=473 group=0x0001 cmd=0x01 seq=10
OTA command issued(write_cmd): rc=0 tx_len=481 smp=0x001f ccc=0x0020 sec=1
OTA tx inflight: t=20965 conn=0x200048a8 grp=0x0001 cmd=0x01 seq=10 len=473
OTA rsp part: t=21030 conn=0x200048a8 grp=0x0001 cmd=0x01 seq=10 off=0 chunk=19 acc=19 total=19
OTA rx complete: t=21031 dt=66 conn=0x200048a8 grp=0x0001 cmd=0x01 seq=10 rsp_len=19
OTA send: op=2 len=473 group=0x0001 cmd=0x01 seq=11
OTA command issued(write_cmd): rc=0 tx_len=481 smp=0x001f ccc=0x0020 sec=1
OTA tx inflight: t=21033 conn=0x200048a8 grp=0x0001 cmd=0x01 seq=11 len=473
OTA rsp part: t=21098 conn=0x200048a8 grp=0x0001 cmd=0x01 seq=11 off=0 chunk=19 acc=19 total=19
OTA rx complete: t=21099 dt=66 conn=0x200048a8 grp=0x0001 cmd=0x01 seq=11 rsp_len=19
OTA send: op=2 len=473 group=0x0001 cmd=0x01 seq=12
OTA command issued(write_cmd): rc=0 tx_len=481 smp=0x001f ccc=0x0020 sec=1
OTA tx inflight: t=21100 conn=0x200048a8 grp=0x0001 cmd=0x01 seq=12 len=473
OTA rsp part: t=21165 conn=0x200048a8 grp=0x0001 cmd=0x01 seq=12 off=0 chunk=19 acc=19 total=19
OTA rx complete: t=21166 dt=66 conn=0x200048a8 grp=0x0001 cmd=0x01 seq=12 rsp_len=19
OTA send: op=2 len=473 group=0x0001 cmd=0x01 seq=13
OTA command issued(write_cmd): rc=0 tx_len=481 smp=0x001f ccc=0x0020 sec=1
OTA tx inflight: t=21168 conn=0x200048a8 grp=0x0001 cmd=0x01 seq=13 len=473
OTA rsp part: t=21233 conn=0x200048a8 grp=0x0001 cmd=0x01 seq=13 off=0 chunk=19 acc=19 total=19
OTA rx complete: t=21234 dt=66 conn=0x200048a8 grp=0x0001 cmd=0x01 seq=13 rsp_len=19
OTA upload progress: 70% (119392/170296 bytes)
OTA send: op=2 len=473 group=0x0001 cmd=0x01 seq=14
OTA command issued(write_cmd): rc=0 tx_len=481 smp=0x001f ccc=0x0020 sec=1
OTA tx inflight: t=21235 conn=0x200048a8 grp=0x0001 cmd=0x01 seq=14 len=473
OTA rsp part: t=21300 conn=0x200048a8 grp=0x0001 cmd=0x01 seq=14 off=0 chunk=19 acc=19 total=19
OTA rx complete: t=21301 dt=66 conn=0x200048a8 grp=0x0001 cmd=0x01 seq=14 rsp_len=19
OTA send: op=2 len=473 group=0x0001 cmd=0x01 seq=15
OTA command issued(write_cmd): rc=0 tx_len=481 smp=0x001f ccc=0x0020 sec=1
OTA tx inflight: t=21303 conn=0x200048a8 grp=0x0001 cmd=0x01 seq=15 len=473
OTA rsp part: t=21368 conn=0x200048a8 grp=0x0001 cmd=0x01 seq=15 off=0 chunk=19 acc=19 total=19
OTA rx complete: t=21369 dt=66 conn=0x200048a8 grp=0x0001 cmd=0x01 seq=15 rsp_len=19
OTA send: op=2 len=473 group=0x0001 cmd=0x01 seq=16
OTA command issued(write_cmd): rc=0 tx_len=481 smp=0x001f ccc=0x0020 sec=1
OTA tx inflight: t=21370 conn=0x200048a8 grp=0x0001 cmd=0x01 seq=16 len=473
OTA rsp part: t=21424 conn=0x200048a8 grp=0x0001 cmd=0x01 seq=16 off=0 chunk=19 acc=19 total=19
OTA rx complete: t=21425 dt=55 conn=0x200048a8 grp=0x0001 cmd=0x01 seq=16 rsp_len=19
OTA send: op=2 len=473 group=0x0001 cmd=0x01 seq=17
OTA command issued(write_cmd): rc=0 tx_len=481 smp=0x001f ccc=0x0020 sec=1
OTA tx inflight: t=21426 conn=0x200048a8 grp=0x0001 cmd=0x01 seq=17 len=473
OTA rsp part: t=21492 conn=0x200048a8 grp=0x0001 cmd=0x01 seq=17 off=0 chunk=19 acc=19 total=19
OTA rx complete: t=21492 dt=66 conn=0x200048a8 grp=0x0001 cmd=0x01 seq=17 rsp_len=19
OTA upload progress: 71% (121184/170296 bytes)
OTA send: op=2 len=473 group=0x0001 cmd=0x01 seq=18
OTA command issued(write_cmd): rc=0 tx_len=481 smp=0x001f ccc=0x0020 sec=1
OTA tx inflight: t=21494 conn=0x200048a8 grp=0x0001 cmd=0x01 seq=18 len=473
OTA rsp part: t=21559 conn=0x200048a8 grp=0x0001 cmd=0x01 seq=18 off=0 chunk=19 acc=19 total=19
OTA rx complete: t=21560 dt=66 conn=0x200048a8 grp=0x0001 cmd=0x01 seq=18 rsp_len=19
OTA send: op=2 len=473 group=0x0001 cmd=0x01 seq=19
OTA command issued(write_cmd): rc=0 tx_len=481 smp=0x001f ccc=0x0020 sec=1
OTA tx inflight: t=21561 conn=0x200048a8 grp=0x0001 cmd=0x01 seq=19 len=473
OTA rsp part: t=21627 conn=0x200048a8 grp=0x0001 cmd=0x01 seq=19 off=0 chunk=19 acc=19 total=19
OTA rx complete: t=21627 dt=66 conn=0x200048a8 grp=0x0001 cmd=0x01 seq=19 rsp_len=19
OTA send: op=2 len=473 group=0x0001 cmd=0x01 seq=20
OTA command issued(write_cmd): rc=0 tx_len=481 smp=0x001f ccc=0x0020 sec=1
OTA tx inflight: t=21629 conn=0x200048a8 grp=0x0001 cmd=0x01 seq=20 len=473
OTA rsp part: t=21694 conn=0x200048a8 grp=0x0001 cmd=0x01 seq=20 off=0 chunk=19 acc=19 total=19
OTA rx complete: t=21695 dt=66 conn=0x200048a8 grp=0x0001 cmd=0x01 seq=20 rsp_len=19
OTA send: op=2 len=473 group=0x0001 cmd=0x01 seq=21
OTA command issued(write_cmd): rc=0 tx_len=481 smp=0x001f ccc=0x0020 sec=1
OTA tx inflight: t=21696 conn=0x200048a8 grp=0x0001 cmd=0x01 seq=21 len=473
OTA rsp part: t=21762 conn=0x200048a8 grp=0x0001 cmd=0x01 seq=21 off=0 chunk=19 acc=19 total=19
OTA rx complete: t=21762 dt=66 conn=0x200048a8 grp=0x0001 cmd=0x01 seq=21 rsp_len=19
OTA upload progress: 72% (122976/170296 bytes)
OTA send: op=2 len=473 group=0x0001 cmd=0x01 seq=22
OTA command issued(write_cmd): rc=0 tx_len=481 smp=0x001f ccc=0x0020 sec=1
OTA tx inflight: t=21764 conn=0x200048a8 grp=0x0001 cmd=0x01 seq=22 len=473
OTA rsp part: t=21829 conn=0x200048a8 grp=0x0001 cmd=0x01 seq=22 off=0 chunk=19 acc=19 total=19
OTA rx complete: t=21830 dt=66 conn=0x200048a8 grp=0x0001 cmd=0x01 seq=22 rsp_len=19
OTA send: op=2 len=473 group=0x0001 cmd=0x01 seq=23
OTA command issued(write_cmd): rc=0 tx_len=481 smp=0x001f ccc=0x0020 sec=1
OTA tx inflight: t=21831 conn=0x200048a8 grp=0x0001 cmd=0x01 seq=23 len=473
OTA rsp part: t=21897 conn=0x200048a8 grp=0x0001 cmd=0x01 seq=23 off=0 chunk=19 acc=19 total=19
OTA rx complete: t=21897 dt=66 conn=0x200048a8 grp=0x0001 cmd=0x01 seq=23 rsp_len=19
OTA send: op=2 len=473 group=0x0001 cmd=0x01 seq=24
OTA command issued(write_cmd): rc=0 tx_len=481 smp=0x001f ccc=0x0020 sec=1
OTA tx inflight: t=21899 conn=0x200048a8 grp=0x0001 cmd=0x01 seq=24 len=473
OTA rsp part: t=21953 conn=0x200048a8 grp=0x0001 cmd=0x01 seq=24 off=0 chunk=19 acc=19 total=19
OTA rx complete: t=21954 dt=55 conn=0x200048a8 grp=0x0001 cmd=0x01 seq=24 rsp_len=19
OTA upload progress: 73% (124320/170296 bytes)
OTA send: op=2 len=473 group=0x0001 cmd=0x01 seq=25
OTA command issued(write_cmd): rc=0 tx_len=481 smp=0x001f ccc=0x0020 sec=1
OTA tx inflight: t=21955 conn=0x200048a8 grp=0x0001 cmd=0x01 seq=25 len=473
OTA rsp part: t=22020 conn=0x200048a8 grp=0x0001 cmd=0x01 seq=25 off=0 chunk=19 acc=19 total=19
OTA rx complete: t=22021 dt=66 conn=0x200048a8 grp=0x0001 cmd=0x01 seq=25 rsp_len=19
OTA send: op=2 len=473 group=0x0001 cmd=0x01 seq=26
OTA command issued(write_cmd): rc=0 tx_len=481 smp=0x001f ccc=0x0020 sec=1
OTA tx inflight: t=22023 conn=0x200048a8 grp=0x0001 cmd=0x01 seq=26 len=473
OTA rsp part: t=22088 conn=0x200048a8 grp=0x0001 cmd=0x01 seq=26 off=0 chunk=19 acc=19 total=19
OTA rx complete: t=22089 dt=66 conn=0x200048a8 grp=0x0001 cmd=0x01 seq=26 rsp_len=19
OTA send: op=2 len=473 group=0x0001 cmd=0x01 seq=27
OTA command issued(write_cmd): rc=0 tx_len=481 smp=0x001f ccc=0x0020 sec=1
OTA tx inflight: t=22090 conn=0x200048a8 grp=0x0001 cmd=0x01 seq=27 len=473
OTA rsp part: t=22155 conn=0x200048a8 grp=0x0001 cmd=0x01 seq=27 off=0 chunk=19 acc=19 total=19
OTA rx complete: t=22156 dt=66 conn=0x200048a8 grp=0x0001 cmd=0x01 seq=27 rsp_len=19
OTA send: op=2 len=473 group=0x0001 cmd=0x01 seq=28
OTA command issued(write_cmd): rc=0 tx_len=481 smp=0x001f ccc=0x0020 sec=1
OTA tx inflight: t=22158 conn=0x200048a8 grp=0x0001 cmd=0x01 seq=28 len=473
OTA rsp part: t=22223 conn=0x200048a8 grp=0x0001 cmd=0x01 seq=28 off=0 chunk=19 acc=19 total=19
OTA rx complete: t=22224 dt=66 conn=0x200048a8 grp=0x0001 cmd=0x01 seq=28 rsp_len=19
OTA upload progress: 74% (126112/170296 bytes)
OTA send: op=2 len=473 group=0x0001 cmd=0x01 seq=29
OTA command issued(write_cmd): rc=0 tx_len=481 smp=0x001f ccc=0x0020 sec=1
OTA tx inflight: t=22226 conn=0x200048a8 grp=0x0001 cmd=0x01 seq=29 len=473
OTA rsp part: t=22290 conn=0x200048a8 grp=0x0001 cmd=0x01 seq=29 off=0 chunk=19 acc=19 total=19
OTA rx complete: t=22291 dt=65 conn=0x200048a8 grp=0x0001 cmd=0x01 seq=29 rsp_len=19
OTA send: op=2 len=473 group=0x0001 cmd=0x01 seq=30
OTA command issued(write_cmd): rc=0 tx_len=481 smp=0x001f ccc=0x0020 sec=1
OTA tx inflight: t=22293 conn=0x200048a8 grp=0x0001 cmd=0x01 seq=30 len=473
OTA rsp part: t=22358 conn=0x200048a8 grp=0x0001 cmd=0x01 seq=30 off=0 chunk=19 acc=19 total=19
OTA rx complete: t=22359 dt=66 conn=0x200048a8 grp=0x0001 cmd=0x01 seq=30 rsp_len=19
OTA send: op=2 len=473 group=0x0001 cmd=0x01 seq=31
OTA command issued(write_cmd): rc=0 tx_len=481 smp=0x001f ccc=0x0020 sec=1
OTA tx inflight: t=22360 conn=0x200048a8 grp=0x0001 cmd=0x01 seq=31 len=473
OTA rsp part: t=22425 conn=0x200048a8 grp=0x0001 cmd=0x01 seq=31 off=0 chunk=19 acc=19 total=19
OTA rx complete: t=22426 dt=66 conn=0x200048a8 grp=0x0001 cmd=0x01 seq=31 rsp_len=19
OTA send: op=2 len=473 group=0x0001 cmd=0x01 seq=32
OTA command issued(write_cmd): rc=0 tx_len=481 smp=0x001f ccc=0x0020 sec=1
OTA tx inflight: t=22428 conn=0x200048a8 grp=0x0001 cmd=0x01 seq=32 len=473
OTA rsp part: t=22482 conn=0x200048a8 grp=0x0001 cmd=0x01 seq=32 off=0 chunk=19 acc=19 total=19
OTA rx complete: t=22482 dt=54 conn=0x200048a8 grp=0x0001 cmd=0x01 seq=32 rsp_len=19
OTA upload progress: 75% (127904/170296 bytes)
OTA send: op=2 len=473 group=0x0001 cmd=0x01 seq=33
OTA command issued(write_cmd): rc=0 tx_len=481 smp=0x001f ccc=0x0020 sec=1
OTA tx inflight: t=22484 conn=0x200048a8 grp=0x0001 cmd=0x01 seq=33 len=473
OTA rsp part: t=22549 conn=0x200048a8 grp=0x0001 cmd=0x01 seq=33 off=0 chunk=19 acc=19 total=19
OTA rx complete: t=22550 dt=66 conn=0x200048a8 grp=0x0001 cmd=0x01 seq=33 rsp_len=19
OTA send: op=2 len=473 group=0x0001 cmd=0x01 seq=34
OTA command issued(write_cmd): rc=0 tx_len=481 smp=0x001f ccc=0x0020 sec=1
OTA tx inflight: t=22551 conn=0x200048a8 grp=0x0001 cmd=0x01 seq=34 len=473
OTA rsp part: t=22617 conn=0x200048a8 grp=0x0001 cmd=0x01 seq=34 off=0 chunk=19 acc=19 total=19
OTA rx complete: t=22617 dt=66 conn=0x200048a8 grp=0x0001 cmd=0x01 seq=34 rsp_len=19
OTA send: op=2 len=473 group=0x0001 cmd=0x01 seq=35
OTA command issued(write_cmd): rc=0 tx_len=481 smp=0x001f ccc=0x0020 sec=1
OTA tx inflight: t=22619 conn=0x200048a8 grp=0x0001 cmd=0x01 seq=35 len=473
OTA rsp part: t=22684 conn=0x200048a8 grp=0x0001 cmd=0x01 seq=35 off=0 chunk=19 acc=19 total=19
OTA rx complete: t=22685 dt=66 conn=0x200048a8 grp=0x0001 cmd=0x01 seq=35 rsp_len=19
OTA send: op=2 len=473 group=0x0001 cmd=0x01 seq=36
OTA command issued(write_cmd): rc=0 tx_len=481 smp=0x001f ccc=0x0020 sec=1
OTA tx inflight: t=22686 conn=0x200048a8 grp=0x0001 cmd=0x01 seq=36 len=473
OTA rsp part: t=22752 conn=0x200048a8 grp=0x0001 cmd=0x01 seq=36 off=0 chunk=19 acc=19 total=19
OTA rx complete: t=22752 dt=66 conn=0x200048a8 grp=0x0001 cmd=0x01 seq=36 rsp_len=19
OTA upload progress: 76% (129696/170296 bytes)
OTA send: op=2 len=473 group=0x0001 cmd=0x01 seq=37
OTA command issued(write_cmd): rc=0 tx_len=481 smp=0x001f ccc=0x0020 sec=1
OTA tx inflight: t=22754 conn=0x200048a8 grp=0x0001 cmd=0x01 seq=37 len=473
OTA rsp part: t=22819 conn=0x200048a8 grp=0x0001 cmd=0x01 seq=37 off=0 chunk=19 acc=19 total=19
OTA rx complete: t=22820 dt=66 conn=0x200048a8 grp=0x0001 cmd=0x01 seq=37 rsp_len=19
OTA send: op=2 len=473 group=0x0001 cmd=0x01 seq=38
OTA command issued(write_cmd): rc=0 tx_len=481 smp=0x001f ccc=0x0020 sec=1
OTA tx inflight: t=22821 conn=0x200048a8 grp=0x0001 cmd=0x01 seq=38 len=473
OTA rsp part: t=22887 conn=0x200048a8 grp=0x0001 cmd=0x01 seq=38 off=0 chunk=19 acc=19 total=19
OTA rx complete: t=22887 dt=66 conn=0x200048a8 grp=0x0001 cmd=0x01 seq=38 rsp_len=19
OTA send: op=2 len=473 group=0x0001 cmd=0x01 seq=39
OTA command issued(write_cmd): rc=0 tx_len=481 smp=0x001f ccc=0x0020 sec=1
OTA tx inflight: t=22889 conn=0x200048a8 grp=0x0001 cmd=0x01 seq=39 len=473
OTA rsp part: t=22954 conn=0x200048a8 grp=0x0001 cmd=0x01 seq=39 off=0 chunk=19 acc=19 total=19
OTA rx complete: t=22955 dt=66 conn=0x200048a8 grp=0x0001 cmd=0x01 seq=39 rsp_len=19
OTA send: op=2 len=473 group=0x0001 cmd=0x01 seq=40
OTA command issued(write_cmd): rc=0 tx_len=481 smp=0x001f ccc=0x0020 sec=1
OTA tx inflight: t=22956 conn=0x200048a8 grp=0x0001 cmd=0x01 seq=40 len=473
OTA rsp part: t=23010 conn=0x200048a8 grp=0x0001 cmd=0x01 seq=40 off=0 chunk=19 acc=19 total=19
OTA rx complete: t=23011 dt=55 conn=0x200048a8 grp=0x0001 cmd=0x01 seq=40 rsp_len=19
OTA upload progress: 77% (131488/170296 bytes)
OTA send: op=2 len=473 group=0x0001 cmd=0x01 seq=41
OTA command issued(write_cmd): rc=0 tx_len=481 smp=0x001f ccc=0x0020 sec=1
OTA tx inflight: t=23013 conn=0x200048a8 grp=0x0001 cmd=0x01 seq=41 len=473
OTA rsp part: t=23078 conn=0x200048a8 grp=0x0001 cmd=0x01 seq=41 off=0 chunk=19 acc=19 total=19
OTA rx complete: t=23079 dt=66 conn=0x200048a8 grp=0x0001 cmd=0x01 seq=41 rsp_len=19
OTA send: op=2 len=473 group=0x0001 cmd=0x01 seq=42
OTA command issued(write_cmd): rc=0 tx_len=481 smp=0x001f ccc=0x0020 sec=1
OTA tx inflight: t=23080 conn=0x200048a8 grp=0x0001 cmd=0x01 seq=42 len=473
OTA rsp part: t=23145 conn=0x200048a8 grp=0x0001 cmd=0x01 seq=42 off=0 chunk=19 acc=19 total=19
OTA rx complete: t=23146 dt=66 conn=0x200048a8 grp=0x0001 cmd=0x01 seq=42 rsp_len=19
OTA send: op=2 len=473 group=0x0001 cmd=0x01 seq=43
OTA command issued(write_cmd): rc=0 tx_len=481 smp=0x001f ccc=0x0020 sec=1
OTA tx inflight: t=23148 conn=0x200048a8 grp=0x0001 cmd=0x01 seq=43 len=473
OTA rsp part: t=23213 conn=0x200048a8 grp=0x0001 cmd=0x01 seq=43 off=0 chunk=19 acc=19 total=19
OTA rx complete: t=23214 dt=66 conn=0x200048a8 grp=0x0001 cmd=0x01 seq=43 rsp_len=19
OTA upload progress: 78% (132832/170296 bytes)
OTA send: op=2 len=473 group=0x0001 cmd=0x01 seq=44
OTA command issued(write_cmd): rc=0 tx_len=481 smp=0x001f ccc=0x0020 sec=1
OTA tx inflight: t=23216 conn=0x200048a8 grp=0x0001 cmd=0x01 seq=44 len=473
OTA rsp part: t=23280 conn=0x200048a8 grp=0x0001 cmd=0x01 seq=44 off=0 chunk=19 acc=19 total=19
OTA rx complete: t=23281 dt=65 conn=0x200048a8 grp=0x0001 cmd=0x01 seq=44 rsp_len=19
OTA send: op=2 len=473 group=0x0001 cmd=0x01 seq=45
OTA command issued(write_cmd): rc=0 tx_len=481 smp=0x001f ccc=0x0020 sec=1
OTA tx inflight: t=23283 conn=0x200048a8 grp=0x0001 cmd=0x01 seq=45 len=473
OTA rsp part: t=23348 conn=0x200048a8 grp=0x0001 cmd=0x01 seq=45 off=0 chunk=19 acc=19 total=19
OTA rx complete: t=23349 dt=66 conn=0x200048a8 grp=0x0001 cmd=0x01 seq=45 rsp_len=19
OTA send: op=2 len=473 group=0x0001 cmd=0x01 seq=46
OTA command issued(write_cmd): rc=0 tx_len=481 smp=0x001f ccc=0x0020 sec=1
OTA tx inflight: t=23350 conn=0x200048a8 grp=0x0001 cmd=0x01 seq=46 len=473
OTA rsp part: t=23415 conn=0x200048a8 grp=0x0001 cmd=0x01 seq=46 off=0 chunk=19 acc=19 total=19
OTA rx complete: t=23416 dt=66 conn=0x200048a8 grp=0x0001 cmd=0x01 seq=46 rsp_len=19
OTA send: op=2 len=473 group=0x0001 cmd=0x01 seq=47
OTA command issued(write_cmd): rc=0 tx_len=481 smp=0x001f ccc=0x0020 sec=1
OTA tx inflight: t=23418 conn=0x200048a8 grp=0x0001 cmd=0x01 seq=47 len=473
OTA rsp part: t=23483 conn=0x200048a8 grp=0x0001 cmd=0x01 seq=47 off=0 chunk=19 acc=19 total=19
OTA rx complete: t=23484 dt=66 conn=0x200048a8 grp=0x0001 cmd=0x01 seq=47 rsp_len=19
OTA upload progress: 79% (134624/170296 bytes)
OTA send: op=2 len=473 group=0x0001 cmd=0x01 seq=48
OTA command issued(write_cmd): rc=0 tx_len=481 smp=0x001f ccc=0x0020 sec=1
OTA tx inflight: t=23486 conn=0x200048a8 grp=0x0001 cmd=0x01 seq=48 len=473
OTA rsp part: t=23539 conn=0x200048a8 grp=0x0001 cmd=0x01 seq=48 off=0 chunk=19 acc=19 total=19
OTA rx complete: t=23540 dt=54 conn=0x200048a8 grp=0x0001 cmd=0x01 seq=48 rsp_len=19
OTA send: op=2 len=473 group=0x0001 cmd=0x01 seq=49
OTA command issued(write_cmd): rc=0 tx_len=481 smp=0x001f ccc=0x0020 sec=1
OTA tx inflight: t=23541 conn=0x200048a8 grp=0x0001 cmd=0x01 seq=49 len=473
OTA rsp part: t=23607 conn=0x200048a8 grp=0x0001 cmd=0x01 seq=49 off=0 chunk=19 acc=19 total=19
OTA rx complete: t=23607 dt=66 conn=0x200048a8 grp=0x0001 cmd=0x01 seq=49 rsp_len=19
OTA send: op=2 len=473 group=0x0001 cmd=0x01 seq=50
OTA command issued(write_cmd): rc=0 tx_len=481 smp=0x001f ccc=0x0020 sec=1
OTA tx inflight: t=23609 conn=0x200048a8 grp=0x0001 cmd=0x01 seq=50 len=473
OTA rsp part: t=23674 conn=0x200048a8 grp=0x0001 cmd=0x01 seq=50 off=0 chunk=19 acc=19 total=19
OTA rx complete: t=23675 dt=66 conn=0x200048a8 grp=0x0001 cmd=0x01 seq=50 rsp_len=19
OTA send: op=2 len=473 group=0x0001 cmd=0x01 seq=51
OTA command issued(write_cmd): rc=0 tx_len=481 smp=0x001f ccc=0x0020 sec=1
OTA tx inflight: t=23676 conn=0x200048a8 grp=0x0001 cmd=0x01 seq=51 len=473
OTA rsp part: t=23742 conn=0x200048a8 grp=0x0001 cmd=0x01 seq=51 off=0 chunk=19 acc=19 total=19
OTA rx complete: t=23742 dt=66 conn=0x200048a8 grp=0x0001 cmd=0x01 seq=51 rsp_len=19
OTA upload progress: 80% (136416/170296 bytes)
OTA send: op=2 len=473 group=0x0001 cmd=0x01 seq=52
OTA command issued(write_cmd): rc=0 tx_len=481 smp=0x001f ccc=0x0020 sec=1
OTA tx inflight: t=23744 conn=0x200048a8 grp=0x0001 cmd=0x01 seq=52 len=473
OTA rsp part: t=23809 conn=0x200048a8 grp=0x0001 cmd=0x01 seq=52 off=0 chunk=19 acc=19 total=19
OTA rx complete: t=23810 dt=66 conn=0x200048a8 grp=0x0001 cmd=0x01 seq=52 rsp_len=19
OTA send: op=2 len=473 group=0x0001 cmd=0x01 seq=53
OTA command issued(write_cmd): rc=0 tx_len=481 smp=0x001f ccc=0x0020 sec=1
OTA tx inflight: t=23811 conn=0x200048a8 grp=0x0001 cmd=0x01 seq=53 len=473
OTA rsp part: t=23877 conn=0x200048a8 grp=0x0001 cmd=0x01 seq=53 off=0 chunk=19 acc=19 total=19
OTA rx complete: t=23877 dt=66 conn=0x200048a8 grp=0x0001 cmd=0x01 seq=53 rsp_len=19
OTA send: op=2 len=473 group=0x0001 cmd=0x01 seq=54
OTA command issued(write_cmd): rc=0 tx_len=481 smp=0x001f ccc=0x0020 sec=1
OTA tx inflight: t=23879 conn=0x200048a8 grp=0x0001 cmd=0x01 seq=54 len=473
OTA rsp part: t=23944 conn=0x200048a8 grp=0x0001 cmd=0x01 seq=54 off=0 chunk=19 acc=19 total=19
OTA rx complete: t=23945 dt=66 conn=0x200048a8 grp=0x0001 cmd=0x01 seq=54 rsp_len=19
OTA send: op=2 len=473 group=0x0001 cmd=0x01 seq=55
OTA command issued(write_cmd): rc=0 tx_len=481 smp=0x001f ccc=0x0020 sec=1
OTA tx inflight: t=23946 conn=0x200048a8 grp=0x0001 cmd=0x01 seq=55 len=473
OTA rsp part: t=24012 conn=0x200048a8 grp=0x0001 cmd=0x01 seq=55 off=0 chunk=19 acc=19 total=19
OTA rx complete: t=24012 dt=66 conn=0x200048a8 grp=0x0001 cmd=0x01 seq=55 rsp_len=19
OTA upload progress: 81% (138208/170296 bytes)
OTA send: op=2 len=473 group=0x0001 cmd=0x01 seq=56
OTA command issued(write_cmd): rc=0 tx_len=481 smp=0x001f ccc=0x0020 sec=1
OTA tx inflight: t=24014 conn=0x200048a8 grp=0x0001 cmd=0x01 seq=56 len=473
OTA rsp part: t=24068 conn=0x200048a8 grp=0x0001 cmd=0x01 seq=56 off=0 chunk=19 acc=19 total=19
OTA rx complete: t=24069 dt=55 conn=0x200048a8 grp=0x0001 cmd=0x01 seq=56 rsp_len=19
OTA send: op=2 len=473 group=0x0001 cmd=0x01 seq=57
OTA command issued(write_cmd): rc=0 tx_len=481 smp=0x001f ccc=0x0020 sec=1
OTA tx inflight: t=24070 conn=0x200048a8 grp=0x0001 cmd=0x01 seq=57 len=473
OTA rsp part: t=24135 conn=0x200048a8 grp=0x0001 cmd=0x01 seq=57 off=0 chunk=19 acc=19 total=19
OTA rx complete: t=24136 dt=66 conn=0x200048a8 grp=0x0001 cmd=0x01 seq=57 rsp_len=19
OTA send: op=2 len=473 group=0x0001 cmd=0x01 seq=58
OTA command issued(write_cmd): rc=0 tx_len=481 smp=0x001f ccc=0x0020 sec=1
OTA tx inflight: t=24138 conn=0x200048a8 grp=0x0001 cmd=0x01 seq=58 len=473
OTA rsp part: t=24203 conn=0x200048a8 grp=0x0001 cmd=0x01 seq=58 off=0 chunk=19 acc=19 total=19
OTA rx complete: t=24204 dt=66 conn=0x200048a8 grp=0x0001 cmd=0x01 seq=58 rsp_len=19
OTA send: op=2 len=473 group=0x0001 cmd=0x01 seq=59
OTA command issued(write_cmd): rc=0 tx_len=481 smp=0x001f ccc=0x0020 sec=1
OTA tx inflight: t=24205 conn=0x200048a8 grp=0x0001 cmd=0x01 seq=59 len=473
OTA rsp part: t=24270 conn=0x200048a8 grp=0x0001 cmd=0x01 seq=59 off=0 chunk=19 acc=19 total=19
OTA rx complete: t=24271 dt=66 conn=0x200048a8 grp=0x0001 cmd=0x01 seq=59 rsp_len=19
OTA upload progress: 82% (140000/170296 bytes)
OTA send: op=2 len=473 group=0x0001 cmd=0x01 seq=60
OTA command issued(write_cmd): rc=0 tx_len=481 smp=0x001f ccc=0x0020 sec=1
OTA tx inflight: t=24273 conn=0x200048a8 grp=0x0001 cmd=0x01 seq=60 len=473
OTA rsp part: t=24338 conn=0x200048a8 grp=0x0001 cmd=0x01 seq=60 off=0 chunk=19 acc=19 total=19
OTA rx complete: t=24339 dt=66 conn=0x200048a8 grp=0x0001 cmd=0x01 seq=60 rsp_len=19
OTA send: op=2 len=473 group=0x0001 cmd=0x01 seq=61
OTA command issued(write_cmd): rc=0 tx_len=481 smp=0x001f ccc=0x0020 sec=1
OTA tx inflight: t=24340 conn=0x200048a8 grp=0x0001 cmd=0x01 seq=61 len=473
OTA rsp part: t=24405 conn=0x200048a8 grp=0x0001 cmd=0x01 seq=61 off=0 chunk=19 acc=19 total=19
OTA rx complete: t=24406 dt=66 conn=0x200048a8 grp=0x0001 cmd=0x01 seq=61 rsp_len=19
OTA send: op=2 len=473 group=0x0001 cmd=0x01 seq=62
OTA command issued(write_cmd): rc=0 tx_len=481 smp=0x001f ccc=0x0020 sec=1
OTA tx inflight: t=24408 conn=0x200048a8 grp=0x0001 cmd=0x01 seq=62 len=473
OTA rsp part: t=24473 conn=0x200048a8 grp=0x0001 cmd=0x01 seq=62 off=0 chunk=19 acc=19 total=19
OTA rx complete: t=24474 dt=66 conn=0x200048a8 grp=0x0001 cmd=0x01 seq=62 rsp_len=19
OTA send: op=2 len=473 group=0x0001 cmd=0x01 seq=63
OTA command issued(write_cmd): rc=0 tx_len=481 smp=0x001f ccc=0x0020 sec=1
OTA tx inflight: t=24475 conn=0x200048a8 grp=0x0001 cmd=0x01 seq=63 len=473
OTA rsp part: t=24540 conn=0x200048a8 grp=0x0001 cmd=0x01 seq=63 off=0 chunk=19 acc=19 total=19
OTA rx complete: t=24541 dt=66 conn=0x200048a8 grp=0x0001 cmd=0x01 seq=63 rsp_len=19
OTA upload progress: 83% (141792/170296 bytes)
OTA send: op=2 len=473 group=0x0001 cmd=0x01 seq=64
OTA command issued(write_cmd): rc=0 tx_len=481 smp=0x001f ccc=0x0020 sec=1
OTA tx inflight: t=24543 conn=0x200048a8 grp=0x0001 cmd=0x01 seq=64 len=473
OTA rsp part: t=24597 conn=0x200048a8 grp=0x0001 cmd=0x01 seq=64 off=0 chunk=19 acc=19 total=19
OTA rx complete: t=24597 dt=54 conn=0x200048a8 grp=0x0001 cmd=0x01 seq=64 rsp_len=19
OTA send: op=2 len=473 group=0x0001 cmd=0x01 seq=65
OTA command issued(write_cmd): rc=0 tx_len=481 smp=0x001f ccc=0x0020 sec=1
OTA tx inflight: t=24599 conn=0x200048a8 grp=0x0001 cmd=0x01 seq=65 len=473
OTA rsp part: t=24664 conn=0x200048a8 grp=0x0001 cmd=0x01 seq=65 off=0 chunk=19 acc=19 total=19
OTA rx complete: t=24665 dt=66 conn=0x200048a8 grp=0x0001 cmd=0x01 seq=65 rsp_len=19
OTA send: op=2 len=473 group=0x0001 cmd=0x01 seq=66
OTA command issued(write_cmd): rc=0 tx_len=481 smp=0x001f ccc=0x0020 sec=1
OTA tx inflight: t=24666 conn=0x200048a8 grp=0x0001 cmd=0x01 seq=66 len=473
OTA rsp part: t=24732 conn=0x200048a8 grp=0x0001 cmd=0x01 seq=66 off=0 chunk=19 acc=19 total=19
OTA rx complete: t=24732 dt=66 conn=0x200048a8 grp=0x0001 cmd=0x01 seq=66 rsp_len=19
OTA upload progress: 84% (143136/170296 bytes)
OTA send: op=2 len=473 group=0x0001 cmd=0x01 seq=67
OTA command issued(write_cmd): rc=0 tx_len=481 smp=0x001f ccc=0x0020 sec=1
OTA tx inflight: t=24734 conn=0x200048a8 grp=0x0001 cmd=0x01 seq=67 len=473
OTA rsp part: t=24799 conn=0x200048a8 grp=0x0001 cmd=0x01 seq=67 off=0 chunk=19 acc=19 total=19
OTA rx complete: t=24800 dt=66 conn=0x200048a8 grp=0x0001 cmd=0x01 seq=67 rsp_len=19
OTA send: op=2 len=473 group=0x0001 cmd=0x01 seq=68
OTA command issued(write_cmd): rc=0 tx_len=481 smp=0x001f ccc=0x0020 sec=1
OTA tx inflight: t=24801 conn=0x200048a8 grp=0x0001 cmd=0x01 seq=68 len=473
OTA rsp part: t=24867 conn=0x200048a8 grp=0x0001 cmd=0x01 seq=68 off=0 chunk=19 acc=19 total=19
OTA rx complete: t=24867 dt=66 conn=0x200048a8 grp=0x0001 cmd=0x01 seq=68 rsp_len=19
OTA send: op=2 len=473 group=0x0001 cmd=0x01 seq=69
OTA command issued(write_cmd): rc=0 tx_len=481 smp=0x001f ccc=0x0020 sec=1
OTA tx inflight: t=24869 conn=0x200048a8 grp=0x0001 cmd=0x01 seq=69 len=473
OTA rsp part: t=24934 conn=0x200048a8 grp=0x0001 cmd=0x01 seq=69 off=0 chunk=19 acc=19 total=19
OTA rx complete: t=24935 dt=66 conn=0x200048a8 grp=0x0001 cmd=0x01 seq=69 rsp_len=19
OTA send: op=2 len=473 group=0x0001 cmd=0x01 seq=70
OTA command issued(write_cmd): rc=0 tx_len=481 smp=0x001f ccc=0x0020 sec=1
OTA tx inflight: t=24936 conn=0x200048a8 grp=0x0001 cmd=0x01 seq=70 len=473
OTA rsp part: t=25002 conn=0x200048a8 grp=0x0001 cmd=0x01 seq=70 off=0 chunk=19 acc=19 total=19
OTA rx complete: t=25002 dt=66 conn=0x200048a8 grp=0x0001 cmd=0x01 seq=70 rsp_len=19
OTA upload progress: 85% (144928/170296 bytes)
OTA send: op=2 len=473 group=0x0001 cmd=0x01 seq=71
OTA command issued(write_cmd): rc=0 tx_len=481 smp=0x001f ccc=0x0020 sec=1
OTA tx inflight: t=25004 conn=0x200048a8 grp=0x0001 cmd=0x01 seq=71 len=473
OTA rsp part: t=25069 conn=0x200048a8 grp=0x0001 cmd=0x01 seq=71 off=0 chunk=19 acc=19 total=19
OTA rx complete: t=25070 dt=66 conn=0x200048a8 grp=0x0001 cmd=0x01 seq=71 rsp_len=19
OTA send: op=2 len=473 group=0x0001 cmd=0x01 seq=72
OTA command issued(write_cmd): rc=0 tx_len=481 smp=0x001f ccc=0x0020 sec=1
OTA tx inflight: t=25071 conn=0x200048a8 grp=0x0001 cmd=0x01 seq=72 len=473
OTA rsp part: t=25125 conn=0x200048a8 grp=0x0001 cmd=0x01 seq=72 off=0 chunk=19 acc=19 total=19
OTA rx complete: t=25126 dt=55 conn=0x200048a8 grp=0x0001 cmd=0x01 seq=72 rsp_len=19
OTA send: op=2 len=473 group=0x0001 cmd=0x01 seq=73
OTA command issued(write_cmd): rc=0 tx_len=481 smp=0x001f ccc=0x0020 sec=1
OTA tx inflight: t=25128 conn=0x200048a8 grp=0x0001 cmd=0x01 seq=73 len=473
OTA rsp part: t=25193 conn=0x200048a8 grp=0x0001 cmd=0x01 seq=73 off=0 chunk=19 acc=19 total=19
OTA rx complete: t=25194 dt=66 conn=0x200048a8 grp=0x0001 cmd=0x01 seq=73 rsp_len=19
OTA send: op=2 len=473 group=0x0001 cmd=0x01 seq=74
OTA command issued(write_cmd): rc=0 tx_len=481 smp=0x001f ccc=0x0020 sec=1
OTA tx inflight: t=25195 conn=0x200048a8 grp=0x0001 cmd=0x01 seq=74 len=473
OTA rsp part: t=25260 conn=0x200048a8 grp=0x0001 cmd=0x01 seq=74 off=0 chunk=19 acc=19 total=19
OTA rx complete: t=25261 dt=66 conn=0x200048a8 grp=0x0001 cmd=0x01 seq=74 rsp_len=19
OTA upload progress: 86% (146720/170296 bytes)
OTA send: op=2 len=473 group=0x0001 cmd=0x01 seq=75
OTA command issued(write_cmd): rc=0 tx_len=481 smp=0x001f ccc=0x0020 sec=1
OTA tx inflight: t=25263 conn=0x200048a8 grp=0x0001 cmd=0x01 seq=75 len=473
OTA rsp part: t=25328 conn=0x200048a8 grp=0x0001 cmd=0x01 seq=75 off=0 chunk=19 acc=19 total=19
OTA rx complete: t=25329 dt=66 conn=0x200048a8 grp=0x0001 cmd=0x01 seq=75 rsp_len=19
OTA send: op=2 len=473 group=0x0001 cmd=0x01 seq=76
OTA command issued(write_cmd): rc=0 tx_len=481 smp=0x001f ccc=0x0020 sec=1
OTA tx inflight: t=25330 conn=0x200048a8 grp=0x0001 cmd=0x01 seq=76 len=473
OTA rsp part: t=25395 conn=0x200048a8 grp=0x0001 cmd=0x01 seq=76 off=0 chunk=19 acc=19 total=19
OTA rx complete: t=25396 dt=66 conn=0x200048a8 grp=0x0001 cmd=0x01 seq=76 rsp_len=19
OTA send: op=2 len=473 group=0x0001 cmd=0x01 seq=77
OTA command issued(write_cmd): rc=0 tx_len=481 smp=0x001f ccc=0x0020 sec=1
OTA tx inflight: t=25398 conn=0x200048a8 grp=0x0001 cmd=0x01 seq=77 len=473
OTA rsp part: t=25463 conn=0x200048a8 grp=0x0001 cmd=0x01 seq=77 off=0 chunk=19 acc=19 total=19
OTA rx complete: t=25464 dt=66 conn=0x200048a8 grp=0x0001 cmd=0x01 seq=77 rsp_len=19
OTA send: op=2 len=473 group=0x0001 cmd=0x01 seq=78
OTA command issued(write_cmd): rc=0 tx_len=481 smp=0x001f ccc=0x0020 sec=1
OTA tx inflight: t=25465 conn=0x200048a8 grp=0x0001 cmd=0x01 seq=78 len=473
OTA rsp part: t=25530 conn=0x200048a8 grp=0x0001 cmd=0x01 seq=78 off=0 chunk=19 acc=19 total=19
OTA rx complete: t=25531 dt=66 conn=0x200048a8 grp=0x0001 cmd=0x01 seq=78 rsp_len=19
OTA upload progress: 87% (148512/170296 bytes)
OTA send: op=2 len=473 group=0x0001 cmd=0x01 seq=79
OTA command issued(write_cmd): rc=0 tx_len=481 smp=0x001f ccc=0x0020 sec=1
OTA tx inflight: t=25533 conn=0x200048a8 grp=0x0001 cmd=0x01 seq=79 len=473
OTA rsp part: t=25598 conn=0x200048a8 grp=0x0001 cmd=0x01 seq=79 off=0 chunk=19 acc=19 total=19
OTA rx complete: t=25599 dt=66 conn=0x200048a8 grp=0x0001 cmd=0x01 seq=79 rsp_len=19
OTA send: op=2 len=473 group=0x0001 cmd=0x01 seq=80
OTA command issued(write_cmd): rc=0 tx_len=481 smp=0x001f ccc=0x0020 sec=1
OTA tx inflight: t=25600 conn=0x200048a8 grp=0x0001 cmd=0x01 seq=80 len=473
OTA rsp part: t=25654 conn=0x200048a8 grp=0x0001 cmd=0x01 seq=80 off=0 chunk=19 acc=19 total=19
OTA rx complete: t=25655 dt=55 conn=0x200048a8 grp=0x0001 cmd=0x01 seq=80 rsp_len=19
OTA send: op=2 len=473 group=0x0001 cmd=0x01 seq=81
OTA command issued(write_cmd): rc=0 tx_len=481 smp=0x001f ccc=0x0020 sec=1
OTA tx inflight: t=25657 conn=0x200048a8 grp=0x0001 cmd=0x01 seq=81 len=473
OTA rsp part: t=25722 conn=0x200048a8 grp=0x0001 cmd=0x01 seq=81 off=0 chunk=19 acc=19 total=19
OTA rx complete: t=25722 dt=65 conn=0x200048a8 grp=0x0001 cmd=0x01 seq=81 rsp_len=19
OTA send: op=2 len=473 group=0x0001 cmd=0x01 seq=82
OTA command issued(write_cmd): rc=0 tx_len=481 smp=0x001f ccc=0x0020 sec=1
OTA tx inflight: t=25724 conn=0x200048a8 grp=0x0001 cmd=0x01 seq=82 len=473
OTA rsp part: t=25789 conn=0x200048a8 grp=0x0001 cmd=0x01 seq=82 off=0 chunk=19 acc=19 total=19
OTA rx complete: t=25790 dt=66 conn=0x200048a8 grp=0x0001 cmd=0x01 seq=82 rsp_len=19
OTA upload progress: 88% (150304/170296 bytes)
OTA send: op=2 len=473 group=0x0001 cmd=0x01 seq=83
OTA command issued(write_cmd): rc=0 tx_len=481 smp=0x001f ccc=0x0020 sec=1
OTA tx inflight: t=25792 conn=0x200048a8 grp=0x0001 cmd=0x01 seq=83 len=473
OTA rsp part: t=25857 conn=0x200048a8 grp=0x0001 cmd=0x01 seq=83 off=0 chunk=19 acc=19 total=19
OTA rx complete: t=25857 dt=65 conn=0x200048a8 grp=0x0001 cmd=0x01 seq=83 rsp_len=19
OTA send: op=2 len=473 group=0x0001 cmd=0x01 seq=84
OTA command issued(write_cmd): rc=0 tx_len=481 smp=0x001f ccc=0x0020 sec=1
OTA tx inflight: t=25859 conn=0x200048a8 grp=0x0001 cmd=0x01 seq=84 len=473
OTA rsp part: t=25924 conn=0x200048a8 grp=0x0001 cmd=0x01 seq=84 off=0 chunk=19 acc=19 total=19
OTA rx complete: t=25925 dt=66 conn=0x200048a8 grp=0x0001 cmd=0x01 seq=84 rsp_len=19
OTA send: op=2 len=473 group=0x0001 cmd=0x01 seq=85
OTA command issued(write_cmd): rc=0 tx_len=481 smp=0x001f ccc=0x0020 sec=1
OTA tx inflight: t=25926 conn=0x200048a8 grp=0x0001 cmd=0x01 seq=85 len=473
OTA rsp part: t=25992 conn=0x200048a8 grp=0x0001 cmd=0x01 seq=85 off=0 chunk=19 acc=19 total=19
OTA rx complete: t=25992 dt=66 conn=0x200048a8 grp=0x0001 cmd=0x01 seq=85 rsp_len=19
OTA upload progress: 89% (151648/170296 bytes)
OTA send: op=2 len=473 group=0x0001 cmd=0x01 seq=86
OTA command issued(write_cmd): rc=0 tx_len=481 smp=0x001f ccc=0x0020 sec=1
OTA tx inflight: t=25994 conn=0x200048a8 grp=0x0001 cmd=0x01 seq=86 len=473
OTA rsp part: t=26059 conn=0x200048a8 grp=0x0001 cmd=0x01 seq=86 off=0 chunk=19 acc=19 total=19
OTA rx complete: t=26060 dt=66 conn=0x200048a8 grp=0x0001 cmd=0x01 seq=86 rsp_len=19
OTA send: op=2 len=473 group=0x0001 cmd=0x01 seq=87
OTA command issued(write_cmd): rc=0 tx_len=481 smp=0x001f ccc=0x0020 sec=1
OTA tx inflight: t=26061 conn=0x200048a8 grp=0x0001 cmd=0x01 seq=87 len=473
OTA rsp part: t=26127 conn=0x200048a8 grp=0x0001 cmd=0x01 seq=87 off=0 chunk=19 acc=19 total=19
OTA rx complete: t=26127 dt=66 conn=0x200048a8 grp=0x0001 cmd=0x01 seq=87 rsp_len=19
OTA send: op=2 len=473 group=0x0001 cmd=0x01 seq=88
OTA command issued(write_cmd): rc=0 tx_len=481 smp=0x001f ccc=0x0020 sec=1
OTA tx inflight: t=26129 conn=0x200048a8 grp=0x0001 cmd=0x01 seq=88 len=473
OTA rsp part: t=26183 conn=0x200048a8 grp=0x0001 cmd=0x01 seq=88 off=0 chunk=19 acc=19 total=19
OTA rx complete: t=26184 dt=55 conn=0x200048a8 grp=0x0001 cmd=0x01 seq=88 rsp_len=19
OTA send: op=2 len=473 group=0x0001 cmd=0x01 seq=89
OTA command issued(write_cmd): rc=0 tx_len=481 smp=0x001f ccc=0x0020 sec=1
OTA tx inflight: t=26185 conn=0x200048a8 grp=0x0001 cmd=0x01 seq=89 len=473
OTA rsp part: t=26250 conn=0x200048a8 grp=0x0001 cmd=0x01 seq=89 off=0 chunk=19 acc=19 total=19
OTA rx complete: t=26251 dt=66 conn=0x200048a8 grp=0x0001 cmd=0x01 seq=89 rsp_len=19
OTA upload progress: 90% (153440/170296 bytes)
OTA send: op=2 len=473 group=0x0001 cmd=0x01 seq=90
OTA command issued(write_cmd): rc=0 tx_len=481 smp=0x001f ccc=0x0020 sec=1
OTA tx inflight: t=26253 conn=0x200048a8 grp=0x0001 cmd=0x01 seq=90 len=473
OTA rsp part: t=26318 conn=0x200048a8 grp=0x0001 cmd=0x01 seq=90 off=0 chunk=19 acc=19 total=19
OTA rx complete: t=26319 dt=66 conn=0x200048a8 grp=0x0001 cmd=0x01 seq=90 rsp_len=19
OTA send: op=2 len=473 group=0x0001 cmd=0x01 seq=91
OTA command issued(write_cmd): rc=0 tx_len=481 smp=0x001f ccc=0x0020 sec=1
OTA tx inflight: t=26320 conn=0x200048a8 grp=0x0001 cmd=0x01 seq=91 len=473
OTA rsp part: t=26385 conn=0x200048a8 grp=0x0001 cmd=0x01 seq=91 off=0 chunk=19 acc=19 total=19
OTA rx complete: t=26386 dt=66 conn=0x200048a8 grp=0x0001 cmd=0x01 seq=91 rsp_len=19
OTA send: op=2 len=473 group=0x0001 cmd=0x01 seq=92
OTA command issued(write_cmd): rc=0 tx_len=481 smp=0x001f ccc=0x0020 sec=1
OTA tx inflight: t=26388 conn=0x200048a8 grp=0x0001 cmd=0x01 seq=92 len=473
OTA rsp part: t=26453 conn=0x200048a8 grp=0x0001 cmd=0x01 seq=92 off=0 chunk=19 acc=19 total=19
OTA rx complete: t=26454 dt=66 conn=0x200048a8 grp=0x0001 cmd=0x01 seq=92 rsp_len=19
OTA send: op=2 len=473 group=0x0001 cmd=0x01 seq=93
OTA command issued(write_cmd): rc=0 tx_len=481 smp=0x001f ccc=0x0020 sec=1
OTA tx inflight: t=26455 conn=0x200048a8 grp=0x0001 cmd=0x01 seq=93 len=473
OTA rsp part: t=26520 conn=0x200048a8 grp=0x0001 cmd=0x01 seq=93 off=0 chunk=19 acc=19 total=19
OTA rx complete: t=26521 dt=66 conn=0x200048a8 grp=0x0001 cmd=0x01 seq=93 rsp_len=19
OTA upload progress: 91% (155232/170296 bytes)
OTA send: op=2 len=473 group=0x0001 cmd=0x01 seq=94
OTA command issued(write_cmd): rc=0 tx_len=481 smp=0x001f ccc=0x0020 sec=1
OTA tx inflight: t=26523 conn=0x200048a8 grp=0x0001 cmd=0x01 seq=94 len=473
OTA rsp part: t=26588 conn=0x200048a8 grp=0x0001 cmd=0x01 seq=94 off=0 chunk=19 acc=19 total=19
OTA rx complete: t=26589 dt=66 conn=0x200048a8 grp=0x0001 cmd=0x01 seq=94 rsp_len=19
OTA send: op=2 len=473 group=0x0001 cmd=0x01 seq=95
OTA command issued(write_cmd): rc=0 tx_len=481 smp=0x001f ccc=0x0020 sec=1
OTA tx inflight: t=26590 conn=0x200048a8 grp=0x0001 cmd=0x01 seq=95 len=473
OTA rsp part: t=26655 conn=0x200048a8 grp=0x0001 cmd=0x01 seq=95 off=0 chunk=19 acc=19 total=19
OTA rx complete: t=26656 dt=66 conn=0x200048a8 grp=0x0001 cmd=0x01 seq=95 rsp_len=19
OTA send: op=2 len=473 group=0x0001 cmd=0x01 seq=96
OTA command issued(write_cmd): rc=0 tx_len=481 smp=0x001f ccc=0x0020 sec=1
OTA tx inflight: t=26658 conn=0x200048a8 grp=0x0001 cmd=0x01 seq=96 len=473
OTA rsp part: t=26712 conn=0x200048a8 grp=0x0001 cmd=0x01 seq=96 off=0 chunk=19 acc=19 total=19
OTA rx complete: t=26712 dt=54 conn=0x200048a8 grp=0x0001 cmd=0x01 seq=96 rsp_len=19
OTA send: op=2 len=473 group=0x0001 cmd=0x01 seq=97
OTA command issued(write_cmd): rc=0 tx_len=481 smp=0x001f ccc=0x0020 sec=1
OTA tx inflight: t=26714 conn=0x200048a8 grp=0x0001 cmd=0x01 seq=97 len=473
OTA rsp part: t=26779 conn=0x200048a8 grp=0x0001 cmd=0x01 seq=97 off=0 chunk=19 acc=19 total=19
OTA rx complete: t=26780 dt=66 conn=0x200048a8 grp=0x0001 cmd=0x01 seq=97 rsp_len=19
OTA upload progress: 92% (157024/170296 bytes)
OTA send: op=2 len=473 group=0x0001 cmd=0x01 seq=98
OTA command issued(write_cmd): rc=0 tx_len=481 smp=0x001f ccc=0x0020 sec=1
OTA tx inflight: t=26782 conn=0x200048a8 grp=0x0001 cmd=0x01 seq=98 len=473
OTA rsp part: t=26847 conn=0x200048a8 grp=0x0001 cmd=0x01 seq=98 off=0 chunk=19 acc=19 total=19
OTA rx complete: t=26847 dt=65 conn=0x200048a8 grp=0x0001 cmd=0x01 seq=98 rsp_len=19
OTA send: op=2 len=473 group=0x0001 cmd=0x01 seq=99
OTA command issued(write_cmd): rc=0 tx_len=481 smp=0x001f ccc=0x0020 sec=1
OTA tx inflight: t=26849 conn=0x200048a8 grp=0x0001 cmd=0x01 seq=99 len=473
OTA rsp part: t=26914 conn=0x200048a8 grp=0x0001 cmd=0x01 seq=99 off=0 chunk=19 acc=19 total=19
OTA rx complete: t=26915 dt=66 conn=0x200048a8 grp=0x0001 cmd=0x01 seq=99 rsp_len=19
OTA send: op=2 len=473 group=0x0001 cmd=0x01 seq=100
OTA command issued(write_cmd): rc=0 tx_len=481 smp=0x001f ccc=0x0020 sec=1
OTA tx inflight: t=26916 conn=0x200048a8 grp=0x0001 cmd=0x01 seq=100 len=473
OTA rsp part: t=26982 conn=0x200048a8 grp=0x0001 cmd=0x01 seq=100 off=0 chunk=19 acc=19 total=19
OTA rx complete: t=26982 dt=66 conn=0x200048a8 grp=0x0001 cmd=0x01 seq=100 rsp_len=19
OTA send: op=2 len=473 group=0x0001 cmd=0x01 seq=101
OTA command issued(write_cmd): rc=0 tx_len=481 smp=0x001f ccc=0x0020 sec=1
OTA tx inflight: t=26984 conn=0x200048a8 grp=0x0001 cmd=0x01 seq=101 len=473
OTA rsp part: t=27049 conn=0x200048a8 grp=0x0001 cmd=0x01 seq=101 off=0 chunk=19 acc=19 total=19
OTA rx complete: t=27050 dt=66 conn=0x200048a8 grp=0x0001 cmd=0x01 seq=101 rsp_len=19
OTA upload progress: 93% (158816/170296 bytes)
OTA send: op=2 len=473 group=0x0001 cmd=0x01 seq=102
OTA command issued(write_cmd): rc=0 tx_len=481 smp=0x001f ccc=0x0020 sec=1
OTA tx inflight: t=27052 conn=0x200048a8 grp=0x0001 cmd=0x01 seq=102 len=473
OTA rsp part: t=27117 conn=0x200048a8 grp=0x0001 cmd=0x01 seq=102 off=0 chunk=19 acc=19 total=19
OTA rx complete: t=27117 dt=65 conn=0x200048a8 grp=0x0001 cmd=0x01 seq=102 rsp_len=19
OTA send: op=2 len=473 group=0x0001 cmd=0x01 seq=103
OTA command issued(write_cmd): rc=0 tx_len=481 smp=0x001f ccc=0x0020 sec=1
OTA tx inflight: t=27119 conn=0x200048a8 grp=0x0001 cmd=0x01 seq=103 len=473
OTA rsp part: t=27184 conn=0x200048a8 grp=0x0001 cmd=0x01 seq=103 off=0 chunk=19 acc=19 total=19
OTA rx complete: t=27185 dt=66 conn=0x200048a8 grp=0x0001 cmd=0x01 seq=103 rsp_len=19
OTA send: op=2 len=473 group=0x0001 cmd=0x01 seq=104
OTA command issued(write_cmd): rc=0 tx_len=481 smp=0x001f ccc=0x0020 sec=1
OTA tx inflight: t=27186 conn=0x200048a8 grp=0x0001 cmd=0x01 seq=104 len=473
OTA rsp part: t=27240 conn=0x200048a8 grp=0x0001 cmd=0x01 seq=104 off=0 chunk=19 acc=19 total=19
OTA rx complete: t=27241 dt=55 conn=0x200048a8 grp=0x0001 cmd=0x01 seq=104 rsp_len=19
OTA upload progress: 94% (160160/170296 bytes)
OTA send: op=2 len=473 group=0x0001 cmd=0x01 seq=105
OTA command issued(write_cmd): rc=0 tx_len=481 smp=0x001f ccc=0x0020 sec=1
OTA tx inflight: t=27243 conn=0x200048a8 grp=0x0001 cmd=0x01 seq=105 len=473
OTA rsp part: t=27308 conn=0x200048a8 grp=0x0001 cmd=0x01 seq=105 off=0 chunk=19 acc=19 total=19
OTA rx complete: t=27309 dt=66 conn=0x200048a8 grp=0x0001 cmd=0x01 seq=105 rsp_len=19
OTA send: op=2 len=473 group=0x0001 cmd=0x01 seq=106
OTA command issued(write_cmd): rc=0 tx_len=481 smp=0x001f ccc=0x0020 sec=1
OTA tx inflight: t=27310 conn=0x200048a8 grp=0x0001 cmd=0x01 seq=106 len=473
OTA rsp part: t=27375 conn=0x200048a8 grp=0x0001 cmd=0x01 seq=106 off=0 chunk=19 acc=19 total=19
OTA rx complete: t=27376 dt=66 conn=0x200048a8 grp=0x0001 cmd=0x01 seq=106 rsp_len=19
OTA send: op=2 len=473 group=0x0001 cmd=0x01 seq=107
OTA command issued(write_cmd): rc=0 tx_len=481 smp=0x001f ccc=0x0020 sec=1
OTA tx inflight: t=27378 conn=0x200048a8 grp=0x0001 cmd=0x01 seq=107 len=473
OTA rsp part: t=27443 conn=0x200048a8 grp=0x0001 cmd=0x01 seq=107 off=0 chunk=19 acc=19 total=19
OTA rx complete: t=27444 dt=66 conn=0x200048a8 grp=0x0001 cmd=0x01 seq=107 rsp_len=19
OTA send: op=2 len=473 group=0x0001 cmd=0x01 seq=108
OTA command issued(write_cmd): rc=0 tx_len=481 smp=0x001f ccc=0x0020 sec=1
OTA tx inflight: t=27445 conn=0x200048a8 grp=0x0001 cmd=0x01 seq=108 len=473
OTA rsp part: t=27510 conn=0x200048a8 grp=0x0001 cmd=0x01 seq=108 off=0 chunk=19 acc=19 total=19
OTA rx complete: t=27511 dt=66 conn=0x200048a8 grp=0x0001 cmd=0x01 seq=108 rsp_len=19
OTA upload progress: 95% (161952/170296 bytes)
OTA send: op=2 len=473 group=0x0001 cmd=0x01 seq=109
OTA command issued(write_cmd): rc=0 tx_len=481 smp=0x001f ccc=0x0020 sec=1
OTA tx inflight: t=27513 conn=0x200048a8 grp=0x0001 cmd=0x01 seq=109 len=473
OTA rsp part: t=27578 conn=0x200048a8 grp=0x0001 cmd=0x01 seq=109 off=0 chunk=19 acc=19 total=19
OTA rx complete: t=27579 dt=66 conn=0x200048a8 grp=0x0001 cmd=0x01 seq=109 rsp_len=19
OTA send: op=2 len=473 group=0x0001 cmd=0x01 seq=110
OTA command issued(write_cmd): rc=0 tx_len=481 smp=0x001f ccc=0x0020 sec=1
OTA tx inflight: t=27580 conn=0x200048a8 grp=0x0001 cmd=0x01 seq=110 len=473
OTA rsp part: t=27645 conn=0x200048a8 grp=0x0001 cmd=0x01 seq=110 off=0 chunk=19 acc=19 total=19
OTA rx complete: t=27646 dt=66 conn=0x200048a8 grp=0x0001 cmd=0x01 seq=110 rsp_len=19
OTA send: op=2 len=473 group=0x0001 cmd=0x01 seq=111
OTA command issued(write_cmd): rc=0 tx_len=481 smp=0x001f ccc=0x0020 sec=1
OTA tx inflight: t=27648 conn=0x200048a8 grp=0x0001 cmd=0x01 seq=111 len=473
OTA rsp part: t=27713 conn=0x200048a8 grp=0x0001 cmd=0x01 seq=111 off=0 chunk=19 acc=19 total=19
OTA rx complete: t=27714 dt=66 conn=0x200048a8 grp=0x0001 cmd=0x01 seq=111 rsp_len=19
OTA send: op=2 len=473 group=0x0001 cmd=0x01 seq=112
OTA command issued(write_cmd): rc=0 tx_len=481 smp=0x001f ccc=0x0020 sec=1
OTA tx inflight: t=27715 conn=0x200048a8 grp=0x0001 cmd=0x01 seq=112 len=473
OTA rsp part: t=27769 conn=0x200048a8 grp=0x0001 cmd=0x01 seq=112 off=0 chunk=19 acc=19 total=19
OTA rx complete: t=27770 dt=55 conn=0x200048a8 grp=0x0001 cmd=0x01 seq=112 rsp_len=19
OTA upload progress: 96% (163744/170296 bytes)
OTA send: op=2 len=473 group=0x0001 cmd=0x01 seq=113
OTA command issued(write_cmd): rc=0 tx_len=481 smp=0x001f ccc=0x0020 sec=1
OTA tx inflight: t=27772 conn=0x200048a8 grp=0x0001 cmd=0x01 seq=113 len=473
OTA rsp part: t=27837 conn=0x200048a8 grp=0x0001 cmd=0x01 seq=113 off=0 chunk=19 acc=19 total=19
OTA rx complete: t=27837 dt=65 conn=0x200048a8 grp=0x0001 cmd=0x01 seq=113 rsp_len=19
OTA send: op=2 len=473 group=0x0001 cmd=0x01 seq=114
OTA command issued(write_cmd): rc=0 tx_len=481 smp=0x001f ccc=0x0020 sec=1
OTA tx inflight: t=27839 conn=0x200048a8 grp=0x0001 cmd=0x01 seq=114 len=473
OTA rsp part: t=27904 conn=0x200048a8 grp=0x0001 cmd=0x01 seq=114 off=0 chunk=19 acc=19 total=19
OTA rx complete: t=27905 dt=66 conn=0x200048a8 grp=0x0001 cmd=0x01 seq=114 rsp_len=19
OTA send: op=2 len=473 group=0x0001 cmd=0x01 seq=115
OTA command issued(write_cmd): rc=0 tx_len=481 smp=0x001f ccc=0x0020 sec=1
OTA tx inflight: t=27906 conn=0x200048a8 grp=0x0001 cmd=0x01 seq=115 len=473
OTA rsp part: t=27972 conn=0x200048a8 grp=0x0001 cmd=0x01 seq=115 off=0 chunk=19 acc=19 total=19
OTA rx complete: t=27972 dt=66 conn=0x200048a8 grp=0x0001 cmd=0x01 seq=115 rsp_len=19
OTA send: op=2 len=473 group=0x0001 cmd=0x01 seq=116
OTA command issued(write_cmd): rc=0 tx_len=481 smp=0x001f ccc=0x0020 sec=1
OTA tx inflight: t=27974 conn=0x200048a8 grp=0x0001 cmd=0x01 seq=116 len=473
OTA rsp part: t=28039 conn=0x200048a8 grp=0x0001 cmd=0x01 seq=116 off=0 chunk=19 acc=19 total=19
OTA rx complete: t=28040 dt=66 conn=0x200048a8 grp=0x0001 cmd=0x01 seq=116 rsp_len=19
OTA upload progress: 97% (165536/170296 bytes)
OTA send: op=2 len=473 group=0x0001 cmd=0x01 seq=117
OTA command issued(write_cmd): rc=0 tx_len=481 smp=0x001f ccc=0x0020 sec=1
OTA tx inflight: t=28042 conn=0x200048a8 grp=0x0001 cmd=0x01 seq=117 len=473
OTA rsp part: t=28107 conn=0x200048a8 grp=0x0001 cmd=0x01 seq=117 off=0 chunk=19 acc=19 total=19
OTA rx complete: t=28107 dt=65 conn=0x200048a8 grp=0x0001 cmd=0x01 seq=117 rsp_len=19
OTA send: op=2 len=473 group=0x0001 cmd=0x01 seq=118
OTA command issued(write_cmd): rc=0 tx_len=481 smp=0x001f ccc=0x0020 sec=1
OTA tx inflight: t=28109 conn=0x200048a8 grp=0x0001 cmd=0x01 seq=118 len=473
OTA rsp part: t=28174 conn=0x200048a8 grp=0x0001 cmd=0x01 seq=118 off=0 chunk=19 acc=19 total=19
OTA rx complete: t=28175 dt=66 conn=0x200048a8 grp=0x0001 cmd=0x01 seq=118 rsp_len=19
OTA send: op=2 len=473 group=0x0001 cmd=0x01 seq=119
OTA command issued(write_cmd): rc=0 tx_len=481 smp=0x001f ccc=0x0020 sec=1
OTA tx inflight: t=28177 conn=0x200048a8 grp=0x0001 cmd=0x01 seq=119 len=473
OTA rsp part: t=28242 conn=0x200048a8 grp=0x0001 cmd=0x01 seq=119 off=0 chunk=19 acc=19 total=19
OTA rx complete: t=28242 dt=65 conn=0x200048a8 grp=0x0001 cmd=0x01 seq=119 rsp_len=19
OTA send: op=2 len=473 group=0x0001 cmd=0x01 seq=120
OTA command issued(write_cmd): rc=0 tx_len=481 smp=0x001f ccc=0x0020 sec=1
OTA tx inflight: t=28244 conn=0x200048a8 grp=0x0001 cmd=0x01 seq=120 len=473
OTA rsp part: t=28298 conn=0x200048a8 grp=0x0001 cmd=0x01 seq=120 off=0 chunk=19 acc=19 total=19
OTA rx complete: t=28299 dt=55 conn=0x200048a8 grp=0x0001 cmd=0x01 seq=120 rsp_len=19
OTA upload progress: 98% (167328/170296 bytes)
OTA send: op=2 len=473 group=0x0001 cmd=0x01 seq=121
OTA command issued(write_cmd): rc=0 tx_len=481 smp=0x001f ccc=0x0020 sec=1
OTA tx inflight: t=28301 conn=0x200048a8 grp=0x0001 cmd=0x01 seq=121 len=473
OTA rsp part: t=28365 conn=0x200048a8 grp=0x0001 cmd=0x01 seq=121 off=0 chunk=19 acc=19 total=19
OTA rx complete: t=28366 dt=65 conn=0x200048a8 grp=0x0001 cmd=0x01 seq=121 rsp_len=19
OTA send: op=2 len=473 group=0x0001 cmd=0x01 seq=122
OTA command issued(write_cmd): rc=0 tx_len=481 smp=0x001f ccc=0x0020 sec=1
OTA tx inflight: t=28368 conn=0x200048a8 grp=0x0001 cmd=0x01 seq=122 len=473
OTA rsp part: t=28433 conn=0x200048a8 grp=0x0001 cmd=0x01 seq=122 off=0 chunk=19 acc=19 total=19
OTA rx complete: t=28434 dt=66 conn=0x200048a8 grp=0x0001 cmd=0x01 seq=122 rsp_len=19
OTA send: op=2 len=473 group=0x0001 cmd=0x01 seq=123
OTA command issued(write_cmd): rc=0 tx_len=481 smp=0x001f ccc=0x0020 sec=1
OTA tx inflight: t=28435 conn=0x200048a8 grp=0x0001 cmd=0x01 seq=123 len=473
OTA rsp part: t=28500 conn=0x200048a8 grp=0x0001 cmd=0x01 seq=123 off=0 chunk=19 acc=19 total=19
OTA rx complete: t=28501 dt=66 conn=0x200048a8 grp=0x0001 cmd=0x01 seq=123 rsp_len=19
OTA upload progress: 99% (168672/170296 bytes)
OTA send: op=2 len=473 group=0x0001 cmd=0x01 seq=124
OTA command issued(write_cmd): rc=0 tx_len=481 smp=0x001f ccc=0x0020 sec=1
OTA tx inflight: t=28503 conn=0x200048a8 grp=0x0001 cmd=0x01 seq=124 len=473
OTA rsp part: t=28568 conn=0x200048a8 grp=0x0001 cmd=0x01 seq=124 off=0 chunk=19 acc=19 total=19
OTA rx complete: t=28569 dt=66 conn=0x200048a8 grp=0x0001 cmd=0x01 seq=124 rsp_len=19
OTA send: op=2 len=473 group=0x0001 cmd=0x01 seq=125
OTA command issued(write_cmd): rc=0 tx_len=481 smp=0x001f ccc=0x0020 sec=1
OTA tx inflight: t=28570 conn=0x200048a8 grp=0x0001 cmd=0x01 seq=125 len=473
OTA rsp part: t=28635 conn=0x200048a8 grp=0x0001 cmd=0x01 seq=125 off=0 chunk=19 acc=19 total=19
OTA rx complete: t=28636 dt=66 conn=0x200048a8 grp=0x0001 cmd=0x01 seq=125 rsp_len=19
OTA send: op=2 len=473 group=0x0001 cmd=0x01 seq=126
OTA command issued(write_cmd): rc=0 tx_len=481 smp=0x001f ccc=0x0020 sec=1
OTA tx inflight: t=28638 conn=0x200048a8 grp=0x0001 cmd=0x01 seq=126 len=473
OTA rsp part: t=28703 conn=0x200048a8 grp=0x0001 cmd=0x01 seq=126 off=0 chunk=19 acc=19 total=19
OTA rx complete: t=28704 dt=66 conn=0x200048a8 grp=0x0001 cmd=0x01 seq=126 rsp_len=19
OTA send: op=2 len=473 group=0x0001 cmd=0x01 seq=127
OTA command issued(write_cmd): rc=0 tx_len=481 smp=0x001f ccc=0x0020 sec=1
OTA tx inflight: t=28705 conn=0x200048a8 grp=0x0001 cmd=0x01 seq=127 len=473
OTA rsp part: t=28770 conn=0x200048a8 grp=0x0001 cmd=0x01 seq=127 off=0 chunk=19 acc=19 total=19
OTA rx complete: t=28771 dt=66 conn=0x200048a8 grp=0x0001 cmd=0x01 seq=127 rsp_len=19
OTA upload progress: 100% (170296/170296 bytes)
OTA send: op=2 len=305 group=0x0001 cmd=0x01 seq=128
OTA command issued(write_cmd): rc=0 tx_len=313 smp=0x001f ccc=0x0020 sec=1
OTA tx inflight: t=28773 conn=0x200048a8 grp=0x0001 cmd=0x01 seq=128 len=305
OTA rsp part: t=28827 conn=0x200048a8 grp=0x0001 cmd=0x01 seq=128 off=0 chunk=19 acc=19 total=19
OTA rx complete: t=28827 dt=54 conn=0x200048a8 grp=0x0001 cmd=0x01 seq=128 rsp_len=19
OTA upload ack: status=0 off=170296
OTA upload complete
OTA_STATE:ota_upload_complete detail=upload_done
OTA image state read request
OTA send: op=0 len=1 group=0x0001 cmd=0x00 seq=129
OTA first-frame raw: transport=write_cmd handle=0x001f total=9 hdr_op=0 hdr_flags=0x00 hdr_len=1 hdr_group=0x0001 hdr_id=0x00 hdr_seq=129 raw=0000000100018100a0
OTA command issued(write_cmd): rc=0 tx_len=9 smp=0x001f ccc=0x0020 sec=1
OTA tx inflight: t=28830 conn=0x200048a8 grp=0x0001 cmd=0x00 seq=129 len=1
OTA rsp part: t=28866 conn=0x200048a8 grp=0x0001 cmd=0x00 seq=129 off=0 chunk=256 acc=256 total=256
OTA rx complete: t=28866 dt=36 conn=0x200048a8 grp=0x0001 cmd=0x00 seq=129 rsp_len=256
OTA command done: group=0x0001 cmd=0x00 status=0 off=0
OTA IMG_STATE rsp: status=0 payload=248 bytes
OTA IMG_STATE rsp bytes: bf 66 69 6d 61 67 65 73 9f bf 64 73 6c 6f 74 00 67 76 65 72 73 69 6f 6e 67 30 2e 30 2e 31 2e 31 64 68 61 73 68 58 20 02 c5 e1 f6 78 52 e1 be b9 65 ce 46 e4 27 81 89 a5 82 9b 62 c5 70 25 c9 27 7d e2 53 b9 f2 81 22 68 62 6f 6f 74 61 62 6c 65 f5 67 70 65 6e 64 69 6e 67 f4 69 63 6f 6e 66 69 72 6d 65 64 f5 66 61 63 74 69 76 65 f5 69 70 65 72 6d 61 6e 65 6e 74 f4 ff bf 64 73 6c 6f 74 01 67 76 65 72 73 69 6f 6e 67 30 2e 30 2e 31 2e 31 64 68 61 73 68 58 20 40 c5 b6 b8 24 97 21 17 5e 24 f4 77 59 71 95 3b 4d aa 35 51 44 9f 4e da 5b 6d 2e 6a 03 49 6e 16 68 62 6f 6f 74 61 62 6c 65 f5 67 70 65 6e 64 69 6e 67 f4 69 63 6f 6e 66 69 72 6d 65 64 f4 66 61 63 74 69 76 65 f4 69 70 65 72 6d 61 6e 65 6e 74 f4 ff ff 6b 73 70 6c 69 74 53 74 61 74 75 73 00 ff
OTA pending/test request
OTA send: op=2 len=49 group=0x0001 cmd=0x00 seq=130
OTA first-frame raw: transport=write_cmd handle=0x001f total=57 hdr_op=2 hdr_flags=0x00 hdr_len=49 hdr_group=0x0001 hdr_id=0x00 hdr_seq=130 raw=0200003100018200a264686173685820
OTA command issued(write_cmd): rc=0 tx_len=57 smp=0x001f ccc=0x0020 sec=1
OTA tx inflight: t=28876 conn=0x200048a8 grp=0x0001 cmd=0x00 seq=130 len=49
OTA rsp part: t=28933 conn=0x200048a8 grp=0x0001 cmd=0x00 seq=130 off=0 chunk=256 acc=256 total=256
OTA rx complete: t=28934 dt=58 conn=0x200048a8 grp=0x0001 cmd=0x00 seq=130 rsp_len=256
OTA command done: group=0x0001 cmd=0x00 status=0 off=0
OTA IMG_STATE rsp: status=0 payload=248 bytes
OTA IMG_STATE rsp bytes: bf 66 69 6d 61 67 65 73 9f bf 64 73 6c 6f 74 00 67 76 65 72 73 69 6f 6e 67 30 2e 30 2e 31 2e 31 64 68 61 73 68 58 20 02 c5 e1 f6 78 52 e1 be b9 65 ce 46 e4 27 81 89 a5 82 9b 62 c5 70 25 c9 27 7d e2 53 b9 f2 81 22 68 62 6f 6f 74 61 62 6c 65 f5 67 70 65 6e 64 69 6e 67 f4 69 63 6f 6e 66 69 72 6d 65 64 f5 66 61 63 74 69 76 65 f5 69 70 65 72 6d 61 6e 65 6e 74 f4 ff bf 64 73 6c 6f 74 01 67 76 65 72 73 69 6f 6e 67 30 2e 30 2e 31 2e 31 64 68 61 73 68 58 20 40 c5 b6 b8 24 97 21 17 5e 24 f4 77 59 71 95 3b 4d aa 35 51 44 9f 4e da 5b 6d 2e 6a 03 49 6e 16 68 62 6f 6f 74 61 62 6c 65 f5 67 70 65 6e 64 69 6e 67 f5 69 63 6f 6e 66 69 72 6d 65 64 f4 66 61 63 74 69 76 65 f4 69 70 65 72 6d 61 6e 65 6e 74 f4 ff ff 6b 73 70 6c 69 74 53 74 61 74 75 73 00 ff
OTA reset request
OTA send: op=2 len=1 group=0x0000 cmd=0x05 seq=131
OTA command issued(write_req): rc=0 tx_len=9 smp=0x001f ccc=0x0020 sec=1
OTA tx inflight: t=28962 conn=0x200048a8 grp=0x0000 cmd=0x05 seq=131 len=1
OTA rsp part: t=28973 conn=0x200048a8 grp=0x0000 cmd=0x05 seq=131 off=0 chunk=10 acc=10 total=10
OTA rx complete: t=28973 dt=11 conn=0x200048a8 grp=0x0000 cmd=0x05 seq=131 rsp_len=10
OTA command done: group=0x0000 cmd=0x05 status=0 off=0
OTA command sequence sent
