layout_source,correction_source,correction_detail,d_tag_mm,n_positions,n_frames,frames_input_total,median_3d_mm,p75_3d_mm,p95_3d_mm,rmse_3d_mm,median_horiz_mm,rmse_horiz_mm,median_vert_mm,rmse_vert_mm,signed_vertical_slope_mm_per_m,signed_vertical_slope_r2,fail_rate,residual_rms_median_mm,d3_std_median_mm,distance_to_centroid_slope_mm_per_m,distance_to_centroid_slope_r2
L_Vicon,C_Vicon_cm,L_Vicon with C_Vicon_cm,0.0,24,28818,28818,102.33642750720954,166.27526678432343,213.92483314490153,136.39579696090004,47.587858917886464,53.35200836573954,86.60525088880202,125.52838974487457,188.17939024131888,0.7860910730600157,0.0,87.095828521951,70.39290577622317,170.77825014172015,0.4683354120582742
L_Vicon,C_Vicon_cm,L_Vicon with C_Vicon_cm,2.0,24,28818,28818,100.11850129401827,163.2722915316885,208.72945733172182,133.55782606411697,46.29152029682557,52.628052096958015,83.0770588830993,122.75170481688957,183.07277894344926,0.7794977972896572,0.0,86.8529081100597,69.766087153679,166.40624356624664,0.459975166056072
L_Vicon,C_Vicon_cm,L_Vicon with C_Vicon_cm,4.0,24,28818,28818,98.0454720655971,160.28178428489494,203.59704669294663,130.75644094924996,45.02178560401153,51.91541480429625,79.57767990520591,120.00848534754762,177.9974647166453,0.7724662645391336,0.0,86.12749725738338,68.8151005121924,161.9883804019807,0.45125700974738436
L_Vicon,C_Vicon_cm,L_Vicon with C_Vicon_cm,6.0,24,28818,28818,95.97137165283252,157.30089687304243,200.37716919398247,127.9932666493464,44.01927660559507,51.21524377105768,77.2571939795377,117.29993654321312,172.95516049154537,0.7649740853434488,0.0,85.56472993462344,67.54809484238503,157.53715085003918,0.4422041020937546
L_Vicon,C_Vicon_cm,L_Vicon with C_Vicon_cm,8.0,24,28818,28818,93.88771494971324,154.3266024282325,197.56880450100056,125.27059924321769,43.50780986432031,50.52871158506372,75.22986737020709,114.62797363780057,167.94775942784963,0.7569948235131737,0.0,84.86314921716809,66.37861352948742,153.069087046472,0.43289692612428776
L_Vicon,C_Vicon_cm,L_Vicon with C_Vicon_cm,10.0,24,28818,28818,91.79107663479238,151.3573568821036,194.8191944513883,122.58704012426048,43.002808168347286,49.85735392338577,73.18604315807507,111.99029719661118,162.9706569852483,0.7484911548416179,0.0,84.15832633385088,65.30927552361403,148.59865301697118,0.4234056709885219
L_Vicon,C_Vicon_cm,L_Vicon with C_Vicon_cm,12.0,24,28818,28818,89.68136714645559,148.39119632104502,192.13282798013392,119.94501896222279,42.508058437918905,49.20387144577259,71.12668864670547,109.38823798103647,158.0268306548946,0.739439464682319,0.0,83.53540850857767,64.33021914114123,144.1455460540456,0.41379785349636233
L_Vicon,C_Vicon_cm,L_Vicon with C_Vicon_cm,14.0,24,28818,28818,87.55378705782483,145.4353940895564,189.5247007609395,117.35124936456482,42.02229439685122,48.56962100843893,69.05286113503497,106.82840278933726,153.1220687003175,0.7297761348641483,0.0,82.8357526567245,63.44038063083606,139.7188933359906,0.40409958738814
L_Vicon,C_Vicon_cm,L_Vicon with C_Vicon_cm,16.0,24,28818,28818,85.41295197623374,142.48537768471954,186.9951811982192,114.80674774620523,41.307380920852324,47.95751288191461,66.96815935276143,104.31043229822122,148.25336470766928,0.7194555643597191,0.0,82.20073757349257,62.638653980343264,135.31525464695522,0.3943262954557408
L_Vicon,C_Vicon_cm,L_Vicon with C_Vicon_cm,18.0,24,28818,28818,83.25590679571724,139.53875262694024,184.79962695053183,112.31135784747788,40.556576663691374,47.36727687744031,64.87466830426723,101.83409145644761,143.4170351801878,0.7084204899821374,0.0,81.69495437437817,62.13758739497797,130.94310713970322,0.38454268880638165
L_Vicon,C_Vicon_cm,L_Vicon with C_Vicon_cm,20.0,24,28818,28818,81.0765680513932,136.59658104541234,182.80404663538712,109.86783538573964,39.763276031610545,46.79878399399152,62.758126552290435,99.40228905327938,138.61380684517005,0.6966104812510907,0.0,81.67390430561089,62.24328009588808,126.60479395326537,0.3747775259946209
L_Vicon,C_Vicon_cm,L_Vicon with C_Vicon_cm,22.0,24,28818,28818,78.88146949015096,133.65599510159632,180.8789662581201,107.47850300057866,38.63422447360193,46.255042509511455,62.037591726577034,97.0159762600402,133.84449645534485,0.6839788790192964,0.0,81.5986351266988,62.252390081749425,122.30960643730802,0.365049927898932
L_Vicon,C_Vicon_cm,L_Vicon with C_Vicon_cm,24.0,24,28818,28818,76.67575214239042,130.72166680612168,179.02413151030856,105.15033077984567,37.55636496245125,45.73876400708639,61.535019377687036,94.68134731939031,129.11273137069645,0.6704459280441749,0.0,81.49358383544615,61.61388754466505,118.04027889494267,0.3552164321400365
L_Vicon,C_Vicon_cm,L_Vicon with C_Vicon_cm,26.0,24,28818,28818,75.12502163709425,127.79633561265143,177.22274036843095,102.88615888329181,36.531178175054045,45.25189396760814,61.37550448133902,92.40036678553994,124.42059737707167,0.6559679529691103,0.0,81.48643440921987,61.03903977752515,113.79519061182256,0.3452078406316693
L_Vicon,C_Vicon_cm,L_Vicon with C_Vicon_cm,28.0,24,28818,28818,73.94976259040897,124.87842139662506,175.48750052964817,100.68909853947866,35.55791645118847,44.79518832127324,61.20864487569452,90.17585967405307,119.76790479979861,0.6404757645217678,0.0,81.3884576914229,60.740788813195294,109.57905682910764,0.33494248995553955
L_Vicon,C_Vicon_cm,L_Vicon with C_Vicon_cm,30.0,24,28818,28818,72.64338188634468,121.97011351627722,173.8190170034415,98.56290789384715,35.28766138996366,44.36900877874073,61.03288845021609,88.01157805927028,115.15619833806126,0.6239134052200588,0.0,81.36574015585225,60.85149853334329,105.38829653272005,0.3243023914939872
L_Vicon,C_Vicon_cm,L_Vicon with C_Vicon_cm,32.0,24,28818,28818,70.59580628314797,118.95849148354404,172.20058441557356,96.50871801321796,35.170229007280085,43.97275064489043,59.88852635804335,85.90884618755572,110.58522253784488,0.6062326674723866,0.0,81.34073730084664,60.675623127894454,101.22552200167591,0.31322170710717323
L_Vicon,C_Vicon_cm,L_Vicon with C_Vicon_cm,34.0,24,28818,28818,69.55526997991569,115.53422676838797,170.62312999854683,94.52963132171983,35.04413010562154,43.60775475433663,58.89810247416544,83.87022667851748,106.055599507847,0.5873907766178825,0.0,81.31508619587441,60.44697368548132,97.08895826360123,0.3016126129214377
L_Vicon,C_Vicon_cm,L_Vicon with C_Vicon_cm,36.0,24,28818,28818,68.03851576726623,112.07817698441819,169.0935827930976,92.63003656942762,35.507855719477035,43.27670069111813,56.66225101696229,81.89902839560962,101.56725501962777,0.567338287133559,0.0,81.35949459685094,60.27507423130841,92.97088869485438,0.28936273884097385
L_Vicon,C_Vicon_cm,L_Vicon with C_Vicon_cm,38.0,24,28818,28818,66.99939704676042,108.26375911005519,167.61763731744867,90.81356321668126,35.32188766686494,42.981520808722344,56.057362732361184,79.99807580860639,97.12383346698343,0.5460881299660801,0.0,81.43788163854558,60.150258935921094,88.87254344255392,0.27642126444565107
L_Vicon,C_Vicon_cm,L_Vicon with C_Vicon_cm,40.0,24,28818,28818,66.01035674431112,104.41762166412252,166.18881037257242,89.08448882801478,35.00932784900714,42.72323407266215,55.00296152499675,78.17142329599231,92.72715487449693,0.5236243389533137,0.0,81.50757192971992,60.085459068850966,84.79633346711852,0.26277579389384054
L_Vicon,C_Vicon_cm,L_Vicon with C_Vicon_cm,42.0,24,28818,28818,65.06435945965306,100.53461529132703,164.79479083900378,87.4405932217455,34.69918332629749,42.501074522977426,52.83398413126531,76.41672596600226,88.37283408804838,0.49995828081961735,0.0,81.50475627293847,60.07313703459717,80.74387595049852,0.2484493984517291
L_Vicon,C_Vicon_cm,L_Vicon with C_Vicon_cm,44.0,24,28818,28818,64.16478174088873,96.62525470025886,163.4380307390896,85.88671608846388,34.43662621065858,42.314673379489534,51.66508869427173,74.73952379596435,84.06272620516238,0.47510021573626204,0.0,81.42625630743503,60.11772149132473,76.71657117872498,0.23347728350365238
L_Vicon,C_Vicon_cm,L_Vicon with C_Vicon_cm,46.0,24,28818,28818,63.305363797958705,92.68753956540652,162.11738919251675,84.42187249396395,33.92895426158972,42.16297595347343,50.877878043400756,73.13915513686173,79.79669255553088,0.4491205445260138,0.0,81.3924326983801,60.21374335231859,72.71438253422355,0.2179072187395148
L_Vicon,C_Vicon_cm,L_Vicon with C_Vicon_cm,48.0,24,28818,28818,63.993704858736635,88.73585249883972,160.83275315514612,83.04827299418629,33.343473845920876,42.045923525926995,51.28248664131195,71.61812593309595,75.57258857326919,0.42207180352509055,0.0,81.36015216403425,60.35441263312195,68.73185854572738,0.20180046679183883
L_Vicon,C_Vicon_cm,L_Vicon with C_Vicon_cm,50.0,24,28818,28818,63.194132074515615,87.0851940481807,159.5837363607682,81.76871018329045,32.547897532918086,41.96346713262045,52.235838333245056,70.17969358189326,71.39211122632052,0.3940717269875732,0.0,81.33452700738435,60.52499315208921,64.76448276782789,0.1852316576347226
L_Vicon,C_Vicon_cm,L_Vicon with C_Vicon_cm,52.0,24,28818,28818,62.21507628513818,84.71065751114558,158.37084688623088,80.58457676218771,32.51419499231804,41.91580453956968,52.7077885002052,68.8254265641813,67.25647116513137,0.3652840098766116,0.0,81.72849129756005,60.737491561533794,60.817388312501315,0.16836971211081886
L_Vicon,C_Vicon_cm,L_Vicon with C_Vicon_cm,54.0,24,28818,28818,61.347538061853996,85.55634530005472,157.1872432638306,79.49682354625952,32.54002718835977,41.90263410446816,50.75885424009664,67.55674806451377,63.16243918847776,0.33586354692619724,0.0,82.13069510998761,60.99654502478759,56.88374225748243,0.15134726309354507
L_Vicon,C_Vicon_cm,L_Vicon with C_Vicon_cm,56.0,24,28818,28818,59.97139842846761,85.94239486968303,156.02726356108235,78.50598238666326,32.43159125952961,41.92222563669785,50.544267888823356,66.37556981420857,59.10810057484905,0.30599771128739217,0.0,82.4204651294813,61.294470442714506,52.96504968944393,0.1343685108963153
L_Vicon,C_Vicon_cm,L_Vicon with C_Vicon_cm,58.0,24,28818,28818,60.44361018821802,86.31000695367246,154.00309333361366,77.61039499233605,32.33944573218615,41.97256999542689,50.30937517348865,65.28151942813075,55.09175135224773,0.275940355200902,0.0,82.77099990659224,61.62981125131877,49.06645527265809,0.11767240534464585
L_Vicon,C_Vicon_cm,L_Vicon with C_Vicon_cm,60.0,24,28818,28818,60.59178299121576,84.8081050534388,150.99337486877363,76.81389344825654,32.18510609904724,42.052455292554505,48.45654272896439,64.2803642689415,51.115963983438526,0.24595320970591728,0.0,83.16069255203821,61.627638996752324,45.18304385563468,0.10142969559241088
L_Vicon,C_Vicon_cm,L_Vicon with C_Vicon_cm,62.0,24,28818,28818,59.19810670775021,82.59883112163733,148.04715038325529,76.11656602990092,31.19345942758837,42.161864035451515,46.663032659239335,63.3727768465322,47.177399448680404,0.21632922005833943,0.0,83.54797911372931,61.65216544714694,41.3088371777083,0.08584753312048932
L_Vicon,C_Vicon_cm,L_Vicon with C_Vicon_cm,64.0,24,28818,28818,57.12972749612483,81.85396090669933,145.16287917769466,75.51419931790454,30.19332803147812,42.29913294718741,45.012265223577174,62.55539665400882,43.273016406140265,0.1874042594702897,0.0,83.9185384048089,61.705629039868626,37.45397808954077,0.07118207972212087
L_Vicon,C_Vicon_cm,L_Vicon with C_Vicon_cm,66.0,24,28818,28818,54.78325081877736,80.96216180101878,142.34712997971445,75.0079859305216,29.18227823328352,42.46361572195866,44.593876719957734,61.830730977169836,39.40165468049095,0.1595058730595862,0.0,84.39389781203249,61.57213563469459,33.61101397551538,0.057594384410492916
L_Vicon,C_Vicon_cm,L_Vicon with C_Vicon_cm,68.0,24,28818,28818,52.7722163379996,80.11051202802378,139.59375666876088,74.59766553647609,28.893622232828676,42.65388391584758,43.41976701066888,61.20014616310446,35.56338692838905,0.13297917770525647,0.0,84.86380830924486,61.1827934605419,29.776470826416816,0.045245908403663715
L_Vicon,C_Vicon_cm,L_Vicon with C_Vicon_cm,70.0,24,28818,28818,52.9329343573245,79.58876680040913,136.9064327627995,74.28269244330687,28.655711570371277,42.868402686589064,41.352883594887416,60.66480402776691,31.75992929534436,0.10817684577826359,0.0,85.44429705105344,60.8009435836284,25.954964394059353,0.03428564022241498
L_Vicon,C_Vicon_cm,L_Vicon with C_Vicon_cm,72.0,24,28818,28818,54.078631688007384,81.88119762645434,134.28969806404777,74.06323326189252,28.42977952420598,43.10802841628096,39.474082592425304,60.22508121427995,27.987129239664494,0.08539552623328828,0.0,85.99205632086793,60.431325944820955,22.145960221879793,0.02480888536666781
L_Vicon,C_Vicon_cm,L_Vicon with C_Vicon_cm,74.0,24,28818,28818,55.32290877329879,84.1704949719038,131.7493517969597,73.93867461094052,28.325745870106065,43.37191686167943,37.64749851494574,59.88158674389071,24.245312324608115,0.06492378659589204,0.0,86.57176297776385,60.07261938109573,18.35697933593308,0.01688816654748404
L_Vicon,C_Vicon_cm,L_Vicon with C_Vicon_cm,76.0,24,28818,28818,56.66462669702086,86.45608174835677,129.37548365257413,73.90646900407455,28.892792651681816,43.65876963323645,37.75629837384429,59.63286002500821,20.53401796783016,0.04701311494853899,0.0,87.114553891441,59.925482466853914,14.585958440334668,0.010532405879805196
L_Vicon,C_Vicon_cm,L_Vicon with C_Vicon_cm,78.0,24,28818,28818,57.14325979568457,88.73894307738962,127.40195650051687,73.96645022912308,30.206210930835674,43.96825004508655,38.343130068372716,59.47964986001589,16.849898697763365,0.031846350579057714,0.0,87.71243302519281,59.83410834359293,10.825949505044479,0.0057159817040369765
L_Vicon,C_Vicon_cm,L_Vicon with C_Vicon_cm,80.0,24,28818,28818,57.72256177207238,91.02412663330625,125.47298917488418,74.1175415237408,31.513821944641336,44.3001554527895,39.01198721000446,59.4214286969114,13.1886766439465,0.01955879108341152,0.0,88.24330045512096,59.749717051503524,7.073698535652879,0.0023983047289128923
L_Vicon,C_Vicon_cm,L_Vicon with C_Vicon_cm,82.0,24,28818,28818,58.43796259177116,93.30855247578067,123.5924702244604,74.3574307330694,32.807507770374805,44.657045002432476,39.776060255640914,59.453980832858754,9.554358980769544,0.010255955620708135,0.0,88.72808288153716,59.75130958622459,3.343260824304713,0.0005254549879274428
L_Vicon,C_Vicon_cm,L_Vicon with C_Vicon_cm,84.0,24,28818,28818,59.2835292406986,95.59689591803111,121.87585608612096,74.68785530441615,34.09714854785482,45.03923763100712,40.64013717933483,59.57971805565275,5.946119007280389,0.003955363518928001,0.0,89.24344547872893,60.02681695674022,-0.3525911725147229,5.721365797572986e-06
L_Vicon,C_Vicon_cm,L_Vicon with C_Vicon_cm,86.0,24,28818,28818,60.35970205755291,97.84646386213531,122.65282820492452,75.10872977737475,34.73920530024002,45.44770916460756,41.61238340389127,59.798219208099724,2.3641394892308707,0.0006205366097185028,0.0,89.77314710191638,59.83841534573632,-3.979153748369456,0.0007123765364878132
L_Vicon,C_Vicon_cm,L_Vicon with C_Vicon_cm,88.0,24,28818,28818,60.83391142585211,99.6192068510689,123.40542243113576,75.62083783732254,34.632031262063805,45.88561651424253,42.6836634941352,60.10841299124861,-1.1910877723723403,0.0001558069480488422,0.0,90.38326749373263,59.96987344890715,-7.4789971823150205,0.002459506311365267
L_Vicon,C_Vicon_cm,L_Vicon with C_Vicon_cm,90.0,24,28818,28818,61.382749845781,101.13317696023186,124.12314025704414,76.22021872760038,34.48926420781384,46.35260196274311,43.84356068880891,60.50585123908884,-4.719867366773461,0.002412681696746022,0.0,90.91390951596311,59.75060325143221,-10.716465485886719,0.004945676483407713
L_Vicon,C_Vicon_cm,L_Vicon with C_Vicon_cm,92.0,24,28818,28818,62.01065744431985,102.665989159661,125.18691003710425,76.90376152650663,34.313213105120624,46.84804420479858,45.094968226679725,60.98728794684215,-8.227765314197692,0.0072096257000261454,0.0,91.55995507428231,59.543696138817495,-13.480912440452364,0.007709528798666487
L_Vicon,C_Vicon_cm,L_Vicon with C_Vicon_cm,94.0,24,28818,28818,62.724034079955885,104.2229798207459,126.48851182999285,77.67269848298231,34.106501945222334,47.375044003098346,46.43075460824048,61.55203729636233,-11.713041222802046,0.014328281766464612,0.0,92.17901981619586,59.38254325123195,-15.705996001122914,0.010382046798610434
L_Vicon,C_Vicon_cm,L_Vicon with C_Vicon_cm,96.0,24,28818,28818,63.521841361704304,105.69747155974324,127.77592073969599,78.52559837977935,33.88393150991071,47.933810520601476,46.2725129300735,62.19822674222699,-15.175416886570394,0.02352363676148661,0.0,92.75024616119859,59.29356542315023,-17.497503881142947,0.012889087483671346
L_Vicon,C_Vicon_cm,L_Vicon with C_Vicon_cm,98.0,24,28818,28818,65.17412555440768,105.58974537378657,129.03535074543137,79.45785357076299,33.6461931628961,48.525909873869345,46.869703113785675,62.918888777424556,-18.612626673165007,0.03453117379523041,0.0,93.28320578904052,59.25599878614693,-18.918041941704054,0.015275068149535498
L_Vicon,C_Vicon_cm,L_Vicon with C_Vicon_cm,100.0,24,28818,28818,66.84814191579088,104.75176606529057,130.25715025177985,80.4655621715199,33.39817684227346,49.15088259877704,48.45512480793806,63.70947680949807,-22.02460506504986,0.047087705270240976,0.0,93.89508389029716,59.25418473395499,-20.145876076829705,0.017679062971314607
L_Vicon,C_Vicon_cm,L_Vicon with C_Vicon_cm,102.0,24,28818,28818,68.22512865711096,103.94054213329804,131.4426220103823,81.54408474224162,33.770935607463855,49.807743620394035,50.05583126294326,64.56490092840677,-25.41102451572771,0.06093440122970739,0.0,94.4644544189324,59.26848030798266,-21.293772040748518,0.020183996337597154
L_Vicon,C_Vicon_cm,L_Vicon with C_Vicon_cm,104.0,24,28818,28818,69.69482609571111,102.6885806031585,132.58598247101395,82.6919730747753,34.292035126878346,50.49905983241476,51.68523272876925,65.48135129211643,-28.773594557655073,0.07583442586386502,0.0,95.45995038494388,59.30059189345752,-22.40101580093253,0.022826825117481797
L_Vicon,C_Vicon_cm,L_Vicon with C_Vicon_cm,106.0,24,28818,28818,71.25925068272873,102.86396838279026,133.70162918565572,83.90991820946658,34.84821592701563,51.22691698324597,52.61288940858813,66.45808717011795,-32.113471292029764,0.09155595088168555,0.0,96.65413950412454,59.360789942512966,-23.51220213959792,0.025677974528845016
L_Vicon,C_Vicon_cm,L_Vicon with C_Vicon_cm,108.0,24,28818,28818,72.91475685609484,103.77415739158154,134.78130107178112,85.1936824780896,35.43656486645381,51.99060293853763,51.797623653277554,67.49030108293245,-35.433774091306724,0.10791097312758335,0.0,97.92652741926844,59.44870225416194,-24.624635968672703,0.02873048543459067
L_Vicon,C_Vicon_cm,L_Vicon with C_Vicon_cm,110.0,24,28818,28818,74.66641861834364,104.43634487907096,135.81523952155544,86.53951963512793,36.06013564900694,52.79111825933768,51.00102260644465,68.57248932047979,-38.735941268193244,0.12472867037914481,0.0,99.21707187528848,59.56922520084083,-25.74261444441701,0.03199258298916752
L_Vicon,C_Vicon_cm,L_Vicon with C_Vicon_cm,112.0,24,28818,28818,76.49375361672436,105.16865355551163,137.22191302786499,87.94304992092133,36.712817440857684,53.62650350848409,50.87504607666904,69.70063235615733,-42.02100564173969,0.1418537889828595,0.0,100.49909227328749,59.71638653528795,-26.876316676461315,0.0354944966141002
L_Vicon,C_Vicon_cm,L_Vicon with C_Vicon_cm,114.0,24,28818,28818,78.39264485367792,105.97255702013362,139.57648400403755,89.3995536434727,37.387328602434835,54.494182784884075,52.24217241931342,70.87075725755864,-45.282884072670704,0.15910680248791798,0.0,101.85458093775497,59.89165170304115,-28.026468333467417,0.03924123210949415
L_Vicon,C_Vicon_cm,L_Vicon with C_Vicon_cm,116.0,24,28818,28818,80.36011083710747,106.84561419086143,141.93889768629012,90.90740012703984,38.08174233129155,55.39558232901443,52.00221658101636,72.0797118216153,-48.52274924330401,0.17636562791718724,0.0,103.24586611563451,60.151792641447635,-29.194567532952615,0.04324275310152348
L_Vicon,C_Vicon_cm,L_Vicon with C_Vicon_cm,118.0,24,28818,28818,82.19530097176647,107.7901679507052,143.10071383937682,92.46353136456614,38.802942475904274,56.330663166449085,51.082879990163335,73.32367298242883,-51.74152254245283,0.19353784961931375,0.0,104.62284598251289,60.4874053670422,-30.392976776573978,0.04754126978807305
L_Vicon,C_Vicon_cm,L_Vicon with C_Vicon_cm,120.0,24,28818,28818,83.8848170157514,109.4182589330926,144.16063357618717,94.06698847759856,39.54811439032336,57.30198323716823,50.13933105348518,74.59947076442265,-54.94319467321294,0.21056904297599743,0.0,106.02816246126757,60.850793932625876,-31.60834927454685,0.05210604548112663
L_V4,C_V4,L_V4 with C_V4,0.0,24,28818,28818,72.68777814128809,135.06492827081772,171.49830647240591,109.84334268175988,37.42080435546383,47.941698612999275,61.87012199532967,98.82891006989237,129.3271311540153,0.6259907796910889,0.0,79.59724289805987,67.05790078238728,130.58531477712697,0.32659299811848086
L_V4,C_V4,L_V4 with C_V4,2.0,24,28818,28818,71.52948627887287,131.83688213549493,167.06881227377286,107.49498751761026,37.337960157069055,47.22218494067937,62.41430103050061,96.56726977003886,124.80652012252219,0.6132405783015842,0.0,79.64929820385964,66.1308015400525,125.959697030953,0.3166850636493552
L_V4,C_V4,L_V4 with C_V4,4.0,24,28818,28818,70.44027785320517,128.62705569781764,162.7308149765455,105.19804885874471,37.316339193941225,46.53244262950703,62.727611732263085,94.34702574336126,120.3291590790417,0.5998247603825138,0.0,79.69467090356699,64.76125900793349,121.2809244390953,0.30659851622758594
L_V4,C_V4,L_V4 with C_V4,6.0,24,28818,28818,70.08733323054994,125.30702894545752,158.50513004694403,102.95877176392585,37.299199113007695,45.874796212684416,62.88134128231388,92.17381274299578,115.90045417904446,0.5856924608476809,0.0,79.8410248515984,63.49136605040117,116.59177952833026,0.29639373013494097
L_V4,C_V4,L_V4 with C_V4,8.0,24,28818,28818,70.5588726599388,121.68398993651145,154.3823694062567,100.77958426606008,37.281598161806876,45.249255009381926,63.023139311518435,90.05015006059585,111.51750125137413,0.5707719472863279,0.0,79.92191945080549,62.752359964565656,111.91385011671636,0.28607953780783923
L_V4,C_V4,L_V4 with C_V4,10.0,24,28818,28818,71.02211893434433,118.0720683428072,150.50703295236747,98.66198700575318,37.256537177832435,44.65526543884523,63.13776490932014,87.9778094095874,107.18086143060198,0.5550126947568714,0.0,80.0539190464228,62.14225221870014,107.26209742334999,0.27563594869214003
L_V4,C_V4,L_V4 with C_V4,12.0,24,28818,28818,71.47752772066772,114.47741610426057,147.78758419990046,96.60915649299243,37.22671313567226,44.09392826104111,62.37479466232651,85.95961033414275,102.89294376533523,0.5383874331341825,0.0,80.22793395529479,61.754367171241036,102.65872044132615,0.26510546875564966
L_V4,C_V4,L_V4 with C_V4,14.0,24,28818,28818,71.92715906517535,110.90807998724654,145.13549259775303,94.62878373449834,37.193184060767834,43.57028915722052,61.38339342019481,84.00140840382767,98.65756182958633,0.5208423207847653,0.0,80.3239924257343,61.44098686334591,98.11972930315655,0.2545148766389621
L_V4,C_V4,L_V4 with C_V4,16.0,24,28818,28818,71.47211268275284,107.35932780850861,142.5464831159739,92.72566374393138,37.15668618288791,43.085691457249524,58.54093078854498,82.10768483158763,94.47368488007028,0.5023144626176987,0.0,80.68463307218167,61.20072651165386,93.63547310704624,0.24378688676480487
L_V4,C_V4,L_V4 with C_V4,18.0,24,28818,28818,70.01960043958556,103.76272167554306,140.03120767952893,90.90556487496517,37.11864212239538,42.643195953111345,55.66792174146856,80.28312129047455,90.34432433845137,0.4827873672145534,0.0,80.88541932334995,61.02710426441943,89.2114155391004,0.23293109108930055
L_V4,C_V4,L_V4 with C_V4,20.0,24,28818,28818,68.61282496547003,100.15939114846519,137.57777132849728,89.16822490461907,37.02487739672675,42.241660598738385,52.86012315183588,78.52779407637605,86.2675563680303,0.46226726490987335,0.0,80.61506770900084,60.92690848871155,84.85120564561879,0.22197368678266904
L_V4,C_V4,L_V4 with C_V4,22.0,24,28818,28818,67.25843122692933,96.56413817629594,135.18187055198848,87.51597212005046,37.02197570207565,41.88108109248219,50.26941380419366,76.84413069742138,82.24432433671865,0.44077508157791834,0.0,80.27193113712478,60.90408034129095,80.55883136619032,0.21090805072734564
L_V4,C_V4,L_V4 with C_V4,24.0,24,28818,28818,66.62367967640908,92.97581032462895,132.8577373654374,85.95359270931299,37.01057684388894,41.564127880538585,48.77108188863315,75.23591810544148,78.27765069158805,0.41835933383751644,0.0,80.02142046275408,60.948863074286805,76.35190419572214,0.1998043207647645
L_V4,C_V4,L_V4 with C_V4,26.0,24,28818,28818,66.75305920882771,89.3904605318497,130.60364000729936,84.4823565310698,36.97320399631408,41.290318258270126,47.29738839471969,73.7046686660591,74.36481615712506,0.3950755756729024,0.0,79.76171284506086,61.05407155225875,72.22677395716521,0.18863916061811847
L_V4,C_V4,L_V4 with C_V4,28.0,24,28818,28818,67.01521535185626,85.81051779267618,128.40865216799173,83.10201016281671,36.5602797394091,41.0599386758359,46.85947887437747,72.24974414513512,70.50262456398107,0.37099493917431925,0.0,79.53062836539691,61.20696886537098,68.18414236751318,0.17741880075449046
L_V4,C_V4,L_V4 with C_V4,30.0,24,28818,28818,66.07825383728138,84.3740630102733,126.28255958665453,81.81552914839253,36.14558546506625,40.87126721822799,48.27524035221188,70.87538589529984,66.69088381082055,0.3462088151640006,0.0,79.3950405524334,61.4169957389748,64.21966182919901,0.16609202031728987
L_V4,C_V4,L_V4 with C_V4,32.0,24,28818,28818,64.6417511616848,84.40793334736887,124.22105681742424,80.62703414959898,36.20627576376758,40.72510454374803,49.459859225610444,69.58580671129273,62.932467949002636,0.320866345744656,0.0,79.27953130441841,61.663492113440384,60.33403427099915,0.15464104302861115
L_V4,C_V4,L_V4 with C_V4,34.0,24,28818,28818,63.314259121798564,82.22238186576078,122.33616933110852,79.53882709118311,36.66009832356772,40.622590728494906,51.23710054051389,68.38296672086057,59.229150624650586,0.29514982490089037,0.0,79.1917207837937,61.65820301443792,56.51855954851306,0.1430069800044006
L_V4,C_V4,L_V4 with C_V4,36.0,24,28818,28818,64.0394807158211,79.84102620755182,120.6486964409156,78.5496368888089,36.75727606036895,40.56274451769236,51.18566603211379,67.26595879459497,55.57759475198739,0.26924092283013323,0.0,79.09723241424925,61.73051310111209,52.78086829708067,0.1312296076029149
L_V4,C_V4,L_V4 with C_V4,38.0,24,28818,28818,63.25669894506075,81.16137543315074,119.02646356312698,77.65829585147783,36.34657761977151,40.544275801714676,49.28145251834286,66.2342253994878,51.978986840018294,0.24337711584651278,0.0,79.01633944719134,61.862946265709816,49.11555547113834,0.11933233950707856
L_V4,C_V4,L_V4 with C_V4,40.0,24,28818,28818,61.058333321564845,82.76694112691797,117.45673244083227,76.86141345694736,35.87959195406019,40.563759768212975,47.41641091832875,65.28597301156287,48.425555679338075,0.21774798545294127,0.0,78.94785015729715,62.03554175207502,45.51194329524205,0.1073274171284826
L_V4,C_V4,L_V4 with C_V4,42.0,24,28818,28818,59.274348747765515,82.46152045685338,115.93119582677181,76.16103134607378,35.41489542927374,40.620491734671546,45.584809491003526,64.42420621886708,44.91873964474342,0.19258846471828073,0.0,78.92699548107564,62.242595371979924,41.97721633709947,0.09532058300094004
L_V4,C_V4,L_V4 with C_V4,44.0,24,28818,28818,58.573770096984276,82.04963331062568,114.45239487802418,75.55612446111326,34.39419024347805,40.71183997748696,46.214681526298165,63.64961923869404,41.45796996791418,0.16815268407201278,0.0,79.06154321132925,62.48684658803713,38.50839371774872,0.08342853997974109
L_V4,C_V4,L_V4 with C_V4,46.0,24,28818,28818,58.473292281722564,81.72328129702039,113.0301954600986,75.04858983302233,33.340958699808866,40.83868915118143,47.406128198295605,62.964214474083605,38.04003439998476,0.14466167553897946,0.0,79.23313774562229,62.542020191660455,35.099272489077954,0.07177585554568544
L_V4,C_V4,L_V4 with C_V4,48.0,24,28818,28818,58.07895938682272,84.11423230983901,111.65683608984264,74.63554359995196,32.400441817420884,40.99670076939336,46.285425396368396,62.36773921255404,34.662478619411786,0.12236076554232034,0.0,79.06132181065033,62.60509937975797,31.740682019554974,0.060499676563638194
L_V4,C_V4,L_V4 with C_V4,50.0,24,28818,28818,57.95050891604628,86.4337740618729,110.33787583645976,74.31920724321373,32.77451900088806,41.185012760494956,43.11622535425259,61.863877094614914,31.323719055647196,0.10146024150544564,0.0,79.20635637446175,62.6689475007205,28.434338555967592,0.04978831954024032
L_V4,C_V4,L_V4 with C_V4,52.0,24,28818,28818,57.9727660415911,88.55491463128065,109.45248083355509,74.09626093304274,33.49244587040994,41.40242048299317,39.79484570724638,61.44994273721485,28.02163908906028,0.0821760659166384,0.0,79.34343728183259,62.668982100072746,25.185559844567887,0.03984974423090015
L_V4,C_V4,L_V4 with C_V4,54.0,24,28818,28818,58.121329646759776,90.18431408800305,109.3582216972056,73.96658720229637,33.9650036707261,41.64796115991522,38.10163875449199,61.12694457910608,24.752474782728363,0.06468018431635902,0.0,79.42718343269179,62.38389250741882,21.985849636501676,0.030816103162496167
L_V4,C_V4,L_V4 with C_V4,56.0,24,28818,28818,58.40565425411623,91.83651905993489,109.3280963889342,73.9285809783891,34.06718980378675,41.9222087743803,38.09375595351082,60.89304966049498,21.51414687401471,0.04912931694468037,0.0,79.67752108671618,62.5337858204202,18.837008021066726,0.022834117252001684
L_V4,C_V4,L_V4 with C_V4,58.0,24,28818,28818,58.83243971132334,93.22460697635182,109.68037189838032,73.97777840608781,34.18005743282889,42.22263176926088,38.65896901462406,60.74504971088288,18.30629122985301,0.03565292007244625,0.0,79.8568973075425,62.42249925639412,15.747164795291216,0.016027370702785815
L_V4,C_V4,L_V4 with C_V4,60.0,24,28818,28818,59.030624229390234,93.24406883630023,110.33454928619928,74.11612146968349,34.311174413342,42.55147001845112,39.28537225652519,60.68419778639027,15.12930230281414,0.024331582752884495,0.0,80.06931560942223,62.05475405906292,12.713262186254019,0.01044289864307979
L_V4,C_V4,L_V4 with C_V4,62.0,24,28818,28818,59.20160371917552,93.574285443392,111.52369299392711,74.33879845238091,34.46500775037204,42.90692634490679,39.9659102644855,60.70628161052573,11.979485851733186,0.015197726512217624,0.0,80.51428513368975,62.05988032743837,9.752734766150882,0.00611755235829925
L_V4,C_V4,L_V4 with C_V4,64.0,24,28818,28818,59.45381132626052,95.53181884539147,113.47908551810285,74.6446804247532,34.64407106139265,43.28738785673007,40.70882271245773,60.811432874538916,8.852502727784486,0.008244354505308693,0.0,80.83250611035061,61.761598470646476,6.8669108917656345,0.0030081556102188323
L_V4,C_V4,L_V4 with C_V4,66.0,24,28818,28818,59.962611082207,96.61301540246367,115.37419348173447,75.03247467875839,34.853156617842174,43.69232158891158,41.48641495104732,60.998797451996126,5.745664148535775,0.0034404179792292267,0.0,81.03868115200768,61.31002522733897,4.075257396430851,0.0010476276414648211
L_V4,C_V4,L_V4 with C_V4,68.0,24,28818,28818,61.177386437685314,97.69554420798616,117.19104783691806,75.49862140903538,35.104023545882754,44.123636073599165,42.569057005866625,61.26292985410863,2.656453417887976,0.0007266647378200153,0.0,81.45002671391137,61.18809256671665,1.4014343480949005,0.00012225150812172902
L_V4,C_V4,L_V4 with C_V4,70.0,24,28818,28818,62.418939798632515,98.07362273106064,118.93916946807825,76.04331975941128,35.387616083635024,44.58112080798378,44.27472430476119,61.60446532140365,-0.41501131304168287,1.7480789688995024e-05,0.0,81.81985058047101,61.11995523003449,-1.152381525274276,8.146416889587282e-05
L_V4,C_V4,L_V4 with C_V4,72.0,24,28818,28818,63.68029634794931,97.80866145784839,120.62429024305756,76.6646888395612,35.70554964630939,45.06567969144219,45.97924663132095,62.020633895624385,-3.4641210912595963,0.0011975982516229111,0.0,82.18044179378339,60.94744784020412,-3.5729281558871535,0.0007715457255840219
L_V4,C_V4,L_V4 with C_V4,74.0,24,28818,28818,64.96813460110725,97.60180258864801,122.26028309373189,77.36078491164155,36.058293756250066,45.576708289438585,47.698140258629294,62.50963688620088,-6.491373008354876,0.00412584456813847,0.0,82.55339611386408,60.77327475087691,-5.85412316310955,0.0020418779239426144
L_V4,C_V4,L_V4 with C_V4,76.0,24,28818,28818,66.29260337082314,97.4508368675293,121.39547727796527,78.1317659410568,36.44868919504232,46.115622207957344,49.44250851705061,63.0707716572505,-9.498584141888896,0.008648743515308754,0.0,83.79082828360255,60.63318530010761,-8.002265168710132,0.003765969344805442
L_V4,C_V4,L_V4 with C_V4,78.0,24,28818,28818,67.64844879028269,99.1094632288408,119.46164221475327,78.9775170794566,36.60817485394625,46.68419946579412,49.559012178208235,63.702697935596156,-12.48993189580745,0.014611859350549539,0.0,85.04629072112557,60.537286448106464,-10.005182522848825,0.005822825617705418
L_V4,C_V4,L_V4 with C_V4,80.0,24,28818,28818,68.82395088205651,101.65246281421852,120.96677321220741,79.8964196993382,36.14269996722996,47.283173268381226,49.52872065765919,64.40294563484683,-15.467063723358113,0.021855884165880024,0.0,86.34883142617917,60.48335338856154,-11.865977702210742,0.008122677189028038
L_V4,C_V4,L_V4 with C_V4,82.0,24,28818,28818,69.44395587609239,104.21105099841219,123.27726022908921,80.8858996775388,35.678208274917964,47.911802828542726,49.47851912998463,65.1689183304719,-18.4287943259016,0.030213304485555814,0.0,87.74097858905088,60.46333521096217,-13.59989677479636,0.010612556050544453
L_V4,C_V4,L_V4 with C_V4,84.0,24,28818,28818,70.18791901532744,106.77811183748021,125.6045885985172,81.94217464082766,35.229428666831055,48.57098785448114,48.438807050595315,65.99529622410786,-21.372636375089307,0.03951494088004659,0.0,88.99408947722985,60.488830682883744,-15.230489867119287,0.01327561488526674
L_V4,C_V4,L_V4 with C_V4,86.0,24,28818,28818,71.0441417612922,108.55721282268814,127.95386623346246,83.063019125651,34.80604505801843,49.26179714302756,47.09885681182489,66.87855028712468,-24.303200230033056,0.049623651681913516,0.0,90.3935283225025,60.552883408305156,-16.77561440680386,0.016097128520130455
L_V4,C_V4,L_V4 with C_V4,88.0,24,28818,28818,72.03174926269867,108.4863535899605,130.43302548503343,84.24634511546876,34.69653682905417,49.984177456455214,46.07251676168856,67.81613870839492,-27.21897546743688,0.060387545558688194,0.0,91.85981905972503,60.646905496498505,-18.261568813971703,0.019090656991541666
L_V4,C_V4,L_V4 with C_V4,90.0,24,28818,28818,73.16680535213627,107.69849689578469,132.89603246676327,85.48919478324711,34.63070846810845,50.74140391819632,45.69118327496517,68.80197928183765,-30.12331241007981,0.07169536881575111,0.0,93.3499882752759,60.772295452028644,-19.70976721943089,0.022275703768057098
L_V4,C_V4,L_V4 with C_V4,92.0,24,28818,28818,74.45035515907567,107.00435594781425,135.34300456821214,86.7862979762633,34.99772054679826,51.53006623908336,46.67951733996017,69.83203985149255,-33.02058139010682,0.0834557735062117,0.0,94.88159674033946,60.922143026055465,-21.13459676611807,0.025662926232810523
L_V4,C_V4,L_V4 with C_V4,94.0,24,28818,28818,75.88073274828153,106.41076727866248,136.66753698580473,88.1366402028488,36.42907606175506,52.350151191893566,47.711287365085354,70.90507045643709,-35.910003266569205,0.09555761596752077,0.0,96.29238226996856,61.08653233964682,-22.55343428499779,0.029278456273793885
L_V4,C_V4,L_V4 with C_V4,96.0,24,28818,28818,77.6253181892022,107.19507459542842,137.919216520726,89.53635578355805,37.90931208780981,53.20413055140371,48.79219869768474,72.0144395192317,-38.78712932550512,0.10789348132206178,0.0,97.6373840883269,61.28086811366348,-23.952062982802712,0.03307808711843441
L_V4,C_V4,L_V4 with C_V4,98.0,24,28818,28818,79.66059713074907,109.58647630564843,139.128304521354,90.98368007376195,39.43313592012312,54.09200840601062,49.90884699823948,73.15794328963017,-41.65106793880423,0.12037509313991179,0.0,99.54719081295907,61.488995888858796,-25.342780675465377,0.037073848931705955
L_V4,C_V4,L_V4 with C_V4,100.0,24,28818,28818,81.86267749259034,111.99228119214354,140.2989106718832,92.47399028221695,41.00349667391043,55.012211694283685,51.06314138304742,74.33098575438692,-44.506450864360765,0.13296389280838883,0.0,101.48158403266619,61.709011485351915,-26.732096371773697,0.04127951246405248
L_V4,C_V4,L_V4 with C_V4,102.0,24,28818,28818,84.19234908030214,114.41834592686476,141.43628696006357,94.00389032266452,42.62486464025466,55.96587755322177,52.2568245936792,75.52848433202752,-47.35556107345478,0.14562540723902995,0.0,103.56758134299476,61.93875860372009,-28.10984439751561,0.0456546182932237
L_V4,C_V4,L_V4 with C_V4,104.0,24,28818,28818,86.6031201463543,116.85062451222569,142.53203332708006,95.5710093334375,44.292559029732,56.95084847232173,53.492435458197065,76.74906307763403,-50.19806199132091,0.15830621634985798,0.0,105.48085170559796,62.17171520604637,-29.47225191857517,0.05018069595273411
L_V4,C_V4,L_V4 with C_V4,106.0,24,28818,28818,89.08029351446439,119.29423161230159,143.60106661537918,97.1689341131056,46.0032209298123,57.96594913456952,54.7684589893222,77.98557877970491,-53.042185545636585,0.1710459263921812,0.0,106.81995929466953,62.41350455908314,-30.83132941076393,0.054888637181456645
L_V4,C_V4,L_V4 with C_V4,108.0,24,28818,28818,91.61444177782764,121.73229830313478,144.64286749669728,98.79359514427942,47.75933094650501,59.00947263329527,56.080773541419376,79.23418820857675,-55.87964866794077,0.1837659127103266,0.0,108.17154102717524,62.66149943962412,-32.17162333216051,0.05971065845371837
L_V4,C_V4,L_V4 with C_V4,110.0,24,28818,28818,92.90766013892909,124.15840430006416,145.86574262369805,100.44632325443911,49.56086183587606,60.07905568809096,57.41535640660277,80.49826658358886,-58.71059753245659,0.1964104406145244,0.0,109.5908146540732,62.910123712614364,-33.4817663790527,0.06456982513389631
L_V4,C_V4,L_V4 with C_V4,112.0,24,28818,28818,94.94095794336647,126.57123603866144,147.88813175373284,102.1246069453802,51.295638464285425,61.175618361495204,59.00309435886538,81.77395099808427,-61.53592918086179,0.20897117775807672,0.0,110.67261740498932,63.15480680550532,-34.75767327378996,0.0694308494719803
L_V4,C_V4,L_V4 with C_V4,114.0,24,28818,28818,97.49778120824541,128.9515478244271,150.12984209196617,103.82396912255385,52.285651363802636,62.29628579019682,60.410578817846904,83.05774702643419,-64.35029993204772,0.2213990421727029,0.0,111.36531346041164,63.40465957183933,-35.9883460147757,0.07423347592847096
L_V4,C_V4,L_V4 with C_V4,116.0,24,28818,28818,99.86715827940372,131.30358305317583,152.40534270041047,105.54465848927292,53.332531392214875,63.43975716323406,61.469584106005414,84.35088705335079,-67.15117878759804,0.23364143833975448,0.0,111.99753254099821,63.65978438417427,-37.16916535169499,0.07892551201932818
L_V4,C_V4,L_V4 with C_V4,118.0,24,28818,28818,101.51910328151797,133.63497170307593,154.85809958502045,107.28548905458322,54.440237934433625,64.60627671918974,62.830549269764106,85.65165013100786,-69.93929002425844,0.24568807286709426,0.0,113.10683756431229,64.07845646544682,-38.29700155862038,0.08346485387120317
L_V4,C_V4,L_V4 with C_V4,120.0,24,28818,28818,103.1797528171277,135.94929216384224,157.67677073868487,109.04554330683564,55.59751504358792,65.79509493367873,64.27239673383785,86.95939280923696,-72.71360214852443,0.2575167467511851,0.0,114.32761695298123,64.58329470102888,-39.37346288517359,0.08783670882178318
L_Vicon,C_none,L_Vicon with C_none,0.0,24,28818,28818,310.1723979711288,351.2649619612733,450.41194660471484,305.3160995676916,76.33081921214549,88.07521115221779,304.3937251475345,292.3365831293114,465.6319374645428,0.884149571724385,0.0,134.48895635391017,75.75424987955682,354.985330368482,0.6365581110316076
L_Vicon,C_none,L_Vicon with C_none,2.0,24,28818,28818,306.8240258644463,348.2575353249514,446.7817904026555,301.8589558514844,75.92358869317164,87.08712130000767,301.17420854386006,289.02363663103085,460.76348623174346,0.8866095196980672,0.0,133.7737075043545,75.91343219033291,353.439151294846,0.6387901428544351
L_Vicon,C_none,L_Vicon with C_none,4.0,24,28818,28818,303.4530129988866,345.19984588716153,443.17235809648827,298.40860713850947,75.48250856455972,86.08723343725113,297.9370783219083,285.7213416135825,455.8712843770512,0.8889306534509978,0.0,133.0968830281791,75.86506663034156,351.74381636540863,0.6406776351429568
L_Vicon,C_none,L_Vicon with C_none,6.0,24,28818,28818,300.0369733497731,342.05472701318143,439.577649902927,294.93836978175267,75.0218114555486,85.08025707822148,294.6584445245106,282.40041045476823,450.9113423191647,0.8911002185530713,0.0,132.3169398349587,75.36181714372958,349.90529652905764,0.6424379706879555
L_Vicon,C_none,L_Vicon with C_none,8.0,24,28818,28818,296.63933763160173,338.90713657146756,435.99709302982075,291.47294454761357,74.54754151795771,84.07800937731223,291.3808001865318,279.0830803585284,445.92068396437907,0.8931290748639329,0.0,131.69356169736616,74.98170133242493,347.9161560287927,0.6439348275072846
L_Vicon,C_none,L_Vicon with C_none,10.0,24,28818,28818,293.16767365896175,335.7560181263912,432.43304966799786,288.00709559898297,74.02753763354912,83.07779733874963,288.0165376111768,275.76469444927744,440.89032200892296,0.8950171810658837,0.0,130.97588648250792,74.74300431809918,345.75271359175184,0.6451407710953383
L_Vicon,C_none,L_Vicon with C_none,12.0,24,28818,28818,289.63425525932075,332.60223849091307,428.87401267503253,284.546255075934,73.16872914998385,82.08645737990969,284.5789063272854,272.4488663814823,435.8273818836374,0.8967654201571187,0.0,130.39132186322337,74.64354917713987,343.38366608810605,0.646003354381571
L_Vicon,C_none,L_Vicon with C_none,14.0,24,28818,28818,286.236562544893,329.44290405831526,425.309458968316,281.10378721091047,72.30288810132512,81.10432528233336,281.2729448580556,269.14945217260663,430.7660254208358,0.8983922767768504,0.0,129.67766940934038,74.633880339614,340.7980236217905,0.6465689980097955
L_Vicon,C_none,L_Vicon with C_none,16.0,24,28818,28818,282.9745440093266,326.2783931970306,421.7365503824257,277.673234108198,71.41562463898482,80.12856621970147,278.10655007537434,265.8605608503846,425.6998017486376,0.8999092060701809,0.0,128.9924736643231,74.62439799266876,338.02438315973166,0.6468834619475281
L_Vicon,C_none,L_Vicon with C_none,18.0,24,28818,28818,279.6738869867956,323.11075783783576,418.16017655984706,274.24976910201565,70.52242988995422,79.15994070450589,274.901089686149,262.5769213776565,420.6144698937956,0.9013153859990316,0.0,128.10622085384787,74.6558939750964,335.0402497733018,0.6468852432170578
L_Vicon,C_none,L_Vicon with C_none,20.0,24,28818,28818,276.30186011785565,319.94021990523606,414.57361426815396,270.82420927317855,68.88712301877965,78.19890842579399,271.66108404718693,259.2888023989017,415.48975574101274,0.9025760541341681,0.0,126.39655440824046,74.71526390069292,331.85543929825855,0.6466514571365636
L_Vicon,C_none,L_Vicon with C_none,22.0,24,28818,28818,272.57705965575235,316.7639840107447,410.9750658677212,267.3901111591544,67.07640005821385,77.24605084330832,268.25675547217594,255.9892950394957,410.31340355542363,0.903693721524355,0.0,124.07207695493759,74.75685929334534,328.4517135306584,0.6461568234593552
L_Vicon,C_none,L_Vicon with C_none,24.0,24,28818,28818,268.828430215613,313.5811860331731,407.3672295707471,263.9530163403081,66.2589803705679,76.3042386117471,264.75803493043645,252.68331564436247,405.0998684930811,0.9046900104455055,0.0,121.55284138280649,74.77164478334407,324.8074974148616,0.6453783200981045
L_Vicon,C_none,L_Vicon with C_none,26.0,24,28818,28818,265.06972670676475,310.3905850290171,403.7428272881215,260.51338313867024,65.5445621075761,75.37693430259529,261.18736829906084,249.37028806475286,399.8490675621092,0.9055634601429837,0.0,119.02259654364389,74.77516220037924,320.9224759553057,0.6443128034397168
L_Vicon,C_none,L_Vicon with C_none,28.0,24,28818,28818,261.2900556251,307.19251237411356,400.102616256396,257.06269719007287,64.83057057569788,74.4592470426767,257.4274160131778,246.04278249213638,394.54196794547653,0.9062963875437369,0.0,116.60860938838971,74.7693688370084,316.8113884575435,0.6429593801745428
L_Vicon,C_none,L_Vicon with C_none,30.0,24,28818,28818,257.4877397946525,303.98991200103524,396.44070548969205,253.60272190038148,64.11541284261097,73.55485016098064,253.582839697341,242.7015133308359,389.18385106908994,0.9068751939944258,0.0,114.28967531731456,74.75681480470698,312.5093754531249,0.6413450432515477
L_Vicon,C_none,L_Vicon with C_none,32.0,24,28818,28818,253.6621232761829,300.77898964085364,392.9283905713047,250.155471619923,63.397527769595634,72.66528910353155,249.81095807054862,239.3689949448054,383.8252033209198,0.9073304046794329,0.0,111.85619109677344,74.65833605436059,308.05787066518354,0.6394467580652887
L_Vicon,C_none,L_Vicon with C_none,34.0,24,28818,28818,249.80476221708213,297.55957134123,387.9046779098821,246.71093261396499,62.68127884898216,71.7907166143832,245.850726249775,236.03469507520649,378.44664227629005,0.9076451795488477,0.0,109.60337193857912,74.54846198913113,303.4991796010354,0.6372974015595523
L_Vicon,C_none,L_Vicon with C_none,36.0,24,28818,28818,245.9192395100917,294.05716455437636,382.4187545273306,243.2572467148355,61.9706732530348,70.92971856955566,241.8686079447624,232.686619948217,373.0224877639259,0.9078073126547853,0.0,107.45643157436342,74.47503816218102,298.85907050328063,0.6349055945106623
L_Vicon,C_none,L_Vicon with C_none,38.0,24,28818,28818,242.0378853332365,290.37264151204516,376.922927589506,239.80872985452916,61.264266714531175,70.08460434267347,237.88737768829708,229.33899613579337,367.580681637158,0.9078329184045463,0.0,105.19387525308736,74.41305171032792,294.1764944369166,0.6322674553437315
L_Vicon,C_none,L_Vicon with C_none,40.0,24,28818,28818,238.16165210002117,286.67842597407844,371.4070528721534,236.35327871469448,60.331630340775504,69.2529454581979,233.88724348192602,225.97987057379672,362.09865811369696,0.907721105995785,0.0,103.90766387946516,74.35690653216696,289.455555704311,0.6293737157903649
L_Vicon,C_none,L_Vicon with C_none,42.0,24,28818,28818,234.29983284966085,282.9803800162877,365.8671895085188,232.89979312017346,59.358443941240374,68.43924294502365,229.87406816583405,222.6171234665735,356.5958359455022,0.9074595519992753,0.0,102.6809228905609,74.31137611081853,284.78397853937776,0.6263157565569141
L_Vicon,C_none,L_Vicon with C_none,44.0,24,28818,28818,230.43403540142776,279.1887824319032,360.33090133121897,229.45144568377074,58.381501147886965,67.64068871941531,225.84154627148348,219.2548817151754,351.07544916756035,0.9070364757714254,0.0,101.3126875913045,74.2808721606102,280.201981075385,0.6230568908059521
L_Vicon,C_none,L_Vicon with C_none,46.0,24,28818,28818,226.77156999643017,274.8768193669654,354.79810912573225,226.00578912614077,57.40266777217876,66.85470764785553,221.78656821024265,215.89132632843166,345.5324953305128,0.9064438367709582,0.0,100.90129981649088,74.27009441728023,275.7121804567578,0.6196112113549337
L_Vicon,C_none,L_Vicon with C_none,48.0,24,28818,28818,223.1494697892491,270.3746890458753,349.237916231173,222.56279249390568,56.36885379079469,66.0796237887582,217.70944406885314,212.52689223395114,339.97063332056996,0.905698479385332,0.0,100.43040179069786,74.28781186297999,271.3138313037883,0.6159802537441202
L_Vicon,C_none,L_Vicon with C_none,50.0,24,28818,28818,219.52501177894874,265.7428425608925,343.6793948911795,219.12126015666678,55.41314289300679,65.31599564186688,213.62369859090245,209.16009984210004,334.3887385504701,0.9047963811927728,0.0,100.0789451402415,74.32010128429758,267.01733823486353,0.6122241624513626
L_Vicon,C_none,L_Vicon with C_none,52.0,24,28818,28818,215.8888757533773,261.13664199649065,338.2568652737326,215.67719016595882,54.40741625080082,64.55995046848743,209.51774162983713,205.7879081807034,328.7784209960019,0.9037252653091429,0.0,99.7631131711387,73.94041328294281,262.8266344314986,0.6083635719027284
L_Vicon,C_none,L_Vicon with C_none,54.0,24,28818,28818,212.24556838932128,256.53695176033216,332.83657326520176,212.2361329641978,53.405629663216544,63.8113240809992,205.38169937227224,202.41613338522782,323.1510091539887,0.9024883945809914,0.0,99.34921371480561,72.8556299120813,258.750488237434,0.6044082782627851
L_Vicon,C_none,L_Vicon with C_none,56.0,24,28818,28818,208.59991547119586,251.9576469726672,327.4130998017577,208.7987016775236,52.41589391755065,63.07059896423535,201.21911251250572,199.04521438234104,317.50556808778214,0.9010833792090478,0.0,98.93880021351339,71.79884686525608,254.75783272156616,0.600306938336798
L_Vicon,C_none,L_Vicon with C_none,58.0,24,28818,28818,204.95681673431085,247.358269916389,321.99582656725926,205.35395436057013,51.4336444967942,62.33582650538354,197.03362089204973,195.6642310321788,311.81967400640247,0.899486768305561,0.0,98.50051551494124,70.76361887305494,250.8364983510649,0.5961060983237811
L_Vicon,C_none,L_Vicon with C_none,60.0,24,28818,28818,201.31466880734865,242.65680006325204,316.5780935261523,201.91429833638477,50.57791872512158,61.60623606366413,192.83948988519205,192.2863894058617,306.11951465984635,0.8977023894805719,0.0,97.50364388489064,69.77539819871363,247.01147195505908,0.5918503787007714
L_Vicon,C_none,L_Vicon with C_none,62.0,24,28818,28818,197.6720779720597,238.00294716903522,311.1641655801878,198.47614727621107,50.15003553605946,60.88036946347601,188.64579362898337,188.9083419322685,300.3949206671061,0.895714679569029,0.0,96.63530580510353,68.83010918645553,243.25704140422366,0.5875136225528221
L_Vicon,C_none,L_Vicon with C_none,64.0,24,28818,28818,193.8058390705916,233.41168569813084,305.7720118674896,195.0493523745862,49.738545778178946,60.161610679632,184.45331419223305,185.5392962748805,294.66204830467154,0.8935150909052963,0.0,95.00525663990814,68.6334998113386,239.5710959344735,0.5830564261821147
L_Vicon,C_none,L_Vicon with C_none,66.0,24,28818,28818,190.29156185909764,228.93649013822477,300.4384667153782,191.6388405407683,49.34478700953028,59.44842767804043,180.25364622705865,182.18487766666811,288.9311653392853,0.8910942371218101,0.0,93.14527601869591,68.46883706277941,235.95151473068915,0.578456395878125
L_Vicon,C_none,L_Vicon with C_none,68.0,24,28818,28818,187.1736181514679,225.31154777992677,295.16343241851956,188.24563143995323,48.96952282385899,58.73914649653686,176.04308967129816,178.84666735806147,283.20629000826756,0.8884543697034705,0.0,91.80637727220875,68.08011400999304,232.39971289187406,0.5737371755999834
L_Vicon,C_none,L_Vicon with C_none,70.0,24,28818,28818,184.10340600364123,221.4839718954523,289.90800312533315,184.86324546527916,48.60398634139549,58.03448787907389,171.81971387501108,175.5175710308506,277.476992080961,0.8855945053711233,0.0,90.7219436020074,67.36959124605721,228.88947470989055,0.5689219046387346
L_Vicon,C_none,L_Vicon with C_none,72.0,24,28818,28818,181.10624551929104,217.48544182323081,284.6906808576556,181.49754919485477,48.25041727068486,57.3364403055373,167.58179582033085,172.2030573968659,271.74914806712906,0.8824910737240158,0.0,89.61569126629394,66.70792086916646,225.4062891791294,0.5639515606835626
L_Vicon,C_none,L_Vicon with C_none,74.0,24,28818,28818,178.16365606467406,213.52674957571338,279.5386024818344,178.15399911625238,47.51273951538376,56.643536323847954,163.33190765745633,168.90931648030127,266.0333641299764,0.8791448639972012,0.0,88.53418346520806,66.08385894664184,221.93574465551552,0.5587768700569724
L_Vicon,C_none,L_Vicon with C_none,76.0,24,28818,28818,175.14692729657872,209.60013800513102,274.43179923895565,174.82916658613928,46.768790161926404,55.95693785724334,159.06532791252232,165.63229937075872,260.3235541897132,0.8755441366338519,0.0,87.62920487086271,65.49639460924627,218.461196342612,0.5533931602468174
L_Vicon,C_none,L_Vicon with C_none,78.0,24,28818,28818,171.02278938755893,205.71456740993312,269.3973127299334,171.5291303419352,46.02444970477117,55.27764023155345,156.6718481429641,162.37803129207947,254.62926293026527,0.8716745380518595,0.0,86.59908819273798,64.93990688410618,214.9813938256134,0.5478004748496124
L_Vicon,C_none,L_Vicon with C_none,80.0,24,28818,28818,166.92723730587232,201.86808306037156,264.4211331682744,168.25525791957463,45.28438245888334,54.60648671457511,154.7215281728652,159.1476152076226,248.95131263247814,0.8675227227066472,0.0,85.51000827763502,64.41541515201399,211.4844073121414,0.5419899984899925
L_Vicon,C_none,L_Vicon with C_none,82.0,24,28818,28818,162.84824666628754,198.063447531823,259.49823281492263,165.00894192162022,44.627329472412065,53.94330804097148,151.0151758006677,155.94252284636636,243.2913136328015,0.863075977437876,0.0,84.50685307318145,64.1581385996817,207.9696751203745,0.5359955353294524
L_Vicon,C_none,L_Vicon with C_none,84.0,24,28818,28818,158.77997412873466,194.3082706377727,254.63872304418265,161.7952290343889,43.886634498492775,53.286041854261505,146.7315269416586,152.76875950859932,237.6545903423993,0.8583015889726391,0.0,83.56483726736943,63.982879201123005,204.42862082748087,0.5297566132533579
L_Vicon,C_none,L_Vicon with C_none,86.0,24,28818,28818,154.7577287587582,190.6108182807381,249.8482017312507,158.61794759309868,43.17836869945163,52.636399930271075,142.53258848567987,149.6297520582974,232.0460928335405,0.8531725386148125,0.0,82.57002905569419,63.73125050356583,200.8497915163447,0.5232428515575824
L_Vicon,C_none,L_Vicon with C_none,88.0,24,28818,28818,150.76202610057456,186.96545676200014,245.14283220626055,155.47659664900817,42.50363377773631,51.99487868055513,138.39795485744338,146.52475796449124,226.4652057834104,0.8476824770929067,0.0,81.69983879469059,63.48678566709882,197.23775489880614,0.5164899470642598
L_Vicon,C_none,L_Vicon with C_none,90.0,24,28818,28818,146.99724337170773,183.3632017921527,240.5283418667127,152.36917295148723,41.859425681652546,51.361080831260594,134.3198379529672,143.4517488278374,220.9063585530403,0.8418072463927171,0.0,80.7550939829971,63.24271316395037,193.58080681270025,0.5094795867326076
L_Vicon,C_none,L_Vicon with C_none,92.0,24,28818,28818,143.42012088362395,179.82211464630763,236.01206876492722,149.30111974734453,41.24625512123986,50.73491537136826,130.31774773612278,140.41649732161463,215.3777340312549,0.835519391447149,0.0,80.37226492131242,62.99410007819597,189.87845109897268,0.502200976445533
L_Vicon,C_none,L_Vicon with C_none,94.0,24,28818,28818,139.85652558369577,176.32682245982826,231.58666690722578,146.27746163509286,40.49054300911768,50.117109126210906,126.41368107645528,137.42405595541683,209.8865165040203,0.8288069003358611,0.0,80.12730039182878,62.738801481041186,186.12040739713257,0.49463638040474844
L_Vicon,C_none,L_Vicon with C_none,96.0,24,28818,28818,136.30192953895494,174.24359245750372,227.24350285026185,143.2986510204122,39.457957938786635,49.506241500582995,122.60182497265401,134.47540829741263,204.43073585945638,0.8216270658916488,0.0,79.79959419060881,62.31492612376839,182.29401831718857,0.48671778286349643
L_Vicon,C_none,L_Vicon with C_none,98.0,24,28818,28818,132.70077773294392,173.47255543970206,222.98714195731952,140.3646033203265,38.62587698379788,48.90320382658521,118.8881763781219,131.57012776754482,199.00903210030563,0.8139529940076577,0.0,79.1468519762036,61.71236349460612,178.39592624468804,0.478435341173273
L_Vicon,C_none,L_Vicon with C_none,100.0,24,28818,28818,129.02620167126162,172.77764450646387,218.81728909103032,137.47629334999817,37.8934807363281,48.30776121948523,115.25685904231608,128.70932926255173,193.62220591031075,0.8057572409245096,0.0,78.41131345855635,61.150522601037494,174.43268919079,0.46979330683075005
L_Vicon,C_none,L_Vicon with C_none,102.0,24,28818,28818,125.35264968631458,170.69095117115324,214.73308836245272,134.63658597975697,37.16741102433643,47.72251708700654,111.73023737442159,125.89508190221275,188.27299025350806,0.7970084590773892,0.0,77.73545796410292,60.26025575863826,170.40091835253475,0.4607585640297305
L_Vicon,C_none,L_Vicon with C_none,104.0,24,28818,28818,121.68418287884951,167.7956851030737,210.72898423977213,131.84805644077662,36.57628894863672,47.14956028427377,108.30402994290284,123.12931800432361,182.96337665596113,0.787669157773356,0.0,77.05184863839216,58.94957726438375,166.30493899070333,0.451307269720446
L_Vicon,C_none,L_Vicon with C_none,106.0,24,28818,28818,118.03643671898453,164.56719109914064,206.80355853560235,129.11175842359145,36.40389623973006,46.588676176873015,105.18536071449049,120.41321113282505,177.69556632065786,0.7777197753039536,0.0,76.3350322605423,58.091771254485195,162.1520351292452,0.4414470243578916
L_Vicon,C_none,L_Vicon with C_none,108.0,24,28818,28818,114.39903057269692,161.36481836556163,203.1674568240375,126.42923025028281,36.27981715991248,46.04174246771284,102.41726082023408,117.74764631284923,172.47089085761527,0.7671358582217773,0.0,75.63734751639589,57.82790211004663,157.93676893369658,0.43114432843422157
L_Vicon,C_none,L_Vicon with C_none,110.0,24,28818,28818,110.77120088787652,158.19190255640086,200.11716856227878,123.79956780969421,36.204005632993244,45.510658783484956,99.71218863372795,115.13085132561247,167.2891480810664,0.7559117901836361,0.0,75.01581690138627,57.59070319931542,153.67733719029602,0.4204687788291195
L_Vicon,C_none,L_Vicon with C_none,112.0,24,28818,28818,107.15777171748813,155.0475747868724,197.14886702265997,121.22481737916375,36.17335612099713,44.99731508445045,97.06422307481064,112.56419494582765,162.14976741985663,0.7440007782947449,0.0,74.81353077168589,57.49717014428256,149.38243917363914,0.4094348199296105
L_Vicon,C_none,L_Vicon with C_none,114.0,24,28818,28818,103.55456567165184,151.93357500988515,194.25453969549812,118.70485664770648,36.18971738455498,44.50166884763085,94.46773404606348,110.04746458473429,157.0525329264208,0.7313708925660269,0.0,74.73824033150137,57.788557138655406,145.06282835063504,0.39806005165627056
L_Vicon,C_none,L_Vicon with C_none,116.0,24,28818,28818,99.96849687663521,148.72687116762222,191.4330004146009,116.23975094434695,36.238372492197506,44.024029788600714,91.14387385834019,107.58050241924047,151.99602310258882,0.7179912459354552,0.0,74.85182140524753,58.02995838515371,140.7264461280873,0.38637346306389564
L_Vicon,C_none,L_Vicon with C_none,118.0,24,28818,28818,96.40060772414441,145.3850855813859,188.69515645890962,113.83458335174664,36.32371663120384,43.567608393162864,87.72387800610751,105.16737072764421,146.98347680406334,0.7038234394121113,0.0,74.95548523766367,57.92154720202159,136.38280950483556,0.3743978892119727
L_Vicon,C_none,L_Vicon with C_none,120.0,24,28818,28818,92.84895352343858,142.09058030378225,186.02839823731398,111.48874321677239,36.42294028122913,43.13507336197072,84.30700159875336,102.8061540478624,142.01259445772084,0.6888449831435106,0.0,75.04781039916568,57.80495065009629,132.03712371416833,0.36219986570322693
L_Vicon,C_V5,L_Vicon with C_V5,0.0,24,28818,28818,104.90671242273515,148.4492881145963,214.0155246401002,123.14918444452888,39.21867418108302,48.512420722673845,94.86681492335323,113.19128352032625,163.2287784075815,0.7269038958590142,0.0,77.02200621663042,59.02305409514926,155.59354858662846,0.39700395957312506
L_Vicon,C_V5,L_Vicon with C_V5,2.0,24,28818,28818,101.41840703942435,144.60400664527572,210.99706595146964,120.69127370315715,38.68936638692534,48.02759252195448,91.53517697924428,110.72368267283878,158.20443240534632,0.7139941092338828,0.0,76.78800795899274,59.04257554046153,151.3746848756236,0.3873944581399187
L_Vicon,C_V5,L_Vicon with C_V5,4.0,24,28818,28818,97.9562146484227,140.7602380448135,208.0524565635796,118.28881230370689,38.64293378048998,47.562127141972596,88.21068811301217,108.30552699632848,153.21870665621367,0.7003500322407967,0.0,76.54336692512867,59.05304779957288,147.1637939593868,0.37782893138588414
L_Vicon,C_V5,L_Vicon with C_V5,6.0,24,28818,28818,94.76060930001137,136.9177082298041,205.18476785669222,115.94344887352432,38.63928861515079,47.11874288414389,85.76498776078643,105.93728052817616,148.27130873777674,0.6859428062317475,0.0,76.35099302564652,58.816917310323895,142.9744529391751,0.36834644819596274
L_Vicon,C_V5,L_Vicon with C_V5,8.0,24,28818,28818,91.82335367499519,133.08302356367787,202.38864086067156,113.65774045572554,38.01323116208684,46.69778646691805,83.40877721590188,103.62142010506898,143.36426667311616,0.6707370126428106,0.0,76.13390949085176,58.512092043493354,138.8208263527619,0.35896046310880037
L_Vicon,C_V5,L_Vicon with C_V5,10.0,24,28818,28818,88.94731514476945,130.16200535042594,199.65912218801492,111.43154557073399,37.17640857472391,46.30191596746347,81.10295881467528,101.35641038446715,138.49668478642394,0.6547341263815516,0.0,75.84053154089042,58.21533730691438,134.69382823557459,0.34961041406428894
L_Vicon,C_V5,L_Vicon with C_V5,12.0,24,28818,28818,86.1410317962696,127.69812670598427,196.9918839096706,109.2673978183427,37.17043198626676,45.93187764984398,78.85027954559821,99.14447458911529,133.6685000870086,0.637895851233601,0.0,75.74134092793251,57.926887208533316,130.5939871695764,0.34026060401784597
L_Vicon,C_V5,L_Vicon with C_V5,14.0,24,28818,28818,83.39766261390888,125.31225641586093,194.38328431399134,107.16788042143702,37.15832974372482,45.59018611297647,76.63536610388887,96.98705853982578,128.87997953520198,0.6201960302861272,0.0,75.67535073318422,57.64223582408154,126.52377732403974,0.3308347890265604
L_Vicon,C_V5,L_Vicon with C_V5,16.0,24,28818,28818,80.71281065518053,123.01159771399422,191.82729403893512,105.13557208212211,37.124784372647866,45.279616208579874,73.71006448319469,94.88543024637032,124.13315318400215,0.6016358392889154,0.0,75.40209848414119,57.35796299749178,122.48957868983528,0.3212960057990272
L_Vicon,C_V5,L_Vicon with C_V5,18.0,24,28818,28818,78.08638068045556,120.7556642931419,189.32368176487867,103.17242691842912,37.06824573011369,45.0010106121421,70.14488165881929,92.84104006378037,119.42744756110957,0.5821942319725435,0.0,75.29301982895015,57.088391715266894,118.50033999131853,0.31163273886391696
L_Vicon,C_V5,L_Vicon with C_V5,20.0,24,28818,28818,75.52086308232444,118.5467717603648,186.8722011742056,101.28070098822887,36.92238855407039,44.754861638658554,66.57750188959338,90.85583499353002,114.76594246801982,0.5618889834688294,0.0,75.21956441321126,56.838228972737554,114.56330750658957,0.3018316603109944
L_Vicon,C_V5,L_Vicon with C_V5,22.0,24,28818,28818,73.01648126830369,116.4174177788329,184.47337605698402,99.4635083268813,36.61933672958134,44.54298531429754,63.00975634181587,88.9320636664969,110.15186830452866,0.5407528928552292,0.0,75.1694496627886,56.871864802513606,110.68032848981065,0.2918753528816549
L_Vicon,C_V5,L_Vicon with C_V5,24.0,24,28818,28818,70.57626835522898,114.36280249491469,182.12855163718703,97.72293247504089,36.30679166603383,44.365179095905205,59.44294363681803,87.07182331448938,105.58648139167674,0.5188059431466165,0.0,75.10678459225258,57.061839692161676,106.86322143530056,0.2818042531700996
L_Vicon,C_V5,L_Vicon with C_V5,26.0,24,28818,28818,68.19604861756967,112.38725105020237,179.83508099842024,96.05946701227319,35.98811510588994,44.2218010564268,55.88048838212558,85.27516352378228,101.06904508166622,0.49607874310189626,0.0,75.10409543189019,57.25940470541696,103.11254795994186,0.2716288612210457
L_Vicon,C_V5,L_Vicon with C_V5,28.0,24,28818,28818,65.8852615771529,110.48531875546564,179.04176435148372,94.47465575671875,35.6702194760648,44.112639164514164,52.33012263477106,83.5436152335526,96.59923309350388,0.47259987381732704,0.0,75.07577362581225,57.45632375341013,99.42435062994039,0.2613406885889079
L_Vicon,C_V5,L_Vicon with C_V5,30.0,24,28818,28818,65.03516079453945,108.15372854100572,178.8921592082222,92.97043053880262,35.77798651714853,44.03770766325357,49.24495002849275,81.87906483550078,92.1772438892576,0.448410547965732,0.0,75.11810775905778,57.64857548579597,95.80690803618934,0.25097543416685064
L_Vicon,C_V5,L_Vicon with C_V5,32.0,24,28818,28818,65.6475971754764,105.54518565108529,178.7586173533465,91.54620675677866,36.33397362882742,43.995575989919324,49.15876827070339,80.28136312289485,87.80309522614498,0.42359111796287907,0.0,75.12941609203912,57.8449865252535,92.26182529810666,0.24054542111770627
L_Vicon,C_V5,L_Vicon with C_V5,34.0,24,28818,28818,66.33330355928179,102.78453437896782,178.63335476714894,90.20216746388027,36.01310109542462,43.98485672805794,47.69464374337413,78.7512755058235,83.4760486554578,0.398220332382924,0.0,75.3526048236387,58.01720864054728,88.7805887360574,0.2300287046454781
L_Vicon,C_V5,L_Vicon with C_V5,36.0,24,28818,28818,67.07627198489891,99.97586314915586,178.51595759021714,88.93849855947448,35.70129130784815,44.00329562049367,44.463957766138705,77.29014491220137,79.19618801471931,0.37239676628912133,0.0,75.40923807201114,58.17302034468298,85.35909367435147,0.21940244001557907
L_Vicon,C_V5,L_Vicon with C_V5,38.0,24,28818,28818,67.87433347142036,97.2222536351533,176.4955352115358,87.75738816089785,35.39541605605683,44.05144324502549,43.92855631826946,75.90012862210968,74.96427669972358,0.3462255582935655,0.0,75.62323023700253,58.3349991560348,82.00169384293837,0.2086643416985543
L_Vicon,C_V5,L_Vicon with C_V5,40.0,24,28818,28818,66.64493995838049,94.52342982504125,173.2285846819587,86.65837376508543,35.09225834898958,44.127306177640115,43.65861116982657,74.58186504180523,70.77916138434216,0.31982849396666,0.0,75.83100666222325,58.50584162638753,78.70008163729999,0.1977862759396728
L_Vicon,C_V5,L_Vicon with C_V5,42.0,24,28818,28818,64.51069652020024,91.88323703342107,170.02239971838196,85.64281005968745,34.79194477820549,44.22979383397671,43.40295774096957,73.3376864396718,66.64089468839322,0.29334357002966593,0.0,76.20432123773469,58.676966709242265,75.44243432317766,0.18672224410826
L_Vicon,C_V5,L_Vicon with C_V5,44.0,24,28818,28818,62.34252593739755,89.31725534955805,166.8774836267588,84.7113338255486,34.49938815440926,44.359026151400414,45.56070456916041,72.16846179185829,62.552515971068175,0.266961213780204,0.0,76.62196837943927,58.84564335624347,72.24464284298246,0.17557200835775544
L_Vicon,C_V5,L_Vicon with C_V5,46.0,24,28818,28818,60.13988215032717,86.82506047138214,163.7980517391434,83.86522490119825,34.210404315662316,44.5147352243614,44.841461818854924,71.07611621095768,58.51036415897936,0.24082443296639888,0.0,76.92148252740108,59.01245291702575,69.10209207525344,0.16434662129696942
L_Vicon,C_V5,L_Vicon with C_V5,48.0,24,28818,28818,59.883873746402145,84.403740080496,160.78483672908948,83.10212768917162,33.92395732824433,44.69388942789185,44.11995284550483,70.06011614517037,54.5127478636321,0.21512197040466596,0.0,77.21425083232191,59.18747087065448,66.00674823852232,0.15306807545411416
L_Vicon,C_V5,L_Vicon with C_V5,50.0,24,28818,28818,61.3633726396499,85.60573408093484,157.8448486571821,82.42238865467971,33.64531433879847,44.89640756112482,43.401856355569976,69.12136239722456,50.558710463940685,0.1900446853349007,0.0,77.80542513252625,59.37047562237309,62.97681745012848,0.14188777995580115
L_Vicon,C_V5,L_Vicon with C_V5,52.0,24,28818,28818,61.56449817461791,86.94406732943752,154.9794384440943,81.82555118182003,33.405065684574886,45.12209753379885,42.6843316923013,68.25992338377617,46.649230880787144,0.1658088713058824,0.0,78.16680328597923,59.46835389450065,60.02146721690208,0.1309213075345731
L_Vicon,C_V5,L_Vicon with C_V5,54.0,24,28818,28818,62.313346762318346,86.38130390601005,152.19038252398883,81.31381731460927,33.22233386400377,45.37178863842154,41.20282381128868,67.4784238258723,42.782505227388725,0.1425991799889379,0.0,78.66491135885981,59.195002894171026,57.14335071509259,0.12027904821741131
L_Vicon,C_V5,L_Vicon with C_V5,56.0,24,28818,28818,63.06267279092804,85.89592353972003,149.49312061194226,80.88780350833709,33.7631950216072,45.64555674542572,40.4915996331506,66.77813943053123,38.95923921166129,0.12062458252671693,0.0,79.26525236787134,58.9395322588947,54.33847996183666,0.11002559851032367
L_Vicon,C_V5,L_Vicon with C_V5,58.0,24,28818,28818,63.77986593286914,85.48358597072797,146.8883367848836,80.54643811272084,34.5989535770327,45.943867529936405,39.83595673739069,66.15806624318779,35.179310555997375,0.10008564122699515,0.0,80.1038868169421,58.6196030233359,51.61934684414164,0.1003151224463451
L_Vicon,C_V5,L_Vicon with C_V5,60.0,24,28818,28818,63.55446508042749,84.38337541610636,144.38728054382022,80.29058825103714,35.489865536798504,46.26828340903823,39.23457259316797,65.61878170218112,31.4413510684959,0.08115159805283467,0.0,80.91970891683854,58.3759300956174,48.985539893259784,0.09121100953618833
L_Vicon,C_V5,L_Vicon with C_V5,62.0,24,28818,28818,62.2029402515314,83.29151214085738,141.98807770453624,80.11590440607189,36.426400871992,46.61586934327861,40.169841454220546,65.15764624488232,27.74237159867134,0.06397438610070805,0.0,81.75675479976434,58.60806567283049,46.41960272159399,0.08271240577613426
L_Vicon,C_V5,L_Vicon with C_V5,64.0,24,28818,28818,60.95486084535844,82.27768645426278,139.69276774768252,80.02268463825715,36.88857296107358,46.98776473729249,42.28915867552803,64.77484096242003,24.082010667778768,0.048690653805558815,0.0,82.70200338275339,58.889315900664556,43.92256809071156,0.07483363065262083
L_Vicon,C_V5,L_Vicon with C_V5,66.0,24,28818,28818,60.40489963652091,81.87095207514305,137.50000864380863,80.0105910564505,37.14750153502289,47.38449113202982,43.479119543862794,64.4701844371578,20.456904554548416,0.03539888073307251,0.0,83.5465085592589,59.0804767710232,41.471833062897765,0.06749118460500392
L_Vicon,C_V5,L_Vicon with C_V5,68.0,24,28818,28818,60.37215133116266,83.54372660105273,135.40876793814226,80.07827438854294,37.420461336830286,47.806208158353634,43.35584303340772,64.24248197701374,16.86374397181686,0.024175996002622546,0.0,84.13657516613935,59.05229530191144,39.05657796813076,0.060617475330121184
L_Vicon,C_V5,L_Vicon with C_V5,70.0,24,28818,28818,60.47606659356244,85.23582500032639,133.42682914075328,80.22791803678193,37.702445670957815,48.255473307316585,43.30342754879075,64.09312075725019,13.297902622434346,0.015069888323443137,0.0,84.70897280594309,59.05128193927233,36.667663337299004,0.05414879353338142
L_Vicon,C_V5,L_Vicon with C_V5,72.0,24,28818,28818,61.199668765810785,86.95079329081304,131.5474797736078,80.45671601010471,37.98543972913197,48.73221491585837,41.994306432443295,64.01917197625436,9.761327834982023,0.008120497228164103,0.0,85.1561757446589,59.07775586568087,34.29280637071145,0.04802181628979452
L_Vicon,C_V5,L_Vicon with C_V5,74.0,24,28818,28818,63.000877169836706,88.68126885593907,129.77602001570497,80.76398996280233,38.27074380060584,49.23828198048296,39.85158034659446,64.01885395976784,6.249632843657492,0.0033210574024244988,0.0,85.86223141118955,59.127775928115994,31.92354031059399,0.04219732404644427
L_Vicon,C_V5,L_Vicon with C_V5,76.0,24,28818,28818,64.83355400300967,90.4268770682267,128.10972715050792,81.14846368690966,38.5515593153915,49.77373013322794,37.72620759253584,64.0909427873416,2.765699321136082,0.0006474339417632535,0.0,86.859564318396,59.19463588818964,29.560794646983698,0.036681647555034
L_Vicon,C_V5,L_Vicon with C_V5,78.0,24,28818,28818,66.6976035614644,92.18492794257367,126.81235334781567,81.60948027003131,39.19246729664903,50.338409608701134,35.61259524901027,64.2351289249991,-0.6927514265913772,4.03455797517438e-05,0.0,88.02096984809732,59.27244019711438,27.211040630884966,0.031496981500895194
L_Vicon,C_V5,L_Vicon with C_V5,80.0,24,28818,28818,68.37097083005882,93.32131795482067,127.2330709979817,82.14402839469565,39.88142673102922,50.933737709982864,33.60959998136464,64.44684448287003,-4.127774536406636,0.001419849243254112,0.0,89.42361598058912,59.36508098675673,24.867487872182753,0.026643676675884853
L_Vicon,C_V5,L_Vicon with C_V5,82.0,24,28818,28818,69.04822837642034,94.18026761526342,129.5264130092602,82.75195233063955,40.57126039207077,51.559498852115105,33.37688680564588,64.72637555626905,-7.544941593773517,0.004692710450897364,0.0,90.88472356390841,59.4597249472957,22.521227522526267,0.02212200187699087
L_Vicon,C_V5,L_Vicon with C_V5,84.0,24,28818,28818,69.74845220024218,96.38944068478042,131.83528007689796,83.43311440532727,41.26042651013542,52.21740750467634,32.13638949596475,65.0724744639621,-10.944718588847552,0.009749572059328804,0.0,92.13089639461533,59.5616738532063,20.167445152119555,0.017948225058842637
L_Vicon,C_V5,L_Vicon with C_V5,86.0,24,28818,28818,69.9981094888337,98.60298181094834,134.15712339683586,84.18451603273843,42.10178996018486,52.90777774246513,34.42971201159368,65.48129346630459,-14.324364170251561,0.01646004355164543,0.0,93.48003808739358,59.66575401376154,17.818163096102392,0.014168425203401891
L_Vicon,C_V5,L_Vicon with C_V5,88.0,24,28818,28818,69.90840737574186,100.78359372867496,136.49469623339232,85.00558424785807,43.39630527905098,53.63157554908971,37.199247426720646,65.95152354147687,-17.689888459499485,0.024700775851771217,0.0,95.15417168638069,59.78913836791474,15.476157649064206,0.010804125094933337
L_Vicon,C_V5,L_Vicon with C_V5,90.0,24,28818,28818,69.88643357794138,102.62903262293759,138.84389687144824,85.89414383749624,44.695115714208654,54.38808410287338,39.281398643558404,66.48112704516423,-21.04154713259776,0.03433370843044603,0.0,96.77087107886001,60.12428558364344,13.150334498582827,0.007881341428655153
L_Vicon,C_V5,L_Vicon with C_V5,92.0,24,28818,28818,69.93397666319609,104.4960074529024,141.2010145043134,86.85028833529397,46.00130562037501,55.17770980353279,40.92252864915184,67.07005982374565,-24.381432229875266,0.04522052714229141,0.0,98.32134532942533,60.45852057835437,10.839593478181644,0.005408159393422096
L_Vicon,C_V5,L_Vicon with C_V5,94.0,24,28818,28818,70.05416523842537,106.38393148245981,143.56830866133754,87.87128018702543,47.31397515645949,56.001503957096105,41.374300323950976,67.7140564155632,-27.706700052922127,0.05720875211884269,0.0,99.9097470265653,60.78720499740905,8.551360685352062,0.0033979074953711663
L_Vicon,C_V5,L_Vicon with C_V5,96.0,24,28818,28818,70.24640822196562,107.83995218107981,145.94647345048114,88.95516374529329,48.628284131760296,56.85915188196383,41.83196065110975,68.41094944682254,-31.019900735469555,0.07016477715330405,0.0,101.54445299785178,61.099233623234404,6.289419033954825,0.0018550028448471867
L_Vicon,C_V5,L_Vicon with C_V5,98.0,24,28818,28818,70.50517950148513,109.29911636064135,148.3358821131661,90.1005999487978,48.628408556648495,57.749406987683386,42.647648834753014,69.16013377448171,-34.32097378466581,0.08394547733262492,0.0,103.19490921745512,61.406182992671944,4.049760576688597,0.0007758583102125405
L_Vicon,C_V5,L_Vicon with C_V5,100.0,24,28818,28818,70.8349647452219,110.26096470380716,151.1001381857527,91.30592391843624,48.34098281093088,58.67165896073032,44.61750486064156,69.96004700823904,-37.60963115188258,0.09841264821002449,0.0,104.79663389051403,61.566853153887834,1.8449573527684326,0.00016237513575911855
L_Vicon,C_V5,L_Vicon with C_V5,102.0,24,28818,28818,71.22582773202487,110.4306719777505,153.9566615616102,92.57187183866444,48.82028149233683,59.626583631780775,46.55401694496817,70.81117129462245,-40.8874706969398,0.11343648109381177,0.0,106.5003061702582,61.65737659616151,-0.3274028478476677,5.153407465874338e-06
L_Vicon,C_V5,L_Vicon with C_V5,104.0,24,28818,28818,71.67453751039602,110.46601236332157,156.8129771068675,93.89621602472857,50.719491328977426,60.614397707725416,48.45024923586445,71.71048859331658,-44.15522492103627,0.12890043533393902,0.0,108.21453174390922,61.74753759695358,-2.464553141325243,0.00029408695993782263
L_Vicon,C_V5,L_Vicon with C_V5,106.0,24,28818,28818,72.57489650429582,110.44680917948403,159.66941050622134,95.2785725425905,52.00665740259713,61.63539306373163,50.30684066394457,72.65731007705268,-47.41219041398246,0.14468104567002626,0.0,109.94661720956381,61.836397333354824,-4.5551944576645615,0.0010109782845804105
L_Vicon,C_V5,L_Vicon with C_V5,108.0,24,28818,28818,74.78449540945361,111.61209414043941,162.52809583468525,96.7165729074273,53.190019662113244,62.68674422273963,52.128078316402025,73.65098487943337,-50.65747853861704,0.16066030305590673,0.0,111.73520957025882,61.932484654102836,-6.591791552456928,0.002128630289583766
L_Vicon,C_V5,L_Vicon with C_V5,110.0,24,28818,28818,77.06035049599683,112.2462884752259,165.3879133249427,98.20816301621957,53.55809578393438,63.76763743566516,53.91520433029848,74.68956887607474,-53.891181778020055,0.17673924267874974,0.0,113.82118579249413,62.04320185509887,-8.572705642099143,0.003616467548217317
L_Vicon,C_V5,L_Vicon with C_V5,112.0,24,28818,28818,79.40003622556068,113.14294619198688,168.24727415980857,99.74937762619419,53.91303602033956,64.87465289351567,54.30055315677998,75.7708238622159,-57.110968018649736,0.192813524562637,0.0,115.84697562653812,62.450848697896554,-10.49875430760205,0.0054425489972186325
L_Vicon,C_V5,L_Vicon with C_V5,114.0,24,28818,28818,82.8308684548536,115.77988849862123,171.10606809426503,101.33787553526571,54.25558287555414,66.0067751690443,54.2968835175295,76.89259164434661,-60.31726154832491,0.20880645082644866,0.0,117.99461020827701,62.85245884267651,-12.364945147883143,0.0075670049763519875
L_Vicon,C_V5,L_Vicon with C_V5,116.0,24,28818,28818,86.26976807578986,118.42368429532459,173.96149204138968,102.97004193667874,54.59236135586592,67.1613149873742,54.29012830601518,78.0524650834814,-63.51034776821972,0.22465267524372923,0.0,119.76663971288505,63.2485508609225,-14.169972123997336,0.00995058388551917
L_Vicon,C_V5,L_Vicon with C_V5,118.0,24,28818,28818,89.71476803003624,120.5172212241354,176.81488280007252,104.64403534129258,54.923052720771366,68.3375922683186,54.28316860723733,79.24864425009889,-66.69044096809729,0.24029323006819991,0.0,120.91343622322512,63.640137775325236,-15.913606487938399,0.01255359545050605
L_Vicon,C_V5,L_Vicon with C_V5,120.0,24,28818,28818,93.16292629190951,122.62257926644818,179.66745337844318,106.35748899324662,55.25231120233756,69.5337590272121,53.88580939028452,80.4796360608954,-69.85719220184473,0.2556720277105605,0.0,122.36343047111004,64.03196679338875,-17.59563023292334,0.015334463532989062
L_Vicon,C_V4,L_Vicon with C_V4,0.0,24,28818,28818,253.14162190880933,290.653423261391,395.2610635996725,248.1576198588699,70.32760382189286,79.12870268113525,238.58519697634915,235.20385351014104,374.76836599620646,0.8821807428031194,0.0,118.42642913249409,72.40423869088877,307.92367678868186,0.5966497374379667
L_Vicon,C_V4,L_Vicon with C_V4,2.0,24,28818,28818,249.66067441539798,286.9204219523595,391.733581466084,244.80844421865876,69.9073793920225,78.35742496083928,234.78463035437343,231.9294899625026,369.4765611586379,0.8820994696105376,0.0,117.0554451814213,72.45711483669339,305.3443954994291,0.5945313559590426
L_Vicon,C_V4,L_Vicon with C_V4,4.0,24,28818,28818,245.98054408160425,282.6607641870621,388.1749675179413,241.4621169979089,69.68934681814181,77.59341959617029,230.96167294849835,228.6552321301319,364.15843413821756,0.8818567145473261,0.0,115.7266280798764,72.52652337948177,302.61832935031725,0.5921438004587687
L_Vicon,C_V4,L_Vicon with C_V4,6.0,24,28818,28818,242.21848619932206,278.36085089173395,384.585350236772,238.11202876682194,69.10676445302852,76.83655198370508,227.1169972192422,225.3740946131725,358.79997945278797,0.8814278127291759,0.0,114.3039963042794,72.62619925281011,299.7297863594039,0.5895055319955366
L_Vicon,C_V4,L_Vicon with C_V4,8.0,24,28818,28818,238.49797233161286,274.05249223464637,380.9578034454063,234.76414534472167,68.5346106402517,76.08516943349584,223.25481828934812,222.0928880709912,353.4154493980898,0.8808389763087594,0.0,113.01260040843658,72.73417869444384,296.6464794622943,0.58656246786121
L_Vicon,C_V4,L_Vicon with C_V4,10.0,24,28818,28818,234.824570247599,269.74237913690234,377.2876841794121,231.42093754232516,67.9843674592972,75.3396806854996,219.3723443761677,218.8140371346768,348.01028534052557,0.8800913132371584,0.0,111.68287363618381,72.83352906224981,293.3592318246961,0.5833072817970226
L_Vicon,C_V4,L_Vicon with C_V4,12.0,24,28818,28818,231.18801386002258,265.4431226815035,373.5754413812637,228.07597202816197,67.43936667171215,74.59832564696573,215.47383401027054,215.5312943107339,342.5745463918499,0.87916896003219,0.0,110.51743491913133,72.92930459564894,289.89649891055365,0.5797833497200808
L_Vicon,C_V4,L_Vicon with C_V4,14.0,24,28818,28818,227.5767662480185,261.1620878792326,369.8246144848565,224.7385846123992,66.89601903142,73.8624939325587,211.55484957930466,212.25400680233872,337.12635905360395,0.8780883986565622,0.0,109.32484248004972,73.04645423703542,286.2407371521643,0.5759130799424549
L_Vicon,C_V4,L_Vicon with C_V4,16.0,24,28818,28818,223.99574258613552,256.9095668870108,366.0373078987205,221.40306797118046,66.35765595987687,73.1313909615039,207.61356875402788,208.97635790463673,331.6571349510065,0.8768314789983753,0.0,108.17787670906577,73.1712443346214,282.4304589584564,0.571748816545746
L_Vicon,C_V4,L_Vicon with C_V4,18.0,24,28818,28818,220.4616704199077,252.71454346345084,362.21489231636565,218.08006109607777,65.52059630455304,72.40601507759033,203.64964821583897,205.709217168927,326.18390228999493,0.8753910280578835,0.0,106.47055710338404,72.93856669525994,278.48829503058596,0.5672419018159296
L_Vicon,C_V4,L_Vicon with C_V4,20.0,24,28818,28818,216.95314823199777,248.55537261792884,358.3598430364797,214.759055028878,64.37226374284398,71.6828816905723,199.66329945089632,202.44262443821472,320.69086654589853,0.8737629394244115,0.0,104.89016217937828,71.82817412836036,274.44495547589827,0.5624901372137835
L_Vicon,C_V4,L_Vicon with C_V4,22.0,24,28818,28818,213.95191394684704,244.41961645867218,354.4717583491023,211.43971280294528,63.22982441742421,70.96011079192185,195.65160855899126,199.1768430982632,315.17926565906083,0.8719464681987917,0.0,103.11996681851932,70.74505375091013,270.3363846626232,0.5575144730444834
L_Vicon,C_V4,L_Vicon with C_V4,24.0,24,28818,28818,210.4381315965536,240.3313927868905,350.54727410012066,208.1297745397397,62.11447878785452,70.24160368970212,191.60551247367675,195.91865700096483,309.66398131678096,0.8699572087865456,0.0,101.49675040378554,69.69206458955216,266.16868464269845,0.5522472873812572
L_Vicon,C_V4,L_Vicon with C_V4,26.0,24,28818,28818,206.78141294030365,236.29134872825455,346.5841544379307,204.82551417283742,61.02338589188747,69.52864064340821,187.5219564896701,192.66359123209298,304.13962197972114,0.8677971756956938,0.0,99.8660966325177,68.66426226449389,261.94708804442143,0.5467058203532245
L_Vicon,C_V4,L_Vicon with C_V4,28.0,24,28818,28818,203.10371003009098,232.30659135782494,342.1369864548571,201.5250889424932,59.947910070064324,68.82028065937573,183.40477449773937,189.4099533901124,298.60274624216095,0.8654473835749545,0.0,98.24590482517316,67.66628155927796,257.7036650634866,0.5409532812661726
L_Vicon,C_V4,L_Vicon with C_V4,30.0,24,28818,28818,199.4050454601809,228.3809968222135,337.0947028235135,198.23392222540843,58.880579108424726,68.11833504826471,179.25630768968023,186.16277917758327,293.062645759654,0.8629080902923792,0.0,96.67610017402963,66.71670312074198,253.44374510437422,0.5349691411161018
L_Vicon,C_V4,L_Vicon with C_V4,32.0,24,28818,28818,195.67395091391802,224.50020081195598,332.0573304337611,194.94991805675915,57.82246606590322,67.42102625865276,175.07282824464446,182.92040828887068,287.51466139097136,0.8601731518776382,0.0,95.18373339722328,66.50263723310866,249.17462580602393,0.5287449188052893
L_Vicon,C_V4,L_Vicon with C_V4,34.0,24,28818,28818,191.91476273390387,220.67589682735004,327.1253902441568,191.67809598564992,56.78140492912983,66.73087854164181,171.7207173241501,179.68717909117686,281.96372165428136,0.8572218911110495,0.0,94.10904498351718,66.30167332128897,244.90650732035306,0.5222861123452206
L_Vicon,C_V4,L_Vicon with C_V4,36.0,24,28818,28818,188.145625353895,216.91156797828523,322.27155649857775,188.42304461477025,56.03804036658667,66.04883848527794,169.97803439709418,176.46754567524695,276.4161605177938,0.854039978416541,0.0,93.15708081298402,66.14543368797754,240.64029918637522,0.5155859945091159
L_Vicon,C_V4,L_Vicon with C_V4,38.0,24,28818,28818,184.3433127454567,213.1926314648568,317.43446382905955,185.18442101511013,55.39722752665655,65.37342883894657,168.27099708104893,173.2616073703022,270.871968571275,0.8506226080664281,0.0,92.26678222173368,66.01769420486859,236.3679696944847,0.5086420542467042
L_Vicon,C_V4,L_Vicon with C_V4,40.0,24,28818,28818,180.51192446214674,209.5003009786052,312.628154713782,181.96377526672066,54.78739308234323,64.70458093654439,166.60316736888984,170.07096376261237,265.32920546383434,0.8469385608820028,0.0,91.38163393195639,65.88758358579878,232.08816858350792,0.5014283443093069
L_Vicon,C_V4,L_Vicon with C_V4,42.0,24,28818,28818,176.6486793462675,205.66610557381406,307.8578978747309,178.76444691565914,54.21299671119743,64.04462652587267,164.97023734315934,166.89821237575615,259.79305361154485,0.8429772537743608,0.0,90.52208293791749,65.7464043153094,227.81279108561907,0.49396886491729053
L_Vicon,C_V4,L_Vicon with C_V4,44.0,24,28818,28818,172.7517826796249,201.66316777167205,303.12228247595334,175.5907104541988,53.647747182595,63.392740148216745,163.37913865937475,163.74815447604576,254.26851731488142,0.8387180440478981,0.0,89.66735523023056,65.58778221624975,223.5463209488334,0.4862890538758945
L_Vicon,C_V4,L_Vicon with C_V4,46.0,24,28818,28818,168.81515803497308,199.1013696878201,298.4365261540239,172.44277809846517,53.10141749302169,62.750080172277954,161.1243287945377,160.62048174715827,248.75440940245338,0.8341408335111442,0.0,88.78974132750722,65.41899208409436,219.28828184286297,0.4783885074883535
L_Vicon,C_V4,L_Vicon with C_V4,48.0,24,28818,28818,164.84235918273123,196.3569415128561,293.79613738814294,169.32436495756238,52.568527592923104,62.11594781674045,157.4367620869869,157.5193626038074,243.25754633132692,0.8292367455193675,0.0,88.44924818345692,65.25577496033388,215.03854755166273,0.47027566105604146
L_Vicon,C_V4,L_Vicon with C_V4,50.0,24,28818,28818,160.8378391761778,193.63171807903873,289.20747466626426,166.23783584459093,52.04825892210514,61.49218649868624,153.6421322390032,154.44652493955294,237.78105238802718,0.8239997004199658,0.0,87.90087761279125,65.10164583927774,210.79344479941383,0.46196747823509177
L_Vicon,C_V4,L_Vicon with C_V4,52.0,24,28818,28818,156.79512723083326,190.95003776797998,284.672803982084,163.1840229643585,51.530498705833445,60.87994258062639,149.80714379747496,151.40230494352426,232.32364608527124,0.8184024610605541,0.0,87.01295505582623,64.93389593404514,206.54291351689108,0.453444073968156
L_Vicon,C_V4,L_Vicon with C_V4,54.0,24,28818,28818,152.72136117176137,188.3084381698089,280.20227917069855,160.16488470704897,51.01567808395693,60.27918303205857,145.93727403987216,148.38871381008016,226.88605122078062,0.81241511013853,0.0,86.09856973914498,64.76588159744577,202.2893283308061,0.4447227011373408
L_Vicon,C_V4,L_Vicon with C_V4,56.0,24,28818,28818,148.61105240297394,185.70218376478758,275.8041738613667,157.18419834557133,50.4916659737981,59.6901660431169,142.02670059468593,145.40961552553892,221.4713897229207,0.8060027215670545,0.0,85.10327067389306,64.28686157273904,198.0395975549978,0.4358142822221064
L_Vicon,C_V4,L_Vicon with C_V4,58.0,24,28818,28818,144.4656448998681,183.129279496884,271.4850799268146,154.24518995633304,49.9408731880127,59.11072932402821,138.075496773005,142.46929600249567,216.0827647738955,0.7991274284971244,0.0,84.29675018203112,63.57494016708747,193.80037577159231,0.42676754398416994
L_Vicon,C_V4,L_Vicon with C_V4,60.0,24,28818,28818,140.28595384786314,179.96613875106027,267.2527643365491,151.35115093806758,49.66847799950355,58.5413231197126,134.0835478690893,139.57107285419542,210.72567031768213,0.7917737082039484,0.0,83.45876941987413,62.904715027006944,189.57129083788755,0.4176001208396233
L_Vicon,C_V4,L_Vicon with C_V4,62.0,24,28818,28818,136.0769675972948,176.56103079781215,263.0889444470933,148.49969852245417,49.580776122018065,57.98336943213617,130.05396633199285,136.71170151291437,205.39601057730417,0.783929386219843,0.0,82.61344346928028,62.29903287674182,185.35244492441348,0.4083624731933011
L_Vicon,C_V4,L_Vicon with C_V4,64.0,24,28818,28818,131.8365007158826,173.1643935140676,259.00780743350253,145.6931371840655,49.242522376470724,57.437550965117126,125.98312411718837,133.89330812876537,200.09496138288898,0.7755639213446232,0.0,82.35770586533236,61.52759927254983,181.1404715468717,0.39906901503181336
L_Vicon,C_V4,L_Vicon with C_V4,66.0,24,28818,28818,127.57173819153621,169.77410124713046,255.00039917969556,142.93063273196685,48.91685529386213,56.90418431230098,121.87480403833825,131.11475729646938,194.82183172331656,0.7666662082793907,0.0,81.85366712003817,60.790445415181864,176.9377696917084,0.3897765846153788
L_Vicon,C_V4,L_Vicon with C_V4,68.0,24,28818,28818,123.2841116723648,166.39249690782003,251.08009614280687,140.21474855012997,48.141305785229804,56.38313409961034,117.72742382767396,128.37880627300416,189.57810036898528,0.7571962630499683,0.0,81.33636516532258,59.83701202824908,172.74654980687683,0.3805203849538614
L_Vicon,C_V4,L_Vicon with C_V4,70.0,24,28818,28818,118.9790654979899,163.0317200403275,247.24450779118402,137.54916721231723,47.14107036471483,55.87654375916518,113.54429377927985,125.68844520612109,184.36747476183828,0.7471282491633389,0.0,80.80402139174659,58.9641948223182,168.56924998685247,0.37133045405200726
L_Vicon,C_V4,L_Vicon with C_V4,72.0,24,28818,28818,114.67162169155091,159.68729521915526,243.55767644061928,134.9352650535736,45.963584602538276,55.38499947613675,109.33727249377789,123.04481942815185,179.19225465218184,0.736450302637879,0.0,80.28322249776053,58.93287686815676,164.40814543500088,0.36227398213264195
L_Vicon,C_V4,L_Vicon with C_V4,74.0,24,28818,28818,110.36394745074942,156.36080230282386,240.2596775131409,132.37547409789332,44.83703387332457,54.91155357581763,105.10187839305408,120.44910720520986,174.05241755276714,0.7251300922573456,0.0,79.70212839793592,58.83212750933711,160.25840155064594,0.3533760349644428
L_Vicon,C_V4,L_Vicon with C_V4,76.0,24,28818,28818,106.06672491660338,153.05853335474148,237.02951892939592,129.8700596528354,43.75742790286033,54.45562899442313,100.84719063648397,117.90172545409492,168.9490763786958,0.7131478762011942,0.0,79.14985864471291,58.35026143527983,156.133347851909,0.34470273508910554
L_Vicon,C_V4,L_Vicon with C_V4,78.0,24,28818,28818,101.7911693311624,149.7898473573597,233.8681415518508,127.42114664626317,42.729108691832316,54.01855609502899,96.57899434699894,115.40426426288029,163.88328785303545,0.7004788865227063,0.0,78.48131898883267,58.3014164648405,152.03970394373437,0.3362748567735234
L_Vicon,C_V4,L_Vicon with C_V4,80.0,24,28818,28818,97.55775393139045,146.5480294910834,230.77649600926745,125.03116638852427,41.75229772003692,53.601934599856705,92.31097350151275,112.95851085964051,158.85916516605027,0.68712474842006,0.0,77.8543886180553,58.26966969564055,147.97782497928267,0.32809033051166214
L_Vicon,C_V4,L_Vicon with C_V4,82.0,24,28818,28818,93.38077660110659,143.33628326281828,227.75231573292905,122.70123191876563,40.83177067447437,53.20653638494879,88.05066705291105,110.56516992389524,153.8786120180684,0.673078572802581,0.0,77.69789058701397,58.21376305192024,143.9705149044005,0.32019097333948854
L_Vicon,C_V4,L_Vicon with C_V4,84.0,24,28818,28818,89.27957414423457,140.15909782153273,224.79706410369977,120.43343192242575,39.97050552873084,52.83480635691922,83.8064006293731,108.2252039122145,148.9420794780646,0.6583211900190692,0.0,77.62528690968847,58.153518030125156,140.01121806283777,0.312511369388093
L_Vicon,C_V4,L_Vicon with C_V4,86.0,24,28818,28818,85.99146344939862,137.02939512732084,221.90748050646968,118.22916008479766,39.161659928563125,52.4864458682,79.57076163862592,105.94011182966169,144.05000460963612,0.6428282932879017,0.0,77.47493518930001,57.853014479360255,136.09611147554222,0.304969079333427
L_Vicon,C_V4,L_Vicon with C_V4,88.0,24,28818,28818,82.83632859610745,133.95872240607446,219.07402264821394,116.09015423534889,38.40468184279453,52.16517371466148,75.84727758331908,103.70978045346682,139.20102819634215,0.626586739524488,0.0,77.38430341681524,57.49653209559048,132.22168583511615,0.29750572606178327
L_Vicon,C_V4,L_Vicon with C_V4,90.0,24,28818,28818,79.80127880212044,130.9415920568763,216.30115665972525,114.01806321301098,37.698501233287125,51.87112883855395,73.71899683655691,101.53573130607917,134.39634067488487,0.6095889524440543,0.0,77.36799099267662,57.14509453891586,128.3845022912846,0.29004155839836554
L_Vicon,C_V4,L_Vicon with C_V4,92.0,24,28818,28818,77.40319281184833,127.98560969424025,213.58658651515097,112.01505319649293,37.04386141991438,51.606975023069964,71.48375678159888,99.4187722292997,129.63634064566426,0.5918336031648399,0.0,77.2565542765886,56.767511109877816,124.58639840609824,0.28254530989141335
L_Vicon,C_V4,L_Vicon with C_V4,94.0,24,28818,28818,75.10810708864668,125.10132821538444,210.92510532019983,110.08220066065492,36.07572062558893,51.37329330560402,69.00958942129246,97.35951744554343,124.91911486018715,0.5732979949198673,0.0,77.23583317174018,56.51041277562472,120.82089199624066,0.2749399479421849
L_Vicon,C_V4,L_Vicon with C_V4,96.0,24,28818,28818,72.91326882532569,122.29379841252523,208.31332713411632,108.22147662477889,34.96779920267434,51.17069456915899,66.59388500314803,95.35957225238275,120.24668133241488,0.5539939540184149,0.0,77.18339810973532,56.59010341248084,117.08865456685982,0.2671928263379014
L_Vicon,C_V4,L_Vicon with C_V4,98.0,24,28818,28818,70.81807668243368,119.5688219651279,205.75022536329638,106.43484423253739,34.636187476691816,50.999249120376476,64.23382434525263,93.42083630519626,115.62147595879813,0.5339419345653744,0.0,77.19077786909861,56.68084238091713,113.38824125305003,0.2592783207440079
L_Vicon,C_V4,L_Vicon with C_V4,100.0,24,28818,28818,68.82307354979302,117.24977267272175,203.23263937401163,104.72342996082372,34.843952488620076,50.8590976117373,61.93685691818277,91.54424598454743,111.04458836156189,0.5131665846869579,0.0,77.17490814270585,56.796027095110816,109.7265106942641,0.2512087748274936
L_Vicon,C_V4,L_Vicon with C_V4,102.0,24,28818,28818,66.91854324290026,115.37161955494508,200.76830804363917,103.08887901355031,34.82814458564944,50.75017920876345,59.70172750989886,89.73146764958662,106.51733084255693,0.49170413571254223,0.0,77.27888529459116,56.93693103124074,106.11367062418317,0.24299973340855918
L_Vicon,C_V4,L_Vicon with C_V4,104.0,24,28818,28818,65.10118086744941,112.82098245286664,198.3440713160389,101.53033139489665,35.22128606828136,50.6722622963195,57.523498527675514,87.98141864581713,102.04036904450815,0.46962290879580515,0.0,77.28733453283124,57.090129731743474,102.5496250764781,0.23467348344547279
L_Vicon,C_V4,L_Vicon with C_V4,106.0,24,28818,28818,63.355049124161184,110.40005105015504,195.96148942905734,100.04958343652423,35.58478112048402,50.62446499269569,54.27193465520028,86.2964813305001,97.61457363591926,0.44696004587737337,0.0,77.33459193993522,57.262020073361185,99.0425178185903,0.22622443151027305
L_Vicon,C_V4,L_Vicon with C_V4,108.0,24,28818,28818,61.68092885434521,108.57230658107038,193.6115603557511,98.64749743764872,35.91795451164067,50.607406948734386,50.73775808442325,84.67714634206861,93.24016629218731,0.423769451640003,0.0,77.4016958397927,57.44679258973139,95.60216173612334,0.21768872259270244
L_Vicon,C_V4,L_Vicon with C_V4,110.0,24,28818,28818,60.072895333614156,106.8530347585391,191.29136677461997,97.32425191726531,36.22323487445291,50.619389753365944,49.40384961006556,83.12452942574863,88.91615003852041,0.4001115783543441,0.0,77.48922707761179,57.63246174512714,92.2349857748157,0.2090886281909189
L_Vicon,C_V4,L_Vicon with C_V4,112.0,24,28818,28818,61.00527252729353,105.24667017021034,188.99830910010044,96.08057512047947,36.49848480288036,50.661549813470785,50.1916852420197,81.63874255510869,84.64268971662558,0.37607497104571597,0.0,77.65971302861449,57.694236312014645,88.94560788328393,0.2004430308191567
L_Vicon,C_V4,L_Vicon with C_V4,114.0,24,28818,28818,61.982882936208156,103.75589459235495,186.72388891745388,94.91609110102696,36.74804711824213,50.7323426397227,52.98451105105653,80.22028272316312,80.4195309956819,0.3517495943268216,0.0,77.82114585369567,57.76425184715255,85.74796788941516,0.19180833981642398
L_Vicon,C_V4,L_Vicon with C_V4,116.0,24,28818,28818,61.51215593263003,102.38299713925491,185.7288610048221,93.82995764638424,36.96015069658269,50.82857764914881,52.15791387173567,78.87025197174604,76.24693252607825,0.327235129929473,0.0,77.98944747192544,57.852184487872336,82.64055530430947,0.18316797607342983
L_Vicon,C_V4,L_Vicon with C_V4,118.0,24,28818,28818,63.59613852107283,101.11523338571718,182.7105846333562,92.82200338968792,37.13451682513761,50.95036446138833,48.72256828235275,77.58856020398196,72.12467942792772,0.30265609239368263,0.0,78.19098191609301,57.949692166239046,79.61181703049213,0.17449024857369844
L_Vicon,C_V4,L_Vicon with C_V4,120.0,24,28818,28818,65.69827613051976,99.95142195651394,179.7672330496752,91.89382507899964,37.27529809529855,51.09832531206243,45.32879405824664,76.37693524849254,68.05092169824562,0.27811174375345893,0.0,78.36705749958456,58.04121604394038,76.6651889680111,0.1658007719792597
L_V4,C_none,L_V4 with C_none,0.0,24,28818,28818,117.77524439086201,178.5205891855589,216.4171950702538,151.70346048071406,49.239136573149764,60.18760145910989,95.21935561436351,139.25298040768436,211.3825511931235,0.7891262609853767,0.0,102.3115290217003,74.26741264626534,209.1590067179846,0.5493643988878012
L_V4,C_none,L_V4 with C_none,2.0,24,28818,28818,114.81726007167714,175.0632398371145,213.36363414744432,148.94705535133247,47.49270537240345,59.21325893843037,92.08447338487395,136.67119397928482,206.6356460102568,0.7836000180996772,0.0,101.14917223572292,73.98276937846029,204.26551388335142,0.5404332034663901
L_V4,C_none,L_V4 with C_none,4.0,24,28818,28818,111.8805942418397,171.63955229069757,210.28964410066186,146.209735112816,45.739026421023254,58.24638597099603,88.9848270048941,134.1068423425053,201.90727102417586,0.7778439594677247,0.0,99.95814112570449,73.69356079140384,199.44714172142199,0.5312122628857452
L_V4,C_none,L_V4 with C_none,6.0,24,28818,28818,108.96401799868707,168.2485063796462,207.20786548687582,143.49286244572738,43.98119254060897,57.29040416983644,85.92030224965106,131.55991472680887,197.19902696221737,0.7718587120444494,0.0,98.75493156628116,73.41542765772797,194.70388671935714,0.5217376140490219
L_V4,C_none,L_V4 with C_none,8.0,24,28818,28818,106.07114896725136,164.89251779717551,204.12425143385178,140.79726277971625,42.609719877541295,56.34658990816641,82.89281964223892,129.030736694717,192.51233990046265,0.7656335966440626,0.0,97.50559465058106,73.1563861707364,190.04603899755102,0.512038414297481
L_V4,C_none,L_V4 with C_none,10.0,24,28818,28818,103.19963661494381,161.57292293428216,201.03297784777354,138.12047984741525,41.819567661272586,55.415395428600135,79.89645758221411,126.51640566650686,187.84675926589833,0.7591798554610687,0.0,96.2516737725952,72.85102698702603,185.47034460909535,0.5021400397281075
L_V4,C_none,L_V4 with C_none,12.0,24,28818,28818,100.35410217986174,158.29523383334683,197.94415634456374,135.46623137641464,41.025666805409045,54.49871448625903,78.05427834997579,124.02011918504806,183.20639343306874,0.7524778530715541,0.0,95.01767483202396,72.45137672467635,180.97469553137307,0.4920816817148742
L_V4,C_none,L_V4 with C_none,14.0,24,28818,28818,97.53901907609533,155.0615573913935,194.85695384085574,132.83141296657996,40.231701031417515,53.59712942599077,76.32763397002702,121.53819147902317,178.58806390885115,0.7455331331678434,0.0,93.88689524741812,72.0999101745638,176.54430822044924,0.4818769124584924
L_V4,C_none,L_V4 with C_none,16.0,24,28818,28818,94.75557434812721,151.86413679067374,191.7740868754619,130.2184070474371,39.44817804631107,52.71309055298421,74.57693167236141,119.07209420483416,173.99484836494617,0.7383384859214657,0.0,93.33273947429416,71.79070868977013,172.17836026265314,0.4715255222558836
L_V4,C_none,L_V4 with C_none,18.0,24,28818,28818,92.01257442000247,148.70799036523817,188.69190479315196,127.62688249025435,38.675469715214255,51.84674283792851,72.80323811175481,116.62133763286587,169.42768347859783,0.7308887066392608,0.0,92.84081570234846,71.5223557737869,167.87855360808842,0.4610469596136746
L_V4,C_none,L_V4 with C_none,20.0,24,28818,28818,89.95149710755058,145.59542331572467,185.60846712191412,125.05781615673516,37.91775390198268,50.999041000496995,71.01329056635495,114.18649306691839,164.88969398229136,0.7231832687383015,0.0,92.31535283330518,71.26009341418967,163.64208159061204,0.45049990678519947
L_V4,C_none,L_V4 with C_none,22.0,24,28818,28818,88.46783066757678,142.53124426141062,182.53494767513885,122.50990584612795,37.17939314265894,50.17167288162658,69.18484957664225,111.7652909927147,160.37943717460416,0.715220881240151,0.0,91.77739029298229,70.51144414736895,159.47128108116078,0.4399034864073096
L_V4,C_none,L_V4 with C_none,24.0,24,28818,28818,86.98801981676935,139.51695996474479,179.4796943483683,119.98889719728201,36.46898851557714,49.36487899085583,68.47817195291589,109.36381564684946,155.90388834451295,0.7069715110873173,0.0,91.33458325359018,69.82454843947716,155.36761929688092,0.4292568243125835
L_V4,C_none,L_V4 with C_none,26.0,24,28818,28818,85.51011430599999,136.54462973557565,176.4492995268196,117.49536369661323,36.48712145993024,48.577591923375536,67.88795362681299,106.9830736758176,151.45987647584408,0.6983823947501759,0.0,90.82757657984673,69.1801232980742,151.31885520704924,0.41853638902758483
L_V4,C_none,L_V4 with C_none,28.0,24,28818,28818,84.02225515757735,133.60648069810492,173.43940958035782,115.0271860010476,36.58099442829468,47.8088801303858,67.24820008639608,104.62105189682428,147.04641078565112,0.689448718410085,0.0,90.33548190458441,68.59097071785831,147.32796088234176,0.4077999343196793
L_V4,C_none,L_V4 with C_none,30.0,24,28818,28818,82.52042103618399,130.70622275415934,170.4577183027265,112.58535848124568,36.67043577434771,47.05754123088118,65.54543148243204,102.27927824175589,142.66832599670562,0.6801745657103955,0.0,89.82997491761394,67.84917136352645,143.39348381692875,0.39708008078574475
L_V4,C_none,L_V4 with C_none,32.0,24,28818,28818,81.01110536044601,127.84708028156174,167.5060316439465,110.17393107016176,36.764627491682894,46.32663480942424,63.7706331701778,99.9606822440053,138.3311754491788,0.6705533491080075,0.0,89.34307407547004,67.18634720320036,139.5224601683007,0.38642959308607805
L_V4,C_none,L_V4 with C_none,34.0,24,28818,28818,79.48949139625773,125.02530669381619,164.58212512640011,107.79628397701731,36.87098844828414,45.61821827626544,61.584689017206074,97.6678913489626,134.03607752384414,0.6605477820938817,0.0,88.8970179094148,66.99176197366978,135.72138464237628,0.3759171951319783
L_V4,C_none,L_V4 with C_none,36.0,24,28818,28818,77.95235572988204,122.24429364740087,161.68461658279358,105.4544310817865,36.981733088146825,44.93058103459127,59.38150461110206,95.40377310503649,129.78314267156438,0.6500992341566558,0.0,88.44882257009027,66.70606977294614,131.98599060499828,0.3655365688721406
L_V4,C_none,L_V4 with C_none,38.0,24,28818,28818,76.41660613199261,119.49205589470998,158.8188055160419,103.15010280900938,37.096990743860395,44.264862789301056,57.17486690279293,93.16955313702839,125.56933148228397,0.6391460773601358,0.0,87.99266905014576,66.46985855913336,128.3100167761278,0.3553249266926123
L_V4,C_none,L_V4 with C_none,40.0,24,28818,28818,74.87697007902713,116.77278121622152,155.98484541696766,100.88450057512031,37.22567315373584,43.619006196718814,54.96355032328927,90.96738291663696,121.39569162799474,0.6276478723281316,0.0,87.53890313401826,66.42379010611165,124.69096125554384,0.34532842788685847
L_V4,C_none,L_V4 with C_none,42.0,24,28818,28818,73.14189658191225,114.08103762765327,153.18503221949794,98.66001633609419,37.37373453931214,42.99313509785894,52.745467539361584,88.79971372642832,117.26235531012665,0.6155549413252595,0.0,87.13968619047765,66.39726060547247,121.13324495809711,0.3356359449152083
L_V4,C_none,L_V4 with C_none,44.0,24,28818,28818,70.66847966397842,111.41453916441682,150.4236258437954,96.48172011330497,37.54391656974091,42.38774956767259,50.650175156862815,86.67180050403007,113.16667747066349,0.6027571674055485,0.0,86.68701779239993,66.09430187908572,117.61291037461127,0.32619930596416047
L_V4,C_none,L_V4 with C_none,46.0,24,28818,28818,67.97765626151424,108.77151563593848,147.7011263529701,94.3534261735456,37.25189739999634,41.80415032154954,50.49459402246953,84.58712695546534,109.10961045754576,0.5891964703360315,0.0,86.10291641310505,65.67685220407758,114.13335979041804,0.31710387283594565
L_V4,C_none,L_V4 with C_none,48.0,24,28818,28818,64.92071065937103,106.14988731991964,145.01961789312077,92.28016471340587,36.800990520403175,41.24409106611677,50.51781605954159,82.55031042741864,105.09711519979726,0.5748445489587619,0.0,85.50527074583903,65.18680821724837,110.69808212517262,0.3084194489316341
L_V4,C_none,L_V4 with C_none,50.0,24,28818,28818,63.02140356036621,103.56034377021619,142.37350267499946,90.26546399522118,36.34276128292687,40.71113795621568,50.517644757484845,80.56337403921553,101.12972631599995,0.5596560159691976,0.0,85.37425991370381,64.941855014257,107.29824147467728,0.30016108899206495
L_V4,C_none,L_V4 with C_none,52.0,24,28818,28818,61.21860553335236,100.67951451690143,139.76551401953316,88.31365750607348,35.869855782134145,40.206685354090325,50.496751094378965,78.63030303221035,97.20270818240175,0.5435331724796836,0.0,85.29945242121161,64.69585779826281,103.89698770842553,0.2921387096249226
L_V4,C_none,L_V4 with C_none,54.0,24,28818,28818,59.448384159607954,97.74920212902111,137.20103790792277,86.43030110595151,35.383473672206094,39.73260090457599,50.46903503889553,76.75622042950742,93.31492751077933,0.5263806524011885,0.0,85.2097658443845,64.45216034314784,100.4492253123812,0.2841377621581659
L_V4,C_none,L_V4 with C_none,56.0,24,28818,28818,57.71850497105391,94.85165966573301,134.6794527436518,84.61873946632281,34.8842548804249,39.28826011447141,48.645791754002104,74.94507112577219,89.4655916304879,0.5081403173055574,0.0,85.1207369414756,64.21285293563065,96.90133578764143,0.27590071307325215
L_V4,C_none,L_V4 with C_none,58.0,24,28818,28818,57.914877266619605,91.99191184794333,132.20276563152302,82.8840422863538,34.371237054537104,38.875483679134334,46.493668963003415,73.2015111486057,85.65465475152587,0.4887653961098516,0.0,85.05051783827682,63.97639363344034,93.22606879997231,0.2672983243675613
L_V4,C_none,L_V4 with C_none,60.0,24,28818,28818,57.8914795946671,89.48944914104592,130.05682480031044,81.23282497343324,33.847403656828135,38.494532792322225,44.39167914078136,71.53280924348816,81.88383793933683,0.46821025296456176,0.0,84.94790763738624,63.72821590841711,89.46517343413721,0.25861960084104607
L_V4,C_none,L_V4 with C_none,62.0,24,28818,28818,58.47990720114865,88.04024911453513,128.03149032772373,79.67069191794465,33.311121402033976,38.147273430900505,42.3491943111098,69.9442969831863,78.15246036050557,0.4464613049574728,0.0,84.39598538220028,63.7078570637772,85.67482634393463,0.2502406917656885
L_V4,C_none,L_V4 with C_none,64.0,24,28818,28818,58.768896476069514,86.68098847308107,126.07723307108077,78.20128473331812,32.980588492383006,37.83638504959413,43.54687244534114,68.4386506319371,74.45964286772976,0.4235589132644898,0.0,84.00291208971578,63.81151993296281,81.89609085277984,0.24204767387400228
L_V4,C_none,L_V4 with C_none,66.0,24,28818,28818,59.052892289358326,85.36138738016376,124.2000683848608,76.82541159075495,32.93418090993751,37.55913550148545,44.37843413340329,67.01831993171689,70.80166421311135,0.3995523758677615,0.0,83.59464922526577,63.907541443917495,78.14347184836234,0.2336139655848316
L_V4,C_none,L_V4 with C_none,68.0,24,28818,28818,59.33883281643786,83.33187138261079,122.3896887328832,75.54831700978382,33.16625158674725,37.31825407433701,42.24863827037302,65.68786886369521,67.17630642984967,0.3744952145247632,0.0,83.15830030257553,63.98388378670947,74.41332523214497,0.2246119990058737
L_V4,C_none,L_V4 with C_none,70.0,24,28818,28818,59.433653885563885,79.91288107284228,120.66013763571672,74.37470862263304,33.3677168234389,37.114177922741014,40.164079071807464,64.45258008660853,63.58365711672808,0.3485131667765158,0.0,82.73202220870006,64.046049350182,70.71432156740863,0.21487975180477237
L_V4,C_none,L_V4 with C_none,72.0,24,28818,28818,59.39905910885901,79.24201551891908,119.01118301901984,73.30648461184633,32.89984796815915,36.949209120221724,39.29600789090692,63.31347906675944,60.02241581835038,0.3217972813072457,0.0,82.4162270732714,64.09095693341335,67.05400082615586,0.20437502479964043
L_V4,C_none,L_V4 with C_none,74.0,24,28818,28818,59.47331920056725,77.93421541798782,117.43265912957072,72.34496547911291,32.1541183855111,36.82138919431871,39.48072072598069,62.27342393007268,56.488421823176886,0.2945198260617119,0.0,82.26072894718823,64.11603310287104,63.433604889478524,0.19309291906196902
L_V4,C_none,L_V4 with C_none,76.0,24,28818,28818,58.9872109533902,75.85797667945405,115.92416806630904,71.49133071125914,31.358825732558067,36.73133764072208,39.85438174972174,61.33367102978509,52.98245664055962,0.26694796520611075,0.0,82.49008900072988,64.12539823079115,59.85008614988152,0.18101512262937958
L_V4,C_none,L_V4 with C_none,78.0,24,28818,28818,57.1189990427462,73.85522927533341,114.71154472216989,70.74822992969578,30.609017912143024,36.67806637313593,39.29872591929666,60.49819406654166,49.505466013900005,0.2393563549911969,0.0,82.80231872680619,64.12662367147493,56.306105291304604,0.16818871251861234
L_V4,C_none,L_V4 with C_none,80.0,24,28818,28818,54.722353890958175,71.6948463133011,114.12854064535682,70.11818283457171,30.64787668574754,36.66185973449867,39.347515343485696,59.77012301167174,46.05482569301438,0.2120258294209061,0.0,83.17362954946847,64.12583159964225,52.7951864319611,0.15464973455561737
L_V4,C_none,L_V4 with C_none,82.0,24,28818,28818,53.47215051297608,71.51131314071523,113.6232595004676,69.60313303987265,30.506971799027188,36.684288954339266,39.42732565599643,59.151154450955175,42.62774724861927,0.18525671863309412,0.0,83.47871120765657,64.25767368822162,49.32510921024172,0.1405635869046764
L_V4,C_none,L_V4 with C_none,84.0,24,28818,28818,52.715072767087065,73.01967338013172,113.16872887410386,69.19883263706382,30.034802410459662,36.74357267158082,41.99309934883047,58.63777200457591,39.22006108949404,0.1593759927741415,0.0,83.89506947115234,64.73215841829686,45.90195453859569,0.12614677241993832
L_V4,C_none,L_V4 with C_none,86.0,24,28818,28818,51.898395501927965,74.62748803772362,112.76910851530633,68.90537769924137,29.575744102283856,36.83784211560508,42.13855585471731,58.231644868927255,35.83217832019554,0.13470623103327983,0.0,84.26219245650213,65.2476600442717,42.51104547301828,0.111518493952105
L_V4,C_none,L_V4 with C_none,88.0,24,28818,28818,51.119131722637206,76.32867679056437,112.68074209668875,68.71774856603972,29.139839528941305,36.965969037399574,41.19589004056763,57.92793886469179,32.459035744778795,0.11153944070861088,0.0,84.78521854880401,65.60924855534435,39.15489019581335,0.09697072726920142
L_V4,C_none,L_V4 with C_none,90.0,24,28818,28818,52.36300799507036,78.07259284848055,115.75007330891748,68.6326821174235,28.908185382310847,37.125235664206585,37.752853259623265,57.72488139016334,29.096011892237684,0.09012120739594753,0.0,85.21355809367296,65.81807275143441,35.83215702352477,0.08277084888696373
L_V4,C_none,L_V4 with C_none,92.0,24,28818,28818,53.824946872021656,79.62004790674864,118.69447788757583,68.64961426918661,28.98711790537781,37.31707169676019,37.036222599402265,57.62122611752522,25.74448669786701,0.07070314828608881,0.0,85.68478708245107,66.03098457115195,32.5353163255742,0.0691582636791217
L_V4,C_none,L_V4 with C_none,94.0,24,28818,28818,54.3676285037517,81.2214811819562,121.49848264464349,68.7667606621886,29.060841871437518,37.542430121764916,37.110797101516454,57.61452345132369,22.40229362155817,0.053471349643037014,0.0,86.19857886009197,66.24198819807125,29.27140075641201,0.05642136973328726
L_V4,C_none,L_V4 with C_none,96.0,24,28818,28818,54.030846978156816,82.79618697762204,124.13941541923411,68.98052362077128,29.00204090168249,37.80249737276548,37.19750242230592,57.69994654571045,19.069597942744508,0.03857616565258126,0.0,86.74219201120883,66.60284158010504,26.044373142601092,0.044796213468379364
L_V4,C_none,L_V4 with C_none,98.0,24,28818,28818,54.161830302749635,84.12107021022626,126.6196859911656,69.28863185648305,28.695558660726828,38.09805915488336,38.82542613733284,57.87445371814964,15.747951094341506,0.02611424873590018,0.0,87.36510976283549,66.5615066089623,22.854221299135894,0.03443581818892716
L_V4,C_none,L_V4 with C_none,100.0,24,28818,28818,54.8358895409166,85.51921424261582,128.93340822852818,69.688637946784,28.392602941045315,38.42920662700175,40.637162145854376,58.135207378121116,12.434926884310562,0.01611630168809075,0.0,87.93841269415084,65.99760934085842,19.72689866033829,0.02551457550821723
L_V4,C_none,L_V4 with C_none,102.0,24,28818,28818,55.58654924536075,86.1729411508493,130.21322440289202,70.18122791010815,28.45616385669922,38.797702346250745,41.25183564562103,58.48198905323136,9.12887115064605,0.008573216804197648,0.0,88.60211903646503,65.47310078569654,16.68430674130848,0.01809866893500378
L_V4,C_none,L_V4 with C_none,104.0,24,28818,28818,57.79570360609236,86.45444728902496,127.02118299541499,70.76372250594775,28.75739071538404,39.20431638504809,41.30337950900689,58.91117041512439,5.832952040734262,0.0034456242239385704,0.0,89.03054116921504,64.98170787506507,13.770926940716052,0.012208364388262338
L_V4,C_none,L_V4 with C_none,106.0,24,28818,28818,59.03062836305742,88.03491254293104,123.88834262084941,71.43158720503288,27.858738554587255,39.64987013261405,41.35446559496262,59.416827995922645,2.5441725659984797,0.0006437779972487956,0.0,89.52146582275503,64.53174217794694,11.038237068138624,0.0077713633572600305
L_V4,C_none,L_V4 with C_none,108.0,24,28818,28818,60.087026490977294,89.62803886461617,120.81683802708913,72.1824417761453,27.43062162385977,40.13347461904357,41.41251521938578,59.9967425429847,-0.737909598709162,5.3068757801977284e-05,0.0,90.14965702093136,64.42354380891398,8.5479609677467,0.0046286864582052445
L_V4,C_none,L_V4 with C_none,110.0,24,28818,28818,61.17747113758196,91.22265959208629,117.81633341853085,73.0180186185431,27.31515412741797,40.65665695694873,41.47596503685247,60.65201800486855,-4.012842187628388,0.001534535393301173,0.0,91.24714634347012,64.44550439723166,6.315857130608734,0.002517964024646324
L_V4,C_none,L_V4 with C_none,112.0,24,28818,28818,62.307047119626695,92.53911906915562,114.94071384428305,73.93537840899234,27.423741172829146,41.220974891127454,42.5770244703524,61.3781020357092,-7.2788592777067445,0.004927009842741414,0.0,92.0547416856141,64.48385868333065,4.310347812687333,0.0011717505154692498
L_V4,C_none,L_V4 with C_none,114.0,24,28818,28818,63.25774496786486,93.91291121192927,112.52441078651404,74.93337847009107,28.193409142048854,41.824120579348396,44.212898259971325,62.17518915697832,-10.535462680592266,0.010053612713261662,0.0,92.88146289757867,64.53891147962581,2.4602360373984826,0.00038202389416319704
L_V4,C_none,L_V4 with C_none,116.0,24,28818,28818,64.18304645774737,95.33598507549488,110.17900234409849,76.00893453705208,28.363466746290296,42.4670597240601,43.77642653031211,63.03893215982472,-13.788804025248254,0.016745506168371782,0.0,93.70861266042395,64.6104967167027,0.7137511196144846,3.2200591792652666e-05
L_V4,C_none,L_V4 with C_none,118.0,24,28818,28818,65.12655104023406,96.80323442570719,111.89688967895523,77.15831198409752,29.146983623815366,43.15156890879852,42.94004232265243,63.96363974121971,-17.03367784685061,0.024812357257703477,0.0,94.63503052360682,64.69452474711821,-0.9370863949562839,5.5603173806040296e-05
L_V4,C_none,L_V4 with C_none,120.0,24,28818,28818,66.0957614758158,97.98348791505671,114.7747846369874,78.37824024794656,29.98323427060108,43.87671720256041,44.293985787726115,64.94599473325025,-20.262695707748172,0.03404842296047961,0.0,95.7511692350079,64.75239645225648,-2.5124260530563736,0.0004003989715214429
L_V5,C_V4,L_V5 with C_V4,0.0,24,28818,28818,248.08502032833644,316.8937465206292,424.8884088942349,274.70207782320426,77.65667973053058,90.16861308182014,239.8737622896588,259.4818929622774,395.8605516284726,0.7955037267500469,0.0,139.60270965836395,90.06943786504999,218.86420777339123,0.348117827811929
L_V5,C_V4,L_V5 with C_V4,2.0,24,28818,28818,244.4534072383188,313.5854495449439,420.7463750252375,271.12105667292764,77.22560483024836,89.0220882073928,236.78183028218993,256.0892328518324,391.902480981821,0.7999955601645461,0.0,137.92518869737995,90.44974919978128,222.2949619521258,0.3601357932460302
L_V5,C_V4,L_V5 with C_V4,4.0,24,28818,28818,240.57441723461477,310.2762735560851,416.5861391203206,267.51243463908594,76.80375954495736,87.87224558631675,232.8778541025149,252.66850049452003,387.83261618053433,0.8043894893324196,0.0,135.65230962243194,90.8003634473371,225.80355229622722,0.37222824591913395
L_V5,C_V4,L_V5 with C_V4,6.0,24,28818,28818,236.67679251176057,306.9694483870053,412.4084918264556,263.87108150927673,76.39033529551814,86.71620887624063,228.95103939355812,249.215261922314,383.6476429881408,0.8086807413772538,0.0,133.428463212652,89.84727366334553,229.40448674062887,0.38452275337440045
L_V5,C_V4,L_V5 with C_V4,8.0,24,28818,28818,232.76184480411683,303.6664622308955,408.21503286511415,260.21629722575824,75.98557464034792,85.56635618934469,225.00273058915766,245.74564091833318,379.3216028902147,0.812669320890319,0.0,131.25747905956692,88.33233273226622,232.80920537047402,0.396373026839145
L_V5,C_V4,L_V5 with C_V4,10.0,24,28818,28818,228.97164583591467,300.3630265446237,404.00830524439834,256.56957018043823,75.58713190552588,84.42791934169357,221.25476708439157,242.28056211385865,374.8978509302285,0.8163736990187132,0.0,129.1446153581943,86.52548454413724,235.97651144560322,0.40772175690931967
L_V5,C_V4,L_V5 with C_V4,12.0,24,28818,28818,225.9131492841371,297.0604039115268,399.79015583416964,252.92520908113454,74.9868756066052,83.2973856994558,218.20297964625433,238.81521501858236,370.38705730848966,0.8198489861888787,0.0,127.22675737436232,83.20079189075506,239.02439261758778,0.4187875412404489
L_V5,C_V4,L_V5 with C_V4,14.0,24,28818,28818,222.7215016942083,293.75870981821174,395.5607823693901,249.28056272866294,73.75591404323598,82.17235904965429,215.00372396677778,235.3476202610376,365.779033727917,0.8230563199469776,0.0,125.31207267138433,81.30877176405059,241.94554334919312,0.42949292476683265
L_V5,C_V4,L_V5 with C_V4,16.0,24,28818,28818,219.41532377880094,290.4563286745117,391.31474463356403,245.64139753375446,73.20505037626907,81.05827979704834,211.67703223039155,231.8819774339511,361.0854913256603,0.8260046519510178,0.0,123.53077723540045,80.953515582764,244.70502495199602,0.439838813553034
L_V5,C_V4,L_V5 with C_V4,18.0,24,28818,28818,216.035628618413,287.5272346801023,387.05340902638255,241.99287264313298,71.31732180679296,79.948222714834,208.26894707311203,228.40497388370264,356.3000414049402,0.8287350502901237,0.0,121.59916419689833,81.19498661107102,247.35787950855627,0.4501673961275483
L_V5,C_V4,L_V5 with C_V4,20.0,24,28818,28818,212.56493671823318,285.0054083649149,382.78073724415776,238.35757544188314,70.12788366811839,78.85484716710596,204.75884642574897,224.93609503320133,351.4375977031501,0.831158167006163,0.0,119.83834176971072,81.41254663369041,249.75499180772258,0.4600909240765222
L_V5,C_V4,L_V5 with C_V4,22.0,24,28818,28818,209.04375351488756,282.57022873394396,378.49556559529134,234.75469401215062,68.94668069724104,77.78881816165091,201.18995833702274,221.4919098516966,346.49596714953907,0.8331369643280501,0.0,118.17052597592156,81.61282878866092,251.6142077622337,0.46902667310217383
L_V5,C_V4,L_V5 with C_V4,24.0,24,28818,28818,205.49570391658028,279.92879850816337,374.19511130381426,231.18254901051696,67.776405325263,76.74155735238338,197.58938760603098,218.07362138078716,341.5048339442307,0.834768219756632,0.0,116.4838585413651,81.79085153932385,253.0651235060391,0.4772574728589124
L_V5,C_V4,L_V5 with C_V4,26.0,24,28818,28818,201.90289123113564,277.15175062166605,369.88055804937176,227.6317972701318,66.61579293195233,75.71173565918227,193.93413303059947,214.67176854888137,336.45876669757064,0.8360764266353731,0.0,115.88819706536198,81.65751851969519,254.19685770276524,0.48495000261691157
L_V5,C_V4,L_V5 with C_V4,28.0,24,28818,28818,198.26472152452862,273.26109921516667,365.55224037829316,224.10607492054484,65.45072462548703,74.70001078613313,190.2228399898836,211.2899458205346,331.35934137488084,0.8370247587533844,0.0,115.51737712928482,80.86732794680117,254.95671678514614,0.4919200855041648
L_V5,C_V4,L_V5 with C_V4,30.0,24,28818,28818,194.60956381630635,270.5596747660443,361.2096600558859,220.59890838449027,64.28028579375565,73.70219065987412,186.4872859138634,207.9227391902201,326.20436898724165,0.837622976285493,0.0,115.28610330887881,80.12884427883795,255.40659701774854,0.4982419158654824
L_V5,C_V4,L_V5 with C_V4,32.0,24,28818,28818,190.93705385015278,267.8335700411551,356.8495756104403,217.12047844952022,63.106074894076386,72.72156554225786,182.72749143561282,204.57975478338923,321.0082096335212,0.8378521067249335,0.0,114.89558174662127,79.44070768279772,255.47998259816578,0.5037234857203915
L_V5,C_V4,L_V5 with C_V4,34.0,24,28818,28818,187.2475898355499,264.97930423937106,352.4766258623383,213.67191882939713,61.9191187467991,71.76083380968615,178.94336020345975,201.2612024886443,315.7682635889648,0.8376806908733316,0.0,114.42158855412067,79.08826790831844,255.09191768906797,0.5081842264002904
L_V5,C_V4,L_V5 with C_V4,36.0,24,28818,28818,183.52242582516524,261.77752560371266,348.0919917710343,210.25085173726143,60.72444430733489,70.81758598290229,175.1129815713624,197.96537619441972,310.4935711642879,0.8371465673711647,0.0,113.23563701048118,79.04969448267468,254.34702408802173,0.5117445766052661
L_V5,C_V4,L_V5 with C_V4,38.0,24,28818,28818,179.78398986864818,258.4660538748725,343.7133303798572,206.85510561157022,59.53044631174481,69.89107769784611,171.2622564773891,194.6901948630375,305.1910011304557,0.836286670126783,0.0,112.10729263479621,79.0267058617469,253.27605213229648,0.5144639865681342
L_V5,C_V4,L_V5 with C_V4,40.0,24,28818,28818,176.00546084276448,255.0638200527764,339.3654957346664,203.49193812951054,58.33887675560639,68.98206058747311,167.3611571644483,191.44305733248916,299.872319441229,0.8350900788275273,0.0,110.97652962516608,79.02090898176803,251.81833446977126,0.5162304310306354
L_V5,C_V4,L_V5 with C_V4,42.0,24,28818,28818,172.19733055310124,251.56419668537688,335.00206949453764,200.15370212975094,57.14317764054266,68.088951851357,163.50827650874783,188.21636249813315,294.5327730590617,0.8335804152537484,0.0,109.83895838559562,78.38202659312543,249.98436452114115,0.5171050232093466
L_V5,C_V4,L_V5 with C_V4,44.0,24,28818,28818,168.36809444965684,248.00805141622124,330.6216013027331,196.83661973001844,55.93959199972535,67.20970318212547,159.83751525029106,185.00678545640014,289.1711951452191,0.8317645309877086,0.0,107.8424177824139,77.57177848094051,247.74335390594703,0.5170733632708499
L_V5,C_V4,L_V5 with C_V4,46.0,24,28818,28818,164.51440747412306,244.4310733692913,326.224472426354,193.54074078695368,54.73444550250639,66.34322721058187,156.1432444888806,181.81472588227803,283.79462143149163,0.8296624740021504,0.0,105.50120278601602,76.7993861001082,244.52734965053338,0.5155159562549598
L_V5,C_V4,L_V5 with C_V4,48.0,24,28818,28818,160.63846284446748,240.78533973570484,321.81547373934166,190.25915346837883,53.53101763446668,65.49162081026977,152.42617370161514,178.63200464123994,278.3997947990644,0.8273197126673446,0.0,103.33425146536528,76.68294078655656,239.12385258817793,0.5110622206032996
L_V5,C_V4,L_V5 with C_V4,50.0,24,28818,28818,156.74451126793235,237.09387942067593,317.39819364196046,186.9924997491301,52.493471070544956,64.65320496383194,148.69199631116055,175.45984740200007,272.98928838995806,0.8247279792184126,0.0,102.11781520027839,76.61118782991736,233.3632876530111,0.5056828145935122
L_V5,C_V4,L_V5 with C_V4,52.0,24,28818,28818,152.83395450409915,233.3998966329729,313.0752069775454,183.74642966943222,51.805891195428615,63.826366199404674,144.94318619996906,172.30480374627714,267.5791414618227,0.8219071692063368,0.0,100.7724572558598,76.70256892700894,227.68090637449524,0.49987212442820883
L_V5,C_V4,L_V5 with C_V4,54.0,24,28818,28818,148.92288816611682,229.5170703909964,308.7771454984604,180.51809012556265,51.11160110044647,63.01135979600902,141.1955800722601,169.1636763588409,262.17188635126814,0.818894906762554,0.0,99.4522517156561,76.78654984766496,222.12401116556154,0.49376782872154823
L_V5,C_V4,L_V5 with C_V4,56.0,24,28818,28818,145.01029866909312,225.5466812817029,304.468720525982,177.30421672696605,50.416617060804896,62.210861805659626,137.44511461987588,166.03190639922215,256.76495851624946,0.8157079740276552,0.0,98.14875559186672,76.87025242826769,216.6858243320074,0.48743565845627934
L_V5,C_V4,L_V5 with C_V4,58.0,24,28818,28818,141.09200779450933,221.53856201469682,300.1464600181759,174.09933182556878,49.72092841831923,61.422148613272334,133.68432100525303,162.90456409149067,251.34684161976085,0.8123186722633576,0.0,96.8484900697378,76.95825189679216,211.34763660221213,0.48084068489883836
L_V5,C_V4,L_V5 with C_V4,60.0,24,28818,28818,137.17935723369695,217.52059126820032,295.5044841314071,170.90443904612198,49.026241863574114,60.64550189161225,129.92000058634935,159.78250963726938,245.9213359315604,0.8087323925308499,0.0,95.13284036146425,76.14515558798325,206.10844901135656,0.47397867332984267
L_V5,C_V4,L_V5 with C_V4,62.0,24,28818,28818,133.27443111236056,213.4652810254085,289.4734893582693,167.71964333236915,48.329849932953536,59.883232232808055,126.15611058681449,156.66485648315864,240.48797678592337,0.8049458677510163,0.0,93.27192756754113,75.06938641700012,200.96218190765103,0.4668736120210115
L_V5,C_V4,L_V5 with C_V4,64.0,24,28818,28818,129.37982708202458,209.37990849855422,283.38863422689775,164.54828599035736,47.63186971829495,59.13401186252349,122.39445261942583,153.55555041550065,235.0522243481853,0.8009438144103171,0.0,91.71299482271407,74.0424694875182,195.90328030992382,0.459519622014254
L_V5,C_V4,L_V5 with C_V4,66.0,24,28818,28818,125.4985529871192,205.67195042137337,277.2168763372781,161.3881381201346,46.93055991637512,58.39800046159444,118.63572498162307,150.45200120959265,229.6135618583383,0.7967387924534133,0.0,90.56948577799812,73.02997916037492,190.92224665297314,0.4519547111837089
L_V5,C_V4,L_V5 with C_V4,68.0,24,28818,28818,121.6297513076837,202.05717129107566,270.97250840223836,158.24119735105148,46.22167295108293,57.67437384456253,114.8797404167422,147.35651713016316,224.17567418822935,0.7923214034749906,0.0,89.3253707483844,72.74221120397112,186.02579703743294,0.44418324209560867
L_V5,C_V4,L_V5 with C_V4,70.0,24,28818,28818,118.21002839887218,198.43403961491896,264.70416660548733,155.11332065863414,45.51188208919068,56.96316200596419,111.12641211157762,144.27522455373457,218.74213154241576,0.7876357899713353,0.0,88.24845434605265,72.72660495957287,181.19715693993558,0.4361366797070071
L_V5,C_V4,L_V5 with C_V4,72.0,24,28818,28818,115.23314208729198,194.80387616558187,258.43807904138606,152.01009593994092,44.80657980111792,56.26626754006322,107.37751609653509,141.21323027528285,213.31974574419635,0.782657352745086,0.0,86.96332037745655,72.7101104360182,176.42762202994044,0.42780104621660064
L_V5,C_V4,L_V5 with C_V4,74.0,24,28818,28818,112.27090326272395,191.16958778782936,252.17412916639523,148.9345617420348,44.10649454214435,55.58505919841594,103.6407347684528,138.17309750888762,207.91149675832077,0.7773651640371032,0.0,85.95068966253706,72.70368695920284,171.72257804548613,0.4191975161013676
L_V5,C_V4,L_V5 with C_V4,76.0,24,28818,28818,109.32355322572624,187.53072510749894,245.8763588323799,145.88350508076738,43.42004458074135,54.92007642766353,99.92058541843356,135.15096100224324,202.51594489260415,0.7717752611171252,0.0,85.9155898737565,72.70140893335972,167.06978985612815,0.4103540734637793
L_V5,C_V4,L_V5 with C_V4,78.0,24,28818,28818,106.39205381176403,183.8904804782085,239.57489368553584,142.85964320063465,42.74385426195998,54.27166878794794,96.2086599287134,132.14939887257876,197.13362422316118,0.7658412620665381,0.0,85.7995838273671,72.70575022169304,162.46790997239148,0.40126692521620355
L_V5,C_V4,L_V5 with C_V4,80.0,24,28818,28818,103.4879492537865,180.25215820386487,233.29809209751085,139.87065698491787,42.17434941426154,53.640682859517185,92.50816385427669,129.1761503829451,191.77555568795893,0.7595372939215909,0.0,85.79588020388144,72.71956292450629,157.9171182121467,0.3919519842933419
L_V5,C_V4,L_V5 with C_V4,82.0,24,28818,28818,101.14245904698217,176.615913082002,227.0373103164898,136.9185034123134,41.814087766961634,53.025759514239496,88.8235048263283,126.23369361864412,186.4421784312813,0.7528182837590705,0.0,85.78623751135186,72.73736382396632,153.40910186351556,0.38241035080398456
L_V5,C_V4,L_V5 with C_V4,84.0,24,28818,28818,98.83517883261875,172.98620535259408,220.80602974051928,134.00666682419876,41.20242195770861,52.42820555513157,85.16005693598674,123.3250583442014,181.13695939403016,0.7456537477361043,0.0,85.79739940931555,72.76100529553047,148.95560005909076,0.37273452205707946
L_V5,C_V4,L_V5 with C_V4,86.0,24,28818,28818,96.54166467655867,169.36888427657436,214.6321895231723,131.13895086355885,40.22010481192993,51.85182493884713,82.11894624095771,120.45253290863607,175.85748871046434,0.7379737960990953,0.0,85.41695641809541,72.74156126718533,144.5433813313901,0.362929636382726
L_V5,C_V4,L_V5 with C_V4,88.0,24,28818,28818,94.9875613071868,165.7635461289435,208.678917584111,128.31988374983194,39.65715953074368,51.29693486492281,79.87064780806509,117.6206488633448,170.606839718597,0.7297202226567239,0.0,84.30113961428266,72.42757630481076,140.17683231124877,0.3530810315471187
L_V5,C_V4,L_V5 with C_V4,90.0,24,28818,28818,93.93499327845092,162.17655021781428,202.82311721490584,125.5543680774959,39.12943014529254,50.76327048601605,78.51596216457983,114.83461896528803,165.39330455450445,0.720864223710622,0.0,83.17085589785813,72.10691501970109,135.85119948534268,0.34322603733521373
L_V5,C_V4,L_V5 with C_V4,92.0,24,28818,28818,92.76577958151759,158.60615299071702,197.08759388766123,122.84618147147964,38.94415118601822,50.25065552200844,77.83018786974071,112.09842069240828,160.22218191885108,0.7113639144314174,0.0,82.05526443948082,71.66637654498484,131.57834529957285,0.33348439219281645
L_V5,C_V4,L_V5 with C_V4,94.0,24,28818,28818,91.35698960050658,155.05600320415044,191.51154959559182,120.20121842626301,39.19021637064061,49.76033118507274,76.92612209380968,109.41774239815985,155.0998468898333,0.7011645557228185,0.0,80.9466853690314,71.08612172374788,127.36582943525369,0.32397611878025767
L_V5,C_V4,L_V5 with C_V4,96.0,24,28818,28818,90.03445162317962,151.53620670329522,186.69714414876336,117.62344915803033,39.46123526000437,49.29545965958299,74.84147355156904,106.79528757759947,150.0243201802525,0.6901816014021341,0.0,80.61414744369372,70.11423499568164,123.19399478790626,0.3147329668367046
L_V5,C_V4,L_V5 with C_V4,98.0,24,28818,28818,88.04842683871675,148.0419748044024,184.59670666341705,115.1112947476926,39.76030121969776,48.85708077876461,72.78780411588025,104.22857495076593,144.99238953203226,0.6783924408397211,0.0,80.47027111435713,68.46476245523571,119.04438751254133,0.30575661751852334
L_V5,C_V4,L_V5 with C_V4,100.0,24,28818,28818,85.51998639245696,144.57551453640343,182.6196169169041,112.66768062770035,40.30356655619922,48.448117200761814,70.75582377993976,101.71915354409282,140.0021198650531,0.6657290336949728,0.0,80.49258645151903,66.91708406188462,114.91524148461426,0.29701907490858825
L_V5,C_V4,L_V5 with C_V4,102.0,24,28818,28818,83.04500173717886,141.13668129140189,181.08189913940268,110.29593725502299,40.27854465336128,48.06864240527793,68.15447058246447,99.27033490563777,135.0573324099351,0.6521502680104775,0.0,80.48846490303843,65.62583529907852,110.78749394678778,0.28829509818692445
L_V5,C_V4,L_V5 with C_V4,104.0,24,28818,28818,80.63022341191453,137.50256827951193,179.57570675461378,107.99697858287045,38.98000655245148,47.71956804920501,64.5417797559788,96.8823524086109,130.15563291007987,0.6375994470231736,0.0,80.47215550256836,64.96783466203637,106.6500429507557,0.2793654014255542
L_V5,C_V4,L_V5 with C_V4,106.0,24,28818,28818,78.28829037933149,133.77994760442155,178.10420682528385,105.77751536479316,38.411583233136554,47.40285296081544,61.345903472994266,94.56136784080675,125.30260165782853,0.622017115140904,0.0,80.56571385957116,64.37767735958136,102.50711348155554,0.27004317483739704
L_V5,C_V4,L_V5 with C_V4,108.0,24,28818,28818,78.24838583903062,130.06390660068013,176.65858429707347,103.63631759307394,38.17142327296126,47.120169644981125,60.24106087048122,92.30479909994219,120.492719635601,0.6053638177808596,0.0,80.51995613024155,63.858729353709805,98.34130368122504,0.26012943711137204
L_V5,C_V4,L_V5 with C_V4,110.0,24,28818,28818,78.65119954851772,126.35340784835972,175.23568602133065,101.57584087879924,38.29564232977587,46.87381650814481,59.17026640276521,90.11379903319977,115.72781962859631,0.5876254491399693,0.0,80.62883969860881,63.27179586002174,94.15528508602938,0.2495264872089441
L_V5,C_V4,L_V5 with C_V4,112.0,24,28818,28818,79.07102342112084,122.65296290623309,173.83076718416316,99.59983654305293,38.45309136119303,46.66477995988293,58.13234136307533,87.99162318481555,111.00550320547885,0.5687374636034583,0.0,80.49005831627981,62.46004283242211,89.9426734549374,0.23817924179087324
L_V5,C_V4,L_V5 with C_V4,114.0,24,28818,28818,79.5076191129862,118.96310641709368,172.44549455042062,97.71050206675358,38.62216604205755,46.49263034217127,57.613493098913864,85.94054653074572,106.32919362931769,0.5487094628959406,0.0,80.48054840365577,62.31440049340364,85.70671950726647,0.22609167281997355
L_V5,C_V4,L_V5 with C_V4,116.0,24,28818,28818,79.33584195683912,115.28257379353364,171.06942910836472,95.90889156684891,38.798426196803604,46.35847444215979,59.82067306655961,83.9607487399749,101.69631164573546,0.5275317235384946,0.0,80.4619672892374,62.14190498428376,81.4545803484661,0.21332857334671362
L_V5,C_V4,L_V5 with C_V4,118.0,24,28818,28818,77.4138834591589,111.61500237653846,169.8981669916862,94.19761817518412,38.98502020149952,46.26198621965731,62.20204024451118,82.05498096331516,97.1069541777488,0.5052017154220241,0.0,80.3663197201027,62.02394979781138,77.18707918978146,0.1999385382835478
L_V5,C_V4,L_V5 with C_V4,120.0,24,28818,28818,75.28909982347736,107.96188668991638,167.59136645118986,92.57795972859279,39.17726111431975,46.204015145337436,64.02985428814316,80.22385936838478,92.55941958339034,0.48173896012832407,0.0,80.19905900391916,61.94404990660571,72.92087434666809,0.18605816463446312
L_V4,C_V5,L_V4 with C_V5,0.0,24,28818,28818,59.83258999663252,99.37967286099999,117.66010643864962,75.28051109111345,31.72392813228005,42.05810111703927,46.21634035420162,62.4361392189504,-10.569472962494112,0.010649038305088454,0.0,89.22559143746889,62.547023428282714,-4.402022493582299,0.0012081074532556135
L_V4,C_V5,L_V4 with C_V5,2.0,24,28818,28818,60.26012381682102,101.64035796036076,115.61481758639069,76.2617719178779,31.622601124869604,42.67570347428776,45.97530967949531,63.20318179513666,-13.657216692703397,0.017308819280314025,0.0,90.44372606986349,62.38787212211851,-6.1553335688180955,0.002360649219539379
L_V4,C_V5,L_V4 with C_V5,4.0,24,28818,28818,60.81097142951214,103.93236418324864,115.80778927647484,77.32307999523222,31.55922365600074,43.327566603034896,47.01743852618051,64.04358416116837,-16.732300234340638,0.025245298841158448,0.0,91.79042955113616,62.267818973999354,-7.770590683681516,0.0037663707201754937
L_V4,C_V5,L_V4 with C_V5,6.0,24,28818,28818,61.689185035434974,105.11800045654168,118.14919808256087,78.45741099478019,31.54970352214994,44.01404780562902,48.16069332346997,64.9486638489789,-19.795930915372203,0.034285069221091646,0.0,93.11246785233777,62.191719166851435,-9.283996943687765,0.005388023690097499
L_V4,C_V5,L_V4 with C_V5,8.0,24,28818,28818,63.083186554456915,105.41841782538953,120.96836827428386,79.66068957263762,31.616134302663642,44.735133330676234,47.397204597694866,65.91352902913601,-22.84863237613494,0.04425991556390674,0.0,94.42024089752272,62.15923878230805,-10.710747859731308,0.007192056727331919
L_V4,C_V5,L_V4 with C_V5,10.0,24,28818,28818,64.57949530450279,105.2688806637954,123.80147519389625,80.93009224061733,31.75813589654476,45.49088846613605,47.632641029575325,66.93473609895237,-25.88796315502958,0.05499827336095675,0.0,95.8076850518477,62.175590599790624,-12.078843993612892,0.009174079627830678
L_V4,C_V5,L_V4 with C_V5,12.0,24,28818,28818,66.18443117603636,103.55218956591764,126.62520296842091,82.25830428407195,32.14586448642808,46.28024369050443,49.15019277946715,68.00417389865488,-28.913784742578507,0.06635537872404396,0.0,97.15748082040041,62.23138412510472,-13.39402659398362,0.011314445232382231
L_V4,C_V5,L_V4 with C_V5,14.0,24,28818,28818,67.89595031563981,104.79917421273791,129.43106404486767,83.64034378707957,33.014437900929956,47.10435553999463,50.62745808405259,69.11502584809354,-31.926115943152094,0.07820480947205277,0.0,98.58612305809085,62.316750672947734,-14.671574778459982,0.01361213147329221
L_V4,C_V5,L_V4 with C_V5,16.0,24,28818,28818,69.7246169029344,106.23222632033858,132.22024810538,85.0752880177354,34.19130198616417,47.962886351348516,52.07269348394368,70.26639427313927,-34.92933227132573,0.0904470659950819,0.0,100.11076131783798,62.429148970296794,-15.937634791564646,0.016097536254845224
L_V4,C_V5,L_V4 with C_V5,18.0,24,28818,28818,71.66375840484186,107.15500776006307,134.97805978970104,86.55737814908284,35.40133663037582,48.85491496201218,53.495753187827404,71.45192087059579,-37.920884121707786,0.10297445429024055,0.0,101.56405453955634,62.564932512169605,-17.19208935450671,0.018763602623298903
L_V4,C_V5,L_V4 with C_V5,20.0,24,28818,28818,73.7131476516395,108.09260524189352,137.70130779572926,88.08414590182981,36.64683979734076,49.78044247145391,54.90719130890193,72.66859229819377,-40.89750866512728,0.11567638974927674,0.0,102.81012523313413,62.72615608874216,-18.433464494928003,0.02159503978734223
L_V4,C_V5,L_V4 with C_V5,22.0,24,28818,28818,75.87256018877369,109.10263649774355,140.38598357065266,89.64838716206826,37.92823211569309,50.73866206978661,56.294984537370055,73.90819637988795,-43.86054810370189,0.12850266028606738,0.0,104.29105188959917,62.914598519005786,-19.664902856779502,0.024588068015835907
L_V4,C_V5,L_V4 with C_V5,24.0,24,28818,28818,78.13604807813972,110.18519120881058,143.03171931756268,91.24509886811862,38.92354396264871,51.729703329667565,57.65764536073175,75.16452528205923,-46.81224308966614,0.14141887701748423,0.0,105.80539993211457,63.117095650094754,-20.888319400155925,0.027738040891920446
L_V4,C_V5,L_V4 with C_V5,26.0,24,28818,28818,80.49001157198063,111.33868070472263,145.69686116605175,92.87349111859321,39.608247932844975,52.75353682235577,58.99530281381419,76.43657308702272,-49.75343962069449,0.1543734083918895,0.0,107.266825659256,63.32847634811445,-22.107355528563723,0.031042600479760263
L_V4,C_V5,L_V4 with C_V5,28.0,24,28818,28818,82.91922641303611,112.56443501180723,148.3363462448354,94.52673935550168,40.30936528449077,53.81110053620986,60.301131789791384,77.71531324175992,-52.686874941651524,0.16737305715398854,0.0,108.7409520321755,63.54918516147312,-23.31693220378922,0.0344801015639673
L_V4,C_V5,L_V4 with C_V5,30.0,24,28818,28818,84.61938263004112,113.8616650911632,149.82239329824534,96.20230507153195,41.11958260093374,54.900396230139776,61.56565553080247,78.99892401070888,-55.61078249248544,0.1803777662758137,0.0,109.63611536017936,63.77951351570235,-24.514047156344123,0.03803187706290989
L_V4,C_V5,L_V4 with C_V5,32.0,24,28818,28818,85.24164289812063,115.22583053608145,150.9426857803607,97.89727787243498,42.57554261439936,56.0173285687857,62.307681724890735,80.28658614519271,-58.52054434317978,0.19332366889454256,0.0,110.66025529591974,64.02449174726549,-25.685431133436943,0.041638765735256045
L_V4,C_V5,L_V4 with C_V5,34.0,24,28818,28818,86.30403747763894,116.65478501210846,152.03795948798862,99.61541165279277,44.06040896124267,57.162987582519925,62.77969290527691,81.58200223944026,-61.41796276972128,0.20617281701805246,0.0,111.5924747511904,64.28040534477913,-26.8226760403533,0.04525133666505754
L_V4,C_V5,L_V4 with C_V5,36.0,24,28818,28818,88.96364252284097,119.03276584542542,153.1270710438739,101.35175572533763,45.576752559810394,58.33629636831424,64.43777738930157,82.87976179162628,-64.29906116477848,0.21888727678264097,0.0,112.48297197027526,64.53732972114986,-27.911118923560426,0.04879233286205931
L_V4,C_V5,L_V4 with C_V5,38.0,24,28818,28818,91.66897624861936,121.40142270368027,154.21525588672824,103.10560829015317,47.11684097312681,59.53530028816625,67.19081576010478,84.18024994308567,-67.16154590513646,0.23142364575110153,0.0,113.36997289749374,64.79560935984001,-28.952855264935916,0.052235904765580154
L_V4,C_V5,L_V4 with C_V5,40.0,24,28818,28818,94.41399527862293,123.75647521072585,155.56337267901338,104.87566920309749,48.67864868383398,60.759734328084555,69.90482294693629,85.48193186386297,-70.00352583800412,0.24375654010435754,0.0,114.37875791116055,65.05568798018707,-29.942288129232296,0.05554187813288314
L_V4,C_V5,L_V4 with C_V5,42.0,24,28818,28818,97.07056719574379,126.1011499941484,158.19027124715643,106.66232370964258,49.75589536731874,62.00990224759546,72.14692294851079,86.78492566329847,-72.82634089538473,0.2558742206774737,0.0,115.45390058889458,65.39422162171907,-30.87867112652493,0.05868501639167978
L_V4,C_V5,L_V4 with C_V5,44.0,24,28818,28818,98.7920982797694,128.42753393972052,160.82591034553053,108.46233122159745,51.05868043106345,63.28334798464424,74.20549758324591,88.08686146002671,-75.63116171064604,0.26778214609505036,0.0,116.45684791645357,65.90695561657782,-31.764303108796472,0.061650954335512154
L_V4,C_V5,L_V4 with C_V5,46.0,24,28818,28818,100.52941715731237,130.72963286405104,163.4692589959289,110.27341408697407,52.34323532831967,64.57841908977262,75.66317004661892,89.38598124014159,-78.41426937584579,0.2794485098766657,0.0,117.6014640989496,66.4071927288718,-32.59560245718822,0.0644174651921946
L_V4,C_V5,L_V4 with C_V5,48.0,24,28818,28818,102.28179905582951,133.00786319651854,166.11711877826687,112.09536748855594,53.68335027193632,65.89492262827156,76.28779357184135,90.68203010634745,-81.17751680863326,0.29087884041152245,0.0,119.05707201012896,66.90486448713743,-33.35346008191683,0.0668993344819121
L_V4,C_V5,L_V4 with C_V5,50.0,24,28818,28818,104.84989205001837,135.26063258923944,168.7724141986642,113.92705485153877,55.099358460164396,67.23127552881463,76.85472839353895,91.97461289896323,-83.91966772769725,0.3020562326905597,0.0,120.63635924171555,67.38586986128186,-34.042263964778606,0.06909540914125345
L_V4,C_V5,L_V4 with C_V5,52.0,24,28818,28818,107.6701347511572,137.48636659967505,171.4318323089201,115.76696068630488,56.581835168322726,68.58568587307889,77.88704080563592,93.26303061698032,-86.6413843934951,0.31298602642862416,0.0,122.1703676375293,67.85107695087592,-34.67104754100146,0.07102516228459399
L_V4,C_V5,L_V4 with C_V5,54.0,24,28818,28818,110.49923852353902,139.3311978863744,174.1834921257197,117.61493972191556,57.649794863153915,69.95459393965186,80.17656479908526,94.54961043033576,-89.34559439670495,0.3236676299102528,0.0,123.63893313214231,68.3077508010864,-35.22777009551422,0.07263205150467411
L_V4,C_V5,L_V4 with C_V5,56.0,24,28818,28818,113.33890493776192,141.14300938993046,176.05818041562708,119.47013541703575,58.50595693647092,71.338276542104,82.4295932093528,95.83299826556171,-92.02804829951292,0.3340740530210685,0.0,125.1842826398737,68.75939036809123,-35.71375668826608,0.07391969975170087
L_V4,C_V5,L_V4 with C_V5,58.0,24,28818,28818,116.18350223890471,142.94227216392633,177.58730631544367,121.33272587646998,59.344564266155444,72.73642412991036,84.64881321784459,97.11355710408513,-94.69333280624357,0.3442394899545843,0.0,126.78633978718536,69.20888259117652,-36.127437507080536,0.0748730705589652
L_V4,C_V5,L_V4 with C_V5,60.0,24,28818,28818,119.03237835918165,144.73139144442706,179.08308230757132,123.20074459478313,60.199193076153485,74.1468928407443,86.82766792130259,98.39035395185937,-97.3419940719036,0.3541717837053182,0.0,128.56170138341952,69.650448479381,-36.46997725239783,0.07548992727319503
L_V4,C_V5,L_V4 with C_V5,62.0,24,28818,28818,121.87769354667984,146.5021611280201,180.54679773781322,125.07311884802711,61.06940954392602,75.56842344579704,88.97205922845875,99.66292408056982,-99.97297387318797,0.36386222783866007,0.0,130.61056320737995,70.07744871769475,-36.739727582596736,0.07577132680833965
L_V4,C_V5,L_V4 with C_V5,64.0,24,28818,28818,124.71580582391779,148.25988450536792,181.98473534118253,126.95003027612435,61.950531086511845,76.99967682894157,91.08077929549727,100.93245243898241,-102.58851971274557,0.3733219780078981,0.0,132.5484533433226,70.49101081388346,-36.93469189613274,0.07571263708927245
L_V4,C_V5,L_V4 with C_V5,66.0,24,28818,28818,127.51563446096776,150.0053947647113,183.39282041305307,128.83092876530537,62.839193664363975,78.43833307279826,93.0557460261482,102.19998097500778,-105.18814875693232,0.3825376816133771,0.0,134.60880349119896,70.89176511319602,-37.06035036249188,0.07535308136924634
L_V4,C_V5,L_V4 with C_V5,68.0,24,28818,28818,130.03978800629318,151.7393422441426,184.7788445950273,130.71649272821244,63.72986237248618,79.88360839432737,94.46232488701696,103.46695405329456,-107.77641202135932,0.3915301048532588,0.0,136.68287391874824,71.26433361475267,-37.12312060802001,0.07471868578452512
L_V4,C_V5,L_V4 with C_V5,70.0,24,28818,28818,132.57647344094033,153.46053643462366,186.14397419880245,132.60483572479086,64.62086213586926,81.33396033385527,95.82520056229885,104.7321791714926,-110.353428038591,0.4003119017573966,0.0,138.7500478774367,71.62147780264954,-37.12608679753491,0.07382416784479684
L_V4,C_V5,L_V4 with C_V5,72.0,24,28818,28818,134.75211979314957,155.17568812181622,187.49500633268437,134.49617150551367,65.51641427788684,82.78784531643876,97.15487093820741,105.99713589291909,-112.92435984071825,0.4089152632391496,0.0,140.73553251452927,71.97539229820376,-37.061546903880405,0.07265416864708907
L_V4,C_V5,L_V4 with C_V5,74.0,24,28818,28818,136.7800106948812,156.88282919890077,188.83895301345862,136.3906074906008,66.419576410675,84.24548237315334,98.44168187302103,107.26181292225971,-115.48774390189118,0.41733419493423884,0.0,142.73804552246833,72.31733526886978,-36.941772733073506,0.07126948907955644
L_V4,C_V5,L_V4 with C_V5,76.0,24,28818,28818,138.80851813948078,158.75043018705708,190.17747576419262,138.28654045206588,67.32634361049548,85.70456867772215,99.6922083093599,108.526006919846,-118.04568279365763,0.4255832086580733,0.0,144.7439496747836,72.64514911393755,-36.75884696451725,0.06964940051326862
L_V4,C_V5,L_V4 with C_V5,78.0,24,28818,28818,140.84061643647408,161.08635066591492,191.52225193383455,140.18443347296687,68.24024507275993,87.16419606587112,100.91347198747314,109.79106663261385,-120.59964695697913,0.4336617638091367,0.0,146.37134911803187,72.97324146531095,-36.510701723555414,0.06780347894771366
L_V4,C_V5,L_V4 with C_V5,80.0,24,28818,28818,142.87332388402416,163.4259460437824,192.866285556534,142.08178968987664,69.15630887171497,88.6216904054468,102.10998787279846,111.05598115887084,-123.15077451835967,0.4415862346288033,0.0,148.06436042608192,73.30082332702871,-36.19969097308501,0.0657605682395741
L_V4,C_V5,L_V4 with C_V5,82.0,24,28818,28818,144.91294630179664,165.76990885206004,194.2095279846536,143.97734233979457,70.07712585040426,90.07458580841477,103.27890008046143,112.32116496312229,-125.70420460426776,0.449391034990845,0.0,149.83974687094545,73.6253899430512,-35.82765901793745,0.06354150704587114
L_V4,C_V5,L_V4 with C_V5,84.0,24,28818,28818,146.96090823794646,168.12032153742024,195.5592041357466,145.87098264161082,71.00435976901906,91.52332400268291,104.41538433606445,113.58619960333674,-128.25524627212917,0.4570479158136994,0.0,151.49734981213004,73.94463235160407,-35.38935718464994,0.06113879723666027
L_V4,C_V5,L_V4 with C_V5,86.0,24,28818,28818,149.01615068778182,170.47458741446843,196.92294045978915,147.76418087791066,71.93633122348317,92.96868203504638,105.53098356896226,114.85241534763793,-130.80843582471442,0.4645814130039895,0.0,153.2451277218388,74.26487720702472,-34.888823252336344,0.05858302736475818
L_V4,C_V5,L_V4 with C_V5,88.0,24,28818,28818,151.07074021755258,172.83381835231785,198.32914322515379,149.65496539976985,72.87424532852641,94.40967387394839,106.63638031075038,116.11813875455037,-133.36553777023445,0.47202409797862066,0.0,154.742487030904,74.59993855264807,-34.32699414200045,0.0558948598021598
L_V4,C_V5,L_V4 with C_V5,90.0,24,28818,28818,153.13001813573743,175.18844695179266,200.01626441704263,151.54197674465914,73.80946127712357,95.84307010349707,107.72828794826489,117.38431168096935,-135.92597099755204,0.4793628340032581,0.0,156.12833356360565,74.94711951199731,-33.7089263601415,0.05309293573545659
L_V4,C_V5,L_V4 with C_V5,92.0,24,28818,28818,155.19577835139535,177.53948448465914,201.73123598024728,153.4254947544325,75.02259010101629,97.2679947467332,108.80890601083615,118.65209496082181,-138.49145506032306,0.4866028642774106,0.0,157.53220018557963,75.30282818473836,-33.03900331430891,0.05021188340977023
L_V4,C_V5,L_V4 with C_V5,94.0,24,28818,28818,157.26684375310674,179.8844066938013,203.46839101236552,155.30511200144605,76.250712393441,98.68480626454739,108.73446885606006,119.92075227545251,-141.06526089517726,0.4937769229107357,0.0,158.91274386840843,75.65928458149293,-32.318380523287516,0.04727739810946363
L_V4,C_V5,L_V4 with C_V5,96.0,24,28818,28818,159.15950333601143,182.22410577475196,205.22789500527725,157.1815209041145,77.47235736223999,100.09244788163754,108.52719985255317,121.19213006953983,-143.6494323564208,0.5008879034311349,0.0,160.31837700167094,76.02045638732307,-31.549882324083512,0.04431992082070535
L_V4,C_V5,L_V4 with C_V5,98.0,24,28818,28818,160.81326602735493,184.5507020753012,207.01218154547772,159.0540340623929,78.68671483322844,101.49139943597693,108.29848269933245,122.46502191257645,-146.24516253202898,0.5079562139594291,0.0,161.77640436303187,76.38649277556951,-30.726962444995028,0.04134385566453824
L_V4,C_V5,L_V4 with C_V5,100.0,24,28818,28818,162.41230411404524,186.59945898300504,208.82170452454014,160.924659941396,79.89277448290663,102.88385394848189,108.04566166132793,123.74028759446692,-148.85496867249955,0.5149938908480922,0.0,163.12897231076306,76.75235168777809,-29.848602994783285,0.038363313474434446
L_V4,C_V5,L_V4 with C_V5,102.0,24,28818,28818,163.95056038230126,188.49808355162003,210.65194880962363,162.7902374551702,81.09225854902027,104.26821842583574,107.76806410550228,125.01519922398599,-151.4735777331424,0.5219892487760954,0.0,164.05209788623762,77.11612806298282,-28.903291865175632,0.03536877967953411
L_V4,C_V5,L_V4 with C_V5,104.0,24,28818,28818,165.43634207111944,189.57519600909978,212.50345742316443,164.6523288818693,82.28599816320786,105.64498271255461,109.68128497077117,126.29143689849793,-154.10125547896558,0.5289341665134042,0.0,164.914301949549,77.5324531796985,-27.90327529091405,0.032409310955142545
L_V4,C_V5,L_V4 with C_V5,106.0,24,28818,28818,166.86970939971027,190.43706615552384,214.37884097833114,166.51053297350347,83.47352852218032,107.01324188396003,111.59073833356007,127.5692896139398,-156.73971993052865,0.5358441487867416,0.0,165.7826667422969,78.16460400164615,-26.8508542130222,0.029501132099332916
L_V4,C_V5,L_V4 with C_V5,108.0,24,28818,28818,168.24246008579138,191.1745472505585,216.27791935020966,168.3627143884933,84.65437958165586,108.37249301432229,113.48735831190814,128.84644486411736,-159.38696470211812,0.5427267151212338,0.0,166.78907042427474,78.7228324275641,-25.739433180140708,0.026646910490740527
L_V4,C_V5,L_V4 with C_V5,110.0,24,28818,28818,169.55056695363453,191.88291360008492,218.20012630273428,170.20958748402492,85.82656107301472,109.72292109572656,115.37085647276132,130.12372672845987,-162.0438396493002,0.5495762655068721,0.0,167.64875740744424,79.2694491258218,-24.572123140665223,0.02386670615831743
L_V4,C_V5,L_V4 with C_V5,112.0,24,28818,28818,170.79311567409766,192.57040563736012,220.51334351312235,172.05192894952455,86.99311171590185,111.06440650707366,117.24280478810323,131.40229778235897,-164.7074387127217,0.5563636566175723,0.0,168.59074807298038,79.80667258112851,-23.34653395786447,0.02116966361570849
L_V4,C_V5,L_V4 with C_V5,114.0,24,28818,28818,171.97221101422917,193.23861199773197,223.54473602019303,173.88917763335246,88.15476132688315,112.39591330988225,119.10820375997571,132.68234535627204,-167.37896143030272,0.5630976730214761,0.0,169.48161712985615,80.33886043959033,-22.06822485339976,0.018582141277208475
L_V4,C_V5,L_V4 with C_V5,116.0,24,28818,28818,173.09738374981117,193.87759161810447,226.58336295464753,175.72268024139765,89.31349443313562,113.71905396742356,121.9006926017045,133.96431284478226,-170.0599287511478,0.5697870058050365,0.0,170.4631897788836,80.86084119219561,-20.73742582471523,0.016120618952931487
L_V4,C_V5,L_V4 with C_V5,118.0,24,28818,28818,174.50016321805143,195.92312033579924,229.63086591973664,177.55275179754025,90.47071337862889,115.03247102255412,125.09369308370985,135.24980695484993,-172.7493853180696,0.5764111696581191,0.0,171.35945160843892,81.3707868882825,-19.35457476542084,0.013795460046120311
L_V4,C_V5,L_V4 with C_V5,120.0,24,28818,28818,176.28573993602157,198.36886336446776,232.68808276974403,179.37951258015505,91.62555465521112,116.33647339548676,127.81199936447821,136.53876552611425,-175.44821715542938,0.5829763655046428,0.0,172.6449271211363,81.86711898588325,-17.922932223741782,0.011621776340118739
L_V4,C_Vicon_cm,L_V4 with C_Vicon_cm,0.0,24,28818,28818,84.08717087259672,105.32035772614978,150.11710494631365,94.67245439382397,47.870751620212864,51.635399505181034,68.11064479829315,79.35149109431421,7.827809459353416,0.007475098552835346,0.0,93.8273800495077,70.7745648984454,-25.09451734883738,0.030744981697678253
L_V4,C_Vicon_cm,L_V4 with C_Vicon_cm,2.0,24,28818,28818,84.52825774821241,104.85321630899631,150.16629130798714,94.75805397237653,48.07487518386691,51.967034039242584,69.78206461747618,79.23708832230037,4.726030071881636,0.002663166013922247,0.0,94.36467032695025,71.02769421289466,-25.776501882390562,0.03348343065205306
L_V4,C_Vicon_cm,L_V4 with C_Vicon_cm,4.0,24,28818,28818,85.17825082012693,104.43834577372505,150.2264999908952,94.92601462317873,48.316645658204976,52.31575962965366,72.11595793472952,79.20864565571262,1.6376218871864885,0.0003115620496699778,0.0,94.961329715354,71.32327222671614,-26.407585601837386,0.03617403489545612
L_V4,C_Vicon_cm,L_V4 with C_Vicon_cm,6.0,24,28818,28818,86.52494788708117,104.71310108845013,150.30537706946802,95.17822577908984,48.60088071675573,52.68293260925826,73.74010649751995,79.26792083903649,-1.4409002254269228,0.0002343714056556312,0.0,95.54173503184609,71.65403321068925,-26.99614942034858,0.03879100857714202
L_V4,C_Vicon_cm,L_V4 with C_Vicon_cm,8.0,24,28818,28818,87.40746550808882,106.51350649822336,150.39782935648964,95.51117328802522,48.9207421980078,53.06677773933749,75.27482792095168,79.41222401632469,-4.5080583798790705,0.0022240004178550876,0.0,96.13831804812574,72.01236327895555,-27.55112608664061,0.041321933650244946
L_V4,C_Vicon_cm,L_V4 with C_Vicon_cm,10.0,24,28818,28818,87.6338136156844,108.2810567447847,150.51124997609435,95.92454507095928,49.21533176691135,53.467988890637145,76.70416061745607,79.64102279015007,-7.56763593506185,0.006063436372884423,0.0,96.75215226153867,72.39566797765451,-28.07888050861539,0.04374337626915581
L_V4,C_Vicon_cm,L_V4 with C_Vicon_cm,12.0,24,28818,28818,87.65185181233844,110.01910694852737,149.33421174807543,96.41181958666587,48.97278999898293,53.88567311485708,76.24174612890761,79.94731508293806,-10.623863778139471,0.011544603039055246,0.0,97.34235922344678,72.3684425063496,-28.570513020631523,0.046005744643080604
L_V4,C_Vicon_cm,L_V4 with C_Vicon_cm,14.0,24,28818,28818,88.21873679848426,111.73523845536695,149.4397145241098,96.97576074616326,48.737353656631136,54.321639316330206,75.44473302690515,80.33341567668853,-13.672037870197865,0.018444412960517353,0.0,98.00916199232493,72.15865009992669,-29.03345592741408,0.04810678168635962
L_V4,C_Vicon_cm,L_V4 with C_Vicon_cm,16.0,24,28818,28818,88.98979831933053,113.44620223478582,149.57917662053737,97.61321048048963,48.86633429257145,54.77705238514519,73.458646639092,80.79488469144214,-16.70838038133994,0.026542242763788026,0.0,98.71734235399647,71.96889583389256,-29.47410793651129,0.05006023117506231
L_V4,C_Vicon_cm,L_V4 with C_Vicon_cm,18.0,24,28818,28818,89.75735389820892,115.56788689619529,150.36598670063702,98.32015853207548,49.13119585781489,55.25068228485493,72.01676033481058,81.32782845269185,-19.733942605284618,0.03564283336266538,0.0,99.38377154906948,71.48886471840257,-29.890626271848987,0.051860441327224005
L_V4,C_Vicon_cm,L_V4 with C_Vicon_cm,20.0,24,28818,28818,90.5237819987055,117.17926337660741,150.99536304393024,99.09518024657552,49.36654618191017,55.74067647281972,71.21666220829582,81.93187251890278,-22.748148731148962,0.0455559759645946,0.0,99.87629108599722,71.03909031010788,-30.27330285435402,0.05346580716216087
L_V4,C_Vicon_cm,L_V4 with C_Vicon_cm,22.0,24,28818,28818,91.29501899272336,118.87224508428898,152.69501597647127,99.9364684257088,49.59013015569337,56.250398092755326,71.51060830533072,82.60260550254598,-25.745923042108263,0.05608982192237766,0.0,100.61487826057909,70.63614419535213,-30.61064659203758,0.05484561178063385
L_V4,C_Vicon_cm,L_V4 with C_Vicon_cm,24.0,24,28818,28818,92.07537302901022,120.04405001692284,153.43767505406805,100.84058673336423,50.007497279039015,56.78026776540972,71.85326055820826,83.33561738667044,-28.724563019711038,0.06707767844430945,0.0,101.27139613205227,70.73987647733682,-30.895354209937352,0.0559900959978159
L_V4,C_Vicon_cm,L_V4 with C_Vicon_cm,26.0,24,28818,28818,93.10460045924059,120.85871545636905,154.1305088845625,101.80507881602156,50.08313868883961,57.3310880681397,73.08807343857467,84.12740584173251,-31.682811460902883,0.07837119077121868,0.0,102.07767695899814,70.86020914960038,-31.12189330134565,0.05688735732200989
L_V4,C_Vicon_cm,L_V4 with C_Vicon_cm,28.0,24,28818,28818,94.35840929873173,122.16764999066136,154.8340808011699,102.82899838599617,49.91178663293391,57.9040576810392,75.01391233865061,84.97601434015417,-34.61272417919498,0.08979498092041394,0.0,103.2885045814734,70.82100402477543,-31.290151079540493,0.05755230275675827
L_V4,C_Vicon_cm,L_V4 with C_Vicon_cm,30.0,24,28818,28818,95.64960675172557,122.67234198295625,155.54287704218595,103.90708913050506,49.73553079767977,58.49535915897067,76.94127269101881,85.87768120086703,-37.526079634079,0.10131929382594562,0.0,104.90750173454407,70.5142215339743,-31.41350617546082,0.058017025484257245
L_V4,C_Vicon_cm,L_V4 with C_Vicon_cm,32.0,24,28818,28818,96.98560254904702,121.1419849385342,156.25957395574216,105.03593311226021,49.54714321862343,59.10482504610719,78.75353698889819,86.82837612803928,-40.42398389415823,0.1128651782331822,0.0,106.6540002255014,70.30123561083369,-31.50095723762141,0.05831110568467934
L_V4,C_Vicon_cm,L_V4 with C_Vicon_cm,34.0,24,28818,28818,98.0794048888414,119.70309175987505,156.99148785446621,106.2143136202458,49.3613283666994,59.734927979351795,81.73207771051298,87.82493266220924,-43.30640621310121,0.12437022662691621,0.0,108.34011229603695,70.15212505080908,-31.563183416889782,0.058464262331901384
L_V4,C_Vicon_cm,L_V4 with C_Vicon_cm,36.0,24,28818,28818,99.05307853154324,119.82913190248556,157.75010164187916,107.43412081503665,49.18930996494891,60.38497179086953,84.47806100433723,88.85800750138269,-46.18053416653944,0.13585327265913827,0.0,110.04850558483804,70.05461595514373,-31.60434644397047,0.05849104480129186
L_V4,C_Vicon_cm,L_V4 with C_Vicon_cm,38.0,24,28818,28818,100.11049173710762,120.0675060989484,158.52811644438813,108.68768055833297,49.52449902485252,61.05581258427684,87.23516653399557,89.91773826572759,-49.05531116689549,0.14737769906286968,0.0,111.73186264046629,70.0042740855076,-31.63458915627111,0.05841819855778674
L_V4,C_Vicon_cm,L_V4 with C_Vicon_cm,40.0,24,28818,28818,101.257008657948,120.91151855834775,159.33623744304708,109.96933788564499,50.60489343592635,61.74593563433782,90.00466328371292,90.99832255403045,-51.94416196581094,0.1590474293624904,0.0,113.42603961744581,69.99427504627477,-31.682551311321298,0.05833377765082637
L_V4,C_Vicon_cm,L_V4 with C_Vicon_cm,42.0,24,28818,28818,102.86821903642875,122.46950710221205,160.15338595269571,111.27571847598068,51.73948144022896,62.458594734716485,90.100434718136,92.09348221296746,-54.84269152428158,0.170844767655554,0.0,115.17095316709496,70.02587980807505,-31.73495199818268,0.058201415503359444
L_V4,C_Vicon_cm,L_V4 with C_Vicon_cm,44.0,24,28818,28818,105.22093008038978,124.02528475886672,160.99123545688695,112.60382127696397,52.38897435463328,63.19319119813505,90.19706314387307,93.2000061822444,-57.74803981734899,0.18274568020074822,0.0,116.87913383723873,70.09559503577825,-31.793301498572756,0.05803503282727873
L_V4,C_Vicon_cm,L_V4 with C_Vicon_cm,46.0,24,28818,28818,106.16485641553443,125.58164450206289,161.85655577221127,113.95580249232239,52.538915918767294,63.950052770749984,90.49256873566628,94.32028240144047,-60.65361436872232,0.19467485816384333,0.0,118.688787303956,70.20315037522525,-31.876152993154232,0.057914627059206025
L_V4,C_Vicon_cm,L_V4 with C_Vicon_cm,48.0,24,28818,28818,107.82616981916331,127.12746553631335,162.74433609111128,115.32905180708039,52.69465254753343,64.72939231976302,92.2831601795366,95.45101340810602,-63.556424951988056,0.2066040980547975,0.0,120.52767631202585,70.34734777012056,-31.97764748296862,0.0578207011395282
L_V4,C_Vicon_cm,L_V4 with C_Vicon_cm,50.0,24,28818,28818,110.08418791336226,128.65852772111435,163.651688810466,116.72255217066792,52.861882236451564,65.53194233960626,94.0259649033951,96.59046908692811,-66.45420483598241,0.21850361266032414,0.0,122.24054187137135,70.5246493767704,-32.087174599600516,0.05772691752293013
L_V4,C_Vicon_cm,L_V4 with C_Vicon_cm,52.0,24,28818,28818,112.3237225016241,130.17991839669287,164.59277771436712,118.13351563566007,53.157846815187405,66.3576481724841,95.37671352393295,97.7353060334778,-69.34298009386647,0.23035516544064516,0.0,123.28098712431003,70.72929275121658,-32.203682060911554,0.0576372666797329
L_V4,C_Vicon_cm,L_V4 with C_Vicon_cm,54.0,24,28818,28818,114.54044166098456,131.684369898722,165.54774941661427,119.56009523608846,53.93888973939666,67.20633486694899,96.54680001739598,98.88339054974833,-72.22007659769162,0.24212700535893872,0.0,124.34527329639906,70.952737274228,-32.31609658699842,0.05752637011734596
L_V4,C_Vicon_cm,L_V4 with C_Vicon_cm,56.0,24,28818,28818,116.59439267703526,133.17364713287225,166.50848675434932,121.00187564988278,54.60710574786491,68.07820993845412,97.77553468007443,100.03405041467362,-75.07996487096555,0.2537643950500025,0.0,125.4482329819307,71.1936644170965,-32.43238749020488,0.05742195356450197
L_V4,C_Vicon_cm,L_V4 with C_Vicon_cm,58.0,24,28818,28818,118.52882538954015,135.15067043871315,167.48061806614692,122.45638476872726,55.25050465643416,68.97215815187306,99.03890337123926,101.18501653159714,-77.92188408109472,0.2652605488070632,0.0,126.58295954328963,71.45599938708855,-32.534089630120405,0.057256684460027074
L_V4,C_Vicon_cm,L_V4 with C_Vicon_cm,60.0,24,28818,28818,120.00799796510722,137.23323098569472,168.46118924963832,123.92183204600161,55.86073031264683,69.88889154467017,100.31547172464462,102.33358830948302,-80.74420940484295,0.2766075320712299,0.0,127.66156726848806,71.72341084009278,-32.62400352253005,0.05704436477262931
L_V4,C_Vicon_cm,L_V4 with C_Vicon_cm,62.0,24,28818,28818,121.59598953557807,139.32940651209336,169.45029023478833,125.3988777135426,56.44174595758286,70.8291759356036,101.2468315182308,103.47998051845258,-83.54690726800315,0.2877901978737978,0.0,128.59305624402674,71.99357798720156,-32.70739559556529,0.05680584960173496
L_V4,C_Vicon_cm,L_V4 with C_Vicon_cm,64.0,24,28818,28818,123.24680515359915,141.41963496694828,170.45199759935485,126.88567563222806,57.12493394991733,71.78965006016021,102.13205308078437,104.62418852677774,-86.33223861848154,0.2988053398819709,0.0,129.66571239020175,72.2751691816876,-32.7765020155631,0.056499961211191496
L_V4,C_Vicon_cm,L_V4 with C_Vicon_cm,66.0,24,28818,28818,124.9677467028571,143.2514443463587,171.46586386115695,128.38149294526173,57.87954909842246,72.76965223911577,102.97806616268622,105.7657101515063,-89.09600864906955,0.3096215454659067,0.0,130.65516159628544,72.55613513242312,-32.84694246864114,0.056176096353138916
L_V4,C_Vicon_cm,L_V4 with C_Vicon_cm,68.0,24,28818,28818,126.78970519981368,144.3537139421819,172.4833048995305,129.8884176929265,58.64299617202872,73.76932137374128,103.78552817023274,106.90691406466573,-91.840497100861,0.32023929776457727,0.0,131.73643543823584,72.8400667016646,-32.91205178638074,0.0558150067853288
L_V4,C_Vicon_cm,L_V4 with C_Vicon_cm,70.0,24,28818,28818,129.1592010518035,145.64464519250515,173.50722163283734,131.40386292269764,59.41925424721576,74.78892149928566,104.5439315043709,108.04440018798195,-94.56398921523318,0.3306535140483149,0.0,132.79550841198179,73.12600928196328,-32.960798726191,0.05538542764442733
L_V4,C_Vicon_cm,L_V4 with C_Vicon_cm,72.0,24,28818,28818,131.54320691099855,147.1616249827433,174.5294023801545,132.92520307725803,60.86257307802964,75.82588177049192,105.17925308390147,109.17666997512644,-97.26709722765476,0.3408739237203995,0.0,133.90457463986064,73.4078610151891,-32.987620460046564,0.05487678423101494
L_V4,C_Vicon_cm,L_V4 with C_Vicon_cm,74.0,24,28818,28818,133.93410334644614,148.69036598236275,175.5407975658402,134.45210343779263,62.34735295238092,76.88265410638874,105.19418877325768,110.30152136940032,-99.94741799948504,0.35089251174207237,0.0,135.0548532686879,73.6783071859369,-32.978542534337244,0.054258823549772184
L_V4,C_Vicon_cm,L_V4 with C_Vicon_cm,76.0,24,28818,28818,136.33628814362092,150.17324065902494,176.53772028538864,135.98630742417507,63.85950511724411,77.956673775645,105.18103416031784,111.42276616876784,-102.61097401118916,0.36073171570443774,0.0,136.24316306393257,73.93166064782852,-32.939742840585176,0.05354312079911383
L_V4,C_Vicon_cm,L_V4 with C_Vicon_cm,78.0,24,28818,28818,138.72702289750725,151.53322369475887,177.5216185599155,137.52794329745973,65.39176934183881,79.04697597915577,105.14379492761384,112.54115147882604,-105.2601044239245,0.37039482680248337,0.0,137.68558168451523,74.16660769505049,-32.8569664143993,0.05269235786012183
L_V4,C_Vicon_cm,L_V4 with C_Vicon_cm,80.0,24,28818,28818,141.10769153226826,152.88011701606698,178.49183671718504,139.07680132255774,66.9370774039082,80.1552044435261,105.08055510719521,113.65517967400666,-107.89359141430579,0.37988059320817225,0.0,139.32978244357142,74.39738870096338,-32.725008103597915,0.05170474141766479
L_V4,C_Vicon_cm,L_V4 with C_Vicon_cm,82.0,24,28818,28818,143.47140973711964,154.53529961569524,179.44937740804295,140.63331305436796,68.49398085975399,81.27895783880804,104.99427784456748,114.76698023946228,-110.5160128143983,0.3892124548725363,0.0,140.94729335369112,74.62058297173732,-32.54112460680252,0.05057409388691081
L_V4,C_Vicon_cm,L_V4 with C_Vicon_cm,84.0,24,28818,28818,145.81180157101005,156.84969994569536,180.39024790926635,142.19785807127192,70.06258753047878,82.41961611707367,104.8833060773253,115.87595833119053,-113.1271348704981,0.3983952552043125,0.0,142.6444316176126,74.82959272911394,-32.304513502681964,0.04930537520249123
L_V4,C_Vicon_cm,L_V4 with C_Vicon_cm,86.0,24,28818,28818,148.03341099493116,159.51338515477102,181.300198501482,143.76766395028883,70.79532658887157,83.57441395920617,104.75130153878729,116.980590394725,-115.72646145861663,0.4074325120130451,0.0,144.3429017628573,75.03181971603442,-32.00293725928925,0.04787248197835792
L_V4,C_Vicon_cm,L_V4 with C_Vicon_cm,88.0,24,28818,28818,149.46191939820778,162.18516032482077,182.18527422589713,145.34419633468457,71.46994643609096,84.74225028280804,104.61045381552321,118.08338759191005,-118.3125070002915,0.41630441686697606,0.0,145.70707384799107,75.22992501753836,-31.645157171114963,0.04630864887151853
L_V4,C_Vicon_cm,L_V4 with C_Vicon_cm,90.0,24,28818,28818,150.87972539463928,164.86740496576854,183.0526250807867,146.92603779117437,72.12761621049478,85.9226192017168,104.44724518210194,119.18290183801686,-120.88987717478194,0.4250532702980302,0.0,146.68453357553307,75.41261708151313,-31.22150215611379,0.044597411159037925
L_V4,C_Vicon_cm,L_V4 with C_Vicon_cm,92.0,24,28818,28818,152.2913230386738,167.55819371765912,183.90962344114598,148.513477837254,72.7491307548811,87.11415982958987,104.26778306952758,120.28040678556587,-123.4578483401669,0.43366061977086967,0.0,147.66474442857827,75.57346451513729,-30.73875506447509,0.04276193506014936
L_V4,C_Vicon_cm,L_V4 with C_Vicon_cm,94.0,24,28818,28818,153.68817186404266,170.2566261313817,184.80650563095995,150.106529510335,73.34893646292407,88.31826086821955,104.06269446079693,121.37485323925296,-126.01599718879109,0.442137719099738,0.0,148.70816700281006,75.7171372023613,-30.196932301796128,0.04081963984858317
L_V4,C_Vicon_cm,L_V4 with C_Vicon_cm,96.0,24,28818,28818,155.07004869861396,172.95888710601048,185.80379047717963,151.70681408080247,73.97173060431561,89.5331669031741,103.84915978588674,122.46946338918747,-128.5723580370095,0.45052219208024624,0.0,149.66034479267512,75.8392212871469,-29.596636598406352,0.03877972279158781
L_V4,C_Vicon_cm,L_V4 with C_Vicon_cm,98.0,24,28818,28818,156.3846235112482,175.6666442965274,188.29189165600818,153.31352114554937,75.11425811675429,90.75652318485218,104.1005221552675,123.56491923456349,-131.12774319664533,0.45881313878723784,0.0,150.7561656706731,76.08415923199061,-28.943351477549403,0.036669613113953226
L_V4,C_Vicon_cm,L_V4 with C_Vicon_cm,100.0,24,28818,28818,157.26905205206344,178.3754834614585,191.01408695519717,154.92570755084148,76.2510482427608,91.9877327933564,104.73400051451233,124.66046637032495,-133.6817360042866,0.4670137378313546,0.0,151.76990835620143,76.40673056764908,-28.238700284529816,0.03450640978647246
L_V4,C_Vicon_cm,L_V4 with C_Vicon_cm,102.0,24,28818,28818,158.16471895278244,181.08835062496507,193.80812184226934,156.54367033852526,77.31743642081551,93.22526455803215,106.27365667525822,125.75758733031496,-136.23825008227126,0.4751393635851082,0.0,152.97434376444517,76.70150724296393,-27.477957857749296,0.03229123448848814
L_V4,C_Vicon_cm,L_V4 with C_Vicon_cm,104.0,24,28818,28818,159.06549673669122,183.79894994933707,196.60671962465517,158.163657614208,78.35968116977426,94.46671700126493,107.84290792132563,126.8533876918837,-138.7967730576217,0.483205328478597,0.0,154.94703811967838,76.96902448013554,-26.666666424246564,0.030051437593540897
L_V4,C_Vicon_cm,L_V4 with C_Vicon_cm,106.0,24,28818,28818,159.97243630956888,186.4826224424013,199.4111314134086,159.78836771256582,79.39655219919013,95.71088349677791,109.44838793101576,127.95213650624343,-141.36106977408198,0.49121295535915777,0.0,156.93889972387262,77.20991890813463,-25.810899312619075,0.027809916411216218
L_V4,C_Vicon_cm,L_V4 with C_Vicon_cm,108.0,24,28818,28818,160.87910550782053,188.7801299263282,202.22196921740965,161.4170038205478,80.42947130918509,96.95657837972173,111.09244147611795,129.05375248825436,-143.93204840325657,0.4991577310160553,0.0,158.84992055571504,77.43710483201622,-24.905405913324476,0.025572383603137405
L_V4,C_Vicon_cm,L_V4 with C_Vicon_cm,110.0,24,28818,28818,161.78029526675414,190.04324849320585,205.03862801431362,163.04804559680025,81.46164378122778,98.20144197917219,113.15540268976117,130.15814214311578,-146.5106048782639,0.5070408352292579,0.0,160.76826907825716,77.66404079268875,-23.951978537066662,0.0233542205738152
L_V4,C_Vicon_cm,L_V4 with C_Vicon_cm,112.0,24,28818,28818,162.75915215224845,191.0740706531118,207.85960437702317,164.68006944381875,82.27162820175344,99.44613138724583,115.66688378866628,131.26306496547915,-149.0969280170588,0.5148898790762126,0.0,162.6358177142056,77.89681639692144,-22.93868218382367,0.0211425566767538
L_V4,C_Vicon_cm,L_V4 with C_Vicon_cm,114.0,24,28818,28818,164.04874129325577,191.99605163301771,210.6852045817002,166.31277244672347,82.64945798048396,100.68730009709405,118.19146450478944,132.37071382323717,-151.6924002799538,0.5226921882597857,0.0,164.48801749018642,78.14441806793529,-21.879296419631373,0.018978480335898218
L_V4,C_Vicon_cm,L_V4 with C_Vicon_cm,116.0,24,28818,28818,165.3288356916643,192.77936953518412,213.51665842965565,167.94782257551734,83.03145750125408,101.9243671188145,119.55065126510912,133.48368625149132,-154.3006072174603,0.5304581876256051,0.0,166.37953106664284,78.388980718337,-20.78161525417664,0.0168875156490077
L_V4,C_Vicon_cm,L_V4 with C_Vicon_cm,118.0,24,28818,28818,166.5878274212052,193.53911075472277,216.351819376573,169.58436153300627,83.42500665598044,103.1572826593487,120.86458789663313,134.60100560878666,-156.9228071913101,0.5382094602457375,0.0,168.41162516444854,78.62991580043077,-19.63733946205451,0.014866496035660592
L_V4,C_Vicon_cm,L_V4 with C_Vicon_cm,120.0,24,28818,28818,167.83089417483615,194.28282197024984,219.1895867100579,171.22273444113537,83.83147275557633,104.3859992937389,122.17268004754298,135.7232033992239,-159.5574564256565,0.5459244012145353,0.0,170.36964222687362,78.87668238720579,-18.449254621339588,0.012933091786554662
L_V5,C_V5,L_V5 with C_V5,0.0,24,28818,28818,109.51537928451557,176.23104113628585,223.85943877996434,140.5199951638537,45.22951266720612,49.71095998324754,89.4207269270108,131.43321307186184,196.4196482751764,0.7692969170331878,0.0,87.92488329406686,72.56612512603928,161.05502034165323,0.4221161221322327
L_V5,C_V5,L_V5 with C_V5,2.0,24,28818,28818,107.2921941832994,172.75123101679526,217.37993947774544,137.5235903605472,43.886968473440604,49.02493360139648,86.82066809185164,128.488496726494,191.148267009312,0.7634262528718796,0.0,87.878328378568,72.30756122488779,156.67081457696378,0.4132680229024619
L_V5,C_V5,L_V5 with C_V5,4.0,24,28818,28818,105.07034963035235,169.2757137906284,210.9631397812508,134.5611401716675,42.55099231419615,48.35473080614966,85.19071782888795,125.57276955201694,185.90304466753037,0.7571842974969378,0.0,87.75190866976665,72.04072266997218,152.35641095060967,0.4042070836249896
L_V5,C_V5,L_V5 with C_V5,6.0,24,28818,28818,102.847242858155,165.80310979990622,204.64373223079758,131.63719344430524,41.2252630794931,47.70080067692963,84.55743811638922,122.69060401136377,180.6903100334916,0.7505455391282195,0.0,87.14121004688872,71.76747496120593,148.11808183217738,0.39498467381336766
L_V5,C_V5,L_V5 with C_V5,8.0,24,28818,28818,100.62065712038827,162.33282650833337,198.45889166933014,128.75944937084307,39.90157874188769,47.06384618691902,83.90291913516592,119.84986518297268,175.5200304276745,0.7434659665799102,0.0,86.60622512683292,71.35534121770013,143.95405135549655,0.3856274333007097
L_V5,C_V5,L_V5 with C_V5,10.0,24,28818,28818,98.38249073205753,158.86259761559873,194.95221521802313,125.92592961251347,38.58552940482684,46.44431094381471,83.22823820191354,117.04813424284023,170.38565098937931,0.7359005213710472,0.0,86.00595054695883,70.83900034882645,139.8598737212631,0.3761678767717924
L_V5,C_V5,L_V5 with C_V5,12.0,24,28818,28818,96.13715260616226,155.400348197827,191.64485636823844,123.13509704622689,37.27348287788048,45.84269424223175,82.5275525565404,114.28341747251422,165.28381027613625,0.7278187380907359,0.0,85.00787170675319,70.25255132418529,135.83772747551362,0.36669633321370976
L_V5,C_V5,L_V5 with C_V5,14.0,24,28818,28818,93.87836757641881,151.95229454953693,188.69395596154854,120.39121438116072,35.9712049351177,45.261902056677684,81.79890516727914,111.5589741902565,160.21898227271967,0.7191886151282372,0.0,83.81408340953087,69.60945602315942,131.8901758190858,0.3572711292396319
L_V5,C_V5,L_V5 with C_V5,16.0,24,28818,28818,91.0990404910358,148.51525085707414,185.7281678850353,117.69856840950806,35.303118012031874,44.702607405991465,81.0478942133841,108.87896902870382,155.19159389852857,0.7099329811435074,0.0,82.60957976273443,68.96694084061318,128.00334898423108,0.347882588298118
L_V5,C_V5,L_V5 with C_V5,18.0,24,28818,28818,88.79260972362044,145.09071704651402,182.74334120029675,115.05929300266274,34.96649640541824,44.16584645632531,80.2774137518735,106.24508888917593,150.20262433297364,0.7000040744678284,0.0,82.33200297720364,68.3980757858867,124.17346867380718,0.3385295036868947
L_V5,C_V5,L_V5 with C_V5,20.0,24,28818,28818,86.1237916811437,141.6815739715795,179.7306810096912,112.47616761431706,34.61780862430445,43.65431127240877,79.48448450155911,103.65900534220648,145.25433456351263,0.6893638439072791,0.0,82.12970535264266,68.0395753176893,120.39023534467165,0.32921185953237464
L_V5,C_V5,L_V5 with C_V5,22.0,24,28818,28818,83.45559279012545,138.2899746161621,176.7125439580731,109.95692324208251,34.84118778133669,43.16980698429631,78.67164251817883,101.12810061404213,140.35342558801617,0.6779339523917611,0.0,81.84910896985174,67.5139445877717,116.6513872105938,0.31989488842111813
L_V5,C_V5,L_V5 with C_V5,24.0,24,28818,28818,80.13065185991243,134.91037807049247,173.65156877976975,107.49756103674474,35.215103007690715,42.71229517816511,76.2901523429025,98.64778491918588,135.4938136335418,0.6656863778710662,0.0,81.68568587550783,66.68753304156462,112.9371507401578,0.3106395232063075
L_V5,C_V5,L_V5 with C_V5,26.0,24,28818,28818,76.51539478286759,131.551584781149,170.74275823294636,105.10236625906461,35.60906041768807,42.2856340086191,73.27430125019555,96.2207490603959,130.67574305178414,0.6525514205853895,0.0,81.53233885173799,65.92660522888968,109.2361662358221,0.30152419408620956
L_V5,C_V5,L_V5 with C_V5,28.0,24,28818,28818,74.37133007108665,128.22046949169857,168.32800492557573,102.77554255021926,35.85378315760224,41.89409710177686,69.64660238595742,93.84933017618624,125.90286098793545,0.638501335820632,0.0,81.45982675605862,65.24084449079467,105.53542592479855,0.2926045643077849
L_V5,C_V5,L_V5 with C_V5,30.0,24,28818,28818,72.60796470109511,124.91354288711446,167.03693942932546,100.51914834964876,35.57661897119543,41.54057359626213,66.07809274104612,91.53403700390487,121.17041475862393,0.6234506385444579,0.0,81.69768182387622,63.98340896691372,101.81586022780864,0.28384354569147907
L_V5,C_V5,L_V5 with C_V5,32.0,24,28818,28818,71.05095496350063,121.63927386286655,165.76459415237417,98.33445438027894,35.31153802674207,41.22548909237999,62.57063627522575,89.2755507816178,116.47925359988669,0.6073701042852525,0.0,81.79754838876326,63.468389945094785,98.07424386846616,0.2751017183759906
L_V5,C_V5,L_V5 with C_V5,34.0,24,28818,28818,70.84043297288267,118.39876763235185,164.66411760116284,96.22578838884795,35.80384812880207,40.948565399482135,60.293590784932576,87.07822542277535,111.82760248619284,0.5901569877687638,0.0,81.84865198786932,63.25423564514062,94.28983481707199,0.26603264687343375
L_V5,C_V5,L_V5 with C_V5,36.0,24,28818,28818,72.10200706546027,115.09661188605587,163.6203653270438,94.19949720324998,35.728513810851624,40.71300895734596,59.68535742002189,84.94701981225809,107.21715767598995,0.5717524578604682,0.0,81.8933431880365,63.07619617190734,90.46076144651616,0.2564009859126366
L_V5,C_V5,L_V5 with C_V5,38.0,24,28818,28818,73.56654766976482,111.38994094289275,162.59687649407294,92.25623635677259,35.663201053522656,40.51701221475975,59.06629815080805,82.88295885105512,102.64869202856696,0.5521270486803715,0.0,82.04622075851952,62.92339744673916,86.59521455746314,0.2461202590734164
L_V5,C_V5,L_V5 with C_V5,40.0,24,28818,28818,74.03893722657315,107.45762186325636,161.59445827453075,90.40085291619755,35.83231948664154,40.36203413813563,58.446806154534215,80.89017497946186,98.12399470108122,0.5312540381502964,0.0,82.17157288101474,62.446952284002435,82.68801306655786,0.23505748176719898
L_V5,C_V5,L_V5 with C_V5,42.0,24,28818,28818,74.44216585155854,103.37641417235943,160.6166845996859,88.6369547573812,34.84384447912645,40.24720697079361,57.83581051342753,78.97260334895985,93.64345895744431,0.5091198463207658,0.0,82.19244919852245,62.33966155450158,78.73606765897394,0.223141022327895
L_V5,C_V5,L_V5 with C_V5,44.0,24,28818,28818,73.58578273828434,99.32510125806485,159.65010647029266,86.96737600380577,33.87125125147185,40.1717019661693,57.60382407146301,77.13338349980896,89.20487175518994,0.4857022322090605,0.0,82.30382171105134,62.401067303021215,74.75012174125436,0.2104015061873109
L_V5,C_V5,L_V5 with C_V5,46.0,24,28818,28818,71.43272660387274,95.3059014069064,158.69555709440448,85.39397009182952,34.01785937039092,40.135773716736686,58.28747895226536,75.3740658065039,84.80777648836178,0.4610443260160786,0.0,82.78107613052808,62.49132338542399,70.73532935090455,0.1968693745894572
L_V5,C_V5,L_V5 with C_V5,48.0,24,28818,28818,69.31459150053402,91.32058671930136,156.5734009111889,83.92008291712185,34.34795221162454,40.13822802967289,58.990314754683936,73.69873111156383,80.44920598257094,0.43516150774850226,0.0,83.34791560567479,62.60617348275141,66.69052642910269,0.18255326889882872
L_V5,C_V5,L_V5 with C_V5,50.0,24,28818,28818,68.04692158649715,88.63402018352815,152.95476644283644,82.54616474190911,33.166108321833406,40.17750494304896,58.98303676667018,72.10851135718775,76.12653262657957,0.40813386596882706,0.0,83.97200411543727,62.751466336254325,62.64429890773518,0.16766267442148253
L_V5,C_V5,L_V5 with C_V5,52.0,24,28818,28818,69.10773451116125,86.8109216012247,149.40471743460512,81.2755131777916,31.824042176739574,40.253716768463384,58.00055884078584,70.606992066209,71.84333131466352,0.380116577311983,0.0,84.65839913786365,62.91769212722291,58.612472421664805,0.15237390598168177
L_V5,C_V5,L_V5 with C_V5,54.0,24,28818,28818,67.98280804803129,87.71944082617175,145.92450826661027,80.1091708960955,30.470995442089652,40.36444008482168,58.03841563060929,69.19675742618779,67.59884949851492,0.3512586837098659,0.0,85.2606853949915,63.10197901325226,54.59688980969076,0.13682222428423163
L_V5,C_V5,L_V5 with C_V5,56.0,24,28818,28818,66.40493157757993,88.3653400944964,142.52004883938912,79.04885524279649,29.117306690207705,40.50910076287409,56.981353635171175,67.88029368365981,63.39259637192361,0.3217450247693855,0.0,85.92765914231316,63.27339640785161,50.59418260675025,0.121153256866943
L_V5,C_V5,L_V5 with C_V5,58.0,24,28818,28818,64.6343882645026,87.17934302943759,139.20242063833768,78.09515654835573,27.76075476319394,40.68405553632422,54.85969966726863,66.660791335158,59.22791301525416,0.2918310612052156,0.0,86.66752161433257,63.430774003060606,46.62064199815996,0.10564336451340739
L_V5,C_V5,L_V5 with C_V5,60.0,24,28818,28818,63.51051673425066,85.86400768848986,135.96995229262754,77.25203213147361,26.75219435753036,40.88984562988555,52.47828244220017,65.54309263992934,55.10275210752694,0.2617622231179849,0.0,87.33760234904997,63.61042751060677,42.67798061558108,0.09052918935258747
L_V5,C_V5,L_V5 with C_V5,62.0,24,28818,28818,62.64242848224242,86.46670957562465,132.81180231407805,76.51841444837163,25.968725844450805,41.125028213023654,49.37426389828396,64.52751199427092,51.01933856034361,0.231883659926705,0.0,88.01997706025297,63.523513126741435,38.775592455697925,0.07608131835355791
L_V5,C_V5,L_V5 with C_V5,64.0,24,28818,28818,60.09946574030981,88.98614414484219,129.72611258634075,75.89558781256562,25.701593044446614,41.38750483647947,48.95710583514949,63.61772310312,46.97659657549998,0.20251535694474732,0.0,88.70908950086705,63.40866445294195,34.909465498813695,0.06250045776010682
L_V5,C_V5,L_V5 with C_V5,66.0,24,28818,28818,58.229179852212404,90.61166250336284,126.71934932211678,75.38443652273126,25.93407307334862,41.67549983776908,48.581911688597074,62.81692433669296,42.97239806065521,0.1739876740574674,0.0,89.39683866049157,63.32196224392661,31.071665141263814,0.04995217792557993
L_V5,C_V5,L_V5 with C_V5,68.0,24,28818,28818,58.7187334362195,89.18377758942353,123.79903091639032,74.98492796548436,26.720679024656583,41.98873874809115,46.069028324345396,62.126365098349574,39.00330007359512,0.14664196198235768,0.0,90.14843884706147,63.264753571004306,27.27450999066262,0.038654906480329765
L_V5,C_V5,L_V5 with C_V5,70.0,24,28818,28818,59.43855384696427,86.6223604849223,121.80104986011794,74.69461711461875,27.54597435280793,42.329207022476325,44.78539369444904,61.5428635891103,35.06874543104926,0.1208629551383803,0.0,90.90613953658423,63.237089719093305,23.51123271320722,0.028730106545641454
L_V5,C_V5,L_V5 with C_V5,72.0,24,28818,28818,58.669311376880174,84.0839104666707,123.64889976737483,74.51507562130097,28.406452157862695,42.69489797549879,44.971512543788975,61.070796471881316,31.166801263232205,0.09696760620371525,0.0,91.60680206274236,63.242752676618444,19.781120768903257,0.020259092532070144
L_V5,C_V5,L_V5 with C_V5,74.0,24,28818,28818,57.55575016839912,81.46521083982319,125.89735655127734,74.4456707714998,29.301672673607683,43.08695943054249,46.273941555475176,60.709734175413125,27.294576385479754,0.07525979533058758,0.0,92.31874835589355,63.28245763021241,16.072396760400096,0.013273132123702625
L_V5,C_V5,L_V5 with C_V5,76.0,24,28818,28818,56.61920830126448,78.56095527400535,128.05436599617215,74.48425619296654,30.2250369073994,43.50552298880252,46.702391426321014,60.4580341235989,23.4541034511672,0.05602499549583362,0.0,93.04000663323475,63.29258664107838,12.393191735779947,0.007805098049142645
L_V5,C_V5,L_V5 with C_V5,78.0,24,28818,28818,57.65700275197459,78.46626185803842,130.09532296474552,74.62617477513275,31.179434376138865,43.94812472528976,46.636706464171425,60.312753996970116,19.6469978440845,0.039489078431200864,0.0,93.82185297923027,63.6893386906413,8.75973499930279,0.0038452755001828764
L_V5,C_V5,L_V5 with C_V5,80.0,24,28818,28818,60.065426857740505,80.56705198561062,131.97801789069533,74.86438880779039,32.15316445590791,44.41410196992378,45.80015711600993,60.26660980816178,15.86885339116122,0.02578999072361632,0.0,94.618461348128,64.40037324898054,5.183581112381431,0.0013250454968289915
L_V5,C_V5,L_V5 with C_V5,82.0,24,28818,28818,59.24197386664973,82.04985121878592,133.90458433491145,75.20045071744393,33.13368363380654,44.904526208311225,45.71302495592988,60.32156591231533,12.11891382352956,0.015005650558250205,0.0,95.13290529749263,65.08493597153718,1.6819260491776802,0.00013706463786800072
L_V5,C_V5,L_V5 with C_V5,84.0,24,28818,28818,59.30355451749663,83.19088528515726,136.18515126489152,75.62982721237596,34.118600608252144,45.41962358381583,45.80863891573392,60.47254383336559,8.39787687102069,0.0071648643397603795,0.0,95.74100044380509,65.79091444711688,-1.710339462571092,0.00013919033539910863
L_V5,C_V5,L_V5 with C_V5,86.0,24,28818,28818,58.878267988359696,84.34848275113272,138.31955224100668,76.1495532296863,35.1111845796225,45.95867334543184,45.07836249768354,60.717005866632796,4.705214912796435,0.0022295246076675657,0.0,96.40235150923618,66.2791917006378,-4.961456327059529,0.0011510751712742184
L_V5,C_V5,L_V5 with C_V5,88.0,24,28818,28818,58.60276105051939,85.52186594180318,140.30362592928083,76.75531512147026,35.708038343202006,46.52170056891886,43.222260334318094,61.050059586965645,1.041319418785215,0.00010792932787351273,0.0,97.00236601206338,66.30705288362626,-8.016332709796638,0.0029590183978908113
L_V5,C_V5,L_V5 with C_V5,90.0,24,28818,28818,58.4849613141654,86.7181330970028,142.17970604650003,77.4455278455784,35.644372211011344,47.10783275940159,43.455907987950226,61.47082133819679,-2.5957857124824475,0.0006609819595339017,0.0,97.61208100425773,66.37865317060081,-10.848328416727451,0.0053516747836814815
L_V5,C_V5,L_V5 with C_V5,92.0,24,28818,28818,58.788957902297426,87.93698191045729,143.91492126279314,78.21651428533862,35.57470071947317,47.71685415412214,44.5947249144954,61.97519613993017,-6.209629213217058,0.003718168733638616,0.0,98.16735462676954,66.49162187607723,-13.476840044631915,0.008184626131604422
L_V5,C_V5,L_V5 with C_V5,94.0,24,28818,28818,59.90151936151419,89.18499902796837,145.50920475741128,79.06483410003607,35.50221279245635,48.35082242099192,46.744935135684614,62.557541211910916,-9.799596013897562,0.009081032583241888,0.0,98.67420758653896,66.64172383645092,-15.922197766777943,0.011356687624610173
L_V5,C_V5,L_V5 with C_V5,96.0,24,28818,28818,61.57762000928273,89.93436285794866,145.9040018412997,79.98764491343117,35.57678325394218,49.010872248148424,48.86069309438062,63.21358825658315,-13.363558403811771,0.016525481184427315,0.0,99.26423603558982,66.47643337894127,-18.21610237842121,0.014809544975096789
L_V5,C_V5,L_V5 with C_V5,98.0,24,28818,28818,63.26316643912508,89.22264647296679,146.2152240844853,80.982752547855,36.90717535296516,49.69603901380312,50.944384225410346,63.94145694747402,-16.90527345878659,0.025827595409501525,0.0,99.85158224563044,66.22967489392352,-20.39041443347617,0.018512055306420083
L_V5,C_V5,L_V5 with C_V5,100.0,24,28818,28818,64.9633984469081,91.76518282684673,146.55529985018563,82.04468665222068,38.244043701134714,50.40409425448874,52.99752033488963,64.73606328968184,-20.426081003067385,0.036761576857249456,0.0,100.4757916948898,66.00933284919812,-22.471852381168304,0.022451695135272787
L_V5,C_V5,L_V5 with C_V5,102.0,24,28818,28818,66.67690827440629,94.59446212681331,146.92498413139148,83.17323574271846,39.531507193137614,51.137541549917245,52.53893832923151,65.59526650715208,-23.923698349334778,0.04908685578705729,0.0,101.05731380560277,65.80460529521783,-24.445859768566695,0.026543694365160575
L_V5,C_V5,L_V5 with C_V5,104.0,24,28818,28818,68.40405522395434,97.43388217403933,147.32710085743662,84.3694000159491,40.05925345858134,51.89783299831995,51.77910281876521,66.51924976373174,-27.40167922023181,0.06258649577980568,0.0,101.59236184171158,65.62227394593961,-26.310876781649426,0.03073393007169567
L_V5,C_V5,L_V5 with C_V5,106.0,24,28818,28818,70.14644473984627,100.11748373468693,149.34139633363907,85.62776979887234,40.591468665382266,52.68405956589534,50.991406655856125,67.50188759128048,-30.859877985576635,0.07705046028305607,0.0,102.20760623541474,65.46323802957306,-28.05342894759767,0.03496416600516672
L_V5,C_V5,L_V5 with C_V5,108.0,24,28818,28818,71.62054651621699,101.6717762837979,151.70744638292183,86.94540487088271,41.13302104987251,53.495585791679275,52.015101327027196,68.53995717073946,-34.29787481078929,0.09227849215590112,0.0,102.85356220750147,65.46044441846318,-29.662433192870893,0.03918063711889175
L_V5,C_V5,L_V5 with C_V5,110.0,24,28818,28818,73.15193166829293,102.38736543747196,153.0960237224964,88.31934467678887,41.68416263056317,54.33454165403081,53.18473492877706,69.6280419614384,-37.715186199891804,0.1080912560272479,0.0,104.21550626748183,65.5715874637551,-31.124607767585275,0.043322015766524724
L_V5,C_V5,L_V5 with C_V5,112.0,24,28818,28818,74.74306448199773,105.08800260113497,153.42443849206794,89.7449927266204,42.250273103567295,55.201233350673505,53.138623982531705,70.76007035090933,-41.11448369683693,0.12435408103431211,0.0,105.53084811266194,65.71011545161203,-32.44931386086061,0.04738577758971063
L_V5,C_V5,L_V5 with C_V5,114.0,24,28818,28818,76.39477180791877,107.81769041144773,153.71713260271642,91.21930540224105,42.824857028889994,56.094882645948495,52.153874348026164,71.93278681522486,-44.49375285614294,0.140908725269549,0.0,107.01429263282526,65.868511272402,-33.670021245383694,0.05142547432236311
L_V5,C_V5,L_V5 with C_V5,116.0,24,28818,28818,77.02201198860675,110.43688728441596,153.98401490442382,92.74441496454119,43.417868231036664,57.016637862350414,51.17623995431721,73.14799733409386,-47.85349534770604,0.15761101224652074,0.0,108.08154048937746,66.0435249062011,-34.82275972052663,0.05549639347046742
L_V5,C_V5,L_V5 with C_V5,118.0,24,28818,28818,78.67715589126956,113.05978191442055,154.22715849319843,94.31313915710139,44.032636833224004,57.965315572545364,50.2026590722912,74.39751614296004,-51.192945672069484,0.17436331212272826,0.0,109.29731701738281,66.23614411870469,-35.914333216857536,0.059591783710931545
L_V5,C_V5,L_V5 with C_V5,120.0,24,28818,28818,80.4940704467285,115.70896325634989,154.4525138358736,95.92279798770822,44.66177128080716,58.940965990333034,50.63565509037922,75.67790762116172,-54.51188916966332,0.1910709166741701,0.0,110.51471481310568,66.43474479191886,-36.95832137980335,0.06372153195517394
L_V5,C_none,L_V5 with C_none,0.0,24,28818,28818,294.75146479229056,363.73858017384646,493.9832498696266,330.03031776156286,76.47329257934531,105.3590736891828,281.2376741963125,312.76105293523284,451.52931214330994,0.7201688857580282,0.0,163.840235571645,100.18320965097053,194.86826365817276,0.21877481265709742
L_V5,C_none,L_V5 with C_none,2.0,24,28818,28818,288.286451447907,359.93290741546775,490.0143565036423,326.97150454546255,75.89643427828912,104.31070022043306,276.7908188325787,309.8864995514428,450.12575039354147,0.7276145743774168,0.0,162.9264960270803,99.0127847385125,197.3746994491926,0.2322990852708834
L_V5,C_none,L_V5 with C_none,4.0,24,28818,28818,281.89028520403474,356.1497884204282,486.0231080714621,323.9164042307244,75.32093341388875,103.26095887321672,272.4185691781901,307.01630461971547,448.5073479769928,0.7346549920547514,0.0,161.91079163865038,97.86388068802916,199.86798852104693,0.24576071053398385
L_V5,C_none,L_V5 with C_none,6.0,24,28818,28818,277.3195004117124,352.5182868593002,482.0282314143737,320.7998407708752,74.74912866295216,102.1994395643505,268.12857064377243,304.0852058080951,446.6060098808157,0.7413725006563519,0.0,159.7131365000452,96.74226787135947,202.45753158171948,0.25937738877388417
L_V5,C_none,L_V5 with C_none,8.0,24,28818,28818,276.4188578773052,349.3202600666206,478.035635391745,317.6764019916245,74.18049378772588,101.13216305910107,263.88885239641604,301.14877050609323,444.57436637616314,0.7479408173531836,0.0,157.6883634931245,95.66609261682082,205.16818451479043,0.27319631558943025
L_V5,C_none,L_V5 with C_none,10.0,24,28818,28818,275.38583771377625,346.1203382626711,474.05260859024605,314.5239334983752,73.61496591389901,100.0602795221983,262.4182474819848,298.1832409865281,442.3544009713982,0.7542901144040289,0.0,155.53262556309693,94.63968383476407,207.98958797851736,0.2869999305455494
L_V5,C_none,L_V5 with C_none,12.0,24,28818,28818,273.78612869941435,342.9184224295132,470.07497022980516,311.3201116159901,73.05100900597141,98.97024461611485,256.0800994930516,295.1696166227461,439.91682161827106,0.7604147344711083,0.0,153.88478958172024,93.65697241908725,210.94883544669327,0.30082632387554
L_V5,C_none,L_V5 with C_none,14.0,24,28818,28818,273.16338282006484,339.714611755345,466.0960639982277,308.03893372931924,72.61150774436899,97.85501628561309,251.6113456321213,292.08283154070926,437.22625620920644,0.7663046183332917,0.0,152.6917283169256,92.71055468159834,214.04032371447664,0.3147468261887788
L_V5,C_none,L_V5 with C_none,16.0,24,28818,28818,271.82162949036973,336.5113996310296,462.10790066151213,304.660699197113,72.29181525282354,96.72569865588036,247.6508733767766,288.8983919214602,434.26565115151783,0.772001185038363,0.0,151.76916833839184,91.81131232388245,217.30043349620564,0.3288969439467375
L_V5,C_none,L_V5 with C_none,18.0,24,28818,28818,269.8783184846725,333.3077929475136,458.1113951024942,301.2189194176813,71.96561147817471,95.58437778869113,244.90978379208545,285.65094807807725,431.110284396416,0.7775709165991966,0.0,150.72637373892314,90.96195931399848,220.7041587350607,0.3432265949076977
L_V5,C_none,L_V5 with C_none,20.0,24,28818,28818,267.27112589796116,330.10502611859545,454.1020827525313,297.73209758403453,71.63677962902877,94.42359371131164,245.81478751569398,282.36250969707396,427.8358835286823,0.7831510525911916,0.0,149.4638223394444,90.4865798115097,224.37522085397626,0.3580085916460316
L_V5,C_none,L_V5 with C_none,22.0,24,28818,28818,264.339970322382,326.9038847086074,450.0900277163656,294.2173981692197,71.31237687450636,93.25128600574138,246.36333191482044,279.04851736524347,424.44073553870624,0.7886476225049446,0.0,147.79596916412146,90.32340031503333,228.15981716281178,0.3727791523682452
L_V5,C_none,L_V5 with C_none,24.0,24,28818,28818,261.68644574501036,323.70155883188966,446.07310390958577,290.6585003947159,70.98937815295162,92.06255941776394,246.71040722801916,275.69339673839806,420.9262812727885,0.794139005295355,0.0,146.2775367799252,90.15333450811727,232.15739806005791,0.3878494895839456
L_V5,C_none,L_V5 with C_none,26.0,24,28818,28818,261.0491185617282,320.4967624556709,442.04356030223977,287.0358013900794,70.65839826354895,90.84482156338426,246.74176120192692,272.28068178767666,417.2688266500397,0.7996334372128683,0.0,144.9174597570865,90.02114202833198,236.4332972243556,0.40337547747034197
L_V5,C_none,L_V5 with C_none,28.0,24,28818,28818,257.85018814708354,317.29003694188543,438.0108674004983,283.42019149870276,70.30232653851897,89.63392210481547,243.9547627230889,268.8731391516624,413.510428563861,0.8049176851452413,0.0,143.7841093688998,89.91986694670905,240.57403434733703,0.41821268434075665
L_V5,C_none,L_V5 with C_none,30.0,24,28818,28818,254.75672227205627,314.07975004655566,433.9699088379042,279.78495591484295,69.93078255487674,88.4113102230674,240.4470013825101,265.448793142691,409.6433473518113,0.8100789978385872,0.0,142.63070511134043,89.8329467872347,244.73759961503265,0.4328370554625579
L_V5,C_none,L_V5 with C_none,32.0,24,28818,28818,252.08991753662224,310.86649224284497,429.91110975372067,276.13755990905895,69.12312928299,87.18430163754077,237.43527665004478,262.01307131611475,405.65319357008997,0.8150262457371472,0.0,141.4783195432346,89.78080265840553,248.82431939875426,0.44686892289579305
L_V5,C_none,L_V5 with C_none,34.0,24,28818,28818,249.26380519326318,307.65101588104085,425.8413392360756,272.4386075474564,67.97523260652093,85.94743708617548,234.65593464711753,258.52627127763026,401.50084557118214,0.8198292029477042,0.0,140.52551715639706,89.33264325509137,252.96817720303,0.46083831821885657
L_V5,C_none,L_V5 with C_none,36.0,24,28818,28818,246.32606696219796,304.4339324864004,421.76434060914386,268.7282455290837,67.61679955651982,84.7087338275435,231.75260126120327,255.02803837710448,397.23562427946223,0.8244245192739514,0.0,139.47893045836454,87.39004982769744,257.03239139040784,0.4743457461806194
L_V5,C_none,L_V5 with C_none,38.0,24,28818,28818,243.33270708035067,301.1860233153093,417.66985356036895,265.04040250166383,67.26286941687037,83.47155898756809,228.7847843498979,251.55300395429376,392.9150095659123,0.8288139200095928,0.0,137.0561985308051,86.08380002991977,260.9589393824881,0.48722172004873066
L_V5,C_none,L_V5 with C_none,40.0,24,28818,28818,240.29372725836527,299.6175931454134,413.56110216344007,261.35548539069765,66.91397431907743,82.23402919358783,225.76283372761384,248.08114435884747,388.51514065477767,0.8330121537367229,0.0,134.9064833804741,85.74472693861844,264.802245069856,0.4996693238431018
L_V5,C_none,L_V5 with C_none,42.0,24,28818,28818,237.20015514057962,297.8878833179808,409.4291492831462,257.6840242706007,66.56456930462946,80.99885667832437,222.680286904117,244.62265140639735,384.04924175784083,0.8369934071935234,0.0,132.8790279923764,84.54845522904822,268.5380155074766,0.5115984086087622
L_V5,C_none,L_V5 with C_none,44.0,24,28818,28818,234.04554540490204,296.0871541237015,405.27975224020895,254.01563453778274,66.21565297570712,79.76609300015097,219.52948653644262,241.1665669140805,379.5088402261667,0.8407776500152795,0.0,130.75712817279253,84.46961356739058,272.2301570781175,0.523142841841076
L_V5,C_none,L_V5 with C_none,46.0,24,28818,28818,230.77971293026195,294.02477524500455,401.1133147302176,250.34442705785293,65.86761779807244,78.53255782541613,216.261361428736,237.70773971480676,374.893717652745,0.8443861660237522,0.0,128.9745747744532,84.37672252459407,275.9463698100313,0.5344728094343749
L_V5,C_none,L_V5 with C_none,48.0,24,28818,28818,227.41939259872618,291.6567320862041,396.92552251149147,246.67920320164237,65.52037986322784,77.31783537507734,212.89126942999405,234.2489735838977,370.1733200654406,0.8476522734285066,0.0,127.28758342524998,84.28328992661115,279.38968496756,0.5451310769285939
L_V5,C_none,L_V5 with C_none,50.0,24,28818,28818,224.01015488834338,289.0935631940286,392.7164609708412,243.0580360652083,63.54320445807413,76.1305295369281,209.46610630844623,230.82753598369283,365.39579726102227,0.850505612984334,0.0,125.59426929286053,84.18792309694169,282.37280672604885,0.5546751908429867
L_V5,C_none,L_V5 with C_none,52.0,24,28818,28818,220.5637648096931,286.26125166484957,388.5460054332792,239.46346760277527,62.53319578905014,74.96875135994391,205.99919180590575,227.42567716921567,360.54445835026775,0.8529732485213193,0.0,123.76660192044864,84.09130656845096,284.9120003878421,0.5633613673799411
L_V5,C_none,L_V5 with C_none,54.0,24,28818,28818,217.08594868606434,283.1683143611491,384.3805535954149,235.89980044555503,61.532180080575266,73.83112215999378,202.49568758910493,224.04839042235665,355.6386529535663,0.8550833088577591,0.0,122.55447373495399,83.93003887389511,287.0163254100083,0.5712612708904823
L_V5,C_none,L_V5 with C_none,56.0,24,28818,28818,213.6010062791157,279.9340945754967,380.1964254161408,232.35725719938364,60.55285390543577,72.71557502341685,198.97953965436477,220.68606689647257,350.67564519092497,0.8568750142764108,0.0,121.33825983471021,83.69594426202599,288.75834132787895,0.578546233749258
L_V5,C_none,L_V5 with C_none,58.0,24,28818,28818,210.09014419414083,276.5212850104243,375.9971053480205,228.8296540996651,60.14986406717906,71.62167163597198,195.43034203207446,217.33234169686156,345.6401974556072,0.8583061029333203,0.0,120.48219302806933,83.46224669710995,290.05415365473505,0.5851413388390869
L_V5,C_none,L_V5 with C_none,60.0,24,28818,28818,206.55754011150822,272.7791323300923,371.7836452973037,225.32459732413807,60.086006090580135,70.55370510663091,191.85380852031358,213.9938056463587,340.54465614421576,0.859365431393498,0.0,120.09824009845431,83.21075080392544,290.747319799267,0.5908618442646842
L_V5,C_none,L_V5 with C_none,62.0,24,28818,28818,203.01178940820535,267.77543117367134,366.544721149293,221.8414568398447,60.01156030819574,69.51183372062397,188.25884763323825,210.6697342895296,335.38928880305326,0.8600396523169862,0.0,118.95608422059152,82.82270077946131,290.6680170071057,0.5955407042095863
L_V5,C_none,L_V5 with C_none,64.0,24,28818,28818,199.4617850694251,262.6424998652019,360.7832328001065,218.38400653714302,59.90982579174653,68.49619673861405,184.65452896857482,207.36404062315148,330.1837867823346,0.8603268839633573,0.0,117.72539627039757,81.9334414153359,289.61463684474876,0.5989509105023252
L_V5,C_none,L_V5 with C_none,66.0,24,28818,28818,195.89696100807646,257.3955034698068,354.9884911749887,214.94364077941862,59.36704009656577,67.5081444410378,181.02814709491497,204.0671927224945,324.91742179250974,0.8602313420697019,0.0,116.44516486250808,80.99554868807658,287.39076268843377,0.6008973242449147
L_V5,C_none,L_V5 with C_none,68.0,24,28818,28818,192.3040724213785,252.05558440823918,349.1283437837288,211.52033866393887,58.8162374951278,66.54677043723689,177.36757474540832,200.7794337398158,319.59890872666256,0.8597775754236183,0.0,115.40607490538916,80.5935161381199,283.7470288984652,0.6010760613726468
L_V5,C_none,L_V5 with C_none,70.0,24,28818,28818,188.69507041928813,246.61164167814206,343.21960007474365,208.1155095695801,58.25719812962926,65.6128652189258,173.68532923207874,197.50194237315506,314.22679019175496,0.8589307069854767,0.0,114.52605372826596,80.29198805996961,278.5100501361542,0.5992773455843625
L_V5,C_none,L_V5 with C_none,72.0,24,28818,28818,185.05808777901092,241.10229317457143,337.2730385523562,204.7305530498463,57.68644153612277,64.70140384953764,169.9692600833763,194.23781220965955,308.81490164209407,0.8577205929557552,0.0,113.42648150695226,80.23258048663317,272.2523100572222,0.5959588968901137
L_V5,C_none,L_V5 with C_none,74.0,24,28818,28818,181.39224298769724,236.42684377866593,331.2820257843072,201.36735577165746,57.091631198697605,63.80918436975605,166.21786620214766,190.9900519936464,303.3765160469338,0.8561777642907583,0.0,112.47121447214943,80.18005916863311,265.57764672859435,0.5916259960385939
L_V5,C_none,L_V5 with C_none,76.0,24,28818,28818,177.7295910978697,232.98574920942474,325.21057778672196,198.028198318792,56.47045513331379,62.933233017946144,162.4672813501495,187.7620182872343,297.92843867631007,0.8543530711647737,0.0,110.85904880828483,80.02598261297169,258.84501221234643,0.5866454921375543
L_V5,C_none,L_V5 with C_none,78.0,24,28818,28818,174.06003241118967,229.52972252738624,319.0457273261928,194.70601875236966,55.830981564534646,62.07037230680033,158.70761258208813,184.54729101261094,292.4667595711043,0.8522709851824162,0.0,108.58199354565912,79.80171718578411,252.18351248337117,0.5811868189364517
L_V5,C_none,L_V5 with C_none,80.0,24,28818,28818,170.39046301289596,226.06202696528274,312.80769516658734,191.40063978475945,55.17726070865692,61.219765019437695,154.94538657122246,181.3459271143967,286.9973192847532,0.8499548996779366,0.0,106.69382506162674,79.44481727913538,245.69245936836532,0.5754506053789908
L_V5,C_none,L_V5 with C_none,82.0,24,28818,28818,166.7139976098415,222.59083331592572,306.4570124387433,188.11316835382456,54.503673252195775,60.379495608209766,151.17376808695224,178.1597053719289,281.53173892287833,0.8474471851466239,0.0,104.7609168731951,78.78632042804071,239.40454201476925,0.5695684179861964
L_V5,C_none,L_V5 with C_none,84.0,24,28818,28818,163.0339475420438,219.12040189880304,299.9655504593396,184.83379098150928,53.80909187049016,59.54939491389584,147.39634139128884,174.9782839497094,276.05405565652205,0.8447436069598958,0.0,102.89583678423853,78.11608709095047,233.29407688249572,0.5635121659436529
L_V5,C_none,L_V5 with C_none,86.0,24,28818,28818,159.36146958959625,215.6522757316954,293.35413534985145,181.5636501477308,53.11118731218589,58.72731031752345,143.62695439162633,171.80355665071923,270.5701281465408,0.8418562431843585,0.0,101.03931538900754,77.53628891080962,227.41292324950135,0.5574139176908535
L_V5,C_none,L_V5 with C_none,88.0,24,28818,28818,155.69384385521528,212.17946912263986,286.705492607396,178.30588294912923,52.41000947679342,57.91332664089019,139.866906530787,168.63876924258588,265.08666033647876,0.8387869501669156,0.0,99.2740951442432,76.53436538510638,221.73788540595422,0.5512645012776565
L_V5,C_none,L_V5 with C_none,90.0,24,28818,28818,152.03138646638243,208.70167313974602,279.9914624182422,175.0594489311476,51.71248951981735,57.10667468463575,136.11737896619536,165.48304555615437,259.61061542632655,0.835581232267543,0.0,97.51094222444594,75.69936686953093,216.24942318405084,0.5450986232254744
L_V5,C_none,L_V5 with C_none,92.0,24,28818,28818,148.37111871004083,205.22012753655105,273.1909897655772,171.81847670014122,51.02737818572783,56.30740501925048,132.37305609626026,162.33011142593065,254.13265502320442,0.8322376237369706,0.0,95.87079405522431,75.30391957231186,210.94116504527048,0.5389579234927833
L_V5,C_none,L_V5 with C_none,94.0,24,28818,28818,144.71141290715673,201.73788508530168,266.2335990734705,168.58015878356156,50.34214482926711,55.515666725635846,128.63073232840668,159.17688489067422,248.65407242990102,0.8287928229892922,0.0,94.51563466874907,74.97687958122172,205.80664634380557,0.5329027693716444
L_V5,C_none,L_V5 with C_none,96.0,24,28818,28818,141.05729005645398,198.26400655687692,259.281135552948,165.3618634475883,49.651024355231,54.73293099991137,124.8962573463815,156.0411873417329,243.19676774517905,0.8252006744168059,0.0,93.39830113457673,74.69803562085644,200.8334265981188,0.5267518898621076
L_V5,C_none,L_V5 with C_none,98.0,24,28818,28818,137.41064468198167,194.79387676470725,252.42580957503316,162.16560621409758,48.96968108089008,53.96006323354495,121.17216783514891,152.92480313741652,237.75871527144886,0.8214197850326501,0.0,92.18510990340367,74.44903466276895,196.00592523427383,0.5204424053252283
L_V5,C_none,L_V5 with C_none,100.0,24,28818,28818,133.77560923490927,191.3227205049791,245.59653802417185,158.9866282151705,48.300024256893764,53.19865163334712,117.4643774939683,149.82206585020322,232.33298678598578,0.8174544865538986,0.0,90.72205988616959,73.64506422903614,191.28915039915194,0.5139843528319057
L_V5,C_none,L_V5 with C_none,102.0,24,28818,28818,130.15552517951176,187.8503631013494,238.78472579457588,155.8277076526448,47.63504363902129,52.44834804149861,113.77645541830805,146.7359712544813,226.92681370991022,0.8133130512337297,0.0,89.52960136796007,73.23341445474014,186.6785528144266,0.5074044300200495
L_V5,C_none,L_V5 with C_none,104.0,24,28818,28818,126.55010956506898,184.72642658830426,233.25660261091144,152.6990560730263,46.97409706431819,51.709817235694906,110.10620446492203,143.67705636963842,221.55369957132908,0.808964480094863,0.0,88.32618716443778,73.06879796532881,182.16340683351117,0.5005882112965341
L_V5,C_none,L_V5 with C_none,106.0,24,28818,28818,122.96004832346387,182.0099365073888,229.57846657839858,149.5965878757498,46.32317616865441,50.983238811810494,106.45465311979297,140.64084920223152,216.2070200407628,0.8044001069919707,0.0,87.46985331920123,72.91187410804949,177.72961555368846,0.49352313476827403
L_V5,C_none,L_V5 with C_none,108.0,24,28818,28818,119.3895904020274,179.3543369421423,225.89603456917445,146.5207998391343,45.639640395073386,50.26955149463169,102.82394987763155,137.6274572097742,210.88785635541583,0.7996138653463543,0.0,87.03748977291089,72.76182004297925,173.3681201460695,0.4862306276017756
L_V5,C_none,L_V5 with C_none,110.0,24,28818,28818,115.84068408480486,176.76426444765661,222.2197391872617,143.47445244445308,44.96092829747165,49.56845514945235,99.21970783850043,134.63984090280394,205.59593188815745,0.7945557277331639,0.0,86.65906565261966,72.60303079185877,169.0556199365696,0.47856639640230003
L_V5,C_none,L_V5 with C_none,112.0,24,28818,28818,112.8914413801846,174.2458718878645,218.96837794036864,140.45883555077702,44.30843565792671,48.88106999508387,95.64727231466395,131.67887256661922,200.33582317856533,0.7892329410076268,0.0,86.28963092405942,72.44040249281322,164.80862767950737,0.4705768118749314
L_V5,C_none,L_V5 with C_none,114.0,24,28818,28818,110.35369060909551,171.8003432086548,215.8394724099209,137.47044482687696,43.50857191142573,48.208654024765316,92.10499559099117,128.7402379911576,195.10231096303838,0.7836397078004622,0.0,85.95718698443488,72.27580903526544,160.62251586633317,0.4622877422693624
L_V5,C_none,L_V5 with C_none,116.0,24,28818,28818,107.42895878576844,169.43086505448642,212.69506751289723,134.51293979412793,42.229930108774155,47.55018910202944,88.59467787620792,125.82809896211546,189.8989765591262,0.7777378262850521,0.0,85.94291651874882,71.98101226759127,156.4798341640494,0.4536435102837111
L_V5,C_none,L_V5 with C_none,118.0,24,28818,28818,104.50426092875335,167.0586814659151,209.5354901192079,131.58733348966248,40.969663822399546,46.90677146759696,85.1148859066775,122.94299949735357,184.72666761859867,0.7715112867533105,0.0,85.92029675607017,71.55362201979986,152.37636295401,0.44463855286954146
L_V5,C_none,L_V5 with C_none,120.0,24,28818,28818,101.58939998896045,163.71499694493403,206.3828838860549,128.69978802121767,39.72406510308531,46.2794388518727,82.82307457527588,120.09100289473038,179.5925729948488,0.7649223510674706,0.0,85.91523704658893,70.93958693860336,148.3115183404778,0.43527930863959485
L_V5,C_Vicon_cm,L_V5 with C_Vicon_cm,0.0,24,28818,28818,164.28122580922846,206.68104764331054,254.69387588807135,176.29901725701575,52.07891005432016,66.35312732639238,141.7773042456982,163.3358686259607,214.5670756785029,0.7091257649894995,0.0,108.42864133653575,76.24562118992685,84.4462696359998,0.12639931467844934
L_V5,C_Vicon_cm,L_V5 with C_Vicon_cm,2.0,24,28818,28818,162.23380254648004,201.8392038590768,251.9761996159452,173.4610604686701,51.86844543195922,65.46796132235545,138.75841508744693,160.6321435429727,209.78939426893422,0.7060610981936122,0.0,107.13362058531959,75.94318302202262,82.41678572802881,0.1220430978229291
L_V5,C_Vicon_cm,L_V5 with C_Vicon_cm,4.0,24,28818,28818,160.19333473822053,199.6630168950539,249.29592476527665,170.67980740290253,51.6751772351484,64.609515888363,135.7471577513504,157.97850205570145,205.03212155446158,0.7026276050178122,0.0,105.75105231692666,75.67476747617083,80.1362839605208,0.11697623862694395
L_V5,C_Vicon_cm,L_V5 with C_Vicon_cm,6.0,24,28818,28818,158.17754229911816,197.5465428790962,246.65357912141653,167.9445997288363,51.50119961115004,63.778575081830304,133.3537895362865,155.36306491122778,200.27506039989547,0.6988696320798887,0.0,104.48206307315701,75.22158693071063,77.60671197565054,0.11124423965390173
L_V5,C_Vicon_cm,L_V5 with C_Vicon_cm,8.0,24,28818,28818,156.19096563909608,195.4705643399438,244.03848628921008,165.26234588319576,50.93323102171421,62.978647552059336,131.4888415059819,152.7917959817559,195.53941078534243,0.6947532560594448,0.0,103.84436384170985,74.29919332710944,74.88054624796052,0.10502616147356869
L_V5,C_Vicon_cm,L_V5 with C_Vicon_cm,10.0,24,28818,28818,154.243550478413,193.33245923507238,241.4580643859581,162.64600205619618,49.88441663751652,62.20993720962892,129.56111808765178,150.27856033792114,190.85576553082845,0.6902379292218517,0.0,103.70342389558752,73.13482446557855,71.99882716208477,0.09845827112958239
L_V5,C_Vicon_cm,L_V5 with C_Vicon_cm,12.0,24,28818,28818,150.709183280513,190.2878255594294,239.03952911148482,160.07780872641035,48.84532346490238,61.473095844998895,127.55942057664393,147.80380013342284,186.19624990828922,0.6853920387829497,0.0,103.58261855928865,72.47107774458564,68.97876229516771,0.09164011925125626
L_V5,C_Vicon_cm,L_V5 with C_Vicon_cm,14.0,24,28818,28818,147.00687081807303,187.24504604719687,238.00384933884473,157.55416602174068,47.82249518615461,60.76839783833843,125.4828022583458,145.36339654454846,181.55441111059883,0.6802069626182288,0.0,103.49358153140867,72.18277168605972,65.83398835188322,0.08464407604469826
L_V5,C_Vicon_cm,L_V5 with C_Vicon_cm,16.0,24,28818,28818,142.9324333463804,184.20289691255448,236.98958442354487,155.07201833396664,46.81282969706167,60.09852514305493,123.32947372011438,142.95278292429177,176.9247755738897,0.6746826179334615,0.0,103.36966609115221,72.06751609178994,62.57792101710524,0.07755003409806949
L_V5,C_Vicon_cm,L_V5 with C_Vicon_cm,18.0,24,28818,28818,138.4788199763317,181.15812183347646,235.97896798832474,152.6304534844028,45.81841530258977,59.463996874086256,121.09512810275879,140.57058158310758,172.3085326871744,0.6688103861064753,0.0,102.83820239639482,71.96399582320646,59.225710697421086,0.07043970405624711
L_V5,C_Vicon_cm,L_V5 with C_Vicon_cm,20.0,24,28818,28818,134.08322684544004,178.10949217108714,234.97824198554366,150.22756503196018,44.84199510734247,58.86560910613824,118.7792510023614,138.21418653667632,167.7048224890676,0.662592028364265,0.0,101.38617010936784,71.86705599677782,55.806859499034864,0.06340918260475548
L_V5,C_Vicon_cm,L_V5 with C_Vicon_cm,22.0,24,28818,28818,129.76315000035163,175.0584602151165,233.97646254774915,147.86350126092702,44.66669575627986,58.30417499616204,116.37658221251553,135.88317844073666,163.11383249969452,0.656001978000872,0.0,100.6540413977045,71.78432431247975,52.331701203587414,0.05651696509264781
L_V5,C_Vicon_cm,L_V5 with C_Vicon_cm,24.0,24,28818,28818,125.51814630069053,172.00246578858008,232.97232616112035,145.53712119749036,45.51334342453829,57.779858756932654,113.88183302524028,133.5759767640945,158.5368509284424,0.6490306704414045,0.0,99.91132424685703,71.70906478245965,48.83102664855915,0.049865406898114695
L_V5,C_Vicon_cm,L_V5 with C_Vicon_cm,26.0,24,28818,28818,121.3586295534239,168.93366012646368,231.96424472807357,143.24799151905327,46.352252605367,57.29030187040278,111.29141702550312,131.2928344801836,153.97757381039855,0.6416604618367332,0.0,99.13378785377631,71.64024330748333,45.32128773219989,0.043515827832321996
L_V5,C_Vicon_cm,L_V5 with C_Vicon_cm,28.0,24,28818,28818,117.27368299005212,165.85608177885274,230.9534614802899,140.99669386244446,47.17411074774408,56.83793597157063,108.47945255531732,129.03300629928577,149.43340843939905,0.6338609404666145,0.0,98.3603160852464,71.57391681286764,41.81276810932443,0.03751563664714075
L_V5,C_Vicon_cm,L_V5 with C_Vicon_cm,30.0,24,28818,28818,114.52510957445821,162.77325001926502,229.93612991316445,138.78522972063877,47.976260257662034,56.4241297976847,104.24258516983315,126.79770331194688,144.9089011659029,0.62560956486732,0.0,97.83969871492963,71.50888522199193,38.31971778011537,0.031910146746554235
L_V5,C_Vicon_cm,L_V5 with C_Vicon_cm,32.0,24,28818,28818,111.34324132947685,159.67726906386196,228.92208864361893,136.6140456628269,48.77031878148617,56.05003139489967,101.12616210711087,124.58648182285152,140.4046495245704,0.6168855576857739,0.0,97.61444096860588,71.34632344601836,34.86534846142864,0.026747247914978622
L_V5,C_Vicon_cm,L_V5 with C_Vicon_cm,34.0,24,28818,28818,108.64341430453149,156.83120761158546,227.9016465982334,134.48554812334936,49.556223974772784,55.71476157451598,99.82250723483483,122.40191173642899,135.9214135535812,0.6076409308753721,0.0,97.49287495727415,70.86416178111506,31.445974813971592,0.022029800772517483
L_V5,C_Vicon_cm,L_V5 with C_Vicon_cm,36.0,24,28818,28818,107.30895414765932,155.56739472929385,224.21381034529944,132.39977775213939,49.83242505768435,55.41548860965028,96.686762675382,120.2448534074104,131.45676564072144,0.5978187793853607,0.0,97.84379929592662,70.50045208257703,28.067134488479446,0.01777000577582266
L_V5,C_Vicon_cm,L_V5 with C_Vicon_cm,38.0,24,28818,28818,106.01952125104233,154.26483240044507,220.3539392517949,130.35425263540196,49.76533663811067,55.15007000552539,93.42582168440585,118.1130854669365,127.00849306520773,0.5873938210161174,0.0,98.30926931308872,70.69711643363141,24.736541277422287,0.013977834110372678
L_V5,C_Vicon_cm,L_V5 with C_Vicon_cm,40.0,24,28818,28818,104.45366727981411,152.91592956189203,216.52275968553795,128.35153533089198,49.69409088398629,54.91893352840228,90.04558098173732,116.00873829975113,122.57622678958637,0.5762998125486757,0.0,98.23699370224554,70.93051011347933,21.463543943709265,0.01066000430704106
L_V5,C_Vicon_cm,L_V5 with C_Vicon_cm,42.0,24,28818,28818,102.47774660241946,151.08677715095072,212.7206472080003,126.39542790970101,49.61015717277061,54.72168835632998,86.54681716678036,113.93568808722368,118.16693754236815,0.5644836175261113,0.0,98.18484864751358,71.19073416952325,18.257070020422407,0.007816543534649001
L_V5,C_Vicon_cm,L_V5 with C_Vicon_cm,44.0,24,28818,28818,100.86535385447966,149.24304678173445,208.95405979350664,124.49030417862083,49.51544122697584,54.55745121175842,82.94287767489172,111.89870576446424,113.78345446050803,0.5518743454156235,0.0,98.1692695804419,71.46280430410175,15.121440760151927,0.005436676012677832
L_V5,C_Vicon_cm,L_V5 with C_Vicon_cm,46.0,24,28818,28818,99.52843137317035,147.38818542258826,205.21996567288397,122.63480138177347,49.40645092600466,54.42503725192301,79.22858440583539,109.89635949417898,109.42501041841128,0.5384371174482576,0.0,98.3269413368196,70.99509916216294,12.067891801480835,0.0035125569455750627
L_V5,C_Vicon_cm,L_V5 with C_Vicon_cm,48.0,24,28818,28818,98.19652392491781,145.52329754622662,201.52135221952867,120.83298296081782,49.28570702779362,54.32368368720217,75.40727592809243,107.93306797206354,105.09114332207625,0.5240782150307443,0.0,98.43584986261003,70.78078140346557,9.086277218452745,0.0020207622041487072
L_V5,C_Vicon_cm,L_V5 with C_Vicon_cm,50.0,24,28818,28818,96.86918249937523,143.65527366278747,197.86104764289365,119.08703950430959,48.02948187608193,54.25272771534099,73.40002302148434,106.01115277812076,100.78246814338821,0.5087281734792182,0.0,98.45185226649926,70.70715211675018,6.181283646961342,0.000949338704051228
L_V5,C_Vicon_cm,L_V5 with C_Vicon_cm,52.0,24,28818,28818,95.54246207562723,141.75871306113922,194.2375078096044,117.39715768599247,47.423581036393834,54.2090269635285,71.59204053671924,104.13200290216847,96.50014770859833,0.4923442290902543,0.0,98.41723517372058,69.73515925557352,3.361097677314159,0.0002849909174214016
L_V5,C_Vicon_cm,L_V5 with C_Vicon_cm,54.0,24,28818,28818,93.89634463550298,139.84558297977046,190.64931114349346,115.76586967314404,47.02453541846049,54.19094616575709,69.42108888204002,102.29896350813817,92.2459160372865,0.474873239920775,0.0,98.48445612180605,68.8160626237572,0.6230455970335534,9.943706655191065e-06
L_V5,C_Vicon_cm,L_V5 with C_Vicon_cm,56.0,24,28818,28818,91.81572543750109,137.9296089933461,187.10285845779802,114.19621332523825,47.04006111375418,54.19812187016166,67.986067239777,100.51536560929591,88.02128604079911,0.4562569371973588,0.0,98.60947756170486,67.94933946177598,-2.032443491800926,0.00010745287868207942
L_V5,C_Vicon_cm,L_V5 with C_Vicon_cm,58.0,24,28818,28818,89.71728602304385,136.02243296780256,183.6042159038591,112.69227059218545,47.34016355155927,54.23253434172271,67.37923561316393,98.78451331102569,83.83071137839647,0.43647199161005357,0.0,98.86356003989746,67.97053332796602,-4.601842179285979,0.0005593996011661329
L_V5,C_Vicon_cm,L_V5 with C_Vicon_cm,60.0,24,28818,28818,88.31827887031278,134.1168088214281,180.1503459702652,111.25827855574421,47.676059437557555,54.292650746387686,68.30913362358865,97.11185623866089,79.67557376599436,0.4154709043818936,0.0,99.30174072022388,68.1469826863886,-7.106615952383928,0.001354708133497029
L_V5,C_Vicon_cm,L_V5 with C_Vicon_cm,62.0,24,28818,28818,88.65444741371695,132.2045713833989,176.7378308173428,109.89339191997111,48.48385381658563,54.375879319571666,69.21109081775273,95.49775565896691,75.55451244104036,0.39326114457017713,0.0,99.24821361306188,68.30788507328296,-9.540731917141382,0.002479866864331326
L_V5,C_Vicon_cm,L_V5 with C_Vicon_cm,64.0,24,28818,28818,87.4932870045217,130.11991733780332,173.3710030276154,108.60325801381308,49.10387869443491,54.478228686344956,69.7608701268149,93.95099919858838,71.46806679437411,0.36980697125269446,0.0,99.2882854326801,68.45055067408532,-11.924525686827982,0.003935946178511784
L_V5,C_Vicon_cm,L_V5 with C_Vicon_cm,66.0,24,28818,28818,86.15303126763669,129.5426633708155,170.05320074036862,107.39111671065545,49.0355530067417,54.59927562977096,70.005593549212,92.47578628519965,67.41697287021191,0.34516985164109715,0.0,99.30257911123081,68.58741465822519,-14.270492030940769,0.005731087302511373
L_V5,C_Vicon_cm,L_V5 with C_Vicon_cm,68.0,24,28818,28818,85.80696342425938,128.89293419033132,166.78328727939748,106.25651640984071,48.85897979090609,54.738483740636404,68.13002800807601,91.07220035406432,63.40412907567361,0.3194995639578043,0.0,99.30772219176988,68.66512935305974,-16.570377660781023,0.007863685328693526
L_V5,C_Vicon_cm,L_V5 with C_Vicon_cm,70.0,24,28818,28818,85.73488698758489,128.24737924547986,163.57235769089317,105.20686606163412,48.705586980012214,54.89628286406414,65.7548365801448,89.74899884800541,59.432962887655236,0.2929206169821348,0.0,99.43975297441483,68.59295909735317,-18.82836167156736,0.010343245660555889
L_V5,C_Vicon_cm,L_V5 with C_Vicon_cm,72.0,24,28818,28818,84.41223842642242,127.2894669931056,160.4169358207848,104.24394767131982,48.57421113461278,55.07259540163853,63.303011704615756,88.50881233994888,55.50217693663093,0.26567166246558094,0.0,99.4644431616184,68.49161426448516,-21.04270257843462,0.013179390615519204
L_V5,C_Vicon_cm,L_V5 with C_Vicon_cm,74.0,24,28818,28818,84.43878690860484,125.62371160724463,157.32098730909584,103.37053938955717,48.4719215347464,55.26655947847642,60.776117527723954,87.35602908271424,51.61266469323616,0.23803328007721647,0.0,99.60990497698977,68.3868269450716,-23.201952054813653,0.016373923595132345
L_V5,C_Vicon_cm,L_V5 with C_Vicon_cm,76.0,24,28818,28818,84.5938078611733,123.97720178700258,154.28995692738573,102.59111900195013,48.40109747894982,55.4787178624344,59.18198141961443,86.2962893895948,47.759821295363274,0.2103111848116983,0.0,99.77169214161047,68.32387297737867,-25.309669472866638,0.019950252391510048
L_V5,C_Vicon_cm,L_V5 with C_Vicon_cm,78.0,24,28818,28818,84.85235298896306,122.36248577055858,151.3286496879402,101.90990958421,48.36953977338135,55.709202408645886,58.37813233096574,85.33530593168562,43.94173357603118,0.1828858185794071,0.0,99.92488616830286,68.34483622733768,-27.373235850853387,0.023936685596364637
L_V5,C_Vicon_cm,L_V5 with C_Vicon_cm,80.0,24,28818,28818,85.46705528409518,120.78465375807221,148.63716133658545,101.32374115825795,48.37330407212923,55.957287472487806,58.56745147031722,84.47060140088392,40.15682089695887,0.15620950843788362,0.0,100.02411051821608,68.43577175085723,-29.380231094283882,0.028315604353895463
L_V5,C_Vicon_cm,L_V5 with C_Vicon_cm,82.0,24,28818,28818,86.17764277237706,119.7218575998144,146.22235696934,100.83185211221759,48.41501594357558,56.21840273501295,60.39407328340985,83.70515870783596,36.40561803879686,0.13071275131343696,0.0,100.11257466500865,68.36670059901111,-31.323040470069376,0.033044267497454705
L_V5,C_Vicon_cm,L_V5 with C_Vicon_cm,84.0,24,28818,28818,86.50032946877838,121.4241160090679,145.49287205361594,100.43303027330484,48.14072456094512,56.49031629176544,60.92943599561502,83.03997672889163,32.6827436807909,0.10677598040865377,0.0,100.28945021252079,68.31951543200648,-33.2192362162704,0.03811142051765748
L_V5,C_Vicon_cm,L_V5 with C_Vicon_cm,86.0,24,28818,28818,86.7255285827313,120.63980955620079,146.3911520944669,100.1270696917379,47.377896808168344,56.77421185452819,61.01448180180171,82.47495955349895,28.985243041318572,0.08473706099374734,0.0,100.38677289715369,68.83512871205886,-35.06315091638406,0.04344693642663222
L_V5,C_Vicon_cm,L_V5 with C_Vicon_cm,88.0,24,28818,28818,85.84285206834609,118.9513364488295,147.26357484430048,99.91046227173993,46.66126480212244,57.07075764491236,62.94935028843611,82.0062747183924,25.310621442865656,0.06492280834550312,0.0,100.50345662458102,69.3986895356722,-36.84845385277222,0.048971625827652465
L_V5,C_Vicon_cm,L_V5 with C_Vicon_cm,90.0,24,28818,28818,85.77780211732052,117.13492656367707,148.09894833862327,99.78144669083966,47.139854292168366,57.380016415980954,65.34882749101234,81.63253530191643,21.661579904160238,0.047586823031878,0.0,101.18651721305794,69.96947898295612,-38.56896647626392,0.054592969892992005
L_V5,C_Vicon_cm,L_V5 with C_Vicon_cm,92.0,24,28818,28818,85.74543796969678,115.41246650254733,148.9201417282095,99.73697883467553,47.67831442464417,57.7017418203454,69.37201019754741,81.35093077504841,18.03581895714711,0.03288919637374976,0.0,102.07854369784252,70.36266454923145,-40.214276721919624,0.06020820001280491
L_V5,C_Vicon_cm,L_V5 with C_Vicon_cm,94.0,24,28818,28818,85.74704398304192,113.80409375974146,150.39948627541153,99.77745678498901,48.25974015101053,58.03512007739442,68.96615383621123,81.16320422508441,14.430971648870711,0.02091591292816164,0.0,102.8886723902682,70.71662933723232,-41.794836179453846,0.06577063920177995
L_V5,C_Vicon_cm,L_V5 with C_Vicon_cm,96.0,24,28818,28818,85.78795122987569,115.71867525532367,152.03243446589596,99.8979090992823,48.89331470988945,58.38008652622652,69.8013414530052,81.06391145015625,10.84668529838036,0.011699801547828015,0.0,103.7130519615683,71.08385235834123,-43.29695555449311,0.07117962003294798
L_V5,C_Vicon_cm,L_V5 with C_Vicon_cm,98.0,24,28818,28818,85.86754750166965,116.80041935328383,153.66308390486088,100.09560279375954,49.57451604981637,58.73589830966603,71.31756096661672,81.05074921555418,7.282342467643905,0.005205812949040878,0.0,104.55235866386491,71.47167593097663,-44.707409436434,0.07634574110170234
L_V5,C_Vicon_cm,L_V5 with C_Vicon_cm,100.0,24,28818,28818,85.9918392195667,116.58468909994673,155.27734084100524,100.36991988642416,50.61282429041465,59.1055329144839,72.78085800717963,81.1212475058296,3.7394446630369154,0.0013509802143749639,0.0,105.34803515921439,71.87801693223685,-45.99544520466469,0.08113844605032272
L_V5,C_Vicon_cm,L_V5 with C_Vicon_cm,102.0,24,28818,28818,87.01377877741153,115.7226123371953,156.91926148090562,100.72349799007247,51.14353300251404,59.489467222937556,74.199413931501,81.27869546742966,0.21515928843151755,4.389104774626951e-06,0.0,106.19445348166761,71.99693822675607,-47.16958946701302,0.08553839094946258
L_V5,C_Vicon_cm,L_V5 with C_Vicon_cm,104.0,24,28818,28818,88.25523219541356,114.3960578095663,158.54855771380633,101.15141821857699,51.212229922434545,59.88911592425046,75.58811174890957,81.51627568431448,-3.290550573334187,0.0010049532990753507,0.0,107.06359893471858,72.07129166659084,-48.20367834330675,0.08945435232078436
L_V5,C_Vicon_cm,L_V5 with C_Vicon_cm,106.0,24,28818,28818,89.50951312593122,114.34147099650805,160.15252957776235,101.64970724368156,51.257583931214796,60.30388652964357,76.89464809769072,81.82972719095451,-6.781727707155936,0.004170144478557014,0.0,107.86910052111213,72.16030536447917,-49.08146531097767,0.09282386437328272
L_V5,C_Vicon_cm,L_V5 with C_Vicon_cm,108.0,24,28818,28818,90.78375463509022,115.14779682957789,162.88968251975535,102.21549806124116,51.28116237901874,60.73603332119832,77.44553075387228,82.21400306708026,-10.257219368459813,0.00930359013666171,0.0,108.67529370271471,72.27360834068696,-49.79886811405649,0.09563421477234146
L_V5,C_Vicon_cm,L_V5 with C_Vicon_cm,110.0,24,28818,28818,91.18671381093164,114.68228119074328,166.36620766849003,102.8485991940055,51.29407140966903,61.18540707288437,76.24757678330549,82.66910134684314,-13.719689631656285,0.016207933936003283,0.0,109.50820501690711,72.40672821401398,-50.38313696018917,0.09796751247413293
L_V5,C_Vicon_cm,L_V5 with C_Vicon_cm,112.0,24,28818,28818,91.20672069334142,113.67554707182043,169.86550976730226,103.5456434689142,51.37780843195392,61.65056294083492,75.07976310260798,83.19199703378712,-17.170352387010084,0.02468447801798246,0.0,110.28646371551602,72.56214048764468,-50.84146258119604,0.09984881560200798
L_V5,C_Vicon_cm,L_V5 with C_Vicon_cm,114.0,24,28818,28818,91.7384307217116,112.9424797224492,173.37980604713766,104.30030155763404,52.00066471285898,62.13309684634392,73.94538643890975,83.77369026905909,-20.609358242404607,0.03454338147973801,0.0,111.103426414072,72.73603116338684,-51.171830140683745,0.10128443456257674
L_V5,C_Vicon_cm,L_V5 with C_Vicon_cm,116.0,24,28818,28818,92.38548868227846,113.31316591297369,176.8999451116371,105.11154550985503,52.62222253388489,62.63340737980482,72.85661204673401,84.41263696547891,-24.0360048972847,0.04559817869129468,0.0,111.96757844356404,72.49786877697707,-51.38849989231751,0.10231503288946453
L_V5,C_Vicon_cm,L_V5 with C_Vicon_cm,118.0,24,28818,28818,93.12885639022798,114.15501613765697,180.428675085159,105.9794363322545,53.24447783371541,63.151791517185906,71.81722477468378,85.10870785925648,-27.449172898320448,0.05766184672202479,0.0,112.8223052893974,72.1445455033504,-51.508325452943126,0.1029825288122157
L_V5,C_Vicon_cm,L_V5 with C_Vicon_cm,120.0,24,28818,28818,93.95950583317205,115.62423787282843,183.94860898571952,106.90151867653043,53.86869412454013,63.6885166433331,71.54208828715969,85.85864862155977,-30.85039896232594,0.07057149290451281,0.0,112.95053326922437,72.17544018543975,-51.544068305399655,0.10332816333561168
