host_elapsed_s,host_epoch_s,sweep,conn_id,peer_name,tag_id,plan,pmode,quality_flag_percent,targets,statuses,qualities
0.031467,1777158943.399127,3094,,BSF66F,,cal_static,4,100,"A,B,C,D","ok,ok,ok,ok","100,100,100,100"
0.179166,1777158943.546826,3095,,BSF66F,,cal_static,4,100,"E,F,G,H","ok,ok,ok,ok","100,100,100,100"
0.409847,1777158943.777507,3096,,BSF66F,,cal_static,4,100,"A,B,C,D","ok,ok,ok,ok","100,100,100,100"
0.593708,1777158943.961368,3097,,BSF66F,,cal_static,4,100,"E,F,G,H","ok,ok,ok,ok","100,100,100,100"
0.771768,1777158944.139428,3098,,BSF66F,,cal_static,4,100,"A,B,C,D","ok,ok,ok,ok","100,100,100,100"
0.981541,1777158944.349201,3099,,BSF66F,,cal_static,4,100,"E,F,G,H","ok,ok,ok,ok","100,100,100,100"
1.261622,1777158944.629282,3100,,BSF66F,,cal_static,4,100,"A,B,C,D","ok,ok,ok,ok","100,100,100,100"
1.364507,1777158944.732167,3101,,BSF66F,,cal_static,4,100,"E,F,G,H","ok,ok,ok,ok","100,100,100,100"
1.62053,1777158944.98819,3102,,BSF66F,,cal_static,4,100,"A,B,C,D","ok,ok,ok,ok","100,100,100,100"
1.778702,1777158945.146362,3103,,BSF66F,,cal_static,4,100,"E,F,G,H","ok,ok,ok,ok","100,100,100,100"
2.030147,1777158945.397807,3104,,BSF66F,,cal_static,4,100,"A,B,C,D","ok,ok,ok,ok","100,100,100,100"
2.159113,1777158945.526773,3105,,BSF66F,,cal_static,4,100,"E,F,G,H","ok,ok,ok,ok","100,100,100,100"
2.423901,1777158945.791561,3106,,BSF66F,,cal_static,4,100,"A,B,C,D","ok,ok,ok,ok","100,100,100,100"
2.571816,1777158945.939476,3107,,BSF66F,,cal_static,4,100,"E,F,G,H","ok,ok,ok,ok","100,100,100,100"
2.751633,1777158946.119293,3108,,BSF66F,,cal_static,4,100,"A,B,C,D","ok,ok,ok,ok","100,100,100,100"
2.986028,1777158946.353688,3109,,BSF66F,,cal_static,4,100,"E,F,G,H","ok,ok,ok,ok","100,100,100,100"
3.164176,1777158946.531836,3110,,BSF66F,,cal_static,4,97,"A,B,C,D","reject,ok,ok,ok","90,100,100,100"
3.396795,1777158946.764455,3111,,BSF66F,,cal_static,4,100,"E,F,G,H","ok,ok,ok,ok","100,100,100,100"
3.49355,1777158946.86121,64591,,BSDC91,,cal_roto,5,89,"A,B,F,G","ok,ok,ok,ok","100,100,56,100"
3.508983,1777158946.876643,61182,,BS2DCE,,cal_roto,5,94,"A,C,E,G","ok,ok,ok,ok","86,100,93,100"
3.555826,1777158946.923486,3112,,BSF66F,,cal_static,4,95,"A,B,C,D","reject,ok,ok,ok","83,100,100,100"
3.6368,1777158947.00446,61183,,BS2DCE,,cal_roto,5,95,"C,A,E,G","ok,ok,ok,ok","100,87,93,100"
3.672008,1777158947.039668,64592,,BSDC91,,cal_roto,5,89,"B,A,F,G","ok,ok,ok,ok","100,100,58,100"
3.779283,1777158947.146943,3113,,BSF66F,,cal_static,4,100,"E,F,G,H","ok,ok,ok,ok","100,100,100,100"
3.816979,1777158947.184639,61184,,BS2DCE,,cal_roto,5,95,"C,A,E,G","ok,ok,ok,ok","100,88,94,100"
3.876697,1777158947.244357,64593,,BSDC91,,cal_roto,5,90,"A,B,F,G","ok,ok,ok,ok","100,100,61,100"
3.95982,1777158947.32748,3114,,BSF66F,,cal_static,4,96,"A,B,C,D","ok,ok,ok,ok","84,100,100,100"
4.019434,1777158947.387094,61185,,BS2DCE,,cal_roto,5,95,"A,C,E,G","ok,ok,ok,ok","88,100,94,100"
4.133858,1777158947.501518,64594,,BSDC91,,cal_roto,5,90,"A,B,F,G","ok,ok,ok,ok","100,100,63,100"
4.170999,1777158947.538659,3115,,BSF66F,,cal_static,4,100,"E,F,G,H","ok,ok,ok,ok","100,100,100,100"
4.229184,1777158947.596844,61186,,BS2DCE,,cal_roto,5,95,"A,C,E,G","ok,ok,ok,ok","89,100,94,100"
4.25929,1777158947.62695,64595,,BSDC91,,cal_roto,5,91,"A,B,F,G","ok,ok,ok,ok","100,100,65,100"
4.424869,1777158947.792529,3116,,BSF66F,,cal_static,4,96,"A,B,C,D","ok,ok,ok,ok","85,100,100,100"
4.433708,1777158947.801368,61187,,BS2DCE,,cal_roto,5,96,"A,C,G,E","ok,ok,ok,ok","90,100,100,95"
4.493022,1777158947.860682,64596,,BSDC91,,cal_roto,5,91,"A,B,F,G","ok,ok,ok,ok","100,100,66,100"
4.581852,1777158947.949512,3117,,BSF66F,,cal_static,4,100,"E,F,G,H","ok,ok,ok,ok","100,100,100,100"
4.641778,1777158948.009438,61188,,BS2DCE,,cal_roto,5,96,"A,C,G,E","ok,ok,ok,ok","90,100,100,95"
4.673552,1777158948.041212,64597,,BSDC91,,cal_roto,5,92,"A,B,G,F","ok,ok,ok,ok","100,100,100,68"
4.839182,1777158948.206842,3118,,BSF66F,,cal_static,4,96,"A,B,C,D","ok,ok,ok,ok","86,100,100,100"
4.844316,1777158948.211976,61189,,BS2DCE,,cal_roto,5,96,"A,C,E,G","ok,ok,ok,ok","90,100,95,100"
4.881575,1777158948.249235,64598,,BSDC91,,cal_roto,5,92,"A,B,F,G","ok,ok,ok,ok","100,100,69,100"
4.964207,1777158948.331867,3119,,BSF66F,,cal_static,4,100,"E,F,G,H","ok,ok,ok,ok","100,100,100,100"
5.025831,1777158948.393491,61190,,BS2DCE,,cal_roto,5,96,"A,C,E,G","ok,ok,ok,ok","91,100,95,100"
5.084217,1777158948.451877,64599,,BSDC91,,cal_roto,5,92,"A,B,F,G","ok,ok,ok,ok","100,100,70,100"
5.220132,1777158948.587792,3120,,BSF66F,,cal_static,4,96,"A,B,C,D","ok,ok,ok,ok","87,100,100,100"
5.23409,1777158948.60175,61191,,BS2DCE,,cal_roto,5,96,"C,A,E,G","ok,ok,ok,ok","100,91,95,100"
5.294146,1777158948.661806,64600,,BSDC91,,cal_roto,5,93,"B,A,F,G","ok,ok,ok,ok","100,100,72,100"
5.378446,1777158948.746106,3121,,BSF66F,,cal_static,4,100,"E,F,G,H","ok,ok,ok,ok","100,100,100,100"
5.43467,1777158948.80233,61192,,BS2DCE,,cal_roto,5,97,"C,A,E,G","ok,ok,ok,ok","100,92,96,100"
5.474106,1777158948.841766,64601,,BSDC91,,cal_roto,5,93,"A,B,F,G","ok,ok,ok,ok","100,100,73,100"
5.609203,1777158948.976863,3122,,BSF66F,,cal_static,4,95,"A,B,C,D","reject,ok,ok,ok","82,100,100,100"
5.618415,1777158948.986075,61193,,BS2DCE,,cal_roto,5,97,"A,C,E,G","ok,ok,ok,ok","92,100,96,100"
5.676742,1777158949.044402,64602,,BSDC91,,cal_roto,5,93,"A,B,F,G","ok,ok,ok,ok","100,100,74,100"
5.789235,1777158949.156895,3123,,BSF66F,,cal_static,4,100,"E,F,G,H","ok,ok,ok,ok","100,100,100,100"
5.819255,1777158949.186915,61194,,BS2DCE,,cal_roto,5,97,"A,C,E,G","ok,ok,ok,ok","92,100,96,100"
5.935005,1777158949.302665,64603,,BSDC91,,cal_roto,5,93,"A,B,F,G","ok,ok,ok,ok","100,100,75,100"
6.02425,1777158949.39191,3124,,BSF66F,,cal_static,4,95,"A,B,C,D","ok,ok,ok,ok","83,100,100,100"
6.05178,1777158949.41944,61195,,BS2DCE,,cal_roto,5,97,"A,C,G,E","ok,ok,ok,ok","92,100,100,96"
6.089506,1777158949.457166,64604,,BSDC91,,cal_roto,5,93,"A,B,F,G","ok,ok,ok,ok","100,100,75,100"
6.171873,1777158949.539533,3125,,BSF66F,,cal_static,4,100,"E,F,G,H","ok,ok,ok,ok","100,100,100,100"
6.312173,1777158949.679833,61196,,BS2DCE,,cal_roto,5,97,"A,C,G,E","ok,ok,ok,ok","93,100,100,96"
6.321761,1777158949.689421,64605,,BSDC91,,cal_roto,5,94,"A,B,G,F","ok,ok,ok,ok","100,100,100,76"
6.351959,1777158949.719619,3126,,BSF66F,,cal_static,4,93,"A,B,C,D","reject,ok,ok,timeout","78,100,100,94"
6.473546,1777158949.841206,64606,,BSDC91,,cal_roto,5,94,"A,B,F,G","ok,ok,ok,ok","100,100,77,100"
6.491785,1777158949.859445,61197,,BS2DCE,,cal_roto,5,97,"A,C,E,G","ok,ok,ok,ok","93,100,96,100"
6.563757,1777158949.931417,3127,,BSF66F,,cal_static,4,98,"E,F,G,H","ok,ok,ok,timeout","100,100,100,95"
6.674264,1777158950.041924,61198,,BS2DCE,,cal_roto,5,97,"A,C,E,G","ok,ok,ok,ok","93,100,96,100"
6.681929,1777158950.049589,64607,,BSDC91,,cal_roto,5,94,"A,B,F,G","ok,ok,ok,ok","100,100,78,100"
6.826188,1777158950.193848,61199,,BS2DCE,,cal_roto,5,97,"C,A,E,G","ok,ok,ok,ok","100,93,96,100"
6.837414,1777158950.205074,3128,,BSF66F,,cal_static,4,93,"A,B,C,D","ok,ok,ok,ok","80,100,100,95"
6.882547,1777158950.250207,64608,,BSDC91,,cal_roto,5,95,"B,A,F,G","ok,ok,ok,ok","100,100,82,100"
6.996923,1777158950.364583,3129,,BSF66F,,cal_static,4,98,"E,F,G,H","ok,ok,ok,ok","100,100,100,95"
7.032712,1777158950.400372,61200,,BS2DCE,,cal_roto,5,98,"C,A,E,G","ok,ok,ok,ok","100,94,100,100"
7.066121,1777158950.433781,64609,,BSDC91,,cal_roto,5,95,"A,B,F,G","ok,ok,ok,ok","100,100,83,100"
7.231907,1777158950.599567,3130,,BSF66F,,cal_static,4,93,"A,B,C,D","ok,ok,ok,ok","80,100,100,95"
7.236924,1777158950.604584,61201,,BS2DCE,,cal_roto,5,98,"A,C,E,G","ok,ok,ok,ok","94,100,100,100"
7.274305,1777158950.641965,64610,,BSDC91,,cal_roto,5,96,"A,B,F,G","ok,ok,ok,ok","100,100,84,100"
7.379397,1777158950.747057,3131,,BSF66F,,cal_static,4,98,"E,F,G,H","ok,ok,ok,ok","100,100,100,95"
7.418472,1777158950.786132,61202,,BS2DCE,,cal_roto,5,98,"A,C,E,G","ok,ok,ok,ok","94,100,100,100"
7.47672,1777158950.84438,64611,,BSDC91,,cal_roto,5,96,"A,B,F,G","ok,ok,ok,ok","100,100,85,100"
7.612107,1777158950.979767,3132,,BSF66F,,cal_static,4,94,"A,B,C,D","ok,ok,ok,ok","81,100,100,95"
7.619523,1777158950.987183,61203,,BS2DCE,,cal_roto,5,98,"A,C,G,E","ok,ok,ok,ok","95,100,100,100"
7.681133,1777158951.048793,64612,,BSDC91,,cal_roto,5,96,"A,B,F,G","ok,ok,ok,ok","100,100,85,100"
7.794236,1777158951.161896,3133,,BSF66F,,cal_static,4,98,"E,F,G,H","ok,ok,ok,ok","100,100,100,95"
7.829316,1777158951.196976,61204,,BS2DCE,,cal_roto,5,98,"A,C,G,E","ok,ok,ok,ok","95,100,100,100"
7.889271,1777158951.256931,64613,,BSDC91,,cal_roto,5,96,"A,B,G,F","ok,ok,ok,ok","100,100,100,86"
8.001805,1777158951.369465,3134,,BSF66F,,cal_static,4,94,"A,B,C,D","ok,ok,ok,ok","82,100,100,95"
8.033879,1777158951.401539,61205,,BS2DCE,,cal_roto,5,98,"A,C,E,G","ok,ok,ok,ok","95,100,100,100"
8.122956,1777158951.490616,64614,,BSDC91,,cal_roto,5,96,"A,B,F,G","ok,ok,ok,ok","100,100,86,100"
8.181767,1777158951.549427,3135,,BSF66F,,cal_static,4,98,"E,F,G,H","ok,ok,ok,ok","100,100,100,95"
8.241727,1777158951.609387,61206,,BS2DCE,,cal_roto,5,98,"A,C,E,G","ok,ok,ok,ok","95,100,100,100"
8.273663,1777158951.641323,64615,,BSDC91,,cal_roto,5,96,"A,B,F,G","ok,ok,ok,ok","100,100,87,100"
8.437319,1777158951.804979,3136,,BSF66F,,cal_static,4,94,"A,B,C,D","ok,ok,ok,ok","83,100,100,95"
8.44441,1777158951.81207,61207,,BS2DCE,,cal_roto,5,98,"C,A,E,G","ok,ok,ok,ok","100,95,100,100"
8.479967,1777158951.847627,64616,,BSDC91,,cal_roto,5,97,"B,A,F,G","ok,ok,ok,ok","100,100,88,100"
8.564527,1777158951.932187,3137,,BSF66F,,cal_static,4,99,"E,F,G,H","ok,ok,ok,ok","100,100,100,96"
8.624521,1777158951.992181,61208,,BS2DCE,,cal_roto,5,99,"C,A,E,G","ok,ok,ok,ok","100,96,100,100"
8.684692,1777158952.052352,64617,,BSDC91,,cal_roto,5,97,"A,B,F,G","ok,ok,ok,ok","100,100,88,100"
8.834374,1777158952.202034,61209,,BS2DCE,,cal_roto,5,99,"A,C,E,G","ok,ok,ok,ok","96,100,100,100"
8.848966,1777158952.216626,3138,,BSF66F,,cal_static,4,95,"A,B,C,D","ok,ok,ok,ok","84,100,100,96"
8.866317,1777158952.233977,64618,,BSDC91,,cal_roto,5,97,"A,B,F,G","ok,ok,ok,ok","100,100,88,100"
8.978618,1777158952.346278,3139,,BSF66F,,cal_static,4,99,"E,F,G,H","ok,ok,ok,ok","100,100,100,96"
9.037112,1777158952.404772,61210,,BS2DCE,,cal_roto,5,99,"A,C,E,G","ok,ok,ok,ok","96,100,100,100"
9.074253,1777158952.441913,64619,,BSDC91,,cal_roto,5,97,"A,B,F,G","ok,ok,ok,ok","100,100,89,100"
9.179743,1777158952.547403,3140,,BSF66F,,cal_static,4,94,"A,B,C,D","reject,ok,ok,ok","80,100,100,96"
9.218578,1777158952.586238,61211,,BS2DCE,,cal_roto,5,99,"A,C,G,E","ok,ok,ok,ok","96,100,100,100"
9.276859,1777158952.644519,64620,,BSDC91,,cal_roto,5,97,"A,B,F,G","ok,ok,ok,ok","100,100,89,100"
9.359314,1777158952.726974,3141,,BSF66F,,cal_static,4,99,"E,F,G,H","ok,ok,ok,ok","100,100,100,96"
9.419332,1777158952.786992,61212,,BS2DCE,,cal_roto,5,99,"A,C,G,E","ok,ok,ok,ok","96,100,100,100"
9.481103,1777158952.848763,64621,,BSDC91,,cal_roto,5,97,"A,B,G,F","ok,ok,ok,ok","100,100,100,90"
9.6242,1777158952.99186,3142,,BSF66F,,cal_static,4,94,"A,B,C,D","ok,ok,ok,ok","81,100,100,96"
9.629323,1777158952.996983,61213,,BS2DCE,,cal_roto,5,99,"A,C,E,G","ok,ok,ok,ok","96,100,100,100"
9.659501,1777158953.027161,64622,,BSDC91,,cal_roto,5,97,"A,B,F,G","ok,ok,ok,ok","100,100,90,100"
9.771873,1777158953.139533,3143,,BSF66F,,cal_static,4,99,"E,F,G,H","ok,ok,ok,ok","100,100,100,96"
9.833936,1777158953.201596,61214,,BS2DCE,,cal_roto,5,99,"A,C,E,G","ok,ok,ok,ok","96,100,100,100"
9.891809,1777158953.259469,64623,,BSDC91,,cal_roto,5,97,"A,B,F,G","ok,ok,ok,ok","100,100,90,100"
10.004152,1777158953.371812,3144,,BSF66F,,cal_static,4,94,"A,B,C,D","ok,ok,ok,ok","82,100,100,96"
10.041902,1777158953.409562,61215,,BS2DCE,,cal_roto,5,99,"C,A,E,G","ok,ok,ok,ok","100,96,100,100"
10.071848,1777158953.439508,64624,,BSDC91,,cal_roto,5,98,"B,A,F,G","ok,ok,ok,ok","100,100,94,100"
10.186696,1777158953.554356,3145,,BSF66F,,cal_static,4,99,"E,F,G,H","ok,ok,ok,ok","100,100,100,96"
10.281868,1777158953.649528,64625,,BSDC91,,cal_roto,5,98,"A,B,F,G","ok,ok,ok,ok","100,100,94,100"
10.294902,1777158953.662562,61216,,BS2DCE,,cal_roto,5,100,"C,A,E,G","ok,ok,ok,ok","100,100,100,100"
10.364332,1777158953.731992,3146,,BSF66F,,cal_static,4,93,"A,B,C,D","reject,ok,ok,ok","79,100,100,96"
10.426262,1777158953.793922,61217,,BS2DCE,,cal_roto,5,100,"A,C,E,G","ok,ok,ok,ok","100,100,100,100"
10.485174,1777158953.852834,64626,,BSDC91,,cal_roto,5,98,"A,B,F,G","ok,ok,ok,ok","100,100,94,100"
10.596946,1777158953.964606,3147,,BSF66F,,cal_static,4,99,"E,F,G,H","ok,ok,ok,ok","100,100,100,96"
10.634911,1777158954.002571,61218,,BS2DCE,,cal_roto,5,100,"A,C,E,G","ok,ok,ok,ok","100,100,100,100"
10.666048,1777158954.033708,64627,,BSDC91,,cal_roto,5,98,"A,B,F,G","ok,ok,ok,ok","100,100,95,100"
10.756102,1777158954.123762,3148,,BSF66F,,cal_static,4,93,"A,B,C,D","reject,ok,ok,ok","76,100,100,96"
10.837083,1777158954.204743,61219,,BS2DCE,,cal_roto,5,100,"A,C,G,E","ok,ok,ok,ok","100,100,100,100"
10.874355,1777158954.242015,64628,,BSDC91,,cal_roto,5,98,"A,B,F,G","ok,ok,ok,ok","100,100,95,100"
10.979538,1777158954.347198,3149,,BSF66F,,cal_static,4,99,"E,F,G,H","ok,ok,ok,ok","100,100,100,96"
11.018857,1777158954.386517,61220,,BS2DCE,,cal_roto,5,100,"A,C,G,E","ok,ok,ok,ok","100,100,100,100"
11.07686,1777158954.44452,64629,,BSDC91,,cal_roto,5,98,"A,B,G,F","ok,ok,ok,ok","100,100,100,95"
11.21214,1777158954.5798,3150,,BSF66F,,cal_static,4,93,"A,B,C,D","ok,ok,ok,ok","77,100,100,96"
11.219723,1777158954.587383,61221,,BS2DCE,,cal_roto,5,100,"A,C,E,G","ok,ok,ok,ok","100,100,100,100"
11.281657,1777158954.649317,64630,,BSDC91,,cal_roto,5,98,"A,B,F,G","ok,ok,ok,ok","100,100,95,100"
11.371222,1777158954.738882,3151,,BSF66F,,cal_static,4,99,"E,F,G,H","ok,ok,ok,ok","100,100,100,96"
11.45047,1777158954.81813,61222,,BS2DCE,,cal_roto,5,100,"A,C,E,G","ok,ok,ok,ok","100,100,100,100"
11.46098,1777158954.82864,64631,,BSDC91,,cal_roto,5,98,"A,B,F,G","ok,ok,ok,ok","100,100,95,100"
11.549521,1777158954.917181,3152,,BSF66F,,cal_static,4,91,"A,B,C,D","ok,timeout,timeout,ok","78,96,96,96"
11.63405,1777158955.00171,61223,,BS2DCE,,cal_roto,5,100,"C,A,E,G","ok,ok,ok,ok","100,100,100,100"
11.689977,1777158955.057637,64632,,BSDC91,,cal_roto,5,99,"B,A,F,G","ok,ok,ok,ok","100,100,96,100"
11.782352,1777158955.150012,3153,,BSF66F,,cal_static,4,100,"E,F,G,H","ok,ok,ok,ok","100,100,100,100"
11.840024,1777158955.207684,61224,,BS2DCE,,cal_roto,5,100,"C,A,E,G","ok,ok,ok,ok","100,100,100,100"
11.901321,1777158955.268981,64633,,BSDC91,,cal_roto,5,99,"A,B,F,G","ok,ok,ok,ok","100,100,96,100"
12.039552,1777158955.407212,3154,,BSF66F,,cal_static,4,95,"A,B,C,D","ok,ok,ok,ok","82,100,100,100"
12.044801,1777158955.412461,61225,,BS2DCE,,cal_roto,5,100,"A,C,E,G","ok,ok,ok,ok","100,100,100,100"
12.081832,1777158955.449492,64634,,BSDC91,,cal_roto,5,99,"A,B,F,G","ok,ok,ok,ok","100,100,96,100"
12.164468,1777158955.532128,3155,,BSF66F,,cal_static,4,100,"E,F,G,H","ok,ok,ok,ok","100,100,100,100"
12.255868,1777158955.623528,61226,,BS2DCE,,cal_roto,5,100,"A,C,E,G","ok,ok,ok,ok","100,100,100,100"
12.334868,1777158955.702528,64635,,BSDC91,,cal_roto,5,99,"A,B,F,G","ok,ok,ok,ok","100,100,96,100"
12.419908,1777158955.787568,3156,,BSF66F,,cal_static,4,95,"A,B,C,D","ok,ok,ok,ok","83,100,100,100"
12.478828,1777158955.846488,61227,,BS2DCE,,cal_roto,5,100,"A,C,G,E","ok,ok,ok,ok","100,100,100,100"
12.53894,1777158955.9066,64636,,BSDC91,,cal_roto,5,99,"A,B,F,G","ok,ok,ok,ok","100,100,96,100"
12.579253,1777158955.946913,3157,,BSF66F,,cal_static,4,100,"E,F,G,H","ok,ok,ok,ok","100,100,100,100"
12.637034,1777158956.004694,61228,,BS2DCE,,cal_roto,5,100,"A,C,G,E","ok,ok,ok,ok","100,100,100,100"
12.674463,1777158956.042123,64637,,BSDC91,,cal_roto,5,99,"A,B,G,F","ok,ok,ok,ok","100,100,100,96"
12.779728,1777158956.147388,3158,,BSF66F,,cal_static,4,96,"A,B,C,D","ok,ok,ok,ok","84,100,100,100"
12.818979,1777158956.186639,61229,,BS2DCE,,cal_roto,5,100,"A,C,E,G","ok,ok,ok,ok","100,100,100,100"
12.876887,1777158956.244547,64638,,BSDC91,,cal_roto,5,99,"A,B,F,G","ok,ok,ok,ok","100,100,96,100"
12.987778,1777158956.355438,3159,,BSF66F,,cal_static,4,100,"E,F,G,H","ok,ok,ok,ok","100,100,100,100"
13.019995,1777158956.387655,61230,,BS2DCE,,cal_roto,5,100,"A,C,E,G","ok,ok,ok,ok","100,100,100,100"
13.081369,1777158956.449029,64639,,BSDC91,,cal_roto,5,99,"A,B,F,G","ok,ok,ok,ok","100,100,96,100"
13.222914,1777158956.590574,3160,,BSF66F,,cal_static,4,96,"A,B,C,D","ok,ok,ok,ok","85,100,100,100"
13.229673,1777158956.597333,61231,,BS2DCE,,cal_roto,5,100,"C,A,E,G","ok,ok,ok,ok","100,100,100,100"
13.309443,1777158956.677103,64640,,BSDC91,,cal_roto,5,100,"B,A,F,G","ok,ok,ok,ok","100,100,100,100"
13.371938,1777158956.739598,3161,,BSF66F,,cal_static,4,100,"E,F,G,H","ok,ok,ok,ok","100,100,100,100"
13.432071,1777158956.799731,61232,,BS2DCE,,cal_roto,5,100,"C,A,E,G","ok,ok,ok,ok","100,100,100,100"
13.493964,1777158956.861624,64641,,BSDC91,,cal_roto,5,100,"A,B,F,G","ok,ok,ok,ok","100,100,100,100"
13.605384,1777158956.973044,3162,,BSF66F,,cal_static,4,96,"A,B,C,D","ok,ok,ok,ok","85,100,100,100"
13.642746,1777158957.010406,61233,,BS2DCE,,cal_roto,5,100,"A,C,E,G","ok,ok,ok,ok","100,100,100,100"
13.674277,1777158957.041937,64642,,BSDC91,,cal_roto,5,100,"A,B,F,G","ok,ok,ok,ok","100,100,100,100"
13.786495,1777158957.154155,3163,,BSF66F,,cal_static,4,100,"E,F,G,H","ok,ok,ok,ok","100,100,100,100"
13.874444,1777158957.242104,61234,,BS2DCE,,cal_roto,5,100,"A,C,E,G","ok,ok,ok,ok","100,100,100,100"
13.882042,1777158957.249702,64643,,BSDC91,,cal_roto,5,100,"A,B,F,G","ok,ok,ok,ok","100,100,100,100"
13.991415,1777158957.359075,3164,,BSF66F,,cal_static,4,95,"A,B,C,D","reject,ok,ok,ok","81,100,100,100"
14.026877,1777158957.394537,61235,,BS2DCE,,cal_roto,5,100,"A,C,G,E","ok,ok,ok,ok","100,100,100,100"
14.084806,1777158957.452466,64644,,BSDC91,,cal_roto,5,100,"A,B,F,G","ok,ok,ok,ok","100,100,100,100"
14.19694,1777158957.5646,3165,,BSF66F,,cal_static,4,100,"E,F,G,H","ok,ok,ok,ok","100,100,100,100"
14.266453,1777158957.634113,64645,,BSDC91,,cal_roto,5,100,"A,B,G,F","ok,ok,ok,ok","100,100,100,100"
14.279925,1777158957.647585,61236,,BS2DCE,,cal_roto,5,100,"A,C,G,E","ok,ok,ok,ok","100,100,100,100"
14.379587,1777158957.747247,3166,,BSF66F,,cal_static,4,95,"A,B,C,D","ok,ok,ok,ok","82,100,100,100"
14.436985,1777158957.804645,61237,,BS2DCE,,cal_roto,5,100,"A,C,E,G","ok,ok,ok,ok","100,100,100,100"
14.474461,1777158957.842121,64646,,BSDC91,,cal_roto,5,100,"A,B,F,G","ok,ok,ok,ok","100,100,100,100"
14.609879,1777158957.977539,3167,,BSF66F,,cal_static,4,100,"E,F,G,H","ok,ok,ok,ok","100,100,100,100"
14.618788,1777158957.986448,61238,,BS2DCE,,cal_roto,5,100,"A,C,E,G","ok,ok,ok,ok","100,100,100,100"
14.677034,1777158958.044694,64647,,BSDC91,,cal_roto,5,100,"A,B,F,G","ok,ok,ok,ok","100,100,100,100"
14.819603,1777158958.187263,61239,,BS2DCE,,cal_roto,5,100,"C,A,E,G","ok,ok,ok,ok","100,100,100,100"
14.84057,1777158958.20823,3168,,BSF66F,,cal_static,4,95,"A,B,C,D","ok,ok,ok,ok","83,100,100,100"
14.879786,1777158958.247446,64648,,BSDC91,,cal_roto,5,100,"B,A,F,G","ok,ok,ok,ok","100,100,100,100"
14.971457,1777158958.339117,3169,,BSF66F,,cal_static,4,100,"E,F,G,H","ok,ok,ok,ok","100,100,100,100"
15.02798,1777158958.39564,61240,,BS2DCE,,cal_roto,5,100,"C,A,E,G","ok,ok,ok,ok","100,100,100,100"
15.059686,1777158958.427346,64649,,BSDC91,,cal_roto,5,100,"A,B,F,G","ok,ok,ok,ok","100,100,100,100"
15.171961,1777158958.539621,3170,,BSF66F,,cal_static,4,96,"A,B,C,D","ok,ok,ok,ok","84,100,100,100"
15.234078,1777158958.601738,61241,,BS2DCE,,cal_roto,5,100,"A,C,E,G","ok,ok,ok,ok","100,100,100,100"
15.292284,1777158958.659944,64650,,BSDC91,,cal_roto,5,100,"A,B,F,G","ok,ok,ok,ok","100,100,100,100"
15.382193,1777158958.749853,3171,,BSF66F,,cal_static,4,100,"E,F,G,H","ok,ok,ok,ok","100,100,100,100"
15.442038,1777158958.809698,61242,,BS2DCE,,cal_roto,5,100,"A,C,E,G","ok,ok,ok,ok","100,100,100,100"
15.47397,1777158958.84163,64651,,BSDC91,,cal_roto,5,100,"A,B,F,G","ok,ok,ok,ok","100,100,100,100"
15.639635,1777158959.007295,3172,,BSF66F,,cal_static,4,96,"A,B,C,D","ok,ok,ok,ok","84,100,100,100"
15.644908,1777158959.012568,61243,,BS2DCE,,cal_roto,5,100,"A,C,G,E","ok,ok,ok,ok","100,100,100,100"
15.682148,1777158959.049808,64652,,BSDC91,,cal_roto,5,100,"A,B,F,G","ok,ok,ok,ok","100,100,100,100"
15.764951,1777158959.132611,3173,,BSF66F,,cal_static,4,100,"E,F,G,H","ok,ok,ok,ok","100,100,100,100"
15.826648,1777158959.194308,61244,,BS2DCE,,cal_roto,5,100,"A,C,G,E","ok,ok,ok,ok","100,100,100,100"
15.885022,1777158959.252682,64653,,BSDC91,,cal_roto,5,100,"A,B,G,F","ok,ok,ok,ok","100,100,100,100"
16.019834,1777158959.387494,3174,,BSF66F,,cal_static,4,96,"A,B,C,D","ok,ok,ok,ok","85,100,100,100"
16.034961,1777158959.402621,61245,,BS2DCE,,cal_roto,5,100,"A,C,E,G","ok,ok,ok,ok","100,100,100,100"
16.066555,1777158959.434215,64654,,BSDC91,,cal_roto,5,100,"A,B,F,G","ok,ok,ok,ok","100,100,100,100"
16.179249,1777158959.546909,3175,,BSF66F,,cal_static,4,100,"E,F,G,H","ok,ok,ok,ok","100,100,100,100"
16.238734,1777158959.606394,61246,,BS2DCE,,cal_roto,5,100,"A,C,E,G","ok,ok,ok,ok","100,100,100,100"
16.294137,1777158959.661797,64655,,BSDC91,,cal_roto,5,100,"A,B,F,G","ok,ok,ok,ok","100,100,100,100"
16.409889,1777158959.777549,3176,,BSF66F,,cal_static,4,95,"A,B,C,D","ok,ok,ok,timeout","85,100,100,96"
16.418965,1777158959.786625,61247,,BS2DCE,,cal_roto,5,100,"C,A,E,G","ok,ok,ok,ok","100,100,100,100"
16.475058,1777158959.842718,64656,,BSDC91,,cal_roto,5,100,"B,A,F,G","ok,ok,ok,ok","100,100,100,100"
16.559832,1777158959.927492,3177,,BSF66F,,cal_static,4,98,"E,F,G,H","ok,ok,timeout,timeout","100,100,96,96"
16.621911,1777158959.989571,61248,,BS2DCE,,cal_roto,5,100,"C,A,E,G","ok,ok,ok,ok","100,100,100,100"
16.681967,1777158960.049627,64657,,BSDC91,,cal_roto,5,100,"A,B,F,G","ok,ok,ok,ok","100,100,100,100"
16.84299,1777158960.21065,3178,,BSF66F,,cal_static,4,95,"A,B,C,D","ok,ok,ok,ok","86,100,100,96"
16.851133,1777158960.218793,61249,,BS2DCE,,cal_roto,5,100,"A,C,E,G","ok,ok,ok,ok","100,100,100,100"
16.889757,1777158960.257417,64658,,BSDC91,,cal_roto,5,100,"A,B,F,G","ok,ok,ok,ok","100,100,100,100"
16.971936,1777158960.339596,3179,,BSF66F,,cal_static,4,98,"E,F,G,H","ok,ok,ok,ok","100,100,96,96"
17.084307,1777158960.451967,61250,,BS2DCE,,cal_roto,5,100,"A,C,E,G","ok,ok,ok,ok","100,100,100,100"
17.145706,1777158960.513366,64659,,BSDC91,,cal_roto,5,100,"A,B,F,G","ok,ok,ok,ok","100,100,100,100"
17.182025,1777158960.549685,3180,,BSF66F,,cal_static,4,95,"A,B,C,D","ok,ok,ok,ok","86,100,100,96"
17.242433,1777158960.610093,61251,,BS2DCE,,cal_roto,5,100,"A,C,G,E","ok,ok,ok,ok","100,100,100,100"
17.352128,1777158960.719788,64660,,BSDC91,,cal_roto,5,100,"A,B,F,G","ok,ok,ok,ok","100,100,100,100"
17.38652,1777158960.75418,3181,,BSF66F,,cal_static,4,98,"E,F,G,H","ok,ok,ok,ok","100,100,96,96"
17.44468,1777158960.81234,61252,,BS2DCE,,cal_roto,5,100,"A,C,G,E","ok,ok,ok,ok","100,100,100,100"
17.482097,1777158960.849757,64661,,BSDC91,,cal_roto,5,100,"A,B,G,F","ok,ok,ok,ok","100,100,100,100"
17.617307,1777158960.984967,3182,,BSF66F,,cal_static,4,95,"A,B,C,D","ok,ok,ok,ok","87,100,100,96"
17.626992,1777158960.994652,61253,,BS2DCE,,cal_roto,5,100,"A,C,E,G","ok,ok,ok,ok","100,100,100,100"
17.712946,1777158961.080606,64662,,BSDC91,,cal_roto,5,100,"A,B,F,G","ok,ok,ok,ok","100,100,100,100"
17.797597,1777158961.165257,3183,,BSF66F,,cal_static,4,98,"E,F,G,H","ok,ok,ok,ok","100,100,96,96"
17.834981,1777158961.202641,61254,,BS2DCE,,cal_roto,5,100,"A,C,E,G","ok,ok,ok,ok","100,100,100,100"
17.866462,1777158961.234122,64663,,BSDC91,,cal_roto,5,100,"A,B,F,G","ok,ok,ok,ok","100,100,100,100"
17.979125,1777158961.346785,3184,,BSF66F,,cal_static,4,95,"A,B,C,D","ok,ok,ok,ok","87,100,100,96"
18.037513,1777158961.405173,61255,,BS2DCE,,cal_roto,5,100,"C,A,E,G","ok,ok,ok,ok","100,100,100,100"
18.072976,1777158961.440636,64664,,BSDC91,,cal_roto,5,100,"B,A,F,G","ok,ok,ok,ok","100,100,100,100"
18.179804,1777158961.547464,3185,,BSF66F,,cal_static,4,100,"E,F,G,H","ok,ok,ok,ok","100,100,100,100"
18.217454,1777158961.585114,61256,,BS2DCE,,cal_roto,5,100,"C,A,E,G","ok,ok,ok,ok","100,100,100,100"
18.277111,1777158961.644771,64665,,BSDC91,,cal_roto,5,100,"A,B,F,G","ok,ok,ok,ok","100,100,100,100"
18.36004,1777158961.7277,3186,,BSF66F,,cal_static,4,97,"A,B,C,D","ok,ok,ok,ok","88,100,100,100"
18.423118,1777158961.790778,61257,,BS2DCE,,cal_roto,5,100,"A,C,E,G","ok,ok,ok,ok","100,100,100,100"
18.481584,1777158961.849244,64666,,BSDC91,,cal_roto,5,100,"A,B,F,G","ok,ok,ok,ok","100,100,100,100"
18.589743,1777158961.957403,3187,,BSF66F,,cal_static,4,100,"E,F,G,H","ok,ok,ok,ok","100,100,100,100"
18.629976,1777158961.997636,61258,,BS2DCE,,cal_roto,5,100,"A,C,E,G","ok,ok,ok,ok","100,100,100,100"
18.660033,1777158962.027693,64667,,BSDC91,,cal_roto,5,100,"A,B,F,G","ok,ok,ok,ok","100,100,100,100"
18.824786,1777158962.192446,3188,,BSF66F,,cal_static,4,97,"A,B,C,D","ok,ok,ok,ok","88,100,100,100"
18.834222,1777158962.201882,61259,,BS2DCE,,cal_roto,5,100,"A,C,G,E","ok,ok,ok,ok","100,100,100,100"
18.892357,1777158962.260017,64668,,BSDC91,,cal_roto,5,100,"A,B,F,G","ok,ok,ok,ok","100,100,100,100"
18.983059,1777158962.350719,3189,,BSF66F,,cal_static,4,100,"E,F,G,H","ok,ok,ok,ok","100,100,100,100"
19.042244,1777158962.409904,61260,,BS2DCE,,cal_roto,5,100,"A,C,G,E","ok,ok,ok,ok","100,100,100,100"
19.074168,1777158962.441828,64669,,BSDC91,,cal_roto,5,100,"A,B,G,F","ok,ok,ok,ok","100,100,100,100"
19.163838,1777158962.531498,3190,,BSF66F,,cal_static,4,96,"A,B,C,D","reject,ok,ok,ok","84,100,100,100"
19.274608,1777158962.642268,61261,,BS2DCE,,cal_roto,5,100,"A,C,E,G","ok,ok,ok,ok","100,100,100,100"
19.28201,1777158962.64967,64670,,BSDC91,,cal_roto,5,100,"A,B,F,G","ok,ok,ok,ok","100,100,100,100"
19.365076,1777158962.732736,3191,,BSF66F,,cal_static,4,100,"E,F,G,H","ok,ok,ok,ok","100,100,100,100"
19.426862,1777158962.794522,61262,,BS2DCE,,cal_roto,5,100,"A,C,E,G","ok,ok,ok,ok","100,100,100,100"
19.48468,1777158962.85234,64671,,BSDC91,,cal_roto,5,100,"A,B,F,G","ok,ok,ok,ok","100,100,100,100"
19.618341,1777158962.986001,3192,,BSF66F,,cal_static,4,96,"A,B,C,D","ok,ok,ok,ok","85,100,100,100"
19.635029,1777158963.002689,61263,,BS2DCE,,cal_roto,5,100,"C,A,E,G","ok,ok,ok,ok","100,100,100,100"
19.693504,1777158963.061164,64672,,BSDC91,,cal_roto,5,100,"B,A,F,G","ok,ok,ok,ok","100,100,100,100"
19.779162,1777158963.146822,3193,,BSF66F,,cal_static,4,100,"E,F,G,H","ok,ok,ok,ok","100,100,100,100"
19.835766,1777158963.203426,61264,,BS2DCE,,cal_roto,5,100,"C,A,E,G","ok,ok,ok,ok","100,100,100,100"
19.897171,1777158963.264831,64673,,BSDC91,,cal_roto,5,100,"A,B,F,G","ok,ok,ok,ok","100,100,100,100"
20.010433,1777158963.378093,3194,,BSF66F,,cal_static,4,96,"A,B,C,D","ok,ok,ok,ok","85,100,100,100"
20.041913,1777158963.409573,61265,,BS2DCE,,cal_roto,5,100,"A,C,E,G","ok,ok,ok,ok","100,100,100,100"
20.159718,1777158963.527378,3195,,BSF66F,,cal_static,4,100,"E,F,G,H","ok,ok,ok,ok","100,100,100,100"
20.180896,1777158963.548556,64674,,BSDC91,,cal_roto,5,100,"A,B,F,G","ok,ok,ok,ok","100,100,100,100"
20.249948,1777158963.617608,61266,,BS2DCE,,cal_roto,5,100,"A,C,E,G","ok,ok,ok,ok","100,100,100,100"
20.333484,1777158963.701144,64675,,BSDC91,,cal_roto,5,100,"A,B,F,G","ok,ok,ok,ok","100,100,100,100"
20.424466,1777158963.792126,3196,,BSF66F,,cal_static,4,96,"A,B,C,D","ok,ok,ok,ok","86,100,100,100"
20.430167,1777158963.797827,61267,,BS2DCE,,cal_roto,5,100,"A,C,G,E","ok,ok,ok,ok","100,100,100,100"
20.489737,1777158963.857397,64676,,BSDC91,,cal_roto,5,100,"A,B,F,G","ok,ok,ok,ok","100,100,100,100"
20.572307,1777158963.939967,3197,,BSF66F,,cal_static,4,100,"E,F,G,H","ok,ok,ok,ok","100,100,100,100"
20.634382,1777158964.002042,61268,,BS2DCE,,cal_roto,5,100,"A,C,G,E","ok,ok,ok,ok","100,100,100,100"
20.69241,1777158964.06007,64677,,BSDC91,,cal_roto,5,100,"A,B,G,F","ok,ok,ok,ok","100,100,100,100"
20.80514,1777158964.1728,3198,,BSF66F,,cal_static,4,96,"A,B,C,D","ok,ok,ok,ok","86,100,100,100"
20.842335,1777158964.209995,61269,,BS2DCE,,cal_roto,5,100,"A,C,E,G","ok,ok,ok,ok","100,100,100,100"
20.87426,1777158964.24192,64678,,BSDC91,,cal_roto,5,100,"A,B,F,G","ok,ok,ok,ok","100,100,100,100"
20.987,1777158964.35466,3199,,BSF66F,,cal_static,4,100,"E,F,G,H","ok,ok,ok,ok","100,100,100,100"
21.045059,1777158964.412719,61270,,BS2DCE,,cal_roto,5,100,"A,C,E,G","ok,ok,ok,ok","100,100,100,100"
21.082326,1777158964.449986,64679,,BSDC91,,cal_roto,5,100,"A,B,F,G","ok,ok,ok,ok","100,100,100,100"
21.164803,1777158964.532463,3200,,BSF66F,,cal_static,4,95,"A,B,C,D","reject,ok,ok,ok","83,100,100,100"
21.227143,1777158964.594803,61271,,BS2DCE,,cal_roto,5,100,"C,A,E,G","ok,ok,ok,ok","100,100,100,100"
21.283019,1777158964.650679,64680,,BSDC91,,cal_roto,5,100,"B,A,F,G","ok,ok,ok,ok","100,100,100,100"
21.397519,1777158964.765179,3201,,BSF66F,,cal_static,4,100,"E,F,G,H","ok,ok,ok,ok","100,100,100,100"
21.433217,1777158964.800877,61272,,BS2DCE,,cal_roto,5,100,"C,A,E,G","ok,ok,ok,ok","100,100,100,100"
21.466702,1777158964.834362,64681,,BSDC91,,cal_roto,5,100,"A,B,F,G","ok,ok,ok,ok","100,100,100,100"
21.556677,1777158964.924337,3202,,BSF66F,,cal_static,4,94,"A,B,C,D","ok,timeout,timeout,ok","84,96,96,100"
21.637593,1777158965.005253,61273,,BS2DCE,,cal_roto,5,100,"A,C,E,G","ok,ok,ok,ok","100,100,100,100"
21.674882,1777158965.042542,64682,,BSDC91,,cal_roto,5,100,"A,B,F,G","ok,ok,ok,ok","100,100,100,100"
21.780114,1777158965.147774,3203,,BSF66F,,cal_static,4,99,"E,F,G,H","ok,timeout,ok,ok","100,96,100,100"
21.871569,1777158965.239229,61274,,BS2DCE,,cal_roto,5,100,"A,C,E,G","ok,ok,ok,ok","100,100,100,100"
21.877227,1777158965.244887,64683,,BSDC91,,cal_roto,5,100,"A,B,F,G","ok,ok,ok,ok","100,100,100,100"
22.010102,1777158965.377762,3204,,BSF66F,,cal_static,4,94,"A,B,C,D","ok,ok,ok,ok","84,96,96,100"
22.021535,1777158965.389195,61275,,BS2DCE,,cal_roto,5,100,"A,C,G,E","ok,ok,ok,ok","100,100,100,100"
22.081874,1777158965.449534,64684,,BSDC91,,cal_roto,5,100,"A,B,F,G","ok,ok,ok,ok","100,100,100,100"
22.171533,1777158965.539193,3205,,BSF66F,,cal_static,4,99,"E,F,G,H","ok,ok,ok,ok","100,96,100,100"
22.230127,1777158965.597787,61276,,BS2DCE,,cal_roto,5,100,"A,C,G,E","ok,ok,ok,ok","100,100,100,100"
22.259943,1777158965.627603,64685,,BSDC91,,cal_roto,5,100,"A,B,G,F","ok,ok,ok,ok","100,100,100,100"
22.425288,1777158965.792948,3206,,BSF66F,,cal_static,4,94,"A,B,C,D","ok,ok,ok,ok","85,96,96,100"
22.43453,1777158965.80219,61277,,BS2DCE,,cal_roto,5,100,"A,C,E,G","ok,ok,ok,ok","100,100,100,100"
22.492326,1777158965.859986,64686,,BSDC91,,cal_roto,5,100,"A,B,F,G","ok,ok,ok,ok","100,100,100,100"
22.55236,1777158965.92002,3207,,BSF66F,,cal_static,4,99,"E,F,G,H","ok,ok,ok,ok","100,96,100,100"
22.642314,1777158966.009974,61278,,BS2DCE,,cal_roto,5,100,"A,C,E,G","ok,ok,ok,ok","100,100,100,100"
22.674101,1777158966.041761,64687,,BSDC91,,cal_roto,5,100,"A,B,F,G","ok,ok,ok,ok","100,100,100,100"
22.837684,1777158966.205344,3208,,BSF66F,,cal_static,4,94,"A,B,C,D","ok,ok,ok,ok","85,96,96,100"
22.845429,1777158966.213089,61279,,BS2DCE,,cal_roto,5,100,"C,A,E,G","ok,ok,ok,ok","100,100,100,100"
22.880502,1777158966.248162,64688,,BSDC91,,cal_roto,5,100,"B,A,F,G","ok,ok,ok,ok","100,100,100,100"
22.965027,1777158966.332687,3209,,BSF66F,,cal_static,4,99,"E,F,G,H","ok,ok,ok,ok","100,96,100,100"
23.052021,1777158966.419681,61280,,BS2DCE,,cal_roto,5,100,"C,A,E,G","ok,ok,ok,ok","100,100,100,100"
23.085472,1777158966.453132,64689,,BSDC91,,cal_roto,5,100,"A,B,F,G","ok,ok,ok,ok","100,100,100,100"
23.221913,1777158966.589573,3210,,BSF66F,,cal_static,4,94,"A,B,C,D","ok,ok,ok,ok","86,96,96,100"
23.234956,1777158966.602616,61281,,BS2DCE,,cal_roto,5,100,"A,C,E,G","ok,ok,ok,ok","100,100,100,100"
23.266871,1777158966.634531,64690,,BSDC91,,cal_roto,5,100,"A,B,F,G","ok,ok,ok,ok","100,100,100,100"
23.379137,1777158966.746797,3211,,BSF66F,,cal_static,4,99,"E,F,G,H","ok,ok,ok,ok","100,96,100,100"
23.437603,1777158966.805263,61282,,BS2DCE,,cal_roto,5,100,"A,C,E,G","ok,ok,ok,ok","100,100,100,100"
23.474805,1777158966.842465,64691,,BSDC91,,cal_roto,5,100,"A,B,F,G","ok,ok,ok,ok","100,100,100,100"
23.610297,1777158966.977957,3212,,BSF66F,,cal_static,4,94,"A,B,C,D","ok,ok,ok,ok","86,96,96,100"
23.619456,1777158966.987116,61283,,BS2DCE,,cal_roto,5,100,"A,C,G,E","ok,ok,ok,ok","100,100,100,100"
23.677521,1777158967.045181,64692,,BSDC91,,cal_roto,5,100,"A,B,F,G","ok,ok,ok,ok","100,100,100,100"
23.760355,1777158967.128015,3213,,BSF66F,,cal_static,4,99,"E,F,G,H","ok,ok,ok,ok","100,96,100,100"
23.820074,1777158967.187734,61284,,BS2DCE,,cal_roto,5,100,"A,C,G,E","ok,ok,ok,ok","100,100,100,100"
23.881784,1777158967.249444,64693,,BSDC91,,cal_roto,5,100,"A,B,G,F","ok,ok,ok,ok","100,100,100,100"
23.971723,1777158967.339383,3214,,BSF66F,,cal_static,4,94,"A,B,C,D","ok,ok,ok,ok","87,96,96,100"
24.052598,1777158967.420258,61285,,BS2DCE,,cal_roto,5,100,"A,C,E,G","ok,ok,ok,ok","100,100,100,100"
24.112279,1777158967.479939,64694,,BSDC91,,cal_roto,5,100,"A,B,F,G","ok,ok,ok,ok","100,100,100,100"
24.172288,1777158967.539948,3215,,BSF66F,,cal_static,4,99,"E,F,G,H","ok,ok,ok,ok","100,96,100,100"
24.234798,1777158967.602458,61286,,BS2DCE,,cal_roto,5,100,"A,C,E,G","ok,ok,ok,ok","100,100,100,100"
24.29256,1777158967.66022,64695,,BSDC91,,cal_roto,5,100,"A,B,F,G","ok,ok,ok,ok","100,100,100,100"
24.403456,1777158967.771116,3216,,BSF66F,,cal_static,4,94,"A,B,C,D","ok,ok,ok,ok","87,96,96,100"
24.442958,1777158967.810618,61287,,BS2DCE,,cal_roto,5,100,"C,A,E,G","ok,ok,ok,ok","100,100,100,100"
24.472363,1777158967.840023,64696,,BSDC91,,cal_roto,5,100,"B,A,F,G","ok,ok,ok,ok","100,100,100,100"
24.581816,1777158967.949476,3217,,BSF66F,,cal_static,4,100,"E,F,G,H","ok,ok,ok,ok","100,100,100,100"
24.642962,1777158968.010622,61288,,BS2DCE,,cal_roto,5,100,"C,A,E,G","ok,ok,ok,ok","100,100,100,100"
24.682603,1777158968.050263,64697,,BSDC91,,cal_roto,5,100,"A,B,F,G","ok,ok,ok,ok","100,100,100,100"
24.826953,1777158968.194613,61289,,BS2DCE,,cal_roto,5,100,"A,C,E,G","ok,ok,ok,ok","100,100,100,100"
24.839113,1777158968.206773,3218,,BSF66F,,cal_static,4,97,"A,B,C,D","ok,ok,ok,ok","88,100,100,100"
24.884999,1777158968.252659,64698,,BSDC91,,cal_roto,5,100,"A,B,F,G","ok,ok,ok,ok","100,100,100,100"
24.99759,1777158968.36525,3219,,BSF66F,,cal_static,4,100,"E,F,G,H","ok,ok,ok,ok","100,100,100,100"
25.061052,1777158968.428712,61290,,BS2DCE,,cal_roto,5,100,"A,C,E,G","ok,ok,ok,ok","100,100,100,100"
25.066811,1777158968.434471,64699,,BSDC91,,cal_roto,5,100,"A,B,F,G","ok,ok,ok,ok","100,100,100,100"
25.202364,1777158968.570024,3220,,BSF66F,,cal_static,4,97,"A,B,C,D","ok,ok,ok,ok","88,100,100,100"
25.274845,1777158968.642505,64700,,BSDC91,,cal_roto,5,100,"A,B,F,G","ok,ok,ok,ok","100,100,100,100"
25.290088,1777158968.657748,61291,,BS2DCE,,cal_roto,5,100,"A,C,G,E","ok,ok,ok,ok","100,100,100,100"
25.380106,1777158968.747766,3221,,BSF66F,,cal_static,4,100,"E,F,G,H","ok,ok,ok,ok","100,100,100,100"
25.419507,1777158968.787167,61292,,BS2DCE,,cal_roto,5,100,"A,C,G,E","ok,ok,ok,ok","100,100,100,100"
25.477393,1777158968.845053,64701,,BSDC91,,cal_roto,5,100,"A,B,G,F","ok,ok,ok,ok","100,100,100,100"
25.612864,1777158968.980524,3222,,BSF66F,,cal_static,4,97,"A,B,C,D","ok,ok,ok,ok","89,100,100,100"
25.620306,1777158968.987966,61293,,BS2DCE,,cal_roto,5,100,"A,C,E,G","ok,ok,ok,ok","100,100,100,100"
25.730144,1777158969.097804,64702,,BSDC91,,cal_roto,5,100,"A,B,F,G","ok,ok,ok,ok","100,100,100,100"
25.771793,1777158969.139453,3223,,BSF66F,,cal_static,4,100,"E,F,G,H","ok,ok,ok,ok","100,100,100,100"
25.829997,1777158969.197657,61294,,BS2DCE,,cal_roto,5,100,"A,C,E,G","ok,ok,ok,ok","100,100,100,100"
25.889992,1777158969.257652,64703,,BSDC91,,cal_roto,5,100,"A,B,F,G","ok,ok,ok,ok","100,100,100,100"
26.000889,1777158969.368549,3224,,BSF66F,,cal_static,4,97,"A,B,C,D","ok,ok,ok,ok","90,100,100,100"
26.090744,1777158969.458404,64704,,BSDC91,,cal_roto,5,100,"B,A,F,G","ok,ok,ok,ok","100,100,100,100"
26.135748,1777158969.503408,61295,,BS2DCE,,cal_roto,5,100,"C,A,E,G","ok,ok,ok,ok","100,100,100,100"
26.182372,1777158969.550032,3225,,BSF66F,,cal_static,4,100,"E,F,G,H","ok,ok,ok,ok","100,100,100,100"
26.275273,1777158969.642933,64705,,BSDC91,,cal_roto,5,100,"A,B,F,G","ok,ok,ok,ok","100,100,100,100"
26.292327,1777158969.659987,61296,,BS2DCE,,cal_roto,5,100,"C,A,E,G","ok,ok,ok,ok","100,100,100,100"
26.364453,1777158969.732113,3226,,BSF66F,,cal_static,4,96,"A,B,C,D","ok,ok,ok,timeout","90,100,100,95"
26.444993,1777158969.812653,61297,,BS2DCE,,cal_roto,5,100,"A,C,E,G","ok,ok,ok,ok","100,100,100,100"
26.482531,1777158969.850191,64706,,BSDC91,,cal_roto,5,100,"A,B,F,G","ok,ok,ok,ok","100,100,100,100"
26.595014,1777158969.962674,3227,,BSF66F,,cal_static,4,97,"E,F,G,H","ok,ok,timeout,timeout","100,100,95,95"
26.626921,1777158969.994581,61298,,BS2DCE,,cal_roto,5,100,"A,C,E,G","ok,ok,ok,ok","100,100,100,100"
26.6849,1777158970.05256,64707,,BSDC91,,cal_roto,5,100,"A,B,F,G","ok,ok,ok,ok","100,100,100,100"
26.820631,1777158970.188291,3228,,BSF66F,,cal_static,4,96,"A,B,C,D","ok,ok,ok,ok","90,100,100,95"
26.835161,1777158970.202821,61299,,BS2DCE,,cal_roto,5,100,"A,C,G,E","ok,ok,ok,ok","100,100,100,100"
26.86676,1777158970.23442,64708,,BSDC91,,cal_roto,5,100,"A,B,F,G","ok,ok,ok,ok","100,100,100,100"
26.979518,1777158970.347178,3229,,BSF66F,,cal_static,4,97,"E,F,G,H","ok,ok,ok,ok","100,100,95,95"
27.037865,1777158970.405525,61300,,BS2DCE,,cal_roto,5,100,"A,C,G,E","ok,ok,ok,ok","100,100,100,100"
27.074992,1777158970.442652,64709,,BSDC91,,cal_roto,5,100,"A,B,G,F","ok,ok,ok,ok","100,100,100,100"
27.23276,1777158970.60042,3230,,BSF66F,,cal_static,4,96,"A,B,C,D","ok,ok,ok,ok","91,100,100,95"
27.238866,1777158970.606526,61301,,BS2DCE,,cal_roto,5,100,"A,C,E,G","ok,ok,ok,ok","100,100,100,100"
27.299988,1777158970.667648,64710,,BSDC91,,cal_roto,5,100,"A,B,F,G","ok,ok,ok,ok","100,100,100,100"
27.412881,1777158970.780541,3231,,BSF66F,,cal_static,4,97,"E,F,G,H","ok,ok,ok,ok","100,100,95,95"
27.420154,1777158970.787814,61302,,BS2DCE,,cal_roto,5,100,"A,C,E,G","ok,ok,ok,ok","100,100,100,100"
27.459222,1777158970.826882,64711,,BSDC91,,cal_roto,5,100,"A,B,F,G","ok,ok,ok,ok","100,100,100,100"
27.622482,1777158970.990142,3232,,BSF66F,,cal_static,4,96,"A,B,C,D","ok,ok,ok,ok","91,100,100,95"
27.629958,1777158970.997618,61303,,BS2DCE,,cal_roto,5,100,"C,A,E,G","ok,ok,ok,ok","100,100,100,100"
27.65803,1777158971.02569,64712,,BSDC91,,cal_roto,5,100,"B,A,F,G","ok,ok,ok,ok","100,100,100,100"
27.77282,1777158971.14048,3233,,BSF66F,,cal_static,4,98,"E,F,G,H","ok,ok,ok,ok","100,100,96,96"
27.832821,1777158971.200481,61304,,BS2DCE,,cal_roto,5,100,"C,A,E,G","ok,ok,ok,ok","100,100,100,100"
27.892802,1777158971.260462,64713,,BSDC91,,cal_roto,5,100,"A,B,F,G","ok,ok,ok,ok","100,100,100,100"
28.005059,1777158971.372719,3234,,BSF66F,,cal_static,4,97,"A,B,C,D","ok,ok,ok,ok","92,100,100,96"
28.012796,1777158971.380456,61305,,BS2DCE,,cal_roto,5,100,"A,C,E,G","ok,ok,ok,ok","100,100,100,100"
28.15302,1777158971.52068,64714,,BSDC91,,cal_roto,5,100,"A,B,F,G","ok,ok,ok,ok","100,100,100,100"
28.185401,1777158971.553061,3235,,BSF66F,,cal_static,4,98,"E,F,G,H","ok,ok,ok,ok","100,100,96,96"
28.245611,1777158971.613271,61306,,BS2DCE,,cal_roto,5,100,"A,C,E,G","ok,ok,ok,ok","100,100,100,100"
28.282353,1777158971.650013,64715,,BSDC91,,cal_roto,5,100,"A,B,F,G","ok,ok,ok,ok","100,100,100,100"
28.427036,1777158971.794696,61307,,BS2DCE,,cal_roto,5,100,"A,C,G,E","ok,ok,ok,ok","100,100,100,100"
28.440115,1777158971.807775,3236,,BSF66F,,cal_static,4,97,"A,B,C,D","ok,ok,ok,ok","92,100,100,96"
28.48695,1777158971.85461,64716,,BSDC91,,cal_roto,5,100,"A,B,F,G","ok,ok,ok,ok","100,100,100,100"
28.597403,1777158971.965063,3237,,BSF66F,,cal_static,4,98,"E,F,G,H","ok,ok,ok,ok","100,100,96,96"
28.63586,1777158972.00352,61308,,BS2DCE,,cal_roto,5,100,"A,C,G,E","ok,ok,ok,ok","100,100,100,100"
28.666908,1777158972.034568,64717,,BSDC91,,cal_roto,5,100,"A,B,G,F","ok,ok,ok,ok","100,100,100,100"
28.779579,1777158972.147239,3238,,BSF66F,,cal_static,4,97,"A,B,C,D","ok,ok,ok,ok","92,100,100,96"
28.862929,1777158972.230589,61309,,BS2DCE,,cal_roto,5,100,"A,C,E,G","ok,ok,ok,ok","100,100,100,100"
28.874912,1777158972.242572,64718,,BSDC91,,cal_roto,5,100,"A,B,F,G","ok,ok,ok,ok","100,100,100,100"
28.980112,1777158972.347772,3239,,BSF66F,,cal_static,4,98,"E,F,G,H","ok,ok,ok,ok","100,100,96,96"
29.019628,1777158972.387288,61310,,BS2DCE,,cal_roto,5,100,"A,C,E,G","ok,ok,ok,ok","100,100,100,100"
29.077596,1777158972.445256,64719,,BSDC91,,cal_roto,5,100,"A,B,F,G","ok,ok,ok,ok","100,100,100,100"
29.210716,1777158972.578376,3240,,BSF66F,,cal_static,4,97,"A,B,C,D","ok,ok,ok,ok","92,100,100,96"
29.220084,1777158972.587744,61311,,BS2DCE,,cal_roto,5,100,"C,A,E,G","ok,ok,ok,ok","100,100,100,100"
29.280259,1777158972.647919,64720,,BSDC91,,cal_roto,5,100,"B,A,F,G","ok,ok,ok,ok","100,100,100,100"
29.443581,1777158972.811241,3241,,BSF66F,,cal_static,4,98,"E,F,G,H","ok,ok,ok,ok","100,100,96,96"
29.450164,1777158972.817824,61312,,BS2DCE,,cal_roto,5,100,"C,A,E,G","ok,ok,ok,ok","100,100,100,100"
29.460147,1777158972.827807,64721,,BSDC91,,cal_roto,5,100,"A,B,F,G","ok,ok,ok,ok","100,100,100,100"
29.625741,1777158972.993401,3242,,BSF66F,,cal_static,4,97,"A,B,C,D","ok,ok,ok,ok","93,100,100,96"
29.634859,1777158973.002519,61313,,BS2DCE,,cal_roto,5,100,"A,C,E,G","ok,ok,ok,ok","100,100,100,100"
29.719381,1777158973.087041,64722,,BSDC91,,cal_roto,5,100,"A,B,F,G","ok,ok,ok,ok","100,100,100,100"
29.782502,1777158973.150162,3243,,BSF66F,,cal_static,4,98,"E,F,G,H","ok,ok,ok,ok","100,100,96,96"
29.812869,1777158973.180529,61314,,BS2DCE,,cal_roto,5,100,"A,C,E,G","ok,ok,ok,ok","100,100,100,100"
29.874558,1777158973.242218,64723,,BSDC91,,cal_roto,5,100,"A,B,F,G","ok,ok,ok,ok","100,100,100,100"
30.040149,1777158973.407809,3244,,BSF66F,,cal_static,4,97,"A,B,C,D","ok,ok,ok,ok","93,100,100,96"
30.045574,1777158973.413234,61315,,BS2DCE,,cal_roto,5,100,"A,C,G,E","ok,ok,ok,ok","100,100,100,100"
30.082747,1777158973.450407,64724,,BSDC91,,cal_roto,5,100,"A,B,F,G","ok,ok,ok,ok","100,100,100,100"
30.164961,1777158973.532621,3245,,BSF66F,,cal_static,4,98,"E,F,G,H","ok,ok,ok,ok","100,100,96,96"
30.257064,1777158973.624724,61316,,BS2DCE,,cal_roto,5,100,"A,C,G,E","ok,ok,ok,ok","100,100,100,100"
30.285157,1777158973.652817,64725,,BSDC91,,cal_roto,5,100,"A,B,G,F","ok,ok,ok,ok","100,100,100,100"
30.42348,1777158973.79114,3246,,BSF66F,,cal_static,4,97,"A,B,C,D","ok,ok,ok,ok","93,100,100,96"
30.435037,1777158973.802697,61317,,BS2DCE,,cal_roto,5,100,"A,C,E,G","ok,ok,ok,ok","100,100,100,100"
30.466942,1777158973.834602,64726,,BSDC91,,cal_roto,5,100,"A,B,F,G","ok,ok,ok,ok","100,100,100,100"
30.601149,1777158973.968809,3247,,BSF66F,,cal_static,4,98,"E,F,G,H","ok,ok,ok,ok","100,100,96,96"
30.637795,1777158974.005455,61318,,BS2DCE,,cal_roto,5,100,"A,C,E,G","ok,ok,ok,ok","100,100,100,100"
30.674949,1777158974.042609,64727,,BSDC91,,cal_roto,5,100,"A,B,F,G","ok,ok,ok,ok","100,100,100,100"
30.780121,1777158974.147781,3248,,BSF66F,,cal_static,4,97,"A,B,C,D","ok,ok,ok,ok","93,100,100,96"
30.819472,1777158974.187132,61319,,BS2DCE,,cal_roto,5,100,"C,A,E,G","ok,ok,ok,ok","100,100,100,100"
30.87678,1777158974.24444,64728,,BSDC91,,cal_roto,5,100,"B,A,F,G","ok,ok,ok,ok","100,100,100,100"
30.988481,1777158974.356141,3249,,BSF66F,,cal_static,4,100,"E,F,G,H","ok,ok,ok,ok","100,100,100,100"
31.018679,1777158974.386339,61320,,BS2DCE,,cal_roto,5,100,"C,A,E,G","ok,ok,ok,ok","100,100,100,100"
31.13415,1777158974.50181,64729,,BSDC91,,cal_roto,5,100,"A,B,F,G","ok,ok,ok,ok","100,100,100,100"
31.14214,1777158974.5098,3250,,BSF66F,,cal_static,4,97,"A,B,C,D","reject,ok,ok,ok","88,100,100,100"
31.230485,1777158974.598145,61321,,BS2DCE,,cal_roto,5,100,"A,C,E,G","ok,ok,ok,ok","100,100,100,100"
31.290122,1777158974.657782,64730,,BSDC91,,cal_roto,5,100,"A,B,F,G","ok,ok,ok,ok","100,100,100,100"
31.372679,1777158974.740339,3251,,BSF66F,,cal_static,4,100,"E,F,G,H","ok,ok,ok,ok","100,100,100,100"
31.434866,1777158974.802526,61322,,BS2DCE,,cal_roto,5,100,"A,C,E,G","ok,ok,ok,ok","100,100,100,100"
31.572768,1777158974.940428,64731,,BSDC91,,cal_roto,5,100,"A,B,F,G","ok,ok,ok,ok","100,100,100,100"
31.613001,1777158974.980661,61323,,BS2DCE,,cal_roto,5,100,"A,C,G,E","ok,ok,ok,ok","100,100,100,100"
31.674526,1777158975.042186,64732,,BSDC91,,cal_roto,5,100,"A,B,F,G","ok,ok,ok,ok","100,100,100,100"
31.680154,1777158975.047814,3252,,BSF66F,,cal_static,4,92,"A,B,C,D","reject,timeout,timeout,ok","83,94,94,100"
31.765001,1777158975.132661,3253,,BSF66F,,cal_static,4,98,"E,F,G,H","ok,timeout,ok,ok","100,94,100,100"
31.845286,1777158975.212946,61324,,BS2DCE,,cal_roto,5,100,"A,C,G,E","ok,ok,ok,ok","100,100,100,100"
31.956506,1777158975.324166,64733,,BSDC91,,cal_roto,5,100,"A,B,G,F","ok,ok,ok,ok","100,100,100,100"
31.965157,1777158975.332817,3254,,BSF66F,,cal_static,4,93,"A,B,C,D","ok,ok,ok,ok","84,94,94,100"
32.027365,1777158975.395025,61325,,BS2DCE,,cal_roto,5,100,"A,C,E,G","ok,ok,ok,ok","100,100,100,100"
32.085371,1777158975.453031,64734,,BSDC91,,cal_roto,5,100,"A,B,F,G","ok,ok,ok,ok","100,100,100,100"
32.197519,1777158975.565179,3255,,BSF66F,,cal_static,4,98,"E,F,G,H","ok,ok,ok,ok","100,95,100,100"
32.235168,1777158975.602828,61326,,BS2DCE,,cal_roto,5,100,"A,C,E,G","ok,ok,ok,ok","100,100,100,100"
32.317709,1777158975.685369,64735,,BSDC91,,cal_roto,5,100,"A,B,F,G","ok,ok,ok,ok","100,100,100,100"
32.430469,1777158975.798129,3256,,BSF66F,,cal_static,4,93,"A,B,C,D","ok,ok,ok,ok","85,95,95,100"
32.43764,1777158975.8053,61327,,BS2DCE,,cal_roto,5,100,"C,A,E,G","ok,ok,ok,ok","100,100,100,100"
32.472946,1777158975.840606,64736,,BSDC91,,cal_roto,5,100,"B,A,F,G","ok,ok,ok,ok","100,100,100,100"
32.580383,1777158975.948043,3257,,BSF66F,,cal_static,4,98,"E,F,G,H","ok,ok,ok,ok","100,95,100,100"
32.61794,1777158975.9856,61328,,BS2DCE,,cal_roto,5,100,"C,A,E,G","ok,ok,ok,ok","100,100,100,100"
32.699094,1777158976.066754,64737,,BSDC91,,cal_roto,5,100,"A,B,F,G","ok,ok,ok,ok","100,100,100,100"
32.760209,1777158976.127869,3258,,BSF66F,,cal_static,4,93,"A,B,C,D","ok,ok,ok,ok","85,95,95,100"
32.820276,1777158976.187936,61329,,BS2DCE,,cal_roto,5,100,"A,C,E,G","ok,ok,ok,ok","100,100,100,100"
32.882085,1777158976.249745,64738,,BSDC91,,cal_roto,5,100,"A,B,F,G","ok,ok,ok,ok","100,100,100,100"
32.994511,1777158976.362171,3259,,BSF66F,,cal_static,4,98,"E,F,G,H","ok,ok,ok,ok","100,95,100,100"
33.030199,1777158976.397859,61330,,BS2DCE,,cal_roto,5,100,"A,C,E,G","ok,ok,ok,ok","100,100,100,100"
33.060274,1777158976.427934,64739,,BSDC91,,cal_roto,5,100,"A,B,F,G","ok,ok,ok,ok","100,100,100,100"
33.172964,1777158976.540624,3260,,BSF66F,,cal_static,4,92,"A,B,C,D","reject,ok,ok,ok","81,95,95,100"
33.23499,1777158976.60265,61331,,BS2DCE,,cal_roto,5,100,"A,C,G,E","ok,ok,ok,ok","100,100,100,100"
33.292687,1777158976.660347,64740,,BSDC91,,cal_roto,5,100,"A,B,F,G","ok,ok,ok,ok","100,100,100,100"
33.382968,1777158976.750628,3261,,BSF66F,,cal_static,4,98,"E,F,G,H","ok,ok,ok,ok","100,95,100,100"
33.412724,1777158976.780384,61332,,BS2DCE,,cal_roto,5,100,"A,C,G,E","ok,ok,ok,ok","100,100,100,100"
33.474343,1777158976.842003,64741,,BSDC91,,cal_roto,5,100,"A,B,G,F","ok,ok,ok,ok","100,100,100,100"
33.640773,1777158977.008433,3262,,BSF66F,,cal_static,4,93,"A,B,C,D","ok,ok,ok,ok","82,95,95,100"
33.645221,1777158977.012881,61333,,BS2DCE,,cal_roto,5,100,"A,C,E,G","ok,ok,ok,ok","100,100,100,100"
33.682706,1777158977.050366,64742,,BSDC91,,cal_roto,5,100,"A,B,F,G","ok,ok,ok,ok","100,100,100,100"
33.766261,1777158977.133921,3263,,BSF66F,,cal_static,4,98,"E,F,G,H","ok,ok,ok,ok","100,95,100,100"
33.827168,1777158977.194828,61334,,BS2DCE,,cal_roto,5,100,"A,C,E,G","ok,ok,ok,ok","100,100,100,100"
33.885165,1777158977.252825,64743,,BSDC91,,cal_roto,5,100,"A,B,F,G","ok,ok,ok,ok","100,100,100,100"
34.018852,1777158977.386512,3264,,BSF66F,,cal_static,4,93,"A,B,C,D","ok,ok,ok,ok","83,95,95,100"
34.080172,1777158977.447832,61335,,BS2DCE,,cal_roto,5,100,"C,A,E,G","ok,ok,ok,ok","100,100,100,100"
34.091944,1777158977.459604,64744,,BSDC91,,cal_roto,5,100,"B,A,F,G","ok,ok,ok,ok","100,100,100,100"
34.179384,1777158977.547044,3265,,BSF66F,,cal_static,4,99,"E,F,G,H","ok,ok,ok,ok","100,96,100,100"
34.235686,1777158977.603346,61336,,BS2DCE,,cal_roto,5,100,"C,A,E,G","ok,ok,ok,ok","100,100,100,100"
34.297589,1777158977.665249,64745,,BSDC91,,cal_roto,5,100,"A,B,F,G","ok,ok,ok,ok","100,100,100,100"
34.380281,1777158977.747941,3266,,BSF66F,,cal_static,4,93,"A,B,C,D","reject,ok,ok,ok","80,96,96,100"
34.419761,1777158977.787421,61337,,BS2DCE,,cal_roto,5,100,"A,C,E,G","ok,ok,ok,ok","100,100,100,100"
34.477569,1777158977.845229,64746,,BSDC91,,cal_roto,5,100,"A,B,F,G","ok,ok,ok,ok","100,100,100,100"
34.560486,1777158977.928146,3267,,BSF66F,,cal_static,4,99,"E,F,G,H","ok,ok,ok,ok","100,96,100,100"
34.620376,1777158977.988036,61338,,BS2DCE,,cal_roto,5,100,"A,C,E,G","ok,ok,ok,ok","100,100,100,100"
34.659675,1777158978.027335,64747,,BSDC91,,cal_roto,5,100,"A,B,F,G","ok,ok,ok,ok","100,100,100,100"
34.741928,1777158978.109588,3268,,BSF66F,,cal_static,4,92,"A,B,C,D","reject,ok,ok,ok","76,96,96,100"
34.830164,1777158978.197824,61339,,BS2DCE,,cal_roto,5,100,"A,C,G,E","ok,ok,ok,ok","100,100,100,100"
34.860146,1777158978.227806,64748,,BSDC91,,cal_roto,5,100,"A,B,F,G","ok,ok,ok,ok","100,100,100,100"
34.973105,1777158978.340765,3269,,BSF66F,,cal_static,4,99,"E,F,G,H","ok,ok,ok,ok","100,96,100,100"
35.035151,1777158978.402811,61340,,BS2DCE,,cal_roto,5,100,"A,C,G,E","ok,ok,ok,ok","100,100,100,100"
35.092766,1777158978.460426,64749,,BSDC91,,cal_roto,5,100,"A,B,G,F","ok,ok,ok,ok","100,100,100,100"
35.212936,1777158978.580596,61341,,BS2DCE,,cal_roto,5,100,"A,C,E,G","ok,ok,ok,ok","100,100,100,100"
35.235655,1777158978.603315,3270,,BSF66F,,cal_static,4,92,"A,B,C,D","ok,ok,ok,ok","77,96,96,100"
35.274568,1777158978.642228,64750,,BSDC91,,cal_roto,5,100,"A,B,F,G","ok,ok,ok,ok","100,100,100,100"
35.364786,1777158978.732446,3271,,BSF66F,,cal_static,4,99,"E,F,G,H","ok,ok,ok,ok","100,96,100,100"
35.445459,1777158978.813119,61342,,BS2DCE,,cal_roto,5,100,"A,C,E,G","ok,ok,ok,ok","100,100,100,100"
35.482806,1777158978.850466,64751,,BSDC91,,cal_roto,5,100,"A,B,F,G","ok,ok,ok,ok","100,100,100,100"
35.616207,1777158978.983867,3272,,BSF66F,,cal_static,4,92,"A,B,C,D","ok,ok,ok,ok","78,96,96,100"
35.655376,1777158979.023036,61343,,BS2DCE,,cal_roto,5,100,"C,A,E,G","ok,ok,ok,ok","100,100,100,100"
35.683393,1777158979.051053,64752,,BSDC91,,cal_roto,5,100,"B,A,F,G","ok,ok,ok,ok","100,100,100,100"
35.797678,1777158979.165338,3273,,BSF66F,,cal_static,4,99,"E,F,G,H","ok,ok,ok,ok","100,96,100,100"
35.83497,1777158979.20263,61344,,BS2DCE,,cal_roto,5,100,"C,A,E,G","ok,ok,ok,ok","100,100,100,100"
35.867139,1777158979.234799,64753,,BSDC91,,cal_roto,5,100,"A,B,F,G","ok,ok,ok,ok","100,100,100,100"
36.002631,1777158979.370291,3274,,BSF66F,,cal_static,4,92,"A,B,C,D","ok,ok,ok,ok","79,96,96,100"
36.038016,1777158979.405676,61345,,BS2DCE,,cal_roto,5,100,"A,C,E,G","ok,ok,ok,ok","100,100,100,100"
36.075371,1777158979.443031,64754,,BSDC91,,cal_roto,5,100,"A,B,F,G","ok,ok,ok,ok","100,100,100,100"
36.180599,1777158979.548259,3275,,BSF66F,,cal_static,4,99,"E,F,G,H","ok,ok,ok,ok","100,96,100,100"
36.219627,1777158979.587287,61346,,BS2DCE,,cal_roto,5,100,"A,C,E,G","ok,ok,ok,ok","100,100,100,100"
36.298309,1777158979.665969,64755,,BSDC91,,cal_roto,5,100,"A,B,F,G","ok,ok,ok,ok","100,100,100,100"
36.360472,1777158979.728132,3276,,BSF66F,,cal_static,4,91,"A,B,C,D","reject,ok,ok,timeout","76,96,96,96"
36.450678,1777158979.818338,61347,,BS2DCE,,cal_roto,5,100,"A,C,G,E","ok,ok,ok,ok","100,100,100,100"
36.560327,1777158979.927987,64756,,BSDC91,,cal_roto,5,100,"A,B,F,G","ok,ok,ok,ok","100,100,100,100"
36.572471,1777158979.940131,3277,,BSF66F,,cal_static,4,97,"E,F,G,H","ok,ok,timeout,timeout","100,96,96,96"
36.630381,1777158979.998041,61348,,BS2DCE,,cal_roto,5,100,"A,C,G,E","ok,ok,ok,ok","100,100,100,100"
36.660391,1777158980.028051,64757,,BSDC91,,cal_roto,5,100,"A,B,G,F","ok,ok,ok,ok","100,100,100,100"
36.834891,1777158980.202551,61349,,BS2DCE,,cal_roto,5,100,"A,C,E,G","ok,ok,ok,ok","100,100,100,100"
36.87609,1777158980.24375,3278,,BSF66F,,cal_static,4,91,"A,B,C,D","ok,ok,ok,ok","77,96,96,96"
36.89283,1777158980.26049,64758,,BSDC91,,cal_roto,5,100,"A,B,F,G","ok,ok,ok,ok","100,100,100,100"
36.98272,1777158980.35038,3279,,BSF66F,,cal_static,4,97,"E,F,G,H","ok,ok,ok,ok","100,96,96,96"
37.012837,1777158980.380497,61350,,BS2DCE,,cal_roto,5,100,"A,C,E,G","ok,ok,ok,ok","100,100,100,100"
37.074714,1777158980.442374,64759,,BSDC91,,cal_roto,5,100,"A,B,F,G","ok,ok,ok,ok","100,100,100,100"
37.24531,1777158980.61297,61351,,BS2DCE,,cal_roto,5,100,"C,A,E,G","ok,ok,ok,ok","100,100,100,100"
37.260346,1777158980.628006,3280,,BSF66F,,cal_static,4,91,"A,B,C,D","ok,ok,ok,ok","78,96,96,96"
37.281297,1777158980.648957,64760,,BSDC91,,cal_roto,5,100,"B,A,F,G","ok,ok,ok,ok","100,100,100,100"
37.392164,1777158980.759824,3281,,BSF66F,,cal_static,4,100,"E,F,G,H","ok,ok,ok,ok","100,100,100,100"
37.425609,1777158980.793269,61352,,BS2DCE,,cal_roto,5,100,"C,A,E,G","ok,ok,ok,ok","100,100,100,100"
37.485326,1777158980.852986,64761,,BSDC91,,cal_roto,5,100,"A,B,F,G","ok,ok,ok,ok","100,100,100,100"
37.635406,1777158981.003066,61353,,BS2DCE,,cal_roto,5,100,"A,C,E,G","ok,ok,ok,ok","100,100,100,100"
37.649438,1777158981.017098,3282,,BSF66F,,cal_static,4,95,"A,B,C,D","ok,ok,ok,ok","82,100,100,100"
37.667195,1777158981.034855,64762,,BSDC91,,cal_roto,5,100,"A,B,F,G","ok,ok,ok,ok","100,100,100,100"
37.797579,1777158981.165239,3283,,BSF66F,,cal_static,4,100,"E,F,G,H","ok,ok,ok,ok","100,100,100,100"
37.837874,1777158981.205534,61354,,BS2DCE,,cal_roto,5,100,"A,C,E,G","ok,ok,ok,ok","100,100,100,100"
37.875278,1777158981.242938,64763,,BSDC91,,cal_roto,5,100,"A,B,F,G","ok,ok,ok,ok","100,100,100,100"
38.010356,1777158981.378016,3284,,BSF66F,,cal_static,4,95,"A,B,C,D","ok,ok,ok,ok","83,100,100,100"
38.019698,1777158981.387358,61355,,BS2DCE,,cal_roto,5,100,"A,C,G,E","ok,ok,ok,ok","100,100,100,100"
38.077873,1777158981.445533,64764,,BSDC91,,cal_roto,5,100,"A,B,F,G","ok,ok,ok,ok","100,100,100,100"
38.160325,1777158981.527985,3285,,BSF66F,,cal_static,4,100,"E,F,G,H","ok,ok,ok,ok","100,100,100,100"
38.220663,1777158981.588323,61356,,BS2DCE,,cal_roto,5,100,"A,C,G,E","ok,ok,ok,ok","100,100,100,100"
38.282575,1777158981.650235,64765,,BSDC91,,cal_roto,5,100,"A,B,G,F","ok,ok,ok,ok","100,100,100,100"
38.425244,1777158981.792904,3286,,BSF66F,,cal_static,4,96,"A,B,C,D","ok,ok,ok,ok","84,100,100,100"
38.430572,1777158981.798232,61357,,BS2DCE,,cal_roto,5,100,"A,C,E,G","ok,ok,ok,ok","100,100,100,100"
38.463707,1777158981.831367,64766,,BSDC91,,cal_roto,5,100,"A,B,F,G","ok,ok,ok,ok","100,100,100,100"
38.57307,1777158981.94073,3287,,BSF66F,,cal_static,4,100,"E,F,G,H","ok,ok,ok,ok","100,100,100,100"
38.63506,1777158982.00272,61358,,BS2DCE,,cal_roto,5,100,"A,C,E,G","ok,ok,ok,ok","100,100,100,100"
38.692951,1777158982.060611,64767,,BSDC91,,cal_roto,5,100,"A,B,F,G","ok,ok,ok,ok","100,100,100,100"
38.804103,1777158982.171763,3288,,BSF66F,,cal_static,4,96,"A,B,C,D","ok,ok,ok,ok","85,100,100,100"
38.812899,1777158982.180559,61359,,BS2DCE,,cal_roto,5,100,"C,A,E,G","ok,ok,ok,ok","100,100,100,100"
38.87284,1777158982.2405,64768,,BSDC91,,cal_roto,5,100,"B,A,F,G","ok,ok,ok,ok","100,100,100,100"
38.964494,1777158982.332154,3289,,BSF66F,,cal_static,4,100,"E,F,G,H","ok,ok,ok,ok","100,100,100,100"
39.043437,1777158982.411097,61360,,BS2DCE,,cal_roto,5,100,"C,A,E,G","ok,ok,ok,ok","100,100,100,100"
39.102385,1777158982.470045,64769,,BSDC91,,cal_roto,5,100,"A,B,F,G","ok,ok,ok,ok","100,100,100,100"
39.165341,1777158982.533001,3290,,BSF66F,,cal_static,4,95,"A,B,C,D","reject,ok,ok,ok","80,100,100,100"
39.227291,1777158982.594951,61361,,BS2DCE,,cal_roto,5,100,"A,C,E,G","ok,ok,ok,ok","100,100,100,100"
39.314975,1777158982.682635,64770,,BSDC91,,cal_roto,5,100,"A,B,F,G","ok,ok,ok,ok","100,100,100,100"
39.398105,1777158982.765765,3291,,BSF66F,,cal_static,4,100,"E,F,G,H","ok,ok,ok,ok","100,100,100,100"
39.43546,1777158982.80312,61362,,BS2DCE,,cal_roto,5,100,"A,C,E,G","ok,ok,ok,ok","100,100,100,100"
39.46727,1777158982.83493,64771,,BSDC91,,cal_roto,5,100,"A,B,F,G","ok,ok,ok,ok","100,100,100,100"
39.603153,1777158982.970813,3292,,BSF66F,,cal_static,4,95,"A,B,C,D","ok,ok,ok,ok","81,100,100,100"
39.637778,1777158983.005438,61363,,BS2DCE,,cal_roto,5,100,"A,C,G,E","ok,ok,ok,ok","100,100,100,100"
39.675296,1777158983.042956,64772,,BSDC91,,cal_roto,5,100,"A,B,F,G","ok,ok,ok,ok","100,100,100,100"
39.780642,1777158983.148302,3293,,BSF66F,,cal_static,4,100,"E,F,G,H","ok,ok,ok,ok","100,100,100,100"
39.820113,1777158983.187773,61364,,BS2DCE,,cal_roto,5,100,"A,C,G,E","ok,ok,ok,ok","100,100,100,100"
39.877909,1777158983.245569,64773,,BSDC91,,cal_roto,5,100,"A,B,G,F","ok,ok,ok,ok","100,100,100,100"
39.96197,1777158983.32963,3294,,BSF66F,,cal_static,4,95,"A,B,C,D","ok,ok,ok,ok","82,100,100,100"
40.020476,1777158983.388136,61365,,BS2DCE,,cal_roto,5,100,"A,C,E,G","ok,ok,ok,ok","100,100,100,100"
40.13504,1777158983.5027,64774,,BSDC91,,cal_roto,5,100,"A,B,F,G","ok,ok,ok,ok","100,100,100,100"
40.172558,1777158983.540218,3295,,BSF66F,,cal_static,4,100,"E,F,G,H","ok,ok,ok,ok","100,100,100,100"
40.230438,1777158983.598098,61366,,BS2DCE,,cal_roto,5,100,"A,C,E,G","ok,ok,ok,ok","100,100,100,100"
40.260653,1777158983.628313,64775,,BSDC91,,cal_roto,5,100,"A,B,F,G","ok,ok,ok,ok","100,100,100,100"
40.373115,1777158983.740775,3296,,BSF66F,,cal_static,4,95,"A,B,C,D","ok,ok,ok,ok","83,100,100,100"
40.435081,1777158983.802741,61367,,BS2DCE,,cal_roto,5,100,"C,A,E,G","ok,ok,ok,ok","100,100,100,100"
40.491023,1777158983.858683,64776,,BSDC91,,cal_roto,5,100,"B,A,F,G","ok,ok,ok,ok","100,100,100,100"
40.583026,1777158983.950686,3297,,BSF66F,,cal_static,4,100,"E,F,G,H","ok,ok,ok,ok","100,100,100,100"
40.611114,1777158983.978774,61368,,BS2DCE,,cal_roto,5,100,"C,A,E,G","ok,ok,ok,ok","100,100,100,100"
40.674843,1777158984.042503,64777,,BSDC91,,cal_roto,5,100,"A,B,F,G","ok,ok,ok,ok","100,100,100,100"
40.76506,1777158984.13272,3298,,BSF66F,,cal_static,4,96,"A,B,C,D","ok,ok,ok,ok","84,100,100,100"
40.845556,1777158984.213216,61369,,BS2DCE,,cal_roto,5,100,"A,C,E,G","ok,ok,ok,ok","100,100,100,100"
40.905378,1777158984.273038,64778,,BSDC91,,cal_roto,5,100,"A,B,F,G","ok,ok,ok,ok","100,100,100,100"
40.965436,1777158984.333096,3299,,BSF66F,,cal_static,4,100,"E,F,G,H","ok,ok,ok,ok","100,100,100,100"
41.027214,1777158984.394874,61370,,BS2DCE,,cal_roto,5,100,"A,C,E,G","ok,ok,ok,ok","100,100,100,100"
41.085502,1777158984.453162,64779,,BSDC91,,cal_roto,5,100,"A,B,F,G","ok,ok,ok,ok","100,100,100,100"
41.220656,1777158984.588316,3300,,BSF66F,,cal_static,4,96,"A,B,C,D","ok,ok,ok,ok","84,100,100,100"
41.25748,1777158984.62514,61371,,BS2DCE,,cal_roto,5,100,"A,C,G,E","ok,ok,ok,ok","100,100,100,100"
41.267353,1777158984.635013,64780,,BSDC91,,cal_roto,5,100,"A,B,F,G","ok,ok,ok,ok","100,100,100,100"
41.379754,1777158984.747414,3301,,BSF66F,,cal_static,4,100,"E,F,G,H","ok,ok,ok,ok","100,100,100,100"
41.438333,1777158984.805993,61372,,BS2DCE,,cal_roto,5,100,"A,C,G,E","ok,ok,ok,ok","100,100,100,100"
41.475343,1777158984.843003,64781,,BSDC91,,cal_roto,5,100,"A,B,G,F","ok,ok,ok,ok","100,100,100,100"
41.580498,1777158984.948158,3302,,BSF66F,,cal_static,4,94,"A,B,C,D","ok,timeout,timeout,ok","85,96,96,100"
41.619972,1777158984.987632,61373,,BS2DCE,,cal_roto,5,100,"A,C,E,G","ok,ok,ok,ok","100,100,100,100"
41.677909,1777158985.045569,64782,,BSDC91,,cal_roto,5,100,"A,B,F,G","ok,ok,ok,ok","100,100,100,100"
41.760538,1777158985.128198,3303,,BSF66F,,cal_static,4,99,"E,F,G,H","ok,timeout,ok,ok","100,96,100,100"
41.850689,1777158985.218349,61374,,BS2DCE,,cal_roto,5,100,"A,C,E,G","ok,ok,ok,ok","100,100,100,100"
41.859736,1777158985.227396,64783,,BSDC91,,cal_roto,5,100,"A,B,F,G","ok,ok,ok,ok","100,100,100,100"
41.995139,1777158985.362799,3304,,BSF66F,,cal_static,4,94,"A,B,C,D","ok,ok,ok,ok","85,96,96,100"
42.030422,1777158985.398082,61375,,BS2DCE,,cal_roto,5,100,"C,A,E,G","ok,ok,ok,ok","100,100,100,100"
42.058524,1777158985.426184,64784,,BSDC91,,cal_roto,5,100,"B,A,F,G","ok,ok,ok,ok","100,100,100,100"
42.203122,1777158985.570782,3305,,BSF66F,,cal_static,4,99,"E,F,G,H","ok,ok,ok,ok","100,96,100,100"
42.285947,1777158985.653607,61376,,BS2DCE,,cal_roto,5,100,"C,A,E,G","ok,ok,ok,ok","100,100,100,100"
42.293112,1777158985.660772,64785,,BSDC91,,cal_roto,5,100,"A,B,F,G","ok,ok,ok,ok","100,100,100,100"
42.352857,1777158985.720517,3306,,BSF66F,,cal_static,4,94,"A,B,C,D","ok,ok,ok,ok","86,96,96,100"
42.463034,1777158985.830694,61377,,BS2DCE,,cal_roto,5,100,"A,C,E,G","ok,ok,ok,ok","100,100,100,100"
42.504636,1777158985.872296,64786,,BSDC91,,cal_roto,5,100,"A,B,F,G","ok,ok,ok,ok","100,100,100,100"
42.586916,1777158985.954576,3307,,BSF66F,,cal_static,4,99,"E,F,G,H","ok,ok,ok,ok","100,96,100,100"
42.645534,1777158986.013194,61378,,BS2DCE,,cal_roto,5,100,"A,C,E,G","ok,ok,ok,ok","100,100,100,100"
42.682953,1777158986.050613,64787,,BSDC91,,cal_roto,5,100,"A,B,F,G","ok,ok,ok,ok","100,100,100,100"
42.795649,1777158986.163309,3308,,BSF66F,,cal_static,4,94,"A,B,C,D","ok,ok,ok,ok","86,96,96,100"
42.827681,1777158986.195341,61379,,BS2DCE,,cal_roto,5,100,"A,C,G,E","ok,ok,ok,ok","100,100,100,100"
42.885577,1777158986.253237,64788,,BSDC91,,cal_roto,5,100,"A,B,F,G","ok,ok,ok,ok","100,100,100,100"
42.998042,1777158986.365702,3309,,BSF66F,,cal_static,4,99,"E,F,G,H","ok,ok,ok,ok","100,96,100,100"
43.035486,1777158986.403146,61380,,BS2DCE,,cal_roto,5,100,"A,C,G,E","ok,ok,ok,ok","100,100,100,100"
43.067432,1777158986.435092,64789,,BSDC91,,cal_roto,5,100,"A,B,G,F","ok,ok,ok,ok","100,100,100,100"
43.157216,1777158986.524876,3310,,BSF66F,,cal_static,4,93,"A,B,C,D","reject,ok,ok,ok","83,96,96,100"
43.237865,1777158986.605525,61381,,BS2DCE,,cal_roto,5,100,"A,C,E,G","ok,ok,ok,ok","100,100,100,100"
43.275653,1777158986.643313,64790,,BSDC91,,cal_roto,5,100,"A,B,F,G","ok,ok,ok,ok","100,100,100,100"
43.380851,1777158986.748511,3311,,BSF66F,,cal_static,4,99,"E,F,G,H","ok,ok,ok,ok","100,96,100,100"
43.437581,1777158986.805241,61382,,BS2DCE,,cal_roto,5,100,"A,C,E,G","ok,ok,ok,ok","100,100,100,100"
43.478387,1777158986.846047,64791,,BSDC91,,cal_roto,5,100,"A,B,F,G","ok,ok,ok,ok","100,100,100,100"
43.611848,1777158986.979508,3312,,BSF66F,,cal_static,4,94,"A,B,C,D","ok,ok,ok,ok","84,96,96,100"
43.620726,1777158986.988386,61383,,BS2DCE,,cal_roto,5,100,"C,A,E,G","ok,ok,ok,ok","100,100,100,100"
43.658079,1777158987.025739,64792,,BSDC91,,cal_roto,5,100,"B,A,F,G","ok,ok,ok,ok","100,100,100,100"
43.772599,1777158987.140259,3313,,BSF66F,,cal_static,4,100,"E,F,G,H","ok,ok,ok,ok","100,100,100,100"
43.829068,1777158987.196728,61384,,BS2DCE,,cal_roto,5,100,"C,A,E,G","ok,ok,ok,ok","100,100,100,100"
43.860539,1777158987.228199,64793,,BSDC91,,cal_roto,5,100,"A,B,F,G","ok,ok,ok,ok","100,100,100,100"
44.034974,1777158987.402634,61385,,BS2DCE,,cal_roto,5,100,"A,C,E,G","ok,ok,ok,ok","100,100,100,100"
44.078475,1777158987.446135,3314,,BSF66F,,cal_static,4,97,"A,B,C,D","ok,ok,ok,ok","88,100,100,100"
44.092984,1777158987.460644,64794,,BSDC91,,cal_roto,5,100,"A,B,F,G","ok,ok,ok,ok","100,100,100,100"
44.153029,1777158987.520689,3315,,BSF66F,,cal_static,4,100,"E,F,G,H","ok,ok,ok,ok","100,100,100,100"
44.239789,1777158987.607449,61386,,BS2DCE,,cal_roto,5,100,"A,C,E,G","ok,ok,ok,ok","100,100,100,100"
44.27494,1777158987.6426,64795,,BSDC91,,cal_roto,5,100,"A,B,F,G","ok,ok,ok,ok","100,100,100,100"
44.445698,1777158987.813358,61387,,BS2DCE,,cal_roto,5,100,"A,C,G,E","ok,ok,ok,ok","100,100,100,100"
44.462988,1777158987.830648,3316,,BSF66F,,cal_static,4,97,"A,B,C,D","ok,ok,ok,ok","88,100,100,100"
44.483096,1777158987.850756,64796,,BSDC91,,cal_roto,5,100,"A,B,F,G","ok,ok,ok,ok","100,100,100,100"
44.565696,1777158987.933356,3317,,BSF66F,,cal_static,4,100,"E,F,G,H","ok,ok,ok,ok","100,100,100,100"
44.627539,1777158987.995199,61388,,BS2DCE,,cal_roto,5,100,"A,C,G,E","ok,ok,ok,ok","100,100,100,100"
44.713943,1777158988.081603,64797,,BSDC91,,cal_roto,5,100,"A,B,G,F","ok,ok,ok,ok","100,100,100,100"
44.798039,1777158988.165699,3318,,BSF66F,,cal_static,4,97,"A,B,C,D","ok,ok,ok,ok","89,100,100,100"
44.835811,1777158988.203471,61389,,BS2DCE,,cal_roto,5,100,"A,C,E,G","ok,ok,ok,ok","100,100,100,100"
44.867594,1777158988.235254,64798,,BSDC91,,cal_roto,5,100,"A,B,F,G","ok,ok,ok,ok","100,100,100,100"
44.980115,1777158988.347775,3319,,BSF66F,,cal_static,4,100,"E,F,G,H","ok,ok,ok,ok","100,100,100,100"
45.038276,1777158988.405936,61390,,BS2DCE,,cal_roto,5,100,"A,C,E,G","ok,ok,ok,ok","100,100,100,100"
45.075941,1777158988.443601,64799,,BSDC91,,cal_roto,5,100,"A,B,F,G","ok,ok,ok,ok","100,100,100,100"
45.180587,1777158988.548247,3320,,BSF66F,,cal_static,4,96,"A,B,C,D","reject,ok,ok,ok","85,100,100,100"
45.2197,1777158988.58736,61391,,BS2DCE,,cal_roto,5,100,"C,A,E,G","ok,ok,ok,ok","100,100,100,100"
45.27625,1777158988.64391,64800,,BSDC91,,cal_roto,5,100,"B,A,F,G","ok,ok,ok,ok","100,100,100,100"
45.360589,1777158988.728249,3321,,BSF66F,,cal_static,4,100,"E,F,G,H","ok,ok,ok,ok","100,100,100,100"
45.418956,1777158988.786616,61392,,BS2DCE,,cal_roto,5,100,"C,A,E,G","ok,ok,ok,ok","100,100,100,100"
45.482585,1777158988.850245,64801,,BSDC91,,cal_roto,5,100,"A,B,F,G","ok,ok,ok,ok","100,100,100,100"
45.625651,1777158988.993311,3322,,BSF66F,,cal_static,4,96,"A,B,C,D","ok,ok,ok,ok","85,100,100,100"
45.631174,1777158988.998834,61393,,BS2DCE,,cal_roto,5,100,"A,C,E,G","ok,ok,ok,ok","100,100,100,100"
45.660599,1777158989.028259,64802,,BSDC91,,cal_roto,5,100,"A,B,F,G","ok,ok,ok,ok","100,100,100,100"
45.773426,1777158989.141086,3323,,BSF66F,,cal_static,4,100,"E,F,G,H","ok,ok,ok,ok","100,100,100,100"
45.835241,1777158989.202901,61394,,BS2DCE,,cal_roto,5,100,"A,C,E,G","ok,ok,ok,ok","100,100,100,100"
45.89309,1777158989.26075,64803,,BSDC91,,cal_roto,5,100,"A,B,F,G","ok,ok,ok,ok","100,100,100,100"
46.005878,1777158989.373538,3324,,BSF66F,,cal_static,4,96,"A,B,C,D","ok,ok,ok,ok","86,100,100,100"
46.013487,1777158989.381147,61395,,BS2DCE,,cal_roto,5,100,"A,C,G,E","ok,ok,ok,ok","100,100,100,100"
46.099937,1777158989.467597,64804,,BSDC91,,cal_roto,5,100,"A,B,F,G","ok,ok,ok,ok","100,100,100,100"
46.164881,1777158989.532541,3325,,BSF66F,,cal_static,4,100,"E,F,G,H","ok,ok,ok,ok","100,100,100,100"
46.245728,1777158989.613388,61396,,BS2DCE,,cal_roto,5,100,"A,C,G,E","ok,ok,ok,ok","100,100,100,100"
46.283126,1777158989.650786,64805,,BSDC91,,cal_roto,5,100,"A,B,G,F","ok,ok,ok,ok","100,100,100,100"
46.39578,1777158989.76344,3326,,BSF66F,,cal_static,4,95,"A,B,C,D","ok,ok,ok,timeout","86,100,100,95"
46.427681,1777158989.795341,61397,,BS2DCE,,cal_roto,5,100,"A,C,E,G","ok,ok,ok,ok","100,100,100,100"
46.48564,1777158989.8533,64806,,BSDC91,,cal_roto,5,100,"A,B,F,G","ok,ok,ok,ok","100,100,100,100"
46.596483,1777158989.964143,3327,,BSF66F,,cal_static,4,97,"E,F,G,H","ok,ok,timeout,timeout","100,100,95,95"
46.658193,1777158990.025853,61398,,BS2DCE,,cal_roto,5,100,"A,C,E,G","ok,ok,ok,ok","100,100,100,100"
46.667693,1777158990.035353,64807,,BSDC91,,cal_roto,5,100,"A,B,F,G","ok,ok,ok,ok","100,100,100,100"
46.780083,1777158990.147743,3328,,BSF66F,,cal_static,4,95,"A,B,C,D","ok,ok,ok,ok","87,100,100,95"
46.838181,1777158990.205841,61399,,BS2DCE,,cal_roto,5,100,"C,A,E,G","ok,ok,ok,ok","100,100,100,100"
46.873504,1777158990.241164,64808,,BSDC91,,cal_roto,5,100,"B,A,F,G","ok,ok,ok,ok","100,100,100,100"
46.9806,1777158990.34826,3329,,BSF66F,,cal_static,4,98,"E,F,G,H","ok,ok,ok,ok","100,100,96,96"
47.018181,1777158990.385841,61400,,BS2DCE,,cal_roto,5,100,"C,A,E,G","ok,ok,ok,ok","100,100,100,100"
47.078013,1777158990.445673,64809,,BSDC91,,cal_roto,5,100,"A,B,F,G","ok,ok,ok,ok","100,100,100,100"
47.160635,1777158990.528295,3330,,BSF66F,,cal_static,4,95,"A,B,C,D","reject,ok,ok,ok","84,100,100,96"
47.220656,1777158990.588316,61401,,BS2DCE,,cal_roto,5,100,"A,C,E,G","ok,ok,ok,ok","100,100,100,100"
47.259834,1777158990.627494,64810,,BSDC91,,cal_roto,5,100,"A,B,F,G","ok,ok,ok,ok","100,100,100,100"
47.372355,1777158990.740015,3331,,BSF66F,,cal_static,4,98,"E,F,G,H","ok,ok,ok,ok","100,100,96,96"
47.431046,1777158990.798706,61402,,BS2DCE,,cal_roto,5,100,"A,C,E,G","ok,ok,ok,ok","100,100,100,100"
47.460603,1777158990.828263,64811,,BSDC91,,cal_roto,5,100,"A,B,F,G","ok,ok,ok,ok","100,100,100,100"
47.550515,1777158990.918175,3332,,BSF66F,,cal_static,4,94,"A,B,C,D","reject,ok,ok,ok","80,100,100,96"
47.635094,1777158991.002754,61403,,BS2DCE,,cal_roto,5,100,"A,C,G,E","ok,ok,ok,ok","100,100,100,100"
47.693402,1777158991.061062,64812,,BSDC91,,cal_roto,5,100,"A,B,F,G","ok,ok,ok,ok","100,100,100,100"
47.753074,1777158991.120734,3333,,BSF66F,,cal_static,4,98,"E,F,G,H","ok,ok,ok,ok","100,100,96,96"
47.814189,1777158991.181849,61404,,BS2DCE,,cal_roto,5,100,"A,C,G,E","ok,ok,ok,ok","100,100,100,100"
47.874987,1777158991.242647,64813,,BSDC91,,cal_roto,5,100,"A,B,G,F","ok,ok,ok,ok","100,100,100,100"
48.038941,1777158991.406601,3334,,BSF66F,,cal_static,4,93,"A,B,C,D","reject,ok,ok,ok","77,100,100,96"
48.046145,1777158991.413805,61405,,BS2DCE,,cal_roto,5,100,"A,C,E,G","ok,ok,ok,ok","100,100,100,100"
48.083216,1777158991.450876,64814,,BSDC91,,cal_roto,5,100,"A,B,F,G","ok,ok,ok,ok","100,100,100,100"
48.16564,1777158991.5333,3335,,BSF66F,,cal_static,4,98,"E,F,G,H","ok,ok,ok,ok","100,100,96,96"
48.227563,1777158991.595223,61406,,BS2DCE,,cal_roto,5,100,"A,C,E,G","ok,ok,ok,ok","100,100,100,100"
48.285775,1777158991.653435,64815,,BSDC91,,cal_roto,5,100,"A,B,F,G","ok,ok,ok,ok","100,100,100,100"
48.419236,1777158991.786896,3336,,BSF66F,,cal_static,4,93,"A,B,C,D","ok,ok,ok,ok","78,100,100,96"
48.435893,1777158991.803553,61407,,BS2DCE,,cal_roto,5,100,"C,A,E,G","ok,ok,ok,ok","100,100,100,100"
48.466126,1777158991.833786,64816,,BSDC91,,cal_roto,5,100,"B,A,F,G","ok,ok,ok,ok","100,100,100,100"
48.580091,1777158991.947751,3337,,BSF66F,,cal_static,4,98,"E,F,G,H","ok,ok,ok,ok","100,100,96,96"
48.63645,1777158992.00411,61408,,BS2DCE,,cal_roto,5,100,"C,A,E,G","ok,ok,ok,ok","100,100,100,100"
48.67552,1777158992.04318,64817,,BSDC91,,cal_roto,5,100,"A,B,F,G","ok,ok,ok,ok","100,100,100,100"
48.820173,1777158992.187833,61409,,BS2DCE,,cal_roto,5,100,"A,C,E,G","ok,ok,ok,ok","100,100,100,100"
48.831039,1777158992.198699,3338,,BSF66F,,cal_static,4,93,"A,B,C,D","ok,ok,ok,ok","79,100,100,96"
48.87814,1777158992.2458,64818,,BSDC91,,cal_roto,5,100,"A,B,F,G","ok,ok,ok,ok","100,100,100,100"
48.990589,1777158992.358249,3339,,BSF66F,,cal_static,4,98,"E,F,G,H","ok,ok,ok,ok","100,100,96,96"
49.049747,1777158992.417407,61410,,BS2DCE,,cal_roto,5,100,"A,C,E,G","ok,ok,ok,ok","100,100,100,100"
49.059891,1777158992.427551,64819,,BSDC91,,cal_roto,5,100,"A,B,F,G","ok,ok,ok,ok","100,100,100,100"
49.22499,1777158992.59265,3340,,BSF66F,,cal_static,4,94,"A,B,C,D","ok,ok,ok,ok","80,100,100,96"
49.231043,1777158992.598703,61411,,BS2DCE,,cal_roto,5,100,"A,C,G,E","ok,ok,ok,ok","100,100,100,100"
49.260681,1777158992.628341,64820,,BSDC91,,cal_roto,5,100,"A,B,F,G","ok,ok,ok,ok","100,100,100,100"
49.373437,1777158992.741097,3341,,BSF66F,,cal_static,4,98,"E,F,G,H","ok,ok,ok,ok","100,100,96,96"
49.435267,1777158992.802927,61412,,BS2DCE,,cal_roto,5,100,"A,C,G,E","ok,ok,ok,ok","100,100,100,100"
49.493208,1777158992.860868,64821,,BSDC91,,cal_roto,5,100,"A,B,G,F","ok,ok,ok,ok","100,100,100,100"
49.613308,1777158992.980968,61413,,BS2DCE,,cal_roto,5,100,"A,C,E,G","ok,ok,ok,ok","100,100,100,100"
49.637782,1777158993.005442,3342,,BSF66F,,cal_static,4,94,"A,B,C,D","ok,ok,ok,ok","80,100,100,96"
49.675219,1777158993.042879,64822,,BSDC91,,cal_roto,5,100,"A,B,F,G","ok,ok,ok,ok","100,100,100,100"
49.787918,1777158993.155578,3343,,BSF66F,,cal_static,4,98,"E,F,G,H","ok,ok,ok,ok","100,100,96,96"
49.846037,1777158993.213697,61414,,BS2DCE,,cal_roto,5,100,"A,C,E,G","ok,ok,ok,ok","100,100,100,100"
49.903387,1777158993.271047,64823,,BSDC91,,cal_roto,5,100,"A,B,F,G","ok,ok,ok,ok","100,100,100,100"
50.016554,1777158993.384214,3344,,BSF66F,,cal_static,4,94,"A,B,C,D","ok,ok,ok,ok","81,100,100,96"
50.027732,1777158993.395392,61415,,BS2DCE,,cal_roto,5,100,"C,A,E,G","ok,ok,ok,ok","100,100,100,100"
50.083881,1777158993.451541,64824,,BSDC91,,cal_roto,5,100,"B,A,F,G","ok,ok,ok,ok","100,100,100,100"
50.198231,1777158993.565891,3345,,BSF66F,,cal_static,4,100,"E,F,G,H","ok,ok,ok,ok","100,100,100,100"
50.256727,1777158993.624387,61416,,BS2DCE,,cal_roto,5,100,"C,A,E,G","ok,ok,ok,ok","100,100,100,100"
50.267861,1777158993.635521,64825,,BSDC91,,cal_roto,5,100,"A,B,F,G","ok,ok,ok,ok","100,100,100,100"
50.380161,1777158993.747821,3346,,BSF66F,,cal_static,4,95,"A,B,C,D","ok,ok,ok,ok","82,100,100,100"
50.438991,1777158993.806651,61417,,BS2DCE,,cal_roto,5,100,"A,C,E,G","ok,ok,ok,ok","100,100,100,100"
50.475787,1777158993.843447,64826,,BSDC91,,cal_roto,5,100,"A,B,F,G","ok,ok,ok,ok","100,100,100,100"
50.621768,1777158993.989428,61418,,BS2DCE,,cal_roto,5,100,"A,C,E,G","ok,ok,ok,ok","100,100,100,100"
50.633352,1777158994.001012,3347,,BSF66F,,cal_static,4,100,"E,F,G,H","ok,ok,ok,ok","100,100,100,100"
50.678242,1777158994.045902,64827,,BSDC91,,cal_roto,5,100,"A,B,F,G","ok,ok,ok,ok","100,100,100,100"
50.787841,1777158994.155501,3348,,BSF66F,,cal_static,4,95,"A,B,C,D","ok,ok,ok,ok","83,100,100,100"
50.820981,1777158994.188641,61419,,BS2DCE,,cal_roto,5,100,"A,C,G,E","ok,ok,ok,ok","100,100,100,100"
50.860105,1777158994.227765,64828,,BSDC91,,cal_roto,5,100,"A,B,F,G","ok,ok,ok,ok","100,100,100,100"
50.97264,1777158994.3403,3349,,BSF66F,,cal_static,4,100,"E,F,G,H","ok,ok,ok,ok","100,100,100,100"
51.030765,1777158994.398425,61420,,BS2DCE,,cal_roto,5,100,"A,C,G,E","ok,ok,ok,ok","100,100,100,100"
51.061,1777158994.42866,64829,,BSDC91,,cal_roto,5,100,"A,B,G,F","ok,ok,ok,ok","100,100,100,100"
51.151151,1777158994.518811,3350,,BSF66F,,cal_static,4,94,"A,B,C,D","reject,ok,ok,ok","78,100,100,100"
51.23513,1777158994.60279,61421,,BS2DCE,,cal_roto,5,100,"A,C,E,G","ok,ok,ok,ok","100,100,100,100"
51.293472,1777158994.661132,64830,,BSDC91,,cal_roto,5,100,"A,B,F,G","ok,ok,ok,ok","100,100,100,100"
51.35352,1777158994.72118,3351,,BSF66F,,cal_static,4,100,"E,F,G,H","ok,ok,ok,ok","100,100,100,100"
51.413702,1777158994.781362,61422,,BS2DCE,,cal_roto,5,100,"A,C,E,G","ok,ok,ok,ok","100,100,100,100"
51.475611,1777158994.843271,64831,,BSDC91,,cal_roto,5,100,"A,B,F,G","ok,ok,ok,ok","100,100,100,100"
51.565594,1777158994.933254,3352,,BSF66F,,cal_static,4,91,"A,B,C,D","reject,timeout,timeout,ok","75,95,95,100"
51.645932,1777158995.013592,61423,,BS2DCE,,cal_roto,5,100,"C,A,E,G","ok,ok,ok,ok","100,100,100,100"
51.703829,1777158995.071489,64832,,BSDC91,,cal_roto,5,100,"B,A,F,G","ok,ok,ok,ok","100,100,100,100"
51.765845,1777158995.133505,3353,,BSF66F,,cal_static,4,98,"E,F,G,H","ok,timeout,ok,ok","100,95,100,100"
51.825939,1777158995.193599,61424,,BS2DCE,,cal_roto,5,100,"C,A,E,G","ok,ok,ok,ok","100,100,100,100"
51.938152,1777158995.305812,64833,,BSDC91,,cal_roto,5,100,"A,B,F,G","ok,ok,ok,ok","100,100,100,100"
52.021004,1777158995.388664,3354,,BSF66F,,cal_static,4,91,"A,B,C,D","ok,ok,ok,ok","76,95,95,100"
52.036069,1777158995.403729,61425,,BS2DCE,,cal_roto,5,100,"A,C,E,G","ok,ok,ok,ok","100,100,100,100"
52.067721,1777158995.435381,64834,,BSDC91,,cal_roto,5,100,"A,B,F,G","ok,ok,ok,ok","100,100,100,100"
52.180068,1777158995.547728,3355,,BSF66F,,cal_static,4,98,"E,F,G,H","ok,ok,ok,ok","100,95,100,100"
52.238174,1777158995.605834,61426,,BS2DCE,,cal_roto,5,100,"A,C,E,G","ok,ok,ok,ok","100,100,100,100"
52.275814,1777158995.643474,64835,,BSDC91,,cal_roto,5,100,"A,B,F,G","ok,ok,ok,ok","100,100,100,100"
52.411259,1777158995.778919,3356,,BSF66F,,cal_static,4,91,"A,B,C,D","ok,ok,ok,ok","77,95,95,100"
52.419985,1777158995.787645,61427,,BS2DCE,,cal_roto,5,100,"A,C,G,E","ok,ok,ok,ok","100,100,100,100"
52.478672,1777158995.846332,64836,,BSDC91,,cal_roto,5,100,"A,B,F,G","ok,ok,ok,ok","100,100,100,100"
52.588547,1777158995.956207,3357,,BSF66F,,cal_static,4,98,"E,F,G,H","ok,ok,ok,ok","100,95,100,100"
52.623311,1777158995.990971,61428,,BS2DCE,,cal_roto,5,100,"A,C,G,E","ok,ok,ok,ok","100,100,100,100"
52.660077,1777158996.027737,64837,,BSDC91,,cal_roto,5,100,"A,B,G,F","ok,ok,ok,ok","100,100,100,100"
52.772769,1777158996.140429,3358,,BSF66F,,cal_static,4,92,"A,B,C,D","ok,ok,ok,ok","78,95,95,100"
52.831095,1777158996.198755,61429,,BS2DCE,,cal_roto,5,100,"A,C,E,G","ok,ok,ok,ok","100,100,100,100"
52.860866,1777158996.228526,64838,,BSDC91,,cal_roto,5,100,"A,B,F,G","ok,ok,ok,ok","100,100,100,100"
53.003504,1777158996.371164,3359,,BSF66F,,cal_static,4,98,"E,F,G,H","ok,ok,ok,ok","100,95,100,100"
53.035503,1777158996.403163,61430,,BS2DCE,,cal_roto,5,100,"A,C,E,G","ok,ok,ok,ok","100,100,100,100"
53.093639,1777158996.461299,64839,,BSDC91,,cal_roto,5,100,"A,B,F,G","ok,ok,ok,ok","100,100,100,100"
53.204259,1777158996.571919,3360,,BSF66F,,cal_static,4,92,"A,B,C,D","ok,ok,ok,ok","79,95,95,100"
53.24329,1777158996.61095,61431,,BS2DCE,,cal_roto,5,100,"C,A,E,G","ok,ok,ok,ok","100,100,100,100"
53.273563,1777158996.641223,64840,,BSDC91,,cal_roto,5,100,"B,A,F,G","ok,ok,ok,ok","100,100,100,100"
53.365403,1777158996.733063,3361,,BSF66F,,cal_static,4,99,"E,F,G,H","ok,ok,ok,ok","100,96,100,100"
53.443913,1777158996.811573,61432,,BS2DCE,,cal_roto,5,100,"C,A,E,G","ok,ok,ok,ok","100,100,100,100"
53.50455,1777158996.87221,64841,,BSDC91,,cal_roto,5,100,"A,B,F,G","ok,ok,ok,ok","100,100,100,100"
53.61861,1777158996.98627,3362,,BSF66F,,cal_static,4,93,"A,B,C,D","ok,ok,ok,ok","80,96,96,100"
53.679477,1777158997.047137,61433,,BS2DCE,,cal_roto,5,100,"A,C,E,G","ok,ok,ok,ok","100,100,100,100"
53.686092,1777158997.053752,64842,,BSDC91,,cal_roto,5,100,"A,B,F,G","ok,ok,ok,ok","100,100,100,100"
53.798544,1777158997.166204,3363,,BSF66F,,cal_static,4,99,"E,F,G,H","ok,ok,ok,ok","100,96,100,100"
53.836144,1777158997.203804,61434,,BS2DCE,,cal_roto,5,100,"A,C,E,G","ok,ok,ok,ok","100,100,100,100"
53.867864,1777158997.235524,64843,,BSDC91,,cal_roto,5,100,"A,B,F,G","ok,ok,ok,ok","100,100,100,100"
54.003469,1777158997.371129,3364,,BSF66F,,cal_static,4,93,"A,B,C,D","ok,ok,ok,ok","80,96,96,100"
54.075944,1777158997.443604,64844,,BSDC91,,cal_roto,5,100,"A,B,F,G","ok,ok,ok,ok","100,100,100,100"
54.111469,1777158997.479129,61435,,BS2DCE,,cal_roto,5,100,"A,C,G,E","ok,ok,ok,ok","100,100,100,100"
54.180873,1777158997.548533,3365,,BSF66F,,cal_static,4,99,"E,F,G,H","ok,ok,ok,ok","100,96,100,100"
54.220136,1777158997.587796,61436,,BS2DCE,,cal_roto,5,100,"A,C,G,E","ok,ok,ok,ok","100,100,100,100"
54.278346,1777158997.646006,64845,,BSDC91,,cal_roto,5,100,"A,B,G,F","ok,ok,ok,ok","100,100,100,100"
54.361013,1777158997.728673,3366,,BSF66F,,cal_static,4,92,"A,B,C,D","reject,ok,ok,ok","77,96,96,100"
54.450893,1777158997.818553,61437,,BS2DCE,,cal_roto,5,100,"A,C,E,G","ok,ok,ok,ok","100,100,100,100"
54.460288,1777158997.827948,64846,,BSDC91,,cal_roto,5,100,"A,B,F,G","ok,ok,ok,ok","100,100,100,100"
54.573104,1777158997.940764,3367,,BSF66F,,cal_static,4,99,"E,F,G,H","ok,ok,ok,ok","100,96,100,100"
54.631096,1777158997.998756,61438,,BS2DCE,,cal_roto,5,100,"A,C,E,G","ok,ok,ok,ok","100,100,100,100"
54.660887,1777158998.028547,64847,,BSDC91,,cal_roto,5,100,"A,B,F,G","ok,ok,ok,ok","100,100,100,100"
54.801697,1777158998.169357,3368,,BSF66F,,cal_static,4,92,"A,B,C,D","ok,ok,ok,ok","78,96,96,100"
54.835426,1777158998.203086,61439,,BS2DCE,,cal_roto,5,100,"C,A,E,G","ok,ok,ok,ok","100,100,100,100"
54.891403,1777158998.259063,64848,,BSDC91,,cal_roto,5,100,"B,A,F,G","ok,ok,ok,ok","100,100,100,100"
54.983599,1777158998.351259,3369,,BSF66F,,cal_static,4,99,"E,F,G,H","ok,ok,ok,ok","100,96,100,100"
55.011531,1777158998.379191,61440,,BS2DCE,,cal_roto,5,100,"C,A,E,G","ok,ok,ok,ok","100,100,100,100"
55.075848,1777158998.443508,64849,,BSDC91,,cal_roto,5,100,"A,B,F,G","ok,ok,ok,ok","100,100,100,100"
55.240143,1777158998.607803,3370,,BSF66F,,cal_static,4,92,"A,B,C,D","ok,ok,ok,ok","79,96,96,100"
55.245941,1777158998.613601,61441,,BS2DCE,,cal_roto,5,100,"A,C,E,G","ok,ok,ok,ok","100,100,100,100"
55.283395,1777158998.651055,64850,,BSDC91,,cal_roto,5,100,"A,B,F,G","ok,ok,ok,ok","100,100,100,100"
55.366416,1777158998.734076,3371,,BSF66F,,cal_static,4,99,"E,F,G,H","ok,ok,ok,ok","100,96,100,100"
55.427827,1777158998.795487,61442,,BS2DCE,,cal_roto,5,100,"A,C,E,G","ok,ok,ok,ok","100,100,100,100"
55.465696,1777158998.833356,64851,,BSDC91,,cal_roto,5,100,"A,B,F,G","ok,ok,ok,ok","100,100,100,100"
55.621701,1777158998.989361,3372,,BSF66F,,cal_static,4,93,"A,B,C,D","ok,ok,ok,ok","80,96,96,100"
55.635999,1777158999.003659,61443,,BS2DCE,,cal_roto,5,100,"A,C,G,E","ok,ok,ok,ok","100,100,100,100"
55.667859,1777158999.035519,64852,,BSDC91,,cal_roto,5,100,"A,B,F,G","ok,ok,ok,ok","100,100,100,100"
55.78049,1777158999.14815,3373,,BSF66F,,cal_static,4,99,"E,F,G,H","ok,ok,ok,ok","100,96,100,100"
55.838734,1777158999.206394,61444,,BS2DCE,,cal_roto,5,100,"A,C,G,E","ok,ok,ok,ok","100,100,100,100"
55.876179,1777158999.243839,64853,,BSDC91,,cal_roto,5,100,"A,B,G,F","ok,ok,ok,ok","100,100,100,100"
56.010955,1777158999.378615,3374,,BSF66F,,cal_static,4,93,"A,B,C,D","ok,ok,ok,ok","80,96,96,100"
56.020345,1777158999.388005,61445,,BS2DCE,,cal_roto,5,100,"A,C,E,G","ok,ok,ok,ok","100,100,100,100"
56.078451,1777158999.446111,64854,,BSDC91,,cal_roto,5,100,"A,B,F,G","ok,ok,ok,ok","100,100,100,100"
56.16127,1777158999.52893,3375,,BSF66F,,cal_static,4,99,"E,F,G,H","ok,ok,ok,ok","100,96,100,100"
56.221246,1777158999.588906,61446,,BS2DCE,,cal_roto,5,100,"A,C,E,G","ok,ok,ok,ok","100,100,100,100"
56.260588,1777158999.628248,64855,,BSDC91,,cal_roto,5,100,"A,B,F,G","ok,ok,ok,ok","100,100,100,100"
56.342771,1777158999.710431,3376,,BSF66F,,cal_static,4,92,"A,B,C,D","ok,ok,ok,timeout","81,96,96,96"
56.431117,1777158999.798777,61447,,BS2DCE,,cal_roto,5,100,"C,A,E,G","ok,ok,ok,ok","100,100,100,100"
56.459498,1777158999.827158,64856,,BSDC91,,cal_roto,5,100,"B,A,F,G","ok,ok,ok,ok","100,100,100,100"
56.551065,1777158999.918725,3377,,BSF66F,,cal_static,4,97,"E,F,G,H","ok,ok,timeout,timeout","100,100,94,94"
56.633752,1777159000.001412,61448,,BS2DCE,,cal_roto,5,100,"C,A,E,G","ok,ok,ok,ok","100,100,100,100"
56.693513,1777159000.061173,64857,,BSDC91,,cal_roto,5,100,"A,B,F,G","ok,ok,ok,ok","100,100,100,100"
56.806419,1777159000.174079,3378,,BSF66F,,cal_static,4,95,"A,B,C,D","ok,ok,ok,ok","82,100,100,100"
56.813761,1777159000.181421,61449,,BS2DCE,,cal_roto,5,100,"A,C,E,G","ok,ok,ok,ok","100,100,100,100"
56.875566,1777159000.243226,64858,,BSDC91,,cal_roto,5,100,"A,B,F,G","ok,ok,ok,ok","100,100,100,100"
56.98812,1777159000.35578,3379,,BSF66F,,cal_static,4,97,"E,F,G,H","ok,ok,ok,ok","100,100,94,94"
57.046084,1777159000.413744,61450,,BS2DCE,,cal_roto,5,100,"A,C,E,G","ok,ok,ok,ok","100,100,100,100"
57.08361,1777159000.45127,64859,,BSDC91,,cal_roto,5,100,"A,B,F,G","ok,ok,ok,ok","100,100,100,100"
57.219086,1777159000.586746,3380,,BSF66F,,cal_static,4,95,"A,B,C,D","ok,ok,ok,ok","83,100,100,100"
57.257566,1777159000.625226,61451,,BS2DCE,,cal_roto,5,100,"A,C,G,E","ok,ok,ok,ok","100,100,100,100"
57.286089,1777159000.653749,64860,,BSDC91,,cal_roto,5,100,"A,B,F,G","ok,ok,ok,ok","100,100,100,100"
57.398775,1777159000.766435,3381,,BSF66F,,cal_static,4,97,"E,F,G,H","ok,ok,ok,ok","100,100,94,94"
57.435905,1777159000.803565,61452,,BS2DCE,,cal_roto,5,100,"A,C,G,E","ok,ok,ok,ok","100,100,100,100"
57.467813,1777159000.835473,64861,,BSDC91,,cal_roto,5,100,"A,B,G,F","ok,ok,ok,ok","100,100,100,100"
57.557758,1777159000.925418,3382,,BSF66F,,cal_static,4,94,"A,B,C,D","reject,ok,ok,ok","78,100,100,100"
57.675901,1777159001.043561,64862,,BSDC91,,cal_roto,5,100,"A,B,F,G","ok,ok,ok,ok","100,100,100,100"
57.76378,1777159001.13144,61453,,BS2DCE,,cal_roto,5,100,"A,C,E,G","ok,ok,ok,ok","100,100,100,100"
57.781069,1777159001.148729,3383,,BSF66F,,cal_static,4,97,"E,F,G,H","ok,ok,ok,ok","100,100,95,95"
57.840517,1777159001.208177,61454,,BS2DCE,,cal_roto,5,100,"A,C,E,G","ok,ok,ok,ok","100,100,100,100"
57.878493,1777159001.246153,64863,,BSDC91,,cal_roto,5,100,"A,B,F,G","ok,ok,ok,ok","100,100,100,100"
58.012049,1777159001.379709,3384,,BSF66F,,cal_static,4,95,"A,B,C,D","ok,ok,ok,ok","80,100,100,100"
58.021148,1777159001.388808,61455,,BS2DCE,,cal_roto,5,100,"C,A,E,G","ok,ok,ok,ok","100,100,100,100"
58.058587,1777159001.426247,64864,,BSDC91,,cal_roto,5,100,"B,A,F,G","ok,ok,ok,ok","100,100,100,100"
58.172998,1777159001.540658,3385,,BSF66F,,cal_static,4,97,"E,F,G,H","ok,ok,ok,ok","100,100,95,95"
58.261072,1777159001.628732,64865,,BSDC91,,cal_roto,5,100,"A,B,F,G","ok,ok,ok,ok","100,100,100,100"
58.280902,1777159001.648562,61456,,BS2DCE,,cal_roto,5,100,"C,A,E,G","ok,ok,ok,ok","100,100,100,100"
58.373572,1777159001.741232,3386,,BSF66F,,cal_static,4,95,"A,B,C,D","ok,ok,ok,ok","80,100,100,100"
58.435773,1777159001.803433,61457,,BS2DCE,,cal_roto,5,100,"A,C,E,G","ok,ok,ok,ok","100,100,100,100"
58.49354,1777159001.8612,64866,,BSDC91,,cal_roto,5,100,"A,B,F,G","ok,ok,ok,ok","100,100,100,100"
58.553397,1777159001.921057,3387,,BSF66F,,cal_static,4,97,"E,F,G,H","ok,ok,ok,ok","100,100,95,95"
58.642934,1777159002.010594,61458,,BS2DCE,,cal_roto,5,100,"A,C,E,G","ok,ok,ok,ok","100,100,100,100"
58.675697,1777159002.043357,64867,,BSDC91,,cal_roto,5,100,"A,B,F,G","ok,ok,ok,ok","100,100,100,100"
58.765824,1777159002.133484,3388,,BSF66F,,cal_static,4,95,"A,B,C,D","ok,ok,ok,ok","81,100,100,100"
58.846299,1777159002.213959,61459,,BS2DCE,,cal_roto,5,100,"A,C,G,E","ok,ok,ok,ok","100,100,100,100"
58.905955,1777159002.273615,64868,,BSDC91,,cal_roto,5,100,"A,B,F,G","ok,ok,ok,ok","100,100,100,100"
58.966042,1777159002.333702,3389,,BSF66F,,cal_static,4,97,"E,F,G,H","ok,ok,ok,ok","100,100,95,95"
59.05808,1777159002.42574,61460,,BS2DCE,,cal_roto,5,100,"A,C,G,E","ok,ok,ok,ok","100,100,100,100"
59.086126,1777159002.453786,64869,,BSDC91,,cal_roto,5,100,"A,B,G,F","ok,ok,ok,ok","100,100,100,100"
59.198101,1777159002.565761,3390,,BSF66F,,cal_static,4,94,"A,B,C,D","reject,ok,ok,ok","78,100,100,100"
59.235889,1777159002.603549,61461,,BS2DCE,,cal_roto,5,100,"A,C,E,G","ok,ok,ok,ok","100,100,100,100"
59.267952,1777159002.635612,64870,,BSDC91,,cal_roto,5,100,"A,B,F,G","ok,ok,ok,ok","100,100,100,100"
59.380235,1777159002.747895,3391,,BSF66F,,cal_static,4,97,"E,F,G,H","ok,ok,ok,ok","100,100,95,95"
59.438595,1777159002.806255,61462,,BS2DCE,,cal_roto,5,100,"A,C,E,G","ok,ok,ok,ok","100,100,100,100"
59.476122,1777159002.843782,64871,,BSDC91,,cal_roto,5,100,"A,B,F,G","ok,ok,ok,ok","100,100,100,100"
59.581219,1777159002.948879,3392,,BSF66F,,cal_static,4,93,"A,B,C,D","reject,ok,ok,ok","75,100,100,100"
59.620707,1777159002.988367,61463,,BS2DCE,,cal_roto,5,100,"C,A,E,G","ok,ok,ok,ok","100,100,100,100"
59.676444,1777159003.044104,64872,,BSDC91,,cal_roto,5,100,"B,A,F,G","ok,ok,ok,ok","100,100,100,100"
59.761132,1777159003.128792,3393,,BSF66F,,cal_static,4,98,"E,F,G,H","ok,ok,ok,ok","100,100,96,96"
59.819315,1777159003.186975,61464,,BS2DCE,,cal_roto,5,100,"C,A,E,G","ok,ok,ok,ok","100,100,100,100"
59.860293,1777159003.227953,64873,,BSDC91,,cal_roto,5,100,"A,B,F,G","ok,ok,ok,ok","100,100,100,100"
59.943036,1777159003.310696,3394,,BSF66F,,cal_static,4,93,"A,B,C,D","reject,ok,ok,ok","72,100,100,100"
60.031068,1777159003.398728,61465,,BS2DCE,,cal_roto,5,100,"A,C,E,G","ok,ok,ok,ok","100,100,100,100"
60.061116,1777159003.428776,64874,,BSDC91,,cal_roto,5,100,"A,B,F,G","ok,ok,ok,ok","100,100,100,100"
60.173896,1777159003.541556,3395,,BSF66F,,cal_static,4,98,"E,F,G,H","ok,ok,ok,ok","100,100,96,96"
60.235534,1777159003.603194,61466,,BS2DCE,,cal_roto,5,100,"A,C,E,G","ok,ok,ok,ok","100,100,100,100"
60.323581,1777159003.691241,64875,,BSDC91,,cal_roto,5,100,"A,B,F,G","ok,ok,ok,ok","100,100,100,100"
60.382584,1777159003.750244,3396,,BSF66F,,cal_static,4,92,"A,B,C,D","reject,ok,ok,ok","69,100,100,100"
60.413738,1777159003.781398,61467,,BS2DCE,,cal_roto,5,100,"A,C,G,E","ok,ok,ok,ok","100,100,100,100"
60.523441,1777159003.891101,64876,,BSDC91,,cal_roto,5,100,"A,B,F,G","ok,ok,ok,ok","100,100,100,100"
60.565175,1777159003.932835,3397,,BSF66F,,cal_static,4,98,"E,F,G,H","ok,ok,ok,ok","100,100,96,96"
60.64627,1777159004.01393,61468,,BS2DCE,,cal_roto,5,100,"A,C,G,E","ok,ok,ok,ok","100,100,100,100"
60.683571,1777159004.051231,64877,,BSDC91,,cal_roto,5,100,"A,B,G,F","ok,ok,ok,ok","100,100,100,100"
60.796308,1777159004.163968,3398,,BSF66F,,cal_static,4,92,"A,B,C,D","ok,ok,ok,ok","70,100,100,100"
60.828036,1777159004.195696,61469,,BS2DCE,,cal_roto,5,100,"A,C,E,G","ok,ok,ok,ok","100,100,100,100"
60.886161,1777159004.253821,64878,,BSDC91,,cal_roto,5,100,"A,B,F,G","ok,ok,ok,ok","100,100,100,100"
60.998706,1777159004.366366,3399,,BSF66F,,cal_static,4,98,"E,F,G,H","ok,ok,ok,ok","100,100,96,96"
61.03642,1777159004.40408,61470,,BS2DCE,,cal_roto,5,100,"A,C,E,G","ok,ok,ok,ok","100,100,100,100"
61.067996,1777159004.435656,64879,,BSDC91,,cal_roto,5,100,"A,B,F,G","ok,ok,ok,ok","100,100,100,100"
61.18042,1777159004.54808,3400,,BSF66F,,cal_static,4,91,"A,B,C,D","reject,ok,ok,ok","67,100,100,100"
61.238541,1777159004.606201,61471,,BS2DCE,,cal_roto,5,100,"C,A,E,G","ok,ok,ok,ok","100,100,100,100"
61.274103,1777159004.641763,64880,,BSDC91,,cal_roto,5,100,"B,A,F,G","ok,ok,ok,ok","100,100,100,100"
61.381098,1777159004.748758,3401,,BSF66F,,cal_static,4,98,"E,F,G,H","ok,ok,ok,ok","100,100,96,96"
61.440633,1777159004.808293,61472,,BS2DCE,,cal_roto,5,100,"C,A,E,G","ok,ok,ok,ok","100,100,100,100"
61.478516,1777159004.846176,64881,,BSDC91,,cal_roto,5,100,"A,B,F,G","ok,ok,ok,ok","100,100,100,100"
61.538662,1777159004.906322,3402,,BSF66F,,cal_static,4,90,"A,B,C,D","ok,timeout,timeout,ok","68,96,96,100"
61.621558,1777159004.989218,61473,,BS2DCE,,cal_roto,5,100,"A,C,E,G","ok,ok,ok,ok","100,100,100,100"
61.660341,1777159005.028001,64882,,BSDC91,,cal_roto,5,100,"A,B,F,G","ok,ok,ok,ok","100,100,100,100"
61.742753,1777159005.110413,3403,,BSF66F,,cal_static,4,97,"E,F,G,H","ok,timeout,ok,ok","100,96,96,96"
61.851969,1777159005.219629,61474,,BS2DCE,,cal_roto,5,100,"A,C,E,G","ok,ok,ok,ok","100,100,100,100"
61.861241,1777159005.228901,64883,,BSDC91,,cal_roto,5,100,"A,B,F,G","ok,ok,ok,ok","100,100,100,100"
62.026475,1777159005.394135,3404,,BSF66F,,cal_static,4,90,"A,B,C,D","ok,ok,ok,ok","70,96,96,100"
62.035893,1777159005.403553,61475,,BS2DCE,,cal_roto,5,100,"A,C,G,E","ok,ok,ok,ok","100,100,100,100"
62.093644,1777159005.461304,64884,,BSDC91,,cal_roto,5,100,"A,B,F,G","ok,ok,ok,ok","100,100,100,100"
62.153674,1777159005.521334,3405,,BSF66F,,cal_static,4,97,"E,F,G,H","ok,ok,ok,ok","100,96,96,96"
62.213738,1777159005.581398,61476,,BS2DCE,,cal_roto,5,100,"A,C,G,E","ok,ok,ok,ok","100,100,100,100"
62.275492,1777159005.643152,64885,,BSDC91,,cal_roto,5,100,"A,B,G,F","ok,ok,ok,ok","100,100,100,100"
62.440918,1777159005.808578,3406,,BSF66F,,cal_static,4,90,"A,B,C,D","ok,ok,ok,ok","70,96,96,100"
62.505528,1777159005.873188,64886,,BSDC91,,cal_roto,5,100,"A,B,F,G","ok,ok,ok,ok","100,100,100,100"
62.520696,1777159005.888356,61477,,BS2DCE,,cal_roto,5,100,"A,C,E,G","ok,ok,ok,ok","100,100,100,100"
62.594208,1777159005.961868,3407,,BSF66F,,cal_static,4,97,"E,F,G,H","ok,ok,ok,ok","100,96,96,96"
62.628248,1777159005.995908,61478,,BS2DCE,,cal_roto,5,100,"A,C,E,G","ok,ok,ok,ok","100,100,100,100"
62.686466,1777159006.054126,64887,,BSDC91,,cal_roto,5,100,"A,B,F,G","ok,ok,ok,ok","100,100,100,100"
62.802019,1777159006.169679,3408,,BSF66F,,cal_static,4,90,"A,B,C,D","ok,ok,ok,ok","71,96,96,100"
62.83657,1777159006.20423,61479,,BS2DCE,,cal_roto,5,100,"C,A,E,G","ok,ok,ok,ok","100,100,100,100"
62.895117,1777159006.262777,64888,,BSDC91,,cal_roto,5,100,"B,A,F,G","ok,ok,ok,ok","100,100,100,100"
62.980588,1777159006.348248,3409,,BSF66F,,cal_static,4,100,"E,F,G,H","ok,ok,ok,ok","100,100,100,100"
63.03718,1777159006.40484,61480,,BS2DCE,,cal_roto,5,100,"C,A,E,G","ok,ok,ok,ok","100,100,100,100"
63.076118,1777159006.443778,64889,,BSDC91,,cal_roto,5,100,"A,B,F,G","ok,ok,ok,ok","100,100,100,100"
63.211477,1777159006.579137,3410,,BSF66F,,cal_static,4,94,"A,B,C,D","ok,ok,ok,ok","76,100,100,100"
63.220748,1777159006.588408,61481,,BS2DCE,,cal_roto,5,100,"A,C,E,G","ok,ok,ok,ok","100,100,100,100"
63.278672,1777159006.646332,64890,,BSDC91,,cal_roto,5,100,"A,B,F,G","ok,ok,ok,ok","100,100,100,100"
63.361251,1777159006.728911,3411,,BSF66F,,cal_static,4,100,"E,F,G,H","ok,ok,ok,ok","100,100,100,100"
63.421224,1777159006.788884,61482,,BS2DCE,,cal_roto,5,100,"A,C,E,G","ok,ok,ok,ok","100,100,100,100"
63.460436,1777159006.828096,64891,,BSDC91,,cal_roto,5,100,"A,B,F,G","ok,ok,ok,ok","100,100,100,100"
63.573142,1777159006.940802,3412,,BSF66F,,cal_static,4,94,"A,B,C,D","ok,ok,ok,ok","77,100,100,100"
63.631479,1777159006.999139,61483,,BS2DCE,,cal_roto,5,100,"A,C,G,E","ok,ok,ok,ok","100,100,100,100"
63.661243,1777159007.028903,64892,,BSDC91,,cal_roto,5,100,"A,B,F,G","ok,ok,ok,ok","100,100,100,100"
63.77391,1777159007.14157,3413,,BSF66F,,cal_static,4,100,"E,F,G,H","ok,ok,ok,ok","100,100,100,100"
63.835553,1777159007.203213,61484,,BS2DCE,,cal_roto,5,100,"A,C,G,E","ok,ok,ok,ok","100,100,100,100"
63.893708,1777159007.261368,64893,,BSDC91,,cal_roto,5,100,"A,B,G,F","ok,ok,ok,ok","100,100,100,100"
63.953874,1777159007.321534,3414,,BSF66F,,cal_static,4,93,"A,B,C,D","reject,ok,ok,ok","73,100,100,100"
64.013991,1777159007.381651,61485,,BS2DCE,,cal_roto,5,100,"A,C,E,G","ok,ok,ok,ok","100,100,100,100"
64.075663,1777159007.443323,64894,,BSDC91,,cal_roto,5,100,"A,B,F,G","ok,ok,ok,ok","100,100,100,100"
64.165976,1777159007.533636,3415,,BSF66F,,cal_static,4,100,"E,F,G,H","ok,ok,ok,ok","100,100,100,100"
64.246301,1777159007.613961,61486,,BS2DCE,,cal_roto,5,100,"A,C,E,G","ok,ok,ok,ok","100,100,100,100"
64.283862,1777159007.651522,64895,,BSDC91,,cal_roto,5,100,"A,B,F,G","ok,ok,ok,ok","100,100,100,100"
64.36632,1777159007.73398,3416,,BSF66F,,cal_static,4,93,"A,B,C,D","ok,ok,ok,ok","75,100,100,100"
64.461681,1777159007.829341,64896,,BSDC91,,cal_roto,5,100,"B,A,F,G","ok,ok,ok,ok","100,100,100,100"
64.476163,1777159007.843823,61487,,BS2DCE,,cal_roto,5,100,"C,A,E,G","ok,ok,ok,ok","100,100,100,100"
64.5988,1777159007.96646,3417,,BSF66F,,cal_static,4,100,"E,F,G,H","ok,ok,ok,ok","100,100,100,100"
64.634205,1777159008.001865,61488,,BS2DCE,,cal_roto,5,100,"C,A,E,G","ok,ok,ok,ok","100,100,100,100"
64.668493,1777159008.036153,64897,,BSDC91,,cal_roto,5,100,"A,B,F,G","ok,ok,ok,ok","100,100,100,100"
64.78067,1777159008.14833,3418,,BSF66F,,cal_static,4,94,"A,B,C,D","ok,ok,ok,ok","76,100,100,100"
64.81633,1777159008.18399,61489,,BS2DCE,,cal_roto,5,100,"A,C,E,G","ok,ok,ok,ok","100,100,100,100"
64.87612,1777159008.24378,64898,,BSDC91,,cal_roto,5,100,"A,B,F,G","ok,ok,ok,ok","100,100,100,100"
64.983947,1777159008.351607,3419,,BSF66F,,cal_static,4,100,"E,F,G,H","ok,ok,ok,ok","100,100,100,100"
65.020671,1777159008.388331,61490,,BS2DCE,,cal_roto,5,100,"A,C,E,G","ok,ok,ok,ok","100,100,100,100"
65.078704,1777159008.446364,64899,,BSDC91,,cal_roto,5,100,"A,B,F,G","ok,ok,ok,ok","100,100,100,100"
65.161419,1777159008.529079,3420,,BSF66F,,cal_static,4,93,"A,B,C,D","reject,ok,ok,ok","72,100,100,100"
65.221517,1777159008.589177,61491,,BS2DCE,,cal_roto,5,100,"A,C,G,E","ok,ok,ok,ok","100,100,100,100"
65.260433,1777159008.628093,64900,,BSDC91,,cal_roto,5,100,"A,B,F,G","ok,ok,ok,ok","100,100,100,100"
65.372915,1777159008.740575,3421,,BSF66F,,cal_static,4,100,"E,F,G,H","ok,ok,ok,ok","100,100,100,100"
65.453194,1777159008.820854,61492,,BS2DCE,,cal_roto,5,100,"A,C,G,E","ok,ok,ok,ok","100,100,100,100"
65.462388,1777159008.830048,64901,,BSDC91,,cal_roto,5,100,"A,B,G,F","ok,ok,ok,ok","100,100,100,100"
65.603731,1777159008.971391,3422,,BSF66F,,cal_static,4,93,"A,B,C,D","ok,ok,ok,ok","73,100,100,100"
65.686327,1777159009.053987,61493,,BS2DCE,,cal_roto,5,100,"A,C,E,G","ok,ok,ok,ok","100,100,100,100"
65.693729,1777159009.061389,64902,,BSDC91,,cal_roto,5,100,"A,B,F,G","ok,ok,ok,ok","100,100,100,100"
65.754099,1777159009.121759,3423,,BSF66F,,cal_static,4,100,"E,F,G,H","ok,ok,ok,ok","100,100,100,100"
65.864232,1777159009.231892,61494,,BS2DCE,,cal_roto,5,100,"A,C,E,G","ok,ok,ok,ok","100,100,100,100"
65.876047,1777159009.243707,64903,,BSDC91,,cal_roto,5,100,"A,B,F,G","ok,ok,ok,ok","100,100,100,100"
66.039524,1777159009.407184,3424,,BSF66F,,cal_static,4,93,"A,B,C,D","ok,ok,ok,ok","75,100,100,100"
66.046423,1777159009.414083,61495,,BS2DCE,,cal_roto,5,100,"C,A,E,G","ok,ok,ok,ok","100,100,100,100"
66.082063,1777159009.449723,64904,,BSDC91,,cal_roto,5,100,"B,A,F,G","ok,ok,ok,ok","100,100,100,100"
66.166456,1777159009.534116,3425,,BSF66F,,cal_static,4,100,"E,F,G,H","ok,ok,ok,ok","100,100,100,100"
66.226478,1777159009.594138,61496,,BS2DCE,,cal_roto,5,100,"C,A,E,G","ok,ok,ok,ok","100,100,100,100"
66.286811,1777159009.654471,64905,,BSDC91,,cal_roto,5,100,"A,B,F,G","ok,ok,ok,ok","100,100,100,100"
66.346355,1777159009.714015,3426,,BSF66F,,cal_static,4,93,"A,B,C,D","ok,ok,ok,timeout","76,100,100,96"
66.459192,1777159009.826852,61497,,BS2DCE,,cal_roto,5,100,"A,C,E,G","ok,ok,ok,ok","100,100,100,100"
66.468215,1777159009.835875,64906,,BSDC91,,cal_roto,5,100,"A,B,F,G","ok,ok,ok,ok","100,100,100,100"
66.579369,1777159009.947029,3427,,BSF66F,,cal_static,4,98,"E,F,G,H","ok,ok,timeout,timeout","100,100,96,96"
66.639085,1777159010.006745,61498,,BS2DCE,,cal_roto,5,100,"A,C,E,G","ok,ok,ok,ok","100,100,100,100"
66.676379,1777159010.044039,64907,,BSDC91,,cal_roto,5,100,"A,B,F,G","ok,ok,ok,ok","100,100,100,100"
66.781646,1777159010.149306,3428,,BSF66F,,cal_static,4,93,"A,B,C,D","ok,ok,ok,ok","76,100,100,96"
66.820611,1777159010.188271,61499,,BS2DCE,,cal_roto,5,100,"A,C,G,E","ok,ok,ok,ok","100,100,100,100"
66.878742,1777159010.246402,64908,,BSDC91,,cal_roto,5,100,"A,B,F,G","ok,ok,ok,ok","100,100,100,100"
66.961553,1777159010.329213,3429,,BSF66F,,cal_static,4,98,"E,F,G,H","ok,ok,ok,ok","100,100,96,96"
67.021552,1777159010.389212,61500,,BS2DCE,,cal_roto,5,100,"A,C,G,E","ok,ok,ok,ok","100,100,100,100"
67.060436,1777159010.428096,64909,,BSDC91,,cal_roto,5,100,"A,B,G,F","ok,ok,ok,ok","100,100,100,100"
67.226585,1777159010.594245,3430,,BSF66F,,cal_static,4,93,"A,B,C,D","ok,ok,ok,ok","77,100,100,96"
67.231678,1777159010.599338,61501,,BS2DCE,,cal_roto,5,100,"A,C,E,G","ok,ok,ok,ok","100,100,100,100"
67.261353,1777159010.629013,64910,,BSDC91,,cal_roto,5,100,"A,B,F,G","ok,ok,ok,ok","100,100,100,100"
67.375454,1777159010.743114,3431,,BSF66F,,cal_static,4,98,"E,F,G,H","ok,ok,ok,ok","100,100,96,96"
67.488267,1777159010.855927,61502,,BS2DCE,,cal_roto,5,100,"A,C,E,G","ok,ok,ok,ok","100,100,100,100"
67.493884,1777159010.861544,64911,,BSDC91,,cal_roto,5,100,"A,B,F,G","ok,ok,ok,ok","100,100,100,100"
67.604717,1777159010.972377,3432,,BSF66F,,cal_static,4,93,"A,B,C,D","ok,ok,ok,ok","78,100,100,96"
67.614015,1777159010.981675,61503,,BS2DCE,,cal_roto,5,100,"C,A,E,G","ok,ok,ok,ok","100,100,100,100"
67.702712,1777159011.070372,64912,,BSDC91,,cal_roto,5,100,"B,A,F,G","ok,ok,ok,ok","100,100,100,100"
67.76559,1777159011.13325,3433,,BSF66F,,cal_static,4,98,"E,F,G,H","ok,ok,ok,ok","100,100,96,96"
67.844692,1777159011.212352,61504,,BS2DCE,,cal_roto,5,100,"C,A,E,G","ok,ok,ok,ok","100,100,100,100"
67.883798,1777159011.251458,64913,,BSDC91,,cal_roto,5,100,"A,B,F,G","ok,ok,ok,ok","100,100,100,100"
68.019292,1777159011.386952,3434,,BSF66F,,cal_static,4,93,"A,B,C,D","ok,ok,ok,ok","79,100,100,96"
68.028385,1777159011.396045,61505,,BS2DCE,,cal_roto,5,100,"A,C,E,G","ok,ok,ok,ok","100,100,100,100"
68.146396,1777159011.514056,3435,,BSF66F,,cal_static,4,98,"E,F,G,H","ok,ok,ok,ok","100,100,96,96"
68.161024,1777159011.528684,64914,,BSDC91,,cal_roto,5,100,"A,B,F,G","ok,ok,ok,ok","100,100,100,100"
68.236646,1777159011.604306,61506,,BS2DCE,,cal_roto,5,100,"A,C,E,G","ok,ok,ok,ok","100,100,100,100"
68.268562,1777159011.636222,64915,,BSDC91,,cal_roto,5,100,"A,B,F,G","ok,ok,ok,ok","100,100,100,100"
68.403936,1777159011.771596,3436,,BSF66F,,cal_static,4,94,"A,B,C,D","ok,ok,ok,ok","80,100,100,96"
68.438864,1777159011.806524,61507,,BS2DCE,,cal_roto,5,100,"A,C,G,E","ok,ok,ok,ok","100,100,100,100"
68.478912,1777159011.846572,64916,,BSDC91,,cal_roto,5,100,"A,B,F,G","ok,ok,ok,ok","100,100,100,100"
68.581373,1777159011.949033,3437,,BSF66F,,cal_static,4,98,"E,F,G,H","ok,ok,ok,ok","100,100,96,96"
68.620883,1777159011.988543,61508,,BS2DCE,,cal_roto,5,100,"A,C,G,E","ok,ok,ok,ok","100,100,100,100"
68.678983,1777159012.046643,64917,,BSDC91,,cal_roto,5,100,"A,B,G,F","ok,ok,ok,ok","100,100,100,100"
68.814522,1777159012.182182,3438,,BSF66F,,cal_static,4,94,"A,B,C,D","ok,ok,ok,ok","80,100,100,96"
68.821585,1777159012.189245,61509,,BS2DCE,,cal_roto,5,100,"A,C,E,G","ok,ok,ok,ok","100,100,100,100"
68.860643,1777159012.228303,64918,,BSDC91,,cal_roto,5,100,"A,B,F,G","ok,ok,ok,ok","100,100,100,100"
68.995792,1777159012.363452,3439,,BSF66F,,cal_static,4,98,"E,F,G,H","ok,ok,ok,ok","100,100,96,96"
69.03146,1777159012.39912,61510,,BS2DCE,,cal_roto,5,100,"A,C,E,G","ok,ok,ok,ok","100,100,100,100"
69.06139,1777159012.42905,64919,,BSDC91,,cal_roto,5,100,"A,B,F,G","ok,ok,ok,ok","100,100,100,100"
69.201961,1777159012.569621,3440,,BSF66F,,cal_static,4,94,"A,B,C,D","ok,ok,ok,ok","81,100,100,96"
69.236091,1777159012.603751,61511,,BS2DCE,,cal_roto,5,100,"C,A,E,G","ok,ok,ok,ok","100,100,100,100"
69.322026,1777159012.689686,64920,,BSDC91,,cal_roto,5,100,"B,A,F,G","ok,ok,ok,ok","100,100,100,100"
69.353895,1777159012.721555,3441,,BSF66F,,cal_static,4,100,"E,F,G,H","ok,ok,ok,ok","100,100,100,100"
69.412136,1777159012.779796,61512,,BS2DCE,,cal_roto,5,100,"C,A,E,G","ok,ok,ok,ok","100,100,100,100"
69.475867,1777159012.843527,64921,,BSDC91,,cal_roto,5,100,"A,B,F,G","ok,ok,ok,ok","100,100,100,100"
69.641199,1777159013.008859,3442,,BSF66F,,cal_static,4,95,"A,B,C,D","ok,ok,ok,ok","82,100,100,100"
69.646524,1777159013.014184,61513,,BS2DCE,,cal_roto,5,100,"A,C,E,G","ok,ok,ok,ok","100,100,100,100"
69.683882,1777159013.051542,64922,,BSDC91,,cal_roto,5,100,"A,B,F,G","ok,ok,ok,ok","100,100,100,100"
69.766864,1777159013.134524,3443,,BSF66F,,cal_static,4,100,"E,F,G,H","ok,ok,ok,ok","100,100,100,100"
69.828494,1777159013.196154,61514,,BS2DCE,,cal_roto,5,100,"A,C,E,G","ok,ok,ok,ok","100,100,100,100"
69.863905,1777159013.231565,64923,,BSDC91,,cal_roto,5,100,"A,B,F,G","ok,ok,ok,ok","100,100,100,100"
70.020091,1777159013.387751,3444,,BSF66F,,cal_static,4,94,"A,B,C,D","reject,ok,ok,ok","77,100,100,100"
70.068301,1777159013.435961,64924,,BSDC91,,cal_roto,5,100,"A,B,F,G","ok,ok,ok,ok","100,100,100,100"
70.079608,1777159013.447268,61515,,BS2DCE,,cal_roto,5,100,"A,C,G,E","ok,ok,ok,ok","100,100,100,100"
70.158289,1777159013.525949,3445,,BSF66F,,cal_static,4,100,"E,F,G,H","ok,ok,ok,ok","100,100,100,100"
70.238909,1777159013.606569,61516,,BS2DCE,,cal_roto,5,100,"A,C,G,E","ok,ok,ok,ok","100,100,100,100"
70.276265,1777159013.643925,64925,,BSDC91,,cal_roto,5,100,"A,B,G,F","ok,ok,ok,ok","100,100,100,100"
70.381758,1777159013.749418,3446,,BSF66F,,cal_static,4,94,"A,B,C,D","ok,ok,ok,ok","78,100,100,100"
70.420785,1777159013.788445,61517,,BS2DCE,,cal_roto,5,100,"A,C,E,G","ok,ok,ok,ok","100,100,100,100"
70.478792,1777159013.846452,64926,,BSDC91,,cal_roto,5,100,"A,B,F,G","ok,ok,ok,ok","100,100,100,100"
70.588972,1777159013.956632,3447,,BSF66F,,cal_static,4,100,"E,F,G,H","ok,ok,ok,ok","100,100,100,100"
70.649009,1777159014.016669,61518,,BS2DCE,,cal_roto,5,100,"A,C,E,G","ok,ok,ok,ok","100,100,100,100"
70.661604,1777159014.029264,64927,,BSDC91,,cal_roto,5,100,"A,B,F,G","ok,ok,ok,ok","100,100,100,100"
70.773308,1777159014.140968,3448,,BSF66F,,cal_static,4,95,"A,B,C,D","ok,ok,ok,ok","80,100,100,100"
70.851559,1777159014.219219,61519,,BS2DCE,,cal_roto,5,100,"C,A,E,G","ok,ok,ok,ok","100,100,100,100"
70.859443,1777159014.227103,64928,,BSDC91,,cal_roto,5,100,"B,A,F,G","ok,ok,ok,ok","100,100,100,100"
70.974026,1777159014.341686,3449,,BSF66F,,cal_static,4,100,"E,F,G,H","ok,ok,ok,ok","100,100,100,100"
71.03412,1777159014.40178,61520,,BS2DCE,,cal_roto,5,100,"C,A,E,G","ok,ok,ok,ok","100,100,100,100"
71.093936,1777159014.461596,64929,,BSDC91,,cal_roto,5,100,"A,B,F,G","ok,ok,ok,ok","100,100,100,100"
71.207037,1777159014.574697,3450,,BSF66F,,cal_static,4,95,"A,B,C,D","ok,ok,ok,ok","80,100,100,100"
71.214091,1777159014.581751,61521,,BS2DCE,,cal_roto,5,100,"A,C,E,G","ok,ok,ok,ok","100,100,100,100"
71.275868,1777159014.643528,64930,,BSDC91,,cal_roto,5,100,"A,B,F,G","ok,ok,ok,ok","100,100,100,100"
71.366141,1777159014.733801,3451,,BSF66F,,cal_static,4,100,"E,F,G,H","ok,ok,ok,ok","100,100,100,100"
71.446717,1777159014.814377,61522,,BS2DCE,,cal_roto,5,100,"A,C,E,G","ok,ok,ok,ok","100,100,100,100"
71.483851,1777159014.851511,64931,,BSDC91,,cal_roto,5,100,"A,B,F,G","ok,ok,ok,ok","100,100,100,100"
71.566599,1777159014.934259,3452,,BSF66F,,cal_static,4,92,"A,B,C,D","ok,timeout,timeout,ok","81,95,95,100"
71.6284,1777159014.99606,61523,,BS2DCE,,cal_roto,5,100,"A,C,G,E","ok,ok,ok,ok","100,100,100,100"
71.686637,1777159015.054297,64932,,BSDC91,,cal_roto,5,100,"A,B,F,G","ok,ok,ok,ok","100,100,100,100"
71.820135,1777159015.187795,3453,,BSF66F,,cal_static,4,98,"E,F,G,H","ok,timeout,ok,ok","100,95,100,100"
71.836509,1777159015.204169,61524,,BS2DCE,,cal_roto,5,100,"A,C,G,E","ok,ok,ok,ok","100,100,100,100"
71.868363,1777159015.236023,64933,,BSDC91,,cal_roto,5,100,"A,B,G,F","ok,ok,ok,ok","100,100,100,100"
71.958515,1777159015.326175,3454,,BSF66F,,cal_static,4,92,"A,B,C,D","reject,ok,ok,ok","78,95,95,100"
72.039161,1777159015.406821,61525,,BS2DCE,,cal_roto,5,100,"A,C,E,G","ok,ok,ok,ok","100,100,100,100"
72.076767,1777159015.444427,64934,,BSDC91,,cal_roto,5,100,"A,B,F,G","ok,ok,ok,ok","100,100,100,100"
72.181508,1777159015.549168,3455,,BSF66F,,cal_static,4,98,"E,F,G,H","ok,ok,ok,ok","100,95,100,100"
72.220936,1777159015.588596,61526,,BS2DCE,,cal_roto,5,100,"A,C,E,G","ok,ok,ok,ok","100,100,100,100"
72.279005,1777159015.646665,64935,,BSDC91,,cal_roto,5,100,"A,B,F,G","ok,ok,ok,ok","100,100,100,100"
72.338903,1777159015.706563,3456,,BSF66F,,cal_static,4,91,"A,B,C,D","reject,ok,ok,ok","75,95,95,100"
72.421482,1777159015.789142,61527,,BS2DCE,,cal_roto,5,100,"C,A,E,G","ok,ok,ok,ok","100,100,100,100"
72.479523,1777159015.847183,64936,,BSDC91,,cal_roto,5,100,"B,A,F,G","ok,ok,ok,ok","100,100,100,100"
72.594931,1777159015.962591,3457,,BSF66F,,cal_static,4,99,"E,F,G,H","ok,ok,ok,ok","100,96,100,100"
72.629601,1777159015.997261,61528,,BS2DCE,,cal_roto,5,100,"C,A,E,G","ok,ok,ok,ok","100,100,100,100"
72.661535,1777159016.029195,64937,,BSDC91,,cal_roto,5,100,"A,B,F,G","ok,ok,ok,ok","100,100,100,100"
72.878536,1777159016.246196,3458,,BSF66F,,cal_static,4,92,"A,B,C,D","ok,ok,ok,ok","76,96,96,100"
72.894002,1777159016.261662,64938,,BSDC91,,cal_roto,5,100,"A,B,F,G","ok,ok,ok,ok","100,100,100,100"
72.913364,1777159016.281024,61529,,BS2DCE,,cal_roto,5,100,"A,C,E,G","ok,ok,ok,ok","100,100,100,100"
72.953922,1777159016.321582,3459,,BSF66F,,cal_static,4,99,"E,F,G,H","ok,ok,ok,ok","100,96,100,100"
73.014132,1777159016.381792,61530,,BS2DCE,,cal_roto,5,100,"A,C,E,G","ok,ok,ok,ok","100,100,100,100"
73.07587,1777159016.44353,64939,,BSDC91,,cal_roto,5,100,"A,B,F,G","ok,ok,ok,ok","100,100,100,100"
73.238169,1777159016.605829,3460,,BSF66F,,cal_static,4,92,"A,B,C,D","ok,ok,ok,ok","76,96,96,100"
73.24689,1777159016.61455,61531,,BS2DCE,,cal_roto,5,100,"A,C,G,E","ok,ok,ok,ok","100,100,100,100"
73.283947,1777159016.651607,64940,,BSDC91,,cal_roto,5,100,"A,B,F,G","ok,ok,ok,ok","100,100,100,100"
73.366878,1777159016.734538,3461,,BSF66F,,cal_static,4,99,"E,F,G,H","ok,ok,ok,ok","100,96,100,100"
73.458297,1777159016.825957,61532,,BS2DCE,,cal_roto,5,100,"A,C,G,E","ok,ok,ok,ok","100,100,100,100"
73.486745,1777159016.854405,64941,,BSDC91,,cal_roto,5,100,"A,B,G,F","ok,ok,ok,ok","100,100,100,100"
73.622186,1777159016.989846,3462,,BSF66F,,cal_static,4,92,"A,B,C,D","ok,ok,ok,ok","77,96,96,100"
73.636761,1777159017.004421,61533,,BS2DCE,,cal_roto,5,100,"A,C,E,G","ok,ok,ok,ok","100,100,100,100"
73.66847,1777159017.03613,64942,,BSDC91,,cal_roto,5,100,"A,B,F,G","ok,ok,ok,ok","100,100,100,100"
73.780919,1777159017.148579,3463,,BSF66F,,cal_static,4,99,"E,F,G,H","ok,ok,ok,ok","100,96,100,100"
73.876704,1777159017.244364,64943,,BSDC91,,cal_roto,5,100,"A,B,F,G","ok,ok,ok,ok","100,100,100,100"
73.890971,1777159017.258631,61534,,BS2DCE,,cal_roto,5,100,"A,C,E,G","ok,ok,ok,ok","100,100,100,100"
74.009958,1777159017.377618,3464,,BSF66F,,cal_static,4,92,"A,B,C,D","ok,ok,ok,ok","78,96,96,100"
74.043737,1777159017.411397,61535,,BS2DCE,,cal_roto,5,100,"C,A,E,G","ok,ok,ok,ok","100,100,100,100"
74.0775,1777159017.44516,64944,,BSDC91,,cal_roto,5,100,"B,A,F,G","ok,ok,ok,ok","100,100,100,100"
74.161727,1777159017.529387,3465,,BSF66F,,cal_static,4,99,"E,F,G,H","ok,ok,ok,ok","100,96,100,100"
74.219917,1777159017.587577,61536,,BS2DCE,,cal_roto,5,100,"C,A,E,G","ok,ok,ok,ok","100,100,100,100"
74.260773,1777159017.628433,64945,,BSDC91,,cal_roto,5,100,"A,B,F,G","ok,ok,ok,ok","100,100,100,100"
74.373462,1777159017.741122,3466,,BSF66F,,cal_static,4,92,"A,B,C,D","ok,ok,ok,ok","79,96,96,100"
74.43392,1777159017.80158,61537,,BS2DCE,,cal_roto,5,100,"A,C,E,G","ok,ok,ok,ok","100,100,100,100"
74.461995,1777159017.829655,64946,,BSDC91,,cal_roto,5,100,"A,B,F,G","ok,ok,ok,ok","100,100,100,100"
74.57405,1777159017.94171,3467,,BSF66F,,cal_static,4,99,"E,F,G,H","ok,ok,ok,ok","100,96,100,100"
74.68773,1777159018.05539,61538,,BS2DCE,,cal_roto,5,100,"A,C,E,G","ok,ok,ok,ok","100,100,100,100"
74.727536,1777159018.095196,64947,,BSDC91,,cal_roto,5,100,"A,B,F,G","ok,ok,ok,ok","100,100,100,100"
74.754363,1777159018.122023,3468,,BSF66F,,cal_static,4,92,"A,B,C,D","reject,ok,ok,ok","76,96,96,100"
74.814494,1777159018.182154,61539,,BS2DCE,,cal_roto,5,100,"A,C,G,E","ok,ok,ok,ok","100,100,100,100"
74.876393,1777159018.244053,64948,,BSDC91,,cal_roto,5,100,"A,B,F,G","ok,ok,ok,ok","100,100,100,100"
75.041608,1777159018.409268,3469,,BSF66F,,cal_static,4,99,"E,F,G,H","ok,ok,ok,ok","100,96,100,100"
75.0748,1777159018.44246,61540,,BS2DCE,,cal_roto,5,100,"A,C,G,E","ok,ok,ok,ok","100,100,100,100"
75.084158,1777159018.451818,64949,,BSDC91,,cal_roto,5,100,"A,B,G,F","ok,ok,ok,ok","100,100,100,100"
75.143977,1777159018.511637,3470,,BSF66F,,cal_static,4,91,"A,B,C,D","reject,ok,ok,ok","74,96,96,100"
75.228853,1777159018.596513,61541,,BS2DCE,,cal_roto,5,100,"A,C,E,G","ok,ok,ok,ok","100,100,100,100"
75.263975,1777159018.631635,64950,,BSDC91,,cal_roto,5,100,"A,B,F,G","ok,ok,ok,ok","100,100,100,100"
75.399119,1777159018.766779,3471,,BSF66F,,cal_static,4,99,"E,F,G,H","ok,ok,ok,ok","100,96,100,100"
75.436586,1777159018.804246,61542,,BS2DCE,,cal_roto,5,100,"A,C,E,G","ok,ok,ok,ok","100,100,100,100"
75.468726,1777159018.836386,64951,,BSDC91,,cal_roto,5,100,"A,B,F,G","ok,ok,ok,ok","100,100,100,100"
75.558334,1777159018.925994,3472,,BSF66F,,cal_static,4,91,"A,B,C,D","ok,ok,ok,ok","75,96,96,100"
75.616557,1777159018.984217,61543,,BS2DCE,,cal_roto,5,100,"C,A,E,G","ok,ok,ok,ok","100,100,100,100"
75.697027,1777159019.064687,64952,,BSDC91,,cal_roto,5,100,"B,A,F,G","ok,ok,ok,ok","100,100,100,100"
75.781938,1777159019.149598,3473,,BSF66F,,cal_static,4,100,"E,F,G,H","ok,ok,ok,ok","100,100,100,100"
75.819262,1777159019.186922,61544,,BS2DCE,,cal_roto,5,100,"C,A,E,G","ok,ok,ok,ok","100,100,100,100"
75.901903,1777159019.269563,64953,,BSDC91,,cal_roto,5,100,"A,B,F,G","ok,ok,ok,ok","100,100,100,100"
76.014521,1777159019.382181,3474,,BSF66F,,cal_static,4,94,"A,B,C,D","ok,ok,ok,ok","76,100,100,100"
76.02178,1777159019.38944,61545,,BS2DCE,,cal_roto,5,100,"A,C,E,G","ok,ok,ok,ok","100,100,100,100"
76.083755,1777159019.451415,64954,,BSDC91,,cal_roto,5,100,"A,B,F,G","ok,ok,ok,ok","100,100,100,100"
76.173811,1777159019.541471,3475,,BSF66F,,cal_static,4,100,"E,F,G,H","ok,ok,ok,ok","100,100,100,100"
76.231844,1777159019.599504,61546,,BS2DCE,,cal_roto,5,100,"A,C,E,G","ok,ok,ok,ok","100,100,100,100"
76.290093,1777159019.657753,64955,,BSDC91,,cal_roto,5,100,"A,B,F,G","ok,ok,ok,ok","100,100,100,100"
76.351593,1777159019.719253,3476,,BSF66F,,cal_static,4,92,"A,B,C,D","ok,ok,ok,timeout","77,100,100,94"
76.48685,1777159019.85451,61547,,BS2DCE,,cal_roto,5,100,"A,C,G,E","ok,ok,ok,ok","100,100,100,100"
76.494221,1777159019.861881,64956,,BSDC91,,cal_roto,5,100,"A,B,F,G","ok,ok,ok,ok","100,100,100,100"
76.581693,1777159019.949353,3477,,BSF66F,,cal_static,4,97,"E,F,G,H","ok,ok,timeout,timeout","100,100,94,94"
76.643199,1777159020.010859,61548,,BS2DCE,,cal_roto,5,100,"A,C,G,E","ok,ok,ok,ok","100,100,100,100"
76.676067,1777159020.043727,64957,,BSDC91,,cal_roto,5,100,"A,B,G,F","ok,ok,ok,ok","100,100,100,100"
76.841608,1777159020.209268,3478,,BSF66F,,cal_static,4,93,"A,B,C,D","ok,ok,ok,ok","78,100,100,94"
76.846763,1777159020.214423,61549,,BS2DCE,,cal_roto,5,100,"A,C,E,G","ok,ok,ok,ok","100,100,100,100"
76.884345,1777159020.252005,64958,,BSDC91,,cal_roto,5,100,"A,B,F,G","ok,ok,ok,ok","100,100,100,100"
76.966898,1777159020.334558,3479,,BSF66F,,cal_static,4,97,"E,F,G,H","ok,ok,ok,ok","100,100,95,95"
77.028776,1777159020.396436,61550,,BS2DCE,,cal_roto,5,100,"A,C,E,G","ok,ok,ok,ok","100,100,100,100"
77.064202,1777159020.431862,64959,,BSDC91,,cal_roto,5,100,"A,B,F,G","ok,ok,ok,ok","100,100,100,100"
77.220011,1777159020.587671,3480,,BSF66F,,cal_static,4,92,"A,B,C,D","reject,ok,ok,ok","75,100,100,95"
77.259094,1777159020.626754,61551,,BS2DCE,,cal_roto,5,100,"C,A,E,G","ok,ok,ok,ok","100,100,100,100"
77.266788,1777159020.634448,64960,,BSDC91,,cal_roto,5,100,"B,A,F,G","ok,ok,ok,ok","100,100,100,100"
77.358428,1777159020.726088,3481,,BSF66F,,cal_static,4,97,"E,F,G,H","ok,ok,ok,ok","100,100,95,95"
77.415033,1777159020.782693,61552,,BS2DCE,,cal_roto,5,100,"C,A,E,G","ok,ok,ok,ok","100,100,100,100"
77.476903,1777159020.844563,64961,,BSDC91,,cal_roto,5,100,"A,B,F,G","ok,ok,ok,ok","100,100,100,100"
77.611527,1777159020.979187,3482,,BSF66F,,cal_static,4,92,"A,B,C,D","ok,ok,ok,ok","76,100,100,95"
77.620986,1777159020.988646,61553,,BS2DCE,,cal_roto,5,100,"A,C,E,G","ok,ok,ok,ok","100,100,100,100"
77.679317,1777159021.046977,64962,,BSDC91,,cal_roto,5,100,"A,B,F,G","ok,ok,ok,ok","100,100,100,100"
77.790095,1777159021.157755,3483,,BSF66F,,cal_static,4,97,"E,F,G,H","ok,ok,ok,ok","100,100,95,95"
77.85254,1777159021.2202,61554,,BS2DCE,,cal_roto,5,100,"A,C,E,G","ok,ok,ok,ok","100,100,100,100"
77.860892,1777159021.228552,64963,,BSDC91,,cal_roto,5,100,"A,B,F,G","ok,ok,ok,ok","100,100,100,100"
77.943306,1777159021.310966,3484,,BSF66F,,cal_static,4,91,"A,B,C,D","reject,ok,ok,ok","72,100,100,95"
78.031738,1777159021.399398,61555,,BS2DCE,,cal_roto,5,100,"A,C,G,E","ok,ok,ok,ok","100,100,100,100"
78.061782,1777159021.429442,64964,,BSDC91,,cal_roto,5,100,"A,B,F,G","ok,ok,ok,ok","100,100,100,100"
78.174493,1777159021.542153,3485,,BSF66F,,cal_static,4,97,"E,F,G,H","ok,ok,ok,ok","100,100,95,95"
78.236196,1777159021.603856,61556,,BS2DCE,,cal_roto,5,100,"A,C,G,E","ok,ok,ok,ok","100,100,100,100"
78.29422,1777159021.66188,64965,,BSDC91,,cal_roto,5,100,"A,B,G,F","ok,ok,ok,ok","100,100,100,100"
78.407378,1777159021.775038,3486,,BSF66F,,cal_static,4,92,"A,B,C,D","ok,ok,ok,ok","73,100,100,95"
78.414551,1777159021.782211,61557,,BS2DCE,,cal_roto,5,100,"A,C,E,G","ok,ok,ok,ok","100,100,100,100"
78.476383,1777159021.844043,64966,,BSDC91,,cal_roto,5,100,"A,B,F,G","ok,ok,ok,ok","100,100,100,100"
78.565955,1777159021.933615,3487,,BSF66F,,cal_static,4,97,"E,F,G,H","ok,ok,ok,ok","100,100,95,95"
78.647469,1777159022.015129,61558,,BS2DCE,,cal_roto,5,100,"A,C,E,G","ok,ok,ok,ok","100,100,100,100"
78.707005,1777159022.074665,64967,,BSDC91,,cal_roto,5,100,"A,B,F,G","ok,ok,ok,ok","100,100,100,100"
78.817305,1777159022.184965,3488,,BSF66F,,cal_static,4,92,"A,B,C,D","ok,ok,ok,ok","75,100,100,95"
78.828838,1777159022.196498,61559,,BS2DCE,,cal_roto,5,100,"C,A,E,G","ok,ok,ok,ok","100,100,100,100"
78.884996,1777159022.252656,64968,,BSDC91,,cal_roto,5,100,"B,A,F,G","ok,ok,ok,ok","100,100,100,100"
78.999539,1777159022.367199,3489,,BSF66F,,cal_static,4,98,"E,F,G,H","ok,ok,ok,ok","100,100,96,96"
79.034802,1777159022.402462,61560,,BS2DCE,,cal_roto,5,100,"C,A,E,G","ok,ok,ok,ok","100,100,100,100"
79.095691,1777159022.463351,64969,,BSDC91,,cal_roto,5,100,"A,B,F,G","ok,ok,ok,ok","100,100,100,100"
79.204173,1777159022.571833,3490,,BSF66F,,cal_static,4,93,"A,B,C,D","ok,ok,ok,ok","76,100,100,96"
79.237658,1777159022.605318,61561,,BS2DCE,,cal_roto,5,100,"A,C,E,G","ok,ok,ok,ok","100,100,100,100"
79.277035,1777159022.644695,64970,,BSDC91,,cal_roto,5,100,"A,B,F,G","ok,ok,ok,ok","100,100,100,100"
79.382325,1777159022.749985,3491,,BSF66F,,cal_static,4,98,"E,F,G,H","ok,ok,ok,ok","100,100,96,96"
79.421462,1777159022.789122,61562,,BS2DCE,,cal_roto,5,100,"A,C,E,G","ok,ok,ok,ok","100,100,100,100"
79.479157,1777159022.846817,64971,,BSDC91,,cal_roto,5,100,"A,B,F,G","ok,ok,ok,ok","100,100,100,100"
79.562571,1777159022.930231,3492,,BSF66F,,cal_static,4,92,"A,B,C,D","reject,ok,ok,ok","73,100,100,96"
79.621866,1777159022.989526,61563,,BS2DCE,,cal_roto,5,100,"A,C,G,E","ok,ok,ok,ok","100,100,100,100"
79.684039,1777159023.051699,64972,,BSDC91,,cal_roto,5,100,"A,B,F,G","ok,ok,ok,ok","100,100,100,100"
79.791477,1777159023.159137,3493,,BSF66F,,cal_static,4,98,"E,F,G,H","ok,ok,ok,ok","100,100,96,96"
79.851341,1777159023.219001,61564,,BS2DCE,,cal_roto,5,100,"A,C,G,E","ok,ok,ok,ok","100,100,100,100"
79.89167,1777159023.25933,64973,,BSDC91,,cal_roto,5,100,"A,B,G,F","ok,ok,ok,ok","100,100,100,100"
79.951808,1777159023.319468,3494,,BSF66F,,cal_static,4,91,"A,B,C,D","reject,ok,ok,ok","70,100,100,96"
80.036277,1777159023.403937,61565,,BS2DCE,,cal_roto,5,100,"A,C,E,G","ok,ok,ok,ok","100,100,100,100"
80.09425,1777159023.46191,64974,,BSDC91,,cal_roto,5,100,"A,B,F,G","ok,ok,ok,ok","100,100,100,100"
80.184449,1777159023.552109,3495,,BSF66F,,cal_static,4,98,"E,F,G,H","ok,ok,ok,ok","100,100,96,96"
80.214523,1777159023.582183,61566,,BS2DCE,,cal_roto,5,100,"A,C,E,G","ok,ok,ok,ok","100,100,100,100"
80.276359,1777159023.644019,64975,,BSDC91,,cal_roto,5,100,"A,B,F,G","ok,ok,ok,ok","100,100,100,100"
80.388925,1777159023.756585,3496,,BSF66F,,cal_static,4,90,"A,B,C,D","reject,ok,ok,ok","67,100,100,96"
80.446914,1777159023.814574,61567,,BS2DCE,,cal_roto,5,100,"C,A,E,G","ok,ok,ok,ok","100,100,100,100"
80.482431,1777159023.850091,64976,,BSDC91,,cal_roto,5,100,"B,A,F,G","ok,ok,ok,ok","100,100,100,100"
80.566838,1777159023.934498,3497,,BSF66F,,cal_static,4,98,"E,F,G,H","ok,ok,ok,ok","100,100,96,96"
80.629097,1777159023.996757,61568,,BS2DCE,,cal_roto,5,100,"C,A,E,G","ok,ok,ok,ok","100,100,100,100"
80.664304,1777159024.031964,64977,,BSDC91,,cal_roto,5,100,"A,B,F,G","ok,ok,ok,ok","100,100,100,100"
80.822103,1777159024.189763,3498,,BSF66F,,cal_static,4,91,"A,B,C,D","ok,ok,ok,ok","68,100,100,96"
80.836873,1777159024.204533,61569,,BS2DCE,,cal_roto,5,100,"A,C,E,G","ok,ok,ok,ok","100,100,100,100"
80.868799,1777159024.236459,64978,,BSDC91,,cal_roto,5,100,"A,B,F,G","ok,ok,ok,ok","100,100,100,100"
80.98097,1777159024.34863,3499,,BSF66F,,cal_static,4,98,"E,F,G,H","ok,ok,ok,ok","100,100,96,96"
81.016726,1777159024.384386,61570,,BS2DCE,,cal_roto,5,100,"A,C,E,G","ok,ok,ok,ok","100,100,100,100"
81.07686,1777159024.44452,64979,,BSDC91,,cal_roto,5,100,"A,B,F,G","ok,ok,ok,ok","100,100,100,100"
81.211961,1777159024.579621,3500,,BSF66F,,cal_static,4,91,"A,B,C,D","ok,ok,ok,ok","70,100,100,96"
81.241633,1777159024.609293,61571,,BS2DCE,,cal_roto,5,100,"A,C,G,E","ok,ok,ok,ok","100,100,100,100"
81.279229,1777159024.646889,64980,,BSDC91,,cal_roto,5,100,"A,B,F,G","ok,ok,ok,ok","100,100,100,100"
81.391208,1777159024.758868,3501,,BSF66F,,cal_static,4,98,"E,F,G,H","ok,ok,ok,ok","100,100,96,96"
81.421975,1777159024.789635,61572,,BS2DCE,,cal_roto,5,100,"A,C,G,E","ok,ok,ok,ok","100,100,100,100"
81.461435,1777159024.829095,64981,,BSDC91,,cal_roto,5,100,"A,B,G,F","ok,ok,ok,ok","100,100,100,100"
81.543663,1777159024.911323,3502,,BSF66F,,cal_static,4,90,"A,B,C,D","ok,ok,timeout,ok","70,100,96,96"
81.654395,1777159025.022055,61573,,BS2DCE,,cal_roto,5,100,"A,C,E,G","ok,ok,ok,ok","100,100,100,100"
81.691727,1777159025.059387,64982,,BSDC91,,cal_roto,5,100,"A,B,F,G","ok,ok,ok,ok","100,100,100,100"
81.751675,1777159025.119335,3503,,BSF66F,,cal_static,4,97,"E,F,G,H","ok,timeout,ok,ok","100,96,96,96"
81.836359,1777159025.204019,61574,,BS2DCE,,cal_roto,5,100,"A,C,E,G","ok,ok,ok,ok","100,100,100,100"
81.894382,1777159025.262042,64983,,BSDC91,,cal_roto,5,100,"A,B,F,G","ok,ok,ok,ok","100,100,100,100"
81.954292,1777159025.321952,3504,,BSF66F,,cal_static,4,90,"A,B,C,D","reject,ok,ok,ok","68,100,96,96"
82.01482,1777159025.38248,61575,,BS2DCE,,cal_roto,5,100,"C,A,E,G","ok,ok,ok,ok","100,100,100,100"
82.103785,1777159025.471445,64984,,BSDC91,,cal_roto,5,100,"B,A,F,G","ok,ok,ok,ok","100,100,100,100"
82.166404,1777159025.534064,3505,,BSF66F,,cal_static,4,100,"E,F,G,H","ok,ok,ok,ok","100,100,100,100"
82.244883,1777159025.612543,61576,,BS2DCE,,cal_roto,5,100,"C,A,E,G","ok,ok,ok,ok","100,100,100,100"
82.305335,1777159025.672995,64985,,BSDC91,,cal_roto,5,100,"A,B,F,G","ok,ok,ok,ok","100,100,100,100"
82.420015,1777159025.787675,3506,,BSF66F,,cal_static,4,92,"A,B,C,D","ok,ok,ok,ok","70,100,100,100"
82.429152,1777159025.796812,61577,,BS2DCE,,cal_roto,5,100,"A,C,E,G","ok,ok,ok,ok","100,100,100,100"
82.464424,1777159025.832084,64986,,BSDC91,,cal_roto,5,100,"A,B,F,G","ok,ok,ok,ok","100,100,100,100"
82.54687,1777159025.91453,3507,,BSF66F,,cal_static,4,100,"E,F,G,H","ok,ok,ok,ok","100,100,100,100"
82.636925,1777159026.004585,61578,,BS2DCE,,cal_roto,5,100,"A,C,E,G","ok,ok,ok,ok","100,100,100,100"
82.668922,1777159026.036582,64987,,BSDC91,,cal_roto,5,100,"A,B,F,G","ok,ok,ok,ok","100,100,100,100"
82.804107,1777159026.171767,3508,,BSF66F,,cal_static,4,93,"A,B,C,D","ok,ok,ok,ok","72,100,100,100"
82.817068,1777159026.184728,61579,,BS2DCE,,cal_roto,5,100,"A,C,G,E","ok,ok,ok,ok","100,100,100,100"
82.896174,1777159026.263834,64988,,BSDC91,,cal_roto,5,100,"A,B,F,G","ok,ok,ok,ok","100,100,100,100"
82.982004,1777159026.349664,3509,,BSF66F,,cal_static,4,100,"E,F,G,H","ok,ok,ok,ok","100,100,100,100"
83.021917,1777159026.389577,61580,,BS2DCE,,cal_roto,5,100,"A,C,G,E","ok,ok,ok,ok","100,100,100,100"
83.079281,1777159026.446941,64989,,BSDC91,,cal_roto,5,100,"A,B,G,F","ok,ok,ok,ok","100,100,100,100"
83.21499,1777159026.58265,3510,,BSF66F,,cal_static,4,93,"A,B,C,D","ok,ok,ok,ok","73,100,100,100"
83.222032,1777159026.589692,61581,,BS2DCE,,cal_roto,5,100,"A,C,E,G","ok,ok,ok,ok","100,100,100,100"
83.261114,1777159026.628774,64990,,BSDC91,,cal_roto,5,100,"A,B,F,G","ok,ok,ok,ok","100,100,100,100"
83.374117,1777159026.741777,3511,,BSF66F,,cal_static,4,100,"E,F,G,H","ok,ok,ok,ok","100,100,100,100"
83.432154,1777159026.799814,61582,,BS2DCE,,cal_roto,5,100,"A,C,E,G","ok,ok,ok,ok","100,100,100,100"
83.461847,1777159026.829507,64991,,BSDC91,,cal_roto,5,100,"A,B,F,G","ok,ok,ok,ok","100,100,100,100"
83.604927,1777159026.972587,3512,,BSF66F,,cal_static,4,93,"A,B,C,D","ok,ok,ok,ok","75,100,100,100"
83.636373,1777159027.004033,61583,,BS2DCE,,cal_roto,5,100,"C,A,E,G","ok,ok,ok,ok","100,100,100,100"
83.692366,1777159027.060026,64992,,BSDC91,,cal_roto,5,100,"B,A,F,G","ok,ok,ok,ok","100,100,100,100"
83.754434,1777159027.122094,3513,,BSF66F,,cal_static,4,100,"E,F,G,H","ok,ok,ok,ok","100,100,100,100"
83.813934,1777159027.181594,61584,,BS2DCE,,cal_roto,5,100,"C,A,E,G","ok,ok,ok,ok","100,100,100,100"
83.906118,1777159027.273778,64993,,BSDC91,,cal_roto,5,100,"A,B,F,G","ok,ok,ok,ok","100,100,100,100"
84.041776,1777159027.409436,3514,,BSF66F,,cal_static,4,94,"A,B,C,D","ok,ok,ok,ok","76,100,100,100"
84.075993,1777159027.443653,61585,,BS2DCE,,cal_roto,5,100,"A,C,E,G","ok,ok,ok,ok","100,100,100,100"
84.084513,1777159027.452173,64994,,BSDC91,,cal_roto,5,100,"A,B,F,G","ok,ok,ok,ok","100,100,100,100"
84.167164,1777159027.534824,3515,,BSF66F,,cal_static,4,100,"E,F,G,H","ok,ok,ok,ok","100,100,100,100"
84.229364,1777159027.597024,61586,,BS2DCE,,cal_roto,5,100,"A,C,E,G","ok,ok,ok,ok","100,100,100,100"
84.264414,1777159027.632074,64995,,BSDC91,,cal_roto,5,100,"A,B,F,G","ok,ok,ok,ok","100,100,100,100"
84.422513,1777159027.790173,3516,,BSF66F,,cal_static,4,94,"A,B,C,D","ok,ok,ok,ok","77,100,100,100"
84.436974,1777159027.804634,61587,,BS2DCE,,cal_roto,5,100,"A,C,G,E","ok,ok,ok,ok","100,100,100,100"
84.468914,1777159027.836574,64996,,BSDC91,,cal_roto,5,100,"A,B,F,G","ok,ok,ok,ok","100,100,100,100"
84.581195,1777159027.948855,3517,,BSF66F,,cal_static,4,100,"E,F,G,H","ok,ok,ok,ok","100,100,100,100"
84.616969,1777159027.984629,61588,,BS2DCE,,cal_roto,5,100,"A,C,G,E","ok,ok,ok,ok","100,100,100,100"
84.676843,1777159028.044503,64997,,BSDC91,,cal_roto,5,100,"A,B,G,F","ok,ok,ok,ok","100,100,100,100"
84.821499,1777159028.189159,61589,,BS2DCE,,cal_roto,5,100,"A,C,E,G","ok,ok,ok,ok","100,100,100,100"
84.83444,1777159028.2021,3518,,BSF66F,,cal_static,4,94,"A,B,C,D","ok,ok,ok,ok","78,100,100,100"
84.879432,1777159028.247092,64998,,BSDC91,,cal_roto,5,100,"A,B,F,G","ok,ok,ok,ok","100,100,100,100"
84.962225,1777159028.329885,3519,,BSF66F,,cal_static,4,100,"E,F,G,H","ok,ok,ok,ok","100,100,100,100"
85.049657,1777159028.417317,61590,,BS2DCE,,cal_roto,5,100,"A,C,E,G","ok,ok,ok,ok","100,100,100,100"
85.061297,1777159028.428957,64999,,BSDC91,,cal_roto,5,100,"A,B,F,G","ok,ok,ok,ok","100,100,100,100"
85.224694,1777159028.592354,3520,,BSF66F,,cal_static,4,94,"A,B,C,D","ok,ok,ok,ok","79,100,100,100"
85.232028,1777159028.599688,61591,,BS2DCE,,cal_roto,5,100,"C,A,E,G","ok,ok,ok,ok","100,100,100,100"
85.259966,1777159028.627626,65000,,BSDC91,,cal_roto,5,100,"B,A,F,G","ok,ok,ok,ok","100,100,100,100"
85.374647,1777159028.742307,3521,,BSF66F,,cal_static,4,100,"E,F,G,H","ok,ok,ok,ok","100,100,100,100"
85.434556,1777159028.802216,61592,,BS2DCE,,cal_roto,5,100,"C,A,E,G","ok,ok,ok,ok","100,100,100,100"
85.523061,1777159028.890721,65001,,BSDC91,,cal_roto,5,100,"A,B,F,G","ok,ok,ok,ok","100,100,100,100"
85.636903,1777159029.004563,3522,,BSF66F,,cal_static,4,95,"A,B,C,D","ok,ok,ok,ok","80,100,100,100"
85.641575,1777159029.009235,61593,,BS2DCE,,cal_roto,5,100,"A,C,E,G","ok,ok,ok,ok","100,100,100,100"
85.676409,1777159029.044069,65002,,BSDC91,,cal_roto,5,100,"A,B,F,G","ok,ok,ok,ok","100,100,100,100"
85.766256,1777159029.133916,3523,,BSF66F,,cal_static,4,100,"E,F,G,H","ok,ok,ok,ok","100,100,100,100"
85.874516,1777159029.242176,61594,,BS2DCE,,cal_roto,5,100,"A,C,E,G","ok,ok,ok,ok","100,100,100,100"
85.884743,1777159029.252403,65003,,BSDC91,,cal_roto,5,100,"A,B,F,G","ok,ok,ok,ok","100,100,100,100"
86.018632,1777159029.386292,3524,,BSF66F,,cal_static,4,95,"A,B,C,D","ok,ok,ok,ok","80,100,100,100"
86.029174,1777159029.396834,61595,,BS2DCE,,cal_roto,5,100,"A,C,G,E","ok,ok,ok,ok","100,100,100,100"
86.086504,1777159029.454164,65004,,BSDC91,,cal_roto,5,100,"A,B,F,G","ok,ok,ok,ok","100,100,100,100"
86.224145,1777159029.591805,3525,,BSF66F,,cal_static,4,100,"E,F,G,H","ok,ok,ok,ok","100,100,100,100"
86.237057,1777159029.604717,61596,,BS2DCE,,cal_roto,5,100,"A,C,G,E","ok,ok,ok,ok","100,100,100,100"
86.268878,1777159029.636538,65005,,BSDC91,,cal_roto,5,100,"A,B,G,F","ok,ok,ok,ok","100,100,100,100"
86.380544,1777159029.748204,3526,,BSF66F,,cal_static,4,94,"A,B,C,D","ok,ok,ok,timeout","81,100,100,96"
86.417135,1777159029.784795,61597,,BS2DCE,,cal_roto,5,100,"A,C,E,G","ok,ok,ok,ok","100,100,100,100"
86.4769,1777159029.84456,65006,,BSDC91,,cal_roto,5,100,"A,B,F,G","ok,ok,ok,ok","100,100,100,100"
86.582287,1777159029.949947,3527,,BSF66F,,cal_static,4,98,"E,F,G,H","ok,ok,timeout,timeout","100,100,96,96"
86.62157,1777159029.98923,61598,,BS2DCE,,cal_roto,5,100,"A,C,E,G","ok,ok,ok,ok","100,100,100,100"
86.679706,1777159030.047366,65007,,BSDC91,,cal_roto,5,100,"A,B,F,G","ok,ok,ok,ok","100,100,100,100"
86.812917,1777159030.180577,3528,,BSF66F,,cal_static,4,94,"A,B,C,D","ok,ok,ok,ok","82,100,100,96"
86.822665,1777159030.190325,61599,,BS2DCE,,cal_roto,5,100,"C,A,E,G","ok,ok,ok,ok","100,100,100,100"
86.85932,1777159030.22698,65008,,BSDC91,,cal_roto,5,100,"B,A,F,G","ok,ok,ok,ok","100,100,100,100"
86.97379,1777159030.34145,3529,,BSF66F,,cal_static,4,98,"E,F,G,H","ok,ok,ok,ok","100,100,96,96"
87.030004,1777159030.397664,61600,,BS2DCE,,cal_roto,5,100,"C,A,E,G","ok,ok,ok,ok","100,100,100,100"
87.061943,1777159030.429603,65009,,BSDC91,,cal_roto,5,100,"A,B,F,G","ok,ok,ok,ok","100,100,100,100"
87.204711,1777159030.572371,3530,,BSF66F,,cal_static,4,94,"A,B,C,D","ok,ok,ok,ok","82,100,100,96"
87.236611,1777159030.604271,61601,,BS2DCE,,cal_roto,5,100,"A,C,E,G","ok,ok,ok,ok","100,100,100,100"
87.29452,1777159030.66218,65010,,BSDC91,,cal_roto,5,100,"A,B,F,G","ok,ok,ok,ok","100,100,100,100"
87.354871,1777159030.722531,3531,,BSF66F,,cal_static,4,98,"E,F,G,H","ok,ok,ok,ok","100,100,96,96"
87.414693,1777159030.782353,61602,,BS2DCE,,cal_roto,5,100,"A,C,E,G","ok,ok,ok,ok","100,100,100,100"
87.476618,1777159030.844278,65011,,BSDC91,,cal_roto,5,100,"A,B,F,G","ok,ok,ok,ok","100,100,100,100"
87.642147,1777159031.009807,3532,,BSF66F,,cal_static,4,94,"A,B,C,D","ok,ok,ok,ok","83,100,100,96"
87.647107,1777159031.014767,61603,,BS2DCE,,cal_roto,5,100,"A,C,G,E","ok,ok,ok,ok","100,100,100,100"
87.684464,1777159031.052124,65012,,BSDC91,,cal_roto,5,100,"A,B,F,G","ok,ok,ok,ok","100,100,100,100"
87.767048,1777159031.134708,3533,,BSF66F,,cal_static,4,98,"E,F,G,H","ok,ok,ok,ok","100,100,96,96"
87.828982,1777159031.196642,61604,,BS2DCE,,cal_roto,5,100,"A,C,G,E","ok,ok,ok,ok","100,100,100,100"
87.864977,1777159031.232637,65013,,BSDC91,,cal_roto,5,100,"A,B,G,F","ok,ok,ok,ok","100,100,100,100"
88.022104,1777159031.389764,3534,,BSF66F,,cal_static,4,94,"A,B,C,D","ok,ok,ok,ok","83,100,100,96"
88.037408,1777159031.405068,61605,,BS2DCE,,cal_roto,5,100,"A,C,E,G","ok,ok,ok,ok","100,100,100,100"
88.068968,1777159031.436628,65014,,BSDC91,,cal_roto,5,100,"A,B,F,G","ok,ok,ok,ok","100,100,100,100"
88.159023,1777159031.526683,3535,,BSF66F,,cal_static,4,98,"E,F,G,H","ok,ok,ok,ok","100,100,96,96"
88.236476,1777159031.604136,61606,,BS2DCE,,cal_roto,5,100,"A,C,E,G","ok,ok,ok,ok","100,100,100,100"
88.276951,1777159031.644611,65015,,BSDC91,,cal_roto,5,100,"A,B,F,G","ok,ok,ok,ok","100,100,100,100"
88.410808,1777159031.778468,3536,,BSF66F,,cal_static,4,95,"A,B,C,D","ok,ok,ok,ok","84,100,100,96"
88.421608,1777159031.789268,61607,,BS2DCE,,cal_roto,5,100,"C,A,E,G","ok,ok,ok,ok","100,100,100,100"
88.477569,1777159031.845229,65016,,BSDC91,,cal_roto,5,100,"B,A,F,G","ok,ok,ok,ok","100,100,100,100"
88.591495,1777159031.959155,3537,,BSF66F,,cal_static,4,100,"E,F,G,H","ok,ok,ok,ok","100,100,100,100"
88.620192,1777159031.987852,61608,,BS2DCE,,cal_roto,5,100,"C,A,E,G","ok,ok,ok,ok","100,100,100,100"
88.6614,1777159032.02906,65017,,BSDC91,,cal_roto,5,100,"A,B,F,G","ok,ok,ok,ok","100,100,100,100"
88.774811,1777159032.142471,3538,,BSF66F,,cal_static,4,97,"A,B,C,D","ok,ok,ok,ok","88,100,100,100"
88.832212,1777159032.199872,61609,,BS2DCE,,cal_roto,5,100,"A,C,E,G","ok,ok,ok,ok","100,100,100,100"
88.862058,1777159032.229718,65018,,BSDC91,,cal_roto,5,100,"A,B,F,G","ok,ok,ok,ok","100,100,100,100"
88.976838,1777159032.344498,3539,,BSF66F,,cal_static,4,100,"E,F,G,H","ok,ok,ok,ok","100,100,100,100"
89.087207,1777159032.454867,61610,,BS2DCE,,cal_roto,5,100,"A,C,E,G","ok,ok,ok,ok","100,100,100,100"
89.094573,1777159032.462233,65019,,BSDC91,,cal_roto,5,100,"A,B,F,G","ok,ok,ok,ok","100,100,100,100"
89.154948,1777159032.522608,3540,,BSF66F,,cal_static,4,95,"A,B,C,D","reject,ok,ok,ok","83,100,100,100"
89.214886,1777159032.582546,61611,,BS2DCE,,cal_roto,5,100,"A,C,G,E","ok,ok,ok,ok","100,100,100,100"
89.276724,1777159032.644384,65020,,BSDC91,,cal_roto,5,100,"A,B,F,G","ok,ok,ok,ok","100,100,100,100"
89.366412,1777159032.734072,3541,,BSF66F,,cal_static,4,100,"E,F,G,H","ok,ok,ok,ok","100,100,100,100"
89.447165,1777159032.814825,61612,,BS2DCE,,cal_roto,5,100,"A,C,G,E","ok,ok,ok,ok","100,100,100,100"
89.484524,1777159032.852184,65021,,BSDC91,,cal_roto,5,100,"A,B,G,F","ok,ok,ok,ok","100,100,100,100"
89.544685,1777159032.912345,3542,,BSF66F,,cal_static,4,94,"A,B,C,D","reject,ok,ok,ok","78,100,100,100"
89.630611,1777159032.998271,61613,,BS2DCE,,cal_roto,5,100,"A,C,E,G","ok,ok,ok,ok","100,100,100,100"
89.664517,1777159033.032177,65022,,BSDC91,,cal_roto,5,100,"A,B,F,G","ok,ok,ok,ok","100,100,100,100"
89.799548,1777159033.167208,3543,,BSF66F,,cal_static,4,100,"E,F,G,H","ok,ok,ok,ok","100,100,100,100"
89.837246,1777159033.204906,61614,,BS2DCE,,cal_roto,5,100,"A,C,E,G","ok,ok,ok,ok","100,100,100,100"
89.868996,1777159033.236656,65023,,BSDC91,,cal_roto,5,100,"A,B,F,G","ok,ok,ok,ok","100,100,100,100"
89.958904,1777159033.326564,3544,,BSF66F,,cal_static,4,93,"A,B,C,D","reject,ok,ok,ok","75,100,100,100"
90.041171,1777159033.408831,61615,,BS2DCE,,cal_roto,5,100,"C,A,E,G","ok,ok,ok,ok","100,100,100,100"
90.075243,1777159033.442903,65024,,BSDC91,,cal_roto,5,100,"B,A,F,G","ok,ok,ok,ok","100,100,100,100"
90.182443,1777159033.550103,3545,,BSF66F,,cal_static,4,100,"E,F,G,H","ok,ok,ok,ok","100,100,100,100"
90.241294,1777159033.608954,61616,,BS2DCE,,cal_roto,5,100,"C,A,E,G","ok,ok,ok,ok","100,100,100,100"
90.279868,1777159033.647528,65025,,BSDC91,,cal_roto,5,100,"A,B,F,G","ok,ok,ok,ok","100,100,100,100"
90.41588,1777159033.78354,3546,,BSF66F,,cal_static,4,94,"A,B,C,D","ok,ok,ok,ok","76,100,100,100"
90.422458,1777159033.790118,61617,,BS2DCE,,cal_roto,5,100,"A,C,E,G","ok,ok,ok,ok","100,100,100,100"
90.483115,1777159033.850775,65026,,BSDC91,,cal_roto,5,100,"A,B,F,G","ok,ok,ok,ok","100,100,100,100"
90.573933,1777159033.941593,3547,,BSF66F,,cal_static,4,100,"E,F,G,H","ok,ok,ok,ok","100,100,100,100"
90.655071,1777159034.022731,61618,,BS2DCE,,cal_roto,5,100,"A,C,E,G","ok,ok,ok,ok","100,100,100,100"
90.662891,1777159034.030551,65027,,BSDC91,,cal_roto,5,100,"A,B,F,G","ok,ok,ok,ok","100,100,100,100"
90.80509,1777159034.17275,3548,,BSF66F,,cal_static,4,94,"A,B,C,D","ok,ok,ok,ok","77,100,100,100"
90.836684,1777159034.204344,61619,,BS2DCE,,cal_roto,5,100,"A,C,G,E","ok,ok,ok,ok","100,100,100,100"
90.894676,1777159034.262336,65028,,BSDC91,,cal_roto,5,100,"A,B,F,G","ok,ok,ok,ok","100,100,100,100"
90.984635,1777159034.352295,3549,,BSF66F,,cal_static,4,100,"E,F,G,H","ok,ok,ok,ok","100,100,100,100"
91.014732,1777159034.382392,61620,,BS2DCE,,cal_roto,5,100,"A,C,G,E","ok,ok,ok,ok","100,100,100,100"
91.076569,1777159034.444229,65029,,BSDC91,,cal_roto,5,100,"A,B,G,F","ok,ok,ok,ok","100,100,100,100"
91.242166,1777159034.609826,3550,,BSF66F,,cal_static,4,94,"A,B,C,D","ok,ok,ok,ok","78,100,100,100"
91.247473,1777159034.615133,61621,,BS2DCE,,cal_roto,5,100,"A,C,E,G","ok,ok,ok,ok","100,100,100,100"
91.284869,1777159034.652529,65030,,BSDC91,,cal_roto,5,100,"A,B,F,G","ok,ok,ok,ok","100,100,100,100"
91.367291,1777159034.734951,3551,,BSF66F,,cal_static,4,100,"E,F,G,H","ok,ok,ok,ok","100,100,100,100"
91.429148,1777159034.796808,61622,,BS2DCE,,cal_roto,5,100,"A,C,E,G","ok,ok,ok,ok","100,100,100,100"
91.464578,1777159034.832238,65031,,BSDC91,,cal_roto,5,100,"A,B,F,G","ok,ok,ok,ok","100,100,100,100"
91.547307,1777159034.914967,3552,,BSF66F,,cal_static,4,93,"A,B,C,D","ok,ok,timeout,ok","79,100,95,100"
91.637401,1777159035.005061,61623,,BS2DCE,,cal_roto,5,100,"C,A,E,G","ok,ok,ok,ok","100,100,100,100"
91.720129,1777159035.087789,65032,,BSDC91,,cal_roto,5,100,"B,A,F,G","ok,ok,ok,ok","100,100,100,100"
91.779251,1777159035.146911,3553,,BSF66F,,cal_static,4,99,"E,F,G,H","ok,timeout,ok,ok","100,96,100,100"
91.815288,1777159035.182948,61624,,BS2DCE,,cal_roto,5,100,"C,A,E,G","ok,ok,ok,ok","100,100,100,100"
91.900105,1777159035.267765,65033,,BSDC91,,cal_roto,5,100,"A,B,F,G","ok,ok,ok,ok","100,100,100,100"
92.01236,1777159035.38002,3554,,BSF66F,,cal_static,4,94,"A,B,C,D","ok,ok,ok,ok","80,100,96,100"
92.021756,1777159035.389416,61625,,BS2DCE,,cal_roto,5,100,"A,C,E,G","ok,ok,ok,ok","100,100,100,100"
92.15427,1777159035.52193,65034,,BSDC91,,cal_roto,5,100,"A,B,F,G","ok,ok,ok,ok","100,100,100,100"
92.162437,1777159035.530097,3555,,BSF66F,,cal_static,4,99,"E,F,G,H","ok,ok,ok,ok","100,96,100,100"
92.250237,1777159035.617897,61626,,BS2DCE,,cal_roto,5,100,"A,C,E,G","ok,ok,ok,ok","100,100,100,100"
92.26143,1777159035.62909,65035,,BSDC91,,cal_roto,5,100,"A,B,F,G","ok,ok,ok,ok","100,100,100,100"
92.454804,1777159035.822464,61627,,BS2DCE,,cal_roto,5,100,"A,C,G,E","ok,ok,ok,ok","100,100,100,100"
92.46224,1777159035.8299,65036,,BSDC91,,cal_roto,5,100,"A,B,F,G","ok,ok,ok,ok","100,100,100,100"
92.47719,1777159035.84485,3556,,BSF66F,,cal_static,4,94,"A,B,C,D","ok,ok,ok,ok","80,100,96,100"
92.574721,1777159035.942381,3557,,BSF66F,,cal_static,4,99,"E,F,G,H","ok,ok,ok,ok","100,96,100,100"
92.636931,1777159036.004591,61628,,BS2DCE,,cal_roto,5,100,"A,C,G,E","ok,ok,ok,ok","100,100,100,100"
92.694673,1777159036.062333,65037,,BSDC91,,cal_roto,5,100,"A,B,G,F","ok,ok,ok,ok","100,100,100,100"
92.807635,1777159036.175295,3558,,BSF66F,,cal_static,4,94,"A,B,C,D","ok,ok,ok,ok","81,100,96,100"
92.814887,1777159036.182547,61629,,BS2DCE,,cal_roto,5,100,"A,C,E,G","ok,ok,ok,ok","100,100,100,100"
92.876545,1777159036.244205,65038,,BSDC91,,cal_roto,5,100,"A,B,F,G","ok,ok,ok,ok","100,100,100,100"
92.96682,1777159036.33448,3559,,BSF66F,,cal_static,4,99,"E,F,G,H","ok,ok,ok,ok","100,96,100,100"
93.077646,1777159036.445306,61630,,BS2DCE,,cal_roto,5,100,"A,C,E,G","ok,ok,ok,ok","100,100,100,100"
93.08474,1777159036.4524,65039,,BSDC91,,cal_roto,5,100,"A,B,F,G","ok,ok,ok,ok","100,100,100,100"
93.218141,1777159036.585801,3560,,BSF66F,,cal_static,4,94,"A,B,C,D","ok,ok,ok,ok","82,100,96,100"
93.229401,1777159036.597061,61631,,BS2DCE,,cal_roto,5,100,"C,A,E,G","ok,ok,ok,ok","100,100,100,100"
93.262779,1777159036.630439,65040,,BSDC91,,cal_roto,5,100,"B,A,F,G","ok,ok,ok,ok","100,100,100,100"
93.399777,1777159036.767437,3561,,BSF66F,,cal_static,4,99,"E,F,G,H","ok,ok,ok,ok","100,96,100,100"
93.435409,1777159036.803069,61632,,BS2DCE,,cal_roto,5,100,"C,A,E,G","ok,ok,ok,ok","100,100,100,100"
93.496545,1777159036.864205,65041,,BSDC91,,cal_roto,5,100,"A,B,F,G","ok,ok,ok,ok","100,100,100,100"
93.604736,1777159036.972396,3562,,BSF66F,,cal_static,4,94,"A,B,C,D","ok,ok,ok,ok","82,100,96,100"
93.617379,1777159036.985039,61633,,BS2DCE,,cal_roto,5,100,"A,C,E,G","ok,ok,ok,ok","100,100,100,100"
93.699029,1777159037.066689,65042,,BSDC91,,cal_roto,5,100,"A,B,F,G","ok,ok,ok,ok","100,100,100,100"
93.782306,1777159037.149966,3563,,BSF66F,,cal_static,4,99,"E,F,G,H","ok,ok,ok,ok","100,96,100,100"
93.84227,1777159037.20993,61634,,BS2DCE,,cal_roto,5,100,"A,C,E,G","ok,ok,ok,ok","100,100,100,100"
93.879803,1777159037.247463,65043,,BSDC91,,cal_roto,5,100,"A,B,F,G","ok,ok,ok,ok","100,100,100,100"
94.014746,1777159037.382406,3564,,BSF66F,,cal_static,4,94,"A,B,C,D","ok,ok,ok,ok","83,100,96,100"
94.022504,1777159037.390164,61635,,BS2DCE,,cal_roto,5,100,"A,C,G,E","ok,ok,ok,ok","100,100,100,100"
94.061496,1777159037.429156,65044,,BSDC91,,cal_roto,5,100,"A,B,F,G","ok,ok,ok,ok","100,100,100,100"
94.192538,1777159037.560198,3565,,BSF66F,,cal_static,4,99,"E,F,G,H","ok,ok,ok,ok","100,96,100,100"
94.232461,1777159037.600121,61636,,BS2DCE,,cal_roto,5,100,"A,C,G,E","ok,ok,ok,ok","100,100,100,100"
94.262281,1777159037.629941,65045,,BSDC91,,cal_roto,5,100,"A,B,G,F","ok,ok,ok,ok","100,100,100,100"
94.352063,1777159037.719723,3566,,BSF66F,,cal_static,4,94,"A,B,C,D","reject,ok,ok,ok","80,100,96,100"
94.436864,1777159037.804524,61637,,BS2DCE,,cal_roto,5,100,"A,C,E,G","ok,ok,ok,ok","100,100,100,100"
94.494819,1777159037.862479,65046,,BSDC91,,cal_roto,5,100,"A,B,F,G","ok,ok,ok,ok","100,100,100,100"
94.555234,1777159037.922894,3567,,BSF66F,,cal_static,4,99,"E,F,G,H","ok,ok,ok,ok","100,96,100,100"
94.64412,1777159038.01178,61638,,BS2DCE,,cal_roto,5,100,"A,C,E,G","ok,ok,ok,ok","100,100,100,100"
94.705606,1777159038.073266,65047,,BSDC91,,cal_roto,5,100,"A,B,F,G","ok,ok,ok,ok","100,100,100,100"
94.736668,1777159038.104328,3568,,BSF66F,,cal_static,4,93,"A,B,C,D","reject,ok,ok,ok","78,100,96,100"
94.847427,1777159038.215087,61639,,BS2DCE,,cal_roto,5,100,"C,A,E,G","ok,ok,ok,ok","100,100,100,100"
94.882901,1777159038.250561,65048,,BSDC91,,cal_roto,5,100,"B,A,F,G","ok,ok,ok,ok","100,100,100,100"
94.997321,1777159038.364981,3569,,BSF66F,,cal_static,4,100,"E,F,G,H","ok,ok,ok,ok","100,100,100,100"
95.02773,1777159038.39539,61640,,BS2DCE,,cal_roto,5,100,"C,A,E,G","ok,ok,ok,ok","100,100,100,100"
95.087498,1777159038.455158,65049,,BSDC91,,cal_roto,5,100,"A,B,F,G","ok,ok,ok,ok","100,100,100,100"
95.222544,1777159038.590204,3570,,BSF66F,,cal_static,4,95,"A,B,C,D","ok,ok,ok,ok","82,100,100,100"
95.237386,1777159038.605046,61641,,BS2DCE,,cal_roto,5,100,"A,C,E,G","ok,ok,ok,ok","100,100,100,100"
95.269393,1777159038.637053,65050,,BSDC91,,cal_roto,5,100,"A,B,F,G","ok,ok,ok,ok","100,100,100,100"
95.359093,1777159038.726753,3571,,BSF66F,,cal_static,4,100,"E,F,G,H","ok,ok,ok,ok","100,100,100,100"
95.418057,1777159038.785717,61642,,BS2DCE,,cal_roto,5,100,"A,C,E,G","ok,ok,ok,ok","100,100,100,100"
95.477452,1777159038.845112,65051,,BSDC91,,cal_roto,5,100,"A,B,F,G","ok,ok,ok,ok","100,100,100,100"
95.613085,1777159038.980745,3572,,BSF66F,,cal_static,4,95,"A,B,C,D","ok,ok,ok,ok","83,100,100,100"
95.622019,1777159038.989679,61643,,BS2DCE,,cal_roto,5,100,"A,C,G,E","ok,ok,ok,ok","100,100,100,100"
95.680054,1777159039.047714,65052,,BSDC91,,cal_roto,5,100,"A,B,F,G","ok,ok,ok,ok","100,100,100,100"
95.76236,1777159039.13002,3573,,BSF66F,,cal_static,4,100,"E,F,G,H","ok,ok,ok,ok","100,100,100,100"
95.822389,1777159039.190049,61644,,BS2DCE,,cal_roto,5,100,"A,C,G,E","ok,ok,ok,ok","100,100,100,100"
95.861443,1777159039.229103,65053,,BSDC91,,cal_roto,5,100,"A,B,G,F","ok,ok,ok,ok","100,100,100,100"
95.997303,1777159039.364963,3574,,BSF66F,,cal_static,4,96,"A,B,C,D","ok,ok,ok,ok","84,100,100,100"
96.032597,1777159039.400257,61645,,BS2DCE,,cal_roto,5,100,"A,C,E,G","ok,ok,ok,ok","100,100,100,100"
96.062448,1777159039.430108,65054,,BSDC91,,cal_roto,5,100,"A,B,F,G","ok,ok,ok,ok","100,100,100,100"
96.176067,1777159039.543727,3575,,BSF66F,,cal_static,4,100,"E,F,G,H","ok,ok,ok,ok","100,100,100,100"
96.236891,1777159039.604551,61646,,BS2DCE,,cal_roto,5,100,"A,C,E,G","ok,ok,ok,ok","100,100,100,100"
96.344152,1777159039.711812,65055,,BSDC91,,cal_roto,5,100,"A,B,F,G","ok,ok,ok,ok","100,100,100,100"
96.384831,1777159039.752491,3576,,BSF66F,,cal_static,4,95,"A,B,C,D","ok,ok,ok,timeout","85,100,100,95"
96.41507,1777159039.78273,61647,,BS2DCE,,cal_roto,5,100,"C,A,E,G","ok,ok,ok,ok","100,100,100,100"
96.474827,1777159039.842487,65056,,BSDC91,,cal_roto,5,100,"B,A,F,G","ok,ok,ok,ok","100,100,100,100"
96.567123,1777159039.934783,3577,,BSF66F,,cal_static,4,97,"E,F,G,H","ok,ok,timeout,timeout","100,100,95,95"
96.645952,1777159040.013612,61648,,BS2DCE,,cal_roto,5,100,"C,A,E,G","ok,ok,ok,ok","100,100,100,100"
96.684809,1777159040.052469,65057,,BSDC91,,cal_roto,5,100,"A,B,F,G","ok,ok,ok,ok","100,100,100,100"
96.820301,1777159040.187961,3578,,BSF66F,,cal_static,4,95,"A,B,C,D","ok,ok,ok,ok","85,100,100,95"
96.857708,1777159040.225368,61649,,BS2DCE,,cal_roto,5,100,"A,C,E,G","ok,ok,ok,ok","100,100,100,100"
96.864797,1777159040.232457,65058,,BSDC91,,cal_roto,5,100,"A,B,F,G","ok,ok,ok,ok","100,100,100,100"
96.999944,1777159040.367604,3579,,BSF66F,,cal_static,4,97,"E,F,G,H","ok,ok,ok,ok","100,100,95,95"
97.037491,1777159040.405151,61650,,BS2DCE,,cal_roto,5,100,"A,C,E,G","ok,ok,ok,ok","100,100,100,100"
97.069197,1777159040.436857,65059,,BSDC91,,cal_roto,5,100,"A,B,F,G","ok,ok,ok,ok","100,100,100,100"
97.217437,1777159040.585097,61651,,BS2DCE,,cal_roto,5,100,"A,C,G,E","ok,ok,ok,ok","100,100,100,100"
97.23412,1777159040.60178,3580,,BSF66F,,cal_static,4,95,"A,B,C,D","ok,ok,ok,ok","86,100,100,95"
97.277399,1777159040.645059,65060,,BSDC91,,cal_roto,5,100,"A,B,F,G","ok,ok,ok,ok","100,100,100,100"
97.382518,1777159040.750178,3581,,BSF66F,,cal_static,4,97,"E,F,G,H","ok,ok,ok,ok","100,100,95,95"
97.444122,1777159040.811782,61652,,BS2DCE,,cal_roto,5,100,"A,C,G,E","ok,ok,ok,ok","100,100,100,100"
97.479851,1777159040.847511,65061,,BSDC91,,cal_roto,5,100,"A,B,G,F","ok,ok,ok,ok","100,100,100,100"
97.622595,1777159040.990255,61653,,BS2DCE,,cal_roto,5,100,"A,C,E,G","ok,ok,ok,ok","100,100,100,100"
97.644974,1777159041.012634,3582,,BSF66F,,cal_static,4,95,"A,B,C,D","ok,ok,ok,ok","86,100,100,95"
97.661603,1777159041.029263,65062,,BSDC91,,cal_roto,5,100,"A,B,F,G","ok,ok,ok,ok","100,100,100,100"
97.796851,1777159041.164511,3583,,BSF66F,,cal_static,4,97,"E,F,G,H","ok,ok,ok,ok","100,100,95,95"
97.832313,1777159041.199973,61654,,BS2DCE,,cal_roto,5,100,"A,C,E,G","ok,ok,ok,ok","100,100,100,100"
97.862383,1777159041.230043,65063,,BSDC91,,cal_roto,5,100,"A,B,F,G","ok,ok,ok,ok","100,100,100,100"
98.003053,1777159041.370713,3584,,BSF66F,,cal_static,4,95,"A,B,C,D","ok,ok,ok,ok","87,100,100,95"
98.090583,1777159041.458243,61655,,BS2DCE,,cal_roto,5,100,"C,A,E,G","ok,ok,ok,ok","100,100,100,100"
98.092849,1777159041.460509,65064,,BSDC91,,cal_roto,5,100,"B,A,F,G","ok,ok,ok,ok","100,100,100,100"
98.15487,1777159041.52253,3585,,BSF66F,,cal_static,4,98,"E,F,G,H","ok,ok,ok,ok","100,100,96,96"
98.243528,1777159041.611188,61656,,BS2DCE,,cal_roto,5,100,"C,A,E,G","ok,ok,ok,ok","100,100,100,100"
98.276888,1777159041.644548,65065,,BSDC91,,cal_roto,5,100,"A,B,F,G","ok,ok,ok,ok","100,100,100,100"
98.366578,1777159041.734238,3586,,BSF66F,,cal_static,4,95,"A,B,C,D","reject,ok,ok,ok","84,100,100,96"
98.447514,1777159041.815174,61657,,BS2DCE,,cal_roto,5,100,"A,C,E,G","ok,ok,ok,ok","100,100,100,100"
98.485085,1777159041.852745,65066,,BSDC91,,cal_roto,5,100,"A,B,F,G","ok,ok,ok,ok","100,100,100,100"
98.567727,1777159041.935387,3587,,BSF66F,,cal_static,4,98,"E,F,G,H","ok,ok,ok,ok","100,100,96,96"
98.629365,1777159041.997025,61658,,BS2DCE,,cal_roto,5,100,"A,C,E,G","ok,ok,ok,ok","100,100,100,100"
98.66537,1777159042.03303,65067,,BSDC91,,cal_roto,5,100,"A,B,F,G","ok,ok,ok,ok","100,100,100,100"
98.82245,1777159042.19011,3588,,BSF66F,,cal_static,4,95,"A,B,C,D","ok,ok,ok,ok","84,100,100,96"
98.837315,1777159042.204975,61659,,BS2DCE,,cal_roto,5,100,"A,C,G,E","ok,ok,ok,ok","100,100,100,100"
98.869362,1777159042.237022,65068,,BSDC91,,cal_roto,5,100,"A,B,F,G","ok,ok,ok,ok","100,100,100,100"
98.959033,1777159042.326693,3589,,BSF66F,,cal_static,4,98,"E,F,G,H","ok,ok,ok,ok","100,100,96,96"
99.017639,1777159042.385299,61660,,BS2DCE,,cal_roto,5,100,"A,C,G,E","ok,ok,ok,ok","100,100,100,100"
99.077401,1777159042.445061,65069,,BSDC91,,cal_roto,5,100,"A,B,G,F","ok,ok,ok,ok","100,100,100,100"
99.213085,1777159042.580745,3590,,BSF66F,,cal_static,4,95,"A,B,C,D","ok,ok,ok,ok","85,100,100,96"
99.222057,1777159042.589717,61661,,BS2DCE,,cal_roto,5,100,"A,C,E,G","ok,ok,ok,ok","100,100,100,100"
99.279879,1777159042.647539,65070,,BSDC91,,cal_roto,5,100,"A,B,F,G","ok,ok,ok,ok","100,100,100,100"
99.362316,1777159042.729976,3591,,BSF66F,,cal_static,4,98,"E,F,G,H","ok,ok,ok,ok","100,100,96,96"
99.422588,1777159042.790248,61662,,BS2DCE,,cal_roto,5,100,"A,C,E,G","ok,ok,ok,ok","100,100,100,100"
99.461594,1777159042.829254,65071,,BSDC91,,cal_roto,5,100,"A,B,F,G","ok,ok,ok,ok","100,100,100,100"
99.597407,1777159042.965067,3592,,BSF66F,,cal_static,4,95,"A,B,C,D","ok,ok,ok,ok","85,100,100,96"
99.654643,1777159043.022303,61663,,BS2DCE,,cal_roto,5,100,"C,A,E,G","ok,ok,ok,ok","100,100,100,100"
99.660488,1777159043.028148,65072,,BSDC91,,cal_roto,5,100,"B,A,F,G","ok,ok,ok,ok","100,100,100,100"
99.774905,1777159043.142565,3593,,BSF66F,,cal_static,4,98,"E,F,G,H","ok,ok,ok,ok","100,100,96,96"
99.835012,1777159043.202672,61664,,BS2DCE,,cal_roto,5,100,"C,A,E,G","ok,ok,ok,ok","100,100,100,100"
99.89484,1777159043.2625,65073,,BSDC91,,cal_roto,5,100,"A,B,F,G","ok,ok,ok,ok","100,100,100,100"
99.955519,1777159043.323179,3594,,BSF66F,,cal_static,4,94,"A,B,C,D","reject,ok,ok,ok","82,100,100,96"
100.01505,1777159043.38271,61665,,BS2DCE,,cal_roto,5,100,"A,C,E,G","ok,ok,ok,ok","100,100,100,100"
100.106268,1777159043.473928,65074,,BSDC91,,cal_roto,5,100,"A,B,F,G","ok,ok,ok,ok","100,100,100,100"
100.16695,1777159043.53461,3595,,BSF66F,,cal_static,4,98,"E,F,G,H","ok,ok,ok,ok","100,100,96,96"
100.247648,1777159043.615308,61666,,BS2DCE,,cal_roto,5,100,"A,C,E,G","ok,ok,ok,ok","100,100,100,100"
100.33687,1777159043.70453,65075,,BSDC91,,cal_roto,5,100,"A,B,F,G","ok,ok,ok,ok","100,100,100,100"
100.364412,1777159043.732072,3596,,BSF66F,,cal_static,4,94,"A,B,C,D","reject,ok,ok,ok","80,100,100,96"
100.42972,1777159043.79738,61667,,BS2DCE,,cal_roto,5,100,"A,C,G,E","ok,ok,ok,ok","100,100,100,100"
100.464768,1777159043.832428,65076,,BSDC91,,cal_roto,5,100,"A,B,F,G","ok,ok,ok,ok","100,100,100,100"
100.600085,1777159043.967745,3597,,BSF66F,,cal_static,4,98,"E,F,G,H","ok,ok,ok,ok","100,100,96,96"
100.637467,1777159044.005127,61668,,BS2DCE,,cal_roto,5,100,"A,C,G,E","ok,ok,ok,ok","100,100,100,100"
100.66941,1777159044.03707,65077,,BSDC91,,cal_roto,5,100,"A,B,G,F","ok,ok,ok,ok","100,100,100,100"
100.835775,1777159044.203435,3598,,BSF66F,,cal_static,4,94,"A,B,C,D","ok,ok,ok,ok","80,100,100,96"
100.86092,1777159044.22858,61669,,BS2DCE,,cal_roto,5,100,"A,C,E,G","ok,ok,ok,ok","100,100,100,100"
100.877403,1777159044.245063,65078,,BSDC91,,cal_roto,5,100,"A,B,F,G","ok,ok,ok,ok","100,100,100,100"
100.982573,1777159044.350233,3599,,BSF66F,,cal_static,4,98,"E,F,G,H","ok,ok,ok,ok","100,100,96,96"
101.022084,1777159044.389744,61670,,BS2DCE,,cal_roto,5,100,"A,C,E,G","ok,ok,ok,ok","100,100,100,100"
101.080008,1777159044.447668,65079,,BSDC91,,cal_roto,5,100,"A,B,F,G","ok,ok,ok,ok","100,100,100,100"
101.213774,1777159044.581434,3600,,BSF66F,,cal_static,4,94,"A,B,C,D","ok,ok,ok,ok","81,100,100,96"
101.252749,1777159044.620409,61671,,BS2DCE,,cal_roto,5,100,"C,A,E,G","ok,ok,ok,ok","100,100,100,100"
101.259876,1777159044.627536,65080,,BSDC91,,cal_roto,5,100,"B,A,F,G","ok,ok,ok,ok","100,100,100,100"
101.374236,1777159044.741896,3601,,BSF66F,,cal_static,4,100,"E,F,G,H","ok,ok,ok,ok","100,100,100,100"
101.46249,1777159044.83015,65081,,BSDC91,,cal_roto,5,100,"A,B,F,G","ok,ok,ok,ok","100,100,100,100"
101.483399,1777159044.851059,61672,,BS2DCE,,cal_roto,5,100,"C,A,E,G","ok,ok,ok,ok","100,100,100,100"
101.552367,1777159044.920027,3602,,BSF66F,,cal_static,4,92,"A,B,C,D","reject,ok,timeout,ok","76,100,94,100"
101.637514,1777159045.005174,61673,,BS2DCE,,cal_roto,5,100,"A,C,E,G","ok,ok,ok,ok","100,100,100,100"
101.722929,1777159045.090589,65082,,BSDC91,,cal_roto,5,100,"A,B,F,G","ok,ok,ok,ok","100,100,100,100"
101.755183,1777159045.122843,3603,,BSF66F,,cal_static,4,98,"E,F,G,H","ok,timeout,ok,ok","100,94,100,100"
101.815007,1777159045.182667,61674,,BS2DCE,,cal_roto,5,100,"A,C,E,G","ok,ok,ok,ok","100,100,100,100"
101.876914,1777159045.244574,65083,,BSDC91,,cal_roto,5,100,"A,B,F,G","ok,ok,ok,ok","100,100,100,100"
102.042519,1777159045.410179,3604,,BSF66F,,cal_static,4,92,"A,B,C,D","ok,ok,ok,ok","77,100,94,100"
102.047721,1777159045.415381,61675,,BS2DCE,,cal_roto,5,100,"A,C,G,E","ok,ok,ok,ok","100,100,100,100"
102.085176,1777159045.452836,65084,,BSDC91,,cal_roto,5,100,"A,B,F,G","ok,ok,ok,ok","100,100,100,100"
102.167652,1777159045.535312,3605,,BSF66F,,cal_static,4,98,"E,F,G,H","ok,ok,ok,ok","100,94,100,100"
102.258372,1777159045.626032,61676,,BS2DCE,,cal_roto,5,100,"A,C,G,E","ok,ok,ok,ok","100,100,100,100"
102.264966,1777159045.632626,65085,,BSDC91,,cal_roto,5,100,"A,B,G,F","ok,ok,ok,ok","100,100,100,100"
102.422591,1777159045.790251,3606,,BSF66F,,cal_static,4,93,"A,B,C,D","ok,ok,ok,ok","78,100,94,100"
102.440453,1777159045.808113,61677,,BS2DCE,,cal_roto,5,100,"A,C,E,G","ok,ok,ok,ok","100,100,100,100"
102.499294,1777159045.866954,65086,,BSDC91,,cal_roto,5,100,"A,B,F,G","ok,ok,ok,ok","100,100,100,100"
102.559646,1777159045.927306,3607,,BSF66F,,cal_static,4,98,"E,F,G,H","ok,ok,ok,ok","100,95,100,100"
102.618175,1777159045.985835,61678,,BS2DCE,,cal_roto,5,100,"A,C,E,G","ok,ok,ok,ok","100,100,100,100"
102.677405,1777159046.045065,65087,,BSDC91,,cal_roto,5,100,"A,B,F,G","ok,ok,ok,ok","100,100,100,100"
102.782714,1777159046.150374,3608,,BSF66F,,cal_static,4,93,"A,B,C,D","ok,ok,ok,ok","80,100,95,100"
102.822085,1777159046.189745,61679,,BS2DCE,,cal_roto,5,100,"C,A,E,G","ok,ok,ok,ok","100,100,100,100"
102.903391,1777159046.271051,65088,,BSDC91,,cal_roto,5,100,"B,A,F,G","ok,ok,ok,ok","100,100,100,100"
102.962589,1777159046.330249,3609,,BSF66F,,cal_static,4,98,"E,F,G,H","ok,ok,ok,ok","100,95,100,100"
103.022718,1777159046.390378,61680,,BS2DCE,,cal_roto,5,100,"C,A,E,G","ok,ok,ok,ok","100,100,100,100"
103.061848,1777159046.429508,65089,,BSDC91,,cal_roto,5,100,"A,B,F,G","ok,ok,ok,ok","100,100,100,100"
103.144218,1777159046.511878,3610,,BSF66F,,cal_static,4,92,"A,B,C,D","reject,ok,ok,ok","76,100,95,100"
103.253803,1777159046.621463,61681,,BS2DCE,,cal_roto,5,100,"A,C,E,G","ok,ok,ok,ok","100,100,100,100"
103.292569,1777159046.660229,65090,,BSDC91,,cal_roto,5,100,"A,B,F,G","ok,ok,ok,ok","100,100,100,100"
103.375057,1777159046.742717,3611,,BSF66F,,cal_static,4,98,"E,F,G,H","ok,ok,ok,ok","100,95,100,100"
103.41428,1777159046.78194,61682,,BS2DCE,,cal_roto,5,100,"A,C,E,G","ok,ok,ok,ok","100,100,100,100"
103.495141,1777159046.862801,65091,,BSDC91,,cal_roto,5,100,"A,B,F,G","ok,ok,ok,ok","100,100,100,100"
103.607983,1777159046.975643,3612,,BSF66F,,cal_static,4,93,"A,B,C,D","ok,ok,ok,ok","77,100,95,100"
103.615173,1777159046.982833,61683,,BS2DCE,,cal_roto,5,100,"A,C,G,E","ok,ok,ok,ok","100,100,100,100"
103.677148,1777159047.044808,65092,,BSDC91,,cal_roto,5,100,"A,B,F,G","ok,ok,ok,ok","100,100,100,100"
103.766834,1777159047.134494,3613,,BSF66F,,cal_static,4,98,"E,F,G,H","ok,ok,ok,ok","100,95,100,100"
103.847753,1777159047.215413,61684,,BS2DCE,,cal_roto,5,100,"A,C,G,E","ok,ok,ok,ok","100,100,100,100"
103.885075,1777159047.252735,65093,,BSDC91,,cal_roto,5,100,"A,B,G,F","ok,ok,ok,ok","100,100,100,100"
103.997522,1777159047.365182,3614,,BSF66F,,cal_static,4,93,"A,B,C,D","ok,ok,ok,ok","78,100,95,100"
104.029723,1777159047.397383,61685,,BS2DCE,,cal_roto,5,100,"A,C,E,G","ok,ok,ok,ok","100,100,100,100"
104.115117,1777159047.482777,65094,,BSDC91,,cal_roto,5,100,"A,B,F,G","ok,ok,ok,ok","100,100,100,100"
104.147543,1777159047.515203,3615,,BSF66F,,cal_static,4,98,"E,F,G,H","ok,ok,ok,ok","100,95,100,100"
104.237637,1777159047.605297,61686,,BS2DCE,,cal_roto,5,100,"A,C,E,G","ok,ok,ok,ok","100,100,100,100"
104.299287,1777159047.666947,65095,,BSDC91,,cal_roto,5,100,"A,B,F,G","ok,ok,ok,ok","100,100,100,100"
104.35987,1777159047.72753,3616,,BSF66F,,cal_static,4,93,"A,B,C,D","ok,ok,ok,ok","79,100,95,100"
104.417569,1777159047.785229,61687,,BS2DCE,,cal_roto,5,100,"C,A,E,G","ok,ok,ok,ok","100,100,100,100"
104.475768,1777159047.843428,65096,,BSDC91,,cal_roto,5,100,"B,A,F,G","ok,ok,ok,ok","100,100,100,100"
104.612855,1777159047.980515,3617,,BSF66F,,cal_static,4,99,"E,F,G,H","ok,ok,ok,ok","100,96,100,100"
104.620282,1777159047.987942,61688,,BS2DCE,,cal_roto,5,100,"C,A,E,G","ok,ok,ok,ok","100,100,100,100"
104.700725,1777159048.068385,65097,,BSDC91,,cal_roto,5,100,"A,B,F,G","ok,ok,ok,ok","100,100,100,100"
104.822786,1777159048.190446,61689,,BS2DCE,,cal_roto,5,100,"A,C,E,G","ok,ok,ok,ok","100,100,100,100"
104.842768,1777159048.210428,3618,,BSF66F,,cal_static,4,94,"A,B,C,D","ok,ok,ok,ok","80,100,96,100"
104.863411,1777159048.231071,65098,,BSDC91,,cal_roto,5,100,"A,B,F,G","ok,ok,ok,ok","100,100,100,100"
104.997052,1777159048.364712,3619,,BSF66F,,cal_static,4,99,"E,F,G,H","ok,ok,ok,ok","100,96,100,100"
105.032632,1777159048.400292,61690,,BS2DCE,,cal_roto,5,100,"A,C,E,G","ok,ok,ok,ok","100,100,100,100"
105.062801,1777159048.430461,65099,,BSDC91,,cal_roto,5,100,"A,B,F,G","ok,ok,ok,ok","100,100,100,100"
105.175413,1777159048.543073,3620,,BSF66F,,cal_static,4,93,"A,B,C,D","reject,ok,ok,ok","76,100,96,100"
105.237458,1777159048.605118,61691,,BS2DCE,,cal_roto,5,100,"A,C,G,E","ok,ok,ok,ok","100,100,100,100"
105.295109,1777159048.662769,65100,,BSDC91,,cal_roto,5,100,"A,B,F,G","ok,ok,ok,ok","100,100,100,100"
105.355119,1777159048.722779,3621,,BSF66F,,cal_static,4,99,"E,F,G,H","ok,ok,ok,ok","100,96,100,100"
105.415196,1777159048.782856,61692,,BS2DCE,,cal_roto,5,100,"A,C,G,E","ok,ok,ok,ok","100,100,100,100"
105.477101,1777159048.844761,65101,,BSDC91,,cal_roto,5,100,"A,B,G,F","ok,ok,ok,ok","100,100,100,100"
105.642569,1777159049.010229,3622,,BSF66F,,cal_static,4,93,"A,B,C,D","ok,ok,ok,ok","77,100,96,100"
105.685189,1777159049.052849,65102,,BSDC91,,cal_roto,5,100,"A,B,F,G","ok,ok,ok,ok","100,100,100,100"
105.723166,1777159049.090826,61693,,BS2DCE,,cal_roto,5,100,"A,C,E,G","ok,ok,ok,ok","100,100,100,100"
105.767665,1777159049.135325,3623,,BSF66F,,cal_static,4,99,"E,F,G,H","ok,ok,ok,ok","100,96,100,100"
105.829539,1777159049.197199,61694,,BS2DCE,,cal_roto,5,100,"A,C,E,G","ok,ok,ok,ok","100,100,100,100"
105.865102,1777159049.232762,65103,,BSDC91,,cal_roto,5,100,"A,B,F,G","ok,ok,ok,ok","100,100,100,100"
106.037645,1777159049.405305,61695,,BS2DCE,,cal_roto,5,100,"C,A,E,G","ok,ok,ok,ok","100,100,100,100"
106.050936,1777159049.418596,3624,,BSF66F,,cal_static,4,93,"A,B,C,D","ok,ok,ok,ok","78,100,96,100"
106.067925,1777159049.435585,65104,,BSDC91,,cal_roto,5,100,"B,A,F,G","ok,ok,ok,ok","100,100,100,100"
106.160093,1777159049.527753,3625,,BSF66F,,cal_static,4,99,"E,F,G,H","ok,ok,ok,ok","100,96,100,100"
106.215664,1777159049.583324,61696,,BS2DCE,,cal_roto,5,100,"C,A,E,G","ok,ok,ok,ok","100,100,100,100"
106.321726,1777159049.689386,65105,,BSDC91,,cal_roto,5,100,"A,B,F,G","ok,ok,ok,ok","100,100,100,100"
106.382708,1777159049.750368,3626,,BSF66F,,cal_static,4,92,"A,B,C,D","ok,ok,ok,timeout","79,100,96,96"
106.422462,1777159049.790122,61697,,BS2DCE,,cal_roto,5,100,"A,C,E,G","ok,ok,ok,ok","100,100,100,100"
106.480263,1777159049.847923,65106,,BSDC91,,cal_roto,5,100,"A,B,F,G","ok,ok,ok,ok","100,100,100,100"
106.562798,1777159049.930458,3627,,BSF66F,,cal_static,4,98,"E,F,G,H","ok,ok,timeout,ok","100,96,96,100"
106.622999,1777159049.990659,61698,,BS2DCE,,cal_roto,5,100,"A,C,E,G","ok,ok,ok,ok","100,100,100,100"
106.661821,1777159050.029481,65107,,BSDC91,,cal_roto,5,100,"A,B,F,G","ok,ok,ok,ok","100,100,100,100"
106.74451,1777159050.11217,3628,,BSF66F,,cal_static,4,92,"A,B,C,D","reject,ok,ok,ok","76,100,96,96"
106.832708,1777159050.200368,61699,,BS2DCE,,cal_roto,5,100,"A,C,G,E","ok,ok,ok,ok","100,100,100,100"
106.862672,1777159050.230332,65108,,BSDC91,,cal_roto,5,100,"A,B,F,G","ok,ok,ok,ok","100,100,100,100"
106.977321,1777159050.344981,3629,,BSF66F,,cal_static,4,98,"E,F,G,H","ok,ok,ok,ok","100,96,96,100"
107.014571,1777159050.382231,61700,,BS2DCE,,cal_roto,5,100,"A,C,G,E","ok,ok,ok,ok","100,100,100,100"
107.097159,1777159050.464819,65109,,BSDC91,,cal_roto,5,100,"A,B,G,F","ok,ok,ok,ok","100,100,100,100"
107.208021,1777159050.575681,3630,,BSF66F,,cal_static,4,92,"A,B,C,D","ok,ok,ok,ok","77,100,96,96"
107.215456,1777159050.583116,61701,,BS2DCE,,cal_roto,5,100,"A,C,E,G","ok,ok,ok,ok","100,100,100,100"
107.306849,1777159050.674509,65110,,BSDC91,,cal_roto,5,100,"A,B,F,G","ok,ok,ok,ok","100,100,100,100"
107.36694,1777159050.7346,3631,,BSF66F,,cal_static,4,98,"E,F,G,H","ok,ok,ok,ok","100,96,96,100"
107.447782,1777159050.815442,61702,,BS2DCE,,cal_roto,5,100,"A,C,E,G","ok,ok,ok,ok","100,100,100,100"
107.485319,1777159050.852979,65111,,BSDC91,,cal_roto,5,100,"A,B,F,G","ok,ok,ok,ok","100,100,100,100"
107.618846,1777159050.986506,3632,,BSF66F,,cal_static,4,92,"A,B,C,D","ok,ok,ok,ok","78,100,96,96"
107.629698,1777159050.997358,61703,,BS2DCE,,cal_roto,5,100,"C,A,E,G","ok,ok,ok,ok","100,100,100,100"
107.685974,1777159051.053634,65112,,BSDC91,,cal_roto,5,100,"B,A,F,G","ok,ok,ok,ok","100,100,100,100"
107.822878,1777159051.190538,3633,,BSF66F,,cal_static,4,100,"E,F,G,H","ok,ok,ok,ok","100,100,100,100"
107.835947,1777159051.203607,61704,,BS2DCE,,cal_roto,5,100,"C,A,E,G","ok,ok,ok,ok","100,100,100,100"
107.869552,1777159051.237212,65113,,BSDC91,,cal_roto,5,100,"A,B,F,G","ok,ok,ok,ok","100,100,100,100"
108.017844,1777159051.385504,61705,,BS2DCE,,cal_roto,5,100,"A,C,E,G","ok,ok,ok,ok","100,100,100,100"
108.054172,1777159051.421832,3634,,BSF66F,,cal_static,4,95,"A,B,C,D","ok,ok,ok,ok","82,100,100,100"
108.099448,1777159051.467108,65114,,BSDC91,,cal_roto,5,100,"A,B,F,G","ok,ok,ok,ok","100,100,100,100"
108.182892,1777159051.550552,3635,,BSF66F,,cal_static,4,100,"E,F,G,H","ok,ok,ok,ok","100,100,100,100"
108.243827,1777159051.611487,61706,,BS2DCE,,cal_roto,5,100,"A,C,E,G","ok,ok,ok,ok","100,100,100,100"
108.302929,1777159051.670589,65115,,BSDC91,,cal_roto,5,100,"A,B,F,G","ok,ok,ok,ok","100,100,100,100"
108.415135,1777159051.782795,3636,,BSF66F,,cal_static,4,95,"A,B,C,D","ok,ok,ok,ok","83,100,100,100"
108.423113,1777159051.790773,61707,,BS2DCE,,cal_roto,5,100,"A,C,G,E","ok,ok,ok,ok","100,100,100,100"
108.481521,1777159051.849181,65116,,BSDC91,,cal_roto,5,100,"A,B,F,G","ok,ok,ok,ok","100,100,100,100"
108.597504,1777159051.965164,3637,,BSF66F,,cal_static,4,100,"E,F,G,H","ok,ok,ok,ok","100,100,100,100"
108.632767,1777159052.000427,61708,,BS2DCE,,cal_roto,5,100,"A,C,G,E","ok,ok,ok,ok","100,100,100,100"
108.662768,1777159052.030428,65117,,BSDC91,,cal_roto,5,100,"A,B,G,F","ok,ok,ok,ok","100,100,100,100"
108.805477,1777159052.173137,3638,,BSF66F,,cal_static,4,96,"A,B,C,D","ok,ok,ok,ok","84,100,100,100"
108.837294,1777159052.204954,61709,,BS2DCE,,cal_roto,5,100,"A,C,E,G","ok,ok,ok,ok","100,100,100,100"
108.895156,1777159052.262816,65118,,BSDC91,,cal_roto,5,100,"A,B,F,G","ok,ok,ok,ok","100,100,100,100"
108.985274,1777159052.352934,3639,,BSF66F,,cal_static,4,100,"E,F,G,H","ok,ok,ok,ok","100,100,100,100"
109.015425,1777159052.383085,61710,,BS2DCE,,cal_roto,5,100,"A,C,E,G","ok,ok,ok,ok","100,100,100,100"
109.077293,1777159052.444953,65119,,BSDC91,,cal_roto,5,100,"A,B,F,G","ok,ok,ok,ok","100,100,100,100"
109.241327,1777159052.608987,3640,,BSF66F,,cal_static,4,96,"A,B,C,D","ok,ok,ok,ok","85,100,100,100"
109.283275,1777159052.650935,65120,,BSDC91,,cal_roto,5,100,"B,A,F,G","ok,ok,ok,ok","100,100,100,100"
109.297696,1777159052.665356,61711,,BS2DCE,,cal_roto,5,100,"C,A,E,G","ok,ok,ok,ok","100,100,100,100"
109.368011,1777159052.735671,3641,,BSF66F,,cal_static,4,100,"E,F,G,H","ok,ok,ok,ok","100,100,100,100"
109.427964,1777159052.795624,61712,,BS2DCE,,cal_roto,5,100,"C,A,E,G","ok,ok,ok,ok","100,100,100,100"
109.465198,1777159052.832858,65121,,BSDC91,,cal_roto,5,100,"A,B,F,G","ok,ok,ok,ok","100,100,100,100"
109.62357,1777159052.99123,3642,,BSF66F,,cal_static,4,96,"A,B,C,D","ok,ok,ok,ok","85,100,100,100"
109.658135,1777159053.025795,61713,,BS2DCE,,cal_roto,5,100,"A,C,E,G","ok,ok,ok,ok","100,100,100,100"
109.669788,1777159053.037448,65122,,BSDC91,,cal_roto,5,100,"A,B,F,G","ok,ok,ok,ok","100,100,100,100"
109.759905,1777159053.127565,3643,,BSF66F,,cal_static,4,100,"E,F,G,H","ok,ok,ok,ok","100,100,100,100"
109.817899,1777159053.185559,61714,,BS2DCE,,cal_roto,5,100,"A,C,E,G","ok,ok,ok,ok","100,100,100,100"
109.877819,1777159053.245479,65123,,BSDC91,,cal_roto,5,100,"A,B,F,G","ok,ok,ok,ok","100,100,100,100"
110.013369,1777159053.381029,3644,,BSF66F,,cal_static,4,96,"A,B,C,D","ok,ok,ok,ok","86,100,100,100"
110.040941,1777159053.408601,61715,,BS2DCE,,cal_roto,5,100,"A,C,G,E","ok,ok,ok,ok","100,100,100,100"
110.080405,1777159053.448065,65124,,BSDC91,,cal_roto,5,100,"A,B,F,G","ok,ok,ok,ok","100,100,100,100"
110.162861,1777159053.530521,3645,,BSF66F,,cal_static,4,100,"E,F,G,H","ok,ok,ok,ok","100,100,100,100"
110.276891,1777159053.644551,61716,,BS2DCE,,cal_roto,5,100,"A,C,G,E","ok,ok,ok,ok","100,100,100,100"
110.336638,1777159053.704298,65125,,BSDC91,,cal_roto,5,100,"A,B,G,F","ok,ok,ok,ok","100,100,100,100"
110.427558,1777159053.795218,3646,,BSF66F,,cal_static,4,96,"A,B,C,D","ok,ok,ok,ok","86,100,100,100"
110.432689,1777159053.800349,61717,,BS2DCE,,cal_roto,5,100,"A,C,E,G","ok,ok,ok,ok","100,100,100,100"
110.490717,1777159053.858377,65126,,BSDC91,,cal_roto,5,100,"A,B,F,G","ok,ok,ok,ok","100,100,100,100"
110.575821,1777159053.943481,3647,,BSF66F,,cal_static,4,100,"E,F,G,H","ok,ok,ok,ok","100,100,100,100"
110.637456,1777159054.005116,61718,,BS2DCE,,cal_roto,5,100,"A,C,E,G","ok,ok,ok,ok","100,100,100,100"
110.695522,1777159054.063182,65127,,BSDC91,,cal_roto,5,100,"A,B,F,G","ok,ok,ok,ok","100,100,100,100"
110.806404,1777159054.174064,3648,,BSF66F,,cal_static,4,96,"A,B,C,D","ok,ok,ok,ok","87,100,100,100"
110.815607,1777159054.183267,61719,,BS2DCE,,cal_roto,5,100,"C,A,E,G","ok,ok,ok,ok","100,100,100,100"
110.875401,1777159054.243061,65128,,BSDC91,,cal_roto,5,100,"B,A,F,G","ok,ok,ok,ok","100,100,100,100"
110.968122,1777159054.335782,3649,,BSF66F,,cal_static,4,100,"E,F,G,H","ok,ok,ok,ok","100,100,100,100"
111.046072,1777159054.413732,61720,,BS2DCE,,cal_roto,5,100,"C,A,E,G","ok,ok,ok,ok","100,100,100,100"
111.085678,1777159054.453338,65129,,BSDC91,,cal_roto,5,100,"A,B,F,G","ok,ok,ok,ok","100,100,100,100"
111.197972,1777159054.565632,3650,,BSF66F,,cal_static,4,97,"A,B,C,D","ok,ok,ok,ok","88,100,100,100"
111.265298,1777159054.632958,65130,,BSDC91,,cal_roto,5,100,"A,B,F,G","ok,ok,ok,ok","100,100,100,100"
111.301822,1777159054.669482,61721,,BS2DCE,,cal_roto,5,100,"A,C,E,G","ok,ok,ok,ok","100,100,100,100"
111.400211,1777159054.767871,3651,,BSF66F,,cal_static,4,100,"E,F,G,H","ok,ok,ok,ok","100,100,100,100"
111.437989,1777159054.805649,61722,,BS2DCE,,cal_roto,5,100,"A,C,E,G","ok,ok,ok,ok","100,100,100,100"
111.469712,1777159054.837372,65131,,BSDC91,,cal_roto,5,100,"A,B,F,G","ok,ok,ok,ok","100,100,100,100"
111.559869,1777159054.927529,3652,,BSF66F,,cal_static,4,96,"A,B,C,D","ok,ok,timeout,ok","88,100,96,100"
111.640363,1777159055.008023,61723,,BS2DCE,,cal_roto,5,100,"A,C,G,E","ok,ok,ok,ok","100,100,100,100"
111.678092,1777159055.045752,65132,,BSDC91,,cal_roto,5,100,"A,B,F,G","ok,ok,ok,ok","100,100,100,100"
111.782874,1777159055.150534,3653,,BSF66F,,cal_static,4,99,"E,F,G,H","ok,timeout,ok,ok","100,96,100,100"
111.822113,1777159055.189773,61724,,BS2DCE,,cal_roto,5,100,"A,C,G,E","ok,ok,ok,ok","100,100,100,100"
111.880375,1777159055.248035,65133,,BSDC91,,cal_roto,5,100,"A,B,G,F","ok,ok,ok,ok","100,100,100,100"
112.023034,1777159055.390694,61725,,BS2DCE,,cal_roto,5,100,"A,C,E,G","ok,ok,ok,ok","100,100,100,100"
112.045576,1777159055.413236,3654,,BSF66F,,cal_static,4,96,"A,B,C,D","ok,ok,ok,ok","88,100,96,100"
112.062895,1777159055.430555,65134,,BSDC91,,cal_roto,5,100,"A,B,F,G","ok,ok,ok,ok","100,100,100,100"
112.195557,1777159055.563217,3655,,BSF66F,,cal_static,4,99,"E,F,G,H","ok,ok,ok,ok","100,96,100,100"
112.232889,1777159055.600549,61726,,BS2DCE,,cal_roto,5,100,"A,C,E,G","ok,ok,ok,ok","100,100,100,100"
112.262859,1777159055.630519,65135,,BSDC91,,cal_roto,5,100,"A,B,F,G","ok,ok,ok,ok","100,100,100,100"
112.426485,1777159055.794145,3656,,BSF66F,,cal_static,4,96,"A,B,C,D","ok,ok,ok,ok","89,100,96,100"
112.437514,1777159055.805174,61727,,BS2DCE,,cal_roto,5,100,"C,A,E,G","ok,ok,ok,ok","100,100,100,100"
112.493434,1777159055.861094,65136,,BSDC91,,cal_roto,5,100,"B,A,F,G","ok,ok,ok,ok","100,100,100,100"
112.585703,1777159055.953363,3657,,BSF66F,,cal_static,4,99,"E,F,G,H","ok,ok,ok,ok","100,96,100,100"
112.613581,1777159055.981241,61728,,BS2DCE,,cal_roto,5,100,"C,A,E,G","ok,ok,ok,ok","100,100,100,100"
112.677513,1777159056.045173,65137,,BSDC91,,cal_roto,5,100,"A,B,F,G","ok,ok,ok,ok","100,100,100,100"
112.842985,1777159056.210645,3658,,BSF66F,,cal_static,4,96,"A,B,C,D","ok,ok,ok,ok","89,100,96,100"
112.848087,1777159056.215747,61729,,BS2DCE,,cal_roto,5,100,"A,C,E,G","ok,ok,ok,ok","100,100,100,100"
112.906452,1777159056.274112,65138,,BSDC91,,cal_roto,5,100,"A,B,F,G","ok,ok,ok,ok","100,100,100,100"
112.967975,1777159056.335635,3659,,BSF66F,,cal_static,4,99,"E,F,G,H","ok,ok,ok,ok","100,96,100,100"
113.031044,1777159056.398704,61730,,BS2DCE,,cal_roto,5,100,"A,C,E,G","ok,ok,ok,ok","100,100,100,100"
113.066383,1777159056.434043,65139,,BSDC91,,cal_roto,5,100,"A,B,F,G","ok,ok,ok,ok","100,100,100,100"
113.237937,1777159056.605597,61731,,BS2DCE,,cal_roto,5,100,"A,C,G,E","ok,ok,ok,ok","100,100,100,100"
113.25274,1777159056.6204,3660,,BSF66F,,cal_static,4,96,"A,B,C,D","ok,ok,ok,ok","90,100,96,100"
113.269813,1777159056.637473,65140,,BSDC91,,cal_roto,5,100,"A,B,F,G","ok,ok,ok,ok","100,100,100,100"
113.401325,1777159056.768985,3661,,BSF66F,,cal_static,4,99,"E,F,G,H","ok,ok,ok,ok","100,96,100,100"
113.417837,1777159056.785497,61732,,BS2DCE,,cal_roto,5,100,"A,C,G,E","ok,ok,ok,ok","100,100,100,100"
113.477868,1777159056.845528,65141,,BSDC91,,cal_roto,5,100,"A,B,G,F","ok,ok,ok,ok","100,100,100,100"
113.613095,1777159056.980755,3662,,BSF66F,,cal_static,4,96,"A,B,C,D","ok,ok,ok,ok","90,100,96,100"
113.622514,1777159056.990174,61733,,BS2DCE,,cal_roto,5,100,"A,C,E,G","ok,ok,ok,ok","100,100,100,100"
113.680428,1777159057.048088,65142,,BSDC91,,cal_roto,5,100,"A,B,F,G","ok,ok,ok,ok","100,100,100,100"
113.763176,1777159057.130836,3663,,BSF66F,,cal_static,4,99,"E,F,G,H","ok,ok,ok,ok","100,96,100,100"
113.823145,1777159057.190805,61734,,BS2DCE,,cal_roto,5,100,"A,C,E,G","ok,ok,ok,ok","100,100,100,100"
113.862354,1777159057.230014,65143,,BSDC91,,cal_roto,5,100,"A,B,F,G","ok,ok,ok,ok","100,100,100,100"
113.944526,1777159057.312186,3664,,BSF66F,,cal_static,4,95,"A,B,C,D","reject,ok,ok,ok","87,100,96,100"
114.032886,1777159057.400546,61735,,BS2DCE,,cal_roto,5,100,"C,A,E,G","ok,ok,ok,ok","100,100,100,100"
114.060844,1777159057.428504,65144,,BSDC91,,cal_roto,5,100,"B,A,F,G","ok,ok,ok,ok","100,100,100,100"
114.175841,1777159057.543501,3665,,BSF66F,,cal_static,4,100,"E,F,G,H","ok,ok,ok,ok","100,100,100,100"
114.287824,1777159057.655484,61736,,BS2DCE,,cal_roto,5,100,"C,A,E,G","ok,ok,ok,ok","100,100,100,100"
114.295498,1777159057.663158,65145,,BSDC91,,cal_roto,5,100,"A,B,F,G","ok,ok,ok,ok","100,100,100,100"
114.408114,1777159057.775774,3666,,BSF66F,,cal_static,4,97,"A,B,C,D","ok,ok,ok,ok","88,100,100,100"
114.41537,1777159057.78303,61737,,BS2DCE,,cal_roto,5,100,"A,C,E,G","ok,ok,ok,ok","100,100,100,100"
114.477453,1777159057.845113,65146,,BSDC91,,cal_roto,5,100,"A,B,F,G","ok,ok,ok,ok","100,100,100,100"
114.567352,1777159057.935012,3667,,BSF66F,,cal_static,4,100,"E,F,G,H","ok,ok,ok,ok","100,100,100,100"
114.648148,1777159058.015808,61738,,BS2DCE,,cal_roto,5,100,"A,C,E,G","ok,ok,ok,ok","100,100,100,100"
114.685796,1777159058.053456,65147,,BSDC91,,cal_roto,5,100,"A,B,F,G","ok,ok,ok,ok","100,100,100,100"
114.842996,1777159058.210656,3668,,BSF66F,,cal_static,4,97,"A,B,C,D","ok,ok,ok,ok","88,100,100,100"
114.858365,1777159058.226025,61739,,BS2DCE,,cal_roto,5,100,"A,C,G,E","ok,ok,ok,ok","100,100,100,100"
114.865352,1777159058.233012,65148,,BSDC91,,cal_roto,5,100,"A,B,F,G","ok,ok,ok,ok","100,100,100,100"
114.998439,1777159058.366099,3669,,BSF66F,,cal_static,4,100,"E,F,G,H","ok,ok,ok,ok","100,100,100,100"
115.060299,1777159058.427959,61740,,BS2DCE,,cal_roto,5,100,"A,C,G,E","ok,ok,ok,ok","100,100,100,100"
115.06984,1777159058.4375,65149,,BSDC91,,cal_roto,5,100,"A,B,G,F","ok,ok,ok,ok","100,100,100,100"
115.205128,1777159058.572788,3670,,BSF66F,,cal_static,4,97,"A,B,C,D","ok,ok,ok,ok","89,100,100,100"
115.218075,1777159058.585735,61741,,BS2DCE,,cal_roto,5,100,"A,C,E,G","ok,ok,ok,ok","100,100,100,100"
115.278543,1777159058.646203,65150,,BSDC91,,cal_roto,5,100,"A,B,F,G","ok,ok,ok,ok","100,100,100,100"
115.383136,1777159058.750796,3671,,BSF66F,,cal_static,4,100,"E,F,G,H","ok,ok,ok,ok","100,100,100,100"
115.422041,1777159058.789701,61742,,BS2DCE,,cal_roto,5,100,"A,C,E,G","ok,ok,ok,ok","100,100,100,100"
115.480493,1777159058.848153,65151,,BSDC91,,cal_roto,5,100,"A,B,F,G","ok,ok,ok,ok","100,100,100,100"
115.62338,1777159058.99104,61743,,BS2DCE,,cal_roto,5,100,"C,A,E,G","ok,ok,ok,ok","100,100,100,100"
115.644096,1777159059.011756,3672,,BSF66F,,cal_static,4,97,"A,B,C,D","ok,ok,ok,ok","90,100,100,100"
115.660317,1777159059.027977,65152,,BSDC91,,cal_roto,5,100,"B,A,F,G","ok,ok,ok,ok","100,100,100,100"
115.775209,1777159059.142869,3673,,BSF66F,,cal_static,4,100,"E,F,G,H","ok,ok,ok,ok","100,100,100,100"
115.831466,1777159059.199126,61744,,BS2DCE,,cal_roto,5,100,"C,A,E,G","ok,ok,ok,ok","100,100,100,100"
115.862983,1777159059.230643,65153,,BSDC91,,cal_roto,5,100,"A,B,F,G","ok,ok,ok,ok","100,100,100,100"
116.014723,1777159059.382383,61745,,BS2DCE,,cal_roto,5,100,"A,C,E,G","ok,ok,ok,ok","100,100,100,100"
116.028308,1777159059.395968,3674,,BSF66F,,cal_static,4,97,"A,B,C,D","ok,ok,ok,ok","90,100,100,100"
116.095557,1777159059.463217,65154,,BSDC91,,cal_roto,5,100,"A,B,F,G","ok,ok,ok,ok","100,100,100,100"
116.155807,1777159059.523467,3675,,BSF66F,,cal_static,4,100,"E,F,G,H","ok,ok,ok,ok","100,100,100,100"
116.215536,1777159059.583196,61746,,BS2DCE,,cal_roto,5,100,"A,C,E,G","ok,ok,ok,ok","100,100,100,100"
116.305501,1777159059.673161,65155,,BSDC91,,cal_roto,5,100,"A,B,F,G","ok,ok,ok,ok","100,100,100,100"
116.388696,1777159059.756356,3676,,BSF66F,,cal_static,4,96,"A,B,C,D","ok,ok,ok,timeout","90,100,100,95"
116.44813,1777159059.81579,61747,,BS2DCE,,cal_roto,5,100,"A,C,G,E","ok,ok,ok,ok","100,100,100,100"
116.568161,1777159059.935821,3677,,BSF66F,,cal_static,4,100,"E,F,G,H","ok,ok,ok,ok","100,100,100,100"
116.612753,1777159059.980413,65156,,BSDC91,,cal_roto,5,100,"A,B,F,G","ok,ok,ok,ok","100,100,100,100"
116.6594,1777159060.02706,61748,,BS2DCE,,cal_roto,5,100,"A,C,G,E","ok,ok,ok,ok","100,100,100,100"
116.665426,1777159060.033086,65157,,BSDC91,,cal_roto,5,100,"A,B,G,F","ok,ok,ok,ok","100,100,100,100"
116.823701,1777159060.191361,3678,,BSF66F,,cal_static,4,96,"A,B,C,D","ok,ok,ok,ok","91,100,100,95"
116.838418,1777159060.206078,61749,,BS2DCE,,cal_roto,5,100,"A,C,E,G","ok,ok,ok,ok","100,100,100,100"
116.870112,1777159060.237772,65158,,BSDC91,,cal_roto,5,100,"A,B,F,G","ok,ok,ok,ok","100,100,100,100"
116.959798,1777159060.327458,3679,,BSF66F,,cal_static,4,100,"E,F,G,H","ok,ok,ok,ok","100,100,100,100"
117.018034,1777159060.385694,61750,,BS2DCE,,cal_roto,5,100,"A,C,E,G","ok,ok,ok,ok","100,100,100,100"
117.078147,1777159060.445807,65159,,BSDC91,,cal_roto,5,100,"A,B,F,G","ok,ok,ok,ok","100,100,100,100"
117.211142,1777159060.578802,3680,,BSF66F,,cal_static,4,96,"A,B,C,D","ok,ok,ok,ok","91,100,100,95"
117.222551,1777159060.590211,61751,,BS2DCE,,cal_roto,5,100,"C,A,E,G","ok,ok,ok,ok","100,100,100,100"
117.278786,1777159060.646446,65160,,BSDC91,,cal_roto,5,100,"B,A,F,G","ok,ok,ok,ok","100,100,100,100"
117.362949,1777159060.730609,3681,,BSF66F,,cal_static,4,100,"E,F,G,H","ok,ok,ok,ok","100,100,100,100"
117.42098,1777159060.78864,61752,,BS2DCE,,cal_roto,5,100,"C,A,E,G","ok,ok,ok,ok","100,100,100,100"
117.464009,1777159060.831669,65161,,BSDC91,,cal_roto,5,100,"A,B,F,G","ok,ok,ok,ok","100,100,100,100"
117.597371,1777159060.965031,3682,,BSF66F,,cal_static,4,97,"A,B,C,D","ok,ok,ok,ok","92,100,100,96"
117.634326,1777159061.001986,61753,,BS2DCE,,cal_roto,5,100,"A,C,E,G","ok,ok,ok,ok","100,100,100,100"
117.691009,1777159061.058669,65162,,BSDC91,,cal_roto,5,100,"A,B,F,G","ok,ok,ok,ok","100,100,100,100"
117.775843,1777159061.143503,3683,,BSF66F,,cal_static,4,100,"E,F,G,H","ok,ok,ok,ok","100,100,100,100"
117.839134,1777159061.206794,61754,,BS2DCE,,cal_roto,5,100,"A,C,E,G","ok,ok,ok,ok","100,100,100,100"
117.895672,1777159061.263332,65163,,BSDC91,,cal_roto,5,100,"A,B,F,G","ok,ok,ok,ok","100,100,100,100"
118.008106,1777159061.375766,3684,,BSF66F,,cal_static,4,97,"A,B,C,D","ok,ok,ok,ok","92,100,100,96"
118.015632,1777159061.383292,61755,,BS2DCE,,cal_roto,5,100,"A,C,G,E","ok,ok,ok,ok","100,100,100,100"
118.077424,1777159061.445084,65164,,BSDC91,,cal_roto,5,100,"A,B,F,G","ok,ok,ok,ok","100,100,100,100"
118.167304,1777159061.534964,3685,,BSF66F,,cal_static,4,100,"E,F,G,H","ok,ok,ok,ok","100,100,100,100"
118.248335,1777159061.615995,61756,,BS2DCE,,cal_roto,5,100,"A,C,G,E","ok,ok,ok,ok","100,100,100,100"
118.28547,1777159061.65313,65165,,BSDC91,,cal_roto,5,100,"A,B,G,F","ok,ok,ok,ok","100,100,100,100"
118.420443,1777159061.788103,3686,,BSF66F,,cal_static,4,97,"A,B,C,D","ok,ok,ok,ok","92,100,100,96"
118.459193,1777159061.826853,61757,,BS2DCE,,cal_roto,5,100,"A,C,E,G","ok,ok,ok,ok","100,100,100,100"
118.465413,1777159061.833073,65166,,BSDC91,,cal_roto,5,100,"A,B,F,G","ok,ok,ok,ok","100,100,100,100"
118.54827,1777159061.91593,3687,,BSF66F,,cal_static,4,100,"E,F,G,H","ok,ok,ok,ok","100,100,100,100"
118.659903,1777159062.027563,61758,,BS2DCE,,cal_roto,5,100,"A,C,E,G","ok,ok,ok,ok","100,100,100,100"
118.66994,1777159062.0376,65167,,BSDC91,,cal_roto,5,100,"A,B,F,G","ok,ok,ok,ok","100,100,100,100"
118.759846,1777159062.127506,3688,,BSF66F,,cal_static,4,96,"A,B,C,D","reject,ok,ok,ok","89,100,100,96"
118.818307,1777159062.185967,61759,,BS2DCE,,cal_roto,5,100,"C,A,E,G","ok,ok,ok,ok","100,100,100,100"
118.898657,1777159062.266317,65168,,BSDC91,,cal_roto,5,100,"B,A,F,G","ok,ok,ok,ok","100,100,100,100"
118.983168,1777159062.350828,3689,,BSF66F,,cal_static,4,100,"E,F,G,H","ok,ok,ok,ok","100,100,100,100"
119.020517,1777159062.388177,61760,,BS2DCE,,cal_roto,5,100,"C,A,E,G","ok,ok,ok,ok","100,100,100,100"
119.080699,1777159062.448359,65169,,BSDC91,,cal_roto,5,100,"A,B,F,G","ok,ok,ok,ok","100,100,100,100"
119.163963,1777159062.531623,3690,,BSF66F,,cal_static,4,95,"A,B,C,D","reject,ok,ok,ok","86,100,100,96"
119.223387,1777159062.591047,61761,,BS2DCE,,cal_roto,5,100,"A,C,E,G","ok,ok,ok,ok","100,100,100,100"
119.262764,1777159062.630424,65170,,BSDC91,,cal_roto,5,100,"A,B,F,G","ok,ok,ok,ok","100,100,100,100"
119.375121,1777159062.742781,3691,,BSF66F,,cal_static,4,100,"E,F,G,H","ok,ok,ok,ok","100,100,100,100"
119.43311,1777159062.80077,61762,,BS2DCE,,cal_roto,5,100,"A,C,E,G","ok,ok,ok,ok","100,100,100,100"
119.463222,1777159062.830882,65171,,BSDC91,,cal_roto,5,100,"A,B,F,G","ok,ok,ok,ok","100,100,100,100"
119.60565,1777159062.97331,3692,,BSF66F,,cal_static,4,95,"A,B,C,D","ok,ok,ok,ok","86,100,100,96"
119.615129,1777159062.982789,61763,,BS2DCE,,cal_roto,5,100,"A,C,G,E","ok,ok,ok,ok","100,100,100,100"
119.695748,1777159063.063408,65172,,BSDC91,,cal_roto,5,100,"A,B,F,G","ok,ok,ok,ok","100,100,100,100"
119.755972,1777159063.123632,3693,,BSF66F,,cal_static,4,100,"E,F,G,H","ok,ok,ok,ok","100,100,100,100"
119.815726,1777159063.183386,61764,,BS2DCE,,cal_roto,5,100,"A,C,G,E","ok,ok,ok,ok","100,100,100,100"
119.877777,1777159063.245437,65173,,BSDC91,,cal_roto,5,100,"A,B,G,F","ok,ok,ok,ok","100,100,100,100"
120.048231,1777159063.415891,61765,,BS2DCE,,cal_roto,5,100,"A,C,E,G","ok,ok,ok,ok","100,100,100,100"
120.085666,1777159063.453326,65174,,BSDC91,,cal_roto,5,100,"A,B,F,G","ok,ok,ok,ok","100,100,100,100"
120.08988,1777159063.45754,3694,,BSF66F,,cal_static,4,95,"A,B,C,D","ok,ok,ok,ok","87,100,100,96"
120.196931,1777159063.564591,3695,,BSF66F,,cal_static,4,100,"E,F,G,H","ok,ok,ok,ok","100,100,100,100"
120.230184,1777159063.597844,61766,,BS2DCE,,cal_roto,5,100,"A,C,E,G","ok,ok,ok,ok","100,100,100,100"
120.288124,1777159063.655784,65175,,BSDC91,,cal_roto,5,100,"A,B,F,G","ok,ok,ok,ok","100,100,100,100"
120.421113,1777159063.788773,3696,,BSF66F,,cal_static,4,95,"A,B,C,D","ok,ok,ok,ok","87,100,100,96"
120.438162,1777159063.805822,61767,,BS2DCE,,cal_roto,5,100,"C,A,E,G","ok,ok,ok,ok","100,100,100,100"
120.498035,1777159063.865695,65176,,BSDC91,,cal_roto,5,100,"B,A,F,G","ok,ok,ok,ok","100,100,100,100"
120.559982,1777159063.927642,3697,,BSF66F,,cal_static,4,100,"E,F,G,H","ok,ok,ok,ok","100,100,100,100"
120.616129,1777159063.983789,61768,,BS2DCE,,cal_roto,5,100,"C,A,E,G","ok,ok,ok,ok","100,100,100,100"
120.700543,1777159064.068203,65177,,BSDC91,,cal_roto,5,100,"A,B,F,G","ok,ok,ok,ok","100,100,100,100"
120.813254,1777159064.180914,3698,,BSF66F,,cal_static,4,97,"A,B,C,D","ok,ok,ok,ok","88,100,100,100"
120.822763,1777159064.190423,61769,,BS2DCE,,cal_roto,5,100,"A,C,E,G","ok,ok,ok,ok","100,100,100,100"
120.882558,1777159064.250218,65178,,BSDC91,,cal_roto,5,100,"A,B,F,G","ok,ok,ok,ok","100,100,100,100"
120.96315,1777159064.33081,3699,,BSF66F,,cal_static,4,100,"E,F,G,H","ok,ok,ok,ok","100,100,100,100"
121.023277,1777159064.390937,61770,,BS2DCE,,cal_roto,5,100,"A,C,E,G","ok,ok,ok,ok","100,100,100,100"
121.062326,1777159064.429986,65179,,BSDC91,,cal_roto,5,100,"A,B,F,G","ok,ok,ok,ok","100,100,100,100"
121.198063,1777159064.565723,3700,,BSF66F,,cal_static,4,97,"A,B,C,D","ok,ok,ok,ok","88,100,100,100"
121.255667,1777159064.623327,61771,,BS2DCE,,cal_roto,5,100,"A,C,G,E","ok,ok,ok,ok","100,100,100,100"
121.293224,1777159064.660884,65180,,BSDC91,,cal_roto,5,100,"A,B,F,G","ok,ok,ok,ok","100,100,100,100"
121.378731,1777159064.746391,3701,,BSF66F,,cal_static,4,100,"E,F,G,H","ok,ok,ok,ok","100,100,100,100"
121.433677,1777159064.801337,61772,,BS2DCE,,cal_roto,5,100,"A,C,G,E","ok,ok,ok,ok","100,100,100,100"
121.495785,1777159064.863445,65181,,BSDC91,,cal_roto,5,100,"A,B,G,F","ok,ok,ok,ok","100,100,100,100"
121.55596,1777159064.92362,3702,,BSF66F,,cal_static,4,95,"A,B,C,D","ok,ok,timeout,ok","89,100,94,100"
121.645958,1777159065.013618,61773,,BS2DCE,,cal_roto,5,100,"A,C,E,G","ok,ok,ok,ok","100,100,100,100"
121.677556,1777159065.045216,65182,,BSDC91,,cal_roto,5,100,"A,B,F,G","ok,ok,ok,ok","100,100,100,100"
121.737547,1777159065.105207,3703,,BSF66F,,cal_static,4,98,"E,F,G,H","ok,timeout,ok,ok","100,95,100,100"
121.848427,1777159065.216087,61774,,BS2DCE,,cal_roto,5,100,"A,C,E,G","ok,ok,ok,ok","100,100,100,100"
121.885855,1777159065.253515,65183,,BSDC91,,cal_roto,5,100,"A,B,F,G","ok,ok,ok,ok","100,100,100,100"
121.968299,1777159065.335959,3704,,BSF66F,,cal_static,4,96,"A,B,C,D","ok,ok,ok,ok","90,100,95,100"
122.030122,1777159065.397782,61775,,BS2DCE,,cal_roto,5,100,"C,A,E,G","ok,ok,ok,ok","100,100,100,100"
122.063689,1777159065.431349,65184,,BSDC91,,cal_roto,5,100,"B,A,F,G","ok,ok,ok,ok","100,100,100,100"
122.151001,1777159065.518661,3705,,BSF66F,,cal_static,4,98,"E,F,G,H","ok,ok,ok,ok","100,95,100,100"
122.236417,1777159065.604077,61776,,BS2DCE,,cal_roto,5,100,"C,A,E,G","ok,ok,ok,ok","100,100,100,100"
122.270126,1777159065.637786,65185,,BSDC91,,cal_roto,5,100,"A,B,F,G","ok,ok,ok,ok","100,100,100,100"
122.360103,1777159065.727763,3706,,BSF66F,,cal_static,4,96,"A,B,C,D","ok,ok,ok,ok","90,100,95,100"
122.46485,1777159065.83251,61777,,BS2DCE,,cal_roto,5,100,"A,C,E,G","ok,ok,ok,ok","100,100,100,100"
122.478531,1777159065.846191,65186,,BSDC91,,cal_roto,5,100,"A,B,F,G","ok,ok,ok,ok","100,100,100,100"
122.583325,1777159065.950985,3707,,BSF66F,,cal_static,4,98,"E,F,G,H","ok,ok,ok,ok","100,95,100,100"
122.622879,1777159065.990539,61778,,BS2DCE,,cal_roto,5,100,"A,C,E,G","ok,ok,ok,ok","100,100,100,100"
122.658143,1777159066.025803,65187,,BSDC91,,cal_roto,5,100,"A,B,F,G","ok,ok,ok,ok","100,100,100,100"
122.816051,1777159066.183711,3708,,BSF66F,,cal_static,4,96,"A,B,C,D","ok,ok,ok,ok","90,100,95,100"
122.823433,1777159066.191093,61779,,BS2DCE,,cal_roto,5,100,"A,C,G,E","ok,ok,ok,ok","100,100,100,100"
122.862525,1777159066.230185,65188,,BSDC91,,cal_roto,5,100,"A,B,F,G","ok,ok,ok,ok","100,100,100,100"
122.975261,1777159066.342921,3709,,BSF66F,,cal_static,4,98,"E,F,G,H","ok,ok,ok,ok","100,95,100,100"
123.003246,1777159066.370906,61780,,BS2DCE,,cal_roto,5,100,"A,C,G,E","ok,ok,ok,ok","100,100,100,100"
123.063131,1777159066.430791,65189,,BSDC91,,cal_roto,5,100,"A,B,G,F","ok,ok,ok,ok","100,100,100,100"
123.206159,1777159066.573819,3710,,BSF66F,,cal_static,4,96,"A,B,C,D","ok,ok,ok,ok","91,100,95,100"
123.215132,1777159066.582792,61781,,BS2DCE,,cal_roto,5,100,"A,C,E,G","ok,ok,ok,ok","100,100,100,100"
123.323763,1777159066.691423,65190,,BSDC91,,cal_roto,5,100,"A,B,F,G","ok,ok,ok,ok","100,100,100,100"
123.385844,1777159066.753504,3711,,BSF66F,,cal_static,4,98,"E,F,G,H","ok,ok,ok,ok","100,95,100,100"
123.415839,1777159066.783499,61782,,BS2DCE,,cal_roto,5,100,"A,C,E,G","ok,ok,ok,ok","100,100,100,100"
123.478112,1777159066.845772,65191,,BSDC91,,cal_roto,5,100,"A,B,F,G","ok,ok,ok,ok","100,100,100,100"
123.640749,1777159067.008409,3712,,BSF66F,,cal_static,4,96,"A,B,C,D","ok,ok,ok,ok","91,100,95,100"
123.648343,1777159067.016003,61783,,BS2DCE,,cal_roto,5,100,"C,A,E,G","ok,ok,ok,ok","100,100,100,100"
123.683611,1777159067.051271,65192,,BSDC91,,cal_roto,5,100,"B,A,F,G","ok,ok,ok,ok","100,100,100,100"
123.797888,1777159067.165548,3713,,BSF66F,,cal_static,4,99,"E,F,G,H","ok,ok,ok,ok","100,96,100,100"
123.828889,1777159067.196549,61784,,BS2DCE,,cal_roto,5,100,"C,A,E,G","ok,ok,ok,ok","100,100,100,100"
123.917598,1777159067.285258,65193,,BSDC91,,cal_roto,5,100,"A,B,F,G","ok,ok,ok,ok","100,100,100,100"
123.948524,1777159067.316184,3714,,BSF66F,,cal_static,4,96,"A,B,C,D","reject,ok,ok,ok","88,100,96,100"
124.038235,1777159067.405895,61785,,BS2DCE,,cal_roto,5,100,"A,C,E,G","ok,ok,ok,ok","100,100,100,100"
124.100002,1777159067.467662,65194,,BSDC91,,cal_roto,5,100,"A,B,F,G","ok,ok,ok,ok","100,100,100,100"
124.159857,1777159067.527517,3715,,BSF66F,,cal_static,4,99,"E,F,G,H","ok,ok,ok,ok","100,96,100,100"
124.218261,1777159067.585921,61786,,BS2DCE,,cal_roto,5,100,"A,C,E,G","ok,ok,ok,ok","100,100,100,100"
124.278954,1777159067.646614,65195,,BSDC91,,cal_roto,5,100,"A,B,F,G","ok,ok,ok,ok","100,100,100,100"
124.413433,1777159067.781093,3716,,BSF66F,,cal_static,4,96,"A,B,C,D","ok,ok,ok,ok","88,100,96,100"
124.422486,1777159067.790146,61787,,BS2DCE,,cal_roto,5,100,"A,C,G,E","ok,ok,ok,ok","100,100,100,100"
124.483585,1777159067.851245,65196,,BSDC91,,cal_roto,5,100,"A,B,F,G","ok,ok,ok,ok","100,100,100,100"
124.591773,1777159067.959433,3717,,BSF66F,,cal_static,4,99,"E,F,G,H","ok,ok,ok,ok","100,96,100,100"
124.62359,1777159067.99125,61788,,BS2DCE,,cal_roto,5,100,"A,C,G,E","ok,ok,ok,ok","100,100,100,100"
124.662657,1777159068.030317,65197,,BSDC91,,cal_roto,5,100,"A,B,G,F","ok,ok,ok,ok","100,100,100,100"
124.798376,1777159068.166036,3718,,BSF66F,,cal_static,4,96,"A,B,C,D","ok,ok,ok,ok","88,100,96,100"
124.833603,1777159068.201263,61789,,BS2DCE,,cal_roto,5,100,"A,C,E,G","ok,ok,ok,ok","100,100,100,100"
124.86327,1777159068.23093,65198,,BSDC91,,cal_roto,5,100,"A,B,F,G","ok,ok,ok,ok","100,100,100,100"
124.974241,1777159068.341901,3719,,BSF66F,,cal_static,4,99,"E,F,G,H","ok,ok,ok,ok","100,96,100,100"
125.146818,1777159068.514478,65199,,BSDC91,,cal_roto,5,100,"A,B,F,G","ok,ok,ok,ok","100,100,100,100"
125.155722,1777159068.523382,3720,,BSF66F,,cal_static,4,96,"A,B,C,D","ok,ok,ok,ok","89,100,96,100"
125.165764,1777159068.533424,61790,,BS2DCE,,cal_roto,5,100,"A,C,E,G","ok,ok,ok,ok","100,100,100,100"
125.268395,1777159068.636055,61791,,BS2DCE,,cal_roto,5,100,"C,A,E,G","ok,ok,ok,ok","100,100,100,100"
125.275791,1777159068.643451,65200,,BSDC91,,cal_roto,5,100,"B,A,F,G","ok,ok,ok,ok","100,100,100,100"
125.367556,1777159068.735216,3721,,BSF66F,,cal_static,4,99,"E,F,G,H","ok,ok,ok,ok","100,96,100,100"
125.446399,1777159068.814059,61792,,BS2DCE,,cal_roto,5,100,"C,A,E,G","ok,ok,ok,ok","100,100,100,100"
125.485903,1777159068.853563,65201,,BSDC91,,cal_roto,5,100,"A,B,F,G","ok,ok,ok,ok","100,100,100,100"
125.621173,1777159068.988833,3722,,BSF66F,,cal_static,4,96,"A,B,C,D","ok,ok,ok,ok","89,100,96,100"
125.656673,1777159069.024333,61793,,BS2DCE,,cal_roto,5,100,"A,C,E,G","ok,ok,ok,ok","100,100,100,100"
125.665688,1777159069.033348,65202,,BSDC91,,cal_roto,5,100,"A,B,F,G","ok,ok,ok,ok","100,100,100,100"
125.799928,1777159069.167588,3723,,BSF66F,,cal_static,4,99,"E,F,G,H","ok,ok,ok,ok","100,96,100,100"
125.838638,1777159069.206298,61794,,BS2DCE,,cal_roto,5,100,"A,C,E,G","ok,ok,ok,ok","100,100,100,100"
125.8705,1777159069.23816,65203,,BSDC91,,cal_roto,5,100,"A,B,F,G","ok,ok,ok,ok","100,100,100,100"
126.005589,1777159069.373249,3724,,BSF66F,,cal_static,4,96,"A,B,C,D","ok,ok,ok,ok","90,100,96,100"
126.01868,1777159069.38634,61795,,BS2DCE,,cal_roto,5,100,"A,C,G,E","ok,ok,ok,ok","100,100,100,100"
126.078271,1777159069.445931,65204,,BSDC91,,cal_roto,5,100,"A,B,F,G","ok,ok,ok,ok","100,100,100,100"
126.18334,1777159069.551,3725,,BSF66F,,cal_static,4,99,"E,F,G,H","ok,ok,ok,ok","100,96,100,100"
126.22311,1777159069.59077,61796,,BS2DCE,,cal_roto,5,100,"A,C,G,E","ok,ok,ok,ok","100,100,100,100"
126.280975,1777159069.648635,65205,,BSDC91,,cal_roto,5,100,"A,B,G,F","ok,ok,ok,ok","100,100,100,100"
126.340976,1777159069.708636,3726,,BSF66F,,cal_static,4,95,"A,B,C,D","ok,ok,ok,timeout","90,100,96,96"
126.453263,1777159069.820923,61797,,BS2DCE,,cal_roto,5,100,"A,C,E,G","ok,ok,ok,ok","100,100,100,100"
126.462557,1777159069.830217,65206,,BSDC91,,cal_roto,5,100,"A,B,F,G","ok,ok,ok,ok","100,100,100,100"
126.575445,1777159069.943105,3727,,BSF66F,,cal_static,4,99,"E,F,G,H","ok,ok,ok,ok","100,96,100,100"
126.655808,1777159070.023468,61798,,BS2DCE,,cal_roto,5,100,"A,C,E,G","ok,ok,ok,ok","100,100,100,100"
126.663821,1777159070.031481,65207,,BSDC91,,cal_roto,5,100,"A,B,F,G","ok,ok,ok,ok","100,100,100,100"
126.75339,1777159070.12105,3728,,BSF66F,,cal_static,4,95,"A,B,C,D","ok,ok,ok,ok","90,100,96,96"
126.763104,1777159070.130764,61799,,BS2DCE,,cal_roto,5,98,"C,A,E,G","ok,timeout,ok,ok","100,95,100,100"
126.893875,1777159070.261535,65208,,BSDC91,,cal_roto,5,100,"B,A,F,G","ok,ok,ok,ok","100,100,100,100"
126.916474,1777159070.284134,61800,,BS2DCE,,cal_roto,5,99,"C,A,E,G","ok,ok,ok,ok","100,96,100,100"
126.956137,1777159070.323797,3729,,BSF66F,,cal_static,4,100,"E,F,G,H","ok,ok,ok,ok","100,100,100,100"
127.016099,1777159070.383759,61801,,BS2DCE,,cal_roto,5,99,"A,C,E,G","ok,ok,ok,ok","96,100,100,100"
127.107544,1777159070.475204,65209,,BSDC91,,cal_roto,5,100,"A,B,F,G","ok,ok,ok,ok","100,100,100,100"
127.167669,1777159070.535329,3730,,BSF66F,,cal_static,4,98,"A,B,C,D","ok,ok,ok,ok","94,100,100,100"
127.250392,1777159070.618052,61802,,BS2DCE,,cal_roto,5,99,"A,C,E,G","ok,ok,ok,ok","96,100,100,100"
127.285829,1777159070.653489,65210,,BSDC91,,cal_roto,5,100,"A,B,F,G","ok,ok,ok,ok","100,100,100,100"
127.398545,1777159070.766205,3731,,BSF66F,,cal_static,4,100,"E,F,G,H","ok,ok,ok,ok","100,100,100,100"
127.458411,1777159070.826071,61803,,BS2DCE,,cal_roto,5,99,"A,C,G,E","ok,ok,ok,ok","96,100,100,100"
127.465866,1777159070.833526,65211,,BSDC91,,cal_roto,5,100,"A,B,F,G","ok,ok,ok,ok","100,100,100,100"
127.623991,1777159070.991651,3732,,BSF66F,,cal_static,4,98,"A,B,C,D","ok,ok,ok,ok","94,100,100,100"
127.638588,1777159071.006248,61804,,BS2DCE,,cal_roto,5,99,"A,C,G,E","ok,ok,ok,ok","96,100,100,100"
127.670442,1777159071.038102,65212,,BSDC91,,cal_roto,5,100,"A,B,F,G","ok,ok,ok,ok","100,100,100,100"
127.760129,1777159071.127789,3733,,BSF66F,,cal_static,4,100,"E,F,G,H","ok,ok,ok,ok","100,100,100,100"
127.820339,1777159071.187999,61805,,BS2DCE,,cal_roto,5,99,"A,C,E,G","ok,ok,ok,ok","96,100,100,100"
127.878382,1777159071.246042,65213,,BSDC91,,cal_roto,5,100,"A,B,G,F","ok,ok,ok,ok","100,100,100,100"
128.021,1777159071.38866,61806,,BS2DCE,,cal_roto,5,99,"A,C,E,G","ok,ok,ok,ok","96,100,100,100"
128.033561,1777159071.401221,3734,,BSF66F,,cal_static,4,98,"A,B,C,D","ok,ok,ok,ok","94,100,100,100"
128.10444,1777159071.4721,65214,,BSDC91,,cal_roto,5,100,"A,B,F,G","ok,ok,ok,ok","100,100,100,100"
128.16346,1777159071.53112,3735,,BSF66F,,cal_static,4,100,"E,F,G,H","ok,ok,ok,ok","100,100,100,100"
128.223807,1777159071.591467,61807,,BS2DCE,,cal_roto,5,99,"C,A,E,G","ok,ok,ok,ok","100,96,100,100"
128.336875,1777159071.704535,65215,,BSDC91,,cal_roto,5,100,"A,B,F,G","ok,ok,ok,ok","100,100,100,100"
128.396785,1777159071.764445,3736,,BSF66F,,cal_static,4,98,"A,B,C,D","ok,ok,ok,ok","95,100,100,100"
128.433318,1777159071.800978,61808,,BS2DCE,,cal_roto,5,100,"C,A,E,G","ok,ok,ok,ok","100,100,100,100"
128.461514,1777159071.829174,65216,,BSDC91,,cal_roto,5,100,"B,A,F,G","ok,ok,ok,ok","100,100,100,100"
128.605515,1777159071.973175,3737,,BSF66F,,cal_static,4,100,"E,F,G,H","ok,ok,ok,ok","100,100,100,100"
128.613573,1777159071.981233,61809,,BS2DCE,,cal_roto,5,100,"A,C,E,G","ok,ok,ok,ok","100,100,100,100"
128.695952,1777159072.063612,65217,,BSDC91,,cal_roto,5,100,"A,B,F,G","ok,ok,ok,ok","100,100,100,100"
128.808702,1777159072.176362,3738,,BSF66F,,cal_static,4,98,"A,B,C,D","ok,ok,ok,ok","95,100,100,100"
128.816145,1777159072.183805,61810,,BS2DCE,,cal_roto,5,100,"A,C,E,G","ok,ok,ok,ok","100,100,100,100"
128.877773,1777159072.245433,65218,,BSDC91,,cal_roto,5,100,"A,B,F,G","ok,ok,ok,ok","100,100,100,100"
128.96781,1777159072.33547,3739,,BSF66F,,cal_static,4,100,"E,F,G,H","ok,ok,ok,ok","100,100,100,100"
129.079608,1777159072.447268,61811,,BS2DCE,,cal_roto,5,100,"A,C,G,E","ok,ok,ok,ok","100,100,100,100"
129.08585,1777159072.45351,65219,,BSDC91,,cal_roto,5,100,"A,B,F,G","ok,ok,ok,ok","100,100,100,100"
129.168622,1777159072.536282,3740,,BSF66F,,cal_static,4,97,"A,B,C,D","reject,ok,ok,ok","90,100,100,100"
129.228543,1777159072.596203,61812,,BS2DCE,,cal_roto,5,100,"A,C,G,E","ok,ok,ok,ok","100,100,100,100"
129.266144,1777159072.633804,65220,,BSDC91,,cal_roto,5,100,"A,B,F,G","ok,ok,ok,ok","100,100,100,100"
129.348389,1777159072.716049,3741,,BSF66F,,cal_static,4,100,"E,F,G,H","ok,ok,ok,ok","100,100,100,100"
129.438275,1777159072.805935,61813,,BS2DCE,,cal_roto,5,100,"A,C,E,G","ok,ok,ok,ok","100,100,100,100"
129.470505,1777159072.838165,65221,,BSDC91,,cal_roto,5,100,"A,B,G,F","ok,ok,ok,ok","100,100,100,100"
129.560092,1777159072.927752,3742,,BSF66F,,cal_static,4,96,"A,B,C,D","reject,ok,ok,ok","86,100,100,100"
129.620526,1777159072.988186,61814,,BS2DCE,,cal_roto,5,100,"A,C,E,G","ok,ok,ok,ok","100,100,100,100"
129.678726,1777159073.046386,65222,,BSDC91,,cal_roto,5,100,"A,B,F,G","ok,ok,ok,ok","100,100,100,100"
129.813541,1777159073.181201,3743,,BSF66F,,cal_static,4,100,"E,F,G,H","ok,ok,ok,ok","100,100,100,100"
129.840784,1777159073.208444,61815,,BS2DCE,,cal_roto,5,100,"C,A,E,G","ok,ok,ok,ok","100,100,100,100"
129.880996,1777159073.248656,65223,,BSDC91,,cal_roto,5,100,"A,B,F,G","ok,ok,ok,ok","100,100,100,100"
130.018969,1777159073.386629,3744,,BSF66F,,cal_static,4,96,"A,B,C,D","ok,ok,ok,ok","87,100,100,100"
130.021649,1777159073.389309,61816,,BS2DCE,,cal_roto,5,100,"C,A,E,G","ok,ok,ok,ok","100,100,100,100"
130.06364,1777159073.4313,65224,,BSDC91,,cal_roto,5,100,"B,A,F,G","ok,ok,ok,ok","100,100,100,100"
130.17551,1777159073.54317,3745,,BSF66F,,cal_static,4,100,"E,F,G,H","ok,ok,ok,ok","100,100,100,100"
130.205784,1777159073.573444,61817,,BS2DCE,,cal_roto,5,100,"A,C,E,G","ok,ok,ok,ok","100,100,100,100"
130.263741,1777159073.631401,65225,,BSDC91,,cal_roto,5,100,"A,B,F,G","ok,ok,ok,ok","100,100,100,100"
130.406182,1777159073.773842,3746,,BSF66F,,cal_static,4,97,"A,B,C,D","ok,ok,ok,ok","88,100,100,100"
130.413754,1777159073.781414,61818,,BS2DCE,,cal_roto,5,100,"A,C,E,G","ok,ok,ok,ok","100,100,100,100"
130.495988,1777159073.863648,65226,,BSDC91,,cal_roto,5,100,"A,B,F,G","ok,ok,ok,ok","100,100,100,100"
130.556157,1777159073.923817,3747,,BSF66F,,cal_static,4,100,"E,F,G,H","ok,ok,ok,ok","100,100,100,100"
130.645127,1777159074.012787,61819,,BS2DCE,,cal_roto,5,100,"A,C,G,E","ok,ok,ok,ok","100,100,100,100"
130.678175,1777159074.045835,65227,,BSDC91,,cal_roto,5,100,"A,B,F,G","ok,ok,ok,ok","100,100,100,100"
130.767769,1777159074.135429,3748,,BSF66F,,cal_static,4,97,"A,B,C,D","ok,ok,ok,ok","88,100,100,100"
130.850551,1777159074.218211,61820,,BS2DCE,,cal_roto,5,100,"A,C,G,E","ok,ok,ok,ok","100,100,100,100"
130.885919,1777159074.253579,65228,,BSDC91,,cal_roto,5,100,"A,B,F,G","ok,ok,ok,ok","100,100,100,100"
130.968634,1777159074.336294,3749,,BSF66F,,cal_static,4,100,"E,F,G,H","ok,ok,ok,ok","100,100,100,100"
131.029573,1777159074.397233,61821,,BS2DCE,,cal_roto,5,100,"A,C,E,G","ok,ok,ok,ok","100,100,100,100"
131.065835,1777159074.433495,65229,,BSDC91,,cal_roto,5,100,"A,B,G,F","ok,ok,ok,ok","100,100,100,100"
131.148494,1777159074.516154,3750,,BSF66F,,cal_static,4,97,"A,B,C,D","ok,ok,ok,ok","88,100,100,100"
131.238592,1777159074.606252,61822,,BS2DCE,,cal_roto,5,100,"A,C,E,G","ok,ok,ok,ok","100,100,100,100"
131.270375,1777159074.638035,65230,,BSDC91,,cal_roto,5,100,"A,B,F,G","ok,ok,ok,ok","100,100,100,100"
131.360575,1777159074.728235,3751,,BSF66F,,cal_static,4,100,"E,F,G,H","ok,ok,ok,ok","100,100,100,100"
131.439898,1777159074.807558,61823,,BS2DCE,,cal_roto,5,100,"C,A,E,G","ok,ok,ok,ok","100,100,100,100"
131.47858,1777159074.84624,65231,,BSDC91,,cal_roto,5,100,"A,B,F,G","ok,ok,ok,ok","100,100,100,100"
131.583773,1777159074.951433,3752,,BSF66F,,cal_static,4,95,"A,B,C,D","reject,ok,timeout,ok","85,100,96,100"
131.643104,1777159075.010764,61824,,BS2DCE,,cal_roto,5,100,"C,A,E,G","ok,ok,ok,ok","100,100,100,100"
131.678864,1777159075.046524,65232,,BSDC91,,cal_roto,5,100,"B,A,F,G","ok,ok,ok,ok","100,100,100,100"
131.761565,1777159075.129225,3753,,BSF66F,,cal_static,4,99,"E,F,G,H","ok,timeout,ok,ok","100,96,100,100"
131.823628,1777159075.191288,61825,,BS2DCE,,cal_roto,5,100,"A,C,E,G","ok,ok,ok,ok","100,100,100,100"
131.862831,1777159075.230491,65233,,BSDC91,,cal_roto,5,100,"A,B,F,G","ok,ok,ok,ok","100,100,100,100"
132.005693,1777159075.373353,61826,,BS2DCE,,cal_roto,5,100,"A,C,E,G","ok,ok,ok,ok","100,100,100,100"
132.028068,1777159075.395728,3754,,BSF66F,,cal_static,4,95,"A,B,C,D","ok,ok,ok,ok","86,100,96,100"
132.093521,1777159075.461181,65234,,BSDC91,,cal_roto,5,100,"A,B,F,G","ok,ok,ok,ok","100,100,100,100"
132.153439,1777159075.521099,3755,,BSF66F,,cal_static,4,99,"E,F,G,H","ok,ok,ok,ok","100,96,100,100"
132.21365,1777159075.58131,61827,,BS2DCE,,cal_roto,5,100,"A,C,G,E","ok,ok,ok,ok","100,100,100,100"
132.325006,1777159075.692666,65235,,BSDC91,,cal_roto,5,100,"A,B,F,G","ok,ok,ok,ok","100,100,100,100"
132.408869,1777159075.776529,3756,,BSF66F,,cal_static,4,95,"A,B,C,D","ok,ok,ok,ok","86,100,96,100"
132.41655,1777159075.78421,61828,,BS2DCE,,cal_roto,5,100,"A,C,G,E","ok,ok,ok,ok","100,100,100,100"
132.503612,1777159075.871272,65236,,BSDC91,,cal_roto,5,100,"A,B,F,G","ok,ok,ok,ok","100,100,100,100"
132.567831,1777159075.935491,3757,,BSF66F,,cal_static,4,99,"E,F,G,H","ok,ok,ok,ok","100,96,100,100"
132.650715,1777159076.018375,61829,,BS2DCE,,cal_roto,5,100,"A,C,E,G","ok,ok,ok,ok","100,100,100,100"
132.686041,1777159076.053701,65237,,BSDC91,,cal_roto,5,100,"A,B,G,F","ok,ok,ok,ok","100,100,100,100"
132.768618,1777159076.136278,3758,,BSF66F,,cal_static,4,95,"A,B,C,D","ok,ok,ok,ok","87,100,96,100"
132.828896,1777159076.196556,61830,,BS2DCE,,cal_roto,5,100,"A,C,E,G","ok,ok,ok,ok","100,100,100,100"
132.86596,1777159076.23362,65238,,BSDC91,,cal_roto,5,100,"A,B,F,G","ok,ok,ok,ok","100,100,100,100"
132.94849,1777159076.31615,3759,,BSF66F,,cal_static,4,99,"E,F,G,H","ok,ok,ok,ok","100,96,100,100"
133.070551,1777159076.438211,65239,,BSDC91,,cal_roto,5,100,"A,B,F,G","ok,ok,ok,ok","100,100,100,100"
133.083621,1777159076.451281,61831,,BS2DCE,,cal_roto,5,100,"C,A,E,G","ok,ok,ok,ok","100,100,100,100"
133.204751,1777159076.572411,3760,,BSF66F,,cal_static,4,95,"A,B,C,D","ok,ok,ok,ok","87,100,96,100"
133.21855,1777159076.58621,61832,,BS2DCE,,cal_roto,5,100,"C,A,E,G","ok,ok,ok,ok","100,100,100,100"
133.277004,1777159076.644664,65240,,BSDC91,,cal_roto,5,100,"B,A,F,G","ok,ok,ok,ok","100,100,100,100"
133.383897,1777159076.751557,3761,,BSF66F,,cal_static,4,100,"E,F,G,H","ok,ok,ok,ok","100,100,100,100"
133.421007,1777159076.788667,61833,,BS2DCE,,cal_roto,5,100,"A,C,E,G","ok,ok,ok,ok","100,100,100,100"
133.458415,1777159076.826075,65241,,BSDC91,,cal_roto,5,100,"A,B,F,G","ok,ok,ok,ok","100,100,100,100"
133.594011,1777159076.961671,3762,,BSF66F,,cal_static,4,95,"A,B,C,D","reject,ok,ok,ok","82,100,100,100"
133.662826,1777159077.030486,65242,,BSDC91,,cal_roto,5,100,"A,B,F,G","ok,ok,ok,ok","100,100,100,100"
133.728896,1777159077.096556,61834,,BS2DCE,,cal_roto,5,100,"A,C,E,G","ok,ok,ok,ok","100,100,100,100"
133.775681,1777159077.143341,3763,,BSF66F,,cal_static,4,100,"E,F,G,H","ok,ok,ok,ok","100,100,100,100"
133.835586,1777159077.203246,61835,,BS2DCE,,cal_roto,5,100,"A,C,G,E","ok,ok,ok,ok","100,100,100,100"
133.863699,1777159077.231359,65243,,BSDC91,,cal_roto,5,100,"A,B,F,G","ok,ok,ok,ok","100,100,100,100"
133.9536,1777159077.32126,3764,,BSF66F,,cal_static,4,94,"A,B,C,D","reject,ok,ok,ok","77,100,100,100"
134.01383,1777159077.38149,61836,,BS2DCE,,cal_roto,5,100,"A,C,G,E","ok,ok,ok,ok","100,100,100,100"
134.09611,1777159077.46377,65244,,BSDC91,,cal_roto,5,100,"A,B,F,G","ok,ok,ok,ok","100,100,100,100"
134.156257,1777159077.523917,3765,,BSF66F,,cal_static,4,100,"E,F,G,H","ok,ok,ok,ok","100,100,100,100"
134.267561,1777159077.635221,61837,,BS2DCE,,cal_roto,5,100,"A,C,E,G","ok,ok,ok,ok","100,100,100,100"
134.277981,1777159077.645641,65245,,BSDC91,,cal_roto,5,100,"A,B,G,F","ok,ok,ok,ok","100,100,100,100"
134.36787,1777159077.73553,3766,,BSF66F,,cal_static,4,94,"A,B,C,D","ok,ok,ok,ok","78,100,100,100"
134.450541,1777159077.818201,61838,,BS2DCE,,cal_roto,5,100,"A,C,E,G","ok,ok,ok,ok","100,100,100,100"
134.485968,1777159077.853628,65246,,BSDC91,,cal_roto,5,100,"A,B,F,G","ok,ok,ok,ok","100,100,100,100"
134.568739,1777159077.936399,3767,,BSF66F,,cal_static,4,100,"E,F,G,H","ok,ok,ok,ok","100,100,100,100"
134.62877,1777159077.99643,61839,,BS2DCE,,cal_roto,5,100,"C,A,E,G","ok,ok,ok,ok","100,100,100,100"
134.666164,1777159078.033824,65247,,BSDC91,,cal_roto,5,100,"A,B,F,G","ok,ok,ok,ok","100,100,100,100"
134.74893,1777159078.11659,3768,,BSF66F,,cal_static,4,95,"A,B,C,D","ok,ok,ok,ok","80,100,100,100"
134.836861,1777159078.204521,61840,,BS2DCE,,cal_roto,5,100,"C,A,E,G","ok,ok,ok,ok","100,100,100,100"
134.868646,1777159078.236306,65248,,BSDC91,,cal_roto,5,100,"B,A,F,G","ok,ok,ok,ok","100,100,100,100"
134.960682,1777159078.328342,3769,,BSF66F,,cal_static,4,100,"E,F,G,H","ok,ok,ok,ok","100,100,100,100"
135.020574,1777159078.388234,61841,,BS2DCE,,cal_roto,5,100,"A,C,E,G","ok,ok,ok,ok","100,100,100,100"
135.079172,1777159078.446832,65249,,BSDC91,,cal_roto,5,100,"A,B,F,G","ok,ok,ok,ok","100,100,100,100"
135.223977,1777159078.591637,61842,,BS2DCE,,cal_roto,5,100,"A,C,E,G","ok,ok,ok,ok","100,100,100,100"
135.236954,1777159078.604614,3770,,BSF66F,,cal_static,4,95,"A,B,C,D","ok,ok,ok,ok","80,100,100,100"
135.282526,1777159078.650186,65250,,BSDC91,,cal_roto,5,100,"A,B,F,G","ok,ok,ok,ok","100,100,100,100"
135.416374,1777159078.784034,3771,,BSF66F,,cal_static,4,100,"E,F,G,H","ok,ok,ok,ok","100,100,100,100"
135.42408,1777159078.79174,61843,,BS2DCE,,cal_roto,5,100,"A,C,G,E","ok,ok,ok,ok","100,100,100,100"
135.462793,1777159078.830453,65251,,BSDC91,,cal_roto,5,100,"A,B,F,G","ok,ok,ok,ok","100,100,100,100"
135.598757,1777159078.966417,3772,,BSF66F,,cal_static,4,95,"A,B,C,D","ok,ok,ok,ok","81,100,100,100"
135.635504,1777159079.003164,61844,,BS2DCE,,cal_roto,5,100,"A,C,G,E","ok,ok,ok,ok","100,100,100,100"
135.663822,1777159079.031482,65252,,BSDC91,,cal_roto,5,100,"A,B,F,G","ok,ok,ok,ok","100,100,100,100"
135.805752,1777159079.173412,3773,,BSF66F,,cal_static,4,100,"E,F,G,H","ok,ok,ok,ok","100,100,100,100"
135.815754,1777159079.183414,61845,,BS2DCE,,cal_roto,5,100,"A,C,E,G","ok,ok,ok,ok","100,100,100,100"
135.897032,1777159079.264692,65253,,BSDC91,,cal_roto,5,100,"A,B,G,F","ok,ok,ok,ok","100,100,100,100"
135.956322,1777159079.323982,3774,,BSF66F,,cal_static,4,94,"A,B,C,D","reject,ok,ok,ok","78,100,100,100"
136.046553,1777159079.414213,61846,,BS2DCE,,cal_roto,5,100,"A,C,E,G","ok,ok,ok,ok","100,100,100,100"
136.078179,1777159079.445839,65254,,BSDC91,,cal_roto,5,100,"A,B,F,G","ok,ok,ok,ok","100,100,100,100"
136.168349,1777159079.536009,3775,,BSF66F,,cal_static,4,100,"E,F,G,H","ok,ok,ok,ok","100,100,100,100"
136.250647,1777159079.618307,61847,,BS2DCE,,cal_roto,5,100,"C,A,E,G","ok,ok,ok,ok","100,100,100,100"
136.286228,1777159079.653888,65255,,BSDC91,,cal_roto,5,100,"A,B,F,G","ok,ok,ok,ok","100,100,100,100"
136.367808,1777159079.735468,3776,,BSF66F,,cal_static,4,92,"A,B,C,D","reject,ok,ok,timeout","75,100,100,95"
136.427244,1777159079.794904,61848,,BS2DCE,,cal_roto,5,100,"C,A,E,G","ok,ok,ok,ok","100,100,100,100"
136.490308,1777159079.857968,65256,,BSDC91,,cal_roto,5,100,"B,A,F,G","ok,ok,ok,ok","100,100,100,100"
136.549124,1777159079.916784,3777,,BSF66F,,cal_static,4,100,"E,F,G,H","ok,ok,ok,ok","100,100,100,100"
136.63875,1777159080.00641,61849,,BS2DCE,,cal_roto,5,100,"A,C,E,G","ok,ok,ok,ok","100,100,100,100"
136.67053,1777159080.03819,65257,,BSDC91,,cal_roto,5,100,"A,B,F,G","ok,ok,ok,ok","100,100,100,100"
136.760643,1777159080.128303,3778,,BSF66F,,cal_static,4,92,"A,B,C,D","reject,ok,ok,ok","72,100,100,96"
136.820863,1777159080.188523,61850,,BS2DCE,,cal_roto,5,100,"A,C,E,G","ok,ok,ok,ok","100,100,100,100"
136.901123,1777159080.268783,65258,,BSDC91,,cal_roto,5,100,"A,B,F,G","ok,ok,ok,ok","100,100,100,100"
137.013441,1777159080.381101,3779,,BSF66F,,cal_static,4,100,"E,F,G,H","ok,ok,ok,ok","100,100,100,100"
137.0215,1777159080.38916,61851,,BS2DCE,,cal_roto,5,100,"A,C,G,E","ok,ok,ok,ok","100,100,100,100"
137.081126,1777159080.448786,65259,,BSDC91,,cal_roto,5,100,"A,B,F,G","ok,ok,ok,ok","100,100,100,100"
137.216447,1777159080.584107,3780,,BSF66F,,cal_static,4,92,"A,B,C,D","ok,ok,ok,ok","73,100,100,96"
137.251607,1777159080.619267,61852,,BS2DCE,,cal_roto,5,100,"A,C,G,E","ok,ok,ok,ok","100,100,100,100"
137.263019,1777159080.630679,65260,,BSDC91,,cal_roto,5,100,"A,B,F,G","ok,ok,ok,ok","100,100,100,100"
137.375879,1777159080.743539,3781,,BSF66F,,cal_static,4,100,"E,F,G,H","ok,ok,ok,ok","100,100,100,100"
137.405647,1777159080.773307,61853,,BS2DCE,,cal_roto,5,100,"A,C,E,G","ok,ok,ok,ok","100,100,100,100"
137.463742,1777159080.831402,65261,,BSDC91,,cal_roto,5,100,"A,B,G,F","ok,ok,ok,ok","100,100,100,100"
137.606894,1777159080.974554,3782,,BSF66F,,cal_static,4,92,"A,B,C,D","ok,ok,ok,ok","74,100,100,96"
137.613817,1777159080.981477,61854,,BS2DCE,,cal_roto,5,100,"A,C,E,G","ok,ok,ok,ok","100,100,100,100"
137.696832,1777159081.064492,65262,,BSDC91,,cal_roto,5,100,"A,B,F,G","ok,ok,ok,ok","100,100,100,100"
137.756518,1777159081.124178,3783,,BSF66F,,cal_static,4,100,"E,F,G,H","ok,ok,ok,ok","100,100,100,100"
137.846808,1777159081.214468,61855,,BS2DCE,,cal_roto,5,100,"C,A,E,G","ok,ok,ok,ok","100,100,100,100"
137.878057,1777159081.245717,65263,,BSDC91,,cal_roto,5,100,"A,B,F,G","ok,ok,ok,ok","100,100,100,100"
138.041378,1777159081.409038,3784,,BSF66F,,cal_static,4,92,"A,B,C,D","ok,ok,ok,ok","75,100,100,96"
138.077983,1777159081.445643,61856,,BS2DCE,,cal_roto,5,100,"C,A,E,G","ok,ok,ok,ok","100,100,100,100"
138.084319,1777159081.451979,65264,,BSDC91,,cal_roto,5,100,"B,A,F,G","ok,ok,ok,ok","100,100,100,100"
138.168818,1777159081.536478,3785,,BSF66F,,cal_static,4,100,"E,F,G,H","ok,ok,ok,ok","100,100,100,100"
138.228834,1777159081.596494,61857,,BS2DCE,,cal_roto,5,100,"A,C,E,G","ok,ok,ok,ok","100,100,100,100"
138.26629,1777159081.63395,65265,,BSDC91,,cal_roto,5,100,"A,B,F,G","ok,ok,ok,ok","100,100,100,100"
138.348726,1777159081.716386,3786,,BSF66F,,cal_static,4,92,"A,B,C,D","ok,ok,ok,ok","75,100,100,96"
138.439106,1777159081.806766,61858,,BS2DCE,,cal_roto,5,100,"A,C,E,G","ok,ok,ok,ok","100,100,100,100"
138.470667,1777159081.838327,65266,,BSDC91,,cal_roto,5,100,"A,B,F,G","ok,ok,ok,ok","100,100,100,100"
138.560935,1777159081.928595,3787,,BSF66F,,cal_static,4,100,"E,F,G,H","ok,ok,ok,ok","100,100,100,100"
138.642873,1777159082.010533,61859,,BS2DCE,,cal_roto,5,100,"A,C,G,E","ok,ok,ok,ok","100,100,100,100"
138.648995,1777159082.016655,65267,,BSDC91,,cal_roto,5,100,"A,B,F,G","ok,ok,ok,ok","100,100,100,100"
138.78386,1777159082.15152,3788,,BSF66F,,cal_static,4,93,"A,B,C,D","ok,ok,ok,ok","76,100,100,96"
138.844178,1777159082.211838,61860,,BS2DCE,,cal_roto,5,100,"A,C,G,E","ok,ok,ok,ok","100,100,100,100"
138.858751,1777159082.226411,65268,,BSDC91,,cal_roto,5,100,"A,B,F,G","ok,ok,ok,ok","100,100,100,100"
138.963854,1777159082.331514,3789,,BSF66F,,cal_static,4,100,"E,F,G,H","ok,ok,ok,ok","100,100,100,100"
139.053631,1777159082.421291,61861,,BS2DCE,,cal_roto,5,100,"A,C,E,G","ok,ok,ok,ok","100,100,100,100"
139.06286,1777159082.43052,65269,,BSDC91,,cal_roto,5,100,"A,B,G,F","ok,ok,ok,ok","100,100,100,100"
139.198574,1777159082.566234,3790,,BSF66F,,cal_static,4,93,"A,B,C,D","ok,ok,ok,ok","77,100,100,96"
139.236091,1777159082.603751,61862,,BS2DCE,,cal_roto,5,100,"A,C,E,G","ok,ok,ok,ok","100,100,100,100"
139.266111,1777159082.633771,65270,,BSDC91,,cal_roto,5,100,"A,B,F,G","ok,ok,ok,ok","100,100,100,100"
139.405072,1777159082.772732,3791,,BSF66F,,cal_static,4,100,"E,F,G,H","ok,ok,ok,ok","100,100,100,100"
139.414087,1777159082.781747,61863,,BS2DCE,,cal_roto,5,100,"C,A,E,G","ok,ok,ok,ok","100,100,100,100"
139.496261,1777159082.863921,65271,,BSDC91,,cal_roto,5,100,"A,B,F,G","ok,ok,ok,ok","100,100,100,100"
139.607454,1777159082.975114,3792,,BSF66F,,cal_static,4,93,"A,B,C,D","ok,ok,ok,ok","78,100,100,96"
139.614304,1777159082.981964,61864,,BS2DCE,,cal_roto,5,100,"C,A,E,G","ok,ok,ok,ok","100,100,100,100"
139.676574,1777159083.044234,65272,,BSDC91,,cal_roto,5,100,"B,A,F,G","ok,ok,ok,ok","100,100,100,100"
139.768027,1777159083.135687,3793,,BSF66F,,cal_static,4,100,"E,F,G,H","ok,ok,ok,ok","100,100,100,100"
139.850667,1777159083.218327,61865,,BS2DCE,,cal_roto,5,100,"A,C,E,G","ok,ok,ok,ok","100,100,100,100"
139.907646,1777159083.275306,65273,,BSDC91,,cal_roto,5,100,"A,B,F,G","ok,ok,ok,ok","100,100,100,100"
139.999583,1777159083.367243,3794,,BSF66F,,cal_static,4,95,"A,B,C,D","ok,ok,ok,ok","82,100,100,100"
140.028906,1777159083.396566,61866,,BS2DCE,,cal_roto,5,100,"A,C,E,G","ok,ok,ok,ok","100,100,100,100"
140.066595,1777159083.434255,65274,,BSDC91,,cal_roto,5,100,"A,B,F,G","ok,ok,ok,ok","100,100,100,100"
140.148844,1777159083.516504,3795,,BSF66F,,cal_static,4,100,"E,F,G,H","ok,ok,ok,ok","100,100,100,100"
140.238821,1777159083.606481,61867,,BS2DCE,,cal_roto,5,100,"A,C,G,E","ok,ok,ok,ok","100,100,100,100"
140.270682,1777159083.638342,65275,,BSDC91,,cal_roto,5,100,"A,B,F,G","ok,ok,ok,ok","100,100,100,100"
140.360864,1777159083.728524,3796,,BSF66F,,cal_static,4,95,"A,B,C,D","ok,ok,ok,ok","83,100,100,100"
140.44214,1777159083.8098,61868,,BS2DCE,,cal_roto,5,100,"A,C,G,E","ok,ok,ok,ok","100,100,100,100"
140.5241,1777159083.89176,65276,,BSDC91,,cal_roto,5,100,"A,B,F,G","ok,ok,ok,ok","100,100,100,100"
140.584041,1777159083.951701,3797,,BSF66F,,cal_static,4,100,"E,F,G,H","ok,ok,ok,ok","100,100,100,100"
140.621374,1777159083.989034,61869,,BS2DCE,,cal_roto,5,100,"A,C,E,G","ok,ok,ok,ok","100,100,100,100"
140.68098,1777159084.04864,65277,,BSDC91,,cal_roto,5,100,"A,B,G,F","ok,ok,ok,ok","100,100,100,100"
140.817101,1777159084.184761,3798,,BSF66F,,cal_static,4,96,"A,B,C,D","ok,ok,ok,ok","84,100,100,100"
140.823956,1777159084.191616,61870,,BS2DCE,,cal_roto,5,100,"A,C,E,G","ok,ok,ok,ok","100,100,100,100"
140.863104,1777159084.230764,65278,,BSDC91,,cal_roto,5,100,"A,B,F,G","ok,ok,ok,ok","100,100,100,100"
140.99793,1777159084.36559,3799,,BSF66F,,cal_static,4,100,"E,F,G,H","ok,ok,ok,ok","100,100,100,100"
141.006019,1777159084.373679,61871,,BS2DCE,,cal_roto,5,100,"C,A,E,G","ok,ok,ok,ok","100,100,100,100"
141.063901,1777159084.431561,65279,,BSDC91,,cal_roto,5,100,"A,B,F,G","ok,ok,ok,ok","100,100,100,100"
141.204366,1777159084.572026,3800,,BSF66F,,cal_static,4,96,"A,B,C,D","ok,ok,ok,ok","85,100,100,100"
141.211859,1777159084.579519,61872,,BS2DCE,,cal_roto,5,100,"C,A,E,G","ok,ok,ok,ok","100,100,100,100"
141.294488,1777159084.662148,65280,,BSDC91,,cal_roto,5,100,"B,A,F,G","ok,ok,ok,ok","100,100,100,100"
141.356394,1777159084.724054,3801,,BSF66F,,cal_static,4,100,"E,F,G,H","ok,ok,ok,ok","100,100,100,100"
141.416599,1777159084.784259,61873,,BS2DCE,,cal_roto,5,100,"A,C,E,G","ok,ok,ok,ok","100,100,100,100"
141.505771,1777159084.873431,65281,,BSDC91,,cal_roto,5,100,"A,B,F,G","ok,ok,ok,ok","100,100,100,100"
141.538129,1777159084.905789,3802,,BSF66F,,cal_static,4,95,"A,B,C,D","ok,ok,timeout,ok","85,100,95,100"
141.65081,1777159085.01847,61874,,BS2DCE,,cal_roto,5,100,"A,C,E,G","ok,ok,ok,ok","100,100,100,100"
141.68635,1777159085.05401,65282,,BSDC91,,cal_roto,5,100,"A,B,F,G","ok,ok,ok,ok","100,100,100,100"
141.74643,1777159085.11409,3803,,BSF66F,,cal_static,4,98,"E,F,G,H","ok,timeout,ok,ok","100,95,100,100"
141.829157,1777159085.196817,61875,,BS2DCE,,cal_roto,5,100,"A,C,G,E","ok,ok,ok,ok","100,100,100,100"
141.866328,1777159085.233988,65283,,BSDC91,,cal_roto,5,100,"A,B,F,G","ok,ok,ok,ok","100,100,100,100"
141.948899,1777159085.316559,3804,,BSF66F,,cal_static,4,94,"A,B,C,D","reject,ok,ok,ok","81,100,95,100"
142.039295,1777159085.406955,61876,,BS2DCE,,cal_roto,5,100,"A,C,G,E","ok,ok,ok,ok","100,100,100,100"
142.070918,1777159085.438578,65284,,BSDC91,,cal_roto,5,100,"A,B,F,G","ok,ok,ok,ok","100,100,100,100"
142.160645,1777159085.528305,3805,,BSF66F,,cal_static,4,98,"E,F,G,H","ok,ok,ok,ok","100,95,100,100"
142.220827,1777159085.588487,61877,,BS2DCE,,cal_roto,5,100,"A,C,E,G","ok,ok,ok,ok","100,100,100,100"
142.301627,1777159085.669287,65285,,BSDC91,,cal_roto,5,100,"A,B,G,F","ok,ok,ok,ok","100,100,100,100"
142.414048,1777159085.781708,3806,,BSF66F,,cal_static,4,94,"A,B,C,D","ok,ok,ok,ok","82,100,95,100"
142.421709,1777159085.789369,61878,,BS2DCE,,cal_roto,5,100,"A,C,E,G","ok,ok,ok,ok","100,100,100,100"
142.458818,1777159085.826478,65286,,BSDC91,,cal_roto,5,100,"A,B,F,G","ok,ok,ok,ok","100,100,100,100"
142.564029,1777159085.931689,3807,,BSF66F,,cal_static,4,98,"E,F,G,H","ok,ok,ok,ok","100,95,100,100"
142.626302,1777159085.993962,61879,,BS2DCE,,cal_roto,5,100,"C,A,E,G","ok,ok,ok,ok","100,100,100,100"
142.663349,1777159086.031009,65287,,BSDC91,,cal_roto,5,100,"A,B,F,G","ok,ok,ok,ok","100,100,100,100"
142.745978,1777159086.113638,3808,,BSF66F,,cal_static,4,94,"A,B,C,D","ok,ok,ok,ok","83,100,95,100"
142.834023,1777159086.201683,61880,,BS2DCE,,cal_roto,5,100,"C,A,E,G","ok,ok,ok,ok","100,100,100,100"
142.861831,1777159086.229491,65288,,BSDC91,,cal_roto,5,100,"B,A,F,G","ok,ok,ok,ok","100,100,100,100"
142.954126,1777159086.321786,3809,,BSF66F,,cal_static,4,99,"E,F,G,H","ok,ok,ok,ok","100,96,100,100"
143.013882,1777159086.381542,61881,,BS2DCE,,cal_roto,5,100,"A,C,E,G","ok,ok,ok,ok","100,100,100,100"
143.126585,1777159086.494245,65289,,BSDC91,,cal_roto,5,100,"A,B,F,G","ok,ok,ok,ok","100,100,100,100"
143.216767,1777159086.584427,61882,,BS2DCE,,cal_roto,5,100,"A,C,E,G","ok,ok,ok,ok","100,100,100,100"
143.23929,1777159086.60695,3810,,BSF66F,,cal_static,4,95,"A,B,C,D","ok,ok,ok,ok","84,100,96,100"
143.278466,1777159086.646126,65290,,BSDC91,,cal_roto,5,100,"A,B,F,G","ok,ok,ok,ok","100,100,100,100"
143.368119,1777159086.735779,3811,,BSF66F,,cal_static,4,99,"E,F,G,H","ok,ok,ok,ok","100,96,100,100"
143.450927,1777159086.818587,61883,,BS2DCE,,cal_roto,5,100,"A,C,G,E","ok,ok,ok,ok","100,100,100,100"
143.48652,1777159086.85418,65291,,BSDC91,,cal_roto,5,100,"A,B,F,G","ok,ok,ok,ok","100,100,100,100"
143.599701,1777159086.967361,3812,,BSF66F,,cal_static,4,95,"A,B,C,D","ok,ok,ok,ok","84,100,96,100"
143.629094,1777159086.996754,61884,,BS2DCE,,cal_roto,5,100,"A,C,G,E","ok,ok,ok,ok","100,100,100,100"
143.66649,1777159087.03415,65292,,BSDC91,,cal_roto,5,100,"A,B,F,G","ok,ok,ok,ok","100,100,100,100"
143.80146,1777159087.16912,3813,,BSF66F,,cal_static,4,99,"E,F,G,H","ok,ok,ok,ok","100,96,100,100"
143.840569,1777159087.208229,61885,,BS2DCE,,cal_roto,5,100,"A,C,E,G","ok,ok,ok,ok","100,100,100,100"
143.899766,1777159087.267426,65293,,BSDC91,,cal_roto,5,100,"A,B,G,F","ok,ok,ok,ok","100,100,100,100"
144.006467,1777159087.374127,3814,,BSF66F,,cal_static,4,95,"A,B,C,D","ok,ok,ok,ok","85,100,96,100"
144.020641,1777159087.388301,61886,,BS2DCE,,cal_roto,5,100,"A,C,E,G","ok,ok,ok,ok","100,100,100,100"
144.07932,1777159087.44698,65294,,BSDC91,,cal_roto,5,100,"A,B,F,G","ok,ok,ok,ok","100,100,100,100"
144.213091,1777159087.580751,3815,,BSF66F,,cal_static,4,99,"E,F,G,H","ok,ok,ok,ok","100,96,100,100"
144.221712,1777159087.589372,61887,,BS2DCE,,cal_roto,5,100,"C,A,E,G","ok,ok,ok,ok","100,100,100,100"
144.281528,1777159087.649188,65295,,BSDC91,,cal_roto,5,100,"A,B,F,G","ok,ok,ok,ok","100,100,100,100"
144.415548,1777159087.783208,3816,,BSF66F,,cal_static,4,95,"A,B,C,D","ok,ok,ok,ok","85,100,96,100"
144.456006,1777159087.823666,61888,,BS2DCE,,cal_roto,5,100,"C,A,E,G","ok,ok,ok,ok","100,100,100,100"
144.461295,1777159087.828955,65296,,BSDC91,,cal_roto,5,100,"B,A,F,G","ok,ok,ok,ok","100,100,100,100"
144.576023,1777159087.943683,3817,,BSF66F,,cal_static,4,99,"E,F,G,H","ok,ok,ok,ok","100,96,100,100"
144.606434,1777159087.974094,61889,,BS2DCE,,cal_roto,5,100,"A,C,E,G","ok,ok,ok,ok","100,100,100,100"
144.663887,1777159088.031547,65297,,BSDC91,,cal_roto,5,100,"A,B,F,G","ok,ok,ok,ok","100,100,100,100"
144.806726,1777159088.174386,3818,,BSF66F,,cal_static,4,95,"A,B,C,D","ok,ok,ok,ok","86,100,96,100"
144.814098,1777159088.181758,61890,,BS2DCE,,cal_roto,5,100,"A,C,E,G","ok,ok,ok,ok","100,100,100,100"
144.896446,1777159088.264106,65298,,BSDC91,,cal_roto,5,100,"A,B,F,G","ok,ok,ok,ok","100,100,100,100"
144.9567,1777159088.32436,3819,,BSF66F,,cal_static,4,99,"E,F,G,H","ok,ok,ok,ok","100,96,100,100"
145.016802,1777159088.384462,61891,,BS2DCE,,cal_roto,5,100,"A,C,G,E","ok,ok,ok,ok","100,100,100,100"
145.078533,1777159088.446193,65299,,BSDC91,,cal_roto,5,100,"A,B,F,G","ok,ok,ok,ok","100,100,100,100"
145.241147,1777159088.608807,3820,,BSF66F,,cal_static,4,95,"A,B,C,D","ok,ok,ok,ok","86,100,96,100"
145.251056,1777159088.618716,61892,,BS2DCE,,cal_roto,5,100,"A,C,G,E","ok,ok,ok,ok","100,100,100,100"
145.286378,1777159088.654038,65300,,BSDC91,,cal_roto,5,100,"A,B,F,G","ok,ok,ok,ok","100,100,100,100"
145.369016,1777159088.736676,3821,,BSF66F,,cal_static,4,99,"E,F,G,H","ok,ok,ok,ok","100,96,100,100"
145.468128,1777159088.835788,65301,,BSDC91,,cal_roto,5,100,"A,B,G,F","ok,ok,ok,ok","100,100,100,100"
145.479364,1777159088.847024,61893,,BS2DCE,,cal_roto,5,100,"A,C,E,G","ok,ok,ok,ok","100,100,100,100"
145.624012,1777159088.991672,3822,,BSF66F,,cal_static,4,95,"A,B,C,D","ok,ok,ok,ok","87,100,96,100"
145.661589,1777159089.029249,61894,,BS2DCE,,cal_roto,5,100,"A,C,E,G","ok,ok,ok,ok","100,100,100,100"
145.670941,1777159089.038601,65302,,BSDC91,,cal_roto,5,100,"A,B,F,G","ok,ok,ok,ok","100,100,100,100"
145.760886,1777159089.128546,3823,,BSF66F,,cal_static,4,99,"E,F,G,H","ok,ok,ok,ok","100,96,100,100"
145.821042,1777159089.188702,61895,,BS2DCE,,cal_roto,5,100,"C,A,E,G","ok,ok,ok,ok","100,100,100,100"
145.879016,1777159089.246676,65303,,BSDC91,,cal_roto,5,100,"A,B,F,G","ok,ok,ok,ok","100,100,100,100"
146.013928,1777159089.381588,3824,,BSF66F,,cal_static,4,95,"A,B,C,D","ok,ok,ok,ok","87,100,96,100"
146.019583,1777159089.387243,61896,,BS2DCE,,cal_roto,5,100,"C,A,E,G","ok,ok,ok,ok","100,100,100,100"
146.056904,1777159089.424564,65304,,BSDC91,,cal_roto,5,100,"B,A,F,G","ok,ok,ok,ok","100,100,100,100"
146.19101,1777159089.55867,3825,,BSF66F,,cal_static,4,100,"E,F,G,H","ok,ok,ok,ok","100,100,100,100"
146.224186,1777159089.591846,61897,,BS2DCE,,cal_roto,5,100,"A,C,E,G","ok,ok,ok,ok","100,100,100,100"
146.263159,1777159089.630819,65305,,BSDC91,,cal_roto,5,100,"A,B,F,G","ok,ok,ok,ok","100,100,100,100"
146.34592,1777159089.71358,3826,,BSF66F,,cal_static,4,95,"A,B,C,D","ok,ok,ok,timeout","88,100,100,94"
146.406015,1777159089.773675,61898,,BS2DCE,,cal_roto,5,100,"A,C,E,G","ok,ok,ok,ok","100,100,100,100"
146.463981,1777159089.831641,65306,,BSDC91,,cal_roto,5,100,"A,B,F,G","ok,ok,ok,ok","100,100,100,100"
146.553989,1777159089.921649,3827,,BSF66F,,cal_static,4,100,"E,F,G,H","ok,ok,ok,ok","100,100,100,100"
146.561748,1777159089.929408,61899,,BS2DCE,,cal_roto,5,99,"A,C,G,E","ok,ok,timeout,ok","100,100,96,100"
146.696689,1777159090.064349,65307,,BSDC91,,cal_roto,5,100,"A,B,F,G","ok,ok,ok,ok","100,100,100,100"
146.741756,1777159090.109416,61900,,BS2DCE,,cal_roto,5,99,"A,C,G,E","ok,ok,ok,ok","100,100,96,100"
146.75683,1777159090.12449,3828,,BSF66F,,cal_static,4,94,"A,B,C,D","reject,ok,ok,ok","83,100,100,94"
146.818414,1777159090.186074,61901,,BS2DCE,,cal_roto,5,99,"A,C,E,G","ok,ok,ok,ok","100,100,100,96"
146.878735,1777159090.246395,65308,,BSDC91,,cal_roto,5,100,"A,B,F,G","ok,ok,ok,ok","100,100,100,100"
146.968239,1777159090.335899,3829,,BSF66F,,cal_static,4,100,"E,F,G,H","ok,ok,ok,ok","100,100,100,100"
147.049158,1777159090.416818,61902,,BS2DCE,,cal_roto,5,99,"A,C,E,G","ok,ok,ok,ok","100,100,100,96"
147.086474,1777159090.454134,65309,,BSDC91,,cal_roto,5,100,"A,B,G,F","ok,ok,ok,ok","100,100,100,100"
147.146397,1777159090.514057,3830,,BSF66F,,cal_static,4,93,"A,B,C,D","reject,ok,ok,ok","78,100,100,94"
147.256413,1777159090.624073,61903,,BS2DCE,,cal_roto,5,99,"C,A,E,G","ok,ok,ok,ok","100,100,100,96"
147.266556,1777159090.634216,65310,,BSDC91,,cal_roto,5,100,"A,B,F,G","ok,ok,ok,ok","100,100,100,100"
147.349142,1777159090.716802,3831,,BSF66F,,cal_static,4,100,"E,F,G,H","ok,ok,ok,ok","100,100,100,100"
147.439173,1777159090.806833,61904,,BS2DCE,,cal_roto,5,100,"C,A,E,G","ok,ok,ok,ok","100,100,100,100"
147.470902,1777159090.838562,65311,,BSDC91,,cal_roto,5,100,"A,B,F,G","ok,ok,ok,ok","100,100,100,100"
147.604488,1777159090.972148,3832,,BSF66F,,cal_static,4,93,"A,B,C,D","ok,ok,ok,ok","80,100,100,95"
147.619072,1777159090.986732,61905,,BS2DCE,,cal_roto,5,100,"A,C,E,G","ok,ok,ok,ok","100,100,100,100"
147.647597,1777159091.015257,65312,,BSDC91,,cal_roto,5,100,"B,A,F,G","ok,ok,ok,ok","100,100,100,100"
147.784243,1777159091.151903,3833,,BSF66F,,cal_static,4,100,"E,F,G,H","ok,ok,ok,ok","100,100,100,100"
147.82157,1777159091.18923,61906,,BS2DCE,,cal_roto,5,100,"A,C,E,G","ok,ok,ok,ok","100,100,100,100"
147.858982,1777159091.226642,65313,,BSDC91,,cal_roto,5,100,"A,B,F,G","ok,ok,ok,ok","100,100,100,100"
148.016766,1777159091.384426,3834,,BSF66F,,cal_static,4,93,"A,B,C,D","ok,ok,ok,ok","80,100,100,95"
148.026103,1777159091.393763,61907,,BS2DCE,,cal_roto,5,100,"A,C,G,E","ok,ok,ok,ok","100,100,100,100"
148.0632,1777159091.43086,65314,,BSDC91,,cal_roto,5,100,"A,B,F,G","ok,ok,ok,ok","100,100,100,100"
148.176317,1777159091.543977,3835,,BSF66F,,cal_static,4,100,"E,F,G,H","ok,ok,ok,ok","100,100,100,100"
148.204518,1777159091.572178,61908,,BS2DCE,,cal_roto,5,100,"A,C,G,E","ok,ok,ok,ok","100,100,100,100"
148.293988,1777159091.661648,65315,,BSDC91,,cal_roto,5,100,"A,B,F,G","ok,ok,ok,ok","100,100,100,100"
148.354058,1777159091.721718,3836,,BSF66F,,cal_static,4,94,"A,B,C,D","ok,ok,ok,ok","81,100,100,95"
148.41412,1777159091.78178,61909,,BS2DCE,,cal_roto,5,100,"A,C,E,G","ok,ok,ok,ok","100,100,100,100"
148.526846,1777159091.894506,65316,,BSDC91,,cal_roto,5,100,"A,B,F,G","ok,ok,ok,ok","100,100,100,100"
148.557216,1777159091.924876,3837,,BSF66F,,cal_static,4,100,"E,F,G,H","ok,ok,ok,ok","100,100,100,100"
148.618652,1777159091.986312,61910,,BS2DCE,,cal_roto,5,100,"A,C,E,G","ok,ok,ok,ok","100,100,100,100"
148.708415,1777159092.076075,65317,,BSDC91,,cal_roto,5,100,"A,B,G,F","ok,ok,ok,ok","100,100,100,100"
148.768312,1777159092.135972,3838,,BSF66F,,cal_static,4,94,"A,B,C,D","ok,ok,ok,ok","82,100,100,95"
148.849351,1777159092.217011,61911,,BS2DCE,,cal_roto,5,100,"C,A,E,G","ok,ok,ok,ok","100,100,100,100"
148.886486,1777159092.254146,65318,,BSDC91,,cal_roto,5,100,"A,B,F,G","ok,ok,ok,ok","100,100,100,100"
148.969267,1777159092.336927,3839,,BSF66F,,cal_static,4,100,"E,F,G,H","ok,ok,ok,ok","100,100,100,100"
149.027677,1777159092.395337,61912,,BS2DCE,,cal_roto,5,100,"C,A,E,G","ok,ok,ok,ok","100,100,100,100"
149.089076,1777159092.456736,65319,,BSDC91,,cal_roto,5,100,"A,B,F,G","ok,ok,ok,ok","100,100,100,100"
149.224129,1777159092.591789,3840,,BSF66F,,cal_static,4,94,"A,B,C,D","ok,ok,ok,ok","83,100,100,95"
149.261905,1777159092.629565,61913,,BS2DCE,,cal_roto,5,100,"A,C,E,G","ok,ok,ok,ok","100,100,100,100"
149.269165,1777159092.636825,65320,,BSDC91,,cal_roto,5,100,"B,A,F,G","ok,ok,ok,ok","100,100,100,100"
149.382095,1777159092.749755,3841,,BSF66F,,cal_static,4,100,"E,F,G,H","ok,ok,ok,ok","100,100,100,100"
149.419103,1777159092.786763,61914,,BS2DCE,,cal_roto,5,100,"A,C,E,G","ok,ok,ok,ok","100,100,100,100"
149.479067,1777159092.846727,65321,,BSDC91,,cal_roto,5,100,"A,B,F,G","ok,ok,ok,ok","100,100,100,100"
149.614805,1777159092.982465,3842,,BSF66F,,cal_static,4,95,"A,B,C,D","ok,ok,ok,ok","84,100,100,96"
149.644723,1777159093.012383,61915,,BS2DCE,,cal_roto,5,100,"A,C,G,E","ok,ok,ok,ok","100,100,100,100"
149.659019,1777159093.026679,65322,,BSDC91,,cal_roto,5,100,"A,B,F,G","ok,ok,ok,ok","100,100,100,100"
149.76433,1777159093.13199,3843,,BSF66F,,cal_static,4,100,"E,F,G,H","ok,ok,ok,ok","100,100,100,100"
149.803559,1777159093.171219,61916,,BS2DCE,,cal_roto,5,100,"A,C,G,E","ok,ok,ok,ok","100,100,100,100"
149.863259,1777159093.230919,65323,,BSDC91,,cal_roto,5,100,"A,B,F,G","ok,ok,ok,ok","100,100,100,100"
149.999105,1777159093.366765,3844,,BSF66F,,cal_static,4,95,"A,B,C,D","ok,ok,ok,ok","84,100,100,96"
150.004545,1777159093.372205,61917,,BS2DCE,,cal_roto,5,100,"A,C,E,G","ok,ok,ok,ok","100,100,100,100"
150.06411,1777159093.43177,65324,,BSDC91,,cal_roto,5,100,"A,B,F,G","ok,ok,ok,ok","100,100,100,100"
150.154503,1777159093.522163,3845,,BSF66F,,cal_static,4,100,"E,F,G,H","ok,ok,ok,ok","100,100,100,100"
150.217804,1777159093.585464,61918,,BS2DCE,,cal_roto,5,100,"A,C,E,G","ok,ok,ok,ok","100,100,100,100"
150.326027,1777159093.693687,65325,,BSDC91,,cal_roto,5,100,"A,B,G,F","ok,ok,ok,ok","100,100,100,100"
150.409559,1777159093.777219,3846,,BSF66F,,cal_static,4,95,"A,B,C,D","ok,ok,ok,ok","85,100,100,96"
150.448393,1777159093.816053,61919,,BS2DCE,,cal_roto,5,100,"C,A,E,G","ok,ok,ok,ok","100,100,100,100"
150.529607,1777159093.897267,65326,,BSDC91,,cal_roto,5,100,"A,B,F,G","ok,ok,ok,ok","100,100,100,100"
150.568549,1777159093.936209,3847,,BSF66F,,cal_static,4,100,"E,F,G,H","ok,ok,ok,ok","100,100,100,100"
150.647297,1777159094.014957,61920,,BS2DCE,,cal_roto,5,100,"C,A,E,G","ok,ok,ok,ok","100,100,100,100"
150.686699,1777159094.054359,65327,,BSDC91,,cal_roto,5,100,"A,B,F,G","ok,ok,ok,ok","100,100,100,100"
150.820322,1777159094.187982,3848,,BSF66F,,cal_static,4,95,"A,B,C,D","ok,ok,ok,ok","85,100,100,96"
150.829621,1777159094.197281,61921,,BS2DCE,,cal_roto,5,100,"A,C,E,G","ok,ok,ok,ok","100,100,100,100"
150.864876,1777159094.232536,65328,,BSDC91,,cal_roto,5,100,"B,A,F,G","ok,ok,ok,ok","100,100,100,100"
150.949406,1777159094.317066,3849,,BSF66F,,cal_static,4,100,"E,F,G,H","ok,ok,ok,ok","100,100,100,100"
151.063712,1777159094.431372,61922,,BS2DCE,,cal_roto,5,100,"A,C,E,G","ok,ok,ok,ok","100,100,100,100"
151.071255,1777159094.438915,65329,,BSDC91,,cal_roto,5,100,"A,B,F,G","ok,ok,ok,ok","100,100,100,100"
151.160931,1777159094.528591,3850,,BSF66F,,cal_static,4,95,"A,B,C,D","ok,ok,ok,ok","86,100,100,96"
151.219188,1777159094.586848,61923,,BS2DCE,,cal_roto,5,100,"A,C,G,E","ok,ok,ok,ok","100,100,100,100"
151.24951,1777159094.61717,65330,,BSDC91,,cal_roto,5,100,"A,B,F,G","ok,ok,ok,ok","100,100,100,100"
151.384425,1777159094.752085,3851,,BSF66F,,cal_static,4,100,"E,F,G,H","ok,ok,ok,ok","100,100,100,100"
151.421748,1777159094.789408,61924,,BS2DCE,,cal_roto,5,100,"A,C,G,E","ok,ok,ok,ok","100,100,100,100"
151.460872,1777159094.828532,65331,,BSDC91,,cal_roto,5,100,"A,B,F,G","ok,ok,ok,ok","100,100,100,100"
151.564163,1777159094.931823,3852,,BSF66F,,cal_static,4,94,"A,B,C,D","ok,ok,timeout,ok","86,100,96,96"
151.581176,1777159094.948836,61925,,BS2DCE,,cal_roto,5,98,"A,C,E,G","ok,ok,ok,timeout","100,100,100,95"
151.663573,1777159095.031233,65332,,BSDC91,,cal_roto,5,100,"A,B,F,G","ok,ok,ok,ok","100,100,100,100"
151.729243,1777159095.096903,61926,,BS2DCE,,cal_roto,5,98,"A,C,E,G","ok,ok,ok,ok","100,100,100,95"
151.745975,1777159095.113635,3853,,BSF66F,,cal_static,4,99,"E,F,G,H","ok,timeout,ok,ok","100,96,100,100"
151.78157,1777159095.14923,61927,,BS2DCE,,cal_roto,5,97,"C,A,E,G","ok,timeout,ok,ok","100,95,100,95"
151.864352,1777159095.232012,65333,,BSDC91,,cal_roto,5,100,"A,B,G,F","ok,ok,ok,ok","100,100,100,100"
151.909561,1777159095.277221,61928,,BS2DCE,,cal_roto,5,98,"C,A,E,G","ok,ok,ok,ok","100,96,100,96"
151.954584,1777159095.322244,3854,,BSF66F,,cal_static,4,93,"A,B,C,D","reject,ok,ok,ok","83,100,96,96"
152.014176,1777159095.381836,61929,,BS2DCE,,cal_roto,5,98,"A,C,E,G","ok,ok,ok,ok","96,100,100,96"
152.126229,1777159095.493889,65334,,BSDC91,,cal_roto,5,100,"A,B,F,G","ok,ok,ok,ok","100,100,100,100"
152.156804,1777159095.524464,3855,,BSF66F,,cal_static,4,99,"E,F,G,H","ok,ok,ok,ok","100,96,100,100"
152.217114,1777159095.584774,61930,,BS2DCE,,cal_roto,5,98,"A,C,E,G","ok,ok,ok,ok","96,100,100,96"
152.308487,1777159095.676147,65335,,BSDC91,,cal_roto,5,100,"A,B,F,G","ok,ok,ok,ok","100,100,100,100"
152.338698,1777159095.706358,3856,,BSF66F,,cal_static,4,93,"A,B,C,D","reject,ok,ok,ok","81,100,96,96"
152.450909,1777159095.818569,61931,,BS2DCE,,cal_roto,5,98,"A,C,G,E","ok,ok,ok,ok","96,100,96,100"
152.484933,1777159095.852593,65336,,BSDC91,,cal_roto,5,100,"B,A,F,G","ok,ok,ok,ok","100,100,100,100"
152.569302,1777159095.936962,3857,,BSF66F,,cal_static,4,100,"E,F,G,H","ok,ok,ok,ok","100,100,100,100"
152.629299,1777159095.996959,61932,,BS2DCE,,cal_roto,5,98,"A,C,G,E","ok,ok,ok,ok","96,100,96,100"
152.6667,1777159096.03436,65337,,BSDC91,,cal_roto,5,100,"A,B,F,G","ok,ok,ok,ok","100,100,100,100"
152.825019,1777159096.192679,3858,,BSF66F,,cal_static,4,95,"A,B,C,D","ok,ok,ok,ok","82,100,100,100"
152.839313,1777159096.206973,61933,,BS2DCE,,cal_roto,5,98,"A,C,E,G","ok,ok,ok,ok","96,100,100,96"
152.871053,1777159096.238713,65338,,BSDC91,,cal_roto,5,100,"A,B,F,G","ok,ok,ok,ok","100,100,100,100"
152.9613,1777159096.32896,3859,,BSF66F,,cal_static,4,100,"E,F,G,H","ok,ok,ok,ok","100,100,100,100"
153.021016,1777159096.388676,61934,,BS2DCE,,cal_roto,5,98,"A,C,E,G","ok,ok,ok,ok","96,100,100,96"
153.079429,1777159096.447089,65339,,BSDC91,,cal_roto,5,100,"A,B,F,G","ok,ok,ok,ok","100,100,100,100"
153.214418,1777159096.582078,3860,,BSF66F,,cal_static,4,95,"A,B,C,D","ok,ok,ok,ok","83,100,100,100"
153.221981,1777159096.589641,61935,,BS2DCE,,cal_roto,5,98,"C,A,E,G","ok,ok,ok,ok","100,96,100,96"
153.25925,1777159096.62691,65340,,BSDC91,,cal_roto,5,100,"A,B,F,G","ok,ok,ok,ok","100,100,100,100"
153.36457,1777159096.73223,3861,,BSF66F,,cal_static,4,100,"E,F,G,H","ok,ok,ok,ok","100,100,100,100"
153.401883,1777159096.769543,61936,,BS2DCE,,cal_roto,5,100,"C,A,E,G","ok,ok,ok,ok","100,100,100,100"
153.463477,1777159096.831137,65341,,BSDC91,,cal_roto,5,100,"A,B,G,F","ok,ok,ok,ok","100,100,100,100"
153.599298,1777159096.966958,3862,,BSF66F,,cal_static,4,96,"A,B,C,D","ok,ok,ok,ok","84,100,100,100"
153.606636,1777159096.974296,61937,,BS2DCE,,cal_roto,5,100,"A,C,E,G","ok,ok,ok,ok","100,100,100,100"
153.69367,1777159097.06133,65342,,BSDC91,,cal_roto,5,100,"A,B,F,G","ok,ok,ok,ok","100,100,100,100"
153.754571,1777159097.122231,3863,,BSF66F,,cal_static,4,100,"E,F,G,H","ok,ok,ok,ok","100,100,100,100"
153.814529,1777159097.182189,61938,,BS2DCE,,cal_roto,5,100,"A,C,E,G","ok,ok,ok,ok","100,100,100,100"
153.896895,1777159097.264555,65343,,BSDC91,,cal_roto,5,100,"A,B,F,G","ok,ok,ok,ok","100,100,100,100"
154.012992,1777159097.380652,3864,,BSF66F,,cal_static,4,96,"A,B,C,D","ok,ok,ok,ok","85,100,100,100"
154.017058,1777159097.384718,61939,,BS2DCE,,cal_roto,5,100,"A,C,G,E","ok,ok,ok,ok","100,100,100,100"
154.07745,1777159097.44511,65344,,BSDC91,,cal_roto,5,100,"B,A,F,G","ok,ok,ok,ok","100,100,100,100"
154.19171,1777159097.55937,3865,,BSF66F,,cal_static,4,100,"E,F,G,H","ok,ok,ok,ok","100,100,100,100"
154.281092,1777159097.648752,61940,,BS2DCE,,cal_roto,5,100,"A,C,G,E","ok,ok,ok,ok","100,100,100,100"
154.287208,1777159097.654868,65345,,BSDC91,,cal_roto,5,100,"A,B,F,G","ok,ok,ok,ok","100,100,100,100"
154.399592,1777159097.767252,3866,,BSF66F,,cal_static,4,96,"A,B,C,D","ok,ok,ok,ok","85,100,100,100"
154.42957,1777159097.79723,61941,,BS2DCE,,cal_roto,5,100,"A,C,E,G","ok,ok,ok,ok","100,100,100,100"
154.466765,1777159097.834425,65346,,BSDC91,,cal_roto,5,100,"A,B,F,G","ok,ok,ok,ok","100,100,100,100"
154.549274,1777159097.916934,3867,,BSF66F,,cal_static,4,100,"E,F,G,H","ok,ok,ok,ok","100,100,100,100"
154.661834,1777159098.029494,61942,,BS2DCE,,cal_roto,5,100,"A,C,E,G","ok,ok,ok,ok","100,100,100,100"
154.67122,1777159098.03888,65347,,BSDC91,,cal_roto,5,100,"A,B,F,G","ok,ok,ok,ok","100,100,100,100"
154.761108,1777159098.128768,3868,,BSF66F,,cal_static,4,96,"A,B,C,D","ok,ok,ok,ok","86,100,100,100"
154.821441,1777159098.189101,61943,,BS2DCE,,cal_roto,5,100,"C,A,E,G","ok,ok,ok,ok","100,100,100,100"
154.849582,1777159098.217242,65348,,BSDC91,,cal_roto,5,100,"A,B,F,G","ok,ok,ok,ok","100,100,100,100"
154.984524,1777159098.352184,3869,,BSF66F,,cal_static,4,100,"E,F,G,H","ok,ok,ok,ok","100,100,100,100"
155.019798,1777159098.387458,61944,,BS2DCE,,cal_roto,5,100,"C,A,E,G","ok,ok,ok,ok","100,100,100,100"
155.059315,1777159098.426975,65349,,BSDC91,,cal_roto,5,100,"A,B,G,F","ok,ok,ok,ok","100,100,100,100"
155.246463,1777159098.614123,3870,,BSF66F,,cal_static,4,96,"A,B,C,D","ok,ok,ok,ok","86,100,100,100"
155.275212,1777159098.642872,61945,,BS2DCE,,cal_roto,5,100,"A,C,E,G","ok,ok,ok,ok","100,100,100,100"
155.281235,1777159098.648895,65350,,BSDC91,,cal_roto,5,100,"A,B,F,G","ok,ok,ok,ok","100,100,100,100"
155.374242,1777159098.741902,3871,,BSF66F,,cal_static,4,100,"E,F,G,H","ok,ok,ok,ok","100,100,100,100"
155.434929,1777159098.802589,61946,,BS2DCE,,cal_roto,5,100,"A,C,E,G","ok,ok,ok,ok","100,100,100,100"
155.464285,1777159098.831945,65351,,BSDC91,,cal_roto,5,100,"A,B,F,G","ok,ok,ok,ok","100,100,100,100"
155.554312,1777159098.921972,3872,,BSF66F,,cal_static,4,96,"A,B,C,D","ok,ok,ok,ok","87,100,100,100"
155.614427,1777159098.982087,61947,,BS2DCE,,cal_roto,5,100,"A,C,G,E","ok,ok,ok,ok","100,100,100,100"
155.694866,1777159099.062526,65352,,BSDC91,,cal_roto,5,100,"B,A,F,G","ok,ok,ok,ok","100,100,100,100"
155.786895,1777159099.154555,3873,,BSF66F,,cal_static,4,100,"E,F,G,H","ok,ok,ok,ok","100,100,100,100"
155.826412,1777159099.194072,65353,,BSDC91,,cal_roto,5,99,"A,B,F,G","timeout,ok,ok,ok","96,100,100,100"
155.847155,1777159099.214815,61948,,BS2DCE,,cal_roto,5,100,"A,C,G,E","ok,ok,ok,ok","100,100,100,100"
155.968768,1777159099.336428,3874,,BSF66F,,cal_static,4,97,"A,B,C,D","ok,ok,ok,ok","88,100,100,100"
156.004339,1777159099.371999,65354,,BSDC91,,cal_roto,5,99,"A,B,F,G","ok,ok,ok,ok","96,100,100,100"
156.051333,1777159099.418993,61949,,BS2DCE,,cal_roto,5,100,"A,C,E,G","ok,ok,ok,ok","100,100,100,100"
156.159245,1777159099.526905,65355,,BSDC91,,cal_roto,5,99,"A,B,F,G","ok,ok,ok,ok","96,100,100,100"
156.169419,1777159099.537079,3875,,BSF66F,,cal_static,4,100,"E,F,G,H","ok,ok,ok,ok","100,100,100,100"
156.230171,1777159099.597831,61950,,BS2DCE,,cal_roto,5,100,"A,C,E,G","ok,ok,ok,ok","100,100,100,100"
156.268523,1777159099.636183,65356,,BSDC91,,cal_roto,5,99,"A,B,F,G","ok,ok,ok,ok","96,100,100,100"
156.349371,1777159099.717031,3876,,BSF66F,,cal_static,4,96,"A,B,C,D","ok,ok,ok,timeout","88,100,100,96"
156.439562,1777159099.807222,61951,,BS2DCE,,cal_roto,5,100,"C,A,E,G","ok,ok,ok,ok","100,100,100,100"
156.498687,1777159099.866347,65357,,BSDC91,,cal_roto,5,99,"A,B,G,F","ok,ok,ok,ok","96,100,100,100"
156.562115,1777159099.929775,3877,,BSF66F,,cal_static,4,100,"E,F,G,H","ok,ok,ok,ok","100,100,100,100"
156.568731,1777159099.936391,61952,,BS2DCE,,cal_roto,5,98,"C,A,E,G","ok,ok,ok,timeout","100,100,100,94"
156.679496,1777159100.047156,65358,,BSDC91,,cal_roto,5,99,"A,B,F,G","ok,ok,ok,ok","96,100,100,100"
156.694177,1777159100.061837,61953,,BS2DCE,,cal_roto,5,98,"A,C,E,G","ok,ok,ok,ok","100,100,100,94"
156.814571,1777159100.182231,3878,,BSF66F,,cal_static,4,96,"A,B,C,D","ok,ok,ok,ok","88,100,100,96"
156.82193,1777159100.18959,61954,,BS2DCE,,cal_roto,5,98,"A,C,E,G","ok,ok,ok,ok","100,100,100,94"
156.86104,1777159100.2287,65359,,BSDC91,,cal_roto,5,99,"A,B,F,G","ok,ok,ok,ok","96,100,100,100"
156.96472,1777159100.33238,3879,,BSF66F,,cal_static,4,100,"E,F,G,H","ok,ok,ok,ok","100,100,100,100"
157.056246,1777159100.423906,61955,,BS2DCE,,cal_roto,5,98,"A,C,G,E","ok,ok,ok,ok","100,100,95,100"
157.059855,1777159100.427515,65360,,BSDC91,,cal_roto,5,100,"B,A,F,G","ok,ok,ok,ok","100,100,100,100"
157.198035,1777159100.565695,3880,,BSF66F,,cal_static,4,96,"A,B,C,D","ok,ok,ok,ok","89,100,100,96"
157.233598,1777159100.601258,61956,,BS2DCE,,cal_roto,5,98,"A,C,G,E","ok,ok,ok,ok","100,100,95,100"
157.264678,1777159100.632338,65361,,BSDC91,,cal_roto,5,100,"A,B,F,G","ok,ok,ok,ok","100,100,100,100"
157.357047,1777159100.724707,3881,,BSF66F,,cal_static,4,100,"E,F,G,H","ok,ok,ok,ok","100,100,100,100"
157.414366,1777159100.782026,61957,,BS2DCE,,cal_roto,5,98,"A,C,E,G","ok,ok,ok,ok","100,100,100,95"
157.524319,1777159100.891979,65362,,BSDC91,,cal_roto,5,100,"A,B,F,G","ok,ok,ok,ok","100,100,100,100"
157.609479,1777159100.977139,3882,,BSF66F,,cal_static,4,96,"A,B,C,D","ok,ok,ok,ok","89,100,100,96"
157.618623,1777159100.986283,61958,,BS2DCE,,cal_roto,5,98,"A,C,E,G","ok,ok,ok,ok","100,100,100,95"
157.676847,1777159101.044507,65363,,BSDC91,,cal_roto,5,100,"A,B,F,G","ok,ok,ok,ok","100,100,100,100"
157.768735,1777159101.136395,3883,,BSF66F,,cal_static,4,100,"E,F,G,H","ok,ok,ok,ok","100,100,100,100"
157.849452,1777159101.217112,61959,,BS2DCE,,cal_roto,5,98,"C,A,E,G","ok,ok,ok,ok","100,100,100,95"
157.908153,1777159101.275813,65364,,BSDC91,,cal_roto,5,100,"A,B,F,G","ok,ok,ok,ok","100,100,100,100"
157.947419,1777159101.315079,3884,,BSF66F,,cal_static,4,95,"A,B,C,D","reject,ok,ok,ok","86,100,100,96"
158.027825,1777159101.395485,61960,,BS2DCE,,cal_roto,5,99,"C,A,E,G","ok,ok,ok,ok","100,100,100,96"
158.06905,1777159101.43671,65365,,BSDC91,,cal_roto,5,100,"A,B,G,F","ok,ok,ok,ok","100,100,100,100"
158.149746,1777159101.517406,3885,,BSF66F,,cal_static,4,100,"E,F,G,H","ok,ok,ok,ok","100,100,100,100"
158.241325,1777159101.608985,61961,,BS2DCE,,cal_roto,5,99,"A,C,E,G","ok,ok,ok,ok","100,100,100,96"
158.299487,1777159101.667147,65366,,BSDC91,,cal_roto,5,100,"A,B,F,G","ok,ok,ok,ok","100,100,100,100"
158.406883,1777159101.774543,3886,,BSF66F,,cal_static,4,95,"A,B,C,D","ok,ok,ok,ok","87,100,100,96"
158.41942,1777159101.78708,61962,,BS2DCE,,cal_roto,5,99,"A,C,E,G","ok,ok,ok,ok","100,100,100,96"
158.479413,1777159101.847073,65367,,BSDC91,,cal_roto,5,100,"A,B,F,G","ok,ok,ok,ok","100,100,100,100"
158.584591,1777159101.952251,3887,,BSF66F,,cal_static,4,100,"E,F,G,H","ok,ok,ok,ok","100,100,100,100"
158.621865,1777159101.989525,61963,,BS2DCE,,cal_roto,5,99,"A,C,G,E","ok,ok,ok,ok","100,100,96,100"
158.659357,1777159102.027017,65368,,BSDC91,,cal_roto,5,100,"B,A,F,G","ok,ok,ok,ok","100,100,100,100"
158.792665,1777159102.160325,3888,,BSF66F,,cal_static,4,95,"A,B,C,D","ok,ok,ok,ok","87,100,100,96"
158.826642,1777159102.194302,61964,,BS2DCE,,cal_roto,5,99,"A,C,G,E","ok,ok,ok,ok","100,100,96,100"
158.861814,1777159102.229474,65369,,BSDC91,,cal_roto,5,100,"A,B,F,G","ok,ok,ok,ok","100,100,100,100"
158.946498,1777159102.314158,3889,,BSF66F,,cal_static,4,100,"E,F,G,H","ok,ok,ok,ok","100,100,100,100"
159.004508,1777159102.372168,61965,,BS2DCE,,cal_roto,5,99,"A,C,E,G","ok,ok,ok,ok","100,100,100,96"
159.065155,1777159102.432815,65370,,BSDC91,,cal_roto,5,100,"A,B,F,G","ok,ok,ok,ok","100,100,100,100"
159.214676,1777159102.582336,61966,,BS2DCE,,cal_roto,5,99,"A,C,E,G","ok,ok,ok,ok","100,100,100,96"
159.229842,1777159102.597502,3890,,BSF66F,,cal_static,4,97,"A,B,C,D","ok,ok,ok,ok","88,100,100,100"
159.326573,1777159102.694233,65371,,BSDC91,,cal_roto,5,100,"A,B,F,G","ok,ok,ok,ok","100,100,100,100"
159.357027,1777159102.724687,3891,,BSF66F,,cal_static,4,100,"E,F,G,H","ok,ok,ok,ok","100,100,100,100"
159.4191,1777159102.78676,61967,,BS2DCE,,cal_roto,5,99,"C,A,E,G","ok,ok,ok,ok","100,100,100,96"
159.477014,1777159102.844674,65372,,BSDC91,,cal_roto,5,100,"A,B,F,G","ok,ok,ok,ok","100,100,100,100"
159.591787,1777159102.959447,3892,,BSF66F,,cal_static,4,97,"A,B,C,D","ok,ok,ok,ok","88,100,100,100"
159.648149,1777159103.015809,61968,,BS2DCE,,cal_roto,5,100,"C,A,E,G","ok,ok,ok,ok","100,100,100,100"
159.686821,1777159103.054481,65373,,BSDC91,,cal_roto,5,100,"A,B,G,F","ok,ok,ok,ok","100,100,100,100"
159.769716,1777159103.137376,3893,,BSF66F,,cal_static,4,100,"E,F,G,H","ok,ok,ok,ok","100,100,100,100"
159.830131,1777159103.197791,61969,,BS2DCE,,cal_roto,5,100,"A,C,E,G","ok,ok,ok,ok","100,100,100,100"
159.868869,1777159103.236529,65374,,BSDC91,,cal_roto,5,100,"A,B,F,G","ok,ok,ok,ok","100,100,100,100"
160.024741,1777159103.392401,3894,,BSF66F,,cal_static,4,97,"A,B,C,D","ok,ok,ok,ok","89,100,100,100"
160.041748,1777159103.409408,61970,,BS2DCE,,cal_roto,5,100,"A,C,E,G","ok,ok,ok,ok","100,100,100,100"
160.069452,1777159103.437112,65375,,BSDC91,,cal_roto,5,100,"A,B,F,G","ok,ok,ok,ok","100,100,100,100"
160.16136,1777159103.52902,3895,,BSF66F,,cal_static,4,100,"E,F,G,H","ok,ok,ok,ok","100,100,100,100"
160.219532,1777159103.587192,61971,,BS2DCE,,cal_roto,5,100,"A,C,G,E","ok,ok,ok,ok","100,100,100,100"
160.24989,1777159103.61755,65376,,BSDC91,,cal_roto,5,100,"B,A,F,G","ok,ok,ok,ok","100,100,100,100"
160.415109,1777159103.782769,3896,,BSF66F,,cal_static,4,97,"A,B,C,D","ok,ok,ok,ok","90,100,100,100"
160.442571,1777159103.810231,61972,,BS2DCE,,cal_roto,5,100,"A,C,G,E","ok,ok,ok,ok","100,100,100,100"
160.483792,1777159103.851452,65377,,BSDC91,,cal_roto,5,100,"A,B,F,G","ok,ok,ok,ok","100,100,100,100"
160.564474,1777159103.932134,3897,,BSF66F,,cal_static,4,100,"E,F,G,H","ok,ok,ok,ok","100,100,100,100"
160.603731,1777159103.971391,61973,,BS2DCE,,cal_roto,5,100,"A,C,E,G","ok,ok,ok,ok","100,100,100,100"
160.73502,1777159104.10268,65378,,BSDC91,,cal_roto,5,100,"A,B,F,G","ok,ok,ok,ok","100,100,100,100"
160.799597,1777159104.167257,3898,,BSF66F,,cal_static,4,97,"A,B,C,D","ok,ok,ok,ok","90,100,100,100"
160.804744,1777159104.172404,61974,,BS2DCE,,cal_roto,5,100,"A,C,E,G","ok,ok,ok,ok","100,100,100,100"
160.864643,1777159104.232303,65379,,BSDC91,,cal_roto,5,100,"A,B,F,G","ok,ok,ok,ok","100,100,100,100"
160.955038,1777159104.322698,3899,,BSF66F,,cal_static,4,100,"E,F,G,H","ok,ok,ok,ok","100,100,100,100"
161.014671,1777159104.382331,61975,,BS2DCE,,cal_roto,5,100,"C,A,E,G","ok,ok,ok,ok","100,100,100,100"
161.098988,1777159104.466648,65380,,BSDC91,,cal_roto,5,100,"A,B,F,G","ok,ok,ok,ok","100,100,100,100"
161.20993,1777159104.57759,3900,,BSF66F,,cal_static,4,97,"A,B,C,D","ok,ok,ok,ok","90,100,100,100"
161.217203,1777159104.584863,61976,,BS2DCE,,cal_roto,5,100,"C,A,E,G","ok,ok,ok,ok","100,100,100,100"
161.277156,1777159104.644816,65381,,BSDC91,,cal_roto,5,100,"A,B,G,F","ok,ok,ok,ok","100,100,100,100"
161.368758,1777159104.736418,3901,,BSF66F,,cal_static,4,100,"E,F,G,H","ok,ok,ok,ok","100,100,100,100"
161.479519,1777159104.847179,61977,,BS2DCE,,cal_roto,5,100,"A,C,E,G","ok,ok,ok,ok","100,100,100,100"
161.48697,1777159104.85463,65382,,BSDC91,,cal_roto,5,100,"A,B,F,G","ok,ok,ok,ok","100,100,100,100"
161.546938,1777159104.914598,3902,,BSF66F,,cal_static,4,96,"A,B,C,D","ok,ok,timeout,ok","91,100,95,100"
161.606891,1777159104.974551,61978,,BS2DCE,,cal_roto,5,99,"A,C,E,G","ok,ok,ok,timeout","100,100,100,96"
161.669334,1777159105.036994,65383,,BSDC91,,cal_roto,5,100,"A,B,F,G","ok,ok,ok,ok","100,100,100,100"
161.68439,1777159105.05205,61979,,BS2DCE,,cal_roto,5,99,"A,C,G,E","ok,ok,ok,ok","100,100,96,100"
161.750377,1777159105.118037,3903,,BSF66F,,cal_static,4,100,"E,F,G,H","ok,ok,ok,ok","100,100,100,100"
161.83947,1777159105.20713,61980,,BS2DCE,,cal_roto,5,99,"A,C,G,E","ok,ok,ok,ok","100,100,96,100"
161.867454,1777159105.235114,65384,,BSDC91,,cal_roto,5,100,"B,A,F,G","ok,ok,ok,ok","100,100,100,100"
161.98405,1777159105.35171,3904,,BSF66F,,cal_static,4,96,"A,B,C,D","ok,ok,ok,ok","91,100,95,100"
162.042135,1777159105.409795,61981,,BS2DCE,,cal_roto,5,99,"A,C,E,G","ok,ok,ok,ok","100,100,100,96"
162.049689,1777159105.417349,65385,,BSDC91,,cal_roto,5,100,"A,B,F,G","ok,ok,ok,ok","100,100,100,100"
162.21457,1777159105.58223,3905,,BSF66F,,cal_static,4,100,"E,F,G,H","ok,ok,ok,ok","100,100,100,100"
162.223918,1777159105.591578,61982,,BS2DCE,,cal_roto,5,99,"A,C,E,G","ok,ok,ok,ok","100,100,100,96"
162.261265,1777159105.628925,65386,,BSDC91,,cal_roto,5,100,"A,B,F,G","ok,ok,ok,ok","100,100,100,100"
162.34194,1777159105.7096,3906,,BSF66F,,cal_static,4,96,"A,B,C,D","reject,ok,ok,ok","88,100,96,100"
162.424812,1777159105.792472,61983,,BS2DCE,,cal_roto,5,99,"C,A,E,G","ok,ok,ok,ok","100,100,100,96"
162.461935,1777159105.829595,65387,,BSDC91,,cal_roto,5,100,"A,B,F,G","ok,ok,ok,ok","100,100,100,100"
162.546173,1777159105.913833,3907,,BSF66F,,cal_static,4,100,"E,F,G,H","ok,ok,ok,ok","100,100,100,100"
162.602779,1777159105.970439,61984,,BS2DCE,,cal_roto,5,100,"C,A,E,G","ok,ok,ok,ok","100,100,100,100"
162.664651,1777159106.032311,65388,,BSDC91,,cal_roto,5,100,"A,B,F,G","ok,ok,ok,ok","100,100,100,100"
162.75457,1777159106.12223,3908,,BSF66F,,cal_static,4,96,"A,B,C,D","ok,ok,ok,ok","88,100,96,100"
162.816542,1777159106.184202,61985,,BS2DCE,,cal_roto,5,100,"A,C,E,G","ok,ok,ok,ok","100,100,100,100"
162.898876,1777159106.266536,65389,,BSDC91,,cal_roto,5,100,"A,B,G,F","ok,ok,ok,ok","100,100,100,100"
162.957058,1777159106.324718,3909,,BSF66F,,cal_static,4,100,"E,F,G,H","ok,ok,ok,ok","100,100,100,100"
163.017166,1777159106.384826,61986,,BS2DCE,,cal_roto,5,100,"A,C,E,G","ok,ok,ok,ok","100,100,100,100"
163.077735,1777159106.445395,65390,,BSDC91,,cal_roto,5,100,"A,B,F,G","ok,ok,ok,ok","100,100,100,100"
163.169032,1777159106.536692,3910,,BSF66F,,cal_static,4,96,"A,B,C,D","ok,ok,ok,ok","88,100,96,100"
163.250161,1777159106.617821,61987,,BS2DCE,,cal_roto,5,100,"A,C,G,E","ok,ok,ok,ok","100,100,100,100"
163.287048,1777159106.654708,65391,,BSDC91,,cal_roto,5,100,"A,B,F,G","ok,ok,ok,ok","100,100,100,100"
163.369741,1777159106.737401,3911,,BSF66F,,cal_static,4,100,"E,F,G,H","ok,ok,ok,ok","100,100,100,100"
163.431574,1777159106.799234,61988,,BS2DCE,,cal_roto,5,100,"A,C,G,E","ok,ok,ok,ok","100,100,100,100"
163.467419,1777159106.835079,65392,,BSDC91,,cal_roto,5,100,"B,A,F,G","ok,ok,ok,ok","100,100,100,100"
163.549564,1777159106.917224,3912,,BSF66F,,cal_static,4,95,"A,B,C,D","reject,ok,ok,ok","85,100,96,100"
163.639536,1777159107.007196,61989,,BS2DCE,,cal_roto,5,100,"A,C,E,G","ok,ok,ok,ok","100,100,100,100"
163.669574,1777159107.037234,65393,,BSDC91,,cal_roto,5,100,"A,B,F,G","ok,ok,ok,ok","100,100,100,100"
163.761474,1777159107.129134,3913,,BSF66F,,cal_static,4,100,"E,F,G,H","ok,ok,ok,ok","100,100,100,100"
163.819549,1777159107.187209,61990,,BS2DCE,,cal_roto,5,100,"A,C,E,G","ok,ok,ok,ok","100,100,100,100"
163.849693,1777159107.217353,65394,,BSDC91,,cal_roto,5,100,"A,B,F,G","ok,ok,ok,ok","100,100,100,100"
164.023973,1777159107.391633,61991,,BS2DCE,,cal_roto,5,100,"C,A,E,G","ok,ok,ok,ok","100,100,100,100"
164.034695,1777159107.402355,3914,,BSF66F,,cal_static,4,94,"A,B,C,D","reject,ok,ok,ok","82,100,96,100"
164.061401,1777159107.429061,65395,,BSDC91,,cal_roto,5,100,"A,B,F,G","ok,ok,ok,ok","100,100,100,100"
164.200139,1777159107.567799,61992,,BS2DCE,,cal_roto,5,100,"C,A,E,G","ok,ok,ok,ok","100,100,100,100"
164.215688,1777159107.583348,3915,,BSF66F,,cal_static,4,100,"E,F,G,H","ok,ok,ok,ok","100,100,100,100"
164.262038,1777159107.629698,65396,,BSDC91,,cal_roto,5,100,"A,B,F,G","ok,ok,ok,ok","100,100,100,100"
164.346686,1777159107.714346,3916,,BSF66F,,cal_static,4,94,"A,B,C,D","ok,ok,ok,ok","83,100,96,100"
164.404918,1777159107.772578,61993,,BS2DCE,,cal_roto,5,100,"A,C,E,G","ok,ok,ok,ok","100,100,100,100"
164.464606,1777159107.832266,65397,,BSDC91,,cal_roto,5,100,"A,B,G,F","ok,ok,ok,ok","100,100,100,100"
164.554488,1777159107.922148,3917,,BSF66F,,cal_static,4,100,"E,F,G,H","ok,ok,ok,ok","100,100,100,100"
164.616512,1777159107.984172,61994,,BS2DCE,,cal_roto,5,100,"A,C,E,G","ok,ok,ok,ok","100,100,100,100"
164.728789,1777159108.096449,65398,,BSDC91,,cal_roto,5,100,"A,B,F,G","ok,ok,ok,ok","100,100,100,100"
164.757153,1777159108.124813,3918,,BSF66F,,cal_static,4,94,"A,B,C,D","ok,ok,ok,ok","83,100,96,100"
164.817309,1777159108.184969,61995,,BS2DCE,,cal_roto,5,100,"A,C,G,E","ok,ok,ok,ok","100,100,100,100"
164.929689,1777159108.297349,65399,,BSDC91,,cal_roto,5,100,"A,B,F,G","ok,ok,ok,ok","100,100,100,100"
164.969844,1777159108.337504,3919,,BSF66F,,cal_static,4,100,"E,F,G,H","ok,ok,ok,ok","100,100,100,100"
165.049761,1777159108.417421,61996,,BS2DCE,,cal_roto,5,100,"A,C,G,E","ok,ok,ok,ok","100,100,100,100"
165.085048,1777159108.452708,65400,,BSDC91,,cal_roto,5,100,"B,A,F,G","ok,ok,ok,ok","100,100,100,100"
165.16973,1777159108.53739,3920,,BSF66F,,cal_static,4,95,"A,B,C,D","ok,ok,ok,ok","84,100,96,100"
165.231733,1777159108.599393,61997,,BS2DCE,,cal_roto,5,100,"A,C,E,G","ok,ok,ok,ok","100,100,100,100"
165.268824,1777159108.636484,65401,,BSDC91,,cal_roto,5,100,"A,B,F,G","ok,ok,ok,ok","100,100,100,100"
165.349958,1777159108.717618,3921,,BSF66F,,cal_static,4,100,"E,F,G,H","ok,ok,ok,ok","100,100,100,100"
165.440074,1777159108.807734,61998,,BS2DCE,,cal_roto,5,100,"A,C,E,G","ok,ok,ok,ok","100,100,100,100"
165.469562,1777159108.837222,65402,,BSDC91,,cal_roto,5,100,"A,B,F,G","ok,ok,ok,ok","100,100,100,100"
165.607555,1777159108.975215,3922,,BSF66F,,cal_static,4,97,"A,B,C,D","ok,ok,ok,ok","88,100,100,100"
165.620174,1777159108.987834,61999,,BS2DCE,,cal_roto,5,100,"C,A,E,G","ok,ok,ok,ok","100,100,100,100"
165.650107,1777159109.017767,65403,,BSDC91,,cal_roto,5,100,"A,B,F,G","ok,ok,ok,ok","100,100,100,100"
165.81479,1777159109.18245,3923,,BSF66F,,cal_static,4,100,"E,F,G,H","ok,ok,ok,ok","100,100,100,100"
165.844191,1777159109.211851,62000,,BS2DCE,,cal_roto,5,100,"C,A,E,G","ok,ok,ok,ok","100,100,100,100"
165.861404,1777159109.229064,65404,,BSDC91,,cal_roto,5,100,"A,B,F,G","ok,ok,ok,ok","100,100,100,100"
165.942102,1777159109.309762,3924,,BSF66F,,cal_static,4,97,"A,B,C,D","ok,ok,ok,ok","88,100,100,100"
166.002534,1777159109.370194,62001,,BS2DCE,,cal_roto,5,100,"A,C,E,G","ok,ok,ok,ok","100,100,100,100"
166.062091,1777159109.429751,65405,,BSDC91,,cal_roto,5,100,"A,B,G,F","ok,ok,ok,ok","100,100,100,100"
166.146318,1777159109.513978,3925,,BSF66F,,cal_static,4,100,"E,F,G,H","ok,ok,ok,ok","100,100,100,100"
166.204837,1777159109.572497,62002,,BS2DCE,,cal_roto,5,100,"A,C,E,G","ok,ok,ok,ok","100,100,100,100"
166.264605,1777159109.632265,65406,,BSDC91,,cal_roto,5,100,"A,B,F,G","ok,ok,ok,ok","100,100,100,100"
166.375839,1777159109.743499,3926,,BSF66F,,cal_static,4,95,"A,B,C,D","ok,ok,ok,timeout","89,100,100,94"
166.499129,1777159109.866789,65407,,BSDC91,,cal_roto,5,100,"A,B,F,G","ok,ok,ok,ok","100,100,100,100"
166.519128,1777159109.886788,62003,,BS2DCE,,cal_roto,5,100,"A,C,G,E","ok,ok,ok,ok","100,100,100,100"
166.557149,1777159109.924809,3927,,BSF66F,,cal_static,4,100,"E,F,G,H","ok,ok,ok,ok","100,100,100,100"
166.594633,1777159109.962293,62004,,BS2DCE,,cal_roto,5,98,"A,C,G,E","ok,ok,timeout,ok","100,100,95,100"
166.675154,1777159110.042814,65408,,BSDC91,,cal_roto,5,100,"B,A,F,G","ok,ok,ok,ok","100,100,100,100"
166.699558,1777159110.067218,62005,,BS2DCE,,cal_roto,5,98,"A,C,E,G","ok,ok,ok,ok","100,100,100,95"
166.790114,1777159110.157774,3928,,BSF66F,,cal_static,4,96,"A,B,C,D","ok,ok,ok,ok","90,100,100,95"
166.88135,1777159110.24901,62006,,BS2DCE,,cal_roto,5,98,"A,C,E,G","ok,ok,ok,ok","100,100,100,95"
166.887073,1777159110.254733,65409,,BSDC91,,cal_roto,5,100,"A,B,F,G","ok,ok,ok,ok","100,100,100,100"
166.969734,1777159110.337394,3929,,BSF66F,,cal_static,4,100,"E,F,G,H","ok,ok,ok,ok","100,100,100,100"
167.030122,1777159110.397782,62007,,BS2DCE,,cal_roto,5,98,"C,A,E,G","ok,ok,ok,ok","100,100,100,95"
167.091668,1777159110.459328,65410,,BSDC91,,cal_roto,5,100,"A,B,F,G","ok,ok,ok,ok","100,100,100,100"
167.149771,1777159110.517431,3930,,BSF66F,,cal_static,4,96,"A,B,C,D","ok,ok,ok,ok","90,100,100,95"
167.238289,1777159110.605949,62008,,BS2DCE,,cal_roto,5,99,"C,A,E,G","ok,ok,ok,ok","100,100,100,96"
167.269711,1777159110.637371,65411,,BSDC91,,cal_roto,5,100,"A,B,F,G","ok,ok,ok,ok","100,100,100,100"
167.361571,1777159110.729231,3931,,BSF66F,,cal_static,4,100,"E,F,G,H","ok,ok,ok,ok","100,100,100,100"
167.443027,1777159110.810687,62009,,BS2DCE,,cal_roto,5,99,"A,C,E,G","ok,ok,ok,ok","100,100,100,96"
167.449765,1777159110.817425,65412,,BSDC91,,cal_roto,5,100,"A,B,F,G","ok,ok,ok,ok","100,100,100,100"
167.583704,1777159110.951364,3932,,BSF66F,,cal_static,4,95,"A,B,C,D","reject,ok,ok,ok","86,100,100,95"
167.623008,1777159110.990668,62010,,BS2DCE,,cal_roto,5,99,"A,C,E,G","ok,ok,ok,ok","100,100,100,96"
167.681167,1777159111.048827,65413,,BSDC91,,cal_roto,5,100,"A,B,G,F","ok,ok,ok,ok","100,100,100,100"
167.794678,1777159111.162338,3933,,BSF66F,,cal_static,4,100,"E,F,G,H","ok,ok,ok,ok","100,100,100,100"
167.802175,1777159111.169835,62011,,BS2DCE,,cal_roto,5,99,"A,C,G,E","ok,ok,ok,ok","100,100,96,100"
167.862155,1777159111.229815,65414,,BSDC91,,cal_roto,5,100,"A,B,F,G","ok,ok,ok,ok","100,100,100,100"
167.999675,1777159111.367335,3934,,BSF66F,,cal_static,4,95,"A,B,C,D","ok,ok,ok,ok","86,100,100,95"
168.035806,1777159111.403466,62012,,BS2DCE,,cal_roto,5,99,"A,C,G,E","ok,ok,ok,ok","100,100,96,100"
168.064979,1777159111.432639,65415,,BSDC91,,cal_roto,5,100,"A,B,F,G","ok,ok,ok,ok","100,100,100,100"
168.154746,1777159111.522406,3935,,BSF66F,,cal_static,4,100,"E,F,G,H","ok,ok,ok,ok","100,100,100,100"
168.237399,1777159111.605059,62013,,BS2DCE,,cal_roto,5,99,"A,C,E,G","ok,ok,ok,ok","100,100,100,96"
168.297483,1777159111.665143,65416,,BSDC91,,cal_roto,5,100,"B,A,F,G","ok,ok,ok,ok","100,100,100,100"
168.357165,1777159111.724825,3936,,BSF66F,,cal_static,4,95,"A,B,C,D","ok,ok,ok,ok","87,100,100,95"
168.417382,1777159111.785042,62014,,BS2DCE,,cal_roto,5,99,"A,C,E,G","ok,ok,ok,ok","100,100,100,96"
168.477536,1777159111.845196,65417,,BSDC91,,cal_roto,5,100,"A,B,F,G","ok,ok,ok,ok","100,100,100,100"
168.568879,1777159111.936539,3937,,BSF66F,,cal_static,4,100,"E,F,G,H","ok,ok,ok,ok","100,100,100,100"
168.65205,1777159112.01971,62015,,BS2DCE,,cal_roto,5,99,"C,A,E,G","ok,ok,ok,ok","100,100,100,96"
168.68782,1777159112.05548,65418,,BSDC91,,cal_roto,5,100,"A,B,F,G","ok,ok,ok,ok","100,100,100,100"
168.800085,1777159112.167745,3938,,BSF66F,,cal_static,4,96,"A,B,C,D","ok,ok,ok,ok","88,100,100,96"
168.828212,1777159112.195872,62016,,BS2DCE,,cal_roto,5,100,"C,A,E,G","ok,ok,ok,ok","100,100,100,100"
168.869254,1777159112.236914,65419,,BSDC91,,cal_roto,5,100,"A,B,F,G","ok,ok,ok,ok","100,100,100,100"
168.949663,1777159112.317323,3939,,BSF66F,,cal_static,4,100,"E,F,G,H","ok,ok,ok,ok","100,100,100,100"
169.040021,1777159112.407681,62017,,BS2DCE,,cal_roto,5,100,"A,C,E,G","ok,ok,ok,ok","100,100,100,100"
169.069752,1777159112.437412,65420,,BSDC91,,cal_roto,5,100,"A,B,F,G","ok,ok,ok,ok","100,100,100,100"
169.161695,1777159112.529355,3940,,BSF66F,,cal_static,4,96,"A,B,C,D","ok,ok,ok,ok","88,100,100,96"
169.221649,1777159112.589309,62018,,BS2DCE,,cal_roto,5,100,"A,C,E,G","ok,ok,ok,ok","100,100,100,100"
169.249704,1777159112.617364,65421,,BSDC91,,cal_roto,5,100,"A,B,G,F","ok,ok,ok,ok","100,100,100,100"
169.384713,1777159112.752373,3941,,BSF66F,,cal_static,4,100,"E,F,G,H","ok,ok,ok,ok","100,100,100,100"
169.422209,1777159112.789869,62019,,BS2DCE,,cal_roto,5,100,"A,C,G,E","ok,ok,ok,ok","100,100,100,100"
169.461426,1777159112.829086,65422,,BSDC91,,cal_roto,5,100,"A,B,F,G","ok,ok,ok,ok","100,100,100,100"
169.542068,1777159112.909728,3942,,BSF66F,,cal_static,4,95,"A,B,C,D","reject,ok,ok,ok","85,100,100,96"
169.624103,1777159112.991763,62020,,BS2DCE,,cal_roto,5,100,"A,C,G,E","ok,ok,ok,ok","100,100,100,100"
169.662185,1777159113.029845,65423,,BSDC91,,cal_roto,5,100,"A,B,F,G","ok,ok,ok,ok","100,100,100,100"
169.776452,1777159113.144112,3943,,BSF66F,,cal_static,4,100,"E,F,G,H","ok,ok,ok,ok","100,100,100,100"
169.806675,1777159113.174335,62021,,BS2DCE,,cal_roto,5,100,"A,C,E,G","ok,ok,ok,ok","100,100,100,100"
169.862855,1777159113.230515,65424,,BSDC91,,cal_roto,5,100,"B,A,F,G","ok,ok,ok,ok","100,100,100,100"
170.005621,1777159113.373281,3944,,BSF66F,,cal_static,4,95,"A,B,C,D","ok,ok,ok,ok","85,100,100,96"
170.014846,1777159113.382506,62022,,BS2DCE,,cal_roto,5,100,"A,C,E,G","ok,ok,ok,ok","100,100,100,100"
170.099237,1777159113.466897,65425,,BSDC91,,cal_roto,5,100,"A,B,F,G","ok,ok,ok,ok","100,100,100,100"
170.157627,1777159113.525287,3945,,BSF66F,,cal_static,4,100,"E,F,G,H","ok,ok,ok,ok","100,100,100,100"
170.217489,1777159113.585149,62023,,BS2DCE,,cal_roto,5,100,"C,A,E,G","ok,ok,ok,ok","100,100,100,100"
170.254695,1777159113.622355,65426,,BSDC91,,cal_roto,5,100,"A,B,F,G","ok,ok,ok,ok","100,100,100,100"
170.368963,1777159113.736623,3946,,BSF66F,,cal_static,4,95,"A,B,C,D","ok,ok,ok,ok","86,100,100,96"
170.449897,1777159113.817557,62024,,BS2DCE,,cal_roto,5,100,"C,A,E,G","ok,ok,ok,ok","100,100,100,100"
170.487212,1777159113.854872,65427,,BSDC91,,cal_roto,5,100,"A,B,F,G","ok,ok,ok,ok","100,100,100,100"
170.569699,1777159113.937359,3947,,BSF66F,,cal_static,4,100,"E,F,G,H","ok,ok,ok,ok","100,100,100,100"
170.629798,1777159113.997458,62025,,BS2DCE,,cal_roto,5,100,"A,C,E,G","ok,ok,ok,ok","100,100,100,100"
170.668999,1777159114.036659,65428,,BSDC91,,cal_roto,5,100,"A,B,F,G","ok,ok,ok,ok","100,100,100,100"
170.749721,1777159114.117381,3948,,BSF66F,,cal_static,4,95,"A,B,C,D","ok,ok,ok,ok","86,100,100,96"
170.839677,1777159114.207337,62026,,BS2DCE,,cal_roto,5,100,"A,C,E,G","ok,ok,ok,ok","100,100,100,100"
170.870204,1777159114.237864,65429,,BSDC91,,cal_roto,5,100,"A,B,G,F","ok,ok,ok,ok","100,100,100,100"
170.96148,1777159114.32914,3949,,BSF66F,,cal_static,4,100,"E,F,G,H","ok,ok,ok,ok","100,100,100,100"
171.021502,1777159114.389162,62027,,BS2DCE,,cal_roto,5,100,"A,C,G,E","ok,ok,ok,ok","100,100,100,100"
171.050003,1777159114.417663,65430,,BSDC91,,cal_roto,5,100,"A,B,F,G","ok,ok,ok,ok","100,100,100,100"
171.18512,1777159114.55278,3950,,BSF66F,,cal_static,4,95,"A,B,C,D","ok,ok,ok,ok","87,100,100,96"
171.2224,1777159114.59006,62028,,BS2DCE,,cal_roto,5,100,"A,C,G,E","ok,ok,ok,ok","100,100,100,100"
171.261633,1777159114.629293,65431,,BSDC91,,cal_roto,5,100,"A,B,F,G","ok,ok,ok,ok","100,100,100,100"
171.365108,1777159114.732768,3951,,BSF66F,,cal_static,4,100,"E,F,G,H","ok,ok,ok,ok","100,100,100,100"
171.402645,1777159114.770305,62029,,BS2DCE,,cal_roto,5,100,"A,C,E,G","ok,ok,ok,ok","100,100,100,100"
171.460249,1777159114.827909,65432,,BSDC91,,cal_roto,5,100,"B,A,F,G","ok,ok,ok,ok","100,100,100,100"
171.546406,1777159114.914066,3952,,BSF66F,,cal_static,4,94,"A,B,C,D","ok,ok,timeout,ok","87,100,96,96"
171.584341,1777159114.952001,62030,,BS2DCE,,cal_roto,5,99,"A,C,E,G","ok,ok,ok,timeout","100,100,100,96"
171.664844,1777159115.032504,65433,,BSDC91,,cal_roto,5,100,"A,B,F,G","ok,ok,ok,ok","100,100,100,100"
171.709779,1777159115.077439,62031,,BS2DCE,,cal_roto,5,99,"C,A,E,G","ok,ok,ok,ok","100,100,100,96"
171.756952,1777159115.124612,3953,,BSF66F,,cal_static,4,100,"E,F,G,H","ok,ok,ok,ok","100,100,100,100"
171.812899,1777159115.180559,62032,,BS2DCE,,cal_roto,5,100,"C,A,E,G","ok,ok,ok,ok","100,100,100,100"
171.899648,1777159115.267308,65434,,BSDC91,,cal_roto,5,100,"A,B,F,G","ok,ok,ok,ok","100,100,100,100"
172.009777,1777159115.377437,3954,,BSF66F,,cal_static,4,97,"A,B,C,D","ok,ok,ok,ok","88,100,100,100"
172.019659,1777159115.387319,62033,,BS2DCE,,cal_roto,5,100,"A,C,E,G","ok,ok,ok,ok","100,100,100,100"
172.054718,1777159115.422378,65435,,BSDC91,,cal_roto,5,100,"A,B,F,G","ok,ok,ok,ok","100,100,100,100"
172.19072,1777159115.55838,3955,,BSF66F,,cal_static,4,100,"E,F,G,H","ok,ok,ok,ok","100,100,100,100"
172.249769,1777159115.617429,62034,,BS2DCE,,cal_roto,5,100,"A,C,E,G","ok,ok,ok,ok","100,100,100,100"
172.287226,1777159115.654886,65436,,BSDC91,,cal_roto,5,100,"A,B,F,G","ok,ok,ok,ok","100,100,100,100"
172.34747,1777159115.71513,3956,,BSF66F,,cal_static,4,97,"A,B,C,D","ok,ok,ok,ok","88,100,100,100"
172.429992,1777159115.797652,62035,,BS2DCE,,cal_roto,5,100,"A,C,G,E","ok,ok,ok,ok","100,100,100,100"
172.488874,1777159115.856534,65437,,BSDC91,,cal_roto,5,100,"A,B,G,F","ok,ok,ok,ok","100,100,100,100"
172.549877,1777159115.917537,3957,,BSF66F,,cal_static,4,100,"E,F,G,H","ok,ok,ok,ok","100,100,100,100"
172.64163,1777159116.00929,62036,,BS2DCE,,cal_roto,5,100,"A,C,G,E","ok,ok,ok,ok","100,100,100,100"
172.669957,1777159116.037617,65438,,BSDC91,,cal_roto,5,100,"A,B,F,G","ok,ok,ok,ok","100,100,100,100"
172.73158,1777159116.09924,3958,,BSF66F,,cal_static,4,96,"A,B,C,D","reject,ok,ok,ok","84,100,100,100"
172.819823,1777159116.187483,62037,,BS2DCE,,cal_roto,5,100,"A,C,E,G","ok,ok,ok,ok","100,100,100,100"
172.849993,1777159116.217653,65439,,BSDC91,,cal_roto,5,100,"A,B,F,G","ok,ok,ok,ok","100,100,100,100"
172.98516,1777159116.35282,3959,,BSF66F,,cal_static,4,100,"E,F,G,H","ok,ok,ok,ok","100,100,100,100"
173.045356,1777159116.413016,62038,,BS2DCE,,cal_roto,5,100,"A,C,E,G","ok,ok,ok,ok","100,100,100,100"
173.05991,1777159116.42757,65440,,BSDC91,,cal_roto,5,100,"B,A,F,G","ok,ok,ok,ok","100,100,100,100"
173.165012,1777159116.532672,3960,,BSF66F,,cal_static,4,96,"A,B,C,D","ok,ok,ok,ok","85,100,100,100"
173.204203,1777159116.571863,62039,,BS2DCE,,cal_roto,5,100,"C,A,E,G","ok,ok,ok,ok","100,100,100,100"
173.262242,1777159116.629902,65441,,BSDC91,,cal_roto,5,100,"A,B,F,G","ok,ok,ok,ok","100,100,100,100"
173.347068,1777159116.714728,3961,,BSF66F,,cal_static,4,100,"E,F,G,H","ok,ok,ok,ok","100,100,100,100"
173.403018,1777159116.770678,62040,,BS2DCE,,cal_roto,5,100,"C,A,E,G","ok,ok,ok,ok","100,100,100,100"
173.464873,1777159116.832533,65442,,BSDC91,,cal_roto,5,100,"A,B,F,G","ok,ok,ok,ok","100,100,100,100"
173.607606,1777159116.975266,3962,,BSF66F,,cal_static,4,96,"A,B,C,D","ok,ok,ok,ok","85,100,100,100"
173.637439,1777159117.005099,62041,,BS2DCE,,cal_roto,5,100,"A,C,E,G","ok,ok,ok,ok","100,100,100,100"
173.699118,1777159117.066778,65443,,BSDC91,,cal_roto,5,100,"A,B,F,G","ok,ok,ok,ok","100,100,100,100"
173.787289,1777159117.154949,3963,,BSF66F,,cal_static,4,100,"E,F,G,H","ok,ok,ok,ok","100,100,100,100"
173.81915,1777159117.18681,62042,,BS2DCE,,cal_roto,5,100,"A,C,E,G","ok,ok,ok,ok","100,100,100,100"
173.877713,1777159117.245373,65444,,BSDC91,,cal_roto,5,100,"A,B,F,G","ok,ok,ok,ok","100,100,100,100"
173.991605,1777159117.359265,3964,,BSF66F,,cal_static,4,96,"A,B,C,D","ok,ok,ok,ok","86,100,100,100"
174.05218,1777159117.41984,62043,,BS2DCE,,cal_roto,5,100,"A,C,G,E","ok,ok,ok,ok","100,100,100,100"
174.087238,1777159117.454898,65445,,BSDC91,,cal_roto,5,100,"A,B,G,F","ok,ok,ok,ok","100,100,100,100"
174.169961,1777159117.537621,3965,,BSF66F,,cal_static,4,100,"E,F,G,H","ok,ok,ok,ok","100,100,100,100"
174.229983,1777159117.597643,62044,,BS2DCE,,cal_roto,5,100,"A,C,G,E","ok,ok,ok,ok","100,100,100,100"
174.269238,1777159117.636898,65446,,BSDC91,,cal_roto,5,100,"A,B,F,G","ok,ok,ok,ok","100,100,100,100"
174.425609,1777159117.793269,3966,,BSF66F,,cal_static,4,95,"A,B,C,D","reject,ok,ok,ok","82,100,100,100"
174.464417,1777159117.832077,62045,,BS2DCE,,cal_roto,5,100,"A,C,E,G","ok,ok,ok,ok","100,100,100,100"
174.470084,1777159117.837744,65447,,BSDC91,,cal_roto,5,100,"A,B,F,G","ok,ok,ok,ok","100,100,100,100"
174.561564,1777159117.929224,3967,,BSF66F,,cal_static,4,100,"E,F,G,H","ok,ok,ok,ok","100,100,100,100"
174.619968,1777159117.987628,62046,,BS2DCE,,cal_roto,5,100,"A,C,E,G","ok,ok,ok,ok","100,100,100,100"
174.699248,1777159118.066908,65448,,BSDC91,,cal_roto,5,100,"B,A,F,G","ok,ok,ok,ok","100,100,100,100"
174.81327,1777159118.18093,3968,,BSF66F,,cal_static,4,95,"A,B,C,D","ok,ok,ok,ok","83,100,100,100"
174.842992,1777159118.210652,62047,,BS2DCE,,cal_roto,5,100,"C,A,E,G","ok,ok,ok,ok","100,100,100,100"
174.86229,1777159118.22995,65449,,BSDC91,,cal_roto,5,100,"A,B,F,G","ok,ok,ok,ok","100,100,100,100"
174.964832,1777159118.332492,3969,,BSF66F,,cal_static,4,100,"E,F,G,H","ok,ok,ok,ok","100,100,100,100"
175.00261,1777159118.37027,62048,,BS2DCE,,cal_roto,5,100,"C,A,E,G","ok,ok,ok,ok","100,100,100,100"
175.062482,1777159118.430142,65450,,BSDC91,,cal_roto,5,100,"A,B,F,G","ok,ok,ok,ok","100,100,100,100"
175.146864,1777159118.514524,3970,,BSF66F,,cal_static,4,96,"A,B,C,D","ok,ok,ok,ok","84,100,100,100"
175.205071,1777159118.572731,62049,,BS2DCE,,cal_roto,5,100,"A,C,E,G","ok,ok,ok,ok","100,100,100,100"
175.264913,1777159118.632573,65451,,BSDC91,,cal_roto,5,100,"A,B,F,G","ok,ok,ok,ok","100,100,100,100"
175.377664,1777159118.745324,3971,,BSF66F,,cal_static,4,100,"E,F,G,H","ok,ok,ok,ok","100,100,100,100"
175.414927,1777159118.782587,62050,,BS2DCE,,cal_roto,5,100,"A,C,E,G","ok,ok,ok,ok","100,100,100,100"
175.526516,1777159118.894176,65452,,BSDC91,,cal_roto,5,100,"A,B,F,G","ok,ok,ok,ok","100,100,100,100"
175.587276,1777159118.954936,3972,,BSF66F,,cal_static,4,96,"A,B,C,D","ok,ok,ok,ok","84,100,100,100"
175.619387,1777159118.987047,62051,,BS2DCE,,cal_roto,5,100,"A,C,G,E","ok,ok,ok,ok","100,100,100,100"
175.654814,1777159119.022474,65453,,BSDC91,,cal_roto,5,100,"A,B,G,F","ok,ok,ok,ok","100,100,100,100"
175.769212,1777159119.136872,3973,,BSF66F,,cal_static,4,100,"E,F,G,H","ok,ok,ok,ok","100,100,100,100"
175.849958,1777159119.217618,62052,,BS2DCE,,cal_roto,5,100,"A,C,G,E","ok,ok,ok,ok","100,100,100,100"
175.887359,1777159119.255019,65454,,BSDC91,,cal_roto,5,100,"A,B,F,G","ok,ok,ok,ok","100,100,100,100"
175.947654,1777159119.315314,3974,,BSF66F,,cal_static,4,95,"A,B,C,D","reject,ok,ok,ok","81,100,100,100"
176.030111,1777159119.397771,62053,,BS2DCE,,cal_roto,5,100,"A,C,E,G","ok,ok,ok,ok","100,100,100,100"
176.091453,1777159119.459113,65455,,BSDC91,,cal_roto,5,100,"A,B,F,G","ok,ok,ok,ok","100,100,100,100"
176.15,1777159119.51766,3975,,BSF66F,,cal_static,4,100,"E,F,G,H","ok,ok,ok,ok","100,100,100,100"
176.263093,1777159119.630753,62054,,BS2DCE,,cal_roto,5,100,"A,C,E,G","ok,ok,ok,ok","100,100,100,100"
176.296831,1777159119.664491,65456,,BSDC91,,cal_roto,5,100,"B,A,F,G","ok,ok,ok,ok","100,100,100,100"
176.419964,1777159119.787624,62055,,BS2DCE,,cal_roto,5,100,"C,A,E,G","ok,ok,ok,ok","100,100,100,100"
176.432683,1777159119.800343,3976,,BSF66F,,cal_static,4,93,"A,B,C,D","reject,ok,ok,timeout","78,100,100,96"
176.450039,1777159119.817699,65457,,BSDC91,,cal_roto,5,100,"A,B,F,G","ok,ok,ok,ok","100,100,100,100"
176.584866,1777159119.952526,3977,,BSF66F,,cal_static,4,100,"E,F,G,H","ok,ok,ok,ok","100,100,100,100"
176.599932,1777159119.967592,62056,,BS2DCE,,cal_roto,5,99,"C,A,E,G","ok,ok,ok,timeout","100,100,100,96"
176.684207,1777159120.051867,65458,,BSDC91,,cal_roto,5,100,"A,B,F,G","ok,ok,ok,ok","100,100,100,100"
176.699533,1777159120.067193,62057,,BS2DCE,,cal_roto,5,99,"A,C,E,G","ok,ok,ok,ok","100,100,100,96"
176.802317,1777159120.169977,62058,,BS2DCE,,cal_roto,5,99,"A,C,E,G","ok,ok,ok,ok","100,100,100,96"
176.817947,1777159120.185607,3978,,BSF66F,,cal_static,4,93,"A,B,C,D","ok,ok,ok,ok","79,100,100,96"
176.862418,1777159120.230078,65459,,BSDC91,,cal_roto,5,100,"A,B,F,G","ok,ok,ok,ok","100,100,100,100"
176.94713,1777159120.31479,3979,,BSF66F,,cal_static,4,100,"E,F,G,H","ok,ok,ok,ok","100,100,100,100"
177.004995,1777159120.372655,62059,,BS2DCE,,cal_roto,5,99,"A,C,G,E","ok,ok,ok,ok","100,100,96,100"
177.064987,1777159120.432647,65460,,BSDC91,,cal_roto,5,100,"A,B,F,G","ok,ok,ok,ok","100,100,100,100"
177.216897,1777159120.584557,62060,,BS2DCE,,cal_roto,5,99,"A,C,G,E","ok,ok,ok,ok","100,100,96,100"
177.230162,1777159120.597822,3980,,BSF66F,,cal_static,4,94,"A,B,C,D","ok,ok,ok,ok","80,100,100,96"
177.299353,1777159120.667013,65461,,BSDC91,,cal_roto,5,100,"A,B,G,F","ok,ok,ok,ok","100,100,100,100"
177.357749,1777159120.725409,3981,,BSF66F,,cal_static,4,100,"E,F,G,H","ok,ok,ok,ok","100,100,100,100"
177.417611,1777159120.785271,62061,,BS2DCE,,cal_roto,5,99,"A,C,E,G","ok,ok,ok,ok","100,100,100,96"
177.477668,1777159120.845328,65462,,BSDC91,,cal_roto,5,100,"A,B,F,G","ok,ok,ok,ok","100,100,100,100"
177.569108,1777159120.936768,3982,,BSF66F,,cal_static,4,94,"A,B,C,D","ok,ok,ok,ok","80,100,100,96"
177.678866,1777159121.046526,62062,,BS2DCE,,cal_roto,5,99,"A,C,E,G","ok,ok,ok,ok","100,100,100,96"
177.687461,1777159121.055121,65463,,BSDC91,,cal_roto,5,100,"A,B,F,G","ok,ok,ok,ok","100,100,100,100"
177.770062,1777159121.137722,3983,,BSF66F,,cal_static,4,100,"E,F,G,H","ok,ok,ok,ok","100,100,100,100"
177.809223,1777159121.176883,62063,,BS2DCE,,cal_roto,5,99,"C,A,E,G","ok,ok,ok,ok","100,100,100,96"
177.870036,1777159121.237696,65464,,BSDC91,,cal_roto,5,100,"B,A,F,G","ok,ok,ok,ok","100,100,100,100"
177.950196,1777159121.317856,3984,,BSF66F,,cal_static,4,93,"A,B,C,D","reject,ok,ok,ok","78,100,100,96"
178.060368,1777159121.428028,62064,,BS2DCE,,cal_roto,5,100,"C,A,E,G","ok,ok,ok,ok","100,100,100,100"
178.070195,1777159121.437855,65465,,BSDC91,,cal_roto,5,100,"A,B,F,G","ok,ok,ok,ok","100,100,100,100"
178.161862,1777159121.529522,3985,,BSF66F,,cal_static,4,100,"E,F,G,H","ok,ok,ok,ok","100,100,100,100"
178.220071,1777159121.587731,62065,,BS2DCE,,cal_roto,5,100,"A,C,E,G","ok,ok,ok,ok","100,100,100,100"
178.280552,1777159121.648212,65466,,BSDC91,,cal_roto,5,100,"A,B,F,G","ok,ok,ok,ok","100,100,100,100"
178.385128,1777159121.752788,3986,,BSF66F,,cal_static,4,95,"A,B,C,D","ok,ok,ok,ok","82,100,100,100"
178.461775,1777159121.829435,65467,,BSDC91,,cal_roto,5,100,"A,B,F,G","ok,ok,ok,ok","100,100,100,100"
178.542507,1777159121.910167,3987,,BSF66F,,cal_static,4,100,"E,F,G,H","ok,ok,ok,ok","100,100,100,100"
178.547112,1777159121.914772,62066,,BS2DCE,,cal_roto,5,100,"A,C,E,G","ok,ok,ok,ok","100,100,100,100"
178.602515,1777159121.970175,62067,,BS2DCE,,cal_roto,5,100,"A,C,G,E","ok,ok,ok,ok","100,100,100,100"
178.66291,1777159122.03057,65468,,BSDC91,,cal_roto,5,100,"A,B,F,G","ok,ok,ok,ok","100,100,100,100"
178.747088,1777159122.114748,3988,,BSF66F,,cal_static,4,94,"A,B,C,D","reject,ok,ok,ok","77,100,100,100"
178.835031,1777159122.202691,62068,,BS2DCE,,cal_roto,5,100,"A,C,G,E","ok,ok,ok,ok","100,100,100,100"
178.865601,1777159122.233261,65469,,BSDC91,,cal_roto,5,100,"A,B,G,F","ok,ok,ok,ok","100,100,100,100"
178.954986,1777159122.322646,3989,,BSF66F,,cal_static,4,100,"E,F,G,H","ok,ok,ok,ok","100,100,100,100"
179.119082,1777159122.486742,62069,,BS2DCE,,cal_roto,5,100,"A,C,E,G","ok,ok,ok,ok","100,100,100,100"
179.129298,1777159122.496958,65470,,BSDC91,,cal_roto,5,100,"A,B,F,G","ok,ok,ok,ok","100,100,100,100"
179.157671,1777159122.525331,3990,,BSF66F,,cal_static,4,93,"A,B,C,D","reject,ok,ok,ok","73,100,100,100"
179.217743,1777159122.585403,62070,,BS2DCE,,cal_roto,5,100,"A,C,E,G","ok,ok,ok,ok","100,100,100,100"
179.277847,1777159122.645507,65471,,BSDC91,,cal_roto,5,100,"A,B,F,G","ok,ok,ok,ok","100,100,100,100"
179.369656,1777159122.737316,3991,,BSF66F,,cal_static,4,100,"E,F,G,H","ok,ok,ok,ok","100,100,100,100"
179.452817,1777159122.820477,62071,,BS2DCE,,cal_roto,5,100,"C,A,E,G","ok,ok,ok,ok","100,100,100,100"
179.485885,1777159122.853545,65472,,BSDC91,,cal_roto,5,100,"B,A,F,G","ok,ok,ok,ok","100,100,100,100"
179.623485,1777159122.991145,3992,,BSF66F,,cal_static,4,93,"A,B,C,D","ok,ok,ok,ok","75,100,100,100"
179.630177,1777159122.997837,62072,,BS2DCE,,cal_roto,5,100,"C,A,E,G","ok,ok,ok,ok","100,100,100,100"
179.669433,1777159123.037093,65473,,BSDC91,,cal_roto,5,100,"A,B,F,G","ok,ok,ok,ok","100,100,100,100"
179.750439,1777159123.118099,3993,,BSF66F,,cal_static,4,100,"E,F,G,H","ok,ok,ok,ok","100,100,100,100"
179.841907,1777159123.209567,62073,,BS2DCE,,cal_roto,5,100,"A,C,E,G","ok,ok,ok,ok","100,100,100,100"
179.870142,1777159123.237802,65474,,BSDC91,,cal_roto,5,100,"A,B,F,G","ok,ok,ok,ok","100,100,100,100"
