host_elapsed_s,host_epoch_s,sweep,conn_id,peer_name,tag_id,plan,pmode,anchor_label,status,reason,raw_mm,filt_mm,pred_mm,resid_mm,tracker_quality_percent,solve_quality_percent
0.00207,1777158943.36973,3094,,BSF66F,,cal_static,4,A,ok,ok,3119,3119,0,0,100,100
0.002122,1777158943.369782,3094,,BSF66F,,cal_static,4,B,ok,ok,2696,2696,0,0,100,100
0.026857,1777158943.394517,3094,,BSF66F,,cal_static,4,C,ok,ok,2434,2434,0,0,100,100
0.029443,1777158943.397103,3094,,BSF66F,,cal_static,4,D,ok,ok,3126,3126,0,0,100,100
0.157497,1777158943.525157,3095,,BSF66F,,cal_static,4,E,ok,ok,3251,3251,0,0,100,100
0.157574,1777158943.525234,3095,,BSF66F,,cal_static,4,F,ok,ok,2441,2441,0,0,100,100
0.159208,1777158943.526868,3095,,BSF66F,,cal_static,4,G,ok,ok,2506,2506,0,0,100,100
0.176917,1777158943.544577,3095,,BSF66F,,cal_static,4,H,ok,ok,3168,3168,0,0,100,100
0.387064,1777158943.754724,3096,,BSF66F,,cal_static,4,A,ok,ok,3275,3275,0,0,100,100
0.389462,1777158943.757122,3096,,BSF66F,,cal_static,4,B,ok,ok,2717,2717,0,0,100,100
0.389666,1777158943.757326,3096,,BSF66F,,cal_static,4,C,ok,ok,2391,2391,0,0,100,100
0.392071,1777158943.759731,3096,,BSF66F,,cal_static,4,D,ok,ok,3147,3147,0,0,100,100
0.571383,1777158943.939043,3097,,BSF66F,,cal_static,4,E,ok,ok,3212,3212,0,0,100,100
0.572768,1777158943.940428,3097,,BSF66F,,cal_static,4,F,ok,ok,2451,2451,0,0,100,100
0.589509,1777158943.957169,3097,,BSF66F,,cal_static,4,G,ok,ok,2507,2507,0,0,100,100
0.591977,1777158943.959637,3097,,BSF66F,,cal_static,4,H,ok,ok,3148,3148,0,0,100,100
0.750092,1777158944.117752,3098,,BSF66F,,cal_static,4,A,ok,ok,3700,3700,0,0,100,100
0.75014,1777158944.1178,3098,,BSF66F,,cal_static,4,B,ok,ok,2709,2709,0,0,100,100
0.75199,1777158944.11965,3098,,BSF66F,,cal_static,4,C,ok,ok,2442,2442,0,0,100,100
0.769421,1777158944.137081,3098,,BSF66F,,cal_static,4,D,ok,ok,3126,3126,0,0,100,100
0.952378,1777158944.320038,3099,,BSF66F,,cal_static,4,E,ok,ok,3263,3263,0,0,100,100
0.952453,1777158944.320113,3099,,BSF66F,,cal_static,4,F,ok,ok,2500,2500,0,0,100,100
0.955749,1777158944.323409,3099,,BSF66F,,cal_static,4,G,ok,ok,2485,2485,0,0,100,100
0.980141,1777158944.347801,3099,,BSF66F,,cal_static,4,H,ok,ok,3208,3208,0,0,100,100
1.239461,1777158944.607121,3100,,BSF66F,,cal_static,4,A,ok,ok,3484,3484,0,0,100,100
1.239509,1777158944.607169,3100,,BSF66F,,cal_static,4,B,ok,ok,2685,2685,0,0,100,100
1.256815,1777158944.624475,3100,,BSF66F,,cal_static,4,C,ok,ok,2393,2393,0,0,100,100
1.259369,1777158944.627029,3100,,BSF66F,,cal_static,4,D,ok,ok,3150,3150,0,0,100,100
1.342549,1777158944.710209,3101,,BSF66F,,cal_static,4,E,ok,ok,3226,3226,0,0,100,100
1.342602,1777158944.710262,3101,,BSF66F,,cal_static,4,F,ok,ok,2452,2452,0,0,100,100
1.344352,1777158944.712012,3101,,BSF66F,,cal_static,4,G,ok,ok,2491,2491,0,0,100,100
1.362307,1777158944.729967,3101,,BSF66F,,cal_static,4,H,ok,ok,3221,3221,0,0,100,100
1.597903,1777158944.965563,3102,,BSF66F,,cal_static,4,A,ok,ok,3446,3446,0,0,100,100
1.597945,1777158944.965605,3102,,BSF66F,,cal_static,4,B,ok,ok,2723,2723,0,0,100,100
1.616006,1777158944.983666,3102,,BSF66F,,cal_static,4,C,ok,ok,2442,2442,0,0,100,100
1.61742,1777158944.98508,3102,,BSF66F,,cal_static,4,D,ok,ok,3142,3142,0,0,100,100
1.756334,1777158945.123994,3103,,BSF66F,,cal_static,4,E,ok,ok,3227,3227,0,0,100,100
1.757727,1777158945.125387,3103,,BSF66F,,cal_static,4,F,ok,ok,2445,2445,0,0,100,100
1.775716,1777158945.143376,3103,,BSF66F,,cal_static,4,G,ok,ok,2483,2483,0,0,100,100
1.775768,1777158945.143428,3103,,BSF66F,,cal_static,4,H,ok,ok,3217,3217,0,0,100,100
2.006857,1777158945.374517,3104,,BSF66F,,cal_static,4,A,ok,ok,3504,3504,0,0,100,100
2.009798,1777158945.377458,3104,,BSF66F,,cal_static,4,B,ok,ok,2676,2676,0,0,100,100
2.009848,1777158945.377508,3104,,BSF66F,,cal_static,4,C,ok,ok,2406,2406,0,0,100,100
2.011558,1777158945.379218,3104,,BSF66F,,cal_static,4,D,ok,ok,3179,3179,0,0,100,100
2.137225,1777158945.504885,3105,,BSF66F,,cal_static,4,E,ok,ok,3227,3227,0,0,100,100
2.137286,1777158945.504946,3105,,BSF66F,,cal_static,4,F,ok,ok,2445,2445,0,0,100,100
2.139511,1777158945.507171,3105,,BSF66F,,cal_static,4,G,ok,ok,2464,2464,0,0,100,100
2.156822,1777158945.524482,3105,,BSF66F,,cal_static,4,H,ok,ok,3230,3230,0,0,100,100
2.394014,1777158945.761674,3106,,BSF66F,,cal_static,4,A,ok,ok,3494,3494,0,0,100,100
2.39563,1777158945.76329,3106,,BSF66F,,cal_static,4,B,ok,ok,2676,2676,0,0,100,100
2.419542,1777158945.787202,3106,,BSF66F,,cal_static,4,C,ok,ok,2466,2466,0,0,100,100
2.421099,1777158945.788759,3106,,BSF66F,,cal_static,4,D,ok,ok,3149,3149,0,0,100,100
2.549897,1777158945.917557,3107,,BSF66F,,cal_static,4,E,ok,ok,3199,3199,0,0,100,100
2.549988,1777158945.917648,3107,,BSF66F,,cal_static,4,F,ok,ok,2430,2430,0,0,100,100
2.551748,1777158945.919408,3107,,BSF66F,,cal_static,4,G,ok,ok,2505,2505,0,0,100,100
2.569659,1777158945.937319,3107,,BSF66F,,cal_static,4,H,ok,ok,3220,3220,0,0,100,100
2.730075,1777158946.097735,3108,,BSF66F,,cal_static,4,A,ok,ok,3778,3778,0,0,100,100
2.730137,1777158946.097797,3108,,BSF66F,,cal_static,4,B,ok,ok,2724,2724,0,0,100,100
2.732377,1777158946.100037,3108,,BSF66F,,cal_static,4,C,ok,ok,2412,2412,0,0,100,100
2.749323,1777158946.116983,3108,,BSF66F,,cal_static,4,D,ok,ok,3144,3144,0,0,100,100
2.963811,1777158946.331471,3109,,BSF66F,,cal_static,4,E,ok,ok,3214,3214,0,0,100,100
2.965339,1777158946.332999,3109,,BSF66F,,cal_static,4,F,ok,ok,2467,2467,0,0,100,100
2.982116,1777158946.349776,3109,,BSF66F,,cal_static,4,G,ok,ok,2482,2482,0,0,100,100
2.984412,1777158946.352072,3109,,BSF66F,,cal_static,4,H,ok,ok,3225,3225,0,0,100,100
3.141787,1777158946.509447,3110,,BSF66F,,cal_static,4,A,reject,raw_outlier,3173,3778,0,0,90,90
3.143963,1777158946.511623,3110,,BSF66F,,cal_static,4,B,ok,ok,2659,2659,0,0,100,100
3.144,1777158946.51166,3110,,BSF66F,,cal_static,4,C,ok,ok,2426,2426,0,0,100,100
3.162015,1777158946.529675,3110,,BSF66F,,cal_static,4,D,ok,ok,3173,3173,0,0,100,100
3.344858,1777158946.712518,3111,,BSF66F,,cal_static,4,E,ok,ok,3230,3230,0,0,100,100
3.344897,1777158946.712557,3111,,BSF66F,,cal_static,4,F,ok,ok,2449,2449,0,0,100,100
3.346891,1777158946.714551,3111,,BSF66F,,cal_static,4,G,ok,ok,2471,2471,0,0,100,100
3.394932,1777158946.762592,3111,,BSF66F,,cal_static,4,H,ok,ok,3146,3146,0,0,100,100
3.526555,1777158946.894215,3112,,BSF66F,,cal_static,4,A,reject,raw_outlier,3175,3778,0,0,83,83
3.527882,1777158946.895542,3112,,BSF66F,,cal_static,4,B,ok,ok,2643,2643,0,0,100,100
3.551937,1777158946.919597,3112,,BSF66F,,cal_static,4,C,ok,ok,2439,2439,0,0,100,100
3.554194,1777158946.921854,3112,,BSF66F,,cal_static,4,D,ok,ok,3179,3179,0,0,100,100
3.757431,1777158947.125091,3113,,BSF66F,,cal_static,4,E,ok,ok,3162,3162,0,0,100,100
3.757489,1777158947.125149,3113,,BSF66F,,cal_static,4,F,ok,ok,2494,2494,0,0,100,100
3.759256,1777158947.126916,3113,,BSF66F,,cal_static,4,G,ok,ok,2485,2485,0,0,100,100
3.777088,1777158947.144748,3113,,BSF66F,,cal_static,4,H,ok,ok,3221,3221,0,0,100,100
3.937574,1777158947.305234,3114,,BSF66F,,cal_static,4,A,ok,ok,3836,3836,0,0,84,84
3.93765,1777158947.30531,3114,,BSF66F,,cal_static,4,B,ok,ok,2706,2706,0,0,100,100
3.939803,1777158947.307463,3114,,BSF66F,,cal_static,4,C,ok,ok,2391,2391,0,0,100,100
3.957447,1777158947.325107,3114,,BSF66F,,cal_static,4,D,ok,ok,3149,3149,0,0,100,100
4.142155,1777158947.509815,3115,,BSF66F,,cal_static,4,E,ok,ok,3232,3232,0,0,100,100
4.142203,1777158947.509863,3115,,BSF66F,,cal_static,4,F,ok,ok,2477,2477,0,0,100,100
4.166986,1777158947.534646,3115,,BSF66F,,cal_static,4,G,ok,ok,2476,2476,0,0,100,100
4.169268,1777158947.536928,3115,,BSF66F,,cal_static,4,H,ok,ok,3152,3152,0,0,100,100
4.402607,1777158947.770267,3116,,BSF66F,,cal_static,4,A,ok,ok,3583,3583,0,0,85,85
4.402675,1777158947.770335,3116,,BSF66F,,cal_static,4,B,ok,ok,2712,2712,0,0,100,100
4.404349,1777158947.772009,3116,,BSF66F,,cal_static,4,C,ok,ok,2414,2414,0,0,100,100
4.421825,1777158947.789485,3116,,BSF66F,,cal_static,4,D,ok,ok,3146,3146,0,0,100,100
4.552512,1777158947.920172,3117,,BSF66F,,cal_static,4,E,ok,ok,3212,3212,0,0,100,100
4.552546,1777158947.920206,3117,,BSF66F,,cal_static,4,F,ok,ok,2428,2428,0,0,100,100
4.554858,1777158947.922518,3117,,BSF66F,,cal_static,4,G,ok,ok,2470,2470,0,0,100,100
4.579733,1777158947.947393,3117,,BSF66F,,cal_static,4,H,ok,ok,3201,3201,0,0,100,100
4.787219,1777158948.154879,3118,,BSF66F,,cal_static,4,A,ok,ok,3476,3476,0,0,86,86
4.787283,1777158948.154943,3118,,BSF66F,,cal_static,4,B,ok,ok,2656,2656,0,0,100,100
4.83429,1777158948.20195,3118,,BSF66F,,cal_static,4,C,ok,ok,2419,2419,0,0,100,100
4.836352,1777158948.204012,3118,,BSF66F,,cal_static,4,D,ok,ok,3180,3180,0,0,100,100
4.942542,1777158948.310202,3119,,BSF66F,,cal_static,4,E,ok,ok,3274,3274,0,0,100,100
4.942636,1777158948.310296,3119,,BSF66F,,cal_static,4,F,ok,ok,2401,2401,0,0,100,100
4.944314,1777158948.311974,3119,,BSF66F,,cal_static,4,G,ok,ok,2450,2450,0,0,100,100
4.962167,1777158948.329827,3119,,BSF66F,,cal_static,4,H,ok,ok,3195,3195,0,0,100,100
5.194428,1777158948.562088,3120,,BSF66F,,cal_static,4,A,ok,ok,3071,3071,0,0,87,87
5.19746,1777158948.56512,3120,,BSF66F,,cal_static,4,B,ok,ok,2664,2664,0,0,100,100
5.19757,1777158948.56523,3120,,BSF66F,,cal_static,4,C,ok,ok,2412,2412,0,0,100,100
5.216956,1777158948.584616,3120,,BSF66F,,cal_static,4,D,ok,ok,3162,3162,0,0,100,100
5.35709,1777158948.72475,3121,,BSF66F,,cal_static,4,E,ok,ok,3219,3219,0,0,100,100
5.357141,1777158948.724801,3121,,BSF66F,,cal_static,4,F,ok,ok,2482,2482,0,0,100,100
5.3745,1777158948.74216,3121,,BSF66F,,cal_static,4,G,ok,ok,2493,2493,0,0,100,100
5.376735,1777158948.744395,3121,,BSF66F,,cal_static,4,H,ok,ok,3178,3178,0,0,100,100
5.579574,1777158948.947234,3122,,BSF66F,,cal_static,4,A,reject,raw_outlier,3655,3071,0,0,82,82
5.581682,1777158948.949342,3122,,BSF66F,,cal_static,4,B,ok,ok,2674,2674,0,0,100,100
5.581742,1777158948.949402,3122,,BSF66F,,cal_static,4,C,ok,ok,2419,2419,0,0,100,100
5.607088,1777158948.974748,3122,,BSF66F,,cal_static,4,D,ok,ok,3177,3177,0,0,100,100
5.759858,1777158949.127518,3123,,BSF66F,,cal_static,4,E,ok,ok,3239,3239,0,0,100,100
5.759895,1777158949.127555,3123,,BSF66F,,cal_static,4,F,ok,ok,2416,2416,0,0,100,100
5.761983,1777158949.129643,3123,,BSF66F,,cal_static,4,G,ok,ok,2500,2500,0,0,100,100
5.787088,1777158949.154748,3123,,BSF66F,,cal_static,4,H,ok,ok,3170,3170,0,0,100,100
5.993882,1777158949.361542,3124,,BSF66F,,cal_static,4,A,ok,ok,3111,3111,0,0,83,83
5.995445,1777158949.363105,3124,,BSF66F,,cal_static,4,B,ok,ok,2672,2672,0,0,100,100
6.019647,1777158949.387307,3124,,BSF66F,,cal_static,4,C,ok,ok,2389,2389,0,0,100,100
6.022739,1777158949.390399,3124,,BSF66F,,cal_static,4,D,ok,ok,3104,3104,0,0,100,100
6.150174,1777158949.517834,3125,,BSF66F,,cal_static,4,E,ok,ok,3228,3228,0,0,100,100
6.150244,1777158949.517904,3125,,BSF66F,,cal_static,4,F,ok,ok,2498,2498,0,0,100,100
6.151815,1777158949.519475,3125,,BSF66F,,cal_static,4,G,ok,ok,2499,2499,0,0,100,100
6.169596,1777158949.537256,3125,,BSF66F,,cal_static,4,H,ok,ok,3245,3245,0,0,100,100
6.329173,1777158949.696833,3126,,BSF66F,,cal_static,4,A,reject,raw_outlier,3594,3111,0,0,78,78
6.331429,1777158949.699089,3126,,BSF66F,,cal_static,4,B,ok,ok,2687,2687,0,0,100,100
6.33154,1777158949.6992,3126,,BSF66F,,cal_static,4,C,ok,ok,2409,2409,0,0,100,100
6.349849,1777158949.717509,3126,,BSF66F,,cal_static,4,D,timeout,rx_timeout,0,3104,0,0,94,94
6.534713,1777158949.902373,3127,,BSF66F,,cal_static,4,E,ok,ok,3226,3226,0,0,100,100
6.534764,1777158949.902424,3127,,BSF66F,,cal_static,4,F,ok,ok,2443,2443,0,0,100,100
6.559604,1777158949.927264,3127,,BSF66F,,cal_static,4,G,ok,ok,2484,2484,0,0,100,100
6.561912,1777158949.929572,3127,,BSF66F,,cal_static,4,H,timeout,rx_timeout,0,3245,0,0,95,95
6.814647,1777158950.182307,3128,,BSF66F,,cal_static,4,A,ok,ok,3252,3252,0,0,80,80
6.817199,1777158950.184859,3128,,BSF66F,,cal_static,4,B,ok,ok,2673,2673,0,0,100,100
6.817235,1777158950.184895,3128,,BSF66F,,cal_static,4,C,ok,ok,2426,2426,0,0,100,100
6.819418,1777158950.187078,3128,,BSF66F,,cal_static,4,D,ok,ok,3122,3122,0,0,95,95
6.944872,1777158950.312532,3129,,BSF66F,,cal_static,4,E,ok,ok,3269,3269,0,0,100,100
6.945042,1777158950.312702,3129,,BSF66F,,cal_static,4,F,ok,ok,2439,2439,0,0,100,100
6.9468,1777158950.31446,3129,,BSF66F,,cal_static,4,G,ok,ok,2482,2482,0,0,100,100
6.994563,1777158950.362223,3129,,BSF66F,,cal_static,4,H,ok,ok,3239,3239,0,0,95,95
7.201548,1777158950.569208,3130,,BSF66F,,cal_static,4,A,ok,ok,3586,3586,0,0,80,80
7.203004,1777158950.570664,3130,,BSF66F,,cal_static,4,B,ok,ok,2675,2675,0,0,100,100
7.227011,1777158950.594671,3130,,BSF66F,,cal_static,4,C,ok,ok,2436,2436,0,0,100,100
7.229762,1777158950.597422,3130,,BSF66F,,cal_static,4,D,ok,ok,3164,3164,0,0,95,95
7.357592,1777158950.725252,3131,,BSF66F,,cal_static,4,E,ok,ok,3258,3258,0,0,100,100
7.357671,1777158950.725331,3131,,BSF66F,,cal_static,4,F,ok,ok,2433,2433,0,0,100,100
7.359352,1777158950.727012,3131,,BSF66F,,cal_static,4,G,ok,ok,2493,2493,0,0,100,100
7.377144,1777158950.744804,3131,,BSF66F,,cal_static,4,H,ok,ok,3224,3224,0,0,95,95
7.589452,1777158950.957112,3132,,BSF66F,,cal_static,4,A,ok,ok,3256,3256,0,0,81,81
7.591484,1777158950.959144,3132,,BSF66F,,cal_static,4,B,ok,ok,2648,2648,0,0,100,100
7.591958,1777158950.959618,3132,,BSF66F,,cal_static,4,C,ok,ok,2400,2400,0,0,100,100
7.6099,1777158950.97756,3132,,BSF66F,,cal_static,4,D,ok,ok,3179,3179,0,0,95,95
7.770847,1777158951.138507,3133,,BSF66F,,cal_static,4,E,ok,ok,3245,3245,0,0,100,100
7.788601,1777158951.156261,3133,,BSF66F,,cal_static,4,F,ok,ok,2426,2426,0,0,100,100
7.790074,1777158951.157734,3133,,BSF66F,,cal_static,4,G,ok,ok,2497,2497,0,0,100,100
7.792455,1777158951.160115,3133,,BSF66F,,cal_static,4,H,ok,ok,3180,3180,0,0,95,95
7.97272,1777158951.34038,3134,,BSF66F,,cal_static,4,A,ok,ok,3274,3274,0,0,82,82
7.972746,1777158951.340406,3134,,BSF66F,,cal_static,4,B,ok,ok,2691,2691,0,0,100,100
7.974348,1777158951.342008,3134,,BSF66F,,cal_static,4,C,ok,ok,2418,2418,0,0,100,100
7.999992,1777158951.367652,3134,,BSF66F,,cal_static,4,D,ok,ok,3134,3134,0,0,95,95
8.152645,1777158951.520305,3135,,BSF66F,,cal_static,4,E,ok,ok,3186,3186,0,0,100,100
8.152696,1777158951.520356,3135,,BSF66F,,cal_static,4,F,ok,ok,2443,2443,0,0,100,100
8.154525,1777158951.522185,3135,,BSF66F,,cal_static,4,G,ok,ok,2467,2467,0,0,100,100
8.179843,1777158951.547503,3135,,BSF66F,,cal_static,4,H,ok,ok,3196,3196,0,0,95,95
8.385373,1777158951.753033,3136,,BSF66F,,cal_static,4,A,ok,ok,3567,3567,0,0,83,83
8.385434,1777158951.753094,3136,,BSF66F,,cal_static,4,B,ok,ok,2695,2695,0,0,100,100
8.387043,1777158951.754703,3136,,BSF66F,,cal_static,4,C,ok,ok,2439,2439,0,0,100,100
8.434219,1777158951.801879,3136,,BSF66F,,cal_static,4,D,ok,ok,3166,3166,0,0,95,95
8.542657,1777158951.910317,3137,,BSF66F,,cal_static,4,E,ok,ok,3240,3240,0,0,100,100
8.542774,1777158951.910434,3137,,BSF66F,,cal_static,4,F,ok,ok,2416,2416,0,0,100,100
8.544419,1777158951.912079,3137,,BSF66F,,cal_static,4,G,ok,ok,2486,2486,0,0,100,100
8.562481,1777158951.930141,3137,,BSF66F,,cal_static,4,H,ok,ok,3153,3153,0,0,96,96
8.797739,1777158952.165399,3138,,BSF66F,,cal_static,4,A,ok,ok,3548,3548,0,0,84,84
8.797787,1777158952.165447,3138,,BSF66F,,cal_static,4,B,ok,ok,2693,2693,0,0,100,100
8.799864,1777158952.167524,3138,,BSF66F,,cal_static,4,C,ok,ok,2409,2409,0,0,100,100
8.816972,1777158952.184632,3138,,BSF66F,,cal_static,4,D,ok,ok,3154,3154,0,0,96,96
8.957167,1777158952.324827,3139,,BSF66F,,cal_static,4,E,ok,ok,3219,3219,0,0,100,100
8.95723,1777158952.32489,3139,,BSF66F,,cal_static,4,F,ok,ok,2408,2408,0,0,100,100
8.97455,1777158952.34221,3139,,BSF66F,,cal_static,4,G,ok,ok,2476,2476,0,0,100,100
8.976881,1777158952.344541,3139,,BSF66F,,cal_static,4,H,ok,ok,3214,3214,0,0,96,96
9.157008,1777158952.524668,3140,,BSF66F,,cal_static,4,A,reject,raw_outlier,3094,3548,0,0,80,80
9.159114,1777158952.526774,3140,,BSF66F,,cal_static,4,B,ok,ok,2663,2663,0,0,100,100
9.159652,1777158952.527312,3140,,BSF66F,,cal_static,4,C,ok,ok,2427,2427,0,0,100,100
9.17727,1777158952.54493,3140,,BSF66F,,cal_static,4,D,ok,ok,3149,3149,0,0,96,96
9.337561,1777158952.705221,3141,,BSF66F,,cal_static,4,E,ok,ok,3220,3220,0,0,100,100
9.337598,1777158952.705258,3141,,BSF66F,,cal_static,4,F,ok,ok,2520,2520,0,0,100,100
9.339818,1777158952.707478,3141,,BSF66F,,cal_static,4,G,ok,ok,2486,2486,0,0,100,100
9.357068,1777158952.724728,3141,,BSF66F,,cal_static,4,H,ok,ok,3168,3168,0,0,96,96
9.59402,1777158952.96168,3142,,BSF66F,,cal_static,4,A,ok,ok,3180,3180,0,0,81,81
9.595763,1777158952.963423,3142,,BSF66F,,cal_static,4,B,ok,ok,2659,2659,0,0,100,100
9.619912,1777158952.987572,3142,,BSF66F,,cal_static,4,C,ok,ok,2427,2427,0,0,100,100
9.622466,1777158952.990126,3142,,BSF66F,,cal_static,4,D,ok,ok,3184,3184,0,0,96,96
9.750239,1777158953.117899,3143,,BSF66F,,cal_static,4,E,ok,ok,3217,3217,0,0,100,100
9.750268,1777158953.117928,3143,,BSF66F,,cal_static,4,F,ok,ok,2451,2451,0,0,100,100
9.751978,1777158953.119638,3143,,BSF66F,,cal_static,4,G,ok,ok,2479,2479,0,0,100,100
9.769761,1777158953.137421,3143,,BSF66F,,cal_static,4,H,ok,ok,3163,3163,0,0,96,96
9.979632,1777158953.347292,3144,,BSF66F,,cal_static,4,A,ok,ok,3106,3106,0,0,82,82
9.982259,1777158953.349919,3144,,BSF66F,,cal_static,4,B,ok,ok,2698,2698,0,0,100,100
9.98231,1777158953.34997,3144,,BSF66F,,cal_static,4,C,ok,ok,2427,2427,0,0,100,100
9.983919,1777158953.351579,3144,,BSF66F,,cal_static,4,D,ok,ok,3153,3153,0,0,96,96
10.163998,1777158953.531658,3145,,BSF66F,,cal_static,4,E,ok,ok,3229,3229,0,0,100,100
10.165602,1777158953.533262,3145,,BSF66F,,cal_static,4,F,ok,ok,2462,2462,0,0,100,100
10.182469,1777158953.550129,3145,,BSF66F,,cal_static,4,G,ok,ok,2465,2465,0,0,100,100
10.18413,1777158953.55179,3145,,BSF66F,,cal_static,4,H,ok,ok,3185,3185,0,0,96,96
10.342115,1777158953.709775,3146,,BSF66F,,cal_static,4,A,reject,raw_outlier,3672,3106,0,0,79,79
10.343385,1777158953.711045,3146,,BSF66F,,cal_static,4,B,ok,ok,2698,2698,0,0,100,100
10.344778,1777158953.712438,3146,,BSF66F,,cal_static,4,C,ok,ok,2427,2427,0,0,100,100
10.362092,1777158953.729752,3146,,BSF66F,,cal_static,4,D,ok,ok,3159,3159,0,0,96,96
10.545044,1777158953.912704,3147,,BSF66F,,cal_static,4,E,ok,ok,3198,3198,0,0,100,100
10.545093,1777158953.912753,3147,,BSF66F,,cal_static,4,F,ok,ok,2407,2407,0,0,100,100
10.547294,1777158953.914954,3147,,BSF66F,,cal_static,4,G,ok,ok,2496,2496,0,0,100,100
10.594894,1777158953.962554,3147,,BSF66F,,cal_static,4,H,ok,ok,3176,3176,0,0,96,96
10.727061,1777158954.094721,3148,,BSF66F,,cal_static,4,A,reject,raw_outlier,3810,3106,0,0,76,76
10.728235,1777158954.095895,3148,,BSF66F,,cal_static,4,B,ok,ok,2669,2669,0,0,100,100
10.752092,1777158954.119752,3148,,BSF66F,,cal_static,4,C,ok,ok,2439,2439,0,0,100,100
10.754508,1777158954.122168,3148,,BSF66F,,cal_static,4,D,ok,ok,3134,3134,0,0,96,96
10.957742,1777158954.325402,3149,,BSF66F,,cal_static,4,E,ok,ok,3242,3242,0,0,100,100
10.957832,1777158954.325492,3149,,BSF66F,,cal_static,4,F,ok,ok,2410,2410,0,0,100,100
10.959549,1777158954.327209,3149,,BSF66F,,cal_static,4,G,ok,ok,2465,2465,0,0,100,100
10.977363,1777158954.345023,3149,,BSF66F,,cal_static,4,H,ok,ok,3172,3172,0,0,96,96
11.190425,1777158954.558085,3150,,BSF66F,,cal_static,4,A,ok,ok,3202,3202,0,0,77,77
11.190566,1777158954.558226,3150,,BSF66F,,cal_static,4,B,ok,ok,2693,2693,0,0,100,100
11.192524,1777158954.560184,3150,,BSF66F,,cal_static,4,C,ok,ok,2434,2434,0,0,100,100
11.209901,1777158954.577561,3150,,BSF66F,,cal_static,4,D,ok,ok,3125,3125,0,0,96,96
11.342311,1777158954.709971,3151,,BSF66F,,cal_static,4,E,ok,ok,3235,3235,0,0,100,100
11.342364,1777158954.710024,3151,,BSF66F,,cal_static,4,F,ok,ok,2485,2485,0,0,100,100
11.367175,1777158954.734835,3151,,BSF66F,,cal_static,4,G,ok,ok,2494,2494,0,0,100,100
11.369556,1777158954.737216,3151,,BSF66F,,cal_static,4,H,ok,ok,3174,3174,0,0,96,96
11.520417,1777158954.888077,3152,,BSF66F,,cal_static,4,A,ok,ok,3143,3143,0,0,78,78
11.520444,1777158954.888104,3152,,BSF66F,,cal_static,4,B,timeout,rx_timeout,0,2693,0,0,96,96
11.522045,1777158954.889705,3152,,BSF66F,,cal_static,4,C,timeout,rx_timeout,0,2434,0,0,96,96
11.547486,1777158954.915146,3152,,BSF66F,,cal_static,4,D,ok,ok,3114,3114,0,0,96,96
11.753073,1777158955.120733,3153,,BSF66F,,cal_static,4,E,ok,ok,3214,3214,0,0,100,100
11.753123,1777158955.120783,3153,,BSF66F,,cal_static,4,F,ok,ok,2449,2449,0,0,100,100
11.754536,1777158955.122196,3153,,BSF66F,,cal_static,4,G,ok,ok,2492,2492,0,0,100,100
11.780308,1777158955.147968,3153,,BSF66F,,cal_static,4,H,ok,ok,3201,3201,0,0,100,100
11.986911,1777158955.354571,3154,,BSF66F,,cal_static,4,A,ok,ok,3494,3494,0,0,82,82
11.988405,1777158955.356065,3154,,BSF66F,,cal_static,4,B,ok,ok,2691,2691,0,0,100,100
12.034975,1777158955.402635,3154,,BSF66F,,cal_static,4,C,ok,ok,2372,2372,0,0,100,100
12.037554,1777158955.405214,3154,,BSF66F,,cal_static,4,D,ok,ok,3117,3117,0,0,100,100
12.143029,1777158955.510689,3155,,BSF66F,,cal_static,4,E,ok,ok,3180,3180,0,0,100,100
12.143274,1777158955.510934,3155,,BSF66F,,cal_static,4,F,ok,ok,2404,2404,0,0,100,100
12.144625,1777158955.512285,3155,,BSF66F,,cal_static,4,G,ok,ok,2483,2483,0,0,100,100
12.162338,1777158955.529998,3155,,BSF66F,,cal_static,4,H,ok,ok,3173,3173,0,0,100,100
12.397659,1777158955.765319,3156,,BSF66F,,cal_static,4,A,ok,ok,3603,3603,0,0,83,83
12.397696,1777158955.765356,3156,,BSF66F,,cal_static,4,B,ok,ok,2675,2675,0,0,100,100
12.399868,1777158955.767528,3156,,BSF66F,,cal_static,4,C,ok,ok,2375,2375,0,0,100,100
12.416843,1777158955.784503,3156,,BSF66F,,cal_static,4,D,ok,ok,3142,3142,0,0,100,100
12.556925,1777158955.924585,3157,,BSF66F,,cal_static,4,E,ok,ok,3282,3282,0,0,100,100
12.573706,1777158955.941366,3157,,BSF66F,,cal_static,4,F,ok,ok,2456,2456,0,0,100,100
12.575203,1777158955.942863,3157,,BSF66F,,cal_static,4,G,ok,ok,2478,2478,0,0,100,100
12.577726,1777158955.945386,3157,,BSF66F,,cal_static,4,H,ok,ok,3233,3233,0,0,100,100
12.758002,1777158956.125662,3158,,BSF66F,,cal_static,4,A,ok,ok,3708,3708,0,0,84,84
12.758105,1777158956.125765,3158,,BSF66F,,cal_static,4,B,ok,ok,2705,2705,0,0,100,100
12.759949,1777158956.127609,3158,,BSF66F,,cal_static,4,C,ok,ok,2411,2411,0,0,100,100
12.777813,1777158956.145473,3158,,BSF66F,,cal_static,4,D,ok,ok,3136,3136,0,0,100,100
12.957157,1777158956.324817,3159,,BSF66F,,cal_static,4,E,ok,ok,3300,3300,0,0,100,100
12.959727,1777158956.327387,3159,,BSF66F,,cal_static,4,F,ok,ok,2425,2425,0,0,100,100
12.959832,1777158956.327492,3159,,BSF66F,,cal_static,4,G,ok,ok,2455,2455,0,0,100,100
12.961358,1777158956.329018,3159,,BSF66F,,cal_static,4,H,ok,ok,3209,3209,0,0,100,100
13.193044,1777158956.560704,3160,,BSF66F,,cal_static,4,A,ok,ok,3444,3444,0,0,85,85
13.193094,1777158956.560754,3160,,BSF66F,,cal_static,4,B,ok,ok,2662,2662,0,0,100,100
13.194837,1777158956.562497,3160,,BSF66F,,cal_static,4,C,ok,ok,2398,2398,0,0,100,100
13.219581,1777158956.587241,3160,,BSF66F,,cal_static,4,D,ok,ok,3137,3137,0,0,100,100
13.350439,1777158956.718099,3161,,BSF66F,,cal_static,4,E,ok,ok,3242,3242,0,0,100,100
13.350472,1777158956.718132,3161,,BSF66F,,cal_static,4,F,ok,ok,2501,2501,0,0,100,100
13.352076,1777158956.719736,3161,,BSF66F,,cal_static,4,G,ok,ok,2471,2471,0,0,100,100
13.369782,1777158956.737442,3161,,BSF66F,,cal_static,4,H,ok,ok,3204,3204,0,0,100,100
13.582887,1777158956.950547,3162,,BSF66F,,cal_static,4,A,ok,ok,3579,3579,0,0,85,85
13.582933,1777158956.950593,3162,,BSF66F,,cal_static,4,B,ok,ok,2694,2694,0,0,100,100
13.584987,1777158956.952647,3162,,BSF66F,,cal_static,4,C,ok,ok,2457,2457,0,0,100,100
13.602059,1777158956.969719,3162,,BSF66F,,cal_static,4,D,ok,ok,3142,3142,0,0,100,100
13.765035,1777158957.132695,3163,,BSF66F,,cal_static,4,E,ok,ok,3177,3177,0,0,100,100
13.765093,1777158957.132753,3163,,BSF66F,,cal_static,4,F,ok,ok,2507,2507,0,0,100,100
13.78245,1777158957.15011,3163,,BSF66F,,cal_static,4,G,ok,ok,2471,2471,0,0,100,100
13.784828,1777158957.152488,3163,,BSF66F,,cal_static,4,H,ok,ok,3127,3127,0,0,100,100
13.942285,1777158957.309945,3164,,BSF66F,,cal_static,4,A,reject,raw_outlier,3122,3579,0,0,81,81
13.944799,1777158957.312459,3164,,BSF66F,,cal_static,4,B,ok,ok,2702,2702,0,0,100,100
13.945118,1777158957.312778,3164,,BSF66F,,cal_static,4,C,ok,ok,2408,2408,0,0,100,100
13.96252,1777158957.33018,3164,,BSF66F,,cal_static,4,D,ok,ok,3139,3139,0,0,100,100
14.14512,1777158957.51278,3165,,BSF66F,,cal_static,4,E,ok,ok,3199,3199,0,0,100,100
14.145262,1777158957.512922,3165,,BSF66F,,cal_static,4,F,ok,ok,2450,2450,0,0,100,100
14.14689,1777158957.51455,3165,,BSF66F,,cal_static,4,G,ok,ok,2475,2475,0,0,100,100
14.195075,1777158957.562735,3165,,BSF66F,,cal_static,4,H,ok,ok,3219,3219,0,0,100,100
14.35681,1777158957.72447,3166,,BSF66F,,cal_static,4,A,ok,ok,3606,3606,0,0,82,82
14.373854,1777158957.741514,3166,,BSF66F,,cal_static,4,B,ok,ok,2664,2664,0,0,100,100
14.375292,1777158957.742952,3166,,BSF66F,,cal_static,4,C,ok,ok,2445,2445,0,0,100,100
14.37781,1777158957.74547,3166,,BSF66F,,cal_static,4,D,ok,ok,3147,3147,0,0,100,100
14.580599,1777158957.948259,3167,,BSF66F,,cal_static,4,E,ok,ok,3219,3219,0,0,100,100
14.580684,1777158957.948344,3167,,BSF66F,,cal_static,4,F,ok,ok,2445,2445,0,0,100,100
14.582457,1777158957.950117,3167,,BSF66F,,cal_static,4,G,ok,ok,2474,2474,0,0,100,100
14.607426,1777158957.975086,3167,,BSF66F,,cal_static,4,H,ok,ok,3131,3131,0,0,100,100
14.810011,1777158958.177671,3168,,BSF66F,,cal_static,4,A,ok,ok,3449,3449,0,0,83,83
14.811423,1777158958.179083,3168,,BSF66F,,cal_static,4,B,ok,ok,2662,2662,0,0,100,100
14.81398,1777158958.18164,3168,,BSF66F,,cal_static,4,C,ok,ok,2402,2402,0,0,100,100
14.81403,1777158958.18169,3168,,BSF66F,,cal_static,4,D,ok,ok,3151,3151,0,0,100,100
14.942463,1777158958.310123,3169,,BSF66F,,cal_static,4,E,ok,ok,3299,3299,0,0,100,100
14.942515,1777158958.310175,3169,,BSF66F,,cal_static,4,F,ok,ok,2411,2411,0,0,100,100
14.967428,1777158958.335088,3169,,BSF66F,,cal_static,4,G,ok,ok,2484,2484,0,0,100,100
14.969715,1777158958.337375,3169,,BSF66F,,cal_static,4,H,ok,ok,3186,3186,0,0,100,100
15.150378,1777158958.518038,3170,,BSF66F,,cal_static,4,A,ok,ok,3641,3641,0,0,84,84
15.15041,1777158958.51807,3170,,BSF66F,,cal_static,4,B,ok,ok,2655,2655,0,0,100,100
15.152183,1777158958.519843,3170,,BSF66F,,cal_static,4,C,ok,ok,2417,2417,0,0,100,100
15.16975,1777158958.53741,3170,,BSF66F,,cal_static,4,D,ok,ok,3164,3164,0,0,100,100
15.352771,1777158958.720431,3171,,BSF66F,,cal_static,4,E,ok,ok,3208,3208,0,0,100,100
15.352857,1777158958.720517,3171,,BSF66F,,cal_static,4,F,ok,ok,2531,2531,0,0,100,100
15.355026,1777158958.722686,3171,,BSF66F,,cal_static,4,G,ok,ok,2468,2468,0,0,100,100
15.380064,1777158958.747724,3171,,BSF66F,,cal_static,4,H,ok,ok,3191,3191,0,0,100,100
15.587734,1777158958.955394,3172,,BSF66F,,cal_static,4,A,ok,ok,3508,3508,0,0,84,84
15.587781,1777158958.955441,3172,,BSF66F,,cal_static,4,B,ok,ok,2656,2656,0,0,100,100
15.635239,1777158959.002899,3172,,BSF66F,,cal_static,4,C,ok,ok,2425,2425,0,0,100,100
15.637738,1777158959.005398,3172,,BSF66F,,cal_static,4,D,ok,ok,3149,3149,0,0,100,100
15.742918,1777158959.110578,3173,,BSF66F,,cal_static,4,E,ok,ok,3208,3208,0,0,100,100
15.742982,1777158959.110642,3173,,BSF66F,,cal_static,4,F,ok,ok,2444,2444,0,0,100,100
15.744906,1777158959.112566,3173,,BSF66F,,cal_static,4,G,ok,ok,2457,2457,0,0,100,100
15.762482,1777158959.130142,3173,,BSF66F,,cal_static,4,H,ok,ok,3187,3187,0,0,100,100
15.998013,1777158959.365673,3174,,BSF66F,,cal_static,4,A,ok,ok,3408,3408,0,0,85,85
15.998072,1777158959.365732,3174,,BSF66F,,cal_static,4,B,ok,ok,2698,2698,0,0,100,100
16.000202,1777158959.367862,3174,,BSF66F,,cal_static,4,C,ok,ok,2421,2421,0,0,100,100
16.017113,1777158959.384773,3174,,BSF66F,,cal_static,4,D,ok,ok,3124,3124,0,0,100,100
16.156683,1777158959.524343,3175,,BSF66F,,cal_static,4,E,ok,ok,3210,3210,0,0,100,100
16.173787,1777158959.541447,3175,,BSF66F,,cal_static,4,F,ok,ok,2458,2458,0,0,100,100
16.175208,1777158959.542868,3175,,BSF66F,,cal_static,4,G,ok,ok,2485,2485,0,0,100,100
16.177549,1777158959.545209,3175,,BSF66F,,cal_static,4,H,ok,ok,3143,3143,0,0,100,100
16.380755,1777158959.748415,3176,,BSF66F,,cal_static,4,A,ok,ok,3520,3520,0,0,85,85
16.380804,1777158959.748464,3176,,BSF66F,,cal_static,4,B,ok,ok,2695,2695,0,0,100,100
16.382695,1777158959.750355,3176,,BSF66F,,cal_static,4,C,ok,ok,2408,2408,0,0,100,100
16.407541,1777158959.775201,3176,,BSF66F,,cal_static,4,D,timeout,rx_timeout,0,3124,0,0,96,96
16.537903,1777158959.905563,3177,,BSF66F,,cal_static,4,E,ok,ok,3249,3249,0,0,100,100
16.537947,1777158959.905607,3177,,BSF66F,,cal_static,4,F,ok,ok,2442,2442,0,0,100,100
16.540118,1777158959.907778,3177,,BSF66F,,cal_static,4,G,timeout,rx_timeout,0,2485,0,0,96,96
16.557593,1777158959.925253,3177,,BSF66F,,cal_static,4,H,timeout,rx_timeout,0,3143,0,0,96,96
16.794201,1777158960.161861,3178,,BSF66F,,cal_static,4,A,ok,ok,3630,3630,0,0,86,86
16.796102,1777158960.163762,3178,,BSF66F,,cal_static,4,B,ok,ok,2710,2710,0,0,100,100
16.820042,1777158960.187702,3178,,BSF66F,,cal_static,4,C,ok,ok,2399,2399,0,0,100,100
16.822636,1777158960.190296,3178,,BSF66F,,cal_static,4,D,ok,ok,3165,3165,0,0,96,96
16.950545,1777158960.318205,3179,,BSF66F,,cal_static,4,E,ok,ok,3267,3267,0,0,100,100
16.950574,1777158960.318234,3179,,BSF66F,,cal_static,4,F,ok,ok,2429,2429,0,0,100,100
16.952203,1777158960.319863,3179,,BSF66F,,cal_static,4,G,ok,ok,2468,2468,0,0,96,96
16.96988,1777158960.33754,3179,,BSF66F,,cal_static,4,H,ok,ok,3199,3199,0,0,96,96
17.152767,1777158960.520427,3180,,BSF66F,,cal_static,4,A,ok,ok,3674,3674,0,0,86,86
17.15283,1777158960.52049,3180,,BSF66F,,cal_static,4,B,ok,ok,2688,2688,0,0,100,100
17.154965,1777158960.522625,3180,,BSF66F,,cal_static,4,C,ok,ok,2454,2454,0,0,100,100
17.17994,1777158960.5476,3180,,BSF66F,,cal_static,4,D,ok,ok,3155,3155,0,0,96,96
17.364631,1777158960.732291,3181,,BSF66F,,cal_static,4,E,ok,ok,3214,3214,0,0,100,100
17.366123,1777158960.733783,3181,,BSF66F,,cal_static,4,F,ok,ok,2472,2472,0,0,100,100
17.38277,1777158960.75043,3181,,BSF66F,,cal_static,4,G,ok,ok,2504,2504,0,0,96,96
17.384942,1777158960.752602,3181,,BSF66F,,cal_static,4,H,ok,ok,3215,3215,0,0,96,96
17.595569,1777158960.963229,3182,,BSF66F,,cal_static,4,A,ok,ok,3485,3485,0,0,87,87
17.595643,1777158960.963303,3182,,BSF66F,,cal_static,4,B,ok,ok,2672,2672,0,0,100,100
17.597341,1777158960.965001,3182,,BSF66F,,cal_static,4,C,ok,ok,2472,2472,0,0,100,100
17.615027,1777158960.982687,3182,,BSF66F,,cal_static,4,D,ok,ok,3113,3113,0,0,96,96
17.745383,1777158961.113043,3183,,BSF66F,,cal_static,4,E,ok,ok,3183,3183,0,0,100,100
17.745448,1777158961.113108,3183,,BSF66F,,cal_static,4,F,ok,ok,2439,2439,0,0,100,100
17.74702,1777158961.11468,3183,,BSF66F,,cal_static,4,G,ok,ok,2504,2504,0,0,96,96
17.795352,1777158961.163012,3183,,BSF66F,,cal_static,4,H,ok,ok,3135,3135,0,0,96,96
17.956794,1777158961.324454,3184,,BSF66F,,cal_static,4,A,ok,ok,3693,3693,0,0,87,87
17.958111,1777158961.325771,3184,,BSF66F,,cal_static,4,B,ok,ok,2646,2646,0,0,100,100
17.974883,1777158961.342543,3184,,BSF66F,,cal_static,4,C,ok,ok,2411,2411,0,0,100,100
17.977258,1777158961.344918,3184,,BSF66F,,cal_static,4,D,ok,ok,3142,3142,0,0,96,96
18.157952,1777158961.525612,3185,,BSF66F,,cal_static,4,E,ok,ok,3206,3206,0,0,100,100
18.158012,1777158961.525672,3185,,BSF66F,,cal_static,4,F,ok,ok,2467,2467,0,0,100,100
18.159865,1777158961.527525,3185,,BSF66F,,cal_static,4,G,ok,ok,2478,2478,0,0,100,100
18.177626,1777158961.545286,3185,,BSF66F,,cal_static,4,H,ok,ok,3183,3183,0,0,100,100
18.338133,1777158961.705793,3186,,BSF66F,,cal_static,4,A,ok,ok,3633,3633,0,0,88,88
18.338204,1777158961.705864,3186,,BSF66F,,cal_static,4,B,ok,ok,2678,2678,0,0,100,100
18.339929,1777158961.707589,3186,,BSF66F,,cal_static,4,C,ok,ok,2422,2422,0,0,100,100
18.357787,1777158961.725447,3186,,BSF66F,,cal_static,4,D,ok,ok,3125,3125,0,0,100,100
18.542037,1777158961.909697,3187,,BSF66F,,cal_static,4,E,ok,ok,3253,3253,0,0,100,100
18.543445,1777158961.911105,3187,,BSF66F,,cal_static,4,F,ok,ok,2431,2431,0,0,100,100
18.56737,1777158961.93503,3187,,BSF66F,,cal_static,4,G,ok,ok,2463,2463,0,0,100,100
18.56945,1777158961.93711,3187,,BSF66F,,cal_static,4,H,ok,ok,3156,3156,0,0,100,100
18.803416,1777158962.171076,3188,,BSF66F,,cal_static,4,A,ok,ok,3333,3333,0,0,88,88
18.803484,1777158962.171144,3188,,BSF66F,,cal_static,4,B,ok,ok,2701,2701,0,0,100,100
18.805168,1777158962.172828,3188,,BSF66F,,cal_static,4,C,ok,ok,2427,2427,0,0,100,100
18.822766,1777158962.190426,3188,,BSF66F,,cal_static,4,D,ok,ok,3133,3133,0,0,100,100
18.952061,1777158962.319721,3189,,BSF66F,,cal_static,4,E,ok,ok,3256,3256,0,0,100,100
18.953669,1777158962.321329,3189,,BSF66F,,cal_static,4,F,ok,ok,2448,2448,0,0,100,100
18.95563,1777158962.32329,3189,,BSF66F,,cal_static,4,G,ok,ok,2472,2472,0,0,100,100
18.980768,1777158962.348428,3189,,BSF66F,,cal_static,4,H,ok,ok,3185,3185,0,0,100,100
19.134919,1777158962.502579,3190,,BSF66F,,cal_static,4,A,reject,raw_outlier,3835,3333,0,0,84,84
19.136016,1777158962.503676,3190,,BSF66F,,cal_static,4,B,ok,ok,2646,2646,0,0,100,100
19.159839,1777158962.527499,3190,,BSF66F,,cal_static,4,C,ok,ok,2423,2423,0,0,100,100
19.162112,1777158962.529772,3190,,BSF66F,,cal_static,4,D,ok,ok,3137,3137,0,0,100,100
19.343042,1777158962.710702,3191,,BSF66F,,cal_static,4,E,ok,ok,3200,3200,0,0,100,100
19.343104,1777158962.710764,3191,,BSF66F,,cal_static,4,F,ok,ok,2447,2447,0,0,100,100
19.344984,1777158962.712644,3191,,BSF66F,,cal_static,4,G,ok,ok,2515,2515,0,0,100,100
19.362997,1777158962.730657,3191,,BSF66F,,cal_static,4,H,ok,ok,3187,3187,0,0,100,100
19.594915,1777158962.962575,3192,,BSF66F,,cal_static,4,A,ok,ok,3422,3422,0,0,85,85
19.59757,1777158962.96523,3192,,BSF66F,,cal_static,4,B,ok,ok,2678,2678,0,0,100,100
19.597627,1777158962.965287,3192,,BSF66F,,cal_static,4,C,ok,ok,2430,2430,0,0,100,100
19.599175,1777158962.966835,3192,,BSF66F,,cal_static,4,D,ok,ok,3165,3165,0,0,100,100
19.756875,1777158963.124535,3193,,BSF66F,,cal_static,4,E,ok,ok,3211,3211,0,0,100,100
19.758361,1777158963.126021,3193,,BSF66F,,cal_static,4,F,ok,ok,2507,2507,0,0,100,100
19.775086,1777158963.142746,3193,,BSF66F,,cal_static,4,G,ok,ok,2479,2479,0,0,100,100
19.777455,1777158963.145115,3193,,BSF66F,,cal_static,4,H,ok,ok,3185,3185,0,0,100,100
19.981073,1777158963.348733,3194,,BSF66F,,cal_static,4,A,ok,ok,3641,3641,0,0,85,85
19.981122,1777158963.348782,3194,,BSF66F,,cal_static,4,B,ok,ok,2698,2698,0,0,100,100
19.982862,1777158963.350522,3194,,BSF66F,,cal_static,4,C,ok,ok,2365,2365,0,0,100,100
20.007211,1777158963.374871,3194,,BSF66F,,cal_static,4,D,ok,ok,3158,3158,0,0,100,100
20.138061,1777158963.505721,3195,,BSF66F,,cal_static,4,E,ok,ok,3210,3210,0,0,100,100
20.138128,1777158963.505788,3195,,BSF66F,,cal_static,4,F,ok,ok,2520,2520,0,0,100,100
20.140094,1777158963.507754,3195,,BSF66F,,cal_static,4,G,ok,ok,2460,2460,0,0,100,100
20.157446,1777158963.525106,3195,,BSF66F,,cal_static,4,H,ok,ok,3206,3206,0,0,100,100
20.394678,1777158963.762338,3196,,BSF66F,,cal_static,4,A,ok,ok,3461,3461,0,0,86,86
20.396079,1777158963.763739,3196,,BSF66F,,cal_static,4,B,ok,ok,2675,2675,0,0,100,100
20.420288,1777158963.787948,3196,,BSF66F,,cal_static,4,C,ok,ok,2448,2448,0,0,100,100
20.421726,1777158963.789386,3196,,BSF66F,,cal_static,4,D,ok,ok,3116,3116,0,0,100,100
20.550514,1777158963.918174,3197,,BSF66F,,cal_static,4,E,ok,ok,3228,3228,0,0,100,100
20.550586,1777158963.918246,3197,,BSF66F,,cal_static,4,F,ok,ok,2438,2438,0,0,100,100
20.552407,1777158963.920067,3197,,BSF66F,,cal_static,4,G,ok,ok,2486,2486,0,0,100,100
20.571019,1777158963.938679,3197,,BSF66F,,cal_static,4,H,ok,ok,3179,3179,0,0,100,100
20.783159,1777158964.150819,3198,,BSF66F,,cal_static,4,A,ok,ok,3256,3256,0,0,86,86
20.783228,1777158964.150888,3198,,BSF66F,,cal_static,4,B,ok,ok,2718,2718,0,0,100,100
20.785127,1777158964.152787,3198,,BSF66F,,cal_static,4,C,ok,ok,2395,2395,0,0,100,100
20.802805,1777158964.170465,3198,,BSF66F,,cal_static,4,D,ok,ok,3106,3106,0,0,100,100
20.965242,1777158964.332902,3199,,BSF66F,,cal_static,4,E,ok,ok,3200,3200,0,0,100,100
20.965267,1777158964.332927,3199,,BSF66F,,cal_static,4,F,ok,ok,2450,2450,0,0,100,100
20.982903,1777158964.350563,3199,,BSF66F,,cal_static,4,G,ok,ok,2490,2490,0,0,100,100
20.985055,1777158964.352715,3199,,BSF66F,,cal_static,4,H,ok,ok,3178,3178,0,0,100,100
21.142334,1777158964.509994,3200,,BSF66F,,cal_static,4,A,reject,raw_outlier,3786,3256,0,0,83,83
21.144556,1777158964.512216,3200,,BSF66F,,cal_static,4,B,ok,ok,2704,2704,0,0,100,100
21.144899,1777158964.512559,3200,,BSF66F,,cal_static,4,C,ok,ok,2414,2414,0,0,100,100
21.162487,1777158964.530147,3200,,BSF66F,,cal_static,4,D,ok,ok,3162,3162,0,0,100,100
21.34557,1777158964.71323,3201,,BSF66F,,cal_static,4,E,ok,ok,3206,3206,0,0,100,100
21.345595,1777158964.713255,3201,,BSF66F,,cal_static,4,F,ok,ok,2450,2450,0,0,100,100
21.347809,1777158964.715469,3201,,BSF66F,,cal_static,4,G,ok,ok,2461,2461,0,0,100,100
21.39522,1777158964.76288,3201,,BSF66F,,cal_static,4,H,ok,ok,3163,3163,0,0,100,100
21.527804,1777158964.895464,3202,,BSF66F,,cal_static,4,A,ok,ok,3290,3290,0,0,84,84
21.52786,1777158964.89552,3202,,BSF66F,,cal_static,4,B,timeout,rx_timeout,0,2704,0,0,96,96
21.552576,1777158964.920236,3202,,BSF66F,,cal_static,4,C,timeout,rx_timeout,0,2414,0,0,96,96
21.55482,1777158964.92248,3202,,BSF66F,,cal_static,4,D,ok,ok,3083,3083,0,0,100,100
21.758395,1777158965.126055,3203,,BSF66F,,cal_static,4,E,ok,ok,3221,3221,0,0,100,100
21.758433,1777158965.126093,3203,,BSF66F,,cal_static,4,F,timeout,rx_timeout,0,2450,0,0,96,96
21.759956,1777158965.127616,3203,,BSF66F,,cal_static,4,G,ok,ok,2494,2494,0,0,100,100
21.777847,1777158965.145507,3203,,BSF66F,,cal_static,4,H,ok,ok,3252,3252,0,0,100,100
21.957035,1777158965.324695,3204,,BSF66F,,cal_static,4,A,ok,ok,3647,3647,0,0,84,84
21.959697,1777158965.327357,3204,,BSF66F,,cal_static,4,B,ok,ok,2664,2664,0,0,96,96
21.959746,1777158965.327406,3204,,BSF66F,,cal_static,4,C,ok,ok,2427,2427,0,0,96,96
21.962012,1777158965.329672,3204,,BSF66F,,cal_static,4,D,ok,ok,3119,3119,0,0,100,100
22.14191,1777158965.50957,3205,,BSF66F,,cal_static,4,E,ok,ok,3208,3208,0,0,100,100
22.143551,1777158965.511211,3205,,BSF66F,,cal_static,4,F,ok,ok,2475,2475,0,0,96,96
22.167695,1777158965.535355,3205,,BSF66F,,cal_static,4,G,ok,ok,2483,2483,0,0,100,100
22.169819,1777158965.537479,3205,,BSF66F,,cal_static,4,H,ok,ok,3223,3223,0,0,100,100
22.403283,1777158965.770943,3206,,BSF66F,,cal_static,4,A,ok,ok,3563,3563,0,0,85,85
22.403359,1777158965.771019,3206,,BSF66F,,cal_static,4,B,ok,ok,2656,2656,0,0,96,96
22.404973,1777158965.772633,3206,,BSF66F,,cal_static,4,C,ok,ok,2419,2419,0,0,96,96
22.422127,1777158965.789787,3206,,BSF66F,,cal_static,4,D,ok,ok,3176,3176,0,0,100,100
22.530493,1777158965.898153,3207,,BSF66F,,cal_static,4,E,ok,ok,3257,3257,0,0,100,100
22.530551,1777158965.898211,3207,,BSF66F,,cal_static,4,F,ok,ok,2467,2467,0,0,96,96
22.532623,1777158965.900283,3207,,BSF66F,,cal_static,4,G,ok,ok,2481,2481,0,0,100,100
22.550028,1777158965.917688,3207,,BSF66F,,cal_static,4,H,ok,ok,3193,3193,0,0,100,100
22.785761,1777158966.153421,3208,,BSF66F,,cal_static,4,A,ok,ok,3629,3629,0,0,85,85
22.78584,1777158966.1535,3208,,BSF66F,,cal_static,4,B,ok,ok,2702,2702,0,0,96,96
22.787766,1777158966.155426,3208,,BSF66F,,cal_static,4,C,ok,ok,2454,2454,0,0,96,96
22.835057,1777158966.202717,3208,,BSF66F,,cal_static,4,D,ok,ok,3149,3149,0,0,100,100
22.943269,1777158966.310929,3209,,BSF66F,,cal_static,4,E,ok,ok,3273,3273,0,0,100,100
22.943347,1777158966.311007,3209,,BSF66F,,cal_static,4,F,ok,ok,2426,2426,0,0,96,96
22.944876,1777158966.312536,3209,,BSF66F,,cal_static,4,G,ok,ok,2475,2475,0,0,100,100
22.962909,1777158966.330569,3209,,BSF66F,,cal_static,4,H,ok,ok,3149,3149,0,0,100,100
23.197967,1777158966.565627,3210,,BSF66F,,cal_static,4,A,ok,ok,3535,3535,0,0,86,86
23.198039,1777158966.565699,3210,,BSF66F,,cal_static,4,B,ok,ok,2666,2666,0,0,96,96
23.217294,1777158966.584954,3210,,BSF66F,,cal_static,4,C,ok,ok,2426,2426,0,0,96,96
23.219653,1777158966.587313,3210,,BSF66F,,cal_static,4,D,ok,ok,3178,3178,0,0,100,100
23.356846,1777158966.724506,3211,,BSF66F,,cal_static,4,E,ok,ok,3202,3202,0,0,100,100
23.358347,1777158966.726007,3211,,BSF66F,,cal_static,4,F,ok,ok,2442,2442,0,0,96,96
23.375157,1777158966.742817,3211,,BSF66F,,cal_static,4,G,ok,ok,2487,2487,0,0,100,100
23.37775,1777158966.74541,3211,,BSF66F,,cal_static,4,H,ok,ok,3179,3179,0,0,100,100
23.580701,1777158966.948361,3212,,BSF66F,,cal_static,4,A,ok,ok,3542,3542,0,0,86,86
23.580745,1777158966.948405,3212,,BSF66F,,cal_static,4,B,ok,ok,2683,2683,0,0,96,96
23.582537,1777158966.950197,3212,,BSF66F,,cal_static,4,C,ok,ok,2429,2429,0,0,96,96
23.607493,1777158966.975153,3212,,BSF66F,,cal_static,4,D,ok,ok,3135,3135,0,0,100,100
23.7383,1777158967.10596,3213,,BSF66F,,cal_static,4,E,ok,ok,3230,3230,0,0,100,100
23.738384,1777158967.106044,3213,,BSF66F,,cal_static,4,F,ok,ok,2478,2478,0,0,96,96
23.739776,1777158967.107436,3213,,BSF66F,,cal_static,4,G,ok,ok,2477,2477,0,0,100,100
23.757928,1777158967.125588,3213,,BSF66F,,cal_static,4,H,ok,ok,3165,3165,0,0,100,100
23.94189,1777158967.30955,3214,,BSF66F,,cal_static,4,A,ok,ok,3702,3702,0,0,87,87
23.943553,1777158967.311213,3214,,BSF66F,,cal_static,4,B,ok,ok,2722,2722,0,0,96,96
23.967712,1777158967.335372,3214,,BSF66F,,cal_static,4,C,ok,ok,2438,2438,0,0,96,96
23.969818,1777158967.337478,3214,,BSF66F,,cal_static,4,D,ok,ok,3144,3144,0,0,100,100
24.150608,1777158967.518268,3215,,BSF66F,,cal_static,4,E,ok,ok,3206,3206,0,0,100,100
24.150674,1777158967.518334,3215,,BSF66F,,cal_static,4,F,ok,ok,2452,2452,0,0,96,96
24.152463,1777158967.520123,3215,,BSF66F,,cal_static,4,G,ok,ok,2484,2484,0,0,100,100
24.170117,1777158967.537777,3215,,BSF66F,,cal_static,4,H,ok,ok,3212,3212,0,0,100,100
24.380522,1777158967.748182,3216,,BSF66F,,cal_static,4,A,ok,ok,3523,3523,0,0,87,87
24.382908,1777158967.750568,3216,,BSF66F,,cal_static,4,B,ok,ok,2709,2709,0,0,96,96
24.382977,1777158967.750637,3216,,BSF66F,,cal_static,4,C,ok,ok,2410,2410,0,0,96,96
24.384526,1777158967.752186,3216,,BSF66F,,cal_static,4,D,ok,ok,3188,3188,0,0,100,100
24.558952,1777158967.926612,3217,,BSF66F,,cal_static,4,E,ok,ok,3301,3301,0,0,100,100
24.560527,1777158967.928187,3217,,BSF66F,,cal_static,4,F,ok,ok,2454,2454,0,0,100,100
24.563145,1777158967.930805,3217,,BSF66F,,cal_static,4,G,ok,ok,2473,2473,0,0,100,100
24.563223,1777158967.930883,3217,,BSF66F,,cal_static,4,H,ok,ok,3165,3165,0,0,100,100
24.817407,1777158968.185067,3218,,BSF66F,,cal_static,4,A,ok,ok,3187,3187,0,0,88,88
24.817475,1777158968.185135,3218,,BSF66F,,cal_static,4,B,ok,ok,2697,2697,0,0,100,100
24.819131,1777158968.186791,3218,,BSF66F,,cal_static,4,C,ok,ok,2446,2446,0,0,100,100
24.820834,1777158968.188494,3218,,BSF66F,,cal_static,4,D,ok,ok,3134,3134,0,0,100,100
24.945685,1777158968.313345,3219,,BSF66F,,cal_static,4,E,ok,ok,3283,3283,0,0,100,100
24.945713,1777158968.313373,3219,,BSF66F,,cal_static,4,F,ok,ok,2431,2431,0,0,100,100
24.947847,1777158968.315507,3219,,BSF66F,,cal_static,4,G,ok,ok,2467,2467,0,0,100,100
24.995544,1777158968.363204,3219,,BSF66F,,cal_static,4,H,ok,ok,3227,3227,0,0,100,100
25.179508,1777158968.547168,3220,,BSF66F,,cal_static,4,A,ok,ok,3116,3116,0,0,88,88
25.180904,1777158968.548564,3220,,BSF66F,,cal_static,4,B,ok,ok,2646,2646,0,0,100,100
25.197695,1777158968.565355,3220,,BSF66F,,cal_static,4,C,ok,ok,2423,2423,0,0,100,100
25.200244,1777158968.567904,3220,,BSF66F,,cal_static,4,D,ok,ok,3143,3143,0,0,100,100
25.358212,1777158968.725872,3221,,BSF66F,,cal_static,4,E,ok,ok,3242,3242,0,0,100,100
25.358454,1777158968.726114,3221,,BSF66F,,cal_static,4,F,ok,ok,2510,2510,0,0,100,100
25.360114,1777158968.727774,3221,,BSF66F,,cal_static,4,G,ok,ok,2472,2472,0,0,100,100
25.378058,1777158968.745718,3221,,BSF66F,,cal_static,4,H,ok,ok,3147,3147,0,0,100,100
25.590651,1777158968.958311,3222,,BSF66F,,cal_static,4,A,ok,ok,3120,3120,0,0,89,89
25.590697,1777158968.958357,3222,,BSF66F,,cal_static,4,B,ok,ok,2685,2685,0,0,100,100
25.5929,1777158968.96056,3222,,BSF66F,,cal_static,4,C,ok,ok,2435,2435,0,0,100,100
25.609716,1777158968.977376,3222,,BSF66F,,cal_static,4,D,ok,ok,3122,3122,0,0,100,100
25.742772,1777158969.110432,3223,,BSF66F,,cal_static,4,E,ok,ok,3196,3196,0,0,100,100
25.742838,1777158969.110498,3223,,BSF66F,,cal_static,4,F,ok,ok,2414,2414,0,0,100,100
25.767753,1777158969.135413,3223,,BSF66F,,cal_static,4,G,ok,ok,2470,2470,0,0,100,100
25.770001,1777158969.137661,3223,,BSF66F,,cal_static,4,H,ok,ok,3190,3190,0,0,100,100
25.969893,1777158969.337553,3224,,BSF66F,,cal_static,4,A,ok,ok,3301,3301,0,0,90,90
25.971668,1777158969.339328,3224,,BSF66F,,cal_static,4,B,ok,ok,2681,2681,0,0,100,100
25.974119,1777158969.341779,3224,,BSF66F,,cal_static,4,C,ok,ok,2367,2367,0,0,100,100
25.974154,1777158969.341814,3224,,BSF66F,,cal_static,4,D,ok,ok,3128,3128,0,0,100,100
26.153106,1777158969.520766,3225,,BSF66F,,cal_static,4,E,ok,ok,3222,3222,0,0,100,100
26.153148,1777158969.520808,3225,,BSF66F,,cal_static,4,F,ok,ok,2462,2462,0,0,100,100
26.155322,1777158969.522982,3225,,BSF66F,,cal_static,4,G,ok,ok,2494,2494,0,0,100,100
26.180218,1777158969.547878,3225,,BSF66F,,cal_static,4,H,ok,ok,3228,3228,0,0,100,100
26.334914,1777158969.702574,3226,,BSF66F,,cal_static,4,A,ok,ok,3663,3663,0,0,90,90
26.336147,1777158969.703807,3226,,BSF66F,,cal_static,4,B,ok,ok,2685,2685,0,0,100,100
26.360243,1777158969.727903,3226,,BSF66F,,cal_static,4,C,ok,ok,2441,2441,0,0,100,100
26.36303,1777158969.73069,3226,,BSF66F,,cal_static,4,D,timeout,rx_timeout,0,3128,0,0,95,95
26.543227,1777158969.910887,3227,,BSF66F,,cal_static,4,E,ok,ok,3205,3205,0,0,100,100
26.543303,1777158969.910963,3227,,BSF66F,,cal_static,4,F,ok,ok,2463,2463,0,0,100,100
26.545034,1777158969.912694,3227,,BSF66F,,cal_static,4,G,timeout,rx_timeout,0,2494,0,0,95,95
26.59329,1777158969.96095,3227,,BSF66F,,cal_static,4,H,timeout,rx_timeout,0,3228,0,0,95,95
26.798478,1777158970.166138,3228,,BSF66F,,cal_static,4,A,ok,ok,3484,3484,0,0,90,90
26.798547,1777158970.166207,3228,,BSF66F,,cal_static,4,B,ok,ok,2674,2674,0,0,100,100
26.800201,1777158970.167861,3228,,BSF66F,,cal_static,4,C,ok,ok,2397,2397,0,0,100,100
26.817607,1777158970.185267,3228,,BSF66F,,cal_static,4,D,ok,ok,3175,3175,0,0,95,95
26.957808,1777158970.325468,3229,,BSF66F,,cal_static,4,E,ok,ok,3183,3183,0,0,100,100
26.957882,1777158970.325542,3229,,BSF66F,,cal_static,4,F,ok,ok,2452,2452,0,0,100,100
26.975322,1777158970.342982,3229,,BSF66F,,cal_static,4,G,ok,ok,2470,2470,0,0,95,95
26.977811,1777158970.345471,3229,,BSF66F,,cal_static,4,H,ok,ok,3206,3206,0,0,95,95
27.180678,1777158970.548338,3230,,BSF66F,,cal_static,4,A,ok,ok,3196,3196,0,0,91,91
27.180787,1777158970.548447,3230,,BSF66F,,cal_static,4,B,ok,ok,2685,2685,0,0,100,100
27.182504,1777158970.550164,3230,,BSF66F,,cal_static,4,C,ok,ok,2410,2410,0,0,100,100
27.230847,1777158970.598507,3230,,BSF66F,,cal_static,4,D,ok,ok,3102,3102,0,0,95,95
27.337406,1777158970.705066,3231,,BSF66F,,cal_static,4,E,ok,ok,3235,3235,0,0,100,100
27.339428,1777158970.707088,3231,,BSF66F,,cal_static,4,F,ok,ok,2431,2431,0,0,100,100
27.339971,1777158970.707631,3231,,BSF66F,,cal_static,4,G,ok,ok,2473,2473,0,0,95,95
27.410656,1777158970.778316,3231,,BSF66F,,cal_static,4,H,ok,ok,3180,3180,0,0,95,95
27.593509,1777158970.961169,3232,,BSF66F,,cal_static,4,A,ok,ok,3206,3206,0,0,91,91
27.593571,1777158970.961231,3232,,BSF66F,,cal_static,4,B,ok,ok,2711,2711,0,0,100,100
27.595169,1777158970.962829,3232,,BSF66F,,cal_static,4,C,ok,ok,2421,2421,0,0,100,100
27.62052,1777158970.98818,3232,,BSF66F,,cal_static,4,D,ok,ok,3147,3147,0,0,95,95
27.750876,1777158971.118536,3233,,BSF66F,,cal_static,4,E,ok,ok,3283,3283,0,0,100,100
27.750932,1777158971.118592,3233,,BSF66F,,cal_static,4,F,ok,ok,2445,2445,0,0,100,100
27.75261,1777158971.12027,3233,,BSF66F,,cal_static,4,G,ok,ok,2499,2499,0,0,96,96
27.77047,1777158971.13813,3233,,BSF66F,,cal_static,4,H,ok,ok,3188,3188,0,0,96,96
27.982586,1777158971.350246,3234,,BSF66F,,cal_static,4,A,ok,ok,3444,3444,0,0,92,92
27.984172,1777158971.351832,3234,,BSF66F,,cal_static,4,B,ok,ok,2665,2665,0,0,100,100
27.985455,1777158971.353115,3234,,BSF66F,,cal_static,4,C,ok,ok,2392,2392,0,0,100,100
28.002377,1777158971.370037,3234,,BSF66F,,cal_static,4,D,ok,ok,3162,3162,0,0,96,96
28.135858,1777158971.503518,3235,,BSF66F,,cal_static,4,E,ok,ok,3214,3214,0,0,100,100
28.135907,1777158971.503567,3235,,BSF66F,,cal_static,4,F,ok,ok,2407,2407,0,0,100,100
28.160572,1777158971.528232,3235,,BSF66F,,cal_static,4,G,ok,ok,2494,2494,0,0,96,96
28.183186,1777158971.550846,3235,,BSF66F,,cal_static,4,H,ok,ok,3196,3196,0,0,96,96
28.396031,1777158971.763691,3236,,BSF66F,,cal_static,4,A,ok,ok,3288,3288,0,0,92,92
28.396082,1777158971.763742,3236,,BSF66F,,cal_static,4,B,ok,ok,2664,2664,0,0,100,100
28.397791,1777158971.765451,3236,,BSF66F,,cal_static,4,C,ok,ok,2422,2422,0,0,100,100
28.438015,1777158971.805675,3236,,BSF66F,,cal_static,4,D,ok,ok,3147,3147,0,0,96,96
28.545638,1777158971.913298,3237,,BSF66F,,cal_static,4,E,ok,ok,3234,3234,0,0,100,100
28.54569,1777158971.91335,3237,,BSF66F,,cal_static,4,F,ok,ok,2427,2427,0,0,100,100
28.547833,1777158971.915493,3237,,BSF66F,,cal_static,4,G,ok,ok,2485,2485,0,0,96,96
28.595313,1777158971.962973,3237,,BSF66F,,cal_static,4,H,ok,ok,3151,3151,0,0,96,96
28.75733,1777158972.12499,3238,,BSF66F,,cal_static,4,A,ok,ok,3650,3650,0,0,92,92
28.758754,1777158972.126414,3238,,BSF66F,,cal_static,4,B,ok,ok,2680,2680,0,0,100,100
28.775487,1777158972.143147,3238,,BSF66F,,cal_static,4,C,ok,ok,2403,2403,0,0,100,100
28.777959,1777158972.145619,3238,,BSF66F,,cal_static,4,D,ok,ok,3167,3167,0,0,96,96
28.958449,1777158972.326109,3239,,BSF66F,,cal_static,4,E,ok,ok,3214,3214,0,0,100,100
28.958487,1777158972.326147,3239,,BSF66F,,cal_static,4,F,ok,ok,2476,2476,0,0,100,100
28.96038,1777158972.32804,3239,,BSF66F,,cal_static,4,G,ok,ok,2478,2478,0,0,96,96
28.978237,1777158972.345897,3239,,BSF66F,,cal_static,4,H,ok,ok,3193,3193,0,0,96,96
29.187568,1777158972.555228,3240,,BSF66F,,cal_static,4,A,ok,ok,3223,3223,0,0,92,92
29.189088,1777158972.556748,3240,,BSF66F,,cal_static,4,B,ok,ok,2660,2660,0,0,100,100
29.191632,1777158972.559292,3240,,BSF66F,,cal_static,4,C,ok,ok,2426,2426,0,0,100,100
29.191772,1777158972.559432,3240,,BSF66F,,cal_static,4,D,ok,ok,3138,3138,0,0,96,96
29.371313,1777158972.738973,3241,,BSF66F,,cal_static,4,E,ok,ok,3233,3233,0,0,100,100
29.371378,1777158972.739038,3241,,BSF66F,,cal_static,4,F,ok,ok,2468,2468,0,0,100,100
29.372973,1777158972.740633,3241,,BSF66F,,cal_static,4,G,ok,ok,2483,2483,0,0,96,96
29.419852,1777158972.787512,3241,,BSF66F,,cal_static,4,H,ok,ok,3155,3155,0,0,96,96
29.603451,1777158972.971111,3242,,BSF66F,,cal_static,4,A,ok,ok,3488,3488,0,0,93,93
29.603515,1777158972.971175,3242,,BSF66F,,cal_static,4,B,ok,ok,2705,2705,0,0,100,100
29.605349,1777158972.973009,3242,,BSF66F,,cal_static,4,C,ok,ok,2433,2433,0,0,100,100
29.62254,1777158972.9902,3242,,BSF66F,,cal_static,4,D,ok,ok,3131,3131,0,0,96,96
29.753169,1777158973.120829,3243,,BSF66F,,cal_static,4,E,ok,ok,3208,3208,0,0,100,100
29.753442,1777158973.121102,3243,,BSF66F,,cal_static,4,F,ok,ok,2510,2510,0,0,100,100
29.755104,1777158973.122764,3243,,BSF66F,,cal_static,4,G,ok,ok,2482,2482,0,0,96,96
29.780374,1777158973.148034,3243,,BSF66F,,cal_static,4,H,ok,ok,3200,3200,0,0,96,96
29.987444,1777158973.355104,3244,,BSF66F,,cal_static,4,A,ok,ok,3123,3123,0,0,93,93
29.989068,1777158973.356728,3244,,BSF66F,,cal_static,4,B,ok,ok,2664,2664,0,0,100,100
30.035819,1777158973.403479,3244,,BSF66F,,cal_static,4,C,ok,ok,2426,2426,0,0,100,100
30.038115,1777158973.405775,3244,,BSF66F,,cal_static,4,D,ok,ok,3134,3134,0,0,96,96
30.143511,1777158973.511171,3245,,BSF66F,,cal_static,4,E,ok,ok,3204,3204,0,0,100,100
30.143558,1777158973.511218,3245,,BSF66F,,cal_static,4,F,ok,ok,2490,2490,0,0,100,100
30.14529,1777158973.51295,3245,,BSF66F,,cal_static,4,G,ok,ok,2499,2499,0,0,96,96
30.162891,1777158973.530551,3245,,BSF66F,,cal_static,4,H,ok,ok,3205,3205,0,0,96,96
30.397946,1777158973.765606,3246,,BSF66F,,cal_static,4,A,ok,ok,3498,3498,0,0,93,93
30.417748,1777158973.785408,3246,,BSF66F,,cal_static,4,B,ok,ok,2656,2656,0,0,100,100
30.419964,1777158973.787624,3246,,BSF66F,,cal_static,4,C,ok,ok,2458,2458,0,0,100,100
30.42003,1777158973.78769,3246,,BSF66F,,cal_static,4,D,ok,ok,3158,3158,0,0,96,96
30.579646,1777158973.947306,3247,,BSF66F,,cal_static,4,E,ok,ok,3230,3230,0,0,100,100
30.579705,1777158973.947365,3247,,BSF66F,,cal_static,4,F,ok,ok,2481,2481,0,0,100,100
30.596969,1777158973.964629,3247,,BSF66F,,cal_static,4,G,ok,ok,2485,2485,0,0,96,96
30.599124,1777158973.966784,3247,,BSF66F,,cal_static,4,H,ok,ok,3206,3206,0,0,96,96
30.758409,1777158974.126069,3248,,BSF66F,,cal_static,4,A,ok,ok,3631,3631,0,0,93,93
30.758465,1777158974.126125,3248,,BSF66F,,cal_static,4,B,ok,ok,2652,2652,0,0,100,100
30.760268,1777158974.127928,3248,,BSF66F,,cal_static,4,C,ok,ok,2439,2439,0,0,100,100
30.777863,1777158974.145523,3248,,BSF66F,,cal_static,4,D,ok,ok,3175,3175,0,0,96,96
30.93798,1777158974.30564,3249,,BSF66F,,cal_static,4,E,ok,ok,3279,3279,0,0,100,100
30.939858,1777158974.307518,3249,,BSF66F,,cal_static,4,F,ok,ok,2430,2430,0,0,100,100
30.956855,1777158974.324515,3249,,BSF66F,,cal_static,4,G,ok,ok,2478,2478,0,0,100,100
30.958969,1777158974.326629,3249,,BSF66F,,cal_static,4,H,ok,ok,3206,3206,0,0,100,100
31.120022,1777158974.487682,3250,,BSF66F,,cal_static,4,A,reject,raw_outlier,3118,3631,0,0,88,88
31.121647,1777158974.489307,3250,,BSF66F,,cal_static,4,B,ok,ok,2679,2679,0,0,100,100
31.13805,1777158974.50571,3250,,BSF66F,,cal_static,4,C,ok,ok,2410,2410,0,0,100,100
31.140278,1777158974.507938,3250,,BSF66F,,cal_static,4,D,ok,ok,3127,3127,0,0,100,100
31.35085,1777158974.71851,3251,,BSF66F,,cal_static,4,E,ok,ok,3213,3213,0,0,100,100
31.350908,1777158974.718568,3251,,BSF66F,,cal_static,4,F,ok,ok,2465,2465,0,0,100,100
31.352833,1777158974.720493,3251,,BSF66F,,cal_static,4,G,ok,ok,2471,2471,0,0,100,100
31.370352,1777158974.738012,3251,,BSF66F,,cal_static,4,H,ok,ok,3221,3221,0,0,100,100
31.635292,1777158975.002952,3252,,BSF66F,,cal_static,4,A,reject,raw_outlier,3142,3631,0,0,83,83
31.636706,1777158975.004366,3252,,BSF66F,,cal_static,4,B,timeout,rx_timeout,0,2679,0,0,94,94
31.638098,1777158975.005758,3252,,BSF66F,,cal_static,4,C,timeout,rx_timeout,0,2410,0,0,94,94
31.677957,1777158975.045617,3252,,BSF66F,,cal_static,4,D,ok,ok,3155,3155,0,0,100,100
31.735179,1777158975.102839,3253,,BSF66F,,cal_static,4,E,ok,ok,3245,3245,0,0,100,100
31.759359,1777158975.127019,3253,,BSF66F,,cal_static,4,F,timeout,rx_timeout,0,2465,0,0,94,94
31.762093,1777158975.129753,3253,,BSF66F,,cal_static,4,G,ok,ok,2492,2492,0,0,100,100
31.762143,1777158975.129803,3253,,BSF66F,,cal_static,4,H,ok,ok,3239,3239,0,0,100,100
31.943977,1777158975.311637,3254,,BSF66F,,cal_static,4,A,ok,ok,3815,3815,0,0,84,84
31.944166,1777158975.311826,3254,,BSF66F,,cal_static,4,B,ok,ok,2703,2703,0,0,94,94
31.945456,1777158975.313116,3254,,BSF66F,,cal_static,4,C,ok,ok,2415,2415,0,0,94,94
31.962882,1777158975.330542,3254,,BSF66F,,cal_static,4,D,ok,ok,3132,3132,0,0,100,100
32.145846,1777158975.513506,3255,,BSF66F,,cal_static,4,E,ok,ok,3208,3208,0,0,100,100
32.145879,1777158975.513539,3255,,BSF66F,,cal_static,4,F,ok,ok,2435,2435,0,0,95,95
32.14801,1777158975.51567,3255,,BSF66F,,cal_static,4,G,ok,ok,2476,2476,0,0,100,100
32.195662,1777158975.563322,3255,,BSF66F,,cal_static,4,H,ok,ok,3196,3196,0,0,100,100
32.401332,1777158975.768992,3256,,BSF66F,,cal_static,4,A,ok,ok,3613,3613,0,0,85,85
32.40138,1777158975.76904,3256,,BSF66F,,cal_static,4,B,ok,ok,2685,2685,0,0,95,95
32.402761,1777158975.770421,3256,,BSF66F,,cal_static,4,C,ok,ok,2412,2412,0,0,95,95
32.427476,1777158975.795136,3256,,BSF66F,,cal_static,4,D,ok,ok,3154,3154,0,0,100,100
32.558766,1777158975.926426,3257,,BSF66F,,cal_static,4,E,ok,ok,3269,3269,0,0,100,100
32.558834,1777158975.926494,3257,,BSF66F,,cal_static,4,F,ok,ok,2530,2530,0,0,95,95
32.560427,1777158975.928087,3257,,BSF66F,,cal_static,4,G,ok,ok,2486,2486,0,0,100,100
32.578011,1777158975.945671,3257,,BSF66F,,cal_static,4,H,ok,ok,3194,3194,0,0,100,100
32.738494,1777158976.106154,3258,,BSF66F,,cal_static,4,A,ok,ok,3732,3732,0,0,85,85
32.738534,1777158976.106194,3258,,BSF66F,,cal_static,4,B,ok,ok,2672,2672,0,0,95,95
32.73997,1777158976.10763,3258,,BSF66F,,cal_static,4,C,ok,ok,2388,2388,0,0,95,95
32.757962,1777158976.125622,3258,,BSF66F,,cal_static,4,D,ok,ok,3176,3176,0,0,100,100
32.942238,1777158976.309898,3259,,BSF66F,,cal_static,4,E,ok,ok,3228,3228,0,0,100,100
32.943837,1777158976.311497,3259,,BSF66F,,cal_static,4,F,ok,ok,2433,2433,0,0,95,95
32.990572,1777158976.358232,3259,,BSF66F,,cal_static,4,G,ok,ok,2466,2466,0,0,100,100
32.992747,1777158976.360407,3259,,BSF66F,,cal_static,4,H,ok,ok,3165,3165,0,0,100,100
33.150291,1777158976.517951,3260,,BSF66F,,cal_static,4,A,reject,raw_outlier,3065,3732,0,0,81,81
33.152292,1777158976.519952,3260,,BSF66F,,cal_static,4,B,ok,ok,2697,2697,0,0,95,95
33.152849,1777158976.520509,3260,,BSF66F,,cal_static,4,C,ok,ok,2387,2387,0,0,95,95
33.170451,1777158976.538111,3260,,BSF66F,,cal_static,4,D,ok,ok,3111,3111,0,0,100,100
33.353513,1777158976.721173,3261,,BSF66F,,cal_static,4,E,ok,ok,3221,3221,0,0,100,100
33.3536,1777158976.72126,3261,,BSF66F,,cal_static,4,F,ok,ok,2450,2450,0,0,95,95
33.355749,1777158976.723409,3261,,BSF66F,,cal_static,4,G,ok,ok,2462,2462,0,0,100,100
33.380992,1777158976.748652,3261,,BSF66F,,cal_static,4,H,ok,ok,3137,3137,0,0,100,100
33.587946,1777158976.955606,3262,,BSF66F,,cal_static,4,A,ok,ok,3516,3516,0,0,82,82
33.634978,1777158977.002638,3262,,BSF66F,,cal_static,4,B,ok,ok,2689,2689,0,0,95,95
33.637415,1777158977.005075,3262,,BSF66F,,cal_static,4,C,ok,ok,2457,2457,0,0,95,95
33.637453,1777158977.005113,3262,,BSF66F,,cal_static,4,D,ok,ok,3143,3143,0,0,100,100
33.744224,1777158977.111884,3263,,BSF66F,,cal_static,4,E,ok,ok,3248,3248,0,0,100,100
33.744469,1777158977.112129,3263,,BSF66F,,cal_static,4,F,ok,ok,2436,2436,0,0,95,95
33.762247,1777158977.129907,3263,,BSF66F,,cal_static,4,G,ok,ok,2472,2472,0,0,100,100
33.763989,1777158977.131649,3263,,BSF66F,,cal_static,4,H,ok,ok,3207,3207,0,0,100,100
33.995598,1777158977.363258,3264,,BSF66F,,cal_static,4,A,ok,ok,3113,3113,0,0,83,83
33.998022,1777158977.365682,3264,,BSF66F,,cal_static,4,B,ok,ok,2645,2645,0,0,95,95
33.998071,1777158977.365731,3264,,BSF66F,,cal_static,4,C,ok,ok,2383,2383,0,0,95,95
33.999893,1777158977.367553,3264,,BSF66F,,cal_static,4,D,ok,ok,3169,3169,0,0,100,100
34.157345,1777158977.525005,3265,,BSF66F,,cal_static,4,E,ok,ok,3236,3236,0,0,100,100
34.158764,1777158977.526424,3265,,BSF66F,,cal_static,4,F,ok,ok,2476,2476,0,0,96,96
34.175381,1777158977.543041,3265,,BSF66F,,cal_static,4,G,ok,ok,2486,2486,0,0,100,100
34.177708,1777158977.545368,3265,,BSF66F,,cal_static,4,H,ok,ok,3211,3211,0,0,100,100
34.357715,1777158977.725375,3266,,BSF66F,,cal_static,4,A,reject,raw_outlier,3609,3113,0,0,80,80
34.359856,1777158977.727516,3266,,BSF66F,,cal_static,4,B,ok,ok,2646,2646,0,0,96,96
34.36034,1777158977.728,3266,,BSF66F,,cal_static,4,C,ok,ok,2435,2435,0,0,96,96
34.377904,1777158977.745564,3266,,BSF66F,,cal_static,4,D,ok,ok,3154,3154,0,0,100,100
34.538775,1777158977.906435,3267,,BSF66F,,cal_static,4,E,ok,ok,3218,3218,0,0,100,100
34.538852,1777158977.906512,3267,,BSF66F,,cal_static,4,F,ok,ok,2476,2476,0,0,96,96
34.540821,1777158977.908481,3267,,BSF66F,,cal_static,4,G,ok,ok,2487,2487,0,0,100,100
34.558108,1777158977.925768,3267,,BSF66F,,cal_static,4,H,ok,ok,3249,3249,0,0,100,100
34.720137,1777158978.087797,3268,,BSF66F,,cal_static,4,A,reject,raw_outlier,3816,3113,0,0,76,76
34.721788,1777158978.089448,3268,,BSF66F,,cal_static,4,B,ok,ok,2653,2653,0,0,96,96
34.737925,1777158978.105585,3268,,BSF66F,,cal_static,4,C,ok,ok,2445,2445,0,0,96,96
34.740244,1777158978.107904,3268,,BSF66F,,cal_static,4,D,ok,ok,3135,3135,0,0,100,100
34.951274,1777158978.318934,3269,,BSF66F,,cal_static,4,E,ok,ok,3258,3258,0,0,100,100
34.951312,1777158978.318972,3269,,BSF66F,,cal_static,4,F,ok,ok,2421,2421,0,0,96,96
34.952886,1777158978.320546,3269,,BSF66F,,cal_static,4,G,ok,ok,2478,2478,0,0,100,100
34.970581,1777158978.338241,3269,,BSF66F,,cal_static,4,H,ok,ok,3210,3210,0,0,100,100
35.206,1777158978.57366,3270,,BSF66F,,cal_static,4,A,ok,ok,3046,3046,0,0,77,77
35.20603,1777158978.57369,3270,,BSF66F,,cal_static,4,B,ok,ok,2686,2686,0,0,96,96
35.20762,1777158978.57528,3270,,BSF66F,,cal_static,4,C,ok,ok,2385,2385,0,0,96,96
35.232747,1777158978.600407,3270,,BSF66F,,cal_static,4,D,ok,ok,3140,3140,0,0,100,100
35.335136,1777158978.702796,3271,,BSF66F,,cal_static,4,E,ok,ok,3257,3257,0,0,100,100
35.336711,1777158978.704371,3271,,BSF66F,,cal_static,4,F,ok,ok,2449,2449,0,0,96,96
35.360512,1777158978.728172,3271,,BSF66F,,cal_static,4,G,ok,ok,2475,2475,0,0,100,100
35.363226,1777158978.730886,3271,,BSF66F,,cal_static,4,H,ok,ok,3184,3184,0,0,100,100
35.59316,1777158978.96082,3272,,BSF66F,,cal_static,4,A,ok,ok,3389,3389,0,0,78,78
35.595851,1777158978.963511,3272,,BSF66F,,cal_static,4,B,ok,ok,2709,2709,0,0,96,96
35.595921,1777158978.963581,3272,,BSF66F,,cal_static,4,C,ok,ok,2457,2457,0,0,96,96
35.597335,1777158978.964995,3272,,BSF66F,,cal_static,4,D,ok,ok,3167,3167,0,0,100,100
35.745905,1777158979.113565,3273,,BSF66F,,cal_static,4,E,ok,ok,3265,3265,0,0,100,100
35.746018,1777158979.113678,3273,,BSF66F,,cal_static,4,F,ok,ok,2490,2490,0,0,96,96
35.747761,1777158979.115421,3273,,BSF66F,,cal_static,4,G,ok,ok,2482,2482,0,0,100,100
35.795681,1777158979.163341,3273,,BSF66F,,cal_static,4,H,ok,ok,3216,3216,0,0,100,100
35.980449,1777158979.348109,3274,,BSF66F,,cal_static,4,A,ok,ok,3092,3092,0,0,79,79
35.981367,1777158979.349027,3274,,BSF66F,,cal_static,4,B,ok,ok,2662,2662,0,0,96,96
35.997949,1777158979.365609,3274,,BSF66F,,cal_static,4,C,ok,ok,2426,2426,0,0,96,96
36.000722,1777158979.368382,3274,,BSF66F,,cal_static,4,D,ok,ok,3126,3126,0,0,100,100
36.158761,1777158979.526421,3275,,BSF66F,,cal_static,4,E,ok,ok,3187,3187,0,0,100,100
36.158793,1777158979.526453,3275,,BSF66F,,cal_static,4,F,ok,ok,2436,2436,0,0,96,96
36.16042,1777158979.52808,3275,,BSF66F,,cal_static,4,G,ok,ok,2453,2453,0,0,100,100
36.17822,1777158979.54588,3275,,BSF66F,,cal_static,4,H,ok,ok,3205,3205,0,0,100,100
36.337703,1777158979.705363,3276,,BSF66F,,cal_static,4,A,reject,raw_outlier,3632,3092,0,0,76,76
36.339914,1777158979.707574,3276,,BSF66F,,cal_static,4,B,ok,ok,2673,2673,0,0,96,96
36.339946,1777158979.707606,3276,,BSF66F,,cal_static,4,C,ok,ok,2405,2405,0,0,96,96
36.358371,1777158979.726031,3276,,BSF66F,,cal_static,4,D,timeout,rx_timeout,0,3126,0,0,96,96
36.542424,1777158979.910084,3277,,BSF66F,,cal_static,4,E,ok,ok,3296,3296,0,0,100,100
36.543976,1777158979.911636,3277,,BSF66F,,cal_static,4,F,ok,ok,2495,2495,0,0,96,96
36.568084,1777158979.935744,3277,,BSF66F,,cal_static,4,G,timeout,rx_timeout,0,2453,0,0,96,96
36.570429,1777158979.938089,3277,,BSF66F,,cal_static,4,H,timeout,rx_timeout,0,3205,0,0,96,96
36.802916,1777158980.170576,3278,,BSF66F,,cal_static,4,A,ok,ok,3398,3398,0,0,77,77
36.823116,1777158980.190776,3278,,BSF66F,,cal_static,4,B,ok,ok,2691,2691,0,0,96,96
36.824671,1777158980.192331,3278,,BSF66F,,cal_static,4,C,ok,ok,2426,2426,0,0,96,96
36.826252,1777158980.193912,3278,,BSF66F,,cal_static,4,D,ok,ok,3124,3124,0,0,96,96
36.953471,1777158980.321131,3279,,BSF66F,,cal_static,4,E,ok,ok,3233,3233,0,0,100,100
36.953531,1777158980.321191,3279,,BSF66F,,cal_static,4,F,ok,ok,2443,2443,0,0,96,96
36.955204,1777158980.322864,3279,,BSF66F,,cal_static,4,G,ok,ok,2459,2459,0,0,96,96
36.980609,1777158980.348269,3279,,BSF66F,,cal_static,4,H,ok,ok,3197,3197,0,0,96,96
37.186223,1777158980.553883,3280,,BSF66F,,cal_static,4,A,ok,ok,3089,3089,0,0,78,78
37.186268,1777158980.553928,3280,,BSF66F,,cal_static,4,B,ok,ok,2643,2643,0,0,96,96
37.188262,1777158980.555922,3280,,BSF66F,,cal_static,4,C,ok,ok,2423,2423,0,0,96,96
37.256752,1777158980.624412,3280,,BSF66F,,cal_static,4,D,ok,ok,3128,3128,0,0,96,96
37.361896,1777158980.729556,3281,,BSF66F,,cal_static,4,E,ok,ok,3232,3232,0,0,100,100
37.363524,1777158980.731184,3281,,BSF66F,,cal_static,4,F,ok,ok,2421,2421,0,0,100,100
37.365976,1777158980.733636,3281,,BSF66F,,cal_static,4,G,ok,ok,2470,2470,0,0,100,100
37.366038,1777158980.733698,3281,,BSF66F,,cal_static,4,H,ok,ok,3204,3204,0,0,100,100
37.598114,1777158980.965774,3282,,BSF66F,,cal_static,4,A,ok,ok,3076,3076,0,0,82,82
37.59931,1777158980.96697,3282,,BSF66F,,cal_static,4,B,ok,ok,2648,2648,0,0,100,100
37.600879,1777158980.968539,3282,,BSF66F,,cal_static,4,C,ok,ok,2434,2434,0,0,100,100
37.617803,1777158980.985463,3282,,BSF66F,,cal_static,4,D,ok,ok,3139,3139,0,0,100,100
37.758434,1777158981.126094,3283,,BSF66F,,cal_static,4,E,ok,ok,3240,3240,0,0,100,100
37.758483,1777158981.126143,3283,,BSF66F,,cal_static,4,F,ok,ok,2451,2451,0,0,100,100
37.775991,1777158981.143651,3283,,BSF66F,,cal_static,4,G,ok,ok,2486,2486,0,0,100,100
37.777965,1777158981.145625,3283,,BSF66F,,cal_static,4,H,ok,ok,3197,3197,0,0,100,100
37.981257,1777158981.348917,3284,,BSF66F,,cal_static,4,A,ok,ok,3507,3507,0,0,83,83
37.981302,1777158981.348962,3284,,BSF66F,,cal_static,4,B,ok,ok,2671,2671,0,0,100,100
37.98302,1777158981.35068,3284,,BSF66F,,cal_static,4,C,ok,ok,2440,2440,0,0,100,100
38.007654,1777158981.375314,3284,,BSF66F,,cal_static,4,D,ok,ok,3142,3142,0,0,100,100
38.138467,1777158981.506127,3285,,BSF66F,,cal_static,4,E,ok,ok,3234,3234,0,0,100,100
38.13854,1777158981.5062,3285,,BSF66F,,cal_static,4,F,ok,ok,2417,2417,0,0,100,100
38.140662,1777158981.508322,3285,,BSF66F,,cal_static,4,G,ok,ok,2484,2484,0,0,100,100
38.158249,1777158981.525909,3285,,BSF66F,,cal_static,4,H,ok,ok,3212,3212,0,0,100,100
38.395094,1777158981.762754,3286,,BSF66F,,cal_static,4,A,ok,ok,3569,3569,0,0,84,84
38.396712,1777158981.764372,3286,,BSF66F,,cal_static,4,B,ok,ok,2669,2669,0,0,100,100
38.420782,1777158981.788442,3286,,BSF66F,,cal_static,4,C,ok,ok,2474,2474,0,0,100,100
38.423562,1777158981.791222,3286,,BSF66F,,cal_static,4,D,ok,ok,3142,3142,0,0,100,100
38.551407,1777158981.919067,3287,,BSF66F,,cal_static,4,E,ok,ok,3284,3284,0,0,100,100
38.551473,1777158981.919133,3287,,BSF66F,,cal_static,4,F,ok,ok,2425,2425,0,0,100,100
38.553107,1777158981.920767,3287,,BSF66F,,cal_static,4,G,ok,ok,2479,2479,0,0,100,100
38.570736,1777158981.938396,3287,,BSF66F,,cal_static,4,H,ok,ok,3212,3212,0,0,100,100
38.780871,1777158982.148531,3288,,BSF66F,,cal_static,4,A,ok,ok,3508,3508,0,0,85,85
38.783475,1777158982.151135,3288,,BSF66F,,cal_static,4,B,ok,ok,2663,2663,0,0,100,100
38.783648,1777158982.151308,3288,,BSF66F,,cal_static,4,C,ok,ok,2385,2385,0,0,100,100
38.78479,1777158982.15245,3288,,BSF66F,,cal_static,4,D,ok,ok,3148,3148,0,0,100,100
38.934946,1777158982.302606,3289,,BSF66F,,cal_static,4,E,ok,ok,3257,3257,0,0,100,100
38.936467,1777158982.304127,3289,,BSF66F,,cal_static,4,F,ok,ok,2416,2416,0,0,100,100
38.960762,1777158982.328422,3289,,BSF66F,,cal_static,4,G,ok,ok,2460,2460,0,0,100,100
38.962929,1777158982.330589,3289,,BSF66F,,cal_static,4,H,ok,ok,3231,3231,0,0,100,100
39.142935,1777158982.510595,3290,,BSF66F,,cal_static,4,A,reject,raw_outlier,3041,3508,0,0,80,80
39.145091,1777158982.512751,3290,,BSF66F,,cal_static,4,B,ok,ok,2709,2709,0,0,100,100
39.145169,1777158982.512829,3290,,BSF66F,,cal_static,4,C,ok,ok,2425,2425,0,0,100,100
39.163123,1777158982.530783,3290,,BSF66F,,cal_static,4,D,ok,ok,3166,3166,0,0,100,100
39.346074,1777158982.713734,3291,,BSF66F,,cal_static,4,E,ok,ok,3261,3261,0,0,100,100
39.3461,1777158982.71376,3291,,BSF66F,,cal_static,4,F,ok,ok,2423,2423,0,0,100,100
39.3484,1777158982.71606,3291,,BSF66F,,cal_static,4,G,ok,ok,2466,2466,0,0,100,100
39.395967,1777158982.763627,3291,,BSF66F,,cal_static,4,H,ok,ok,3178,3178,0,0,100,100
39.580151,1777158982.947811,3292,,BSF66F,,cal_static,4,A,ok,ok,3452,3452,0,0,81,81
39.59705,1777158982.96471,3292,,BSF66F,,cal_static,4,B,ok,ok,2693,2693,0,0,100,100
39.598527,1777158982.966187,3292,,BSF66F,,cal_static,4,C,ok,ok,2442,2442,0,0,100,100
39.601069,1777158982.968729,3292,,BSF66F,,cal_static,4,D,ok,ok,3202,3202,0,0,100,100
39.758859,1777158983.126519,3293,,BSF66F,,cal_static,4,E,ok,ok,3257,3257,0,0,100,100
39.758984,1777158983.126644,3293,,BSF66F,,cal_static,4,F,ok,ok,2436,2436,0,0,100,100
39.760546,1777158983.128206,3293,,BSF66F,,cal_static,4,G,ok,ok,2486,2486,0,0,100,100
39.77815,1777158983.14581,3293,,BSF66F,,cal_static,4,H,ok,ok,3190,3190,0,0,100,100
39.937762,1777158983.305422,3294,,BSF66F,,cal_static,4,A,ok,ok,3810,3810,0,0,82,82
39.939157,1777158983.306817,3294,,BSF66F,,cal_static,4,B,ok,ok,2701,2701,0,0,100,100
39.940529,1777158983.308189,3294,,BSF66F,,cal_static,4,C,ok,ok,2405,2405,0,0,100,100
39.958159,1777158983.325819,3294,,BSF66F,,cal_static,4,D,ok,ok,3124,3124,0,0,100,100
40.143421,1777158983.511081,3295,,BSF66F,,cal_static,4,E,ok,ok,3165,3165,0,0,100,100
40.143458,1777158983.511118,3295,,BSF66F,,cal_static,4,F,ok,ok,2470,2470,0,0,100,100
40.168173,1777158983.535833,3295,,BSF66F,,cal_static,4,G,ok,ok,2509,2509,0,0,100,100
40.170716,1777158983.538376,3295,,BSF66F,,cal_static,4,H,ok,ok,3208,3208,0,0,100,100
40.351508,1777158983.719168,3296,,BSF66F,,cal_static,4,A,ok,ok,3645,3645,0,0,83,83
40.351563,1777158983.719223,3296,,BSF66F,,cal_static,4,B,ok,ok,2683,2683,0,0,100,100
40.353325,1777158983.720985,3296,,BSF66F,,cal_static,4,C,ok,ok,2429,2429,0,0,100,100
40.371119,1777158983.738779,3296,,BSF66F,,cal_static,4,D,ok,ok,3188,3188,0,0,100,100
40.531334,1777158983.898994,3297,,BSF66F,,cal_static,4,E,ok,ok,3239,3239,0,0,100,100
40.531382,1777158983.899042,3297,,BSF66F,,cal_static,4,F,ok,ok,2539,2539,0,0,100,100
40.533603,1777158983.901263,3297,,BSF66F,,cal_static,4,G,ok,ok,2491,2491,0,0,100,100
40.580991,1777158983.948651,3297,,BSF66F,,cal_static,4,H,ok,ok,3191,3191,0,0,100,100
40.735931,1777158984.103591,3298,,BSF66F,,cal_static,4,A,ok,ok,3708,3708,0,0,84,84
40.735974,1777158984.103634,3298,,BSF66F,,cal_static,4,B,ok,ok,2650,2650,0,0,100,100
40.760728,1777158984.128388,3298,,BSF66F,,cal_static,4,C,ok,ok,2395,2395,0,0,100,100
40.762908,1777158984.130568,3298,,BSF66F,,cal_static,4,D,ok,ok,3178,3178,0,0,100,100
40.94392,1777158984.31158,3299,,BSF66F,,cal_static,4,E,ok,ok,3282,3282,0,0,100,100
40.94399,1777158984.31165,3299,,BSF66F,,cal_static,4,F,ok,ok,2449,2449,0,0,100,100
40.945587,1777158984.313247,3299,,BSF66F,,cal_static,4,G,ok,ok,2487,2487,0,0,100,100
40.963219,1777158984.330879,3299,,BSF66F,,cal_static,4,H,ok,ok,3227,3227,0,0,100,100
41.19878,1777158984.56644,3300,,BSF66F,,cal_static,4,A,ok,ok,3483,3483,0,0,84,84
41.198816,1777158984.566476,3300,,BSF66F,,cal_static,4,B,ok,ok,2665,2665,0,0,100,100
41.201154,1777158984.568814,3300,,BSF66F,,cal_static,4,C,ok,ok,2396,2396,0,0,100,100
41.217597,1777158984.585257,3300,,BSF66F,,cal_static,4,D,ok,ok,3128,3128,0,0,100,100
41.358429,1777158984.726089,3301,,BSF66F,,cal_static,4,E,ok,ok,3224,3224,0,0,100,100
41.358464,1777158984.726124,3301,,BSF66F,,cal_static,4,F,ok,ok,2446,2446,0,0,100,100
41.375858,1777158984.743518,3301,,BSF66F,,cal_static,4,G,ok,ok,2485,2485,0,0,100,100
41.378058,1777158984.745718,3301,,BSF66F,,cal_static,4,H,ok,ok,3238,3238,0,0,100,100
41.558866,1777158984.926526,3302,,BSF66F,,cal_static,4,A,ok,ok,3443,3443,0,0,85,85
41.558906,1777158984.926566,3302,,BSF66F,,cal_static,4,B,timeout,rx_timeout,0,2665,0,0,96,96
41.560672,1777158984.928332,3302,,BSF66F,,cal_static,4,C,timeout,rx_timeout,0,2396,0,0,96,96
41.578232,1777158984.945892,3302,,BSF66F,,cal_static,4,D,ok,ok,3082,3082,0,0,100,100
41.738778,1777158985.106438,3303,,BSF66F,,cal_static,4,E,ok,ok,3236,3236,0,0,100,100
41.738816,1777158985.106476,3303,,BSF66F,,cal_static,4,F,timeout,rx_timeout,0,2446,0,0,96,96
41.740479,1777158985.108139,3303,,BSF66F,,cal_static,4,G,ok,ok,2491,2491,0,0,100,100
41.758158,1777158985.125818,3303,,BSF66F,,cal_static,4,H,ok,ok,3200,3200,0,0,100,100
41.972696,1777158985.340356,3304,,BSF66F,,cal_static,4,A,ok,ok,3749,3749,0,0,85,85
41.974143,1777158985.341803,3304,,BSF66F,,cal_static,4,B,ok,ok,2680,2680,0,0,96,96
41.990751,1777158985.358411,3304,,BSF66F,,cal_static,4,C,ok,ok,2439,2439,0,0,96,96
41.992821,1777158985.360481,3304,,BSF66F,,cal_static,4,D,ok,ok,3144,3144,0,0,100,100
42.15137,1777158985.51903,3305,,BSF66F,,cal_static,4,E,ok,ok,3229,3229,0,0,100,100
42.151434,1777158985.519094,3305,,BSF66F,,cal_static,4,F,ok,ok,2500,2500,0,0,96,96
42.153066,1777158985.520726,3305,,BSF66F,,cal_static,4,G,ok,ok,2488,2488,0,0,100,100
42.201263,1777158985.568923,3305,,BSF66F,,cal_static,4,H,ok,ok,3202,3202,0,0,100,100
42.331297,1777158985.698957,3306,,BSF66F,,cal_static,4,A,ok,ok,3778,3778,0,0,86,86
42.331326,1777158985.698986,3306,,BSF66F,,cal_static,4,B,ok,ok,2718,2718,0,0,96,96
42.333218,1777158985.700878,3306,,BSF66F,,cal_static,4,C,ok,ok,2414,2414,0,0,96,96
42.350848,1777158985.718508,3306,,BSF66F,,cal_static,4,D,ok,ok,3163,3163,0,0,100,100
42.536181,1777158985.903841,3307,,BSF66F,,cal_static,4,E,ok,ok,3180,3180,0,0,100,100
42.536223,1777158985.903883,3307,,BSF66F,,cal_static,4,F,ok,ok,2444,2444,0,0,96,96
42.582713,1777158985.950373,3307,,BSF66F,,cal_static,4,G,ok,ok,2481,2481,0,0,100,100
42.585098,1777158985.952758,3307,,BSF66F,,cal_static,4,H,ok,ok,3211,3211,0,0,100,100
42.766314,1777158986.133974,3308,,BSF66F,,cal_static,4,A,ok,ok,3748,3748,0,0,86,86
42.766348,1777158986.134008,3308,,BSF66F,,cal_static,4,B,ok,ok,2630,2630,0,0,96,96
42.768186,1777158986.135846,3308,,BSF66F,,cal_static,4,C,ok,ok,2386,2386,0,0,96,96
42.79328,1777158986.16094,3308,,BSF66F,,cal_static,4,D,ok,ok,3157,3157,0,0,100,100
42.946121,1777158986.313781,3309,,BSF66F,,cal_static,4,E,ok,ok,3290,3290,0,0,100,100
42.946188,1777158986.313848,3309,,BSF66F,,cal_static,4,F,ok,ok,2406,2406,0,0,96,96
42.948255,1777158986.315915,3309,,BSF66F,,cal_static,4,G,ok,ok,2485,2485,0,0,100,100
42.995907,1777158986.363567,3309,,BSF66F,,cal_static,4,H,ok,ok,3196,3196,0,0,100,100
43.12764,1777158986.4953,3310,,BSF66F,,cal_static,4,A,reject,raw_outlier,3260,3748,0,0,83,83
43.128989,1777158986.496649,3310,,BSF66F,,cal_static,4,B,ok,ok,2680,2680,0,0,96,96
43.153176,1777158986.520836,3310,,BSF66F,,cal_static,4,C,ok,ok,2436,2436,0,0,96,96
43.155496,1777158986.523156,3310,,BSF66F,,cal_static,4,D,ok,ok,3133,3133,0,0,100,100
43.359053,1777158986.726713,3311,,BSF66F,,cal_static,4,E,ok,ok,3278,3278,0,0,100,100
43.359118,1777158986.726778,3311,,BSF66F,,cal_static,4,F,ok,ok,2417,2417,0,0,96,96
43.360857,1777158986.728517,3311,,BSF66F,,cal_static,4,G,ok,ok,2485,2485,0,0,100,100
43.378626,1777158986.746286,3311,,BSF66F,,cal_static,4,H,ok,ok,3200,3200,0,0,100,100
43.588577,1777158986.956237,3312,,BSF66F,,cal_static,4,A,ok,ok,3468,3468,0,0,84,84
43.591021,1777158986.958681,3312,,BSF66F,,cal_static,4,B,ok,ok,2657,2657,0,0,96,96
43.591092,1777158986.958752,3312,,BSF66F,,cal_static,4,C,ok,ok,2436,2436,0,0,96,96
43.592612,1777158986.960272,3312,,BSF66F,,cal_static,4,D,ok,ok,3122,3122,0,0,100,100
43.743688,1777158987.111348,3313,,BSF66F,,cal_static,4,E,ok,ok,3212,3212,0,0,100,100
43.743731,1777158987.111391,3313,,BSF66F,,cal_static,4,F,ok,ok,2470,2470,0,0,100,100
43.768467,1777158987.136127,3313,,BSF66F,,cal_static,4,G,ok,ok,2496,2496,0,0,100,100
43.770844,1777158987.138504,3313,,BSF66F,,cal_static,4,H,ok,ok,3223,3223,0,0,100,100
44.026406,1777158987.394066,3314,,BSF66F,,cal_static,4,A,ok,ok,3164,3164,0,0,88,88
44.026449,1777158987.394109,3314,,BSF66F,,cal_static,4,B,ok,ok,2652,2652,0,0,100,100
44.028164,1777158987.395824,3314,,BSF66F,,cal_static,4,C,ok,ok,2406,2406,0,0,100,100
44.075253,1777158987.442913,3314,,BSF66F,,cal_static,4,D,ok,ok,3173,3173,0,0,100,100
44.130534,1777158987.498194,3315,,BSF66F,,cal_static,4,E,ok,ok,3291,3291,0,0,100,100
44.131973,1777158987.499633,3315,,BSF66F,,cal_static,4,F,ok,ok,2440,2440,0,0,100,100
44.133401,1777158987.501061,3315,,BSF66F,,cal_static,4,G,ok,ok,2481,2481,0,0,100,100
44.150823,1777158987.518483,3315,,BSF66F,,cal_static,4,H,ok,ok,3241,3241,0,0,100,100
44.388666,1777158987.756326,3316,,BSF66F,,cal_static,4,A,ok,ok,3584,3584,0,0,88,88
44.388737,1777158987.756397,3316,,BSF66F,,cal_static,4,B,ok,ok,2712,2712,0,0,100,100
44.458346,1777158987.826006,3316,,BSF66F,,cal_static,4,C,ok,ok,2428,2428,0,0,100,100
44.460864,1777158987.828524,3316,,BSF66F,,cal_static,4,D,ok,ok,3140,3140,0,0,100,100
44.544138,1777158987.911798,3317,,BSF66F,,cal_static,4,E,ok,ok,3181,3181,0,0,100,100
44.544185,1777158987.911845,3317,,BSF66F,,cal_static,4,F,ok,ok,2441,2441,0,0,100,100
44.545912,1777158987.913572,3317,,BSF66F,,cal_static,4,G,ok,ok,2477,2477,0,0,100,100
44.563467,1777158987.931127,3317,,BSF66F,,cal_static,4,H,ok,ok,3206,3206,0,0,100,100
44.746523,1777158988.114183,3318,,BSF66F,,cal_static,4,A,ok,ok,3697,3697,0,0,89,89
44.746557,1777158988.114217,3318,,BSF66F,,cal_static,4,B,ok,ok,2673,2673,0,0,100,100
44.747961,1777158988.115621,3318,,BSF66F,,cal_static,4,C,ok,ok,2449,2449,0,0,100,100
44.79618,1777158988.16384,3318,,BSF66F,,cal_static,4,D,ok,ok,3143,3143,0,0,100,100
44.958522,1777158988.326182,3319,,BSF66F,,cal_static,4,E,ok,ok,3244,3244,0,0,100,100
44.958645,1777158988.326305,3319,,BSF66F,,cal_static,4,F,ok,ok,2449,2449,0,0,100,100
44.976062,1777158988.343722,3319,,BSF66F,,cal_static,4,G,ok,ok,2469,2469,0,0,100,100
44.97846,1777158988.34612,3319,,BSF66F,,cal_static,4,H,ok,ok,3241,3241,0,0,100,100
45.15817,1777158988.52583,3320,,BSF66F,,cal_static,4,A,reject,raw_outlier,3123,3697,0,0,85,85
45.160334,1777158988.527994,3320,,BSF66F,,cal_static,4,B,ok,ok,2677,2677,0,0,100,100
45.160819,1777158988.528479,3320,,BSF66F,,cal_static,4,C,ok,ok,2433,2433,0,0,100,100
45.178425,1777158988.546085,3320,,BSF66F,,cal_static,4,D,ok,ok,3140,3140,0,0,100,100
45.338811,1777158988.706471,3321,,BSF66F,,cal_static,4,E,ok,ok,3249,3249,0,0,100,100
45.338867,1777158988.706527,3321,,BSF66F,,cal_static,4,F,ok,ok,2450,2450,0,0,100,100
45.34044,1777158988.7081,3321,,BSF66F,,cal_static,4,G,ok,ok,2487,2487,0,0,100,100
45.358335,1777158988.725995,3321,,BSF66F,,cal_static,4,H,ok,ok,3218,3218,0,0,100,100
45.596491,1777158988.964151,3322,,BSF66F,,cal_static,4,A,ok,ok,3457,3457,0,0,85,85
45.596533,1777158988.964193,3322,,BSF66F,,cal_static,4,B,ok,ok,2659,2659,0,0,100,100
45.621069,1777158988.988729,3322,,BSF66F,,cal_static,4,C,ok,ok,2396,2396,0,0,100,100
45.623666,1777158988.991326,3322,,BSF66F,,cal_static,4,D,ok,ok,3146,3146,0,0,100,100
45.751677,1777158989.119337,3323,,BSF66F,,cal_static,4,E,ok,ok,3230,3230,0,0,100,100
45.751706,1777158989.119366,3323,,BSF66F,,cal_static,4,F,ok,ok,2416,2416,0,0,100,100
45.7533,1777158989.12096,3323,,BSF66F,,cal_static,4,G,ok,ok,2457,2457,0,0,100,100
45.771123,1777158989.138783,3323,,BSF66F,,cal_static,4,H,ok,ok,3184,3184,0,0,100,100
45.983119,1777158989.350779,3324,,BSF66F,,cal_static,4,A,ok,ok,3441,3441,0,0,86,86
45.984748,1777158989.352408,3324,,BSF66F,,cal_static,4,B,ok,ok,2692,2692,0,0,100,100
45.985913,1777158989.353573,3324,,BSF66F,,cal_static,4,C,ok,ok,2413,2413,0,0,100,100
46.003365,1777158989.371025,3324,,BSF66F,,cal_static,4,D,ok,ok,3168,3168,0,0,100,100
46.136181,1777158989.503841,3325,,BSF66F,,cal_static,4,E,ok,ok,3164,3164,0,0,100,100
46.136276,1777158989.503936,3325,,BSF66F,,cal_static,4,F,ok,ok,2391,2391,0,0,100,100
46.160857,1777158989.528517,3325,,BSF66F,,cal_static,4,G,ok,ok,2487,2487,0,0,100,100
46.16315,1777158989.53081,3325,,BSF66F,,cal_static,4,H,ok,ok,3205,3205,0,0,100,100
46.344163,1777158989.711823,3326,,BSF66F,,cal_static,4,A,ok,ok,3501,3501,0,0,86,86
46.344249,1777158989.711909,3326,,BSF66F,,cal_static,4,B,ok,ok,2674,2674,0,0,100,100
46.345846,1777158989.713506,3326,,BSF66F,,cal_static,4,C,ok,ok,2417,2417,0,0,100,100
46.393543,1777158989.761203,3326,,BSF66F,,cal_static,4,D,timeout,rx_timeout,0,3168,0,0,95,95
46.5433,1777158989.91096,3327,,BSF66F,,cal_static,4,E,ok,ok,3251,3251,0,0,100,100
46.545966,1777158989.913626,3327,,BSF66F,,cal_static,4,F,ok,ok,2423,2423,0,0,100,100
46.546017,1777158989.913677,3327,,BSF66F,,cal_static,4,G,timeout,rx_timeout,0,2487,0,0,95,95
46.548464,1777158989.916124,3327,,BSF66F,,cal_static,4,H,timeout,rx_timeout,0,3205,0,0,95,95
46.758076,1777158990.125736,3328,,BSF66F,,cal_static,4,A,ok,ok,3729,3729,0,0,87,87
46.759416,1777158990.127076,3328,,BSF66F,,cal_static,4,B,ok,ok,2689,2689,0,0,100,100
46.776289,1777158990.143949,3328,,BSF66F,,cal_static,4,C,ok,ok,2421,2421,0,0,100,100
46.777891,1777158990.145551,3328,,BSF66F,,cal_static,4,D,ok,ok,3167,3167,0,0,95,95
46.958951,1777158990.326611,3329,,BSF66F,,cal_static,4,E,ok,ok,3249,3249,0,0,100,100
46.959005,1777158990.326665,3329,,BSF66F,,cal_static,4,F,ok,ok,2436,2436,0,0,100,100
46.960731,1777158990.328391,3329,,BSF66F,,cal_static,4,G,ok,ok,2465,2465,0,0,96,96
46.978644,1777158990.346304,3329,,BSF66F,,cal_static,4,H,ok,ok,3190,3190,0,0,96,96
47.138945,1777158990.506605,3330,,BSF66F,,cal_static,4,A,reject,raw_outlier,3130,3729,0,0,84,84
47.139436,1777158990.507096,3330,,BSF66F,,cal_static,4,B,ok,ok,2672,2672,0,0,100,100
47.140831,1777158990.508491,3330,,BSF66F,,cal_static,4,C,ok,ok,2413,2413,0,0,100,100
47.158483,1777158990.526143,3330,,BSF66F,,cal_static,4,D,ok,ok,3166,3166,0,0,96,96
47.342804,1777158990.710464,3331,,BSF66F,,cal_static,4,E,ok,ok,3269,3269,0,0,100,100
47.344232,1777158990.711892,3331,,BSF66F,,cal_static,4,F,ok,ok,2408,2408,0,0,100,100
47.368429,1777158990.736089,3331,,BSF66F,,cal_static,4,G,ok,ok,2469,2469,0,0,96,96
47.370684,1777158990.738344,3331,,BSF66F,,cal_static,4,H,ok,ok,3211,3211,0,0,96,96
47.521099,1777158990.888759,3332,,BSF66F,,cal_static,4,A,reject,raw_outlier,3202,3729,0,0,80,80
47.523104,1777158990.890764,3332,,BSF66F,,cal_static,4,B,ok,ok,2654,2654,0,0,100,100
47.523154,1777158990.890814,3332,,BSF66F,,cal_static,4,C,ok,ok,2430,2430,0,0,100,100
47.548504,1777158990.916164,3332,,BSF66F,,cal_static,4,D,ok,ok,3160,3160,0,0,96,96
47.731548,1777158991.099208,3333,,BSF66F,,cal_static,4,E,ok,ok,3251,3251,0,0,100,100
47.731588,1777158991.099248,3333,,BSF66F,,cal_static,4,F,ok,ok,2453,2453,0,0,100,100
47.733116,1777158991.100776,3333,,BSF66F,,cal_static,4,G,ok,ok,2482,2482,0,0,96,96
47.750852,1777158991.118512,3333,,BSF66F,,cal_static,4,H,ok,ok,3161,3161,0,0,96,96
47.986611,1777158991.354271,3334,,BSF66F,,cal_static,4,A,reject,raw_outlier,3153,3729,0,0,77,77
47.988913,1777158991.356573,3334,,BSF66F,,cal_static,4,B,ok,ok,2677,2677,0,0,100,100
47.988979,1777158991.356639,3334,,BSF66F,,cal_static,4,C,ok,ok,2404,2404,0,0,100,100
48.036832,1777158991.404492,3334,,BSF66F,,cal_static,4,D,ok,ok,3137,3137,0,0,96,96
48.144557,1777158991.512217,3335,,BSF66F,,cal_static,4,E,ok,ok,3229,3229,0,0,100,100
48.144688,1777158991.512348,3335,,BSF66F,,cal_static,4,F,ok,ok,2445,2445,0,0,100,100
48.145914,1777158991.513574,3335,,BSF66F,,cal_static,4,G,ok,ok,2476,2476,0,0,96,96
48.163436,1777158991.531096,3335,,BSF66F,,cal_static,4,H,ok,ok,3211,3211,0,0,96,96
48.396083,1777158991.763743,3336,,BSF66F,,cal_static,4,A,ok,ok,3596,3596,0,0,78,78
48.398731,1777158991.766391,3336,,BSF66F,,cal_static,4,B,ok,ok,2664,2664,0,0,100,100
48.398777,1777158991.766437,3336,,BSF66F,,cal_static,4,C,ok,ok,2427,2427,0,0,100,100
48.400164,1777158991.767824,3336,,BSF66F,,cal_static,4,D,ok,ok,3124,3124,0,0,96,96
48.558515,1777158991.926175,3337,,BSF66F,,cal_static,4,E,ok,ok,3240,3240,0,0,100,100
48.558568,1777158991.926228,3337,,BSF66F,,cal_static,4,F,ok,ok,2417,2417,0,0,100,100
48.576107,1777158991.943767,3337,,BSF66F,,cal_static,4,G,ok,ok,2503,2503,0,0,96,96
48.578017,1777158991.945677,3337,,BSF66F,,cal_static,4,H,ok,ok,3248,3248,0,0,96,96
48.807776,1777158992.175436,3338,,BSF66F,,cal_static,4,A,ok,ok,3469,3469,0,0,79,79
48.808982,1777158992.176642,3338,,BSF66F,,cal_static,4,B,ok,ok,2716,2716,0,0,100,100
48.811782,1777158992.179442,3338,,BSF66F,,cal_static,4,C,ok,ok,2387,2387,0,0,100,100
48.811829,1777158992.179489,3338,,BSF66F,,cal_static,4,D,ok,ok,3121,3121,0,0,96,96
48.96143,1777158992.32909,3339,,BSF66F,,cal_static,4,E,ok,ok,3310,3310,0,0,100,100
48.961494,1777158992.329154,3339,,BSF66F,,cal_static,4,F,ok,ok,2466,2466,0,0,100,100
48.963049,1777158992.330709,3339,,BSF66F,,cal_static,4,G,ok,ok,2485,2485,0,0,96,96
48.988528,1777158992.356188,3339,,BSF66F,,cal_static,4,H,ok,ok,3220,3220,0,0,96,96
49.19535,1777158992.56301,3340,,BSF66F,,cal_static,4,A,ok,ok,3180,3180,0,0,80,80
49.196882,1777158992.564542,3340,,BSF66F,,cal_static,4,B,ok,ok,2682,2682,0,0,100,100
49.22085,1777158992.58851,3340,,BSF66F,,cal_static,4,C,ok,ok,2424,2424,0,0,100,100
49.223376,1777158992.591036,3340,,BSF66F,,cal_static,4,D,ok,ok,3122,3122,0,0,96,96
49.351772,1777158992.719432,3341,,BSF66F,,cal_static,4,E,ok,ok,3278,3278,0,0,100,100
49.351805,1777158992.719465,3341,,BSF66F,,cal_static,4,F,ok,ok,2477,2477,0,0,100,100
49.35347,1777158992.72113,3341,,BSF66F,,cal_static,4,G,ok,ok,2483,2483,0,0,96,96
49.371472,1777158992.739132,3341,,BSF66F,,cal_static,4,H,ok,ok,3185,3185,0,0,96,96
49.583315,1777158992.950975,3342,,BSF66F,,cal_static,4,A,ok,ok,3507,3507,0,0,80,80
49.584955,1777158992.952615,3342,,BSF66F,,cal_static,4,B,ok,ok,2705,2705,0,0,100,100
49.58639,1777158992.95405,3342,,BSF66F,,cal_static,4,C,ok,ok,2424,2424,0,0,100,100
49.633989,1777158993.001649,3342,,BSF66F,,cal_static,4,D,ok,ok,3150,3150,0,0,96,96
49.765559,1777158993.133219,3343,,BSF66F,,cal_static,4,E,ok,ok,3259,3259,0,0,100,100
49.766732,1777158993.134392,3343,,BSF66F,,cal_static,4,F,ok,ok,2417,2417,0,0,100,100
49.78377,1777158993.15143,3343,,BSF66F,,cal_static,4,G,ok,ok,2488,2488,0,0,96,96
49.786137,1777158993.153797,3343,,BSF66F,,cal_static,4,H,ok,ok,3208,3208,0,0,96,96
49.993417,1777158993.361077,3344,,BSF66F,,cal_static,4,A,ok,ok,3447,3447,0,0,81,81
49.994877,1777158993.362537,3344,,BSF66F,,cal_static,4,B,ok,ok,2701,2701,0,0,100,100
49.997508,1777158993.365168,3344,,BSF66F,,cal_static,4,C,ok,ok,2434,2434,0,0,100,100
49.997575,1777158993.365235,3344,,BSF66F,,cal_static,4,D,ok,ok,3132,3132,0,0,96,96
50.146568,1777158993.514228,3345,,BSF66F,,cal_static,4,E,ok,ok,3206,3206,0,0,100,100
50.146611,1777158993.514271,3345,,BSF66F,,cal_static,4,F,ok,ok,2467,2467,0,0,100,100
50.148161,1777158993.515821,3345,,BSF66F,,cal_static,4,G,ok,ok,2495,2495,0,0,100,100
50.196068,1777158993.563728,3345,,BSF66F,,cal_static,4,H,ok,ok,3191,3191,0,0,100,100
50.358652,1777158993.726312,3346,,BSF66F,,cal_static,4,A,ok,ok,3655,3655,0,0,82,82
50.358722,1777158993.726382,3346,,BSF66F,,cal_static,4,B,ok,ok,2672,2672,0,0,100,100
50.37618,1777158993.74384,3346,,BSF66F,,cal_static,4,C,ok,ok,2437,2437,0,0,100,100
50.378421,1777158993.746081,3346,,BSF66F,,cal_static,4,D,ok,ok,3163,3163,0,0,100,100
50.559714,1777158993.927374,3347,,BSF66F,,cal_static,4,E,ok,ok,3207,3207,0,0,100,100
50.559764,1777158993.927424,3347,,BSF66F,,cal_static,4,F,ok,ok,2466,2466,0,0,100,100
50.561013,1777158993.928673,3347,,BSF66F,,cal_static,4,G,ok,ok,2491,2491,0,0,100,100
50.631108,1777158993.998768,3347,,BSF66F,,cal_static,4,H,ok,ok,3176,3176,0,0,100,100
50.738107,1777158994.105767,3348,,BSF66F,,cal_static,4,A,ok,ok,3797,3797,0,0,83,83
50.739542,1777158994.107202,3348,,BSF66F,,cal_static,4,B,ok,ok,2715,2715,0,0,100,100
50.740904,1777158994.108564,3348,,BSF66F,,cal_static,4,C,ok,ok,2412,2412,0,0,100,100
50.758461,1777158994.126121,3348,,BSF66F,,cal_static,4,D,ok,ok,3160,3160,0,0,100,100
50.943939,1777158994.311599,3349,,BSF66F,,cal_static,4,E,ok,ok,3203,3203,0,0,100,100
50.943984,1777158994.311644,3349,,BSF66F,,cal_static,4,F,ok,ok,2473,2473,0,0,100,100
50.968572,1777158994.336232,3349,,BSF66F,,cal_static,4,G,ok,ok,2464,2464,0,0,100,100
50.970818,1777158994.338478,3349,,BSF66F,,cal_static,4,H,ok,ok,3146,3146,0,0,100,100
51.120981,1777158994.488641,3350,,BSF66F,,cal_static,4,A,reject,raw_outlier,3167,3797,0,0,78,78
51.122676,1777158994.490336,3350,,BSF66F,,cal_static,4,B,ok,ok,2646,2646,0,0,100,100
51.124088,1777158994.491748,3350,,BSF66F,,cal_static,4,C,ok,ok,2429,2429,0,0,100,100
51.149149,1777158994.516809,3350,,BSF66F,,cal_static,4,D,ok,ok,3179,3179,0,0,100,100
51.331692,1777158994.699352,3351,,BSF66F,,cal_static,4,E,ok,ok,3242,3242,0,0,100,100
51.33176,1777158994.69942,3351,,BSF66F,,cal_static,4,F,ok,ok,2479,2479,0,0,100,100
51.333754,1777158994.701414,3351,,BSF66F,,cal_static,4,G,ok,ok,2484,2484,0,0,100,100
51.350973,1777158994.718633,3351,,BSF66F,,cal_static,4,H,ok,ok,3163,3163,0,0,100,100
51.536019,1777158994.903679,3352,,BSF66F,,cal_static,4,A,reject,raw_outlier,3088,3797,0,0,75,75
51.537298,1777158994.904958,3352,,BSF66F,,cal_static,4,B,timeout,rx_timeout,0,2646,0,0,95,95
51.561203,1777158994.928863,3352,,BSF66F,,cal_static,4,C,timeout,rx_timeout,0,2429,0,0,95,95
51.563646,1777158994.931306,3352,,BSF66F,,cal_static,4,D,ok,ok,3134,3134,0,0,100,100
51.744355,1777158995.112015,3353,,BSF66F,,cal_static,4,E,ok,ok,3260,3260,0,0,100,100
51.744383,1777158995.112043,3353,,BSF66F,,cal_static,4,F,timeout,rx_timeout,0,2479,0,0,95,95
51.746028,1777158995.113688,3353,,BSF66F,,cal_static,4,G,ok,ok,2476,2476,0,0,100,100
51.763666,1777158995.131326,3353,,BSF66F,,cal_static,4,H,ok,ok,3229,3229,0,0,100,100
51.998389,1777158995.366049,3354,,BSF66F,,cal_static,4,A,ok,ok,3388,3388,0,0,76,76
51.999789,1777158995.367449,3354,,BSF66F,,cal_static,4,B,ok,ok,2688,2688,0,0,95,95
52.001434,1777158995.369094,3354,,BSF66F,,cal_static,4,C,ok,ok,2443,2443,0,0,95,95
52.018505,1777158995.386165,3354,,BSF66F,,cal_static,4,D,ok,ok,3160,3160,0,0,100,100
52.159354,1777158995.527014,3355,,BSF66F,,cal_static,4,E,ok,ok,3184,3184,0,0,100,100
52.159396,1777158995.527056,3355,,BSF66F,,cal_static,4,F,ok,ok,2454,2454,0,0,95,95
52.176157,1777158995.543817,3355,,BSF66F,,cal_static,4,G,ok,ok,2471,2471,0,0,100,100
52.17846,1777158995.54612,3355,,BSF66F,,cal_static,4,H,ok,ok,3201,3201,0,0,100,100
52.381929,1777158995.749589,3356,,BSF66F,,cal_static,4,A,ok,ok,3611,3611,0,0,77,77
52.381978,1777158995.749638,3356,,BSF66F,,cal_static,4,B,ok,ok,2663,2663,0,0,95,95
52.383547,1777158995.751207,3356,,BSF66F,,cal_static,4,C,ok,ok,2422,2422,0,0,95,95
52.408208,1777158995.775868,3356,,BSF66F,,cal_static,4,D,ok,ok,3171,3171,0,0,100,100
52.558167,1777158995.925827,3357,,BSF66F,,cal_static,4,E,ok,ok,3269,3269,0,0,100,100
52.560818,1777158995.928478,3357,,BSF66F,,cal_static,4,F,ok,ok,2507,2507,0,0,95,95
52.560897,1777158995.928557,3357,,BSF66F,,cal_static,4,G,ok,ok,2477,2477,0,0,100,100
52.563024,1777158995.930684,3357,,BSF66F,,cal_static,4,H,ok,ok,3184,3184,0,0,100,100
52.742905,1777158996.110565,3358,,BSF66F,,cal_static,4,A,ok,ok,3726,3726,0,0,78,78
52.7445,1777158996.11216,3358,,BSF66F,,cal_static,4,B,ok,ok,2653,2653,0,0,95,95
52.768984,1777158996.136644,3358,,BSF66F,,cal_static,4,C,ok,ok,2389,2389,0,0,95,95
52.77082,1777158996.13848,3358,,BSF66F,,cal_static,4,D,ok,ok,3131,3131,0,0,100,100
52.951707,1777158996.319367,3359,,BSF66F,,cal_static,4,E,ok,ok,3276,3276,0,0,100,100
52.951765,1777158996.319425,3359,,BSF66F,,cal_static,4,F,ok,ok,2513,2513,0,0,95,95
52.953564,1777158996.321224,3359,,BSF66F,,cal_static,4,G,ok,ok,2468,2468,0,0,100,100
53.001479,1777158996.369139,3359,,BSF66F,,cal_static,4,H,ok,ok,3179,3179,0,0,100,100
53.181291,1777158996.548951,3360,,BSF66F,,cal_static,4,A,ok,ok,3479,3479,0,0,79,79
53.18367,1777158996.55133,3360,,BSF66F,,cal_static,4,B,ok,ok,2675,2675,0,0,95,95
53.18379,1777158996.55145,3360,,BSF66F,,cal_static,4,C,ok,ok,2457,2457,0,0,95,95
53.185158,1777158996.552818,3360,,BSF66F,,cal_static,4,D,ok,ok,3112,3112,0,0,100,100
53.336484,1777158996.704144,3361,,BSF66F,,cal_static,4,E,ok,ok,3318,3318,0,0,100,100
53.336952,1777158996.704612,3361,,BSF66F,,cal_static,4,F,ok,ok,2457,2457,0,0,96,96
53.361226,1777158996.728886,3361,,BSF66F,,cal_static,4,G,ok,ok,2473,2473,0,0,100,100
53.363756,1777158996.731416,3361,,BSF66F,,cal_static,4,H,ok,ok,3202,3202,0,0,100,100
53.597045,1777158996.964705,3362,,BSF66F,,cal_static,4,A,ok,ok,3445,3445,0,0,80,80
53.597122,1777158996.964782,3362,,BSF66F,,cal_static,4,B,ok,ok,2663,2663,0,0,96,96
53.59888,1777158996.96654,3362,,BSF66F,,cal_static,4,C,ok,ok,2411,2411,0,0,96,96
53.615858,1777158996.983518,3362,,BSF66F,,cal_static,4,D,ok,ok,3151,3151,0,0,100,100
53.746714,1777158997.114374,3363,,BSF66F,,cal_static,4,E,ok,ok,3188,3188,0,0,100,100
53.746748,1777158997.114408,3363,,BSF66F,,cal_static,4,F,ok,ok,2486,2486,0,0,96,96
53.748758,1777158997.116418,3363,,BSF66F,,cal_static,4,G,ok,ok,2488,2488,0,0,100,100
53.796378,1777158997.164038,3363,,BSF66F,,cal_static,4,H,ok,ok,3234,3234,0,0,100,100
53.981499,1777158997.349159,3364,,BSF66F,,cal_static,4,A,ok,ok,3079,3079,0,0,80,80
53.981535,1777158997.349195,3364,,BSF66F,,cal_static,4,B,ok,ok,2686,2686,0,0,96,96
53.999023,1777158997.366683,3364,,BSF66F,,cal_static,4,C,ok,ok,2425,2425,0,0,96,96
54.001541,1777158997.369201,3364,,BSF66F,,cal_static,4,D,ok,ok,3157,3157,0,0,100,100
54.159263,1777158997.526923,3365,,BSF66F,,cal_static,4,E,ok,ok,3248,3248,0,0,100,100
54.159295,1777158997.526955,3365,,BSF66F,,cal_static,4,F,ok,ok,2426,2426,0,0,96,96
54.161133,1777158997.528793,3365,,BSF66F,,cal_static,4,G,ok,ok,2482,2482,0,0,100,100
54.178757,1777158997.546417,3365,,BSF66F,,cal_static,4,H,ok,ok,3220,3220,0,0,100,100
54.338853,1777158997.706513,3366,,BSF66F,,cal_static,4,A,reject,raw_outlier,3610,3079,0,0,77,77
54.340848,1777158997.708508,3366,,BSF66F,,cal_static,4,B,ok,ok,2670,2670,0,0,96,96
54.341128,1777158997.708788,3366,,BSF66F,,cal_static,4,C,ok,ok,2403,2403,0,0,96,96
54.358891,1777158997.726551,3366,,BSF66F,,cal_static,4,D,ok,ok,3151,3151,0,0,100,100
54.543094,1777158997.910754,3367,,BSF66F,,cal_static,4,E,ok,ok,3285,3285,0,0,100,100
54.567867,1777158997.935527,3367,,BSF66F,,cal_static,4,F,ok,ok,2475,2475,0,0,96,96
54.569311,1777158997.936971,3367,,BSF66F,,cal_static,4,G,ok,ok,2472,2472,0,0,100,100
54.571611,1777158997.939271,3367,,BSF66F,,cal_static,4,H,ok,ok,3184,3184,0,0,100,100
54.771424,1777158998.139084,3368,,BSF66F,,cal_static,4,A,ok,ok,3280,3280,0,0,78,78
54.7739,1777158998.14156,3368,,BSF66F,,cal_static,4,B,ok,ok,2667,2667,0,0,96,96
54.773966,1777158998.141626,3368,,BSF66F,,cal_static,4,C,ok,ok,2395,2395,0,0,96,96
54.776272,1777158998.143932,3368,,BSF66F,,cal_static,4,D,ok,ok,3154,3154,0,0,100,100
54.954107,1777158998.321767,3369,,BSF66F,,cal_static,4,E,ok,ok,3255,3255,0,0,100,100
54.954164,1777158998.321824,3369,,BSF66F,,cal_static,4,F,ok,ok,2482,2482,0,0,96,96
54.956441,1777158998.324101,3369,,BSF66F,,cal_static,4,G,ok,ok,2490,2490,0,0,100,100
54.981513,1777158998.349173,3369,,BSF66F,,cal_static,4,H,ok,ok,3207,3207,0,0,100,100
55.188391,1777158998.556051,3370,,BSF66F,,cal_static,4,A,ok,ok,3148,3148,0,0,79,79
55.189982,1777158998.557642,3370,,BSF66F,,cal_static,4,B,ok,ok,2647,2647,0,0,96,96
55.236101,1777158998.603761,3370,,BSF66F,,cal_static,4,C,ok,ok,2404,2404,0,0,96,96
55.238501,1777158998.606161,3370,,BSF66F,,cal_static,4,D,ok,ok,3119,3119,0,0,100,100
55.344319,1777158998.711979,3371,,BSF66F,,cal_static,4,E,ok,ok,3243,3243,0,0,100,100
55.34437,1777158998.71203,3371,,BSF66F,,cal_static,4,F,ok,ok,2466,2466,0,0,96,96
55.346166,1777158998.713826,3371,,BSF66F,,cal_static,4,G,ok,ok,2468,2468,0,0,100,100
55.363733,1777158998.731393,3371,,BSF66F,,cal_static,4,H,ok,ok,3207,3207,0,0,100,100
55.598686,1777158998.966346,3372,,BSF66F,,cal_static,4,A,ok,ok,3179,3179,0,0,80,80
55.600123,1777158998.967783,3372,,BSF66F,,cal_static,4,B,ok,ok,2670,2670,0,0,96,96
55.60198,1777158998.96964,3372,,BSF66F,,cal_static,4,C,ok,ok,2445,2445,0,0,96,96
55.619836,1777158998.987496,3372,,BSF66F,,cal_static,4,D,ok,ok,3168,3168,0,0,100,100
55.75887,1777158999.12653,3373,,BSF66F,,cal_static,4,E,ok,ok,3216,3216,0,0,100,100
55.758901,1777158999.126561,3373,,BSF66F,,cal_static,4,F,ok,ok,2464,2464,0,0,96,96
55.776333,1777158999.143993,3373,,BSF66F,,cal_static,4,G,ok,ok,2487,2487,0,0,100,100
55.778483,1777158999.146143,3373,,BSF66F,,cal_static,4,H,ok,ok,3198,3198,0,0,100,100
55.982067,1777158999.349727,3374,,BSF66F,,cal_static,4,A,ok,ok,3199,3199,0,0,80,80
55.982135,1777158999.349795,3374,,BSF66F,,cal_static,4,B,ok,ok,2687,2687,0,0,96,96
55.983547,1777158999.351207,3374,,BSF66F,,cal_static,4,C,ok,ok,2413,2413,0,0,96,96
56.008701,1777158999.376361,3374,,BSF66F,,cal_static,4,D,ok,ok,3105,3105,0,0,100,100
56.139186,1777158999.506846,3375,,BSF66F,,cal_static,4,E,ok,ok,3237,3237,0,0,100,100
56.139224,1777158999.506884,3375,,BSF66F,,cal_static,4,F,ok,ok,2473,2473,0,0,96,96
56.140895,1777158999.508555,3375,,BSF66F,,cal_static,4,G,ok,ok,2480,2480,0,0,100,100
56.158867,1777158999.526527,3375,,BSF66F,,cal_static,4,H,ok,ok,3198,3198,0,0,100,100
56.320589,1777158999.688249,3376,,BSF66F,,cal_static,4,A,ok,ok,3508,3508,0,0,81,81
56.322049,1777158999.689709,3376,,BSF66F,,cal_static,4,B,ok,ok,2665,2665,0,0,96,96
56.33865,1777158999.70631,3376,,BSF66F,,cal_static,4,C,ok,ok,2427,2427,0,0,96,96
56.340963,1777158999.708623,3376,,BSF66F,,cal_static,4,D,timeout,rx_timeout,0,3105,0,0,96,96
56.521908,1777158999.889568,3377,,BSF66F,,cal_static,4,E,ok,ok,3211,3211,0,0,100,100
56.521939,1777158999.889599,3377,,BSF66F,,cal_static,4,F,ok,ok,2407,2407,0,0,100,100
56.523776,1777158999.891436,3377,,BSF66F,,cal_static,4,G,timeout,rx_timeout,0,2480,0,0,94,94
56.548828,1777158999.916488,3377,,BSF66F,,cal_static,4,H,timeout,rx_timeout,0,3198,0,0,94,94
56.783486,1777159000.151146,3378,,BSF66F,,cal_static,4,A,ok,ok,3494,3494,0,0,82,82
56.785031,1777159000.152691,3378,,BSF66F,,cal_static,4,B,ok,ok,2695,2695,0,0,100,100
56.786329,1777159000.153989,3378,,BSF66F,,cal_static,4,C,ok,ok,2442,2442,0,0,100,100
56.803409,1777159000.171069,3378,,BSF66F,,cal_static,4,D,ok,ok,3145,3145,0,0,100,100
56.966678,1777159000.334338,3379,,BSF66F,,cal_static,4,E,ok,ok,3275,3275,0,0,100,100
56.966749,1777159000.334409,3379,,BSF66F,,cal_static,4,F,ok,ok,2399,2399,0,0,100,100
56.983756,1777159000.351416,3379,,BSF66F,,cal_static,4,G,ok,ok,2481,2481,0,0,94,94
56.986227,1777159000.353887,3379,,BSF66F,,cal_static,4,H,ok,ok,3202,3202,0,0,94,94
57.197118,1777159000.564778,3380,,BSF66F,,cal_static,4,A,ok,ok,3071,3071,0,0,83,83
57.197169,1777159000.564829,3380,,BSF66F,,cal_static,4,B,ok,ok,2687,2687,0,0,100,100
57.198805,1777159000.566465,3380,,BSF66F,,cal_static,4,C,ok,ok,2424,2424,0,0,100,100
57.21598,1777159000.58364,3380,,BSF66F,,cal_static,4,D,ok,ok,3126,3126,0,0,100,100
57.345813,1777159000.713473,3381,,BSF66F,,cal_static,4,E,ok,ok,3267,3267,0,0,100,100
57.347246,1777159000.714906,3381,,BSF66F,,cal_static,4,F,ok,ok,2497,2497,0,0,100,100
57.348645,1777159000.716305,3381,,BSF66F,,cal_static,4,G,ok,ok,2471,2471,0,0,94,94
57.396258,1777159000.763918,3381,,BSF66F,,cal_static,4,H,ok,ok,3198,3198,0,0,94,94
57.528582,1777159000.896242,3382,,BSF66F,,cal_static,4,A,reject,raw_outlier,3869,3071,0,0,78,78
57.529957,1777159000.897617,3382,,BSF66F,,cal_static,4,B,ok,ok,2649,2649,0,0,100,100
57.55414,1777159000.9218,3382,,BSF66F,,cal_static,4,C,ok,ok,2431,2431,0,0,100,100
57.55621,1777159000.92387,3382,,BSF66F,,cal_static,4,D,ok,ok,3127,3127,0,0,100,100
57.75959,1777159001.12725,3383,,BSF66F,,cal_static,4,E,ok,ok,3275,3275,0,0,100,100
57.759647,1777159001.127307,3383,,BSF66F,,cal_static,4,F,ok,ok,2410,2410,0,0,100,100
57.761597,1777159001.129257,3383,,BSF66F,,cal_static,4,G,ok,ok,2503,2503,0,0,95,95
57.778816,1777159001.146476,3383,,BSF66F,,cal_static,4,H,ok,ok,3235,3235,0,0,95,95
57.98901,1777159001.35667,3384,,BSF66F,,cal_static,4,A,ok,ok,3387,3387,0,0,80,80
57.991477,1777159001.359137,3384,,BSF66F,,cal_static,4,B,ok,ok,2654,2654,0,0,100,100
57.991546,1777159001.359206,3384,,BSF66F,,cal_static,4,C,ok,ok,2387,2387,0,0,100,100
57.993115,1777159001.360775,3384,,BSF66F,,cal_static,4,D,ok,ok,3151,3151,0,0,100,100
58.143504,1777159001.511164,3385,,BSF66F,,cal_static,4,E,ok,ok,3268,3268,0,0,100,100
58.14489,1777159001.51255,3385,,BSF66F,,cal_static,4,F,ok,ok,2466,2466,0,0,100,100
58.169158,1777159001.536818,3385,,BSF66F,,cal_static,4,G,ok,ok,2499,2499,0,0,95,95
58.171533,1777159001.539193,3385,,BSF66F,,cal_static,4,H,ok,ok,3194,3194,0,0,95,95
58.351902,1777159001.719562,3386,,BSF66F,,cal_static,4,A,ok,ok,3768,3768,0,0,80,80
58.35198,1777159001.71964,3386,,BSF66F,,cal_static,4,B,ok,ok,2692,2692,0,0,100,100
58.35358,1777159001.72124,3386,,BSF66F,,cal_static,4,C,ok,ok,2471,2471,0,0,100,100
58.371409,1777159001.739069,3386,,BSF66F,,cal_static,4,D,ok,ok,3161,3161,0,0,100,100
58.532045,1777159001.899705,3387,,BSF66F,,cal_static,4,E,ok,ok,3271,3271,0,0,100,100
58.532112,1777159001.899772,3387,,BSF66F,,cal_static,4,F,ok,ok,2409,2409,0,0,100,100
58.533442,1777159001.901102,3387,,BSF66F,,cal_static,4,G,ok,ok,2490,2490,0,0,95,95
58.551225,1777159001.918885,3387,,BSF66F,,cal_static,4,H,ok,ok,3171,3171,0,0,95,95
58.736544,1777159002.104204,3388,,BSF66F,,cal_static,4,A,ok,ok,3698,3698,0,0,81,81
58.736632,1777159002.104292,3388,,BSF66F,,cal_static,4,B,ok,ok,2667,2667,0,0,100,100
58.761297,1777159002.128957,3388,,BSF66F,,cal_static,4,C,ok,ok,2453,2453,0,0,100,100
58.763924,1777159002.131584,3388,,BSF66F,,cal_static,4,D,ok,ok,3155,3155,0,0,100,100
58.944446,1777159002.312106,3389,,BSF66F,,cal_static,4,E,ok,ok,3284,3284,0,0,100,100
58.94448,1777159002.31214,3389,,BSF66F,,cal_static,4,F,ok,ok,2444,2444,0,0,100,100
58.946181,1777159002.313841,3389,,BSF66F,,cal_static,4,G,ok,ok,2475,2475,0,0,95,95
58.963763,1777159002.331423,3389,,BSF66F,,cal_static,4,H,ok,ok,3234,3234,0,0,95,95
59.123714,1777159002.491374,3390,,BSF66F,,cal_static,4,A,reject,raw_outlier,3159,3698,0,0,78,78
59.125948,1777159002.493608,3390,,BSF66F,,cal_static,4,B,ok,ok,2675,2675,0,0,100,100
59.126002,1777159002.493662,3390,,BSF66F,,cal_static,4,C,ok,ok,2430,2430,0,0,100,100
59.195921,1777159002.563581,3390,,BSF66F,,cal_static,4,D,ok,ok,3149,3149,0,0,100,100
59.359051,1777159002.726711,3391,,BSF66F,,cal_static,4,E,ok,ok,3247,3247,0,0,100,100
59.359088,1777159002.726748,3391,,BSF66F,,cal_static,4,F,ok,ok,2445,2445,0,0,100,100
59.376322,1777159002.743982,3391,,BSF66F,,cal_static,4,G,ok,ok,2464,2464,0,0,95,95
59.378683,1777159002.746343,3391,,BSF66F,,cal_static,4,H,ok,ok,3199,3199,0,0,95,95
59.558749,1777159002.926409,3392,,BSF66F,,cal_static,4,A,reject,raw_outlier,3172,3698,0,0,75,75
59.560899,1777159002.928559,3392,,BSF66F,,cal_static,4,B,ok,ok,2660,2660,0,0,100,100
59.561311,1777159002.928971,3392,,BSF66F,,cal_static,4,C,ok,ok,2432,2432,0,0,100,100
59.578873,1777159002.946533,3392,,BSF66F,,cal_static,4,D,ok,ok,3110,3110,0,0,100,100
59.739174,1777159003.106834,3393,,BSF66F,,cal_static,4,E,ok,ok,3224,3224,0,0,100,100
59.739223,1777159003.106883,3393,,BSF66F,,cal_static,4,F,ok,ok,2468,2468,0,0,100,100
59.741333,1777159003.108993,3393,,BSF66F,,cal_static,4,G,ok,ok,2466,2466,0,0,96,96
59.758969,1777159003.126629,3393,,BSF66F,,cal_static,4,H,ok,ok,3178,3178,0,0,96,96
59.921228,1777159003.288888,3394,,BSF66F,,cal_static,4,A,reject,raw_outlier,3218,3698,0,0,72,72
59.922725,1777159003.290385,3394,,BSF66F,,cal_static,4,B,ok,ok,2683,2683,0,0,100,100
59.938742,1777159003.306402,3394,,BSF66F,,cal_static,4,C,ok,ok,2415,2415,0,0,100,100
59.941112,1777159003.308772,3394,,BSF66F,,cal_static,4,D,ok,ok,3163,3163,0,0,100,100
60.151867,1777159003.519527,3395,,BSF66F,,cal_static,4,E,ok,ok,3212,3212,0,0,100,100
60.151968,1777159003.519628,3395,,BSF66F,,cal_static,4,F,ok,ok,2464,2464,0,0,100,100
60.153808,1777159003.521468,3395,,BSF66F,,cal_static,4,G,ok,ok,2472,2472,0,0,96,96
60.17137,1777159003.53903,3395,,BSF66F,,cal_static,4,H,ok,ok,3172,3172,0,0,96,96
60.331058,1777159003.698718,3396,,BSF66F,,cal_static,4,A,reject,raw_outlier,3198,3698,0,0,69,69
60.333144,1777159003.700804,3396,,BSF66F,,cal_static,4,B,ok,ok,2720,2720,0,0,100,100
60.333669,1777159003.701329,3396,,BSF66F,,cal_static,4,C,ok,ok,2377,2377,0,0,100,100
60.351135,1777159003.718795,3396,,BSF66F,,cal_static,4,D,ok,ok,3147,3147,0,0,100,100
60.535706,1777159003.903366,3397,,BSF66F,,cal_static,4,E,ok,ok,3211,3211,0,0,100,100
60.537317,1777159003.904977,3397,,BSF66F,,cal_static,4,F,ok,ok,2482,2482,0,0,100,100
60.561435,1777159003.929095,3397,,BSF66F,,cal_static,4,G,ok,ok,2476,2476,0,0,96,96
60.563716,1777159003.931376,3397,,BSF66F,,cal_static,4,H,ok,ok,3183,3183,0,0,96,96
60.744701,1777159004.112361,3398,,BSF66F,,cal_static,4,A,ok,ok,3716,3716,0,0,70,70
60.744726,1777159004.112386,3398,,BSF66F,,cal_static,4,B,ok,ok,2681,2681,0,0,100,100
60.746399,1777159004.114059,3398,,BSF66F,,cal_static,4,C,ok,ok,2411,2411,0,0,100,100
60.794143,1777159004.161803,3398,,BSF66F,,cal_static,4,D,ok,ok,3123,3123,0,0,100,100
60.946854,1777159004.314514,3399,,BSF66F,,cal_static,4,E,ok,ok,3309,3309,0,0,100,100
60.946883,1777159004.314543,3399,,BSF66F,,cal_static,4,F,ok,ok,2435,2435,0,0,100,100
60.949118,1777159004.316778,3399,,BSF66F,,cal_static,4,G,ok,ok,2485,2485,0,0,96,96
60.996547,1777159004.364207,3399,,BSF66F,,cal_static,4,H,ok,ok,3184,3184,0,0,96,96
61.158956,1777159004.526616,3400,,BSF66F,,cal_static,4,A,reject,raw_outlier,3174,3716,0,0,67,67
61.159944,1777159004.527604,3400,,BSF66F,,cal_static,4,B,ok,ok,2658,2658,0,0,100,100
61.176769,1777159004.544429,3400,,BSF66F,,cal_static,4,C,ok,ok,2411,2411,0,0,100,100
61.178754,1777159004.546414,3400,,BSF66F,,cal_static,4,D,ok,ok,3127,3127,0,0,100,100
61.359474,1777159004.727134,3401,,BSF66F,,cal_static,4,E,ok,ok,3275,3275,0,0,100,100
61.359508,1777159004.727168,3401,,BSF66F,,cal_static,4,F,ok,ok,2415,2415,0,0,100,100
61.361306,1777159004.728966,3401,,BSF66F,,cal_static,4,G,ok,ok,2480,2480,0,0,96,96
61.378858,1777159004.746518,3401,,BSF66F,,cal_static,4,H,ok,ok,3256,3256,0,0,96,96
61.516083,1777159004.883743,3402,,BSF66F,,cal_static,4,A,ok,ok,3429,3429,0,0,68,68
61.51757,1777159004.88523,3402,,BSF66F,,cal_static,4,B,timeout,rx_timeout,0,2658,0,0,96,96
61.519159,1777159004.886819,3402,,BSF66F,,cal_static,4,C,timeout,rx_timeout,0,2411,0,0,96,96
61.536826,1777159004.904486,3402,,BSF66F,,cal_static,4,D,ok,ok,3100,3100,0,0,100,100
61.721968,1777159005.089628,3403,,BSF66F,,cal_static,4,E,ok,ok,3263,3263,0,0,100,100
61.722036,1777159005.089696,3403,,BSF66F,,cal_static,4,F,timeout,rx_timeout,0,2415,0,0,96,96
61.738961,1777159005.106621,3403,,BSF66F,,cal_static,4,G,ok,ok,2466,2466,0,0,96,96
61.741187,1777159005.108847,3403,,BSF66F,,cal_static,4,H,ok,ok,3220,3220,0,0,96,96
62.004466,1777159005.372126,3404,,BSF66F,,cal_static,4,A,ok,ok,3120,3120,0,0,70,70
62.004521,1777159005.372181,3404,,BSF66F,,cal_static,4,B,ok,ok,2681,2681,0,0,96,96
62.006609,1777159005.374269,3404,,BSF66F,,cal_static,4,C,ok,ok,2410,2410,0,0,96,96
62.023914,1777159005.391574,3404,,BSF66F,,cal_static,4,D,ok,ok,3157,3157,0,0,100,100
62.132027,1777159005.499687,3405,,BSF66F,,cal_static,4,E,ok,ok,3268,3268,0,0,100,100
62.132088,1777159005.499748,3405,,BSF66F,,cal_static,4,F,ok,ok,2478,2478,0,0,96,96
62.133721,1777159005.501381,3405,,BSF66F,,cal_static,4,G,ok,ok,2483,2483,0,0,96,96
62.15144,1777159005.5191,3405,,BSF66F,,cal_static,4,H,ok,ok,3172,3172,0,0,96,96
62.38924,1777159005.7569,3406,,BSF66F,,cal_static,4,A,ok,ok,3481,3481,0,0,70,70
62.389278,1777159005.756938,3406,,BSF66F,,cal_static,4,B,ok,ok,2680,2680,0,0,96,96
62.436371,1777159005.804031,3406,,BSF66F,,cal_static,4,C,ok,ok,2397,2397,0,0,96,96
62.439071,1777159005.806731,3406,,BSF66F,,cal_static,4,D,ok,ok,3161,3161,0,0,100,100
62.564171,1777159005.931831,3407,,BSF66F,,cal_static,4,E,ok,ok,3246,3246,0,0,100,100
62.566788,1777159005.934448,3407,,BSF66F,,cal_static,4,F,ok,ok,2396,2396,0,0,96,96
62.56687,1777159005.93453,3407,,BSF66F,,cal_static,4,G,ok,ok,2497,2497,0,0,96,96
62.569174,1777159005.936834,3407,,BSF66F,,cal_static,4,H,ok,ok,3201,3201,0,0,96,96
62.746141,1777159006.113801,3408,,BSF66F,,cal_static,4,A,ok,ok,3735,3735,0,0,71,71
62.796591,1777159006.164251,3408,,BSF66F,,cal_static,4,B,ok,ok,2670,2670,0,0,96,96
62.799015,1777159006.166675,3408,,BSF66F,,cal_static,4,C,ok,ok,2446,2446,0,0,96,96
62.799079,1777159006.166739,3408,,BSF66F,,cal_static,4,D,ok,ok,3140,3140,0,0,100,100
62.959408,1777159006.327068,3409,,BSF66F,,cal_static,4,E,ok,ok,3309,3309,0,0,100,100
62.959454,1777159006.327114,3409,,BSF66F,,cal_static,4,F,ok,ok,2462,2462,0,0,100,100
62.976695,1777159006.344355,3409,,BSF66F,,cal_static,4,G,ok,ok,2461,2461,0,0,100,100
62.978903,1777159006.346563,3409,,BSF66F,,cal_static,4,H,ok,ok,3180,3180,0,0,100,100
63.182296,1777159006.549956,3410,,BSF66F,,cal_static,4,A,ok,ok,3487,3487,0,0,76,76
63.182406,1777159006.550066,3410,,BSF66F,,cal_static,4,B,ok,ok,2711,2711,0,0,100,100
63.184047,1777159006.551707,3410,,BSF66F,,cal_static,4,C,ok,ok,2438,2438,0,0,100,100
63.208731,1777159006.576391,3410,,BSF66F,,cal_static,4,D,ok,ok,3129,3129,0,0,100,100
63.33932,1777159006.70698,3411,,BSF66F,,cal_static,4,E,ok,ok,3268,3268,0,0,100,100
63.339369,1777159006.707029,3411,,BSF66F,,cal_static,4,F,ok,ok,2421,2421,0,0,100,100
63.341544,1777159006.709204,3411,,BSF66F,,cal_static,4,G,ok,ok,2510,2510,0,0,100,100
63.359038,1777159006.726698,3411,,BSF66F,,cal_static,4,H,ok,ok,3247,3247,0,0,100,100
63.544167,1777159006.911827,3412,,BSF66F,,cal_static,4,A,ok,ok,3863,3863,0,0,77,77
63.544214,1777159006.911874,3412,,BSF66F,,cal_static,4,B,ok,ok,2675,2675,0,0,100,100
63.569005,1777159006.936665,3412,,BSF66F,,cal_static,4,C,ok,ok,2424,2424,0,0,100,100
63.5715,1777159006.93916,3412,,BSF66F,,cal_static,4,D,ok,ok,3170,3170,0,0,100,100
63.752172,1777159007.119832,3413,,BSF66F,,cal_static,4,E,ok,ok,3217,3217,0,0,100,100
63.75223,1777159007.11989,3413,,BSF66F,,cal_static,4,F,ok,ok,2465,2465,0,0,100,100
63.753787,1777159007.121447,3413,,BSF66F,,cal_static,4,G,ok,ok,2476,2476,0,0,100,100
63.771511,1777159007.139171,3413,,BSF66F,,cal_static,4,H,ok,ok,3195,3195,0,0,100,100
63.931443,1777159007.299103,3414,,BSF66F,,cal_static,4,A,reject,raw_outlier,3098,3863,0,0,73,73
63.933583,1777159007.301243,3414,,BSF66F,,cal_static,4,B,ok,ok,2642,2642,0,0,100,100
63.934003,1777159007.301663,3414,,BSF66F,,cal_static,4,C,ok,ok,2414,2414,0,0,100,100
63.95161,1777159007.31927,3414,,BSF66F,,cal_static,4,D,ok,ok,3148,3148,0,0,100,100
64.136994,1777159007.504654,3415,,BSF66F,,cal_static,4,E,ok,ok,3245,3245,0,0,100,100
64.137043,1777159007.504703,3415,,BSF66F,,cal_static,4,F,ok,ok,2492,2492,0,0,100,100
64.161652,1777159007.529312,3415,,BSF66F,,cal_static,4,G,ok,ok,2479,2479,0,0,100,100
64.164097,1777159007.531757,3415,,BSF66F,,cal_static,4,H,ok,ok,3231,3231,0,0,100,100
64.344592,1777159007.712252,3416,,BSF66F,,cal_static,4,A,ok,ok,3867,3867,0,0,75,75
64.344643,1777159007.712303,3416,,BSF66F,,cal_static,4,B,ok,ok,2694,2694,0,0,100,100
64.346372,1777159007.714032,3416,,BSF66F,,cal_static,4,C,ok,ok,2377,2377,0,0,100,100
64.364097,1777159007.731757,3416,,BSF66F,,cal_static,4,D,ok,ok,3129,3129,0,0,100,100
64.547017,1777159007.914677,3417,,BSF66F,,cal_static,4,E,ok,ok,3225,3225,0,0,100,100
64.547108,1777159007.914768,3417,,BSF66F,,cal_static,4,F,ok,ok,2444,2444,0,0,100,100
64.548814,1777159007.916474,3417,,BSF66F,,cal_static,4,G,ok,ok,2491,2491,0,0,100,100
64.596563,1777159007.964223,3417,,BSF66F,,cal_static,4,H,ok,ok,3195,3195,0,0,100,100
64.759542,1777159008.127202,3418,,BSF66F,,cal_static,4,A,ok,ok,3633,3633,0,0,76,76
64.759584,1777159008.127244,3418,,BSF66F,,cal_static,4,B,ok,ok,2662,2662,0,0,100,100
64.776655,1777159008.144315,3418,,BSF66F,,cal_static,4,C,ok,ok,2402,2402,0,0,100,100
64.778749,1777159008.146409,3418,,BSF66F,,cal_static,4,D,ok,ok,3157,3157,0,0,100,100
64.958993,1777159008.326653,3419,,BSF66F,,cal_static,4,E,ok,ok,3259,3259,0,0,100,100
64.977963,1777159008.345623,3419,,BSF66F,,cal_static,4,F,ok,ok,2424,2424,0,0,100,100
64.97947,1777159008.34713,3419,,BSF66F,,cal_static,4,G,ok,ok,2456,2456,0,0,100,100
64.982093,1777159008.349753,3419,,BSF66F,,cal_static,4,H,ok,ok,3198,3198,0,0,100,100
65.138605,1777159008.506265,3420,,BSF66F,,cal_static,4,A,reject,raw_outlier,3137,3633,0,0,72,72
65.140801,1777159008.508461,3420,,BSF66F,,cal_static,4,B,ok,ok,2654,2654,0,0,100,100
65.140847,1777159008.508507,3420,,BSF66F,,cal_static,4,C,ok,ok,2401,2401,0,0,100,100
65.159179,1777159008.526839,3420,,BSF66F,,cal_static,4,D,ok,ok,3142,3142,0,0,100,100
65.344204,1777159008.711864,3421,,BSF66F,,cal_static,4,E,ok,ok,3202,3202,0,0,100,100
65.344253,1777159008.711913,3421,,BSF66F,,cal_static,4,F,ok,ok,2460,2460,0,0,100,100
65.368976,1777159008.736636,3421,,BSF66F,,cal_static,4,G,ok,ok,2482,2482,0,0,100,100
65.37124,1777159008.7389,3421,,BSF66F,,cal_static,4,H,ok,ok,3198,3198,0,0,100,100
65.575063,1777159008.942723,3422,,BSF66F,,cal_static,4,A,ok,ok,3183,3183,0,0,73,73
65.57513,1777159008.94279,3422,,BSF66F,,cal_static,4,B,ok,ok,2643,2643,0,0,100,100
65.576818,1777159008.944478,3422,,BSF66F,,cal_static,4,C,ok,ok,2420,2420,0,0,100,100
65.60186,1777159008.96952,3422,,BSF66F,,cal_static,4,D,ok,ok,3172,3172,0,0,100,100
65.732148,1777159009.099808,3423,,BSF66F,,cal_static,4,E,ok,ok,3231,3231,0,0,100,100
65.732216,1777159009.099876,3423,,BSF66F,,cal_static,4,F,ok,ok,2400,2400,0,0,100,100
65.734392,1777159009.102052,3423,,BSF66F,,cal_static,4,G,ok,ok,2476,2476,0,0,100,100
65.751568,1777159009.119228,3423,,BSF66F,,cal_static,4,H,ok,ok,3236,3236,0,0,100,100
65.987566,1777159009.355226,3424,,BSF66F,,cal_static,4,A,ok,ok,3528,3528,0,0,75,75
65.98765,1777159009.35531,3424,,BSF66F,,cal_static,4,B,ok,ok,2684,2684,0,0,100,100
65.989059,1777159009.356719,3424,,BSF66F,,cal_static,4,C,ok,ok,2438,2438,0,0,100,100
66.036128,1777159009.403788,3424,,BSF66F,,cal_static,4,D,ok,ok,3115,3115,0,0,100,100
66.144821,1777159009.512481,3425,,BSF66F,,cal_static,4,E,ok,ok,3214,3214,0,0,100,100
66.1449,1777159009.51256,3425,,BSF66F,,cal_static,4,F,ok,ok,2394,2394,0,0,100,100
66.146599,1777159009.514259,3425,,BSF66F,,cal_static,4,G,ok,ok,2477,2477,0,0,100,100
66.164067,1777159009.531727,3425,,BSF66F,,cal_static,4,H,ok,ok,3139,3139,0,0,100,100
66.324509,1777159009.692169,3426,,BSF66F,,cal_static,4,A,ok,ok,3817,3817,0,0,76,76
66.324541,1777159009.692201,3426,,BSF66F,,cal_static,4,B,ok,ok,2666,2666,0,0,100,100
66.326635,1777159009.694295,3426,,BSF66F,,cal_static,4,C,ok,ok,2401,2401,0,0,100,100
66.34421,1777159009.71187,3426,,BSF66F,,cal_static,4,D,timeout,rx_timeout,0,3115,0,0,96,96
66.528494,1777159009.896154,3427,,BSF66F,,cal_static,4,E,ok,ok,3196,3196,0,0,100,100
66.529912,1777159009.897572,3427,,BSF66F,,cal_static,4,F,ok,ok,2495,2495,0,0,100,100
66.554284,1777159009.921944,3427,,BSF66F,,cal_static,4,G,timeout,rx_timeout,0,2477,0,0,96,96
66.577422,1777159009.945082,3427,,BSF66F,,cal_static,4,H,timeout,rx_timeout,0,3139,0,0,96,96
66.760084,1777159010.127744,3428,,BSF66F,,cal_static,4,A,ok,ok,3724,3724,0,0,76,76
66.760162,1777159010.127822,3428,,BSF66F,,cal_static,4,B,ok,ok,2663,2663,0,0,100,100
66.76156,1777159010.12922,3428,,BSF66F,,cal_static,4,C,ok,ok,2405,2405,0,0,100,100
66.779166,1777159010.146826,3428,,BSF66F,,cal_static,4,D,ok,ok,3165,3165,0,0,96,96
66.939425,1777159010.307085,3429,,BSF66F,,cal_static,4,E,ok,ok,3281,3281,0,0,100,100
66.939589,1777159010.307249,3429,,BSF66F,,cal_static,4,F,ok,ok,2484,2484,0,0,100,100
66.941338,1777159010.308998,3429,,BSF66F,,cal_static,4,G,ok,ok,2474,2474,0,0,96,96
66.959516,1777159010.327176,3429,,BSF66F,,cal_static,4,H,ok,ok,3228,3228,0,0,96,96
67.19599,1777159010.56365,3430,,BSF66F,,cal_static,4,A,ok,ok,3470,3470,0,0,77,77
67.197682,1777159010.565342,3430,,BSF66F,,cal_static,4,B,ok,ok,2724,2724,0,0,100,100
67.221762,1777159010.589422,3430,,BSF66F,,cal_static,4,C,ok,ok,2433,2433,0,0,100,100
67.224511,1777159010.592171,3430,,BSF66F,,cal_static,4,D,ok,ok,3133,3133,0,0,96,96
67.352424,1777159010.720084,3431,,BSF66F,,cal_static,4,E,ok,ok,3221,3221,0,0,100,100
67.352482,1777159010.720142,3431,,BSF66F,,cal_static,4,F,ok,ok,2428,2428,0,0,100,100
67.371575,1777159010.739235,3431,,BSF66F,,cal_static,4,G,ok,ok,2464,2464,0,0,96,96
67.373647,1777159010.741307,3431,,BSF66F,,cal_static,4,H,ok,ok,3239,3239,0,0,96,96
67.581644,1777159010.949304,3432,,BSF66F,,cal_static,4,A,ok,ok,3199,3199,0,0,78,78
67.584161,1777159010.951821,3432,,BSF66F,,cal_static,4,B,ok,ok,2651,2651,0,0,100,100
67.58421,1777159010.95187,3432,,BSF66F,,cal_static,4,C,ok,ok,2411,2411,0,0,100,100
67.586654,1777159010.954314,3432,,BSF66F,,cal_static,4,D,ok,ok,3123,3123,0,0,96,96
67.736166,1777159011.103826,3433,,BSF66F,,cal_static,4,E,ok,ok,3231,3231,0,0,100,100
67.737602,1777159011.105262,3433,,BSF66F,,cal_static,4,F,ok,ok,2505,2505,0,0,100,100
67.761527,1777159011.129187,3433,,BSF66F,,cal_static,4,G,ok,ok,2497,2497,0,0,96,96
67.763857,1777159011.131517,3433,,BSF66F,,cal_static,4,H,ok,ok,3182,3182,0,0,96,96
67.997689,1777159011.365349,3434,,BSF66F,,cal_static,4,A,ok,ok,3481,3481,0,0,79,79
67.997772,1777159011.365432,3434,,BSF66F,,cal_static,4,B,ok,ok,2709,2709,0,0,100,100
67.999123,1777159011.366783,3434,,BSF66F,,cal_static,4,C,ok,ok,2439,2439,0,0,100,100
68.016501,1777159011.384161,3434,,BSF66F,,cal_static,4,D,ok,ok,3141,3141,0,0,96,96
68.125006,1777159011.492666,3435,,BSF66F,,cal_static,4,E,ok,ok,3235,3235,0,0,100,100
68.125065,1777159011.492725,3435,,BSF66F,,cal_static,4,F,ok,ok,2434,2434,0,0,100,100
68.126566,1777159011.494226,3435,,BSF66F,,cal_static,4,G,ok,ok,2469,2469,0,0,96,96
68.144097,1777159011.511757,3435,,BSF66F,,cal_static,4,H,ok,ok,3188,3188,0,0,96,96
68.380997,1777159011.748657,3436,,BSF66F,,cal_static,4,A,ok,ok,3581,3581,0,0,80,80
68.382902,1777159011.750562,3436,,BSF66F,,cal_static,4,B,ok,ok,2680,2680,0,0,100,100
68.399092,1777159011.766752,3436,,BSF66F,,cal_static,4,C,ok,ok,2460,2460,0,0,100,100
68.400874,1777159011.768534,3436,,BSF66F,,cal_static,4,D,ok,ok,3124,3124,0,0,96,96
68.559739,1777159011.927399,3437,,BSF66F,,cal_static,4,E,ok,ok,3200,3200,0,0,100,100
68.559781,1777159011.927441,3437,,BSF66F,,cal_static,4,F,ok,ok,2487,2487,0,0,100,100
68.561518,1777159011.929178,3437,,BSF66F,,cal_static,4,G,ok,ok,2465,2465,0,0,96,96
68.579158,1777159011.946818,3437,,BSF66F,,cal_static,4,H,ok,ok,3249,3249,0,0,96,96
68.792168,1777159012.159828,3438,,BSF66F,,cal_static,4,A,ok,ok,3511,3511,0,0,80,80
68.792229,1777159012.159889,3438,,BSF66F,,cal_static,4,B,ok,ok,2653,2653,0,0,100,100
68.794254,1777159012.161914,3438,,BSF66F,,cal_static,4,C,ok,ok,2386,2386,0,0,100,100
68.81133,1777159012.17899,3438,,BSF66F,,cal_static,4,D,ok,ok,3143,3143,0,0,96,96
68.974679,1777159012.342339,3439,,BSF66F,,cal_static,4,E,ok,ok,3267,3267,0,0,100,100
68.974819,1777159012.342479,3439,,BSF66F,,cal_static,4,F,ok,ok,2409,2409,0,0,100,100
68.991828,1777159012.359488,3439,,BSF66F,,cal_static,4,G,ok,ok,2460,2460,0,0,96,96
68.994111,1777159012.361771,3439,,BSF66F,,cal_static,4,H,ok,ok,3200,3200,0,0,96,96
69.171903,1777159012.539563,3440,,BSF66F,,cal_static,4,A,ok,ok,3228,3228,0,0,81,81
69.174541,1777159012.542201,3440,,BSF66F,,cal_static,4,B,ok,ok,2682,2682,0,0,100,100
69.174609,1777159012.542269,3440,,BSF66F,,cal_static,4,C,ok,ok,2412,2412,0,0,100,100
69.17661,1777159012.54427,3440,,BSF66F,,cal_static,4,D,ok,ok,3127,3127,0,0,96,96
69.332499,1777159012.700159,3441,,BSF66F,,cal_static,4,E,ok,ok,3189,3189,0,0,100,100
69.332567,1777159012.700227,3441,,BSF66F,,cal_static,4,F,ok,ok,2431,2431,0,0,100,100
69.334549,1777159012.702209,3441,,BSF66F,,cal_static,4,G,ok,ok,2478,2478,0,0,100,100
69.351679,1777159012.719339,3441,,BSF66F,,cal_static,4,H,ok,ok,3188,3188,0,0,100,100
69.588625,1777159012.956285,3442,,BSF66F,,cal_static,4,A,ok,ok,3220,3220,0,0,82,82
69.590202,1777159012.957862,3442,,BSF66F,,cal_static,4,B,ok,ok,2686,2686,0,0,100,100
69.636716,1777159013.004376,3442,,BSF66F,,cal_static,4,C,ok,ok,2417,2417,0,0,100,100
69.639438,1777159013.007098,3442,,BSF66F,,cal_static,4,D,ok,ok,3162,3162,0,0,100,100
69.744885,1777159013.112545,3443,,BSF66F,,cal_static,4,E,ok,ok,3251,3251,0,0,100,100
69.744916,1777159013.112576,3443,,BSF66F,,cal_static,4,F,ok,ok,2482,2482,0,0,100,100
69.746668,1777159013.114328,3443,,BSF66F,,cal_static,4,G,ok,ok,2485,2485,0,0,100,100
69.76467,1777159013.13233,3443,,BSF66F,,cal_static,4,H,ok,ok,3210,3210,0,0,100,100
69.925589,1777159013.293249,3444,,BSF66F,,cal_static,4,A,reject,raw_outlier,3868,3220,0,0,77,77
69.925656,1777159013.293316,3444,,BSF66F,,cal_static,4,B,ok,ok,2663,2663,0,0,100,100
69.927096,1777159013.294756,3444,,BSF66F,,cal_static,4,C,ok,ok,2384,2384,0,0,100,100
69.996301,1777159013.363961,3444,,BSF66F,,cal_static,4,D,ok,ok,3122,3122,0,0,100,100
70.129622,1777159013.497282,3445,,BSF66F,,cal_static,4,E,ok,ok,3191,3191,0,0,100,100
70.129684,1777159013.497344,3445,,BSF66F,,cal_static,4,F,ok,ok,2396,2396,0,0,100,100
70.154201,1777159013.521861,3445,,BSF66F,,cal_static,4,G,ok,ok,2474,2474,0,0,100,100
70.156533,1777159013.524193,3445,,BSF66F,,cal_static,4,H,ok,ok,3180,3180,0,0,100,100
70.360159,1777159013.727819,3446,,BSF66F,,cal_static,4,A,ok,ok,3640,3640,0,0,78,78
70.360227,1777159013.727887,3446,,BSF66F,,cal_static,4,B,ok,ok,2684,2684,0,0,100,100
70.361884,1777159013.729544,3446,,BSF66F,,cal_static,4,C,ok,ok,2398,2398,0,0,100,100
70.379381,1777159013.747041,3446,,BSF66F,,cal_static,4,D,ok,ok,3144,3144,0,0,100,100
70.558641,1777159013.926301,3447,,BSF66F,,cal_static,4,E,ok,ok,3207,3207,0,0,100,100
70.561256,1777159013.928916,3447,,BSF66F,,cal_static,4,F,ok,ok,2487,2487,0,0,100,100
70.5613,1777159013.92896,3447,,BSF66F,,cal_static,4,G,ok,ok,2485,2485,0,0,100,100
70.563467,1777159013.931127,3447,,BSF66F,,cal_static,4,H,ok,ok,3190,3190,0,0,100,100
70.744404,1777159014.112064,3448,,BSF66F,,cal_static,4,A,ok,ok,3776,3776,0,0,80,80
70.744927,1777159014.112587,3448,,BSF66F,,cal_static,4,B,ok,ok,2654,2654,0,0,100,100
70.769334,1777159014.136994,3448,,BSF66F,,cal_static,4,C,ok,ok,2418,2418,0,0,100,100
70.771625,1777159014.139285,3448,,BSF66F,,cal_static,4,D,ok,ok,3135,3135,0,0,100,100
70.952392,1777159014.320052,3449,,BSF66F,,cal_static,4,E,ok,ok,3225,3225,0,0,100,100
70.952456,1777159014.320116,3449,,BSF66F,,cal_static,4,F,ok,ok,2454,2454,0,0,100,100
70.954124,1777159014.321784,3449,,BSF66F,,cal_static,4,G,ok,ok,2485,2485,0,0,100,100
70.971865,1777159014.339525,3449,,BSF66F,,cal_static,4,H,ok,ok,3159,3159,0,0,100,100
71.184131,1777159014.551791,3450,,BSF66F,,cal_static,4,A,ok,ok,3493,3493,0,0,80,80
71.185351,1777159014.553011,3450,,BSF66F,,cal_static,4,B,ok,ok,2643,2643,0,0,100,100
71.187048,1777159014.554708,3450,,BSF66F,,cal_static,4,C,ok,ok,2433,2433,0,0,100,100
71.204157,1777159014.571817,3450,,BSF66F,,cal_static,4,D,ok,ok,3110,3110,0,0,100,100
71.337224,1777159014.704884,3451,,BSF66F,,cal_static,4,E,ok,ok,3238,3238,0,0,100,100
71.337273,1777159014.704933,3451,,BSF66F,,cal_static,4,F,ok,ok,2494,2494,0,0,100,100
71.361818,1777159014.729478,3451,,BSF66F,,cal_static,4,G,ok,ok,2475,2475,0,0,100,100
71.363766,1777159014.731426,3451,,BSF66F,,cal_static,4,H,ok,ok,3188,3188,0,0,100,100
71.54491,1777159014.91257,3452,,BSF66F,,cal_static,4,A,ok,ok,3166,3166,0,0,81,81
71.545084,1777159014.912744,3452,,BSF66F,,cal_static,4,B,timeout,rx_timeout,0,2643,0,0,95,95
71.546817,1777159014.914477,3452,,BSF66F,,cal_static,4,C,timeout,rx_timeout,0,2433,0,0,95,95
71.56434,1777159014.932,3452,,BSF66F,,cal_static,4,D,ok,ok,3101,3101,0,0,100,100
71.744903,1777159015.112563,3453,,BSF66F,,cal_static,4,E,ok,ok,3252,3252,0,0,100,100
71.746366,1777159015.114026,3453,,BSF66F,,cal_static,4,F,timeout,rx_timeout,0,2494,0,0,95,95
71.747736,1777159015.115396,3453,,BSF66F,,cal_static,4,G,ok,ok,2478,2478,0,0,100,100
71.749085,1777159015.116745,3453,,BSF66F,,cal_static,4,H,ok,ok,3180,3180,0,0,100,100
71.928956,1777159015.296616,3454,,BSF66F,,cal_static,4,A,reject,raw_outlier,3843,3166,0,0,78,78
71.930412,1777159015.298072,3454,,BSF66F,,cal_static,4,B,ok,ok,2682,2682,0,0,95,95
71.95423,1777159015.32189,3454,,BSF66F,,cal_static,4,C,ok,ok,2451,2451,0,0,95,95
71.956676,1777159015.324336,3454,,BSF66F,,cal_static,4,D,ok,ok,3150,3150,0,0,100,100
72.159981,1777159015.527641,3455,,BSF66F,,cal_static,4,E,ok,ok,3198,3198,0,0,100,100
72.160031,1777159015.527691,3455,,BSF66F,,cal_static,4,F,ok,ok,2484,2484,0,0,95,95
72.161885,1777159015.529545,3455,,BSF66F,,cal_static,4,G,ok,ok,2502,2502,0,0,100,100
72.179267,1777159015.546927,3455,,BSF66F,,cal_static,4,H,ok,ok,3247,3247,0,0,100,100
72.316526,1777159015.684186,3456,,BSF66F,,cal_static,4,A,reject,raw_outlier,3678,3166,0,0,75,75
72.318561,1777159015.686221,3456,,BSF66F,,cal_static,4,B,ok,ok,2648,2648,0,0,95,95
72.318651,1777159015.686311,3456,,BSF66F,,cal_static,4,C,ok,ok,2425,2425,0,0,95,95
72.337141,1777159015.704801,3456,,BSF66F,,cal_static,4,D,ok,ok,3118,3118,0,0,100,100
72.573471,1777159015.941131,3457,,BSF66F,,cal_static,4,E,ok,ok,3310,3310,0,0,100,100
72.573514,1777159015.941174,3457,,BSF66F,,cal_static,4,F,ok,ok,2426,2426,0,0,96,96
72.590703,1777159015.958363,3457,,BSF66F,,cal_static,4,G,ok,ok,2482,2482,0,0,100,100
72.592833,1777159015.960493,3457,,BSF66F,,cal_static,4,H,ok,ok,3199,3199,0,0,100,100
72.805297,1777159016.172957,3458,,BSF66F,,cal_static,4,A,ok,ok,3528,3528,0,0,76,76
72.805346,1777159016.173006,3458,,BSF66F,,cal_static,4,B,ok,ok,2655,2655,0,0,96,96
72.807025,1777159016.174685,3458,,BSF66F,,cal_static,4,C,ok,ok,2462,2462,0,0,96,96
72.82397,1777159016.19163,3458,,BSF66F,,cal_static,4,D,ok,ok,3146,3146,0,0,100,100
72.93251,1777159016.30017,3459,,BSF66F,,cal_static,4,E,ok,ok,3288,3288,0,0,100,100
72.932786,1777159016.300446,3459,,BSF66F,,cal_static,4,F,ok,ok,2442,2442,0,0,96,96
72.934162,1777159016.301822,3459,,BSF66F,,cal_static,4,G,ok,ok,2506,2506,0,0,100,100
72.951832,1777159016.319492,3459,,BSF66F,,cal_static,4,H,ok,ok,3197,3197,0,0,100,100
73.186708,1777159016.554368,3460,,BSF66F,,cal_static,4,A,ok,ok,3793,3793,0,0,76,76
73.186777,1777159016.554437,3460,,BSF66F,,cal_static,4,B,ok,ok,2668,2668,0,0,96,96
73.188487,1777159016.556147,3460,,BSF66F,,cal_static,4,C,ok,ok,2385,2385,0,0,96,96
73.19013,1777159016.55779,3460,,BSF66F,,cal_static,4,D,ok,ok,3171,3171,0,0,100,100
73.344906,1777159016.712566,3461,,BSF66F,,cal_static,4,E,ok,ok,3268,3268,0,0,100,100
73.344938,1777159016.712598,3461,,BSF66F,,cal_static,4,F,ok,ok,2435,2435,0,0,96,96
73.346876,1777159016.714536,3461,,BSF66F,,cal_static,4,G,ok,ok,2482,2482,0,0,100,100
73.364677,1777159016.732337,3461,,BSF66F,,cal_static,4,H,ok,ok,3234,3234,0,0,100,100
73.599026,1777159016.966686,3462,,BSF66F,,cal_static,4,A,ok,ok,3488,3488,0,0,77,77
73.600414,1777159016.968074,3462,,BSF66F,,cal_static,4,B,ok,ok,2681,2681,0,0,96,96
73.601757,1777159016.969417,3462,,BSF66F,,cal_static,4,C,ok,ok,2423,2423,0,0,96,96
73.619405,1777159016.987065,3462,,BSF66F,,cal_static,4,D,ok,ok,3132,3132,0,0,100,100
73.759629,1777159017.127289,3463,,BSF66F,,cal_static,4,E,ok,ok,3193,3193,0,0,100,100
73.759653,1777159017.127313,3463,,BSF66F,,cal_static,4,F,ok,ok,2504,2504,0,0,96,96
73.777065,1777159017.144725,3463,,BSF66F,,cal_static,4,G,ok,ok,2455,2455,0,0,100,100
73.779144,1777159017.146804,3463,,BSF66F,,cal_static,4,H,ok,ok,3157,3157,0,0,100,100
73.979324,1777159017.346984,3464,,BSF66F,,cal_static,4,A,ok,ok,3470,3470,0,0,78,78
73.981953,1777159017.349613,3464,,BSF66F,,cal_static,4,B,ok,ok,2671,2671,0,0,96,96
73.982,1777159017.34966,3464,,BSF66F,,cal_static,4,C,ok,ok,2415,2415,0,0,96,96
73.983743,1777159017.351403,3464,,BSF66F,,cal_static,4,D,ok,ok,3135,3135,0,0,100,100
74.139868,1777159017.507528,3465,,BSF66F,,cal_static,4,E,ok,ok,3223,3223,0,0,100,100
74.1399,1777159017.50756,3465,,BSF66F,,cal_static,4,F,ok,ok,2461,2461,0,0,96,96
74.141939,1777159017.509599,3465,,BSF66F,,cal_static,4,G,ok,ok,2504,2504,0,0,100,100
74.15933,1777159017.52699,3465,,BSF66F,,cal_static,4,H,ok,ok,3168,3168,0,0,100,100
74.343635,1777159017.711295,3466,,BSF66F,,cal_static,4,A,ok,ok,3699,3699,0,0,79,79
74.345282,1777159017.712942,3466,,BSF66F,,cal_static,4,B,ok,ok,2675,2675,0,0,96,96
74.369352,1777159017.737012,3466,,BSF66F,,cal_static,4,C,ok,ok,2425,2425,0,0,96,96
74.371888,1777159017.739548,3466,,BSF66F,,cal_static,4,D,ok,ok,3115,3115,0,0,100,100
74.552294,1777159017.919954,3467,,BSF66F,,cal_static,4,E,ok,ok,3249,3249,0,0,100,100
74.552454,1777159017.920114,3467,,BSF66F,,cal_static,4,F,ok,ok,2456,2456,0,0,96,96
74.554162,1777159017.921822,3467,,BSF66F,,cal_static,4,G,ok,ok,2464,2464,0,0,100,100
74.571856,1777159017.939516,3467,,BSF66F,,cal_static,4,H,ok,ok,3126,3126,0,0,100,100
74.731902,1777159018.099562,3468,,BSF66F,,cal_static,4,A,reject,raw_outlier,3093,3699,0,0,76,76
74.733819,1777159018.101479,3468,,BSF66F,,cal_static,4,B,ok,ok,2682,2682,0,0,96,96
74.733905,1777159018.101565,3468,,BSF66F,,cal_static,4,C,ok,ok,2384,2384,0,0,96,96
74.751956,1777159018.119616,3468,,BSF66F,,cal_static,4,D,ok,ok,3154,3154,0,0,100,100
74.96708,1777159018.33474,3469,,BSF66F,,cal_static,4,E,ok,ok,3227,3227,0,0,100,100
75.035795,1777159018.403455,3469,,BSF66F,,cal_static,4,F,ok,ok,2460,2460,0,0,96,96
75.037739,1777159018.405399,3469,,BSF66F,,cal_static,4,G,ok,ok,2498,2498,0,0,100,100
75.039819,1777159018.407479,3469,,BSF66F,,cal_static,4,H,ok,ok,3166,3166,0,0,100,100
75.114514,1777159018.482174,3470,,BSF66F,,cal_static,4,A,reject,raw_outlier,3162,3699,0,0,74,74
75.116793,1777159018.484453,3470,,BSF66F,,cal_static,4,B,ok,ok,2624,2624,0,0,96,96
75.116847,1777159018.484507,3470,,BSF66F,,cal_static,4,C,ok,ok,2435,2435,0,0,96,96
75.141822,1777159018.509482,3470,,BSF66F,,cal_static,4,D,ok,ok,3132,3132,0,0,100,100
75.347433,1777159018.715093,3471,,BSF66F,,cal_static,4,E,ok,ok,3247,3247,0,0,100,100
75.347476,1777159018.715136,3471,,BSF66F,,cal_static,4,F,ok,ok,2510,2510,0,0,96,96
75.349359,1777159018.717019,3471,,BSF66F,,cal_static,4,G,ok,ok,2484,2484,0,0,100,100
75.39702,1777159018.76468,3471,,BSF66F,,cal_static,4,H,ok,ok,3164,3164,0,0,100,100
75.52885,1777159018.89651,3472,,BSF66F,,cal_static,4,A,ok,ok,3782,3782,0,0,75,75
75.530351,1777159018.898011,3472,,BSF66F,,cal_static,4,B,ok,ok,2649,2649,0,0,96,96
75.554416,1777159018.922076,3472,,BSF66F,,cal_static,4,C,ok,ok,2430,2430,0,0,96,96
75.556662,1777159018.924322,3472,,BSF66F,,cal_static,4,D,ok,ok,3144,3144,0,0,100,100
75.760409,1777159019.128069,3473,,BSF66F,,cal_static,4,E,ok,ok,3260,3260,0,0,100,100
75.760456,1777159019.128116,3473,,BSF66F,,cal_static,4,F,ok,ok,2471,2471,0,0,100,100
75.762023,1777159019.129683,3473,,BSF66F,,cal_static,4,G,ok,ok,2483,2483,0,0,100,100
75.779447,1777159019.147107,3473,,BSF66F,,cal_static,4,H,ok,ok,3151,3151,0,0,100,100
75.991502,1777159019.359162,3474,,BSF66F,,cal_static,4,A,ok,ok,3580,3580,0,0,76,76
75.993078,1777159019.360738,3474,,BSF66F,,cal_static,4,B,ok,ok,2660,2660,0,0,100,100
75.994748,1777159019.362408,3474,,BSF66F,,cal_static,4,C,ok,ok,2461,2461,0,0,100,100
76.011845,1777159019.379505,3474,,BSF66F,,cal_static,4,D,ok,ok,3155,3155,0,0,100,100
76.144734,1777159019.512394,3475,,BSF66F,,cal_static,4,E,ok,ok,3267,3267,0,0,100,100
76.144765,1777159019.512425,3475,,BSF66F,,cal_static,4,F,ok,ok,2491,2491,0,0,100,100
76.169443,1777159019.537103,3475,,BSF66F,,cal_static,4,G,ok,ok,2490,2490,0,0,100,100
76.17205,1777159019.53971,3475,,BSF66F,,cal_static,4,H,ok,ok,3208,3208,0,0,100,100
76.322752,1777159019.690412,3476,,BSF66F,,cal_static,4,A,ok,ok,3489,3489,0,0,77,77
76.322783,1777159019.690443,3476,,BSF66F,,cal_static,4,B,ok,ok,2696,2696,0,0,100,100
76.32448,1777159019.69214,3476,,BSF66F,,cal_static,4,C,ok,ok,2387,2387,0,0,100,100
76.349488,1777159019.717148,3476,,BSF66F,,cal_static,4,D,timeout,rx_timeout,0,3155,0,0,94,94
76.550738,1777159019.918398,3477,,BSF66F,,cal_static,4,E,ok,ok,3277,3277,0,0,100,100
76.552306,1777159019.919966,3477,,BSF66F,,cal_static,4,F,ok,ok,2426,2426,0,0,100,100
76.554157,1777159019.921817,3477,,BSF66F,,cal_static,4,G,timeout,rx_timeout,0,2490,0,0,94,94
76.556303,1777159019.923963,3477,,BSF66F,,cal_static,4,H,timeout,rx_timeout,0,3208,0,0,94,94
76.789945,1777159020.157605,3478,,BSF66F,,cal_static,4,A,ok,ok,3128,3128,0,0,78,78
76.789997,1777159020.157657,3478,,BSF66F,,cal_static,4,B,ok,ok,2657,2657,0,0,100,100
76.836977,1777159020.204637,3478,,BSF66F,,cal_static,4,C,ok,ok,2425,2425,0,0,100,100
76.839714,1777159020.207374,3478,,BSF66F,,cal_static,4,D,ok,ok,3146,3146,0,0,94,94
76.94498,1777159020.31264,3479,,BSF66F,,cal_static,4,E,ok,ok,3275,3275,0,0,100,100
76.945026,1777159020.312686,3479,,BSF66F,,cal_static,4,F,ok,ok,2448,2448,0,0,100,100
76.946862,1777159020.314522,3479,,BSF66F,,cal_static,4,G,ok,ok,2465,2465,0,0,95,95
76.96459,1777159020.33225,3479,,BSF66F,,cal_static,4,H,ok,ok,3214,3214,0,0,95,95
77.197709,1777159020.565369,3480,,BSF66F,,cal_static,4,A,reject,raw_outlier,3736,3128,0,0,75,75
77.199604,1777159020.567264,3480,,BSF66F,,cal_static,4,B,ok,ok,2664,2664,0,0,100,100
77.199675,1777159020.567335,3480,,BSF66F,,cal_static,4,C,ok,ok,2412,2412,0,0,100,100
77.201952,1777159020.569612,3480,,BSF66F,,cal_static,4,D,ok,ok,3162,3162,0,0,95,95
77.329479,1777159020.697139,3481,,BSF66F,,cal_static,4,E,ok,ok,3259,3259,0,0,100,100
77.329531,1777159020.697191,3481,,BSF66F,,cal_static,4,F,ok,ok,2440,2440,0,0,100,100
77.354292,1777159020.721952,3481,,BSF66F,,cal_static,4,G,ok,ok,2476,2476,0,0,95,95
77.356583,1777159020.724243,3481,,BSF66F,,cal_static,4,H,ok,ok,3214,3214,0,0,95,95
77.582762,1777159020.950422,3482,,BSF66F,,cal_static,4,A,ok,ok,3093,3093,0,0,76,76
77.582795,1777159020.950455,3482,,BSF66F,,cal_static,4,B,ok,ok,2677,2677,0,0,100,100
77.584368,1777159020.952028,3482,,BSF66F,,cal_static,4,C,ok,ok,2391,2391,0,0,100,100
77.608902,1777159020.976562,3482,,BSF66F,,cal_static,4,D,ok,ok,3114,3114,0,0,95,95
77.73914,1777159021.1068,3483,,BSF66F,,cal_static,4,E,ok,ok,3205,3205,0,0,100,100
77.740651,1777159021.108311,3483,,BSF66F,,cal_static,4,F,ok,ok,2496,2496,0,0,100,100
77.741978,1777159021.109638,3483,,BSF66F,,cal_static,4,G,ok,ok,2482,2482,0,0,95,95
77.759431,1777159021.127091,3483,,BSF66F,,cal_static,4,H,ok,ok,3208,3208,0,0,95,95
77.922019,1777159021.289679,3484,,BSF66F,,cal_static,4,A,reject,raw_outlier,3640,3093,0,0,72,72
77.923079,1777159021.290739,3484,,BSF66F,,cal_static,4,B,ok,ok,2671,2671,0,0,100,100
77.939502,1777159021.307162,3484,,BSF66F,,cal_static,4,C,ok,ok,2380,2380,0,0,100,100
77.941684,1777159021.309344,3484,,BSF66F,,cal_static,4,D,ok,ok,3164,3164,0,0,95,95
78.152504,1777159021.520164,3485,,BSF66F,,cal_static,4,E,ok,ok,3207,3207,0,0,100,100
78.152557,1777159021.520217,3485,,BSF66F,,cal_static,4,F,ok,ok,2498,2498,0,0,100,100
78.15431,1777159021.52197,3485,,BSF66F,,cal_static,4,G,ok,ok,2482,2482,0,0,95,95
78.172308,1777159021.539968,3485,,BSF66F,,cal_static,4,H,ok,ok,3205,3205,0,0,95,95
78.385041,1777159021.752701,3486,,BSF66F,,cal_static,4,A,ok,ok,3286,3286,0,0,73,73
78.386303,1777159021.753963,3486,,BSF66F,,cal_static,4,B,ok,ok,2659,2659,0,0,100,100
78.387556,1777159021.755216,3486,,BSF66F,,cal_static,4,C,ok,ok,2430,2430,0,0,100,100
78.405443,1777159021.773103,3486,,BSF66F,,cal_static,4,D,ok,ok,3161,3161,0,0,95,95
78.536385,1777159021.904045,3487,,BSF66F,,cal_static,4,E,ok,ok,3215,3215,0,0,100,100
78.537897,1777159021.905557,3487,,BSF66F,,cal_static,4,F,ok,ok,2450,2450,0,0,100,100
78.562034,1777159021.929694,3487,,BSF66F,,cal_static,4,G,ok,ok,2474,2474,0,0,95,95
78.564454,1777159021.932114,3487,,BSF66F,,cal_static,4,H,ok,ok,3206,3206,0,0,95,95
78.794565,1777159022.162225,3488,,BSF66F,,cal_static,4,A,ok,ok,3174,3174,0,0,75,75
78.796987,1777159022.164647,3488,,BSF66F,,cal_static,4,B,ok,ok,2649,2649,0,0,100,100
78.79706,1777159022.16472,3488,,BSF66F,,cal_static,4,C,ok,ok,2432,2432,0,0,100,100
78.799388,1777159022.167048,3488,,BSF66F,,cal_static,4,D,ok,ok,3129,3129,0,0,95,95
78.948103,1777159022.315763,3489,,BSF66F,,cal_static,4,E,ok,ok,3227,3227,0,0,100,100
78.948317,1777159022.315977,3489,,BSF66F,,cal_static,4,F,ok,ok,2470,2470,0,0,100,100
78.949405,1777159022.317065,3489,,BSF66F,,cal_static,4,G,ok,ok,2486,2486,0,0,96,96
78.997182,1777159022.364842,3489,,BSF66F,,cal_static,4,H,ok,ok,3172,3172,0,0,96,96
79.181522,1777159022.549182,3490,,BSF66F,,cal_static,4,A,ok,ok,3155,3155,0,0,76,76
79.182998,1777159022.550658,3490,,BSF66F,,cal_static,4,B,ok,ok,2643,2643,0,0,100,100
79.199729,1777159022.567389,3490,,BSF66F,,cal_static,4,C,ok,ok,2425,2425,0,0,100,100
79.203059,1777159022.570719,3490,,BSF66F,,cal_static,4,D,ok,ok,3183,3183,0,0,96,96
79.360124,1777159022.727784,3491,,BSF66F,,cal_static,4,E,ok,ok,3211,3211,0,0,100,100
79.360227,1777159022.727887,3491,,BSF66F,,cal_static,4,F,ok,ok,2439,2439,0,0,100,100
79.361876,1777159022.729536,3491,,BSF66F,,cal_static,4,G,ok,ok,2489,2489,0,0,96,96
79.379786,1777159022.747446,3491,,BSF66F,,cal_static,4,H,ok,ok,3167,3167,0,0,96,96
79.539261,1777159022.906921,3492,,BSF66F,,cal_static,4,A,reject,raw_outlier,3782,3155,0,0,73,73
79.541238,1777159022.908898,3492,,BSF66F,,cal_static,4,B,ok,ok,2690,2690,0,0,100,100
79.541698,1777159022.909358,3492,,BSF66F,,cal_static,4,C,ok,ok,2392,2392,0,0,100,100
79.559482,1777159022.927142,3492,,BSF66F,,cal_static,4,D,ok,ok,3177,3177,0,0,96,96
79.744912,1777159023.112572,3493,,BSF66F,,cal_static,4,E,ok,ok,3192,3192,0,0,100,100
79.744943,1777159023.112603,3493,,BSF66F,,cal_static,4,F,ok,ok,2499,2499,0,0,100,100
79.769409,1777159023.137069,3493,,BSF66F,,cal_static,4,G,ok,ok,2477,2477,0,0,96,96
79.771827,1777159023.139487,3493,,BSF66F,,cal_static,4,H,ok,ok,3168,3168,0,0,96,96
79.921966,1777159023.289626,3494,,BSF66F,,cal_static,4,A,reject,raw_outlier,3616,3155,0,0,70,70
79.9241,1777159023.29176,3494,,BSF66F,,cal_static,4,B,ok,ok,2681,2681,0,0,100,100
79.924547,1777159023.292207,3494,,BSF66F,,cal_static,4,C,ok,ok,2430,2430,0,0,100,100
79.94971,1777159023.31737,3494,,BSF66F,,cal_static,4,D,ok,ok,3160,3160,0,0,96,96
80.132952,1777159023.500612,3495,,BSF66F,,cal_static,4,E,ok,ok,3253,3253,0,0,100,100
80.133062,1777159023.500722,3495,,BSF66F,,cal_static,4,F,ok,ok,2461,2461,0,0,100,100
80.134653,1777159023.502313,3495,,BSF66F,,cal_static,4,G,ok,ok,2470,2470,0,0,96,96
80.182291,1777159023.549951,3495,,BSF66F,,cal_static,4,H,ok,ok,3218,3218,0,0,96,96
80.367002,1777159023.734662,3496,,BSF66F,,cal_static,4,A,reject,raw_outlier,3727,3155,0,0,67,67
80.367997,1777159023.735657,3496,,BSF66F,,cal_static,4,B,ok,ok,2653,2653,0,0,100,100
80.384808,1777159023.752468,3496,,BSF66F,,cal_static,4,C,ok,ok,2439,2439,0,0,100,100
80.386973,1777159023.754633,3496,,BSF66F,,cal_static,4,D,ok,ok,3145,3145,0,0,96,96
80.545156,1777159023.912816,3497,,BSF66F,,cal_static,4,E,ok,ok,3263,3263,0,0,100,100
80.545245,1777159023.912905,3497,,BSF66F,,cal_static,4,F,ok,ok,2492,2492,0,0,100,100
80.546958,1777159023.914618,3497,,BSF66F,,cal_static,4,G,ok,ok,2484,2484,0,0,96,96
80.564626,1777159023.932286,3497,,BSF66F,,cal_static,4,H,ok,ok,3154,3154,0,0,96,96
80.799238,1777159024.166898,3498,,BSF66F,,cal_static,4,A,ok,ok,3481,3481,0,0,68,68
80.800596,1777159024.168256,3498,,BSF66F,,cal_static,4,B,ok,ok,2718,2718,0,0,100,100
80.802033,1777159024.169693,3498,,BSF66F,,cal_static,4,C,ok,ok,2394,2394,0,0,100,100
80.819197,1777159024.186857,3498,,BSF66F,,cal_static,4,D,ok,ok,3131,3131,0,0,96,96
80.959827,1777159024.327487,3499,,BSF66F,,cal_static,4,E,ok,ok,3230,3230,0,0,100,100
80.959868,1777159024.327528,3499,,BSF66F,,cal_static,4,F,ok,ok,2427,2427,0,0,100,100
80.976989,1777159024.344649,3499,,BSF66F,,cal_static,4,G,ok,ok,2482,2482,0,0,96,96
80.979303,1777159024.346963,3499,,BSF66F,,cal_static,4,H,ok,ok,3208,3208,0,0,96,96
81.183294,1777159024.550954,3500,,BSF66F,,cal_static,4,A,ok,ok,3429,3429,0,0,70,70
81.183568,1777159024.551228,3500,,BSF66F,,cal_static,4,B,ok,ok,2675,2675,0,0,100,100
81.184449,1777159024.552109,3500,,BSF66F,,cal_static,4,C,ok,ok,2421,2421,0,0,100,100
81.209111,1777159024.576771,3500,,BSF66F,,cal_static,4,D,ok,ok,3156,3156,0,0,96,96
81.339202,1777159024.706862,3501,,BSF66F,,cal_static,4,E,ok,ok,3235,3235,0,0,100,100
81.340636,1777159024.708296,3501,,BSF66F,,cal_static,4,F,ok,ok,2505,2505,0,0,100,100
81.342213,1777159024.709873,3501,,BSF66F,,cal_static,4,G,ok,ok,2494,2494,0,0,96,96
81.389027,1777159024.756687,3501,,BSF66F,,cal_static,4,H,ok,ok,3144,3144,0,0,96,96
81.522239,1777159024.889899,3502,,BSF66F,,cal_static,4,A,ok,ok,3091,3091,0,0,70,70
81.522282,1777159024.889942,3502,,BSF66F,,cal_static,4,B,ok,ok,2698,2698,0,0,100,100
81.539577,1777159024.907237,3502,,BSF66F,,cal_static,4,C,timeout,rx_timeout,0,2421,0,0,96,96
81.54191,1777159024.90957,3502,,BSF66F,,cal_static,4,D,ok,ok,3123,3123,0,0,96,96
81.722917,1777159025.090577,3503,,BSF66F,,cal_static,4,E,ok,ok,3213,3213,0,0,100,100
81.722941,1777159025.090601,3503,,BSF66F,,cal_static,4,F,timeout,rx_timeout,0,2505,0,0,96,96
81.724678,1777159025.092338,3503,,BSF66F,,cal_static,4,G,ok,ok,2505,2505,0,0,96,96
81.749455,1777159025.117115,3503,,BSF66F,,cal_static,4,H,ok,ok,3258,3258,0,0,96,96
81.93202,1777159025.29968,3504,,BSF66F,,cal_static,4,A,reject,raw_outlier,3580,3091,0,0,68,68
81.933898,1777159025.301558,3504,,BSF66F,,cal_static,4,B,ok,ok,2660,2660,0,0,100,100
81.934386,1777159025.302046,3504,,BSF66F,,cal_static,4,C,ok,ok,2410,2410,0,0,96,96
81.951985,1777159025.319645,3504,,BSF66F,,cal_static,4,D,ok,ok,3140,3140,0,0,96,96
82.137597,1777159025.505257,3505,,BSF66F,,cal_static,4,E,ok,ok,3263,3263,0,0,100,100
82.137653,1777159025.505313,3505,,BSF66F,,cal_static,4,F,ok,ok,2442,2442,0,0,100,100
82.162063,1777159025.529723,3505,,BSF66F,,cal_static,4,G,ok,ok,2460,2460,0,0,100,100
82.164336,1777159025.531996,3505,,BSF66F,,cal_static,4,H,ok,ok,3221,3221,0,0,100,100
82.397936,1777159025.765596,3506,,BSF66F,,cal_static,4,A,ok,ok,3178,3178,0,0,70,70
82.397985,1777159025.765645,3506,,BSF66F,,cal_static,4,B,ok,ok,2709,2709,0,0,100,100
82.399914,1777159025.767574,3506,,BSF66F,,cal_static,4,C,ok,ok,2420,2420,0,0,100,100
82.416979,1777159025.784639,3506,,BSF66F,,cal_static,4,D,ok,ok,3141,3141,0,0,100,100
82.524314,1777159025.891974,3507,,BSF66F,,cal_static,4,E,ok,ok,3188,3188,0,0,100,100
82.525681,1777159025.893341,3507,,BSF66F,,cal_static,4,F,ok,ok,2476,2476,0,0,100,100
82.52703,1777159025.89469,3507,,BSF66F,,cal_static,4,G,ok,ok,2479,2479,0,0,100,100
82.544698,1777159025.912358,3507,,BSF66F,,cal_static,4,H,ok,ok,3229,3229,0,0,100,100
82.782524,1777159026.150184,3508,,BSF66F,,cal_static,4,A,ok,ok,3143,3143,0,0,72,72
82.782568,1777159026.150228,3508,,BSF66F,,cal_static,4,B,ok,ok,2642,2642,0,0,100,100
82.799747,1777159026.167407,3508,,BSF66F,,cal_static,4,C,ok,ok,2432,2432,0,0,100,100
82.802041,1777159026.169701,3508,,BSF66F,,cal_static,4,D,ok,ok,3125,3125,0,0,100,100
82.960748,1777159026.328408,3509,,BSF66F,,cal_static,4,E,ok,ok,3216,3216,0,0,100,100
82.960826,1777159026.328486,3509,,BSF66F,,cal_static,4,F,ok,ok,2465,2465,0,0,100,100
82.962421,1777159026.330081,3509,,BSF66F,,cal_static,4,G,ok,ok,2492,2492,0,0,100,100
82.979729,1777159026.347389,3509,,BSF66F,,cal_static,4,H,ok,ok,3140,3140,0,0,100,100
83.191961,1777159026.559621,3510,,BSF66F,,cal_static,4,A,ok,ok,3147,3147,0,0,73,73
83.193603,1777159026.561263,3510,,BSF66F,,cal_static,4,B,ok,ok,2654,2654,0,0,100,100
83.194999,1777159026.562659,3510,,BSF66F,,cal_static,4,C,ok,ok,2416,2416,0,0,100,100
83.211997,1777159026.579657,3510,,BSF66F,,cal_static,4,D,ok,ok,3171,3171,0,0,100,100
83.345033,1777159026.712693,3511,,BSF66F,,cal_static,4,E,ok,ok,3213,3213,0,0,100,100
83.345096,1777159026.712756,3511,,BSF66F,,cal_static,4,F,ok,ok,2438,2438,0,0,100,100
83.369805,1777159026.737465,3511,,BSF66F,,cal_static,4,G,ok,ok,2467,2467,0,0,100,100
83.372172,1777159026.739832,3511,,BSF66F,,cal_static,4,H,ok,ok,3159,3159,0,0,100,100
83.572028,1777159026.939688,3512,,BSF66F,,cal_static,4,A,ok,ok,3222,3222,0,0,75,75
83.574671,1777159026.942331,3512,,BSF66F,,cal_static,4,B,ok,ok,2722,2722,0,0,100,100
83.574718,1777159026.942378,3512,,BSF66F,,cal_static,4,C,ok,ok,2459,2459,0,0,100,100
83.60279,1777159026.97045,3512,,BSF66F,,cal_static,4,D,ok,ok,3117,3117,0,0,100,100
83.73269,1777159027.10035,3513,,BSF66F,,cal_static,4,E,ok,ok,3300,3300,0,0,100,100
83.732741,1777159027.100401,3513,,BSF66F,,cal_static,4,F,ok,ok,2492,2492,0,0,100,100
83.734797,1777159027.102457,3513,,BSF66F,,cal_static,4,G,ok,ok,2459,2459,0,0,100,100
83.752109,1777159027.119769,3513,,BSF66F,,cal_static,4,H,ok,ok,3181,3181,0,0,100,100
83.990048,1777159027.357708,3514,,BSF66F,,cal_static,4,A,ok,ok,3580,3580,0,0,76,76
83.990111,1777159027.357771,3514,,BSF66F,,cal_static,4,B,ok,ok,2706,2706,0,0,100,100
84.037153,1777159027.404813,3514,,BSF66F,,cal_static,4,C,ok,ok,2457,2457,0,0,100,100
84.038669,1777159027.406329,3514,,BSF66F,,cal_static,4,D,ok,ok,3146,3146,0,0,100,100
84.14525,1777159027.51291,3515,,BSF66F,,cal_static,4,E,ok,ok,3210,3210,0,0,100,100
84.145317,1777159027.512977,3515,,BSF66F,,cal_static,4,F,ok,ok,2438,2438,0,0,100,100
84.146994,1777159027.514654,3515,,BSF66F,,cal_static,4,G,ok,ok,2497,2497,0,0,100,100
84.164987,1777159027.532647,3515,,BSF66F,,cal_static,4,H,ok,ok,3162,3162,0,0,100,100
84.400467,1777159027.768127,3516,,BSF66F,,cal_static,4,A,ok,ok,3447,3447,0,0,77,77
84.400516,1777159027.768176,3516,,BSF66F,,cal_static,4,B,ok,ok,2709,2709,0,0,100,100
84.402131,1777159027.769791,3516,,BSF66F,,cal_static,4,C,ok,ok,2369,2369,0,0,100,100
84.419276,1777159027.786936,3516,,BSF66F,,cal_static,4,D,ok,ok,3152,3152,0,0,100,100
84.560054,1777159027.927714,3517,,BSF66F,,cal_static,4,E,ok,ok,3250,3250,0,0,100,100
84.560122,1777159027.927782,3517,,BSF66F,,cal_static,4,F,ok,ok,2418,2418,0,0,100,100
84.577509,1777159027.945169,3517,,BSF66F,,cal_static,4,G,ok,ok,2474,2474,0,0,100,100
84.579608,1777159027.947268,3517,,BSF66F,,cal_static,4,H,ok,ok,3200,3200,0,0,100,100
84.782962,1777159028.150622,3518,,BSF66F,,cal_static,4,A,ok,ok,3072,3072,0,0,78,78
84.783012,1777159028.150672,3518,,BSF66F,,cal_static,4,B,ok,ok,2645,2645,0,0,100,100
84.784742,1777159028.152402,3518,,BSF66F,,cal_static,4,C,ok,ok,2421,2421,0,0,100,100
84.831118,1777159028.198778,3518,,BSF66F,,cal_static,4,D,ok,ok,3133,3133,0,0,100,100
84.939244,1777159028.306904,3519,,BSF66F,,cal_static,4,E,ok,ok,3253,3253,0,0,100,100
84.94066,1777159028.30832,3519,,BSF66F,,cal_static,4,F,ok,ok,2517,2517,0,0,100,100
84.942027,1777159028.309687,3519,,BSF66F,,cal_static,4,G,ok,ok,2486,2486,0,0,100,100
84.959843,1777159028.327503,3519,,BSF66F,,cal_static,4,H,ok,ok,3201,3201,0,0,100,100
85.195552,1777159028.563212,3520,,BSF66F,,cal_static,4,A,ok,ok,3143,3143,0,0,79,79
85.1956,1777159028.56326,3520,,BSF66F,,cal_static,4,B,ok,ok,2693,2693,0,0,100,100
85.197148,1777159028.564808,3520,,BSF66F,,cal_static,4,C,ok,ok,2393,2393,0,0,100,100
85.222066,1777159028.589726,3520,,BSF66F,,cal_static,4,D,ok,ok,3163,3163,0,0,100,100
85.35297,1777159028.72063,3521,,BSF66F,,cal_static,4,E,ok,ok,3246,3246,0,0,100,100
85.353016,1777159028.720676,3521,,BSF66F,,cal_static,4,F,ok,ok,2425,2425,0,0,100,100
85.354607,1777159028.722267,3521,,BSF66F,,cal_static,4,G,ok,ok,2455,2455,0,0,100,100
85.372536,1777159028.740196,3521,,BSF66F,,cal_static,4,H,ok,ok,3142,3142,0,0,100,100
85.607592,1777159028.975252,3522,,BSF66F,,cal_static,4,A,ok,ok,3146,3146,0,0,80,80
85.607688,1777159028.975348,3522,,BSF66F,,cal_static,4,B,ok,ok,2672,2672,0,0,100,100
85.609751,1777159028.977411,3522,,BSF66F,,cal_static,4,C,ok,ok,2436,2436,0,0,100,100
85.633833,1777159029.001493,3522,,BSF66F,,cal_static,4,D,ok,ok,3141,3141,0,0,100,100
85.737438,1777159029.105098,3523,,BSF66F,,cal_static,4,E,ok,ok,3246,3246,0,0,100,100
85.737485,1777159029.105145,3523,,BSF66F,,cal_static,4,F,ok,ok,2447,2447,0,0,100,100
85.762253,1777159029.129913,3523,,BSF66F,,cal_static,4,G,ok,ok,2480,2480,0,0,100,100
85.764545,1777159029.132205,3523,,BSF66F,,cal_static,4,H,ok,ok,3211,3211,0,0,100,100
85.967985,1777159029.335645,3524,,BSF66F,,cal_static,4,A,ok,ok,3239,3239,0,0,80,80
85.96802,1777159029.33568,3524,,BSF66F,,cal_static,4,B,ok,ok,2666,2666,0,0,100,100
85.970139,1777159029.337799,3524,,BSF66F,,cal_static,4,C,ok,ok,2439,2439,0,0,100,100
85.994729,1777159029.362389,3524,,BSF66F,,cal_static,4,D,ok,ok,3149,3149,0,0,100,100
86.146859,1777159029.514519,3525,,BSF66F,,cal_static,4,E,ok,ok,3267,3267,0,0,100,100
86.196581,1777159029.564241,3525,,BSF66F,,cal_static,4,F,ok,ok,2441,2441,0,0,100,100
86.219873,1777159029.587533,3525,,BSF66F,,cal_static,4,G,ok,ok,2493,2493,0,0,100,100
86.222164,1777159029.589824,3525,,BSF66F,,cal_static,4,H,ok,ok,3207,3207,0,0,100,100
86.358896,1777159029.726556,3526,,BSF66F,,cal_static,4,A,ok,ok,3478,3478,0,0,81,81
86.358932,1777159029.726592,3526,,BSF66F,,cal_static,4,B,ok,ok,2695,2695,0,0,100,100
86.376175,1777159029.743835,3526,,BSF66F,,cal_static,4,C,ok,ok,2434,2434,0,0,100,100
86.378447,1777159029.746107,3526,,BSF66F,,cal_static,4,D,timeout,rx_timeout,0,3149,0,0,96,96
86.560471,1777159029.928131,3527,,BSF66F,,cal_static,4,E,ok,ok,3250,3250,0,0,100,100
86.56052,1777159029.92818,3527,,BSF66F,,cal_static,4,F,ok,ok,2433,2433,0,0,100,100
86.562329,1777159029.929989,3527,,BSF66F,,cal_static,4,G,timeout,rx_timeout,0,2493,0,0,96,96
86.579913,1777159029.947573,3527,,BSF66F,,cal_static,4,H,timeout,rx_timeout,0,3207,0,0,96,96
86.789669,1777159030.157329,3528,,BSF66F,,cal_static,4,A,ok,ok,3459,3459,0,0,82,82
86.792238,1777159030.159898,3528,,BSF66F,,cal_static,4,B,ok,ok,2704,2704,0,0,100,100
86.792383,1777159030.160043,3528,,BSF66F,,cal_static,4,C,ok,ok,2449,2449,0,0,100,100
86.7939,1777159030.16156,3528,,BSF66F,,cal_static,4,D,ok,ok,3174,3174,0,0,96,96
86.944869,1777159030.312529,3529,,BSF66F,,cal_static,4,E,ok,ok,3217,3217,0,0,100,100
86.944934,1777159030.312594,3529,,BSF66F,,cal_static,4,F,ok,ok,2486,2486,0,0,100,100
86.969591,1777159030.337251,3529,,BSF66F,,cal_static,4,G,ok,ok,2473,2473,0,0,96,96
86.971635,1777159030.339295,3529,,BSF66F,,cal_static,4,H,ok,ok,3215,3215,0,0,96,96
87.175871,1777159030.543531,3530,,BSF66F,,cal_static,4,A,ok,ok,3052,3052,0,0,82,82
87.175938,1777159030.543598,3530,,BSF66F,,cal_static,4,B,ok,ok,2657,2657,0,0,100,100
87.177387,1777159030.545047,3530,,BSF66F,,cal_static,4,C,ok,ok,2409,2409,0,0,100,100
87.201919,1777159030.569579,3530,,BSF66F,,cal_static,4,D,ok,ok,3150,3150,0,0,96,96
87.332627,1777159030.700287,3531,,BSF66F,,cal_static,4,E,ok,ok,3242,3242,0,0,100,100
87.332697,1777159030.700357,3531,,BSF66F,,cal_static,4,F,ok,ok,2492,2492,0,0,100,100
87.334961,1777159030.702621,3531,,BSF66F,,cal_static,4,G,ok,ok,2482,2482,0,0,96,96
87.352663,1777159030.720323,3531,,BSF66F,,cal_static,4,H,ok,ok,3204,3204,0,0,96,96
87.589353,1777159030.957013,3532,,BSF66F,,cal_static,4,A,ok,ok,3050,3050,0,0,83,83
87.590772,1777159030.958432,3532,,BSF66F,,cal_static,4,B,ok,ok,2721,2721,0,0,100,100
87.637423,1777159031.005083,3532,,BSF66F,,cal_static,4,C,ok,ok,2446,2446,0,0,100,100
87.640036,1777159031.007696,3532,,BSF66F,,cal_static,4,D,ok,ok,3166,3166,0,0,96,96
87.745371,1777159031.113031,3533,,BSF66F,,cal_static,4,E,ok,ok,3198,3198,0,0,100,100
87.745408,1777159031.113068,3533,,BSF66F,,cal_static,4,F,ok,ok,2441,2441,0,0,100,100
87.747258,1777159031.114918,3533,,BSF66F,,cal_static,4,G,ok,ok,2489,2489,0,0,96,96
87.764897,1777159031.132557,3533,,BSF66F,,cal_static,4,H,ok,ok,3185,3185,0,0,96,96
88.000565,1777159031.368225,3534,,BSF66F,,cal_static,4,A,ok,ok,3402,3402,0,0,83,83
88.000646,1777159031.368306,3534,,BSF66F,,cal_static,4,B,ok,ok,2637,2637,0,0,100,100
88.002718,1777159031.370378,3534,,BSF66F,,cal_static,4,C,ok,ok,2394,2394,0,0,100,100
88.019517,1777159031.387177,3534,,BSF66F,,cal_static,4,D,ok,ok,3170,3170,0,0,96,96
88.129411,1777159031.497071,3535,,BSF66F,,cal_static,4,E,ok,ok,3174,3174,0,0,100,100
88.130805,1777159031.498465,3535,,BSF66F,,cal_static,4,F,ok,ok,2438,2438,0,0,100,100
88.155166,1777159031.522826,3535,,BSF66F,,cal_static,4,G,ok,ok,2468,2468,0,0,96,96
88.157191,1777159031.524851,3535,,BSF66F,,cal_static,4,H,ok,ok,3192,3192,0,0,96,96
88.380221,1777159031.747881,3536,,BSF66F,,cal_static,4,A,ok,ok,3578,3578,0,0,84,84
88.382587,1777159031.750247,3536,,BSF66F,,cal_static,4,B,ok,ok,2726,2726,0,0,100,100
88.38265,1777159031.75031,3536,,BSF66F,,cal_static,4,C,ok,ok,2412,2412,0,0,100,100
88.384245,1777159031.751905,3536,,BSF66F,,cal_static,4,D,ok,ok,3159,3159,0,0,96,96
88.562483,1777159031.930143,3537,,BSF66F,,cal_static,4,E,ok,ok,3285,3285,0,0,100,100
88.562549,1777159031.930209,3537,,BSF66F,,cal_static,4,F,ok,ok,2481,2481,0,0,100,100
88.564463,1777159031.932123,3537,,BSF66F,,cal_static,4,G,ok,ok,2480,2480,0,0,100,100
88.589475,1777159031.957135,3537,,BSF66F,,cal_static,4,H,ok,ok,3201,3201,0,0,100,100
88.745214,1777159032.112874,3538,,BSF66F,,cal_static,4,A,ok,ok,3640,3640,0,0,88,88
88.745245,1777159032.112905,3538,,BSF66F,,cal_static,4,B,ok,ok,2678,2678,0,0,100,100
88.769889,1777159032.137549,3538,,BSF66F,,cal_static,4,C,ok,ok,2392,2392,0,0,100,100
88.772863,1777159032.140523,3538,,BSF66F,,cal_static,4,D,ok,ok,3103,3103,0,0,100,100
88.953145,1777159032.320805,3539,,BSF66F,,cal_static,4,E,ok,ok,3256,3256,0,0,100,100
88.953228,1777159032.320888,3539,,BSF66F,,cal_static,4,F,ok,ok,2427,2427,0,0,100,100
88.972418,1777159032.340078,3539,,BSF66F,,cal_static,4,G,ok,ok,2474,2474,0,0,100,100
88.974872,1777159032.342532,3539,,BSF66F,,cal_static,4,H,ok,ok,3148,3148,0,0,100,100
89.132245,1777159032.499905,3540,,BSF66F,,cal_static,4,A,reject,raw_outlier,3097,3640,0,0,83,83
89.134304,1777159032.501964,3540,,BSF66F,,cal_static,4,B,ok,ok,2673,2673,0,0,100,100
89.134342,1777159032.502002,3540,,BSF66F,,cal_static,4,C,ok,ok,2416,2416,0,0,100,100
89.152485,1777159032.520145,3540,,BSF66F,,cal_static,4,D,ok,ok,3114,3114,0,0,100,100
89.337556,1777159032.705216,3541,,BSF66F,,cal_static,4,E,ok,ok,3245,3245,0,0,100,100
89.337629,1777159032.705289,3541,,BSF66F,,cal_static,4,F,ok,ok,2477,2477,0,0,100,100
89.362322,1777159032.729982,3541,,BSF66F,,cal_static,4,G,ok,ok,2482,2482,0,0,100,100
89.364575,1777159032.732235,3541,,BSF66F,,cal_static,4,H,ok,ok,3195,3195,0,0,100,100
89.514691,1777159032.882351,3542,,BSF66F,,cal_static,4,A,reject,raw_outlier,3077,3640,0,0,78,78
89.516996,1777159032.884656,3542,,BSF66F,,cal_static,4,B,ok,ok,2677,2677,0,0,100,100
89.517069,1777159032.884729,3542,,BSF66F,,cal_static,4,C,ok,ok,2377,2377,0,0,100,100
89.542466,1777159032.910126,3542,,BSF66F,,cal_static,4,D,ok,ok,3148,3148,0,0,100,100
89.748261,1777159033.115921,3543,,BSF66F,,cal_static,4,E,ok,ok,3224,3224,0,0,100,100
89.748329,1777159033.115989,3543,,BSF66F,,cal_static,4,F,ok,ok,2452,2452,0,0,100,100
89.749544,1777159033.117204,3543,,BSF66F,,cal_static,4,G,ok,ok,2484,2484,0,0,100,100
89.797454,1777159033.165114,3543,,BSF66F,,cal_static,4,H,ok,ok,3196,3196,0,0,100,100
89.929596,1777159033.297256,3544,,BSF66F,,cal_static,4,A,reject,raw_outlier,3058,3640,0,0,75,75
89.931077,1777159033.298737,3544,,BSF66F,,cal_static,4,B,ok,ok,2677,2677,0,0,100,100
89.954907,1777159033.322567,3544,,BSF66F,,cal_static,4,C,ok,ok,2431,2431,0,0,100,100
89.957161,1777159033.324821,3544,,BSF66F,,cal_static,4,D,ok,ok,3149,3149,0,0,100,100
90.160563,1777159033.528223,3545,,BSF66F,,cal_static,4,E,ok,ok,3240,3240,0,0,100,100
90.160595,1777159033.528255,3545,,BSF66F,,cal_static,4,F,ok,ok,2492,2492,0,0,100,100
90.162535,1777159033.530195,3545,,BSF66F,,cal_static,4,G,ok,ok,2489,2489,0,0,100,100
90.179958,1777159033.547618,3545,,BSF66F,,cal_static,4,H,ok,ok,3198,3198,0,0,100,100
90.392451,1777159033.760111,3546,,BSF66F,,cal_static,4,A,ok,ok,3575,3575,0,0,76,76
90.393795,1777159033.761455,3546,,BSF66F,,cal_static,4,B,ok,ok,2641,2641,0,0,100,100
90.394939,1777159033.762599,3546,,BSF66F,,cal_static,4,C,ok,ok,2420,2420,0,0,100,100
90.412719,1777159033.780379,3546,,BSF66F,,cal_static,4,D,ok,ok,3142,3142,0,0,100,100
90.545103,1777159033.912763,3547,,BSF66F,,cal_static,4,E,ok,ok,3236,3236,0,0,100,100
90.545192,1777159033.912852,3547,,BSF66F,,cal_static,4,F,ok,ok,2441,2441,0,0,100,100
90.569941,1777159033.937601,3547,,BSF66F,,cal_static,4,G,ok,ok,2480,2480,0,0,100,100
90.572223,1777159033.939883,3547,,BSF66F,,cal_static,4,H,ok,ok,3233,3233,0,0,100,100
90.775565,1777159034.143225,3548,,BSF66F,,cal_static,4,A,ok,ok,3420,3420,0,0,77,77
90.775596,1777159034.143256,3548,,BSF66F,,cal_static,4,B,ok,ok,2674,2674,0,0,100,100
90.777315,1777159034.144975,3548,,BSF66F,,cal_static,4,C,ok,ok,2386,2386,0,0,100,100
90.802332,1777159034.169992,3548,,BSF66F,,cal_static,4,D,ok,ok,3186,3186,0,0,100,100
90.955492,1777159034.323152,3549,,BSF66F,,cal_static,4,E,ok,ok,3181,3181,0,0,100,100
90.955525,1777159034.323185,3549,,BSF66F,,cal_static,4,F,ok,ok,2469,2469,0,0,100,100
90.957752,1777159034.325412,3549,,BSF66F,,cal_static,4,G,ok,ok,2464,2464,0,0,100,100
90.982529,1777159034.350189,3549,,BSF66F,,cal_static,4,H,ok,ok,3183,3183,0,0,100,100
91.190185,1777159034.557845,3550,,BSF66F,,cal_static,4,A,ok,ok,3051,3051,0,0,78,78
91.190224,1777159034.557884,3550,,BSF66F,,cal_static,4,B,ok,ok,2644,2644,0,0,100,100
91.237729,1777159034.605389,3550,,BSF66F,,cal_static,4,C,ok,ok,2432,2432,0,0,100,100
91.24043,1777159034.60809,3550,,BSF66F,,cal_static,4,D,ok,ok,3152,3152,0,0,100,100
91.345485,1777159034.713145,3551,,BSF66F,,cal_static,4,E,ok,ok,3222,3222,0,0,100,100
91.345664,1777159034.713324,3551,,BSF66F,,cal_static,4,F,ok,ok,2457,2457,0,0,100,100
91.347387,1777159034.715047,3551,,BSF66F,,cal_static,4,G,ok,ok,2477,2477,0,0,100,100
91.364866,1777159034.732526,3551,,BSF66F,,cal_static,4,H,ok,ok,3204,3204,0,0,100,100
91.524931,1777159034.892591,3552,,BSF66F,,cal_static,4,A,ok,ok,3124,3124,0,0,79,79
91.526998,1777159034.894658,3552,,BSF66F,,cal_static,4,B,ok,ok,2653,2653,0,0,100,100
91.527302,1777159034.894962,3552,,BSF66F,,cal_static,4,C,timeout,rx_timeout,0,2432,0,0,95,95
91.544852,1777159034.912512,3552,,BSF66F,,cal_static,4,D,ok,ok,3091,3091,0,0,100,100
91.730204,1777159035.097864,3553,,BSF66F,,cal_static,4,E,ok,ok,3233,3233,0,0,100,100
91.730297,1777159035.097957,3553,,BSF66F,,cal_static,4,F,timeout,rx_timeout,0,2457,0,0,96,96
91.754748,1777159035.122408,3553,,BSF66F,,cal_static,4,G,ok,ok,2469,2469,0,0,100,100
91.776815,1777159035.144475,3553,,BSF66F,,cal_static,4,H,ok,ok,3206,3206,0,0,100,100
91.983227,1777159035.350887,3554,,BSF66F,,cal_static,4,A,ok,ok,3228,3228,0,0,80,80
91.983269,1777159035.350929,3554,,BSF66F,,cal_static,4,B,ok,ok,2680,2680,0,0,100,100
91.984985,1777159035.352645,3554,,BSF66F,,cal_static,4,C,ok,ok,2411,2411,0,0,96,96
92.010058,1777159035.377718,3554,,BSF66F,,cal_static,4,D,ok,ok,3142,3142,0,0,100,100
92.14042,1777159035.50808,3555,,BSF66F,,cal_static,4,E,ok,ok,3227,3227,0,0,100,100
92.140484,1777159035.508144,3555,,BSF66F,,cal_static,4,F,ok,ok,2401,2401,0,0,96,96
92.142481,1777159035.510141,3555,,BSF66F,,cal_static,4,G,ok,ok,2494,2494,0,0,100,100
92.160372,1777159035.528032,3555,,BSF66F,,cal_static,4,H,ok,ok,3157,3157,0,0,100,100
92.424968,1777159035.792628,3556,,BSF66F,,cal_static,4,A,ok,ok,3598,3598,0,0,80,80
92.425049,1777159035.792709,3556,,BSF66F,,cal_static,4,B,ok,ok,2715,2715,0,0,100,100
92.426701,1777159035.794361,3556,,BSF66F,,cal_static,4,C,ok,ok,2406,2406,0,0,96,96
92.428119,1777159035.795779,3556,,BSF66F,,cal_static,4,D,ok,ok,3137,3137,0,0,100,100
92.552944,1777159035.920604,3557,,BSF66F,,cal_static,4,E,ok,ok,3233,3233,0,0,100,100
92.553021,1777159035.920681,3557,,BSF66F,,cal_static,4,F,ok,ok,2455,2455,0,0,96,96
92.554722,1777159035.922382,3557,,BSF66F,,cal_static,4,G,ok,ok,2469,2469,0,0,100,100
92.572523,1777159035.940183,3557,,BSF66F,,cal_static,4,H,ok,ok,3168,3168,0,0,100,100
92.785477,1777159036.153137,3558,,BSF66F,,cal_static,4,A,ok,ok,3563,3563,0,0,81,81
92.785531,1777159036.153191,3558,,BSF66F,,cal_static,4,B,ok,ok,2670,2670,0,0,100,100
92.787112,1777159036.154772,3558,,BSF66F,,cal_static,4,C,ok,ok,2373,2373,0,0,96,96
92.804491,1777159036.172151,3558,,BSF66F,,cal_static,4,D,ok,ok,3176,3176,0,0,100,100
92.93677,1777159036.30443,3559,,BSF66F,,cal_static,4,E,ok,ok,3207,3207,0,0,100,100
92.938441,1777159036.306101,3559,,BSF66F,,cal_static,4,F,ok,ok,2388,2388,0,0,96,96
92.962866,1777159036.330526,3559,,BSF66F,,cal_static,4,G,ok,ok,2492,2492,0,0,100,100
92.964983,1777159036.332643,3559,,BSF66F,,cal_static,4,H,ok,ok,3170,3170,0,0,100,100
93.195514,1777159036.563174,3560,,BSF66F,,cal_static,4,A,ok,ok,3489,3489,0,0,82,82
93.197702,1777159036.565362,3560,,BSF66F,,cal_static,4,B,ok,ok,2653,2653,0,0,100,100
93.19781,1777159036.56547,3560,,BSF66F,,cal_static,4,C,ok,ok,2441,2441,0,0,96,96
93.199512,1777159036.567172,3560,,BSF66F,,cal_static,4,D,ok,ok,3181,3181,0,0,100,100
93.34782,1777159036.71548,3561,,BSF66F,,cal_static,4,E,ok,ok,3259,3259,0,0,100,100
93.347873,1777159036.715533,3561,,BSF66F,,cal_static,4,F,ok,ok,2457,2457,0,0,96,96
93.349944,1777159036.717604,3561,,BSF66F,,cal_static,4,G,ok,ok,2465,2465,0,0,100,100
93.3976,1777159036.76526,3561,,BSF66F,,cal_static,4,H,ok,ok,3198,3198,0,0,100,100
93.582783,1777159036.950443,3562,,BSF66F,,cal_static,4,A,ok,ok,3078,3078,0,0,82,82
93.582831,1777159036.950491,3562,,BSF66F,,cal_static,4,B,ok,ok,2681,2681,0,0,100,100
93.599993,1777159036.967653,3562,,BSF66F,,cal_static,4,C,ok,ok,2448,2448,0,0,96,96
93.602678,1777159036.970338,3562,,BSF66F,,cal_static,4,D,ok,ok,3130,3130,0,0,100,100
93.760585,1777159037.128245,3563,,BSF66F,,cal_static,4,E,ok,ok,3163,3163,0,0,100,100
93.760636,1777159037.128296,3563,,BSF66F,,cal_static,4,F,ok,ok,2472,2472,0,0,96,96
93.762382,1777159037.130042,3563,,BSF66F,,cal_static,4,G,ok,ok,2480,2480,0,0,100,100
93.780164,1777159037.147824,3563,,BSF66F,,cal_static,4,H,ok,ok,3240,3240,0,0,100,100
93.993008,1777159037.360668,3564,,BSF66F,,cal_static,4,A,ok,ok,3139,3139,0,0,83,83
93.993055,1777159037.360715,3564,,BSF66F,,cal_static,4,B,ok,ok,2693,2693,0,0,100,100
93.995412,1777159037.363072,3564,,BSF66F,,cal_static,4,C,ok,ok,2409,2409,0,0,96,96
94.012155,1777159037.379815,3564,,BSF66F,,cal_static,4,D,ok,ok,3138,3138,0,0,100,100
94.169446,1777159037.537106,3565,,BSF66F,,cal_static,4,E,ok,ok,3251,3251,0,0,100,100
94.172003,1777159037.539663,3565,,BSF66F,,cal_static,4,F,ok,ok,2422,2422,0,0,96,96
94.172053,1777159037.539713,3565,,BSF66F,,cal_static,4,G,ok,ok,2490,2490,0,0,100,100
94.174723,1777159037.542383,3565,,BSF66F,,cal_static,4,H,ok,ok,3180,3180,0,0,100,100
94.323502,1777159037.691162,3566,,BSF66F,,cal_static,4,A,reject,raw_outlier,3737,3139,0,0,80,80
94.323835,1777159037.691495,3566,,BSF66F,,cal_static,4,B,ok,ok,2655,2655,0,0,100,100
94.325204,1777159037.692864,3566,,BSF66F,,cal_static,4,C,ok,ok,2386,2386,0,0,96,96
94.349892,1777159037.717552,3566,,BSF66F,,cal_static,4,D,ok,ok,3158,3158,0,0,100,100
94.533368,1777159037.901028,3567,,BSF66F,,cal_static,4,E,ok,ok,3166,3166,0,0,100,100
94.533436,1777159037.901096,3567,,BSF66F,,cal_static,4,F,ok,ok,2445,2445,0,0,96,96
94.535327,1777159037.902987,3567,,BSF66F,,cal_static,4,G,ok,ok,2487,2487,0,0,100,100
94.552913,1777159037.920573,3567,,BSF66F,,cal_static,4,H,ok,ok,3232,3232,0,0,100,100
94.714657,1777159038.082317,3568,,BSF66F,,cal_static,4,A,reject,raw_outlier,3784,3139,0,0,78,78
94.716032,1777159038.083692,3568,,BSF66F,,cal_static,4,B,ok,ok,2697,2697,0,0,100,100
94.7326,1777159038.10026,3568,,BSF66F,,cal_static,4,C,ok,ok,2461,2461,0,0,96,96
94.734777,1777159038.102437,3568,,BSF66F,,cal_static,4,D,ok,ok,3139,3139,0,0,100,100
94.945812,1777159038.313472,3569,,BSF66F,,cal_static,4,E,ok,ok,3208,3208,0,0,100,100
94.945855,1777159038.313515,3569,,BSF66F,,cal_static,4,F,ok,ok,2414,2414,0,0,100,100
94.947475,1777159038.315135,3569,,BSF66F,,cal_static,4,G,ok,ok,2468,2468,0,0,100,100
94.995134,1777159038.362794,3569,,BSF66F,,cal_static,4,H,ok,ok,3180,3180,0,0,100,100
95.199898,1777159038.567558,3570,,BSF66F,,cal_static,4,A,ok,ok,3442,3442,0,0,82,82
95.202011,1777159038.569671,3570,,BSF66F,,cal_static,4,B,ok,ok,2656,2656,0,0,100,100
95.202743,1777159038.570403,3570,,BSF66F,,cal_static,4,C,ok,ok,2404,2404,0,0,100,100
95.219765,1777159038.587425,3570,,BSF66F,,cal_static,4,D,ok,ok,3151,3151,0,0,100,100
95.330425,1777159038.698085,3571,,BSF66F,,cal_static,4,E,ok,ok,3220,3220,0,0,100,100
95.330515,1777159038.698175,3571,,BSF66F,,cal_static,4,F,ok,ok,2439,2439,0,0,100,100
95.354916,1777159038.722576,3571,,BSF66F,,cal_static,4,G,ok,ok,2479,2479,0,0,100,100
95.357439,1777159038.725099,3571,,BSF66F,,cal_static,4,H,ok,ok,3195,3195,0,0,100,100
95.583566,1777159038.951226,3572,,BSF66F,,cal_static,4,A,ok,ok,3092,3092,0,0,83,83
95.583642,1777159038.951302,3572,,BSF66F,,cal_static,4,B,ok,ok,2650,2650,0,0,100,100
95.585149,1777159038.952809,3572,,BSF66F,,cal_static,4,C,ok,ok,2406,2406,0,0,100,100
95.609998,1777159038.977658,3572,,BSF66F,,cal_static,4,D,ok,ok,3115,3115,0,0,100,100
95.740481,1777159039.108141,3573,,BSF66F,,cal_static,4,E,ok,ok,3254,3254,0,0,100,100
95.740517,1777159039.108177,3573,,BSF66F,,cal_static,4,F,ok,ok,2420,2420,0,0,100,100
95.742667,1777159039.110327,3573,,BSF66F,,cal_static,4,G,ok,ok,2475,2475,0,0,100,100
95.760135,1777159039.127795,3573,,BSF66F,,cal_static,4,H,ok,ok,3224,3224,0,0,100,100
95.974753,1777159039.342413,3574,,BSF66F,,cal_static,4,A,ok,ok,3251,3251,0,0,84,84
95.991741,1777159039.359401,3574,,BSF66F,,cal_static,4,B,ok,ok,2684,2684,0,0,100,100
95.993097,1777159039.360757,3574,,BSF66F,,cal_static,4,C,ok,ok,2425,2425,0,0,100,100
95.995542,1777159039.363202,3574,,BSF66F,,cal_static,4,D,ok,ok,3143,3143,0,0,100,100
96.152558,1777159039.520218,3575,,BSF66F,,cal_static,4,E,ok,ok,3202,3202,0,0,100,100
96.154028,1777159039.521688,3575,,BSF66F,,cal_static,4,F,ok,ok,2447,2447,0,0,100,100
96.171779,1777159039.539439,3575,,BSF66F,,cal_static,4,G,ok,ok,2473,2473,0,0,100,100
96.173919,1777159039.541579,3575,,BSF66F,,cal_static,4,H,ok,ok,3178,3178,0,0,100,100
96.333021,1777159039.700681,3576,,BSF66F,,cal_static,4,A,ok,ok,3508,3508,0,0,85,85
96.33314,1777159039.7008,3576,,BSF66F,,cal_static,4,B,ok,ok,2717,2717,0,0,100,100
96.335206,1777159039.702866,3576,,BSF66F,,cal_static,4,C,ok,ok,2434,2434,0,0,100,100
96.382812,1777159039.750472,3576,,BSF66F,,cal_static,4,D,timeout,rx_timeout,0,3143,0,0,95,95
96.536991,1777159039.904651,3577,,BSF66F,,cal_static,4,E,ok,ok,3281,3281,0,0,100,100
96.538526,1777159039.906186,3577,,BSF66F,,cal_static,4,F,ok,ok,2496,2496,0,0,100,100
96.563143,1777159039.930803,3577,,BSF66F,,cal_static,4,G,timeout,rx_timeout,0,2473,0,0,95,95
96.56517,1777159039.93283,3577,,BSF66F,,cal_static,4,H,timeout,rx_timeout,0,3178,0,0,95,95
96.79831,1777159040.16597,3578,,BSF66F,,cal_static,4,A,ok,ok,3125,3125,0,0,85,85
96.798445,1777159040.166105,3578,,BSF66F,,cal_static,4,B,ok,ok,2657,2657,0,0,100,100
96.800072,1777159040.167732,3578,,BSF66F,,cal_static,4,C,ok,ok,2398,2398,0,0,100,100
96.817108,1777159040.184768,3578,,BSF66F,,cal_static,4,D,ok,ok,3141,3141,0,0,95,95
96.948067,1777159040.315727,3579,,BSF66F,,cal_static,4,E,ok,ok,3259,3259,0,0,100,100
96.948129,1777159040.315789,3579,,BSF66F,,cal_static,4,F,ok,ok,2456,2456,0,0,100,100
96.950364,1777159040.318024,3579,,BSF66F,,cal_static,4,G,ok,ok,2467,2467,0,0,95,95
96.997969,1777159040.365629,3579,,BSF66F,,cal_static,4,H,ok,ok,3222,3222,0,0,95,95
97.204999,1777159040.572659,3580,,BSF66F,,cal_static,4,A,ok,ok,3070,3070,0,0,86,86
97.205088,1777159040.572748,3580,,BSF66F,,cal_static,4,B,ok,ok,2700,2700,0,0,100,100
97.22971,1777159040.59737,3580,,BSF66F,,cal_static,4,C,ok,ok,2408,2408,0,0,100,100
97.232158,1777159040.599818,3580,,BSF66F,,cal_static,4,D,ok,ok,3122,3122,0,0,95,95
97.360673,1777159040.728333,3581,,BSF66F,,cal_static,4,E,ok,ok,3212,3212,0,0,100,100
97.361191,1777159040.728851,3581,,BSF66F,,cal_static,4,F,ok,ok,2453,2453,0,0,100,100
97.362517,1777159040.730177,3581,,BSF66F,,cal_static,4,G,ok,ok,2491,2491,0,0,95,95
97.380078,1777159040.747738,3581,,BSF66F,,cal_static,4,H,ok,ok,3160,3160,0,0,95,95
97.61485,1777159040.98251,3582,,BSF66F,,cal_static,4,A,ok,ok,3112,3112,0,0,86,86
97.616473,1777159040.984133,3582,,BSF66F,,cal_static,4,B,ok,ok,2712,2712,0,0,100,100
97.61805,1777159040.98571,3582,,BSF66F,,cal_static,4,C,ok,ok,2449,2449,0,0,100,100
97.642422,1777159041.010082,3582,,BSF66F,,cal_static,4,D,ok,ok,3123,3123,0,0,95,95
97.74536,1777159041.11302,3583,,BSF66F,,cal_static,4,E,ok,ok,3189,3189,0,0,100,100
97.745464,1777159041.113124,3583,,BSF66F,,cal_static,4,F,ok,ok,2447,2447,0,0,100,100
97.79262,1777159041.16028,3583,,BSF66F,,cal_static,4,G,ok,ok,2456,2456,0,0,95,95
97.7949,1777159041.16256,3583,,BSF66F,,cal_static,4,H,ok,ok,3201,3201,0,0,95,95
97.972992,1777159041.340652,3584,,BSF66F,,cal_static,4,A,ok,ok,3142,3142,0,0,87,87
97.975303,1777159041.342963,3584,,BSF66F,,cal_static,4,B,ok,ok,2655,2655,0,0,100,100
97.975369,1777159041.343029,3584,,BSF66F,,cal_static,4,C,ok,ok,2420,2420,0,0,100,100
97.977664,1777159041.345324,3584,,BSF66F,,cal_static,4,D,ok,ok,3126,3126,0,0,95,95
98.133459,1777159041.501119,3585,,BSF66F,,cal_static,4,E,ok,ok,3237,3237,0,0,100,100
98.133518,1777159041.501178,3585,,BSF66F,,cal_static,4,F,ok,ok,2490,2490,0,0,100,100
98.134793,1777159041.502453,3585,,BSF66F,,cal_static,4,G,ok,ok,2471,2471,0,0,96,96
98.152741,1777159041.520401,3585,,BSF66F,,cal_static,4,H,ok,ok,3194,3194,0,0,96,96
98.337385,1777159041.705045,3586,,BSF66F,,cal_static,4,A,reject,raw_outlier,3718,3142,0,0,84,84
98.338673,1777159041.706333,3586,,BSF66F,,cal_static,4,B,ok,ok,2730,2730,0,0,100,100
98.362662,1777159041.730322,3586,,BSF66F,,cal_static,4,C,ok,ok,2420,2420,0,0,100,100
98.365106,1777159041.732766,3586,,BSF66F,,cal_static,4,D,ok,ok,3146,3146,0,0,96,96
98.545818,1777159041.913478,3587,,BSF66F,,cal_static,4,E,ok,ok,3201,3201,0,0,100,100
98.545843,1777159041.913503,3587,,BSF66F,,cal_static,4,F,ok,ok,2452,2452,0,0,100,100
98.547681,1777159041.915341,3587,,BSF66F,,cal_static,4,G,ok,ok,2477,2477,0,0,96,96
98.565241,1777159041.932901,3587,,BSF66F,,cal_static,4,H,ok,ok,3167,3167,0,0,96,96
98.799873,1777159042.167533,3588,,BSF66F,,cal_static,4,A,ok,ok,3421,3421,0,0,84,84
98.801311,1777159042.168971,3588,,BSF66F,,cal_static,4,B,ok,ok,2688,2688,0,0,100,100
98.802628,1777159042.170288,3588,,BSF66F,,cal_static,4,C,ok,ok,2434,2434,0,0,100,100
98.819657,1777159042.187317,3588,,BSF66F,,cal_static,4,D,ok,ok,3145,3145,0,0,96,96
98.930382,1777159042.298042,3589,,BSF66F,,cal_static,4,E,ok,ok,3185,3185,0,0,100,100
98.930452,1777159042.298112,3589,,BSF66F,,cal_static,4,F,ok,ok,2463,2463,0,0,100,100
98.955148,1777159042.322808,3589,,BSF66F,,cal_static,4,G,ok,ok,2472,2472,0,0,96,96
98.957607,1777159042.325267,3589,,BSF66F,,cal_static,4,H,ok,ok,3203,3203,0,0,96,96
99.183848,1777159042.551508,3590,,BSF66F,,cal_static,4,A,ok,ok,3112,3112,0,0,85,85
99.183925,1777159042.551585,3590,,BSF66F,,cal_static,4,B,ok,ok,2712,2712,0,0,100,100
99.185407,1777159042.553067,3590,,BSF66F,,cal_static,4,C,ok,ok,2421,2421,0,0,100,100
99.210168,1777159042.577828,3590,,BSF66F,,cal_static,4,D,ok,ok,3141,3141,0,0,96,96
99.339819,1777159042.707479,3591,,BSF66F,,cal_static,4,E,ok,ok,3229,3229,0,0,100,100
99.341192,1777159042.708852,3591,,BSF66F,,cal_static,4,F,ok,ok,2441,2441,0,0,100,100
99.342748,1777159042.710408,3591,,BSF66F,,cal_static,4,G,ok,ok,2483,2483,0,0,96,96
99.360201,1777159042.727861,3591,,BSF66F,,cal_static,4,H,ok,ok,3123,3123,0,0,96,96
99.575826,1777159042.943486,3592,,BSF66F,,cal_static,4,A,ok,ok,3154,3154,0,0,85,85
99.575875,1777159042.943535,3592,,BSF66F,,cal_static,4,B,ok,ok,2692,2692,0,0,100,100
99.593298,1777159042.960958,3592,,BSF66F,,cal_static,4,C,ok,ok,2450,2450,0,0,100,100
99.595531,1777159042.963191,3592,,BSF66F,,cal_static,4,D,ok,ok,3152,3152,0,0,96,96
99.753398,1777159043.121058,3593,,BSF66F,,cal_static,4,E,ok,ok,3248,3248,0,0,100,100
99.753456,1777159043.121116,3593,,BSF66F,,cal_static,4,F,ok,ok,2466,2466,0,0,100,100
99.755186,1777159043.122846,3593,,BSF66F,,cal_static,4,G,ok,ok,2483,2483,0,0,96,96
99.772831,1777159043.140491,3593,,BSF66F,,cal_static,4,H,ok,ok,3200,3200,0,0,96,96
99.932377,1777159043.300037,3594,,BSF66F,,cal_static,4,A,reject,raw_outlier,3837,3154,0,0,82,82
99.934538,1777159043.302198,3594,,BSF66F,,cal_static,4,B,ok,ok,2689,2689,0,0,100,100
99.934593,1777159043.302253,3594,,BSF66F,,cal_static,4,C,ok,ok,2437,2437,0,0,100,100
99.952547,1777159043.320207,3594,,BSF66F,,cal_static,4,D,ok,ok,3124,3124,0,0,96,96
100.136993,1777159043.504653,3595,,BSF66F,,cal_static,4,E,ok,ok,3260,3260,0,0,100,100
100.138738,1777159043.506398,3595,,BSF66F,,cal_static,4,F,ok,ok,2490,2490,0,0,100,100
100.16317,1777159043.53083,3595,,BSF66F,,cal_static,4,G,ok,ok,2480,2480,0,0,96,96
100.165068,1777159043.532728,3595,,BSF66F,,cal_static,4,H,ok,ok,3169,3169,0,0,96,96
100.341777,1777159043.709437,3596,,BSF66F,,cal_static,4,A,reject,raw_outlier,3608,3154,0,0,80,80
100.344444,1777159043.712104,3596,,BSF66F,,cal_static,4,B,ok,ok,2705,2705,0,0,100,100
100.344487,1777159043.712147,3596,,BSF66F,,cal_static,4,C,ok,ok,2449,2449,0,0,100,100
100.346662,1777159043.714322,3596,,BSF66F,,cal_static,4,D,ok,ok,3136,3136,0,0,96,96
100.548077,1777159043.915737,3597,,BSF66F,,cal_static,4,E,ok,ok,3211,3211,0,0,100,100
100.548557,1777159043.916217,3597,,BSF66F,,cal_static,4,F,ok,ok,2469,2469,0,0,100,100
100.550723,1777159043.918383,3597,,BSF66F,,cal_static,4,G,ok,ok,2483,2483,0,0,96,96
100.597724,1777159043.965384,3597,,BSF66F,,cal_static,4,H,ok,ok,3216,3216,0,0,96,96
100.783009,1777159044.150669,3598,,BSF66F,,cal_static,4,A,ok,ok,3472,3472,0,0,80,80
100.783049,1777159044.150709,3598,,BSF66F,,cal_static,4,B,ok,ok,2701,2701,0,0,100,100
100.802771,1777159044.170431,3598,,BSF66F,,cal_static,4,C,ok,ok,2448,2448,0,0,100,100
100.829658,1777159044.197318,3598,,BSF66F,,cal_static,4,D,ok,ok,3133,3133,0,0,96,96
100.960814,1777159044.328474,3599,,BSF66F,,cal_static,4,E,ok,ok,3299,3299,0,0,100,100
100.960858,1777159044.328518,3599,,BSF66F,,cal_static,4,F,ok,ok,2412,2412,0,0,100,100
100.962566,1777159044.330226,3599,,BSF66F,,cal_static,4,G,ok,ok,2491,2491,0,0,96,96
100.980751,1777159044.348411,3599,,BSF66F,,cal_static,4,H,ok,ok,3190,3190,0,0,96,96
101.190804,1777159044.558464,3600,,BSF66F,,cal_static,4,A,ok,ok,3107,3107,0,0,81,81
101.193113,1777159044.560773,3600,,BSF66F,,cal_static,4,B,ok,ok,2652,2652,0,0,100,100
101.193182,1777159044.560842,3600,,BSF66F,,cal_static,4,C,ok,ok,2417,2417,0,0,100,100
101.194891,1777159044.562551,3600,,BSF66F,,cal_static,4,D,ok,ok,3159,3159,0,0,96,96
101.345555,1777159044.713215,3601,,BSF66F,,cal_static,4,E,ok,ok,3232,3232,0,0,100,100
101.345586,1777159044.713246,3601,,BSF66F,,cal_static,4,F,ok,ok,2416,2416,0,0,100,100
101.370261,1777159044.737921,3601,,BSF66F,,cal_static,4,G,ok,ok,2493,2493,0,0,100,100
101.372468,1777159044.740128,3601,,BSF66F,,cal_static,4,H,ok,ok,3186,3186,0,0,100,100
101.522562,1777159044.890222,3602,,BSF66F,,cal_static,4,A,reject,raw_outlier,3761,3107,0,0,76,76
101.524781,1777159044.892441,3602,,BSF66F,,cal_static,4,B,ok,ok,2697,2697,0,0,100,100
101.525285,1777159044.892945,3602,,BSF66F,,cal_static,4,C,timeout,rx_timeout,0,2417,0,0,94,94
101.550416,1777159044.918076,3602,,BSF66F,,cal_static,4,D,ok,ok,3104,3104,0,0,100,100
101.733737,1777159045.101397,3603,,BSF66F,,cal_static,4,E,ok,ok,3260,3260,0,0,100,100
101.733813,1777159045.101473,3603,,BSF66F,,cal_static,4,F,timeout,rx_timeout,0,2416,0,0,94,94
101.734974,1777159045.102634,3603,,BSF66F,,cal_static,4,G,ok,ok,2507,2507,0,0,100,100
101.753091,1777159045.120751,3603,,BSF66F,,cal_static,4,H,ok,ok,3196,3196,0,0,100,100
101.990565,1777159045.358225,3604,,BSF66F,,cal_static,4,A,ok,ok,3101,3101,0,0,77,77
101.990623,1777159045.358283,3604,,BSF66F,,cal_static,4,B,ok,ok,2673,2673,0,0,100,100
102.038112,1777159045.405772,3604,,BSF66F,,cal_static,4,C,ok,ok,2430,2430,0,0,94,94
102.040698,1777159045.408358,3604,,BSF66F,,cal_static,4,D,ok,ok,3132,3132,0,0,100,100
102.145829,1777159045.513489,3605,,BSF66F,,cal_static,4,E,ok,ok,3189,3189,0,0,100,100
102.145891,1777159045.513551,3605,,BSF66F,,cal_static,4,F,ok,ok,2437,2437,0,0,94,94
102.147596,1777159045.515256,3605,,BSF66F,,cal_static,4,G,ok,ok,2457,2457,0,0,100,100
102.165349,1777159045.533009,3605,,BSF66F,,cal_static,4,H,ok,ok,3140,3140,0,0,100,100
102.399906,1777159045.767566,3606,,BSF66F,,cal_static,4,A,ok,ok,3507,3507,0,0,78,78
102.401337,1777159045.768997,3606,,BSF66F,,cal_static,4,B,ok,ok,2695,2695,0,0,100,100
102.402738,1777159045.770398,3606,,BSF66F,,cal_static,4,C,ok,ok,2425,2425,0,0,94,94
102.419861,1777159045.787521,3606,,BSF66F,,cal_static,4,D,ok,ok,3165,3165,0,0,100,100
102.529586,1777159045.897246,3607,,BSF66F,,cal_static,4,E,ok,ok,3178,3178,0,0,100,100
102.531158,1777159045.898818,3607,,BSF66F,,cal_static,4,F,ok,ok,2440,2440,0,0,95,95
102.555677,1777159045.923337,3607,,BSF66F,,cal_static,4,G,ok,ok,2507,2507,0,0,100,100
102.557907,1777159045.925567,3607,,BSF66F,,cal_static,4,H,ok,ok,3161,3161,0,0,100,100
102.761149,1777159046.128809,3608,,BSF66F,,cal_static,4,A,ok,ok,3747,3747,0,0,80,80
102.761226,1777159046.128886,3608,,BSF66F,,cal_static,4,B,ok,ok,2662,2662,0,0,100,100
102.76313,1777159046.13079,3608,,BSF66F,,cal_static,4,C,ok,ok,2417,2417,0,0,95,95
102.780563,1777159046.148223,3608,,BSF66F,,cal_static,4,D,ok,ok,3152,3152,0,0,100,100
102.940684,1777159046.308344,3609,,BSF66F,,cal_static,4,E,ok,ok,3274,3274,0,0,100,100
102.940751,1777159046.308411,3609,,BSF66F,,cal_static,4,F,ok,ok,2470,2470,0,0,95,95
102.94285,1777159046.31051,3609,,BSF66F,,cal_static,4,G,ok,ok,2474,2474,0,0,100,100
102.960437,1777159046.328097,3609,,BSF66F,,cal_static,4,H,ok,ok,3153,3153,0,0,100,100
103.122508,1777159046.490168,3610,,BSF66F,,cal_static,4,A,reject,raw_outlier,3065,3747,0,0,76,76
103.123885,1777159046.491545,3610,,BSF66F,,cal_static,4,B,ok,ok,2658,2658,0,0,100,100
103.140345,1777159046.508005,3610,,BSF66F,,cal_static,4,C,ok,ok,2405,2405,0,0,95,95
103.142695,1777159046.510355,3610,,BSF66F,,cal_static,4,D,ok,ok,3147,3147,0,0,100,100
103.35337,1777159046.72103,3611,,BSF66F,,cal_static,4,E,ok,ok,3235,3235,0,0,100,100
103.353413,1777159046.721073,3611,,BSF66F,,cal_static,4,F,ok,ok,2424,2424,0,0,95,95
103.355402,1777159046.723062,3611,,BSF66F,,cal_static,4,G,ok,ok,2477,2477,0,0,100,100
103.372783,1777159046.740443,3611,,BSF66F,,cal_static,4,H,ok,ok,3187,3187,0,0,100,100
103.585016,1777159046.952676,3612,,BSF66F,,cal_static,4,A,ok,ok,3437,3437,0,0,77,77
103.587813,1777159046.955473,3612,,BSF66F,,cal_static,4,B,ok,ok,2664,2664,0,0,100,100
103.587871,1777159046.955531,3612,,BSF66F,,cal_static,4,C,ok,ok,2410,2410,0,0,95,95
103.6051,1777159046.97276,3612,,BSF66F,,cal_static,4,D,ok,ok,3121,3121,0,0,100,100
103.738017,1777159047.105677,3613,,BSF66F,,cal_static,4,E,ok,ok,3215,3215,0,0,100,100
103.738076,1777159047.105736,3613,,BSF66F,,cal_static,4,F,ok,ok,2530,2530,0,0,95,95
103.762869,1777159047.130529,3613,,BSF66F,,cal_static,4,G,ok,ok,2459,2459,0,0,100,100
103.765003,1777159047.132663,3613,,BSF66F,,cal_static,4,H,ok,ok,3199,3199,0,0,100,100
103.945964,1777159047.313624,3614,,BSF66F,,cal_static,4,A,ok,ok,3768,3768,0,0,78,78
103.946048,1777159047.313708,3614,,BSF66F,,cal_static,4,B,ok,ok,2649,2649,0,0,100,100
103.947643,1777159047.315303,3614,,BSF66F,,cal_static,4,C,ok,ok,2405,2405,0,0,95,95
103.995372,1777159047.363032,3614,,BSF66F,,cal_static,4,D,ok,ok,3155,3155,0,0,100,100
104.125879,1777159047.493539,3615,,BSF66F,,cal_static,4,E,ok,ok,3281,3281,0,0,100,100
104.126318,1777159047.493978,3615,,BSF66F,,cal_static,4,F,ok,ok,2417,2417,0,0,95,95
104.127655,1777159047.495315,3615,,BSF66F,,cal_static,4,G,ok,ok,2476,2476,0,0,100,100
104.145315,1777159047.512975,3615,,BSF66F,,cal_static,4,H,ok,ok,3152,3152,0,0,100,100
104.331082,1777159047.698742,3616,,BSF66F,,cal_static,4,A,ok,ok,3777,3777,0,0,79,79
104.331161,1777159047.698821,3616,,BSF66F,,cal_static,4,B,ok,ok,2671,2671,0,0,100,100
104.35579,1777159047.72345,3616,,BSF66F,,cal_static,4,C,ok,ok,2399,2399,0,0,95,95
104.35787,1777159047.72553,3616,,BSF66F,,cal_static,4,D,ok,ok,3135,3135,0,0,100,100
104.583695,1777159047.951355,3617,,BSF66F,,cal_static,4,E,ok,ok,3243,3243,0,0,100,100
104.583751,1777159047.951411,3617,,BSF66F,,cal_static,4,F,ok,ok,2461,2461,0,0,96,96
104.585641,1777159047.953301,3617,,BSF66F,,cal_static,4,G,ok,ok,2489,2489,0,0,100,100
104.610589,1777159047.978249,3617,,BSF66F,,cal_static,4,H,ok,ok,3213,3213,0,0,100,100
104.792757,1777159048.160417,3618,,BSF66F,,cal_static,4,A,ok,ok,3573,3573,0,0,80,80
104.793974,1777159048.161634,3618,,BSF66F,,cal_static,4,B,ok,ok,2694,2694,0,0,100,100
104.79572,1777159048.16338,3618,,BSF66F,,cal_static,4,C,ok,ok,2388,2388,0,0,96,96
104.812501,1777159048.180161,3618,,BSF66F,,cal_static,4,D,ok,ok,3144,3144,0,0,100,100
104.945571,1777159048.313231,3619,,BSF66F,,cal_static,4,E,ok,ok,3251,3251,0,0,100,100
104.945608,1777159048.313268,3619,,BSF66F,,cal_static,4,F,ok,ok,2481,2481,0,0,96,96
104.99286,1777159048.36052,3619,,BSF66F,,cal_static,4,G,ok,ok,2462,2462,0,0,100,100
104.995177,1777159048.362837,3619,,BSF66F,,cal_static,4,H,ok,ok,3252,3252,0,0,100,100
105.152685,1777159048.520345,3620,,BSF66F,,cal_static,4,A,reject,raw_outlier,3115,3573,0,0,76,76
105.154866,1777159048.522526,3620,,BSF66F,,cal_static,4,B,ok,ok,2659,2659,0,0,100,100
105.154971,1777159048.522631,3620,,BSF66F,,cal_static,4,C,ok,ok,2431,2431,0,0,96,96
105.172977,1777159048.540637,3620,,BSF66F,,cal_static,4,D,ok,ok,3139,3139,0,0,100,100
105.333287,1777159048.700947,3621,,BSF66F,,cal_static,4,E,ok,ok,3269,3269,0,0,100,100
105.333371,1777159048.701031,3621,,BSF66F,,cal_static,4,F,ok,ok,2453,2453,0,0,96,96
105.335392,1777159048.703052,3621,,BSF66F,,cal_static,4,G,ok,ok,2472,2472,0,0,100,100
105.352835,1777159048.720495,3621,,BSF66F,,cal_static,4,H,ok,ok,3164,3164,0,0,100,100
105.589856,1777159048.957516,3622,,BSF66F,,cal_static,4,A,ok,ok,3496,3496,0,0,77,77
105.591827,1777159048.959487,3622,,BSF66F,,cal_static,4,B,ok,ok,2686,2686,0,0,100,100
105.638306,1777159049.005966,3622,,BSF66F,,cal_static,4,C,ok,ok,2401,2401,0,0,96,96
105.640551,1777159049.008211,3622,,BSF66F,,cal_static,4,D,ok,ok,3129,3129,0,0,100,100
105.745997,1777159049.113657,3623,,BSF66F,,cal_static,4,E,ok,ok,3231,3231,0,0,100,100
105.746072,1777159049.113732,3623,,BSF66F,,cal_static,4,F,ok,ok,2478,2478,0,0,96,96
105.747718,1777159049.115378,3623,,BSF66F,,cal_static,4,G,ok,ok,2501,2501,0,0,100,100
105.765387,1777159049.133047,3623,,BSF66F,,cal_static,4,H,ok,ok,3205,3205,0,0,100,100
106.020362,1777159049.388022,3624,,BSF66F,,cal_static,4,A,ok,ok,3129,3129,0,0,78,78
106.021907,1777159049.389567,3624,,BSF66F,,cal_static,4,B,ok,ok,2694,2694,0,0,100,100
106.025338,1777159049.392998,3624,,BSF66F,,cal_static,4,C,ok,ok,2435,2435,0,0,96,96
106.025452,1777159049.393112,3624,,BSF66F,,cal_static,4,D,ok,ok,3153,3153,0,0,100,100
106.130922,1777159049.498582,3625,,BSF66F,,cal_static,4,E,ok,ok,3256,3256,0,0,100,100
106.130975,1777159049.498635,3625,,BSF66F,,cal_static,4,F,ok,ok,2515,2515,0,0,96,96
106.155873,1777159049.523533,3625,,BSF66F,,cal_static,4,G,ok,ok,2504,2504,0,0,100,100
106.157953,1777159049.525613,3625,,BSF66F,,cal_static,4,H,ok,ok,3206,3206,0,0,100,100
106.361336,1777159049.728996,3626,,BSF66F,,cal_static,4,A,ok,ok,3228,3228,0,0,79,79
106.361365,1777159049.729025,3626,,BSF66F,,cal_static,4,B,ok,ok,2679,2679,0,0,100,100
106.362989,1777159049.730649,3626,,BSF66F,,cal_static,4,C,ok,ok,2432,2432,0,0,96,96
106.380499,1777159049.748159,3626,,BSF66F,,cal_static,4,D,timeout,rx_timeout,0,3153,0,0,96,96
106.518457,1777159049.886117,3627,,BSF66F,,cal_static,4,E,ok,ok,3210,3210,0,0,100,100
106.51849,1777159049.88615,3627,,BSF66F,,cal_static,4,F,ok,ok,2421,2421,0,0,96,96
106.520557,1777159049.888217,3627,,BSF66F,,cal_static,4,G,timeout,rx_timeout,0,2504,0,0,96,96
106.560555,1777159049.928215,3627,,BSF66F,,cal_static,4,H,ok,ok,3224,3224,0,0,100,100
106.723043,1777159050.090703,3628,,BSF66F,,cal_static,4,A,reject,raw_outlier,3711,3228,0,0,76,76
106.724473,1777159050.092133,3628,,BSF66F,,cal_static,4,B,ok,ok,2704,2704,0,0,100,100
106.7405,1777159050.10816,3628,,BSF66F,,cal_static,4,C,ok,ok,2394,2394,0,0,96,96
106.742669,1777159050.110329,3628,,BSF66F,,cal_static,4,D,ok,ok,3145,3145,0,0,96,96
106.952714,1777159050.320374,3629,,BSF66F,,cal_static,4,E,ok,ok,3283,3283,0,0,100,100
106.971751,1777159050.339411,3629,,BSF66F,,cal_static,4,F,ok,ok,2519,2519,0,0,96,96
106.973368,1777159050.341028,3629,,BSF66F,,cal_static,4,G,ok,ok,2481,2481,0,0,96,96
106.975625,1777159050.343285,3629,,BSF66F,,cal_static,4,H,ok,ok,3119,3119,0,0,100,100
107.185293,1777159050.552953,3630,,BSF66F,,cal_static,4,A,ok,ok,3125,3125,0,0,77,77
107.18683,1777159050.55449,3630,,BSF66F,,cal_static,4,B,ok,ok,2710,2710,0,0,100,100
107.18802,1777159050.55568,3630,,BSF66F,,cal_static,4,C,ok,ok,2441,2441,0,0,96,96
107.20549,1777159050.57315,3630,,BSF66F,,cal_static,4,D,ok,ok,3167,3167,0,0,96,96
107.338249,1777159050.705909,3631,,BSF66F,,cal_static,4,E,ok,ok,3220,3220,0,0,100,100
107.338277,1777159050.705937,3631,,BSF66F,,cal_static,4,F,ok,ok,2464,2464,0,0,96,96
107.363093,1777159050.730753,3631,,BSF66F,,cal_static,4,G,ok,ok,2478,2478,0,0,96,96
107.365349,1777159050.733009,3631,,BSF66F,,cal_static,4,H,ok,ok,3200,3200,0,0,100,100
107.59578,1777159050.96344,3632,,BSF66F,,cal_static,4,A,ok,ok,3415,3415,0,0,78,78
107.598044,1777159050.965704,3632,,BSF66F,,cal_static,4,B,ok,ok,2646,2646,0,0,100,100
107.598105,1777159050.965765,3632,,BSF66F,,cal_static,4,C,ok,ok,2425,2425,0,0,96,96
107.599645,1777159050.967305,3632,,BSF66F,,cal_static,4,D,ok,ok,3158,3158,0,0,96,96
107.801033,1777159051.168693,3633,,BSF66F,,cal_static,4,E,ok,ok,3259,3259,0,0,100,100
107.801087,1777159051.168747,3633,,BSF66F,,cal_static,4,F,ok,ok,2514,2514,0,0,100,100
107.803333,1777159051.170993,3633,,BSF66F,,cal_static,4,G,ok,ok,2493,2493,0,0,100,100
107.820561,1777159051.188221,3633,,BSF66F,,cal_static,4,H,ok,ok,3119,3119,0,0,100,100
108.001334,1777159051.368994,3634,,BSF66F,,cal_static,4,A,ok,ok,3460,3460,0,0,82,82
108.002834,1777159051.370494,3634,,BSF66F,,cal_static,4,B,ok,ok,2678,2678,0,0,100,100
108.003995,1777159051.371655,3634,,BSF66F,,cal_static,4,C,ok,ok,2406,2406,0,0,100,100
108.005329,1777159051.372989,3634,,BSF66F,,cal_static,4,D,ok,ok,3158,3158,0,0,100,100
108.161112,1777159051.528772,3635,,BSF66F,,cal_static,4,E,ok,ok,3213,3213,0,0,100,100
108.161137,1777159051.528797,3635,,BSF66F,,cal_static,4,F,ok,ok,2436,2436,0,0,100,100
108.16285,1777159051.53051,3635,,BSF66F,,cal_static,4,G,ok,ok,2506,2506,0,0,100,100
108.180769,1777159051.548429,3635,,BSF66F,,cal_static,4,H,ok,ok,3181,3181,0,0,100,100
108.393392,1777159051.761052,3636,,BSF66F,,cal_static,4,A,ok,ok,3503,3503,0,0,83,83
108.393438,1777159051.761098,3636,,BSF66F,,cal_static,4,B,ok,ok,2691,2691,0,0,100,100
108.395528,1777159051.763188,3636,,BSF66F,,cal_static,4,C,ok,ok,2435,2435,0,0,100,100
108.412574,1777159051.780234,3636,,BSF66F,,cal_static,4,D,ok,ok,3129,3129,0,0,100,100
108.544843,1777159051.912503,3637,,BSF66F,,cal_static,4,E,ok,ok,3218,3218,0,0,100,100
108.546553,1777159051.914213,3637,,BSF66F,,cal_static,4,F,ok,ok,2461,2461,0,0,100,100
108.593358,1777159051.961018,3637,,BSF66F,,cal_static,4,G,ok,ok,2462,2462,0,0,100,100
108.595177,1777159051.962837,3637,,BSF66F,,cal_static,4,H,ok,ok,3190,3190,0,0,100,100
108.776409,1777159052.144069,3638,,BSF66F,,cal_static,4,A,ok,ok,3450,3450,0,0,84,84
108.776458,1777159052.144118,3638,,BSF66F,,cal_static,4,B,ok,ok,2711,2711,0,0,100,100
108.778058,1777159052.145718,3638,,BSF66F,,cal_static,4,C,ok,ok,2422,2422,0,0,100,100
108.802761,1777159052.170421,3638,,BSF66F,,cal_static,4,D,ok,ok,3108,3108,0,0,100,100
108.933459,1777159052.301119,3639,,BSF66F,,cal_static,4,E,ok,ok,3255,3255,0,0,100,100
108.933534,1777159052.301194,3639,,BSF66F,,cal_static,4,F,ok,ok,2414,2414,0,0,100,100
108.935572,1777159052.303232,3639,,BSF66F,,cal_static,4,G,ok,ok,2456,2456,0,0,100,100
108.983181,1777159052.350841,3639,,BSF66F,,cal_static,4,H,ok,ok,3221,3221,0,0,100,100
109.189043,1777159052.556703,3640,,BSF66F,,cal_static,4,A,ok,ok,3445,3445,0,0,85,85
109.189121,1777159052.556781,3640,,BSF66F,,cal_static,4,B,ok,ok,2680,2680,0,0,100,100
109.190844,1777159052.558504,3640,,BSF66F,,cal_static,4,C,ok,ok,2460,2460,0,0,100,100
109.238231,1777159052.605891,3640,,BSF66F,,cal_static,4,D,ok,ok,3161,3161,0,0,100,100
109.346141,1777159052.713801,3641,,BSF66F,,cal_static,4,E,ok,ok,3273,3273,0,0,100,100
109.346183,1777159052.713843,3641,,BSF66F,,cal_static,4,F,ok,ok,2451,2451,0,0,100,100
109.347818,1777159052.715478,3641,,BSF66F,,cal_static,4,G,ok,ok,2489,2489,0,0,100,100
109.365734,1777159052.733394,3641,,BSF66F,,cal_static,4,H,ok,ok,3150,3150,0,0,100,100
109.60038,1777159052.96804,3642,,BSF66F,,cal_static,4,A,ok,ok,3182,3182,0,0,85,85
109.60263,1777159052.97029,3642,,BSF66F,,cal_static,4,B,ok,ok,2669,2669,0,0,100,100
109.602827,1777159052.970487,3642,,BSF66F,,cal_static,4,C,ok,ok,2430,2430,0,0,100,100
109.620451,1777159052.988111,3642,,BSF66F,,cal_static,4,D,ok,ok,3176,3176,0,0,100,100
109.730798,1777159053.098458,3643,,BSF66F,,cal_static,4,E,ok,ok,3271,3271,0,0,100,100
109.730821,1777159053.098481,3643,,BSF66F,,cal_static,4,F,ok,ok,2497,2497,0,0,100,100
109.755681,1777159053.123341,3643,,BSF66F,,cal_static,4,G,ok,ok,2492,2492,0,0,100,100
109.758261,1777159053.125921,3643,,BSF66F,,cal_static,4,H,ok,ok,3201,3201,0,0,100,100
109.983683,1777159053.351343,3644,,BSF66F,,cal_static,4,A,ok,ok,3368,3368,0,0,86,86
109.983734,1777159053.351394,3644,,BSF66F,,cal_static,4,B,ok,ok,2654,2654,0,0,100,100
109.985381,1777159053.353041,3644,,BSF66F,,cal_static,4,C,ok,ok,2399,2399,0,0,100,100
110.010568,1777159053.378228,3644,,BSF66F,,cal_static,4,D,ok,ok,3134,3134,0,0,100,100
110.140974,1777159053.508634,3645,,BSF66F,,cal_static,4,E,ok,ok,3232,3232,0,0,100,100
110.141016,1777159053.508676,3645,,BSF66F,,cal_static,4,F,ok,ok,2448,2448,0,0,100,100
110.143277,1777159053.510937,3645,,BSF66F,,cal_static,4,G,ok,ok,2499,2499,0,0,100,100
110.160667,1777159053.528327,3645,,BSF66F,,cal_static,4,H,ok,ok,3169,3169,0,0,100,100
110.376209,1777159053.743869,3646,,BSF66F,,cal_static,4,A,ok,ok,3582,3582,0,0,86,86
110.376267,1777159053.743927,3646,,BSF66F,,cal_static,4,B,ok,ok,2664,2664,0,0,100,100
110.423043,1777159053.790703,3646,,BSF66F,,cal_static,4,C,ok,ok,2449,2449,0,0,100,100
110.425532,1777159053.793192,3646,,BSF66F,,cal_static,4,D,ok,ok,3153,3153,0,0,100,100
110.553958,1777159053.921618,3647,,BSF66F,,cal_static,4,E,ok,ok,3191,3191,0,0,100,100
110.554005,1777159053.921665,3647,,BSF66F,,cal_static,4,F,ok,ok,2445,2445,0,0,100,100
110.555622,1777159053.923282,3647,,BSF66F,,cal_static,4,G,ok,ok,2491,2491,0,0,100,100
110.5734,1777159053.94106,3647,,BSF66F,,cal_static,4,H,ok,ok,3191,3191,0,0,100,100
110.783096,1777159054.150756,3648,,BSF66F,,cal_static,4,A,ok,ok,3541,3541,0,0,87,87
110.785864,1777159054.153524,3648,,BSF66F,,cal_static,4,B,ok,ok,2736,2736,0,0,100,100
110.785942,1777159054.153602,3648,,BSF66F,,cal_static,4,C,ok,ok,2425,2425,0,0,100,100
110.78769,1777159054.15535,3648,,BSF66F,,cal_static,4,D,ok,ok,3139,3139,0,0,100,100
110.937399,1777159054.305059,3649,,BSF66F,,cal_static,4,E,ok,ok,3232,3232,0,0,100,100
110.962704,1777159054.330364,3649,,BSF66F,,cal_static,4,F,ok,ok,2423,2423,0,0,100,100
110.965098,1777159054.332758,3649,,BSF66F,,cal_static,4,G,ok,ok,2459,2459,0,0,100,100
110.965147,1777159054.332807,3649,,BSF66F,,cal_static,4,H,ok,ok,3192,3192,0,0,100,100
111.169024,1777159054.536684,3650,,BSF66F,,cal_static,4,A,ok,ok,3241,3241,0,0,88,88
111.169091,1777159054.536751,3650,,BSF66F,,cal_static,4,B,ok,ok,2673,2673,0,0,100,100
111.170819,1777159054.538479,3650,,BSF66F,,cal_static,4,C,ok,ok,2411,2411,0,0,100,100
111.19621,1777159054.56387,3650,,BSF66F,,cal_static,4,D,ok,ok,3130,3130,0,0,100,100
111.326117,1777159054.693777,3651,,BSF66F,,cal_static,4,E,ok,ok,3221,3221,0,0,100,100
111.326147,1777159054.693807,3651,,BSF66F,,cal_static,4,F,ok,ok,2435,2435,0,0,100,100
111.328373,1777159054.696033,3651,,BSF66F,,cal_static,4,G,ok,ok,2485,2485,0,0,100,100
111.398016,1777159054.765676,3651,,BSF66F,,cal_static,4,H,ok,ok,3230,3230,0,0,100,100
111.530042,1777159054.897702,3652,,BSF66F,,cal_static,4,A,ok,ok,3259,3259,0,0,88,88
111.53152,1777159054.89918,3652,,BSF66F,,cal_static,4,B,ok,ok,2684,2684,0,0,100,100
111.556095,1777159054.923755,3652,,BSF66F,,cal_static,4,C,timeout,rx_timeout,0,2411,0,0,96,96
111.558138,1777159054.925798,3652,,BSF66F,,cal_static,4,D,ok,ok,3174,3174,0,0,100,100
111.761413,1777159055.129073,3653,,BSF66F,,cal_static,4,E,ok,ok,3248,3248,0,0,100,100
111.761466,1777159055.129126,3653,,BSF66F,,cal_static,4,F,timeout,rx_timeout,0,2435,0,0,96,96
111.763131,1777159055.130791,3653,,BSF66F,,cal_static,4,G,ok,ok,2487,2487,0,0,100,100
111.781053,1777159055.148713,3653,,BSF66F,,cal_static,4,H,ok,ok,3185,3185,0,0,100,100
111.992801,1777159055.360461,3654,,BSF66F,,cal_static,4,A,ok,ok,3465,3465,0,0,88,88
111.995032,1777159055.362692,3654,,BSF66F,,cal_static,4,B,ok,ok,2664,2664,0,0,100,100
111.995549,1777159055.363209,3654,,BSF66F,,cal_static,4,C,ok,ok,2445,2445,0,0,96,96
112.04266,1777159055.41032,3654,,BSF66F,,cal_static,4,D,ok,ok,3156,3156,0,0,100,100
112.174075,1777159055.541735,3655,,BSF66F,,cal_static,4,E,ok,ok,3214,3214,0,0,100,100
112.174143,1777159055.541803,3655,,BSF66F,,cal_static,4,F,ok,ok,2413,2413,0,0,96,96
112.175638,1777159055.543298,3655,,BSF66F,,cal_static,4,G,ok,ok,2439,2439,0,0,100,100
112.193372,1777159055.561032,3655,,BSF66F,,cal_static,4,H,ok,ok,3169,3169,0,0,100,100
112.403008,1777159055.770668,3656,,BSF66F,,cal_static,4,A,ok,ok,3565,3565,0,0,89,89
112.405545,1777159055.773205,3656,,BSF66F,,cal_static,4,B,ok,ok,2649,2649,0,0,100,100
112.40559,1777159055.77325,3656,,BSF66F,,cal_static,4,C,ok,ok,2435,2435,0,0,96,96
112.407264,1777159055.774924,3656,,BSF66F,,cal_static,4,D,ok,ok,3144,3144,0,0,100,100
112.533501,1777159055.901161,3657,,BSF66F,,cal_static,4,E,ok,ok,3227,3227,0,0,100,100
112.533561,1777159055.901221,3657,,BSF66F,,cal_static,4,F,ok,ok,2453,2453,0,0,96,96
112.535658,1777159055.903318,3657,,BSF66F,,cal_static,4,G,ok,ok,2482,2482,0,0,100,100
112.583212,1777159055.950872,3657,,BSF66F,,cal_static,4,H,ok,ok,3197,3197,0,0,100,100
112.790086,1777159056.157746,3658,,BSF66F,,cal_static,4,A,ok,ok,3529,3529,0,0,89,89
112.791799,1777159056.159459,3658,,BSF66F,,cal_static,4,B,ok,ok,2705,2705,0,0,100,100
112.838418,1777159056.206078,3658,,BSF66F,,cal_static,4,C,ok,ok,2438,2438,0,0,96,96
112.840733,1777159056.208393,3658,,BSF66F,,cal_static,4,D,ok,ok,3148,3148,0,0,100,100
112.94631,1777159056.31397,3659,,BSF66F,,cal_static,4,E,ok,ok,3272,3272,0,0,100,100
112.946361,1777159056.314021,3659,,BSF66F,,cal_static,4,F,ok,ok,2442,2442,0,0,96,96
112.947976,1777159056.315636,3659,,BSF66F,,cal_static,4,G,ok,ok,2475,2475,0,0,100,100
112.965753,1777159056.333413,3659,,BSF66F,,cal_static,4,H,ok,ok,3193,3193,0,0,100,100
113.223837,1777159056.591497,3660,,BSF66F,,cal_static,4,A,ok,ok,3212,3212,0,0,90,90
113.223889,1777159056.591549,3660,,BSF66F,,cal_static,4,B,ok,ok,2691,2691,0,0,100,100
113.225891,1777159056.593551,3660,,BSF66F,,cal_static,4,C,ok,ok,2411,2411,0,0,96,96
113.249807,1777159056.617467,3660,,BSF66F,,cal_static,4,D,ok,ok,3139,3139,0,0,100,100
113.330198,1777159056.697858,3661,,BSF66F,,cal_static,4,E,ok,ok,3221,3221,0,0,100,100
113.331507,1777159056.699167,3661,,BSF66F,,cal_static,4,F,ok,ok,2476,2476,0,0,96,96
113.378594,1777159056.746254,3661,,BSF66F,,cal_static,4,G,ok,ok,2479,2479,0,0,100,100
113.380119,1777159056.747779,3661,,BSF66F,,cal_static,4,H,ok,ok,3193,3193,0,0,100,100
113.583918,1777159056.951578,3662,,BSF66F,,cal_static,4,A,ok,ok,3132,3132,0,0,90,90
113.583962,1777159056.951622,3662,,BSF66F,,cal_static,4,B,ok,ok,2661,2661,0,0,100,100
113.585695,1777159056.953355,3662,,BSF66F,,cal_static,4,C,ok,ok,2461,2461,0,0,96,96
113.610925,1777159056.978585,3662,,BSF66F,,cal_static,4,D,ok,ok,3124,3124,0,0,100,100
113.741154,1777159057.108814,3663,,BSF66F,,cal_static,4,E,ok,ok,3225,3225,0,0,100,100
113.741185,1777159057.108845,3663,,BSF66F,,cal_static,4,F,ok,ok,2445,2445,0,0,96,96
113.743364,1777159057.111024,3663,,BSF66F,,cal_static,4,G,ok,ok,2507,2507,0,0,100,100
113.761238,1777159057.128898,3663,,BSF66F,,cal_static,4,H,ok,ok,3216,3216,0,0,100,100
113.92271,1777159057.29037,3664,,BSF66F,,cal_static,4,A,reject,raw_outlier,3799,3132,0,0,87,87
113.924116,1777159057.291776,3664,,BSF66F,,cal_static,4,B,ok,ok,2662,2662,0,0,100,100
113.940572,1777159057.308232,3664,,BSF66F,,cal_static,4,C,ok,ok,2446,2446,0,0,96,96
113.9429,1777159057.31056,3664,,BSF66F,,cal_static,4,D,ok,ok,3129,3129,0,0,100,100
114.123996,1777159057.491656,3665,,BSF66F,,cal_static,4,E,ok,ok,3247,3247,0,0,100,100
114.124025,1777159057.491685,3665,,BSF66F,,cal_static,4,F,ok,ok,2486,2486,0,0,100,100
114.125784,1777159057.493444,3665,,BSF66F,,cal_static,4,G,ok,ok,2484,2484,0,0,100,100
114.173758,1777159057.541418,3665,,BSF66F,,cal_static,4,H,ok,ok,3169,3169,0,0,100,100
114.386105,1777159057.753765,3666,,BSF66F,,cal_static,4,A,ok,ok,3530,3530,0,0,88,88
114.386133,1777159057.753793,3666,,BSF66F,,cal_static,4,B,ok,ok,2683,2683,0,0,100,100
114.388471,1777159057.756131,3666,,BSF66F,,cal_static,4,C,ok,ok,2440,2440,0,0,100,100
114.405097,1777159057.772757,3666,,BSF66F,,cal_static,4,D,ok,ok,3167,3167,0,0,100,100
114.537541,1777159057.905201,3667,,BSF66F,,cal_static,4,E,ok,ok,3186,3186,0,0,100,100
114.539102,1777159057.906762,3667,,BSF66F,,cal_static,4,F,ok,ok,2478,2478,0,0,100,100
114.56356,1777159057.93122,3667,,BSF66F,,cal_static,4,G,ok,ok,2458,2458,0,0,100,100
114.565249,1777159057.932909,3667,,BSF66F,,cal_static,4,H,ok,ok,3214,3214,0,0,100,100
114.798904,1777159058.166564,3668,,BSF66F,,cal_static,4,A,ok,ok,3527,3527,0,0,88,88
114.798978,1777159058.166638,3668,,BSF66F,,cal_static,4,B,ok,ok,2649,2649,0,0,100,100
114.80078,1777159058.16844,3668,,BSF66F,,cal_static,4,C,ok,ok,2396,2396,0,0,100,100
114.839833,1777159058.207493,3668,,BSF66F,,cal_static,4,D,ok,ok,3155,3155,0,0,100,100
114.925336,1777159058.292996,3669,,BSF66F,,cal_static,4,E,ok,ok,3306,3306,0,0,100,100
114.927741,1777159058.295401,3669,,BSF66F,,cal_static,4,F,ok,ok,2432,2432,0,0,100,100
114.927814,1777159058.295474,3669,,BSF66F,,cal_static,4,G,ok,ok,2486,2486,0,0,100,100
114.94734,1777159058.315,3669,,BSF66F,,cal_static,4,H,ok,ok,3199,3199,0,0,100,100
115.183516,1777159058.551176,3670,,BSF66F,,cal_static,4,A,ok,ok,3238,3238,0,0,89,89
115.183593,1777159058.551253,3670,,BSF66F,,cal_static,4,B,ok,ok,2705,2705,0,0,100,100
115.200946,1777159058.568606,3670,,BSF66F,,cal_static,4,C,ok,ok,2423,2423,0,0,100,100
115.203137,1777159058.570797,3670,,BSF66F,,cal_static,4,D,ok,ok,3126,3126,0,0,100,100
115.361599,1777159058.729259,3671,,BSF66F,,cal_static,4,E,ok,ok,3274,3274,0,0,100,100
115.361662,1777159058.729322,3671,,BSF66F,,cal_static,4,F,ok,ok,2443,2443,0,0,100,100
115.363433,1777159058.731093,3671,,BSF66F,,cal_static,4,G,ok,ok,2503,2503,0,0,100,100
115.381357,1777159058.749017,3671,,BSF66F,,cal_static,4,H,ok,ok,3180,3180,0,0,100,100
115.613506,1777159058.981166,3672,,BSF66F,,cal_static,4,A,ok,ok,3471,3471,0,0,90,90
115.615746,1777159058.983406,3672,,BSF66F,,cal_static,4,B,ok,ok,2692,2692,0,0,100,100
115.615837,1777159058.983497,3672,,BSF66F,,cal_static,4,C,ok,ok,2428,2428,0,0,100,100
115.617657,1777159058.985317,3672,,BSF66F,,cal_static,4,D,ok,ok,3112,3112,0,0,100,100
115.746088,1777159059.113748,3673,,BSF66F,,cal_static,4,E,ok,ok,3228,3228,0,0,100,100
115.746153,1777159059.113813,3673,,BSF66F,,cal_static,4,F,ok,ok,2506,2506,0,0,100,100
115.771249,1777159059.138909,3673,,BSF66F,,cal_static,4,G,ok,ok,2469,2469,0,0,100,100
115.773151,1777159059.140811,3673,,BSF66F,,cal_static,4,H,ok,ok,3216,3216,0,0,100,100
115.976379,1777159059.344039,3674,,BSF66F,,cal_static,4,A,ok,ok,3515,3515,0,0,90,90
115.976421,1777159059.344081,3674,,BSF66F,,cal_static,4,B,ok,ok,2669,2669,0,0,100,100
115.978056,1777159059.345716,3674,,BSF66F,,cal_static,4,C,ok,ok,2472,2472,0,0,100,100
116.025365,1777159059.393025,3674,,BSF66F,,cal_static,4,D,ok,ok,3131,3131,0,0,100,100
116.132929,1777159059.500589,3675,,BSF66F,,cal_static,4,E,ok,ok,3236,3236,0,0,100,100
116.134539,1777159059.502199,3675,,BSF66F,,cal_static,4,F,ok,ok,2450,2450,0,0,100,100
116.135597,1777159059.503257,3675,,BSF66F,,cal_static,4,G,ok,ok,2487,2487,0,0,100,100
116.153451,1777159059.521111,3675,,BSF66F,,cal_static,4,H,ok,ok,3179,3179,0,0,100,100
116.315832,1777159059.683492,3676,,BSF66F,,cal_static,4,A,ok,ok,3321,3321,0,0,90,90
116.315906,1777159059.683566,3676,,BSF66F,,cal_static,4,B,ok,ok,2651,2651,0,0,100,100
116.363223,1777159059.730883,3676,,BSF66F,,cal_static,4,C,ok,ok,2439,2439,0,0,100,100
116.386464,1777159059.754124,3676,,BSF66F,,cal_static,4,D,timeout,rx_timeout,0,3131,0,0,95,95
116.546973,1777159059.914633,3677,,BSF66F,,cal_static,4,E,ok,ok,3197,3197,0,0,100,100
116.547097,1777159059.914757,3677,,BSF66F,,cal_static,4,F,ok,ok,2487,2487,0,0,100,100
116.548137,1777159059.915797,3677,,BSF66F,,cal_static,4,G,ok,ok,2497,2497,0,0,100,100
116.566,1777159059.93366,3677,,BSF66F,,cal_static,4,H,ok,ok,3222,3222,0,0,100,100
116.801542,1777159060.169202,3678,,BSF66F,,cal_static,4,A,ok,ok,3512,3512,0,0,91,91
116.801647,1777159060.169307,3678,,BSF66F,,cal_static,4,B,ok,ok,2659,2659,0,0,100,100
116.803654,1777159060.171314,3678,,BSF66F,,cal_static,4,C,ok,ok,2407,2407,0,0,100,100
116.820541,1777159060.188201,3678,,BSF66F,,cal_static,4,D,ok,ok,3113,3113,0,0,95,95
116.930245,1777159060.297905,3679,,BSF66F,,cal_static,4,E,ok,ok,3238,3238,0,0,100,100
116.931809,1777159060.299469,3679,,BSF66F,,cal_static,4,F,ok,ok,2474,2474,0,0,100,100
116.955537,1777159060.323197,3679,,BSF66F,,cal_static,4,G,ok,ok,2477,2477,0,0,100,100
116.957605,1777159060.325265,3679,,BSF66F,,cal_static,4,H,ok,ok,3163,3163,0,0,100,100
117.1808,1777159060.54846,3680,,BSF66F,,cal_static,4,A,ok,ok,3276,3276,0,0,91,91
117.18331,1777159060.55097,3680,,BSF66F,,cal_static,4,B,ok,ok,2693,2693,0,0,100,100
117.183362,1777159060.551022,3680,,BSF66F,,cal_static,4,C,ok,ok,2420,2420,0,0,100,100
117.185532,1777159060.553192,3680,,BSF66F,,cal_static,4,D,ok,ok,3173,3173,0,0,95,95
117.341331,1777159060.708991,3681,,BSF66F,,cal_static,4,E,ok,ok,3236,3236,0,0,100,100
117.341494,1777159060.709154,3681,,BSF66F,,cal_static,4,F,ok,ok,2392,2392,0,0,100,100
117.343006,1777159060.710666,3681,,BSF66F,,cal_static,4,G,ok,ok,2474,2474,0,0,100,100
117.360758,1777159060.728418,3681,,BSF66F,,cal_static,4,H,ok,ok,3182,3182,0,0,100,100
117.576148,1777159060.943808,3682,,BSF66F,,cal_static,4,A,ok,ok,3281,3281,0,0,92,92
117.576214,1777159060.943874,3682,,BSF66F,,cal_static,4,B,ok,ok,2695,2695,0,0,100,100
117.59477,1777159060.96243,3682,,BSF66F,,cal_static,4,C,ok,ok,2395,2395,0,0,100,100
117.595472,1777159060.963132,3682,,BSF66F,,cal_static,4,D,ok,ok,3127,3127,0,0,96,96
117.75383,1777159061.12149,3683,,BSF66F,,cal_static,4,E,ok,ok,3190,3190,0,0,100,100
117.753876,1777159061.121536,3683,,BSF66F,,cal_static,4,F,ok,ok,2432,2432,0,0,100,100
117.755637,1777159061.123297,3683,,BSF66F,,cal_static,4,G,ok,ok,2476,2476,0,0,100,100
117.773528,1777159061.141188,3683,,BSF66F,,cal_static,4,H,ok,ok,3158,3158,0,0,100,100
117.986369,1777159061.354029,3684,,BSF66F,,cal_static,4,A,ok,ok,3312,3312,0,0,92,92
117.986401,1777159061.354061,3684,,BSF66F,,cal_static,4,B,ok,ok,2686,2686,0,0,100,100
117.98801,1777159061.35567,3684,,BSF66F,,cal_static,4,C,ok,ok,2400,2400,0,0,100,100
118.005917,1777159061.373577,3684,,BSF66F,,cal_static,4,D,ok,ok,3126,3126,0,0,96,96
118.138341,1777159061.506001,3685,,BSF66F,,cal_static,4,E,ok,ok,3209,3209,0,0,100,100
118.138474,1777159061.506134,3685,,BSF66F,,cal_static,4,F,ok,ok,2442,2442,0,0,100,100
118.163304,1777159061.530964,3685,,BSF66F,,cal_static,4,G,ok,ok,2471,2471,0,0,100,100
118.165584,1777159061.533244,3685,,BSF66F,,cal_static,4,H,ok,ok,3180,3180,0,0,100,100
118.399089,1777159061.766749,3686,,BSF66F,,cal_static,4,A,ok,ok,3276,3276,0,0,92,92
118.399163,1777159061.766823,3686,,BSF66F,,cal_static,4,B,ok,ok,2677,2677,0,0,100,100
118.400766,1777159061.768426,3686,,BSF66F,,cal_static,4,C,ok,ok,2360,2360,0,0,100,100
118.418227,1777159061.785887,3686,,BSF66F,,cal_static,4,D,ok,ok,3112,3112,0,0,96,96
118.525949,1777159061.893609,3687,,BSF66F,,cal_static,4,E,ok,ok,3243,3243,0,0,100,100
118.527011,1777159061.894671,3687,,BSF66F,,cal_static,4,F,ok,ok,2424,2424,0,0,100,100
118.528638,1777159061.896298,3687,,BSF66F,,cal_static,4,G,ok,ok,2505,2505,0,0,100,100
118.546208,1777159061.913868,3687,,BSF66F,,cal_static,4,H,ok,ok,3216,3216,0,0,100,100
118.731005,1777159062.098665,3688,,BSF66F,,cal_static,4,A,reject,raw_outlier,3890,3276,0,0,89,89
118.731947,1777159062.099607,3688,,BSF66F,,cal_static,4,B,ok,ok,2662,2662,0,0,100,100
118.755885,1777159062.123545,3688,,BSF66F,,cal_static,4,C,ok,ok,2439,2439,0,0,100,100
118.757987,1777159062.125647,3688,,BSF66F,,cal_static,4,D,ok,ok,3108,3108,0,0,96,96
118.96136,1777159062.32902,3689,,BSF66F,,cal_static,4,E,ok,ok,3233,3233,0,0,100,100
118.961423,1777159062.329083,3689,,BSF66F,,cal_static,4,F,ok,ok,2482,2482,0,0,100,100
118.963233,1777159062.330893,3689,,BSF66F,,cal_static,4,G,ok,ok,2475,2475,0,0,100,100
118.980946,1777159062.348606,3689,,BSF66F,,cal_static,4,H,ok,ok,3216,3216,0,0,100,100
119.139485,1777159062.507145,3690,,BSF66F,,cal_static,4,A,reject,raw_outlier,3887,3276,0,0,86,86
119.141036,1777159062.508696,3690,,BSF66F,,cal_static,4,B,ok,ok,2690,2690,0,0,100,100
119.159766,1777159062.527426,3690,,BSF66F,,cal_static,4,C,ok,ok,2453,2453,0,0,100,100
119.161827,1777159062.529487,3690,,BSF66F,,cal_static,4,D,ok,ok,3118,3118,0,0,96,96
119.346144,1777159062.713804,3691,,BSF66F,,cal_static,4,E,ok,ok,3242,3242,0,0,100,100
119.346197,1777159062.713857,3691,,BSF66F,,cal_static,4,F,ok,ok,2512,2512,0,0,100,100
119.371022,1777159062.738682,3691,,BSF66F,,cal_static,4,G,ok,ok,2463,2463,0,0,100,100
119.373546,1777159062.741206,3691,,BSF66F,,cal_static,4,H,ok,ok,3203,3203,0,0,100,100
119.576788,1777159062.944448,3692,,BSF66F,,cal_static,4,A,ok,ok,3257,3257,0,0,86,86
119.576836,1777159062.944496,3692,,BSF66F,,cal_static,4,B,ok,ok,2658,2658,0,0,100,100
119.578592,1777159062.946252,3692,,BSF66F,,cal_static,4,C,ok,ok,2430,2430,0,0,100,100
119.60374,1777159062.9714,3692,,BSF66F,,cal_static,4,D,ok,ok,3135,3135,0,0,96,96
119.732994,1777159063.100654,3693,,BSF66F,,cal_static,4,E,ok,ok,3233,3233,0,0,100,100
119.734418,1777159063.102078,3693,,BSF66F,,cal_static,4,F,ok,ok,2463,2463,0,0,100,100
119.735746,1777159063.103406,3693,,BSF66F,,cal_static,4,G,ok,ok,2471,2471,0,0,100,100
119.753607,1777159063.121267,3693,,BSF66F,,cal_static,4,H,ok,ok,3200,3200,0,0,100,100
119.990252,1777159063.357912,3694,,BSF66F,,cal_static,4,A,ok,ok,3190,3190,0,0,87,87
119.991876,1777159063.359536,3694,,BSF66F,,cal_static,4,B,ok,ok,2699,2699,0,0,100,100
120.060299,1777159063.427959,3694,,BSF66F,,cal_static,4,C,ok,ok,2390,2390,0,0,100,100
120.062804,1777159063.430464,3694,,BSF66F,,cal_static,4,D,ok,ok,3164,3164,0,0,96,96
120.16697,1777159063.53463,3695,,BSF66F,,cal_static,4,E,ok,ok,3266,3266,0,0,100,100
120.168212,1777159063.535872,3695,,BSF66F,,cal_static,4,F,ok,ok,2460,2460,0,0,100,100
120.169487,1777159063.537147,3695,,BSF66F,,cal_static,4,G,ok,ok,2478,2478,0,0,100,100
120.170926,1777159063.538586,3695,,BSF66F,,cal_static,4,H,ok,ok,3195,3195,0,0,100,100
120.398824,1777159063.766484,3696,,BSF66F,,cal_static,4,A,ok,ok,3270,3270,0,0,87,87
120.400988,1777159063.768648,3696,,BSF66F,,cal_static,4,B,ok,ok,2696,2696,0,0,100,100
120.401037,1777159063.768697,3696,,BSF66F,,cal_static,4,C,ok,ok,2446,2446,0,0,100,100
120.403533,1777159063.771193,3696,,BSF66F,,cal_static,4,D,ok,ok,3148,3148,0,0,96,96
120.530868,1777159063.898528,3697,,BSF66F,,cal_static,4,E,ok,ok,3206,3206,0,0,100,100
120.531919,1777159063.899579,3697,,BSF66F,,cal_static,4,F,ok,ok,2495,2495,0,0,100,100
120.555869,1777159063.923529,3697,,BSF66F,,cal_static,4,G,ok,ok,2486,2486,0,0,100,100
120.557848,1777159063.925508,3697,,BSF66F,,cal_static,4,H,ok,ok,3192,3192,0,0,100,100
120.784127,1777159064.151787,3698,,BSF66F,,cal_static,4,A,ok,ok,3652,3652,0,0,88,88
120.784196,1777159064.151856,3698,,BSF66F,,cal_static,4,B,ok,ok,2715,2715,0,0,100,100
120.785827,1777159064.153487,3698,,BSF66F,,cal_static,4,C,ok,ok,2427,2427,0,0,100,100
120.811402,1777159064.179062,3698,,BSF66F,,cal_static,4,D,ok,ok,3144,3144,0,0,100,100
120.941393,1777159064.309053,3699,,BSF66F,,cal_static,4,E,ok,ok,3249,3249,0,0,100,100
120.941437,1777159064.309097,3699,,BSF66F,,cal_static,4,F,ok,ok,2435,2435,0,0,100,100
120.943441,1777159064.311101,3699,,BSF66F,,cal_static,4,G,ok,ok,2466,2466,0,0,100,100
120.960883,1777159064.328543,3699,,BSF66F,,cal_static,4,H,ok,ok,3177,3177,0,0,100,100
121.176145,1777159064.543805,3700,,BSF66F,,cal_static,4,A,ok,ok,3305,3305,0,0,88,88
121.176231,1777159064.543891,3700,,BSF66F,,cal_static,4,B,ok,ok,2663,2663,0,0,100,100
121.193833,1777159064.561493,3700,,BSF66F,,cal_static,4,C,ok,ok,2431,2431,0,0,100,100
121.196135,1777159064.563795,3700,,BSF66F,,cal_static,4,D,ok,ok,3142,3142,0,0,100,100
121.353448,1777159064.721108,3701,,BSF66F,,cal_static,4,E,ok,ok,3241,3241,0,0,100,100
121.372984,1777159064.740644,3701,,BSF66F,,cal_static,4,F,ok,ok,2431,2431,0,0,100,100
121.375663,1777159064.743323,3701,,BSF66F,,cal_static,4,G,ok,ok,2467,2467,0,0,100,100
121.375711,1777159064.743371,3701,,BSF66F,,cal_static,4,H,ok,ok,3215,3215,0,0,100,100
121.53319,1777159064.90085,3702,,BSF66F,,cal_static,4,A,ok,ok,3709,3709,0,0,89,89
121.534526,1777159064.902186,3702,,BSF66F,,cal_static,4,B,ok,ok,2678,2678,0,0,100,100
121.535944,1777159064.903604,3702,,BSF66F,,cal_static,4,C,timeout,rx_timeout,0,2431,0,0,94,94
121.553962,1777159064.921622,3702,,BSF66F,,cal_static,4,D,ok,ok,3167,3167,0,0,100,100
121.71646,1777159065.08412,3703,,BSF66F,,cal_static,4,E,ok,ok,3188,3188,0,0,100,100
121.716563,1777159065.084223,3703,,BSF66F,,cal_static,4,F,timeout,rx_timeout,0,2431,0,0,95,95
121.733448,1777159065.101108,3703,,BSF66F,,cal_static,4,G,ok,ok,2465,2465,0,0,100,100
121.735654,1777159065.103314,3703,,BSF66F,,cal_static,4,H,ok,ok,3163,3163,0,0,100,100
121.946603,1777159065.314263,3704,,BSF66F,,cal_static,4,A,ok,ok,3781,3781,0,0,90,90
121.946887,1777159065.314547,3704,,BSF66F,,cal_static,4,B,ok,ok,2706,2706,0,0,100,100
121.948497,1777159065.316157,3704,,BSF66F,,cal_static,4,C,ok,ok,2405,2405,0,0,95,95
121.966058,1777159065.333718,3704,,BSF66F,,cal_static,4,D,ok,ok,3133,3133,0,0,100,100
122.125984,1777159065.493644,3705,,BSF66F,,cal_static,4,E,ok,ok,3261,3261,0,0,100,100
122.145532,1777159065.513192,3705,,BSF66F,,cal_static,4,F,ok,ok,2478,2478,0,0,95,95
122.147908,1777159065.515568,3705,,BSF66F,,cal_static,4,G,ok,ok,2447,2447,0,0,100,100
122.147938,1777159065.515598,3705,,BSF66F,,cal_static,4,H,ok,ok,3168,3168,0,0,100,100
122.331653,1777159065.699313,3706,,BSF66F,,cal_static,4,A,ok,ok,3766,3766,0,0,90,90
122.331776,1777159065.699436,3706,,BSF66F,,cal_static,4,B,ok,ok,2699,2699,0,0,100,100
122.356144,1777159065.723804,3706,,BSF66F,,cal_static,4,C,ok,ok,2438,2438,0,0,95,95
122.358717,1777159065.726377,3706,,BSF66F,,cal_static,4,D,ok,ok,3123,3123,0,0,100,100
122.561908,1777159065.929568,3707,,BSF66F,,cal_static,4,E,ok,ok,3249,3249,0,0,100,100
122.561989,1777159065.929649,3707,,BSF66F,,cal_static,4,F,ok,ok,2472,2472,0,0,95,95
122.563568,1777159065.931228,3707,,BSF66F,,cal_static,4,G,ok,ok,2462,2462,0,0,100,100
122.581057,1777159065.948717,3707,,BSF66F,,cal_static,4,H,ok,ok,3197,3197,0,0,100,100
122.793537,1777159066.161197,3708,,BSF66F,,cal_static,4,A,ok,ok,3523,3523,0,0,90,90
122.794735,1777159066.162395,3708,,BSF66F,,cal_static,4,B,ok,ok,2671,2671,0,0,100,100
122.796237,1777159066.163897,3708,,BSF66F,,cal_static,4,C,ok,ok,2390,2390,0,0,95,95
122.813568,1777159066.181228,3708,,BSF66F,,cal_static,4,D,ok,ok,3135,3135,0,0,100,100
122.94533,1777159066.31299,3709,,BSF66F,,cal_static,4,E,ok,ok,3291,3291,0,0,100,100
122.946863,1777159066.314523,3709,,BSF66F,,cal_static,4,F,ok,ok,2495,2495,0,0,95,95
122.970948,1777159066.338608,3709,,BSF66F,,cal_static,4,G,ok,ok,2485,2485,0,0,100,100
122.973398,1777159066.341058,3709,,BSF66F,,cal_static,4,H,ok,ok,3151,3151,0,0,100,100
123.175817,1777159066.543477,3710,,BSF66F,,cal_static,4,A,ok,ok,3504,3504,0,0,91,91
123.178103,1777159066.545763,3710,,BSF66F,,cal_static,4,B,ok,ok,2680,2680,0,0,100,100
123.178689,1777159066.546349,3710,,BSF66F,,cal_static,4,C,ok,ok,2422,2422,0,0,95,95
123.203361,1777159066.571021,3710,,BSF66F,,cal_static,4,D,ok,ok,3154,3154,0,0,100,100
123.356503,1777159066.724163,3711,,BSF66F,,cal_static,4,E,ok,ok,3256,3256,0,0,100,100
123.356558,1777159066.724218,3711,,BSF66F,,cal_static,4,F,ok,ok,2418,2418,0,0,95,95
123.358365,1777159066.726025,3711,,BSF66F,,cal_static,4,G,ok,ok,2493,2493,0,0,100,100
123.383573,1777159066.751233,3711,,BSF66F,,cal_static,4,H,ok,ok,3199,3199,0,0,100,100
123.589274,1777159066.956934,3712,,BSF66F,,cal_static,4,A,ok,ok,3100,3100,0,0,91,91
123.589325,1777159066.956985,3712,,BSF66F,,cal_static,4,B,ok,ok,2682,2682,0,0,100,100
123.591096,1777159066.958756,3712,,BSF66F,,cal_static,4,C,ok,ok,2437,2437,0,0,95,95
123.638065,1777159067.005725,3712,,BSF66F,,cal_static,4,D,ok,ok,3170,3170,0,0,100,100
123.746575,1777159067.114235,3713,,BSF66F,,cal_static,4,E,ok,ok,3237,3237,0,0,100,100
123.746631,1777159067.114291,3713,,BSF66F,,cal_static,4,F,ok,ok,2506,2506,0,0,96,96
123.748367,1777159067.116027,3713,,BSF66F,,cal_static,4,G,ok,ok,2493,2493,0,0,100,100
123.795785,1777159067.163445,3713,,BSF66F,,cal_static,4,H,ok,ok,3199,3199,0,0,100,100
123.926108,1777159067.293768,3714,,BSF66F,,cal_static,4,A,reject,raw_outlier,3726,3100,0,0,88,88
123.928092,1777159067.295752,3714,,BSF66F,,cal_static,4,B,ok,ok,2689,2689,0,0,100,100
123.928329,1777159067.295989,3714,,BSF66F,,cal_static,4,C,ok,ok,2445,2445,0,0,96,96
123.946175,1777159067.313835,3714,,BSF66F,,cal_static,4,D,ok,ok,3134,3134,0,0,100,100
124.131426,1777159067.499086,3715,,BSF66F,,cal_static,4,E,ok,ok,3230,3230,0,0,100,100
124.131492,1777159067.499152,3715,,BSF66F,,cal_static,4,F,ok,ok,2445,2445,0,0,96,96
124.155892,1777159067.523552,3715,,BSF66F,,cal_static,4,G,ok,ok,2454,2454,0,0,100,100
124.15834,1777159067.526,3715,,BSF66F,,cal_static,4,H,ok,ok,3164,3164,0,0,100,100
124.384357,1777159067.752017,3716,,BSF66F,,cal_static,4,A,ok,ok,3514,3514,0,0,88,88
124.384403,1777159067.752063,3716,,BSF66F,,cal_static,4,B,ok,ok,2678,2678,0,0,100,100
124.385944,1777159067.753604,3716,,BSF66F,,cal_static,4,C,ok,ok,2434,2434,0,0,96,96
124.410803,1777159067.778463,3716,,BSF66F,,cal_static,4,D,ok,ok,3184,3184,0,0,100,100
124.540847,1777159067.908507,3717,,BSF66F,,cal_static,4,E,ok,ok,3235,3235,0,0,100,100
124.542104,1777159067.909764,3717,,BSF66F,,cal_static,4,F,ok,ok,2417,2417,0,0,96,96
124.543448,1777159067.911108,3717,,BSF66F,,cal_static,4,G,ok,ok,2476,2476,0,0,100,100
124.561099,1777159067.928759,3717,,BSF66F,,cal_static,4,H,ok,ok,3216,3216,0,0,100,100
124.776486,1777159068.144146,3718,,BSF66F,,cal_static,4,A,ok,ok,3600,3600,0,0,88,88
124.776535,1777159068.144195,3718,,BSF66F,,cal_static,4,B,ok,ok,2673,2673,0,0,100,100
124.793821,1777159068.161481,3718,,BSF66F,,cal_static,4,C,ok,ok,2437,2437,0,0,96,96
124.796404,1777159068.164064,3718,,BSF66F,,cal_static,4,D,ok,ok,3134,3134,0,0,100,100
124.92433,1777159068.29199,3719,,BSF66F,,cal_static,4,E,ok,ok,3368,3368,0,0,100,100
124.924363,1777159068.292023,3719,,BSF66F,,cal_static,4,F,ok,ok,2467,2467,0,0,96,96
124.925966,1777159068.293626,3719,,BSF66F,,cal_static,4,G,ok,ok,2482,2482,0,0,100,100
124.950556,1777159068.318216,3719,,BSF66F,,cal_static,4,H,ok,ok,3200,3200,0,0,100,100
125.133217,1777159068.500877,3720,,BSF66F,,cal_static,4,A,ok,ok,3832,3832,0,0,89,89
125.134549,1777159068.502209,3720,,BSF66F,,cal_static,4,B,ok,ok,2696,2696,0,0,100,100
125.135982,1777159068.503642,3720,,BSF66F,,cal_static,4,C,ok,ok,2399,2399,0,0,96,96
125.153571,1777159068.521231,3720,,BSF66F,,cal_static,4,D,ok,ok,3140,3140,0,0,100,100
125.33784,1777159068.7055,3721,,BSF66F,,cal_static,4,E,ok,ok,3238,3238,0,0,100,100
125.339564,1777159068.707224,3721,,BSF66F,,cal_static,4,F,ok,ok,2476,2476,0,0,96,96
125.363601,1777159068.731261,3721,,BSF66F,,cal_static,4,G,ok,ok,2472,2472,0,0,100,100
125.365819,1777159068.733479,3721,,BSF66F,,cal_static,4,H,ok,ok,3180,3180,0,0,100,100
125.598611,1777159068.966271,3722,,BSF66F,,cal_static,4,A,ok,ok,3506,3506,0,0,89,89
125.600551,1777159068.968211,3722,,BSF66F,,cal_static,4,B,ok,ok,2679,2679,0,0,100,100
125.601064,1777159068.968724,3722,,BSF66F,,cal_static,4,C,ok,ok,2426,2426,0,0,96,96
125.618215,1777159068.985875,3722,,BSF66F,,cal_static,4,D,ok,ok,3122,3122,0,0,100,100
125.748126,1777159069.115786,3723,,BSF66F,,cal_static,4,E,ok,ok,3228,3228,0,0,100,100
125.748194,1777159069.115854,3723,,BSF66F,,cal_static,4,F,ok,ok,2501,2501,0,0,96,96
125.751058,1777159069.118718,3723,,BSF66F,,cal_static,4,G,ok,ok,2504,2504,0,0,100,100
125.751131,1777159069.118791,3723,,BSF66F,,cal_static,4,H,ok,ok,3239,3239,0,0,100,100
125.983819,1777159069.351479,3724,,BSF66F,,cal_static,4,A,ok,ok,3207,3207,0,0,90,90
125.983877,1777159069.351537,3724,,BSF66F,,cal_static,4,B,ok,ok,2677,2677,0,0,100,100
126.001128,1777159069.368788,3724,,BSF66F,,cal_static,4,C,ok,ok,2417,2417,0,0,96,96
126.003833,1777159069.371493,3724,,BSF66F,,cal_static,4,D,ok,ok,3121,3121,0,0,100,100
126.161741,1777159069.529401,3725,,BSF66F,,cal_static,4,E,ok,ok,3169,3169,0,0,100,100
126.161785,1777159069.529445,3725,,BSF66F,,cal_static,4,F,ok,ok,2461,2461,0,0,96,96
126.163556,1777159069.531216,3725,,BSF66F,,cal_static,4,G,ok,ok,2483,2483,0,0,100,100
126.181347,1777159069.549007,3725,,BSF66F,,cal_static,4,H,ok,ok,3191,3191,0,0,100,100
126.319129,1777159069.686789,3726,,BSF66F,,cal_static,4,A,ok,ok,3497,3497,0,0,90,90
126.319166,1777159069.686826,3726,,BSF66F,,cal_static,4,B,ok,ok,2680,2680,0,0,100,100
126.320898,1777159069.688558,3726,,BSF66F,,cal_static,4,C,ok,ok,2409,2409,0,0,96,96
126.338873,1777159069.706533,3726,,BSF66F,,cal_static,4,D,timeout,rx_timeout,0,3121,0,0,96,96
126.545852,1777159069.913512,3727,,BSF66F,,cal_static,4,E,ok,ok,3179,3179,0,0,100,100
126.547158,1777159069.914818,3727,,BSF66F,,cal_static,4,F,ok,ok,2421,2421,0,0,96,96
126.571482,1777159069.939142,3727,,BSF66F,,cal_static,4,G,ok,ok,2490,2490,0,0,100,100
126.573697,1777159069.941357,3727,,BSF66F,,cal_static,4,H,ok,ok,3230,3230,0,0,100,100
126.724528,1777159070.092188,3728,,BSF66F,,cal_static,4,A,ok,ok,3795,3795,0,0,90,90
126.724575,1777159070.092235,3728,,BSF66F,,cal_static,4,B,ok,ok,2650,2650,0,0,100,100
126.726157,1777159070.093817,3728,,BSF66F,,cal_static,4,C,ok,ok,2391,2391,0,0,96,96
126.751391,1777159070.119051,3728,,BSF66F,,cal_static,4,D,ok,ok,3133,3133,0,0,96,96
126.934058,1777159070.301718,3729,,BSF66F,,cal_static,4,E,ok,ok,3262,3262,0,0,100,100
126.934122,1777159070.301782,3729,,BSF66F,,cal_static,4,F,ok,ok,2452,2452,0,0,100,100
126.93631,1777159070.30397,3729,,BSF66F,,cal_static,4,G,ok,ok,2485,2485,0,0,100,100
126.953893,1777159070.321553,3729,,BSF66F,,cal_static,4,H,ok,ok,3187,3187,0,0,100,100
127.137955,1777159070.505615,3730,,BSF66F,,cal_static,4,A,ok,ok,3651,3651,0,0,94,94
127.139461,1777159070.507121,3730,,BSF66F,,cal_static,4,B,ok,ok,2705,2705,0,0,100,100
127.163603,1777159070.531263,3730,,BSF66F,,cal_static,4,C,ok,ok,2414,2414,0,0,100,100
127.165943,1777159070.533603,3730,,BSF66F,,cal_static,4,D,ok,ok,3142,3142,0,0,100,100
127.369548,1777159070.737208,3731,,BSF66F,,cal_static,4,E,ok,ok,3214,3214,0,0,100,100
127.369607,1777159070.737267,3731,,BSF66F,,cal_static,4,F,ok,ok,2479,2479,0,0,100,100
127.371106,1777159070.738766,3731,,BSF66F,,cal_static,4,G,ok,ok,2472,2472,0,0,100,100
127.39674,1777159070.7644,3731,,BSF66F,,cal_static,4,H,ok,ok,3219,3219,0,0,100,100
127.602001,1777159070.969661,3732,,BSF66F,,cal_static,4,A,ok,ok,3339,3339,0,0,94,94
127.602047,1777159070.969707,3732,,BSF66F,,cal_static,4,B,ok,ok,2679,2679,0,0,100,100
127.603363,1777159070.971023,3732,,BSF66F,,cal_static,4,C,ok,ok,2461,2461,0,0,100,100
127.620854,1777159070.988514,3732,,BSF66F,,cal_static,4,D,ok,ok,3143,3143,0,0,100,100
127.730492,1777159071.098152,3733,,BSF66F,,cal_static,4,E,ok,ok,3208,3208,0,0,100,100
127.731995,1777159071.099655,3733,,BSF66F,,cal_static,4,F,ok,ok,2477,2477,0,0,100,100
127.756069,1777159071.123729,3733,,BSF66F,,cal_static,4,G,ok,ok,2486,2486,0,0,100,100
127.758533,1777159071.126193,3733,,BSF66F,,cal_static,4,H,ok,ok,3168,3168,0,0,100,100
128.010123,1777159071.377783,3734,,BSF66F,,cal_static,4,A,ok,ok,3554,3554,0,0,94,94
128.011593,1777159071.379253,3734,,BSF66F,,cal_static,4,B,ok,ok,2691,2691,0,0,100,100
128.014289,1777159071.381949,3734,,BSF66F,,cal_static,4,C,ok,ok,2381,2381,0,0,100,100
128.014348,1777159071.382008,3734,,BSF66F,,cal_static,4,D,ok,ok,3110,3110,0,0,100,100
128.140707,1777159071.508367,3735,,BSF66F,,cal_static,4,E,ok,ok,3248,3248,0,0,100,100
128.142171,1777159071.509831,3735,,BSF66F,,cal_static,4,F,ok,ok,2442,2442,0,0,100,100
128.143559,1777159071.511219,3735,,BSF66F,,cal_static,4,G,ok,ok,2492,2492,0,0,100,100
128.161219,1777159071.528879,3735,,BSF66F,,cal_static,4,H,ok,ok,3168,3168,0,0,100,100
128.374595,1777159071.742255,3736,,BSF66F,,cal_static,4,A,ok,ok,3463,3463,0,0,95,95
128.374683,1777159071.742343,3736,,BSF66F,,cal_static,4,B,ok,ok,2703,2703,0,0,100,100
128.376159,1777159071.743819,3736,,BSF66F,,cal_static,4,C,ok,ok,2437,2437,0,0,100,100
128.393495,1777159071.761155,3736,,BSF66F,,cal_static,4,D,ok,ok,3136,3136,0,0,100,100
128.576554,1777159071.944214,3737,,BSF66F,,cal_static,4,E,ok,ok,3307,3307,0,0,100,100
128.576608,1777159071.944268,3737,,BSF66F,,cal_static,4,F,ok,ok,2516,2516,0,0,100,100
128.578153,1777159071.945813,3737,,BSF66F,,cal_static,4,G,ok,ok,2435,2435,0,0,100,100
128.60352,1777159071.97118,3737,,BSF66F,,cal_static,4,H,ok,ok,3219,3219,0,0,100,100
128.786843,1777159072.154503,3738,,BSF66F,,cal_static,4,A,ok,ok,3291,3291,0,0,95,95
128.786883,1777159072.154543,3738,,BSF66F,,cal_static,4,B,ok,ok,2702,2702,0,0,100,100
128.789558,1777159072.157218,3738,,BSF66F,,cal_static,4,C,ok,ok,2460,2460,0,0,100,100
128.806402,1777159072.174062,3738,,BSF66F,,cal_static,4,D,ok,ok,3150,3150,0,0,100,100
128.938041,1777159072.305701,3739,,BSF66F,,cal_static,4,E,ok,ok,3293,3293,0,0,100,100
128.939674,1777159072.307334,3739,,BSF66F,,cal_static,4,F,ok,ok,2478,2478,0,0,100,100
128.964166,1777159072.331826,3739,,BSF66F,,cal_static,4,G,ok,ok,2487,2487,0,0,100,100
128.966191,1777159072.333851,3739,,BSF66F,,cal_static,4,H,ok,ok,3243,3243,0,0,100,100
129.146127,1777159072.513787,3740,,BSF66F,,cal_static,4,A,reject,raw_outlier,3757,3291,0,0,90,90
129.148373,1777159072.516033,3740,,BSF66F,,cal_static,4,B,ok,ok,2699,2699,0,0,100,100
129.150818,1777159072.518478,3740,,BSF66F,,cal_static,4,C,ok,ok,2438,2438,0,0,100,100
129.166226,1777159072.533886,3740,,BSF66F,,cal_static,4,D,ok,ok,3144,3144,0,0,100,100
129.326337,1777159072.693997,3741,,BSF66F,,cal_static,4,E,ok,ok,3207,3207,0,0,100,100
129.327589,1777159072.695249,3741,,BSF66F,,cal_static,4,F,ok,ok,2456,2456,0,0,100,100
129.329035,1777159072.696695,3741,,BSF66F,,cal_static,4,G,ok,ok,2489,2489,0,0,100,100
129.346113,1777159072.713773,3741,,BSF66F,,cal_static,4,H,ok,ok,3223,3223,0,0,100,100
129.530821,1777159072.898481,3742,,BSF66F,,cal_static,4,A,reject,raw_outlier,3818,3291,0,0,86,86
129.532116,1777159072.899776,3742,,BSF66F,,cal_static,4,B,ok,ok,2697,2697,0,0,100,100
129.556265,1777159072.923925,3742,,BSF66F,,cal_static,4,C,ok,ok,2405,2405,0,0,100,100
129.558561,1777159072.926221,3742,,BSF66F,,cal_static,4,D,ok,ok,3145,3145,0,0,100,100
129.761857,1777159073.129517,3743,,BSF66F,,cal_static,4,E,ok,ok,3156,3156,0,0,100,100
129.761889,1777159073.129549,3743,,BSF66F,,cal_static,4,F,ok,ok,2474,2474,0,0,100,100
129.763684,1777159073.131344,3743,,BSF66F,,cal_static,4,G,ok,ok,2468,2468,0,0,100,100
129.811707,1777159073.179367,3743,,BSF66F,,cal_static,4,H,ok,ok,3230,3230,0,0,100,100
129.991674,1777159073.359334,3744,,BSF66F,,cal_static,4,A,ok,ok,3202,3202,0,0,87,87
130.013448,1777159073.381108,3744,,BSF66F,,cal_static,4,B,ok,ok,2659,2659,0,0,100,100
130.016069,1777159073.383729,3744,,BSF66F,,cal_static,4,C,ok,ok,2392,2392,0,0,100,100
130.016119,1777159073.383779,3744,,BSF66F,,cal_static,4,D,ok,ok,3116,3116,0,0,100,100
130.145658,1777159073.513318,3745,,BSF66F,,cal_static,4,E,ok,ok,3183,3183,0,0,100,100
130.147295,1777159073.514955,3745,,BSF66F,,cal_static,4,F,ok,ok,2460,2460,0,0,100,100
130.171268,1777159073.538928,3745,,BSF66F,,cal_static,4,G,ok,ok,2504,2504,0,0,100,100
130.173528,1777159073.541188,3745,,BSF66F,,cal_static,4,H,ok,ok,3201,3201,0,0,100,100
130.324663,1777159073.692323,3746,,BSF66F,,cal_static,4,A,ok,ok,3645,3645,0,0,88,88
130.324729,1777159073.692389,3746,,BSF66F,,cal_static,4,B,ok,ok,2734,2734,0,0,100,100
130.32637,1777159073.69403,3746,,BSF66F,,cal_static,4,C,ok,ok,2410,2410,0,0,100,100
130.40402,1777159073.77168,3746,,BSF66F,,cal_static,4,D,ok,ok,3106,3106,0,0,100,100
130.533313,1777159073.900973,3747,,BSF66F,,cal_static,4,E,ok,ok,3253,3253,0,0,100,100
130.534709,1777159073.902369,3747,,BSF66F,,cal_static,4,F,ok,ok,2430,2430,0,0,100,100
130.536086,1777159073.903746,3747,,BSF66F,,cal_static,4,G,ok,ok,2458,2458,0,0,100,100
130.553892,1777159073.921552,3747,,BSF66F,,cal_static,4,H,ok,ok,3183,3183,0,0,100,100
130.738075,1777159074.105735,3748,,BSF66F,,cal_static,4,A,ok,ok,3752,3752,0,0,88,88
130.739672,1777159074.107332,3748,,BSF66F,,cal_static,4,B,ok,ok,2677,2677,0,0,100,100
130.764208,1777159074.131868,3748,,BSF66F,,cal_static,4,C,ok,ok,2416,2416,0,0,100,100
130.766129,1777159074.133789,3748,,BSF66F,,cal_static,4,D,ok,ok,3157,3157,0,0,100,100
130.946836,1777159074.314496,3749,,BSF66F,,cal_static,4,E,ok,ok,3252,3252,0,0,100,100
130.9469,1777159074.31456,3749,,BSF66F,,cal_static,4,F,ok,ok,2476,2476,0,0,100,100
130.94858,1777159074.31624,3749,,BSF66F,,cal_static,4,G,ok,ok,2457,2457,0,0,100,100
130.966342,1777159074.334002,3749,,BSF66F,,cal_static,4,H,ok,ok,3160,3160,0,0,100,100
131.125968,1777159074.493628,3750,,BSF66F,,cal_static,4,A,ok,ok,3598,3598,0,0,88,88
131.127366,1777159074.495026,3750,,BSF66F,,cal_static,4,B,ok,ok,2660,2660,0,0,100,100
131.128763,1777159074.496423,3750,,BSF66F,,cal_static,4,C,ok,ok,2384,2384,0,0,100,100
131.146306,1777159074.513966,3750,,BSF66F,,cal_static,4,D,ok,ok,3109,3109,0,0,100,100
131.331713,1777159074.699373,3751,,BSF66F,,cal_static,4,E,ok,ok,3281,3281,0,0,100,100
131.331829,1777159074.699489,3751,,BSF66F,,cal_static,4,F,ok,ok,2475,2475,0,0,100,100
131.356318,1777159074.723978,3751,,BSF66F,,cal_static,4,G,ok,ok,2501,2501,0,0,100,100
131.358479,1777159074.726139,3751,,BSF66F,,cal_static,4,H,ok,ok,3214,3214,0,0,100,100
131.561176,1777159074.928836,3752,,BSF66F,,cal_static,4,A,reject,raw_outlier,3127,3598,0,0,85,85
131.563777,1777159074.931437,3752,,BSF66F,,cal_static,4,B,ok,ok,2656,2656,0,0,100,100
131.563846,1777159074.931506,3752,,BSF66F,,cal_static,4,C,timeout,rx_timeout,0,2384,0,0,96,96
131.581436,1777159074.949096,3752,,BSF66F,,cal_static,4,D,ok,ok,3145,3145,0,0,100,100
131.719756,1777159075.087416,3753,,BSF66F,,cal_static,4,E,ok,ok,3254,3254,0,0,100,100
131.71984,1777159075.0875,3753,,BSF66F,,cal_static,4,F,timeout,rx_timeout,0,2475,0,0,96,96
131.721469,1777159075.089129,3753,,BSF66F,,cal_static,4,G,ok,ok,2484,2484,0,0,100,100
131.738846,1777159075.106506,3753,,BSF66F,,cal_static,4,H,ok,ok,3241,3241,0,0,100,100
131.976927,1777159075.344587,3754,,BSF66F,,cal_static,4,A,ok,ok,3278,3278,0,0,86,86
131.977002,1777159075.344662,3754,,BSF66F,,cal_static,4,B,ok,ok,2709,2709,0,0,100,100
132.024239,1777159075.391899,3754,,BSF66F,,cal_static,4,C,ok,ok,2445,2445,0,0,96,96
132.026463,1777159075.394123,3754,,BSF66F,,cal_static,4,D,ok,ok,3153,3153,0,0,100,100
132.124443,1777159075.492103,3755,,BSF66F,,cal_static,4,E,ok,ok,3221,3221,0,0,100,100
132.124512,1777159075.492172,3755,,BSF66F,,cal_static,4,F,ok,ok,2499,2499,0,0,96,96
132.126241,1777159075.493901,3755,,BSF66F,,cal_static,4,G,ok,ok,2489,2489,0,0,100,100
132.151234,1777159075.518894,3755,,BSF66F,,cal_static,4,H,ok,ok,3223,3223,0,0,100,100
132.385975,1777159075.753635,3756,,BSF66F,,cal_static,4,A,ok,ok,3597,3597,0,0,86,86
132.387701,1777159075.755361,3756,,BSF66F,,cal_static,4,B,ok,ok,2681,2681,0,0,100,100
132.389148,1777159075.756808,3756,,BSF66F,,cal_static,4,C,ok,ok,2426,2426,0,0,96,96
132.406147,1777159075.773807,3756,,BSF66F,,cal_static,4,D,ok,ok,3139,3139,0,0,100,100
132.539204,1777159075.906864,3757,,BSF66F,,cal_static,4,E,ok,ok,3180,3180,0,0,100,100
132.539228,1777159075.906888,3757,,BSF66F,,cal_static,4,F,ok,ok,2459,2459,0,0,96,96
132.5641,1777159075.93176,3757,,BSF66F,,cal_static,4,G,ok,ok,2474,2474,0,0,100,100
132.566318,1777159075.933978,3757,,BSF66F,,cal_static,4,H,ok,ok,3183,3183,0,0,100,100
132.746933,1777159076.114593,3758,,BSF66F,,cal_static,4,A,ok,ok,3724,3724,0,0,87,87
132.746962,1777159076.114622,3758,,BSF66F,,cal_static,4,B,ok,ok,2647,2647,0,0,100,100
132.748776,1777159076.116436,3758,,BSF66F,,cal_static,4,C,ok,ok,2423,2423,0,0,96,96
132.766388,1777159076.134048,3758,,BSF66F,,cal_static,4,D,ok,ok,3145,3145,0,0,100,100
132.926839,1777159076.294499,3759,,BSF66F,,cal_static,4,E,ok,ok,3258,3258,0,0,100,100
132.926912,1777159076.294572,3759,,BSF66F,,cal_static,4,F,ok,ok,2402,2402,0,0,96,96
132.928921,1777159076.296581,3759,,BSF66F,,cal_static,4,G,ok,ok,2475,2475,0,0,100,100
132.946287,1777159076.313947,3759,,BSF66F,,cal_static,4,H,ok,ok,3232,3232,0,0,100,100
133.181963,1777159076.549623,3760,,BSF66F,,cal_static,4,A,ok,ok,3277,3277,0,0,87,87
133.182005,1777159076.549665,3760,,BSF66F,,cal_static,4,B,ok,ok,2724,2724,0,0,100,100
133.183778,1777159076.551438,3760,,BSF66F,,cal_static,4,C,ok,ok,2395,2395,0,0,96,96
133.201411,1777159076.569071,3760,,BSF66F,,cal_static,4,D,ok,ok,3139,3139,0,0,100,100
133.362211,1777159076.729871,3761,,BSF66F,,cal_static,4,E,ok,ok,3237,3237,0,0,100,100
133.36236,1777159076.73002,3761,,BSF66F,,cal_static,4,F,ok,ok,2503,2503,0,0,100,100
133.363824,1777159076.731484,3761,,BSF66F,,cal_static,4,G,ok,ok,2472,2472,0,0,100,100
133.381583,1777159076.749243,3761,,BSF66F,,cal_static,4,H,ok,ok,3238,3238,0,0,100,100
133.51865,1777159076.88631,3762,,BSF66F,,cal_static,4,A,reject,raw_outlier,3736,3277,0,0,82,82
133.520968,1777159076.888628,3762,,BSF66F,,cal_static,4,B,ok,ok,2702,2702,0,0,100,100
133.521028,1777159076.888688,3762,,BSF66F,,cal_static,4,C,ok,ok,2441,2441,0,0,100,100
133.591888,1777159076.959548,3762,,BSF66F,,cal_static,4,D,ok,ok,3179,3179,0,0,100,100
133.746606,1777159077.114266,3763,,BSF66F,,cal_static,4,E,ok,ok,3268,3268,0,0,100,100
133.746653,1777159077.114313,3763,,BSF66F,,cal_static,4,F,ok,ok,2455,2455,0,0,100,100
133.771591,1777159077.139251,3763,,BSF66F,,cal_static,4,G,ok,ok,2488,2488,0,0,100,100
133.773684,1777159077.141344,3763,,BSF66F,,cal_static,4,H,ok,ok,3205,3205,0,0,100,100
133.924102,1777159077.291762,3764,,BSF66F,,cal_static,4,A,reject,raw_outlier,3822,3277,0,0,77,77
133.926311,1777159077.293971,3764,,BSF66F,,cal_static,4,B,ok,ok,2656,2656,0,0,100,100
133.926416,1777159077.294076,3764,,BSF66F,,cal_static,4,C,ok,ok,2415,2415,0,0,100,100
133.951341,1777159077.319001,3764,,BSF66F,,cal_static,4,D,ok,ok,3129,3129,0,0,100,100
134.133506,1777159077.501166,3765,,BSF66F,,cal_static,4,E,ok,ok,3219,3219,0,0,100,100
134.134854,1777159077.502514,3765,,BSF66F,,cal_static,4,F,ok,ok,2557,2557,0,0,100,100
134.136303,1777159077.503963,3765,,BSF66F,,cal_static,4,G,ok,ok,2485,2485,0,0,100,100
134.153967,1777159077.521627,3765,,BSF66F,,cal_static,4,H,ok,ok,3167,3167,0,0,100,100
134.338447,1777159077.706107,3766,,BSF66F,,cal_static,4,A,ok,ok,3718,3718,0,0,78,78
134.339816,1777159077.707476,3766,,BSF66F,,cal_static,4,B,ok,ok,2672,2672,0,0,100,100
134.364326,1777159077.731986,3766,,BSF66F,,cal_static,4,C,ok,ok,2417,2417,0,0,100,100
134.366441,1777159077.734101,3766,,BSF66F,,cal_static,4,D,ok,ok,3158,3158,0,0,100,100
134.547231,1777159077.914891,3767,,BSF66F,,cal_static,4,E,ok,ok,3262,3262,0,0,100,100
134.547301,1777159077.914961,3767,,BSF66F,,cal_static,4,F,ok,ok,2410,2410,0,0,100,100
134.549128,1777159077.916788,3767,,BSF66F,,cal_static,4,G,ok,ok,2489,2489,0,0,100,100
134.566983,1777159077.934643,3767,,BSF66F,,cal_static,4,H,ok,ok,3167,3167,0,0,100,100
134.726177,1777159078.093837,3768,,BSF66F,,cal_static,4,A,ok,ok,3709,3709,0,0,80,80
134.727818,1777159078.095478,3768,,BSF66F,,cal_static,4,B,ok,ok,2678,2678,0,0,100,100
134.72892,1777159078.09658,3768,,BSF66F,,cal_static,4,C,ok,ok,2396,2396,0,0,100,100
134.746663,1777159078.114323,3768,,BSF66F,,cal_static,4,D,ok,ok,3158,3158,0,0,100,100
134.930802,1777159078.298462,3769,,BSF66F,,cal_static,4,E,ok,ok,3305,3305,0,0,100,100
134.932244,1777159078.299904,3769,,BSF66F,,cal_static,4,F,ok,ok,2472,2472,0,0,100,100
134.956441,1777159078.324101,3769,,BSF66F,,cal_static,4,G,ok,ok,2457,2457,0,0,100,100
134.958789,1777159078.326449,3769,,BSF66F,,cal_static,4,H,ok,ok,3198,3198,0,0,100,100
135.184563,1777159078.552223,3770,,BSF66F,,cal_static,4,A,ok,ok,3456,3456,0,0,80,80
135.184611,1777159078.552271,3770,,BSF66F,,cal_static,4,B,ok,ok,2663,2663,0,0,100,100
135.186356,1777159078.554016,3770,,BSF66F,,cal_static,4,C,ok,ok,2417,2417,0,0,100,100
135.233935,1777159078.601595,3770,,BSF66F,,cal_static,4,D,ok,ok,3123,3123,0,0,100,100
135.341838,1777159078.709498,3771,,BSF66F,,cal_static,4,E,ok,ok,3215,3215,0,0,100,100
135.341927,1777159078.709587,3771,,BSF66F,,cal_static,4,F,ok,ok,2438,2438,0,0,100,100
135.343585,1777159078.711245,3771,,BSF66F,,cal_static,4,G,ok,ok,2489,2489,0,0,100,100
135.414004,1777159078.781664,3771,,BSF66F,,cal_static,4,H,ok,ok,3196,3196,0,0,100,100
135.576894,1777159078.944554,3772,,BSF66F,,cal_static,4,A,ok,ok,3133,3133,0,0,81,81
135.57697,1777159078.94463,3772,,BSF66F,,cal_static,4,B,ok,ok,2676,2676,0,0,100,100
135.594414,1777159078.962074,3772,,BSF66F,,cal_static,4,C,ok,ok,2373,2373,0,0,100,100
135.596606,1777159078.964266,3772,,BSF66F,,cal_static,4,D,ok,ok,3148,3148,0,0,100,100
135.724661,1777159079.092321,3773,,BSF66F,,cal_static,4,E,ok,ok,3194,3194,0,0,100,100
135.724692,1777159079.092352,3773,,BSF66F,,cal_static,4,F,ok,ok,2462,2462,0,0,100,100
135.726242,1777159079.093902,3773,,BSF66F,,cal_static,4,G,ok,ok,2489,2489,0,0,100,100
135.803555,1777159079.171215,3773,,BSF66F,,cal_static,4,H,ok,ok,3201,3201,0,0,100,100
135.933559,1777159079.301219,3774,,BSF66F,,cal_static,4,A,reject,raw_outlier,3799,3133,0,0,78,78
135.93571,1777159079.30337,3774,,BSF66F,,cal_static,4,B,ok,ok,2668,2668,0,0,100,100
135.936155,1777159079.303815,3774,,BSF66F,,cal_static,4,C,ok,ok,2388,2388,0,0,100,100
135.953939,1777159079.321599,3774,,BSF66F,,cal_static,4,D,ok,ok,3134,3134,0,0,100,100
136.138749,1777159079.506409,3775,,BSF66F,,cal_static,4,E,ok,ok,3236,3236,0,0,100,100
136.162798,1777159079.530458,3775,,BSF66F,,cal_static,4,F,ok,ok,2443,2443,0,0,100,100
136.164358,1777159079.532018,3775,,BSF66F,,cal_static,4,G,ok,ok,2485,2485,0,0,100,100
136.166678,1777159079.534338,3775,,BSF66F,,cal_static,4,H,ok,ok,3169,3169,0,0,100,100
136.316538,1777159079.684198,3776,,BSF66F,,cal_static,4,A,reject,raw_outlier,3617,3133,0,0,75,75
136.318631,1777159079.686291,3776,,BSF66F,,cal_static,4,B,ok,ok,2648,2648,0,0,100,100
136.318718,1777159079.686378,3776,,BSF66F,,cal_static,4,C,ok,ok,2407,2407,0,0,100,100
136.343799,1777159079.711459,3776,,BSF66F,,cal_static,4,D,timeout,rx_timeout,0,3134,0,0,95,95
136.527046,1777159079.894706,3777,,BSF66F,,cal_static,4,E,ok,ok,3245,3245,0,0,100,100
136.527123,1777159079.894783,3777,,BSF66F,,cal_static,4,F,ok,ok,2427,2427,0,0,100,100
136.529344,1777159079.897004,3777,,BSF66F,,cal_static,4,G,ok,ok,2481,2481,0,0,100,100
136.546881,1777159079.914541,3777,,BSF66F,,cal_static,4,H,ok,ok,3200,3200,0,0,100,100
136.73104,1777159080.0987,3778,,BSF66F,,cal_static,4,A,reject,raw_outlier,3732,3133,0,0,72,72
136.732386,1777159080.100046,3778,,BSF66F,,cal_static,4,B,ok,ok,2695,2695,0,0,100,100
136.757064,1777159080.124724,3778,,BSF66F,,cal_static,4,C,ok,ok,2427,2427,0,0,100,100
136.758931,1777159080.126591,3778,,BSF66F,,cal_static,4,D,ok,ok,3156,3156,0,0,96,96
136.984242,1777159080.351902,3779,,BSF66F,,cal_static,4,E,ok,ok,3267,3267,0,0,100,100
136.984319,1777159080.351979,3779,,BSF66F,,cal_static,4,F,ok,ok,2394,2394,0,0,100,100
136.985956,1777159080.353616,3779,,BSF66F,,cal_static,4,G,ok,ok,2477,2477,0,0,100,100
137.010964,1777159080.378624,3779,,BSF66F,,cal_static,4,H,ok,ok,3183,3183,0,0,100,100
137.19433,1777159080.56199,3780,,BSF66F,,cal_static,4,A,ok,ok,3470,3470,0,0,73,73
137.194365,1777159080.562025,3780,,BSF66F,,cal_static,4,B,ok,ok,2662,2662,0,0,100,100
137.196482,1777159080.564142,3780,,BSF66F,,cal_static,4,C,ok,ok,2409,2409,0,0,100,100
137.213661,1777159080.581321,3780,,BSF66F,,cal_static,4,D,ok,ok,3137,3137,0,0,96,96
137.34692,1777159080.71458,3781,,BSF66F,,cal_static,4,E,ok,ok,3250,3250,0,0,100,100
137.346968,1777159080.714628,3781,,BSF66F,,cal_static,4,F,ok,ok,2471,2471,0,0,100,100
137.371715,1777159080.739375,3781,,BSF66F,,cal_static,4,G,ok,ok,2492,2492,0,0,100,100
137.37403,1777159080.74169,3781,,BSF66F,,cal_static,4,H,ok,ok,3232,3232,0,0,100,100
137.577464,1777159080.945124,3782,,BSF66F,,cal_static,4,A,ok,ok,3287,3287,0,0,74,74
137.577523,1777159080.945183,3782,,BSF66F,,cal_static,4,B,ok,ok,2687,2687,0,0,100,100
137.579086,1777159080.946746,3782,,BSF66F,,cal_static,4,C,ok,ok,2431,2431,0,0,100,100
137.60387,1777159080.97153,3782,,BSF66F,,cal_static,4,D,ok,ok,3117,3117,0,0,96,96
137.73358,1777159081.10124,3783,,BSF66F,,cal_static,4,E,ok,ok,3269,3269,0,0,100,100
137.735021,1777159081.102681,3783,,BSF66F,,cal_static,4,F,ok,ok,2483,2483,0,0,100,100
137.736505,1777159081.104165,3783,,BSF66F,,cal_static,4,G,ok,ok,2492,2492,0,0,100,100
137.754109,1777159081.121769,3783,,BSF66F,,cal_static,4,H,ok,ok,3202,3202,0,0,100,100
137.989811,1777159081.357471,3784,,BSF66F,,cal_static,4,A,ok,ok,3489,3489,0,0,75,75
137.98988,1777159081.35754,3784,,BSF66F,,cal_static,4,B,ok,ok,2707,2707,0,0,100,100
137.991689,1777159081.359349,3784,,BSF66F,,cal_static,4,C,ok,ok,2424,2424,0,0,100,100
138.038647,1777159081.406307,3784,,BSF66F,,cal_static,4,D,ok,ok,3112,3112,0,0,96,96
138.147108,1777159081.514768,3785,,BSF66F,,cal_static,4,E,ok,ok,3194,3194,0,0,100,100
138.147141,1777159081.514801,3785,,BSF66F,,cal_static,4,F,ok,ok,2451,2451,0,0,100,100
138.148919,1777159081.516579,3785,,BSF66F,,cal_static,4,G,ok,ok,2489,2489,0,0,100,100
138.166599,1777159081.534259,3785,,BSF66F,,cal_static,4,H,ok,ok,3228,3228,0,0,100,100
138.327488,1777159081.695148,3786,,BSF66F,,cal_static,4,A,ok,ok,3742,3742,0,0,75,75
138.327538,1777159081.695198,3786,,BSF66F,,cal_static,4,B,ok,ok,2677,2677,0,0,100,100
138.329065,1777159081.696725,3786,,BSF66F,,cal_static,4,C,ok,ok,2418,2418,0,0,100,100
138.346501,1777159081.714161,3786,,BSF66F,,cal_static,4,D,ok,ok,3141,3141,0,0,96,96
138.532025,1777159081.899685,3787,,BSF66F,,cal_static,4,E,ok,ok,3234,3234,0,0,100,100
138.532075,1777159081.899735,3787,,BSF66F,,cal_static,4,F,ok,ok,2440,2440,0,0,100,100
138.556544,1777159081.924204,3787,,BSF66F,,cal_static,4,G,ok,ok,2501,2501,0,0,100,100
138.558662,1777159081.926322,3787,,BSF66F,,cal_static,4,H,ok,ok,3232,3232,0,0,100,100
138.762094,1777159082.129754,3788,,BSF66F,,cal_static,4,A,ok,ok,3661,3661,0,0,76,76
138.762136,1777159082.129796,3788,,BSF66F,,cal_static,4,B,ok,ok,2718,2718,0,0,100,100
138.763912,1777159082.131572,3788,,BSF66F,,cal_static,4,C,ok,ok,2438,2438,0,0,100,100
138.781794,1777159082.149454,3788,,BSF66F,,cal_static,4,D,ok,ok,3139,3139,0,0,96,96
138.941918,1777159082.309578,3789,,BSF66F,,cal_static,4,E,ok,ok,3281,3281,0,0,100,100
138.941965,1777159082.309625,3789,,BSF66F,,cal_static,4,F,ok,ok,2436,2436,0,0,100,100
138.944065,1777159082.311725,3789,,BSF66F,,cal_static,4,G,ok,ok,2500,2500,0,0,100,100
138.96154,1777159082.3292,3789,,BSF66F,,cal_static,4,H,ok,ok,3192,3192,0,0,100,100
139.17672,1777159082.54438,3790,,BSF66F,,cal_static,4,A,ok,ok,3529,3529,0,0,77,77
139.17675,1777159082.54441,3790,,BSF66F,,cal_static,4,B,ok,ok,2661,2661,0,0,100,100
139.19402,1777159082.56168,3790,,BSF66F,,cal_static,4,C,ok,ok,2448,2448,0,0,100,100
139.196553,1777159082.564213,3790,,BSF66F,,cal_static,4,D,ok,ok,3137,3137,0,0,96,96
139.354785,1777159082.722445,3791,,BSF66F,,cal_static,4,E,ok,ok,3277,3277,0,0,100,100
139.355098,1777159082.722758,3791,,BSF66F,,cal_static,4,F,ok,ok,2425,2425,0,0,100,100
139.356794,1777159082.724454,3791,,BSF66F,,cal_static,4,G,ok,ok,2486,2486,0,0,100,100
139.373749,1777159082.741409,3791,,BSF66F,,cal_static,4,H,ok,ok,3180,3180,0,0,100,100
139.583992,1777159082.951652,3792,,BSF66F,,cal_static,4,A,ok,ok,3476,3476,0,0,78,78
139.585502,1777159082.953162,3792,,BSF66F,,cal_static,4,B,ok,ok,2652,2652,0,0,100,100
139.588013,1777159082.955673,3792,,BSF66F,,cal_static,4,C,ok,ok,2439,2439,0,0,100,100
139.588062,1777159082.955722,3792,,BSF66F,,cal_static,4,D,ok,ok,3160,3160,0,0,96,96
139.73861,1777159083.10627,3793,,BSF66F,,cal_static,4,E,ok,ok,3262,3262,0,0,100,100
139.739956,1777159083.107616,3793,,BSF66F,,cal_static,4,F,ok,ok,2471,2471,0,0,100,100
139.764146,1777159083.131806,3793,,BSF66F,,cal_static,4,G,ok,ok,2496,2496,0,0,100,100
139.766317,1777159083.133977,3793,,BSF66F,,cal_static,4,H,ok,ok,3152,3152,0,0,100,100
139.969978,1777159083.337638,3794,,BSF66F,,cal_static,4,A,ok,ok,3410,3410,0,0,82,82
139.97004,1777159083.3377,3794,,BSF66F,,cal_static,4,B,ok,ok,2680,2680,0,0,100,100
139.971838,1777159083.339498,3794,,BSF66F,,cal_static,4,C,ok,ok,2425,2425,0,0,100,100
139.997253,1777159083.364913,3794,,BSF66F,,cal_static,4,D,ok,ok,3132,3132,0,0,100,100
140.126273,1777159083.493933,3795,,BSF66F,,cal_static,4,E,ok,ok,3251,3251,0,0,100,100
140.127672,1777159083.495332,3795,,BSF66F,,cal_static,4,F,ok,ok,2441,2441,0,0,100,100
140.129059,1777159083.496719,3795,,BSF66F,,cal_static,4,G,ok,ok,2461,2461,0,0,100,100
140.146637,1777159083.514297,3795,,BSF66F,,cal_static,4,H,ok,ok,3191,3191,0,0,100,100
140.33142,1777159083.69908,3796,,BSF66F,,cal_static,4,A,ok,ok,3755,3755,0,0,83,83
140.333062,1777159083.700722,3796,,BSF66F,,cal_static,4,B,ok,ok,2712,2712,0,0,100,100
140.356753,1777159083.724413,3796,,BSF66F,,cal_static,4,C,ok,ok,2396,2396,0,0,100,100
140.359028,1777159083.726688,3796,,BSF66F,,cal_static,4,D,ok,ok,3150,3150,0,0,100,100
140.562327,1777159083.929987,3797,,BSF66F,,cal_static,4,E,ok,ok,3218,3218,0,0,100,100
140.562369,1777159083.930029,3797,,BSF66F,,cal_static,4,F,ok,ok,2445,2445,0,0,100,100
140.564051,1777159083.931711,3797,,BSF66F,,cal_static,4,G,ok,ok,2458,2458,0,0,100,100
140.581816,1777159083.949476,3797,,BSF66F,,cal_static,4,H,ok,ok,3153,3153,0,0,100,100
140.79408,1777159084.16174,3798,,BSF66F,,cal_static,4,A,ok,ok,3605,3605,0,0,84,84
140.796504,1777159084.164164,3798,,BSF66F,,cal_static,4,B,ok,ok,2702,2702,0,0,100,100
140.796571,1777159084.164231,3798,,BSF66F,,cal_static,4,C,ok,ok,2425,2425,0,0,100,100
140.813739,1777159084.181399,3798,,BSF66F,,cal_static,4,D,ok,ok,3118,3118,0,0,100,100
140.976691,1777159084.344351,3799,,BSF66F,,cal_static,4,E,ok,ok,3280,3280,0,0,100,100
140.976774,1777159084.344434,3799,,BSF66F,,cal_static,4,F,ok,ok,2517,2517,0,0,100,100
140.994048,1777159084.361708,3799,,BSF66F,,cal_static,4,G,ok,ok,2513,2513,0,0,100,100
140.996074,1777159084.363734,3799,,BSF66F,,cal_static,4,H,ok,ok,3217,3217,0,0,100,100
141.174462,1777159084.542122,3800,,BSF66F,,cal_static,4,A,ok,ok,3280,3280,0,0,85,85
141.176912,1777159084.544572,3800,,BSF66F,,cal_static,4,B,ok,ok,2699,2699,0,0,100,100
141.176964,1777159084.544624,3800,,BSF66F,,cal_static,4,C,ok,ok,2421,2421,0,0,100,100
141.179103,1777159084.546763,3800,,BSF66F,,cal_static,4,D,ok,ok,3149,3149,0,0,100,100
141.33372,1777159084.70138,3801,,BSF66F,,cal_static,4,E,ok,ok,3250,3250,0,0,100,100
141.33518,1777159084.70284,3801,,BSF66F,,cal_static,4,F,ok,ok,2440,2440,0,0,100,100
141.336586,1777159084.704246,3801,,BSF66F,,cal_static,4,G,ok,ok,2467,2467,0,0,100,100
141.354089,1777159084.721749,3801,,BSF66F,,cal_static,4,H,ok,ok,3211,3211,0,0,100,100
141.516851,1777159084.884511,3802,,BSF66F,,cal_static,4,A,ok,ok,3701,3701,0,0,85,85
141.516884,1777159084.884544,3802,,BSF66F,,cal_static,4,B,ok,ok,2660,2660,0,0,100,100
141.534173,1777159084.901833,3802,,BSF66F,,cal_static,4,C,timeout,rx_timeout,0,2421,0,0,95,95
141.536583,1777159084.904243,3802,,BSF66F,,cal_static,4,D,ok,ok,3206,3206,0,0,100,100
141.717291,1777159085.084951,3803,,BSF66F,,cal_static,4,E,ok,ok,3237,3237,0,0,100,100
141.717325,1777159085.084985,3803,,BSF66F,,cal_static,4,F,timeout,rx_timeout,0,2440,0,0,95,95
141.71903,1777159085.08669,3803,,BSF66F,,cal_static,4,G,ok,ok,2458,2458,0,0,100,100
141.744187,1777159085.111847,3803,,BSF66F,,cal_static,4,H,ok,ok,3219,3219,0,0,100,100
141.926697,1777159085.294357,3804,,BSF66F,,cal_static,4,A,reject,raw_outlier,3228,3701,0,0,81,81
141.928433,1777159085.296093,3804,,BSF66F,,cal_static,4,B,ok,ok,2710,2710,0,0,100,100
141.928909,1777159085.296569,3804,,BSF66F,,cal_static,4,C,ok,ok,2385,2385,0,0,95,95
141.946667,1777159085.314327,3804,,BSF66F,,cal_static,4,D,ok,ok,3182,3182,0,0,100,100
142.131128,1777159085.498788,3805,,BSF66F,,cal_static,4,E,ok,ok,3228,3228,0,0,100,100
142.132519,1777159085.500179,3805,,BSF66F,,cal_static,4,F,ok,ok,2483,2483,0,0,95,95
142.15658,1777159085.52424,3805,,BSF66F,,cal_static,4,G,ok,ok,2483,2483,0,0,100,100
142.158694,1777159085.526354,3805,,BSF66F,,cal_static,4,H,ok,ok,3180,3180,0,0,100,100
142.385454,1777159085.753114,3806,,BSF66F,,cal_static,4,A,ok,ok,3436,3436,0,0,82,82
142.385873,1777159085.753533,3806,,BSF66F,,cal_static,4,B,ok,ok,2703,2703,0,0,100,100
142.386844,1777159085.754504,3806,,BSF66F,,cal_static,4,C,ok,ok,2427,2427,0,0,95,95
142.411397,1777159085.779057,3806,,BSF66F,,cal_static,4,D,ok,ok,3154,3154,0,0,100,100
142.541346,1777159085.909006,3807,,BSF66F,,cal_static,4,E,ok,ok,3235,3235,0,0,100,100
142.542845,1777159085.910505,3807,,BSF66F,,cal_static,4,F,ok,ok,2461,2461,0,0,95,95
142.544072,1777159085.911732,3807,,BSF66F,,cal_static,4,G,ok,ok,2506,2506,0,0,100,100
142.56212,1777159085.92978,3807,,BSF66F,,cal_static,4,H,ok,ok,3241,3241,0,0,100,100
142.724999,1777159086.092659,3808,,BSF66F,,cal_static,4,A,ok,ok,3682,3682,0,0,83,83
142.725066,1777159086.092726,3808,,BSF66F,,cal_static,4,B,ok,ok,2666,2666,0,0,100,100
142.741592,1777159086.109252,3808,,BSF66F,,cal_static,4,C,ok,ok,2433,2433,0,0,95,95
142.743703,1777159086.111363,3808,,BSF66F,,cal_static,4,D,ok,ok,3117,3117,0,0,100,100
142.925072,1777159086.292732,3809,,BSF66F,,cal_static,4,E,ok,ok,3233,3233,0,0,100,100
142.925136,1777159086.292796,3809,,BSF66F,,cal_static,4,F,ok,ok,2461,2461,0,0,96,96
142.92697,1777159086.29463,3809,,BSF66F,,cal_static,4,G,ok,ok,2479,2479,0,0,100,100
142.951801,1777159086.319461,3809,,BSF66F,,cal_static,4,H,ok,ok,3213,3213,0,0,100,100
143.186292,1777159086.553952,3810,,BSF66F,,cal_static,4,A,ok,ok,3551,3551,0,0,84,84
143.187978,1777159086.555638,3810,,BSF66F,,cal_static,4,B,ok,ok,2718,2718,0,0,100,100
143.189239,1777159086.556899,3810,,BSF66F,,cal_static,4,C,ok,ok,2420,2420,0,0,96,96
143.236386,1777159086.604046,3810,,BSF66F,,cal_static,4,D,ok,ok,3146,3146,0,0,100,100
143.338475,1777159086.706135,3811,,BSF66F,,cal_static,4,E,ok,ok,3271,3271,0,0,100,100
143.339975,1777159086.707635,3811,,BSF66F,,cal_static,4,F,ok,ok,2429,2429,0,0,96,96
143.364145,1777159086.731805,3811,,BSF66F,,cal_static,4,G,ok,ok,2491,2491,0,0,100,100
143.36648,1777159086.73414,3811,,BSF66F,,cal_static,4,H,ok,ok,3170,3170,0,0,100,100
143.570021,1777159086.937681,3812,,BSF66F,,cal_static,4,A,ok,ok,3510,3510,0,0,84,84
143.570084,1777159086.937744,3812,,BSF66F,,cal_static,4,B,ok,ok,2686,2686,0,0,100,100
143.571977,1777159086.939637,3812,,BSF66F,,cal_static,4,C,ok,ok,2429,2429,0,0,96,96
143.596605,1777159086.964265,3812,,BSF66F,,cal_static,4,D,ok,ok,3113,3113,0,0,100,100
143.727517,1777159087.095177,3813,,BSF66F,,cal_static,4,E,ok,ok,3252,3252,0,0,100,100
143.727746,1777159087.095406,3813,,BSF66F,,cal_static,4,F,ok,ok,2496,2496,0,0,96,96
143.729148,1777159087.096808,3813,,BSF66F,,cal_static,4,G,ok,ok,2473,2473,0,0,100,100
143.799445,1777159087.167105,3813,,BSF66F,,cal_static,4,H,ok,ok,3139,3139,0,0,100,100
143.984589,1777159087.352249,3814,,BSF66F,,cal_static,4,A,ok,ok,3168,3168,0,0,85,85
143.984662,1777159087.352322,3814,,BSF66F,,cal_static,4,B,ok,ok,2673,2673,0,0,100,100
144.001794,1777159087.369454,3814,,BSF66F,,cal_static,4,C,ok,ok,2404,2404,0,0,96,96
144.004491,1777159087.372151,3814,,BSF66F,,cal_static,4,D,ok,ok,3172,3172,0,0,100,100
144.162452,1777159087.530112,3815,,BSF66F,,cal_static,4,E,ok,ok,3271,3271,0,0,100,100
144.162497,1777159087.530157,3815,,BSF66F,,cal_static,4,F,ok,ok,2481,2481,0,0,96,96
144.164047,1777159087.531707,3815,,BSF66F,,cal_static,4,G,ok,ok,2491,2491,0,0,100,100
144.181518,1777159087.549178,3815,,BSF66F,,cal_static,4,H,ok,ok,3195,3195,0,0,100,100
144.391782,1777159087.759442,3816,,BSF66F,,cal_static,4,A,ok,ok,3548,3548,0,0,85,85
144.394226,1777159087.761886,3816,,BSF66F,,cal_static,4,B,ok,ok,2665,2665,0,0,100,100
144.394797,1777159087.762457,3816,,BSF66F,,cal_static,4,C,ok,ok,2425,2425,0,0,96,96
144.396492,1777159087.764152,3816,,BSF66F,,cal_static,4,D,ok,ok,3143,3143,0,0,100,100
144.546248,1777159087.913908,3817,,BSF66F,,cal_static,4,E,ok,ok,3201,3201,0,0,100,100
144.547643,1777159087.915303,3817,,BSF66F,,cal_static,4,F,ok,ok,2441,2441,0,0,96,96
144.571883,1777159087.939543,3817,,BSF66F,,cal_static,4,G,ok,ok,2498,2498,0,0,100,100
144.574388,1777159087.942048,3817,,BSF66F,,cal_static,4,H,ok,ok,3157,3157,0,0,100,100
144.777557,1777159088.145217,3818,,BSF66F,,cal_static,4,A,ok,ok,3505,3505,0,0,86,86
144.777598,1777159088.145258,3818,,BSF66F,,cal_static,4,B,ok,ok,2681,2681,0,0,100,100
144.779091,1777159088.146751,3818,,BSF66F,,cal_static,4,C,ok,ok,2405,2405,0,0,96,96
144.80405,1777159088.17171,3818,,BSF66F,,cal_static,4,D,ok,ok,3141,3141,0,0,100,100
144.933844,1777159088.301504,3819,,BSF66F,,cal_static,4,E,ok,ok,3284,3284,0,0,100,100
144.935224,1777159088.302884,3819,,BSF66F,,cal_static,4,F,ok,ok,2487,2487,0,0,96,96
144.936737,1777159088.304397,3819,,BSF66F,,cal_static,4,G,ok,ok,2487,2487,0,0,100,100
144.954336,1777159088.321996,3819,,BSF66F,,cal_static,4,H,ok,ok,3194,3194,0,0,100,100
145.188421,1777159088.556081,3820,,BSF66F,,cal_static,4,A,ok,ok,3247,3247,0,0,86,86
145.189851,1777159088.557511,3820,,BSF66F,,cal_static,4,B,ok,ok,2658,2658,0,0,100,100
145.191434,1777159088.559094,3820,,BSF66F,,cal_static,4,C,ok,ok,2401,2401,0,0,96,96
145.239,1777159088.60666,3820,,BSF66F,,cal_static,4,D,ok,ok,3157,3157,0,0,100,100
145.347467,1777159088.715127,3821,,BSF66F,,cal_static,4,E,ok,ok,3254,3254,0,0,100,100
145.347505,1777159088.715165,3821,,BSF66F,,cal_static,4,F,ok,ok,2421,2421,0,0,96,96
145.349098,1777159088.716758,3821,,BSF66F,,cal_static,4,G,ok,ok,2476,2476,0,0,100,100
145.367932,1777159088.735592,3821,,BSF66F,,cal_static,4,H,ok,ok,3170,3170,0,0,100,100
145.601647,1777159088.969307,3822,,BSF66F,,cal_static,4,A,ok,ok,3447,3447,0,0,87,87
145.602881,1777159088.970541,3822,,BSF66F,,cal_static,4,B,ok,ok,2679,2679,0,0,100,100
145.604554,1777159088.972214,3822,,BSF66F,,cal_static,4,C,ok,ok,2390,2390,0,0,96,96
145.621451,1777159088.989111,3822,,BSF66F,,cal_static,4,D,ok,ok,3171,3171,0,0,100,100
145.731197,1777159089.098857,3823,,BSF66F,,cal_static,4,E,ok,ok,3257,3257,0,0,100,100
145.732632,1777159089.100292,3823,,BSF66F,,cal_static,4,F,ok,ok,2469,2469,0,0,96,96
145.756822,1777159089.124482,3823,,BSF66F,,cal_static,4,G,ok,ok,2475,2475,0,0,100,100
145.759174,1777159089.126834,3823,,BSF66F,,cal_static,4,H,ok,ok,3192,3192,0,0,100,100
145.98451,1777159089.35217,3824,,BSF66F,,cal_static,4,A,ok,ok,3449,3449,0,0,87,87
145.984582,1777159089.352242,3824,,BSF66F,,cal_static,4,B,ok,ok,2697,2697,0,0,100,100
145.986263,1777159089.353923,3824,,BSF66F,,cal_static,4,C,ok,ok,2407,2407,0,0,96,96
146.010645,1777159089.378305,3824,,BSF66F,,cal_static,4,D,ok,ok,3169,3169,0,0,100,100
146.141412,1777159089.509072,3825,,BSF66F,,cal_static,4,E,ok,ok,3243,3243,0,0,100,100
146.142843,1777159089.510503,3825,,BSF66F,,cal_static,4,F,ok,ok,2465,2465,0,0,100,100
146.14423,1777159089.51189,3825,,BSF66F,,cal_static,4,G,ok,ok,2494,2494,0,0,100,100
146.161966,1777159089.529626,3825,,BSF66F,,cal_static,4,H,ok,ok,3184,3184,0,0,100,100
146.324356,1777159089.692016,3826,,BSF66F,,cal_static,4,A,ok,ok,3246,3246,0,0,88,88
146.324403,1777159089.692063,3826,,BSF66F,,cal_static,4,B,ok,ok,2679,2679,0,0,100,100
146.341701,1777159089.709361,3826,,BSF66F,,cal_static,4,C,ok,ok,2355,2355,0,0,100,100
146.344143,1777159089.711803,3826,,BSF66F,,cal_static,4,D,timeout,rx_timeout,0,3169,0,0,94,94
146.524997,1777159089.892657,3827,,BSF66F,,cal_static,4,E,ok,ok,3257,3257,0,0,100,100
146.525062,1777159089.892722,3827,,BSF66F,,cal_static,4,F,ok,ok,2459,2459,0,0,100,100
146.526738,1777159089.894398,3827,,BSF66F,,cal_static,4,G,ok,ok,2497,2497,0,0,100,100
146.55205,1777159089.91971,3827,,BSF66F,,cal_static,4,H,ok,ok,3220,3220,0,0,100,100
146.733943,1777159090.101603,3828,,BSF66F,,cal_static,4,A,reject,raw_outlier,3708,3246,0,0,83,83
146.736051,1777159090.103711,3828,,BSF66F,,cal_static,4,B,ok,ok,2680,2680,0,0,100,100
146.736599,1777159090.104259,3828,,BSF66F,,cal_static,4,C,ok,ok,2420,2420,0,0,100,100
146.754678,1777159090.122338,3828,,BSF66F,,cal_static,4,D,ok,ok,3157,3157,0,0,94,94
146.939447,1777159090.307107,3829,,BSF66F,,cal_static,4,E,ok,ok,3234,3234,0,0,100,100
146.939497,1777159090.307157,3829,,BSF66F,,cal_static,4,F,ok,ok,2480,2480,0,0,100,100
146.96437,1777159090.33203,3829,,BSF66F,,cal_static,4,G,ok,ok,2445,2445,0,0,100,100
146.966702,1777159090.334362,3829,,BSF66F,,cal_static,4,H,ok,ok,3190,3190,0,0,100,100
147.117024,1777159090.484684,3830,,BSF66F,,cal_static,4,A,reject,raw_outlier,3816,3246,0,0,78,78
147.11878,1777159090.48644,3830,,BSF66F,,cal_static,4,B,ok,ok,2660,2660,0,0,100,100
147.119201,1777159090.486861,3830,,BSF66F,,cal_static,4,C,ok,ok,2392,2392,0,0,100,100
147.144258,1777159090.511918,3830,,BSF66F,,cal_static,4,D,ok,ok,3194,3194,0,0,94,94
147.326458,1777159090.694118,3831,,BSF66F,,cal_static,4,E,ok,ok,3280,3280,0,0,100,100
147.327886,1777159090.695546,3831,,BSF66F,,cal_static,4,F,ok,ok,2507,2507,0,0,100,100
147.329397,1777159090.697057,3831,,BSF66F,,cal_static,4,G,ok,ok,2480,2480,0,0,100,100
147.346867,1777159090.714527,3831,,BSF66F,,cal_static,4,H,ok,ok,3181,3181,0,0,100,100
147.58266,1777159090.95032,3832,,BSF66F,,cal_static,4,A,ok,ok,3394,3394,0,0,80,80
147.582765,1777159090.950425,3832,,BSF66F,,cal_static,4,B,ok,ok,2676,2676,0,0,100,100
147.584579,1777159090.952239,3832,,BSF66F,,cal_static,4,C,ok,ok,2438,2438,0,0,100,100
147.601316,1777159090.968976,3832,,BSF66F,,cal_static,4,D,ok,ok,3129,3129,0,0,95,95
147.762433,1777159091.130093,3833,,BSF66F,,cal_static,4,E,ok,ok,3274,3274,0,0,100,100
147.762836,1777159091.130496,3833,,BSF66F,,cal_static,4,F,ok,ok,2474,2474,0,0,100,100
147.764419,1777159091.132079,3833,,BSF66F,,cal_static,4,G,ok,ok,2461,2461,0,0,100,100
147.782146,1777159091.149806,3833,,BSF66F,,cal_static,4,H,ok,ok,3233,3233,0,0,100,100
147.994058,1777159091.361718,3834,,BSF66F,,cal_static,4,A,ok,ok,3451,3451,0,0,80,80
147.996597,1777159091.364257,3834,,BSF66F,,cal_static,4,B,ok,ok,2662,2662,0,0,100,100
147.996692,1777159091.364352,3834,,BSF66F,,cal_static,4,C,ok,ok,2426,2426,0,0,100,100
148.013969,1777159091.381629,3834,,BSF66F,,cal_static,4,D,ok,ok,3176,3176,0,0,95,95
148.14657,1777159091.51423,3835,,BSF66F,,cal_static,4,E,ok,ok,3230,3230,0,0,100,100
148.148103,1777159091.515763,3835,,BSF66F,,cal_static,4,F,ok,ok,2505,2505,0,0,100,100
148.171979,1777159091.539639,3835,,BSF66F,,cal_static,4,G,ok,ok,2503,2503,0,0,100,100
148.1746,1777159091.54226,3835,,BSF66F,,cal_static,4,H,ok,ok,3225,3225,0,0,100,100
148.324975,1777159091.692635,3836,,BSF66F,,cal_static,4,A,ok,ok,3762,3762,0,0,81,81
148.325025,1777159091.692685,3836,,BSF66F,,cal_static,4,B,ok,ok,2683,2683,0,0,100,100
148.326702,1777159091.694362,3836,,BSF66F,,cal_static,4,C,ok,ok,2405,2405,0,0,100,100
148.351863,1777159091.719523,3836,,BSF66F,,cal_static,4,D,ok,ok,3113,3113,0,0,95,95
148.533994,1777159091.901654,3837,,BSF66F,,cal_static,4,E,ok,ok,3199,3199,0,0,100,100
148.535371,1777159091.903031,3837,,BSF66F,,cal_static,4,F,ok,ok,2472,2472,0,0,100,100
148.536716,1777159091.904376,3837,,BSF66F,,cal_static,4,G,ok,ok,2510,2510,0,0,100,100
148.554798,1777159091.922458,3837,,BSF66F,,cal_static,4,H,ok,ok,3180,3180,0,0,100,100
148.739939,1777159092.107599,3838,,BSF66F,,cal_static,4,A,ok,ok,3607,3607,0,0,82,82
148.739975,1777159092.107635,3838,,BSF66F,,cal_static,4,B,ok,ok,2673,2673,0,0,100,100
148.764665,1777159092.132325,3838,,BSF66F,,cal_static,4,C,ok,ok,2445,2445,0,0,100,100
148.766914,1777159092.134574,3838,,BSF66F,,cal_static,4,D,ok,ok,3127,3127,0,0,95,95
148.947892,1777159092.315552,3839,,BSF66F,,cal_static,4,E,ok,ok,3235,3235,0,0,100,100
148.947961,1777159092.315621,3839,,BSF66F,,cal_static,4,F,ok,ok,2521,2521,0,0,100,100
148.949554,1777159092.317214,3839,,BSF66F,,cal_static,4,G,ok,ok,2487,2487,0,0,100,100
148.967455,1777159092.335115,3839,,BSF66F,,cal_static,4,H,ok,ok,3155,3155,0,0,100,100
149.201776,1777159092.569436,3840,,BSF66F,,cal_static,4,A,ok,ok,3711,3711,0,0,83,83
149.202947,1777159092.570607,3840,,BSF66F,,cal_static,4,B,ok,ok,2684,2684,0,0,100,100
149.204459,1777159092.572119,3840,,BSF66F,,cal_static,4,C,ok,ok,2415,2415,0,0,100,100
149.22201,1777159092.58967,3840,,BSF66F,,cal_static,4,D,ok,ok,3156,3156,0,0,95,95
149.360572,1777159092.728232,3841,,BSF66F,,cal_static,4,E,ok,ok,3200,3200,0,0,100,100
149.360641,1777159092.728301,3841,,BSF66F,,cal_static,4,F,ok,ok,2456,2456,0,0,100,100
149.362261,1777159092.729921,3841,,BSF66F,,cal_static,4,G,ok,ok,2478,2478,0,0,100,100
149.380004,1777159092.747664,3841,,BSF66F,,cal_static,4,H,ok,ok,3199,3199,0,0,100,100
149.58536,1777159092.95302,3842,,BSF66F,,cal_static,4,A,ok,ok,3562,3562,0,0,84,84
149.585447,1777159092.953107,3842,,BSF66F,,cal_static,4,B,ok,ok,2732,2732,0,0,100,100
149.586946,1777159092.954606,3842,,BSF66F,,cal_static,4,C,ok,ok,2413,2413,0,0,100,100
149.611981,1777159092.979641,3842,,BSF66F,,cal_static,4,D,ok,ok,3121,3121,0,0,96,96
149.741661,1777159093.109321,3843,,BSF66F,,cal_static,4,E,ok,ok,3274,3274,0,0,100,100
149.74285,1777159093.11051,3843,,BSF66F,,cal_static,4,F,ok,ok,2419,2419,0,0,100,100
149.744354,1777159093.112014,3843,,BSF66F,,cal_static,4,G,ok,ok,2468,2468,0,0,100,100
149.762428,1777159093.130088,3843,,BSF66F,,cal_static,4,H,ok,ok,3176,3176,0,0,100,100
149.977499,1777159093.345159,3844,,BSF66F,,cal_static,4,A,ok,ok,3118,3118,0,0,84,84
149.977567,1777159093.345227,3844,,BSF66F,,cal_static,4,B,ok,ok,2710,2710,0,0,100,100
149.99473,1777159093.36239,3844,,BSF66F,,cal_static,4,C,ok,ok,2408,2408,0,0,100,100
149.997004,1777159093.364664,3844,,BSF66F,,cal_static,4,D,ok,ok,3129,3129,0,0,96,96
150.125183,1777159093.492843,3845,,BSF66F,,cal_static,4,E,ok,ok,3205,3205,0,0,100,100
150.125242,1777159093.492902,3845,,BSF66F,,cal_static,4,F,ok,ok,2460,2460,0,0,100,100
150.12725,1777159093.49491,3845,,BSF66F,,cal_static,4,G,ok,ok,2497,2497,0,0,100,100
150.152043,1777159093.519703,3845,,BSF66F,,cal_static,4,H,ok,ok,3216,3216,0,0,100,100
150.38717,1777159093.75483,3846,,BSF66F,,cal_static,4,A,ok,ok,3508,3508,0,0,85,85
150.387994,1777159093.755654,3846,,BSF66F,,cal_static,4,B,ok,ok,2696,2696,0,0,100,100
150.389412,1777159093.757072,3846,,BSF66F,,cal_static,4,C,ok,ok,2457,2457,0,0,100,100
150.406428,1777159093.774088,3846,,BSF66F,,cal_static,4,D,ok,ok,3160,3160,0,0,96,96
150.539815,1777159093.907475,3847,,BSF66F,,cal_static,4,E,ok,ok,3227,3227,0,0,100,100
150.53986,1777159093.90752,3847,,BSF66F,,cal_static,4,F,ok,ok,2447,2447,0,0,100,100
150.56445,1777159093.93211,3847,,BSF66F,,cal_static,4,G,ok,ok,2477,2477,0,0,100,100
150.566988,1777159093.934648,3847,,BSF66F,,cal_static,4,H,ok,ok,3162,3162,0,0,100,100
150.797063,1777159094.164723,3848,,BSF66F,,cal_static,4,A,ok,ok,3611,3611,0,0,85,85
150.799753,1777159094.167413,3848,,BSF66F,,cal_static,4,B,ok,ok,2688,2688,0,0,100,100
150.799802,1777159094.167462,3848,,BSF66F,,cal_static,4,C,ok,ok,2415,2415,0,0,100,100
150.801203,1777159094.168863,3848,,BSF66F,,cal_static,4,D,ok,ok,3181,3181,0,0,96,96
150.927863,1777159094.295523,3849,,BSF66F,,cal_static,4,E,ok,ok,3312,3312,0,0,100,100
150.927978,1777159094.295638,3849,,BSF66F,,cal_static,4,F,ok,ok,2427,2427,0,0,100,100
150.929427,1777159094.297087,3849,,BSF66F,,cal_static,4,G,ok,ok,2466,2466,0,0,100,100
150.947059,1777159094.314719,3849,,BSF66F,,cal_static,4,H,ok,ok,3214,3214,0,0,100,100
151.13151,1777159094.49917,3850,,BSF66F,,cal_static,4,A,ok,ok,3785,3785,0,0,86,86
151.132917,1777159094.500577,3850,,BSF66F,,cal_static,4,B,ok,ok,2673,2673,0,0,100,100
151.156854,1777159094.524514,3850,,BSF66F,,cal_static,4,C,ok,ok,2432,2432,0,0,100,100
151.159252,1777159094.526912,3850,,BSF66F,,cal_static,4,D,ok,ok,3163,3163,0,0,96,96
151.362764,1777159094.730424,3851,,BSF66F,,cal_static,4,E,ok,ok,3238,3238,0,0,100,100
151.362822,1777159094.730482,3851,,BSF66F,,cal_static,4,F,ok,ok,2508,2508,0,0,100,100
151.364387,1777159094.732047,3851,,BSF66F,,cal_static,4,G,ok,ok,2477,2477,0,0,100,100
151.38253,1777159094.75019,3851,,BSF66F,,cal_static,4,H,ok,ok,3241,3241,0,0,100,100
151.519098,1777159094.886758,3852,,BSF66F,,cal_static,4,A,ok,ok,3708,3708,0,0,86,86
151.520556,1777159094.888216,3852,,BSF66F,,cal_static,4,B,ok,ok,2658,2658,0,0,100,100
151.521909,1777159094.889569,3852,,BSF66F,,cal_static,4,C,timeout,rx_timeout,0,2432,0,0,96,96
151.561874,1777159094.929534,3852,,BSF66F,,cal_static,4,D,ok,ok,3100,3100,0,0,96,96
151.724844,1777159095.092504,3853,,BSF66F,,cal_static,4,E,ok,ok,3243,3243,0,0,100,100
151.724892,1777159095.092552,3853,,BSF66F,,cal_static,4,F,timeout,rx_timeout,0,2508,0,0,96,96
151.741961,1777159095.109621,3853,,BSF66F,,cal_static,4,G,ok,ok,2451,2451,0,0,100,100
151.744354,1777159095.112014,3853,,BSF66F,,cal_static,4,H,ok,ok,3221,3221,0,0,100,100
151.924648,1777159095.292308,3854,,BSF66F,,cal_static,4,A,reject,raw_outlier,3155,3708,0,0,83,83
151.926946,1777159095.294606,3854,,BSF66F,,cal_static,4,B,ok,ok,2671,2671,0,0,100,100
151.927025,1777159095.294685,3854,,BSF66F,,cal_static,4,C,ok,ok,2418,2418,0,0,96,96
151.952204,1777159095.319864,3854,,BSF66F,,cal_static,4,D,ok,ok,3156,3156,0,0,96,96
152.134837,1777159095.502497,3855,,BSF66F,,cal_static,4,E,ok,ok,3242,3242,0,0,100,100
152.134885,1777159095.502545,3855,,BSF66F,,cal_static,4,F,ok,ok,2494,2494,0,0,96,96
152.137077,1777159095.504737,3855,,BSF66F,,cal_static,4,G,ok,ok,2481,2481,0,0,100,100
152.154607,1777159095.522267,3855,,BSF66F,,cal_static,4,H,ok,ok,3163,3163,0,0,100,100
152.316848,1777159095.684508,3856,,BSF66F,,cal_static,4,A,reject,raw_outlier,3230,3708,0,0,81,81
152.31806,1777159095.68572,3856,,BSF66F,,cal_static,4,B,ok,ok,2688,2688,0,0,100,100
152.334376,1777159095.702036,3856,,BSF66F,,cal_static,4,C,ok,ok,2452,2452,0,0,96,96
152.336707,1777159095.704367,3856,,BSF66F,,cal_static,4,D,ok,ok,3127,3127,0,0,96,96
152.547597,1777159095.915257,3857,,BSF66F,,cal_static,4,E,ok,ok,3225,3225,0,0,100,100
152.547666,1777159095.915326,3857,,BSF66F,,cal_static,4,F,ok,ok,2465,2465,0,0,100,100
152.549389,1777159095.917049,3857,,BSF66F,,cal_static,4,G,ok,ok,2500,2500,0,0,100,100
152.567092,1777159095.934752,3857,,BSF66F,,cal_static,4,H,ok,ok,3202,3202,0,0,100,100
152.801647,1777159096.169307,3858,,BSF66F,,cal_static,4,A,ok,ok,3594,3594,0,0,82,82
152.803933,1777159096.171593,3858,,BSF66F,,cal_static,4,B,ok,ok,2713,2713,0,0,100,100
152.804585,1777159096.172245,3858,,BSF66F,,cal_static,4,C,ok,ok,2444,2444,0,0,100,100
152.821849,1777159096.189509,3858,,BSF66F,,cal_static,4,D,ok,ok,3148,3148,0,0,100,100
152.932235,1777159096.299895,3859,,BSF66F,,cal_static,4,E,ok,ok,3256,3256,0,0,100,100
152.932301,1777159096.299961,3859,,BSF66F,,cal_static,4,F,ok,ok,2455,2455,0,0,100,100
152.957186,1777159096.324846,3859,,BSF66F,,cal_static,4,G,ok,ok,2488,2488,0,0,100,100
152.959649,1777159096.327309,3859,,BSF66F,,cal_static,4,H,ok,ok,3211,3211,0,0,100,100
153.185221,1777159096.552881,3860,,BSF66F,,cal_static,4,A,ok,ok,3224,3224,0,0,83,83
153.185301,1777159096.552961,3860,,BSF66F,,cal_static,4,B,ok,ok,2692,2692,0,0,100,100
153.187439,1777159096.555099,3860,,BSF66F,,cal_static,4,C,ok,ok,2412,2412,0,0,100,100
153.21254,1777159096.5802,3860,,BSF66F,,cal_static,4,D,ok,ok,3131,3131,0,0,100,100
153.341799,1777159096.709459,3861,,BSF66F,,cal_static,4,E,ok,ok,3261,3261,0,0,100,100
153.343008,1777159096.710668,3861,,BSF66F,,cal_static,4,F,ok,ok,2492,2492,0,0,100,100
153.344601,1777159096.712261,3861,,BSF66F,,cal_static,4,G,ok,ok,2483,2483,0,0,100,100
153.362148,1777159096.729808,3861,,BSF66F,,cal_static,4,H,ok,ok,3167,3167,0,0,100,100
153.577239,1777159096.944899,3862,,BSF66F,,cal_static,4,A,ok,ok,3487,3487,0,0,84,84
153.577301,1777159096.944961,3862,,BSF66F,,cal_static,4,B,ok,ok,2693,2693,0,0,100,100
153.594639,1777159096.962299,3862,,BSF66F,,cal_static,4,C,ok,ok,2397,2397,0,0,100,100
153.597805,1777159096.965465,3862,,BSF66F,,cal_static,4,D,ok,ok,3157,3157,0,0,100,100
153.725252,1777159097.092912,3863,,BSF66F,,cal_static,4,E,ok,ok,3261,3261,0,0,100,100
153.725309,1777159097.092969,3863,,BSF66F,,cal_static,4,F,ok,ok,2466,2466,0,0,100,100
153.727151,1777159097.094811,3863,,BSF66F,,cal_static,4,G,ok,ok,2485,2485,0,0,100,100
153.752147,1777159097.119807,3863,,BSF66F,,cal_static,4,H,ok,ok,3188,3188,0,0,100,100
153.98462,1777159097.35228,3864,,BSF66F,,cal_static,4,A,ok,ok,3225,3225,0,0,85,85
154.007069,1777159097.374729,3864,,BSF66F,,cal_static,4,B,ok,ok,2707,2707,0,0,100,100
154.009878,1777159097.377538,3864,,BSF66F,,cal_static,4,C,ok,ok,2416,2416,0,0,100,100
154.009927,1777159097.377587,3864,,BSF66F,,cal_static,4,D,ok,ok,3151,3151,0,0,100,100
154.139654,1777159097.507314,3865,,BSF66F,,cal_static,4,E,ok,ok,3188,3188,0,0,100,100
154.185903,1777159097.553563,3865,,BSF66F,,cal_static,4,F,ok,ok,2494,2494,0,0,100,100
154.187785,1777159097.555445,3865,,BSF66F,,cal_static,4,G,ok,ok,2461,2461,0,0,100,100
154.189909,1777159097.557569,3865,,BSF66F,,cal_static,4,H,ok,ok,3216,3216,0,0,100,100
154.370424,1777159097.738084,3866,,BSF66F,,cal_static,4,A,ok,ok,3500,3500,0,0,85,85
154.370482,1777159097.738142,3866,,BSF66F,,cal_static,4,B,ok,ok,2684,2684,0,0,100,100
154.372115,1777159097.739775,3866,,BSF66F,,cal_static,4,C,ok,ok,2428,2428,0,0,100,100
154.39698,1777159097.76464,3866,,BSF66F,,cal_static,4,D,ok,ok,3137,3137,0,0,100,100
154.526644,1777159097.894304,3867,,BSF66F,,cal_static,4,E,ok,ok,3188,3188,0,0,100,100
154.52801,1777159097.89567,3867,,BSF66F,,cal_static,4,F,ok,ok,2438,2438,0,0,100,100
154.529398,1777159097.897058,3867,,BSF66F,,cal_static,4,G,ok,ok,2491,2491,0,0,100,100
154.547089,1777159097.914749,3867,,BSF66F,,cal_static,4,H,ok,ok,3203,3203,0,0,100,100
154.731731,1777159098.099391,3868,,BSF66F,,cal_static,4,A,ok,ok,3754,3754,0,0,86,86
154.732965,1777159098.100625,3868,,BSF66F,,cal_static,4,B,ok,ok,2679,2679,0,0,100,100
154.757142,1777159098.124802,3868,,BSF66F,,cal_static,4,C,ok,ok,2444,2444,0,0,100,100
154.75945,1777159098.12711,3868,,BSF66F,,cal_static,4,D,ok,ok,3156,3156,0,0,100,100
154.963017,1777159098.330677,3869,,BSF66F,,cal_static,4,E,ok,ok,3257,3257,0,0,100,100
154.963094,1777159098.330754,3869,,BSF66F,,cal_static,4,F,ok,ok,2496,2496,0,0,100,100
154.964599,1777159098.332259,3869,,BSF66F,,cal_static,4,G,ok,ok,2490,2490,0,0,100,100
154.982187,1777159098.349847,3869,,BSF66F,,cal_static,4,H,ok,ok,3169,3169,0,0,100,100
155.217049,1777159098.584709,3870,,BSF66F,,cal_static,4,A,ok,ok,3407,3407,0,0,86,86
155.21713,1777159098.58479,3870,,BSF66F,,cal_static,4,B,ok,ok,2689,2689,0,0,100,100
155.219137,1777159098.586797,3870,,BSF66F,,cal_static,4,C,ok,ok,2452,2452,0,0,100,100
155.24395,1777159098.61161,3870,,BSF66F,,cal_static,4,D,ok,ok,3110,3110,0,0,100,100
155.324849,1777159098.692509,3871,,BSF66F,,cal_static,4,E,ok,ok,3248,3248,0,0,100,100
155.32488,1777159098.69254,3871,,BSF66F,,cal_static,4,F,ok,ok,2442,2442,0,0,100,100
155.341983,1777159098.709643,3871,,BSF66F,,cal_static,4,G,ok,ok,2475,2475,0,0,100,100
155.372354,1777159098.740014,3871,,BSF66F,,cal_static,4,H,ok,ok,3203,3203,0,0,100,100
155.525096,1777159098.892756,3872,,BSF66F,,cal_static,4,A,ok,ok,3829,3829,0,0,87,87
155.525146,1777159098.892806,3872,,BSF66F,,cal_static,4,B,ok,ok,2718,2718,0,0,100,100
155.526969,1777159098.894629,3872,,BSF66F,,cal_static,4,C,ok,ok,2413,2413,0,0,100,100
155.552181,1777159098.919841,3872,,BSF66F,,cal_static,4,D,ok,ok,3154,3154,0,0,100,100
155.756839,1777159099.124499,3873,,BSF66F,,cal_static,4,E,ok,ok,3278,3278,0,0,100,100
155.759002,1777159099.126662,3873,,BSF66F,,cal_static,4,F,ok,ok,2452,2452,0,0,100,100
155.759458,1777159099.127118,3873,,BSF66F,,cal_static,4,G,ok,ok,2471,2471,0,0,100,100
155.784857,1777159099.152517,3873,,BSF66F,,cal_static,4,H,ok,ok,3221,3221,0,0,100,100
155.939017,1777159099.306677,3874,,BSF66F,,cal_static,4,A,ok,ok,3776,3776,0,0,88,88
155.940722,1777159099.308382,3874,,BSF66F,,cal_static,4,B,ok,ok,2714,2714,0,0,100,100
155.964982,1777159099.332642,3874,,BSF66F,,cal_static,4,C,ok,ok,2440,2440,0,0,100,100
155.967123,1777159099.334783,3874,,BSF66F,,cal_static,4,D,ok,ok,3141,3141,0,0,100,100
156.147944,1777159099.515604,3875,,BSF66F,,cal_static,4,E,ok,ok,3255,3255,0,0,100,100
156.147975,1777159099.515635,3875,,BSF66F,,cal_static,4,F,ok,ok,2434,2434,0,0,100,100
156.149573,1777159099.517233,3875,,BSF66F,,cal_static,4,G,ok,ok,2516,2516,0,0,100,100
156.167308,1777159099.534968,3875,,BSF66F,,cal_static,4,H,ok,ok,3204,3204,0,0,100,100
156.327434,1777159099.695094,3876,,BSF66F,,cal_static,4,A,ok,ok,3609,3609,0,0,88,88
156.327486,1777159099.695146,3876,,BSF66F,,cal_static,4,B,ok,ok,2684,2684,0,0,100,100
156.329778,1777159099.697438,3876,,BSF66F,,cal_static,4,C,ok,ok,2417,2417,0,0,100,100
156.34723,1777159099.71489,3876,,BSF66F,,cal_static,4,D,timeout,rx_timeout,0,3141,0,0,96,96
156.531413,1777159099.899073,3877,,BSF66F,,cal_static,4,E,ok,ok,3245,3245,0,0,100,100
156.532939,1777159099.900599,3877,,BSF66F,,cal_static,4,F,ok,ok,2415,2415,0,0,100,100
156.557071,1777159099.924731,3877,,BSF66F,,cal_static,4,G,ok,ok,2493,2493,0,0,100,100
156.561927,1777159099.929587,3877,,BSF66F,,cal_static,4,H,ok,ok,3192,3192,0,0,100,100
156.785471,1777159100.153131,3878,,BSF66F,,cal_static,4,A,ok,ok,3536,3536,0,0,88,88
156.785515,1777159100.153175,3878,,BSF66F,,cal_static,4,B,ok,ok,2685,2685,0,0,100,100
156.786991,1777159100.154651,3878,,BSF66F,,cal_static,4,C,ok,ok,2380,2380,0,0,100,100
156.811697,1777159100.179357,3878,,BSF66F,,cal_static,4,D,ok,ok,3133,3133,0,0,96,96
156.941778,1777159100.309438,3879,,BSF66F,,cal_static,4,E,ok,ok,3307,3307,0,0,100,100
156.943204,1777159100.310864,3879,,BSF66F,,cal_static,4,F,ok,ok,2460,2460,0,0,100,100
156.944733,1777159100.312393,3879,,BSF66F,,cal_static,4,G,ok,ok,2484,2484,0,0,100,100
156.962679,1777159100.330339,3879,,BSF66F,,cal_static,4,H,ok,ok,3158,3158,0,0,100,100
157.174556,1777159100.542216,3880,,BSF66F,,cal_static,4,A,ok,ok,3389,3389,0,0,89,89
157.176308,1777159100.543968,3880,,BSF66F,,cal_static,4,B,ok,ok,2673,2673,0,0,100,100
157.193731,1777159100.561391,3880,,BSF66F,,cal_static,4,C,ok,ok,2404,2404,0,0,100,100
157.195419,1777159100.563079,3880,,BSF66F,,cal_static,4,D,ok,ok,3152,3152,0,0,96,96
157.325594,1777159100.693254,3881,,BSF66F,,cal_static,4,E,ok,ok,3249,3249,0,0,100,100
157.325664,1777159100.693324,3881,,BSF66F,,cal_static,4,F,ok,ok,2476,2476,0,0,100,100
157.327086,1777159100.694746,3881,,BSF66F,,cal_static,4,G,ok,ok,2464,2464,0,0,100,100
157.353577,1777159100.721237,3881,,BSF66F,,cal_static,4,H,ok,ok,3236,3236,0,0,100,100
157.586826,1777159100.954486,3882,,BSF66F,,cal_static,4,A,ok,ok,3185,3185,0,0,89,89
157.588219,1777159100.955879,3882,,BSF66F,,cal_static,4,B,ok,ok,2659,2659,0,0,100,100
157.589595,1777159100.957255,3882,,BSF66F,,cal_static,4,C,ok,ok,2424,2424,0,0,100,100
157.607224,1777159100.974884,3882,,BSF66F,,cal_static,4,D,ok,ok,3149,3149,0,0,96,96
157.739018,1777159101.106678,3883,,BSF66F,,cal_static,4,E,ok,ok,3273,3273,0,0,100,100
157.740964,1777159101.108624,3883,,BSF66F,,cal_static,4,F,ok,ok,2524,2524,0,0,100,100
157.764933,1777159101.132593,3883,,BSF66F,,cal_static,4,G,ok,ok,2465,2465,0,0,100,100
157.767014,1777159101.134674,3883,,BSF66F,,cal_static,4,H,ok,ok,3226,3226,0,0,100,100
157.917433,1777159101.285093,3884,,BSF66F,,cal_static,4,A,reject,raw_outlier,3733,3185,0,0,86,86
157.919359,1777159101.287019,3884,,BSF66F,,cal_static,4,B,ok,ok,2669,2669,0,0,100,100
157.91948,1777159101.28714,3884,,BSF66F,,cal_static,4,C,ok,ok,2390,2390,0,0,100,100
157.944669,1777159101.312329,3884,,BSF66F,,cal_static,4,D,ok,ok,3198,3198,0,0,96,96
158.12776,1777159101.49542,3885,,BSF66F,,cal_static,4,E,ok,ok,3196,3196,0,0,100,100
158.127826,1777159101.495486,3885,,BSF66F,,cal_static,4,F,ok,ok,2497,2497,0,0,100,100
158.129596,1777159101.497256,3885,,BSF66F,,cal_static,4,G,ok,ok,2483,2483,0,0,100,100
158.14751,1777159101.51517,3885,,BSF66F,,cal_static,4,H,ok,ok,3191,3191,0,0,100,100
158.384946,1777159101.752606,3886,,BSF66F,,cal_static,4,A,ok,ok,3513,3513,0,0,87,87
158.38501,1777159101.75267,3886,,BSF66F,,cal_static,4,B,ok,ok,2670,2670,0,0,100,100
158.402426,1777159101.770086,3886,,BSF66F,,cal_static,4,C,ok,ok,2413,2413,0,0,100,100
158.404882,1777159101.772542,3886,,BSF66F,,cal_static,4,D,ok,ok,3155,3155,0,0,96,96
158.562858,1777159101.930518,3887,,BSF66F,,cal_static,4,E,ok,ok,3218,3218,0,0,100,100
158.56291,1777159101.93057,3887,,BSF66F,,cal_static,4,F,ok,ok,2434,2434,0,0,100,100
158.564559,1777159101.932219,3887,,BSF66F,,cal_static,4,G,ok,ok,2496,2496,0,0,100,100
158.582354,1777159101.950014,3887,,BSF66F,,cal_static,4,H,ok,ok,3139,3139,0,0,100,100
158.742761,1777159102.110421,3888,,BSF66F,,cal_static,4,A,ok,ok,3680,3680,0,0,87,87
158.742787,1777159102.110447,3888,,BSF66F,,cal_static,4,B,ok,ok,2677,2677,0,0,100,100
158.744863,1777159102.112523,3888,,BSF66F,,cal_static,4,C,ok,ok,2407,2407,0,0,100,100
158.762278,1777159102.129938,3888,,BSF66F,,cal_static,4,D,ok,ok,3153,3153,0,0,96,96
158.925014,1777159102.292674,3889,,BSF66F,,cal_static,4,E,ok,ok,3253,3253,0,0,100,100
158.925046,1777159102.292706,3889,,BSF66F,,cal_static,4,F,ok,ok,2497,2497,0,0,100,100
158.942163,1777159102.309823,3889,,BSF66F,,cal_static,4,G,ok,ok,2471,2471,0,0,100,100
158.944467,1777159102.312127,3889,,BSF66F,,cal_static,4,H,ok,ok,3194,3194,0,0,100,100
159.178078,1777159102.545738,3890,,BSF66F,,cal_static,4,A,ok,ok,3237,3237,0,0,88,88
159.178128,1777159102.545788,3890,,BSF66F,,cal_static,4,B,ok,ok,2720,2720,0,0,100,100
159.203687,1777159102.571347,3890,,BSF66F,,cal_static,4,C,ok,ok,2455,2455,0,0,100,100
159.227805,1777159102.595465,3890,,BSF66F,,cal_static,4,D,ok,ok,3155,3155,0,0,100,100
159.335101,1777159102.702761,3891,,BSF66F,,cal_static,4,E,ok,ok,3235,3235,0,0,100,100
159.335181,1777159102.702841,3891,,BSF66F,,cal_static,4,F,ok,ok,2463,2463,0,0,100,100
159.337316,1777159102.704976,3891,,BSF66F,,cal_static,4,G,ok,ok,2485,2485,0,0,100,100
159.354704,1777159102.722364,3891,,BSF66F,,cal_static,4,H,ok,ok,3175,3175,0,0,100,100
159.57012,1777159102.93778,3892,,BSF66F,,cal_static,4,A,ok,ok,3149,3149,0,0,88,88
159.570186,1777159102.937846,3892,,BSF66F,,cal_static,4,B,ok,ok,2709,2709,0,0,100,100
159.587213,1777159102.954873,3892,,BSF66F,,cal_static,4,C,ok,ok,2442,2442,0,0,100,100
159.589682,1777159102.957342,3892,,BSF66F,,cal_static,4,D,ok,ok,3129,3129,0,0,100,100
159.747904,1777159103.115564,3893,,BSF66F,,cal_static,4,E,ok,ok,3202,3202,0,0,100,100
159.747935,1777159103.115595,3893,,BSF66F,,cal_static,4,F,ok,ok,2458,2458,0,0,100,100
159.749657,1777159103.117317,3893,,BSF66F,,cal_static,4,G,ok,ok,2460,2460,0,0,100,100
159.767553,1777159103.135213,3893,,BSF66F,,cal_static,4,H,ok,ok,3202,3202,0,0,100,100
160.001993,1777159103.369653,3894,,BSF66F,,cal_static,4,A,ok,ok,3181,3181,0,0,89,89
160.003335,1777159103.370995,3894,,BSF66F,,cal_static,4,B,ok,ok,2693,2693,0,0,100,100
160.004955,1777159103.372615,3894,,BSF66F,,cal_static,4,C,ok,ok,2446,2446,0,0,100,100
160.022681,1777159103.390341,3894,,BSF66F,,cal_static,4,D,ok,ok,3110,3110,0,0,100,100
160.131725,1777159103.499385,3895,,BSF66F,,cal_static,4,E,ok,ok,3214,3214,0,0,100,100
160.13318,1777159103.50084,3895,,BSF66F,,cal_static,4,F,ok,ok,2491,2491,0,0,100,100
160.15719,1777159103.52485,3895,,BSF66F,,cal_static,4,G,ok,ok,2496,2496,0,0,100,100
160.159279,1777159103.526939,3895,,BSF66F,,cal_static,4,H,ok,ok,3140,3140,0,0,100,100
160.385602,1777159103.753262,3896,,BSF66F,,cal_static,4,A,ok,ok,3190,3190,0,0,90,90
160.385684,1777159103.753344,3896,,BSF66F,,cal_static,4,B,ok,ok,2747,2747,0,0,100,100
160.387225,1777159103.754885,3896,,BSF66F,,cal_static,4,C,ok,ok,2411,2411,0,0,100,100
160.4121,1777159103.77976,3896,,BSF66F,,cal_static,4,D,ok,ok,3147,3147,0,0,100,100
160.54189,1777159103.90955,3897,,BSF66F,,cal_static,4,E,ok,ok,3200,3200,0,0,100,100
160.543267,1777159103.910927,3897,,BSF66F,,cal_static,4,F,ok,ok,2492,2492,0,0,100,100
160.54467,1777159103.91233,3897,,BSF66F,,cal_static,4,G,ok,ok,2497,2497,0,0,100,100
160.562381,1777159103.930041,3897,,BSF66F,,cal_static,4,H,ok,ok,3200,3200,0,0,100,100
160.777704,1777159104.145364,3898,,BSF66F,,cal_static,4,A,ok,ok,3592,3592,0,0,90,90
160.77776,1777159104.14542,3898,,BSF66F,,cal_static,4,B,ok,ok,2705,2705,0,0,100,100
160.794812,1777159104.162472,3898,,BSF66F,,cal_static,4,C,ok,ok,2474,2474,0,0,100,100
160.797684,1777159104.165344,3898,,BSF66F,,cal_static,4,D,ok,ok,3153,3153,0,0,100,100
160.925627,1777159104.293287,3899,,BSF66F,,cal_static,4,E,ok,ok,3265,3265,0,0,100,100
160.925692,1777159104.293352,3899,,BSF66F,,cal_static,4,F,ok,ok,2495,2495,0,0,100,100
160.927684,1777159104.295344,3899,,BSF66F,,cal_static,4,G,ok,ok,2487,2487,0,0,100,100
160.95286,1777159104.32052,3899,,BSF66F,,cal_static,4,H,ok,ok,3259,3259,0,0,100,100
161.187809,1777159104.555469,3900,,BSF66F,,cal_static,4,A,ok,ok,3247,3247,0,0,90,90
161.187884,1777159104.555544,3900,,BSF66F,,cal_static,4,B,ok,ok,2706,2706,0,0,100,100
161.189783,1777159104.557443,3900,,BSF66F,,cal_static,4,C,ok,ok,2477,2477,0,0,100,100
161.207524,1777159104.575184,3900,,BSF66F,,cal_static,4,D,ok,ok,3125,3125,0,0,100,100
161.339912,1777159104.707572,3901,,BSF66F,,cal_static,4,E,ok,ok,3241,3241,0,0,100,100
161.33998,1777159104.70764,3901,,BSF66F,,cal_static,4,F,ok,ok,2436,2436,0,0,100,100
161.364841,1777159104.732501,3901,,BSF66F,,cal_static,4,G,ok,ok,2482,2482,0,0,100,100
161.367101,1777159104.734761,3901,,BSF66F,,cal_static,4,H,ok,ok,3209,3209,0,0,100,100
161.517952,1777159104.885612,3902,,BSF66F,,cal_static,4,A,ok,ok,3523,3523,0,0,91,91
161.518004,1777159104.885664,3902,,BSF66F,,cal_static,4,B,ok,ok,2704,2704,0,0,100,100
161.519686,1777159104.887346,3902,,BSF66F,,cal_static,4,C,timeout,rx_timeout,0,2477,0,0,95,95
161.544786,1777159104.912446,3902,,BSF66F,,cal_static,4,D,ok,ok,3142,3142,0,0,100,100
161.72695,1777159105.09461,3903,,BSF66F,,cal_static,4,E,ok,ok,3228,3228,0,0,100,100
161.728399,1777159105.096059,3903,,BSF66F,,cal_static,4,F,ok,ok,2445,2445,0,0,100,100
161.729765,1777159105.097425,3903,,BSF66F,,cal_static,4,G,ok,ok,2473,2473,0,0,100,100
161.747331,1777159105.114991,3903,,BSF66F,,cal_static,4,H,ok,ok,3230,3230,0,0,100,100
161.931678,1777159105.299338,3904,,BSF66F,,cal_static,4,A,ok,ok,3864,3864,0,0,91,91
161.933169,1777159105.300829,3904,,BSF66F,,cal_static,4,B,ok,ok,2704,2704,0,0,100,100
161.980254,1777159105.347914,3904,,BSF66F,,cal_static,4,C,ok,ok,2419,2419,0,0,95,95
161.98235,1777159105.35001,3904,,BSF66F,,cal_static,4,D,ok,ok,3119,3119,0,0,100,100
162.185655,1777159105.553315,3905,,BSF66F,,cal_static,4,E,ok,ok,3234,3234,0,0,100,100
162.185709,1777159105.553369,3905,,BSF66F,,cal_static,4,F,ok,ok,2451,2451,0,0,100,100
162.187535,1777159105.555195,3905,,BSF66F,,cal_static,4,G,ok,ok,2480,2480,0,0,100,100
162.212394,1777159105.580054,3905,,BSF66F,,cal_static,4,H,ok,ok,3186,3186,0,0,100,100
162.319868,1777159105.687528,3906,,BSF66F,,cal_static,4,A,reject,raw_outlier,3280,3864,0,0,88,88
162.321033,1777159105.688693,3906,,BSF66F,,cal_static,4,B,ok,ok,2702,2702,0,0,100,100
162.322471,1777159105.690131,3906,,BSF66F,,cal_static,4,C,ok,ok,2406,2406,0,0,96,96
162.339802,1777159105.707462,3906,,BSF66F,,cal_static,4,D,ok,ok,3152,3152,0,0,100,100
162.524924,1777159105.892584,3907,,BSF66F,,cal_static,4,E,ok,ok,3264,3264,0,0,100,100
162.524997,1777159105.892657,3907,,BSF66F,,cal_static,4,F,ok,ok,2542,2542,0,0,100,100
162.542281,1777159105.909941,3907,,BSF66F,,cal_static,4,G,ok,ok,2499,2499,0,0,100,100
162.544588,1777159105.912248,3907,,BSF66F,,cal_static,4,H,ok,ok,3194,3194,0,0,100,100
162.725758,1777159106.093418,3908,,BSF66F,,cal_static,4,A,ok,ok,3712,3712,0,0,88,88
162.725807,1777159106.093467,3908,,BSF66F,,cal_static,4,B,ok,ok,2710,2710,0,0,100,100
162.727584,1777159106.095244,3908,,BSF66F,,cal_static,4,C,ok,ok,2413,2413,0,0,96,96
162.752658,1777159106.120318,3908,,BSF66F,,cal_static,4,D,ok,ok,3164,3164,0,0,100,100
162.93442,1777159106.30208,3909,,BSF66F,,cal_static,4,E,ok,ok,3259,3259,0,0,100,100
162.935797,1777159106.303457,3909,,BSF66F,,cal_static,4,F,ok,ok,2462,2462,0,0,100,100
162.93736,1777159106.30502,3909,,BSF66F,,cal_static,4,G,ok,ok,2471,2471,0,0,100,100
162.955058,1777159106.322718,3909,,BSF66F,,cal_static,4,H,ok,ok,3185,3185,0,0,100,100
163.139972,1777159106.507632,3910,,BSF66F,,cal_static,4,A,ok,ok,3817,3817,0,0,88,88
163.140028,1777159106.507688,3910,,BSF66F,,cal_static,4,B,ok,ok,2693,2693,0,0,100,100
163.165454,1777159106.533114,3910,,BSF66F,,cal_static,4,C,ok,ok,2421,2421,0,0,96,96
163.167322,1777159106.534982,3910,,BSF66F,,cal_static,4,D,ok,ok,3119,3119,0,0,100,100
163.347918,1777159106.715578,3911,,BSF66F,,cal_static,4,E,ok,ok,3296,3296,0,0,100,100
163.34796,1777159106.71562,3911,,BSF66F,,cal_static,4,F,ok,ok,2491,2491,0,0,100,100
163.349841,1777159106.717501,3911,,BSF66F,,cal_static,4,G,ok,ok,2468,2468,0,0,100,100
163.367365,1777159106.735025,3911,,BSF66F,,cal_static,4,H,ok,ok,3179,3179,0,0,100,100
163.52696,1777159106.89462,3912,,BSF66F,,cal_static,4,A,reject,raw_outlier,3200,3817,0,0,85,85
163.529005,1777159106.896665,3912,,BSF66F,,cal_static,4,B,ok,ok,2669,2669,0,0,100,100
163.529582,1777159106.897242,3912,,BSF66F,,cal_static,4,C,ok,ok,2379,2379,0,0,96,96
163.547226,1777159106.914886,3912,,BSF66F,,cal_static,4,D,ok,ok,3160,3160,0,0,100,100
163.732431,1777159107.100091,3913,,BSF66F,,cal_static,4,E,ok,ok,3260,3260,0,0,100,100
163.732487,1777159107.100147,3913,,BSF66F,,cal_static,4,F,ok,ok,2500,2500,0,0,100,100
163.757198,1777159107.124858,3913,,BSF66F,,cal_static,4,G,ok,ok,2487,2487,0,0,100,100
163.759454,1777159107.127114,3913,,BSF66F,,cal_static,4,H,ok,ok,3186,3186,0,0,100,100
163.962522,1777159107.330182,3914,,BSF66F,,cal_static,4,A,reject,raw_outlier,3089,3817,0,0,82,82
163.964659,1777159107.332319,3914,,BSF66F,,cal_static,4,B,ok,ok,2671,2671,0,0,100,100
163.964732,1777159107.332392,3914,,BSF66F,,cal_static,4,C,ok,ok,2424,2424,0,0,96,96
163.981991,1777159107.349651,3914,,BSF66F,,cal_static,4,D,ok,ok,3129,3129,0,0,100,100
164.142023,1777159107.509683,3915,,BSF66F,,cal_static,4,E,ok,ok,3246,3246,0,0,100,100
164.143381,1777159107.511041,3915,,BSF66F,,cal_static,4,F,ok,ok,2469,2469,0,0,100,100
164.144846,1777159107.512506,3915,,BSF66F,,cal_static,4,G,ok,ok,2486,2486,0,0,100,100
164.162581,1777159107.530241,3915,,BSF66F,,cal_static,4,H,ok,ok,3210,3210,0,0,100,100
164.325142,1777159107.692802,3916,,BSF66F,,cal_static,4,A,ok,ok,3758,3758,0,0,83,83
164.325211,1777159107.692871,3916,,BSF66F,,cal_static,4,B,ok,ok,2710,2710,0,0,100,100
164.342838,1777159107.710498,3916,,BSF66F,,cal_static,4,C,ok,ok,2379,2379,0,0,96,96
164.344883,1777159107.712543,3916,,BSF66F,,cal_static,4,D,ok,ok,3150,3150,0,0,100,100
164.525561,1777159107.893221,3917,,BSF66F,,cal_static,4,E,ok,ok,3183,3183,0,0,100,100
164.525635,1777159107.893295,3917,,BSF66F,,cal_static,4,F,ok,ok,2517,2517,0,0,100,100
164.527168,1777159107.894828,3917,,BSF66F,,cal_static,4,G,ok,ok,2480,2480,0,0,100,100
164.552331,1777159107.919991,3917,,BSF66F,,cal_static,4,H,ok,ok,3204,3204,0,0,100,100
164.73454,1777159108.1022,3918,,BSF66F,,cal_static,4,A,ok,ok,3662,3662,0,0,83,83
164.736743,1777159108.104403,3918,,BSF66F,,cal_static,4,B,ok,ok,2708,2708,0,0,100,100
164.737258,1777159108.104918,3918,,BSF66F,,cal_static,4,C,ok,ok,2429,2429,0,0,96,96
164.754885,1777159108.122545,3918,,BSF66F,,cal_static,4,D,ok,ok,3155,3155,0,0,100,100
164.939523,1777159108.307183,3919,,BSF66F,,cal_static,4,E,ok,ok,3267,3267,0,0,100,100
164.964035,1777159108.331695,3919,,BSF66F,,cal_static,4,F,ok,ok,2476,2476,0,0,100,100
164.965256,1777159108.332916,3919,,BSF66F,,cal_static,4,G,ok,ok,2468,2468,0,0,100,100
164.967541,1777159108.335201,3919,,BSF66F,,cal_static,4,H,ok,ok,3162,3162,0,0,100,100
165.148048,1777159108.515708,3920,,BSF66F,,cal_static,4,A,ok,ok,3730,3730,0,0,84,84
165.148079,1777159108.515739,3920,,BSF66F,,cal_static,4,B,ok,ok,2707,2707,0,0,100,100
165.149882,1777159108.517542,3920,,BSF66F,,cal_static,4,C,ok,ok,2424,2424,0,0,96,96
165.167416,1777159108.535076,3920,,BSF66F,,cal_static,4,D,ok,ok,3162,3162,0,0,100,100
165.327083,1777159108.694743,3921,,BSF66F,,cal_static,4,E,ok,ok,3247,3247,0,0,100,100
165.328396,1777159108.696056,3921,,BSF66F,,cal_static,4,F,ok,ok,2489,2489,0,0,100,100
165.329766,1777159108.697426,3921,,BSF66F,,cal_static,4,G,ok,ok,2477,2477,0,0,100,100
165.34796,1777159108.71562,3921,,BSF66F,,cal_static,4,H,ok,ok,3248,3248,0,0,100,100
165.585205,1777159108.952865,3922,,BSF66F,,cal_static,4,A,ok,ok,3434,3434,0,0,88,88
165.585284,1777159108.952944,3922,,BSF66F,,cal_static,4,B,ok,ok,2664,2664,0,0,100,100
165.60261,1777159108.97027,3922,,BSF66F,,cal_static,4,C,ok,ok,2399,2399,0,0,100,100
165.60512,1777159108.97278,3922,,BSF66F,,cal_static,4,D,ok,ok,3129,3129,0,0,100,100
165.785721,1777159109.153381,3923,,BSF66F,,cal_static,4,E,ok,ok,3224,3224,0,0,100,100
165.785774,1777159109.153434,3923,,BSF66F,,cal_static,4,F,ok,ok,2494,2494,0,0,100,100
165.787316,1777159109.154976,3923,,BSF66F,,cal_static,4,G,ok,ok,2495,2495,0,0,100,100
165.812881,1777159109.180541,3923,,BSF66F,,cal_static,4,H,ok,ok,3242,3242,0,0,100,100
165.919879,1777159109.287539,3924,,BSF66F,,cal_static,4,A,ok,ok,3881,3881,0,0,88,88
165.921385,1777159109.289045,3924,,BSF66F,,cal_static,4,B,ok,ok,2679,2679,0,0,100,100
165.922833,1777159109.290493,3924,,BSF66F,,cal_static,4,C,ok,ok,2412,2412,0,0,100,100
165.939872,1777159109.307532,3924,,BSF66F,,cal_static,4,D,ok,ok,3138,3138,0,0,100,100
166.125467,1777159109.493127,3925,,BSF66F,,cal_static,4,E,ok,ok,3197,3197,0,0,100,100
166.12555,1777159109.49321,3925,,BSF66F,,cal_static,4,F,ok,ok,2470,2470,0,0,100,100
166.142268,1777159109.509928,3925,,BSF66F,,cal_static,4,G,ok,ok,2481,2481,0,0,100,100
166.14464,1777159109.5123,3925,,BSF66F,,cal_static,4,H,ok,ok,3206,3206,0,0,100,100
166.325922,1777159109.693582,3926,,BSF66F,,cal_static,4,A,ok,ok,3517,3517,0,0,89,89
166.325983,1777159109.693643,3926,,BSF66F,,cal_static,4,B,ok,ok,2672,2672,0,0,100,100
166.327771,1777159109.695431,3926,,BSF66F,,cal_static,4,C,ok,ok,2378,2378,0,0,100,100
166.352607,1777159109.720267,3926,,BSF66F,,cal_static,4,D,timeout,rx_timeout,0,3138,0,0,94,94
166.534585,1777159109.902245,3927,,BSF66F,,cal_static,4,E,ok,ok,3241,3241,0,0,100,100
166.535903,1777159109.903563,3927,,BSF66F,,cal_static,4,F,ok,ok,2438,2438,0,0,100,100
166.537283,1777159109.904943,3927,,BSF66F,,cal_static,4,G,ok,ok,2479,2479,0,0,100,100
166.554927,1777159109.922587,3927,,BSF66F,,cal_static,4,H,ok,ok,3223,3223,0,0,100,100
166.76874,1777159110.1364,3928,,BSF66F,,cal_static,4,A,ok,ok,3526,3526,0,0,90,90
166.768805,1777159110.136465,3928,,BSF66F,,cal_static,4,B,ok,ok,2713,2713,0,0,100,100
166.769892,1777159110.137552,3928,,BSF66F,,cal_static,4,C,ok,ok,2416,2416,0,0,100,100
166.786924,1777159110.154584,3928,,BSF66F,,cal_static,4,D,ok,ok,3122,3122,0,0,95,95
166.948182,1777159110.315842,3929,,BSF66F,,cal_static,4,E,ok,ok,3234,3234,0,0,100,100
166.948241,1777159110.315901,3929,,BSF66F,,cal_static,4,F,ok,ok,2429,2429,0,0,100,100
166.94987,1777159110.31753,3929,,BSF66F,,cal_static,4,G,ok,ok,2459,2459,0,0,100,100
166.967816,1777159110.335476,3929,,BSF66F,,cal_static,4,H,ok,ok,3233,3233,0,0,100,100
167.127476,1777159110.495136,3930,,BSF66F,,cal_static,4,A,ok,ok,3754,3754,0,0,90,90
167.128465,1777159110.496125,3930,,BSF66F,,cal_static,4,B,ok,ok,2693,2693,0,0,100,100
167.129901,1777159110.497561,3930,,BSF66F,,cal_static,4,C,ok,ok,2403,2403,0,0,100,100
167.147692,1777159110.515352,3930,,BSF66F,,cal_static,4,D,ok,ok,3139,3139,0,0,95,95
167.332575,1777159110.700235,3931,,BSF66F,,cal_static,4,E,ok,ok,3248,3248,0,0,100,100
167.332663,1777159110.700323,3931,,BSF66F,,cal_static,4,F,ok,ok,2408,2408,0,0,100,100
167.357445,1777159110.725105,3931,,BSF66F,,cal_static,4,G,ok,ok,2478,2478,0,0,100,100
167.359444,1777159110.727104,3931,,BSF66F,,cal_static,4,H,ok,ok,3189,3189,0,0,100,100
167.510254,1777159110.877914,3932,,BSF66F,,cal_static,4,A,reject,raw_outlier,3227,3754,0,0,86,86
167.512472,1777159110.880132,3932,,BSF66F,,cal_static,4,B,ok,ok,2648,2648,0,0,100,100
167.512551,1777159110.880211,3932,,BSF66F,,cal_static,4,C,ok,ok,2401,2401,0,0,100,100
167.559697,1777159110.927357,3932,,BSF66F,,cal_static,4,D,ok,ok,3108,3108,0,0,95,95
167.742117,1777159111.109777,3933,,BSF66F,,cal_static,4,E,ok,ok,3228,3228,0,0,100,100
167.743517,1777159111.111177,3933,,BSF66F,,cal_static,4,F,ok,ok,2451,2451,0,0,100,100
167.744937,1777159111.112597,3933,,BSF66F,,cal_static,4,G,ok,ok,2477,2477,0,0,100,100
167.792583,1777159111.160243,3933,,BSF66F,,cal_static,4,H,ok,ok,3199,3199,0,0,100,100
167.977926,1777159111.345586,3934,,BSF66F,,cal_static,4,A,ok,ok,3500,3500,0,0,86,86
167.977996,1777159111.345656,3934,,BSF66F,,cal_static,4,B,ok,ok,2684,2684,0,0,100,100
167.995192,1777159111.362852,3934,,BSF66F,,cal_static,4,C,ok,ok,2420,2420,0,0,100,100
167.997866,1777159111.365526,3934,,BSF66F,,cal_static,4,D,ok,ok,3125,3125,0,0,95,95
168.125963,1777159111.493623,3935,,BSF66F,,cal_static,4,E,ok,ok,3195,3195,0,0,100,100
168.126016,1777159111.493676,3935,,BSF66F,,cal_static,4,F,ok,ok,2433,2433,0,0,100,100
168.127311,1777159111.494971,3935,,BSF66F,,cal_static,4,G,ok,ok,2468,2468,0,0,100,100
168.152606,1777159111.520266,3935,,BSF66F,,cal_static,4,H,ok,ok,3135,3135,0,0,100,100
168.334819,1777159111.702479,3936,,BSF66F,,cal_static,4,A,ok,ok,3780,3780,0,0,87,87
168.336014,1777159111.703674,3936,,BSF66F,,cal_static,4,B,ok,ok,2678,2678,0,0,100,100
168.33741,1777159111.70507,3936,,BSF66F,,cal_static,4,C,ok,ok,2421,2421,0,0,100,100
168.355131,1777159111.722791,3936,,BSF66F,,cal_static,4,D,ok,ok,3131,3131,0,0,95,95
168.540313,1777159111.907973,3937,,BSF66F,,cal_static,4,E,ok,ok,3242,3242,0,0,100,100
168.540393,1777159111.908053,3937,,BSF66F,,cal_static,4,F,ok,ok,2484,2484,0,0,100,100
168.564838,1777159111.932498,3937,,BSF66F,,cal_static,4,G,ok,ok,2486,2486,0,0,100,100
168.567319,1777159111.934979,3937,,BSF66F,,cal_static,4,H,ok,ok,3185,3185,0,0,100,100
168.770637,1777159112.138297,3938,,BSF66F,,cal_static,4,A,ok,ok,3581,3581,0,0,88,88
168.770685,1777159112.138345,3938,,BSF66F,,cal_static,4,B,ok,ok,2646,2646,0,0,100,100
168.772495,1777159112.140155,3938,,BSF66F,,cal_static,4,C,ok,ok,2390,2390,0,0,100,100
168.797025,1777159112.164685,3938,,BSF66F,,cal_static,4,D,ok,ok,3151,3151,0,0,96,96
168.933308,1777159112.300968,3939,,BSF66F,,cal_static,4,E,ok,ok,3220,3220,0,0,100,100
168.933347,1777159112.301007,3939,,BSF66F,,cal_static,4,F,ok,ok,2413,2413,0,0,100,100
168.933365,1777159112.301025,3939,,BSF66F,,cal_static,4,G,ok,ok,2489,2489,0,0,100,100
168.947572,1777159112.315232,3939,,BSF66F,,cal_static,4,H,ok,ok,3196,3196,0,0,100,100
169.131824,1777159112.499484,3940,,BSF66F,,cal_static,4,A,ok,ok,3738,3738,0,0,88,88
169.133569,1777159112.501229,3940,,BSF66F,,cal_static,4,B,ok,ok,2678,2678,0,0,100,100
169.157732,1777159112.525392,3940,,BSF66F,,cal_static,4,C,ok,ok,2419,2419,0,0,100,100
169.159838,1777159112.527498,3940,,BSF66F,,cal_static,4,D,ok,ok,3163,3163,0,0,96,96
169.363093,1777159112.730753,3941,,BSF66F,,cal_static,4,E,ok,ok,3255,3255,0,0,100,100
169.363148,1777159112.730808,3941,,BSF66F,,cal_static,4,F,ok,ok,2408,2408,0,0,100,100
169.364775,1777159112.732435,3941,,BSF66F,,cal_static,4,G,ok,ok,2500,2500,0,0,100,100
169.382546,1777159112.750206,3941,,BSF66F,,cal_static,4,H,ok,ok,3212,3212,0,0,100,100
169.519818,1777159112.887478,3942,,BSF66F,,cal_static,4,A,reject,raw_outlier,3233,3738,0,0,85,85
169.522163,1777159112.889823,3942,,BSF66F,,cal_static,4,B,ok,ok,2686,2686,0,0,100,100
169.522596,1777159112.890256,3942,,BSF66F,,cal_static,4,C,ok,ok,2379,2379,0,0,100,100
169.539932,1777159112.907592,3942,,BSF66F,,cal_static,4,D,ok,ok,3126,3126,0,0,96,96
169.747731,1777159113.115391,3943,,BSF66F,,cal_static,4,E,ok,ok,3130,3130,0,0,100,100
169.74784,1777159113.1155,3943,,BSF66F,,cal_static,4,F,ok,ok,2447,2447,0,0,100,100
169.77248,1777159113.14014,3943,,BSF66F,,cal_static,4,G,ok,ok,2475,2475,0,0,100,100
169.774783,1777159113.142443,3943,,BSF66F,,cal_static,4,H,ok,ok,3183,3183,0,0,100,100
169.975245,1777159113.342905,3944,,BSF66F,,cal_static,4,A,ok,ok,3485,3485,0,0,85,85
169.977752,1777159113.345412,3944,,BSF66F,,cal_static,4,B,ok,ok,2675,2675,0,0,100,100
169.9778,1777159113.34546,3944,,BSF66F,,cal_static,4,C,ok,ok,2424,2424,0,0,100,100
169.979476,1777159113.347136,3944,,BSF66F,,cal_static,4,D,ok,ok,3134,3134,0,0,96,96
170.134761,1777159113.502421,3945,,BSF66F,,cal_static,4,E,ok,ok,3284,3284,0,0,100,100
170.136014,1777159113.503674,3945,,BSF66F,,cal_static,4,F,ok,ok,2429,2429,0,0,100,100
170.137553,1777159113.505213,3945,,BSF66F,,cal_static,4,G,ok,ok,2490,2490,0,0,100,100
170.155081,1777159113.522741,3945,,BSF66F,,cal_static,4,H,ok,ok,3197,3197,0,0,100,100
170.340183,1777159113.707843,3946,,BSF66F,,cal_static,4,A,ok,ok,3737,3737,0,0,86,86
170.340257,1777159113.707917,3946,,BSF66F,,cal_static,4,B,ok,ok,2651,2651,0,0,100,100
170.365379,1777159113.733039,3946,,BSF66F,,cal_static,4,C,ok,ok,2425,2425,0,0,100,100
170.367366,1777159113.735026,3946,,BSF66F,,cal_static,4,D,ok,ok,3145,3145,0,0,96,96
170.548104,1777159113.915764,3947,,BSF66F,,cal_static,4,E,ok,ok,3182,3182,0,0,100,100
170.548182,1777159113.915842,3947,,BSF66F,,cal_static,4,F,ok,ok,2447,2447,0,0,100,100
170.550028,1777159113.917688,3947,,BSF66F,,cal_static,4,G,ok,ok,2480,2480,0,0,100,100
170.567495,1777159113.935155,3947,,BSF66F,,cal_static,4,H,ok,ok,3172,3172,0,0,100,100
170.727423,1777159114.095083,3948,,BSF66F,,cal_static,4,A,ok,ok,3747,3747,0,0,86,86
170.728891,1777159114.096551,3948,,BSF66F,,cal_static,4,B,ok,ok,2644,2644,0,0,100,100
170.730013,1777159114.097673,3948,,BSF66F,,cal_static,4,C,ok,ok,2448,2448,0,0,100,100
170.747691,1777159114.115351,3948,,BSF66F,,cal_static,4,D,ok,ok,3142,3142,0,0,96,96
170.931956,1777159114.299616,3949,,BSF66F,,cal_static,4,E,ok,ok,3215,3215,0,0,100,100
170.933397,1777159114.301057,3949,,BSF66F,,cal_static,4,F,ok,ok,2501,2501,0,0,100,100
170.957459,1777159114.325119,3949,,BSF66F,,cal_static,4,G,ok,ok,2495,2495,0,0,100,100
170.959778,1777159114.327438,3949,,BSF66F,,cal_static,4,H,ok,ok,3172,3172,0,0,100,100
171.163202,1777159114.530862,3950,,BSF66F,,cal_static,4,A,ok,ok,3710,3710,0,0,87,87
171.163238,1777159114.530898,3950,,BSF66F,,cal_static,4,B,ok,ok,2694,2694,0,0,100,100
171.164921,1777159114.532581,3950,,BSF66F,,cal_static,4,C,ok,ok,2409,2409,0,0,100,100
171.182734,1777159114.550394,3950,,BSF66F,,cal_static,4,D,ok,ok,3118,3118,0,0,96,96
171.34243,1777159114.71009,3951,,BSF66F,,cal_static,4,E,ok,ok,3248,3248,0,0,100,100
171.34398,1777159114.71164,3951,,BSF66F,,cal_static,4,F,ok,ok,2455,2455,0,0,100,100
171.345185,1777159114.712845,3951,,BSF66F,,cal_static,4,G,ok,ok,2492,2492,0,0,100,100
171.362966,1777159114.730626,3951,,BSF66F,,cal_static,4,H,ok,ok,3186,3186,0,0,100,100
171.525343,1777159114.893003,3952,,BSF66F,,cal_static,4,A,ok,ok,3577,3577,0,0,87,87
171.525411,1777159114.893071,3952,,BSF66F,,cal_static,4,B,ok,ok,2727,2727,0,0,100,100
171.54259,1777159114.91025,3952,,BSF66F,,cal_static,4,C,timeout,rx_timeout,0,2409,0,0,96,96
171.54471,1777159114.91237,3952,,BSF66F,,cal_static,4,D,ok,ok,3135,3135,0,0,96,96
171.725745,1777159115.093405,3953,,BSF66F,,cal_static,4,E,ok,ok,3291,3291,0,0,100,100
171.725816,1777159115.093476,3953,,BSF66F,,cal_static,4,F,ok,ok,2405,2405,0,0,100,100
171.727562,1777159115.095222,3953,,BSF66F,,cal_static,4,G,ok,ok,2461,2461,0,0,100,100
171.752586,1777159115.120246,3953,,BSF66F,,cal_static,4,H,ok,ok,3188,3188,0,0,100,100
171.987347,1777159115.355007,3954,,BSF66F,,cal_static,4,A,ok,ok,3399,3399,0,0,88,88
171.988972,1777159115.356632,3954,,BSF66F,,cal_static,4,B,ok,ok,2683,2683,0,0,100,100
171.990432,1777159115.358092,3954,,BSF66F,,cal_static,4,C,ok,ok,2413,2413,0,0,100,100
172.007173,1777159115.374833,3954,,BSF66F,,cal_static,4,D,ok,ok,3120,3120,0,0,100,100
172.14034,1777159115.508,3955,,BSF66F,,cal_static,4,E,ok,ok,3224,3224,0,0,100,100
172.140364,1777159115.508024,3955,,BSF66F,,cal_static,4,F,ok,ok,2457,2457,0,0,100,100
172.165251,1777159115.532911,3955,,BSF66F,,cal_static,4,G,ok,ok,2467,2467,0,0,100,100
172.188054,1777159115.555714,3955,,BSF66F,,cal_static,4,H,ok,ok,3205,3205,0,0,100,100
172.31854,1777159115.6862,3956,,BSF66F,,cal_static,4,A,ok,ok,3835,3835,0,0,88,88
172.318603,1777159115.686263,3956,,BSF66F,,cal_static,4,B,ok,ok,2676,2676,0,0,100,100
172.320026,1777159115.687686,3956,,BSF66F,,cal_static,4,C,ok,ok,2415,2415,0,0,100,100
172.345319,1777159115.712979,3956,,BSF66F,,cal_static,4,D,ok,ok,3166,3166,0,0,100,100
172.527281,1777159115.894941,3957,,BSF66F,,cal_static,4,E,ok,ok,3213,3213,0,0,100,100
172.528673,1777159115.896333,3957,,BSF66F,,cal_static,4,F,ok,ok,2415,2415,0,0,100,100
172.530033,1777159115.897693,3957,,BSF66F,,cal_static,4,G,ok,ok,2504,2504,0,0,100,100
172.547761,1777159115.915421,3957,,BSF66F,,cal_static,4,H,ok,ok,3146,3146,0,0,100,100
172.709726,1777159116.077386,3958,,BSF66F,,cal_static,4,A,reject,raw_outlier,3188,3835,0,0,84,84
172.711126,1777159116.078786,3958,,BSF66F,,cal_static,4,B,ok,ok,2688,2688,0,0,100,100
172.727539,1777159116.095199,3958,,BSF66F,,cal_static,4,C,ok,ok,2401,2401,0,0,100,100
172.729836,1777159116.097496,3958,,BSF66F,,cal_static,4,D,ok,ok,3136,3136,0,0,100,100
172.96333,1777159116.33099,3959,,BSF66F,,cal_static,4,E,ok,ok,3217,3217,0,0,100,100
172.96336,1777159116.33102,3959,,BSF66F,,cal_static,4,F,ok,ok,2486,2486,0,0,100,100
172.964897,1777159116.332557,3959,,BSF66F,,cal_static,4,G,ok,ok,2491,2491,0,0,100,100
172.982844,1777159116.350504,3959,,BSF66F,,cal_static,4,H,ok,ok,3198,3198,0,0,100,100
173.142421,1777159116.510081,3960,,BSF66F,,cal_static,4,A,ok,ok,3625,3625,0,0,85,85
173.144501,1777159116.512161,3960,,BSF66F,,cal_static,4,B,ok,ok,2671,2671,0,0,100,100
173.145033,1777159116.512693,3960,,BSF66F,,cal_static,4,C,ok,ok,2429,2429,0,0,100,100
173.163003,1777159116.530663,3960,,BSF66F,,cal_static,4,D,ok,ok,3141,3141,0,0,100,100
173.32551,1777159116.69317,3961,,BSF66F,,cal_static,4,E,ok,ok,3287,3287,0,0,100,100
173.325576,1777159116.693236,3961,,BSF66F,,cal_static,4,F,ok,ok,2476,2476,0,0,100,100
173.342747,1777159116.710407,3961,,BSF66F,,cal_static,4,G,ok,ok,2489,2489,0,0,100,100
173.345118,1777159116.712778,3961,,BSF66F,,cal_static,4,H,ok,ok,3209,3209,0,0,100,100
173.57815,1777159116.94581,3962,,BSF66F,,cal_static,4,A,ok,ok,3356,3356,0,0,85,85
173.578228,1777159116.945888,3962,,BSF66F,,cal_static,4,B,ok,ok,2701,2701,0,0,100,100
173.579935,1777159116.947595,3962,,BSF66F,,cal_static,4,C,ok,ok,2429,2429,0,0,100,100
173.604929,1777159116.972589,3962,,BSF66F,,cal_static,4,D,ok,ok,3126,3126,0,0,100,100
173.757316,1777159117.124976,3963,,BSF66F,,cal_static,4,E,ok,ok,3208,3208,0,0,100,100
173.758722,1777159117.126382,3963,,BSF66F,,cal_static,4,F,ok,ok,2447,2447,0,0,100,100
173.760078,1777159117.127738,3963,,BSF66F,,cal_static,4,G,ok,ok,2474,2474,0,0,100,100
173.785235,1777159117.152895,3963,,BSF66F,,cal_static,4,H,ok,ok,3175,3175,0,0,100,100
173.940455,1777159117.308115,3964,,BSF66F,,cal_static,4,A,ok,ok,3746,3746,0,0,86,86
173.940479,1777159117.308139,3964,,BSF66F,,cal_static,4,B,ok,ok,2664,2664,0,0,100,100
173.987697,1777159117.355357,3964,,BSF66F,,cal_static,4,C,ok,ok,2420,2420,0,0,100,100
173.98993,1777159117.35759,3964,,BSF66F,,cal_static,4,D,ok,ok,3141,3141,0,0,100,100
174.14868,1777159117.51634,3965,,BSF66F,,cal_static,4,E,ok,ok,3203,3203,0,0,100,100
174.148748,1777159117.516408,3965,,BSF66F,,cal_static,4,F,ok,ok,2451,2451,0,0,100,100
174.1501,1777159117.51776,3965,,BSF66F,,cal_static,4,G,ok,ok,2508,2508,0,0,100,100
174.167924,1777159117.535584,3965,,BSF66F,,cal_static,4,H,ok,ok,3207,3207,0,0,100,100
174.402516,1777159117.770176,3966,,BSF66F,,cal_static,4,A,reject,raw_outlier,3256,3746,0,0,82,82
174.40457,1777159117.77223,3966,,BSF66F,,cal_static,4,B,ok,ok,2663,2663,0,0,100,100
174.404653,1777159117.772313,3966,,BSF66F,,cal_static,4,C,ok,ok,2447,2447,0,0,100,100
174.42339,1777159117.79105,3966,,BSF66F,,cal_static,4,D,ok,ok,3189,3189,0,0,100,100
174.532045,1777159117.899705,3967,,BSF66F,,cal_static,4,E,ok,ok,3236,3236,0,0,100,100
174.533532,1777159117.901192,3967,,BSF66F,,cal_static,4,F,ok,ok,2463,2463,0,0,100,100
174.557572,1777159117.925232,3967,,BSF66F,,cal_static,4,G,ok,ok,2488,2488,0,0,100,100
174.559876,1777159117.927536,3967,,BSF66F,,cal_static,4,H,ok,ok,3179,3179,0,0,100,100
174.78261,1777159118.15027,3968,,BSF66F,,cal_static,4,A,ok,ok,3431,3431,0,0,83,83
174.785183,1777159118.152843,3968,,BSF66F,,cal_static,4,B,ok,ok,2700,2700,0,0,100,100
174.78522,1777159118.15288,3968,,BSF66F,,cal_static,4,C,ok,ok,2434,2434,0,0,100,100
174.786822,1777159118.154482,3968,,BSF66F,,cal_static,4,D,ok,ok,3119,3119,0,0,100,100
174.942962,1777159118.310622,3969,,BSF66F,,cal_static,4,E,ok,ok,3280,3280,0,0,100,100
174.943039,1777159118.310699,3969,,BSF66F,,cal_static,4,F,ok,ok,2527,2527,0,0,100,100
174.944659,1777159118.312319,3969,,BSF66F,,cal_static,4,G,ok,ok,2479,2479,0,0,100,100
174.96276,1777159118.33042,3969,,BSF66F,,cal_static,4,H,ok,ok,3212,3212,0,0,100,100
175.125801,1777159118.493461,3970,,BSF66F,,cal_static,4,A,ok,ok,3675,3675,0,0,84,84
175.125869,1777159118.493529,3970,,BSF66F,,cal_static,4,B,ok,ok,2666,2666,0,0,100,100
175.142767,1777159118.510427,3970,,BSF66F,,cal_static,4,C,ok,ok,2450,2450,0,0,100,100
175.144869,1777159118.512529,3970,,BSF66F,,cal_static,4,D,ok,ok,3156,3156,0,0,100,100
175.325943,1777159118.693603,3971,,BSF66F,,cal_static,4,E,ok,ok,3263,3263,0,0,100,100
175.326001,1777159118.693661,3971,,BSF66F,,cal_static,4,F,ok,ok,2496,2496,0,0,100,100
175.327999,1777159118.695659,3971,,BSF66F,,cal_static,4,G,ok,ok,2492,2492,0,0,100,100
175.375418,1777159118.743078,3971,,BSF66F,,cal_static,4,H,ok,ok,3164,3164,0,0,100,100
175.534779,1777159118.902439,3972,,BSF66F,,cal_static,4,A,ok,ok,3823,3823,0,0,84,84
175.53712,1777159118.90478,3972,,BSF66F,,cal_static,4,B,ok,ok,2730,2730,0,0,100,100
175.537573,1777159118.905233,3972,,BSF66F,,cal_static,4,C,ok,ok,2375,2375,0,0,100,100
175.585112,1777159118.952772,3972,,BSF66F,,cal_static,4,D,ok,ok,3182,3182,0,0,100,100
175.739992,1777159119.107652,3973,,BSF66F,,cal_static,4,E,ok,ok,3268,3268,0,0,100,100
175.741114,1777159119.108774,3973,,BSF66F,,cal_static,4,F,ok,ok,2508,2508,0,0,100,100
175.765156,1777159119.132816,3973,,BSF66F,,cal_static,4,G,ok,ok,2483,2483,0,0,100,100
175.767395,1777159119.135055,3973,,BSF66F,,cal_static,4,H,ok,ok,3136,3136,0,0,100,100
175.917962,1777159119.285622,3974,,BSF66F,,cal_static,4,A,reject,raw_outlier,3149,3823,0,0,81,81
175.919911,1777159119.287571,3974,,BSF66F,,cal_static,4,B,ok,ok,2678,2678,0,0,100,100
175.919959,1777159119.287619,3974,,BSF66F,,cal_static,4,C,ok,ok,2423,2423,0,0,100,100
175.945673,1777159119.313333,3974,,BSF66F,,cal_static,4,D,ok,ok,3151,3151,0,0,100,100
176.12739,1777159119.49505,3975,,BSF66F,,cal_static,4,E,ok,ok,3289,3289,0,0,100,100
176.128694,1777159119.496354,3975,,BSF66F,,cal_static,4,F,ok,ok,2474,2474,0,0,100,100
176.130132,1777159119.497792,3975,,BSF66F,,cal_static,4,G,ok,ok,2485,2485,0,0,100,100
176.148143,1777159119.515803,3975,,BSF66F,,cal_static,4,H,ok,ok,3225,3225,0,0,100,100
176.363436,1777159119.731096,3976,,BSF66F,,cal_static,4,A,reject,raw_outlier,3150,3823,0,0,78,78
176.363512,1777159119.731172,3976,,BSF66F,,cal_static,4,B,ok,ok,2691,2691,0,0,100,100
176.380274,1777159119.747934,3976,,BSF66F,,cal_static,4,C,ok,ok,2436,2436,0,0,100,100
176.382385,1777159119.750045,3976,,BSF66F,,cal_static,4,D,timeout,rx_timeout,0,3151,0,0,96,96
176.563346,1777159119.931006,3977,,BSF66F,,cal_static,4,E,ok,ok,3243,3243,0,0,100,100
176.563405,1777159119.931065,3977,,BSF66F,,cal_static,4,F,ok,ok,2461,2461,0,0,100,100
176.565019,1777159119.932679,3977,,BSF66F,,cal_static,4,G,ok,ok,2493,2493,0,0,100,100
176.582749,1777159119.950409,3977,,BSF66F,,cal_static,4,H,ok,ok,3171,3171,0,0,100,100
176.794885,1777159120.162545,3978,,BSF66F,,cal_static,4,A,ok,ok,3481,3481,0,0,79,79
176.796261,1777159120.163921,3978,,BSF66F,,cal_static,4,B,ok,ok,2690,2690,0,0,100,100
176.797649,1777159120.165309,3978,,BSF66F,,cal_static,4,C,ok,ok,2430,2430,0,0,100,100
176.814855,1777159120.182515,3978,,BSF66F,,cal_static,4,D,ok,ok,3175,3175,0,0,96,96
176.925683,1777159120.293343,3979,,BSF66F,,cal_static,4,E,ok,ok,3249,3249,0,0,100,100
176.925755,1777159120.293415,3979,,BSF66F,,cal_static,4,F,ok,ok,2515,2515,0,0,100,100
176.942814,1777159120.310474,3979,,BSF66F,,cal_static,4,G,ok,ok,2497,2497,0,0,100,100
176.945131,1777159120.312791,3979,,BSF66F,,cal_static,4,H,ok,ok,3193,3193,0,0,100,100
177.178574,1777159120.546234,3980,,BSF66F,,cal_static,4,A,ok,ok,3624,3624,0,0,80,80
177.178645,1777159120.546305,3980,,BSF66F,,cal_static,4,B,ok,ok,2714,2714,0,0,100,100
177.18032,1777159120.54798,3980,,BSF66F,,cal_static,4,C,ok,ok,2436,2436,0,0,100,100
177.2272,1777159120.59486,3980,,BSF66F,,cal_static,4,D,ok,ok,3179,3179,0,0,96,96
177.334811,1777159120.702471,3981,,BSF66F,,cal_static,4,E,ok,ok,3214,3214,0,0,100,100
177.336372,1777159120.704032,3981,,BSF66F,,cal_static,4,F,ok,ok,2485,2485,0,0,100,100
177.337714,1777159120.705374,3981,,BSF66F,,cal_static,4,G,ok,ok,2497,2497,0,0,100,100
177.355551,1777159120.723211,3981,,BSF66F,,cal_static,4,H,ok,ok,3196,3196,0,0,100,100
177.539716,1777159120.907376,3982,,BSF66F,,cal_static,4,A,ok,ok,3745,3745,0,0,80,80
177.541165,1777159120.908825,3982,,BSF66F,,cal_static,4,B,ok,ok,2686,2686,0,0,100,100
177.565237,1777159120.932897,3982,,BSF66F,,cal_static,4,C,ok,ok,2400,2400,0,0,100,100
177.567602,1777159120.935262,3982,,BSF66F,,cal_static,4,D,ok,ok,3150,3150,0,0,96,96
177.748657,1777159121.116317,3983,,BSF66F,,cal_static,4,E,ok,ok,3249,3249,0,0,100,100
177.748819,1777159121.116479,3983,,BSF66F,,cal_static,4,F,ok,ok,2422,2422,0,0,100,100
177.750483,1777159121.118143,3983,,BSF66F,,cal_static,4,G,ok,ok,2480,2480,0,0,100,100
177.767924,1777159121.135584,3983,,BSF66F,,cal_static,4,H,ok,ok,3170,3170,0,0,100,100
177.927451,1777159121.295111,3984,,BSF66F,,cal_static,4,A,reject,raw_outlier,3104,3745,0,0,78,78
177.930023,1777159121.297683,3984,,BSF66F,,cal_static,4,B,ok,ok,2648,2648,0,0,100,100
177.930301,1777159121.297961,3984,,BSF66F,,cal_static,4,C,ok,ok,2417,2417,0,0,100,100
177.948033,1777159121.315693,3984,,BSF66F,,cal_static,4,D,ok,ok,3110,3110,0,0,96,96
178.133278,1777159121.500938,3985,,BSF66F,,cal_static,4,E,ok,ok,3261,3261,0,0,100,100
178.133472,1777159121.501132,3985,,BSF66F,,cal_static,4,F,ok,ok,2486,2486,0,0,100,100
178.157863,1777159121.525523,3985,,BSF66F,,cal_static,4,G,ok,ok,2455,2455,0,0,100,100
178.160057,1777159121.527717,3985,,BSF66F,,cal_static,4,H,ok,ok,3177,3177,0,0,100,100
178.364143,1777159121.731803,3986,,BSF66F,,cal_static,4,A,ok,ok,3655,3655,0,0,82,82
178.364543,1777159121.732203,3986,,BSF66F,,cal_static,4,B,ok,ok,2661,2661,0,0,100,100
178.36522,1777159121.73288,3986,,BSF66F,,cal_static,4,C,ok,ok,2414,2414,0,0,100,100
178.383005,1777159121.750665,3986,,BSF66F,,cal_static,4,D,ok,ok,3180,3180,0,0,100,100
178.52006,1777159121.88772,3987,,BSF66F,,cal_static,4,E,ok,ok,3252,3252,0,0,100,100
178.521395,1777159121.889055,3987,,BSF66F,,cal_static,4,F,ok,ok,2509,2509,0,0,100,100
178.522769,1777159121.890429,3987,,BSF66F,,cal_static,4,G,ok,ok,2459,2459,0,0,100,100
178.54032,1777159121.90798,3987,,BSF66F,,cal_static,4,H,ok,ok,3177,3177,0,0,100,100
178.724963,1777159122.092623,3988,,BSF66F,,cal_static,4,A,reject,raw_outlier,3160,3655,0,0,77,77
178.726284,1777159122.093944,3988,,BSF66F,,cal_static,4,B,ok,ok,2660,2660,0,0,100,100
178.742783,1777159122.110443,3988,,BSF66F,,cal_static,4,C,ok,ok,2453,2453,0,0,100,100
178.745089,1777159122.112749,3988,,BSF66F,,cal_static,4,D,ok,ok,3186,3186,0,0,100,100
178.927023,1777159122.294683,3989,,BSF66F,,cal_static,4,E,ok,ok,3198,3198,0,0,100,100
178.927156,1777159122.294816,3989,,BSF66F,,cal_static,4,F,ok,ok,2467,2467,0,0,100,100
178.927665,1777159122.295325,3989,,BSF66F,,cal_static,4,G,ok,ok,2493,2493,0,0,100,100
178.95286,1777159122.32052,3989,,BSF66F,,cal_static,4,H,ok,ok,3131,3131,0,0,100,100
179.13515,1777159122.50281,3990,,BSF66F,,cal_static,4,A,reject,raw_outlier,3126,3655,0,0,73,73
179.137084,1777159122.504744,3990,,BSF66F,,cal_static,4,B,ok,ok,2685,2685,0,0,100,100
179.137525,1777159122.505185,3990,,BSF66F,,cal_static,4,C,ok,ok,2440,2440,0,0,100,100
179.155342,1777159122.523002,3990,,BSF66F,,cal_static,4,D,ok,ok,3169,3169,0,0,100,100
179.34153,1777159122.70919,3991,,BSF66F,,cal_static,4,E,ok,ok,3260,3260,0,0,100,100
179.341705,1777159122.709365,3991,,BSF66F,,cal_static,4,F,ok,ok,2493,2493,0,0,100,100
179.366818,1777159122.734478,3991,,BSF66F,,cal_static,4,G,ok,ok,2494,2494,0,0,100,100
179.368378,1777159122.736038,3991,,BSF66F,,cal_static,4,H,ok,ok,3209,3209,0,0,100,100
179.54897,1777159122.91663,3992,,BSF66F,,cal_static,4,A,ok,ok,3696,3696,0,0,75,75
179.551382,1777159122.919042,3992,,BSF66F,,cal_static,4,B,ok,ok,2710,2710,0,0,100,100
179.620228,1777159122.987888,3992,,BSF66F,,cal_static,4,C,ok,ok,2444,2444,0,0,100,100
179.621348,1777159122.989008,3992,,BSF66F,,cal_static,4,D,ok,ok,3134,3134,0,0,100,100
179.728491,1777159123.096151,3993,,BSF66F,,cal_static,4,E,ok,ok,3249,3249,0,0,100,100
179.728585,1777159123.096245,3993,,BSF66F,,cal_static,4,F,ok,ok,2460,2460,0,0,100,100
179.730166,1777159123.097826,3993,,BSF66F,,cal_static,4,G,ok,ok,2452,2452,0,0,100,100
179.747871,1777159123.115531,3993,,BSF66F,,cal_static,4,H,ok,ok,3238,3238,0,0,100,100
