[HOST_EVT    0.00s] strict_preflight anchor_usb_policy=power_only anchor_observability_gate=disabled evidence=controller_uuid_restore_dfu
[HOST_EVT    0.00s] phase=A serial_opened port=/dev/serial/by-id/usb-BioSpur_BioSpur_BLE_Control_87EA2F4A526C5A02-if00
Disconnected: E9:CB:F3:C4:51:43 (random) reason 0x08
Scan restart suppressed (no active OTA session)
[HOST_CMD    1.69s] status
[OTA] Control status: mode=OTA pending=0
[HOST_EVT    1.69s] phase=A cleanup existing host OTA mode before new target session
[HOST_CMD    1.69s] mode recv
[OTA] UART requested: switching to RECV
OTA handoff: quiesce before mode switch
[OTA] Mode switch preflight: disconnect requests=0
[RECV] Control mode staged: RECV
[RECV] OTA target staged: token=-1 name=- prefix=BS uuid=840c68591e90019821aacff1b73aaa34
[RECV] Control mode now RECV, rebooting
[HOST_EVT    2.82s] phase=A cleanup serial_reconnected port=/dev/serial/by-id/usb-BioSpur_BioSpur_BLE_Control_87EA2F4A526C5A02-if00
[HOST_CMD    2.82s] status
[HOST_EVT    3.64s] phase=A cleanup serial_reconnected port=/dev/serial/by-id/usb-BioSpur_BioSpur_BLE_Control_87EA2F4A526C5A02-if00
[HOST_CMD    3.64s] status
*** Booting nRF Connect SDK v2.8.0-a2386bfc8401 ***
*** Using Zephyr OS v3.7.99-0bc3393fb112 ***
[RECV] LED map: 1=AUTOPOS 2=RECV 3=OTA 4=FLOW
[RECV] Control mode loaded: RECV
[RECV] UART control ready: type 'status' or 'mode recv'/'mode ota'/'mode autopos'
[HOST_CMD    3.74s] status
[HOST_CMD    3.74s] device kind anchor
[HOST_CMD    3.74s] device show
[HOST_CMD    3.74s] status
[RECV] OTA target restored: token=-1 name=- prefix=BS uuid=840c68591e90019821aacff1b73aaa34
OTA_STATE:target_configured detail=token
OTA NUS stage: disabled
[HOST_EVT    3.75s] phase=A ota_nus_disabled
OTA target filter: token=-1 name=- prefix=BS uuid=840C68591E90019821AACFF1B73AAA34
[HOST_EVT    3.75s] phase=A filter_readback uuid=840C68591E90019821AACFF1B73AAA34
[RECV] BioSpur BLE master control ready on nrf5340dk/nrf5340/cpuapp
[RECV] BTN1 toggles RECV/OTA, BTN2 forces OTA mode, BTN3=SCAN, BTN4=CONN&START
[RECV] Commands: status | mode recv | mode ota | mode autopos | scan | conn | initiate
[RECV] OTA runtime cmds: ota_reset | ota show | ota version
[RECV] Runtime NUS cmds: cmd <raw> | oneshot <raw> | oneshot show | oneshot clear
[RECV] TDMA cmds: tdma show | tdma profile <BSxxxx> <static|roto|motion> | tdma freq <static|roto|motion> <hz> | tdma rebalance
[RECV] SETUP[0] defer: waiting 280 ms before discovery start
[RECV] Control status: mode=RECV pending=0
[RECV] Control status: mode=RECV pending=0
[RECV] Connected[1]: FF:5E:D2:80:EA:D2 (random) name=- bs=BS2DCE
[RECV] CONNECT state[1]: link=nus uuid=- ready=0 conn=0x200020f0
[RECV] PHY updated[0]: tx=0x2 rx=0x2
SETUP[0] defer: waiting 230 ms before discovery start
SETUP[1] defer: waiting 343 ms before discovery start
[RECV] Disconnected[1]: FF:5E:D2:80:EA:D2 (random) reason=0x3e link=nus ready=0
[RECV] SCAN start req: bt_ready=1 scan_running=0 connecting_slot=-1 conn_count=1 target=unknown prefix=BS
[RECV] Scanning for BS*
[RECV] CONNECT pending[2]: addr_valid=1 link=nus uuid=- scan_running=1 conn_count=1
[RECV] CONNECT pending[2]: bt_le_scan_stop rc=0 scan_running=1
[RECV] CONNECT pending[2] rc=0 conn=0x200021c0
SETUP[0] defer: waiting 179 ms before discovery start
SETUP[0] defer: waiting 129 ms before discovery start
[RECV] Connected[2]: D5:53:48:EF:8F:59 (random) name=- bs=BSDC91
[RECV] CONNECT state[2]: link=nus uuid=- ready=0 conn=0x200021c0
SETUP[0] defer: waiting 79 ms before discovery start
SETUP[2] defer: waiting 331 ms before discovery start
[RECV] Disconnected[2]: D5:53:48:EF:8F:59 (random) reason=0x3e link=nus ready=0
[RECV] SCAN start req: bt_ready=1 scan_running=0 connecting_slot=-1 conn_count=1 target=unknown prefix=BS
[RECV] Scanning for BS*
SETUP[0] defer: waiting 28 ms before discovery start
SETUP[0] begin: link=nus uuid=- conn=0x20002020
SETUP[0] mtu_exchange rc=0
SETUP[0] phy_update rc=0
SETUP[0] conn_param_update rc=0
[RECV] DISC start[0]: link=nus uuid=- conn=0x20002020
[RECV] MTU exchange[0] done (498)
[RECV] Conn param updated[0]: int=6 lat=0 to=400
[RECV] PHY updated[0]: tx=0x2 rx=0x2
[RECV] DISC complete[0]: link=nus discovered_service=2800 uuid=-
[RECV] BLE[0] link ready
[RECV] CFG assigned[0]: bs=BSF66F tag=1 slot=0/10 mask=0x0021 period=40 active=24 gen=1 pmode=0
[RECV] TDMA weighted[0]: bs=BSF66F profile=motion target=5Hz mask=0x0021 slots=2/10 actual_x100=500 epoch_delay=3000
[RECV] BSF66F notify: CS;1;24028;cal_static;4;99;A,B,C,D;ok,ok,ok,ok;100,100,100,96
[RECV] BSF66F notify: CFG_OK TAG=1 SLOT=0/10 MASK=0x0021 PERIOD=40 ACTIVE=24 GEN=1 LIVE=1
[RECV] CFG confirmed[0]: tag=1 slot=0/10 mask=0x0021 period=40 active=24 gen=1 live=1
[RECV] SCAN hit: D5:53:48:EF:8F:59 (random) rssi=-55 name=- bs=BSDC91 uuid=- target=unknown uuid_ok=0 tag_name=0 anchor_name=0 nus=0 dfu=1 token=1 props=0x03
[RECV] CONNECT queue[1]: addr=D5:53:48:EF:8F:59 (random) link=nus uuid=- target=unknown
[RECV] CONNECT pending[1]: addr_valid=1 link=nus uuid=- scan_running=1 conn_count=1
[RECV] CONNECT pending[1]: bt_le_scan_stop rc=0 scan_running=1
[RECV] CONNECT pending[1] rc=0 conn=0x200020f0
[RECV] Connected[1]: D5:53:48:EF:8F:59 (random) name=- bs=BSDC91
[RECV] CONNECT state[1]: link=nus uuid=- ready=0 conn=0x200020f0
SETUP[1] defer: waiting 343 ms before discovery start
[RECV] Disconnected[1]: D5:53:48:EF:8F:59 (random) reason=0x3e link=nus ready=0
[RECV] CFG assigned[0]: bs=BSF66F tag=1 slot=0/10 mask=0x0021 period=40 active=24 gen=2 pmode=0
[RECV] TDMA weighted[0]: bs=BSF66F profile=motion target=5Hz mask=0x0021 slots=2/10 actual_x100=500 epoch_delay=3000
[RECV] SCAN start req: bt_ready=1 scan_running=0 connecting_slot=-1 conn_count=1 target=unknown prefix=BS
[RECV] Scanning for BS*
[RECV] BSF66F notify: CFG_OK TAG=1 SLOT=0/10 MASK=0x0021 PERIOD=40 ACTIVE=24 GEN=2 LIVE=1
[RECV] CFG confirmed[0]: tag=1 slot=0/10 mask=0x0021 period=40 active=24 gen=2 live=1
[HOST_CMD    5.76s] device kind anchor
[HOST_CMD    5.76s] device show
[HOST_CMD    5.76s] status
[HOST_EVT    5.76s] phase=A retry_anchor_kind
OTA NUS stage: disabled
[HOST_EVT    5.76s] phase=A ota_nus_disabled
[RECV] One-shot NUS command cleared (runtime)
[RECV] Mode switch preflight: disconnect requests=1
[RECV] device kind set: anchor (OTA target defaults reset)
[RECV] Master discovery mode: CONN & START
[RECV] Peer clear wait: waited=0 conn_count=1 ready_count=0
[HOST_CMD    7.81s] device kind anchor
[HOST_CMD    7.81s] device show
[HOST_CMD    7.81s] status
[HOST_EVT    7.81s] phase=A retry_anchor_kind
[RECV] Peer clear wait timeout: conn_count=1 ready_count=0
[RECV] SCAN start req: bt_ready=1 scan_running=0 connecting_slot=-1 conn_count=1 target=anchor prefix=ANCHOR-
[RECV] Scanning for ANCHOR-*
[RECV] System target: kind=anchor caps=0x0b (config=1 ota=1 stream=0 status=1)
[HOST_EVT    9.02s] phase=A system_target_anchor
[HOST_CMD    9.02s] ota_target uuid B3087BC3D87CCCD316AEDC6B71D6677F
[HOST_CMD    9.02s] ota_target show
[HOST_EVT    9.02s] phase=A anchor_ready_uuid_write
OTA target filter: token=-1 name=- prefix=BS uuid=-
[HOST_EVT    9.02s] phase=A filter_readback uuid=-
[RECV] Control status: mode=RECV pending=0
[RECV] Disconnected[0]: FC:9A:15:34:AB:20 (random) reason=0x16 link=nus ready=1
[RECV] ota_target uuid rc=0 value=b3087bc3d87cccd316aedc6b71d6677f
[HOST_EVT    9.02s] phase=A uuid_ack_ok
OTA target filter: token=-1 name=- prefix=BS uuid=B3087BC3D87CCCD316AEDC6B71D6677F
[HOST_EVT    9.02s] phase=A filter_readback uuid=B3087BC3D87CCCD316AEDC6B71D6677F
[HOST_CMD    9.02s] mode ota
OTA target filter: token=-1 name=- prefix=BS uuid=B3087BC3D87CCCD316AEDC6B71D6677F
[RECV] MODE_TRANSITION: request RECV->OTA (pre-gate)
[RECV] RECV_BG gate: SUPPRESS reason=request_to_ota
[RECV] UART requested: switching to OTA
[RECV] MODE_TRANSITION: RECV->OTA transition_active=1
[RECV] Mode switch preflight: disconnect requests=0
[OTA] Control mode staged: OTA
[OTA] OTA target staged: token=-1 name=- prefix=BS uuid=b3087bc3d87cccd316aedc6b71d6677f
[OTA] Control mode now OTA, rebooting
[HOST_EVT   10.40s] phase=A serial_disconnect_expected err=device reports readiness to read but returned no data (device disconnected or multiple access on port?)
[HOST_EVT   11.20s] phase=B serial_reconnected port=/dev/serial/by-id/usb-BioSpur_BioSpur_BLE_Control_87EA2F4A526C5A02-if00
[HOST_CMD   11.20s] status
[HOST_CMD   11.20s] ota_target show
*** Booting nRF Connect SDK v2.8.0-a2386bfc8401 ***
*** Using Zephyr OS v3.7.99-0bc3393fb112 ***
[RECV] LED map: 1=AUTOPOS 2=RECV 3=OTA 4=FLOW
[OTA] Control mode loaded: OTA
[OTA] UART control ready: type 'status' or 'mode recv'/'mode ota'/'mode autopos'
[OTA] OTA target restored: token=-1 name=- prefix=BS uuid=b3087bc3d87cccd316aedc6b71d6677f
OTA_STATE:target_configured detail=token
OTA NUS stage: disabled
OTA target filter: token=-1 name=- prefix=BS uuid=B3087BC3D87CCCD316AEDC6B71D6677F
[HOST_CMD   11.30s] initiate
[OTA] BioSpur BLE master control ready on nrf5340dk/nrf5340/cpuapp
[OTA] BTN1 toggles RECV/OTA, BTN2 forces OTA mode, BTN3=SCAN, BTN4=CONN&START
[OTA] Commands: status | mode recv | mode ota | mode autopos | scan | conn | initiate
[OTA] OTA runtime cmds: ota_reset | ota show | ota version
[OTA] Runtime NUS cmds: cmd <raw> | oneshot <raw> | oneshot show | oneshot clear
[OTA] TDMA cmds: tdma show | tdma profile <BSxxxx> <static|roto|motion> | tdma freq <static|roto|motion> <hz> | tdma rebalance
[OTA] Device modeOTA initiate: disconnect requests=0
OTA_STATE:connect_pending detail=initiate
OTA session acquired: reason=initiate
OTA initiate: scan restarted (passive), armed=1
[OTA] initiate rc=0
Scan reject: C0:00:00:00:58:8D (public) reason=uuid_mismatch got=- want=B3087BC3D87CCCD316AEDC6B71D6677F
OTA_STATE:target_rejected detail=uuid_mismatch
Scan reject: C0:1D:D1:D0:CE:B0 (random) reason=uuid_mismatch got=B9179575C776C98F1CB132DD6EDC6223 want=B3087BC3D87CCCD316AEDC6B71D6677F
Scan reject: 65:D1:47:66:71:4F (random) reason=uuid_mismatch got=- want=B3087BC3D87CCCD316AEDC6B71D6677F
Scan reject: 5C:83:F0:6F:9B:55 (random) reason=uuid_mismatch got=- want=B3087BC3D87CCCD316AEDC6B71D6677F
Scan reject: E9:CB:F3:C4:51:43 (random) reason=uuid_mismatch got=840C68591E90019821AACFF1B73AAA34 want=B3087BC3D87CCCD316AEDC6B71D6677F
Scan reject: 1D:4E:76:07:66:9F (random) reason=uuid_mismatch got=- want=B3087BC3D87CCCD316AEDC6B71D6677F
Scan reject: F1:B3:DF:83:B1:C9 (random) reason=uuid_mismatch got=AB14CCA262A092E70EB26B0ACB0A394B want=B3087BC3D87CCCD316AEDC6B71D6677F
Scan reject: C0:00:00:00:58:8D (public) reason=uuid_mismatch got=- want=B3087BC3D87CCCD316AEDC6B71D6677F
Scan reject: 25:10:C1:81:F3:CB (random) reason=uuid_mismatch got=- want=B3087BC3D87CCCD316AEDC6B71D6677F
Scan reject: C0:00:00:00:58:8D (public) reason=uuid_mismatch got=- want=B3087BC3D87CCCD316AEDC6B71D6677F
Scan reject: C0:1D:D1:D0:CE:B0 (random) reason=uuid_mismatch got=B9179575C776C98F1CB132DD6EDC6223 want=B3087BC3D87CCCD316AEDC6B71D6677F
Scan reject: E3:77:2C:61:AA:19 (random) reason=uuid_mismatch got=1EABFBEC28B8053FBB0D5C448112AE93 want=B3087BC3D87CCCD316AEDC6B71D6677F
Scan reject: 74:AC:9D:A5:A5:CD (random) reason=uuid_mismatch got=- want=B3087BC3D87CCCD316AEDC6B71D6677F
Scan reject: 72:E1:C6:17:32:D4 (random) reason=uuid_mismatch got=- want=B3087BC3D87CCCD316AEDC6B71D6677F
Scan reject: D5:53:48:EF:8F:59 (random) reason=uuid_mismatch got=- want=B3087BC3D87CCCD316AEDC6B71D6677F
Scan reject: D9:C7:9C:16:71:C9 (random) reason=uuid_mismatch got=A892AF05DD59CF0D0D3408AD74F364A1 want=B3087BC3D87CCCD316AEDC6B71D6677F
Scan reject: FD:64:2E:93:37:86 (random) reason=uuid_mismatch got=CEE5A7EFCB35F8A56B430047629F5309 want=B3087BC3D87CCCD316AEDC6B71D6677F
Scan reject: C0:00:00:00:58:8D (public) reason=uuid_mismatch got=- want=B3087BC3D87CCCD316AEDC6B71D6677F
Scan reject: F2:B7:4E:8A:79:01 (random) reason=uuid_mismatch got=4DC6B8187E33803AE8601FB0D7992B96 want=B3087BC3D87CCCD316AEDC6B71D6677F
Scan reject: E3:77:2C:61:AA:19 (random) reason=uuid_mismatch got=1EABFBEC28B8053FBB0D5C448112AE93 want=B3087BC3D87CCCD316AEDC6B71D6677F
Scan reject: FC:9A:15:34:AB:20 (random) reason=uuid_mismatch got=- want=B3087BC3D87CCCD316AEDC6B71D6677F
Scan reject: C0:00:00:00:58:8D (public) reason=uuid_mismatch got=- want=B3087BC3D87CCCD316AEDC6B71D6677F
Scan reject: FF:5E:D2:80:EA:D2 (random) reason=uuid_mismatch got=- want=B3087BC3D87CCCD316AEDC6B71D6677F
Scan reject: 5C:83:F0:6F:9B:55 (random) reason=uuid_mismatch got=- want=B3087BC3D87CCCD316AEDC6B71D6677F
Scan reject: C0:00:00:00:58:8D (public) reason=uuid_mismatch got=- want=B3087BC3D87CCCD316AEDC6B71D6677F
Scan reject: D5:53:48:EF:8F:59 (random) reason=uuid_mismatch got=- want=B3087BC3D87CCCD316AEDC6B71D6677F
Scan reject: 65:D1:47:66:71:4F (random) reason=uuid_mismatch got=- want=B3087BC3D87CCCD316AEDC6B71D6677F
Scan reject: D9:C7:9C:16:71:C9 (random) reason=uuid_mismatch got=A892AF05DD59CF0D0D3408AD74F364A1 want=B3087BC3D87CCCD316AEDC6B71D6677F
Scan reject: FD:64:2E:93:37:86 (random) reason=uuid_mismatch got=CEE5A7EFCB35F8A56B430047629F5309 want=B3087BC3D87CCCD316AEDC6B71D6677F
Scan reject: F2:B7:4E:8A:79:01 (random) reason=uuid_mismatch got=4DC6B8187E33803AE8601FB0D7992B96 want=B3087BC3D87CCCD316AEDC6B71D6677F
Scan reject: C0:00:00:00:58:8D (public) reason=uuid_mismatch got=- want=B3087BC3D87CCCD316AEDC6B71D6677F
Scan reject: FC:9A:15:34:AB:20 (random) reason=uuid_mismatch got=- want=B3087BC3D87CCCD316AEDC6B71D6677F
Scan reject: FF:5E:D2:80:EA:D2 (random) reason=uuid_mismatch got=- want=B3087BC3D87CCCD316AEDC6B71D6677F
Scan reject: E9:CB:F3:C4:51:43 (random) reason=uuid_mismatch got=840C68591E90019821AACFF1B73AAA34 want=B3087BC3D87CCCD316AEDC6B71D6677F
Scan reject: F1:B3:DF:83:B1:C9 (random) reason=uuid_mismatch got=AB14CCA262A092E70EB26B0ACB0A394B want=B3087BC3D87CCCD316AEDC6B71D6677F
Scan eval: EC:9F:55:9D:7E:A1 (random) conn=1 token=83 uuid=B3087BC3D87CCCD316AEDC6B71D6677F name=- bs=- name_ok=1 token_ok=1 uuid_ok=1 strict_id=1
Scan decision: EC:9F:55:9D:7E:A1 (random) accept=1 default_conn=0 target_name=- target_token=-1 target_uuid=B3087BC3D87CCCD316AEDC6B71D6677F
Connect start: EC:9F:55:9D:7E:A1 (random) token=83 name=- bs=-
OTA_STATE:connect_pending detail=bt_conn_le_create
Connected: EC:9F:55:9D:7E:A1 (random)
Connected target evidence: verified=1 uuid=B3087BC3D87CCCD316AEDC6B71D6677F name=- token=83
OTA_STATE:connected_verified detail=connected
OTA watchdog armed: wait_dfu_ready timeout=2500 ms uuid=B3087BC3D87CCCD316AEDC6B71D6677F conn=0x20002020
Connected MTU: 23
Conn LE params: int=6 lat=0 timeout=400
PHY update request rc=0
Conn param update request rc=0
Security OTA: skip L2 upgrade, use current link level
MTU exchange done, mtu=498
OTA watchdog cancel: reason=dfu_ready
DFU SMP service ready
DFU handles: smp=0x001f ccc=0x0020
OTA start gate: mtu=498 conn=0x20002020
OTA upload gate probe: attempt=1/5
OTA image state read request
OTA send: op=0 len=1 group=0x0001 cmd=0x00 seq=1
OTA first-frame raw: transport=write_req handle=0x001f total=9 hdr_op=0 hdr_flags=0x00 hdr_len=1 hdr_group=0x0001 hdr_id=0x00 hdr_seq=1 raw=0000000100010100a0
OTA SMP subscribe cb: conn=0x20002020 err=0 value_handle=0x001f ccc=0x0020
OTA SMP subscribe ok: rc=0 smp=0x001f ccc=0x0020
OTA command issued(write_req): rc=0 tx_len=9 smp=0x001f ccc=0x0020 sec=1
OTA rsp part: t=3687 conn=0x20002020 grp=0x0001 cmd=0x00 seq=1 off=0 chunk=149 acc=149 total=149
OTA tx inflight: t=3700 conn=0x20002020 grp=0x0001 cmd=0x00 seq=1 len=1
OTA rx complete: t=3700 dt=0 conn=0x20002020 grp=0x0001 cmd=0x00 seq=1 rsp_len=149
OTA command done: group=0x0001 cmd=0x00 status=0 off=0
OTA IMG_STATE rsp: status=0 payload=141 bytes
OTA IMG_STATE rsp bytes: bf 66 69 6d 61 67 65 73 9f bf 64 73 6c 6f 74 00 67 76 65 72 73 69 6f 6e 6c 30 2e 30 2e 33 2e 31 31 34 32 34 39 64 68 61 73 68 58 20 eb 12 1e f5 cc 77 81 b4 5a f3 85 6a b3 8d 87 48 04 26 d6 e1 bf 25 00 4b 47 cf 8b de 38 7c 7c 70 68 62 6f 6f 74 61 62 6c 65 f5 67 70 65 6e 64 69 6e 67 f4 69 63 6f 6e 66 69 72 6d 65 64 f5 66 61 63 74 69 76 65 f5 69 70 65 72 6d 61 6e 65 6e 74 f4 ff ff 6b 73 70 6c 69 74 53 74 61 74 75 73 00 ff
OTA upload gate open: attempt=1
OTA_STATE:ota_uploading detail=start
OTA prime echo request
OTA prime payload len=8 bytes:a161646470696e67
OTA send: op=2 len=8 group=0x0000 cmd=0x00 seq=2
OTA command issued(write_cmd): rc=0 tx_len=16 smp=0x001f ccc=0x0020 sec=1
OTA tx inflight: t=3706 conn=0x20002020 grp=0x0000 cmd=0x00 seq=2 len=8
OTA rsp part: t=3797 conn=0x20002020 grp=0x0000 cmd=0x00 seq=2 off=0 chunk=17 acc=17 total=17
OTA rx complete: t=3798 dt=92 conn=0x20002020 grp=0x0000 cmd=0x00 seq=2 rsp_len=17
OTA command done: group=0x0000 cmd=0x00 status=0 off=0
OTA erase secondary slot request
OTA send: op=2 len=7 group=0x0001 cmd=0x05 seq=3
OTA command issued(write_cmd): rc=0 tx_len=15 smp=0x001f ccc=0x0020 sec=1
OTA tx inflight: t=3800 conn=0x20002020 grp=0x0001 cmd=0x05 seq=3 len=7
OTA rsp part: t=3932 conn=0x20002020 grp=0x0001 cmd=0x05 seq=3 off=0 chunk=10 acc=10 total=10
OTA rx complete: t=3933 dt=133 conn=0x20002020 grp=0x0001 cmd=0x05 seq=3 rsp_len=10
OTA command done: group=0x0001 cmd=0x05 status=0 off=0
OTA upload starting: image_len=170512 bytes
OTA upload progress: 0% (0/170512 bytes)
OTA chunk downshift: off=0 requested=448 actual=224 mtu=498
OTA upload progress: 0% (224/170512 bytes)
OTA first IMG_UPLOAD tx prep: t=3935 conn=0x20002020 uuid=B3087BC3D87CCCD316AEDC6B71D6677F off=0 chunk=224
OTA send: op=2 len=291 group=0x0001 cmd=0x01 seq=4
OTA command issued(write_cmd): rc=0 tx_len=299 smp=0x001f ccc=0x0020 sec=1
OTA tx inflight: t=3936 conn=0x20002020 grp=0x0001 cmd=0x01 seq=4 len=291
OTA rsp part: t=4097 conn=0x20002020 grp=0x0001 cmd=0x01 seq=4 off=0 chunk=16 acc=16 total=16
OTA rx complete: t=4098 dt=162 conn=0x20002020 grp=0x0001 cmd=0x01 seq=4 rsp_len=16
OTA send: op=2 len=470 group=0x0001 cmd=0x01 seq=5
OTA command issued(write_cmd): rc=0 tx_len=478 smp=0x001f ccc=0x0020 sec=1
OTA tx inflight: t=4099 conn=0x20002020 grp=0x0001 cmd=0x01 seq=5 len=470
OTA rsp part: t=4240 conn=0x20002020 grp=0x0001 cmd=0x01 seq=5 off=0 chunk=17 acc=17 total=17
OTA rx complete: t=4240 dt=141 conn=0x20002020 grp=0x0001 cmd=0x01 seq=5 rsp_len=17
OTA send: op=2 len=471 group=0x0001 cmd=0x01 seq=6
OTA command issued(write_cmd): rc=0 tx_len=479 smp=0x001f ccc=0x0020 sec=1
OTA tx inflight: t=4242 conn=0x20002020 grp=0x0001 cmd=0x01 seq=6 len=471
OTA rsp part: t=4390 conn=0x20002020 grp=0x0001 cmd=0x01 seq=6 off=0 chunk=17 acc=17 total=17
OTA rx complete: t=4390 dt=148 conn=0x20002020 grp=0x0001 cmd=0x01 seq=6 rsp_len=17
OTA send: op=2 len=471 group=0x0001 cmd=0x01 seq=7
OTA command issued(write_cmd): rc=0 tx_len=479 smp=0x001f ccc=0x0020 sec=1
OTA tx inflight: t=4392 conn=0x20002020 grp=0x0001 cmd=0x01 seq=7 len=471
OTA rsp part: t=4532 conn=0x20002020 grp=0x0001 cmd=0x01 seq=7 off=0 chunk=17 acc=17 total=17
OTA rx complete: t=4533 dt=141 conn=0x20002020 grp=0x0001 cmd=0x01 seq=7 rsp_len=17
OTA upload progress: 1% (2016/170512 bytes)
OTA send: op=2 len=471 group=0x0001 cmd=0x01 seq=8
OTA command issued(write_cmd): rc=0 tx_len=479 smp=0x001f ccc=0x0020 sec=1
OTA tx inflight: t=4535 conn=0x20002020 grp=0x0001 cmd=0x01 seq=8 len=471
OTA rsp part: t=4667 conn=0x20002020 grp=0x0001 cmd=0x01 seq=8 off=0 chunk=17 acc=17 total=17
OTA rx complete: t=4668 dt=133 conn=0x20002020 grp=0x0001 cmd=0x01 seq=8 rsp_len=17
OTA send: op=2 len=471 group=0x0001 cmd=0x01 seq=9
OTA command issued(write_cmd): rc=0 tx_len=479 smp=0x001f ccc=0x0020 sec=1
OTA tx inflight: t=4669 conn=0x20002020 grp=0x0001 cmd=0x01 seq=9 len=471
OTA rsp part: t=4817 conn=0x20002020 grp=0x0001 cmd=0x01 seq=9 off=0 chunk=17 acc=17 total=17
OTA rx complete: t=4818 dt=149 conn=0x20002020 grp=0x0001 cmd=0x01 seq=9 rsp_len=17
OTA send: op=2 len=471 group=0x0001 cmd=0x01 seq=10
OTA command issued(write_cmd): rc=0 tx_len=479 smp=0x001f ccc=0x0020 sec=1
OTA tx inflight: t=4819 conn=0x20002020 grp=0x0001 cmd=0x01 seq=10 len=471
OTA rsp part: t=4960 conn=0x20002020 grp=0x0001 cmd=0x01 seq=10 off=0 chunk=17 acc=17 total=17
OTA rx complete: t=4960 dt=141 conn=0x20002020 grp=0x0001 cmd=0x01 seq=10 rsp_len=17
OTA send: op=2 len=471 group=0x0001 cmd=0x01 seq=11
OTA command issued(write_cmd): rc=0 tx_len=479 smp=0x001f ccc=0x0020 sec=1
OTA tx inflight: t=4962 conn=0x20002020 grp=0x0001 cmd=0x01 seq=11 len=471
OTA rsp part: t=5102 conn=0x20002020 grp=0x0001 cmd=0x01 seq=11 off=0 chunk=17 acc=17 total=17
OTA rx complete: t=5103 dt=141 conn=0x20002020 grp=0x0001 cmd=0x01 seq=11 rsp_len=17
OTA upload progress: 2% (3808/170512 bytes)
OTA send: op=2 len=471 group=0x0001 cmd=0x01 seq=12
OTA command issued(write_cmd): rc=0 tx_len=479 smp=0x001f ccc=0x0020 sec=1
OTA tx inflight: t=5105 conn=0x20002020 grp=0x0001 cmd=0x01 seq=12 len=471
OTA rsp part: t=5252 conn=0x20002020 grp=0x0001 cmd=0x01 seq=12 off=0 chunk=17 acc=17 total=17
OTA rx complete: t=5253 dt=148 conn=0x20002020 grp=0x0001 cmd=0x01 seq=12 rsp_len=17
OTA send: op=2 len=471 group=0x0001 cmd=0x01 seq=13
OTA command issued(write_cmd): rc=0 tx_len=479 smp=0x001f ccc=0x0020 sec=1
OTA tx inflight: t=5254 conn=0x20002020 grp=0x0001 cmd=0x01 seq=13 len=471
OTA rsp part: t=5395 conn=0x20002020 grp=0x0001 cmd=0x01 seq=13 off=0 chunk=17 acc=17 total=17
OTA rx complete: t=5395 dt=141 conn=0x20002020 grp=0x0001 cmd=0x01 seq=13 rsp_len=17
OTA send: op=2 len=471 group=0x0001 cmd=0x01 seq=14
OTA command issued(write_cmd): rc=0 tx_len=479 smp=0x001f ccc=0x0020 sec=1
OTA tx inflight: t=5397 conn=0x20002020 grp=0x0001 cmd=0x01 seq=14 len=471
OTA rsp part: t=5537 conn=0x20002020 grp=0x0001 cmd=0x01 seq=14 off=0 chunk=17 acc=17 total=17
OTA rx complete: t=5538 dt=141 conn=0x20002020 grp=0x0001 cmd=0x01 seq=14 rsp_len=17
OTA upload progress: 3% (5152/170512 bytes)
OTA send: op=2 len=471 group=0x0001 cmd=0x01 seq=15
OTA command issued(write_cmd): rc=0 tx_len=479 smp=0x001f ccc=0x0020 sec=1
OTA tx inflight: t=5540 conn=0x20002020 grp=0x0001 cmd=0x01 seq=15 len=471
OTA rsp part: t=5680 conn=0x20002020 grp=0x0001 cmd=0x01 seq=15 off=0 chunk=17 acc=17 total=17
OTA rx complete: t=5680 dt=140 conn=0x20002020 grp=0x0001 cmd=0x01 seq=15 rsp_len=17
OTA send: op=2 len=471 group=0x0001 cmd=0x01 seq=16
OTA command issued(write_cmd): rc=0 tx_len=479 smp=0x001f ccc=0x0020 sec=1
OTA tx inflight: t=5682 conn=0x20002020 grp=0x0001 cmd=0x01 seq=16 len=471
OTA rsp part: t=5807 conn=0x20002020 grp=0x0001 cmd=0x01 seq=16 off=0 chunk=17 acc=17 total=17
OTA rx complete: t=5808 dt=126 conn=0x20002020 grp=0x0001 cmd=0x01 seq=16 rsp_len=17
OTA send: op=2 len=471 group=0x0001 cmd=0x01 seq=17
OTA command issued(write_cmd): rc=0 tx_len=479 smp=0x001f ccc=0x0020 sec=1
OTA tx inflight: t=5809 conn=0x20002020 grp=0x0001 cmd=0x01 seq=17 len=471
OTA rsp part: t=5950 conn=0x20002020 grp=0x0001 cmd=0x01 seq=17 off=0 chunk=17 acc=17 total=17
OTA rx complete: t=5950 dt=141 conn=0x20002020 grp=0x0001 cmd=0x01 seq=17 rsp_len=17
OTA send: op=2 len=471 group=0x0001 cmd=0x01 seq=18
OTA command issued(write_cmd): rc=0 tx_len=479 smp=0x001f ccc=0x0020 sec=1
OTA tx inflight: t=5952 conn=0x20002020 grp=0x0001 cmd=0x01 seq=18 len=471
OTA rsp part: t=6092 conn=0x20002020 grp=0x0001 cmd=0x01 seq=18 off=0 chunk=17 acc=17 total=17
OTA rx complete: t=6093 dt=141 conn=0x20002020 grp=0x0001 cmd=0x01 seq=18 rsp_len=17
OTA upload progress: 4% (6944/170512 bytes)
OTA send: op=2 len=471 group=0x0001 cmd=0x01 seq=19
OTA command issued(write_cmd): rc=0 tx_len=479 smp=0x001f ccc=0x0020 sec=1
OTA tx inflight: t=6095 conn=0x20002020 grp=0x0001 cmd=0x01 seq=19 len=471
OTA rsp part: t=6235 conn=0x20002020 grp=0x0001 cmd=0x01 seq=19 off=0 chunk=17 acc=17 total=17
OTA rx complete: t=6235 dt=140 conn=0x20002020 grp=0x0001 cmd=0x01 seq=19 rsp_len=17
OTA send: op=2 len=471 group=0x0001 cmd=0x01 seq=20
OTA command issued(write_cmd): rc=0 tx_len=479 smp=0x001f ccc=0x0020 sec=1
OTA tx inflight: t=6237 conn=0x20002020 grp=0x0001 cmd=0x01 seq=20 len=471
OTA rsp part: t=6377 conn=0x20002020 grp=0x0001 cmd=0x01 seq=20 off=0 chunk=17 acc=17 total=17
OTA rx complete: t=6378 dt=141 conn=0x20002020 grp=0x0001 cmd=0x01 seq=20 rsp_len=17
OTA send: op=2 len=471 group=0x0001 cmd=0x01 seq=21
OTA command issued(write_cmd): rc=0 tx_len=479 smp=0x001f ccc=0x0020 sec=1
OTA tx inflight: t=6379 conn=0x20002020 grp=0x0001 cmd=0x01 seq=21 len=471
OTA rsp part: t=6520 conn=0x20002020 grp=0x0001 cmd=0x01 seq=21 off=0 chunk=17 acc=17 total=17
OTA rx complete: t=6520 dt=141 conn=0x20002020 grp=0x0001 cmd=0x01 seq=21 rsp_len=17
OTA send: op=2 len=471 group=0x0001 cmd=0x01 seq=22
OTA command issued(write_cmd): rc=0 tx_len=479 smp=0x001f ccc=0x0020 sec=1
OTA tx inflight: t=6522 conn=0x20002020 grp=0x0001 cmd=0x01 seq=22 len=471
OTA rsp part: t=6662 conn=0x20002020 grp=0x0001 cmd=0x01 seq=22 off=0 chunk=17 acc=17 total=17
OTA rx complete: t=6663 dt=141 conn=0x20002020 grp=0x0001 cmd=0x01 seq=22 rsp_len=17
OTA upload progress: 5% (8736/170512 bytes)
OTA send: op=2 len=471 group=0x0001 cmd=0x01 seq=23
OTA command issued(write_cmd): rc=0 tx_len=479 smp=0x001f ccc=0x0020 sec=1
OTA tx inflight: t=6665 conn=0x20002020 grp=0x0001 cmd=0x01 seq=23 len=471
OTA rsp part: t=6805 conn=0x20002020 grp=0x0001 cmd=0x01 seq=23 off=0 chunk=17 acc=17 total=17
OTA rx complete: t=6805 dt=140 conn=0x20002020 grp=0x0001 cmd=0x01 seq=23 rsp_len=17
OTA send: op=2 len=471 group=0x0001 cmd=0x01 seq=24
OTA command issued(write_cmd): rc=0 tx_len=479 smp=0x001f ccc=0x0020 sec=1
OTA tx inflight: t=6807 conn=0x20002020 grp=0x0001 cmd=0x01 seq=24 len=471
OTA rsp part: t=6932 conn=0x20002020 grp=0x0001 cmd=0x01 seq=24 off=0 chunk=17 acc=17 total=17
OTA rx complete: t=6933 dt=126 conn=0x20002020 grp=0x0001 cmd=0x01 seq=24 rsp_len=17
OTA send: op=2 len=471 group=0x0001 cmd=0x01 seq=25
OTA command issued(write_cmd): rc=0 tx_len=479 smp=0x001f ccc=0x0020 sec=1
OTA tx inflight: t=6934 conn=0x20002020 grp=0x0001 cmd=0x01 seq=25 len=471
OTA rsp part: t=7101 conn=0x20002020 grp=0x0001 cmd=0x01 seq=25 off=0 chunk=17 acc=17 total=17
OTA rx complete: t=7101 dt=167 conn=0x20002020 grp=0x0001 cmd=0x01 seq=25 rsp_len=17
OTA send: op=2 len=471 group=0x0001 cmd=0x01 seq=26
OTA command issued(write_cmd): rc=0 tx_len=479 smp=0x001f ccc=0x0020 sec=1
OTA tx inflight: t=7103 conn=0x20002020 grp=0x0001 cmd=0x01 seq=26 len=471
OTA rsp part: t=7236 conn=0x20002020 grp=0x0001 cmd=0x01 seq=26 off=0 chunk=17 acc=17 total=17
OTA rx complete: t=7236 dt=133 conn=0x20002020 grp=0x0001 cmd=0x01 seq=26 rsp_len=17
OTA upload progress: 6% (10528/170512 bytes)
OTA send: op=2 len=471 group=0x0001 cmd=0x01 seq=27
OTA command issued(write_cmd): rc=0 tx_len=479 smp=0x001f ccc=0x0020 sec=1
OTA tx inflight: t=7238 conn=0x20002020 grp=0x0001 cmd=0x01 seq=27 len=471
OTA rsp part: t=7382 conn=0x20002020 grp=0x0001 cmd=0x01 seq=27 off=0 chunk=17 acc=17 total=17
OTA rx complete: t=7383 dt=145 conn=0x20002020 grp=0x0001 cmd=0x01 seq=27 rsp_len=17
OTA send: op=2 len=471 group=0x0001 cmd=0x01 seq=28
OTA command issued(write_cmd): rc=0 tx_len=479 smp=0x001f ccc=0x0020 sec=1
OTA tx inflight: t=7384 conn=0x20002020 grp=0x0001 cmd=0x01 seq=28 len=471
OTA rsp part: t=7517 conn=0x20002020 grp=0x0001 cmd=0x01 seq=28 off=0 chunk=17 acc=17 total=17
OTA rx complete: t=7518 dt=134 conn=0x20002020 grp=0x0001 cmd=0x01 seq=28 rsp_len=17
OTA send: op=2 len=471 group=0x0001 cmd=0x01 seq=29
OTA command issued(write_cmd): rc=0 tx_len=479 smp=0x001f ccc=0x0020 sec=1
OTA tx inflight: t=7519 conn=0x20002020 grp=0x0001 cmd=0x01 seq=29 len=471
OTA rsp part: t=7652 conn=0x20002020 grp=0x0001 cmd=0x01 seq=29 off=0 chunk=17 acc=17 total=17
OTA rx complete: t=7653 dt=134 conn=0x20002020 grp=0x0001 cmd=0x01 seq=29 rsp_len=17
OTA send: op=2 len=471 group=0x0001 cmd=0x01 seq=30
OTA command issued(write_cmd): rc=0 tx_len=479 smp=0x001f ccc=0x0020 sec=1
OTA tx inflight: t=7654 conn=0x20002020 grp=0x0001 cmd=0x01 seq=30 len=471
OTA rsp part: t=7787 conn=0x20002020 grp=0x0001 cmd=0x01 seq=30 off=0 chunk=17 acc=17 total=17
OTA rx complete: t=7788 dt=134 conn=0x20002020 grp=0x0001 cmd=0x01 seq=30 rsp_len=17
OTA upload progress: 7% (12320/170512 bytes)
OTA send: op=2 len=471 group=0x0001 cmd=0x01 seq=31
OTA command issued(write_cmd): rc=0 tx_len=479 smp=0x001f ccc=0x0020 sec=1
OTA tx inflight: t=7790 conn=0x20002020 grp=0x0001 cmd=0x01 seq=31 len=471
OTA rsp part: t=7922 conn=0x20002020 grp=0x0001 cmd=0x01 seq=31 off=0 chunk=17 acc=17 total=17
OTA rx complete: t=7923 dt=133 conn=0x20002020 grp=0x0001 cmd=0x01 seq=31 rsp_len=17
OTA send: op=2 len=471 group=0x0001 cmd=0x01 seq=32
OTA command issued(write_cmd): rc=0 tx_len=479 smp=0x001f ccc=0x0020 sec=1
OTA tx inflight: t=7924 conn=0x20002020 grp=0x0001 cmd=0x01 seq=32 len=471
OTA rsp part: t=8046 conn=0x20002020 grp=0x0001 cmd=0x01 seq=32 off=0 chunk=17 acc=17 total=17
OTA rx complete: t=8046 dt=122 conn=0x20002020 grp=0x0001 cmd=0x01 seq=32 rsp_len=17
OTA send: op=2 len=471 group=0x0001 cmd=0x01 seq=33
OTA command issued(write_cmd): rc=0 tx_len=479 smp=0x001f ccc=0x0020 sec=1
OTA tx inflight: t=8048 conn=0x20002020 grp=0x0001 cmd=0x01 seq=33 len=471
OTA rsp part: t=8192 conn=0x20002020 grp=0x0001 cmd=0x01 seq=33 off=0 chunk=17 acc=17 total=17
OTA rx complete: t=8193 dt=145 conn=0x20002020 grp=0x0001 cmd=0x01 seq=33 rsp_len=17
OTA upload progress: 8% (13664/170512 bytes)
OTA send: op=2 len=471 group=0x0001 cmd=0x01 seq=34
OTA command issued(write_cmd): rc=0 tx_len=479 smp=0x001f ccc=0x0020 sec=1
OTA tx inflight: t=8195 conn=0x20002020 grp=0x0001 cmd=0x01 seq=34 len=471
OTA rsp part: t=8327 conn=0x20002020 grp=0x0001 cmd=0x01 seq=34 off=0 chunk=17 acc=17 total=17
OTA rx complete: t=8328 dt=133 conn=0x20002020 grp=0x0001 cmd=0x01 seq=34 rsp_len=17
OTA send: op=2 len=471 group=0x0001 cmd=0x01 seq=35
OTA command issued(write_cmd): rc=0 tx_len=479 smp=0x001f ccc=0x0020 sec=1
OTA tx inflight: t=8329 conn=0x20002020 grp=0x0001 cmd=0x01 seq=35 len=471
OTA rsp part: t=8462 conn=0x20002020 grp=0x0001 cmd=0x01 seq=35 off=0 chunk=17 acc=17 total=17
OTA rx complete: t=8463 dt=134 conn=0x20002020 grp=0x0001 cmd=0x01 seq=35 rsp_len=17
OTA send: op=2 len=471 group=0x0001 cmd=0x01 seq=36
OTA command issued(write_cmd): rc=0 tx_len=479 smp=0x001f ccc=0x0020 sec=1
OTA tx inflight: t=8464 conn=0x20002020 grp=0x0001 cmd=0x01 seq=36 len=471
OTA rsp part: t=8597 conn=0x20002020 grp=0x0001 cmd=0x01 seq=36 off=0 chunk=17 acc=17 total=17
OTA rx complete: t=8598 dt=134 conn=0x20002020 grp=0x0001 cmd=0x01 seq=36 rsp_len=17
OTA send: op=2 len=471 group=0x0001 cmd=0x01 seq=37
OTA command issued(write_cmd): rc=0 tx_len=479 smp=0x001f ccc=0x0020 sec=1
OTA tx inflight: t=8599 conn=0x20002020 grp=0x0001 cmd=0x01 seq=37 len=471
OTA rsp part: t=8732 conn=0x20002020 grp=0x0001 cmd=0x01 seq=37 off=0 chunk=17 acc=17 total=17
OTA rx complete: t=8733 dt=134 conn=0x20002020 grp=0x0001 cmd=0x01 seq=37 rsp_len=17
OTA upload progress: 9% (15456/170512 bytes)
OTA send: op=2 len=471 group=0x0001 cmd=0x01 seq=38
OTA command issued(write_cmd): rc=0 tx_len=479 smp=0x001f ccc=0x0020 sec=1
OTA tx inflight: t=8735 conn=0x20002020 grp=0x0001 cmd=0x01 seq=38 len=471
OTA rsp part: t=8878 conn=0x20002020 grp=0x0001 cmd=0x01 seq=38 off=0 chunk=17 acc=17 total=17
OTA rx complete: t=8879 dt=144 conn=0x20002020 grp=0x0001 cmd=0x01 seq=38 rsp_len=17
OTA send: op=2 len=471 group=0x0001 cmd=0x01 seq=39
OTA command issued(write_cmd): rc=0 tx_len=479 smp=0x001f ccc=0x0020 sec=1
OTA tx inflight: t=8881 conn=0x20002020 grp=0x0001 cmd=0x01 seq=39 len=471
OTA rsp part: t=9013 conn=0x20002020 grp=0x0001 cmd=0x01 seq=39 off=0 chunk=17 acc=17 total=17
OTA rx complete: t=9014 dt=133 conn=0x20002020 grp=0x0001 cmd=0x01 seq=39 rsp_len=17
OTA send: op=2 len=471 group=0x0001 cmd=0x01 seq=40
OTA command issued(write_cmd): rc=0 tx_len=479 smp=0x001f ccc=0x0020 sec=1
OTA tx inflight: t=9016 conn=0x20002020 grp=0x0001 cmd=0x01 seq=40 len=471
OTA rsp part: t=9137 conn=0x20002020 grp=0x0001 cmd=0x01 seq=40 off=0 chunk=17 acc=17 total=17
OTA rx complete: t=9138 dt=122 conn=0x20002020 grp=0x0001 cmd=0x01 seq=40 rsp_len=17
OTA send: op=2 len=471 group=0x0001 cmd=0x01 seq=41
OTA command issued(write_cmd): rc=0 tx_len=479 smp=0x001f ccc=0x0020 sec=1
OTA tx inflight: t=9139 conn=0x20002020 grp=0x0001 cmd=0x01 seq=41 len=471
OTA rsp part: t=9272 conn=0x20002020 grp=0x0001 cmd=0x01 seq=41 off=0 chunk=17 acc=17 total=17
OTA rx complete: t=9273 dt=134 conn=0x20002020 grp=0x0001 cmd=0x01 seq=41 rsp_len=17
OTA upload progress: 10% (17248/170512 bytes)
OTA send: op=2 len=471 group=0x0001 cmd=0x01 seq=42
OTA command issued(write_cmd): rc=0 tx_len=479 smp=0x001f ccc=0x0020 sec=1
OTA tx inflight: t=9275 conn=0x20002020 grp=0x0001 cmd=0x01 seq=42 len=471
OTA rsp part: t=9407 conn=0x20002020 grp=0x0001 cmd=0x01 seq=42 off=0 chunk=17 acc=17 total=17
OTA rx complete: t=9408 dt=133 conn=0x20002020 grp=0x0001 cmd=0x01 seq=42 rsp_len=17
OTA send: op=2 len=471 group=0x0001 cmd=0x01 seq=43
OTA command issued(write_cmd): rc=0 tx_len=479 smp=0x001f ccc=0x0020 sec=1
OTA tx inflight: t=9409 conn=0x20002020 grp=0x0001 cmd=0x01 seq=43 len=471
OTA rsp part: t=9542 conn=0x20002020 grp=0x0001 cmd=0x01 seq=43 off=0 chunk=17 acc=17 total=17
OTA rx complete: t=9543 dt=134 conn=0x20002020 grp=0x0001 cmd=0x01 seq=43 rsp_len=17
OTA send: op=2 len=471 group=0x0001 cmd=0x01 seq=44
OTA command issued(write_cmd): rc=0 tx_len=479 smp=0x001f ccc=0x0020 sec=1
OTA tx inflight: t=9544 conn=0x20002020 grp=0x0001 cmd=0x01 seq=44 len=471
OTA rsp part: t=9677 conn=0x20002020 grp=0x0001 cmd=0x01 seq=44 off=0 chunk=17 acc=17 total=17
OTA rx complete: t=9678 dt=134 conn=0x20002020 grp=0x0001 cmd=0x01 seq=44 rsp_len=17
OTA send: op=2 len=471 group=0x0001 cmd=0x01 seq=45
OTA command issued(write_cmd): rc=0 tx_len=479 smp=0x001f ccc=0x0020 sec=1
OTA tx inflight: t=9679 conn=0x20002020 grp=0x0001 cmd=0x01 seq=45 len=471
OTA rsp part: t=9812 conn=0x20002020 grp=0x0001 cmd=0x01 seq=45 off=0 chunk=17 acc=17 total=17
OTA rx complete: t=9813 dt=134 conn=0x20002020 grp=0x0001 cmd=0x01 seq=45 rsp_len=17
OTA upload progress: 11% (19040/170512 bytes)
OTA send: op=2 len=471 group=0x0001 cmd=0x01 seq=46
OTA command issued(write_cmd): rc=0 tx_len=479 smp=0x001f ccc=0x0020 sec=1
OTA tx inflight: t=9815 conn=0x20002020 grp=0x0001 cmd=0x01 seq=46 len=471
OTA rsp part: t=9947 conn=0x20002020 grp=0x0001 cmd=0x01 seq=46 off=0 chunk=17 acc=17 total=17
OTA rx complete: t=9948 dt=133 conn=0x20002020 grp=0x0001 cmd=0x01 seq=46 rsp_len=17
OTA send: op=2 len=471 group=0x0001 cmd=0x01 seq=47
OTA command issued(write_cmd): rc=0 tx_len=479 smp=0x001f ccc=0x0020 sec=1
OTA tx inflight: t=9949 conn=0x20002020 grp=0x0001 cmd=0x01 seq=47 len=471
OTA rsp part: t=10082 conn=0x20002020 grp=0x0001 cmd=0x01 seq=47 off=0 chunk=17 acc=17 total=17
OTA rx complete: t=10083 dt=134 conn=0x20002020 grp=0x0001 cmd=0x01 seq=47 rsp_len=17
OTA send: op=2 len=471 group=0x0001 cmd=0x01 seq=48
OTA command issued(write_cmd): rc=0 tx_len=479 smp=0x001f ccc=0x0020 sec=1
OTA tx inflight: t=10084 conn=0x20002020 grp=0x0001 cmd=0x01 seq=48 len=471
OTA rsp part: t=10206 conn=0x20002020 grp=0x0001 cmd=0x01 seq=48 off=0 chunk=17 acc=17 total=17
OTA rx complete: t=10207 dt=123 conn=0x20002020 grp=0x0001 cmd=0x01 seq=48 rsp_len=17
OTA send: op=2 len=471 group=0x0001 cmd=0x01 seq=49
OTA command issued(write_cmd): rc=0 tx_len=479 smp=0x001f ccc=0x0020 sec=1
OTA tx inflight: t=10208 conn=0x20002020 grp=0x0001 cmd=0x01 seq=49 len=471
OTA rsp part: t=10341 conn=0x20002020 grp=0x0001 cmd=0x01 seq=49 off=0 chunk=17 acc=17 total=17
OTA rx complete: t=10342 dt=134 conn=0x20002020 grp=0x0001 cmd=0x01 seq=49 rsp_len=17
OTA upload progress: 12% (20832/170512 bytes)
OTA send: op=2 len=471 group=0x0001 cmd=0x01 seq=50
OTA command issued(write_cmd): rc=0 tx_len=479 smp=0x001f ccc=0x0020 sec=1
OTA tx inflight: t=10343 conn=0x20002020 grp=0x0001 cmd=0x01 seq=50 len=471
OTA rsp part: t=10476 conn=0x20002020 grp=0x0001 cmd=0x01 seq=50 off=0 chunk=17 acc=17 total=17
OTA rx complete: t=10476 dt=134 conn=0x20002020 grp=0x0001 cmd=0x01 seq=50 rsp_len=17
OTA send: op=2 len=471 group=0x0001 cmd=0x01 seq=51
OTA command issued(write_cmd): rc=0 tx_len=479 smp=0x001f ccc=0x0020 sec=1
OTA tx inflight: t=10478 conn=0x20002020 grp=0x0001 cmd=0x01 seq=51 len=471
OTA rsp part: t=10622 conn=0x20002020 grp=0x0001 cmd=0x01 seq=51 off=0 chunk=17 acc=17 total=17
OTA rx complete: t=10623 dt=145 conn=0x20002020 grp=0x0001 cmd=0x01 seq=51 rsp_len=17
OTA send: op=2 len=471 group=0x0001 cmd=0x01 seq=52
OTA command issued(write_cmd): rc=0 tx_len=479 smp=0x001f ccc=0x0020 sec=1
OTA tx inflight: t=10624 conn=0x20002020 grp=0x0001 cmd=0x01 seq=52 len=471
OTA rsp part: t=10757 conn=0x20002020 grp=0x0001 cmd=0x01 seq=52 off=0 chunk=17 acc=17 total=17
OTA rx complete: t=10758 dt=134 conn=0x20002020 grp=0x0001 cmd=0x01 seq=52 rsp_len=17
OTA upload progress: 13% (22176/170512 bytes)
OTA send: op=2 len=471 group=0x0001 cmd=0x01 seq=53
OTA command issued(write_cmd): rc=0 tx_len=479 smp=0x001f ccc=0x0020 sec=1
OTA tx inflight: t=10760 conn=0x20002020 grp=0x0001 cmd=0x01 seq=53 len=471
OTA rsp part: t=10892 conn=0x20002020 grp=0x0001 cmd=0x01 seq=53 off=0 chunk=17 acc=17 total=17
OTA rx complete: t=10893 dt=133 conn=0x20002020 grp=0x0001 cmd=0x01 seq=53 rsp_len=17
OTA send: op=2 len=471 group=0x0001 cmd=0x01 seq=54
OTA command issued(write_cmd): rc=0 tx_len=479 smp=0x001f ccc=0x0020 sec=1
OTA tx inflight: t=10894 conn=0x20002020 grp=0x0001 cmd=0x01 seq=54 len=471
OTA rsp part: t=11027 conn=0x20002020 grp=0x0001 cmd=0x01 seq=54 off=0 chunk=17 acc=17 total=17
OTA rx complete: t=11028 dt=134 conn=0x20002020 grp=0x0001 cmd=0x01 seq=54 rsp_len=17
OTA send: op=2 len=471 group=0x0001 cmd=0x01 seq=55
OTA command issued(write_cmd): rc=0 tx_len=479 smp=0x001f ccc=0x0020 sec=1
OTA tx inflight: t=11029 conn=0x20002020 grp=0x0001 cmd=0x01 seq=55 len=471
OTA rsp part: t=11162 conn=0x20002020 grp=0x0001 cmd=0x01 seq=55 off=0 chunk=17 acc=17 total=17
OTA rx complete: t=11163 dt=134 conn=0x20002020 grp=0x0001 cmd=0x01 seq=55 rsp_len=17
OTA send: op=2 len=471 group=0x0001 cmd=0x01 seq=56
OTA command issued(write_cmd): rc=0 tx_len=479 smp=0x001f ccc=0x0020 sec=1
OTA tx inflight: t=11164 conn=0x20002020 grp=0x0001 cmd=0x01 seq=56 len=471
OTA rsp part: t=11286 conn=0x20002020 grp=0x0001 cmd=0x01 seq=56 off=0 chunk=17 acc=17 total=17
OTA rx complete: t=11287 dt=123 conn=0x20002020 grp=0x0001 cmd=0x01 seq=56 rsp_len=17
OTA upload progress: 14% (23968/170512 bytes)
OTA send: op=2 len=471 group=0x0001 cmd=0x01 seq=57
OTA command issued(write_cmd): rc=0 tx_len=479 smp=0x001f ccc=0x0020 sec=1
OTA tx inflight: t=11288 conn=0x20002020 grp=0x0001 cmd=0x01 seq=57 len=471
OTA rsp part: t=11421 conn=0x20002020 grp=0x0001 cmd=0x01 seq=57 off=0 chunk=17 acc=17 total=17
OTA rx complete: t=11421 dt=133 conn=0x20002020 grp=0x0001 cmd=0x01 seq=57 rsp_len=17
OTA send: op=2 len=471 group=0x0001 cmd=0x01 seq=58
OTA command issued(write_cmd): rc=0 tx_len=479 smp=0x001f ccc=0x0020 sec=1
OTA tx inflight: t=11423 conn=0x20002020 grp=0x0001 cmd=0x01 seq=58 len=471
OTA rsp part: t=11556 conn=0x20002020 grp=0x0001 cmd=0x01 seq=58 off=0 chunk=17 acc=17 total=17
OTA rx complete: t=11557 dt=134 conn=0x20002020 grp=0x0001 cmd=0x01 seq=58 rsp_len=17
OTA send: op=2 len=471 group=0x0001 cmd=0x01 seq=59
OTA command issued(write_cmd): rc=0 tx_len=479 smp=0x001f ccc=0x0020 sec=1
OTA tx inflight: t=11558 conn=0x20002020 grp=0x0001 cmd=0x01 seq=59 len=471
OTA rsp part: t=11691 conn=0x20002020 grp=0x0001 cmd=0x01 seq=59 off=0 chunk=17 acc=17 total=17
OTA rx complete: t=11692 dt=134 conn=0x20002020 grp=0x0001 cmd=0x01 seq=59 rsp_len=17
OTA send: op=2 len=471 group=0x0001 cmd=0x01 seq=60
OTA command issued(write_cmd): rc=0 tx_len=479 smp=0x001f ccc=0x0020 sec=1
OTA tx inflight: t=11693 conn=0x20002020 grp=0x0001 cmd=0x01 seq=60 len=471
OTA rsp part: t=11826 conn=0x20002020 grp=0x0001 cmd=0x01 seq=60 off=0 chunk=17 acc=17 total=17
OTA rx complete: t=11826 dt=133 conn=0x20002020 grp=0x0001 cmd=0x01 seq=60 rsp_len=17
OTA upload progress: 15% (25760/170512 bytes)
OTA send: op=2 len=471 group=0x0001 cmd=0x01 seq=61
OTA command issued(write_cmd): rc=0 tx_len=479 smp=0x001f ccc=0x0020 sec=1
OTA tx inflight: t=11828 conn=0x20002020 grp=0x0001 cmd=0x01 seq=61 len=471
OTA rsp part: t=11961 conn=0x20002020 grp=0x0001 cmd=0x01 seq=61 off=0 chunk=17 acc=17 total=17
OTA rx complete: t=11962 dt=134 conn=0x20002020 grp=0x0001 cmd=0x01 seq=61 rsp_len=17
OTA send: op=2 len=471 group=0x0001 cmd=0x01 seq=62
OTA command issued(write_cmd): rc=0 tx_len=479 smp=0x001f ccc=0x0020 sec=1
OTA tx inflight: t=11963 conn=0x20002020 grp=0x0001 cmd=0x01 seq=62 len=471
OTA rsp part: t=12096 conn=0x20002020 grp=0x0001 cmd=0x01 seq=62 off=0 chunk=17 acc=17 total=17
OTA rx complete: t=12097 dt=134 conn=0x20002020 grp=0x0001 cmd=0x01 seq=62 rsp_len=17
OTA send: op=2 len=471 group=0x0001 cmd=0x01 seq=63
OTA command issued(write_cmd): rc=0 tx_len=479 smp=0x001f ccc=0x0020 sec=1
OTA tx inflight: t=12098 conn=0x20002020 grp=0x0001 cmd=0x01 seq=63 len=471
OTA rsp part: t=12231 conn=0x20002020 grp=0x0001 cmd=0x01 seq=63 off=0 chunk=17 acc=17 total=17
OTA rx complete: t=12231 dt=133 conn=0x20002020 grp=0x0001 cmd=0x01 seq=63 rsp_len=17
OTA send: op=2 len=471 group=0x0001 cmd=0x01 seq=64
OTA command issued(write_cmd): rc=0 tx_len=479 smp=0x001f ccc=0x0020 sec=1
OTA tx inflight: t=12233 conn=0x20002020 grp=0x0001 cmd=0x01 seq=64 len=471
OTA rsp part: t=12355 conn=0x20002020 grp=0x0001 cmd=0x01 seq=64 off=0 chunk=17 acc=17 total=17
OTA rx complete: t=12356 dt=123 conn=0x20002020 grp=0x0001 cmd=0x01 seq=64 rsp_len=17
OTA upload progress: 16% (27552/170512 bytes)
OTA send: op=2 len=471 group=0x0001 cmd=0x01 seq=65
OTA command issued(write_cmd): rc=0 tx_len=479 smp=0x001f ccc=0x0020 sec=1
OTA tx inflight: t=12358 conn=0x20002020 grp=0x0001 cmd=0x01 seq=65 len=471
OTA rsp part: t=12490 conn=0x20002020 grp=0x0001 cmd=0x01 seq=65 off=0 chunk=17 acc=17 total=17
OTA rx complete: t=12490 dt=132 conn=0x20002020 grp=0x0001 cmd=0x01 seq=65 rsp_len=17
OTA send: op=2 len=471 group=0x0001 cmd=0x01 seq=66
OTA command issued(write_cmd): rc=0 tx_len=479 smp=0x001f ccc=0x0020 sec=1
OTA tx inflight: t=12492 conn=0x20002020 grp=0x0001 cmd=0x01 seq=66 len=471
OTA rsp part: t=12625 conn=0x20002020 grp=0x0001 cmd=0x01 seq=66 off=0 chunk=17 acc=17 total=17
OTA rx complete: t=12625 dt=133 conn=0x20002020 grp=0x0001 cmd=0x01 seq=66 rsp_len=17
OTA send: op=2 len=471 group=0x0001 cmd=0x01 seq=67
OTA command issued(write_cmd): rc=0 tx_len=479 smp=0x001f ccc=0x0020 sec=1
OTA tx inflight: t=12627 conn=0x20002020 grp=0x0001 cmd=0x01 seq=67 len=471
OTA rsp part: t=12760 conn=0x20002020 grp=0x0001 cmd=0x01 seq=67 off=0 chunk=17 acc=17 total=17
OTA rx complete: t=12760 dt=133 conn=0x20002020 grp=0x0001 cmd=0x01 seq=67 rsp_len=17
OTA send: op=2 len=471 group=0x0001 cmd=0x01 seq=68
OTA command issued(write_cmd): rc=0 tx_len=479 smp=0x001f ccc=0x0020 sec=1
OTA tx inflight: t=12762 conn=0x20002020 grp=0x0001 cmd=0x01 seq=68 len=471
OTA rsp part: t=12895 conn=0x20002020 grp=0x0001 cmd=0x01 seq=68 off=0 chunk=17 acc=17 total=17
OTA rx complete: t=12895 dt=133 conn=0x20002020 grp=0x0001 cmd=0x01 seq=68 rsp_len=17
OTA upload progress: 17% (29344/170512 bytes)
OTA send: op=2 len=471 group=0x0001 cmd=0x01 seq=69
OTA command issued(write_cmd): rc=0 tx_len=479 smp=0x001f ccc=0x0020 sec=1
OTA tx inflight: t=12897 conn=0x20002020 grp=0x0001 cmd=0x01 seq=69 len=471
OTA rsp part: t=13041 conn=0x20002020 grp=0x0001 cmd=0x01 seq=69 off=0 chunk=17 acc=17 total=17
OTA rx complete: t=13041 dt=144 conn=0x20002020 grp=0x0001 cmd=0x01 seq=69 rsp_len=17
OTA send: op=2 len=471 group=0x0001 cmd=0x01 seq=70
OTA command issued(write_cmd): rc=0 tx_len=479 smp=0x001f ccc=0x0020 sec=1
OTA tx inflight: t=13043 conn=0x20002020 grp=0x0001 cmd=0x01 seq=70 len=471
OTA rsp part: t=13176 conn=0x20002020 grp=0x0001 cmd=0x01 seq=70 off=0 chunk=17 acc=17 total=17
OTA rx complete: t=13177 dt=134 conn=0x20002020 grp=0x0001 cmd=0x01 seq=70 rsp_len=17
OTA send: op=2 len=471 group=0x0001 cmd=0x01 seq=71
OTA command issued(write_cmd): rc=0 tx_len=479 smp=0x001f ccc=0x0020 sec=1
OTA tx inflight: t=13178 conn=0x20002020 grp=0x0001 cmd=0x01 seq=71 len=471
OTA rsp part: t=13311 conn=0x20002020 grp=0x0001 cmd=0x01 seq=71 off=0 chunk=17 acc=17 total=17
OTA rx complete: t=13312 dt=134 conn=0x20002020 grp=0x0001 cmd=0x01 seq=71 rsp_len=17
OTA send: op=2 len=471 group=0x0001 cmd=0x01 seq=72
OTA command issued(write_cmd): rc=0 tx_len=479 smp=0x001f ccc=0x0020 sec=1
OTA tx inflight: t=13313 conn=0x20002020 grp=0x0001 cmd=0x01 seq=72 len=471
OTA rsp part: t=13435 conn=0x20002020 grp=0x0001 cmd=0x01 seq=72 off=0 chunk=17 acc=17 total=17
OTA rx complete: t=13435 dt=122 conn=0x20002020 grp=0x0001 cmd=0x01 seq=72 rsp_len=17
OTA upload progress: 18% (31136/170512 bytes)
OTA send: op=2 len=471 group=0x0001 cmd=0x01 seq=73
OTA command issued(write_cmd): rc=0 tx_len=479 smp=0x001f ccc=0x0020 sec=1
OTA tx inflight: t=13437 conn=0x20002020 grp=0x0001 cmd=0x01 seq=73 len=471
OTA rsp part: t=13570 conn=0x20002020 grp=0x0001 cmd=0x01 seq=73 off=0 chunk=17 acc=17 total=17
OTA rx complete: t=13570 dt=133 conn=0x20002020 grp=0x0001 cmd=0x01 seq=73 rsp_len=17
OTA send: op=2 len=471 group=0x0001 cmd=0x01 seq=74
OTA command issued(write_cmd): rc=0 tx_len=479 smp=0x001f ccc=0x0020 sec=1
OTA tx inflight: t=13572 conn=0x20002020 grp=0x0001 cmd=0x01 seq=74 len=471
OTA rsp part: t=13705 conn=0x20002020 grp=0x0001 cmd=0x01 seq=74 off=0 chunk=17 acc=17 total=17
OTA rx complete: t=13705 dt=133 conn=0x20002020 grp=0x0001 cmd=0x01 seq=74 rsp_len=17
OTA send: op=2 len=471 group=0x0001 cmd=0x01 seq=75
OTA command issued(write_cmd): rc=0 tx_len=479 smp=0x001f ccc=0x0020 sec=1
OTA tx inflight: t=13707 conn=0x20002020 grp=0x0001 cmd=0x01 seq=75 len=471
OTA rsp part: t=13840 conn=0x20002020 grp=0x0001 cmd=0x01 seq=75 off=0 chunk=17 acc=17 total=17
OTA rx complete: t=13840 dt=133 conn=0x20002020 grp=0x0001 cmd=0x01 seq=75 rsp_len=17
OTA upload progress: 19% (32480/170512 bytes)
OTA send: op=2 len=471 group=0x0001 cmd=0x01 seq=76
OTA command issued(write_cmd): rc=0 tx_len=479 smp=0x001f ccc=0x0020 sec=1
OTA tx inflight: t=13842 conn=0x20002020 grp=0x0001 cmd=0x01 seq=76 len=471
OTA rsp part: t=13975 conn=0x20002020 grp=0x0001 cmd=0x01 seq=76 off=0 chunk=17 acc=17 total=17
OTA rx complete: t=13975 dt=133 conn=0x20002020 grp=0x0001 cmd=0x01 seq=76 rsp_len=17
OTA send: op=2 len=471 group=0x0001 cmd=0x01 seq=77
OTA command issued(write_cmd): rc=0 tx_len=479 smp=0x001f ccc=0x0020 sec=1
OTA tx inflight: t=13977 conn=0x20002020 grp=0x0001 cmd=0x01 seq=77 len=471
OTA rsp part: t=14121 conn=0x20002020 grp=0x0001 cmd=0x01 seq=77 off=0 chunk=17 acc=17 total=17
OTA rx complete: t=14122 dt=145 conn=0x20002020 grp=0x0001 cmd=0x01 seq=77 rsp_len=17
OTA send: op=2 len=471 group=0x0001 cmd=0x01 seq=78
OTA command issued(write_cmd): rc=0 tx_len=479 smp=0x001f ccc=0x0020 sec=1
OTA tx inflight: t=14123 conn=0x20002020 grp=0x0001 cmd=0x01 seq=78 len=471
OTA rsp part: t=14267 conn=0x20002020 grp=0x0001 cmd=0x01 seq=78 off=0 chunk=17 acc=17 total=17
OTA rx complete: t=14268 dt=145 conn=0x20002020 grp=0x0001 cmd=0x01 seq=78 rsp_len=17
OTA send: op=2 len=471 group=0x0001 cmd=0x01 seq=79
OTA command issued(write_cmd): rc=0 tx_len=479 smp=0x001f ccc=0x0020 sec=1
OTA tx inflight: t=14269 conn=0x20002020 grp=0x0001 cmd=0x01 seq=79 len=471
OTA rsp part: t=14402 conn=0x20002020 grp=0x0001 cmd=0x01 seq=79 off=0 chunk=17 acc=17 total=17
OTA rx complete: t=14403 dt=134 conn=0x20002020 grp=0x0001 cmd=0x01 seq=79 rsp_len=17
OTA upload progress: 20% (34272/170512 bytes)
OTA send: op=2 len=471 group=0x0001 cmd=0x01 seq=80
OTA command issued(write_cmd): rc=0 tx_len=479 smp=0x001f ccc=0x0020 sec=1
OTA tx inflight: t=14405 conn=0x20002020 grp=0x0001 cmd=0x01 seq=80 len=471
OTA rsp part: t=14526 conn=0x20002020 grp=0x0001 cmd=0x01 seq=80 off=0 chunk=17 acc=17 total=17
OTA rx complete: t=14527 dt=122 conn=0x20002020 grp=0x0001 cmd=0x01 seq=80 rsp_len=17
OTA send: op=2 len=471 group=0x0001 cmd=0x01 seq=81
OTA command issued(write_cmd): rc=0 tx_len=479 smp=0x001f ccc=0x0020 sec=1
OTA tx inflight: t=14528 conn=0x20002020 grp=0x0001 cmd=0x01 seq=81 len=471
OTA rsp part: t=14661 conn=0x20002020 grp=0x0001 cmd=0x01 seq=81 off=0 chunk=17 acc=17 total=17
OTA rx complete: t=14662 dt=134 conn=0x20002020 grp=0x0001 cmd=0x01 seq=81 rsp_len=17
OTA send: op=2 len=471 group=0x0001 cmd=0x01 seq=82
OTA command issued(write_cmd): rc=0 tx_len=479 smp=0x001f ccc=0x0020 sec=1
OTA tx inflight: t=14663 conn=0x20002020 grp=0x0001 cmd=0x01 seq=82 len=471
OTA rsp part: t=14796 conn=0x20002020 grp=0x0001 cmd=0x01 seq=82 off=0 chunk=17 acc=17 total=17
OTA rx complete: t=14796 dt=133 conn=0x20002020 grp=0x0001 cmd=0x01 seq=82 rsp_len=17
OTA send: op=2 len=471 group=0x0001 cmd=0x01 seq=83
OTA command issued(write_cmd): rc=0 tx_len=479 smp=0x001f ccc=0x0020 sec=1
OTA tx inflight: t=14798 conn=0x20002020 grp=0x0001 cmd=0x01 seq=83 len=471
OTA rsp part: t=14931 conn=0x20002020 grp=0x0001 cmd=0x01 seq=83 off=0 chunk=17 acc=17 total=17
OTA rx complete: t=14932 dt=134 conn=0x20002020 grp=0x0001 cmd=0x01 seq=83 rsp_len=17
OTA upload progress: 21% (36064/170512 bytes)
OTA send: op=2 len=471 group=0x0001 cmd=0x01 seq=84
OTA command issued(write_cmd): rc=0 tx_len=479 smp=0x001f ccc=0x0020 sec=1
OTA tx inflight: t=14933 conn=0x20002020 grp=0x0001 cmd=0x01 seq=84 len=471
OTA rsp part: t=15066 conn=0x20002020 grp=0x0001 cmd=0x01 seq=84 off=0 chunk=17 acc=17 total=17
OTA rx complete: t=15067 dt=134 conn=0x20002020 grp=0x0001 cmd=0x01 seq=84 rsp_len=17
OTA send: op=2 len=471 group=0x0001 cmd=0x01 seq=85
OTA command issued(write_cmd): rc=0 tx_len=479 smp=0x001f ccc=0x0020 sec=1
OTA tx inflight: t=15068 conn=0x20002020 grp=0x0001 cmd=0x01 seq=85 len=471
OTA rsp part: t=15201 conn=0x20002020 grp=0x0001 cmd=0x01 seq=85 off=0 chunk=17 acc=17 total=17
OTA rx complete: t=15201 dt=133 conn=0x20002020 grp=0x0001 cmd=0x01 seq=85 rsp_len=17
OTA send: op=2 len=471 group=0x0001 cmd=0x01 seq=86
OTA command issued(write_cmd): rc=0 tx_len=479 smp=0x001f ccc=0x0020 sec=1
OTA tx inflight: t=15203 conn=0x20002020 grp=0x0001 cmd=0x01 seq=86 len=471
OTA rsp part: t=15336 conn=0x20002020 grp=0x0001 cmd=0x01 seq=86 off=0 chunk=17 acc=17 total=17
OTA rx complete: t=15337 dt=134 conn=0x20002020 grp=0x0001 cmd=0x01 seq=86 rsp_len=17
OTA send: op=2 len=471 group=0x0001 cmd=0x01 seq=87
OTA command issued(write_cmd): rc=0 tx_len=479 smp=0x001f ccc=0x0020 sec=1
OTA tx inflight: t=15338 conn=0x20002020 grp=0x0001 cmd=0x01 seq=87 len=471
OTA rsp part: t=15471 conn=0x20002020 grp=0x0001 cmd=0x01 seq=87 off=0 chunk=17 acc=17 total=17
OTA rx complete: t=15472 dt=134 conn=0x20002020 grp=0x0001 cmd=0x01 seq=87 rsp_len=17
OTA upload progress: 22% (37856/170512 bytes)
OTA send: op=2 len=471 group=0x0001 cmd=0x01 seq=88
OTA command issued(write_cmd): rc=0 tx_len=479 smp=0x001f ccc=0x0020 sec=1
OTA tx inflight: t=15473 conn=0x20002020 grp=0x0001 cmd=0x01 seq=88 len=471
OTA rsp part: t=15595 conn=0x20002020 grp=0x0001 cmd=0x01 seq=88 off=0 chunk=17 acc=17 total=17
OTA rx complete: t=15595 dt=122 conn=0x20002020 grp=0x0001 cmd=0x01 seq=88 rsp_len=17
OTA send: op=2 len=471 group=0x0001 cmd=0x01 seq=89
OTA command issued(write_cmd): rc=0 tx_len=479 smp=0x001f ccc=0x0020 sec=1
OTA tx inflight: t=15597 conn=0x20002020 grp=0x0001 cmd=0x01 seq=89 len=471
OTA rsp part: t=15730 conn=0x20002020 grp=0x0001 cmd=0x01 seq=89 off=0 chunk=17 acc=17 total=17
OTA rx complete: t=15730 dt=133 conn=0x20002020 grp=0x0001 cmd=0x01 seq=89 rsp_len=17
OTA send: op=2 len=471 group=0x0001 cmd=0x01 seq=90
OTA command issued(write_cmd): rc=0 tx_len=479 smp=0x001f ccc=0x0020 sec=1
OTA tx inflight: t=15732 conn=0x20002020 grp=0x0001 cmd=0x01 seq=90 len=471
OTA rsp part: t=15865 conn=0x20002020 grp=0x0001 cmd=0x01 seq=90 off=0 chunk=17 acc=17 total=17
OTA rx complete: t=15865 dt=133 conn=0x20002020 grp=0x0001 cmd=0x01 seq=90 rsp_len=17
OTA send: op=2 len=471 group=0x0001 cmd=0x01 seq=91
OTA command issued(write_cmd): rc=0 tx_len=479 smp=0x001f ccc=0x0020 sec=1
OTA tx inflight: t=15867 conn=0x20002020 grp=0x0001 cmd=0x01 seq=91 len=471
OTA rsp part: t=16000 conn=0x20002020 grp=0x0001 cmd=0x01 seq=91 off=0 chunk=17 acc=17 total=17
OTA rx complete: t=16000 dt=133 conn=0x20002020 grp=0x0001 cmd=0x01 seq=91 rsp_len=17
OTA upload progress: 23% (39648/170512 bytes)
OTA send: op=2 len=471 group=0x0001 cmd=0x01 seq=92
OTA command issued(write_cmd): rc=0 tx_len=479 smp=0x001f ccc=0x0020 sec=1
OTA tx inflight: t=16002 conn=0x20002020 grp=0x0001 cmd=0x01 seq=92 len=471
OTA rsp part: t=16135 conn=0x20002020 grp=0x0001 cmd=0x01 seq=92 off=0 chunk=17 acc=17 total=17
OTA rx complete: t=16135 dt=133 conn=0x20002020 grp=0x0001 cmd=0x01 seq=92 rsp_len=17
OTA send: op=2 len=471 group=0x0001 cmd=0x01 seq=93
OTA command issued(write_cmd): rc=0 tx_len=479 smp=0x001f ccc=0x0020 sec=1
OTA tx inflight: t=16137 conn=0x20002020 grp=0x0001 cmd=0x01 seq=93 len=471
OTA rsp part: t=16270 conn=0x20002020 grp=0x0001 cmd=0x01 seq=93 off=0 chunk=17 acc=17 total=17
OTA rx complete: t=16270 dt=133 conn=0x20002020 grp=0x0001 cmd=0x01 seq=93 rsp_len=17
OTA send: op=2 len=471 group=0x0001 cmd=0x01 seq=94
OTA command issued(write_cmd): rc=0 tx_len=479 smp=0x001f ccc=0x0020 sec=1
OTA tx inflight: t=16272 conn=0x20002020 grp=0x0001 cmd=0x01 seq=94 len=471
OTA rsp part: t=16405 conn=0x20002020 grp=0x0001 cmd=0x01 seq=94 off=0 chunk=17 acc=17 total=17
OTA rx complete: t=16405 dt=133 conn=0x20002020 grp=0x0001 cmd=0x01 seq=94 rsp_len=17
OTA upload progress: 24% (40992/170512 bytes)
OTA send: op=2 len=471 group=0x0001 cmd=0x01 seq=95
OTA command issued(write_cmd): rc=0 tx_len=479 smp=0x001f ccc=0x0020 sec=1
OTA tx inflight: t=16407 conn=0x20002020 grp=0x0001 cmd=0x01 seq=95 len=471
OTA rsp part: t=16540 conn=0x20002020 grp=0x0001 cmd=0x01 seq=95 off=0 chunk=17 acc=17 total=17
OTA rx complete: t=16540 dt=133 conn=0x20002020 grp=0x0001 cmd=0x01 seq=95 rsp_len=17
OTA send: op=2 len=471 group=0x0001 cmd=0x01 seq=96
OTA command issued(write_cmd): rc=0 tx_len=479 smp=0x001f ccc=0x0020 sec=1
OTA tx inflight: t=16542 conn=0x20002020 grp=0x0001 cmd=0x01 seq=96 len=471
OTA rsp part: t=16663 conn=0x20002020 grp=0x0001 cmd=0x01 seq=96 off=0 chunk=17 acc=17 total=17
OTA rx complete: t=16664 dt=122 conn=0x20002020 grp=0x0001 cmd=0x01 seq=96 rsp_len=17
OTA send: op=2 len=471 group=0x0001 cmd=0x01 seq=97
OTA command issued(write_cmd): rc=0 tx_len=479 smp=0x001f ccc=0x0020 sec=1
OTA tx inflight: t=16666 conn=0x20002020 grp=0x0001 cmd=0x01 seq=97 len=471
OTA rsp part: t=16798 conn=0x20002020 grp=0x0001 cmd=0x01 seq=97 off=0 chunk=17 acc=17 total=17
OTA rx complete: t=16799 dt=133 conn=0x20002020 grp=0x0001 cmd=0x01 seq=97 rsp_len=17
OTA send: op=2 len=471 group=0x0001 cmd=0x01 seq=98
OTA command issued(write_cmd): rc=0 tx_len=479 smp=0x001f ccc=0x0020 sec=1
OTA tx inflight: t=16801 conn=0x20002020 grp=0x0001 cmd=0x01 seq=98 len=471
OTA rsp part: t=16933 conn=0x20002020 grp=0x0001 cmd=0x01 seq=98 off=0 chunk=17 acc=17 total=17
OTA rx complete: t=16934 dt=133 conn=0x20002020 grp=0x0001 cmd=0x01 seq=98 rsp_len=17
OTA upload progress: 25% (42784/170512 bytes)
OTA send: op=2 len=471 group=0x0001 cmd=0x01 seq=99
OTA command issued(write_cmd): rc=0 tx_len=479 smp=0x001f ccc=0x0020 sec=1
OTA tx inflight: t=16936 conn=0x20002020 grp=0x0001 cmd=0x01 seq=99 len=471
OTA rsp part: t=17080 conn=0x20002020 grp=0x0001 cmd=0x01 seq=99 off=0 chunk=17 acc=17 total=17
OTA rx complete: t=17080 dt=144 conn=0x20002020 grp=0x0001 cmd=0x01 seq=99 rsp_len=17
OTA send: op=2 len=471 group=0x0001 cmd=0x01 seq=100
OTA command issued(write_cmd): rc=0 tx_len=479 smp=0x001f ccc=0x0020 sec=1
OTA tx inflight: t=17082 conn=0x20002020 grp=0x0001 cmd=0x01 seq=100 len=471
OTA rsp part: t=17215 conn=0x20002020 grp=0x0001 cmd=0x01 seq=100 off=0 chunk=17 acc=17 total=17
OTA rx complete: t=17215 dt=133 conn=0x20002020 grp=0x0001 cmd=0x01 seq=100 rsp_len=17
OTA send: op=2 len=471 group=0x0001 cmd=0x01 seq=101
OTA command issued(write_cmd): rc=0 tx_len=479 smp=0x001f ccc=0x0020 sec=1
OTA tx inflight: t=17217 conn=0x20002020 grp=0x0001 cmd=0x01 seq=101 len=471
OTA rsp part: t=17350 conn=0x20002020 grp=0x0001 cmd=0x01 seq=101 off=0 chunk=17 acc=17 total=17
OTA rx complete: t=17350 dt=133 conn=0x20002020 grp=0x0001 cmd=0x01 seq=101 rsp_len=17
OTA send: op=2 len=471 group=0x0001 cmd=0x01 seq=102
OTA command issued(write_cmd): rc=0 tx_len=479 smp=0x001f ccc=0x0020 sec=1
OTA tx inflight: t=17352 conn=0x20002020 grp=0x0001 cmd=0x01 seq=102 len=471
OTA rsp part: t=17485 conn=0x20002020 grp=0x0001 cmd=0x01 seq=102 off=0 chunk=17 acc=17 total=17
OTA rx complete: t=17485 dt=133 conn=0x20002020 grp=0x0001 cmd=0x01 seq=102 rsp_len=17
OTA upload progress: 26% (44576/170512 bytes)
OTA send: op=2 len=471 group=0x0001 cmd=0x01 seq=103
OTA command issued(write_cmd): rc=0 tx_len=479 smp=0x001f ccc=0x0020 sec=1
OTA tx inflight: t=17487 conn=0x20002020 grp=0x0001 cmd=0x01 seq=103 len=471
OTA rsp part: t=17620 conn=0x20002020 grp=0x0001 cmd=0x01 seq=103 off=0 chunk=17 acc=17 total=17
OTA rx complete: t=17620 dt=133 conn=0x20002020 grp=0x0001 cmd=0x01 seq=103 rsp_len=17
OTA send: op=2 len=471 group=0x0001 cmd=0x01 seq=104
OTA command issued(write_cmd): rc=0 tx_len=479 smp=0x001f ccc=0x0020 sec=1
OTA tx inflight: t=17622 conn=0x20002020 grp=0x0001 cmd=0x01 seq=104 len=471
OTA rsp part: t=17743 conn=0x20002020 grp=0x0001 cmd=0x01 seq=104 off=0 chunk=17 acc=17 total=17
OTA rx complete: t=17744 dt=122 conn=0x20002020 grp=0x0001 cmd=0x01 seq=104 rsp_len=17
OTA send: op=2 len=471 group=0x0001 cmd=0x01 seq=105
OTA command issued(write_cmd): rc=0 tx_len=479 smp=0x001f ccc=0x0020 sec=1
OTA tx inflight: t=17746 conn=0x20002020 grp=0x0001 cmd=0x01 seq=105 len=471
OTA rsp part: t=17878 conn=0x20002020 grp=0x0001 cmd=0x01 seq=105 off=0 chunk=17 acc=17 total=17
OTA rx complete: t=17879 dt=133 conn=0x20002020 grp=0x0001 cmd=0x01 seq=105 rsp_len=17
OTA send: op=2 len=471 group=0x0001 cmd=0x01 seq=106
OTA command issued(write_cmd): rc=0 tx_len=479 smp=0x001f ccc=0x0020 sec=1
OTA tx inflight: t=17881 conn=0x20002020 grp=0x0001 cmd=0x01 seq=106 len=471
OTA rsp part: t=18025 conn=0x20002020 grp=0x0001 cmd=0x01 seq=106 off=0 chunk=17 acc=17 total=17
OTA rx complete: t=18025 dt=144 conn=0x20002020 grp=0x0001 cmd=0x01 seq=106 rsp_len=17
OTA upload progress: 27% (46368/170512 bytes)
OTA send: op=2 len=471 group=0x0001 cmd=0x01 seq=107
OTA command issued(write_cmd): rc=0 tx_len=479 smp=0x001f ccc=0x0020 sec=1
OTA tx inflight: t=18027 conn=0x20002020 grp=0x0001 cmd=0x01 seq=107 len=471
OTA rsp part: t=18160 conn=0x20002020 grp=0x0001 cmd=0x01 seq=107 off=0 chunk=17 acc=17 total=17
OTA rx complete: t=18160 dt=133 conn=0x20002020 grp=0x0001 cmd=0x01 seq=107 rsp_len=17
OTA send: op=2 len=471 group=0x0001 cmd=0x01 seq=108
OTA command issued(write_cmd): rc=0 tx_len=479 smp=0x001f ccc=0x0020 sec=1
OTA tx inflight: t=18162 conn=0x20002020 grp=0x0001 cmd=0x01 seq=108 len=471
OTA rsp part: t=18306 conn=0x20002020 grp=0x0001 cmd=0x01 seq=108 off=0 chunk=17 acc=17 total=17
OTA rx complete: t=18307 dt=145 conn=0x20002020 grp=0x0001 cmd=0x01 seq=108 rsp_len=17
OTA send: op=2 len=471 group=0x0001 cmd=0x01 seq=109
OTA command issued(write_cmd): rc=0 tx_len=479 smp=0x001f ccc=0x0020 sec=1
OTA tx inflight: t=18308 conn=0x20002020 grp=0x0001 cmd=0x01 seq=109 len=471
OTA rsp part: t=18441 conn=0x20002020 grp=0x0001 cmd=0x01 seq=109 off=0 chunk=17 acc=17 total=17
OTA rx complete: t=18442 dt=134 conn=0x20002020 grp=0x0001 cmd=0x01 seq=109 rsp_len=17
OTA send: op=2 len=471 group=0x0001 cmd=0x01 seq=110
OTA command issued(write_cmd): rc=0 tx_len=479 smp=0x001f ccc=0x0020 sec=1
OTA tx inflight: t=18443 conn=0x20002020 grp=0x0001 cmd=0x01 seq=110 len=471
OTA rsp part: t=18576 conn=0x20002020 grp=0x0001 cmd=0x01 seq=110 off=0 chunk=17 acc=17 total=17
OTA rx complete: t=18576 dt=134 conn=0x20002020 grp=0x0001 cmd=0x01 seq=110 rsp_len=17
OTA upload progress: 28% (48160/170512 bytes)
OTA send: op=2 len=471 group=0x0001 cmd=0x01 seq=111
OTA command issued(write_cmd): rc=0 tx_len=479 smp=0x001f ccc=0x0020 sec=1
OTA tx inflight: t=18578 conn=0x20002020 grp=0x0001 cmd=0x01 seq=111 len=471
OTA rsp part: t=18711 conn=0x20002020 grp=0x0001 cmd=0x01 seq=111 off=0 chunk=17 acc=17 total=17
OTA rx complete: t=18712 dt=134 conn=0x20002020 grp=0x0001 cmd=0x01 seq=111 rsp_len=17
OTA send: op=2 len=471 group=0x0001 cmd=0x01 seq=112
OTA command issued(write_cmd): rc=0 tx_len=479 smp=0x001f ccc=0x0020 sec=1
OTA tx inflight: t=18713 conn=0x20002020 grp=0x0001 cmd=0x01 seq=112 len=471
OTA rsp part: t=18835 conn=0x20002020 grp=0x0001 cmd=0x01 seq=112 off=0 chunk=17 acc=17 total=17
OTA rx complete: t=18835 dt=122 conn=0x20002020 grp=0x0001 cmd=0x01 seq=112 rsp_len=17
OTA send: op=2 len=471 group=0x0001 cmd=0x01 seq=113
OTA command issued(write_cmd): rc=0 tx_len=479 smp=0x001f ccc=0x0020 sec=1
OTA tx inflight: t=18837 conn=0x20002020 grp=0x0001 cmd=0x01 seq=113 len=471
OTA rsp part: t=18970 conn=0x20002020 grp=0x0001 cmd=0x01 seq=113 off=0 chunk=17 acc=17 total=17
OTA rx complete: t=18970 dt=133 conn=0x20002020 grp=0x0001 cmd=0x01 seq=113 rsp_len=17
OTA upload progress: 29% (49504/170512 bytes)
OTA send: op=2 len=471 group=0x0001 cmd=0x01 seq=114
OTA command issued(write_cmd): rc=0 tx_len=479 smp=0x001f ccc=0x0020 sec=1
OTA tx inflight: t=18972 conn=0x20002020 grp=0x0001 cmd=0x01 seq=114 len=471
OTA rsp part: t=19105 conn=0x20002020 grp=0x0001 cmd=0x01 seq=114 off=0 chunk=17 acc=17 total=17
OTA rx complete: t=19105 dt=133 conn=0x20002020 grp=0x0001 cmd=0x01 seq=114 rsp_len=17
OTA send: op=2 len=471 group=0x0001 cmd=0x01 seq=115
OTA command issued(write_cmd): rc=0 tx_len=479 smp=0x001f ccc=0x0020 sec=1
OTA tx inflight: t=19107 conn=0x20002020 grp=0x0001 cmd=0x01 seq=115 len=471
OTA rsp part: t=19240 conn=0x20002020 grp=0x0001 cmd=0x01 seq=115 off=0 chunk=17 acc=17 total=17
OTA rx complete: t=19240 dt=133 conn=0x20002020 grp=0x0001 cmd=0x01 seq=115 rsp_len=17
OTA send: op=2 len=471 group=0x0001 cmd=0x01 seq=116
OTA command issued(write_cmd): rc=0 tx_len=479 smp=0x001f ccc=0x0020 sec=1
OTA tx inflight: t=19242 conn=0x20002020 grp=0x0001 cmd=0x01 seq=116 len=471
OTA rsp part: t=19375 conn=0x20002020 grp=0x0001 cmd=0x01 seq=116 off=0 chunk=17 acc=17 total=17
OTA rx complete: t=19376 dt=134 conn=0x20002020 grp=0x0001 cmd=0x01 seq=116 rsp_len=17
OTA send: op=2 len=471 group=0x0001 cmd=0x01 seq=117
OTA command issued(write_cmd): rc=0 tx_len=479 smp=0x001f ccc=0x0020 sec=1
OTA tx inflight: t=19377 conn=0x20002020 grp=0x0001 cmd=0x01 seq=117 len=471
OTA rsp part: t=19510 conn=0x20002020 grp=0x0001 cmd=0x01 seq=117 off=0 chunk=17 acc=17 total=17
OTA rx complete: t=19510 dt=133 conn=0x20002020 grp=0x0001 cmd=0x01 seq=117 rsp_len=17
OTA upload progress: 30% (51296/170512 bytes)
OTA send: op=2 len=471 group=0x0001 cmd=0x01 seq=118
OTA command issued(write_cmd): rc=0 tx_len=479 smp=0x001f ccc=0x0020 sec=1
OTA tx inflight: t=19512 conn=0x20002020 grp=0x0001 cmd=0x01 seq=118 len=471
OTA rsp part: t=19645 conn=0x20002020 grp=0x0001 cmd=0x01 seq=118 off=0 chunk=17 acc=17 total=17
OTA rx complete: t=19645 dt=133 conn=0x20002020 grp=0x0001 cmd=0x01 seq=118 rsp_len=17
OTA send: op=2 len=471 group=0x0001 cmd=0x01 seq=119
OTA command issued(write_cmd): rc=0 tx_len=479 smp=0x001f ccc=0x0020 sec=1
OTA tx inflight: t=19647 conn=0x20002020 grp=0x0001 cmd=0x01 seq=119 len=471
OTA rsp part: t=19791 conn=0x20002020 grp=0x0001 cmd=0x01 seq=119 off=0 chunk=17 acc=17 total=17
OTA rx complete: t=19792 dt=145 conn=0x20002020 grp=0x0001 cmd=0x01 seq=119 rsp_len=17
OTA send: op=2 len=471 group=0x0001 cmd=0x01 seq=120
OTA command issued(write_cmd): rc=0 tx_len=479 smp=0x001f ccc=0x0020 sec=1
OTA tx inflight: t=19793 conn=0x20002020 grp=0x0001 cmd=0x01 seq=120 len=471
OTA rsp part: t=19915 conn=0x20002020 grp=0x0001 cmd=0x01 seq=120 off=0 chunk=17 acc=17 total=17
OTA rx complete: t=19915 dt=122 conn=0x20002020 grp=0x0001 cmd=0x01 seq=120 rsp_len=17
OTA send: op=2 len=471 group=0x0001 cmd=0x01 seq=121
OTA command issued(write_cmd): rc=0 tx_len=479 smp=0x001f ccc=0x0020 sec=1
OTA tx inflight: t=19917 conn=0x20002020 grp=0x0001 cmd=0x01 seq=121 len=471
OTA rsp part: t=20061 conn=0x20002020 grp=0x0001 cmd=0x01 seq=121 off=0 chunk=17 acc=17 total=17
OTA rx complete: t=20062 dt=145 conn=0x20002020 grp=0x0001 cmd=0x01 seq=121 rsp_len=17
OTA upload progress: 31% (53088/170512 bytes)
OTA send: op=2 len=471 group=0x0001 cmd=0x01 seq=122
OTA command issued(write_cmd): rc=0 tx_len=479 smp=0x001f ccc=0x0020 sec=1
OTA tx inflight: t=20063 conn=0x20002020 grp=0x0001 cmd=0x01 seq=122 len=471
OTA rsp part: t=20207 conn=0x20002020 grp=0x0001 cmd=0x01 seq=122 off=0 chunk=17 acc=17 total=17
OTA rx complete: t=20208 dt=145 conn=0x20002020 grp=0x0001 cmd=0x01 seq=122 rsp_len=17
OTA send: op=2 len=471 group=0x0001 cmd=0x01 seq=123
OTA command issued(write_cmd): rc=0 tx_len=479 smp=0x001f ccc=0x0020 sec=1
OTA tx inflight: t=20209 conn=0x20002020 grp=0x0001 cmd=0x01 seq=123 len=471
OTA rsp part: t=20342 conn=0x20002020 grp=0x0001 cmd=0x01 seq=123 off=0 chunk=17 acc=17 total=17
OTA rx complete: t=20343 dt=134 conn=0x20002020 grp=0x0001 cmd=0x01 seq=123 rsp_len=17
OTA send: op=2 len=471 group=0x0001 cmd=0x01 seq=124
OTA command issued(write_cmd): rc=0 tx_len=479 smp=0x001f ccc=0x0020 sec=1
OTA tx inflight: t=20344 conn=0x20002020 grp=0x0001 cmd=0x01 seq=124 len=471
OTA rsp part: t=20477 conn=0x20002020 grp=0x0001 cmd=0x01 seq=124 off=0 chunk=17 acc=17 total=17
OTA rx complete: t=20478 dt=134 conn=0x20002020 grp=0x0001 cmd=0x01 seq=124 rsp_len=17
OTA send: op=2 len=471 group=0x0001 cmd=0x01 seq=125
OTA command issued(write_cmd): rc=0 tx_len=479 smp=0x001f ccc=0x0020 sec=1
OTA tx inflight: t=20479 conn=0x20002020 grp=0x0001 cmd=0x01 seq=125 len=471
OTA rsp part: t=20612 conn=0x20002020 grp=0x0001 cmd=0x01 seq=125 off=0 chunk=17 acc=17 total=17
OTA rx complete: t=20613 dt=134 conn=0x20002020 grp=0x0001 cmd=0x01 seq=125 rsp_len=17
OTA upload progress: 32% (54880/170512 bytes)
OTA send: op=2 len=471 group=0x0001 cmd=0x01 seq=126
OTA command issued(write_cmd): rc=0 tx_len=479 smp=0x001f ccc=0x0020 sec=1
OTA tx inflight: t=20615 conn=0x20002020 grp=0x0001 cmd=0x01 seq=126 len=471
OTA rsp part: t=20747 conn=0x20002020 grp=0x0001 cmd=0x01 seq=126 off=0 chunk=17 acc=17 total=17
OTA rx complete: t=20748 dt=133 conn=0x20002020 grp=0x0001 cmd=0x01 seq=126 rsp_len=17
OTA send: op=2 len=471 group=0x0001 cmd=0x01 seq=127
OTA command issued(write_cmd): rc=0 tx_len=479 smp=0x001f ccc=0x0020 sec=1
OTA tx inflight: t=20749 conn=0x20002020 grp=0x0001 cmd=0x01 seq=127 len=471
OTA rsp part: t=20882 conn=0x20002020 grp=0x0001 cmd=0x01 seq=127 off=0 chunk=17 acc=17 total=17
OTA rx complete: t=20883 dt=134 conn=0x20002020 grp=0x0001 cmd=0x01 seq=127 rsp_len=17
OTA send: op=2 len=471 group=0x0001 cmd=0x01 seq=128
OTA command issued(write_cmd): rc=0 tx_len=479 smp=0x001f ccc=0x0020 sec=1
OTA tx inflight: t=20884 conn=0x20002020 grp=0x0001 cmd=0x01 seq=128 len=471
OTA rsp part: t=21006 conn=0x20002020 grp=0x0001 cmd=0x01 seq=128 off=0 chunk=17 acc=17 total=17
OTA rx complete: t=21007 dt=123 conn=0x20002020 grp=0x0001 cmd=0x01 seq=128 rsp_len=17
OTA send: op=2 len=471 group=0x0001 cmd=0x01 seq=129
OTA command issued(write_cmd): rc=0 tx_len=479 smp=0x001f ccc=0x0020 sec=1
OTA tx inflight: t=21008 conn=0x20002020 grp=0x0001 cmd=0x01 seq=129 len=471
OTA rsp part: t=21141 conn=0x20002020 grp=0x0001 cmd=0x01 seq=129 off=0 chunk=17 acc=17 total=17
OTA rx complete: t=21141 dt=133 conn=0x20002020 grp=0x0001 cmd=0x01 seq=129 rsp_len=17
OTA upload progress: 33% (56672/170512 bytes)
OTA send: op=2 len=471 group=0x0001 cmd=0x01 seq=130
OTA command issued(write_cmd): rc=0 tx_len=479 smp=0x001f ccc=0x0020 sec=1
OTA tx inflight: t=21143 conn=0x20002020 grp=0x0001 cmd=0x01 seq=130 len=471
OTA rsp part: t=21287 conn=0x20002020 grp=0x0001 cmd=0x01 seq=130 off=0 chunk=17 acc=17 total=17
OTA rx complete: t=21288 dt=145 conn=0x20002020 grp=0x0001 cmd=0x01 seq=130 rsp_len=17
OTA send: op=2 len=471 group=0x0001 cmd=0x01 seq=131
OTA command issued(write_cmd): rc=0 tx_len=479 smp=0x001f ccc=0x0020 sec=1
OTA tx inflight: t=21289 conn=0x20002020 grp=0x0001 cmd=0x01 seq=131 len=471
OTA rsp part: t=21422 conn=0x20002020 grp=0x0001 cmd=0x01 seq=131 off=0 chunk=17 acc=17 total=17
OTA rx complete: t=21423 dt=134 conn=0x20002020 grp=0x0001 cmd=0x01 seq=131 rsp_len=17
OTA send: op=2 len=471 group=0x0001 cmd=0x01 seq=132
OTA command issued(write_cmd): rc=0 tx_len=479 smp=0x001f ccc=0x0020 sec=1
OTA tx inflight: t=21424 conn=0x20002020 grp=0x0001 cmd=0x01 seq=132 len=471
OTA rsp part: t=21568 conn=0x20002020 grp=0x0001 cmd=0x01 seq=132 off=0 chunk=17 acc=17 total=17
OTA rx complete: t=21569 dt=145 conn=0x20002020 grp=0x0001 cmd=0x01 seq=132 rsp_len=17
OTA upload progress: 34% (58016/170512 bytes)
OTA send: op=2 len=471 group=0x0001 cmd=0x01 seq=133
OTA command issued(write_cmd): rc=0 tx_len=479 smp=0x001f ccc=0x0020 sec=1
OTA tx inflight: t=21571 conn=0x20002020 grp=0x0001 cmd=0x01 seq=133 len=471
OTA rsp part: t=21703 conn=0x20002020 grp=0x0001 cmd=0x01 seq=133 off=0 chunk=17 acc=17 total=17
OTA rx complete: t=21704 dt=133 conn=0x20002020 grp=0x0001 cmd=0x01 seq=133 rsp_len=17
OTA send: op=2 len=471 group=0x0001 cmd=0x01 seq=134
OTA command issued(write_cmd): rc=0 tx_len=479 smp=0x001f ccc=0x0020 sec=1
OTA tx inflight: t=21706 conn=0x20002020 grp=0x0001 cmd=0x01 seq=134 len=471
OTA rsp part: t=21838 conn=0x20002020 grp=0x0001 cmd=0x01 seq=134 off=0 chunk=17 acc=17 total=17
OTA rx complete: t=21839 dt=133 conn=0x20002020 grp=0x0001 cmd=0x01 seq=134 rsp_len=17
OTA send: op=2 len=471 group=0x0001 cmd=0x01 seq=135
OTA command issued(write_cmd): rc=0 tx_len=479 smp=0x001f ccc=0x0020 sec=1
OTA tx inflight: t=21841 conn=0x20002020 grp=0x0001 cmd=0x01 seq=135 len=471
OTA rsp part: t=21973 conn=0x20002020 grp=0x0001 cmd=0x01 seq=135 off=0 chunk=17 acc=17 total=17
OTA rx complete: t=21974 dt=133 conn=0x20002020 grp=0x0001 cmd=0x01 seq=135 rsp_len=17
OTA send: op=2 len=471 group=0x0001 cmd=0x01 seq=136
OTA command issued(write_cmd): rc=0 tx_len=479 smp=0x001f ccc=0x0020 sec=1
OTA tx inflight: t=21976 conn=0x20002020 grp=0x0001 cmd=0x01 seq=136 len=471
OTA rsp part: t=22120 conn=0x20002020 grp=0x0001 cmd=0x01 seq=136 off=0 chunk=17 acc=17 total=17
OTA rx complete: t=22120 dt=144 conn=0x20002020 grp=0x0001 cmd=0x01 seq=136 rsp_len=17
OTA upload progress: 35% (59808/170512 bytes)
OTA send: op=2 len=471 group=0x0001 cmd=0x01 seq=137
OTA command issued(write_cmd): rc=0 tx_len=479 smp=0x001f ccc=0x0020 sec=1
OTA tx inflight: t=22122 conn=0x20002020 grp=0x0001 cmd=0x01 seq=137 len=471
OTA rsp part: t=22255 conn=0x20002020 grp=0x0001 cmd=0x01 seq=137 off=0 chunk=17 acc=17 total=17
OTA rx complete: t=22255 dt=133 conn=0x20002020 grp=0x0001 cmd=0x01 seq=137 rsp_len=17
OTA send: op=2 len=471 group=0x0001 cmd=0x01 seq=138
OTA command issued(write_cmd): rc=0 tx_len=479 smp=0x001f ccc=0x0020 sec=1
OTA tx inflight: t=22257 conn=0x20002020 grp=0x0001 cmd=0x01 seq=138 len=471
OTA rsp part: t=22390 conn=0x20002020 grp=0x0001 cmd=0x01 seq=138 off=0 chunk=17 acc=17 total=17
OTA rx complete: t=22390 dt=133 conn=0x20002020 grp=0x0001 cmd=0x01 seq=138 rsp_len=17
OTA send: op=2 len=471 group=0x0001 cmd=0x01 seq=139
OTA command issued(write_cmd): rc=0 tx_len=479 smp=0x001f ccc=0x0020 sec=1
OTA tx inflight: t=22392 conn=0x20002020 grp=0x0001 cmd=0x01 seq=139 len=471
OTA rsp part: t=22525 conn=0x20002020 grp=0x0001 cmd=0x01 seq=139 off=0 chunk=17 acc=17 total=17
OTA rx complete: t=22525 dt=133 conn=0x20002020 grp=0x0001 cmd=0x01 seq=139 rsp_len=17
OTA send: op=2 len=471 group=0x0001 cmd=0x01 seq=140
OTA command issued(write_cmd): rc=0 tx_len=479 smp=0x001f ccc=0x0020 sec=1
OTA tx inflight: t=22527 conn=0x20002020 grp=0x0001 cmd=0x01 seq=140 len=471
OTA rsp part: t=22671 conn=0x20002020 grp=0x0001 cmd=0x01 seq=140 off=0 chunk=17 acc=17 total=17
OTA rx complete: t=22671 dt=144 conn=0x20002020 grp=0x0001 cmd=0x01 seq=140 rsp_len=17
OTA upload progress: 36% (61600/170512 bytes)
OTA send: op=2 len=471 group=0x0001 cmd=0x01 seq=141
OTA command issued(write_cmd): rc=0 tx_len=479 smp=0x001f ccc=0x0020 sec=1
OTA tx inflight: t=22673 conn=0x20002020 grp=0x0001 cmd=0x01 seq=141 len=471
OTA rsp part: t=22817 conn=0x20002020 grp=0x0001 cmd=0x01 seq=141 off=0 chunk=17 acc=17 total=17
OTA rx complete: t=22818 dt=145 conn=0x20002020 grp=0x0001 cmd=0x01 seq=141 rsp_len=17
OTA send: op=2 len=471 group=0x0001 cmd=0x01 seq=142
OTA command issued(write_cmd): rc=0 tx_len=479 smp=0x001f ccc=0x0020 sec=1
OTA tx inflight: t=22819 conn=0x20002020 grp=0x0001 cmd=0x01 seq=142 len=471
OTA rsp part: t=22952 conn=0x20002020 grp=0x0001 cmd=0x01 seq=142 off=0 chunk=17 acc=17 total=17
OTA rx complete: t=22953 dt=134 conn=0x20002020 grp=0x0001 cmd=0x01 seq=142 rsp_len=17
OTA send: op=2 len=471 group=0x0001 cmd=0x01 seq=143
OTA command issued(write_cmd): rc=0 tx_len=479 smp=0x001f ccc=0x0020 sec=1
OTA tx inflight: t=22954 conn=0x20002020 grp=0x0001 cmd=0x01 seq=143 len=471
OTA rsp part: t=23087 conn=0x20002020 grp=0x0001 cmd=0x01 seq=143 off=0 chunk=17 acc=17 total=17
OTA rx complete: t=23088 dt=134 conn=0x20002020 grp=0x0001 cmd=0x01 seq=143 rsp_len=17
OTA send: op=2 len=471 group=0x0001 cmd=0x01 seq=144
OTA command issued(write_cmd): rc=0 tx_len=479 smp=0x001f ccc=0x0020 sec=1
OTA tx inflight: t=23089 conn=0x20002020 grp=0x0001 cmd=0x01 seq=144 len=471
OTA rsp part: t=23211 conn=0x20002020 grp=0x0001 cmd=0x01 seq=144 off=0 chunk=17 acc=17 total=17
OTA rx complete: t=23212 dt=123 conn=0x20002020 grp=0x0001 cmd=0x01 seq=144 rsp_len=17
OTA upload progress: 37% (63392/170512 bytes)
OTA send: op=2 len=471 group=0x0001 cmd=0x01 seq=145
OTA command issued(write_cmd): rc=0 tx_len=479 smp=0x001f ccc=0x0020 sec=1
OTA tx inflight: t=23213 conn=0x20002020 grp=0x0001 cmd=0x01 seq=145 len=471
OTA rsp part: t=23346 conn=0x20002020 grp=0x0001 cmd=0x01 seq=145 off=0 chunk=17 acc=17 total=17
OTA rx complete: t=23347 dt=134 conn=0x20002020 grp=0x0001 cmd=0x01 seq=145 rsp_len=17
OTA send: op=2 len=471 group=0x0001 cmd=0x01 seq=146
OTA command issued(write_cmd): rc=0 tx_len=479 smp=0x001f ccc=0x0020 sec=1
OTA tx inflight: t=23348 conn=0x20002020 grp=0x0001 cmd=0x01 seq=146 len=471
OTA rsp part: t=23481 conn=0x20002020 grp=0x0001 cmd=0x01 seq=146 off=0 chunk=17 acc=17 total=17
OTA rx complete: t=23481 dt=134 conn=0x20002020 grp=0x0001 cmd=0x01 seq=146 rsp_len=17
OTA send: op=2 len=471 group=0x0001 cmd=0x01 seq=147
OTA command issued(write_cmd): rc=0 tx_len=479 smp=0x001f ccc=0x0020 sec=1
OTA tx inflight: t=23483 conn=0x20002020 grp=0x0001 cmd=0x01 seq=147 len=471
OTA rsp part: t=23616 conn=0x20002020 grp=0x0001 cmd=0x01 seq=147 off=0 chunk=17 acc=17 total=17
OTA rx complete: t=23617 dt=134 conn=0x20002020 grp=0x0001 cmd=0x01 seq=147 rsp_len=17
OTA send: op=2 len=471 group=0x0001 cmd=0x01 seq=148
OTA command issued(write_cmd): rc=0 tx_len=479 smp=0x001f ccc=0x0020 sec=1
OTA tx inflight: t=23618 conn=0x20002020 grp=0x0001 cmd=0x01 seq=148 len=471
OTA rsp part: t=23751 conn=0x20002020 grp=0x0001 cmd=0x01 seq=148 off=0 chunk=17 acc=17 total=17
OTA rx complete: t=23752 dt=134 conn=0x20002020 grp=0x0001 cmd=0x01 seq=148 rsp_len=17
OTA upload progress: 38% (65184/170512 bytes)
OTA send: op=2 len=471 group=0x0001 cmd=0x01 seq=149
OTA command issued(write_cmd): rc=0 tx_len=479 smp=0x001f ccc=0x0020 sec=1
OTA tx inflight: t=23753 conn=0x20002020 grp=0x0001 cmd=0x01 seq=149 len=471
OTA rsp part: t=23886 conn=0x20002020 grp=0x0001 cmd=0x01 seq=149 off=0 chunk=17 acc=17 total=17
OTA rx complete: t=23887 dt=134 conn=0x20002020 grp=0x0001 cmd=0x01 seq=149 rsp_len=17
OTA send: op=2 len=471 group=0x0001 cmd=0x01 seq=150
OTA command issued(write_cmd): rc=0 tx_len=479 smp=0x001f ccc=0x0020 sec=1
OTA tx inflight: t=23888 conn=0x20002020 grp=0x0001 cmd=0x01 seq=150 len=471
OTA rsp part: t=24021 conn=0x20002020 grp=0x0001 cmd=0x01 seq=150 off=0 chunk=19 acc=19 total=19
OTA rx complete: t=24022 dt=134 conn=0x20002020 grp=0x0001 cmd=0x01 seq=150 rsp_len=19
OTA send: op=2 len=473 group=0x0001 cmd=0x01 seq=151
OTA command issued(write_cmd): rc=0 tx_len=481 smp=0x001f ccc=0x0020 sec=1
OTA tx inflight: t=24023 conn=0x20002020 grp=0x0001 cmd=0x01 seq=151 len=473
OTA rsp part: t=24167 conn=0x20002020 grp=0x0001 cmd=0x01 seq=151 off=0 chunk=19 acc=19 total=19
OTA rx complete: t=24168 dt=145 conn=0x20002020 grp=0x0001 cmd=0x01 seq=151 rsp_len=19
OTA upload progress: 39% (66528/170512 bytes)
OTA send: op=2 len=473 group=0x0001 cmd=0x01 seq=152
OTA command issued(write_cmd): rc=0 tx_len=481 smp=0x001f ccc=0x0020 sec=1
OTA tx inflight: t=24170 conn=0x20002020 grp=0x0001 cmd=0x01 seq=152 len=473
OTA rsp part: t=24291 conn=0x20002020 grp=0x0001 cmd=0x01 seq=152 off=0 chunk=19 acc=19 total=19
OTA rx complete: t=24292 dt=122 conn=0x20002020 grp=0x0001 cmd=0x01 seq=152 rsp_len=19
OTA send: op=2 len=473 group=0x0001 cmd=0x01 seq=153
OTA command issued(write_cmd): rc=0 tx_len=481 smp=0x001f ccc=0x0020 sec=1
OTA tx inflight: t=24293 conn=0x20002020 grp=0x0001 cmd=0x01 seq=153 len=473
OTA rsp part: t=24437 conn=0x20002020 grp=0x0001 cmd=0x01 seq=153 off=0 chunk=19 acc=19 total=19
OTA rx complete: t=24438 dt=145 conn=0x20002020 grp=0x0001 cmd=0x01 seq=153 rsp_len=19
OTA send: op=2 len=473 group=0x0001 cmd=0x01 seq=154
OTA command issued(write_cmd): rc=0 tx_len=481 smp=0x001f ccc=0x0020 sec=1
OTA tx inflight: t=24439 conn=0x20002020 grp=0x0001 cmd=0x01 seq=154 len=473
OTA rsp part: t=24583 conn=0x20002020 grp=0x0001 cmd=0x01 seq=154 off=0 chunk=19 acc=19 total=19
OTA rx complete: t=24584 dt=145 conn=0x20002020 grp=0x0001 cmd=0x01 seq=154 rsp_len=19
OTA send: op=2 len=473 group=0x0001 cmd=0x01 seq=155
OTA command issued(write_cmd): rc=0 tx_len=481 smp=0x001f ccc=0x0020 sec=1
OTA tx inflight: t=24586 conn=0x20002020 grp=0x0001 cmd=0x01 seq=155 len=473
OTA rsp part: t=24718 conn=0x20002020 grp=0x0001 cmd=0x01 seq=155 off=0 chunk=19 acc=19 total=19
OTA rx complete: t=24719 dt=133 conn=0x20002020 grp=0x0001 cmd=0x01 seq=155 rsp_len=19
OTA upload progress: 40% (68320/170512 bytes)
OTA send: op=2 len=473 group=0x0001 cmd=0x01 seq=156
OTA command issued(write_cmd): rc=0 tx_len=481 smp=0x001f ccc=0x0020 sec=1
OTA tx inflight: t=24721 conn=0x20002020 grp=0x0001 cmd=0x01 seq=156 len=473
OTA rsp part: t=24854 conn=0x20002020 grp=0x0001 cmd=0x01 seq=156 off=0 chunk=19 acc=19 total=19
OTA rx complete: t=24854 dt=133 conn=0x20002020 grp=0x0001 cmd=0x01 seq=156 rsp_len=19
OTA send: op=2 len=473 group=0x0001 cmd=0x01 seq=157
OTA command issued(write_cmd): rc=0 tx_len=481 smp=0x001f ccc=0x0020 sec=1
OTA tx inflight: t=24856 conn=0x20002020 grp=0x0001 cmd=0x01 seq=157 len=473
OTA rsp part: t=24988 conn=0x20002020 grp=0x0001 cmd=0x01 seq=157 off=0 chunk=19 acc=19 total=19
OTA rx complete: t=24989 dt=133 conn=0x20002020 grp=0x0001 cmd=0x01 seq=157 rsp_len=19
OTA send: op=2 len=473 group=0x0001 cmd=0x01 seq=158
OTA command issued(write_cmd): rc=0 tx_len=481 smp=0x001f ccc=0x0020 sec=1
OTA tx inflight: t=24991 conn=0x20002020 grp=0x0001 cmd=0x01 seq=158 len=473
OTA rsp part: t=25123 conn=0x20002020 grp=0x0001 cmd=0x01 seq=158 off=0 chunk=19 acc=19 total=19
OTA rx complete: t=25124 dt=133 conn=0x20002020 grp=0x0001 cmd=0x01 seq=158 rsp_len=19
OTA send: op=2 len=473 group=0x0001 cmd=0x01 seq=159
OTA command issued(write_cmd): rc=0 tx_len=481 smp=0x001f ccc=0x0020 sec=1
OTA tx inflight: t=25126 conn=0x20002020 grp=0x0001 cmd=0x01 seq=159 len=473
OTA rsp part: t=25259 conn=0x20002020 grp=0x0001 cmd=0x01 seq=159 off=0 chunk=19 acc=19 total=19
OTA rx complete: t=25259 dt=133 conn=0x20002020 grp=0x0001 cmd=0x01 seq=159 rsp_len=19
OTA upload progress: 41% (70112/170512 bytes)
OTA send: op=2 len=473 group=0x0001 cmd=0x01 seq=160
OTA command issued(write_cmd): rc=0 tx_len=481 smp=0x001f ccc=0x0020 sec=1
OTA tx inflight: t=25261 conn=0x20002020 grp=0x0001 cmd=0x01 seq=160 len=473
OTA rsp part: t=25382 conn=0x20002020 grp=0x0001 cmd=0x01 seq=160 off=0 chunk=19 acc=19 total=19
OTA rx complete: t=25383 dt=122 conn=0x20002020 grp=0x0001 cmd=0x01 seq=160 rsp_len=19
OTA send: op=2 len=473 group=0x0001 cmd=0x01 seq=161
OTA command issued(write_cmd): rc=0 tx_len=481 smp=0x001f ccc=0x0020 sec=1
OTA tx inflight: t=25384 conn=0x20002020 grp=0x0001 cmd=0x01 seq=161 len=473
OTA rsp part: t=25517 conn=0x20002020 grp=0x0001 cmd=0x01 seq=161 off=0 chunk=19 acc=19 total=19
OTA rx complete: t=25518 dt=134 conn=0x20002020 grp=0x0001 cmd=0x01 seq=161 rsp_len=19
OTA send: op=2 len=473 group=0x0001 cmd=0x01 seq=162
OTA command issued(write_cmd): rc=0 tx_len=481 smp=0x001f ccc=0x0020 sec=1
OTA tx inflight: t=25519 conn=0x20002020 grp=0x0001 cmd=0x01 seq=162 len=473
OTA rsp part: t=25652 conn=0x20002020 grp=0x0001 cmd=0x01 seq=162 off=0 chunk=19 acc=19 total=19
OTA rx complete: t=25653 dt=134 conn=0x20002020 grp=0x0001 cmd=0x01 seq=162 rsp_len=19
OTA send: op=2 len=473 group=0x0001 cmd=0x01 seq=163
OTA command issued(write_cmd): rc=0 tx_len=481 smp=0x001f ccc=0x0020 sec=1
OTA tx inflight: t=25654 conn=0x20002020 grp=0x0001 cmd=0x01 seq=163 len=473
OTA rsp part: t=25787 conn=0x20002020 grp=0x0001 cmd=0x01 seq=163 off=0 chunk=19 acc=19 total=19
OTA rx complete: t=25788 dt=134 conn=0x20002020 grp=0x0001 cmd=0x01 seq=163 rsp_len=19
OTA upload progress: 42% (71904/170512 bytes)
OTA send: op=2 len=473 group=0x0001 cmd=0x01 seq=164
OTA command issued(write_cmd): rc=0 tx_len=481 smp=0x001f ccc=0x0020 sec=1
OTA tx inflight: t=25790 conn=0x20002020 grp=0x0001 cmd=0x01 seq=164 len=473
OTA rsp part: t=25922 conn=0x20002020 grp=0x0001 cmd=0x01 seq=164 off=0 chunk=19 acc=19 total=19
OTA rx complete: t=25923 dt=133 conn=0x20002020 grp=0x0001 cmd=0x01 seq=164 rsp_len=19
OTA send: op=2 len=473 group=0x0001 cmd=0x01 seq=165
OTA command issued(write_cmd): rc=0 tx_len=481 smp=0x001f ccc=0x0020 sec=1
OTA tx inflight: t=25924 conn=0x20002020 grp=0x0001 cmd=0x01 seq=165 len=473
OTA rsp part: t=26057 conn=0x20002020 grp=0x0001 cmd=0x01 seq=165 off=0 chunk=19 acc=19 total=19
OTA rx complete: t=26058 dt=134 conn=0x20002020 grp=0x0001 cmd=0x01 seq=165 rsp_len=19
OTA send: op=2 len=473 group=0x0001 cmd=0x01 seq=166
OTA command issued(write_cmd): rc=0 tx_len=481 smp=0x001f ccc=0x0020 sec=1
OTA tx inflight: t=26059 conn=0x20002020 grp=0x0001 cmd=0x01 seq=166 len=473
OTA rsp part: t=26192 conn=0x20002020 grp=0x0001 cmd=0x01 seq=166 off=0 chunk=19 acc=19 total=19
OTA rx complete: t=26193 dt=134 conn=0x20002020 grp=0x0001 cmd=0x01 seq=166 rsp_len=19
OTA send: op=2 len=473 group=0x0001 cmd=0x01 seq=167
OTA command issued(write_cmd): rc=0 tx_len=481 smp=0x001f ccc=0x0020 sec=1
OTA tx inflight: t=26194 conn=0x20002020 grp=0x0001 cmd=0x01 seq=167 len=473
OTA rsp part: t=26338 conn=0x20002020 grp=0x0001 cmd=0x01 seq=167 off=0 chunk=19 acc=19 total=19
OTA rx complete: t=26339 dt=145 conn=0x20002020 grp=0x0001 cmd=0x01 seq=167 rsp_len=19
OTA upload progress: 43% (73696/170512 bytes)
OTA send: op=2 len=473 group=0x0001 cmd=0x01 seq=168
OTA command issued(write_cmd): rc=0 tx_len=481 smp=0x001f ccc=0x0020 sec=1
OTA tx inflight: t=26341 conn=0x20002020 grp=0x0001 cmd=0x01 seq=168 len=473
OTA rsp part: t=26462 conn=0x20002020 grp=0x0001 cmd=0x01 seq=168 off=0 chunk=19 acc=19 total=19
OTA rx complete: t=26463 dt=122 conn=0x20002020 grp=0x0001 cmd=0x01 seq=168 rsp_len=19
OTA send: op=2 len=473 group=0x0001 cmd=0x01 seq=169
OTA command issued(write_cmd): rc=0 tx_len=481 smp=0x001f ccc=0x0020 sec=1
OTA tx inflight: t=26464 conn=0x20002020 grp=0x0001 cmd=0x01 seq=169 len=473
OTA rsp part: t=26597 conn=0x20002020 grp=0x0001 cmd=0x01 seq=169 off=0 chunk=19 acc=19 total=19
OTA rx complete: t=26598 dt=134 conn=0x20002020 grp=0x0001 cmd=0x01 seq=169 rsp_len=19
OTA send: op=2 len=473 group=0x0001 cmd=0x01 seq=170
OTA command issued(write_cmd): rc=0 tx_len=481 smp=0x001f ccc=0x0020 sec=1
OTA tx inflight: t=26599 conn=0x20002020 grp=0x0001 cmd=0x01 seq=170 len=473
OTA rsp part: t=26732 conn=0x20002020 grp=0x0001 cmd=0x01 seq=170 off=0 chunk=19 acc=19 total=19
OTA rx complete: t=26733 dt=134 conn=0x20002020 grp=0x0001 cmd=0x01 seq=170 rsp_len=19
OTA upload progress: 44% (75040/170512 bytes)
OTA send: op=2 len=473 group=0x0001 cmd=0x01 seq=171
OTA command issued(write_cmd): rc=0 tx_len=481 smp=0x001f ccc=0x0020 sec=1
OTA tx inflight: t=26735 conn=0x20002020 grp=0x0001 cmd=0x01 seq=171 len=473
OTA rsp part: t=26867 conn=0x20002020 grp=0x0001 cmd=0x01 seq=171 off=0 chunk=19 acc=19 total=19
OTA rx complete: t=26868 dt=133 conn=0x20002020 grp=0x0001 cmd=0x01 seq=171 rsp_len=19
OTA send: op=2 len=473 group=0x0001 cmd=0x01 seq=172
OTA command issued(write_cmd): rc=0 tx_len=481 smp=0x001f ccc=0x0020 sec=1
OTA tx inflight: t=26869 conn=0x20002020 grp=0x0001 cmd=0x01 seq=172 len=473
OTA rsp part: t=27002 conn=0x20002020 grp=0x0001 cmd=0x01 seq=172 off=0 chunk=19 acc=19 total=19
OTA rx complete: t=27003 dt=134 conn=0x20002020 grp=0x0001 cmd=0x01 seq=172 rsp_len=19
OTA send: op=2 len=473 group=0x0001 cmd=0x01 seq=173
OTA command issued(write_cmd): rc=0 tx_len=481 smp=0x001f ccc=0x0020 sec=1
OTA tx inflight: t=27004 conn=0x20002020 grp=0x0001 cmd=0x01 seq=173 len=473
OTA rsp part: t=27137 conn=0x20002020 grp=0x0001 cmd=0x01 seq=173 off=0 chunk=19 acc=19 total=19
OTA rx complete: t=27138 dt=134 conn=0x20002020 grp=0x0001 cmd=0x01 seq=173 rsp_len=19
OTA send: op=2 len=473 group=0x0001 cmd=0x01 seq=174
OTA command issued(write_cmd): rc=0 tx_len=481 smp=0x001f ccc=0x0020 sec=1
OTA tx inflight: t=27139 conn=0x20002020 grp=0x0001 cmd=0x01 seq=174 len=473
OTA rsp part: t=27272 conn=0x20002020 grp=0x0001 cmd=0x01 seq=174 off=0 chunk=19 acc=19 total=19
OTA rx complete: t=27273 dt=134 conn=0x20002020 grp=0x0001 cmd=0x01 seq=174 rsp_len=19
OTA upload progress: 45% (76832/170512 bytes)
OTA send: op=2 len=473 group=0x0001 cmd=0x01 seq=175
OTA command issued(write_cmd): rc=0 tx_len=481 smp=0x001f ccc=0x0020 sec=1
OTA tx inflight: t=27275 conn=0x20002020 grp=0x0001 cmd=0x01 seq=175 len=473
OTA rsp part: t=27407 conn=0x20002020 grp=0x0001 cmd=0x01 seq=175 off=0 chunk=19 acc=19 total=19
OTA rx complete: t=27408 dt=133 conn=0x20002020 grp=0x0001 cmd=0x01 seq=175 rsp_len=19
OTA send: op=2 len=473 group=0x0001 cmd=0x01 seq=176
OTA command issued(write_cmd): rc=0 tx_len=481 smp=0x001f ccc=0x0020 sec=1
OTA tx inflight: t=27409 conn=0x20002020 grp=0x0001 cmd=0x01 seq=176 len=473
OTA rsp part: t=27531 conn=0x20002020 grp=0x0001 cmd=0x01 seq=176 off=0 chunk=19 acc=19 total=19
OTA rx complete: t=27532 dt=123 conn=0x20002020 grp=0x0001 cmd=0x01 seq=176 rsp_len=19
OTA send: op=2 len=473 group=0x0001 cmd=0x01 seq=177
OTA command issued(write_cmd): rc=0 tx_len=481 smp=0x001f ccc=0x0020 sec=1
OTA tx inflight: t=27533 conn=0x20002020 grp=0x0001 cmd=0x01 seq=177 len=473
OTA rsp part: t=27666 conn=0x20002020 grp=0x0001 cmd=0x01 seq=177 off=0 chunk=19 acc=19 total=19
OTA rx complete: t=27667 dt=134 conn=0x20002020 grp=0x0001 cmd=0x01 seq=177 rsp_len=19
OTA send: op=2 len=473 group=0x0001 cmd=0x01 seq=178
OTA command issued(write_cmd): rc=0 tx_len=481 smp=0x001f ccc=0x0020 sec=1
OTA tx inflight: t=27668 conn=0x20002020 grp=0x0001 cmd=0x01 seq=178 len=473
OTA rsp part: t=27801 conn=0x20002020 grp=0x0001 cmd=0x01 seq=178 off=0 chunk=19 acc=19 total=19
OTA rx complete: t=27802 dt=134 conn=0x20002020 grp=0x0001 cmd=0x01 seq=178 rsp_len=19
OTA upload progress: 46% (78624/170512 bytes)
OTA send: op=2 len=473 group=0x0001 cmd=0x01 seq=179
OTA command issued(write_cmd): rc=0 tx_len=481 smp=0x001f ccc=0x0020 sec=1
OTA tx inflight: t=27803 conn=0x20002020 grp=0x0001 cmd=0x01 seq=179 len=473
OTA rsp part: t=27936 conn=0x20002020 grp=0x0001 cmd=0x01 seq=179 off=0 chunk=19 acc=19 total=19
OTA rx complete: t=27937 dt=134 conn=0x20002020 grp=0x0001 cmd=0x01 seq=179 rsp_len=19
OTA send: op=2 len=473 group=0x0001 cmd=0x01 seq=180
OTA command issued(write_cmd): rc=0 tx_len=481 smp=0x001f ccc=0x0020 sec=1
OTA tx inflight: t=27938 conn=0x20002020 grp=0x0001 cmd=0x01 seq=180 len=473
OTA rsp part: t=28071 conn=0x20002020 grp=0x0001 cmd=0x01 seq=180 off=0 chunk=19 acc=19 total=19
OTA rx complete: t=28072 dt=134 conn=0x20002020 grp=0x0001 cmd=0x01 seq=180 rsp_len=19
OTA send: op=2 len=473 group=0x0001 cmd=0x01 seq=181
OTA command issued(write_cmd): rc=0 tx_len=481 smp=0x001f ccc=0x0020 sec=1
OTA tx inflight: t=28073 conn=0x20002020 grp=0x0001 cmd=0x01 seq=181 len=473
OTA rsp part: t=28206 conn=0x20002020 grp=0x0001 cmd=0x01 seq=181 off=0 chunk=19 acc=19 total=19
OTA rx complete: t=28207 dt=134 conn=0x20002020 grp=0x0001 cmd=0x01 seq=181 rsp_len=19
OTA send: op=2 len=473 group=0x0001 cmd=0x01 seq=182
OTA command issued(write_cmd): rc=0 tx_len=481 smp=0x001f ccc=0x0020 sec=1
OTA tx inflight: t=28208 conn=0x20002020 grp=0x0001 cmd=0x01 seq=182 len=473
OTA rsp part: t=28341 conn=0x20002020 grp=0x0001 cmd=0x01 seq=182 off=0 chunk=19 acc=19 total=19
OTA rx complete: t=28342 dt=134 conn=0x20002020 grp=0x0001 cmd=0x01 seq=182 rsp_len=19
OTA upload progress: 47% (80416/170512 bytes)
OTA send: op=2 len=473 group=0x0001 cmd=0x01 seq=183
OTA command issued(write_cmd): rc=0 tx_len=481 smp=0x001f ccc=0x0020 sec=1
OTA tx inflight: t=28343 conn=0x20002020 grp=0x0001 cmd=0x01 seq=183 len=473
OTA rsp part: t=28476 conn=0x20002020 grp=0x0001 cmd=0x01 seq=183 off=0 chunk=19 acc=19 total=19
OTA rx complete: t=28477 dt=134 conn=0x20002020 grp=0x0001 cmd=0x01 seq=183 rsp_len=19
OTA send: op=2 len=473 group=0x0001 cmd=0x01 seq=184
OTA command issued(write_cmd): rc=0 tx_len=481 smp=0x001f ccc=0x0020 sec=1
OTA tx inflight: t=28478 conn=0x20002020 grp=0x0001 cmd=0x01 seq=184 len=473
OTA rsp part: t=28600 conn=0x20002020 grp=0x0001 cmd=0x01 seq=184 off=0 chunk=19 acc=19 total=19
OTA rx complete: t=28600 dt=122 conn=0x20002020 grp=0x0001 cmd=0x01 seq=184 rsp_len=19
OTA send: op=2 len=473 group=0x0001 cmd=0x01 seq=185
OTA command issued(write_cmd): rc=0 tx_len=481 smp=0x001f ccc=0x0020 sec=1
OTA tx inflight: t=28602 conn=0x20002020 grp=0x0001 cmd=0x01 seq=185 len=473
OTA rsp part: t=28735 conn=0x20002020 grp=0x0001 cmd=0x01 seq=185 off=0 chunk=19 acc=19 total=19
OTA rx complete: t=28735 dt=133 conn=0x20002020 grp=0x0001 cmd=0x01 seq=185 rsp_len=19
OTA send: op=2 len=473 group=0x0001 cmd=0x01 seq=186
OTA command issued(write_cmd): rc=0 tx_len=481 smp=0x001f ccc=0x0020 sec=1
OTA tx inflight: t=28737 conn=0x20002020 grp=0x0001 cmd=0x01 seq=186 len=473
OTA rsp part: t=28870 conn=0x20002020 grp=0x0001 cmd=0x01 seq=186 off=0 chunk=19 acc=19 total=19
OTA rx complete: t=28870 dt=133 conn=0x20002020 grp=0x0001 cmd=0x01 seq=186 rsp_len=19
OTA upload progress: 48% (82208/170512 bytes)
OTA send: op=2 len=473 group=0x0001 cmd=0x01 seq=187
OTA command issued(write_cmd): rc=0 tx_len=481 smp=0x001f ccc=0x0020 sec=1
OTA tx inflight: t=28872 conn=0x20002020 grp=0x0001 cmd=0x01 seq=187 len=473
OTA rsp part: t=29005 conn=0x20002020 grp=0x0001 cmd=0x01 seq=187 off=0 chunk=19 acc=19 total=19
OTA rx complete: t=29005 dt=133 conn=0x20002020 grp=0x0001 cmd=0x01 seq=187 rsp_len=19
OTA send: op=2 len=473 group=0x0001 cmd=0x01 seq=188
OTA command issued(write_cmd): rc=0 tx_len=481 smp=0x001f ccc=0x0020 sec=1
OTA tx inflight: t=29007 conn=0x20002020 grp=0x0001 cmd=0x01 seq=188 len=473
OTA rsp part: t=29140 conn=0x20002020 grp=0x0001 cmd=0x01 seq=188 off=0 chunk=19 acc=19 total=19
OTA rx complete: t=29140 dt=133 conn=0x20002020 grp=0x0001 cmd=0x01 seq=188 rsp_len=19
OTA send: op=2 len=473 group=0x0001 cmd=0x01 seq=189
OTA command issued(write_cmd): rc=0 tx_len=481 smp=0x001f ccc=0x0020 sec=1
OTA tx inflight: t=29142 conn=0x20002020 grp=0x0001 cmd=0x01 seq=189 len=473
OTA rsp part: t=29286 conn=0x20002020 grp=0x0001 cmd=0x01 seq=189 off=0 chunk=19 acc=19 total=19
OTA rx complete: t=29287 dt=145 conn=0x20002020 grp=0x0001 cmd=0x01 seq=189 rsp_len=19
OTA upload progress: 49% (83552/170512 bytes)
OTA send: op=2 len=473 group=0x0001 cmd=0x01 seq=190
OTA command issued(write_cmd): rc=0 tx_len=481 smp=0x001f ccc=0x0020 sec=1
OTA tx inflight: t=29288 conn=0x20002020 grp=0x0001 cmd=0x01 seq=190 len=473
OTA rsp part: t=29421 conn=0x20002020 grp=0x0001 cmd=0x01 seq=190 off=0 chunk=19 acc=19 total=19
OTA rx complete: t=29422 dt=134 conn=0x20002020 grp=0x0001 cmd=0x01 seq=190 rsp_len=19
OTA send: op=2 len=473 group=0x0001 cmd=0x01 seq=191
OTA command issued(write_cmd): rc=0 tx_len=481 smp=0x001f ccc=0x0020 sec=1
OTA tx inflight: t=29423 conn=0x20002020 grp=0x0001 cmd=0x01 seq=191 len=473
OTA rsp part: t=29556 conn=0x20002020 grp=0x0001 cmd=0x01 seq=191 off=0 chunk=19 acc=19 total=19
OTA rx complete: t=29557 dt=134 conn=0x20002020 grp=0x0001 cmd=0x01 seq=191 rsp_len=19
OTA send: op=2 len=473 group=0x0001 cmd=0x01 seq=192
OTA command issued(write_cmd): rc=0 tx_len=481 smp=0x001f ccc=0x0020 sec=1
OTA tx inflight: t=29558 conn=0x20002020 grp=0x0001 cmd=0x01 seq=192 len=473
OTA rsp part: t=29680 conn=0x20002020 grp=0x0001 cmd=0x01 seq=192 off=0 chunk=19 acc=19 total=19
OTA rx complete: t=29680 dt=122 conn=0x20002020 grp=0x0001 cmd=0x01 seq=192 rsp_len=19
OTA send: op=2 len=473 group=0x0001 cmd=0x01 seq=193
OTA command issued(write_cmd): rc=0 tx_len=481 smp=0x001f ccc=0x0020 sec=1
OTA tx inflight: t=29682 conn=0x20002020 grp=0x0001 cmd=0x01 seq=193 len=473
OTA rsp part: t=29815 conn=0x20002020 grp=0x0001 cmd=0x01 seq=193 off=0 chunk=19 acc=19 total=19
OTA rx complete: t=29815 dt=133 conn=0x20002020 grp=0x0001 cmd=0x01 seq=193 rsp_len=19
OTA upload progress: 50% (85344/170512 bytes)
OTA send: op=2 len=473 group=0x0001 cmd=0x01 seq=194
OTA command issued(write_cmd): rc=0 tx_len=481 smp=0x001f ccc=0x0020 sec=1
OTA tx inflight: t=29817 conn=0x20002020 grp=0x0001 cmd=0x01 seq=194 len=473
OTA rsp part: t=29950 conn=0x20002020 grp=0x0001 cmd=0x01 seq=194 off=0 chunk=19 acc=19 total=19
OTA rx complete: t=29950 dt=133 conn=0x20002020 grp=0x0001 cmd=0x01 seq=194 rsp_len=19
OTA send: op=2 len=473 group=0x0001 cmd=0x01 seq=195
OTA command issued(write_cmd): rc=0 tx_len=481 smp=0x001f ccc=0x0020 sec=1
OTA tx inflight: t=29952 conn=0x20002020 grp=0x0001 cmd=0x01 seq=195 len=473
OTA rsp part: t=30085 conn=0x20002020 grp=0x0001 cmd=0x01 seq=195 off=0 chunk=19 acc=19 total=19
OTA rx complete: t=30085 dt=133 conn=0x20002020 grp=0x0001 cmd=0x01 seq=195 rsp_len=19
OTA send: op=2 len=473 group=0x0001 cmd=0x01 seq=196
OTA command issued(write_cmd): rc=0 tx_len=481 smp=0x001f ccc=0x0020 sec=1
OTA tx inflight: t=30087 conn=0x20002020 grp=0x0001 cmd=0x01 seq=196 len=473
OTA rsp part: t=30231 conn=0x20002020 grp=0x0001 cmd=0x01 seq=196 off=0 chunk=19 acc=19 total=19
OTA rx complete: t=30232 dt=145 conn=0x20002020 grp=0x0001 cmd=0x01 seq=196 rsp_len=19
OTA send: op=2 len=473 group=0x0001 cmd=0x01 seq=197
OTA command issued(write_cmd): rc=0 tx_len=481 smp=0x001f ccc=0x0020 sec=1
OTA tx inflight: t=30233 conn=0x20002020 grp=0x0001 cmd=0x01 seq=197 len=473
OTA rsp part: t=30366 conn=0x20002020 grp=0x0001 cmd=0x01 seq=197 off=0 chunk=19 acc=19 total=19
OTA rx complete: t=30367 dt=134 conn=0x20002020 grp=0x0001 cmd=0x01 seq=197 rsp_len=19
OTA upload progress: 51% (87136/170512 bytes)
OTA send: op=2 len=473 group=0x0001 cmd=0x01 seq=198
OTA command issued(write_cmd): rc=0 tx_len=481 smp=0x001f ccc=0x0020 sec=1
OTA tx inflight: t=30368 conn=0x20002020 grp=0x0001 cmd=0x01 seq=198 len=473
OTA rsp part: t=30501 conn=0x20002020 grp=0x0001 cmd=0x01 seq=198 off=0 chunk=19 acc=19 total=19
OTA rx complete: t=30502 dt=134 conn=0x20002020 grp=0x0001 cmd=0x01 seq=198 rsp_len=19
OTA send: op=2 len=473 group=0x0001 cmd=0x01 seq=199
OTA command issued(write_cmd): rc=0 tx_len=481 smp=0x001f ccc=0x0020 sec=1
OTA tx inflight: t=30503 conn=0x20002020 grp=0x0001 cmd=0x01 seq=199 len=473
OTA rsp part: t=30636 conn=0x20002020 grp=0x0001 cmd=0x01 seq=199 off=0 chunk=19 acc=19 total=19
OTA rx complete: t=30637 dt=134 conn=0x20002020 grp=0x0001 cmd=0x01 seq=199 rsp_len=19
OTA send: op=2 len=473 group=0x0001 cmd=0x01 seq=200
OTA command issued(write_cmd): rc=0 tx_len=481 smp=0x001f ccc=0x0020 sec=1
OTA tx inflight: t=30638 conn=0x20002020 grp=0x0001 cmd=0x01 seq=200 len=473
OTA rsp part: t=30760 conn=0x20002020 grp=0x0001 cmd=0x01 seq=200 off=0 chunk=19 acc=19 total=19
OTA rx complete: t=30760 dt=122 conn=0x20002020 grp=0x0001 cmd=0x01 seq=200 rsp_len=19
OTA send: op=2 len=473 group=0x0001 cmd=0x01 seq=201
OTA command issued(write_cmd): rc=0 tx_len=481 smp=0x001f ccc=0x0020 sec=1
OTA tx inflight: t=30762 conn=0x20002020 grp=0x0001 cmd=0x01 seq=201 len=473
OTA rsp part: t=30895 conn=0x20002020 grp=0x0001 cmd=0x01 seq=201 off=0 chunk=19 acc=19 total=19
OTA rx complete: t=30895 dt=133 conn=0x20002020 grp=0x0001 cmd=0x01 seq=201 rsp_len=19
OTA upload progress: 52% (88928/170512 bytes)
OTA send: op=2 len=473 group=0x0001 cmd=0x01 seq=202
OTA command issued(write_cmd): rc=0 tx_len=481 smp=0x001f ccc=0x0020 sec=1
OTA tx inflight: t=30897 conn=0x20002020 grp=0x0001 cmd=0x01 seq=202 len=473
OTA rsp part: t=31041 conn=0x20002020 grp=0x0001 cmd=0x01 seq=202 off=0 chunk=19 acc=19 total=19
OTA rx complete: t=31042 dt=145 conn=0x20002020 grp=0x0001 cmd=0x01 seq=202 rsp_len=19
OTA send: op=2 len=473 group=0x0001 cmd=0x01 seq=203
OTA command issued(write_cmd): rc=0 tx_len=481 smp=0x001f ccc=0x0020 sec=1
OTA tx inflight: t=31043 conn=0x20002020 grp=0x0001 cmd=0x01 seq=203 len=473
OTA rsp part: t=31187 conn=0x20002020 grp=0x0001 cmd=0x01 seq=203 off=0 chunk=19 acc=19 total=19
OTA rx complete: t=31188 dt=145 conn=0x20002020 grp=0x0001 cmd=0x01 seq=203 rsp_len=19
OTA send: op=2 len=473 group=0x0001 cmd=0x01 seq=204
OTA command issued(write_cmd): rc=0 tx_len=481 smp=0x001f ccc=0x0020 sec=1
OTA tx inflight: t=31189 conn=0x20002020 grp=0x0001 cmd=0x01 seq=204 len=473
OTA rsp part: t=31333 conn=0x20002020 grp=0x0001 cmd=0x01 seq=204 off=0 chunk=19 acc=19 total=19
OTA rx complete: t=31334 dt=145 conn=0x20002020 grp=0x0001 cmd=0x01 seq=204 rsp_len=19
OTA send: op=2 len=473 group=0x0001 cmd=0x01 seq=205
OTA command issued(write_cmd): rc=0 tx_len=481 smp=0x001f ccc=0x0020 sec=1
OTA tx inflight: t=31336 conn=0x20002020 grp=0x0001 cmd=0x01 seq=205 len=473
OTA rsp part: t=31480 conn=0x20002020 grp=0x0001 cmd=0x01 seq=205 off=0 chunk=19 acc=19 total=19
OTA rx complete: t=31480 dt=144 conn=0x20002020 grp=0x0001 cmd=0x01 seq=205 rsp_len=19
OTA upload progress: 53% (90720/170512 bytes)
OTA send: op=2 len=473 group=0x0001 cmd=0x01 seq=206
OTA command issued(write_cmd): rc=0 tx_len=481 smp=0x001f ccc=0x0020 sec=1
OTA tx inflight: t=31482 conn=0x20002020 grp=0x0001 cmd=0x01 seq=206 len=473
OTA rsp part: t=31615 conn=0x20002020 grp=0x0001 cmd=0x01 seq=206 off=0 chunk=19 acc=19 total=19
OTA rx complete: t=31615 dt=133 conn=0x20002020 grp=0x0001 cmd=0x01 seq=206 rsp_len=19
OTA send: op=2 len=473 group=0x0001 cmd=0x01 seq=207
OTA command issued(write_cmd): rc=0 tx_len=481 smp=0x001f ccc=0x0020 sec=1
OTA tx inflight: t=31617 conn=0x20002020 grp=0x0001 cmd=0x01 seq=207 len=473
OTA rsp part: t=31750 conn=0x20002020 grp=0x0001 cmd=0x01 seq=207 off=0 chunk=19 acc=19 total=19
OTA rx complete: t=31750 dt=133 conn=0x20002020 grp=0x0001 cmd=0x01 seq=207 rsp_len=19
OTA send: op=2 len=473 group=0x0001 cmd=0x01 seq=208
OTA command issued(write_cmd): rc=0 tx_len=481 smp=0x001f ccc=0x0020 sec=1
OTA tx inflight: t=31752 conn=0x20002020 grp=0x0001 cmd=0x01 seq=208 len=473
OTA rsp part: t=31873 conn=0x20002020 grp=0x0001 cmd=0x01 seq=208 off=0 chunk=19 acc=19 total=19
OTA rx complete: t=31874 dt=122 conn=0x20002020 grp=0x0001 cmd=0x01 seq=208 rsp_len=19
OTA send: op=2 len=473 group=0x0001 cmd=0x01 seq=209
OTA command issued(write_cmd): rc=0 tx_len=481 smp=0x001f ccc=0x0020 sec=1
OTA tx inflight: t=31876 conn=0x20002020 grp=0x0001 cmd=0x01 seq=209 len=473
OTA rsp part: t=32009 conn=0x20002020 grp=0x0001 cmd=0x01 seq=209 off=0 chunk=19 acc=19 total=19
OTA rx complete: t=32009 dt=133 conn=0x20002020 grp=0x0001 cmd=0x01 seq=209 rsp_len=19
OTA upload progress: 54% (92512/170512 bytes)
OTA send: op=2 len=473 group=0x0001 cmd=0x01 seq=210
OTA command issued(write_cmd): rc=0 tx_len=481 smp=0x001f ccc=0x0020 sec=1
OTA tx inflight: t=32011 conn=0x20002020 grp=0x0001 cmd=0x01 seq=210 len=473
OTA rsp part: t=32143 conn=0x20002020 grp=0x0001 cmd=0x01 seq=210 off=0 chunk=19 acc=19 total=19
OTA rx complete: t=32144 dt=133 conn=0x20002020 grp=0x0001 cmd=0x01 seq=210 rsp_len=19
OTA send: op=2 len=473 group=0x0001 cmd=0x01 seq=211
OTA command issued(write_cmd): rc=0 tx_len=481 smp=0x001f ccc=0x0020 sec=1
OTA tx inflight: t=32146 conn=0x20002020 grp=0x0001 cmd=0x01 seq=211 len=473
OTA rsp part: t=32278 conn=0x20002020 grp=0x0001 cmd=0x01 seq=211 off=0 chunk=19 acc=19 total=19
OTA rx complete: t=32279 dt=133 conn=0x20002020 grp=0x0001 cmd=0x01 seq=211 rsp_len=19
OTA send: op=2 len=473 group=0x0001 cmd=0x01 seq=212
OTA command issued(write_cmd): rc=0 tx_len=481 smp=0x001f ccc=0x0020 sec=1
OTA tx inflight: t=32281 conn=0x20002020 grp=0x0001 cmd=0x01 seq=212 len=473
OTA rsp part: t=32425 conn=0x20002020 grp=0x0001 cmd=0x01 seq=212 off=0 chunk=19 acc=19 total=19
OTA rx complete: t=32425 dt=144 conn=0x20002020 grp=0x0001 cmd=0x01 seq=212 rsp_len=19
OTA upload progress: 55% (93856/170512 bytes)
OTA send: op=2 len=473 group=0x0001 cmd=0x01 seq=213
OTA command issued(write_cmd): rc=0 tx_len=481 smp=0x001f ccc=0x0020 sec=1
OTA tx inflight: t=32427 conn=0x20002020 grp=0x0001 cmd=0x01 seq=213 len=473
OTA rsp part: t=32571 conn=0x20002020 grp=0x0001 cmd=0x01 seq=213 off=0 chunk=19 acc=19 total=19
OTA rx complete: t=32572 dt=145 conn=0x20002020 grp=0x0001 cmd=0x01 seq=213 rsp_len=19
OTA send: op=2 len=473 group=0x0001 cmd=0x01 seq=214
OTA command issued(write_cmd): rc=0 tx_len=481 smp=0x001f ccc=0x0020 sec=1
OTA tx inflight: t=32573 conn=0x20002020 grp=0x0001 cmd=0x01 seq=214 len=473
OTA rsp part: t=32706 conn=0x20002020 grp=0x0001 cmd=0x01 seq=214 off=0 chunk=19 acc=19 total=19
OTA rx complete: t=32707 dt=134 conn=0x20002020 grp=0x0001 cmd=0x01 seq=214 rsp_len=19
OTA send: op=2 len=473 group=0x0001 cmd=0x01 seq=215
OTA command issued(write_cmd): rc=0 tx_len=481 smp=0x001f ccc=0x0020 sec=1
OTA tx inflight: t=32708 conn=0x20002020 grp=0x0001 cmd=0x01 seq=215 len=473
OTA rsp part: t=32841 conn=0x20002020 grp=0x0001 cmd=0x01 seq=215 off=0 chunk=19 acc=19 total=19
OTA rx complete: t=32842 dt=134 conn=0x20002020 grp=0x0001 cmd=0x01 seq=215 rsp_len=19
OTA send: op=2 len=473 group=0x0001 cmd=0x01 seq=216
OTA command issued(write_cmd): rc=0 tx_len=481 smp=0x001f ccc=0x0020 sec=1
OTA tx inflight: t=32843 conn=0x20002020 grp=0x0001 cmd=0x01 seq=216 len=473
OTA rsp part: t=32965 conn=0x20002020 grp=0x0001 cmd=0x01 seq=216 off=0 chunk=19 acc=19 total=19
OTA rx complete: t=32965 dt=122 conn=0x20002020 grp=0x0001 cmd=0x01 seq=216 rsp_len=19
OTA upload progress: 56% (95648/170512 bytes)
OTA send: op=2 len=473 group=0x0001 cmd=0x01 seq=217
OTA command issued(write_cmd): rc=0 tx_len=481 smp=0x001f ccc=0x0020 sec=1
OTA tx inflight: t=32967 conn=0x20002020 grp=0x0001 cmd=0x01 seq=217 len=473
OTA rsp part: t=33111 conn=0x20002020 grp=0x0001 cmd=0x01 seq=217 off=0 chunk=19 acc=19 total=19
OTA rx complete: t=33112 dt=145 conn=0x20002020 grp=0x0001 cmd=0x01 seq=217 rsp_len=19
OTA send: op=2 len=473 group=0x0001 cmd=0x01 seq=218
OTA command issued(write_cmd): rc=0 tx_len=481 smp=0x001f ccc=0x0020 sec=1
OTA tx inflight: t=33113 conn=0x20002020 grp=0x0001 cmd=0x01 seq=218 len=473
OTA rsp part: t=33257 conn=0x20002020 grp=0x0001 cmd=0x01 seq=218 off=0 chunk=19 acc=19 total=19
OTA rx complete: t=33258 dt=145 conn=0x20002020 grp=0x0001 cmd=0x01 seq=218 rsp_len=19
OTA send: op=2 len=473 group=0x0001 cmd=0x01 seq=219
OTA command issued(write_cmd): rc=0 tx_len=481 smp=0x001f ccc=0x0020 sec=1
OTA tx inflight: t=33259 conn=0x20002020 grp=0x0001 cmd=0x01 seq=219 len=473
OTA rsp part: t=33392 conn=0x20002020 grp=0x0001 cmd=0x01 seq=219 off=0 chunk=19 acc=19 total=19
OTA rx complete: t=33393 dt=134 conn=0x20002020 grp=0x0001 cmd=0x01 seq=219 rsp_len=19
OTA send: op=2 len=473 group=0x0001 cmd=0x01 seq=220
OTA command issued(write_cmd): rc=0 tx_len=481 smp=0x001f ccc=0x0020 sec=1
OTA tx inflight: t=33394 conn=0x20002020 grp=0x0001 cmd=0x01 seq=220 len=473
OTA rsp part: t=33527 conn=0x20002020 grp=0x0001 cmd=0x01 seq=220 off=0 chunk=19 acc=19 total=19
OTA rx complete: t=33528 dt=134 conn=0x20002020 grp=0x0001 cmd=0x01 seq=220 rsp_len=19
OTA upload progress: 57% (97440/170512 bytes)
OTA send: op=2 len=473 group=0x0001 cmd=0x01 seq=221
OTA command issued(write_cmd): rc=0 tx_len=481 smp=0x001f ccc=0x0020 sec=1
OTA tx inflight: t=33530 conn=0x20002020 grp=0x0001 cmd=0x01 seq=221 len=473
OTA rsp part: t=33673 conn=0x20002020 grp=0x0001 cmd=0x01 seq=221 off=0 chunk=19 acc=19 total=19
OTA rx complete: t=33674 dt=144 conn=0x20002020 grp=0x0001 cmd=0x01 seq=221 rsp_len=19
OTA send: op=2 len=473 group=0x0001 cmd=0x01 seq=222
OTA command issued(write_cmd): rc=0 tx_len=481 smp=0x001f ccc=0x0020 sec=1
OTA tx inflight: t=33676 conn=0x20002020 grp=0x0001 cmd=0x01 seq=222 len=473
OTA rsp part: t=33808 conn=0x20002020 grp=0x0001 cmd=0x01 seq=222 off=0 chunk=19 acc=19 total=19
OTA rx complete: t=33809 dt=133 conn=0x20002020 grp=0x0001 cmd=0x01 seq=222 rsp_len=19
OTA send: op=2 len=473 group=0x0001 cmd=0x01 seq=223
OTA command issued(write_cmd): rc=0 tx_len=481 smp=0x001f ccc=0x0020 sec=1
OTA tx inflight: t=33811 conn=0x20002020 grp=0x0001 cmd=0x01 seq=223 len=473
OTA rsp part: t=33944 conn=0x20002020 grp=0x0001 cmd=0x01 seq=223 off=0 chunk=19 acc=19 total=19
OTA rx complete: t=33944 dt=133 conn=0x20002020 grp=0x0001 cmd=0x01 seq=223 rsp_len=19
OTA send: op=2 len=473 group=0x0001 cmd=0x01 seq=224
OTA command issued(write_cmd): rc=0 tx_len=481 smp=0x001f ccc=0x0020 sec=1
OTA tx inflight: t=33946 conn=0x20002020 grp=0x0001 cmd=0x01 seq=224 len=473
OTA rsp part: t=34067 conn=0x20002020 grp=0x0001 cmd=0x01 seq=224 off=0 chunk=19 acc=19 total=19
OTA rx complete: t=34068 dt=122 conn=0x20002020 grp=0x0001 cmd=0x01 seq=224 rsp_len=19
OTA upload progress: 58% (99232/170512 bytes)
OTA send: op=2 len=473 group=0x0001 cmd=0x01 seq=225
OTA command issued(write_cmd): rc=0 tx_len=481 smp=0x001f ccc=0x0020 sec=1
OTA tx inflight: t=34070 conn=0x20002020 grp=0x0001 cmd=0x01 seq=225 len=473
OTA rsp part: t=34202 conn=0x20002020 grp=0x0001 cmd=0x01 seq=225 off=0 chunk=19 acc=19 total=19
OTA rx complete: t=34203 dt=133 conn=0x20002020 grp=0x0001 cmd=0x01 seq=225 rsp_len=19
OTA send: op=2 len=473 group=0x0001 cmd=0x01 seq=226
OTA command issued(write_cmd): rc=0 tx_len=481 smp=0x001f ccc=0x0020 sec=1
OTA tx inflight: t=34204 conn=0x20002020 grp=0x0001 cmd=0x01 seq=226 len=473
OTA rsp part: t=34337 conn=0x20002020 grp=0x0001 cmd=0x01 seq=226 off=0 chunk=19 acc=19 total=19
OTA rx complete: t=34338 dt=134 conn=0x20002020 grp=0x0001 cmd=0x01 seq=226 rsp_len=19
OTA send: op=2 len=473 group=0x0001 cmd=0x01 seq=227
OTA command issued(write_cmd): rc=0 tx_len=481 smp=0x001f ccc=0x0020 sec=1
OTA tx inflight: t=34339 conn=0x20002020 grp=0x0001 cmd=0x01 seq=227 len=473
OTA rsp part: t=34484 conn=0x20002020 grp=0x0001 cmd=0x01 seq=227 off=0 chunk=19 acc=19 total=19
OTA rx complete: t=34484 dt=145 conn=0x20002020 grp=0x0001 cmd=0x01 seq=227 rsp_len=19
OTA send: op=2 len=473 group=0x0001 cmd=0x01 seq=228
OTA command issued(write_cmd): rc=0 tx_len=481 smp=0x001f ccc=0x0020 sec=1
OTA tx inflight: t=34486 conn=0x20002020 grp=0x0001 cmd=0x01 seq=228 len=473
OTA rsp part: t=34618 conn=0x20002020 grp=0x0001 cmd=0x01 seq=228 off=0 chunk=19 acc=19 total=19
OTA rx complete: t=34619 dt=133 conn=0x20002020 grp=0x0001 cmd=0x01 seq=228 rsp_len=19
OTA upload progress: 59% (101024/170512 bytes)
OTA send: op=2 len=473 group=0x0001 cmd=0x01 seq=229
OTA command issued(write_cmd): rc=0 tx_len=481 smp=0x001f ccc=0x0020 sec=1
OTA tx inflight: t=34621 conn=0x20002020 grp=0x0001 cmd=0x01 seq=229 len=473
OTA rsp part: t=34753 conn=0x20002020 grp=0x0001 cmd=0x01 seq=229 off=0 chunk=19 acc=19 total=19
OTA rx complete: t=34754 dt=133 conn=0x20002020 grp=0x0001 cmd=0x01 seq=229 rsp_len=19
OTA send: op=2 len=473 group=0x0001 cmd=0x01 seq=230
OTA command issued(write_cmd): rc=0 tx_len=481 smp=0x001f ccc=0x0020 sec=1
OTA tx inflight: t=34756 conn=0x20002020 grp=0x0001 cmd=0x01 seq=230 len=473
OTA rsp part: t=34889 conn=0x20002020 grp=0x0001 cmd=0x01 seq=230 off=0 chunk=19 acc=19 total=19
OTA rx complete: t=34889 dt=133 conn=0x20002020 grp=0x0001 cmd=0x01 seq=230 rsp_len=19
OTA send: op=2 len=473 group=0x0001 cmd=0x01 seq=231
OTA command issued(write_cmd): rc=0 tx_len=481 smp=0x001f ccc=0x0020 sec=1
OTA tx inflight: t=34891 conn=0x20002020 grp=0x0001 cmd=0x01 seq=231 len=473
OTA rsp part: t=35023 conn=0x20002020 grp=0x0001 cmd=0x01 seq=231 off=0 chunk=19 acc=19 total=19
OTA rx complete: t=35024 dt=133 conn=0x20002020 grp=0x0001 cmd=0x01 seq=231 rsp_len=19
OTA upload progress: 60% (102368/170512 bytes)
OTA send: op=2 len=473 group=0x0001 cmd=0x01 seq=232
OTA command issued(write_cmd): rc=0 tx_len=481 smp=0x001f ccc=0x0020 sec=1
OTA tx inflight: t=35026 conn=0x20002020 grp=0x0001 cmd=0x01 seq=232 len=473
OTA rsp part: t=35147 conn=0x20002020 grp=0x0001 cmd=0x01 seq=232 off=0 chunk=19 acc=19 total=19
OTA rx complete: t=35148 dt=122 conn=0x20002020 grp=0x0001 cmd=0x01 seq=232 rsp_len=19
OTA send: op=2 len=473 group=0x0001 cmd=0x01 seq=233
OTA command issued(write_cmd): rc=0 tx_len=481 smp=0x001f ccc=0x0020 sec=1
OTA tx inflight: t=35149 conn=0x20002020 grp=0x0001 cmd=0x01 seq=233 len=473
OTA rsp part: t=35282 conn=0x20002020 grp=0x0001 cmd=0x01 seq=233 off=0 chunk=19 acc=19 total=19
OTA rx complete: t=35283 dt=134 conn=0x20002020 grp=0x0001 cmd=0x01 seq=233 rsp_len=19
OTA send: op=2 len=473 group=0x0001 cmd=0x01 seq=234
OTA command issued(write_cmd): rc=0 tx_len=481 smp=0x001f ccc=0x0020 sec=1
OTA tx inflight: t=35284 conn=0x20002020 grp=0x0001 cmd=0x01 seq=234 len=473
OTA rsp part: t=35417 conn=0x20002020 grp=0x0001 cmd=0x01 seq=234 off=0 chunk=19 acc=19 total=19
OTA rx complete: t=35418 dt=134 conn=0x20002020 grp=0x0001 cmd=0x01 seq=234 rsp_len=19
OTA send: op=2 len=473 group=0x0001 cmd=0x01 seq=235
OTA command issued(write_cmd): rc=0 tx_len=481 smp=0x001f ccc=0x0020 sec=1
OTA tx inflight: t=35419 conn=0x20002020 grp=0x0001 cmd=0x01 seq=235 len=473
OTA rsp part: t=35552 conn=0x20002020 grp=0x0001 cmd=0x01 seq=235 off=0 chunk=19 acc=19 total=19
OTA rx complete: t=35553 dt=134 conn=0x20002020 grp=0x0001 cmd=0x01 seq=235 rsp_len=19
OTA upload progress: 61% (104160/170512 bytes)
OTA send: op=2 len=473 group=0x0001 cmd=0x01 seq=236
OTA command issued(write_cmd): rc=0 tx_len=481 smp=0x001f ccc=0x0020 sec=1
OTA tx inflight: t=35555 conn=0x20002020 grp=0x0001 cmd=0x01 seq=236 len=473
OTA rsp part: t=35687 conn=0x20002020 grp=0x0001 cmd=0x01 seq=236 off=0 chunk=19 acc=19 total=19
OTA rx complete: t=35688 dt=133 conn=0x20002020 grp=0x0001 cmd=0x01 seq=236 rsp_len=19
OTA send: op=2 len=473 group=0x0001 cmd=0x01 seq=237
OTA command issued(write_cmd): rc=0 tx_len=481 smp=0x001f ccc=0x0020 sec=1
OTA tx inflight: t=35689 conn=0x20002020 grp=0x0001 cmd=0x01 seq=237 len=473
OTA rsp part: t=35822 conn=0x20002020 grp=0x0001 cmd=0x01 seq=237 off=0 chunk=19 acc=19 total=19
OTA rx complete: t=35823 dt=134 conn=0x20002020 grp=0x0001 cmd=0x01 seq=237 rsp_len=19
OTA send: op=2 len=473 group=0x0001 cmd=0x01 seq=238
OTA command issued(write_cmd): rc=0 tx_len=481 smp=0x001f ccc=0x0020 sec=1
OTA tx inflight: t=35824 conn=0x20002020 grp=0x0001 cmd=0x01 seq=238 len=473
OTA rsp part: t=35957 conn=0x20002020 grp=0x0001 cmd=0x01 seq=238 off=0 chunk=19 acc=19 total=19
OTA rx complete: t=35958 dt=134 conn=0x20002020 grp=0x0001 cmd=0x01 seq=238 rsp_len=19
OTA send: op=2 len=473 group=0x0001 cmd=0x01 seq=239
OTA command issued(write_cmd): rc=0 tx_len=481 smp=0x001f ccc=0x0020 sec=1
OTA tx inflight: t=35959 conn=0x20002020 grp=0x0001 cmd=0x01 seq=239 len=473
OTA rsp part: t=36092 conn=0x20002020 grp=0x0001 cmd=0x01 seq=239 off=0 chunk=19 acc=19 total=19
OTA rx complete: t=36093 dt=134 conn=0x20002020 grp=0x0001 cmd=0x01 seq=239 rsp_len=19
OTA upload progress: 62% (105952/170512 bytes)
OTA send: op=2 len=473 group=0x0001 cmd=0x01 seq=240
OTA command issued(write_cmd): rc=0 tx_len=481 smp=0x001f ccc=0x0020 sec=1
OTA tx inflight: t=36095 conn=0x20002020 grp=0x0001 cmd=0x01 seq=240 len=473
OTA rsp part: t=36216 conn=0x20002020 grp=0x0001 cmd=0x01 seq=240 off=0 chunk=19 acc=19 total=19
OTA rx complete: t=36217 dt=122 conn=0x20002020 grp=0x0001 cmd=0x01 seq=240 rsp_len=19
OTA send: op=2 len=473 group=0x0001 cmd=0x01 seq=241
OTA command issued(write_cmd): rc=0 tx_len=481 smp=0x001f ccc=0x0020 sec=1
OTA tx inflight: t=36218 conn=0x20002020 grp=0x0001 cmd=0x01 seq=241 len=473
OTA rsp part: t=36351 conn=0x20002020 grp=0x0001 cmd=0x01 seq=241 off=0 chunk=19 acc=19 total=19
OTA rx complete: t=36352 dt=134 conn=0x20002020 grp=0x0001 cmd=0x01 seq=241 rsp_len=19
OTA send: op=2 len=473 group=0x0001 cmd=0x01 seq=242
OTA command issued(write_cmd): rc=0 tx_len=481 smp=0x001f ccc=0x0020 sec=1
OTA tx inflight: t=36353 conn=0x20002020 grp=0x0001 cmd=0x01 seq=242 len=473
OTA rsp part: t=36486 conn=0x20002020 grp=0x0001 cmd=0x01 seq=242 off=0 chunk=19 acc=19 total=19
OTA rx complete: t=36487 dt=134 conn=0x20002020 grp=0x0001 cmd=0x01 seq=242 rsp_len=19
OTA send: op=2 len=473 group=0x0001 cmd=0x01 seq=243
OTA command issued(write_cmd): rc=0 tx_len=481 smp=0x001f ccc=0x0020 sec=1
OTA tx inflight: t=36488 conn=0x20002020 grp=0x0001 cmd=0x01 seq=243 len=473
OTA rsp part: t=36632 conn=0x20002020 grp=0x0001 cmd=0x01 seq=243 off=0 chunk=19 acc=19 total=19
OTA rx complete: t=36633 dt=145 conn=0x20002020 grp=0x0001 cmd=0x01 seq=243 rsp_len=19
OTA upload progress: 63% (107744/170512 bytes)
OTA send: op=2 len=473 group=0x0001 cmd=0x01 seq=244
OTA command issued(write_cmd): rc=0 tx_len=481 smp=0x001f ccc=0x0020 sec=1
OTA tx inflight: t=36635 conn=0x20002020 grp=0x0001 cmd=0x01 seq=244 len=473
OTA rsp part: t=36767 conn=0x20002020 grp=0x0001 cmd=0x01 seq=244 off=0 chunk=19 acc=19 total=19
OTA rx complete: t=36768 dt=133 conn=0x20002020 grp=0x0001 cmd=0x01 seq=244 rsp_len=19
OTA send: op=2 len=473 group=0x0001 cmd=0x01 seq=245
OTA command issued(write_cmd): rc=0 tx_len=481 smp=0x001f ccc=0x0020 sec=1
OTA tx inflight: t=36769 conn=0x20002020 grp=0x0001 cmd=0x01 seq=245 len=473
OTA rsp part: t=36902 conn=0x20002020 grp=0x0001 cmd=0x01 seq=245 off=0 chunk=19 acc=19 total=19
OTA rx complete: t=36903 dt=134 conn=0x20002020 grp=0x0001 cmd=0x01 seq=245 rsp_len=19
OTA send: op=2 len=473 group=0x0001 cmd=0x01 seq=246
OTA command issued(write_cmd): rc=0 tx_len=481 smp=0x001f ccc=0x0020 sec=1
OTA tx inflight: t=36904 conn=0x20002020 grp=0x0001 cmd=0x01 seq=246 len=473
OTA rsp part: t=37037 conn=0x20002020 grp=0x0001 cmd=0x01 seq=246 off=0 chunk=19 acc=19 total=19
OTA rx complete: t=37038 dt=134 conn=0x20002020 grp=0x0001 cmd=0x01 seq=246 rsp_len=19
OTA send: op=2 len=473 group=0x0001 cmd=0x01 seq=247
OTA command issued(write_cmd): rc=0 tx_len=481 smp=0x001f ccc=0x0020 sec=1
OTA tx inflight: t=37039 conn=0x20002020 grp=0x0001 cmd=0x01 seq=247 len=473
OTA rsp part: t=37172 conn=0x20002020 grp=0x0001 cmd=0x01 seq=247 off=0 chunk=19 acc=19 total=19
OTA rx complete: t=37173 dt=134 conn=0x20002020 grp=0x0001 cmd=0x01 seq=247 rsp_len=19
OTA upload progress: 64% (109536/170512 bytes)
OTA send: op=2 len=473 group=0x0001 cmd=0x01 seq=248
OTA command issued(write_cmd): rc=0 tx_len=481 smp=0x001f ccc=0x0020 sec=1
OTA tx inflight: t=37175 conn=0x20002020 grp=0x0001 cmd=0x01 seq=248 len=473
OTA rsp part: t=37296 conn=0x20002020 grp=0x0001 cmd=0x01 seq=248 off=0 chunk=19 acc=19 total=19
OTA rx complete: t=37297 dt=122 conn=0x20002020 grp=0x0001 cmd=0x01 seq=248 rsp_len=19
OTA send: op=2 len=473 group=0x0001 cmd=0x01 seq=249
OTA command issued(write_cmd): rc=0 tx_len=481 smp=0x001f ccc=0x0020 sec=1
OTA tx inflight: t=37298 conn=0x20002020 grp=0x0001 cmd=0x01 seq=249 len=473
OTA rsp part: t=37431 conn=0x20002020 grp=0x0001 cmd=0x01 seq=249 off=0 chunk=19 acc=19 total=19
OTA rx complete: t=37432 dt=134 conn=0x20002020 grp=0x0001 cmd=0x01 seq=249 rsp_len=19
OTA send: op=2 len=473 group=0x0001 cmd=0x01 seq=250
OTA command issued(write_cmd): rc=0 tx_len=481 smp=0x001f ccc=0x0020 sec=1
OTA tx inflight: t=37433 conn=0x20002020 grp=0x0001 cmd=0x01 seq=250 len=473
OTA rsp part: t=37566 conn=0x20002020 grp=0x0001 cmd=0x01 seq=250 off=0 chunk=19 acc=19 total=19
OTA rx complete: t=37567 dt=134 conn=0x20002020 grp=0x0001 cmd=0x01 seq=250 rsp_len=19
OTA upload progress: 65% (110880/170512 bytes)
OTA send: op=2 len=473 group=0x0001 cmd=0x01 seq=251
OTA command issued(write_cmd): rc=0 tx_len=481 smp=0x001f ccc=0x0020 sec=1
OTA tx inflight: t=37568 conn=0x20002020 grp=0x0001 cmd=0x01 seq=251 len=473
OTA rsp part: t=37701 conn=0x20002020 grp=0x0001 cmd=0x01 seq=251 off=0 chunk=19 acc=19 total=19
OTA rx complete: t=37702 dt=134 conn=0x20002020 grp=0x0001 cmd=0x01 seq=251 rsp_len=19
OTA send: op=2 len=473 group=0x0001 cmd=0x01 seq=252
OTA command issued(write_cmd): rc=0 tx_len=481 smp=0x001f ccc=0x0020 sec=1
OTA tx inflight: t=37703 conn=0x20002020 grp=0x0001 cmd=0x01 seq=252 len=473
OTA rsp part: t=37836 conn=0x20002020 grp=0x0001 cmd=0x01 seq=252 off=0 chunk=19 acc=19 total=19
OTA rx complete: t=37837 dt=134 conn=0x20002020 grp=0x0001 cmd=0x01 seq=252 rsp_len=19
OTA send: op=2 len=473 group=0x0001 cmd=0x01 seq=253
OTA command issued(write_cmd): rc=0 tx_len=481 smp=0x001f ccc=0x0020 sec=1
OTA tx inflight: t=37838 conn=0x20002020 grp=0x0001 cmd=0x01 seq=253 len=473
OTA rsp part: t=37971 conn=0x20002020 grp=0x0001 cmd=0x01 seq=253 off=0 chunk=19 acc=19 total=19
OTA rx complete: t=37972 dt=134 conn=0x20002020 grp=0x0001 cmd=0x01 seq=253 rsp_len=19
OTA send: op=2 len=473 group=0x0001 cmd=0x01 seq=254
OTA command issued(write_cmd): rc=0 tx_len=481 smp=0x001f ccc=0x0020 sec=1
OTA tx inflight: t=37973 conn=0x20002020 grp=0x0001 cmd=0x01 seq=254 len=473
OTA rsp part: t=38106 conn=0x20002020 grp=0x0001 cmd=0x01 seq=254 off=0 chunk=19 acc=19 total=19
OTA rx complete: t=38107 dt=134 conn=0x20002020 grp=0x0001 cmd=0x01 seq=254 rsp_len=19
OTA upload progress: 66% (112672/170512 bytes)
OTA send: op=2 len=473 group=0x0001 cmd=0x01 seq=255
OTA command issued(write_cmd): rc=0 tx_len=481 smp=0x001f ccc=0x0020 sec=1
OTA tx inflight: t=38108 conn=0x20002020 grp=0x0001 cmd=0x01 seq=255 len=473
OTA rsp part: t=38241 conn=0x20002020 grp=0x0001 cmd=0x01 seq=255 off=0 chunk=19 acc=19 total=19
OTA rx complete: t=38242 dt=134 conn=0x20002020 grp=0x0001 cmd=0x01 seq=255 rsp_len=19
OTA send: op=2 len=473 group=0x0001 cmd=0x01 seq=0
OTA command issued(write_cmd): rc=0 tx_len=481 smp=0x001f ccc=0x0020 sec=1
OTA tx inflight: t=38243 conn=0x20002020 grp=0x0001 cmd=0x01 seq=0 len=473
OTA rsp part: t=38365 conn=0x20002020 grp=0x0001 cmd=0x01 seq=0 off=0 chunk=19 acc=19 total=19
OTA rx complete: t=38365 dt=122 conn=0x20002020 grp=0x0001 cmd=0x01 seq=0 rsp_len=19
OTA send: op=2 len=473 group=0x0001 cmd=0x01 seq=1
OTA command issued(write_cmd): rc=0 tx_len=481 smp=0x001f ccc=0x0020 sec=1
OTA tx inflight: t=38367 conn=0x20002020 grp=0x0001 cmd=0x01 seq=1 len=473
OTA rsp part: t=38500 conn=0x20002020 grp=0x0001 cmd=0x01 seq=1 off=0 chunk=19 acc=19 total=19
OTA rx complete: t=38500 dt=133 conn=0x20002020 grp=0x0001 cmd=0x01 seq=1 rsp_len=19
OTA send: op=2 len=473 group=0x0001 cmd=0x01 seq=2
OTA command issued(write_cmd): rc=0 tx_len=481 smp=0x001f ccc=0x0020 sec=1
OTA tx inflight: t=38502 conn=0x20002020 grp=0x0001 cmd=0x01 seq=2 len=473
OTA rsp part: t=38646 conn=0x20002020 grp=0x0001 cmd=0x01 seq=2 off=0 chunk=19 acc=19 total=19
OTA rx complete: t=38647 dt=145 conn=0x20002020 grp=0x0001 cmd=0x01 seq=2 rsp_len=19
OTA upload progress: 67% (114464/170512 bytes)
OTA send: op=2 len=473 group=0x0001 cmd=0x01 seq=3
OTA command issued(write_cmd): rc=0 tx_len=481 smp=0x001f ccc=0x0020 sec=1
OTA tx inflight: t=38648 conn=0x20002020 grp=0x0001 cmd=0x01 seq=3 len=473
OTA rsp part: t=38803 conn=0x20002020 grp=0x0001 cmd=0x01 seq=3 off=0 chunk=19 acc=19 total=19
OTA rx complete: t=38804 dt=156 conn=0x20002020 grp=0x0001 cmd=0x01 seq=3 rsp_len=19
OTA send: op=2 len=473 group=0x0001 cmd=0x01 seq=4
OTA command issued(write_cmd): rc=0 tx_len=481 smp=0x001f ccc=0x0020 sec=1
OTA tx inflight: t=38806 conn=0x20002020 grp=0x0001 cmd=0x01 seq=4 len=473
OTA rsp part: t=38938 conn=0x20002020 grp=0x0001 cmd=0x01 seq=4 off=0 chunk=19 acc=19 total=19
OTA rx complete: t=38939 dt=133 conn=0x20002020 grp=0x0001 cmd=0x01 seq=4 rsp_len=19
OTA send: op=2 len=473 group=0x0001 cmd=0x01 seq=5
OTA command issued(write_cmd): rc=0 tx_len=481 smp=0x001f ccc=0x0020 sec=1
OTA tx inflight: t=38941 conn=0x20002020 grp=0x0001 cmd=0x01 seq=5 len=473
OTA rsp part: t=39074 conn=0x20002020 grp=0x0001 cmd=0x01 seq=5 off=0 chunk=19 acc=19 total=19
OTA rx complete: t=39074 dt=133 conn=0x20002020 grp=0x0001 cmd=0x01 seq=5 rsp_len=19
OTA send: op=2 len=473 group=0x0001 cmd=0x01 seq=6
OTA command issued(write_cmd): rc=0 tx_len=481 smp=0x001f ccc=0x0020 sec=1
OTA tx inflight: t=39076 conn=0x20002020 grp=0x0001 cmd=0x01 seq=6 len=473
OTA rsp part: t=39208 conn=0x20002020 grp=0x0001 cmd=0x01 seq=6 off=0 chunk=19 acc=19 total=19
OTA rx complete: t=39209 dt=133 conn=0x20002020 grp=0x0001 cmd=0x01 seq=6 rsp_len=19
OTA upload progress: 68% (116256/170512 bytes)
OTA send: op=2 len=473 group=0x0001 cmd=0x01 seq=7
OTA command issued(write_cmd): rc=0 tx_len=481 smp=0x001f ccc=0x0020 sec=1
OTA tx inflight: t=39211 conn=0x20002020 grp=0x0001 cmd=0x01 seq=7 len=473
OTA rsp part: t=39343 conn=0x20002020 grp=0x0001 cmd=0x01 seq=7 off=0 chunk=19 acc=19 total=19
OTA rx complete: t=39344 dt=133 conn=0x20002020 grp=0x0001 cmd=0x01 seq=7 rsp_len=19
OTA send: op=2 len=473 group=0x0001 cmd=0x01 seq=8
OTA command issued(write_cmd): rc=0 tx_len=481 smp=0x001f ccc=0x0020 sec=1
OTA tx inflight: t=39346 conn=0x20002020 grp=0x0001 cmd=0x01 seq=8 len=473
OTA rsp part: t=39467 conn=0x20002020 grp=0x0001 cmd=0x01 seq=8 off=0 chunk=19 acc=19 total=19
OTA rx complete: t=39468 dt=122 conn=0x20002020 grp=0x0001 cmd=0x01 seq=8 rsp_len=19
OTA send: op=2 len=473 group=0x0001 cmd=0x01 seq=9
OTA command issued(write_cmd): rc=0 tx_len=481 smp=0x001f ccc=0x0020 sec=1
OTA tx inflight: t=39469 conn=0x20002020 grp=0x0001 cmd=0x01 seq=9 len=473
OTA rsp part: t=39602 conn=0x20002020 grp=0x0001 cmd=0x01 seq=9 off=0 chunk=19 acc=19 total=19
OTA rx complete: t=39603 dt=134 conn=0x20002020 grp=0x0001 cmd=0x01 seq=9 rsp_len=19
OTA send: op=2 len=473 group=0x0001 cmd=0x01 seq=10
OTA command issued(write_cmd): rc=0 tx_len=481 smp=0x001f ccc=0x0020 sec=1
OTA tx inflight: t=39604 conn=0x20002020 grp=0x0001 cmd=0x01 seq=10 len=473
OTA rsp part: t=39737 conn=0x20002020 grp=0x0001 cmd=0x01 seq=10 off=0 chunk=19 acc=19 total=19
OTA rx complete: t=39738 dt=134 conn=0x20002020 grp=0x0001 cmd=0x01 seq=10 rsp_len=19
OTA upload progress: 69% (118048/170512 bytes)
OTA send: op=2 len=473 group=0x0001 cmd=0x01 seq=11
OTA command issued(write_cmd): rc=0 tx_len=481 smp=0x001f ccc=0x0020 sec=1
OTA tx inflight: t=39740 conn=0x20002020 grp=0x0001 cmd=0x01 seq=11 len=473
OTA rsp part: t=39872 conn=0x20002020 grp=0x0001 cmd=0x01 seq=11 off=0 chunk=19 acc=19 total=19
OTA rx complete: t=39873 dt=133 conn=0x20002020 grp=0x0001 cmd=0x01 seq=11 rsp_len=19
OTA send: op=2 len=473 group=0x0001 cmd=0x01 seq=12
OTA command issued(write_cmd): rc=0 tx_len=481 smp=0x001f ccc=0x0020 sec=1
OTA tx inflight: t=39874 conn=0x20002020 grp=0x0001 cmd=0x01 seq=12 len=473
OTA rsp part: t=40018 conn=0x20002020 grp=0x0001 cmd=0x01 seq=12 off=0 chunk=19 acc=19 total=19
OTA rx complete: t=40019 dt=145 conn=0x20002020 grp=0x0001 cmd=0x01 seq=12 rsp_len=19
OTA send: op=2 len=473 group=0x0001 cmd=0x01 seq=13
OTA command issued(write_cmd): rc=0 tx_len=481 smp=0x001f ccc=0x0020 sec=1
OTA tx inflight: t=40021 conn=0x20002020 grp=0x0001 cmd=0x01 seq=13 len=473
OTA rsp part: t=40153 conn=0x20002020 grp=0x0001 cmd=0x01 seq=13 off=0 chunk=19 acc=19 total=19
OTA rx complete: t=40154 dt=133 conn=0x20002020 grp=0x0001 cmd=0x01 seq=13 rsp_len=19
OTA upload progress: 70% (119392/170512 bytes)
OTA send: op=2 len=473 group=0x0001 cmd=0x01 seq=14
OTA command issued(write_cmd): rc=0 tx_len=481 smp=0x001f ccc=0x0020 sec=1
OTA tx inflight: t=40156 conn=0x20002020 grp=0x0001 cmd=0x01 seq=14 len=473
OTA rsp part: t=40300 conn=0x20002020 grp=0x0001 cmd=0x01 seq=14 off=0 chunk=19 acc=19 total=19
OTA rx complete: t=40300 dt=144 conn=0x20002020 grp=0x0001 cmd=0x01 seq=14 rsp_len=19
OTA send: op=2 len=473 group=0x0001 cmd=0x01 seq=15
OTA command issued(write_cmd): rc=0 tx_len=481 smp=0x001f ccc=0x0020 sec=1
OTA tx inflight: t=40302 conn=0x20002020 grp=0x0001 cmd=0x01 seq=15 len=473
OTA rsp part: t=40435 conn=0x20002020 grp=0x0001 cmd=0x01 seq=15 off=0 chunk=19 acc=19 total=19
OTA rx complete: t=40435 dt=133 conn=0x20002020 grp=0x0001 cmd=0x01 seq=15 rsp_len=19
OTA send: op=2 len=473 group=0x0001 cmd=0x01 seq=16
OTA command issued(write_cmd): rc=0 tx_len=481 smp=0x001f ccc=0x0020 sec=1
OTA tx inflight: t=40437 conn=0x20002020 grp=0x0001 cmd=0x01 seq=16 len=473
OTA rsp part: t=40558 conn=0x20002020 grp=0x0001 cmd=0x01 seq=16 off=0 chunk=19 acc=19 total=19
OTA rx complete: t=40559 dt=122 conn=0x20002020 grp=0x0001 cmd=0x01 seq=16 rsp_len=19
OTA send: op=2 len=473 group=0x0001 cmd=0x01 seq=17
OTA command issued(write_cmd): rc=0 tx_len=481 smp=0x001f ccc=0x0020 sec=1
OTA tx inflight: t=40561 conn=0x20002020 grp=0x0001 cmd=0x01 seq=17 len=473
OTA rsp part: t=40694 conn=0x20002020 grp=0x0001 cmd=0x01 seq=17 off=0 chunk=19 acc=19 total=19
OTA rx complete: t=40694 dt=133 conn=0x20002020 grp=0x0001 cmd=0x01 seq=17 rsp_len=19
OTA upload progress: 71% (121184/170512 bytes)
OTA send: op=2 len=473 group=0x0001 cmd=0x01 seq=18
OTA command issued(write_cmd): rc=0 tx_len=481 smp=0x001f ccc=0x0020 sec=1
OTA tx inflight: t=40696 conn=0x20002020 grp=0x0001 cmd=0x01 seq=18 len=473
OTA rsp part: t=40828 conn=0x20002020 grp=0x0001 cmd=0x01 seq=18 off=0 chunk=19 acc=19 total=19
OTA rx complete: t=40829 dt=133 conn=0x20002020 grp=0x0001 cmd=0x01 seq=18 rsp_len=19
OTA send: op=2 len=473 group=0x0001 cmd=0x01 seq=19
OTA command issued(write_cmd): rc=0 tx_len=481 smp=0x001f ccc=0x0020 sec=1
OTA tx inflight: t=40831 conn=0x20002020 grp=0x0001 cmd=0x01 seq=19 len=473
OTA rsp part: t=40963 conn=0x20002020 grp=0x0001 cmd=0x01 seq=19 off=0 chunk=19 acc=19 total=19
OTA rx complete: t=40964 dt=133 conn=0x20002020 grp=0x0001 cmd=0x01 seq=19 rsp_len=19
OTA send: op=2 len=473 group=0x0001 cmd=0x01 seq=20
OTA command issued(write_cmd): rc=0 tx_len=481 smp=0x001f ccc=0x0020 sec=1
OTA tx inflight: t=40966 conn=0x20002020 grp=0x0001 cmd=0x01 seq=20 len=473
OTA rsp part: t=41098 conn=0x20002020 grp=0x0001 cmd=0x01 seq=20 off=0 chunk=19 acc=19 total=19
OTA rx complete: t=41099 dt=133 conn=0x20002020 grp=0x0001 cmd=0x01 seq=20 rsp_len=19
OTA send: op=2 len=473 group=0x0001 cmd=0x01 seq=21
OTA command issued(write_cmd): rc=0 tx_len=481 smp=0x001f ccc=0x0020 sec=1
OTA tx inflight: t=41101 conn=0x20002020 grp=0x0001 cmd=0x01 seq=21 len=473
OTA rsp part: t=41245 conn=0x20002020 grp=0x0001 cmd=0x01 seq=21 off=0 chunk=19 acc=19 total=19
OTA rx complete: t=41245 dt=144 conn=0x20002020 grp=0x0001 cmd=0x01 seq=21 rsp_len=19
OTA upload progress: 72% (122976/170512 bytes)
OTA send: op=2 len=473 group=0x0001 cmd=0x01 seq=22
OTA command issued(write_cmd): rc=0 tx_len=481 smp=0x001f ccc=0x0020 sec=1
OTA tx inflight: t=41247 conn=0x20002020 grp=0x0001 cmd=0x01 seq=22 len=473
OTA rsp part: t=41380 conn=0x20002020 grp=0x0001 cmd=0x01 seq=22 off=0 chunk=19 acc=19 total=19
OTA rx complete: t=41380 dt=133 conn=0x20002020 grp=0x0001 cmd=0x01 seq=22 rsp_len=19
OTA send: op=2 len=473 group=0x0001 cmd=0x01 seq=23
OTA command issued(write_cmd): rc=0 tx_len=481 smp=0x001f ccc=0x0020 sec=1
OTA tx inflight: t=41382 conn=0x20002020 grp=0x0001 cmd=0x01 seq=23 len=473
OTA rsp part: t=41515 conn=0x20002020 grp=0x0001 cmd=0x01 seq=23 off=0 chunk=19 acc=19 total=19
OTA rx complete: t=41515 dt=133 conn=0x20002020 grp=0x0001 cmd=0x01 seq=23 rsp_len=19
OTA send: op=2 len=473 group=0x0001 cmd=0x01 seq=24
OTA command issued(write_cmd): rc=0 tx_len=481 smp=0x001f ccc=0x0020 sec=1
OTA tx inflight: t=41517 conn=0x20002020 grp=0x0001 cmd=0x01 seq=24 len=473
OTA rsp part: t=41639 conn=0x20002020 grp=0x0001 cmd=0x01 seq=24 off=0 chunk=19 acc=19 total=19
OTA rx complete: t=41639 dt=122 conn=0x20002020 grp=0x0001 cmd=0x01 seq=24 rsp_len=19
OTA send: op=2 len=473 group=0x0001 cmd=0x01 seq=25
OTA command issued(write_cmd): rc=0 tx_len=481 smp=0x001f ccc=0x0020 sec=1
OTA tx inflight: t=41641 conn=0x20002020 grp=0x0001 cmd=0x01 seq=25 len=473
OTA rsp part: t=41796 conn=0x20002020 grp=0x0001 cmd=0x01 seq=25 off=0 chunk=19 acc=19 total=19
OTA rx complete: t=41797 dt=156 conn=0x20002020 grp=0x0001 cmd=0x01 seq=25 rsp_len=19
OTA upload progress: 73% (124768/170512 bytes)
OTA send: op=2 len=473 group=0x0001 cmd=0x01 seq=26
OTA command issued(write_cmd): rc=0 tx_len=481 smp=0x001f ccc=0x0020 sec=1
OTA tx inflight: t=41798 conn=0x20002020 grp=0x0001 cmd=0x01 seq=26 len=473
OTA rsp part: t=41931 conn=0x20002020 grp=0x0001 cmd=0x01 seq=26 off=0 chunk=19 acc=19 total=19
OTA rx complete: t=41932 dt=134 conn=0x20002020 grp=0x0001 cmd=0x01 seq=26 rsp_len=19
OTA send: op=2 len=473 group=0x0001 cmd=0x01 seq=27
OTA command issued(write_cmd): rc=0 tx_len=481 smp=0x001f ccc=0x0020 sec=1
OTA tx inflight: t=41933 conn=0x20002020 grp=0x0001 cmd=0x01 seq=27 len=473
OTA rsp part: t=42066 conn=0x20002020 grp=0x0001 cmd=0x01 seq=27 off=0 chunk=19 acc=19 total=19
OTA rx complete: t=42067 dt=134 conn=0x20002020 grp=0x0001 cmd=0x01 seq=27 rsp_len=19
OTA send: op=2 len=473 group=0x0001 cmd=0x01 seq=28
OTA command issued(write_cmd): rc=0 tx_len=481 smp=0x001f ccc=0x0020 sec=1
OTA tx inflight: t=42068 conn=0x20002020 grp=0x0001 cmd=0x01 seq=28 len=473
OTA rsp part: t=42201 conn=0x20002020 grp=0x0001 cmd=0x01 seq=28 off=0 chunk=19 acc=19 total=19
OTA rx complete: t=42202 dt=134 conn=0x20002020 grp=0x0001 cmd=0x01 seq=28 rsp_len=19
OTA send: op=2 len=473 group=0x0001 cmd=0x01 seq=29
OTA command issued(write_cmd): rc=0 tx_len=481 smp=0x001f ccc=0x0020 sec=1
OTA tx inflight: t=42203 conn=0x20002020 grp=0x0001 cmd=0x01 seq=29 len=473
OTA rsp part: t=42347 conn=0x20002020 grp=0x0001 cmd=0x01 seq=29 off=0 chunk=19 acc=19 total=19
OTA rx complete: t=42348 dt=145 conn=0x20002020 grp=0x0001 cmd=0x01 seq=29 rsp_len=19
OTA upload progress: 74% (126560/170512 bytes)
OTA send: op=2 len=473 group=0x0001 cmd=0x01 seq=30
OTA command issued(write_cmd): rc=0 tx_len=481 smp=0x001f ccc=0x0020 sec=1
OTA tx inflight: t=42350 conn=0x20002020 grp=0x0001 cmd=0x01 seq=30 len=473
OTA rsp part: t=42493 conn=0x20002020 grp=0x0001 cmd=0x01 seq=30 off=0 chunk=19 acc=19 total=19
OTA rx complete: t=42494 dt=144 conn=0x20002020 grp=0x0001 cmd=0x01 seq=30 rsp_len=19
OTA send: op=2 len=473 group=0x0001 cmd=0x01 seq=31
OTA command issued(write_cmd): rc=0 tx_len=481 smp=0x001f ccc=0x0020 sec=1
OTA tx inflight: t=42496 conn=0x20002020 grp=0x0001 cmd=0x01 seq=31 len=473
OTA rsp part: t=42628 conn=0x20002020 grp=0x0001 cmd=0x01 seq=31 off=0 chunk=19 acc=19 total=19
OTA rx complete: t=42629 dt=133 conn=0x20002020 grp=0x0001 cmd=0x01 seq=31 rsp_len=19
OTA send: op=2 len=473 group=0x0001 cmd=0x01 seq=32
OTA command issued(write_cmd): rc=0 tx_len=481 smp=0x001f ccc=0x0020 sec=1
OTA tx inflight: t=42631 conn=0x20002020 grp=0x0001 cmd=0x01 seq=32 len=473
OTA rsp part: t=42764 conn=0x20002020 grp=0x0001 cmd=0x01 seq=32 off=0 chunk=19 acc=19 total=19
OTA rx complete: t=42764 dt=133 conn=0x20002020 grp=0x0001 cmd=0x01 seq=32 rsp_len=19
OTA upload progress: 75% (127904/170512 bytes)
OTA send: op=2 len=473 group=0x0001 cmd=0x01 seq=33
OTA command issued(write_cmd): rc=0 tx_len=481 smp=0x001f ccc=0x0020 sec=1
OTA tx inflight: t=42766 conn=0x20002020 grp=0x0001 cmd=0x01 seq=33 len=473
OTA rsp part: t=42898 conn=0x20002020 grp=0x0001 cmd=0x01 seq=33 off=0 chunk=19 acc=19 total=19
OTA rx complete: t=42899 dt=133 conn=0x20002020 grp=0x0001 cmd=0x01 seq=33 rsp_len=19
OTA send: op=2 len=473 group=0x0001 cmd=0x01 seq=34
OTA command issued(write_cmd): rc=0 tx_len=481 smp=0x001f ccc=0x0020 sec=1
OTA tx inflight: t=42901 conn=0x20002020 grp=0x0001 cmd=0x01 seq=34 len=473
OTA rsp part: t=43033 conn=0x20002020 grp=0x0001 cmd=0x01 seq=34 off=0 chunk=19 acc=19 total=19
OTA rx complete: t=43034 dt=133 conn=0x20002020 grp=0x0001 cmd=0x01 seq=34 rsp_len=19
OTA send: op=2 len=473 group=0x0001 cmd=0x01 seq=35
OTA command issued(write_cmd): rc=0 tx_len=481 smp=0x001f ccc=0x0020 sec=1
OTA tx inflight: t=43036 conn=0x20002020 grp=0x0001 cmd=0x01 seq=35 len=473
OTA rsp part: t=43169 conn=0x20002020 grp=0x0001 cmd=0x01 seq=35 off=0 chunk=19 acc=19 total=19
OTA rx complete: t=43169 dt=133 conn=0x20002020 grp=0x0001 cmd=0x01 seq=35 rsp_len=19
OTA send: op=2 len=473 group=0x0001 cmd=0x01 seq=36
OTA command issued(write_cmd): rc=0 tx_len=481 smp=0x001f ccc=0x0020 sec=1
OTA tx inflight: t=43171 conn=0x20002020 grp=0x0001 cmd=0x01 seq=36 len=473
OTA rsp part: t=43337 conn=0x20002020 grp=0x0001 cmd=0x01 seq=36 off=0 chunk=19 acc=19 total=19
OTA rx complete: t=43338 dt=167 conn=0x20002020 grp=0x0001 cmd=0x01 seq=36 rsp_len=19
OTA upload progress: 76% (129696/170512 bytes)
OTA send: op=2 len=473 group=0x0001 cmd=0x01 seq=37
OTA command issued(write_cmd): rc=0 tx_len=481 smp=0x001f ccc=0x0020 sec=1
OTA tx inflight: t=43340 conn=0x20002020 grp=0x0001 cmd=0x01 seq=37 len=473
OTA rsp part: t=43472 conn=0x20002020 grp=0x0001 cmd=0x01 seq=37 off=0 chunk=19 acc=19 total=19
OTA rx complete: t=43473 dt=133 conn=0x20002020 grp=0x0001 cmd=0x01 seq=37 rsp_len=19
OTA send: op=2 len=473 group=0x0001 cmd=0x01 seq=38
OTA command issued(write_cmd): rc=0 tx_len=481 smp=0x001f ccc=0x0020 sec=1
OTA tx inflight: t=43474 conn=0x20002020 grp=0x0001 cmd=0x01 seq=38 len=473
OTA rsp part: t=43618 conn=0x20002020 grp=0x0001 cmd=0x01 seq=38 off=0 chunk=19 acc=19 total=19
OTA rx complete: t=43619 dt=145 conn=0x20002020 grp=0x0001 cmd=0x01 seq=38 rsp_len=19
OTA send: op=2 len=473 group=0x0001 cmd=0x01 seq=39
OTA command issued(write_cmd): rc=0 tx_len=481 smp=0x001f ccc=0x0020 sec=1
OTA tx inflight: t=43621 conn=0x20002020 grp=0x0001 cmd=0x01 seq=39 len=473
OTA rsp part: t=43753 conn=0x20002020 grp=0x0001 cmd=0x01 seq=39 off=0 chunk=19 acc=19 total=19
OTA rx complete: t=43754 dt=133 conn=0x20002020 grp=0x0001 cmd=0x01 seq=39 rsp_len=19
OTA send: op=2 len=473 group=0x0001 cmd=0x01 seq=40
OTA command issued(write_cmd): rc=0 tx_len=481 smp=0x001f ccc=0x0020 sec=1
OTA tx inflight: t=43756 conn=0x20002020 grp=0x0001 cmd=0x01 seq=40 len=473
OTA rsp part: t=43877 conn=0x20002020 grp=0x0001 cmd=0x01 seq=40 off=0 chunk=19 acc=19 total=19
OTA rx complete: t=43878 dt=122 conn=0x20002020 grp=0x0001 cmd=0x01 seq=40 rsp_len=19
OTA upload progress: 77% (131488/170512 bytes)
OTA send: op=2 len=473 group=0x0001 cmd=0x01 seq=41
OTA command issued(write_cmd): rc=0 tx_len=481 smp=0x001f ccc=0x0020 sec=1
OTA tx inflight: t=43880 conn=0x20002020 grp=0x0001 cmd=0x01 seq=41 len=473
OTA rsp part: t=44012 conn=0x20002020 grp=0x0001 cmd=0x01 seq=41 off=0 chunk=19 acc=19 total=19
OTA rx complete: t=44013 dt=133 conn=0x20002020 grp=0x0001 cmd=0x01 seq=41 rsp_len=19
OTA send: op=2 len=473 group=0x0001 cmd=0x01 seq=42
OTA command issued(write_cmd): rc=0 tx_len=481 smp=0x001f ccc=0x0020 sec=1
OTA tx inflight: t=44014 conn=0x20002020 grp=0x0001 cmd=0x01 seq=42 len=473
OTA rsp part: t=44147 conn=0x20002020 grp=0x0001 cmd=0x01 seq=42 off=0 chunk=19 acc=19 total=19
OTA rx complete: t=44148 dt=134 conn=0x20002020 grp=0x0001 cmd=0x01 seq=42 rsp_len=19
OTA send: op=2 len=473 group=0x0001 cmd=0x01 seq=43
OTA command issued(write_cmd): rc=0 tx_len=481 smp=0x001f ccc=0x0020 sec=1
OTA tx inflight: t=44149 conn=0x20002020 grp=0x0001 cmd=0x01 seq=43 len=473
OTA rsp part: t=44282 conn=0x20002020 grp=0x0001 cmd=0x01 seq=43 off=0 chunk=19 acc=19 total=19
OTA rx complete: t=44283 dt=134 conn=0x20002020 grp=0x0001 cmd=0x01 seq=43 rsp_len=19
OTA send: op=2 len=473 group=0x0001 cmd=0x01 seq=44
OTA command issued(write_cmd): rc=0 tx_len=481 smp=0x001f ccc=0x0020 sec=1
OTA tx inflight: t=44284 conn=0x20002020 grp=0x0001 cmd=0x01 seq=44 len=473
OTA rsp part: t=44417 conn=0x20002020 grp=0x0001 cmd=0x01 seq=44 off=0 chunk=19 acc=19 total=19
OTA rx complete: t=44418 dt=134 conn=0x20002020 grp=0x0001 cmd=0x01 seq=44 rsp_len=19
OTA upload progress: 78% (133280/170512 bytes)
OTA send: op=2 len=473 group=0x0001 cmd=0x01 seq=45
OTA command issued(write_cmd): rc=0 tx_len=481 smp=0x001f ccc=0x0020 sec=1
OTA tx inflight: t=44420 conn=0x20002020 grp=0x0001 cmd=0x01 seq=45 len=473
OTA rsp part: t=44552 conn=0x20002020 grp=0x0001 cmd=0x01 seq=45 off=0 chunk=19 acc=19 total=19
OTA rx complete: t=44553 dt=133 conn=0x20002020 grp=0x0001 cmd=0x01 seq=45 rsp_len=19
OTA send: op=2 len=473 group=0x0001 cmd=0x01 seq=46
OTA command issued(write_cmd): rc=0 tx_len=481 smp=0x001f ccc=0x0020 sec=1
OTA tx inflight: t=44554 conn=0x20002020 grp=0x0001 cmd=0x01 seq=46 len=473
OTA rsp part: t=44687 conn=0x20002020 grp=0x0001 cmd=0x01 seq=46 off=0 chunk=19 acc=19 total=19
OTA rx complete: t=44688 dt=134 conn=0x20002020 grp=0x0001 cmd=0x01 seq=46 rsp_len=19
OTA send: op=2 len=473 group=0x0001 cmd=0x01 seq=47
OTA command issued(write_cmd): rc=0 tx_len=481 smp=0x001f ccc=0x0020 sec=1
OTA tx inflight: t=44689 conn=0x20002020 grp=0x0001 cmd=0x01 seq=47 len=473
OTA rsp part: t=44822 conn=0x20002020 grp=0x0001 cmd=0x01 seq=47 off=0 chunk=19 acc=19 total=19
OTA rx complete: t=44823 dt=134 conn=0x20002020 grp=0x0001 cmd=0x01 seq=47 rsp_len=19
OTA send: op=2 len=473 group=0x0001 cmd=0x01 seq=48
OTA command issued(write_cmd): rc=0 tx_len=481 smp=0x001f ccc=0x0020 sec=1
OTA tx inflight: t=44824 conn=0x20002020 grp=0x0001 cmd=0x01 seq=48 len=473
OTA rsp part: t=44946 conn=0x20002020 grp=0x0001 cmd=0x01 seq=48 off=0 chunk=19 acc=19 total=19
OTA rx complete: t=44947 dt=123 conn=0x20002020 grp=0x0001 cmd=0x01 seq=48 rsp_len=19
OTA upload progress: 79% (135072/170512 bytes)
OTA send: op=2 len=473 group=0x0001 cmd=0x01 seq=49
OTA command issued(write_cmd): rc=0 tx_len=481 smp=0x001f ccc=0x0020 sec=1
OTA tx inflight: t=44948 conn=0x20002020 grp=0x0001 cmd=0x01 seq=49 len=473
OTA rsp part: t=45092 conn=0x20002020 grp=0x0001 cmd=0x01 seq=49 off=0 chunk=19 acc=19 total=19
OTA rx complete: t=45093 dt=145 conn=0x20002020 grp=0x0001 cmd=0x01 seq=49 rsp_len=19
OTA send: op=2 len=473 group=0x0001 cmd=0x01 seq=50
OTA command issued(write_cmd): rc=0 tx_len=481 smp=0x001f ccc=0x0020 sec=1
OTA tx inflight: t=45094 conn=0x20002020 grp=0x0001 cmd=0x01 seq=50 len=473
OTA rsp part: t=45227 conn=0x20002020 grp=0x0001 cmd=0x01 seq=50 off=0 chunk=19 acc=19 total=19
OTA rx complete: t=45228 dt=134 conn=0x20002020 grp=0x0001 cmd=0x01 seq=50 rsp_len=19
OTA send: op=2 len=473 group=0x0001 cmd=0x01 seq=51
OTA command issued(write_cmd): rc=0 tx_len=481 smp=0x001f ccc=0x0020 sec=1
OTA tx inflight: t=45229 conn=0x20002020 grp=0x0001 cmd=0x01 seq=51 len=473
OTA rsp part: t=45362 conn=0x20002020 grp=0x0001 cmd=0x01 seq=51 off=0 chunk=19 acc=19 total=19
OTA rx complete: t=45363 dt=134 conn=0x20002020 grp=0x0001 cmd=0x01 seq=51 rsp_len=19
OTA upload progress: 80% (136416/170512 bytes)
OTA send: op=2 len=473 group=0x0001 cmd=0x01 seq=52
OTA command issued(write_cmd): rc=0 tx_len=481 smp=0x001f ccc=0x0020 sec=1
OTA tx inflight: t=45365 conn=0x20002020 grp=0x0001 cmd=0x01 seq=52 len=473
OTA rsp part: t=45497 conn=0x20002020 grp=0x0001 cmd=0x01 seq=52 off=0 chunk=19 acc=19 total=19
OTA rx complete: t=45498 dt=133 conn=0x20002020 grp=0x0001 cmd=0x01 seq=52 rsp_len=19
OTA send: op=2 len=473 group=0x0001 cmd=0x01 seq=53
OTA command issued(write_cmd): rc=0 tx_len=481 smp=0x001f ccc=0x0020 sec=1
OTA tx inflight: t=45499 conn=0x20002020 grp=0x0001 cmd=0x01 seq=53 len=473
OTA rsp part: t=45643 conn=0x20002020 grp=0x0001 cmd=0x01 seq=53 off=0 chunk=19 acc=19 total=19
OTA rx complete: t=45644 dt=145 conn=0x20002020 grp=0x0001 cmd=0x01 seq=53 rsp_len=19
OTA send: op=2 len=473 group=0x0001 cmd=0x01 seq=54
OTA command issued(write_cmd): rc=0 tx_len=481 smp=0x001f ccc=0x0020 sec=1
OTA tx inflight: t=45646 conn=0x20002020 grp=0x0001 cmd=0x01 seq=54 len=473
OTA rsp part: t=45778 conn=0x20002020 grp=0x0001 cmd=0x01 seq=54 off=0 chunk=19 acc=19 total=19
OTA rx complete: t=45779 dt=133 conn=0x20002020 grp=0x0001 cmd=0x01 seq=54 rsp_len=19
OTA send: op=2 len=473 group=0x0001 cmd=0x01 seq=55
OTA command issued(write_cmd): rc=0 tx_len=481 smp=0x001f ccc=0x0020 sec=1
OTA tx inflight: t=45781 conn=0x20002020 grp=0x0001 cmd=0x01 seq=55 len=473
OTA rsp part: t=45914 conn=0x20002020 grp=0x0001 cmd=0x01 seq=55 off=0 chunk=19 acc=19 total=19
OTA rx complete: t=45914 dt=133 conn=0x20002020 grp=0x0001 cmd=0x01 seq=55 rsp_len=19
OTA upload progress: 81% (138208/170512 bytes)
OTA send: op=2 len=473 group=0x0001 cmd=0x01 seq=56
OTA command issued(write_cmd): rc=0 tx_len=481 smp=0x001f ccc=0x0020 sec=1
OTA tx inflight: t=45916 conn=0x20002020 grp=0x0001 cmd=0x01 seq=56 len=473
OTA rsp part: t=46037 conn=0x20002020 grp=0x0001 cmd=0x01 seq=56 off=0 chunk=19 acc=19 total=19
OTA rx complete: t=46038 dt=122 conn=0x20002020 grp=0x0001 cmd=0x01 seq=56 rsp_len=19
OTA send: op=2 len=473 group=0x0001 cmd=0x01 seq=57
OTA command issued(write_cmd): rc=0 tx_len=481 smp=0x001f ccc=0x0020 sec=1
OTA tx inflight: t=46039 conn=0x20002020 grp=0x0001 cmd=0x01 seq=57 len=473
OTA rsp part: t=46172 conn=0x20002020 grp=0x0001 cmd=0x01 seq=57 off=0 chunk=19 acc=19 total=19
OTA rx complete: t=46173 dt=134 conn=0x20002020 grp=0x0001 cmd=0x01 seq=57 rsp_len=19
OTA send: op=2 len=473 group=0x0001 cmd=0x01 seq=58
OTA command issued(write_cmd): rc=0 tx_len=481 smp=0x001f ccc=0x0020 sec=1
OTA tx inflight: t=46174 conn=0x20002020 grp=0x0001 cmd=0x01 seq=58 len=473
OTA rsp part: t=46307 conn=0x20002020 grp=0x0001 cmd=0x01 seq=58 off=0 chunk=19 acc=19 total=19
OTA rx complete: t=46308 dt=134 conn=0x20002020 grp=0x0001 cmd=0x01 seq=58 rsp_len=19
OTA send: op=2 len=473 group=0x0001 cmd=0x01 seq=59
OTA command issued(write_cmd): rc=0 tx_len=481 smp=0x001f ccc=0x0020 sec=1
OTA tx inflight: t=46309 conn=0x20002020 grp=0x0001 cmd=0x01 seq=59 len=473
OTA rsp part: t=46442 conn=0x20002020 grp=0x0001 cmd=0x01 seq=59 off=0 chunk=19 acc=19 total=19
OTA rx complete: t=46443 dt=134 conn=0x20002020 grp=0x0001 cmd=0x01 seq=59 rsp_len=19
OTA upload progress: 82% (140000/170512 bytes)
OTA send: op=2 len=473 group=0x0001 cmd=0x01 seq=60
OTA command issued(write_cmd): rc=0 tx_len=481 smp=0x001f ccc=0x0020 sec=1
OTA tx inflight: t=46445 conn=0x20002020 grp=0x0001 cmd=0x01 seq=60 len=473
OTA rsp part: t=46577 conn=0x20002020 grp=0x0001 cmd=0x01 seq=60 off=0 chunk=19 acc=19 total=19
OTA rx complete: t=46578 dt=133 conn=0x20002020 grp=0x0001 cmd=0x01 seq=60 rsp_len=19
OTA send: op=2 len=473 group=0x0001 cmd=0x01 seq=61
OTA command issued(write_cmd): rc=0 tx_len=481 smp=0x001f ccc=0x0020 sec=1
OTA tx inflight: t=46579 conn=0x20002020 grp=0x0001 cmd=0x01 seq=61 len=473
OTA rsp part: t=46712 conn=0x20002020 grp=0x0001 cmd=0x01 seq=61 off=0 chunk=19 acc=19 total=19
OTA rx complete: t=46713 dt=134 conn=0x20002020 grp=0x0001 cmd=0x01 seq=61 rsp_len=19
OTA send: op=2 len=473 group=0x0001 cmd=0x01 seq=62
OTA command issued(write_cmd): rc=0 tx_len=481 smp=0x001f ccc=0x0020 sec=1
OTA tx inflight: t=46714 conn=0x20002020 grp=0x0001 cmd=0x01 seq=62 len=473
OTA rsp part: t=46847 conn=0x20002020 grp=0x0001 cmd=0x01 seq=62 off=0 chunk=19 acc=19 total=19
OTA rx complete: t=46848 dt=134 conn=0x20002020 grp=0x0001 cmd=0x01 seq=62 rsp_len=19
OTA send: op=2 len=473 group=0x0001 cmd=0x01 seq=63
OTA command issued(write_cmd): rc=0 tx_len=481 smp=0x001f ccc=0x0020 sec=1
OTA tx inflight: t=46849 conn=0x20002020 grp=0x0001 cmd=0x01 seq=63 len=473
OTA rsp part: t=46982 conn=0x20002020 grp=0x0001 cmd=0x01 seq=63 off=0 chunk=19 acc=19 total=19
OTA rx complete: t=46983 dt=134 conn=0x20002020 grp=0x0001 cmd=0x01 seq=63 rsp_len=19
OTA upload progress: 83% (141792/170512 bytes)
OTA send: op=2 len=473 group=0x0001 cmd=0x01 seq=64
OTA command issued(write_cmd): rc=0 tx_len=481 smp=0x001f ccc=0x0020 sec=1
OTA tx inflight: t=46985 conn=0x20002020 grp=0x0001 cmd=0x01 seq=64 len=473
OTA rsp part: t=47106 conn=0x20002020 grp=0x0001 cmd=0x01 seq=64 off=0 chunk=19 acc=19 total=19
OTA rx complete: t=47107 dt=122 conn=0x20002020 grp=0x0001 cmd=0x01 seq=64 rsp_len=19
OTA send: op=2 len=473 group=0x0001 cmd=0x01 seq=65
OTA command issued(write_cmd): rc=0 tx_len=481 smp=0x001f ccc=0x0020 sec=1
OTA tx inflight: t=47108 conn=0x20002020 grp=0x0001 cmd=0x01 seq=65 len=473
OTA rsp part: t=47252 conn=0x20002020 grp=0x0001 cmd=0x01 seq=65 off=0 chunk=19 acc=19 total=19
OTA rx complete: t=47253 dt=145 conn=0x20002020 grp=0x0001 cmd=0x01 seq=65 rsp_len=19
OTA send: op=2 len=473 group=0x0001 cmd=0x01 seq=66
OTA command issued(write_cmd): rc=0 tx_len=481 smp=0x001f ccc=0x0020 sec=1
OTA tx inflight: t=47254 conn=0x20002020 grp=0x0001 cmd=0x01 seq=66 len=473
OTA rsp part: t=47387 conn=0x20002020 grp=0x0001 cmd=0x01 seq=66 off=0 chunk=19 acc=19 total=19
OTA rx complete: t=47388 dt=134 conn=0x20002020 grp=0x0001 cmd=0x01 seq=66 rsp_len=19
OTA send: op=2 len=473 group=0x0001 cmd=0x01 seq=67
OTA command issued(write_cmd): rc=0 tx_len=481 smp=0x001f ccc=0x0020 sec=1
OTA tx inflight: t=47389 conn=0x20002020 grp=0x0001 cmd=0x01 seq=67 len=473
OTA rsp part: t=47522 conn=0x20002020 grp=0x0001 cmd=0x01 seq=67 off=0 chunk=19 acc=19 total=19
OTA rx complete: t=47523 dt=134 conn=0x20002020 grp=0x0001 cmd=0x01 seq=67 rsp_len=19
OTA upload progress: 84% (143584/170512 bytes)
OTA send: op=2 len=473 group=0x0001 cmd=0x01 seq=68
OTA command issued(write_cmd): rc=0 tx_len=481 smp=0x001f ccc=0x0020 sec=1
OTA tx inflight: t=47525 conn=0x20002020 grp=0x0001 cmd=0x01 seq=68 len=473
OTA rsp part: t=47669 conn=0x20002020 grp=0x0001 cmd=0x01 seq=68 off=0 chunk=19 acc=19 total=19
OTA rx complete: t=47669 dt=144 conn=0x20002020 grp=0x0001 cmd=0x01 seq=68 rsp_len=19
OTA send: op=2 len=473 group=0x0001 cmd=0x01 seq=69
OTA command issued(write_cmd): rc=0 tx_len=481 smp=0x001f ccc=0x0020 sec=1
OTA tx inflight: t=47671 conn=0x20002020 grp=0x0001 cmd=0x01 seq=69 len=473
OTA rsp part: t=47815 conn=0x20002020 grp=0x0001 cmd=0x01 seq=69 off=0 chunk=19 acc=19 total=19
OTA rx complete: t=47815 dt=144 conn=0x20002020 grp=0x0001 cmd=0x01 seq=69 rsp_len=19
OTA send: op=2 len=473 group=0x0001 cmd=0x01 seq=70
OTA command issued(write_cmd): rc=0 tx_len=481 smp=0x001f ccc=0x0020 sec=1
OTA tx inflight: t=47817 conn=0x20002020 grp=0x0001 cmd=0x01 seq=70 len=473
OTA rsp part: t=47950 conn=0x20002020 grp=0x0001 cmd=0x01 seq=70 off=0 chunk=19 acc=19 total=19
OTA rx complete: t=47950 dt=133 conn=0x20002020 grp=0x0001 cmd=0x01 seq=70 rsp_len=19
OTA send: op=2 len=473 group=0x0001 cmd=0x01 seq=71
OTA command issued(write_cmd): rc=0 tx_len=481 smp=0x001f ccc=0x0020 sec=1
OTA tx inflight: t=47952 conn=0x20002020 grp=0x0001 cmd=0x01 seq=71 len=473
OTA rsp part: t=48085 conn=0x20002020 grp=0x0001 cmd=0x01 seq=71 off=0 chunk=19 acc=19 total=19
OTA rx complete: t=48085 dt=133 conn=0x20002020 grp=0x0001 cmd=0x01 seq=71 rsp_len=19
OTA upload progress: 85% (145376/170512 bytes)
OTA send: op=2 len=473 group=0x0001 cmd=0x01 seq=72
OTA command issued(write_cmd): rc=0 tx_len=481 smp=0x001f ccc=0x0020 sec=1
OTA tx inflight: t=48087 conn=0x20002020 grp=0x0001 cmd=0x01 seq=72 len=473
OTA rsp part: t=48209 conn=0x20002020 grp=0x0001 cmd=0x01 seq=72 off=0 chunk=19 acc=19 total=19
OTA rx complete: t=48209 dt=122 conn=0x20002020 grp=0x0001 cmd=0x01 seq=72 rsp_len=19
OTA send: op=2 len=473 group=0x0001 cmd=0x01 seq=73
OTA command issued(write_cmd): rc=0 tx_len=481 smp=0x001f ccc=0x0020 sec=1
OTA tx inflight: t=48211 conn=0x20002020 grp=0x0001 cmd=0x01 seq=73 len=473
OTA rsp part: t=48343 conn=0x20002020 grp=0x0001 cmd=0x01 seq=73 off=0 chunk=19 acc=19 total=19
OTA rx complete: t=48344 dt=133 conn=0x20002020 grp=0x0001 cmd=0x01 seq=73 rsp_len=19
OTA send: op=2 len=473 group=0x0001 cmd=0x01 seq=74
OTA command issued(write_cmd): rc=0 tx_len=481 smp=0x001f ccc=0x0020 sec=1
OTA tx inflight: t=48346 conn=0x20002020 grp=0x0001 cmd=0x01 seq=74 len=473
OTA rsp part: t=48490 conn=0x20002020 grp=0x0001 cmd=0x01 seq=74 off=0 chunk=19 acc=19 total=19
OTA rx complete: t=48490 dt=144 conn=0x20002020 grp=0x0001 cmd=0x01 seq=74 rsp_len=19
OTA upload progress: 86% (146720/170512 bytes)
OTA send: op=2 len=473 group=0x0001 cmd=0x01 seq=75
OTA command issued(write_cmd): rc=0 tx_len=481 smp=0x001f ccc=0x0020 sec=1
OTA tx inflight: t=48492 conn=0x20002020 grp=0x0001 cmd=0x01 seq=75 len=473
OTA rsp part: t=48625 conn=0x20002020 grp=0x0001 cmd=0x01 seq=75 off=0 chunk=19 acc=19 total=19
OTA rx complete: t=48625 dt=133 conn=0x20002020 grp=0x0001 cmd=0x01 seq=75 rsp_len=19
OTA send: op=2 len=473 group=0x0001 cmd=0x01 seq=76
OTA command issued(write_cmd): rc=0 tx_len=481 smp=0x001f ccc=0x0020 sec=1
OTA tx inflight: t=48627 conn=0x20002020 grp=0x0001 cmd=0x01 seq=76 len=473
OTA rsp part: t=48760 conn=0x20002020 grp=0x0001 cmd=0x01 seq=76 off=0 chunk=19 acc=19 total=19
OTA rx complete: t=48760 dt=133 conn=0x20002020 grp=0x0001 cmd=0x01 seq=76 rsp_len=19
OTA send: op=2 len=473 group=0x0001 cmd=0x01 seq=77
OTA command issued(write_cmd): rc=0 tx_len=481 smp=0x001f ccc=0x0020 sec=1
OTA tx inflight: t=48762 conn=0x20002020 grp=0x0001 cmd=0x01 seq=77 len=473
OTA rsp part: t=48895 conn=0x20002020 grp=0x0001 cmd=0x01 seq=77 off=0 chunk=19 acc=19 total=19
OTA rx complete: t=48895 dt=133 conn=0x20002020 grp=0x0001 cmd=0x01 seq=77 rsp_len=19
OTA send: op=2 len=473 group=0x0001 cmd=0x01 seq=78
OTA command issued(write_cmd): rc=0 tx_len=481 smp=0x001f ccc=0x0020 sec=1
OTA tx inflight: t=48897 conn=0x20002020 grp=0x0001 cmd=0x01 seq=78 len=473
OTA rsp part: t=49030 conn=0x20002020 grp=0x0001 cmd=0x01 seq=78 off=0 chunk=19 acc=19 total=19
OTA rx complete: t=49030 dt=133 conn=0x20002020 grp=0x0001 cmd=0x01 seq=78 rsp_len=19
OTA upload progress: 87% (148512/170512 bytes)
OTA send: op=2 len=473 group=0x0001 cmd=0x01 seq=79
OTA command issued(write_cmd): rc=0 tx_len=481 smp=0x001f ccc=0x0020 sec=1
OTA tx inflight: t=49032 conn=0x20002020 grp=0x0001 cmd=0x01 seq=79 len=473
OTA rsp part: t=49165 conn=0x20002020 grp=0x0001 cmd=0x01 seq=79 off=0 chunk=19 acc=19 total=19
OTA rx complete: t=49165 dt=133 conn=0x20002020 grp=0x0001 cmd=0x01 seq=79 rsp_len=19
OTA send: op=2 len=473 group=0x0001 cmd=0x01 seq=80
OTA command issued(write_cmd): rc=0 tx_len=481 smp=0x001f ccc=0x0020 sec=1
OTA tx inflight: t=49167 conn=0x20002020 grp=0x0001 cmd=0x01 seq=80 len=473
OTA rsp part: t=49289 conn=0x20002020 grp=0x0001 cmd=0x01 seq=80 off=0 chunk=19 acc=19 total=19
OTA rx complete: t=49289 dt=122 conn=0x20002020 grp=0x0001 cmd=0x01 seq=80 rsp_len=19
OTA send: op=2 len=473 group=0x0001 cmd=0x01 seq=81
OTA command issued(write_cmd): rc=0 tx_len=481 smp=0x001f ccc=0x0020 sec=1
OTA tx inflight: t=49291 conn=0x20002020 grp=0x0001 cmd=0x01 seq=81 len=473
OTA rsp part: t=49435 conn=0x20002020 grp=0x0001 cmd=0x01 seq=81 off=0 chunk=19 acc=19 total=19
OTA rx complete: t=49435 dt=144 conn=0x20002020 grp=0x0001 cmd=0x01 seq=81 rsp_len=19
OTA send: op=2 len=473 group=0x0001 cmd=0x01 seq=82
OTA command issued(write_cmd): rc=0 tx_len=481 smp=0x001f ccc=0x0020 sec=1
OTA tx inflight: t=49437 conn=0x20002020 grp=0x0001 cmd=0x01 seq=82 len=473
OTA rsp part: t=49570 conn=0x20002020 grp=0x0001 cmd=0x01 seq=82 off=0 chunk=19 acc=19 total=19
OTA rx complete: t=49570 dt=133 conn=0x20002020 grp=0x0001 cmd=0x01 seq=82 rsp_len=19
OTA upload progress: 88% (150304/170512 bytes)
OTA send: op=2 len=473 group=0x0001 cmd=0x01 seq=83
OTA command issued(write_cmd): rc=0 tx_len=481 smp=0x001f ccc=0x0020 sec=1
OTA tx inflight: t=49572 conn=0x20002020 grp=0x0001 cmd=0x01 seq=83 len=473
OTA rsp part: t=49705 conn=0x20002020 grp=0x0001 cmd=0x01 seq=83 off=0 chunk=19 acc=19 total=19
OTA rx complete: t=49705 dt=133 conn=0x20002020 grp=0x0001 cmd=0x01 seq=83 rsp_len=19
OTA send: op=2 len=473 group=0x0001 cmd=0x01 seq=84
OTA command issued(write_cmd): rc=0 tx_len=481 smp=0x001f ccc=0x0020 sec=1
OTA tx inflight: t=49707 conn=0x20002020 grp=0x0001 cmd=0x01 seq=84 len=473
OTA rsp part: t=49840 conn=0x20002020 grp=0x0001 cmd=0x01 seq=84 off=0 chunk=19 acc=19 total=19
OTA rx complete: t=49840 dt=133 conn=0x20002020 grp=0x0001 cmd=0x01 seq=84 rsp_len=19
OTA send: op=2 len=473 group=0x0001 cmd=0x01 seq=85
OTA command issued(write_cmd): rc=0 tx_len=481 smp=0x001f ccc=0x0020 sec=1
OTA tx inflight: t=49842 conn=0x20002020 grp=0x0001 cmd=0x01 seq=85 len=473
OTA rsp part: t=49975 conn=0x20002020 grp=0x0001 cmd=0x01 seq=85 off=0 chunk=19 acc=19 total=19
OTA rx complete: t=49975 dt=133 conn=0x20002020 grp=0x0001 cmd=0x01 seq=85 rsp_len=19
OTA send: op=2 len=473 group=0x0001 cmd=0x01 seq=86
OTA command issued(write_cmd): rc=0 tx_len=481 smp=0x001f ccc=0x0020 sec=1
OTA tx inflight: t=49977 conn=0x20002020 grp=0x0001 cmd=0x01 seq=86 len=473
OTA rsp part: t=50110 conn=0x20002020 grp=0x0001 cmd=0x01 seq=86 off=0 chunk=19 acc=19 total=19
OTA rx complete: t=50110 dt=133 conn=0x20002020 grp=0x0001 cmd=0x01 seq=86 rsp_len=19
OTA upload progress: 89% (152096/170512 bytes)
OTA send: op=2 len=473 group=0x0001 cmd=0x01 seq=87
OTA command issued(write_cmd): rc=0 tx_len=481 smp=0x001f ccc=0x0020 sec=1
OTA tx inflight: t=50112 conn=0x20002020 grp=0x0001 cmd=0x01 seq=87 len=473
OTA rsp part: t=50256 conn=0x20002020 grp=0x0001 cmd=0x01 seq=87 off=0 chunk=19 acc=19 total=19
OTA rx complete: t=50257 dt=145 conn=0x20002020 grp=0x0001 cmd=0x01 seq=87 rsp_len=19
OTA send: op=2 len=473 group=0x0001 cmd=0x01 seq=88
OTA command issued(write_cmd): rc=0 tx_len=481 smp=0x001f ccc=0x0020 sec=1
OTA tx inflight: t=50258 conn=0x20002020 grp=0x0001 cmd=0x01 seq=88 len=473
OTA rsp part: t=50380 conn=0x20002020 grp=0x0001 cmd=0x01 seq=88 off=0 chunk=19 acc=19 total=19
OTA rx complete: t=50380 dt=122 conn=0x20002020 grp=0x0001 cmd=0x01 seq=88 rsp_len=19
OTA send: op=2 len=473 group=0x0001 cmd=0x01 seq=89
OTA command issued(write_cmd): rc=0 tx_len=481 smp=0x001f ccc=0x0020 sec=1
OTA tx inflight: t=50382 conn=0x20002020 grp=0x0001 cmd=0x01 seq=89 len=473
OTA rsp part: t=50515 conn=0x20002020 grp=0x0001 cmd=0x01 seq=89 off=0 chunk=19 acc=19 total=19
OTA rx complete: t=50515 dt=133 conn=0x20002020 grp=0x0001 cmd=0x01 seq=89 rsp_len=19
OTA send: op=2 len=473 group=0x0001 cmd=0x01 seq=90
OTA command issued(write_cmd): rc=0 tx_len=481 smp=0x001f ccc=0x0020 sec=1
OTA tx inflight: t=50517 conn=0x20002020 grp=0x0001 cmd=0x01 seq=90 len=473
OTA rsp part: t=50650 conn=0x20002020 grp=0x0001 cmd=0x01 seq=90 off=0 chunk=19 acc=19 total=19
OTA rx complete: t=50650 dt=133 conn=0x20002020 grp=0x0001 cmd=0x01 seq=90 rsp_len=19
OTA upload progress: 90% (153888/170512 bytes)
OTA send: op=2 len=473 group=0x0001 cmd=0x01 seq=91
OTA command issued(write_cmd): rc=0 tx_len=481 smp=0x001f ccc=0x0020 sec=1
OTA tx inflight: t=50652 conn=0x20002020 grp=0x0001 cmd=0x01 seq=91 len=473
OTA rsp part: t=50785 conn=0x20002020 grp=0x0001 cmd=0x01 seq=91 off=0 chunk=19 acc=19 total=19
OTA rx complete: t=50785 dt=133 conn=0x20002020 grp=0x0001 cmd=0x01 seq=91 rsp_len=19
OTA send: op=2 len=473 group=0x0001 cmd=0x01 seq=92
OTA command issued(write_cmd): rc=0 tx_len=481 smp=0x001f ccc=0x0020 sec=1
OTA tx inflight: t=50787 conn=0x20002020 grp=0x0001 cmd=0x01 seq=92 len=473
OTA rsp part: t=50920 conn=0x20002020 grp=0x0001 cmd=0x01 seq=92 off=0 chunk=19 acc=19 total=19
OTA rx complete: t=50920 dt=133 conn=0x20002020 grp=0x0001 cmd=0x01 seq=92 rsp_len=19
OTA send: op=2 len=473 group=0x0001 cmd=0x01 seq=93
OTA command issued(write_cmd): rc=0 tx_len=481 smp=0x001f ccc=0x0020 sec=1
OTA tx inflight: t=50922 conn=0x20002020 grp=0x0001 cmd=0x01 seq=93 len=473
OTA rsp part: t=51055 conn=0x20002020 grp=0x0001 cmd=0x01 seq=93 off=0 chunk=19 acc=19 total=19
OTA rx complete: t=51055 dt=133 conn=0x20002020 grp=0x0001 cmd=0x01 seq=93 rsp_len=19
OTA upload progress: 91% (155232/170512 bytes)
OTA send: op=2 len=473 group=0x0001 cmd=0x01 seq=94
OTA command issued(write_cmd): rc=0 tx_len=481 smp=0x001f ccc=0x0020 sec=1
OTA tx inflight: t=51057 conn=0x20002020 grp=0x0001 cmd=0x01 seq=94 len=473
OTA rsp part: t=51190 conn=0x20002020 grp=0x0001 cmd=0x01 seq=94 off=0 chunk=19 acc=19 total=19
OTA rx complete: t=51190 dt=133 conn=0x20002020 grp=0x0001 cmd=0x01 seq=94 rsp_len=19
OTA send: op=2 len=473 group=0x0001 cmd=0x01 seq=95
OTA command issued(write_cmd): rc=0 tx_len=481 smp=0x001f ccc=0x0020 sec=1
OTA tx inflight: t=51192 conn=0x20002020 grp=0x0001 cmd=0x01 seq=95 len=473
OTA rsp part: t=51325 conn=0x20002020 grp=0x0001 cmd=0x01 seq=95 off=0 chunk=19 acc=19 total=19
OTA rx complete: t=51325 dt=133 conn=0x20002020 grp=0x0001 cmd=0x01 seq=95 rsp_len=19
OTA send: op=2 len=473 group=0x0001 cmd=0x01 seq=96
OTA command issued(write_cmd): rc=0 tx_len=481 smp=0x001f ccc=0x0020 sec=1
OTA tx inflight: t=51327 conn=0x20002020 grp=0x0001 cmd=0x01 seq=96 len=473
OTA rsp part: t=51449 conn=0x20002020 grp=0x0001 cmd=0x01 seq=96 off=0 chunk=19 acc=19 total=19
OTA rx complete: t=51449 dt=122 conn=0x20002020 grp=0x0001 cmd=0x01 seq=96 rsp_len=19
OTA send: op=2 len=473 group=0x0001 cmd=0x01 seq=97
OTA command issued(write_cmd): rc=0 tx_len=481 smp=0x001f ccc=0x0020 sec=1
OTA tx inflight: t=51451 conn=0x20002020 grp=0x0001 cmd=0x01 seq=97 len=473
OTA rsp part: t=51583 conn=0x20002020 grp=0x0001 cmd=0x01 seq=97 off=0 chunk=19 acc=19 total=19
OTA rx complete: t=51584 dt=133 conn=0x20002020 grp=0x0001 cmd=0x01 seq=97 rsp_len=19
OTA upload progress: 92% (157024/170512 bytes)
OTA send: op=2 len=473 group=0x0001 cmd=0x01 seq=98
OTA command issued(write_cmd): rc=0 tx_len=481 smp=0x001f ccc=0x0020 sec=1
OTA tx inflight: t=51586 conn=0x20002020 grp=0x0001 cmd=0x01 seq=98 len=473
OTA rsp part: t=51718 conn=0x20002020 grp=0x0001 cmd=0x01 seq=98 off=0 chunk=19 acc=19 total=19
OTA rx complete: t=51719 dt=133 conn=0x20002020 grp=0x0001 cmd=0x01 seq=98 rsp_len=19
OTA send: op=2 len=473 group=0x0001 cmd=0x01 seq=99
OTA command issued(write_cmd): rc=0 tx_len=481 smp=0x001f ccc=0x0020 sec=1
OTA tx inflight: t=51721 conn=0x20002020 grp=0x0001 cmd=0x01 seq=99 len=473
OTA rsp part: t=51854 conn=0x20002020 grp=0x0001 cmd=0x01 seq=99 off=0 chunk=19 acc=19 total=19
OTA rx complete: t=51854 dt=133 conn=0x20002020 grp=0x0001 cmd=0x01 seq=99 rsp_len=19
OTA send: op=2 len=473 group=0x0001 cmd=0x01 seq=100
OTA command issued(write_cmd): rc=0 tx_len=481 smp=0x001f ccc=0x0020 sec=1
OTA tx inflight: t=51856 conn=0x20002020 grp=0x0001 cmd=0x01 seq=100 len=473
OTA rsp part: t=51988 conn=0x20002020 grp=0x0001 cmd=0x01 seq=100 off=0 chunk=19 acc=19 total=19
OTA rx complete: t=51989 dt=133 conn=0x20002020 grp=0x0001 cmd=0x01 seq=100 rsp_len=19
OTA send: op=2 len=473 group=0x0001 cmd=0x01 seq=101
OTA command issued(write_cmd): rc=0 tx_len=481 smp=0x001f ccc=0x0020 sec=1
OTA tx inflight: t=51991 conn=0x20002020 grp=0x0001 cmd=0x01 seq=101 len=473
OTA rsp part: t=52135 conn=0x20002020 grp=0x0001 cmd=0x01 seq=101 off=0 chunk=19 acc=19 total=19
OTA rx complete: t=52135 dt=144 conn=0x20002020 grp=0x0001 cmd=0x01 seq=101 rsp_len=19
OTA upload progress: 93% (158816/170512 bytes)
OTA send: op=2 len=473 group=0x0001 cmd=0x01 seq=102
OTA command issued(write_cmd): rc=0 tx_len=481 smp=0x001f ccc=0x0020 sec=1
OTA tx inflight: t=52137 conn=0x20002020 grp=0x0001 cmd=0x01 seq=102 len=473
OTA rsp part: t=52270 conn=0x20002020 grp=0x0001 cmd=0x01 seq=102 off=0 chunk=19 acc=19 total=19
OTA rx complete: t=52270 dt=133 conn=0x20002020 grp=0x0001 cmd=0x01 seq=102 rsp_len=19
OTA send: op=2 len=473 group=0x0001 cmd=0x01 seq=103
OTA command issued(write_cmd): rc=0 tx_len=481 smp=0x001f ccc=0x0020 sec=1
OTA tx inflight: t=52272 conn=0x20002020 grp=0x0001 cmd=0x01 seq=103 len=473
OTA rsp part: t=52427 conn=0x20002020 grp=0x0001 cmd=0x01 seq=103 off=0 chunk=19 acc=19 total=19
OTA rx complete: t=52428 dt=156 conn=0x20002020 grp=0x0001 cmd=0x01 seq=103 rsp_len=19
OTA send: op=2 len=473 group=0x0001 cmd=0x01 seq=104
OTA command issued(write_cmd): rc=0 tx_len=481 smp=0x001f ccc=0x0020 sec=1
OTA tx inflight: t=52429 conn=0x20002020 grp=0x0001 cmd=0x01 seq=104 len=473
OTA rsp part: t=52551 conn=0x20002020 grp=0x0001 cmd=0x01 seq=104 off=0 chunk=19 acc=19 total=19
OTA rx complete: t=52552 dt=123 conn=0x20002020 grp=0x0001 cmd=0x01 seq=104 rsp_len=19
OTA send: op=2 len=473 group=0x0001 cmd=0x01 seq=105
OTA command issued(write_cmd): rc=0 tx_len=481 smp=0x001f ccc=0x0020 sec=1
OTA tx inflight: t=52553 conn=0x20002020 grp=0x0001 cmd=0x01 seq=105 len=473
OTA rsp part: t=52686 conn=0x20002020 grp=0x0001 cmd=0x01 seq=105 off=0 chunk=19 acc=19 total=19
OTA rx complete: t=52687 dt=134 conn=0x20002020 grp=0x0001 cmd=0x01 seq=105 rsp_len=19
OTA upload progress: 94% (160608/170512 bytes)
OTA send: op=2 len=473 group=0x0001 cmd=0x01 seq=106
OTA command issued(write_cmd): rc=0 tx_len=481 smp=0x001f ccc=0x0020 sec=1
OTA tx inflight: t=52688 conn=0x20002020 grp=0x0001 cmd=0x01 seq=106 len=473
OTA rsp part: t=52821 conn=0x20002020 grp=0x0001 cmd=0x01 seq=106 off=0 chunk=19 acc=19 total=19
OTA rx complete: t=52822 dt=134 conn=0x20002020 grp=0x0001 cmd=0x01 seq=106 rsp_len=19
OTA send: op=2 len=473 group=0x0001 cmd=0x01 seq=107
OTA command issued(write_cmd): rc=0 tx_len=481 smp=0x001f ccc=0x0020 sec=1
OTA tx inflight: t=52823 conn=0x20002020 grp=0x0001 cmd=0x01 seq=107 len=473
OTA rsp part: t=52967 conn=0x20002020 grp=0x0001 cmd=0x01 seq=107 off=0 chunk=19 acc=19 total=19
OTA rx complete: t=52968 dt=145 conn=0x20002020 grp=0x0001 cmd=0x01 seq=107 rsp_len=19
OTA send: op=2 len=473 group=0x0001 cmd=0x01 seq=108
OTA command issued(write_cmd): rc=0 tx_len=481 smp=0x001f ccc=0x0020 sec=1
OTA tx inflight: t=52969 conn=0x20002020 grp=0x0001 cmd=0x01 seq=108 len=473
OTA rsp part: t=53102 conn=0x20002020 grp=0x0001 cmd=0x01 seq=108 off=0 chunk=19 acc=19 total=19
OTA rx complete: t=53103 dt=134 conn=0x20002020 grp=0x0001 cmd=0x01 seq=108 rsp_len=19
OTA send: op=2 len=473 group=0x0001 cmd=0x01 seq=109
OTA command issued(write_cmd): rc=0 tx_len=481 smp=0x001f ccc=0x0020 sec=1
OTA tx inflight: t=53104 conn=0x20002020 grp=0x0001 cmd=0x01 seq=109 len=473
OTA rsp part: t=53237 conn=0x20002020 grp=0x0001 cmd=0x01 seq=109 off=0 chunk=19 acc=19 total=19
OTA rx complete: t=53238 dt=134 conn=0x20002020 grp=0x0001 cmd=0x01 seq=109 rsp_len=19
OTA upload progress: 95% (162400/170512 bytes)
OTA send: op=2 len=473 group=0x0001 cmd=0x01 seq=110
OTA command issued(write_cmd): rc=0 tx_len=481 smp=0x001f ccc=0x0020 sec=1
OTA tx inflight: t=53240 conn=0x20002020 grp=0x0001 cmd=0x01 seq=110 len=473
OTA rsp part: t=53372 conn=0x20002020 grp=0x0001 cmd=0x01 seq=110 off=0 chunk=19 acc=19 total=19
OTA rx complete: t=53373 dt=133 conn=0x20002020 grp=0x0001 cmd=0x01 seq=110 rsp_len=19
OTA send: op=2 len=473 group=0x0001 cmd=0x01 seq=111
OTA command issued(write_cmd): rc=0 tx_len=481 smp=0x001f ccc=0x0020 sec=1
OTA tx inflight: t=53374 conn=0x20002020 grp=0x0001 cmd=0x01 seq=111 len=473
OTA rsp part: t=53507 conn=0x20002020 grp=0x0001 cmd=0x01 seq=111 off=0 chunk=19 acc=19 total=19
OTA rx complete: t=53508 dt=134 conn=0x20002020 grp=0x0001 cmd=0x01 seq=111 rsp_len=19
OTA send: op=2 len=473 group=0x0001 cmd=0x01 seq=112
OTA command issued(write_cmd): rc=0 tx_len=481 smp=0x001f ccc=0x0020 sec=1
OTA tx inflight: t=53509 conn=0x20002020 grp=0x0001 cmd=0x01 seq=112 len=473
OTA rsp part: t=53631 conn=0x20002020 grp=0x0001 cmd=0x01 seq=112 off=0 chunk=19 acc=19 total=19
OTA rx complete: t=53632 dt=123 conn=0x20002020 grp=0x0001 cmd=0x01 seq=112 rsp_len=19
OTA upload progress: 96% (163744/170512 bytes)
OTA send: op=2 len=473 group=0x0001 cmd=0x01 seq=113
OTA command issued(write_cmd): rc=0 tx_len=481 smp=0x001f ccc=0x0020 sec=1
OTA tx inflight: t=53633 conn=0x20002020 grp=0x0001 cmd=0x01 seq=113 len=473
OTA rsp part: t=53777 conn=0x20002020 grp=0x0001 cmd=0x01 seq=113 off=0 chunk=19 acc=19 total=19
OTA rx complete: t=53778 dt=145 conn=0x20002020 grp=0x0001 cmd=0x01 seq=113 rsp_len=19
OTA send: op=2 len=473 group=0x0001 cmd=0x01 seq=114
OTA command issued(write_cmd): rc=0 tx_len=481 smp=0x001f ccc=0x0020 sec=1
OTA tx inflight: t=53779 conn=0x20002020 grp=0x0001 cmd=0x01 seq=114 len=473
OTA rsp part: t=53912 conn=0x20002020 grp=0x0001 cmd=0x01 seq=114 off=0 chunk=19 acc=19 total=19
OTA rx complete: t=53913 dt=134 conn=0x20002020 grp=0x0001 cmd=0x01 seq=114 rsp_len=19
OTA send: op=2 len=473 group=0x0001 cmd=0x01 seq=115
OTA command issued(write_cmd): rc=0 tx_len=481 smp=0x001f ccc=0x0020 sec=1
OTA tx inflight: t=53914 conn=0x20002020 grp=0x0001 cmd=0x01 seq=115 len=473
OTA rsp part: t=54047 conn=0x20002020 grp=0x0001 cmd=0x01 seq=115 off=0 chunk=19 acc=19 total=19
OTA rx complete: t=54048 dt=134 conn=0x20002020 grp=0x0001 cmd=0x01 seq=115 rsp_len=19
OTA send: op=2 len=473 group=0x0001 cmd=0x01 seq=116
OTA command issued(write_cmd): rc=0 tx_len=481 smp=0x001f ccc=0x0020 sec=1
OTA tx inflight: t=54049 conn=0x20002020 grp=0x0001 cmd=0x01 seq=116 len=473
OTA rsp part: t=54194 conn=0x20002020 grp=0x0001 cmd=0x01 seq=116 off=0 chunk=19 acc=19 total=19
OTA rx complete: t=54194 dt=145 conn=0x20002020 grp=0x0001 cmd=0x01 seq=116 rsp_len=19
OTA upload progress: 97% (165536/170512 bytes)
OTA send: op=2 len=473 group=0x0001 cmd=0x01 seq=117
OTA command issued(write_cmd): rc=0 tx_len=481 smp=0x001f ccc=0x0020 sec=1
OTA tx inflight: t=54196 conn=0x20002020 grp=0x0001 cmd=0x01 seq=117 len=473
OTA rsp part: t=54328 conn=0x20002020 grp=0x0001 cmd=0x01 seq=117 off=0 chunk=19 acc=19 total=19
OTA rx complete: t=54329 dt=133 conn=0x20002020 grp=0x0001 cmd=0x01 seq=117 rsp_len=19
OTA send: op=2 len=473 group=0x0001 cmd=0x01 seq=118
OTA command issued(write_cmd): rc=0 tx_len=481 smp=0x001f ccc=0x0020 sec=1
OTA tx inflight: t=54331 conn=0x20002020 grp=0x0001 cmd=0x01 seq=118 len=473
OTA rsp part: t=54463 conn=0x20002020 grp=0x0001 cmd=0x01 seq=118 off=0 chunk=19 acc=19 total=19
OTA rx complete: t=54464 dt=133 conn=0x20002020 grp=0x0001 cmd=0x01 seq=118 rsp_len=19
OTA send: op=2 len=473 group=0x0001 cmd=0x01 seq=119
OTA command issued(write_cmd): rc=0 tx_len=481 smp=0x001f ccc=0x0020 sec=1
OTA tx inflight: t=54466 conn=0x20002020 grp=0x0001 cmd=0x01 seq=119 len=473
OTA rsp part: t=54598 conn=0x20002020 grp=0x0001 cmd=0x01 seq=119 off=0 chunk=19 acc=19 total=19
OTA rx complete: t=54599 dt=133 conn=0x20002020 grp=0x0001 cmd=0x01 seq=119 rsp_len=19
OTA send: op=2 len=473 group=0x0001 cmd=0x01 seq=120
OTA command issued(write_cmd): rc=0 tx_len=481 smp=0x001f ccc=0x0020 sec=1
OTA tx inflight: t=54601 conn=0x20002020 grp=0x0001 cmd=0x01 seq=120 len=473
OTA rsp part: t=54722 conn=0x20002020 grp=0x0001 cmd=0x01 seq=120 off=0 chunk=19 acc=19 total=19
OTA rx complete: t=54723 dt=122 conn=0x20002020 grp=0x0001 cmd=0x01 seq=120 rsp_len=19
OTA upload progress: 98% (167328/170512 bytes)
OTA send: op=2 len=473 group=0x0001 cmd=0x01 seq=121
OTA command issued(write_cmd): rc=0 tx_len=481 smp=0x001f ccc=0x0020 sec=1
OTA tx inflight: t=54725 conn=0x20002020 grp=0x0001 cmd=0x01 seq=121 len=473
OTA rsp part: t=54857 conn=0x20002020 grp=0x0001 cmd=0x01 seq=121 off=0 chunk=19 acc=19 total=19
OTA rx complete: t=54858 dt=133 conn=0x20002020 grp=0x0001 cmd=0x01 seq=121 rsp_len=19
OTA send: op=2 len=473 group=0x0001 cmd=0x01 seq=122
OTA command issued(write_cmd): rc=0 tx_len=481 smp=0x001f ccc=0x0020 sec=1
OTA tx inflight: t=54859 conn=0x20002020 grp=0x0001 cmd=0x01 seq=122 len=473
OTA rsp part: t=54992 conn=0x20002020 grp=0x0001 cmd=0x01 seq=122 off=0 chunk=19 acc=19 total=19
OTA rx complete: t=54993 dt=134 conn=0x20002020 grp=0x0001 cmd=0x01 seq=122 rsp_len=19
OTA send: op=2 len=473 group=0x0001 cmd=0x01 seq=123
OTA command issued(write_cmd): rc=0 tx_len=481 smp=0x001f ccc=0x0020 sec=1
OTA tx inflight: t=54994 conn=0x20002020 grp=0x0001 cmd=0x01 seq=123 len=473
OTA rsp part: t=55127 conn=0x20002020 grp=0x0001 cmd=0x01 seq=123 off=0 chunk=19 acc=19 total=19
OTA rx complete: t=55128 dt=134 conn=0x20002020 grp=0x0001 cmd=0x01 seq=123 rsp_len=19
OTA send: op=2 len=473 group=0x0001 cmd=0x01 seq=124
OTA command issued(write_cmd): rc=0 tx_len=481 smp=0x001f ccc=0x0020 sec=1
OTA tx inflight: t=55129 conn=0x20002020 grp=0x0001 cmd=0x01 seq=124 len=473
OTA rsp part: t=55262 conn=0x20002020 grp=0x0001 cmd=0x01 seq=124 off=0 chunk=19 acc=19 total=19
OTA rx complete: t=55263 dt=134 conn=0x20002020 grp=0x0001 cmd=0x01 seq=124 rsp_len=19
OTA upload progress: 99% (169120/170512 bytes)
OTA send: op=2 len=473 group=0x0001 cmd=0x01 seq=125
OTA command issued(write_cmd): rc=0 tx_len=481 smp=0x001f ccc=0x0020 sec=1
OTA tx inflight: t=55265 conn=0x20002020 grp=0x0001 cmd=0x01 seq=125 len=473
OTA rsp part: t=55397 conn=0x20002020 grp=0x0001 cmd=0x01 seq=125 off=0 chunk=19 acc=19 total=19
OTA rx complete: t=55398 dt=133 conn=0x20002020 grp=0x0001 cmd=0x01 seq=125 rsp_len=19
OTA send: op=2 len=473 group=0x0001 cmd=0x01 seq=126
OTA command issued(write_cmd): rc=0 tx_len=481 smp=0x001f ccc=0x0020 sec=1
OTA tx inflight: t=55399 conn=0x20002020 grp=0x0001 cmd=0x01 seq=126 len=473
OTA rsp part: t=55532 conn=0x20002020 grp=0x0001 cmd=0x01 seq=126 off=0 chunk=19 acc=19 total=19
OTA rx complete: t=55533 dt=134 conn=0x20002020 grp=0x0001 cmd=0x01 seq=126 rsp_len=19
OTA send: op=2 len=473 group=0x0001 cmd=0x01 seq=127
OTA command issued(write_cmd): rc=0 tx_len=481 smp=0x001f ccc=0x0020 sec=1
OTA tx inflight: t=55534 conn=0x20002020 grp=0x0001 cmd=0x01 seq=127 len=473
OTA rsp part: t=55667 conn=0x20002020 grp=0x0001 cmd=0x01 seq=127 off=0 chunk=19 acc=19 total=19
OTA rx complete: t=55668 dt=134 conn=0x20002020 grp=0x0001 cmd=0x01 seq=127 rsp_len=19
OTA send: op=2 len=473 group=0x0001 cmd=0x01 seq=128
OTA command issued(write_cmd): rc=0 tx_len=481 smp=0x001f ccc=0x0020 sec=1
OTA tx inflight: t=55669 conn=0x20002020 grp=0x0001 cmd=0x01 seq=128 len=473
OTA rsp part: t=55791 conn=0x20002020 grp=0x0001 cmd=0x01 seq=128 off=0 chunk=19 acc=19 total=19
OTA rx complete: t=55792 dt=123 conn=0x20002020 grp=0x0001 cmd=0x01 seq=128 rsp_len=19
OTA upload progress: 100% (170512/170512 bytes)
OTA send: op=2 len=72 group=0x0001 cmd=0x01 seq=129
OTA command issued(write_cmd): rc=0 tx_len=80 smp=0x001f ccc=0x0020 sec=1
OTA tx inflight: t=55793 conn=0x20002020 grp=0x0001 cmd=0x01 seq=129 len=72
OTA rsp part: t=55926 conn=0x20002020 grp=0x0001 cmd=0x01 seq=129 off=0 chunk=19 acc=19 total=19
OTA rx complete: t=55927 dt=134 conn=0x20002020 grp=0x0001 cmd=0x01 seq=129 rsp_len=19
OTA upload ack: status=0 off=170512
OTA upload complete
OTA_STATE:ota_upload_complete detail=upload_done
OTA image state read request
OTA send: op=0 len=1 group=0x0001 cmd=0x00 seq=130
OTA first-frame raw: transport=write_cmd handle=0x001f total=9 hdr_op=0 hdr_flags=0x00 hdr_len=1 hdr_group=0x0001 hdr_id=0x00 hdr_seq=130 raw=0000000100018200a0
OTA command issued(write_cmd): rc=0 tx_len=9 smp=0x001f ccc=0x0020 sec=1
OTA tx inflight: t=55929 conn=0x20002020 grp=0x0001 cmd=0x00 seq=130 len=1
OTA rsp part: t=56032 conn=0x20002020 grp=0x0001 cmd=0x00 seq=130 off=0 chunk=261 acc=261 total=261
OTA rx complete: t=56033 dt=104 conn=0x20002020 grp=0x0001 cmd=0x00 seq=130 rsp_len=261
OTA command done: group=0x0001 cmd=0x00 status=0 off=0
OTA IMG_STATE rsp: status=0 payload=253 bytes
OTA IMG_STATE rsp bytes: bf 66 69 6d 61 67 65 73 9f bf 64 73 6c 6f 74 00 67 76 65 72 73 69 6f 6e 6c 30 2e 30 2e 33 2e 31 31 34 32 34 39 64 68 61 73 68 58 20 eb 12 1e f5 cc 77 81 b4 5a f3 85 6a b3 8d 87 48 04 26 d6 e1 bf 25 00 4b 47 cf 8b de 38 7c 7c 70 68 62 6f 6f 74 61 62 6c 65 f5 67 70 65 6e 64 69 6e 67 f4 69 63 6f 6e 66 69 72 6d 65 64 f5 66 61 63 74 69 76 65 f5 69 70 65 72 6d 61 6e 65 6e 74 f4 ff bf 64 73 6c 6f 74 01 67 76 65 72 73 69 6f 6e 67 30 2e 30 2e 31 2e 31 64 68 61 73 68 58 20 b1 f3 7d b5 90 bc bc 9d c9 6d 88 96 02 06 a1 e4 c1 a7 0a 14 e1 c8 56 70 ee c3 69 cb 85 dc 97 02 68 62 6f 6f 74 61 62 6c 65 f5 67 70 65 6e 64 69 6e 67 f4 69 63 6f 6e 66 69 72 6d 65 64 f4 66 61 63 74 69 76 65 f4 69 70 65 72 6d 61 6e 65 6e 74 f4 ff ff 6b 73 70 6c 69 74 53 74 61 74 75 73 00 ff
OTA pending/test request
OTA send: op=2 len=49 group=0x0001 cmd=0x00 seq=131
OTA first-frame raw: transport=write_cmd handle=0x001f total=57 hdr_op=2 hdr_flags=0x00 hdr_len=49 hdr_group=0x0001 hdr_id=0x00 hdr_seq=131 raw=0200003100018300a264686173685820
OTA command issued(write_cmd): rc=0 tx_len=57 smp=0x001f ccc=0x0020 sec=1
OTA tx inflight: t=56042 conn=0x20002020 grp=0x0001 cmd=0x00 seq=131 len=49
OTA rsp part: t=56156 conn=0x20002020 grp=0x0001 cmd=0x00 seq=131 off=0 chunk=261 acc=261 total=261
OTA rx complete: t=56157 dt=115 conn=0x20002020 grp=0x0001 cmd=0x00 seq=131 rsp_len=261
OTA command done: group=0x0001 cmd=0x00 status=0 off=0
OTA IMG_STATE rsp: status=0 payload=253 bytes
OTA IMG_STATE rsp bytes: bf 66 69 6d 61 67 65 73 9f bf 64 73 6c 6f 74 00 67 76 65 72 73 69 6f 6e 6c 30 2e 30 2e 33 2e 31 31 34 32 34 39 64 68 61 73 68 58 20 eb 12 1e f5 cc 77 81 b4 5a f3 85 6a b3 8d 87 48 04 26 d6 e1 bf 25 00 4b 47 cf 8b de 38 7c 7c 70 68 62 6f 6f 74 61 62 6c 65 f5 67 70 65 6e 64 69 6e 67 f4 69 63 6f 6e 66 69 72 6d 65 64 f5 66 61 63 74 69 76 65 f5 69 70 65 72 6d 61 6e 65 6e 74 f4 ff bf 64 73 6c 6f 74 01 67 76 65 72 73 69 6f 6e 67 30 2e 30 2e 31 2e 31 64 68 61 73 68 58 20 b1 f3 7d b5 90 bc bc 9d c9 6d 88 96 02 06 a1 e4 c1 a7 0a 14 e1 c8 56 70 ee c3 69 cb 85 dc 97 02 68 62 6f 6f 74 61 62 6c 65 f5 67 70 65 6e 64 69 6e 67 f5 69 63 6f 6e 66 69 72 6d 65 64 f4 66 61 63 74 69 76 65 f4 69 70 65 72 6d 61 6e 65 6e 74 f4 ff ff 6b 73 70 6c 69 74 53 74 61 74 75 73 00 ff
OTA reset request
OTA send: op=2 len=1 group=0x0000 cmd=0x05 seq=132
OTA command issued(write_req): rc=0 tx_len=9 smp=0x001f ccc=0x0020 sec=1
OTA rsp part: t=56263 conn=0x20002020 grp=0x0000 cmd=0x05 seq=132 off=0 chunk=10 acc=10 total=10
OTA tx inflight: t=56275 conn=0x20002020 grp=0x0000 cmd=0x05 seq=132 len=1
OTA rx complete: t=56275 dt=0 conn=0x20002020 grp=0x0000 cmd=0x05 seq=132 rsp_len=10
OTA command done: group=0x0000 cmd=0x05 status=0 off=0
OTA command sequence sent
