:020000040000FA
:10000000285C0020ED1E0000B3590000D91E00003E
:10001000D91E0000D91E0000D91E000000000000FB
:10002000000000000000000000000000C91F0000E8
:10003000D91E000000000000D91E0000D91E0000DB
:100040000521000005210000052100000521000018
:100050000521000005210000052100000521000008
:1000600005210000052100000521000005210000F8
:1000700005210000052100000521000005210000E8
:1000800005210000052100000521000005210000D8
:1000900005210000052100000521000005210000C8
:1000A00005210000052100000521000005210000B8
:1000B00005210000052100000521000005210000A8
:1000C0000521000005210000052100000521000098
:1000D00005210000052100000521000053B94AB99F
:1000E000002908BF00281CBF4FF0FF314FF0FF3040
:1000F00000F00CB8ADF1080C6DE904CE00F008F882
:10010000DDF804E0DDE9022304B07047704700BF6A
:100110002DE9F04786468C460846089E15467446EB
:100120001946002B40F0C2808542B2FA82F245D9CE
:100130004AB1C2F1200300FA02FC2EFA03F3954003
:1001400043EA0C0C94404FEA154EA8B2BCFBFEF8F3
:10015000230C0EFB18CC08FB00F943EA0C4399452D
:1001600028D9EB1808F1FF3704D2994502D9A8F134
:1001700002072B44A3EB0903A4B2B3FBFEFC0EFB66
:100180001C330CFB00F044EA0344A04214D92C19A0
:100190000CF1FF3304D2A04202D9ACF102032C448B
:1001A000241A43EA07401EB1D44000233460736030
:1001B000BDE8F0874746DDE76346F1E792BB431BA6
:1001C00001214FEA154EAFB2B3FBFEFC200C0EFB33
:1001D0001C330CFB07F840EA0343984562D9EB183F
:1001E0000CF1FF3004D2984502D9ACF102002B4447
:1001F000A3EB0803A4B2B3FBFEFC0EFB1C330CFB09
:1002000007F744EA0344A7424ED92C190CF1FF33F7
:1002100004D2A74202D9ACF102032C44E41B43EA06
:100220000040C0E7C2F1200320FA03F1954090405E
:100230002EFA03F303434FEA154EAFB2B1FBFEFCB7
:100240000EFB1C10190C0CFB07F841EA0041884515
:1002500004FA02F422D969180CF1FF3004D288455F
:1002600002D9ACF102002944A1EB08019BB2B1FB19
:10027000FEFC0EFB1C110CFB07F743EA01439F42F7
:100280000ED9EB180CF1FF3104D29F4202D9ACF128
:1002900002012B44DB1B41EA004192E76046E3E7A1
:1002A0006146F7E76046A3E76346B7E7834206D9AE
:1002B00016B9002108467BE7C6E900E0F9E7B3FA82
:1002C00083F78FB9834201D3724508D8BEEB02048D
:1002D00060EB030301209C461EB9002168E7384605
:1002E000FAE7C6E9004CF8E7C7F1200CBB4022FA58
:1002F0000CF41C432EFA0CF120FA0CF3B840014325
:100300004FEA14490EFA07F5B3FBF9F81FFA84FE19
:1003100009FB18300B0C08FB0EFA43EA00439A4520
:1003200002FA07F240D9E31808F1FF3004D29A45E7
:1003300002D9A8F102002344A3EB0A0389B2B3FB5C
:10034000F9F809FB183308FB0EFE41EA03418E451C
:100350002CD9611808F1FF3304D28E4502D9A8F1D7
:100360000203214443EA0040A0FB0298A1EB0E01E6
:100370004145CE46434602D306D14D4504D2B9EBA2
:10038000020E68EB04030138002EA6D0B5EB0E0276
:1003900061EB030101FA0CFC22FA07F34CEA0303B8
:1003A000F940C6E9003198E74046C5E74346D9E73A
:1003B000F0B52E4B2E4AC3F800262E48C3F804266B
:1003C00085B0C3F808264921C3F80C26C3F81026C7
:1003D000C3F81426C3F81826C3F81C2605F05FFAE4
:1003E00000F078F801A800F027FD234B1B6883423A
:1003F00004D02248452105F052FAFEE7039A20482E
:10040000492105F04CFA1F48492105F048FA4FF4FC
:100410004041002005F0CCFC044620B11A4845219B
:1004200005F03DFAFEE769469DF8080000F030F857
:10043000009B039D1D44019B1E8902F03FFFAF19E5
:1004400001F01CF800F0F0FF01F07AFDAB5983F3E6
:10045000088884F31488BFF36F8FBFF36F8F7B68B6
:1004600098470A48452105F01AFAFEE700000140C6
:100470003546526EE277000008060020FB77000048
:100480001E7800004D78000072780000A57800000A
:1004900008B5024638B105480023452105F0FFF9AB
:1004A0006FF0150008BD0860FCE700BFC8780000C9
:1004B00021B1012906D06FF015007047044B53F8A5
:1004C00030007047024B03EBC0035868704700BF11
:1004D0000875000002484FF4C05103F045BC00BF4E
:1004E000201300202DE9F04FF9B0DDE9848ADFF810
:1004F000F891869CD9F8006038A817461D4606F08A
:10050000DEFC002138A803F065FDB8F1000F07D02C
:10051000BAF1000F04DD5246414638A806F0D8FC77
:100520003B897A89D7F80CB013449B444FF00008FC
:10053000C34564D80DA938A806F009FD38A806F00F
:10054000C2FC24B120220DA9204605F083FA002325
:1005500000932A464FF6FF73394607A804F060FE61
:10056000804600285BD128460C9C00F0FDF98442AF
:1005700055D8DFF878B1DFF878A14FF0FF340DF1EE
:10058000160305AA06A907A804F098FE002846DB72
:1005900040F0A280069907A804F0DCFE50B9BDF82F
:1005A0001600544A4FF6FF7132F8023B8B4236D0A8
:1005B0009842F9D1BDF81670102F3AD0202F6DD087
:1005C000012FDCD1BDF81430202B28D8069938AA89
:1005D000284605F072F9044608BB9DF814300293D2
:1005E000202B09D8DAF80030434F0393039B9C4239
:1005F0001DA836DB06F067FC4FF0FF34BFE7839B96
:10060000829AABEB080A9A4528BF9A465346414660
:10061000284605F052F928B138A806F054FCD9F85C
:1006200000605CE08299524638A806F051FCD04444
:100630007EE7BDF81470202FF1D106993B4638AA09
:10064000284605F03AF90028E9D13A4638A90DA81C
:1006500004F08EFEDBF800308342E0D14FF0010859
:100660008DE706F02CFC00211DA803F0B3FC7A688E
:1006700057F8081B12681DA806F02AFC15A91DA82A
:1006800006F065FC029A38A915A805F0D3F918B947
:100690001DA806F018FC72E70134A7E7631C3FF4BD
:1006A0006EAFDAF80030A342A6DDBDF81430B3F522
:1006B000807FB4D1069938AA284605F0FEF80028B4
:1006C000ADD1E4B2BDF81430009438AA39460DA873
:1006D00000F014F806468FE7B8F1000F9FD03046BF
:1006E00079B0BDE8F08F00BFC404002008060020E8
:1006F00010750000B4770000147500002DE9F04F6C
:10070000DFF8E4A1ADF5417D07462AA89DF828B39E
:10071000DAF800501E468946904606F089FB092209
:1007200001212AA803F0D2FB704B53F83B400594FB
:1007300003EBCB0380AA5B681B681C442146302373
:1007400005A805F05FFC002840F0C580059B809A55
:1007500013449C4240F0BF802CAA214605A805F016
:1007600065FC002840F0B7800DF1B80B5A462146D1
:1007700005A805F05BFC0390002840F0AC802CA895
:1007800006F002F8059A2B90944240F0A480039B57
:10079000CDF804B000931A462CA92AA806F005FB50
:1007A000002840F098802AA803F0A6FB002840F01B
:1007B00092802CA805F0E8FF2B902AA806F042FBB7
:1007C000864240F08880B6F5807FDAF8005040F02D
:1007D0008280B9F1200F7ED180AA41462AA803F079
:1007E000B1FB0446002876D19DF8FF32BC2B72D1B4
:1007F00006900DF59079DF260FA806F060FB00212A
:100800000FA803F0E7FB20220DF2DF210FA806F06E
:100810005FFB042206A90FA806F05AFB07A90FA840
:1008200006F095FB202E9DF81B30B046A8BF4FF078
:10083000200801334846424607A9A6EB08068DF872
:100840001B3005F007F9002EC144D5DC0FA806F0D7
:100850003AFB48AB80AA184600219C46067812F85D
:1008600001EB013186EA0E06DF2900F8016BF5D1B4
:100870001A7802F07F021A7013F8016B5EBB013424
:10088000BE2CF9D19CF8BE30012B24D10FA806F064
:1008900016FB31460FA803F09DFB154908220FA84F
:1008A00006F016FB394620220FA806F011FB202285
:1008B0000DF2DF110FA806F00BFB07A90FA806F039
:1008C00046FB0FA806F0FFFA20220DF2DF2107A851
:1008D00004F04EFD05462AA806F0B6FA28460DF5A6
:1008E000417DBDE8F08F00BFC404002014750000F6
:1008F000EE780000094A0B78400052F820108B4235
:1009000009D0013052F82000834214BF4FF0FF306D
:100910004FF4C07070474FF4C07070471C750000F2
:100920001FB50F4B13F830000C4601F033F950B9E6
:100930002068816810236A46103904F0BEFF28B190
:10094000206804F0B9FF4FF0FF3006E0054910229F
:10095000684605F06FF80028F2D104B010BD00BF62
:100960001C750000D277000013B5044604F007FDA3
:100970006A460146204604F03AFC30B1044845215D
:1009800004F08DFF002002B010BD0098FBE700BF0F
:10099000F67800002DE9F041384F88B00646002077
:1009A0000D463C68FFF784FD06A9C0B201F0F2F8DD
:1009B000E0B92946FFF77CFD2C2407A9C0B204FB4F
:1009C000056401F0E7F8A8B12C2068433218069BB3
:1009D000116911F0100F1DD01DB10699304604F0B9
:1009E000B8FD274B1C68069804F066FF204608B047
:1009F000BDE8F081079804F0A9FF8046079804F04D
:100A00005BFF631EE21C13F8011F4145DCD19342DA
:100A1000F9D1E1E736581B4886422AD1D6681089B9
:100A2000801926D25289121823D29868824220D285
:100A300040F60C6211401CD14FF480720192124AB0
:100A40000092CDE90311224602910846FFF74AFDC4
:100A500004460E4B1B68A342C5D065B10698002121
:100A6000826804F054FF0A4A0A48452104F017FF3F
:100A7000B7E73C68EDE7084AF6E700BFC40400208A
:100A8000C00400203DB8F396202B0020080600206B
:100A90003979000043790000317900007FB50D46B7
:100AA000044600212846CDE9021104F011FD28B3C7
:100AB0002368194EB34203D103AA204604F09DFCDB
:100AC000E36AB34204D102AA0121204604F095FC56
:100AD000DDE90232934288BF0393039BAB60039A24
:100AE0002946204600F0A8FB0C4B1A68002A03DDBB
:100AF0000B48572104F0D3FE04B070BD01A9FFF7E5
:100B00000FFF019805F1080104F044FCAB6801985F
:100B1000039304F0D1FEE2E73DB8F3966C12002097
:100B20006B7900002DE9F84FDFF870B01C4C1D4DBB
:100B3000884691469A4600260B9B9E4201D3002090
:100B40000FE00B9B154A9F1BB7F5806F28BF4FF432
:100B500080673B4606EB0A01404604F0AEFE10B14A
:100B60000120BDE8F88F0A993B465A46711848465D
:100B700004F0B8FE0028F3D1C4F800563E44C4F88F
:100B80000456C4F80856C4F80C56C4F81056C4F8F5
:100B90001456C4F81856C4F81C56CDE70C060020AD
:100BA000000001403546526EF0B59A4B43620E4646
:100BB00003F580630021036589B004460846FFF70A
:100BC00077FC04F120010546C0B200F0E3FF0346C4
:100BD000E8B90121FFF76CFC04F14C010546C0B2F5
:100BE00000F0D8FF0346E0B9204604F047FC054674
:100BF000C8B900221146204604F0E9FB054660B35F
:100C000085480022572104F04AFE01239CE000227F
:100C1000CDE90023814800232A46452104F03FFE08
:100C2000FEE70122F4E77E488022572104F037FED8
:100C300001239D4284F85830DBD194F858308DF868
:100C40001730042B00F28380012B00F2878000F024
:100C50009A80FF2384F8583095E0204600F0FEF992
:100C60000028D2D004A804F02AFC0146204604F053
:100C7000C5FC18B16B482A465721C4E704A804F004
:100C800027FC80F0010104AAC9B2204604F09FFBB2
:100C900002460028B4D104A804F01AFC054660BB43
:100CA00004A92046FFF7FAFE9DF8173084F8583063
:100CB000033B012B06D8284600F0E4F810B1FF23CF
:100CC00084F858309DF81730023B022B0BD80020D7
:100CD00000F0C2F838B1FF2384F85830524845215B
:100CE00004F0DDFDFEE794F85830FF2BF6D004AA9F
:100CF0000021204604F06BFB87E79DF81770012F59
:100D000017D1104602F068FB831E022B05460DD852
:100D100039462046FFF73EFE444B1B68984205D0FB
:100D2000434B1D68A84214BF0525012584F858507F
:100D300083E701212046FFF72DFE3C4B1B689842BC
:100D40000CBF9DF81730052384F8583075E7052B44
:100D50007FF47FAF002000F095F811E004A9204651
:100D6000FFF79CFE94F85830DA1E012A14D80020B0
:100D700000F088F800287FF46CAF002000F06CF8D9
:100D800000287FF466AF94F85830FF2B07D126482F
:100D9000452104F084FDFEE7022BF4D1EDE70022AB
:100DA000012B244D039214D01146204604F00FFB72
:100DB00078B12D68102200210DEB020004F055FEE1
:100DC000E06C04F079FD206A04F076FD284609B055
:100DD000F0BD00212046FFF7DDFD144F3B6898422F
:100DE000E7D12B689842E4D0114B1B689842E0D0C1
:100DF000039B01330393039B012B00D0FEE7206A82
:100E000004F0F3F93071236A5B6834603D68B360C5
:100E1000D0E700BF0C0A0020297A00009A79000070
:100E2000E7790000557A00007F7A0000080600206C
:100E3000C0040020C404002038B5064D04466022DA
:100E40000021284604F011FE21462846FFF7ACFE9B
:100E500038BD00BF0C12002013B5094B01A913F8CF
:100E6000300000F097FE48B9019805F08FF804466D
:100E7000019804F021FD204602B010BD0124FAE7DC
:100E8000247500001FB50F4B01A913F8300000F0C6
:100E900081FEA8B9019802A902F048FA044668B98F
:100EA0009DF80B30032B03D1019805F03DF8044663
:100EB000019804F001FD204604B010BD0124F7E7BD
:100EC0000124F8E7247500002DE9F34106460C469D
:100ED00017461D460BB9002628E0184604F0F8FA1C
:100EE0000028F8D16946FFF71BFD009838B90124A6
:100EF000009804F0E1FC204602B0BDE8F08101A9B1
:100F000004F048FA0028F2D1009804F0D5FC3046ED
:100F1000019904F0C0FB736A5E686B79012B21D1E3
:100F2000002CD8D12B68834298BF00262146002090
:100F3000FFF7BEFA6946C0B200F02CFE0028D6D1F9
:100F4000009820233A46314604F0B7FC04460028B6
:100F5000CDD1002DCCD03C680D4BE41A18BF4FF01A
:100F6000FF34C5E7022BB6D12B68012B05D983428C
:100F7000B1D8B4FA84F46409ADE7ACD1002CD5D073
:100F8000012CA8D12C79023C18BF0124A3E700BF93
:100F90003DB8F3962DE9F04F074685B00C46014663
:100FA00000201646FFF7A6FC051E50DB3846E46D10
:100FB00004F0E5F95FFA84F96B1E09FB03084FF0B2
:100FC000000A4FF0010B4FF0FF349DB9BAF1010F49
:100FD00003DD2148452104F062FC631C06D07F2C10
:100FE0002ADC013440F201133460B380284605B096
:100FF000BDE8F08F6B1E00930DF10F0201234146F7
:10100000384604F05AFC031E019322DB01220DF145
:101010000F01384604F023FF019B40B15B4501D02E
:101020000AF1010A009DA8EB09089B46CDE7B4F13F
:10103000FF3F08BF2C46F5E70223803C7371631025
:1010400004F001040133013433603471CEE7072525
:10105000CCE70125CAE700BF8B7A000070B5866A2D
:10106000456D044604F006FBAE420AD06B1CB34249
:1010700007D0834205D01448572104F010FC00200B
:1010800070BD802E1CD911485721F6E7626A216D88
:1010900002EBC30201EBC30152684968914202D0DE
:1010A0000B485721E9E701339D42EFD1AE4205D904
:1010B000636A03EBC5035B689342F1D10120DFE76C
:1010C00000231A46F0E700BFAE7A0000E67A00007F
:1010D000157B000000B589B004A9022004F031FF9F
:1010E0009DF81020012A41D0254B2649032A08BF2C
:1010F0000B469DF8132002929DF8122001929DF854
:101100001120214800924921204A04F0C8FB06A979
:10111000062004F016FF9DF81820012A28D0184B4D
:101120001849032A08BF0B469DF81B2002929DF820
:101130001A2001929DF8192000921348144A49215F
:1011400004F0ADFB9DF81030012B13D19DF8123047
:10115000032B0FD19DF81830012B0BD00D484921DE
:1011600004F09DFB022009B05DF804FB0A4BC0E7C8
:10117000094BD9E70948492104F091FB0020F2E727
:10118000417B00004A7B00005E7B0000507B00003A
:101190009F7B0000AF7B0000457B0000CE7B000002
:1011A00070B54B6814461E4A03F0FF23934286B085
:1011B00006460D462FD10B68012B2CD104A92046E1
:1011C00002F0B4F89DF81020012A26D0154B1649DC
:1011D000032A08BF0B469DF8132002929DF81220A7
:1011E00001929DF8112000921048114A492104F003
:1011F00056FB9DF81030032B0DD12146304604F0EC
:10120000A8F9204604F090FEA968204604F0D0F822
:10121000204602F06BF806B070BD064BDBE700BF5E
:1012200000010004417B00004A7B00005E7B00005F
:101230009F7B0000457B00002DE9F04F164689B0EA
:1012400005460C467448492104F029FB31462846DE
:1012500004F021FA6B6A824620465E6804F038F991
:10126000E8B1E86D04F086F8AF6A0023013F33442B
:10127000834201D2013FFAE7BA4510D367485721AC
:1012800004F00DFB07FB06F365480AFB06625721D5
:1012900004F005FB0123E37109B0BDE8F08F06A956
:1012A000022000F077FC07A9062000F073FC079AE3
:1012B00021462846FFF774FF6379012B4BD1DFF8F5
:1012C00064B1574641E02268C2F1010353449F4292
:1012D0003AD86B6A196853F8370003EBC703012A41
:1012E00053F8083CA3EB0103A0EB0109049311D1CF
:1012F000079B0393E368022B08D04146284604F07D
:1013000028F922464146284604F059F9039928460F
:1013100004F01FF932464946404604F018F9049B90
:1013200042464146CDE900962846FFF7FBFB2146A1
:10133000284604F0DAF823680133236020B1DBF893
:1013400000300133CBF80030013FDDF81880002F6A
:10135000B9D101232360022363710127BA45DDF867
:10136000189006D2484604F0A7FA079804F0A4FAA9
:1013700092E723689F424DD36A6ADDF81CB052F8A9
:1013800037100491FB00083B11680391D1582A6D76
:10139000D0581368A0EB03082379012B38D1039BA5
:1013A0003246C91A4846059104F0D1F805990091D2
:1013B00043464A46594601962846FFF7B3FB214665
:1013C000284604F092F80223237118B1154A1368D5
:1013D0000133136032464146584604F0B8F8DDE95F
:1013E000032349469B1ACDE900865A462846FFF753
:1013F00099FB2146284604F078F8236801332360DE
:101400000123237130B1074A13680133136001E0EF
:10141000022BDFD00137A1E7E57B00000E7C000046
:101420003D7C00006C120020BFF36F8F72B6124B30
:101430004FF0FF32C3F88020C3F88420C3F888201F
:10144000C3F88C20C3F89020C3F89420C3F89820E8
:10145000C3F89C20C3F88021C3F88421C3F88821F5
:10146000C3F88C21C3F89021C3F89421C3F89821C4
:10147000C3F89C21704700BF00E100E01A4B70B533
:101480004FF0FF3401265E60C3F84843C3F80843B9
:1014900003F5C043154D5E60C3F84843C3F80843E5
:1014A00003F5983302205E60C3F84843C3F808434D
:1014B000C5F8084300F0A6FD00236E60C5F84C3166
:1014C000D5F84C21C5F81031D5F81021C5F84431B4
:1014D000D5F84421C5F80035054BC3F808454FF051
:1014E0008043C3F8084370BD00B0004000200040B6
:1014F00000F00140014B1B68184700BFC8040020E2
:10150000014B1860704700BFC804002007B50B46A8
:10151000002102460091034800F006F803B05DF890
:1015200004FB00BFF51400002DE9F04F8DB01D46FF
:10153000531E8246019103934FF00009039B587894
:10154000252803F1010419D11E4600204FF0FF3871
:10155000023603460290444631780396392954D81E
:101560001F2914D8002900F0EE8101992520D047C9
:1015700001993078D04709F10209DFE7002800F02F
:10158000E2810199D04709F101090394D6E7A1F15D
:101590002002192AE9D801A757F822F00516000001
:1015A0006B1500006B150000051600006B150000A0
:1015B000851600006B1500006B1500006B15000010
:1015C0006B150000D1160000051600006B15000019
:1015D000E5160000911600006B1500009F16000034
:1015E000BF160000BF160000BF160000BF160000A7
:1015F000BF160000BF160000BF160000BF16000097
:10160000BF16000008460136A6E7582900F0EB8017
:10161000A1F16302D7B2172FA7D8172AA5D801A71F
:1016200057F822F08D1800000B1700006B15000012
:101630006B1500006B150000EB1600000B17000087
:101640006B1500006B150000EB1600006B15000019
:101650006B1500006B150000C11700006B15000032
:101660006B150000611800006B1500000B170000DF
:101670006B1500006B150000C11700006B15000012
:10168000EB16000001992520D04709F1010955E723
:10169000029A02F0FE0202924FF00008B3E7002C1B
:1016A0000DDAB8F1000F0DDA029A002A00F043813A
:1016B00024EAE4740A2202FB0414303CA3E7B8F1E4
:1016C000000FF5DB0A2202FB0812A2F130089AE7AC
:1016D000B8F1000F55F8042B80F22F81002A80F218
:1016E0002E815442022202928DE7682903D1682B91
:1016F00006D1482387E76C2902D16C2B00F02181A9
:10170000002B7FF432AF0B467DE77A2B06D175298B
:1017100055F8046B14D14FF0000B0CE06C2BF6D095
:101720004C2BF4D1073525F007037529D3E9006B5D
:1017300003F1080506D120283BD1854F013C09E083
:101740004FEAE67BBBF1000FF5DA7642814F6BEB97
:101750004B0B013C0DF12D03059300230493304600
:1017600059460A220023FEF7B9FC059B303203F8E4
:10177000012DB4460593049B5A46BCF10A0F8B46D3
:1017800072F1000203F1FF3106460491E7D2C3F182
:10179000010B30330DEB0306B8F1000FA6F1040680
:1017A0006DDA029BD9077DD4A8EB0B03A4EB0B04E5
:1017B00013E02B280ABF684F684F04F1FF34C9E7D4
:1017C00070290FD155F8042B0023FAB9634F644EEA
:1017D000053C6FF004034FF0050B029A920770D49A
:1017E000A04666E078216C2B03D155F8042B00232A
:1017F00008E04C2BF9D1073525F007031D465B683F
:1018000055F8082B232825D1880621D5554F023CB1
:1018100001F06001A1F1390B0DF12D0E002602F04F
:101820000F01092988BF594430310EF8011D102AD3
:101830004FEA121141EA03714FEA131C73F10003DE
:1018400006F1FF3008D2C6F1010B06F13003A1E723
:10185000454FDCE7414FDBE706460A466346DEE7D5
:1018600055F8046B304604F0DEF8B8F1000F8346FB
:1018700002DB4045A8BFC346384F4FF00008A8EB35
:101880000B03002B92DDA4EB0804A6E755F8043BFC
:101890008DF81830314F013C4FF0FF334FF0010B02
:1018A00006AE9AE7A046EAE7029301992020D047C6
:1018B000029BB8F10108F7D524EAE472013C914497
:1018C000A41AB84606E0049302920199D047029AFE
:1018D000049B9046424612F8010B0028F3D11A46A9
:1018E000013A15D5002BACBFC7EB03077F425B461F
:1018F000013B15D5BBF1000FA8BF5F444F442646FE
:10190000013E14D5002CA8BF3F1907EB080915E6C6
:101910000493029201993020D047049B029ADFE79A
:101920000293019916F8010BD047029BE0E7019959
:101930002020D047E4E70122D5E6904663E614462E
:1019400061E64C235FE648460DB0BDE8F08F00BF6E
:101950007E7D00007C7D0000807D00008A7A000092
:10196000887D0000827D0000857D00002DE9F04724
:10197000058B04462807904611D4022905F0070577
:1019800040F0CC80204603F0B2FE78B10138218BC4
:10199000042811D8DFE800F0C2106D8595000129F8
:1019A0000CBF45F0100545F02005258388F311880C
:1019B000BFF36F8FBDE8F08701F0070AAA4500F07A
:1019C000A5800027B9463E46A368002B00F0BC80E6
:1019D00041F00801218388F31188BFF36F8FA1685C
:1019E000002900F0BA800D68002900F0B680D1F817
:1019F0000480334652462046C047002D76D02B68DF
:101A000029461D46F0E701F007035A1F012A1BD89B
:101A1000002221F00701062B276889B2C4E90022C1
:101A200009D13B4603E0628B013262831B68002BC5
:101A3000F9D141F002012183204603F058FE00282D
:101A40007AD041F0200176E0042B0AD121F0070181
:101A500089B22183204603F04AFE10B141F02001F3
:101A60002183218B01F0070AAA454FD00027B946F0
:101A7000AAE7236921F0070141F00601062DD3F8FA
:101A8000009021832DD1B9F1000F3FD041F0080122
:101A9000218388F31188BFF36F8F3A492046C847E6
:101AA00029E021F00701236941F0040189B2042DE6
:101AB000D3F804902183E6D000273E464FF0040A75
:101AC00082E721F00701236941F0050189B2052D64
:101AD000D3F808902183D6D000273E464FF0050A60
:101AE00072E700273E464FF0060A6DE72B4687E770
:101AF000B9F1000FD1D1EFF31188202383F31288BD
:101B0000BFF36F8F238B23F008032383258BEA0613
:101B10002ED525F01003238305F007056669218B78
:101B2000002EBFF670AF00232768C4E9003321F010
:101B3000070141F001012183218B01F0070AAA4529
:101B40004FF000097FF440AF002F9CD041F0080116
:101B5000218388F31188BFF36F8F002FC8D03D68B1
:101B6000394633465246204603F0EDFD2F46F4E752
:101B7000AB067FF51BAF25F02003238305F0070597
:101B800000E700BF73570000014B0360002070475F
:101B90003075000070B5114B1C680D46DCB1104B60
:101BA000196800238B4202DB6FF0010070BD2246F2
:101BB00012F8106B864202D001331446F2E7E06857
:101BC00010B96FF01200F1E705F059FB0028F8D0CA
:101BD0002C600020EAE76FF00C00E7E7CC0400205F
:101BE0003075000070B588B005460C46C0B2694635
:101BF0001646FFF7CFFF00281BDB0098C8B14368EB
:101C00000293836822680195CDE903360023CDE96C
:101C100006230593C56803F04FFE6DB128460849B9
:101C200001AA04F025F8079808B9059B236008B0BD
:101C300070BD6FF01500FAE76FF01200F7E700BF14
:101C40005B59000008B5054803F044FD044803F063
:101C500041FDBDE80840034803F03CBD8E7D000017
:101C6000BF7D0000F27D000030BFFFF7FDBF00BF69
:101C7000134B9A6A12F0007F9A6A14BF1E201D202F
:101C800012F0807F9A6A18BF1F2012F4002F9A6A00
:101C900018BF212012F4802F9A6A18BF222012F454
:101CA000003F9A6A18BF232012F4803F9A6A6FEAB5
:101CB00002426FEA12429A6218BF2420704700BFA6
:101CC00000ED00E010B5194B0246986A9C6A10F4CA
:101CD000805F14BF1720162014F4006F9C6A18BF91
:101CE0001820A40509D5986B986A000404D51AB188
:101CF0009A6A22F400429A6219200C4B9A6A12F4F2
:101D0000806F9A6A18BF1A20D2050CD49B6A13F40C
:101D1000005F18BF1C20054A936A43F47F43936217
:101D200000230B7010BD1B20F5E700BF00ED00E0A5
:101D300010B51C4B0246986A9C6A10F0100F14BF35
:101D40001120102014F0080F9C6A18BF1220A4075D
:101D500009D5586B986A000604D51AB19A6A22F020
:101D600080029A6213200F4B9A6A12F0010F9A6A4E
:101D700018BF142012F0200F9A6A18BF1520D4063D
:101D800058BF9B6A074B9A6A920642BF5A6A22F46E
:101D900000525A629A6A42F0FF029A6200230B7064
:101DA00010BD00BF00ED00E070B5444B5B688AB029
:101DB0000646C3F30803002585F31188BFF36F8F30
:101DC00002F07F40B0F17F4F11D102F00C000828E3
:101DD0000DD010074CBF0E4601250022033B8DF8A5
:101DE0000720032B05D8DFE803F01E5C60592E4660
:101DF000F3E700249DF807309BB92022314602A862
:101E000003F028FE099B002D53D0C3F3080222B92A
:101E10006FEA53236FEA4323099302A9204603F094
:101E2000BEFD0AB070BD254BDA6A9107E1D4DA6ACB
:101E3000002ADEDBDA6A5200DBD55A69B16942F466
:101E400080725A61BFF34F8FBFF36F8F5A6931F8B9
:101E5000021C22F480725A61BFF34F8FBFF36F8F61
:101E60004DF60272914209D09A6AD2B242B10DF196
:101E700007010120FFF75CFF0446BBE73468B9E7C0
:101E80009A6A12F47F4F05D00DF107010120FFF788
:101E900019FFF1E79B6AB3F5803FAAD3FFF7E8FE8D
:101EA000EAE70DF107010020E4E70DF1070100204A
:101EB000EDE723F4FF7323F00103ADE700ED00E04D
:101EC000044B5A6942F010025A615A6922F0080222
:101ED0005A61704700ED00E0EFF30880EFF30981ED
:101EE00001B57246FFF760FF01BD00BF002080F31F
:101EF0001488BFF36F8F02F085F900200D49086048
:101F0000BFF34F8F0C4880F3088800F02BF8202097
:101F100080F3118809484FF40061401880F3098864
:101F2000EFF314800221084380F31488BFF36F8F0E
:101F300000F0A2F894ED00E0285C0020282C00209E
:101F40000749D1F890200023C2F307221846934294
:101F500000DB7047C1F89830C1F8A0000133F6E704
:101F600000ED00E008B572B6002383F31388FFF795
:101F7000E7FF144B4FF0FF32C3F88020C3F88420F2
:101F8000C3F88820C3F88C20C3F89020C3F89420AD
:101F9000C3F89820C3F89C20C3F88021C3F884219B
:101FA000C3F88821C3F88C21C3F89021C3F8942189
:101FB000C3F89821C3F89C2162B6BFF34F8FBFF3DB
:101FC0006F8F08BD00E100E01EF0040F0CBFEFF3BF
:101FD0000880EFF30980816911F8021C0229FFD003
:101FE00001B503F0E2FC01BD40B2002807DB044A62
:101FF0004109012300F01F00834042F8213070475F
:1020000000E100E040B200280CDB4309064900F083
:102010001F0020330122824041F82320BFF34F8F5D
:10202000BFF36F8F704700BF00E100E0054B42092E
:1020300000F01F0053F82220012303FA00F01040A3
:10204000704700BF00E100E040B20028A8BF00F1E7
:10205000604001F10101B8BF064B4FEA4111ACBF2E
:1020600000F5614000F00F00C9B2B4BF195480F808
:102070000013704714ED00E00B4A08B50B4B22F03B
:102080007F029A60BFF34F8FBFF36F8FD3F8882022
:1020900022F47002C3F8882002F098FF02F0DEFFFD
:1020A00000F024F802F09EFF0000000000ED00E0C8
:1020B00080B50C4607461546064E86F309884FF054
:1020C000000005498847204629461A46B847034874
:1020D0008047FEE7285C0020CB590000D95900005A
:1020E000014B10221A61704700ED00E00448002304
:1020F0002021C2180133272B82F80013F9D1704731
:1021000000E100E008B5EFF30583064A103B02EB5F
:10211000C30152F8330049688847BDE8084003F01E
:102120004FBC00BFB8730000024B034A03480121B3
:1021300000F066B80000012000000020A475000037
:10214000084AC2F898000B6823F01F03034343F0CA
:102150001003C2F89C308B6843F00103C2F8A03032
:10216000704700BF00ED00E02DE9F043DFF860802C
:1021700085B00E461F4604464FF00009B14523DAEC
:102180006068D8B13FB1411E08421BD11F2819D940
:102190002368194216D12368019303F034FCA36825
:1021A00003430393D8F89050C5F30725D0B2013DFF
:1021B000A84207D801A9FFF7C3FF421C09F1010992
:1021C0000C34DBE76FF01502104605B0BDE8F08374
:1021D00000ED00E0044B0522C3F89420BFF34F8FBD
:1021E000BFF36F8F704700BF00ED00E0BFF35F8F5C
:1021F000024B0022C3F89420704700BF00ED00E0BE
:1022000010B5034C01232278FFF7AEFF207010BDFC
:10221000202C00202DE9F043534B544CD3F8903040
:102220002568C3F307239D4285B000F29A80FFF72B
:10223000DDFF00200C2685421AD14D4C4D4F2570F4
:102240006846FFF7A1FCDFF82081DFF82C910646F5
:102250000025AE4213D1237843490020D1F89020C5
:10226000C2F30722934276DBFFF7B4FF002042E07F
:10227000616806FB0011FFF763FF0130DBE70098A0
:1022800000EB05114FEA051CCB683B40B3F5000F8E
:1022900048D00AD8B3F5001F30D0B3F5800F36D040
:1022A000B3F5801F10D00135D3E7B3F1807F42D062
:1022B000B3F1007FF7D150F80C3088684A6803F01A
:1022C000A2FB40F4802009E050F80C3088684A688E
:1022D00003F099FB40F0885040F43020CDE9012311
:1022E0000390D8F890302078C3F30723013B98423D
:1022F0002AD96FF0150005B0BDE8F08350F80C3016
:1023000088684A6803F07FFB40EA0900E6E750F876
:102310000C3088684A6803F076FB40F0007040F4A7
:102320000030DBE750F80C3088684A6803F06BFB3C
:1023300040F08270D2E750F80C3088684A6803F0A9
:1023400062FB40F08870C9E701A9FFF7F9FE237826
:1023500001332370A7E7C1F89830C1F8A00001331A
:102360007CE74FF0FF30C6E700ED00E0B0750000FD
:10237000202C00200000F0FF00000811014B186025
:10238000704700BFD0040020044A0123C2F8403542
:102390004FF080420020C2F87835704700E00140DD
:1023A00020B1034B800143F001031847704700BF81
:1023B00000750000084B70B5C31A0D4607499B1005
:1023C000044659430648402203F064FB2B4601466D
:1023D0002046BDE87040184784120020B76DDBB678
:1023E0006873000073B50C4C0C4A4023041B009327
:1023F0000D460B460A49A41061430646094803F0FE
:1024000074FB011E05DA30462B4602B0BDE8704071
:10241000184702B070BD00BF84120020595B000055
:10242000B76DDBB668730000002270B50121044669
:102430001046FFF709FE0F4802F0C6F80E4B98420F
:1024400015D102F0D1F826690C49304603F09EF907
:1024500000280BDB012535642469084904F11C00C0
:1024600003F094F9002801DBE564002070BD6FF0F3
:102470000400FBE79D2500000000AD0BD0750000B7
:1024800010B5074C23782BB94FF4A57004F0F2FE79
:1024900001232370BDE81040002002F0B7B800BF50
:1024A000212C002010B5EFF31184202383F3128830
:1024B000BFF36F8F074A136823F00201DB07116037
:1024C00002D4012004F0F8FD84F31188BFF36F8F6C
:1024D00010BD00BFD412002030B4104B0C2202FB00
:1024E000003301460020D3E90E529863EFF31180C8
:1024F000202484F31288BFF36F8F1C6C04F0C00497
:1025000044F002041C6480F31188BFF36F8F1DB187
:102510002B46034830BC184730BC7047841200205B
:102520006873000010B4EFF31182202383F3128844
:10253000BFF36F8F1748016841F002040460C807B9
:1025400007D482F31188BFF36F8F012010BC02F013
:102550005DB84FF08041D1F80C04D1F80C14C907D4
:10256000EFD5EFF3118083F31288BFF36F8F0A4921
:102570000B6C03F0C00343F002030B6480F311887B
:10258000BFF36F8F82F31188BFF36F8F002010BCF1
:10259000FFF7A2BFD41200208412002010B101283E
:1025A00004D07047034B1B6C5B0701D1FFF794BF4E
:1025B000704700BF841200202DE9F8433649BFF36D
:1025C0005B8F0746012251E8003F41E800200028C8
:1025D000F9D1BFF35B8F33B9304931484B60CB60E1
:1025E0008A6003F0E6F87B1E012B2DD8012F07D15E
:1025F0004FF08043D3F81C3403F00303012B23D0A6
:1026000004F07FFE054608BB264B1B78F3B14FF064
:1026100080430222C3F808230646DFF88C904FF06F
:1026200080444FF00108D4F81824D4F81834D203A9
:1026300015D503F00303012B01D0012F0FD125B3D2
:1026400086F31188BFF36F8FBDE8F883EFF311862F
:10265000202383F31288BFF36F8F0125DDE7304617
:1026600003F0C2F9D4F81835002BDCD1D4F80421DA
:10267000002AD8D0C4F80431D4F80431C4F818853D
:10268000C9F88081C4F80880CDE74FF0804302226A
:10269000C3F80423D8E700BF801200207012002086
:1026A000A0120020232C002000E100E010B5044C13
:1026B0002046FEF725FF2046FFF760FE002010BDF4
:1026C000C526000073B50C4E8DF80700044603259F
:1026D00001220DF10701002002F02EFC20B10123A0
:1026E0003370204602B070BD3378002BF9D0013D25
:1026F000EED13570F5E700BF222C002008B5074861
:1027000004F0BDFD38B10648FFF738FE0448FEF777
:10271000F7FE002008BD6FF01200FBE79073000089
:10272000252700000A2838B5074D044604D1AB68B8
:102730000D215B6828469847AB6803485B68E1B2A7
:102740009847204638BD00BF90730000024B0B60D5
:1027500001231360704700BFD81200200048704763
:102760002476000010B504F027FD034C206004F02F
:102770001FFD6060002010BDD8120020F8B50E4685
:102780003046194617461D4603F0F2F9B8B146EA3D
:10279000050414F0030412D14DB12B19032BA6EB41
:1027A000040006D8074AD2F80034DB07FBD5002026
:1027B000F8BD3B1B043C196802F050FBEDE76FF0DD
:1027C0001500F5E700E0014038B545682B69B3B165
:1027D0001035284602F006FA044680B9014628461C
:1027E00002F0CCF9084B98420BD108492246284602
:1027F00002F0ACF9224605210620FFF725FC002057
:1028000038BD6FF00400FBE70000AD0B112800009D
:10281000430970B507D10B4B596821B101250C68EC
:10282000094E854001B970BD8A682A4002D04B68C4
:10283000304698471CB1236821461C46F2E72346E0
:10284000FAE700BFE01200207C7300002DE9F0439E
:10285000476840F20636D0063B7B87B002EA0606A0
:1028600054BFC2F34010032001F01F05B6F5837F6B
:10287000144645EA43158DF8030043D00FD8062EC1
:1028800018D007D8B6B1022E3ED06FF0150007B0B1
:10289000BDE8F083B6F5807FF7D101260AE040F26B
:1028A0000222964232D0B6F5407F31D0B6F5007F95
:1028B000EBD102260123220303FA01F12AD57B681A
:1028C000C3F808153B695BBB05F01F026D0974D1A5
:1028D000920002F1A04284F48031D2F80037C1F3B3
:1028E0000041C4F3404423F4E16344EA410423F08B
:1028F00007031C4344EA800444EA0624C2F8004764
:102900000020C4E70726D5E70426D3E70526D1E74C
:102910000326CFE7630344BF7B68C3F80C15D1E7F8
:1029200010370DF102022946384602F015F914F469
:10293000403F80460CD12946384604F02FFC214BFD
:102940009845DDD19DF80210384602F055F9D7E7D9
:1029500001AB4FF0000903AA29463846CDE90439F6
:10296000CDE90199CDF80C9001F0CAFF154B9842C2
:102970008BD114F4003315D09DF803308DF80E3050
:1029800084F48034C4F300444B4603AA29463846F5
:102990008DF80C608DF80D4002F062F8094B9842FA
:1029A000CDD072E7CDE9043303AA0DF10303294624
:1029B0003846039301F0A4FFF0E702F5E07253F804
:1029C0002230FFDE0000AD0BF0B54068057B01F062
:1029D0001F0444EA4514056987B0002D60D0B2F5A4
:1029E000001F00F1100506D12146284604F0D8FB4F
:1029F000002007B0F0BD01AE0027B2F5800F0197AF
:102A0000776038D1B3F1007F14BF052304238DF81C
:102A100004300023CDE904630393836823FA01F1B2
:102A200011F0010119D1B2F1A07F16D104F01F03FA
:102A3000620903F5E07339D14FF0A04252F8233018
:102A4000DB070AD40DF1030632462146284602F080
:102A500083F8184B984219D0029603AA21462846BB
:102A600001F04EFF144B98421DD101222146284609
:102A700002F0CEF8BCE7B3F1C06F05D0B3F1007F30
:102A800014BF01230223C2E70323C0E731462846CF
:102A900002F0B8F8084B9842DED06FF00B00A8E7C0
:102AA0006FF08500A5E76FF01500A2E751F823301D
:102AB000FFDE00BF0400AD0B0000AD0B2DE9F043BD
:102AC0005B4E5C4F00EB810140F2FF15814202D169
:102AD0000020BDE8F083046814F4804FC4F3C32CD5
:102AE000C4F3080340F09080240E16F80CC0AB42EB
:102AF00008BF4FF0FF33192C00F28980DFE804F0A3
:102B00000D13191C1F251C878787873663878787C6
:102B1000878787878787667B7E81C2F80C355C1C38
:102B20005ED10430D2E7C2F814355C1CF9D0002421
:102B30005FE0C2F80835F2E7C2F81035F5E75C1C33
:102B4000C2F80835EDD0002404E05C1CC2F80C3556
:102B5000E7D001245FEA531E5CD14FF001084FF02B
:102B6000A04E08FA03F9CEF80C950AE0C2F8083531
:102B7000BCF1000FD9D15C1CD3D00024A0464FF08B
:102B8000060CD0F8009009F4004EBEF1000F1CBFF7
:102B90004FF00008012403F01F0E5B0942D14FEAF9
:102BA0008E0E0EF1A04EC9F34129DEF800373B40EE
:102BB00043EA890343EA0C2343EA080343EA440354
:102BC000CEF80037ADE7C2F80C35D1E7C2F8603572
:102BD000B3F1FF3F0468A4D0C4F30044002CB8D084
:102BE0005C091BD101244FF0A04E04FA03F8CEF883
:102BF0000885A046C5E7C2F86435E9E7C2F868353C
:102C0000E6E7C2F86C35E3E76FF0150061E76FF0B7
:102C100085005EE70023C3F80C35FFDE0023C3F810
:102C20000835FAE70EF5E07E002353F82E30F4E77E
:102C3000727E0000F0F8FCFF074BD3F8082142B188
:102C40000020C3F80801D3F80821D3F818350B7019
:102C500070474FF0FF30704700200040024BD3F820
:102C60008004C3F88004704700200040F8B50E4689
:102C700004F047FB1A4D78BB64240127BFF35B8F38
:102C800055E8003F002B03D145E80072002AF7D138
:102C9000BFF35B8F07D04FF47A70013C04F0EAFA7F
:102CA00014F0FF04EAD10F4C0023C4F81C31D4F80F
:102CB0001C310123A360C4F81C654FF47A76D4F864
:102CC0001C3123B9012004F0F5F9013EF7D10123AD
:102CD000E36000232B60F8BD01232B60E3E700BF16
:102CE000EC1200200020004073B5594A4368046983
:102CF0000021C2F800151E68054601AA304603F0FF
:102D000038F80028C0F28180019B32681979186870
:102D1000FFF7D4FE002878DB6379012B1CD1A3795F
:102D2000032B19D1E379BBB9217911B1022913D150
:102D30000E212368B3F5164F69D02BD8B3F5165F73
:102D400067D014D8B3F5966F65D008D8B3F5967FE1
:102D500064D0B3F5167F64D06FF0850055E0B3F50D
:102D6000166F61D0B3F5965FF6D13A4B39E0B3F503
:102D7000E14F5CD007D8B3F5615F5AD0B3F5964FF9
:102D8000EAD1354B2DE047F612229342E4D14FF4BD
:102D9000000326E0B3F5613F4ED011D8B3F5963F5E
:102DA0004CD008D84DF6C022934249D0B3F5614FBC
:102DB000D2D12A4B15E0B3F5E13FCDD1284B10E03D
:102DC000B3F5612F3FD007D8264A93423DD0B3F5E3
:102DD000E12FC1D1244B04E0244A9342BCD14FF0EF
:102DE00080531B4A2D69C2F82435C2F86C1594E84B
:102DF000030085E8030004230020C2F80035C2F870
:102E00000801D2F808310123136002B070BD184BDD
:102E1000E7E7184BE5E74FF49E23E2E74FF4A033D2
:102E2000DFE74FF41C33DCE74FF41D23D9E7124BE7
:102E3000D7E74FF46C13D4E7104BD2E7104BD0E731
:102E40004FF46503CDE70F4BCBE74FF08063C8E746
:102E50000020004000B0130000A04E0000F0EB0086
:102E600000E0D70190D0030000705F0740420F00E0
:102E700000509D000050270000F0750000B0AF0327
:102E800000903A0100D0BE0E70B5012383400E4A77
:102E9000BFF35B8FDC4352E8001F01EA040542E800
:102EA0000056002EF7D1BFF35B8F4FF48032824083
:102EB0000648C0F80823BFF35F8FBFF36F8F0B4244
:102EC00014BF0120002070BDF4120020001001404A
:102ED00070B40E49D1E90034D01AC31844F100048B
:102EE00022F07F46C1E90034A6F50013B3F5400F88
:102EF00009D2074B1B681A0A1B069C19054B42F1A5
:102F00000005C3E9004570BC02F008B97005002057
:102F1000F81200207805002011B3BFF35B8F012366
:102F2000104A834052E800CF4CEA030C42E800C14B
:102F30000029F7D1BFF35B8F0B4A4FF480338340F6
:102F4000C2F80433094BBFF35B8F1B68BFF35B8F81
:102F5000C340DB0742BF064B4FF40032C3F80021E9
:102F6000704700BFF412002000100140F012002052
:102F700000E100E00D4B1868010A0006BFF35F8F07
:102F80000B4BD3F80435181841F10001B3F5801F3D
:102F90000AD2084BD3E90023904271EB030303D21A
:102FA00010F1807041F10001704700BFF81200205D
:102FB00000100140780500202DE9F04F85B016463D
:102FC0001F469DF840A00446FFF75EFF0190FFF703
:102FD000D1FFB04271EB070354D23E4B301A67EB7E
:102FE0000101984271F100014FD23B4B03EB0413F6
:102FF000D3E902239F4208BF96425ED037494FF47F
:10300000803804F1500508FA04F8AD00C1F848838F
:103010002046ADB202F0C0FE26F07F4B05F18045A0
:1030200004F5A87305F58835DC464FF003090293D3
:10303000029A2CF07F4341F82230C1F84483D1F842
:103040000435274A6FF00200C01A604420F07F4028
:10305000904232D9286868B1D1F804350393A3EBC4
:103060000B0020F07F40B0F5000F26D9204602F07B
:1030700093FE039BBAF1000F07D109EB030C09F192
:103080000109D5E7BAF1000F09D06FF01505204608
:103090000199FFF741FF284605B0BDE8F08F0123F5
:1030A000104ABFF35B8FA34052E8000F184342E879
:1030B00000010029F8D1BFF35B8F07490E98230167
:1030C00001EB0412C8500F9B5360C2E90267002550
:1030D000DDE700BF01008000600500200010014016
:1030E000FDFF7F00F01200207FB51C4C1C4BC4F884
:1030F0000833C4F848331B4B00254FF0FF304FF026
:10310000FF31C4F80855C3E902014FF48033C4F815
:103110000433154B02264FF400320121C4F8046336
:103120001120C3F880212A46FEF78EFF1120FEF7FA
:103130005BFF0E4A0123A360236013600C4B0D4A12
:103140000093CDE9015500232846FFF735FF3046AF
:10315000FFF732FA284604B070BD00BF00100140EE
:1031600003000F006005002000E100E0F4120020E1
:10317000D12E0000FFFF7F002DE9F7432F4CD4F83C
:10318000043399070BD5D4F8043143B12C4A0023FA
:10319000C4F80431D4F80431136801331360D4F84F
:1031A0000433DA0329D5BFF35B8F264B53E8002F96
:1031B00022F0010143E800100028F7D1BFF35B8F34
:1031C000D30702D4D4F84031BBB10025C4F8405134
:1031D000D4F84031FFF7CEFEEFF31182202383F3C2
:1031E0001288BFF36F8F184BD3E90267B042B94121
:1031F00006D282F31188BFF36F8F03B0BDE8F0836E
:103200004FF0FF384FF0FF39C3E90289D3E90010CE
:103210001D604FF48033C4F84833C4F84051D4F8EB
:10322000403182F31188BFF36F8F0029E5D0009001
:1032300032463B4628468847DFE700BF0010014082
:10324000F8120020F01200206005002030B5431C69
:10325000124C85B005D08442A8BF0446012CB8BFEB
:103260000124FFF787FE0E4B0C4DD3E90013401AE3
:10327000B0F5000F10D22218AA4228BF2A465218D1
:103280004FF0000007490091CDE9010043F1000330
:10329000FFF792FE05B030BD2A46F0E7FFFF7F0042
:1032A00070050020D12E000008B5FFF763FE024B29
:1032B0001B68C01A08BD00BF7005002010B5084C7F
:1032C000012363601120FEF79DFE064BC4F808330E
:1032D000C4F84833044B4FF40032C3F8802110BDCA
:1032E0000010014003000F0000E100E030B58168EC
:1032F00085B0103921F00704054602F027FB1022A3
:103300000146684602F0B1FB07491022684602F008
:10331000A1FB10236A462146284602F0E3FA003852
:1033200018BF012005B030BDD277000030B50D4682
:10333000816887B0102302AA1039044602F0BDFA52
:10334000002802DA012007B030BD102202A9204671
:1033500002F085FD00283AD11E49102202A802F091
:1033600069FB00280CBF012302232B70204602F0CA
:1033700062FD012301460DF10702204602F09DFA8D
:103380000028DFDB9DF8073003F00F021B096A708D
:103390002B7101220DF10701204602F060FD10B9EA
:1033A0006B78042B03D901236B7000232B71A26867
:1033B000183A22F00702083AA91C204602F062FDE2
:1033C0000028BFD1E91C204602F0B5FDBBE703236E
:1033D000CBE700BFD2770000F0B5354F460085B08F
:1033E0000546694657F8260002F0ABFD044610B1C9
:1033F000FF2005B0F0BD013602A957F8260002F003
:10340000A0FD012837D12B482A46492102F047FA6E
:10341000294B02938DF80C409DF800609DF80870D0
:10342000264C00222078314602F00BFD50B3607824
:10343000394602F006FD28B3A378042B03D09DF88B
:10344000031099421ED1E378042B03D09DF80B1092
:10345000994217D12379042B10D16279022A1DD108
:10346000174B18482A46492102F019FA6079831E41
:10347000022BBED9BCE70028CED0B9E79DF80210D8
:103480009942EAD00132032A04F10604CAD10E4857
:103490002A46492102F003FA0120AAE7032A05D0AF
:1034A0000A4B0B49042A08BF0B46DAE7094BD8E759
:1034B00094760000AB7E000003010303407F000010
:1034C0008D7E0000F67E00001A7F0000927E0000D4
:1034D000A47E0000887E0000044B1B68584043080F
:1034E0005B4240421843C017704700BFFC120020E7
:1034F0008842F0B504D0094F04380025AA4200D113
:10350000F0BD3E6850F8044F5E4024EA060451F8CE
:1035100025601E40344304600135EFE7FC120020B3
:103520002DE9F04F8DB01D46189B179F1A9E0592EE
:10353000B3F12A3F83468A4640F08D80394616987B
:1035400002F087FD012838BF0120470900F01F0461
:103550007B01502B4FF0010934BF4B4603230A93E4
:1035600009FA03F30B930A9B059805FA03F306EB9C
:103570008303069303EB8503079302F042FF4FEAB0
:103580008508089042460021304602F06EFA079BFB
:10359000C6F800900393089B199ACDE90153059B47
:1035A000009331462B46304606EB080902F03AFFFD
:1035B00051464246484602F04DFA022349460993D5
:1035C0000B9B099A934248D142463146584602F035
:1035D00041FA4FF00009CA46079B0393089BCDE9C7
:1035E0000153059B00935A462B465946584602F014
:1035F00019FF002C47D1013F1F24169B53F8273099
:10360000E34003F0010343EA49090A9B0AF1010A76
:10361000534503D0002CDFD1002FDDD1189BB3F12F
:103620002A3F32D10698424609FB086102F012FA9D
:10363000079B0393089B069ACDE90153059B0093D2
:1036400059462B46584602F0EDFE002CC1D1BFB9B9
:103650000DB0BDE8F08F00247AE7079B0393089B29
:1036600001EB080ACDE90153059B00934A462B461E
:10367000504602F0D7FE099B0133099351469FE75C
:10368000A146A246A8E7013CB7E731464FF0000A41
:103690000A4B18681B68584080EA090080EA0A0053
:1036A000FFF71AFF2A46C3430698FFF721FF099B3D
:1036B0000AF1010A53454144EAD1B9E7FC1200205E
:1036C000054B1B68013143400132084022EA0302E6
:1036D0000243501E00B27047FC1200202DE9F04F4B
:1036E00099B083460F46184600211646039303F00F
:1036F0000AF9002800F08981784B149300240125F1
:1037000015AB039913933046CDE90B45CDE90D4533
:10371000CDE90F45CDE9114503F07EF8A04228DA46
:10372000BBF1000F05D1E7B90024204619B0BDE870
:10373000F08F2146584602F0F7FF04460028F2D0E9
:103740000BA802F03EFF0DA802F03BFF0FA802F00D
:1037500038FF11A802F035FF0C2115A800F038FB46
:10376000E3E73146384602F0AAFF04460028E7D1D5
:10377000DAE731460BA802F0A2FF04460028DFD1A9
:1037800003990DA802F09BFF04460028D8D1F188C8
:10379000ADF8385002310FA8ADF8305002F01FFFDD
:1037A00004460028CCD101460FA802F0BDFF044614
:1037B0000028C5D1F18811A8023102F010FF04469B
:1037C0000028BDD10DA802F0DBFF00F01F001F286C
:1037D00073D0C0F11F0319460BA8019302F0F6FF46
:1037E00004460028ACD101990DA802F0EFFF044671
:1037F0000028A5D1BDF83250BDF83A80A5EB080AE3
:103800004FEA4A1949460DA802F0E0FF0446002895
:1038100096D14FEA8A0A0DA90BA803F02CF80028CC
:103820004DDA49460DA802F0EEFF0446002887D184
:1038300008F1FF3305939B0005F1FF3A069305F16C
:10384000804508F18043023B013D9B00A5EB080544
:103850000893AB000293059B9A4541D8BBF1000F3A
:103860000DD00FA9584602F02AFF002840F0C98069
:10387000039AB388928813FB02F3ABF80430002F4D
:103880003FF45EAF01990BA802F0BDFF002840F0A5
:10389000B880B388ADF830300BA9384602F00FFF7E
:1038A0000146002840F0AF80384603F02CF800288D
:1038B0007FF446AF0123BB8042E701949AE70F9A59
:1038C00052F80A300BA9013342F80A3008460DAA13
:1038D00003F0FFF8044600289DD031E70100030003
:1038E0000D9B069A04931344DDF82C900793049BD8
:1038F00059F82A109A580F9D4FEA8A08A8F1040334
:103900000993029B91421D4476D2A8F10400002342
:1039100059F80000FCF7E2FB002914BF4FF0FF3319
:103920000346BAF1010F2B6016BF09EB0803002311
:1039300053F8083C1593A8F1040359F80330169383
:1039400059F8083017932B68DDF8108001332B608D
:10395000089B98442B68013B2B60002111A802F0C2
:10396000E3FE00284DD1059B002B48D0D8F800205D
:10397000119B1A60079A12685A6011A92A680846B2
:1039800003F0ABF800283CD113A911A802F073FF93
:103990000028DFDC2A680DA911A803F09EF880BB7F
:1039A000029B4FEAC308414611A802F00FFF40BB3B
:1039B0000BA9084611AA03F08CF8014618BB0BA806
:1039C00002F0A1FF002812DA0DA911A802F077FE7B
:1039D000B8B9414611A802F0F9FE90B90BA911AA95
:1039E000084603F073F860B92B68013B2B60029B1B
:1039F0000AF1FF3A043B2DE74FF0FF3391E7059AB8
:103A0000B6E704469CE60C469AE66FF00B048CE69B
:103A10002DE9F74F90461F4A1568454006460F4668
:103A2000ED43002B14BF9A468A4600240C9B04F1F8
:103A300004094B4505D20C9B9C4220D303B0BDE842
:103A4000F08F042208EB04010DEB020002F002F8F3
:103A5000019A06EA020B04220AEB04010DEB0200B4
:103A600001F0F8FF019A2A4042EA0B020192042277
:103A700038190DEB020101F0EDFF4C46D6E718F8BE
:103A800004301AF8042033402A4013433B550134D4
:103A9000D1E700BFFC120020082804D00928034801
:103AA00018BF002070470248704700BF527F0000D7
:103AB000557F000001680E4A9142034615D1C16945
:103AC000A2F11022A2F1EF1291420ED18268012AD6
:103AD0000BD8C26812B101698A4206D0586928B170
:103AE0009B691B1A5842584170470120704700BF1C
:103AF00055AA00FF70B50D4B9E68A6B13046FFF782
:103B0000D9FF044678B9F3686BB935690DB9204619
:103B100070BD2846FFF7CEFF28B9EB68B34202D14B
:103B20002E462D69F2E70124F1E700BF00130020C3
:103B30002DE9F8433F4F3C68D4B1BC68C4B10028BC
:103B40004AD0002948D001FB00F5B5FBF0F08842CF
:103B500042D1281D40D8A9070DD025F00306043610
:103B6000FC6803E06368B34238D2A469002CF9D141
:103B70002046BDE8F8832E46F2E7FB6041E006F1FF
:103B800020016318203A5A600022C3E902242A481F
:103B900022691A6160502949D96102B1D360626912
:103BA0005A61A1699961AAB193619A6902B153619D
:103BB0004FF00109C4E9016923610023C4E9053319
:103BC0003B69DB072ED5FFF795FF58B31C4B4846E2
:103BD0001B6826E0FB60E8E70024C9E7A3681BB187
:103BE000174B01201B6898476268921B232A04F137
:103BF0002008C4D80123A360D4E90523002ABCD03F
:103C00009361A3690BB162695A610023C4E905336A
:103C10003B69DA0706D5FFF76DFF18B1084B1B6843
:103C2000012098472A4600214046444601F01DFFE6
:103C30009EE700BF0013002055AA00FF669911EE11
:103C4000E004002070B50546002800F08880444E4E
:103C50003368002B00F08380B268002A7FD0834253
:103C600003D872681344984203D33E4B01201B686B
:103C70009847A5F120042046FFF71CFF18B1394BE7
:103C800001201B68984755F8183C012B03D0354B91
:103C900001201B689847002345F8183C55F8143C50
:103CA0003BB39A682ABB55F81C2C02F120015A68D4
:103CB0000A445A6055E905321A6155F8145C2B69BB
:103CC00003B1DD6020220021204601F0CEFE2869EC
:103CD00010B18368002B2ED033699B073FD5FFF7C7
:103CE00009FF00283BD01F4BBDE870401B68012036
:103CF000184755F8100C00282AD0836843BB426847
:103D0000636813442033636003692361D4E90523A6
:103D10009AB9CBB9436963618269A261B3B19C610D
:103D2000A36903B15C61236903B1DC602022002137
:103D300001F09BFED0E72C46E1E79361A369002BDD
:103D4000E8D062695A61E5E7F360F7E7F460E7E716
:103D5000F36845F8083C03B15C61F460BCE770BDF2
:103D600000130020E004002038B514220C4605465C
:103D70000021134801F079FE1249134800F040F881
:103D8000232C1CD915F003031FBF043CE418C3F116
:103D90000403ED1822460021284601F066FE084B78
:103DA0000A499D60C3E90054203C6C609A68116028
:103DB0009A68DA60A1F11021A1F1EF11D16138BD4B
:103DC00000130020453C0000313B000055AA00FFD5
:103DD00010B50A46044619B1024B00211B689847EA
:103DE00010BD00BFDC040020014B1B68184700BF5A
:103DF000E8040020014B1B68184700BFE4040020C2
:103E0000024B1860024B002019607047E804002044
:103E1000E4040020F8B500F108064768044630467F
:103E20000D4602F0B1FC87424BD16368B3F5807F49
:103E300047D80021304602F066FD002841DD002110
:103E4000304602F08DFCE0B345B9294604F110007C
:103E500002F059FD002834DD0020F8BD04F12005F2
:103E60000021284602F04FFD00282ADD00212846C7
:103E700002F076FC28B304F128050021284602F060
:103E800042FD00281DDD0021284602F069FCC0B17A
:103E9000002104F1100002F036FD002811DD0021A0
:103EA00004F1300002F02FFD00280ADD002104F1AA
:103EB000380002F028FD002803DD002104F1400055
:103EC000C6E70148C9E700BF80BFFFFF012938B539
:103ED0000546144601D0074838BD22B90123C5E97B
:103EE0001C340020F8E71046FFF7D6FD0028F5D176
:103EF000F1E700BF00BFFFFF70B500210446FFF7E8
:103F000089FF054610B10E4D284670BD04F1080624
:103F1000304602F035FC7F28F5D91034294620467A
:103F200002F01EFC0028EED0204602F029FC0128F9
:103F3000E9D93146204602F09EFC0028E4DBE2E7A6
:103F400000BEFFFFF0B50C4685B0002105461646C1
:103F5000FFF760FF002839D102A802F02DFB2146AF
:103F60006A6802A802F016FC044618B102A802F022
:103F700028FB0CE005F10804214602A802F07BFCB6
:103F8000002807DB02A802F01CFB6FF00304A4F575
:103F9000854418E005F1480302A96F68009305F114
:103FA00010022346084602F0E8FE04460028DDD150
:103FB0003A46314602A802F003FC044602A802F089
:103FC00000FB002CE3D1204605B0F0BD004CFAE721
:103FD00080BFFFFF01292DE9F041034641D8224A65
:103FE000224F2348234E244D244C9966002918BFA4
:103FF0009046234A18BF964602F1794202F57402B0
:1040000002F5016218BF94461E4A18BF17461E4AA1
:1040100018BF164602F1D14208BF804602F5C01211
:104020001A4802F51E620CBF864615461848194A02
:104030000CBF844614461848A2F11162A2F50C2266
:10404000A2F28E2218BF02460020C3E91000C3E985
:10405000128EC3E914C7C3E91665C3E91842BDE867
:10406000F0816FF07300FAE7D89E05C13AF54FA5CD
:1040700067E6096A7F520E518C68059BABD9831F96
:1040800007D57C3639590EF7310BC0FF85AE67BBBB
:1040900072F36E3CA78FF964A44FFABE2DE9F04F7E
:1040A000CFB000F1640300F144070DF58A79009365
:1040B00001914A463B4653F8041F42F8041F0099F9
:1040C0009942F8D104ADDFF800A14FF000082C466A
:1040D000B8F10F0F61D8019B042203EB880103A8FC
:1040E00001F0B8FC039802F0E8FEA860D4E9476349
:1040F000D4F818C15AF8041B73404FEAFC22D4F8D4
:10410000206182EABC1203EA0C0382EA7C627340FB
:104110001344D4F82421D4F8106113440B44D4E997
:10412000421E034441EA0E024FEA713080EAB100B8
:10413000324001EA0E0B80EAB15042EA0B0202441F
:10414000D4F81401626018441344D4F82021C4F850
:10415000242108F10108D4F81C212360B8F1400F94
:10416000C4E947C2C4E944E6C4E94231C4F81801CD
:1041700005F10405ACD157F8043F59F8042F134456
:104180003B60009BBB42F6D104A84FF49471FFF74B
:104190001FFE00204FB0BDE8F08F2B6855F8382C7B
:1041A00055F8341C4FEAF34080EA734080EA9320CC
:1041B00055F8143C134418444FEAB14383EAF11311
:1041C00083EAD103184490E79C7600004FF07043D7
:1041D00093F8E02F062A09D1D3F8E83FC3F303137D
:1041E000033B042B02D8024AD05C70470020704782
:1041F000677F0000024AD2F80034002BFBD07047E2
:1042000000E0014010B502F046FF40B14FF080538E
:104210008E4AD3F82433C3F30423C2F84035FFF7A2
:10422000D5FF10B18A4B8B4A5A6702F034FF48B170
:104230004FF080534FF08042D3F84432C3F34233FF
:10424000C2F83C35FFF7C2FF30B1834AD2F8FC30E8
:1042500023F08073C2F8FC3002F01DFF40B14FF034
:1042600080430022C3F80C21C3F81021C3F838257D
:10427000FFF7ACFF20B14FF080430322C3F8A02525
:10428000FFF7A4FF60B1754B0522C3F81026012289
:10429000C3F888260022C3F818263F22C3F8142644
:1042A0004FF08053D3F83021511C09BF4FF07043B9
:1042B000D3F8343193F8E02FD3F8E83F08BFC3F3C5
:1042C0000313062A4DD1033B042B03D8644AD35C65
:1042D000002B46D04FF08052624BD2F80414C3F842
:1042E0002015D2F80814C3F82415D2F80C14C3F81A
:1042F0002815D2F81014C3F82C15D2F81414C3F8EA
:104300003015D2F81814C3F83415D2F81C14C3F8B9
:104310004015D2F82014C3F84415D2F82414C3F879
:104320004815D2F82814C3F84C15D2F82C14C3F849
:104330005015D2F83014C3F85415D2F83414C3F819
:104340006015D2F83814C3F86415D2F83C14C3F8D9
:104350006815D2F84014C3F86C15D2F84424C3F899
:10436000702502F098FE48B14FF080534FF0804224
:10437000D3F8583203F04F03C2F8E43E02F08BFE4C
:1043800048B14FF08043D3F80024D20744BF6FF008
:104390000102C3F800244FF08053D3F83021062ADD
:1043A00026D1D3F83431033B042B02D82E4AD35CF8
:1043B00063B12E4AD2F83C3743F48063C2F83C37ED
:1043C0004FF08053D3F83031062B11D14FF080538A
:1043D000D3F83431033B042B02D8254AD35C3BB1DC
:1043E0004FF01023D3F808224FF08043C3F858252C
:1043F0004FF01023D3F80022002A03DBD3F8043255
:10440000002B22DA1B4901234FF01020C1F804359C
:104410001524FFF7EFFEC0F80042FFF7EBFEC0F8EF
:104420000442FFF7E7FE0023C1F80435FFF7E2FE80
:10443000BFF34F8F0849104BCA6802F4E062134380
:10444000CB60BFF34F8F00BFFDE710BD00300140D0
:1044500000C007400DF0ADBA00ED00E00050004094
:10446000627F000000C000405D7F0000001000403F
:10447000587F000000E001400400FA0530B50468F0
:10448000CCB1BFF35B8FB4FA84F3C3F11F03DBB28B
:1044900001229A4024EA020250E8005FA54204D1BA
:1044A00040E8002CBCF1000FF6D1BFF35B8FE6D1E2
:1044B00002480B7030BD0248FCE700BF0000AD0BA6
:1044C0000200AD0B10B50368CB40DB0714D4012309
:1044D0008B400268BFF35B8F43EA020150E8004F54
:1044E000944204D140E8001CBCF1000FF6D1BFF3A8
:1044F0005B8FEED1014810BD0148FCE70000AD0B19
:104500000400AD0BF7B5044618B1012823D003B061
:10451000F0BD4FF080430222C3F808230122DA6085
:10452000C3F80401D3F80431064601238DF807309F
:1045300042F210754FF08047D4B1012CE7D1D7F883
:104540000C3403F48033AEBB83B3012002F0B2FD20
:10455000013DF4D12AE04FF080430022C3F8080364
:104560005860C3F80021D3F800310DF10706DCE7ED
:10457000D7F8183403F480333EB9002BC7D001209C
:1045800002F098FD013DF3D1C1E7D7F8182402F0FD
:1045900003023260002BBAD09DF80700012803D136
:1045A00002F088FD013DC7D1012CB0D1054B00229E
:1045B0005A71ACE7D7F80C2402F001023270002BDC
:1045C000EAD1F3E714130020044B1A7922B901222F
:1045D00018609A8002487047024870471413002000
:1045E0000000AD0B0C00AD0B08B5074B1B682BB1E1
:1045F0000020FDF71BFD08B9FDF7F6FC4FF08043E6
:104600000022C3F8182508BD1413002038B5B0B136
:10461000012855D14FF080420023C2F80031D2F872
:104620000021304A03F18043012119602E4B1B68A1
:10463000002B50D04FF08043C3F8040340E04FF00C
:104640008043D3F81814D3F81824C8032AD502F0ED
:104650000303012B04D013B10020FFF753FF002305
:104660004FF08042C2F818350023C2F80431D2F866
:1046700004311E4AD2F8FC0040F08073C2F8FC30CE
:104680001B4B1C6844F0010119605D685968491BA7
:10469000B1F50A5FFAD31C60C2F8FC000823154A82
:1046A0000220BFE7D3F81424D107D8D5D3F81C24AF
:1046B0009207D1D40C4A12681AB10222C3F804231B
:1046C00038BDD3F80421002AFBD00022C3F804210E
:1046D000D3F80431F4E71368002BFCD000231360F7
:1046E0001368EDE7000100401413002000ED00E026
:1046F000001000E00401004010B54FF08043D3F8F3
:1047000000216AB10022C3F80021D3F80021012260
:10471000C3F80823114B587910B95A711B68984790
:104720004FF08043D3F8042172B10022C3F8042172
:10473000D3F80421D3F81824D3F81824920704D10D
:104740000122C3F818259A6010BD0222C3F808237D
:10475000024BBDE810401B680120184714130020CD
:1047600070B500F108030C4C34F81330DA05054637
:104770000E4607D5C3F3432304EBC30254F833308A
:1047800052689847A3682BB1E26831462846BDE8D5
:104790007040184770BD00BFEC04002010B4C0B2D8
:1047A000114A083032F81030D9051BD5C3F3432124
:1047B00023F4F85322F8103002F10E04002034F8EC
:1047C000023F13F4807F03D0C3F34323994209D0FF
:1047D00001302028F3D1002342F83130034810BCC7
:1047E000FFF770BE10BC7047EC04002044050020A9
:1047F000F0B5054600200446012607468C420BD141
:10480000114BD3F87C2132B10022C3F87C21D3F8BC
:104810007C3140F00040F0BDE3B29B0003F58072B4
:104820009B0806FA03F31D420BD002F1804202F509
:10483000C042D2F800C0BCF1000F02D0176012686D
:1048400018430134DAE700BF00600040CBB20246F3
:10485000083308460C4931F81330990611D59907E9
:104860000FD410685B0B01219940C0F8081312683F
:1048700002EB8303D3F8102522F00302C3F81025BE
:104880007047002102F06DBCEC040020F7B5CDB2FA
:10489000174E0835074636F81530DB070C4624D589
:1048A000FFF7D4FF36F815309A0606D55B0B3A6849
:1048B00003F5A273002142F823102046FFF76EFF94
:1048C000002301A826F81530019402F0F7FB019BA4
:1048D00000EB8300074BD0F80027134043F002039E
:1048E000C0F80037044803B0F0BD0448FBE700BF40
:1048F000EC040020F0F8FCFF0000AD0B0400AD0B51
:104900002DE9FF41136807460C461546FBB1CEB2B0
:10491000DFF83C81083638F8162002F02202222AFD
:1049200022D00022CDE900228DF80E208DF80F2034
:104930000DF10E010DF10F02204602F0C9FB38F80F
:10494000163023F0020343F0010328F816306B6899
:104950004BB393F800C05A683D4EE3B2083336F8C3
:104960001310880702D5B2B13A481FE021F02001A8
:10497000C904C90C26F813106AB1BCF1030FF3D8AF
:104980006A68386852681278BCF1000F11D102F5DC
:10499000A27240F822C036F8132022F01C0242EA2C
:1049A0008C0226F81320AB6843BB2B4804B0BDE84B
:1049B000F08100EB820041EA4231D0F810E52EF0A0
:1049C000030EC0F810E53F6807EB820741F02001B5
:1049D000D7F8100526F8131020F4473020F4407063
:1049E000C7F810052002D7F810E500F4F85040EAA7
:1049F0000C4040EA0E00C7F81005CCE7D3E9006789
:104A00002046FFF7CBFE002ECFD0114DD5E9002375
:104A1000964203D19F4201D1002209E00F480DF1D7
:104A20000F01FFF72BFD0C4B9842BFD19DF80F20D3
:104A300045F83260E4B205EBC20308345F6035F834
:104A4000143043EA422343F4807325F81430ACE772
:104A5000EC0400200400AD0B0000AD0B4405002069
:104A60002DE9FF4107460C461E4612B3CDB2DFF8D2
:104A7000D080083538F81530980701D4990621D42C
:104A800013F01C0F02D05378012B1BD001238DF89B
:104A90000F300023CDE900230DF10F01931C2046B8
:104AA000013202F015FB38F8153043F0030328F803
:104AB0001530002E42D0E1B2214D083135F81120D9
:104AC000930703D41F4804B0BDE8F08196F800E0D6
:104AD000D7F800C022F020020EF5A270D204002305
:104AE000D20C4CF8203025F8112096F801C0BCF10A
:104AF000000F23D03868B67800EB8E004FEA0C4CDC
:104B0000D0F8103523F4981323F4F853C0F8103577
:104B1000230203F4F8530CF4403C3605D0F810752A
:104B200043EA0C0306F4801642EA4E32334342F065
:104B300020023B4325F81120C0F810350248C2E797
:104B4000EC0400200400AD0B0000AD0B014BC3E9E9
:104B500002127047EC040020C9B20831044B33F84C
:104B60001130990643BF5B0B02481370024870472F
:104B7000EC0400200000AD0B0400AD0B70B5164D29
:104B800095F8604006462CBB2146402205F11000F6
:104B900000F06BFF30682E6D21468E420ED100234F
:104BA000C0F87C31D0F87C3140F30730FDF71CFAB7
:104BB00001230A4885F86030AB6570BDCBB29B001D
:104BC00003F580727C2B08BF845001F1010108BFFE
:104BD0008358E2E70248F0E7EC0400200000AD0B48
:104BE0000C00AD0B034B93F86000003818BF012098
:104BF000704700BFEC0400200148FFF763BC00BF12
:104C0000400500200148FFF739BC00BF40050020E7
:104C100073B503680C46D3F804130029A4BF4FF002
:104C20000041C3F80413E3B21D49083331F81330CF
:104C300099061AD513F0020617D15B0B9C00056884
:104C400004F580716E50695801682144D1F810450F
:104C500044F00104C1F810452AB10168012202FAAA
:104C600003F3C1F8043302B070BDC3F38203042B15
:104C700012D0052B12D001A8019402F01FFA019A5C
:104C8000D0F81035D34003F00103991C204602B040
:104C9000BDE8704002F065BA0321F7E70221F5E7AD
:104CA000EC0400202DE9F347544B554FD3F804038F
:104CB000396DC0B240F00040FFF79AFD051E18DACA
:104CC0000023F96D0093684602F05AFA4FF001088C
:104CD00097F85C30DA075AD4396D4FF00040FFF78F
:104CE00087FDF96D684602F04BFA0028F0D125F0F7
:104CF00000450124002D69D102B0BDE8F08794FA87
:104D0000A4F4B4FA84F4E00804F1080304F0070200
:104D100037F813901DF80030019408FA02F223EAE4
:104D200002030DF8003001A802F0C8F9019B03F559
:104D3000E0734FEA990150F82360C9F3820A4B07E8
:104D4000D146C6F3014626D520465146FFF708FD59
:104D500001A8019402F0B2F9019B03F5E073F6B2E9
:104D600050F82330C3F301439E4207D1002120466F
:104D700002F0F7F93146204602F0F3F901A8019458
:104D800002F09CF9019B08FA03F3C0F82035009C5F
:104D9000002CB4D1A0E7022E0CD10321204602F052
:104DA000E0F90AF00503012BE8D149462046FFF758
:104DB000D7FCE3E70221204602F0D3F9BAF1030F52
:104DC000F3D0032EDAD1BAF1020FEDE795FAA5F38D
:104DD000B3FA83F304FA03F29B0003F1804303F573
:104DE000C04325EA0205D3F81005D3F81015C0F327
:104DF0000420C1F30141FFF7B3FC7BE700600040F2
:104E0000EC040020044AD2F80034DB07FBD5016033
:104E1000BFF35F8F704700BF00E001404FF0805349
:104E20001A69B0FBF2F302FB130373B9084B0222B9
:104E3000C3F80425C3F80805D3F80024D207FBD52E
:104E400000220448C3F8042570470348704700BF98
:104E500000E001400000AD0B0A00AD0B10B5054CA1
:104E60000123C4F80435FFF7CDFF0023C4F804354F
:104E700010BD00BF00E0014010B5144CA822002175
:104E8000204600F0F2FD03232361114A6361114BB8
:104E9000A261E3614FF4806323620023A362636233
:104EA000E36222660C4A62661022A2662367E3660A
:104EB0006367BFF35F8F094A12F8011DE1540133A4
:104EC000102BF9D1BFF35F8F10BD00BF100400207D
:104ED0006C7F00001000002000000020857F000093
:104EE000F8B5144B182700FB07751D4407FB00336A
:104EF0000E46DB6A012B14460AD0022B14D023B9CC
:104F0000284602F05DF9844208D900242046F8BD05
:104F1000284602F055F9844228BF0446224631460D
:104F2000284602F056F9F1E72846BDE8F84002F0BD
:104F30006DB900BF10040020F8B50B4B1B78044678
:104F40000D4616460BB9FFF797FFEFF311874FF0A9
:104F5000200181F31188324629462046FFF7C0FF21
:104F600087F31188F8BD00BF1004002038B5094B45
:104F700053F82040013053F82050A54200D838BDE6
:104F8000636823B1204602F09FF90834F5E72368EF
:104F90009847FAE79C77000008B50A4B01220320E6
:104FA0001A70FFF7E3FFFCF74DFE02F0A9F90420A9
:104FB000FFF7DCFFFBF7FCF9034A137B23F0010347
:104FC000137308BD232C00208005002008B503487A
:104FD000034A0021121A02F08FF908BD6005002073
:104FE000242C002008B50020FFF7C0FF184B83F3E6
:104FF0000888184C636943F4007363610025E0235B
:1050000084F82230E57725766576A57684F82050F9
:10501000636A43F4E023636284F82350FCF750FF93
:10502000FDF75EF84FF0FF33A362E362FDF7F2F89D
:10503000FDF77AF802F022F90120FFF797FF02202E
:10504000FFF794FF04482B462A462946FDF730F81F
:105050002834002000ED00E0994F000008B5064814
:10506000064A0749121A02F049F9BDE80840054A04
:105070000549064802F042B9C0040020600500203E
:10508000907F000000000000887F0000C004002026
:10509000034B1B680BB9FEF707B90020704700BF30
:1050A0001C13002030B570B10B4B5B6898420AD0DE
:1050B000036843B1D3E90421D0E90445121941EB57
:1050C0000501C3E90421D0E9003213605A600023CE
:1050D000C0E9003330BD00BF5005002010B50E4BB5
:1050E0001C689C4204D1FFF7D3FF6FF0004010BD55
:1050F000FFF7CEFF002CF8D0D4E904321B1A62EB84
:10510000E072B3F1004F72F10001EEDA002AACBF99
:1051100018460020EBE700BF500500202DE9F84FAE
:10512000EFF3118C202383F31288BFF36F8FDFF826
:10513000ACA0DFF8AC902B4FC9F80000DAF8000003
:105140000024504508BF00200025D7E90021D9F8E8
:105150000030E04678B3D0E9046C4FEAE37EB34216
:105160007EEB0C0B05DAF61A6CEB0E04C0E9046456
:1051700021E0B21841EBE671C0E90445C7E900211E
:10518000FFF790FF88F31188BFF36F8F836898470C
:10519000EFF31188202383F31288BFF36F8FD9F8C0
:1051A0000030DAF800009B1B5045C446C9F80030B7
:1051B000CBD1D7E900219A1841EBE3730024C7E96A
:1051C0000023C9F80040FFF789FF2146FEF73EF8AB
:1051D00088F31188BFF36F8FBDE8F88F500500206A
:1051E0001C1300200006002070470020704730B5D7
:1051F00083688B4285B0044615460ED96368C06843
:10520000194401AA00F030FD28B96268019B9B1A7D
:105210002B60029B6B6005B030BD6FF02100FAE798
:105220002DE9F7430E4617469946044628B94FF034
:10523000FF38404603B0BDE8F0830029F7D0002ACC
:10524000F5D0CB680D891D4404230DEB03022946DC
:10525000384600F032FB80460028E8D1BDF8041043
:10526000738946F60812914225D1BDF8061099427D
:10527000DDD104230DEB03022944384600F01DFB69
:105280000028D4D1BDF8042046F607139A42CED1A7
:10529000C4E900679DF82830A4F80890A3727389C8
:1052A000BDF806202B44E360738913442B44043576
:1052B00063612561BDE7002BE4D0B8E72DE9F34138
:1052C0000E4617461D46044620B94FF0FF3002B087
:1052D000BDE8F0810368002BF7D04368002BF4D0C1
:1052E0004FF6FF78D4E904239A4216D223685B89EB
:1052F00023B1E368934204BF04332361042321698B
:1053000060680DEB030200F0D8FA0028DDD1A37A23
:105310002BB1D4E903329A4201D30120D7E7238984
:10532000BDF80610434501F1040203D0BDF804C0E6
:105330009C450BD115B1BDF804302B802369043393
:1053400033603980236913442361C0E72369134420
:105350002361C7E748B103683BB143682BB1C0681C
:10536000884294BF0020012070474FF0FF30704703
:1053700000F060BB4FF4C07358433030704710B535
:10538000044600F0DCFAA3684FF4C072303B02FB25
:10539000103010BD70B50D46044600F04CFD2A4695
:1053A000A0F1080104232046BDE8704000F085BA52
:1053B00013B50446019100F03EFD0423A0F108015D
:1053C0000DEB0302204600F079FD02B010BD70B570
:1053D00013460E461546002102460446FBF774FDAF
:1053E00050B92B4604F12C0201212046FBF76CFD3D
:1053F00010B1002E08BF002070BD73B50446002018
:105400000D461646FBF754F86946C0B2FCF7C2FBDE
:1054100030BB2C2303FB05440098E36825891D4419
:1054200004230DEB0302294600F047FAC0B9BDF88A
:1054300004206489009846F608139A4215D1BDF8F5
:1054400006309C420CD104230DEB0302611900F0DD
:1054500034FA28B9BDF8042046F607139A4207D05B
:10546000009800F029FA02B070BD002CF2D0F7E7E6
:10547000BDF80610214429443160F1E737B50446F0
:10548000426A802501A902200195FCF7ABFB58B9BF
:10549000019B226DA36201A906200195FCF7A2FBE6
:1054A000054628B1092500E00125284603B030BD96
:1054B000019B206A636500F042FAE065F5E701238D
:1054C000036003F1012343600023C0E90233704706
:1054D0004379012B07D10368012B04D10079431EC6
:1054E000584258417047002070477FB506460D4628
:1054F000022001A9FCF74EFB38BB0198FFF73FFFE4
:10550000F16D0446284600F0D0F80444019800F0FC
:1055100016FA0646019800F019FA082201460DEB2A
:10552000020000F0A2FA2B798DF80830214601988C
:10553000334602AA00F0D6F9041E019818BF0124D0
:1055400000F0BAF9204604B070BD0124FAE700F07B
:10555000DEB92DE9F8430E46002107460846FAF762
:10556000A7FF012104460020FAF7A2FF33789C42EE
:1055700021D0984221D101252C2303FB0575F86D1C
:10558000AC6AFFF7F7FE013C07464FF000086B6A74
:1055900003EBC40253F83410D2F804901B684A4657
:1055A000C91A3046C844FFF7D2FFB84504F1FF34AA
:1055B000EDD3BDE8F8830025DEE70120F9E737B534
:1055C00015460C460620694600F0BBFCE979012926
:1055D00003D00022204600F0C8FC9DF80330012BC8
:1055E00002D1204600F0A0FCA9682046FFF7E0FEAB
:1055F0002046FDF77BFE002003B030BD73B50D469D
:105600000646FBF767FD0446E86050B302282DD13B
:1056100001A9FCF7BFFA58BB01982A463146FBF7AF
:10562000B9FC0446D0B9019800F005FC01230146FD
:105630000DF10302019800F040F90446A0B9019869
:1056400001220DF1030100F00AFC10B101238DF8D5
:1056500003309DF8033003F00F03EB71019800F065
:105660002BF9204602B070BD0124F7E70724F8E7C4
:105670000124F6E738B5436A0446C06D5D68FFF75C
:1056800079FE0246A06A002301382B449A4201D9D0
:105690000138FAE738BD436A00205A6803461344CC
:1056A0008B4200F10100FAD3704710B543790279BB
:1056B000012B14BFCB01002302F1FF3201FB0233A7
:1056C000026814BF4C000C46013A04FB023010BDC6
:1056D000002070470FB407B504A951F8040B0191DD
:1056E000FBF714FF03B05DF804EB04B07047038BC5
:1056F00013F0070305D10368002B0CBF0020032023
:105700007047022B05D1408BB0FA80F04009800031
:105710007047012B05D10368002B0CBF002005202A
:1057200070470020704710B50C4600B111B96FF0FA
:10573000150010BD081D00F093F80028F9D1A368EA
:10574000032BF6D9F3E72DE9F0410D46074619463C
:10575000281D90461E4600F094F8044638B13346A2
:10576000424629463846A446BDE8F0416047BDE8B8
:10577000F08110B4EFF31182202484F31288BFF378
:105780006F8F416110BC0121FCF7F0B838B50C46B1
:10579000054658B151B10B6843B14B6833B11C2277
:1057A000002100F062F92C61002038BD6FF0150077
:1057B000FBE770B505460E46FFF7B5FF041E14DB88
:1057C000EFF31182202383F31288BFF36F8F6B8B6B
:1057D0002C8B4FF6FF718B4204F0070407D182F344
:1057E0001188BFF36F8F6FF00A04204670BD022C42
:1057F0000CD101336B8382F31188BFF36F8F0023C9
:10580000224631462846FFF79EFFEEE7062C14D8C5
:10581000DFE804F004131313041A040000233360B8
:105820006B683BB9C5E90066ACB902212846FCF7B4
:105830009DF8DAE71E606E60F6E782F31188BFF329
:105840006F8F6FF00404D0E782F31188BFF36F8F7E
:105850006FF08504C9E782F31188BFF36F8FC4E747
:10586000034658B1426802F00302012A03D0032A1A
:1058700004D1026812B10020986070476FF01500E3
:1058800070474268816002F00302032A4FF0000271
:1058900003460CBF006810465A60704770470FB44B
:1058A00007B504A951F8040B0191FBF72FFE03B0D3
:1058B0005DF804EB04B070477047002930B404462B
:1058C00018460BDBA5680844A84207D8E06864685E
:1058D000214484682468A44630BC60476FF01500FA
:1058E00030BC7047002930B4044618460BDBA5686D
:1058F0000844A84207D8E068646821448468646862
:10590000A44630BC60476FF0150030BC70470029DA
:10591000034610B410460BDB9C680844A04207D82D
:10592000D8685B68194483689B682BB110BC184722
:105930006FF0150010BC70476FF05700FAE708B51C
:10594000C0688368DB689847006808BD08B5C06810
:105950008368DB689847407908BD70B54C68036878
:10596000A34201D2012070BD8A682244934201D330
:105970000020F8E7D1E903254E69B54203D36FF063
:105980000B038B61F4E71B1B42F835304368086951
:1059900002EBC00253600B6901330B61E2E701289F
:1059A00001D1EFF3058301F080BC01460068FFF7E9
:1059B000F6BF08B5FCF758F9BDE8084000F000B89C
:1059C000704700210120FFF7EABF61B662B680F39D
:1059D0001188BFF36F8F7047EFF31180202383F39B
:1059E0001288BFF36F8F704772B6002383F311885C
:1059F000BFF36F8FBFF34F8F20BF80F31188BFF3CA
:105A00006F8F62B67047202809D9B0F1004F08D8CF
:105A10000138B0FA80F0C0F11F0040007047082044
:105A200070473E207047034600201A5C02B9704759
:105A30000130FAE710B55AB10139841810F8012B7A
:105A400011F8013FA04201D09A42F7D0D01A10BD00
:105A50001046FCE710B5431E0A44914200D110BD28
:105A600011F8014B03F8014FF7E7C9B202440346AE
:105A7000934200D1704703F8011BF9E74FF0FF3064
:105A800070470369C9B20C2201FB0233186C00F0A5
:105A90000700704770B5C9B20369EFF31185202480
:105AA00084F31288BFF36F8F0C2606FB0134246C3D
:105AB00014F0C00408D0A24206D085F31188BFF3C9
:105AC0006F8F4FF0FF3070BD71430B4401221A6499
:105AD00085F31188BFF36F8F43680B445B68984769
:105AE0000020F0E78022FFF7D5BFF8B5069F0469D4
:105AF000C9B2EFF31186202585F31288BFF36F8FAB
:105B00000C2569430C44256C05F0070CBCF1010F12
:105B10000BD1276486F31188BFF36F8FC4E90E237E
:105B200043685B5898470020F8BD05F0C005AF42B8
:105B300086F31188BFF36F8F0CBF6FF077004FF0C3
:105B4000FF30F1E713B580240094FFF7CEFF02B0D9
:105B500010BD6FF08500704710B40069CBB21C24F3
:105B600003FB0400002110BC1047002001F0A4BA80
:105B700038B505460C4601F015FB002D07DBA842A1
:105B800005D9401B84428CBF0020012038BD002075
:105B9000FCE770B50C46154601F00AFB294606469F
:105BA0002046FFF7E5FFB8B1B4FBF6F306FB13435D
:105BB00093B9B5FBF6F306FB13536BB9AE4201D9AB
:105BC000002070BD01F0F4FA06462046FFF726F9E2
:105BD000AD1B3444F9D1F3E76FF01500F1E770B570
:105BE0000D462846194616461C46FFF7C1FF38B138
:105BF00024B1224629463046FFF72CFF002070BD15
:105C00006FF01500FBE7F7B51C46164600238268C7
:105C10002360A36013690D4601AA69469847019B5A
:105C20005A1E01921BB96FF0150003B0F0BD009829
:105C3000A26847682168676085B9B31AD0F800C0C8
:105C4000634528BF63461A4403FB07112160A26025
:105C500002689A4206D808300090E0E76B1AB3FB5E
:105C6000F7F3EBE70020E0E713460022FFF7CBBF96
:105C70002DE9F047836886B01B698846914601A9E3
:105C800002AA98470024A2462546029BAB4202D8AE
:105C900006B0BDE8F087019F07EBC50700267B68CB
:105CA00004933A68B2420AEB060302D801359A46D9
:105CB000EBE703940593494603A8C0470028E7D0C3
:105CC000049B01361C44ECE743685B68D3F810354D
:105CD0000B600020704743685B6802EA010021EA1C
:105CE0000201C3F80805C3F80C150020704743688B
:105CF0005B680020C3F80815704743685B680020A4
:105D0000C3F80C15704743685A68D2F8043521EA85
:105D100003000B40C2F80805C2F80C35002070479C
:105D200010B503695868F8B1884219D19C680868B1
:105D30005860A14200D19860002008602AB15A68DA
:105D40000A609A68596002B99960002010E08142A7
:105D500006D10868206098688142EDD19C60EBE72D
:105D6000044600680028F2D1002AE8D16FF015003F
:105D700010BD30B543681360057A446804EBC50470
:105D8000A34202D36FF0010030BD5C798C4201D098
:105D90000833F0E70020F7E700F150039B009BB2C7
:105DA00003F1804303F5883300221A601B687047B3
:105DB0002DE9F0434FF080430446884685B0012723
:105DC00044EA080400EB0109C3F80876050B102229
:105DD00000216846C4F30B04FFF747FE4FEA19366B
:105DE00024B9B9F5012F01D2B54210D96FF01500D1
:105DF0001EE06A0904AB03EB820205F01F0352F8B0
:105E0000101C07FA03F30B4342F8103C0135B5426E
:105E1000EFD14FF08043009AC3F80026019AC3F8EF
:105E20000426029AC3F81026039AC3F81426002009
:105E300005B0BDE8F0838068183820F007001038FE
:105E40007047042809D0052803D1481E18BF012037
:105E50007047431A5842584170470120704738B57F
:105E600015460C4661B15AB1FFF770FD2544214635
:105E700011F8013B834203D1A942F9D1012038BD79
:105E80000020FCE738B50C460123114622460546A2
:105E9000FFF713FD00280FDB012221462846FFF7FC
:105EA000DEFF38B92378012B14BF022301232370AE
:105EB000002038BD0323FAE70120FAE72DE9F74374
:105EC0001D4606460F469046FFF739FD6C1E0444FA
:105ED00040420440082C1AD83046FFF737FD2A46C6
:105EE000814641466846FFF7B5FD621B49460DEB0A
:105EF0000500FFF7BAFD23466A4639463046FFF7EC
:105F0000F1FC003818BF012003B0BDE8F0834FF06A
:105F1000FF30F9E707B501238DF8042001AAFFF748
:105F2000CDFF03B05DF804FB81681839012221F030
:105F30000701FFF7EFBF8268183A22F00702FFF768
:105F4000A1BF13B50C46C0B201A9FBF723FE50B99F
:105F500021460198FDF7EAF904460198FFF7ACFCE9
:105F6000204602B010BD0124FAE713B541EA021140
:105F700004468DF80710FFF75EFF012301460DF17F
:105F800007022046FFF79AFF02B010BD816818395A
:105F900021F0070101220839FFF7BCBF70B5046882
:105FA0000D1B002D02DC6FF05F0070BD94F90060E6
:105FB0002378002E0ADB631C0360237813600368D8
:105FC000C91A13688B42EED80020EEE703F07F0376
:105FD0005C1E032C13D89D42E5DD00241460046888
:105FE0000134046004681568247844EA05241460C8
:105FF0000468013B04F101040460F3D1DFE76FF0B2
:106000006300D2E770B404680E1B002E07DD26780B
:106010009E4208D10134046070BCFFF7BFBF6FF02F
:106020005F0070BC70476FF06100FAE773B5022340
:10603000154601AA0446FFF7E5FF40B9019E216815
:106040003246284600F0A6FB23683344236002B0A2
:1060500070BD0139002901DA0020704750F8213065
:10606000002BF6D0B3FA83F00131C0EB411070473A
:1060700039B101F18041013900EB810181420346D0
:1060800000D270471B680A681BBA12BA40F8042B8A
:1060900041F80439F2E72DE9F0411C4613F00303FF
:1060A00018BF012303EB94038B4206460D4690462E
:1060B00013D879B18F003A460021FFF7D6FC2CB1F6
:1060C000381B224641463044FFF7C4FC294630467F
:1060D000FFF7CEFF0020BDE8F0816FF00700FAE780
:1060E000B3EB810F70B504464FEA8105104619D90C
:1060F0005A1B86180021FFF7B8FC30462B46C21801
:1061000000218B4210D1002070BD22F0030102F06B
:1061100003066158F600F140C9B281B90132AA42C2
:10612000F3D1ECE71A46FAE721F0030001F003058A
:106130002058ED00E84002F8010D0131E1E76FF071
:106140000700E1E753098B42F0B402F01F0401D8C5
:1061500009D124B18A00F0BC0021FFF786BC1F2AB8
:1061600003D8F0BC70471F2A0AD900EB8302051F31
:1061700000EB8106B24216D1CB1A00228B4217D314
:10618000002CEED000EB81010022C4F120068142F8
:10619000E7D051F8045C25FA04F3134341F8043DB9
:1061A00005FA06F2F3E752F8047B45F8047FE1E7CD
:1061B00040F823200133E1E71F2AF0B54FEA5214DB
:1061C00002F01F0512D96FF0030606FB04060B460A
:1061D0009C4203F1FF3212D3631A8C4288BF002322
:1061E0000B4400EB8303002283420ED135B100EB58
:1061F00084000022C5F120078C4209D3F0BD56F877
:10620000223040F822301346E2E743F8042DEBE752
:10621000066806FA05F3134340F8043B013426FAF6
:1062200007F2E9E7F0B50024844620469C4200D1FD
:10623000F0BD51F8245052F824702E182CBF0125BF
:106240000025BF194CF8247045F100000134EDE73A
:10625000F0B50024064620469C4200D1F0BD51F81E
:1062600024C052F82470ACEB0005AF4294BF4FF04D
:10627000000E4FF0010EED1B46F8245084452CBF54
:1062800070460EF101000134E6E78B422DE9F0473C
:1062900028BF0B469646DE08089A0446C91A03F042
:1062A000070875460346B44600200CF1FF3CBCF1DC
:1062B000FF3F03F1200305F1200511D104EB461443
:1062C0000EEB46164FEA880C06EB880E25467645FF
:1062D00040F081806444013980F08B80BDE8F08714
:1062E00055F8207CA2FB079710EB090953F8200C06
:1062F00047F1000710EB090043F8200C55F81C0C7F
:1063000047F10007A2FB00093F1853F81C0C49F1A4
:106310000009C01943F81C0C55F8180C49F1000984
:10632000A2FB000719EB000953F8180C47F100070E
:1063300010EB090043F8180C55F8140C47F100074E
:10634000A2FB00093F1853F8140C49F10009C019C9
:1063500043F8140C55F8100C49F10009A2FB000792
:1063600019EB000953F8100C47F1000710EB090076
:1063700043F8100C55F80C0C47F10007A2FB00097C
:106380003F1853F80C0C49F10009C01943F80C0CE4
:1063900055F8080C49F10009A2FB000719EB0009A8
:1063A00053F8080C47F1000710EB090043F8080CFC
:1063B00055F8040C47F10007A2FB000A17EB00098F
:1063C00053F8047C4AF1000017EB090740F1000084
:1063D00043F8047C69E756F8043BA2FB0337C31873
:1063E000286847F10007C31845F8043B47F100004F
:1063F0006DE723681B1844F8043B2CBF01200020E4
:1064000069E70168881C400000F008000844032385
:1064100000FB01F2C2F10202013B02FB00F0F7D1E6
:10642000404270472DE9F04F87B091460493109B8E
:106430000293DDE91183139D05934FEAC802834659
:106440008A46043200212846FFF70FFB08F10203B9
:106450002E4600240393444515D105EB84012346C1
:10646000029A51F824505846FFF7F2FE6840FDF7B3
:1064700033F8A6000A4600235946109607B0BDE837
:10648000F04FFDF7C5BA5AF82430D9F80020376824
:106490000399009302FB0377059A049B5743304608
:1064A0004A46FFF7F2FE3046DDE9022100974346F7
:1064B000FFF7EBFE04360134CDE738B50D46012178
:1064C000044600F031F988B9E9882046890100F0D6
:1064D0007DF958B92A462146204600F02FFB28B9FD
:1064E000E9882046BDE8384000F0B8B838BD490119
:1064F000502934BF01220322012393400333584320
:106500000130704710B586B00B9C04940A9C03942C
:1065100000240294099C0194089C0094FDF700F863
:1065200006B010BD10B586B00B9C04940A9C039471
:106530004FF02A340294099C0194089C0094FCF7C3
:10654000EFFF06B010BD30B50546104600229A4256
:1065500000D130BD51F82240241A45F8224034BF02
:10656000012000200132F2E7034600EB8101002008
:106570008B4201D1FCF7B0BF53F8042B1043F7E76F
:106580001FB5089C0394069C0092CDE90134079A3C
:10659000FFF748FF04B010BD30B587B01C460B9D17
:1065A00003950A9D00920123CDE9014505AA0593B3
:1065B000FFF738FF07B030BD00220123C0E90023F8
:1065C000704710B5044648B1006818B1E1888900E9
:1065D00000F0DDFB00220123C4E9002310BD42F2DC
:1065E0001073994270B504460D4602D96FF00F0042
:1065F00070BDC3888B4201D30020F9E704212846EF
:10660000FDF7F2FB06460028F0D0216841B1E28890
:106610009200FFF71FFAE1882068890000F0B7FBBD
:10662000E5802660E8E738B504460D4619B9FFF75E
:10663000C8FF002038BDC2888A4207D10068920096
:106640000021FFF712FA0123A380F2E7FFF7B9FF59
:1066500029462046BDE83840FFF7C1BF42F210731B
:10666000994270B50A46054602D96FF00F0070BD19
:10667000C3888B4207D8BDE87040FFF7B0BF2968D8
:1066800051F8231011B9013B002BF8D15C1C944246
:1066900038BF144604212046FDF7A6FB0646002815
:1066A000E3D0296839B1A200FFF7D4F9E988286856
:1066B000890000F06CFBEC802E600020D7E7884258
:1066C00070B505460E4609D0C988C28841B92AB1BD
:1066D0000123838092000068FFF7C7F9002070BD96
:1066E0004C1E8CB90134B6F90430AB80A24212D2F0
:1066F00021462846FFF773FF0028F0D1316828684B
:10670000A200FFF7A7F9E9E7336853F82430002B1C
:10671000E8D1013CE5E72868121B9200002100EB5C
:106720008400FFF7A2F9E9E770B50C4601210546A0
:10673000FFF755FF064688B9EA88014692002868A7
:10674000FFF793F984EAE472A2EBE472E40FC4EB7E
:10675000C4342B68640001341A60AC80304670BDCC
:10676000C388B1EB431F3FBF03684A0901F01F0113
:1067700053F822003ABFC84000F0010000207047E3
:10678000C1880068FFF765BC08B5FFF7F9FF07305F
:10679000C00808BD70B50E4612F0030118BF0121F4
:1067A00001EB920105461446FFF73DFF38B9E98831
:1067B000286823463246BDE87040FFF76CBC70BDC8
:1067C00013460A46C1880068FFF78ABC38B50446FC
:1067D0000D46FFF7D5FFE3882844B0EB431F06D8EA
:1067E0002068E1882A46FFF7E7FC002038BD10F05A
:1067F0001F0118BF012101EB50112046FFF7EFFEEA
:106800000028EDD0F2E708B50A46C18811B100684A
:10681000FFF798FC002008BD10B5C38823B9CA88CB
:106820005AB9ABB1012017E0026802EB830252F8BB
:10683000042C002AF3D1013BF0E70C6804EB82043E
:1068400054F8044C0CB9013AEAE79342EAD80FD362
:10685000013B5A1C01D1002010BD026852F82340B0
:106860000A6852F823209442DCD803F1FF33F0D2B7
:106870004FF0FF30F0E730B5C38823B9CA885AB962
:10688000002B3DD136E0026802EB830252F8042C63
:10689000002AF3D1013BF0E70C6804EB820555F8C0
:1068A000045C4DBB013AEAE7B1F9045003D2B1F9F7
:1068B0000400404226E0B0F90420002A03DD002D48
:1068C0000CDA01201EE0002D08DD3AB14FF0FF3058
:1068D00018E003F1FF330BD2504213E0013B016893
:1068E00051F8235054F823108D42F2D9104609E094
:1068F000591CF4D1002005E0002BD8D09342D3D905
:10690000B0F9040030BD1FB581EAE173A3EBE17378
:10691000C90FC1EBC1314900019301310123ADF829
:106920000C10ADF80E3002A901AB0293FFF7A3FFE4
:1069300005B05DF804FB90422DE9F04105460F4695
:10694000144602D0884206D127460123AB80FC883A
:106950003CB9002003E0FFF7B2FE0028F4D0BDE808
:10696000F0813B6803EB84034FEA840853F8043C4E
:106970000BB9013CECE721462846FFF730FE002822
:10698000EDD12E683A68234631463046FFF74AFC7F
:1069900006EB08030746002FDBD0EA88A24204F189
:1069A000010608D831462846FFF719FE0028D6D13F
:1069B0002B6803EB84031A68D21943F8042B2CBF0D
:1069C000012700273446E6E72DE9F041D488054643
:1069D0000E4690463CB9F188A1420ED26FF00907ED
:1069E0003846BDE8F081D8F8003003EB840353F853
:1069F000043C002BEFD1013CECE72846FFF7EFFD0C
:106A000007460028ECD1F28894420BD2AE4209D05E
:106A100031682868121B920001EB840100EB8400AE
:106A2000FFF718F8EA88F088824207D92B68121A13
:106A30009200002103EB8000FFF717F8D8F8002040
:106A4000316828682346FFF703FC024610B901238A
:106A5000AB80C5E72968EB8801EB84011B1B084666
:106A6000FFF771FD0028F2D0B8E72DE9F843B1F93E
:106A70000440B2F804C01CFB04FC66467343814624
:106A80000D4617461CD511462846FFF7C5FEB0F146
:106A900000080DDB3A4629464846FFF795FF98B9AE
:106AA000B8F1000F08BF0124A9F8044000200BE052
:106AB0002A464846FFF788FF30B9644224B2F3E71C
:106AC000FFF739FF0028EFD0BDE8F8830123FFF777
:106AD000CCBF4FF0FF33FFF7C8BF2DE9F341CF889C
:106AE0000546884616463FB1D8F8003003EB8703C9
:106AF00053F8043C3BB146B90021284602B0BDE83A
:106B0000F041FFF711BE013FEDE7791C2846FFF782
:106B100066FD044670B941462846FFF7D0FD04469D
:106B200040B9013E0096D8F80020E98828683B4625
:106B3000FFF7ABFB204602B0BDE8F08170B504461C
:106B40000D46104600211646FFF7DDFE002824DB27
:106B50002A46334621460020FCF7C0FD054638B1E1
:106B6000284670BD324621462046FFF7AFFF90B958
:106B700000212046FFF7C7FE0028F3DB3146204600
:106B8000FFF779FE0028EBDB324621462046FFF76F
:106B9000A0FF0028F2D00546E2E76FF00905DFE725
:106BA0002DE9F04F89B0DDE9125806468B4628469C
:106BB000002191460593FFF7A6FE002805DC6FF043
:106BC0000304204609B0BDE8F08F2B681B68D90785
:106BD000F5D500214846FFF796FE0028EFDB484632
:106BE000FFF7CEFDB0F5006FE9D82846FFF7C8FDE6
:106BF000B0F5006FE3D8B9F8061031B9012130467D
:106C000009B0BDE8F04FFFF78FBDE888FFF76FFCD4
:106C100004218246FDF7E8F80746002800F0AA8024
:106C200000220123CDE906234FEA8A0AB8F1000FBA
:106C30000DD1294606A8FFF740FC044600B3514693
:106C4000384600F0A4F806A8FFF7BBFCB9E7D8F86F
:106C50000030002B6ED106AB18462946FFF72DFCFD
:106C600006AB044640B15146384600F090F8D8F8DB
:106C70000030002BA5D1E6E793E8030088E8030085
:106C800059463046FFF71BFD0446002867D1012313
:106C9000B38029463046FFF7EEFD002857DAE98831
:106CA0003046FFF79CFC0446002858D12868FFF7BF
:106CB000A8FB069B0090029701933168EB882A6835
:106CC00004900846FFF75CFC059B0698B9F806207F
:106CD0003168B3F12A3FEB880192CDE90207D9F878
:106CE000002000922A68084641D1FFF71BFC049B54
:106CF000019700933168EB882A680846FFF74CFC3F
:106D0000BBF904B0BBF1FF3F29D1D9F800301B68B3
:106D1000DB0724D5F1883068FFF726FC01225946AD
:106D2000FCF7CEFC3246B08029463046FFF7CEFE57
:106D3000044614E0E9884046FFF751FC0446002869
:106D400091D198E8030008AB03E9030098E72A46CD
:106D500031463046FFF7F2FE044600289FD05146E8
:106D6000384600F014F8B8F1000F80D16BE7FFF758
:106D7000C9FBBCE76FF00F0423E713B5049CCDE912
:106D800000344FF02A33FFF70BFF02B010BD10B5EF
:106D9000044608B1FDF71CF82046BDE81040FDF799
:106DA00029B800207047704770472DE9F843044622
:106DB000DDE90876914698460D4651B9B9F1000FC4
:106DC00010D1B8F1000F15D1E7B91EBB55BB00209B
:106DD00006E00830FFF773FC0028EFD0A0F58140F3
:106DE000BDE8F883494604F12000FFF768FC00285D
:106DF000E7D0F3E7414604F12800FFF760FC0028E4
:106E0000E2D0EBE7394604F11800FFF758FC002800
:106E1000DBD0E3E7314604F11000FFF750FC002817
:106E2000D4D0DBE704F10800FFF7AEFC6060CEE7EA
:106E300010B5782200210446FEF717FE0023C4E9AE
:106E40001C3310BD4068704710B50446A0B36030D5
:106E5000FFF7B7FB04F16800FFF7B3FB04F148004C
:106E6000FFF7AFFB04F11800FFF7ABFB04F12800BC
:106E7000FFF7A7FB04F12000FFF7A3FB04F11000CC
:106E8000FFF79FFB04F10800FFF79BFB04F158009C
:106E9000FFF797FB04F15000FFF793FB04F140006C
:106EA000FFF78FFB04F13800FFF78BFB04F1300094
:106EB000BDE81040FFF785BB10BD00BA70476C22DB
:106EC0000021FEF7D2BD10B16C21FCF781BF7047E5
:106ED0002DE9F04105460E4614467AB3036C03F0E3
:106EE0003F079B18036422BF436C013343645FB3C5
:106EF000C7F1400842451CD342463844FEF7AAFD7C
:106F000029462846FDF7CAF8C8B92744A7F1400426
:106F10003F2C46440BD90027F1192846FDF7BEF84F
:106F200078B94037E31B3F2BF6D83E441C462CB1C2
:106F3000002722463146E819FEF78CFD0020BDE807
:106F4000F0814FF0FF30FAE73F2AE4D8F1E773B55C
:106F5000036C03F03F035A1C0D46382A4FF08001A2
:106F6000C1540446104400F28480C2F1380200216A
:106F7000FEF77BFDD4E91060730F43EAC000FFF712
:106F80009CFF04220DEB0201019004F13800FEF792
:106F900061FDF000FFF791FF04220DEB020101906B
:106FA00004F13C00FEF756FD21462046FDF776F839
:106FB0000646002857D1A06CFFF77FFF04220DEB97
:106FC000020101902846FEF745FDE06CFFF775FFD2
:106FD00004220DEB02010190A818FEF73BFD206D85
:106FE000FFF76BFF04220DEB0201019005F1080091
:106FF000FEF730FD606DFFF760FF04220DEB02012C
:10700000019005F10C00FEF725FDA06DFFF755FF7F
:1070100004220DEB0201019005F11000FEF71AFDAC
:10702000E06DFFF74AFF04220DEB0201019005F12C
:107030001400FEF70FFD206EFFF73FFF04220190C2
:107040000DEB020105F11800FEF704FDA36E53B924
:10705000606EFFF732FF042201900DEB020105F193
:107060001C00FEF7F7FC2046FFF72DFF304602B06C
:1070700070BDC2F140020021FEF7F7FC2146204618
:10708000FDF70CF806460028EDD1014638222046CF
:107090006EE7002070474FF08053D3F83001421C58
:1070A00004BF4FF0704393F8E00F831F58425841DC
:1070B0007047004700F0DEB8FDF724BA036803F01C
:1070C0001F025B0902600CBF4FF0A0400020704718
:1070D000F7B5019001A8DDE9084716461D46FFF700
:1070E000EDFF019BB6F1000C18BF4FF0010C00EB57
:1070F00083000B1E18BF0123002D43EA4C0314BF6D
:107100004FF00C0C4FF0000C002C43EA0C0314BFA2
:107110004FF4E06C4FF0000C002F43EA0C03D0F862
:10712000002714BF4FF4403C4FF0000C43EA0C031F
:1071300022EA030301B109780EB1367876001943CB
:107140000DB12D78AD0031430CB1247824022943D0
:107150000FB13F783F040C433C43C0F8004703B0F5
:10716000F0BD1FB50DF10F03019300238DF80F1033
:1071700000931A461946FFF7ABFF05B05DF804FB14
:10718000024611F0010007D04FF0A041D1F82035A0
:107190001360C1F8203503B900207047FDF776BBB6
:1071A000FDF754BB4FF080531A695869504370473C
:1071B0004FF08053186970474FF0805358697047FB
:1071C0000369C26893429CBF81685B18013B981AAF
:1071D00070472DE9F041D0E902840546A8EB04068A
:1071E0004068964220440F46144406D9FEF732FC0C
:1071F000BFF35F8FEC60BDE8F0813246A4EB08047A
:10720000FEF728FC68682246B919EFE72DE9F84334
:10721000C5680646894617464FF000083369B468CA
:1072200070689D4228BF1B19641BBC4203F1FF33E9
:1072300028BF3C465B1B9C4228BF1C464946224651
:107240002844FEF707FCB3682544A044A1443F1B33
:10725000AB4208BF0025BFF35F8FF560002FDDD183
:107260004046BDE8F883FDF707BE08B5FFF7FBFF12
:10727000002008BD08B1FBF793B87047704740B1D4
:10728000C368587810F001001EBF1878B0FA80F07B
:1072900040097047EFF31183202383F31288BFF373
:1072A0006F8FFEE708B5FFF7F5FF10B5EFF3118418
:1072B000202383F31288BFF36F8FFFF7F3FF84F36C
:1072C0001188BFF36F8F10BD10B5D0E9003433B90A
:1072D0000020E268537843F00103537010BD20464C
:1072E00098470028F4D00028B8BF4042E368FF2840
:1072F000A8BFFF201870ECE7FEF7B7BBFEF7AABBEC
:107300007047EFF30580003818BF01207047000078
:10731000008EFF7F010000008923000000000000B4
:1073200029240000687300006B7200000000000058
:10733000C92700007C730000E92C00009073000056
:10734000AD26000000000000FD2600000000000047
:10735000E930000000000000937000000000000011
:1073600065270000A47300002F7E0000DC7500007C
:10737000F47500005805002084120020647E00008F
:107380002C760000447600005C050020E01200200E
:107390007A7E000068760000887600005E05002096
:1073A000D40400204A7E0000000000001076000097
:1073B0005A05002000000000F9460000B3700000EC
:1073C00000000000C359000000000000C359000085
:1073D00000000000C359000000000000C359000075
:1073E00000000000C3590000A54C0000B37000006D
:1073F00000000000C359000000000000C359000055
:1074000000000000C359000000000000C359000044
:1074100000000000C359000000000000C359000034
:1074200000000000C359000000000000C359000024
:1074300000000000C359000000000000C359000014
:10744000000000007931000000000000C359000076
:1074500000000000C359000000000000C3590000F4
:1074600000000000C359000000000000C3590000E4
:1074700000000000C359000000000000C3590000D4
:1074800000000000C359000000000000C3590000C4
:1074900000000000C359000000000000C3590000B4
:1074A00000000000C359000000000000C3590000A4
:1074B00000000000C359000000000000C359000094
:1074C00000000000C359000000000000C359000084
:1074D00000000000C359000000000000C359000074
:1074E00000000000C359000000000000C359000064
:1074F000C078000003000000FFFFFFFFFFFFFFFF59
:107500000338FDD8704700000200000006000000AC
:10751000010000006E7C00002C75000002000000DD
:107520000600000002000000060000000E0100003E
:1075300007000000000000000000000000C0000084
:10754000A47300000100000000C000000002000061
:10755000A47300000200000000C0000000A00300AF
:10756000A47300000300000000C20000007E0300BE
:10757000A47300000400000000C20000009E03008D
:10758000A47300000500000000400400002000007B
:10759000A4730000060000000060040000A00300C7
:1075A000A4730000C00400200000000000000B06CF
:1075B00002000000B875000000000000207E0000FE
:1075C0002400020200000020287E00001E000B1193
:1075D000E5230000B5230000000000002525000081
:1075E000A52400003E7E0000812400006B5B0000AB
:1075F000447E0000535B0000E55A0000455B00003C
:1076000000000000835A000000000000000000009D
:10761000DF5B00007D270000935B00005D2700001A
:107620004D2700000400000000FF0000FFFFFFFFE7
:10763000000000500000000000000000006000405A
:10764000000000004D280000C95C0000D75C00006D
:10765000EF5C0000FB5C0000075D0000C929000032
:10766000215D0000000000006C760000002000405A
:107670007876000001000000807600000200000023
:10768000050000000B000001392C00006D2C0000EB
:107690005D2C00000200000006000000982F8A42C6
:1076A00091443771CFFBC0B5A5DBB5E95BC2563954
:1076B000F111F159A4823F92D55E1CAB98AA07D86C
:1076C000015B8312BE853124C37D0C55745DBE728F
:1076D000FEB1DE80A706DC9B74F19BC1C1699BE40F
:1076E0008647BEEFC69DC10FCCA10C246F2CE92D9F
:1076F000AA84744ADCA9B05CDA88F97652513E98C3
:107700006DC631A8C82703B0C77F59BFF30BE0C6C9
:107710004791A7D55163CA0667292914850AB72757
:1077200038211B2EFC6D2C4D130D385354730A65F4
:10773000BB0A6A762EC9C281852C7292A1E8BFA2CB
:107740004B661AA8708B4BC2A3516CC719E892D133
:10775000240699D685350EF470A06A1016C1A419B6
:10776000086C371E4C774827B5BCB034B30C1C39B5
:107770004AAAD84E4FCA9C5BF36F2E68EE828F7474
:107780006F63A5781478C8840802C78CFAFFBE908E
:10779000EB6C50A4F7A3F9BEF27871C61873000021
:1077A00018730000507300005873000068730000E5
:1077B0006873000001000200100011001200200098
:1077C0002100220023002400300031003200330069
:1077D000FFFF77C295F360D2EF7F3552500F2CB682
:1077E000798025633A205374617274696E672062F0
:1077F0006F6F746C6F616465720A0025633A20557F
:107800006E61626C6520746F2066696E6420626FC1
:107810006F7461626C6520696D6167650A0025633C
:107820003A20426F6F746C6F6164657220636861A7
:10783000696E6C6F61642061646472657373206F3C
:1078400066667365743A20307825780A0025633AB5
:10785000204A756D70696E6720746F2074686520AA
:10786000666972737420696D61676520736C6F74EB
:107870000A0025633A2050726F74656374206D634B
:1078800075626F6F7420666C617368206661696CE5
:1078900065642C2063616E63656C2073746172741F
:1078A00075702E0A0025633A204E65766572207346
:1078B000686F756C642067657420686572650A007E
:1078C0006D6375626F6F740025633A20696E76612F
:1078D0006C696420666C6173682049442025643BB0
:1078E0002065787065637465642025640A00000073
:1078F00000000000000025633A20556E61626C654F
:1079000020746F2064657465726D696E6520666CA5
:1079100061736820736563746F72206F662074688A
:107920006520696D61676520747261696C65720AB2
:10793000007072696D617279007365636F6E646166
:1079400072790025633A20496D61676520696E2070
:1079500074686520257320736C6F74206973206EC2
:107960006F742076616C6964210A0025633A2025D2
:10797000642073746174757320777269746520660E
:1079800061696C7320706572666F726D696E6720D5
:1079900074686520737761700A0025633A20466138
:1079A000696C656420746F206F70656E20666C6111
:1079B000736820617265612049442025642028692C
:1079C0006D61676520256420736C6F7420256429C0
:1079D0003A2025642C2063616E6E6F7420636F6E95
:1079E00074696E75650A0025633A204661696C65A5
:1079F000642072656164696E6720736563746F7279
:107A0000733B20424F4F545F4D41585F494D475F94
:107A1000534543544F52533D2564202D20746F6FBE
:107A200020736D616C6C3F0A0025633A20466169E2
:107A30006C65642072656164696E6720696D616759
:107A40006520686561646572733B20496D61676597
:107A50003D25750A0025633A204661696C656420FE
:107A600072656164696E6720626F6F742073746100
:107A70007475733B20496D6167653D25750A002566
:107A8000633A2070616E6963210A0025633A2044DD
:107A90006574656374656420696E636F6E73697382
:107AA00074656E7420737461747573210A002563A4
:107AB0003A2043616E6E6F74207570677261646501
:107AC0003A206E6F74206120636F6D70617469621B
:107AD0006C6520616D6F756E74206F6620736563D1
:107AE000746F72730A0025633A2043616E6E6F747F
:107AF00020757067726164653A206D6F72652073DE
:107B00006563746F7273207468616E20616C6C6F52
:107B10007765640A0025633A2043616E6E6F7420B6
:107B2000757067726164653A206E6F742073616D61
:107B30006520736563746F72206C61796F75740A68
:107B40000062616400676F6F6400756E7365740036
:107B50005072696D61727920696D61676500256396
:107B60003A2025733A206D616769633D25732C20A7
:107B7000737761705F747970653D307825782C205B
:107B8000636F70795F646F6E653D307825782C2067
:107B9000696D6167655F6F6B3D307825780A0053CA
:107BA00065636F6E6461727920696D616765002538
:107BB000633A20426F6F7420736F757263653A2069
:107BC0007072696D61727920736C6F740A0025633D
:107BD0003A20426F6F7420736F757263653A206E3E
:107BE0006F6E650A0025633A205374617274696E82
:107BF000672073776170207573696E67206D6F768B
:107C00006520616C676F726974686D2E0A00256368
:107C10003A204E6F7420656E6F75676820667265D6
:107C20006520737061636520746F2072756E2073B8
:107C300077617020757067726164650A0025633A28
:107C4000207265717569726564202564206279749B
:107C5000657320627574206F6E6C792025642061D5
:107C6000726520617661696C61626C650A003082C0
:107C7000010A0282010100D106081A18442C18E8F2
:107C8000FBFDF70DA34F1FBBEE5EF9AAD24B18D335
:107C90005AE96D188019F9F09C341BCBF3BC74DBE6
:107CA00042E78C7F10537E435E0D572C44D167080A
:107CB0000F0DBB5CEEECB399DFE04D840BAA77416E
:107CC00060ED152849A701B43C10E6698C2F5FAC24
:107CD000414D9E5C14DFF2F8CF3D1E6FE75BBAB4F6
:107CE000A9C8887E473C94C37767544BAA8D383522
:107CF000CA62617EB7E115DB7773D4BE7B722189DE
:107D00006924FBF8656E643EC80ED785D55C4AE4ED
:107D1000530D2FFFB7FDF31339833FA3AED20FA747
:107D20006A9DF9FEB8CEFA2ABEAFB8E0FA8237549F
:107D3000F43EE12BD0D3085818F65E4CC888813148
:107D4000AD5FB08217F28A692723F3AB873E931A9F
:107D50001DFEE8F81A246659F81CABDCCE681B66D9
:107D60006435ECFA0D119DAF5C3AA7D167C647EFB9
:107D7000B14B2C62E1D1C902030100012D002000AA
:107D80002B00307800305800286E696C29002A2AB0
:107D90002A20426F6F74696E67204D4355626F6F82
:107DA000742076322E312E302D6465762D3435399F
:107DB000346138363933373338202A2A2A0A002AE0
:107DC0002A2A205573696E67206E524620436F6ED3
:107DD0006E6563742053444B2076322E382E302D3E
:107DE000613233383662666338343031202A2A2AC9
:107DF0000A002A2A2A205573696E67205A6570681E
:107E00007972204F532076332E372E39392D306238
:107E100063333339336662313132202A2A2A0A0029
:107E2000464C4153485F30005352414D5F30006330
:107E30006C6F636B40343030303030303000686607
:107E4000636C6B006C66636C6B00666C6173682DB1
:107E5000636F6E74726F6C6C657240343030316574
:107E6000303030006770696F40353030303030303E
:107E70003000000102030405060775617274403486
:107E800030303032303030007065726D00746573A0
:107E900074004255473B2063616E2774206861700F
:107EA00070656E007265766572740025633A2053C2
:107EB00065636F6E6461727920696D616765206FBB
:107EC0006620696D6167652070616972202825648C
:107ED0002E2920697320756E726561636861626C1A
:107EE000652E205472656174206974206173206569
:107EF0006D7074790A0025633A20496D61676520C9
:107F0000696E6465783A2025642C2053776170206F
:107F1000747970653A2025730A0025633A20496D0B
:107F200061676520696E6465783A2025642C20536A
:107F300077617020747970653A206E6F6E650A0003
:107F40000401040304020401040104030103030403
:107F50000104092040081C4000000000010000004E
:107F60000101000001010101000000005465726D73
:107F7000696E616C000000000000005454522052F1
:107F80004547474553000000FFFFFFFFFFFFFFFF8E
:107F900001000000FFFFFFFFD15600003475000014
:107FA0007D5A000000C20100000103006B5A00006E
:107FB000A76D0000A96D0000A36D00000000000087
:107FC00000000000000000000000000000000000B1
:107FD00000000000000000000000000000000000A1
:107FE0000000000000000000000000000000000091
:107FF0000000000000000000000000000000000081
:108000000000000000000000000000000800000068
:10801000FF00000000000000010000000000000060
:108020005005002050050020000000000000000066
:0480300015E015E062
:10C000003DB8F3960000000000020000081903008C
:10C0100000000000000001000B0000000000000014
:10C02000FFFFFFFFFFFFFFFFFFFFFFFFFFFFFFFF20
:10C03000FFFFFFFFFFFFFFFFFFFFFFFFFFFFFFFF10
:10C04000FFFFFFFFFFFFFFFFFFFFFFFFFFFFFFFF00
:10C05000FFFFFFFFFFFFFFFFFFFFFFFFFFFFFFFFF0
:10C06000FFFFFFFFFFFFFFFFFFFFFFFFFFFFFFFFE0
:10C07000FFFFFFFFFFFFFFFFFFFFFFFFFFFFFFFFD0
:10C08000FFFFFFFFFFFFFFFFFFFFFFFFFFFFFFFFC0
:10C09000FFFFFFFFFFFFFFFFFFFFFFFFFFFFFFFFB0
:10C0A000FFFFFFFFFFFFFFFFFFFFFFFFFFFFFFFFA0
:10C0B000FFFFFFFFFFFFFFFFFFFFFFFFFFFFFFFF90
:10C0C000FFFFFFFFFFFFFFFFFFFFFFFFFFFFFFFF80
:10C0D000FFFFFFFFFFFFFFFFFFFFFFFFFFFFFFFF70
:10C0E000FFFFFFFFFFFFFFFFFFFFFFFFFFFFFFFF60
:10C0F000FFFFFFFFFFFFFFFFFFFFFFFFFFFFFFFF50
:10C10000FFFFFFFFFFFFFFFFFFFFFFFFFFFFFFFF3F
:10C11000FFFFFFFFFFFFFFFFFFFFFFFFFFFFFFFF2F
:10C12000FFFFFFFFFFFFFFFFFFFFFFFFFFFFFFFF1F
:10C13000FFFFFFFFFFFFFFFFFFFFFFFFFFFFFFFF0F
:10C14000FFFFFFFFFFFFFFFFFFFFFFFFFFFFFFFFFF
:10C15000FFFFFFFFFFFFFFFFFFFFFFFFFFFFFFFFEF
:10C16000FFFFFFFFFFFFFFFFFFFFFFFFFFFFFFFFDF
:10C17000FFFFFFFFFFFFFFFFFFFFFFFFFFFFFFFFCF
:10C18000FFFFFFFFFFFFFFFFFFFFFFFFFFFFFFFFBF
:10C19000FFFFFFFFFFFFFFFFFFFFFFFFFFFFFFFFAF
:10C1A000FFFFFFFFFFFFFFFFFFFFFFFFFFFFFFFF9F
:10C1B000FFFFFFFFFFFFFFFFFFFFFFFFFFFFFFFF8F
:10C1C000FFFFFFFFFFFFFFFFFFFFFFFFFFFFFFFF7F
:10C1D000FFFFFFFFFFFFFFFFFFFFFFFFFFFFFFFF6F
:10C1E000FFFFFFFFFFFFFFFFFFFFFFFFFFFFFFFF5F
:10C1F000FFFFFFFFFFFFFFFFFFFFFFFFFFFFFFFF4F
:10C20000B0850020DD300200FB360300C93002009B
:10C21000C9300200C9300200C9300200000000002D
:10C22000000000000000000000000000AD3202002D
:10C23000C93002000000000079320200C93002005B
:10C2400035340200F15E030035340200353402005B
:10C250003534020035340200353402003534020032
:10C26000A75E03003534020035340200DB5E0300B4
:10C270003534020035340200353402003534020012
:10C280003534020035340200353402003534020002
:10C2900035340200353402003534020035340200F2
:10C2A00035340200353402003534020035340200E2
:10C2B00035340200353402003534020035340200D2
:10C2C00035340200353402003534020035340200C2
:10C2D000353402003534020035340200FFFFFFFF21
:10C2E00081F0004102E000BF83F0004330B54FEA27
:10C2F00041044FEA430594EA050F08BF90EA020F94
:10C300001FBF54EA000C55EA020C7FEA645C7FEA26
:10C31000655C00F0E2804FEA5454D4EB5555B8BF49
:10C320006D420CDD2C4480EA020281EA030382EABA
:10C33000000083EA010180EA020281EA0303362D4C
:10C3400088BF30BD11F0004F4FEA01314FF4801C1F
:10C350004CEA113102D0404261EB410113F0004F31
:10C360004FEA03334CEA133302D0524263EB4303E8
:10C3700094EA050F00F0A780A4F10104D5F1200E86
:10C380000DDB02FA0EFC22FA05F2801841F10001E1
:10C3900003FA0EF2801843FA05F359410EE0A5F1B5
:10C3A00020050EF1200E012A03FA0EFC28BF4CF0E6
:10C3B000020C43FA05F3C01851EBE37101F000459C
:10C3C00007D54FF0000EDCF1000C7EEB00006EEBA9
:10C3D0000101B1F5801F1BD3B1F5001F0CD3490833
:10C3E0005FEA30004FEA3C0C04F101044FEA44528A
:10C3F00012F5800F80F09A80BCF1004F08BF5FEA11
:10C40000500C50F1000041EB045141EA050130BDF0
:10C410005FEA4C0C404141EB0101013C28BFB1F502
:10C42000801FE9D291F0000F04BF01460020B1FA4D
:10C4300081F308BF2033A3F10B03B3F120020CDA20
:10C440000C3208DD02F1140CC2F10C0201FA0CF0FE
:10C4500021FA02F10CE002F11402D8BFC2F1200C63
:10C4600001FA02F120FA0CFCDCBF41EA0C01904019
:10C47000E41AA2BF01EB0451294330BD6FEA040462
:10C480001F3C1CDA0C340EDC04F11404C4F120024D
:10C4900020FA04F001FA02F340EA030021FA04F35F
:10C4A00045EA030130BDC4F10C04C4F1200220FAB6
:10C4B00002F001FA04F340EA0300294630BD21FAF4
:10C4C00004F0294630BD94F0000F83F4801306BFBA
:10C4D00081F480110134013D4EE77FEA645C18BFAE
:10C4E0007FEA655C29D094EA050F08BF90EA020F45
:10C4F00005D054EA000C04BF1946104630BD91EA3D
:10C50000030F1EBF0021002030BD5FEA545C05D13F
:10C510004000494128BF41F0004130BD14F580047E
:10C520003CBF01F5801130BD01F0004545F0FE41F2
:10C5300041F470014FF0000030BD7FEA645C1ABF27
:10C54000194610467FEA655C1CBF0B46024650EA5E
:10C55000013406BF52EA033591EA030F41F400218A
:10C5600030BD00BF90F0000F04BF0021704730B510
:10C570004FF4806404F132044FF000054FF00001E5
:10C5800050E700BF90F0000F04BF0021704730B5A6
:10C590004FF4806404F1320410F0004548BF40427B
:10C5A0004FF000013EE700BF42004FEAE2014FEAD0
:10C5B00031014FEA02701FBF12F07F4393F07F4FAB
:10C5C00081F06051704732F07F4208BF704793F0AE
:10C5D0007F4F04BF41F40021704730B54FF46074C1
:10C5E00001F0004521F000411CE700BF50EA0102C4
:10C5F00008BF704730B54FF000050AE050EA01026D
:10C6000008BF704730B511F0004502D5404261EBDC
:10C6100041014FF4806404F132045FEA915C3FF41D
:10C62000D8AE4FF003025FEADC0C18BF03325FEABA
:10C63000DC0C18BF033202EBDC02C2F1200300FA6B
:10C6400003FC20FA02F001FA03FE40EA0E0021FA90
:10C6500002F11444BDE600BF70B54FF0FF0C4CF47E
:10C66000E06C1CEA11541DBF1CEA135594EA0C0F30
:10C6700095EA0C0F00F0DEF82C4481EA030621EA6B
:10C680004C5123EA4C5350EA013518BF52EA0335A6
:10C6900041F4801143F4801338D0A0FB02CE4FF058
:10C6A0000005E1FB02E506F00042E0FB03E54FF088
:10C6B0000006E1FB03569CF0000F18BF4EF0010E80
:10C6C000A4F1FF04B6F5007F64F5407404D25FEA7C
:10C6D0004E0E6D4146EB060642EAC62141EA55512F
:10C6E0004FEAC52040EA5E504FEACE2EB4F1FD0C71
:10C6F00088BFBCF5E06F1ED8BEF1004F08BF5FEAEF
:10C70000500E50F1000041EB045170BD06F00046A0
:10C7100046EA010140EA020081EA0301B4EB5C044D
:10C72000C2BFD4EB0C0541EA045170BD41F4801145
:10C730004FF0000E013C00F3AB8014F1360FDEBF6A
:10C74000002001F0004170BDC4F10004203C35DA46
:10C750000C341BDC04F11404C4F1200500FA05F3C9
:10C7600020FA04F001FA05F240EA020001F000426A
:10C7700021F0004110EBD37021FA04F642EB0601E0
:10C780005EEA430E08BF20EAD37070BDC4F10C040A
:10C79000C4F1200500FA04F320FA05F001FA04F2CE
:10C7A00040EA020001F0004110EBD37041F10001BA
:10C7B0005EEA430E08BF20EAD37070BDC4F12005C5
:10C7C00000FA05F24EEA020E20FA04F301FA05F22D
:10C7D00043EA020321FA04F001F0004121FA04F2D5
:10C7E00020EA020000EBD3705EEA430E08BF20EAA5
:10C7F000D37070BD94F0000F0FD101F000464000DF
:10C8000041EB010111F4801F08BF013CF7D041EA60
:10C81000060195F0000F18BF704703F00046520064
:10C8200043EB030313F4801F08BF013DF7D043EA35
:10C830000603704794EA0C0F0CEA135518BF95EAEB
:10C840000C0F0CD050EA410618BF52EA4306D1D172
:10C8500081EA030101F000414FF0000070BD50EA91
:10C86000410606BF1046194652EA430619D094EA1B
:10C870000C0F02D150EA013613D195EA0C0F05D105
:10C8800052EA03361CBF104619460AD181EA030159
:10C8900001F0004141F0FE4141F470014FF0000011
:10C8A00070BD41F0FE4141F4780170BD70B54FF0AC
:10C8B000FF0C4CF4E06C1CEA11541DBF1CEA13552C
:10C8C00094EA0C0F95EA0C0F00F0A7F8A4EB05040E
:10C8D00081EA030E52EA03354FEA013100F0888005
:10C8E0004FEA03334FF0805545EA131343EA1263CE
:10C8F0004FEA022245EA111545EA10654FEA002683
:10C900000EF000419D4208BF964244F1FD0404F53B
:10C91000407402D25B084FEA3202B61A65EB030597
:10C920005B084FEA32024FF480104FF4002CB6EB54
:10C93000020E75EB030E22BFB61A754640EA0C00D4
:10C940005B084FEA3202B6EB020E75EB030E22BF14
:10C95000B61A754640EA5C005B084FEA3202B6EB55
:10C96000020E75EB030E22BFB61A754640EA9C0014
:10C970005B084FEA3202B6EB020E75EB030E22BFE4
:10C98000B61A754640EADC0055EA060E18D04FEAA2
:10C99000051545EA16754FEA06164FEAC30343EA42
:10C9A00052734FEAC2025FEA1C1CC0D111F4801F0F
:10C9B0000BD141EA00014FF000004FF0004CB6E708
:10C9C00011F4801F04BF01430020B4F1FD0C88BFA7
:10C9D000BCF5E06F3FF6AFAEB5EB030C04BFB6EBB2
:10C9E000020C5FEA500C50F1000041EB045170BDA5
:10C9F0000EF0004E4EEA113114EB5C04C2BFD4EBD2
:10CA00000C0541EA045170BD41F480114FF0000E55
:10CA1000013C90E645EA060E8DE60CEA135594EAD1
:10CA20000C0F08BF95EA0C0F3FF43BAF94EA0C0FD4
:10CA30000AD150EA01347FF434AF95EA0C0F7FF449
:10CA400025AF104619462CE795EA0C0F06D152EA9D
:10CA500003353FF4FDAE1046194622E750EA410681
:10CA600018BF52EA43067FF4C5AE50EA41047FF492
:10CA70000DAF52EA43057FF4EBAE12E74FEA4102F5
:10CA800012F5001215D211D56FF47873B3EB625220
:10CA900012D94FEAC12343F0004343EA505311F047
:10CAA000004F23FA02F018BF404270474FF00000D9
:10CAB000704750EA013005D111F0004008BF6FF017
:10CAC000004070474FF00000704700BF4FEA41023E
:10CAD000B2F1E04324BFB3F5001CDCF1FE5C0DD9DC
:10CAE00001F0004C4FEAC0024CEA5070B2F1004F26
:10CAF00040EB830008BF20F00100704711F0804F29
:10CB000021D113F13872BCBF01F00040704741F4ED
:10CB100080114FEA5252C2F11802C2F1200C10FAF1
:10CB20000CF320FA02F018BF40F001004FEAC123D5
:10CB30004FEAD32303FA0CFC40EA0C0023FA02F379
:10CB40004FEA4303CCE77FEA625307D150EA01334F
:10CB50001EBF4FF0FE4040F44000704701F000401F
:10CB600040F0FE4040F40000704700BF53B94AB99E
:10CB7000002908BF00281CBF4FF0FF314FF0FF30E5
:10CB800000F00CB8ADF1080C6DE904CE0BF032FAF0
:10CB9000DDF804E0DDE9022304B07047704700BF10
:10CBA0002DE9F00791E8F807B2E802105B1854EBA2
:10CBB0000C04B2E802104D4156EB0C06B2E802102C
:10CBC0004F4158EB0C08B2E8021059EB01095AEB3F
:10CBD0000C0A80E8F80780410130BDE8F007704793
:10CBE0002DE9F00791E8F807B2E802105B1A74EB40
:10CBF0000C04B2E802108D4176EB0C06B2E802108C
:10CC00008F4178EB0C08B2E8021079EB01097AEB5E
:10CC10000C0A80E8F80780414042BDE8F007704701
:10CC20002DE9F007524290E87800B1E880071740FC
:10CC3000DB1918EA020854EB080419EA020955EB5B
:10CC400009051AEA020A56EB0A0678C090E878004D
:10CC5000B1E8800717407B4118EA020854EB08044A
:10CC600019EA020955EB09051AEA020A56EB0A0607
:10CC700078C080410130BDE8F00770472DE9F0072A
:10CC8000524290E87800B1E880071740DB1B18EAB1
:10CC9000020874EB080419EA020975EB09051AEA9F
:10CCA000020A76EB0A0678C090E87800B1E88007BF
:10CCB0001740BB4118EA020874EB080419EA02099C
:10CCC00075EB09051AEA020A76EB0A0678C080417C
:10CCD0004042BDE8F00770472DE9F00152424FF0A5
:10CCE000040890E8300091E8C000A31B1340E41A48
:10CCF000F618EB1B1340ED1AFF1830C0C0C1B8F195
:10CD00000108EED1BDE8F001704700BF00B592E820
:10CD1000DC072DE9DC07B1E8805702B4A7FB02511C
:10CD20000A95A8FB020BE7FB6310E9FB62B00B91CD
:10CD3000A8FB0351EAFB6201E7FB64B5E7FB66056C
:10CD4000E8FB6615CDF830B0A9FB03B6EAFB631625
:10CD5000ECFB6356E8FB640BE9FB641BEAFB645BDA
:10CD6000ECFB646B0D90ACFB0230059CEEFB62505B
:10CD7000E9FB6460EAFB64B0E7FB6431E8FB645103
:10CD8000069CE8FB6461E9FB64B1EAFB64010E9375
:10CD9000A7FB0432079CE7FB6462E8FB64B2E9FB93
:10CDA0006402EAFB6412049CE9FB6453EAFB6463DB
:10CDB000089CE7FB64B3E8FB6403E9FB6413EAFB4C
:10CDC00064230F955DF8049B99E80006DDF8008068
:10CDD000A9FB0854EAFB68B4DDF81080ECFB68049A
:10CDE000EEFB6814E9FB6824EAFB6834DDF8048094
:10CDF000EEFB6865E9FB68B5EAFB6805DDF81480C1
:10CE0000ECFB6815EEFB6825E9FB6835EAFB684535
:10CE10000F96DDF80880AEFB0876E9FB6806EAFBB2
:10CE20006816DDF81880ECFB6826EEFB6836E9FB37
:10CE30006846EAFB6856DDF80C80ECFB68B7EEFB51
:10CE40006807E9FB6817EAFB6827DDF81C80ECFB44
:10CE50006837EEFB6847E9FB6857EAFB686708B08C
:10CE600000BD00BF2DE9F14F87B0FFF74FFFDDF8A0
:10CE70001C8008F1200888E8FF00FFBC87E87F08D5
:10CE8000BDE8F08F00B591E89857A3FB03520195D8
:10CE9000A3FB0401E3FB6420E3FB67100292A3FB06
:10CEA0000752E3FB6802E4FB6415E3FB6805E3FB60
:10CEB00069250391A4FB07B6E3FB6926E3FB6A56E9
:10CEC000E4FB670BE4FB682BE3FB6A5BE3FB6C6B47
:10CED0000490A4FB0810E4FB6950E3FB6C60E3FBE7
:10CEE0006EB0E7FB6721E4FB6951E4FB6A61E3FB99
:10CEF0006EB1E4FB6E010592A7FB0832E4FB6A62A7
:10CF0000E4FB6CB2E4FB6E02E7FB6E12E7FB6853D6
:10CF1000E7FB6963E4FB6CB3E7FB6C03E7FB6E13B1
:10CF2000E8FB6E230695A7FB0954E7FB6AB4E7FB11
:10CF30006C04E8FB6C14E8FB6E24E9FB6E34E8FB40
:10CF40006865E7FB6AB5E8FB6A05E8FB6C15E9FB79
:10CF50006C25E9FB6E35EAFB6E450796A8FB097662
:10CF6000E8FB6A06E9FB6A16E9FB6C26EAFB6C360D
:10CF7000EAFB6E46ECFB6E56E8FB69B7E9FB690716
:10CF8000E9FB6A17EAFB6A27EAFB6C37ECFB6C47A4
:10CF9000ECFB6E57EEFB6E6700BD00BF2DE9F14F55
:10CFA00087B0FFF76FFFDDF81C8008F1200888E8E4
:10CFB000FF00FFBC87E87F08BDE8F08F30B44FF07A
:10CFC000000310F8014B11F8015B013A84EA0504F3
:10CFD00043EA0403F5D1A3F101034FEAD37030BC57
:10CFE000704700BF4FF0000310F8012B013943EAEE
:10CFF0000203F9D1A3F101034FEAD370704700BFD8
:10D0000030B411F8014B12F8015B6C4000F8014B91
:10D01000013BF6D130BC70472DE9F00791E8F807E5
:10D02000B2E802105B1854EB0C04B2E802104D4158
:10D0300056EB0C06B2E802104F4158EB0C08B2E870
:10D04000021059EB01095AEB0C0A8941B3F1FF3385
:10D0500074F1FF3475F1FF3576F1000677F10007C2
:10D0600078F1000879F101097AF1FF3A51F10001F4
:10D070005B184C414D4156F1000657F1000758F13D
:10D08000000859EBD1795AEB010A80E8F807BDE8AE
:10D09000F00770472DE9F00791E8F807B2E80210B1
:10D0A0005B1A74EB0C04B2E802108D4176EB0C06AF
:10D0B000B2E802108F4178EB0C08B2E8021079EB6D
:10D0C00001097AEB0C0A89415B184C414D4156F13C
:10D0D000000657F1000758F1000859EBD1795AEBD7
:10D0E000010A80E8F807BDE8F007704718EB04086C
:10D0F00059EB05095AEB060A5BEB070B5FF0000CD6
:10D100004CF1000C18EB050859EB06095AEB070A1D
:10D110005BEB070B50EB0C005FF0000C51EB0C01CC
:10D1200052EB0C0263414CF1000CB8EB070879F1AB
:10D1300000097AF1000A7BEB040BA841B141A2413E
:10D14000B3416CF1000CBBEB050BB041B941AA41F6
:10D15000BB416CF1000C4CF001068CF0020718EB9F
:10D16000060859EB6C095AEB6C0A7BEB6C0B70EB05
:10D170006C0471EB6C0572EB670653EB6C076CEBA0
:10D180006C0C18EB0C0059EB0C015AEB0C025BF128
:10D19000000354F1000455F1000556EBDC7657EB23
:10D1A0000C0770472DE9F14F87B0FFF7AFFDDDF8B1
:10D1B0001080DDF81490DDF818A0FFF797FFBDE8A8
:10D1C000000FFFF793FF03B05DF8048B88E8FF00C2
:10D1D000BDE8F08F2DE9F14F87B0FFF753FEDDF882
:10D1E0001080DDF81490DDF818A0FFF77FFFBDE890
:10D1F000000FFFF77BFF03B05DF8048B88E8FF00AA
:10D20000BDE8F08F1FB50B4B01934FF49473ADF84D
:10D21000083008238DF80A3083788DF80B3001A987
:10D22000FF2301208DF80C3000F0CCFB05B05DF839
:10D2300004FB00BF91B301001FB50A4B01934FF4EB
:10D240002073ADF8083008238DF80A3001A943781F
:10D250008DF80B3000208DF80C0000F0B3FB05B00A
:10D260005DF804FB1BB801001FB572B6184B1D68B2
:10D27000E5B9BFF34F8F1749174BCA6802F4E06254
:10D280001343CB60BFF34F8F00BFFDE7B2FBF6F255
:10D29000DCB20133002AF9D104F110036B4403F826
:10D2A0000C2C0A2234B901A8A847E2E70246002361
:10D2B0000A26EDE7631E04AEDCB256FA83F3B0FB38
:10D2C000F2F602FB1600303003F80C0C3046E9E7AA
:10D2D000680A002000ED00E00400FA0507B50C4BD9
:10D2E0001A7B8DF80120DA7A8DF8002068469A7A48
:10D2F0005B7AADF80420ADF8023002F04BFC18B1B7
:10D30000DE210320FFF7B0FF03B05DF804FB00BF90
:10D31000680A00202DE9F34104460D4671B91B4B04
:10D3200093F82A3053B9012101A80193FFF7F2FFC6
:10D3300020B94FF403710320FFF796FF2368144FC1
:10D34000DFF850800733002D23F0070323600CBF64
:10D350002046002000F012FB002657F8043B0BB1DA
:10D36000404698470136032EF7D100F07BFB031EA1
:10D3700009DB206818440DB1002804DB206001207F
:10D3800002B0BDE8F0810020FAE700BF680A002083
:10D39000480000206C0A002037B5B0FA80F10190F7
:10D3A0000546490901A8FFF7B5FF18B96FF00B0052
:10D3B00003B030BD2A4CA17A607A237BE27A033134
:10D3C00003300BF07AFC011EF0DB019823796279BF
:10D3D0000330134420F00300002D019003FB01F102
:10D3E00008BF002000F080FC019B0DB9C342DDD4D2
:10D3F0001844A3790190C3B1E17C1944E37919443D
:10D40000FF29D3DC033020F00300002D0190E289D6
:10D4100008BF0020C9B200F0D7FC031EC6DB01988C
:10D4200018440DB90028C1DB0190217C99B1A37982
:10D430008BB10198073020F00700002D019008BF44
:10D44000002003F01DFF031EB0DB019818440DB946
:10D450000028ABDB01900DB90198A9E70020A7E7F0
:10D46000680A002038B5044690B30AF055F910B99F
:10D470004FF0FF3038BD0EF0C3FAB0F5FA7FF7D8A1
:10D48000164D17482C6000F0FBF9164B0024C3E939
:10D4900000449C6026222146281D85F82A400AF077
:10D4A0003DFD01236B71AB711B236B7240F21B338B
:10D4B0006B8102232B731F23EB8108232B74EFF363
:10D4C000108572B600F056FD2DB962B62846D1E738
:10D4D0006FF01500CEE72046CCE700BF680A0020B9
:10D4E000DDD200004800002010B500283CD1214CBE
:10D4F00094F82A30032B34D059B1002A37D002399E
:10D50000052931D8DFE801F00314223025281378EB
:10D5100063710020FFF740FF0028B7BF01230223FB
:10D5200084F82A306FF00B00A8BF84F82A3010BDB1
:10D530009378E3B1D378D3B113781A2B17D95378F2
:10D540001A2B14D91368C4F80930E2E71378A371D1
:10D55000DFE71388E381DCE71388FF2B07D8237408
:10D56000D7E74FF0FF30E2E76FF02C00DFE76FF016
:10D570001500DCE7680A0020F8B50D46074660B3E1
:10D5800059B311F0070428D1154E96F82A30012B13
:10D5900002D16FF00B00F8BD032B02D14FF0FF302A
:10D5A000F9E700F0A9F80028F8D02846FFF7F4FEC4
:10D5B0000028EEDB38460AF023FA86F82B000EF03E
:10D5C00063F996F82B00214602F078FBFFF786FE00
:10D5D000032386F82A302046DDE76FF01500DAE7EE
:10D5E000680A002010B5084C94F82A30032B05D1A6
:10D5F00002F07CFB94F82B000AF01EFA0BF053FCAF
:10D60000002084F82A0010BD680A002050B1074BA2
:10D6100003F1140253F8041B40F8041B9342F9D1A0
:10D62000002070476FF01500704700BF3FD0030027
:10D6300010B5074B93F82A4034B902F009FB054BAB
:10D64000054A5A60204610BD4FF0FF30FBE700BF8F
:10D65000680A00204800002005D2000010B5074BE2
:10D6600093F82A4034B902F007FB054B054A1A60CB
:10D67000204610BD4FF0FF30FBE700BF680A0020D6
:10D680004800002039D2000010B5054B93F82A401D
:10D690001CB902F0A9FA204610BD4FF0FF30FBE79D
:10D6A000680A002010B5054B93F82A401CB90CF00D
:10D6B00084FC204610BD4FF0FF30FBE7680A0020D5
:10D6C00010B5054B93F82A401CB90CF079FC2046A4
:10D6D00010BD4FF0FF30FBE7680A0020024B0268E4
:10D6E0001A600020704700BF940A0020014B1B689D
:10D6F000184700BF940A0020024B1868003818BF72
:10D7000001207047940A00202DE9F743294E044672
:10D71000071D2848376003F0C7F80228054607D1DF
:10D72000244920460AF0D5FD284603B0BDE8F08321
:10D73000042838D13378072B18D13E2000F050F858
:10D7400078B9F378327901A943EA02236846ADF843
:10D7500000300BF098F80028DBD053210820FFF7A9
:10D7600083FD052000F07CF80028EAD031462046F1
:10D770000AF014FEB0F5817F01D37221EEE7002894
:10D78000C7D094F8008094F80290404600F028F842
:10D790000028BED0B8F13E0FC6D1484600F060F870
:10D7A0000028C1D1B5E70828BED1024920460AF0B9
:10D7B000BFFDB9E7980A0020074B4FF0FF3141F653
:10D7C000FF72C3E9001205490022C1E900221F21AE
:10D7D000C3E90212704700BF00000020DC0A0020ED
:10D7E0003F280CD801380B4BC0F3421200F01F0049
:10D7F00053F8223023FA00F000F001007047FF28B0
:10D8000006D04038C0F34212034B00F01F00EFE790
:10D810000120704700000020DC0A00200146074B71
:10D82000006849681A4603C240F48C221A6041F02D
:10D83000107242F4FF625A60704700BF000000207F
:10D840000246024B0068516803C37047DC0A00209F
:10D850000246024B0068516803C37047080000206D
:10D860000138064BC0F3421203EB820300F01F00A5
:10D870009B6823FA00F000F00100704700000020D0
:10D88000014B1860704700BFE40A002010B5FFF795
:10D8900093FF0BF0E4FF034B1B68044603B198476A
:10D8A000204610BDE40A00200B880288F0B5C3F3BF
:10D8B0000E049EB204F11403C57CC35A02352A44F7
:10D8C0002B4497B213FA82F3013B4288B3FBF7F380
:10D8D00013FB07439BB29A42044A93BF22EA060312
:10D8E000324013439BB20B80F0BD00BF0080FFFFAE
:10D8F0004A1E062A08B50346084604D84FF4D171DB
:10D900001520FFF7B1FC094A914202D940F2A31158
:10D91000F6E711B903B1196008BD2BB11B680022ED
:10D92000C3E901211A1D1A600430F5E7FAFFFF7FF1
:10D9300010B5114B00EB41041A786389B3FBF2F385
:10D9400003FB0223013A1A44B2F5706F027928BF33
:10D9500000231A448378B2FBF3F0194403FB102030
:10D96000091AB1FBF3F003FB101313446FEA4343AE
:10D970006FEA5343638110BDE80A002010B5104BD5
:10D98000C8B15A78022A04D040F22B111720FFF7B1
:10D990006BFC03225A70026812F0070102D04FF4A8
:10D9A0009871F3E75C685A6022440260C3E903118E
:10D9B0009A60596110BD0122C3E901005A70F9E76C
:10D9C000E80A00202DE9F041254E96F801E00EF01E
:10D9D000FD0CBCF1010F04D040F245111720FFF7F8
:10D9E00043FC91F80680B8F1080F02D940F24711C4
:10D9F000F4E7CF798FB34546022D726838BF022510
:10DA00007B1D5C0002EB43036A1E13446D422B40F6
:10DA10008D884544013DC8F100022A40B2F5803F9F
:10DA200002D34FF4A971D9E7BEF1030F12D106EB6F
:10DA300080001C1BC56815B140F25711CEE7C460C9
:10DA4000A770228084F803C0087A09682071080C46
:10DA5000E080218107FB02337360BDE8F08100BFE5
:10DA6000E80A00202DE9F047364C6378012B65D099
:10DA7000032B04D040F267111720FFF7F5FBD4E920
:10DA800001329A4202D04FF4B571F5E725460023E2
:10DA900005F80C3B1E460222994655F82200013A31
:10DAA00058B190F804808178B8F1FF0F2FD180F839
:10DAB00004908E423CBFCEB20123511CEDD103B184
:10DAC0002670022640F6FF6955F826709FBB013E7E
:10DAD000FAD2042363700020BDE8F08755F82CE0EB
:10DAE000BEF1000F06D09EF804A0C24504BF9EF808
:10DAF00002E077440CF1FF3CBCF1000FEEDA394450
:10DB0000FF2907D903B126704FF48371B4E7944617
:10DB10000027F1E70771CCE707EB41033846A3F88C
:10DB20000A90FFF705FF08F10108BB785FFA88F15A
:10DB30008B42F1D8CBE74FF00008F6E7022360688C
:10DB40006370C9E7E80A0020F8B54FF6FF73038059
:10DB5000184B03EB81030546D868B8B18678037982
:10DB6000B3FBF6F206FB1233DBB219460A1D00EBDB
:10DB70004202B2F902705488002F09DB0131B1FB77
:10DB8000F6F206FB1211C9B28B42EFD10020F8BDAC
:10DB9000FF29FBD0C4F30E03C4782B8024B94FF4C3
:10DBA000D9711720FFF760FB5380BDE8F8400BF0F8
:10DBB00063B800BFE80A00201D4B03EB810370B57A
:10DBC000DC68054644B3030404D54FF4E071172024
:10DBD000FFF74AFB014620460BF030F8FF280146CC
:10DBE00004D02046BDE870400BF046B8A078B5FBE5
:10DBF000F0F300FB1353DBB219460A1D04EB420697
:10DC0000B6F90260002E09DB0131B1FBF0F200FB36
:10DC10001211C9B28B42F0D1002070BDFF29FBD098
:10DC20008B4204EB42021CBF0023E3705580D8E70F
:10DC3000E80A0020094B03EB810310B5DC680146BC
:10DC400020460AF0FBFFFF28014604D02046BDE82D
:10DC500010400BF011B8002010BD00BFE80A0020F2
:10DC6000F8B5104B03EB81030746DC6801462046FC
:10DC70000AF0E4FFFF28054611D0E688238953EA1D
:10DC8000064606D0014620460AF0F6FF0146384611
:10DC9000B04720462946FFF74BFE0020F8BD05207F
:10DCA000FCE700BFE80A002038B50E4B827903EB91
:10DCB00082030446D86808B9052038BD8278E17926
:10DCC0009142F9D24B1CE37100EB41035D89B3F93A
:10DCD0000A30002BF3DBA5800AF0CEFF2060002085
:10DCE000EBE700BFE80A002070B5044610F003001F
:10DCF0000E4603D04F211820FFF7B6FAFFF7F8FDC4
:10DD0000054624B1034831460460FFF7F1FD28467B
:10DD100070BD00BF000B00202DE9F14FDFF870B09F
:10DD20009DF828A09DF82C901E46DBF80030074691
:10DD30000D4690461BB961211820FFF795FA52460F
:10DD4000092140460AF000FE4A4684B209213046C5
:10DD50000AF0FAFD14FA80F1DBF800000AF043FF44
:10DD6000386018B9286001B0BDE8F08F04442C6019
:10DD700038685346414609220AF09FFD28684B4601
:10DD80000922314601B0BDE8F04F0AF096BD00BF50
:10DD9000000B002070B50E4604460AF0E8FD05466B
:10DDA00030460AF0E4FD044B2A1821461868BDE805
:10DDB00070400AF03CBF00BF000B0020014B186808
:10DDC0000AF005BF000B00201F2AF8B504461346D1
:10DDD0000ED89200033222F00303B3F5803F2DD218
:10DDE000184DACB1A00710D05F210920FFF73CFA15
:10DDF000FF2B4FEA420204D9FF339A42A8BF1A46CA
:10DE0000E8E77C2AB8BF7C22E4E729706C602B81AC
:10DE100022F0030201EB81031204D80001276B6892
:10DE2000120C0025EEB28E4200D3F8BD14B12618B4
:10DE30001F705E60104401352833F3E74FF0FF3068
:10DE4000F3E700BF040B002038B5144A1478536878
:10DE50000021C8B2844203D8AB210920FFF704FA9D
:10DE60001846013105782833002DF2D00021817049
:10DE700001241289447044688161C161920800F1F3
:10DE80002001051D21F8022B994245F8044B14444A
:10DE9000F8D100234361037038BD00BF040B00209C
:10DEA0002DE9F8434B7880460C4602F0040602F058
:10DEB000FB07D3B1DFB12E4BD4F804901D89B7BB5B
:10DEC00001236370AD08A761E76104F120034A46AE
:10DED000211D04F1280023F8025B984241F8042B2D
:10DEE0002A44F8D10023636101E0002FE3D0FF232F
:10DEF000A370002E18BF0226A3191B7D032B03D18C
:10DF0000022F1CBF0136F6B2A31901221A7506F1C1
:10DF10000C0204EB8606002324F812307268A3700A
:10DF2000C8F80020A8F804304046BDE8F883002176
:10DF300014226170A01809F0F1FFB5F5FF7F0FD230
:10DF40006B08ED1AADB209EB0502C4F80490258404
:10DF5000A2606384C4F80C90A5842261E384C6E7C0
:10DF6000B5F5EE6F4FF0FF03EBD940F27265EAE7CB
:10DF7000040B0020134B012200214FF0FF309A6068
:10DF8000C3F80012C3F80803C3F80015C3F804254A
:10DF90009A60C3F80803C3F80015C3F804250A49BA
:10DFA0000A4A03F580334FF40040C3F80825C1F84E
:10DFB0008000BFF34F8FBFF36F8FC1F88001C3F8AC
:10DFC0000825704700F0004000E100E00000F63F47
:10DFD0000A46192302F8033B0448C368C1F803301A
:10DFE0000369536043699360704700BF100B0020C2
:10DFF000024B5A8C02435A845B6A1847100B00206C
:10E00000014B00215B6A1847100B002010B5154C1E
:10E0100005F096FD05F026F9208DFFF7F1FF237E30
:10E0200063B12246104952F80C3BE36063685360C9
:10E0300004F11900A36893600CF03FFD0B4B228D97
:10E0400093E8030003F0A6F9236B188803F0CCF8DB
:10E05000A36B94F8341094F835009847002384F8A3
:10E060003C3010BD100B0020D1DF00003C0B002025
:10E07000034B93F83C300BB1FFF7C8BF704700BFAC
:10E08000100B002070B51D4C256B636C236495F854
:10E090009430064694F848000BB10430C0B295F8AD
:10E0A00069102EB9FF2803D195F868308B4201D052
:10E0B00005F05EFB95F89430D3B1E06C05F0DAFD25
:10E0C000012384F86830D5E93E23E16C206CC4E973
:10E0D000182305F07DF816B9304605F00BFE95F8CB
:10E0E0006810002005F050FE022384F83C3070BD1B
:10E0F000206C05F0BFFD05F0B5F8ECE7100B002033
:10E1000008B5094B93F83C20022A04D040F2532171
:10E110002720FFF7A9F8DA7A42F00102DA72BDE8A7
:10E120000840FFF773BF00BF100B002010B50E4C66
:10E13000A26F137803F00303032B04D1D378022BCF
:10E1400001D1002010BDE06F0AF0A4FC0028F9D135
:10E15000A36F1B7803F00303032BF2D001F0BCFE86
:10E1600080F00100C0B2EDE7100B00202DE9F7436D
:10E17000424C94F83C30256B012B06460F465FFA63
:10E1800083F804D040F2A4412720FFF76DF895F8FA
:10E1900084303BB1002185F884100420FFF728FF6C
:10E1A00085F88680A16F0B7803F00303032B05D15C
:10E1B00095F88A3013B90220FFF71AFFA26F13787F
:10E1C00003F00303032B02D0537813BB012385F81C
:10E1D0008A3095F89430B3B1D5E93E01236B94F8B9
:10E1E0004890C4E918014FF0010893F8690084F8D9
:10E1F00068800AF05AFE00220346009220494A46EF
:10E20000404604F09FFF36B103B0BDE8F043FFF78E
:10E21000FDBE0223DBE7002FF6D0D4F88030304675
:10E2200098470028F0D094F83430002BECD194F8C3
:10E230008430DD06C3F3001001D5FFF777FF636C70
:10E24000D4F888201B78C3F300132AB9B4F88C20C3
:10E2500013B1B2FA82F35B09628C910709D5A36FFF
:10E26000DB78022BD0D1002003B0BDE8F043FFF7EC
:10E2700009BF002AC8D10343F5D1C5E7100B002020
:10E28000600B002010B5064B93F83C2002F0FF0411
:10E2900022B91C7603F076F8204610BD0C24FBE76B
:10E2A000100B00200A4B0B4A70B506460D461A604B
:10E2B000FFF7E8FF18B1E1212720FEF7D5FF064C54
:10E2C000012104F18E000CF0F2FA6664E56470BD81
:10E2D00054000020A4EA0000100B0020024B012291
:10E2E00083F8B020704700BF100B00202DE9F043E9
:10E2F000824D85B002AE86E8030095F83C100C9F75
:10E3000001F0FF0411B90AB103B127B940F26F114E
:10E310002720FEF7A9FF96E8030005F12C0C8CE8F6
:10E32000030085F8B04085F8344085F8B14085F8A1
:10E33000354085F8B24085F8B3406C842C852C6B51
:10E34000C5F880306A62AF6305F050FA04F08AFFC6
:10E3500094F96C0005F0E8FA606A05F07DFCE0696C
:10E3600005F0E8FA94F8A40005F00AFB2B6B93F88B
:10E37000AF310BB105F028FA94F869209D210120F6
:10E3800005F056FB5E4B186805F06CFC2369EB67E3
:10E390006369C5F8B43094F8773073B9226F62B10D
:10E3A000B4F8BE10B4F888308B4206D1B4F87410BB
:10E3B0000B44A4F8BE3001231360524E04F5807361
:10E3C00004F5887718685968324603C20833BB429F
:10E3D0001646F7D1D4F810314B4AC5F86930D4F855
:10E3E000143153602B6B93F88E2093F86860A2F180
:10E3F0002501012903D993F88F10252960D193F8BD
:10E4000056322BB1012E03D0012B14BF0226012658
:10E4100004F13007314638460CF0E1FB31460CF090
:10E42000A3F8A38F94F86910834228BF03463846A7
:10E4300085F8B8300CF0BCFB94F8691094F894603F
:10E44000B4F84480042908BF03210CF08DF80EB9FC
:10E45000043080B2404528BF404694F894305FFABB
:10E4600080F885F8B98085F848809BB1D4E93E678B
:10E4700094F869004FF00109C5E9186785F86890BC
:10E480000AF013FD0022034600921E494246484608
:10E4900004F058FE0120FFF7F5FD00232B606B60B0
:10E4A000AB60B4F888306B8023882B8094F8A4305C
:10E4B0002B71A36F0BB101221A6005B0BDE8F08388
:10E4C000203A012A0CD823290CD093F8363113F0C6
:10E4D000010211D19B079BD5012E18BF022697E799
:10E4E000232905D193F8362193F861301340EEE7E4
:10E4F000032E08BF04268BE7164689E7100B002081
:10E5000054000020600B0020790B002008B50C4B54
:10E5100093F83C201AB9BDE80840FFF777BD93F89F
:10E520003C20022A04D040F235212720FEF79CFE31
:10E530001B6BD3F8C801BDE8084005F0ADBB00BFB8
:10E54000100B0020014B1876704700BF100B002005
:10E55000014B93F8B2007047100B0020024B188D4E
:10E56000C0F3C020704700BF100B0020014B93F890
:10E57000B1007047100B00202DE9F3411E4D8207BA
:10E580002C6B06460F4622D5D5F8883023B940F2C9
:10E5900095412720FEF768FEB5F88C20296C1846B7
:10E5A000033291F8018009F041FC0DF1020201A94A
:10E5B0002864D5F8B4000AF000FB01980AF0E7FAE5
:10E5C000012238604146D5F8B4000AF0ADFAF307ED
:10E5D0000ED5D4E93E32013342F10002C4E93E32A5
:10E5E00094F88C30012B0CBF0023012384F88C306D
:10E5F00002B0BDE8F08100BF100B00202DE9F04F04
:10E60000AB4C002387B0CDE9043394F83C30276B42
:10E61000022B81468A4604D04FF4A3612720FEF7DF
:10E6200023FE238D590606D44020FFF7E9FC238DF5
:10E6300043F04003238597F89430B9F1000F00F0C0
:10E640002881B3B104F03CFE04F020FE88B9236CAD
:10E650005A7872B11B7897F88C20C3F3C0039A42A2
:10E6600007D1012384F83530FFF7D0FC07B0BDE8AF
:10E67000F08F236C5978A4F88C1009B3D4F8B40047
:10E680000AF029FAC4F88800238D97F88B2043F408
:10E6900000732385236C1B78C3F380039A4200F038
:10E6A000B980256B95F88A30002B3DD0022B11D113
:10E6B000E06F04A90AF0A6F928B940F20E41ADE7CF
:10E6C000C4F88810E0E7D5E93C32013342F100029A
:10E6D000C5E93C3295F88630002185F88A1023B1CF
:10E6E00085F886101020FFF783FC95F885309BB1E4
:10E6F000002685F8856001F0D9FB10B940F225416C
:10E700008CE731460820FFF773FCD5E93C32013332
:10E7100042F10002C5E93C3295F88B30012B0CBF69
:10E720000023012385F88B30238D43F40063238578
:10E730004FF0000B216C97F88C200D78C5F3C003C7
:10E740009A4240F0988005F00305032D266B63D0B4
:10E75000002D6CD196F88C30013B18BF012386F850
:10E760008C30236C5B7833B1D6E93E32013342F111
:10E770000002C6E93E3297F893308BB1D7E93C23CB
:10E78000002697F8680084F86860C4E918230AF046
:10E790008CFB484900960346FB22304604F0D2FC2D
:10E7A000BAF1000F40F08880628C94F8B130120703
:10E7B00003D5A26FD278022A7ED0012B7CD8D4F860
:10E7C000803001209847002876D094F83480B8F142
:10E7D000000F71D1266B94F8483096F894208DF88C
:10E7E0000D80002A40F0B380FF2B96F8681003D10B
:10E7F00096F869308B4202D0FF2004F0B9FF96F8FA
:10E800008A30032B00F23881DFE813F0A400D50032
:10E810001D012E01CB468DE7238D012043F480534B
:10E8200086F8840023850025FFF7E2FB92E74D7808
:10E83000002D8FD0238D96F8945043F48053238578
:10E8400004F040FF042894F8B93006D1002D14BF1D
:10E850001B221F22934228BF1346226C52789A42F1
:10E860000BD8D4F88850002D85D094F8B03073B10F
:10E870002020FFF7C5FB00257DE794F83430012008
:10E8800043F0100384F8343006F02CFBF3E74D46D8
:10E8900060E70BB104F04AFD94F8B130013384F81D
:10E8A000B130238D002543F480632385AB4662E7B6
:10E8B000100B0020600B002005F086FA4FF0010AD3
:10E8C0001DB105A90220FFF757FEBBF1000F0DD0C7
:10E8D000B4F80720B4F805301343B7F88820134381
:10E8E0001EBFB4F809300133A4F80930B9F1000FA4
:10E8F00000F0CA80B4F805300133A4F805300023D5
:10E9000084F8B130634802F05DFC049830B10AF03D
:10E910003EF9216B0022027202F004F8059B33B12C
:10E92000216B00221A720C22059801F0DBFFBAF16C
:10E93000000F7FF499AE238D1B063FF597AE802024
:10E94000FFF75EFB238D43F0800323858EE60433BF
:10E95000DBB249E794F8B830ADF80E304E48A6F86F
:10E96000583001F093FA50B1A16F4FF48070FFF767
:10E970003FFB012386F8853084F8B3301DE0E06F5B
:10E980000DF10D020DF10E010AF019F8A06790B11A
:10E9900096F8D1307BB99DF80D302BB90380837088
:10E9A000A06F01210BF083FFBDF80E10A06F0CF0DB
:10E9B0004AF80123E0E7394BA36796F88B30A26F42
:10E9C000DB0003F00801137803F0F3030B4396F820
:10E9D0008C10890001F004010B4323F01003137025
:10E9E000FFF7A4FB0028A06F037818BF4FF01008B2
:10E9F00048EA030880F8008096F89330002B3ED058
:10EA00004378002B3BD0E06C05F034F9002384F808
:10EA10006830D6E93C23A16FE06CC4E9182304F008
:10EA2000D7FB96F86910012005F0AEF9A26F1188A6
:10EA3000A4F8841091781A4A012384F8B2309170B6
:10EA400084F83C303CE7B6F85830E06FADF80E3053
:10EA50000DF10D020DF10E0109F0B1FFA0670028C4
:10EA6000A7D140F2F321D9E50B4801F00FFA0028B5
:10EA70009FD140F2FD21D1E540F20B31CEE505F00A
:10EA8000F9F804F0EFFBCCE7B4F807300133A4F851
:10EA9000073037E73C0B0020880B00209E0B00203E
:10EAA000940B002001E10000FDE500006DE1000095
:10EAB00071E000000B2808B504D940F2B5310620FA
:10EAC000FEF7D2FB014B33F8100008BD7C7D03003C
:10EAD0002DE9F04F8BB0044615460293894690F815
:10EAE00069B00BF0B4FA064694F8B001FFF7E2FF04
:10EAF00094F88F300393064485F00103B6B2059372
:10EB000055BB94F8F431032B26D1039B0D2B23D155
:10EB1000B4F854324B451FD1D4F8FC31C4F8E83175
:10EB2000A369B4F8CC21C4F8EC31B4F842321344F0
:10EB3000C4F8F031204604F025FAD4F85832A36224
:10EB4000B4F85632A385D4F85C32A361D4F86032AD
:10EB50002362022384F8F431B4F84072B4F8888058
:10EB6000A9EB07073FB204F50473A9EB0808002FCF
:10EB700004930FFA88F86EDAD4E98A234746C4E989
:10EB80008E2301230493CC4B1B7803F0FF05002B4D
:10EB900054D00CF031FF054600284FD0B4F8E031D6
:10EBA000012B6DD994F8F431022B69D094F80A52F4
:10EBB000002D65D194F8B001FFF77CFF94F8F43193
:10EBC00000F5C866012BB6B2D9B24CD194F8923098
:10EBD000D4F828A0032B40D1D4F8EC515544314649
:10EBE000D4F8EC010CF002FFD4F8E831C4F8E801E5
:10EBF000A0EB030AD4F8F0313146284603FB0AFAA9
:10EC00000CF0F4FED4F8F851C4F8F801451B314675
:10EC1000A0690CF0EBFEAA44B4F8CC51D4F8F03162
:10EC20004544ED1BDB432B44D4F8FC51451B05FB4D
:10EC300003A50123C4F8FC0184F80A3294F8F431E6
:10EC4000DFF874A2032B00F28E81DFE813F01B00C3
:10EC500016016B003701029B94E728460BF0ACFCD1
:10EC600000EB0A05BBE7A06931460CF0BFFEB4F823
:10EC7000CC51D4F8FC314544ED1BC31A5D43D8E7B1
:10EC80000025DBE7012100200BF096FC8046A06AFE
:10EC9000314640440CF0AAFE3146C4F8F801A069A0
:10ECA0000CF0A4FE07A9C4F8FC0108A805F094F82C
:10ECB000079B0093D4E98E01DDE9082308F010FCDE
:10ECC000834620460AF015F9D4F84432A66A94F82F
:10ECD00069001E4405F0C6F9D4F8F811A6F19407AE
:10ECE0007F1A00F523404FF47A734744A130B0FBFC
:10ECF000F3F0A38DA7EB0B0730313F1A03EB410173
:10ED000094F869000AF0E1F8D4F84432FB1A223092
:10ED1000B3F5917FCAF8040058D240F2C6413020C2
:10ED2000FEF7A2FAA36AD4F8EC01314618440CF0BD
:10ED30005DFE3146C4F8F801A0690CF057FEC4F836
:10ED4000FC0120460AF0D5F8B4F8CC31A66AD4F814
:10ED5000EC71002B40F08D80029B002B00F089802D
:10ED600094F8690005F07EF93E44D4F8F871943EB9
:10ED7000D4E98A23F61BD4F8307280463E4494F8D6
:10ED80006900B61A05F06EF94FF47A7300F2E737AE
:10ED900008F52340B7FBF3F73744A130B0FBF3F09D
:10EDA000D4F8F811D4F8E831D4F8F021303102FB6E
:10EDB0000311A38D3F1A03EB410194F869000AF097
:10EDC00084F80123CAF8040084F8F431A6696FF4CA
:10EDD000F4731E44D4F8FC31F61ADAF804309E427B
:10EDE00028BF1E46D4E98E327F1BDF1942F1000294
:10EDF0004FF00008C4E98872C4F8C86184F8108232
:10EE000004F130000BF0D2FEB4F8B811A4F840922F
:10EE1000D4E98823A1EB09090FFA89F9C145C4E9AE
:10EE20008E23C8BF022384F81882C8BF84F8183222
:10EE3000039B06440D2BC4F81462029B00F09680DD
:10EE4000002B40F0948094F8F431002B00F0AD805A
:10EE5000A169D4F8FC3104F50470C91A0BF053FB16
:10EE600080B2002800F0A180149B03B1188001201B
:10EE7000ABE0D4F8F801374492E7D4F8FC21A36959
:10EE8000D4F8F001D4F8E8119B1A5F43B4F8CC3100
:10EE90009844C3439844D4F8F831303301FB00332D
:10EEA000A18D94F8690002FB083301EB43010AF0DD
:10EEB0000CF8CAF8040089E7CC0B0020A369D4F849
:10EEC000FC219B1A5F4394F88E30252B03D094F8D5
:10EED0008F30252B0AD1B4F85432A9EB03031A045E
:10EEE00004D494F85732002B18BF9B46049B63B39D
:10EEF000B4F8CC314BBBD4E98A23D4E98C018242EB
:10EF00008B4102D340F21A5109E794F8690005F0E9
:10EF1000A9F8D4F830220646D4E98A01A2F1940374
:10EF20001B1A3B4494F86900049305F09BF8049B7A
:10EF300000F2E7374FF47A7206F52340B7FBF2F799
:10EF40001F44A130B0FBF2F03F1AB4F8CC11D4F852
:10EF5000FC314144594330314900584609F0B5FF6E
:10EF60001B4B586032E740F23251D8E6EBB1B4F8AF
:10EF7000E01121B3B4F8E22194F8E431A4F8E221DD
:10EF800002FB0333994202F101000EDD94F81832BE
:10EF90005BB1002384F81832A4F8E20101F058FDB7
:10EFA00000F00700013084F8E40194F80B0204F546
:10EFB000047107F061FB20B940F27B51AFE60A46CD
:10EFC000DAE7059B84F8083200200BB0BDE8F08F2B
:10EFD000CC0B00202DE9F04104460D46164690F872
:10EFE000F83003F0FF071BB10C273846BDE8F0816D
:10EFF0000146454807F0FAF920288046F4D0582207
:10F00000394604F1D00008F089FF84F8D080C4F8B4
:10F01000D450FF2384F8F83035B101F031FD00F011
:10F020000700013085F8E40102234FF00008A4F83E
:10F03000083184F800810CF0E5FC00F19E052046C3
:10F040000CF08CFAADB2014670B30BF000F800F58D
:10F05000CD6189B230460CF0C9FC3044C4F80401DB
:10F060000CF032FE281841F10001C4E944010120EE
:10F0700084F8D800A4F826800CF02EFBDB3E361A6C
:10F08000C4F8DC604FF0FF326FF00043C4E9462360
:10F0900094F8D00004F5807107F0EEFA48BB40F216
:10F0A000C1113020FEF7E0F820460CF07BF9DFF8C4
:10F0B0005C80DB30C4F80401B8F8080048B1E08C8B
:10F0C00038B101F0DDFCB8F80830B0FBF3F202FB18
:10F0D000130005440CF0F8FD2D1841F10001C4E9BE
:10F0E0004451002ECED0751941F10001C4E94651BA
:10F0F000CEE7D4E944230021C4E93A23C4E93C2300
:10F1000020460CF048FA70E7C5910100CC0B0020B6
:10F11000F0B5002385B0CDE9003301238DF806302A
:10F120006846FEF7C1FD70B11B4E0123B372002784
:10F13000CDE9027702A8FEF7B7FD0546A8B1002386
:10F14000B37205B0F0BD00980AF0F5F8E8E790F862
:10F150000B0208F083F894F80B0284F8F45107F0DE
:10F1600071F9202384F80B32E2E7029B002BE1D0F7
:10F1700093F80B22202ADDD018884FF6FF739842AF
:10F18000DDD02946FEF756FD04460028DFD140F2C7
:10F190002B113020FEF768F8CC0B0020054B002225
:10F1A0000121DA7219709A7242F210721A81FFF715
:10F1B000AFBF00BFCC0B0020014BD872704700BF1F
:10F1C000CC0B002008B504F083FA044BDA688242C5
:10F1D0002ABF987A002080F0010008BDCC0B0020E7
:10F1E0002DE9F7430446062900F2C480DFE801F068
:10F1F000047A67777E83BD00D0E98A23D0E98C0149
:10F2000082428B4149D294F80A32002B45D094F8BF
:10F21000F431032B41D194F869900AF018FF0646A7
:10F2200094F8B001FFF746FCD4E98A23D4F8307291
:10F23000D4F8C851804606444846BF1A04F00AFF75
:10F240002D1A484604F00EFF00F523404FF47A7360
:10F25000A130B0FBF3F02B1AA3F17402B6B252083E
:10F26000D43B08F5C8689D3273431FFA88F8B3FB96
:10F27000F8F360335908A2EB53039F4202D30A44C8
:10F28000974201D90CF0BAFBA06931460CF0AEFBF5
:10F290000023C4F8FC0184F80A32384B9B7A03F04F
:10F2A000FF0263B9B4F8BC11009201232046FFF7B6
:10F2B0000FFC38B140F2CA613020FDF7D5FF0423BE
:10F2C00084F8F43104F08AFC06F048FFB4F8882092
:10F2D000A4F806220023A4F8423284F8093203B0CD
:10F2E000BDE8F083032380F8F431F8E704F010FA66
:10F2F000C4E98C01F3E78569D0F8FC31DFF87C8044
:10F300009D4288BFED1A98F80B3098BF00251BB9B5
:10F31000036B9D4228BF1D4604F13000D4F8C8712C
:10F320000BF044FC0744022007F01CFEED1B25EA0D
:10F33000E575854228BF05460221284607F066FE8E
:10F3400000B92F4440F2D312394620460BF07FFC1F
:10F35000D4F8C831C8F80C00A069184407F0B4FD0F
:10F360000028BCD140F27931A6E703B0BDE8F043F4
:10F3700009F0BFBD40F265719EE700BFCC0B0020D5
:10F380002DE9F84306460C4615467ABB04F0A0F971
:10F39000D4E94489074684F8D85084F8F85001210C
:10F3A000D4F8D40000F0D8FFD4F8D400C0E98A899A
:10F3B00094F8D03080F80B32C0E98E89C0F84472DE
:10F3C00009F0B2FE20B140F20A713020FDF74CFF87
:10F3D00004F004FC06F0C2FE074994F8D00032465F
:10F3E00005F070FD28B94FF4EF61EEE740F28F7140
:10F3F000EBE7BDE8F88300BF1B8F0100014B1881CC
:10F40000704700BFCC0B0020F0B5070CA7F5AA424F
:10F41000144B543A012A03EA90231FD927F40040E1
:10F4200042F6AA22801A18BF012000221621164691
:10F430001F2487EA060562EA0505013510D0DD03C1
:10F44000ADB245EA5606E503ADB2013945EA5202CE
:10F450004FEA53034FEA5404EBD1F0BD0020E4E738
:10F460000020FAE7E0FF3F0010B501210020FEF781
:10F47000E1FB044670B90121FEF79EFB044620B96A
:10F4800040F245313920FDF7EFFE034B93F90010B0
:10F490000BF04CFF204610BDDC0B0020304BF0B5CC
:10F4A0005A88B0F85C70B0F85A609D88974228BFBF
:10F4B0001746964228BF16461B2E85B00C462ED006
:10F4C000B5F5A47F2DD040F648039D4201A928BF81
:10F4D0001D460AF0A2F8BDF80A309F4228BF1F4619
:10F4E000BDF80C30E780AB4228BF2B462381BDF826
:10F4F00006309E4228BF1E46BDF8083066809D42F9
:10F5000028BF1D46A580FF232370E3881B3B9BB2C9
:10F51000E02B08D940F2FF513920FDF7A5FE1B2F43
:10F52000CED105B0F0BD63881B3B9BB2E02B02D966
:10F5300040F20161F0E72389A3F5A4739BB2B3F510
:10F54000E06F02D940F20361E6E7A388A3F5A47354
:10F550009BB2B3F5E06FE4D940F20561DCE700BF90
:10F56000DC0B002008B50AF081FF00F001FE00F07E
:10F57000EDFB0BF097FA00F08FFF01F093FE00F027
:10F58000A3FF084B1B224FF4A4715A809980064BAD
:10F5900006499A8000221960DA825A821A835A74C4
:10F5A00008BD00BFDC0B00200410002003021B007C
:10F5B000044B41F64C52C3E902221B221A74FFF796
:10F5C000D1BF00BF041000202DE9FF41344DAB68CE
:10F5D000044640F8303F09F0E5FE064600F0A6FB81
:10F5E0002B7C84F838302F4B668710F0200F1B6877
:10F5F0001DBFAA886988A4F85A101B2208BFA4F866
:10F600005A20A4F85C201BB194F96C10208898470C
:10F61000AE7CEF7CB5F8148041F64C53A36116B96B
:10F6200000F08AFB064677BB00F086FB074666B310
:10F6300058B303A920468DF80C608DF80D70ADF815
:10F640000E800AF0B5FFAB886A88697801910333B0
:10F650002978009103329BB292B204F1140104F1B3
:10F660001000FEF759FB236913B940F2D65114E09C
:10F67000636913B940F2D7510FE0002004B0BDE830
:10F68000F0810920FAE7002ED3D120880021FEF76F
:10F69000E7FA0028F5D040F2C1513920FDF7E4FD2A
:10F6A0000410002058000020F7B505460E460BF068
:10F6B00074FE002873D028460BF050FF40B1B6F816
:10F6C0000130013B7F2B03D91224204603B0F0BD4B
:10F6D00028460BF047FF08B90C24F6E7284609F046
:10F6E00016FF0028F8D128460BF011FE044600282A
:10F6F000F2D1284602F096FA0028E5D0B6F801705B
:10F70000F17842F2107328465F430BF014FF28464D
:10F710000BF01CFF014658B93A462846FFF75AFC41
:10F7200004460028D1D041F687113920FDF79CFD11
:10F7300021460DF10600FEF707FA064668B321469A
:10F7400000F00AFEBDF806303380284631460BF043
:10F7500013FF28460BF00CFF98B928460BF00AFF60
:10F7600001463046FFF730FF04460028ADD13A4647
:10F7700031462846FFF72EFC044620B141F6AA1177
:10F78000D3E70121EDE7074B9B68002B9DD0024694
:10F7900006F595713046984797E70D2495E7422482
:10F7A00093E700BFDC0B0020034B5A8802801B78D4
:10F7B00083700020704700BF0410002037B58378A5
:10F7C0001A2B054609D8042B05D9012202FA03F3A6
:10F7D000134A134205D112241AE0292B01D03B2BE6
:10F7E000F9D12888B0F5706FF5D269460AF07EFE2F
:10F7F00088B9019B93F8282102F0FF046AB9AA781E
:10F8000083F82921FF2283F8282168460BF025F987
:10F81000204603B030BD0224FAE70C24F8E700BF0D
:10F82000200038040188A1F11B039BB2E02B0CD807
:10F830004288A2F5A4739BB244F24810834204D8D4
:10F84000034B002059809A8070471220704700BFF8
:10F85000DC0B0020034B5A889B88028043800020E9
:10F86000704700BFDC0B002038B5047842788578FB
:10F8700004F0010352EA030104F0020401D1112053
:10F8800038BDBCB9002DFAD0002B08BF144601E0EA
:10F8900000242546204609F079FE0028EFD02846AE
:10F8A00009F074FE0028EAD0054B00209C74DD743A
:10F8B0009882E5E7002BEBD114461D46EAE700BF2E
:10F8C0000410002013B5008869460AF00FFE18B135
:10F8D0000224204602B010BD019A92F8F431DBB246
:10F8E00092F8B020002AF3D113F0FB0FF0D001986A
:10F8F00090F83A310BB13A24EBE790F8DC3003F0A2
:10F90000FF04002BF7D190F8D3309B0706D1FF23DB
:10F9100080F83A3168460BF0A0F8DAE70249D430B3
:10F920000BF0CBF8D5E700BFE5B10100F0B50778E3
:10F93000EF2F85B004460D4603D91225284605B0A1
:10F94000F0BDB0F80130ADF80C309DF90C209DF8F9
:10F950000C30002AF1DB9DF80D209107EDD1DA067D
:10F960003FD49E0603F0030238D5002AE5D11807DC
:10F97000E3D46378190711D42179E278E07942EA77
:10F980000122617942EA0142A17941EA0021207A0B
:10F9900041EA00418A42D0D81F2ACED9627A013A80
:10F9A000062ACAD8A27A032AC7D813F0040102D1C2
:10F9B000023A012A03D8E27A012ABED811B9A27C00
:10F9C000032ABAD813F01001227D19D0012AB4D12C
:10F9D000227E012AB1D8B1B91125AFE7032AC6D1D9
:10F9E000ABE713F0600FA8D103F00F0203F0070399
:10F9F000052BBED0931E012BBBD9002A9DD1B8E7A1
:10FA0000022AE5D199E7DA071FD46378227D03F053
:10FA1000180108291ED1022ADED11B0709D4E27978
:10FA2000A37943EA0223227A43EA0243B3F5804FE3
:10FA3000D2D8BFB201213846FEF7FCF8064678B1AD
:10FA400009F065FDB8B10C2578E700F031F9002820
:10FA5000DBD1C1E7022AE0D0A27E002ADDD0BBE7DD
:10FA600001213846FEF7A8F8064650B3164B93F925
:10FA700000100BF05BFC30460BF065FD2146287052
:10FA8000E07430460BF0AAFC637E0546002B3FF481
:10FA900055AF00287FF452AF316B02466846FEF73F
:10FAA000FFF9306B2A46012109F04FF9316B6846A6
:10FAB0000422FEF7F5F9306B2A46294609F045F98C
:10FAC0003CE707253AE700BFDC0B002070B505795D
:10FAD000042D8AB0034658D84488B4F5804F54D8D2
:10FAE0002B48465D284400214279857AC07BADF8D9
:10FAF000041042F0100242EA460242EA850242EA5B
:10FB0000C00202F01F028DF80420BDF80420ADF8F9
:10FB10000D201A888DF80F208DF81240120A240A41
:10FB20008DF811108DF814108DF810208DF81340F9
:10FB30005A7B8DF815205A798DF816209A79D3F8CA
:10FB400007008DF81720B3F80B209B7B8DF81E3033
:10FB50007F238DF81F3001238DF80C1006908DF84F
:10FB60002110ADF81C208DF820308DF8223003A82C
:10FB70008DF823108DF824108DF825108DF826109F
:10FB800001A9FFF7D3FE0AB070BD1220FBE700BF4A
:10FB9000947D03000278034672B1427862B14288D4
:10FBA0001A2A09D982881A2A06D9044A00681060DC
:10FBB0009B8893800020704712207047041000201B
:10FBC000024B02689A600020704700BF04100020BA
:10FBD0000378A3F10A02112A9DBF024A0020137480
:10FBE000122070470410002008B5052000F090F89E
:10FBF00003F0F8F9014B024A9A6008BDDC0B0020C3
:10FC00009DF4000008B501F0F5FFFFF7C7FABDE865
:10FC10000840014801F0D8BFE80B002010B50B4C9C
:10FC2000012384F8023101F0EDFF0BF015FE0AF01C
:10FC30001BFC04F203112046FEF734FB002009F000
:10FC400023F8BDE8104000F027BE00BFE80B0020FD
:10FC500010B5064C064904F502700AF0BDF904F52A
:10FC600003700449BDE810400AF0B6B9E80B002063
:10FC70005C0000206400002010B5094C094904F51F
:10FC800002700AF0A9F904F5037007490AF0A4F913
:10FC900004F504700549BDE810400AF09DB900BFA5
:10FCA000E80B0020740000207C0000206C00002085
:10FCB000014B93F802017047E80B002010B5074C88
:10FCC00000F0E4FDD4F808020AF07EF9FFF770FCBA
:10FCD00000F0EEFE012384F8143210BDE80B002082
:10FCE000014B93F814027047E80B002010B5074C45
:10FCF000D4F80C020AF068F9D4F810020AF064F99A
:10FD0000FFF730FC002384F8143210BDE80B00200C
:10FD1000C2080549012300F0070003FA00F08B5CDC
:10FD200018438854704700BF10000020014BD3E9EE
:10FD30000001704710000020034B1868C0F300203A
:10FD4000400040F0010070471000002008B50BF0A3
:10FD500057FE084A002332F82310814205D302EBF4
:10FD600083039B78044A137008BD01330C2BF2D136
:10FD70000023F7E7A87D0300FD0D002010B54468BF
:10FD80002388A4F8783194F8683084F87711012B2F
:10FD900006D0022B04D040F20B310620FDF764FAA6
:10FDA00084F87A3194F86930012B01D0022BF2D11A
:10FDB00084F87B31044904F5B7700AF07EFE002315
:10FDC00084F8343110BD00BF53A0010040680849D9
:10FDD0000388A0F86A3190F8603080F86C3190F8B0
:10FDE000613080F86D3100F261100AF060BE00BF32
:10FDF00069A00100044B002283F822204FF6FF7215
:10FE00009A84DA841A857047FE0D0020054B9A8C7F
:10FE1000824201BF002283F822204FF6FF729A84AB
:10FE2000704700BFFE0D0020014BD884704700BF13
:10FE3000FE0D0020094A0346908C4FF6FF71884260
:10FE400006D192F82210012905D01A6001207047CE
:10FE50000020186070470020704700BFFE0D002092
:10FE6000064B93F82220012A1FBF0120DA8C83F869
:10FE700022009A8408BF0020704700BFFE0D0020BA
:10FE8000014B1885704700BFFE0D0020064B02464F
:10FE9000198D988C884205D193F8220018B113600F
:10FEA0000120704700207047FE0D0020094B998CFF
:10FEB0001A8D914201D0002070474FF6FF729A844C
:10FEC00093F82220002AF6D0002283F82220012075
:10FED000704700BFFE0D0020054B998C1A8D914292
:10FEE00003BF93F82200B0FA80F040090120704768
:10FEF000FE0D002050B90A4A1346012003F8010BF9
:10FF00000868C2F801008A889A807047012805D1E4
:10FF1000034B0A689A608A88D8719A81704700BF3B
:10FF2000280E002048B90A4B187880B1D3F8012078
:10FF3000B3F805300A608B807047012806D1044B66
:10FF4000D87920B19A680A609B89F4E7002070474D
:10FF5000280E002020B9054B187800F001007047EA
:10FF600001280ABF014B0020D879F6E7280E0020AF
:10FF7000F7B500228B888DF80600ADF804300868CC
:10FF80000C4B8DF80720019D1C78014603F5AC73DE
:10FF9000D0B2844201D8082009E0D3E90076AE420D
:10FFA00008BF8F4203F1080302F10102F0D103B050
:10FFB000F0BD00BF380E002030B5094B01465C781B
:10FFC000002203F58173D0B2844201D8082005E0F5
:10FFD00013F8015B8D4202F10102F4D130BD00BF84
:10FFE000380E0020F0B5254D95F8984189B022468D
:10FFF00005F29911684607F019FF214668460AF094
:020000040001F9
:1000000054FA0446B8B300EB4001C9B202A8FDF7A8
:100010006DFB601E95F8A161C0B2012495F898218E
:1000200005E0731CB3FBF2F102FB1133DEB206F103
:1000300020030DEB030111F8203C002BF1D100EB64
:10004000400220326A4406EB46032B4412F8187C27
:1000500083F8A27112F8177C12F8162C83F8A3719A
:1000600083F8A42101F8204C0138AB19C0B2FF2855
:1000700083F89941D2D109B0F0BD00BF380E0020FD
:1000800070B5064688B00C46002A4FD02A4A92F82E
:10009000A131D01890F8991121B94FF4807128201E
:1000A000FDF7E2F803EB43011144013391F8A2514B
:1000B000E57091F8A35191F8A411617100212571A7
:1000C00080F8991192F89811B3FBF1F001FB10330D
:1000D00082F8A13192F8C23123B9184902F5DD70D6
:1000E0000AF0E8FC657905F03F0545F040056571CB
:1000F0000D220021684607F011FFE3788DF80F30DC
:1001000023798DF80E3004AA0423694630468DF811
:100110000D5007F075FB9DF81F3023709DF81E30C1
:1001200063709DF81D30A37008B070BD0321601886
:10013000FDF7DCFAD6E700BF380E0020E5FF00002F
:10014000044B5A78824286BF1B1893F84A0100205C
:10015000704700BF380E0020044B5A78824286BF99
:100160001B1893F842010020704700BF380E002092
:10017000064B00224FF461711A8083F8C32183F883
:10018000C421A3F8C61183F8C2217047380E00209D
:10019000014B83F8C4017047380E0020014BB3F8BF
:1001A000C6017047380E002030B50A4B5C78844297
:1001B0000ED9184490F802012B3003EBC004A57946
:1001C0000D7053F830001060A3889380012030BD7B
:1001D0000020FCE7380E00200246074810B590F8D2
:1001E000C34124B1417821B1023002F021FF204601
:1001F00010BD0C46FBE700BF380E00202DE9F74F7D
:100200002F4C9A46637883428046894656D92318F4
:1002100093F8425185F00105F9B193F84A31E3B9F9
:1002200045F002070135BAF1000F18D1FA070AD5D7
:10023000062101FB084104EB0810524601F58571C7
:100240008230FFF71DFFBB0734D504EB0810524680
:1002500049460230FFF714FF2CE02F46E3E794F8FD
:10026000A1614FF0010B002DE0D0A319019393F889
:10027000991199B90092DAB100F0EAFB06EB460158
:100280002144019B81F8A2014FEA102C009A81F8C9
:10029000A3C1000C81F8A40183F899B194F89831B6
:1002A0000136B6FBF3F103FB1166F6B2013DDAE766
:1002B00047F00407384603B0BDE8F08F0027F9E7A0
:1002C000380E0020074B5A78824209D91A1892F842
:1002D00042212AB9062202FB003000F585707047E2
:1002E00000207047380E0020064B5A78824281BFAA
:1002F0001B1893F83A01B0FA80F0400998BF00202B
:10030000704700BF380E002030B50024A0F84240EE
:10031000B0F8464042F210754C43B4FBF2F4A0F83A
:100320004640541E05FB0343B3FBF2F3A0F84430F0
:10033000084BB3FBF2F30133A0F84A30838F05FB7F
:100340000344436BB4FBF2F459438463B1FBF2F210
:10035000426330BD005A620270B504460D4649BB87
:100360004FF4207207F0DAFD012384F896306FF025
:10037000360384F8E330042384F8E4306FF03B0361
:1003800084F8E5306F2384F8E6306FF03F0384F89B
:10039000E7302B2384F8E230FE2384F81E317F23DC
:1003A00084F88D30202384F8E85084F8E95084F8EC
:1003B0000B3270BD012922D10023A0F8CC3180F886
:1003C000C331154B82691344B3FBF2F3C0F8B83064
:1003D00040F6B833A0F8BC301146438C8030FFF7AC
:1003E00093FF07F0DDFB30B1E069FFF70DF810B9BE
:1003F00084F8AF51DDE7002384F8AF31D9E7022953
:10040000D7D1B0F86232D0F85C228169BDE8704083
:100410008030FFF779BF00BF7FC3C901034B80F86D
:100420006C101B680BB100881847704784000020CF
:10043000074B93F900301844142804DC10F17F0FA7
:1004400003DB40B27047142070476FF07E007047A6
:100450000010002007B57F230DF107008DF807304D
:1004600003F086FC9DF9073068B10A4A5078404293
:1004700043FA80F0142808DC10F17F0F07DB40B24C
:1004800003B05DF804FB1846FAE71420F8E76FF0B4
:100490007E00F5E700100020024B00221A705A700F
:1004A000704700BF00100020054BFF221A70054A5C
:1004B000016811600179117100221A70704700BF44
:1004C000021000201800002007B5064B18680090A5
:1004D0001B798DF804306846FFF7E6FF03B05DF83E
:1004E00004FB00BF54D003000346407848B1DB78DA
:1004F0003A2B05D8034AD35C1B1A5842584170471F
:1005000001207047D87D03003A2908B5C17003D88F
:10051000064B5B5C437008BDFF2904D04FF4896132
:100520002A20FCF7A1FE0123F4E700BFD87D0300D9
:100530002DE9F04385B0894602A91446984609F092
:10054000D5FF0546002839D1039E34B9012486F829
:100550009540204605B0BDE8F0833769214638460E
:1005600008F0CCF9014658B3174B5B88A34229D356
:1005700001AA384608F005FB96F895300198002B43
:100580000CBF494602210AF092F9019822464146E1
:10059000033007F04BFC2146384608F0F4F90446D6
:1005A00018B97A212B20FCF75FFE02A80AF055FA51
:1005B000039BA3F8BA5186F89550CAE70124C8E70F
:1005C0000446C6E72C46C4E704100020024B987D81
:1005D000C04300F00100704704100020034B987DD9
:1005E00080F00200C0F34000704700BF04100020FC
:1005F0007FB505460C4621B940F215111020FCF7D5
:1006000033FE03888B8000234B724669304608F026
:10061000AAFA014610B94FF48F71EFE701AA3046EC
:1006200008F0AFFAE08010B940F22311E6E7FB28AA
:1006300002D940F22511E1E701980AF040F90128BA
:1006400001D0022805D12072206828B94FF49E718C
:10065000D4E740F23511D1E70199E288033107F080
:10066000E5FB304608F095FA10B940F24111C5E7B4
:100670000021304608F0EBF910B94FF4A371BDE743
:100680000A4BDA7D82B11A8B2888013A02A91A83B3
:1006900009F02CFF10B140F24F11AFE7039AB2F806
:1006A000A6300133A2F8A63004B070BD04100020BB
:1006B00010B521B940F25B211020FCF7D5FD4A604E
:1006C0000B72EFF3108472B6031D0B6042681AB10F
:1006D000127A012A08BF036003681960016004B937
:1006E00062B6034BBDE81040587807F0B5B900BFBB
:1006F000201000202DE9F74306460D464FF005086F
:1007000000274FF003092B693BB11B7A2BB12C69F1
:100710009CB9002003B0BDE8F0836C68237A012BFC
:10072000F7D0EFF3108372B66A6812686A6003B993
:1007300062B6237A002BE6D02C61237ADBB284F8F0
:100740000880013B0B2B66D8DFE803F062062034FB
:100750005F653D6565656552636823B940F2C71101
:100760001020FCF781FD2046314698470420EFF326
:10077000108372B6227A052AD1B201D0002953D152
:1007800027722F61002B4BD162B649E0636813B921
:100790004FF4E871E4E73146204698470346C3F337
:1007A0000723012BADF80400C0B237D0022BDED1F5
:1007B0002F6135E0636813B94FF4ED71D0E720463F
:1007C00098470020D3E763680BB9DA21C8E70B220A
:1007D00032701988A6F80310012200241869B2703B
:1007E0007271B471214608F032F92C61042091E74E
:1007F000606810B940F20521B2E70E4B31461B6824
:10080000984700232B61022084E740F20E21A7E7DE
:1008100040F21121A4E74FF40571A1E784F8089094
:1008200000283FF470AF75E7002B7FF46CAF62B621
:1008300069E700BF8800002070B5134C1426231D03
:1008400032460021184607F069FB0346012525744E
:1008500000210433324604F11800C4E9013307F0E3
:100860005DFB84F8245004F11C03C4E90633002323
:10087000E362236384F83430C4F83530C4F8393087
:1008800084F83D3070BD00BF20100020014B58702F
:10089000FFF7D2BF20100020014B024A1A607047B8
:1008A00088000020F105010038B50B4D05F1180155
:1008B0000446FFF71FFF70B9AB681B7A0C2B04D1FD
:1008C000064BDA7D0AB11B8B2BB120460449BDE8EB
:1008D0003840FFF70FBF38BD201000200410002063
:1008E0002410002010B51346027A22B14FF42D7166
:1008F0001020FCF7B9FC0A46BDE81040014601484B
:10090000FFF7D6BE24100020044890F834301BB9FD
:1009100003492C300AF0C8B8704700BF20100020EF
:100920009BAA010010B50A46037A23B14FF42F7138
:100930001020FCF799FC0146BDE810400148072350
:10094000FFF7B6BE381000201346027A0AB10372D0
:1009500070470A4601460148FFF7AABE241000204E
:100960001B234FF01B128384038482618382C26045
:10097000038539B94FF4A473034AC3844384C26125
:10098000C3820261704700BF480148010346F0B4CA
:10099000B3F85420B3F84840B3F84460DF8FB3F89D
:1009A0004250944228BF14460846B3F84C20B3F88E
:1009B0005610DC878A4228BF0A46B3F84610A3F8CF
:1009C0004220914238BF1146A64238BF2646A74270
:1009D000A3F84460A3F846101FD1AA1A18BF012239
:1009E000B3F84A50B3F85040B3F852709E8FB3F842
:1009F0004010A54228BF2546B3F84E409D87BC4213
:100A000028BF3C46AE42A3F8404002D1A14200D1EB
:100A10002AB1F0BC03490AF050B80122E0E7F0BC6B
:100A2000704700BFC1AA01000B8BA2F80B304B8BA3
:100A3000A2F80D308B8BA2F80F30CB8BA2F80900F7
:100A40000249A2F8113010460AF031B811AB01008A
:100A5000094AD2E90003434083EAB01181EA432105
:100A60004FEAF3435360054B116058434FEAF0607F
:100A700000EB8000704700BF60100020BB79379EFC
:100A8000094AD2E90003434083EAB01181EA4321D5
:100A90004FEAF3435360054B116058434FEAF0604F
:100AA00000EB8000704700BF20000020BB79379E1C
:100AB00010B50A4C09480821FCF718FED4E90023B8
:100AC0001343F7D0064CFFF7DBFF2060FFF7D8FF9A
:100AD000236860600343F6D010BD00BF20000020F3
:100AE00060100020174B184A9A60184A5A60184A3A
:100AF0001A60184A9A62184ADA62184ADA60184A82
:100B00009A61184A1A63184A1A62184ADA64184A2B
:100B10009A64184A5A62184B184A9A60184A5A62DC
:100B2000184ADA62184A1A61184A5A61184A9A61D0
:100B3000184A1A63184A9A64184ADA64184A9A6377
:100B4000704700BF8C000020D9AD01000FAE01003E
:100B500087AE010011B0010065B00100A90E0100CF
:100B60007BB00100191101008D0F01005BB1010084
:100B700077B10100E50F010078010020FBAD010015
:100B80001BB101009DB0010041B00100C1B00100E6
:100B90002D0F010003B20100AFB101009DB10100B2
:100BA00001B10100044B054A5A65054B054A1A6517
:100BB000054A5A65704700BF8C00002047AF01000E
:100BC000780100202DAF0100B9AF0100054B064AA6
:100BD0009A65064A1A66064B064A9A65064ADA6517
:100BE000704700BF8C000020B3A1010049A20100A2
:100BF00078010020EDA001002DA40100252A70B588
:100C000005460C4618D8012A19D9023A232A16D8C3
:100C1000DFE802F01A15252424331535152439444C
:100C20004815154D242467676D7415151515151590
:100C30001515151515808990FF2A00F0828040F265
:100C4000FE315120FCF710FB02784368012A02D1E3
:100C500093F8203101E093F82931237170BD416888
:100C6000204601F5EB7109F094FE6968204601F514
:100C70008A71BDE8704009F08EBE4368E8E7BDE8C0
:100C8000704000F011BA0E230B7159234B710023F1
:100C90008B714E23CB7110230B72DFE7436893F8FF
:100CA0001A31DAE7BDE87040084600F0EBB9037886
:100CB000466873B996F820315BB196F81D1120464D
:100CC00009F0B9FE96F81C112046BDE8704009F005
:100CD000B6BE96F81B11204609F0ADFE96F81A1123
:100CE000F2E741682046BDE870400AF02AB8436840
:100CF00093F83621227193F8373109E0436893F86D
:100D00003421012AF4D093F864200A7193F86530F5
:100D10006371A3E7104B1B68002B9FD00246232072
:100D2000BDE8704018470C4B1B68002B96D002465C
:100D30002420F5E7084B1B68002B8FD002462520A6
:100D4000EEE74368204693F84F22D3F85012BDE8EF
:100D5000704009F0B8BD00BF640200203A289ABF75
:100D6000024B53F820000020704700BF8C00002089
:100D70003A289ABF024B53F820000020704700BF6A
:100D800078010020F7B545682E6904464FF6FF77D5
:100D90000DF102010DF101023046ADF8027007F0CD
:100DA0000EFE01A9304607F02DFE40B1019807F074
:100DB000EEFE616800220272FFF7B4FDE8E7044925
:100DC00005F1A80003B0BDE8F04009F070BE00BF17
:100DD00073AD0100F0B5044685B00D46FF2600F85E
:100DE000856C10F8863CF3B1174F3B781BB1482156
:100DF0001F20FCF739FA0C21381DFCF777FC3E70F8
:100E0000002304F8853C2A46072302F8033BD4F864
:100E10000930C5F80330D4F80D305360D4F81130E0
:100E2000936005B0F0BD01A80C21FCF75FFCA4F5B0
:100E3000A873039A1A6001AB03CB44F88E0C44F8F4
:100E40008A1C04F8866CDBE76810002010B5054C9E
:100E500023782BB90C21201DFCF748FCFF232370BD
:100E600010BD00BF68100020024690F8DE31BBB90B
:100E700090F8DF3103F0FF010BB100207047094B00
:100E800018780028F9D01970D968C2F81411043301
:100E900003CBC2F8D601C2F8DA11FF2382F8DE31A3
:100EA000012070476810002038B5426892F88F30F2
:100EB00004460D463BB1132B05D0113B0B2B94BFC1
:100EC0000820012038BD92F8D23013B9204609F02D
:100ED000F6FE6168284601F5E77109F04FFD61688B
:100EE000284601F5887109F050FD61680B88A1F86A
:100EF0006D32284601F26F2109F038FD61682846FD
:100F000001F2772109F037FD6368002583F8DE518F
:100F10006068054900F5197009F0C6FD636815227F
:100F200083F88F202846CDE7D50D010038B54368FA
:100F300093F88F201C2A044604D040F2BB111F20D6
:100F4000FCF792F993F8D2101D88002283F8D12083
:100F500003F5D17069B10B4983F8D220A3F8AC51E5
:100F600083F8AB2109F0A0FD6368002283F88F208D
:100F700038BD012283F8AB11A3F8AC51024983F8C4
:100F8000AE21EFE7FDAF0100EFAF0100436830B5E0
:100F9000D3F8804014F001001FD14D68104A8968D1
:100FA000A3F8CE002A40C3F8E220C2F3076242F061
:100FB000080221F41E5121F0100183F8E52093F876
:100FC000D0200904090C013244F00104C3F8E610F2
:100FD00083F8D020C3F8804030BD0120FCE700BF7B
:100FE0002FC904F710B5406890F88E30042B2FD12C
:100FF0004C688A68184B22F41E522340C0F8E23035
:1010000022F01002C3F3076343F008031204120C2A
:1010100080F8E5300023C0F8E62080F8CC3080F876
:101020008E3090F8842102F0FF049AB90388A0F86A
:10103000863180F885414B68C0F888318B68C0F8EC
:101040008C31064900F5BE7009F02EFD204610BD1A
:101050000124FBE71C46F9E72FC904F7DFB00100C4
:10106000406890F8843153B90388A0F886311A2378
:1010700080F88531024900F5BE7009F015BD704752
:10108000DFB0010010B50446FEF750FE21F41E51FA
:10109000044B21F0100109040340090C6360A160B6
:1010A00010BD00BF2FC904F737B50C464568FEF7E1
:1010B0003DFE0A4B95F8E22021F41E5121F010016B
:1010C000034009040093090C13408DF8003001918E
:1010D0006B4603CB6060A16003B030BD2FC904F73D
:1010E000DB0410B5144604D5037D13B1002343631C
:1010F00010BD436B013343630AF066F8D0E90D235A
:101100009A42F5D30023436302492046BDE81040CC
:1011100009F0D3BC4DB1010038B5446894F88E3065
:10112000012B0D4603D0D4F88030980745D494F8AD
:10113000D330990719D4284609F030FC84F8DD0033
:10114000B5F80530A4F8DE30B5F80730A4F8E03083
:1011500094F8D33043F0020284F8D320DA0711D593
:10116000174904F1D40009F0A8FC94F8D330DB0748
:1011700018D4D4F8803013F0020208D05521402052
:10118000FCF772F894F83A31002BE9D1EDE743F01F
:101190000203C4F8803094F8D030A4F8CE20013394
:1011A00084F8D03094F88E30012B4FF0000003D13A
:1011B00084F88E0084F8CC0038BD0120FCE700BF25
:1011C000E5B1010070B545680446FFF743F9054BEA
:1011D00085F88D001B6801461BB12046BDE87040B4
:1011E000184770BD6C020020024B1B6803B1184702
:1011F000704700BF68020020F0B5204E05463078E9
:101200000024147080B1431E7768DBB2181B0128DC
:101210000BDC07EBC40057F834604068884208BF15
:10122000AE4212D114700120F0BD1819461007EB20
:10123000C60E57F836C0DEF80460AC45C0F3470070
:101240008E412CBF03460446E0E7B54271EB000037
:1012500002D214700020E7E707EBC30057F83340D1
:101260004068884208BFAC4201D11370DBE7A54259
:10127000814128BF01331370ECE700BF88100020C4
:1012800010F0070208B503D063214820FBF7ECFFFC
:1012900018B1034B197258601A70C80008BD00BF1E
:1012A00088100020014B00221A707047881000201F
:1012B000014B187A704700BF881000202DE9D343F6
:1012C00009F0CAFF0DF1070207460E46FFF794FF2B
:1012D00098B9114C2278237A93420ED06168134654
:1012E0006FF0604E9DF80700984209D301EBC003F0
:1012F000C3E9007601322270012002B0BDE8D0833C
:1013000003EB0E0001EBC000D0E90089013BC0E90E
:101310000289DBB2E6E700BF8810002037B509F08C
:101320009BFF0DF10702FFF767FF0446A0B10C4ACF
:101330009DF8070013785568013BDBB213701A1A49
:10134000D2B2411CD200834238BF002205EBC1015A
:1013500005EBC00006F024FD204603B030BD00BF01
:10136000881000200A46822302F8033B04480368E1
:10137000C1F803304368536083689360704700BFCF
:101380009110002002481622002106F0C7BD00BFC0
:101390009110002082B002AB03E903000B48437DAB
:1013A00093B1530610D50A880280D1F83022B1F8E3
:1013B00088304260D1F8342205498260438002229D
:1013C0000C3002B0FFF7C0BA02B070479110002095
:1013D0006513010038B5074D044600F15101286836
:1013E00009F0DBF994F850102868BDE8384009F09E
:1013F000E2B900BFA8100020F8B504460E46658883
:10140000407F15F00401134618BF04F15F01324616
:10141000FEF7F4FEC20705460BD5012384F85030D1
:10142000607FFEF74FFF0368C4F851308388A4F84B
:101430005530AB070CD5094E0127306884F85E7033
:1014400004F15F0109F0B0F93068394609F0BCF9E0
:1014500085F00400C0F38000F8BD00BFA810002094
:1014600038B5C38D0E4D0133C385AB7C04462BB11B
:1014700002F070FC01F00EFE0023AB7400232B7110
:1014800094F879302BB101212046BDE8384007F0AF
:10149000FFBF637C13B1E28D9A42F4D20021F3E7DF
:1014A000A810002010B5094C2379012B02D0237914
:1014B000022B05D1A37C1BB102F04CFC01F0EAFD2C
:1014C000E069BDE81040FFF7CBBF00BFA8100020C7
:1014D00070B5294C2379012B07D02379022B04D036
:1014E00040F63C412D20FBF7BFFEA0B90125A37CAF
:1014F0001BB102F02FFC01F0CDFD002D3AD0E069C8
:1015000007F03EFF002830D002F01AFB236ABDE846
:1015100070409B6818472168E26911F8095B02F185
:101520005103E80992F8502008F0A1FF0028DDD00F
:101530002068002109F06DF90028D7D02379E069EF
:10154000012B05D02379022B02D040F61541C9E7C3
:101550002379226A03F180435269013B05F00F01B0
:1015600052F8233098470546C1E7E069BDE870406E
:10157000FFF776BF70BD00BFA8100020074A0346E2
:10158000D06903B909B9FFF76BBF1379126A03F188
:1015900080431269033B52F823301847A8100020FB
:1015A0002DE9F043032985B0054690467BD090F89D
:1015B00078300529DBB202D14288D60760D5002BEE
:1015C0005ED10127DFF8E89099F81260B6B108F013
:1015D00083FF082888F8000014D002AA0DF1070143
:1015E000FEF7E2FD20B940F685612D20FBF73CFEB9
:1015F0009DF8070002A909F03BFE064698F8003066
:10160000082B08D1D9F8001011F8030BC0F3801093
:1016100009F02EFE0646D9F8001095F8572011F86B
:10162000030B05F15803C0F3801008F020FFD9F830
:101630000010044611F8030BC0F3801008F042FFBD
:101640008146FEF751FE014640B1B9F1080F1BD0AB
:101650004846FEF775FD80F00101C9B298F8000018
:10166000082815D094B96B7F1C1A604260416B88C2
:101670005A0706D421B996B9EB7C93B1BB4210D07E
:10168000002005B0BDE8F0830021E7E70120EEE788
:1016900014B181F00104E4B204F00100E7E7304640
:1016A000EFE70120EDE743889B07E9D5022789E7AB
:1016B000A81000202DE9F04F85B008230DF1070296
:1016C000052104468DF80730FFF76AFF064620B96A
:1016D0000026304605B0BDE8F08F7A4F3968FA7CB5
:1016E00011F8030B07F11403C0F3801008F0BFFEDC
:1016F00080460028ECD13B68216A184691F8962074
:1017000010F8035B02EA551202F0010281F89620FC
:10171000D3F80320C1F803208288A1F807201946D6
:10172000226A11F81F0BC0F38010907009798DF8B0
:101730000C10D3F80F10D3F81F00D161597D02901F
:10174000187D090441EA0021D87C01435162B3F8B5
:10175000191040F2E24909FB01F191619D7DC5EB51
:10176000451105EB810505EB85056D009585B3F801
:10177000171009FB01F19162B3F81B101184B3F843
:101780001D10518493F8243003F01F015B0982F887
:10179000A21082F8B031256A94F912B002A905F1BD
:1017A000960008F052FF40F20113A5F868304FF0A0
:1017B000FF0A85F86AA0414605F13000FFF7D0F82E
:1017C00059462846FEF72AFE236A84F883801A8841
:1017D000A4F8842084F8A1A04FF6FF72A4F8A220F8
:1017E0009A69B2FBF9F2A4F89A201A8CA4F89C200A
:1017F0005A8CA4F89E2093F8B02184F8A020227F70
:101800009DF8070004F18E015AB394F85020012A84
:1018100027D194F8562002F0C002402A21D1D4F8F2
:101820005120C4F88E20B4F855208A809A7884F824
:101830008720082803F1030504F18802D3F8033058
:1018400004F1940134D0C4F89430AB888B8004F157
:101850008701FEF7A9FC40B940F69B312D20FBF72C
:1018600003FD0022C4F88E20DFE794F8873043F0B0
:10187000020384F88730144904F17A0009F014F95E
:10188000236A12491A88A4F8BB2093F8963084F88A
:10189000BD3004F1B20009F007F90D4B206A1B6856
:1018A00000223A71002B3FF414AF2146984710E70D
:1018B000C4F88830AB8893800023C4F894308B80C0
:1018C000D9E700BFA8100020B3B2010085B2010023
:1018D00074020020032973B5044604D0052952D0B0
:1018E000012002B070BD08230DF107028DF807300A
:1018F000FFF756FE0028F3D0237C284D03B39DF854
:10190000070094F8C630DBB9237884F8C73008287C
:1019100004F1C90228D004F1C801FEF745FC20B942
:1019200040F6FB612D20FBF79FFC94F8C83043F094
:10193000020384F8C8301A4904F1BE0009F0B4F873
:101940002B68062204265A701E702046FFF742FDBF
:1019500094F84020E16B286808F04CFF28682E714D
:1019600002F088F90020BCE72868034613F8031B3F
:10197000C1F3801184F8C810D0F80310C4F8C9105E
:101980009B889380D7E7074B1B6823B1984780F06B
:101990000100C0B2A5E71846A3E700BFA8100020C9
:1019A0009BB2010070020020F8B504460F4619B33F
:1019B00000F12805284609F068FEA0B963881A07D7
:1019C0002ED5284609F078FE0646284609F05DFE29
:1019D000301AC0B209F080FE444A93680344284696
:1019E000936009F02EFE284609F030FE01F0C8FF92
:1019F0002179252001F0BCFE3C4D94F85E2028683A
:101A00000023037043706388103B0D2B5ED8DFE822
:101A100003F0595D550C5D405D5D5D5D5D5D5D4054
:101A20002046BDE8F840FFF71BBD06234370202386
:101A300003702046FFF7CEFC638823F008039BB2B7
:101A4000152B05D094F83820616B286808F0C3FE88
:101A5000286802F00FF9032321792B71002001F08F
:101A600095FF064607B9E86063881B0704D509F0AF
:101A700030FE0644C4F8E0606388103B0D2B30D87C
:101A8000DFE803F0322F29292F292F2F2F2F2F2F77
:101A90002F290C2343702123037042B104F15F010D
:101AA00008F082FE0121286808F08EFEC1E704F1EB
:101AB000580108F079FE94F85710F4E706230370F4
:101AC0004370B6E7022303700623F9E740F226616C
:101AD0002D20FBF7C9FB21790120BDE8F84002F079
:101AE00053B940F6AA41F3E7F8BD00BFA8100020A3
:101AF00038B54388102B044604D1BDE83840012195
:101B0000FFF752BF0B4DAB7C23B101F0A9FA402087
:101B100002F014F9286802F0ADF8608810F00400B3
:101B200002D1217902F030F9002002F0E3F801231C
:101B30002B7138BDA8100020024B0121D869FFF796
:101B400033BF00BFA810002010B5134CA37C1BB1FD
:101B500002F000F901F09EFAE06907F011FC70B1A3
:101B60002379E069012B0FD12379226A03F18043A5
:101B7000D268013BBDE8104052F823301847E069B5
:101B8000BDE81040FFF76CBC2379022BECD040F687
:101B900043312D20FBF768FBA810002010B5094841
:101BA000037903F0FF0453B918222146043006F0EC
:101BB000B5F902F0CFF801F06DFA204610BD0C2403
:101BC000FBE700BFA810002010B5094C00232371CB
:101BD0002060FFF7E3FF20B140F2F6212D20FBF754
:101BE00043FB236A13B940F2F921F7E710BD00BFA8
:101BF000A8100020014B024A1A627047A81000206A
:101C0000E41E0100034B044A1A60044B044A1A60A4
:101C1000704700BF70020020B5160100740200205A
:101C200081F300002DE9F041067DB31EDBB2012BEC
:101C300004468CBF4FF000084FF001087EB3B71E7A
:101C400018BF0127012B36D800F1580190F8570032
:101C500008F038FC082805462DD0FEF77DFA58BB61
:101C6000657784F81C8084F85070FEF797FA054673
:101C70000AF02AF8174BA5FB03351B1845EB0105A5
:101C80000022C4E9123584F85E2011462046FFF791
:101C9000B3FB70B940F293412D20FBF7E5FA3746CC
:101CA000082504F151010020FEF73CF90028D7D1A6
:101CB0000020BDE8F0810825022EF2D0E37E002B43
:101CC000F6D0D4F81530C4F85130B4F81930A4F86F
:101CD0005530C5E740420F00F0B5464E327985B029
:101CE000044602F0FF0312B90278FF2A04D140F63D
:101CF000A9112D20FBF7B8FA3382B3607371B37169
:101D000080F879303C4B00933C4B01933C4B029361
:101D1000336A68465B68039301F0A4FF01F066FD37
:101D200002F018F801F0B6F9364801F003FE04F1AC
:101D30002805354801F090FF284609F082FC284626
:101D400009F084FC01F01CFE2179252001F010FD32
:101D500094F9120001F0E8FD04F13401206B07F062
:101D600011F804F13C010746206B07F032F80546F4
:101D700017B194F82430C3B90DB194F82550237FDE
:101D800013B963885B0709D5D4E912126FF00043D9
:101D90009A4208BFB1F1FF3F09D185B930680330DD
:101DA000FEF71AFAB07405B0F0BD0125E7E709F0B7
:101DB0008BFFD4E91223904271EB0303EDD3012290
:101DC00005EA02012046FFF717FB68B1FEF7E6F9C6
:101DD000054609F079FF0D4BA5FB03351B1845EBB4
:101DE0000105C4E91235D9E7002DD7D040F6DE1140
:101DF0007FE700BFA8100020491B0100D11401009B
:101E00007D150100D6BE898E5555550040420F0004
:101E1000F7B50446FFF760FF00212046FFF7C4FD39
:101E200004F1680008F019FB236F0BB101221A605E
:101E30006388DB0721D50023114E256ACDE90033E5
:101E4000FF23F37405F10A076846FBF72DFFA0B9DD
:101E5000009CA542F8D06A7A607A3B4604F10A01F8
:101E600008F005FB0028EFD0A378F374D4F8030042
:101E70007061044BB4F807209A8003B0F0BD00BF36
:101E8000A8100020BC100020024BD8611B6A1B6800
:101E9000184700BFA810002043881B0710B5044650
:101EA00011D5036A0A493C2280F883201B88A0F8D8
:101EB0008430FF2380F8A1304FF6FF73A0F8A230E2
:101EC0007A3008F0F1FDFF2384F8793010BD00BFAF
:101ED000B3B20100D5180100F11A01000BB30100E3
:101EE00005B30100111E0100A5140100391B0100FA
:101EF000E01E0100D81E0100D41E01000138022896
:101F000008B503D9C3212F20FBF7AEF913290A4BDB
:101F100005D811290CD8102907D0D121F3E71529AC
:101F2000FBD103EB4003D88801E033F8100008BD73
:101F300003EB40039889FAE7147E0300F8B52F4BB2
:101F40001A88402842EA00021A8005D104219868C4
:101F5000BDE8F840FDF744B9802801D10521F6E736
:101F600000F00302032A04D140F6CA113120FBF726
:101F70007BF910F0020418BFD960C50705D5CA78EF
:101F80001961062A0DD00B2A18D02CB1DA68D27844
:101F9000052A1FD00B2A2AD0820644BF08221A75B0
:101FA000F8BD9A6892F88F101829EED10026002704
:101FB0000121C2E93C6782F89310E6E79A6892F83B
:101FC0008F10122901BF002182F89310012182F89D
:101FD000D210DAE79A6892F88F101629DCD1002423
:101FE0000025C2E93E45012182F89410D4E79A68A1
:101FF00092F88F101129CFD10021F5E7CC100020E5
:1020000013B5044601A8FDF715FF20B940F2CA71C7
:102010003120FBF729F922220021019805F07EFFEB
:102020000198032108F043FC0198037823F0100382
:1020300003702146FEF768FA019906482246FEF72A
:10204000DDFDFDF70DFF10B940F2D471E0E702B0FD
:1020500010BD00BFD010002070B5274CA36893F8C6
:10206000566293F85752002E3FD193F86810002D16
:102070003DD193F8692083F8681083F86920FF2226
:1020800083F86A201D4B1B680BB1A0689847A368B2
:1020900093F83431012B02D056EA050303D01848D7
:1020A0000021FDF76BFEA068303008F07FFD05468B
:1020B000A06800F24511FEF769FCA0680621FDF753
:1020C0008FF8A068303008F071FD8542044610D2C8
:1020D00002F018FF0146601B322838BF322004F09E
:1020E00095FFB0FA80F0400970BD3146BFE72A463F
:1020F000C1E70120F8E700BFCC1000207C020020DF
:10210000D0100020002908BF1F21172810B5034652
:102110000BD80D280DD90E3809280AD8DFE800F0B1
:102120000B0909090B090B09110BA0F12303022B61
:1021300023D9002010BDBDE810400021184609F049
:10214000CFBA114CA36893F88E20212A09D1201D03
:10215000FDF714FEA368002283F88E2083F8CC20BC
:10216000E7E72E2AE5D193F88F30A3F12002062A63
:10217000F0D92E2BEED02A21E9E7044B1B68002B67
:10218000D7D0BDE810401847CC10002078020020BE
:10219000114B09790246986890F88E30212B11D0A6
:1021A0002E2B0FD0282B0FD0042B0FD00F2B0FD09E
:1021B0001D2B0FD090F88F30232B14BFFE2017203B
:1021C000FFF7A0BF1620FBE72320F9E70E20F7E773
:1021D0001220F5E71420F3E7CC10002008B50C4BD3
:1021E0009B6893F81E21FE2A04D040F2D971312059
:1021F000FBF73AF883F81E0111B9A3F8CE1008BD19
:102200000022A3F8C820012283F8CC20F7E700BF02
:10221000CC1000200C4A117D91B938B99068B0F803
:102220005810828F91420BD8FCF7CCBF13881B0744
:1022300008D5936893F89000073818BF01207047BD
:102240000020704701207047CC1000204368D3F86D
:10225000803013F0300F2DE9F74304460D4656D178
:10226000084608F0B5FB30B92946204603B0BDE862
:10227000F04308F052BD2846666808F0A5FB074603
:10228000284608F09DFB8046284608F09FFB8146C3
:10229000284608F097FB303600904B4642463946B8
:1022A000304608F095FC1B4B1A88920711D5DA6866
:1022B000D278142A0DD16268D2F8803043F010032E
:1022C000C2F88030204608F0FAFC002003B0BDE8D8
:1022D000F083626892F88E101D29ECD092F82B21C1
:1022E000002AE8D1626892F82A21002AE3D16168C5
:1022F000D1F8802042F02002C1F880209A6811466F
:1023000002F5A77231F8300BFEF78EFBDAE70120F9
:10231000DCE700BFCC10002010B5164BDB68197944
:10232000436893F88E20092A09D193F819218A422B
:1023300005D1002283F88E2083F8CC2010BDD3F87D
:10234000802012F0080407D022F00802BDE81040F7
:10235000C3F8802008F0BDBCFF2905D1332283F8E3
:102360008E2083F84C42E9E740F2DE413120FAF753
:102370007BFF00BFCC10002010B50B794268172BF3
:1023800092F88E2004460CD80D2B0CD9A3F10E0127
:10239000092908D8DFE801F0090707070907090735
:1023A0001009232B26D0002010BD22460121BDE8B4
:1023B0001040184609F094B9212A01D02E2AF2D1F2
:1023C000204608F073FC636893F88F20222AEAD035
:1023D00093F8E32022F0010283F8E320626892F888
:1023E000E33023F0080382F8E3301A212046FDF79A
:1023F000C5FCD8E7282AD6D1024B1B68002BD2D0C7
:102400009847D0E780020020F7B5814C05460028A8
:1024100040F0B28023881F0735D5A36893F81E21AA
:10242000FE2A04D14FF4AA613120FAF71DFFFE22E3
:1024300083F81E2193F88F201A2A07D183F8D10040
:10244000201D08F046FCA36883F88F50A36893F81A
:102450008E20332A42D03F2A49D0202A0AD193F82D
:102460008F20A2F12001062901D92E2A34D12E2253
:1024700083F88E20A36893F89020072A02BF0222D7
:10248000627583F81E212388DE0734D42388580719
:1024900000F1A080990713D5E368DE780D2E00F0D7
:1024A000A180112E00F0A080072E00F09F80304602
:1024B000FEF75EFC0346002800F09A8055489847D6
:1024C0002388DA0658D5A36893F88F200A2A53D1B7
:1024D0000B2283F88F204FE02122C9E7012283F8E5
:1024E0004D22002283F88E2083F8CC20C2E7494891
:1024F00008F0DCFBBEE7A368276993F88F30113B37
:102500000B2B0BD8FB78023BDBB2092B7CD80122CA
:1025100002FA03F340F23332134275D03846FDF726
:10252000E3FF20B939463B4808F0F7FB47E0FE7867
:10253000012E01D9162E0FD1A36893F88E0008F052
:10254000DDFB48B1A36893F88E20202A04D0212A0D
:102550000ED12E2283F88E20112E35D026D8072EAC
:1025600034D00D2E34D03046FEF7F8FB034621E080
:10257000162E0CBF20250225237D1B0713D5A3682B
:1025800093F88F30113B0B2B40D9002601A9032073
:102590000196FBF7F1FF019B2BB11E720C22A16883
:1025A0000198FEF79FF9284603B0F0BD142EDAD14A
:1025B000194B1B68002BB5D0216916489847002895
:1025C0003FF464AF0546D7E7144BF5E7144BF3E748
:1025D000144BF1E7A26892F89020062A04BF01226A
:1025E000627557E7104B69E7104B67E7104B65E7DB
:1025F000FF2E06D1A268332182F88E1082F84C0299
:102600005EE740F244510FE70825B5E70825CAE721
:10261000CC100020D010002088020020EDB701006F
:1026200079230100912101007DB701009BB70100D2
:10263000192301002DE9F041A54CB4F800800E46A5
:10264000A16818F4007F0ABFB1F8C220002301324C
:1026500001F1800507461ABFA1F8C23081F8C731E1
:10266000A1F8C220284609F0B0F828B1434601F588
:102670009E722846FEF734FD238803F4C06333B10D
:10268000A06890F89230002B4AD0032B4ED0A1685E
:10269000238891F89220012A04D11D0544BF02220B
:1026A00081F89220002F40F0AD8058065DBFB1F850
:1026B000E021013292B23A46A1F8E02103F00A0289
:1026C0000A2A0DD1E268D278022A09D123F0080340
:1026D00030462380FFF798FE08230643F6B2238096
:1026E0003046FFF791FEA36893F81E210643FE2AA9
:1026F000F6B24FD1002E4DD193F89020063A012A20
:1027000048D993F82831B3B1A36893F82921A3F8E5
:10271000C66083F8202101210220FFF75FFD39E028
:10272000012180F89210FCF75BFDB0E7022380F8EE
:1027300092300121F7E7A06890F88F30A3F11005DF
:10274000EDB20C2D11D8113B0B2B00F25681DFE8B6
:1027500013F00C015401540154010F0117015401ED
:1027600054015401540154014201D0F88030D9077A
:1027700002D531460920D0E79A0740F19A803146C8
:102780000C20FFF72BFDA26892F8D33043F0010331
:1027900082F8D330A568B5F8C03195F8C48101330B
:1027A000A5F8C031B8F1000F00F0E581FBF7D6FEC7
:1027B00010B10023A5F8C031A16891F89280B8F15A
:1027C000010F40F20E8291F89030072B40F0EB8120
:1027D000B1F8C230022B40F20482B1F8C450013586
:1027E000ADB2B1F888302B44A1F8B83191F8C531B9
:1027F000002B00F0FF810123A268B2F888100B447F
:10280000A2F8BC312288A36855065BBFB3F8CC217F
:10281000B3F8BE1100225218A3F8CC2193F8283146
:102820002BB9A36893F89030063B012B07D8A36817
:10283000B3F8C620B3F8BE110A44A3F8C620A368B3
:1028400093F8CC0030B1B3F8C820B3F8BE110A44F5
:10285000A3F8C82093F9D0100029C1BFB3F8CE2047
:10286000B3F8BE515219A3F8CE2093F8B1205AB94B
:10287000002F40F05982627D022A40F00E8293F8C8
:102880002021062A18BF1622A36893F8B0302BB96E
:10289000A368104883F8B120FEF774FAA06808F026
:1028A000E4FFA368002283F8C321BDE8F041FDF7EF
:1028B000FDBA590702D5314613202EE71A070BD56A
:1028C00090F8183180F820313146072025E700BF05
:1028D000CC100020D010002013F0300F3FD090F823
:1028E0002B31002B40F02682A36893F82A31F3B1F4
:1028F000A06890F88F30252B00F5957100F25622D4
:102900002BD090F88E30A3F1250CDCF1000343EBC3
:102910000C0308F04FF9A268D2F8803023F02003AE
:1029200043F01003C2F88030002382F82A31A068F7
:10293000D0F88030DA0640F1FD8100F24511FEF753
:1029400025F8A368B3F85220A3F82021B3F8562045
:10295000A3F8222100211520DFE60123D9E75B0639
:1029600040F1E88100212420D7E600210B20D4E6A5
:10297000FEF77AFA00283FF40DAF00210420CCE6E0
:1029800090F84832012B08D100210520FFF726FCE2
:10299000A368002283F84822FCE6A36893F8483233
:1029A000022BD8B27FF4F6AEA36893F8D250062279
:1029B0001DB183F820210021E8E78C48032108F0AD
:1029C00097F9A36893F8E23013F0040F294614BF77
:1029D00011200D20DAE7002106209EE693F834212D
:1029E000022A02D10021172097E693F83421012A08
:1029F00003D193F83531002BF4D0A36893F88E20DF
:102A00006AB993F88F20103A0C2A40F2A38193F808
:102A1000C020002A00F09E81012112207DE6092AB3
:102A200040F0948193F8192183F8202101214CE78B
:102A3000A36893F83A319BB1A36893F8D33013F0AD
:102A400003050DD101210C20FFF7C8FBA36893F803
:102A5000D32042F0010283F8D32083F83A519BE758
:102A6000A36893F82A3153B3A36893F82B3133BB8F
:102A7000A06890F88F30252B00F5957100F2562252
:102A80001BD090F88E30A3F1250CDCF1000343EB52
:102A90000C0308F08FF8A368002283F82A21012193
:102AA0001420FFF79BFBA368B3F85220A3F8202162
:102AB000B3F85620A3F822216CE60123E9E7A368C6
:102AC00093F83421012A4CD193F83531002B48D1A9
:102AD000A16891F88F30A3F12002062A41D92E2B4C
:102AE0003FD091F86850012D06D0022D04D040F25D
:102AF0000B310620FAF7B8FB91F86900012801D0E4
:102B00000228F4D1022D91F836210AD0012A14BFEF
:102B1000002201223AB90A3B042B12D901211620C6
:102B2000FBE5022AF3E7022891F8372117D0012AA2
:102B300014BF00220122002AEDD02C480021FDF70D
:102B40001DF9A36893F88E20002A7FF423AE93F832
:102B50004C32002B3FF41EAE0121FF20DDE5022A9E
:102B6000E6E7234B1B68002BEBD020489847FE2854
:102B7000E7D00121D1E5FBF7EBFC08B1A5F8C08156
:102B8000FBF7F4FC00283FF417AE95F8C73101338A
:102B9000DBB2022B85F8C73182BF0023A5F8C03114
:102BA00085F8C73108E691F8C0301BB191F88E3036
:102BB0000F2B16D1B1F8C450B1F8C23001F180002A
:102BC000ED1A033D08F001FE68B1D1F8B830D1F834
:102BD000B420033B9B1A9D42A8BF1D46012D3FF721
:102BE000FFAD0125FDE52B46F5E700BFD010002025
:102BF00084020020012D7FF6FEAD91F88F3013B1D5
:102C00000B2B7FF4F8AD91F88E30002B7FF4F3ADF1
:102C100091F89030002B7FF4EEADB8F1020F7FF405
:102C2000EAAD91F8C731002B7FF4E5AD086905F0F6
:102C30002AFF00283FF4DFADA26892F81E31FE2B78
:102C40007FF4D9ADB2F8BA31012B7FF6D4ADB2F82A
:102C5000C011138C9942BFF4CEAD5B1A013DADB2E9
:102C60009BB29D4228BF1D466B1C9BB292F87720F9
:102C700072B9A1680A6F5AB1B1F8BE20B1F88810D4
:102C8000521A91B212B2002A02DD9342A8BF0B463B
:102C9000A268012182F8C211AEE5012A09D193F898
:102CA0009120002A7FF4F0ADA0680021FCF798FA8B
:102CB000F7E55EB1F00635D4310735D4B20635D428
:102CC000B30735D140F64C11312013E738B1B3F8D2
:102CD000C800B3F8CA20904201D32222D4E50029CB
:102CE00005DDB3F8CE10B3F8CA209142F5D2B3F89F
:102CF000C610B3F8C42091420BD2A36893F8921087
:102D0000B3F8C22051B1B3F8C4309342CCD80822F2
:102D1000BAE593F82831002BDFD1EEE7052AC3D9B5
:102D20003E22B1E51E22AFE53D22ADE52322ABE513
:102D30002A22A9E5A36893F88F20222A3FF44EAEF9
:102D4000312A7FF45AAE00211120E6E40C2D3FF623
:102D5000F8AE1FE50C2D7FF61DAD93F83B31002B2F
:102D60003FF466AE01210E20FFF738FAA368002277
:102D700083F83B2110E600BF73B5664D00240126A1
:102D80002E71A8602C802C756C75FF2380F8C331E0
:102D9000AB681888FDF748F8AB681888FDF770F83D
:102DA000AB68B3F8BA21EAB193F81E21FE2A19D113
:102DB00093F82831B3B1AB6893F89020063AB24249
:102DC00010D993F82921A3F8C64083F820210220C6
:102DD0003146FFF703FAAB68022083F8C241FFF7E0
:102DE0000FF904E0AB6893F81E01FE28F7D1AC6838
:102DF000B4F8BE31B4F8C021013B12FA83F2A4F852
:102E0000C021B4F8C22099B212FA83F3A4F8C230F8
:102E100004F1800008F0D9FC20B1D4F8B4300B44A0
:102E2000C4F8B430B4F8BA31012B9CBF0133A4F814
:102E3000BA31002609B184F8C76194F88F3084F85C
:102E4000C261A3F10A02012A1FD8B4F88830B4F88D
:102E500054229B1A190432D404F2562104F196002C
:102E600007F0F3FBAB6883F88F60FF2283F8EA205A
:102E7000A968B1F8BE2101F1800007F02CFCA0B3D5
:102E800040F6D7013120FAF7EFF9252B17D1B4F826
:102E90005422B4F888309B1A1A0410D484F88F6036
:102EA000FFF7DAF8AB68014630B983F8340102B0B5
:102EB000BDE87040FFF7BEBB83F83461D8E794F8F3
:102EC0008E3003F0FD03252BD2D1B4F88830B4F84E
:102ED00054229B1A1B04CBD4002384F88E30FFF7B6
:102EE000BBF801460028C3D1E1E70B4B0B49009327
:102EF00003C90B4B0B4AFBF7F9F9AB6893F88F301A
:102F0000113B0B2B04D802B0BDE87040FBF7E6B9CB
:102F100002B070BDCC10002035260100D01000207A
:102F2000152201003D1F010038B50446084694F8FB
:102F3000483213B10C25284638BD94F88F30153B24
:102F4000012BF7D894F86C3203F0FF05002BF1D178
:102F5000A1B194F8DE3123B940F6A1113120FAF77E
:102F600083F9074B9968052301F5807201F5E77134
:102F700004F046FC012384F84832DCE70223FAE738
:102F8000CC100020D0F85C328269934210B5044620
:102F900004D1D0F86012026A914215D02288A4F8B8
:102FA0009A2140F2E242B3FBF2F3A4F89C31B4F868
:102FB0006032A4F89E31B4F862320949A4F8A03115
:102FC00004F5C87007F079FD02212046FDF7C4F929
:102FD000002384F88F30032384F8923010BD00BFA3
:102FE00067AE010008B5FDF7DDFD024B024A1A602D
:102FF00008BD00BF880200204D220100064BD3F817
:10300000000138B1D3F8040120B1D3F80801B0FAB7
:1030100080F04009704700BF00F00040034B0022E1
:103020001A705A7010229A70704700BFE410002086
:1030300070B50646022014460D4600F09BF9064B7B
:1030400001221A70054B033CC3F81045C3F808650C
:10305000C3F8045570BD00BFE410002000F000402C
:1030600008B5022000F086F9084B01221A70084BBF
:103070000022C3F80021C3F80421C3F8082103F596
:1030800080334FF40002C3F8042508BDE41000208B
:1030900000F000400D4A08B513787BB10C4B4FF49B
:1030A0000001C3F80815FFF7A9FF60B101235370B1
:1030B000084BD3F80034937000231370BDE8084028
:1030C000002000F057B950701023F4E7E4100020FE
:1030D00000F0014000F000400A4B1A786AB10A4B38
:1030E000D3F800215AB1D3F8040120B1D3F8080174
:1030F000B0FA80F04009C0B270475878704702209B
:10310000704700BFE410002000F0004008B5074BF6
:103110001A783AB1FFF772FF30B1054BD3F80004CB
:10312000C0B208BD9878FCE71020FAE7E410002050
:1031300000F00040024B00221A705A709A707047DB
:10314000E71000202DE9F04104461C4D01201E46E9
:103150008846174600F00EF904F003002E7140EA8D
:103160000643174E43F08073C6F80435C6F8088549
:1031700004F0EAFC30B9D6F8183523F0FF033B43DE
:10318000C6F818350F4B104AC3F8082514F0FB0F8A
:1031900001BF0E4AC3F89825FC3AC3F89C250122CA
:1031A000022C6A70EC7007D8054B2A700021C3F816
:1031B0000011C3F800121A60BDE8F081E71000208A
:1031C00000F0004000F001400000020200F1004069
:1031D000214A537870B523B94FF404713C20FAF7B3
:1031E00043F81E4BC3F80C15C3F81005D57801241D
:1031F0009470C5B912780AB9E121EFE7184AC3F80B
:1032000004514FF40035C2F80455D3F8006116B1EB
:103210005C60C2F808550B7803704B780433437038
:103220008B78837070BD042D4FF0000106D11470AF
:10323000C3F80411C3F800421C60F3E7127812B916
:1032400040F20D11CAE7C3F80411054B4FF00072AC
:10325000C3F80425E6E700BFE710002000F00040B7
:1032600000F00140064B1A782AB1064A0649C2F816
:10327000081500221A7000225A709A70704700BF19
:10328000E710002000F001400000020208B50A4BE0
:103290001B7823B940F276213C20F9F7E5FF074B74
:1032A000D3F8042112B940F27721F5E7D3F80004EE
:1032B000003818BF012008BDE710002000F00040D2
:1032C000164B1B7870B523B940F287213C20F9F7E3
:1032D000CBFF134CD4F80431BBB90223C4F8043338
:1032E000104B114E1D691A6942F0100205F01005CD
:1032F0001A61D4F804314BB125B90A4A136923F095
:10330000100313610223C4F8083370BD4FF4004367
:10331000C6F8803108F00DFDEBE700BFE710002094
:1033200000F0004000ED00E000E100E0014B012270
:103330009A60704700F0004008B50B4B4FF4004214
:10334000C3F88020BFF34F8FBFF36F8F074B00226E
:10335000C3F80025C3F80025FFF784FF044B4FF4A2
:103360000002C3F8082508BD00E100E000F00040BD
:1033700000F0014038B5144C0023C4F80035C4F8FF
:1033800000350546FFF76EFF104B4FF40002012D8C
:10339000C3F8082503D0022D08D085B938BD022313
:1033A000C4F800350A4BC4F81435F7E70321C4F814
:1033B00000150749C4F81415C3F80425EEE7822167
:1033C0003D20F9F751FF00BF00F0004000F0014040
:1033D000EC100020024B00221A809A701A7170477C
:1033E000F811002038B5144D95F8412003460846E1
:1033F00022B940F611013E20F9F736FF6BB9012AD8
:10340000EC6B95F8401005D100F048FE2044AB6A03
:10341000C01A38BD08F055FAF8E7012B0AD1012A85
:10342000EC6B95F8401002D100F02AFEEEE708F0B0
:1034300053FAEBE70020EAE7F811002008B5094B42
:10344000012883F82000084B06D0022808D040F657
:103450002A513E20F9F708FF0322C3F8102508BDC2
:103460000422FAE7F81100200010004008B5144BC0
:1034700093F84D30D90721D59A0711D5114BD3F8C0
:10348000002242F00102C3F80022D3F8503503F0C5
:10349000F603022B12D140F2FE513E20F9F7E4FE72
:1034A0005B070BD5084B094AC3F8AC25A3F5B83325
:1034B000D3F8403113B140F20561EEE708BD00BF1B
:1034C000F81100200010004000F0014008100040FA
:1034D00007B50B4A01AB92F9212000F023FE9DF9BC
:1034E000040000F0C5FD9DF8050000F08FFE20B13E
:1034F00040F2CF513E20F9F7B7FE03B05DF804FB70
:10350000F811002008B503460F4863B92831C1609F
:103510000E4900F063FE0130012814D940F22671F3
:103520003E20F9F7A1FE012B0AD12931C1600749DC
:1035300000F05AFE0130012805D94FF4E661EFE7AB
:1035400040F23471ECE708BD28000020347E03000F
:1035500008B50C4B9B78012B09D100F04BFE0130D4
:1035600001280ED940F662013E20F9F77DFE022BBC
:1035700007D100F045FE0130012802D940F668016C
:10358000F2E708BDF8110020044B03441A7E044BF7
:10359000C3F80825C3F85405704700BF347E030004
:1035A0000010004038B50D460446FFF747FF284697
:1035B000FFF7EAFF29462046FFF78AFF04F0F0FAFA
:1035C00090B10A494FF08053D1F88825D3F82033C1
:1035D000022C0CBFC3F30663C3F3062322F4FE429E
:1035E00042EA0323C1F8883538BD00BF001000400F
:1035F00010B50C46FFF722FF2046FFF7C5FF0E4B24
:103600005A78012A03D1D8782146FFF761FF0B4C85
:10361000D4F8003243F48873C4F8003204F0C0FADE
:1036200040B904F0CDFA28B9D4F8683543F4C02382
:10363000C4F8683510BD00BFF8110020001000402C
:1036400010B560220021194804F068FCFFF7C2FEA3
:1036500004F05CFA60B124221548FF2104F05EFCFE
:103660004FF080430022C3F8082EC3F8102E10BD7F
:1036700004F056FA0028EED104F05CFA0028EAD1F2
:1036800004F078FA08B14022E6E704F069FA04464B
:103690000028F8D106483822FF2104F03FFC4FF003
:1036A0008043C3F8084EC3F8104EE0E7F81100203D
:1036B000000E0040024B0344187E00F51660704770
:1036C000347E0300014B93F840007047F81100204E
:1036D000024BD86B9B6AC01A704700BFF8110020DC
:1036E000094A936A906B92F84010C01A074B03EB9B
:1036F00081031A6CDB6C801A03F2F3134FF47A72B5
:10370000B3FBF2F3C01A7047F8110020347E0300B7
:1037100008B5FFF7E5FF034AD2E90C31C01841F1C3
:10372000000108BDF811002008B50F4A92F84010BA
:10373000012906D0022914D040F2A7213E20F9F732
:1037400093FD40F6B830936B926A9B1A074A02EBDE
:103750008102126C9B1A4FF47A72B0FBF2F018449B
:1037600008BD4FF4FA60EEE7F8110020347E030044
:1037700008B5134B012983F84C0006D002291BD051
:1037800040F2E5213E20F9F76FFD00230D4A43F496
:10379000801340F0007043F4847340F44030C2F86A
:1037A0001435C2F81805D2F8503503F0F703032B8F
:1037B00005D14FF43F71E5E74FF08073E6E708BDB0
:1037C000F81100200010004008B504F0E9F950B1EC
:1037D000054AD2F8743723F0807323F0010343F0D5
:1037E0008073C2F8743708BD00100040474B0222B6
:1037F00070B5C3F88020BFF34F8FBFF36F8F444C79
:103800000023C4F8FC3F0123C4F8FC3F04F0D8F9BE
:1038100028B1D4F83C3743F48063C4F83C3704F053
:1038200093F958B1D4F83C3723F0004323F0FF0359
:1038300043F0004343F09603C4F83C3704F0B0F97A
:10384000334C38B1D4F8403723F47F4343F4B053BA
:10385000C4F840372F4BC4F8783700F0E7FC38B194
:103860004FF08053D3F83033591C18BFC4F84C378D
:103870004FF01023264C1B6E5A1C09D0D4F88C250F
:103880001B0403F47F0322F47F021343C4F88C3536
:1038900040F20313C4F834351F4D40F25B63C4F8A3
:1038A00038350123C4F8303585F820300323C4F8B7
:1038B000103540F20123C4F850360226174BC4F8E5
:1038C0000062187C00F0B8FC154B4FF04062C3F862
:1038D00004250023A5F84030EB6385F84D30114BEB
:1038E000D3F84035AB6202F0C7FD084B1022C5E9A2
:1038F0000C01C3F88061C4F804231E602B6E03B171
:103900009847BDE8704000F05DBC00BF00E100E0FA
:10391000001000402C000089F81100202800002031
:1039200000F0014000800040014B83F82100704707
:10393000F8110020034B020E0002C3F82425C3F83F
:103940001C0570470010004038B5044600680A4D59
:10395000FFF7F0FF094B6268C3F83C25237A85F82E
:103960002230617AA07AFFF703FF607AFFF766FDE5
:10397000E37A85F8213038BDF811002000100040AE
:10398000014B83F822007047F8110020F8B5244E4F
:1039900096F84D30DA0705460F4604D440F25971C7
:1039A0003E20F9F761FC1F4CD4F8002243F00203DB
:1039B00042F00102C4F8002286F84D3000BB96F8B0
:1039C00022103846FFF7EEFD174A0123B370D36487
:1039D0002360154BD3F84C4528462146FFF792FD4E
:1039E000B06A241ACDB9114901EB47074FF47A7137
:1039F000B7F8580000F5FA70B0FBF1F02044F8BDBC
:103A00000128E6D196F822103846FFF7F1FD02238F
:103A1000B370054BDD646560DBE704F12900EEE778
:103A2000F81100200010004000800040347E0300A8
:103A3000F8B53C4C0D461646074600284ED11046B8
:103A400094F82210FFF7AEFD22780123A3709A426A
:103A5000354B4FEA46061E4430D1B6F85E304FF47F
:103A60007A7203F5FA73B3FBF2F3ED1AA16A2F4AE7
:103A70002F4E304B0D44C6F84055C2F8A835636C44
:103A800043F4002363644FF40023C2F80435237821
:103A9000002B3AD194F84D3043F0020384F84D30B6
:103AA000FFF7E4FC0123F364D6F84C25954233D8A4
:103AB0000022C6F84025204A1361F8BDB6F85830F8
:103AC0004FF47A7103F5FA73B3FBF1F3ED1A002AA0
:103AD000CCD1164B184AC3F8AC25C7E701280FD143
:103AE00094F822101046FFF783FD0223A370237879
:103AF000012BBBD0293D002BB8D10C4B0F4AEAE774
:103B000040F2C9713E20F9F7AFFB012BC8D194F800
:103B10004D3043F00403C1E729463846BDE8F8407C
:103B2000FFF7F0BCF8110020347E030000F00140E4
:103B30000080004040810040001000400410004020
:103B4000224B13B510222249D3F80443C3F80823AB
:103B50000222C1F88021C3F800221E4A002182F807
:103B60004D101D4A4FF46020C2F80805D3F85025C7
:103B7000D2B204F01004DAB1FF228DF8072001223E
:103B8000C3F810111A619DF8072012B1D3F8102163
:103B90003AB19DF807305BB940F651013E20F9F784
:103BA00063FB9DF80720013AD2B28DF80720EAE7BF
:103BB000FFF7CEFC05490023C1F81031FFF70AFCDE
:103BC00014B11023C1F8043302B010BD001000403E
:103BD00000E100E0F811002000F0014038B51A4D76
:103BE0000024C5F84845C5F84445C5F84045C5F822
:103BF0004C45FFF7A5FF00F0EBFA144B14495A6C43
:103C000042F04462C1F80825C3E90E445C641C76A6
:103C1000104BC5F848450222C5F84445C5F8404553
:103C2000C5F84C45C5F84841C5F84441C5F8404180
:103C3000C5F84C41C3F88020BFF34F8FBFF36F8F9F
:103C4000C3F8802138BD00BF00800040F81100207B
:103C500000F0014000E100E0014BC3F83C05704773
:103C60000010004010B50FC8014C84E80F0010BDD3
:103C70005C120020064BC3F80405064B93F84D2058
:103C8000986442F0010283F84D20FFF7EFBB00BFBC
:103C900000100040F811002008B5134B9A6A104438
:103CA000DA6B824204D340F6C5013E20F9F7DCFA14
:103CB0000E4AD861012119765164D2F84415884220
:103CC00002D840F6CE01F0E70021C2F84411C2F854
:103CD00044055A6C42F480025A64054B4FF480024A
:103CE000C3F8042508BD00BFF81100200080004083
:103CF00000F0014010B50F4C034694F8410094F8D1
:103D000040100222012822764FF0960094F82020DD
:103D10000CD100F0D1F9084AE0610023C2F8443127
:103D2000E36BE1690B44C2F8443510BD00F0DEF9E5
:103D3000F1E700BFF811002000800040044BC3F8F9
:103D40006005D3F8002242F04002C3F80022704719
:103D500000100040054BD3F8002222F04002C3F8C7
:103D600000220022C3F86025704700BF0010004009
:103D7000044BD3F8483503F07F035B420370012006
:103D8000704700BF0010004008B50D4B0246D970C7
:103D900008460021197082B901225A709A78022AC5
:103DA0000DD193F82210FFF793FB064AD2F80032A8
:103DB00043F48873C2F8003201E002225A7008BD51
:103DC000F811002000100040024B0022C3F84025EB
:103DD000704700BF00800040044B30B5D3E9144564
:103DE0009B6DC0E900450B6030BD00BFF81100209D
:103DF0002DE9F843924D934C0123EB64A36AD5F867
:103E00004C7594F84C90FF1A03F0AAF80026C4E908
:103E10001406A765FFF79CFB8B4B626CC3F8082563
:103E20008A4A6664D2F8003223F48E7323F00103C9
:103E3000C2F80032237E84F84D6023B1D5F84431B6
:103E40009B1B18BF0123A178012938D1D2F80C316E
:103E5000002B0CBF0025082515F00B0F7B4B04D160
:103E6000D3F810210AB145F010050022C3F8002153
:103E7000C3F80C21C3F81021C3F80421C3F80821AA
:103E800005F01803102B03D1012908BF45F02005C8
:103E90006B4B6678D3F84825E263D3F84435A363C7
:103EA00094F8203084F8403084F84110EEB9FFF7E0
:103EB00091FA2676EF0761D5636E98478EE0022966
:103EC00011D1624AD2F80C01D2F8002400280CBFAC
:103ED00000250225D20758BF45F00405002BBBD0B2
:103EE00045F00105B8E70025B6E715F0110F21D11F
:103EF0002379B6F1010818BF4FF00108012B26788D
:103F00001CD0022B2FD09BBB96214046FFF76AFAAC
:103F10000146FFF75FFA012E07D13B378F422AD8BF
:103F2000474B26700022C3F84021E2784046FFF755
:103F30007FFD01E0FFF704FE0026BBE74448FFF7E2
:103F400003FD94F8413023B94FF4EA613E20F9F7BC
:103F50008BF9012B04D1FFF7E7FB61690144D8E736
:103F6000FFF7BEFBF9E73A48FFF7EEFC6169D0E7DF
:103F700040F63E21EAE7354B1E619BE7A80745D591
:103F800003F00EFEE8B903F01BFED0B92F4BD3F8B7
:103F90005034D90115D51A0705D013F0F00F02D00F
:103FA00013F4706F0DD1294AC3F304410129D2F8EB
:103FB000542406D1012A04D0C3F34253022B7FF6C6
:103FC0007BAFA36C5B784B4588BF45F0040585F05B
:103FD0000400A36E3146C0F380009847A378022BFB
:103FE00012D1237E83B1022B154A1DD1E36BE16907
:103FF0000B44C2F84435636C43F480036364124B92
:104000004FF48002C3F80425BDE8F88315F0280FAB
:1040100006D085F02001E36EC1F340113046DCE7A5
:10402000EB06DBD5236F48E7012B02D040F61E419B
:104030008CE7E369E16B8B42DBD840F61F4185E7F3
:1040400000800040F811002000F001400010004006
:1040500000120020024B03EB8003186C704700BF76
:10406000347E0300014B53F820007047807E03002C
:10407000024BC0B2C3F80C05704700BF00100040EF
:10408000054B33F8113002384FF47A7203F2E733FC
:10409000B3FBF2F318447047A47E0300054B33F8DA
:1040A00011304FF47A7203F57A73B3FBF2F31844CC
:1040B000704700BFA47E030038B51D460A4B33F895
:1040C000111003EB820305359C6821444FF47A7389
:1040D00001F6B73103FB00141046B4FBF3F4FFF70D
:1040E000B9FF2C44204438BDA47E030070B50646B9
:1040F00008461546FFF7B6FF094A02EB85029368AA
:104100004FF47A7203F6B73302FB06331C1A2846C3
:10411000B4FBF2F4FFF79EFF0530204470BD00BFF2
:10412000A47E03002DE9F74F244C074698460D4620
:10413000164600F0A3F82378BB42814611D163787C
:10414000AB420ED194F90230B3420AD1E3788342F4
:1041500007D1A388A8F8003094F9060003B0BDE8A1
:10416000F08F781EC0B203280ED8DFF854C00DF1CE
:1041700007031CF800003246294600F085F8824605
:1041800038B13D21752002E040F25F410620F9F789
:104190006BF828469DF907B0FFF78CFA53460246A4
:1041A0004146584600F038F8B8F80030A071A380B6
:1041B00027706570A67084F80390CDE7400000205A
:1041C000B87E0300014B1B685B6818478C02002017
:1041D000014B1B689B6818478C020020014B1B6831
:1041E0001B6918478C020020014B1B685B6918474C
:1041F0008C020020014B1B689B6918478C02002031
:10420000014B1B68DB6918478C020020014B1B68BF
:10421000DB6A18478C02002010B4034C2468E46861
:10422000A44610BC604700BF8C020020014B1878E8
:10423000704700BF4817002000220F4938B50446D8
:10424000134644FA02F0C007D5B248BF581C02F129
:10425000010244BFCD54C3B2042AF2D1064DC3F1CA
:104260000402042BD2B24FF0FF0188BF0022E818ED
:1042700003F054FE2C7138BD54170020014B187DFB
:10428000704700BF70120020042810B511D883B108
:1042900004280CBF10242824A1420AD2064C54F84A
:1042A000200018B141568A42A8BF0A461A70002061
:1042B00010BD6FF01500FBE77012002030B503460B
:1042C000114890F91C209A4219DD90F924209A4255
:1042D00017DA9A1A846AA05C0C4A15569D420DD0D2
:1042E0000E32002918BF01309442C0B206D129B164
:1042F000013BDBB2012B01D80130C0B230BD0D2033
:10430000FCE70020FAE700BF70120020BC7E03002B
:1043100008B5054B93F91C30984203DAFFF7CEFF3E
:10432000024B1B56184608BD70120020BC7E0300CD
:1043300010B51C4C94F82C3073B9012384F82C3040
:1043400003F0F8FB48B1184BA362D823236284F82A
:1043500024300823A361237710BD03F001FC00285B
:10436000F1D103F007FC0028EDD103F0C5FB38B113
:104370000E4BA362D823236284F824300423E9E798
:1043800003F0C4FB0028F3D103F0CAFB0028EFD1EF
:1043900003F0DAFB0028EBD14FF4DF71742003F057
:1043A0007BF900BF70120020F77E0300CA7E030075
:1043B0004FF08042012353600023C2F80031014ACC
:1043C000137070479D120020014B01221A70704734
:1043D0009D1200204FF08043D3F8003123B9034BE6
:1043E000187800F0010070470120FAE79D120020C4
:1043F00070B50A4D012604462E70FFF7EBFF30B969
:104400004FF080436E706C60C3F8046370BD002C85
:10441000FCD0A04700236B60F8E700BFA01200208B
:10442000024B00221A705A705A607047A012002086
:1044300010B5034C208100F02BFD608110BD00BF42
:10444000A0120020014B9889704700BFA0120020E5
:10445000014B1889704700BFA0120020014B5889FA
:10446000704700BFA012002008B509B3F8B14FF0A3
:10447000FF331A46E0FB01320E498A4204D94FF459
:10448000EA716D2003F008F9180D40EA0230C3F319
:104490000F134FF22441B0FBF1F203EB0040064B47
:1044A00003FB1200B0FBF1F040EA0240013008BD0E
:1044B0000846FCE73F420F00000024F410B5EFF37C
:1044C000108472B6064A937B0133DBB29373937BFD
:1044D000012B01D107F04DFA04B962B610BD00BF3F
:1044E000A012002038B5FFF7E9FFFFF773FF094C72
:1044F0004FF0804540B107F066FA01232B61042399
:10450000E3730023237438BD0323E3730123C5F849
:104510000433F6E7A012002010B5EFF3108472B652
:10452000094A937B23B940F2F1116D2003F0B4F8EE
:10453000937B013BDBB29373937B0BB9FFF738FF9F
:1045400004B962B610BD00BFA0120020024BD87B98
:10455000003818BF01207047A012002073B51B4D12
:104560006B7C63B9E86900F0030007F01CFA30B116
:10457000EFF3108372B6EA7B1AB103B962B602B0E8
:1045800070BD0122EA7303B962B64FF0804308227E
:10459000C3F808234FF42073ADF80630BDF8064089
:1045A000A4B2631E9BB2ADF80630002CF6D14FF0DA
:1045B00080460748C6F80C4107F09DFB85F821406E
:1045C000FFF790FF0823C6F80433D8E7A0120020B5
:1045D000C01200202DE9F041384C94F82230002B15
:1045E00069D04FF08043D3F80071D3F8046157B11C
:1045F0000122C3F8082363782BB163680025657036
:104600000BB1984765604EB14FF080430022C3F86C
:1046100004210222C3F80823FFF7A0FF4FF08046D1
:104620002748D6F80C8194F82150EDB207F067FBCB
:1046300020B140F28D216D2003F02EF847B1E37BCD
:10464000032B05D10423E37307F0BDF90123336184
:10465000B8F1000F16D04FF080430022C3F80C21B0
:10466000E37B042B02D040F2AB21E4E703F08CFAA9
:10467000C0B14FF080430022C3F8342C0223E3730F
:10468000FFF74AFF4DB1002384F82130E37B022B72
:1046900001D1FFF727FFFFF73FFFBDE8F0410848D2
:1046A00007F03CBB03F050FA0028E2D103F062FAB5
:1046B0000028DED1E2E7BDE8F08100BFA0120020B3
:1046C000C012002010B5044CE06900F0030007F0B0
:1046D0006AF90028F8D010BDA0120020F8B50546F0
:1046E00050B10278042A07D8437842B9013B1F2B06
:1046F00002D88378212B07D96FF0150077E0002BC3
:10470000FAD18378002BF7D1814B0127C3F8807051
:10471000BFF34F8FBFF36F8F4FF08046C3F88071A8
:104720007C4C4FF0FF33C6F808330023C6F8003145
:10473000C6F80431C6F80C31A373AB88A38107F027
:104740001DF908B12770A773D6F80C24D6F80C34DD
:10475000D20303D5DF0701D5FFF736FE4FF4AF6074
:10476000FFF766FE2B78A97863740022E261A174DA
:104770002274042B4ED8DFE803F005033B494B00BD
:104780000123E36107F001F900284ED007F004F996
:10479000E36903F00303984247D1AB79002B3ED184
:1047A000FFF790FFA37C6BB12B785BB9FFF712FE8C
:1047B000054603F0E7F86FF00043002D00F0A580F8
:1047C000C4E905034FF08043D3F80C24D3F80C342C
:1047D000D20303D5DB0701D5FFF7F6FD4C4A0123D1
:1047E0000020E07384F82230C2F880311360F8BDF5
:1047F000FFF764FE4FF08043D3F80C14D3F80C2479
:10480000CE03F9D5D007F7D50223BAE7424BB8E774
:10481000424BB6E740F2FD316D2002F03DFF4FF014
:1048200080430222C3F80423BCE74FF080430122F7
:10483000DA600022C3F80421E269C3F8182503F006
:104840005BF910B34FF080534FF08042D3F84432FD
:10485000C3F34233C2F83C3503F04EF910B34FF0C6
:1048600080430122C3F84C254FF0804301229A6017
:104870000222C3F80423AA79002A93D1D3F804238F
:1048800091071CD44FF46D71C6E703F03FF900287F
:10489000D8D103F045F90028D4D103F055F9002808
:1048A000D0D1D9E703F032F90028D8D103F038F994
:1048B0000028D4D103F048F90028D0D1D4E7184A11
:1048C0001669116941F010011161D3F8043106F045
:1048D00010060BB907F02FFA4FF08047D7F80431D4
:1048E00083B1FFF7EFFE26B90D4A136923F01003D9
:1048F00013614FF080430222C3F808230022C3F85B
:1049000004214FE707F015FAE8E7C4E9053059E755
:1049100000E100E0A01200200100020001000300FD
:1049200000ED00E010B50D4C04F1200007F0E7F9B0
:1049300048B9E37B022B01D1FFF7D4FDBDE810405D
:10494000074807F0EBB9074A012384F82130BDE896
:104950001040C2F80031FFF7B1BD00BFA012002027
:10496000C012002000E100E0064B1A7810B50446A2
:1049700032B901221A70FFF7A1FD2046FFF738FD7A
:10498000002010BDC312002010B5054C23782BB1B8
:10499000FFF746FD00232370FFF7BEFD002010BD8A
:1049A000C3120020034610B3007888B91A79012A8F
:1049B0001ED85A79012A1BD89A680E49643A8A424D
:1049C00016D8D8680C4B98422CBF002001207047A5
:1049D00001280CD11A79012A09D85A79012A06D856
:1049E000DA680449643A8A4201D89868EAE7002004
:1049F000704700BF3C8601000040420F10B5054CD7
:104A0000236813B1984700232360BDE8104001F0EC
:104A1000A5BB00BFC412002038B5044620B94FF42E
:104A2000D5716A2002F038FE90F82850072900F26C
:104A3000EC80DFE801F004464676808AA39190F886
:104A40002630033B012B02D940F2B511E9E70523DB
:104A500090F8241080F82630002380F8293061BBBC
:104A6000714B0122C3F84015C3F84011C3F8441537
:104A7000C3F84411C3F84815C3F84811C3F84C15DE
:104A8000C3F84C11DA6006F0E6FF2378012B0FD152
:104A900001F0F2FCC4E90601236A00212846984788
:104AA0000146204606F0EEFF022840F0B18038BDF6
:104AB000D4E90423C4E90623EEE7BDE83840FFF754
:104AC0009DBF90F82630DA1E012A02D94FF4EB710F
:104AD000A7E790F824202AB121462846BDE83840AF
:104AE00006F09FBF042B0CBF02230123012980F88D
:104AF0002630036A0AD10521284698470028D6D0D7
:104B00000378002BD3D040F2EB118AE70621284628
:104B100098470028CBD00378002BC8D04FF4F87109
:104B20007FE790F82630052B02D040F2F71178E7A6
:104B3000036A0221B2E790F82630052B02D040F23A
:104B4000FD116EE7036A0121A8E790F82630052BD6
:104B5000B3D040F2032164E790F82630052B02D051
:104B60004FF402715DE7036A0A212846984701461F
:104B7000204606F087FF40F20B2152E790F82630DE
:104B8000052B07D090F825200AB1032B02D040F264
:104B90000F2146E794F82420002A9DD194F829306B
:104BA00093B1022384F8263084F82920236A08214F
:104BB0002846984700283FF47AAF0378002B3FF44B
:104BC00076AF40F21B212CE794F8252062B194F8CF
:104BD000270084F82530214601F04EFD00287FF49F
:104BE00066AF4FF408711CE7022384F826300721D2
:104BF000236A2846984700283FF459AF0378002BD2
:104C00003FF455AF40F227210BE74FF40B7108E753
:104C100020B1012805D1236A04213FE7236A03213B
:104C20003CE740F23D21FCE6008000402DE9F843DE
:104C30008846074680B300F037F84FF00009054674
:104C40005FFA89F6AE420AD2304600F033F890F8A7
:104C5000264009F10109002CF2D1FF2E03D16FF09B
:104C60000B00BDE8F883304600F024F80546848444
:104C700080F8264080F8286001460A4801F0B6FB1B
:104C8000202885F827000AD001232F6285F82630D6
:104C9000204688F80060E4E76FF01500E1E76FF068
:104CA0002200DEE7194A0100014B1879704700BF66
:104CB000C8120020054B1A79824283BF1B6800EBA3
:104CC000400003EB00100020704700BFC812002016
:104CD00010B510F003040A460BD107490A710860A9
:104CE00030B102EB42021201214603F017F92046CF
:104CF00010BD6FF00D00FBE7C812002043F609520B
:104D0000C0F3080302FB03F3400A03F5807302FBC0
:104D100000F000EB5320704743F6095CC0F3080233
:104D200010B50CFB02F2C0F34E24030E43EA01233C
:104D30000CFB04F0090E02F580724FEA411C00EBF7
:104D400052205A01B2EB030E4CEAD36C6CEB010417
:104D50004FEA841C4FEA8E12B2EB0E024CEA9E6CB4
:104D60006CEB040C4FEACC0C4CEA527CD200D3180A
:104D700041EB0C01DA03C903801841EA534141F1C8
:104D8000000110BD430B48F2376C0CFB03F34FEAF4
:104D9000134C00B5104B43F6095E0EFB1C0000FBE4
:104DA00003F35B0D0EFB03FE03EB4C230EF5745C6B
:104DB0000CF1080CB0EB5C2F08D80EF5807EA0EB50
:104DC0005E20C0B20B6010705DF804FB0133002060
:104DD0000B6010705DF804FB6F0C0100F8B5274DF7
:104DE000A94246D8264E274F450F45EAC105A6FBE6
:104DF0000514C0F34F31A40B01EB054107FB14115F
:104E0000A6FB0151890B41EA04411F4C04FB11042C
:104E100048F2376C600B0CFB00F04FEA104C43F685
:104E2000095E1A480EFB1C4505FB00F0400D0EFB09
:104E300000FE00EB4C200EF5745C0CF1080CB5EB99
:104E40005C2F12D80EF5807EA5EB5E2E5FFA8EFEEB
:104E5000069D85F800E00D0628184FEA112141F162
:104E60000001186059601460F8BD01304FF0000E69
:104E7000EEE796219B2002F00FFC00BFFF7F841E0F
:104E800083DE1B43000024F40080841E6F0C0100AD
:104E9000420B48F2376303FB02F2120C43F6095C43
:104EA000074B0CFB120101FB0333013B5B0D0CFBB9
:104EB00003FC5002B1EB5C2F88BF013018447047EF
:104EC0006F0C01001F2810B59FBF054B18246043CD
:104ED0001C189DBF195062600120002010BD00BF4A
:104EE000D012002008B5064B93F80023202A03D1E6
:104EF0002D21022002F0D0FB83F8280308BD00BF5B
:104F0000D012002008B5064B93F80023202A03D1C5
:104F10003321022002F0C0FB93F8260308BD00BF36
:104F2000D012002010B5094A92F80033202B03D18B
:104F30003E21022002F0B0FB18214B43D018BDE8FF
:104F40001040D35840680321184700BFD0120020FA
:104F5000074B4FF0FF32C3F808230022C3F8402567
:104F6000C3F84021C3F84425C3F84421704700BF6B
:104F7000008000400C4B0D491B78012B14BF4FF4EF
:104F8000E0224FF4C022C1F8482318BF0023C1F823
:104F90000823074A99000A440021012B42F8041B08
:104FA00000D170470123F8E70816002000B0004048
:104FB00040B1004070B5EFF3108472B6094A0A4B55
:104FC0000025D2F80415D2F804612EB159680131D8
:104FD0005960C2F80451F4E75B6804B962B6C0E9ED
:104FE000001370BD00B0004008160020094BD3F834
:104FF0000435C01A20F07F4323F001033BB120F0B9
:105000007F40B0F5000F8CBF0220002070470120C8
:10501000704700BF00B0004008B5124BD3F804251C
:1050200022F00302C3F80425D3F8082542F0030256
:10503000C3F80825102292FAA2F2B2FA82F2092AE3
:1050400004DD094840F2913102F01CFBC3F8102541
:105050000122DA60054B4FF48072C3F880211A6098
:1050600008BD00BF008000405AD0030000E100E00E
:10507000114B4FF40062C3F88020BFF34F8FBFF392
:105080006F8FC3F880210D4B01225A609A60D3F8CC
:105090000425002AFBD10A49C3F808134FF4E02184
:1050A000C3F84813C3F84021C3F84421C3F848218A
:1050B000C3F80421704700BF00E100E000B00040E9
:1050C0000200070008B50A4B4FF48072C3F8802035
:1050D000BFF34F8FBFF36F8F0649C3F880210120C4
:1050E0004860FFF735FF044B086100221A7208BDC3
:1050F00000E100E0008000400816002038B5244C94
:10510000FF234FF0FF32002563724FF0FF33C4E9F5
:10511000042325706560FFF7D5FFFFF7A9FF1D4A3F
:105120001D4BC2F800524FF400611960A0691B4981
:1051300030B901230B60194B0222C3F8042338BD98
:10514000174B184CC3F8A845C3F8AC05C3F85C1955
:105150004FF40021C3F804150521C2F840150121C0
:105160001160D2F840110029FBD04FF40021C3F8A0
:10517000081501215160D1600021C2F84011C2F828
:105180004015C3F8A815C3F8AC15C3F8AC15D2E7A1
:10519000081600200080004000E100E000B0004060
:1051A00000F0014040810040014BD3E90401704709
:1051B00008160020014BD3F80405704700B00040EA
:1051C00013B56846FFF7F6FEDDE90004FFF796FD2C
:1051D000024B0021E4FB030102B010BD0080841EDD
:1051E000B1F1FF3F08BFB0F1FF3F2DE9F041404C66
:1051F00005460E4638D13F4DD5F800317BB33E4EC3
:105200003E4BC6F808354FF00008FFF7B3FE84F8B0
:105210000980FFF757FFFFF7FFFE394BC5F8008104
:10522000384FC6F8A8354FF40023C6F8AC75C6F859
:10523000043506F04BFDD5F800312BB10123C5F83C
:1052400000817B60FB60F4E7013041F10001022343
:10525000C4E904012370FF236370BDE8F08106F008
:1052600035FDC51C41F10006D4E90473B34208BF03
:10527000AF42F2D0204B214AC3F80825FFF77AFE4F
:105280001C4A4FF4803125F07F480023C2F80813F0
:105290004046C2F84813C2F84031FFF7A7FE20B1DC
:1052A00040F202316C2002F0F7F9C2F84085C2F8F2
:1052B00044132378012B06D127F07F473846FFF7A8
:1052C00095FE0128FAD000236372FFF7FBFEFFF77B
:1052D000A3FE094A01234FF000412370C2F80415D0
:1052E00004226270034AC4E90456C2F84833B4E7A2
:1052F0000816002000B0004000F0014000000880C7
:1053000000B1004000800040012837B508D9041FD3
:10531000E4B2022C19D940F29D316C2002F0BCF9A4
:10532000234900F1100201239340C1F8083300F52E
:10533000A873002241F823201E4B81005A5053F8D5
:1053400020300093009B03B030BD1B4D2B7893B1F0
:105350006A7882420FD1194A1949C2F80815012BFF
:1053600001D1FFF7AFFE00232B704FF0FF324FF05B
:10537000FF33C5E90423134A4FF48033A340C2F836
:105380000833C2F8483304F5A87352F82300FFF736
:105390002DFE012818BF0C4B22B24FEA84041CBF1B
:1053A00000211951084B53F822300193019BCAE7A1
:1053B00000800040408100400816002000F00140BD
:1053C0000000088000B0004040B10040012870B5E6
:1053D0002D4B06D9041FE4B2022C2DD940F25731CF
:1053E0000BE0D3E90441B1F1FF3F08BFB4F1FF3F47
:1053F00006D11B7A23B940F22F316C2002F04CF910
:1054000012B940F23331F8E72049012300F11004CA
:1054100003FA04F4C1F8044300F5A87441F8242009
:105420008B64D1F848550024AA42C1F8484526D8D3
:10543000FFF76AFF204670BD197829B15B78834277
:1054400002D140F25331D8E7114B124E22F07F4186
:10545000A20013444FF48035A5400022C6F808533B
:105460000846C6F848531A60FFF7C0FD48B904F56E
:10547000A87446F82410C6F80453C6F84453012013
:10548000D9E71046D7E700BF08160020008000408B
:1054900040B1004000B0004010B50A4B0446012264
:1054A00010B1C3F8442310BDC3F84823FFF70AFE28
:1054B000054B4FF0FF304FF0FF31C3E904011C7082
:1054C000F1E700BF00B0004008160020F8B5164D07
:1054D000164E00244FF48037D5F8043307FA04F24F
:1054E0001A4212D056F824307BB1002346F82430FB
:1054F00004F5A87355F82300FFF778FD28B1201DA7
:10550000C5F80823C0B201F00DFC0134032CE3D12F
:10551000054BD3F8042132B10022C3F80421044A18
:10552000536801335360F8BD00B0004040B1004003
:105530000816002038B5224C637AFF2B39D0237827
:1055400083B10122022B22722DD11E4B4FF4002277
:10555000C3F80825002323704FF0FF324FF0FF33CC
:10556000C4E90423184DD5F804339A0309D5D5F8B6
:10557000443133B14FF40033C5F80833012001F052
:10558000D1FBD5F80433DB0319D5D5F84031B3B1DD
:105590004FF48033C5F80833FF2363720020BDE861
:1055A000384001F0BFBB022360782370FFF7ACFEE8
:1055B000D8E7054BD3F804330BB10720EFE738BD2C
:1055C0000816002000F00140008000402DE9F04F57
:1055D00093B01C460492CDE90201FFF7E5FD1823C4
:1055E00001910646B849082004EB440213FB040469
:1055F000631801EBC202083265581F7BD3F80480A0
:1056000093F80D9005970FCA0CAC25F07F4A84E8FB
:105610000F005046FFF772FBAC4B7C1C98420444D1
:1056200000F288819C4200F39380002C55DBFEF74A
:10563000D1FEB9F1010F834608D0A54FD7E9022367
:10564000B3F1FF3F08BFB2F1FF3F4BD006F0DCF9EA
:10565000019B0690B3F1FF3F08BFB6F1FF3F03D0B7
:10566000B54278EB030378D2029B0322EB1A9342F4
:1056700069DBBBF1000F00F0E88000230793029B79
:10568000B5EB030B039B68EB030706F0BDF909308C
:10569000C217834577EB020380F0DB80049B012B6C
:1056A00000F0E180079B002B5AD1019BB3F1FF3F33
:1056B00008BFB6F1FF3F53D0721B63EB0803042A07
:1056C00073F1000180F22881012A73F100033ADAB4
:1056D000DDF81CB026F07F4A52E004F1F45404F5E2
:1056E0009024A4E70028B1D106F08EF9019B069022
:1056F000B3F1FF3F08BFB6F1FF3F00F0A380B54212
:1057000078EB0303C0F09E803B7C002B069B14BF0C
:1057100000221A463346EB1A9A4214DC01230793FF
:10572000D7E90232B2F1FF3F08BFB3F1FF3FA6D085
:105730000699EB1A68EB02028B4272F100039ED2CB
:10574000B9F1010F9BD00024204613B0BDE8F08FC3
:1057500004F1614404F5F70469E73346002285E764
:1057600028464146FFF73CFD4FF0000BB8F1FF3FE4
:1057700008BFB5F1FF3F00F0E2802E46CDF804806F
:105780005046FFF7BBFA534B221A9A420DD3001B27
:1057900098427CD34D4B9A4200F2B380984240F23B
:1057A000D880C0F1614202F5F702D3170020FFF75D
:1057B0000DFE04460028C6D0454FB9F1010FD7E9C8
:1057C000022366D0BBF1000F40F08880B3F1FF3FA9
:1057D00008BFB2F1FF3F00F0A6800120FFF75CFE9A
:1057E0003B7C002B40F092806A1E68F1000306208B
:1057F000FFF7ECFD002842D0B9694FF0804200234A
:105800000B60C2F80835059B8DF83C3000238DF8FD
:10581000403008934FF0FF324FF0FF33CDE90C5882
:10582000CDE90A238DF83D9008AE0FCE2A4D0FC565
:105830000FCE0FC596E8030085E80300204613B09D
:10584000BDE8F08F029BC21C65E7214FCDF81CB06C
:1058500066E7B9F1010B2846414618BF4FF0010B2E
:10586000FFF7BEFC82E7019BB3F1FF3F08BFB6F133
:10587000FF3F73D026F07F4A4FF0000B80E7BA69F4
:105880004FF080410123C1F808351360BBE7424265
:105890008BE7B3F1FF3F08BFB2F1FF3F24D1BBF16B
:1058A000000F9DD0069BF21A019B4FF0050063F19B
:1058B0000003FFF78BFD002846D03B7C002B93D1E3
:1058C00001233B7490E700BFD0120020FF7F841EAD
:1058D000281600200040420FD8150020B3F1FF3FEA
:1058E00008BFB2F1FF3FDDD006F084F84FF0FF3281
:1058F0004FF0FF33C7E90223BBF1000F3FF470AF55
:10590000D0E702F1F45202F590224EE70520FFF7AE
:10591000FBFC00233B7467E728464146DDF81CB0DA
:10592000FFF75EFC22E706F063F806F0CFF9C7E95F
:10593000020152E740F20F41702001F0ADFE40F24B
:105940001671702001F0A8FE40F22121702001F0B4
:10595000A3FE40F2CF71702001F09EFE40F27A610A
:10596000702001F099FE00BF2DE9F04F8D4F7C7C37
:1059700004EB44033B4483B05D78202D48D08A4B30
:10598000E6B26400002B00F08980884BDFF820929B
:10599000002B5FD005EB461207EB420A4FEA461890
:1059A0009AF81C30013BDBB2052B34D8814A12F83F
:1059B00003B0BBF1080F2ED0AFF30080EFF31083DC
:1059C00072B634443C449AF81D206270A278AA4210
:1059D00004BF2022A27013B9AFF3008062B6A844BE
:1059E00005EB450509EBC50207EB4808506859F877
:1059F00035300122594688F81C2098477C7C04EBFE
:105A000044033B44E6B25D78202D4FEA4404C1D103
:105A100003B0BDE8F08F40F24561702001F03CFE1C
:105A200062B6A84405EB450509EBC50207EB48083B
:105A3000506859F835300122594688F81C2098479B
:105A40007C7C04EB44033B44E6B25D78202D4FEAB6
:105A50004404DDD005EB461207EB420A4FEA461834
:105A60009AF81C30013BDBB2052BD4D8514A12F80E
:105A700003B0BBF1080FCED0AFF30080EFF310837B
:105A800072B634443C449AF81D206270A278954264
:105A900004BF2022A270002BC3D1C1E7434BDFF823
:105AA00014B1DFF80CA14FF02009002B4FD005EB0B
:105AB000461207EB42024FEA4618137F013BDBB266
:105AC000052BA8D81BF803100829A4D0EFF31083E6
:105AD00072B634443C44527F6270A278954208BF4B
:105AE00084F80290002B52D0A84407EB480805EB3D
:105AF00045050AEBC5025AF835305068012288F88E
:105B00001C2098477C7C04EB44033B44E6B25D7860
:105B1000202D4FEA4404CAD17AE762B6A84405EBC7
:105B200045050AEBC50207EB480850685AF83530BE
:105B3000012288F81C2098477C7C04EB44033B44FA
:105B4000E6B25D78202D4FEA44043FF461AF05EBE7
:105B5000461207EB42024FEA4618137F013BDBB2C5
:105B6000052B3FF658AF1BF8031008293FF453AF3D
:105B7000EFF3108372B634443C44527F6270A278D3
:105B8000954208BF84F80290002BC7D1C5E7019168
:105B9000AFF3008062B6A844019905EB450507EB19
:105BA0004808A6E7281600200000000000000000BA
:105BB000D0120020287F03002DE9F04F85B0DFF8D8
:105BC0000C81019301EB41034FF0200C18F80340C6
:105BD00003916445924682F800C073D04B01DFF810
:105BE000F09006469B4610E0727B012A02D0427D6F
:105BF000012A57D00BEB040308EB43038AF800405B
:105C00005B7F202BA4465DD01C4604EB440009EBCF
:105C1000C000D0E9032387683568716813EB070E6D
:105C200042F10002754571EB02024FEA4403DBD2F8
:105C30001D46019B83F800C0039B4FEA431B2819B4
:105C400009EBC0003768B368D0F808A07268C16873
:105C5000DB1942F100029A4571EB020310D3437D38
:105C6000012B02D0737B012B03D0012005B0BDE8CE
:105C7000F08F05F0C9FEAAEB070701308742F4DA7E
:105C8000019A254409EBC5051470A97DB27B0BEB85
:105C90000403914208EB430310D95C7F202CE4D02D
:105CA0006500CCE7029305F0AFFEED1B01308542A5
:105CB000A0DA029B9AF800C01D46BAE7002005B0A2
:105CC000BDE8F08F019B1C70CFE700BF28160020B5
:105CD000D01200202DE9F04F83B00C4615461E4629
:105CE0009DF83070FFF7D4F822686368451946F1D3
:105CF0000006954276EB030342D3DFF88C8005E083
:105D00005D4576EB09033BD3C4E900B90DF1070308
:105D10000DF1060239462046FFF74EFF88BB9DF87D
:105D2000073003EB430308EBC303D3E902A01A696E
:105D30001AF1030B40F1000012EB0B0B627B40F1F8
:105D40000009012ADCD05B7D012BD9D105F05CFE76
:105D5000ABEB0A0301308342D2DA9DF8073003EB44
:105D6000430308EBC303D3E902B905F04DFE01304C
:105D700010EB0B0B49EBE0795D4576EB0903C3D2E1
:105D8000002003B0BDE8F08FD01200202DE9F047CD
:105D900015461C4612782F7A95F809C088B0002362
:105DA000E360C4E90033A7739DF8408084F80DC018
:105DB0000646A360E2730F46002A3AD1FEF7ACFF15
:105DC000D5E9042C3C4BC31841F1000E9A427CEB00
:105DD0000E030AD3013E47F1FF37C4E900674FF4D1
:105DE0007A73A36008B0BDE8F087263041F1000166
:105DF00082427CEB0103EDD3501E04F10C036CF1E5
:105E00000001009304AA06ABFEF7E8FF049B686854
:105E100002330DF10F0205A91844FEF7B3FFDDE9C7
:105E2000053207999B1A23F07F43C4E90021A36040
:105E3000D8E7224804F10C0206A9FEF7A3FF204B85
:105E40001B78202B24D01F490B69D1E90521083389
:105E500042F1000A13EB01094AF1000A6B68207B4A
:105E60001844023005AA04F10801C4E9009AFEF7BB
:105E700089FF2869CDF8008032463B462146FFF76E
:105E800029FF0028AED1C4E9006708B0BDE8F0875B
:105E9000637B16F1080947F1000A012BDED0FEF7FB
:105EA00099FA0028DAD105F0AFFD10EB0903994605
:105EB0004AF1000AD2E700BF0040420FFF7F841E74
:105EC000D0150020D81500202DE9F04700EB400345
:105ED000344DDFF8D480EC5C06464700FFF76AF9E2
:105EE0004FF0200C4FEA461E04EB440108EBC101C1
:105EF0000EEB0403D1F808A00A69AAEB000929F007
:105F00007F49B9F5000F05EB43030DD812EB0A02E8
:105F1000121A22F07F42B2F5000F05D8BCF1200F13
:105F20000AD12046BDE8F0875B7F202BA4461C46A3
:105F3000DAD1BCF1200FF4D00CEB4613BA1905EB03
:105F4000430315F802805B7FAB54710144464FF068
:105F5000040E0B1905EB430322469445204683F8B3
:105F60001CE05C7FF5D1BB192B440A4493F802E096
:105F7000BEF1200F5FFA8EFC18BF8C443E4418BF60
:105F800005EB4C0C05EB4202354408BF83F8018059
:105F90004FF0200318BF8CF81D80A870537720465F
:105FA000BDE8F08728160020D01200202DE9F0412E
:105FB00001EB41034A4DEE5C202E82B00C46804638
:105FC0004FEA410740D1474B0BB1AFF3008005F0DA
:105FD0007DFEAB7C0191202B0AD0434BD3E904E238
:105FE00010F1020C41F10003E64572EB030330D3DC
:105FF000202E0AD042463346FFF7E8FA00283DD06B
:106000000220AE7402B0BDE8F081D5E90223B3F1FD
:10601000FF3F08BFB2F1FF3F1FD12B7C43BB0420E1
:10602000FFF772F905F060FE0020FFF735FAA96965
:106030004FF080422020A874002301200B60C2F89A
:10604000083502B0BDE8F0810846FFF73DFF864203
:10605000B9D0002002B0BDE8F08105F0CBFC4FF0D4
:10606000FF334FF0FF32C5E902232B7C002BD6D043
:106070000520FFF749F900232B74D0E73A1906EB06
:10608000441305EB430315F802C05B7FAB54610179
:106090006246042013468A1805EB42029E4210779E
:1060A000527FF7D13A192A443C449678F0B2202E18
:1060B00018BF4018194418BF05EB400005EB41011B
:1060C000254418BF80F81DC0AB704FF000004FF0A2
:1060D000200308BF82F801C04B7702B0BDE8F08111
:1060E0002816002000000000D815002038B5164AF8
:1060F000164D4FF0FF304FF0FF310023C2E902018F
:10610000C5E90201202142F22000A970136082F843
:106110002030A9741C4628806B742B7405F11C0276
:1061200002F814300134202CFAD1094801F068FC3F
:10613000084B094A1C70107001F052FDA861FEF76F
:10614000DDFF0123EB7438BDD81500202816002090
:1061500069590100D0150020001600202DE9F04FEC
:1061600083B005F0B3FDDFF8688206460C4605F003
:10617000BBFD4FF0FF334FF0FF32C8E9022398F820
:106180002030D3B9D8F81030D8F81820D8F8141027
:106190009048033341F100019B1802F5DF62A0FB38
:1061A00002024FEA922241F100019B1841F10001E5
:1061B0009E4274EB010380F0FB804FF0FF304FF004
:1061C000FF31FFF70DF8844A92F800B0BBF1200FC1
:1061D00000F0E980814D20231370AB746B7C0022AA
:1061E000C8F8002003EB43025FFA83F9AF5C5B0061
:1061F000202F00930AD0DFF8E8A107EB47030AEB52
:10620000C3037A00D97D012900F0A880009BDFF844
:10621000D4A103EB09062E444FEA49173478202C09
:1062200004D04846FFF750FE8442F7D1BAF1000F80
:1062300001D0AFF3008005F049FDAB7C202B09D0E5
:10624000D8E9042310F1020E41F1000C724573EB02
:106250000C03E3D3202C34D023460122FFF7B6F9F8
:10626000002852D0AC7407EB0B0305EB43031A7FF5
:10627000022A1BD1009A4A442A44062119779178B0
:10628000CBB220291CBFDB1905EB43035F4418BFC9
:1062900083F81DB0009B08BF82F801B04B442B442B
:1062A00005EB470783F802B020237B77FF23AB7110
:1062B000009B4B441D446B78202B60D103B0BDE89C
:1062C000F08FD5E90223B3F1FF3F08BFB2F1FF3FE2
:1062D00007D005F08FFB4FF0FF324FF0FF33C5E9D9
:1062E00002232B7CA3BB0420FFF70EF805F0FCFC77
:1062F0000020FFF7D1F8A9694FF080420023202049
:10630000A8740B60C2F80835ADE73B1905EB4303F1
:1063100030785B7F3370024604211346BA1805EBD0
:1063200042029C421177527FF7D1B178B370CAB262
:1063300020291CBFD21905EB42023B4405EB430365
:1063400018BF50774FF0200208BF70705A7765E78A
:106350000520FEF7D9FF00232B74C4E75B7D012BDA
:1063600014D1033644F1000417440AEBC70ADAE9F2
:106370000223B242A34128BFCAE9026446E71A4B8E
:10638000187803B0BDE8F04F01F066BB0192FEF74C
:1063900021F8019A0028E4D105F036FB8619019A0C
:1063A00044F10004E0E740F2B121702001F074F9FB
:1063B000094B0B4A1B78182101FB03F3D018072166
:1063C0004068D358984740F2A621702001F064F944
:1063D000D81500209300DC92D0150020281600204C
:1063E000D0120020000000000016002038B50C4636
:1063F000054605F00FFB11494B7C01F11C0C5FFABF
:1064000083FE0CEB831C002302E00133202B13D00E
:106410001CF81320D8B2002AF7D1094A03EB4E1E0C
:1064200003EB430301EB4E0142F8335002EBC3038D
:1064300001220A775C6038BD184638BD2816002056
:10644000D01200201F2808D80A494B7C00EB4313C8
:1064500001EB43031A7F012A01D0002070474B7CD7
:1064600000EB431301EB43034FF0000C104683F89D
:106470001CC070472816002010B5054CD4E9040153
:10648000FEF74AFC237F0133181841F1000110BDCB
:10649000D81500200378002B40F0D7802DE9F04F6D
:1064A0006F4A5368C3F3080389B08146002B40F05C
:1064B000B8806C4E6C4FDFF8B4B106F11C0A27B1FE
:1064C000002140F23740AFF30080757CEDB24FF011
:1064D0000003B37127B1002140F23C40AFF30080CC
:1064E0000AEB851EBEE80F006C1C04F001080AEBE5
:1064F000881CACE80F00BEE80F00ACE80F00BEE857
:106500000F00ACE80F009EE80F0044468CE80F0037
:106510002DB227B100214FF47370AFF3008005EB6B
:10652000450504EB44047319725B9B783253344481
:10653000A37057B100214FF47470AFF3008027B1FE
:10654000002140F24140AFF3008005F0BFFBCDF8E1
:10655000008004AB4A4604460D46FFF717FC27B1FE
:1065600000214FF48960AFF30080414B1B78202B52
:106570003FD0DBF81030DBF81420DBF818100833BC
:1065800042F100025B1842F10002DDE90401984289
:1065900071EB020CCDF8008022D3364822462B4600
:1065A00004A9FFF797FB98B1DDE90401FEF7B4FBFE
:1065B0009DF81C3001331B1841F10001C9F810305F
:1065C000C9F8141027B1002140F25B40AFF30080FE
:1065D000B379002B7FF473AF012009B0BDE8F08FD1
:1065E000CDE9043204A922462B462248FFF772FB6C
:1065F000DAE79DF81D1014F1080345F100020129A6
:10660000C3D0CDE90232FDF7E5FEDDE90232002814
:10661000BBD105F0F9F9029B039AC31842F10002BD
:10662000B3E7103B59B2002911DB01F1604101F5DC
:10663000614191F8000340090028CED0094E0A4F6D
:10664000DFF828B006F11C0A39E70020704703F094
:106650000F03043B1344187E40090028EED1BCE729
:1066600000ED00E02816002000000000D8150020F2
:10667000D01500200040420F2DE9F04FAC4A53687E
:106680008FB0C3F3080383460491002B40F062816E
:1066900008230393049B1B78012B00F23D82A54E37
:1066A00026B1002140F22950AFF300800023A24C14
:1066B00005934FF0010926B1002140F23650AFF3A7
:1066C0000080B9F1000F04D19C4B0BB1AFF30080F7
:1066D00062B6657CEDB24FF00003A371039B002B03
:1066E00040F09880A84626B1002140F24A50AFF30E
:1066F000008005F0EBFA049A00950AAB8246FFF79A
:1067000045FB26B1002140F25250AFF300800BEB65
:10671000481904EB49094FEA481799F81C30013B26
:10672000012B75D80A992AF07F4AA1EB0A0222F0C0
:106730007F4323F00103002B40F0BD8008EB4802AB
:10674000224407EB0B03907804EB43030421202839
:1067500019774FEA4803C1B200F09681394404EB3F
:10676000410181F81DB0434423445F4404EB4707D3
:1067700083F802B020237B7700230593012726B1FD
:10678000002140F25750AFF300806D4B0BB1AFF3D7
:106790000080EFF31088C14672B6A379002B8AD12E
:1067A000684B0BEB4B0C03EBCC0C0AAB0FCB0CF197
:1067B000080C8CE80F008FB1039B002B00F0EA80DF
:1067C000059B23B1604B1B78202B00F06081637C1C
:1067D000DB4303F001036374FF23A371B8F1000FDF
:1067E00004D1564B0BB1AFF3008062B626B1002145
:1067F00040F28E50AFF30080002F4AD126B1002125
:1068000040F29A50AFF3008038460FB0BDE8F08FE9
:106810000027B4E74D4B05F1010A0AF0010A03EB2A
:10682000851E03EB8A1CBEE80F00ACE80F00BEE833
:106830000F00ACE80F00BEE80F00ACE80F009EE8C8
:106840000F002DB28CE80F00D0460FFA8AF726B160
:1068500000214FF47370AFF3008005EB450507EBA3
:1068600047076319625B9B78E2532744BB7056B1BC
:1068700000214FF47470AFF3008026B100214FF473
:10688000A860AFF30080A379002B7FF414AF5546C6
:1068900029E7637C03EB43031C446378202BADD0D2
:1068A00026B1002140F29550AFF30080284B1878B4
:1068B00001F0D2F8A2E722F07F42B2F5000F3FF6D6
:1068C0003DAF0C9B5B18A3EB0A0323F07F43B3F5AA
:1068D000000F3FF633AF0DF127030DF126022946D5
:1068E0000AA8FFF769F9059000285AD108EB480279
:1068F00022440423907889F81C304FEA480320286A
:10690000C1B2434418BFC91923445F4404EB47078D
:1069100018BF04EB410183F802B04FF0200314BF0D
:1069200081F81DB082F801B07B77012727E700BF0F
:1069300000ED00E00000000028160020000000002C
:1069400000000000D0120020D015002044160020C6
:1069500000160020103B59B20029C0F28D8001F1D1
:10696000604101F5614191F800335B090393002B0D
:106970007FF490AE704B1B78202B00F0D280049BEC
:106980001B780393002B3FF48AAE40F22251702013
:1069900000F082FEFF23A371B8F1000F7FF426AF51
:1069A0001FE79DF826C09DF827E0F44518D1BCF1FB
:1069B000200F00F09E8007EB0C0304EB43035B7F8A
:1069C00089F81D30BC4404EB4C0C00228CF81DB03F
:1069D0005F4404EB4703059F059203221A77CEE636
:1069E000BEF1200F00F0A28007EB0E0304EB43037F
:1069F000BCF1200F597F00F0878007EB0C0204EBFD
:106A000042024FEA4803507F069051774FF0050A43
:106A10003A1804EB420201468E45814682F81CA0DA
:106A2000507FF5D103EB08022244079192F802A0AF
:106A3000BAF1200F5FFA8AFE63D0BE4404EB4E0E1B
:106A4000069A8EF81D2003EB08022244079982F86B
:106A50000290394407EB0B024FF0200E04EB41018A
:106A600004EB4202F44581F81DE05077AAD143447B
:106A7000059A04F803B0ABE703F00F03043B13449B
:106A80001B7E5B09039372E782F801B06BE629462F
:106A90000220FFF78BFA00287FF499AE637C03EBAA
:106AA000430020440BEB431204EB4202857804219F
:106AB000DFB211775A015B00202DE9B23B4418BFC9
:106AC000891823445A4418BF04EB410104EB4202E5
:106AD00083F802B04FF0200318BF81F81DB0059F66
:106AE00008BF80F801B05377B8F1000F7FF47EAE95
:106AF00077E608EB4803E35C89F81D304FEA48036A
:106B0000B5E7069951709EE708EB48024FEA480343
:106B1000A05C0690A15479E740F22651702000F065
:106B2000BBFD40F21F51702000F0B6FD40F2CB11CA
:106B3000702000F0B1FD00BFD01500202DE9F84F06
:106B4000734CDFF8D08105464FF0010A04F11C0BAD
:106B5000B8F1000F04D0002140F2AC50AFF3008038
:106B6000BAF1000F04D16C4B0BB1AFF3008062B6E9
:106B70004FF00003A371B8F1000F04D0002140F2E0
:106B8000B150AFF30080667C0BEB861EBEE80F00B1
:106B900006F1010909F001070BEB871CACE80F00B7
:106BA000BEE80F00ACE80F00BEE80F00ACE80F0035
:106BB0009EE80F00B9468CE80F00B8F1000F04D032
:106BC00000214FF47370AFF3008006EB460607EB2D
:106BD0004707A319A25B9B78E2532744BB70B8F127
:106BE000000F04D000214FF47470AFF30080A3793C
:106BF00003F0FF01002B7CD1B8F1000F03D040F26D
:106C0000BB50AFF3008005EB491304EB43034FEA9D
:106C100049161A7F032A6AD109EB4902A75CBD42D3
:106C200071D0202F63D03B4601E0202B5FD0F218BB
:106C300004EB42021946537F9D42F6D1202D56D0D7
:106C40007319314404EB430304EB41015B7F4B7741
:106C5000B8F1000F0CD0002140F23E30AFF30080BD
:106C6000B8F1000F04D000214FF4B860AFF30080FA
:106C70002E4404EB460601233377B8F1000F04D00D
:106C8000002140F2C950AFF30080244B0BB1AFF3A9
:106C90000080EFF3108A72B6A379002B7FF458AF0F
:106CA000BD4203D11E4B1B78202B1AD0637CDB43E3
:106CB00003F001036374FF23A3710124BAF1000FF1
:106CC00004D1154B0BB1AFF3008062B6B8F1000FE1
:106CD00004D0002140F2EB50AFF300802046BDE825
:106CE000F88F49460220FFF761F90028DED1002421
:106CF000E4E7B8F1000F3FF433AF002140F2B750A2
:106D0000AFF3008024E7202DF1D05B7FA3549FE7F1
:106D10002816002000000000000000000000000015
:106D2000D015002070B586B007280DD8DFE800F038
:106D3000310C0C0C0C1D040E5F4B4FF080419A6916
:106D40000123C1F80835136006B070BD5B4B5C4A87
:106D50001B7803EB430302EBC30052F83330406867
:106D6000042106B0BDE870401847534C237C002B2B
:106D700048D0D4E90223B3F1FF3F08BFB2F1FF3F8F
:106D800000F084800120FEF787FB0023237406B007
:106D900070BD494CD4E90223B3F1FF3F08BFB2F103
:106DA000FF3F55D0454E0120FEF776FB3378202B70
:106DB00055D0444D6A7F012A3BD0FDF70BFB0346BB
:106DC000002835D194F89C200132D2B2312A84F8BF
:106DD0009C206CD84FF47A7230786946CDE9003245
:106DE000CDE90233CDE90433FFF746FC002859D042
:106DF00095F82040012385F82030FFF7AFF985F89A
:106E00002040A1E72D4B2E4A1B782E4903EB43036C
:106E10004FF0FF344FF0FF35C1E9024502EBC301EB
:106E200052F833304868052106B0BDE87040184775
:106E30003378234A03EB430302EBC30052F83330A9
:106E40004068002184F89C1006B0BDE870401847E7
:106E500004F0CEFD04F03AFFC4E90201A2E7637C2E
:106E600003EB4301DAB2635C202B16D003EB421232
:106E700004EB4202507F6054FF21A171114D337029
:106E800002211177002285F8202093E704F0B0FD5D
:106E900004F01CFFC4E9020174E740F242217020B3
:106EA00000F0FAFB40F21461702000F0F5FB4FF4A3
:106EB000C261702000F0F0FB28160020D0150020E1
:106EC000D0120020D815002070B5224B1A78202A45
:106ED00086B035D0204CD4E90213B3F1FF3F08BF90
:106EE000B1F1FF3F31D11D4E02EB420206EBC2066B
:106EF0000546D6E90201FDF70FFF337D00225B193D
:106F00005241013342F10002181842EB01010DF128
:106F10000B0204AB009203AAFDF760FF9DF80B2063
:106F2000DDE904130F2A94BF00220122521843F115
:106F300000030520C4E90223FEF748FA06B070BD3D
:106F400040F2AA71702000F0A7FB40F2AB717020F4
:106F500000F0A2FBD0150020D8150020D012002090
:106F6000FEF728B938B5254B93F800E0BEF1200FA5
:106F70003FD0234D6B7C95F811C003EB43035FFAC0
:106F80008CFCEB5C202B25D01E4C4FEA4C1C05E002
:106F9000634405EB43035B7F202B1BD003EB4302D1
:106FA00004EBC202917D8142F2D80EEB4E0E04EB4F
:106FB000CE04D4E90213206940189168D26843F1E5
:106FC0000003C41C43F10003A14272EB030304D28B
:106FD000002038BD4FF0FF3038BD0B4B081A033886
:106FE0001C68FDF78BFE04F132038342F0D8001BCE
:106FF00038BD40F2DF71702000F04EFBD01500204C
:1070000028160020D0120020D81500202DE9F04FBE
:107010008C4B1D7887B0202D019000F00D81DFF89A
:107020002892DFF8288299F8113003EB43030646D3
:10703000D8F8000019F80340D8F8103003930DF188
:107040001302D8F8183002938B46304405A9FDF797
:1070500099FE7F4BA6F132029A426AD8DFF8F4A17A
:10706000059BD8F8146005EB45050AEBC505A86833
:107070001B182869D8F810501818401B20F07F43BF
:10708000B3F5000F55D899F81120C8F81800202C36
:1070900088F81EB0D2B200F0C2805201DC46202136
:1070A000934604EB440240190AEBC20246F1000E7B
:1070B000D2E90263864273EB0E034FEA440746D3DC
:1070C000537D012B03D098F81D30012B35D00520BE
:1070D0000091FEF719F9009999F811004FF0FF326D
:1070E0004FF0FF332029C8E90223C0B240F0958059
:1070F00000EB4000202419F80030524A99F8111092
:10710000127802EB411209EB42025377D8F80030B3
:10711000019A1344C8F80030FF2389F80630202C68
:1071200035D04D4B187800F097FC002007B0BDE833
:10713000F08F012007B0BDE8F08F009104F064FCEF
:10714000751B013085420099C1DA98F81EC02744AA
:107150000AEBC707BB7D63450DD90BEB040309EBB5
:1071600043035B7F202B16D02146D8E90456D8F87C
:1071700018001C4695E7DDE90231D8F810205B18AD
:107180009B1A0220C8F8183007B0BDE8F08F002025
:1071900007B0BDE8F08F0520FEF7B6F84FF0FF32DC
:1071A0004FF0FF3399F81100C8E90223C0B204EB95
:1071B000401309EB430346005A7F00EB40034101B3
:1071C00019F803A009F803204FF0050C5346CF1817
:1071D00009EB47071A4694421D4687F81CC07B7F7F
:1071E000F5D137184F440A4497F802E0BEF1200F5A
:1071F0005FFA8EFC18BF8C44304418BF09EB4C0C6E
:1072000009EB420248444FF0200114BF8CF81DA046
:1072100087F801A0857051776FE70C46C7E7052016
:10722000FEF772F899F811004FF0FF324FF0FF337C
:10723000C8E90223C0B25BE740F60801702000F005
:107240002BFA00BFD015002028160020D8150020EA
:10725000CE3F420FD0120020001600202DE9F84F3B
:107260009A4C637C00EB431304EB43031B7F002B1E
:1072700000F02781677CDFF858820546FFB2B8F13D
:10728000000F04D0002140F64700AFF300807E01DC
:1072900005EB471704EB4707B8F1000F40F0D98022
:1072A000771904EB47073B7F012B08D0043B022BE7
:1072B00040F2C58004F03DFD3B7F012BF6D1DFF8A5
:1072C00014A24FF0010BB8F1000F04D0002140F6DA
:1072D0005E00AFF30080BBF1000F04D17E4B0BB119
:1072E000AFF3008062B64FF00003A371B8F1000F56
:1072F00004D0002140F66300AFF30080667C0AEB07
:10730000861EBEE80F0006F1010909F001070AEB2D
:10731000871CACE80F00BEE80F00ACE80F00BEE829
:107320000F00ACE80F009EE80F00B9468CE80F0094
:10733000B8F1000F04D000214FF47370AFF3008058
:1073400006EB460607EB4707A319A25B9B78E253BF
:107350002744BB70B8F1000F04D000214FF47470C3
:10736000AFF30080A37903F0FF01002B40F085808C
:10737000B8F1000F03D040F66D00AFF3008009EBC9
:10738000490323444FEA490B5E78B54200F08F80F1
:10739000202E2CD04FEA491101E0202E27D08B1946
:1073A00004EB4303324637465E7FB542F5D1202DCC
:1073B0001DD00A44294404EB410104EB42024B7FF7
:1073C0005377B8F1000F04D0002140F23630AFF30C
:1073D00000800BEB090323449B789E425AD0B8F1FE
:1073E000000F0CD0002140F23E30AFF30080B8F126
:1073F000000F04D0002140F67100AFF30080374B3E
:107400000BB1AFF30080EFF310839B4672B6A27905
:10741000002A7FF458AF84F81190FF22A27123B99B
:107420002D4B0BB1AFF3008062B6B8F1000F04D062
:10743000002140F68300AFF30080BDE8F88F731998
:1074400004EB43030122DFF88CA01A774FF0010B05
:1074500039E73B7F012B3FF432AF043B022B16D9B7
:10746000002140F65300AFF3008004F062FC0021DD
:1074700040F65700AFF300800EE7B8F1000F3FF47D
:107480002AAF002140F66900AFF300801BE701231B
:107490003B77ECE7B8F1000F04D0002140F239301F
:1074A000AFF300800BEB090323449F7097E7202D77
:1074B0009DD005EB491204EB42022027527F5A70FF
:1074C0007FE740F63E01702000F0E6F82816002025
:1074D0000000000044160020000000000000000032
:1074E00070B586B063BB064610460D46FDF706FC38
:1074F0000DF10B030446009303AA04AB2946304662
:10750000FDF76CFC039A1349A31A8B420BD3121B91
:107510008A420ED310498B420DD88A4215D9C2F146
:10752000614303F5F7030A9AA2F10F00C01A06B0EF
:1075300070BD5342F7E703F1F45303F59023F2E7EC
:1075400040F68901702000F0A7F840F2CF7170205A
:1075500000F0A2F80040420FFF7F841EBFF34F8F60
:107560000549064BCA6802F4E0621343CB60BFF3DF
:107570004F8F00BFFDE700BF00ED00E00400FA05FB
:10758000094B01225A604FF0FF32C3F80823074B22
:107590004FF48042C3F88020BFF34F8FBFF36F8F4B
:1075A000C3F88021704700BF00E0004000E100E028
:1075B000094B01225A604FF0FF32C3F80823074BF2
:1075C0004FF48052C3F88020BFF34F8FBFF36F8F0B
:1075D000C3F88021704700BF00C0004000E100E018
:1075E000084B0022C3F8FC2F0122C3F8FC2F064BE6
:1075F0000222C3F88020BFF34F8FBFF36F8FC3F811
:10760000802170470010004000E100E0F8B51B4EFB
:10761000337805460C4617466BBB00F061FAFCF761
:1076200087FE174B7760002D08BF1D462846347231
:10763000FFF7D6FFFFF7BCFFFFF7A2FF04F0E6F964
:107640000546B0B9FEF752FD04F0E2F904F08FFAF6
:10765000002C0CDB04F01F026409A40004F1604458
:1076600004F5614401239340C4F880312360012371
:1076700033702846F8BD4FF0FF35FAE7C8160020F2
:107680002E7F030008B572B6024B5B6803B19847C2
:10769000FFF764FFC81600201FB572B6134B5D6874
:1076A0008DB9FFF75BFFB2FBF6F2DCB20133002AC3
:1076B000F9D104F110036B4403F80C2C0A2234B9FD
:1076C00001A8A847EDE7024600230A26EDE7631E5E
:1076D00004AEDCB256FA83F3B0FBF2F602FB1600FE
:1076E000303003F80C0C3046E9E700BFC816002024
:1076F000074B93F90830002B09DB5A09012103F0ED
:107700001F0301FA03F34032024941F82230704767
:10771000C816002000E100E0014B1878704700BF58
:10772000C81600202DE9F84FDFF8C4A0314C324DC7
:10773000DFF8C890074601269AF800805FFA88F8BB
:10774000FF238AF80030B8F1000F01D08AF8013029
:10775000EFF3108272B600236660C4F80031C4F8FB
:107760000431C4F8047526603AB962B605E0D4F86D
:10777000043133B92B69DB0620D4D4F80031002B57
:10778000F5D0D4F80431002BE2D1B8F1000F13D1B9
:107790009AF80130DBB28AF8018003214FF480426D
:1077A000C4F80813C4F80481C4F80081C9F8802122
:1077B0008AF80080002BBFD1BDE8F88F4FF48043DA
:1077C000C9F88031EFF3108B72B60323C4F8043389
:1077D000D4F8003113B9D4F804311BB1BBF1000F58
:1077E000CBD1C2E704F0A5FABBF1000FC5D1BCE7CD
:1077F000D416002000E0004000ED00E000E100E0D1
:1078000070B51646DA078CB01D4686468C4640F1A8
:10781000A280C37B8DF80030837B8DF80130437BE1
:107820008DF80230037B8DF80330C37A8DF8043075
:10783000837A8DF80530437A8DF80630037A8DF817
:107840000730C3798DF8083083798DF80930437992
:107850008DF80A3003798DF80B30C3788DF80C3031
:10786000837842788DF80D3003788DF80F308DF8DD
:107870000E20CA7B8B7B8DF810208DF811304A7B4F
:107880000B7B8DF812208DF81330CA7A8B7A8DF825
:1078900014208DF815304A7A0B7A8DF816208DF861
:1078A0001730CA798B798DF818208DF819304A79FC
:1078B0000B798DF81A208DF81B30CA788B788DF8EB
:1078C0001C208DF81D304A780B788DF81E208DF81D
:1078D0001F306C462046FFF725FFAB0731D59DF8DA
:1078E0002F009DF82E109DF82D209DF82C30307023
:1078F00071709DF82B009DF82A10B270F3709DF8FE
:1079000029209DF82830307171719DF827009DF86D
:107910002610B271F3719DF825209DF82430307245
:1079200071729DF823009DF82210B272F3729DF8D7
:1079300021209DF8203030737173B273F3730CB053
:1079400070BD0DF1200CBCE80F0030607160B260BA
:10795000F3600CB070BDDEF80410DEF80820DEF82D
:107960000C3000686C46A646AEE80F00DCF800005C
:10797000DCF80410DCF80820DCF80C30AEE80F006E
:10798000A8E700BF1B4B4FF4805270B5C3F88020AE
:10799000BFF34F8FBFF36F8F174D184C0021C5F801
:1079A0000011C3F880212669236943F01003236185
:1079B0000123C5F8043306F010062B60D5F800311A
:1079C000A3B11EB9236923F0100323610A4B0122DE
:1079D000D3F808055A60C3F808230022C3F8002131
:1079E000044B4FF48052C3F8802170BD04F0A1F91C
:1079F000E4E700BF00E100E000C0004000ED00E06F
:107A000038B50C49024605200138C0B2FF2803D121
:107A100048216920FFF740FE01EBC0031D7905F006
:107A2000FF04002DF0D141F8302001225C719C71DF
:107A30001A7138BDD8160020042808B503D94F2183
:107A40006920FFF729FE034B03EBC00000230371FD
:107A500008BD00BFD8160020042808B503D9582156
:107A60006920FFF719FE094B03EBC0000379012BD6
:107A700001D05921F4E7437982790133DBB29A428C
:107A800018BF4371BDE80840FFF732BED81600208A
:107A900070B5124C06250026013D15F0FF0500D1FA
:107AA00070BD94F8281004EBC1031A79012A09D19A
:107AB00058799A79904205D05A79D2B29A7154F88D
:107AC0003130984794F828300133DBB2042B94BF4F
:107AD00084F8283084F82860DEE700BFD81600203C
:107AE0004FF08052034BD2F830111960D2F8342194
:107AF0005A60704704170020034B1868A0F10F0369
:107B000058425841704700BF04170020034B1868C3
:107B1000A0F10A0358425841704700BF04170020E3
:107B2000034B1868A0F10E0358425841704700BF3C
:107B300004170020034B1868A0F110035842584165
:107B4000704700BF04170020044B1868062803D0B4
:107B5000431C5842584170470120704704170020C9
:107B6000034B1868A0F10D0358425841704700BFFD
:107B700004170020034B1868A0F10803584258412D
:107B8000704700BF0417002008B5FFF7BFFF20B102
:107B9000024B5868B0FA80F0400908BD0417002075
:107BA00008B5FFF7D1FF38B1044B5868063810F11B
:107BB000080F94BF0020012008BD00BF041700205B
:107BC00008B5FFF7C1FF38B1044B5868063810F10B
:107BD000080F8CBF0020012008BD00BF0417002043
:107BE00008B5FFF789FF70B9FFF790FF58B9FFF7A5
:107BF00097FF40B9FFF7A8FF044A054B002808BFCC
:107C00001346184608BD024BFBE700BF00E70140E2
:107C10000C05004008B5FFF797FF08B3EFF310809D
:107C200072B6104A1369116941F010011161A2F591
:107C3000406203F01003D2F80011D2F804210A4385
:107C400000D040BF20BF00BF00BF00BF00BF23B9AE
:107C5000044A136923F01003136100B962B608BD2A
:107C600020BFFCE700ED00E0914270B53BD2B2FAD4
:107C700082F33BB1C3F1200420FA04F4994021437C
:107C800098409A40160CB1FBF6FC06FB1C14240429
:107C90001FFA82FE030C85B204EB10400CFB0EF4BD
:107CA000844206D9201A90428CBF02200120ACEBFE
:107CB000000C03EB01410CFB1211B1FBF6F006FBCB
:107CC000101105EB014100FB0EFE8E454FEA0C4CF6
:107CD00006D9AEEB010E96458CBF02220122801A16
:107CE00040EA0C0070BD73219620FFF7D5FC00BF61
:107CF0002DE9F8431C4652EA040349D007461546CD
:107D00000E467CB9914208D321463046FFF7ACFFBE
:107D100004462A46384604FB1561FFF7A5FF2146B5
:107D2000BDE8F883B4FA84F9B9F11F0F34DC4FF0E1
:107D3000010808FA09F2A2FB051320FA08F002FB79
:107D4000043226FA08F140EAC670FFF78DFFC9F148
:107D50001F03D8404FF0000118D0431E8C4661EB42
:107D6000010105FB01F203FB042280461846A5FB36
:107D7000033EFB1A724466EB02061F46AF4276EBE7
:107D8000040324BF40466146BDE8F8838446F5E716
:107D9000CA219620FFF780FCE7219620FFF77CFCA4
:107DA00010B5441A94422BD34AB34B1CC31A022B6E
:107DB00031D9531E072B2ED922F003048C46864658
:107DC0000C445CF8043B4EF8043BA445F9D122F086
:107DD00003039A4202F0030400EB030C01EB030ED1
:107DE0000DD0CA5CC254012C09D09EF801308CF829
:107DF0000130022C03D09EF802308CF8023010BD06
:107E0000002AFCD08B18024413F801CD02F801CDF2
:107E10008B42F9D110BD4B1E0244014613F8014FAD
:107E200001F8014B9142F9D110BD00BF81EA000376
:107E30009B072DE9F0415DD187075FD0002A57D01D
:107E4000034601E0002A53D011F801CB03F801CB1F
:107E50009E0702F1FF32F5D1032A28D941EA030532
:107E6000141F6D074FEA940E4AD12B2C48D90EF1FE
:107E700001084FEA580C03EBCC0CA1F108051C4695
:107E8000F5E90267E4E802676445F9D118F0010FEB
:107E900028F0010403D051F8245043F824500EF187
:107EA000010402F0030203EB840301EB8401FAB145
:107EB000541E022C20D922F003058C460D449E4608
:107EC0005CF8044B4EF8044BAC45F9D122F00304A6
:107ED000A2422344214402F0030509D00A781A7013
:107EE000012D05D04A785A70022D1CBF8A789A70ED
:107EF000BDE8F0810346DAE71546EFE70346ABE756
:107F00000EF1010701EB87071D1F0C4654F8046BA7
:107F100045F8046FBC42F9D1C1E700BF2DE9F0413B
:107F200084075FFA81FE5FD0002A59D0034601E042
:107F3000002A55D003F801EB990702F1FF32F7D17F
:107F40004EEA0E24032A44EA04443ED9151FAE0823
:107F5000172D06F10106C3F3800147D99846002981
:107F600040D048F8044B771A03EB810C79080CEBEE
:107F7000C101CCE900440CF1080C6145F9D127F0AE
:107F8000010C08EB8C016745CCEB8C7805EB880580
:107F900017D02F1F032F0C6013D9A5F10807032F4B
:107FA0004C600ED9A5F10C07032F8C6009D9A5F1FF
:107FB0001007032FCC6004D9143D032D0C6188BF3A
:107FC0004C6102F0030203EB86034AB1013A83F8E5
:107FD00000E005D0012A83F801E018BF83F802E031
:107FE000BDE8F0811546BEE70346A9E719461546E8
:107FF000CFE700BF2DE9F04786468C460846089E2D
:10800000154674461946002B40F0C2808542B2FAEC
:1080100082F245D94AB1C2F1200300FA02FC2EFADD
:1080200003F3954043EA0C0C94404FEA154EA8B276
:10803000BCFBFEF8230C0EFB18CC08FB00F943EA4E
:108040000C43994528D9EB1808F1FF3704D299451C
:1080500002D9A8F102072B44A3EB0903A4B2B3FB96
:10806000FEFC0EFB1C330CFB00F044EA0344A04270
:1080700014D92C190CF1FF3304D2A04202D9ACF16F
:1080800002032C44241A43EA07401EB1D4400023C3
:1080900034607360BDE8F0874746DDE76346F1E78B
:1080A00092BB431B01214FEA154EAFB2B3FBFEFC5E
:1080B000200C0EFB1C330CFB07F840EA03439845E9
:1080C00062D9EB180CF1FF3004D2984502D9ACF11B
:1080D00002002B44A3EB0803A4B2B3FBFEFC0EFB8F
:1080E0001C330CFB07F744EA0344A7424ED92C1972
:1080F0000CF1FF3304D2A74202D9ACF102032C44A5
:10810000E41B43EA0040C0E7C2F1200320FA03F178
:10811000954090402EFA03F303434FEA154EAFB259
:10812000B1FBFEFC0EFB1C10190C0CFB07F841EA1E
:108130000041884504FA02F422D969180CF1FF3095
:1081400004D2884502D9ACF102002944A1EB080110
:108150009BB2B1FBFEFC0EFB1C110CFB07F743EAC4
:1081600001439F420ED9EB180CF1FF3104D29F421C
:1081700002D9ACF102012B44DB1B41EA004192E73A
:108180006046E3E76146F7E76046A3E76346B7E783
:10819000834206D916B9002108467BE7C6E900E00C
:1081A000F9E7B3FA83F78FB9834201D3724508D850
:1081B000BEEB020460EB030301209C461EB90021C4
:1081C00068E73846FAE7C6E9004CF8E7C7F1200C43
:1081D000BB4022FA0CF41C432EFA0CF120FA0CF3EB
:1081E000B84001434FEA14490EFA07F5B3FBF9F81A
:1081F0001FFA84FE09FB18300B0C08FB0EFA43EA49
:1082000000439A4502FA07F240D9E31808F1FF301B
:1082100004D29A4502D9A8F102002344A3EB0A0331
:1082200089B2B3FBF9F809FB183308FB0EFE41EAEB
:1082300003418E452CD9611808F1FF3304D28E45D5
:1082400002D9A8F10203214443EA0040A0FB0298AE
:10825000A1EB0E014145CE46434602D306D14D4522
:1082600004D2B9EB020E68EB04030138002EA6D04D
:10827000B5EB0E0261EB030101FA0CFC22FA07F3E5
:108280004CEA0303F940C6E9003198E74046C5E7E8
:108290004346D9E71FB5014601A800F006F801A83A
:1082A00002F0E5FB05B05DF804FB0B88C3F30B039C
:1082B00083804B88C380002242724B78C3F3011342
:1082C000012B02D0022B18BF134604310372016048
:1082D000704710B58B880370437803F0F003437048
:1082E0008A88C2F3032213434370CA888270CA8803
:1082F00003F0CF03120A4370C2700A7A120102F02F
:108300003002134303F03F0343704A7A43EA821377
:1083100043700C4609680430814205D0E288FB2A8C
:1083200028BFFB22FFF782FDE0880430C0B210BDF9
:1083300010B48B880370437803F0F00343700A464F
:108340008988C1F303210B434370D1888170C178C0
:1083500001F0C001C170D488C4F30524214303F0A7
:10836000CF034370C170147A240104F03004234316
:1083700003F0BF034370547A43EA841301F03F01D2
:1083800003F07F034370C17011680430814203D051
:10839000D28810BCFFF74ABD10BC704770B50B788F
:1083A000192B05460C461ED82BB3013B182B22D89F
:1083B000DFE813F03A003E002100B100B700BD0035
:1083C000C300C900CD00CF00DF00E500240021007C
:1083D00021004200D300D900E900EF00F500FB00C6
:1083E000010107010D01822B4FF0FF0200F0F58023
:1083F000832B00F0F68040F2322112E00E23B1F818
:1084000003200B7042F283039A4209D10623637062
:1084100066780236324621462846FFF707FD51E0CE
:108420003121C720F4F720FF0C230B700823EEE75F
:108430001A230B700123EAE72920F5F711FA30B16E
:108440003E232370222363702923A370E0E70A20D0
:10845000F5F706FA3E2305F1080204F108012B7036
:1084600090B30A23AB70E378EB70A3882B71A388D9
:108470001B0A6B71A379AB71E379EB71A368AB60F5
:108480008B889380D4F80E30C5F80E30638A6B82E7
:1084900063696B61238B2B83638BAB76638B1B0AC6
:1084A000EB76A38B2B77A38B1B0A6B77E38BAB77D6
:1084B000E38B1B0AEB7794F8203085F820301F26D9
:1084C0006E700236304670BD0123AB70E378EB70FE
:1084D000A3882B71A3881B0A6B71A379AB71E37915
:1084E00003F00103EB71A368AB608B889380638B0F
:1084F000AB73638B1B0AEB73A38B2B74A38B1B0ACD
:108500006B74E38BAB74E38B1B0AEB7494F8203031
:108510002B751326D4E73E230B7004234B701423D2
:1085200093E73E230B700C234B7004238DE73E230F
:108530000B700A234B70032387E73E230B700D2338
:108540004B70052381E70523237004235FE708238D
:10855000FAE730230B70032359E73E230B700B23FC
:108560004B70072371E73E230B7006234B700C23DF
:108570006BE713230B708B789B00013347E757237E
:108580000B70022343E73E230B7006234B7012232C
:108590005BE73E230B7009234B70132355E73E2303
:1085A0000B7005234B7020234FE73E230B700923EC
:1085B0004B70212349E7FF230B700B234B70A22341
:1085C00043E7FF230B7005234B70A3233DE7FF23F5
:1085D0000B700D234B70802337E70A700D226270F9
:1085E00033E70A700222FAE708B510B1FFF752FE2E
:1085F00010B96FF0150008BD0020FCE710B50C465F
:1086000030B129B1F5F780F828B12070002010BDF5
:108610006FF01500FBE76FF02200F8E708B5F5F7FB
:10862000FDF8002008BD01F071B908B5F5F708F9AB
:10863000002008BD01F03BBC01F049BC034602220A
:108640001A709A70FE225A712C229A716FF00602EB
:10865000DA716A221A727F225A72362200209A72C6
:1086600022225870D8701871DA72704701F09EB9E2
:1086700038B54FF080530446D3F8A020D3F8A410A7
:10868000013106D1D3F8A8304FF6FF719BB28B426F
:108690003ED0D3073CD54FF08055D5F8A420D5F86F
:1086A000A830A4F80530C3F3072363F03F03C4F8F0
:1086B0000120A371D5F89030013323D0D5F8943040
:1086C00001331FD0D5F8983001331BD0D5F89C303A
:1086D000013317D00020F7F73DFC98B9D5F890008A
:1086E000D5F89410D5F89820D5F89C30C4F81330FC
:1086F000C4F80700C4F80B10C4F80F20012323703E
:10870000002038BD10220021E01DFFF707FCF5E72F
:108710000023F4E770B54FF0805510220021044685
:10872000D5F8A060FFF7FAFB10220021A018FFF790
:10873000F5FBD5F8803001330BD1D5F88430013307
:1087400007D1D5F88830013303D1D5F88C30013307
:108750000BD0D5F88000D5F88410D5F88820D5F84E
:108760008C30E36120616161A2610020F7F7F2FBC8
:1087700008B9F3071DD44FF08053D3F8902001328D
:108780000BD1D3F89420013207D1D3F898200132CD
:1087900003D1D3F89C2001320BD0D3F89000D3F84A
:1087A0009410D3F89820D3F89C30E3602060616087
:1087B000A260002070BD10B50446FFF7E3F8B0F5E5
:1087C000007F09DA10F5007F08DD031EB8BF033310
:1087D0009B102370002010BD7F23FAE76FF07E030B
:1087E000F7E7012070470120704701F0D0BB007807
:1087F000003818BF012001F0D0B9F7F7E1B981784E
:10880000008801F08FBB01F0ABBB37B505460C46C5
:1088100000880DF1060101F0C5F92B882380BDF811
:108820000630638003B030BDF7F7D2B901F0CABBA0
:1088300001F056B801F0AFB808B5F5F709F8002017
:1088400008BDF6F7B1BF01F0C6B8F7F73FB901F0C0
:108850008EB801F0CABA01F094BA01F0DBBA01F0A7
:1088600003B801F008B801F014B801F026B801F01F
:10887000C3B801F0A4B901F085B801F041B803888C
:108880000B8001F0F9BA03880B8001F003BB01F003
:10889000DAB8F6F7DFBFF6F7C5BF01F002B901F0AD
:1088A00010B9F6F7E1BF01F04DB901F04FB801F092
:1088B00077BBF6F783BFF7F705B8F8B5941C0C44FF
:1088C0006343B3F5004FA8BF4FF0FF330E4610F0DF
:1088D0000301054617469CB203D0AD211420F4F7DE
:1088E000C3FCB4F5004F01D9AE21F7E710220430E4
:1088F000FFF714FBEF746C802E80F8BD70B506880E
:10890000C58803898E42C5F30E02C3F30E0403D259
:10891000CF211420F4F7A8FC5D40C5F30E030BB97A
:108920002D0409D4A24209D2C37CA41A0233E41A4A
:10893000A14203DD00238374184604E014320123AE
:1089400081528374104470BD023101444A43B2F530
:10895000004FA8BF4FF0FF3290B2173020F0030055
:10896000B0F5004F34BF00B24FF0FF307047408881
:10897000173020F00300B0F5004F34BF00B24FF0C5
:10898000FF3080B2704738B503888B4204D240F282
:1089900007111420F4F768FC857C65B1C388C3F324
:1089A0000E031433C25A8A4207D3C152811DF4F711
:1089B0007BFF00238374284638BD0025FBE7034670
:1089C000F0B59C88A5B2C4F30E06DC88AC4200F179
:1089D000140002D10020D881F0BD5F89DC7C855B6A
:1089E0003C4402343444ED1B20440C88ADB2AC420C
:1089F00088BF0D805C89B4FA84F4640914700A8815
:108A0000DA81E9E7F8B58288C389002604460D4675
:108A100092B20E60CBB1C2F30E02418914328718B4
:108A20000B44825A9BB29342438104D94FF4AA71FA
:108A30001420F4F719FC04D1011DF4F735FF468129
:108A40002F600023E3810120F8BD1846FCE770B5D4
:108A5000044604F11406A38822899BB29A42084670
:108A6000C2F30E050DD021B1A91CE27C3144FFF701
:108A7000DDF904F108012046755BF4F715FF28467F
:108A800070BD0025FBE78388C0889BB2C31A58429B
:108A900058417047828873B5C48895B2AC42C2F31E
:108AA0000E0202F1140212D04189C689835A314460
:108AB00099420EDB0DF10601ADF80650F4F7F4FE15
:108AC000BDF80600001B18BF012002B070BD0020D9
:108AD000FBE70120F9E770B50589C488C4F30E06E9
:108AE0006C40C5F30E02C4F30E050346143025B9DD
:108AF000240402D50020188270BDB2421C8806D919
:108B0000DD7C921B0235521B9442A8BF14469D89FE
:108B10000DB1825BA41AA142ECDCDA7C198202322C
:108B200035442A441044E7E738B5038ACBB18B4279
:108B300017D3C3888489C3F30E031433C5180CB943
:108B4000C4546C700C448481C45A2144C15222B173
:108B5000811DF4F7A9FE00238381002303820120F5
:108B600038BD0020FCE78388C2889BB29A4206D0B9
:108B7000428922B9C3F30E0314331844704700200E
:108B80007047C37C088802330B441360704702307F
:108B9000704738B58388C2889BB29A4209D043890E
:108BA0003BB9C5893DB9011DF4F77EFEC5810120A1
:108BB00038BD0020FCE71846FAE703881380C38815
:108BC000C3F30E03143303440B60808970470368BA
:108BD000002223B9C0E90132031D036070475968C0
:108BE0001B680A44F5E7072938B5034604D84FF453
:108BF000EC711520F4F738FB0068A8B1D0E9002427
:108C00008C4212D02AB901F10805AC4204D21046B8
:108C10000AE003461046F1E742501A684518126808
:108C2000641A6C6042501D6038BD1A60FCE7002376
:108C3000C1E9003203680B600160704730B590B144
:108C40008478B1FBF4F304FB131300EB4302528965
:108C50008A4201D1D8B230BDC27822B900F10A03EC
:108C6000D0B2844201D8FF20F5E733F8025BA94275
:108C700002F10102F4D1EEE78278038805324B431A
:108C800003EB42031844704713B50023CDE90033CA
:108C900004468DF806006846F5F706F808B102B0FC
:108CA00010BDBDF804002146F4F7DAFF0028F2D029
:108CB00040F21D211720F4F7D7FA70B50D460921AF
:108CC0001E46FFF741FE3246044609212846FFF7BB
:108CD0003BFE002C03DB002801DB204470BD4FF07D
:108CE000FF30FBE7012303707047F8B505460846DF
:108CF000002811461E4614BF00240224FF23AB7037
:108D00002B191B7D012B04D001342B191B7D012B4A
:108D100019D105EB44073B8B3A8C9819904204DD3E
:108D20002C44002038832075F8BD05EB84043246BE
:108D300060681844FFF77AF83A8B16443E830023A4
:108D4000AB700120F0E70020EEE7002910B514BF5A
:108D500000230223FF218170C1180C7D012C07D153
:108D60000C3320F8132002230B750023837010BDF1
:108D70000133C1180C7D012CF2D04FF48C71092005
:108D8000F4F772FA30B50246837803F0FF00F3B9C6
:108D9000137D022B19D0537D022B19D103460120DC
:108DA00089B1D5180C3300242C7522F81340131800
:108DB00003241C7502EB80035B680B6000F10C035D
:108DC00032F813308B80012002E00123E8E7002015
:108DD00030BD30B58378E3B9837D022B17D0C47DD5
:108DE000022C16D1032381B105190C3400222A75F7
:108DF00020F81420C2180324147500EB83020C33EE
:108E0000526830F813300A608B80012002E003249E
:108E1000E9E7002030BD037D012B01D1008B7047B5
:108E2000437D012B0CBF408B00207047837D012BBD
:108E300001D1808B7047C37D012B0CBFC08B0020FC
:108E40007047038B23B9408B003818BF012070474F
:108E500001207047838B23B9C08B003818BF0120D5
:108E6000704701207047027D022A01D1008B7047B4
:108E7000437D022B01D1408B7047032AF6D0032B90
:108E8000F9D000207047827D022A01D1808B704783
:108E9000C37D022B01D1C08B7047032AF6D0032B70
:108EA000F9D000207047F5F765B8012808B506D05D
:108EB000022806D040F21F410620F4F7D5F9002021
:108EC00008BD0120FCE7F5F7A1B870B50D460646D0
:108ED000FBF7C8F804463046FBF7BCF8743504F5D8
:108EE000234328444FF47A72A133B3FBF2F31844BE
:108EF00070BD10B5044690F86900FBF7B3F800F5B3
:108F00005F4141314FF47A70B1FBF0F1204601F539
:108F10008771BDE8104001F0A6BE7FB5044618B9C0
:108F2000A6213020F4F7A0F9072900F2FB80DFE842
:108F300011F008003E003E003900F900E500ED00A8
:108F4000F70090F808321BB3B0F80632B0F888206A
:108F5000934217D1B0F8BC21A0F88820D31AA0F80A
:108F6000BE31D4E988232046C4E98A23F9F704FFF7
:108F700094F8C331002B00F0AC8004B0BDE8704021
:108F800002F071BC9A1AA0F8BE21A4F88830E8E774
:108F9000B0F80432B0F888209B1AA0F8BE31B0F8BF
:108FA0000432F2E704B0BDE87040FAF721BF02F0E6
:108FB0008BFED4E98A23801A61EB0301012871F149
:108FC000000302DA40F20661ABE76FF0010383426F
:108FD0004FF000038B4102DA40F20761A1E7A36979
:108FE0000BB1B0FBF3F394F88F10B4F806220D29FF
:108FF00034D10132A4F80622B4F84232B4F88850D1
:109000000133A4F84232B4F8C4301D44B4F8C2307D
:10901000013DED1AADB202AEB4F806126B1A1B0494
:1090200036D594F892300394002B0CBF3E230823CE
:1090300084F8B130304601238DF80830F7F7A2FEEE
:10904000204602F012FC002384F8F43194F80B025D
:10905000FDF7F8F9202384F80B323AE0B4F88810D1
:109060000B449BB2D11A090454BF531C01339BB269
:10907000A4F8063294F80932002BBDD1B4F8BC3103
:10908000B4F80622934204BF0133A4F80632B3E7D2
:10909000002300961A462046F5F71AFDB8B10128BC
:1090A00012D1B4F80622B4F8B811BDF80830134450
:1090B000521A12049BB204D5EA1A12F4004F18BFD8
:1090C0000B46A4F80632A7E740F2546129E7236F64
:1090D0000BB904B070BDB4F8BE10B4F806325B1A18
:1090E0001BB2002BF5DDB4F874201344013BB3FB35
:1090F000F2F313FB0213A4F8BE30EAE70120FBF7FA
:10910000F1FE04B0BDE87040FFF7DDBE90F8F43129
:10911000042B01D0C52104E7002380F8F431D8E7FF
:10912000CB21FEE6CF21FCE613B5002380F8F43115
:10913000A0F840321A46009319460446F5F7C8FCD9
:1091400020B140F2F3113020F4F78EF8012284F8B8
:10915000F421C4F8F001C4F8E801A4F80602A4F868
:10916000040284F80902B4F88820A4F84202013A03
:10917000A4F8882002B010BD70B5044690F82031E4
:1091800003F0FF01E3B9D0E946526FF000439A4281
:1091900008BFB5F1FF3F01D1002070BDD0E94456B2
:1091A00002F000F9D4E94632DB305B1B62EB0602C9
:1091B0001B1A62F10002002AEEDA2046F8F76CFE74
:1091C0000120EAE7F8B5044618B9D7213020F4F7B2
:1091D0004BF8072900F2AA80DFE801F0043E3E3A8E
:1091E000A82E9EA6F8F750FED4F80401CB38FDF760
:1091F0006BFE10B940F25121E8E7204602F0AEF9CB
:109200000546F0B90146204602F0CCF800F1DB0635
:10921000D4F80401B04209D2301A322838BF3220C3
:109220000321FDF7F3FE051E18BF0125C4F80461F4
:10923000204602F0ADF935B12046BDE8F84002F015
:10924000A8B90025F4E7D4E94423C4E93C23F8BDD8
:10925000BDE8F840FAF7CCBD02F0AFF8002384F87F
:10926000003184F80931D4F8D43005460E46EBB10C
:1092700050EA01031AD00721A5FB012301FB0633A5
:10928000D4E93C10521843EB0003D4E94401824274
:109290008B410BD2012304F5807784F808313846DE
:1092A000FDF7F8F820B940F292618FE70223F2E768
:1092B0002046FFF761FF034694F8D00033B93946E2
:1092C000FDF7DAF938B940F296617FE7FDF7BAF8B1
:1092D000002384F8F830D4E94401D4E93A328342D7
:1092E00072EB0107B3D255EA0607B0D0C01A61EBA2
:1092F000020133462A46FEF7FBFC05FB01F300FBA7
:109300000633A5FB00500344D4E93A02451943EB68
:109310000203C4E93A539AE790F8D000FDF792F8B7
:10932000002384F8F83092E7F4214FE7F8214DE765
:10933000D0F8D400704710B5044690F8F830EBB17F
:10934000FF2380F82031012102F025F994F8F8304C
:10935000A3B194F8D000FDF7F1FB94F8D000FDF72D
:109360007DFF94F8D000FDF76DF820B940F2DF11D1
:109370003020F3F779FF002384F8F830002010BD87
:1093800010B590F8202142B990F8D82042B1D0E928
:109390003731994202D9F8F77FFD0022104610BDFF
:1093A0000122FBE708B540F28D2101F064FC40F694
:1093B0004803984228BF184680B208BD7FB50446CE
:1093C00090F8C33103F0FF05002B45D190F8F4313C
:1093D000032B41D102F078FCD4E98A23801A61EB97
:1093E0000301012871F1000336DB6FF001038342B2
:1093F00075EB010304DA40F2AF513020F3F734FF8C
:10940000A269B4F888300AB1B0FBF2F20133134418
:109410009BB2A4F80432B4F80422B4F8BC319B1A0D
:109420001BB2002B18DD94F80B02FDF787FB98B1F7
:10943000FF2384F80932B4F8C430B4F888501D44CE
:10944000B4F8C230013DED1AADB20DF10E06B4F81C
:109450000432EB1A1B0401D504B070BDB4F8041239
:1094600000960023012289B22046F5F731FB00283F
:10947000F2D0012809D1B4F80432BDF80E2012FA56
:1094800083F39BB2A4F80432E1E740F2F651B4E76B
:10949000F8B5044621B1012930D040F29F712AE08D
:1094A000C68C36B1F7F7D4FAE58CB0FBF5F606FBBF
:1094B00015062046D4E93A5701F07FFF2D1847EBF7
:1094C00001010023AD1941F1000184F800310223AC
:1094D000C4E94451C4E93A51A4F808312046FFF7E1
:1094E0004BFE70B994F8D00004F58071FDF7C4F814
:1094F00038B940F2E9613020F3F7B6FE002380F876
:10950000D830FAF76BFBBDE8F840FCF727BE90F8BF
:10951000F800003818BF0120704713B50023CDE9CB
:10952000003301238DF806306846F4F7BDFB08B11F
:1095300000200AE0009C2046FFF7E9FF0028F3D056
:10954000204601F03DFF0028EED002B010BD07B567
:109550000023CDE9003301238DF806306846F4F787
:10956000A3FB08B1002004E00098FFF7D0FF00281B
:10957000F4D003B05DF804FB07B5002340F6881271
:1095800001A9FAF749FE03B05DF804FB10B50446E3
:1095900038B1F6F7D1FB34EA00030CBF01200020FC
:1095A00010BD0120FCE710B5F5F75EFF044601F0A1
:1095B000D1FF40B9204601F0C9FF80F00100C0B2E0
:1095C00000F0010010BD0020FAE738B5054601F0B3
:1095D000E4FEF0B12846FFF79AFF08B9002038BD35
:1095E0002846FFF7A5FE04462846FFF7A4FE0546D9
:1095F00088B9002CF2D02088F6F708FC208829468C
:10960000F4F72EFB0028E9D041F6CD113920F3F70D
:109610002BFE4220E3E70C20E1E72DE9F843B0F808
:109620005A60B0F85C50804630300F46FFF7BAFE03
:109630000221044600F098FF02218146204600F0F6
:1096400093FF4E4528BF4E46B6B21B2E38BF1B2691
:10965000FB2E28BFFB26854228BF0546ADB21B2D39
:1096600038BF1B25FB2DB8F800303B8028BFFB25F9
:10967000B4F5A47F38BF4FF4A47440F648039C426D
:1096800028BF1C467E80FD80BC803C81BDE8F883FD
:109690002DE9F04186B0054601A9008800F026FFBB
:1096A0000446002873D1029A92F85631003B18BF45
:1096B00001238DF80230D2F8803099064ABF9DF818
:1096C0000230034683F0010303F001038DF80330F9
:1096D00092F8E2309B0603D49DF80330002B5CD057
:1096E000EB881B3B9BB2E02B59D82989A1F5A473C9
:1096F0009BB244F24810834251D86B881B3B9BB20B
:10970000E02B4CD8AA88A2F5A4739BB2834246D81A
:1097100040F64807B94244D8BA4242D8029E4FF0B8
:10972000FF0886F82B819DF80230A3BB03A93046C1
:10973000FFF773FF6A88BDF81230E888934228BFAC
:109740001346A6F83031BDF81430AA88BB4228BFB2
:109750003B461946BDF80E30834228BF0346A6F8A3
:109760002C31BDF810302889BB4228BF3B468342CC
:1097700028BF03468A42A6F82E31134628BF0B465F
:10978000A6F8323186F82A81002386F82B3120464C
:1097900006B0BDE8F0813A24F6E71A24F7E7122470
:1097A000F5E71124F3E72DE9FF41074688460088D5
:1097B00002A900F09BFE054618BB039C94F8693192
:1097C00003F0FF051BB1B8F1020518BF012594F89D
:1097D0008F30222B94F8E33043EAD3030CBFC5F15A
:1097E0000102002203F00103134333D0BE7816B9FF
:1097F000F6F7A2FA0646F87870BBF6F79DFA26B996
:109800000925284604B0BDE8F0810028F8D0FF23E0
:1098100084F83531E5B994F8343103F0FF05BBB96C
:1098200084F8370184F8348184F836613B797A7999
:109830008DF8050043EA022301A920468DF8046053
:10984000ADF8063000F0B4FE002384F83531D8E7D7
:109850003A25F9E71A25D4E7002ED8D1D0E708B584
:10986000F6F744FA002008BD10B50446F7F720FDCE
:109870002070002010BD10B5FFF74FFE044630B930
:10988000F7F710FD2046F6F783FC204610BD0C20AC
:10989000FCE710B50446FFF740FE50B920780128D8
:1098A00009D8611CF7F70AFD002814BF0020072023
:1098B00010BD0C20FCE71220FAE738B50546FFF78B
:1098C0002CFE044640B92878012803D8691CF7F714
:1098D00025FD18B9122038BD0C20FCE72046FAE718
:1098E00010B503460E2404704E2110220020DC70B7
:1098F000592459709A701C7158719971DA7110BDA0
:1099000008B50821F3F7F2FE002008BD73B506463E
:109910000C460088694600F0E9FD0546A0B9B37819
:109920006BB9019B93F86C30A370338894F90200F3
:109930002380F6F77DFDA070284602B070BD7F2021
:10994000FFF71AFEA070F0E70225F5E710B5044610
:109950006FF07F00FFF710FEF6F76AFD20707F20A2
:10996000FFF70AFEF6F764FD6070002010BD10B529
:109970000446F5F779FD01F0E6FDF6F759FD207094
:10998000002010BD08B50A46072300F11001FDF7BD
:1099900037FF002008BD10B5014604460020F6F749
:1099A000C1FA08B92060A080002010BD10B504469F
:1099B000F6F796F928B900202146F6F79BFA002021
:1099C00010BDFFF7C4FD0028F5D0FFF7ECFD00281F
:1099D000F1D10C20F4E710B50446FFF7B8FD28B923
:1099E00001202146F6F786FA002010BDFFF7DBFDC7
:1099F0000028F5D10C20F8E7F7B50C460546694676
:109A0000008800F073FDA21C034690B9019901F192
:109A1000970781F8EA303868106038791071288823
:109A2000208091F8EA6006F0FF00002EF1D103B02B
:109A3000F0BD0023C4F8023002201371237063705C
:109A4000F5E7FFF725BE1FB5838844F290229342C5
:109A500017D840F64802934228BF13460288ADF853
:109A600004204088ADF80600ADF80A000A8001A87D
:109A7000ADF80830ADF80C30FFF70AFE05B05DF820
:109A800004FB1220FAE737B50D46694600F02EFDBB
:109A9000044618B901982946FFF7BFFD204603B0D8
:109AA00030BD10B503466FF00404002048210822A1
:109AB0001C7058709970DA701C7158719971DA7154
:109AC00010BD37B505460C460088694600F00EFD0E
:109AD000F0B9019B014683F86A1093F86820012AC7
:109AE00006D0022A04D040F20B310620F3F7BCFB6B
:109AF000A27093F86920012A01D0022AF3D1E27002
:109B000093F86A2002F0FF00002AE4D12B8823801A
:109B100003B030BD10B58388022B044610D8C0783E
:109B2000FFF734FD08B9112010BDA078FFF72EFD16
:109B30000028F8D020460121BDE81040FFF733BED1
:109B40001220F1E713B58378C178027903F001049C
:109B500051EA040C03F002031DD052EA030C1AD0A0
:109B6000002C18BF0021002B18BF00228DF8032005
:109B7000037842788DF8021043EA0223ADF80030F2
:109B800043798279684643EA0223ADF80430FFF74F
:109B9000C1FF02B010BD1120FBE708B5F4F7D2FCFD
:109BA000002008BD13B50C46694600F09FFC20B9A3
:109BB000019BB3F888300133238002B010BD07B594
:109BC0000088694600F092FC48B99DF80020019B8E
:109BD000012A07D093F83B2102F0FF016AB103B0DC
:109BE0005DF804FB93F8F421D2B293F8B01011B9E8
:109BF00012F0FB0FEED10220F1E7FF2283F83B21A8
:109C00000846ECE72DE9F341054647780078012145
:109C1000F4F710F8044600285FD001F085FCEE78D8
:109C2000864228BF0646042FB6B23DD0206BFFF710
:109C3000F2F8304480B21F2803D9122002B0BDE8E8
:109C4000F081FB1E012B2CD8204601F091FC6B7893
:109C5000032B2CD107F0FD08B8F1010F39D12046B4
:109C600001F086FC002831D1012F08BF4FF0020817
:109C7000216B42466846F4F713F96A68206B334655
:109C80000121FFF732F850B36B78023B012B22D849
:109C9000206BFFF7C0F801210246206BFFF755F853
:109CA00019E0002ED0D1C8E7002ECDD0C5E700289E
:109CB000C3D1042BCED12046FFF729FC0028BCD00D
:109CC000206BFFF7BEF80028C4D1B6E74FF00008BC
:109CD000CEE7042FD1D10020B0E74220AEE7072025
:109CE000ACE72DE9F74380464578C7780078012135
:109CF000F3F7A0FF0446D0B101F02CFC0028206B44
:109D000008BF0027FFF792F8C619B6B21F2E1FFA38
:109D100087F910D8042D0ED0032D12D05FB1204644
:109D2000FFF7F5FB58B10C2002E0042212E04220BC
:109D300003B0BDE8F0831220FAE70720F8E7012D11
:109D40000CD1204601F014FC0028EED1012D0CBFEF
:109D500006220522216B6846F4F7A2F8D8F8042001
:109D6000206B4B460021FEF7C0FF0028E5D0023DE6
:109D7000012D04D8206B32460021FEF7E6FF0020BB
:109D8000D6E713B50446F5F76FFB4FF44073ADF813
:109D9000003000238DF80230684614F8013B8DF83E
:109DA00003300194FFF79DFF02B010BD38B50121CB
:109DB00005460078F3F73EFF0446A0B1FFF7A7FB86
:109DC00028B92046691C01F000FB002038BD204660
:109DD00001F0C0FB08B10C20F8E7204601F0B6FB0B
:109DE0000028F8D1EDE74220F0E713B50446F5F777
:109DF0003BFB14F8013B8DF803304FF44073ADF892
:109E00000030684600238DF802300194FFF7FAFE17
:109E100002B010BD73B50546F5F726FB2B78044656
:109E200063B100230DF1010101208DF80030F6F738
:109E300079F818B16846FFF7B9FFA0B900262046A7
:109E40008DF8006001F08AFBB04214BF80233346D6
:109E5000ADF801302B788DF80360012B05D16946F0
:109E60002046F5F721FC02B070BD1BB92046FFF774
:109E7000ACFBF8E71220F6E710B500210446008895
:109E8000F3F7D8FE20B1A11CBDE81040F9F74CB89B
:109E9000022010BD08B500880021F3F7CBFE20B1E9
:109EA000BDE808400021F9F73FB8022008BD37B5EA
:109EB00005460C460088694600F018FB28B92B8837
:109EC0002380019BB3F8BC30638003B030BD37B54D
:109ED00003880B80044698B2638813B9122003B03C
:109EE00030BD694600F002FB0028F8D16488019A71
:109EF00042F21071A3B24B43158C916905FB01111D
:109F00008B42EBD395699169A942FBD10025013BB6
:109F10000B44C2F8B450B3FBF1F3A2F8BC40C2F852
:109F2000B830DCE710B50C460021F3F783FE88B1AA
:109F3000022C11D804F00103C4F3400480F8C531A9
:109F400080F8C44123B190F8C2313BB1FFF736FA33
:109F5000002010BD0220FCE71220FAE71846F8E7BF
:109F600010B504460078FF280AD00121F3F762FEFD
:109F700058B16378A27843EA0223C384002010BD5D
:109F8000B4F80100F5F73AFAF8E74220F7E708B528
:109F90000078003818BF0120F5F70EF9002008BD41
:109FA00010B50446F5F760FA6178C1F3400201F09C
:109FB000010101F0F3FA002010BD0820F5F7A8BE5A
:109FC00001F060BC1220704710B5044604B910BD02
:109FD000236898476468F9E703680BB90160704724
:109FE0001A465B6813B18A42FAD170478A4218BF99
:109FF0005160704708B50020FEF746FEF3F7DEFE1D
:10A00000F5F7F8FEF4F73EF920B14FF48571012021
:10A01000F3F72AF908BD08B5F5F77AF8F7F7BEFDAA
:10A0200020B14FF495710120F3F71EF9BDE8084007
:10A030000120FEF729BE08B5FFF7EDFF01F00AFC8D
:10A0400020B140F23F110120F3F70EF908BD01F0F5
:10A05000D7BC0B46122203F8032BD0F80920C1F815
:10A060000320427B1A71704730B585B004460D4617
:10A07000F6F7ACFA80B36FF4B0731C4402A92088E1
:10A08000ADF8000000F032FA18B12E217E20F3F76F
:10A09000EBF8039B93F864208DF80220022193F8DB
:10A0A0006520B3F866308DF803206846ADF80430BB
:10A0B000FFF779FB08B14421E8E78DF808009DF827
:10A0C00008308DF80900002063F307009DF809307F
:10A0D00063F30F2005B030BD18232B70D4F809307E
:10A0E000C5F8033004238DF80830E8E708B5436865
:10A0F00093F88E201AB185217E20F3F7B5F820223F
:10A1000083F88E2008BD034610F0010005D19A07A0
:10A1100002D403F004007047022070472DE9F84F85
:10A12000074608469246884600F070FC8146404645
:10A1300000F06EFC8346FFF7E6FF05464846FFF752
:10A14000E2FF45EA0006F6B2003E044618BF0126CB
:10A15000F5F7F2FD00EA0B03DBB2002B08BF002588
:10A16000F5F7EAFD00EA090097F86830C0B2002868
:10A1700008BF0024AB4208BF00258AF8005097F8BA
:10A180006930A34208BF002455EA04038AF801405D
:10A190000CD1404600F03EFCB7F88830DB43184451
:10A1A00080B247F6FD73984288BF00263046BDE86E
:10A1B000F88FF8B5446894F88F50A5F12003062B6A
:10A1C00006460F463ED92E2D3CD0CDBB94F88E309E
:10A1D000252B37D0084600F00EFC28B9394630460A
:10A1E000BDE8F84000F099BD7B7903F0070384F8DF
:10A1F00061303B7903F0070384F8603094F835311F
:10A2000093B994F83431012B0ED094F8602094F86F
:10A2100069309A4210D194F8612094F868309A42DB
:10A220000AD1022384F83431222384F88F30304657
:10A2300000F045FD2846F8BD3046F5F7C7FDF3E7C9
:10A240000125F7E72025F5E72DE9F743456895F85F
:10A250008F3095F88E80232B04460F462CD18F35F6
:10A26000384600F0D9FB00284CD0384600F0CEFB31
:10A270008146384600F0CCFB0146FFF744FF666894
:10A2800048B396F86830984225D096F83421012AD0
:10A290000CBF96F8362196F86420114232D0B8F1FE
:10A2A000210F18D096F86120114214D153B940F211
:10A2B000F7110620F2F7D8FFB8F1210F40F0B28075
:10A2C0008E35CDE7032B01D0032831D1984294BFBE
:10A2D00000200120B0B94846FFF715FF002849D0FB
:10A2E00096F86930834245D096F83431012B0CBF83
:10A2F00096F8373196F8653019EA030F14BF012339
:10A300000023BBBB636893F83421012A19D11E21B5
:10A310002046F5F733FDB8F1210F1FD1FA786368B5
:10A32000182A83F8192110D040F269217E20C1E754
:10A33000042BCBD00428C9D098422CBF0020012088
:10A34000C8E7002283F83421E5E7092283F88E204C
:10A3500093F8CC3093BB40F27121E7E7002320460D
:10A360002B7000F0B6FC3946204603B0BDE8F04340
:10A3700000F0D3BC304601AA3946FFF7CFFED4F82F
:10A3800004800646F8B998F83431012B18D10146FB
:10A390002046F5F7F3FC2E70636803F18F029542B7
:10A3A00002D1002283F88F20636803F18F02954267
:10A3B0004FF0000533D1204600F08BFC002032E046
:10A3C00088F83401E8E7384600F024FB6368A8F811
:10A3D0005402B3F85422B3F88810013A521A92B2D8
:10A3E00047F6FD718A4206D9282283F8B12020461B
:10A3F000F6F7C8FCD8E793F88F200D2A02D00A3A66
:10A40000012A01D82A22F0E79DF8042083F8562279
:10A410009DF8052083F8572225232B70C4E783F885
:10A42000CC50CBE7022003B0BDE8F08308B5436809
:10A4300093F88F20222A05D022B14FF461717E203B
:10A44000F2F712FF232283F88F2008BDFF23437108
:10A450000023037103604371704743791BB903689C
:10A460000BB101221A607047F5F7C4BC704730B5D4
:10A4700042400C7818785D7844404878684004443D
:10A480009D78887868400444DD78C8786840044442
:10A490001D7908795B794979684004444B4023442D
:10A4A000D3420CBF0120002030BD034600200139FB
:10A4B000C9B2FF2900D170475A5C82F001021044F2
:10A4C000C0B2F4E708B5F5F753FD082803D0BDE89E
:10A4D0000840F5F771BD08BD08B501F0E0F918B105
:10A4E000BDE80840F8F712BE082008BD10B50C46BC
:10A4F0000021F3F79FFB606018B101232370002057
:10A5000010BD0220FCE7F8B5D0E9047605460C46FC
:10A51000FBF7C0FF20B94FF481712920F2F7A4FEA8
:10A52000F4B1D5E90431DA1B61EB0603012A73F1BA
:10A5300000014FF0000115DB6FF00100904271EB5C
:10A54000030302DA4FF48671E7E7631E1344B3FB9B
:10A55000F4F35C43E41946F10006C5E904461C46E1
:10A560002046F8BD0C46FBE7CB1E012B10D8032973
:10A5700014BF4FF41673962303F5BC7314BF402227
:10A580001022984212D9C01A90FBF2F080B27047A4
:10A59000022905D13C2809D93C38C0F38F00704707
:10A5A000702803D97038C0F3CF007047002070477F
:10A5B0000346086858667047012908B5024606D068
:10A5C00002290CD040F27D112920F2F74DFE40F611
:10A5D000C41340F2E240002A18BF184608BD40F6F6
:10A5E000C410FBE7C3B293FAA3F3000A90FAA0F0F9
:10A5F0001B0E000E43EA002070470131F8B5C9B2C6
:10A60000821D0023012512F8010B884216D312F88F
:10A61000066C002405FA04F737421CBF01F1FF3134
:10A62000C9B2E0B269B10134082CF3D10133DBB215
:10A63000052BE8D199214620F2F716FE091AC9B276
:10A64000F4E700EBC300C0B2F8BD0B6870B5C0F80A
:10A6500001300B7903F01F03437100230446C372DA
:10A66000451C861D15F8010B00F00FFB2871E37ADD
:10A67000B5421844E072F5D170BD70B581EA114160
:10A6800089B2C57A0446032682EA0100FFF7AAFFD1
:10A69000013E00EB00100A1816F0FF0690B2F5D14B
:10A6A00041402522B1FBF2F302FB1313C3F3C402B2
:10A6B0002244D8B2567803F00703012202FA03F3CA
:10A6C0001E4207D169432046C1F30741BDE87040EF
:10A6D000FFF793BF70BDF8B590F821506B1E242B87
:10A6E000044656D8002A56D0807D18B1012846D09D
:10A6F0001F2019E094F8231094F8223002FB031372
:10A700002522B3FBF2F102FB1133DBB204EBD302DF
:10A7100084F82330D17D012603F0070206FA02F205
:10A72000114202D084F82430F8BDB3FBF5F205FBEA
:10A7300012330133024604F11C01D8B211F8013B77
:10A74000834219D311F8067C002306FA03FC1CEAA5
:10A75000070F1CBF00F1FF30C0B2DDB220B905EB1E
:10A76000C20284F82420DFE70133082BEDD1013247
:10A77000D2B2052AE2D1BBE7C01AC0B2F7E72289FC
:10A78000C96904F11600FFF778FF84F8240000205F
:10A79000CAE71220C8E71046C6E70B68C0F80330C6
:10A7A0008B88A0F8073070470B68C0F809308B8899
:10A7B000A0F80D3070470378890123F0400301F0C1
:10A7C00040010B4303707047037803F07F0343EAB3
:10A7D000C113037070471F2A38B50546144603D9C4
:10A7E000BF212A20F2F740FD09300634FDF71EFB99
:10A7F0006C7038BD1F2A38B50546144603D9E121CF
:10A800002A20F2F731FD09300634FDF70FFB6C709A
:10A8100038BD30B5037803F00F03032B024640D058
:10A82000052B1FD1C37F90F82000034392F821002D
:10A83000034392F82200034392F8230020F01F0004
:10A8400018432DD05378222B0CD1B2F81930B2F81E
:10A850001740907D41B1B3F5506F05D940F60751CF
:10A860008B420ED900201BE0991F89B240F67A4531
:10A87000A942F7D8411E0729F4D88342F2D9A3424E
:10A88000F0D3B2F81B30B3F5FA7FEBD2B2F81D006B
:10A890000A3880B240F6764398428CBF00200120EF
:10A8A00030BD4078A0F10C0358425841F8E70378D6
:10A8B00001F0030123F003030B430370704700789A
:10A8C00000F0030070471B2A08B504D940F252413A
:10A8D0002A20F2F7C9FC4270BDE808400330FDF7BA
:10A8E000A5BAB0F807007047B0F809007047B0F893
:10A8F0000B00704770B5B0F80730B0F80950B0F8E9
:10A9000005600479B0F80B0091B1B3F5506F0FD921
:10A9100040F60752934218D8B5F5FA7F15D20A3897
:10A9200080B240F6764398428CBF0020012070BD73
:10A930009A1F92B240F67A418A4206D8621E072ACE
:10A9400003D89C4201D29E42E5E70020EFE743682E
:10A950000B60037A0B717047B0F8090070470079FB
:10A9600070470B6843604B688360704743680B60B7
:10A9700083684B60704783890B807047D0F80E3036
:10A980000B60D0F812304B607047D0F816300B6077
:10A990007047FFF7E6BF0B68C360704700797047E8
:10A9A0000171090A417170478171090AC1717047CB
:10A9B0000172090A417270478172090AC1727047B7
:10A9C00080887047C0887047008970474089704709
:10A9D00003891A2B0DD94389B3F5A47F09D3838842
:10A9E0001A2B06D9C088B0F5A47F34BF00200120FF
:10A9F0007047002070470379024613F0070004D027
:10AA0000507910F0070018BF012070470079704797
:10AA100040797047C08870470279437902F0070295
:10AA200003F00703511E0A40591E0B4013430CBF8D
:10AA30000120002070470171704700797047417113
:10AA4000704740797047FB2908B504D940F2E67198
:10AA50002A20F2F709FC417008BD406890F8C23125
:10AA600023B1002380F8C231FEF7A8BC704708B5B7
:10AA7000017A19B101290DD0002008BD0368C288F0
:10AA800002218088F5F754FD0028F6D1F5F73CFF48
:10AA90000120F2E70368C288F3E702230B70012369
:10AAA0008B707047F5F7C8BE0222F5F71BBF032273
:10AAB000F5F718BF0422F5F715BF0222F5F744BFDA
:10AAC00011230B706FF4A27318440388A1F80330AC
:10AAD000838FA1F80530B0F84030A1F80730C38F5C
:10AAE000A1F80930B0F84230A1F80B3070470129C5
:10AAF00008B503D10E30C00080B208BD022902D1D2
:10AB00000F308000F8E740F259210620F2F7ACFB45
:10AB100030B587B004460D46F5F760FDA0B30023BD
:10AB20002372A4F5A774694624882046FEF7ABFF7C
:10AB300018B1D6212C20F2F797FBBDF80630ADF8FE
:10AB40000E30BDF80830ADF81030BDF80230ADF869
:10AB5000123003A8BDF80430ADF80C40ADF8143045
:10AB6000FEF76FFF08B1DF21E4E78DF80C009DF8D8
:10AB70000C308DF80D00002063F307009DF80D30B8
:10AB800063F30F2007B030BD2B46172203F8032BC9
:10AB9000D4F80920C5F80320D4F80D205A60B4F881
:10ABA00011201A8104238DF80C30E0E740687047CB
:10ABB000C08A704710B58A880B89CC884988A0F86C
:10ABC0005010A0F85440A0F85220A0F8563010BD04
:10ABD0008383BDF8003001834283C383704738B557
:10ABE000C38B458C04469D42007A28BF1D46FFF763
:10ABF0007EFF6389AB4228BF2B46984238BF184678
:10AC000080B238BDF8B50546808F16460F46FFF76F
:10AC10006EFF3946044605F13000FFF7E0FF84423D
:10AC200028BF04463146B5F84400FFF760FFB5F889
:10AC300046308342A4B228BF034614FA83F09C3006
:10AC4000F8BD90F8692090F86810FFF7DBBF38B5C1
:10AC50000D461446FFF7F5FF96342044A84294BFF2
:10AC6000281A002038BD38B504460D46FFF7E9FF25
:10AC70002844606338BD006801F19C03984283BF9B
:10AC8000401A9C3840080020704700F055034008E7
:10AC900000F05500184400F03303800800F0330042
:10ACA000184400F00F0303EB1010704743680022B4
:10ACB00083F88E2083F8CC20A3F8C820704743681F
:10ACC0000022A3F8CE2093F8D020013283F8D020C0
:10ACD000704708B5426892F8D030013B5BB2002B58
:10ACE00082F8D03003DA34214A20F2F7BDFA08BDE9
:10ACF000436883F81B1183F81A217047A0F10A03F7
:10AD0000042B08D9A0F12003062B04D9A0F12E03AF
:10AD1000584258417047012070474268D2F880304D
:10AD200010B513F008040AD143F00803C2F88030CC
:10AD3000CB7882F81831FFF7C2FF204610BD012002
:10AD4000FCE738B50C460546B1F85410FFF728FE6D
:10AD5000B4F822112846FFF727FEB4F85010284611
:10AD6000FFF726FEB4F820112846BDE83840FFF76B
:10AD700023BE37B530F8024C7CB100238DF8043087
:10AD80008DF805309DF80430002063F307009DF82E
:10AD9000053063F30F2003B030BD30F8A85CA1F894
:10ADA000035008220A708C70427A4A7150F8940C51
:10ADB000FDF769FE18B9B2216320F2F755FA28466B
:10ADC000F5F724F821462846F2F74AFF04238DF8C8
:10ADD00004308DF80540D5E710B5446894F89030FC
:10ADE000063B012B07D90846FFF7B9FD062384F877
:10ADF000910084F89030002010BD426892F89030A5
:10AE0000063B012B84BF072382F890307047F8B5CA
:10AE1000476897F88F6004460D4616BB0846FFF753
:10AE20009BFD6168A7F85402B1F85432B1F888204C
:10AE3000013B9B1A9BB247F6FD72934207D9282328
:10AE400081F8B1302046F5F79DFF3046F8BD01F29C
:10AE500056212846FFF77BFD63680A2283F88F207E
:10AE6000F3E70126F1E70B46062203F8032BD0F89F
:10AE70000920C1F80320D0F80D205A60427C1A72D4
:10AE80000023CB707047F8B5436893F88F60054690
:10AE90000C46002E48D131462046FFF72BFD28B93D
:10AEA00021462846BDE8F840FFF737BF6A68B4F886
:10AEB0000D30B2F88810A2F85432C9430B449BB24B
:10AEC00047F6FD718B4207D9282382F8B130284616
:10AED000F5F758FF3046F8BD2046FFF702FD6F68D2
:10AEE00040F2E2425043C7F85C022379C3EB4311BE
:10AEF00003EB810303EB83035B00A7F85632B4F83E
:10AF000005305343C7F858322046FFF7EDFCA7F849
:10AF1000600220466F68FFF7EAFC6B68A7F86202E0
:10AF20000D2283F88F20D5E70126D3E708B54368C3
:10AF300093F88E201AB124214520F2F795F91D22AD
:10AF400083F88E2008BD2DE9F743456895F88E30CB
:10AF50001D3B022B06460C462CD80846FFF738FD51
:10AF600000B32046FFF730FD07462046FFF728FDD7
:10AF700080462046FFF72AFD81462046FFF722FD46
:10AF80004B4600904246394605F13000FFF720FE5F
:10AF90007168284601F24511F5F7F8FC7068062142
:10AFA000F4F71EF9002085F8CC0085F88E0003B078
:10AFB000BDE8F0830120FAE74268D2F88030D90674
:10AFC00010B5044603D49A214520F2F74DF99906AD
:10AFD00001D59B21F8E723F01003C2F88030FFF77A
:10AFE00078FE60680621BDE81040F4F7F9B809233F
:10AFF0000B70D0F80930C1F8023070470B460A22B6
:10B0000003F8022BB0F809204A80C27A9A70704780
:10B0100038B5436893F88F40054634B1113C0B2C8A
:10B0200094BF08240124204638BD93F89430002BA7
:10B03000F9D0FFF744FE6B68112283F88F20F2E706
:10B0400008B5436893F88F20152A04D040F279118F
:10B050001F20F2F709F9012283F8D120162283F884
:10B060008F2008BD436893F88F20122A03BF132254
:10B07000002083F88F200220704710B5436893F8B2
:10B080008F30182B044607D1FFF723FE63681C227C
:10B0900083F88F20002010BD0220FCE708B543682C
:10B0A00093F88F20112A04D04FF4D1711F20F2F7AA
:10B0B000DBF8012283F8D120122283F88F2008BD0B
:10B0C00008B5436893F88F20162A04D04FF4D57141
:10B0D0001F20F2F7C9F8182283F88F2008BD0B460D
:10B0E000052203F8032BD0F80920C1F80320D0F87B
:10B0F0000D205A60B0F811201A81C27C9A727047F4
:10B1000008B5436893F88E201AB1BC211C20F2F7D1
:10B11000ABF8042283F88E2008BD4268D2F8801074
:10B1200008B5CB0703D4C9211C20F2F79DF892F88B
:10B13000D030013B5BB2002B82F8D03001DACB215A
:10B14000F2E721F00101C2F8801008BD0C23A0F540
:10B150009E700B7003884B807047436893F88E2075
:10B160000F2A01BF002283F8C02083F8CC2083F887
:10B170008E200020704738B54568D5F8803013F030
:10B18000040409D1FFF79BFDD5F8803043F0040398
:10B19000C5F88030204638BD0120FCE74268D2F86F
:10B1A000803023F00403C2F88030FFF792BD08B569
:10B1B000436893F88E201AB171214B20F2F754F8AE
:10B1C0000F2283F88E2008BD10B5D0E90D43A342AD
:10B1D00004D30A8C1B1B05329A4202D3012380F848
:10B1E000403010BD01230B7000238B7030F8D43C2D
:10B1F000A1F80330437A4B714389CB8083890B815B
:10B20000704708B5436893F8D32091070ED493F89C
:10B210008E201AB174214020F2F726F8012183F81C
:10B220008E1083F8CC10A3F8C82008BDD3F8801086
:10B230008A070DD593F8D020013A52B2002A83F83C
:10B24000D02001DA8621E6E721F00201C3F8801060
:10B25000002283F83A21E8E710B50B794C790A68A7
:10B26000012843EA042108BF41F48031104610BD93
:10B2700007B5FFF7F1FF0DF10702F5F7BDFF03B0CA
:10B280005DF804FB0B46042203F8032BB0F80920F9
:10B29000A1F80320C27A9A7070470B46142203F873
:10B2A000032BD0F80920C1F80320D0F80D205A60F4
:10B2B000704738B50B46102203F8032B0C4600F1FB
:10B2C0000902293052F8041B43F8041B8242F9D1C9
:10B2D00012781A70A5880123A37100212846F2F77D
:10B2E000A9FC70B1E37863B10088F4F78FFD002109
:10B2F0002846F2F7B5FC20B140F227212D20F1F7C6
:10B30000B3FF38BD0121F6F74FBBFFF7FBBF90F845
:10B3100082300BB10120704790F8BA2002F0FF0391
:10B32000002AF7D190F8AC201846704737B504468C
:10B330000D464FF494720021FCF7F0FDFF232370BB
:10B340001323638042F21073E384F2F77DFD002241
:10B35000014620636846F2F7A3FD206B002201211D
:10B36000FDF7F3FC216B68460422F2F799FD0022F9
:10B37000206B1146FDF7E9FC04F12800A57400F0EC
:10B3800045F904F1680003B0BDE83040FFF75EB84E
:10B39000FF23086B0B70FDF7A5BC0078FF3818BFC2
:10B3A0000120704710B50446283000F085F9618807
:10B3B0002822F6F7A3FD6D3010BDD0E902017047D9
:10B3C000C07C003818BF012070470B68C0F81530EA
:10B3D0008B88A0F819300123C37670472DE9F04F10
:10B3E00006460D4607460FCE91B006AC0FC40FCEF1
:10B3F0000FC496E803000DF1100884E803004046EE
:10B4000000F004F995F814906E7895F80AA095F874
:10B4100000B0B9F1010F06F07F0607D0B9F1020FB5
:10B4200004D040F21D310620F1F71EFF697A404634
:10B4300000F0F3F82B7DAA7E022B08BF697D02F194
:10B44000010206BF0131C9B20121D2B2404600F06B
:10B45000E6F816F0080364D14046019300F02CF999
:10B4600028223146F6F74AFD40F271212A79019BE4
:10B4700000F2D720B0FBF1F401FB04F0EC7844EAD1
:10B4800002246A7944EA02444C43A0420BD9EC7985
:10B49000AA7942EA04222C7A42EA044201FB02F42D
:10B4A000A04200D804462A7E0393531E5A425A41B2
:10B4B000A97C386B02910192FDF7D5FC386BFDF742
:10B4C000E2FC039B019A0299ADF81A6008948DF88A
:10B4D00028208DF82B108DF82CA08DF818B08DF841
:10B4E0001C90099306AE0FCE3C460FC40FCE0FC47E
:10B4F00096E8030084E8030098E80300B862B98581
:10B50000EB7A13F0FD0F14BF0123002387F85730A7
:10B51000EB68BB652B8AA7F85C30002011B0BDE852
:10B52000F08F00242346BEE7438813F0040F0CBFBE
:10B530001F20002070470023C38543881D2B08BFB0
:10B5400000214174704790F912007047408800F064
:10B55000010070474088C0F3400070474088C0F346
:10B56000C000704708B5006BFDF774FC012008BDF2
:10B57000012070470120704790F8503001624B72F3
:10B58000D0F85130C1F80A30B0F85530CB8170474F
:10B590007047F5F765BF80F87810704780F8241081
:10B5A00080F825207047C0F34002C0F380031344A5
:10B5B00000F0010018447047022808B507D004289D
:10B5C00007D0012807D039212E20F1F74DFE262083
:10B5D00008BD2720FCE72520FAE78278034612F011
:10B5E000010002D0D978C9070FD5900702D5D978C4
:10B5F000890709D512F0040007D0DB7813F0040F97
:10B6000014BF002004207047022070470023C0F8B8
:10B61000023001234370037070478170704710B58A
:10B620000170427080781446FFF7BDFF10FB01F1F6
:10B6300004FB01F2FE2A03DD5C212E20F1F714FE4B
:10B6400010BD0023C37043710371704710B50446E9
:10B65000FFF7C3FF637962780133DBB29A4263710B
:10B660000FD1E378A1780343DBB29942E37008BFBE
:10B6700023794FF0000208BF0133627104BFE2700A
:10B680002371BDE81040FFF797BF38B501468078B9
:10B69000FFF789FF0446C8784D78FFF784FF0A79E1
:10B6A0000B789B1A13FB05F34A7913FB04F39B1ADF
:10B6B00000FB1530C0B238BD08B501468078FFF7F1
:10B6C00072FF4B780A7813FB02F313FB00F0C0B251
:10B6D00008BD40F2EF20704740F25A33584370479C
:10B6E00038B553680E3814460D4693F88E20092855
:10B6F0003FD8DFE800F0053E3E3E0F3E173E3E26B7
:10B70000042A05D12046FFF7D1FA2046F5F7A8FC18
:10B71000002038BD0F2AFBD120460021BDE838406B
:10B72000FFF71BBD1D2AF3D12046FFF7BFFA002DFE
:10B73000EED0626892F8E23023F0200382F8E23023
:10B74000E6E793F88F20232AE2D1002583F88F5073
:10B750002046FFF7BEFA636893F83431012B03D11A
:10B7600029462046F4F70AFB6368002283F8342157
:10B77000CEE74FF40F713120F1F776FD08B543683D
:10B7800093F88F20162A04D040F2E4413120F1F7DB
:10B790006BFD1A2283F88F2008BD08B5436893F823
:10B7A0008F20312A06D1002283F88F20BDE808407F
:10B7B000FFF78FBA162A03D11A2283F88F2008BD0B
:10B7C00040F2F9413120F1F74FFD037D63B9C37BAE
:10B7D00090F85200A3F11002032A05D928B11C2BBE
:10B7E0008CBF0020012070470120704770B542686F
:10B7F00092F8E23043F00403044682F8E23008464F
:10B800000D46FFF71EF906462846FFF716F92246B1
:10B810003146BDE87040F6F775BC38B50C460546B4
:10B82000D1E90401F2F7B6FA94F80B0220280BD004
:10B83000FBF714FD94F80B02FAF704FE20B940F66A
:10B8400039013120F1F710FD28460221BDE83840CA
:10B85000F2F706BA0020704708B5F5F743F9BDE8DE
:10B860000840F5F7F3BAF2F751BE0022A0F88E2097
:10B8700080F8922090F8C33113B10221F3F7B0BCE5
:10B880000321FBE7F5F7A2B908B5F7F7D9FEF7F7FB
:10B8900053FDF7F7C3FBBDE80840F7F74BBC08B50D
:10B8A000C821F7F719FC022807D1013911F0FF016F
:10B8B000F7D1F5213B20F1F7D7FC431E5842584100
:10B8C00008BD10B504460846F8F7CCFB4FF47A7370
:10B8D000B0FBF3F0201A10BD10B504460846F8F787
:10B8E000C1FB023C4FF47A7300F2E730B0FBF3F097
:10B8F000201A10BD08B5FCF7F3F8BDE80840F8F7CA
:10B9000017BD801A00F3070038B540B20D4659B292
:10B910001446F8F7FDFC0023287020446B7040B2F9
:10B9200038BD0023036070477047002070474FF018
:10B93000FF3070474FF0FF3070477047002070476E
:10B940004FF0FF3070470020704700207047002301
:10B95000037070470022FFF7D4BF002070474FF0FC
:10B96000FF3070474FF0FF3070474FF0FF307047A7
:10B9700070474FF0804301221A6070474FF08043B8
:10B98000D3F8080400F0010070474FF08043D3F86B
:10B99000140400F0010070474FF08043D3F81C04FA
:10B9A00000F0030070474FF080410246D1F81804C0
:10B9B000D1F8181410F4803004D001F00300831A79
:10B9C00058425841704708B5FCF7DEF828B14FF0EF
:10B9D00080430222C3F8342C08BDFCF7B5F80028D8
:10B9E000F5D1FCF7C7F80028F1D1F5E7F8F73CBD31
:10B9F000F8F764BDF8F790BDF8F7A8BDF8F792BF67
:10BA0000F8F720BDF8F724BDF8F728BDF8F766BEB3
:10BA1000F8F7A4BDF8F756BE08B5F8F709FD002001
:10BA200008BD38B5054691F827000C46FAF70AFD1F
:10BA300018B9E8216A20FBF72FFE0023A38484F8BD
:10BA400026300921236A2846984718B103780BB19C
:10BA5000EC21EFE738BD426808B5034611441A7877
:10BA60005960012AA1F1500006D1FBF72DFA40B927
:10BA7000CC216A20FBF710FEFBF726FA08B9D1218A
:10BA8000F7E708BDF8B504460E4619B9012384F856
:10BA900029303BE00D78032DF8D8DFE805F03902B6
:10BAA00012154868C72802D800252846F8BD042189
:10BAB000FBF7ACFA0028F7D171682046FFF7CBFFFF
:10BAC000F3E7F8F79BFFF0E790F82470F7B94D68BB
:10BAD0002846F8F767FF0028D8D02B78D3B9012281
:10BAE00022702B79003B18BF012363726B79002B06
:10BAF0000CBF022304232372AB686F336360EB68CF
:10BB00002361032384F8263084F82520F8F776FF94
:10BB10000225CAE794F82630052B04D04FF4C871EB
:10BB20006A20FBF7B9FD27702B7994F82700003BBA
:10BB300018BF012363726B79002B0CBF022304230F
:10BB40002372EB68A9686F336360D4E906325B182F
:10BB500042EBE172C4E90432042384F82630214622
:10BB6000FAF78AFD0028D1D14FF4C971D8E770B532
:10BB7000F9F79AF8002405462646E0B2854200D837
:10BB800070BDF9F797F80134868480F82660F4E7F1
:10BB9000F8B504460D46F9F787F800270646F8B2CF
:10BBA000864204D8082D0CD96FF0150008E0F9F78B
:10BBB00081F890F826300137002BF0D04FF0FF309D
:10BBC000F8BD2CB129462046BDE8F840F9F780B809
:10BBD00021462046F8E738B50546F9F76BF80146E7
:10BBE00088B190F824408CB990F8263073B1013BAD
:10BBF000012B04D82846FFF714FF204638BD012347
:10BC000080F82430F9E76FF00100F7E76FF02200C9
:10BC1000F4E770B50D46F9F74DF80446002848D012
:10BC200090F82660731E012B49D8002D44D0284679
:10BC3000F8F7B8FE00283FD02B78FBB9012323701A
:10BC40002B79003B18BF012363726B79002B0CBF6B
:10BC5000022304232372AB686F336360EB682361B4
:10BC6000032394F8270084F826302146FAF704FDD0
:10BC700040BB40F2BD216A20FBF70EFD022E1ED113
:10BC8000002323702B79003B18BF012363726B796B
:10BC9000002B18BF04262672EB68A9686F33636017
:10BCA000D4E906325B1842EBE172C4E904320423A2
:10BCB000D7E76FF0010070BD6FF01500FBE76FF084
:10BCC0002200F8E70020F6E7F9F77ABA07B56846E8
:10BCD000F9F770F9DDE900024FF080730021E2FB13
:10BCE000030103B05DF804FB08B5F9F743F9BDE8BB
:10BCF0000840F9F72DB90346002018707047EFF39C
:10BD0000108272B603780121DBB2017002B962B60B
:10BD1000012B0CBF6FF0220000207047EFF310835F
:10BD200072B60022027003B962B600207047FBF7BA
:10BD3000AFBEFBF76FBFFBF76DBF00280CBF6FF006
:10BD40001500002070470020704707230370002073
:10BD50007047002070470020704710F8012B11F841
:10BD6000013B012A28BF9A42F7D0D01A70470346F8
:10BD700011F8012B03F8012B002AF9D17047034673
:10BD800013F8012B002AFBD1181A01387047000064
:10BD90002DE9F04FADF2944D19F0B5FFA54B1860A9
:10BDA000A54B1B78DBB23093A44B00241C60A44B42
:10BDB0001C60A44B1C60A44B1C70A44B2022214689
:10BDC0003CA81E781BF017FD2022214644A81BF03A
:10BDD00012FD202221464CA81BF00DFD20222146F9
:10BDE00054A81BF008FD202221465CA81BF003FD8F
:10BDF000CDE9364402F00EFE954B29901B78319325
:10BE0000C022214664A81BF0F6FCC022214694A85B
:10BE10001BF0F1FC731E072B00F20785DFF834924C
:10BE20001E944A461D94012112F8013B072B05D8A8
:10BE30001E9801FA03F31843C3B21E931D9B0133EE
:10BE4000DBB29E422B9340F0B280002E00F0B28015
:10BE50004FF47A7306FB03336FF4A77213442593F0
:10BE6000002003F04BF815F06FFD002003F0E6F81A
:10BE700003F0B8F8784A00210F2015F088FE15F07D
:10BE800026FE00F57A352C0224F4FF7444F23403C4
:10BE900024F00104E4184FEA156747F1000719F090
:10BEA00032FF664B18606A4B19786C4B1A886C4BE2
:10BEB00093F8008002F0AEFD01287DD1694B18682F
:10BEC00010F0070378D1C008B0FBF6FC06FB1C009D
:10BED000DFF880C11CF80000072802D8013000F00C
:10BEE0000703CDE90083CDE902471E9B5E4815F0AC
:10BEF000F8F915F01BFD07465B4815F019FA804666
:10BF0000594815F01BFA8246574815F024FA0246A4
:10BF10005648036823B1FB1A41F2873C634528D990
:10BF20004C4B0760D8790E9098790D9058790C9009
:10BF300018790B90D8780A909878099058780890DA
:10BF40001B780793D3B20693120A1E9B484842EA15
:10BF50000162CDE904A2CDE90263022301933C4BC7
:10BF60003E4A1B783E49009312880978434616F0F2
:10BF700059FB284615F00CFF3B490022112015F013
:10BF800038FD0546D0B1002419F8010B042102F058
:10BF90009FF91D9A2346934204F10104E4B2F3D1C0
:10BFA00002F014FD01200DF2944DBDE8F08F2B9BA3
:10BFB0001D9339E7259653E7002392E701460122B6
:10BFC000112002F069FE19F09EFE1D4B186019F059
:10BFD0009AFE1C4B1860012002F0D8FF60B119F8DE
:10BFE000010B042102F074F91D9A2B46934205F1CE
:10BFF0000105EDB2F3D1D3E719F085FE054619F03E
:10C0000082FE401BA22835D902F0ECFF80220021DD
:10C010000F2015F0BCFD002419F8010B042102F0DB
:10C0200057F91D9A2346934204F10104E4B2F3D177
:10C03000B6E700BFB42B002068410020B02B0020E1
:10C04000AC2B0020A82B002065410020F42D0020FF
:10C050002342002077410020F8FF272424390020C4
:10C0600092410020EC2D002093410020C42B0020A1
:10C070003095030000210F2015F00CFD0306BED5FE
:10C08000002180220F2015F082FD19F03CFE4E4960
:10C09000209000233CA811F8012B1D9D40F8224060
:10C0A0001A46AA4203F10103DBB2F4D10021F822BF
:10C0B0000F2015F06CFD19F026FE2D90002015F0D4
:10C0C0007DFE339019F01FFE2A9015F0F8FC3E49D2
:10C0D00000233CAC11F8012B1D9D44F822001A46A8
:10C0E000AA4203F10103DBB2F4D12599374A384D56
:10C0F0000023C803490CF0F739FD4FF00008CDE9E3
:10C100002188082332902493CDF8B080CDF8BC80EC
:10C11000CDF89880CDF8A080CDF88C80CDF89C80AB
:10C1200019F0F1FD2A9BC01A329B984280F02F81B2
:10C13000309B0BB119F0E7FD00210F2015F0AAFC90
:10C14000244A28901042EBD00021102015F0A2FCC8
:10C15000289B269013F4804400F0028310220021D3
:10C16000C4A81BF048FB269B03F07F032293269B69
:10C17000002203F07F01284615F06BFC15F0A3FCAC
:10C18000824615F06FFC144B1B78074613B1C4A808
:10C1900015F0ADFC0E4815F0CEF821900C4815F0C6
:10C1A000C7F8229B2F90092B88BF6B7A219898BFE4
:10C1B00000232C9315F076F880B9239B0133DBB272
:10C1C000239301F031FFABE77741002040420F009D
:10C1D000A441002000D0272468410020AF4B219AC1
:10C1E0001988AF4815F0D1F82E900028E5D0219895
:10C1F00015F056F807280446DFD836AB13F800B020
:10C20000BBF1000FD9D13CAB53F82030002BD4D078
:10C2100035A9A44815F07CFB38A9A34815F078FB94
:10C2200044AB359A43F824A04CAB43F8242054ABDC
:10C230000A6843F824205CAB43F824709B4B1B78BE
:10C24000002B00F08780182303FB04FA94AA02EB6A
:10C250000A07BDF81E1322F80A10BDF812237A80CF
:10C26000BDF81623BA80BDF81823FA80BDF81A234A
:10C270003A81BDF81C237A815946BDF81423BA814E
:10C280002E2015F028FC1E21F881232015F002FC39
:10C290000AF592630DEB0302229BA2F51072C0F324
:10C2A00013000121212B3861918287F816B02FD914
:10C2B000AA7C022A2CD1E87CC70729D564AA02EB04
:10C2C0000A01232B0875A88A22F80A00E88A488008
:10C2D000288B8880688BC880A88B08814FF0180352
:10C2E000E88B88BF6E4B48818CBF0A4603FB042253
:10C2F000288C888198BF0023A1F80EB0C1F810B037
:10C3000083BF93F8221093F82330517553759375BA
:10C310004FF0180E0EFB04FE94AB03EB0E0CBCE8C2
:10C320000F00634F77440FC79CE8030064AB03EB37
:10C330000E0C87E80300BCE80F005E4F77440FC780
:10C340009CE803005C4A87E8030001231178A340BE
:10C350000B431370299B012B40F0FD8102F05AFB27
:10C36000012806D1554B1B68590702D1DDF8B8806A
:10C37000249436AB01221A55279B1344DBB2279332
:10C3800001F052FE279B2B9A9342FFF4C9AE309BDB
:10C390000BB119F0B8FC4A4A4A4C137801331370B8
:10C3A000494B2B9A1A70494B01221A7015F0BEFAAC
:10C3B00020990546206801F0B7FD454B8346196872
:10C3C000206801F0B1FD434B07461968206801F071
:10C3D000ABFD414B2B901968206801F0A5FD3F4B48
:10C3E00082461968206801F09FFD3C4B1A68209B2B
:10C3F000002A00F0C081002B00F094809A1A384B7C
:10C40000A2FB0323D20B42EA43422D9B002B00F0F8
:10C4100089802A9B002B00F0858032490B681BB174
:10C42000EB1AB3F57A7F7DD30A230D60CDE916337D
:10C430002D4B5989159119891491D988139199789F
:10C4400012915B781193339B2D9910932A9BCDF811
:10C4500024A05B1A2249A3FB0134DB0B43EA4443CB
:10C460000F93209C2A9B1B1BA3FB0134DB0B43EA8D
:10C4700044430E93209C2D9B1B1BA3FB0131DB0B24
:10C4800043EA4143CDE90C232B9BCDE90A0BCDE9CF
:10C490000773164B1B7806932AE000BF243900204F
:10C4A000A4410020AE410020B2410020684100209C
:10C4B000CC2B00208C2C002069410020EC2D00208A
:10C4C00023420020B82B002073410020724100203D
:10C4D000B42B0020B02B0020AC2B0020A82B002078
:10C4E00040420F00BC2B0020F82D002065410020A9
:10C4F000259B05934FF47A724FF49663CDE903328E
:10C500001E9B0193A64B02961B780093A54BA64A4F
:10C510001B684FF4C071C4A814F0DCFAA348C4A986
:10C5200016F080F8B8F1000F02D038A815F0DFFA45
:10C5300002F058FD15F0FAF99D4A13681BB1C31AB1
:10C54000B3F57A7F26D32C9B10600C932F9B0B9313
:10C55000219B0A93229B0993239B0893279B079374
:10C560001E9B944ACDE90563259B0493269B039368
:10C57000289B0293904B1B880193894B1B78009357
:10C58000884BA0211B68C4A814F0A4FA8748C4A94A
:10C5900016F048F84FF0000B19F8014B36AB1B5D55
:10C5A000002B00F03D8144AB53F824505CAB53F8B2
:10C5B00024A03CAB53F82400281AEFF7E3FF54AB58
:10C5C000064653F824004CAB0F4653F82430C01AEB
:10C5D000EFF7D8FFCDE91E015046EFF7D3FF6AA36E
:10C5E000D3E90023F0F738F802460B4600207349E0
:10C5F000EFF77AFE02460B46DDE91E01F0F72CF854
:10C6000002460B4630463946EFF76EFE6C4B002271
:10C61000F0F722F85EA3D3E90023F0F71DF85EA33C
:10C62000D3E90023F0F718F8664B0022F0F714F86E
:10C63000F0F724FA20EAE076B8F1000F0ED0249B40
:10C64000A3420BD1299B012B40F0C88038AB00934B
:10C65000249853462A46314602F0EAF95A4B1B7891
:10C66000002B49D0182161430DF5147C0CEB01021D
:10C6700064AF13691A93D38919937B1818691890BA
:10C68000D8891790987D1690587D159090891490B0
:10C690005089139010891290D08811909088109032
:10C6A00050880F903CF801000E90127D0D929A89EF
:10C6B0000C925A890B921A890A92DA8809929A88FE
:10C6C00008925A8807927A5A06921B7D0194CDE906
:10C6D00004A3CDE90265319B0093324B3B4A1B68B2
:10C6E0004FF48071C4A814F0F5F93048C4A915F0CE
:10C6F00099FFC4A804F08AFA354F04EB840507EBD0
:10C70000C5053146284601F005FE002877D12846A8
:10C7100015F0D8F82A460121204601F0ABFC282369
:10C7200003FB047728467F6915F0DDF83B4600904F
:10C7300032460221204601F0C3FD1D9A0BF1010390
:10C740009345DBB21DD102F04DFC15F0FDF8214BF5
:10C7500000221A6024E4299B022B7FF40AAE05E62E
:10C760001D4A21460F2015F012FA15F055FB204600
:10C7700015F024FBD4E4002B3FF4D4AE4FF0FF328D
:10C7800043E69B4608E700BF143BB1133BB103BE31
:10C79000FA48CE3B1835B13D0000001319DDB14118
:10C7A00092410020EC2D0020C9950300B38B0300BB
:10C7B000C02B00201C970300243900200000F03F0C
:10C7C0000000E03F00408F4068410020BD9703001B
:10C7D000202E0020F02D002000FF2724299B022B73
:10C7E0007FF43CAF249B082B3FF438AF38AB009369
:10C7F000249853462A46314601F050FC2EE728463D
:10C8000015F032F82A4600210746204601F032FC96
:10C81000284615F068F83B4600903246012189E72A
:10C820000321204601F054FD87E72046FFF7BBBBFC
:10C830002DE9F04F0446A7B0002800F092808368ED
:10C84000002B00F08E80C368013B072B00F289802B
:10C85000884B8078187014F01FFD874BDFF81CB2EE
:10C86000874A1880E368CBF8003000231360854ABC
:10C87000854D1360854A1360854A01211170854AF0
:10C880001370854A1360854A1360854A1360854A90
:10C890001370854A1380854A04F1400713800FCF37
:10C8A0002E460FC697E803002B7886E8030023B1D5
:10C8B0002B7D13B9C5E903336B757D4B7D48DFF8DC
:10C8C000F8817E4E00271F707D4B1F607D4B2C2210
:10C8D00039461F601AF08FFF01F000FB01F0F6FAF5
:10C8E00076484FF4A07239461AF085FFE3689F42FC
:10C8F0002DD3237F002B71D0A36A1793236B18933A
:10C90000E36A1A93636B1B936F4BD4F820E0D4F85F
:10C9100024C0CDF858E093E807001CAE86E8070075
:10C9200003F10C0207CA1FAE183386E8070093E82C
:10C93000070022AF87E80700CDF864C0BEF1000F02
:10C9400002D0BCF1040F22D06048614607E0A36822
:10C9500013F80790B9F1070F0BD95D48494615F058
:10C9600061FE5C4815F05EFE4FF0FF3027B0BDE879
:10C97000F08F08F8019B484614F08AFC09EB8909FE
:10C98000014606EBC90014F065FF0137AEE719ABAD
:10C99000129310974FF0000A129B53F8049B1293C6
:10C9A000109B53F8042B109391452CD8DBF80030E2
:10C9B00014930027B9452CD10AF1010ABAF1030FEB
:10C9C000EAD1344B01221A70364B94F838201A7091
:10C9D000354B628F1A80354BA28F1A802A48037814
:10C9E000002B00F0858082784178C38800892AB1C5
:10C9F0008A4203D913B108B1834279D200903648F4
:10CA000015F010FEADE735485246494615F00AFECE
:10CA1000A7E716AB53F82A2012F80780B8F1070FE2
:10CA200017D814992448424614F067FF88B11A4B6E
:10CA30002B48196814F061FF58B9184B2948196838
:10CA400014F05BFF28B9164B2748196814F055FFFE
:10CA500018B1264852464146D8E756F82A101CAB72
:10CA60000A6853F82A00531C0B60013700F8028053
:10CA7000A0E700BF92410020243900201C2E002096
:10CA8000EC2D0020F42D0020F82D0020F02D0020AA
:10CA90007641002088410020182E0020142E00200E
:10CAA000102E00207F410020223900202039002054
:10CAB00074410020C02D002089410020202E00203C
:10CAC000702D00206C2D0020107D03007298030053
:10CAD0005298030067990300F8980300A098030098
:10CAE000844100208241002080410020D098030032
:10CAF000BE4E23883380A378B370E378F370237934
:10CB0000BB4C3371A44600237371B371C6F8073070
:10CB1000BCE80F0006F10C070FC79CE80300B54AFC
:10CB2000DBF80030128887E80300B349B34809787E
:10CB300015F078FDF27821786078A778B4F806C00F
:10CB40002489012A00F04C81AD4BAE4E022A18BF59
:10CB500033466A7D0B922A7D0491CDE90932042384
:10CB600006220125CDE902324FF4E1660022CDE92B
:10CB700007C4CDE900651146CDE905078C23A2481D
:10CB8000DFF888B215F04EFDA14BA24A1B88039333
:10CB9000A14BA2491B880293A14BA2481B78019389
:10CBA000A14B1B680093A14B12681B68097815F014
:10CBB00039FD00240D2302222946CDE90255CDE995
:10CBC00000439B48234615F02DFD9A48214615F059
:10CBD00029FD8C234FF48271B4224FF4AF70CDE95C
:10CBE0000D31CDE90B200A936422FA23CDE9082305
:10CBF000DC22CDE905622325C8224FF47A7621464E
:10CC0000CDE901268C48009319222346CDE903453E
:10CC1000079415F007FD894815F004FD01F0B8F8F8
:10CC2000874802F067F89BF80010002940F0DA808E
:10CC30001E2014F02FFF0B2181462A2014F076FFCE
:10CC400002218246284614F046FF04467D4814F02F
:10CC5000A9FF012200212F2014F075FF02212320BB
:10CC600014F039FF20F00102022192B2232014F0C7
:10CC700077FF9BF8001000294FD11E2014F00AFF07
:10CC80000B2115902A2014F051FF0221149023202B
:10CC900014F021FF102110902F2014F01CFF1221FE
:10CCA00005462F2014F017FF0A2106462F2014F006
:10CCB00012FF082107462F2014F00DFF1621804691
:10CCC0002F2014F008FF1290012015F0BAF8C0F3DD
:10CCD000072000F0A1FB1AF036FD1299109B159A5F
:10CCE000C1F30B01CDE901430891149B0093C8F3F4
:10CCF0000B0140B2C7F30B07C6F30B06C5F30B05D8
:10CD00000791039053465048069705960495494667
:10CD100015F088FC01238BF800304DF6CA6014F042
:10CD20004FFF344B324C1888484E14F04EFF082009
:10CD300001F0C0FF44F2340014F01EFF44F234004E
:10CD400014F020FF012002F0EBF88C2014F07AFFA1
:10CD50004FF4E16002F072F9002015F058F800215C
:10CD60003B4A0F2014F013FF3A4B012220461A7061
:10CD700014F016FC384B18600023029323890193AA
:10CD8000E38800936278A3780146344815F04AFCA2
:10CD900001F00EFA324B1968324B1C6801F052F95F
:10CDA000314B01901B780093304B31481B78224661
:10CDB00015F038FC2F4815F035FC03F067FE82466D
:10CDC00000285DD000222C48114601F0E1F8002037
:10CDD00003F056FE02F006F9142014F0C2FDECE751
:10CDE000264BB6E6A246A14630E700BF9C2D0020A8
:10CDF000F82D002024390020924100202C990300B6
:10CE0000CA930300DA930300909903006441002061
:10CE100020390020182E00202239002088410020CF
:10CE20007F4100206A9A0300102E0020142E00205B
:10CE3000E29A03005B9B0300829B0300839C030038
:10CE4000C8070020AC040020AD9C0300F02D00209A
:10CE5000F8FF272491410020702D00203A9D030007
:10CE6000F42D0020EC2D002075410020764100209B
:10CE7000989D0300EF9D0300139E0300D1930300D0
:10CE800001F0B6FAA54B1B79032B03D1A4485246F7
:10CE900051469AE7336833B9A24C2368012B35D841
:10CEA0002068012840D803249F480122214614F01D
:10CEB00065FB002848D03368002B7CD0012003F0AC
:10CEC000DFFD3368994ADFF868B2D45C204614F07D
:10CED000DFF9984B9BF800101B8802468046964865
:10CEE00014F0E8F902F07EF8944A00210F2014F0C3
:10CEF0004EFE914900220D2014F07BFD01460028D2
:10CF000000F096808E4815F08DFB56E7864814F0A9
:10CF1000E1FB8C4B1860FEF73BFF00287FF44DAF20
:10CF20003368002BBCD0BEE714F02EFD4FF47A73AB
:10CF300000F2E734B4FBF3F47B4B1B78002BB3D047
:10CF400001F016FA8442B6D9774D284614F0DCFA7F
:10CF50000422014604467C4801F01AF814F0E6FC6D
:10CF60007A4A1368C31AB3F57A7F10D3106001F0C0
:10CF700069F86B7D0393AB7802936B78CDE900433E
:10CF8000684B32681B680146714815F04BFB714ACB
:10CF900013680133136001F0D9F901F077F801F05B
:10CFA000F7FA01F025FA604814F043FB6A4B186069
:10CFB00001F0FEF801E75B4F3B68012B7FF67EAF87
:10CFC000594D2B7833B3284614F09EFA386814F084
:10CFD000DBFC4FF47A7300F2E734B4FBF3F401F0B6
:10CFE000C7F9844201460DD95C48224600F0D0FFC3
:10CFF00001F0F8FF01F0AAF9284614F01AFB564B8D
:10D000001860DAE63368002B7FF458AF3B68012BD9
:10D010007FF654AF444814F077FA00220146504896
:10D0200000F0B6FFFEF7B4FE00283FF447AFC4E6B9
:10D030000D20012201F030FE022001F0A7FF28B1EF
:10D04000484815F0EFFA01F0CDFFB6E618F05BFEA8
:10D050003268454B0AB11A7822B900221A70434A45
:10D06000012111701A78424DFF2A1CBF01321A703B
:10D0700000210F2014F00EFD28420746F8D0DFF8FB
:10D08000D4903268D9F80030134303D101463948AF
:10D0900015F0C8FA9BF80020374B013204EB8405E9
:10D0A0008BF8002017F4804B03EBC50500F051818D
:10D0B0004FF4804200210F2014F069FD0021102060
:10D0C00014F0E8FC2D4F83467F22002138461AF0E9
:10D0D00092FB00220BF07F01384614F0BAFC0023CB
:10D0E000BB70144B42461988384614F04EF98046FE
:10D0F000002847D1D9F80030326813437FF45DAE81
:10D10000384614F018F90446384614F011F97B7AC1
:10D11000024621461A4815F085FA4EE69C2D00205D
:10D120001E9E0300F42D0020F82D002077410020E2
:10D13000234200202439002093410020F8FF2724B7
:10D14000A19E0300B82B0020239E03006C2D00201D
:10D150002E9E0300EC2D0020702D00208A9E0300DF
:10D16000979E0300C39E030073410020724100207C
:10D1700000D02724DE9E0300202E0020A4410020A2
:10D180000C9F030014F09BFC814614F09CFC0746A6
:10D1900014F068FC834601F03DFC012840F0B080AB
:10D1A00022A814F0A4FCC2465846EFF7EBF982A37C
:10D1B000D3E90023EFF750FA02460B4684481CA936
:10D1C000CDE9122314F0A4FB82481FA914F0A0FBA0
:10D1D000A7EB0900EFF7D6F9CDE910011C991F98CC
:10D1E000401AEFF7CFF9DDE9122380468946002087
:10D1F0007949EFF779F802460B4640464946EFF782
:10D200002BFA02460B46DDE91001EFF76DF8734B80
:10D210000022EFF721FA6AA3D3E90023EFF71CFA03
:10D2200069A3D3E90023EFF717FA6D4B0022EFF75C
:10D2300013FAEFF723FC20EAE078BAF1000F42D0AE
:10D2400001F0E8FB012807D122AB00933A465B4688
:10D250004146204601F0ECFB01F0DCFB022832D114
:10D26000072C30D85F4B604AD3F800C05F4B604951
:10D27000187810B1106860451AD0C2F800C00122B9
:10D280001A7008230B705B4B1A68E2B15A48DFF83A
:10D290006CE10378B3FBF2FC02FB1C3C01331EF88B
:10D2A0000CC081F800C0B3FBF2FC02FB1C3303701E
:10D2B0000B78A34207D122AB00933A465B46414626
:10D2C000204600F0EBFE4146284601F023F8E8B97D
:10D2D000284614F0F7FA2A460121204600F0CAFE3B
:10D2E000474B282202FB043328465F6914F0FBFAFF
:10D2F0003B46009042460221204600F0E1FF5CE5FB
:10D3000001F088FB02283FF44BAF4DE7284614F0AC
:10D31000ABFA2A4600210746204600F0ABFE28461D
:10D3200014F0E1FA3B46009042462046012100F00D
:10D33000C7FF344813F0FFFF334A336812680133E4
:10D34000B3FBF2F102FB11333360002B7FF435ADF8
:10D350001DE617F4081F284614BF4FF0030A4FF0CC
:10D36000040A14F0AFFA02212A46204600F082FE99
:10D37000234B282202FB043328465B69109314F0E8
:10D38000B2FA109B00905A465146204600F098FF92
:10D39000D9F800303268134305D11C483B46424659
:10D3A000214615F03FF91A4A00210F2014F0EFFB37
:10D3B00014F032FDC0E700BF143BB1133BB103BE14
:10D3C000FA48CE3B1835B13D0000001319DDB141DC
:10D3D000AE410020B24100200000F03F0000E03FDD
:10D3E00000408F40EC2D0020C82B0020664100201B
:10D3F000E00700201C2E002067410020894100200A
:10D40000202E0020A4410020F42D00205E9F030068
:10D41000009027240000000008B50B4B1B685B7AC6
:10D42000C01AEFF7AFF806A3D3E90023EFF714F91A
:10D43000064B0022EEF75AFFEFF748FB08BD00BF8E
:10D440003D0AD7A3703DF23FB404002000003740EE
:10D450000A4B1B7883B10A4B1A691268002AB8BFBD
:10D4600080F0010028B19B68DB6805484FF000415F
:10D4700018479B681B69F8E7704700BF5E390020BA
:10D48000087903002DE9F043BBB05822002124A8FD
:10D490001AF0B1F99E4B2693082327939D4B2C93AA
:10D4A00004239D4A2D939D4B2E930223CDE93023D7
:10D4B0002F930A230122ADF8CA3064218DF8D230AF
:10D4C000ADF8D63009238DF8C820ADF8CC108DF812
:10D4D000D020ADF8D83018F0B2F958B918F0CBF91F
:10D4E000044601468E4815F09DF81CB18D48214632
:10D4F00015F098F88C4C204619F09DFB00286DD152
:10D500008A4815F08FF800F05BFB03F0C5FA01467E
:10D5100010B1874815F086F802F0B4FBADF8900022
:10D5200002F0B6FB8DF892001BA802F0B7FB18B30F
:10D53000BDF86C300BB1ADF890309DF870308DF8BF
:10D54000943000238DF895308DF8A0302A939DF803
:10D550007A30BDF86E20ADF892206BB1BDF87E3008
:10D5600053B1BDF880303BB11EAD0FCD34AC0FC40C
:10D5700095E8030084E803009DF8D030002B44D0E8
:10D580009DF8D220002A40D09DF8E53003939DF805
:10D59000E43002939DF893300193BDF8D8300093A6
:10D5A0009DF8D110BDF8D630624815F03BF86248BE
:10D5B00015F038F8002140F6CD4012F0C9FC00F01B
:10D5C000DBF8044628B301465C4815F02BF8002030
:10D5D000FFF73EFF20463BB0BDE8F0832269A1681B
:10D5E000136843F0004313600B68554A1F2120461F
:10D5F0009847014618B1534815F014F883E7524B89
:10D6000001221A70FFF724FF7DE7504815F00AF851
:10D61000CDE74F4815F006F84E494F4815F002F88F
:10D620009DF894204D494E4B0E94032A18BF0B468B
:10D630004FF482758C21CDE917154FF4AF76B425E0
:10D64000CDE91556DC2511954FF4E165109523259C
:10D650000F9525464FF47A74642614910D94FA219F
:10D66000C824CDE91261CDE90B1419219DF8D2C06F
:10D67000BDF8D6E09DF8D170BDF8D8809DF89390A4
:10D68000099138499DF8D0000090CDE9017CCDE9A1
:10D6900003E8CDE90721CDE9059333480A9508232E
:10D6A0009DF89220BDF8901014F0BCFF01240A23CD
:10D6B000CDE90D430322022304210520CDE90F65A6
:10D6C00007270626CDE90936CDE90710CDE9011077
:10D6D000CDE90B272946CDE9055424480092CDE930
:10D6E0000367224614F09EFF214814F09BFF20465A
:10D6F000FFF7AEFE24A8FFF79BF8044600283FF48E
:10D7000069AF01461B4814F08DFF284660E700BF53
:10D71000068E0300028E0300FE8D0300008E0300C0
:10D720000B8A0300228A0300087903004A8A030057
:10D730008A8A0300BD8A0300388B0300528B0300E2
:10D7400001000A00678A03005E390020168B03007F
:10D750006E8B0300848B03009E8B03004FA8030095
:10D76000068A0300298D0300B78B03002D8D03006B
:10D77000B28D0300D48D030013B500232348019319
:10D7800014F050FF00F08CF8044630B101462048F8
:10D7900014F048FF204602B010BD00F0E5F8044642
:10D7A00010B101461B48F3E701A800F00DF904464B
:10D7B00010B101461848EBE70199184814F032FF00
:10D7C000174B019A9A4205D0164814F02BFF6FF0C0
:10D7D0000404DFE7144814F025FF00F00FF90446B5
:10D7E00010B101461148D3E7012001F071FC01306E
:10D7F00001D10F48E9E700F00BF9044610B10146EA
:10D800000C48C5E70C4814F00DFFC3E70E8E03006B
:10D810002C8E0300468E0300648E0300858E030069
:10D820003001CADE9C8E0300CE8E0300E58E03001D
:10D83000078F03001E8F0300408F030030B5134B8A
:10D84000134A89B0CDE90030CDE90420012304AAB0
:10D85000B0F5806FCDE906230546CDF808D00393D7
:10D8600011D80C4B19680C48836802AA1C6806ABD7
:10D87000A047044620B101462A46084814F0D2FECB
:10D88000204609B030BD6FF00B04F9E75F3D002082
:10D890005F3900207804002080790300538F030053
:10D8A00010B5204814F0BEFE1F4819F0C4F930B975
:10D8B0001E4814F0B7FE6FF01204204610BD1C483D
:10D8C00019F0B9F908B91B48F3E7194819F0B3F989
:10D8D0000028F8D0184B194A1A60194A19491160E2
:10D8E000194A1A4813604FF4803113F05AFC044669
:10D8F00020B10146164814F095FEDEE7154814F0F5
:10D9000091FE15484FF4B01113F04BFC044610B1D2
:10D9100001461248EFE7124814F084FE114814F053
:10D9200081FECAE7778F0300807903008D8F0300A3
:10D9300008790300AF8F03009004002080841E004C
:10D940007C04002000127A0078040020787F030015
:10D95000CE8F0300F68F0300807F03001590030035
:10D960003F9003006090030010B5124814F05AFE77
:10D9700011484FF4D01113F014FC044628B10146AD
:10D980000E4814F04FFE204610BD022013F028FC74
:10D9900009484FF4B01113F004FC044610B10146DD
:10D9A0000748EEE7052013F01BFC064814F03AFE8A
:10D9B000E9E700BF75900300807F03008F900300AC
:10D9C000B4900300DB90030038B5044670B1094AF7
:10D9D000094D00230520136013712B602B71FFF795
:10D9E0002DFF10B9D5F80130236038BD6FF0150058
:10D9F000FBE700BF5F3D00205F390020024B034A78
:10DA00001A600020704700BF7804002090040020B6
:10DA1000024B034A1A600020704700BF78040020C0
:10DA20007C0400202DE9F843054614461F4686185D
:10DA3000884641B302B133B3B6F5806F26D8DFF81C
:10DA4000549032460021484619F0D5FE3246002156
:10DA5000114819F0D0FE2A464146484619F0A3FE67
:10DA60002CB12246394609EB050019F09CFE13F053
:10DA7000CAFB04463046FFF7E1FE84F31188BFF38A
:10DA80006F8FBDE8F8836FF01500FAE76FF00B00B9
:10DA9000F7E700BF5F3D00205F3900202DE9F84324
:10DAA000064615461F468418884659B302B14BB343
:10DAB000B4F5806F29D8DFF8589016482246002127
:10DAC00019F099FE22460021484619F094FE41467D
:10DAD0003246104819F067FE13F095FB8046204649
:10DAE000FFF7ACFE044688F31188BFF36F8F30B99F
:10DAF0002DB12A4609EB0601384619F054FE20469E
:10DB0000BDE8F8836FF01504F9E76FF00B04F6E752
:10DB10005F3900205F3D0020F0B5A3B00D461646EA
:10DB2000194901AA1F4615F0B7FA48B3019C3CBB3E
:10DB3000802D03D06FF0150023B0F0BD2A4602A956
:10DB40003846B0470028F7DB8028F3D102A92346E6
:10DB50000A78D8B28242EDD148784132D2B29042AE
:10DB6000E8D10133082B01F11001F1D180220748DF
:10DB700002A919F018FE064B01221A700020DBE7FB
:10DB80006FF00100D8E700BFAB910300102B00201D
:10DB90005F410020064A1278034632B1054A1278E6
:10DBA0001AB105490548802218470020704700BF78
:10DBB000604100205F410020102B0020AB9103004A
:10DBC00038B5144C25781DBB13491448802219F030
:10DBD000EAFD01232370124C257004F095FD0146E7
:10DBE00070B1104814F01EFD21780F4B0F4A1048F9
:10DBF00000290CBF11461946BDE8384014F012BD8B
:10DC00000C4804F06DFC01460028EDD00A48E9E715
:10DC100038BD00BF60410020887F0300102B00202A
:10DC20005F41002006910300F4900300FD90030083
:10DC3000849103003E9103004C91030008B5FFF767
:10DC4000BFFF014B187808BD5F410020F8B50446BE
:10DC50000F4616461D46FFF7B3FF072C0BD8074BA0
:10DC6000220103EB04109C544134C0E90176447056
:10DC7000C5600020F8BD6FF01500FBE7102B0020F9
:10DC800010B5FFF79DFF09490948802204F0EEFB1B
:10DC9000044640B9074B084801221A70082114F0C5
:10DCA000C1FC204610BD01460448F8E7102B0020B7
:10DCB0009D9103005F410020B3910300E1910300B7
:10DCC00008B5FFF77DFF80220549064819F06BFD76
:10DCD000054B00221A70BDE80840FFF7D1BF00BF16
:10DCE000887F0300102B00205F41002010B5044600
:10DCF000FFF766FF072C96BF0248002000EB0410D8
:10DD000010BD00BF102B00201FB5094C8DF800007E
:10DD100002238DF8011002938DF80C302068A3883F
:10DD2000CDF804D0012201A913F089FA04B010BD86
:10DD3000A40400202DE9F04188B00F238DF80730AE
:10DD4000DFF848800DF10703029301270723CDE98F
:10DD5000051700248DF81C30054603460E46D8F8FA
:10DD600000000397022202A98DF8104013F067FA11
:10DD7000A04208DB3378332B05D1A8F8045038468D
:10DD800008B0BDE8F0812046FAE700BFA4040020F7
:10DD90002DE9F043414D89B0002428688DF80640F4
:10DDA00018F049FF2B68196840B93D4814F03AFC57
:10DDB0004FF0FF34204609B0BDE8F0833948DFF862
:10DDC000E89014F02FFC08270DF10706A046022367
:10DDD0008DF810302868BBB2012202A9CDE9026893
:10DDE00013F02DFA28B93946484614F01BFC0134CB
:10DDF000E4B20137782FEAD114B92C4814F012FCA0
:10DE00002B480DF1060414F00DFC21461920FFF7F4
:10DE100091FF40B921461820FFF78CFF18B925481B
:10DE200014F000FCC4E70F238DF807300723029697
:10DE300001278DF81C302868AB8803970026022242
:10DE400002A9CDE905478DF8106013F0F8F9041E1A
:10DE500004DA1948214614F0E5FBABE757212020EE
:10DE6000FFF752FF041E02DA14482146F3E7882127
:10DE70002320FFF749FF041E02DA11482146EAE792
:10DE8000104B9DF806201F80C3E90166DE60A9885B
:10DE90000D48642314F0C6FB34468BE7A40400202D
:10DEA000099203002A920300459203004D92030059
:10DEB000C7AD03005492030082920300A6920300B0
:10DEC000C7920300902B0020E89203000248A02292
:10DED000002119F090BC00BF6017002002481822F2
:10DEE000002119F088BC00BF001800202DE9F04186
:10DEF0000E46054690B189B10A4F002457F83410F8
:10DF0000284607EBC40819F06AFB20B9D8F804309A
:10DF10003360BDE8F0810134052CEFD16FF01500BE
:10DF2000F7E700BF0880030040B139B1054B091A7B
:10DF3000A1FB0313C80B40EA434070474FF0FF308A
:10DF4000704700BF40420F000C4B0D484FF0FF32AE
:10DF500010B500211A605A60C024202219F04BFC31
:10DF600022460021074819F046FC224606480021B7
:10DF700019F041FC054B00221A7010BD6A410020C7
:10DF80004C2D00208C2C0020CC2B0020694100203F
:10DF900070B5BCB0164604460D4613F0C7FC194ACE
:10DFA000136841F28731C31A8B4228D9164B10608F
:10DFB0001B680B93154B1B680A93154B1B68079541
:10DFC000CDE90863134B1A8906929A8805929A78CC
:10DFD00004925A7803921B780F4ACDE901430F4B04
:10DFE0001B7900930E4BC0211B680CA812F072FD28
:10DFF0000CA802F00BFE0B480CA914F013FB3CB06C
:10E0000070BD00BFA42B0020702D0020F42D002037
:10E01000F02D0020F82D00203B9303009C2D0020C4
:10E02000EC2D0020B38B030008B50F20044A00211B
:10E0300013F0ADFDBDE80840002013F0BFBE00BFE7
:10E0400000FF2724064B1B783BB9064B06481A787D
:10E05000064B002A18BF184670470548704700BF96
:10E06000754100207641002073930300DBA3030079
:10E070006B9303000346072B104604D8024AD15481
:10E0800008B113F030BC70476A410020024B1B7886
:10E090000BB117F038BE7047724100202DE9F04FE8
:10E0A000BBB00646449C3C4FDFF8F0A0DFF8F080A0
:10E0B0004FF47E600690A088059060890490E58802
:10E0C000608828442589284480B20390E089009222
:10E0D000CDE9013032460B463248396814F0A2FAD5
:10E0E0000025A946C5F57E64A4B2302C28BF302493
:10E0F00004F1010B5A46002109A819F07CFB2A46BD
:10E100001FFA8BF109A813F014FECDE90154009613
:10E110003B689021524616A812F0DCFC811C8F2926
:10E1200003461DD816A8184409AA0B46002112F868
:10E1300001CF01314FEA1C1E0CF00F0C89B218F808
:10E140000EE018F80CC080F800E08C4280F801C0A6
:10E1500006D003F1020CBCF18F0F00F1020019D9B7
:10E160008F2B28BF8F23E8336B442C440E4803F8D1
:10E17000909C16A9A5B214F055FAB5F57E6FB1D3EF
:10E1800039680A484FF47E63324614F04BFA3BB0CC
:10E19000BDE8F08F6346CAE7EC2D0020A39303008F
:10E1A000B49F030079930300B38B0300B89303007B
:10E1B0002DE9F0433A4B1F683A4B1C7885B0B4B94F
:10E1C000DFF8E480DFF8E49047442546474524D152
:10E1D000A5424FF00003354E28461A4638BF204668
:10E1E00002AF984240D0082A37D108223CE03A4694
:10E1F0002D492E4819F0D7FA2D4B01221A702D4ABD
:10E20000002313702C4A17602C4A136013F08EFB06
:10E2100005B0BDE8F043FFF797BE18F8016B002189
:10E220003246484613F069FB0028CFD1304612F041
:10E23000FBFF30B105F110036B44013503F8106C9E
:10E24000C4E7304612F0F5FF0028BFD004F11003F8
:10E250006B44013403F8086CB8E79D420DD89C422A
:10E260001BD801339842F8D1114B01211970114983
:10E2700000230B7010490A60C6E71DF803C006F8BA
:10E2800002C09C4202F1010104D90829ADD0DA5D37
:10E290007254013101330A46A3E71146F7E700BF84
:10E2A0001C2E002088410020894100207741002059
:10E2B0007641002075410020F42D0020F02D002033
:10E2C00007289CBF014B43F8202070474C2D0020AD
:10E2D000F7B50F4E00EB800506EBC5050446284652
:10E2E0000F4613F0EFFA2A4602212046FFF7C2FE3E
:10E2F000282303FB04662846766913F0F4FA3346B4
:10E300000090002239462046FFF7DAFF03B0F0BD47
:10E31000202E0020034690B191B190F8260088B1DC
:10E3200093F82420022A0ED95869074B81428CBFEA
:10E33000081A401A98428CBF00200120704770478D
:10E340000846704701207047C0D4010008B500207E
:10E3500002F096FB054803783BB113F0D5F820B1E5
:10E36000BDE80840013013F0FCBA08BDF82D0020CC
:10E3700038B51E4C204613F073F8002833D0E388DC
:10E380008BB3A3787BB3237D2BBBA378E5885D4358
:10E3900027D0164813F095F8B0FBF5F303FB1501F1
:10E3A000A578E388B1FBF3F2D2B2AA4219D2A088D1
:10E3B00028B96478A54214D90120A04080B2012474
:10E3C000944020420DD05A4391420AD3981881427A
:10E3D00007D2401A06E013F0A9FA2369C01A0028F0
:10E3E000D3DA002038BD4FF0FF30FBE7F82D0020D6
:10E3F0002DE9F04FDFF8509199F8003087B0002BED
:10E4000000F08980DFF844C1514FBCF80420BB887C
:10E41000504C9A4240F082809CF82120637D9A42C1
:10E420007CD1DCF80C302268534023F07F4323F08A
:10E43000FF03002B72D1BCF81220E3889A426DD101
:10E44000BCF814802389B8EB030818BF4FF001080B
:10E450003E4E3F4D0FCE0FC50FCE0FC533682B601C
:10E460003D4E3E4B9CF802003588187012F014FFA8
:10E470003B4A3080127842B1854206D013F0A5FBAA
:10E4800032883848294614F0CDF8374E314D0FCE3A
:10E490000FC596E80300002685E803007E71BE7173
:10E4A000C7F80760B8F1000F15D0FFF717FDFFF7A9
:10E4B0000DFDDFF8B880DFF8B8B0DFF8B8A0DBF802
:10E4C00000309E422DD3637D0093A3786278397922
:10E4D000294814F0A7F8294A0023136089F800306E
:10E4E000FFF766FEFD78B9786278A378E688B4F81D
:10E4F00008C0B4F80AE0012D23D02148214F022D95
:10E5000018BF3846647D0096CDE90304CDE901CEFD
:10E510001D4814F087F807B0BDE8F08F4FF00108F0
:10E5200096E718F8015B072D09D8284612F0B0FECF
:10E5300005EB850501460AEBC50013F08BF90136A2
:10E54000BDE71248DEE700BF74410020782D0020AF
:10E550009C2D0020F82D002024390020924100201D
:10E5600091410020E0930300842D00208941002088
:10E570001C2E0020202E00200D940300F02D0020E2
:10E58000CA930300DA93030044940300D193030079
:10E590002DE9F04FADF55D7D13F0C8F96022002143
:10E5A00064A819F028F964ACDFF86492DFF864A27B
:10E5B000DFF8648226460027DAF800300D93BB426C
:10E5C00021D813F0B3F9954B954E1B7805462BB126
:10E5D000336847F22F52C31A93420BD9012013F02C
:10E5E00030FC904B3560020A1A708F4B8B4A1870C2
:10E5F000012313700025CDE90B550127AB462E46AC
:10E60000A946A84692E019F8015B2846FFF76EFB81
:10E61000864B874819682A4613F06FF9854B357089
:10E62000834605EB85005B5D0B9308EBC00013F0A0
:10E630005AF93072BBF1000F13D00B9B8BB9282312
:10E6400003FB058393F8261059B15B6973600121C0
:10E6500071721A4600902846FFF732FE01370C36D9
:10E66000AAE700237372282303FB05856B69736097
:10E67000F4E794F800A0BAF1070F55D86B4B6C483B
:10E680001968524613F039F900284DD00B9A01232E
:10E6900003FA0AF31A430B92627A12B10C9A1A43E4
:10E6A0000C92B8F13F0F0ED86349644B644A53F89B
:10E6B0002A301DA8002F18BF0A464044C8F1400167
:10E6C00012F008FA8044B9F13F0F0CD85D495E4A58
:10E6D00063682DA8002F18BF0A464844C9F14001BD
:10E6E00012F0F8F98144272E0CD85649564A237A5D
:10E6F00013A8002F18BF0A463044C6F1280112F0B3
:10E70000E9F906440BF10103082B0CD8494A12F829
:10E710000A20032A9CBF4D498A5C10A988BF502259
:10E7200001F80B209B46002701350C340D9BAB42B2
:10E730009FD10B9B002B61D0B8F13F0F28BF4FF04A
:10E740003F081DAF0023B9F13F0F07F8083028BF7D
:10E750004FF03F090DF1B408272E28BF2726BBF143
:10E76000080F08F8093028BF4FF0080B0DF14C09CD
:10E770000DF1400A09F806300AF80B30344B354EDB
:10E78000D3F800B03578FFF75DFC02350446002869
:10E7900038D03149FDF7E1FA002835D02F4920461D
:10E7A000FDF7DBFA002831D02D492046FDF7D5FAD8
:10E7B000002814BF782372230C9A0492CDE9079A9B
:10E7C0000B9A0392CDE90578264A1279CDF800B06C
:10E7D000CDE901324FF4C071234A2B467CA812F0D8
:10E7E00079F9002807DD3378002B3FD10B4B1B78DC
:10E7F000002B40F0CD807CA802F008FA0DF55D7D7D
:10E80000BDE8F08F7823D7E77423D5E76623D3E7F5
:10E81000894100201C2E0020202E00206341002072
:10E82000A02B00206241002061410020F42D002037
:10E83000774100206A4100201EA503004C2D0020D6
:10E84000B8940300BE940300BD940300B09F03007E
:10E85000EC2D00206841002073930300DBA303002C
:10E860006B9303009C2D0020C2940300504B514831
:10E8700051491E7800220F9213464FF0010C3DAD16
:10E880000B9C0CFA02FE14EA0E0F50D003F108079D
:10E89000402F72D816EA0E0E1CBF91F814E005F84E
:10E8A00003E005EB030414BF90F814E005F803E05F
:10E8B0004B8884F801E0B1F804E07344B1F806E055
:10E8C0007344B3F5803F5FD280331B0AB3F5807F7A
:10E8D00008BFFF23A3700B89B0F804E080331B0A44
:10E8E000B3F5807F08BFFF23E3704B89FF2B28BF60
:10E8F000FF23237143887344B0F806E07344B3F5F3
:10E90000803F43D280331B0AB3F5807F08BFFF23CB
:10E910006371038980331B0AB3F5807F08BFFF232F
:10E92000A3714389FF2B28BFFF23E3713B460132CC
:10E93000082A00F1180001F11801A1D1EBB14DAD89
:10E9400000930FAA3DAB5921284602F06BFCA0B9F9
:10E950000F9C582C11D828557CA8FDF710FA0434C8
:10E9600004440443FF2C08D87CACC0F5C071134AA2
:10E9700000950123204412F0ADF87CA8FDF7FFF9C3
:10E9800000283FF438AF31E7FF23A3E7FF23BFE7B9
:10E990007CA8FDF7F4F90A4B0A4A1B7800930A4B4E
:10E9A0007CACC0F5C0711B78204412F093F822E7CC
:10E9B00069410020CC2B00208C2C0020EA9403001D
:10E9C00061410020F29403006241002008B5074A2B
:10E9D000136801331360FFF759FBFFF7D9FDFFF709
:10E9E00007FDBDE80840FFF7E3BB00BFEC2D0020AA
:10E9F0000128024605D0044B0448022A08BF1846E5
:10EA000070470348704700BFDBA30300FB9403007B
:10EA1000E1A30300054BBFF35B8F1868BFF35B8F67
:10EA2000431E022B28BF0020C0B27047742D002067
:10EA300070B5BCB00546409C1E46FFF7EBFF0128B1
:10EA400021D123880B93A3880A93A389099363890F
:10EA5000089323890793E388069363880593E389E2
:10EA60000095CDE90112CDE90363084B084A1B6804
:10EA7000C0210CA812F02EF806480CA913F0D2FD04
:10EA80000CA802F0C3F83CB070BD00BFEC2D002014
:10EA9000FF940300B38B0300431E012B074BBFF30E
:10EAA0005B8F88BF002053E8002F43E80001002956
:10EAB000F9D1BFF35B8F0020704700BF742D002099
:10EAC00038B50C460546002841D000293FD02149E1
:10EAD000042218F09CFD00B904351F49284618F09F
:10EAE0007EFD48B11D49284618F079FD20B11C492A
:10EAF000284618F074FD30B92070002038BD012080
:10EB0000FAE70220F8E71749284618F068FD0028C0
:10EB1000F5D01549284618F062FD0028EFD01349BA
:10EB2000284618F05CFD0028E9D01149284618F065
:10EB300056FD0028E5D00F49284618F050FD002862
:10EB4000DFD00D49284618F04AFD0028D9D06FF0D3
:10EB50001500D3E71D980300A4BD0300FB94030038
:10EB600022980300CABF0300E1A303002798030013
:10EB7000CEBF0300DBA30300298D0300044B05492E
:10EB80001870054B002818BF1946044813F04ABDF9
:10EB9000684100209CA203008BA203002F98030071
:10EBA000014B1878704700BF6841002037B500233B
:10EBB0000D4601A90193FFF799F9044658B901469A
:10EBC000019A1E2012F0E3FF0199044813F02AFD78
:10EBD0000DB1019B2B60204603B030BD409803006F
:10EBE00070B5044610B96FF0150070BD03790BB114
:10EBF000032B23D1237BD3B90FCC124E35460FC53F
:10EC00000FCC0FC523682B600022DBB27271B2718A
:10EC1000C6F8072033B196F82120B16906F10C003F
:10EC200012F040FC084B01221A700020DDE704F1CD
:10EC30000C0012F015FC0028DED1D4E76FF02100A3
:10EC4000D3E700BF782D00207441002070B5104D2F
:10EC500006460FCD8AB001AC0FC40FCD0FC42B6890
:10EC600023600C4B1A786AB19B785BB1B3420CD924
:10EC7000012301A88DF807308DF81160FFF7B0FF70
:10EC80000AB070BD6FF01500FAE76FF02100F7E7EA
:10EC90009C2D0020F82D0020054B1B68DB6843EA03
:10ECA000C233034343EA81520820002112F06FBFB0
:10ECB000B404002010B500210446042012F0EAFE3E
:10ECC0007CB1094B04F4FF7203401A4342F0010285
:10ECD000064B1B681A61BDE810400021042012F0A9
:10ECE00056BF034A0240F3E701FE47F0B404002098
:10ECF000FEFF47F02DE9F843067847784279734BD9
:10ED0000013F042E33F812800446FFB200F0C080A9
:10ED1000F31FD3F1000949EB03096D4DE37929682D
:10ED20000A69002B40F0B78042F480024FEAD8080D
:10ED30000A61237A8B7222F440320A61237A1B041F
:10ED400003F440331A430A610420002112F01FFF2C
:10ED5000424642F604012E2012F002FF384612F01D
:10ED60005CFF5C4B13F806805B4B072153F82820AF
:10ED70002B2012F00CFF594B0B2113F808202B20ED
:10ED800012F0E1FE564B0B2113F80920282012F057
:10ED9000DAFE544B0C2153F82820282012F0F7FEFD
:10EDA000E279A37903EB42034F4A022132F81320A0
:10EDB000272012F0D5FE4D4B042133F817202720D1
:10EDC00012F0CEFEE379002B68D1642206212720C1
:10EDD00012F0C6FEE378464A03EB8703082152F897
:10EDE0002320272012F0D3FE638913B941F2410397
:10EDF0006381DFF8008162892021272012F0B0FEB4
:10EE0000D8F8002008EB47080C21232012F0BFFEA1
:10EE10002320B8F80420042112F0A2FEA0790028D3
:10EE200051D0E379344A2120D25C002112F08BFECC
:10EE300001220320617906F00F0343EAC163617880
:10EE40003601F6B28904334301F440210B432179A2
:10EE5000890501F0F8610B4343EA005343EA42425B
:10EE600000211F2012F093FE6278A3781343E27909
:10EE7000520342EA03422B680021DA60082012F0B4
:10EE800086FEBDE8F843422200210D2012F05BBE51
:10EE90004FF0010941E722F4800249E7A378042BEF
:10EEA0000AD110220621272012F05AFE1022262114
:10EEB000272012F048FE8DE720220621272012F09D
:10EEC0004FFE2822F3E70246B4E700BF3C89030067
:10EED000B4040020ED9F030058800300E79F030067
:10EEE000E59F030070800300728903006E890300B0
:10EEF0003080030050800300E29F0300074B1B6833
:10EF00001A6940B122F48052012018751A6100215B
:10EF1000042012F03CBE42F48052F6E7B404002014
:10EF200038B510F00105044625D00021262012F046
:10EF3000B1FD20F4705242F4A0520021262012F0BC
:10EF400026FE0021362012F0A5FD002140F4040227
:10EF5000362012F01CFEA30707D44FF48872282134
:10EF60003620BDE8384012F012BE074A282136206C
:10EF700012F00DFEF1E72946262012F08BFD2946FE
:10EF800020F470522620ECE710010F0010F002026E
:10EF900008B504D0124B1B6801225A75802210F06C
:10EFA000010116D042F0060200210D2012F0CBFD27
:10EFB00003210F2012F08FFD10F4816F01D100208A
:10EFC00008BD0D204022002112F0BDFD4FF0FF30A2
:10EFD000F6E742F002020D2012F0B5FDEFE700BFA8
:10EFE000B404002038B500210E2012F053FD054670
:10EFF00012F009F90022114604460E2012F0C7FD56
:10F00000402200210D2012F09EFD0A4A00210F200F
:10F0100012F0BDFD12F0C1FE2A4600210E2012F0B2
:10F02000B6FD204612F0F7F8034B1B6800225A7514
:10F0300038BD00BFF8FF2724B404002070B50321B9
:10F040000546042012F072FD0E4E044695B12A4684
:10F0500000210C2012F084FD3268136943F08053C4
:10F06000136144F01002D2B2BDE8704003210420C5
:10F0700012F069BD3268136923F08053136100F008
:10F08000EF02F1E7B404002008B512F076FE00228A
:10F0900011462C2012F064FD002206212C2012F0D3
:10F0A00052FD12F0ADFD00220321362012F04BFD7F
:10F0B000012012F0B5F8F0220321362012F043FDB2
:10F0C000024B1B6800225A7508BD00BFB404002023
:10F0D0002DE9F041624D2B680027C3E90A77C3E9A7
:10F0E0000C775F61044612F0E6FC5E4B98420146E5
:10F0F00040F0B2805C4813F095FA14F002064AD052
:10F1000014F0F8086FD004223946242012F01BFDB9
:10F110003021282012F0BEFCB0F1883F1FBF2A68C2
:10F12000D38A43F48053D38204F00A030A2B60D1BC
:10F130001E2012F04FFD2B68C0F30720D87214F088
:10F1400010002F6802D0062012F044FD386014F041
:10F1500020002F6802D0072012F03CFD14F040027E
:10F1600078604AD0082012F035FD2B68187214F030
:10F17000800245D0092012F02DFD2B685872002E18
:10F1800067D1E2073FD512F0E6FD2A68D38A43F43F
:10F190000063D38242E0FFF777FF304612F063FD51
:10F1A00004223146242012F0CEFC042012F012FD7D
:10F1B000C0B248B1022212212D2012F0C4FC2A68EC
:10F1C000D38A43F48053D3821E2012F003FD2B68B0
:10F1D00010F01F0FC0F3072208BF1020DA72C0B270
:10F1E00012F027FEABE7404612F03DFD04224146F7
:10F1F0008BE72B680022DA72A1E72B681A72B6E758
:10F200002B685A72BBE70521362012F064FC20F40B
:10F21000007292B20521362012F0A2FC012012F0F9
:10F2200022FD00220A212C2012F08DFC0021042056
:10F230002C6812F02FFC20612C68638A03F0030312
:10F24000A3720021082012F025FCE0600020BDE838
:10F25000F0816307E2D498E74FF0FF30F7E700BF93
:10F26000B40400203001CADEC59F0300034A002316
:10F270001370034A1360034A13707047274200203B
:10F28000C83000202642002010B50C4C212200215D
:10F29000204618F0B0FA0A4B1B8824F8033C53B1FF
:10F2A000DBB2084A9370012313730A2393735382CA
:10F2B0000923938210BD044B1B78F2E7F73000203E
:10F2C0003C390020F43000202D440020064B074A32
:10F2D0001B781278134305D0054840F6CD42002331
:10F2E00010F040BB704700BF26420020254200209E
:10F2F00048180020014817F024BF00BF481800201C
:10F3000073B5184B1B7806460C46BBB14B1EFF2B42
:10F3100014D815480022002301A90FF087FF78B107
:10F32000124B1968322201311960B1FBF2F302FB72
:10F330001313012B02D10E4813F074F902B070BD03
:10F34000019D2246314605F1080018F02CFA094AC1
:10F35000094813686C6001332946136017F0DEFD1D
:10F36000ECE700BF2B44002030080020DC300020F8
:10F37000F59F0300D8300020D8080020034808B5C6
:10F3800013F050F9012001F037FF00BF19A003006E
:10F390002DE9F041224B1D786B1E072B0F463CD800
:10F3A000432303704D234370012383701D4B1E4C78
:10F3B0001B78C57000260371421DB04620681146B7
:10F3C00012F0A4FD237D1371637D5371A37D9371AE
:10F3D00082F80780606802F1080112F097FDA068CA
:10F3E00002F10C0112F092FDE06802F1100112F03E
:10F3F0008DFD0136206902F1140112F087FDB5423E
:10F4000004F1180402F11802D8D81823052213FBBE
:10F4100005233B600120BDE8F0810020FBE700BF31
:10F42000244200202D440020982F0020F8B5244BC2
:10F430001D786B1E032B0E463FD8422303705023CA
:10F440004370012383701F4B1F4C1B78C5700371E1
:10F45000421D00272068114612F058FDE37D13710C
:10F46000A37D5371237E03B1A38A93711B0AD371C9
:10F47000606802F1080112F049FDA06802F10C0178
:10F4800012F044FDE06802F1100112F03FFD238A02
:10F4900013751B0A5375638A937501371B0ABD42A6
:10F4A000D37504F11C0402F11802D3D818230522E5
:10F4B00013FB052333600120F8BD0020FCE700BFEB
:10F4C000254200202D4400205830002038B5094B3B
:10F4D0001B78054663B1084B08491C68FF2C28BF00
:10F4E000FF24224618F05FF900232B55012038BD78
:10F4F0001846FCE726420020C830002027420020A2
:10F5000038B5074C074D0022002320460FF070FF4E
:10F51000014600B938BD284617F044FCF3E700BFA8
:10F52000D80800203008002002460B4601480FF0A2
:10F53000ABBE00BFE030002001480FF01DBF00BF90
:10F54000E0300020F0B54FF0FF3187B005464FF0B6
:10F55000FF30FFF7E9FF0E4B6A4603F1100716462E
:10F5600018685968144603C40833BB422246F7D1D1
:10F57000186820609B88A380FFF7DEFF9DF80000DD
:10F5800018B1044816223146A84707B0F0BD00BFA5
:10F590002639002041A20300F0B593B007460C467F
:10F5A0001546002116220CA81E4618F024F9142234
:10F5B000002107A818F01FF91222002102A818F054
:10F5C0001AF9544901AA384613F066FD002800F0E4
:10F5D0009A80019F002F40F09680162C00F08B80BF
:10F5E000142C6BD0122C40F09180224602A9304698
:10F5F000A8470028C0F285809DF81230029A0C922C
:10F600008DF83A30039A059B0D920F93BDF81020A8
:10F61000BDF81830ADF84230ADF83820ADF8407084
:10F6200001238DF844304FF0FF304FF0FF31FFF7EA
:10F630007BFF394A0CAB10AE14461D4603CDB542D4
:10F64000106051602B4602F10802F6D12868106064
:10F65000AB889380314B01251D70FFF715FE304AB2
:10F660002378157033B3237D003B18BF012313703B
:10F67000628A2C4B02B11A80627802B19A70A1782A
:10F68000A57A0022032918BF114619715A719A717F
:10F69000C3F8072075B1A08960B1E18951B1012695
:10F6A000DE701E73667A248A5E739D731C82588294
:10F6B0009982DA82FFF740FF002022E0224607A964
:10F6C0003046A84700281CDB9DF82630079A0C928C
:10F6D0008DF83A30089A0A9B0D920F93BDF82420BA
:10F6E000BDF82C30ADF84230ADF838209DF82E3002
:10F6F000ADF8407095E722460CA93046A84700288F
:10F7000091DA13B0F0BD6FF00100FAE76FF0150069
:10F71000F7E700BF41A20300263900202C44002057
:10F72000F2070020F43000202DE9F0414FF0805323
:10F730004FF0FF304FF0FF311E6E5D6EFFF7F4FEAD
:10F74000234B1B781BB1234B1A78002A36D186EA4B
:10F75000050484EA164484EA450484EA1444A4B205
:10F760001D4B1C801D4BE2B21A701D4B210A5971B2
:10F77000DA701A711B4B198801B91C80997801B98C
:10F780009A70194FFFF7D8FE184A234620213846B1
:10F7900011F0A0F9002815DA154B1A683A609A881A
:10F7A0009B79BA80BB710620124B587032462946AD
:10F7B0000D4B1148BDE8F04112F034BF5C8A002CBB
:10F7C000C5D0CDE71F28C2BF0023FB771F20EBE782
:10F7D0002C440020263900203C3900202D440020F4
:10F7E000F3070020F43000202E4400203EA0030048
:10F7F00045A00300C40400204CA0030030B5ADF5C3
:10F80000037D00244FF0FF304FF0FF310194FFF7EC
:10F810008BFE1B4B1D785DB11A4B1C701A4B1C7074
:10F82000FFF724FD0DF5037DBDE83040FFF784BEF2
:10F8300001A942A8FFF7ACFD044650B1114B1D7061
:10F84000FFF77AFE019942A8FFF75AFD0DF5037DF7
:10F8500030BD01A942A8FFF7E9FD10B10A4B1C70A9
:10F86000EEE702A8FFF732FE10B9FFF765FEEDE7FD
:10F87000FFF7FCFCFFF760FE02A812F089FBE5E74A
:10F8800028440020244200202542002030B5ADF558
:10F89000037D00234FF0FF304FF0FF310193FFF75E
:10F8A00043FE234B1D782DB10DF5037DBDE830409F
:10F8B000FFF742BE1F4C237883B101A942A8FFF78E
:10F8C00067FD58B12570FFF737FEFFF713FD01996B
:10F8D00042A8FFF715FD0DF5037D30BD164C2378CA
:10F8E0003BB101A942A8FFF7A1FD10B1002323708D
:10F8F000E9E7124B1B786BB102A8FFF7E7FD48B1AF
:10F90000FFF7B4FCFFF718FEFFF7F4FC02A812F0B3
:10F910003FFBE0E70A4B1A7832B10A4A4FF4807194
:10F9200002A811F0D7F8EDE7FFF706FED3E700BF16
:10F9300028440020244200202542002026420020A6
:10F9400027430020EBC9030008B538B9064907482A
:10F9500012F068FEBDE80840FFF798BFBDE8084018
:10F960000349024812F05EBE79A0030081A00300A3
:10F970009BA0030070B503788AB004460E4607AD1D
:10F98000032B20D8DFE803F002191B1D114928467C
:10F99000FCF7EDF9059563780493A3780393E37876
:10F9A00002932379019363790093A3790A4A1E2174
:10F9B000304611F08FF80AB070BD0849E7E70849F2
:10F9C000E5E70849E3E7084A0A21284611F082F8EA
:10F9D000E0E700BFA4A00300C6A00300ABA00300A3
:10F9E000B2A00300BCA0030093C7030030B589B0E8
:10F9F0000C46054614F0E2FD6946FFF7BBFF34B143
:10FA000014482246694612F00DFE09B030BD4FF091
:10FA1000FF304FF0FF31FFF787FD0F4B1C780134AB
:10FA2000E4B21C70FFF788FD224669460B4812F0CD
:10FA3000F9FD0B49284614F0C3FD0146094812F0B0
:10FA4000F1FD0949284614F0FFFD0146074812F070
:10FA5000E9FDDAE7E9A003002A44002010A1030031
:10FA6000DC07002031A10300D407002053A10300CC
:10FA7000F0B5144D144E154F0FCD89B003AC0FC423
:10FA80002B6823600A2507F0D3FC322012F08DFA90
:10FA90000123009303223346394603A807F096FC5E
:10FAA00010F1780F04460AD010F10B0F04D1962004
:10FAB00012F07BFA013DE6D1204609B0F0BD0024EA
:10FAC000FAE700BF347D0300C404002088800300EF
:10FAD00070B588B00D4614F071FD6946FFF74AFF16
:10FAE0004FF0FF304FF0FF31FFF71EFD164A13783D
:10FAF0000BB1013B13701678FFF7B8FB134B0024D2
:10FB00001C70134B1C70FFF717FDFFF7F3FB6946E2
:10FB1000104833462A4612F085FD0F4B1C700F4BE0
:10FB20001C70FFF7A5FF044601460D4812F07AFD50
:10FB30003CB1783405D00B484FF4005200230FF04D
:10FB400011FF08B070BD00BF2A44002025420020EC
:10FB5000244200207CA103002844002029440020E6
:10FB6000AEA103001818002010B5FFF781FF04466E
:10FB70000146074812F056FD4CB1783407D0BDE875
:10FB8000104004484FF4005200230FF0EBBE10BDAC
:10FB9000C8A10300181800202DE9F047304FDFF806
:10FBA000C480DFF8C4904FF0FF324FF0FF33384687
:10FBB0000FF01EFC04460028F5D098F80030002B0A
:10FBC0003FD14FF0FF304FF0FF31FFF7ADFC99F818
:10FBD0000050FFF7B1FC6DB3042604F1080AA288B7
:10FBE0005146002002F086FE054670B310F1800FEA
:10FBF00020D000F10C03012B02D910F1100F06D117
:10FC00000220013E12F0D1F916F0FF06E7D1174AA3
:10FC1000136801331360164B1A68322101321A60DF
:10FC2000B2FBF1F301FB1323012B03D11148294649
:10FC300012F0F8FC1048214617F0B4F810F006F95D
:10FC4000B1E7012012F0B1F9B7E70C4A13680133AC
:10FC500013600B4A636811680B441360EAE700BF46
:10FC6000D8080020274400202A440020D03000205B
:10FC7000DC300020E1A1030030080020D430002057
:10FC8000CC300020014B1888704700BF3C39002061
:10FC9000014B1878704700BF2D44002038B504464A
:10FCA00078B1084D4FF0FF304FF0FF31FFF73CFCCB
:10FCB0000FCD0FC40FCD0FC42B682360FFF73CFCA2
:10FCC000012038BDF430002010B5A6B0044605A8C8
:10FCD000FFF7E4FF05A88DF82040FEF781FF0F4AEB
:10FCE0000F4B002C0F4C18BF1346B0FA80F00E4A91
:10FCF0000EBF0021224601219DF8354000914009A8
:10FD0000CDE901206021094A03940EA810F0E2FE1B
:10FD10000EA812F03DF926B010BD00BF4FA8030099
:10FD200057A8030008A203004BAA030010A2030077
:10FD300070B586B0044616220021684617F05BFDB8
:10FD4000002C57D001238DF80030A3788DF80130B6
:10FD50002379032B18BF00238DF802300023CDF840
:10FD60000530637B8DF80930A37B8DF80A30238A38
:10FD7000ADF81030638AADF80C30A38AADF80E30C0
:10FD80002388ADF812301D4B4FF0FF301B788DF8F3
:10FD900014304FF0FF31FFF7C7FB194B6A4604AE32
:10FDA000154603CDB542186059602A4603F1080391
:10FDB000F6D128681860AA889A80124B124E012248
:10FDC0001A700FCC35460FC50FCC0FC523682B60BA
:10FDD0009DF802303371FFF7AFFB69460B481622DE
:10FDE00002F044FB014610B1094812F01BFC002050
:10FDF00006B070BD6FF01500FAE700BFF2070020F3
:10FE0000263900202C440020F430002039A20300C1
:10FE10004DA203002DE9F04F1546ADF5197D1AB33B
:10FE2000BF2A28BFBF2528AC2A46204617F0BBFCB6
:10FE3000002363558C49621912F8013D093BDBB27E
:10FE4000172B09D841FA03F313F0010304D1013D44
:10FE5000ADB21370002DEFD184492046FBF77DFF32
:10FE600030B9834812F094F80DF5197DBDE8F08F94
:10FE700080492046FBF771FFB0B94FF0FF304FF0DB
:10FE8000FF31FFF751FB7C4B1A784AB17B4A4FF4A4
:10FE9000807158A810F01EFEFFF74EFB58A8E1E74E
:10FEA000FFF74AFB7648DDE776492046FBF755FF2A
:10FEB00040BB1FA8FFF7F2FE9DF87F109DF8893028
:10FEC0009DF88A00BDF88C40012919D06E4A6F4D0B
:10FED000022918BF2A469DF89D100691BDF8921080
:10FEE0000591BDF890100491BDF88E10CDE9000485
:10FEF000CDE90221664A802158A810F0EBFDCDE73C
:10FF0000644AE8E764490622204617F09DFBB0B931
:10FF10001F900DF1A603184613F8012B202AFAD0E2
:10FF2000092AF8D01FA9FEF741FE08B15B4899E7FE
:10FF30001F9B5B4A302158A810F0CCFDAEE7594911
:10FF40002046FBF70AFF40B9FEF72AFE564A574BF8
:10FF500000280CBF1046184684E755490522204664
:10FF600017F072FBE8B90DF1A5031C4613F8012B3D
:10FF7000202AFAD0092AF8D04E492046FBF7EDFE98
:10FF800020B90120FEF7FAFD48486BE74A492046B0
:10FF9000FBF7E3FE18B9FEF7F1FD434862E7474877
:10FFA00060E747492046FBF7D8FE20B14549204687
:10FFB000FBF7D3FE88B9FEF72DFDFEF719FD0122F0
:10FFC000CDE90222404A0192404A00920346404A4B
:10FFD000A02158A810F07EFD60E73E49042220468B
:10FFE00017F032FB30B13C490822204617F02CFBB9
:10FFF00000287FD12378432B0CBF29AB2AAB1846AE
:020000040002F8
:1000000013F8012B202AFAD0092AF8D01FA9FEF7ED
:1000100057FD08B1314825E79DF87C0002281DD81E
:100020002F4B1C78002C40F06382FEF735FD4FF01B
:10003000FF304FF0FF31FFF777FA2A4B1C702A4B45
:100040001C70FFF713F9FFF777FAFFF753F99DF8E4
:100050007C00FEF7CDFC254A034603E0FEF7C8FC12
:10006000234A0346502166E7ECFF7FFFA8A2030066
:10007000ADA20300C1A2030027430020EBC9030087
:10008000B2A20300BCA20300CA930300DA930300E8
:10009000C8A20300D193030016A303001DA303000D
:1000A00040A3030054A303008EA203007DA203001B
:1000B0005AA303008BA203009CA2030060A30300C9
:1000C00076A303007BA30300DAA30300E0A30300ED
:1000D00086A30300EDA30300E9A30300F2A303003A
:1000E00028440020244200202542002035A403009B
:1000F00010A40300A3490522204617F0A5FA0546DF
:1001000000284BD11B901CAA1BA90DF1A50011F0D2
:1001100006FF002834D01B981DAA1BA911F0FFFE72
:1001200070B31B981EAA1BA911F0F9FE40B31B98CF
:100130001FAA1BA911F0F3FE10B31B9B1A46FBB1BB
:100140001978202903F101031CD009291AD005B11F
:100150001B921378A3B91C9CFF2C11D8DDE91D5606
:100160001F9F32463B462946E0B2FDF76FFD58B16E
:10017000854A00902346602158A810F0ABFC8DE61C
:1001800082486FE60546D9E7CDE90167804A0095C8
:100190002346602158A810F09DFC7FE67D4920464B
:1001A000FBF7DBFD58B9FDF76BFD034610B17A4A4A
:1001B0004021C0E611F036F8784A0346F8E778495E
:1001C0002046FBF7CAFD50B9FDF77AFD034608B19A
:1001D000744AEDE711F026F8734A0346E8E77349DD
:1001E0002046FBF7BAFD054630BBFDF727FD704EF4
:1001F000704B714F002818BF1E462C4611F012F8A4
:10020000E5B2A84203D86D4A3346602193E62846FA
:10021000FDF76CFD70B1C2680378029282680192AA
:100220004268009260213A4658A810F053FC58A842
:1002300011F0AEFE0134E1E761492046FBF78DFD88
:1002400000BBFEF7E7FB05461FA8FFF727FD5D4C47
:100250009DF880605C4BBDF87C709DF87E802846E0
:10026000032E18BF1C46FEF7C3FB584B0693584B92
:10027000584ACDE90403CDE90246CDE90078564B52
:10028000B02139E655492046FBF767FD002848D1E3
:100290001FA8FFF703FD9DF87E300F93BDF87C305B
:1002A00010939DF87F309DF889709DF88A80BDF885
:1002B0008C90012B33D04A4C4A4A022B18BF14466B
:1002C0009DF8806040483F4DBDF89230259A9DF8DA
:1002D0009D10139312921191BDF88EA0BDF890B0AD
:1002E000032E18BF0546FEF795FBFEF781FB139B17
:1002F0001199129A0991CDE906B3109B0892CDE9A4
:100300000B600093CDE9044ACDE902890F9B364A80
:100310000A950197C02158A810F0DCFBBEE5254CDA
:10032000CEE732492046FBF718FD002862D11FA80E
:10033000FFF7B4FC9DF88010224B234A9DF87F0004
:100340009DF888409DF889509DF88A60BDF88C70B2
:10035000032918BF1346012811D0214ADFF884C0B1
:10036000022818BF6246CDE90472CDE90014CDE938
:1003700002561F4A802158A810F0ACFB8EE50D4AAA
:10038000F1E700BF50A403005FA4030056A40300DC
:1003900076A4030097A40300A3A40300BAA4030057
:1003A000CEA40300D9A40300EFA4030002A5030018
:1003B000A0A20300D19303000EA5030022A5030011
:1003C0003AA50300068A03004FA803009EA5030078
:1003D000ACA5030042A50300848B0300B9A503006C
:1003E000CA930300DA930300C4A5030055A60300D3
:1003F0005BA6030087490522204617F025F900284F
:1004000040F0AC800DF1A5021378202B154602F1C7
:100410000102F9D0092BF7D0002B63D07E49284682
:1004200017F0DDF8044600285FD07C49284617F015
:10043000D6F80446002858D07949284617F0CFF856
:100440000446002851D07749284617F0C8F80446DA
:1004500000284AD07449284617F0C1F804460028FD
:1004600043D07249284617F0BAF8044600283CD019
:100470006F49284617F0B3F8002835D06D49284653
:1004800017F0ADF8002835D06B49284617F0A7F8CB
:1004900080B36A49284617F0A2F858B3684928463D
:1004A00017F09DF8044600B36649284617F097F800
:1004B0000446D0B16449284617F091F80446A0B12B
:1004C0006249284617F08BF8044670B16049284607
:1004D00017F085F8044640B15E49284617F07FF8CA
:1004E000044610B15C48BDE400245C4B1B781BB192
:1004F0005B48B7E40324F8E71FA8FFF7CFFB1FA86A
:100500008DF8804011F061FD163001D15548A9E405
:100510001FA8FFF70DFC06461FA8FEF761FB054666
:100520000EB151489EE44FF0FF304FF0FF31FEF71F
:10053000FBFF4E4B1E704E4BB5FA85F51E70FEF755
:1005400095FEFEF7F9FFFEF7D5FE394A394B6D09E6
:10055000032C18BF13460095464A0CE6464908226C
:10056000204617F071F8002836D11F902AAA137878
:10057000202B154602F10102F9D0092BF7D00BB957
:100580003E486FE40A221FA9284610F045FB0446A6
:100590001F9A002AF4D01378202B12D0092B10D0E8
:1005A000AA42EDD0002BEBD1FF2CE9D8E6B23046C1
:1005B00011F032FD05463046FEF748FB25B13048C4
:1005C00050E401321F92E3E7B0FA80F25209009240
:1005D00023462C4A4021CFE52B490422204617F020
:1005E00033F8002840F06881012200231E92274939
:1005F0001D9315AA28A8CDE91533CDE91733CDE908
:100600001933CDE91B33589311F0A7FC002841D1D1
:100610001F4827E4A6A60300ACA60300B2A6030069
:10062000B5A60300BDA60300C4A60300C8A6030028
:100630004FA80300068A030057A80300D0A60300B2
:10064000D5A60300DBA60300DEA60300E8A6030090
:10065000EEA60300F3A60300FBA603002844002037
:1006600028A4030004A7030014A7030024420020C9
:100670002542002023A703003BA7030044A7030053
:1006800051A7030064A7030080A7030085A7030008
:100690008AA70300B54916AA28A811F05EFC002815
:1006A000B6D0B34917AA28A811F057FC0028AFD03C
:1006B000B04918AA28A811F050FC0028A8D0AE49CB
:1006C00019AA28A811F049FC0028A1D0AB491CAAFE
:1006D00028A811F042FC00289AD0A9491DAA28A8F0
:1006E00011F03BFCA7491BAA28A811F036FCA6492B
:1006F0001AAA28A811F031FCA4491EAA28A811F0B2
:100700002CFC58AAA24928A811F027FC159A0F9290
:10071000FF2A3FF67DAFDDF858B0BBF1FE0F3FF684
:1007200077AFDDF85CA00AF1FF33FE2B3FF670AF28
:10073000189C4FF6FE73611E99423FF669AF199FF0
:10074000791E99423FF664AFBC42FFF461AF1A9E36
:10075000B6F5803FBFF45CAF4FF47A7363439E42BB
:100760003FF656AFDDF86C90B9F5803FBFF450AF5F
:100770001E9D012D3FF64CAFDDF86081B8F1030FEF
:100780003FF646AF1FA8FFF789FA02238DF87F30A6
:100790000023CDF8833005F00103B8F1030F8DF885
:1007A00088301C9B0F9AADF88E4014BF4FF00008A4
:1007B0004FF00308259301241D9B8DF87E201FA870
:1007C0008DF880808DF889B08DF88AA0ADF88C9076
:1007D000ADF89070ADF892608DF89C408DF89D302A
:1007E00011F0F3FB00287FF413AFB8F1030F18D119
:1007F0004FF4C8111923CDE923138DF87F00ADF80C
:1008000088008DF88A402590ADF89C001FA8FFF75E
:100810008FFA04461FA8FEF7E3F9E4B15D48FFF73D
:1008200021BB9DF88A3033B1BDF88E301BB1BDF8C5
:100830009030002BEAD10123ADF888300A238DF8DF
:100840008A304FF420220923CDE923230023259366
:10085000ADF89C30DAE79DF88830DFF83C819DF8F0
:1008600089209DF88A10BDF88C40BDF88E50BDF8E7
:100870009060BDF892709DF89DC0002BB0FA80F09A
:10088000464B4FEA50100ABF43464FF0010E4FF05F
:10089000000ECDE90021CDE908E3CDE906C0CDE9A0
:1008A0000467CDE902459DF87E303D4AC02158A835
:1008B00010F010F9FFF7F2BA3A492046FBF74DFA6B
:1008C00020B90120FFF700FAFFF7CEBA36492046DB
:1008D000FBF743FA0028F5D034492046FBF73DFAF0
:1008E00010B93348FFF7BEBA32492046FBF735FA54
:1008F00070B9314B1B7813B13048FFF7B3BA304BA6
:100900001B7813B12F48FFF7ADBA2F48FFF7AABAEB
:100910002E492046FBF721FA0546C8B94FF0FF30B3
:100920004FF0FF31FEF700FE254A01231370224AE3
:100930001370274B1D70274B1D70FEF797FCFEF7B9
:10094000FBFDFEF7D7FCFEF7DBFD2348FFF78ABA75
:1009500022492046FBF701FA054600285AD1184BD8
:100960001B78002B3ED11E48FFF77CBA92A70300EC
:1009700098A703009FA70300A7A70300AFA7030042
:10098000B6A70300BBA70300C1A70300CCA70300C1
:10099000D1A70300D8A703004BAA030008A20300B5
:1009A000E6A703004BA8030053A80300E1A9030036
:1009B0005CA80300E6A9030028440020F1A9030075
:1009C0002944002002AA030012AA030023AA03005C
:1009D00024420020254200202FAA030039AA030048
:1009E00043AA03004FF0FF304FF0FF31FEF79CFDAC
:1009F000184B01221A70184B1D70184B1D70FEF712
:100A000035FCFEF799FDFEF775FCFEF779FD1448FD
:100A1000FFF728BA13492046FBF79FF930B90D4B71
:100A20001870114B18701148FFF71CBA1049204676
:100A3000FBF793F950B90F4811F0AAFA41F234329A
:100A400000230D480EF08EFFFFF70EBA0B48FFF79C
:100A500009BA00BF2844002024420020254200207B
:100A600051AA03005EAA03002944002069AA0300DA
:100A700077AA03007EAA03007818002088AA030042
:100A8000014B1870704700BF27440020014B1878B5
:100A9000704700BF2844002010B588B03F4816F0CA
:100AA000B9F94FF0FF304FF0FF31FEF73DFDFEF793
:100AB000EBFBFEF741FD00220023CDE906230024D5
:100AC0000723CDE90334CDE90144354B3549009482
:100AD0004FF4C06234480EF089FF3449324816F0B2
:100AE00079FB3349334816F020FB3349334816F07D
:100AF0001CFB3349334816F018FB334811F092FDC4
:100B0000324811F08FFDFEF70FFE204605F008FE7B
:100B1000044601462E4811F085FD34B12D4821468A
:100B200011F080FD002008B010BD2B4811F07AFDB7
:100B300012F0AFFA294811F075FDFEF7F5FD2849CE
:100B4000284811F06FFD284811F06CFD274801F08E
:100B5000C5FE04460146264811F064FD14B125483F
:100B60002146DDE7244811F05DFDFEF781FF0446D4
:100B70000146224811F056FD4CB12148214611F0A2
:100B800051FD10484FF4005200230EF0EBFE1D4BB8
:100B900013491D4801221A70C2E700BFE03000204F
:100BA00099FB010068480020A818002094AA0300BF
:100BB0007DF3010078180020FDF70100481800209F
:100BC00069FB010018180020A3AA0300BBAA0300B8
:100BD000D4AA0300EDAA030006AB030023AB030075
:100BE0002E4400203FAB03006DAB0300B80400208F
:100BF00085AB03009DAB0300BEAB0300D9AB030084
:100C0000F2AB03002B44002014AC03002DE9F043A9
:100C10000446ADF5017D002800F0CD804FF0FF3097
:100C20004FF0FF31FEF780FC2346644A64484FF4DE
:100C300080710FF04FFF634B1B783BB9FEF77CFCD4
:100C40006FF012000DF5017DBDE8F0835E4B1D785D
:100C500025B1FEF771FC6FF00F00F3E75B495848D0
:100C60005B4E16F003FD3478F8B95A49544816F033
:100C7000FDFCD0B95849524816F0F8FCA8B95749BC
:100C80004F4816F0F3FC80B9002C48D14FF4807126
:100C90004B4B4A4A0DEB01000FF01CFFFEF74CFCDA
:100CA00040A811F075F90020CCE74548FBF767F83C
:100CB000002C4BD14248FBF762F837780446D0B19C
:100CC000DFF81C81D8F8003047B15A1C1118FF29F1
:100CD0004DD8C8F80020434A7C21D154D8F8009060
:100CE00040483749621C48444C44013716F05BFDCC
:100CF000C8F8004037703378072B03D8384A126899
:100D0000DB2A53D940A8FEF7E1FB002841D1FEF7CA
:100D100013FC002DC7D0FEF7EDFA6846C1E7684620
:100D2000FEF7D4FB0028B1D04FF48071FEF79EFA95
:100D30000DEB0100224B214A0FF0CCFEFEF7FCFB2D
:100D4000FEF7D8FA684611F023F9A9E7072C05D871
:100D5000234B1B6801331844DC28ABD96846FEF7E7
:100D6000B5FB0028A6D0FEF781FA0546A2E7684643
:100D7000FEF7ACFB0028D7D14FF48071104B0F4A1F
:100D80000DEB01000FF0A6FEFEF7D6FB002D87D07D
:100D9000D6E7FEF76BFAFEF7CFFB25B1FEF7AAFA0E
:100DA000684611F0F5F8FEF7A5FA79E7012BAED108
:100DB000FEF78CFAABE76FF0150043E7EBC90300D1
:100DC000274300202B440020284400202FAC0300A0
:100DD000264200203AAC03003EAC030042AC0300C4
:100DE000C83000202742002010B5094C0A44914227
:100DF00000D110BD11F8013B584003090001E35C2C
:100E0000C0B2434018091B01205CDBB25840EEE73A
:100E10004EAC03002DE9F04F91B08407009302F02F
:100E200004030293C2F3C20303F10103DDF86890E7
:100E3000039205460E46059340F0BA81041D30B179
:100E4000072909D86FF01B0011B0BDE8F08F01F041
:100E50000706341DC6F10806009B4FF00008591E16
:100E60004FF0040A4FF0FF330193CDF8108047464E
:100E7000C34653460DB1009A22600598002800F33E
:100E8000E8809848009A824203D397488242C0F093
:100E9000E080039AA4EB050E92074FEA9E0000F152
:100EA00003810F2F00F2B180002D00F0058107F1C2
:100EB00040020DEB020C019A0CF8200C0CF8102CDF
:100EC000049801300490E7E07A285DD84B280ED8CA
:100ED000472859D829282DD8252852D054D8202839
:100EE0007AD02338D0F1000B4BEB000B74E04C3878
:100EF0002E2849D8DFE800F070484848484848485C
:100F0000484848484B484848484848484859484B4A
:100F10004B595959704B6D487048184B18484882C6
:100F20007F4B48484B487F0000204FF0000B4FF0AC
:100F3000040A38E02A38C0B2012202FA00F010EAAE
:100F40000E0F49D110F0625C2FD110EA020B43D092
:100F50006046013C5444B4FBFAF40AFB04F4002D4F
:100F600061D0A3EB050CA444B4453FF66BAF002859
:100F700068D1042B47D159F8043B2360043404237F
:100F80002AE0019A013A01924FF0000B24E011F897
:100F9000010C6C2834D111F8023C00206C2B8346E4
:100FA000C5D14FF0080A5346D3E709F1070929F0E4
:100FB00007090734F9E802AB24F0070435B10698B5
:100FC0002044B0423FF63EAFC4E900AB08344FF0D6
:100FD000000B4FF0080A534611F8010F002878D093
:100FE000BBF1000F7FF470AF2528F5D1019B0133D1
:100FF00001934FF0010B4FF0040AECE7584694E7D9
:1010000000208346A5E7082B02D06FF015001BE7F0
:1010100009F1070929F00709F9E80223C4E90023C7
:1010200008340823D8E768B9042B02D109F1040970
:10103000A4E7082BE9D109F1070929F0070909F10B
:101040000809EDE7059A013A059259F8042B009238
:1010500010E7039A900720D5A4EB050E4FEA9E00F7
:101060004FF0010CBEF5007FCFD20F2FCDD8F5B1D8
:1010700007F140020DEB020EC0B2019A0EF8200CEF
:101080000EF8102CBCF1000F3FF41AAF60F07F0097
:101090000EF8200C08F101080137C5F108020434EC
:1010A00006924FF6DA7E97E74FF0000CDAE7BCF1D4
:1010B000000F01D00136EFE7029802360028EBD18D
:1010C0000098CDE90631FAF75AFEDDE9063106440B
:1010D000E2E7631BB3F5806F97D23DB9A6F1080430
:1010E000E018B1E62C7803009CD00300029A286037
:1010F0009B082B709DF81030C2B1EB7085F8028010
:10110000B8F1000F05D008A80022C5F1010C9742E4
:101110000ED1C5F101030DF120094FF0000A019332
:101120000DF1300B574512D1601B8DE66B70E5E772
:1011300010F8013B190608D504EB0C0EB64503F078
:101140007F033FF67FAE04F8013B0132DFE7B8F1E1
:10115000000F03D099F90020002A17DB029BD3B1BE
:101160001AF80B2004F8012B0022019B9818204448
:10117000B0423FF667AE99F8000004F8010B009901
:101180000392204616F00FFB039A14440AF1010A59
:1011900009F10109C6E799F8002055F822300093BB
:1011A000029B45F822300098FAF7E9FD421CDCE783
:1011B0006FF00D0048E600BF014B1860704700BF9C
:1011C000CC04002080B505460E46174698460EF022
:1011D000DDFE034616F020FBDFF81890044649F8C0
:1011E0000030424630463946A84754F8090001F01D
:1011F000F5FF00BF0800000008B50446EFF31183B7
:10120000402383F31288BFF36F8F0BF0A5F92046BC
:1012100001F08EFF024811F005FA12F090FAFCE797
:101220006FAC03002DE9F043079D15B91560002050
:1012300012E00324B5FBF4F404EB4407BD4218BFED
:101240000134B4F1804F09D2A40001348C4200D89B
:1012500038B914606FF00B00BDE8F0834FF0FF3435
:10126000F7E7DFF8BCE004460021B94203F1030CC4
:1012700004F104062CD3A942274624D21F7801F199
:10128000010CAC45264938BF5B784FEAA70E28BF52
:10129000002311F80EE084F800E0AC4501EB131ECA
:1012A0003CBF9B0003F03C034FEA071707F03007F1
:1012B00038BFCB5C1EF80770677028BF3D23A37052
:1012C0003D23E3703746381A002310603B70AEE7C9
:1012D0001CF8034C1CF8023C1CF8018C4FEAA409D2
:1012E00024011EF8099006F8049C04F030040EEB6B
:1012F00013199B0019F8044006F8034C03F03C0353
:101300000EEB981408F03F08E35C06F8023C1EF868
:10131000083006F8013C033134466346A5E700BFB8
:1013200098AC03002DE9F047058B0446280790464A
:1013300011D4022905F0070540F0CC80204611F0B9
:101340008BF978B10138218B042811D8DFE800F03F
:10135000C2106D85950001290CBF45F0100545F0C0
:101360002005258388F31188BFF36F8FBDE8F087D0
:1013700001F0070AAA4500F0A5800027B9463E46BD
:10138000A368002B00F0BC8041F00801218388F3A2
:101390001188BFF36F8FA168002900F0BA800D6833
:1013A000002900F0B680D1F804803346524620462A
:1013B000C047002D76D02B6829461D46F0E701F086
:1013C00007035A1F012A1BD8002221F00701062B10
:1013D000276889B2C4E9002209D13B4603E0628B49
:1013E000013262831B68002BF9D141F00201218395
:1013F000204611F031F900287AD041F0200176E042
:10140000042B0AD121F0070189B22183204611F073
:1014100023F910B141F020012183218B01F0070A4B
:10142000AA454FD00027B946AAE7236921F0070152
:1014300041F00601062DD3F8009021832DD1B9F19A
:10144000000F3FD041F00801218388F31188BFF3DA
:101450006F8F3A492046C84729E021F007012369E8
:1014600041F0040189B2042DD3F804902183E6D021
:1014700000273E464FF0040A82E721F00701236966
:1014800041F0050189B2052DD3F808902183D6D00B
:1014900000273E464FF0050A72E700273E464FF010
:1014A000060A6DE72B4687E7B9F1000FD1D1EFF3BC
:1014B0001188402383F31288BFF36F8F238B23F0AF
:1014C00008032383258BEA062ED525F010032383FA
:1014D00005F007056669218B002EBFF670AF00236B
:1014E0002768C4E9003321F0070141F0010121839D
:1014F000218B01F0070AAA454FF000097FF440AFA5
:10150000002F9CD041F00801218388F31188BFF39C
:101510006F8F002FC8D03D6839463346524620466B
:1015200011F0C6F82F46F4E7AB067FF51BAF25F0A8
:101530002003238305F0070500E700BFDD26030035
:101540002DE9F7430F4606460821C06ADFF85090A0
:1015500011F0E1F93C68241A80463C6004EA090570
:10156000AC4203D8002003B0BDE8F08308236A46EC
:101570002146304611F057F90028F4D1694630462B
:1015800011F0D3F940B1BDF80230BDF804203C6041
:1015900005EA090513441D44A4EB0804E0E700BF75
:1015A0000000FFFF73B504460821C06A124E11F017
:1015B000B2F94FF6FF726368ADF800208DF806208F
:1015C000A289191833401344181A00256060684630
:1015D000ADF80210ADF8045011F084F969462046C8
:1015E00011F063FA2046211D11F056F96368284670
:1015F0003340A36002B070BD0000FFFF2DE9F0474B
:1016000004468CB000F11407384615F003FCA06ABC
:101610008368DB6898470346E06230B9934A0090DC
:10162000CDE90102924901220FE0A06A8368DB68DC
:1016300098470368013B1F2B0FD98E4B0293002361
:10164000CDE900338A490122184611F054F96FF0B0
:10165000150528460CB0BDE8F087A06A216809AAE4
:1016600014F01EFA08B1844BE8E7A5892DB10A9B56
:10167000B5FBF3F203FB12550DB1804BDEE7E389B6
:10168000012B05D87E4B0095CDE901532B46C9E7C8
:10169000E36A049593F805904FF0FF334FF0FF3263
:1016A00038460DF0F1FDE06A082111F034F9A84642
:1016B0000646E3891FFA85FA534508D8E38943456E
:1016C00023D138460DF058FE6FF02C05C1E7A189F3
:1016D0002B04891B13FA81F14A4608232046049102
:1016E00011F0AFF878B104A9204611F0D5F808F14F
:1016F0000108049908234A4620461FFA88F811F089
:10170000A0F80028DAD00135D3E753450BD104996E
:1017100008234A46891B204611F093F818B904A9FA
:10172000204611F0B9F804A92046FFF709FF054645
:1017300018B138460DF020FE8BE7049B63604FEA3A
:1017400013484FEA0848C4F80880D4E901139942C5
:101750000FD3082305AA204611F065F80546002896
:10176000E7D105AB13F8012B914535D10135082D93
:10177000F8D163681B0C1B0404A92046049311F0E4
:101780008BF8A38904994A46204611F05AF8051EA1
:10179000CFDB636800F0868006EB03084FF6FF7925
:1017A000A389CDF810801FFA88F29B1B9A422FD391
:1017B00000236168002B44D0090C090404912046E1
:1017C00004A911F069F80499204611F072F8054651
:1017D000002D00F08380ACE705A9204611F0A5F8A4
:1017E000626810B9921B6260AFE7BDF81850BDF88F
:1017F0001610E06AC4F80880294411F08CF84044BF
:101800009042A060EED1002DECD06FF01C0576E088
:10181000082307AA4146204611F005F8054600288E
:1018200087D107A9204611F080F830B1BDF81C30EF
:101830004B4502D1BDF820300BB1B044B0E70123D5
:10184000B7E7204611F035F8054600287FF471AF60
:1018500063680C4AA18913400B44A3EB4603636001
:101860001340A360204611F048F9B0E7ECAC030048
:10187000207C03000EAD03002BAD030043AD03003D
:1018800057AD03000000FFFF5B1A4A46204610F0E8
:10189000D8FF051EFFF64DAF08D0E26AA3681268B4
:1018A0001344A360D4E901318B42EDD86168A38968
:1018B00001EB46029A428BD1DFF85080A26801EA20
:1018C00008039A4284D0204610F0F3FF0546002812
:1018D0007FF42FAF636803EA0803A360A389A2889B
:1018E000A3EB46039A4206D038460DF045FD01238E
:1018F00023740025ADE6204611F0E8F80546384689
:101900000DF03AFD002DF2D0A3E600BF0000FFFF6E
:101910002DE9F04F1D4695B0037C069104460492D4
:1019200073B9664A66490093CDE90132184601222F
:1019300010F0E1FF6FF00C06304615B0BDE8F08FF7
:10194000C26A0821104610F0E6FF294605901046AD
:1019500010F0E1FFA389059AA3EB8203AB4207468F
:10196000C0F0A9801DB1049B002B00F0A480636827
:1019700009930AAA09A92046DDF824A011F012F85B
:1019800006460028D8D1BDF82830069A934206D0E2
:101990006268099B9A42ECD1002D36D1CCE70AA9A6
:1019A000204610F0C2FF0028F2D0BDF82A80BDF812
:1019B0002C3045B39D4228D1E36ADDF810B01B6896
:1019C0004FEA1A4A5B424FEA0A4A03F02003D04426
:1019D0000793AA46DDF81C90D14528BFD1464B4657
:1019E0000CAA4146204610F01EFF00284AD14A4664
:1019F0000CA9584615F0E3FD38B9BAEB090AC844FA
:101A0000CB44E7D198E7002B96D0002F3DD1B846C4
:101A100004F1140A4FF0FF324FF0FF3350460DF03F
:101A200033FCE3899E4243D0A168626808EB01035E
:101A30009A422FD3069BADF83030FF238DF8363015
:101A4000049AADF832102B462046ADF8345010F011
:101A5000F3FF29460746E06A10F05DFFA3680344E0
:101A6000A36057B90CA810F03DFF0CA9204611F057
:101A70001CF8002814BF07462F4650460DF07CFC8A
:101A80003E4659E7C1DC064656E7059B1F441FFA50
:101A900087F8BDE72046FFF785FD07460028ECD113
:101AA000204611F02AF807460028E6D10136B8E7AB
:101AB0006FF01B07E1E76FF015063DE7D8AC0300B8
:101AC000207C03002DE9F0471E4688B0037CBDF85A
:101AD000409004460F4690466BB92F4A2F49009319
:101AE000CDE901321846012210F005FF6FF00C001D
:101AF00008B0BDE8F087C06A082110F00CFFA38988
:101B0000A3EB4003B34243D3D4F804A0CDF814A010
:101B100000254D455146DDF814A009D963685345A9
:101B20001ED1BDF81830BB421AD06FF00100DFE7BC
:101B300006AA05A9204610F035FF0028D8D1BDF827
:101B40001830BB4206D106A9204610F0EEFE08B1BF
:101B50000135ADB26268059B9A42DAD15146E0E7A1
:101B6000BDF81C30002BE0D0A945DED8BDF81A0026
:101B7000090CB3424FEA014128BF334601444246B3
:101B8000204610F050FE0028B2D1BDF81C00AFE78F
:101B90006FF01500ACE700BFD8AC0300207C030059
:101BA0002DE9F84F81462F480F4611F082F806467E
:101BB00070B92D4CDFF8B4A00546A0464FF0010BDC
:101BC000544507D3B9F1000F02D04FF0010AE5B92F
:101BD000BDE8F88F237B6BB12368DB680BB120462F
:101BE000984723681B6943B9636804221968204633
:101BF00000F0C8F801361034E2E720469847002884
:101C0000F2D00BFA06F31D43F4E7A94695FAA5F4C2
:101C1000B4FA84F40AFA04F3260108EB04146FEA18
:101C2000030B25EA0305237B63B158F806301B69D3
:101C300093B94644042273682046196809EA0B09DF
:101C400000F0A0F8002DE1D127B14FF4A4700021DD
:101C50000EF07EF94D46BAE7204698470028F1D1AC
:101C6000E7E700BF20310020B07C0300C07C030008
:101C7000014B53F820007047A080030008B50346CD
:101C800008462BB1044A136000F082FA002008BD18
:101C90006FF01500FBE700BFD0040020054A06489E
:101CA00000231370054A1360054A4FF40041136086
:101CB000FFF7E4BF4E440020AF2C03001831002092
:101CC0001C31002070B50B4D297841B90120FFF778
:101CD00067FF094C094EB44202D301232B7070BD3B
:101CE00063685B791BB1236820469B689847103472
:101CF000F1E700BF4E440020B07C0300C07C03002D
:101D000010B50446084810F0D4FF5CB1BFF35B8FF8
:101D1000064B53E8001F013943E80012002AF8D1AE
:101D2000BFF35B8F10BD00BF183100201C310020B5
:101D300070B50A4B0A4C1B680A4E05469847A860C6
:101D4000B44200D370BD63685B7923B12368294630
:101D50001B68204698471034F2E700BFD0040020EB
:101D6000B07C0300C07C0300044A054B9B1AB1EB16
:101D7000D30F34BF52F8310000207047707B03004E
:101D8000B07C0300084BC31A10B41B114468013324
:101D9000237143689A7143681960436801225A713C
:101DA00010BC10F0A8BF00BFB07C03002DE9F04FBD
:101DB00087B004AFD7E90EA93D6B04460E469346A3
:101DC0009846BAF1000F1ED0C7F80490CDF80090E5
:101DD00010217A6B53460020FFF71CF8B0F5006F16
:101DE000014611D340F2FF730393194B0293002372
:101DF000CDE9003317490222184610F098FF0C373E
:101E0000BD46BDE8F08F514604F007040BF0070B08
:101E1000E40044EA8B1444EA412444EA05541735AB
:101E20000D4425F00705ADEB050D04ADBAF1000F2B
:101E300007D0CDF800907A6B534605F11000FEF7FD
:101E4000E9FF434622463146284610F057FFD6E7C1
:101E50008EAD0300387C0300406820B1034BC01AEC
:101E600040F3CF0070474FF0FF307047707B0300A6
:101E70000EB403B503AB014653F8042B0448019399
:101E800001F052FC02B05DF804EB03B0704700BFF4
:101E90006B2D0300CA0605D48B064CBF02490349CB
:101EA000FFF7E6BF704700BFC7AD0300C6AD030034
:101EB0002DE9F04F87B004469DF844600D469046EA
:101EC0009946002E00F0A280159B03F0020A03F051
:101ED00001030493159B03F0080B03F4807305932F
:101EE00010F00AFF024600283DD095492046FFF732
:101EF000BFFF0746BAF1000F09D0159B13F0440F3E
:101F000033D190492A462046FFF7B2FF0744049B8D
:101F100053B18D4B8D4953F826208D4B2046002A16
:101F200008BF1A46FFF7A4FF059B002B49D0BBF161
:101F3000000F64D1B8F1000F66D0864942462046B2
:101F4000FFF796FF0546129B3D44002B6DD1149B75
:101F5000002B73D1159BDB0700F1EB801599204610
:101F6000FFF798FFD8E00746C4E77B4B18680028C6
:101F7000CCD07A4B4FF47A7A1B68B5FBF3F54FF46B
:101F80006161B5FBF0F300FB13550AFB05F54FF05B
:101F90003C0CB3FBF1F201FB1231B5FBF0FEB1FBDF
:101FA000FCF300FB1E550CFB13110AFB05F5009119
:101FB000B5FBF0F56A49CDE901E52046FFF758FF8A
:101FC000A4E7BBF1000F1DD0664B674953F82620EC
:101FD0002046FFF74DFF0546B8F1000F05D05D49DB
:101FE00042462046FFF744FF0544B9F1000FAAD04E
:101FF0005E494A462046FFF73BFF0544A3E74FF002
:102000000009E1E75D46E7E745469CE7B9F1010FC6
:10201000129B06D1002B66D1149B002B7CD000258F
:102020000CE0002BF8D052485EE05248129B524917
:10203000224610F0C2FA149B002B6AD0DFF83C81D4
:10204000DFF83C91149F1599102F204628BF1027C8
:10205000FFF720FF4FF0000B5D4547DC139B49461F
:102060001A782046FFF704FF4FF0010B1BF0070F13
:1020700003D141462046FFF7FBFE5F453DD9139B48
:10208000494613F80B202046FFF7F2FE0BF1010B37
:10209000BBF1100FEAD13B49DFF8ECB020464FF01E
:1020A000000AFFF7E5FE5246139B9A5CA2F120015D
:1020B0005F2928BF2E2259462046FFF7D9FE0AF194
:1020C000010ABAF1100F1DD01AF0070F03D14146D3
:1020D0002046FFF7CDFE57455246E5D841462046FB
:1020E000FFF7C6FEEBE7234835469FE7414620460B
:1020F000FFF7BEFE0BF1010BAEE724492046FFF7C8
:10210000B7FEC3E7139B3B441393149BDB1B149351
:1021100098D1002E7FF41EAF6268A1682068D2E9D2
:10212000002310F014FE636800221A6007B0BDE8B7
:10213000F08F074A05492046FFF79AFE0EE700BFD9
:10214000CEAD0300D2AD0300B0800300EBC90300A5
:10215000C9AD0300F7AD0300283100202431002071
:10216000DBAD0300C4800300FBAD0300409203001D
:10217000872D03006B2D03002937020003AE0300F7
:102180004792030005AE030007AE030001AE030053
:10219000074A00210123904206D8064A01B90123CB
:1021A0001360054B1860704740085B000121F2E79F
:1021B00040420F002431002028310020F8B5074F9D
:1021C0000D4604464618B44201D12846F8BD14F81D
:1021D000011BBB6801485B689847F4E7447903003A
:1021E000014B0360002070470C81030070B5114B58
:1021F0001C680D46DCB1104B196800238B4202DBD2
:102200006FF0010070BD224612F8106B864202D0BA
:1022100001331446F2E7E06810B96FF01200F1E7FD
:1022200014F009FD0028F8D02C600020EAE76FF0D8
:102230000C00E7E7240500208481030070B588B016
:1022400005460C46C0B269461646FFF7CFFF002888
:102250001BDB0098C8B1436802938368226801952C
:10226000CDE903360023CDE906230593C56810F0B8
:1022700001FE6DB12846084901AA13F015FC079824
:1022800008B9059B236008B070BD6FF01500FAE730
:102290006FF01200F7E700BF412F030030B544682C
:1022A0000B68A34285B00D460ED90024084B02935B
:1022B0002046CDE9004407492346012210F062FE82
:1022C00020466C6005B030BD4B6801201C44F8E727
:1022D00044AE0300707B0300F0B5836887B004460A
:1022E000002B31D0026AB3FBF2F502FB1535D0E9C1
:1022F00004763DB1006894F82410551B2A46184412
:1023000015F079FAA368E06822683E442B4481689E
:102310004D683146A847054670B11F4B0293002314
:10232000CDE90306CDE900331C490122184610F01F
:1023300029FE284607B0F0BDE3695BB92369A268AE
:10234000134423610023A3600025F2E7535DDB43C0
:1023500053550135A3682268AB42F7D8E06881681D
:102360000D683146A847054658B10D4B03900293BE
:102370000023CDE9003309490122184610F002FE7E
:10238000D7E7E369A16820683246984705460028E8
:10239000D4D0044B0390EAE764AE0300707B0300E3
:1023A00088AE03009EAE03002DE9F04F87B0DDE953
:1023B00010780D4691461E460446E8B1E1B1DAB107
:1023C0004FF0000B0493CDF814B08B680846DB681F
:1023D00098470268B6FBF2F302FB1363824622625F
:1023E0007BB11E4BCDF800B0CDE901B35B461C4973
:1023F0000122184610F0C6FD6FF00D0007B0BDE8D1
:10240000F08F04AA1749284613F04EFB059A002ABC
:10241000F2D007EB08039A4205D3216AB7FBF1F328
:1024200001FB13732BB1104B02930023CDE9003352
:10243000DDE7C4E90096E5602361A3606761B8F158
:10244000000F01D1A2EB0708129BC4F81880E361CA
:102450009AF8053084F824300020CFE7B2AE0300AC
:10246000707B03009D220200E9AE03002DE9F041DC
:102470000F4B1C6805460E461746ACB14FF0FF32B5
:102480004FF0FF330B480CF0FFFE63683246D3F881
:10249000088029463B462046C047044605480CF0C4
:1024A0006BFF2046BDE8F0816FF00104F9E700BF43
:1024B00058310020AC08002000230360044B5A6808
:1024C00012B9C3E90000704710605860704700BF40
:1024D0005C310020014B1860704700BF583100206C
:1024E00030B585B000230546CDE9023301904FF0A9
:1024F000FF330C484FF0FF320CF0C6FE0A4B1C684D
:102500004CB9284600F0C8F8044606480CF034FFE1
:10251000204605B030BD636820461B6801A9984776
:102520002468EDE7AC0800205C310020024B00225B
:10253000C3E90022704700BF5C3100207FB50BABC0
:1025400005930393054B02930023CDE90033012249
:102550001846FFF72BFC07B05DF804FB0AAF030039
:10256000024B0022C3E90022FFF7E0BF64310020E4
:102570002DE9F74307460C4609B100230B601F4DB8
:10258000DFF87C9000264D450FD31E4B1D6885B3A8
:1025900055F8148C01AA41463846143D10F07CFDD4
:1025A00010B3D6B914BB2E461EE0D5F8008001AAA0
:1025B0004146384610F070FD50B116B954B92E4658
:1025C00006E031680022404610F066FD0028F5D193
:1025D0001435D8E7019B2360F1E7316800224046BB
:1025E00010F05AFD0028DDD16D69D0E7019B236012
:1025F000D9E7304603B0BDE8F08300BFC07C0300DC
:10260000FC7C0300643100202DE9F04188B00446D1
:10261000DDF8388007900D4616461F46B8F1000FCA
:1026200007D0D8F80010F1B9D8F804E0BEF1000FD7
:1026300022D107A92046FFF79BFFC8B1D0F8088038
:1026400007983B4632462946C04788B1104B029353
:102650000023CDE90340CDE900330E49012218469D
:10266000FFF76CFF04E007AA10F016FD0028DBD18D
:10267000002008B0BDE8F081D8F8083007980E9324
:1026800032463B462946F44608B0BDE8F041604773
:102690000AAF0300987C0300F8B5184C184F0646A3
:1026A0000025BC4208D3174B1C682CB3143CB6B9A8
:1026B000E368E3B96469F8E72EB9E3685BB92846D3
:1026C00014340546EDE720680022314610F0E4FCA2
:1026D0000028F2D1F3E79847002DF0D1F0E7206809
:1026E0000022314610F0D8FC0028E1D1E2E79847FB
:1026F000002D08BF0546DDE72846F8BDC07C030075
:10270000FC7C03006431002038B50C4D0C484FF0C0
:10271000FF334FF0FF320CF0B7FD2B783BB9FFF7DA
:102720001FFF00F06DF8044610B901232B70002440
:1027300003480CF021FE204638BD00BF5044002065
:10274000AC0800202DE9F047048FDFF8B0A0013479
:1027500098B006468946A4B200F10807651EADB2DE
:10276000B5F5004F47D04A2305AA2946384610F050
:1027700095FA04F57F543F34A4B2804621460123E4
:102780000DF10B02384610F089FAB8F1000F01463E
:1027900010DC002810DC338FAB4209D132466B1EAF
:1027A00022F8383F4FF4004102233846FFF7B0F8D3
:1027B0002C46D3E7002808DC2946384610F06AFA90
:1027C0002146384610F066FAE5E708F160030DEBA4
:1027D0000308002308F84C3C5246CDF8009003ABA8
:1027E00005A80397ADF81040FFF70EFF0028DFD0D3
:1027F00018B0BDE8F0870020FAE700BFE53003001D
:102800007FB50123694605200193FFF7EFFC0446DD
:1028100060BB02AA01A90520FFF710FD044610B114
:1028200010F10C0F22D10399B1F5803F23D2009A09
:10283000002394681846084484421AD30133082BB5
:10284000F9D10E4DA982EB825368AB602846D3685C
:10285000EB6310F0DFFC044640B9094E6E60284679
:10286000FFF72AFE28466E60FFF734FE204604B0CC
:1028700070BD9BB2E5E76FF02004F7E76C310020F4
:10288000DC04002008B504480FF0CCFEBDE8084089
:1028900002480FF0C7BE00BF35AF03006AAF0300A8
:1028A000034B9B681BB1481E18BF01201847704797
:1028B000AC31002010B51C46034B1B6811460BB110
:1028C00022469847204610BDAC310020024B5B6881
:1028D00003B11847704700BFAC31002030B1044B42
:1028E00002681A6042685A6082689A6000207047E5
:1028F000AC31002070B586B00E4615460021044666
:102900001822684614F077FF0B490C4BADF80C50B9
:10291000CDE9011604932CB96946204607F0B6FDAF
:1029200006B070BD0122204612F04DFE0028F3D102
:102930006FF01500F4E700BF34810300CD280200DA
:102940000449431E0F3013F8012F8A5C1A7083422A
:10295000F9D17047F4AF0300F0B5264E07460C4698
:102960000FCE8DB001AD0FC50FCE0FC596E8070095
:1029700085E807003846002F38D0002C38D0381FA3
:102980002146024610344B780D781B0443EA056358
:10299000CD782B438D78043143EA05238C4242F8ED
:1029A000043FF0D1144C04218A07036916D1C3F304
:1029B0000742A55C1A0EA25C42EA0562C3F3072532
:1029C000DBB2655DE35C42EA054242EA032221F0A4
:1029D000030330336B4453F82C3C534050F8042F1E
:1029E000013153402C290361DED101200DB0F0BD2F
:1029F0002046FBE7487D0300F4AF030070B50646B0
:102A000086B00D46002938D08B6805934B68049337
:102A10000B6803930024244B24490293012223468C
:102A20002046CDE9004410F054FE6B6905932B69F4
:102A30000493EB6803931E4B1C490094CDE90143BA
:102A400001222346204610F044FEEB690393194B04
:102A500016490094CDE9014301222346204610F097
:102A600038FEAB690393144B10490094CDE9014340
:102A700001222346204610F02CFE012E0DD1EFF34B
:102A80000583103B03930D4B02930023CDE90033E4
:102A900006493246184610F01CFE2946304606B05C
:102AA000BDE870400CF00ABAF4B00300907C03005B
:102AB00023B1030052B1030061B103008FB10300E1
:102AC00030BFFFF7FDBF00BF2DE9F0410B4EDFF82F
:102AD000308006EB0807CC1B0546324609492046E4
:102AE00014F061FEA01942460021083C14F083FE58
:102AF0006C6707F10800BDE8F08100BF000000002E
:102B000008000000087D0300074A936893F90E103F
:102B1000002907DB526993421FBF044A536843F000
:102B200080535360704700BFE838002000ED00E09C
:102B3000F0B585B00024414B0293CDE90044234613
:102B400007460E4601223E49204610F0DDFD3D4B72
:102B50009B6ADD066FD53C4B39490094CDE90143B2
:102B600020462346012210F0CFFD1120354B9B6AF1
:102B70001C070AD5354B029300231846CDE90033D4
:102B80002F49012210F0C0FD12202E4DAB6A99078B
:102B90001FD500242E4B029301222346CDE9004489
:102BA0002749204610F0B0FD6B6BAA6A12060FD5BC
:102BB0000393284B22490094CDE901430122234687
:102BC000204610F0A1FD1FB1AB6A23F08003AB6279
:102BD00013201C4B9B6ADD070AD51F4B0293002371
:102BE0001846CDE900331649012210F08DFD14205E
:102BF000144B9B6A9C060AD5184B02930023184677
:102C0000CDE900330E49012210F07EFD15200D4B59
:102C10009A6AD10658BF9A6A9A6A920642BF5A6A5D
:102C200022F400525A629A6A42F0FF029A6200232A
:102C3000337005B0F0BD102098E700BFA2B10300CB
:102C4000907C030000ED00E0B8B10300EBB103009D
:102C5000FEB1030016B203002CB203004BB2030016
:102C6000F0B585B00024434B0293CDE900442346E0
:102C700007460E4601224049204610F045FD3F4BD5
:102C80009B6ADB0465D53E4B3B490094CDE901438B
:102C900020462346012210F037FD1720374B9B6A50
:102CA0001D050AD5374B029300231846CDE90033A2
:102CB0003149012210F028FD1820304DAB6A9C05E7
:102CC0001FD50024304B0293012223462046CDE934
:102CD0000044294910F018FDAB6BAA6A10040FD507
:102CE00003932A4B24490094CDE901430122234652
:102CF000204610F009FD1FB1AB6A23F40043AB621C
:102D000019201E4B9B6A59050AD5214B02930023BB
:102D10001846CDE900331849012210F0F5FC1A20BD
:102D2000164A936A13F4807315D01A4B029300234A
:102D30001846CDE900331049012210F0E5FC1B20B4
:102D40000E4A936A43F47F4393620023337005B0C5
:102D5000F0BD1620A2E7926A9204F1D50E4A064908
:102D60000093CDE901321846012210F0CDFC1C2061
:102D7000E6E700BF7AB20300907C030000ED00E0BC
:102D800090B20300EBB10300A1B20300BAB203009A
:102D9000CFB20300EAB203004BB203001FB5002418
:102DA000374B029301222346CDE9004435492046A2
:102DB00010F0AAFC344B9B6A9A015ED5334B314923
:102DC0000094CDE9014320462346012210F09CFCEB
:102DD0001E202D4B9B6ADB010AD52D4B029300234D
:102DE0001846CDE900332749012210F08DFC1F2041
:102DF000254B9B6A1C030AD5264B029300231846D9
:102E0000CDE900331F49012210F07EFC21201E4B2A
:102E10009B6A59030AD5204B029300231846CDE93B
:102E200000331849012210F06FFC2220164B9B6AD8
:102E30009A030AD5194B029300231846CDE90033B3
:102E40001049012210F060FC23200F4B9B6ADB032A
:102E50000AD5134B029300231846CDE900330949E4
:102E6000012210F051FC2420074A936A6FEA0343C1
:102E70006FEA1343936204B010BD1D20A9E700BFA1
:102E800002B30300907C030000ED00E01AB30300DE
:102E90002DB3030047B3030065B303008AB30300F7
:102EA000A4B303002DE9F041754B5F6890B0044670
:102EB000C7F30806002383F31188BFF36F8F02F076
:102EC0007F40B0F17F4F0CD102F00C00082819D1DF
:102ED0006C4A6D490093CDE901321846012210F089
:102EE00013FC00252C464FF00008F31E8DF81F80C0
:102EF000092B00F2AB80DFE803F00B9FA39CA9A98C
:102F0000A9A9A9A7120746BF0C461D460125EAE755
:102F10005E4B5D495A4FCDF80080CDE90183002317
:102F20000122184610F0F0FB8DF81F80FE6A16F0A3
:102F3000020605D0564BCDF80080CDE9018306E0AE
:102F4000FB6A002B0BDA534B0096CDE9016300239B
:102F50004D490122184610F0D7FB00223BE0FB6AE6
:102F60005B00FAD54C4B48490096CDE9016301223C
:102F70003346304610F0C8FB7B69A26943F4807386
:102F80007B61BFF34F8FBFF36F8F7B6932F8022CE9
:102F900023F480737B61BFF34F8FBFF36F8F4DF6C8
:102FA00002739A420AD0BB6ADBB2002B33D00DF118
:102FB0001F010120FFF7BCFD02460CE023680393CC
:102FC000364B31490096CDE9016301223346304644
:102FD00010F09AFB22689DF81F30CBB908AE04F1BF
:102FE000200720686168334603C30834BC421E468C
:102FF000F7D10F9B002D3DD0C3F3080121B96FEA33
:1030000053236FEA43230F9308A91046FFF7F6FCFA
:1030100010B0BDE8F081BB6A13F47F4F05D00DF10D
:103020001F010120FFF71CFEC6E7BB6AB3F5803F16
:1030300093D3FFF7B3FEBFE70DF11F010020B9E7FF
:103040000DF11F010020EDE7154B74E7154A164BF3
:103050000D4917F4F87F18BF1346103ECDE903362B
:10306000124B02930023CDE900330122184610F0E1
:103070004BFB72E723F4FF7323F00103C3E700BFA8
:1030800000ED00E0FDB30300907C030028B40300D2
:103090003FB4030060B403006EB403008DB40300BA
:1030A000A9B40300E4B30300CFB30300CDB403001D
:1030B000044B5A6942F010025A615A6922F0080220
:1030C0005A61704700ED00E0EFF30880EFF30981EB
:1030D00001B57246FFF7E6FE01BD00BF002080F398
:1030E0001488BFF36F8F0AF0DFFB00200D490860E2
:1030F000BFF34F8F0C4880F3088800F03DF8402064
:1031000080F3118809484FF44061401880F3098822
:10311000EFF314800221084380F31488BFF36F8F0C
:1031200000F01EF994ED00E0B0850020706A0020E8
:10313000BFF34F8F0549064BCA6802F4E0621343A0
:10314000CB60BFF34F8F00BFFDE700BF00ED00E095
:103150000400FA050749D1F890200023C2F30722A2
:103160001846934200DB7047C1F89830C1F8A000C0
:103170000133F6E700ED00E008B572B6002383F3F3
:103180001388FFF7E7FF144B4FF0FF32C3F880209E
:10319000C3F88420C3F88820C3F88C20C3F890209B
:1031A000C3F89420C3F89820C3F89C20C3F880216A
:1031B000C3F88421C3F88821C3F88C21C3F8902177
:1031C000C3F89421C3F89821C3F89C2162B6BFF3D9
:1031D0004F8FBFF36F8F08BD00E100E0084B9B6885
:1031E00083420BD1EFF3058343B1064B5A6842F09B
:1031F00080525A605A6A22F400425A6214F0C1B8EE
:10320000E838002000ED00E0094A93686FF00A01F9
:10321000D967084998674B6843F080534B60002397
:1032200083F31188BFF36F8F9368D86F704700BF27
:10323000E838002000ED00E0EFF31183402383F332
:103240001288BFF36F8F094A53699360084A4FF0A1
:1032500000615160074A596F116000219A6F9967A8
:1032600082F31188BFF36F8F704700BFE8380020EA
:1032700000ED00E0B83100200B498A684FF03000C3
:103280001044EFF3098C80E8F01F74467046FFF796
:10329000D3FFA64604498A6802F1300090E8F01F87
:1032A0008CF3098870470000E83800201EF0040FF6
:1032B0000CBFEFF30880EFF30980816911F8021C5D
:1032C0000229FFD001B510F014FA01BD40B2002868
:1032D00007DB044A4109012300F01F00834042F844
:1032E0002130704700E100E040B200280CDB4309C8
:1032F000064900F01F0020330122824041F82320BC
:10330000BFF34F8FBFF36F8F704700BF00E100E046
:10331000054B420900F01F0053F82220012303FA55
:1033200000F01040704700BF00E100E040B2D3075A
:1033300054BF023100210028ACBF00F16040074AB1
:103340004FEA4113ACBF00F5614000F00F00DBB263
:10335000B4BF135480F80033704700BF14ED00E091
:103360000B4A08B50B4B22F07F029A60BFF34F8FD8
:10337000BFF36F8FD3F8882022F47002C3F888203F
:103380000BF07AFE0CF0A0FE00F048F80BF0B6FE51
:1033900000C2000000ED00E042F8203C009B42F833
:1033A0001C3C0A49019B42F8183C029B42F8143C21
:1033B00021F001014FF0807342F8043C42F8081CF0
:1033C0000023203A02658367704700BFC5110200E1
:1033D00000B50B4B98600B4B0E46416F19601546BC
:1033E0002C4686F309884FF00000074B984720468B
:1033F0004FF000014FF000024FF00003034C204754
:10340000E8380020B831002031370300C511020030
:10341000014B10221A61704700ED00E004480023C0
:103420004021C2180133272B82F80013F9D17047CD
:1034300000E100E008B5EFF30583064A103B02EB1C
:10344000C30152F8330049688847BDE80840FFF7D8
:103450005BBB00BFBC790300024B034A0348012158
:1034600000F086B80000012000000020F881030071
:103470001FB5144AD2F89030C3F30723013B98429A
:103480000FD9114B029300230390CDE90033184666
:103490000E49012210F07FF96FF0150005B05DF8BC
:1034A00004FBC2F898000B6823F01F03034343F0AA
:1034B0001003C2F89C308B6843F00103C2F8A030BF
:1034C000ECE700BF00ED00E0E4B40300787C03000B
:1034D000F0B50E4689B01F4604460025B54212DA03
:1034E000606838B3BFB1431E18420FD0134B02932C
:1034F0000023CDE90033124903950122184610F04C
:103500004AF96FF01502104609B0F0BD1F28EDD939
:1035100021680B42EAD12368059310F02CF9A368C7
:1035200005A90343D0B20793FFF7A2FF10F1160FCE
:10353000E7D0421C01350C34D0E700BF0AB50300C8
:10354000787C0300044B0522C3F89420BFF34F8F0F
:10355000BFF36F8F704700BF00ED00E0BFF35F8FD8
:10356000024B0022C3F89420704700BF00ED00E03A
:1035700010B5034C01232278FFF7AAFF207010BD7D
:10358000514400202DE9F04357485849D0F8903075
:103590000D68C3F307239D4285B000F2A180FFF7B9
:1035A000DDFF49680022954201F10C011AD1504C0F
:1035B000504F25706846FEF713FEDFF83C81DFF8B8
:1035C0003C9106460025AE421FD123784649002093
:1035D000D1F89020C2F3072293427BDBFFF7B2FFC2
:1035E00000204CE0C0F8982051F80C3C23F01F0359
:1035F000134343F01003C0F89C3051F8043C43F0EF
:103600000103C0F8A0300132CDE7009800EB0511AE
:103610004FEA051CCB683B40B3F5000F44D00AD8F5
:10362000B3F5001F2ED0B3F5800F34D0B3F5801F53
:1036300010D00135C7E7B3F1807F3ED0B3F1007FF2
:10364000F7D150F80C3088684A6810F094F840F4CC
:10365000802009E050F80C3088684A6810F08BF838
:1036600040F0885040F43020039001A92078CDE943
:103670000123FFF7FDFE002828DA6FF0150005B0E2
:10368000BDE8F08350F80C3088684A6810F073F891
:1036900040EA0800E8E750F80C3088684A6810F003
:1036A0006AF840EA0900DFE750F80C3088684A6899
:1036B00010F061F840F08270D6E750F80C3088685E
:1036C0004A6810F058F840F08870CDE7237801334D
:1036D0002370AEE7C1F89830C1F8A000013377E756
:1036E0004FF0FF30CBE700BF00ED00E004820300A5
:1036F000514400200000F0FF000008110000020209
:1037000008B5024B1B689847002008BDBC3100205B
:10371000034B044A1860937843F002039370704798
:10372000BC31002028050020F0B587B007460E46C2
:1037300014460021102268461D4614F05CF802234E
:103740008DF802302A46054B019321466846CDE9A3
:1037500004760DF0C7FA07B0F0BD00BFB73703001D
:1037600008B50649064821F00701C1F1005202F5EB
:1037700080320EF0CAFE002008BD00BFE7FA00202C
:10378000C031002070B54169867A0B4D044659B1AD
:10379000437ADB0706D42C2303FB06535B6A1B68C2
:1037A0009B689847002363612C20214606FB00504C
:1037B000BDE8704013F0BDBB08090020024B2C226D
:1037C00002FB0030704700BF08090020827A064BD8
:1037D0002C2101FB02339A6A1B7F1B33801A23F0D2
:1037E0000303B0FBF3F070470809002038B5074B1E
:1037F000827A2C2404FB02335B6AD3E901240C6037
:103800001568FFF7E3FF04FB005038BD08090020EE
:103810002DE9F04F85B005466846039191461C4658
:1038200090469A4613F00CFEDDE90067EFF3118B2A
:10383000402383F31288BFF36F8F698B002942D036
:103840002B8B8B4226D90022002328460BF0D0FD7B
:103850000446F8B18BF31188BFF36F8F039B002BE5
:103860004FD032463B46684613F00EFEA27A2D4BEF
:103870002C2101FB023320465B6A1B6803A91D68EB
:10388000DDE90023A847606100283BD12046FFF70F
:1038900079FF31E0698B4B1E6B838BF31188BFF38B
:1038A0006F8F2B7F2A8BAC6A1B3323F00303521AD2
:1038B00002FB03441B4B1C4AEB1A9B105343A3729D
:1038C0002B7FE372CAE78BF31188BFF36F8F54EA43
:1038D000090409D013F0A0FF144A154B12589A425C
:1038E0000ABF8846C846C2464246534628460BF0A1
:1038F0007FFD04460028B1D10024204605B0BDE874
:10390000F08F6361012300252381039B6382E27AA8
:103910006560294604F1180013F06DFF6369258284
:10392000E360EAE708090020A38B2EBA0800000034
:10393000D029002070B50C4C2C2500B970BD037A3D
:103940004668013BDBB20372002BF7D1C3604360D2
:10395000837A05FB03431B6A13B198473046ECE7B3
:10396000FFF710FFFAE700BF08090020044A01230F
:10397000C2F840354FF080420020C2F878357047D9
:1039800000E0014020B1034B800143F001031847E0
:10399000704700BF707F030038B5064C064DAC423F
:1039A00001D3002038BD54F8043B002BF7D09847D2
:1039B000F5E700BFFC7C0300087D0300084B0246CE
:1039C000186808B1036800B9704741899142FBD07B
:1039D0001BB1196818460B46F5E71946FAE700BF10
:1039E000CC3100200A4B1B681BB11A681BB9184662
:1039F00070471A46FAE75989814206D01AB1116810
:103A000013460A46F2E71146FAE7D868704700BF46
:103A1000CC31002000230360044B5A6812B9C3E97B
:103A20000000704710605860704700BFCC31002024
:103A30002DE9F04F00238BB0CDE90633984601F114
:103A40000C0305460E460493348A34B9296830467F
:103A500010F00DF9296800208FE0072C40F2128148
:103A6000F2681068516806AB03C3BDF81A300498B9
:103A70005BBA1FFA83FBADF81A30BDF81C305BBA95
:103A80009AB20821ADF81C3005920FF024FF338A5A
:103A90005B45C0F0FB809DF818A01AF0050440F0CB
:103AA000F9802968304610F0CEF80746002800F06B
:103AB000F380686840F8046B338ACDE90144012241
:103AC0000092F268042112F0C0FFA86839460FF096
:103AD00055FF9DF81830D5F80890C3F3C103012BAA
:103AE000C9F84C4000F2D0800598FFF767FF18B97D
:103AF0000824D5F80C8028E09DF81F100FF00FFF68
:103B00000028F5D09DF8183013F0070303D0022BDE
:103B100039D00324EDE70468A868002CE8D00F2111
:103B2000043013F052F80023EB6000283FD0284601
:103B3000A0470446A8680F21043013F04EF820BBBC
:103B4000002CD5F80C8008BF0724A86839460FF070
:103B500015FFD5F808A00AF104090221484613F020
:103B600034F800284ED10221484613F036F829686F
:103B7000304610F07CF82968384610F078F8204676
:103B80000BB0BDE8F08F4468C6E7002CB1D1B9F89E
:103B90004E40BCB11AF0180F14D1B9F84C00FFF721
:103BA00021FF034628B9D5F80C800124CDE707246E
:103BB0009FE720469847D5F80C800446B0B1002F07
:103BC00065D0C2E7D9E90043E268A3EB020908A97E
:103BD000A9F1080206A80FF0B2FEA4F81090AB6895
:103BE0001B68DA680B4603CB106051602B683846BF
:103BF0009B6A98470446002849D1049859460FF01B
:103C00006AFE21E725490222484612F0C3FF002838
:103C1000A9D02146484612F0A1FF0028A3D0B8F150
:103C2000000F0ED01E490322484612F0B3FF0028B1
:103C300099D04FF480724146484612F0B4FF0028F4
:103C400091D00221484612F0C8FF00288FD0DAE94F
:103C50000093D9F80C20A3EB020808A9A8F10802E8
:103C600006A80FF06CFEA9F81080AB681B68DA6834
:103C70000B4603CB106051602B6838469B6A98470F
:103C8000002774E70924E1E60D245EE7092437469E
:103C900000265AE70824FAE70224F8E757B503009C
:103CA0005AB5030070B504460E4615468AB3A0F80F
:103CB0004810A0F84A201849032212F06BFF18B9E7
:103CC000002000F0010070BD0221204612F07DFFAF
:103CD0000028F5D011490522204612F05BFF00288C
:103CE000EED03146204612F043FF0028E8D00C49C0
:103CF0000222204612F04EFF0028E1D0294620463D
:103D000012F036FF0028DBD00221204612F065FFBA
:103D1000D7E70120D7E700BF1AAE03005EB5030066
:103D200057B503002DE9F04395B006460FF001F9B1
:103D300000244FF00133D6F8088003FB00F7A146BA
:103D4000444501DB012020E0A8EB0405402DA8BF7D
:103D500040252B4604AA214630460FF08CF8002857
:103D600006DBAD1004AA0023AB4211D14034E7E7D3
:103D70000B4B0390CDE90193002318460949CDF878
:103D8000009001220FF090FE0B2015B0BDE8F083EB
:103D900052F8041BB94201D10133E5E70020F4E7F2
:103DA00064B50300587C030010B588B00FF08CFE9A
:103DB000041E35DB07A9E0B2FEF718FA00280FDA77
:103DC000184B02930023CDE90340CDE90033164997
:103DD000012218460FF068FE0A24204608B010BDE4
:103DE0000798FFF79FFF0446B8B9079821468268F5
:103DF0000FF083F820B9002407980FF03BF8ECE7A8
:103E00000A4B0390CDE9014300942346204606491E
:103E100001220FF049FE0D24EEE70128ECD1EAE77C
:103E20000E24DAE78CB50300587C0300B0B503001C
:103E30002DE9F04188B00FF047FE041E0E461746EC
:103E400098462FDB07A9E0B2FEF7D0F9054680B10E
:103E5000154B02930023CDE90340CDE9003313490C
:103E6000012218460FF020FE0A24204608B0BDE8C3
:103E7000F081079843463A4631460EF0FCFF04466F
:103E800007980EF0F7FF002CEFD0094B0394CDE913
:103E90000153064900952B46012228460FF004FEE7
:103EA0000B24E2E70E24E0E78CB50300587C030006
:103EB000CFB5030070B50C4615461E4648B10948FB
:103EC00033462A4621460FF0B1F8002818BF0C20CF
:103ED00070BD054B034819780FF0BAF80028EED0F2
:103EE0000A20F5E7D431002000340020F0B50E465A
:103EF0008BB00546002871D1394B06A91878FEF71A
:103F000075F9044670B1374B0390CDE9015336493A
:103F100000952B46012228460FF0C6FD0A242046B4
:103F20000BB0F0BD06980FF002F80746002853D0FA
:103F3000069B5D68013D354407AA294611F0B0FD96
:103F4000064678B1294B0094CDE90143204623462B
:103F50002549039501220FF0A7FD132406980EF0C2
:103F600089FFDCE7DDE90605089B1D444368ED1A7F
:103F70002A4631460EF0C1FF044668B11C4B00963C
:103F8000CDE90350CDE901633346174901221846B4
:103F90000FF08AFD0D24E1E7069B986811F080FC84
:103FA000A842DBD3069B5968014407AA384611F0A2
:103FB00077FD0698079943688568C91A6D1A2A46DD
:103FC0000EF09BFF0028C9D00A4B0094CDE90143B5
:103FD000CDE903502346D8E71224BFE714249EE717
:103FE00000340020F2B50300587C030018B603002B
:103FF0002BB603005BB60300F0B506460D468BB04A
:1040000018220021284613F0F6FB7368581C06D1CD
:104010006E4B1B686B61142420460BB0F0BD002B67
:1040200040F0BF8032691F2A04D8684B1B686B615F
:104030001624F1E7B268511C04D1644B1B686B6114
:104040001524E9E7C5E90023F768614B3A689A420D
:1040500004D0604B1B686B611724DDE7B269202A2E
:1040600000F29B806AB15C480368013309D0037B8E
:104070009A4206D171690D3013F0A1FA0446002866
:10408000CAD000200FF05EFD18B90FF01DFD00280A
:1040900010DA01200FF056FD20B901200FF014FDB9
:1040A000002807DA4FF0FF33EB604C4B1B686B6165
:1040B0000924B1E7E86006A9C0B2FEF797F8044604
:1040C00088B1474B47491B686B610490EB680393C9
:1040D000454B02930023CDE90033012218460FF02F
:1040E000E3FC0A2498E70698B26883689A4215D9D7
:1040F0003E4B1B686B610EF0BDFE069B39499B6809
:104100000493B36803933A4B0094CDE901432046EE
:10411000234601220FF0C8FC1E247DE70EF0AAFE04
:10412000337F83B108A80FF05FFD002837D107F176
:10413000140108A80FF0D0FC002804DB2D4B1B68ED
:104140006B611B2468E72C7B07A92046FEF74EF81D
:10415000A8B90798FFF7E6FD044607980EF08AFE17
:10416000002CFFF659AFB4FA84F464096C74336917
:10417000AB6001232B7400236B6100244CE71A4BC6
:1041800002930023CDE90340CDE900331549012214
:1041900018460FF089FC0A24E5E718243CE71A24A6
:1041A0003AE70D4A13689168EB60002329606B6061
:1041B000736852689342E0D1326913449942D6D26F
:1041C0000D4B1B686B611F2426E700BF68050020AC
:1041D0003DB8F396640500200034002060050020FF
:1041E0005C050020587C03008CB503004C050020C2
:1041F00093B60300500500204805002070B588B034
:104200000FF062FC051E0E461DDB07A9E8B2FDF7A4
:10421000EDFF044678B10D4B02930023CDE9035026
:10422000CDE900330A49012218460FF03DFC0A246B
:10423000204608B070BD07980EF07BFE30700798DE
:104240000EF018FEF4E70E24F2E700BF8CB5030071
:10425000587C03007FB50BAB05930393054B02938A
:104260000023CDE9003301221846FDF79FFD07B07A
:104270005DF804FBB6B60300F0B595B00F462023F9
:104280000293044615466B460CAA03A938460192D0
:1042900000F068FA0646002840F08E8004340F21B2
:1042A000204612F092FC10B9002015B0F0BD434931
:1042B0000422204612F06EFC0028F5D007F0010120
:1042C000204612F055FC0028EED03D49072220463A
:1042D00012F060FC0028E7D005A903A800F0E8F977
:1042E000002861DA37490522204612F053FC0028E5
:1042F000DAD035490422204612F04CFC0028D3D0F5
:1043000001A9204612F040FC0028CDD02F490822F8
:10431000204612F03FFC0028C6D0009981F0100121
:10432000C1F30011204612F06CFC0028BCD02849D3
:104330000722204612F02EFC0028B5D0C5F340011C
:10434000204612F05EFC0028AED022490922204609
:1043500012F020FC0028A7D0C5F38001204612F0FF
:1043600050FC0028A0D01C490622204612F012FC66
:10437000002899D005F00101204612F042FC0028E7
:1043800092D016490922204612F004FC00288BD056
:10439000C5F3C001204612F034FC002884D00F2160
:1043A000204612F01AFC80E7192205A920468DF854
:1043B0002C6012F0F8FB9AE7012076E749B8030079
:1043C00008B7030010B7030016B703001BB70300BC
:1043D00024B703002CB70300179E030036B7030071
:1043E0002DE9F743866834490436074606223046ED
:1043F00012F0D0FB38B90FF0D7FB0FF0D6FB072037
:1044000003B0BDE8F0830221304612F0DAFB044627
:104410000FF0CAFB002CF0D000240DF1070120465C
:104420008DF807400FF06FFB804620460FF0BEFB73
:104430009DF80730022B054680F001092AD18045FE
:104440004FF001082CD14D45B8682CDA4246294678
:10445000FFF712FF0028D0D022464946B868FFF780
:104460000BFF0028C9D00221304612F0B2FB002811
:10447000C3D012490B22304612F08CFB0028BCD06E
:104480000021304612F06AFB0028B6D00FF08DFBF9
:104490000020B5E780454FF00508D4D0022BD2D8D4
:1044A000074AD456CFE722464946FFF7E5FE0028E3
:1044B000A3D042462946D1E740B7030047B70300DF
:1044C0005BB703002DE9F04147108AB00546384636
:1044D00088460FF06BFB002306460DF1230138469A
:1044E0008DF823300FF00FFB0446B8F1000F1ED0FB
:1044F0000FF05EFB874205D19DF82330012B27D1B9
:104500001C2421E0AE4252D09DF82330012BF7D07D
:10451000002B50D0022B4ED028460FF0D5FA09A917
:10452000C0B2FDF763FE0746D0B10A240CE0AE42EC
:104530003FD09DF82330012B03D07BB1022BDFD07D
:10454000EAE7A842DCD1002420460AB0BDE8F081A9
:10455000002BDFD1AC42F6D0AE42F0E7A842EEE746
:10456000731B594209984246594111F0A3FD044674
:10457000A8B1124B12490097CDE90305CDE90173AB
:10458000CDE905683B4601223846FFF763FE012C62
:1045900009D0042C09D0032C14BF01241724099836
:1045A0000EF068FCD0E70C24F9E71D24F7E720247F
:1045B000CAE72124C8E7AC42AED1C4E7B6B60300CF
:1045C000587C0300F0B597B035490C9104210D914A
:1045D000344902AACDE90E12334A11920546072248
:1045E000D0E901041292314A139200230DF1030223
:1045F000CDE902338DF8033001938DF840301492E9
:104600008DF85430022201AB0CA904300FF0D0F920
:10461000002841D10FF0C8FA039B04346BB99DF810
:10462000033063B10FF0C4FA0FF0C0FA9DF8031025
:10463000FFF748FF18B382B202E0202B0AD01822FD
:1046400020460121FFF72EFB04460FF0AEFA2CB3F3
:1046500000241BE0029B04AA03F1200C17461868F3
:104660005968164603C6083363453246F7D1002120
:1046700038460FF09FFA0028D8DA0822E0E72846EB
:10468000FFF7AEFE044620B10FF08FFA204617B0B8
:10469000F0BD0FF08AFADBE70324F7E70724F5E71C
:1046A00016B703002768030053B70300D36803005D
:1046B00073B543880193437800930E4603780C4A00
:1046C0000546192130460CF005FA041E03DA4FF0B6
:1046D000FF3002B070BD6B683BB1064AC4F11901EE
:1046E00030190CF0F7F9031EF1DBE018F1E700BF19
:1046F0005EB703006AB70300033880B219289ABF77
:10470000014B185601207047CCB7030008B5054B84
:104710002C220021184613F06EF84FF0FF3240F8BB
:10472000042C08BD043400200148FFF773B900BF12
:104730003805002010B5041D08490322204612F058
:1047400029FA08B9072010BD054B2046596812F018
:1047500019FA0028F6D00020F5E700BFFB9403000B
:10476000003400202DE9F0438BB00C460DF103011D
:10477000054616461F46FFF741FD0146002840F05A
:104780008D80202302AA2846FFF752FB002850D133
:104790009DF80380DFF81091B4BB0298484540D1E2
:1047A0000FB1069B3B60059BBDF810401C440423E1
:1047B0000DEB030221462846FFF73AFB40B9BDF84E
:1047C000042046F608139A4204BFBDF80630E418E8
:1047D00004230DEB030221462846FFF729FB58BBB3
:1047E000BDF8042046F607139A4225D1BDF806709D
:1047F00004342744814604F10408B8451ED989F0E1
:1048000001094FEAC90014E008224146204612F08F
:10481000F2FF0298484504D107AB03CB20606160EA
:10482000BEE74FF0013303FB08F8404514BF1720E3
:1048300003200BB0BDE8F0830420FAE704230DEB5E
:10484000030221462846FFF7F3FA0028F1D1BDF80C
:104850000420BDF80630FF2A05D14FF6FF729342BF
:1048600005D10520E5E7102A01D1202B04D004331F
:1048700003EB04084446BEE7B9F1000F10D116B9A6
:104880004FF00109F6E72434BC420BD832464146CA
:104890002846FFF7CDFA0028F2D0CAE70220C8E781
:1048A0000620C6E70720C4E73DB8F39670B58AB086
:1048B0001B4A0592D0E9010504220692194A079283
:1048C0000023012601AACDE9016308928DF8243066
:1048D000324602AB05A904300FF06AF80446E8B985
:1048E0000346024603A901980435FFF73BFF58B978
:1048F00001980FF027F938B1092201212846FFF766
:10490000D1F920460AB070BD0198FFF74DFA06466E
:10491000FFF7FCFE002EF4D0B2B2EEE70324F0E77E
:1049200049B803001D6803002DE9F043BBB0002522
:104930000DF13009D0E901482022294606464846B3
:10494000059512F058FF4FF0FF33CDE90D336D4B55
:104950001C9305231D936C4B8DF88050CDE91E39B7
:104960006A4B2193042322930FAA694B2393249229
:104970003293684A269211AB674A3393674B289269
:104980000EA92D9235930DAA072329912E926449E1
:10499000644A3693644B37930327043413ABCDE951
:1049A0002B17CDE930273893204605AB06221CA9EA
:1049B0008DF8945027978DF8A8508DF8BC508DF83D
:1049C000D0508DF8E4500EF0F3FF0B95044600280C
:1049D00040F0958006A94846FFF70EFB08F1040851
:1049E0000546F0B10B9BF360504B0390CDE90143BA
:1049F00001224F490094234620460FF0C5F8AAB281
:104A000001214046FFF74EF90023054614AA194636
:104A10000120FFF7A7FEFFF779FE002D08BF07244E
:104A200006E09DF828303BB9B068FFF783FE0446E6
:104A300020463BB0BDE8F0833E4D099B2B60069BB2
:104A4000AB600D9BEBB9129F11996C603A4605F172
:104A50000D002F7312F0A7FE07F10D00C7F1200221
:104A60002146284412F0C7FE9DF829304BB10E991B
:104A70002046FFF73BFA20B12F4B1B680B9382B205
:104A8000BEE7109BD5E901122BB9914231D0B06835
:104A9000FFF750FECCE70B449A1A534253410F994B
:104AA000089A0D98FFF706FA074690B96B68089ABE
:104AB0001344AA686B609342E9D10346014614AAE5
:104AC0000120FFF74FFEB068FFF734FEFFF71EFE30
:104AD000AEE71A4B16491B680B93194B0293002340
:104AE00003900122CDE9003318460FF04DF8BAB219
:104AF00086E714AA19460120FFF734FEC7E73C46B3
:104B000096E700BF6EB703001D68030080C2030074
:104B10002768030026BE03002368030078B703005C
:104B2000FB94030074B70300D368030080B703004D
:104B3000587C030000340020580500205405002054
:104B4000A0B703000148FEF765BF00BF6C05002059
:104B500070B588B005218468049140682449254EC9
:104B60000396002301AACDE90512CDE901338DF8A2
:104B70001C3001226B4603A904300EF019FF0434E7
:104B8000054690BB009B7BB91B490A22204612F0C8
:104B900001F828B119490722204611F0FBFF00B99E
:104BA0000725284608B070BD3246012103A80EF043
:104BB00056FFA0B1029E042E11D101991048324631
:104BC00012F0FDFC58B90E493246204611F0E2FFC2
:104BD0000028E5D00321204611F0C0FFDFE70322C3
:104BE00000212046FFF75EF8D9E70325D9E700BF8B
:104BF0002D68030088B803008EB8030099B803003D
:104C0000A1B8030010B584680E4904340822204678
:104C100011F0C0FF28B14FF4C061204611F0A8FF89
:104C200008B9072010BD08490922204611F0B2FF3B
:104C30000028F6D00421204611F09AFF0028F0D079
:104C40000020EFE7A6B80300AFB8030008B54FF4A3
:104C50000052002302480AF051FE002008BD00BFA8
:104C6000D8020020F0B589B0D0E90145134A03927B
:104C7000134A0023012701AECDE90133CDE9052612
:104C80008DF81C30201D6B463A4603A904970EF0A0
:104C90008FFE044678B904350A493A46284611F091
:104CA00079FF20B13146284611F071FF00B9072481
:104CB000204609B0F0BD0324FAE700BFE2CE0300AE
:104CC0002D68030097B8030013B5084C204612F076
:104CD00026FA074B00932046064903234FF440620F
:104CE0000AF0A4FD002002B010BD00BF281900206A
:104CF000B8820300684E00200248002200230EF014
:104D00006BBD00BF100A002010B5836A04465BB17A
:104D10000EF0BAFF0649204612F09CF904F110008B
:104D200012F0F0F8002010BD6FF01500FBE700BF97
:104D3000113C030010B50446103012F0EFF8214684
:104D40000248BDE8104012F0B0B900BF2819002099
:104D5000F0B5836B87B004460E4603B312F083F9B7
:104D600010F0050F02D0204612F0CAF9684612F082
:104D7000C9F804F110070022002338460AF038FB76
:104D8000054670B90022002368460AF031FB01464F
:104D9000A8B923691BB10C48214612F086F907B067
:104DA000F0BDA36B3146984720B9214628460EF046
:104DB0005EFFE0E72946684612F0B0F8DBE73846C8
:104DC00012F0ACF8DEE700BF28190020034B1A6888
:104DD00082420CBF18460020704700BFC81900204F
:104DE0001FB590F830200B4912F0010F03460BD08D
:104DF000086849686A4603C2694653F8380C0EF0E1
:104E0000D1FF05B05DF804FB8868C96802AA03C237
:104E100002A9F2E74C7F030013B5094A0446D168A2
:104E200090686B4603C354F8080C69460EF0BAFF4D
:104E300094F8603023F0010384F8603002B010BDB4
:104E40004C7F030010B509480C460EF022FF0028E5
:104E50000ADB4CB905480EF081FF04600471BDE81F
:104E6000104002480EF06CBF10BD00BF303400206F
:104E70002DE9F04387B0804617461D46FFF7A6FF91
:104E8000064678B92E4B2F49CDF80C80CDE90103A9
:104E90000090034601220EF0A8FF6FF0100007B04B
:104EA000BDE8F08328480EF0F4FE394604462A4651
:104EB00025480EF0F6FE10F10C0F0746EDD0002845
:104EC0000CDA21480EF04AFF10B100230360037191
:104ED0001D480EF035FF6FF01200E0E7002C28DAD5
:104EE00019480EF03BFF81464046FFF76FFF04462E
:104EF000C8B190F86830D9070ED4144A4FF428137B
:104F000004A94046CDE904230EF04CFF94F8683024
:104F100043F0010384F868304FF42032002304F199
:104F200008000AF01FFDC9F8008096F8693089F87A
:104F300004301FB9044839460EF0EAFE2846AEE7B1
:104F4000DDB80300687C030030340020060009004F
:104F500030B585B00546FFF739FF294604461348AA
:104F6000FFF7F6FEA4B12046002584F8695040F80A
:104F7000085B12F0E6F804F1380012F0E2F884F869
:104F8000685004F16C0005B0BDE830400AF062BA28
:104F9000074B08490395CDE90143009423460122BC
:104FA00020460EF022FF05B030BD00BF3034002097
:104FB000DDB80300687C03001FB5154B1549164882
:104FC00001241C7012F0B1F81449154812F0ADF824
:104FD00014482246002111F0BAFF1348134B836294
:104FE000134BC362134B0363134B4363134B836332
:104FF000FFF78AFE50B1124B029300230390CDE9D4
:1050000000331049224618460EF0EFFE04B010BDE2
:1050100052440020194E0200D0190020E14D020038
:10502000001A0020341A00203034002049500200B9
:10503000DB3D0300713D0300653D03007F3D030040
:10504000FFB80300687C03002DE9F04F91B00446DF
:105050001822002101A812F0CEFB3B4B0293D4F89A
:105060001890E3680393394B0593B9F1000F0BD106
:10507000052604F118000EF075FE20460EF0E1FD45
:10508000304611B0BDE8F08F07A9484603F02CF96F
:1050900006460028ECD19DF83C30022BE8D1204692
:1050A0000EF09BFE054608B90126E2E74846FFF7E9
:1050B0008DFE07460028DBD090F86930002BD7D052
:1050C000227F9A42D4D100F16C0A50460AF00CFAC1
:1050D000B346B046238A4345CBD997F86920002AC6
:1050E000C6D0217F9142C3D108EB05029A42C4BFCA
:1050F000A3EB08039DB201A94846ADF8105005F096
:10510000C5F910F10C0F09D1BBF1000F03D1132D1C
:1051100018D9C5F34F050AF099FEDBE70028C3D183
:10512000E26808EB05031FFA83F812FA83F303938E
:105130004FF0FF324FF0FF3350460AF0AFF94FF017
:10514000010BC7E7022694E7E88203000B3E030049
:1051500011B9094A136803B17047084910600B7808
:1051600082F869300133DBB2012B38BF01230B70A9
:1051700002F16C000AF0B8B9C819002052440020AE
:1051800008B5044811F057FD00280CBF6FF012005D
:10519000002008BD1C7903000E4B402970B528BFC4
:1051A00040210D4C46181D46B04203F1020304D1C4
:1051B000002305F81130074870BD02781209A25C7F
:1051C00003F8022C10F8012B02F00F02A25C03F886
:1051D000012CE9E7714400207DB9030030B5037864
:1051E0008BB0044607AD032B21D8DFE803F0021A89
:1051F0001C1E12492846F6F7BAFD059563780493FC
:10520000A3780393E378029323790193637900935E
:10521000A3790B4A0B481E210BF05CFC09480BB02C
:1052200030BD0949E6E70949E4E70949E2E7094AE7
:105230000A2128460BF04EFCDFE700BFA4A00300C4
:10524000C6A0030053440020ABA00300B2A003009B
:10525000BCA0030093C7030030B50A4D0A4B85B0CC
:10526000002428460293039411F059FF02AB0093E7
:10527000284606490A234FF4A3620AF0D7FA2046CB
:1052800005B030BD501A00208EB90300685A0020C6
:10529000014601480AF008BB501A00200378012B90
:1052A00030B513D0022B27D07BB9194B0A4603F136
:1052B000100453F8045B42F8045BA342F9D11B7855
:1052C000137043884B731B0A8B7330BD104B0A4617
:1052D00003F1100453F8045B42F8045BA342F9D1D4
:1052E0001B78137043684B73C3F307221B0CCB73FB
:1052F0001B0A8A730B74E8E700F1100350F8042BC3
:1053000041F8042B9842F9D103780B70DDE700BF18
:1053100097B9030038B5054605480EF05DFA044616
:1053200020B101210C300EF0ACFA2576204638BDB4
:10533000E40900200F2810B50ED80D280ED90B480F
:105340000EF04AFA044628B101210C300EF099FA09
:1053500001232376204610BD1328F0D009B104485C
:10536000EEE7BDE810400120FFF7D4BF3C0A002063
:105370006009002070B5C6683378B6F8014083B97B
:105380000F21204602F0C8FCF378054650B90A4ABE
:10539000118831B96FEA04506FEA10501080074A43
:1053A000137070BD4372012102F0E4FB2846BDE892
:1053B000704002F0B5BB00BF3E390020F24400202F
:1053C00010B5084C0146062294F86F0002F06AFFFF
:1053D00038B994F86F000449BDE81040052202F086
:1053E00061BF10BD0803002063B903001FB501466B
:1053F0000B480EF0F5F90B490B4811F056FE00284A
:105400000ADA0A4B029300230390CDE900330849DE
:10541000012218460EF0E4FD05B05DF804FB00BF64
:1054200054040020B8050020F01A0020B7B903008A
:10543000A87B03001FB5C36807491B780393074B7C
:1054400002930023CDE90033022218460EF0C8FD76
:1054500005B05DF804FB00BFA87B0300D4B90300CE
:105460001FB501210C300EF03EFA03780393064B72
:1054700002930023CDE900330449012218460EF0BF
:10548000AFFD05B05DF804FBFCB90300A87B030089
:105490001FB5C3681C880121204602F03DFC03466D
:1054A00050B9084A08490394CDE90102009001224D
:1054B0000EF096FD04B010BD04B0BDE8104002F03F
:1054C0002FBB00BF1EBA0300A87B03007FB5C368D3
:1054D0001D788DB9B3F801600F21304602F01CFC35
:1054E000044658B90A4B0B490396CDE901030090D5
:1054F000034601220EF074FD04B070BD294602F08F
:1055000039FB204604B0BDE8704002F009BB00BF83
:1055100042BA0300A87B030030B502EBC303044684
:1055200087B008469A4202D16FF05E0016E011463D
:1055300011F8085BA54217D1038A517899420FD917
:10554000CDE90334094B029300231846CDE900331B
:10555000074901220EF044FD6FF0150007B030BD81
:10556000536898470020F9E70A46DBE768BA03006A
:10557000A87B030070B586B005460C46FFF7CCFF4C
:105580005F3011D1268AE0683146FFF705FE074BF0
:1055900002930023CDE90460CDE90033044903956B
:1055A000022218460EF01CFD06B070BD8ABA030038
:1055B000A87B030070B54C4886B00EF026F904466F
:1055C00000285FD0027E012A5ED0032A40F0888046
:1055D000038A032B07D80393444B02930023CDE99E
:1055E0000033012259E004210C300EF07CF9FF2336
:1055F000428806886376238AC6F30B009A42A0830A
:105600000FD0CDE903323A4B02930023CDE90033AA
:105610003849012218460EF0E3FC2046FEF78AF9CD
:105620001BE00F2102F078FB054658B9A38B0393CA
:10563000314B30490090CDE90103012203460EF0C1
:10564000CFFCEAE702F0AEFB320B6076214628463B
:1056500002F036F9284602F063FA284BD3F84C31B1
:1056600083B12749274811F020FD00280ADA264B8C
:10567000029300230390CDE900331E49012218460E
:105680000EF0AEFC06B070BD038A012B08D8039360
:105690001E4B02930023CDE9003316491846CEE78E
:1056A00002210C300EF01FF9054600780EF077FC51
:1056B00010F002060DD1164A1649174840F6A833D5
:1056C0000CF0BDFF86F31188BFF36F8F03231846DC
:1056D00002DF124A287804232146FFF74BFF9CE79C
:1056E0000F4B039279E700BF54040020ACBA0300CB
:1056F000CDBA0300A87B0300F1BA03000803002021
:10570000B8050020F01A0020B7B9030013BB03004E
:105710002FBB030063BB030091BB0300688303003E
:10572000AEBB030010B5012104460C300EF0DBF8CF
:105730002146034A0078BDE810400723FFF71ABF4F
:105740008883030070B5012186B004460C300EF04A
:10575000CAF805780D4A002321462846FFF7DCFEEB
:105760005F3011D1268AE0683146FFF715FD084BFE
:1057700002930023CDE90460CDE900330549039588
:10578000022218460EF02CFC06B070BDC083030048
:10579000C2BB0300A87B03007FB5C568B5F80160F4
:1057A0000121304602F0B8FA044658B9104B1149AD
:1057B0000396CDE901030090034601220EF010FC90
:1057C00004B070BD2B783BB9D5F80330C0F89530E4
:1057D000D5F80730C0F899304FF40051201D0EF075
:1057E000F0FB204604B0BDE8704002F099B900BF5C
:1057F0001EBA0300A87B030030B53C2887B00546DD
:1058000020D101F09FFC6FF0800110300EF0F7FB0B
:105810000020FFF7D5FD044650B9114B1149009007
:10582000CDE90103012203460EF0DAFB07B030BDDB
:105830004572002102F09EF9204607B0BDE83040D5
:1058400002F06EB9084B0749CDE90303074B0293F9
:105850000023CDE90033022218460EF0C1FBE5E734
:10586000F4BB0300A87B0300C8AD030015BC030014
:105870002DE9F04F894687B090460646D0B1BFF378
:105880005B8FDFF838A14FF0000B5AE8004F4AE871
:1058900000B3002BF9D1BFF35B8F27466CB9484B9F
:1058A00048490396CDE9014300942346012220464E
:1058B0000EF096FB07B0BDE8F08F2046FDF786FF9F
:1058C000414D0C2303FB00504288B24226D02046B3
:1058D000FDF77CFF0C2303FB00503A494388CDF8C9
:1058E00000B0CDE90363394B0122CDE901B358463D
:1058F0005B460EF075FBBFF35B8F5AE8003F4AE84A
:105900000072002AF9D1BFF35B8F002BD2D01F4663
:10591000384607B0BDE8F04FFEF70CB8A04510D0F0
:1059200020460DF054FF04F10C060121217630468B
:105930000DF0A7FFB8F81020D8F80C1030460DF085
:10594000B1FF2046FDF742FF0C2606FB00504368DE
:10595000ABB1B9F1000F12D12046FDF737FF06FBBE
:10596000005001214268D2E90003127A03F01F06B9
:10597000B1405B09DAB100EB83000EF022FB204658
:10598000FDF724FF0C2606FB00508368002BBFD0D8
:105990002046FDF71BFF704305F800902046FDF7F9
:1059A00015FF06FB0055A86809F054FDB0E7C94390
:1059B00000EB83000EF023FBE1E700BF5004002062
:1059C00031BC0300A87B03007434002059BC0300E1
:1059D0002DE9F047C768008A3B78012202EB83017A
:1059E000814286B061D90393324B02930023CDE903
:1059F0000410CDE90033304918460EF0F1FA06B034
:105A0000BDE8F0872D4B2C49CDF80C80CDE9010382
:105A10000090034601220EF0E3FA01353B789D42E7
:105A2000EDDA07EB85030F21B3F80180B3F80360CB
:105A3000404602F071F904460028E3D000F1C408A2
:105A400076B1204601F0DCFE09F004FD63695BB924
:105A5000CDE9013A18490093012218460EF0C0FA28
:105A6000204602F05DF8D8E7A1691A6862618B42AE
:105A700008BFA261C3F80090226A9AB9C4E907334B
:105A8000BFF35B8F58E8003F013B48E80032002A33
:105A9000F8D1BFF35B8F00212046013E01F0BCFE30
:105AA000B6B2CDE713602362EAE70025DFF810A065
:105AB000A946B3E78CBC0300A87B0300B6BC030077
:105AC000D2BC030070B5C568B5F8016086B001218D
:105AD000304602F021F9044658B92D4B2D49039662
:105AE000CDE901030090034601220EF079FA06B0D9
:105AF00070BD2B781A2B00F1040619D1C378012B45
:105B00002AD14FF4006130460EF05BFA02050FD443
:105B1000D4F88830049304A9D4F890300593204633
:105B200002F000FF204606B0BDE8704001F0F8BF6B
:105B30002B788BB9B5F80330A4F88630B5F805306A
:105B4000A4F88C30B5F80730A4F88E306FF40071EB
:105B500030460EF054FA17E0BFF35B8F6368BFF373
:105B60005B8F9B05F2D52B78202BEFD194F89430E6
:105B7000002BEBD0013B84F894304FF4203200230B
:105B800004F1400009F0BAFE204602F06FFAC9E7BE
:105B90001EBA0300A87B030010B5C1E900239DF8DD
:105BA00008300B720C46FDF711FE034B0C2202FB72
:105BB00000335C6010BD00BF743400202DE9F04755
:105BC0004FF0FF3206464FF0FF33184888460DF07D
:105BD00003FE044638B300F10C0701214FF0000921
:105BE00038460DF04EFE84F818902046FDF7EEFD85
:105BF0000F4D4FF00C0A0AFB005046802046FDF77F
:105C0000E5FD0AFB0050C0F808902046FDF7DEFDD8
:105C10000AFB005503213846C5F804900DF03CFE00
:105C2000068080F802802046BDE8F087B809002091
:105C3000743400200138C0B202289ABF014B185CAE
:105C400000207047C0BF03007FB5C568B5F801608C
:105C50000121304602F060F8044658B90F4B104954
:105C60000396CDE901030090034601220EF0B8F936
:105C700004B070BDE878FFF7DDFF84F8A400287950
:105C8000FFF7D8FF84F8A500204602F039FA204635
:105C900004B0BDE8704001F043BF00BF1EBA03006E
:105CA000A87B0300034B0146D3F86C01826892681D
:105CB000104700BF080300202DE9F043044600F11F
:105CC0000C0685B030460DF01EFEB4F81080B8F119
:105CD000010F054611D81E4B02930023CDE9003376
:105CE0001C49CDF80C80012218460EF079F92046A7
:105CF00005B0BDE8F043FDF71DBE304602210DF0B2
:105D0000F2FD074600780EF04AF910F00109064648
:105D10000DD1114A1149124840F6E4730CF08FFC82
:105D200089F31188BFF36F8F0323184602DF052321
:105D30000C4A38782146FFF71DFCB307D7D56369B5
:105D4000A4F8108013FA85F5E56005B0BDE8F0838E
:105D500013BB0300A87B03002FBB0300E9BC0300B7
:105D600091BB03004083030030B50C4685B00AF0B8
:105D700031F8237E012B05D0032B15D12046FFF7E8
:105D800035FB0BE0E36818780EF009F9C207054609
:105D900002D52046FFF790FFAB07EFD400240AF0AE
:105DA0002DF8204605B030BD0393084B0293002325
:105DB0001846CDE90033064901220EF011F92046BC
:105DC000FDF7B8FD6FF01504E9E700BF02BD030061
:105DD000A87B0300014804210EF0F3B8DC03002087
:105DE000044BBFF35B8F1868BFF35B8FC0F3800079
:105DF000704700BFDC0300200048704716BD030059
:105E0000014809F00DBD00BFA805002030B50546CA
:105E100085B00C4619B9FFF7D1FE044608B340F629
:105E200035439D4215D12046FFF73CFF0546B0B1F2
:105E30000D4B029300230390CDE9003318460B4924
:105E400001220EF0CDF82046FDF774FD284605B07E
:105E500030BD0748214611F061F8FFF7D1FF00255A
:105E6000F4E76FF06805F1E71EBD0300A87B0300AF
:105E70005C0400207FB506460D4642F22100032156
:105E8000FFF79CFE044650B90C4B0D490090CDE93C
:105E90000103012203460EF0A3F804B070BD0321F4
:105EA0000C300DF0F9FC21460680857042F221008D
:105EB00004B0BDE87040FFF7A9BF00BF40BD0300BC
:105EC000A87B030070B5C368D9789A781E8886B01D
:105ED00042EA0122ADF8102059791A7942EA0122EA
:105EE000ADF81220D9799A7942EA0122ADF814204E
:105EF0001A7A5B7AB5B242EA032301212846ADF84B
:105F0000163001F009FF044678B91F4B1F49009075
:105F1000CDE901030395034601220EF061F8022149
:105F20002846FFF7A7FF06B070BD04A902F00EF9DE
:105F300038B91E212846FFF79DFF204601F0F0FDED
:105F4000F1E70E2142F22000FFF738FE0546002857
:105F5000F3D00E210C300DF09FFC00230680C0F81A
:105F60000A30BDF810304380BDF812308380BDF890
:105F70001430C380BDF816300381294642F2200058
:105F8000FFF744FFD9E700BF1EBA0300A87B030058
:105F90007FB502460B46304DD5F8541111B900209B
:105FA00004B070BD05F5987009F078FA0028F6D1B4
:105FB0000022002305F5AA7009F01AFA044668B910
:105FC000264A2749274840F6B7330CF038FB84F3BC
:105FD0001188BFF36F8F0323184602DFD5F84831CD
:105FE00083B10026204B21490293012233463046DB
:105FF000CDE900660DF0F4FFD5F84801FDF79AFCF5
:10600000C5F8486120460DF016FCC5F84801204649
:10601000FFF748FEF0B1164B029300230390CDE941
:1060200000331249012218460DF0DAFF114809F039
:1060300011FA2046FDF7CAFB0F4B0C2202FB003081
:106040001F2140882246FFF713FC2046FDF772FC13
:10605000FFF7D6FE0120A3E7080300202FBB0300B3
:10606000ABB9030091BB03005ABD0300A87B03003A
:106070001EBD030038040020743400202DE9F04FC9
:1060800005468DB016460C4631B9FFF797FD04461C
:1060900048B96FF0680089E0887AFDF78FFB4F4BB5
:1060A000834240F094800DF11808012200214046FF
:1060B00010F04DFF2046FDF789FBDFF824A10C23EB
:1060C00003FB00A0C0F8088020460DF0B4FB014699
:1060D000444810F023FFFFF793FE11F09DFB424B65
:1060E0001A58424B9A4220D1DFF804B13D4810F0D3
:1060F0002AFF002181464FF4A020FFF749FF074601
:1061000088B93C4A3C484FF4D47359460CF097FA8E
:106110003A4829460CF093FA87F31188BFF36F8F42
:106120000323184602DF4C45E0D14FF4A0220023A0
:10613000404609F0B3F9074698B14FF4D7732D4A9A
:106140002F492D480CF07BFA2E483A4629460CF090
:1061500076FA002383F31188BFF36F8F0323184669
:1061600002DF2046FDF732FB0C2358431AF800707B
:106170002FB3254B25490395CDE90473244B029396
:1061800000231846CDE9003302220DF029FF093F14
:106190002046FDF7CFFB092F0ED8DFE807F01B0DD7
:1061A0000D0A050D0D0D0D186FF00B000DB0BDE8BB
:1061B000F08F6FF00C00F9E76FF00400F6E716B10E
:1061C00034600020F2E72046FDF7B4FBF9E76FF0FA
:1061D0001500EBE76FF06E00E8E700BFB80900209C
:1061E000743400205C04002008000000D029002046
:1061F00075BD03002FBB030091BB03007DBD0300F1
:106200009DBD0300A6BD0300C8AD0300A87B03002D
:10621000EBBD0300F7B5144B93F99B30002B0546FB
:106220000C461DDA14B9204603B0F0BD082C01AAB3
:106230004FF0000142F21800264628BF0826FFF75B
:106240001DFF0028F0D1019FF96832460131284630
:1062500011F0A9FA3846FDF76DFB3544A41BE1E7C0
:106260006FF08500E0E700BF0803002070B586B03E
:1062700006460D4605AA002142F22F00FFF7FEFE5A
:10628000044660B11D4B02930023CDE900331C4945
:10629000012218460DF0A4FE204606B070BD0598F8
:1062A000C368B3F801203280B3F803302B80FDF7C8
:1062B00041FB3388A3F11B02E02A0AD90393114B57
:1062C0000F490094CDE901430222234620460DF0F8
:1062D00087FE2A88A2F5A4739BB244F248118B4230
:1062E000DAD9094B029300230392CDE90033044924
:1062F000022218460DF074FECEE700BF0ABE03006E
:10630000A87B03002ABE03004FBE0300F0B587B090
:1063100005AA002140F60340FFF7B0FE044600281E
:1063200074D10598C3681B788BB9BFF35B8FB64BEC
:106330001A68BFF35B8F02F00902BFF35B8F53E86B
:10634000001F43E80024002CF9D1BFF35B8FFDF759
:10635000F1FA05AA002141F20300FFF78FFE04467F
:10636000002853D1059AA94DD168D1F80100D1F880
:10637000051005F1780303C31046FDF7DBFA21464B
:1063800005AA41F20100FFF779FE044600283DD13D
:106390000598C3685A7885F870205A88A5F8722045
:1063A0001A7985F87120B3F80720A5F87420B3F89E
:1063B0000530A5F87630FDF7BDFA214605AA41F271
:1063C0000200FFF75BFE044600BB059FFA6805F17B
:1063D0008006531C413218685968344603C4083398
:1063E00093422646F7D13846FDF7A4FA95F87C305B
:1063F00013F040030DD1864A86490093CDE901325E
:10640000184601220DF0ECFD6FF01204204607B093
:10641000F0BD05AA002142F20300FFF72FFE04465B
:106420000028F3D1059B7C4EDA68D2F80100D2F83F
:10643000051003C61846FDF77DFA214605AA42F26B
:106440000200FFF71BFE04460028DFD1059CE3682D
:10645000B3F8012091B249B1D97839B1A5F8042136
:10646000DA78114606F1280010F071FD2046FDF79C
:1064700061FA95F87C601F2316F02006A5F82031FC
:1064800018D1022140F66D40FFF798FB0446002822
:1064900000F0A98002210C300DF0FEF901230370F9
:1064A00046702146324640F66D40FFF7E7FD044650
:1064B0000028ABD195F89C301C0712D505AA002105
:1064C00042F21C00FFF7DAFD044600289ED1059831
:1064D000C368D3F80120D3F80530C5E93823FDF7A8
:1064E00029FA95F8D830980623D50DF1120104A8A1
:1064F000FFF7BCFE0446002888D1042142F22400A4
:10650000FFF75CFB064600286DD004210C300DF02F
:10651000C3F9BDF810300380BDF812304380224625
:10652000314642F22400FFF7A9FD044600287FF41B
:106530006DAF082142F20100FFF740FB044600283E
:1065400051D008210C300DF0A7F995F8D82012F0A1
:10655000020F14BF2F230F23910695F8D92048BFAF
:1065600043F0400312F0090F18BF43F40063002208
:106570000370C3F3072343708270C27002714271CB
:106580008271C271214642F20100FFF777FD044695
:1065900000287FF43BAF95F87C30B5F804119A06DB
:1065A00024D4C9B905AA41F20500FFF767FD0446E6
:1065B00000287FF42BAFB5F80431059C4BB9E36894
:1065C000B3F80120A5F804219A881448114610F068
:1065D000BEFC2046FDF7AEF9082140F60140FFF76A
:1065E000EDFA0446F0B96FF068040FE70029F3D123
:1065F0000B4B08490090CDE90103012203460DF041
:10660000EFFC6FF0040401E7DC0300200803002026
:1066100072BE0300A87B0300E003002010040020EA
:1066200096BE030008210C300DF036F910230370DC
:10663000882300224370022720238270C7700271D2
:1066400042718271C371214640F60140FFF716FD89
:10665000044600287FF4DAAE014605AA4FF6014051
:10666000FFF70CFD064628B1234B0094CDE901430A
:1066700023460FE00598FDF75DF905AA31464FF670
:106680000240FFF7FBFC0446C0B11C4B0096CDE96D
:10669000016333461A493A4618460DF0A1FC00F052
:1066A00035FC044600287FF4B1AE01F041FF0446FA
:1066B00000287FF4ABAEFFF78DFBA7E60598C36813
:1066C000B3F80130A5F8C130FDF734F995F8C130C1
:1066D0005B07E4D505AA21464FF60340FFF7CEFC41
:1066E00008B1084BC1E70598C3685B7885F8C030EE
:1066F000FDF720F9D3E700BFB9BE0300DDBE0300FC
:10670000A87B030006BF030010B5FFF7FFFD034B96
:106710001B6813B1BDE81040184710BD9834002025
:10672000F0B52F4E074685B0D6F86C0110F083FA0D
:10673000034660B92B4A2C490090CDE901020122A1
:106740000DF04EFC6FF01204204605B0F0BD6FF066
:10675000020106F1D4000DF052FC01210DF031FCD4
:1067600010EA010539D1214B1F600A4606F59870E1
:1067700010F0EDFB06F5AA7010F0C4FB1C4810F0F9
:10678000CEFC1C491A4800956FF007034FF4C8620D
:1067900009F04CF81849164810F01CFDD6F86C01A9
:1067A000164983681B689847044658B1144B0390F8
:1067B000CDE901530C4900952B46012228460DF0E6
:1067C0000FFCC1E727B905B0BDE8F040FFF79EBD5B
:1067D00006F1C40009F024F8B6E76FF07704B3E7D8
:1067E000080300202FBF0300A87B0300983400207B
:1067F000F01A0020805F002047BF0300695D02009F
:1068000050BF03002DE9F047634BB0F801901988A1
:1068100049F4704291424FF0000602BF1E805F4B68
:106820001E78C378012B08BF5D4B00F1040788B0C8
:10683000054638460CBF93F86F4000240DF056FB18
:10684000394620B306A80DF046FBD5F81130CDF837
:106850001130B5F81530ADF815304FF0010AEB786E
:10686000012B2BD03846FEF7B9FC4E4B0293002388
:106870004D490390CDE90033184601220DF0B0FBDD
:10688000132148460DF0F1FB08B0BDE8F087204623
:106890000DF093FC0346006806909A889B7968681F
:1068A000ADF81C208DF81E30BA88BB7995F804A08D
:1068B0000490ADF814208DF81630D0E706A8FEF746
:1068C0007FFDEB78012B04460AD100F03BFC6FF012
:1068D0008001804610300DF092FB40460DF08BFD9C
:1068E000002CBFD02346B5F8012023F8702B069862
:1068F0009DF81E20BDF81C1020679A719980B5F88C
:106900001730A4F88630B5F81930A4F88C30B5F8F3
:106910001B30A4F88E30EB78E37000226272012BFA
:1069200040F20112A4F8A42024D18DF810A0BDF8E3
:1069300014209DF816300498A4F87B2084F87D304C
:10694000C4F8770000F0FEFB237A154AC3EBC303BB
:106950009918D358C4F87E308B88A4F882308B798C
:1069600084F88430D2E9381303F03F03194301D08F
:1069700000F0B0FD0721204601F0FCF826B1667258
:106980000121204601F0F6F8204601F04BFA20469E
:1069900001F0C6F878E700BF3E390020F24400203D
:1069A000080300206CBF0300A87B030000B5C36888
:1069B000187889B020B109B05DF804EBFEF71CBF70
:1069C000B3F80120ADF80120DA788DF800008DF8D9
:1069D0000320B3F80B20ADF81720B3F80D20ADF865
:1069E0001920B3F80F20ADF81B205A7C8DF81D201C
:1069F000586801901A899B7A8DF80A30094BADF8D6
:106A0000082068461A689B88CDF80B20ADF80F3037
:106A1000CDF81120ADF81530FFF7F4FE09B05DF8A0
:106A200004FB00BF77B9030038B5042104460C30DD
:106A30000CF059FF4578017840882246FEF718FF90
:106A400035B1044808F006FDBDE83840FFF7D8B975
:106A500038BD00BF3804002030B50321044687B09C
:106A60000C300CF040FFE3680578B0F801001978AD
:106A700040F6354398420ED10D4BCDE903130D4B33
:106A800002930023CDE900330B49022218460DF092
:106A9000A7FA07B030BD2246FEF7EAFE002DF8D077
:106AA000064808F0D7FC07B0BDE83040FFF7A8B9AA
:106AB000C8AD030088BF0300A87B03003804002092
:106AC000F8B50A4DEF7906460024E3B29F4202D89A
:106AD0006FF0010007E0294630460DF057FB0735FF
:106AE000631C08B12046F8BD1C46EEE708030020F1
:106AF0007FB51C4E06223146054610F060FD60B39E
:106B0000062142F20500FFF759F8044638B3062281
:106B100029460C300CF0C6FE2146002242F2050048
:106B2000FFF7ACFA044678B110F10D0F09D10E4B06
:106B300002930023CDE900330C49022218460DF0E0
:106B40002DFB204604B070BD33462A6843F86929FE
:106B5000AA88B280012283F868200024F1E76FF050
:106B60006804EEE7710300200CC00300B07B030053
:106B700037B504460D4689B1184928460DF006FB85
:106B800060B9174A2968C4EBC404A3181151AA8834
:106B90009A80AA799A71002003B030BD68460DF042
:106BA0008CF90028F8D16846FFF78AFF0028F5DA4B
:106BB0000B4A00989DF80610C4EBC404A3181051AA
:106BC000BDF8040098809971002DE4D012592A6014
:106BD0009A88AA809B79AB71DDE700BF6AB9030090
:106BE000080300207FB50446D9B9F0B123490DF060
:106BF000CDFAD0B92046FFF763FF002837DA2378B3
:106C0000012B04D1A37903F0C003C02B0DD01C4B82
:106C100002930023CDE900331A49012218460DF0F2
:106C2000BDFA6FF0150004B070BD174DEB79012B64
:106C300020D0BFF35B8FD5F8D430BFF35B8FDB0779
:106C400007D4002CEDD00D4920460DF09FFA002806
:106C5000E7D1EE792146731C3046EB71FFF788FFD0
:106C600008B93046DFE7EB79013BEB71DBE76FF00A
:106C70007700D8E76FF00B00D5E700BF6AB90300D3
:106C80001BC00300B07B0300080300202DE9F04186
:106C9000044686B060B9204B20490090CDE901033D
:106CA000022203460DF07AFA002006B0BDE8F0811A
:106CB00005AA002141F20900FFF7E0F9054640B1BD
:106CC000174B02930023CDE90033144902221846E2
:106CD000E8E7059E1349D6F80C8008F10107062263
:106CE000384610F06CFC28B10F490622384610F0E7
:106CF00066FC18B93046FCF71DFED5E7D8F8013020
:106D0000C4F80130BB88A4F8053030462570FCF784
:106D100011FE0120C9E700BF49C00300B07B03009A
:106D200062C0030077B9030071B9030007B5684674
:106D3000FFF7ACFF044BD87118B169460020FFF78C
:106D400017FF03B05DF804FB08030020F0B5324DD7
:106D5000EC798DB0002C58D195F8C26016F0010680
:106D600015D12E4B2E490094CDE901430222234632
:106D700020460DF013FAEC71162600240127EB795A
:106D8000E0B298422CD3002B3FD000203BE004AA75
:106D900021464FF60940FFF771F908B1214BE1E7B1
:106DA000DDF810C0DCF80C104B7823B96046FCF716
:106DB000C1FD1D4BD6E78B1C06AA01F11204186811
:106DC0005968174603C70833A3423A46F7D11868F3
:106DD00038609B88BB806046FCF7ACFD3446CAE750
:106DE0000CAB06FB003304A953F8182C33F8143C01
:106DF000CDF81120ADF815308DF81070FFF7B8FE02
:106E000001340028BBD00DB0F0BD002108460DB004
:106E1000BDE8F040FFF7E6BE0803002080C0030095
:106E2000B07B0300ACC00300CCC003002DE9FF41E0
:106E300090460E461D46024678B173B13103047880
:106E400017D573070ED52E4B02930023CDE90033DF
:106E50002C49012218460DF0A1F96FF0150004B07D
:106E6000BDE8F0810DF0B6F90028F8D101232B70B0
:106E70002EE0F7072ED5244FB8F1000F13D0B0063F
:106E80000AD4C4EBC403FB5C012B11D02B70B206F7
:106E90001ED543F00203EAE797F8D8305906F0D43C
:106EA0006FF08500DBE7C4EBC403FB5C012BDED194
:106EB000072101FB0471013110460DF083F9002810
:106EC000CDD1C4EBC4043B5D2B70B8F1000FDED113
:106ED0000020C4E773070ED50B4EC4EBC407F35D67
:106EE000012BC4D1072111FB043131440DF06AF9A3
:106EF000F35D2B70B3E70DF06DF90123F9E700BFE7
:106F0000F5C00300B07B0300080300207FB5134EDB
:106F1000F5791DB10024204604B070BDFFF706FFCF
:106F2000044650B10E4B0F490095CDE901530122A3
:106F30002B4628460DF032F9EDE7F579002DE9D121
:106F4000FFF704FF04460028ECD1701CFFF7D0FDCA
:106F500004460028DED0044BE5E700BF080300200C
:106F600014C10300B07B030033C103002DE9F04FCF
:106F700087B00C46202104909246FEF71FFE05467E
:106F800000285AD020210C300CF086FC2022002151
:106F9000814610F030FC09F1010B04EBCA0A00260F
:106FA000D4F800800023626893420CD30834A245D1
:106FB000F6D1049889F800600022294607B0BDE8A0
:106FC000F04FFFF75BB898F8012098F800C0B01CAC
:106FD00081181F291AD9BCF1090FC0F11F0201D174
:106FE000002A11DC164B029300231846CDE900332A
:106FF000144901220DF02DF92846FCF79BFC6FF097
:10700000150007B0BDE8F08F4FF0080CD7B2791C1F
:107010000BF80610711CC9B25BFA80F00BF801C0C6
:10702000D8F804100593023710F0BDFB059B3744D8
:10703000FEB2013308F10808B5E76FF06800E0E739
:1070400056C10300787B0300F8B54568690506461C
:1070500035D4046914B115F0010330D0194F3078DC
:10706000FB7983422BD9C0EBC00017490722384473
:1070700010F0A5FAA8B115F0010306D197F8702019
:10708000082A02D8B2689F2A19D915F0300F09D002
:10709000ACB1EA060AD405F46035B5F5603018BF26
:1070A0000120F8BDEB0601D4002CF4D1D6E902236F
:1070B0009A4204D81F2A02D9B3F5804FEBD9002099
:1070C000EFE700BF080300206AB9030008B50449D0
:1070D0000722093010F073FA003818BF012008BDEC
:1070E0006AB90300F8B5154B067883F86F6004465B
:1070F0000D46FFF7EBFF70B91149304601F062F819
:10710000044610B96FF00B00F8BD052100F032FD08
:107110002C600020F8E704F109073946304601F0F9
:1071200095F840B92078394601F04CF8044600281B
:10713000E8D00621EAE76FF01500E5E70803002034
:1071400063B9030000487047200300202DE9F04F89
:107150008DB0D1F810A005930023BAEB03040646C6
:107160009548079318BF01240DF05EF847070D46B8
:10717000934640F118810846FFF766FF28B96FF083
:10718000150420460DB0BDE8F08F28460DF039F803
:1071900081460028F3D006F1100840460DF044F86F
:1071A000C0F3C013000600F10181CDE90933CDF829
:1071B0002B30AB686868ADF82030EB68ADF8223052
:1071C0000DF023F86FF400718DF82D007A480DF062
:1071D00031F87A4A2B78337082F86F30696822462A
:1071E0000DF125033046FFF721FE04460028C8D1E3
:1071F00006F10903BAF1000F18D02A691168C6F820
:1072000009109188998092799A7128460DF0BEF8FC
:107210006B68D90707461BD49B0503D4169B0BB993
:10722000022F63D102238DF8243023E0644A1168D1
:10723000C6F80910918892799A71998028460DF0C4
:10724000A5F86B68DA070746E6D58DF824A011E0AB
:1072500013F0100F0CBF012304238DF824302B6989
:107260001A68CDF826209A88ADF82A209B798DF8E7
:107270002C30A1460F2142F20600FEF79FFC044687
:10728000002800F096800F2208A90C300CF00AFBB1
:107290002146002242F20600FEF7F0FE04460028D6
:1072A0007FF46FAFBAF1000F26D06B68DC0731D4E2
:1072B000304601210DF07AF8079E044600286AD076
:1072C0000025404B0293CDE900553F492B46012252
:1072D00028460CF0BEFF002E3FF453AF304629463F
:1072E00000F048FC304600F01BFC4AE70323DDF8C1
:1072F00058908DF82430BDE7179B0093CDE9019796
:10730000169B059A594630460CF0C9FF04460028E2
:10731000CBD036E707A93046FFF7E4FE0446002845
:10732000C6D010F10C0F7FF42CAFBAF1000F7FF430
:1073300028AF6B6898073FF524AF6C6884F00204AF
:10734000C4F3400404F001020E2140460CF090FF0B
:107350007B1E5A425A41082140460CF089FFB91E53
:107360004A424A41404609210CF082FF6A680A21DC
:1073700002F0010240460CF07BFF4A460B214046DA
:107380000CF076FF6A680D21C2F3800240460CF0D3
:107390006FFF0024F5E616B1304600F0C1FBBAF1EC
:1073A000000FCFD1C9E76FF00A04EAE66FF0770467
:1073B000E7E66FF06804E4E6DC0300200803002041
:1073C0006AB903006FC10300787B030073B51546EB
:1073D000069A0C46CDE900322B460A460146114872
:1073E000FFF7B4FE21460646002340F201109D42FD
:1073F00002D1304602B070BD0A88824204D14A6888
:1074000012B11278D20702D401330831EFE70649EE
:1074100006480FF08AFE4FF470220023034808F05C
:10742000A1FAE6E720030020A97402003803002037
:1074300010B519480CF0DFFF18486FF480410CF0CC
:10744000F9FE16480CF0F0FE03461A06C0F3C01011
:1074500021D512480CF0E8FE430513D50E48FFF77E
:1074600035FE0F490346087E93B90E49052200F008
:1074700019FF044630B10021417200F07BFB204629
:1074800000F04EFBBDE81040034800210CF08EBF19
:1074900006222131EBE710BD20030020300300203D
:1074A0000803002063B903001FB5FFF7C1FF50B107
:1074B000064B029300230390CDE9003304490222D6
:1074C00018460CF0C6FE05B05DF804FB8AC1030047
:1074D000787B030070B53848374C86B00CF0A4FEBA
:1074E00010F4804F3DD020460CF09EFE030638D4A9
:1074F00020460CF099FE460533D505A9A4F11000ED
:10750000FFF7F0FD68BBA4F11000FFF7DFFD0246B6
:1075100020460CF089FEC0F3803120460CF084FE3A
:1075200081F0010145054FEA4101234848BF41F080
:1075300001010CF079FE800448BF41F004011F48AE
:107540000DF11303FFF772FC054660B11C4B02936B
:1075500000230390CDE900331A49012218460CF0AC
:1075600078FE06B070BD154801210CF01FFF059E86
:1075700028B9304606B0BDE8704000F0D1BA2946BF
:10758000304600F0F7FA6FF480410B480CF052FEE1
:107590000546304600F0C4FA6B04E2D5BFF35B8FBA
:1075A00054E8003F43F4804344E80032002AF7D116
:1075B000BFF35B8FD5E700BF30030020200300201E
:1075C000A9C10300787B030070B50C4B1C6805460D
:1075D00044B154F8183C183C13B1697A28469847CE
:1075E000A469F5E7064C074EB44200D370BD23688A
:1075F00013B1697A284698471C34F5E7F434002023
:10760000187B0300507B030010B50446FCF7DEF83E
:10761000044901EB001120460CF091FCBDE810403C
:10762000FEF7EEBB9C34002070B5D1E90156002274
:107630000446C1E9012206480FF070FC3DB1314615
:1076400020462B466FF06D02BDE87040184770BDB4
:10765000F008002070B5002205460E4609480023B8
:107660000021FCF7D5F8044658B1FCF7AFF8064BFB
:10767000324603EB001329462046BDE870400CF06B
:1076800039BC70BD8C0900209C34002070B5837A11
:10769000072B86B004464ED1BFF35B8F043050E811
:1076A000003F43F0800240E800210029F7D1BFF3FA
:1076B0005B8F19063FD40CF0CCFE10F4005F1F4E18
:1076C000C0F3403521D096F8D8309A0633D50CF067
:1076D000A2FC80B30DF1160105A8FEF7C7FD054613
:1076E00048BBBDF81620BDF8141020460CF0FAFC7B
:1076F00008B3134B0390CDE90153124900952B4673
:10770000012228460CF0C2FE15E096F8D8301B077F
:10771000D9D520460CF0CCFC50B10B4B0390CDE9F1
:107720000153084900952B46012228460CF0AEFE75
:10773000A37A072BC7D006B070BD00BF0803002096
:1077400007C20300907B0300E6C1030070B5054645
:107750000F480022002307F0A1FEB8B90D4B1C68AA
:1077600034B154F8103C183C03B19847A469F7E7CA
:10777000094C0A4EB44204D32846BDE8704008F0D4
:107780004FB8A36803B198471C34F3E770BD00BF3E
:10779000C0080020F4340020187B0300507B030055
:1077A0002DE9F843DFF85480044640270025EFF325
:1077B000118387F31288BFF36F8FE16929B983F3CF
:1077C0001188BFF36F8FBDE8F883206A0A68E26111
:1077D000814208BF226283F31188BFF36F8FD1E922
:1077E00001694046C1E901550FF098FB1EB1002226
:1077F00049462046B047FEF703FBD8E7F0080020D3
:107800000448B0F80431002B00F5847008BF002054
:10781000704700BF0803002030B504460FF0FCFF9E
:107820000D460C490C4A095891428BB005D12046AF
:107830000BB0BDE83040FFF7B3BF243421461046FB
:107840000FF033FC1DB1694620460FF03EFC0BB033
:1078500030BD00BF08000000D029002038B500224C
:1078600004468A4202D10024204638BD04F1CC03EC
:107870000120BFF35B8F53E8005F002D04D143E884
:10788000000CBCF1000FF6D1BFF35B8F02D0D034F7
:107890000244E6E7002CE6D0CC22002120460FF07F
:1078A000AAFF04F1400004490FF03FFC034904F132
:1078B00024000FF0CFFBD7E701840200AB440300A4
:1078C000F0B50D4687B0012116460446FFF7A4FF28
:1078D000002128460CF0A1FB012E20D0022E54D10D
:1078E000236963B1434B029300231846CDE900336B
:1078F000414901220CF0CAFD20460CF0D9FD284672
:107900000BF099FF20612269138A012B49D8208846
:107910000CF085FB012128460CF07FFB10E0236969
:1079200063B9364A34490093CDE9013218463246EC
:107930000CF0ACFD20460CF0BBFD01E02F8A2FB906
:10794000284607B0BDE8F040FBF7F4BF03F10C0098
:107950000BF0DDFF874211D90027294B26490293FE
:1079600032463B463846CDE900770CF08FFD216961
:107970003A46204600F09EFF2761E1E720692A8A07
:10798000E9680C300BF08EFFBDE71E4B029300231D
:10799000CDE9003318490396012218460CF076FD14
:1079A000C8E7D26816880436B6B2B342AFD32846C9
:1079B000FBF7C0FF21690B8A9E4211D2CDE9033645
:1079C000114B029300231846CDE900330A490122E6
:1079D0000CF05CFD204607B0BDE8F0400CF068BD3F
:1079E000002301222046236107B0BDE8F04000F0EB
:1079F00061BF00BF23C20300907B030040C20300AD
:107A00005EC2030085C20300A3C2030038B5012291
:107A1000044600F1C003BFF35B8F53E8005F43E807
:107A200000210029F9D1BFF35B8F5DB90CF049FD4E
:107A3000084BC4F8BC50D3F8281104F1BC0229B992
:107A4000C3E94922BDE83840FEF7DAB90A60C3F855
:107A50002821F7E70803002070B52E4DD5F8244102
:107A600014B90026304670BD2B4B5A8B22B1B5F8A5
:107A700004312BB99B68FFDE1B68002BF1D0F6E7C1
:107A8000D5F81031002BECD0244B1B68002BE8D02C
:107A900054F8143C002BE4D054F8103C002BE0D0F8
:107AA00054F80C3C002BDCD014F8B22C072AA4F1BB
:107AB000BC060DD13046984750B104F108000CF0D7
:107AC000C8FC022804DC3046BDE870400CF0F9BC6C
:107AD000D5F8243143B1D5F828111A68C5F8242106
:107AE0008B4208BFC5F82821231D0022BFF35B8FFE
:107AF00053E8001F43E800200028F9D1BFF35B8F53
:107B0000304654F80C3C98470028ABD03046FFF77D
:107B10007DFFA7E7080300208C090020F008002063
:107B200037B5CC3010F8CA5C10F8C94CBFF35B8F86
:107B300050E8003F5A1E40E800210029F8D1BFF369
:107B40005B8F01A801930CF084FC01280BD107483E
:107B500007F080FC064807F063FE012D03D1012CDD
:107B600001D1FFF7B7FC03B030BD00BFC008002053
:107B7000D80500207FB5867A8E4204460D4612D184
:107B8000082E96BF5B4B5C4B53F8263003935B4B40
:107B900002930023CDE900335949022218460CF024
:107BA00075FC04B070BD817226B98378082B01D0B2
:107BB0000CF087FCA37A082B00F2988001A252F8FF
:107BC00023F000BF237C0200997C0200A37B02000B
:107BD000A37B0200A37B0200A37B0200A37B020025
:107BE000E97B0200A37B0200A378042BD9D045488F
:107BF000002108F0C3FB0023C4E90D33E378012B17
:107C0000CFD1A378012B04BF032384F894304FF421
:107C10002032002304F1400004B0BDE8704007F0BA
:107C20006DBEA378042B05D1204604B0BDE870409A
:107C3000FFF776BF082EB4D801A353F826F000BF93
:107C4000937C0200657C0200857C0200297C020096
:107C5000297C0200297C0200857C0200937C0200C2
:107C6000937C020001212046FFF7D6FD20460CF050
:107C70001FFC0022002304F1400004B0BDE8704066
:107C800007F070BE637A002BCED02046FFF79CFC35
:107C9000CAE71D4B03957BE7637A3E2B0AD11B4B4A
:107CA00002930023CDE900331549039402221846BC
:107CB0000CF0ECFB164D05F58476616921B904B032
:107CC000BDE87040FEF79CB8A2690B686361914201
:107CD00008BFA3612046FFF7A7FCB5F80431002BCD
:107CE00014BF3046002007F0B5FBE6E7094B0395CB
:107CF0004EE700BFD0830300BEC20300C8C203002A
:107D0000907B0300E8050020D9C20300F0C2030005
:107D10000803002017C303007FB5024606460C4641
:107D20000D4801210CF0E8FB054618B9002528464E
:107D300004B070BD83782340F9D1084A08490396FE
:107D4000CDE901321846009302220CF09FFB284631
:107D5000FFF7E6FEEAE700BF901B002033C30300F5
:107D6000907B0300F8B5074609480D4616460CF00F
:107D7000A8FB044650B183781F4203D1BDE8F84008
:107D8000FFF7CEBE3146A8472046F7E7F8BD00BF53
:107D9000901B0020024900220120FFF7E3BF00BF33
:107DA0008D760200034BC01A034B00115843C0B23A
:107DB000704700BF901B0020C54EECC47FB51C4629
:107DC000144305460E4608D00FF026FD104908580A
:107DD0001049884204BF002213460F49002D14BFEA
:107DE000284608460BF0F8FC044658B90B4B0C49E2
:107DF0000090CDE90103022203460CF047FB204628
:107E000004B070BD711D0C300BF03BFDF7E700BFF7
:107E100008000000D0290020080900204AC3030000
:107E2000907B030010B50446054807F0F9FC204696
:107E300000F0E4FB2046BDE81040FFF7C5BB00BFE3
:107E4000C80500202DE9F04F8BB000250795099556
:107E5000FFF702FE0446C8B1837A072B1FD07C4B84
:107E60000390CDE901537B4900952B460222284619
:107E70000CF00CFB4FF0FF31D4F8A83008AA2046D4
:107E80009847014628B92046FFF74AFE0BB0BDE8E7
:107E9000F08F099B079A20460CF0E1FAEAE7DFF839
:107EA000B891D0F8A830B9F8041108AA9847064646
:107EB0000028E8D0B9F80421089B9A4206D301466D
:107EC000D4F8AC5009AB07AA2046A847338A099FCB
:107ED000DDE9078B002B00F0B78030460CF056F838
:107EE0008246C0B16FF00403CDE903345B4B0293CB
:107EF0000023CDE900331846564901220CF0C6FA9A
:107F000031462046099B079A0CF0A9FA1321204616
:107F10000CF014FBB7E7B9F804315148002B08BF47
:107F200000200022002307F0B9FA10B16FF00B0314
:107F3000DAE74C480022002307F05AFA05460028E9
:107F4000F4D0C0E90187B9F80471338ABB4598BF02
:107F50001FFA8BF7BB4243D930460BF06CFC394615
:107F6000FFF778FBB9F8043194F8C8809B458CBFC3
:107F70004FF0010A08F1020884F8C8A0074698BF2C
:107F80005FFA88F804F1C40ABFF35B8F5AE8003F38
:107F900001334AE80032002AF8D1BFF35B8F002397
:107FA0002B60A369FBB9C4E90555A378012B1DD14A
:107FB000042107F10C000BF086FC238808F0FD0873
:107FC00043EA083303803B8A043B438002233B7629
:107FD0003846FDF767FE804650B9FDF711FF52E7BE
:107FE00039463046BCE71D60A561DEE76FF0150835
:107FF000BFF35B8F5AE8003F013B4AE80032002A9A
:10800000F8D1BFF35B8F294604F114000CF0F6F9A8
:10801000154B02930023CDE90033184601220D4988
:10802000CDF80C800CF032FA3846FBF783FC204682
:108030002946FFF7F9FAB9F804310948002B08BFBF
:10804000002007F007FA4DE76FF079034CE700BF17
:1080500073C30300907B0300080300208AC303005E
:1080600010040020F00800201EBD0300F8B5031D19
:10807000044618460CF0EDF9420519D5B4F88620EF
:10808000B4F88810914213D8B4F88A1091420FD3F3
:10809000D4E9231291420BD1BFF35B8F53E8001F49
:1080A00021F4806143E80012002AF7D1BFF35B8F0F
:1080B000104B1D686DB155F8086C183D3EB1B4F811
:1080C0008E30B4F88C20B4F886102046B047AD69E5
:1080D000F0E7094D094FBD4200D3F8BD2E693EB10E
:1080E000B4F88E30B4F88C20B4F886102046B0472F
:1080F0001C35F0E7F4340020187B0300507B0300AC
:10810000F8B50F4B1C6805465CB1183C00F1A4069D
:10811000636913B1314628469847A4690CB1183CED
:10812000F6E7084C084E05F1A407B44200D3F8BDA9
:10813000636913B13946284698471C34F5E700BFF8
:10814000F4340020187B0300507B03002DE9F0413C
:10815000074608460D460BF063FF064618B9002691
:108160003046BDE8F081144B1C6884B154F80C3CD7
:10817000183C0BB9A469F8E7294638469847002807
:10818000EDD028460BF04CFF0028F3D1E7E70B4C6D
:10819000DFF82C804445E3D2E3680BB91C34F9E7DF
:1081A0002946384698470028D9D028460BF038FF92
:1081B0000028F3D1D3E700BFF4340020187B03007C
:1081C000507B030038B505460C460E480121FFF7E9
:1081D00045FBB0B1057223680367A388A0F874302B
:1081E000A37980F8763001238370074BC0F8A8305C
:1081F000064BC0F8AC30064BC0F8B030054BC0F8A9
:10820000883038BD901B0020FD8602003F440300EB
:10821000334403001800280070B505460A480E468E
:108220000CF04FF9044620B18378012B04D0FFF7FE
:1082300077FC0024204670BD324629460CF09EF99A
:108240000028F7D12046F2E7901B002030B587B018
:108250000D46FFF7E1FF0446D0B12846FCF7BEFF0C
:10826000A37A0C490394082B96BF0B4A0B4B52F888
:108270002330CDE904030A4B029300231846CDE9CD
:10828000003302220CF002F92046FFF749FC0120DE
:1082900007B030BD907B0300D0830300BEC2030053
:1082A000ADC30300F8B505460E480E4617460CF060
:1082B00008F9044620B18378012B03D0FFF730FC86
:1082C00000240DE036B1324629460CF057F908B9C2
:1082D0002046F3E7A37ABB42FAD1237AAB42F7D127
:1082E0002046F8BD901B002010B583780B70C37832
:1082F0004B70037A8B70837A023BDBB2062B96BFFE
:10830000234A0023D35C81F82030012381F82130F7
:1083100000234B848378012B37D100F170038B60ED
:10832000037A1C4AC3EBC30313444B60C47800F1C7
:108330007E0300F1770214B11C4613462246C1E9C0
:108340000323B0F886308B82B0F88C30CB82B0F843
:108350008E300B8300F1A403CB61D0F8A0302BB199
:108360005B7BDA0644BF012381F82330D0F8A030CC
:1083700013B15B7B9B0601D4002010BD91F8233024
:1083800043F0020381F82330F6E76FF01500F4E7BD
:1083900035C403000803002038B5044608460D46DE
:1083A0000BF03EFE38B3154B93F8D830990707D43D
:1083B000E37873B129462046BDE8384000F0B2BAF0
:1083C00094F895309A07F3D5201D0CF042F8030578
:1083D000EED4294620460CF00FF958B92B88A4F8A2
:1083E00088306B88A4F88A30AB88A4F89030EB888A
:1083F000A4F8923038BD6FF01500FBE708030020A9
:10840000F0B510F8363C87B00446A0F140070BBB2E
:1084100038460CF0DCF93F4B1D684DB155F8143C63
:10842000183D1BB114F8371C38469847AD69F4E77E
:10843000394D3A4EB54205D3384607B0BDE8F04055
:10844000FFF76EBB6B681BB114F8371C38469847B2
:108450001C35EFE710F83E3C012B31D1BFF35B8FA9
:10846000A0F13C0555E8006F26F4806345E8003232
:10847000002AF7D1BFF35B8F16F480662ED0A36C71
:10848000049304A9236D05933846FFF785FFC8B907
:10849000BFF35B8F55E8003F23F4007345E80032DB
:1084A000002AF7D1BFF35B8FBFF35B8F55E8003F26
:1084B00043F4807345E80032002AF7D1BFF35B8FA5
:1084C00007B0F0BD164B02930023CDE900330390B3
:1084D0001449022218460BF0D9FFE5E7124A10684A
:1084E000516804AB03C304A93846FFF755FF50B9E0
:1084F000BFF35B8F55E8003F43F4007345E800325B
:10850000002ACFD0F6E7094B0390CDE9016300962E
:108510003346DDE7F4340020187B0300507B030072
:10852000E6C30300907B03005C7F03000BC40300E1
:1085300070B50C480C4D0B4E0EF0E4FC002429469F
:10854000304601340EF0EAFC062C05F10C05F6D19C
:108550000CF024FD0DF06FF9044608B90CF084F915
:10856000204670BDF0080020AC340020F0B5002398
:1085700085B005460F46164604214FF48032002090
:10858000FFF71CFC044660B90A4B0B490395CDE983
:1085900001030090034601220CF081F8204605B04B
:1085A000F0BD04210C300BF077F905704770468060
:1085B000F4E700BFC5C40300B87B03001FB50B4C34
:1085C000226800232AB90A4B636010460C6004B08D
:1085D00010BD084A0390CDE90132184606490093C0
:1085E00001220CF05CF86FF00B00F0E7FC34002087
:1085F00014840300EDC40300B87B0300F7B5274DD6
:10860000274F04460026BD4201D303B0F0BD6B687E
:1086100001A92046984700283BDB019B2A889A82C3
:108620009A8403F11002A868BFF35B8F52E8001F21
:1086300042E8006CBCF1000FF8D1BFF35B8FC3E9D7
:1086400013669E649E60A16B03F1080219BBC4E926
:108650000D221C60D86003F130000EF053FC01982D
:1086600043681B6803B19847019BBFF35B8F1033CE
:1086700053E8001F41F0010143E80012002AF7D13E
:10868000BFF35B8F01984368DB6913B100F1100100
:1086900098470C35B7E70A60A263DAE7F47A03007B
:1086A000187B030070B5002A0E7A054614BF02201D
:1086B0000120864286B00FDD0E4B02930023CDE9E8
:1086C0000306CDE900330C49012218460BF0E7FF01
:1086D0006FF0150006B070BDC87A0728F8D98A6116
:1086E000CB6105F130000EF019FC28460BF0E7FFD6
:1086F0000020EFE714C50300B87B03002DE9F04329
:10870000D0F8B44085B00E4690464CB1483C236B3F
:108710006BB104F1300948460EF015FC054658B916
:10872000FDF76EFB0025284605B0BDE8F083204626
:108730000BF0E5FFA46CE8E70BF028FC58B1274BE1
:1087400002930023CDE90033254903950122184601
:108750000BF0A5FFE6E7236D9BB9A38C2F8A403B66
:108760009BB23F2B03D8238D9F4228BF1F46042175
:1087700005F10C000BF0A7F80780A38C43800437A9
:108780002765236D2A8A9E420ED3934215D0A38C6F
:10879000403B9BB23F2B1ED920460BF0B0FF236B12
:1087A00013B120460BF08BFF236DC8F800309E42BA
:1087B00034BF9E1B00262665B5E7002200234846ED
:1087C00006F016FEA38CA3F140023F2AE4D8054A26
:1087D000AA61EB61E0E700221346F9E734C5030024
:1087E000B87B03001948030070B50B8A032B86B0D1
:1087F00006460C4603D8294B029300231CE00421B3
:1088000004F10C000BF06FF8238A42889A42054667
:108810000ED0CDE90332224B02930023CDE9003381
:108820002049012218460BF03AFF002006B070BD27
:1088300043784BB91C4A0292CDE900331949012211
:1088400018460BF02CFFF0E70378012BEDD0132B2B
:1088500003D1012AE9D8154BCEE700240393144B2A
:1088600010490293022223462046CDE900440BF032
:1088700016FF6978366802220120FFF777FE054669
:108880000028D2D002210C300BF006F829460470E3
:10889000447030460BF0CDFFC7E700BF4CC5030066
:1088A0006AC50300B87B03008BC50300ACC5030099
:1088B000C8C5030030B50B8A032B85B005460C46AE
:1088C0000FD8154B02930023CDE900331349012241
:1088D00018460BF0E4FE204605B0BDE83040FBF73B
:1088E00029B8042104F10C000AF0FDFF4188284654
:1088F0000BF0B0FF034648B9094A0391CDE90102E4
:108900000649009002220BF0CAFEE4E743682146C4
:108910005B699847DFE700BFF0C50300B87B030041
:108920000DC6030070B5124B0C4619780131C9B25F
:10893000012938BF01210546082212201970FFF7CE
:1089400015FE064688B108210C300AF0A5FF2288E2
:10895000028062884280A2888280E288C28031469A
:108960002846BDE870400BF064BF6FF00B0070BD8F
:10897000F344002023281FD81A2804D8431E182B9C
:108980000ED906207047A0F11B03082B1ED8DFE884
:1089900003F0051D1B231D19251D0500032070472D
:1089A0000F4A012383401A40C2B90E4A1A40002AD6
:1089B00014BF01200620704700F07F03522B05D121
:1089C00000207047012070470520704710F0400FCD
:1089D0000CBF06200020704704207047022070471B
:1089E000AAAA8A0254554501011F01480EF0DAB9BE
:1089F0004C08002070B50D46438B418D8B4202F12F
:108A0000010228BF0B469A4286B006460FD9CDE92F
:108A100003321E4B02930023CDE900331C4902228E
:108A200018460CF021F80024204606B070BD2846F8
:108A3000FFF7A0FF022816D0042814D04FF0FF3211
:108A40004FF0FF33134800210BF0D9FE044670B9F4
:108A5000114B0F490395CDE9010300900346012214
:108A60000CF002F8DFE74FF470220023EAE7FAF790
:108A7000ADFE0A4B182202FB0033012104F10C0069
:108A80009E600AF009FF0570CEE700BF49C60300EB
:108A9000807B030034090020C5C40300503500204A
:108AA0002DE9F04F93B0166880460F46002542F638
:108AB00001030068D6F804908DF834500DA91446CF
:108AC000ADF836300BF0ABF9002876D04FF42053D8
:108AD000D8F800008DF834500DA9ADF836300BF001
:108AE0009EF938B1A3681BB15A88BA4200D25F80A0
:108AF00001200EE0616808460BF0C1FE728D738B99
:108B00009A4294BFC0EB0200C0EB0300032803D8D5
:108B1000002013B0BDE8F08F08460AF090FE05462D
:108B200060680BF0ACFE728B738D05F10C0B9A42F2
:108B300094BFC0EB020AC0EB030A58460AF0E7FEF6
:108B400082453DD260680BF09AFE728D738B9A421B
:108B500094BFC0EB0200C0EB030070B96368987A61
:108B6000FAF72CFE002200230AF036FE0546002804
:108B7000CED0014660680AF073FE002300931023F4
:108B8000D8F804600DEB030241464846B047061E84
:108B900013DB227CE068B24231D001460DA80BF015
:108BA0006CF9034680B9227C0392174A1749009357
:108BB000CDE9013202220BF057FF0023A36097E7B3
:108BC00058460AF0A4FEC8E7F2B204A908A80BF0C0
:108BD00054F9034610B90E4A0396E7E708A90DA811
:108BE0000BF01DF90028E8D100236374042105F17E
:108BF0000C000AF051FEA0600780A36877E704A983
:108C00000EF0DDFCEEE700BF6EC60300807B0300C4
:108C10008DC6030010B500F154030446BFF35B8F0B
:108C200053E8001F41F0010143E80012002AF7D188
:108C3000BFF35B8F201F0BF0D4FE04F174000449D6
:108C40000EF073FA2068BDE8104001F01FBD00BFB0
:108C5000899A02002DE9FF4105460E464FF00008B3
:108C60004FF42053006817688DF8088002A9144655
:108C7000ADF80A300BF0D3F8A0B142F60103286832
:108C80008DF80C8003A9ADF80E300BF0C8F848B190
:108C900023691BB15A88B24200D25E80012004B021
:108CA000BDE8F081616828680BF0B9F810B10023C5
:108CB0002361F3E7E368A0681A786AB1B7F82AC0BD
:108CC000798B038A8C4594BFC3EB0C03C3EB010380
:108CD000934201DA0020E2E704210C300AF0DCFDC7
:108CE0002061068023695E80074B00930194A2688F
:108CF0000023294638460BF0C6FE0028EADB20692F
:108D0000003818BF0120CAE7494A0300F0B587B010
:108D100004460F4635480022002304A906F086FACF
:108D2000054678B1324B02930023CDE9003303941A
:108D30000122304918460BF097FE6FF00B063046C3
:108D400007B0F0BD0EF068FD2B4B049E1A582B4B5C
:108D500029461A60301D28220EF04DFD3460049C17
:108D600027480595C4E90155C4E9095500220023A7
:108D700005A906F05BFA064640B123680393214B30
:108D80000095CDE9015302222B46D2E7059B01460F
:108D9000B02218460EF02FFD1B4A826060300EF0A4
:108DA000B1F8059BBFF35B8F583353E8002F43E8BE
:108DB00000610029F9D1BFF35B8F059B1C60636ADA
:108DC000059D1BB904F10C000EF09CF8626AC5F811
:108DD000A820A26A05F1A803636202B9A362059BF9
:108DE00017225A855A8304333B60A8E714080020F1
:108DF000ACC60300807B030008000000E0350020C3
:108E00004C080020D1C60300F80500202DE9F743E7
:108E1000176805468846006851687E6814460AF05F
:108E2000FEFF8146002842D13046952229460CF0AB
:108E3000AEFB0646207540B1E3681B780BB184F8A1
:108E40001490002003B0BDE8F083A0680AF0F7FC9E
:108E500002210C300AF020FD164B2061A0F80080A2
:108E600000930194A2683346294638460BF00BFE66
:108E7000002807DA10F1FF0F26BF4042C0B20E20D3
:108E80002075DEE72369002BDBD0A0680BF0F7FC30
:108E90007B8D7A8B9A4294BFC0EB0200C0EB03003B
:108EA000E3681B78984294BF00200120CAE70120A4
:108EB000C8E700BF8F4803002DE9F04F074685B093
:108EC00008460C46FAF782FCDFF8E080182242439D
:108ED00008EB02010646D1F80890E068BFF35B8F0B
:108EE000BB6DBFF35B8F13F001030ED1304A3149E4
:108EF0000093CDE90132184601220BF0B5FD6FF069
:108F00001505284605B0BDE8F08FE3684FF0000A6C
:108F10001B7848F802A00B710378D22B15D13B685F
:108F2000214618680CF084FC054670B1224B21499B
:108F3000CDF800A0CDE901A35046534601220BF025
:108F400093FD2046FAF7F6FCDBE704F10C000AF08B
:108F5000DAFC182303FB0683B4F810B09F600023EB
:108F600082461A462146381DFFF79CFB054600281D
:108F7000C7D010F1690F09D1104B02930023CDE93E
:108F800000330C49012218460BF06EFD6369A4F80A
:108F900010B013FA8AF3E36018235E4308EB06036C
:108FA00048F80650C3F80890ABE700BF50350020E2
:108FB000F6C60300807B030010C7030023C703002D
:108FC0002DE9F04F85B00546FAF700FC4449182218
:108FD00002FB00F3C81851F803800779B0F8069037
:108FE000D0F810A00021D0E902460EF004FCA87AC7
:108FF000FAF7E4FB6969834651B16B7AD80705D467
:10900000DBF824301B6828469B68984700236B6177
:10901000294658460DF08DFF9FB194B1236883B166
:109020001B6873B1B8F1000F0ED02E4B02930023D2
:10903000CDE900332C49CDF80C80012218460BF005
:1090400013FD05B0BDE8F08F201D0BF0E2FE3846A1
:10905000FFF790FC0528F4D801A353F820F000BFD7
:10906000B79002007990020043900200B79002008E
:109070004390020079900200BFF35B8FA36DBFF3B2
:109080005B8FDA070AD4194B02930023CDE9003332
:109090001549012218460BF0E7FCD2E7E36D002BDF
:1090A000CFD04FF47022002304F1780005B0BDE862
:1090B000F04F06F057BC23681D68BFF35B8FA36DAC
:1090C000BFF35B8FDB07DED5002EBAD0002403E0B0
:1090D00051462846B0470134A3B29945F8D8B0E7C5
:1090E0005035002046C70300807B0300F6C603000E
:1090F000F0B50B8A076887B004460D465BB9324A63
:1091000032490093CDE90132184601220BF0ACFC44
:10911000002007B0F0BD012105F10C000AF0E3FBCF
:10912000BB7A072B0646F3D154F8043C002BEFD052
:1091300001782748043C002310F833708F4200EB7D
:10914000C30214D12B8A5078977898422ED9CDE952
:109150000331204B02930023CDE900331B49012248
:1091600018460BF081FC012FD2D1042327E00133F4
:109170000E2BE1D10025184B039102931349284689
:10918000CDE900552B4602220BF06EFC31780846E3
:10919000FFF7F0FB0028BBD00528B9D00029B7D0D5
:1091A0000623002220460BF078FEB1E753682946DB
:1091B00020469847012F0346AAD10028A8D031782D
:1091C0000029A5D0EDE700BF65C70300807B030041
:1091D0003C8403009AC7030080C70300F0B51E4615
:1091E00003680D46003987B0044618BF012118688E
:1091F00017460CF0B3FA40B904F158000BF005FD26
:10920000002844D0002007B0F0BD002E41D0182225
:10921000002168460EF0EFFA47BB23681E4A1B6820
:1092200000930023ADF812300C9B0393BDF834304B
:10923000ADF8103001238DF8143031466B463046BE
:109240008DF808500BF066FB9DF81430C3B1002F69
:10925000D8D00198FAF76EFB9DF81430002DD1D0CC
:109260003246294620460BF018FECBE7002239464D
:109270002046FFF7BFFB01900028CED11120C2E7A6
:1092800001990029BED020460BF0F9FDBAE7122063
:10929000B9E70120B7E700BFB34803001FB5837AE1
:1092A000072B08D0154B02930023CDE9003302228F
:1092B000134918460AE004210BF0CCFA034658B9CA
:1092C000104A0F490090CDE9010201220BF0CCFBBE
:1092D000002005B05DF804FBBFF35B8F426DBFF368
:1092E0005B8F12F0010206D1074B0092CDE90123FA
:1092F00013460122DCE750F8040CEAE7B9C7030083
:10930000807B0300C7C70300F6C60300F0B585B035
:109310000F461646FFF7C2FFE0B1436A18461BB17D
:1093200050F8A83903B1A83B741C214638B1428BD0
:10933000458DAA4228BF2A46A2420ED2A3B90E4B9F
:1093400002930023CDE900330C490394022218460E
:109350000BF08AFB002005B0F0BD3246394605B05F
:10936000BDE8F040FFF746BBD3F8A85005B1A83DD3
:1093700018460C462B46DAE7E2C70300807B030061
:10938000F0B54FF4702285B00746002313480D4610
:109390000AF022FA044660B9114B12490395CDE94F
:1093A00001030090034601220BF05EFB204605B04E
:1093B000F0BD00F10C06092130460AF062FA2046A1
:1093C000FAF704FA084B182202FB00330121304659
:1093D0009F600AF061FA0570E8E700BF34090020D9
:1093E000C5C40300807B0300503500202DE9F04107
:1093F0000E8A043EF6B2022E04468CB0084601D016
:10940000102E64D104210C300AF06DFA0DF1080819
:1094100005884788011D324640460AF02EFD002887
:1094200057D09DB3002687B3BD422FD84FF42053A9
:1094300001A940468DF80460ADF806300AF0EFFC53
:1094400040BB1422002107A80EF0D5F911212046B7
:10945000FFF796FF0990002837D001210C30CDE9A5
:1094600007480AF019FA00230A901B4A037039468C
:109470000B93284607AB0BF04DFA0A9B1B78FBB900
:109480000998FAF757FA0A2301E03D4601232A46D4
:1094900010210EE042F6010307A940468DF81C603A
:1094A000ADF81E300AF0BBFC0028CAD010232A46B3
:1094B000194620460BF0F1FC00200CB0BDE8F0810D
:1094C000099920460BF0DBFCF6E71120F5E70420B4
:1094D000F3E70E20F1E700BF558C02002DE9F043C1
:1094E000036885B004460D46186801210CF036F972
:1094F00040B904F158000BF088FBB0BB122005B056
:10950000BDE8F0831022002168460EF074F9212195
:109510002046FFF735FF029048B3DFF858900094DB
:1095200005F10C074FF001082B8A012B04D8029992
:1095300020460BF0A4FC18E038460AF0DCF96B4634
:109540004A46014606468DF80C800BF0E3F99DF87B
:109550000C30002BE8D00298FAF7ECF99DF80C30AB
:109560003246202120460BF098FC0020C7E711204E
:10957000C5E700BF6F4C03002DE9F043036885B0D9
:1095800004460D46186801210CF0E8F840B904F1D2
:1095900058000BF03AFBB0BB122005B0BDE8F083D9
:1095A0001022002168460EF026F90F212046FFF711
:1095B000E7FE029048B3DFF85890009405F10C07DD
:1095C0004FF001082B8A012B04D8029920460BF09A
:1095D00056FC18E038460AF08EF96B464A460146BA
:1095E00006468DF80C800BF095F99DF80C30002B99
:1095F000E8D00298FAF79EF99DF80C3032460E2119
:1096000020460BF04AFC0020C7E71120C5E700BF49
:10961000294C0300F0B51D46036885B004460E468C
:109620001868012117460CF099F838B904F1580070
:109630000BF0EBFA48BB122005B0F0BD65B3102269
:10964000002168460EF0D7F839462046FFF798FE0D
:10965000029018B3BDF82830ADF8043001238DF81E
:109660000C300F4A00946B46294628460BF052F9FD
:109670009DF80C305BB10298FAF75CF99DF80C305C
:109680002A46314620460BF008FC0020D4E7029918
:1096900020460BF0F4FBF8E70120CDE71120CBE7E3
:1096A000294C03002DE9F0410D8A043DEDB2022D55
:1096B00004468CB0084601D0102D68D104210C302E
:1096C0000AF011F90DF1040806884788011D2A46A1
:1096D00040460AF0D2FB00285BD0BEB3AFB3BE4217
:1096E00034D800238DF8183006A942F62A334046B4
:1096F000ADF81A300AF093FB80BB182200210DEB65
:1097000002000EF078F809212046FFF739FE089094
:1097100000283AD001210C30CDE906480AF0BCF807
:109720000023099003700A238DF82C301A4A06ABE7
:10973000394630460BF0EEF89DF82C3003B308980C
:10974000FAF7F8F89DF82C3001E03E460123324646
:10975000082120460BF0A1FB00200EE02368012128
:1097600018680BF0FBFF0028C7D104F158000BF07C
:109770004CFA002814BF002012200CB0BDE8F08184
:10978000089920460BF07BFBE6E71120F5E7042063
:10979000F3E70E20F1E700BF0D8E02002DE9F04344
:1097A0000F4687B00446062107F10C000AF09BF82B
:1097B0000588B0F802808288D7F80C90C5B10023E4
:1097C000B8F1000F13D0A84512D38DF800308DF8F2
:1097D000043001A94FF420536846ADF80220ADF8DB
:1097E00006300AF01CFB064660B10A2301E045463C
:1097F00001232A46062120460BF04FFB002007B02C
:10980000BDE8F0830146142201A83F7C0DF0F3FF70
:1098100007212046FFF7B4FD0290D8B10A238DF846
:1098200015300D4A019401AB41462846CDE9036944
:109830008DF814700BF06EF89DF815302BB102986E
:10984000FAF778F89DF81530D3E7029920460BF027
:1098500016FBD3E71120D2E7A18A02007FB5CB68BF
:109860001D885E88044685B176B1B5420DD81022B8
:10987000002168460DF0BFFF05212046FFF780FD5F
:10988000019058B9112007E0354601232A460421EA
:1098900020460BF002FB002004B070BD6B46094A65
:1098A0000094314628460BF035F8029B23B9019805
:1098B000FAF740F80A23E9E7019920460BF0DFFAAE
:1098C000E9E700BF2B49030013B50B4600210191C6
:1098D0000E4902460DF0A0FF0C680D4909580D48CD
:1098E0008C4208BF002201A908BF134605F09EFC68
:1098F000014640B9019B102218460DF07CFF03463B
:10990000184602B010BD0023FAE700BFE035002082
:10991000080000006808002010B50446806818B1EF
:10992000FAF708F80023A36021460248BDE810407A
:109930000DF038BA680800202DE9FF47044678305A
:109940001D460E4617460DF0FCFBE36D7BB9194A28
:1099500019490093CDE90132184602220BF084F830
:1099600020680BF00EFA002004B0BDE8F087134A1F
:1099700093424FF0000802D1C4F85C80F0E7D3F8BE
:109980000490C3F80480E06DD0F80CA0FFF7C4FF8A
:109990002068C4F85C800BF0F4F9B9F1000FE2D054
:1099A0002068CDF800A000683B4632462946C847EB
:1099B000D9E700BFFDC70300807B0300E43500202A
:1099C000F7B550F8044C0546002C59D000F1A4011D
:1099D00004F124000BF0FEF82E1F05F15C070022B5
:1099E0000023384605F004FD024678BBAB6D2BB171
:1099F00001466FF067033046FFF79EFF002345F8EE
:109A0000043C05F15403BFF35B8F53E8001F21F0C2
:109A1000010143E80012002AF7D1BFF35B8F636AAC
:109A200073BB04F10C0600220023304605F0E0FC75
:109A300078B9666886B91348266021460DF0B2F9F8
:109A4000286803B0BDE8F04000F044BEF9F772FFAB
:109A5000C5E7F9F76FFFE6E7A268336863609642EF
:109A600008BFA36077683FB1F368009300232068C4
:109A70001A466FF06701B8473046FFF74DFFD8E749
:109A800003B0F0BD14080020F0B550F8783C93B056
:109A9000064618680AF092FD0378044607AD032BCA
:109AA00030D8DFE803F002292B2D19492846F2F7B8
:109AB0005EF9A379059562780492A2780392E27820
:109AC000029222790192627900920AAF114A1E2114
:109AD000384606F0FFFF104B029300231846CDE9ED
:109AE00000330E49039701220AF0BEFFA6F174006D
:109AF000FFF766FF13B0F0BD0949D7E70949D5E77D
:109B00000949D3E7094A0A21284606F0E3FFD0E7CE
:109B1000A4A00300C6A0030014C80300807B0300B8
:109B2000ABA00300B2A00300BCA0030093C70300D6
:109B3000F8B51D460F461646F9F748FE044C1823A3
:109B400003FB0040C0E903760123C3800575F8BD1F
:109B50005035002070B5144D064640B115F8011C73
:109B60002A466C1E0AF00AFD98B120460CE00F4907
:109B700028460BF0E3FA40B90C4905F110000BF050
:109B8000DDFA20B105F10F0070BD681EFCE7002072
:109B9000FAE7217C04F1110230460AF0EFFC0028BC
:109BA000F5D004F11000EFE70D3600206AB903008C
:109BB00070B50D4C2378834205460E4603D1601CD8
:109BC0000BF0BCFA60B9237BAB420BD1074831469E
:109BD0000BF0B4FA18B101200C2303FB004070BD58
:109BE0000020F9E70020FAE744390020513900202D
:109BF00038B54A1C0C46054668B90E4910460BF0AC
:109C00009DFA30B90B4904F10B000BF097FA70B1D3
:109C10000A3420460CE009780AF0B0FC0028F8D19C
:109C2000A17A04F10B0228460AF0A8FCEFE7002015
:109C300038BD00BF6AB903001FB509F0ABFC03468D
:109C400060B9074A0090CDE90102064901220BF0F4
:109C500093FA6FF0040005B05DF804FB0020FAE70A
:109C600035C80300A07B0300024608B5084901304F
:109C70000BF07BFA002313720C32BFF35B8F52E8B8
:109C8000001F42E800300028F9D1BFF35B8F08BD08
:109C90006AB903002DE9FF4180460F4616461D466E
:109CA000FFF786FF0446A8B91149FFF781FF044674
:109CB00058B9104B10490090CDE901030122034629
:109CC0000BF05AFA04B0BDE8F08100F8018B394678
:109CD0000BF04BFA228963891AB92BB92681658169
:109CE000F0E7B24288BF2681AB42EBD2F7E700BF74
:109CF0006AB9030048C80300A07B03002DE9F047C0
:109D0000284B164682689A4207462BD1C568AB8A13
:109D100043B36C1C05F115094FF00008B4F8073087
:109D20009BB114F8011C224630460AF027FCE0B92A
:109D300014F8010C2146FEF76FFA30B1837A072B35
:109D400008BF4FF00108FDF7EBFE0A344C45E5D1A2
:109D5000B8F1000F06D1AB69A5F8148013B14146E4
:109D6000384698470120BDE8F08706F1700A307A3E
:109D700051460AF078F978B90B4B9D4202D1304632
:109D80000BF05DFA094920460BF0EFF9002304F8C7
:109D9000013CA4F80730D8E7514620460BF0E5F91E
:109DA000D3E700BFB19D0200380600206AB9030066
:109DB0002DE9F8431E46BDF82030D1F80C808146CD
:109DC0000F46002B3DD1731E012B3DD8012E41467D
:109DD000157818BF1588FFF70BFF044680B915B931
:109DE0003046BDE8F8834146FFF702FF044670B3F2
:109DF00009F1700101300BF0B8F999F808302370BF
:109E0000D8F81C308BB92581B8F81430AB4203D098
:109E1000414638460BF067F9002DE1D10D49601C31
:109E20000BF0A3F925702581DAE72A463946484622
:109E300098470028D5DB01380128E4D96FF00D00E0
:109E4000CFE76FF00600CCE76FF00C00C9E76FF0CA
:109E50001000C6E76AB9030010B504461448BFF302
:109E60005B8F50E8003F23F0020340E80032002AF5
:109E7000F7D1BFF35B8FBFF35B8F0368BFF35B8FDB
:109E8000DA0704D500220023303805F06BFD2046A8
:109E90000BF0FEF850B12046FFF75CFE30B1037ABC
:109EA000DB0703D5BDE810400BF0B4BA10BD00BF0E
:109EB000181D002010B5154801210BF047F9C30704
:109EC00023D4022111480BF041F9084007D1104971
:109ED000104A0B88104CA24211D300B10B800F49DD
:109EE0000F480DF022F90E484FF4A4720023FBF73F
:109EF000CFF9BDE810400B490B480DF016B950687A
:109F000003449BB208320120E5E710BD2C36002047
:109F10005C390020507B0300707B03004DA10200E0
:109F2000701C00202DA30200E81C00202DE9F04148
:109F3000034648B1008A38B91249DFF84CE00124E1
:109F40004FF0140C714501D3BDE8F081D1E90076E2
:109F5000BB4204D30CFB0672143A93420ED934442C
:109F6000A2B208311446EDE70CFB0578434507D053
:109F700001356219B54292B2F6D1F2E70025F8E751
:109F80001046E1E7507B0300707B03002DE9F74F9B
:109F9000BDF83050009199464FF6FF73002D08BF71
:109FA0001D46244B1B888342074690463CD203B093
:109FB000BDE8F08F73682344BB4232D29CB20836AE
:109FC0001D4B9E42F6D3F2E789580193404609F0B3
:109FD00026FF019B90B101340AF1010AA4B2736813
:109FE0005345ECD9009B9C42E1D8BC423168F2D386
:109FF0000BFB0AF28B18B8F1000FE5D1B9F1000F95
:10A000000BD1013DADB218460E9A0D9B21469847E3
:10A01000002DCCD00028DED1C9E7DA689145DAD12D
:10A02000EFE74FF0000ADAE7044E01244FF0140B7B
:10A03000C6E700BF5C390020707B0300507B030043
:10A0400010B5CCB000241EAA04A908A8CDE9044488
:10A05000CDE9064409F073FA034670B108AB144A1F
:10A060004FF6FF7101200BF085FA124808A909F09C
:10A07000FBFA034658B9104A00E0104A1049009311
:10A08000CDE9013201220BF077F84CB010BD094B3D
:10A09000214603F110020131187812F8014D03F83E
:10A0A000014B08291070F6D106480BF04FF8ECE789
:10A0B00099510300601C002079C8030067C80300A1
:10A0C000A07B0300181D0020F8B51D49BDF81860DD
:10A0D0000446A1F130001F4615460DF045F8BFF3C8
:10A0E0005B8F184B1B68BFF35B8F190701D4FFF719
:10A0F000A7FF2046FFF72EFD014670B1037ADA076D
:10A100000BD5BFF35B8FCB68BFF35B8FDB0700F131
:10A110000C0002D402210BF019F8102E0CD8C6F155
:10A1200010040949BC42A8BF3C4622463144284697
:10A130000DF039FB2046F8BD6FF00604FAE700BFCA
:10A14000A01C0020181D0020601C0020054BBFF340
:10A150005B8F1B68BFF35B8F1B0701D4FFF770BFDA
:10A16000704700BF181D002007B500230193FFF7BB
:10A17000DDFE411C89B20846034A01AB0BF0FAF937
:10A18000019803B05DF804FBE15003002DE9F047AE
:10A19000894651684F8A17F094078046154642D188
:10A1A00002220BF010FA002840D04FF4702000215A
:10A1B000AE8AFFF789FB0236044660B11D4B43604F
:10A1C000C56032461D214046FFF7A0F8064638B963
:10A1D0002046FFF7A1FB6FF00B052846BDE8F0878E
:10A1E00001233A46394606F10C0AFFF7A1FC022189
:10A1F000504609F051FB0746504627F8029BA98AB2
:10A2000009F04AFBAA8A296938460DF0CCFAA66003
:10A21000214640460AF01FFF05460028DDD02046B3
:10A22000FFF77AFBD9E74FF0FF35D6E76FF015055A
:10A23000D3E700BF0351030030B5394BBFF35B8F49
:10A240001B68BFF35B8F5A078BB004460D4661D580
:10A2500010B1837A072B60D168680590FFF766FE1E
:10A260002A68ADF818003AB305A902912D49019169
:10A270000121002300914FF6FF710593FFF786FE41
:10A28000059B1BB96FF001000BB030BD6B60059BE7
:10A29000186800238DF8103004A942F60303ADF8C6
:10A2A000123009F0BCFD70B90598C3689B799B0614
:10A2B00005D46FF01500E7E70028E8D1E2E70BF0DE
:10A2C00007F9ADF81800BDF818003CB101230146AC
:10A2D000AB752A462046FFF759FFD5E76FF07F039D
:10A2E00007930223ADF8203042F60213ADF8123086
:10A2F00005ABAC7502930C4B01930123009304AAA8
:10A3000023464FF6FF7109958DF81040FFF73EFE8A
:10A310000798B9E76FF00A00B6E76FF07F00B3E780
:10A32000DC0300203151030079A5020013B550F879
:10A33000082C01920346A0F1200100F13004BFF384
:10A340005B8F54E8002F22F0010244E8002000282F
:10A35000F7D1BFF35B8F0D4A43F81C2C0C4A43F82E
:10A36000182C01AA002043F8102C042223F8080C12
:10A3700023F8060C23F80C2CFFF75EFF18B9022116
:10A3800020460AF0E3FE02B010BD00BFE4840300E3
:10A39000599E02007FB5354B146882689A42064682
:10A3A00061D1C5682B8973B12A46204612F8011B7A
:10A3B0000AF0E4F838B14FF49572314620460BF0BC
:10A3C000E6F8032812D16B8A002B4CD0A97A05F14C
:10A3D0000B0220460AF0D2F8002844D04FF49572C0
:10A3E000314620460BF0D3F803283CD029463046AE
:10A3F0000AF079FE1E4B9D4235D1207A04F170019E
:10A40000FFF7D6FB054670B303890BB9438953B3F5
:10A410002046FDF7C7FC174A2B8922F8203002EBB3
:10A420008003698959801449144D182303FB0013D4
:10A4300000B202EB800200EB40005D601A61104D3B
:10A440009D60042201EBC00120469A82FFF7F4FED2
:10A4500048B10C4B02930023CDE900330A49012295
:10A4600018460AF089FE012004B070BDB19D0200BB
:10A470003806002040390020F4350020E484030031
:10A48000A15403008CC80300A07B030030B5374BF8
:10A49000BFF35B8F1B68BFF35B8F5A078BB004461B
:10A4A0000D465DD510B1837A072B5CD168680590A5
:10A4B000FFF73CFD2A68ADF818003AB305A90291F0
:10A4C0002B4901910121002300914FF6FF71059363
:10A4D000FFF75CFD059B1BB96FF001000BB030BDB1
:10A4E0006B60059B186800238DF8103004A942F6B4
:10A4F0000303ADF8123009F092FC70B90598C368F7
:10A500009B79DB0605D46FF01500E7E70028E8D15A
:10A51000E2E70AF0DDFFADF81800BDF818002CB135
:10A5200001462A4620460BF0DBF8D7E742F6021236
:10A53000ADF8122005AA6FF07F0302920D4A07932F
:10A540000123CDE90032ADF8203004AA23464FF6AE
:10A55000FF7109958DF81040FFF718FD0798BDE7CA
:10A560006FF00A00BAE76FF07F00B7E7DC03002066
:10A570003151030079A502002DE9F0473F4B144605
:10A5800082689A42804636D1D0F80C903C4B99456F
:10A5900019D13C4D3C4F0026394628460AF0CEFDE5
:10A5A00078B915F8010C07222946FDF77BFE38BB68
:10A5B000236915F8010C1A69294653881288FFF798
:10A5C00069FB0C35D6B109F1010709F1150AB7F895
:10A5D0000720A3899A420BD117F8010C3946FDF7E1
:10A5E0001BFE054620B1837A072B0CD0FDF798FAA5
:10A5F0000A37BA45EBD10120BDE8F0870126CBE749
:10A60000FDF78EFADDE7D9F8203023B141469847AF
:10A6100008B92846EAE7B8F8123013F09406F8D1E2
:10A62000A389022B15D1B7F8073013F0020604D125
:10A630002846FDF775FAA660DAE72269A188284660
:10A64000FFF7A4FD064688B92269937D013393750F
:10A65000EEE7012BECD1B7F8073013F00106E7D095
:10A660002269A18828460BF03BF806462846FDF7EC
:10A6700057FA002EA660BBDA0020BDE7B19D0200AC
:10A6800038060020453900206AB9030007B5064A9C
:10A6900000906B4601204FF6FF718DF804000AF020
:10A6A00069FF03B05DF804FB95A30200F8B5084B01
:10A6B0001C6805460E4617464CB154F8043C043C51
:10A6C0001BB13A463146284698476468F4E7F8BD1E
:10A6D0003036002070B503460F4A04464FF6FF712E
:10A6E00001200AF047FF2046FFF734FA054688B1FB
:10A6F00004F17006207A314609F0B5FC20B92846ED
:10A70000BDE87040FFF7B0BA3146681CBDE8704044
:10A710000AF02BBD70BD00BFFD9C02007FB50BABE6
:10A7200005930393054B02930023CDE900330122E7
:10A730001846F7F73BFB07B05DF804FBB8C8030009
:10A740001FB50B4C226800232AB90A4B63601046E0
:10A750000C6004B010BD084A0390CDE901321846E0
:10A76000064900930122FFF7D9FF6FF00B00F0E7D5
:10A7700038360020E8850300B8C80300E07B0300FA
:10A78000084B70B5C31A0D4607499B100446594340
:10A79000064840220BF08FF82B4601462046BDE8C4
:10A7A00070401847A0360020B76DDBB6F478030080
:10A7B00073B50C4C0C4A4023041B00930D460B460A
:10A7C0000A49A4106143064609480BF09FF8011E90
:10A7D00005DA30462B4602B0BDE87040184702B09B
:10A7E00070BD00BFA036002075590300B76DDBB601
:10A7F000F4780300002270B5012104461046F8F7F2
:10A8000095FD0F4802F072FE0E4B984215D10BF0E9
:10A8100086FB26690C49304607F06DFF00280BDBEC
:10A82000012535642469084904F11C0007F063FF21
:10A83000002801DBE564002070BD6FF00400FBE739
:10A84000A5A902000000AD0B108603007FB5002211
:10A850000123CDE9022304ABCDE90433094ACDF845
:10A8600000D06B46CDF804D00BF07DF8002805DB56
:10A870004FF480420023684604F010FE07B05DF8F4
:10A8800004FB00BF8D59030010B5074C23782BB98A
:10A890004FF4A5700CF0CAF901232370BDE81040F5
:10A8A000002002F013BE00BFF444002010B5EFF307
:10A8B0001184402383F31288BFF36F8F074A136814
:10A8C00023F00201DB07116002D401200BF022FB10
:10A8D00084F31188BFF36F8F10BD00BFF0360020E6
:10A8E00030B4104B0C2202FB003301460020D3E9A8
:10A8F0000E529863EFF31180402484F31288BFF363
:10A900006F8F1C6C04F0C00444F002041C6480F3DC
:10A910001188BFF36F8F1DB12B46034830BC184719
:10A9200030BC7047A0360020F478030010B4EFF379
:10A930001182402383F31288BFF36F8F1748016899
:10A9400041F002040460C80707D482F31188BFF302
:10A950006F8F012010BC02F0B9BD4FF08041D1F8DB
:10A960000C04D1F80C14C907EFD5EFF3118083F371
:10A970001288BFF36F8F0A490B6C03F0C00343F0DA
:10A9800002030B6480F31188BFF36F8F82F3118889
:10A99000BFF36F8F002010BCFFF7A2BFF03600207E
:10A9A000A036002010B1012804D07047034B1B6C67
:10A9B0005B0701D1FFF794BF704700BFA0360020AE
:10A9C0002DE9F0413849BFF35B8F0746012251E87A
:10A9D000003F41E800200028F9D1BFF35B8F33B975
:10A9E000324933484B60CB608A6007F097FE7B1E8C
:10A9F000012B2BD8012F07D14FF08043D3F81C3403
:10AA000003F00303012B21D00CF0DEFB0546F8B95F
:10AA1000284B1B78E3B14FF080430222C3F8082390
:10AA20000646DFF894804FF08044D4F81824D4F818
:10AA30001834D20315D503F00303012B01D0012FE5
:10AA40000FD155B386F31188BFF36F8FBDE8F08146
:10AA5000EFF31186402383F31288BFF36F8F012534
:10AA6000DFE7ADB1304608F077FED4F81835002B9B
:10AA7000DBD1D4F80421002AD7D0C4F80431D4F8AB
:10AA800004310123C4F81835C8F88031A360CCE73D
:10AA90000021212005F05CFAE7E74FF08043022215
:10AAA000C3F80423D2E700BF9C3600208C36002078
:10AAB000BC3600206348002000E100E008B50748EC
:10AAC0000CF0B9F838B10648F8F722FE0448F6F75A
:10AAD00073FB002008BD6FF01200FBE74479030010
:10AAE000E5AA02000A2838B5074D044604D1AB6830
:10AAF0000D215B6828469847AB6803485B68E1B264
:10AB00009847204638BD00BF44790300EFF3118217
:10AB1000402383F31288BFF36F8F0A4BD3F80011E1
:10AB200061B10021D3F80805C3F80011D3F8003152
:10AB3000C0B282F31188BFF36F8F70476FF00A00C5
:10AB4000F7E700BF00D00040F0B5034610469C7800
:10AB500093F803C0EFF31182402585F31288BFF309
:10AB60006F8F1F7893F801E0E41B04EA0C04A04205
:10AB700088BFA0B23E180CEA06063D461E7082F35E
:10AB80001188BFF36F8F0A188A4216D177450CD10E
:10AB9000EFF31182402181F31288BFF36F8F197890
:10ABA000597082F31188BFF36F8F1B79241AA34267
:10ABB00022BF064B01221A60F0BD5E19013576797D
:10ABC00001F8016B05EA0C05DEE700BF00D000408C
:10ABD000DB432DE9F04713F001050E46144604D07F
:10ABE0002248FFF7B1FFBDE8F0879AB3EFF3118871
:10ABF000402383F31288BFF36F8F0D20F8F788FB93
:10AC000007460D20F8F770FB88F31188BFF36F8FAC
:10AC1000DFF85CA0DFF85C80CAF80051DAF8003198
:10AC20004FF400590123CAF800302546C8F8809136
:10AC3000DAF8003183B1FFF769FF031EC8F880918D
:10AC4000F6DB013DADB27355002DF1D117B10D20EA
:10AC5000F8F73CFB2046C6E7EFF31180402383F36F
:10AC60001288BFF36F8F08F077FDE1E724370020EB
:10AC700000D0004000E100E02DE9F041124F0D4608
:10AC8000144607F1450814B92046BDE8F0814FF09D
:10AC9000FF334FF0FF32384604F000FC22462946CD
:10ACA0004046FFF751FF0646384604F0D3FB3EB955
:10ACB0004FF0FF324FF0FF33044804F0EFFBE6E7BC
:10ACC000A41BA4B23544DEE7F43600200C37002084
:10ACD00038B5194C0122114620460CF038F90122F2
:10ACE000002104F118000CF032F940F20743A4F8F7
:10ACF00048304FF0706323630C2384F83430002510
:10AD00000E4B84F84550A4F84650D3F8042522F0A1
:10AD10000102C3F804250121C3F80051D3F8002132
:10AD2000C3F804132A4619600D20F8F7FFFA0D2026
:10AD3000F8F7CCFA284638BDF436002000D00040A1
:10AD400010B5FFF7E3FE002820DB174B93F8322005
:10AD500093F8314093F83310141B31EA0404C0B265
:10AD60000DD193F8472093F8464093F84810141BF0
:10AD700031EA04040BD10D4B01225A600EE09C18FD
:10AD80000132114084F8350083F8321010BD9C1850
:10AD90000132114084F84A0083F847100448BDE8A6
:10ADA000104004F057BB00BFF436002000D0004034
:10ADB0000C370020024B0B6001231360704700BF6B
:10ADC00048370020004870477486030070B50D4670
:10ADD00086B0194628461C4616460AF00FFE034662
:10ADE00068B90B4A0090CDE90102CDE90354094945
:10ADF00001220AF014FE6FF0150006B070BD24B1F8
:10AE00002246294630460CF0CEFC0020F5E700BF74
:10AE10002CC90300107C030010B50122114607481D
:10AE2000074C0CF094F802F0ABFB0BF010FA20602A
:10AE30000BF009FA6060002010BD00BF5037002001
:10AE400048370020F0B58DB00E4615460BF0FBF9E3
:10AE50002946074630460AF0D1FD034688B3B6FBC3
:10AE6000F7F307FB136323B9B5FBF7F407FB14549F
:10AE700084B1244B02930023CDE90365CDE900336F
:10AE80002149012218460AF0CAFD6FF01504204638
:10AE90000DB0F0BDBD42FAD34FF0FF334FF0FF329B
:10AEA0001A4804F0FBFA0BF04DF808AB014688B9DC
:10AEB000102218460CF09FFCCDE909650AF07AFDD6
:10AEC0001BE0134A10490090CDE90102CDE903656A
:10AED0000122D8E71022214618460CF08CFC0122F2
:10AEE0008DF82C200B4ACDE906200B48CDE90965E9
:10AEF00002F04EFB06A802F051FB0446034804F0A2
:10AF0000A9FAC4E749C90300107C030050370020A8
:10AF10002CC90300B5590300645E010038B5037BFA
:10AF200004460BB10BF01AF80125A368032B06D8D1
:10AF3000124AD2F80034DB07FBD5002038BD236865
:10AF40006068196803F0BEF96368043363602368BE
:10AF500004332360A368043BA360237B0135002BEB
:10AF6000E3D0284602F0A6FB0028DED0034AD2F840
:10AF70000034D907FBD50120E0E700BF00E0014025
:10AF800070B50D468CB0194628461C4616460AF088
:10AF900035FD034670B9234A23490090CDE9035497
:10AFA000CDE9010201220AF03AFD6FF015042046B6
:10AFB0000CB070BD45EA04039B070AD01B4B0293FB
:10AFC0000023CDE90354CDE9003317490122184687
:10AFD000E9E7002CEBD04FF0FF334FF0FF3214487D
:10AFE00004F05CFA0AF0AEFF0346CDE9086508A854
:10AFF0000A948BB101238DF82C300E4BCDE906302D
:10B0000041F64C5002F0C4FA06A802F0C7FA044612
:10B01000074804F01FFACAE78DF82C30FFF77EFFCF
:10B02000F5E700BF2CC90300107C030068C90300CA
:10B03000503700201DAF020038B545682B69B3B109
:10B040001035284603F002F8044680B90146284628
:10B0500002F0C8FF084B98420BD108492246284607
:10B0600002F0A8FF224605210620F8F75FF900202C
:10B0700038BD6FF00400FBE70000AD0B81B00200AB
:10B08000430970B507D10B4B596821B101250C68F4
:10B09000094E854001B970BD8A682A4002D04B68CC
:10B0A000304698471CB1236821461C46F2E72346E8
:10B0B000FAE700BF68370020087903002DE9F04364
:10B0C000476840F20636D0063B7B87B002EA0606A8
:10B0D00054BFC2F34010032001F01F05B6F5837F73
:10B0E000144645EA43158DF8030043D00FD8062EC9
:10B0F00018D007D8B6B1022E3ED06FF0150007B0B9
:10B10000BDE8F083B6F5807FF7D101260AE040F272
:10B110000222964232D0B6F5407F31D0B6F5007F9C
:10B12000EBD102260123220303FA01F12AD57B6821
:10B13000C3F808153B695BBB05F01F026D0974D1AC
:10B14000920002F1A04284F48031D2F80037C1F3BA
:10B150000041C4F3404423F4E16344EA410423F092
:10B1600007031C4344EA800444EA0624C2F800476B
:10B170000020C4E70726D5E70426D3E70526D1E754
:10B180000326CFE7630344BF7B68C3F80C15D1E700
:10B1900010370DF102022946384602F011FF14F46F
:10B1A000403F80460CD1294638460BF03FF8214BF2
:10B1B0009845DDD19DF80210384602F051FFD7E7DF
:10B1C00001AB4FF0000903AA29463846CDE90439FE
:10B1D000CDE90199CDF80C9002F0C6FD154B9842CF
:10B1E0008BD114F4003315D09DF803308DF80E3058
:10B1F00084F48034C4F300444B4603AA29463846FD
:10B200008DF80C608DF80D4002F05EFE094B9842FF
:10B21000CDD072E7CDE9043303AA0DF1030329462B
:10B220003846039302F0A0FDF0E702F5E07253F810
:10B230002230FFDE0000AD0BF0B54068057B01F069
:10B240001F0444EA4514056987B0002D60D0B2F5AB
:10B25000001F00F1100506D1214628460AF0E8FF3C
:10B26000002007B0F0BD01AE0027B2F5800F0197B6
:10B27000776038D1B3F1007F14BF052304238DF824
:10B2800004300023CDE904630393836823FA01F1BA
:10B2900011F0010119D1B2F1A07F16D104F01F0302
:10B2A000620903F5E07339D14FF0A04252F8233020
:10B2B000DB070AD40DF1030632462146284602F088
:10B2C0007FFE184B984219D0029603AA21462846C1
:10B2D00002F04AFD144B98421DD101222146284616
:10B2E00002F0CAFEBCE7B3F1C06F05D0B3F1007F36
:10B2F00014BF01230223C2E70323C0E731462846D7
:10B3000002F0B4FE084B9842DED06FF00B00A8E7C5
:10B310006FF08500A5E76FF01500A2E751F8233024
:10B32000FFDE00BF0400AD0B0000AD0B1FB511F038
:10B33000010342680ED1C1F3420101290DD0022957
:10B3400014D00C4A0C490093CDE901321846012271
:10B350000AF030FC6FF0150005E013684FF0CC7276
:10B36000C3F82425002005B05DF804FB13684FF0F6
:10B37000C862F5E7BCC90300307C030070B54468BF
:10B380002368D3F80855D3F80C65204603F0F8F984
:10B390003146284603F0F4FC0546206A0AF01AFC00
:10B3A000204603F0DDF9034B9D4214BF6FF00F0000
:10B3B000002070BD0000AD0B0378012B08D0022BDC
:10B3C00008D04BB9054B0B6301F1180004F042B8EB
:10B3D000034BF8E7034BF6E7034BF4E70000AD0B34
:10B3E0000100AE0B0200AE0B0100AD0B7FB544684F
:10B3F0000669E369054698470122114630460BF07D
:10B40000A6FD0122002106F118000BF0A0FD206A24
:10B410000AF0E0FB002817DB33460F4A04F108016D
:10B42000204603F061F90D4B98420FD02B6803932F
:10B430000B4B029300231846CDE900330949012242
:10B440000AF0B8FB6FF0040004B070BD204603F0B2
:10B4500087F90020F8E700BFB9B302000000AD0B88
:10B46000CEC90300307C03002DE9F04FD0F80490E2
:10B47000D0F81080D9F824A093B01D460646B9F83C
:10B48000183009930C469346002114220DA80CF0A5
:10B49000B2F98DF835504FF0FF324FF0FF33404690
:10B4A00003F0FCFF08F118030A930022002308F1BF
:10B4B000180003F0F3FF00273D465F4501D3002449
:10B4C00033E0207A020700F1A48001375F4521684C
:10B4D0000AD2830708D4237D80EA030202F0010226
:10B4E00003F004031A4307D025B901F06043B3F118
:10B4F000005F2CD0002300E001236268DDF824E027
:10B5000005EB020CF44514D933680693424B0293C1
:10B510000023CDE9042ECDE90033404903950122F3
:10B5200018460AF047FB6FF01B04404603F092FFF9
:10B5300029E0C00705D40AEB05000B930CF033F9A2
:10B540000B9B62682A4495B2002B4CD1FDB923684D
:10B55000109363680025227A0E9302F001018DF8A2
:10B560003410B9F82810994215D2CDE903312C4B8B
:10B5700002930023CDE900332849012218460AF03E
:10B5800019FB6FF01B04204613B0BDE8F08FCDF817
:10B5900040A02B46DFE782F00202C2F340025201D4
:10B5A0000DA9484603F02EF91E4B984205D00B33E7
:10B5B00098420CD16FF00F04B7E74FF480420A981D
:10B5C000002303F06BFF28B13046FFF7D7FE6FF082
:10B5D0000404AAE7D8F83030124A9342F7D1237A0C
:10B5E000DB0702D400250C3467E7109B5345F9D1E3
:10B5F000234608E0A91AD8680B938DB21AFA81F194
:10B600000CF0D1F80B9B5A689542A3F10C03F1D2D0
:10B61000E8E76FF0850488E7EEC90300307C03009B
:10B62000B9CA03000000AD0B2DE9F0435B4E5C4F3F
:10B6300000EB810140F2FF15814202D10020BDE8FC
:10B64000F083046814F4804FC4F3C32CC4F30803DC
:10B6500040F09080240E16F80CC0AB4208BF4FF0AB
:10B66000FF33192C00F28980DFE804F00D13191C58
:10B670001F251C8787878736638787878787878704
:10B680008787667B7E81C2F80C355C1C5ED10430F6
:10B69000D2E7C2F814355C1CF9D000245FE0C2F890
:10B6A0000835F2E7C2F81035F5E75C1CC2F808353A
:10B6B000EDD0002404E05C1CC2F80C35E7D0012476
:10B6C0005FEA531E5CD14FF001084FF0A04E08FA1C
:10B6D00003F9CEF80C950AE0C2F80835BCF1000F6A
:10B6E000D9D15C1CD3D00024A0464FF0060CD0F872
:10B6F000009009F4004EBEF1000F1CBF4FF000088F
:10B70000012403F01F0E5B0942D14FEA8E0E0EF1A9
:10B71000A04EC9F34129DEF800373B4043EA8903D4
:10B7200043EA0C2343EA080343EA4403CEF8003714
:10B73000ADE7C2F80C35D1E7C2F86035B3F1FF3F91
:10B740000468A4D0C4F30044002CB8D05C091BD119
:10B7500001244FF0A04E04FA03F8CEF80885A04665
:10B76000C5E7C2F86435E9E7C2F86835E6E7C2F82C
:10B770006C35E3E76FF0150061E76FF085005EE779
:10B780000023C3F80C35FFDE0023C3F80835FAE7C1
:10B790000EF5E07E002353F82E30F4E71BCB0300B8
:10B7A000F0F8FCFF074BD3F8082142B10020C3F8A2
:10B7B0000801D3F80821D3F818350B7070474FF003
:10B7C000FF30704700200040024BD3F88004C3F8DC
:10B7D0008004704700200040F8B50E460BF0F4FCE2
:10B7E0001A4D78BB64240127BFF35B8F55E8003FF7
:10B7F000002B03D145E80072002AF7D1BFF35B8F1D
:10B8000007D021200021013C04F0A2FB14F0FF042A
:10B81000EAD10F4C0023C4F81C31D4F81C310123A9
:10B82000A360C4F81C654FF47A76D4F81C3123B9B0
:10B8300001200AF089FC013EF7D10123E3600023D7
:10B840002B60F8BD01232B60E3E700BFA837002081
:10B850000020004073B5594A436804690021C2F8CA
:10B8600000151E68054601AA30460AF0C3F90028F3
:10B87000C0F28180019B326819791868FFF7D4FE05
:10B88000002878DB6379012B1CD1A379032B19D114
:10B89000E379BBB9217911B1022913D10E212368B3
:10B8A000B3F5164F69D02BD8B3F5165F67D014D80F
:10B8B000B3F5966F65D008D8B3F5967F64D0B3F52D
:10B8C000167F64D06FF0850055E0B3F5166F61D038
:10B8D000B3F5965FF6D13A4B39E0B3F5E14F5CD062
:10B8E00007D8B3F5615F5AD0B3F5964FEAD1354B1F
:10B8F0002DE047F612229342E4D14FF4000326E0F4
:10B90000B3F5613F4ED011D8B3F5963F4CD008D86F
:10B910004DF6C022934249D0B3F5614FD2D12A4BA4
:10B9200015E0B3F5E13FCDD1284B10E0B3F5612F21
:10B930003FD007D8264A93423DD0B3F5E12FC1D17D
:10B94000244B04E0244A9342BCD14FF080531B4A5D
:10B950002D69C2F82435C2F86C1594E8030085E817
:10B96000030004230020C2F80035C2F80801D2F811
:10B9700008310123136002B070BD184BE7E7184B84
:10B98000E5E74FF49E23E2E74FF4A033DFE74FF4FF
:10B990001C33DCE74FF41D23D9E7124BD7E74FF4F4
:10B9A0006C13D4E7104BD2E7104BD0E74FF465038C
:10B9B000CDE70F4BCBE74FF08063C8E70020004096
:10B9C00000B0130000A04E0000F0EB0000E0D70133
:10B9D00090D0030000705F0740420F0000509D00B0
:10B9E0000050270000F0750000B0AF0300903A014E
:10B9F00000D0BE0E2DE9F041456806692F6A88B077
:10BA000007AA002138460AF0F5F8041E2BDB079B35
:10BA10003A6819791868FFF707FE041E23DB696A84
:10BA2000481C24D005F1280000F012FB10F1130F80
:10BA300004460CD1304B02930023CDE900332F494B
:10BA4000012218460AF006F96FF012040BE0411DBE
:10BA50000DD12B4B02930023CDE90033274901225E
:10BA600018460AF0F7F8204608B0BDE8F081EB6907
:10BA70009847B5680127D6E9023203EBC2039D421D
:10BA800004D330460AF009F90024ECE728680BF0EB
:10BA9000D2F8034668B92A7904922A6817491268CD
:10BAA0000392184A0090CDE9010201220AF0D2F86F
:10BAB000CAE728682979EB88D0F810C0D0F8088048
:10BAC000DCF80040DA0754BF43F4B01383F4D0131A
:10BAD00023F4801207FA01FEDB074CBF44EA0E0490
:10BAE00024EA0E04CCF80040D8F800309847041E31
:10BAF000B9DB0835BFE700BF31CB0300A87C0300EA
:10BB00005CCB030079CB03007FB50546406829690B
:10BB10008A6D0B6E0ABBABB14C6D8B6616461A462E
:10BB2000C96D0291CDE9004611B3002B18BF134631
:10BB300000226946039302F0FBFC0E4B98420AD0A8
:10BB40006FF004032C69236404F1280003F082FCE5
:10BB5000002384F86C3004B070BD4C6D13B19A4270
:10BB600028BF1A46002C8A6614BF16460026D7E75F
:10BB70000B46DDE70000AD0B30B5037885B00C4611
:10BB800063B98D6E65B94B6E1C696FF073032364E6
:10BB900004F1280003F05EFC84F86C5005B030BD61
:10BBA0008A6D52B195421DD9274A28490093CDE9A3
:10BBB0000132184601220AF04DF8236EA26E5BB1E5
:10BBC0009A4227D9204B02930023CDE900331F4925
:10BBD000012218460AF03EF8606E05B0BDE830401C
:10BBE000FFF792BF521B8A6572B94B6C08334B64E6
:10BBF0008B6C013B8B6401F1580204F14400483125
:10BC00000AF015F86065D8E74B6D002BD5D02B44B2
:10BC10004B65D2E79B1A23667BB9E36C0833E36478
:10BC2000236D013B236504F1600204F1500104F12E
:10BC30004C0009F0FCFFE065CEE7E36D002BCBD0B4
:10BC40001344E365C8E700BF9DCB0300A87C030055
:10BC50002DE9F04F8DB004690493436805938B88F8
:10BC6000074698048846924634D44FF0FF324FF08E
:10BC7000FF3304F1100003F011FCC4F80480D7F87E
:10BC80001090D7F804B099F86D3023B1D9F800308E
:10BC9000984500F0DC80B8F8046016F4006320D00A
:10BCA000B84B02930023CDE90033B749012218466F
:10BCB00009F0D0FF6FF0850523689B8813F40053CB
:10BCC00004D1636004F1100003F0C4FB28460DB0FA
:10BCD000BDE8F08FA369002BC7D163689942C4D136
:10BCE000CDE716F001020DD03A680392A74AA649A3
:10BCF0000093CDE901321846012209F0ABFF6FF045
:10BD00001505D9E716F008030AD0A14B0092CDE93A
:10BD1000012313469C490122184609F09BFFEEE7D8
:10BD2000C6F34512082A04D09A4A0093CDE901329D
:10BD3000F0E7D8F80050984A954201D8974AF4E7BE
:10BD40000BF1080EBEE80F000DF11C0CACE80F0063
:10BD5000DEF80030CCF80030914B9D4256D9914B23
:10BD60009D4256D9904B9D4256D9904B9D4256D9F3
:10BD70008F4B9D4256D98F4B9D422CBF4FF00045B3
:10BD80004FF08045B107099506F004034DD5002B0F
:10BD900014BF032302238DF82830C6F300138DF857
:10BDA0002930DBF80030D3F8082516F0020FC6F36F
:10BDB00040014FEA52104FF001033AD1002840F001
:10BDC0003F8193404FF0A042C2F80C3599F86D3096
:10BDD0002BB1584602F074FB002389F86D304B46B6
:10BDE000754A07A9584602F037FB744B984229D090
:10BDF000734B029300230390CDE900336249012283
:10BE0000184609F027FF6FF0040555E74FF000755D
:10BE1000B8E74FF08065B5E74FF00065B2E74FF047
:10BE20008055AFE74FF00055ACE7003B18BF01234A
:10BE3000B1E7002840F0078193404FF0A042C2F8DC
:10BE40000835C3E7012389F86D30C9F80080012364
:10BE500084F86C30059B596A4A1C0FD003F1280006
:10BE600000F026F9743009D1564B02930023CDE936
:10BE7000003345490222184609F0ECFEBAF1000FE2
:10BE800040F0A480C4F844A00023A36404F1580245
:10BE900004F1480104F1440009F0C9FE049B606507
:10BEA000002B40F09C80E3640023236504F16002D2
:10BEB00004F1500104F14C0009F0B9FEE06520687E
:10BEC0000023236448B183683BB10121083009F0A5
:10BED000D0FE236818690AF0A9FE3846FFF714FE61
:10BEE0000022A06C1346834240F082800023256D1F
:10BEF0001946A94240F083809342264638BF134634
:10BF00004FF4FA5202FB03F556F8283B4FF00008B5
:10BF10001B68B5FBF3F54FF4004CC835414640F2C1
:10BF2000E7304FF47A720023E5FB0C01E0F71EFEC8
:10BF300002460B46304603F0B1FA002866D0224B89
:10BF40001149CDF80080CDE90183012243464046E6
:10BF500009F080FE00250598A56602F0B1FA84F884
:10BF60006D503F696FF07308C7F8408007F12800F3
:10BF700003F070FA87F86C50304603F0B5FA454686
:10BF800048E000BFBBCB0300A87C0300D5CB030077
:10BF9000F7CB030016CC030047E8010045CC0300B3
:10BFA0008FD003001FA107003F420F007F841E00B7
:10BFB000FF083D0000127A0079BB02000000AD0BC3
:10BFC00076CC03009DCC0300C7CC0300DAF8003028
:10BFD0006364002B3FF458AFDAF8043055E7049B54
:10BFE0001B68E364002B3FF45FAF049B5B685CE776
:10BFF000616C01EBC301013349680A4473E7E06CEB
:10C0000000EBC10001314068034472E7256C15F173
:10C01000740F9FD02368002B3FF44EAE9A68002A1D
:10C020003FF44AAE998811F480567FF445AE186902
:10C030000AF0FCFD20683146083009F01AFE3BE6A4
:10C04000C1F80C15FFDE0023C3F80835FAE700BF7E
:10C05000F0B587B001238DF8023002238DF804304B
:10C060006B4403930F4601AB0DF1030100240493CD
:10C0700005460291059401F0F9FF0C4B98420646E3
:10C080000FD103AA3946284601F06EFEB0420BD00C
:10C090009DF80310284601F0E3FF6FF0040007B09D
:10C0A000F0BD6FF01200FAE72046F8E70000AD0B94
:10C0B0002DE9F0410D4606460AF0BCF8002207467D
:10C0C0002946304601F0D8FF6B0905F01F0429D13D
:10C0D000A40004F1A044164BD4F80027134043F009
:10C0E0000C03C4F8003709F00EFE80463368DB59B4
:10C0F0007BB10027304629460AF09AF8D4F8002789
:10C100000B4B134043F00403C4F800373846BDE836
:10C11000F08109F0F8FDA0EB08000628E6D96FF0E1
:10C120007307E7E704F5E074002353F82430FFDEDB
:10C13000F0F8FCFF70B5012383400E4ABFF35B8F1C
:10C14000DC4352E8001F01EA040542E80056002ED5
:10C15000F7D1BFF35B8F4FF4803282400648C0F8BE
:10C160000823BFF35F8FBFF36F8F0B4214BF012013
:10C17000002070BDB03700200010014070B40E499F
:10C18000D1E90034D01AC31844F1000422F07F46EC
:10C19000C1E90034A6F50013B3F5400F09D2074BEF
:10C1A0001B681A0A1B069C19054B42F10005C3E9DE
:10C1B000004570BC04F062B8301D0020B437002088
:10C1C000381D002011B3BFF35B8F0123104A834059
:10C1D00052E800CF4CEA030C42E800C10029F7D135
:10C1E000BFF35B8F0B4A4FF480338340C2F80433B4
:10C1F000094BBFF35B8F1B68BFF35B8FC340DB074B
:10C2000042BF064B4FF40032C3F80021704700BF15
:10C21000B037002000100140AC37002000E100E002
:10C220000D4B1868010A0006BFF35F8F0B4BD3F864
:10C230000435181841F10001B3F5801F0AD2084BEC
:10C24000D3E90023904271EB030303D210F1807015
:10C2500041F10001704700BFB437002000100140D9
:10C26000381D00202DE9F04F85B016461F469DF879
:10C2700040A00446FFF75EFF0190FFF7D1FFB042F8
:10C2800071EB070354D23E4B301A67EB0101984221
:10C2900071F100014FD23B4B03EB0413D3E90223AE
:10C2A0009F4208BF96425ED037494FF4803804F170
:10C2B000500508FA04F8AD00C1F848832046ADB235
:10C2C00009F015FD26F07F4B05F1804504F5A873B4
:10C2D00005F58835DC464FF003090293029A2CF0ED
:10C2E0007F4341F82230C1F84483D1F80435274A0E
:10C2F0006FF00200C01A604420F07F40904232D9B3
:10C30000286868B1D1F804350393A3EB0B0020F043
:10C310007F40B0F5000F26D9204609F0E8FC039BCA
:10C32000BAF1000F07D109EB030C09F10109D5E7B8
:10C33000BAF1000F09D06FF0150520460199FFF7FB
:10C3400041FF284605B0BDE8F08F0123104ABFF336
:10C350005B8FA34052E8000F184342E80001002918
:10C36000F8D1BFF35B8F07490E98230101EB04124C
:10C37000C8500F9B5360C2E902670025DDE700BF8C
:10C3800001008000201D002000100140FDFF7F0003
:10C39000AC3700207FB51C4C1C4BC4F80833C4F8E4
:10C3A00048331B4B00254FF0FF304FF0FF31C4F8EE
:10C3B0000855C3E902014FF48033C4F80433154B28
:10C3C00002264FF400320121C4F804631120C3F89F
:10C3D00080212A46F6F7AAFF1120F6F777FF0E4ACA
:10C3E0000123A360236013600C4B0D4A0093CDE939
:10C3F000015500232846FFF735FF3046FEF7E0FAE7
:10C40000284604B070BD00BF0010014003000F00BB
:10C41000201D002000E100E0B03700207DC10200B7
:10C42000FFFF7F002DE9F7432B4CD4F80433990725
:10C430000BD5D4F8043143B1284A0023C4F80431A1
:10C44000D4F80431136801331360D4F80433DA03E9
:10C4500023D5BFF35B8F224B53E8002F22F001015D
:10C4600043E800100028F7D1BFF35B8FD30702D455
:10C47000D4F840318BB10025C4F84051D4F8403194
:10C48000FFF7CEFEEFF3108272B6164BD3E90267C8
:10C49000B042B94104D282F3108803B0BDE8F08302
:10C4A0004FF0FF384FF0FF39C3E90289D3E900109C
:10C4B0001D604FF48033C4F84833C4F84051D4F8B9
:10C4C000403182F310880029E7D0009032463B4685
:10C4D00028468847E1E700BF00100140B43700203C
:10C4E000AC370020201D002030B5431C124C85B015
:10C4F00005D08442A8BF0446012CB8BF0124FFF731
:10C500008FFE0E4B0C4DD3E90013401AB0F5000F0F
:10C5100010D22218AA4228BF2A4652184FF0000013
:10C5200007490091CDE9010043F10003FFF79AFEAE
:10C5300005B030BD2A46F0E7FFFF7F00301D002028
:10C540007DC1020008B5FFF76BFE024B1B68C01AE5
:10C5500008BD00BF301D002010B5084C01236360EA
:10C560001120F6F7C1FE064BC4F80833C4F848336F
:10C57000044B4FF40032C3F8802110BD001001407D
:10C5800003000F0000E100E002460B46014802F004
:10C590007BBE00BF98080020014802F0EDBE00BF3E
:10C5A000980800207FB50BAB05930393054B0293CE
:10C5B0000023CDE9003301221846F5F7F7FB07B059
:10C5C0005DF804FB14CD03001FB5F5F77BFB0024D9
:10C5D000064B02932046CDE900440549234601223B
:10C5E000FFF7E0FF2046F6F7A3FD00BF14CD0300E0
:10C5F000007C030030B533488BB0E0F733FFE1F740
:10C6000017F818B16FF085000BB030BDE1F726F8D0
:10C610000028F7D1E1F738F80028F3D1E1F742F824
:10C620000028EFD1E1F74CF804460028EAD10125B3
:10C6300007AA02218DF81C50E0F756FF0028E3DB23
:10C64000082307AA07212046ADF81C30E0F74CFF6D
:10C650000028D9DB1C4B079307AA03212046E0F7EB
:10C6600043FF0028D0DB07AA042120468DF81C5088
:10C67000E0F73AFF0028C7DB1F2307AA0621204660
:10C68000ADF81C30E0F730FF0028BDDB40F6EE23AC
:10C69000984215DDCDE903300C4B0D490094CDE9EE
:10C6A00001432A462346204609F043FB84F31188C0
:10C6B000BFF36F8F0423184602DF6FF00B00A3E770
:10C6C0000020A1E7B5C70200FBFB030231CD030048
:10C6D000D87B030070B506468CB02D480D462D4919
:10C6E0000AF0B8FC00F006FE07A8E0F78FFF2A4822
:10C6F0000AF0A1FA034660B9284A29490090CDE919
:10C700000102012209F015FB6FF0120420460CB063
:10C7100070BD244B059305A8E0F7E0FF68B1224BFC
:10C72000029300230390CDE900331D4901221846EE
:10C7300009F0FFFA6FF01504E8E74FF0FF304FF013
:10C74000FF31FFF721FF04460028DFD117491848C1
:10C75000E0F712FF044610B1FFF71EFFD6E741F6DF
:10C760004C5306A80693ECF748F820B1FFF714FFE6
:10C770006FF08504CAE7012304A88DF81030ECF7A8
:10C7800034F80028F2D1FFF707FF33691D60BDE7D9
:10C79000BC370020BF5D03001C79030053CD0300AC
:10C7A000D87B0300FDC7020073CD0300401D0020AD
:10C7B000EDC7020010B586B000240A4B0293CDE904
:10C7C0000301CDE90044084923460122204609F02F
:10C7D000B0FA84F31188BFF36F8F0323184602DF8A
:10C7E00006B010BD97CD0300D87B03000149024875
:10C7F0000AF05BBCBC3700203028002010B4034690
:10C800000A46034881680C681946234610BC18473D
:10C810001C79030070B54FF0FF3088B04FF0FF3146
:10C82000FFF7B2FE002840F08980454D0DF11F0151
:10C83000284600F051FC0446FFF7AEFE002C7DD1E7
:10C840009DF81F30042B35D128783E2819D0FF28B9
:10C850001ED04FF0FF324FF0FF332146F8F76AFD4C
:10C860000646D0B944B9374B0094CDE9014323467D
:10C870003549012209F05DFA08B0BDE87040FFF7C4
:10C88000B5BFAB78022BE4D1002200230124E4E7FA
:10C89000AB7803F0FD03802BF5E76A782849023274
:10C8A00006F10C0006F0FEFF284B29481B683146B4
:10C8B0009847E1E7022B0ED14FF0FF324FF0FF33E4
:10C8C0000320F8F727FD064678B9224B0090CDE902
:10C8D00001030346CCE7082B24D14FF0FF324FF081
:10C8E000FF330520F8F716FD06466A880432B2F5D4
:10C8F000FE7F15D340F2FB13CDE90323164B1249FB
:10C900000094CDE9014301222346204609F011FAA3
:10C9100084F31188BFF36F8F0423184602DFABE75F
:10C920002946BDE703930D4B07490094CDE9014328
:10C9300001222346204609F0FCF99DE708B070BDAE
:10C9400005450020BCCD0300D87B0300B83700208C
:10C95000A8790300D6CD0300EFCD03000FCE03006E
:10C96000F7B5844E33780446002B40F0AB830423A4
:10C970008DF80730804B05881F68B7B10DF10603AD
:10C980000DF10702711CB84701280ED09DF8063042
:10C99000002B40F0C7819DF80730B3700E220123B1
:10C9A0007270F370B580B071C5E1B5F5105F4FEAF4
:10C9B00095230AD2002B4ED0013B072B08D8DFE885
:10C9C00003F00907367A070707C13F2B00F05E82A4
:10C9D000012055E0204640F2064230F9033B9342E5
:10C9E0000FD040F21D4293421ED0012040F2064378
:10C9F0009D4200F0978140F21D439D4200F09281DC
:10CA00003EE0EBF756FF42F264039D4240F2308372
:10CA100042F285039D4233D842F267039D4200F201
:10CA2000388342F26603E8E7EBF745FFEBE7204681
:10CA300040F6634230F9033B934230D00DDC40F6C0
:10CA4000034293421FD040F62D4293421ED040F63F
:10CA50000142934212D0012064E140F67B429342AE
:10CA600020D040F67C429342F5D19DF807304349EF
:10CA700002338DF80730EBF7DFFD01E0EBF7CEFD79
:10CA80000128E8D087E7E0F701FFF9E79DF80730D4
:10CA90003A4903338DF80730EBF7C5FDF0E7EBF7C4
:10CAA000C4FDEDE79DF80730344904338DF80730B5
:10CAB000EBF7C0FDE4E72388A3F58053013B082B87
:10CAC000C9D801A252F823F0EDCA0200FFCA020041
:10CAD00013CB020057CA020057CA020057CA02000D
:10CAE00057CA020057CA020033CB02009DF8073034
:10CAF000224808338DF80730EBF79AFEC0E79DF81F
:10CB000007301E4840338DF8073009F05AF90020ED
:10CB100041E79DF8073008338DF80730174B0022A6
:10CB20001A605A60F37A23F0600343F06003F372F3
:10CB3000EDE79DF80730114806338DF80730EBF725
:10CB400079FE9DE7204642F24B0130F8033B1AB2D2
:10CB50008A4200F3B380B2F5005F42F264020FDC58
:10CB600095423FF478AF40F2928242F28503012071
:10CB700050E700BF00470020CC37002007470020C7
:10CB8000A3F50053013B4A2BEAD801A151F823F049
:10CB9000D7CC0200E7CC0200F9CC020061CB020046
:10CBA00041CD020047CD02004DCD02005FCD020015
:10CBB00065CD02006BCD020061CB020061CB0200AB
:10CBC00061CB020061CB020077CD020089CD02006B
:10CBD0008FCD020095CD020061CB020061CB020037
:10CBE0009BCD0200ADCD0200B3CD0200C5CD020049
:10CBF00061CB0200D7CD0200E9CD0200FBCD0200DF
:10CC000061CB020061CB020061CB020061CB02006C
:10CC100061CB02000FCE020021CE020033CE020013
:10CC200039CE02003FCE020061CB020061CB020090
:10CC300061CB020061CB020061CB020061CB02003C
:10CC400061CB020061CB02004BCE02005DCE020040
:10CC50006FCE020075CE020061CB020061CB0200F4
:10CC600061CB020061CB020061CB020061CB02000C
:10CC700061CB020061CB020061CB020061CB0200FC
:10CC800061CB020061CB020061CB020061CB0200EC
:10CC900061CB020061CB020061CB020061CB0200DC
:10CCA00061CB020061CB020061CB020061CB0200CC
:10CCB00061CB020061CB02007BCE020042F25E0338
:10CCC0009A4200F0BF8042F27C039A4250D042F276
:10CCD00064039D4245E7EBF7AFFD42F264039D42DA
:10CCE0007FF491AE1EE09DF80730D24803338DF8F3
:10CCF0000730EBF7A6FDF0E79DF80730CD48083385
:10CD00008DF8073009F098F842F264039D4208D08C
:10CD100040F2AD8142F285039D4240F2D181002074
:10CD2000AEE600200F2373700423B3700123F0706C
:10CD30003371A6F8055001233370002003B0F0BD15
:10CD4000EBF781FDC9E7EBF780FDC6E79DF80730FB
:10CD5000B84801338DF80730EBF779FDBDE7EBF705
:10CD600078FDBAE7EBF777FDB7E7EBF776FDB4E7C9
:10CD7000EBF79DFDB1E79DF80730AE4801338DF824
:10CD80000730EBF76CFDA8E7EBF76BFDA5E7EBF7DA
:10CD90006AFDA2E7EBF769FD9FE79DF80730A5491B
:10CDA00007338DF80730EBF762FD96E7EBF761FD8F
:10CDB00093E79DF807309F4910338DF80730EBF764
:10CDC0005AFD8AE79DF807309A4808338DF80730F6
:10CDD000EBF753FD81E79DF80730964902338DF854
:10CDE0000730EBF74CFD78E79DF8073091490233A7
:10CDF0008DF80730EBF747FD6FE79DF807300833F4
:10CE00008DF807308F23F371C023F3727CE79DF810
:10CE10000730884902338DF80730EBF738FD5CE7BF
:10CE20009DF80730834804338DF80730EBF731FD68
:10CE300053E7EBF730FD50E700F064FA4DE709F0F7
:10CE400027F84AE709F027F847E79DF807307948BF
:10CE500008338DF80730EBF720FD3EE79DF80730EB
:10CE6000744904338DF80730EBF719FD35E7EBF71C
:10CE700018FD32E7EBF717FD2FE79DF807306D48F7
:10CE800002338DF80730EBF710FD26E720464FF60A
:10CE90000B4230F8033B934222D8B3F57C4F01D8C4
:10CEA00001206DE0A3F57C43013B0A2BF8D801A2D9
:10CEB00052F823F071CF02008DCF0200A1CE020004
:10CEC000A1CE0200A1CE0200DDCF0200A1CE020061
:10CED000A1CE0200B9CF0200CBCF0200E3CF020007
:10CEE00003F5407292B21D2ADAD8A3F57D431D2BBB
:10CEF000D6D801A252F823F0F5CF020023D00200C9
:10CF000029D002002FD0020039D002003FD0020009
:10CF1000A1CE0200A1CE0200A1CE020045D00200A7
:10CF2000A1CE0200A1CE02004BD00200A1CE020091
:10CF3000A1CE0200A1CE0200A1CE0200A1CE02002D
:10CF4000A1CE0200A1CE020051D00200A1CE02006B
:10CF500063D00200A1CE0200A1CE0200A1CE020049
:10CF6000A1CE0200A1CE0200A1CE020069D0020033
:10CF70009DF807302F480C338DF80730EBF75EFB38
:10CF800025F008034FF60252934237E59DF807302B
:10CF900040338DF80730274B00221A80F37923F0B5
:10CFA000230343F02303F371337A23F0070343F0A1
:10CFB000070333720020E3E79DF807301D4817335D
:10CFC0008DF80730EBF754FBDAE79DF80730194886
:10CFD00020338DF80730EBF79DFBD1E7EBF746FBED
:10CFE000CEE79DF80730134801338DF80730EBF793
:10CFF000E2FBC5E79DF8073040338DF807300D4B55
:10D0000000221A60F37923F03F0343F03F03F371EA
:10D01000337A43F080033372737A43F002037372FE
:10D02000C8E7EBF7DEFBABE7EBF7DDFBA8E7EBF7D9
:10D03000DCFBA5E707470020EBF7D9FBA0E7EBF700
:10D04000DCFB9DE7EBF7DBFB9AE7EBF7DCFB97E715
:10D050009DF807301D4904338DF80730EBF7D5FBF9
:10D060008EE7EBF7E1FB8BE7EBF7E0FB88E70020CF
:10D0700042F226039D4217D842F20C039D427FF6EE
:10D08000B5ACA5F500530D3B114A9BB206E001205B
:10D09000EEE7A5F50153283B0E4A9BB222FA03F3B3
:10D0A000DB077FF5EDAC3DE642F232039D423FF4F3
:10D0B00039AEA5F50153033B012B3FF6E1AC31E658
:10D0C0000020A9E44FF0FF3038E600BF07470020FA
:10D0D000411200032F80402038B5094C23780D46BB
:10D0E0001BB9BDE83840EBF789BAA278611C02325F
:10D0F0000AF059FB0020042320702B7038BD00BFBC
:10D100000047002070B505460E46084C204609F041
:10D1100092FD38B1A368B2B2294620461B68BDE82B
:10D12000704018476FF0120070BD00BF1C790300FB
:10D130007FB5214B214903F12002002808BF194681
:10D14000104603F075F90023044650B11C4A0390C1
:10D15000CDE901321B4900930122184608F07CFEFC
:10D1600012244FF0FF324FF0FF330120F8F7D2F8CE
:10D1700000F10C0602210546304606F08DFB3E23E9
:10D180000370222343700121304606F085FB0923FA
:10D1900003702121304606F07FFB00F8014B34B1CB
:10D1A0002022FF210AF027FB284604B070BD064963
:10D1B00008F061FEF8E700BF03480020A4CE03009A
:10D1C00073CE0300D07B030023480020F0B5424D0E
:10D1D000BFF35B8F2B68BFF35B8F022B85B02F46AD
:10D1E0005CD0042B5FD0012B5FD13C4C3C4E202106
:10D1F0002046FFF787FF002845D1202231462046F0
:10D200000AF0DDF90028F2D03648214603F0FCF898
:10D2100005460028EBD14FF0FF324FF0FF330120DD
:10D22000F8F778F800F10C0602210446304606F0C3
:10D2300033FB3E230370422343700121304606F046
:10D240002BFB082303704121304606F025FB0646E0
:10D2500000F8015BCDB1402200210AF0CCFABFF307
:10D260005B8F002357E8002F47E800310029F9D1F0
:10D27000BFF35B8F74B31C4803691B68214605B07C
:10D28000BDE8F04018471F25C5E7164908F0F3FD33
:10D29000203106F1210008F0EEFDE0E70020FFF765
:10D2A00047FF0446DBE70120F9E700240F4B029318
:10D2B000CDE900440E4923460222204608F0CCFD69
:10D2C000BFF35B8F55E8003F45E80042002AF9D1E3
:10D2D000BFF35B8F05B0F0BDE037002003480020AE
:10D2E000A4CE030023480020A879030094CE0300B5
:10D2F000D07B03000149024809F0ACBE8B5E0300FD
:10D30000D037002008B50B4BBFF35B8F012253E8E9
:10D31000001F002903D143E800200028F7D1BFF304
:10D320005B8F05D10449054809F0BFFE002008BD08
:10D330000C20FCE7E0370020D03700203028002008
:10D3400010B50029114BBFF35B8F04460CBF0222BE
:10D35000042253E8001F002903D143E800200028DD
:10D36000F7D1BFF35B8F0ED10948214608F083FD4A
:10D37000084804F1200108F07EFD0749074809F03C
:10D3800094FE002010BD0C20FCE700BFE037002019
:10D390002348002043480020D037002030280020B8
:10D3A00037B53223ADF80430154A00230125192181
:10D3B00068468DF80630ADF800508DF80230EAF777
:10D3C00025F90446C0B94FF4AF60EEF725FB0D48D0
:10D3D0002946EEF7DDFB044670B901462A460820CF
:10D3E000F5F7A4FF2A4621460B20F5F79FFF2A46B2
:10D3F00021462846F5F79AFF204603B030BD00BF0E
:10D400003DD40200E43700200149024809F04DBE36
:10D4100014380020302800207FB50BAB0593039310
:10D42000054B02930023CDE9003301221846F4F79F
:10D43000BDFC07B05DF804FBD0CE030010B586B08C
:10D4400000240A4B0293CDE90301CDE900440849C9
:10D45000234601222046FFF7DFFF84F31188BFF344
:10D460006F8F0323184602DF06B010BDD0CE030035
:10D47000707C030037B50D4D0D49002400946FF00A
:10D4800009034FF48062284602F0D0F90949284682
:10D4900009F0A0FE0849094809F0DCFD22460421F4
:10D4A0001920F5F743FF204603B030BD3028002097
:10D4B00070660020E4CE0300C15E03001438002033
:10D4C000014B00201B6818472438002020B1012898
:10D4D00006D10448E7F748BA034B01201B681847F8
:10D4E000704700BFC1D4020024380020014B1860EF
:10D4F00001487047243800200000AD0B10B51D48CE
:10D50000BFF35B8F0368BFF35B8F23B9062904D891
:10D51000042923D839B1002010BD0729FBD1403898
:10D5200001F098FFF7E750F8203CA0F14004D3E960
:10D5300000209047012805D00223E06384F83430AE
:10D540000D48E9E747F230532363032384F834306E
:10D5500004F1240384F82900A363F1E700F8173CE1
:10D56000064B40F8103CA0F11C014038007EEEF75D
:10D5700050FBD0E7683800205C380020FF3F420FA6
:10D5800002480122002109F0E2BC00BF2838002037
:10D59000014BD861704700BF283800207FB54FF09D
:10D5A000FF3106464FF0FF30FEF7EEFF3A493B48A9
:10D5B000E7F73CFB0446FEF7EFFF002C4FF00005B9
:10D5C0000EDA374B37490394CDE9015328460095CD
:10D5D0002B46012208F0A6FC6FF00B0004B070BDD2
:10D5E000314C40F201132385E36926626433E36220
:10D5F00047F2305323636FF0730384F82450E363DE
:10D6000004F14006BFF35B8F56E8003F46E8005246
:10D61000002AF9D1BFF35B8F4FF0FF314FF0FF309D
:10D62000FEF7B2FF04F12401207EEEF7F2FAFEF7D6
:10D63000B3FF1E4A0023204601F030FF002814DA11
:10D640001B4B18490095CDE9015301222B46284672
:10D6500008F068FCBFF35B8F012356E8002F46E813
:10D6600000310029F9D1BFF35B8F4FF0FF314FF04C
:10D67000FF30FEF789FF207EEEF7ADFAFEF78CFF54
:10D68000BFF35B8F236CBFF35B8F13B1064801F0D0
:10D690002BFFE06BA2E700BF40380020FDD4020062
:10D6A000F8CE0300187C030028380020447B0B00D0
:10D6B0006BC30300074B01221A64D3F84035B3FB58
:10D6C000F0F01844044BDB69984234BF002001207D
:10D6D000704700BF0080004028380020F0B5816806
:10D6E00085B01039054621F0070405F022FC0B4BEC
:10D6F0006E4603F1100C324618685968374603C766
:10D70000083363453E46F7D110232146284605F0ED
:10D71000C7FB003818BF012005B0F0BDF689030033
:10D7200030B50D46816887B0102302AA103904462F
:10D7300005F0A1FB002802DA012007B030BD10225D
:10D7400002A9204608F01FFC00283AD11E491022E9
:10D7500002A809F034FF00280CBF012302232B701C
:10D76000204608F0FCFB012301460DF1070220468C
:10D7700005F081FB0028DFDB9DF8073003F00F0286
:10D780001B096A702B7101220DF10701204608F078
:10D79000FAFB10B96B78042B03D901236B700023BB
:10D7A0002B71A268183A22F00702083AA91C2046F9
:10D7B00008F0FCFB0028BFD1E91C204608F04FFC14
:10D7C000BBE70323CBE700BFF68903007FB5264DF7
:10D7D0004400694655F8240008F047FC002835D17C
:10D7E000013402A955F8240008F03FFC01282BD190
:10D7F00003238DF808308DF80B309DF800509DF80C
:10D8000008601A4A00241078294608F0AEFB18B3C5
:10D810005078314608F0A9FBF0B19378042B03D07F
:10D820009DF80310994217D1D378042B03D09DF8AB
:10D830000B10994210D11379042B09D15079831E12
:10D84000022B03D804B070BD0028D6D0FF20F9E722
:10D850009DF802109942F1D00134032C02F1060226
:10D86000D1D10120EEE700BF088803002ECF0300CE
:10D870004FF0704393F8E02F062A09D1D3F8E83F20
:10D88000C3F30313033B042B02D8024AD05C704756
:10D89000002070475CCF0300024AD2F80034002B0E
:10D8A000FBD0704700E0014010B508F03EFC40B1ED
:10D8B0004FF080538E4AD3F82433C3F30423C2F8C5
:10D8C0004035FFF7D5FF10B18A4B8B4A5A6708F0F5
:10D8D0002CFC48B14FF080534FF08042D3F84432D3
:10D8E000C3F34233C2F83C35FFF7C2FF30B1834A7D
:10D8F000D2F8FC3023F08073C2F8FC3008F015FC3D
:10D9000040B14FF080430022C3F80C21C3F810212E
:10D91000C3F83825FFF7ACFF20B14FF08043032256
:10D92000C3F8A025FFF7A4FF60B1754B0522C3F82B
:10D9300010260122C3F888260022C3F818263F22A9
:10D94000C3F814264FF08053D3F83021511C09BF7F
:10D950004FF07043D3F8343193F8E02FD3F8E83F19
:10D9600008BFC3F30313062A4DD1033B042B03D88E
:10D97000644AD35C002B46D04FF08052624BD2F801
:10D980000414C3F82015D2F80814C3F82415D2F8EB
:10D990000C14C3F82815D2F81014C3F82C15D2F8BB
:10D9A0001414C3F83015D2F81814C3F83415D2F88B
:10D9B0001C14C3F84015D2F82014C3F84415D2F84B
:10D9C0002414C3F84815D2F82814C3F84C15D2F81B
:10D9D0002C14C3F85015D2F83014C3F85415D2F8EB
:10D9E0003414C3F86015D2F83814C3F86415D2F8AB
:10D9F0003C14C3F86815D2F84014C3F86C15D2F87B
:10DA00004424C3F8702508F090FB48B14FF08053D0
:10DA10004FF08042D3F8583203F04F03C2F8E43E8F
:10DA200008F083FB48B14FF08043D3F80024D207BD
:10DA300044BF6FF00102C3F800244FF08053D3F8C5
:10DA40003021062A26D1D3F83431033B042B02D8E7
:10DA50002E4AD35C63B12E4AD2F83C3743F480633C
:10DA6000C2F83C374FF08053D3F83031062B11D138
:10DA70004FF08053D3F83431033B042B02D8254AAE
:10DA8000D35C3BB14FF01023D3F808224FF0804312
:10DA9000C3F858254FF01023D3F80022002A03DBE7
:10DAA000D3F80432002B22DA1B4901234FF0102057
:10DAB000C1F804351524FFF7EFFEC0F80042FFF768
:10DAC000EBFEC0F80442FFF7E7FE0023C1F804357F
:10DAD000FFF7E2FEBFF34F8F0849104BCA6802F40C
:10DAE000E0621343CB60BFF34F8F00BFFDE710BD73
:10DAF0000030014000C007400DF0ADBA00ED00E07D
:10DB00000050004057CF030000C0004052CF030038
:10DB1000001000404DCF030000E001400400FA0572
:10DB200030B50468CCB1BFF35B8FB4FA84F3C3F1B2
:10DB30001F03DBB201229A4024EA020250E8005F90
:10DB4000A54204D140E8002CBCF1000FF6D1BFF390
:10DB50005B8FE6D102480B7030BD0248FCE700BF86
:10DB60000000AD0B0200AD0B10B50368CB40DB0726
:10DB700014D401238B400268BFF35B8F43EA020198
:10DB800050E8004F944204D140E8001CBCF1000F63
:10DB9000F6D1BFF35B8FEED1014810BD0148FCE721
:10DBA0000000AD0B0400AD0B70B500F108030C4C88
:10DBB00034F81330DA0505460E4607D5C3F3432380
:10DBC00004EBC30254F8333052689847A3682BB172
:10DBD000E26831462846BDE87040184770BD00BF76
:10DBE0005C07002010B4C0B2114A083032F810307F
:10DBF000D9051BD5C3F3432123F4F85322F8103081
:10DC000002F10E04002034F8023F13F4807F03D0A9
:10DC1000C3F34323994209D001302028F3D10023D4
:10DC200042F83130034810BCFFF79EBF10BC70476C
:10DC30005C070020B4070020F0B50546002004462C
:10DC4000012607468C420BD1114BD3F87C2132B10F
:10DC50000022C3F87C21D3F87C3140F00040F0BDB5
:10DC6000E3B29B0003F580729B0806FA03F31D42A2
:10DC70000BD002F1804202F5C042D2F800C0BCF1E4
:10DC8000000F02D01760126818430134DAE700BFB2
:10DC900000600040C0B2064B083033F81000830625
:10DCA00043BF400B800000F580704FF4BE7070479A
:10DCB0005C070020CBB20246083308460C4931F815
:10DCC0001330990611D599070FD410685B0B012109
:10DCD0009940C0F80813126802EB8303D3F81025AB
:10DCE00022F00302C3F810257047002108F081BA22
:10DCF0005C070020F7B5CDB2174E0835074636F859
:10DD00001530DB070C4624D5FFF7D4FF36F8153065
:10DD10009A0606D55B0B3A6803F5A273002142F818
:10DD200023102046FFF75EFF002301A826F81530D8
:10DD3000019408F00BFA019B00EB8300074BD0F82D
:10DD40000027134043F00203C0F80037044803B033
:10DD5000F0BD0448FBE700BF5C070020F0F8FCFFC3
:10DD60000000AD0B0400AD0B2DE9FF411368074621
:10DD70000C461546FBB1CEB2DFF83C81083638F8C8
:10DD8000162002F02202222A22D00022CDE900220F
:10DD90008DF80E208DF80F200DF10E010DF10F0200
:10DDA000204608F0DDF938F8163023F0020343F07E
:10DDB000010328F816306B684BB393F800C05A681B
:10DDC0003D4EE3B2083336F81310880702D5B2B1DE
:10DDD0003A481FE021F02001C904C90C26F81310AD
:10DDE0006AB1BCF1030FF3D86A68386852681278D8
:10DDF000BCF1000F11D102F5A27240F822C036F832
:10DE0000132022F01C0242EA8C0226F81320AB6891
:10DE100043BB2B4804B0BDE8F08100EB820041EA2F
:10DE20004231D0F810E52EF0030EC0F810E53F683F
:10DE300007EB820741F02001D7F8100526F81310F0
:10DE400020F4473020F44070C7F810052002D7F8BE
:10DE500010E500F4F85040EA0C4040EA0E00C7F824
:10DE60001005CCE7D3E900672046FFF7BBFE002E84
:10DE7000CFD0114DD5E90023964203D19F4201D165
:10DE8000002209E00F480DF10F01FFF749FE0C4B8E
:10DE90009842BFD19DF80F2045F83260E4B205EBFF
:10DEA000C20308345F6035F8143043EA422343F478
:10DEB000807325F81430ACE75C0700200400AD0B3C
:10DEC0000000AD0BB40700202DE9FF4107460C46CA
:10DED0001E4612B3CDB2DFF8D080083538F81530C1
:10DEE000980701D4990621D413F01C0F02D053785F
:10DEF000012B1BD001238DF80F300023CDE9002327
:10DF00000DF10F01931C2046013208F029F938F871
:10DF1000153043F0030328F81530002E42D0E1B24B
:10DF2000214D083135F81120930703D41F4804B060
:10DF3000BDE8F08196F800E0D7F800C022F020029A
:10DF40000EF5A270D2040023D20C4CF8203025F834
:10DF5000112096F801C0BCF1000F23D03868B678C4
:10DF600000EB8E004FEA0C4CD0F8103523F49813D8
:10DF700023F4F853C0F81035230203F4F8530CF4DB
:10DF8000403C3605D0F8107543EA0C0306F48016C1
:10DF900042EA4E32334342F020023B4325F811203F
:10DFA000C0F810350248C2E75C0700200400AD0B42
:10DFB0000000AD0B014BC3E9021270475C07002063
:10DFC000C9B20831044B33F81130990643BF5B0BDB
:10DFD00002481370024870475C0700200000AD0B38
:10DFE0000400AD0B70B5164D95F8604006462CBB8D
:10DFF0002146402205F1100009F0FDFB30682E6D2E
:10E0000021468E420ED10023C0F87C31D0F87C31FD
:10E0100040F30730F5F75AF901230A4885F86030D4
:10E02000AB6570BDCBB29B0003F580727C2B08BF43
:10E03000845001F1010108BF8358E2E70248F0E78C
:10E040005C0700200000AD0B0C00AD0B034B93F8F8
:10E050006000003818BF0120704700BF5C07002037
:10E060000148FFF781BD00BFB00700200148FFF75E
:10E0700057BD00BFB007002073B503680C46D3F846
:10E0800004130029A4BF4FF00041C3F80413E3B206
:10E090001D49083331F8133099061AD513F00206DA
:10E0A00017D15B0B9C00056804F580716E506958B0
:10E0B00001682144D1F8104544F00104C1F810452D
:10E0C0002AB10168012202FA03F3C1F8043302B055
:10E0D00070BDC3F38203042B12D0052B12D001A80C
:10E0E000019408F033F8019AD0F81035D34003F0CA
:10E0F0000103991C204602B0BDE8704008F079B8D1
:10E100000321F7E70221F5E75C0700202DE9F3473B
:10E11000544B554FD3F80403396DC0B240F0004062
:10E12000FFF78AFD051E18DA0023F96D0093684693
:10E1300008F06EF84FF0010897F85C30DA075AD40F
:10E14000396D4FF00040FFF777FDF96D684608F034
:10E150005FF80028F0D125F000450124002D69D199
:10E1600002B0BDE8F08794FAA4F4B4FA84F4E008AD
:10E1700004F1080304F0070237F813901DF800308B
:10E18000019408FA02F223EA02030DF8003001A814
:10E1900007F0DCFF019B03F5E0734FEA990150F8AB
:10E1A0002360C9F3820A4B07D146C6F3014626D540
:10E1B00020465146FFF7F8FC01A8019407F0C6FF7E
:10E1C000019B03F5E073F6B250F82330C3F301432B
:10E1D0009E4207D10021204608F00BF83146204628
:10E1E00008F007F801A8019407F0B0FF019B08FAB6
:10E1F00003F3C0F82035009C002CB4D1A0E7022E18
:10E200000CD10321204607F0F4FF0AF00503012B8F
:10E21000E8D149462046FFF7C7FCE3E70221204644
:10E2200007F0E7FFBAF1030FF3D0032EDAD1BAF10A
:10E23000020FEDE795FAA5F3B3FA83F304FA03F2BC
:10E240009B0003F1804303F5C04325EA0205D3F8A0
:10E250001005D3F81015C0F30420C1F30141FFF7F6
:10E26000A3FC7BE7006000405C070020044AD2F872
:10E270000034DB07FBD50160BFF35F8F704700BF41
:10E2800000E001404FF080531A69B0FBF2F302FB4B
:10E29000130373B9084B0222C3F80425C3F8080519
:10E2A000D3F80024D207FBD500220448C3F8042584
:10E2B00070470348704700BF00E001400000AD0B0D
:10E2C0000A00AD0B10B5054C0123C4F80435FFF767
:10E2D000CDFF0023C4F8043510BD00BF00E00140AD
:10E2E00007B5019001A807F0B6FF019B00EB830082
:10E2F000054BD0F80027134043F00303C0F8003764
:10E3000003B05DF804FB00BFF0F8FCFF73B5CB7BF6
:10E310000446002B38D10B7B0878012B77D807F007
:10E32000B1FF0B78019301A807F095FF019B00EB6B
:10E3300083003C4BD0F80027134043F00103C0F8A2
:10E3400000374878FF2804D007F09CFF4878FFF793
:10E35000C7FF8B78FF2B0FD001A88D7B019307F0AF
:10E360007AFF019B00EB83002E4BD0F8002713406F
:10E3700043EA8503C0F80037C878FF2804D007F0C7
:10E3800074FFC878FFF7ACFF23792748CA7828259F
:10E3900005FB03039A770B7C9BB94B7825680E78B5
:10E3A000FF2B18BF1A468B78C5F8086508BF4FF0D9
:10E3B000FF32FF2B08BF4FF0FF33C5F80C25C5F81F
:10E3C000103523688A68C3F824254B7B0A7B2568AF
:10E3D000003B18BF0123022A1CD0032A1DD0012AAA
:10E3E00001D143F00203C5F8543523794979282235
:10E3F00002FB0303D97723795343C35883B12068C1
:10E4000040F3073002B0BDE87040F4F75FBF07F09B
:10E410002CFF86E743F00403E5E743F00603E2E759
:10E4200002B070BDF0F8FCFF6C38002007B5019019
:10E4300001A807F010FF019B00EB8300054BD0F80B
:10E440000027134043F00203C0F8003703B05DF823
:10E4500004FB00BFF0F8FCFF2DE9F04190F80480C8
:10E46000144C4FF0280C0CFB08FC04EB0C06074680
:10E4700096F81CE0BEF1000F19D144F80C2073602F
:10E4800041B1CB7B86F82530CB78B3774B79F377E6
:10E49000FFF73CFF3A6808480123C2F800352822FC
:10E4A00002FB0844002262772377BDE8F08103482D
:10E4B000FBE700BF6C3800200000AD0B0C00AD0B7B
:10E4C00070B50679194C056828237343E35833B1B6
:10E4D00045F30730F4F708FF0423C5F80833002399
:10E4E000C5F80035282303FB064393F82530BBB954
:10E4F000D5F80805FFF79AFFD5F81005421C01D0A2
:10E50000FFF794FFD5F80C05431C01D0FFF78EFFF1
:10E51000282303FB0643987FFF2801D0FFF786FFDF
:10E52000282303FB06440023237770BD6C380020AA
:10E530002DE9F8430779394C28237B439046E218AC
:10E540000E46517F8146002966D1E3580BB1012365
:10E55000537796E80F00282505FB074505F10C0CBD
:10E560008CE80F00A87F0023FF2885F8243001D015
:10E5700007F088FE2823B8F1000F06D003FB0743FD
:10E58000002227485A77BDE8F883D9F8005003FBEA
:10E5900007430422C5F80823C3F82080C5F8088182
:10E5A000D5F8082172689AB133681B78C5F81C3514
:10E5B0007368012B0ED933685B78C5F81C352823A6
:10E5C0007B43E65876B10423C5F804331548DAE7EF
:10E5D000DB7FEBE7F368012BF1D9282303FB07432B
:10E5E000DB7FEAE707EB870104EBC101D5F80831CF
:10E5F000002BFBD0C5F808612846D5F8083107F094
:10E600004EFE0028F2D1282303FB0744A07FFF28F9
:10E61000DCD007F02AFED9E70348B4E76C380020C5
:10E620000300AD0B0000AD0B0B00AD0B02494FF02A
:10E63000402007F067BE00BF6C3800200149024847
:10E6400007F060BE943800200030024010B4CC7B4C
:10E650008A6803682CB9D1E90041C3F80845C3F8BA
:10E660000C15C3F8242503792C225343054AD358AB
:10E670002BB1006810BC40F30730F4F727BE10BC84
:10E68000704700BFBC38002030B5847BF4B9016806
:10E6900001F01F0349091BD19B0003F1A043114D59
:10E6A000D3F8002740F20C642A402243C3F8002725
:10E6B000426802F01F0352090FD19B0003F1A043EF
:10E6C000D3F800272A402243C3F80027012030BD99
:10E6D00003F5E07354F82330FFDE03F5E07351F8DF
:10E6E0002330F9E7F0F8FCFF2DE9F04190F80480C1
:10E6F000174E07462C2000FB08F035180C4695F8FD
:10E70000221001BBA96032506B6085F8251085F896
:10E7100024107CB1A37B85F827302046FFF7B4FF97
:10E7200098B1637B85F82630A368AB6221463846F2
:10E73000FFF78CFF2C2303FB08660648012386F8AD
:10E740002230BDE8F0810448FBE70448F9E700BF48
:10E75000BC3800200000AD0B0C00AD0B0400AD0B6D
:10E76000036802790621C3F80015044B2C2101FB34
:10E770000233022283F82220704700BFBC380020F9
:10E7800010B51D4A04792C2303FB04230021996052
:10E7900001681A4BC1F80833D1F8003223F4BC5396
:10E7A000C1F800324FF08053D3F83001B0F1FF3F91
:10E7B00009BF4FF07043D3F8343193F8E00FD3F82A
:10E7C000E83F08BFC3F30313062808D1033B042B1B
:10E7D00002D80B48C35C13B10923C1F800352C23C0
:10E7E00003FB042300200122C1F8000583F8222046
:10E7F00083F8240010BD00BFBC38002002029C0139
:10E8000061CF03002DE9F74FB94D90F804900468EB
:10E810002C2303FB09539046002283F823204B68E6
:10E820000E4633B1CB6803F06043B3F1005F40F0B4
:10E83000A2813378023B012B06D8336903F0604391
:10E84000B3F1005F40F09781AA4BC4F808332C2342
:10E8500003FB095393F8241001F0FF0241B19B68B8
:10E86000DFF894B2C4F80433584603B0BDE8F08F23
:10E8700018F0140F0CBF0121002183F82410317807
:10E8800083F82010717883F82110F168D9607168DD
:10E89000196131695961B1689961C8F3001183F850
:10E8A0002510C3F81C807378C4F88835C4F860213B
:10E8B000D4F86031C4F84821D4F84831C4F8242190
:10E8C000D4F82431C4F80421D4F8043118F0010339
:10E8D00018BF0123C4F8503518F0020318BF0123F4
:10E8E000C4F8403533782C2709FB0757032B00F277
:10E8F000BC80DFE803F092B17B024FF48073C4F870
:10E900000032D7E90323C4F84425C4F8483501236D
:10E91000A3604FF48011204607F050FD0028F8D185
:10E92000D7E90523C4F84425C4F848352C2303FB54
:10E9300009534FF480229A60DFF8C0B12C2202FB09
:10E9400009F218F00803A858019305EB020114D14D
:10E950003278032A11D0012A40F09D8022600028DD
:10E9600000F086802C2202FB09F27168AA5821B9B6
:10E97000002A00F0D680012262612C2202FB09F2FB
:10E98000A918AA58002A00F0CC8018F0040F1CBF68
:10E9900000228A6018F0400F06D12C2202FB095297
:10E9A000916841F0020191602C2202FB0952019B07
:10E9B000916841F4007191609268C4F80423002BBF
:10E9C00000F0A8803278012A00F0A4800022C4F868
:10E9D0005025C4F84025C4F82425C4F85021D4F8A3
:10E9E00050214FF48012C4F804233DE7D7E90323F4
:10E9F000C4F84425C4F84835D7E90523C4F83425BC
:10EA0000C4F838354FF48453C4F80032012323622C
:10EA10002C2303FB095302228DE7D7E9032318F0C7
:10EA2000200FC4F84425C4F848354FF02C0315BF17
:10EA30004FF480724FF4007203FB095303FB095338
:10EA400015BFC4F80022C4F800224FF4802202222D
:10EA50009A60012323626FE7D7E90323C4F83425C2
:10EA6000C4F838354FF48053CEE7DFF894B065E74B
:10EA7000096901B962612349DFF88CA0204607F0DB
:10EA80009DFC012310F4007F18BF636110EA0A0F98
:10EA90001C49F3D066E70122A26000287FF462AF30
:10EAA0000969A9B34FF0000A174B1AEA030F7FF464
:10EAB00059AF1449204607F081FC10F4007F8246CC
:10EAC000F2D04FF08071204607F078FCD4F80012A5
:10EAD000E0B111F4007003D101222262824662612A
:10EAE000CB05E1D54FF48021204607F067FCD9E73C
:10EAF000BC38002002029C010B00AD0B0000AD0BE6
:10EB00000400AD0B02020400020004000122226294
:10EB10006261C7E72C2202FB0952926AC4F82425DD
:10EB2000A2E62C21D4F8C424C4F8C42401FB09555E
:10EB3000002185F824108AB11049114B12F0010F01
:10EB400014BF8B469B46013112F0020F18BF8B4653
:10EB500012F0040F0B4A18BF934685E618F0400FD9
:10EB60007FF482AE3946204607F0E6FB044A0028CF
:10EB700008BF934678E6DFF810B075E60000AE0BEC
:10EB80000100AD0B0200AE0B0A00AD0B70B5784D65
:10EB9000784C86B04FF48011284607F00FFC00B384
:10EBA0004FF48013C5F80833D5F82435CBB9C5F830
:10EBB00000350623C5F80035A36AC5F82435E36996
:10EBC00013F0010218BF0122C5F8502513F002030B
:10EBD000674A18BF0123C2F840350123936006B08D
:10EBE00070BD0221624807F0E9FB4FF40071064650
:10EBF0005F4807F0E3FBD0B1DEB9A368C5F808337E
:10EC00000223A360A3685A48C5F804334FF080710B
:10EC100007F0D4FB18B1D5F800329B0503D4544B50
:10EC200001221A625A61012384F82330D7E7002EAB
:10EC30006CD0E5696E060AD494F823303BB94D498F
:10EC40004B4807F079FB80F0010084F8230015F0B1
:10EC5000040594F8251094F82020454B26D1C3F8DC
:10EC60006051D3F86001C3F85C51D3F85C3111B145
:10EC700094F823305BB13E4B0021C3F80012A16031
:10EC80003D49C3F808133D4B0821C3F880118DF8A6
:10EC9000042094F821308DF80530E368049323694B
:10ECA000029363690593A36903930CE0012A0AD0D8
:10ECB0000022C3F85025C3F84025C3F824254FF49B
:10ECC0008012C3F804232A4AD2F8C434C2F8C434E8
:10ECD000980746D4590746D4DA0746D494F8233027
:10ECE0009B00DBB28DF8003094F825300BB984F826
:10ECF0002430E3695B0704D594F82330002B3FF4FC
:10ED00006EAFD4E900316846984768E718484FF479
:10ED1000802107F053FB94F8203083B994F8253014
:10ED20004BB9C5F80032A360134BC5F80833134B39
:10ED30000822C3F8802100238DF80430A9E74FF49E
:10ED40000073C5F8003240F20223A36003F1CE73D2
:10ED5000C5F80833A368C5F804330123AB602B6200
:10ED60003DE70123BEE70223BCE70323BAE700BF68
:10ED700000300040BC38002002029C0100E100E0AD
:10ED8000F7B5064607F04EFB084607F04BFB01A817
:10ED9000019607F03DFB019B2E4D00EB83000C46D6
:10EDA000D0F80037019440F20D612B400B43C0F8BE
:10EDB000003701A807F02CFB019B00EB8300012723
:10EDC000D0F800372B400B43C0F80037042007F081
:10EDD000BBF9092501A8019407F01AFB019AD0F8A4
:10EDE0001035D340DB0715D401A8019607F010FBBE
:10EDF000019B07FA03F3C0F80C35042007F0A4F9CF
:10EE0000304607F00FFB013D042007F09DF915F097
:10EE1000FF05DFD101A8019407F0FAFA019A012356
:10EE20009340C0F80C35042007F08EF9204607F017
:10EE3000F9FA042007F088F901A8019407F0E8FA2C
:10EE4000019AD0F810350448D34003F00103C01AEA
:10EE500003B0F0BDF0F8FCFF0100AD0B70B5164635
:10EE60001D465A1C03681344C2689A42044605D2E0
:10EE7000006A082107F0EBFD002070BD32783DB13B
:10EE8000AB1E062B9ABF0C4AD35C00231833DAB2B0
:10EE9000204607F0DFFD0028EED03544B54203D10F
:10EEA000A3680133A360E8E723685A1C226015F8C1
:10EEB000012D1A70F2E700BF66CF03002DE9F04183
:10EEC000054686B00E46EFF31188402383F312887F
:10EED000BFF36F8F042898BF234B244A98BF53F881
:10EEE0002030976888BF224B127C2249039000246F
:10EEF000CDE90432204B0293CDE9004423460122A0
:10EF0000204607F0A3FE6EB1F369C3F308034BB1CB
:10EF10001A4B18490094CDE90143012223462046AB
:10EF200007F094FE2FB1384608F057F908B103787E
:10EF300003B91348134B02930023CDE90370CDE9C5
:10EF40000033184601220B4907F080FE314628465F
:10EF5000FDF73AFB88F31188BFF36F8F384606B090
:10EF6000BDE8F041F4F73AB910880300E838002012
:10EF70006DCF0300907C030083CF0300ABCF030071
:10EF80007BCF0300CCCF030038B5094B53F82040AA
:10EF9000013053F82050A54200D838BD636823B132
:10EFA000204607F063FE0834F5E723689847FAE740
:10EFB0002488030070B52B4B2B4C2C4D012286B0BE
:10EFC00003201A70FFF7E0FFF3F75CFC07F06AFE1E
:10EFD0000420FFF7D9FF2646AE4204F1300410D3D7
:10EFE00000F0F8FE204C224EAC4226D300F006FF83
:10EFF00002F0D5F81F4A137B23F00103137306B008
:10F0000070BD54F80C3C059354F8103C049354F82C
:10F01000143C039354F8183C029354F81C3C01939D
:10F0200054F8203C009354E90A2354E90C0100F001
:10F030009FFC54F8303C5E65CDE7D4E90A23B3F178
:10F04000FF3F08BFB2F1FF3F05D052EA030120683D
:10F0500003D108F0C4F83034C6E73146183001F067
:10F0600093F8F8E763480020F47A0300F47A030089
:10F070000D7303005029002008B50348034A0021FE
:10F08000121A07F00BFE08BD680A0020684800202D
:10F0900070B5002386B00122CDE90423124E134D32
:10F0A00001930F22CDE902321149142303FB0055CD
:10F0B00006EBC0164FF4A072044602FB00110D4B84
:10F0C0000095304600F054FC737B0B4AEE6023F051
:10F0D000040373734FF4406304FB033313442C7431
:10F0E0006B6006B070BD00BFD0280020E83800205B
:10F0F00070760020EF6D0300706A0020BFB500201D
:10F10000FFF742FF2F4B83F308882F4C2F4E636984
:10F110002F4F43F400736361E02384F8223000250D
:10F120002023E37725766576A57684F82050636AF8
:10F1300043F4E023636284F82350F3F7B9FFF4F754
:10F1400067F94FF0FF33A362E362224CF4F71AFA37
:10F15000F4F782F9F2F7A2FD40F201132046A381F1
:10F16000C4E9195501F032F9B46007F063FD0120DC
:10F17000FFF70AFF0220184CFFF706FF00F05EFEC3
:10F18000164B746101220593052315490095CDE9BD
:10F190000332CDE901553B464FF46062204600F052
:10F1A000E7FB627B064622F004022046627308F009
:10F1B00052F82846FFF76CFF3A4631462046F4F7EE
:10F1C00007F900BF7076002000ED00E0E83800206D
:10F1D000B5EF0200702A0020502900202ED0030035
:10F1E000B077002038B5064C064DAC4201D3002064
:10F1F00038BDD4E90112204607F055FD1434F4E778
:10F20000840800209808002038B5064C064D0020E0
:10F21000AC4200D338BD204607F0AAFD0028F9DB38
:10F220001C34F5E7140800208408002073B50C4650
:10F23000EFF31181402585F31288BFF36F8FC56806
:10F240005DB125602B68C360836901338361002051
:10F2500081F31188BFF36F8F11E052EA030603D1E7
:10F2600025606FF00B00F3E7CDE90023024608307C
:10F2700000F0FCFC18B9034B9B685B69236002B08B
:10F2800070BD00BFE83800202DE9F3410446174661
:10F290001E46EFF31188402383F31288BFF36F8F6C
:10F2A000C368334A7BB180689168884219D057EAB5
:10F2B000060318D188F31188BFF36F8F6FF00F002A
:10F2C00002B0BDE8F081916891F90E10216101331F
:10F2D000E3609368A36088F31188BFF36F8F002009
:10F2E000EEE72169F2E791F90E1090F90E3099429C
:10F2F000A8BF19466FF07E029142B8BF11468B42FB
:10F300002DDD07F07FFD0546CDE900761948224640
:10F31000414600F0ABFC0028E1D0EFF3118640231A
:10F3200083F31288BFF36F8FA068D0B1236821697F
:10F330009C420AD04BB193F90E309942A8BF1946AE
:10F340006FF07E039942B8BF194607F05BFD40B1EC
:10F350000848314600F0FAFC6FF00A00B0E70025DB
:10F36000D2E7002DF4D186F31188BFF36F8FF3E756
:10F37000E83800206448002038B58368044663B349
:10F38000194A926893422BD1C368012B03D9013BE0
:10F39000C360002038BDEFF31185402383F312884A
:10F3A000BFF36F8F0169806807F02CFD204607F0DE
:10F3B000B1FFA06058B190F90E2022610022C2670F
:10F3C00007F049FF0948294600F0C0FCE1E7E0608A
:10F3D00085F31188BFF36F8FDBE76FF01500D9E776
:10F3E0004FF0FF30D6E700BFE83800206448002027
:10F3F00037B51146EFF31185402282F31288BFF32F
:10F400006F8F04689CB12368426823F00303944221
:10F41000036008BF43600121204607F067FD0446F2
:10F4200085F31188BFF36F8F204603B030BD51EADA
:10F430000302F5D000F10802CDE900131046294679
:10F4400000F014FC0028EFD1014B9B685C69EBE7EE
:10F45000E838002038B50446EFF31185402383F3E4
:10F460001288BFF36F8F07F055FF48B10022C267C3
:10F4700007F0F1FE29460848BDE8384000F066BCB8
:10F48000D4E902329A4218BF0133A360022104F189
:10F49000100008F060F8EDE76448002013B5EFF3C2
:10F4A0001181402484F31288BFF36F8F846844B1C4
:10F4B000013C846081F31188BFF36F8F002002B09C
:10F4C00010BD52EA030406D181F31188BFF36F8F98
:10F4D0006FF00F00F3E7CDE900230246014800F08A
:10F4E000C5FBECE76448002070B50446EFF31185D6
:10F4F000402383F31288BFF36F8F6FF00A06204614
:10F5000007F008FF18B1C66707F0A5FEF7E7A0608F
:10F51000022104F1100008F01EF829460248BDE857
:10F52000704000F013BC00BF644800201FB5094ABA
:10F5300092E8030002AB83E803004FF440620093BB
:10F54000054906484FF0FF3300F070F9002005B080
:10F550005DF804FB747D0300B0850020D0290020F5
:10F560002DE9F043DFF8348185B005464FF0FF36D2
:10F570004FF0FF37EFF31189402383F31288BFF375
:10F580006F8FD5F880408CB9022105F1980007F003
:10F59000EEFC002860D10023CDE90067029305F15D
:10F5A000880249463E4800F0F7FCE3E7D5F884209E
:10F5B0002368C5F88030944208BFC5F88430D5F878
:10F5C000983043F00203C5F89830E36823F0040351
:10F5D00043F00103E360636889F31188BFF36F8F21
:10F5E00020469847EFF31189402383F31288BFF335
:10F5F0006F8FE368D90623F0010237D4E260E36835
:10F600009A071AD5D8F8000023F00203E360A0B1EE
:10F610000268002188B143689C4237D1036869BB06
:10F62000D8F80420C8F80030824201D1C8F804306C
:10F63000002340F8083BFFF70DFFD5F8983023F082
:10F640000203C5F8983089F31188BFF36F8FDB058B
:10F6500090D400F0FBFB8DE705F19004002201211E
:10F66000204607F0B0FE0028F8D194E723F01103FC
:10F67000E36004F11000FFF7EDFEC0E70B60D8F87F
:10F680000430834208BFC8F80410D1E722B11368E0
:10F69000014610461A46BDE71346F9E7083900202F
:10F6A0006448002070B5C368C3F340069B07054655
:10F6B0000C460DD50122002104F1080007F047FC9B
:10F6C00000232360054B65605A681AB9C3E90044FA
:10F6D000304670BD14605C60FAE700BF0839002056
:10F6E000F8B5C3689A0704460F46C3F340062CD406
:10F6F0005B071AD40B680BB983680B60E368DD07FE
:10F7000044BFA3683B603D684CBF02260126002D24
:10F710003AD01F4B9B68AB420AD0D5F89830D80737
:10F72000C3F3800214D46FF0120600233B6025E07F
:10F7300007F04AFDD5F898300028F0D1D907C3F377
:10F74000C002F0D552B15B0708D46FF00F06ECE7AA
:10F75000002AFAD1C3F3C003002BF6D100232360A3
:10F76000D5F8843063B9C5E92044284607F01AFC6F
:10F77000E36843F00403E3603B68A3603046F8BDF0
:10F780001C60C5F88440F0E76FF01506CDE700BFB8
:10F79000E83800202DE9F041C36803F00503002B91
:10F7A00007460C4614BF4FF001084FF0000822D066
:10F7B0008668D6F8805025B1AF4201D02D68FAE7AF
:10F7C00001250122002104F1100007F0C0FB1349BC
:10F7D000204607F03FFCE36843F01003E3609DB16F
:10F7E0003B68236073B9D6F884303BB9C6E920443E
:10F7F000304607F0D7FB4046BDE8F0811C60C6F8F4
:10F800008440F5E73C60F3E7D6F880302360D6F813
:10F810008430C6F88040002BEAD1F0E7856F030002
:10F820000146014807F041BCD0290020F0B589B05D
:10F8300004460020C4E920000E9D04F18800C4E9BC
:10F84000220004F19000C4E924004DB32879002877
:10F8500040F2011008BF0120C4F8980000204FF0CA
:10F86000FF364FF0FF37CDE90330CDE90100CDE998
:10F8700006670C4B0094204600F0B8F855B1296893
:10F8800011B1204607F0A6FC6B791BB1237B43F036
:10F8900001032373204609B0BDE8F04007F09FBC88
:10F8A0000120D9E761F5020037B501900846EFF372
:10F8B0001184402181F31288BFF36F8FC16811F06A
:10F8C0001E0F16D153EA020508D101A9FFF708FF60
:10F8D00084F31188BFF36F8F03B030BD41F008018E
:10F8E000C160019981621030034900F04DFC012094
:10F8F000EEE70020ECE700BF197003000146014865
:10F90000FFF7D2BFD0290020F7B50C46019016466C
:10F910001D46EFF31187402383F31288BFF36F8FE7
:10F92000084607F030FB55EA060309D101A9204635
:10F93000FFF7D6FE87F31188BFF36F8F03B0F0BDDA
:10F94000E368074943F00803E360019BA36204F105
:10F95000100032462B4600F017FC0120EAE700BFFA
:10F960001970030001460148FFF7CEBFD0290020DF
:10F970002DE9F04385B0984600F158030732C0E9FD
:10F980001633109B037322F00705042300264373EC
:10F9900001EB05090F9B83730F46C0E906664946D4
:10F9A0008660C6730446F3F78FF807300E9B20F08D
:10F9B0000700E066C4E9197502930D9B0193A9EB5A
:10F9C00000090C9B00934A46434639462046F3F70C
:10F9D000E3FC054B66659B6803B11B6F23674846D4
:10F9E00005B0BDE8F08300BFE8380020F0B587B06F
:10F9F00000250595109D04950F9D03950E9D02957C
:10FA0000DDE912760D9D01950C9D00950446FFF7EA
:10FA1000AFFFB6F1FF3F08BFB7F1FF3F05D056EA91
:10FA2000070305D1204600F0A3F9204607B0F0BD3A
:10FA300003493A46334604F1180000F0A5FBF4E709
:10FA40000D73030038B50D4D2B4653F8184F9C42EB
:10FA500000D004B9EC68AB6838B95A7BD20604D13F
:10FA6000A26912B9DA897F2A05D89C4202D02046C1
:10FA700000F0D2FA23466B6138BD00BFE8380020A1
:10FA800008B590F90D20437B002A014604DA03F003
:10FA90007F03437307F0A5FB044B9868431A584251
:10FAA0005841BDE80840FFF7CDBF00BFE83800204F
:10FAB00070B490F90D30427B002B29DBD30627D19F
:10FAC00083692BBB134962F07F0242730A4652F8E6
:10FAD000184F944218BF2346CC6923B9C0E90024CB
:10FAE0002060C8610CE090F90E5093F90E60B542A9
:10FAF0000AD0AE4208DD5A68C0E900321060586092
:10FB000070BC0020FFF79EBF9C42E7D01B68E4E773
:10FB100070BC7047E83800202DE9F041002A427B94
:10FB20000E460CBF10210821114204460FD141EAB4
:10FB30000203D20918D1437308291BD00120FFF713
:10FB400081FFBFF35F8F637B23F060036373284BF8
:10FB50009B68A34245D1EFF30583002B41D130468A
:10FB6000BDE8F041F3F750BB03F07F03437307F0A8
:10FB700038FBE1E7A36813B1204607F03AFB04F134
:10FB8000180007F042FCA56D04F15807AF4211D0F0
:10FB90004FF0000875B1284607F02BFB05F118005F
:10FBA00007F033FCC5F87C802846FFF781FFA56D80
:10FBB000AF42EFD10E4FBB689C42BFD1EFF305833C
:10FBC000002BBBD00B4D0120FFF73CFF40F201138F
:10FBD000AB8128460023C5E9193300F0F7FBBD606F
:10FBE000AFE786F31188BFF36F8FBDE8F08100BFE8
:10FBF000E8380020702A002070B590F90D20437B72
:10FC0000002A014604DA03F07F03437307F0E9FAA0
:10FC10004B7B154A63F07F0310464B7350F8183F37
:10FC2000D469834208BF002323B9C1E900042160DD
:10FC3000D1610CE091F90E5093F90E60B5420ED0EF
:10FC4000AE420CDD5868C1E900300160596090682F
:10FC5000431A5842BDE870405841FFF7F3BE9C423A
:10FC6000E3D01B68E0E700BFE8380020F8B5124B8E
:10FC70000C461146114A98681060DDE90676EFF3EC
:10FC80001182402282F31288BFF36F8F9D6828464D
:10FC900007F0B9FAB6F1FF3F08BFB7F1FF3F06D052
:10FCA00007493A46334605F1180000F06DFA204640
:10FCB000BDE8F840F3F7A8BAE83800201039002072
:10FCC0000D730300F8B50446EFF31186402383F368
:10FCD0001288BFF36F8F437BDA0649B219D1856969
:10FCE000BDB903F07F03437307F07BFA437B164AE9
:10FCF000817363F07F034373134653F8180F9842E0
:10FD000018BF0546D0695DB9C4E900300460D4610C
:10FD100011E0A173002086F31188BFF36F8FF8BD47
:10FD200095F90E70B9420BD08F4209DD6B68C4E9BA
:10FD300000531C606C600120FFF784FE0120EAE79D
:10FD4000A842E1D02D68DEE7E838002049B9EFF39A
:10FD5000058030B9054B5A699B689A4201D0F3F788
:10FD600053BA81F31188BFF36F8F7047E8380020D2
:10FD700010B5EFF31184402282F31288BFF36F8F26
:10FD8000427B510704D484F31188BFF36F8F10BDF9
:10FD900022F004024273FFF78BFE21460248BDE8C1
:10FDA0001040FFF7D3BF00BF64480020034648B9A6
:10FDB000EFF3058232B9064A51699268914201D047
:10FDC000F3F722BA83F31188BFF36F8F704700BF38
:10FDD000E8380020EFF31181402383F31288BFF34A
:10FDE0006F8F054B9A68D37B013BD37381F31188E6
:10FDF000BFF36F8F704700BFE838002038B5EFF3CE
:10FE00001185402484F31288BFF36F8F0A4B9A68E0
:10FE1000D37B0133D3730020FFF714FE85F31188E1
:10FE2000BFF36F8FEFF3118084F31288BFF36F8FEE
:10FE3000BDE83840FFF7BABFE8380020024B03F1B5
:10FE40001802C3E906227047E8380020F8B5EFF33E
:10FE50001185402383F31288BFF36F8F1949886897
:10FE6000437B03F07F03437307F0BBF98B685A7B36
:10FE7000084662F07F025A7350F8182FCC6982420C
:10FE800008BF002222B9C3E900042360CB610CE063
:10FE900093F90E6092F90E70BE420ED0B7420CDD9F
:10FEA0005168C3E900210B6053600120FFF7CAFDD0
:10FEB0002846BDE8F840F3F7A7B9A242E3D012689C
:10FEC000E0E700BFE838002050EA01032DE9F041E7
:10FED00005460E4603D1FFF7B9FF00202BE0831C37
:10FEE00071F1FF3329DB07F0A5FA2C18EFF3118825
:10FEF000402383F31288BFF36F8F124F124BB86801
:10FF00001860FFF7BDFDB86810492A46334618301F
:10FF100000F03AF9BA68537B43F01003537340463C
:10FF2000F3F772F907F086FA201A63EB030301284E
:10FF300073F10003D1DBBDE8F0816FF00104241AF6
:10FF4000D4E700BFE8380020103900200D7303000B
:10FF5000B1F1FF3F08BFB0F1FF3F08B506D10A4B32
:10FF6000986807F087F94FF0FF3008BDFFF7ACFF46
:10FF70004FF47A7147F6FF730022C0FB0132D80BB1
:10FF800040EA4240F1E700BFE8380020014B9868A2
:10FF9000704700BFE8380020D3B5DDE90667089C4C
:10FFA000CDE90067FFF762FE1CB1034B9B685B69FC
:10FFB000236002B0D0BD00BFE8380020044BC01A57
:10FFC000044BC0105843044B01221A54704700BF21
:10FFD000F02A0020ABAAAAAA64480020C3897F2B7C
:10FFE00012D80A4B1B6863B1094B90F90E201B68AD
:10FFF0009A4209DB437BDB0606D1064BC31A18BFC6
:020000040003F7
:10000000012303F0010070470023FAE718390020AC
:1000100014390020D028002070B50E4B0E4C1E7CE9
:1000200006EB460304EBC3040546204607F0EDF952
:100030000A4B002228469A55FFF7D0FF48B1084BDB
:1000400008491A68013A2046D317BDE8704000F00D
:100050009BB870BDE8380020F02A002064480020DA
:1000600018390020BDFF020038B5EFF31185402399
:1000700083F31288BFF36F8F104B114A9C6810688E
:10008000A04206D1FFF7C8FF85F31188BFF36F8F39
:1000900038BD00211B7C11600A4AD35C002BF3D0D1
:1000A0002046FFF79BFF0028EED0637BDB0602D1E2
:1000B0002046FFF7A1FD2046E4E700BFE838002016
:1000C000103900206448002008B50648064A074950
:1000D000121A06F0E5FDBDE80840054A0549064844
:1000E00006F0DEBD00000020680A00209CD003005E
:1000F000000000009CD0030000000020034B1B68A0
:100100000BB9FCF71FBA0020704700BF1C39002054
:1001100030B570B10B4B5B6898420AD0036843B1AD
:10012000D3E90421D0E90445121941EB0501C3E9E3
:100130000421D0E9003213605A600023C0E9003383
:1001400030BD00BFC007002010B50E4B1C689C429C
:1001500004D1FFF7D3FF6FF0004010BDFFF7CEFFD3
:10016000002CF8D0D4E904321B1A62EBE072B3F130
:10017000004F72F10001EEDA002AACBF18460020F1
:10018000EBE700BFC0070020B3F1FF3F08BFB2F1AB
:10019000FF3FF8B504461D4616465ED08160EFF37A
:1001A0001187402383F31288BFF36F8F013275F1FB
:1001B000FF3324DA2E49D1E900206FF001039B1AA6
:1001C0004FF0FF3262EB00009E1B60EB0500012E3A
:1001D00070F1000301DA01260020C4E90460254E15
:1001E000D6F800C07568B44508BF4FF0000CBCF1EC
:1001F000000F0DD1C4E900652C6074601CE0FFF7AE
:100200007DFF013645F10005361845EBE070E4E767
:10021000DCE90420D4E90431934271EB000E1DDACD
:10022000D21ADCF8043060EB0100CCE90420C4E908
:1002300000C31C60CCF804403368B34209D09C4230
:1002400007D10D4B1C6824B9FFF77EFF2146FCF750
:100250004BF987F31188BFF36F8FF8BD9B1A61EBE1
:100260000001AC45C4E90431C4D0DCF800C0BEE7ED
:10027000082B0020C00700201C3900202DE9F84F72
:10028000EFF3118C402383F31288BFF36F8FDFF8F5
:10029000B0A0DFF8B0902C4FC9F80000DAF80000E9
:1002A0000024504508BF00200025D7E90021D9F8D7
:1002B0000030E04678B3D0E9046C4FEAE37EB34205
:1002C0007EEB0C0B05DAF61A6CEB0E04C0E9046445
:1002D00021E0B21841EBE671C0E90445C7E900210D
:1002E000FFF716FF88F31188BFF36F8F8368984775
:1002F000EFF31188402383F31288BFF36F8FD9F88F
:100300000030DAF800009B1B5045C446C9F80030A5
:10031000CBD1D7E900219A1841EBE3730024C7E958
:100320000023C9F80040FFF70FFF2146FCF7DCF877
:1003300088F31188BFF36F8FBDE8F84FFFF794BEC5
:10034000C00700201C390020082B002010B5EFF357
:100350001184402383F31288BFF36F8FFFF7CEFE23
:10036000054A0346D2E90001181841EBE37184F312
:100370001188BFF36F8F10BD082B002038B50346DE
:10038000EFF31185402282F31288BFF36F8FC160B3
:10039000012181600068834206D185F31188BFF393
:1003A0006F8F0024204638BDD0E9003213605A60B8
:1003B0000023C0E9003307F088F8294604460248C4
:1003C000FFF7C4FCEEE700BF65480020014B036760
:1003D000704700BF8408002038B504460D4606F07B
:1003E000F3FE20B9064B9B681B6F0BB938BD054B5C
:1003F0002A4621461846BDE8384007F0C6B800BF77
:10040000E83800208408002030B599B005466846D9
:1004100000F028F86946044608A800F053FA08A935
:100420000443284600F08AF9204619B030BD00BFC9
:1004300070B598B005466846164600F013F8314688
:10044000044608A800F046F908A96A46044308468D
:1004500000F082F908A90443284600F06DF920460F
:1004600018B070BD70B50B68124E1BBAC3614B68F3
:100470001BBA83618B681BBA4361CB681BBA0361EB
:100480000B691BBAC3604B691BBA83608B691BBACB
:100490004360CB691BBA3246036001460446DCF771
:1004A0009FFB3146054602462046DCF7B9FB681E35
:1004B00070BD00BF3C8803002DE9F04188B00C46B8
:1004C000064602F12001684606F120079046DCF757
:1004D00081FE6A4669466846DCF79EFD69463846F5
:1004E000DCF778FE3A463946384604F12005DCF759
:1004F00093FD6A4669466846DCF78EFD414628460C
:10050000DCF768FE6A4641463046DCF74BFE2A4679
:1005100029466846DCF780FD2A4669466846DCF7CE
:100520007BFD124A69466846DCF776FD694620463F
:10053000DCF750FE324621462046DCF7ABFD324662
:1005400021462046DCF7A6FD224631462846DCF748
:10055000A1FD6A4629462846DCF724FE3A4629468C
:100560002846DCF797FD08B0BDE8F0811C89030040
:10057000F0B599B004460D460A4601466846DCF7D8
:1005800089FD69466846DCF725FE6A46214608A8CB
:1005900005F1200604F12007DCF704FE6A4629462F
:1005A0006846DCF7FFFD3246394610A8DCF734FD1B
:1005B000324639463046DCF76DFD31462846DCF7D9
:1005C00009FE6A4608A92046DCF726FD2246294690
:1005D0002846DCF75FFD6A4608A96846DCF75AFD45
:1005E0006A4639463846DCF7DDFD2A4608A96846E2
:1005F000DCF750FD6A4631463046DCF7D3FD3A461B
:1006000031463046DCF746FD10A96846DCF7E2FDCE
:10061000224669462046DCF73DFD08A922460846E9
:10062000DCF738FD10A908AA0846DCF7BBFD3A46FE
:1006300010A93846DCF72EFD19B0F0BD2DE9F041C8
:1006400088B00C46054690460A4601466846DCF7E7
:1006500021FD69466846DCF7BDFD6A462946284605
:1006600004F12006DCF79EFD05F120076A462146CD
:100670006846DCF797FD324639463046DCF70AFD1E
:1006800031462046DCF7A6FD2A4621462046DCF707
:1006900001FD6A4621462046DCF7FCFC6A462946F5
:1006A0004046DCF7F7FC424639463846DCF77AFD2F
:1006B000224629466846DCF7EDFC6A46314630465C
:1006C000DCF770FD3A4631463046DCF7E3FC08B013
:1006D000BDE8F08170B500F1200690B00D460446EB
:1006E00000F014F905F12001304600F00FF9214621
:1006F00008A8DCF76FFD08A908460D4ADCF78CFC5A
:1007000008A922460846DCF74DFD08A9094A084613
:10071000DCF782FC31466846DCF75CFD2022694646
:100720000DEB0200DCF74AFC013810B070BD00BFD1
:100730001C890300FC88030000F002B938B50446A8
:100740000D4600F0FDF805F1200104F12000BDE8A0
:10075000384000F0F5B800BF2DE9F0471346B8B0B7
:10076000544A89468046194610A8DCF739FA52499E
:10077000024610A8DCF754FA179E4E4900EAD676D6
:100780000746C6F1010210A8DCF74AFA179B4A4651
:100790006FEA030A28A918A8FFF78EFE4FEADA7A53
:1007A00020A9CAF10102084600F092F8C7F101073A
:1007B000FE246A4618A928A8FFF740FF631138AA4B
:1007C00002EB830304F01F0253F8A03CD3405546CC
:1007D00003F0010A8AEA05052A4628A918A8DCF7C9
:1007E0007BFA2A4630A920A8DCF776FA013C28A932
:1007F00018A8FFF7BDFE631CDBD1CAF1010220A9D6
:1008000008A800F065F886EA0A066A4618A928A82A
:10081000FFF714FF28A9324618A8DCF75DFA324624
:1008200030A920A8DCF758FA08A96A460846DCF780
:10083000B9FC08A9084600F09DF808A908F12004B1
:1008400009F120020846DCF7ADFC20A908AA2046E1
:10085000DCF7A8FC08AA18A96846DCF7A3FC6946DF
:100860006846DCF7B7FC18AA694608A8DCF79AFCCA
:1008700021466846DCF7AEFC08AA69461046DCF75C
:1008800009FC0E4A08A96846DCF704FC2046202132
:10089000DCF7A8FB08A9024644426846DCF71CFACC
:1008A0004046074A6946DCF77DFC3C43204638B0A9
:1008B000BDE8F0877C8803009C880300FC88030067
:1008C0005C8803000A460149FFF746BFBC88030065
:1008D00070B588B004460D461646002120226846B1
:1008E00006F089FF0023294620222046009306F0C7
:1008F0005AFF2A4669466846DCF7CCFB3246694611
:100900002046DCF7E9F908B070BD00BF0B681BBAE0
:10091000C3614B681BBA83618B681BBA4361CB68A8
:100920001BBA03610B691BBAC3604B691BBA8360B6
:100930008B691BBA4360CB691BBA0360704700BF69
:10094000CB691BBA03608B691BBA43604B691BBA46
:1009500083600B691BBAC360CB681BBA03618B68E9
:100960001BBA43614B681BBA83610B681BBAC36136
:10097000704700BF70B598B00D46064610A8DCF76A
:1009800029FC2A4610A96846DCF70CFC694610A829
:10099000DCF720FC10A90846DCF71CFC6A4610A90D
:1009A00008A8DCF7FFFB08A910A8DCF713FC10A9C6
:1009B0000846DCF70FFC10A90846DCF70BFC10A971
:1009C0000846DCF707FC10A908AA0846DCF7EAFB92
:1009D00010A90846DCF7FEFB10A90846DCF7FAFB75
:1009E00010A96A4608A8DCF7DDFB052408A910A8B1
:1009F000DCF7F0FB10A90846DCF7ECFB013C10A982
:100A0000F5D108AA0846DCF7CDFB052410A9084655
:100A1000DCF7E0FB10A90846DCF7DCFB013CF5D174
:100A200010A908AA0846DCF7BDFB10A908A8DCF746
:100A3000D1FB08A90846DCF7CDFB08A96A46684641
:100A4000DCF7B0FB1024694610A8DCF7C3FB10A943
:100A50000846DCF7BFFB013C10A9F5D12A46084641
:100A6000DCF7A0FB402410A90846DCF7B3FB10A973
:100A70000846DCF7AFFB013CF5D110A96A460846F1
:100A8000DCF790FB102410A90846DCF7A3FB10A9A3
:100A90000846DCF79FFB013CF5D110A96A460846E1
:100AA000DCF780FB102410A90846DCF793FB10A9A3
:100AB0000846DCF78FFB013CF5D110A908AA0846CF
:100AC000DCF770FB2A4610A93046DCF76BFB18B048
:100AD00070BD00BF0CB430B589B005460C461C2271
:100AE000002101A806F087FE02238DF806300E4B88
:100AF0000293059523462CB1B4F1004F28BF4FF067
:100B00000043013B1D440DAA0C99069501A80092D3
:100B100000F0E8F814B1059B00221A7009B0BDE896
:100B2000304002B0704700BF07780300242A2DE947
:100B3000F041044601D8012A4CD106F06DFE354B38
:100B400016221A5001B10C6000273846BDE8F0812A
:100B500035462E4616F8010B2028F9D0A0F10907DA
:100B6000042F0346F4D92B2836D02D2837D14FF047
:100B7000010C6B78AE1C302B38D1307840F020005F
:100B800078282FD132F010002CD1737834461022FF
:100B900002360CF1004001380027B0FBF2FE02FBE8
:100BA0001E08392B82BF03F1FF3343F02003263B9D
:100BB000303B9A421ED9774502DC03D1984501D2D9
:100BC0004CF0020C354607FB023715F8013B344662
:100BD0002E46E6E70546BCE74FF0000CC9E74FF0AC
:100BE000000CC8E7002A08BF0822D2E7002A08BF85
:100BF0000A22CEE701B10C601CF0010F18BF7F4242
:100C00001CF0020FA1D0074606F006FE014B22227F
:100C10001A509AE70C000000242AF0B5044601D8C7
:100C2000012A40D106F0F8FD2D4B16221A5001B1D1
:100C30000C600020F0BD2F463D4615F8010B202822
:100C4000F9D0A0F10906042E0346F4D92B282CD0A4
:100C50002D282CD101267B78BD1C302B2DD1287856
:100C600040F02000782824D132F0100021D16B7898
:100C70002C46102202350020392B82BF03F1FF33AE
:100C800043F02003263B303B9A421AD9A0FB0204D2
:100C90000CB9C01801D346F002062F462C4617F8AF
:100CA000013B3D46E8E70746C6E70026D3E70026B6
:100CB000D3E7002A08BF0822DDE7002A08BF0A227E
:100CC000D9E701B10C60F20748BF4042B307B1D584
:100CD00006F0A2FD024B22221A504FF0FF30A9E786
:100CE0000C0000002DE9F04F8DB04368029383782B
:100CF00015469A07804640F10D8100240E78002E9B
:100D000000F00A81252E0BD04B1C03930134029B6B
:100D10004146304698470028C0F2F6800399EDE737
:100D20004E788B1C252E0393F0D00027B946BB4686
:100D3000BBF11F0F38D8A6F12003102B0AD8DFE82B
:100D400003F02A0909300909092109090928092D8F
:100D500009091F00A6F13003092B33D92A2E37D1F8
:100D60001BF0400F55F8043B40F08280002BA7BFDA
:100D70004BF0200B9946C3F100094BF0280B01E022
:100D80004BF0010B039B13F8016B0393002ECFD1A3
:100D900030E04BF0020B4BF0040BF3E74BF0080B89
:100DA000F0E74BF0100BEDE7BBF17F0F19D8A6F180
:100DB0003003092BD2D81BF0400F03D00A2101FBCE
:100DC0000737DFE70A2101FB09394BF0200BD9E790
:100DD0002E2E06D11BF0400F40F09E804BF0400BB2
:100DE000D0E76C2E31D02BD8682E36D06A2E3CD06E
:100DF0004C2E3AD0002F46F02003B8BF2BF0400213
:100E0000A3F16501BCBF1FFA82FB0027022901D9AB
:100E1000612B2FD1073525F00705DFF8ACA2083587
:100E200007271BF0080F66D00AEB070B56465E45F6
:100E300063D1A4EB0A0A06EB0A02A9EB07096FE1EA
:100E4000742E9FD07A2E9DD0D4E71BF0800F18BF50
:100E50004BF4007B4BF0800B94E71BF4807F18BFB2
:100E60004BF4007B4BF4807B8CE74BF4207B89E7D1
:100E70001F4687E7A6F16301122900F2F080DFE840
:100E800011F013004F00EE00EE00EE00EE004F00F8
:100E9000EE00EE00EE00EE00EE00FE00E900EE00D7
:100EA000EE001B00EE00AF0055F8043B8DF8183043
:100EB00001270DF1180AB4E755F804AB834BBAF1DA
:100EC000000F08BF9A461BF0400F14BF39464FF081
:100ED000FF31504605F076FB0746A2E7029B4146EC
:100EE0002020984700280FDB013EB742F6D34C4440
:100EF000A41BB14698E74E46F7E716F8010B029B94
:100F000041469847002892DA98F8023043F00403EB
:100F100088F802304FF0FF3420460DB0BDE8F08F66
:100F20001BF0800F34D01BF4007F2CD0073525F048
:100F30000705AA4669685AF8080B2BF01005002926
:100F4000ADB237DA404261EB410145F480650DF105
:100F5000180B0A235A4606F09FFBA0EB0B030193E4
:100F60006B0662D5019B25F001019F4289B240F3D7
:100F7000A180002E00F0998015F0100240F09C80B6
:100F8000BB460D4623E0AA465AF8040BC117D4E726
:100F9000AA461BF4807F5AF8041B01D10846F5E7E6
:100FA0001BF4007F15BF48B208B241F3C01141F3F2
:100FB000C031C2E750EA0103C9D11BF0400FC6D0CF
:100FC000002FC4D12BF0110295B2BB46019740F21D
:100FD000064115EA01021CBF0BF1010B00222CE0B7
:100FE0002BF010021FFA82FB0A231BF0800C49D061
:100FF0001BF400711DBF073525F00705AA46AA4658
:101000001ABF5AF8080B69685AF8040B50EA010530
:1010100045D12BF016051BF0400FADB242D0002F8A
:1010200040D12BF0170295B2019715F0100248D06D
:10103000019B002E42D103F1010B29075AD4EB0783
:1010400006D5D9456FDD0199A9EB0B035F18CB4697
:101050005B4649E04BF0100B10237826C5E7782B50
:1010600004D1C6F1780343F01003BEE7029B41466A
:10107000252098470028FFF647AF023447E60823AB
:101080000026B2E7AA461BF480715AF8040BBDD0C3
:101090001BF400711ABFC0B2614680B2B6E72BF0F4
:1010A000060295B20DF1180B54E725F01105ADB20B
:1010B000BB468CE70D46B8E73B460D4603F1020BF5
:1010C000BBE7DDF804B082E793D003008CD00300C7
:1010D000CDE904324146029B202098470028FFF6C4
:1010E00013AF049B059A01339945F1DCA4EB0B0186
:1010F000CC189B460AB3029B4146302098470028F3
:10110000FFF602AF8EB901342744019B391B994287
:1011100024DC1D465DBB019AA9EB0B092244554610
:101120001446914435E0019F92E70234414630462F
:10113000029B98470028E7DAE6E640F206410D42B6
:10114000E2D015F0020F14BF2B20202015F4806F81
:1011500004F10104414618BF2D20E9E7029B4146F6
:1011600030209847002804F10104CEDACCE606AB23
:10117000013D4146585D029B98470028CADAC3E604
:10118000029B414620209847002804F10104FFF605
:10119000BBAEA9EB0403002BF2DCBFE57047ECF714
:1011A00071B9F0B403460A461979DB880068134325
:1011B000DC028768066906D513F4402F03D0DA07EE
:1011C00048BF83F44023346801258D4023F4801206
:1011D000DB074CBF2C43AC4334603B68F0BC184782
:1011E00038B5002120EAE0744FF4004540F2E730C2
:1011F0004FF47A720023C4FB0501DBF7B7FCBDE8AE
:101200003840FEF7A5BEEFF31180402383F3128828
:10121000BFF36F8F704780F31188BFF36F8F7047F4
:10122000FFF7DEBF0820704703288CBF0020012095
:101230007047043803288CBF002001207047F0B4A9
:101240000C2707FB0214866814F8045C45F00205BD
:1012500004F8045CB468A446F0BC60470278412AF4
:10126000034613D14278882A10D1427A8A420DD19E
:10127000B0F8050058B1B3F8070040B1B3F8030067
:101280004DF6CA63C31A5842584170470020704750
:10129000A0F5BE4080B27047A0F59E4080B2704776
:1012A000C0B2704700F5BE4080B207288CBF002056
:1012B0000120704710B5C3711B0A4124817003726D
:1012C000CA21E0230470C1708824DE214271437278
:1012D000120A00234470017182718372C372037316
:1012E00010BDF8B51F4613464FF6FF72DDE90865DD
:1012F000FFF7E0FF9DF818209DF81C3002F00F0268
:1013000042EA0312827200F80B7F0023C3F120042B
:10131000A3F1200126FA03F205FA04F4224325FA88
:1013200001F108330A43282B00F8012FEED1F8BD54
:10133000B0F805007047B0F807007047B0F8052016
:101340004FF6FF739A4207BF807A00F00F00B0F8A3
:101350000700C0B2704710B5B0F805204FF6FF7314
:101360009A420FD100F1110200F10C030020014656
:1013700012F8014D09029A4241EA106144EA002044
:10138000F6D110BD00200146FBE770B50E46E12105
:1013900004461546FFF762FF40B1B4F80530B3428A
:1013A00005D1B4F80700431B5842584170BD0020D6
:1013B000FCE70246A8B18178A1B10F299EBF0123A5
:1013C0008B4003F1FF33808894BF9BB24FF6FF73CD
:1013D000184008D15378994205D90120984080B22D
:1013E000704770470846704738B143890BB11846BB
:1013F000704700894FF47A735843704708B506F078
:101400001DF84FF47A72A0FB020302FB0133C00BFC
:1014100040EA434008BD38B5002120EAE0744FF4AB
:10142000004540F2E7304FF47A720023C4FB050117
:10143000DBF79CFBBDE83840FEF78ABD10B50446DB
:1014400068B1037D5BB1FFF7D9FF2369C21A002A97
:1014500005DA181A03D0BDE81040FFF7DCBF10BD55
:1014600010B50446E0B10378A3B18378013B0F2B9C
:1014700012D8FFF79EFF60B1E2887AB12046FFF7ED
:10148000B3FF30B14FF47A735A4390428CBF0020BF
:1014900001200346184610BD0020FAE71046F8E781
:1014A0000346F7E770B50E461546044640B10023E3
:1014B000C360FFF7A3FF01233044206123756575E6
:1014C00070BD10B50446FFF799FF2CB1237D1BB109
:1014D0002369C01A20EAE07010BD70B506460C46BC
:1014E000FFF7BEFF18B904B12060002070BDB578C9
:1014F000F3885D4304B125603046FFF7E2FFB0FB9F
:10150000F5F303FB1500F1E7F8B50546FFF7A8FF73
:1015100088B32B7D93B900212846FFF7DEFFEE88C4
:10152000B0FBF6F704462846FFF743FFFBB2012263
:101530009A40104080B240B90020F8BDFFF75EFF2E
:101540002B69C01A0028E6DAF6E703FB06F24FF42F
:101550007A712846FFF748FF4A4301FB04F39A4299
:10156000EAD810449842E7D9C3F579730333184495
:10157000B0FBF1F0E1E74FF0FF30DEE770B5064673
:101580000C461546FFF76CFF40B13046FFF7BCFF35
:101590002C4484428CBF0020012070BD0120FCE758
:1015A0002DE9F04F85B00546FFF75AFF20B900241A
:1015B000204605B0BDE8F08F2846FFF73FFF03A99E
:1015C0002846FFF78AFF06462846FFF7F2FE039CEF
:1015D000AB7800934FF47A79074609FB06F80021AF
:1015E0004FF0010BA31B0098CAB2904205D8002C03
:1015F000DED02046FFF70FFFDAE70BFA01F23A40A0
:1016000092B2A2B1EA884A4309FB02FAC24507D85E
:1016100028460193FFF7E8FE50444045019BC6D899
:1016200096422CBFD218921B944228BF1446013117
:10163000D9E7F7B50546FFF713FF0446B8B12846CA
:10164000FFF7FCFE01A92846FFF747FF064628469C
:10165000FFF7AFFE019CA97800220127A4EB060C3E
:10166000D3B2994206D814B12046FFF7D4FE2046E3
:1016700003B0F0BD07FA02F303409BB243B1EB881D
:1016800053439E422CBF63449B1B9C4228BF1C4675
:101690000132E5E708B505F0D1FE4FF47A72A0FB00
:1016A000020302FB0133C00B40EA434008BD38B5DA
:1016B000002120EAE0744FF4004540F2E7304FF497
:1016C0007A720023C4FB0501DBF750FABDE838400D
:1016D000FEF73EBC2DE9F84F054608B103781BB96B
:1016E000BDE8F84F04F00FBBB0F806908678B9F16A
:1016F000000F08BF4FF00A09002E5FD00F2E5FD8F1
:101700000124B440013CA4B2AB881C4007D16B78E3
:101710009E42E5D901249C40A4B2002CE0D06B8904
:10172000002B50D003F2E7334FF47A72B3FBF2F39D
:101730004B4528BF4B461F460C2F49D90C3F022F63
:1017400028BF02272B7D002B47D109FB06F84FF05D
:10175000000AFFF79FFF2B7D002B50D02B69C31A87
:1017600052D4B3FBF8F208FB12335A4200214FF077
:10177000FF3007EB030B4FF0010C0CFA01FC14EAED
:101780000C0F0DD002EB030E9E453FD80BEB020C65
:101790009C45A5D202EB080C84453CBF6046F2464E
:1017A00001318E4202D010294A44E4D1431C97D023
:1017B00003282DD90338FFF77AFFCAE70A269FE7E7
:1017C0004FF6FF74A0E72B89002BB1D14F46B3E74A
:1017D0000027B7E7FEF73AFBB4E7FFF75BFFD5F862
:1017E0001080A0EB08000028AFDAFFF753FFA8EB4A
:1017F00000000128EED90138FFF759FFA2E7B0FB3E
:10180000F8F308FB1303B0E70023AEE79446C3E701
:1018100090B14FF47A73584305F008FAFFF73AFF96
:101820002B7D63B12B69C01A09D5BAF1000F3FF4C3
:1018300057AFFEF70BFB8CE7FEF708FBEEE7B0FBBC
:10184000F8F308FB13008245F3D80AEB0703834241
:10185000EFD345E738B504460D4626220021023075
:1018600005F0C9FF258038BD0346084693F82520BA
:10187000196103EB820110B5013248600321B2FB0C
:10188000F1F101EB4101521A83F8252093F824204D
:10189000598C5861022A9CBF013283F8242001220E
:1018A00083F826201A8C8C181F2C04D90132520878
:1018B00049081A8459849A6901329A611A8C013252
:1018C0001A8410BD038C428CD1181F2904D901330E
:1018D0005B08520803844284C3690133C361438CAB
:1018E000013343847047038C408CC0181FBF6422AF
:1018F0005343B3FBF0F3D8B270470144884201D19F
:101900000020704710F8013B9342F7D10120704747
:1019100010B500230B60013810F8014F0A689C4095
:1019200008332243202B0A60F6D110BD08B505F01C
:1019300085FD4FF47A72A0FB020302FB0131C00B5C
:1019400040EA4140C90B08BD08B50021042000F061
:10195000A1F8BDE8084020F000520021042000F06A
:1019600016B938B5002120EAE0744FF4004540F282
:10197000E7304FF47A720023C4FB0501DBF7F6F879
:10198000BDE83840FEF7E4BA80B14FF47A7300FB4B
:101990000333B3F5A87F08D36FF4A7729818B0F596
:1019A000487F03D9A3F26F4070471846704707B5C8
:1019B000C0B251B960F07F008DF80400012001A988
:1019C000ECF730F803B05DF804FB60F03F007F29CE
:1019D0008DF80400C8B285BF60F07F00C9098DF89A
:1019E00005008DF8050092BF02208DF80610032037
:1019F000E5E708B50B4611460244B2F5806F05DCF9
:101A0000821E0920FFF7D3FF002008BD4FF0FF30F2
:101A1000FBE707B5C0B241B98DF80400012001A968
:101A2000ECF73CF803B05DF804FB40F040007F2980
:101A30008DF80400C8B285BF60F07F00C9098DF839
:101A400005008DF8050092BF02208DF806100320D6
:101A5000E5E710B40C46034611461120224610BC9F
:101A6000FFF7D7BF07B5032201AB28212720FFF7D7
:101A7000D0FFBDF805309DF8040000EB0320DB0427
:101A800046BF6FEA00306FEA1030C0F3140003B0B5
:101A90005DF804FB13B501AC042280B2234689B281
:101AA000FFF7B7FF03220020A35C013A03EB0020FD
:101AB000FAD202B010BD00210846FFF7EBBF0021AB
:101AC0001720FFF7E7BF00211520FFF7E3BF012133
:101AD0000620FFF7DFBF07B5022201AB89B280B253
:101AE000FFF797FFBDF8040003B05DF804FB10B5E5
:101AF000052104461520FFF7EEFF0021E0812E208E
:101B0000FFF7E9FF2346082223F8040B00211220E7
:101B1000FFF77FFF07211520FFF7DDFF0021608021
:101B20001020FFF7B7FF000DA08110BD07B50122FF
:101B30000DF1070389B280B2FFF76BFF9DF8070034
:101B400003B05DF804FB07B589B28DF807200DF1ED
:101B50000703012280B2FFF72AFF03B05DF804FB00
:101B600007B589B2ADF8042001AB022280B2FFF7BD
:101B70001EFF03B05DF804FB024641F604012E206F
:101B8000FFF7EEBF024600211820FFF7E9BF07B5B7
:101B900089B2019201AB042280B2FFF708FF03B0C3
:101BA0005DF804FB10B5044602780B212A20FFF7EC
:101BB000CAFF62680021BDE810401E20FFF7E7BFA2
:101BC000024602210320FFF7CBBF0246002103207B
:101BD000FFF7C6BF08B5024604212D20FFF7C0FF5E
:101BE000032206212D20FFF7AEFF06212D20002223
:101BF000FFF7A9FFBDE808400A212D20FFF74ABFE3
:101C000008B5002202212C20FFF79DFF0222BDE82B
:101C1000084011462C20FFF796BF10B56D220446F0
:101C200040F606012E20FFF78EFF44B140F2076216
:101C3000BDE8104041F606012E20FFF791BF41F2AA
:101C40000762F5E710B5002104461A20FFF722FFCE
:101C5000000D0005C4F313020243BDE8104000214B
:101C60001A20FFF794BF13B50222044601AB0021EE
:101C70003620FFF7CEFE0E2C1BD8DFE804F012084A
:101C8000291A1A1A1A303D1A1A464B5057000023C7
:101C90008DF804309DF8053023F001038DF80530F0
:101CA00007E09DF8043023F0030343F001038DF8AF
:101CB000043001AB012200213620FFF778FE01221B
:101CC0000DF1050311463620FFF771FE02B010BD7D
:101CD0009DF8043023F0030343F00203E7E79DF887
:101CE000043023F04C0343F048038DF804309DF892
:101CF000053063F07F03D1E7BDF8043023F40043DF
:101D000023F04C03ADF80430D3E79DF8053043F0E1
:101D10000203C3E79DF8053023F00203BEE79DF8F8
:101D2000043023F0300343F02003C0E740F20133D6
:101D3000E8E770B50D46144606460720FFF793FF07
:101D400033462A4621462520FFF763FEBDE8704052
:101D50000820FFF788BF08B50E20FFF784FF4FF477
:101D6000004206212D20FFF7FBFE0120FFF758FA65
:101D7000BDE808400120FFF776BF08B50020FFF757
:101D800072FFBDE80840002204213620FFF7E8BEBC
:101D9000024601210A20FFF7FABE08B503210F20F1
:101DA000FFF7C4FE80EA4000030606D5BDE8084000
:101DB000012203210D20FFF7C6BE08BD420710B562
:101DC000044601D4FFF7E9FF14F0010106D14FF4F6
:101DD00080720D20FFF7C4FE002010BD4FF440724A
:101DE00000210D20FFF7BCFE03210F20FFF79EFE10
:101DF0000307F1D5EDF7F6F814F0020104D14FF422
:101E000080720D20FFF7ACFE4FF0FF30E5E7024691
:101E100024212720FFF7A4BE08B5E02203213620A5
:101E2000FFF791FEBDE80840F02203213620FFF7BE
:101E30008ABE00F01F0242F060020E212B20FFF745
:101E400082BE37B5802305468DF80430012201ABF0
:101E500011212820FFF7ABFD0A238DF80430012261
:101E600001AB12212820FFF7A2FD0F238DF80430CB
:101E7000012201AB12212820FFF799FD012D4FF01F
:101E8000000425D101AB2A4621462A208DF80440C2
:101E9000FFF78DFD01AB2A4621462A208DF804501C
:101EA000FFF785FD2846FFF7BBF901AB02220321AE
:101EB0002A20FFF7AEFD002101AB01222A20BDF848
:101EC00004408DF80410FFF772FD204603B030BDCA
:101ED0002046FFF7C8FE012501AB214601222A203A
:101EE0008DF80440FFF763FD01AB2A4621462A2006
:101EF0008DF80450FFF75BFD01AB022203212A207D
:101F0000FFF787FD2846FFF7AEFED4E7C0F30723AF
:101F10000870000C8870000A4B70C870704773B569
:101F200000230C461546019310B9002002B070BD85
:101F3000064610F8013B202BFAD0092BF8D0002BD5
:101F4000F3D00A2201A93046FEF7F0FD019BB3420F
:101F5000EBD0286023600120E8E7F7B500270E46A4
:101F60001546019705F082FB044610B9002003B026
:101F7000F0BD3046E9F703FF04443A4601A9204684
:101F8000FEF74AFE019BA342F0D028600120EEE755
:101F900010B5037804463BB1E9F7F1FE014620464F
:101FA000BDE81040EDF7ACB910BD014640F2E73096
:101FB00008B54FF47A72002300EBC1304914DAF708
:101FC000D5FDBDE80840FDF7C3BF02790023032A11
:101FD00043718371C0F807300CD1012282734FF432
:101FE000C8111922C0E90412C3708381836103847C
:101FF00000207047837B23B1438A13B1838A002B6F
:10200000F6D1012383810A2383734FF4202209230D
:10201000C0E904230023E9E710B58AB0044601A80B
:10202000EDF73CFE01238DF807308DF810309DF858
:1020300012308DF8114013B90A238DF81230BDF813
:10204000163013B90A23ADF81630BDF8183013B99D
:102050000923ADF8183001A8EDF76AFE0AB010BDEB
:10206000836800EBC101B3F5004F2CBF51F822008B
:1020700031F81200704700EBC1018068B0F5004FE5
:102080002CBF41F8223021F81230704708B50122E8
:10209000FFF7E6FFD04008BD8368B3F5004F00EBC3
:1020A000C10108D34B681AB143F001034B6070477C
:1020B00023F00103FAE74B881AB143F001034B8088
:1020C000704723F00103FAE753000122FFF7D3BF63
:1020D0008368B3F5004F34BF04230823C91A081AD4
:1020E000C0087047B0F5004F34BF04230823481CD4
:1020F0000833A0EBD300B0FA80F0C0F11F007047A6
:102100002DE9F041174603220E460446FFF7A8FFCB
:102110008642054607F104080AD1E3680122BA4065
:1021200023EA0203E360002344F82830BDE8F0818D
:10213000314602222046FFF793FF2B460646014612
:1021400044F8285020460322FFF795FF33462946DE
:1021500020460222BDE8F041FFF78DBF70B50D4665
:1021600086680446FFF792FFB6F5004F014601D39B
:10217000012809D03046FFF7B5FF29460246204620
:10218000BDE87040FFF7BCBF70BD2DE9F0470546C4
:102190008068FFF7A7FF05EB800A8846DAF8109001
:1021A0000646B9F1000F1BD00327DAF81040284685
:1021B0002146FFF76BFF404507D3324621462846AC
:1021C000FFF79EFF2046BDE8F08703222146284600
:1021D000FFF746FF013FCAF8100001D08145E4D166
:1021E000EB6801364FF0FF34B4401C40EAD094FA5B
:1021F000A4F2B2FA82F2131D55F82340DEE72DE96E
:10220000F041144605460E46FFF740FFA4EB0608D2
:10221000371B0744424631462846FFF755FF3A46EA
:1022200021462846FFF750FF434600222146284614
:10223000FFF721FF21462846FFF728FF3B462118DC
:1022400000222846BDE8F041FFF715BF2DE9F04117
:10225000164604460F46FFF719FF3146054620464D
:10226000FFF714FF05442A4639462046FFF72CFFA6
:1022700031462046FFF70AFF2B4631180022204640
:10228000BDE8F041FFF7F7BE2DE9F0410D46866845
:102290000446FFF7FBFEB6F5004F014601D30128C7
:1022A00032D03046FFF71EFF04EB80010E6996B96D
:1022B000E368012282401343E36002220D612B4652
:1022C00029462046FFF7D7FE032229462046BDE8CF
:1022D000F041FFF7D0BE022231462046FFF7C0FE94
:1022E0002946034607462046FFF7C5FE032233462C
:1022F00029462046FFF7BFFE39462B462046FFF70A
:10230000BAFE02223146E1E7BDE8F081F8B50C469D
:102310000546FFF7BBFE2618012231462846FFF787
:102320009FFEC3070CD431462846FFF717FF21460E
:102330002846FFF7ABFE214622182846FFF786FF06
:10234000002221462846FFF78BFE271A0122394634
:102350002846FFF785FE10EA020613D139462846C3
:10236000FFF7FCFE214632462846FFF779FE22465B
:10237000211A2846FFF76AFF214632462846FFF712
:102380006FFE241A21462846BDE8F840FFF77CBFBF
:1023900038B571B105682846FFF79AFE0022044659
:1023A00001462846FFF778FE2146BDE83840FFF792
:1023B000ADBF38BD70B5066809B9002070BDB368FF
:1023C000B3EBD10FF9D9B3F5004F34BF0423082381
:1023D000CC1D1C44E40821463046FFF7D6FE0546D6
:1023E0000028EAD001463046FFF750FEA04209D946
:1023F0002C44294630462246FFF701FF214630464D
:10240000FFF742FF304601222946FFF745FEB36839
:10241000B3F5004F34BF0423082303EBC50318446E
:10242000CCE72DE9F84306681446B26801F1FF399C
:10243000B2F5004F34BF0423082319EA01090F46FF
:102440000BD0494239408B424F4628BF0B46894644
:1024500054B900252846BDE8F8839942F8D82146AA
:10246000BDE8F843FFF7A6BFB2EBD40FF1D9E11DE9
:10247000B2F5004F394434BF04220822C91A11446E
:10248000C9083046FFF781FE80460028E1D0B368D6
:10249000B3F5004F34BF0423082309EBC0051D44E6
:1024A00035447B1E1D44B5FBF7F57D43A5EB0905BF
:1024B00029463046FFF70CFE2C44073424F007046D
:1024C000A41B804507464FEAE40408D20246414671
:1024D0003046FFF794FE41463046FFF7D5FE3946B9
:1024E0003046FFF7D3FD3844844208D2394630469F
:1024F0002246FFF784FE21463046FFF7C5FE012243
:1025000039463046FFF7C8FDA4E7B2F5802F2CBF4F
:1025100008230423D21A2DE9F0418C18CD1D25F093
:10252000070524F00704641B0026E4080560214623
:10253000AC60EE602046FFF7D5FD421D92000130F1
:1025400002F107074FEAD707A2F110023146B8BFE0
:10255000324605F1100005F04EF93A46314628465C
:10256000FFF7B2FD3346324631462846FFF783FD7A
:10257000A4EB0708284631460122FFF78DFD4246AD
:102580003946FFF7A1FD3B46324639462846FFF75C
:1025900072FD21462846FFF797FD43463246214605
:1025A0002846FFF768FD214628460122FFF774FD03
:1025B0003946BDE8F041FFF767BE2DE9F047064612
:1025C0000D46174698462BB398F8004093F80190B3
:1025D000DB78A40004EB430498F802301C44444424
:1025E0004FF0000ACA4509D3D8F8042008F10803BF
:1025F00039463046AC46BDE8F047604714F8013B29
:1026000048F823402046E9F7BAFB013004440AF1B8
:10261000010AE7E76FF01500BDE8F087002070477A
:1026200000F05BBB0FB407B504A951F8040B01918E
:1026300000F053FB03B05DF804EB04B070470FB437
:1026400007B504A951F8040B0191FFF7E9FF03B0A6
:102650005DF804EB04B07047038B13F0070305D15A
:102660000368002B0CBF002003207047022B05D10C
:10267000408BB0FA80F0400980007047012B05D1F3
:102680000368002B0CBF0020052070470020704716
:1026900010B50C4600B111B96FF0150010BD081D42
:1026A00000F093F80028F9D1A368032BF6D9F3E7DB
:1026B0002DE9F0410D4607461946281D90461E4655
:1026C00000F097F8044638B133464246294638466A
:1026D000A446BDE8F0416047BDE8F08110B4EFF3D7
:1026E0001182402484F31288BFF36F8F416110BCC4
:1026F0000121EEF717BE38B50C46054658B151B169
:102700000B6843B14B6833B11C22002105F073F80C
:102710002C61002038BD6FF01500FBE770B5054651
:102720000E46FFF7B5FF041E14DBEFF311824023C2
:1027300083F31288BFF36F8F6B8B2C8B4FF6FF7177
:102740008B4204F0070407D182F31188BFF36F8F27
:102750006FF00A04204670BD022C0CD101336B834C
:1027600082F31188BFF36F8F00232246314628463B
:10277000FFF79EFFEEE7062C14D8DFE804F0041301
:102780001313041A0400002333606B683BB9C5E9D6
:102790000066ACB902212846EEF7C4FDDAE71E60F8
:1027A0006E60F6E782F31188BFF36F8F6FF0040459
:1027B000D0E782F31188BFF36F8F6FF08504C9E70C
:1027C00082F31188BFF36F8FC4E7034640B14268BC
:1027D00002F00302022A06D0032A04D0012A05D0FF
:1027E0006FF0150070471A68002AF9D00020986031
:1027F000704710B54268816002F00302022A034666
:102800004FF0000407D0032A02D05C60002001E0F2
:1028100018685C6010BD18685C600028F6D0FDF791
:10282000ADFDF3E7704770B406688489806A0D0CCB
:1028300016FA81F105FB041184682468A44670BC73
:1028400060472DE9F0431C46C36A1D686D4289B09C
:1028500006468846174605F020051CB9204609B0F3
:10286000BDE8F083AC42A14628BFA9464B466A4664
:1028700041463046FFF7D7FF0028F0D16B46484568
:1028800002D1241A8044E8E713F8012BBA4201D19F
:102890000130F4E70120E2E70B6803F580330B60B9
:1028A000C0891A0CB0EB134F04BFA3EB02430B60BB
:1028B000704738B5828903680D0C090C04462D0455
:1028C000806A02FB013100F0C6FC50B9E26AA389BC
:1028D000527929462046FFF7B4FF002818BF6FF051
:1028E000050038BD10B5014604460722FF20EEF76B
:1028F0007BFAE07110BD7FB50BAB059303930A9B88
:1029000002930023CDE9003301221846EFF74EFA77
:1029100007B05DF804FB0368012B81BFC91801F102
:10292000FF315B421940084670472DE9F0410C46E3
:1029300005460821C06AFFF7EEFF07220746214639
:10294000FF206688B4F80480EEF74EFAE3798342FC
:1029500008D1A8894644C01BB04294BF0020012082
:10296000BDE8F0810020FBE738B505460C46FFF7CF
:10297000DCFFA0B1A08898B922884FF6FF739A4275
:102980000DD1E86A0821FFF7C6FF6288AB899B1A60
:10299000B3FBF0F202FB1030B0FA80F0400938BD12
:1029A0000020FCE7F7B504460D46C06A0821FFF792
:1029B000B2FF2968074608232046FFF734FF064682
:1029C000002836D12B683B442B60A28999B2D21BD8
:1029D00091422ED11A0C03BFE28902F1FF3203EBC0
:1029E0000241A3F58031296008236A462046FFF79B
:1029F0001AFFE8B9E36A5A796B4613F8011B8A4259
:102A00000CD101300828F8D1636805E02B68BDF8C7
:102A100002201B0C1B0413442B600AE0694620466D
:102A2000FFF7A2FF0028F1D129462046EEF788FDE6
:102A30000646304603B0F0BD2DE9F043074689B0A5
:102A400090461E461BB9002009B0BDE8F0833C68E3
:102A50008389080C14FA81F100FB0314FB6A1D68DA
:102A60006D4235400CD0B86A83682146D3F8049093
:102A70002B46C8470028E7D1761BE4D02C44A84455
:102A800032464146684604F08EFEFD6A2A6869793E
:102A9000921B0DEB060004F0AEFEB86A2B6882684C
:102AA000214655686A46A847CEE710B50A4608236E
:102AB00041680446FFF7C0FF08210246E06AFFF7BD
:102AC0002AFF63681B1A6360104610BD13B54FF6EA
:102AD000FF7300220446ADF800308DF8063083689D
:102AE000ADF804206846ADF80230FFF7FBFE6946FA
:102AF0002046FFF7DAFF02B010BD2DE9F04F044683
:102B000095B0C06A0821FFF706FF63681B0C1B0421
:102B1000054603A920460393FFF7BEFEDDF80CB07F
:102B2000A6895E44761B06AA0823314620460496F1
:102B3000FFF779FE021EC0F2A980E36A06AA59795E
:102B4000002312F8010B814240F08F800133082BE3
:102B5000F7D1A36862682B449A427ED25946204638
:102B6000FFF7A7FE024691E0BDF81A30360C360496
:102B70001E44049608AA04A92046DDF810A0FFF719
:102B800011FF0246002840F0818008A92046FFF787
:102B9000CCFE18B9019B5345ECD1DAE76368059385
:102BA0000AAA05A92046059EFFF7FCFE024600285A
:102BB0006CD1BDF82820BDF820309A4227D0626839
:102BC000059B9A42ECD1B245E4D1BDF82430002BEC
:102BD000E0D0BDF822704FEA1A431B041F4408A836
:102BE000A368ADF82230FFF77DFEE36ABDF82490BC
:102BF0001E68764206F02006B9F1000F0ED108A932
:102C00002046FFF752FF02460028C3D03EE00AA943
:102C10002046FFF78AFE0028D1D0D4E74E45B046C3
:102C200028BFC8460CAA434639462046FFF7FBFD9D
:102C3000024658BB4346A1680CAA2046FFF7FCFE9B
:102C400041460246E06AFFF766FEA3680344A360BC
:102C5000E2B9A9EB08094744CEE72046FFF736FF63
:102C6000024600283FF47AAF10E0731B06A9204605
:102C70000193FFF779FE00287FF476AF04A9204680
:102C8000EEF75EFC024600283FF474AF104615B024
:102C9000BDE8F08F00231A46EEF73ABE13B50024C4
:102CA0000094EEF70FFF02B010BD0020704703F054
:102CB0002AB80346BFF35B8F53E8000F421C43E87A
:102CC00000210029F8D1BFF35B8F704708B50021C0
:102CD0000846EEF765FF002008BD1FB50023CDE9CB
:102CE0000201CDE900331A4619461846EFF75EF89F
:102CF00005B05DF804FB70470020704770B50E46C4
:102D000015461946044618B9BDE87040EEF7F8BFFD
:102D100033B1C2F34A231030120D184404F043FDBE
:102D2000C4E900562046BDE87040EFF701B87FB512
:102D30000BAB059303930A9B02930023CDE9003369
:102D400002221846EFF732F807B05DF804FBF8B539
:102D500006460D4614461F4604B9F8BD21462846CE
:102D60003A46B047241A0544F6E707B5D1E90032E0
:102D70008DF80700526801210DF1070098470020E7
:102D800003B05DF804FB0A2838B504460D4602D1AD
:102D90000D20FFF7EAFF29462046FFF7E6FF002057
:102DA00038BD2DE9F043054687B008460E8891F8F6
:102DB0000090D1F808800C461746EFF74DF8011E39
:102DC000C6F38216C9F3C2091EDB4846EEF7CCFFF4
:102DD00003462146608851F8102B0196C2F34A221F
:102DE000002A01EB0204C0F30B1008BF00210022EF
:102DF000CDE90407CDE90214009241462846EFF7D9
:102E000057F807B0BDE8F0830023E2E743681B688A
:102E10005B6800209961704743681B681A685268B4
:102E2000536070472DE9F04143681B685A680121DF
:102E300011771D68D5E90136D3E900482F681CB920
:102E40006B681C60BDE8F081214630464246B847B9
:102E5000241A0644F3E770B543681D686B689869E7
:102E60000C46EEF705FF214603460F222868BDE811
:102E7000704018477047002930B4044618460BDBF1
:102E8000A5680844A84207D8E068646821448468BB
:102E90002468A44630BC60476FF0150030BC704712
:102EA000002930B4044618460BDBA5680844A84244
:102EB00007D8E0686468214484686468A44630BC2C
:102EC00060476FF0150030BC70470029034610B40E
:102ED00010460BDB9C680844A04207D8D8685B68A2
:102EE000194483689B682BB110BC18476FF015001C
:102EF00010BC70476FF05700FAE70029034610B482
:102F0000104609DB9C680844A04205D8D8685B6875
:102F1000194410BC00F09FB96FF0150010BC704749
:102F200008B5C0688368DB689847006808BDC0685A
:102F3000704708B5C0688368DB689847407908BD6A
:102F400070B54C680368A34201D2012070BD8A6845
:102F50002244934201D30020F8E7D1E903254E69CA
:102F6000B54203D36FF00B038B61F4E71B1B42F8F0
:102F700035304368086902EBC00253600B690133C6
:102F80000B61E2E77FB50BAB059303930A9B0293BA
:102F90000023CDE9003301221846EEF707FF07B002
:102FA0005DF804FB2DE9F04789461646984604462D
:102FB00098B382680369134482693344934230D8DA
:102FC0000025D4E90170A6EB050A3F1ABA4515D2CF
:102FD000B54209D223685246184409EB050104F0B2
:102FE000E2FBA3685344A360B8F1000F1CD0A068B3
:102FF000A8B12046BDE8F047EFF76EB923683A461E
:10300000184409EB050104F0CEFB6368A360204679
:10301000EFF762F918B93D44D3E76FF00D00BDE852
:10302000F0876FF00B00FAE74046F8E770B504460A
:1030300000F501701E46FFF7B5FF054636B1D4F81E
:103040000002FFF717FF0023C4F80032284670BDC6
:1030500030B5054685B0084605F50071EFF7C6F8AE
:10306000044698B9D5F80002FFF761FFD5F80032A1
:1030700002949A6801925B68009301464FF40073D2
:103080002A4605F50170EFF78FF90446204605B092
:1030900030BD0020EFF724BA034610B508460AB148
:1030A0000021116053B1D0B1411E11F8010F80B160
:1030B00013F8014BA04201D13D28F6D100200EE0CB
:1030C000013313600AE03D2808D0B0FA80F04009CF
:1030D00005E018782F28F6D1002AF1D1012010BD83
:1030E0000830704710B5134614460A4681880068B8
:1030F000FFF7D4FDA042A8BF204610BD2DE9F04F38
:1031000097B0044601929A46894600297CD0DAB1EC
:10311000BAFA8AF67609258F0135ADB2A84604F1D0
:10312000080B6F1EBFB2B7F5004F26D04A2303AA83
:1031300039465846FFF7B2FD002807DA10F1020FB2
:1031400008BFB8463D46ECE70126E4E700F1580326
:103150000DEB0300002300F84C3C03A94846E8F7B8
:10316000FCFD0028EED126B339465846FFF792FD04
:10317000002805DA17B0BDE8F08FBEB30020F9E7EC
:1031800005F57F513F3189B25846FFF783FD00288E
:10319000F0DB238FBB42F1D12246013B22F8383FBE
:1031A0004FF4004102235846EEF7B2FB00EAE0700C
:1031B000E0E7B846B8F5404F29D0238F434504F1E6
:1031C000080515D308F58041019A534689B228466F
:1031D000EEF79EFB0028CDDB002ECFD04846E8F767
:1031E000CEFD4A46034641462846DDE70126E1E793
:1031F0002246022322F8388F4FF400412846EEF78A
:1032000087FB0028DEDAB5E76FF01500B2E76FF054
:103210000B00AFE773B5C36B03630446C3B100F1A2
:1032200008063046EEF7EAF9054670B902230DF1BB
:1032300006024FF400413046FFF730FD0028ACBFD6
:10324000BDF806304FF400432387284602B070BD16
:103250006FF01205F9E72DE9F0418768FB68044635
:103260000D4616469847BB682BB132462946204684
:10327000BDE8F04118476FF05700BDE8F08138B560
:103280000D46AB4211461C4604D81A4604F08BFA90
:10329000204638BD0024FBE704F0ADBAC30903EBB8
:1032A000430303EBC30383EA4000C0B27047CB780B
:1032B0000278534003704B884278534043700A6849
:1032C000837883EA122383700A68C3785340C370FB
:1032D000CB79027953400371CB88427953404371D3
:1032E0004A68837983EA122383714A68C379534019
:1032F000C371CB7A027A53400372427A4B895340AE
:1033000043728A68837A83EA122383728A68C37A53
:103310005340C372CB7B027B53400373CB89427B08
:1033200053404373CA68837B83EA12238373CA685A
:10333000C37B5340C37370471FB502788DF80020DC
:1033400042798DF80120827A8DF80220C27B8DF8B7
:10335000032002798DF80420427A8DF80520827BC3
:103360008DF80620C2788DF80720027A8DF80820A3
:10337000427B8DF8092082788DF80A20C2798DF879
:103380000B20027B8DF80C204278C37A8DF80D203B
:1033900082798DF80E208DF80F3010236A46194679
:1033A000FFF76DFF05B05DF804FBF8B50646087839
:1033B0000C46FFF773FF05466078FFF76FFFA278B2
:1033C00063785340E27853405D40684030706078E5
:1033D0002778FFF763FF0546A078FFF75FFFA37824
:1033E0005F40E3785F407D40684070706378277885
:1033F000A0785F40FFF752FF0546E078FFF74EFFE9
:10340000E3785F407D406840B0702078FFF746FF6A
:10341000627823785340A278534080EA0305E0782D
:10342000FFF73CFFEDB24540F570F8BD70B51446AE
:1034300088B00546002849D0002949D0002A49D043
:1034400010230A4668461946FFF719FF21466846C9
:10345000FFF72DFF103401F1A0066846EFF770FA70
:103460006846FFF769FF694604A8FFF79EFF01A9B8
:1034700005A8FFF79AFF02A906A8FFF796FF03A980
:1034800007A8FFF792FF102319460DEB03026846C9
:10349000FFF7F5FE214668461034FFF708FFB442F7
:1034A000DBD1EFF74DFA6846FFF746FF2146684645
:1034B000FFF7FDFE102319466A462846FFF7DFFE98
:1034C000684610220021FFF7E7FE012008B070BD1A
:1034D0000846FBE71046F9E710B50A460F3012F927
:1034E000103B002BACBF0023872312F8014D83EA69
:1034F00044038A4200F8013902D01378DB09F4E76B
:1035000010BD08B520B158220021FFF7C5FE0120EB
:1035100008BD10B5044688B110220021FFF7BCFE9B
:10352000102204F130000021FFF7B6FE002363648F
:1035300000224FF48033C4E91423012010BD70B57C
:1035400004460D46164610B311B358220021FFF76A
:10355000A3FE2946A6643046EFF7FEF910220021AB
:103560002046FFF799FE04F11005A26C2146204683
:10357000FFF75CFF21462846FFF7AEFF294604F11E
:103580002000FFF7A9FF2046FFF7C3FF012070BD11
:103590000846FCE72DE9F0410E4615460446002892
:1035A00060D0FAB100295DD0D0E9143253EA0201AB
:1035B00058D0013BD0F8448042F1FF32C0E91432C8
:1035C000B8F1000F2CD0C8F1100708F13000BD424F
:1035D00020440AD22B4632462946FFF750FE636C40
:1035E0002B4463640120BDE8F0813B4632463946F6
:1035F000FFF745FE103D0023636445443E44631ECF
:1036000004F10F0113F8012F93F830008B4282EA86
:1036100000021A70F6D1A26C21462046FFF706FF81
:1036200004F10F07102D0AD8002DDBD02B463246AF
:10363000294604F13000FFF722FE6564D2E7631EDD
:10364000711E13F8012F11F8010FBB4282EA00022C
:103650001A70F6D1A26C21462046FFF7E7FE10361D
:10366000103DDFE70020BEE770B50C460546E8B127
:1036700069B34A6C102A1AD11031631E013904F162
:103680000F0013F8012F93F83060724011F8016FAA
:10369000984282EA06021A70F3D1A26C21462846AB
:1036A000FFF7C4FE2046FFF72CFF012070BD02F19A
:1036B00030000021C2F110022044FFF7EDFD636CE1
:1036C0002344802283F8302004F12001D5E7084606
:1036D000ECE77FB50BAB059303930A9B02930023A2
:1036E000CDE9003301221846EEF760FB07B05DF824
:1036F00004FB01460068EFF781B908B5EFF7E0F980
:10370000BDE80840EFF700BA7FB50BAB0593039314
:103710000A9B02930023CDE9003301221846EEF7FD
:1037200045FB07B05DF804FB00210120EFF766B907
:1037300061B662B680F31188BFF36F8F704772B6BF
:10374000002383F31188BFF36F8FBFF34F8F30BF18
:1037500062B6BFF36F8F704772B6002383F3118890
:10376000BFF36F8FBFF34F8F20BF80F31188BFF37C
:103770006F8F62B67047202809D9B0F1004F08D882
:103780000138B0FA80F0C0F11F00400070470820F7
:1037900070473E2070477FB50BAB059303930A9BA0
:1037A00002930023CDE9003301221846EEF7FEFA1A
:1037B00007B05DF804FB08B5D1E904319847002053
:1037C00008BD08B5EFF79CFF002008BD7047002337
:1037D00003824369C3607047416A8968F0F718B88B
:1037E000EFF31182402383F31288BFF36F8F00231E
:1037F0000B60436833B9C0E9001182F31188BFF34D
:103800006F8F704719604160F7E710B50346EFF31B
:103810001181402282F31288BFF36F8F006828B1B4
:103820005C6802681A60A04208BF5A6081F3118880
:10383000BFF36F8F10BD027A0132027270470346E8
:1038400018465B68002BFBD17047426810B52AB15F
:103850000B461C465B68002BFBD16260416010BDCB
:1038600010B5044620B90B7A01330B72084610BD1F
:10387000034618465B68002BFBD1FFF7E6FF2046A6
:10388000F5E783680B440360704703680B60436887
:103890004B6083688B60704783880268194481801D
:1038A000D018704730B484880568A318838028191D
:1038B00030BC03F078BF10B5838802685C1C84803C
:1038C000D154D01810BD034600689A88401A11449C
:1038D0001860998070478288521A03468280006877
:1038E000084418607047034600689A88521A0144D9
:1038F0009A801960704710B503681C880221FFF791
:10390000EAFF204610BD02688068101A704783885D
:10391000C2888168D21A03685B1AD01A704703897B
:103920008B420AD9436803EBC10053F831302BB9FD
:103930004368002B08BF0020704700207047F0B597
:10394000037885888779C679CE71002013F0070F38
:103950000860C3F3C10308788F7114BF03240124E6
:10396000012B28BF012344EAC30320F01F006DBAD6
:10397000034352BA0B704A808D80F0BD37B50546BF
:103980000C460846FFF723FF45F8044B0823204662
:10399000238250F80C4F1C44FFF7B9FF0022034666
:1039A000009202212246284603F036F903B030BDCA
:1039B0002DE9F04F85B005460E4690461F4602F0B1
:1039C00038FF20B96FF04C0005B0BDE8F08F002340
:1039D0004FF014093B6009FB086934464FF0010AB7
:1039E00002A9284602F022FFDDE90232009368BBFB
:1039F000284602F047FF0028E4D00020E4E7A14574
:103A000098BF344661688A4214D1216800980192B7
:103A100003F0D5FD019A68B9237CD3B9D4E902310A
:103A200028469847C0B184F810A03B68013314348D
:103A30003B60D5E714340BF1010BD845DFD10021F1
:103A4000284602F076FF0028CAD1D1E74FF0000BDC
:103A5000F3E76FF06F00B7E76FF02200B4E7F8B557
:103A6000142303FB01060446154603469E4207D86D
:103A70002846E8F784F90746A64208D8002003E064
:103A80001A68AA4201D1187CF8BD1433EEE76368C6
:103A9000BB4207D121683A46284603F090FD08B999
:103AA000207CF1E71434E7E77FB50BAB0593039374
:103AB0000A9B02930023CDE9003301221846EEF75A
:103AC00075F907B05DF804FB20B101280CBF062092
:103AD000FF2070470220704702780B789A420FD37C
:103AE0000CD842784B789A420AD307D842884B8840
:103AF0009A4205D38CBF01200020704701207047F7
:103B00004FF0FF30704770B506460C4600F04EF897
:103B10000546304601F091FE0346013B85F0010069
:103B2000032B0CD8DFE803F008060902022304B1D6
:103B3000237070BD0123FAE728460023F7E74FF012
:103B4000FF30F6E773B546100546304600F02EF814
:103B5000002304460DF1070130468DF80730FFF7CA
:103B6000D2FFA84204D19DF80730013B012B09D9AF
:103B7000A04202D09DF8073023B1631B5842584140
:103B800002B070BD0120FBE77FB50BAB059303933B
:103B90000A9B02930023CDE9003301221846EEF779
:103BA00005F907B05DF804FB7047704700207047C7
:103BB0000020704770B5054688B00E4600240023EB
:103BC0006A4631462046F0F7CDFD28B92022294625
:103BD000684603F0F4FC10B124B14FF0FF342046E6
:103BE00008B070BD0124EAE7002301461A461846D2
:103BF000F0F7B8BD022805D0033801288CBF01209A
:103C0000052070470320704708B50020EDF7F4FA4F
:103C100070B50446BEB000F1100500260022002356
:103C20002846FBF7E5FB014608B93EB070BD19AB6D
:103C3000029301A805AB049601940393EFF7F8FEF5
:103C4000ECE7EFF777BE70B505460E46F1F754F88E
:103C5000044618B1336B1BB129469847204670BD06
:103C6000EA7A05F11801183003F09DFDF6E710B56A
:103C7000044640B14B6B0BB1183098472046BDE865
:103C80001040EFF757BE10BD0023C363A0F84030CB
:103C90007047C36B13B1B0F8400070476FF0150068
:103CA0007047F8B5C36B04460F46164603BB072A98
:103CB00025D94D886DBA0835B2F5C06FADB221D89F
:103CC000B5F5C06F1ED8AA4216D8F1F715F8E06313
:103CD000D8B1A4F84050E06B324639460C30FFF7BB
:103CE000E1FDB4F840309B1B98B2A4F84000F8BD49
:103CF000B0F840309342EED26FF08A00F7E76FF0F1
:103D00003C00F4E76FF03E00F1E76FF00B00EEE7E8
:103D100038B50B46C16B044661B1B0F8405005B1EF
:103D20005BB12046F1F706F80023A4F84030E363C6
:103D3000284638BD6FF01505FAE76FF03C05F7E748
:103D400010B50446C06B30B1FFF77BFF0020A4F82C
:103D50004000E06310BD6FF01500FBE7C06B00B1E1
:103D600018307047036813B1002303600371704774
:103D70008B6913B183610B7F03770020704710B507
:103D80000446084659B1F1F721F840B1A3698B42C6
:103D900006D190F86930227F9B1A5842584110BDD5
:103DA0000120FCE770B50546F1F710F8044698B11C
:103DB000284600F049FC034604F1380043B178334B
:103DC00006D0BDE870404FF400420023FBF7CABDA7
:103DD000BDE8704003F0B5B970BD08B5806918B191
:103DE00001F0D3FB033880B208BD7FB50BAB059360
:103DF00003930A9B02930023CDE900330122184666
:103E0000EDF7D4FF07B05DF804FB08B5F0F7DEFF6F
:103E100020B1BDE808406C30FBF71CBB08BD10B5F5
:103E20000C46017822788A428AB00FD06946F1F7B1
:103E300035FA05A92046F1F731FA10220DF11501E6
:103E40000DF1010003F0BBFB0AB010BD012A06D042
:103E5000022A07D072B940886388C01AF4E7406824
:103E60006368FAE71022611C01300AB0BDE8104017
:103E700003F0A5BB6FF01500E6E7042A0AD0102A6C
:103E80000DD0022A4FF0000315D103700B88438038
:103E900001207047012303700B684360F8E7022399
:103EA00000F8013B01F1100351F8042B40F8042BFA
:103EB0009942F9D1ECE718467047012310B5062165
:103EC000044600F8013BF9F71DF918B9A37963F02E
:103ED0003F03A37110BD0B6803608B8883808B79CF
:103EE0008371037823F00203037070470078C0F3F6
:103EF000400070472DE9F04101F10C080C460546E1
:103F000000F10C01404617461E46FFF7BEFC404636
:103F1000FFF7F9FC012310FA87F068826B722F8299
:103F200039464046FFF7D7FCE3687360628A002396
:103F3000E3607281638234602846BDE8F08138B561
:103F4000D1E90032DA600B684A895A820D4604468C
:103F50000868EFF7EFFC00211022284603F04BFC25
:103F6000A07AEFF72BFC6169054649B1637ADB075C
:103F700004D4436A1B6820469B689847002363610A
:103F800021462846BDE8384002F0D3BF438A23B912
:103F9000C068B0FA80F040097047002070470F28D1
:103FA00007D80D280BD8052808BF032018BF02200A
:103FB0007047132803D01A2808BF0120F6E7012014
:103FC000704710B50346BFF35B8F53E8000F40EA1C
:103FD000010243E80024002CF7D1BFF35B8F10BD32
:103FE0007FB50BAB059303930A9B02930023CDE9A6
:103FF00000331846EDF7DAFE07B05DF804FBBFF3B7
:104000005B8F50E8003F0B4040E80032002AF8D1B7
:10401000BFF35B8F70470020704781767047704711
:1040200010B503884288934219D8052B17D9B2F5E9
:10403000486F14D88388B3F5FA7F10D2C088A0F1F6
:104040000A0189B240F67644A14208D801339BB2F6
:104050005343B3EB800F34BF0120002010BD00207C
:10406000FCE7002070470020704770B506460D46FB
:1040700040F206400321F1F7A1FD044668B1032197
:104080000C30FFF709FC0680857021460022BDE850
:10409000704040F20640F1F7F1BF6FF0680070BD6C
:1040A000C368187808B1F1F7A7BB1846F2F7AABBA6
:1040B00038B50221054642F21600F1F77FFD0446AD
:1040C00068B102210C30FFF7E7FB2B880380214603
:1040D0000022BDE8384042F21600F1F7CFBF6FF082
:1040E000680038BDF8B507460E4642F222000621A8
:1040F0001546F1F763FD044678B106210C30FFF751
:10410000CBFB3B8803804680858021460022BDE8AA
:10411000F84042F22200F1F7B1BF6FF06800F8BD3D
:104120002DE9F0478146884642F2320007219DF88A
:1041300020A017461E46F1F741FD0546A0B1072114
:104140000C30FFF7A9FBB9F80030038080F802803B
:10415000C7700671A0F805A029460022BDE8F04707
:1041600042F23200F1F78ABF6FF06800BDE8F087D5
:1041700008B500200021F1F70BFF18B1BDE8084099
:10418000F1F73EBEBDE80840F3F75CBE08B5072274
:1041900003F015FAB0FA80F0400908BD7FB50BAB0B
:1041A000059303930A9B02930023CDE9003318463D
:1041B000EDF7FCFD07B05DF804FB00280CBF0846D6
:1041C0000020704718B111B10846F2F791BC6FF0AA
:1041D0001500704713B5044680B106216846F8F70C
:1041E00091FF48B99DF80530694603F03F0320462A
:1041F0008DF80530FFF7E6FF02B010BD6FF0150037
:10420000FAE7003818BF01207047034610F4004F4A
:104210000CBF07200620DA0348BF00F005009B030F
:1042200048BF00F0FB007047BFF35B8F0068BFF32F
:104230005B8F704710B50346BFF35B8F53E8000FE9
:1042400000EA010243E80024002CF7D1BFF35B8FA2
:1042500010BD7FB50BAB059303930A9B029300231C
:10426000CDE900331846EDF7A1FD07B05DF804FB7A
:10427000012310B403FA01F1044662B1BFF35B8F6E
:1042800054E8003F0B4344E80032002AF8D1BFF362
:104290005B8F10BC704710BCC943FFF7CBBF2DE943
:1042A000F04F87B005469DF84860DDF840909DF8D6
:1042B00044A00C4690460021102202A81F4603F09D
:1042C0009AFAEEB9CDE90248012202A942F20800A9
:1042D000F2F74CFE044678B9BAF1000F3ED1103522
:1042E000BFF35B8F55E8003F43F0040345E800321D
:1042F000002AF7D1BFF35B8F204607B0BDE8F08FEF
:10430000F1F77AFD8346E4B937BB5846E7F737FD46
:104310000923012ECDE901B48DF800308DF801009C
:10432000CDF80C80D0D1CDF810D005960222CCE784
:1043300014F83320083A012A25D901339845F7D1DA
:10434000E2E70023FAE717F83320083A012A1AD9DE
:1043500001339945F7D1D8E70023FAE7022E4FF051
:10436000010208BF059202A908BF324642F20900C5
:1043700008BFCDF810D0CDE90279F2F7F7FD00289B
:10438000ADD00446B8E76FF01504B5E7436813F005
:1043900008000AD05A0307D403F4C063B3F5806F52
:1043A00014BF0220012070470120704770B50646F7
:1043B00086B00D4642F20A000121F1F7FFFB0446E8
:1043C000B0B10C3095B10121FFF775FA06F110027A
:1043D00003A9204600950723F1F7DEFB00222146C2
:1043E00042F20A00F1F74AFE06B070BD2946EBE73B
:1043F0006FF06800F8E7183002F0A3BE03680022EF
:104400000BB9184670478B4210D10B6842B942680D
:104410000360914200D1436000230B60012070478C
:1044200013604368994208BF4260F5E71A461B686B
:10443000E6E7D0F8B400003818BF012070470846FE
:1044400089691160C2691A60C27A0021183003F0CC
:10445000D2B9BFF35B8F0068BFF35B8F704773B552
:104460000446CDE900320D4622B9D0F8AC606B4667
:1044700001AAB0472846EFF75DFA019B23B10099E6
:104480006FF06D022046984702B070BD7FB50BAB50
:10449000059303930A9B02930023CDE9003318464A
:1044A000EDF784FC07B05DF804FB2438F3F778B926
:1044B00010B50446006918B1EFF73CFA00232361F8
:1044C00010BD10B5034600F1CC021046FFF7C1FF46
:1044D00080B1BFF35B8F411C52E8004F844204D18E
:1044E00042E8001CBCF1000FF6D1BFF35B8FECD1AA
:1044F000184610BD0346FBE72DE9F84307460E4674
:10450000904600244FF0D009B44203D1002318464E
:10451000BDE8F88309FB0470FFF7D3FF034658B1E9
:10452000857A012D02D0073D012D03D81A88424516
:10453000EDD01846F3F7F4FA0134E5E710B5837AC5
:10454000023B0446062B16D8DFE803F009041515D4
:10455000150B0900417200212046F3F70BFB0020E8
:1045600010BD0088FFF781FD0028F9D1A37A072B41
:10457000F5D10821F0E76FF07F00F1E738B5037A55
:104580008B420446154615D100F1700107222846DA
:1045900003F015F880B1E378072243B904F17E01F6
:1045A000284603F00CF8B0FA80F0400938BD04F159
:1045B0007701F5E70020F9E70120F7E77030704751
:1045C00013B50C8804F00302032A0B4610D0E2074F
:1045D00010D404F002049A78DB78B2FA82F1490927
:1045E0000BB941F002010094FFF79AFD02B010BD33
:1045F0000024F0E70124EEE7F8B507460D4642F245
:1046000013000E21F1F7DAFA0646D0B10E210C3074
:10461000FFF742F90E220446002103F0ECF83B8834
:1046200023802B8863806B88A380AB88E380EB8832
:10463000238131460022BDE8F84042F21300F1F731
:104640001DBD6FF06800F8BD38B5041D0346204657
:10465000FFF7FFFEC0F30025C0050A4604D5184643
:10466000BDE83840F3F798BE0988A3F88810518850
:10467000A3F88A109188A3F89010D288A3F892200A
:10468000BFF35B8F54E8003F43F4806344E800329B
:10469000002AF7D1BFF35B8F284638BD70477FB53E
:1046A0000BAB059303930A9B02930023CDE90033E0
:1046B0001846EDF77BFB07B05DF804FB704710B4BC
:1046C00000F14C030122BFF35B8F53E8001F43E866
:1046D0000024002CF9D1BFF35B8F41B9034653F896
:1046E000482B8164D2F8B81029B9C2E92D3300688B
:1046F00010BCF3F78BB90B60C2F8B830F7E710B510
:104700000368D3F8B42042B1D3F8B8401168C3F8B5
:10471000B410A24208BFC3F8B8104C300023BFF356
:104720005B8F50E8002F40E800310029F9D1BFF33A
:104730005B8F10BD70B5D0E9003504464BB3D3F89C
:10474000B420483000216AB1904234D1A26C51BBF0
:10475000D3F8B810C3F8B420884201D1C3F8B82008
:104760000023A36404F14C030022BFF35B8F53E8E2
:10477000001F43E800200028F9D1BFF35B8F04F14C
:104780003006236BD3B96B680BB1204698470023E2
:104790002360E3680BB1204698472B6AB3B12046EB
:1047A000BDE8704018470A60D3F8B820904208BFAF
:1047B000C3F8B810D4E711461268C4E700220023FA
:1047C0003046FAF715FEEFF7B5F8DAE770BD38B501
:1047D000406B30B150F8084904B1083CFFF7AAFF1C
:1047E00004B938BDA5682DB12046083DFFF7A2FFEA
:1047F0002C46F7E72046BDE83840FFF79BBF043161
:10480000F3F7DCBA406B30B1838B8B42A0F1080028
:1048100001D08068F7E7704710B54AB989B2FFF751
:10482000F1FF28B143689B6913B1BDE810401847F8
:1048300010BD38B50D460521FFF7E4FF00231A46E9
:104840002946F3F72FFF044610B12846EFF772F818
:10485000204638BD406B30B183898B42A0F10800FF
:1048600001D08068F7E7704770470346006828B1B9
:10487000596802681A60884208BF5A607047034648
:10488000002003B970471A8A5B681044F9E710B535
:10489000D4682378023113B92170012010BD8B42F6
:1048A000FBD0038A023B038200201061F6E706205A
:1048B000704773B51446014605464FF4957220685B
:1048C00000F065FE207500BB237A2068ABB1A3F130
:1048D0001802534253419B000193638A0093AE68D0
:1048E000238AE2682946B047002808DB238A8342EE
:1048F0000ED100232375012008E00223ECE710F11C
:10490000FF0F05D34042C0B22075002002B070BD39
:104910000E20F9E71FB5CDE90123002300931A46C5
:10492000F5F734FB05B05DF804FBF8B5936816683D
:1049300005460F46144663B9506801210C30FEF756
:10494000ABFFA0602B681B78002B14BF0223012350
:104950000370A3681B78012B03D0022B1FD000200B
:104960001CE02B681B78002BF9D1606804210C3007
:10497000FEF792FFE06007802A68E36852885A8059
:104980006168728D738B088A9A4294BFC0EB0200F3
:10499000C0EB0300042894BF00200120F8BD2B6861
:1049A0001B78022BDBD1606812210C30FEF774FFFC
:1049B000E06007802B68E268591C0232113351F81D
:1049C000040B42F8040B9942F9D16168728D738B24
:1049D000088A9A4294BFC0EB0200C0EB0300122881
:1049E000D9E770B405686A6A52B3136803B1A83B8B
:1049F000A2F1A8040022114600E0A83B844207D09F
:104A0000668D648BB14238BF3146A24238BF224620
:104A10001C462BB1D3F8A830002BEED18442EFD145
:104A2000438D408B8B4201D890420BD9824238BFD4
:104A300002469942286838BF194670BCF5F736BE61
:104A40001146EDE770BC7047D0680378043113B9A4
:104A50000170012070478B42FBD091680B8A0020C7
:104A6000043B0B82106170477FB50BAB059303933A
:104A70000A9B02930023CDE900331846EDF796F91F
:104A800007B05DF804FB2DE9F04F044685B01046F1
:104A900090469946FFF7F3FE638B628D934228BFE1
:104AA000134683428B4640F29380636803934046EB
:104AB000FEF7C5FE4FF0000A06464046FFF7DFFE50
:104AC000628B638D06F10C079A4294BFC0EB02051E
:104AD000C0EB03053846FEF71AFF854217D2404661
:104AE000FFF7CDFE628B638D9A4294BFC0EB020547
:104AF000C0EB03058DBB98F80A00EEF75FFE0022BD
:104B00000023FEF769FE064630B9574636E03846C0
:104B1000FEF7FDFE0546EDE701464046FEF7A0FE26
:104B20004046FFF7ACFE628D638B06F10C079A429C
:104B300094BFC0EB0205C0EB03053846FEF7E7FE65
:104B400085421FD24046FFF79AFE628D638B9A42E0
:104B500094BFC0EB0205C0EB0305F168328ACDF8C3
:104B60000090DBF8047003980A44ABB25946B8478A
:104B7000071E0CDABAF1000F18BF5746384605B0C9
:104B8000BDE8F08F3846FEF7C2FE0546E5E70E9B0E
:104B9000B3B9394606F10C00FEF77EFE4046FFF73A
:104BA0006EFE638D628B934228BF1346B9448342E5
:104BB000BA441FFA89F9A8D9AF423FF47EAFA4E7FF
:104BC0000F9A0E9B3946304698470028E1D19CE762
:104BD0000027D3E70368002203B970478B420FD147
:104BE0000B683AB942680360914200D143600023E8
:104BF0000B60704713604368994208BF4260F6E754
:104C00001A461B68E8E706207047BFF35B8F50E841
:104C1000003F43F0080240E800210029F7D1BFF32C
:104C20005B8FC3F3C000704773B516680546002359
:104C30007068137314462946952200F0A8FC20736F
:104C400080B9CDE900002946A388A2683046FFF765
:104C50001AFF002809DA10F1FF0F26BF4042C0B248
:104C60000E202073002002B070BD0120FBE72DE96B
:104C7000F3411668074600237068137314463946DB
:104C8000952200F084FC0546207308BBA068718B58
:104C9000728D038A914294BFC3EB0103C3EB0203FD
:104CA000012B15DD02210C30FEF7F6FDCDE9005594
:104CB0008046A388A26839463046FFF7E4FE031E0B
:104CC0000ADA13F1FF0F26BF5B42DBB20E23237318
:104CD000002002B0BDE8F081A8F800300120F8E71C
:104CE0002DE9F04104468868FFF7C9FD638B628DAA
:104CF000934228BF134683420D461DD3E165D1F888
:104D0000088000278F60FBF765F841462046F4F7DE
:104D1000D3F8064638B1C5F80880E765FBF76EF8AA
:104D20003046BDE8F081618D638B994228BF1946FA
:104D3000284600F058FDF1E76FF07906F0E738B546
:104D4000BFF35B8F0B68BFF35B8FDB07054617D59F
:104D500050F8040CA0B1AB6D93B90430FFF785FD9A
:104D6000044668B10146281FFFF7BAFF002807DA9A
:104D700055F8043C5A6822609A685C6002B99C60ED
:104D800038BD2DE9F041446A07463CB354F8A869A0
:104D900006B1A83E00231D4607F1040801E0344691
:104DA0001646E26D9AB905B98BB94046FFF75DFD2D
:104DB000054658B101462046FFF792FF00280DDA5C
:104DC0007B682B60BB687D6003B9BD6023462EB154
:104DD000D6F8A820002AE2D0A83AE0E7BDE8F081A2
:104DE00070B504460E46002200230846FAF700FB81
:104DF000054658B101462046F4F75EF8044618B15E
:104E00002946304602F095F8204670BD6FF0010447
:104E1000FAE7F8B50546071F00F1540350F8044CB3
:104E2000BFF35B8F53E8001F21F0040143E8001239
:104E3000002AF7D1BFF35B8F04B3AB6D8BB9636806
:104E40007BB1201DFFF711FD014606463846FFF7EE
:104E500047FF002812DA63683360A368666003B90D
:104E6000A66005F15C013846FFF7BAFF30B104F1E6
:104E70000C013846BDE8F840FFF7B2BFF8BD38B5C1
:104E800004460D46F4F718F830B1294604F16000E5
:104E9000BDE8384002F042B838BD2DE9F0418846FF
:104EA00017460121042205461E46F3F7A3FD0446DA
:104EB00070B104210C30FEF7EFFC80F80080A0F800
:104EC0000170C67021462846BDE8F041FFF7D7BF04
:104ED000BDE8F08137B50C46054601F10C00FEF740
:104EE0000AFD228A0192E2680092034613221221EF
:104EF0002846F4F773F903B030BD37B50C460546C4
:104F000001F10C00FEF7F7FC228A0192E2680092A0
:104F10000022034611462846F4F760F903B030BD7D
:104F200007B5CA681388528800920C210D22F4F745
:104F300071FB03B05DF804FB07B5CB6800221B884A
:104F400000920A210B22F4F765FB03B05DF804FB25
:104F500070B5CB681E88B3B2162B04461AD903214C
:104F6000F4F70EFA0546B8B102210C30FEF794FCB6
:104F70006FF00D0303700123437029462046FFF7AD
:104F80007EFF4FF4F973204663836685FFF729FDA2
:104F9000002070BD0420FCE70E20FAE7F4F78ABF7A
:104FA00008B5F4F77BF908B3426A02B3136803B19A
:104FB000A83B32F88E0C32F87E2C904228BF104667
:104FC00043B913E0934228BF1346984238BF1846AE
:104FD000A1F1A803D3F8A8105A8B5B8D0029F1D159
:104FE0009A4228BF1A46904238BF104608BD104664
:104FF000FCE70A8AC9680023F4F79EBC70B50E4628
:10500000F4F74CF9044628B93046EEF793FC6FF0FC
:105010007F0070BD00F10C052846314601F07EFF8F
:10502000606A38B150F8A84904B1A83C2946FFF796
:10503000D7FE20B90020ECE71C466FF00100002CE1
:10504000F8D0D4F8A83023B90230F5D020461C4659
:10505000ECE7A83BF8E738B505460C46FAF7BAFE88
:105060002846F4F71BF920B9FAF7C8FE6FF07F0065
:1050700038BD0023236083683BB9C0E90144FFF7D2
:1050800080FEFAF7BBFE0020F2E71C608460F6E7C2
:105090000120704708B5F4F701F998B1436A8BB164
:1050A000BFF35B8FA83B03F1580252E8000F20F0DA
:1050B000080042E800010029F7D1BFF35B8FD3F865
:1050C000A830ECE708BD08B50421FFF7C3FB30B1F9
:1050D000BFF35B8F406DBFF35B8FC0F3C00008BDB3
:1050E0001060002070470B4609895A8A914238BFE8
:1050F00011469A8A8A4203D099829B6903B1184764
:10510000704710B5029CA36833B1B1F5807F28BF0A
:105110000E21CAB221469847A37DE268013BDBB26B
:10512000A37522B11BB92046BDE81040104710BD41
:1051300010609180002070470020704708B507225A
:1051400002F03DFAB0FA80F0400908BD10B5034600
:10515000BFF35B8F53E8000F40EA010243E80024ED
:10516000002CF7D1BFF35B8F10BD0B6803608B88F9
:1051700083808B79837170477FB50BAB0593039365
:105180000A9B02930023CDE9003301221846ECF775
:105190000DFE07B05DF804FBF0B507683D7889B0F7
:1051A00006461446E5B97B88B3F5245F04D011D8D0
:1051B000A3F52053032B13D8ADF80A1002220DF1EA
:1051C0000A012046F4F738FD70B16FF01502C4F8FB
:1051D000082106E003F55643FF339BB2042B1DD98B
:1051E0000125284609B0F0BD7B88ADF80A300222BF
:1051F0000DF10A012046F4F71FFD0028E5D10090CB
:1052000003AA776813233146B847021EDFDB03A9E0
:105210002046F4F711FD0028E2D0D6E7ADF80A10D9
:1052200002220DF10A012046F4F706FD0028CCD138
:105230007B88ADF80A3002220DF10A01E8E770B56B
:1052400000F1700605463146007AFEF70CFF044671
:105250003146287A3CB1F4F7ABFC18B10023036067
:105260004360836070BDF4F7A3FC0028FAD00460AB
:1052700044608460F6E7022A10B508D1002300F1EB
:1052800070011A46007AF4F705FD022010BDFFF701
:10529000D6FFFAE713B5BDF8101010464FF006140C
:1052A0004FF0C8720829CDE900420BD8C1F10804BB
:1052B0009C42A8BF1C462246694402F074FA20466C
:1052C00002B010BD6FF00604F9E7F7B51546BDF85A
:1052D00020601F46FEF7C5FE022EADF806000ED870
:1052E000C6F10204BC42A8BF3C460DF106032246AB
:1052F0009919284602F057FA204603B0F0BD6FF026
:105300000604F9E72DE9F0419846BDF81860154606
:10531000F0F772FD0746E6F732FD83B2B3420CD3D5
:105320009C1B4445A8BF4446A4B22246B91928464E
:1053300002F039FA2046BDE8F0816FF00604F9E783
:10534000F7B51F460023BDF820608DF804301546E0
:10535000F4F700FC10B1037A8DF80430012E0DD85B
:10536000C6F10104BC42A8BF3C4601AB22469919D4
:10537000284602F018FA204603B0F0BD6FF006048C
:10538000F9E713B5C96810460A781C46BDF8103015
:1053900092B94A88ADF80620022B18D8C3F1020250
:1053A0009442A8BF144622460DF10601194402F0AA
:1053B000FAF9204602B010BD102B01F1010106D808
:1053C000C3F110029442A8BF14462246EEE76FF0E4
:1053D0000604EEE7F7B5C968BDF8206015461F461C
:1053E000F4F706FC00B10089ADF80600022E0ED8D5
:1053F000C6F10204BC42A8BF3C460DF1060322469A
:105400009919284602F0CFF9204603B0F0BD6FF09D
:105410000604F9E701210C30FFF798BE2DE9F041B1
:105420001F46BDF81830012B064690462CD83B4449
:10543000012B3D462BDCF4F78DFB044618B9F4F73D
:1054400089FB044630B397B1217A98F800200023F5
:1054500021FA03F0C70703D522FA03F0C0071CD5D1
:105460000133032BF4D102F0070211432172601CB7
:1054700006F17001FFF779FE337A23702046FFF7BB
:10548000C9FF2846BDE8F0816FF00605F9E76FF027
:105490000C05F6E76FF01005F3E76FF01205F0E783
:1054A00038B504461546FFF7F3FD40B12046F4F742
:1054B00051FB20B1037ADB0701D5FFF7ABFF35B90C
:1054C000207A04F17001F4F773FB00B1856038BDF8
:1054D00013B5044610B9002002B010BD00238DF8AA
:1054E0000430006842F6030301A9ADF80630FEF768
:1054F00096FC0028EFD1E36898880028ECD120467C
:10550000F4F714FD013080B2E6E7F0B5CC6887B05F
:1055100008461F46A3798DF80430BDF83060154663
:10552000FFF7D6FF2468ADF8050023789BB96388A0
:10553000ADF807300524B44219D3A41BBC42A8BF60
:105540003C46A4B201AB22469919284602F02BF939
:10555000204607B0F0BD631C0DF10702113453F86B
:10556000041B42F8041BA342F9D11324E3E76FF0B4
:105570000604EDE71FB5CDE90123002300931A4689
:10558000F4F704FD05B05DF804FBFFF709BD12F068
:10559000010F4B8A04D013F0950F10D0486870B1FA
:1055A00012F0020F04D013F4957F0AD0896841B13C
:1055B0001A4012F4DE7F14BF05200020704702203D
:1055C0007047032070472DE9FF41837A072B05467A
:1055D0000C46164610D100238DF80C30206842F698
:1055E000030303A9ADF80E30FEF719FC60B9E368B8
:1055F0009B7913F0300F03D1002004B0BDE8F08197
:105600002046F4F7B1FD0446002320688DF80C30E5
:1056100003A942F60213ADF80E30FEF700FC18B1F4
:105620002046F4F7A1FD0446002742F60218206840
:105630008DF800706946ADF80280FEF7F0FB20BBE4
:10564000002320688DF80C3003A942F60213ADF850
:105650000E30FEF7E4FB0028CED1E468224628464F
:1056600012F8011BFEF78AFF10B123891E420AD1EE
:10567000A17A04F10B022846FEF780FF0028BBD078
:10568000638A1E42B8D00120B7E720688DF8047005
:1056900042F6030301A9ADF80630FEF7C0FB00286F
:1056A000CED020688DF808704FF4205302A9ADF8D1
:1056B0000A30FEF7B4FB0028C2D020688DF80C70C9
:1056C00042F6010303A9ADF80E30FEF7A8FB00284F
:1056D000B6D02046F4F748FD04460028A7D18BE752
:1056E0002DE9F843884651684B8A03F09403074636
:1056F00014464BBB0122FFF766FF48B3A2891B216A
:1057000002323846F3F702FE054620B300F10C09D9
:1057100002214846FEF7C0F80646484626F8028BA6
:10572000A189FEF7B9F8A289A168304602F03BF8DA
:10573000D4E9041228460123F4F7FAF92946384639
:10574000BDE8F843FFF75ABC4FF0FF30BDE8F883DF
:105750006FF01500FAE76FF00B00F7E72DE9F04165
:1057600005460F46F4F7F6F9044608B3037ADA075C
:105770001ED5BFF35B8FC668BFF35B8F16F00106C3
:1057800000F10C0814D1A7B1BFF35B8F58E8003FBC
:1057900023F0020248E800210029F7D1BFF35B8F14
:1057A0009B07284608D5FFF775FC2046FFF732FE19
:1057B00001263046BDE8F081FFF76AFC0028F8D0EA
:1057C0002846FFF780FC0028F3D0BFF35B8F58E832
:1057D000003F23F0020348E80032002AF7D1BFF36C
:1057E0005B8F2846DFE770470021F8B54FF0FF32A6
:1057F0004FF0FF3305460846FFF701F800F10C07AC
:10580000044601213846FEF747F8052606700121B7
:105810003846FEF741F8002306701A46214628460E
:10582000F2F740FF10B12046EEF784F80020F8BDF3
:105830006FF08500704700207047F7F7C7BF1FB5AE
:10584000022001A9ECF7D2FC18B1002005B05DF8E8
:1058500004FB019802A9F7F763FF0028F5D19DF832
:105860000830032B05D09DF80B00431E58425841C9
:10587000ECE70120EAE713B5022001A9ECF7B6FC3A
:1058800058B901220198114600F014FC0446019811
:10589000FDF7F0FA204602B010BD6FF00404F9E7FE
:1058A000203870470369C9B20C2201FB0233186C1F
:1058B00000F00700704770B5C9B20369EFF31185B6
:1058C000402484F31288BFF36F8F0C2606FB01344B
:1058D000246C14F0C00408D0A24206D085F31188CD
:1058E000BFF36F8F4FF0FF3070BD71430B44012247
:1058F0001A6485F31188BFF36F8F43680B445B68AC
:1059000098470020F0E78022FFF7D5BFF8B5069F43
:105910000469C9B2EFF31186402585F31288BFF3FD
:105920006F8F0C2569430C44256C05F0070CBCF106
:10593000010F0BD1276486F31188BFF36F8FC4E981
:105940000E2343685B5898470020F8BD05F0C0055A
:10595000AF4286F31188BFF36F8F0CBF6FF07700F3
:105960004FF0FF30F1E713B580240094FFF7CEFF2E
:1059700002B010BD10B40069CBB21C2403FB0400BC
:10598000002110BC1047002000F0C4BA1046F9F7FF
:1059900061BD0020704738B50C461546F0F720FA77
:1059A00028B129462046BDE83840F0F733BC6FF0F7
:1059B0000A0038BD70B5044600F045FC237B05465F
:1059C0000BB100F0CBFA00266068F8F75BFCA36827
:1059D0005B1BA36063682B446360237B01363BB988
:1059E000A368002BF0D1A068003818BF012070BD5B
:1059F0003046F7F75FFE0028F2D0F4E738B50546E9
:105A00000C4600F01AFC002D07DBA84205D9401B0C
:105A100084428CBF0020012038BD0020FCE77FB508
:105A20000BAB059303930A9B02930023CDE900334C
:105A300001221846ECF7BAF907B05DF804FBF7B598
:105A40001C461646002382682360A36013690D4636
:105A500001AA69469847019B5A1E01921BB96FF033
:105A6000150003B0F0BD0098A26847682168676020
:105A700085B9B31AD0F800C0634528BF63461A44FD
:105A800003FB07112160A26002689A4206D8083021
:105A90000090E0E76B1AB3FBF7F3EBE70020E0E7D9
:105AA00013460022FFF7CBBF2DE9F047836886B08D
:105AB0001B698846914601A902AA98470024A2467C
:105AC0002546029BAB4202D806B0BDE8F087019F95
:105AD00007EBC50700267B6804933A68B2420AEBDD
:105AE000060302D801359A46EBE70394059349462D
:105AF00003A8C0470028E7D0049B01361C44ECE70C
:105B000043685B68D3F810350B600020704743682A
:105B10005B6802EA010021EA0201C3F80805C3F844
:105B20000C150020704743685B680020C3F8081517
:105B3000704743685B680020C3F80C1570474368E2
:105B40005A68D2F8043521EA03000B40C2F8080570
:105B5000C2F80C350020704710B503695868F8B1D9
:105B6000884219D19C6808685860A14200D19860A9
:105B7000002008602AB15A680A609A68596002B920
:105B80009960002010E0814206D108682060986882
:105B90008142EDD19C60EBE7044600680028F2D119
:105BA000002AE8D16FF0150010BD0022012103206A
:105BB000EDF7BCBB7FB50BAB059303930A9B029338
:105BC0000023CDE9003301221846ECF7EFF807B0C7
:105BD0005DF804FB13B5002101AA044600F00AF8A1
:105BE000002805DB019B226819791868F5F71CFD70
:105BF00002B010BD30B543681360057A446804EB09
:105C0000C504A34202D36FF0010030BD5C798C4221
:105C100001D00833F0E70020F7E70022012104203B
:105C2000EDF784BB002201212320EDF77FBB10B5E7
:105C30000B6813B91360184605E003685C681CB173
:105C400014600368186810BD083303600B68013BDB
:105C50000B60EDE77FB50BAB059303930A9B0293B3
:105C60000023CDE900331846ECF7A0F807B05DF843
:105C700004FB03460A4600681979012303FA01F17F
:105C800003691B68194218BF82F0010212B18368D0
:105C9000DB68184783681B69FBE710B50368044697
:105CA0004BB19A683AB1186900F0C0FF2068002132
:105CB0000830FFF7DEFFA36933B9636004F1100019
:105CC000BDE81040F9F7C6BB10BD10B50069036808
:105CD0008B4206D190F86C4034B9FFF7DEFF2046C6
:105CE00010BD6FF01500FBE76FF00F00F8E700F153
:105CF00050039B009BB203F1804303F588330022DD
:105D00001A601B68704708B5F6F78AFA08BD10B527
:105D100000F0BDF84FF0FF304FF0FF31F6F734FCE4
:105D2000044620B9D7F75EFC0446F6F735FC20465A
:105D300010BD7FB50BAB059303930A9B0293002321
:105D4000CDE9003301221846ECF730F807B05DF8D2
:105D500004FB38B50B8A0D4673B30B7EA3B1022B3F
:105D60002AD14FF0FF304FF0FF31F6F70DFC04461B
:105D700040B9E868E2F738FC0446F6F70DFCB4B128
:105D8000F6F734FD204638BD4FF0FF304FF0FF31BD
:105D9000F6F7FAFB04460028F4D1E868F6F7E0FDD0
:105DA0000446F6F7F9FB002CECD1F6F71FFD284668
:105DB000EDF7C0FD0024E5E76FF01504E2E7F6F724
:105DC00029BD10B531220446002101F014FD202325
:105DD00023708023A3706FF03F0363710423A372C9
:105DE0002823A3730223E3730423A3756FF008032E
:105DF00063766FF03C03A3766FF00C03E3767E23AB
:105E00002377302384F820306FF03F0384F821306B
:105E1000072384F822306FF0070384F8233001232E
:105E200084F82430802384F82630042384F8293031
:105E3000402384F82D3010BD0023036043600378B5
:105E400023F03D0343F03D030370437823F0410307
:105E500043F04103437070477FB50BAB0593039349
:105E60000A9B02930023CDE900331846EBF79EFF0F
:105E700007B05DF804FB01F12003013813F8012D90
:105E800000F8012F8B42F9D17047F7F79FB970479F
:105E90000021F7F755BA90F84010012901D8F7F71B
:105EA0004FBA12207047684620F007018D4601B5B1
:105EB000DFF740FBECF728FEBDE801408546704760
:105EC00008B54FF0FF314FF0FF30F6F75DFBE5F717
:105ED0002EFFBDE80840F6F75FBB684620F00701DB
:105EE0008D4601B5DFF7F2FABDE8014085467047FF
:105EF000684620F007018D4601B5DFF713F8ECF78F
:105F000003FEBDE801408546704708B5E5F7F2FCA1
:105F1000002008BD012801D1DEF736BD704770476B
:105F2000DEF758BB7FB50BAB059303930A9B029337
:105F30000023CDE9003301221846EBF737FF07B005
:105F40005DF804FB08B5E1F7E7FB30B1EFF305803E
:105F50000338032894BF0020012008BD70478068E3
:105F6000183820F0070010387047042809D0052899
:105F700003D1481E18BF01207047431A58425841A8
:105F800070470120704738B515460C4661B15AB1CB
:105F9000FCF7CFFF2544214611F8013B834203D192
:105FA000A942F9D1012038BD0020FCE738B50C46E4
:105FB0000123114622460546FCF75DFF00280FDB52
:105FC000012221462846FFF7DEFF38B92378012B4E
:105FD00014BF022301232370002038BD0323FAE7F6
:105FE0000120FAE72DE9F7431D4606460F46904685
:105FF000FCF796FF6C1E044440420440082C1AD85B
:106000003046FCF796FF2A4681464146684601F035
:10601000CAFB621B49460DEB050001F0ECFB234671
:106020006A4639463046FCF73BFF003818BF01206E
:1060300003B0BDE8F0834FF0FF30F9E707B5012367
:106040008DF8042001AAFFF7CDFF03B05DF804FB33
:1060500081681839012221F00701FFF7EFBF82683C
:10606000183A22F00702FFF7A1BF13B50C46C0B2E1
:1060700001A9ECF7BBF850B921460198F7F750FB9E
:1060800004460198FCF7F6FE204602B010BD01243C
:10609000FAE713B541EA021104468DF80710FFF73D
:1060A0005EFF012301460DF107022046FFF79AFF2C
:1060B00002B010BDF7B50D1E69460CBF17462F463E
:1060C0000446F7F72DFB78B99DF80060022E22D028
:1060D000032E0BD0012E24D135B19DF80330032BB4
:1060E00002D12046FFF7B4FF03B0F0BD002DFBD175
:1060F0002046F7F7F3FA0028F6D157B12046FFF70C
:10610000A7FF0028F0D1002231462046FFF7C1FF4B
:10611000EAE70226F7E735B9A26829462046FCF7E8
:10612000D4FE0320E0E70420DEE74FF08053D3F8ED
:106130003001421C04BF4FF0704393F8E00F831FFF
:10614000584258417047004700F070BD036803F0A3
:106150001F025B0902600CBF4FF0A0400020704797
:10616000F7B5019001A8DDE9084716461D46FFF77F
:10617000EDFF019BB6F1000C18BF4FF0010C00EBD6
:1061800083000B1E18BF0123002D43EA4C0314BFEC
:106190004FF00C0C4FF0000C002C43EA0C0314BF22
:1061A0004FF4E06C4FF0000C002F43EA0C03D0F8E2
:1061B000002714BF4FF4403C4FF0000C43EA0C039F
:1061C00022EA030301B109780EB13678760019434B
:1061D0000DB12D78AD0031430CB124782402294350
:1061E0000FB13F783F040C433C43C0F8004703B075
:1061F000F0BD1FB50DF10F03019300238DF80F10B3
:1062000000931A461946FFF7ABFF05B05DF804FB93
:10621000024611F0010007D04FF0A041D1F820351F
:106220001360C1F8203503B900207047F7F762BD4D
:10623000F7F740BD0846F7F72DBD4FF080531A69B8
:106240005869504370474FF08053186970474FF0BA
:10625000805358697047036803F01F025B090260AE
:106260000CBF4FF0A0400020704707B5019001A877
:10627000FFF7F1FF019A01239340C0F8083503B0FE
:106280005DF804FB07B5019001A8FFF7E4FF019A50
:1062900001239340C0F80C3503B05DF804FB37B51B
:1062A000D0F818358A69DBB28DF807300B6A934253
:1062B0003EBF4A699DF80740D4540B6A91F82450B8
:1062C0000C695A1C0A62023335B1A3428C6938BF8B
:1062D0000B619C4288BF8B610D699D4205D9CA68DC
:1062E000D35CC0F81C3501200AE08C699C4201D9BE
:1062F000CB7FF6E7AA42F6D3A2422CBF00200120B2
:1063000003B030BD70B503460025C0F80851D3F87E
:1063100008310C46FFF7C3FF68B9887FFF2801D01A
:10632000FFF7A3FF204665772572616850F8083BA8
:10633000BDE87040184770BD91F820200346032A3D
:1063400029D8DFE802F0212519028A68500304D514
:10635000D3F84C250869904207D18A6852031AD4B1
:10636000D3F84C258969914215D000200622C3F844
:106370000005C3F800257047D3F84C250869904202
:10638000F3D1D3F83C25EDE7D3F84C250969EAE7CA
:10639000D3F83C25FAE70120704730B5A2F58075A7
:1063A000AD080124AC400C4207D0815829B100212E
:1063B000815082581A6822431A6030BD13B50023F9
:1063C0000C4601934FF4A47201ABFFF7E6FF2146A0
:1063D0004FF48272FFF7E1FF21464FF49272FFF70C
:1063E000DCFF21464FF4A872FFF7D7FF21464FF498
:1063F000A672FFF7D2FF21464FF4B072FFF7CDFF30
:106400004FF4AE722146FFF7C8FF019802B010BDED
:10641000036803F01F025B0902600CBF4FF0A0404D
:106420000020704707B5019001A8FFF7F1FF019A1E
:1064300001239340C0F8083503B05DF804FB30B584
:10644000026A0346D2E9014084424FF0000002D3C1
:106450000123D36030BD1874506801305060186A51
:106460004268541E0268242505FB042218465C1964
:1064700050F8045B42F8045BA042F9D19960012016
:10648000E8E7F0B5064604460F4694460FCE8BB0BB
:1064900001AD0FC50FCE0FC5216A33684A682B6066
:1064A0002068A56822B90223CB6000200BB0F0BDA4
:1064B000FB0713D50B682426013A06FB02337E073F
:1064C00003D41A7C0AB10F23EEE7224603F124011C
:1064D00053F8046B42F8046B8B42F9D1B90741BF02
:1064E000226A536803F1FF335360AC4505D2236A37
:1064F000002BDAD00422DA60D7E77A0748BF2060A1
:106500003B0701D40120D1E706AB93E80700143420
:1065100084E80700F6E710B502601A44029B836026
:1065200001294FF00003C26003740375836101D831
:10653000036210BD24224A43243A84180462835023
:10654000026A8C1E9460026A5360026AD360026A17
:106550001374026A022953741EBF036A2430186040
:10656000E7E7182871F100030ED3B0F5807F71F1D1
:1065700000030BD3B0F5803F71F1000308D300296D
:1065800014BF092005207047012070470220704782
:106590000320704737B508294FF000044FF000057D
:1065A000CDE900450A460AD80146684601F0FBF8E5
:1065B000DDE9000103B0BDE83040FFF7D2BF0020A5
:1065C00003B030BD03460020884200D170471A5CFA
:1065D000002AFBD00130F7E700B1C1607047436883
:1065E0000360836801338360006AFFF7F5BF08B575
:1065F0000268C3689A4205D3006A0821FFF7ECFFDE
:10660000002008BD0120FCE738B504460D46FFF721
:10661000EEFF40B123681B78B5EB531F04D0206A0E
:106620000A21FFF7D9FF002038BD10B50446FFF757
:10663000DEFF38B123681A78FF2A05D0206A0A21C4
:10664000FFF7CAFF002010BD01332360FBE710B540
:10665000027D044632B1FFF7E8FF48B100232375FD
:106660004FF0FF3220460721BDE81040FFF709BF79
:1066700010BD2DE9F84F04460E4691461D46FFF722
:10668000B6FF804628B1A36843B90321206AFFF70B
:10669000A3FF4FF000084046BDE8F88F2268177846
:1066A00007F01F0BBBF11F0F12D12DB3206A18B1D9
:1066B000037C0BB11521EAE701232B700025236829
:1066C000636001352B442360A368013BA360E2E7CC
:1066D000BBF1170F14D9ABF11803D9B203290BD8AA
:1066E00001259D40A94509D3E36805F1010A5244FB
:1066F000934207D20821C9E70721C7E70521C5E76B
:106700000025F1E74A460021304601F074F815B93A
:1067100086F800B0D2E72268711E531913F80109F8
:1067200001F8010F9A42F9D1236A002BC7D01B7CD4
:10673000002BC4D00737FFB2022FC0D949463046DC
:10674000FFF728FF8245BAD015219FE738B50C46E0
:1067500011460546FFF758FF08B9002038BD04224E
:106760000023A1182846FFF784FF0028F5D02B68E6
:106770002360F3E737B5002304468DF80330FFF7B5
:1067800043FFA8B104220DF103030DEB02012046E3
:10679000FFF76FFF60B19DF8035065B9019920467E
:1067A000FFF74DFE50B963682360A3680133A3600F
:1067B000002003B030BD6FF00F01F0E72575F8E75A
:1067C00038B504460D46FFF7C1FF48B12268E368BB
:1067D0009B1A6A689A4204D908212046FFF7FFFEF7
:1067E000002038BD38B504460D46FFF7E9FF18B163
:1067F00023686A681344236038BD70B50D460021D4
:1068000004461646FFF700FF38B1324629462046B7
:106810000023BDE87040FFF72CBF70BD0422FFF7D6
:10682000ECBFFFF7FBBF0222FFF7DCBF0322FFF73D
:10683000D9BF10B505210446FFF79CFF50B1237D59
:106840004BB9A3686FF00042934205D3052120465F
:10685000FFF7C5FE002010BD5B00A360FBE7037DD2
:1068600023B98068B0FA80F0400970470368C268B5
:10687000934205D21878A0F1FF035842584170475F
:1068800000207047FFF7E3BE70B50D4607210446B0
:10689000FFF7BAFE48B123681E7806F01F06182ECF
:1068A00005D9206A0A21FFF797FE002070BD00235A
:1068B000012229462046FFF7DCFE0028F5D0182EDD
:1068C000F4D12B781F2BF1D815212046FFF787FE36
:1068D000EBE737B50C460DF107010546FFF7D4FF8E
:1068E00058B19DF80730143BDBB2012B8DF807300F
:1068F00006D90A212846FFF772FE002003B030BDFA
:1069000003F001032370F9E738B50D46062104466C
:10691000FFF77AFE08B9002038BD0023042229467B
:106920002046FFF7A6FE0028F5D0A3680133A36038
:10693000F2E7F0B58FB00446FFF759FE00285DD0AE
:1069400023681D7800220023CDE902236D09234628
:1069500005AA04F1200718685968164603C60833CB
:10696000BB423246F7D118683060062D1CD02A1F72
:106970000023012A4FF008028DF804300DEB0201CC
:1069800098BF01AB05A8FFF774FE0646002835D076
:10699000042D3BD019D8023D012D21D9059B236040
:1069A000A368013BA3602AE001A905A8FFF7ACFF9B
:1069B00020B3059B089A934204D30821206AFFF76D
:1069C0000BFE1BE01D786D09CFE7052DE6D1DDE953
:1069D0000232B3F1004F72F1000113D32946EDE703
:1069E000E3682168029A5B1A9A4203D8059B134414
:1069F0000593D3E708212046FFF7F1FD0026304636
:106A00000FB0F0BDDB185241CDE902329DF80450C1
:106A100025B16FF00F020023CDE90223029B0793FB
:106A20008DF8285005A8FFF71AFF014638B1002D50
:106A3000B4D005A8FFF7F9FD0028AFD1DEE705A81F
:106A4000FFF777FF0028EDD1D8E7FFF764BD00B16D
:106A5000C160704710B50368C468A34205D3006ADB
:106A60000821FFF7F4FF002010BD02F01F0242EAE8
:106A7000411119700368013303600120F4E770B518
:106A800005460E46104619461446FFF783FD22467A
:106A9000431E31462846BDE87040F8F7DFB9F8B527
:106AA0001746C36802689A4204460D4606D3206A18
:106AB0000821FFF7CCFF00263046F8BD9B1A4A6834
:106AC0009A42F4D80E4656F8043B53B1042130469E
:106AD000FFF760FD6A6823681344E26803449A4242
:106AE000E5D33246042339462046FFF7C8FF064661
:106AF0000028E0D020682968884202D06A6800F047
:106B000060FE23686A6813442360D5E7082A73B5DA
:106B100013460C4606D9006A0521FFF798FF0020AE
:106B200002B070BD8E1816F9012C002A0FDA0A4641
:106B300069460C46B24204D101212246FFF79FFF6D
:106B4000EEE712F8015BED4301F8015BF2E700218B
:106B5000F3E713460A460021FFF791BF07B5042269
:106B600001910DEB0201FFF7D1FF03B05DF804FBCB
:106B700007B5042201910DEB0201FFF7EAFF03B014
:106B80005DF804FBFFF7F4BF0222FFF788BF032282
:106B9000FFF785BF07B5CDE900126946FFF7F7FF9C
:106BA00003B05DF804FB38B50C4605461146204697
:106BB000FFF708FD214602462846BDE83840FFF7AA
:106BC000E9BF1F220421FFF745BF1F220521FFF760
:106BD00041BF1F220721FFF73DBFFFF7FABF10B5E6
:106BE0000A4609781839072905D9BDE8104001235C
:106BF0000721FFF744BF006A1521FFF728FF002097
:106C000010BD07B514318DF807100DF10701FFF71E
:106C1000E6FF03B05DF804FB1FB50024CDE9014495
:106C2000069C0094FFF777FC04B010BD08B1ECF7A8
:106C3000A9BE7047704740B1C368587810F0010092
:106C40001EBF1878B0FA80F0400970477FB50BABD3
:106C5000059303930A9B02930023CDE9003301229D
:106C60001846EBF7A3F807B05DF804FB10B5D0E9C0
:106C7000003433B90020E268537843F001035370C5
:106C800010BD204698470028F4D00028B8BF4042E5
:106C9000E368FF28A8BFFF201870ECE700F0ABBD49
:106CA00000F081BD704710B400F10C04C0E903444A
:106CB00010BCFBF72ABC2DE9F04F89B0DDE9126763
:106CC00005463B46914606A83246059100F0B8FBC2
:106CD000DDE9063405F1140ACDE90234EFF311843D
:106CE0004FF0400888F31288BFF36F8F05F10C0B4B
:106CF00005994A462846FBF794FB30B184F3118886
:106D0000BFF36F8F09B0BDE8F08F3E43F6D0DDE9E9
:106D1000022306A800F0B8FBDDE906675A46CDE974
:106D2000006721465046F8F7A1FFEFF3118488F37E
:106D30001288BFF36F8FDBE738B50446EFF3118598
:106D4000402383F31288BFF36F8FFBF721FB04F11D
:106D50000C0000F002FB30B1294604F11400BDE83C
:106D60003840F8F7F3BF85F31188BFF36F8F38BD54
:106D70004169836843EA010212F003020FD1C26045
:106D80000269013A01FB023382689A4201D900206C
:106D90007047C2681A604269C3609B1AF4E76FF0DB
:106DA00015007047F8B504460D46EFF311864023F1
:106DB00083F31288BFF36F8FC7686FB900F0AAFA28
:106DC00050B1C767456100F046FA314604F108004A
:106DD000BDE8F840F8F7BABFE3682B60A369E56047
:106DE000013BA36186F31188BFF36F8FF8BD08B52F
:106DF0004024EFF3118384F31288BFF36F8FFCF705
:106E00009EFCF6E790F90E308B4201D0F8F75ABF9E
:106E10000020704703460020C3E90200C3E90033A5
:106E200070472DE9F843994604469DF820300D46F9
:106E3000904600F10806EFF31187402282F3128892
:106E4000BFF36F8F03B14568304600F063FA58B165
:106E50000023C367C0F8148000F0FDF930463946BE
:106E6000F8F774FF00200CE0B9F1000F1BD00821E7
:106E7000F9F7B2FA38B987F31188BFF36F8F6FF063
:106E80000B00BDE8F8830122C0F8048002600168AD
:106E900001F003015DB922680A4302606268206064
:106EA0006AB960600BE0C8F800904046EFE72A68D6
:106EB000032A10D80160616839B9C4E900000421CF
:106EC00004F1100000F047FBC8E70A6802F0030273
:106ED00002430A60E5E722F003020A4302602A68DF
:106EE00002F0030240EA02032B60E8E710B5044613
:106EF00030B10268930703D0446809B100F058FB31
:106F0000204610BD0023C0E9003300F10803C0E9AA
:106F1000023300F11003C0E90433704707B50123C1
:106F2000009300230A461946FFF77BFF03B05DF884
:106F300004FB07B500230A4600931946FFF771FFCB
:106F400003B05DF804FB00680021FFF7CFBF5AB122
:106F50008A4209D300F11003C0E90212C0E900001F
:106F6000C0E90433002070476FF0150070470268D5
:106F700001238B4022EA0303036022FA01F000F0B0
:106F800001007047704710B5032104460C30FFF72D
:106F9000EEFF30B104F1100000F037FAB0FA80F0E3
:106FA000400910BD20B100221146883000F00BBA14
:106FB000704770B5C368C3F340069B07044616D4F8
:106FC000856802210C30FFF7D2FF80B1D5F8802010
:106FD0006AB194421DD122689EB9D5F88430C5F8B3
:106FE00080209C4201D1C5F8842000232360E368FF
:106FF00013F01F001EBF43F00203E36040F00200E5
:1070000070BD3260D5F88420944208BFC5F8846012
:10701000EBE716461268DBE773B50446EFF311851C
:10702000402383F31288BFF36F8F0023A0F1100673
:10703000032104380193FFF79AFF28B1A369019354
:1070400001A93046F8F74CFB85F31188BFF36F8F29
:1070500002B070BD38B504460D461022002100F084
:10706000CAFB656038BDEFF31183402282F31288BA
:10707000BFF36F8FC06800F01F0083F31188BFF368
:107080006F8F704713B501900846EFF311844023CA
:1070900083F31288BFF36F8F01A9F8F721FB84F304
:1070A0001188BFF36F8F02B010BD10B5FFF7EAFF74
:1070B000041E08DDEFF31180402383F31288BFF331
:1070C0006F8FF8F773FE204610BD70B50D46EFF3D5
:1070D0001186402383F31288BFF36F8FF8F75AFBB2
:1070E000044686F31188BFF36F8F38B14FF0FF323B
:1070F0004FF0FF3305F11000F8F7D0F9204670BDCE
:1071000010B5EFF31184402383F31288BFF36F8F20
:10711000FFF74FFF84F31188BFF36F8F10BD08B5E1
:10712000A022002100F067FB08BD38B530220446DC
:107130000D46002100F05FFB4FF480736560E36053
:1071400038BD38B50446EFF31185402383F3128828
:10715000BFF36F8FFFF717FF2046FFF72AFF85F376
:107160001188BFF36F8F38BDF8B504460D46EFF3B5
:107170001186402383F31288BFF36F8FC36803F037
:107180001F03002B14BF0127002705D186F31188A8
:10719000BFF36F8F3846F8BDFFF7F5FE2046FFF7C7
:1071A00008FF29462046F8F77DFA86F31188BFF3D9
:1071B0006F8F0028EED04FF0FF324FF0FF3305F114
:1071C0000800F8F76BF9E5E7EFF30580003818BF22
:1071D000012070476FF05700704700207047F8F7A4
:1071E000C7BDD0E9003213605A600023C0E9003304
:1071F000704708B5FFF7F5FF437B23F002034373A5
:107200000023836008BD38B504460D46F8F738FC06
:10721000637B43F002036373E5B1A5602B689D4275
:1072200009D16B68C4E900531C606C6012E06A68A5
:107230009A42F6D01B68002BF3D094F90E2093F9F4
:107240000E108A42F3D09142F1DD5A68C4E900324F
:1072500014605C6038BD10B5EFF31184402383F3F4
:107260001288BFF36F8FF8F723FC84F31188BFF304
:107270006F8F10BD10B50446183000F0C6F8EFF35C
:107280001181402383F31288BFF36F8F627B12F06A
:10729000100204D081F31188BFF36F8F10BD204618
:1072A000BDE81040F8F738BC08B5EFF31181402273
:1072B00082F31288BFF36F8F83680BB1FFF799FFDA
:1072C00081F31188BFF36F8F08BD38B50446EFF323
:1072D0001185402383F31288BFF36F8F437B13F034
:1072E000280F0BD183680BB1FFF783FF637B51B984
:1072F00003F0FB0363732046F8F7DAFB85F311888C
:10730000BFF36F8F38BD03F0EB03F3E701211838AB
:10731000FFF7DBBF38B5EFF31185402383F3128805
:10732000BFF36F8F0468A0420DD034B12046FFF741
:1073300060FF04F1180000F068F885F31188BFF3CE
:107340006F8F204638BD0024F7E710B5FFF7ACFF7C
:10735000BDE81040183000F058B838B5046805464C
:10736000AC424FF0000000D138BD002CFCD02046CC
:10737000FFF7EBFF2046FFF76EFF2C680120A542C8
:10738000F1E7EFF31181402282F31288BFF36F8F90
:10739000027BD2070CD581F31188BFF36F8F0023D6
:1073A00083F31188BFF36F8F0423184602DF704701
:1073B000437B1B0704D581F31188BFF36F8F7047A0
:1073C0000122F8F7A9BB38B5EFF31185402383F309
:1073D0001288BFF36F8F0468A04212D09CB1E1679E
:1073E00062612046FFF705FF04F1180000F00DF878
:1073F0002046F8F75DFB012085F31188BFF36F8FFE
:1074000038BD0020F8E72046F6E710B5EFF3118409
:10741000402282F31288BFF36F8F03683BB1F8F705
:1074200077FE002084F31188BFF36F8F10BD6FF0DB
:107430001500F7E708B5F8F789FF08BDF8F786BF2C
:10744000B3F1FF3F08BFB2F1FF3F70B504461D46E0
:10745000164613D01A4315D06FF00102921B4FF05D
:10746000FF3363EB0501002904DAF8F76FFF821997
:1074700041EB0501C4E90021204670BD4FF0FF3209
:107480001146F7E70022FBE7B3F1FF3F08BFB2F177
:10749000FF3FF8B5074616461C4610D054EA0203D3
:1074A00011D0F8F753FFB0420A46A14103460AD271
:1074B000F31A64EB0204C7E900343846F8BD4FF014
:1074C000FF331C46F7E70023FBE72DE9F041846812
:1074D00005460E46ECB16378012B25D114F8533CD8
:1074E0009A0714D5A4F160073846FFF72EFF082E3F
:1074F0000CBF6FF003030023E36114F8533CDB0679
:1075000005D154F8483C13B93846FFF7A4FE0023D0
:107510002370EB68C3F386321643002066F394337E
:10752000A860EB60BDE8F081022BF0D12378002B3E
:10753000EDD054F8048CB8F1000FE8D004F1140039
:10754000FFF763FFA4F114070023E36239464046C6
:10755000FFF798FDDBE710B50346EFF311844022F7
:1075600082F31288BFF36F8F0068834208D0D0E99E
:10757000003213605A600023C0E90033FFF7A5FF13
:1075800084F31188BFF36F8F10BD0432D3B5044666
:1075900008D200260027CDE9006741F00401FFF77B
:1075A0008AFB10B9002002B0D0BD40F8044BFAE7C6
:1075B00020B1011F50F8040CFFF7BEBB704710B597
:1075C00001390244904201D1002005E0037811F80E
:1075D000014FA34201D0181B10BD0130F2E710B5D6
:1075E000044614F8013BA3F14102192A11F8012BBA
:1075F000A2F1410098BF2033192803D82032981AED
:10760000EFD010BD981AFCD1002AEAD1F9E730B5C5
:107610000A440546914201D100200FE015F8013BD4
:1076200011F8014BA3F141001928A4F1410098BFC2
:107630002033192803D82034181BEBD030BD181B79
:10764000FCD1002CE6D1F9E710B56AB101398418F4
:1076500010F8012B11F8013F9A4203D1A04201D04A
:10766000002AF5D1D01A10BD1046FCE70A7870B593
:107670006AB970BD9A4209D10C46054614F8013F1B
:10768000002BF6D015F8016F9E42F7D00130037839
:10769000002BEFD11846ECE7F0B5C3F137070446ED
:1076A000FFB203F01F031046082BE6B233D0102BB5
:1076B0003ED06508A40844EA817445EAC1752D19D5
:1076C0004FEA910242EB5102290941EA02716D1819
:1076D00042EB1212290A41EA02616D1842EB1222B2
:1076E000290C41EA02416D1842EB1242AD1842F1F9
:1076F0000002EC0844EA4274D10804EB8402A6EBD1
:107700004205EDB2092D0CD90134A5F10A0541F16C
:107710000001EDB212E0E40844EA417406F0070506
:10772000C908303554EA010200F8015BBCD1F0BD54
:10773000240944EA017406F00F050909092D84BFE4
:10774000ED19EDB2EDE7C0F3C75300280246A3F1EF
:107750007F0104DA1E290BDD4FF0004070471E291F
:107760001EDC0120002906DA013118BF0020704715
:107770004FF0FF30F6E71629D8BF4FF48003C2F36D
:107780001602D8BF0B4142F40002CDBF963B9B18B6
:10779000C1F1170102FA03F3D8BFCB405843704739
:1077A0006FF0004070470A44914200F1FF3300D16E
:1077B000704710B511F8014B03F8014F9142F9D110
:1077C00010BD884210B501EB020402D98442234661
:1077D00007D8431EA14208D011F8012B03F8012F4E
:1077E000F8E7024401468A4200D110BD13F8014D6A
:1077F00002F8014DF7E702440346934200D1704777
:1078000003F8011BF9E7D1E9043293421EBF5A1C69
:107810000A61187070470000014800687047000056
:10782000B8310020D007FE7F010000006D39020052
:1078300000000000F5A70200F4780300E5F1020063
:107840000000000009F202000000000039B0020050
:1078500008790300A1D30200000000000B5F0300C1
:10786000000000009359030030790300D1AC0200FE
:107870001C79030055B8020044790300BDAA020038
:107880000000000095C302000000000081510200CA
:1078900000000000CD2C0300000000006137020052
:1078A0000000000075D40200000000002DF5020069
:1078B00000000000F5B902009479030019AE02003F
:1078C00058790300EDB302006C790300F5C502009E
:1078D000A8790300F5B9020080790300595202002B
:1078E000000000009939020000000000C94C0200AD
:1078F00000000000E4C803001C8603003486030077
:10790000F9070020A0360020AAC903007C860300E6
:107910009486030001080020683700200DC9030089
:107920000000000050860300FB070020F436002012
:107930001DC903000000000058860300FD07002059
:107940000000000023CB03001887030038870300E2
:10795000050800207406002086C90300000000000E
:1079600060860300FF0700200000000000CB03003A
:10797000B886030000870300030800207437002046
:10798000EDCC030044870300F487030007080020C0
:107990007C060020FACC03009C870300F4870300D8
:1079A00009080020EC06002048CE0300000000007B
:1079B000FC8703000B080020B8370020215F03007C
:1079C00047610300000000002937030000000000A9
:1079D000293703008DEB0200476103002DE602000A
:1079E0004761030000000000293703000DE1020099
:1079F0004761030000000000293703000000000079
:107A000029370300000000002937030000000000B0
:107A100029370300000000002937030000000000A0
:107A200029370300F436002041AD020000000000B9
:107A30002937030000000000293703000000000080
:107A4000293703000000000025C4020000000000E8
:107A50002937030000000000293703000000000060
:107A60002937030000000000293703000000000050
:107A70002937030000000000293703000000000040
:107A8000293703000000000009D4020000000000B4
:107A90002937030000000000293703000000000020
:107AA0002937030000000000293703000000000010
:107AB0002937030000000000293703000000000000
:107AC00029370300000000002937030000000000F0
:107AD000293703003DE60200476103000000000073
:107AE00029370300000000002937030000000000D0
:107AF0002937030005000000BD85020000000000DA
:107B00000600000041A70200000000000400000081
:107B10000D8D02000000000051510200514F020083
:107B20000000000000000000000000000000000055
:107B300000000000EDF90100D1FA01000000000092
:107B40000000000000000000000000000000000035
:107B5000BC840300080000005C85030007000000EF
:107B60000C81030006000000C08203000400000036
:107B7000FDAE030002000000DFC1030002000000B0
:107B80002EC8030002000000A8B903000200000094
:107B9000BDC4030002000000AFB9030002000000F2
:107BA000B0C803000100000000C003000200000094
:107BB00050C103000200000040C6030002000000A4
:107BC000EDAF03000200000065CE030002000000DC
:107BD000C4CE03000200000053CE030002000000E8
:107BE000DDC80300020000005EAC030002000000DC
:107BF000FFC8030002000000D69F0300030000003E
:107C000025CD0300020000002FAF0300020000009A
:107C1000A0C90300020000001ECF03000200000004
:107C20007AAD030002000000B8C9030002000000A2
:107C30000DCB03000200000081AD03000200000034
:107C400085AD0300020000003BAE0300020000000F
:107C500040CF03000200000079B8030002000000DA
:107C6000B9B8030002000000D2B80300020000000F
:107C7000EECE030002000000E0B4030002000000AA
:107C80003CB503000200000044B503000200000000
:107C900033D0030002000000F49003000200000053
:107CA00053B503000200000007CD030002000000EE
:107CB000F0800300D40400202AAE0300010000007D
:107CC000A9C80300000000003951030000000000B3
:107CD000000000003E9103000000000019DB0100DD
:107CE0000000000095DB010046AC0300000000002E
:107CF00099F501000000000045F501002947020048
:107D0000454B0200B94F0200FFFFFFFFFFFFFFFFDF
:107D1000844100208241002080410020182E002054
:107D2000142E0020102E002004000000020000008D
:107D3000020000000000000001000000A0000000A0
:107D4000F000000000000000000000000000000142
:107D50000000000200000004000000080000001005
:107D60000000002000000040000000800000001B18
:107D70000000003636D0030000010000F401FA00D4
:107D8000960064004B0032001E0014000A0005003B
:107D900002000100010001000001010000010001DA
:107DA000000001000100000001000B0002000A00B9
:107DB000050009000A000800140007001E00060064
:107DC000320005004B00040064000300960002002E
:107DD000FA000100F40100000C0802170D01010275
:107DE0000909010106020918180301010909030321
:107DF00005030201230202240910040405050B0BEC
:107E0000040B2B1B1B151A1A1C021D161305014906
:107E10000D150500A301B103BF05EF024906A30933
:107E2000C505F50B25120E021C045A03B4063006D4
:107E3000600C000001000000101100400000000074
:107E40000000000000000000000000000406080A16
:107E50000C0E10121416181C1E20222426282A2C60
:107E60002E30323436383A3C3E40424446484A4C42
:107E70004E021A5000000000280000001800000008
:107E800000000000141E00003011000000002CA6AD
:107E9000E0A100003408E8030000000070170000B3
:107EA000A00F00000000DC05E80300000000000057
:107EB000141E00003011000000010302D8ECF0F4A1
:107EC000F8FC00020304050607080000000000009B
:107ED00000000000000000000000000000000101A0
:107EE0000101020202020303030304040404050562
:107EF0000505060606080900000000000000000055
:107F0000000000000000000000000001010101026B
:107F10000202020303030304040404050505050625
:107F2000060708090A0B0C0D0608080102060010D6
:107F30000200FA00000000003BBD010047BD010047
:107F40004BBD010053BD010057BD010006000900F3
:107F500000002A000600060000009001060006004E
:107F60000000900100000000000000000000000080
:107F70000338FDD8704700000879030013000000A3
:107F80000879030018000100004100000000000013
:107F9000000000000000000001420000030A000091
:107FA000000000000000000002430000E50900009E
:107FB00044110000F8FFFFFF034400000DFFFFFF26
:107FC000CC1000000000000004450000200000006C
:107FD000B6FFFFFFEC050000054600001C0A00008C
:107FE00089000000E8050000064700009509000030
:107FF00086110000EB050000074800000BFFFFFFA3
:10800000C2100000EE0500002D9303008565452594
:10801000319303006545250534930300452505008C
:1080200037930300050000003CA303002202080E62
:108030003C001A3152001A339A001A351D011A37C2
:108040006B003B31BE003B335E013B3596023B3754
:1080500007A9022570889B880704000908054008C5
:1080600009104008080540081D0400081D04000808
:10807000405C0000A05C0400C06C0800805C040050
:10808000E03F1E00E07D1E0001010000F10700201E
:1080900007100000E1070020FF060000F3070020A2
:1080A000A32D0300000000000000000000000000FD
:1080B000000000000AAE030012AE03000000000042
:1080C00000000000000000001AAE03001EAE030016
:1080D00022AE030026AE0300E08003002C31002016
:1080E000BD2102004C3100204F440020010000005F
:1080F000572E030000000000252E0300192E030058
:10810000000000000D2E0300000000008A8903001B
:108110008353030000000000DCAF030000000100F7
:10812000868903000B550300000000001C05002099
:1081300000000100BAAF03000000000000000000D2
:10814000000000000000010082890300D5530300F5
:10815000B19D0200F8040020000003007E890300A6
:108160000B55030000000000F00400200000010097
:1081700098AF030000000000B528020000000000D6
:1081800000000300070000000000000000000000E5
:1081900000C00000587903000100000000C000008A
:1081A00000020000587903000200000000C0000037
:1081B00000A00300587903000300000000C2000083
:1081C000007E0300587903000400000000C2000094
:1081D000009E0300587903000500000000400400E1
:1081E0000020000058790300060000000060040031
:1081F00000A00300587903000000002000000000E8
:1082000000000B06020000000C82030000000000CA
:108210002DB50300240002020000002035B5030044
:108220001E000B11ED37020000000000CD370300E7
:10823000E1430200C5450200000000002949020098
:10824000000000000000000000000000000000002E
:10825000000000000000000000000000AD48020027
:10826000654C0200654C02000000000000000000A8
:1082700000000000000000000000000000000000FE
:108280000000000000000000000000004D4C020053
:10829000054C02000000000000000000000000008B
:1082A000514B02000000000024820300B48203004E
:1082B0000006000030BA0020C7B80300000000002C
:1082C00096890300835303000000000052B90300A5
:1082D00000000100928903000B550300000000001C
:1082E000A00500200000010030B9030000000000DC
:1082F000714E020000000000000002008E890300A1
:10830000D5530300B19D02007C050020000003004E
:10831000248203001C830300FB010000B0D2002074
:10832000248203002C8303002E0000001CDB0020AD
:10833000248203003C83030002010000FCDB0020D8
:108340000E030000596A02000F040000296A0200AF
:108350001A010000355402000504000075530200A4
:1083600013010000D1590200FF010000455702002F
:108370003E0100002557020005040000CD54020014
:10838000100100006154020001120000AD690200FA
:108390000A1E0000A140030003090000C55A0200A4
:1083A000040B000099570200060A0000C55E020097
:1083B000070A0000915402000C050000495C02000D
:1083C00024820300CC830300020100001CDD002096
:1083D0003CC4030049C4030069C403005DC4030036
:1083E00074C403008BC403009BC40300BDC7030017
:1083F000AFC40300248203000084030000000000D7
:1084000078E000202482030010840300FB010000B8
:10841000A0E000209D460300BD46030000000000D0
:108420000000000000000000E987020000000000DA
:108430000000000000000000000000000202010037
:10844000514F0300040401005D980200060601007C
:108450009D97020008040100A59602000A0201008F
:10846000394F03000C040100214F03000E040100EA
:108470007995020020040100DD940200100401003F
:10848000ED93020012020100D54E03001604010014
:10849000AF48030018010100074C03001E00040050
:1084A000F34F030052020000FB4E0300248203003E
:1084B000B8840300FD01000074ED0020C6890300AC
:1084C0008353030000000000C28903000000010084
:1084D000BE8903000B550300000000003006002099
:1084E00000000100B6890300000000000000000049
:1084F0000000000000000000B2890300D553030013
:10850000B19D02003806002000000300AE89030080
:108510000B550300000000002806002000000100A9
:10852000A6890300415303001D540300000000000E
:1085300000000300A28903000B55030000000000A7
:1085400020060020000001009A890300C9A0020053
:10855000000000000000000000000100F28903009C
:108560008353030000000000EE89030000000100B7
:10857000EA8903000B550300000000006C06002090
:1085800000000100E2890300055303000000000021
:108590000000000000000100DE8903000B5503000D
:1085A000000000006406002000000100D6890300DE
:1085B000CB5203000000000000000000000001009A
:1085C000D28903000B550300000000005C06002068
:1085D00000000100CA89030095520300000000005A
:1085E000000000000000010000000000000000008A
:1085F000000000000000000000000000E957030038
:10860000000000000000000000000000000000006A
:10861000B1A7020081A70200000000002DA90200FE
:10862000ADA80200F3C8030089A80200875903001F
:10863000F9C803004DA80200075903006759030059
:1086400000000000A558030000000000000000002A
:1086500079AC0200D1AB0200975903000000000082
:10866000CDAD020081AF020045AE0200C5AD0200F3
:10867000B5AD02000400000000FF0000FFFFFFFF97
:1086800000000050000000000000000000600040FA
:1086900000000000BDB00200015B03000F5B03009F
:1086A000275B0300335B03003F5B030039B202002A
:1086B000595B030000000000003000400000000093
:1086C0000000000000000000000040060000010162
:1086D00010000000AB5B0300E4860300F5440020BB
:1086E000FF00000000300040F086030001000000A1
:1086F000F8860300020000001D06000C1C06000B9B
:108700002DB302000000000069B402000000000068
:10871000000000007DB302001C8703000020004021
:1087200028870300010000003087030002000000DA
:10873000050000000B000001A5B70200D9B7020038
:10874000C9B702000030024001000000000000FF35
:1087500000FF000000000000000000010100000018
:10876000255C030074870300FFFFFFFF000000008B
:10877000000000000030024080870300010000007C
:1087800088870300030000001000000414000005A7
:1087900012000006087903001100010000400040AB
:1087A00000000000000000FF00FF000000000000CB
:1087B00000000001010000001B5C0300CC870300E7
:1087C000FFFFFFFF0000000000000000004000402D
:1087D000D887030001000000E087030003000000C9
:1087E00004000004060000050700000608790300E5
:1087F0000300000051BC0200CB5C0300D5C60200A0
:108800000F5D0300535D030002000000060000003E
:10881000E4CF0300F2CF030006D0030015D003001D
:1088200021D003002C7803002C7803008478030007
:1088300094780300E4780300F4780300512563FC86
:10884000C2CAB9F3849E17A7ADFAE6BCFFFFFFFFCB
:10885000FFFFFFFF00000000FFFFFFFFAAAAAAAA78
:10886000AAAAAAAAAAAAAAAA555555555555555510
:10887000555555550000000055555555522563FC7A
:10888000C2CAB9F3849E17A7ADFAE6BCFFFFFFFF8B
:10889000FFFFFFFF00000000FFFFFFFF512563FC0B
:1088A000C2CAB9F3849E17A7ADFAE6BCFFFFFFFF6B
:1088B000FFFFFFFF00000000FFFFFFFF96C298D8F8
:1088C0004539A1F4A033EB2D817D0377F240A463F9
:1088D000E5E6BCF847422CE1F2D1176BF551BF3702
:1088E0006840B6CBCE5E316B5733CE2B169E0F7CD5
:1088F0004AEBE78E9B7F1AFEE242E34F4B60D227A2
:108900003E3CCE3BF6B053CCB0061D65BC86987697
:1089100055BDEBB3E7933AAAD835C65AFCFFFFFF23
:10892000FFFFFFFFFFFFFFFF00000000000000004F
:108930000000000001000000FFFFFFFF0000985949
:108940009859EA518E421E45142E0080EA51F428AF
:108950003233E03A703DE03AC235842BC2353233CF
:10896000C235C235AE47E03A5038A23050388700A1
:108970008D000A0016000100060001000200000040
:10898000032800000229000003280000002800003E
:108990000229000003280000002800002A2B000004
:1089A0002A2B000003280000292B0000292B00009F
:1089B0000328000002290000052A0000052A000003
:1089C000032800000118000000280000042A00000D
:1089D000042A000003280000012A0000012A0000E8
:1089E00003280000002A0000002A000003280000DD
:1089F00000180000002877C295F360D2EF7F35524F
:108A0000500F2CB6798049444C45004D4355626F58
:108A10006F7420636F6E6669726D2072633D2564AA
:108A20000A004D4355626F6F7420636F6E66697202
:108A30006D206661696C65642C20636F6E74696E6D
:108A400075696E673A2025640A0054616720626C7C
:108A50007565204C4544204750494F206E6F742067
:108A600072656164790A0054616720626C756520E3
:108A70004C454420636F6E66696775726520666158
:108A8000696C65643A2025640A0054616720424C91
:108A90004520696E6974206661696C65642C206389
:108AA0006F6E74696E75696E67207769746820559A
:108AB0005742206F6E6C793A2025640A0054616732
:108AC0002054444D412072756E74696D6520636F4A
:108AD0006E6669673A20736C6F743D25752F257536
:108AE00020706572696F643D2575206163746976D5
:108AF000653D257520736F757263653D257520652D
:108B0000706F63685F76616C69643D257520676589
:108B10006E3D25750A005461672054444D41207212
:108B2000756E74696D6520636F6E66696720646930
:108B30007361626C65640A00546167205557422076
:108B40006272696E677570207374617274696E67A2
:108B50000A0054616720555742206272696E67753A
:108B600070206661696C65643A2025640A0054616E
:108B70006720555742206272696E67757020646F76
:108B80006E650A007461672D667265657A652D638E
:108B90006C65616E2D3230323630373136005461BB
:108BA00067206669726D77617265206D61726B65B1
:108BB000723A2025730A0054616720617070207238
:108BC000656164792062733D425325303458206CCE
:108BD0006F676963616C5F7461673D257520616EC5
:108BE00063686F725F636F756E743D257520746482
:108BF0006D613D257520736C6F743D25752F25754E
:108C000020706572696F643D2575206163746976B3
:108C1000653D257520736C6F745F7372633D2575B8
:108C2000206D6F64653D257320706D6F64653D2513
:108C30007520616E63686F725F706C616E3D647900
:108C40006E616D69632066696C7465723D25732081
:108C50006D6561735F7374643D257520726573691A
:108C60006475616C5F6761696E3D25752070726F18
:108C7000635F616363656C3D257520696E69745F30
:108C8000706F733D257520696E69745F76656C3D04
:108C9000257520676174653D2575206D6F74696F5A
:108CA0006E5F6D6561733D2575206D6F74696F6EC4
:108CB0005F70726F633D2575206D6F74696F6E5FB5
:108CC000676174653D25752073706565645F7468C0
:108CD000723D257520696D755F64656C74613D2515
:108CE0007520696D755F676572723D2575207261CB
:108CF0006E67655F736F66743D25752072616E6780
:108D0000655F686172643D2575206D6F74696F6E73
:108D10005F736F66743D2575206D6F74696F6E5F4C
:108D2000686172643D25750A00726177005461675D
:108D30002061707020616E63686F72733D5B257592
:108D40002C25752C25752C25752C25752C25752C19
:108D500025752C25755D206163746976653D5B25FD
:108D6000752C25752C25752C25755D207374616E09
:108D70006462793D5B25752C25755D207265736590
:108D80007276653D5B25752C25755D207265667272
:108D90006573683D25752F25752066756C6C3D25BE
:108DA00075206D6F74696F6E5F66756C6C3D2575AF
:108DB0000A00546167206170702068616E646F669C
:108DC000663A20656E746572696E672053532D5440
:108DD00057520A0073735F7477725F696E69745FCC
:108DE00073746172745F776974685F636F6E6669CC
:108DF00067206661696C65643A2025640A00030790
:108E00000206000104050001020304050607445799
:108E10004D3130303143206D696E696D616C206376
:108E20006865636B2073746172740A007577625FA2
:108E3000706F72745F696E6974206661696C6564D5
:108E40003A2025640A007577625F706F72745F68FC
:108E5000775F7265736574206661696C65643A203A
:108E600025640A007577625F706F72745F72656166
:108E7000645F6465765F6964206661696C65643A05
:108E80002025640A00445731303030204445565F75
:108E900049443A203078253038780A00556E657894
:108EA000706563746564204445565F49442C20779F
:108EB0006972696E672F5350492F7265736574200C
:108EC0006C696B656C792077726F6E670A00445726
:108ED0004D31303031432053504920636865636B16
:108EE000204F4B0A007577625F706F72745F736515
:108EF000745F7370695F736C6F77206661696C650E
:108F0000643A2025640A006477745F696E69746945
:108F1000616C697365206661696C65640A007577C8
:108F2000625F706F72745F7365745F7370695F66A0
:108F3000617374206661696C65643A2025640A0077
:108F40006477745F696E697469616C697365204FD9
:108F50004B0A007577625F7370695F7472616E733C
:108F6000666572206661696C65643A202564206CD0
:108F7000656E3D25750A007577625F706F72745F6C
:108F8000696E69743A2073746172740A007577624D
:108F90005F706F72745F696E69743A2073706920D4
:108FA000627573206E6F742072656164790A007552
:108FB00077625F706F72745F696E69743A20677070
:108FC000696F206E6F742072656164790A0075772D
:108FD000625F706F72745F696E69743A2069727152
:108FE00020636F6E666967757265206661696C657E
:108FF000642025640A007577625F706F72745F6920
:109000006E69743A2069727120636F6E6669677564
:109010007265640A007577625F706F72745F696E63
:1090200069743A20726573657420636F6E66696750
:10903000757265206661696C65642025640A007537
:1090400077625F706F72745F696E69743A207265DF
:1090500073657420636F6E666967757265640A0074
:109060007577625F706F72745F696E69743A2064BD
:109070006F6E650A007577625F706F72745F6877F4
:109080005F72657365743A2073746172740A007557
:1090900077625F706F72745F68775F726573657413
:1090A0003A20616374697665206661696C65642045
:1090B00025640A007577625F706F72745F68775F0E
:1090C00072657365743A20696E61637469766520B0
:1090D0006661696C65642025640A007577625F705B
:1090E0006F72745F68775F72657365743A20646F3E
:1090F0006E650A0073657474696E677300646566F3
:1091000061756C747300416E63686F72206C617975
:109110006F75742073657474696E677320696E6906
:1091200074206661696C65643A2025643B20757320
:10913000696E672064656661756C74730A00616EA0
:1091400063686F725F6C61796F757400416E6368FC
:109150006F72206C61796F75742073657474696EB9
:109160006773206C6F6164206661696C65643A2086
:1091700025643B207573696E672064656661756C54
:1091800074730A00416E63686F72206C61796F7549
:109190007420736F757263653D25730A00616E6399
:1091A000686F725F6C61796F75742F72756E746918
:1091B0006D6500416E63686F72206C61796F7574C4
:1091C00020736176656420746F2073657474696EB2
:1091D00067732028257520616E63686F7273290A92
:1091E00000416E63686F72206C61796F75742073D3
:1091F000657474696E677320736176652066616952
:109200006C65643A2025640A0054616720616363D9
:10921000656C2049324320627573206E6F74207232
:10922000656164793A2025730A005461672061639F
:1092300063656C20493243207363616E206F6E203A
:1092400025733A20003078253032782000286E6F60
:109250006E65290054616720616363656C2057481F
:109260004F5F414D5F492070726F62652066616992
:109270006C656420617420307831382F3078313952
:109280000A0054616720616363656C2057484F5F33
:10929000414D5F492072656164206661696C656457
:1092A0003A2025640A0054616720616363656C207D
:1092B0004354524C3120696E6974206661696C6553
:1092C000643A2025640A0054616720616363656C19
:1092D000204354524C3420696E6974206661696C75
:1092E00065643A2025640A00546167206163636500
:1092F0006C2073656E736F722072656164793A20B9
:109300006C6973326468313220616464723D307814
:10931000253032782077686F616D693D307825306F
:109320003278206F64723D2575487A0A004D4158A5
:10933000004D33004D36004D31320054443B313B3B
:10934000256C753B25753B25733B25753B25753B8A
:1093500025753B25753B25753B256C753B256C7547
:109360003B25753B25753B256C75007265667265FE
:10937000736800747261636B004349524D3B313B2B
:10938000256C753B25753B256C643B256C753B2531
:109390006C643B25753B25753B25753B25753B2549
:1093A000750A00434952443B313B256C753B25759A
:1093B0003B25753B25753B00434952453B313B25D9
:1093C0006C753B25753B25750A004D41535445523C
:1093D0000053455454494E4753004255494C4400AC
:1093E000546167205557422073686F72742061641E
:1093F000647220757064617465642030782530343F
:1094000078202D3E203078253034780A005461676A
:109410002072756E74696D6520747261636B696E1C
:109420006720726573657420706D6F64653D257586
:1094300020736C6F743D25752F25752067656E3D13
:1094400025750A005461672072756E74696D652018
:10945000636F6E666967206170706C696564207403
:1094600061673D257520736C6F743D25752F2575DB
:1094700020706572696F643D25752061637469763B
:10948000653D2575206163746976655F75733D255B
:109490007520736F757263653D25732067656E3D3A
:1094A000257520616E63686F725F706C616E3D64DC
:1094B000796E616D69630A002C256C64002C256C43
:1094C000750054523B25753B256C753B25633B2548
:1094D000753B2530326C783B2530326C783B2573F8
:1094E0003B25733B25733B2573003B4425752C2599
:1094F00073003B542C25752C2575006F6666004360
:1095000052583B313B256C753B25753B256C643BC4
:10951000256C753B256C643B25753B25753B257596
:109520003B25753B25753B25753B25753B25750012
:10953000416C7420706F6C6C206469616720746189
:10954000673D2575207372633D307825303478206F
:109550006473743D307825303478207365713D250F
:1095600075206D6F64653D257520706F6C6C5F6351
:109570006F756E743D2575206D61736B3D30782578
:10958000303278206672616D655F7461673D257564
:1095900020706F6C6C5F74785F74733D3078253029
:1095A000386C782530326C78206163746976653D5B
:1095B00025752C25752C25752C25752C25752C25A8
:1095C000752C25752C25750A005258473B313B25D3
:1095D0006C753B7461673D25753B6D61736B3D3008
:1095E00078253032783B70633D25753B6775617235
:1095F000643D25753B73706163696E673D25753BFE
:1096000077696E3D256C753B7072653D25753B73C2
:109610006C6F745F746F5F656E7472795F75733DA4
:10962000256C753B736C6F745F746F5F73636865F3
:10963000645F75733D256C753B736C6F745F746FFD
:109640005F77726974655F646F6E655F75733D25E2
:109650006C753B736C6F745F746F5F7478636D646B
:109660005F75733D256C753B736C6F745F746F5FD2
:109670007478646F6E655F75733D256C753B7478A7
:10968000636D645F746F5F7478646F6E655F75732C
:109690003D256C753B7478646F6E655F746F5F72A7
:1096A0007873746172745F75733D256C753B747863
:1096B000646F6E655F746F5F7278656E645F7573FB
:1096C0003D256C753B7278656E61626C655F757384
:1096D0003D256C753B72633D25643B736C6F743D37
:1096E00025752F25753B706572696F643D25753B47
:1096F0006163746976653D25753B61637469766560
:109700005F75733D25753B6C706572696F643D25AF
:10971000753B6C636F756E743D25750043443B313A
:109720003B256C753B7461673D25753B6C6F6361D0
:109730006C3D3078253034783B7374617475733DBB
:1097400030782530386C783B7278663D307825303B
:10975000386C783B77696E3D256C753B70633D25B1
:10976000753B6D61736B3D3078253032783B7265A7
:1097700073703D25753B756E6578703D25753B6C46
:109780006173745F6C656E3D256C753B6C617374C1
:109790005F7372633D3078253034783B6C6173744D
:1097A0005F6473743D3078253034783B6C6173743A
:1097B0005F636F64653D30782530327800524644EF
:1097C0003B313B256C753B25753B25753B256C6412
:1097D0003B256C753B256C643B25753B25753B250E
:1097E000753B25753B25753B25753B25753B2575DB
:1097F0003B25753B25753B25753B25753B25753B05
:1098000025753B25753B25753B25753B25753B250A
:10981000753B256C753B25753B256C75006369723E
:109820003D006E6F6E65006665617475726500441B
:109830004941472072756E74696D652025730A0071
:10984000545850575220736574203078253038585A
:109850000A00496E76616C696420616E63686F729C
:1098600020696420696E207461626C653A202575F8
:109870000A00496E76616C6964206D756C74697458
:1098800061672061637469766520616E63686F72D9
:1098900020706C616E20636F756E743D25750A00D3
:1098A000496E76616C6964206D756C74697461676A
:1098B00020616E63686F722067726F7570207369C4
:1098C0007A653D25752067726F75703D25750A00B4
:1098D000496E76616C6964206D756C74697461673A
:1098E00020616E63686F722069643D257520677220
:1098F0006F75703D25750A00496E76616C6964204C
:1099000054444D4120636F6E66696720736C6F74B9
:109910003D25752F257520706572696F643D25752D
:10992000206163746976653D25750A0053532D5493
:10993000575220696E69746961746F722072656133
:109940006479207461673D257520616464723D30DF
:10995000782530347820616E63686F725F636F754D
:109960006E743D25750A00496E76616C69642053FA
:10997000532D54575220696E69746961746F722057
:1099800072756E74696D6520636F6E6669670A0033
:109990005461672072756E74696D6520726E675FC1
:1099A00064656C61795F6D733D25752073657474B2
:1099B0006C655F75733D25752074785F746F5F7299
:1099C000785F7575733D257520726573705F746976
:1099D0006D656F75745F7575733D25752066617370
:1099E000745F747261636B696E673D25752066757F
:1099F0006C6C5F696E74657276616C3D2575207460
:109A00007261636B5F636F756E743D257520616E67
:109A100063686F725F706C616E3D64796E616D69D1
:109A2000632074646D613D257520736C6F743D25F2
:109A3000752F257520706572696F643D25752061ED
:109A400063746976653D257520736F757263653D36
:109A500025732065706F63685F76616C69643D256E
:109A6000752067656E3D25750A00546167206D7528
:109A70006C746974616720706C616E20656E6162E0
:109A80006C65643D2575206163746976653D257557
:109A9000207374616E6462793D257520726573650B
:109AA0007276653D257520726566726573685F62C2
:109AB00075646765743D25752072656672657368A7
:109AC0005F696E74657276616C3D2575206D6169A4
:109AD0006E74656E616E63655F66756C6C3D257551
:109AE0000A00546167207065726620636F6E666954
:109AF000672073756D6D6172795F706572696F64EF
:109B00003D257520696D755F73616D706C655F7063
:109B10006572696F643D257520696D755F73756D3C
:109B20006D6172793D257520696D755F7261773D54
:109B300025752074725F7665723D2575206E6F7293
:109B40006D616C5F6F75743D2575206369725F662A
:109B50006561747572653D25750A005461672073EF
:109B6000746174757320636F6E666967206F7574B6
:109B70007075745F706572696F645F6D733D257594
:109B80000A0054616720656B6620636F6E666967C3
:109B900020656E61626C653D2575206D6561735F42
:109BA0007374643D257520726573696475616C5FBB
:109BB0006761696E3D25752070726F635F616363D5
:109BC000656C3D257520696E69745F706F733D2506
:109BD0007520696E69745F76656C3D2575206761D7
:109BE00074653D2575206D6F74696F6E5F6D65617D
:109BF000733D2575206D6F74696F6E5F70726F6352
:109C00003D2575206D6F74696F6E5F676174653D8A
:109C10002575206D6F74696F6E5F66756C6C3D2580
:109C2000752073706565645F7468723D2575206981
:109C30006D755F64656C74613D257520696D755F38
:109C4000676572723D25752072616E67655F736F1F
:109C500066743D25752072616E67655F6861726428
:109C60003D2575206D6F74696F6E5F736F66743D0F
:109C70002575206D6F74696F6E5F686172643D2534
:109C8000750A0053532D54575220696E697420741D
:109C9000726163653A2077616974696E6720666FE7
:109CA000722054444D4120736C6F740A0054585212
:109CB0004620636667207461673A2054585F504FAE
:109CC0005745522030782530386C582D3E30782555
:109CD00030386C582054435F504744454C4159201C
:109CE0003078253032582D3E30782530325820419A
:109CF00047435F4354524C31203078253034582D3F
:109D00003E3078253034582074656D703D256443AD
:109D1000204556432073746F2F70746F2F666365F0
:109D20002F6663672F747866733D25752F25752F11
:109D300025752F25752F25750A0053532D5457521D
:109D400020696E69742074726163653A2054444DD1
:109D500041207761697420636F6D706C6574652054
:109D6000776169745F6D733D256C7520736C6F74DA
:109D70003D25752F257520706572696F643D2575C9
:109D8000206163746976653D25752063616C5F6D44
:109D90006F64653D25750A0053532D545752206951
:109DA0006E69742074726163653A207377656570BB
:109DB00020706C616E2070726570617265642061E4
:109DC00063746976653D25752073776565703D25FB
:109DD0006C752066756C6C3D2575207265667265C4
:109DE00073683D257520706C616E3D25730A0053C4
:109DF000532D54575220696E6974207472616365E3
:109E00003A206D61696E206C6F6F7020656E7465AD
:109E1000720A006F74615F616374697665006964DA
:109E20006C6500736C6F745F677561726400546178
:109E30006720736C6F742067756172643A20637574
:109E4000742073686F727420706C616E3D2573208E
:109E50006E6578745F616E63686F723D2575206111
:109E600063746976653D25752072656D61696E3D27
:109E7000256C75206D7320736C6F743D25752F25CF
:109E8000752067656E3D25750A0073776565705F9F
:109E900062756467657400616C745F627572737477
:109EA00000496E69746961746F722054582062753C
:109EB00066666572207772697465206661696C6593
:109EC000640A00496E69746961746F722054582085
:109ED0007374617274206661696C65640A0053531F
:109EE0002D54575220696E69742074726163653A0B
:109EF00020666972737420706F6C6C207374617467
:109F000075733D30782530386C780A0053532D54E2
:109F1000575220696E69742074726163653A2066D5
:109F20006972737420706F6C6C20756E65787065E3
:109F300063746564206672616D65207372633D3081
:109F40007825303478206473743D30782530347847
:109F500020636F64653D3078253032780A005353B2
:109F60002D54575220696E69742074726163653A8A
:109F700020666972737420706F6C6C2074696D65F3
:109F80006F75742F6572726F7220616E63686F7285
:109F90003D257520616464723D3078253034782029
:109FA0007374617475733D30782530386C780A00AD
:109FB0004F525445303132333435363738394142D7
:109FC00043444546006465766963655F69643A2089
:109FD000253038780A00646563615F64657669637B
:109FE0006500401008D8BC1E265626BEBE000001E3
:109FF000020304000554616720424C452074782018
:10A00000706F6F6C20657868617573746564206427
:10A01000726F70733D25750A0054616720424C458C
:10A02000207265626F6F74696E67206F6E20726553
:10A030006D6F746520636F6D6D616E640A004253CD
:10A04000253034580042533030303000546167209E
:10A05000424C45206175746F206964656E74697443
:10A060007920736565643D2530387825303878204F
:10A070006E616D653D25730A00656E61626C656495
:10A080000054616720424C45206E6F7469666963B5
:10A090006174696F6E732025730A0064697361626D
:10A0A0006C6564007075626C69630072616E646FE8
:10A0B0006D007075626C69632D69640072616E6415
:10A0C0006F6D2D696400253032583A253032583A88
:10A0D000253032583A253032583A253032583A2510
:10A0E00030325820282573290054616720424C459E
:10A0F00020636F6E6E656374206661696C65643A97
:10A10000202573206572723D3078253032780A0040
:10A1100054616720424C4520636F6E6E65637465C1
:10A12000643A202573206163746976653D25750A5C
:10A130000054616720424C45205048592075706496
:10A1400061746520726571756573742072633D2555
:10A15000640A0054616720424C4520636F6E6E2094
:10A16000706172616D2075706461746520726571D3
:10A17000756573742072633D25640A00546167201D
:10A18000424C4520646973636F6E6E6563746564E9
:10A190003A20257320726561736F6E3D30782530EB
:10A1A0003278206163746976653D25750A005461D3
:10A1B0006720424C452061647620726573756D6539
:10A1C0002072633D25640A0054616720424C45209B
:10A1D0006164762072657472792072633D25640A29
:10A1E0000054616720424C45206E6F746966792087
:10A1F0006661696C6564206572723D2564206472D5
:10A200006F70733D25750A0052554E4E494E4700FA
:10A210004346475F25735F4F4B2052554E3D257592
:10A220002053544154453D2573204C4956453D2506
:10A23000752047454E3D2575007461675F626C650A
:10A240002F72756E74696D655F6366670054616730
:10A2500020424C452072756E74696D6520636F6E87
:10A26000666967207361766520736B6970706564D9
:10A270002F6661696C65643A2025640A004449418F
:10A28000475F4F4B2053544154453D4F4E00444986
:10A2900041475F4F4B2053544154453D4F46460084
:10A2A00044454641554C540050494E4700504F4E8E
:10A2B00047004E4F5F5354415455530054444D4151
:10A2C0005F5354415455530054444D415F534C4FD8
:10A2D000543D25752F2575204D41534B3D30782534
:10A2E00030345820534F555243453D257320504537
:10A2F00052494F443D2575204143544956453D251B
:10A3000075204143544956455F55533D25752047B7
:10A31000454E3D2575005458505752200054585012
:10A3200057525F424144205052455345543D4D41A0
:10A33000587C4D337C4D367C4D31327C504F520031
:10A3400054585057525F4F4B2056414C3D30782562
:10A3500030385800444941473F00444941472000B4
:10A36000444941475F4241442053544154453D4F85
:10A370004E7C4F4646004349523F004349525F538B
:10A38000544154555300434952204D4F44453D25B7
:10A390007320434150533D6F6666257325732052E9
:10A3A00041575F52414E47453D3120434F4D50414B
:10A3B00043545F424C453D25752046554C4C5F4308
:10A3C00044433D25752046554C4C5F5245515549F7
:10A3D0005245535F5553423D31002C66756C6C00FD
:10A3E0002C636F6D70616374005441472043495280
:10A3F00020004349525F424144204D4F44453D4F68
:10A4000046467C434F4D504143547C46554C4C008E
:10A410004349525F554E535550504F525445442076
:10A420004D4F44453D2573004552523A42555359CC
:10A430005F4F5441004349525F4F4B204D4F4445BD
:10A440003D2573205241575F52414E47453D3100F3
:10A4500041504F53200041504F535F42414400410F
:10A46000504F535F4641494C2049443D256C642080
:10A4700052433D25640041504F535F4F4B204944A8
:10A480003D256C6420583D256C6420593D256C6445
:10A49000205A3D256C640041504F535F434F4D4D52
:10A4A00049540041504F535F434F4D4D49545F460F
:10A4B00041494C2052433D25640041504F535F4376
:10A4C0004F4D4D49545F4F4B204E3D257500415037
:10A4D0004F535F52455345540041504F535F5245CF
:10A4E0005345545F4641494C2052433D2564004149
:10A4F000504F535F52455345545F4F4B204E3D25BF
:10A50000750041504F535F535441545553004150CF
:10A510004F5320257520256C6420256C6420256C04
:10A52000640041504F535F5354415455535F444F5F
:10A530004E45205352433D25730056455253494FD3
:10A540004E0056455253494F4E2066773D257320A5
:10A5500062733D425325303458207461673D257540
:10A56000206D6F64653D257320706D6F64653D25BA
:10A570007520616E63686F725F706C616E3D6479A7
:10A580006E616D6963206369723D2573206361703C
:10A59000733D6F74612C72756E25732573002C6387
:10A5A00069725F66756C6C5F757362002C636972AB
:10A5B0005F636F6D70616374004346475F5354413E
:10A5C00054555300434647207461673D257520620A
:10A5D000733D42532530345820736C6F743D25759C
:10A5E0002F2575206D61736B3D30782530345820F0
:10A5F0007372633D257320706572696F643D2575C4
:10A60000206163746976653D2575206163746976A0
:10A61000655F75733D25752065706F63683D256CBA
:10A62000752067656E3D2575206D6F64653D2573EA
:10A6300020706D6F64653D257520616E63686F7273
:10A640005F706C616E3D64796E616D6963206369F2
:10A65000723D2573004D4F44453F004D4F44453DED
:10A66000257320504D4F44453D257520414E4348AC
:10A670004F525F504C414E3D64796E616D6963206D
:10A6800054444D413D257520534C4F543D25752F65
:10A690002575204D41534B3D30782530345820539B
:10A6A00052433D2573004D4F4445200052414E47D3
:10A6B000450054520054525F4F4E4C59004D4F5478
:10A6C000494F4E0044594E0044594E414D494300B4
:10A6D00048414C5400534F4C56450054530054537A
:10A6E0005F454E41424C4500444542554700444970
:10A6F00041470054585F54455354004D4F44455F03
:10A70000424144004552523A4D4F44455F504F4CF0
:10A71000494359004D4F44455F534156455F4641BB
:10A72000494C004D4F44455F4F4B204D4F44453DF4
:10A730002573204C4956453D25750054444D415FD5
:10A740005345540054444D415F5345545F42414486
:10A750000054444D415F5345545F534156455F4655
:10A7600041494C0054444D415F5345545F4F4B2089
:10A77000534C4F543D2575204C4956453D25750099
:10A7800043464720005441473D004346475F42410E
:10A790004400534C4F543D00434F554E543D0050E0
:10A7A0004552494F443D004143544956453D0045BB
:10A7B000504F43483D0047454E3D004D41534B3DB2
:10A7C000004143544956455F55533D0052554E3D57
:10A7D00000504D4F44453D004346475F5341564569
:10A7E0005F4641494C004346475F4F4B2054414729
:10A7F0003D257520534C4F543D25752F2575204D13
:10A8000041534B3D30782530345820504552494F04
:10A81000443D2575204143544956453D2575204109
:10A8200043544956455F55533D25752047454E3D98
:10A830002575204C4956453D25752052554E3D25E0
:10A84000752053544154453D2573004346475F529C
:10A85000554E004346475F53544F500050494E47B2
:10A860007C5354415455537C56455253494F4E7C6A
:10A8700054444D415F5354415455537C4346475FC4
:10A880005354415455537C4349523F7C43495220D1
:10A890003C4F46467C434F4D504143547C46554CBB
:10A8A0004C3E7C5458505752203C4D41587C4D33BF
:10A8B0007C4D367C4D31327C504F523E7C44494178
:10A8C00047203C4F4E7C4F46463E7C41504F5320E4
:10A8D0003C69643E203C783E203C793E203C7A3EF8
:10A8E0007C41504F535F434F4D4D49547C41504F35
:10A8F000535F5354415455537C41504F535F52451D
:10A900005345547C4D4F44453F7C4D4F4445203C7E
:10A9100052554E7C49444C453E7C54444D415F5316
:10A920004554203C736C6F743E7C43464720544131
:10A93000473D3C69643E20534C4F543D3C736C6F23
:10A94000743E20434F554E543D3C636F756E743ECC
:10A95000204D41534B3D3C6865783E20504552495F
:10A960004F443D3C6D733E204143544956453D3C68
:10A970006D733E2045504F43483D3C6D733E20472C
:10A98000454E3D3C6E3E2052554E3D3C307C313E66
:10A9900020504D4F44453D3C307C333E7C43464740
:10A9A0005F52554E7C4346475F53544F507C4F5443
:10A9B000415F5354415455537C4F54415F5052456D
:10A9C000504152457C4F54415F424547494E7C4F70
:10A9D00054415F43414E43454C7C5245424F4F5496
:10A9E0007C48454C50004F54415F5354415455539B
:10A9F000004F54415F53544154453D4143544956DF
:10AA000045004F54415F53544154453D52454144E4
:10AA100059004F54415F53544154453D4E4F524DA0
:10AA2000414C004F54415F50524550415245004FF8
:10AA300054415F5245414459004F54415F4245479C
:10AA4000494E004F54415F4E4F545F41524D454473
:10AA5000004F54415F424547494E5F4F4B004F54B2
:10AA6000415F43414E43454C004F54415F43414E8B
:10AA700043454C4C4544005245424F4F54005245CB
:10AA8000424F4F54494E4700554E4B4E4F574E5F25
:10AA9000434D44007577625F7461675F626C655F08
:10AAA00074780054616720424C4520696E697420B7
:10AAB0007363686564756C65640A0054616720425D
:10AAC0004C4520696E697420776F726B20737461D6
:10AAD00072740A0054616720424C452062745F65BD
:10AAE0006E61626C652072633D25640A0054616783
:10AAF00020424C4520696E6974206661696C65640A
:10AB00003A2025640A0054616720424C4520736551
:10AB10007474696E67735F6C6F61642073746172C3
:10AB2000740A0054616720424C452073657474694F
:10AB30006E67735F6C6F616420646F6E650A0054AA
:10AB4000616720424C4520736574206E616D6520FD
:10AB5000736B69707065643B207573696E67206103
:10AB600075746F206E616D653D25730A00546167D1
:10AB700020424C45204E555320696E6974207374F1
:10AB80006172740A0054616720424C45204E55534F
:10AB900020696E69742072633D25640A0054616700
:10ABA00020424C45204E5553207265676973746589
:10ABB00072206661696C65643A2025640A005461FC
:10ABC0006720424C45206164762073746172742062
:10ABD000726571756573740A0054616720424C4553
:10ABE000206164762073746172742072633D256401
:10ABF0000A0054616720424C452061647665727496
:10AC00006973696E672064656665727265643A206F
:10AC100025640A0054616720424C452061647665D2
:10AC200072746973696E672061732025730A00541A
:10AC3000616753756D6D61727900545320005453F0
:10AC40003B0054523B007461675F626C6500000713
:10AC50000E091C1B1215383F363124232A2D63623E
:10AC60007072696E74665F7061636B6167650046E0
:10AC700061696C656420746F207265626F6F743AED
:10AC8000207370696E6E696E6720656E646C6573A3
:10AC9000736C792E2E2E0A004142434445464748A4
:10ACA000494A4B4C4D4E4F5051525354555657589C
:10ACB000595A6162636465666768696A6B6C6D6E38
:10ACC0006F707172737475767778797A3031323348
:10ACD0003435363738392B2F4E5653206E6F74204B
:10ACE000696E697469616C697A656400436F756C3B
:10ACF00064206E6F74206F627461696E20666C618F
:10AD0000736820706172616D657465727300556E51
:10AD1000737570706F7274656420777269746520E2
:10AD2000626C6F636B2073697A6500556E61626C4B
:10AD30006520746F20676574207061676520696E97
:10AD4000666F00496E76616C696420736563746F29
:10AD5000722073697A6500436F6E66696775726108
:10AD600074696F6E206572726F72202D2073656337
:10AD7000746F7220636F756E740066735F6E7673A6
:10AD8000006C6F67006C6F675F6D676D74004D6579
:10AD900073736167652064726F70706564206265AB
:10ADA0006361757365206974206578636565647394
:10ADB0002073697A65206C696D69746174696F6E5E
:10ADC0002028257529000D0A001B5B306D002573B6
:10ADD00020005B2530386C755D20005B25303275B6
:10ADE0003A253032753A253032752E253033752CA0
:10ADF000253033755D200025732F003C25733E20E0
:10AE000000202020007C002563001B5B313B333198
:10AE10006D001B5B313B33336D00657272007772DE
:10AE20006E00696E6600646267006C6F675F6261E6
:10AE3000636B656E645F75617274006C6F675F75DC
:10AE4000617274004275666665722073697A652066
:10AE5000697320626967676572207468616E20702B
:10AE600061676500666C6173685F777269746520FD
:10AE70006572726F72202564206F66667365743D1B
:10AE800030782530387A7800666C61736820726596
:10AE90006164206661696C65643A202564006361C1
:10AEA0006C6C6261636B206661696C65643A202535
:10AEB00064004275666665722073697A65206973FD
:10AEC000206E6F7420616C69676E656420746F20FA
:10AED0006D696E696D616C2077726974652D626C45
:10AEE0006F636B2D73697A6500496E636F7272656B
:10AEF000637420706172616D6574657200535452A1
:10AF000045414D5F464C415348007365742D766151
:10AF10006C7565206661696C7572652E206B65794C
:10AF20003A202573206572726F72282564290066A5
:10AF30006C617368002A2A2A20426F6F74696E67F9
:10AF4000206E524620436F6E6E6563742053444BEF
:10AF50002076322E382E302D6132333836626663D9
:10AF600038343031202A2A2A0A002A2A2A20557306
:10AF7000696E67205A6570687972204F5320763366
:10AF80002E372E39392D30626333333933666231CF
:10AF90003132202A2A2A0A00029ECADC240EE5A9A0
:10AFA000E093F3A3B50200406E029ECADC240EE5D6
:10AFB000A9E093F3A3B50200406E029ECADC240E02
:10AFC000E5A9E093F3A3B50300406E029ECADC241A
:10AFD0000EE5A9E093F3A3B50300406E029ECADC20
:10AFE000240EE5A9E093F3A3B50100406E62745FFF
:10AFF0006E757300637C777BF26B6FC53001672BD6
:10B00000FED7AB76CA82C97DFA5947F0ADD4A2AF5C
:10B010009CA472C0B7FD9326363FF7CC34A5E5F16A
:10B0200071D8311504C723C31896059A071280E218
:10B03000EB27B27509832C1A1B6E5AA0523BD6B36C
:10B0400029E32F8453D100ED20FCB15B6ACBBE39DC
:10B050004A4C58CFD0EFAAFB434D338545F9027FC8
:10B06000503C9FA851A3408F929D38F5BCB6DA2181
:10B0700010FFF3D2CD0C13EC5F974417C4A77E3DAD
:10B08000645D197360814FDC222A908846EEB81403
:10B09000DE5E0BDBE0323A0A4906245CC2D3AC62C6
:10B0A0009195E479E7C8376D8DD54EA96C56F4EAD1
:10B0B000657AAE08BA78252E1CA6B4C6E8DD741FE2
:10B0C0004BBD8B8A703EB5664803F60E613557B9A5
:10B0D00086C11D9EE1F8981169D98E949B1E87E95F
:10B0E000CE5528DF8CA1890DBFE6426841992D0F0E
:10B0F000B054BB1672302F61313A202030782530A1
:10B100003878202072312F61323A20203078253073
:10B110003878202072322F61333A20203078253061
:10B1200038780072332F61343A2020307825303857
:10B1300078207231322F69703A20203078253038EB
:10B1400078207231342F6C723A20203078253038D4
:10B15000780020787073723A202030782530387863
:10B16000004661756C74696E6720696E73747275E0
:10B170006374696F6E2061646472657373202872F2
:10B1800031352F7063293A203078253038780055D2
:10B190006E68616E646C6564204952516E3A202578
:10B1A00064002A2A2A2A2A204D5055204641554C0F
:10B1B00054202A2A2A2A2A002020537461636B69AA
:10B1C0006E67206572726F722028636F6E74657887
:10B1D000742061726561206D696768742062652002
:10B1E0006E6F742076616C696429002020556E733F
:10B1F0007461636B696E67206572726F72002020E4
:10B2000044617461204163636573732056696F6C98
:10B210006174696F6E0020204D4D4641522041649B
:10B2200064726573733A2030782578002020496E67
:10B23000737472756374696F6E20416363657373B1
:10B240002056696F6C6174696F6E002020466C6FC8
:10B250006174696E672D706F696E74206C617A79A4
:10B2600020737461746520707265736572766174A1
:10B27000696F6E206572726F72002A2A2A2A2A204C
:10B28000425553204641554C54202A2A2A2A2A0046
:10B290002020537461636B696E67206572726F72F0
:10B2A00000202050726563697365206461746120B9
:10B2B000627573206572726F72002020424641529F
:10B2C00020416464726573733A20307825780020D9
:10B2D00020496D70726563697365206461746120D3
:10B2E000627573206572726F72002020496E7374EC
:10B2F00072756374696F6E20627573206572726F08
:10B3000072002A2A2A2A2A205553414745204641BD
:10B31000554C54202A2A2A2A2A002020446976697A
:10B3200073696F6E206279207A65726F00202055F4
:10B330006E616C69676E6564206D656D6F727920F2
:10B340006163636573730020204E6F20636F7072BA
:10B350006F636573736F7220696E73747275637453
:10B36000696F6E73002020496C6C6567616C206C9E
:10B370006F6164206F66204558435F5245545552B3
:10B380004E20696E746F205043002020496C6C651C
:10B3900067616C20757365206F6620746865204551
:10B3A000505352002020417474656D707420746F86
:10B3B000206578656375746520756E646566696E71
:10B3C000656420696E737472756374696F6E005280
:10B3D0006573657276656420457863657074696F1E
:10B3E0006E20280053707572696F757320696E74D2
:10B3F0006572727570742028495251200053505361
:10B40000454C20696E20746872656164206D6F64BC
:10B410006520646F6573206E6F7420696E64696364
:10B4200061746520505350002A2A2A2A2A20484154
:10B430005244204641554C54202A2A2A2A2A0020C8
:10B4400020427573206661756C74206F6E2076657E
:10B4500063746F72207461626C6520726561640050
:10B4600020204465627567206576656E7400202033
:10B470004661756C7420657363616C6174696F6E8D
:10B4800020287365652062656C6F772900415243FF
:10B49000485F455843455054207769746820726569
:10B4A00061736F6E2025780A002A2A2A2A2A2044EE
:10B4B00065627567206D6F6E69746F722065786361
:10B4C000657074696F6E202A2A2A2A2A002A2A2A7D
:10B4D0002A2A20257320256429202A2A2A2A2A009C
:10B4E0006D7075004661696C656420746F20616CD5
:10B4F0006C6F63617465206E6577204D50552072C6
:10B500006567696F6E2025750A00506172746974F1
:10B51000696F6E2025753A2073616E6974792063B6
:10B520006865636B206661696C65642E00464C41FA
:10B5300053485F30005352414D5F30006E65745F79
:10B54000627566006E65745F6275665F73696D70C3
:10B550006C6500736F630072630072736E006772D4
:10B560006F7570004661696C656420746F20726548
:10B57000616420646174612066726F6D20666C6125
:10B58000736820617265613A202564004661696CC8
:10B59000656420746F206F70656E20666C617368DF
:10B5A00020617265612049442025753A2025640098
:10B5B0004661696C656420746F20657261736520F3
:10B5C000666C61736820617265613A20256400468B
:10B5D00061696C656420746F2072656164206461C8
:10B5E00074612066726F6D20666C6173683A202505
:10B5F000640043616E27742062696E6420746F205A
:10B6000074686520666C61736820617265612028CA
:10B610006572722025642900626164206F6666731A
:10B62000657420283078256C782900696D6167651C
:10B6300020736C6F74206572617365206F662030B3
:10B6400078257A78206279746573206661696C6503
:10B650006420286572722025642900696D61676520
:10B6600020736C6F7420747261696C6572206572EE
:10B67000617365206F66203078257A78206279744E
:10B680006573206661696C65642028657272202587
:10B6900064290055706C6F616420746F6F206C6159
:10B6A00072676520666F7220736C6F743A2025751F
:10B6B000203E2025750046616C656420626F6F74C2
:10B6C0005F7365745F6E6578742077697468206352
:10B6D0006F64652025642C20666F7220736C6F7414
:10B6E0002025642C2077697468206163746976650D
:10B6F00020736C6F7420256420616E6420636F6E0C
:10B700006669726D2025640076657273696F6E00DC
:10B710003C3F3F3F3E006861736800626F6F746139
:10B72000626C650070656E64696E6700636F6E665B
:10B7300069726D6564007065726D616E656E74002E
:10B74000696D616765730073706C697453746174BB
:10B75000757300636F6E6669726D000A0204256876
:10B76000752E2568752E256875002E257500696D66
:10B770006167650073686100757067726164650078
:10B78000496D6167652075706C6F616420696E73C7
:10B7900070656374206661696C65643A2025640095
:10B7A00049727265636F76657261626C652065725D
:10B7B000726F723A20666C61736820777269746583
:10B7C000206661696C65643A202564000505010105
:10B7D0000101060101010103020101010303030349
:10B7E00001030301060664617461206F766572725D
:10B7F000756E00696D6720746F6F206C617267658C
:10B8000000696D672061646472206D69736D617495
:10B81000636800646F776E677261646500666120BB
:10B820007772697465206661696C00666120657273
:10B83000617365206661696C006661206F70656E7A
:10B84000206661696C006E6F20736C6F74006D61AF
:10B85000676963206D69736D617463680068656111
:10B86000646572206D616C666F726D6564006170F5
:10B87000702072656A656374006D63756D67725FD1
:10B88000696D675F67727000717565727900626FCC
:10B890006F746C6F61646572004D4355626F6F74B5
:10B8A000006D6F6465006275665F73697A6500623A
:10B8B00075665F636F756E74006D63756D67725F3B
:10B8C0006F735F677270006D63756D677220736D63
:10B8D00070006D63756D67725F736D70004E756C8F
:10B8E0006C20637064206F626A65637420666F7297
:10B8F00020636F6E6E656374696F6E202570004201
:10B900006C7565746F6F746820534D50207472614C
:10B910006E73706F727420726567697374657220DC
:10B920006661696C6564202865727220256429004F
:10B9300002487C997411269EAE014ECEFB28782ECB
:10B94000DA02487C997411269EAE014ECEFB28780F
:10B950002EDA0284AA6074528A8B86D34CB71D1DDE
:10B96000DC538D00FFFFFFFFFFFF00000000000021
:10B9700000FFFFFFFFFFFF0000000000003031323A
:10B980003334353637383961626364656600425452
:10B99000204C572057510002FB349B5F80000080F1
:10B9A000001000000000000062745F6275660062B3
:10B9B000745F6461746100436F756C64206E6F74B2
:10B9C000207375626D69742072785F776F726B3A5D
:10B9D000202564004461746120627566666572208A
:10B9E0006F766572666C6F7720286C696E6B207459
:10B9F000797065203078253032782900486172648A
:10BA000077617265206572726F722C206861726452
:10BA10007761726520636F64653A20256400556E16
:10BA200061626C6520746F206C6F6F6B7570206342
:10BA30006F6E6E20666F722068616E646C65202583
:10BA40007500556E61626C6520746F206C6F6F6B52
:10BA500020757020636F6E6E20776974682068614E
:10BA60006E646C6520257500546F6F20736D616C7A
:10BA70006C202825752062797465732920657665A8
:10BA80006E742030782530327800556E68616E64AF
:10BA90006C6564206576656E742030782530327868
:10BAA000206C656E2025753A20257300496E7661FD
:10BAB0006C6964204843492041434C207061636BAA
:10BAC00065742073697A6520282575290041434CE7
:10BAD0002064617461206C656E677468206D6973A1
:10BAE0006D617463682028257520213D2025752906
:10BAF00000556E61626C6520746F2066696E64200B
:10BB0000636F6E6E20666F722068616E646C652074
:10BB1000257500496E76616C69642048434920654B
:10BB200076656E742073697A65202825752900571B
:10BB30004553545F544F504449522F7A6570687989
:10BB4000722F7375627379732F626C7565746F6F82
:10BB500074682F686F73742F6863695F636F7265B1
:10BB60002E630062745F6863695F6576745F676502
:10BB7000745F666C616773286864722D3E657674C5
:10BB8000292026202831554C203C3C2028312929C9
:10BB900000415353455254494F4E204641494C2091
:10BBA0005B25735D20402025733A25640A00556E9D
:10BBB0006B6E6F776E2062756620747970652025D4
:10BBC0007500556E68616E646C65642076656E64A0
:10BBD0006F722D7370656369666963206576656E43
:10BBE0007420307825303278206C656E2025753AC7
:10BBF000202573004E6F2070656E64696E6720703B
:10BC000065726970686572616C20636F6E6E6563E2
:10BC100074696F6E00556E65787065637465642035
:10BC200073746174757320307825303278202573F1
:10BC3000004E6F20636F6D6D616E642073656E746E
:10BC400020666F7220636D6420636F6D706C657425
:10BC50006520307825303478004F70436F6465205C
:10BC600030782530347820636F6D706C657465644E
:10BC700020696E7374656164206F662065787065F5
:10BC800063746564203078253034780065767420DC
:10BC90006E756D5F68616E646C657320283D2575F7
:10BCA0002920746F6F206C617267652028257520CC
:10BCB0003E20257529004E6F20636F6E6E6563749C
:10BCC000696F6E20666F722068616E646C652025F6
:10BCD00075007061636B65747320636F756E74209B
:10BCE0006D69736D61746368006576745F666C611D
:10BCF00067732026202831554C203C3C20283029D1
:10BD00002900496E76616C696420627566207479D9
:10BD100070652025750042535F4155544F00556EA4
:10BD200061626C6520746F2073656E6420746F208F
:10BD30006472697665722028657272202564290014
:10BD4000556E61626C6520746F20616C6C6F63610D
:10BD500074652062756666657200556E636C656118
:10BD60007265642070656E64696E672073656E74B9
:10BD70005F636D6400737563636573730009636F5C
:10BD80006D6D616E64206F70636F6465203078251F
:10BD90003034782074696D656F75740A006572724D
:10BDA000203D3D20300009436F6E74726F6C6C65EE
:10BDB0007220756E726573706F6E736976652C2074
:10BDC000636F6D6D616E64206F70636F64652030AA
:10BDD00078253034782074696D656F7574207769C3
:10BDE0007468206572722025640A006F70636F6446
:10BDF0006520307825303478207374617475732031
:10BE0000307825303278202573004661696C65648E
:10BE100020746F207265616420444C45206D617808
:10BE20002064617461206C656E0074785F6F637468
:10BE30006574732065786365656473207468652034
:10BE400076616C69642072616E6765202575007487
:10BE5000785F74696D6520657863656564732074C7
:10BE600068652076616C69642072616E6765202563
:10BE700075004E6F6E2D4C452063617061626C657C
:10BE800020636F6E74726F6C6C657220646574658C
:10BE900063746564210041434C2042522F45445253
:10BEA0002062756666657273206E6F7420696E69B4
:10BEB0007469616C697A65640056656E646F72209E
:10BEC00048434920657874656E73696F6E73206EA0
:10BED0006F7420617661696C61626C6500466169AE
:10BEE0006C656420746F2072656164207375707076
:10BEF0006F727465642076656E646F7220636F6D17
:10BF00006D616E6473004661696C656420746F20B6
:10BF10007265616420737570706F727465642076E9
:10BF2000656E646F72206665617475726573004832
:10BF3000434920647269766572206973206E6F745C
:10BF40002072656164790042542052582057510094
:10BF500048434920647269766572206F70656E206F
:10BF60006661696C65642028256429004E6F207025
:10BF7000656E64696E6720636F6E6E20666F7220F7
:10BF80007065657220257300556E65787065637401
:10BF9000656420484F53545F4E554D5F434F4D509D
:10BFA0004C455445445F5041434B4554532C2073FA
:10BFB00074617475732030782530327820257300D1
:10BFC000010204312E306200312E3100312E320058
:10BFD000322E3000322E3100332E3000342E30001D
:10BFE000342E3100342E3200352E3000352E310003
:10BFF000352E3200352E3300352E3400362E3000EB
:10C0000062745F6863695F636F726500636D64206B
:10C01000646973616C6C6F776564004F6E6C792036
:10C0200072616E646F6D20737461746963206964FA
:10C03000656E7469747920616464726573732073CA
:10C040007570706F7274656400496E76616C6964B6
:10C0500020696E70757420706172616D65746572AF
:10C0600073004661696C656420746F207265616459
:10C07000207075626C69632061646472657373001B
:10C080005265616420537461746963204164647211
:10C09000657373657320636F6D6D616E64206E6F81
:10C0A0007420617661696C61626C65004661696CDF
:10C0B000656420746F2072656164207374617469B3
:10C0C0006320616464726573736573004E6F2073DF
:10C0D000746174696320616464726573736573204D
:10C0E00073746F72656420696E20636F6E74726F13
:10C0F0006C6C65720043616E2774207365742062F6
:10C100006F7468204944454E544954592026204EA6
:10C1100052504100556E61626C6520746F207365EA
:10C1200074206964656E74697479206164647265F1
:10C13000737300556E61626C6520746F2073657453
:10C140002072616E646F6D20616464726573730048
:10C1500062745F696400546F6F2062696720616474
:10C16000766572746973696E6720646174610046F4
:10C1700061696C656420746F2073746172742061EE
:10C18000647665727469736572004661696C656492
:10C1900020746F2073746F702061647665727469A7
:10C1A00073696E673A20256400436F6E74726F6C1A
:10C1B0006C65722063616E6E6F7420726573756D4D
:10C1C0006520636F6E6E65637461626C6520616487
:10C1D000766572746973696E672028256429006228
:10C1E000745F616476004661696C656420726561A4
:10C1F000642072656D6F7465206665617475726523
:10C20000732028256429004661696C656420746F79
:10C21000207365742064617461206C656E2028252C
:10C22000642900556E65787065637465642066697D
:10C23000727374204C32434150206672616D650008
:10C24000556E6578706563746564204C3243415067
:10C2500020636F6E74696E756174696F6E004E6FE6
:10C260007420656E6F7567682062756666657220FA
:10C27000737061636520666F72204C3243415020B9
:10C280006461746100556E657870656374656420DF
:10C2900041434C20666C616773202830782530322A
:10C2A00078290041434C206C656E206D69736D6187
:10C2B00074636820282575203E202575290028757F
:10C2C0006E6B6E6F776E29006E6F207472616E7385
:10C2D0006974696F6E20257300496E76616C6964BC
:10C2E0002028257529206F6C6420737461746500A3
:10C2F000636F6E6E202570206661696C65642074C2
:10C300006F2065737461626C6973682E20524620D9
:10C310006E6F6973653F006E6F2076616C69642093
:10C3200028257529207374617465207761732073E3
:10C33000657400696E636F6D70617469626C65200D
:10C3400068616E646C6520257500556E61626C6570
:10C3500020746F20616C6C6F636174652062756618
:10C360006665722077697468696E2074696D656F9F
:10C37000757400636F6E6E2025703A206E6F7420A6
:10C38000636F6E6E656374656400466174616C20F2
:10C390006572726F7220282564292E2044697363A8
:10C3A0006F6E6E656374696E6720257000466F75E9
:10C3B0006E642076616C696420636F6E6E65637471
:10C3C000696F6E2028257029207769746820616460
:10C3D000647265737320257320696E202573207342
:10C3E00074617465200053656E64204C4520706153
:10C3F00072616D20757064617465206661696C6539
:10C40000642028657272202564290053656E6420BB
:10C410006175746F204C4520706172616D2075707C
:10C4200064617465206661696C6564202865727258
:10C43000202564290001010101010203646973637D
:10C440006F6E6E656374656400646973636F6E6EAE
:10C450006563742D636F6D706C65746500736361E3
:10C460006E2D6265666F72652D696E69746961749F
:10C47000696E6700696E6974696174696E672D66BB
:10C48000696C7465722D6C697374006164762D63D8
:10C490006F6E6E65637461626C65006164762D64B5
:10C4A00069722D636F6E6E65637461626C650064A2
:10C4B0006973636F6E6E656374696E670062745F43
:10C4C000636F6E6E00556E61626C6520746F2061E3
:10C4D0006C6C6F6361746520627566666572206658
:10C4E0006F72206F7020307825303278004E6F20C8
:10C4F000617661696C61626C65204C324341502009
:10C50000636F6E7465787420666F7220636F6E6EF1
:10C5100020257000457870656374696E67207570BA
:10C5200020746F20256420726566732C20676F74F9
:10C5300020256400616C72656164792068617665AC
:10C540002076696577206F6E20257000546F6F200C
:10C55000736D616C6C204C32434150207369676E7F
:10C56000616C696E6720504455004C324341502045
:10C570006C656E677468206D69736D6174636820A3
:10C5800028257520213D2025752900496E76616C8E
:10C590006964206964656E742076616C75652069D4
:10C5A0006E204C324341502050445500546F6F2050
:10C5B000736D616C6C204C4520636F6E6E207061F2
:10C5C00072616D207273700052656A656374696E82
:10C5D0006720756E6B6E6F776E204C324341502032
:10C5E00050445520636F64652030782530327800E0
:10C5F000546F6F20736D616C6C204C32434150203E
:10C600005044552072656365697665640049676EBC
:10C610006F72696E67206461746120666F72207545
:10C620006E6B6E6F776E206368616E6E656C20490D
:10C63000442030782530347800636F6E6669670077
:10C6400062745F6C3263617000415454204D5455E4
:10C650002065786365656465642C206D61782025AC
:10C66000752C2077616E74656420257A7500556E8F
:10C6700061626C6520746F2063726561746520551A
:10C680005549443A2073697A6520257500556E61D5
:10C69000626C6520746F2063726561746520555506
:10C6A00049443A2073697A65202564004E6F206101
:10C6B0007661696C61626C652041545420636F6ED1
:10C6C0007465787420666F7220636F6E6E202570BB
:10C6D000004E6F20617661696C61626C6520415427
:10C6E00054206368616E6E656C20666F7220636FA4
:10C6F0006E6E20257000415454206368616E6E6533
:10C700006C206E6F7420636F6E6E65637465640079
:10C710004572726F72207369676E696E672064611B
:10C7200074610052616E206F7574206F66205458DA
:10C730002062756666657273206F7220636F6E7417
:10C74000657874732E00476F7420657272202564BB
:10C750002C206E6F742063616C6C696E672041548D
:10C760005420636200546F6F20736D616C6C2041C4
:10C7700054542050445520726563656976656400A1
:10C78000556E68616E646C65642041545420636F1B
:10C7900064652030782530327800496E76616C69A6
:10C7A00064206C656E20257520666F7220636F644F
:10C7B0006520307825303278004E6F7420636F6EBC
:10C7C0006E656374656400556E61626C6520746F9C
:10C7D0002066696E6420415454206368616E6E6502
:10C7E0006C004E6F20415454206368616E6E656C1E
:10C7F00020666F72204D545520257A75004E6F20AB
:10C8000070656E64696E672041545420726571755D
:10C81000657374004154542054696D656F757420BC
:10C82000666F7220646576696365202573006274A3
:10C830005F61747400434D41432075706461746599
:10C84000206661696C656400756E61626C65207458
:10C850006F20736176652053433A206E6F206366C4
:10C8600067206C65667400434D41432073657475A1
:10C8700070206661696C656400434D4143206669C0
:10C880006E697368206661696C6564005343207249
:10C890006573746F726520696E6469636174696F32
:10C8A0006E206661696C65640062742F6363630067
:10C8B00062745F67617474004E6F20617661696CA9
:10C8C00061626C6520534D5020636F6E746578749F
:10C8D00020666F7220636F6E6E2025700062745F39
:10C8E000736D7000636C6F636B4034303030303088
:10C8F0003030006866636C6B006C66636C6B006361
:10C900006C6F636B5F636F6E74726F6C0072616EDD
:10C91000646F6D40343030306430303000656E7498
:10C92000726F70795F62745F68636900696E7661C7
:10C930006C696420616464726573733A2030782591
:10C9400030386C783A257A7500756E616C69676E5F
:10C95000656420616464726573733A2030782530B1
:10C96000386C783A257A75006E6F7420776F726430
:10C970002D616C69676E65643A2030782530386CBB
:10C98000783A257A7500666C6173682D636F6E74F2
:10C99000726F6C6C6572403430303165303030000D
:10C9A000666C6173685F6E7266006770696F4035B0
:10C9B000303030303030300069326300756E73755E
:10C9C00070706F7274656420737065656400466191
:10C9D000696C656420746F20696E697469616C6943
:10C9E0007A65206465766963653A202573004E6533
:10C9F000656420746F207573652074686520696EA6
:10CA00007465726E616C20647269766572206275FD
:10CA10006666657220627574206974732073697A22
:10CA20006520697320696E73756666696369656EF2
:10CA30007420282575202B202575203E202575295A
:10CA40002E2041646A75737420746865207A65705D
:10CA50006879722C636F6E6361742D6275662D73D5
:10CA6000697A65206F72207A65706879722C666CBD
:10CA70006173682D6275662D6D61782D73697A65B5
:10CA80002070726F70657274792028746865206FE9
:10CA90006E652077697468206772656174657220BD
:10CAA00076616C75652920696E2074686520222581
:10CAB0007322206E6F64652E00547279696E672050
:10CAC000746F207472616E73666572206D6F72652B
:10CAD000207468616E20746865206D6178696D7579
:10CAE0006D2073697A6520666F722074686973209F
:10CAF0006465766963653A202564203E20256400DC
:10CB00006932634034303030333030300069326362
:10CB10005F6E7266785F7477696D000001020304CE
:10CB20000506077561727440343030303230303071
:10CB3000004661696C656420746F20616C6C6F6382
:10CB4000617465204750494F5445206368616E6E9B
:10CB5000656C20666F722057414B45004661696CD9
:10CB6000656420746F20636F6E66696775726520F7
:10CB700057414B452070696E004353204750494F41
:10CB800020706F72742025732070696E20256420D8
:10CB90006973206E6F7420726561647900557064EA
:10CBA000617465206578636565647320637572726E
:10CBB000656E74206275666665720048616C662DEC
:10CBC0006475706C6578206E6F7420737570706F0B
:10CBD0007274656400536C617665206D6F646520C6
:10CBE0006973206E6F7420737570706F72746564F2
:10CBF000206F6E202573004C6F6F706261636B2035
:10CC00006D6F6465206973206E6F7420737570702A
:10CC10006F7274656400576F72642073697A65730C
:10CC2000206F74686572207468616E2038206269B4
:10CC3000747320617265206E6F7420737570706FED
:10CC400072746564004672657175656E63696573BB
:10CC5000206C6F776572207468616E2031323520E8
:10CC60006B487A20617265206E6F742073757070E6
:10CC70006F72746564004661696C656420746F202E
:10CC8000696E697469616C697A65206E7266782074
:10CC90006472697665723A20253038780057616988
:10CCA00074696E6720666F722057414B452061633F
:10CCB0006B6E6F776C6564676D656E742074696DFB
:10CCC0006564206F75740054696D656F75742077A5
:10CCD000616974696E6720666F72207472616E7329
:10CCE00066657220636F6D706C6574650073706942
:10CCF000403430303233303030007370694034307B
:10CD0000303034303030007370695F6E7266785F37
:10CD100073706900526573657474696E6720737906
:10CD20007374656D00666174616C5F6572726F72B9
:10CD300000416C6C6F6361746564206D656D6F722A
:10CD40007920746F6F206C6F773A202575203C2016
:10CD5000257500456E74726F707920736F757263FC
:10CD60006520646576696365206E6F742072656105
:10CD70006479004661696C656420746F2072656730
:10CD800069737465722072616E6420736F7572636B
:10CD900065202825642900536F66744465766963AD
:10CDA0006520436F6E74726F6C6C657220415353D3
:10CDB0004552543A2025732C202564004E6F20657F
:10CDC00076656E742062756666657220617661694B
:10CDD0006C61626C65004E6F2064617461206275E5
:10CDE0006666657220617661696C61626C6500459A
:10CDF00076656E742062756666657220746F6F204A
:10CE0000736D616C6C2E202575203E2025750055B4
:10CE10006E6578706563746564206D73675F74799F
:10CE200070653A2025752E20546869732069662D37
:10CE3000656C7365206E656564732061206E65772F
:10CE4000206272616E63680062745F6863695F7319
:10CE500064630062745F7364635F6863695F6472D4
:10CE6000697665720062745F7364635F6372797080
:10CE7000746F007075626C6963206B6579206973EB
:10CE8000206E6F742076616C696420286572722050
:10CE900025642900556E6B6E6F776E20636F6D6D24
:10CEA000616E64003F49F6D4A3C55F3874C9B3E32B
:10CEB000D2103F504AFF607BEB40B7995899B8A613
:10CEC000CD3C1ABD62745F7364635F656364680020
:10CED0004D50534C204153534552543A2025732C06
:10CEE000202564004D50534C20576F726B006D70BD
:10CEF000736C5F696E6974006D70736C5F74696DDB
:10CF000065736C6F745F73657373696F6E5F6F7059
:10CF1000656E206661696C65643A20256400666C04
:10CF20006173685F73796E635F6D70736C00040189
:10CF300004030402040104010403010303040104C3
:10CF40006D6375626F6F745F7574696C00000000CB
:10CF500000010000000101000001010101000000CA
:10CF600000000101010101020203030303556E6B7E
:10CF70006E6F776E206572726F7200756E6B6E6F7A
:10CF8000776E003E3E3E205A455048595220464159
:10CF900054414C204552524F522025643A2025736B
:10CFA000206F6E20435055202564004661756C74D7
:10CFB00020647572696E6720696E7465727275702F
:10CFC000742068616E646C696E670A0043757272E2
:10CFD000656E74207468726561643A20257020283B
:10CFE0002573290043505520657863657074696F17
:10CFF0006E00556E68616E646C656420696E746560
:10D00000727275707400537461636B206F76657211
:10D01000666C6F77004B65726E656C206F6F707316
:10D02000004B65726E656C2070616E6963006D61A6
:10D03000696E006F7300737973776F726B7100FEA6
:10D040002CF96A7F36222EA079C040BE2C032040E6
:10D05000C2F33200FFFFFFFF1F00647261676F6F52
:10D060006E2F6C6962732F7363686564756C696E8B
:10D07000672F7372632F72656D5F68616C5F657691
:10D08000656E745F74696D65722E6300286E756CD1
:10D090006C29002A666C6F61742A0000FFFFFFFF95
:10D0A000FF1F00001F000000000000005D400000A6
:10D0B00000000000FFFFFFFF1F000000BAABBABA7C
:10D0C0001010101000000000008000400000000060
:10D0D000000000000C0000000000000000FF7F00C6
:10D0E0000000000000000000000000000000000040
:10D0F000000000000000000005FC0000000000002F
:10D1000017A0010000000000F59F010000000000D2
:10D110001DFC00000000000037A00100000000001E
:10D1200000000000000000000000000000000000FF
:10D1300000000000000000000000000000000000EF
:10D1400000000000000000000000000000000000DF
:10D1500000000000000000000000000000000000CF
:10D1600000000000000000000000000000000000BF
:10D1700000000000000000000000000000000000AF
:10D18000000000000000000000000000000000009F
:10D19000000000000000000000000000000000008F
:10D1A000000000000000000000000000000000007F
:10D1B000000000000000000000000000000000006F
:10D1C000000000000000000000000000000000005F
:10D1D000000000000000000000000000000000004F
:10D1E000000000000000000000000000000000003F
:10D1F000000000000000000000000000000000002F
:10D20000000000000000000000000000000000001E
:10D21000000000000000000000000000000000000E
:10D2200000000000000000000000000000000000FE
:10D2300000000000000000000000000000000000EE
:10D2400000000000000000000000000000000000DE
:10D2500000000000000000000000000000000000CE
:10D2600000000000000000000000000000000000BE
:10D2700000000000000000000000000000000000AE
:10D28000000000000000000000000000000000009E
:10D29000000000000000000000000000000000008E
:10D2A000000000000000000000000000000000007E
:10D2B000000000000000000000000000000000006E
:10D2C000000000000000000000000000000000005E
:10D2D000000000000000000000000000000000004E
:10D2E000000000000000000000000000000000003E
:10D2F000000000000000000000000000000000002E
:10D30000000000000000000000000000000000001D
:10D31000000000000000000000000000000000000D
:10D3200000000000000000009002002023B901006E
:10D3300029B901002BB9010055B901002FB901002D
:10D340005FB9010035B901006BB901003BB90100BB
:10D3500071B901003DB901004BB901004FB901009D
:10D3600041B9010047B901005BB9010065B901008D
:10D370000000000000000000093C03000000000065
:10D38000000100000000000000000000000000009C
:10D39000000000000000000000000000000000008D
:10D3A000000000000000000000000000000000007D
:10D3B000000000000000000000000000000000006D
:10D3C000000000000000000000000000000000005D
:10D3D000000000000000000000000000000000004D
:10D3E000000000000000000000000000000000003D
:10D3F000000000000000000000000000000000002D
:10D40000000000000000000000000000000000001C
:10D41000000000000000000000000000000000000C
:10D4200000000000000000000000000000000000FC
:10D4300000000000000000000000000000000000EC
:10D4400000000000000000000000000000000000DC
:10D4500000000000000000000000000000000000CC
:10D46000000000000000000000000000096702004A
:10D4700000000000000000000000000000000000AC
:10D48000000000000000000000000000000000009C
:10D49000000000000000000000000000000000008C
:10D4A000000000000000000000000000000000007C
:10D4B000000000000000000000000000000000006C
:10D4C000000000000000000000000000000000005C
:10D4D000000000000000000000000000000000004C
:10D4E000000000000000000000000000000000003C
:10D4F000000000000000000000000000000000002C
:10D50000000000000000000000000000000000001B
:10D51000A87903009004002000127A0000010000A6
:10D5200008790300110001000000000000127A00D9
:10D530000001000008790300110001000000000054
:10D540006C79030019000000C000000085654525C6
:10D55000602F002015FE01000000000049F90100C5
:10D56000090000002E4400201D260300AB2C030000
:10D57000D8800300000000004527020000000000E2
:10D58000FD30030000000000E1300300A9AF0300FC
:10D5900000000C000000000000000000000000007F
:10D5A000000000000000000000000000A1280200B0
:10D5B0000000000000000000CBAF030000001000DE
:10D5C0008881030000000000C33703000000000052
:10D5D000000000000000000030820300060001008F
:10D5E000F9460200E6B70300F3B7030013B80300DF
:10D5F0001DB803002BB8030039B8030046B8030078
:10D600004EB803005DB80300000000006082030014
:10D6100009000000F53B03000000000000000000CE
:10D6200000000000000000000000000000000000FA
:10D63000454E0200000000000000000041B9030058
:10D640000000140000000000714103000000000011
:10D650000000000000000000B555020000000000BE
:10D660000000000000000000957D020000000000A6
:10D6700000000000000000004D77020000000000E4
:10D6800000000000E8050020E80500200000000080
:10D6900000000000158C0200C1990200000000008B
:10D6A0000000000000000000F1900200134E030093
:10D6B0003F4D0300E9890200000000009E8903003D
:10D6C00000000200AA89030000000A00BA890300D2
:10D6D000000020000000000000000000000000002A
:10D6E000000000000000000000000000000000003A
:10D6F0007752030000000000CE8903000000020002
:10D70000DA89030000000200E6890300000002003D
:10D7100000C2010000010300000000000000000042
:10D7200094870300010000008C0600208C06002076
:10D7300000000000010000009C0600209C06002064
:10D74000A4060020A4060020000000000100000044
:10D75000B4060020B4060020000000000000000015
:10D7600000000000000000000000000000000000B9
:10D7700000000000000000000000000080790300AD
:10D780000000000000000000000000000000000099
:10D79000EC87030001000000FC060020FC060020CE
:10D7A00000000000010000000C0700200C07002012
:10D7B00014070020140700200000000001000000F2
:10D7C00024070020240700200000000000000000C3
:10D7D0000000000000000000000000000000000049
:10D7E0000000000000000000000000009479030029
:10D7F0000000000000000000000000000000000029
:10D800000000000000000000000000000000000018
:10D810000000000000000000000000000000000008
:10D8200000000000000000000000000000000000F8
:10D8300000000000000000000000000000000000E8
:10D84000000000000000000008000000FF000000D1
:10D85000000000000100000000000000C0070020E0
:10D86000C007002005021400090901020000810020
:10D870000600060000009001000002020884AA6071
:10D8800074528A8B86D34CB71D1DDC538D0601FF65
:10D89000FF42000000000000000000000000000047
:10D8A000000000000000000000FFFFFF000000007B
:10D8B000140800201408002054FA00200000000082
:10D8C000010000002C0000000000000030080020D3
:10D8D00030080020B0A90020000000001000000067
:10D8E00008010000000000004C0800204C08002047
:10D8F000C06500200000000001000000B000000032
:10D9000000000000680800206808002080FA00205D
:10D9100000000000060000001000000000000000F1
:10D9200000000000B091002000180000000000007E
:10D930000000000098080020980800200000000067
:10D94000000000000E000000AC080020AC08002021
:10D9500000000000000000000E000000C0080020D1
:10D96000C008002000000000FFFFFFFFD0080020DB
:10D97000D00800200000000000000000E0080020A7
:10D98000E0080020E8080020E8080020000000006F
:10D9900000000000F8080020F8080020000900201E
:10D9A0000009002000000000000000001009002015
:10D9B00010090020180900201809002006000600A0
:10D9C00010000000000000000484030084EC00202C
:10D9D00000000000000000003C0900203C0900207D
:10D9E0004409002044090020060006001000000041
:10D9F000C18F0200AC84030064F900200000000025
:10DA0000000000006809002068090020700900205B
:10DA10007009002003000300010000000000000066
:10DA200020830300A8DB00200000000000000000AD
:10DA300094090020940900209C0900209C090020E2
:10DA4000010001001000000009760200F4830300C9
:10DA500078E000200000000000000000C009002065
:10DA6000C0090020C8090020C809002003000300E5
:10DA70000100000000000000C083030024E000203B
:10DA80000000000000000000EC090020EC0900206C
:10DA9000F4090020F409002004000400060000003E
:10DAA00000000000108303009CDA0020000000004A
:10DAB00000000000180A0020180A0020200A002098
:10DAC000200A0020040004000800000000000000FC
:10DAD000A882030030D200200000000000000000F7
:10DAE000440A0020440A00204C0A00204C0A00206E
:10DAF000010001000100000000000000308303006D
:10DB000000DD002015E015E007695001100020003D
:10DB1000991C301996463F70FD52845C231092AEDA
:10DB2000EC5BCC7B949FA3C70209923361C2AA43EA
:10DB300001002000FC5701DC6135E1323847BDC4EB
:10DB40000F04D2E5BEE5833B23C29F93593D0001FC
:10DB50008CFA999420000001B3D470BA5DED145C86
:10DB60006F959E2281AF6961AD86B65E0B8DD150F7
:10DB7000AAAB7D989B273A672C8FC80DD124440906
:10DB8000C6CC5BEC88D1DEE980AE5455BDF72ADD0A
:10DB9000D4606B124043FD9261C4D7F9A13750C9DC
:10DBA000559242AD4C763C3F7EFC4FDA97E0F04612
:10DBB00023635B4E739A16F9D9DDF15ED5A5EF4567
:10DBC000108527668F4B2ADA793A6AEA2CD910FE3B
:10DBD0005E895F55380C7EDBF81BADC6A53FA69766
:10DBE0002325556C3A64173EBF9A2454EA86EC25E7
:10DBF0003A8E60935DA7FB70E289426890FA25C473
:10DC0000A29E7CB0C0C224CA25051F280D1F07D7BD
:10DC1000AAA5F5DE8EE900DD85BD21559152F2EC15
:10DC200012EA6D5CB408E853A75B3C97C1A2E56DAE
:10DC3000D01BED133D5E066CDB58AFB973184C5129
:10DC4000A3BAD8565D7373B2824445C74E8C6FA198
:08DC50005FA4EC599B8BBBEFB4
:00000001FF
