:020000040000FA
:10000000004500207D1F0000C3640000691F000040
:10001000691F0000691F0000691F00000000000048
:100020000000000000000000000000007D20000033
:10003000691F000000000000691F0000691F000028
:1000400011220000112200001122000011220000E4
:1000500011220000112200001122000011220000D4
:1000600011220000112200001122000011220000C4
:1000700011220000112200001122000011220000B4
:1000800011220000112200001122000011220000A4
:100090001122000011220000112200001122000094
:1000A0001122000011220000112200001122000084
:1000B0001122000011220000112200001122000074
:1000C0001122000011220000112200001122000064
:1000D0001122000011220000112200001122000054
:1000E0001122000011220000112200001122000044
:1000F0001122000011220000112200001122000034
:1001000053B94AB9002908BF00281CBF4FF0FF317E
:100110004FF0FF3000F00CB8ADF1080C6DE904CEE3
:1001200000F008F8DDF804E0DDE9022304B07047D0
:10013000704700BF2DE9F04786468C460846089E6A
:10014000154674461946002B40F0C2808542B2FA2B
:1001500082F245D94AB1C2F1200300FA02FC2EFA1C
:1001600003F3954043EA0C0C94404FEA154EA8B2B5
:10017000BCFBFEF8230C0EFB18CC08FB00F943EA8D
:100180000C43994528D9EB1808F1FF3704D299455B
:1001900002D9A8F102072B44A3EB0903A4B2B3FBD5
:1001A000FEFC0EFB1C330CFB00F044EA0344A042AF
:1001B00014D92C190CF1FF3304D2A04202D9ACF1AE
:1001C00002032C44241A43EA07401EB1D440002302
:1001D00034607360BDE8F0874746DDE76346F1E7CA
:1001E00092BB431B01214FEA154EAFB2B3FBFEFC9D
:1001F000200C0EFB1C330CFB07F840EA0343984528
:1002000062D9EB180CF1FF3004D2984502D9ACF159
:1002100002002B44A3EB0803A4B2B3FBFEFC0EFBCD
:100220001C330CFB07F744EA0344A7424ED92C19B0
:100230000CF1FF3304D2A74202D9ACF102032C44E3
:10024000E41B43EA0040C0E7C2F1200320FA03F1B7
:10025000954090402EFA03F303434FEA154EAFB298
:10026000B1FBFEFC0EFB1C10190C0CFB07F841EA5D
:100270000041884504FA02F422D969180CF1FF30D4
:1002800004D2884502D9ACF102002944A1EB08014F
:100290009BB2B1FBFEFC0EFB1C110CFB07F743EA03
:1002A00001439F420ED9EB180CF1FF3104D29F425B
:1002B00002D9ACF102012B44DB1B41EA004192E779
:1002C0006046E3E76146F7E76046A3E76346B7E7C2
:1002D000834206D916B9002108467BE7C6E900E04B
:1002E000F9E7B3FA83F78FB9834201D3724508D88F
:1002F000BEEB020460EB030301209C461EB9002103
:1003000068E73846FAE7C6E9004CF8E7C7F1200C81
:10031000BB4022FA0CF41C432EFA0CF120FA0CF329
:10032000B84001434FEA14490EFA07F5B3FBF9F858
:100330001FFA84FE09FB18300B0C08FB0EFA43EA87
:1003400000439A4502FA07F240D9E31808F1FF305A
:1003500004D29A4502D9A8F102002344A3EB0A0370
:1003600089B2B3FBF9F809FB183308FB0EFE41EA2A
:1003700003418E452CD9611808F1FF3304D28E4514
:1003800002D9A8F10203214443EA0040A0FB0298ED
:10039000A1EB0E014145CE46434602D306D14D4561
:1003A00004D2B9EB020E68EB04030138002EA6D08C
:1003B000B5EB0E0261EB030101FA0CFC22FA07F324
:1003C0004CEA0303F940C6E9003198E74046C5E727
:1003D0004346D9E7F0B52E4B2E4AC3F800262E48E7
:1003E000C3F8042685B0C3F808264921C3F80C26B3
:1003F000C3F81026C3F81426C3F81826C3F81C2621
:1004000005F0CEFF05F086FB01A800F0B1FC234B00
:100410001B68834204D02248452105F0C1FFFEE756
:10042000039A2048492105F0BBFF1F48492105F0E8
:10043000B7FF4FF44041002006F05BFA044620B1BC
:100440001A48452105F0ACFFFEE769469DF8080013
:1004500000F030F8009B039D1D44019B1E8902F0B3
:1004600013FEAF1900F0E6FF00F0BAFF01F0C2FD85
:10047000AB5983F3088884F31488BFF36F8FBFF3FD
:100480006F8F7B6898470A48452105F089FFFEE792
:10049000000001403546526ED672000078060020FA
:1004A000EF720000127300004173000066730000D9
:1004B0009973000008B5024638B10548002345216C
:1004C00005F06EFF6FF0150008BD0860FCE700BF87
:1004D000BC73000021B1012906D06FF015007047F0
:1004E000044B53F830007047024B03EBC0035868CD
:1004F000704700BF986F00002DE9F04FDFF824B27D
:10050000DDB0DDE9688916461C466A9FDBF80050BD
:1005100000F030FF7F4B0122C3F800253CA804F017
:100520001DFAB8F1000F07D0B9F1000F04DD4A46FB
:1005300041463CA805F031FE33897289D6F80CA0FB
:1005400013449A444FF00008C2456AD80FA93CA84A
:1005500004F076FA6F4B0022C3F80025C3F800259B
:1005600027B120220FA9384606F009F8002300938E
:1005700031464FF6FF73224609A805F0CCFA06462D
:1005800000285FD120460E9F00F08AF9874259D893
:10059000DFF894A1DFF87C814FF0FF370DF11E03E7
:1005A00007AA08A909A805F004FB00284ADB40F0C7
:1005B000AB80089909A805F048FB50B9BDF81E00AA
:1005C000554A4FF6FF7132F8023B8B423AD09842BF
:1005D000F9D1BDF81E90B9F1100F3DD0B9F1220F3D
:1005E00075D0B9F1010FD9D1BDF81C30202B29D815
:1005F00008993CAA204605F0E1FE074610BB9DF88D
:100600001C300393202B09D8DAF80020434B0492C6
:10061000049A974237DB0023C8F800354FF0FF37C4
:10062000BCE7679B669AAAEB0809994528BF9946DB
:100630004B464146204605F0C1FE30B1354B002205
:10064000C3F80025DBF8005060E066994A463CA8F4
:1006500005F0A3FDC84477E7BDF81C60202EF1D15A
:10066000089933463CAA204605F0A8FE0028E9D1A7
:1006700032463CA90FA805F022FB294B1B68834298
:10068000E0D101268AE7059300F074FEC8F80095D2
:100690001FA804F063F9059B5A6853F8081B1268F9
:1006A00005931FA805F079FD17A91FA804F0C8F944
:1006B0000022C8F80025039A3CA917A805F04FFFAF
:1006C000059B10B9C8F8000568E70137A0E77B1C57
:1006D0003FF464AFDAF80030BB429FDDBDF81C3058
:1006E000802BAFD808993CAA204605F067FE002869
:1006F000A8D1FFB2BDF81C3000973CAA20210FA85A
:1007000000F014F8054689E7002E9BD028465DB01E
:10071000BDE8F08F00A00250A8720000A46F000096
:1007200078060020C4040020A06F00002DE9F047E7
:1007300096B016461D469DF87820374BDFF8E880C6
:1007400053F83210019103EBC20307465B68D8F8F7
:100750000090186802AA0144302301A805F0ABFC00
:10076000002851D1DDE901431C4403AA06AB214610
:1007700001A805F0C8FC002846D1049A072A43D1F5
:100780002649059805F0EBFE00283DD1079A082A76
:100790003AD12349089805F0E2FEA8BB02AA2146F7
:1007A00001A805F09CFC78BBDDE901A30AEB03027C
:1007B000944229D1412B27D13544302303AA29461D
:1007C00002A8029605F077FCE0B9DDE90232134495
:1007D0009D4217D32A4602A906A805F044FA88B913
:1007E0002A4602A90EA805F03EFA58B99AF8003038
:1007F000042B07D1202306AA0AF10101384600F094
:10080000D1FD28B1D8F80090484616B0BDE8F08771
:10081000044BD3F80090F7E7A46F0000EB730000DF
:10082000E273000078060020C4040020094A0B7817
:10083000400052F820108B4209D0013052F82000BD
:10084000834214BF4FF0FF304FF4C07070474FF435
:10085000C0707047AC6F00001FB50F4B13F830002D
:100860000C4601F09FF950B92068816810236A4650
:10087000103905F0A3FD28B1206805F09EFD4FF06A
:10088000FF3006E005491022684605F068FE0028A2
:10089000F2D104B010BD00BFAC6F0000C672000002
:1008A00013B5044605F012FA6A460146204605F0E3
:1008B00018F930B10448452105F072FD002002B05E
:1008C00010BD0098FBE700BFF37300002DE9F04175
:1008D000384F88B0064600200D463C68FFF7FAFD09
:1008E00006A9C0B201F05EF9E0B92946FFF7F2FDB2
:1008F0002C2407A9C0B204FB056401F053F9A8B188
:100900002C2068433218069B116911F0100F1DD07E
:100910001DB10699304605F0C3FA274B1C680698AE
:1009200005F04BFD204608B0BDE8F081079805F0C2
:1009300090FD8046079805F040FD631EE21C13F809
:10094000011F4145DCD19342F9D1E1E736581B48FC
:1009500086422AD1D6681089801926D25289121867
:1009600023D29868824220D240F60C6211401CD1FA
:100970004FF480720192124A0092CDE9031122468F
:1009800002910846FFF7B8FD04460E4B1B68A342D0
:10099000C5D065B106980021826805F039FD0A4A84
:1009A0000A48452105F0FCFCB7E73C68EDE7084A3A
:1009B000F6E700BFC4040020C00400203DB8F39651
:1009C0009C1300207806002036740000407400005C
:1009D0002E7400007FB50D46044600212846CDE95F
:1009E000021105F01CFA28B32368194EB34203D153
:1009F00003AA204605F0A8F9E36AB34204D102AA8B
:100A00000121204605F0A0F9DDE90232934288BFBA
:100A10000393039BAB60039A2946204600F0A8FB92
:100A20000C4B1A68002A03DD0B48572105F0B8FC6F
:100A300004B070BD01A9FFF70FFF019805F108018F
:100A400005F04FF9AB680198039305F0B6FCE2E7B7
:100A50003DB8F396DC120020687400002DE9F84FD1
:100A6000DFF878B01B4C1C4D884691469A4600260C
:100A70000B9B9E4201D300200FE00B9B174A9F1B4C
:100A8000B7F5806F28BF4FF480673B4606EB0A013D
:100A9000404605F093FC10B10120BDE8F88F0A999B
:100AA0003B465A467118484605F09DFC0028F3D194
:100AB000C4F800563E44C4F80456C4F80856C4F8B6
:100AC0000C56C4F81056C4F81456C4F81856C4F896
:100AD0001C56CDE7000001403546526E7C060020D2
:100AE000F0B59A4B43620E4603F58063002103651F
:100AF00089B004460846FFF7EDFC04F120010546E5
:100B0000C0B201F04FF80346E8B90121FFF7E2FC5B
:100B100004F14C010546C0B201F044F80346E0B9C7
:100B2000204605F052F90546C8B900221146204674
:100B300005F0F4F8054660B385480022572105F01A
:100B40002FFC01239CE00022CDE9002381480023F3
:100B50002A46452105F024FCFEE70122F4E77E4801
:100B60008022572105F01CFC01239D4284F8583057
:100B7000DBD194F858308DF81730042B00F28380C5
:100B8000012B00F2878000F09A80FF2384F8583010
:100B900095E0204600F0FEF90028D2D004A805F028
:100BA00035F90146204605F0D0F918B16B482A46C0
:100BB0005721C4E704A805F032F980F0010104AA26
:100BC000C9B2204605F0AAF802460028B4D104A80C
:100BD00005F025F9054660BB04A92046FFF7FAFE9B
:100BE0009DF8173084F85830033B012B06D828466F
:100BF00000F0E4F810B1FF2384F858309DF8173066
:100C0000023B022B0BD8002000F0C2F838B1FF23C2
:100C100084F858305248452105F0C2FBFEE794F8AD
:100C20005830FF2BF6D004AA0021204605F076F8B4
:100C300087E79DF81770012F17D1104602F0D0FA00
:100C4000831E022B05460DD839462046FFF73EFE8F
:100C5000444B1B68984205D0434B1D68A84214BF03
:100C60000525012584F8585083E701212046FFF728
:100C70002DFE3C4B1B6898420CBF9DF81730052396
:100C800084F8583075E7052B7FF47FAF002000F023
:100C900095F811E004A92046FFF79CFE94F858301F
:100CA000DA1E012A14D8002000F088F800287FF40A
:100CB0006CAF002000F06CF800287FF466AF94F869
:100CC0005830FF2B07D12648452105F069FBFEE788
:100CD000022BF4D1EDE70022012B244D039214D016
:100CE0001146204605F01AF878B12D68102200212F
:100CF0000DEB020005F04EFCE06C05F05EFB206A97
:100D000005F05BFB284609B0F0BD00212046FFF747
:100D1000DDFD144F3B689842E7D12B689842E4D040
:100D2000114B1B689842E0D0039B01330393039B54
:100D3000012B00D0FEE7206A04F0D1FE3071236A57
:100D40005B6834603D68B360D0E700BF7C0A002078
:100D50002675000097740000E474000052750000CE
:100D60007C75000078060020C0040020C404002028
:100D700038B5064D044660220021284605F00AFCDD
:100D800021462846FFF7ACFE38BD00BF7C1200208C
:100D900013B5094B01A913F8300000F003FF48B95F
:100DA000019805F05FFE0446019805F006FB204619
:100DB00002B010BD0124FAE7B46F00001FB50F4B5D
:100DC00001A913F8300000F0EDFEA8B9019802A9BE
:100DD00002F0B0F9044668B99DF80B30032B03D13B
:100DE000019805F00DFE0446019805F0E6FA20464C
:100DF00004B010BD0124F7E70124F8E7B46F000048
:100E00002DE9F34106460C4617461D460BB9002650
:100E100028E0184605F003F80028F8D16946FFF7E6
:100E20001BFD009838B90124009805F0C6FA204649
:100E300002B0BDE8F08101A904F053FF0028F2D10F
:100E4000009805F0BAFA3046019905F0CBF8736ABC
:100E50005E686B79012B21D1002CD8D12B6883429D
:100E600098BF002621460020FFF734FB6946C0B238
:100E700000F098FE0028D6D1009820233A4631464B
:100E800005F09CFA04460028CDD1002DCCD03C685A
:100E90000D4BE41A18BF4FF0FF34C5E7022BB6D153
:100EA0002B68012B05D98342B1D8B4FA84F46409C4
:100EB000ADE7ACD1002CD5D0012CA8D12C79023CC7
:100EC00018BF0124A3E700BF3DB8F3962DE9F04F0A
:100ED000074685B00C46014600201646FFF7A6FCE3
:100EE000051E50DB3846E46D04F0F0FE5FFA84F92D
:100EF0006B1E09FB03084FF0000A4FF0010B4FF087
:100F0000FF349DB9BAF1010F03DD2148452105F0F9
:100F100047FA631C06D07F2C2ADC013440F201130F
:100F20003460B380284605B0BDE8F08F6B1E009397
:100F30000DF10F0201234146384605F03FFA031E2A
:100F4000019322DB01220DF10F01384605F0F3FC7D
:100F5000019B40B15B4501D00AF1010A009DA8EB5D
:100F600009089B46CDE7B4F1FF3F08BF2C46F5E7E3
:100F70000223803C7371631004F0010401330134D7
:100F800033603471CEE70725CCE70125CAE700BFFF
:100F90008875000070B5866A456D044605F011F845
:100FA000AE420AD06B1CB34207D0834205D014482E
:100FB000572105F0F5F9002070BD802E1CD911488D
:100FC0005721F6E7626A216D02EBC30201EBC30110
:100FD00052684968914202D00B485721E9E7013332
:100FE0009D42EFD1AE4205D9636A03EBC5035B684E
:100FF0009342F1D10120DFE700231A46F0E700BF5A
:10100000AB750000E37500001276000000B589B0F2
:1010100004A9022005F001FD9DF81020012A41D00D
:10102000254B2649032A08BF0B469DF81320029240
:101030009DF8122001929DF811202148009249212B
:10104000204A05F0ADF906A9052005F0E6FC9DF85B
:101050001820012A28D0184B1849032A08BF0B462C
:101060009DF81B2002929DF81A2001929DF81920EC
:1010700000921348144A492105F092F99DF8103066
:10108000012B13D19DF81230032B0FD19DF818308E
:10109000012B0BD00D48492105F082F9022009B03F
:1010A0005DF804FB0A4BC0E7094BD9E70948492121
:1010B00005F076F90020F2E73E7600004776000062
:1010C0005B7600004D7600009C760000AC76000058
:1010D00042760000CB76000070B54B6814461E4A7D
:1010E00003F0FF23934286B006460D462FD10B68CE
:1010F000012B2CD104A9204602F01CF89DF81020E9
:10110000012A26D0154B1649032A08BF0B469DF825
:10111000132002929DF8122001929DF81120009256
:101120001048114A492105F03BF99DF81030032B76
:101130000DD12146304604F0B3FE204605F060FC98
:10114000A968204604F0DBFD204601F0D3FF06B07D
:1011500070BD064BDBE700BF000100043E760000D7
:10116000477600005B7600009C7600004276000027
:101170002DE9F04F164689B005460C4674484921C2
:1011800005F00EF93146284604F02CFF6B6A8246C2
:1011900020465E6804F043FEE8B1E86D04F091FD7E
:1011A000AF6A0023013F3344834201D2013FFAE793
:1011B000BA4510D36748572105F0F2F807FB06F34C
:1011C00065480AFB0662572105F0EAF80123E3713E
:1011D00009B0BDE8F08F06A9022000F0E3FC07A9E2
:1011E000052000F0DFFC079A21462846FFF774FF30
:1011F0006379012B4BD1DFF864B1574641E0226897
:10120000C2F1010353449F423AD86B6A196853F8FC
:10121000370003EBC703012A53F8083CA3EB010393
:10122000A0EB0109049311D1079B0393E368022B00
:1012300008D04146284604F033FE2246414628465F
:1012400004F064FE0399284604F02AFE324649461B
:10125000404604F023FE049B42464146CDE90096F9
:101260002846FFF7FBFB2146284604F0E5FD2368EE
:101270000133236020B1DBF800300133CBF80030BC
:10128000013FDDF81880002FB9D10123236002232C
:1012900063710127BA45DDF8189006D2484605F07B
:1012A0008CF8079805F089F892E723689F424DD3A0
:1012B0006A6ADDF81CB052F837100491FB00083B55
:1012C00011680391D1582A6DD0581368A0EB030818
:1012D0002379012B38D1039B3246C91A4846059120
:1012E00004F0DCFD0599009143464A4659460196B3
:1012F0002846FFF7B3FB2146284604F09DFD022354
:10130000237118B1154A1368013313603246414600
:10131000584604F0C3FDDDE9032349469B1ACDE995
:1013200000865A462846FFF799FB2146284604F0D6
:1013300083FD2368013323600123237130B1074A01
:1013400013680133136001E0022BDFD00137A1E7FE
:10135000E27600000B7700003A770000DC120020F4
:101360000A4619B1024B00211B681847704700BF9D
:10137000C804002070B5094D2B780BB1002070BD5A
:10138000074C0126C4F8006503F08AFB18B92E70DB
:10139000C4F80005F2E74FF0FF30F0E79C1400209E
:1013A00000A002502DE9F041DFF83080ACB01F46BC
:1013B00006460C461546FFF7DDFF0123C8F8003549
:1013C0002A4633460097214603A805F08DFC0023EA
:1013D000C8F800352CB0BDE8F08100BF00A0025075
:1013E000BFF36F8F72B6124B4FF0FF32C3F88020FD
:1013F000C3F88420C3F88820C3F88C20C3F8902059
:10140000C3F89420C3F89820C3F89C20C3F8802127
:10141000C3F88421C3F88821C3F88C21C3F8902134
:10142000C3F89421C3F89821C3F89C21704700BFEA
:1014300000E100E0F8B5254B254D4FF0FF340127C2
:101440005F60C3F84843C3F8084303F5C043002670
:101450005F60C3F84843C3F8084303F5983302209C
:101460005F60C3F84843C3F80843C5F8084300F079
:1014700023FE6F60C5F84C61D5F84C31C5F810619A
:10148000D5F81031C5F84461D5F84431C5F8006588
:1014900005F518352820C5F8084300F00DFE6F60EB
:1014A000C5F84C61D5F84C31C5F81061D5F810314C
:1014B000C5F84461D5F84431064BC5F80065C3F85A
:1014C00008454FF08043C3F80843F8BD00B0004022
:1014D0000020004000F00140014B1B68184700BF8E
:1014E000CC040020014B1860704700BFCC040020E2
:1014F00007B50B46002102460091034800F006F8AC
:1015000003B05DF804FB00BFD91400002DE9F04FD3
:101510008DB01D46531E8246019103934FF0000982
:10152000039B5878252803F1010419D11E46002099
:101530004FF0FF3802360346029044463178039656
:10154000392954D81F2914D8002900F0EE810199B7
:101550002520D04701993078D04709F10209DFE70B
:10156000002800F0E2810199D04709F101090394B4
:10157000D6E7A1F12002192AE9D801A757F822F0ED
:10158000E91500004F1500004F150000E915000097
:101590004F150000691600004F1500004F150000A0
:1015A0004F1500004F150000B5160000E9150000AA
:1015B0004F150000C9160000751600004F150000F9
:1015C00083160000A3160000A3160000A316000057
:1015D000A3160000A3160000A3160000A316000027
:1015E000A3160000A316000008460136A6E75829F6
:1015F00000F0EB80A1F16302D7B2172FA7D8172A0A
:10160000A5D801A757F822F071180000EF160000C6
:101610004F1500004F1500004F150000CF160000B9
:10162000EF1600004F1500004F150000CF16000008
:101630004F1500004F1500004F150000A5170000C2
:101640004F1500004F150000451800004F15000011
:10165000EF1600004F1500004F150000A517000001
:101660004F150000CF16000001992520D04709F141
:10167000010955E7029A02F0FE0202924FF00008BB
:10168000B3E7002C0DDAB8F1000F0DDA029A002A48
:1016900000F0438124EAE4740A2202FB0414303C83
:1016A000A3E7B8F1000FF5DB0A2202FB0812A2F152
:1016B00030089AE7B8F1000F55F8042B80F22F811B
:1016C000002A80F22E815442022202928DE768297C
:1016D00003D1682B06D1482387E76C2902D16C2BF4
:1016E00000F02181002B7FF432AF0B467DE77A2B8F
:1016F00006D1752955F8046B14D14FF0000B0CE09E
:101700006C2BF6D04C2BF4D1073525F00703752947
:10171000D3E9006B03F1080506D120283BD1854FA2
:10172000013C09E04FEAE67BBBF1000FF5DA7642B7
:10173000814F6BEB4B0B013C0DF12D030593002307
:101740000493304659460A220023FEF7D9FC059B34
:10175000303203F8012DB4460593049B5A46BCF180
:101760000A0F8B4672F1000203F1FF310646049125
:10177000E7D2C3F1010B30330DEB0306B8F1000FD4
:10178000A6F104066DDA029BD9077DD4A8EB0B0302
:10179000A4EB0B0413E02B280ABF684F684F04F139
:1017A000FF34C9E770290FD155F8042B0023FAB98B
:1017B000634F644E053C6FF004034FF0050B029A33
:1017C000920770D4A04666E078216C2B03D155F8BF
:1017D000042B002308E04C2BF9D1073525F0070333
:1017E0001D465B6855F8082B232825D1880621D58E
:1017F000554F023C01F06001A1F1390B0DF12D0EA6
:10180000002602F00F01092988BF594430310EF833
:10181000011D102A4FEA121141EA03714FEA131C0D
:1018200073F1000306F1FF3008D2C6F1010B06F197
:101830003003A1E7454FDCE7414FDBE706460A46A8
:101840006346DEE755F8046B304604F081FEB8F1DC
:10185000000F834602DB4045A8BFC346384F4FF018
:101860000008A8EB0B03002B92DDA4EB0804A6E70D
:1018700055F8043B8DF81830314F013C4FF0FF33E1
:101880004FF0010B06AE9AE7A046EAE702930199F2
:101890002020D047029BB8F10108F7D524EAE47272
:1018A000013C9144A41AB84606E0049302920199BF
:1018B000D047029A049B9046424612F8010B00283A
:1018C000F3D11A46013A15D5002BACBFC7EB03077D
:1018D0007F425B46013B15D5BBF1000FA8BF5F44BB
:1018E0004F442646013E14D5002CA8BF3F1907EBF4
:1018F000080915E60493029201993020D047049B11
:10190000029ADFE70293019916F8010BD047029B78
:10191000E0E701992020D047E4E70122D5E6904690
:1019200063E6144661E64C235FE648460DB0BDE829
:10193000F08F00BFC8770000C6770000CA770000AC
:1019400087750000D2770000CC770000CF770000C9
:1019500008B50446EFF31183202383F31288BFF305
:101960006F8F01F091FB204600F032FB024804F03B
:1019700031FC04F0C1FDFCE7D87700002DE9F04709
:10198000058B04462807904611D4022905F0070567
:1019900040F0CC80204604F02AFC78B10138218B3D
:1019A000042811D8DFE800F0C2106D8595000129E8
:1019B0000CBF45F0100545F02005258388F31188FC
:1019C000BFF36F8FBDE8F08701F0070AAA4500F06A
:1019D000A5800027B9463E46A368002B00F0BC80D6
:1019E00041F00801218388F31188BFF36F8FA1684C
:1019F000002900F0BA800D68002900F0B680D1F807
:101A00000480334652462046C047002D76D02B68CE
:101A100029461D46F0E701F007035A1F012A1BD88B
:101A2000002221F00701062B276889B2C4E90022B1
:101A300009D13B4603E0628B013262831B68002BB5
:101A4000F9D141F002012183204604F0D0FB0028A7
:101A50007AD041F0200176E0042B0AD121F0070171
:101A600089B22183204604F0C2FB10B141F020016D
:101A70002183218B01F0070AAA454FD00027B946E0
:101A8000AAE7236921F0070141F00601062DD3F8EA
:101A9000009021832DD1B9F1000F3FD041F0080112
:101AA000218388F31188BFF36F8F3A492046C847D6
:101AB00029E021F00701236941F0040189B2042DD6
:101AC000D3F804902183E6D000273E464FF0040A65
:101AD00082E721F00701236941F0050189B2052D54
:101AE000D3F808902183D6D000273E464FF0050A50
:101AF00072E700273E464FF0060A6DE72B4687E760
:101B0000B9F1000FD1D1EFF31188202383F31288AC
:101B1000BFF36F8F238B23F008032383258BEA0603
:101B20002ED525F01003238305F007056669218B68
:101B3000002EBFF670AF00232768C4E9003321F000
:101B4000070141F001012183218B01F0070AAA4519
:101B50004FF000097FF440AF002F9CD041F0080106
:101B6000218388F31188BFF36F8F002FC8D03D68A1
:101B7000394633465246204604F065FB2F46F4E7CB
:101B8000AB067FF51BAF25F02003238305F0070587
:101B900000E700BF73620000014B03600020704744
:101BA000C06F000070B5114B1C680D46DCB1104BC6
:101BB000196800238B4202DB6FF0010070BD2246E2
:101BC00012F8106B864202D001331446F2E7E06847
:101BD00010B96FF01200F1E705F03EF80028F8D0D8
:101BE0002C600020EAE76FF00C00E7E7D00400204B
:101BF000C06F000070B588B005460C46C0B269469B
:101C00001646FFF7CFFF00281BDB0098C8B14368DA
:101C10000293836822680195CDE903360023CDE95C
:101C200006230593C56804F0C8FB6DB12846084932
:101C300001AA04F092FD079808B9059B236008B03B
:101C400070BD6FF01500FAE76FF01200F7E700BF04
:101C50006164000008B54FF01022D2F8100210F4B1
:101C60007F4018D00C4B0121C3F80415BFF34F8FF0
:101C7000BFF36F8F6FF47F41C2F81012D3F80024C6
:101C8000002AFBD00020C3F80405BFF34F8FBFF339
:101C90006F8FFFF75DFE08BD00E0014008B5054805
:101CA00004F098FA044804F095FABDE808400348A7
:101CB00004F090BA017800003278000065780000E6
:101CC000014802F09DBB00BF2470000030BFFFF749
:101CD000FDBF00BF70B5264B15469A6A12F0100F73
:101CE0009A6A14BF1124102412F0080F9A6A18BFC0
:101CF0001224920706460AD5586B9A6A140634D500
:101D000019B19A6A22F080029A62132401E06FF0FE
:101D10001500174B9A6A12F0010F9A6A18BF142423
:101D200012F0200F9A6A18BF1524D20602D49B6ABB
:101D30009B070AD50E4B5B68190506D5314600F0A6
:101D400023FA10B180F309880224094B9A6A92069B
:101D500042BF5A6A22F400525A629A6A42F0FF0263
:101D60009A6200232B70204670BD6FF01500CCE7FF
:101D700000ED00E0134B9A6A12F0007F9A6A14BFDC
:101D80001E201D2012F0807F9A6A18BF1F2012F4B7
:101D9000002F9A6A18BF212012F4802F9A6A18BF68
:101DA000222012F4003F9A6A18BF232012F4803FC9
:101DB0009A6A6FEA02426FEA12429A6218BF2420BE
:101DC000704700BF00ED00E010B5194B0246986A5D
:101DD0009C6A10F4805F14BF1720162014F4006F63
:101DE0009C6A18BF1820A40509D5986B986A00044E
:101DF00004D51AB19A6A22F400429A6219200C4B57
:101E00009A6A12F4806F9A6A18BF1A20D2050CD40D
:101E10009B6A13F4005F18BF1C20054A936A43F4C1
:101E20007F43936200230B7010BD1B20F5E700BFBA
:101E300000ED00E070B5454B5B688AB00546C3F322
:101E40000803002686F31188BFF36F8F02F07F40EE
:101E5000B0F17F4F11D102F00C0008280DD010070F
:101E60004CBF0D4601260022033B8DF80720032BB3
:101E700005D8DFE803F01E5D615A3546F3E700241C
:101E80009DF807309BB92022294602A804F077FB71
:101E9000099B002E54D0C3F3080222B96FEA5323E2
:101EA0006FEA4323099302A9204604F000FB0AB01D
:101EB00070BD264BDA6A9107E1D4DA6A002ADEDBCC
:101EC000DA6A5200DBD55A69A96942F480725A6114
:101ED000BFF34F8FBFF36F8F5A6931F8021C22F4A2
:101EE00080725A61BFF34F8FBFF36F8F4DF602724E
:101EF00091420AD09A6AD2B24AB10DF10702012189
:101F00002846FFF7E7FE0446BAE72C68B8E79A6A66
:101F100012F47F4F05D00DF107010120FFF754FFA8
:101F2000F1E79B6AB3F5803FA9D3FFF723FFEAE708
:101F30000DF107020021E3E70DF107010020EDE7B5
:101F400023F4FF7323F00103ACE700BF00ED00E0D2
:101F5000044B5A6942F010025A615A6922F0080291
:101F60005A61704700ED00E0EFF30880EFF309815C
:101F700001B57246FFF75EFF01BD00BF002080F390
:101F80001488BFF36F8F01F0C5F900200D49086078
:101F9000BFF34F8F0C4880F3088800F03DF82020F5
:101FA00080F3118809484FF40461401880F30988D0
:101FB000EFF314800221084380F31488BFF36F8F7E
:101FC00000F0B4F894ED00E000450020C0140020BB
:101FD000BFF34F8F0549064BCA6802F4E062134312
:101FE000CB60BFF34F8F00BFFDE700BF00ED00E007
:101FF0000400FA050749D1F890200023C2F3072214
:102000001846934200DB7047C1F89830C1F8A00031
:102010000133F6E700ED00E008B572B6002383F364
:102020001388FFF7E7FF144B4FF0FF32C3F880200F
:10203000C3F88420C3F88820C3F88C20C3F890200C
:10204000C3F89420C3F89820C3F89C20C3F88021DB
:10205000C3F88421C3F88821C3F88C21C3F89021E8
:10206000C3F89421C3F89821C3F89C2162B6BFF34A
:102070004F8FBFF36F8F08BD00E100E01EF0040F2B
:102080000CBFEFF30880EFF30980816911F8021C9F
:102090000229FFD001B504F010FA01BD40B20028BA
:1020A00007DB044A4109012300F01F00834042F886
:1020B0002130704700E100E040B200280CDB43090A
:1020C000064900F01F0020330122824041F82320FE
:1020D000BFF34F8FBFF36F8F704700BF00E100E089
:1020E000054B420900F01F0053F82220012303FA98
:1020F00000F01040704700BF00E100E040B200284F
:10210000A8BF00F1604001F10101B8BF064B4FEAE2
:102110004111ACBF00F5614000F00F00C9B2B4BF7F
:10212000195480F80013704714ED00E0144A08B504
:10213000144B22F07F029A60BFF34F8FBFF36F8F73
:10214000D3F8882022F47002C3F88820D3F88820BE
:1021500042F4A002C3F888204FF04042C3F8342272
:10216000BFF34F8FBFF36F8F0023E1EE103A01F002
:10217000EFFF02F035F800F03FF801F0F5FF00BF87
:102180000000000000ED00E010F1160F074B08D032
:10219000984208D34033834205D98B4203D904487F
:1021A00070474033F9E70020704700BF001D002052
:1021B000401D002080B5154606460C460022E1EE83
:1021C000102A074F87F309884FF000000549884718
:1021D000204629461A46B04703488047FEE700BF1D
:1021E00040450020DB640000E9640000014B102240
:1021F0001A61704700ED00E0044800232021C21856
:102200000133302B82F80013F9D1704700E100E070
:1022100008B5EFF30583064A103B02EBC30152F801
:10222000330049688847BDE8084004F051B900BF51
:10223000F06D0000024B034A0348022100F066B82B
:1022400000000420000000202C700000084AC2F8A2
:1022500098000B6823F01F03034343F01003C2F8F8
:102260009C308B6843F00103C2F8A030704700BF78
:1022700000ED00E02DE9F043DFF8608085B00E4608
:102280001F4604464FF00009B14523DA6068D8B113
:102290003FB1411E08421BD11F2819D9236819429A
:1022A00016D12368019304F043F9A3680343039311
:1022B000D8F89050C5F30725D0B2013DA84207D801
:1022C00001A9FFF7C3FF421C09F101090C34DBE748
:1022D0006FF01502104605B0BDE8F08300ED00E098
:1022E000044B0522C3F89420BFF34F8FBFF36F8FC9
:1022F000704700BF00ED00E0BFF35F8F024B00228C
:10230000C3F89420704700BF00ED00E010B5034C07
:1023100001232278FFF7AEFF207010BD9D1400202E
:102320002DE9F043534B544CD3F890302568C3F358
:1023300007239D4285B000F29A80FFF7DDFF002061
:102340000C2685421AD14D4C4D4F25706846FFF73B
:1023500023FCDFF82081DFF82C9106460025AE42F1
:1023600013D1237843490020D1F89020C2F30722EB
:10237000934276DBFFF7B4FF002042E0616806FB82
:102380000011FFF763FF0130DBE7009800EB051158
:102390004FEA051CCB683B40B3F5000F48D00AD884
:1023A000B3F5001F30D0B3F5800F36D0B3F5801FE2
:1023B00010D00135D3E7B3F1807F42D0B3F1007F75
:1023C000F7D150F80C3088684A6804F0B1F840F44E
:1023D000802009E050F80C3088684A6804F0A8F8BA
:1023E00040F0885040F43020CDE901230390D8F824
:1023F00090302078C3F30723013B98422AD96FF02D
:10240000150005B0BDE8F08350F80C3088684A68C4
:1024100004F08EF840EA0900E6E750F80C308868CE
:102420004A6804F085F840F0007040F40030DBE7C3
:1024300050F80C3088684A6804F07AF840F08270EE
:10244000D2E750F80C3088684A6804F071F840F020
:102450008870C9E701A9FFF7F9FE237801332370DB
:10246000A7E7C1F89830C1F8A00001337CE74FF02E
:10247000FF30C6E700ED00E0447000009D1400202E
:102480000000F0FF00000811014B1860704700BF0A
:10249000D4040020044A0123C2F840354FF08042A2
:1024A0000020C2F87835704700E0014020B1034BAE
:1024B000800143F001031847704700BF906F000090
:1024C000084B70B5C31A0D4607499B100446594383
:1024D0000648402204F073F82B4601462046BDE82A
:1024E00070401847F4120020B76DDBB6A06D0000F5
:1024F00073B50C4C0C4A4023041B00930D460B464D
:102500000A49A41061430646094804F083F8011EF5
:1025100005DA30462B4602B0BDE87040184702B0DD
:1025200070BD00BFF412002083660000B76DDBB6FB
:10253000A06D000010B5EFF31184202383F31288FF
:10254000BFF36F8F074A136823F00201DB071160A6
:1025500002D4012004F091FA84F31188BFF36F8F45
:1025600010BD00BF44130020002270B501210446B5
:102570001046FFF7C3FD0F4801F05EF80E4B98427E
:1025800015D101F06BF826690C49304603F07FFE47
:1025900000280BDB012535642469084904F11C007F
:1025A00003F075FE002801DBE564002070BD6FF0CC
:1025B0000400FBE7892600000000AD0B64700000FA
:1025C00030B4104B0C2202FB003301460020D3E94B
:1025D0000E529863EFF31180202484F31288BFF326
:1025E0006F8F1C6C04F0C00444F002041C6480F380
:1025F0001188BFF36F8F1DB12B46034830BC1847BD
:1026000030BC7047F4120020A06D000010B4EFF34E
:102610001182202383F31288BFF36F8F184801685B
:1026200041F002040460C80708D482F31188BFF3A4
:102630006F8F01205DF8044B01F022B84FF080410C
:10264000D1F80C04D1F80C14C907EED5EFF31180C2
:1026500083F31288BFF36F8F0A490B6C03F0C0033A
:1026600043F002030B6480F31188BFF36F8F82F392
:102670001188BFF36F8F00205DF8044BFFF7A0BFF8
:1026800044130020F412002010B1012804D0704738
:10269000034B1B6C5B0701D1FFF792BF704700BF74
:1026A000F4120020F8B52549BFF35B8F06460122DE
:1026B00051E8003F41E800200028F9D1BFF35B8FCB
:1026C00033B91F491F484B60CB608A6003F0F2FDAD
:1026D000731E012B1DD804F001FB0446D0B91A4B20
:1026E0001B78BBB14FF080430222C3F80823054694
:1026F0004FF08047D7F81824D7F81834D20312D5F2
:102700009B0701D0012E0ED18CB185F31188BFF348
:102710006F8FF8BDEFF31185202383F31288BFF389
:102720006F8F0124E4E7284603F0F3FEE2E74FF061
:1027300080430222C3F80423EBE700BFF01200201D
:10274000E012002010130020A014002010B5044C4B
:102750002046FEF7C7FE2046FFF796FE002010BD7C
:102760006527000073B50C4E8DF80700044603255D
:1027700001220DF10701002001F0A0FC20B101238E
:102780003370204602B070BD3378002BF9D0013D84
:10279000EED13570F5E700BF9E140020024B0B60B0
:1027A00001231360704700BF4813002000487047A2
:1027B000B870000010B504F0ECF9034C206004F090
:1027C000E4F96060002010BD481300204FF0804203
:1027D000D2F81015D2F8103501F01E0123F01F03B6
:1027E0000B4343F00103C2F81035024B00221A706C
:1027F000704700BF9F1400204FF08053D3F8303152
:10280000082B20D14FF08042D2F81015CB071AD5F3
:10281000D2F8103501F01E0123F01F030B43C2F85C
:102820001035D2F808315BB1D2F8103523F01F0310
:102830000B4343F00103C2F810356FF08B00704773
:10284000024B01221A700020704700BF9F14002025
:102850002DE9F0410D46164604F097F9314607463A
:10286000284603F01EFF28B3B5FBF7F307FB13530D
:1028700003BBB6FBF7F407FB1464DCB9B74213D80B
:1028800004F083F9DFF834800746FFF7B5FF04460C
:1028900068B9284601F084FB98F800300BB1FFF7C7
:1028A00095FFF61B3D44F0D12046BDE8F0816FF066
:1028B0008B04F9E76FF01504F6E700BF9F140020C2
:1028C0002DE9F8430E463046194617461C4603F0DC
:1028D000E8FE30B346EA040515F0030521D11CB328
:1028E000DFF84C906319032BA6EB050807D80F4AB5
:1028F000D2F80034DB07FBD50020BDE8F883FFF7F2
:102900007BFF58B97B1B4046196801F069FB99F8B9
:1029100000300BB1FFF75AFF043DE3E76FF08B0087
:10292000EBE76FF01500E8E72046E6E700E001403E
:102930009F140020F0B54068057B01F01F0444EAB5
:102940004514056987B0002D64D0B2F5001F00F171
:10295000100506D12146284604F00FF9002007B0E3
:10296000F0BD01AE0027B2F5800F0197776039D135
:10297000B3F1007F14BF052304238DF80430002336
:10298000CDE904630393836823FA01F111F0010197
:102990001AD1B2F1A07F17D104F01F03620903F529
:1029A000E0732AD0012A3BD11F4A52F82330DB07BB
:1029B0000AD40DF1030632462146284601F04AF9B1
:1029C0001A4B98421CD0029603AA2146284601F0D1
:1029D00003F8174B984220D101222146284601F0E6
:1029E0009DF9BBE7B3F1C06F05D0B3F1007F14BF11
:1029F00001230223C1E70323BFE74FF0A042D4E73E
:102A00003146284601F084F9094B9842DBD06FF03B
:102A10000B00A4E76FF08500A1E76FF015009EE7BB
:102A200051F82330FFDE00BF000300500400AD0B5F
:102A30000000AD0B38B545682B69B3B11035284699
:102A400001F056F9044680B90146284601F01CF908
:102A5000084B98420BD108492246284601F0F4F869
:102A6000224605210620FFF749FB002038BD6FF004
:102A70000400FBE70000AD0B7D2A0000420970B5A1
:102A8000034602D0012A17D070BD0D4E326951683D
:102A90000029F9D003F01F0301250C689D4000298F
:102AA000F2D08A682A4002D04B68304698472CB151
:102AB000236821461C46F2E7024EE7E72346F8E783
:102AC000C86D0000B46D00002DE9F043466840F287
:102AD0000635D006337B87B002EA050554BFC2F342
:102AE0004010032001F01F07B5F5837F144647EA25
:102AF00043178DF8030045D00FD8062D18D007D8FE
:102B0000B5B1022D40D06FF0150007B0BDE8F083DD
:102B1000B5F5807FF7D101250AE040F20222954207
:102B200034D0B5F5407F33D0B5F5007FEBD1022529
:102B30000123220303FA01F12CD57368C3F80815A9
:102B4000326982BB07F01F037F0929D0012F77D19B
:102B50003E4A02EB830284F48033D2F80017C3F3B9
:102B60000043C4F3404444EA430421F4E16144EAED
:102B7000800421F0070144EA05230B43C2F8003723
:102B80000020C2E70725D3E70425D1E70525CFE7D5
:102B90000325CDE7630344BF7368C3F80C15CFE783
:102BA0004FF0A042D5E710360DF10202394630460B
:102BB00001F050F814F4403F80460CD139463046BD
:102BC00003F0D9FF224B9845DAD19DF80210304628
:102BD00001F098F8D4E701AB4FF0000903AA394699
:102BE0003046CDE90439CDE90199CDF80C9000F0DB
:102BF000F3FE174B984286D114F4003315D09DF89C
:102C000003308DF80E3084F48034C4F300444B4616
:102C100003AA394630468DF80C508DF80D4000F06F
:102C200095FF0B4B9842CDD06DE7CDE9043303AA55
:102C30000DF1030339463046039300F0CDFEF0E773
:102C400003F5E07352F82330FFDE00BF00030050AD
:102C50000000AD0B70B5012383400E4ABFF35B8FBC
:102C6000DC4352E8001F01EA040542E80056002E4A
:102C7000F7D1BFF35B8F4FF4803282400648C0F833
:102C80000823BFF35F8FBFF36F8F0B4214BF012088
:102C9000002070BD6C1300200010014070B40E497C
:102CA000D1E90034D01AC31844F1000422F07F4661
:102CB000C1E90034A6F50013B3F5400F09D2074B64
:102CC0001B681A0A1B069C19054B42F10005C3E953
:102CD000004570BC01F0E4BAE0050020701300204C
:102CE000E805002011B3BFF35B8F0123104A834036
:102CF00052E800CF4CEA030C42E800C10029F7D1AA
:102D0000BFF35B8F0B4A4FF480338340C2F8043328
:102D1000094BBFF35B8F1B68BFF35B8FC340DB07BF
:102D200042BF064B4FF40032C3F80021704700BF8A
:102D30006C130020001001406813002000E100E047
:102D40000D4B1868010A0006BFF35F8F0B4BD3F8D9
:102D50000435181841F10001B3F5801F0AD2084B61
:102D6000D3E90023904271EB030303D210F180708A
:102D700041F10001704700BF7013002000100140B6
:102D8000E80500202DE9F04F85B016461F469DF856
:102D900040A00446FFF75EFF0190FFF7D1FFB0426D
:102DA00071EB070354D23E4B301A67EB0101984296
:102DB00071F100014FD23B4B03EB0413D3E9022323
:102DC0009F4208BF96425ED037494FF4803804F1E5
:102DD000500508FA04F8AD00C1F848832046ADB2AA
:102DE00003F03CFD26F07F4B05F1804504F5A87308
:102DF00005F58835DC464FF003090293029A2CF062
:102E00007F4341F82230C1F84483D1F80435274A82
:102E10006FF00200C01A604420F07F40904232D927
:102E2000286868B1D1F804350393A3EB0B0020F0B8
:102E30007F40B0F5000F26D9204603F00FFD039B1D
:102E4000BAF1000F07D109EB030C09F10109D5E72D
:102E5000BAF1000F09D06FF0150520460199FFF770
:102E600041FF284605B0BDE8F08F0123104ABFF3AB
:102E70005B8FA34052E8000F184342E8000100298D
:102E8000F8D1BFF35B8F07490E98230101EB0412C1
:102E9000C8500F9B5360C2E902670025DDE700BF01
:102EA00001008000D005002000100140FDFF7F00E0
:102EB000681300207FB51C4C1C4BC4F80833C4F8C1
:102EC00048331B4B00254FF0FF304FF0FF31C4F863
:102ED0000855C3E902014FF48033C4F80433154B9D
:102EE00002264FF400320121C4F804631120C3F814
:102EF00080212A46FFF702F91120FFF7CFF80E4A8A
:102F00000123A360236013600C4B0D4A0093CDE9AD
:102F1000015500232846FFF735FF3046FFF7C2FB77
:102F2000284604B070BD00BF0010014003000F0030
:102F3000D005002000E100E06C1300209D2C000073
:102F4000FFFF7F002DE9F7432F4CD4F80433990796
:102F50000BD5D4F8043143B12C4A0023C4F8043112
:102F6000D4F80431136801331360D4F80433DA035E
:102F700029D5BFF35B8F264B53E8002F22F00101C8
:102F800043E800100028F7D1BFF35B8FD30702D4CA
:102F9000D4F84031BBB10025C4F84051D4F84031D9
:102FA000FFF7CEFEEFF31182202383F31288BFF3E5
:102FB0006F8F184BD3E90267B042B94106D282F352
:102FC0001188BFF36F8F03B0BDE8F0834FF0FF3877
:102FD0004FF0FF39C3E90289D3E900101D604FF4B7
:102FE0008033C4F84833C4F84051D4F8403182F3F8
:102FF0001188BFF36F8F0029E5D0009032463B4621
:1030000028468847DFE700BF00100140701300200A
:1030100068130020D005002030B5431C124C85B049
:1030200005D08442A8BF0446012CB8BF0124FFF795
:1030300087FE0E4B0C4DD3E90013401AB0F5000F7C
:1030400010D22218AA4228BF2A4652184FF0000078
:1030500007490091CDE9010043F10003FFF792FE1B
:1030600005B030BD2A46F0E7FFFF7F00E0050020F5
:103070009D2C000008B5FFF763FE024B1B68C01AC9
:1030800008BD00BFE005002010B5084C01236360B7
:103090001120FFF711F8064BC4F80833C4F8483381
:1030A000044B4FF40032C3F8802110BD00100140E2
:1030B00003000F0000E100E030B50C490C4D0B6837
:1030C0000246002405EB0310D0F80808C0B218B976
:1030D00004B10B60002007E00133072B4FF001041F
:1030E000F0D90B606FF01B00136030BD741300202B
:1030F00000E0014030B5816885B0103921F0070447
:10310000054603F0A6F910220146684603F042FA8C
:1031100007491022684603F032FA10236A46214616
:10312000284603F060F9003818BF012005B030BD13
:10313000C672000030B50D46816887B0102302AA20
:103140001039044603F03AF9002802DA012007B0EA
:1031500030BD102202A9204603F0EDFB00283AD131
:103160001E49102202A803F0FAF900280CBF01231F
:1031700002232B70204603F0CAFB012301460DF108
:103180000702204603F01AF90028DFDB9DF807301C
:1031900003F00F021B096A702B7101220DF1070168
:1031A000204603F0C8FB10B96B78042B03D9012328
:1031B0006B7000232B71A268183A22F00702083ABC
:1031C000A91C204603F0CAFB0028BFD1E91C2046F9
:1031D00003F01DFCBBE70323CBE700BFC672000072
:1031E000F0B5354F460085B00546694657F82600CC
:1031F00003F013FC044610B1FF2005B0F0BD01360A
:1032000002A957F8260003F008FC012837D12B4803
:103210002A46492103F0C4F8294B02938DF80C404B
:103220009DF800609DF80870264C002220783146F9
:1032300003F073FB50B36078394603F06EFB28B39C
:10324000A378042B03D09DF8031099421ED1E37894
:10325000042B03D09DF80B10994217D12379042B2E
:1032600010D16279022A1DD1174B18482A464921EC
:1032700003F096F86079831E022BBED9BCE70028C4
:10328000CED0B9E79DF802109942EAD00132032A64
:1032900004F10604CAD10E482A46492103F080F8F9
:1032A0000120AAE7032A05D00A4B0B49042A08BFCC
:1032B0000B46DAE7094BD8E71471000016790000D5
:1032C00003010303AB790000F87800006179000086
:1032D00085790000FD7800000F790000F378000088
:1032E0004FF08053D3F83021082A06D1D3F8343177
:1032F000052B02D8024AD05C70470020704700BFFF
:10330000C3790000024AD2F80034002BFBD070478A
:1033100000E0014010B54FF08053D3F83021082A67
:103320004ED14FF080420021C2F80C11C2F81011AA
:10333000C2F8381502F54042D3F80414C2F820153B
:10334000D3F80814C2F82415D3F80C14C2F82815C1
:10335000D3F81014C2F82C15D3F81414C2F8301591
:10336000D3F81814C2F83415D3F81C14C2F8401559
:10337000D3F82014C2F84415D3F82414C2F8481521
:10338000D3F82814C2F84C15D3F82C14C2F85015F1
:10339000D3F83014C2F85415D3F83414C2F86015B9
:1033A000D3F83814C2F86415D3F83C14C2F8681581
:1033B000D3F84014C2F86C15D3F84434C2F8703511
:1033C000FFF78EFF18B1414B414AC3F88C26FFF737
:1033D00087FF18B13F4BFB22C3F81825FFF780FF8A
:1033E00070B14FF080414FF08053D1F8E42ED3F804
:1033F000583222F00F0203F00F031343C1F8E43EEA
:10340000FFF76EFF20B1344B4FF40072C3F8402633
:103410004FF08053D3F83031082B09D14FF080435F
:10342000D3F80024D20744BF6FF00102C3F8002490
:103430002A4AD2F8883043F47003C2F88830BFF3C8
:103440004F8FBFF36F8F4FF08053D3F83021082A8E
:103450000ED1D3F83431052B02D8214AD35C3BB1CD
:103460004FF01023D3F808224FF08043C3F85825BB
:103470004FF01023D3F80022002A03DBD3F80432E4
:10348000002B22DA174901234FF01020C1F8043530
:103490001224FFF737FFC0F80042FFF733FFC0F8F0
:1034A0000442FFF72FFF0023C1F80435FFF72AFF7E
:1034B000BFF34F8F09490C4BCA6802F4E062134313
:1034C000CB60BFF34F8F00BFFDE710BD0050004041
:1034D0004881030000F000400090024000ED00E051
:1034E000BD79000000E001400400FA0530B5046831
:1034F000CCB1BFF35B8FB4FA84F3C3F11F03DBB22B
:1035000001229A4024EA020250E8005FA54204D159
:1035100040E8002CBCF1000FF6D1BFF35B8FE6D181
:1035200002480B7030BD0248FCE700BF0000AD0B45
:103530000200AD0B10B50368CB40DB0714D40123A8
:103540008B400268BFF35B8F43EA020150E8004FF3
:10355000944204D140E8001CBCF1000FF6D1BFF347
:103560005B8FEED1014810BD0148FCE70000AD0BB8
:103570000400AD0BF7B5044618B1012823D003B001
:10358000F0BD4FF080430222C3F808230122DA6025
:10359000C3F80401D3F80431064601238DF807303F
:1035A00042F210754FF08047D4B1012CE7D1D7F823
:1035B0000C3403F48033AEBB83B3012003F05BFA19
:1035C000013DF4D12AE04FF080430022C3F8080304
:1035D0005860C3F80021D3F800310DF10706DCE78D
:1035E000D7F8183403F480333EB9002BC7D001203C
:1035F00003F041FA013DF3D1C1E7D7F8182402F0F6
:1036000003023260002BBAD09DF80700012803D1D5
:1036100003F031FA013DC7D1012CB0D1054B002296
:103620005A71ACE7D7F80C2402F001023270002B7B
:10363000EAD1F3E778130020054B1A792AB99A7179
:10364000012218609A80034870470348704700BF02
:10365000781300200000AD0B0C00AD0B08B5074B34
:103660001B682BB10020FEF73BFD08B9FEF716FDE5
:103670004FF080430022C3F8182508BD78130020BE
:1036800010B510B1012840D010BD4FF08043D3F8E1
:103690001814D3F81824CC031ED5900702D00020AC
:1036A000FFF768FF4FF080430022C3F8182502207F
:1036B00008224FF4827303F180430021196002F164
:1036C00080421C6801241460154A12680AB34FF046
:1036D0008043C3F80403D7E7D3F81424D107E1D516
:1036E000D3F81C249207DAD10D4A12681AB10222CB
:1036F000C3F80423C8E7D3F80421002AFBD0002232
:10370000C3F80421D3F80431BEE700224FF48073DC
:10371000D1E71A68002AFCD019601B68B4E700BF23
:103720007813002010B54FF08043D3F800216AB120
:103730000022C3F80021D3F800210122C3F8082396
:10374000184B587910B95A711B6898474FF080434D
:10375000D3F804215AB10022C3F80421D3F804217C
:103760000222C3F808230F4B01201B6898474FF033
:103770008043D3F80C21A2B1D3F80423120710D54B
:103780000022C3F8342CC3F80C21D3F80C11082103
:10379000C3F80813034B9A71BDE810401B6804205E
:1037A000184710BD78130020036803F01F025B095F
:1037B000026004D0012B034818BF002070474FF06F
:1037C000A040704700030050034A430900F01F0067
:1037D000D35C1844C0B27047C979000070B5054683
:1037E000FFF7F2FF0C4C08300E4634F81030DA05C3
:1037F00008D5C3F3432304EBC302284654F83330FF
:1038000052689847A3682BB1E26831462846BDE864
:103810007040184770BD00BFD804002008B5FFF7FE
:10382000D3FF034B083033F81000400B08BD00BF36
:10383000D804002008B5FFF7C7FF034B083033F862
:103840001000C0F3400008BDD804002008B5FFF701
:10385000BBFF034B083033F81000C0F3401008BD25
:10386000D8040020034611F0010010B5CCB20DD1F0
:10387000A207C4F3400012D5094AD2F820055860C7
:10388000C2F82005003818BF012008E04FF0A04121
:10389000D1F820251A60C1F82025002AE8D010BDF3
:1038A0000003005010B5FFF78FFF124A083032F8BE
:1038B0001030D9051CD5C3F3432123F4F85322F863
:1038C000103002F10E04002034F8023F13F4807F20
:1038D00003D0C3F3432399420AD001303028F3D1F7
:1038E000002342F831300448BDE81040FFF722BE03
:1038F00010BD00BFD804002050050020F0B50546DB
:1039000000200446012607468C420BD1114BD3F808
:103910007C2132B10022C3F87C21D3F87C3140F005
:103920000040F0BDE3B29B0003F580729B0806FAED
:1039300003F31D420BD002F1804202F5C042D2F8DF
:1039400000C0BCF1000F02D01760126818430134A8
:10395000DAE700BF00600040F7B506460846FFF70B
:1039600033FF194F00F108050C4637F81530DB0717
:1039700027D5304603F0DBF82046FFF767FF40B15C
:103980002046FFF74BFF316800F5A270002341F895
:1039900020302046FFF786FF002301A827F81530C6
:1039A0000194FFF701FF019B00EB8300074BD0F868
:1039B0000027134043F00203C0F80037044803B067
:1039C000F0BD0448FBE700BFD8040020F0F8FCFF7E
:1039D0000000AD0B0400AD0B2DE9FF4116468046FB
:1039E0000846FFF7F1FE0D463168044609B3284644
:1039F000FFF720FF18B12846FFF728FF10BB002370
:103A0000CDE900338DF80E308DF80F300DF10F0237
:103A10000B4628460DF10E0103F031F8474A04F138
:103A2000080132F8113023F0020343F0010322F8B9
:103A30001130736863B328461F785968FFF7FAFEA0
:103A400010B1D1B13E4826E03C4A04F1080032F8FA
:103A5000103023F02003DB04DB0C22F8103061B1BE
:103A6000032FEFD87168496891F800C0D8F80010AA
:103A7000A7B90CF5A27C41F82C70304A04F108017A
:103A800032F8113023F01C0343EA870322F8113087
:103A9000B3684BBB2B4804B0BDE8F08101EB8C014F
:103AA00043EA4C33D1F810E52EF0030EC1F810E5CF
:103AB000D8F8001001EB8C0E43F02003DEF810154F
:103AC00022F8103021F44F3121F44071CEF8101556
:103AD0002902DEF8108501F47C5141EA074141EAF0
:103AE0000801CEF81015C8E7D3E900672846FFF7AC
:103AF000D9FE002ECED0114DD5E90023964203D138
:103B00009F4201D1002209E00F480DF10F01FFF79C
:103B1000EDFC0C4B9842BED19DF80F2045F8326069
:103B200005EBC20308345F6035F8143043EA4223E2
:103B300043F4807325F81430ACE700BFD8040020AC
:103B40000400AD0B0000AD0B500500202DE9F04343
:103B50000C4685B08046204611461E46FFF734FECF
:103B6000054629B32046FFF765FE18B92046FFF742
:103B70006DFE18BB314F05F1080937F8193013F005
:103B80001C0F02D04B78012B18D001238DF80F3079
:103B90000023CDE900134A1C8B1C20460DF10F01B8
:103BA00002F06DFF37F8193043F0030327F819309E
:103BB000002E41D02046FFF73DFE18B9204805B041
:103BC000BDE8F08396F800C0D8F800301B4F0CF524
:103BD000A272002143F8221005F1080237F81210F2
:103BE00021F02001C904C90C27F8121075781DB303
:103BF000D8F80000B67800EB8C002D04D0F8103512
:103C000023F4991323F4F853C0F81035230203F476
:103C10007C5305F440353605D0F810E52B4306F407
:103C2000801641EA4C31334341F0200143EA0E0350
:103C300027F81210C0F810350248C0E7D804002059
:103C40000400AD0B0000AD0B014BC3E9021270473D
:103C5000D804002010B508461446FFF7F7FD50B110
:103C60000846FFF7B1FD054B083033F81030044823
:103C70005B0B237010BD0348FCE700BFD804002095
:103C80000000AD0B0400AD0B70B5164D95F88040EB
:103C900006462CBB2146602205F1100002F07AFC9A
:103CA00030682E6F21468E420ED10023C0F87C3141
:103CB000D0F87C3140F30730FEF7F0F901230A48D1
:103CC00085F88030AB6770BDCBB29B0003F5807286
:103CD0007C2B08BF845001F1010108BF8358E2E743
:103CE0000248F0E7D80400200000AD0B0C00AD0B3B
:103CF000034B93F88000003818BF0120704700BFC5
:103D0000D80400200148FFF715BC00BF4C05002077
:103D10000148FFF7EBBB00BF4C05002073B50368FB
:103D20001646D3F80423002AA8BF4FF000420546E8
:103D3000A8BFC3F8042308460C46FFF787FD00B36D
:103D40000846FFF777FD0146D8B92046FFF766FD24
:103D500004B2A40004F580720346286881502968E3
:103D600082582144D1F8102542F00102C1F81025F3
:103D70002EB12968012202FA03F3C1F8043302B01C
:103D800070BD2046FFF720FD0F4B083033F8103090
:103D9000C3F38203042B12D0052B12D001A8019487
:103DA000FFF702FD019AD0F81035D34003F001036C
:103DB000991C204602B0BDE8704002F0A9BE032164
:103DC000F7E70221F5E700BFD80400202DE9F04F06
:103DD000694BDFF8B081D3F80403D8F87010C0B293
:103DE00089B040F00040FFF789FD051E2FDAC2467A
:103DF00000235AF87C1F06A8CDE90633FFF732FDF1
:103E00005E4B01930DF118094FF0000B019A12F867
:103E1000013B0192DA0803F007031AF8022022FAA4
:103E200003F3DA071CD409F10409BBF1000F14D025
:103E3000D8F870104FF00040FFF760FDD8F87C1004
:103E400006A8FFF70FFD0028DAD125F00045012470
:103E5000002D79D109B0BDE8F08F4FF0010BD5E707
:103E6000474B5B440293D9F800100029DBD0029B3A
:103E700091FAA1F11C78B1FA81F141EA441420468B
:103E8000FFF7A2FC0830059438F81070C808BB088A
:103E900019F80020039301F00701012303FA01F14F
:103EA00022EA010209F8002005A8FFF77DFC059A27
:103EB000039B02F5E072C7F3820650F822205B07ED
:103EC0003746C2F3014224D520463946D6B2FFF721
:103ED00085FC05A80594FFF767FC059B03F5E073D7
:103EE00050F82330C3F301439E4207D100212046FE
:103EF00002F00EFE3146204602F00AFE05A80594A7
:103F0000FFF752FC059B012202FA03F3C0F82035AB
:103F1000A9E7022A0CD10321204602F0F9FD06F0A0
:103F20000503012BEAD139462046FFF757FCE5E7A8
:103F300002212046039202F0EBFD032EF3D0039AF8
:103F4000032ADBD1022EEDE795FAA5F3B3FA83F34A
:103F500004FA03F29B0003F1804303F5C04325EA12
:103F60000205D3F81005D3F81015C0F30520C1F3EE
:103F70000141FFF733FC6BE700600040D979000096
:103F8000D9790000D8040020044AD2F80034DB07B5
:103F9000FBD50160BFF35F8F704700BF00E00140B9
:103FA0004FF080531A69B0FBF2F302FB130373B9AD
:103FB000084B0222C3F80425C3F80805D3F80024EF
:103FC000D207FBD500220448C3F8042570470348F4
:103FD000704700BF00E001400000AD0B0A00AD0BD0
:103FE00010B5054C0123C4F80435FFF7CDFF0023BD
:103FF000C4F8043510BD00BF00E0014010B5144CFA
:10400000A8220021204602F0C5FA03232361114AA9
:104010006361114BA261E3614FF48063236200236B
:10402000A3626362E36222660C4A62661022A266A1
:104030002367E3666367BFF35F8F094A12F8011DC8
:10404000E1540133102BF9D1BFF35F8F10BD00BFD6
:1040500010040020DB790000100000200000002088
:10406000F4790000F8B5144B182700FB07751D44C0
:1040700007FB00330E46DB6A012B14460AD0022BE5
:1040800014D023B9284602F088FD844208D90024C0
:104090002046F8BD284602F080FD844228BF044631
:1040A00022463146284602F081FDF1E72846BDE868
:1040B000F84002F098BD00BF10040020F8B50B4B8B
:1040C0001B7804460D4616460BB9FFF797FFEFF332
:1040D00011874FF0200181F311883246294620468E
:1040E000FFF7C0FF87F31188F8BD00BF1004002060
:1040F00038B5094B53F82040013053F82050A54201
:1041000000D838BD636823B1204602F0CAFD0834E8
:10411000F5E723689847FAE71C71000008B50A4BD9
:10412000012203201A70FFF7E3FFFDF7B7FD02F04D
:10413000D4FD0420FFF7DCFFFCF74CF9034A137BA6
:1041400023F00103137308BDA0140020F005002024
:1041500008B50348034A0021121A02F0BAFD08BD4F
:10416000D0050020A414002008B50020FFF7C0FFF0
:10417000184B83F30888184C636943F40073636138
:104180000025E02384F82230E57725766576A5764C
:1041900084F82050636A43F4E023636284F8235078
:1041A000FDF7D6FEFEF722F84FF0FF33A362E3627D
:1041B000FEF7B6F8FEF73EF802F04DFD0120FFF7DE
:1041C00097FF0220FFF794FF04482B462A46294612
:1041D000FDF7F0FF001D002000ED00E01D41000094
:1041E00008B50648064A0749121A02F074FDBDE8F0
:1041F0000840054A0549064802F06DBDC00400208C
:10420000CC050020007A000000000000F8790000D2
:10421000C0040020034B1B680BB9FEF72BBF002026
:10422000704700BF8013002030B570B10B4B5B6846
:1042300098420AD0036843B1D3E90421D0E9044588
:10424000121941EB0501C3E90421D0E900321360E2
:104250005A600023C0E9003330BD00BF5C05002078
:1042600010B50E4B1C689C4204D1FFF7D3FF6FF0D2
:10427000004010BDFFF7CEFF002CF8D0D4E9043287
:104280001B1A62EBE072B3F1004F72F10001EEDA3B
:10429000002AACBF18460020EBE700BF5C050020F9
:1042A0002DE9F84FEFF31186202383F31288BFF333
:1042B0006F8FDFF8B4902A4D2A4C2860D9F800009F
:1042C0004FF0000A484508BF00204FF0000BD4E92A
:1042D000001E2B68374680B3D0E904864FEAE37CA2
:1042E00043457CEB060206DAB8EB030266EB0C06EC
:1042F000C0E9042621E018EB01014EEBE873C0E9A8
:1043000004ABC4E90013FFF78FFF87F31188BFF3F5
:104310006F8F83689847EFF31187202383F3128808
:10432000BFF36F8F2B68D9F80000A3EB0803484553
:104330003E462B60CBD1D4E9001E59184EEBE373F7
:10434000C4E9001300242C60FFF78AFF2146FEF722
:1043500063FE87F31188BFF36F8FBDE8F88F00BF4E
:1043600080130020700600205C05002010B50A4C68
:1043700023681BB101232360002010BD00F048F822
:104380000028F7D00138062803D8044B53F8200042
:1043900010BD034810BD00BF84130020347100001D
:1043A000FE8FFFFFBFF34F8F0549064BCA6802F42B
:1043B000E0621343CB60BFF34F8F00BFFDE700BF48
:1043C00000ED00E00400FA0510B40A4B0A490B4C5A
:1043D0004FF0FE32C3F800244968C3F80424C3F840
:1043E0000824C3F80C240023C4F800355DF8044BFE
:1043F000084700BF00B002506405002000A0025032
:10440000D0E90012014BC3E9001270476405002097
:1044100038B500F02FF820B1032400F063F82046EF
:1044200038BD00F031F898B900F0ACF898B90F4DEC
:10443000D5F828391B0EF02B08D1D5F8242A0C4BBF
:104440009A420AD0072400F017F8E6E70624FAE7B4
:104450000424204638BD0024F5E7012000F092F83E
:1044600004460028F7D1C5F80C0AD8E700B002507E
:104470000000E0200020704700207047014BC3F887
:10448000040A704700B0025010B5114800F048F817
:1044900000B110BD0F4800F043F80028F9D10E4CD0
:1044A000204600F03DF80028F3D10C4B0C481C606E
:1044B00000F036F801460028EBD100F02DF8044654
:1044C00008B1204610BD00F03FF82046FAE700BFD3
:1044D0007C05002078050020740500206C05002074
:1044E0007005002008B5084800F024F8074800F0DF
:1044F00021F8074800F01EF8064800F01BF8BDE858
:10450000084000F00BB800BF7C05002078050020B3
:10451000740500207005002000207047704700BF20
:1045200008B5034B02681B6810689847002008BD57
:104530009405002008B5034B02685B681068984733
:10454000002008BD9405002070B5094C094D206974
:10455000AB68984718B1084B08485B689847084A09
:10456000EB68206900211160BDE87040184700BF6A
:104570008005002094050020640500205071000093
:1045800088130020F8B51A4D1A4E0446B2682869FF
:104590009047E8B9184F3B684CB1A3B1012B19D033
:1045A000013B3B602869F36898470020F8BD43B998
:1045B000124A0121C2F800151149D1F81029002A28
:1045C000FBD101333B60F368286998470020F8BDB0
:1045D0000C48F8BD0A4AD2F81039002BFBD1074A23
:1045E0006FF07E40C2F80035FFF748FF3B68D7E721
:1045F00080050020940500208813002000A00250B0
:1046000000B00250E98FFFFF10B5044650B1636857
:1046100013F0685F05D0064A934202D0002323605E
:10462000626010BD034B04485B689847EFE700BF2A
:104630002C5F5CA96405002070710000C8B143685C
:104640000D4A934213D013F0685F0ED0012350E857
:10465000002F194640E8001C9CF0000FF7D1012AFA
:10466000F5D0BFF35F8F00207047044870470448BF
:1046700070476FF4E04070472C5F5CA9E98FFFFF43
:10468000EA8FFFFF80B14368094A93420AD013F0D2
:10469000685F05D0BFF35F8F002303601846704743
:1046A00004487047044870476FF4E040704700BF0B
:1046B0002C5F5CA9E98FFFFFEA8FFFFF10B504466E
:1046C00020B1044B63600022226010BD0248FFF756
:1046D0007BFEF6E73A00003A9871000030B10268BC
:1046E000034B04489A4208BF0020704702487047B5
:1046F000DD55AABB8208F0007108F00038B50D4600
:104700000446B0B1A0220021043002F006FB95B1AE
:104710000822294604F1640002F005FB082205F195
:10472000200104F1840002F0FEFA044B2360002013
:1047300038BD0348FCE70348FAE700BFDD55AABBD4
:104740007108F0008308F0002DE9F74305460E4696
:1047500099461146FFF7C2FF0446002840F08480C6
:10476000002E00F08580002900F08480B9F1200F30
:1047700040F0828005F14404082205F10408204637
:1047800002F0D1FA05F1240708223146404602F032
:10479000CAFA06F120010822384602F0C4FA02A93A
:1047A0004FF4807041F8049D02F0B1FA002865D101
:1047B000334A4FF480731360012193600823314A18
:1047C00000F02EFB0121084605232F4A00F028FBAC
:1047D0000823424601211C2000F022FB08233A4610
:1047E0000121032000F01CFB2246082301210220A6
:1047F00000F016FB0823254A01211A2000F010FBC7
:104800000523234A01211B2000F00AFB0823214A2B
:104810000121142000F004FB08231F4A0121152068
:1048200000F0FEFA082305F164020121162000F0D1
:10483000F7FA082305F184020121172000F0F0FAAD
:104840000823164A01210B2000F0EAFA00F044FB8D
:104850000446019800F0D2FA114B002C18BF1C46F8
:10486000A421284602F05BFA204603B0BDE8F0839D
:104870000C4CF9E70C4CF7E70C4CF5E7084CEFE76C
:1048800090B00250FC71000074720000BC71000016
:10489000607200002072000040720000DC710000B5
:1048A0008408F0007608F0008008F0008108F0002D
:1048B0000C4BC2691A60826943F8042C426943F8C0
:1048C000082C026943F80C2CC26843F8102C82684B
:1048D00043F8142C426843F8182C026843F81C2C47
:1048E000704700BF5CB602500C4B1B68C3610C4B99
:1048F0001B6883610B4B1B6843610B4B1B68036197
:104900000A4B1B68C3600A4B1B688360094B1B681A
:104910004360094B1B680360704700BF5CB60250E0
:1049200058B6025054B6025050B602504CB602501F
:1049300048B6025044B6025040B6025030B1026848
:10494000034B04489A4208BF002070470248704752
:10495000DD55AABB0202F0000002F00038B50446A3
:1049600068B1051D7021284602F0D9F92846202299
:10497000044902F0D0F9044B2360002038BD0348FD
:10498000FCE700BF88720000DD55AABB0002F00002
:104990002DE9F043284B04460E4615460FCB85B053
:1049A0006F4687E80F002DB94FF00009484605B063
:1049B000BDE8F0832046FFF7C1FF81460028F5D10E
:1049C000231D0193636AA3BB236F8BB1C3F140081E
:1049D000A84528BFA84604F1300031461844424695
:1049E00002F099F9236F434446442367A5EB080579
:1049F000226F402A06D104F13001384600F0AEFBA8
:104A00000023236705F03F0835F03F0505D0314608
:104A10002A46384600F0A2FB2E44B8F1000FC3D05E
:104A20004246314604F1300002F075F9C4F8708056
:104A3000BCE7DFF80890B9E7806F00000C02F000D7
:104A40002DE9FF41144B04460E460FCB6F4687E815
:104A50000F002046FFF772FF8046B0B9CEB1636AFF
:104A6000251D01953BB901236362226F04F13001DA
:104A7000384600F073FB2B46043E243453F8042BD5
:104A800012BAA34246F8042FF8D1404604B0BDE85C
:104A9000F081DFF80880F8E7806F00000502F00081
:104AA000084B1B681B0EF02B08D1074B1A68074BED
:104AB0009A4205D1064B00201860704705207047C8
:104AC0000620704728B9025024BA02500000E020A6
:104AD0000CBA0250002230B549001346023840F6A5
:104AE000FC7502F1A05404F52C44A400904202F19C
:104AF0000102CABF236025605B181E2AF1D1044A57
:104B000013600B445360034B034A1A6030BD00BF6F
:104B100078B0025084B0025020F80F0030B51E4B20
:104B200085B01A46196800910099CC07FAD500F1B2
:104B3000A05000F52C408000016813680193019B90
:104B4000D807FAD5154B164C1868164D1F30202380
:104B500090FBF3F00138002810DA00230130400107
:104B600053B1A0F120014FF00042134204D10138AB
:104B700088424FEA5202F8D105B030BD1368039362
:104B8000039BDB07FAD5431823602B680293029B33
:104B9000002BE3D10138DEE7B4B00250ACB00250D4
:104BA000E4B00250DCB00250F0B51D6885B001F0F1
:104BB0001F040DB91F2C25D1154D2E462F680197C6
:104BC000019FFF07FAD500F1A05000F52C408000AE
:104BD000006835680395039DED07FAD50D4D00EB90
:104BE000611028600C48006802901F2C18BFC94350
:104BF00002980FBF106001F01F0100FA01F111606F
:104C00000021196010684300C00F136005B0F0BDAB
:104C1000B4B00250E4B00250DCB002500C4B18604B
:104C20003F3020F03F008901403058609960D960E2
:104C30001961596199611C330648196082B0026894
:104C40000192019AD207FAD5196002B0704700BFED
:104C500090B00250B4B0025038B5A0F12003B3F5C3
:104C6000426F05462CD88F2826D800F1470300F163
:104C70006604DB064FEA541400D0013464013F346B
:104C8000A409013411B1A1421AD30C46E3004FF438
:104C90008050B0FBF3F0202828BF202002B1106024
:104CA000084B01221A602146FFF714FF28462146CF
:104CB000FFF7B4FF002038BD00F11F046409DDE7F1
:104CC0000148F8E71CB802502221F000F0B5454B2E
:104CD00089B01D461C680194019CE407FAD5424B3B
:104CE000DFF80CE1DFF80CC113449B0000241A68C4
:104CF0000B181E2B88BFC0F11E011F320B18520962
:104D00005343B3F5806F82BF4FF48061B1FBF2F182
:104D1000091A00F1A05000F52C402746A14233DCCF
:104D20002B680493049BDB07FAD5304B1B6829687A
:104D300005910599CF07FAD52D4C2E492360002304
:104D40001E46934203F1010040D120F001022948A0
:104D5000194600268A423CD8296806910699CE0752
:104D6000FAD525490968286807900798C007FAD539
:104D70002160204800210C468B422DD11D49002086
:104D80009A422CD809B0F0BD2B680293029BDB0736
:104D9000FAD503199B001B682E680396039EF6073D
:104DA000FAD5CEF800300023934203F1010306D177
:104DB000164623F00103B34204D80134AEE7CCF821
:104DC0000070F1E7CCF800700136F4E70E6003469E
:104DD000B7E706600131BDE704600131CCE7086048
:104DE0000133CDE7B4B0025024AC00147CB00250C3
:104DF000D4B00250D8B0025078B0025008B540B1DB
:104E0000202801464FF0070228BF20210020FFF78D
:104E10005DFF024B00221A6008BD00BF1CB80250A3
:104E2000F0B5294D85B02C462E680096009EF607F9
:104E3000FAD500F1A05000F52C40800005682068EC
:104E400001900198C707FAD52048214F056002EB71
:104E50008306B24229D15A1C1D4E22F001020027BE
:104E60009A4227D823680293029BDE07FAD5194B92
:104E70000B449B001B681F335B099A4213D22168C5
:104E800003910399C907FAD5154400219B1A104ACA
:104E9000056008468B4210D85A1C0D4922F00102C9
:104EA00000209A420CD805B0F0BD52F804CBC7F8E8
:104EB00000C0CEE737600133D2E710600131E9E787
:104EC00008600133EDE700BFB4B00250D4B0025027
:104ED000D8B0025024AC00142DE9F041814B1D687C
:104EE00098682033A0B01E461A680192019AD7072D
:104EF000FAD57D4B7D4A1A6032680292029AD40735
:104F0000FAD57B4A1A607B4A1446116803910399CB
:104F1000C907FAD5784A1168C1F340213768049768
:104F2000049FFF07FAD5754F1F6027680597059FF7
:104F3000FF07FAD51768002900F0CF80B90540F1C6
:104F4000CC80316806910699CF07FAD56C49196073
:104F5000216807910799C907FAD51168C1F3402163
:104F600037680897089FFF07FAD5664F1F602768C4
:104F70000997099FFF07FAD51268002900F0AF8052
:104F8000910540F1AC8032680A920A9AD207FAD5AC
:104F9000564A1A6032680B920B9AD707FAD55A4ACA
:104FA0001A6031680C910C99CC07FAD557491960F1
:104FB00031680D910D99C907FAD5554919603168C5
:104FC0000E910E99CF07FAD55249196031680F91A9
:104FD0000F99CC07FAD550491960504B1E461968F5
:104FE00010911099C907FAD53F4C4D4B2360336897
:104FF0001193119BDB07FAD54A4B23603368129358
:10500000129BDF07FAD5484B23603A4B9846196844
:1050100013911399C907FAD5324F38603368149346
:10502000149BDB07FAD5226033681593159BD807CC
:10503000FAD53E4B236033681693169BD907FAD5F1
:105040003B4B236033681793179BDA07FAD5394B2C
:10505000236033681893189BDB07FAD5364B23601F
:1050600033681993199BD807FAD5344B23603368FA
:105070001A931A9BD907FAD5314B236033681B93D7
:105080001B9BDA07FAD52F4B236000F01DFC08BBF1
:10509000D8F800301C931C9BDB07F9D53D603368C2
:1050A0001D931D9BD907FAD5274B236033681E93A8
:1050B0001E9BDA07FAD5254B2360D8F800301F93E2
:1050C0001F9BDB07F9D50C4B1B6813F4805F204B4B
:1050D00008BF184620B0BDE8F0811E48FAE71E4818
:1050E000F8E700BF90B0025080B0025000100251AB
:1050F000C01F7229B4B0025088B00250C0CF01293D
:10510000C01F0E29C03F002940010249003184A878
:1051100000001649400108A180440888B0B0025040
:10512000C044708880077A41C0077E4100006A4908
:105130008006164940006E490002002100822021AD
:10514000408220218082242140A161A100C86151B8
:105150000308F1000108F1000208F1002DE9F74F02
:10516000314B44688046924699461A68002AFCD121
:105170002E4B9B461A68002AFCD14FF0FF3001915C
:1051800000F094FC802000F097FC294D294A2A4F1A
:105190002A4E012307202B60A2F59E72C2F83C0123
:1051A0001360636A3B60A36A3360D8F8003042F84A
:1051B000043CD8F80830204698470199D9F80030C7
:1051C000002BFBD1BAF1000F20D11D4B04221A6035
:1051D000D9F80030002BFBD1DBF800A0BAF1000FAA
:1051E000FAD1D8F80C30204698473B6863623368A0
:1051F000A362144BC3F800A0C3F844A1D9F800304F
:10520000002BFBD12B6003B0BDE8F08F236A012B8C
:1052100004BF0C4A13600C4B40201960C3F804A073
:1052200000F050FCD4E700BF10B9025020BC02507F
:1052300018B8025000B90250CCB70250D0B7025093
:10524000C8B7025084B6025028BC025010B5544B67
:1052500098B019461A680192019AD207FAD5514BB3
:10526000514A1A600A680292029AD407FAD54F4A44
:105270001A600A680392039AD007FAD54C4818605E
:105280000A680492049AD207FAD54A4A1A600A6850
:105290000592059AD407FAD5474A1A600A68069219
:1052A000069AD207FAD5454A1A600A680792079A01
:1052B000D407FAD5424A1A600A680892089AD207B7
:1052C000FAD5404A1A600A680992099AD407FAD5B1
:1052D0003D4A1A600A680A920A9AD207FAD53B4AEE
:1052E0001A600A680B920B9AD407FAD5384A1A60EA
:1052F0000A680C920C9AD207FAD5364A1A600A68E4
:105300000D920D9AD407FAD5334A1A600A680E92A4
:105310000E9AD207FAD5314A1A600A680F920F9A8C
:10532000D407FAD52E4A1A600A681092109AD2074A
:10533000FAD52C4A1A601A4B19461C681194119C14
:10534000E407FAD5174B1860086812901298C40742
:10535000FAD51A600A681392139AD007FAD5124A3E
:105360001A600A681492149AD207FAD51E4A1A6073
:105370000A681592159AD407FAD51C4A1A600A6869
:105380001692169AD007FAD5194A1A600A68179227
:10539000179AD207FAD5174A1A6018B010BD00BF85
:1053A000B0B0025080B002500093652100043190EB
:1053B000409665900083612100C3302100C3649052
:1053C000008161900046102100811121004144219B
:1053D00000C320290C4610C80086312100C360217B
:1053E00040C1282940966521001331904096252917
:1053F000594614C84004324910B5494B94B0194677
:105400001A680092009AD207FAD5464B464A1A60AB
:105410000A680192019AD407FAD5444A1A600A68C8
:105420000292029AD007FAD5414818600A6803929E
:10543000039AD207FAD53F4A1A600A680492049A7E
:10544000D407FAD53C4A1A600A680592059AD20731
:10545000FAD53A4A1A600A680692069AD407FAD52B
:10546000374A1A600A680792079AD207FAD5354A6E
:105470001A600A680892089AD407FAD5324A1A6064
:105480000A680992099AD207FAD5304A1A600A685E
:105490000A920A9AD407FAD52D4A1A600A680B9222
:1054A0000B9AD207FAD52B4A1A600A680C920C9A0A
:1054B000D407FAD5284A1A600A680D920D9AD207C5
:1054C000FAD5264A1A600A680E920E9AD407FAD5BF
:1054D000234A1A600A680F920F9AD207FAD5214A16
:1054E0001A600F4B19461C681094109CE407FAD5FB
:1054F0000C4B1860086811901198C407FAD51A600F
:105500000A681292129AD007FAD5174A1A600A68E6
:105510001392139AD207FAD5144A1A6014B010BD28
:10552000B0B0025080B00250809065210004099014
:1055300040966590808061218020082180206490C1
:105540000081619000461021008111210041442119
:1055500080202029024610C8008609218020602171
:10556000402128294096652140962529594614C88E
:1055700010B5504B96B01C461A680192019AD2079A
:10558000FAD54D4B4D4A1A6022680292029AD20710
:10559000FAD54B4A1A604B4A42EA8040226803928D
:1055A000039AD207FAD5186022680492049AD007A9
:1055B000FAD5454A1A60A2F5800242EA8141226882
:1055C0000592059AD207FAD5196022680692069AC2
:1055D000D007FAD53D4A1A6022680792079AD10788
:1055E000FAD53B4A1A6022680892089AD207FAD57F
:1055F000384A1A6022680992099AD007FAD5364AC1
:105600001A6022680A920A9AD107FAD5334A1A60B8
:1056100022680B920B9AD207FAD5314A1A60226897
:105620000C920C9AD007FAD52E4A1A6022680D9275
:105630000D9AD107FAD52C4A1A6022680E920E9A5A
:10564000D207FAD5294A1A6022680F920F9AD0071A
:10565000FAD5274A1A60216810911099C907FAD51E
:105660001A60144B1A46196811911199C807FAD596
:10567000114B20491960116812911299C907FAD586
:105680001D491960116813911399CC07FAD50B497C
:105690001960116814911499C807FAD5174919604F
:1056A000116815911599C907FAD5154A1A6016B0EF
:1056B00010BD00BFB0B0025080B002504004419015
:1056C00000862929D81001C840144190401421298E
:1056D000401465210034409000310C90C0400C9083
:1056E000C030202940960D9000416090031645C8B7
:1056F0000086112100416021594644C8401445905C
:1057000040142D9070B5264888B005460468009472
:10571000009CE607FAD52348234C0460234C44EA56
:1057200083432C680194019CE407FAD5036093013C
:1057300043EA824242F0104444F4C0442B6802938E
:10574000029BDE07FAD504602B680393039BDB07FB
:10575000FAD5174B03608B0143EA814141F01043B6
:1057600043F4C0432E680496049EF607FAD50360FE
:105770002B680593059BDE07FAD5046041F058417C
:105780002B680693069BDC07FAD5016042F058426D
:105790002B680793079BDB07FAD5026008B070BD42
:1057A000B0B0025080B00250C02102298071009830
:1057B00080611890354B8EB019461A680092009A95
:1057C000D207FAD5324B334A1A600A680192019A1D
:1057D000D007FAD5304A1A600A680292029AD207B4
:1057E000FAD52E4A1A600A680392039AD007FAD5AE
:1057F0002B4A1A600A680492049AD207FAD5294AF9
:105800001A600A680592059AD007FAD5264A1A60E6
:105810000A680692069AD207FAD5244A1A600A68DC
:105820000792079AD007FAD5214A1A600A680892A7
:10583000089AD207FAD51F4A1A600A680992099A8B
:10584000D007FAD51C4A1A600A680A920A9AD20747
:10585000FAD51A4A1A6008680B900B98C007FAD557
:105860001A600A680C920C9AD007FAD5144A1A608A
:105870000A680D920D9AD207FAD5124A1A600E21C3
:105880000D230F2200200EB0FFF73CBFB0B0025036
:1058900080B0025080430129406339218070012982
:1058A0008020542100D13490C0403490C030202951
:1058B000C0530D9000413890832308C880E3102125
:1058C00000413821CF4308C82DE9F041012392B0AF
:1058D000CDE90333624B1D461A680592059AD2073B
:1058E000FAD5604C604B2360604B19461A680692EB
:1058F000069AD707FAD55E4B1A68D60400F1A8803D
:105900002A680792079AD007FAD55A4A22600A688D
:105910000892089AD207FAD51E68C6F30036002E00
:1059200040F098801220FFF7F9F807461320FFF7A0
:10593000F5F887428CBF12201320FFF7EFF8471EBF
:10594000FFF738FF03AB01AA39461220FFF72CF905
:1059500004AB804602AA39461320FFF725F900EB75
:105960004800022832D003283ED0012874D12B6889
:105970000993099BDB07FAD53F4B23602B680A93F9
:105980000A9BD807FAD53D4B23602B680F930F9BDA
:10599000D907FAD53A4B23602B681093109BDA078E
:1059A000FAD5384B23602B681193119BDB07FAD58E
:1059B000354B2360013F25D51023192218210020E3
:1059C000FFF7A0FE304612B0BDE8F0812B680B93C4
:1059D0000B9BD907FAD52D4B23602B680C930C9B9E
:1059E000DA07FAD52A4BCFE72B680D930D9BDB071F
:1059F000FAD5284B23602B680E930E9BD807FAD557
:105A0000254BC1E703AB01AA39461220FFF7CCF8BA
:105A100004AB044602AA39461320FFF7C5F810EB81
:105A2000440402D1FFF712FCC4E7FFF7E5FC022CA7
:105A300008D0032C09D0012C10D117211620FFF714
:105A400097FDB7E715211420F9E70F210E20F6E79F
:105A5000124EB7E7124EB5E7124EB3E7124EB1E75A
:105A6000B0B0025080B0025000084A51B4B00250A9
:105A700088B0025000084E5100065A4940065E495F
:105A8000000442410014424940042E490006524994
:105A90004006564900063A4940063E490608F100CC
:105AA0000708F1000408F1000508F100014B186037
:105AB000704700BF08BA0250014B1860704700BF22
:105AC00004BA0250034A13681842FCD0024A10601C
:105AD0001846704700BA025008BA025070470020BA
:105AE000704730B583688B4285B0044615460ED9A1
:105AF0006368C068194401AA00F02BFE28B96268E7
:105B0000019B9B1A2B60029B6B6005B030BD6FF050
:105B10002100FAE770472DE9F7430E4617469946EC
:105B2000044628B94FF0FF38404603B0BDE8F08383
:105B30000029F7D0002AF5D0CB680D891D44042335
:105B40000DEB03022946384600F038FC8046002859
:105B5000E8D1BDF80410738946F60812914225D1A8
:105B6000BDF806109942DDD104230DEB0302294450
:105B7000384600F023FC0028D4D1BDF8042046F6B6
:105B800007139A42CED1C4E900679DF82830A4F8E3
:105B90000890A3727389BDF806202B44E3607389D3
:105BA00013442B44043563612561BDE7002BE4D029
:105BB000B8E72DE9F3410E4617461D46044620B9C5
:105BC0004FF0FF3002B0BDE8F0810368002BF7D042
:105BD0004368002BF4D04FF6FF78D4E904239A42AF
:105BE00016D223685B8923B1E368934204BF043370
:105BF00023610423216960680DEB030200F0DEFBE2
:105C00000028DDD1A37A2BB1D4E903329A4201D323
:105C10000120D7E72389BDF80610434501F10402AE
:105C200003D0BDF804C09C450BD115B1BDF80430BC
:105C30002B80236904333360398023691344236143
:105C4000C0E7236913442361C7E748B103683BB148
:105C500043682BB1C068884294BF00200120704780
:105C60004FF0FF30704773B50C46064611460223CD
:105C700001AA204600F01FFA0546E8B9019A1F2A3A
:105C80000ED92368A2F1200119442022304600F0E9
:105C900076FC2368019A13442360284602B070BD45
:105CA0000146C2F12002304600F074FC019A2168DE
:105CB000C2F120003044EAE76FF00205EDE700F0A2
:105CC0004EBC4FF4C07358433030704710B5044693
:105CD00000F0B8FBA3684FF4C072303B02FB1030F9
:105CE00010BD70B50D46044600F011FE2A46A0F125
:105CF000080104232046BDE8704000F05FBB13B5E7
:105D00000446019100F003FE0423A0F108010DEB0D
:105D10000302204600F03EFE02B010BD70B51346EF
:105D20000E461546002102460446FBF769F850B9B5
:105D30002B4604F12C0201212046FBF761F810B13B
:105D4000002E08BF002070BD73B5044600200D462C
:105D50001646FAF7BFFB6946C0B2FBF723FF30BB1C
:105D60002C2303FB05440098E36825891D44042384
:105D70000DEB0302294600F021FBC0B9BDF8042059
:105D80006489009846F608139A4215D1BDF806308A
:105D90009C420CD104230DEB0302611900F00EFBB1
:105DA00028B9BDF8042046F607139A4207D0009898
:105DB00000F003FB02B070BD002CF2D0F7E7BDF895
:105DC0000610214429443160F1E737B50446426AA0
:105DD000802501A902200195FBF70CFF58B9019B12
:105DE000226DA36201A905200195FBF703FF05467B
:105DF00028B1092500E00125284603B030BD019BEC
:105E0000206A636500F01EFBE065F5E7012303608F
:105E100003F1012343600023C0E902337047437953
:105E2000012B07D10368012B04D10079431E58428E
:105E300058417047002070477FB506460D46022046
:105E400001A9FBF7AFFE38BB0198FFF73FFFF16DEB
:105E50000446284600F0D0F80444019800F0F2FA15
:105E60000646019800F0F5FA082201460DEB020003
:105E700000F090FB2B798DF80830214601983346CD
:105E800002AA00F0B0FA041E019818BF012400F025
:105E900094FA204604B070BD0124FAE700F0B8BAC5
:105EA0002DE9F8430E46002107460846FAF712FB93
:105EB000012104460020FAF70DFB33789C4221D0E3
:105EC000984221D101252C2303FB0575F86DAC6A9E
:105ED000FFF7F7FE013C07464FF000086B6A03EB43
:105EE000C40253F83410D2F804901B684A46C91A09
:105EF0003046C844FFF7D2FFB84504F1FF34EDD374
:105F0000BDE8F8830025DEE70120F9E737B515463F
:105F10000C460520694600F080FDE979012903D08F
:105F20000022204600F08DFD9DF80330012B02D1A8
:105F3000204600F065FDA9682046FFF7E0FE2046F8
:105F4000FDF7D8F8002003B030BD73B50D46064606
:105F5000FBF75CF80446E86050B302282DD101A994
:105F6000FBF720FE58BB01982A463146FAF7AEFFF0
:105F70000446D0B9019800F0CAFC012301460DF196
:105F80000302019800F01AFA0446A0B90198012210
:105F90000DF1030100F0CFFC10B101238DF80330A7
:105FA0009DF8033003F00F03EB71019800F005FA40
:105FB000204602B070BD0124F7E70724F8E701246A
:105FC000F6E738B5436A0446C06D5D68FFF779FEB1
:105FD0000246A06A002301382B449A4201D90138B5
:105FE000FAE738BD436A00205A68034613448B42DF
:105FF00000F10100FAD3704710B543790279012B03
:1060000014BFCB01002302F1FF3201FB023302680F
:1060100014BF4C000C46013A04FB023010BD70B5B1
:106020000368CD1A002D02DC6FF05F0070BD93F99C
:1060300000601C78002E0ADB5C1C04601B78136077
:106040000368C91A13688B42EED80020EEE704F00B
:106050007F04013C032C2BD8DFE804F0020A142152
:10606000012DE1D05B781360036802330360E7E73A
:10607000022DD9DDB3F801305BBA9BB2136003681F
:106080000333F3E7032DCFDD9C785D78DB782402C2
:1060900044EA05442343136003680433E6E7042D10
:1060A000C2DDD3F801301BBA136003680533DDE7A6
:1060B0006FF06300BAE770B404680E1B002E07DDB2
:1060C00026789E4208D10134046070BCFFF7A7BF58
:1060D0006FF05F0070BC70476FF06100FAE738B591
:1060E00003230446FFF7E7FF18B9136813B96FF0ED
:1060F000670038BD013B136023681A78002AF6D187
:1061000001332360F5E72DE9F34190461F4601AACC
:10611000302305460E46FFF7CEFF0446F0B92B6844
:10612000F61A002E34DD42461B7842F8043B019BF0
:106130002E681E44314606232846FFF7BCFF04465E
:1061400060B92B68D8F80420C8F808309918B14213
:10615000296007D10C213846FBF702F9204602B02E
:10616000BDE8F0819B5C3A46314642F8043B2B681F
:1061700001332B602846FFF752FF60B92B687A681D
:10618000BB601344B3422B6018BF6FF06504E5E7B2
:106190006FF05F04E2E70446E0E7F8B5B1F1005FB5
:1061A00000AF0546144610D2D31D23F007036E46F8
:1061B000ADEB030D684600F0E2F969462246284639
:1061C000FEF7E6FBB546BD46F8BDFEF7E1FBFAE794
:1061D000002070470FB407B504A951F8040B0191D2
:1061E000FBF786F903B05DF804EB04B07047038B4E
:1061F00013F0070305D10368002B0CBF0020032018
:106200007047022B05D1408BB0FA80F04009800026
:106210007047012B05D10368002B0CBF002005201F
:1062200070470020704710B50C4600B111B96FF0EF
:10623000150010BD081D00F094F80028F9D1A368DE
:10624000032BF6D9F3E72DE9F0410D460746194631
:10625000281D90461E4600F095F8044638B1334696
:10626000424629463846A446BDE8F0416047BDE8AD
:10627000F08110B4EFF31182202484F31288BFF36D
:106280006F8F41615DF8044B0121FBF777BB38B597
:106290000C46054658B151B10B6843B14B6833B158
:1062A0001C22002100F076F92C61002038BD6FF02F
:1062B0001500FBE770B505460E46FFF7B4FF041E58
:1062C00014DBEFF31182202383F31288BFF36F8F67
:1062D0006B8B2C8B4FF6FF718B4204F0070407D1B8
:1062E00082F31188BFF36F8F6FF00A04204670BDF0
:1062F000022C0CD101336B8382F31188BFF36F8FB3
:106300000023224631462846FFF79DFFEEE7062C84
:1063100014D8DFE804F004131313041A0400002354
:1063200033606B683BB9C5E90066ACB90221284609
:10633000FBF724FBDAE71E606E60F6E782F3118854
:10634000BFF36F8F6FF00404D0E782F31188BFF3BF
:106350006F8F6FF08504C9E782F31188BFF36F8FE9
:10636000C4E7034658B1426802F00302012A03D091
:10637000032A04D1026812B10020986070476FF0C0
:10638000150070474268816002F00302032A4FF053
:10639000000203460CBF006810465A607047704701
:1063A0000FB407B504A951F8040B0191FBF7A0F84D
:1063B00003B05DF804EB04B070477047002930B4B7
:1063C000044618460BDBA5680844A84207D8E068D5
:1063D0006468214484682468A44630BC60476FF038
:1063E000150030BC7047002930B4044618460BDB5A
:1063F000A5680844A84207D8E06864682144846816
:106400006468A44630BC60476FF0150030BC70472C
:106410000029034610B410460CDB9C680844A042D7
:1064200008D8D8685B68194483689B683BB15DF8FD
:10643000044B18476FF015005DF8044B70476FF080
:106440005700F9E708B5C0688368DB6898470068BB
:1064500008BD08B5C0688368DB689847407908BD07
:1064600070B54C680368A34201D2012070BD8A68F0
:106470002244934201D30020F8E7D1E903254E6975
:10648000B54203D36FF00B038B61F4E71B1B42F89B
:1064900035304368086902EBC00253600B69013371
:1064A0000B61E2E708B50020FBF752FA70470128BC
:1064B00001D1EFF3058300F0E5BB01460068FFF76B
:1064C000F6BF08B5FBF702FCBDE8084000F000B8D5
:1064D000704700210120FFF7EABF61B662B680F382
:1064E0001188BFF36F8F7047EFF31180202383F380
:1064F0001288BFF36F8F704772B6002383F3118841
:10650000BFF36F8FBFF34F8F30BF62B6BFF36F8F94
:10651000704772B6002383F31188BFF36F8FBFF308
:106520004F8F20BF80F31188BFF36F8F62B6704723
:10653000202809D9B0F1004F08D80138B0FA80F00E
:10654000C0F11F0040007047082070473E20704790
:10655000034600201A5C02B970470130FAE710B513
:106560005AB10139841810F8012B11F8013FA042EB
:1065700001D09A42F7D0D01A10BD1046FCE710B5F2
:10658000431E0A44914200D110BD11F8014B03F89B
:10659000014FF7E7C9B202440346934200D1704766
:1065A00003F8011BF9E74FF0FF3070470369C9B2E8
:1065B0000C2201FB0233186C00F00700704770B525
:1065C000C9B20369EFF31185202484F31288BFF365
:1065D0006F8F0C2606FB0134246C14F0C00408D025
:1065E000A24206D085F31188BFF36F8F4FF0FF30C2
:1065F00070BD71430B4401221A6485F31188BFF307
:106600006F8F43680B445B6898470020F0E7802257
:10661000FFF7D5BFF8B5069F0469C9B2EFF311863D
:10662000202585F31288BFF36F8F0C2569430C4436
:10663000256C05F0070CBCF1010F0BD1276486F324
:106640001188BFF36F8FC4E90E2343685B589847E6
:106650000020F8BD05F0C005AF4286F31188BFF3F6
:106660006F8F0CBF6FF077004FF0FF30F1E713B57D
:1066700080240094FFF7CEFF02B010BD6FF08500BC
:10668000704710B40069CBB21C2403FB0400002146
:106690005DF8044B10470020FCF7F2BF002000F02B
:1066A000ECB938B505460C4600F069FA002D07DB59
:1066B000A84205D9401B84428CBF0020012038BD70
:1066C0000020FCE770B50D462846194616461C46C4
:1066D000FFF7E7FF38B124B1224629463046FFF7DD
:1066E0004EFF002070BD6FF01500FBE72DE9F34170
:1066F0001C469046002382682360A36013690D4600
:1067000001AA69469847019B5A1E019223B96FF06E
:10671000150002B0BDE8F0810098A26847682168C2
:10672000676085B9A8EB02030668B34228BF334609
:106730001A4403FB07112160A26002689A4206D83E
:1067400008300090DFE76B1AB3FBF7F3ECE70020AB
:10675000DFE713460022FFF7C9BF2DE9F047836842
:1067600086B01B698846914601A902AA9847002471
:10677000A2462546029BAB4202D806B0BDE8F08790
:10678000019F07EBC50700267B6804933A68B24275
:106790000AEB060302D801359A46EBE7039405930A
:1067A000494603A8C0470028E7D0049B01361C4493
:1067B000ECE743685B68D3F810350B600020704746
:1067C00043685B6802EA010021EA0201C3F8080598
:1067D000C3F80C150020704743685B680020C3F8BD
:1067E0000815704743685B680020C3F80C157047B4
:1067F00043685A68D2F8043521EA03000B40C2F816
:106800000805C2F80C350020704710B503695868B8
:10681000F8B1884219D19C6808685860A14200D13B
:106820009860002008602AB15A680A609A68596026
:1068300002B99960002010E0814206D1086820600A
:1068400098688142EDD19C60EBE70446006800281F
:10685000F2D1002AE8D16FF0150010BD00F150030D
:106860009B009BB203F1804303F5883300221A603A
:106870001B68704773B5054601A80C461646FCF721
:106880001BFC70BB4FF080531969B5FBF1F201FBA3
:10689000125242BB1969B4FBF1F201FB124212BB66
:1068A0001A695B695343A3421DD3E4B1019B1B01E9
:1068B00003F1804101F5F031C1F80058C1F80448F6
:1068C000C1F80868D1F8002895420FD1D1F8042802
:1068D00094420BD1D1F80838DBB2B34218BF6FF045
:1068E0000D0002B070BD6FF01500FAE76FF00D00FB
:1068F000F7E70222FFF7BEBFFDF738BD08B5FBF78B
:10690000DFF9FFF7D3FDBDE80840FDF72FBD806834
:10691000183820F0070010387047042809D00528DF
:1069200003D1481E18BF01207047431A58425841EE
:1069300070470120704738B515460C4661B15AB111
:10694000FFF787FD2544214611F8013B834203D11F
:10695000A942F9D1012038BD0020FCE738B50C462A
:106960000123114622460546FFF728FD00280FDBCC
:10697000012221462846FFF7DEFF38B92378012B94
:1069800014BF022301232370002038BD0323FAE73C
:106990000120FAE72DE9F7431D4606460F469046CB
:1069A000FFF750FD6C1E044440420440082C1AD8E6
:1069B0003046FFF74EFD2A46814641466846FFF7BE
:1069C000DEFD621B49460DEB0500FFF7E3FD2346A4
:1069D0006A4639463046FFF706FD003818BF0120E9
:1069E00003B0BDE8F0834FF0FF30F9E707B50123AE
:1069F0008DF8042001AAFFF7CDFF03B05DF804FB7A
:106A000081681839012221F00701FFF7EFBF826882
:106A1000183A22F00702FFF7A1BF13B50C46C0B227
:106A200001A9FBF7BFF850B921460198FCF782FB9A
:106A300004460198FFF7C1FC204602B010BD0124B6
:106A4000FAE713B541EA021104468DF80710FFF783
:106A50005EFF012301460DF107022046FFF79AFF72
:106A600002B010BD8168183921F0070101220839F0
:106A7000FFF7BCBF004700F0EAB8FCF77BBDF7B5F5
:106A8000019001A8DDE9084716461D46FCF78CFE7B
:106A9000019BB6F1000C18BF4FF0010C00EB830016
:106AA0000B1E18BF0123002D43EA4C0314BF4FF007
:106AB0000C0C4FF0000C002C43EA0C0314BF4FF4F5
:106AC000E06C4FF0000C002F43EA0C03D0F80027D5
:106AD00014BF4FF4403C4FF0000C43EA0C0322EA91
:106AE000030301B109780EB13678760019430DB170
:106AF0002D78AD0031430CB12478240229430FB125
:106B00003F783F040C433C43C0F8004703B0F0BD5E
:106B10001FB50DF10F03019300238DF80F100093A3
:106B20001A461946FFF7ABFF05B05DF804FB38B510
:106B3000054608460C46FCF789FEB0B10846FCF74E
:106B400079FE90B90846FCF769FE2A680123834064
:106B5000C2F808332A6803B202EB8303D3F8102586
:106B600022F00302C3F8102538BD20460021BDE8FD
:106B70003840FFF7CDBFFCF7EFBEFFF7D8BF4FF0AF
:106B800080531A695869504370474FF08053186911
:106B900070474FF08053586970470369C268934249
:106BA0009CBF81685B18013B981A70472DE9F04142
:106BB000D0E902840546A8EB0406406896422044CA
:106BC0000F46144406D9FFF7DAFCBFF35F8FEC6081
:106BD000BDE8F0813246A4EB0804FFF7D0FC6868FA
:106BE0002246B919EFE72DE9F843C56806468946FC
:106BF00017464FF000083369B46870689D4228BF9B
:106C00001B19641BBC4203F1FF3328BF3C465B1BCE
:106C10009C4228BF1C46494622462844FFF7AFFC49
:106C2000B3682544A044A1443F1BAB4208BF0025E4
:106C3000BFF35F8FF560002FDDD14046BDE8F883DC
:106C4000FDF7DCB908B5FFF7FBFF002008BD08B170
:106C5000FBF72CBC7047704740B1C368587810F000
:106C600001001EBF1878B0FA80F040097047EFF3BA
:106C70001183202383F31288BFF36F8FFEE708B5DB
:106C8000FFF7F5FF10B5EFF31184202383F312888B
:106C9000BFF36F8FFFF7F3FF84F31188BFF36F8F9C
:106CA00010BD10B5D0E9003433B90020E268537844
:106CB00043F00103537010BD204698470028F4D0DC
:106CC0000028B8BF4042E368FF28A8BFFF20187023
:106CD000ECE7FFF75FBCFFF752BC7047EFF30580AE
:106CE000003818BF012070472DE9F041069F044687
:106CF00015461E46FDF702FD38B93B463246294689
:106D00002046BDE8F041FDF71FBDBDE8F0810A4611
:106D10000021FDF7A1BFFFF732BCFFF73BBC0A46DD
:106D20000021FFF737BC01EB820204388A4201D10F
:106D30000020704752F8043D1BBA40F8043FF5E7C5
:106D4000F493FF7F01000000551C000000000000CC
:106D5000952400000000000069250000A06D0000DF
:106D6000456C000000000000352A0000C86D0000DE
:106D7000352A0000B46D00004D270000000000001F
:106D8000F968000000000000B52E000000000000BF
:106D9000FD68000000000000B5270000DC6D000069
:106DA000A27800007070000088700000C405002008
:106DB000F4120020D7780000C0700000F0700000CE
:106DC000C805002050130020E5780000D8700000AE
:106DD000F0700000CA0500205C130020BD780000A0
:106DE00000000000A4700000C605002000000000A4
:106DF00025370000756A000000000000D364000021
:106E000000000000D364000000000000D364000014
:106E100000000000D364000000000000D364000004
:106E2000CD3D0000756A000000000000D364000042
:106E300000000000D364000000000000D3640000E4
:106E400000000000D364000000000000D3640000D4
:106E500000000000D364000000000000D3640000C4
:106E600000000000D364000000000000D3640000B4
:106E700000000000D364000000000000452F000067
:106E800000000000D364000000000000D364000094
:106E900000000000D364000000000000D364000084
:106EA00000000000D364000000000000D364000074
:106EB00000000000D364000000000000D364000064
:106EC00000000000D364000000000000D364000054
:106ED00000000000D364000000000000D364000044
:106EE00000000000D364000000000000D364000034
:106EF00000000000D364000000000000D364000024
:106F000000000000D364000000000000D364000013
:106F100000000000D364000000000000D364000003
:106F200000000000D364000000000000D3640000F3
:106F300000000000D364000000000000D3640000E3
:106F400000000000D364000000000000D3640000D3
:106F500000000000D364000000000000D3640000C3
:106F600000000000D364000000000000D3640000B3
:106F7000B473000003000000FFFFFFFFFFFFFFFFEF
:106F80000200000000000000B1480000E9480000D5
:106F90000338FDD870470000020000000500000023
:106FA000010000006B770000BC6F000002000000D1
:106FB0000500000002000000050000005B0000006A
:106FC00006000000000000000000000000C00000FB
:106FD000DC6D00000100000000C0000000020000A5
:106FE000DC6D00000200000000C0000000A00700EF
:106FF000DC6D00000300000000C20000009E0700DE
:10700000DC6D00000400000000C20000009E0700CC
:10701000DC6D0000050000000060080000A0070013
:10702000DC6D000000000000A5640000C00400202A
:107030000000000000000B06001D002040000000C2
:1070400000000B15020000004C7000000000000062
:107050009378000026000202000000209B780000C8
:1070600022000B11F1240000C124000000000000E8
:107070000D26000035250000B1780000976600005D
:107080009D660000B77800007D6600000F66000076
:107090006F66000000000000AD6500000000000009
:1070A00000000000C5660000C12800005128000053
:1070B000AD2700009D2700000400000000FF000035
:1070C000FFFF00000003005000000000010000006E
:1070D0000060004000000000FFFFFFFF00000050C4
:1070E0000000000000000000006000400000000000
:1070F000C92A0000B3670000C1670000D96700001B
:10710000E5670000F1670000352900000B6800000A
:10711000000000000200000005000000486D0000B3
:10712000486D0000886D0000906D0000A06D0000AB
:10713000A06D0000FF8FFFFFFF8FFFFFFE8FFFFF9F
:10714000FE8FFFFFFD8FFFFFFC8FFFFFFC8FFFFF18
:10715000436F756C64206E6F74206C6F636B20706E
:107160006F7765722073617665206D757465780040
:107170006D757465785F667265652063616C6C65BA
:10718000642077697468204E554C4C2070617261A0
:107190006D6574657200000043616E277420696E2E
:1071A000697469616C697A65206D757465782C20E5
:1071B000776173204E554C4C0D0A0000FFFFFFFF16
:1071C000FFFFFFFFFFFFFFFF0000000000000000C7
:1071D0000000000001000000FFFFFFFFFCFFFFFFB9
:1071E000FFFFFFFFFFFFFFFF0000000000000000A7
:1071F0000000000001000000FFFFFFFF512563FCBD
:10720000C2CAB9F3849E17A7ADFAE6BCFFFFFFFF21
:10721000FFFFFFFF00000000FFFFFFFF0000000076
:1072200096C298D84539A1F4A033EB2D817D037720
:10723000F240A463E5E6BCF847422CE1F2D1176BBB
:10724000F551BF376840B6CBCE5E316B5733CE2B8E
:10725000169E0F7C4AEBE78E9B7F1AFEE242E34FBD
:10726000FFFFFFFF7F000000800000000000000023
:1072700000000000FFFFFFFF7F0000008000000013
:10728000000000000000000067E6096A85AE67BBE9
:1072900072F36E3C3AF54FA57F520E518C68059BF8
:1072A000ABD9831F19CDE05B010002001000110073
:1072B00012002000210022002300240030003100B1
:1072C00032003300FFFF77C295F360D2EF7F355273
:1072D000500F2CB6798025633A205374617274691B
:1072E0006E6720626F6F746C6F616465720A00254F
:1072F000633A20556E61626C6520746F2066696E1A
:107300006420626F6F7461626C6520696D6167658E
:107310000A0025633A20426F6F746C6F6164657276
:1073200020636861696E6C6F61642061646472657A
:107330007373206F66667365743A20307825780A17
:107340000025633A204A756D70696E6720746F205E
:1073500074686520666972737420696D6167652061
:10736000736C6F740A0025633A2050726F74656302
:1073700074206D6375626F6F7420666C6173682032
:107380006661696C65642C2063616E63656C207353
:107390007461727475702E0A0025633A204E65760A
:1073A00065722073686F756C64206765742068650A
:1073B00072650A006D6375626F6F740025633A2011
:1073C000696E76616C696420666C617368204944FB
:1073D0002025643B206578706563746564202564AE
:1073E0000A002A8648CE3D030107002A8648CE3D82
:1073F00002010025633A20556E61626C6520746F4E
:107400002064657465726D696E6520666C61736871
:1074100020736563746F72206F66207468652069DD
:107420006D61676520747261696C65720A007072C3
:10743000696D617279007365636F6E646172790062
:1074400025633A20496D61676520696E207468651F
:1074500020257320736C6F74206973206E6F742005
:1074600076616C6964210A0025633A2025642073E3
:107470007461747573207772697465206661696CD4
:107480007320706572666F726D696E6720746865CF
:1074900020737761700A0025633A204661696C6544
:1074A0006420746F206F70656E20666C6173682055
:1074B000617265612049442025642028696D6167F7
:1074C0006520256420736C6F74202564293A20257B
:1074D000642C2063616E6E6F7420636F6E74696ECE
:1074E00075650A0025633A204661696C65642072FF
:1074F000656164696E6720736563746F72733B20A6
:10750000424F4F545F4D41585F494D475F5345438C
:10751000544F52533D2564202D20746F6F20736D9E
:10752000616C6C3F0A0025633A204661696C6564B2
:107530002072656164696E6720696D6167652068A6
:107540006561646572733B20496D6167653D2575B2
:107550000A0025633A204661696C656420726561A2
:1075600064696E6720626F6F7420737461747573E1
:107570003B20496D6167653D25750A0025633A200A
:1075800070616E6963210A0025633A204465746561
:107590006374656420696E636F6E73697374656E7E
:1075A0007420737461747573210A0025633A204353
:1075B000616E6E6F7420757067726164653A206EDB
:1075C0006F74206120636F6D70617469626C6520F7
:1075D000616D6F756E74206F6620736563746F7272
:1075E000730A0025633A2043616E6E6F74207570D4
:1075F00067726164653A206D6F72652073656374AC
:107600006F7273207468616E20616C6C6F77656453
:107610000A0025633A2043616E6E6F7420757067AF
:10762000726164653A206E6F742073616D652073BA
:107630006563746F72206C61796F75740A006261A2
:107640006400676F6F6400756E73657400507269D3
:107650006D61727920696D6167650025633A202547
:10766000733A206D616769633D25732C20737761E0
:10767000705F747970653D307825782C20636F7069
:10768000795F646F6E653D307825782C20696D6177
:1076900067655F6F6B3D307825780A005365636FCF
:1076A0006E6461727920696D6167650025633A20B7
:1076B000426F6F7420736F757263653A20707269E0
:1076C0006D61727920736C6F740A0025633A2042F1
:1076D0006F6F7420736F757263653A206E6F6E659D
:1076E0000A0025633A205374617274696E672073CF
:1076F000776170207573696E67206D6F76652061A4
:107700006C676F726974686D2E0A0025633A204EAB
:107710006F7420656E6F756768206672656520738B
:107720007061636520746F2072756E20737761706D
:1077300020757067726164650A0025633A2072657E
:10774000717569726564202564206279746573209F
:10775000627574206F6E6C792025642061726520DB
:10776000617661696C61626C650A0030593013069C
:10777000072A8648CE3D020106082A8648CE3D03E8
:10778000010703420004B49120807A94ACC90F1021
:10779000819E61E649595110CBB7B38F4628A5A207
:1077A000641DAF97783B7F1CFBDD3B794582EC572E
:1077B0003AFC4E09E43B66582AD82C5F6FA1BA3ACE
:1077C000EB56B5D30B402D0020002B003078003055
:1077D0005800286E696C29004661696C65642074E4
:1077E0006F207265626F6F743A207370696E6E6994
:1077F0006E6720656E646C6573736C792E2E2E0A2D
:10780000002A2A2A20426F6F74696E67204D435503
:10781000626F6F742076322E312E302D6465762D96
:10782000343539346138363933373338202A2A2A07
:107830000A002A2A2A205573696E67206E52462054
:10784000436F6E6E6563742053444B2076322E383E
:107850002E302D6132333836626663383430312051
:107860002A2A2A0A002A2A2A205573696E67205A72
:107870006570687972204F532076332E372E393950
:107880002D306263333339336662313132202A2A34
:107890002A0A00464C4153485F30005352414D5F25
:1078A0003000636C6F636B403430303030303030D8
:1078B000006866636C6B006C66636C6B00666C6181
:1078C00073682D636F6E74726F6C6C6572403430C8
:1078D000303165303030006770696F40353030309E
:1078E00030333030006770696F40353030303030C1
:1078F0003030007065726D007465737400425547D6
:107900003B2063616E27742068617070656E007241
:1079100065766572740025633A205365636F6E6403
:1079200061727920696D616765206F6620696D619C
:1079300067652070616972202825642E292069738B
:1079400020756E726561636861626C652E20547289
:1079500065617420697420617320656D7074790AA3
:107960000025633A20496D61676520696E6465781A
:107970003A2025642C205377617020747970653A21
:107980002025730A0025633A20496D6167652069E7
:107990006E6465783A2025642C20537761702074DA
:1079A0007970653A206E6F6E650A00040104030465
:1079B00002040104010403010303040104000000A4
:1079C00000000101000000000000203030303030A5
:1079D00030303030303030303000015465726D69F5
:1079E0006E616C00000000000000545452205245AB
:1079F0004747455300000000FFFFFFFFFFFFFFFF69
:107A000001000000FFFFFFFF95650000D16100004D
:107A1000C46F0000A7650000000000000000000027
:107A20000000000000000000000000000000000056
:107A30000000000000000000000000000000000046
:107A40000000000000000000000000000000000036
:107A50000000000000000000000000000000000026
:107A60000000000000000000000000000000000016
:107A70000000000000000000000000000000000006
:107A8000000000000000000008000000FF000000EF
:107A90000000000003000000000000005C05002062
:107AA0005C05002000000000A543000074050020D4
:107AB0009005002088050020840500208005002016
:107AC000BC050020B4050020AC050020000000002B
:107AD000A4050020BD460000094600003D46000008
:107AE000854600008C1300203A00003A90130020D5
:107AF0003A00003A941300203A00003A981300200C
:107B00003A00003A000000000000000015E015E017
:10C000003DB8F396000000000002000054960200C4
:10C01000000000000001000000000000000000001F
:10C02000FFFFFFFFFFFFFFFFFFFFFFFFFFFFFFFF20
:10C03000FFFFFFFFFFFFFFFFFFFFFFFFFFFFFFFF10
:10C04000FFFFFFFFFFFFFFFFFFFFFFFFFFFFFFFF00
:10C05000FFFFFFFFFFFFFFFFFFFFFFFFFFFFFFFFF0
:10C06000FFFFFFFFFFFFFFFFFFFFFFFFFFFFFFFFE0
:10C07000FFFFFFFFFFFFFFFFFFFFFFFFFFFFFFFFD0
:10C08000FFFFFFFFFFFFFFFFFFFFFFFFFFFFFFFFC0
:10C09000FFFFFFFFFFFFFFFFFFFFFFFFFFFFFFFFB0
:10C0A000FFFFFFFFFFFFFFFFFFFFFFFFFFFFFFFFA0
:10C0B000FFFFFFFFFFFFFFFFFFFFFFFFFFFFFFFF90
:10C0C000FFFFFFFFFFFFFFFFFFFFFFFFFFFFFFFF80
:10C0D000FFFFFFFFFFFFFFFFFFFFFFFFFFFFFFFF70
:10C0E000FFFFFFFFFFFFFFFFFFFFFFFFFFFFFFFF60
:10C0F000FFFFFFFFFFFFFFFFFFFFFFFFFFFFFFFF50
:10C10000FFFFFFFFFFFFFFFFFFFFFFFFFFFFFFFF3F
:10C11000FFFFFFFFFFFFFFFFFFFFFFFFFFFFFFFF2F
:10C12000FFFFFFFFFFFFFFFFFFFFFFFFFFFFFFFF1F
:10C13000FFFFFFFFFFFFFFFFFFFFFFFFFFFFFFFF0F
:10C14000FFFFFFFFFFFFFFFFFFFFFFFFFFFFFFFFFF
:10C15000FFFFFFFFFFFFFFFFFFFFFFFFFFFFFFFFEF
:10C16000FFFFFFFFFFFFFFFFFFFFFFFFFFFFFFFFDF
:10C17000FFFFFFFFFFFFFFFFFFFFFFFFFFFFFFFFCF
:10C18000FFFFFFFFFFFFFFFFFFFFFFFFFFFFFFFFBF
:10C19000FFFFFFFFFFFFFFFFFFFFFFFFFFFFFFFFAF
:10C1A000FFFFFFFFFFFFFFFFFFFFFFFFFFFFFFFF9F
:10C1B000FFFFFFFFFFFFFFFFFFFFFFFFFFFFFFFF8F
:10C1C000FFFFFFFFFFFFFFFFFFFFFFFFFFFFFFFF7F
:10C1D000FFFFFFFFFFFFFFFFFFFFFFFFFFFFFFFF6F
:10C1E000FFFFFFFFFFFFFFFFFFFFFFFFFFFFFFFF5F
:10C1F000FFFFFFFFFFFFFFFFFFFFFFFFFFFFFFFF4F
:10C20000007E002089D501001DDD020075D50100EA
:10C2100075D5010075D5010075D50100000000003D
:10C2200000000000000000000000000061D70100D5
:10C2300075D50100000000002DD7010075D5010063
:10C2400019D901000F01030019D9010019D9010002
:10C2500019D9010019D9010019D9010019D9010012
:10C26000C500030019D9010019D90100F900030024
:10C2700019D9010019D9010019D9010019D90100F2
:10C2800019D9010019D9010019D9010019D90100E2
:10C2900019D9010019D9010019D9010019D90100D2
:10C2A00019D9010019D9010019D9010019D90100C2
:10C2B00019D9010019D9010019D9010019D90100B2
:10C2C00019D9010019D9010019D9010019D90100A2
:10C2D00019D9010019D9010019D9010019D9010092
:10C2E00019D9010019D9010019D9010019D9010082
:10C2F00019D9010019D9010019D9010019D9010072
:10C300002DE9F00791E8F807B2E802105B1854EB4A
:10C310000C04B2E802104D4156EB0C06B2E80210D4
:10C320004F4158EB0C08B2E8021059EB01095AEBE7
:10C330000C0A80E8F80780410130BDE8F00770473B
:10C340002DE9F00791E8F807B2E802105B1A74EBE8
:10C350000C04B2E802108D4176EB0C06B2E8021034
:10C360008F4178EB0C08B2E8021079EB01097AEB07
:10C370000C0A80E8F80780414042BDE8F0077047AA
:10C380002DE9F007524290E87800B1E880071740A5
:10C39000DB1918EA020854EB080419EA020955EB04
:10C3A00009051AEA020A56EB0A0678C090E87800F6
:10C3B000B1E8800717407B4118EA020854EB0804F3
:10C3C00019EA020955EB09051AEA020A56EB0A06B0
:10C3D00078C080410130BDE8F00770472DE9F007D3
:10C3E000524290E87800B1E880071740DB1B18EA5A
:10C3F000020874EB080419EA020975EB09051AEA48
:10C40000020A76EB0A0678C090E87800B1E8800767
:10C410001740BB4118EA020874EB080419EA020944
:10C4200075EB09051AEA020A76EB0A0678C0804124
:10C430004042BDE8F00770472DE9F00152424FF04D
:10C44000040890E8300091E8C000A31B1340E41AF0
:10C45000F618EB1B1340ED1AFF1830C0C0C1B8F13D
:10C460000108EED1BDE8F001704700BF00B592E8C9
:10C47000DC072DE9DC07B1E8805702B4A7FB0251C5
:10C480000A95A8FB020BE7FB6310E9FB62B00B9176
:10C49000A8FB0351EAFB6201E7FB64B5E7FB660515
:10C4A000E8FB6615CDF830B0A9FB03B6EAFB6316CE
:10C4B000ECFB6356E8FB640BE9FB641BEAFB645B83
:10C4C000ECFB646B0D90ACFB0230059CEEFB625004
:10C4D000E9FB6460EAFB64B0E7FB6431E8FB6451AC
:10C4E000069CE8FB6461E9FB64B1EAFB64010E931E
:10C4F000A7FB0432079CE7FB6462E8FB64B2E9FB3C
:10C500006402EAFB6412049CE9FB6453EAFB646383
:10C51000089CE7FB64B3E8FB6403E9FB6413EAFBF4
:10C5200064230F955DF8049B99E80006DDF8008010
:10C53000A9FB0854EAFB68B4DDF81080ECFB680442
:10C54000EEFB6814E9FB6824EAFB6834DDF804803C
:10C55000EEFB6865E9FB68B5EAFB6805DDF8148069
:10C56000ECFB6815EEFB6825E9FB6835EAFB6845DE
:10C570000F96DDF80880AEFB0876E9FB6806EAFB5B
:10C580006816DDF81880ECFB6826EEFB6836E9FBE0
:10C590006846EAFB6856DDF80C80ECFB68B7EEFBFA
:10C5A0006807E9FB6817EAFB6827DDF81C80ECFBED
:10C5B0006837EEFB6847E9FB6857EAFB686708B035
:10C5C00000BD00BF2DE9F14F87B0FFF74FFFDDF849
:10C5D0001C8008F1200888E8FF00FFBC87E87F087E
:10C5E000BDE8F08F00B591E89857A3FB0352019581
:10C5F000A3FB0401E3FB6420E3FB67100292A3FBAF
:10C600000752E3FB6802E4FB6415E3FB6805E3FB08
:10C6100069250391A4FB07B6E3FB6926E3FB6A5691
:10C62000E4FB670BE4FB682BE3FB6A5BE3FB6C6BEF
:10C630000490A4FB0810E4FB6950E3FB6C60E3FB8F
:10C640006EB0E7FB6721E4FB6951E4FB6A61E3FB41
:10C650006EB1E4FB6E010592A7FB0832E4FB6A624F
:10C66000E4FB6CB2E4FB6E02E7FB6E12E7FB68537F
:10C67000E7FB6963E4FB6CB3E7FB6C03E7FB6E135A
:10C68000E8FB6E230695A7FB0954E7FB6AB4E7FBBA
:10C690006C04E8FB6C14E8FB6E24E9FB6E34E8FBE9
:10C6A0006865E7FB6AB5E8FB6A05E8FB6C15E9FB22
:10C6B0006C25E9FB6E35EAFB6E450796A8FB09760B
:10C6C000E8FB6A06E9FB6A16E9FB6C26EAFB6C36B6
:10C6D000EAFB6E46ECFB6E56E8FB69B7E9FB6907BF
:10C6E000E9FB6A17EAFB6A27EAFB6C37ECFB6C474D
:10C6F000ECFB6E57EEFB6E6700BD00BF2DE9F14FFE
:10C7000087B0FFF76FFFDDF81C8008F1200888E88C
:10C71000FF00FFBC87E87F08BDE8F08F30B44FF022
:10C72000000310F8014B11F8015B013A84EA05049B
:10C7300043EA0403F5D1A3F101034FEAD37030BCFF
:10C74000704700BF4FF0000310F8012B013943EA96
:10C750000203F9D1A3F101034FEAD370704700BF80
:10C7600030B411F8014B12F8015B6C4000F8014B3A
:10C77000013BF6D130BC70472DE9F00791E8F8078E
:10C78000B2E802105B1854EB0C04B2E802104D4101
:10C7900056EB0C06B2E802104F4158EB0C08B2E819
:10C7A000021059EB01095AEB0C0A8941B3F1FF332E
:10C7B00074F1FF3475F1FF3576F1000677F100076B
:10C7C00078F1000879F101097AF1FF3A51F100019D
:10C7D0005B184C414D4156F1000657F1000758F1E6
:10C7E000000859EBD1795AEB010A80E8F807BDE857
:10C7F000F00770472DE9F00791E8F807B2E802105A
:10C800005B1A74EB0C04B2E802108D4176EB0C0657
:10C81000B2E802108F4178EB0C08B2E8021079EB15
:10C8200001097AEB0C0A89415B184C414D4156F1E4
:10C83000000657F1000758F1000859EBD1795AEB7F
:10C84000010A80E8F807BDE8F007704718EB040814
:10C8500059EB05095AEB060A5BEB070B5FF0000C7E
:10C860004CF1000C18EB050859EB06095AEB070AC6
:10C870005BEB070B50EB0C005FF0000C51EB0C0175
:10C8800052EB0C0263414CF1000CB8EB070879F154
:10C8900000097AF1000A7BEB040BA841B141A241E7
:10C8A000B3416CF1000CBBEB050BB041B941AA419F
:10C8B000BB416CF1000C4CF001068CF0020718EB48
:10C8C000060859EB6C095AEB6C0A7BEB6C0B70EBAE
:10C8D0006C0471EB6C0572EB670653EB6C076CEB49
:10C8E0006C0C18EB0C0059EB0C015AEB0C025BF1D1
:10C8F000000354F1000455F1000556EBDC7657EBCC
:10C900000C0770472DE9F14F87B0FFF7AFFDDDF859
:10C910001080DDF81490DDF818A0FFF797FFBDE850
:10C92000000FFFF793FF03B05DF8048B88E8FF006A
:10C93000BDE8F08F2DE9F14F87B0FFF753FEDDF82A
:10C940001080DDF81490DDF818A0FFF77FFFBDE838
:10C95000000FFFF77BFF03B05DF8048B88E8FF0052
:10C96000BDE8F08F1FB50B4B01934FF49473ADF8F6
:10C97000083008238DF80A3083788DF80B3001A930
:10C98000FF2301208DF80C3000F0CCFB05B05DF8E2
:10C9900004FB00BFA1A801001FB50A4B01934FF48F
:10C9A0002073ADF8083008238DF80A3001A94378C8
:10C9B0008DF80B3000208DF80C0000F0B3FB05B0B3
:10C9C0005DF804FB2BAD01001FB572B6184B1D6856
:10C9D000E5B9BFF34F8F1749174BCA6802F4E062FD
:10C9E0001343CB60BFF34F8F00BFFDE7B2FBF6F2FE
:10C9F000DCB20133002AF9D104F110036B4403F8CF
:10CA00000C2C0A2234B901A8A847E2E70246002309
:10CA10000A26EDE7631E04AEDCB256FA83F3B0FBE0
:10CA2000F2F602FB1600303003F80C0C3046E9E752
:10CA3000900E002000ED00E00400FA0507B50C4B55
:10CA40001A7B8DF80120DA7A8DF8002068469A7AF0
:10CA50005B7AADF80420ADF8023002F04BFC18B15F
:10CA6000DE210320FFF7B0FF03B05DF804FB00BF39
:10CA7000900E00202DE9F34104460D4671B91B4B81
:10CA800093F82A3053B9012101A80193FFF7F2FF6F
:10CA900020B94FF403710320FFF796FF2368144F6A
:10CAA000DFF850800733002D23F0070323600CBF0D
:10CAB0002046002000F012FB002657F8043B0BB183
:10CAC000404698470136032EF7D100F07BFB031E4A
:10CAD00009DB206818440DB1002804DB2060012028
:10CAE00002B0BDE8F0810020FAE700BF900E002000
:10CAF00008050020940E002037B5B0FA80F10190AF
:10CB00000546490901A8FFF7B5FF18B96FF00B00FA
:10CB100003B030BD2A4CA17A607A237BE27A0331DC
:10CB200003300BF052FB011EF0DB01982379627990
:10CB30000330134420F00300002D019003FB01F1AA
:10CB400008BF002000F080FC019B0DB9C342DDD47A
:10CB50001844A3790190C3B1E17C1944E3791944E5
:10CB6000FF29D3DC033020F00300002D0190E2897F
:10CB700008BF0020C9B200F0D7FC031EC6DB019835
:10CB800018440DB90028C1DB0190217C99B1A3792B
:10CB90008BB10198073020F00700002D019008BFED
:10CBA000002003F01DFF031EB0DB019818440DB9EF
:10CBB0000028ABDB01900DB90198A9E70020A7E799
:10CBC000900E002038B5044690B30AF07DF910B9F4
:10CBD0004FF0FF3038BD0EF09DF9B0F5FA7FF7D871
:10CBE000164D17482C6000F0FBF9164B0024C3E9E2
:10CBF00000449C6026222146281D85F82A400AF020
:10CC000065FD01236B71AB711B236B7240F21B330B
:10CC10006B8102232B731F23EB8108232B74EFF30B
:10CC2000108572B600F056FD2DB962B62846D1E7E0
:10CC30006FF01500CEE72046CCE700BF900E002035
:10CC40003DCA00000805002010B500283CD1214C49
:10CC500094F82A30032B34D059B1002A37D0023946
:10CC6000052931D8DFE801F0031422302528137894
:10CC700063710020FFF740FF0028B7BF01230223A4
:10CC800084F82A306FF00B00A8BF84F82A3010BD5A
:10CC90009378E3B1D378D3B113781A2B17D953789B
:10CCA0001A2B14D91368C4F80930E2E71378A3717A
:10CCB000DFE71388E381DCE71388FF2B07D82374B1
:10CCC000D7E74FF0FF30E2E76FF02C00DFE76FF0BF
:10CCD0001500DCE7900E0020F8B50D46074660B35E
:10CCE00059B311F0070428D1154E96F82A30012BBC
:10CCF00002D16FF00B00F8BD032B02D14FF0FF30D3
:10CD0000F9E700F0A9F80028F8D02846FFF7F4FE6C
:10CD10000028EEDB38460AF04BFA86F82B000EF0BE
:10CD20003BF896F82B00214602F078FBFFF786FED1
:10CD3000032386F82A302046DDE76FF01500DAE796
:10CD4000900E002010B5084C94F82A30032B05D122
:10CD500002F07CFB94F82B000AF046FA0BF02BFB58
:10CD6000002084F82A0010BD900E002050B1074B1F
:10CD700003F1140253F8041B40F8041B9342F9D149
:10CD8000002070476FF01500704700BF1D4E030074
:10CD900010B5074B93F82A4034B902F009FB054B54
:10CDA000054A5A60204610BD4FF0FF30FBE700BF38
:10CDB000900E00200805002065C9000010B5074B43
:10CDC00093F82A4034B902F007FB054B054A1A6074
:10CDD000204610BD4FF0FF30FBE700BF900E002053
:10CDE0000805002099C9000010B5054B93F82A40AA
:10CDF0001CB902F0A9FA204610BD4FF0FF30FBE746
:10CE0000900E002010B5054B93F82A401CB90CF089
:10CE10005CFB204610BD4FF0FF30FBE7900E00207A
:10CE200010B5054B93F82A401CB90CF051FB204675
:10CE300010BD4FF0FF30FBE7900E0020024B026860
:10CE40001A600020704700BFBC0E0020014B1B6819
:10CE5000184700BFBC0E0020024B1868003818BFEE
:10CE600001207047BC0E00202DE9F743294E0446EF
:10CE7000071D2848376003F0C7F80228054607D188
:10CE8000244920460AF0ADFC284603B0BDE8F083F3
:10CE9000042838D13378072B18D13E2000F050F801
:10CEA00078B9F378327901A943EA02236846ADF8EC
:10CEB00000300AF070FF0028DBD053210820FFF774
:10CEC00083FD052000F07CF80028EAD0314620469A
:10CED0000AF0ECFCB0F5817F01D37221EEE7002867
:10CEE000C7D094F8008094F80290404600F028F8EB
:10CEF0000028BED0B8F13E0FC6D1484600F060F819
:10CF00000028C1D1B5E70828BED1024920460AF061
:10CF100097FCB9E7C00E0020074B4FF0FF3141F6F8
:10CF2000FF72C3E9001205490022C1E900221F2156
:10CF3000C3E90212704700BFC0040020040F0020A4
:10CF40003F280CD801380B4BC0F3421200F01F00F1
:10CF500053F8223023FA00F000F001007047FF2858
:10CF600006D04038C0F34212034B00F01F00EFE739
:10CF700001207047C0040020040F00200146074B29
:10CF8000006849681A4603C240F48C221A6041F0D6
:10CF9000107242F4FF625A60704700BFC004002064
:10CFA0000246024B0068516803C37047040F00201B
:10CFB0000246024B0068516803C37047C804002052
:10CFC0000138064BC0F3421203EB820300F01F004E
:10CFD0009B6823FA00F000F001007047C0040020B5
:10CFE000014B1860704700BF0C0F002010B5FFF711
:10CFF00093FF0BF0BCFE034B1B68044603B198473C
:10D00000204610BD0C0F00200B880288F0B5C3F33A
:10D010000E049EB204F11403C57CC35A02352A449F
:10D020002B4497B213FA82F3013B4288B3FBF7F328
:10D0300013FB07439BB29A42044A93BF22EA0603BA
:10D04000324013439BB20B80F0BD00BF0080FFFF56
:10D050004A1E062A08B50346084604D84FF4D17183
:10D060001520FFF7B1FC094A914202D940F2A31101
:10D07000F6E711B903B1196008BD2BB11B68002296
:10D08000C3E901211A1D1A600430F5E7FAFFFF7F9A
:10D0900010B5114B00EB41041A786389B3FBF2F32E
:10D0A00003FB0223013A1A44B2F5706F027928BFDC
:10D0B00000231A448378B2FBF3F0194403FB1020D9
:10D0C000091AB1FBF3F003FB101313446FEA434357
:10D0D0006FEA5343638110BD100F002010B5104B51
:10D0E000C8B15A78022A04D040F22B111720FFF75A
:10D0F0006BFC03225A70026812F0070102D04FF451
:10D100009871F3E75C685A6022440260C3E9031136
:10D110009A60596110BD0122C3E901005A70F9E714
:10D12000100F00202DE9F041254E96F801E00EF099
:10D13000FD0CBCF1010F04D040F245111720FFF7A0
:10D1400043FC91F80680B8F1080F02D940F247116C
:10D15000F4E7CF798FB34546022D726838BF0225B8
:10D160007B1D5C0002EB43036A1E13446D422B409F
:10D170008D884544013DC8F100022A40B2F5803F48
:10D1800002D34FF4A971D9E7BEF1030F12D106EB18
:10D1900080001C1BC56815B140F25711CEE7C46072
:10D1A000A770228084F803C0087A09682071080CEF
:10D1B000E080218107FB02337360BDE8F08100BF8E
:10D1C000100F00202DE9F047364C6378012B65D015
:10D1D000032B04D040F267111720FFF7F5FBD4E9C9
:10D1E00001329A4202D04FF4B571F5E7254600238B
:10D1F00005F80C3B1E460222994655F82200013ADA
:10D2000058B190F804808178B8F1FF0F2FD180F8E1
:10D2100004908E423CBFCEB20123511CEDD103B12C
:10D220002670022640F6FF6955F826709FBB013E26
:10D23000FAD2042363700020BDE8F08755F82CE093
:10D24000BEF1000F06D09EF804A0C24504BF9EF8B0
:10D2500002E077440CF1FF3CBCF1000FEEDA3944F8
:10D26000FF2907D903B126704FF48371B4E79446C0
:10D270000027F1E70771CCE707EB41033846A3F835
:10D280000A90FFF705FF08F10108BB785FFA88F103
:10D290008B42F1D8CBE74FF00008F6E70223606835
:10D2A0006370C9E7100F0020F8B54FF6FF730380D5
:10D2B000184B03EB81030546D868B8B1867803792B
:10D2C000B3FBF6F206FB1233DBB219460A1D00EB84
:10D2D0004202B2F902705488002F09DB0131B1FB20
:10D2E000F6F206FB1211C9B28B42EFD10020F8BD55
:10D2F000FF29FBD0C4F30E03C4782B8024B94FF46C
:10D30000D9711720FFF760FB5380BDE8F8400AF0A1
:10D310003BBF00BF100F00201D4B03EB810370B516
:10D32000DC68054644B3030404D54FF4E0711720CC
:10D33000FFF74AFB014620460AF008FFFF28014696
:10D3400004D02046BDE870400AF01EBFA078B5FBAF
:10D35000F0F300FB1353DBB219460A1D04EB42063F
:10D36000B6F90260002E09DB0131B1FBF0F200FBDF
:10D370001211C9B28B42F0D1002070BDFF29FBD041
:10D380008B4204EB42021CBF0023E3705580D8E7B8
:10D39000100F0020094B03EB810310B5DC68014638
:10D3A00020460AF0D3FEFF28014604D02046BDE8FF
:10D3B00010400AF0E9BE002010BD00BF100F002091
:10D3C000F8B5104B03EB81030746DC6801462046A5
:10D3D0000AF0BCFEFF28054611D0E688238953EAEF
:10D3E000064606D0014620460AF0CEFE01463846E3
:10D3F000B04720462946FFF74BFE0020F8BD052028
:10D40000FCE700BF100F002038B50E4B827903EB0C
:10D4100082030446D86808B9052038BD8278E179CE
:10D420009142F9D24B1CE37100EB41035D89B3F9E2
:10D430000A30002BF3DBA5800AF0A6FE2060002056
:10D44000EBE700BF100F002070B5044610F003009A
:10D450000E4603D04F211820FFF7B6FAFFF7F8FD6C
:10D46000054624B1034831460460FFF7F1FD284624
:10D4700070BD00BF280F00202DE9F14FDFF870B01C
:10D480009DF828A09DF82C901E46DBF8003007463A
:10D490000D4690461BB961211820FFF795FA5246B8
:10D4A000092140460AF0D8FC4A4684B20921304698
:10D4B0000AF0D2FC14FA80F1DBF800000AF01BFE3F
:10D4C000386018B9286001B0BDE8F08F04442C60C2
:10D4D00038685346414609220AF077FC28684B46D3
:10D4E0000922314601B0BDE8F04F0AF06EBC00BF22
:10D4F000280F002070B50E4604460AF0C0FC054611
:10D5000030460AF0BCFC044B2A1821461868BDE8D6
:10D5100070400AF014BE00BF280F0020014B1868AD
:10D520000AF0DDBD280F00201F2AF8B50446134677
:10D530000ED89200033222F00303B3F5803F2DD2C0
:10D54000184DACB1A00710D05F210920FFF73CFABD
:10D55000FF2B4FEA420204D9FF339A42A8BF1A4672
:10D56000E8E77C2AB8BF7C22E4E729706C602B8155
:10D5700022F0030201EB81031204D80001276B683B
:10D58000120C0025EEB28E4200D3F8BD14B126185D
:10D590001F705E60104401352833F3E74FF0FF3011
:10D5A000F3E700BF2C0F002038B5144A14785368F5
:10D5B0000021C8B2844203D8AB210920FFF704FA46
:10D5C0001846013105782833002DF2D000218170F2
:10D5D00001241289447044688161C161920800F19C
:10D5E0002001051D21F8022B994245F8044B1444F3
:10D5F000F8D100234361037038BD00BF2C0F002019
:10D600002DE9F8434B7880460C4602F0040602F000
:10D61000FB07D3B1DFB12E4BD4F804901D89B7BB03
:10D6200001236370AD08A761E76104F120034A4656
:10D63000211D04F1280023F8025B984241F8042BD5
:10D640002A44F8D10023636101E0002FE3D0FF23D7
:10D65000A370002E18BF0226A3191B7D032B03D134
:10D66000022F1CBF0136F6B2A31901221A7506F16A
:10D670000C0204EB8606002324F812307268A370B3
:10D68000C8F80020A8F804304046BDE8F88300211F
:10D6900014226170A0180AF019F8B5F5FF7F0FD2B7
:10D6A0006B08ED1AADB209EB0502C4F804902584AD
:10D6B000A2606384C4F80C90A5842261E384C6E769
:10D6C000B5F5EE6F4FF0FF03EBD940F27265EAE774
:10D6D0002C0F0020134B012200214FF0FF309A60E5
:10D6E000C3F80012C3F80803C3F80015C3F80425F3
:10D6F0009A60C3F80803C3F80015C3F804250A4963
:10D700000A4A03F580334FF40040C3F80825C1F8F6
:10D710008000BFF34F8FBFF36F8FC1F88001C3F854
:10D720000825704700F0004000E100E00000F63FEF
:10D730000A46192302F8033B0448C368C1F80330C2
:10D740000369536043699360704700BF380F00203E
:10D75000024B5A8C02435A845B6A1847380F0020E8
:10D76000014B00215B6A1847380F002010B5154C9B
:10D7700005F096FD05F026F9208DFFF7F1FF237ED9
:10D7800063B12246104952F80C3BE3606368536072
:10D7900004F11900A36893600CF017FC0B4B228D69
:10D7A00093E8030003F0A6F9236B188803F0CCF884
:10D7B000A36B94F8341094F835009847002384F84C
:10D7C0003C3010BD380F002031D70000640F00201E
:10D7D000034B93F83C300BB1FFF7C8BF704700BF55
:10D7E000380F002070B51D4C256B636C236495F8D1
:10D7F0009430064694F848000BB10430C0B295F856
:10D8000069102EB9FF2803D195F868308B4201D0FA
:10D8100005F05EFB95F89430D3B1E06C05F0DAFDCD
:10D82000012384F86830D5E93E23E16C206CC4E91B
:10D83000182305F07DF816B9304605F00BFE95F873
:10D840006810002005F050FE022384F83C3070BDC3
:10D85000206C05F0BFFD05F0B5F8ECE7380F0020AF
:10D8600008B5094B93F83C20022A04D040F253211A
:10D870002720FFF7A9F8DA7A42F00102DA72BDE850
:10D880000840FFF773BF00BF380F002010B50E4CE3
:10D89000A26F137803F00303032B04D1D378022B78
:10D8A00001D1002010BDE06F0AF07CFB0028F9D107
:10D8B000A36F1B7803F00303032BF2D001F0BCFE2F
:10D8C00080F00100C0B2EDE7380F00202DE9F743EA
:10D8D000424C94F83C30256B012B06460F465FFA0C
:10D8E00083F804D040F2A4412720FFF76DF895F8A3
:10D8F00084303BB1002185F884100420FFF728FF15
:10D9000085F88680A16F0B7803F00303032B05D104
:10D9100095F88A3013B90220FFF71AFFA26F137827
:10D9200003F00303032B02D0537813BB012385F8C4
:10D930008A3095F89430B3B1D5E93E01236B94F861
:10D940004890C4E918014FF0010893F8690084F881
:10D9500068800AF032FD00220346009220494A46C0
:10D96000404604F09FFF36B103B0BDE8F043FFF737
:10D97000FDBE0223DBE7002FF6D0D4F8803030461E
:10D9800098470028F0D094F83430002BECD194F86C
:10D990008430DD06C3F3001001D5FFF777FF636C19
:10D9A000D4F888201B78C3F300132AB9B4F88C206C
:10D9B00013B1B2FA82F35B09628C910709D5A36FA8
:10D9C000DB78022BD0D1002003B0BDE8F043FFF795
:10D9D00009BF002AC8D10343F5D1C5E7380F00209D
:10D9E000880F002010B5064B93F83C2002F0FF048E
:10D9F00022B91C7603F076F8204610BD0C24FBE714
:10DA0000380F00200A4B0B4A70B506460D461A60C7
:10DA1000FFF7E8FF18B1E1212720FEF7D5FF064CFC
:10DA2000012104F18E000CF0CAF96664E56470BD52
:10DA30001405002004E20000380F0020024B0122F0
:10DA400083F8B020704700BF380F00202DE9F04365
:10DA5000824D85B002AE86E8030095F83C100C9F1D
:10DA600001F0FF0411B90AB103B127B940F26F11F7
:10DA70002720FEF7A9FF96E8030005F12C0C8CE89F
:10DA8000030085F8B04085F8344085F8B14085F84A
:10DA9000354085F8B24085F8B3406C842C852C6BFA
:10DAA000C5F880306A62AF6305F050FA04F08AFF6F
:10DAB00094F96C0005F0E8FA606A05F07DFCE06915
:10DAC00005F0E8FA94F8A40005F00AFB2B6B93F834
:10DAD000AF310BB105F028FA94F869209D2101209F
:10DAE00005F056FB5E4B186805F06CFC2369EB678C
:10DAF0006369C5F8B43094F8773073B9226F62B1B6
:10DB0000B4F8BE10B4F888308B4206D1B4F8741063
:10DB10000B44A4F8BE3001231360524E04F5807309
:10DB200004F5887718685968324603C20833BB4247
:10DB30001646F7D1D4F810314B4AC5F86930D4F8FD
:10DB4000143153602B6B93F88E2093F86860A2F128
:10DB50002501012903D993F88F10252960D193F865
:10DB600056322BB1012E03D0012B14BF0226012601
:10DB700004F13007314638460CF0B9FA31460BF063
:10DB80007BFFA38F94F86910834228BF0346384671
:10DB900085F8B8300CF094FA94F8691094F8946011
:10DBA000B4F84480042908BF03210BF065FF0EB9C7
:10DBB000043080B2404528BF404694F894305FFA64
:10DBC00080F885F8B98085F848809BB1D4E93E6734
:10DBD00094F869004FF00109C5E9186785F8689065
:10DBE0000AF0EBFB0022034600921E4942464846DB
:10DBF00004F058FE0120FFF7F5FD00232B606B6059
:10DC0000AB60B4F888306B8023882B8094F8A43004
:10DC10002B71A36F0BB101221A6005B0BDE8F08330
:10DC2000203A012A0CD823290CD093F8363113F06E
:10DC3000010211D19B079BD5012E18BF022697E741
:10DC4000232905D193F8362193F861301340EEE78C
:10DC5000032E08BF04268BE7164689E7380F0020FD
:10DC600014050020880F0020A10F002008B50C4BE0
:10DC700093F83C201AB9BDE80840FFF777BD93F848
:10DC80003C20022A04D040F235212720FEF79CFEDA
:10DC90001B6BD3F8C801BDE8084005F0ADBB00BF61
:10DCA000380F0020014B1876704700BF380F002056
:10DCB000014B93F8B2007047380F0020024B188DCB
:10DCC000C0F3C020704700BF380F0020014B93F80D
:10DCD000B1007047380F00202DE9F3411E4D820737
:10DCE0002C6B06460F4622D5D5F8883023B940F272
:10DCF00095412720FEF768FEB5F88C20296C184660
:10DD0000033291F8018009F069FC0DF1020201A9CA
:10DD10002864D5F8B4000AF0D8F901980AF0BFF9E0
:10DD2000012238604146D5F8B4000AF085F9F307BE
:10DD30000ED5D4E93E32013342F10002C4E93E324D
:10DD400094F88C30012B0CBF0023012384F88C3015
:10DD500002B0BDE8F08100BF380F00202DE9F04F80
:10DD6000AB4C002387B0CDE9043394F83C30276BEB
:10DD7000022B81468A4604D04FF4A3612720FEF788
:10DD800023FE238D590606D44020FFF7E9FC238D9E
:10DD900043F04003238597F89430B9F1000F00F069
:10DDA0002881B3B104F03CFE04F020FE88B9236C56
:10DDB0005A7872B11B7897F88C20C3F3C0039A424B
:10DDC00007D1012384F83530FFF7D0FC07B0BDE858
:10DDD000F08F236C5978A4F88C1009B3D4F8B400F0
:10DDE0000AF001F9C4F88800238D97F88B2043F4DA
:10DDF00000732385236C1B78C3F380039A4200F0E1
:10DE0000B980256B95F88A30002B3DD0022B11D1BB
:10DE1000E06F04A90AF07EF828B940F20E41ADE7A0
:10DE2000C4F88810E0E7D5E93C32013342F1000242
:10DE3000C5E93C3295F88630002185F88A1023B177
:10DE400085F886101020FFF783FC95F885309BB18C
:10DE5000002685F8856001F0D9FB10B940F2254114
:10DE60008CE731460820FFF773FCD5E93C320133DB
:10DE700042F10002C5E93C3295F88B30012B0CBF12
:10DE80000023012385F88B30238D43F40063238521
:10DE90004FF0000B216C97F88C200D78C5F3C00370
:10DEA0009A4240F0988005F00305032D266B63D05D
:10DEB000002D6CD196F88C30013B18BF012386F8F9
:10DEC0008C30236C5B7833B1D6E93E32013342F1BA
:10DED0000002C6E93E3297F893308BB1D7E93C2374
:10DEE000002697F8680084F86860C4E918230AF0EF
:10DEF00064FA484900960346FB22304604F0D2FCFF
:10DF0000BAF1000F40F08880628C94F8B1301207AB
:10DF100003D5A26FD278022A7ED0012B7CD8D4F808
:10DF2000803001209847002876D094F83480B8F1EA
:10DF3000000F71D1266B94F8483096F894208DF834
:10DF40000D80002A40F0B380FF2B96F8681003D1B3
:10DF500096F869308B4202D0FF2004F0B9FF96F8A2
:10DF60008A30032B00F23881DFE813F0A400D500DB
:10DF70001D012E01CB468DE7238D012043F48053F4
:10DF800086F8840023850025FFF7E2FB92E74D78B1
:10DF9000002D8FD0238D96F8945043F48053238521
:10DFA00004F040FF042894F8B93006D1002D14BFC6
:10DFB0001B221F22934228BF1346226C52789A429A
:10DFC0000BD8D4F88850002D85D094F8B03073B1B8
:10DFD0002020FFF7C5FB00257DE794F834300120B1
:10DFE00043F0100384F8343006F054FBF3E74D4659
:10DFF00060E70BB104F04AFD94F8B130013384F8C6
:10E00000B130238D002543F480632385AB4662E75E
:10E01000380F0020880F002005F086FA4FF0010A23
:10E020001DB105A90220FFF757FEBBF1000F0DD06F
:10E03000B4F80720B4F805301343B7F88820134329
:10E040001EBFB4F809300133A4F80930B9F1000F4C
:10E0500000F0CA80B4F805300133A4F8053000237D
:10E0600084F8B130634802F05DFC049830B10AF0E6
:10E0700016F8216B0022027202F004F8059B33B1FE
:10E08000216B00221A720C22059801F0DBFFBAF115
:10E09000000F7FF499AE238D1B063FF597AE8020CD
:10E0A000FFF75EFB238D43F0800323858EE6043368
:10E0B000DBB249E794F8B830ADF80E304E48A6F818
:10E0C000583001F093FA50B1A16F4FF48070FFF710
:10E0D0003FFB012386F8853084F8B3301DE0E06F04
:10E0E0000DF10D020DF10E0109F0F1FEA06790B1E6
:10E0F00096F8D1307BB99DF80D302BB90380837031
:10E10000A06F01210BF05BFEBDF80E10A06F0BF0AD
:10E1100022FF0123E0E7394BA36796F88B30A26F0B
:10E12000DB0003F00801137803F0F3030B4396F8C8
:10E130008C10890001F004010B4323F010031370CD
:10E14000FFF7A4FB0028A06F037818BF4FF010085A
:10E1500048EA030880F8008096F89330002B3ED000
:10E160004378002B3BD0E06C05F034F9002384F8B1
:10E170006830D6E93C23A16FE06CC4E9182304F0B1
:10E18000D7FB96F86910012005F0AEF9A26F11884F
:10E19000A4F8841091781A4A012384F8B23091705F
:10E1A00084F83C303CE7B6F85830E06FADF80E30FC
:10E1B0000DF10D020DF10E0109F089FEA067002896
:10E1C000A7D140F2F321D9E50B4801F00FFA00285E
:10E1D0009FD140F2FD21D1E540F20B31CEE505F0B3
:10E1E000F9F804F0EFFBCCE7B4F807300133A4F8FA
:10E1F000073037E7640F0020B00F0020C60F002063
:10E20000BC0F002061D800005DDD0000CDD800000B
:10E21000D1D700000B2808B504D940F2B53106204B
:10E22000FEF7D2FB014B33F8100008BD341D03008C
:10E230002DE9F04F8BB0044615460293894690F8BD
:10E2400069B00BF08CF9064694F8B001FFF7E2FFD5
:10E2500094F88F300393064485F00103B6B205931A
:10E2600055BB94F8F431032B26D1039B0D2B23D1FE
:10E27000B4F854324B451FD1D4F8FC31C4F8E8311E
:10E28000A369B4F8CC21C4F8EC31B4F84232134499
:10E29000C4F8F031204604F025FAD4F85832A362CD
:10E2A000B4F85632A385D4F85C32A361D4F8603256
:10E2B0002362022384F8F431B4F84072B4F8888001
:10E2C000A9EB07073FB204F50473A9EB0808002F78
:10E2D00004930FFA88F86EDAD4E98A234746C4E932
:10E2E0008E2301230493CC4B1B7803F0FF05002BF6
:10E2F00054D00CF009FE054600284FD0B4F8E031A8
:10E30000012B6DD994F8F431022B69D094F80A529C
:10E31000002D65D194F8B001FFF77CFF94F8F4313B
:10E3200000F5C866012BB6B2D9B24CD194F8923040
:10E33000D4F828A0032B40D1D4F8EC5155443146F1
:10E34000D4F8EC010CF0DAFDD4F8E831C4F8E801B7
:10E35000A0EB030AD4F8F0313146284603FB0AFA51
:10E360000CF0CCFDD4F8F851C4F8F801451B314647
:10E37000A0690CF0C3FDAA44B4F8CC51D4F8F03134
:10E380004544ED1BDB432B44D4F8FC51451B05FBF6
:10E3900003A50123C4F8FC0184F80A3294F8F4318F
:10E3A000DFF874A2032B00F28E81DFE813F01B006C
:10E3B00016016B003701029B94E728460BF084FBA3
:10E3C00000EB0A05BBE7A06931460CF097FDB4F8F5
:10E3D000CC51D4F8FC314544ED1BC31A5D43D8E75A
:10E3E0000025DBE7012100200BF06EFB8046A06AD0
:10E3F000314640440CF082FD3146C4F8F801A06972
:10E400000CF07CFD07A9C4F8FC0108A805F094F8FD
:10E41000079B0093D4E98E01DDE9082308F038FC5E
:10E420008346204609F0EDFFD4F84432A66A94F8FA
:10E4300069001E4405F0C6F9D4F8F811A6F1940756
:10E440007F1A00F523404FF47A734744A130B0FBA4
:10E45000F3F0A38DA7EB0B0730313F1A03EB41011B
:10E4600094F8690009F0B9FFD4F84432FB1A22305D
:10E47000B3F5917FCAF8040058D240F2C64130206B
:10E48000FEF7A2FAA36AD4F8EC01314618440CF066
:10E4900035FD3146C4F8F801A0690CF02FFDC4F831
:10E4A000FC01204609F0ADFFB4F8CC31A66AD4F8DF
:10E4B000EC71002B40F08D80029B002B00F08980D6
:10E4C00094F8690005F07EF93E44D4F8F871943E62
:10E4D000D4E98A23F61BD4F8307280463E4494F87F
:10E4E0006900B61A05F06EF94FF47A7300F2E73757
:10E4F00008F52340B7FBF3F73744A130B0FBF3F046
:10E50000D4F8F811D4F8E831D4F8F021303102FB16
:10E510000311A38D3F1A03EB410194F8690009F040
:10E520005CFF0123CAF8040084F8F431A6696FF493
:10E53000F4731E44D4F8FC31F61ADAF804309E4223
:10E5400028BF1E46D4E98E327F1BDF1942F100023C
:10E550004FF00008C4E98872C4F8C86184F81082DA
:10E5600004F130000BF0AAFDB4F8B811A4F8409201
:10E57000D4E98823A1EB09090FFA89F9C145C4E957
:10E580008E23C8BF022384F81882C8BF84F81832CB
:10E59000039B06440D2BC4F81462029B00F0968086
:10E5A000002B40F0948094F8F431002B00F0AD8003
:10E5B000A169D4F8FC3104F50470C91A0BF02BFAE8
:10E5C00080B2002800F0A180149B03B118800120C4
:10E5D000ABE0D4F8F801374492E7D4F8FC21A36902
:10E5E000D4F8F001D4F8E8119B1A5F43B4F8CC31A9
:10E5F0009844C3439844D4F8F831303301FB0033D6
:10E60000A18D94F8690002FB083301EB430109F086
:10E61000E4FECAF8040089E7F40F0020A369D4F8E7
:10E62000FC219B1A5F4394F88E30252B03D094F87D
:10E630008F30252B0AD1B4F85432A9EB03031A0406
:10E6400004D494F85732002B18BF9B46049B63B345
:10E65000B4F8CC314BBBD4E98A23D4E98C01824293
:10E660008B4102D340F21A5109E794F8690005F092
:10E67000A9F8D4F830220646D4E98A01A2F194031D
:10E680001B1A3B4494F86900049305F09BF8049B23
:10E6900000F2E7374FF47A7206F52340B7FBF2F742
:10E6A0001F44A130B0FBF2F03F1AB4F8CC11D4F8FB
:10E6B000FC314144594330314900584609F08DFE40
:10E6C0001B4B586032E740F23251D8E6EBB1B4F858
:10E6D000E01121B3B4F8E22194F8E431A4F8E22186
:10E6E00002FB0333994202F101000EDD94F8183267
:10E6F0005BB1002384F81832A4F8E20101F058FD60
:10E7000000F00700013084F8E40194F80B0204F5EE
:10E71000047107F089FB20B940F27B51AFE60A464D
:10E72000DAE7059B84F8083200200BB0BDE8F08FD3
:10E73000F40F00202DE9F04104460D46164690F8EE
:10E74000F83003F0FF071BB10C273846BDE8F08115
:10E750000146454807F022FA20288046F4D0582286
:10E76000394604F1D00008F0B1FF84F8D080C4F835
:10E77000D450FF2384F8F83035B101F031FD00F0BA
:10E780000700013085F8E40102234FF00008A4F8E7
:10E79000083184F800810CF0BFFB00F19E05204693
:10E7A0000CF064F9ADB2014670B30AF0D8FE00F582
:10E7B000CD6189B230460CF0A1FB3044C4F80401AD
:10E7C0000CF00CFD281841F10001C4E944010120BE
:10E7D00084F8D800A4F826800CF006FADB3E361A3E
:10E7E000C4F8DC604FF0FF326FF00043C4E9462309
:10E7F00094F8D00004F5807107F016FB48BB40F296
:10E80000C1113020FEF7E0F820460CF053F8DFF895
:10E810005C80DB30C4F80401B8F8080048B1E08C33
:10E8200038B101F0DDFCB8F80830B0FBF3F202FBC0
:10E83000130005440CF0D2FC2D1841F10001C4E98D
:10E840004451002ECED0751941F10001C4E9465162
:10E85000CEE7D4E944230021C4E93A23C4E93C23A8
:10E8600020460CF020F970E7D5860100F40F002057
:10E87000F0B5002385B0CDE9003301238DF80630D3
:10E880006846FEF7C1FD70B11B4E0123B37200272D
:10E89000CDE9027702A8FEF7B7FD0546A8B100232F
:10E8A000B37205B0F0BD009809F0CDFFE8E790F82D
:10E8B0000B0208F0ABF894F80B0284F8F45107F05F
:10E8C00099F9202384F80B32E2E7029B002BE1D078
:10E8D00093F80B22202ADDD018884FF6FF73984258
:10E8E000DDD02946FEF756FD04460028DFD140F270
:10E8F0002B113020FEF768F8F40F0020054B0022A2
:10E900000121DA7219709A7242F210721A81FFF7BD
:10E91000AFBF00BFF40F0020014BD872704700BF9B
:10E92000F40F002008B504F083FA044BDA68824241
:10E930002ABF987A002080F0010008BDF40F002063
:10E940002DE9F7430446062900F2C480DFE801F010
:10E95000047A67777E83BD00D0E98A23D0E98C01F1
:10E9600082428B4149D294F80A32002B45D094F868
:10E97000F431032B41D194F869900AF0F0FD06467A
:10E9800094F8B001FFF746FCD4E98A23D4F830723A
:10E99000D4F8C851804606444846BF1A04F00AFF1E
:10E9A0002D1A484604F00EFF00F523404FF47A7309
:10E9B000A130B0FBF3F02B1AA3F17402B6B25208E7
:10E9C000D43B08F5C8689D3273431FFA88F8B3FB3F
:10E9D000F8F360335908A2EB53039F4202D30A4471
:10E9E000974201D90CF092FAA06931460CF086FAF0
:10E9F0000023C4F8FC0184F80A32384B9B7A03F0F8
:10EA0000FF0263B9B4F8BC11009201232046FFF75E
:10EA10000FFC38B140F2CA613020FDF7D5FF042366
:10EA200084F8F43104F08AFC06F070FFB4F8882012
:10EA3000A4F806220023A4F8423284F8093203B075
:10EA4000BDE8F083032380F8F431F8E704F010FA0E
:10EA5000C4E98C01F3E78569D0F8FC31DFF87C80EC
:10EA60009D4288BFED1A98F80B3098BF00251BB95E
:10EA7000036B9D4228BF1D4604F13000D4F8C871D5
:10EA80000BF01CFB0744022007F044FEED1B25EAB7
:10EA9000E575854228BF05460221284607F08EFE0F
:10EAA00000B92F4440F2D312394620460BF057FBF1
:10EAB000D4F8C831C8F80C00A069184407F0DCFD90
:10EAC0000028BCD140F27931A6E703B0BDE8F0439D
:10EAD00009F097BC40F265719EE700BFF40F00207B
:10EAE0002DE9F84306460C4615467ABB04F0A0F91A
:10EAF000D4E94489074684F8D85084F8F8500121B5
:10EB0000D4F8D40000F0D8FFD4F8D400C0E98A8942
:10EB100094F8D03080F80B32C0E98E89C0F8447286
:10EB200009F08AFD20B140F20A713020FDF74CFF58
:10EB300004F004FC06F0EAFE074994F8D0003246DF
:10EB400005F098FD28B94FF4EF61EEE740F28F71C0
:10EB5000EBE7BDE8F88300BF2B840100014B18816F
:10EB6000704700BFF40F0020F0B5070CA7F5AA42CC
:10EB7000144B543A012A03EA90231FD927F400408A
:10EB800042F6AA22801A18BF01200022162116463A
:10EB90001F2487EA060562EA0505013510D0DD036A
:10EBA000ADB245EA5606E503ADB2013945EA520277
:10EBB0004FEA53034FEA5404EBD1F0BD0020E4E7E1
:10EBC0000020FAE7E0FF3F0010B501210020FEF72A
:10EBD000E1FB044670B90121FEF79EFB044620B913
:10EBE00040F245313920FDF7EFFE034B93F9001059
:10EBF0000BF024FE204610BD04100020304BF0B571
:10EC00005A88B0F85C70B0F85A609D88974228BF67
:10EC10001746964228BF16461B2E85B00C462ED0AE
:10EC2000B5F5A47F2DD040F648039D4201A928BF29
:10EC30001D4609F07AFFBDF80A309F4228BF1F46E3
:10EC4000BDF80C30E780AB4228BF2B462381BDF8CE
:10EC500006309E4228BF1E46BDF8083066809D42A1
:10EC600028BF1D46A580FF232370E3881B3B9BB272
:10EC7000E02B08D940F2FF513920FDF7A5FE1B2FEC
:10EC8000CED105B0F0BD63881B3B9BB2E02B02D90F
:10EC900040F20161F0E72389A3F5A4739BB2B3F5B9
:10ECA000E06F02D940F20361E6E7A388A3F5A473FD
:10ECB0009BB2B3F5E06FE4D940F20561DCE700BF39
:10ECC0000410002008B50AF059FE00F001FE00F023
:10ECD000EDFB0BF06FF900F08FFF01F093FE00F0F9
:10ECE000A3FF084B1B224FF4A4715A809980064B56
:10ECF00006499A8000221960DA825A821A835A746D
:10ED000008BD00BF041000202C14002003021B00CB
:10ED1000044B41F64C52C3E902221B221A74FFF73E
:10ED2000D1BF00BF2C1400202DE9FF41344DAB684A
:10ED3000044640F8303F09F0BDFD064600F0A6FB52
:10ED40002B7C84F838302F4B668710F0200F1B681F
:10ED50001DBFAA886988A4F85A101B2208BFA4F80E
:10ED60005A20A4F85C201BB194F96C1020889847B5
:10ED7000AE7CEF7CB5F8148041F64C53A36116B914
:10ED800000F08AFB064677BB00F086FB074666B3B9
:10ED900058B303A920468DF80C608DF80D70ADF8BE
:10EDA0000E800AF08DFEAB886A8869780191033382
:10EDB0002978009103329BB292B204F1140104F15C
:10EDC0001000FEF759FB236913B940F2D65114E045
:10EDD000636913B940F2D7510FE0002004B0BDE8D9
:10EDE000F0810920FAE7002ED3D120880021FEF718
:10EDF000E7FA0028F5D040F2C1513920FDF7E4FDD3
:10EE00002C14002018050020F7B505460E460BF01F
:10EE10004CFD002873D028460BF028FE40B1B6F810
:10EE20000130013B7F2B03D91224204603B0F0BDF3
:10EE300028460BF01FFE08B90C24F6E7284609F017
:10EE4000EEFD0028F8D128460BF0E9FC0446002826
:10EE5000F2D1284602F096FA0028E5D0B6F8017003
:10EE6000F17842F2107328465F430BF0ECFD284620
:10EE70000BF0F4FD014658B93A462846FFF75AFC14
:10EE800004460028D1D041F687113920FDF79CFDBA
:10EE900021460DF10600FEF707FA064668B3214643
:10EEA00000F00AFEBDF806303380284631460BF0EC
:10EEB000EBFD28460BF0E4FD98B928460BF0E2FD87
:10EEC00001463046FFF730FF04460028ADD13A46F0
:10EED00031462846FFF72EFC044620B141F6AA1120
:10EEE000D3E70121EDE7074B9B68002B9DD002463D
:10EEF00006F595713046984797E70D2495E742242B
:10EF000093E700BF04100020034B5A8802801B784F
:10EF100083700020704700BF2C14002037B5837821
:10EF20001A2B054609D8042B05D9012202FA03F34E
:10EF3000134A134205D112241AE0292B01D03B2B8E
:10EF4000F9D12888B0F5706FF5D269460AF056FD00
:10EF500088B9019B93F8282102F0FF046AB9AA78C6
:10EF600083F82921FF2283F8282168460AF0FDFF53
:10EF7000204603B030BD0224FAE70C24F8E700BFB6
:10EF8000200038040188A1F11B039BB2E02B0CD8B0
:10EF90004288A2F5A4739BB244F24810834204D87D
:10EFA000034B002059809A8070471220704700BFA1
:10EFB00004100020034B5A889B8802804380002065
:10EFC000704700BF0410002038B504784278857877
:10EFD00004F0010352EA030104F0020401D11120FC
:10EFE00038BDBCB9002DFAD0002B08BF144601E093
:10EFF00000242546204609F051FD0028EFD0284680
:10F0000009F04CFD0028EAD0054B00209C74DD740B
:10F010009882E5E7002BEBD114461D46EAE700BFD6
:10F020002C14002013B5008869460AF0E7FC18B1DB
:10F030000224204602B010BD019A92F8F431DBB2EE
:10F0400092F8B020002AF3D113F0FB0FF0D0019812
:10F0500090F83A310BB13A24EBE790F8DC3003F04A
:10F06000FF04002BF7D190F8D3309B0706D1FF2384
:10F0700080F83A3168460AF078FFDAE70249D4307E
:10F080000AF0A3FFD5E700BFF5A60100F0B50778A9
:10F09000EF2F85B004460D4603D91225284605B04A
:10F0A000F0BDB0F80130ADF80C309DF90C209DF8A2
:10F0B0000C30002AF1DB9DF80D209107EDD1DA0626
:10F0C0003FD49E0603F0030238D5002AE5D1180785
:10F0D000E3D46378190711D42179E278E07942EA20
:10F0E0000122617942EA0142A17941EA0021207AB4
:10F0F00041EA00418A42D0D81F2ACED9627A013A29
:10F10000062ACAD8A27A032AC7D813F0040102D16A
:10F11000023A012A03D8E27A012ABED811B9A27CA8
:10F12000032ABAD813F01001227D19D0012AB4D1D4
:10F13000227E012AB1D8B1B91125AFE7032AC6D181
:10F14000ABE713F0600FA8D103F00F0203F0070341
:10F15000052BBED0931E012BBBD9002A9DD1B8E749
:10F16000022AE5D199E7DA071FD46378227D03F0FC
:10F17000180108291ED1022ADED11B0709D4E27921
:10F18000A37943EA0223227A43EA0243B3F5804F8C
:10F19000D2D8BFB201213846FEF7FCF8064678B156
:10F1A00009F03DFCB8B10C2578E700F031F90028F2
:10F1B000DBD1C1E7022AE0D0A27E002ADDD0BBE786
:10F1C00001213846FEF7A8F8064650B3164B93F9CE
:10F1D00000100BF033FB30460BF03DFC214628704D
:10F1E000E07430460BF082FB637E0546002B3FF453
:10F1F00055AF00287FF452AF316B02466846FEF7E8
:10F20000FFF9306B2A46012109F027F8316B684677
:10F210000422FEF7F5F9306B2A46294609F01DF85D
:10F220003CE707253AE700BF0410002070B50579D8
:10F23000042D8AB0034658D84488B4F5804F54D87A
:10F240002B48465D284400214279857AC07BADF881
:10F25000041042F0100242EA460242EA850242EA03
:10F26000C00202F01F028DF80420BDF80420ADF8A2
:10F270000D201A888DF80F208DF81240120A240AEA
:10F280008DF811108DF814108DF810208DF81340A2
:10F290005A7B8DF815205A798DF816209A79D3F873
:10F2A00007008DF81720B3F80B209B7B8DF81E30DC
:10F2B0007F238DF81F3001238DF80C1006908DF8F8
:10F2C0002110ADF81C208DF820308DF8223003A8D5
:10F2D0008DF823108DF824108DF825108DF8261048
:10F2E00001A9FFF7D3FE0AB070BD1220FBE700BFF3
:10F2F0004C1D03000278034672B1427862B1428825
:10F300001A2A09D982881A2A06D9044A0068106084
:10F310009B88938000207047122070472C14002097
:10F32000024B02689A600020704700BF2C14002036
:10F330000378A3F10A02112A9DBF024A0020137428
:10F34000122070472C14002008B5052000F090F81A
:10F3500003F0F8F9014B024A9A6008BD041000203E
:10F36000FDEB000008B501F0F5FFFFF7C7FABDE8B7
:10F370000840014801F0D8BF1010002010B50B4C18
:10F38000012384F8023101F0EDFF0BF0EDFC0AF0EF
:10F39000F3FA04F203112046FEF734FB002008F0D4
:10F3A000FBFEBDE8104000F027BE00BF101000209B
:10F3B00010B5064C064904F502700AF095F804F5FC
:10F3C00003700449BDE810400AF08EB81010002008
:10F3D0001C0500202405002010B5094C094904F53E
:10F3E00002700AF081F804F5037007490AF07CF80E
:10F3F00004F504700549BDE810400AF075B800BF77
:10F4000010100020340500203C0500202C050020B1
:10F41000014B93F8020170471010002010B5074C03
:10F4200000F0E4FDD4F808020AF056F8FFF770FC8B
:10F4300000F0EEFE012384F8143210BD10100020FD
:10F44000014B93F8140270471010002010B5074CC0
:10F45000D4F80C020AF040F8D4F810020AF03CF894
:10F46000FFF730FC002384F8143210BD1010002088
:10F47000C2080549012300F0070003FA00F08B5C85
:10F4800018438854704700BFD0040020014BD3E9D3
:10F4900000017047D0040020034B1868C0F300201F
:10F4A000400040F001007047D004002008B50BF088
:10F4B00031FD084A002332F82310814205D302EBC4
:10F4C00083039B78044A137008BD01330C2BF2D1DF
:10F4D0000023F7E7601D03002512002010B54468E3
:10F4E0002388A4F8783194F8683084F87711012BD8
:10F4F00006D0022B04D040F20B310620FDF764FA4F
:10F5000084F87A3194F86930012B01D0022BF2D1C2
:10F5100084F87B31044904F5B7700AF056FD0023E6
:10F5200084F8343110BD00BF63950100406808497C
:10F530000388A0F86A3190F8603080F86C3190F858
:10F54000613080F86D3100F261100AF038BD00BF03
:10F5500079950100044B002283F822204FF6FF72B8
:10F560009A84DA841A85704726120020054B9A8CFB
:10F57000824201BF002283F822204FF6FF729A8454
:10F58000704700BF26120020014BD884704700BF8F
:10F5900026120020094A0346908C4FF6FF718842DC
:10F5A00006D192F82210012905D01A600120704777
:10F5B0000020186070470020704700BF261200200E
:10F5C000064B93F82220012A1FBF0120DA8C83F812
:10F5D00022009A8408BF0020704700BF2612002036
:10F5E000014B1885704700BF26120020064B0246CB
:10F5F000198D988C884205D193F8220018B11360B8
:10F60000012070470020704726120020094B998C7A
:10F610001A8D914201D0002070474FF6FF729A84F4
:10F6200093F82220002AF6D0002283F8222001201D
:10F63000704700BF26120020054B998C1A8D91420D
:10F6400003BF93F82200B0FA80F040090120704710
:10F650002612002050B90A4A1346012003F8010B74
:10F660000868C2F801008A889A807047012805D18D
:10F67000034B0A689A608A88D8719A81704700BFE4
:10F680005012002048B90A4B187880B1D3F80120F5
:10F69000B3F805300A608B807047012806D1044B0F
:10F6A000D87920B19A680A609B89F4E700207047F6
:10F6B0005012002020B9054B187800F00100704767
:10F6C00001280ABF014B0020D879F6E7501200202C
:10F6D000F7B500228B888DF80600ADF80430086875
:10F6E0000C4B8DF80720019D1C78014603F5AC7387
:10F6F000D0B2844201D8082009E0D3E90076AE42B6
:10F7000008BF8F4203F1080302F10102F0D103B0F8
:10F71000F0BD00BF6012002030B5094B01465C7897
:10F72000002203F58173D0B2844201D8082005E09D
:10F7300013F8015B8D4202F10102F4D130BD00BF2C
:10F7400060120020F0B5254D95F8984189B0224609
:10F7500005F29911684607F041FF214668460AF014
:10F760002CF90446B8B300EB4001C9B202A8FDF77A
:10F770006DFB601E95F8A161C0B2012495F8982137
:10F7800005E0731CB3FBF2F102FB1133DEB206F1AC
:10F7900020030DEB030111F8203C002BF1D100EB0D
:10F7A000400220326A4406EB46032B4412F8187CD0
:10F7B00083F8A27112F8177C12F8162C83F8A37143
:10F7C00083F8A42101F8204C0138AB19C0B2FF28FE
:10F7D00083F89941D2D109B0F0BD00BF601200207A
:10F7E00070B5064688B00C46002A4FD02A4A92F8D7
:10F7F000A131D01890F8991121B94FF480712820C7
:10F80000FDF7E2F803EB43011144013391F8A251F3
:10F81000E57091F8A35191F8A4116171002125714F
:10F8200080F8991192F89811B3FBF1F001FB1033B5
:10F8300082F8A13192F8C23123B9184902F5DD707E
:10F840000AF0C0FB657905F03F0545F0400565719C
:10F850000D220021684607F039FFE3788DF80F305C
:10F8600023798DF80E3004AA0423694630468DF8BA
:10F870000D5007F09DFB9DF81F3023709DF81E3042
:10F8800063709DF81D30A37008B070BD032160182F
:10F89000FDF7DCFAD6E700BF6012002045F7000054
:10F8A000044B5A78824286BF1B1893F84A01002005
:10F8B000704700BF60120020044B5A78824286BF16
:10F8C0001B1893F842010020704700BF601200200F
:10F8D000064B00224FF461711A8083F8C32183F82C
:10F8E000C421A3F8C61183F8C2217047601200201A
:10F8F000014B83F8C401704760120020014BB3F83C
:10F90000C60170476012002030B50A4B5C78844213
:10F910000ED9184490F802012B3003EBC004A579EE
:10F920000D7053F830001060A3889380012030BD23
:10F930000020FCE7601200200246074810B590F84E
:10F94000C34124B1417821B1023002F021FF2046A9
:10F9500010BD0C46FBE700BF601200202DE9F74FF9
:10F960002F4C9A46637883428046894656D923189D
:10F9700093F8425185F00105F9B193F84A31E3B9A2
:10F9800045F002070135BAF1000F18D1FA070AD580
:10F99000062101FB084104EB0810524601F5857170
:10F9A0008230FFF71DFFBB0734D504EB0810524629
:10F9B00049460230FFF714FF2CE02F46E3E794F8A6
:10F9C000A1614FF0010B002DE0D0A319019393F832
:10F9D000991199B90092DAB100F0EAFB06EB460101
:10F9E0002144019B81F8A2014FEA102C009A81F872
:10F9F000A3C1000C81F8A40183F899B194F898315F
:10FA00000136B6FBF3F103FB1166F6B2013DDAE70E
:10FA100047F00407384603B0BDE8F08F0027F9E748
:10FA200060120020074B5A78824209D91A1892F8BE
:10FA300042212AB9062202FB003000F5857070478A
:10FA40000020704760120020064B5A78824281BF26
:10FA50001B1893F83A01B0FA80F0400998BF0020D3
:10FA6000704700BF6012002030B50024A0F842406B
:10FA7000B0F8464042F210754C43B4FBF2F4A0F8E3
:10FA80004640541E05FB0343B3FBF2F3A0F8443099
:10FA9000084BB3FBF2F30133A0F84A30838F05FB28
:10FAA0000344436BB4FBF2F459438463B1FBF2F2B9
:10FAB000426330BD005A620270B504460D4649BB30
:10FAC0004FF4207207F002FE012384F896306FF0A5
:10FAD000360384F8E330042384F8E4306FF03B030A
:10FAE00084F8E5306F2384F8E6306FF03F0384F844
:10FAF000E7302B2384F8E230FE2384F81E317F2385
:10FB000084F88D30202384F8E85084F8E95084F894
:10FB10000B3270BD012922D10023A0F8CC3180F82E
:10FB2000C331154B82691344B3FBF2F3C0F8B8300C
:10FB300040F6B833A0F8BC301146438C8030FFF754
:10FB400093FF07F005FC30B1E069FFF70DF810B93D
:10FB500084F8AF51DDE7002384F8AF31D9E70229FB
:10FB6000D7D1B0F86232D0F85C228169BDE870402C
:10FB70008030FFF779BF00BF7FC3C901034B80F816
:10FB80006C101B680BB100881847704744050020B3
:10FB9000074B93F900301844142804DC10F17F0F50
:10FBA00003DB40B27047142070476FF07E0070474F
:10FBB0002814002007B57F230DF107008DF80730CA
:10FBC00003F086FC9DF9073068B10A4A507840423C
:10FBD00043FA80F0142808DC10F17F0F07DB40B2F5
:10FBE00003B05DF804FB1846FAE71420F8E76FF05D
:10FBF0007E00F5E728140020024B00221A705A708C
:10FC0000704700BF28140020054BFF221A70054AD8
:10FC1000016811600179117100221A70704700BFEC
:10FC20002A140020D804002007B5064B186800905D
:10FC30001B798DF804306846FFF7E6FF03B05DF8E6
:10FC400004FB00BF324E03000346407848B1DB7826
:10FC50003A2B05D8034AD35C1B1A584258417047C7
:10FC600001207047901D03003A2908B5C17003D8E0
:10FC7000064B5B5C437008BDFF2904D04FF48961DB
:10FC80002A20FCF7A1FE0123F4E700BF901D03002A
:10FC90002DE9F04385B0894602A91446984609F03B
:10FCA000ADFE0546002839D1039E34B9012486F8FB
:10FCB0009540204605B0BDE8F083376921463846B7
:10FCC00008F0A4F8014658B3174B5B88A34229D328
:10FCD00001AA384608F0DDF996F895300198002B16
:10FCE0000CBF494602210AF06AF8019822464146B3
:10FCF000033007F073FC2146384608F0CCF8044680
:10FD000018B97A212B20FCF75FFE02A80AF02DF922
:10FD1000039BA3F8BA5186F89550CAE70124C8E7B7
:10FD20000446C6E72C46C4E72C140020024B987DFD
:10FD3000C04300F0010070472C140020034B987D55
:10FD400080F00200C0F34000704700BF2C14002078
:10FD50007FB505460C4621B940F215111020FCF77D
:10FD600033FE03888B8000234B724669304608F0CF
:10FD700082F9014610B94FF48F71EFE701AA3046BE
:10FD800008F087F9E08010B940F22311E6E7FB287C
:10FD900002D940F22511E1E701980AF018F801288C
:10FDA00001D0022805D12072206828B94FF49E7135
:10FDB000D4E740F23511D1E70199E288033107F029
:10FDC0000DFC304608F06DF910B940F24111C5E75D
:10FDD0000021304608F0C3F810B94FF4A371BDE715
:10FDE0000A4BDA7D82B11A8B2888013A02A91A835C
:10FDF00009F004FE10B140F24F11AFE7039AB2F8D8
:10FE0000A6300133A2F8A63004B070BD2C14002037
:10FE100010B521B940F25B211020FCF7D5FD4A60F6
:10FE20000B72EFF3108472B6031D0B6042681AB1B7
:10FE3000127A012A08BF036003681960016004B9DF
:10FE400062B6034BBDE81040587807F0DDB900BF3B
:10FE5000481400202DE9F74306460D464FF00508EB
:10FE600000274FF003092B693BB11B7A2BB12C699A
:10FE70009CB9002003B0BDE8F0836C68237A012BA5
:10FE8000F7D0EFF3108372B66A6812686A6003B93C
:10FE900062B6237A002BE6D02C61237ADBB284F899
:10FEA0000880013B0B2B66D8DFE803F062062034A4
:10FEB0005F653D6565656552636823B940F2C711AA
:10FEC0001020FCF781FD2046314698470420EFF3CF
:10FED000108372B6227A052AD1B201D0002953D1FB
:10FEE00027722F61002B4BD162B649E0636813B9CA
:10FEF0004FF4E871E4E73146204698470346C3F3E0
:10FF00000723012BADF80400C0B237D0022BDED19D
:10FF10002F6135E0636813B94FF4ED71D0E72046E7
:10FF200098470020D3E763680BB9DA21C8E70B22B2
:10FF300032701988A6F80310012200241869B270E3
:10FF40007271B471214608F00AF82C61042091E71F
:10FF5000606810B940F20521B2E70E4B31461B68CC
:10FF6000984700232B61022084E740F20E21A7E787
:10FF700040F21121A4E74FF40571A1E784F808903D
:10FF800000283FF470AF75E7002B7FF46CAF62B6CA
:10FF900069E700BF4805002070B5134C1426231DE7
:10FFA00032460021184607F091FB034601252574CF
:10FFB00000210433324604F11800C4E9013307F08C
:10FFC00085FB84F8245004F11C03C4E906330023A4
:10FFD000E362236384F83430C4F83530C4F8393030
:10FFE00084F83D3070BD00BF48140020014B5870AC
:10FFF000FFF7D2BF48140020014B024A1A60704735
:020000040001F9
:100000004805002051FD000038B50B4D05F11801E1
:100010000446FFF71FFF70B9AB681B7A0C2B04D1A5
:10002000064BDA7D0AB11B8B2BB120460449BDE893
:100030003840FFF70FBF38BD481400202C140020B3
:100040004C14002010B51346027A22B14FF42D71E2
:100050001020FCF7B9FC0A46BDE8104001460148F3
:10006000FFF7D6BE4C140020044890F834301BB97A
:1000700003492C3009F0A0BF704700BF481400208E
:10008000AB9F010010B50A46037A23B14FF42F71DC
:100090001020FCF799FC0146BDE8104001480723F9
:1000A000FFF7B6BE601400201346027A0AB103724D
:1000B00070470A4601460148FFF7AABE4C140020CB
:1000C0001B234FF01B128384038482618382C260EE
:1000D000038539B94FF4A473034AC3844384C261CE
:1000E000C3820261704700BF480148010346F0B473
:1000F000B3F85420B3F84840B3F84460DF8FB3F846
:100100004250944228BF14460846B3F84C20B3F836
:100110005610DC878A4228BF0A46B3F84610A3F877
:100120004220914238BF1146A64238BF2646A74218
:10013000A3F84460A3F846101FD1AA1A18BF0122E1
:10014000B3F84A50B3F85040B3F852709E8FB3F8EA
:100150004010A54228BF2546B3F84E409D87BC42BB
:1001600028BF3C46AE42A3F8404002D1A14200D194
:100170002AB1F0BC034909F028BF0122E0E7F0BC36
:10018000704700BFD19F01000B8BA2F80B304B8B47
:10019000A2F80D308B8BA2F80F30CB8BA2F80900A0
:1001A0000249A2F81130104609F009BF21A0010050
:1001B000094AD2E90003434083EAB01181EA4321AE
:1001C0004FEAF3435360054B116058434FEAF06028
:1001D00000EB8000704700BF88140020BB79379E79
:1001E000094AD2E90003434083EAB01181EA43217E
:1001F0004FEAF3435360054B116058434FEAF060F8
:1002000000EB8000704700BFE0040020BB79379E00
:1002100010B50A4C09480821FCF718FED4E9002360
:100220001343F7D0064CFFF7DBFF2060FFF7D8FF42
:10023000236860600343F6D010BD00BFE0040020D7
:1002400088140020174B184A9A60184A5A60184AB6
:100250001A60184A9A62184ADA62184ADA60184A2A
:100260009A61184A1A63184A1A62184ADA64184AD4
:100270009A64184A5A62184B184A9A60184A5A6285
:10028000184ADA62184A1A61184A5A61184A9A6179
:10029000184A1A63184A9A64184ADA64184A9A6320
:1002A000704700BF4C050020E9A201001FA3010018
:1002B00097A3010021A5010075A501000906010011
:1002C0008BA5010079080100ED0601006BA6010075
:1002D00087A6010045070100380600200BA3010096
:1002E0002BA60100ADA5010051A50100D1A501007B
:1002F0008D06010013A70100BFA60100ADA60100F5
:1003000011A60100044B054A5A65054B054A1A65BA
:10031000054A5A65704700BF4C05002057A40100EC
:10032000380600203DA40100C9A40100054B064A7F
:100330009A65064A1A66064B064A9A65064ADA65BF
:10034000704700BF4C050020C3960100599701007B
:1003500038060020FD9501003D990100252A70B561
:1003600005460C4618D8012A19D9023A232A16D86C
:10037000DFE802F01A1525242433153515243944F5
:100380004815154D242467676D7415151515151539
:100390001515151515808990FF2A00F0828040F20E
:1003A000FE315120FCF710FB02784368012A02D18C
:1003B00093F8203101E093F82931237170BD416831
:1003C000204601F5EB7109F06CFD6968204601F5E6
:1003D0008A71BDE8704009F066BD4368E8E7BDE892
:1003E000704000F011BA0E230B7159234B7100239A
:1003F0008B714E23CB7110230B72DFE7436893F8A8
:100400001A31DAE7BDE87040084600F0EBB903782E
:10041000466873B996F820315BB196F81D112046F5
:1004200009F091FD96F81C112046BDE8704009F0D6
:100430008EBD96F81B11204609F085FD96F81A111D
:10044000F2E741682046BDE8704009F002BF43680A
:1004500093F83621227193F8373109E0436893F815
:100460003421012AF4D093F864200A7193F865309E
:100470006371A3E7104B1B68002B9FD0024623201B
:10048000BDE8704018470C4B1B68002B96D0024605
:100490002420F5E7084B1B68002B8FD0024625204F
:1004A000EEE74368204693F84F22D3F85012BDE898
:1004B000704009F090BC00BF240700203A289ABF82
:1004C000024B53F820000020704700BF4C0500206D
:1004D0003A289ABF024B53F820000020704700BF13
:1004E00038060020F7B545682E6904464FF6FF77B9
:1004F0000DF102010DF101023046ADF8027007F076
:10050000E6FC01A9304607F005FD40B1019807F06F
:10051000C6FD616800220272FFF7B4FDE8E70449F6
:1005200005F1A80003B0BDE8F04009F048BD00BFE8
:1005300083A20100F0B5044685B00D46FF2600F801
:10054000856C10F8863CF3B1174F3B781BB14821FE
:100550001F20FCF739FA0C21381DFCF777FC3E70A0
:10056000002304F8853C2A46072302F8033BD4F80D
:100570000930C5F80330D4F80D305360D4F8113089
:10058000936005B0F0BD01A80C21FCF75FFCA4F559
:10059000A873039A1A6001AB03CB44F88E0C44F89D
:1005A0008A1C04F8866CDBE79014002010B5054C1B
:1005B00023782BB90C21201DFCF748FCFF23237066
:1005C00010BD00BF90140020024690F8DE31BBB988
:1005D00090F8DF3103F0FF010BB100207047094BA9
:1005E00018780028F9D01970D968C2F814110433AA
:1005F00003CBC2F8D601C2F8DA11FF2382F8DE314C
:10060000012070479014002038B5426892F88F306E
:1006100004460D463BB1132B05D0113B0B2B94BF69
:100620000820012038BD92F8D23013B9204609F0D5
:10063000CEFD6168284601F5E77109F027FC616885
:10064000284601F5887109F028FC61680B88A1F83B
:100650006D32284601F26F2109F010FC61682846CE
:1006600001F2772109F00FFC6368002583F8DE5161
:100670006068054900F5197009F09EFC6368152251
:1006800083F88F202846CDE73505010038B543684B
:1006900093F88F201C2A044604D040F2BB111F207F
:1006A000FCF792F993F8D2101D88002283F8D1202C
:1006B00003F5D17069B10B4983F8D220A3F8AC518E
:1006C00083F8AB2109F078FC6368002283F88F205F
:1006D00038BD012283F8AB11A3F8AC51024983F86D
:1006E000AE21EFE70DA50100FFA40100436830B57E
:1006F000D3F8804014F001001FD14D68104A89687A
:10070000A3F8CE002A40C3F8E220C2F3076242F009
:10071000080221F41E5121F0100183F8E52093F81E
:10072000D0200904090C013244F00104C3F8E6109A
:1007300083F8D020C3F8804030BD0120FCE700BF23
:100740002FC904F710B5406890F88E30042B2FD1D4
:100750004C688A68184B22F41E522340C0F8E230DD
:1007600022F01002C3F3076343F008031204120CD3
:1007700080F8E5300023C0F8E62080F8CC3080F81F
:100780008E3090F8842102F0FF049AB90388A0F813
:10079000863180F885414B68C0F888318B68C0F895
:1007A0008C31064900F5BE7009F006FC204610BDEC
:1007B0000124FBE71C46F9E72FC904F7EFA5010068
:1007C000406890F8843153B90388A0F886311A2321
:1007D00080F88531024900F5BE7009F0EDBB704725
:1007E000EFA5010010B50446FEF750FE21F41E519E
:1007F000044B21F0100109040340090C6360A1605F
:1008000010BD00BF2FC904F737B50C464568FEF789
:100810003DFE0A4B95F8E22021F41E5121F0100113
:10082000034009040093090C13408DF80030019136
:100830006B4603CB6060A16003B030BD2FC904F7E5
:10084000DB0410B5144604D5037D13B100234363C4
:1008500010BD436B0133436309F03EFFD0E90D2324
:100860009A42F5D30023436302492046BDE8104075
:1008700009F0ABBB5DA6010038B5446894F88E3032
:10088000012B0D4603D0D4F88030980745D494F856
:10089000D330990719D4284609F008FB84F8DD0005
:1008A000B5F80530A4F8DE30B5F80730A4F8E0302C
:1008B00094F8D33043F0020284F8D320DA0711D53C
:1008C000174904F1D40009F080FB94F8D330DB071A
:1008D00018D4D4F8803013F0020208D055214020FB
:1008E000FCF772F894F83A31002BE9D1EDE743F0C8
:1008F0000203C4F8803094F8D030A4F8CE2001333D
:1009000084F8D03094F88E30012B4FF0000003D1E2
:1009100084F88E0084F8CC0038BD0120FCE700BFCD
:10092000F5A6010070B545680446FFF743F9054B8D
:1009300085F88D001B6801461BB12046BDE870405C
:10094000184770BD2C070020024B1B6803B11847E5
:10095000704700BF28070020F0B5204E05463078CC
:100960000024147080B1431E7768DBB2181B012885
:100970000BDC07EBC40057F834604068884208BFBE
:10098000AE4212D114700120F0BD1819461007EBC9
:10099000C60E57F836C0DEF80460AC45C0F3470019
:1009A0008E412CBF03460446E0E7B54271EB0000E0
:1009B00002D214700020E7E707EBC30057F833407A
:1009C0004068884208BFAC4201D11370DBE7A54202
:1009D000814128BF01331370ECE700BFB014002041
:1009E00010F0070208B503D063214820FBF7ECFFA5
:1009F00018B1034B197258601A70C80008BD00BFC7
:100A0000B0140020014B00221A707047B01400206F
:100A1000014B187A704700BFB01400202DE9D34372
:100A200009F0A2FE0DF1070207460E46FFF794FFFC
:100A300098B9114C2278237A93420ED061681346FC
:100A40006FF0604E9DF80700984209D301EBC00398
:100A5000C3E9007601322270012002B0BDE8D083E4
:100A600003EB0E0001EBC000D0E90089013BC0E9B7
:100A70000289DBB2E6E700BFB014002037B509F009
:100A800073FE0DF10702FFF767FF0446A0B10C4AA1
:100A90009DF8070013785568013BDBB213701A1AF2
:100AA000D2B2411CD200834238BF002205EBC10103
:100AB00005EBC00006F04CFD204603B030BD00BF82
:100AC000B01400200A46822302F8033B044803685E
:100AD000C1F803304368536083689360704700BF78
:100AE000B914002002481622002106F0EFBD00BF15
:100AF000B914002082B002AB03E903000B48437D28
:100B000093B1530610D50A880280D1F83022B1F88B
:100B100088304260D1F83422054982604380022245
:100B20000C3002B0FFF7C0BA02B07047B914002011
:100B3000C50A010038B5074D044600F15101286887
:100B400009F0B3F894F850102868BDE8384009F06F
:100B5000BAB800BFD0140020F8B504460E46658828
:100B6000407F15F00401134618BF04F15F013246BF
:100B7000FEF7F4FEC20705460BD5012384F850307A
:100B8000607FFEF74FFF0368C4F851308388A4F8F4
:100B90005530AB070CD5094E0127306884F85E70DC
:100BA00004F15F0109F088F83068394609F094F8DB
:100BB00085F00400C0F38000F8BD00BFD014002011
:100BC00038B5C38D0E4D0133C385AB7C04462BB1C4
:100BD00002F070FC01F00EFE0023AB7400232B71B9
:100BE00094F879302BB101212046BDE8384007F058
:100BF000D7BE637C13B1E28D9A42F4D20021F3E7B1
:100C0000D014002010B5094C2379012B02D0237990
:100C1000022B05D1A37C1BB102F04CFC01F0EAFDD4
:100C2000E069BDE81040FFF7CBBF00BFD014002043
:100C300070B5294C2379012B07D02379022B04D0DE
:100C400040F63C412D20FBF7BFFEA0B90125A37C57
:100C50001BB102F02FFC01F0CDFD002D3AD0E06970
:100C600007F016FE002830D002F01AFB236ABDE818
:100C700070409B6818472168E26911F8095B02F12E
:100C80005103E80992F8502008F079FE0028DDD0E1
:100C90002068002109F045F80028D7D02379E069C1
:100CA000012B05D02379022B02D040F61541C9E76C
:100CB0002379226A03F180435269013B05F00F0159
:100CC00052F8233098470546C1E7E069BDE8704017
:100CD000FFF776BF70BD00BFD0140020074A03465F
:100CE000D06903B909B9FFF76BBF1379126A03F131
:100CF00080431269033B52F823301847D014002078
:100D00002DE9F043032985B0054690467BD090F845
:100D100078300529DBB202D14288D60760D5002B96
:100D20005ED10127DFF8E89099F81260B6B108F0BB
:100D30005BFE082888F8000014D002AA0DF1070114
:100D4000FEF7E2FD20B940F685612D20FBF73CFE61
:100D50009DF8070002A909F013FD064698F8003037
:100D6000082B08D1D9F8001011F8030BC0F380103C
:100D700009F006FD0646D9F8001095F8572011F83D
:100D8000030B05F15803C0F3801008F0F8FDD9F803
:100D90000010044611F8030BC0F3801008F01AFE8F
:100DA0008146FEF751FE014640B1B9F1080F1BD054
:100DB0004846FEF775FD80F00101C9B298F80000C1
:100DC000082815D094B96B7F1C1A604260416B886B
:100DD0005A0706D421B996B9EB7C93B1BB4210D027
:100DE000002005B0BDE8F0830021E7E70120EEE731
:100DF00014B181F00104E4B204F00100E7E73046E9
:100E0000EFE70120EDE743889B07E9D5022789E753
:100E1000D01400202DE9F04F85B008230DF1070212
:100E2000052104468DF80730FFF76AFF064620B912
:100E30000026304605B0BDE8F08F7A4F3968FA7C5D
:100E400011F8030B07F11403C0F3801008F097FDAD
:100E500080460028ECD13B68216A184691F896201C
:100E600010F8035B02EA551202F0010281F89620A5
:100E7000D3F80320C1F803208288A1F8072019467F
:100E8000226A11F81F0BC0F38010907009798DF859
:100E90000C10D3F80F10D3F81F00D161597D0290C8
:100EA000187D090441EA0021D87C01435162B3F85E
:100EB000191040F2E24909FB01F191619D7DC5EBFA
:100EC000451105EB810505EB85056D009585B3F8AA
:100ED000171009FB01F19162B3F81B101184B3F8EC
:100EE0001D10518493F8243003F01F015B0982F830
:100EF000A21082F8B031256A94F912B002A905F166
:100F0000960008F02AFE40F20113A5F868304FF071
:100F1000FF0A85F86AA0414605F13000FFF7D0F8D6
:100F200059462846FEF72AFE236A84F883801A88E9
:100F3000A4F8842084F8A1A04FF6FF72A4F8A220A0
:100F40009A69B2FBF9F2A4F89A201A8CA4F89C20B2
:100F50005A8CA4F89E2093F8B02184F8A020227F18
:100F60009DF8070004F18E015AB394F85020012A2D
:100F700027D194F8562002F0C002402A21D1D4F89B
:100F80005120C4F88E20B4F855208A809A7884F8CD
:100F90008720082803F1030504F18802D3F8033001
:100FA00004F1940134D0C4F89430AB888B8004F100
:100FB0008701FEF7A9FC40B940F69B312D20FBF7D5
:100FC00003FD0022C4F88E20DFE794F8873043F059
:100FD000020384F88730144904F17A0008F0ECFF2A
:100FE000236A12491A88A4F8BB2093F8963084F833
:100FF000BD3004F1B20008F0DFFF0D4B206A1B6822
:1010000000223A71002B3FF414AF2146984710E7B5
:10101000C4F88830AB8893800023C4F894308B8068
:10102000D9E700BFD0140020C3A7010095A7010095
:1010300034070020032973B5044604D0052952D093
:10104000012002B070BD08230DF107028DF80730B2
:10105000FFF756FE0028F3D0237C284D03B39DF8FC
:10106000070094F8C630DBB9237884F8C730082825
:1010700004F1C90228D004F1C801FEF745FC20B9EB
:1010800040F6FB612D20FBF79FFC94F8C83043F03D
:10109000020384F8C8301A4904F1BE0008F08CFF3E
:1010A0002B68062204265A701E702046FFF742FD68
:1010B00094F84020E16B286808F024FE28682E711F
:1010C00002F088F90020BCE72868034613F8031BE8
:1010D000C1F3801184F8C810D0F80310C4F8C91007
:1010E0009B889380D7E7074B1B6823B1984780F014
:1010F0000100C0B2A5E71846A3E700BFD014002046
:10110000ABA7010030070020F8B504460F4619B31D
:1011100000F12805284609F040FDA0B963881A07A8
:101120002ED5284609F050FD0646284609F035FD23
:10113000301AC0B209F058FD444A93680344284667
:10114000936009F006FD284609F008FD01F0C8FF8C
:101150002179252001F0BCFE3C4D94F85E202868E2
:101160000023037043706388103B0D2B5ED8DFE8CB
:1011700003F0595D550C5D405D5D5D5D5D5D5D40FD
:101180002046BDE8F840FFF71BBD0623437020232F
:1011900003702046FFF7CEFC638823F008039BB260
:1011A000152B05D094F83820616B286808F09BFD5A
:1011B000286802F00FF9032321792B71002001F038
:1011C00095FF064607B9E86063881B0704D509F058
:1011D00008FD0644C4F8E0606388103B0D2B30D84E
:1011E000DFE803F0322F29292F292F2F2F2F2F2F20
:1011F0002F290C2343702123037042B104F15F01B6
:1012000008F05AFD0121286808F066FDC1E704F1E5
:10121000580108F051FD94F85710F4E706230370C5
:101220004370B6E7022303700623F9E740F2266114
:101230002D20FBF7C9FB21790120BDE8F84002F021
:1012400053B940F6AA41F3E7F8BD00BFD01400201F
:1012500038B54388102B044604D1BDE8384001213D
:10126000FFF752BF0B4DAB7C23B101F0A9FA402030
:1012700002F014F9286802F0ADF8608810F004005C
:1012800002D1217902F030F9002002F0E3F80123C5
:101290002B7138BDD0140020024B0121D869FFF713
:1012A00033BF00BFD014002010B5134CA37C1BB17A
:1012B00002F000F901F09EFAE06907F0E9FA70B176
:1012C0002379E069012B0FD12379226A03F180434E
:1012D000D268013BBDE8104052F823301847E0695E
:1012E000BDE81040FFF76CBC2379022BECD040F630
:1012F00043312D20FBF768FBD014002010B50948BE
:10130000037903F0FF0453B918222146043006F094
:10131000DDF902F0CFF801F06DFA204610BD0C2483
:10132000FBE700BFD014002010B5094C0023237147
:101330002060FFF7E3FF20B140F2F6212D20FBF7FC
:1013400043FB236A13B940F2F921F7E710BD00BF50
:10135000D0140020014B024A1A627047D0140020BA
:1013600044160100034B044A1A60044B044A1A60F5
:10137000704700BF30070020150E01003407002021
:10138000E1EA00002DE9F041067DB31EDBB2012B3E
:1013900004468CBF4FF000084FF001087EB3B71E23
:1013A00018BF0127012B36D800F1580190F85700DB
:1013B00008F010FB082805462DD0FEF77DFA58BB33
:1013C000657784F81C8084F85070FEF797FA05461C
:1013D00009F004FF174BA5FB03351B1845EB01056E
:1013E0000022C4E9123584F85E2011462046FFF73A
:1013F000B3FB70B940F293412D20FBF7E5FA374675
:10140000082504F151010020FEF73CF90028D7D14E
:101410000020BDE8F0810825022EF2D0E37E002BEB
:10142000F6D0D4F81530C4F85130B4F81930A4F817
:101430005530C5E740420F00F0B5464E327985B0D1
:10144000044602F0FF0312B90278FF2A04D140F6E5
:10145000A9112D20FBF7B8FA3382B3607371B37111
:1014600080F879303C4B00933C4B01933C4B02930A
:10147000336A68465B68039301F0A4FF01F066FDE0
:1014800002F018F801F0B6F9364801F003FE04F155
:101490002805354801F090FF284609F05AFB2846F8
:1014A00009F05CFB01F01CFE2179252001F010FD04
:1014B00094F9120001F0E8FD04F13401206B06F00C
:1014C000E9FE04F13C010746206B06F00AFF0546E1
:1014D00017B194F82430C3B90DB194F82550237F87
:1014E00013B963885B0709D5D4E912126FF0004382
:1014F0009A4208BFB1F1FF3F09D185B93068033086
:10150000FEF71AFAB07405B0F0BD0125E7E709F05F
:1015100065FED4E91223904271EB0303EDD301225F
:1015200005EA02012046FFF717FB68B1FEF7E6F96E
:10153000054609F053FE0D4BA5FB03351B1845EB83
:101540000105C4E91235D9E7002DD7D040F6DE11E8
:101550007FE700BFD0140020A9120100310C010068
:10156000DD0C0100D6BE898E5555550040420F0056
:10157000F7B50446FFF760FF00212046FFF7C4FDE2
:1015800004F1680008F0F1F9236F0BB101221A6031
:101590006388DB0721D50023114E256ACDE900338E
:1015A000FF23F37405F10A076846FBF72DFFA0B986
:1015B000009CA542F8D06A7A607A3B4604F10A01A1
:1015C00008F0DDF90028EFD0A378F374D4F8030015
:1015D0007061044BB4F807209A8003B0F0BD00BFDF
:1015E000D0140020E4140020024BD8611B6A1B6851
:1015F000184700BFD014002043881B0710B50446CD
:1016000011D5036A0A493C2280F883201B88A0F880
:101610008430FF2380F8A1304FF6FF73A0F8A2308A
:101620007A3008F0C9FCFF2384F8793010BD00BF80
:10163000C3A7010035100100511201001BA80100D1
:1016400015A8010071150100050C01009912010097
:101650004016010038160100341601000138022836
:1016600008B503D9C3212F20FBF7AEF913290A4B84
:1016700005D811290CD8102907D0D121F3E7152955
:10168000FBD103EB4003D88801E033F8100008BD1C
:1016900003EB40039889FAE7CC1D0300F8B52F4B04
:1016A0001A88402842EA00021A8005D1042198686D
:1016B000BDE8F840FDF744B9802801D10521F6E7DF
:1016C00000F00302032A04D140F6CA113120FBF7CF
:1016D0007BF910F0020418BFD960C50705D5CA7898
:1016E0001961062A0DD00B2A18D02CB1DA68D278ED
:1016F000052A1FD00B2A2AD0820644BF08221A7559
:10170000F8BD9A6892F88F101829EED100260027AC
:101710000121C2E93C6782F89310E6E79A6892F8E3
:101720008F10122901BF002182F89310012182F845
:10173000D210DAE79A6892F88F101629DCD10024CB
:101740000025C2E93E45012182F89410D4E79A6849
:1017500092F88F101129CFD10021F5E7F414002061
:1017600013B5044601A8FDF715FF20B940F2CA7170
:101770003120FBF729F922220021019805F0A6FF6C
:101780000198032108F01BFB0198037823F0100354
:1017900003702146FEF768FA019906482246FEF7D3
:1017A000DDFDFDF70DFF10B940F2D471E0E702B0A6
:1017B00010BD00BFF814002070B5274CA36893F843
:1017C000566293F85752002E3FD193F86810002DBF
:1017D0003DD193F8692083F8681083F86920FF22CF
:1017E00083F86A201D4B1B680BB1A0689847A3685B
:1017F00093F83431012B02D056EA050303D0184880
:101800000021FDF76BFEA068303008F057FC05465C
:10181000A06800F24511FEF769FCA0680621FDF7FB
:101820008FF8A068303008F049FC8542044610D299
:1018300002F040FF0146601B322838BF322004F01E
:10184000BDFFB0FA80F0400970BD3146BFE72A46BF
:10185000C1E70120F8E700BFF41400203C07002096
:10186000F8140020002908BF1F21172810B50346CF
:101870000BD80D280DD90E3809280AD8DFE800F05A
:101880000B0909090B090B09110BA0F12303022B0A
:1018900023D9002010BDBDE810400021184609F0F2
:1018A000A7B9114CA36893F88E20212A09D1201DD5
:1018B000FDF714FEA368002283F88E2083F8CC2065
:1018C000E7E72E2AE5D193F88F30A3F12002062A0C
:1018D000F0D92E2BEED02A21E9E7044B1B68002B10
:1018E000D7D0BDE810401847F41400203807002076
:1018F000114B09790246986890F88E30212B11D04F
:101900002E2B0FD0282B0FD0042B0FD00F2B0FD046
:101910001D2B0FD090F88F30232B14BFFE201720E3
:10192000FFF7A0BF1620FBE72320F9E70E20F7E71B
:101930001220F5E71420F3E7F414002008B50C4B4F
:101940009B6893F81E21FE2A04D040F2D971312001
:10195000FBF73AF883F81E0111B9A3F8CE1008BDC1
:101960000022A3F8C820012283F8CC20F7E700BFAB
:10197000F41400200C4A117D91B938B99068B0F880
:101980005810828F91420BD8FCF7CCBF13881B07ED
:1019900008D5936893F89000073818BF0120704766
:1019A0000020704701207047F41400204368D3F8EA
:1019B000803013F0300F2DE9F74304460D4656D121
:1019C000084608F08DFA30B92946204603B0BDE834
:1019D000F04308F02ABC2846666808F07DFA0746FE
:1019E000284608F075FA8046284608F077FA8146BE
:1019F000284608F06FFA303600904B46424639468A
:101A0000304608F06DFB1B4B1A88920711D5DA6837
:101A1000D278142A0DD16268D2F8803043F01003D6
:101A2000C2F88030204608F0D2FB002003B0BDE8A9
:101A3000F083626892F88E101D29ECD092F82B2169
:101A4000002AE8D1626892F82A21002AE3D161686D
:101A5000D1F8802042F02002C1F880209A68114617
:101A600002F5A77231F8300BFEF78EFBDAE70120A2
:101A7000DCE700BFF414002010B5164BDB681979C1
:101A8000436893F88E20092A09D193F819218A42D4
:101A900005D1002283F88E2083F8CC2010BDD3F826
:101AA000802012F0080407D022F00802BDE81040A0
:101AB000C3F8802008F095BBFF2905D1332283F8B5
:101AC0008E2083F84C42E9E740F2DE413120FAF7FC
:101AD0007BFF00BFF414002010B50B794268172B70
:101AE00092F88E2004460CD80D2B0CD9A3F10E01D0
:101AF000092908D8DFE801F00907070709070907DE
:101B00001009232B26D0002010BD22460121BDE85C
:101B10001040184609F06CB8212A01D02E2AF2D1C3
:101B2000204608F04BFB636893F88F20222AEAD006
:101B300093F8E32022F0010283F8E320626892F830
:101B4000E33023F0080382F8E3301A212046FDF742
:101B5000C5FCD8E7282AD6D1024B1B68002BD2D06F
:101B60009847D0E740070020F7B5814C054600288C
:101B700040F0B28023881F0735D5A36893F81E2153
:101B8000FE2A04D14FF4AA613120FAF71DFFFE228C
:101B900083F81E2193F88F201A2A07D183F8D100E9
:101BA000201D08F01EFBA36883F88F50A36893F8EC
:101BB0008E20332A42D03F2A49D0202A0AD193F8D6
:101BC0008F20A2F12001062901D92E2A34D12E22FC
:101BD00083F88E20A36893F89020072A02BF022280
:101BE000627583F81E212388DE0734D423885807C2
:101BF00000F1A080990713D5E368DE780D2E00F080
:101C0000A180112E00F0A080072E00F09F803046AA
:101C1000FEF75EFC0346002800F09A80554898477E
:101C20002388DA0658D5A36893F88F200A2A53D15F
:101C30000B2283F88F204FE02122C9E7012283F88D
:101C40004D22002283F88E2083F8CC20C2E7494839
:101C500008F0B4FABEE7A368276993F88F30113B08
:101C60000B2B0BD8FB78023BDBB2092B7CD8012273
:101C700002FA03F340F23332134275D03846FDF7CF
:101C8000E3FF20B939463B4808F0CFFA47E0FE7839
:101C9000012E01D9162E0FD1A36893F88E0008F0FB
:101CA000B5FA48B1A36893F88E20202A04D0212ADF
:101CB0000ED12E2283F88E20112E35D026D8072E55
:101CC00034D00D2E34D03046FEF7F8FB034621E029
:101CD000162E0CBF20250225237D1B0713D5A368D4
:101CE00093F88F30113B0B2B40D9002601A903201C
:101CF0000196FBF7F1FF019B2BB11E720C22A1682C
:101D00000198FEF79FF9284603B0F0BD142EDAD1F2
:101D1000194B1B68002BB5D021691648984700283D
:101D20003FF464AF0546D7E7144BF5E7144BF3E7F0
:101D3000144BF1E7A26892F89020062A04BF012212
:101D4000627557E7104B69E7104B67E7104B65E783
:101D5000FF2E06D1A268332182F88E1082F84C0241
:101D60005EE740F244510FE70825B5E70825CAE7CA
:101D7000F4140020F814002048070020FDAC0100F6
:101D8000D91A0100F11801008DAC0100ABAC0100C3
:101D9000791A01002DE9F041A54CB4F800800E46F7
:101DA000A16818F4007F0ABFB1F8C22000230132F5
:101DB00001F1800507461ABFA1F8C23081F8C7318A
:101DC000A1F8C220284608F088FF28B1434601F553
:101DD0009E722846FEF734FD238803F4C06333B1B6
:101DE000A06890F89230002B4AD0032B4ED0A16807
:101DF000238891F89220012A04D11D0544BF0222B4
:101E000081F89220002F40F0AD8058065DBFB1F8F8
:101E1000E021013292B23A46A1F8E02103F00A0231
:101E20000A2A0DD1E268D278022A09D123F00803E8
:101E300030462380FFF798FE08230643F6B223803E
:101E40003046FFF791FEA36893F81E210643FE2A51
:101E5000F6B24FD1002E4DD193F89020063A012AC8
:101E600048D993F82831B3B1A36893F82921A3F88E
:101E7000C66083F8202101210220FFF75FFD39E0D1
:101E8000012180F89210FCF75BFDB0E7022380F897
:101E900092300121F7E7A06890F88F30A3F1100588
:101EA000EDB20C2D11D8113B0B2B00F25681DFE85F
:101EB00013F00C015401540154010F011701540196
:101EC00054015401540154014201D0F88030D90723
:101ED00002D531460920D0E79A0740F19A80314671
:101EE0000C20FFF72BFDA26892F8D33043F00103DA
:101EF00082F8D330A568B5F8C03195F8C4810133B4
:101F0000A5F8C031B8F1000F00F0E581FBF7D6FE6F
:101F100010B10023A5F8C031A16891F89280B8F102
:101F2000010F40F20E8291F89030072B40F0EB81C8
:101F3000B1F8C230022B40F20482B1F8C45001352E
:101F4000ADB2B1F888302B44A1F8B83191F8C53161
:101F5000002B00F0FF810123A268B2F888100B4427
:101F6000A2F8BC312288A36855065BBFB3F8CC2128
:101F7000B3F8BE1100225218A3F8CC2193F82831EF
:101F80002BB9A36893F89030063B012B07D8A368C0
:101F9000B3F8C620B3F8BE110A44A3F8C620A3685C
:101FA00093F8CC0030B1B3F8C820B3F8BE110A449E
:101FB000A3F8C82093F9D0100029C1BFB3F8CE20F0
:101FC000B3F8BE515219A3F8CE2093F8B1205AB9F4
:101FD000002F40F05982627D022A40F00E8293F871
:101FE0002021062A18BF1622A36893F8B0302BB917
:101FF000A368104883F8B120FEF774FAA06808F0CF
:10200000BCFEA368002283F8C321BDE8F041FDF7C0
:10201000FDBA590702D5314613202EE71A070BD512
:1020200090F8183180F820313146072025E700BFAD
:10203000F4140020F814002013F0300F3FD090F873
:102040002B31002B40F02682A36893F82A31F3B19C
:10205000A06890F88F30252B00F5957100F256227C
:102060002BD090F88E30A3F1250CDCF1000343EB6C
:102070000C0308F027F8A268D2F8803023F0200380
:1020800043F01003C2F88030002382F82A31A068A0
:10209000D0F88030DA0640F1FD8100F24511FEF7FC
:1020A00025F8A368B3F85220A3F82021B3F85620EE
:1020B000A3F8222100211520DFE60123D9E75B06E2
:1020C00040F1E88100212420D7E600210B20D4E64E
:1020D000FEF77AFA00283FF40DAF00210420CCE689
:1020E00090F84832012B08D100210520FFF726FC8B
:1020F000A368002283F84822FCE6A36893F84832DC
:10210000022BD8B27FF4F6AEA36893F8D250062221
:102110001DB183F820210021E8E78C48032108F055
:102120006FF8A36893F8E23013F0040F294614BF48
:1021300011200D20DAE7002106209EE693F83421D5
:10214000022A02D10021172097E693F83421012AB0
:1021500003D193F83531002BF4D0A36893F88E2087
:102160006AB993F88F20103A0C2A40F2A38193F8B1
:10217000C020002A00F09E81012112207DE6092A5C
:1021800040F0948193F8192183F8202101214CE734
:10219000A36893F83A319BB1A36893F8D33013F056
:1021A00003050DD101210C20FFF7C8FBA36893F8AC
:1021B000D32042F0010283F8D32083F83A519BE701
:1021C000A36893F82A3153B3A36893F82B3133BB38
:1021D000A06890F88F30252B00F5957100F25622FB
:1021E0001BD090F88E30A3F1250CDCF1000343EBFB
:1021F0000C0307F067FFA368002283F82A2101215E
:102200001420FFF79BFBA368B3F85220A3F820210A
:10221000B3F85620A3F822216CE60123E9E7A3686E
:1022200093F83421012A4CD193F83531002B48D151
:10223000A16891F88F30A3F12002062A41D92E2BF4
:102240003FD091F86850012D06D0022D04D040F205
:102250000B310620FAF7B8FB91F86900012801D08C
:102260000228F4D1022D91F836210AD0012A14BF98
:10227000002201223AB90A3B042B12D9012116206F
:10228000FBE5022AF3E7022891F8372117D0012A4B
:1022900014BF00220122002AEDD02C480021FDF7B6
:1022A0001DF9A36893F88E20002A7FF423AE93F8DB
:1022B0004C32002B3FF41EAE0121FF20DDE5022A47
:1022C000E6E7234B1B68002BEBD020489847FE28FD
:1022D000E7D00121D1E5FBF7EBFC08B1A5F8C081FF
:1022E000FBF7F4FC00283FF417AE95F8C731013333
:1022F000DBB2022B85F8C73182BF0023A5F8C031BD
:1023000085F8C73108E691F8C0301BB191F88E30DE
:102310000F2B16D1B1F8C450B1F8C23001F18000D2
:10232000ED1A033D08F0D9FC68B1D1F8B830D1F806
:10233000B420033B9B1A9D42A8BF1D46012D3FF7C9
:10234000FFAD0125FDE52B46F5E700BFF8140020A1
:1023500044070020012D7FF6FEAD91F88F3013B1B8
:102360000B2B7FF4F8AD91F88E30002B7FF4F3AD9A
:1023700091F89030002B7FF4EEADB8F1020F7FF4AE
:10238000EAAD91F8C731002B7FF4E5AD086905F09F
:1023900002FE00283FF4DFADA26892F81E31FE2B4A
:1023A0007FF4D9ADB2F8BA31012B7FF6D4ADB2F8D3
:1023B000C011138C9942BFF4CEAD5B1A013DADB292
:1023C0009BB29D4228BF1D466B1C9BB292F87720A2
:1023D00072B9A1680A6F5AB1B1F8BE20B1F888107D
:1023E000521A91B212B2002A02DD9342A8BF0B46E4
:1023F000A268012182F8C211AEE5012A09D193F841
:102400009120002A7FF4F0ADA0680021FCF798FA33
:10241000F7E55EB1F00635D4310735D4B20635D4D0
:10242000B30735D140F64C11312013E738B1B3F87A
:10243000C800B3F8CA20904201D32222D4E5002973
:1024400005DDB3F8CE10B3F8CA209142F5D2B3F847
:10245000C610B3F8C42091420BD2A36893F892102F
:10246000B3F8C22051B1B3F8C4309342CCD808229B
:10247000BAE593F82831002BDFD1EEE7052AC3D95E
:102480003E22B1E51E22AFE53D22ADE52322ABE5BC
:102490002A22A9E5A36893F88F20222A3FF44EAEA2
:1024A000312A7FF45AAE00211120E6E40C2D3FF6CC
:1024B000F8AE1FE50C2D7FF61DAD93F83B31002BD8
:1024C0003FF466AE01210E20FFF738FAA368002220
:1024D00083F83B2110E600BF73B5664D002401264A
:1024E0002E71A8602C802C756C75FF2380F8C33189
:1024F000AB681888FDF748F8AB681888FDF770F8E6
:10250000AB68B3F8BA21EAB193F81E21FE2A19D1BB
:1025100093F82831B3B1AB6893F89020063AB242F1
:1025200010D993F82921A3F8C64083F8202102206E
:102530003146FFF703FAAB68022083F8C241FFF788
:102540000FF904E0AB6893F81E01FE28F7D1AC68E0
:10255000B4F8BE31B4F8C021013B12FA83F2A4F8FA
:10256000C021B4F8C22099B212FA83F3A4F8C230A1
:1025700004F1800008F0B1FB20B1D4F8B4300B4472
:10258000C4F8B430B4F8BA31012B9CBF0133A4F8BD
:10259000BA31002609B184F8C76194F88F3084F805
:1025A000C261A3F10A02012A1FD8B4F88830B4F836
:1025B00054229B1A190432D404F2562104F19600D5
:1025C00007F0CBFAAB6883F88F60FF2283F8EA202C
:1025D000A968B1F8BE2101F1800007F004FBA0B3A7
:1025E00040F6D7013120FAF7EFF9252B17D1B4F8CF
:1025F0005422B4F888309B1A1A0410D484F88F60DF
:10260000FFF7DAF8AB68014630B983F8340102B05D
:10261000BDE87040FFF7BEBB83F83461D8E794F89B
:102620008E3003F0FD03252BD2D1B4F88830B4F8F6
:1026300054229B1A1B04CBD4002384F88E30FFF75E
:10264000BBF801460028C3D1E1E70B4B0B490093CF
:1026500003C90B4B0B4AFBF7F9F9AB6893F88F30C2
:10266000113B0B2B04D802B0BDE87040FBF7E6B974
:1026700002B070BDF4140020951D0100F814002074
:10268000751901009D16010038B50446084694F8F6
:10269000483213B10C25284638BD94F88F30153BCD
:1026A000012BF7D894F86C3203F0FF05002BF1D121
:1026B000A1B194F8DE3123B940F6A1113120FAF727
:1026C00083F9074B9968052301F5807201F5E771DD
:1026D00004F06EFC012384F84832DCE70223FAE7B9
:1026E000F4140020D0F85C328269934210B504469D
:1026F00004D1D0F86012026A914215D02288A4F861
:102700009A2140F2E242B3FBF2F3A4F89C31B4F810
:102710006032A4F89E31B4F862320949A4F8A031BD
:1027200004F5C87007F051FC02212046FDF7C4F9FA
:10273000002384F88F30032384F8923010BD00BF4B
:1027400077A3010008B5FDF7DDFD024B024A1A60D0
:1027500008BD00BF48070020AD190100064BD3F8A3
:10276000000138B1D3F8040120B1D3F80801B0FA60
:1027700080F04009704700BF00F00040034B00228A
:102780001A705A7010229A70704700BF0C15002002
:1027900070B50646022014460D4600F09BF9064B24
:1027A00001221A70054B033CC3F81045C3F80865B5
:1027B000C3F8045570BD00BF0C15002000F00040A8
:1027C00008B5022000F086F9084B01221A70084B68
:1027D0000022C3F80021C3F80421C3F8082103F53F
:1027E00080334FF40002C3F8042508BD0C15002007
:1027F00000F000400D4A08B513787BB10C4B4FF444
:102800000001C3F80815FFF7A9FF60B10123537059
:10281000084BD3F80034937000231370BDE80840D0
:10282000002000F057B950701023F4E70C15002079
:1028300000F0014000F000400A4B1A786AB10A4BE0
:10284000D3F800215AB1D3F8040120B1D3F808011C
:10285000B0FA80F04009C0B2704758787047022043
:10286000704700BF0C15002000F0004008B5074B72
:102870001A783AB1FFF772FF30B1054BD3F8000474
:10288000C0B208BD9878FCE71020FAE70C150020CC
:1028900000F00040024B00221A705A709A70704784
:1028A0000F1500202DE9F04104461C4D01201E4665
:1028B0008846174600F00EF904F003002E7140EA36
:1028C0000643174E43F08073C6F80435C6F80885F2
:1028D00004F012FD30B9D6F8183523F0FF033B435E
:1028E000C6F818350F4B104AC3F8082514F0FB0F33
:1028F00001BF0E4AC3F89825FC3AC3F89C25012273
:10290000022C6A70EC7007D8054B2A700021C3F8BE
:102910000011C3F800121A60BDE8F0810F15002005
:1029200000F0004000F001400000020200F1004011
:10293000214A537870B523B94FF404713C20FAF75B
:1029400043F81E4BC3F80C15C3F81005D5780124C5
:102950009470C5B912780AB9E121EFE7184AC3F8B3
:1029600004514FF40035C2F80455D3F8006116B194
:102970005C60C2F808550B7803704B7804334370E1
:102980008B78837070BD042D4FF0000106D1147058
:10299000C3F80411C3F800421C60F3E7127812B9BF
:1029A00040F20D11CAE7C3F80411054B4FF0007255
:1029B000C3F80425E6E700BF0F15002000F0004033
:1029C00000F00140064B1A782AB1064A0649C2F8BF
:1029D000081500221A7000225A709A70704700BFC2
:1029E0000F15002000F001400000020208B50A4B5C
:1029F0001B7823B940F276213C20F9F7E5FF074B1D
:102A0000D3F8042112B940F27721F5E7D3F8000496
:102A1000003818BF012008BD0F15002000F000404D
:102A2000164B1B7870B523B940F287213C20F9F78B
:102A3000CBFF134CD4F80431BBB90223C4F80433E0
:102A4000104B114E1D691A6942F0100205F0100575
:102A50001A61D4F804314BB125B90A4A136923F03D
:102A6000100313610223C4F8083370BD4FF4004310
:102A7000C6F8803108F0E7FBEBE700BF0F15002038
:102A800000F0004000ED00E000E100E0014B012219
:102A90009A60704700F0004008B50B4B4FF40042BD
:102AA000C3F88020BFF34F8FBFF36F8F074B002217
:102AB000C3F80025C3F80025FFF784FF044B4FF44B
:102AC0000002C3F8082508BD00E100E000F0004066
:102AD00000F0014038B5144C0023C4F80035C4F8A8
:102AE00000350546FFF76EFF104B4FF40002012D35
:102AF000C3F8082503D0022D08D085B938BD0223BC
:102B0000C4F800350A4BC4F81435F7E70321C4F8BC
:102B100000150749C4F81415C3F80425EEE782210F
:102B20003D20F9F751FF00BF00F0004000F00140E8
:102B300014150020024B00221A809A701A717047F7
:102B40002016002038B5144D95F84120034608465C
:102B500022B940F611013E20F9F736FF6BB9012A80
:102B6000EC6B95F8401005D100F048FE2044AB6AAC
:102B7000C01A38BD08F02DF9F8E7012B0AD1012A57
:102B8000EC6B95F8401002D100F02AFEEEE708F059
:102B90002BF9EBE70020EAE72016002008B5094BE7
:102BA000012883F82000084B06D0022808D040F600
:102BB0002A513E20F9F708FF0322C3F8102508BD6B
:102BC0000422FAE7201600200010004008B5144B3C
:102BD00093F84D30D90721D59A0711D5114BD3F869
:102BE000002242F00102C3F80022D3F8503503F06E
:102BF000F603022B12D140F2FE513E20F9F7E4FE1B
:102C00005B070BD5084B094AC3F8AC25A3F5B833CD
:102C1000D3F8403113B140F20561EEE708BD00BFC3
:102C2000201600200010004000F001400810004075
:102C300007B50B4A01AB92F9212000F023FE9DF964
:102C4000040000F0C5FD9DF8050000F08FFE20B1E6
:102C500040F2CF513E20F9F7B7FE03B05DF804FB18
:102C60002016002008B503460F4863B92831C1601B
:102C70000E4900F063FE0130012814D940F226719C
:102C80003E20F9F7A1FE012B0AD12931C160074985
:102C900000F05AFE0130012805D94FF4E661EFE754
:102CA00040F23471ECE708BDE8040020EC1D03009D
:102CB00008B50C4B9B78012B09D100F04BFE01307D
:102CC00001280ED940F662013E20F9F77DFE022B65
:102CD00007D100F045FE0130012802D940F6680115
:102CE000F2E708BD20160020044B03441A7E044B73
:102CF000C3F80825C3F85405704700BFEC1D030056
:102D00000010004038B50D460446FFF747FF28463F
:102D1000FFF7EAFF29462046FFF78AFF04F018FB79
:102D200090B10A494FF08053D1F88825D3F8203369
:102D3000022C0CBFC3F30663C3F3062322F4FE4246
:102D400042EA0323C1F8883538BD00BF00100040B7
:102D500010B50C46FFF722FF2046FFF7C5FF0E4BCC
:102D60005A78012A03D1D8782146FFF761FF0B4C2E
:102D7000D4F8003243F48873C4F8003204F0E8FA5F
:102D800040B904F0F5FA28B9D4F8683543F4C02303
:102D9000C4F8683510BD00BF2016002000100040A8
:102DA00010B560220021194804F090FCFFF7C2FE24
:102DB00004F084FA60B124221548FF2104F086FC57
:102DC0004FF080430022C3F8082EC3F8102E10BD28
:102DD00004F07EFA0028EED104F084FA0028EAD14B
:102DE00004F0A0FA08B14022E6E704F091FA0446A4
:102DF0000028F8D106483822FF2104F067FC4FF084
:102E00008043C3F8084EC3F8104EE0E720160020B8
:102E1000000E0040024B0344187E00F51660704718
:102E2000EC1D0300014B93F8400070472016002072
:102E3000024BD86B9B6AC01A704700BF2016002057
:102E4000094A936A906B92F84010C01A074B03EB43
:102E500081031A6CDB6C801A03F2F3134FF47A725D
:102E6000B3FBF2F3C01A704720160020EC1D0300DC
:102E700008B5FFF7E5FF034AD2E90C31C01841F16C
:102E8000000108BD2016002008B50F4A92F8401036
:102E9000012906D0022914D040F2A7213E20F9F7DB
:102EA00093FD40F6B830936B926A9B1A074A02EB87
:102EB0008102126C9B1A4FF47A72B0FBF2F0184444
:102EC00008BD4FF4FA60EEE720160020EC1D030069
:102ED00008B5134B012983F84C0006D002291BD0FA
:102EE00040F2E5213E20F9F76FFD00230D4A43F43F
:102EF000801340F0007043F4847340F44030C2F813
:102F00001435C2F81805D2F8503503F0F703032B37
:102F100005D14FF43F71E5E74FF08073E6E708BD58
:102F2000201600200010004008B504F011FA50B13E
:102F3000054AD2F8743723F0807323F0010343F07D
:102F40008073C2F8743708BD00100040474B02225E
:102F500070B5C3F88020BFF34F8FBFF36F8F444C21
:102F60000023C4F8FC3F0123C4F8FC3F04F000FA3E
:102F700028B1D4F83C3743F48063C4F83C3704F0FC
:102F8000BBF958B1D4F83C3723F0004323F0FF03DA
:102F900043F0004343F09603C4F83C3704F0D8F9FB
:102FA000334C38B1D4F8403723F47F4343F4B05363
:102FB000C4F840372F4BC4F8783700F0E7FC38B13D
:102FC0004FF08053D3F83033591C18BFC4F84C3736
:102FD0004FF01023264C1B6E5A1C09D0D4F88C25B8
:102FE0001B0403F47F0322F47F021343C4F88C35DF
:102FF00040F20313C4F834351F4D40F25B63C4F84C
:1030000038350123C4F8303585F820300323C4F85F
:10301000103540F20123C4F850360226174BC4F88D
:103020000062187C00F0B8FC154B4FF04062C3F80A
:1030300004250023A5F84030EB6385F84D30114B93
:10304000D3F84035AB6202F0EFFD084B1022C5E922
:103050000C01C3F88061C4F804231E602B6E03B119
:103060009847BDE8704000F05DBC00BF00E100E0A3
:10307000001000402C00008920160020E8040020E9
:1030800000F0014000800040014B83F821007047B0
:1030900020160020034B020E0002C3F82425C3F8BB
:1030A0001C0570470010004038B5044600680A4D02
:1030B000FFF7F0FF094B6268C3F83C25237A85F8D7
:1030C0002230617AA07AFFF703FF607AFFF766FD8E
:1030D000E37A85F8213038BD20160020001000402A
:1030E000014B83F82200704720160020F8B5244ECB
:1030F00096F84D30DA0705460F4604D440F2597170
:103100003E20F9F761FC1F4CD4F8002243F0020383
:1031100042F00102C4F8002286F84D3000BB96F858
:1031200022103846FFF7EEFD174A0123B370D3642F
:103130002360154BD3F84C4528462146FFF792FDF6
:10314000B06A241ACDB9114901EB47074FF47A71DF
:10315000B7F8580000F5FA70B0FBF1F02044F8BD64
:103160000128E6D196F822103846FFF7F1FD022338
:10317000B370054BDD646560DBE704F12900EEE721
:10318000201600200010004000800040EC1D0300CD
:10319000F8B53C4C0D461646074600284ED1104661
:1031A00094F82210FFF7AEFD22780123A3709A4213
:1031B000354B4FEA46061E4430D1B6F85E304FF428
:1031C0007A7203F5FA73B3FBF2F3ED1AA16A2F4A90
:1031D0002F4E304B0D44C6F84055C2F8A835636CED
:1031E00043F4002363644FF40023C2F804352378CA
:1031F000002B3AD194F84D3043F0020384F84D305F
:10320000FFF7E4FC0123F364D6F84C25954233D84C
:103210000022C6F84025204A1361F8BDB6F85830A0
:103220004FF47A7103F5FA73B3FBF1F3ED1A002A48
:10323000CCD1164B184AC3F8AC25C7E701280FD1EB
:1032400094F822101046FFF783FD0223A370237821
:10325000012BBBD0293D002BB8D10C4B0F4AEAE71C
:1032600040F2C9713E20F9F7AFFB012BC8D194F8A9
:103270004D3043F00403C1E729463846BDE8F84025
:10328000FFF7F0BC20160020EC1D030000F0014009
:1032900000800040408100400010004004100040C9
:1032A000224B13B510222249D3F80443C3F8082354
:1032B0000222C1F88021C3F800221E4A002182F8B0
:1032C0004D101D4A4FF46020C2F80805D3F8502570
:1032D000D2B204F01004DAB1FF228DF807200122E7
:1032E000C3F810111A619DF8072012B1D3F810210C
:1032F0003AB19DF807305BB940F651013E20F9F72D
:1033000063FB9DF80720013AD2B28DF80720EAE767
:10331000FFF7CEFC05490023C1F81031FFF70AFC86
:1033200014B11023C1F8043302B010BD00100040E6
:1033300000E100E02016002000F0014038B51A4DF1
:103340000024C5F84845C5F84445C5F84045C5F8CA
:103350004C45FFF7A5FF00F0EBFA144B14495A6CEB
:1033600042F04462C1F80825C3E90E445C641C764F
:10337000104BC5F848450222C5F84445C5F84045FC
:10338000C5F84C45C5F84841C5F84441C5F8404129
:10339000C5F84C41C3F88020BFF34F8FBFF36F8F48
:1033A000C3F8802138BD00BF0080004020160020F7
:1033B00000F0014000E100E0014BC3F83C0570471C
:1033C0000010004010B50FC8014C84E80F0010BD7C
:1033D00084160020064BC3F80405064B93F84D20D5
:1033E000986442F0010283F84D20FFF7EFBB00BF65
:1033F000001000402016002008B5134B9A6A1044B4
:10340000DA6B824204D340F6C5013E20F9F7DCFABC
:103410000E4AD861012119765164D2F844158842C8
:1034200002D840F6CE01F0E70021C2F84411C2F8FC
:1034300044055A6C42F480025A64054B4FF48002F2
:10344000C3F8042508BD00BF2016002000800040FE
:1034500000F0014010B50F4C034694F8410094F879
:1034600040100222012822764FF0960094F8202086
:103470000CD100F0D1F9084AE0610023C2F84431D0
:10348000E36BE1690B44C2F8443510BD00F0DEF98E
:10349000F1E700BF2016002000800040044BC3F875
:1034A0006005D3F8002242F04002C3F800227047C2
:1034B00000100040054BD3F8002222F04002C3F870
:1034C00000220022C3F86025704700BF00100040B2
:1034D000044BD3F8483503F07F035B4203700120AF
:1034E000704700BF0010004008B50D4B0246D97070
:1034F00008460021197082B901225A709A78022A6E
:103500000DD193F82210FFF793FB064AD2F8003250
:1035100043F48873C2F8003201E002225A7008BDF9
:103520002016002000100040024B0022C3F8402566
:10353000704700BF00800040044B30B5D3E914450C
:103540009B6DC0E900450B6030BD00BF2016002018
:103550002DE9F843924D934C0123EB64A36AD5F80F
:103560004C7594F84C90FF1A03F0D2F80026C4E989
:103570001406A765FFF79CFB8B4B626CC3F808250C
:103580008A4A6664D2F8003223F48E7323F0010372
:10359000C2F80032237E84F84D6023B1D5F844315F
:1035A0009B1B18BF0123A178012938D1D2F80C3117
:1035B000002B0CBF0025082515F00B0F7B4B04D109
:1035C000D3F810210AB145F010050022C3F80021FC
:1035D000C3F80C21C3F81021C3F80421C3F8082153
:1035E00005F01803102B03D1012908BF45F0200571
:1035F0006B4B6678D3F84825E263D3F84435A36370
:1036000094F8203084F8403084F84110EEB9FFF788
:1036100091FA2676EF0761D5636E98478EE002290E
:1036200011D1624AD2F80C01D2F8002400280CBF54
:1036300000250225D20758BF45F00405002BBBD05A
:1036400045F00105B8E70025B6E715F0110F21D1C7
:103650002379B6F1010818BF4FF00108012B267835
:103660001CD0022B2FD09BBB96214046FFF76AFA55
:103670000146FFF75FFA012E07D13B378F422AD868
:10368000474B26700022C3F84021E2784046FFF7FE
:103690007FFD01E0FFF704FE0026BBE74448FFF78B
:1036A00003FD94F8413023B94FF4EA613E20F9F765
:1036B0008BF9012B04D1FFF7E7FB61690144D8E7DF
:1036C000FFF7BEFBF9E73A48FFF7EEFC6169D0E788
:1036D00040F63E21EAE7354B1E619BE7A80745D53A
:1036E00003F036FEE8B903F043FED0B92F4BD3F810
:1036F0005034D90115D51A0705D013F0F00F02D0B8
:1037000013F4706F0DD1294AC3F304410129D2F893
:10371000542406D1012A04D0C3F34253022B7FF66E
:103720007BAFA36C5B784B4588BF45F0040585F003
:103730000400A36E3146C0F380009847A378022BA3
:1037400012D1237E83B1022B154A1DD1E36BE169AF
:103750000B44C2F84435636C43F480036364124B3A
:103760004FF48002C3F80425BDE8F88315F0280F54
:1037700006D085F02001E36EC1F340113046DCE74E
:10378000EB06DBD5236F48E7012B02D040F61E4144
:103790008CE7E369E16B8B42DBD840F61F4185E79C
:1037A000008000402016002000F001400010004082
:1037B00028160020024B03EB8003186C704700BFF3
:1037C000EC1D0300014B53F820007047381E030026
:1037D000024BC0B2C3F80C05704700BF0010004098
:1037E000054B33F8113002384FF47A7203F2E733A5
:1037F000B3FBF2F3184470475C1E0300054B33F82B
:1038000011304FF47A7203F57A73B3FBF2F3184474
:10381000704700BF5C1E030038B51D460A4B33F8E5
:10382000111003EB820305359C6821444FF47A7331
:1038300001F6B73103FB00141046B4FBF3F4FFF7B5
:10384000B9FF2C44204438BD5C1E030070B5064609
:1038500008461546FFF7B6FF094A02EB8502936852
:103860004FF47A7203F6B73302FB06331C1A28466C
:10387000B4FBF2F4FFF79EFF0530204470BD00BF9B
:103880005C1E03002DE9F74F244C074698460D4671
:10389000164600F0A3F82378BB42814611D1637825
:1038A000AB420ED194F90230B3420AD1E37883429D
:1038B00007D1A388A8F8003094F9060003B0BDE84A
:1038C000F08F781EC0B203280ED8DFF854C00DF177
:1038D00007031CF800003246294600F085F88246AE
:1038E00038B13D21752002E040F25F410620F9F732
:1038F0006BF828469DF907B0FFF78CFA534602464D
:103900004146584600F038F8B8F80030A071A3805E
:1039100027706570A67084F80390CDE7000500203D
:10392000701E0300014B1B685B6818474C070020A2
:10393000014B1B689B6818474C070020014B1B6814
:103940001B6918474C070020014B1B685B6918472F
:103950004C070020014B1B689B6918474C0700204F
:10396000014B1B68DB6918474C070020014B1B68A3
:10397000DB6A18474C07002010B4034C2468E46845
:10398000A44610BC604700BF4C070020014B1878CC
:10399000704700BF701B002000220F4938B5044655
:1039A000134644FA02F0C007D5B248BF581C02F1D2
:1039B000010244BFCD54C3B2042AF2D1064DC3F173
:1039C0000402042BD2B24FF0FF0188BF0022E81896
:1039D00003F07CFE2C7138BD7C1B0020014B187D50
:1039E000704700BF98160020042810B511D883B185
:1039F00004280CBF10242824A1420AD2064C54F8F3
:103A0000200018B141568A42A8BF0A461A70002009
:103A100010BD6FF01500FBE79816002030B5034687
:103A2000114890F91C209A4219DD90F924209A42FD
:103A300017DA9A1A846AA05C0C4A15569D420DD07A
:103A40000E32002918BF01309442C0B206D129B10C
:103A5000013BDBB2012B01D80130C0B230BD0D20DB
:103A6000FCE70020FAE700BF98160020741E030050
:103A700008B5054B93F91C30984203DAFFF7CEFFE7
:103A8000024B1B56184608BD98160020741E0300F2
:103A900010B51C4C94F82C3073B9012384F82C30E9
:103AA00003F020FC48B1184BA362D823236284F8AA
:103AB00024300823A361237710BD03F029FC0028DC
:103AC000F1D103F02FFC0028EDD103F0EDFB38B16C
:103AD0000E4BA362D823236284F824300423E9E741
:103AE00003F0ECFB0028F3D103F0F2FB0028EFD148
:103AF00003F002FC0028EBD14FF4DF71742003F0D7
:103B0000A3F900BF98160020AF1E0300821E030019
:103B10004FF08042012353600023C2F80031014A74
:103B200013707047C5160020014B01221A707047B0
:103B3000C51600204FF08043D3F8003123B9034B62
:103B4000187800F0010070470120FAE7C516002040
:103B500070B50A4D012604462E70FFF7EBFF30B911
:103B60004FF080436E706C60C3F8046370BD002C2E
:103B7000FCD0A04700236B60F8E700BFC816002008
:103B8000024B00221A705A705A607047C816002003
:103B900010B5034C208100F053FD608110BD00BFC3
:103BA000C8160020014B9889704700BFC816002036
:103BB000014B1889704700BFC8160020014B588977
:103BC000704700BFC816002008B509B3F8B14FF020
:103BD000FF331A46E0FB01320E498A4204D94FF402
:103BE000EA716D2003F030F9180D40EA0230C3F39A
:103BF0000F134FF22441B0FBF1F203EB0040064BF0
:103C000003FB1200B0FBF1F040EA0240013008BDB6
:103C10000846FCE73F420F00000024F410B5EFF324
:103C2000108472B6064A937B0133DBB29373937BA5
:103C3000012B01D107F025F904B962B610BD00BF10
:103C4000C816002038B5FFF7E9FFFFF773FF094CEE
:103C50004FF0804540B107F03EF901232B6104236A
:103C6000E3730023237438BD0323E3730123C5F8F2
:103C70000433F6E7C816002010B5EFF3108472B6CF
:103C8000094A937B23B940F2F1116D2003F0DCF86F
:103C9000937B013BDBB29373937B0BB9FFF738FF48
:103CA00004B962B610BD00BFC8160020024BD87B15
:103CB000003818BF01207047C816002038B5124CD4
:103CC000637CC3B9A37CB3B1227C013B9A4212DA74
:103CD000FFF730FF054603F02DFAA37C012B82BFCE
:103CE000237C0133237455B16369C31A0133022B5A
:103CF00009D935B16061BDE83840FFF7A3BFA369BA
:103D0000F3E7A061F7E738BDC816002073B51B4D77
:103D10006B7C63B9E86900F0030007F0CCF830B1C0
:103D2000EFF3108372B6EA7B1AB103B962B602B040
:103D300070BD0122EA7303B962B64FF080430822D6
:103D4000C3F808234FF42073ADF80630BDF80640E1
:103D5000A4B2631E9BB2ADF80630002CF6D14FF032
:103D600080460748C6F80C4107F04FFA85F8214015
:103D7000FFF768FF0823C6F80433D8E7C816002009
:103D8000E81600202DE9F041384C94F82230002B41
:103D900069D04FF08043D3F80071D3F8046157B174
:103DA0000122C3F8082363782BB16368002565708E
:103DB0000BB1984765604EB14FF080430022C3F8C5
:103DC00004210222C3F80823FFF7A0FF4FF080462A
:103DD0002748D6F80C8194F82150EDB207F019FA73
:103DE00020B140F28D216D2003F02EF847B1E37B26
:103DF000032B05D10423E37307F06DF8012333612E
:103E0000B8F1000F16D04FF080430022C3F80C2108
:103E1000E37B042B02D040F2AB21E4E703F08CFA01
:103E2000C0B14FF080430022C3F8342C0223E37367
:103E3000FFF722FF4DB1002384F82130E37B022BF2
:103E400001D1FFF7FFFEFFF717FFBDE8F04108487B
:103E500007F0EEB903F050FA0028E2D103F062FA5D
:103E60000028DED1E2E7BDE8F08100BFC8160020DF
:103E7000E816002010B5044CE06900F0030007F0DC
:103E80001AF80028F8D010BDC8160020F8B505466D
:103E900050B10278042A07D8437842B9013B1F2B5E
:103EA00002D88378212B07D96FF0150077E0002B1B
:103EB000FAD18378002BF7D1814B0127C3F88070AA
:103EC000BFF34F8FBFF36F8F4FF08046C3F8807101
:103ED0007C4C4FF0FF33C6F808330023C6F800319E
:103EE000C6F80431C6F80C31A373AB88A38106F081
:103EF000CDFF08B12770A773D6F80C24D6F80C3480
:103F0000D20303D5DF0701D5FFF70EFE4FF4AF60F4
:103F1000FFF73EFE2B78A97863740022E261A1745A
:103F20002274042B4ED8DFE803F005033B494B0015
:103F30000123E36106F0B1FF00284ED006F0B4FF84
:103F4000E36903F00303984247D1AB79002B3ED1DC
:103F5000FFF790FFA37C6BB12B785BB9FFF7EAFD0D
:103F6000054603F0E7F86FF00043002D00F0A58050
:103F7000C4E905034FF08043D3F80C24D3F80C3484
:103F8000D20303D5DB0701D5FFF7CEFD4C4A012351
:103F90000020E07384F82230C2F880311360F8BD4D
:103FA000FFF73CFE4FF08043D3F80C14D3F80C24F9
:103FB000CE03F9D5D007F7D50223BAE7424BB8E7CD
:103FC000424BB6E740F2FD316D2002F03DFF4FF06D
:103FD00080430222C3F80423BCE74FF08043012250
:103FE000DA600022C3F80421E269C3F8182503F05F
:103FF0005BF910B34FF080534FF08042D3F8443256
:10400000C3F34233C2F83C3503F04EF910B34FF01E
:1040100080430122C3F84C254FF0804301229A606F
:104020000222C3F80423AA79002A93D1D3F80423E7
:1040300091071CD44FF46D71C6E703F03FF90028D7
:10404000D8D103F045F90028D4D103F055F9002860
:10405000D0D1D9E703F032F90028D8D103F038F9EC
:104060000028D4D103F048F90028D0D1D4E7184A69
:104070001669116941F010011161D3F8043106F09D
:1040800010060BB907F0E1F84FF08047D7F804317C
:1040900083B1FFF7EFFE26B90D4A136923F0100331
:1040A00013614FF080430222C3F808230022C3F8B3
:1040B00004214FE707F0C7F8E8E7C4E9053059E7FE
:1040C00000E100E0C816002001000200010003002A
:1040D00000ED00E010B50D4C04F1200007F099F858
:1040E00048B9E37B022B01D1FFF7ACFDBDE81040DE
:1040F000074807F09DB8074A012384F82130BDE83E
:104100001040C2F80031FFF789BD00BFC81600207B
:10411000E816002000E100E0064B1A7810B50446CE
:1041200032B901221A70FFF779FD2046FFF710FD22
:10413000002010BDEB16002010B5054C23782BB1E4
:10414000FFF71EFD00232370FFF796FD002010BD32
:10415000EB160020034610B3007888B91A79012ABB
:104160001ED85A79012A1BD89A680E49643A8A42A5
:1041700016D8D8680C4B98422CBF002001207047FD
:1041800001280CD11A79012A09D85A79012A06D8AE
:10419000DA680449643A8A4201D89868EAE700205C
:1041A000704700BF3C8601000040420F10B5054C2F
:1041B000236813B1984700232360BDE8104001F045
:1041C000A5BB00BFEC16002038B5044620B94FF45B
:1041D000D5716A2002F038FE90F82850072900F2C5
:1041E000EC80DFE801F004464676808AA39190F8DF
:1041F0002630033B012B02D940F2B511E9E7052334
:1042000090F8241080F82630002380F8293061BB14
:10421000714B0122C3F84015C3F84011C3F844158F
:10422000C3F84411C3F84815C3F84811C3F84C1536
:10423000C3F84C11DA6006F098FE2378012B0FD1F9
:1042400001F0F2FCC4E90601236A002128469847E0
:104250000146204606F0A0FE022840F0B18038BD9D
:10426000D4E90423C4E90623EEE7BDE83840FFF7AC
:104270009DBF90F82630DA1E012A02D94FF4EB7167
:10428000A7E790F824202AB121462846BDE8384007
:1042900006F051BE042B0CBF02230123012980F834
:1042A0002630036A0AD10521284698470028D6D02F
:1042B0000378002BD3D040F2EB118AE70621284681
:1042C00098470028CBD00378002BC8D04FF4F87162
:1042D0007FE790F82630052B02D040F2F71178E7FF
:1042E000036A0221B2E790F82630052B02D040F293
:1042F000FD116EE7036A0121A8E790F82630052B2F
:10430000B3D040F2032164E790F82630052B02D0A9
:104310004FF402715DE7036A0A2128469847014677
:10432000204606F039FE40F20B2152E790F8263085
:10433000052B07D090F825200AB1032B02D040F2BC
:104340000F2146E794F82420002A9DD194F82930C3
:1043500093B1022384F8263084F82920236A0821A7
:104360002846984700283FF47AAF0378002B3FF4A3
:1043700076AF40F21B212CE794F8252062B194F827
:10438000270084F82530214601F04EFD00287FF4F7
:1043900066AF4FF408711CE7022384F8263007212A
:1043A000236A2846984700283FF459AF0378002B2A
:1043B0003FF455AF40F227210BE74FF40B7108E7AC
:1043C00020B1012805D1236A04213FE7236A032194
:1043D0003CE740F23D21FCE6008000402DE9F84337
:1043E0008846074680B300F037F84FF000090546CD
:1043F0005FFA89F6AE420AD2304600F033F890F800
:10440000264009F10109002CF2D1FF2E03D16FF0F3
:104410000B00BDE8F883304600F024F8054684849C
:1044200080F8264080F8286001460A4801F0B6FB73
:10443000202885F827000AD001232F6285F826302E
:10444000204688F80060E4E76FF01500E1E76FF0C0
:104450002200DEE7C9410100014B1879704700BF17
:10446000F0160020054B1A79824283BF1B6800EBCF
:10447000400003EB00100020704700BFF016002042
:1044800010B510F003040A460BD107490A71086001
:1044900030B102EB42021201214603F017F9204627
:1044A00010BD6FF00D00FBE7F016002043F6095237
:1044B000C0F3080302FB03F3400A03F5807302FB19
:1044C00000F000EB5320704743F6095CC0F308028C
:1044D00010B50CFB02F2C0F34E24030E43EA012395
:1044E0000CFB04F0090E02F580724FEA411C00EB50
:1044F00052205A01B2EB030E4CEAD36C6CEB010470
:104500004FEA841C4FEA8E12B2EB0E024CEA9E6C0C
:104510006CEB040C4FEACC0C4CEA527CD200D31862
:1045200041EB0C01DA03C903801841EA534141F120
:10453000000110BD430B48F2376C0CFB03F34FEA4C
:10454000134C00B5104B43F6095E0EFB1C0000FB3C
:1045500003F35B0D0EFB03FE03EB4C230EF5745CC3
:104560000CF1080CB0EB5C2F08D80EF5807EA0EBA8
:104570005E20C0B20B6010705DF804FB01330020B8
:104580000B6010705DF804FB6F0C0100F8B5274D4F
:10459000A94246D8264E274F450F45EAC105A6FB3E
:1045A0000514C0F34F31A40B01EB054107FB1411B7
:1045B000A6FB0151890B41EA04411F4C04FB110485
:1045C00048F2376C600B0CFB00F04FEA104C43F6DE
:1045D000095E1A480EFB1C4505FB00F0400D0EFB62
:1045E00000FE00EB4C200EF5745C0CF1080CB5EBF2
:1045F0005C2F12D80EF5807EA5EB5E2E5FFA8EFE44
:10460000069D85F800E00D0628184FEA112141F1BA
:104610000001186059601460F8BD01304FF0000EC1
:10462000EEE796219B2002F00FFC00BFFF7F841E67
:1046300083DE1B43000024F40080841E6F0C010005
:10464000420B48F2376303FB02F2120C43F6095C9B
:10465000074B0CFB120101FB0333013B5B0D0CFB11
:1046600003FC5002B1EB5C2F88BF01301844704747
:104670006F0C01001F2810B59FBF054B1824604325
:104680001C189DBF195062600120002010BD00BFA2
:10469000F816002008B5064B93F80023202A03D112
:1046A0002D21022002F0D0FB83F8280308BD00BFB3
:1046B000F816002008B5064B93F80023202A03D1F2
:1046C0003321022002F0C0FB93F8260308BD00BF8F
:1046D000F816002010B5094A92F80033202B03D1B8
:1046E0003E21022002F0B0FB18214B43D018BDE858
:1046F0001040D35840680321184700BFF816002027
:10470000074B4FF0FF32C3F808230022C3F84025BF
:10471000C3F84021C3F84425C3F84421704700BFC3
:10472000008000400C4B0D491B78012B14BF4FF447
:10473000E0224FF4C022C1F8482318BF0023C1F87B
:104740000823074A99000A440021012B42F8041B60
:1047500000D170470123F8E7301A002000B0004074
:1047600040B1004070B5EFF3108472B6094A0A4BAD
:104770000025D2F80415D2F804612EB15968013130
:104780005960C2F80451F4E75B6804B962B6C0E945
:10479000001370BD00B00040301A0020094BD3F860
:1047A0000435C01A20F07F4323F001033BB120F011
:1047B0007F40B0F5000F8CBF022000207047012021
:1047C000704700BF00B0004008B5124BD3F8042575
:1047D00022F00302C3F80425D3F8082542F00302AF
:1047E000C3F80825102292FAA2F2B2FA82F2092A3C
:1047F00004DD094840F2913102F01CFBC3F810259A
:104800000122DA60054B4FF48072C3F880211A60F0
:1048100008BD00BF00800040384E030000E100E00A
:10482000114B4FF40062C3F88020BFF34F8FBFF3EA
:104830006F8FC3F880210D4B01225A609A60D3F824
:104840000425002AFBD10A49C3F808134FF4E021DC
:10485000C3F84813C3F84021C3F84421C3F84821E2
:10486000C3F80421704700BF00E100E000B0004041
:104870000200070008B50A4B4FF48072C3F880208D
:10488000BFF34F8FBFF36F8F0649C3F8802101201C
:104890004860FFF735FF044B086100221A7208BD1B
:1048A00000E100E000800040301A002038B5244CC0
:1048B000FF234FF0FF32002563724FF0FF33C4E94E
:1048C000042325706560FFF7D5FFFFF7A9FF1D4A98
:1048D0001D4BC2F800524FF400611960A0691B49DA
:1048E00030B901230B60194B0222C3F8042338BDF1
:1048F000174B184CC3F8A845C3F8AC05C3F85C19AE
:104900004FF40021C3F804150521C2F84015012118
:104910001160D2F840110029FBD04FF40021C3F8F8
:10492000081501215160D1600021C2F84011C2F880
:104930004015C3F8A815C3F8AC15C3F8AC15D2E7F9
:10494000301A00200080004000E100E000B000408C
:1049500000F0014040810040014BD3E90401704761
:10496000301A0020014BD3F80405704700B0004016
:1049700013B56846FFF7F6FEDDE90004FFF796FD84
:10498000024B0021E4FB030102B010BD0080841E35
:10499000B1F1FF3F08BFB0F1FF3F2DE9F041404CBE
:1049A00005460E4638D13F4DD5F800317BB33E4E1B
:1049B0003E4BC6F808354FF00008FFF7B3FE84F809
:1049C0000980FFF757FFFFF7FFFE394BC5F800815D
:1049D000384FC6F8A8354FF40023C6F8AC75C6F8B2
:1049E000043506F0FDFBD5F800312BB10123C5F8E5
:1049F00000817B60FB60F4E7013041F1000102239C
:104A0000C4E904012370FF236370BDE8F08106F060
:104A1000E7FBC51C41F10006D4E90473B34208BFAB
:104A2000AF42F2D0204B214AC3F80825FFF77AFEA7
:104A30001C4A4FF4803125F07F480023C2F8081348
:104A40004046C2F84813C2F84031FFF7A7FE20B134
:104A500040F202316C2002F0F7F9C2F84085C2F84A
:104A600044132378012B06D127F07F473846FFF700
:104A700095FE0128FAD000236372FFF7FBFEFFF7D3
:104A8000A3FE094A01234FF000412370C2F8041528
:104A900004226270034AC4E90456C2F84833B4E7FA
:104AA000301A002000B0004000F0014000000880F3
:104AB00000B1004000800040012837B508D9041F2C
:104AC000E4B2022C19D940F29D316C2002F0BCF9FD
:104AD000234900F1100201239340C1F8083300F587
:104AE000A873002241F823201E4B81005A5053F82E
:104AF00020300093009B03B030BD1B4D2B7893B149
:104B00006A7882420FD1194A1949C2F80815012B57
:104B100001D1FFF7AFFE00232B704FF0FF324FF0B3
:104B2000FF33C5E90423134A4FF48033A340C2F88E
:104B30000833C2F8483304F5A87352F82300FFF78E
:104B40002DFE012818BF0C4B22B24FEA84041CBF73
:104B500000211951084B53F822300193019BCAE7F9
:104B60000080004040810040301A002000F00140E9
:104B70000000088000B0004040B10040012870B53E
:104B80002D4B06D9041FE4B2022C2DD940F2573127
:104B90000BE0D3E90441B1F1FF3F08BFB4F1FF3F9F
:104BA00006D11B7A23B940F22F316C2002F04CF968
:104BB00012B940F23331F8E72049012300F1100423
:104BC00003FA04F4C1F8044300F5A87441F8242062
:104BD0008B64D1F848550024AA42C1F8484526D82C
:104BE000FFF76AFF204670BD197829B15B788342D0
:104BF00002D140F25331D8E7114B124E22F07F41DF
:104C0000A20013444FF48035A5400022C6F8085393
:104C10000846C6F848531A60FFF7C0FD48B904F5C6
:104C2000A87446F82410C6F80453C6F8445301206B
:104C3000D9E71046D7E700BF301A002000800040B7
:104C400040B1004000B0004010B50A4B04460122BC
:104C500010B1C3F8442310BDC3F84823FFF70AFE80
:104C6000054B4FF0FF304FF0FF31C3E904011C70DA
:104C7000F1E700BF00B00040301A0020F8B5164D33
:104C8000164E00244FF48037D5F8043307FA04F2A7
:104C90001A4212D056F824307BB1002346F8243053
:104CA00004F5A87355F82300FFF778FD28B1201DFF
:104CB000C5F80823C0B201F00DFC0134032CE3D188
:104CC000054BD3F8042132B10022C3F80421044A71
:104CD000536801335360F8BD00B0004040B100405C
:104CE000301A002038B5224C637AFF2B39D0237854
:104CF00083B10122022B22722DD11E4B4FF40022D0
:104D0000C3F80825002323704FF0FF324FF0FF3324
:104D1000C4E90423184DD5F804339A0309D5D5F80E
:104D2000443133B14FF40033C5F80833012001F0AA
:104D3000D1FBD5F80433DB0319D5D5F84031B3B135
:104D40004FF48033C5F80833FF2363720020BDE8B9
:104D5000384001F0BFBB022360782370FFF7ACFE40
:104D6000D8E7054BD3F804330BB10720EFE738BD84
:104D7000301A002000F00140008000402DE9F04F83
:104D800093B01C460492CDE90201FFF7E5FD18231C
:104D900001910646B849082004EB440213FB0404C1
:104DA000631801EBC202083265581F7BD3F80480F8
:104DB00093F80D9005970FCA0CAC25F07F4A84E854
:104DC0000F005046FFF772FBAC4B7C1C984204442A
:104DD00000F288819C4200F39380002C55DBFEF7A3
:104DE000A9FEB9F1010F834608D0A54FD7E90223E8
:104DF000B3F1FF3F08BFB2F1FF3F4BD006F08EF892
:104E0000019B0690B3F1FF3F08BFB6F1FF3F03D00F
:104E1000B54278EB030378D2029B0322EB1A93424C
:104E200069DBBBF1000F00F0E88000230793029BD1
:104E3000B5EB030B039B68EB030706F06FF8093033
:104E4000C217834577EB020380F0DB80049B012BC4
:104E500000F0E180079B002B5AD1019BB3F1FF3F8B
:104E600008BFB6F1FF3F53D0721B63EB0803042A5F
:104E700073F1000180F22881012A73F100033ADA0C
:104E8000DDF81CB026F07F4A52E004F1F45404F53A
:104E90009024A4E70028B1D106F040F8019B0690C9
:104EA000B3F1FF3F08BFB6F1FF3F00F0A380B5426A
:104EB00078EB0303C0F09E803B7C002B069B14BF65
:104EC00000221A463346EB1A9A4214DC0123079358
:104ED000D7E90232B2F1FF3F08BFB3F1FF3FA6D0DE
:104EE0000699EB1A68EB02028B4272F100039ED224
:104EF000B9F1010F9BD00024204613B0BDE8F08F1C
:104F000004F1614404F5F70469E73346002285E7BC
:104F100028464146FFF73CFD4FF0000BB8F1FF3F3C
:104F200008BFB5F1FF3F00F0E2802E46CDF80480C7
:104F30005046FFF7BBFA534B221A9A420DD3001B7F
:104F400098427CD34D4B9A4200F2B380984240F293
:104F5000D880C0F1614202F5F702D3170020FFF7B5
:104F60000DFE04460028C6D0454FB9F1010FD7E920
:104F7000022366D0BBF1000F40F08880B3F1FF3F01
:104F800008BFB2F1FF3F00F0A6800120FFF75CFEF2
:104F90003B7C002B40F092806A1E68F100030620E3
:104FA000FFF7ECFD002842D0B9694FF080420023A2
:104FB0000B60C2F80835059B8DF83C3000238DF856
:104FC000403008934FF0FF324FF0FF33CDE90C58DB
:104FD000CDE90A238DF83D9008AE0FCE2A4D0FC5BE
:104FE0000FCE0FC596E8030085E80300204613B0F6
:104FF000BDE8F08F029BC21C65E7214FCDF81CB0C5
:1050000066E7B9F1010B2846414618BF4FF0010B86
:10501000FFF7BEFC82E7019BB3F1FF3F08BFB6F18B
:10502000FF3F73D026F07F4A4FF0000B80E7BA694C
:105030004FF080410123C1F808351360BBE74242BD
:105040008BE7B3F1FF3F08BFB2F1FF3F24D1BBF1C3
:10505000000F9DD0069BF21A019B4FF0050063F1F3
:105060000003FFF78BFD002846D03B7C002B93D13B
:1050700001233B7490E700BFF8160020FF7F841ED9
:10508000501A00200040420F001A0020B3F1FF3FE9
:1050900008BFB2F1FF3FDDD005F034FF4FF0FF3223
:1050A0004FF0FF33C7E90223BBF1000F3FF470AFAD
:1050B000D0E702F1F45202F590224EE70520FFF707
:1050C000FBFC00233B7467E728464146DDF81CB033
:1050D000FFF75EFC22E705F013FF06F081F8C7E951
:1050E000020152E740F20F41702001F0ADFE40F2A4
:1050F0001671702001F0A8FE40F22121702001F00D
:10510000A3FE40F2CF71702001F09EFE40F27A6162
:10511000702001F099FE00BF2DE9F04F8D4F7C7C8F
:1051200004EB44033B4483B05D78202D48D08A4B88
:10513000E6B26400002B00F08980884BDFF82092F3
:10514000002B5FD005EB461207EB420A4FEA4618E8
:105150009AF81C30013BDBB2052B34D8814A12F897
:1051600003B0BBF1080F2ED0AFF30080EFF3108334
:1051700072B634443C449AF81D206270A278AA4268
:1051800004BF2022A27013B9AFF3008062B6A84416
:1051900005EB450509EBC50207EB4808506859F8CF
:1051A00035300122594688F81C2098477C7C04EB56
:1051B00044033B44E6B25D78202D4FEA4404C1D15C
:1051C00003B0BDE8F08F40F24561702001F03CFE75
:1051D00062B6A84405EB450509EBC50207EB480894
:1051E000506859F835300122594688F81C209847F4
:1051F0007C7C04EB44033B44E6B25D78202D4FEA0F
:105200004404DDD005EB461207EB420A4FEA46188C
:105210009AF81C30013BDBB2052BD4D8514A12F866
:1052200003B0BBF1080FCED0AFF30080EFF31083D3
:1052300072B634443C449AF81D206270A2789542BC
:1052400004BF2022A270002BC3D1C1E7434BDFF87B
:1052500014B1DFF80CA14FF02009002B4FD005EB63
:10526000461207EB42024FEA4618137F013BDBB2BE
:10527000052BA8D81BF803100829A4D0EFF310833E
:1052800072B634443C44527F6270A278954208BFA3
:1052900084F80290002B52D0A84407EB480805EB95
:1052A00045050AEBC5025AF835305068012288F8E6
:1052B0001C2098477C7C04EB44033B44E6B25D78B9
:1052C000202D4FEA4404CAD17AE762B6A84405EB20
:1052D00045050AEBC50207EB480850685AF8353017
:1052E000012288F81C2098477C7C04EB44033B4453
:1052F000E6B25D78202D4FEA44043FF461AF05EB40
:10530000461207EB42024FEA4618137F013BDBB21D
:10531000052B3FF658AF1BF8031008293FF453AF95
:10532000EFF3108372B634443C44527F6270A2782B
:10533000954208BF84F80290002BC7D1C5E70191C0
:10534000AFF3008062B6A844019905EB450507EB71
:105350004808A6E7501A00200000000000000000E6
:10536000F8160020E01E03002DE9F04F85B0DFF8AD
:105370000C81019301EB41034FF0200C18F803401E
:1053800003916445924682F800C073D04B01DFF868
:10539000F09006469B4610E0727B012A02D0427DC7
:1053A000012A57D00BEB040308EB43038AF80040B3
:1053B0005B7F202BA4465DD01C4604EB440009EB28
:1053C000C000D0E9032387683568716813EB070EC6
:1053D00042F10002754571EB02024FEA4403DBD251
:1053E0001D46019B83F800C0039B4FEA431B28190D
:1053F00009EBC0003768B368D0F808A07268C168CC
:10540000DB1942F100029A4571EB020310D3437D90
:10541000012B02D0737B012B03D0012005B0BDE826
:10542000F08F05F07BFDAAEB070701308742F4DA25
:10543000019A254409EBC5051470A97DB27B0BEBDD
:105440000403914208EB430310D95C7F202CE4D085
:105450006500CCE7029305F061FDED1B013085424C
:10546000A0DA029B9AF800C01D46BAE7002005B0FA
:10547000BDE8F08F019B1C70CFE700BF501A0020E1
:10548000F81600202DE9F04F83B00C4615461E4655
:105490009DF83070FFF7D4F822686368451946F12B
:1054A0000006954276EB030342D3DFF88C8005E0DB
:1054B0005D4576EB09033BD3C4E900B90DF1070361
:1054C0000DF1060239462046FFF74EFF88BB9DF8D6
:1054D000073003EB430308EBC303D3E902A01A69C7
:1054E0001AF1030B40F1000012EB0B0B627B40F151
:1054F0000009012ADCD05B7D012BD9D105F00EFD1E
:10550000ABEB0A0301308342D2DA9DF8073003EB9C
:10551000430308EBC303D3E902B905F0FFFC0130F4
:1055200010EB0B0B49EBE0795D4576EB0903C3D239
:10553000002003B0BDE8F08FF81600202DE9F047F9
:1055400015461C4612782F7A95F809C088B00023BA
:10555000E360C4E90033A7739DF8408084F80DC070
:105560000646A360E2730F46002A3AD1FEF7ACFF6D
:10557000D5E9042C3C4BC31841F1000E9A427CEB58
:105580000E030AD3013E47F1FF37C4E900674FF429
:105590007A73A36008B0BDE8F087263041F10001BE
:1055A00082427CEB0103EDD3501E04F10C036CF13D
:1055B0000001009304AA06ABFEF7E8FF049B6868AD
:1055C00002330DF10F0205A91844FEF7B3FFDDE920
:1055D000053207999B1A23F07F43C4E90021A36099
:1055E000D8E7224804F10C0206A9FEF7A3FF204BDE
:1055F0001B78202B24D01F490B69D1E905210833E2
:1056000042F1000A13EB01094AF1000A6B68207BA2
:105610001844023005AA04F10801C4E9009AFEF713
:1056200089FF2869CDF8008032463B462146FFF7C6
:1056300029FF0028AED1C4E9006708B0BDE8F087B3
:10564000637B16F1080947F1000A012BDED0FEF753
:1056500071FA0028DAD105F061FC10EB09039946D4
:105660004AF1000AD2E700BF0040420FFF7F841ECC
:10567000F8190020001A00202DE9F04700EB400344
:10568000344DDFF8D480EC5C06464700FFF76AF93A
:105690004FF0200C4FEA461E04EB440108EBC10119
:1056A0000EEB0403D1F808A00A69AAEB000929F05F
:1056B0007F49B9F5000F05EB43030DD812EB0A0241
:1056C000121A22F07F42B2F5000F05D8BCF1200F6C
:1056D0000AD12046BDE8F0875B7F202BA4461C46FC
:1056E000DAD1BCF1200FF4D00CEB4613BA1905EB5C
:1056F000430315F802805B7FAB54710144464FF0C1
:10570000040E0B1905EB430322469445204683F80B
:105710001CE05C7FF5D1BB192B440A4493F802E0EE
:10572000BEF1200F5FFA8EFC18BF8C443E4418BFB8
:1057300005EB4C0C05EB4202354408BF83F80180B1
:105740004FF0200318BF8CF81D80A87053772046B7
:10575000BDE8F087501A0020F81600202DE9F0412E
:1057600001EB41034A4DEE5C202E82B00C46804690
:105770004FEA410740D1474B0BB1AFF3008005F032
:105780002FFDAB7C0191202B0AD0434BD3E904E2DF
:1057900010F1020C41F10003E64572EB030330D334
:1057A000202E0AD042463346FFF7E8FA00283DD0C3
:1057B0000220AE7402B0BDE8F081D5E90223B3F156
:1057C000FF3F08BFB2F1FF3F1FD12B7C43BB04203A
:1057D000FFF772F905F012FD0020FFF735FAA9690D
:1057E0004FF080422020A874002301200B60C2F8F3
:1057F000083502B0BDE8F0810846FFF73DFF86425C
:10580000B9D0002002B0BDE8F08105F07BFB4FF07D
:10581000FF334FF0FF32C5E902232B7C002BD6D09B
:105820000520FFF749F900232B74D0E73A1906EB5E
:10583000441305EB430315F802C05B7FAB546101D1
:105840006246042013468A1805EB42029E421077F6
:10585000527FF7D13A192A443C449678F0B2202E70
:1058600018BF4018194418BF05EB400005EB410173
:10587000254418BF80F81DC0AB704FF000004FF0FA
:10588000200308BF82F801C04B7702B0BDE8F08169
:10589000501A002000000000001A002038B5164AF7
:1058A000164D4FF0FF304FF0FF310023C2E90201E7
:1058B000C5E90201202142F22000A970136082F89C
:1058C0002030A9741C4628806B742B7405F11C02CF
:1058D00002F814300134202CFAD1094801F068FC98
:1058E000084B094A1C70107001F052FDA861FEF7C8
:1058F000DDFF0123EB7438BD001A0020501A002090
:1059000019510100F8190020281A00202DE9F04F44
:1059100083B005F065FCDFF8688206460C4605F0AA
:105920006DFC4FF0FF334FF0FF32C8E9022398F8C7
:105930002030D3B9D8F81030D8F81820D8F814107F
:105940009048033341F100019B1802F5DF62A0FB90
:1059500002024FEA922241F100019B1841F100013D
:105960009E4274EB010380F0FB804FF0FF304FF05C
:10597000FF31FFF70DF8844A92F800B0BBF1200F19
:1059800000F0E980814D20231370AB746B7C002202
:10599000C8F8002003EB43025FFA83F9AF5C5B00B9
:1059A000202F00930AD0DFF8E8A107EB47030AEBAA
:1059B000C3037A00D97D012900F0A880009BDFF89D
:1059C000D4A103EB09062E444FEA49173478202C62
:1059D00004D04846FFF750FE8442F7D1BAF1000FD9
:1059E00001D0AFF3008005F0FBFBAB7C202B09D08E
:1059F000D8E9042310F1020E41F1000C724573EB5B
:105A00000C03E3D3202C34D023460122FFF7B6F950
:105A1000002852D0AC7407EB0B0305EB43031A7F4D
:105A2000022A1BD1009A4A442A4406211977917808
:105A3000CBB220291CBFDB1905EB43035F4418BF21
:105A400083F81DB0009B08BF82F801B04B442B4483
:105A500005EB470783F802B020237B77FF23AB7168
:105A6000009B4B441D446B78202B60D103B0BDE8F4
:105A7000F08FD5E90223B3F1FF3F08BFB2F1FF3F3A
:105A800007D005F03FFA4FF0FF324FF0FF33C5E982
:105A900002232B7CA3BB0420FFF70EF805F0AEFB1E
:105AA0000020FFF7D1F8A9694FF0804200232020A1
:105AB000A8740B60C2F80835ADE73B1905EB43034A
:105AC00030785B7F3370024604211346BA1805EB29
:105AD00042029C421177527FF7D1B178B370CAB2BB
:105AE00020291CBFD21905EB42023B4405EB4303BE
:105AF00018BF50774FF0200208BF70705A7765E7E3
:105B00000520FEF7D9FF00232B74C4E75B7D012B32
:105B100014D1033644F1000417440AEBC70ADAE94A
:105B20000223B242A34128BFCAE9026446E71A4BE6
:105B3000187803B0BDE8F04F01F066BB0192FDF7A5
:105B4000F9FF019A0028E4D105F0E8F98619019AD5
:105B500044F10004E0E740F2B121702001F074F953
:105B6000094B0B4A1B78182101FB03F3D0180721BE
:105B70004068D358984740F2A621702001F064F99C
:105B8000001A00209300DC92F8190020501A00201F
:105B9000F816002000000000281A002038B50C4636
:105BA000054605F0C1F911494B7C01F11C0C5FFA67
:105BB00083FE0CEB831C002302E00133202B13D067
:105BC0001CF81320D8B2002AF7D1094A03EB4E1E65
:105BD00003EB430301EB4E0142F8335002EBC303E6
:105BE00001220A775C6038BD184638BD501A002083
:105BF000F81600201F2808D80A494B7C00EB4313F5
:105C000001EB43031A7F012A01D0002070474B7C2F
:105C100000EB431301EB43034FF0000C104683F8F5
:105C20001CC07047501A002010B5054CD4E904017F
:105C3000FEF74AFC237F0133181841F1000110BD23
:105C4000001A00200378002B40F0D7802DE9F04F98
:105C50006F4A5368C3F3080389B08146002B40F0B4
:105C6000B8806C4E6C4FDFF8B4B106F11C0A27B156
:105C7000002140F23740AFF30080757CEDB24FF069
:105C80000003B37127B1002140F23C40AFF3008024
:105C90000AEB851EBEE80F006C1C04F001080AEB3D
:105CA000881CACE80F00BEE80F00ACE80F00BEE8AF
:105CB0000F00ACE80F009EE80F0044468CE80F0090
:105CC0002DB227B100214FF47370AFF3008005EBC4
:105CD000450504EB44047319725B9B7832533444DA
:105CE000A37057B100214FF47470AFF3008027B157
:105CF000002140F24140AFF3008005F071FACDF889
:105D0000008004AB4A4604460D46FFF717FC27B156
:105D100000214FF48960AFF30080414B1B78202BAA
:105D20003FD0DBF81030DBF81420DBF81810083314
:105D300042F100025B1842F10002DDE904019842E1
:105D400071EB020CCDF8008022D3364822462B4658
:105D500004A9FFF797FB98B1DDE90401FEF7B4FB56
:105D60009DF81C3001331B1841F10001C9F81030B7
:105D7000C9F8141027B1002140F25B40AFF3008056
:105D8000B379002B7FF473AF012009B0BDE8F08F29
:105D9000CDE9043204A922462B462248FFF772FBC4
:105DA000DAE79DF81D1014F1080345F100020129FE
:105DB000C3D0CDE90232FDF7BDFEDDE90232002895
:105DC000BBD105F0ABF8029B039AC31842F1000265
:105DD000B3E7103B59B2002911DB01F1604101F535
:105DE000614191F8000340090028CED0094E0A4FC6
:105DF000DFF828B006F11C0A39E70020704703F0ED
:105E00000F03043B1344187E40090028EED1BCE781
:105E100000ED00E0501A002000000000001A0020F1
:105E2000F81900200040420F2DE9F04FAC4A5368AA
:105E30008FB0C3F3080383460491002B40F06281C6
:105E400008230393049B1B78012B00F23D82A54E8F
:105E500026B1002140F22950AFF300800023A24C6C
:105E600005934FF0010926B1002140F23650AFF3FF
:105E70000080B9F1000F04D19C4B0BB1AFF300804F
:105E800062B6657CEDB24FF00003A371039B002B5B
:105E900040F09880A84626B1002140F24A50AFF366
:105EA000008005F09DF9049A00950AAB8246FFF741
:105EB00045FB26B1002140F25250AFF300800BEBBE
:105EC000481904EB49094FEA481799F81C30013B7F
:105ED000012B75D80A992AF07F4AA1EB0A0222F019
:105EE0007F4323F00103002B40F0BD8008EB480204
:105EF000224407EB0B03907804EB43030421202892
:105F000019774FEA4803C1B200F09681394404EB97
:105F1000410181F81DB0434423445F4404EB47072B
:105F200083F802B020237B7700230593012726B155
:105F3000002140F25750AFF300806D4B0BB1AFF32F
:105F40000080EFF31088C14672B6A379002B8AD186
:105F5000684B0BEB4B0C03EBCC0C0AAB0FCB0CF1EF
:105F6000080C8CE80F008FB1039B002B00F0EA8037
:105F7000059B23B1604B1B78202B00F06081637C74
:105F8000DB4303F001036374FF23A371B8F1000F37
:105F900004D1564B0BB1AFF3008062B626B100219D
:105FA00040F28E50AFF30080002F4AD126B100217D
:105FB00040F29A50AFF3008038460FB0BDE8F08F42
:105FC0000027B4E74D4B05F1010A0AF0010A03EB83
:105FD000851E03EB8A1CBEE80F00ACE80F00BEE88C
:105FE0000F00ACE80F00BEE80F00ACE80F009EE821
:105FF0000F002DB28CE80F00D0460FFA8AF726B1B9
:1060000000214FF47370AFF3008005EB450507EBFB
:1060100047076319625B9B78E2532744BB7056B114
:1060200000214FF47470AFF3008026B100214FF4CB
:10603000A860AFF30080A379002B7FF414AF55461E
:1060400029E7637C03EB43031C446378202BADD02A
:1060500026B1002140F29550AFF30080284B18780C
:1060600001F0D2F8A2E722F07F42B2F5000F3FF62E
:106070003DAF0C9B5B18A3EB0A0323F07F43B3F502
:10608000000F3FF633AF0DF127030DF1260229462D
:106090000AA8FFF769F9059000285AD108EB4802D1
:1060A00022440423907889F81C304FEA48032028C2
:1060B000C1B2434418BFC91923445F4404EB4707E6
:1060C00018BF04EB410183F802B04FF0200314BF66
:1060D00081F81DB082F801B07B77012727E700BF68
:1060E00000ED00E000000000501A00200000000059
:1060F00000000000F8160020F81900206C1A00209B
:10610000281A0020103B59B20029C0F28D8001F1FD
:10611000604101F5614191F800335B090393002B65
:106120007FF490AE704B1B78202B00F0D280049B44
:106130001B780393002B3FF48AAE40F2225170206B
:1061400000F082FEFF23A371B8F1000F7FF426AFA9
:106150001FE79DF826C09DF827E0F44518D1BCF153
:10616000200F00F09E8007EB0C0304EB43035B7FE2
:1061700089F81D30BC4404EB4C0C00228CF81DB097
:106180005F4404EB4703059F059203221A77CEE68E
:10619000BEF1200F00F0A28007EB0E0304EB4303D7
:1061A000BCF1200F597F00F0878007EB0C0204EB55
:1061B00042024FEA4803507F069051774FF0050A9C
:1061C0003A1804EB420201468E45814682F81CA033
:1061D000507FF5D103EB08022244079192F802A008
:1061E000BAF1200F5FFA8AFE63D0BE4404EB4E0E74
:1061F000069A8EF81D2003EB08022244079982F8C4
:106200000290394407EB0B024FF0200E04EB4101E2
:1062100004EB4202F44581F81DE05077AAD14344D3
:10622000059A04F803B0ABE703F00F03043B1344F3
:106230001B7E5B09039372E782F801B06BE6294687
:106240000220FFF78BFA00287FF499AE637C03EB02
:10625000430020440BEB431204EB420285780421F7
:10626000DFB211775A015B00202DE9B23B4418BF21
:10627000891823445A4418BF04EB410104EB42023D
:1062800083F802B04FF0200318BF81F81DB0059FBE
:1062900008BF80F801B05377B8F1000F7FF47EAEED
:1062A00077E608EB4803E35C89F81D304FEA4803C2
:1062B000B5E7069951709EE708EB48024FEA48039C
:1062C000A05C0690A15479E740F22651702000F0BE
:1062D000BBFD40F21F51702000F0B6FD40F2CB1123
:1062E000702000F0B1FD00BFF81900202DE9F84F33
:1062F000734CDFF8D08105464FF0010A04F11C0B06
:10630000B8F1000F04D0002140F2AC50AFF3008090
:10631000BAF1000F04D16C4B0BB1AFF3008062B641
:106320004FF00003A371B8F1000F04D0002140F238
:10633000B150AFF30080667C0BEB861EBEE80F0009
:1063400006F1010909F001070BEB871CACE80F000F
:10635000BEE80F00ACE80F00BEE80F00ACE80F008D
:106360009EE80F00B9468CE80F00B8F1000F04D08A
:1063700000214FF47370AFF3008006EB460607EB85
:106380004707A319A25B9B78E2532744BB70B8F17F
:10639000000F04D000214FF47470AFF30080A37994
:1063A00003F0FF01002B7CD1B8F1000F03D040F2C5
:1063B000BB50AFF3008005EB491304EB43034FEAF6
:1063C00049161A7F032A6AD109EB4902A75CBD422C
:1063D00071D0202F63D03B4601E0202B5FD0F21814
:1063E00004EB42021946537F9D42F6D1202D56D030
:1063F0007319314404EB430304EB41015B7F4B779A
:10640000B8F1000F0CD0002140F23E30AFF3008015
:10641000B8F1000F04D000214FF4B860AFF3008052
:106420002E4404EB460601233377B8F1000F04D065
:10643000002140F2C950AFF30080244B0BB1AFF301
:106440000080EFF3108A72B6A379002B7FF458AF67
:10645000BD4203D11E4B1B78202B1AD0637CDB433B
:1064600003F001036374FF23A3710124BAF1000F49
:1064700004D1154B0BB1AFF3008062B6B8F1000F39
:1064800004D0002140F2EB50AFF300802046BDE87D
:10649000F88F49460220FFF761F90028DED1002479
:1064A000E4E7B8F1000F3FF433AF002140F2B750FA
:1064B000AFF3008024E7202DF1D05B7FA3549FE74A
:1064C000501A002000000000000000000000000042
:1064D000F819002070B586B007280DD8DFE800F065
:1064E000310C0C0C0C1D040E5F4B4FF080419A696F
:1064F0000123C1F80835136006B070BD5B4B5C4AE0
:106500001B7803EB430302EBC30052F833304068BF
:10651000042106B0BDE870401847534C237C002B83
:1065200048D0D4E90223B3F1FF3F08BFB2F1FF3FE7
:1065300000F084800120FEF787FB0023237406B05F
:1065400070BD494CD4E90223B3F1FF3F08BFB2F15B
:10655000FF3F55D0454E0120FEF776FB3378202BC8
:1065600055D0444D6A7F012A3BD0FDF7E3FA03463C
:10657000002835D194F89C200132D2B2312A84F817
:106580009C206CD84FF47A7230786946CDE900329D
:10659000CDE90233CDE90433FFF746FC002859D09A
:1065A00095F82040012385F82030FFF7AFF985F8F2
:1065B0002040A1E72D4B2E4A1B782E4903EB4303C5
:1065C0004FF0FF344FF0FF35C1E9024502EBC30144
:1065D00052F833304868052106B0BDE870401847CE
:1065E0003378234A03EB430302EBC30052F8333002
:1065F0004068002184F89C1006B0BDE87040184740
:1066000004F07EFC04F0ECFDC4E90201A2E7637C27
:1066100003EB4301DAB2635C202B16D003EB42128A
:1066200004EB4202507F6054FF21A171114D337081
:1066300002211177002285F8202093E704F060FC06
:1066400004F0CEFDC4E9020174E740F2422170205B
:1066500000F0FAFB40F21461702000F0F5FB4FF4FB
:10666000C261702000F0F0FB501A0020F8190020E1
:10667000F8160020001A002070B5224B1A78202A44
:1066800086B035D0204CD4E90213B3F1FF3F08BFE8
:10669000B1F1FF3F31D11D4E02EB420206EBC206C3
:1066A0000546D6E90201FDF70FFF337D00225B1995
:1066B0005241013342F10002181842EB01010DF181
:1066C0000B0204AB009203AAFDF760FF9DF80B20BC
:1066D000DDE904130F2A94BF00220122521843F16E
:1066E00000030520C4E90223FEF748FA06B070BD96
:1066F00040F2AA71702000F0A7FB40F2AB7170204D
:1067000000F0A2FBF8190020001A0020F816002063
:10671000FEF728B938B5254B93F800E0BEF1200FFD
:106720003FD0234D6B7C95F811C003EB43035FFA18
:106730008CFCEB5C202B25D01E4C4FEA4C1C05E05A
:10674000634405EB43035B7F202B1BD003EB430229
:1067500004EBC202917D8142F2D80EEB4E0E04EBA7
:10676000CE04D4E90213206940189168D26843F13D
:106770000003C41C43F10003A14272EB030304D2E3
:10678000002038BD4FF0FF3038BD0B4B081A0338DE
:106790001C68FDF78BFE04F132038342F0D8001B26
:1067A00038BD40F2DF71702000F04EFBF819002078
:1067B000501A0020F8160020001A00202DE9F04F92
:1067C0008C4B1D7887B0202D019000F00D81DFF8F3
:1067D0002892DFF8288299F8113003EB430306462C
:1067E000D8F8000019F80340D8F8103003930DF1E1
:1067F0001302D8F8183002938B46304405A9FDF7F0
:1068000099FE7F4BA6F132029A426AD8DFF8F4A1D2
:10681000059BD8F8146005EB45050AEBC505A8688B
:106820001B182869D8F810501818401B20F07F4317
:10683000B3F5000F55D899F81120C8F81800202C8E
:1068400088F81EB0D2B200F0C2805201DC4620218E
:10685000934604EB440240190AEBC20246F1000ED3
:10686000D2E90263864273EB0E034FEA440746D334
:10687000537D012B03D098F81D30012B35D0052016
:106880000091FEF719F9009999F811004FF0FF32C5
:106890004FF0FF332029C8E90223C0B240F09580B1
:1068A00000EB4000202419F80030524A99F81110EA
:1068B000127802EB411209EB42025377D8F800300C
:1068C000019A1344C8F80030FF2389F80630202CC1
:1068D00035D04D4B187800F097FC002007B0BDE88C
:1068E000F08F012007B0BDE8F08F009104F016FB97
:1068F000751B013085420099C1DA98F81EC0274403
:106900000AEBC707BB7D63450DD90BEB040309EB0D
:1069100043035B7F202B16D02146D8E90456D8F8D4
:1069200018001C4695E7DDE90231D8F810205B1805
:106930009B1A0220C8F8183007B0BDE8F08F00207D
:1069400007B0BDE8F08F0520FEF7B6F84FF0FF3234
:106950004FF0FF3399F81100C8E90223C0B204EBED
:10696000401309EB430346005A7F00EB400341010B
:1069700019F803A009F803204FF0050C5346CF186F
:1069800009EB47071A4694421D4687F81CC07B7FD7
:10699000F5D137184F440A4497F802E0BEF1200FB2
:1069A0005FFA8EFC18BF8C44304418BF09EB4C0CC6
:1069B00009EB420248444FF0200114BF8CF81DA09F
:1069C00087F801A0857051776FE70C46C7E705206F
:1069D000FEF772F899F811004FF0FF324FF0FF33D5
:1069E000C8E90223C0B25BE740F60801702000F05E
:1069F0002BFA00BFF8190020501A0020001A0020BE
:106A0000CE3F420FF8160020281A00202DE9F84F3B
:106A10009A4C637C00EB431304EB43031B7F002B76
:106A200000F02781677CDFF858820546FFB2B8F195
:106A3000000F04D0002140F64700AFF300807E0134
:106A400005EB471704EB4707B8F1000F40F0D9807A
:106A5000771904EB47073B7F012B08D0043B022B3F
:106A600040F2C58004F0EFFB3B7F012BF6D1DFF84D
:106A700014A24FF0010BB8F1000F04D0002140F632
:106A80005E00AFF30080BBF1000F04D17E4B0BB171
:106A9000AFF3008062B64FF00003A371B8F1000FAE
:106AA00004D0002140F66300AFF30080667C0AEB5F
:106AB000861EBEE80F0006F1010909F001070AEB86
:106AC000871CACE80F00BEE80F00ACE80F00BEE882
:106AD0000F00ACE80F009EE80F00B9468CE80F00ED
:106AE000B8F1000F04D000214FF47370AFF30080B1
:106AF00006EB460607EB4707A319A25B9B78E25318
:106B00002744BB70B8F1000F04D000214FF474701B
:106B1000AFF30080A37903F0FF01002B40F08580E4
:106B2000B8F1000F03D040F66D00AFF3008009EB21
:106B3000490323444FEA490B5E78B54200F08F8049
:106B4000202E2CD04FEA491101E0202E27D08B199E
:106B500004EB4303324637465E7FB542F5D1202D24
:106B60001DD00A44294404EB410104EB42024B7F4F
:106B70005377B8F1000F04D0002140F23630AFF364
:106B800000800BEB090323449B789E425AD0B8F156
:106B9000000F0CD0002140F23E30AFF30080B8F17E
:106BA000000F04D0002140F67100AFF30080374B96
:106BB0000BB1AFF30080EFF310839B4672B6A2795E
:106BC000002A7FF458AF84F81190FF22A27123B9F4
:106BD0002D4B0BB1AFF3008062B6B8F1000F04D0BB
:106BE000002140F68300AFF30080BDE8F88F7319F1
:106BF00004EB43030122DFF88CA01A774FF0010B5E
:106C000039E73B7F012B3FF432AF043B022B16D90F
:106C1000002140F65300AFF3008004F014FB002184
:106C200040F65700AFF300800EE7B8F1000F3FF4D5
:106C30002AAF002140F66900AFF300801BE7012373
:106C40003B77ECE7B8F1000F04D0002140F2393077
:106C5000AFF300800BEB090323449F7097E7202DCF
:106C60009DD005EB491204EB42022027527F5A7057
:106C70007FE740F63E01702000F0E6F8501A002051
:106C8000000000006C1A002000000000000000005E
:106C900070B586B063BB064610460D46FDF706FC90
:106CA0000DF10B030446009303AA04AB29463046BA
:106CB000FDF76CFC039A1349A31A8B420BD3121BEA
:106CC0008A420ED310498B420DD88A4215D9C2F19F
:106CD000614303F5F7030A9AA2F10F00C01A06B048
:106CE00070BD5342F7E703F1F45303F59023F2E745
:106CF00040F68901702000F0A7F840F2CF717020B3
:106D000000F0A2F80040420FFF7F841EBFF34F8FB8
:106D10000549064BCA6802F4E0621343CB60BFF337
:106D20004F8F00BFFDE700BF00ED00E00400FA0553
:106D3000094B01225A604FF0FF32C3F80823074B7A
:106D40004FF48042C3F88020BFF34F8FBFF36F8FA3
:106D5000C3F88021704700BF00E0004000E100E080
:106D6000094B01225A604FF0FF32C3F80823074B4A
:106D70004FF48052C3F88020BFF34F8FBFF36F8F63
:106D8000C3F88021704700BF00C0004000E100E070
:106D9000084B0022C3F8FC2F0122C3F8FC2F064B3E
:106DA0000222C3F88020BFF34F8FBFF36F8FC3F869
:106DB000802170470010004000E100E0F8B51B4E54
:106DC000337805460C4617466BBB00F061FAFCF7BA
:106DD0005FFE174B7760002D08BF1D4628463472B2
:106DE000FFF7D6FFFFF7BCFFFFF7A2FF04F098F80C
:106DF0000546B0B9FEF752FD04F094F804F041F9ED
:106E0000002C0CDB04F01F026409A40004F16044B0
:106E100004F5614401239340C4F8803123600123C9
:106E200033702846F8BD4FF0FF35FAE7F01A00201E
:106E3000E61E030008B572B6024B5B6803B19847C3
:106E4000FFF764FFF01A00201FB572B6134B5D68A0
:106E50008DB9FFF75BFFB2FBF6F2DCB20133002A1B
:106E6000F9D104F110036B4403F80C2C0A2234B955
:106E700001A8A847EDE7024600230A26EDE7631EB6
:106E800004AEDCB256FA83F3B0FBF2F602FB160056
:106E9000303003F80C0C3046E9E700BFF01A002050
:106EA000074B93F90830002B09DB5A09012103F045
:106EB0001F0301FA03F34032024941F822307047C0
:106EC000F01A002000E100E0014B1878704700BF85
:106ED000F01A00202DE9F84FDFF8C4A0314C324DF4
:106EE000DFF8C890074601269AF800805FFA88F814
:106EF000FF238AF80030B8F1000F01D08AF8013082
:106F0000EFF3108272B600236660C4F80031C4F853
:106F10000431C4F8047526603AB962B605E0D4F8C5
:106F2000043133B92B69DB0620D4D4F80031002BAF
:106F3000F5D0D4F80431002BE2D1B8F1000F13D111
:106F40009AF80130DBB28AF8018003214FF48042C5
:106F5000C4F80813C4F80481C4F80081C9F880217A
:106F60008AF80080002BBFD1BDE8F88F4FF4804332
:106F7000C9F88031EFF3108B72B60323C4F80433E1
:106F8000D4F8003113B9D4F804311BB1BBF1000FB0
:106F9000CBD1C2E704F057F9BBF1000FC5D1BCE774
:106FA000FC1A002000E0004000ED00E000E100E0FD
:106FB00070B51646DA078CB01D4686468C4640F101
:106FC000A280C37B8DF80030837B8DF80130437B3A
:106FD0008DF80230037B8DF80330C37A8DF80430CE
:106FE000837A8DF80530437A8DF80630037A8DF870
:106FF0000730C3798DF8083083798DF809304379EB
:107000008DF80A3003798DF80B30C3788DF80C3089
:10701000837842788DF80D3003788DF80F308DF835
:107020000E20CA7B8B7B8DF810208DF811304A7BA7
:107030000B7B8DF812208DF81330CA7A8B7A8DF87D
:1070400014208DF815304A7A0B7A8DF816208DF8B9
:107050001730CA798B798DF818208DF819304A7954
:107060000B798DF81A208DF81B30CA788B788DF843
:107070001C208DF81D304A780B788DF81E208DF875
:107080001F306C462046FFF725FFAB0731D59DF832
:107090002F009DF82E109DF82D209DF82C3030707B
:1070A00071709DF82B009DF82A10B270F3709DF856
:1070B00029209DF82830307171719DF827009DF8C6
:1070C0002610B271F3719DF825209DF8243030729E
:1070D00071729DF823009DF82210B272F3729DF830
:1070E00021209DF8203030737173B273F3730CB0AC
:1070F00070BD0DF1200CBCE80F0030607160B26013
:10710000F3600CB070BDDEF80410DEF80820DEF885
:107110000C3000686C46A646AEE80F00DCF80000B4
:10712000DCF80410DCF80820DCF80C30AEE80F00C6
:10713000A8E700BF1B4B4FF4805270B5C3F8802006
:10714000BFF34F8FBFF36F8F174D184C0021C5F859
:107150000011C3F880212669236943F010032361DD
:107160000123C5F8043306F010062B60D5F8003172
:10717000A3B11EB9236923F0100323610A4B012236
:10718000D3F808055A60C3F808230022C3F8002189
:10719000044B4FF48052C3F8802170BD04F053F8C3
:1071A000E4E700BF00E100E000C0004000ED00E0C7
:1071B00038B50C49024605200138C0B2FF2803D17A
:1071C00048216920FFF740FE01EBC0031D7905F05F
:1071D000FF04002DF0D141F8302001225C719C7138
:1071E0001A7138BD001B0020042808B503D94F21AF
:1071F0006920FFF729FE034B03EBC0000023037156
:1072000008BD00BF001B0020042808B503D9582181
:107210006920FFF719FE094B03EBC0000379012B2E
:1072200001D05921F4E7437982790133DBB29A42E4
:1072300018BF4371BDE80840FFF732BE001B0020B5
:1072400070B5124C06250026013D15F0FF0500D152
:1072500070BD94F8281004EBC1031A79012A09D1F2
:1072600058799A79904205D05A79D2B29A7154F8E5
:107270003130984794F828300133DBB2042B94BFA7
:1072800084F8283084F82860DEE700BF001B002067
:107290004FF08052034BD2F830111960D2F83421EC
:1072A0005A6070472C1B0020034B1868A0F10F0395
:1072B00058425841704700BF2C1B0020034B1868F0
:1072C000A0F10A0358425841704700BF2C1B002010
:1072D000034B1868A0F10E0358425841704700BF95
:1072E0002C1B0020034B1868A0F110035842584192
:1072F000704700BF2C1B0020044B1868062803D0E1
:10730000431C584258417047012070472C1B0020F5
:10731000034B1868A0F10D0358425841704700BF55
:107320002C1B0020034B1868A0F108035842584159
:10733000704700BF2C1B002008B5FFF7BFFF20B12E
:10734000024B5868B0FA80F0400908BD2C1B0020A1
:1073500008B5FFF7D1FF38B1044B5868063810F173
:10736000080F94BF0020012008BD00BF2C1B002087
:1073700008B5FFF7C1FF38B1044B5868063810F163
:10738000080F8CBF0020012008BD00BF2C1B00206F
:1073900008B5FFF789FF70B9FFF790FF58B9FFF7FD
:1073A00097FF40B9FFF7A8FF044A054B002808BF24
:1073B0001346184608BD024BFBE700BF00E701403B
:1073C0000C05004008B5FFF797FF08B3EFF31080F6
:1073D00072B6104A1369116941F010011161A2F5EA
:1073E000406203F01003D2F80011D2F804210A43DE
:1073F00000D040BF20BF00BF00BF00BF00BF23B907
:10740000044A136923F01003136100B962B608BD82
:1074100020BFFCE700ED00E0914270B53BD2B2FA2C
:1074200082F33BB1C3F1200420FA04F499402143D4
:1074300098409A40160CB1FBF6FC06FB1C14240481
:107440001FFA82FE030C85B204EB10400CFB0EF415
:10745000844206D9201A90428CBF02200120ACEB56
:10746000000C03EB01410CFB1211B1FBF6F006FB23
:10747000101105EB014100FB0EFE8E454FEA0C4C4E
:1074800006D9AEEB010E96458CBF02220122801A6E
:1074900040EA0C0070BD73219620FFF7D5FC00BFB9
:1074A0002DE9F8431C4652EA040349D00746154625
:1074B0000E467CB9914208D321463046FFF7ACFF17
:1074C00004462A46384604FB1561FFF7A5FF21460E
:1074D000BDE8F883B4FA84F9B9F11F0F34DC4FF03A
:1074E000010808FA09F2A2FB051320FA08F002FBD2
:1074F000043226FA08F140EAC670FFF78DFFC9F1A1
:107500001F03D8404FF0000118D0431E8C4661EB9A
:10751000010105FB01F203FB042280461846A5FB8E
:10752000033EFB1A724466EB02061F46AF4276EB3F
:10753000040324BF40466146BDE8F8838446F5E76E
:10754000CA219620FFF780FCE7219620FFF77CFCFC
:1075500010B5441A94422BD34AB34B1CC31A022BC6
:1075600031D9531E072B2ED922F003048C468646B0
:107570000C445CF8043B4EF8043BA445F9D122F0DE
:1075800003039A4202F0030400EB030C01EB030E29
:107590000DD0CA5CC254012C09D09EF801308CF881
:1075A0000130022C03D09EF802308CF8023010BD5E
:1075B000002AFCD08B18024413F801CD02F801CD4B
:1075C0008B42F9D110BD4B1E0244014613F8014F06
:1075D00001F8014B9142F9D110BD00BF81EA0003CF
:1075E0009B072DE9F0415DD187075FD0002A57D076
:1075F000034601E0002A53D011F801CB03F801CB78
:107600009E0702F1FF32F5D1032A28D941EA03058A
:10761000141F6D074FEA940E4AD12B2C48D90EF156
:1076200001084FEA580C03EBCC0CA1F108051C46ED
:10763000F5E90267E4E802676445F9D118F0010F43
:1076400028F0010403D051F8245043F824500EF1DF
:10765000010402F0030203EB840301EB8401FAB19D
:10766000541E022C20D922F003058C460D449E4660
:107670005CF8044B4EF8044BAC45F9D122F00304FE
:10768000A2422344214402F0030509D00A781A706B
:10769000012D05D04A785A70022D1CBF8A789A7045
:1076A000BDE8F0810346DAE71546EFE70346ABE7AE
:1076B0000EF1010701EB87071D1F0C4654F8046B00
:1076C00045F8046FBC42F9D1C1E700BF2DE9F04194
:1076D00084075FFA81FE5FD0002A59D0034601E09B
:1076E000002A55D003F801EB990702F1FF32F7D1D8
:1076F0004EEA0E24032A44EA04443ED9151FAE087C
:10770000172D06F10106C3F3800147D998460029D9
:1077100040D048F8044B771A03EB810C79080CEB46
:10772000C101CCE900440CF1080C6145F9D127F006
:10773000010C08EB8C016745CCEB8C7805EB8805D8
:1077400017D02F1F032F0C6013D9A5F10807032FA3
:107750004C600ED9A5F10C07032F8C6009D9A5F157
:107760001007032FCC6004D9143D032D0C6188BF92
:107770004C6102F0030203EB86034AB1013A83F83D
:1077800000E005D0012A83F801E018BF83F802E089
:10779000BDE8F0811546BEE70346A9E71946154640
:1077A000CFE700BF1FB5014601A800F006F801A809
:1077B00002F0E5FB05B05DF804FB0B88C3F30B0397
:1077C00083804B88C380002242724B78C3F301133D
:1077D000012B02D0022B18BF134604310372016043
:1077E000704710B58B880370437803F0F003437043
:1077F0008A88C2F3032213434370CA888270CA88FE
:1078000003F0CF03120A4370C2700A7A120102F029
:107810003002134303F03F0343704A7A43EA821372
:1078200043700C4609680430814205D0E288FB2A87
:1078300028BFFB22FFF7D2FEE0880430C0B210BDA3
:1078400010B48B880370437803F0F00343700A464A
:107850008988C1F303210B434370D1888170C178BB
:1078600001F0C001C170D488C4F30524214303F0A2
:10787000CF034370C170147A240104F03004234311
:1078800003F0BF034370547A43EA841301F03F01CD
:1078900003F07F034370C17011680430814203D04C
:1078A000D28810BCFFF79ABE10BC704770B50B7839
:1078B000192B05460C461ED82BB3013B182B22D89A
:1078C000DFE813F03A003E002100B100B700BD0030
:1078D000C300C900CD00CF00DF00E5002400210077
:1078E00021004200D300D900E900EF00F500FB00C1
:1078F000010107010D01822B4FF0FF0200F0F5801E
:10790000832B00F0F68040F2322112E00E23B1F812
:1079100003200B7042F283039A4209D1062363705D
:1079200066780236324621462846FFF757FE51E078
:107930003121C720F5F748F80C230B700823EEE738
:107940001A230B700123EAE72920F5F739FB30B140
:107950003E232370222363702923A370E0E70A20CB
:10796000F5F72EFB3E2305F1080204F108012B7008
:1079700090B30A23AB70E378EB70A3882B71A388D4
:107980001B0A6B71A379AB71E379EB71A368AB60F0
:107990008B889380D4F80E30C5F80E30638A6B82E2
:1079A00063696B61238B2B83638BAB76638B1B0AC1
:1079B000EB76A38B2B77A38B1B0A6B77E38BAB77D1
:1079C000E38B1B0AEB7794F8203085F820301F26D4
:1079D0006E700236304670BD0123AB70E378EB70F9
:1079E000A3882B71A3881B0A6B71A379AB71E37910
:1079F00003F00103EB71A368AB608B889380638B0A
:107A0000AB73638B1B0AEB73A38B2B74A38B1B0AC7
:107A10006B74E38BAB74E38B1B0AEB7494F820302C
:107A20002B751326D4E73E230B7004234B701423CD
:107A300093E73E230B700C234B7004238DE73E230A
:107A40000B700A234B70032387E73E230B700D2333
:107A50004B70052381E70523237004235FE7082388
:107A6000FAE730230B70032359E73E230B700B23F7
:107A70004B70072371E73E230B7006234B700C23DA
:107A80006BE713230B708B789B00013347E7572379
:107A90000B70022343E73E230B7006234B70122327
:107AA0005BE73E230B7009234B70132355E73E23FE
:107AB0000B7005234B7020234FE73E230B700923E7
:107AC0004B70212349E7FF230B700B234B70A2233C
:107AD00043E7FF230B7005234B70A3233DE7FF23F0
:107AE0000B700D234B70802337E70A700D226270F4
:107AF00033E70A700222FAE708B510B1FFF752FE29
:107B000010B96FF0150008BD0020FCE710B50C4659
:107B100030B129B1F5F7A8F928B12070002010BDC7
:107B20006FF01500FBE76FF02200F8E708B5F5F7F6
:107B300025FA002008BD01F071B908B5F5F730FA53
:107B4000002008BD01F03BBC01F049BC0346022205
:107B50001A709A70FE225A712C229A716FF00602E6
:107B6000DA716A221A727F225A72362200209A72C1
:107B700022225870D8701871DA72704701F09EB9DD
:107B800038B54FF080530446D3F8A020D3F8A410A2
:107B9000013106D1D3F8A8304FF6FF719BB28B426A
:107BA0003ED0D3073CD54FF08055D5F8A420D5F86A
:107BB000A830A4F80530C3F3072363F03F03C4F8EB
:107BC0000120A371D5F89030013323D0D5F894303B
:107BD00001331FD0D5F8983001331BD0D5F89C3035
:107BE000013317D00020F7F765FD98B9D5F890005C
:107BF000D5F89410D5F89820D5F89C30C4F81330F7
:107C0000C4F80700C4F80B10C4F80F200123237038
:107C1000002038BD10220021E01DFFF757FDF5E7D9
:107C20000023F4E770B54FF0805510220021044680
:107C3000D5F8A060FFF74AFD10220021A018FFF739
:107C400045FDD5F8803001330BD1D5F884300133B0
:107C500007D1D5F88830013303D1D5F88C30013302
:107C60000BD0D5F88000D5F88410D5F88820D5F849
:107C70008C30E36120616161A2610020F7F71AFD99
:107C800008B9F3071DD44FF08053D3F89020013288
:107C90000BD1D3F89420013207D1D3F898200132C8
:107CA00003D1D3F89C2001320BD0D3F89000D3F845
:107CB0009410D3F89820D3F89C30E3602060616082
:107CC000A260002070BD10B50446FFF733FAB0F58E
:107CD000007F09DA10F5007F08DD031EB8BF03330B
:107CE0009B102370002010BD7F23FAE76FF07E0306
:107CF000F7E7012070470120704701F0D0BB007802
:107D0000003818BF012001F0D0B9F7F709BB81781E
:107D1000008801F08FBB01F0ABBB37B505460C46C0
:107D200000880DF1060101F0C5F92B882380BDF80C
:107D30000630638003B030BDF7F7FABA01F0CABB72
:107D400001F056B801F0AFB808B5F5F731F90020E9
:107D500008BDF7F7D9B801F0C6B8F7F767BA01F070
:107D60008EB801F0CABA01F094BA01F0DBBA01F0A2
:107D700003B801F008B801F014B801F026B801F01A
:107D8000C3B801F0A4B901F085B801F041B8038887
:107D90000B8001F0F9BA03880B8001F003BB01F0FE
:107DA000DAB8F7F707B9F7F7EDB801F002B901F063
:107DB00010B9F7F709B901F04DB901F04FB801F06A
:107DC00077BBF7F7ABB8F7F72DB9F8B5941C0C44AF
:107DD0006343B3F5004FA8BF4FF0FF330E4610F0DA
:107DE0000301054617469CB203D0AD211420F4F7D9
:107DF000EBFDB4F5004F01D9AE21F7E710220430B6
:107E0000FFF764FCEF746C802E80F8BD70B50688B7
:107E1000C58803898E42C5F30E02C3F30E0403D254
:107E2000CF211420F4F7D0FD5D40C5F30E030BB94C
:107E30002D0409D4A24209D2C37CA41A0233E41A45
:107E4000A14203DD00238374184604E014320123A9
:107E500081528374104470BD023101444A43B2F52B
:107E6000004FA8BF4FF0FF3290B2173020F0030050
:107E7000B0F5004F34BF00B24FF0FF30704740887C
:107E8000173020F00300B0F5004F34BF00B24FF0C0
:107E9000FF3080B2704738B503888B4204D240F27D
:107EA00007111420F4F790FD857C65B1C388C3F3F6
:107EB0000E031433C25A8A4207D3C152811DF5F70B
:107EC000A3F800238374284638BD0025FBE703464A
:107ED000F0B59C88A5B2C4F30E06DC88AC4200F174
:107EE000140002D10020D881F0BD5F89DC7C855B65
:107EF0003C4402343444ED1B20440C88ADB2AC4207
:107F000088BF0D805C89B4FA84F4640914700A880F
:107F1000DA81E9E7F8B58288C389002604460D4670
:107F200092B20E60CBB1C2F30E02418914328718AF
:107F30000B44825A9BB29342438104D94FF4AA71F5
:107F40001420F4F741FD04D1011DF5F75DF84681D9
:107F50002F600023E3810120F8BD1846FCE770B5CF
:107F6000044604F11406A38822899BB29A4208466B
:107F7000C2F30E050DD021B1A91CE27C3144FFF7FC
:107F80002DFB04F108012046755BF5F73DF8284606
:107F900070BD0025FBE78388C0889BB2C31A584296
:107FA00058417047828873B5C48895B2AC42C2F319
:107FB0000E0202F1140212D04189C689835A31445B
:107FC00099420EDB0DF10601ADF80650F5F71CF8ED
:107FD000BDF80600001B18BF012002B070BD0020D4
:107FE000FBE70120F9E770B50589C488C4F30E06E4
:107FF0006C40C5F30E02C4F30E050346143025B9D8
:10800000240402D50020188270BDB2421C8806D913
:10801000DD7C921B0235521B9442A8BF14469D89F9
:108020000DB1825BA41AA142ECDCDA7C1982023227
:1080300035442A441044E7E738B5038ACBB18B4274
:1080400017D3C3888489C3F30E031433C5180CB93E
:10805000C4546C700C448481C45A2144C15222B16E
:10806000811DF4F7D1FF00238381002303820120C7
:1080700038BD0020FCE78388C2889BB29A4206D0B4
:10808000428922B9C3F30E03143318447047002009
:108090007047C37C088802330B441360704702307A
:1080A000704738B58388C2889BB29A4209D0438909
:1080B0003BB9C5893DB9011DF4F7A6FFC581012073
:1080C00038BD0020FCE71846FAE703881380C38810
:1080D000C3F30E03143303440B60808970470368B5
:1080E000002223B9C0E90132031D036070475968BB
:1080F0001B680A44F5E7072938B5034604D84FF44E
:10810000EC711520F4F760FC0068A8B1D0E90024F8
:108110008C4212D02AB901F10805AC4204D21046B3
:108120000AE003461046F1E742501A684518126803
:10813000641A6C6042501D6038BD1A60FCE7002371
:10814000C1E9003203680B600160704730B590B13F
:108150008478B1FBF4F304FB131300EB4302528960
:108160008A4201D1D8B230BDC27822B900F10A03E7
:10817000D0B2844201D8FF20F5E733F8025BA94270
:1081800002F10102F4D1EEE78278038805324B4315
:1081900003EB42031844704713B50023CDE90033C5
:1081A00004468DF806006846F5F72EF908B102B0CE
:1081B00010BDBDF804002146F5F702F90028F2D001
:1081C00040F21D211720F4F7FFFB70B50D46092181
:1081D0001E46FFF741FE3246044609212846FFF7B6
:1081E0003BFE002C03DB002801DB204470BD4FF078
:1081F000FF30FBE7012303707047F8B505460846DA
:10820000002811461E4614BF00240224FF23AB7031
:108210002B191B7D012B04D001342B191B7D012B45
:1082200019D105EB44073B8B3A8C9819904204DD39
:108230002C44002038832075F8BD05EB84043246B9
:1082400060681844FFF7CAF93A8B16443E8300234E
:10825000AB700120F0E70020EEE7002910B514BF55
:1082600000230223FF218170C1180C7D012C07D14E
:108270000C3320F8132002230B750023837010BDEC
:108280000133C1180C7D012CF2D04FF48C71092000
:10829000F4F79AFB30B50246837803F0FF00F3B998
:1082A000137D022B19D0537D022B19D103460120D7
:1082B00089B1D5180C3300242C7522F813401318FB
:1082C00003241C7502EB80035B680B6000F10C0358
:1082D00032F813308B80012002E00123E8E7002010
:1082E00030BD30B58378E3B9837D022B17D0C47DD0
:1082F000022C16D1032381B105190C3400222A75F2
:1083000020F81420C2180324147500EB83020C33E8
:10831000526830F813300A608B80012002E0032499
:10832000E9E7002030BD037D012B01D1008B7047B0
:10833000437D012B0CBF408B00207047837D012BB8
:1083400001D1808B7047C37D012B0CBFC08B0020F7
:108350007047038B23B9408B003818BF012070474A
:1083600001207047838B23B9C08B003818BF0120D0
:10837000704701207047027D022A01D1008B7047AF
:10838000437D022B01D1408B7047032AF6D0032B8B
:10839000F9D000207047827D022A01D1808B70477E
:1083A000C37D022B01D1C08B7047032AF6D0032B6B
:1083B000F9D000207047F5F78DB9012808B506D02F
:1083C000022806D040F21F410620F4F7FDFA0020F3
:1083D00008BD0120FCE7F5F7C9B970B50D460646A2
:1083E000FBF7F0F904463046FBF7E4F9743504F581
:1083F000234328444FF47A72A133B3FBF2F31844B9
:1084000070BD10B5044690F86900FBF7DBF900F584
:108410005F4141314FF47A70B1FBF0F1204601F534
:108420008771BDE8104001F0A6BE7FB5044618B9BB
:10843000A6213020F4F7C8FA072900F2FB80DFE814
:1084400011F008003E003E003900F900E500ED00A3
:10845000F70090F808321BB3B0F80632B0F8882065
:10846000934217D1B0F8BC21A0F88820D31AA0F805
:10847000BE31D4E988232046C4E98A23FAF72CF8D0
:1084800094F8C331002B00F0AC8004B0BDE870401C
:1084900002F071BC9A1AA0F8BE21A4F88830E8E76F
:1084A000B0F80432B0F888209B1AA0F8BE31B0F8BA
:1084B0000432F2E704B0BDE87040FBF749B802F0BF
:1084C0008DFED4E98A23801A61EB0301012871F142
:1084D000000302DA40F20661ABE76FF0010383426A
:1084E0004FF000038B4102DA40F20761A1E7A36974
:1084F0000BB1B0FBF3F394F88F10B4F806220D29FA
:1085000034D10132A4F80622B4F84232B4F88850CB
:108510000133A4F84232B4F8C4301D44B4F8C23078
:10852000013DED1AADB202AEB4F806126B1A1B048F
:1085300036D594F892300394002B0CBF3E230823C9
:1085400084F8B130304601238DF80830F7F7CAFFC0
:10855000204602F012FC002384F8F43194F80B0258
:10856000FDF748FB202384F80B323AE0B4F888107A
:108570000B449BB2D11A090454BF531C01339BB264
:10858000A4F8063294F80932002BBDD1B4F8BC31FE
:10859000B4F80622934204BF0133A4F80632B3E7CD
:1085A000002300961A462046F5F742FEB8B101288E
:1085B00012D1B4F80622B4F8B811BDF8083013444B
:1085C000521A12049BB204D5EA1A12F4004F18BFD3
:1085D0000B46A4F80632A7E740F2546129E7236F5F
:1085E0000BB904B070BDB4F8BE10B4F806325B1A13
:1085F0001BB2002BF5DDB4F874201344013BB3FB30
:10860000F2F313FB0213A4F8BE30EAE70120FCF7F3
:1086100041F804B0BDE87040FFF7DDBE90F8F431DA
:10862000042B01D0C52104E7002380F8F431D8E7FA
:10863000CB21FEE6CF21FCE613B5002380F8F43110
:10864000A0F840321A46009319460446F5F7F0FDAB
:1086500020B140F2F3113020F4F7B6F9012284F88A
:10866000F421C4F8F001C4F8E801A4F80602A4F863
:10867000040284F80902B4F88820A4F84202013AFE
:10868000A4F8882002B010BD70B5044690F82031DF
:1086900003F0FF01E3B9D0E946526FF000439A427C
:1086A00008BFB5F1FF3F01D1002070BDD0E94456AD
:1086B00002F000F9D4E94632DB305B1B62EB0602C4
:1086C0001B1A62F10002002AEEDA2046F8F794FF46
:1086D0000120EAE7F8B5044618B9D7213020F4F7AD
:1086E00073F9072900F2AA80DFE801F0043E3E3A60
:1086F000A82E9EA6F8F778FFD4F80401CB38FDF732
:10870000BBFF10B940F25121E8E7204602F0AEF974
:108710000546F0B90146204602F0CCF800F1DB0630
:10872000D4F80401B04209D2301A322838BF3220BE
:108730000321FEF743F8051E18BF0125C4F80461A4
:10874000204602F0ADF935B12046BDE8F84002F010
:10875000A8B90025F4E7D4E94423C4E93C23F8BDD3
:10876000BDE8F840FAF7F4BE02F0AFF8002384F851
:10877000003184F80931D4F8D43005460E46EBB107
:1087800050EA01031AD00721A5FB012301FB0633A0
:10879000D4E93C10521843EB0003D4E9440182426F
:1087A0008B410BD2012304F5807784F808313846D9
:1087B000FDF748FA20B940F292618FE70223F2E711
:1087C0002046FFF761FF034694F8D00033B93946DD
:1087D000FDF72AFB38B940F296617FE7FDF70AFA08
:1087E000002384F8F830D4E94401D4E93A328342D2
:1087F00072EB0107B3D255EA0607B0D0C01A61EB9D
:10880000020133462A46FEF74BFE05FB01F300FB4F
:108810000633A5FB00500344D4E93A02451943EB63
:108820000203C4E93A539AE790F8D000FDF7E2F961
:10883000002384F8F83092E7F4214FE7F8214DE760
:10884000D0F8D400704710B5044690F8F830EBB17A
:10885000FF2380F82031012102F025F994F8F83047
:10886000A3B194F8D000FDF741FD94F8D000FEF7D5
:10887000CDF894F8D000FDF7BDF920B940F2DF1132
:108880003020F4F7A1F8002384F8F830002010BD60
:1088900010B590F8202142B990F8D82042B1D0E923
:1088A0003731994202D9F8F7A7FE0022104610BDD1
:1088B0000122FBE708B540F28D2101F064FC40F68F
:1088C0004803984228BF184680B208BD7FB50446C9
:1088D00090F8C33103F0FF05002B45D190F8F43137
:1088E000032B41D102F07AFCD4E98A23801A61EB90
:1088F0000301012871F1000336DB6FF001038342AD
:1089000075EB010304DA40F2AF513020F4F75CF864
:10891000A269B4F888300AB1B0FBF2F20133134413
:108920009BB2A4F80432B4F80422B4F8BC319B1A08
:108930001BB2002B18DD94F80B02FDF7D7FC98B1A1
:10894000FF2384F80932B4F8C430B4F888501D44C9
:10895000B4F8C230013DED1AADB20DF10E06B4F817
:108960000432EB1A1B0401D504B070BDB4F8041234
:1089700000960023012289B22046F5F759FC002811
:10898000F2D0012809D1B4F80432BDF80E2012FA51
:1089900083F39BB2A4F80432E1E740F2F651B4E766
:1089A000F8B5044621B1012930D040F29F712AE088
:1089B000C68C36B1F7F7FCFBE58CB0FBF5F606FB91
:1089C00015062046D4E93A5701F07FFF2D1847EBF2
:1089D00001010023AD1941F1000184F800310223A7
:1089E000C4E94451C4E93A51A4F808312046FFF7DC
:1089F0004BFE70B994F8D00004F58071FDF714FABD
:108A000038B940F2E9613020F3F7DEFF002380F847
:108A1000D830FAF793FCBDE8F840FCF777BF90F840
:108A2000F800003818BF0120704713B50023CDE9C6
:108A3000003301238DF806306846F4F7E5FC08B1F1
:108A400000200AE0009C2046FFF7E9FF0028F3D051
:108A5000204601F03DFF0028EED002B010BD07B562
:108A60000023CDE9003301238DF806306846F4F782
:108A7000CBFC08B1002004E00098FFF7D0FF0028ED
:108A8000F4D003B05DF804FB07B5002340F688126C
:108A900001A9FAF771FF03B05DF804FB10B50446B5
:108AA00038B1F6F7F9FC34EA00030CBF01200020CE
:108AB00010BD0120FCE710B5F6F786F8044601F07A
:108AC000D1FF40B9204601F0C9FF80F00100C0B2DB
:108AD00000F0010010BD0020FAE738B5054601F0AE
:108AE000E4FEF0B12846FFF79AFF08B9002038BD30
:108AF0002846FFF7A5FE04462846FFF7A4FE0546D4
:108B000088B9002CF2D02088F6F730FD208829465D
:108B1000F4F756FC0028E9D041F6CD113920F3F7DF
:108B200053FF4220E3E70C20E1E72DE9F843B0F8DA
:108B30005A60B0F85C50804630300F46FFF7BAFEFE
:108B40000221044600F098FF02218146204600F0F1
:108B500093FF4E4528BF4E46B6B21B2E38BF1B268C
:108B6000FB2E28BFFB26854228BF0546ADB21B2D34
:108B700038BF1B25FB2DB8F800303B8028BFFB25F4
:108B8000B4F5A47F38BF4FF4A47440F648039C4268
:108B900028BF1C467E80FD80BC803C81BDE8F883F8
:108BA0002DE9F04186B0054601A9008800F026FFB6
:108BB0000446002873D1029A92F85631003B18BF40
:108BC00001238DF80230D2F8803099064ABF9DF813
:108BD0000230034683F0010303F001038DF80330F4
:108BE00092F8E2309B0603D49DF80330002B5CD052
:108BF000EB881B3B9BB2E02B59D82989A1F5A473C4
:108C00009BB244F24810834251D86B881B3B9BB205
:108C1000E02B4CD8AA88A2F5A4739BB2834246D815
:108C200040F64807B94244D8BA4242D8029E4FF0B3
:108C3000FF0886F82B819DF80230A3BB03A93046BC
:108C4000FFF773FF6A88BDF81230E888934228BFA7
:108C50001346A6F83031BDF81430AA88BB4228BFAD
:108C60003B461946BDF80E30834228BF0346A6F89E
:108C70002C31BDF810302889BB4228BF3B468342C7
:108C800028BF03468A42A6F82E31134628BF0B465A
:108C9000A6F8323186F82A81002386F82B31204647
:108CA00006B0BDE8F0813A24F6E71A24F7E712246B
:108CB000F5E71124F3E72DE9FF41074688460088D0
:108CC00002A900F09BFE054618BB039C94F869318D
:108CD00003F0FF051BB1B8F1020518BF012594F898
:108CE0008F30222B94F8E33043EAD3030CBFC5F155
:108CF0000102002203F00103134333D0BE7816B9FA
:108D0000F6F7CAFB0646F87870BBF6F7C5FB26B93E
:108D10000925284604B0BDE8F0810028F8D0FF23DB
:108D200084F83531E5B994F8343103F0FF05BBB967
:108D300084F8370184F8348184F836613B797A7994
:108D40008DF8050043EA022301A920468DF804604E
:108D5000ADF8063000F0B4FE002384F83531D8E7D2
:108D60003A25F9E71A25D4E7002ED8D1D0E708B57F
:108D7000F6F76CFB002008BD10B50446F7F748FE77
:108D80002070002010BD10B5FFF74FFE044630B92B
:108D9000F7F738FE2046F6F7ABFD204610BD0C2055
:108DA000FCE710B50446FFF740FE50B920780128D3
:108DB00009D8611CF7F732FE002814BF00200720F5
:108DC00010BD0C20FCE71220FAE738B50546FFF786
:108DD0002CFE044640B92878012803D8691CF7F70F
:108DE0004DFE18B9122038BD0C20FCE72046FAE7EA
:108DF00010B503460E2404704E2110220020DC70B2
:108E0000592459709A701C7158719971DA7110BD9A
:108E100008B50821F4F71AF8002008BD73B5064616
:108E20000C460088694600F0E9FD0546A0B9B37814
:108E30006BB9019B93F86C30A370338894F90200EE
:108E40002380F6F7A5FEA070284602B070BD7F20F3
:108E5000FFF71AFEA070F0E70225F5E710B504460B
:108E60006FF07F00FFF710FEF6F792FE20707F2074
:108E7000FFF70AFEF6F78CFE6070002010BD10B5FB
:108E80000446F5F7A1FE01F0E6FDF6F781FE20703D
:108E9000002010BD08B50A46072300F11001FEF7B7
:108EA00087F8002008BD10B5014604460020F6F7FB
:108EB000E9FB08B92060A080002010BD10B5044671
:108EC000F6F7BEFA28B900202146F6F7C3FB0020CA
:108ED00010BDFFF7C4FD0028F5D0FFF7ECFD00281A
:108EE000F1D10C20F4E710B50446FFF7B8FD28B91E
:108EF00001202146F6F7AEFB002010BDFFF7DBFD99
:108F00000028F5D10C20F8E7F7B50C460546694670
:108F1000008800F073FDA21C034690B9019901F18D
:108F2000970781F8EA30386810603879107128881E
:108F3000208091F8EA6006F0FF00002EF1D103B026
:108F4000F0BD0023C4F80230022013712370637057
:108F5000F5E7FFF725BE1FB5838844F290229342C0
:108F600017D840F64802934228BF13460288ADF84E
:108F700004204088ADF80600ADF80A000A8001A878
:108F8000ADF80830ADF80C30FFF70AFE05B05DF81B
:108F900004FB1220FAE737B50D46694600F02EFDB6
:108FA000044618B901982946FFF7BFFD204603B0D3
:108FB00030BD10B503466FF004040020482108229C
:108FC0001C7058709970DA701C7158719971DA714F
:108FD00010BD37B505460C460088694600F00EFD09
:108FE000F0B9019B014683F86A1093F86820012AC2
:108FF00006D0022A04D040F20B310620F3F7E4FC3D
:10900000A27093F86920012A01D0022AF3D1E270FC
:1090100093F86A2002F0FF00002AE4D12B88238015
:1090200003B030BD10B58388022B044610D8C07839
:10903000FFF734FD08B9112010BDA078FFF72EFD11
:109040000028F8D020460121BDE81040FFF733BECC
:109050001220F1E713B58378C178027903F0010497
:1090600051EA040C03F002031DD052EA030C1AD09B
:10907000002C18BF0021002B18BF00228DF8032000
:10908000037842788DF8021043EA0223ADF80030ED
:1090900043798279684643EA0223ADF80430FFF74A
:1090A000C1FF02B010BD1120FBE708B5F4F7FAFDCF
:1090B000002008BD13B50C46694600F09FFC20B99E
:1090C000019BB3F888300133238002B010BD07B58F
:1090D0000088694600F092FC48B99DF80020019B89
:1090E000012A07D093F83B2102F0FF016AB103B0D7
:1090F0005DF804FB93F8F421D2B293F8B01011B9E3
:1091000012F0FB0FEED10220F1E7FF2283F83B21A2
:109110000846ECE72DE9F341054647780078012140
:10912000F4F738F9044600285FD001F085FCEE78AA
:10913000864228BF0646042FB6B23DD0206BFFF70B
:10914000F2F8304480B21F2803D9122002B0BDE8E3
:10915000F081FB1E012B2CD8204601F091FC6B788E
:10916000032B2CD107F0FD08B8F1010F39D12046AF
:1091700001F086FC002831D1012F08BF4FF0020812
:10918000216B42466846F4F73BFA6A68206B334627
:109190000121FFF732F850B36B78023B012B22D844
:1091A000206BFFF7C0F801210246206BFFF755F84E
:1091B00019E0002ED0D1C8E7002ECDD0C5E7002899
:1091C000C3D1042BCED12046FFF729FC0028BCD008
:1091D000206BFFF7BEF80028C4D1B6E74FF00008B7
:1091E000CEE7042FD1D10020B0E74220AEE7072020
:1091F000ACE72DE9F74380464578C7780078012130
:10920000F4F7C8F80446D0B101F02CFC0028206B1C
:1092100008BF0027FFF792F8C619B6B21F2E1FFA33
:1092200087F910D8042D0ED0032D12D05FB120463F
:10923000FFF7F5FB58B10C2002E0042212E04220B7
:1092400003B0BDE8F0831220FAE70720F8E7012D0C
:109250000CD1204601F014FC0028EED1012D0CBFEA
:1092600006220522216B6846F4F7CAF9D8F80420D3
:10927000206B4B460021FEF7C0FF0028E5D0023DE1
:10928000012D04D8206B32460021FEF7E6FF0020B6
:10929000D6E713B50446F5F797FC4FF44073ADF8E5
:1092A000003000238DF80230684614F8013B8DF839
:1092B00003300194FFF79DFF02B010BD38B50121C6
:1092C00005460078F4F766F80446A0B1FFF7A7FB5F
:1092D00028B92046691C01F000FB002038BD20465B
:1092E00001F0C0FB08B10C20F8E7204601F0B6FB06
:1092F0000028F8D1EDE74220F0E713B50446F5F772
:1093000063FC14F8013B8DF803304FF44073ADF863
:109310000030684600238DF802300194FFF7FAFE12
:1093200002B010BD73B50546F5F74EFC2B78044628
:1093300063B100230DF1010101208DF80030F6F733
:10934000A1F918B16846FFF7B9FFA0B90026204679
:109350008DF8006001F08AFBB04214BF80233346D1
:10936000ADF801302B788DF80360012B05D16946EB
:109370002046F5F749FD02B070BD1BB92046FFF746
:10938000ACFBF8E71220F6E710B500210446008890
:10939000F4F700F820B1A11CBDE81040F9F774B94A
:1093A000022010BD08B500880021F3F7F3FF20B1BB
:1093B000BDE808400021F9F767B9022008BD37B5BC
:1093C00005460C460088694600F018FB28B92B8832
:1093D0002380019BB3F8BC30638003B030BD37B548
:1093E00003880B80044698B2638813B9122003B037
:1093F00030BD694600F002FB0028F8D16488019A6C
:1094000042F21071A3B24B43158C916905FB011117
:109410008B42EBD395699169A942FBD10025013BB1
:109420000B44C2F8B450B3FBF1F3A2F8BC40C2F84D
:10943000B830DCE710B50C460021F3F7ABFF88B17C
:10944000022C11D804F00103C4F3400480F8C531A4
:1094500080F8C44123B190F8C2313BB1FFF736FA2E
:10946000002010BD0220FCE71220FAE71846F8E7BA
:1094700010B504460078FF280AD00121F3F78AFFCF
:1094800058B16378A27843EA0223C384002010BD58
:10949000B4F80100F5F762FBF8E74220F7E708B5FA
:1094A0000078003818BF0120F5F736FA002008BD13
:1094B00010B50446F5F788FB6178C1F3400201F06E
:1094C000010101F0F3FA002010BD0820F5F7D0BF2C
:1094D00001F060BC1220704710B5044604B910BDFD
:1094E000236898476468F9E703680BB9016070471F
:1094F0001A465B6813B18A42FAD170478A4218BF94
:109500005160704708B50020FEF746FEF4F706F8F4
:10951000F6F720F8F4F766FA20B14FF485710120D0
:10952000F3F752FA08BD08B5F5F7A2F9F7F7E6FE2A
:1095300020B14FF495710120F3F746FABDE80840D9
:109540000120FEF729BE08B5FFF7EDFF01F00AFC88
:1095500020B140F23F110120F3F736FA08BD01F0C7
:10956000D9BC0B46122203F8032BD0F80920C1F80E
:109570000320427B1A71704730B585B004460D4612
:10958000F6F7D4FB80B36FF4B0731C4402A92088B3
:10959000ADF8000000F032FA18B12E217E20F3F76A
:1095A00013FA039B93F864208DF80220022193F8AC
:1095B0006520B3F866308DF803206846ADF80430B6
:1095C000FFF779FB08B14421E8E78DF808009DF822
:1095D00008308DF80900002063F307009DF809307A
:1095E00063F30F2005B030BD18232B70D4F8093079
:1095F000C5F8033004238DF80830E8E708B5436860
:1096000093F88E201AB185217E20F3F7DDF9202210
:1096100083F88E2008BD034610F0010005D19A079B
:1096200002D403F004007047022070472DE9F84F80
:10963000074608469246884600F070FC8146404640
:1096400000F06EFC8346FFF7E6FF05464846FFF74D
:10965000E2FF45EA0006F6B2003E044618BF0126C6
:10966000F5F71AFF00EA0B03DBB2002B08BF002559
:10967000F5F712FF00EA090097F86830C0B2002839
:1096800008BF0024AB4208BF00258AF8005097F8B5
:109690006930A34208BF002455EA04038AF8014058
:1096A0000CD1404600F03EFCB7F88830DB4318444C
:1096B00080B247F6FD73984288BF00263046BDE869
:1096C000F88FF8B5446894F88F50A5F12003062B65
:1096D00006460F463ED92E2D3CD0CDBB94F88E3099
:1096E000252B37D0084600F00EFC28B93946304605
:1096F000BDE8F84000F099BD7B7903F0070384F8DA
:1097000061303B7903F0070384F8603094F8353119
:1097100093B994F83431012B0ED094F8602094F86A
:1097200069309A4210D194F8612094F868309A42D6
:109730000AD1022384F83431222384F88F30304652
:1097400000F045FD2846F8BD3046F5F7EFFEF3E79B
:109750000125F7E72025F5E72DE9F743456895F85A
:109760008F3095F88E80232B04460F462CD18F35F1
:10977000384600F0D9FB00284CD0384600F0CEFB2C
:109780008146384600F0CCFB0146FFF744FF66688F
:1097900048B396F86830984225D096F83421012ACB
:1097A0000CBF96F8362196F86420114232D0B8F1F9
:1097B000210F18D096F86120114214D153B940F20C
:1097C000F7110620F3F700F9B8F1210F40F0B2804D
:1097D0008E35CDE7032B01D0032831D1984294BFB9
:1097E00000200120B0B94846FFF715FF002849D0F6
:1097F00096F86930834245D096F83431012B0CBF7E
:1098000096F8373196F8653019EA030F14BF012333
:109810000023BBBB636893F83421012A19D11E21B0
:109820002046F5F75BFEB8F1210F1FD1FA78636887
:10983000182A83F8192110D040F269217E20C1E74F
:10984000042BCBD00428C9D098422CBF0020012083
:10985000C8E7002283F83421E5E7092283F88E2047
:1098600093F8CC3093BB40F27121E7E70023204608
:109870002B7000F0B6FC3946204603B0BDE8F0433B
:1098800000F0D3BC304601AA3946FFF7CFFED4F82A
:1098900004800646F8B998F83431012B18D10146F6
:1098A0002046F5F71BFE2E70636803F18F02954288
:1098B00002D1002283F88F20636803F18F02954262
:1098C0004FF0000533D1204600F08BFC002032E041
:1098D00088F83401E8E7384600F024FB6368A8F80C
:1098E0005402B3F85422B3F88810013A521A92B2D3
:1098F00047F6FD718A4206D9282283F8B120204616
:10990000F6F7F0FDD8E793F88F200D2A02D00A3A37
:10991000012A01D82A22F0E79DF8042083F8562274
:109920009DF8052083F8572225232B70C4E783F880
:10993000CC50CBE7022003B0BDE8F08308B5436804
:1099400093F88F20222A05D022B14FF461717E2036
:10995000F3F73AF8232283F88F2008BDFF234371E1
:109960000023037103604371704743791BB9036897
:109970000BB101221A607047F5F7ECBD704730B5A6
:1099800042400C7818785D78444048786840044438
:109990009D78887868400444DD78C878684004443D
:1099A0001D7908795B794979684004444B40234428
:1099B000D3420CBF0120002030BD034600200139F6
:1099C000C9B2FF2900D170475A5C82F001021044ED
:1099D000C0B2F4E708B5F5F77BFE082803D0BDE870
:1099E0000840F5F799BE08BD08B501F0E0F918B1D7
:1099F000BDE80840F8F73ABF082008BD10B50C468E
:109A00000021F3F7C7FC606018B101232370002028
:109A100010BD0220FCE7F8B5D0E9047605460C46F7
:109A2000FCF710F920B94FF481712920F2F7CCFF2F
:109A3000F4B1D5E90431DA1B61EB0603012A73F1B5
:109A400000014FF0000115DB6FF00100904271EB57
:109A5000030302DA4FF48671E7E7631E1344B3FB96
:109A6000F4F35C43E41946F10006C5E904461C46DC
:109A70002046F8BD0C46FBE7CB1E012B10D803296E
:109A800014BF4FF41673962303F5BC7314BF402222
:109A90001022984212D9C01A90FBF2F080B270479F
:109AA000022905D13C2809D93C38C0F38F00704702
:109AB000702803D97038C0F3CF007047002070477A
:109AC0000346086858667047012908B5024606D063
:109AD00002290CD040F27D112920F2F775FF40F6E3
:109AE000C41340F2E240002A18BF184608BD40F6F1
:109AF000C410FBE7C3B293FAA3F3000A90FAA0F0F4
:109B00001B0E000E43EA002070470131F8B5C9B2C0
:109B1000821D0023012512F8010B884216D312F88A
:109B2000066C002405FA04F737421CBF01F1FF312F
:109B3000C9B2E0B269B10134082CF3D10133DBB210
:109B4000052BE8D199214620F2F73EFF091AC9B248
:109B5000F4E700EBC300C0B2F8BD0B6870B5C0F805
:109B600001300B7903F01F03437100230446C372D5
:109B7000451C861D15F8010B00F00FFB2871E37AD8
:109B8000B5421844E072F5D170BD70B581EA11415B
:109B900089B2C57A0446032682EA0100FFF7AAFFCC
:109BA000013E00EB00100A1816F0FF0690B2F5D146
:109BB00041402522B1FBF2F302FB1313C3F3C402AD
:109BC0002244D8B2567803F00703012202FA03F3C5
:109BD0001E4207D169432046C1F30741BDE87040EA
:109BE000FFF793BF70BDF8B590F821506B1E242B82
:109BF000044656D8002A56D0807D18B1012846D098
:109C00001F2019E094F8231094F8223002FB03136C
:109C10002522B3FBF2F102FB1133DBB204EBD302DA
:109C200084F82330D17D012603F0070206FA02F200
:109C3000114202D084F82430F8BDB3FBF5F205FBE5
:109C400012330133024604F11C01D8B211F8013B72
:109C5000834219D311F8067C002306FA03FC1CEAA0
:109C6000070F1CBF00F1FF30C0B2DDB220B905EB19
:109C7000C20284F82420DFE70133082BEDD1013242
:109C8000D2B2052AE2D1BBE7C01AC0B2F7E72289F7
:109C9000C96904F11600FFF778FF84F8240000205A
:109CA000CAE71220C8E71046C6E70B68C0F80330C1
:109CB0008B88A0F8073070470B68C0F809308B8894
:109CC000A0F80D3070470378890123F0400301F0BC
:109CD00040010B4303707047037803F07F0343EAAE
:109CE000C113037070471F2A38B50546144603D9BF
:109CF000BF212A20F2F768FE09300634FDF76EFC1A
:109D00006C7038BD1F2A38B50546144603D9E121C9
:109D10002A20F2F759FE09300634FDF75FFC6C701B
:109D200038BD30B5037803F00F03032B024640D053
:109D3000052B1FD1C37F90F82000034392F8210028
:109D4000034392F82200034392F8230020F01F00FF
:109D500018432DD05378222B0CD1B2F81930B2F819
:109D60001740907D41B1B3F5506F05D940F60751CA
:109D70008B420ED900201BE0991F89B240F67A452C
:109D8000A942F7D8411E0729F4D88342F2D9A34249
:109D9000F0D3B2F81B30B3F5FA7FEBD2B2F81D0066
:109DA0000A3880B240F6764398428CBF00200120EA
:109DB00030BD4078A0F10C0358425841F8E70378D1
:109DC00001F0030123F003030B4303707047007895
:109DD00000F0030070471B2A08B504D940F2524135
:109DE0002A20F2F7F1FD4270BDE808400330FDF78C
:109DF000F5BBB0F807007047B0F809007047B0F83D
:109E00000B00704770B5B0F80730B0F80950B0F8E3
:109E100005600479B0F80B0091B1B3F5506F0FD91C
:109E200040F60752934218D8B5F5FA7F15D20A3892
:109E300080B240F6764398428CBF0020012070BD6E
:109E40009A1F92B240F67A418A4206D8621E072AC9
:109E500003D89C4201D29E42E5E70020EFE7436829
:109E60000B60037A0B717047B0F8090070470079F6
:109E700070470B6843604B688360704743680B60B2
:109E800083684B60704783890B807047D0F80E3031
:109E90000B60D0F812304B607047D0F816300B6072
:109EA0007047FFF7E6BF0B68C360704700797047E3
:109EB0000171090A417170478171090AC1717047C6
:109EC0000172090A417270478172090AC1727047B2
:109ED00080887047C0887047008970474089704704
:109EE00003891A2B0DD94389B3F5A47F09D383883D
:109EF0001A2B06D9C088B0F5A47F34BF00200120FA
:109F00007047002070470379024613F0070004D021
:109F1000507910F0070018BF012070470079704792
:109F200040797047C08870470279437902F0070290
:109F300003F00703511E0A40591E0B4013430CBF88
:109F4000012000207047017170470079704741710E
:109F5000704740797047FB2908B504D940F2E67193
:109F60002A20F2F731FD417008BD406890F8C231F7
:109F700023B1002380F8C231FEF7A8BC704708B5B2
:109F8000017A19B101290DD0002008BD0368C288EB
:109F900002218088F5F77CFE0028F6D1F6F764F8F8
:109FA0000120F2E70368C288F3E702230B70012364
:109FB0008B707047F5F7F0BF0222F6F743B8032223
:109FC000F6F740B80422F6F73DB80222F6F76CB86F
:109FD00011230B706FF4A27318440388A1F80330A7
:109FE000838FA1F80530B0F84030A1F80730C38F57
:109FF000A1F80930B0F84230A1F80B3070470129C0
:10A0000008B503D10E30C00080B208BD022902D1CC
:10A010000F308000F8E740F259210620F2F7D4FC17
:10A0200030B587B004460D46F5F788FEA0B300238F
:10A030002372A4F5A774694624882046FEF7ABFF77
:10A0400018B1D6212C20F2F7BFFCBDF80630ADF8D0
:10A050000E30BDF80830ADF81030BDF80230ADF864
:10A06000123003A8BDF80430ADF80C40ADF8143040
:10A07000FEF76FFF08B1DF21E4E78DF80C009DF8D3
:10A080000C308DF80D00002063F307009DF80D30B3
:10A0900063F30F2007B030BD2B46172203F8032BC4
:10A0A000D4F80920C5F80320D4F80D205A60B4F87C
:10A0B00011201A8104238DF80C30E0E740687047C6
:10A0C000C08A704710B58A880B89CC884988A0F867
:10A0D0005010A0F85440A0F85220A0F8563010BDFF
:10A0E0008383BDF8003001834283C383704738B552
:10A0F000C38B458C04469D42007A28BF1D46FFF75E
:10A100007EFF6389AB4228BF2B46984238BF184672
:10A1100080B238BDF8B50546808F16460F46FFF76A
:10A120006EFF3946044605F13000FFF7E0FF844238
:10A1300028BF04463146B5F84400FFF760FFB5F884
:10A1400046308342A4B228BF034614FA83F09C3001
:10A15000F8BD90F8692090F86810FFF7DBBF38B5BC
:10A160000D461446FFF7F5FF96342044A84294BFED
:10A17000281A002038BD38B504460D46FFF7E9FF20
:10A180002844606338BD006801F19C03984283BF96
:10A19000401A9C3840080020704700F055034008E2
:10A1A00000F05500184400F03303800800F033003D
:10A1B000184400F00F0303EB1010704743680022AF
:10A1C00083F88E2083F8CC20A3F8C820704743681A
:10A1D0000022A3F8CE2093F8D020013283F8D020BB
:10A1E000704708B5426892F8D030013B5BB2002B53
:10A1F00082F8D03003DA34214A20F2F7E5FB08BDBB
:10A20000436883F81B1183F81A217047A0F10A03F1
:10A21000042B08D9A0F12003062B04D9A0F12E03AA
:10A22000584258417047012070474268D2F8803048
:10A2300010B513F008040AD143F00803C2F88030C7
:10A24000CB7882F81831FFF7C2FF204610BD0120FD
:10A25000FCE738B50C460546B1F85410FFF728FE68
:10A26000B4F822112846FFF727FEB4F8501028460C
:10A27000FFF726FEB4F820112846BDE83840FFF766
:10A2800023BE37B530F8024C7CB100238DF8043082
:10A290008DF805309DF80430002063F307009DF829
:10A2A000053063F30F2003B030BD30F8A85CA1F88F
:10A2B000035008220A708C70427A4A7150F8940C4C
:10A2C000FDF769FE18B9B2216320F2F77DFB28463D
:10A2D000F5F74CF921462846F3F772F804238DF878
:10A2E00004308DF80540D5E710B5446894F89030F7
:10A2F000063B012B07D90846FFF7B9FD062384F872
:10A30000910084F89030002010BD426892F890309F
:10A31000063B012B84BF072382F890307047F8B5C5
:10A32000476897F88F6004460D4616BB0846FFF74E
:10A330009BFD6168A7F85402B1F85432B1F8882047
:10A34000013B9B1A9BB247F6FD72934207D9282323
:10A3500081F8B1302046F6F7C5F83046F8BD01F275
:10A3600056212846FFF77BFD63680A2283F88F2079
:10A37000F3E70126F1E70B46062203F8032BD0F89A
:10A380000920C1F80320D0F80D205A60427C1A72CF
:10A390000023CB707047F8B5436893F88F6005468B
:10A3A0000C46002E48D131462046FFF72BFD28B938
:10A3B00021462846BDE8F840FFF737BF6A68B4F881
:10A3C0000D30B2F88810A2F85432C9430B449BB246
:10A3D00047F6FD718B4207D9282382F8B130284611
:10A3E000F6F780F83046F8BD2046FFF702FD6F68AB
:10A3F00040F2E2425043C7F85C022379C3EB4311B9
:10A4000003EB810303EB83035B00A7F85632B4F838
:10A4100005305343C7F858322046FFF7EDFCA7F844
:10A42000600220466F68FFF7EAFC6B68A7F86202DB
:10A430000D2283F88F20D5E70126D3E708B54368BE
:10A4400093F88E201AB124214520F2F7BDFA1D227F
:10A4500083F88E2008BD2DE9F743456895F88E30C6
:10A460001D3B022B06460C462CD80846FFF738FD4C
:10A4700000B32046FFF730FD07462046FFF728FDD2
:10A4800080462046FFF72AFD81462046FFF722FD41
:10A490004B4600904246394605F13000FFF720FE5A
:10A4A0007168284601F24511F5F720FE7068062113
:10A4B000F4F746FA002085F8CC0085F88E0003B04A
:10A4C000BDE8F0830120FAE74268D2F88030D9066F
:10A4D00010B5044603D49A214520F2F775FA99067F
:10A4E00001D59B21F8E723F01003C2F88030FFF775
:10A4F00078FE60680621BDE81040F4F721BA092310
:10A500000B70D0F80930C1F8023070470B460A22B0
:10A5100003F8022BB0F809204A80C27A9A7070477B
:10A5200038B5436893F88F40054634B1113C0B2C85
:10A5300094BF08240124204638BD93F89430002BA2
:10A54000F9D0FFF744FE6B68112283F88F20F2E701
:10A5500008B5436893F88F20152A04D040F279118A
:10A560001F20F2F731FA012283F8D120162283F856
:10A570008F2008BD436893F88F20122A03BF13224F
:10A58000002083F88F200220704710B5436893F8AD
:10A590008F30182B044607D1FFF723FE63681C2277
:10A5A00083F88F20002010BD0220FCE708B5436827
:10A5B00093F88F20112A04D04FF4D1711F20F2F7A5
:10A5C00003FA012283F8D120122283F88F2008BDDC
:10A5D00008B5436893F88F20162A04D04FF4D5713C
:10A5E0001F20F2F7F1F9182283F88F2008BD0B46DF
:10A5F000052203F8032BD0F80920C1F80320D0F876
:10A600000D205A60B0F811201A81C27C9A727047EE
:10A6100008B5436893F88E201AB1BC211C20F2F7CC
:10A62000D3F9042283F88E2008BD4268D2F8801046
:10A6300008B5CB0703D4C9211C20F2F7C5F992F85D
:10A64000D030013B5BB2002B82F8D03001DACB2155
:10A65000F2E721F00101C2F8801008BD0C23A0F53B
:10A660009E700B7003884B807047436893F88E2070
:10A670000F2A01BF002283F8C02083F8CC2083F882
:10A680008E200020704738B54568D5F8803013F02B
:10A69000040409D1FFF79BFDD5F8803043F0040393
:10A6A000C5F88030204638BD0120FCE74268D2F86A
:10A6B000803023F00403C2F88030FFF792BD08B564
:10A6C000436893F88E201AB171214B20F2F77CF980
:10A6D0000F2283F88E2008BD10B5D0E90D43A342A8
:10A6E00004D30A8C1B1B05329A4202D3012380F843
:10A6F000403010BD01230B7000238B7030F8D43C28
:10A70000A1F80330437A4B714389CB8083890B8155
:10A71000704708B5436893F8D32091070ED493F897
:10A720008E201AB174214020F2F74EF9012183F8EE
:10A730008E1083F8CC10A3F8C82008BDD3F8801081
:10A740008A070DD593F8D020013A52B2002A83F837
:10A75000D02001DA8621E6E721F00201C3F880105B
:10A76000002283F83A21E8E710B50B794C790A68A2
:10A77000012843EA042108BF41F48031104610BD8E
:10A7800007B5FFF7F1FF0DF10702F6F7E5F803B0A3
:10A790005DF804FB0B46042203F8032BB0F80920F4
:10A7A000A1F80320C27A9A7070470B46142203F86E
:10A7B000032BD0F80920C1F80320D0F80D205A60EF
:10A7C000704738B50B46102203F8032B0C4600F1F6
:10A7D0000902293052F8041B43F8041B8242F9D1C4
:10A7E00012781A70A5880123A37100212846F2F778
:10A7F000D1FD70B1E37863B10088F4F7B7FE0021B2
:10A800002846F2F7DDFD20B140F227212D20F2F796
:10A81000DBF838BD0121F6F777BCFFF7FBBF90F8F6
:10A8200082300BB10120704790F8BA2002F0FF038C
:10A83000002AF7D190F8AC201846704737B5044687
:10A840000D464FF494720021FCF740FFFF23237064
:10A850001323638042F21073E384F2F7A5FE002213
:10A86000014620636846F2F7CBFE206B00220121EF
:10A87000FDF7F3FC216B68460422F2F7C1FE0022CB
:10A88000206B1146FDF7E9FC04F12800A57400F0E7
:10A8900045F904F1680003B0BDE83040FFF75EB849
:10A8A000FF23086B0B70FDF7A5BC0078FF3818BFBD
:10A8B0000120704710B50446283000F085F9618802
:10A8C0002822F6F7CBFE6D3010BDD0E902017047AB
:10A8D000C07C003818BF012070470B68C0F81530E5
:10A8E0008B88A0F819300123C37670472DE9F04F0B
:10A8F00006460D4607460FCE91B006AC0FC40FCEEC
:10A900000FC496E803000DF1100884E803004046E8
:10A9100000F004F995F814906E7895F80AA095F86F
:10A9200000B0B9F1010F06F07F0607D0B9F1020FB0
:10A9300004D040F21D310620F2F746F8697A40460D
:10A9400000F0F3F82B7DAA7E022B08BF697D02F18F
:10A95000010206BF0131C9B20121D2B2404600F066
:10A96000E6F816F0080364D14046019300F02CF994
:10A9700028223146F6F772FE40F271212A79019BB6
:10A9800000F2D720B0FBF1F401FB04F0EC7844EACC
:10A9900002246A7944EA02444C43A0420BD9EC7980
:10A9A000AA7942EA04222C7A42EA044201FB02F428
:10A9B000A04200D804462A7E0393531E5A425A41AD
:10A9C000A97C386B02910192FDF7D5FC386BFDF73D
:10A9D000E2FC039B019A0299ADF81A6008948DF885
:10A9E00028208DF82B108DF82CA08DF818B08DF83C
:10A9F0001C90099306AE0FCE3C460FC40FCE0FC479
:10AA000096E8030084E8030098E80300B862B9857B
:10AA1000EB7A13F0FD0F14BF0123002387F85730A2
:10AA2000EB68BB652B8AA7F85C30002011B0BDE84D
:10AA3000F08F00242346BEE7438813F0040F0CBFB9
:10AA40001F20002070470023C38543881D2B08BFAB
:10AA500000214174704790F912007047408800F05F
:10AA6000010070474088C0F3400070474088C0F341
:10AA7000C000704708B5006BFDF774FC012008BDED
:10AA8000012070470120704790F8503001624B72EE
:10AA9000D0F85130C1F80A30B0F85530CB8170474A
:10AAA0007047F6F78DB880F87810704780F824105A
:10AAB00080F825207047C0F34002C0F380031344A0
:10AAC00000F0010018447047022808B507D0042898
:10AAD00007D0012807D039212E20F1F775FF262055
:10AAE00008BD2720FCE72520FAE78278034612F00C
:10AAF000010002D0D978C9070FD5900702D5D978BF
:10AB0000890709D512F0040007D0DB7813F0040F91
:10AB100014BF002004207047022070470023C0F8B3
:10AB2000023001234370037070478170704710B585
:10AB30000170427080781446FFF7BDFF10FB01F1F1
:10AB400004FB01F2FE2A03DD5C212E20F1F73CFF1D
:10AB500010BD0023C37043710371704710B50446E4
:10AB6000FFF7C3FF637962780133DBB29A42637106
:10AB70000FD1E378A1780343DBB29942E37008BFB9
:10AB800023794FF0000208BF0133627104BFE27005
:10AB90002371BDE81040FFF797BF38B501468078B4
:10ABA000FFF789FF0446C8784D78FFF784FF0A79DC
:10ABB0000B789B1A13FB05F34A7913FB04F39B1ADA
:10ABC00000FB1530C0B238BD08B501468078FFF7EC
:10ABD00072FF4B780A7813FB02F313FB00F0C0B24C
:10ABE00008BD40F2EF20704740F25A335843704797
:10ABF00038B553680E3814460D4693F88E20092850
:10AC00003FD8DFE800F0053E3E3E0F3E173E3E26B1
:10AC1000042A05D12046FFF7D1FA2046F5F7D0FDEA
:10AC2000002038BD0F2AFBD120460021BDE8384066
:10AC3000FFF71BBD1D2AF3D12046FFF7BFFA002DF9
:10AC4000EED0626892F8E23023F0200382F8E2301E
:10AC5000E6E793F88F20232AE2D1002583F88F506E
:10AC60002046FFF7BEFA636893F83431012B03D115
:10AC700029462046F4F732FC6368002283F8342129
:10AC8000CEE74FF40F713120F1F79EFE08B543680F
:10AC900093F88F20162A04D040F2E4413120F1F7D6
:10ACA00093FE1A2283F88F2008BD08B5436893F8F5
:10ACB0008F20312A06D1002283F88F20BDE808407A
:10ACC000FFF78FBA162A03D11A2283F88F2008BD06
:10ACD00040F2F9413120F1F777FE037D63B9C37B80
:10ACE00090F85200A3F11002032A05D928B11C2BB9
:10ACF0008CBF0020012070470120704770B542686A
:10AD000092F8E23043F00403044682F8E230084649
:10AD10000D46FFF71EF906462846FFF716F92246AC
:10AD20003146BDE87040F6F79DBD38B50C46054686
:10AD3000D1E90401F2F7DEFB94F80B0220280BD0D6
:10AD4000FBF764FE94F80B02FAF754FF20B940F6C3
:10AD500039013120F1F738FE28460221BDE838409C
:10AD6000F2F72EBB0020704708B5F5F76BFABDE887
:10AD70000840F5F71BBCF2F779BF0022A0F88E203F
:10AD800080F8922090F8C33113B10221F3F7D8BDB7
:10AD90000321FBE7F5F7CABA08B5F8F701F8F7F7AA
:10ADA0007BFEF7F7EBFCBDE80840F7F773BD08B58D
:10ADB000C821F7F741FD022807D1013911F0FF0141
:10ADC000F7D1F5213B20F1F7FFFD431E58425841D2
:10ADD00008BD10B504460846F8F7F4FC4FF47A7342
:10ADE000B0FBF3F0201A10BD10B504460846F8F782
:10ADF000E9FC023C4FF47A7300F2E730B0FBF3F069
:10AE0000201A10BD08B5FCF743FABDE80840F8F772
:10AE10003FBE801A00F3070038B540B20D4659B264
:10AE20001446F8F725FE0023287020446B7040B2CA
:10AE300038BD0023036070477047002070474FF013
:10AE4000FF3070474FF0FF30704770470020704769
:10AE50004FF0FF30704700207047002070470023FC
:10AE6000037070470022FFF7D4BF002070474FF0F7
:10AE7000FF3070474FF0FF3070474FF0FF307047A2
:10AE800070474FF0804301221A6070474FF08043B3
:10AE9000D3F8080400F0010070474FF08043D3F866
:10AEA000140400F0010070474FF08043D3F81C04F5
:10AEB00000F0030070474FF080410246D1F81804BB
:10AEC000D1F8181410F4803004D001F00300831A74
:10AED00058425841704708B5FCF72EFA28B14FF098
:10AEE00080430222C3F8342C08BDFCF705FA002881
:10AEF000F5D1FCF717FA0028F1D1F5E7F8F764BEB1
:10AF0000F8F78CBEF8F7B8BEF8F7D0BEF9F7E2B89C
:10AF1000F8F7D4BEF8F746BEF8F74ABEF8F74EBECB
:10AF2000F8F7B4BFF8F7F2BEF8F7A4BF08B5F8F722
:10AF30002FFE002008BD38B5054691F827000C46C5
:10AF4000FAF758FE18B9E8216A20FBF77DFF0023C5
:10AF5000A38484F826300921236A2846984718B12B
:10AF600003780BB1EC21EFE738BD426808B5034622
:10AF700011441A785960012AA1F1500006D1FBF75B
:10AF80007BFB40B9CC216A20FBF75EFFFBF774FB2B
:10AF900008B9D121F7E708BDF8B504460E4619B93E
:10AFA000012384F829303BE00D78032DF8D8DFE841
:10AFB00005F0390212154868C72802D8002528462E
:10AFC000F8BD0421FBF7FAFB0028F7D17168204691
:10AFD000FFF7CBFFF3E7F9F7E9F8F0E790F8247013
:10AFE000F7B94D682846F9F7B5F80028D8D02B787E
:10AFF000D3B9012222702B79003B18BF0123637261
:10B000006B79002B0CBF022304232372AB686F33D0
:10B010006360EB682361032384F8263084F82520DD
:10B02000F9F7C4F80225CAE794F82630052B04D0B6
:10B030004FF4C8716A20FBF707FF27702B7994F84B
:10B040002700003B18BF012363726B79002B0CBFF4
:10B05000022304232372EB68A9686F336360D4E989
:10B0600006325B1842EBE172C4E90432042384F82F
:10B0700026302146FAF7D8FE0028D1D14FF4C97105
:10B08000D8E770B5F9F7E8F9002405462646E0B29E
:10B09000854200D870BDF9F7E5F90134868480F85F
:10B0A0002660F4E7F8B504460D46F9F7D5F9002710
:10B0B0000646F8B2864204D8082D0CD96FF0150068
:10B0C00008E0F9F7CFF990F826300137002BF0D0DF
:10B0D0004FF0FF30F8BD2CB129462046BDE8F840BE
:10B0E000F9F7CEB921462046F8E738B50546F9F715
:10B0F000B9F9014688B190F824408CB990F826300F
:10B1000073B1013B012B04D82846FFF714FF2046FA
:10B1100038BD012380F82430F9E76FF00100F7E72C
:10B120006FF02200F4E770B50D46F9F79BF904467D
:10B13000002848D090F82660731E012B49D8002DB6
:10B1400044D02846F9F706F800283FD02B78FBB901
:10B15000012323702B79003B18BF012363726B79A5
:10B16000002B0CBF022304232372AB686F33636090
:10B17000EB682361032394F8270084F826302146E6
:10B18000FAF752FE40BB40F2BD216A20FBF75CFE9D
:10B19000022E1ED1002323702B79003B18BF012300
:10B1A00063726B79002B18BF04262672EB68A968BE
:10B1B0006F336360D4E906325B1842EBE172C4E995
:10B1C00004320423D7E76FF0010070BD6FF0150063
:10B1D000FBE76FF02200F8E70020F6E7F9F7C8BBBD
:10B1E00007B56846F9F7BEFADDE900024FF0807353
:10B1F0000021E2FB030103B05DF804FB08B5F9F799
:10B2000091FABDE80840F9F77BBA034600201870B0
:10B210007047EFF3108272B603780121DBB2017040
:10B2200002B962B6012B0CBF6FF0220000207047FC
:10B23000EFF3108372B60022027003B962B60020E9
:10B240007047FBF7FDBFFCF7BDB8FCF7BBB80028A3
:10B250000CBF6FF0150000207047002070470723D7
:10B26000037000207047002070470020704710F8DE
:10B27000012B11F8013B012A28BF9A42F7D0D01ABE
:10B280007047034611F8012B03F8012B002AF9D16E
:10B290007047034613F8012B002AFBD1181A013816
:10B2A000704700002DE9F0474FF080538AB01E6EC2
:10B2B000D3F8649002AF4A4D284615F020FD48B9F6
:10B2C000484A4948012112F062F900202037BD4662
:10B2D000BDE8F0872A69D5F80880136843F4005365
:10B2E0001360D8F80030414A0D212846984703469C
:10B2F00028B13F4A3C48012112F052F9E5E786EABD
:10B30000090484EA490484EA164484EA1444394E60
:10B31000394AA4B223460821304610F0AFFF304628
:10B3200004F05AFF824610B1344A0346E2E7E94688
:10B330008AB002AA324B5361324B1662C2E906341C
:10B34000314B5362314B42F8103F4FF443510346A7
:10B35000254801F005F85046CD4605F00FFC0346A0
:10B3600008B12B4AC6E7DFF8ACC0BE6040F20973F3
:10B37000BB80BCE80F0007F10C040FC4DCF8003000
:10B38000236001243B1D24490094022207F10C0094
:10B3900006F02CFA034608B1204AABE788B002AAAF
:10B3A0001F49C2E905164FF4007191831D4942F807
:10B3B000101F0D484FF4E65100F0D2FFCD464FF478
:10B3C0000051D8F8143028469847034608B1164A69
:10B3D00090E700214FF480400DF092FCEFE700BFB2
:10B3E0003C19030088280300901B030001000A0099
:10B3F000A5280300B0480020C9280300D128030075
:10B40000EB2803000F2903000002020405000002DC
:10B4100021290300B01C0300281F03004529030055
:10B420006029030003000001822903002DE9F04F89
:10B4300091B08407009302F004030293C2F3C203A5
:10B4400003F10103DDF86890039205460E4605936B
:10B4500040F0BA81041D30B1072909D86FF01B00F4
:10B4600011B0BDE8F08F01F00706341DC6F10806E3
:10B47000009B4FF00008591E4FF0040A4FF0FF33B5
:10B480000193CDF810804746C34653460DB1009A4C
:10B4900022600598002800F3E8809848009A8242CC
:10B4A00003D397488242C0F0E080039AA4EB050ED4
:10B4B00092074FEA9E0000F103810F2F00F2B18046
:10B4C000002D00F0058107F140020DEB020C019AFE
:10B4D0000CF8200C0CF8102C049801300490E7E0D4
:10B4E0007A285DD84B280ED8472859D829282DD836
:10B4F000252852D054D820287AD02338D0F1000BF8
:10B500004BEB000B74E04C382E2849D8DFE800F0F4
:10B510007048484848484848484848484B48484880
:10B52000484848484859484B4B595959704B6D4801
:10B530007048184B184848827F4B48484B487F005A
:10B5400000204FF0000B4FF0040A38E02A38C0B258
:10B55000012202FA00F010EA0E0F49D110F0625CED
:10B560002FD110EA020B43D06046013C5444B4FB97
:10B57000FAF40AFB04F4002D61D0A3EB050CA444FB
:10B58000B4453FF66BAF002868D1042B47D159F87A
:10B59000043B2360043404232AE0019A013A019217
:10B5A0004FF0000B24E011F8010C6C2834D111F895
:10B5B000023C00206C2B8346C5D14FF0080A53464D
:10B5C000D3E709F1070929F007090734F9E802ABC5
:10B5D00024F0070435B106982044B0423FF63EAF50
:10B5E000C4E900AB08344FF0000B4FF0080A534693
:10B5F00011F8010F002878D0BBF1000F7FF470AF75
:10B600002528F5D1019B013301934FF0010B4FF039
:10B61000040AECE7584694E700208346A5E7082B88
:10B6200002D06FF015001BE709F1070929F007099F
:10B63000F9E80223C4E9002308340823D8E768B9ED
:10B64000042B02D109F10409A4E7082BE9D109F17F
:10B65000070929F0070909F10809EDE7059A013AF8
:10B66000059259F8042B009210E7039A900720D511
:10B67000A4EB050E4FEA9E004FF0010CBEF5007FD3
:10B68000CFD20F2FCDD8F5B107F140020DEB020E4E
:10B69000C0B2019A0EF8200C0EF8102CBCF1000F6D
:10B6A0003FF41AAF60F07F000EF8200C08F101089B
:10B6B0000137C5F10802043406924FF6DA7E97E7A7
:10B6C0004FF0000CDAE7BCF1000F01D00136EFE7D4
:10B6D000029802360028EBD10098CDE90631FFF739
:10B6E000D8FDDDE906310644E2E7631BB3F5806F60
:10B6F00097D23DB9A6F10804E018B1E63C18030062
:10B700007C4E0300029A28609B082B709DF8103035
:10B71000C2B1EB7085F80280B8F1000F05D008A81F
:10B720000022C5F1010C97420ED1C5F101030DF1C4
:10B7300020094FF0000A01930DF1300B574512D14B
:10B74000601B8DE66B70E5E710F8013B190608D524
:10B7500004EB0C0EB64503F07F033FF67FAE04F812
:10B76000013B0132DFE7B8F1000F03D099F9002067
:10B77000002A17DB029BD3B11AF80B2004F8012B27
:10B780000022019B98182044B0423FF667AE99F81A
:10B79000000004F8010B00990392204616F00BF804
:10B7A000039A14440AF1010A09F10109C6E799F85C
:10B7B000002055F822300093029B45F82230009873
:10B7C000FFF767FD421CDCE76FF00D0048E600BFA5
:10B7D0002DE9F04F97B000AF90F802A0D7F880B0F5
:10B7E0003B62CBF3C0030446FA62BB61894641B9B0
:10B7F000457800780AEB800020444D4517D8A0EB2F
:10B800000409E378FB61BAF1000F02D01BF0010FCD
:10B8100016D1FB6953BBFB6A1BB13A6A4946204605
:10B8200098474D4628465C37BD46BDE8F08F461C1C
:10B830003046FFF72EFD0130304409F10109DCE705
:10B84000237862687A62FA6A9900796104EB83016D
:10B85000002A40F000814D460E4601EB0A094FF0E8
:10B8600000084E454CD101EB0A0610E01BF0020F18
:10B87000D1D023789A007A6162687A62FA6A04EB1E
:10B880008301002A77D14D4601EB0A0690461BF052
:10B89000050F0CBF02230123FB62FB6906EB430A81
:10B8A0000BF00203BB625645BCD016F8021B16F81B
:10B8B000013C54F82390AF4B994502D3AE4B9945C8
:10B8C00036D3BB69002B40D0786A11F03EFA0028CD
:10B8D0003BD0E9468AB06A46A84B53617B6AC2E90D
:10B8E00006314FF400731384A54B42F8103FA5486E
:10B8F00000234FF4125100F033FD023DCD46D2E754
:10B9000016F8013BF96254F82300FFF7C2FCD7F8A0
:10B910008430F96A01304BB1D7F8883098453EBF82
:10B92000D7F8843023F8180008F10108054498E797
:10B93000BB6923B1786A11F008FA0028C9D11BF05D
:10B94000010F05D1FB6AED1AADE7BB6A002BAAD047
:10B950004846FFF79EFCD7F8843053B1D7F88830BB
:10B9600098453FBFD7F88420431C22F8183008F1CF
:10B970000108054497E7BAF1000F72D01BF00406E6
:10B9800072D0D046002607F1480052463B61B962AA
:10B9900015F011FFB96A3B6901EB0A02BA62FA6954
:10B9A000F9695200FA60BA6A02EB41023A610BF09F
:10B9B0000202BA603A69B96A8A4257D162787A62F9
:10B9C0001BF0020F32440CBF4FEA580100211BF05C
:10B9D000010FD2B240F09F801BF0040F14BF40460D
:10B9E0000020BB616270A070E1703A6A7969FB6AFD
:10B9F00020469847051EFFF615AFBB6923707B6A8A
:10BA00006370FB69E37041463A6AFB6A84F802A0FE
:10BA100007F148009847B0F10008C0F2B5807B6993
:10BA20003A6AA9EB0A01C91AFB68C91AD7E90A03DD
:10BA300098470028C0F2AA80A84408EB00054FF000
:10BA4000000B07F1380AB34567D300213A6AFB6A55
:10BA500008469847E6E656464FF0000807F13800DA
:10BA600093E75646D04697E7B04695E7BA6A12F88C
:10BA7000021BBA6212F8015C3E4A54F8250090425B
:10BA800002D33D4A90421ED3BA6932B1786A7B60D4
:10BA900011F05BF97B6800288CD1BA6802BB08F111
:10BAA000280207F1300C08F10100944407F1580214
:10BAB00052FA80F008F102080CF8101C5FFA88F8BE
:10BAC00000F8105C76E7BA693AB1786A7B6011F0E9
:10BAD0003CF97B6800287FF46DAF1BF0010F09D0A3
:10BAE00006F1280207F13000711C161806F8205CD8
:10BAF000CEB25FE71BF0040F3FF45CAF08F1280201
:10BB000007F1300008F1010102EB000808F8105CB1
:10BB10005FFA81F84EE7002063E71BF80A3087F8E8
:10BB2000373054F82390D7F88430FBB133F81B80BA
:10BB30003A6AFB6A012107F137009847002825DBA4
:10BB40000544B8F1000F06D14846FFF7A2FB00F10B
:10BB500001081FFA88F83A6AFB6A41464846984746
:10BB6000002813DB05440BF1010B6CE7D7F8848048
:10BB7000DEE700BF3C1803007C4E0300AE29030043
:10BB800004000001001C030045464BE6054649E65B
:10BB9000014B1860704700BF7809002080B505464A
:10BBA0000E46174698460DF0C9F8034615F03CFEC0
:10BBB000DFF81890044649F80030424630463946CE
:10BBC000A84754F8090001F05FFD00BF080000001D
:10BBD00008B50446EFF31183402383F31288BFF3C3
:10BBE0006F8F09F0D9FF204601F0F8FC024811F0F0
:10BBF000D5F812F0A9F8FCE7622A03002DE9F04716
:10BC0000058B04462807904611D4022905F0070544
:10BC100040F0CC80204611F039FB78B10138218BFF
:10BC2000042811D8DFE800F0C2106D8595000129C5
:10BC30000CBF45F0100545F02005258388F31188D9
:10BC4000BFF36F8FBDE8F08701F0070AAA4500F047
:10BC5000A5800027B9463E46A368002B00F0BC80B3
:10BC600041F00801218388F31188BFF36F8FA16829
:10BC7000002900F0BA800D68002900F0B680D1F8E4
:10BC80000480334652462046C047002D76D02B68AC
:10BC900029461D46F0E701F007035A1F012A1BD869
:10BCA000002221F00701062B276889B2C4E900228F
:10BCB00009D13B4603E0628B013262831B68002B93
:10BCC000F9D141F002012183204611F0DFFA00286A
:10BCD0007AD041F0200176E0042B0AD121F007014F
:10BCE00089B22183204611F0D1FA10B141F0200130
:10BCF0002183218B01F0070AAA454FD00027B946BE
:10BD0000AAE7236921F0070141F00601062DD3F8C7
:10BD1000009021832DD1B9F1000F3FD041F00801EF
:10BD2000218388F31188BFF36F8F3A492046C847B3
:10BD300029E021F00701236941F0040189B2042DB3
:10BD4000D3F804902183E6D000273E464FF0040A42
:10BD500082E721F00701236941F0050189B2052D31
:10BD6000D3F808902183D6D000273E464FF0050A2D
:10BD700072E700273E464FF0060A6DE72B4687E73D
:10BD8000B9F1000FD1D1EFF31188402383F312886A
:10BD9000BFF36F8F238B23F008032383258BEA06E1
:10BDA0002ED525F01003238305F007056669218B46
:10BDB000002EBFF670AF00232768C4E9003321F0DE
:10BDC000070141F001012183218B01F0070AAA45F7
:10BDD0004FF000097FF440AF002F9CD041F00801E4
:10BDE000218388F31188BFF36F8F002FC8D03D687F
:10BDF000394633465246204611F074FA2F46F4E78E
:10BE0000AB067FF51BAF25F02003238305F0070564
:10BE100000E700BF11D302002DE9F047DFF858809A
:10BE2000044607464FF0010914B93846BDE8F087CB
:10BE300094FAA4F5B5FA85F509FA05F32E0108EB95
:10BE400005156FEA030A24EA03042B7B002BEBD0D1
:10BE500058F806301B694BB94644042273682846DB
:10BE6000196807EA0A0700F067FADDE728469847ED
:10BE70000028D9D1F0E700BF881C030030B5104975
:10BE8000104889B0002215F0A0FB0F4D0F49002289
:10BE90000023CDE9062300240E23CDE90334CDE9A8
:10BEA00001440B4B00944FF4806228460CF078FC60
:10BEB0000849284615F0F8F9204609B030BD00BF02
:10BEC000D9BE010010200020881B0020C04B00209C
:10BED000DDC101008B2A030001480CF087B900BFC7
:10BEE000E40C00202DE9F04780461F480F4611F072
:10BEF000C8FA0646002830D000252846BDE8F0875D
:10BF0000237B6BB12368DB680BB12046984723681D
:10BF10001B69D3B9636804221968204600F00CFA43
:10BF2000013610344C45EBD3B8F1000FE5D0002DAD
:10BF3000E2D02846FFF770FF0546002FF7D000211A
:10BF40004FF4A4700CF0DCFEF1E72046984700287F
:10BF5000E0D00AFA06F31D43E2E7044CDFF8109044
:10BF600005464FF0010ADDE740320020881C03003F
:10BF7000981C0300014B53F8200070474C1F03002E
:10BF800008B5034608462BB1044A136000F07EFC56
:10BF9000002008BD6FF01500FBE700BF7C09002002
:10BFA00010B5044C237813B903480CF01FF9012392
:10BFB000237010BDB8480020E40C002010B50446E2
:10BFC0000B4811F05EFA5CB1BFF35B8F094B53E88D
:10BFD000001F013943E80012002AF8D1BFF35B8F3C
:10BFE000054815F0FEFA0548BDE810400CF0FEB813
:10BFF000383200203C32002010200020E40C0020C9
:10C000000020064BBFF35B8F014653E8000F43E867
:10C010000012002AF9D1BFF35B8F7047383200203D
:10C0200070B5FFF7EDFF084C084E0546B44200D34B
:10C0300070BD63685B792BB123685B6813B12946D7
:10C04000204698471034F1E7881C0300981C030031
:10C0500010B5044C0449204610F0B4FF034B1C609B
:10C0600010BD00BFD40B0020381F03003032002069
:10C07000084A094808B500231370084A1360084AA3
:10C080004FF400411360FFF77BFFBDE80840FFF766
:10C09000DFBF00BFB94800207FD402003832002043
:10C0A0003C320020014600220148002310F0ABBFC3
:10C0B000D40B0020014811F041B800BFD40B002080
:10C0C000024B0146186811F08DB800BF30320020D5
:10C0D000014811F0C2B800BFD40B002070B5284B46
:10C0E000187800284BD0FFF7E5FF054690B1BFF365
:10C0F0005B8F244B53E8001F013943E80012002AEC
:10C10000F8D1BFF35B8F204C204EB4422DD328468C
:10C11000FFF7D6FF1E4B1F4C1B68002B19DD15F0D7
:10C120000DFA4FF47A72A0FB020302FB0131C30B3C
:10C13000D4E9002043EA41439B1A4FEAD13140F24F
:10C14000E93261EB0001934271F1000101D3FFF785
:10C1500067FFD4E9003213F57A7342F10002C4E9B3
:10C160000032BDE87040FFF7B3BF63685B7923B16D
:10C17000236829461B68204698471034C5E770BDE0
:10C18000B84800203C320020881C0300981C0300A3
:10C19000383200200820002070B50D4D297861B993
:10C1A0000120FFF79FFE0B4C0B4EB44206D3FFF766
:10C1B00095FF0028FBD101232B7070BD63685B796C
:10C1C0001BB1236820469B6898471034EDE700BFF9
:10C1D000B9480020881C0300981C030000212DE9A9
:10C1E000F0470846FFF77EFE044658B340F2676802
:10C1F0004FF0000915F018FB1B4B1C4A1B5813602D
:10C2000033B11B4B1B68092B02DD1A480BF0EEFF04
:10C21000194FDFF860A0002544B12046FFF7FCFD70
:10C22000044618B94FF0FF384FF0FF39FFF756FFBB
:10C23000064628B9B5B942464B4650460BF0FAFFC0
:10C240003546E9E74FF0FF384FF0FF39D2E72B686A
:10C250009B691BB100221146284698471035BD4204
:10C26000F5D3E8E7054DFAE7080000003432002076
:10C270003C320020E40C0020981C0300881C0300C2
:10C2800013B5184811F0FDF8174B1B7873B1EFF395
:10C290001184402383F31288BFF36F8FFFF71EFFD3
:10C2A00084F31188BFF36F8F02B010BD0F4B1B6872
:10C2B000002BF9D050B900220023CDE900230C480F
:10C2C0004FF4004200230CF0A1FFEDE70928EBD169
:10C2D000074815F086F9074802B0BDE810400BF09A
:10C2E00085BF00BF3C320020B94800203432002016
:10C2F00010200020E40C002010B5064B1B680446FB
:10C3000098472146A060044810F0F9FEBDE81040AF
:10C31000FFF7B6BF7C090020D40B0020044A054B70
:10C320009B1AB1EBD30F34BF52F831000020704795
:10C33000881B0300881C0300084BC31A10B41B1190
:10C3400044680133237143689A71436819604368F4
:10C3500001225A7110BCFFF723BE00BF881C0300E6
:10C360002DE9F04F8FB004AFC1F34A28B8600D46F5
:10C3700091467B600C0DB8F1000F63D0002607F1E9
:10C3800014034FF0040B4FF00A0AC7F80C80C7E9FA
:10C3900007667E620193CDF808B0CDF800A007F1E2
:10C3A0001C03F96832464846FFF712FAB0F5006FF1
:10C3B00003461CD36C468AB0D9F8041004AB264857
:10C3C000C3E9050140F2FF71D9611A464FF40071CB
:10C3D0001984224B42F8103F214833464FF4125142
:10C3E000FFF7BEFFA5462C37BD46BDE8F08FC0F372
:10C3F0000A0804F11700184420F0070080083B6089
:10C40000FFF750FE68F35325044690B13B68154A88
:10C41000C7E9083600F1100107F11403F961CDE90D
:10C4200000A3CDF808B0F96807F11C034846FFF7F0
:10C43000CFF968F353257B68B9682A46204611F086
:10C4400056F8D0E704F1170020F007008008FFF746
:10C4500029FE0446EDE700BFA02A03000400000106
:10C46000281C0300C3D402002DE9F04F87B0DDE99A
:10C470001279DDE9105A0446039193469846BFB1FC
:10C48000CDF800903B46524610210020CDF8149084
:10C49000FEF7CCFFB0F5006F06460AD3184A1948DC
:10C4A00040F2FF73022107B0BDE8F04F11F078B8F9
:10C4B0003E4605F11700304420F0070004F0070461
:10C4C0008008FFF7EFFD0BF0070BE40044EA8B1444
:10C4D00044EA462444EA0554054640B13FB1CDF84C
:10C4E00000903B46524631461030FEF79FFF0399BD
:10C4F00043462246284607B0BDE8F04F10F0F7BF8C
:10C50000DF2A0300281C0300406820B1034BC01A37
:10C5100040F3CF0070474FF0FF307047881B030097
:10C520000EB403B503AB014653F8042B0448019342
:10C5300001F08CFB02B05DF804EB03B0704700BF64
:10C5400003D60200CA0605D48B064CBF0249034934
:10C55000FFF7E6BF704700BFC12B0300C02B0300ED
:10C560002DE9F04F89B09B46149B06939DF84CA093
:10C57000159B0593169B179E049304460D46904603
:10C58000BAF1000F00F09D8006F48073079310F05D
:10C5900096FF06F00209024600283ED09149204647
:10C5A000FFF7BEFF0746B9F1000F08D016F0440FA1
:10C5B00035D18D492A462046FFF7B2FF074406F0E1
:10C5C000010353B1894B8A4953F82A20894B2046ED
:10C5D000002A08BF1A46FFF7A3FF06F48073002B5A
:10C5E00049D006F00803002B63D1B8F1000F66D0E4
:10C5F000814942462046FFF793FF0546069B3D448E
:10C60000002B6DD1049B002B73D1F30700F1E48064
:10C6100031462046FFF796FFD8E00746C3E7774B41
:10C6200018680028CAD0764B4FF47A791B68B5FB9E
:10C63000F3F54FF46161B5FBF0F300FB135509FB13
:10C6400005F54FF03C0CB3FBF1F201FB1231B5FBE9
:10C65000F0FEB1FBFCF300FB1E550CFB131109FBB4
:10C6600005F50091B5FBF0F56649CDE901E52046F9
:10C67000FFF756FFA2E706F00803EBB1624B6349F0
:10C6800053F82A202046FFF74BFF0546B8F1000F6C
:10C6900005D0594942462046FFF742FF0544BBF109
:10C6A000000FABD05A495A462046FFF739FF0544E0
:10C6B000A4E74FF0000BE1E706F00805E6E7454682
:10C6C0009CE7BBF1010F069B06D1002B64D1049BB4
:10C6D000002B7BD000250CE0002BF8D04D485CE00F
:10C6E0004D48069B4D49224610F0FEFA049B002B54
:10C6F00068D0DFF82C81DFF82C91049F3146102F91
:10C70000204628BF1027FFF71DFF4FF0000B5D45A7
:10C7100045DC059B49461A782046FFF701FF4FF09C
:10C72000010B1BF0070F03D141462046FFF7F8FE2F
:10C730005F453BD9059B494613F80B202046FFF780
:10C74000EFFE0BF1010BBBF1100FEAD13649204689
:10C750004FF0000BFFF7E4FE5A46059B9A5CA2F1EE
:10C7600020015F2928BF2E2230492046FFF7D8FE3E
:10C770000BF1010BBBF1100F1DD01BF0070F03D104
:10C7800041462046FFF7CCFE5F455A46E5D8414674
:10C790002046FFF7C5FEEBE71F485546A1E7414697
:10C7A0002046FFF7BDFE0BF1010BB0E72049204604
:10C7B000FFF7B6FEC5E7059B3B440593049BDB1BD7
:10C7C00004939AD1BAF1000F7FF41FAF204609B04D
:10C7D000BDE8F04F10F008BF064A05492046FFF7B4
:10C7E0009FFE15E71C2B0300202B03005C1F03009A
:10C7F000D13A0300172B0300452B030048320020D9
:10C8000044320020292B0300701F0300492B030032
:10C810004F2B030039D6020003D602004DDC010085
:10C820005C2B0300542B03005E2B0300602B0300E2
:10C830005A2B030073B542F20F738B4228BF0B468D
:10C8400005680F4A0446052168460FF017FD636826
:10C850000C495B6806460B22284610F0B7FE636859
:10C860003246694628465B6810F0B0FE63680649A8
:10C870005B681B22284610F0A9FE02B070BD00BF05
:10C88000F04B03007F2B0300632B0300074A0021BA
:10C890000123904206D8064A01B901231360054BD3
:10C8A0001860704740085B000121F2E740420F002A
:10C8B0004432002048320020034B01221A70034BFF
:10C8C000034A1A60704700BFBA4800206C3200204B
:10C8D000BD480020014B00201960704760320020E5
:10C8E0000148FFF7A7BF00BFA01F030010B5064B0C
:10C8F00018680C46FFF73EFB21460346BDE8104092
:10C9000002480F22184700BF60320020A01F03001A
:10C91000F8B5094D094B0A4ED5E9004701221A70B6
:10C920000CB92C60F8BD214630463A4600F01EF89E
:10C93000241A0644F4E700BF54320020BB4800200C
:10C94000BC48002010B9074B18707047064B1B7885
:10C950001BB142F2107014F0CDB94FF4A470002155
:10C960000CF0CEB9BA480020BB4800202DE9F74FA3
:10C97000DFF8749199F8003080460C4643B95B4F5C
:10C98000834608EB04039B453BD324EAE47015E09F
:10C99000574F012599F800609EB90BF0FFF830461B
:10C9A000224641460BF068F806460BF001F9EEB15D
:10C9B00001233B7099F800307BB9204603B0BDE8F5
:10C9C000F08F2246414600200BF056F80646EEE76F
:10C9D0002846FFF7B7FF6E1E354600200BF0D4F84F
:10C9E0000028EAD03B78002BF2D1E6E73B78002B19
:10C9F000E3D0013D2846FFF7A5FF3B78002BC9D1C6
:10CA0000DBE71BF8012B3B680A2A65D1394DDFF8BB
:10CA1000E8A05A1B012A04BF01333B60D7F80090FD
:10CA20000D2309F8013C0A2389F80030DAF80030B8
:10CA3000019309F10102002B3A6028DD2F4B1968A0
:10CA400029BB019E2B49632EA2EB050201F11700C1
:10CA5000A8BF632614F0BDFE294A2649274B02F1E0
:10CA6000140052F804CB41F804CB8242F9D110886B
:10CA700092788A7009F1180208803A6001221A60DF
:10CA8000019B092B16DC202330366B752E750BF0BD
:10CA900085F83A681749521B00200AF0EDFF064658
:10CAA0000BF086F896B9DAF800300133CAF8003096
:10CAB0003D6066E70A22B6FBF2F302FB13663033F1
:10CAC00030362B753E236E75EB74E0E70B4A00237E
:10CAD000CAF800301360EBE70A498B423EBF591C8D
:10CAE00039601A704DE700BFBB4800206C3200204F
:10CAF000BA480020BD48002068320020643200207F
:10CB0000AB2B03003C490020014B03600020704721
:10CB1000B01F030070B5114B1C680D46DCB1104B03
:10CB2000196800238B4202DB6FF0010070BD2246C2
:10CB300012F8106B864202D001331446F2E7E06827
:10CB400010B96FF01200F1E714F0D9F80028F8D00E
:10CB50002C600020EAE76FF00C00E7E78009002076
:10CB6000B01F0300F7B58368044663B3026AB3FBE2
:10CB7000F2F502FB1535D0E904763DB1006894F872
:10CB80002410551B2A46184414F03DFEA368E068A3
:10CB900022683E442B4481684D683146A8470546CB
:10CBA00048B11A4A009603460121194810F002FDC7
:10CBB000284603B0F0BDE3695BB92369A26813445A
:10CBC00023610023A3600025F2E7535DDB43535547
:10CBD0000135A36822689D42F7D3E06881680D683B
:10CBE0003146A847054630B10A4A034608480121A4
:10CBF00010F0D6FCDCE7E369A1682068324698476C
:10CC000005460028D9D0044A0346EFE7D32B03009A
:10CC1000881B0300F72B03000D2C030010B50446FE
:10CC2000034A0448012110F0B2FC0020606010BDEE
:10CC3000212C0300881B03002DE9F3470D46DDE995
:10CC40000A7891461E460446A8B1A1B19AB1009354
:10CC5000002301938B680846DB6898470268B6FB9F
:10CC6000F2F302FB1363824622624BB1194A1A485F
:10CC7000012110F08CFC6FF00D0002B0BDE8F087D0
:10CC80006A461649284613F0DFF8019A002AF2D0C6
:10CC900007EB08039A4205D3216AB7FBF1F301FBC6
:10CCA00013730BB10E4AE2E7C4E90096E560236115
:10CCB000A3606761B8F1000F01D1A2EB07080C9BDC
:10CCC000C4F81880E3619AF8053084F82430002015
:10CCD000D3E700BF412C0300881B03008BD7020061
:10CCE000782C030008B54FF01022D2F8100210F48F
:10CCF0007F4018D00C4B0121C3F80415BFF34F8FB0
:10CD0000BFF36F8F6FF47F41C2F81012D3F8002485
:10CD1000002AFBD00020C3F80405BFF34F8FBFF3F8
:10CD20006F8FFEF755FF08BD00E0014008B50548CC
:10CD300010F034F8044810F031F8BDE8084003481A
:10CD400010F02CB89F2C0300D92C03000C2D0300ED
:10CD50000449431E0F3013F8012F8A5C1A70834276
:10CD6000F9D170473A2D0300F0B5264E07460C4620
:10CD70000FCE8DB001AD0FC50FCE0FC596E80700E1
:10CD800085E807003846002F38D0002C38D0381FEF
:10CD90002146024610344B780D781B0443EA0563A4
:10CDA000CD782B438D78043143EA05238C4242F839
:10CDB000043FF0D1144C04218A07036916D1C3F350
:10CDC0000742A55C1A0EA25C42EA0562C3F307257E
:10CDD000DBB2655DE35C42EA054242EA032221F0F0
:10CDE000030330336B4453F82C3C534050F8042F6A
:10CDF000013153402C290361DED101200DB0F0BD7B
:10CE00002046FBE7C41C03003A2D030001480CF048
:10CE100033BE00BF1420030038B5044618B90F4BC9
:10CE20000F485B6898476168B1F5683F10D0B1F56D
:10CE3000680F0DD00B4DA9420AD011F4686120682B
:10CE400007D00146084814F017F8002323606560F6
:10CE500038BD142214F0D7FCF9E700BF400B0020C6
:10CE60003A2E03002C5F5CA97037002008B520B370
:10CE70004368B3F5683F10D101220368BFF35B8FAD
:10CE800053E8001F002903D143E800200028F7D110
:10CE9000BFF35B8F0DD1002008BD094A93420AD031
:10CEA00000684FF0FF324FF0FF330BF0B9F8002865
:10CEB000F1D00448F0E70448EEE76FF4E040EBE718
:10CEC0002C5F5CA9E98FFFFFEA8FFFFF08B5D8B19F
:10CED0004368B3F5683F10D100220368BFF35B8F4E
:10CEE00053E8001F012903D143E800200028F7D1AF
:10CEF000BFF35B8F0BD1002008BD074A934208D0D7
:10CF000000680BF005F9F6E76FF4E040F4E703483A
:10CF1000F2E70348F0E700BF2C5F5CA9E98FFFFF51
:10CF2000EA8FFFFF10B5044618B91D4B1D485B681A
:10CF300098476368B3F5683F2FD0B3F5680F2CD0DE
:10CF4000194A934219D1236803BB18484FF0FF32A6
:10CF50004FF0FF3321460BF035F808B923681BB9B1
:10CF60000F4B13485B68984720681422002114F087
:10CF70004AFC4FF46863636008E0B3F5683F0DD87E
:10CF80003A2B03D040F6BA629342DED1206813F008
:10CF9000ABFF636843F03A03636010BD054AF3E7F3
:10CFA000400B00203A2E03002C5F5CA97037002054
:10CFB000602E03003A00003A08B5064906484023AF
:10CFC000142213F04BFFBDE80840044904480CF05C
:10CFD00017BE00BF70320020703700201C200300F5
:10CFE000302003002DE9F047064600AF0C4600292B
:10CFF00036D0E9468AB0D1E90012A3686D462148CF
:10D00000A8464FF0050AC5E90501C5E9072348F818
:10D0100010AF1D48424600234FF42151FFF7A0F9FD
:10D02000CD46D4E903126369AD461848C5F810A08F
:10D03000C5E90501C5E907231348002342464FF41B
:10D040002151FFF78DF9CD46E369114A0E480121C0
:10D0500010F0A6FAA3690F4A0B48012110F0A0FABC
:10D06000012E07D1EFF305830B4A0748103B3146E9
:10D0700010F096FA214630460AF0E0FDBD46BDE8C4
:10D08000F08700BF8D2E0300781C0300BC2E030028
:10D09000EB2E0300FA2E0300282F030030BFFFF70A
:10D0A000FDBF00BF2DE9F0410B4EDFF8308006EBED
:10D0B0000807CC1B054632460949204614F07BFB85
:10D0C000A01942460021083C14F09DFB6C6707F153
:10D0D0000800BDE8F08100BF00000000040000006F
:10D0E000A41C0300074A936893F90E10002907DB7C
:10D0F000526993421FBF044A536843F08053536000
:10D10000704700BF9C3D002000ED00E070B5294C49
:10D1100006460D462848294910F007FEA36AD9049F
:10D120003CD52548264910F000FE1720A36A1A05B1
:10D1300004D52148234910F0F8FD18201D4CA36A9E
:10D140009B0512D51C48204910F0EFFDA36BA26A85
:10D15000100409D51D4A1848012110F021FA1EB10A
:10D16000A36A23F40043A3621920124CA36A590551
:10D1700004D51148164910F0D8FD1A20A36ADA0523
:10D180000ED50D48134910F0D0FD1B20094A936AB3
:10D1900043F47F43936200232B7070BD1620C5E7D4
:10D1A000A36A9B04F2D504480B4910F0BEFD1C2075
:10D1B000ECE700BF00ED00E0781C03003B2F03000C
:10D1C000512F0300622F0300752F03008E2F0300E1
:10D1D000A32F0300BE2F0300D62F030010B5204C51
:10D1E0002049214810F0A1FDA36A990136D51E48B7
:10D1F0001E4910F09AFD1E20A36ADA0104D51A48D0
:10D200001B4910F092FD1F20154CA36A1B0304D587
:10D210001548184910F089FD2120A36A590304D547
:10D220001148154910F081FD22200D4CA36A9A0384
:10D2300004D50D48114910F078FD2320A36ADB03C3
:10D2400004D509480E4910F070FD2420044A936A61
:10D250006FEA03436FEA1343936210BD1D20CBE7CF
:10D2600000ED00E005300300781C03001D300300D2
:10D27000303003004A300300683003008D30030073
:10D28000A73003002DE9F843364D804689463648DD
:10D290003649174610F049FDAB6ADE0627D53449FA
:10D2A000314810F042FD1124AB6A1D0704D5314905
:10D2B0002D4810F03AFD12242A4DAB6A980718D574
:10D2C0002D49294810F031FD6E6BAB6A190646D521
:10D2D0002A4A25483346012110F062F9B9F1000FBE
:10D2E00003D0AB6A23F08003AB62132403E0102465
:10D2F000DAE76FF015061B4DAB6ADA0704D5204953
:10D30000194810F012FD1424AB6A9B0604D51D4980
:10D31000154810F00AFD1524124B9A6AD50602D45E
:10D320009A6A90070AD55B68190507D541463046C9
:10D3300000F0A8FA10B180F309880224094B9A6A18
:10D34000920642BF5A6A22F400525A629A6A42F026
:10D35000FF029A6200233B702046BDE8F8836FF01D
:10D360001506C2E700ED00E0781C0300D230030090
:10D37000E8300300622F03001B3103003331030048
:10D3800049310300D62F03002DE9F041664B8AB0E6
:10D39000D3F8048000AF0446C8F30805002686F3DE
:10D3A0001188BFF36F8F02F07F43B3F17F4F07D136
:10D3B00002F00C03082B12D15C495D4810F0B5FC5B
:10D3C000002634460023FB71EB1E092B00F28A80F5
:10D3D000DFE803F00A80837D8888888888861007C4
:10D3E0004CBF0C460126EDE7524951484E4D10F016
:10D3F0009CFC0023FB71EB6A9A0705D54E494C480B
:10D4000010F093FC002333E0EB6A002B01DA4B4968
:10D41000F5E7EB6A5B00F5D54949454810F085FC16
:10D420006B69A26943F480736B61BFF34F8FBFF3E5
:10D430006F8F6B6932F8022C23F480736B61BFF33A
:10D440004F8FBFF36F8F4DF602739A4209D0AB6ACC
:10D45000DBB27BB3FA1D01212046FFF713FF034621
:10D4600006E02368374A3248012110F099F8236812
:10D47000FA79DAB907F1080504F1200C206861682F
:10D480002A4603C2083464451546F7D17A6A002E4D
:10D4900044D0C2F3080121B96FEA52226FEA422256
:10D4A0007A6207F108011846FFF79CFD2837BD4650
:10D4B000BDE8F081AB6A13F47F4F04D0F91D012061
:10D4C000FFF724FECBE7AB6AB3F5803F9AD3FFF7B3
:10D4D00085FEC4E7FA1D0021BEE7F91D0020EFE735
:10D4E00019498CE7194A1A4B18F4F87FE8468AB0B4
:10D4F00018BF13466A461749C2E905134FF4007373
:10D500001384103D144BD56142F8103F08480023A6
:10D510004FF41151FEF724FFC54673E722F4FF7262
:10D5200022F00102BCE700BF00ED00E096310300ED
:10D53000781C0300C1310300D8310300F931030026
:10D540000732030026320300423203007D3103001C
:10D55000683103006632030004000001044B5A697D
:10D5600042F010025A615A6922F008025A6170476B
:10D5700000ED00E0EFF30880EFF3098101B572469A
:10D58000FFF702FF01BD00BF002080F31488BFF346
:10D590006F8F09F0F5FC00200D490860BFF34F8F35
:10D5A0000C4880F3088800F03DF8402080F3118893
:10D5B00009484FF40461401880F30988EFF31480A0
:10D5C0000221084380F31488BFF36F8F00F022F923
:10D5D00094ED00E0007E0020406E0020BFF34F8FEE
:10D5E0000549064BCA6802F4E0621343CB60BFF3FF
:10D5F0004F8F00BFFDE700BF00ED00E00400FA051B
:10D600000749D1F890200023C2F30722184693421D
:10D6100000DB7047C1F89830C1F8A0000133F6E78D
:10D6200000ED00E008B572B6002383F31388FFF71E
:10D63000E7FF144B4FF0FF32C3F88020C3F884207B
:10D64000C3F88820C3F88C20C3F89020C3F8942036
:10D65000C3F89820C3F89C20C3F88021C3F8842124
:10D66000C3F88821C3F88C21C3F89021C3F8942112
:10D67000C3F89821C3F89C2162B6BFF34F8FBFF364
:10D680006F8F08BD00E100E0084B9B6883420BD11F
:10D69000EFF3058343B1064B5A6842F080525A605B
:10D6A0005A6A22F400425A6213F0EBBE9C3D0020FD
:10D6B00000ED00E0094A93686FF00A01D967084954
:10D6C00098674B6843F080534B60002383F31188C5
:10D6D000BFF36F8F9368D86F704700BF9C3D0020E9
:10D6E00000ED00E010B50446EFF31183402383F30F
:10D6F0001288BFF36F8F0A4B58699860094B4FF03F
:10D7000000625A60084B426F1A600022836F826782
:10D7100083F31188BFF36F8F00F01CF9204610BD12
:10D720009C3D002000ED00E08C3700200B498A680A
:10D730004FF030001044EFF3098C80E8F01F74467E
:10D740007046FFF7CFFFA64604498A6802F1300011
:10D7500090E8F01F8CF30988704700009C3D002082
:10D760001EF0040F0CBFEFF30880EFF3098081690E
:10D7700011F8021C0229FFD001B510F0CBFA01BD4F
:10D7800040B2002807DB044A4109012300F01F00D2
:10D79000834042F82130704700E100E040B20028A9
:10D7A0000CDB4309064900F01F00203301228240B0
:10D7B00041F82320BFF34F8FBFF36F8F704700BF37
:10D7C00000E100E0054B420900F01F0053F8222061
:10D7D000012303FA00F01040704700BF00E100E0B1
:10D7E00040B2D30754BF023100210028ACBF00F182
:10D7F0006040074A4FEA4113ACBF00F5614000F0BA
:10D800000F00DBB2B4BF135480F80033704700BF81
:10D8100014ED00E00B4A08B50B4B22F07F029A6032
:10D82000BFF34F8FBFF36F8FD3F8882022F47002BD
:10D83000C3F888200AF0EEFA0BF01EFB00F060F847
:10D840000AF02CFB00C2000000ED00E042F8203C92
:10D85000009B42F81C3C0A49019B42F8183C029B81
:10D8600042F8143C21F001014FF0807342F8043C6F
:10D8700042F8081C0023203A02658367704700BF06
:10D880009DBB0100094A0346906870B113F1160F61
:10D89000406E05D0A0F140029A4205D8834203D2DF
:10D8A000814228BF00207047002070479C3D002027
:10D8B00008B515460B4A0C4B9060426F1A600E4635
:10D8C00000F048F82C4686F309884FF00000074B1B
:10D8D000984720464FF000014FF000024FF0000340
:10D8E000034C20479C3D00208C3700203BDD02008C
:10D8F0009DBB0100014B10221A61704700ED00E052
:10D90000044800234021C2180133302B82F8001351
:10D91000F9D1704700E100E008B5EFF30583064A4E
:10D92000103B02EBC30152F8330049688847BDE859
:10D930000840FFF7D7BB00BFB4190300024B034AEE
:10D940000348012100F08AB80000042000000020F4
:10D9500040200300426E054B403A1A60044A4021C1
:10D96000C3E901121846012100F082B89037002067
:10D9700000000B1508B503461048D0F89020C2F3FC
:10D980000722013A934207D90D480E4A01210FF0B0
:10D9900007FE6FF0150008BDC0F898300A6822F045
:10D9A0001F021A4342F01002C0F89C208A6842F01D
:10D9B0000102C0F8A0201846EDE700BF00ED00E02E
:10D9C000601C03007D320300F0B50E4685B01F4693
:10D9D00004460025B5420DDA606810B397B1431EC6
:10D9E00018420AD0104A11482B4601210FF0D8FDE9
:10D9F0006FF01502104605B0F0BD1F28F2D921685E
:10DA00000B42EFD12368019310F0BAF9A36801A982
:10DA10000343D0B20393FFF7ADFF10F1160FE7D029
:10DA2000421C01350C34D5E7A3320300601C03000F
:10DA3000044B0522C3F89420BFF34F8FBFF36F8FC1
:10DA4000704700BF00ED00E0BFF35F8F024B002284
:10DA5000C3F89420704700BF00ED00E010B5034C00
:10DA600001232278FFF7B0FF207010BD5449002039
:10DA700008B50B4A00231278FFF7A6FF10F1160F26
:10DA800007D0084A0021D2F89030C3F30723984208
:10DA900000DB08BDC2F89800C2F8A0100130F2E720
:10DAA0005449002000ED00E02DE9F0435748584963
:10DAB000D0F890300D68C3F307239D4285B000F283
:10DAC000A180FFF7C1FF49680022954201F10C01D6
:10DAD0001AD1504C504F25706846FFF715F8DFF803
:10DAE0003C81DFF83C9106460025AE421FD12378E9
:10DAF00046490020D1F89020C2F3072293427BDBF5
:10DB0000FFF796FF00204CE0C0F8982051F80C3C3D
:10DB100023F01F03134343F01003C0F89C3051F867
:10DB2000043C43F00103C0F8A0300132CDE7009877
:10DB300000EB05114FEA051CCB683B40B3F5000F25
:10DB400044D00AD8B3F5001F2ED0B3F5800F34D0DF
:10DB5000B3F5801F10D00135C7E7B3F1807F3ED009
:10DB6000B3F1007FF7D150F80C3088684A6810F0A4
:10DB700007F940F4802009E050F80C3088684A68C2
:10DB800010F0FEF840F0885040F43020039001A9D6
:10DB90002078CDE90123FFF7EDFE002828DA6FF0A9
:10DBA000150005B0BDE8F08350F80C3088684A686D
:10DBB00010F0E6F840EA0800E8E750F80C30886812
:10DBC0004A6810F0DDF840EA0900DFE750F80C3051
:10DBD00088684A6810F0D4F840F08270D6E750F8B0
:10DBE0000C3088684A6810F0CBF840F08870CDE7B8
:10DBF000237801332370AEE7C1F89830C1F8A00054
:10DC0000013377E74FF0FF30CBE700BF00ED00E0D6
:10DC10004C200300544900200000F0FF00000811D0
:10DC20000000020208B5024B1B689847002008BD9F
:10DC30009C370020034B044A1860937843F002039A
:10DC4000937070479C370020A4090020F0B587B07E
:10DC500007460E4614460021102268461D4613F062
:10DC6000D2FD02238DF802302A46054B019321464E
:10DC70006846CDE904760EF02DFB07B0F0BD00BF7D
:10DC8000A1DD020008B50649064821F00701C1F1EF
:10DC9000005202F580220EF0CFFF002008BD00BF29
:10DCA0003BBE0020A037002070B54169867A0B4D3D
:10DCB000044659B1437ADB0706D42C2303FB0653F1
:10DCC0005B6A1B689B689847002363612C20214690
:10DCD00006FB0050BDE8704013F095B92C0D0020F4
:10DCE000024B2C2202FB0030704700BF2C0D00209D
:10DCF000827A064B2C2101FB02339A6A1B7F1B336D
:10DD0000801A23F00303B0FBF3F070472C0D0020C2
:10DD100038B5074B827A2C2404FB02335B6AD3E9C3
:10DD200001240C601568FFF7E3FF04FB005038BDC9
:10DD30002C0D00202DE9F04F85B005466846039173
:10DD400091461C4690469A4613F0FAFBDDE90067BF
:10DD5000EFF3118B402383F31288BFF36F8F698B2E
:10DD6000002942D02B8B8B4226D900220023284643
:10DD70000AF00AFA0446F8B18BF31188BFF36F8FEB
:10DD8000039B002B4FD032463B46684613F0FCFB0A
:10DD9000A27A2D4B2C2101FB023320465B6A1B68C3
:10DDA00003A91D68DDE90023A847606100283BD175
:10DDB0002046FFF779FF31E0698B4B1E6B838BF3B5
:10DDC0001188BFF36F8F2B7F2A8BAC6A1B3323F034
:10DDD0000303521A02FB03441B4B1C4AEB1A9B1011
:10DDE0005343A3722B7FE372CAE78BF31188BFF30F
:10DDF0006F8F54EA090409D013F016FD144A154B2D
:10DE000012589A420ABF8846C846C24642465346FE
:10DE100028460AF0B9F904460028B1D1002420466A
:10DE200005B0BDE8F08F6361012300252381039BCA
:10DE30006382E27A6560294604F1180013F0E3FC7E
:10DE400063692582E360EAE72C0D0020A38B2EBADC
:10DE500008000000F030002070B50C4C2C2500B9F3
:10DE600070BD037A4668013BDBB20372002BF7D129
:10DE7000C3604360837A05FB03431B6A13B1984771
:10DE80003046ECE7FFF710FFFAE700BF2C0D00204B
:10DE9000044A0123C2F840354FF080420020C2F806
:10DEA0007835704700E0014020B1034B800143F01A
:10DEB00001031847704700BF201F030038B5064C08
:10DEC000064DAC4201D3002038BD54F8043B002B72
:10DED000F7D09847F5E700BF981C0300A41C030087
:10DEE000084B0246186808B1036800B970474189B9
:10DEF0009142FBD01BB1196818460B46F5E719464D
:10DF0000FAE700BFAC3700200A4B1B681BB11A6848
:10DF10001BB9184670471A46FAE75989814206D05C
:10DF20001AB1116813460A46F2E71146FAE7D868B3
:10DF3000704700BFAC37002000230360044B5A68D1
:10DF400012B9C3E90000704710605860704700BF05
:10DF5000AC3700202DE9F04F00238BB0CDE906331C
:10DF600004460D4601F10C0A2B8A3BB999462168FB
:10DF7000284610F02AF92168002080E0072B40F2A3
:10DF80000381EA681068516806AB03C3BDF81A3014
:10DF90005BBA1FFA83FBADF81A30BDF81C305BBAD0
:10DFA0009AB208215046ADF81C3005920FF088FF58
:10DFB0002B8A5B45C0F0EE809DF8188018F00509AB
:10DFC00040F0ED802168284610F0EBF80646002866
:10DFD00000F0E880606840F8045B2B8ACDE9019985
:10DFE00001220092EA68042112F093FDA0683146F4
:10DFF0000FF0B9FF9DF81830A768C3F3C103012BD8
:10E00000C7F84C9000F2C3800598FFF769FF00281D
:10E0100000F093809DF81F100FF076FF002800F0AD
:10E020008C809DF8183013F007032ED0022B47D0B8
:10E030004FF00309A06831460FF095FFD4F808802F
:10E0400008F104070221384612F023FE00287AD096
:10E0500056490222384612F001FE002873D0494684
:10E06000384612F0DFFD022100286ED1384612F04A
:10E0700018FE2168284610F0A8F82168304610F0F4
:10E08000A4F848460BB0BDE8F08FD0F80090A06827
:10E09000B9F1000F51D00F21043012F0FAFD002821
:10E0A0004ED02046C8478146A0680F21043012F0A8
:10E0B000F8FD40B9B9F1000F08BF4FF00709B9E703
:10E0C000D0F80490E3E7B9F1000FB3D1B7F84E9060
:10E0D000B9F1000F12D018F0180F0FD1B7F84C009B
:10E0E000FFF712FF034610B94FF00109A2E74846B7
:10E0F00098478146B0B1002E4ED09BE7D7E9008704
:10E10000D8F80C30FF1A08A9A7F1080206A80FF0EA
:10E110000BFFA8F81070A3681B68DA680B4603CBE6
:10E1200010605160236830469B6A9847814698BBCF
:10E13000594650460FF0C4FE16E74FF0080979E73C
:10E140004FF0070976E7022190E7384612F0A9FD63
:10E1500000288ED0D8E900A7DAF80C30FF1A08A9F9
:10E16000A7F1080206A80FF0DFFEAAF81070A36856
:10E170001B68DA680B4603CB106051602368304699
:10E180009B6A9847002674E74FF00909EFE64FF0C5
:10E190000D094FE74FF009092E4600254AE74FF0D9
:10E1A0000809F9E74FF00209F6E700BFF032030073
:10E1B00070B504460E4615468AB3A0F84810A0F87C
:10E1C0004A201849032212F049FD18B9002000F036
:10E1D000010070BD0221204612F05BFD0028F5D041
:10E1E00011490522204612F039FD0028EED03146B3
:10E1F000204612F021FD0028E8D00C4902222046DA
:10E2000012F02CFD0028E1D02946204612F014FD22
:10E210000028DBD00221204612F043FDD7E7012081
:10E22000D7E700BF9B2B0300F3320300F03203005B
:10E230002DE9F04190B006460FF0A0FA4FF00133FF
:10E24000D6F8088003FB00F70025A84501DC012073
:10E2500019E0A8EB0504402CA8BF402423466A46D9
:10E26000294630460FF02CFA031E06DBA4106A463E
:10E270000023A3420AD14035E7E70848084A0121B4
:10E280000FF08EF90B2010B0BDE8F08152F8041B9E
:10E29000B94201D10133ECE70020F4E7401C030050
:10E2A000F93203001FB50FF0CFFE041E2BDB03A9CC
:10E2B000E0B2FEF72FFC00280ADA144A0090234649
:10E2C000134801210FF076F90A24204604B010BD4E
:10E2D0000398FFF7ADFF044690B903982146826882
:10E2E0000FF030FA034620B9002403980FF0E7F945
:10E2F000EBE7084A064801210FF052F90D24F4E734
:10E300000128F2D1F0E70E24DFE700BF213303003C
:10E31000401C030045330300F0B585B00FF094FEB8
:10E32000041E0D4616461F4623DB03A9E0B2FEF786
:10E33000F1FB50B1104A00902346104801210FF024
:10E3400039F90A24204605B0F0BD03983B46324611
:10E3500029460FF0B5F9044603980FF0B0F9002CE8
:10E36000F0D0074A0548234601210FF019F90B2484
:10E37000E8E70E24E6E700BF21330300401C03005A
:10E380006433030070B50C4615461E4648B1094873
:10E3900033462A4621460FF048FA002818BF0C20C1
:10E3A00070BD054B034819780FF051FA0028EED0E4
:10E3B0000A20F5E7B4370020E039002070B50D469B
:10E3C00086B0002868D1354B02A91878FEF7A2FB69
:10E3D000034640B1324A334801210FF0E1F80A24E4
:10E3E000204606B070BD02980FF0C6F90646002818
:10E3F00050D0029B5C68013C2C44214603AA11F0DA
:10E400001FFD014650B1284A2648234601210FF03E
:10E41000C7F8132402980FF052F9E1E7DDE902058D
:10E42000049B1D444368ED1A2A460FF08BF90446FD
:10E4300040B11E4A00902B461A4801210FF0BAF84D
:10E440000D24E7E71A4A17482B4603210FF0A8F8D6
:10E45000029B986811F0E1FB8542DBD8029B59686A
:10E46000014403AA304611F0EBFC0298039943687B
:10E470008568C91A6D1A2A460FF064F918B10D4A59
:10E4800000902B46D8E70C4A06482B4603210FF094
:10E4900087F8BFE71224BDE71424A1E7E039002084
:10E4A00087330300401C0300AD330300C033030077
:10E4B000F03303001134030049340300F0B506467D
:10E4C0000D4687B018220021284613F09CF9736886
:10E4D000581C00F0AB80002B40F0978032691F2A57
:10E4E00040F28980B268511C00F08780C5E90023A2
:10E4F000F7684F4B3A689A4240F08180B269202A0F
:10E500007FD862B14B480368013308D0037B9A423D
:10E5100005D171690D3013F0E7F80446A0B1002071
:10E520000FF0D0FD18B90FF08FFD00280FDA012091
:10E530000FF0C8FD20B901200FF086FD002806DA93
:10E540004FF0FF33EB600924204607B0F0BDE860D0
:10E5500002A9C0B2FEF7DEFA40B1EB68364A00907D
:10E56000012136480FF026F80A24EDE70298B26838
:10E5700083689A420CD90FF0A2F8029AB3689268A5
:10E580002E48009201212E4A0FF014F81E24DBE7DA
:10E590000FF095F8337F73B92C7B03A92046FEF763
:10E5A000B9FAA8B1244A00902346244801210FF06B
:10E5B00001F80A2415E004A80FF0C6FD18BB07F106
:10E5C000140104A80FF048FD0028E5DB1B24BBE77D
:10E5D0000398FFF72DFE044603980FF070F8002C07
:10E5E000B2DBB4FA84F464096C743369AB60012360
:10E5F0002B740024A8E71624A6E71524A4E7172403
:10E60000A2E71824A0E71A249EE70A4A1368916833
:10E61000EB60002329606B60736852689342E8D115
:10E62000326913449942E0D21F248DE714248BE70A
:10E630003DB8F396E039002021330300401C03006D
:10E64000723403007FB50FF0FFFC051E0E4618DB89
:10E6500003A9E8B2FEF75EFA044650B10A4A0090F8
:10E660002B460A4801210EF0A5FF0A24204604B0DB
:10E6700070BD03980FF082F8307003980FF01FF808
:10E68000F4E70E24F2E700BF21330300401C03002F
:10E69000F0B595B00F4620230293044615466B460D
:10E6A0000CAA03A93846019200F06CFA064600282D
:10E6B00040F08E8004340F21204612F0EAFA10B99F
:10E6C000002015B0F0BD43490422204612F0C6FADE
:10E6D0000028F5D007F00101204612F0ADFA00281D
:10E6E000EED03D490722204612F0B8FA0028E7D0C4
:10E6F00005A903A800F0ECF9002861DA37490522E2
:10E70000204612F0ABFA0028DAD035490422204620
:10E7100012F0A4FA0028D3D001A9204612F098FAEA
:10E720000028CDD02F490822204612F097FA002861
:10E73000C6D0009981F01001C1F30011204612F0FB
:10E74000C4FA0028BCD028490722204612F086FAD5
:10E750000028B5D0C5F34001204612F0B6FA0028D3
:10E76000AED022490922204612F078FA0028A7D01C
:10E77000C5F38001204612F0A8FA0028A0D01C4959
:10E780000622204612F06AFA002899D005F001010D
:10E79000204612F09AFA002892D016490922204603
:10E7A00012F05CFA00288BD0C5F3C001204612F0AD
:10E7B0008CFA002884D00F21204612F072FA80E7EC
:10E7C000192205A920468DF82C6012F050FA9AE71C
:10E7D000012076E70C340300953403009D340300D8
:10E7E000A3340300A8340300B1340300B934030098
:10E7F000C3340300CA3403002DE9F7438668344963
:10E80000043607460622304612F028FA38B90FF0CF
:10E810007BFC0FF07AFC072003B0BDE8F0830221F7
:10E82000304612F032FA04460FF06EFC002CF0D0A5
:10E8300000240DF1070120468DF807400FF023FC5E
:10E84000804620460FF062FC9DF80730022B0546FB
:10E8500080F001092AD180454FF001082CD14D45A7
:10E86000B8682CDA42462946FFF712FF0028D0D0BC
:10E8700022464946B868FFF70BFF0028C9D002219D
:10E88000304612F00AFA0028C3D012490B22304653
:10E8900012F0E4F90028BCD00021304612F0C2F991
:10E8A0000028B6D00FF031FC0020B5E780454FF0CE
:10E8B0000508D4D0022BD2D8074AD456CFE7224637
:10E8C0004946FFF7E5FE0028A3D042462946D1E796
:10E8D000D4340300DB340300413503002DE9F04755
:10E8E0004FEA600982B0054600AF484688460FF0FF
:10E8F0000DFC00230646F91C4846FB700FF0C3FBD5
:10E900000446B8F1000F1CD00FF002FC484504D1BA
:10E91000FB78012B26D11C241FE0AE4257D0FB7898
:10E92000012BF8D0002B56D0022B54D028460FF0E4
:10E930008BFB391DC0B2FEF7EDF88246D0B10A2438
:10E940000BE0AE4245D0FB78012B03D083B1022B04
:10E95000E1D0EBE7A842DED1002420460837BD46CF
:10E96000BDE8F087002BDFD1AC42F5D0AE42EFE737
:10E97000A842EDE7731B594278684246594111F0AD
:10E98000A3FC0446D8B1E9468AB06A46134BC2F8E4
:10E990002480C2E905300623C2E9075642F8103F39
:10E9A0000F4853464FF44151FDF7DAFC012CCD4698
:10E9B00009D0042C09D0032C14BF01241724786833
:10E9C0000EF07DFEC9E70C24F9E71D24F7E72024AB
:10E9D000C3E72124C1E7AC42A8D1BDE7E734030077
:10E9E000401C0300F0B597B035490C9104210D91FE
:10E9F000344902AACDE90E12334A11920546072284
:10EA0000D0E901041292314A139200230DF103025E
:10EA1000CDE902338DF8033001938DF84030149224
:10EA20008DF85430022201AB0CA904300FF0B5FA76
:10EA3000002841D10FF068FB039B04346BB99DF8AB
:10EA4000033063B10FF064FB0FF060FB9DF803101F
:10EA5000FFF744FF18B382B202E0202B0AD018223D
:10EA600020460121FFF7A4FB04460FF04EFB2CB318
:10EA700000241BE0029B04AA03F1200C174618682F
:10EA80005968164603C6083363453246F7D100215C
:10EA900038460FF03FFB0028D8DA0822E0E7284686
:10EAA000FFF7AAFE044620B10FF02FFB204617B057
:10EAB000F0BD0FF02AFBDBE70324F7E70724F5E7B7
:10EAC000A3340300EF080300393503009B0903005A
:10EAD00073B543880193437800930E4603780C4A3C
:10EAE0000546192130460DF0C9FB041E03DA4FF02C
:10EAF000FF3002B070BD6B683BB1064AC4F119012A
:10EB000030190DF0BBFB031EF1DBE018F1E700BF8D
:10EB10004435030050350300033880B219289ABFEA
:10EB2000014B185601207047B035030008B5054B5E
:10EB30002C220021184612F066FE4FF0FF3240F8FA
:10EB4000042C08BDE43900200148FFF7F5B900BFE7
:10EB5000B409002010B5041D08490322204612F014
:10EB60007DF808B9072010BD054B2046596812F002
:10EB70006DF80028F6D00020F5E700BF54350300FB
:10EB8000E03900202DE9F0438BB00C460DF1030174
:10EB9000054616461F46FFF755FD0146002840F082
:10EBA0008D80202302AA2846FFF7B6FB002850D10B
:10EBB0009DF80380DFF81091B4BB0298484540D11E
:10EBC0000FB1069B3B60059BBDF810401C4404231D
:10EBD0000DEB030221462846FFF79EFB40B9BDF826
:10EBE000042046F608139A4204BFBDF80630E41824
:10EBF00004230DEB030221462846FFF78DFB58BB8B
:10EC0000BDF8042046F607139A4225D1BDF80670D8
:10EC100004342744814604F10408B8451ED989F01C
:10EC200001094FEAC90014E008224146204612F0CB
:10EC3000EAFD0298484504D107AB03CB2060616030
:10EC4000BEE74FF0013303FB08F8404514BF17201F
:10EC500003200BB0BDE8F0830420FAE704230DEB9A
:10EC6000030221462846FFF757FB0028F1D1BDF8E3
:10EC70000420BDF80630FF2A05D14FF6FF729342FB
:10EC800005D10520E5E7102A01D1202B04D004335B
:10EC900003EB04084446BEE7B9F1000F10D116B9E2
:10ECA0004FF00109F6E72434BC420BD83246414606
:10ECB0002846FFF731FB0028F2D0CAE70220C8E758
:10ECC0000620C6E70720C4E73DB8F39670B58AB0C2
:10ECD0001B4A0592D0E9010504220692194A0792BF
:10ECE0000023012601AACDE9016308928DF82430A2
:10ECF000324602AB05A904300FF04FF90446E8B9DB
:10ED00000346024603A901980435FFF73BFF58B9B3
:10ED100001980FF0D7F938B1092201212846FFF7F1
:10ED200047FA20460AB070BD0198FFF7BBFA0646C5
:10ED3000FFF7FCFE002EF4D0B2B2EEE70324F0E7BA
:10ED40000C340300E50803002DE9F043B7B0D0E927
:10ED50000138002408AF214620220646384603F138
:10ED60000409019412F04FFD4FF0FF33CDE9093350
:10ED7000624B189305231993614B8DF87040CDE9D0
:10ED80001A37604B1D9304231E930BAA5E4B1F93EF
:10ED900020922E935D4A22920DAB5D4A2F935D4BDC
:10EDA00024920AA92992319309AA072325912A922C
:10EDB00059495A4A32935A4B339303250FABCDE945
:10EDC0002715CDE92C253493062201AB18A9484616
:10EDD0008DF884408DF898408DF8AC408DF8C04097
:10EDE0008DF8D44023950FF0D8F80446002840F061
:10EDF000838002A93846FFF761FB08F10408054645
:10EE0000B8B1484A0346012147480EF0C9FBAAB2EF
:10EE100001214046FFF7CCF90023054610AA194608
:10EE20000120FFF7AFFEFFF781FE002D08BF07248A
:10EE300006E09DF818303BB9B068FFF78BFE04463A
:10EE4000204637B0BDE8F083384D059B2B60029B10
:10EE5000AB60099BD3B90E9F0D996C603A4605F1E2
:10EE60000D002F7312F0A7FC07F10D00C7F120026F
:10EE70002146284412F0C7FC9DF8193033B10A9995
:10EE80002046FFF79BFA08B182B2C1E70C9BD5E997
:10EE900001122BB9914229D0B068FFF75BFECFE792
:10EEA0000B449A1A534253410B99049A0998FFF75D
:10EEB00069FA074690B96B68049A1344AA686B60B4
:10EEC0009342E9D10346014610AA0120FFF75AFEFA
:10EED000B068FFF73FFEFFF729FEB1E7144A03468B
:10EEE000012111480EF05CFBBAB291E710AA194655
:10EEF0000120FFF747FECFE72C46A1E7D33E0300F2
:10EF0000E5080300D8410300EF080300273C030095
:10EF1000EB0803005C35030054350300583503004B
:10EF20009B09030064350300401C0300E039002006
:10EF3000843503000148FEF7FFBF00BFC40900206D
:10EF400010B584680E4904340822204611F086FE6C
:10EF500028B14FF40061204611F06EFE08B9072079
:10EF600010BD08490922204611F078FE0028F6D08D
:10EF70000421204611F060FE0028F0D00020EFE7C9
:10EF8000D9350300E235030008B54FF400520023E1
:10EF9000024809F07FFB002008BD00BF9807002051
:10EFA000F0B589B0D0E90145134A0392134A002312
:10EFB000012701AECDE90133CDE905268DF81C30DE
:10EFC000201D6B463A4603A904970EF0E6FF04465F
:10EFD00078B904350A493A46284611F03FFE20B177
:10EFE0003146284611F037FE00B90724204609B003
:10EFF000F0BD0324FAE700BFF14B0300F50803005E
:10F00000CA3E030013B5084C204612F0F2F8074B35
:10F0100000932046064903234FF4805209F0D2FAA8
:10F02000002002B010BD00BF48200020F0200300E7
:10F03000005000200248002200230EF0C2BE00BF94
:10F04000340E002010B5836A04465BB10FF0CAF895
:10F050000649204612F068F804F1100011F0BCFFD8
:10F06000002010BD6FF01500FBE700BF71E102004A
:10F0700010B50446103011F0BBFF21460248BDE830
:10F08000104012F07CB800BF48200020F0B5836B20
:10F0900087B004460E4603B312F04FF810F0050F88
:10F0A00002D0204612F096F8684611F095FF04F160
:10F0B000100700220023384609F066F8054670B9AB
:10F0C00000220023684609F05FF80146A8B92369C9
:10F0D0001BB10C48214612F052F807B0F0BDA36BEB
:10F0E0003146984720B9214628460FF06EF8E0E7F0
:10F0F0002946684611F07CFFDBE7384611F078FFBF
:10F10000DEE700BF48200020034B1A6882420CBF94
:10F1100018460020704700BFE82000201FB590F877
:10F1200030200B4912F0010F03460BD008684968E4
:10F130006A4603C2694653F8380C0FF0E1F805B08F
:10F140005DF804FB8868C96802AA03C202A9F2E755
:10F15000041F030013B5094A0446D16890686B4642
:10F1600003C354F8080C69460FF0CAF894F86030ED
:10F1700023F0010384F8603002B010BD041F0300C7
:10F1800010B509480C460FF032F800280ADB4CB9DC
:10F1900005480FF091F804600471BDE81040024882
:10F1A0000FF07CB810BD00BF103A00202DE9F047E9
:10F1B00082B000AF804616461C46FFF7A5FF814689
:10F1C000A8B96C4688B06A46304BC2E905380323BB
:10F1D00042F8103F4FF4C25103462D48FDF7C0F8E6
:10F1E000A5466FF010000837BD46BDE8F0872948F6
:10F1F0000EF0FDFF31460546224626480EF0FFFF81
:10F2000010F10C0F0646ECD000280CDA21480FF064
:10F2100053F810B10023036003711E480FF03EF84D
:10F220006FF01200DFE7002D28DA1A480FF044F8DB
:10F2300082464046FFF768FF0546C8B190F868303F
:10F24000D9070ED4144A4FF4281339464046C7E96B
:10F2500000230FF055F895F8683043F0010385F866
:10F2600068304FF42032002305F1080009F046FA17
:10F27000CAF8008099F869308AF804301EB9054848
:10F2800031460EF0F3FF2046ADE700BF1036030015
:10F29000501C0300103A002006000900134B1449CB
:10F2A000144810B501241C7011F0A9FF124913482D
:10F2B00011F0A5FF00212246114811F0B2FE1148BD
:10F2C000114B8362114BC362114B0363114B4363B8
:10F2D000114B8363FFF7B6FE034630B10F4A104867
:10F2E0002146BDE810400EF05BB910BD5549002025
:10F2F00055F10100F02000201DF101002021002027
:10F3000054210020103A002025F3010037E30200C9
:10F31000CDE20200C1E20200DBE20200323603006D
:10F32000501C03002DE9F04F8FB004461822002135
:10F33000684612F068FA3B4B0193D4F81890E368E2
:10F340000293394B0493B9F1000F0BD1052604F158
:10F3500018000EF0B5FF20460EF021FF30460FB02A
:10F36000BDE8F08F06A9484603F0A0F9064600283C
:10F37000ECD19DF83430022BE8D120460EF0DBFFB3
:10F38000054608B90126E2E74846FFF7BDFE0746F5
:10F390000028DBD090F86930002BD7D0227F9A422A
:10F3A000D4D100F16C0A504608F06AFFB346B0466B
:10F3B000238A4345CBD997F86920002AC6D0217FFC
:10F3C0009142C3D108EB05029A42C4BFA3EB0803E4
:10F3D0009DB269464846ADF80C5005F049FA10F167
:10F3E0000C0F09D1BBF1000F03D1132D18D9C5F3B0
:10F3F0004F0509F003FCDBE70028C3D1E26808EB06
:10F4000005031FFA83F812FA83F302934FF0FF32D9
:10F410004FF0FF33504608F00DFF4FF0010BC7E7E8
:10F42000022694E72021030047E3020080B500AFE5
:10F4300088B06A46064BC2E90530032342F8103F04
:10F44000044800234FF4C251FCF78AFFBD4680BD3B
:10F4500010360300501C030038B50546FFF754FE74
:10F46000294604460E48FFF711FE9CB120460025B0
:10F4700084F8695040F8085B11F0CDFE04F13800C3
:10F4800011F0C9FE84F8685004F16C00BDE8384002
:10F4900008F0ACBE2846BDE83840FFF7C7BF00BF44
:10F4A000103A002011B9094A136803B1704708499E
:10F4B00010600B7882F869300133DBB2012B38BF62
:10F4C00001230B7002F16C0008F0DABEE820002086
:10F4D0005549002008B5044811F011FC00280CBF64
:10F4E0006FF01200002008BD781903000E4B402970
:10F4F00070B528BF40210D4C46181D46B04203F19F
:10F50000020304D1002305F81130074870BD0278CA
:10F510001209A25C03F8022C10F8012B02F00F0272
:10F52000A25C03F8012CE9E774490020F5360300DA
:10F5300030B503788BB0044607AD032B21D8DFE844
:10F5400003F0021A1C1E12492846FBF79AFE059585
:10F5500063780493A3780393E37802932379019368
:10F5600063790093A3790B4A0B481E210CF086FEA9
:10F5700009480BB030BD0949E6E70949E4E7094904
:10F58000E2E7094A0A2128460CF078FEDFE700BFCF
:10F59000B0360300D236030056490020B7360300C8
:10F5A000BE360300C8360300EB46030030B50A4DF3
:10F5B0000A4B85B0002428460293039411F019FEEB
:10F5C00002AB0093284606490A234FF4A86208F0CC
:10F5D000F9FF204605B030BD70210020063703003A
:10F5E000406000200146014809F02AB8702100203F
:10F5F0000378012B30B513D0022B27D07BB9194BE0
:10F600000A4603F1100453F8045B42F8045BA3427A
:10F61000F9D11B78137043884B731B0A8B7330BD71
:10F62000104B0A4603F1100453F8045B42F8045BE4
:10F63000A342F9D11B78137043684B73C3F30722BD
:10F640001B0CCB731B0A8A730B74E8E700F11003E1
:10F6500050F8042B41F8042B9842F9D103780B7031
:10F66000DDE700BF0F37030038B5054605480EF04B
:10F67000A8FB044620B101210C300EF0F7FB2576E3
:10F68000204638BD080E00200F2810B50ED80D28D2
:10F690000ED90B480EF095FB044628B101210C3021
:10F6A0000EF0E4FB01232376204610BD1328F0D092
:10F6B00009B10448EEE7BDE810400120FFF7D4BFD0
:10F6C000600E0020840D0020C368034A1B780348A5
:10F6D00002210EF016BF00BF2F370300C81B030026
:10F6E00070B5C6683378B6F8014083B90F2120465B
:10F6F00002F00CFDF378054650B90A4A118831B979
:10F700006FEA04506FEA10501080074A137070BD02
:10F710004372012102F01EFC2846BDE8704002F051
:10F72000EFBB00BF9C480020F549002070B5C368BE
:10F730001D78BDB9B3F801600F21304602F0E6FC38
:10F74000044638B93346084A0848BDE870400121EC
:10F750000EF0D7BE294602F0FDFB2046BDE8704002
:10F7600002F0CEBB70BD00BF57370300C81B0300BB
:10F7700010B5C368B3F801400121204602F0C6FC71
:10F7800038B92346054A0648BDE8104001210EF06D
:10F79000B8BEBDE8104002F0B3BB00BF7D37030028
:10F7A000C81B030010B5C3681C880121204602F065
:10F7B000ADFC38B92346054A0548BDE81040012193
:10F7C0000EF09FBEBDE8104002F09ABB7D370300EB
:10F7D000C81B030010B501210C300EF079FBBDE809
:10F7E00010400378024A034801210EF08ABE00BF90
:10F7F000A1370300C81B0300014610B508480EF0EE
:10F80000E4FA0849084811F0BAFC031E06DABDE81C
:10F810001040064A064801210EF073BE10BD00BF1D
:10F8200014090020040A002010220020C33703001E
:10F83000C81B030010B5084C0146062294F86F005F
:10F8400002F012FF38B994F86F000449BDE8104087
:10F85000052202F009BF10BDC8070020963603003C
:10F86000024A034801210EF04ABE00BFE037030000
:10F87000C81B0300B0B50B460D8A00AF04462946ED
:10F88000D868FFF733FE8AB06A46094BC2E90534EF
:10F8900040F202439384074BC2E907504FF43251C0
:10F8A00042F8103F04480EF03DFEBD46B0BD00BF1B
:10F8B000FA37030005000001C81B030070B5C568D6
:10F8C000B5F801600121304602F020FC044638B949
:10F8D00033460D4A0D48BDE8704001210EF011BEBF
:10F8E0002B783BB9D5F80330C0F89530D5F8073000
:10F8F000C0F89930201D4FF400510EF004FE204650
:10F90000BDE8704002F0FCBA7D370300C81B03005D
:10F91000B0B53C2800AF04461AD101F027FE6FF0C5
:10F92000800110300EF001FE0020FFF783FF054636
:10F9300030B9124A124801210EF0E1FDBD46B0BDBA
:10F940004472002102F006FB284602F0D9FAF5E7DE
:10F950006D468AB06A460B4BC2E905300A4BD3614B
:10F9600040F201331384094B42F8103F04484FF42E
:10F9700012510EF0D7FDAD46E0E700BF1C38030082
:10F98000C81B03003D380300C22B03000400000124
:10F9900037B502EBC303044608469A4202D16FF022
:10F9A0005E0010E0114611F8085BA54211D1038AF0
:10F9B0005178994209D90848084A009401210DF06C
:10F9C000F9FD6FF0150003B030BD53689847002073
:10F9D000F9E70A46E1E700BFC81B030059380300F6
:10F9E00073B53E480EF006FA0446002873D0017E37
:10F9F000012945D003296BD1038A032B02D8384A49
:10FA0000012141E004210C300EF062FAFF2342880C
:10FA100006886376238AC6F30B009A42A08309D036
:10FA2000304800920121304A0DF0C4FD2046FEF717
:10FA300013FA12E00F2102F069FB054610B9A38BFF
:10FA40002A4ADDE702F0A2FB320B60762146284607
:10FA500002F042F9284602F053FA254BD3F84C3114
:10FA6000002B38D02349244811F089FB031E32DAD9
:10FA7000224A1C48012102B0BDE870400EF041BD91
:10FA8000038A012B04D81E4A16480EF03AFDCDE732
:10FA900002210C300EF01CFA054600780EF01DFD18
:10FAA00010F002060DD1174A1749184840F6A8333E
:10FAB0000DF081F986F31188BFF36F8F0323184689
:10FAC00002DF134A2878042321460EF03AFDADE701
:10FAD000104A0B4694E702B070BD00BF1409002025
:10FAE0007B380300C81B03009C380300C0380300A8
:10FAF000C8070020040A002010220020C33703009A
:10FB0000E2380300FE380300323903006039030095
:10FB1000D82103007D39030010B5012104460C30C3
:10FB20000EF0D6F92146034A0078BDE810400723BD
:10FB30000EF007BDF8210300F8B5012100AF04461F
:10FB40000C300EF0C5F90678114A002321463046E4
:10FB5000FFF71EFF5F3018D1258AE0682946FFF7BE
:10FB6000C5FC6C468AB06A460A4BC2E9053640F2CB
:10FB700002439384084BC2E907504FF4325142F8D4
:10FB8000103F06480EF0CEFCA546BD46F8BD00BFAE
:10FB9000302203009139030005000001C81B030057
:10FBA0002DE9F74FDFF828A1BFF35B8F8046894628
:10FBB000174600235AE8004F4AE80032002AF9D1DC
:10FBC000BFF35B8F264644B9424A4348434601216E
:10FBD00003B0BDE8F04F0EF094BC2046FEF788F865
:10FBE0003E4D4FF00C0B0BFB0050438843451FD09C
:10FBF0002046FEF77DF80BFB00504388384A0093FF
:10FC00003548434601210DF0D5FCBFF35B8F5AE820
:10FC1000003F4AE80062002AF9D1BFF35B8F002B56
:10FC200053D01E46304603B0BDE8F04FFEF714B97E
:10FC3000A7420ED020460EF0BFF804F10C080121B7
:10FC4000217640460EF012F93A8AF96840460EF0E5
:10FC50001EF92046FEF74CF80C2707FB00504368BE
:10FC6000ABB1B9F1000F12D12046FEF741F807FB06
:10FC7000005001214268D2E90003127A03F01F0705
:10FC8000B9405B09DAB100EB83000EF03CFC204682
:10FC9000FEF72EF80C2707FB00508368002BC1D01D
:10FCA0002046FEF725F8784305F800902046FEF739
:10FCB0001FF807FB0055A86808F098FAB2E7C94397
:10FCC00000EB83000EF031FCE1E703B0BDE8F08FFC
:10FCD00010090020C3390300C81B0300543A002058
:10FCE000EB3903002DE9F84FD0F80C80018A98F821
:10FCF0000040012303EB84038B4200AF5FD96D46C4
:10FD00008AB06A463048C2E907310523C2E90504D2
:10FD10004FF4215142F8103F2C480EF003FCAD4641
:10FD2000BD46BDE8F88F2A4A28484B4601210EF00F
:10FD3000E8FB013598F800309D42F1DA08EB8503C5
:10FD40000F21B3F80190B3F80360484602F0DEF9E2
:10FD500004460028E7D000F1C0095EB1204601F05A
:10FD60005BFF08F043FA636943B918485A4601211A
:10FD70000EF0C5FB204602F0C3F8DAE7A1691A6865
:10FD800062618B4208BFA261C3F800A0226A9AB9DF
:10FD9000C4E90733BFF35B8F59E8003F013B49E8F3
:10FDA0000032002AF8D1BFF35B8F00212046013ECC
:10FDB00001F03EFFB6B2D0E713602362EAE7002508
:10FDC000DFF810B0AA46B5E71E3A0300C81B0300CF
:10FDD000483A0300643A030073B5C568B5F801609A
:10FDE0000121304602F092F9044640B92B4A2C48D2
:10FDF0003346012102B0BDE870400EF082BB2B7883
:10FE00001A2B00F1040619D1C378012B2AD14FF423
:10FE1000006130460EF077FB02050FD4D4F888302D
:10FE200000936946D4F890300193204602F02AFFEF
:10FE3000204602B0BDE8704002F062B82B788BB962
:10FE4000B5F80330A4F88630B5F80530A4F88C3046
:10FE5000B5F80730A4F88E306FF4007130460EF01C
:10FE600064FB17E0BFF35B8F6368BFF35B8F9B0599
:10FE7000F2D52B78202BEFD194F89430002BEBD0D7
:10FE8000013B84F894304FF42032002304F1400009
:10FE900008F000FC204602F0E5FAC9E77D370300D0
:10FEA000C81B030010B5C1E900239DF808300B7290
:10FEB0000C46FDF71DFF034B0C2202FB00335C6078
:10FEC00010BD00BF543A00202DE9F0474FF0FF323B
:10FED00006464FF0FF33184888460DF072FF04467F
:10FEE00038B300F10C0701214FF0000938460DF03E
:10FEF000BDFF84F818902046FDF7FAFE0F4D4FF035
:10FF00000C0A0AFB005046802046FDF7F1FE0AFB72
:10FF10000050C0F808902046FDF7EAFE0AFB0055A5
:10FF200003213846C5F804900DF0ABFF068080F839
:10FF300002802046BDE8F087DC0D0020543A002006
:10FF400070B50C4D06460FCD90B001AC0FC40FCD6F
:10FF50000FC40FCD0FC495E807000E2E84E80700EC
:10FF60009BBF10AB03EB8606034856F83C0C10B061
:10FF700070BD00BFF01C03007B3A0300034B014639
:10FF8000D3F86C0182689268104700BFC807002050
:10FF90002DE9F843044600F10C0630460DF0A8FFA9
:10FFA000B4F81080B8F1010F05460AD81A4A1B4868
:10FFB000434601210EF0A5FA2046BDE8F843FDF7BF
:10FFC0004BBF304602210DF083FF074600780EF04C
:10FFD00084FA10F0010906460DD1114A1149124860
:10FFE00040F6E4730CF0E7FE89F31188BFF36F8FDE
:10FFF0000323184602DF05230C4A387821460EF009
:020000040002F8
:10000000A0FAB307D8D56369A4F8108013FA85F570
:10001000E560BDE8F88300BFE2380300C81B0300B9
:10002000FE380300833A030060390300B021030067
:1000300038B50C4608F0A6FD237E012B05D0032B16
:1000400014D12046FFF7D8FB0BE0E36818780EF0D8
:1000500044FAC207054602D52046FFF799FFAB07D1
:10006000EFD4002408F0A2FD204638BD054A06481A
:1000700001210EF046FA2046FDF7EEFE6FF0150462
:10008000F0E700BF9C3A0300C81B03002DE9F84FBE
:100090003D4C3E483E4D00AF04210EF034FAE2796B
:1000A0003C4B2046012A88BF1D466E46FFF740FAAA
:1000B0008AB06A46384BD061C2E90535374B1362C6
:1000C000374B42F8103F3748DFF8DC80DFF8D49038
:1000D0004FF423510EF026FAB546344EA3460125BF
:1000E000E3799D420BF1070B38DB94F870502846FA
:1000F000FFF726FF6E468CB0B4F87210B4F8763075
:100100006A46DFF8ACC05362C2E90751294B4FF48D
:100110000075C2E905C015854FF4535142F8103FF0
:1001200020480EF0FFF9B54694F871603046FFF7AD
:1001300007FF8AB0B4F874306A461F499584C2E953
:1001400007631E4BC2E9051042F8103F15484FF4F3
:1001500033510EF0E7F9BD46BDE8F88F5846FFF77A
:10016000E7F9EA468AB06A4640F20133C2E905651A
:10017000D06113844FF4135142F8108F48460EF0AB
:10018000D1F90135D546ABE7C80700209C0800200F
:10019000C22B0300B03A0300B43A0300000201038B
:1001A00004000002C81B030004000001C33A03005E
:1001B000D43A030006000001123B030005000001D1
:1001C000044BBFF35B8F1868BFF35B8FC0F38000F5
:1001D000704700BF9C08002038B50546FBF759F86A
:1001E0000828044610D80A482946FBF740F848B1C9
:1001F00022460748294611F0DEFA064B2344002226
:1002000083F87021002038BD6FF00B00FBE700BFC2
:1002100038090020C807002000487047380900202E
:10022000014808F0C9B900BFF409002038B50546F7
:100230000C4619B9FFF748FE0446D8B140F63543DD
:100240009D420FD12046FFF799FE054640B1034677
:100250000A4A0B4801210EF054F92046FDF7FCFD37
:10026000284638BD0748214610F0C2FE0025FFF79A
:10027000D7FFF5E76FF06805F2E700BF393B0300F1
:10028000C81B03001C09002073B5C368D9789A788D
:100290001E8842EA0122ADF8002059791A7942EA13
:1002A0000122ADF80220D9799A7942EA0122ADF80B
:1002B00004201A7A5B7AB4B242EA03230121204671
:1002C000ADF8063001F022FF054658B91C481D4A1A
:1002D000012123460EF015F9022120460EF069F99E
:1002E00002B070BD694602F007F938B91E212046F8
:1002F0000EF05FF9284601F003FEF1E70E2142F20D
:100300002000FFF7E1FD04460028F3D00E210C3059
:100310000DF0B7FD00230680C0F80A30BDF80030AC
:100320004380BDF802308380BDF80430C380BDF83F
:1003300006300381214642F22000FFF777FFD9E71C
:10034000C81B03007D37030038B502460B462B4D12
:10035000D5F8541109B9002038BD05F5987007F09B
:1003600069FF0028F7D10022002305F5AA7007F0E5
:100370000BFF044668B9224A2249234840F6B733A6
:100380000CF019FD84F31188BFF36F8F0323184617
:1003900002DFD5F848315BB11C4A1D4801210EF03F
:1003A000AEF8D5F84801FDF757FD0023C5F84831F0
:1003B00020460DF035FDC5F848012046FFF7DEFD6B
:1003C0000346C8B1134A124801210EF09AF81248A8
:1003D00007F00CFF2046FDF78BFC104B0C2202FBB4
:1003E0000033588818B122461F21FFF7D9FB204659
:1003F000FDF732FDFFF714FF0120ADE7C80700202D
:10040000FE38030023370300603903005B3B030021
:10041000C81B0300393B0300F8080020543A0020B1
:100420002DE9F04F87B0054600AF16460C4631B9AE
:10043000FFF74AFD044648B96FF0680092E0887AF9
:10044000FDF74EFC534B834240F09E800122002179
:10045000384610F0E6FD2046FDF74AFCDFF838A1EB
:100460000C2303FB00A0876020460DF0D9FC014659
:100470004A4810F0BDFDFFF7D3FE11F0D5F9484B07
:100480001A58484B9A4220D1DFF81CB1434810F06B
:10049000C4FD002181464FF4A020FFF755FF8046A0
:1004A00088B9424A42484FF4D47359460CF083FC51
:1004B000404829460CF07FFC88F31188BFF36F8F0A
:1004C0000323184602DF4C45E0D14FF4A02200235D
:1004D000384607F0AFFE804698B14FF4D773334AE1
:1004E000354933480CF067FC3448424629460CF045
:1004F00062FC002383F31188BFF36F8F0323184638
:1005000002DF2046FDF7F4FB0C2358431AF8008065
:10051000B8F1000F30D06E468AB06A46284BC2F858
:100520001C80C2E90535274B136240F202439384D5
:10053000254B42F8103F25484FF432510DF0F2FFA1
:100540002046B546A8F10908FDF786FCB8F1090F69
:100550000FD8DFE808F01C0E0E0B050E0E0E0E195C
:100560006FF00B001C37BD46BDE8F08F6FF00C003C
:10057000F8E76FF00400F5E716B134600020F1E70A
:100580002046FDF769FCF9E76FF01500EAE76FF028
:100590006E00E7E7DC0D0020543A00201C09002023
:1005A00008000000F0300020763B0300FE38030016
:1005B000603903007E3B03009E3B0300A73B030022
:1005C000EC3B0300C22B030005000001C81B030025
:1005D000F7B5144B93F99B30002B05460C461DDAFA
:1005E00014B9204603B0F0BD082C01AA4FF0000159
:1005F00042F21800264628BF0826FFF711FF002800
:10060000F0D1019FF96832460131284611F0D3F844
:100610003846FDF721FC3544A41BE1E76FF0850067
:10062000E0E700BFC807002073B506460D4601AAE3
:10063000002142F22F00FFF7F3FE044638B1154ABD
:10064000154801210DF05BFF204602B070BD0198F6
:10065000C368B3F801203280B3F803302B80FDF774
:10066000FBFB3388A3F11B02E02A04D90B4A0A489A
:1006700002210DF046FF2B88A3F5A47292B244F23A
:1006800048118A42E0D9064A034802210DF039FF99
:10069000DAE700BF0B3C0300C81B03002B3C030040
:1006A000503C0300F0B583B000AF3A1D002140F686
:1006B0000340FFF7B5FE0446002871D17868C3688F
:1006C0001B788BB9BFF35B8FB14B1A68BFF35B8F9D
:1006D00002F00902BFF35B8F53E8001F43E80024D8
:1006E000002CF9D1BFF35B8FFDF7B6FB3A1D00215B
:1006F00041F20300FFF794FE0446002850D17A68C7
:10070000A44DD168D1F80100D1F8051005F17803A6
:1007100003C31046FDF7A0FB21463A1D41F201003C
:10072000FFF77EFE044600283AD17868C3685A78FD
:1007300085F870205A88A5F872201A7985F87120FA
:10074000B3F80720A5F87420B3F80530A5F8763083
:10075000FDF782FB21463A1D41F20200FFF760FEE1
:100760000446E8B9D7F804C0DCF80C2005F180068F
:10077000531C413218685968344603C40833934205
:100780002646F7D16046FDF767FB95F87C305E069C
:100790000AD4814A814801210DF0B1FE6FF01204A4
:1007A00020460C37BD46F0BD3A1D002142F2030041
:1007B000FFF736FE04460028F2D17B68784EDA68EF
:1007C000D2F80100D2F8051003C61846FDF744FB25
:1007D00021463A1D42F20200FFF722FE044600289D
:1007E000DED17C68E368B3F8012091B249B1D978D1
:1007F00039B1A5F80421DA78114606F1280010F085
:1008000010FC2046FDF728FB95F87C601F2316F0AE
:100810002006A5F8203118D1022140F66D40FFF7DF
:1008200053FB0446002800F0A68002210C300DF096
:1008300028FB0123037046702146324640F66D4086
:10084000FFF7EEFD04460028AAD195F89C301C075E
:1008500012D53A1D002142F21C00FFF7E1FD0446CB
:1008600000289DD17868C368D3F80120D3F80530FB
:10087000C5E93823FDF7F0FA95F8D830980620D569
:10088000B91C3846FFF7D0FE0446002888D1042161
:1008900042F22400FFF718FB064600286BD0042123
:1008A0000C300DF0EEFA3B8803807B8843802246B3
:1008B000314642F22400FFF7B3FD044600287FF4DE
:1008C0006FAF082142F20100FFF7FEFA044600284C
:1008D00051D008210C300DF0D4FA95F8D82012F040
:1008E000020F14BF2F230F23910695F8D92048BF7C
:1008F00043F0400312F0090F18BF43F400630022D5
:100900000370C3F3072343708270C2700271427197
:100910008271C271214642F20100FFF781FD044657
:1009200000287FF43DAF95F87C30B5F804119A06A5
:1009300024D4C9B93A1D41F20500FFF771FD044600
:1009400000287FF42DAFB5F804317C684BB9E3681B
:10095000B3F80120A5F804219A881248114610F036
:1009600060FB2046FDF778FA082140F60140FFF7CA
:10097000ABFA0446D0B96FF0680411E70029F3D14F
:10098000094A064801210DF0BAFD6FF0040407E79B
:100990009C080020C8070020733C0300C81B03000C
:1009A000A0080020D0080020973C030008210C304C
:1009B0000DF067FA1023037088230022437002268B
:1009C00020238270C670027142718271C371214608
:1009D00040F60140FFF724FD044600287FF4E0AE16
:1009E00001463A1D4FF60140FFF71AFD98B1504AF3
:1009F000504802210DF083FD00F0A8FC04460028B9
:100A00007FF4CEAE01F064FF044600287FF4C8AE48
:100A1000FFF73CFBC4E67B68DC68B4F80130032BCD
:100A200096BF454A454952F823106E468AB06A4639
:100A30004348D3614FF400731384424BC2E905016C
:100A400042F8103F3B484FF413510DF06BFDB4F8E2
:100A50000120B4F80330022AB54649D1052B47D806
:100A6000394A52F823106E468AB06A463748D36135
:100A70004FF400731384334BC2E9050142F8103F71
:100A80004FF413512B480DF04DFD637994F806C0D7
:100A9000D4F80900032BB54698BF2D4AB4F8076077
:100AA00094BF52F8231025496C468CB06A46DFF893
:100AB000A4E0C2E9073C4FF400739385264BC2E9DA
:100AC00005E1C2E909604FF4735142F8103F19483B
:100AD0000DF028FDA5467868FDF7BEF93A1D002106
:100AE0004FF60240FFF79CFC044618B11B4A7FE713
:100AF0001249B8E77868C368B3F80130A5F8C13087
:100B0000FDF7AAF995F8C1305B077FF575AF3A1D7F
:100B100021464FF60340FFF783FC08B1104A67E710
:100B20007868C3685B7885F8C030FDF795F963E7AE
:100B3000BA3C0300C81B0300A02103007B3A03005A
:100B4000DE3C03000400000188210300F73C0300A1
:100B5000782103000F3D0300070000013C3D030026
:100B6000653D030010B5FFF79DFD034B1B6813B1F6
:100B7000BDE81040184710BD6C3A002037B52E4C28
:100B80000546D4F86C0110F0BAF848B92B4A2C4845
:100B900001210DF0B4FC6FF01204204603B030BD0B
:100BA0006FF0020104F1D4000DF0BFFC01210DF043
:100BB000AAFCC3073DD42348FFF70EFB034620B130
:100BC000214A1F4802210DF09CFC204B1D60012290
:100BD00011461F4810F025FA1E4810F0FDF91E4876
:100BE00010F007FB002300931C491B486FF007031C
:100BF0004FF4806207F0E6FC1949174810F054FBE7
:100C0000D4F86C01174983681B689847044630B1D3
:100C10000346154A0A4801210DF073FCBDE725B9CA
:100C200003B0BDE83040FFF73DBD104807F0C4FCFD
:100C3000B3E76FF07704B0E7C80700208E3D0300EC
:100C4000C81B0300A63D0300AE3D03006C3A002024
:100C5000F80800201C09002010220020C065002098
:100C6000CD3D030031000200D63D03008C0800207A
:100C70002DE9F04F85B0634BB0F80190198849F425
:100C8000704291424FF0000602BF1E805E4B1E78FC
:100C9000C378012B08BF5D4B00F1040800AF054687
:100CA00040460CBF93F86F4000240DF0BDFB414659
:100CB00068B307F108000DF0ACFBD5F81130C7F8A8
:100CC0000130B5F81530A7F805304FF0010AEB7880
:100CD000012B31D04046FEF72BFC6C4688B06A46AB
:100CE0004B4BC2E905304FF400739383494B4A489C
:100CF00042F8103F4FF4E2510DF014FC1321A546C9
:100D000048460DF071FC1437BD46BDE8F08F204613
:100D10000DF005FD03460068B8609A889B79686805
:100D2000BA81BB73B8F8042098F8063095F804A08F
:100D30003860BA80BB71CAE707F10800FEF77AFD98
:100D4000EB78012B04460AD100F010FC6FF0800113
:100D5000834610300DF0E9FB58460DF0EFFD002CF6
:100D6000B8D02346B5F8012023F8702BB868BA7BB9
:100D7000B98920679A719980B5F81730A4F8863040
:100D8000B5F81930A4F88C30B5F81B30A4F88E30C3
:100D9000EB78E3700022012B627222D187F800A069
:100DA000BA88BB793868A4F87B2084F87D30C4F811
:100DB000770000F0DBFB237A144AC3EBC3039918D6
:100DC000D358C4F87E308B88A4F882308B7984F8AD
:100DD0008430D2E9381303F03F03194301D000F007
:100DE00085FD0721204601F0B5F826B16672012184
:100DF000204601F0AFF8204601F002FA204601F04B
:100E00007FF880E79C480020F5490020C8070020B3
:100E1000F23D030003000001C81B030000B5C368D6
:100E2000187889B020B109B05DF804EBFEF770BD09
:100E3000B3F80120ADF80120DA788DF800008DF8C4
:100E40000320B3F80B20ADF81720B3F80D20ADF850
:100E50001920B3F80F20ADF81B205A7C8DF81D2007
:100E6000586801901A899B7A8DF80A30094BADF8C1
:100E7000082068461A689B88CDF80B20ADF80F3023
:100E8000CDF81120ADF81530FFF7F2FE09B05DF88E
:100E900004FB00BFAA36030038B5042104460C3019
:100EA0000DF016F8034640885D7818B1197822468F
:100EB000FEF776FE35B1044807F098F9BDE83840F2
:100EC000FFF7AEB938BD00BFF8080020B0B5032168
:100ED000044600AF0C300CF0FBFFE3680578B0F877
:100EE0000100197840F63543984215D16C468AB016
:100EF0006A460F4B0F48C2E905310F4BD36140F2F0
:100F0000013313840D4B42F8103F4FF412510DF092
:100F100009FBA546BD46B0BD10B12246FEF740FE16
:100F2000002DF7D0064807F061F9FFF779F9F1E7EE
:100F30000E3E0300C81B0300C22B03000400000187
:100F4000F8080020F8B50A4DEF7906460024E3B210
:100F50009F4202D86FF0010007E0294630460DF0AD
:100F6000D4FB0735631C08B12046F8BD1C46EEE7EC
:100F7000C807002070B5194E06223146054610F00C
:100F8000B3FB30B3062142F20500FEF79DFF044695
:100F900008B3062229460C300CF079FF21460022C6
:100FA00042F20500FFF73CFA044648B110F10D0F7C
:100FB00004D10B4A0B4802210DF0AFFB204670BD57
:100FC00033462A6843F86929AA88B280012283F847
:100FD00068200024F2E76FF06804EFE73108002092
:100FE0004D3F0300D01B030037B504460D4689B1C1
:100FF000184928460DF089FB60B9174A2968C4EBE7
:10100000C404A3181151AA889A80AA799A71002061
:1010100003B030BD68460DF0EEF90028F8D16846FF
:10102000FFF790FF0028F5DA0B4A00989DF80610AC
:10103000C4EBC404A3181051BDF804009880997142
:10104000002DE4D012592A609A88AA809B79AB714E
:10105000DDE700BF9D360300C807002070B50446D9
:10106000B1B9C0B120490DF050FBA0B92046FFF73F
:1010700069FF002831DA2378012B04D1A37903F02A
:10108000C003C02B07D0194A194801210DF045FBB8
:101090006FF0150070BD174DEB79012B20D0BFF319
:1010A0005B8FD5F8D430BFF35B8FDB0707D4002C00
:1010B000EED00D4920460DF028FB0028E8D1EE794E
:1010C0002146731C3046EB71FFF78EFF08B930469E
:1010D000E0E7EB79013BEB71DCE76FF07700D9E7F4
:1010E0006FF00B00D6E700BF9D3603005C3F0300A6
:1010F000D01B0300C80700202DE9F341044640B986
:101100001A4A1B4802210DF008FB002002B0BDE87E
:10111000F08101AA002141F20900FFF781F905469B
:1011200008B1144AEDE7019E1349D6F80C8008F186
:1011300001070622384610F0D7FA28B10F490622D7
:10114000384610F0D1FA18B93046FCF785FEDCE7D6
:10115000D8F80130C4F80130BB88A4F80530304617
:101160002570FCF779FE0120D0E700BF8A3F03001D
:10117000D01B0300A33F0300AA360300A4360300DC
:1011800007B56846FFF7B8FF044BD87118B1694638
:101190000020FFF729FF03B05DF804FBC80700201B
:1011A000F0B5304DEC7989B0002C53D195F8C26080
:1011B00016F0010610D12C4A2C4802210DF0ADFA90
:1011C000EC71162600240127EB79E0B298422CD36B
:1011D000002B3FD000203BE06A4621464FF60940F5
:1011E000FFF71EF908B1224AE6E7DDF800C0DCF897
:1011F0000C104B7823B96046FCF72EFE1D4ADBE746
:101200008B1C02AA01F1120418685968174603C71B
:101210000833A3423A46F7D1186838609B88BB80F0
:101220006046FCF719FE3446CAE708AB06FB0033FC
:10123000694653F8182C33F8143CCDF80120ADF86A
:1012400005308DF80070FFF7CFFE01340028BBD0C9
:1012500009B0F0BD0021084609B0BDE8F040FFF735
:10126000FDBE00BFC8070020C13F0300D01B030024
:10127000ED3F03000D4003002DE9F04190460E467E
:101280001D46024650B14BB13103047810D57307A7
:1012900008D52B4A2B4801210DF03FFA6FF01500BD
:1012A000BDE8F0810DF048FA0028F9D1012341E0B2
:1012B000F70730D5244FB8F1000F13D0B0060AD489
:1012C000C4EBC403FB5C012B13D02B70B20620D5FA
:1012D00043F002030BE097F8D8305906F0D46FF0D2
:1012E0008500DDE7C4EBC403FB5C012B01D02B7050
:1012F0000FE0072101FB0471013110460DF014FAD3
:101300000028CDD1C4EBC4043B5D2B70B8F1000FB5
:10131000DCD10020C4E773070ED50B4EC4EBC40725
:10132000F35D012BE3D1072111FB043131440DF0B2
:10133000FBF9F35D2B70B3E70DF0FEF9B6E700BFE4
:1013400036400300D01B0300C807002038B5104DFD
:10135000EB7913B10024204638BDFFF711FF044696
:1013600028B10C4A0C4801210DF0D7F9F3E7EB79CD
:10137000002BEFD1FFF714FF04460028F1D1681CC1
:10138000FFF7F8FD04460028E5D0044AEAE700BF6D
:10139000C807002055400300D01B03007440030021
:1013A0002DE9F74F0C46202100909246FEF78CFD68
:1013B0000546002855D020210C300CF062FD20227B
:1013C0000021814610F01FFA09F1010B04EBCA0A53
:1013D0000026D4F800800023626893420CD30834BE
:1013E000A245F6D1009889F800600022294603B092
:1013F000BDE8F04FFFF714B898F8012098F800C046
:10140000B01C81181F2915D9BCF1090FC0F11F02AA
:1014100001D1002A0CDC144A144801210CF0B7F861
:101420002846FCF719FD6FF0150003B0BDE8F08FFA
:101430004FF0080CD7B2791C0BF80610711CC9B21A
:101440005BFA80F00BF801C0D8F804100193023762
:1014500010F0B1F9019B3744FEB2013308F10808DE
:10146000BAE76FF06800E0E797400300981B0300BD
:1014700008B504490722093010F036F9003818BFC2
:10148000012008BD9D360300F8B5154B067883F89A
:101490006F6004460D46FFF7EBFF70B91149304607
:1014A00001F066F8044610B96FF00B00F8BD052195
:1014B00000F050FD2C600020F8E704F109073946E0
:1014C000304601F099F840B92078394601F050F8DB
:1014D00004460028E8D00621EAE76FF01500E5E7AA
:1014E000C807002096360300F8B54568690506462A
:1014F00035D4046914B115F0010330D0194F307898
:10150000FB7983422BD9C0EBC0001749072238442E
:1015100010F0EAF8A8B115F0010306D197F8702091
:10152000082A02D8B2689F2A19D915F0300F09D0BD
:10153000ACB1EA060AD405F46035B5F5603018BFE1
:101540000120F8BDEB0601D4002CF4D1D6E902232A
:101550009A4204D81F2A02D9B3F5804FEBD9002054
:10156000EFE700BFC80700209D3603000048704722
:10157000E00700202DE9F04FD1F810908DB09A4689
:101580000023B9EB030605469348059218BF0126D0
:1015900007930DF0FBF80C46410740F112812046FD
:1015A000FFF7A2FF28B96FF0150B58460DB0BDE844
:1015B000F08F20460DF0D7F880460028F3D005F1D3
:1015C000100738460DF0E2F80206C0F3C01300F130
:1015D000FB80CDE90933CDF82B30A3686068ADF806
:1015E0002030E368ADF822300DF0C1F86FF40071DF
:1015F0008DF82D0078480DF0CFF8784A23782B70BD
:1016000082F86F3061680DF1250332462846FFF7F6
:1016100033FE83460028C8D105F10902B9F1000F55
:1016200018D021690868C5F80900888890808979F0
:10163000917120460DF04DF962680646D0071BD423
:10164000920503D4169B0BB9022E5CD102238DF8B0
:10165000243023E0624B1968C5F8091099889B79FA
:101660009180937120460DF034F96268D1070646E7
:10167000E6D58DF8249011E012F0100F0CBF012276
:1016800004228DF8242022691168CDF82610918853
:10169000ADF82A1092798DF82C20D8460F2142F20D
:1016A0000600FEF711FC8346002800F090800F2210
:1016B00008A90C300CF0EBFB0022594642F2060060
:1016C000FEF7AEFE002840F08580B9F1000F20D073
:1016D0006368DB072BD4012128460DF00AF9834605
:1016E000002866D03F4A404801210BF050FF079C7C
:1016F000002C3FF45AAF2046002100F02BFC20467E
:1017000000F0FEFB51E70323DDF858808DF824300C
:10171000C4E7179B0093CDE90186169B05995246B5
:1017200028460DF05FF883460028D1D03DE707A991
:101730002846FFF7A9FE83460028CCD010F10C0FF5
:101740007FF433AFB9F1000F7FF42FAF62689007D9
:101750003FF52BAF636883F00203C3F3400B0BF03C
:1017600001020E2138460DF026F8731E5A425A41E6
:10177000082138460DF01FF8B11E4A424A4138464A
:1017800009210DF018F862680A2102F001023846BA
:101790000DF011F842460B2138460DF00CF8626846
:1017A0000D21C2F3800238460DF005F84FF0000B12
:1017B000FBE6079808B100F0A3FBB9F1000FCED10A
:1017C000C8E76FF00A0BF0E66FF0770BEDE66FF00D
:1017D000680BEAE68346E8E69C080020C80700207C
:1017E0009D360300B0400300981B030073B51546F7
:1017F000069A0C46CDE900322B460A4601461148AE
:10180000FFF7B8FE21460646002340F201109D4234
:1018100002D1304602B070BD0A88824204D14A68C3
:1018200012B11278D20702D401330831EFE706492A
:1018300006480FF0E4FC4FF470220023034806F042
:101840005DFFE6E7E0070020C9180200F807002066
:1018500010B519480DF072F818486FF480410CF07B
:101860009BFF16480CF092FF03461A06C0F3C01007
:1018700021D512480CF08AFF430513D50E48FFF717
:10188000F7FD0F490346087E93B90E49052200F083
:10189000EBFE044630B10021417200F05BFB2046B4
:1018A00000F02EFBBDE81040034800210DF021B8E8
:1018B00006222131EBE710BDE0070020F0070020F1
:1018C000C80700209636030010B5FFF7C1FF034696
:1018D00030B1044A0448BDE8104002210BF060BE5C
:1018E00010BD00BFCB400300981B030073B5354803
:1018F000344C0CF04BFF10F4804F38D020460CF0E5
:1019000045FF030633D420460CF040FF46052ED594
:1019100001A9A4F11000FFF7B7FD40BBA4F110002E
:10192000FFF7A6FD024620460CF030FFC0F38031E1
:1019300020460CF02BFF81F0010145054FEA4101E3
:10194000204848BF41F001010CF020FF800448BF4F
:1019500041F004011C480DF10303FFF78DFC05461F
:1019600038B11A4A0346012119480BF019FE02B09A
:1019700070BD154801210CF0BCFF019E28B930460E
:1019800002B0BDE8704000F0BBBA2946304600F016
:10199000E1FA6FF480410B480CF0FEFE054630463C
:1019A00000F0AEFA6B04E2D5BFF35B8F54E8003F62
:1019B00043F4804344E80032002AF7D1BFF35B8F41
:1019C000D5E700BFF0070020E0070020EA40030051
:1019D000981B030070B50C4B1C68054644B154F8C5
:1019E000143C143C13B1697A284698476469F5E7BA
:1019F000064C074EB44200D370BD236813B1697A18
:101A0000284698471834F5E7A43A0020581B0300ED
:101A1000701B030010B50446FCF76AF9044901EB9A
:101A2000001120460CF029FDBDE81040FEF7F8BB80
:101A3000703A002070B5D1E9015600220446C1E990
:101A4000012206480FF0D4FA3DB1314620462B461C
:101A50006FF06D02BDE87040184770BD140D002096
:101A600070B5002205460E46094800230021FCF708
:101A700061F9044658B1FCF73BF9064B324603EBDB
:101A8000001329462046BDE870400CF0D1BC70BD63
:101A9000B00D0020703A002030B5044685B0043007
:101AA000BFF35B8F50E8003F43F0800240E8002125
:101AB0000029F7D1BFF35B8F1D0647D40CF06CFFF4
:101AC00010F4005F224D30D095F8D930D90710D5E9
:101AD000022300211A46009120460CF0E0FD034647
:101AE00020B11C4A1C4801210CF05CFFA37A072B93
:101AF0002CD195F8D8309B0628D50CF030FD28B3B2
:101B00000DF10E0103A8FEF78FFDF8B9BDF80E2008
:101B1000BDF80C1020460CF0A4FD0346B0B10F4AEE
:101B20000D4801210CF03EFF10E095F8D8301A075F
:101B3000CAD520460CF07BFD034620B1084A064872
:101B400001210CF02FFFA37A072BBDD005B030BDCB
:101B5000C807002048410300B01B03005F41030099
:101B60002741030070B505460F480022002306F008
:101B700061FBB8B90D4B1C6834B154F80C3C143CF3
:101B800003B198476469F7E7094C0A4EB44204D39D
:101B90002846BDE8704006F00FBDA36803B1984722
:101BA0001834F3E770BD00BFFC0C0020A43A0020FD
:101BB000581B0300701B03002DE9F843DFF8548025
:101BC000044640270025EFF3118387F31288BFF303
:101BD0006F8FE16929B983F31188BFF36F8FBDE877
:101BE000F883206A0A68E261814208BF226283F3B7
:101BF0001188BFF36F8FD1E901694046C1E90155F2
:101C00000FF0F6F91EB1002249462046B047FEF714
:101C100007FBD8E7140D00200448B0F80431002B6E
:101C200000F5847008BF0020704700BFC80700207F
:101C300030B504460FF0F8FD0D460C490C4A095822
:101C400091428BB005D120460BB0BDE83040FFF784
:101C5000B3BF2434214610460FF091FA1DB16946F6
:101C600020460FF09CFA0BB030BD00BF080000000A
:101C7000F030002038B5002204468A4202D1002408
:101C8000204638BD04F1C8030120BFF35B8F53E841
:101C9000005F002D04D143E8000CBCF1000FF6D129
:101CA000BFF35B8F02D0D0340244E6E7002CE6D0CD
:101CB000C822002120460FF0A6FD04F1400004498F
:101CC0000FF09DFA034904F124000FF02DFAD7E735
:101CD000B5270200E3E90200F7B50D4601211646DB
:101CE0000446FFF7A5FF002128460CF03AFC012E20
:101CF0001BD0022E45D123693BB13648364A01211B
:101D00000BF045FC20460CF06FFE28460CF088F8DE
:101D100020612269138A012B3AD820880CF023FC19
:101D2000012128460CF01DFC0CE0206940B92B4A2B
:101D3000284831460BF02BFC20460CF055FE01E004
:101D40002F8A2FB9284603B0BDE8F040FCF784B8CD
:101D50000C300CF0D1F887420CD9214A1D4831468D
:101D60000BF015FC21690022204600F05FFF0023E4
:101D70002361E7E720692A8AE9680C300CF087F8CC
:101D8000C7E7184A1348334601210CF00BFED3E78E
:101D9000D26816880436B6B2B342BED32846FCF7E2
:101DA0005BF821690B8A9E420BD20F4A09480096C4
:101DB00001210BF0FFFB204603B0BDE8F0400CF022
:101DC00013BE002301222046236103B0BDE8F0408A
:101DD00000F02CBFB01B03007B41030098410300BF
:101DE000B6410300DD410300FB41030038B5012289
:101DF000044600F1BC03BFF35B8F53E8005F43E888
:101E000000210029F9D1BFF35B8F5DB90CF0F5FD1E
:101E1000084BC4F8B850D3F8281104F1B80229B916
:101E2000C3E94922BDE83840FEF7FAB90A60C3F8B1
:101E30002821F7E7C807002070B52E4DD5F82441BA
:101E400014B90026304670BD2B4B5A8B22B1B5F821
:101E500004312BB99B68FFDE1B68002BF1D0F6E73D
:101E6000D5F81031002BECD0244B1B68002BE8D0A8
:101E700054F8143C002BE4D054F8103C002BE0D074
:101E800054F80C3C002BDCD014F8AE2C072AA4F13B
:101E9000B8060DD13046984750B104F108000CF057
:101EA0007BFD022804DC3046BDE870400CF0A5BD87
:101EB000D5F8243143B1D5F828111A68C5F8242182
:101EC0008B4208BFC5F82821231D0022BFF35B8F7A
:101ED00053E8001F43E800200028F9D1BFF35B8FCF
:101EE000304654F80C3C98470028ABD03046FFF7FA
:101EF0007DFFA7E7C8070020B00D0020140D0020CB
:101F000037B5C83010F8C65C10F8C54CBFF35B8F0E
:101F100050E8003F5A1E40E800210029F8D1BFF3E5
:101F20005B8F01A801930CF037FD01280BD1074806
:101F300006F05CF9064806F03FFB012D03D1012CA9
:101F400001D1FFF7D3FC03B030BD00BFFC0C002073
:101F5000240A0020F8B5867A8E4200AF04460D466A
:101F60001AD1082E96BF5F4B5F4B53F826306C4654
:101F700088B06A465D49C2E905134FF40073938344
:101F80005B4B42F8103F5B4800234FF4E451FAF7F3
:101F9000E7F9A546BD46F8BD817226B98378082BBE
:101FA00001D00CF02AFDA37A082B00F2988001A240
:101FB00052F823F00F20020085200200951F020036
:101FC000951F0200951F0200951F0200951F020039
:101FD000D91F0200951F0200A378042BDAD04648CF
:101FE000002107F04DF90023C4E90D33E378012BFC
:101FF000D0D1A378012B04BF032384F894304FF48D
:102000002032002304F1400006F044FBC2E7A3782D
:10201000042B03D12046FFF773FFBBE7082EB9D886
:1020200001A353F826F000BF772002004D200200E4
:102030006920020015200200152002001520020070
:10204000692002007720020077200200012120464B
:10205000FFF7EEFD20460CF0C7FC0022002304F140
:10206000400006F04BFB95E7637A002BD2D0204668
:10207000FFF7B0FCCEE7214A2B461E4802210CF0A8
:1020800091FC87E7637A3E2B0FD16D4688B06A4694
:102090001B4BC2E90534032342F8103F15480023C7
:1020A0004FF4C451FAF75CF9AD46164D05F5847648
:1020B000616911B9FEF7B4F86CE7A2690B68636156
:1020C000914208BFA3612046FFF7B4FCB5F8043184
:1020D000002B14BF3046002006F088F8E8E70A4AD3
:1020E0002B46CAE7402203001642030020420300A9
:1020F00003000001B01B0300340A0020314203003A
:1021000048420300C80700206F42030070B5024632
:1021100005460E460A4801210CF08AFC044610B917
:102120000024204670BD83781E42FAD1054A064835
:102130002B4602210CF036FC2046FFF7E1FEEFE7CC
:10214000B02200208B420300B01B0300F8B5074605
:1021500009480D4616460CF050FC044650B18378F1
:102160001F4203D1BDE8F840FFF7CABE3146A84779
:102170002046F7E7F8BD00BFB02200200249002248
:102180000120FFF7E3BF00BFD7E90200034BC01AED
:10219000034B00115843C0B2704700BFB02200206B
:1021A000C54EECC470B51C46144305460E4608D017
:1021B0000FF03AFB0D4908580D49884204BF002230
:1021C00013460C49002D14BF284608460BF0F9FDB4
:1021D000044630B9084A094802210BF0D8F92046D4
:1021E00070BD711D0C300BF041FEF8E708000000D7
:1021F000F03000202C0D0020A2420300B01B030091
:1022000010B50446054806F0D7F9204600F0B6FBA5
:102210002046BDE81040FFF7DDBB00BF140A0020D8
:102220002DE9F04F87B000AF0025FD607D61FFF71D
:1022300003FE0446F8B1837A072B26D06E4688B099
:102240006A46814BC2E90530032342F8103F7F48BC
:102250002B464FF4C451FAF783F8B5464FF0FF31DF
:10226000D4F8A43007F1100220469847014630B94F
:102270002046FFF745FE1C37BD46BDE8F08F7B6961
:10228000FA6820460CF090FBE8E7DFF8C481D0F84C
:10229000A430B8F8041107F1100298470646002848
:1022A000E6D0B8F804213B699A4208D30146D4F835
:1022B000A85007F1140307F10C022046A8477B69D8
:1022C0007B60338AD7E903BA002B00F0BA8030462E
:1022D0000CF0FAF88146E8B16FF004036D4688B05F
:1022E0006A465C49D461C2E90513042342F8103FF1
:1022F000564800234FF40151FAF732F83146204690
:102300007B69FA68AD460CF04FFB132120460CF0B8
:10231000B1FBADE7B8F804314F48002B08BF0020EF
:102320000022002305F086FF10B16FF00B03D5E704
:102330004A480022002305F027FF05460028F4D074
:102340007B68C0F804B08360B8F804B1338ADA451A
:1023500098BF1FFA8AFB5B4545D930460BF060FDFC
:102360005946FFF77DFBB8F8042194F8C430924534
:1023700094BF02334FF0010984F8C490834698BF9C
:10238000DBB204F1C00ABFF35B8F5AE8002F0132C1
:102390004AE800210029F8D1BFF35B8F00222A60B0
:1023A000A2691ABBC4E90555A278012A21D10421EA
:1023B0000BF10C007B600BF07BFD7B68228803F047
:1023C000FD0342EA03330380BBF81030043B438033
:1023D00002238BF818305846FDF7D0FD814650B9DE
:1023E000FDF71EFF44E759463046BAE71560A56180
:1023F000DAE76FF01509BFF35B8F5AE8003F013B46
:102400004AE80032002AF8D1BFF35B8F294604F175
:1024100014000CF096FA4B46114A0C4801210CF0BE
:10242000C1FA5846FBF718FD20462946FFF702FB84
:10243000B8F804310848002B08BF002005F0D6FE8C
:102440004AE76FF0790349E7CB420300B01B030072
:10245000C8070020E2420300D0080020140D00202D
:10246000393B0300F8B5031D044618460CF094FAF6
:10247000420519D5B4F88620B4F88810914213D8D3
:10248000B4F88A1091420FD3D4E9231291420BD1B0
:10249000BFF35B8F53E8001F21F4806143E8001213
:1024A000002AF7D1BFF35B8F104B1D686DB155F853
:1024B000046C143D3EB1B4F88E30B4F88C20B4F8FE
:1024C00086102046B0476D69F0E7094D094FBD42BF
:1024D00000D3F8BD2E693EB1B4F88E30B4F88C202C
:1024E000B4F886102046B0471835F0E7A43A00202B
:1024F000581B0300701B03002DE9F04107460846F6
:102500000D460CF031F8064618B900263046BDE8F5
:10251000F081144B1C6884B154F8083C143C0BB98E
:102520006469F8E72946384698470028EDD02846E0
:102530000CF01AF80028F3D1E7E70B4CDFF82C80F9
:102540004445E3D2E3680BB91834F9E72946384625
:1025500098470028D9D028460CF006F80028F3D177
:10256000D3E700BFA43A0020581B0300701B0300F0
:1025700038B505460C460E480121FFF77BFBB0B18C
:10258000057223680367A388A0F87430A37980F8E4
:10259000763001238370074BC0F8A430064BC0F897
:1025A000A830064BC0F8AC30054BC0F8883038BDB9
:1025B000B0220020712A020085E9020079E90200B8
:1025C0001800280070B505460A480E460CF015FAAA
:1025D000044620B18378012B04D0FFF791FC00243E
:1025E000204670BD324629460CF064FA0028F7D127
:1025F0002046F2E7B0220020B0B500AF0D46FFF74D
:10260000E1FF044608B32846FCF792FFA37A082BA3
:1026100096BF0F4A0F4B52F823306D468AB06A4678
:102620000D49C2E907030D4B53620D4BC2E9051476
:1026300042F8103F0B4800234FF44251F9F790FE47
:102640002046AD46FFF75CFC0120BD46B0BD00BF93
:102650004022030016420300054303000103020465
:1026600005000002B01B0300F8B505460E480E46F3
:1026700017460CF0C2F9044620B18378012B03D031
:10268000FFF73EFC00240DE036B1324629460CF03F
:1026900011FA08B92046F3E7A37ABB42FAD1237AAC
:1026A000AB42F7D12046F8BDB022002010B58378A8
:1026B0000B70C3784B70037A8B70837A023BDBB26A
:1026C000062B96BF1F4A0023D35C0B7701234B7761
:1026D0000023CB838378012B31D100F170038B6011
:1026E000037A194AC3EBC30313444B60C47800F167
:1026F0007E0300F1770214B11C4613462246C1E95D
:102700000323B0F886308B82B0F88C30CB82B0F8DF
:102710008E300B83D0F8A03023B15B7BDA0644BF48
:102720000123CB77D0F8A03013B15B7B9B0601D49B
:10273000002010BDCB7F43F00203CB77F8E76FF0AA
:102740001500F6E78D430300C807002038B504469E
:1027500008460D460BF008FF38B3154B93F8D830F8
:10276000990707D4E37873B129462046BDE838407D
:1027700000F088BA94F895309A07F3D5201D0CF034
:102780000BF90305EED4294620460CF0B5F958B9EB
:102790002B88A4F888306B88A4F88A30AB88A4F81A
:1027A0009030EB88A4F8923038BD6FF01500FBE74D
:1027B000C8070020F7B510F8363C0446A0F14006E3
:1027C0000BBB30460CF08FFA3A4B1D684DB155F8F3
:1027D000103C143D1BB114F8371C304698476D6906
:1027E000F4E7354D354FBD4205D3304603B0BDE863
:1027F000F040FFF785BB6B681BB114F8371C3046FF
:1028000098471835EFE710F83E3C012B31D1BFF364
:102810005B8FA0F13C0555E8003F23F4806245E85A
:1028200000210029F7D1BFF35B8F590529D5A36C8F
:1028300000936946236D01933046FFF787FF0346F7
:10284000C8B9BFF35B8F55E8003F23F4007345E838
:102850000032002AF7D1BFF35B8FBFF35B8F55E8DF
:10286000003F43F4807345E80032002AF7D1BFF3FC
:102870005B8F03B0F0BD124A124802210CF092F8AF
:10288000EBE7114A4FF4281369463046CDE900239F
:10289000FFF75CFF034650B9BFF35B8F55E8003F7D
:1028A00043F4007345E80032002AD4D0F6E7074A23
:1028B000E2E700BFA43A0020581B0300701B03008E
:1028C0003E430300B01B03001800280063430300CD
:1028D00010B50C480EF080FB0B490A480EF088FB3F
:1028E0000A4908480EF084FB094906480EF080FBAF
:1028F0000CF0D2FD0DF08DF9044608B90CF040FA49
:10290000204610BD140D0020803A00208C3A002093
:10291000983A002008B50346034A044801210AF00A
:102920003FFE002008BD00BF1D440300D81B03006C
:1029300080B500AF88B06A46074BC2E90530032373
:1029400042F8103F054800234FF4C251F9F708FD43
:102950006FF00B00BD4680BD45440300D81B03004B
:10296000044B1A680AB1FFF7E3BF034858600B60D5
:1029700010467047AC3A002084220300F7B5274D7B
:10298000274F04460026BD4201D303B0F0BD6B685B
:1029900001A92046984700283BDB019B2A889A82A0
:1029A0009A8403F11002A868BFF35B8F52E8001FFE
:1029B00042E8006CBCF1000FF8D1BFF35B8FC3E9B4
:1029C00013669E649E60A16B03F1080219BBC4E903
:1029D0000D221C60D86003F130000EF0FDFA019862
:1029E00043681B6803B19847019BBFF35B8F1033AB
:1029F00053E8001F41F0010143E80012002AF7D11B
:102A0000BFF35B8F01984368DB6913B100F11001DC
:102A100098470C35B7E70A60A263DAE7341B030076
:102A2000581B030073B5002A0E7A0546184614BFDA
:102A3000022301239E4209DD0B4A0C480096012126
:102A40000AF0B8FD6FF0150002B070BDCB7A072B0D
:102A5000F8D9C8618A6105F130000EF0C9FA28463C
:102A60000CF0B9F80020EFE76C440300D81B03001A
:102A70002DE9F047D0F8B04000AF0E4691464CB17A
:102A8000483C236B6BB104F1300A50460EF0C5FA96
:102A9000054658B9FDF7C4FB00252846BD46BDE8EC
:102AA000F08720460CF0B7F8A46CE8E70BF00CFDBB
:102AB00080B16C4688B06A46294BC2E905350323CC
:102AC00042F8103F274800234FF4C251F9F748FC61
:102AD000A546E1E7236DB3B9A38CB5F81080403B60
:102AE0009BB23F2B03D8238D984528BF98460421DD
:102AF00005F10C000BF0DCF9A0F80080A38C4380FA
:102B000008F104032365236D2A8AB3420ED8934249
:102B100015D0A38C403B9BB23F2B1ED920460CF016
:102B20007AF8236B13B120460CF055F8236DC9F8E1
:102B300000309E4234BF9E1B00262665ADE7002272
:102B40000023504605F020FBA38CA3F140023F2A4E
:102B5000E4D8054AAA61EB61E0E700221346F9E7F1
:102B60008C440300D81B030031ED020073B50D4601
:102B70000646042105F10C000BF0AAF92B8A4288C5
:102B80009A42044607D01B48009201211A4A0AF0D3
:102B900011FD02B070BD43783BB9184A15480121B8
:102BA00002B0BDE870400AF0F2BC0378012BF0D00F
:102BB000132B03D1012AECD8114AEFE7114A0D4833
:102BC00002210AF0EDFC61783568022201200BF049
:102BD000E6FF04460028DCD002210C300BF051F94E
:102BE0000023037043702146284602B0BDE87040C0
:102BF0000CF0ABB8D81B0300A4440300C544030089
:102C0000E64403000245030008B50B8A032B06D8EF
:102C1000044A054801210AF0BAFC002008BDFFF76C
:102C2000A5FFFAE72A450300D81B030038B50B8A35
:102C3000032B05460C4609D80F4A104801210AF01B
:102C4000A6FC2046BDE83840FBF706B9042104F194
:102C50000C000BF03DF9418828460CF087F830B99C
:102C6000074A06480B4602210AF09AFCE9E7436846
:102C700021465B699847E4E748450300D81B0300F9
:102C80006545030070B5124B0C4619780131C9B285
:102C9000012938BF012105460822122019700BF0C6
:102CA0007EFF064688B108210C300BF0EAF8228836
:102CB000028062884280A2888280E288C280314697
:102CC0002846BDE870400CF040B86FF00B0070BDB6
:102CD000F649002023281FD81A2804D8431E182B91
:102CE0000ED906207047A0F11B03082B1ED8DFE881
:102CF00003F0051D1B231D19251D0500032070472A
:102D00000F4A012383401A40C2B90E4A1A40002AD2
:102D100014BF01200620704700F07F03522B05D11D
:102D200000207047012070470520704710F0400FC9
:102D30000CBF062000207047042070470220704717
:102D4000AAAA8A0254554501011F01480EF094B801
:102D5000340C002010B500F154030446BFF35B8F20
:102D600053E8001F41F0010143E80012002AF7D1A7
:102D7000BFF35B8F201F0CF0C2F804F1740004490C
:102D80000EF03DFA2068BDE8104001F071BE00BFB2
:102D9000353D02002DE9FF4105460E464FF0000883
:102DA0004FF42053006817688DF8088002A9144674
:102DB000ADF80A300BF0D1FAA0B142F60103286851
:102DC0008DF80C8003A9ADF80E300BF0C6FA48B1AF
:102DD00023691BB15A88B24200D25E80012004B040
:102DE000BDE8F081616828680BF0B7FA10B10023E4
:102DF0002361F3E7E368A0681A786AB1B7F81AC0EC
:102E0000798D038A8C4594BFC3EB0C03C3EB01039C
:102E1000934201DA0020E2E704210C300BF031F894
:102E20002061068023695E80074B00930194A268AD
:102E30000023294638460CF0A5F80028EADB206973
:102E4000003818BF0120CAE765EF02002DE9F04104
:102E500082B000AF044688463E480022002339462F
:102E600005F0B0F80546B0B16D4688B06A463A4BF9
:102E7000C2E90534032342F8103F384800234FF4D9
:102E8000C251F9F76DFAAD466FF00B0630460837C0
:102E9000BD46BDE8F0810EF0C7FC314B3E681A58C4
:102EA000304B29461A60301D28220EF0ACFC3460ED
:102EB0003C682D487D60C4E90155C4E909550022EC
:102EC0000023391D05F07EF8064688B123686C465C
:102ED00088B06A462549C2E90513032342F8103F2A
:102EE0001E482B464FF4C451F9F73AFAA546CBE7F2
:102EF0007B680146B02218460EF085FC1C4A8260B1
:102F000060300EF069F87B68BFF35B8F583353E88D
:102F1000002F43E800610029F9D1BFF35B8F7B6884
:102F20001C60636A7D681BB904F10C000EF054F854
:102F3000626AC5F8A820A26A05F1A803636202B913
:102F4000A3627B6817225A855A830433C8F800307D
:102F50009CE700BF180C0020A1450300A01B030044
:102F600008000000483B0020340C0020C645030048
:102F7000440A00202DE9F743176805468846006893
:102F800051687E6814460BF0E8F98146002842D16A
:102F90003046952229460CF02FFD0646207540B19B
:102FA000E3681B780BB184F81490002003B0BDE8EF
:102FB000F083A0680AF038FF02210C300AF061FFAC
:102FC000164B2061A0F8008000930194A26833465C
:102FD000294638460BF0D6FF002807DA10F1FF0F1C
:102FE00026BF4042C0B20E202075DEE72369002BC9
:102FF000DBD0A0680BF0CFFE7B8B7A8D9A4294BF1A
:10300000C0EB0200C0EB0300E3681B78984294BF5A
:1030100000200120CAE70120C8E700BFA7ED020099
:1030200073B50D46438D418B8B4202F1010228BFDF
:103030000B469A42064609D9194800920221194ABC
:103040000AF0B8FA0024204602B070BD2846FFF707
:1030500041FE022812D0042810D04FF0FF324FF06A
:10306000FF33114800210BF056FE044650B90F4AB9
:103070000B482B4601210AF093FAE3E74FF4702244
:103080000023EEE7FAF734FE094B182202FB003367
:10309000012104F10C009E600AF0F3FE0570D2E7F6
:1030A000A01B0300EB450300580D00201D44030046
:1030B000003B00202DE9F04F91B0166880460F4686
:1030C000002542F601030068D6F804908DF82C50D4
:1030D0000BA91446ADF82E300BF03FF9002870D044
:1030E0004FF42053D8F800008DF82C500BA9ADF800
:1030F0002E300BF032F938B1A3681BB15A88BA42AE
:1031000000D25F8001200EE0616808460BF043FEAC
:10311000728B738D9A4294BFC0EB0200C0EB030028
:10312000032803D8002011B0BDE8F08F08460AF04C
:103130007BFE054660680BF02EFE728B738D05F1E9
:103140000C0B9A4294BFC0EB020AC0EB030A58462C
:103150000AF0D2FE824537D260680BF01CFE728BFB
:10316000738D9A4294BFC0EB0200C0EB030070B9AC
:103170006368987AFAF7B4FD002200230AF021FE72
:1031800005460028CED0014660680AF05EFE0023A6
:103190000093D8F80460102302AA41464846B0477D
:1031A000061E0EDB227CE068B2422BD001460BA843
:1031B0000BF001F960B9237C144A154802210AF08A
:1031C000EFF90023A3609DE758460AF095FECEE78D
:1031D000F2B202A906A80BF0EEF810B90D4A334678
:1031E000EBE706A90BA80BF0B8F80028E9D10023FB
:1031F0006374042105F10C000AF043FEA06007800F
:10320000A3687EE702A90EF06FFAEEE7104603000E
:10321000A01B03002F4603002DE9F84F0746084680
:103220000C46FAF765FDDFF8BC80E16818234343DC
:1032300008EB03020646D2F808A0BFF35B8FB86D17
:10324000BFF35B8FC00709D4274A284801210BF040
:10325000BCFD6FF015052846BDE8F88FE0680078E2
:103260001071002248F803200B78D22B0FD13B6855
:10327000214618680CF0CAFC054640B11C4A1B48A0
:1032800001210BF0A2FD2046FAF7E6FDE3E704F189
:103290000C000AF02DFE182303FB0683B4F810B0CF
:1032A0009F60002381461A462146381DFFF7BAFB6E
:1032B00005460028CFD010F1690F04D10D4A0B4804
:1032C00001210BF082FD6369A4F810B013FA89F3B1
:1032D000E36018235E4308EB060348F80650C3F882
:1032E00008A0B8E7003B00204E460300A01B0300E7
:1032F000684603007B4603002DE9F14F0546FAF7C7
:10330000F7FC3D49182202FB00F3C81851F803806E
:103310000779B0F80690D0F810A00021D0E9024655
:103320000EF071FAA87AFAF7DBFC6969834651B1AD
:103330006B7AD80705D4DBF824301B6828469B68D5
:10334000984700236B61294658460DF05CFE002F1C
:1033500045D0002C43D02368002B40D01B68002BA5
:103360003DD0B8F1000F08D0244A2548434601213A
:1033700001B0BDE8F04F0AF013B9201D0BF0C8FFF3
:103380003846FFF7A7FC052829D8DFE800F01E0320
:10339000281E2803BFF35B8FA36DBFF35B8FDA0793
:1033A00007D4184A1648012101B0BDE8F04F0BF0D0
:1033B0000CBDE36D9BB14FF47022002304F1780043
:1033C00001B0BDE8F04F05F099B923681D68BFF35F
:1033D0005B8FA36DBFF35B8FDB07E2D556B901B0FE
:1033E000BDE8F08F51462846B0470134A3B2994555
:1033F000F8D8F4E70024F9E7003B00209E460300DC
:10340000A01B03004E460300F7B50B8A076804466D
:103410000D463BB9294A2A4801210BF0D6FC002071
:1034200003B0F0BD012105F10C000AF051FDBB7A9B
:10343000072B0646F3D154F8043C002BEFD0037859
:103440002048043C002210F832709F4200EBC20179
:103450000FD12A8A48788F78904222D91848009351
:1034600001211346184A0AF0A5F8012FD7D10423E9
:1034700020E001320E2AE6D11148144A02210AF056
:103480008FF831780846FFF725FC0028C7D00528BB
:10349000C5D00029C3D00623002220460BF07CFFB4
:1034A000BDE74B68204629469847012F0346B6D111
:1034B0000028B4D031780029B1D0EDE7BD46030033
:1034C000A01B0300AC220300F2460300D846030011
:1034D000F0B51E4603680D46003987B0044618BF94
:1034E0000121186817460CF027FB40B904F1580079
:1034F0000BF00AFE002844D0002007B0F0BD002EDB
:1035000041D01822002168460EF07DF947BB2368A0
:103510001E4A1B6800930023ADF812300C9B0393E6
:10352000BDF83430ADF8103001238DF81430314639
:103530006B4630468DF808500BF07AFC9DF814303D
:10354000C3B1002FD8D00198FAF786FC9DF814304B
:10355000002DD1D03246294620460BF01DFFCBE787
:10356000002239462046FFF75BFD01900028CED1AE
:103570001120C2E701990029BED020460BF0FEFEC3
:10358000BAE71220B9E70120B7E700BFCFED02008C
:1035900008B5837A072B06D00C4A02210C480BF0A1
:1035A00014FC002008BD04210BF0E0FB10B9094A0F
:1035B0000121F3E7BFF35B8F436DBFF35B8FDB0745
:1035C00001D4054AF4E750F8040CEBE71147030077
:1035D000A01B03001F4703004E460300F8B50F462B
:1035E0001646FFF7D5FFB0B1446A20461CB150F82B
:1035F000A84904B1A83C731C194638B1428D458BCB
:10360000AA4228BF2A469A4207D264B90A4A0B48FE
:10361000022109F0C5FF0020F8BD32463946BDE859
:10362000F840FFF7FDBCD4F8A85005B1A83D2046EE
:103630000B462C46E2E700BF3A470300A01B0300FD
:10364000F8B54FF470220746002311480D460AF0E2
:10365000B8FB044638B90F4A0F482B46012109F040
:103660009FFF2046F8BD00F10C06092130460AF004
:10367000FDFB2046FAF73CFB084B182202FB003307
:10368000012130469F600AF0FCFB0570E9E700BFAE
:10369000580D00201D440300A01B0300003B002028
:1036A0002DE9F0410E8A043EF6B2022E04468CB09B
:1036B000084601D0102E64D104210C300AF008FC19
:1036C0000DF1080805884788011D324640460AF07A
:1036D00072FE002857D09DB3002687B3BD422FD875
:1036E0004FF4205301A940468DF80460ADF8063030
:1036F0000AF033FE40BB1422002107A80EF083F825
:1037000011212046FFF79CFF0990002837D00121A6
:103710000C30CDE907480AF0B4FB00230A901B4A9D
:10372000037039460B93284607AB0BF081FB0A9BCD
:103730001B78FBB90998FAF78FFB0A2301E03D4695
:1037400001232A4610210EE042F6010307A9404654
:103750008DF81C60ADF81E300AF0FFFD0028CAD0BD
:1037600010232A46194620460BF016FE00200CB006
:10377000BDE8F081099920460BF000FEF6E7112024
:10378000F5E70420F3E70E20F1E700BF952D0200D6
:103790002DE9F043036885B004460D461868012101
:1037A0000CF0CAF940B904F158000BF0ADFCB0BB05
:1037B000122005B0BDE8F0831022002168460EF00B
:1037C00022F821212046FFF73BFF029048B3DFF8A3
:1037D0005890009405F10C074FF001082B8A012B3B
:1037E00004D8029920460BF0C9FD18E038460AF0CB
:1037F00077FB6B464A46014606468DF80C800BF077
:1038000017FB9DF80C30002BE8D00298FAF724FB48
:103810009DF80C303246202120460BF0BDFD0020E3
:10382000C7E71120C5E700BF6DF102002DE9F043A5
:10383000036885B004460D46186801210CF07CF938
:1038400040B904F158000BF05FFCB0BB122005B08A
:10385000BDE8F0831022002168460DF0D4FF0F214F
:103860002046FFF7EDFE029048B3DFF85890009431
:1038700005F10C074FF001082B8A012B04D802999F
:1038800020460BF07BFD18E038460AF029FB6B461A
:103890004A46014606468DF80C800BF0C9FA9DF8A1
:1038A0000C30002BE8D00298FAF7D6FA9DF80C30CD
:1038B00032460E2120460BF06FFD0020C7E7112095
:1038C000C5E700BF27F10200F0B51D46036885B0CB
:1038D00004460E461868012117460CF02DF938B938
:1038E00004F158000BF010FC48BB122005B0F0BDED
:1038F00065B31022002168460DF085FF3946204649
:10390000FFF79EFE029018B3BDF82830ADF80430E2
:1039100001238DF80C300F4A00946B462946284647
:103920000BF086FA9DF80C305BB10298FAF794FA26
:103930009DF80C302A46314620460BF02DFD002024
:10394000D4E7029920460BF019FDF8E70120CDE7F6
:103950001120CBE727F102002DE9F0410D8A043D4B
:10396000EDB2022D04468CB0084601D0102D68D16E
:1039700004210C300AF0ACFA0DF1040806884788DF
:10398000011D2A4640460AF016FD00285BD0BEB352
:10399000AFB3BE4234D800238DF8183006A942F6E2
:1039A0002A334046ADF81A300AF0D7FC80BB182203
:1039B00000210DEB02000DF026FF09212046FFF744
:1039C0003FFE089000283AD001210C30CDE906488E
:1039D0000AF057FA0023099003700A238DF82C305F
:1039E0001A4A06AB394630460BF022FA9DF82C30C5
:1039F00003B30898FAF730FA9DF82C3001E03E4600
:103A000001233246082120460BF0C6FC00200EE0C0
:103A10002368012118680CF08FF80028C7D104F141
:103A200058000BF071FB002814BF002012200CB0CE
:103A3000BDE8F081089920460BF0A0FCE6E71120D4
:103A4000F5E70420F3E70E20F1E700BF752F020031
:103A50002DE9F0430F4687B00446062107F10C001C
:103A60000AF036FA0588B0F802808288D7F80C9000
:103A7000C5B10023B8F1000F13D0454512D88DF819
:103A800000308DF8043001A94FF420536846ADF89A
:103A90000220ADF806300AF060FC064660B10A2349
:103AA00001E0454601232A46062120460BF074FC1E
:103AB000002007B0BDE8F0830146142201A83F7C36
:103AC0000DF0A1FE07212046FFF7BAFD0290D8B104
:103AD0000A238DF815300D4A019401AB4146284662
:103AE000CDE903698DF814700BF0A2F99DF815303B
:103AF0002BB10298FAF7B0F99DF81530D3E7029987
:103B000020460BF03BFCD3E71120D2E7B530020092
:103B10007FB5CB681D885E88044685B176B1B54215
:103B20000DD81022002168460DF06DFE05212046BB
:103B3000FFF786FD019058B9112007E035460123B3
:103B40002A46042120460BF027FC002004B070BD5B
:103B50006B46094A0094314628460BF069F9029BEE
:103B600023B90198FAF778F90A23E9E70199204681
:103B70000BF004FCE9E700BF47EE020013B50B466B
:103B8000002101910E4902460DF04EFE0C680D49D0
:103B900009580D488C4208BF002201A908BF1346EE
:103BA00004F010FA014640B9019B102218460DF0AE
:103BB0002AFE0346184602B010BD0023FAE700BFF4
:103BC000483B002008000000500C002010B50446BF
:103BD000806818B1FAF740F90023A3602146024833
:103BE000BDE810400DF048B9500C00202DE9F34716
:103BF000044678300E4617461D460DF00CFBE06D6E
:103C000058B9174A174802210BF0DFF820680BF06B
:103C100037FB002002B0BDE8F087134B98424FF00D
:103C2000000802D1C4F85C80F0E7D0F80490C0F836
:103C30000480E06DD0F80CA0FFF7C8FF2068C4F83E
:103C40005C800BF01DFBB9F1000FE2D02068CDF8CD
:103C500000A000683B4632462946C847D9E700BF66
:103C600055470300A01B03004C3B0020F7B550F85C
:103C7000044C0546002C59D000F1A40104F12400A5
:103C80000BF027FA2E1F05F15C07002200233846AF
:103C900004F07AFA024678BBAB6D2BB101466FF0A7
:103CA00067033046FFF7A2FF002345F8043C05F107
:103CB0005403BFF35B8F53E8001F21F0010143E879
:103CC0000012002AF7D1BFF35B8F636A73BB04F164
:103CD0000C0600220023304604F056FA78B96668D4
:103CE00086B91348266021460DF0C6F8286803B04F
:103CF000BDE8F04000F0E0BEFAF7AEF8C5E7FAF72D
:103D0000ABF8E6E7A26833686360964208BFA36039
:103D100077683FB1F3680093002320681A466FF07C
:103D20006701B8473046FFF751FFD8E703B0F0BD51
:103D3000180C00202DE9F04192B050F8783C06AF05
:103D4000064618680AF0D6FE037804463D1D032B8C
:103D50003BD8DFE803F0023436381F492846F7F72E
:103D600090FAA379059562780492A2780392E2789A
:103D70000292227901926279009207F11008174AA3
:103D80001E21404608F07AFA6C4688B006AA144B09
:103D9000C2E905384FF400739383124B42F8103F89
:103DA00000234FF4E2511048F8F7DAFAA6F1740054
:103DB000A546FFF75BFF3037BD46BDE8F0810B49F4
:103DC000CCE70B49CAE70B49C8E70B4A0A2128464A
:103DD00008F054FAC5E700BFB0360300D23603003E
:103DE0006C47030003000001A01B0300B73603006B
:103DF000BE360300C8360300EB460300F8B51D4687
:103E00000F461646F9F774FF044C182303FB0040D5
:103E1000C0E903760123C3800575F8BD003B00208F
:103E200008B530B9074908480BF027FC38B10748F6
:103E300008BD054A12F8011C0AF03CFEF6E7002016
:103E4000F6E700BF9D360300753B0020743B002061
:103E500010B5074C2378834207D1601C0BF00DFC92
:103E6000002814BF2046002010BD0020FCE700BF42
:103E7000A248002010B54A1C0C4638B109780AF057
:103E800019FE08B1204610BD0020FCE7024910468B
:103E90000BF0F3FBF5E700BF9D3603002DE9F84377
:103EA0001E46BDF82030D1F80C8081460F46002B0D
:103EB00045D1731E012B45D8012E4146157818BFF8
:103EC0001588FFF7D7FF0446C0B915B93046BDE8DD
:103ED000F8834146FFF7CEFF044638B91B481C4A19
:103EE00002210BF0C8FB6FF01000F0E709F1700140
:103EF00001300BF09BFB99F808302370D8F8103094
:103F00008BB92581B8F80A30AB4203D04146384618
:103F10000BF067FB002DD9D10E49601C0BF086FB1E
:103F200025702581D2E72A46394648469847002819
:103F3000CDDB01380128E4D96FF00D00C7E76FF041
:103F40000600C4E76FF00C00C1E700BFC01B030010
:103F50008D4703009D36030008B5044A044801213B
:103F60000BF089FB6FF0040008BD00BFA7470300FA
:103F7000C01B0300024608B5084901300BF056FB90
:103F8000002313720C32BFF35B8F52E8001F42E82C
:103F900000300028F9D1BFF35B8F08BD9D360300C8
:103FA0002DE9F04180460F4616461D46FFF750FFAB
:103FB000044680B90F49FFF74BFF044630B9BDE80E
:103FC000F0410D4A0D4801210BF055BB00F8018B63
:103FD00039460BF02BFB228963891AB92BB926814C
:103FE000658104E0964238BF26819D42F8D8BDE83D
:103FF000F08100BF9D360300BA470300C01B0300D9
:104000002DE9F041234B154682689A42074602D1BA
:10401000C468638933BB0120BDE8F081FDF770FF00
:10402000E36800216181002BF5D038469847F2E71C
:1040300005F17008287A41460AF0B9FA68B9164BBA
:104040009C4202D128460BF08CFB144930460BF001
:10405000EDFA002323702381E2E7414630460BF05E
:10406000E5FADDE72389002BDAD02646284616F844
:10407000011B32460AF01EFD0028D9D120783146B6
:10408000FEF7A0FA0028CBD0837A072BC6D1FDF724
:1040900037FFC0E79D3E0200840A00209D360300E2
:1040A00013B5BDF810100B4C104608294FF4281218
:1040B000CDE900420BD8C1F108049C42A8BF1C46C0
:1040C000224669440DF077FB204602B010BD6FF028
:1040D0000604F9E7180028002DE9F0411F46BDF855
:1040E0001830012B0646904634D83B44012B3D4600
:1040F00033DCFFF795FE044668B9FFF791FE0446EE
:1041000048B9194A194802210BF0B5FA6FF01005A9
:104110002846BDE8F08197B1217A98F80020002365
:1041200021FA03F0C70703D522FA03F0C00717D519
:104130000133032BF4D102F0070211432172601CFA
:1041400006F170010BF072FA337A237020460BF0FF
:10415000D8FBDDE76FF00605DAE76FF00C05D7E76F
:104160006FF01205D4E700BFD9470300C01B03005E
:1041700010B504461448BFF35B8F50E8003F23F0AE
:10418000020340E80032002AF7D1BFF35B8FBFF390
:104190005B8F0368BFF35B8FDA0704D5002200232F
:1041A000303804F0ABFA20460BF0F0F950B120465D
:1041B000FFF736FE30B1037ADB0703D5BDE81040C8
:1041C0000BF09FBB10BD00BF3824002010B5154870
:1041D00001210BF05AFAC30723D4022111480BF036
:1041E00054FA084007D11049104A0B88104CA242DB
:1041F00011D300B10B800F490F480DF000F80E48A5
:104200004FF4A4720023FBF7EDF9BDE810400B4911
:104210000B480CF0F4BF506803449BB208320120F5
:10422000E5E710BD843B0020AE480020701B030072
:10423000881B03005D4402009023002069460200B1
:10424000082400202DE9F041034648B1008A38B91E
:104250001249DFF84CE001244FF0140C714501D3F2
:10426000BDE8F081D1E90076BB4204D30CFB0672B5
:10427000143A93420ED93444A2B208311446EDE701
:104280000CFB0578434507D001356219B54292B25F
:10429000F6D1F2E70025F8E71046E1E7701B0300CE
:1042A000881B03002DE9F74FBDF830500091994667
:1042B0004FF6FF73002D08BF1D46244B1B88834219
:1042C000074690463CD203B0BDE8F08F73682344A4
:1042D000BB4232D29CB208361D4B9E42F6D3F2E767
:1042E0008958019340460AF038F8019B90B1013497
:1042F0000AF1010AA4B273685345ECD9009B9C42B1
:10430000E1D8BC423168F2D30BFB0AF28B18B8F14A
:10431000000FE5D1B9F1000F0BD1013DADB2184648
:104320000E9A0D9B21469847002DCCD00028DED157
:10433000C9E7DA689145DAD1EFE74FF0000ADAE72A
:10434000044E01244FF0140BC6E700BFAE48002016
:10435000881B0300701B030010B5C8B000241AAA04
:10436000694604A8CDE90044CDE9024409F004FC03
:1043700068B14FF6FF710120114A04AB0BF02FFB1F
:10438000104804A909F08DFC40B90F4A00E00F4A1B
:104390000F4801210BF06FF948B010BD094B2146C1
:1043A00003F110020131187812F8014D03F8014BA6
:1043B00008291070F6D107480BF067F9ECE700BF49
:1043C000BDF60200802300201748030005480300C3
:1043D000C01B030038240020F8B51D49BDF8186043
:1043E0000446A1F130001F4615460CF027FFBFF32D
:1043F0005B8F184B1B68BFF35B8F190701D4FFF766
:10440000ABFF2046FFF70CFD014670B1037ADA07D7
:104410000BD5BFF35B8FCB68BFF35B8FDB0700F17E
:104420000C0002D402210BF030F9102E0CD8C6F18A
:1044300010040949BC42A8BF3C46224631442846E4
:104440000DF0B9F92046F8BD6FF00604FAE700BF99
:10445000C02300203824002080230020054BBFF318
:104460005B8F1B68BFF35B8F1B0701D4FFF774BF23
:10447000704700BF3824002007B500230193FFF7E1
:10448000E1FE411C89B20846034A01AB0BF0A7FAD2
:10449000019803B05DF804FBDDF502002DE9F0475B
:1044A000894651684F8A17F094078046154609D00F
:1044B0002B4A2C4802210BF0DEF84FF0FF3528463E
:1044C000BDE8F08702220BF0B3FA38B9264A254836
:1044D00002210BF0D0F86FF01505F0E74FF47020D3
:1044E0000021AE8AFFF74AFB0236044688B11F4B13
:1044F0004360C56032461D214046FFF76FF806460F
:1045000050B918481A4A02210BF0B5F82046FFF7B7
:104510005DFB6FF00B05D2E701233A46394606F101
:104520000C0AFFF76BFC0221504609F0AAFC074673
:10453000504627F8029BA98A09F0A3FCAA8A296998
:1045400038460DF038F9A660214640460BF001F8D8
:1045500005460028B3D02046FFF738FBAFE700BF81
:104560002A480300C01B030040480300F7F502007F
:104570006B48030030B5394BBFF35B8F1B68BFF34B
:104580005B8F5A078BB004460D4661D510B1837A14
:10459000072B60D168680590FFF754FE2A68ADF8D4
:1045A00018003AB305A902912D4901910121002378
:1045B00000914FF6FF710593FFF774FE059B1BB941
:1045C0006FF001000BB030BD6B60059B18680023D5
:1045D0008DF8103004A942F60303ADF8123009F04B
:1045E000BCFE70B90598C3689B799B0605D46FF033
:1045F0001500E7E70028E8D1E2E70BF09EF9ADF8F7
:104600001800BDF818003CB101230146AB752A46DD
:104610002046FFF743FFD5E76FF07F0307930223A0
:10462000ADF8203042F60213ADF8123005ABAC7590
:1046300002930C4B01930123009304AA23464FF6E7
:10464000FF7109958DF81040FFF72CFE0798B9E728
:104650006FF00A00B6E76FF07F00B3E79C08002018
:1046600025F602005D49020013B550F8082C0192AE
:104670000346A0F1200100F13004BFF35B8F54E842
:10468000002F22F0010244E800200028F7D1BFF3F8
:104690005B8F0D4A43F81C2C0C4A43F8182C01AAD6
:1046A000002043F8102C042223F8080C23F8060CF1
:1046B00023F80C2CFFF75EFF18B9022120460AF000
:1046C000E4FF02B010BD00BF54230300714102009B
:1046D000F8B5334B156882689A4200AF04461FD183
:1046E000C6683389721CDBB1317828460AF0E2F9DA
:1046F000B0B14FF49572214628460BF07DF903289E
:1047000011D16D4688B06A46264BC2E9053442F89D
:10471000100F254800234FF4C451F7F721FEAD4692
:104720000120BD46F8BD314620460AF05AFF1F4B16
:104730009E42F5D1287A05F17001FFF789FB044606
:104740000028EDD0038913B94389002BE8D028460F
:10475000FDF71CFD164A238922F8203002EB800366
:10476000618959801349144C182303FB001300B2CC
:1047700002EB800200EB40005C601A610F4C9C6011
:10478000042201EBC00128469A82FFF7F3FE0028BD
:10479000C6D00B4A044801210AF06DFFC0E700BFF4
:1047A0009D3E020092480300C01B0300840A0020C3
:1047B0009E4800205C3B0020542303000BF90200BC
:1047C000A64803002DE9F843884651684B8A03F058
:1047D00094030746144643B12148224A02210AF0B5
:1047E0004AFF4FF0FF30BDE8F88301220BF020F9BB
:1047F00038B91B481C4A02210AF03DFF6FF0150032
:10480000F1E7A2891B2102323846FEF7E7FE054692
:1048100038B91348154A02210AF02DFF6FF00B003A
:10482000E1E700F10C090221484609F02AFB06469F
:10483000484626F8028BA18909F023FBA289A168CA
:1048400030460CF0B8FFD4E9041228460123FFF7E4
:10485000D5FA29463846BDE8F8430AF04DBE00BFF8
:10486000C01B03002A48030040480300C34803005C
:1048700030B5374BBFF35B8F1B68BFF35B8F5A07B5
:104880008BB004460D465DD510B1837A072B5CD101
:1048900068680590FFF7D6FC2A68ADF818003AB3AF
:1048A00005A902912B4901910121002300914FF6A6
:1048B000FF710593FFF7F6FC059B1BB96FF0010034
:1048C0000BB030BD6B60059B186800238DF810306D
:1048D00004A942F60303ADF8123009F03EFD70B9A9
:1048E0000598C3689B79DB0605D46FF01500E7E7F0
:1048F0000028E8D1E2E70BF020F8ADF81800BDF889
:1049000018002CB101462A462046FFF75BFFD7E787
:1049100042F60212ADF8122005AA6FF07F03029250
:104920000D4A07930123CDE90032ADF8203004AAE7
:1049300023464FF6FF7109958DF81040FFF7B2FC42
:104940000798BDE76FF00A00BAE76FF07F00B7E79E
:104950009C08002025F602005D490200F8B53E4B98
:10496000144682689A42074601D00120F8BDC66805
:104970003A4B9E4256D03289A3899A4206F10101F0
:10498000F3D13078FDF71EFE05460028EDD0837A7E
:10499000072B05D0FDF7B4FAE7E7FDF7B1FAEAE730
:1049A000736923B13946984708B92846F2E77B8AEC
:1049B00013F0940705D02A4A2A4802210AF05BFE28
:1049C000F3E7A389022B14D1338913F0020604D133
:1049D0002846FDF795FAA660C7E72269A188284610
:1049E000FFF75CFD0646A8B92269937D01339375F4
:1049F000EEE7012B04D02846FDF782FAA760B4E762
:104A0000338913F00106E3D02269A1882846FFF715
:104A1000D9FE06462846FDF773FA002EA660A4DAF2
:104A20000020A3E7104D114928460AF026FE002871
:104A3000A1D115F8010C07222946FDF715FE002823
:104A4000ABD1236915F8010C1A69294653881288DD
:104A5000FFF7A6FA8FE700BF9D3E0200840A002000
:104A60002A480300C01B0300A34800209D36030012
:104A700007B5064A00906B4601204FF6FF718DF88E
:104A800004000AF0ACFF03B05DF804FBD14602005D
:104A9000F8B5084B1C6805460E4617464CB154F84D
:104AA000043C043C1BB13A463146284698476468AA
:104AB000F4E7F8BD883B002070B503460F4A044672
:104AC0004FF6FF7101200AF08AFF2046FFF7A8F990
:104AD000054688B104F17006207A314609F067FD79
:104AE00020B92846BDE87040FFF744BA3146681C3B
:104AF000BDE870400AF09ABD70BD00BF01400200E1
:104B000080B500AF88B06A46074BC2E90530032381
:104B100042F8103F054800234FF4C251F7F720FC3C
:104B20006FF00B00BD4680BDFB480300F81B03007F
:104B3000044B1A680AB1FFF7E3BF034858600B60E3
:104B400010467047903B002058240300084B70B576
:104B5000C31A0D4607499B10044659430648402294
:104B60000BF066F82B4601462046BDE8704018471A
:104B7000F83B0020B76DDBB61419030073B50C4C7D
:104B80000C4A4023041B00930D460B460A49A4100F
:104B90006143064609480BF076F8011E05DA3046F7
:104BA0002B4602B0BDE87040184702B070BD00BF90
:104BB000F83B0020EFFC0200B76DDBB614190300D0
:104BC000002270B5012104461046F8F709FE0F488F
:104BD00001F0C0FF0E4B984215D10BF0BAFA2669CE
:104BE0000C49304608F0A1FB00280BDB0125356499
:104BF0002469084904F11C0008F097FB002801DB38
:104C0000E564002070BD6FF00400FBE74D4D02002D
:104C10000000AD0B802403007FB500220123CDE905
:104C2000022304ABCDE90433094ACDF800D06B462A
:104C3000CDF804D00BF054F8002805DB4FF4804287
:104C40000023684603F0F6FA07B05DF804FB00BFE6
:104C50000DFD020010B5EFF31184402383F3128899
:104C6000BFF36F8F074A136823F00201DB0711605F
:104C700002D401200BF068FA84F31188BFF36F8F20
:104C800010BD00BF483C002030B4104B0C2202FB8A
:104C9000003301460020D3E90E529863EFF31180F0
:104CA000402484F31288BFF36F8F1C6C04F0C0049F
:104CB00044F002041C6480F31188BFF36F8F1DB1B0
:104CC0002B46034830BC184730BC7047F83B0020E7
:104CD0001419030010B4EFF31182402383F31288F8
:104CE000BFF36F8F1748016841F002040460C807E2
:104CF00007D482F31188BFF36F8F012010BC01F03D
:104D000019BF4FF08041D1F80C04D1F80C14C90739
:104D1000EFD5EFF3118083F31288BFF36F8F0A4949
:104D20000B6C03F0C00343F002030B6480F31188A3
:104D3000BFF36F8F82F31188BFF36F8F002010BC19
:104D4000FFF7A2BF483C0020F83B002010B101282B
:104D500004D07047034B1B6C5B0701D1FFF794BF76
:104D6000704700BFF83B0020F8B52849BFF35B8FC0
:104D70000646012251E8003F41E800200028F9D111
:104D8000BFF35B8F33B9224922484B60CB608A6006
:104D900008F0DEFA731E012B1DD80CF07FFA0446D2
:104DA000D0B91D4B1B78BBB14FF080430222C3F832
:104DB000082305464FF08047D7F81824D7F8183451
:104DC000D20312D59B0701D0012E0ED1BCB185F3C1
:104DD0001188BFF36F8FF8BDEFF31185402383F384
:104DE0001288BFF36F8F0124E4E71CB1284608F056
:104DF000B8FFE1E70021212003F082FFDCE74FF05C
:104E000080430222C3F80423E5E700BFF43B0020FF
:104E1000E43B0020143C0020A14B002010B5044CC2
:104E20002046F6F7B5FE2046F8F704FF002010BD37
:104E3000354E020073B5104E8DF807000446032569
:104E400001220DF10701002002F086FE20B10123AE
:104E50003370204602B070BD3378002BF9D0013D8D
:104E600008D00CF01BFA0028EAD10021422003F000
:104E700047FFE5E73570ECE7F7490020EFF31182D3
:104E8000402383F31288BFF36F8F0A4BD3F80011CE
:104E900061B10021D3F80805C3F80011D3F800313F
:104EA000C0B282F31188BFF36F8F70476FF00A00B2
:104EB000F7E700BF00D00040F0B5034610469C78ED
:104EC00093F803C0EFF31182402585F31288BFF3F6
:104ED0006F8F1F7893F801E0E41B04EA0C04A042F2
:104EE00088BFA0B23E180CEA06063D461E7082F34B
:104EF0001188BFF36F8F0A188A4216D177450CD1FB
:104F0000EFF31182402181F31288BFF36F8F19787C
:104F1000597082F31188BFF36F8F1B79241AA34253
:104F200022BF064B01221A60F0BD5E190135767969
:104F300001F8016B05EA0C05DEE700BF00D0004078
:104F4000DB432DE9F04713F001050E46144604D06B
:104F50002248FFF7B1FFBDE8F0879AB3EFF311885D
:104F6000402383F31288BFF36F8F0D20F8F72AFCDC
:104F700007460D20F8F712FC88F31188BFF36F8FF6
:104F8000DFF85CA0DFF85C80CAF80051DAF8003185
:104F90004FF400590123CAF800302546C8F8809123
:104FA000DAF8003183B1FFF769FF031EC8F880917A
:104FB000F6DB013DADB27355002DF1D117B10D20D7
:104FC000F8F7DEFB2046C6E7EFF31180402383F3BA
:104FD0001288BFF36F8F08F0C4FEE1E77C3C00202D
:104FE00000D0004000E100E02DE9F041124F0D46F5
:104FF000144607F1450814B92046BDE8F0814FF08A
:10500000FF334FF0FF32384603F014F922462946A9
:105010004046FFF751FF0646384603F0E7F83EB931
:105020004FF0FF324FF0FF33044803F003F9E6E797
:10503000A41BA4B23544DEE74C3C0020643C0020B5
:1050400038B5194C0122114620460BF0EAFF012227
:10505000002104F118000BF0E4FF40F20743A4F82C
:1050600048304FF0706323630C2384F834300025FC
:105070000E4B84F84550A4F84650D3F8042522F08E
:105080000102C3F804250121C3F80051D3F800211F
:10509000C3F804132A4619600D20F8F7A1FB0D2070
:1050A000F8F76EFB284638BD4C3C002000D000408D
:1050B00010B5FFF7E3FE002820DB174B93F83220F2
:1050C00093F8314093F83310141B31EA0404C0B252
:1050D0000DD193F8472093F8464093F84810141BDD
:1050E00031EA04040BD10D4B01225A600EE09C18EA
:1050F0000132114084F8350083F8321010BD9C183D
:105100000132114084F84A0083F847100448BDE892
:10511000104003F06BB800BF4C3C002000D00040B2
:10512000643C0020024B0B6001231360704700BFFA
:10513000A03C002000487047EC24030007B503465C
:10514000054A00910548012108F034FA6FF0150076
:1051500003B05DF804FB00BF7F490300181C030087
:1051600010B5012211460748074C0BF05AFF01F019
:105170003BFD0BF06FF920600BF068F960600020D8
:1051800010BD00BFA83C0020A03C00204FF0804292
:10519000D2F81015D2F8103501F01E0123F01F03CC
:1051A0000B4343F00103C2F81035024B00221A7082
:1051B000704700BFF84900204FF08053D3F83031DA
:1051C000082B20D14FF08042D2F81015CB071AD50A
:1051D000D2F8103501F01E0123F01F030B43C2F873
:1051E0001035D2F808315BB1D2F8103523F01F0327
:1051F0000B4343F00103C2F810356FF08B0070478A
:10520000024B01221A700020704700BFF8490020AD
:10521000F8B504460BF01AF9237B05460BB10AF0EA
:10522000A7FF134F0026FFF7C7FFE8B9606802F039
:10523000C5FBA3685B1BA36063682B4463603B787A
:105240000BB1FFF7A3FF237B01363BB9A368002B0B
:10525000E9D1A068003818BF0120F8BD304601F040
:1052600051FD0028F2D0F4E76FF08B00F5E700BFA6
:10527000F849002070B5037B04460BB10AF078FFB3
:10528000194E0125A368032B06D8184AD2F800341A
:10529000DB07FBD5002070BDFFF78EFF08BB23683E
:1052A0006068196802F0AAFB33780BB1FFF76EFF54
:1052B000636804336360236804332360A368043B9A
:1052C000A360237B0135002BDCD0284601F01AFDBA
:1052D0000028D7D0054AD2F80034D907FBD50120E1
:1052E000D9E76FF08B00D6E7F849002000E00140D5
:1052F000F0B589B00E4615460BF0A8F829460746CA
:1053000030460AF044FD60B3B6FBF7F307FB1363C6
:1053100023B9B5FBF7F407FB14545CB11F4A0095A1
:1053200033461F48012108F045F96FF01504204667
:1053300009B0F0BDAF42FAD84FF0FF334FF0FF3263
:10534000184802F077FF0AF007FF04AB014660B986
:10535000102218460CF057FACDE90565FFF758FF03
:1053600016E0114A00953346DBE710222146184625
:105370000CF049FA01228DF81C200C4ACDE90220DC
:105380000B48CDE9056501F037FC02A801F03AFCB5
:105390000446044802F02AFFC9E700BF9C49030005
:1053A000181C0300A83C00207F4903001152020092
:1053B000645E010070B50D4688B019462846164651
:1053C0001C460AF0E4FC58B91D4A00942B461D48BF
:1053D000012108F0EFF86FF01504204608B070BD09
:1053E00045EA04039B0703D0174A00942B46EEE7D7
:1053F000002CF2D04FF0FF334FF0FF32134802F091
:1054000019FF0AF0A9FE0346CDE9046504A8069435
:105410008BB101238DF81C300D4BCDE9023041F6E4
:105420004C5001F0E9FB02A801F0ECFB04460748F0
:1054300002F0DCFED1E78DF81C30FFF71BFFF5E72B
:105440007F490300181C0300BB490300A83C00204F
:1054500075520200F0B54068057B01F01F0444EA74
:105460004514056987B0002D64D0B2F5001F00F126
:10547000100506D1214628460AF0E0FF002007B0BB
:10548000F0BD01AE0027B2F5800F0197776039D1EA
:10549000B3F1007F14BF052304238DF804300023EB
:1054A000CDE904630393836823FA01F111F001014C
:1054B0001AD1B2F1A07F17D104F01F03620903F5DE
:1054C000E0732AD0012A3BD11F4A52F82330DB0770
:1054D0000AD40DF1030632462146284602F0C8F8E8
:1054E0001A4B98421CD0029603AA2146284601F086
:1054F00081FF174B984220D101222146284602F015
:105500001BF9BBE7B3F1C06F05D0B3F1007F14BF47
:1055100001230223C1E70323BFE74FF0A042D4E7F2
:105520003146284602F002F9094B9842DBD06FF071
:105530000B00A4E76FF08500A1E76FF015009EE770
:1055400051F82330FFDE00BF000300500400AD0B14
:105550000000AD0B38B545682B69B3B1103528464E
:1055600002F0D4F8044680B90146284602F09AF8C1
:10557000084B98420BD108492246284602F072F89F
:10558000224605210620F8F72BF9002038BD6FF0E0
:105590000400FBE70000AD0B9D550200420970B509
:1055A000034602D0012A17D070BD0D4E32695168F2
:1055B0000029F9D003F01F0301250C689D40002944
:1055C000F2D08A682A4002D04B68304698472CB106
:1055D000236821461C46F2E7024EE7E72346F8E738
:1055E0003C190300281903002DE9F043466840F2F6
:1055F0000635D006337B87B002EA050554BFC2F3F7
:105600004010032001F01F07B5F5837F144647EAD9
:1056100043178DF8030045D00FD8062D18D007D8B2
:10562000B5B1022D40D06FF0150007B0BDE8F08392
:10563000B5F5807FF7D101250AE040F202229542BC
:1056400034D0B5F5407F33D0B5F5007FEBD10225DE
:105650000123220303FA01F12CD57368C3F808155E
:10566000326982BB07F01F037F0929D0012F77D150
:105670003E4A02EB830284F48033D2F80017C3F36E
:105680000043C4F3404444EA430421F4E16144EAA2
:10569000800421F0070144EA05230B43C2F80037D8
:1056A0000020C2E70725D3E70425D1E70525CFE78A
:1056B0000325CDE7630344BF7368C3F80C15CFE738
:1056C0004FF0A042D5E710360DF1020239463046C0
:1056D00001F0CEFF14F4403F80460CD139463046ED
:1056E0000AF0AAFE224B9845DAD19DF80210304606
:1056F00002F016F8D4E701AB4FF0000903AA3946CF
:105700003046CDE90439CDE90199CDF80C9001F08E
:1057100071FE174B984286D114F4003315D09DF8D2
:1057200003308DF80E3084F48034C4F300444B46CB
:1057300003AA394630468DF80C508DF80D4001F023
:1057400013FF0B4B9842CDD06DE7CDE9043303AA8C
:105750000DF1030339463046039301F04BFEF0E7A9
:1057600003F5E07352F82330FFDE00BF0003005062
:105770000000AD0B70B5012383400E4ABFF35B8F71
:10578000DC4352E8001F01EA040542E80056002EFF
:10579000F7D1BFF35B8F4FF4803282400648C0F8E8
:1057A0000823BFF35F8FBFF36F8F0B4214BF01203D
:1057B000002070BDDC3C00200010014070B40E4998
:1057C000D1E90034D01AC31844F1000422F07F4616
:1057D000C1E90034A6F50013B3F5400F09D2074B19
:1057E0001B681A0A1B069C19054B42F10005C3E908
:1057F000004570BC03F01ABC50240020E03C00209F
:105800005824002011B3BFF35B8F0123104A83405B
:1058100052E800CF4CEA030C42E800C10029F7D15E
:10582000BFF35B8F0B4A4FF480338340C2F80433DD
:10583000094BBFF35B8F1B68BFF35B8FC340DB0774
:1058400042BF064B4FF40032C3F80021704700BF3F
:10585000DC3C002000100140D83C002000E100E0CA
:105860000D4B1868010A0006BFF35F8F0B4BD3F88E
:105870000435181841F10001B3F5801F0AD2084B16
:10588000D3E90023904271EB030303D210F180703F
:1058900041F10001704700BFE03C002000100140D2
:1058A000582400202DE9F04F85B016461F469DF87C
:1058B00040A00446FFF75EFF0190FFF7D1FFB04222
:1058C00071EB070354D23E4B301A67EB010198424B
:1058D00071F100014FD23B4B03EB0413D3E90223D8
:1058E0009F4208BF96425ED037494FF4803804F19A
:1058F000500508FA04F8AD00C1F848832046ADB25F
:105900000AF023FB26F07F4B05F1804504F5A873D0
:1059100005F58835DC464FF003090293029A2CF016
:105920007F4341F82230C1F84483D1F80435274A37
:105930006FF00200C01A604420F07F40904232D9DC
:10594000286868B1D1F804350393A3EB0B0020F06D
:105950007F40B0F5000F26D920460AF0F6FA039BE7
:10596000BAF1000F07D109EB030C09F10109D5E7E2
:10597000BAF1000F09D06FF0150520460199FFF725
:1059800041FF284605B0BDE8F08F0123104ABFF360
:105990005B8FA34052E8000F184342E80001002942
:1059A000F8D1BFF35B8F07490E98230101EB041276
:1059B000C8500F9B5360C2E902670025DDE700BFB6
:1059C000010080004024002000100140FDFF7F0006
:1059D000D83C00207FB51C4C1C4BC4F80833C4F8DD
:1059E00048331B4B00254FF0FF304FF0FF31C4F818
:1059F0000855C3E902014FF48033C4F80433154B52
:105A000002264FF400320121C4F804631120C3F8C8
:105A100080212A46F7F7E4FE1120F7F7B1FE0E4A7F
:105A20000123A360236013600C4B0D4A0093CDE962
:105A3000015500232846FFF735FF3046FFF794F95C
:105A4000284604B070BD00BF0010014003000F00E5
:105A50004024002000E100E0DC3C0020BD570200B3
:105A6000FFFF7F002DE9F7432B4CD4F8043399074F
:105A70000BD5D4F8043143B1284A0023C4F80431CB
:105A8000D4F80431136801331360D4F80433DA0313
:105A900023D5BFF35B8F224B53E8002F22F0010187
:105AA00043E800100028F7D1BFF35B8FD30702D47F
:105AB000D4F840318BB10025C4F84051D4F84031BE
:105AC000FFF7CEFEEFF3108272B6164BD3E90267F2
:105AD000B042B94104D282F3108803B0BDE8F0832C
:105AE0004FF0FF384FF0FF39C3E90289D3E90010C6
:105AF0001D604FF48033C4F84833C4F84051D4F8E3
:105B0000403182F310880029E7D0009032463B46AE
:105B100028468847E1E700BF00100140E03C002034
:105B2000D83C00204024002030B5431C124C85B0E6
:105B300005D08442A8BF0446012CB8BF0124FFF75A
:105B40008FFE0E4B0C4DD3E90013401AB0F5000F39
:105B500010D22218AA4228BF2A4652184FF000003D
:105B600007490091CDE9010043F10003FFF79AFED8
:105B700005B030BD2A46F0E7FFFF7F00502400202B
:105B8000BD57020008B5FFF76BFE024B1B68C01A39
:105B900008BD00BF5024002010B5084C01236360ED
:105BA0001120F7F7FBFD064BC4F80833C4F848335F
:105BB000044B4FF40032C3F8802110BD00100140A7
:105BC00003000F0000E100E002460B46014802F02E
:105BD00027BA00BF800C0020014802F099BA00BF2C
:105BE000800C0020014902480BF0C9BAE83C0020B3
:105BF000502F002010B403460A46034881680C6801
:105C00001946234610BC18477819030098B500AF11
:105C10006C468AB06A460D4BD161C2E905304FF43B
:105C2000007313840A4B42F8103F0A4800234FF4D4
:105C30001151F6F795FB0023A54683F31188BFF3B6
:105C40006F8F0323184602DFBD4698BD194A030033
:105C500004000001F01B0300F0B589B0064600AF58
:105C600033480D4633490BF05FFA00F04BFE07F165
:105C70000C00E7F77BF86C4688B06A462E4B536100
:105C80002E4B93614FF4007393832D4B42F8103FDA
:105C90002C492D4807F10C03F6F762FBA5462B486B
:105CA0000BF02DF850B92A4A2748012107F06FFC64
:105CB0006FF0120420462437BD46F0BD254B7B60B3
:105CC000381DE7F7BBF8034638B1234A1E480121C7
:105CD00007F066FC6FF01504ECE74FF0FF304FF073
:105CE000FF31FFF771FF04460028E3D11B491C4830
:105CF000E6F7F2FF044610B1FFF76EFFDAE741F670
:105D00004C5307F10800BB60F1F7FFFF20B1FFF72C
:105D100063FF6FF08504CDE7012338463B70F1F750
:105D2000ECFF0028F3D1FFF757FF33691D60C1E78F
:105D3000E83C0020FBFF0200D13A03003E4A03008A
:105D400003000001C01C4001F01B03007819030090
:105D5000654A0300F55B0200854A030060240020C9
:105D6000E55B020030B5314887B0E6F72BFFE7F777
:105D70000FF818B16FF0850007B030BDE7F71EF8D7
:105D80000028F7D1E7F730F80028F3D1E7F73AF821
:105D90000028EFD1E7F744F804460028EAD10125AE
:105DA00003AA02218DF80C50E6F74EFF0028E3DB32
:105DB000082303AA07212046ADF80C30E6F744FF7C
:105DC0000028D9DB1A4B039303AA03212046E6F7E8
:105DD0003BFF0028D0DB03AA042120468DF80C509D
:105DE000E6F732FF0028C7DB1F2303AA062120465F
:105DF000ADF80C30E6F728FF0028BDDB40F6EE23B7
:105E0000984210DD0B4A009029460B4807F0D2FB60
:105E1000002383F31188BFF36F8F0423184602DF3A
:105E20006FF00B00A8E70020A6E700BF0D5C0200A2
:105E3000FBFB0302A94A0300F01B03007FB54FF0F0
:105E4000FF304FF0FF31FFF7BFFE002840F08980A0
:105E5000454D0DF10F01284600F052FC0446FFF7B6
:105E6000BBFE002C7DD19DF80F30042B49D1287842
:105E70006B783E2816D0FF282CD0FF2B2FD14FF463
:105E800080730093394A3A4840F20113012107F028
:105E900091FB002383F31188BFF36F8F042318460F
:105EA00002DF12E0AA78022AE7D1FF2BE7D0002216
:105EB000002301242146F9F7E7FB0646A0B924B9DF
:105EC0002C4A2B48012107F062FB04B0BDE870406A
:105ED000FFF788BEAA7802F0FD02802AE4E74FF0BF
:105EE000FF324FF0FF33E5E76A781F49023206F1CF
:105EF0000C0007F0CCFF204B20481B683146984728
:105F0000E3E7022B0AD14FF0FF324FF0FF330320BB
:105F1000F9F7AAFB064658B9194AD2E7082B1AD155
:105F20004FF0FF324FF0FF330520F9F79DFB064697
:105F30006B880433B3F5807F0AD94FF480720092E6
:105F40000B480A4A012107F035FB84F31188A3E7C7
:105F50001A462946CBE70B4A0548012107F020FBEA
:105F6000B3E704B070BD00BFF9490020CB4A03007D
:105F7000F01B0300EB4A0300E43C0020A0190300DF
:105F8000054B03001E4B0300F7B5844E33780446DF
:105F9000002B40F0AB8304238DF80730804B05883D
:105FA0001F68B7B10DF106030DF10702711CB84768
:105FB00001280ED09DF80630002B40F0C7819DF8D7
:105FC0000730B3700E2201237270F370B580B07188
:105FD000C5E1B5F5105F4FEA95230AD2002B4ED0EC
:105FE000013B072B08D8DFE803F00907367A0707DB
:105FF00007C13F2B00F05E82012055E0204640F2B1
:10600000064230F9033B93420FD040F21D429342C7
:106010001ED0012040F206439D4200F0978140F2DD
:106020001D439D4200F092813EE0F1F7CAFE42F22C
:1060300064039D4240F2308342F285039D4233D88F
:1060400042F267039D4200F2388342F26603E8E7BA
:10605000F1F7B9FEEBE7204640F6634230F9033B27
:10606000934230D00DDC40F6034293421FD040F6FD
:106070002D4293421ED040F60142934212D001209D
:1060800064E140F67B42934220D040F67C4293424A
:10609000F5D19DF80730434902338DF80730F1F709
:1060A00053FD01E0F1F742FD0128E8D087E7E6F76C
:1060B0009DFFF9E79DF807303A4903338DF8073023
:1060C000F1F739FDF0E7F1F738FDEDE79DF807301E
:1060D000344904338DF80730F1F734FDE4E72388C1
:1060E000A3F58053013B082BC9D801A252F823F035
:1060F00015610200276102003B6102007F6002001F
:106100007F6002007F6002007F6002007F6002000B
:106110005B6102009DF80730224808338DF8073094
:10612000F1F70EFEC0E79DF807301E4840338DF8AA
:10613000073009F064FF002041E79DF8073008337D
:106140008DF80730174B00221A605A60F37A23F05B
:10615000600343F06003F372EDE79DF807301148E8
:1061600006338DF80730F1F7EDFD9DE7204642F24A
:106170004B0130F8033B1AB28A4200F3B380B2F508
:10618000005F42F264020FDC95423FF478AF40F2C8
:10619000928242F28503012050E700BFF94A0020B5
:1061A000F83C0020004B0020A3F50053013B4A2B94
:1061B000EAD801A151F823F0FF6202000F63020048
:1061C0002163020089610200696302006F630200BB
:1061D00075630200876302008D630200936302000F
:1061E00089610200896102008961020089610200FF
:1061F0009F630200B1630200B7630200BD63020047
:106200008961020089610200C3630200D563020054
:10621000DB630200ED63020089610200FF6302009C
:106220001164020023640200896102008961020096
:1062300089610200896102008961020037640200FD
:10624000496402005B64020061640200676402004A
:10625000896102008961020089610200896102008E
:10626000896102008961020089610200896102007E
:106270007364020085640200976402009D6402005A
:10628000896102008961020089610200896102005E
:10629000896102008961020089610200896102004E
:1062A000896102008961020089610200896102003E
:1062B000896102008961020089610200896102002E
:1062C000896102008961020089610200896102001E
:1062D000896102008961020089610200896102000E
:1062E000A364020042F25E039A4200F0BF8042F2D1
:1062F0007C039A4250D042F264039D4245E7F1F795
:1063000023FD42F264039D427FF491AE1EE09DF8AE
:106310000730D24803338DF80730F1F71AFDF0E764
:106320009DF80730CD4808338DF8073009F0A2FEFC
:1063300042F264039D4208D040F2AD8142F28503EF
:106340009D4240F2D1810020AEE600200F23737001
:106350000423B3700123F0703371A6F805500123B4
:106360003370002003B0F0BDF1F7F5FCC9E7F1F799
:10637000F4FCC6E79DF80730B84801338DF80730C4
:10638000F1F7EDFCBDE7F1F7ECFCBAE7F1F7EBFC58
:10639000B7E7F1F7EAFCB4E7F1F711FDB1E79DF8D3
:1063A0000730AE4801338DF80730F1F7E0FCA8E77D
:1063B000F1F7DFFCA5E7F1F7DEFCA2E7F1F7DDFC82
:1063C0009FE79DF80730A54907338DF80730F1F7AF
:1063D000D6FC96E7F1F7D5FC93E79DF807309F4987
:1063E00010338DF80730F1F7CEFC8AE79DF80730BF
:1063F0009A4808338DF80730F1F7C7FC81E79DF81C
:106400000730964902338DF80730F1F7C0FC78E782
:106410009DF80730914902338DF80730F1F7BBFC46
:106420006FE79DF8073008338DF807308F23F3713D
:10643000C023F3727CE79DF80730884902338DF85A
:106440000730F1F7ACFC5CE79DF807308348043374
:106450008DF80730F1F7A5FC53E7F1F7A4FC50E7FE
:1064600000F058FA4DE709F022FE4AE709F022FE53
:1064700047E79DF80730794808338DF80730F1F782
:1064800094FC3EE79DF80730744904338DF80730DB
:10649000F1F78DFC35E7F1F78CFC32E7F1F78BFC77
:1064A0002FE79DF807306D4802338DF80730F1F77C
:1064B00084FC26E720464FF60B4230F8033B93421C
:1064C00022D8B3F57C4F01D801206DE0A3F57C43C1
:1064D000013B0A2BF8D801A252F823F0996502007B
:1064E000B5650200C9640200C9640200C964020003
:1064F00005660200C9640200C9640200E165020089
:10650000F36502000B66020003F5407292B21D2A89
:10651000DAD8A3F57D431D2BD6D801A252F823F07B
:106520001D6602004B6602005166020057660200BB
:106530006166020067660200C9640200C964020065
:10654000C96402006D660200C9640200C9640200E9
:1065500073660200C9640200C9640200C9640200D3
:10656000C9640200C9640200C9640200C96402006F
:1065700079660200C96402008B660200C9640200E9
:10658000C9640200C9640200C9640200C96402004F
:10659000C9640200916602009DF807302F480C3351
:1065A0008DF80730F1F7D2FA25F008034FF60252C2
:1065B000934237E59DF8073040338DF80730274B7D
:1065C00000221A80F37923F0230343F02303F371AD
:1065D000337A23F0070343F0070333720020E3E725
:1065E0009DF807301D4817338DF80730F1F7C8FACA
:1065F000DAE79DF80730194820338DF80730F1F7B6
:1066000011FBD1E7F1F7BAFACEE79DF8073013484E
:1066100001338DF80730F1F756FBC5E79DF80730D9
:1066200040338DF807300D4B00221A60F37923F0C8
:106630003F0343F03F03F371337A43F08003337237
:10664000737A43F002037372C8E7F1F752FBABE7CA
:10665000F1F751FBA8E7F1F750FBA5E7004B00204D
:10666000F1F74DFBA0E7F1F750FB9DE7F1F74FFB8A
:106670009AE7F1F750FB97E79DF807301D4904337F
:106680008DF80730F1F749FB8EE7F1F755FB8BE703
:10669000F1F754FB88E7002042F226039D4217D809
:1066A00042F20C039D427FF6B5ACA5F500530D3BBD
:1066B000114A9BB206E00120EEE7A5F50153283B05
:1066C0000E4A9BB222FA03F3DB077FF5EDAC3DE601
:1066D00042F232039D423FF439AEA5F50153033B2C
:1066E000012B3FF6E1AC31E60020A9E44FF0FF308A
:1066F00038E600BF004B0020411200032F804020ED
:1067000038B5094C23780D461BB9BDE83840F1F780
:10671000FDB9A278611C02320BF04DF80020042371
:1067200020702B7038BD00BFF94A002070B50546B7
:106730000E46084C20460AF0E2FA38B1A368B2B21D
:10674000294620461B68BDE8704018476FF01200CC
:1067500070BD00BF781903001E4B1F4903F12002D2
:10676000002808BF194670B5104602F0E5FD034643
:1067700050B31A4A1A48012106F012FF12244FF0B2
:10678000FF324FF0FF330120F8F76EFF00F10C06E7
:1067900002210546304607F074FB3E230370222396
:1067A00043700121304607F06CFB0923037021215F
:1067B000304607F066FB00F8014B3CB12022FF2178
:1067C0000BF021F8284670BD0446D8E7054909F0CA
:1067D00061FCF7E7414B0020B34B0300824B030001
:1067E000E81B0300614B00202DE9F0413E4CBFF354
:1067F0005B8F2368BFF35B8F022B27465BD0042B94
:106800005ED0012B5ED1394C394E20212046FFF756
:106810008DFF002844D12022314620460AF064FF33
:106820000028F2D03348214602F072FD05460028C8
:10683000EBD14FF0FF324FF0FF330120F8F714FF98
:1068400000F10C0602210446304607F01AFB3E23F5
:106850000370422343700121304607F012FB0823E6
:1068600003704121304607F00CFB064600F8015B3F
:10687000C5B1402200210AF0C6FFBFF35B8F0023A1
:1068800057E8002F47E800310029F9D1BFF35B8FAB
:1068900044B31948036921461B68BDE8F041184715
:1068A0001F25C6E7134909F0F5FB203106F1210049
:1068B00009F0F0FBE1E70020FFF74EFF0446DCE7BC
:1068C0000120F9E70D4A0E48022106F060FEBFF3F1
:1068D0005B8F002354E8002F44E800310029F9D1F0
:1068E000BFF35B8FBDE8F0810C3D0020414B0020E1
:1068F000B34B0300614B0020A0190300A34B03001E
:10690000E81B0300014902480AF00EBCA90003007D
:10691000FC3C002008B50B4BBFF35B8F012253E812
:10692000001F002903D143E800200028F7D1BFF35E
:106930005B8F05D1044905480AF021FC002008BD01
:106940000C20FCE70C3D0020FC3C0020502F0020D8
:1069500010B50029114BBFF35B8F04460CBF022218
:10696000042253E8001F002903D143E80020002837
:10697000F7D1BFF35B8F0ED10948214609F08AFB9E
:10698000084804F1200109F085FB074907480AF08F
:10699000F6FB002010BD0C20FCE700BF0C3D0020E2
:1069A000614B0020814B0020FC3C0020502F002038
:1069B00013B54FF4FA73ADF8043000238DF80630A8
:1069C0004FF48053ADF80030124A02231921684673
:1069D0008DF80230F0F7F2F90446C0B94FF4AF6019
:1069E000F4F7A4FA0C480121F4F75CFB044670B9F3
:1069F000014601220820F6F7F3FE012221460B2072
:106A0000F6F7EEFE012221461046F6F7E9FE204693
:106A100002B010BD2D6A0200143D00200149024859
:106A20000AF0ADBB443D0020502F002098B500AFC8
:106A30006C468AB06A460D4BD161C2E905304FF40D
:106A4000007313840A4B42F8103F0A4800234FF4A6
:106A50001151F5F785FC0023A54683F31188BFF398
:106A60006F8F0323184602DFBD4698BDDF4B03003E
:106A700004000001581C030037B5174D17490024C6
:106A800000946FF009034FF48062284601F09AFDEC
:106A9000134928460AF008FC124913480AF044FB3F
:106AA000224604211920F6F79BFEBFF35B8F0F4BA4
:106AB000012253E8001F43E800200028F9D1BFF36A
:106AC0005B8F0B494FF400320023284601F0B8FDDC
:106AD000204603B030BD00BF502F0020006A0020C8
:106AE000F34B0300DF000300443D0020103D002075
:106AF0004809002010B5094BBFF35B8F1B68BFF33B
:106B00005B8F53B1F4F704FABDE81040044905481F
:106B10004FF40032002301F093BD10BD103D002062
:106B200048090020502F0020014B00201B68184707
:106B3000543D002020B1012806D10448EDF7ECBAFD
:106B4000034B01201B681847704700BF296B0200E8
:106B5000543D0020014B186001487047543D00200F
:106B60000000AD0B10B51D48BFF35B8F0368BFF38A
:106B70005B8F23B9062904D8042923D839B1002012
:106B800010BD0729FBD1403801F030FBF7E750F882
:106B9000203CA0F14004D3E900209047012805D013
:106BA0000223E06384F834300D48E9E747F23053BC
:106BB0002363032384F8343004F1240384F8290088
:106BC000A363F1E700F8173C064B40F8103CA0F136
:106BD0001C014038007EF4F7A6FAD0E7983D00206B
:106BE0008C3D0020FF3F420F0248012200210AF0A5
:106BF00018BA00BF583D0020014BD861704700BF54
:106C0000583D002038B54FF0FF3105464FF0FF30BA
:106C1000FEF7DAFF34493548EDF7E0FB0446FEF7AE
:106C2000DBFF002C08DA3248324A2346012106F005
:106C3000B7FC6FF00B0038BD2F4C40F201132385D9
:106C4000E36925626433E36247F230532363002231
:106C50006FF0730384F82420E36304F14005BFF36D
:106C60005B8F55E8003F45E800210029F9D1BFF3CB
:106C70005B8F4FF0FF314FF0FF30FEF7A5FF04F1BF
:106C80002401207EF4F74FFAFEF7A6FF1B4A0023EB
:106C9000204601F0CFFA00280FDA194A14480121E2
:106CA00006F075FCBFF35B8F012355E8002F45E824
:106CB00000310029F9D1BFF35B8F4FF0FF314FF066
:106CC000FF30FEF781FF207EF4F70FFAFEF784FF16
:106CD000BFF35B8F236CBFF35B8F13B1064801F0EA
:106CE000CFFAE06BA7E700BF703D0020656B0200A4
:106CF000201C0300074C0300583D0020447B0B0080
:106D0000C3420300074B01221A64D3F84035B3FB9A
:106D1000F0F01844044BDB69984234BF0020012096
:106D2000704700BF00800040583D0020F0B58168EA
:106D300085B01039054621F0070406F01FFD0B4B06
:106D40006E4603F1100C324618685968374603C77F
:106D5000083363453E46F7D110232146284606F006
:106D6000C4FC003818BF012005B0F0BD782803002E
:106D700030B50D46816887B0102302AA1039044649
:106D800006F09EFC002802DA012007B030BD102278
:106D900002A9204609F001FA00283AD11E49102222
:106DA00002A80AF0A1FC00280CBF012302232B70CB
:106DB000204609F0DEF9012301460DF107022046C5
:106DC00006F07EFC0028DFDB9DF8073003F00F02A1
:106DD0001B096A702B7101220DF10701204609F091
:106DE000DCF910B96B78042B03D901236B700023F5
:106DF0002B71A268183A22F00702083AA91C204613
:106E000009F0DEF90028BFD1E91C204609F031FA6B
:106E1000BBE70323CBE700BF782803002DE9F0414F
:106E2000DFF8F88084B0460000AF0546394658F8D0
:106E3000260009F024FA044620B1FF201037BD4691
:106E4000BDE8F081013607F1080158F8260009F085
:106E500016FA012845D1324A32482B46032106F062
:106E60009FFB314BBB603C733A7897F808802F4CFE
:106E700000262078114609F082F9002837D0607882
:106E8000414609F07CF9002831D0A378042B02D0C8
:106E9000F97899422BD1E378042B02D0F97A994200
:106EA00025D12379042B1FD16279022A2CD1204BC2
:106EB0006E468AB06A461F49D36140F2013313849B
:106EC0001D4BC2E9051542F8103F164800234FF448
:106ED0001351F5F745FA6079831E022BB546ADD9FB
:106EE000ABE70028C0D0A8E7B9789942DCD00136DA
:106EF000032E04F10604BCD10A48104A2B46314641
:106F000006F04EFB012099E7032A05D00C4B0D49F2
:106F1000042A08BF0B46CBE70B4BC9E754250300F7
:106F2000604C0300381C030003010303E64C03001C
:106F3000424C0300A64C030004000001C54C0300B2
:106F4000474C0300594C03003D4C03004FF0805365
:106F5000D3F83021082A06D1D3F83431052B02D8D2
:106F6000024AD05C70470020704700BF0B4D030001
:106F7000024AD2F80034002BFBD0704700E00140F9
:106F800010B54FF08053D3F83021082A4ED14FF07E
:106F900080420021C2F80C11C2F81011C2F8381555
:106FA00002F54042D3F80414C2F82015D3F80814AF
:106FB000C2F82415D3F80C14C2F82815D3F810140D
:106FC000C2F82C15D3F81414C2F83015D3F81814DD
:106FD000C2F83415D3F81C14C2F84015D3F82014A5
:106FE000C2F84415D3F82414C2F84815D3F828146D
:106FF000C2F84C15D3F82C14C2F85015D3F830143D
:10700000C2F85415D3F83414C2F86015D3F8381404
:10701000C2F86415D3F83C14C2F86815D3F84014CC
:10702000C2F86C15D3F84434C2F87035FFF78EFF00
:1070300018B13A4B3A4AC3F88C26FFF787FF18B1CC
:10704000384BFB22C3F81825FFF780FF70B14FF0D3
:1070500080414FF08053D1F8E42ED3F8583222F01B
:107060000F0203F00F031343C1F8E43EFFF76EFF76
:1070700020B12D4B4FF40072C3F840264FF08053DF
:10708000D3F83031082B1AD14FF08043D3F80024C5
:10709000D20744BF6FF00102C3F800244FF08053C1
:1070A000D3F83431052B02D8204AD35C3BB14FF0E2
:1070B0001023D3F808224FF08043C3F858254FF02F
:1070C0001023D3F80022002A03DBD3F80432002B6C
:1070D00022DA174901234FF01020C1F80435122499
:1070E000FFF746FFC0F80042FFF742FFC0F8044236
:1070F000FFF73EFF0023C1F80435FFF739FFBFF368
:107100004F8F0C490C4BCA6802F4E0621343CB600A
:10711000BFF34F8F00BFFDE710BD00BF0050004020
:107120004881030000F0004000900240054D03003C
:1071300000E0014000ED00E00400FA0530B504680D
:10714000CCB1BFF35B8FB4FA84F3C3F11F03DBB29E
:1071500001229A4024EA020250E8005FA54204D1CD
:1071600040E8002CBCF1000FF6D1BFF35B8FE6D1F5
:1071700002480B7030BD0248FCE700BF0000AD0BB9
:107180000200AD0B10B50368CB40DB0714D401231C
:107190008B400268BFF35B8F43EA020150E8004F67
:1071A000944204D140E8001CBCF1000FF6D1BFF3BB
:1071B0005B8FEED1014810BD0148FCE70000AD0B2C
:1071C0000400AD0B036803F01F025B09026004D0EA
:1071D000012B034818BF002070474FF0A0407047B4
:1071E00000030050034A430900F01F00D35C184419
:1071F000C0B27047114D030070B50546FFF7F2FFAE
:107200000C4C08300E4634F81030DA0508D5C3F3BC
:10721000432304EBC302284654F83330526898479E
:10722000A3682BB1E26831462846BDE87040184794
:1072300070BD00BFB40A002008B5FFF7D3FF034BB1
:10724000083033F81000400B08BD00BFB40A00201E
:1072500008B5FFF7C7FF034B083033F81000C0F341
:10726000400008BDB40A002008B5FFF7BBFF034B80
:10727000083033F81000C0F3401008BDB40A0020F5
:10728000034611F0010010B5CCB20DD1A207C4F332
:10729000400012D5094AD2F820055860C2F82005EE
:1072A000003818BF012008E04FF0A041D1F8202598
:1072B0001A60C1F82025002AE8D010BD0003005054
:1072C00010B5FFF78FFF124A083032F81030D90599
:1072D0001CD5C3F3432123F4F85322F8103002F1F4
:1072E0000E04002034F8023F13F4807F03D0C3F370
:1072F000432399420AD001303028F3D1002342F8C9
:1073000031300448BDE81040FFF73CBF10BD00BF5E
:10731000B40A00202C0B0020F0B5054600200446DE
:10732000012607468C420BD1114BD3F87C2132B198
:107330000022C3F87C21D3F87C3140F00040F0BD3E
:10734000E3B29B0003F580729B0806FA03F31D422B
:107350000BD002F1804202F5C042D2F800C0BCF16D
:10736000000F02D01760126818430134DAE700BF3B
:1073700000600040F7B506460846FFF733FF194F97
:1073800000F108050C4637F81530DB0727D53046E5
:1073900009F02EF82046FFF767FF40B12046FFF7BF
:1073A0004BFF316800F5A270002341F820302046E1
:1073B000FFF786FF002301A827F815300194FFF797
:1073C00001FF019B00EB8300074BD0F8002713401F
:1073D00043F00203C0F80037044803B0F0BD04488E
:1073E000FBE700BFB40A0020F0F8FCFF0000AD0B83
:1073F0000400AD0B2DE9FF41164680460846FFF715
:10740000F1FE0D463168044609B32846FFF720FF18
:1074100018B12846FFF728FF10BB0023CDE9003341
:107420008DF80E308DF80F300DF10F020B46284607
:107430000DF10E0108F084FF474A04F1080132F80B
:10744000113023F0020343F0010322F81130736876
:1074500063B328461F785968FFF7FAFE10B1D1B11F
:107460003E4826E03C4A04F1080032F8103023F090
:107470002003DB04DB0C22F8103061B1032FEFD8BE
:107480007168496891F800C0D8F80010A7B90CF5E8
:10749000A27C41F82C70304A04F1080132F8113016
:1074A00023F01C0343EA870322F81130B3684BBB77
:1074B0002B4804B0BDE8F08101EB8C0143EA4C336A
:1074C000D1F810E52EF0030EC1F810E5D8F8001041
:1074D00001EB8C0E43F02003DEF8101522F810307B
:1074E00021F44F3121F44071CEF810152902DEF855
:1074F000108501F47C5141EA074141EA0801CEF8C8
:107500001015C8E7D3E900672846FFF7D9FE002E1B
:10751000CED0114DD5E90023964203D19F4201D12F
:10752000002209E00F480DF10F01FFF707FE0C4B99
:107530009842BED19DF80F2045F8326005EBC2039A
:1075400008345F6035F8143043EA422343F4807313
:1075500025F81430ACE700BFB40A00200400AD0BDE
:107560000000AD0B2C0B00202DE9F0430C4685B03C
:107570008046204611461E46FFF734FE054629B3D5
:107580002046FFF765FE18B92046FFF76DFE18BBD1
:10759000314F05F1080937F8193013F01C0F02D0EC
:1075A0004B78012B18D001238DF80F300023CDE943
:1075B00000134A1C8B1C20460DF10F0108F0C0FE81
:1075C00037F8193043F0030327F81930002E41D063
:1075D0002046FFF73DFE18B9204805B0BDE8F0830E
:1075E00096F800C0D8F800301B4F0CF5A2720021AD
:1075F00043F8221005F1080237F8121021F020019B
:10760000C904C90C27F8121075781DB3D8F800000A
:10761000B67800EB8C002D04D0F8103523F49913C4
:1076200023F4F853C0F81035230203F47C5305F417
:1076300040353605D0F810E52B4306F4801641EAB4
:107640004C31334341F0200143EA0E0327F8121076
:10765000C0F810350248C0E7B40A00200400AD0BA2
:107660000000AD0B014BC3E902127047B40A0020C1
:1076700010B508461446FFF7F7FD50B10846FFF76E
:10768000B1FD054B083033F8103004485B0B237014
:1076900010BD0348FCE700BFB40A00200000AD0B9A
:1076A0000400AD0B70B5164D95F8804006462CBB16
:1076B0002146602205F110000AF0A5F830682E6F0F
:1076C00021468E420ED10023C0F87C31D0F87C31A7
:1076D00040F30730F6F754F801230A4885F8803064
:1076E000AB6770BDCBB29B0003F580727C2B08BFEB
:1076F000845001F1010108BF8358E2E70248F0E736
:10770000B40A00200000AD0B0C00AD0B034B93F846
:107710008000003818BF0120704700BFB40A002065
:107720000148FFF72FBD00BF280B00200148FFF7DD
:1077300005BD00BF280B002073B503681646D3F8BB
:107740000423002AA8BF4FF000420546A8BFC3F893
:10775000042308460C46FFF787FD00B30846FFF7F1
:1077600077FD0146D8B92046FFF766FD04B2A400B4
:1077700004F58072034628688150296882582144A4
:10778000D1F8102542F00102C1F810252EB1296868
:10779000012202FA03F3C1F8043302B070BD20469F
:1077A000FFF720FD0F4B083033F81030C3F382038E
:1077B000042B12D0052B12D001A80194FFF702FD73
:1077C000019AD0F81035D34003F00103991C2046EC
:1077D00002B0BDE8704008F0FCBD0321F7E70221CC
:1077E000F5E700BFB40A00202DE9F04F694BDFF840
:1077F000A881D3F80403D8F87010C0B289B040F063
:107800000040FFF789FD051E2FDAC24600235AF813
:107810007C1F06A8CDE90633FFF732FD5F4B0193CD
:107820000DF118094FF0000B019A12F8013B01927B
:10783000DA0803F007031AF8022022FA03F3DA0742
:107840001CD409F10409BBF1000F14D0D8F8701052
:107850004FF00040FFF760FDD8F87C1006A8FFF756
:107860000FFD0028DAD125F000450124002D79D143
:1078700009B0BDE8F08F4FF0010BD5E7484B5B44F2
:107880000293D9F800100029DBD0029B91FAA1F1F4
:107890001C78B1FA81F141EA44142046FFF7A2FCBA
:1078A0000830059438F81070C808BB0819F8002093
:1078B000039301F00701012303FA01F122EA010217
:1078C00009F8002005A8FFF77DFC059A039B02F547
:1078D000E072C7F3820650F822205B073746C2F3F6
:1078E000014224D520463946D6B2FFF785FC05A8CB
:1078F0000594FFF767FC059B03F5E07350F8233010
:10790000C3F301439E4207D10021204608F061FDE8
:107910003146204608F05DFD05A80594FFF752FCAE
:10792000059B012202FA03F3C0F82035A9E7022AD9
:107930000CD10321204608F04CFD06F00503012B75
:10794000EAD139462046FFF757FCE5E702212046F9
:10795000039208F03EFD032EF3D0039A032ADBD1F5
:10796000022EEDE795FAA5F3B3FA83F304FA03F2D6
:107970009B0003F1804303F5C04325EA0205D3F8D9
:107980001005D3F81015C0F30520C1F30141FFF72E
:1079900033FC6BE700600040B40A0020214D030077
:1079A000214D0300044AD2F80034DB07FBD5016007
:1079B000BFF35F8F704700BF00E001404FF080537E
:1079C0001A69B0FBF2F302FB130373B9084B0222EE
:1079D000C3F80425C3F80805D3F80024D207FBD563
:1079E00000220448C3F8042570470348704700BFCD
:1079F00000E001400000AD0B0A00AD0B10B5054CD6
:107A00000123C4F80435FFF7CDFF0023C4F8043583
:107A100010BD00BF00E0014008B5124BA8220021B4
:107A2000184609F0F0FE032202610F4942610F4A35
:107A30008161C2614FF4806202620022826242620E
:107A4000C26201660A4941661021816609490267DE
:107A50000346C266426711F8010D98540132102A9C
:107A6000F9D108BD10040020234D030010000020B0
:107A7000000000203C4D03002DE9F84FDFF87C802A
:107A8000182606FB008E00FB06664644DEF82440FE
:107A9000DEF828C07368A44507468946154603EBFF
:107AA000040022D8DEF820B0ABEB040A0AF1FF3361
:107AB0009A4203D809F07FFE2C440FE063449A42B7
:107AC00019D852462C4409F076FEB4EB0B0405D0CD
:107AD0007068224609EB0A0109F06DFE182303FBCA
:107AE000078301205C62BDE8F88F0CF1FF3CACEB32
:107AF000040C9445DED20020F5E700BF10040020FE
:107B0000F8B5144B182700FB07751D4407FB00331D
:107B10000E46DB6A012B14460AD0022B14D023B97F
:107B2000284608F09BFC844208D900242046F8BD72
:107B3000284608F093FC844228BF0446224631467A
:107B4000284608F094FCF1E72846BDE8F84008F024
:107B5000A9BC00BF1004002070B50A4B1B78044676
:107B60000D4616460BB9FFF757FF00F017F83246DF
:107B700029462046FFF7C4FF044600F019F82046C6
:107B800070BD00BF10040020034B182202FB00331D
:107B90009A6A586A801A70471004002003484FF010
:107BA000FF324FF0FF3300F03BBA00BFBC0C0020A7
:107BB000014800F0ADBA00BFBC0C002070B51646FD
:107BC0001D465A1C03681344C2689A42044605D2F3
:107BD000006A082108F09FFF002070BD32783DB197
:107BE000AB1E062B9ABF0C4AD35C00231833DAB2C3
:107BF000204608F093FF0028EED03544B54203D16B
:107C0000A3680133A360E8E723685A1C226015F8D3
:107C1000012D1A70F2E700BF3D4D030010B5044678
:107C2000F4F7BAFA0348044A012105F0B0FC2046F3
:107C300009F070F8781C0300444D03002DE9F84367
:107C4000044600AF0D46EFF31188402383F31288FA
:107C5000BFF36F8F0428294A98BF294B9668117C7F
:107C600094BF53F82030274BE9468AB06A4626482D
:107C7000C2E9073140F201339384244BC2E9050481
:107C800042F8103F224800234FF43151F4F768FBCB
:107C9000CD4645B1EB69C3F3080323B11D4A1C4827
:107CA000012105F074FC2EB1304609F000FB08B14B
:107CB000037803B91848E9468AB06A46174BD06181
:107CC000C2E9053640F201331384154B42F8103FE8
:107CD00000230F484FF41151F4F742FB2946CD46DB
:107CE0002046FFF79BFF88F31188BFF36F8F304664
:107CF000F5F7CAFCBD46BDE8F88300BF9C3D0020F7
:107D00005C250300534D0300614D03000500000195
:107D1000781C0300894D03007B3A0300AA4D030041
:107D20000400000138B5094B53F82040013053F8E6
:107D30002050A54200D838BD636823B1204608F022
:107D4000F1FF0834F5E723689847FAE77025030048
:107D500070B52B4B2B4C2C4D012286B003201A7092
:107D6000FFF7E0FFF4F7E2FF08F0F8FF0420FFF769
:107D7000D9FF2646AE4204F1300410D300F002FFD2
:107D8000204C224EAC4226D300F010FFF3F78AFAC3
:107D90001F4A137B23F00103137306B070BD54F820
:107DA0000C3C059354F8103C049354F8143C039392
:107DB00054F8183C029354F81C3C019354F8203CAE
:107DC000009354E90A2354E90C0100F09DFC54F897
:107DD000303C5E65CDE7D4E90A23B3F1FF3F08BF2D
:107DE000B2F1FF3F05D052EA0301206803D109F048
:107DF00060FA3034C6E73146183001F09DF8F8E7F4
:107E0000A14B0020341B0300341B0300E1130300CB
:107E10007030002008B50348034A0021121A08F008
:107E200099FF08BD900E0020A44B002070B50023E0
:107E300086B00122CDE90423134E144D01930F2285
:107E4000CDE902321249142303FB005506EBC0169C
:107E500004464FF4C07000FB04110E4B00954FF424
:107E6000A072304600F050FC737B0B4AEE6023F0AA
:107E7000040373734FF4046304FB033313442C743F
:107E80006B6006B070BD00BFF02F00209C3D00204D
:107E900080760020C30E0300406E0020BFB5002096
:107EA000FFF740FF2D4B83F308882D4D2D4E6B6956
:107EB0002D4F43F400736B61E02385F822300024DA
:107EC0002023EB772C766C76AC7685F820406B6AB5
:107ED00043F4E0236B6285F82340F5F73FFBF5F7A9
:107EE00009FD4FF0FF33AB62EB62F5F7DDFDF5F70F
:107EF00025FDF4F7BDF81D4BB36040F201129A81E5
:107F0000C3E919441C6708F0F9FE0120FFF70AFFD6
:107F10000220174DFFF706FF00F068FE154B756154
:107F20000593012314490094CDE903434FF4C06243
:107F30003B46CDE90144284600F0E6FB6A7B064655
:107F400022F0040228466A7309F0EFF92046FFF791
:107F50006DFF3A4631462846F5F7AAFC80760020A8
:107F600000ED00E09C3D0020517D0200903100209A
:107F7000703000200C4E03000078002038B5064C0D
:107F8000064DAC4201D3002038BDD4E90112204691
:107F900008F0E5FE1434F4E76C0C00206C0C0020B3
:107FA00038B5064C064D0020AC4200D338BD204603
:107FB00008F03AFF0028F9DB1C34F5E7180C002024
:107FC0006C0C002073B50C46EFF31181402585F34E
:107FD0001288BFF36F8FC5685DB125602B68C360E1
:107FE000836901338361002081F31188BFF36F8FB0
:107FF00011E052EA030603D125606FF00B00F3E7AE
:10800000CDE900230246083000F008FD18B9034B03
:108010009B685B69236002B070BD00BF9C3D00207F
:108020002DE9F341044617461E46EFF3118840231D
:1080300083F31288BFF36F8FC368334A7BB18068C4
:108040009168884219D057EA060318D188F311883D
:10805000BFF36F8F6FF00F0002B0BDE8F081916841
:1080600091F90E1021610133E3609368A36088F3F6
:108070001188BFF36F8F0020EEE72169F2E791F9D5
:108080000E1090F90E309942A8BF19466FF07E028B
:108090009142B8BF11468B422DDD08F01DFF054609
:1080A000CDE9007619482246414600F0B7FC002889
:1080B000E1D0EFF31186402383F31288BFF36F8F73
:1080C000A068D0B1236821699C420AD04BB193F9D2
:1080D0000E309942A8BF19466FF07E039942B8BF8F
:1080E000194608F0F9FE40B10848314600F006FD97
:1080F0006FF00A00B0E70025D2E7002DF4D186F337
:108100001188BFF36F8FF3E79C3D0020A24B002046
:1081100038B58368044663B3194A926893422BD1F9
:10812000C368012B03D9013BC360002038BDEFF3C6
:108130001185402383F31288BFF36F8F0169806834
:1081400008F0CAFE204609F065F9A06058B190F920
:108150000E2022610022C26709F0E7F8094829468B
:1081600000F0CCFCE1E7E06085F31188BFF36F8F8E
:10817000DBE76FF01500D9E74FF0FF30D6E700BF1F
:108180009C3D0020A24B002037B51146EFF311852E
:10819000402282F31288BFF36F8F04689CB123687A
:1081A000426823F003039442036008BF4360012147
:1081B000204608F005FF044685F31188BFF36F8F52
:1081C000204603B030BD51EA0302F5D000F10802A9
:1081D000CDE900131046294600F020FC0028EFD11D
:1081E000014B9B685C69EBE79C3D002038B5044679
:1081F000EFF31185402383F31288BFF36F8F09F0EB
:1082000009F948B10022C26709F08FF829460848E9
:10821000BDE8384000F072BCD4E902329A4218BF7F
:108220000133A360022104F1100009F03CFAEDE7EC
:10823000A24B002013B5EFF31181402484F3128880
:10824000BFF36F8F846844B1013C846081F311886F
:10825000BFF36F8F002002B010BD52EA030406D1B5
:1082600081F31188BFF36F8F6FF00F00F3E7CDE953
:1082700000230246014800F0D1FBECE7A24B0020AE
:1082800070B50446EFF31185402383F31288BFF3E2
:108290006F8F6FF00A06204609F0BCF818B1C66768
:1082A00009F043F8F7E7A060022104F1100009F09B
:1082B000FAF929460248BDE8704000F01FBC00BF33
:1082C000A24B00201FB5094A92E8030002AB83E8E5
:1082D00003004FF410620093054906484FF0FF3346
:1082E00000F070F9002005B05DF804FB2C1D0300C0
:1082F000407E0020F03000202DE9F043DFF834818B
:1083000085B005464FF0FF364FF0FF37EFF3118988
:10831000402383F31288BFF36F8FD5F880408CB968
:10832000022105F1980008F08CFE002860D100239E
:10833000CDE90067029305F1880249463E4800F006
:1083400003FDE3E7D5F884202368C5F88030944224
:1083500008BFC5F88430D5F8983043F00203C5F85B
:108360009830E36823F0040343F00103E36063689B
:1083700089F31188BFF36F8F20469847EFF3118977
:10838000402383F31288BFF36F8FE368D90623F08D
:10839000010237D4E260E3689A071AD5D8F80000E2
:1083A00023F00203E360A0B10268002188B14368B2
:1083B0009C4237D1036869BBD8F80420C8F8003064
:1083C000824201D1C8F80430002340F8083BFFF78F
:1083D0000DFFD5F8983023F00203C5F8983089F3E3
:1083E0001188BFF36F8FDB0590D400F007FC8DE799
:1083F00005F1900400220121204609F064F80028CC
:10840000F8D194E723F01103E36004F11000FFF7C3
:10841000EDFEC0E70B60D8F80430834208BFC8F80F
:108420000410D1E722B11368014610461A46BDE791
:108430001346F9E7BC3D0020A24B002070B5C3688D
:10844000C3F340069B0705460C460DD501220021CB
:1084500004F1080008F0E5FD00232360054B65608A
:108460005A681AB9C3E90044304670BD14605C60B4
:10847000FAE700BFBC3D0020F8B5C3689A07044680
:108480000F46C3F340062CD45B071AD40B680BB914
:1084900083680B60E368DD0744BFA3683B603D6809
:1084A0004CBF02260126002D3AD01F4B9B68AB42E1
:1084B0000AD0D5F89830D807C3F3800214D46FF0EF
:1084C000120600233B6025E008F0E8FED5F898305E
:1084D0000028F0D1D907C3F3C002F0D552B15B0731
:1084E00008D46FF00F06ECE7002AFAD1C3F3C003FB
:1084F000002BF6D100232360D5F8843063B9C5E999
:108500002044284608F0B8FDE36843F00403E36024
:108510003B68A3603046F8BD1C60C5F88440F0E7B6
:108520006FF01506CDE700BF9C3D00202DE9F0411E
:10853000C36803F00503002B07460C4614BF4FF039
:1085400001084FF0000822D08668D6F8805025B187
:10855000AF4201D02D68FAE701250122002104F184
:10856000100008F05EFD1349204608F0DDFDE368C9
:1085700043F01003E3609DB13B68236073B9D6F804
:1085800084303BB9C6E92044304608F075FD4046CA
:10859000BDE8F0811C60C6F88440F5E73C60F3E775
:1085A000D6F880302360D6F88430C6F88040002B9F
:1085B000EAD1F0E7591003000146014808F0DFBD99
:1085C000F0300020F0B589B004460020C4E9200056
:1085D0000E9D04F18800C4E9220004F19000C4E972
:1085E00024004DB32879002840F2011008BF012073
:1085F000C4F8980000204FF0FF364FF0FF37CDE968
:108600000330CDE90100CDE906670C4B009420460C
:1086100000F0C6F855B1296811B1204608F044FEB3
:108620006B791BB1237B43F001032373204609B010
:10863000BDE8F04008F03DBE0120D9E7F982020014
:1086400037B501900846EFF31184402181F3128879
:10865000BFF36F8FC16811F01E0F16D153EA0205E8
:1086600008D101A9FFF708FF84F31188BFF36F8FCA
:1086700003B030BD41F00801C16001998162103042
:10868000034900F059FC0120EEE70020ECE700BFB1
:10869000ED10030001460148FFF7D2BFF030002083
:1086A000F7B50C46019016461D46EFF3118740239F
:1086B00083F31288BFF36F8F084608F0CEFC55EAAB
:1086C000060309D101A92046FFF7D6FE87F31188DA
:1086D000BFF36F8F03B0F0BDE368074943F00803B1
:1086E000E360019BA36204F1100032462B4600F0C8
:1086F00023FC0120EAE700BFED100300014601481A
:10870000FFF7CEBFF03000202DE9F043073285B0EF
:1087100022F007020E461F461099017300F158031C
:108720007F32C0E916330446002322F03F020421C1
:10873000836041733F2A0F98A073C4E90633E37343
:1087400006F14009A2F1400805D883F31188BFF370
:108750006F8F084602DFB51829462046F4F7A2FCC1
:1087600007300E9B20F00700E066C4E919980293D9
:108770000D9B01932D1A0C9B00932A463B463146D4
:108780002046F5F763F800236365044B9B6803B14B
:108790001B6F2367284605B0BDE8F0839C3D002091
:1087A000F0B587B000250595109D04950F9D0395A4
:1087B0000E9D0295DDE912760D9D01950C9D0095AB
:1087C0000446FFF7A1FFB6F1FF3F08BFB7F1FF3F37
:1087D00005D056EA070305D1204600F0A1F920464E
:1087E00007B0F0BD03493A46334604F1180000F0E3
:1087F000A3FBF4E7E113030038B50D4D2B4653F806
:10880000184F9C4200D004B9EC68AB6838B95A7B69
:10881000D20604D1A26912B9DA897F2A05D89C420E
:1088200002D0204600F0D0FA23466B6138BD00BF6D
:108830009C3D002008B590F90D20437B002A01469D
:1088400004DA03F07F03437308F035FD044B9868A6
:10885000431A58425841BDE80840FFF7CDBF00BF5A
:108860009C3D002070B490F90D30427B002B29DB39
:10887000D30627D183692BBB134962F07F02427371
:108880000A4652F8184F944218BF2346CC6923B9C0
:10889000C0E900242060C8610CE090F90E5093F903
:1088A0000E60B5420AD0AE4208DD5A68C0E9003217
:1088B0001060586070BC0020FFF79EBF9C42E7D05C
:1088C0001B68E4E770BC70479C3D00202DE9F04137
:1088D000002A427B0E460CBF10210821114204469B
:1088E0000FD141EA0203D20918D1437308291BD0E2
:1088F0000120FFF781FFBFF35F8F637B23F06003ED
:108900006373274B9B68A34243D1EFF30583002B8E
:108910003FD13046BDE8F041F4F7CCBE03F07F0311
:10892000437308F0C8FCE1E7A36813B1204608F0E0
:10893000CAFC04F1180008F0E8FDA56D04F1580721
:10894000AF4211D04FF0000875B1284608F0BBFCCB
:1089500005F1180008F0D9FDC5F87C802846FFF71E
:1089600081FFA56DAF42EFD10D4DAB689C42BFD1E9
:10897000EFF30583002BBBD00120FFF73DFF094B30
:10898000AB6040F201129A810022C3E919221A67F2
:10899000B1E786F31188BFF36F8FBDE8F08100BFA8
:1089A0009C3D00209031002070B590F90D20437B54
:1089B000002A014604DA03F07F03437308F07BFCCE
:1089C0004B7B154A63F07F0310464B7350F8183FFA
:1089D000D469834208BF002323B9C1E900042160A0
:1089E000D1610CE091F90E5093F90E60B5420ED0B2
:1089F000AE420CDD5868C1E90030016059609068F2
:108A0000431A5842BDE870405841FFF7F5BE9C42FA
:108A1000E3D01B68E0E700BF9C3D0020F8B5124B97
:108A20000C461146114A98681060DDE90676EFF3AE
:108A30001182402282F31288BFF36F8F9D6828460F
:108A400008F04BFCB6F1FF3F08BFB7F1FF3F06D07F
:108A500007493A46334605F1180000F06DFA204602
:108A6000BDE8F840F4F726BE9C3D0020C43D002040
:108A7000E1130300F8B50446EFF31186402383F3B6
:108A80001288BFF36F8F437BDA0649B219D185692B
:108A9000BDB903F07F03437308F00DFC437B164A16
:108AA000817363F07F034373134653F8180F9842A2
:108AB00018BF0546D0695DB9C4E900300460D461CF
:108AC00011E0A173002086F31188BFF36F8FF8BD0A
:108AD00095F90E70B9420BD08F4209DD6B68C4E97D
:108AE00000531C606C600120FFF786FE0120EAE75E
:108AF000A842E1D02D68DEE79C3D002049B9EFF3A4
:108B0000058030B9054B5A699B689A4201D0F4F749
:108B1000D1BD81F31188BFF36F8F70479C3D00205A
:108B200010B5EFF31184402282F31288BFF36F8FE8
:108B3000427B510704D484F31188BFF36F8F10BDBB
:108B400022F004024273FFF78DFE21460248BDE881
:108B50001040FFF7D3BF00BFA24B0020034648B927
:108B6000EFF3058232B9064A51699268914201D009
:108B7000F4F7A0BD83F31188BFF36F8F704700BF78
:108B80009C3D0020EFF31181402383F31288BFF353
:108B90006F8F054B9A68D37B013BD37381F31188A8
:108BA000BFF36F8F704700BF9C3D002038B5EFF3D7
:108BB0001185402484F31288BFF36F8F0A4B9A68A3
:108BC000D37B0133D3730020FFF716FE85F31188A2
:108BD000BFF36F8FEFF3118084F31288BFF36F8FB1
:108BE000BDE83840FFF7BABF9C3D0020024B03F1BF
:108BF0001802C3E9062270479C3D0020F8B5EFF348
:108C00001185402383F31288BFF36F8F1949886859
:108C1000437B03F07F03437308F04DFB8B685A7B63
:108C2000084662F07F025A7350F8182FCC698242CE
:108C300008BF002222B9C3E900042360CB610CE025
:108C400093F90E6092F90E70BE420ED0B7420CDD61
:108C50005168C3E900210B6053600120FFF7CCFD90
:108C60002846BDE8F840F4F725BDA242E3D01268DB
:108C7000E0E700BF9C3D002050EA01032DE9F041F0
:108C800005460E4603D1FFF7B9FF00202BE0831CF9
:108C900071F1FF3329DB08F04DFC2C18EFF311883C
:108CA000402383F31288BFF36F8F124F124BB868C3
:108CB0001860FFF7BFFDB86810492A4633461830E0
:108CC00000F03AF9BA68537B43F0100353734046FF
:108CD000F4F7F0FC08F02EFC201A63EB03030128E4
:108CE00073F10003D1DBBDE8F0816FF00104241AB9
:108CF000D4E700BF9C3D0020C43D0020E1130300E9
:108D0000B1F1FF3F08BFB0F1FF3F08B506D10A4BF4
:108D1000986808F019FB4FF0FF3008BDFFF7ACFF73
:108D20004FF47A7147F6FF730022C0FB0132D80B73
:108D300040EA4240F1E700BF9C3D0020014B9868AB
:108D4000704700BF9C3D0020D3B5DDE90667089C55
:108D5000CDE90067FFF762FE1CB1034B9B685B69BE
:108D6000236002B0D0BD00BF9C3D0020044BC01A60
:108D7000044BC0105843044B01221A54704700BFE3
:108D800010320020ABAAAAAAA24B0020C3897F2BD5
:108D900012D80A4B1B6863B1094B90F90E201B686F
:108DA0009A4209DB437BDB0606D1064BC31A18BF88
:108DB000012303F0010070470023FAE7CC3D0020B7
:108DC000C83D0020F02F002070B50E4B0E4C1E7CCD
:108DD00006EB460304EBC3040546204608F095FB6A
:108DE0000A4B002228469A55FFF7D0FF48B1084B9E
:108DF00008491A68013A2046D317BDE8704000F0D0
:108E00009BB870BD9C3D002010320020A24B00207A
:108E1000CC3D00206D8D020038B5EFF31185402365
:108E200083F31288BFF36F8F104B114A9C68106850
:108E3000A04206D1FFF7C8FF85F31188BFF36F8FFB
:108E400038BD00211B7C11600A4AD35C002BF3D093
:108E50002046FFF79BFF0028EED0637BDB0602D1A4
:108E60002046FFF7A1FD2046E4E700BF9C3D00201F
:108E7000C43D0020A24B002008B50648064A074919
:108E8000121A07F069FFBDE80840054A054906487F
:108E900007F062BFC00400208C0E0020844E030047
:108EA000000000007C4E0300C0040020034B1B6840
:108EB0000BB9FCF767BE0020704700BFD03D002013
:108EC00030B570B10B4B5B6898420AD0036843B170
:108ED000D3E90421D0E90445121941EB0501C3E9A6
:108EE0000421D0E9003213605A600023C0E9003346
:108EF00030BD00BF380B002010B50E4B1C689C42E3
:108F000004D1FFF7D3FF6FF0004010BDFFF7CEFF95
:108F1000002CF8D0D4E904321B1A62EBE072B3F1F2
:108F2000004F72F10001EEDA002AACBF18460020B3
:108F3000EBE700BF380B0020B3F1FF3F08BFB2F1F1
:108F4000FF3FF8B504461D4616465ED08160EFF33C
:108F50001187402383F31288BFF36F8F013275F1BD
:108F6000FF3324DA2E49D1E900206FF001039B1A68
:108F70004FF0FF3262EB00009E1B60EB0500012EFC
:108F800070F1000301DA01260020C4E90460254ED7
:108F9000D6F800C07568B44508BF4FF0000CBCF1AE
:108FA000000F0DD1C4E900652C6074601CE0FFF770
:108FB0007DFF013645F10005361845EBE070E4E72A
:108FC000DCE90420D4E90431934271EB000E1DDA90
:108FD000D21ADCF8043060EB0100CCE90420C4E9CB
:108FE00000C31C60CCF804403368B34209D09C42F3
:108FF00007D10D4B1C6824B9FFF77EFF2146FCF713
:1090000093FD87F31188BFF36F8FF8BD9B1A61EB57
:109010000001AC45C4E90431C4D0DCF800C0BEE7AF
:1090200028320020380B0020D03D00202DE9F84FD9
:10903000EFF3118C402383F31288BFF36F8FDFF8B7
:10904000B0A0DFF8B0902C4FC9F80000DAF80000AB
:109050000024504508BF00200025D7E90021D9F899
:109060000030E04678B3D0E9046C4FEAE37EB342C7
:109070007EEB0C0B05DAF61A6CEB0E04C0E9046407
:1090800021E0B21841EBE671C0E90445C7E90021CF
:10909000FFF716FF88F31188BFF36F8F8368984737
:1090A000EFF31188402383F31288BFF36F8FD9F851
:1090B0000030DAF800009B1B5045C446C9F8003068
:1090C000CBD1D7E900219A1841EBE3730024C7E91B
:1090D0000023C9F80040FFF70FFF2146FCF724FDED
:1090E00088F31188BFF36F8FBDE8F84FFFF794BE88
:1090F000380B0020D03D00202832002010B5EFF3BF
:109100001184402383F31288BFF36F8FFFF7CEFEE5
:10911000054A0346D2E90001181841EBE37184F3D4
:109120001188BFF36F8F10BD28320020F8B50446B8
:10913000EFF31187402383F31288BFF36F8F026828
:1091400022B187F31188BFF36F8FF8BDD0E90A36DB
:10915000581C46F10001022871F1000127D3012BB0
:1091600076F10001BCBF012316465D1E46F1FF36B5
:1091700008F0E4F9013041F10001401946EB01012A
:10918000012871F1000139DB08F0D8F9013041F113
:1091900000016FF00102401946EB0103121A4FF073
:1091A000FF3161EB030318492046FFF7C5FE236B2F
:1091B00001332363236A6BB187F31188BFF36F8F89
:1091C000236A20469847EFF31187402383F31288E0
:1091D000BFF36F8F54F8185FA542B2D0002DB0D006
:1091E000284608F0CBF80023EB6787F31188BFF31C
:1091F0006F8F2846BDE8F84008F097B86FF001027D
:109200004FF0FF33CFE700BF2D9102002DE9F04171
:1092100005461C4690461F46EFF31186402383F314
:109220001288BFF36F8FB4F1FF3F08BFB2F1FF3F69
:1092300005D186F31188BFF36F8FBDE8F081531C11
:1092400074F1FF3309DB012A74F10003BCBF012272
:10925000002412F1FF3844F1FF37284608F055F991
:10926000DDE906010023C5E90A012B6303494246F3
:109270003B462846FFF760FEDBE700BF2D9102006A
:1092800038B50346EFF31185402282F31288BFF30D
:109290006F8FC160012181600068834206D185F330
:1092A0001188BFF36F8F0024204638BDD0E900320B
:1092B00013605A600023C0E9003308F0AEF9294674
:1092C00004460248FFF71AFCEEE700BFA34B00205C
:1092D00073B506460D4607F0E1FF78B90B4B9B6866
:1092E0001C6F7CB12A1D09D200200021CDE90001AC
:1092F00046F00401204607F03AFD08B9002401E0D9
:109300000460041D204602B070BD00BF9C3D0020DB
:1093100030B599B00546684600F028F8694604461D
:1093200008A800F053FA08A90443284600F08AF977
:10933000204619B030BD00BF70B598B005466846EC
:10934000164600F013F83146044608A800F046F926
:1093500008A96A460443084600F082F908A90443B4
:10936000284600F06DF9204618B070BD70B50B6846
:10937000124E1BBAC3614B681BBA83618B681BBA60
:109380004361CB681BBA03610B691BBAC3604B69AD
:109390001BBA83608B691BBA4360CB691BBA324628
:1093A000036001460446E2F7CBFF3146054602461C
:1093B0002046E2F7E5FF681E70BD00BF8825030068
:1093C0002DE9F04188B00C46064602F120016846BE
:1093D00006F120079046E3F7ADFA6A46694668460B
:1093E000E3F7CAF969463846E3F7A4FA3A4639463C
:1093F000384604F12005E3F7BFF96A466946684636
:10940000E3F7BAF941462846E3F794FA6A4641463B
:109410003046E3F777FA2A4629466846E3F7ACF97F
:109420002A4669466846E3F7A7F9124A694668463C
:10943000E3F7A2F969462046E3F77CFA3246214673
:109440002046E3F7D7F9324621462046E3F7D2F922
:10945000224631462846E3F7CDF96A462946284692
:10946000E3F750FA3A4629462846E3F7C3F908B02D
:10947000BDE8F08168260300F0B599B004460D46BA
:109480000A4601466846E3F7B5F969466846E3F7D8
:1094900051FA6A46214608A805F1200604F1200782
:1094A000E3F730FA6A4629466846E3F72BFA324674
:1094B000394610A8E3F760F9324639463046E3F7FB
:1094C00099F931462846E3F735FA6A4608A9204655
:1094D000E3F752F9224629462846E3F78BF96A4614
:1094E00008A96846E3F786F96A4639463846E3F73D
:1094F00009FA2A4608A96846E3F77CF96A46314624
:109500003046E3F7FFF93A4631463046E3F772F961
:1095100010A96846E3F70EFA224669462046E3F7AB
:1095200069F908A922460846E3F764F910A908AAD0
:109530000846E3F7E7F93A4610A93846E3F75AF93F
:1095400019B0F0BD2DE9F04188B00C4605469046B3
:109550000A4601466846E3F74DF969466846E3F76F
:10956000E9F96A462946284604F12006E3F7CAF9D4
:1095700005F120076A4621466846E3F7C3F93246FB
:1095800039463046E3F736F931462046E3F7D2F95B
:109590002A4621462046E3F72DF96A462146204611
:1095A000E3F728F96A4629464046E3F723F942469D
:1095B00039463846E3F7A6F9224629466846E3F7D6
:1095C00019F96A4631463046E3F79CF93A46314686
:1095D0003046E3F70FF908B0BDE8F08170B500F14F
:1095E000200690B00D46044600F014F905F1200164
:1095F000304600F00FF9214608A8E3F79BF908A9C7
:1096000008460D4AE3F7B8F808A922460846E3F7EA
:1096100079F908A9094A0846E3F7AEF831466846E1
:10962000E3F788F9202269460DEB0200E3F776F8AC
:10963000013810B070BD00BF682603004826030043
:1096400000F002B938B504460D4600F0FDF805F10A
:10965000200104F12000BDE8384000F0F5B800BF5B
:109660002DE9F0471346B8B0544A8946804619465A
:1096700010A8E2F765FE5249024610A8E2F780FE04
:10968000179E4E4900EAD6760746C6F1010210A899
:10969000E2F776FE179B4A466FEA030A28A918A844
:1096A000FFF78EFE4FEADA7A20A9CAF101020846D6
:1096B00000F092F8C7F10107FE246A4618A928A80D
:1096C000FFF740FF631138AA02EB830304F01F0287
:1096D00053F8A03CD340554603F0010A8AEA050539
:1096E0002A4628A918A8E2F7A7FE2A4630A920A8EA
:1096F000E2F7A2FE013C28A918A8FFF7BDFE631CF3
:10970000DBD1CAF1010220A908A800F065F886EAB9
:109710000A066A4618A928A8FFF714FF28A93246A6
:1097200018A8E2F789FE324630A920A8E2F784FEA5
:1097300008A96A460846E3F7E5F808A9084600F0D4
:109740009DF808A908F1200409F120020846E3F772
:10975000D9F820A908AA2046E3F7D4F808AA18A93E
:109760006846E3F7CFF869466846E3F7E3F818AAD6
:10977000694608A8E3F7C6F821466846E3F7DAF831
:1097800008AA69461046E3F735F80E4A08A9684664
:10979000E3F730F820462021E2F7D4FF08A902467B
:1097A00044426846E2F748FE4046074A6946E3F706
:1097B000A9F83C43204638B0BDE8F087C82503002F
:1097C000E825030048260300A82503000A460149AE
:1097D000FFF746BF0826030070B588B004460D4663
:1097E000164600212022684608F00DF8002329467D
:1097F00020222046009307F0DEFF2A46694668468D
:10980000E2F7F8FF324669462046E2F715FE08B057
:1098100070BD00BF0B681BBAC3614B681BBA836184
:109820008B681BBA4361CB681BBA03610B691BBA17
:10983000C3604B691BBA83608B691BBA4360CB69F9
:109840001BBA0360704700BFCB691BBA03608B690A
:109850001BBA43604B691BBA83600B691BBAC360B8
:10986000CB681BBA03618B681BBA43614B681BBA98
:1098700083610B681BBAC361704700BF70B598B0B5
:109880000D46064610A8E3F755F82A4610A9684683
:10989000E3F738F8694610A8E3F74CF810A9084632
:1098A000E3F748F86A4610A908A8E3F72BF808A9D7
:1098B00010A8E3F73FF810A90846E3F73BF810A912
:1098C0000846E3F737F810A90846E3F733F810A97C
:1098D00008AA0846E3F716F810A90846E3F72AF89D
:1098E00010A90846E3F726F810A96A4608A8E3F786
:1098F00009F8052408A910A8E3F71CF810A90846E0
:10990000E3F718F8013C10A9F5D108AA0846E2F7D8
:10991000F9FF052410A90846E3F70CF810A908463A
:10992000E3F708F8013CF5D110A908AA0846E2F7C8
:10993000E9FF10A908A8E2F7FDFF08A90846E2F729
:10994000F9FF08A96A466846E2F7DCFF1024694679
:1099500010A8E2F7EFFF10A90846E2F7EBFF013C81
:1099600010A9F5D12A460846E2F7CCFF402410A9F9
:109970000846E2F7DFFF10A90846E2F7DBFF013CEB
:10998000F5D110A96A460846E2F7BCFF102410A9D9
:109990000846E2F7CFFF10A90846E2F7CBFF013CEB
:1099A000F5D110A96A460846E2F7ACFF102410A9C9
:1099B0000846E2F7BFFF10A90846E2F7BBFF013CEB
:1099C000F5D110A908AA0846E2F79CFF2A4610A97B
:1099D0003046E2F797FF18B070BD00BF10B50C4CD1
:1099E000236813B10B4B1B682BB900F029FE30B96B
:1099F000084B01221A6001232360002010BD0138AA
:109A0000062801D9044810BD044B53F8200010BDAE
:109A1000D83D0020D43D0020FE8FFFFF88260300A4
:109A2000BFF34F8F0549064BCA6802F4E062134347
:109A3000CB60BFF34F8F00BFFDE700BF00ED00E03C
:109A40000400FA0510B4094B09490A4C4FF0FE32E4
:109A5000C3F800244968C3F80424C3F80824C3F8F1
:109A60000C240023C4F8003510BC084700B0025095
:109A7000400B002000A00250D0E90012014BC3E9C6
:109A800000127047400B00202DE9F043134B144E99
:109A9000002814BF04461C4683B02368B34219D083
:109AA0000D4620464FF4E07104F10409174604F511
:109AB0008E7800F0E9F8484600F0ACFC404600F033
:109AC000DBFA084900972B464A46404600F0EAFA7E
:109AD00008B92660002003B0BDE8F083DC3D00201B
:109AE000A5BCC95A9DA4020070B51D460C4B0028A8
:109AF00018BF03460B481E68864282B00DD100266F
:109B000003F58E7000963346144600F017FB0028CC
:109B100018BF34462C6002B070BD0348FBE700BF9D
:109B2000DC3D0020A5BCC95AE88FFFFF10B50446F4
:109B300050B1636813F0685F05D0064A934202D0C3
:109B400000232360626010BD034B04485B689847A4
:109B5000EFE700BF2C5F5CA9400B0020A4260300A8
:109B6000C8B143680D4A934213D013F0685F0ED01A
:109B7000012350E8002F194640E8001C9CF0000F1C
:109B8000F7D1012AF5D0BFF35F8F0020704704485A
:109B90007047044870476FF4E04070472C5F5CA941
:109BA000E98FFFFFEA8FFFFF80B14368094A9342C4
:109BB0000AD013F0685F05D0BFF35F8F0023036006
:109BC0001846704704487047044870476FF4E040F7
:109BD000704700BF2C5F5CA9E98FFFFFEA8FFFFF92
:109BE00010B5044620B1044B63600022226010BD12
:109BF0000248FFF727FFF6E73A00003ACC260300B9
:109C000070B5D0E90023174C174D6360D0E90230DE
:109C1000C4E9023022604868D1F800C0134BC3E9A0
:109C200000C0D5F81801D1F808C0C3F808C010F07A
:109C3000685FD1F80CC00969C3F80CC0196110D075
:109C40000B49C5F8BC110023C5E9453105F58A70FB
:109C5000C5F8B8319047236805F5DC70BDE8704061
:109C6000184770BD5C0B0020DC3D0020480B002035
:109C70002C5F5CA938B131B10144002203460130A8
:109C800081421A70FAD1704738B131B101440022D3
:109C90000346013088421A70FAD170472DE9F04F1F
:109CA000B2F5C07FB5B000F2D780DFF8B4911446AA
:109CB0000D464FF4D07200210DF15C08074648466E
:109CC00007F0A1FD404601F051F9002309F1180603
:109CD000A9F8103063BA29462246A9F81230304656
:109CE000202389F8173007F066FD5E4B079303F1D8
:109CF00004338022089303F104330993325503F1AE
:109D0000043307A940460A9301F046F98246002829
:109D10007FD104F119030BAE0FAC029303970196A8
:109D200004940198DFF840B11022002107F06BFD88
:109D3000DDF808A005940E9B5BF8044C5BF80C7CE6
:109D40000B995BF8100C5BF8085CDDE90C625C4079
:109D5000019B7E40554081EA00071A46012140469A
:109D6000CDE90B76CDE90D5401F030F9BAF1100FC1
:109D700094BFAAEB0A0AAAF1100A0BF1100B0028F3
:109D800065D1BAF1000FD6D1059C01992046102269
:109D900007F011FD99F8033010340133A04589F81C
:109DA0000330BED1049C039F019E80222146404681
:109DB00001F0F2F8824670BB07F120093D4613AB73
:109DC0001A460121404601F001F91022824613A9EA
:109DD00028461544BAF1000F1DD107F0ECFC4D45A3
:109DE000EDD1404601F0D2F81D484FF4D071FFF795
:109DF0004BFF20462021FFF747FF07A81021FFF760
:109E000043FF30461021FFF73FFF504635B0BDE815
:109E1000F08F0FAC0BAE404601F0B8F810484FF48D
:109E2000D071FFF731FF20462021FFF72DFF07A853
:109E30001021FFF729FF10213046FFF725FF2021D1
:109E40003846FFF721FF504635B0BDE8F08F039F3D
:109E5000019E049C8246DEE76FF0370AF3E700BFFD
:109E6000AC3F002000010203BC3F00202DE9F0417F
:109E700088B004460D4620220021684607F0C3FC46
:109E800004F120066F46E27B0132D2B2E273002A6F
:109E90004DD1A27B0132D2B2A273002A47D1637B9B
:109EA0000133DBB26373002B41D1237B0133DBB27F
:109EB0002373002B3BD1E37A0133DBB2E372002B37
:109EC00035D1A37A0133DBB2A372002B2FD1637A91
:109ED0000133DBB2637253BB237A0133DBB22372EB
:109EE0002BBBE3790133DBB2E37103BBA37901330D
:109EF000DBB2A371DBB963790133DBB26371B3B950
:109F000023790133DBB223718BB9E3780133DBB200
:109F1000E37063B9A3780133DBB2A3703BB9637814
:109F20000133DBB2637013B92378013323703B46EE
:109F300022460121304601F049F8804650BB1037D7
:109F400008AB9F429FD1029AAB68039F0799534089
:109F500002933046EE68009B7E400396049F2E6974
:109F60007E4004966E69059F7E400596069FAE6909
:109F70007E400696EE697140079129684B40009338
:109F800001996B6880224B406946019301F004F807
:109F9000804638B168462021FFF776FE404608B07B
:109FA000BDE8F08110220DEB0201204607F003FC12
:109FB000F0E700BF2DE9F84304468069B0F5C07FA3
:109FC00052D81D46C0F5C073AB424DD3C5F5C07322
:109FD0001B1A9342164647D3DFF898904FF4C0728D
:109FE0000F464846002107F00EFCD4F89430A269D1
:109FF000D4F8980049469847002838D1D4F81880FA
:10A000003DB1D4E925302A4609EB0801984770BBD9
:10A01000A84407B1C6B9174942460846FFF73EFEB5
:10A02000054638B113484FF4C071FFF72DFE28469E
:10A03000BDE8F8830F492046FFF718FF05460028C2
:10A04000F0D101232361EDE709EB080039463246E0
:10A0500007F0B1FB0749B04442460846FFF71EFE31
:10A0600005460028DED1E5E76FF03705DFE76FF042
:10A070003305DCE74C41002010B5A4220446002142
:10A0800007F0C1FB064B4FF0FF314FF6F072216134
:10A09000E26104F19C001B68BDE81040184700BF56
:10A0A000AC0B00202DE9F04385B005460F4616465F
:10A0B000002110226846994607F0A5FB1D4B05F1CB
:10A0C0009C081B684046984720B10446204605B0CE
:10A0D000BDE8F08305F12004204600F047FFAA699F
:10A0E000C5E925762E69E2B92022002EAA611FDB80
:10A0F00020466946802200F04FFF044630B90C9A92
:10A10000334649462846FFF755FF04460A4B40466A
:10A110001B689847002818BF0446204605B0BDE8D4
:10A12000F083002EE4DA172A02D801325608DFE75E
:10A130000026DDE7A80B0020A40B00202DE9F04F3E
:10A140008DB0B2F5806F169F00F2E380B7F5807F87
:10A1500000F2DC80044615460E462022002104A8A9
:10A16000984607F050FB6C4B04F19C091B6848466D
:10A1700098478346002840F092802269E3699A421A
:10A1800000F391806369002B40F08D80002F40F038
:10A19000A980DFF888A16F46002D00F0988004F1B7
:10A1A00020086F460EE0102DAB4628BF4FF0100B75
:10A1B00030465A46394607F0FEFAB5EB0B055E44C9
:10A1C00000F08580E37B0133DBB2E373002B4DD1DC
:10A1D000A37B0133DBB2A373002B47D1637B013335
:10A1E000DBB26373002B41D1237B0133DBB22373DA
:10A1F000002B3BD1E37A0133DBB2E372002B35D184
:10A20000A37A0133DBB2A372002B2FD1637A01331F
:10A21000DBB2637253BB237A0133DBB223722BBBF5
:10A22000E3790133DBB2E37103BBA3790133DBB222
:10A23000A371DBB963790133DBB26371B3B92379FD
:10A240000133DBB223718BB9E3780133DBB2E37006
:10A2500063B9A3780133DBB2A3703BB963780133F0
:10A26000DBB2637013B92378013323703B46224677
:10A270000121404600F0AAFE8346002893D0DAF878
:10A280000030484698472021034604A8002B18BFF9
:10A290009B46FFF7F9FC10213846FFF7F5FC5846BE
:10A2A0000DB0BDE8F08F3A46414600232046FFF747
:10A2B00081FEDFF868A000283FF46DAFDAF80030C7
:10A2C00048469847834600283FF465AFE7E704A96E
:10A2D0002046FFF7CBFD83460028D0D12369013308
:10A2E0002361CCE73A46414604A8FFF7D7FC8346F2
:10A2F00018B1DFF828A06F46C1E704A92046FFF790
:10A30000B5FD834600283FF444AFF2E76FF0370B0A
:10A31000C5E76FF0350BC2E7A80B0020A40B0020A7
:10A320002DE9F043202B8BB01D460646884691460A
:10A3300026D8DBB202AF8DF80480B0468DF8053028
:10A3400058F8041B21B9404600F084FE044640B989
:10A3500001233360022201A9404600F08FFE04462B
:10A3600038B138462021FFF78FFC20460BB0BDE8FE
:10A37000F0832A464946404600F080FE0446F0E756
:10A3800002AF1946104600233A4600F0FDFF04468E
:10A390000028E6D12023B9461D46CCE7F0B5D0F819
:10A3A000F830A7B0002BD8BF02AE2CDDD0F80C419E
:10A3B0000546002302AE0193A4F10107D0F8000185
:10A3C000D5F8FC4001AB90223146A047B7FA87F799
:10A3D0007F09044610B9019B3BB9A7B130469021D3
:10A3E000FFF752FC204627B0F0BD01463246284612
:10A3F000FFF796FF50B9D5F80431019A1344C5F818
:10A400000431002FEAD16FF03C04E7E70446204610
:10A4100027B0F0BD70B50025044604F588761422F7
:10A420002946C0F8F850FC3007F0EDF9082229461B
:10A43000304607F0E8F9154B30461B689847204630
:10A4400040F8045B00F0ECFD114B30461B68984768
:10A45000D8B9D4F8F830AB4211DC03EB830204EB3B
:10A4600082022021C2F808110121C2F80C11013327
:10A470000849C2F80001C2F8FC10C4F8F830064BD5
:10A4800030461B68BDE87040184770BDAC0B00201B
:10A49000A80B002071AE0200A40B00202DE9F047AC
:10A4A000202A88B079D83E4B00F588791B6804468D
:10A4B00048461746884698470546F8B9D4F8F83014
:10A4C00040F20116002B64D02046FFF767FF0546D7
:10A4D00038B9D4F8F830002B14DC013EF2D16FF01B
:10A4E0003B056E4620213046FFF7CEFB2D4B4846FC
:10A4F0001B689847002818BF6FF01D05284608B054
:10A50000BDE8F087D4E94132934203D3D4F80C215B
:10A51000012A02D0013ED7D1E1E71F2BFAD96E46BE
:10A5200001462022304604F1040A07F06CF9314656
:10A53000504600F0CDFD05460028D3D1504600F02E
:10A5400083FD504600F06CFD2946504600F082FD28
:10A5500005460028C6D150462022314600F08EFD27
:10A5600005460028BED1034632462021304600F081
:10A570000BFF05460028B5D1D4F8F830002BC4BF36
:10A580000023C4F804313A464046314607F013F937
:10A59000A8E76FF03F056E46A4E76FF03B05ADE717
:10A5A000A80B0020A40B002030B58DB0002128227C
:10A5B00002A8019107F027F902A800F00DFF044658
:10A5C00010B120460DB030BD174D4FF0FF31286857
:10A5D00000F044F9044620B11448FFF733FA012C87
:10A5E00018D0002000F06AF9D0B9114A02A901A8D8
:10A5F00000F030FC0446012000F060F960B92868E2
:10A6000000F034F90028DCD00A48FFF71BFA204696
:10A610000DB030BD0524F2E70748FFF713FAEEE767
:10A620000648FFF70FFAE0E7900B0020F026030042
:10A63000CC420020482703002827030008270300F6
:10A6400030B583B000F05CF828B100F0ABF803241B
:10A65000204603B030BD00F077F8D8B900F02EF9ED
:10A66000E0B9224CD4F828391B0EF02B0AD1D4F8CB
:10A67000242A1F4B9A4231D000F044F8072400F0FE
:10A6800091F8E5E700F03EF800F08CF8062420464B
:10A6900003B030BD0424204603B030BD00F032F8D2
:10A6A00000F080F8FFF780FF044698B9114D2B6841
:10A6B000002BCDD102460146FFF7E6F950B90E490D
:10A6C00001AB6822FFF710FA20B90C4B2B60204633
:10A6D00003B030BD0524204603B030BD012000F09A
:10A6E000EDF80028DAD1C4F80C0ADBE700B002501C
:10A6F0000000E020EC440020F04400205AEA5A5ABE
:10A700000020704700207047430504D5044B4FF0EC
:10A71000FF32C3F80821024BC3F8080A704700BF94
:10A7200000B00250014BC3F8040A704700B0025059
:10A7300008B100F06BB84FF47500704708B100F035
:10A740004FB84FF47500704710B5114800F072F81B
:10A7500000B110BD0F4800F06DF80028F9D10E4C83
:10A76000204600F067F80028F3D10C4B0C481C6021
:10A7700000F060F801460028EBD100F02DF8044607
:10A7800008B1204610BD00F07BF82046FAE700BF74
:10A79000A00B00209C0B0020980B0020900B0020A9
:10A7A000940B002008B5084800F04EF8074800F068
:10A7B0004BF8074800F048F8064800F045F8BDE8B7
:10A7C000084000F00BB800BFA00B00209C0B00203D
:10A7D000980B0020940B002000207047704700BFAA
:10A7E00010B4094C0246D4F8003A1342FBD021B110
:10A7F000D4F804310B60C4F80831034BC3F8082ABD
:10A80000002010BC704700BF00B00250044AD2F8CC
:10A81000003A1842FBD0C2F8080A0020704700BF77
:10A8200000B0025006F0D5BF06F0EDBF0A46002189
:10A8300006F0E9BF08B5034B02681B68106898472B
:10A84000002008BD5C0B002008B5034B02685B6864
:10A8500010689847002008BD5C0B0020024B02687E
:10A860009B681068184700BF5C0B002008B5034BBD
:10A870000268DB6810689847002008BD5C0B002068
:10A8800070B5094C094D2069AB68984718B1084B61
:10A8900008485B689847084AEB6820690021116006
:10A8A000BDE87040184700BF480B00205C0B00203B
:10A8B000400B00206027030058450020F8B51A4DD2
:10A8C0001A4E0446B26828699047E8B9184F3B68A9
:10A8D0004CB1A3B1012B19D0013B3B602869F3684F
:10A8E00098470020F8BD43B9124A0121C2F800156B
:10A8F0001149D1F81029002AFBD101333B60F368DC
:10A90000286998470020F8BD0C48F8BD0A4AD2F8DB
:10A910001039002BFBD1074A6FF07E40C2F800359A
:10A92000FFF700FF3B68D7E7480B00205C0B0020D7
:10A930005845002000A0025000B00250E98FFFFFF0
:10A94000014B1B68184700BF5C0B0020014B9B6844
:10A95000184700BF5C0B0020014BDB68184700BFA5
:10A960005C0B00202DE9F047002878D00C46002928
:10A9700075D01D46002B72D007461AB10122002364
:10A980002A6003602B68002B64D02946204600F023
:10A99000DBFD804600285FD12868214600F0BAFD23
:10A9A0008046002858D12B68082B6CD0042B6DD022
:10A9B000A3F10209B9FA89F94FEA5919354E012173
:10A9C000C6F8C411C6F84011C6F8C411636AC6F8C7
:10A9D0003031D6F830219342F6D14FF0000A4FF0D3
:10A9E000FF30C6F82CA1FFF78FFE6FF01B03C6F8EF
:10A9F00000315046FFF796FEC6F80C91D6F8040ACF
:10AA000040F48060FFF78EFE0A23C6F83831089BB9
:10AA1000012B29D02369204AA2FB03231B09626A68
:10AA200002FB03F303EB43031A4ADB039B09C2F85F
:10AA3000D8310123C2F82C313B682A6823F07F43C8
:10AA400043EA02633B602A6843EA02233B604046D4
:10AA5000BDE8F087DFF844804046BDE8F087DFF8C6
:10AA600040804046BDE8F0874FF08053D3F80C2C6F
:10AA7000013206D0D3F80C3C074AA2FB03231B0982
:10AA8000CDE71623CBE74FF0030997E74FF0020914
:10AA900094E700BF00B00250ABAAAAAA310CF100A3
:10AAA000350CF10050B34B1EB3F5047F26D24FF0A6
:10AAB000000C30B5CD00E6466446630904F01F0182
:10AAC00050F823301F2923FA01F306D003F00103C5
:10AAD0001CB901249E46A446EFE79E4504F10104FB
:10AAE00006D09E464FF0010CAC42E6D1002030BDAE
:10AAF0000CF1010C9445F7D1014830BD0048704776
:10AB0000360CF100C8B32DE9F0434C1EB4F5047FB8
:10AB10001CD2DBB1D2B14FF0000ECF007646F0462A
:10AB2000754603F1FF396C0905F01F0150F8244008
:10AB30001F2924FA01FC0CD00CF0010C4DB90126A0
:10AB4000E0463546B646EEE7964218D90D48BDE8D0
:10AB5000F08373450CD0C44508BF0136F145F3D0EE
:10AB60000EF1010E0135BD42DDD10020BDE8F083BC
:10AB70004FF0010EE0467646F4E7024870479E46E5
:10AB8000F0E700BF370CF1002DE9F04F91B00D4612
:10AB9000DDE91B41824600296ED1286906901A988A
:10ABA0001C6000230360002A00F02E819C4B6A6A1F
:10ABB000D3F83811D3F830319A4269D10A2967D1D4
:10ABC0009AF80330089304F1080306990793954B0C
:10ABD000934CA3FB01239B0803EB4303A1EB43032B
:10ABE0000393042305931A9B069E1E60002E00F01B
:10ABF000E980002700F0B8FC0997BAF1000F00F0D7
:10AC0000D580DDF81C804FF00109002D00F0CE80CA
:10AC1000089B002B3ED008A9284600F095FC002890
:10AC20003AD0814B984220D0089B082B00F0E4805A
:10AC30005B0000220893009208AB29465046FFF7BC
:10AC400091FE7A4B984200F0D38070B9DAF8002078
:10AC5000130A03F47F03134323F07F43CAF8003041
:10AC6000059B013B0593BED10020039000F07CFCC6
:10AC7000039811B0BDE8F08F4FF08050D0F80C6C05
:10AC8000013614BFD0F80C0C4FF40470069086E720
:10AC90006748EAE76548C4E70898294600F03AFCA7
:10ACA0000028BED1089B082B00F0A880042B00F0E0
:10ACB000A880A3F10203B3FA83F35B090493C4F8F9
:10ACC000C491C4F84091C4F8C4916B6AC4F830319F
:10ACD000D4F830219342F6D14FF0000BC4F82CB1D8
:10ACE0004FF0FF30FFF710FD6FF01B035846C4F81C
:10ACF0000031FFF717FD049BC4F80C31D4F8040AA7
:10AD000040F48060FFF70EFD0A23C4F838312B6948
:10AD1000ABF1553BABFB03236A6A1B0902FB03F350
:10AD200003EB4303DB039B09C4F8D831C4F82C912F
:10AD3000DAF80030089923F07F420B0243EA0163FE
:10AD40001343CAF8003009A800F0D4FB099B03F0B4
:10AD50001A0303437FF468AFABFB063BD4F814310E
:10AD60000A93D4F818310B93D4F81C310C93D4F80F
:10AD700020310D93D4F824310E93D4F828310F9359
:10AD8000B7EB9B0F01D1039B93B9404618220AA948
:10AD9000183EFFF747FD08F11808013796B100F09B
:10ADA000E3FB00230993002D7FF432AF214838E7FD
:10ADB0004046F61A1A460AA998440137FFF732FDB1
:10ADC000002EECD1069F079E6A6939463046FFF790
:10ADD00069FEAA6940B94FF4806339463046FFF7EF
:10ADE00091FE00283FF440AF1A9A0023136018E741
:10ADF0002B6A002B3FF439AF0F4836E70323049347
:10AE00005DE7022304935AE7009108AB012229462B
:10AE10005046FFF7A7FD00283FF4D5AE25E700BF59
:10AE200000B00250ABAAAAAA020CF100310CF1004A
:10AE3000300CF100350CF100320CF10010B4DDE9FA
:10AE400001340194039C02940024039410BCFFF786
:10AE50009BBE00BF10B586B005AB0124CDE901242F
:10AE60000093002204ABFFF78FFE06B010BD00BFB9
:10AE7000F0B587B0002966D01E46002B63D014467B
:10AE8000002A60D0314F0D4638684FF0FF31FFF790
:10AE9000E5FC00284DD10020FFF710FD002844D12B
:10AEA0002B4800F099FA0346D8B101204FF0FF3546
:10AEB000FFF704FD002834D126484FF40871FEF74F
:10AEC000D9FE25480421FEF7D5FE21482821FEF7AA
:10AED000D1FE3868FFF7CAFC00282ED1284607B0FB
:10AEE000F0BD1C4A029205AA019204AA03900092A6
:10AEF000174919481A46FFF7A1FF03460028D4D185
:10AF000028461D46059B04999C42224628BF1A46A6
:10AF100032600831FFF786FC0120FFF7CFFC0028E4
:10AF2000CAD00E48FEF78EFDC6E70D48FEF78AFD33
:10AF3000B6E70C48FEF786FDADE70B48FEF782FD4D
:10AF4000284607B0F0BD4FF0FF35C7E7900B002053
:10AF500060450020884500205C450020282703002C
:10AF600008270300F02603008027030010B50446DD
:10AF700030B1002201236265A265E365236610BD3E
:10AF80000148FEF75FFDF4E79827030018B174222B
:10AF90000021FFF749BC704790B1A1B110B5802ADC
:10AFA0004FF00004846380F83C4006D11022046313
:10AFB0001044FFF737FC204610BD6FF01F0010BD96
:10AFC0006FF0210070476FF01F00704728B322B365
:10AFD0001BB3012921D870B50446816B86B017D008
:10AFE000012917D1102500210DEB050661631046DC
:10AFF0000095019602AA294600F0C2FA50B92B46E4
:10B00000324602A9204600F043FD18B906B070BDD3
:10B010000029E7D06FF02100F8E76FF021007047BA
:10B0200010B5044628B12046F421BDE81040FFF7D2
:10B03000FDBB0448FEF706FD2046F421BDE81040A4
:10B04000FFF7F4BBAC27030010B1F421FEF712BEEA
:10B05000704700BF08B521B1012908D06FF0360054
:10B0600008BD012100F058F80028F7D108BD0221E1
:10B0700000F052F80028F9D0F0E700BF30B50546DF
:10B080008818B0F5801FA1B00B46144601D8802A5D
:10B090000CD9B3F5801F17D922461946284600F06F
:10B0A0007DF8044684B9204621B030BD6846FFF7DC
:10B0B000B9FB22466946284600F070F88021044614
:10B0C0006846FFF7B3FBEDE76FF03604EBE700BF30
:10B0D00070B5E8B10E46D9B1044600F031F8054626
:10B0E000B0B92368012B0BD0022B01D0284670BDCC
:10B0F0001C2204F108013046FFF794FB284670BD7E
:10B10000202204F108013046FFF78CFB284670BD71
:10B110006FF03605EAE700BF78B138B504460D4652
:10B12000F021FFF783FB40232560E365204600F014
:10B130005BFA003818BF012038BD0120704700BFFE
:10B1400070B5056EA4B0044604AEE5B90122002333
:10B1500062603046CDE9003302AA294600F010FAB9
:10B1600010B1012024B070BD2A4602A9204600F08B
:10B1700063FA0028F5D1204600F074FB0028F0D1D6
:10B18000206624B070BD802D2A4600F1640128BFDE
:10B1900080223046FFF746FB256ED7E7002800F0F7
:10B1A000AE802DE9F04F1446A5B0002A3DD00F46E1
:10B1B000002949D0B2F5803F0546006E20D34FF6F6
:10B1C000FF7805F1640AEB6D1A1AB2FBF3F103FB89
:10B1D0001122002A65D18342B9464FF6FF7672D01C
:10B1E000B6FBF3FB03FB0BFBBBF1000F30D1002ED2
:10B1F00045D1A4F57F44FF3CB4F5803F4744E2D2FB
:10B20000EA6D161AB6FBF2F302FB1366A64228BFDC
:10B210002646002E75D1824200F08D80B4FBF2F6F6
:10B2200002FB06F62EB9002C79D1002025B0BDE82E
:10B23000F08F0023CDE9003302AA3146384600F0F2
:10B240009FF9002800F09580012025B0BDE8F08F1F
:10B250000023CDE9003302AA5946484600F090F990
:10B260000028F1D102A95A46284600F0E5F9002845
:10B27000EAD1A6EB0B06286ED944002EB9D01930BE
:10B28000494605EB80003246FFF7CCFAA4F57F442F
:10B29000286EFF3C3044B4F5803F4744286692D284
:10B2A000AEE7424528BF4246504439461646FFF7AE
:10B2B000B9FA286EEB6D3044834207EB0609286625
:10B2C000A8EB06068CD1802B28BF80231A46514656
:10B2D00004A8FFF7A7FA0023CDE9003302AAE96D1D
:10B2E00004A800F04DF90028AED1EA6D02A9284665
:10B2F00000F0A2F90028A7D1EB6D286670E70120C5
:10B30000704705F16403394632461844FFF78AFA5C
:10B31000286EEA6D3044A41B374428667BE72B6E09
:10B32000193305EB830022463946FFF77BFA2B6E73
:10B3300023442B6679E7802A28BF802205F1640127
:10B3400004A8FFF76FFA0023CDE9003304A8E96DE4
:10B3500002AA00F015F900287FF476AFEA6D02A981
:10B36000284600F069F900287FF46EAFEA6D286680
:10B3700054E702A93246284600F05EF900287FF41F
:10B3800063AF3744A41B4EE7F8B51C460546114889
:10B390000E461746FFF744FE21460E48FFF75AFEB9
:10B3A000044620B10B48FFF74FFE2046F8BD094880
:10B3B00032462946FFF762FE04460028F2D139469C
:10B3C0000448FFF785FE04460248FFF73DFE20468D
:10B3D000F8BD00BFA847002030B583B01C2301A9E9
:10B3E0000546019300F032F8044638B9019B1C2B46
:10B3F00007D0144C1C212846FFF718FA204603B04A
:10B4000030BDD5E90112131E18BF012300392A6887
:10B4100018BF01219B0043EA4103002A18BF43F0F3
:10B420000103EA680120E8612AB9C5E90834002B64
:10B43000E4D1054CDEE743F008032046C5E90834B3
:10B4400003B030BD370CF0000E0CF00018B111B194
:10B450000B681C2B01D0012070474FF08053D3F8AC
:10B46000102C013214BFD3F8102C41F25C224FF0A3
:10B4700080530260D3F8142C013214BFD3F8142C7B
:10B4800041F664124FF080534260D3F8182C013219
:10B4900014BFD3F8182C40F6D8624FF08053826066
:10B4A000D3F81C2C013214BFD3F81C2C41F2883283
:10B4B0004FF08053C260D3F8002C013214BFD3F890
:10B4C000002C90224FF080530261D3F8042C0132FB
:10B4D00014BFD3F8042C51224FF080534261D3F8AB
:10B4E000082C013214BFD3F8083C40F23733836193
:10B4F0000020704708B501464FF48060FFF71EF941
:10B50000034B0022C3F8C821C3F82C2108BD00BF9B
:10B5100000B002500138072805D8DFE800F0100E0F
:10B52000040A0404040607487047CB684B620020F5
:10B5300070478B684B62002070474B68F6E70B68DA
:10B54000F4E700BF310CF1000B6802E0082B0B6040
:10B5500006D8026A13424FEA4303F7D0002070472F
:10B5600000487047310CF100044B0022C3F82C2135
:10B570004FF48060C3F8C421FFF7C6B800B0025092
:10B58000F0B583B01D46B0F1005F4FF000038DF8B9
:10B59000073024D38C468444BCF1804F04461ED827
:10B5A00017460DF10703012200F064FE0646B0B90C
:10B5B000099A9DF807303C603B7192B14DB102464B
:10B5C00008990DF10703284600F054FE38B99DF89C
:10B5D0000730099A30461560137103B0F0BD4FF47F
:10B5E0007506304603B0F0BDD8B108B50368012B2D
:10B5F00004D0022B0FD043B10B4808BD0B492022C9
:10B600000830FFF70FF9002008BD0949142208305F
:10B61000FFF708F9F7E7074920220830FFF702F99A
:10B62000F1E74FF4730070470100F300BC270300FB
:10B63000FC270300DC2703002DE9F843002900F074
:10B64000F9800446002800F0F980036890460F4610
:10B65000002B00F0C380013B012B00F2D78079481A
:10B660004FF0FF314FF00209FFF7F8F8002840F0E3
:10B67000BF800020FFF722F90646002840F0C28074
:10B68000714AD2F81C39002BFBD16F4DD5F8203C04
:10B69000002BFBD14FF0FF30FFF736F8D5F8040A46
:10B6A00020F04000FFF73EF801230722C5F81838C4
:10B6B000C5F80029C5F8C437A36CC5F8CC37E36CCE
:10B6C000C5F8D037C5F8C09723685BB1013B012BA3
:10B6D00018D8636AC5F85C36236AC5F85836E3693A
:10B6E000C5F85436584BA269C3F850266269C3F8AE
:10B6F0004C262269C3F84826E268C3F84426A268AB
:10B70000C3F84026504AD2F81039002BFBD1B8F1CB
:10B71000000F5FD06368012B08BFC2F884364A4B24
:10B720003A68C3F8282C4020C3F82C8CFFF700F8A7
:10B730000646454AD2F81039002BFBD1424AD2F8CE
:10B74000203C002BFBD123685BB1013B012B18D8B7
:10B75000D2F85C366362D2F858362362D2F8543697
:10B76000E361394BD3F85026A261D3F84C266261CD
:10B77000D3F848262261D3F84426E260D3F8403655
:10B78000A360314AD2F8CC17A164D2F8D017E16493
:10B7900000230121C2F8C417C2F88436C2F8C837A2
:10B7A000D2F81039002BFBD1C2F81838002E3BD14B
:10B7B000254BD3F8040A40F04000FEF7B3FF012008
:10B7C000FFF77CF860BB1F48FFF750F810BB30460E
:10B7D000BDE8F8830423C2F8C837AAE719484FF038
:10B7E000FF314FF00109FFF739F800283FF441AF6E
:10B7F0001648FEF727F90020FFF760F806460028F4
:10B800003FF43EAF1248FEF71DF939E7114E3046BE
:10B81000BDE8F8831048FEF715F93046BDE8F88317
:10B820000E48FEF70FF9CEE7102104F10800FEF7ED
:10B83000FDFFBDE70A4E3046BDE8F8834FF47306BE
:10B84000C5E700BFA00B002000B00250F0260300A7
:10B85000082703000100F3004827030028270300FE
:10B860000300F30098B370B4D0E90241D0E9042397
:10B8700026BA0DBA14BA19BAD0E9062312BAC0E929
:10B8800004418261D0E90842C0E902651BBA25BAC9
:10B89000C0E9073514BAD0E90B23816A12BA09BA94
:10B8A000C0E90941C262D0E90D421BBA25BAC0E91C
:10B8B0000C3514BAD0E91023C16B12BA09BA1BBAFD
:10B8C000C0E90E41C0E91023002070BC70474FF45E
:10B8D00073007047002847D090F83C30002B34D0DC
:10B8E000032B10B513D02248224C2268224B126839
:10B8F000C3F8002422685268C3F8042422689268BE
:10B90000C3F808242268D268C3F80C2410BD016B68
:10B91000006C184C00F0A8FB0028E6D12268164BFA
:10B920001268C3F8002422685268C3F8042422680D
:10B930009268C3F808242268D268C3F80C2400F087
:10B94000A1FB0028D1D1002010BD0B4B0269C3F828
:10B9500000244269C3F804248269C3F80824C26938
:10B96000C3F80C24002070474FF47100704700BFEB
:10B970000900F1008C0B002000B00250374A38B5A6
:10B980000446D2F81039002BFBD1344AD2F8703477
:10B99000002BFBD1314AD2F8203D002BFBD12F4A9E
:10B9A000D2F8203C002BFBD12C4AD2F8383D002B9A
:10B9B000FBD12A4DD5F8383C002BFBD14FF0FF309E
:10B9C000FEF7A2FE636BD5F8040A23F00403032BF1
:10B9D000E36D39D0012B0CBF20F0800020F0200057
:10B9E000FEF7A0FE1D4A0123C2F80039D2F8103933
:10B9F000002BFBD1194AD2F87034002BFBD1174928
:10BA0000C2F8BC34D1F81039002BFBD1134AD2F85C
:10BA10007034002BFBD1626B22F00401032918BFA4
:10BA2000A36B0E494FEA820218BF03F0010302F034
:10BA30001C021A43C1F8C024636B072B04BF012307
:10BA4000C1F87C34002038BD012B0CBF20F0400031
:10BA500020F01000FEF766FEC4E700BF00B0025001
:10BA6000094A0A4B11680968C3F80014116849684B
:10BA7000C3F8041411688968C3F808141268D268FE
:10BA8000C3F80C24704700BF8C0B002000B002509C
:10BA90002DE9F04F85B0002900F0EC809046002A97
:10BAA00000F0E8800546002800F029819946C36D22
:10BAB0000E46002B52D1B9F5805F54D295F83C3038
:10BAC000042B00F0FF800027AD484FF0FF31FEF758
:10BAD000C5FE002840F0D5800020FEF7EFFE0028CC
:10BAE00040F0D880A7480123C0F81038D0F810499A
:10BAF000002CFBD16B6B032B3ADC002B3BDAA24C06
:10BB0000A04AD2F81039002BFBD1002F40F0D18091
:10BB10006B6BEA6D23F00403032B9A4BD3F8040AF2
:10BB200000F09F80012A0CBF40F0800040F0200010
:10BB3000FEF7F8FD934B0022C3F810280120FEF712
:10BB4000BDFE002840F0B1808D48FEF78FFE002832
:10BB500040F0A480204605B0BDE8F08F012BADD1A8
:10BB6000B9F5803FAAD3894C204605B0BDE8F08FD7
:10BB7000063B012BC3D8AB6B012B00F2BE80EB6DF3
:10BB8000012B7CD82B6E012B00F2E8802846FFF7B2
:10BB9000F5FE04460028B3D12846FFF79BFE044675
:10BBA0000028ADD16B6B072BA9D801229A4012F067
:10BBB0008A0F40F0D58012F0440F40F0BA80D207CF
:10BBC0009DD523F00403032B32680DD02B6ED8F8DB
:10BBD0000010012B6B4B0BBFC3F8281DC3F8301DA1
:10BBE000C3F82C9DC3F8349DEB6D012B654B0BBF47
:10BBF000C3F8282CC3F8302CC3F82C9CC3F8349C11
:10BC00006B6B23F00403032B00F0A2802B6E012B3F
:10BC100014BF20208020FEF78BFD044600287FF40F
:10BC20006FAF584BD3F81049002CFBD1696B072933
:10BC300014D801228A4012F08A0F40F0BB8012F023
:10BC4000440F0BD0D3F860242A60D3F864246A60D0
:10BC5000D3F86824AA60D3F86C34EB600123AB6599
:10BC60004EE7012A0CBF40F0400040F01000FEF704
:10BC700059FD5FE7464C204605B0BDE8F08F454CC6
:10BC80003EE74548FDF7DEFE0020FEF717FE0028E0
:10BC90003FF428AF4148FDF7D5FE23E74048FDF7C4
:10BCA000D1FE204605B0BDE8F08F3E48FDF7CAFE44
:10BCB0004AE7042385F83C30202105F11000FEF707
:10BCC000B5FD25E7296B286C00F0C0F998B9364F0F
:10BCD0002C4C3B681B68C4F800343B685B68C4F8B4
:10BCE00004343B689B68C4F808343B68DB68C4F8DC
:10BCF0000C34296B31B10127E6E62C4C00E74FF4F8
:10BD0000710427E72B6D0193EB6C009305F1100A8A
:10BD10004FF0100BCDF808A0CDF80CB0D5E91123E9
:10BD2000286C00F0B9F9002851D1002385F83C3087
:10BD3000E1E7144B2A68C3F860246A68C3F86424F6
:10BD4000AA68C3F86824EA68C3F86C246B6B38E708
:10BD5000EB6D012B14BF102040205CE7144CCFE6A4
:10BD6000084B2A68C3F840246A68C3F84424AA68C8
:10BD7000C3F84824EA68C3F84C246B6B21E700BF82
:10BD8000A00B002000B002500100F1000500F100FE
:10BD90000B00F1000300F100F02603000827030068
:10BDA00048270300282703008C0B00200200F10025
:10BDB0000400F100D3F840242A60D3F844246A60D8
:10BDC000D3F84824AA60D3F84C34EB6046E73B68CC
:10BDD0001B68C4F800343B685B68C4F804343B68F3
:10BDE0009B68C4F808343B68DB68C4F80C345946D7
:10BDF0005046FEF71BFD98E72DE9F04109B302B369
:10BE00000446002800F0AF801D46436B072B0E460A
:10BE10001BD05DB9032B10D1836D73B900F164039E
:10BE200045668566C56605670B6010252B4631465D
:10BE30002046BDE8F041FFF72BBE2F463846BDE84F
:10BE4000F081764F3846BDE8F081C36D002B40F09D
:10BE50008D80B5F5805F80F090801DB9A36D002BBB
:10BE600040F08B806E484FF0FF31FEF7F7FC002862
:10BE700040F08F800020FEF721FD002840F08580F3
:10BE8000684A0123C2F81038D2F81039002BFBD1D0
:10BE9000636B032B4FDD063B012B4ED8A36B012BAD
:10BEA0006DD8E36D012B78D8236E012B77D820460F
:10BEB000FFF764FD0746002840D12046FFF70AFD42
:10BEC000074600283AD1626B072A36D801239340EF
:10BED00013F08A0F40F0818013F0440F6FD1DB071D
:10BEE0002BD5504B0122C3F87C24C3F8BC543168D5
:10BEF000002D56D1A16D09B9C3F82425494BD3F8BB
:10BF00001079002FFBD1616B072917D801228A40D5
:10BF100012F08A0F6FD112F0440F0FD0D3F86024C3
:10BF20002260D3F864246260D3F86824A260D3F856
:10BF30006C34E36002E0002BB0DA3B4F394AD2F8B0
:10BF40001039002BFBD1C2F810380120FEF7B6FCE7
:10BF5000B8B93348FEF78AFC00283FF46FAF334886
:10BF6000FDF770FD6AE74FF4710767E7012B7FF477
:10BF700074AFB5F5803FFFF470AF2D4F5EE72D4FE6
:10BF8000DCE72D48FDF75EFDE3E72C48FDF75AFDA1
:10BF900076E72B48FDF756FD6CE72A4FCEE72A4F90
:10BFA000CCE7E26D012A33D0C3F8301C1020C3F86F
:10BFB000345CFEF7BDFB074600289FD0BEE7194B57
:10BFC0002268C3F860246268C3F86424A268C3F8D6
:10BFD0006824E268C3F86C2483E7124B2268C3F834
:10BFE00040246268C3F84424A268C3F84824E26885
:10BFF000C3F84C2475E7D3F840242260D3F84424D6
:10C000006260D3F84824A260D3F84C34E36095E72B
:10C01000C3F8281C4020C3F82C5CCAE70B00F100D1
:10C02000A00B002000B002500100F10048270300DF
:10C030000500F1000200F100282703000827030093
:10C04000F02603000300F1000400F10029B9044BBD
:10C05000002814BF1846002070470248704700BFF0
:10C060000100F7000300F70029B9044B002814BFB2
:10C070001846002070470248704700BF0100F700D3
:10C080000300F700034B00200122C3F8380AC3F86D
:10C090007824704700B002502DE9F047CCB000245E
:10C0A000579DDDF8588182468946164621467422FE
:10C0B0000EA81F4605F0A7FB802221462CA82B9432
:10C0C00005F0A1FB8423B5F57F6FCDE90A44CDE9E6
:10C0D0000C44059363D8FFF7C3FC05AB30462BAE89
:10C0E00001930295DDE954233946009600F062F889
:10C0F00000284FD103238DF813309DF813308DF8AD
:10C100007430072300221C9010210EA81B930124D9
:10C110000123CDE92423CDF86890CDF878A02694AA
:10C120000DF12009FEF782FB102200920599CDF84F
:10C1300004900AAB304606AAFFF722FA074670B110
:10C140001DE00EA908EB0700FEF76CFB10210EA8FE
:10C15000FEF76CFB0134AD1B3744E4B224D0102D44
:10C160004A46059B8DF8AC4006A90EA82E4628BF6E
:10C170001026FFF741FE32460028E2D007460EA8FF
:10C1800074220021FEF750FBFFF76AFC38464CB0E2
:10C19000BDE8F087054F38464CB0BDE8F087044F46
:10C1A00038464CB0BDE8F0872F46E8E70E00F100B6
:10C1B0000F00F1002DE9F04182B01E460A9D0023D8
:10C1C000B5F57F6F01933ED8ED00B5F5807F17463A
:10C1D00001F1FF3234BF032304233F2A0C460093AE
:10C1E00031D880B366BB089A6AB3099A116851B313
:10C1F000A2191344994226D3089B01462246581C93
:10C20000FEF710FB089B04F102081C440023637036
:10C2100026BB089B0095FF2D03EB080017D92B02C6
:10C220009BB243EA1523022201A90193FEF7FAFA11
:10C2300008F10203099A0020136002B0BDE8F08102
:10C240000FB1402ECFD90A4802B0BDE8F0810122DB
:10C250006946FEF7E7FA08F10103EBE7089B32466F
:10C2600003EB08003946FEF7DDFAB044D1E700BF22
:10C270000600008000201870704700BF0CB430B575
:10C2800089B005460C461C22002101A805F0BBFA26
:10C2900002238DF806300E4B0293059523462CB1F0
:10C2A000B4F1004F28BF4FF00043013B1D440DAADD
:10C2B0000C99069501A8009200F00CF814B1059BAA
:10C2C00000221A7009B0BDE8304002B0704700BFCC
:10C2D000171803002DE9F04F8DB04368029383785F
:10C2E00015469A07804640F10D8100240E78002EF5
:10C2F00000F00A81252E0BD04B1C03930134029BC6
:10C300004146304698470028C0F2F6800399EDE791
:10C310004E788B1C252E0393F0D00027B946BB46E0
:10C32000BBF11F0F38D8A6F12003102B0AD8DFE885
:10C3300003F02A0909300909092109090928092DE9
:10C3400009091F00A6F13003092B33D92A2E37D152
:10C350001BF0400F55F8043B40F08280002BA7BF34
:10C360004BF0200B9946C3F100094BF0280B01E07C
:10C370004BF0010B039B13F8016B0393002ECFD1FD
:10C3800030E04BF0020B4BF0040BF3E74BF0080BE3
:10C39000F0E74BF0100BEDE7BBF17F0F19D8A6F1DA
:10C3A0003003092BD2D81BF0400F03D00A2101FB28
:10C3B0000737DFE70A2101FB09394BF0200BD9E7EA
:10C3C0002E2E06D11BF0400F40F09E804BF0400B0C
:10C3D000D0E76C2E31D02BD8682E36D06A2E3CD0C8
:10C3E0004C2E3AD0002F46F02003B8BF2BF040026D
:10C3F000A3F16501BCBF1FFA82FB0027022901D906
:10C40000612B2FD1073525F00705DFF8ACA20835E1
:10C4100007271BF0080F66D00AEB070B56465E4550
:10C4200063D1A4EB0A0A06EB0A02A9EB07096FE144
:10C43000742E9FD07A2E9DD0D4E71BF0800F18BFAA
:10C440004BF4007B4BF0800B94E71BF4807F18BF0C
:10C450004BF4007B4BF4807B8CE74BF4207B89E72B
:10C460001F4687E7A6F16301122900F2F080DFE89A
:10C4700011F013004F00EE00EE00EE00EE004F0052
:10C48000EE00EE00EE00EE00EE00FE00E900EE0031
:10C49000EE001B00EE00AF0055F8043B8DF818309D
:10C4A00001270DF1180AB4E755F804AB834BBAF134
:10C4B000000F08BF9A461BF0400F14BF39464FF0DB
:10C4C000FF31504604F0E2F80746A2E7029B4146DE
:10C4D0002020984700280FDB013EB742F6D34C449A
:10C4E000A41BB14698E74E46F7E716F8010B029BEE
:10C4F00041469847002892DA98F8023043F0040346
:10C5000088F802304FF0FF3420460DB0BDE8F08FC0
:10C510001BF0800F34D01BF4007F2CD0073525F0A2
:10C520000705AA4669685AF8080B2BF01005002980
:10C53000ADB237DA404261EB410145F480650DF15F
:10C54000180B0A235A4605F0DFF8A0EB0B03019302
:10C550006B0662D5019B25F001019F4289B240F331
:10C56000A180002E00F0998015F0100240F09C8010
:10C57000BB460D4623E0AA465AF8040BC117D4E780
:10C58000AA461BF4807F5AF8041B01D10846F5E740
:10C590001BF4007F15BF48B208B241F3C01141F34C
:10C5A000C031C2E750EA0103C9D11BF0400FC6D029
:10C5B000002FC4D12BF0110295B2BB46019740F277
:10C5C000064115EA01021CBF0BF1010B00222CE011
:10C5D0002BF010021FFA82FB0A231BF0800C49D0BB
:10C5E0001BF400711DBF073525F00705AA46AA46B2
:10C5F0001ABF5AF8080B69685AF8040B50EA01058B
:10C6000045D12BF016051BF0400FADB242D0002FE4
:10C6100040D12BF0170295B2019715F0100248D0C7
:10C62000019B002E42D103F1010B29075AD4EB07DD
:10C6300006D5D9456FDD0199A9EB0B035F18CB46F1
:10C640005B4649E04BF0100B10237826C5E7782BAA
:10C6500004D1C6F1780343F01003BEE7029B4146C4
:10C66000252098470028FFF647AF023447E6082305
:10C670000026B2E7AA461BF480715AF8040BBDD01D
:10C680001BF400711ABFC0B2614680B2B6E72BF04E
:10C69000060295B20DF1180B54E725F01105ADB265
:10C6A000BB468CE70D46B8E73B460D4603F1020B4F
:10C6B000BBE7DDF804B082E7714E03006A4E030069
:10C6C000CDE904324146029B202098470028FFF61E
:10C6D00013AF049B059A01339945F1DCA4EB0B01E0
:10C6E000CC189B460AB3029B41463020984700284D
:10C6F000FFF602AF8EB901342744019B391B9942E2
:10C7000024DC1D465DBB019AA9EB0B09224455466A
:10C710001446914435E0019F92E702344146304689
:10C72000029B98470028E7DAE6E640F206410D4210
:10C73000E2D015F0020F14BF2B20202015F4806FDB
:10C7400004F10104414618BF2D20E9E7029B414650
:10C7500030209847002804F10104CEDACCE606AB7D
:10C76000013D4146585D029B98470028CADAC3E65E
:10C77000029B414620209847002804F10104FFF65F
:10C78000BBAEA9EB0403002BF2DCBFE57047836866
:10C7900000EBC101B3F5004F2CBF51F8220031F876
:10C7A0001200704700EBC1018068B0F5004F2CBF4C
:10C7B00041F8223021F81230704708B50122FFF706
:10C7C000E6FFD04008BD8368B3F5004F00EBC10120
:10C7D00008D34B681AB143F001034B60704723F054
:10C7E0000103FAE74B881AB143F001034B8070470D
:10C7F00023F00103FAE753000122FFF7D3BF836858
:10C80000B3F5004F34BF04230823C91A081AC0081F
:10C810007047B0F5004F34BF04230823481C083389
:10C82000A0EBD300B0FA80F0C0F11F0070472DE9F3
:10C83000F041174603220E460446FFF7A8FF864242
:10C84000054607F104080AD1E3680122BA4023EA49
:10C850000203E360002344F82830BDE8F08131464C
:10C8600002222046FFF793FF2B460646014644F876
:10C87000285020460322FFF795FF334629462046DD
:10C880000222BDE8F041FFF78DBF70B50D46866806
:10C890000446FFF792FFB6F5004F014601D3012889
:10C8A00009D03046FFF7B5FF294602462046BDE8CD
:10C8B0007040FFF7BCBF70BD2DE9F04705468068AA
:10C8C000FFF7A7FF05EB800A8846DAF810900646C6
:10C8D000B9F1000F1BD00327DAF810402846214693
:10C8E000FFF76BFF404507D3324621462846FFF746
:10C8F0009EFF2046BDE8F087032221462846FFF729
:10C9000046FF013FCAF8100001D08145E4D1EB6831
:10C9100001364FF0FF34B4401C40EAD094FAA4F240
:10C92000B2FA82F2131D55F82340DEE72DE9F041FB
:10C93000144605460E46FFF740FFA4EB0608371BDA
:10C940000744424631462846FFF755FF3A462146FE
:10C950002846FFF750FF4346002221462846FFF7AE
:10C9600021FF21462846FFF728FF3B4621180022D9
:10C970002846BDE8F041FFF715BF2DE9F041164606
:10C9800004460F46FFF719FF314605462046FFF7DC
:10C9900014FF05442A4639462046FFF72CFF31464E
:10C9A0002046FFF70AFF2B46311800222046BDE83B
:10C9B000F041FFF7F7BE2DE9F0410D4686680446C9
:10C9C000FFF7FBFEB6F5004F014601D3012832D038
:10C9D0003046FFF71EFF04EB80010E6996B9E3684D
:10C9E000012282401343E36002220D612B46294657
:10C9F0002046FFF7D7FE032229462046BDE8F04136
:10CA0000FFF7D0BE022231462046FFF7C0FE29467E
:10CA1000034607462046FFF7C5FE03223346294654
:10CA20002046FFF7BFFE39462B462046FFF7BAFEE9
:10CA300002223146E1E7BDE8F081F8B50C46054633
:10CA4000FFF7BBFE2618012231462846FFF79FFE5E
:10CA5000C3070CD431462846FFF717FF2146284666
:10CA6000FFF7ABFE214622182846FFF786FF00227B
:10CA700021462846FFF78BFE271A01223946284611
:10CA8000FFF785FE10EA020613D139462846FFF764
:10CA9000FCFE214632462846FFF779FE2246211A3F
:10CAA0002846FFF76AFF214632462846FFF76FFE09
:10CAB000241A21462846BDE8F840FFF77CBF38B568
:10CAC00071B105682846FFF79AFE00220446014628
:10CAD0002846FFF778FE2146BDE83840FFF7ADBF96
:10CAE00038BD70B5066809B9002070BDB368B3EBF6
:10CAF000D10FF9D9B3F5004F34BF04230823CC1D5F
:10CB00001C44E40821463046FFF7D6FE05460028BF
:10CB1000EAD001463046FFF750FEA04209D92C4426
:10CB2000294630462246FFF701FF21463046FFF7EF
:10CB300042FF304601222946FFF745FEB368B3F5B0
:10CB4000004F34BF0423082303EBC5031844CCE78C
:10CB50002DE9F84306681446B26801F1FF39B2F5D1
:10CB6000004F34BF0423082319EA01090F460BD0F4
:10CB7000494239408B424F4628BF0B46894654B93B
:10CB800000252846BDE8F8839942F8D82146BDE83B
:10CB9000F843FFF7A6BFB2EBD40FF1D9E11DB2F510
:10CBA000004F394434BF04220822C91A1144C9086D
:10CBB0003046FFF781FE80460028E1D0B368B3F528
:10CBC000004F34BF0423082309EBC0051D4435443E
:10CBD0007B1E1D44B5FBF7F57D43A5EB09052946F2
:10CBE0003046FFF70CFE2C44073424F00704A41B46
:10CBF000804507464FEAE40408D2024641463046E3
:10CC0000FFF794FE41463046FFF7D5FE39463046E1
:10CC1000FFF7D3FD3844844208D2394630462246D5
:10CC2000FFF784FE21463046FFF7C5FE0122394654
:10CC30003046FFF7C8FDA4E7B2F5802F2CBF0823CC
:10CC40000423D21A2DE9F0418C18CD1D25F00705DB
:10CC500024F00704641B0026E40805602146AC604C
:10CC6000EE602046FFF7D5FD421D9200013002F133
:10CC700007074FEAD707A2F110023146B8BF324684
:10CC800005F1100004F0BFFD3A4631462846FFF793
:10CC9000B2FD3346324631462846FFF783FDA4EB0A
:10CCA0000708284631460122FFF78DFD42463946E6
:10CCB000FFF7A1FD3B46324639462846FFF772FD95
:10CCC00021462846FFF797FD43463246214628462F
:10CCD000FFF768FD214628460122FFF774FD39461B
:10CCE000BDE8F041FFF767BE2DE9F04706460D4667
:10CCF000174698462BB398F8004093F80190DB78DC
:10CD0000A40004EB430498F802301C4444444FF060
:10CD1000000ACA4509D3D8F8042008F108033946A7
:10CD20003046AC46BDE8F047604714F8013B48F890
:10CD300023402046EEF7ADFA013004440AF1010A1F
:10CD4000E7E76FF01500BDE8F08770B500250246F3
:10CD50002846144614F8013B0BB9184609E098B16F
:10CD60008D4207D1702B04D0A3F140023A2A0BD890
:10CD7000002070BDA3F140063A2E05D85378013546
:10CD8000941C002BE9D00020252B08BF80F0010067
:10CD90002246DEE70020704700F080BB0FB407B5E5
:10CDA00004A951F8040B019100F078FB03B05DF881
:10CDB00004EB04B070470FB407B504A951F8040B95
:10CDC0000191FFF7E9FF03B05DF804EB04B0704791
:10CDD00010B50369024613F0080009D11368D4683E
:10CDE0009C4297BF126AE31AD31A01200B6010BD50
:10CDF00000231846FAE713B501A90446FFF7E8FF38
:10CE000020B1019BE268013B13440193206A019B1E
:10CE1000C01A013802B010BD10B50446501822697E
:10CE2000236AD20702D5013B184010BD984228BFA3
:10CE3000C01AFAE710B504460A46C168FFF7ECFFCE
:10CE40002369E06023F00803236110BD38B50D4667
:10CE5000C2698B00016843F0020342F821300446A6
:10CE600001682A46FFF7D8FFE368616820609842AE
:10CE700002BF236943F0080323612A462046FFF7D7
:10CE8000CBFF606038BD2DE9F74FC768C6699B4688
:10CE900016F8273003F00303022B04468846914618
:10CEA00006EB870A4FF0000309D01360CBF800307F
:10CEB0002369990710D4002003B0BDE8F08F56F81D
:10CEC000271013608908CBF80030F1D0FFF7B2FFCC
:10CED000E368A3600120EFE7A3695046984716F87E
:10CEE0002730DA070546E6D513F002031DD0B8F166
:10CEF000000F03D041462046FFF7A8FF61682A468D
:10CF00002046FFF789FFD4E902319942606004D1DD
:10CF10002A462046FFF780FFA060A3682360E360F5
:10CF2000236943F008032361D4E7014620460193B7
:10CF3000FFF780FFE268A260B8F1000F04D021681B
:10CF4000E269019B42F8213005EB0802CBF8002092
:10CF500021682046FFF760FF2369206043F0080343
:10CF6000236116F827306FF3000306F82730C9F85D
:10CF700000A0AFE770B504461546FFF74DFF2368E4
:10CF8000834205D12369216023F00803236170BD2A
:10CF9000E269AB0043F0020342F8213020466168A9
:10CFA0002A46FFF739FF6060F1E738B503695B0790
:10CFB000044606D5456AFFF71EFF85422CBF656211
:10CFC000606238BD38B50D4604461C22002104F0CD
:10CFD0001AFCEB68A361AB6863612B68E3616B6863
:10CFE0002362002262622A6923B1591E194208BFD6
:10CFF00042F001022261012204F128000021BDE873
:10D00000384004F00EB82DE9F04F87B000250093AA
:10D01000036A03958B4204460E4692460595A9463F
:10D0200039D3EFF3118B402383F31288BFF36F8F53
:10D03000059AD8462AB129462046FFF79BFF0023D0
:10D04000059304A92046FFF7C3FE0499B1420746A1
:10D050002AD32268E36913F8221021F0030103F8B0
:10D06000221003EB8209216832462046FFF7D4FEE6
:10D07000E3682060984212D0002788F31188BFF33C
:10D080006F8F039929B162690AB120469047002346
:10D090000393002FC5D1484607B0BDE8F08F236940
:10D0A00043F008032361E7E718B12046FFF7CEFEFF
:10D0B000E3E7009B5AEA030319D0019104F0EEF86C
:10D0C0000199A0B98BF31188BFF36F8F009B524673
:10D0D00004F12800FBF7AEF8EFF31188402383F347
:10D0E0001288BFF36F8FB0FA80F77F09C5E705ABF1
:10D0F00003AA20462568FFF7C6FE0746BDE770B5C0
:10D100000446836908460D4698470246EFF31186A8
:10D11000402383F31288BFF36F8F2B7843F0010312
:10D120002B7061682046FFF777FE60602046FFF7AE
:10D130003CFF86F31188BFF36F8F70BD2DE9F0417E
:10D1400004464027EFF3118687F31288BFF36F8FF1
:10D15000236913F0080FA36802D16268934200D9D3
:10D16000226AE169D21A32B986F31188BFF36F8F50
:10D170004FF0000833E011F8232012F0030001EB18
:10D180008308F1D0022803D151F82350AD0805D10E
:10D19000D00712D4A369404698470546A1682A469D
:10D1A0002046FFF739FE2946A0602046FFF742FEE1
:10D1B00086F31188BFF36F8FC4E742F0020201F8D3
:10D1C00023204046A369A568984729460246204681
:10D1D000FFF722FEA06086F31188BFF36F8F4046F1
:10D1E000BDE8F081F8B50446836908460D469847C6
:10D1F0000646EFF31187402383F31288BFF36F8F46
:10D200002B786FF300032B7023699B0705D5E26829
:10D21000E36903EB82039D421AD12B786FF341033C
:10D220002B70D4E90231994204D132462046FFF7EF
:10D23000F3FDA06031462046FFF7FCFD87F311881F
:10D24000BFF36F8F04F12800BDE8F840FAF7CEBFB6
:10D250002B6860F39F032B60F0E7EFF3118140230D
:10D2600083F31288BFF36F8F036913F0080F83688D
:10D2700002D14268934200D9026AD31A81F311881D
:10D28000BFF36F8F181E18BF01207047038B13F078
:10D29000070305D10368002B0CBF00200320704753
:10D2A000022B05D1408BB0FA80F040098000704716
:10D2B000012B05D10368002B0CBF0020052070470F
:10D2C0000020704710B50C4600B111B96FF0150081
:10D2D00010BD081D00F093F80028F9D1A368032BB6
:10D2E000F6D9F3E72DE9F0410D4607461946281D0A
:10D2F00090461E4600F097F8044638B13346424641
:10D3000029463846A446BDE8F0416047BDE8F081B3
:10D3100010B4EFF31182402484F31288BFF36F8FAF
:10D32000416110BC0121EEF769BC38B50C460546D9
:10D3300058B151B10B6843B14B6833B11C22002185
:10D3400004F061FA2C61002038BD6FF01500FBE796
:10D3500070B505460E46FFF7B5FF041E14DBEFF36C
:10D360001182402383F31288BFF36F8F6B8B2C8B5A
:10D370004FF6FF718B4204F0070407D182F3118846
:10D38000BFF36F8F6FF00A04204670BD022C0CD1E2
:10D3900001336B8382F31188BFF36F8F0023224622
:10D3A00031462846FFF79EFFEEE7062C14D8DFE84B
:10D3B00004F004131313041A0400002333606B6891
:10D3C0003BB9C5E90066ACB902212846EEF716FC68
:10D3D000DAE71E606E60F6E782F31188BFF36F8FA5
:10D3E0006FF00404D0E782F31188BFF36F8F6FF002
:10D3F0008504C9E782F31188BFF36F8FC4E7034642
:10D4000040B1426802F00302022A06D0032A04D087
:10D41000012A05D06FF0150070471A68002AF9D06C
:10D4200000209860704710B54268816002F00302E6
:10D43000022A03464FF0000407D0032A02D05C60A2
:10D44000002001E018685C6010BD18685C6000286E
:10D45000F6D0FBF715FFF3E7704703785B075FBF74
:10D4600003684288C3F34A2303EB12105DBF1730F1
:10D4700020F007008008002070470020704702F06D
:10D4800070BD0346BFF35B8F53E8000F421C43E8B7
:10D4900000210029F8D1BFF35B8F70471FB500232F
:10D4A000CDE90201CDE900331A4619461846EEF7D8
:10D4B000DBFF05B05DF804FB0120EEF77FBD002027
:10D4C000704770B5D2E901369B1B8B420C4615465E
:10D4D0000AD313680A460146981904F06CF9AB6840
:10D4E0002344AB60204670BD6FF01B00FBE770B5B6
:10D4F0000E4615461946044618B9BDE87040EEF7C9
:10D500005DBD33B1C2F34A231030120D184404F04C
:10D5100052F9C4E900562046BDE87040EEF7ECBE73
:10D520002DE9F3415F1C4FEA8708064608F1170012
:10D5300020F0070080080C461546EEF7B3FD0023E7
:10D54000ADF805308DF807308DF8047068B10346EA
:10D55000019A43F8102FA8F104012A46294452F8F1
:10D56000045B43F8045F8A42F9D1A20102F4E0723D
:10D5700042EA482222F07F4222F47002002322F085
:10D580003F02314602B0BDE8F041FFF7B0BF07B53A
:10D590000123019201AAFFF7C3FF03B05DF804FB6A
:10D5A00007B5CDE9002302236A46FFF7B9FF03B0B0
:10D5B0005DF804FB1FB5CDE90123069B039301AA87
:10D5C0000323FFF7ADFF05B05DF804FBF8B5064691
:10D5D0000D4614461F4604B9F8BD214628463A4672
:10D5E000B047241A0544F6E710B54268816804463E
:10D5F000D2E900230068FFF7E9FF636800221A60A0
:10D6000010BD38B54B681A68CB689A4205460C467F
:10D6100002D10846FFF7E8FF6368BFF35B8F53E86A
:10D62000002F511C43E800100028F8D1BFF35B8F96
:10D63000A3689D54002038BD0A2838B504460D461D
:10D6400002D10D20FFF7DDFF29462046FFF7D9FF65
:10D65000002038BD2DE9F043054687B008460E8806
:10D6600091F80090D1F808800C461746EEF74CFF71
:10D67000011EC6F38216C9F3C2091EDB4846EEF747
:10D680004DFE03462146608851F8102B0196C2F3E7
:10D690004A22002A01EB0204C0F30B1008BF00214C
:10D6A0000022CDE90407CDE9021400924146284644
:10D6B000EEF756FF07B0BDE8F0830023E2E77047BE
:10D6C000002930B4044618460BDBA5680844A8427C
:10D6D00007D8E0686468214484682468A44630BCA4
:10D6E00060476FF0150030BC7047002930B4044625
:10D6F00018460BDBA5680844A84207D8E0686468B0
:10D70000214484686468A44630BC60476FF015000B
:10D7100030BC70470029034610B410460BDB9C68F0
:10D720000844A04207D8D8685B68194483689B689E
:10D730002BB110BC18476FF0150010BC70476FF08C
:10D740005700FAE70029034610B4104609DB9C682D
:10D750000844A04205D8D8685B68194410BC00F0A2
:10D7600097B86FF0150010BC704708B5C0688368A3
:10D77000DB689847006808BDC068704708B5C06896
:10D780008368DB689847407908BD42680B6893421C
:10D7900002D90846EFF742BA4B6813444B600120A8
:10D7A00070472DE9F047894616469846044698B3D7
:10D7B00082680369134482693344934230D8002558
:10D7C000D4E90170A6EB050A3F1ABA4515D2B54255
:10D7D00009D223685246184409EB050103F0EBFF18
:10D7E000A3685344A360B8F1000F1CD0A068A8B18F
:10D7F0002046BDE8F047EFF7B5B923683A4618442C
:10D8000009EB050103F0D7FF6368A3602046EFF73B
:10D81000A9F918B93D44D3E76FF00D00BDE8F087D2
:10D820006FF00B00FAE74046F8E770B5044600F5E4
:10D8300001701E46FFF7B5FF054636B1D4F8000269
:10D84000FFF73DFF0023C4F80032284670BD30B515
:10D85000054685B0084605F50071EFF75BF904460B
:10D8600098B9D5F80002FFF787FFD5F80032029487
:10D870009A6801925B68009301464FF400732A4650
:10D8800005F50170EFF7D8F90446204605B030BD24
:10D890002DE9F0418768FB6804460D461646984717
:10D8A000BB682BB1324629462046BDE8F0411847F7
:10D8B0006FF05700BDE8F08138B50D46AB42114618
:10D8C0001C4604D81A4603F076FF204638BD0024D3
:10D8D000FBE703F098BFC30903EB430303EBC30368
:10D8E00083EA4000C0B27047CB780278534003709F
:10D8F0004B884278534043700A68837883EA122346
:10D9000083700A68C3785340C370CB79027953405F
:10D910000371CB884279534043714A68837983EA23
:10D92000122383714A68C3795340C371CB7A027A58
:10D9300053400372427A4B89534043728A68837A18
:10D9400083EA122383728A68C37A5340C372CB7B03
:10D95000027B53400373CB89427B53404373CA68B5
:10D96000837B83EA12238373CA68C37B5340C373E8
:10D9700070471FB502788DF8002042798DF801209C
:10D98000827A8DF80220C27B8DF8032002798DF80F
:10D990000420427A8DF80520827B8DF80620C2781B
:10D9A0008DF80720027A8DF80820427B8DF8092037
:10D9B00082788DF80A20C2798DF80B20027B8DF8D1
:10D9C0000C204278C37A8DF80D2082798DF80E20D4
:10D9D0008DF80F3010236A461946FFF76DFF05B02A
:10D9E0005DF804FBF8B5064608780C46FFF773FFB0
:10D9F00005466078FFF76FFFA27863785340E278BE
:10DA000053405D406840307060782778FFF763FFCF
:10DA10000546A078FFF75FFFA3785F40E3785F409B
:10DA20007D406840707063782778A0785F40FFF78A
:10DA300052FF0546E078FFF74EFFE3785F407D40F8
:10DA40006840B0702078FFF746FF62782378534033
:10DA5000A278534080EA0305E078FFF73CFFEDB27F
:10DA60004540F570F8BD70B5144688B005460028ED
:10DA700049D0002949D0002A49D010230A466846D7
:10DA80001946FFF719FF21466846FFF72DFF1034AE
:10DA900001F1A0066846EFF75BF96846FFF769FFFA
:10DAA000694604A8FFF79EFF01A905A8FFF79AFFA2
:10DAB00002A906A8FFF796FF03A907A8FFF792FFA0
:10DAC000102319460DEB03026846FFF7F5FE2146C9
:10DAD00068461034FFF708FFB442DBD1EFF738F99E
:10DAE0006846FFF746FF21466846FFF7FDFE102314
:10DAF00019466A462846FFF7DFFE684610220021D5
:10DB0000FFF7E7FE012008B070BD0846FBE71046AE
:10DB1000F9E710B50A460F3012F9103B002BACBFE5
:10DB20000023872312F8014D83EA44038A4200F858
:10DB3000013902D01378DB09F4E710BD08B520B134
:10DB400058220021FFF7C5FE012008BD10B504468C
:10DB500088B110220021FFF7BCFE102204F1300032
:10DB60000021FFF7B6FE0023636400224FF48033E8
:10DB7000C4E91423012010BD70B504460D461646B5
:10DB800010B311B358220021FFF7A3FE2946A66463
:10DB90003046EFF7E9F8102200212046FFF799FE02
:10DBA00004F11005A26C21462046FFF75CFF2146D8
:10DBB0002846FFF7AEFF294604F12000FFF7A9FF32
:10DBC0002046FFF7C3FF012070BD0846FCE72DE9A2
:10DBD000F0410E4615460446002860D0FAB10029EF
:10DBE0005DD0D0E9143253EA020158D0013BD0F89D
:10DBF000448042F1FF32C0E91432B8F1000F2CD05A
:10DC0000C8F1100708F13000BD4220440AD22B466B
:10DC100032462946FFF750FE636C2B4463640120B3
:10DC2000BDE8F0813B4632463946FFF745FE103DE0
:10DC30000023636445443E44631E04F10F0113F85E
:10DC4000012F93F830008B4282EA00021A70F6D15D
:10DC5000A26C21462046FFF706FF04F10F07102DA6
:10DC60000AD8002DDBD02B463246294604F130007D
:10DC7000FFF722FE6564D2E7631E711E13F8012FC1
:10DC800011F8010FBB4282EA00021A70F6D1A26CB1
:10DC900021462046FFF7E7FE1036103DDFE7002063
:10DCA000BEE770B50C460546E8B169B34A6C102A68
:10DCB0001AD11031631E013904F10F0013F8012F3E
:10DCC00093F83060724011F8016F984282EA0602C0
:10DCD0001A70F3D1A26C21462846FFF7C4FE2046F5
:10DCE000FFF72CFF012070BD02F130000021C2F1CE
:10DCF00010022044FFF7EDFD636C2344802283F87B
:10DD0000302004F12001D5E70846ECE708B50020F3
:10DD1000EDF75EFF01460068EFF764B908B5EFF76D
:10DD2000BDF9BDE80840EFF7DDB90A460121FFF76C
:10DD30002EBC00210120EFF755B961B662B680F321
:10DD40001188BFF36F8F704772B6002383F3118879
:10DD5000BFF36F8FBFF34F8F30BF62B6BFF36F8FCC
:10DD6000704772B6002383F31188BFF36F8FBFF340
:10DD70004F8F20BF80F31188BFF36F8F62B670475B
:10DD8000202809D9B0F1004F08D80138B0FA80F046
:10DD9000C0F11F0040007047082070473E207047C8
:10DDA00008B5D1E904319847002008BD08B5EFF760
:10DDB00039FF002008BD7047002303824369C36018
:10DDC0007047416A8968EFF7B5BFEFF311824023CE
:10DDD00083F31288BFF36F8F00230B60436833B95E
:10DDE000C0E9001182F31188BFF36F8F704719608B
:10DDF0004160F7E710B50346EFF31181402282F34B
:10DE00001288BFF36F8F006828B15C6802681A60DF
:10DE1000A04208BF5A6081F31188BFF36F8F10BD15
:10DE2000027A013202727047034618465B68002B83
:10DE3000FBD17047426810B52AB10B461C465B689F
:10DE4000002BFBD16260416010BD10B5044620B9C3
:10DE50000B7A01330B72084610BD034618465B6807
:10DE6000002BFBD1FFF7E6FF2046F5E783680B4464
:10DE70000360704703680B6043684B6083688B6086
:10DE800070478388026819448180D018704730B485
:10DE900084880568A3188380281930BC03F08BBCE4
:10DEA00010B5838802685C1C8480D154D01810BDE2
:10DEB000034600689A88401A114418609980704798
:10DEC0008288521A034682800068084418607047AE
:10DED000034600689A88521A01449A801960704774
:10DEE00010B503681C880221FFF7EAFF204610BD29
:10DEF00002688068101A70478388C2888168D21AC5
:10DF000003685B1AD01A704703898B420AD94368A9
:10DF100003EBC10053F831302BB94368002B08BF25
:10DF20000020704700207047F0B503788588877916
:10DF3000C679CE71002013F0070F0860C3F3C10348
:10DF400008788F7114BF03240124012B28BF0123FB
:10DF500044EAC30320F01F006DBA034352BA0B70AA
:10DF60004A808D80F0BD37B505460C460846FFF760
:10DF700023FF45F8044B08232046238250F80C4F1A
:10DF80001C44FFF7B9FF00220346009202212246FB
:10DF9000284602F0A5FE03B030BD2DE9F04F85B054
:10DFA00005460E4690461F4602F0A7FC20B96FF0CA
:10DFB0004C0005B0BDE8F08F00234FF014093B6022
:10DFC00009FB086934464FF0010A02A9284602F00D
:10DFD00091FCDDE90232009368BB284602F0B6FCF2
:10DFE0000028E4D00020E4E7A14598BF34466168EA
:10DFF0008A4214D121680098019203F075FB019ABE
:10E0000068B9237CD3B9D4E9023128469847C0B116
:10E0100084F810A03B68013314343B60D5E7143416
:10E020000BF1010BD845DFD10021284602F0E5FCB9
:10E030000028CAD1D1E74FF0000BF3E76FF06F0073
:10E04000B7E76FF02200B4E720B101280CBF05202C
:10E05000FF2070470220704702780B789A420FD356
:10E060000CD842784B789A420AD307D842884B881A
:10E070009A4205D38CBF01200020704701207047D1
:10E080004FF0FF30704770B506460C4600F03EF882
:10E090000546304601F0BFFD0346013B85F0010017
:10E0A000032B0CD8DFE803F008060902022304B1B1
:10E0B000237070BD0123FAE728460023F7E74FF0ED
:10E0C000FF30F6E773B546100546304600F01EF8FF
:10E0D000002304460DF1070130468DF80730FFF7A5
:10E0E000D2FFA84204D19DF80730013B012B09D98A
:10E0F000A04202D09DF8073023B1631B584258411B
:10E1000002B070BD0120FBE77047704700207047E8
:10E110000020704770B5054688B00E4600240023E5
:10E120006A4631462046F0F72DFD28B920222946BF
:10E13000684603F0D9FA10B124B14FF0FF342046FD
:10E1400008B070BD0124EAE7002301461A461846CC
:10E15000F0F718BD022805D0033801288CBF012034
:10E16000052070470320704708B50020EDF730FD0B
:10E1700070B5BCB0044600F1100517AE00220023B4
:10E180002846FAF701F8014608B93CB070BD03AB68
:10E190006846CDE900460293EFF7DCFEEEE7EFF7C5
:10E1A0005BBE70B505460E46F0F744FF044618B155
:10E1B000336B1BB129469847204670BDEA7A05F1BA
:10E1C0001801183003F0F7FAF6E710B5044640B12D
:10E1D0004B6B0BB1183098472046BDE81040EFF765
:10E1E0003BBE10BD0023C363A0F840307047C36B33
:10E1F00013B1B0F8400070476FF015007047F8B5E4
:10E20000C36B04460F46164603BB072A25D94D8823
:10E210006DBA0835B2F5006FADB221D8B5F5006F13
:10E220001ED8AA4216D8F0F705FFE063D8B1A4F8CB
:10E230004050E06B324639460C30FFF728FEB4F808
:10E2400040309B1B98B2A4F84000F8BDB0F84030B5
:10E250009342EED26FF08A00F7E76FF03C00F4E7EC
:10E260006FF03E00F1E76FF00B00EEE738B50B46BC
:10E27000C16B044661B1B0F8405005B15BB12046B6
:10E28000F0F7F6FE0023A4F84030E363284638BDDB
:10E290006FF01505FAE76FF03C05F7E710B5044697
:10E2A000C06B30B1FFF77BFF0020A4F84000E063B3
:10E2B00010BD6FF01500FBE7C06B00B11830704760
:10E2C000036813B100230360037170478B6913B1B6
:10E2D00083610B7F03770020704710B50446084622
:10E2E00059B1F0F711FF40B1A3698B4206D190F804
:10E2F0006930227F9B1A5842584110BD0120FCE72B
:10E3000070B50546F0F700FF044698B1284600F0C6
:10E310001BFC034604F1380043B1783306D0BDE856
:10E3200070404FF400420023FAF7E8B9BDE87040AE
:10E3300002F071BF70BD08B5806918B101F05AFBD9
:10E34000033880B208BD08B5F0F7DEFE20B1BDE8A5
:10E3500008406C30F9F74ABF08BD10B50C4601788B
:10E3600022788A428AB00FD06946F1F741F905A9AF
:10E370002046F1F73DF910220DF115010DF10100D4
:10E3800003F0B2F90AB010BD012A06D0022A07D064
:10E3900072B940886388C01AF4E740686368FAE796
:10E3A0001022611C01300AB0BDE8104003F09CB996
:10E3B0006FF01500E6E7042A0AD0102A0DD0022AD1
:10E3C0004FF0000315D103700B8843800120704784
:10E3D000012303700B684360F8E7022300F8013B58
:10E3E00001F1100351F8042B40F8042B9942F9D1A4
:10E3F000ECE718467047012310B50621044600F8E3
:10E40000013BF8F793F918B9A37963F03F03A371BF
:10E4100010BD0B6803608B8883808B7983710378D0
:10E4200023F00203037070470078C0F34000704788
:10E430002DE9F04101F10C080C46054600F10C01F4
:10E44000404617461E46FFF715FD4046FFF750FDB4
:10E45000012310FA87F068826B722F82394640469A
:10E46000FFF72EFDE3687360628A0023E360728128
:10E47000638234602846BDE8F08138B5D1E90032C6
:10E48000DA600B684A895A820D4604460868EFF73D
:10E49000E3FC00211022284603F0B5F9A07AEFF73B
:10E4A0001FFC6169054649B1637ADB0704D4436AFE
:10E4B0001B6820469B6898470023636121462846D5
:10E4C000BDE8384002F09FBD438A23B9C068B0FA66
:10E4D00080F040097047002070470F2807D80D28AA
:10E4E0000BD8052808BF032018BF02207047132847
:10E4F00003D01A2808BF0120F6E701207047FFF774
:10E5000046B8FFF74DB810B50346BFF35B8F53E82D
:10E51000000F40EA010243E80024002CF7D1BFF3CA
:10E520005B8F10BD0023EDF71BBFBFF35B8F50E87F
:10E53000003F0B4040E80032002AF8D1BFF35B8F68
:10E54000704738B504460D46F1F722FA5F3005D121
:10E5500029462046BDE83840F1F78CB938BD002087
:10E56000704781767047704710B5038842889342A0
:10E5700019D8052B17D9B2F5486F14D88388B3F58D
:10E58000FA7F10D2C088A0F10A0189B240F6764421
:10E59000A14208D801339BB25343B3EB800F34BF81
:10E5A0000120002010BD0020FCE700207047002063
:10E5B000704770B506460D4642F221000321F1F77F
:10E5C00083FC044618B9BDE87040F1F749B903214E
:10E5D0000C30FFF756FC06808570214642F2210080
:10E5E000BDE87040F1F722BE70B506460D4640F218
:10E5F00006400321F1F768FC044668B103210C30A2
:10E60000FFF73FFC0680857021460022BDE8704080
:10E6100040F20640F1F704BF6FF0680070BDC368B8
:10E62000187808B1F1F774B91846F2F721BB38B57C
:10E630000221054642F21600F1F746FC044668B195
:10E6400002210C30FFF71DFC2B880380214600229D
:10E65000BDE8384042F21600F1F7E2BE6FF0680004
:10E6600038BDF8B507460E4642F22200062115468F
:10E67000F1F72AFC044678B106210C30FFF701FCC3
:10E680003B8803804680858021460022BDE8F84013
:10E6900042F22200F1F7C4BE6FF06800F8BD2DE928
:10E6A000F0478146884642F2320007219DF820A0BB
:10E6B00017461E46F1F708FC0546A0B107210C30AD
:10E6C000FFF7DFFBB9F80030038080F80280C770E5
:10E6D0000671A0F805A029460022BDE8F04742F2E5
:10E6E0003200F1F79DBE6FF06800BDE8F08708B515
:10E6F00000200021F1F728FE18B1BDE80840F1F72D
:10E700008FBDBDE80840F3F78BBD08B5072202F0C6
:10E71000EBFFB0FA80F0400908BDFEF738BF0028D3
:10E720000CBF08460020704718B111B10846F2F737
:10E7300021BC6FF01500704713B5044680B1062167
:10E740006846F7F7F3FF48B99DF80530694603F0CE
:10E750003F0320468DF80530FFF7E6FF02B010BDFD
:10E760006FF01500FAE7003818BF01207047034624
:10E7700010F4004F0CBF07200620DA0348BF00F05A
:10E7800005009B0348BF00F0FB007047BFF35B8FA1
:10E790000068BFF35B8F704710B50346BFF35B8F14
:10E7A00053E8000F00EA010243E80024002CF7D1EF
:10E7B000BFF35B8F10BD012310B403FA01F10446CF
:10E7C00062B1BFF35B8F54E8003F0B4344E8003273
:10E7D000002AF8D1BFF35B8F10BC704710BCC9434F
:10E7E000FFF7DABF2DE9F04F87B005469DF8486086
:10E7F000DDF840909DF844A00C4690460021102280
:10E8000002A81F4602F0FFFFEEB9CDE9024801223F
:10E8100002A942F20800F2F7C3FD044678B9BAF142
:10E82000000F3ED11035BFF35B8F55E8003F43F03A
:10E83000040345E80032002AF7D1BFF35B8F20467E
:10E8400007B0BDE8F08FF1F7E7FC8346E4B937BBCA
:10E850005846ECF71EFD0923012ECDE901B48DF8D1
:10E8600000308DF80100CDF80C80D0D1CDF810D05B
:10E8700005960222CCE714F83320083A012A25D95C
:10E8800001339845F7D1E2E70023FAE717F8332080
:10E89000083A012A1AD901339945F7D1D8E700235C
:10E8A000FAE7022E4FF0010208BF059202A908BF45
:10E8B000324642F2090008BFCDF810D0CDE9027906
:10E8C000F2F76EFD0028ADD00446B8E76FF01504EE
:10E8D000B5E7436813F008000AD05A0307D403F4DD
:10E8E000C063B3F5806F14BF022001207047012080
:10E8F000704770B5064686B00D4642F20A00012107
:10E90000F1F7E2FA0446B0B10C3095B10121FFF7FE
:10E91000C7FA06F1100203A9204600950723F1F774
:10E92000C1FA0022214642F20A00F1F779FD06B051
:10E9300070BD2946EBE76FF06800F8E7183002F089
:10E940006ABC036800220BB9184670478B4210D18D
:10E950000B6842B942680360914200D143600023D2
:10E960000B600120704713604368994208BF426002
:10E97000F5E71A461B68E6E7D0F8B000003818BF84
:10E9800001207047084689691160C2691A60C27A1D
:10E990000021183002F037BFBFF35B8F0068BFF370
:10E9A0005B8F7047FEF7FCBD73B50446CDE90032BE
:10E9B0000D4622B9D0F8A8606B4601AAB047284698
:10E9C000EFF74AFA019B23B100996FF06D022046E0
:10E9D000984702B070BD837A072B01D1F3F75CB87A
:10E9E00070472438F3F7E8B810B50446006918B149
:10E9F000EFF732FA0023236110BD10B5034600F192
:10EA0000C8021046FFF7C8FF80B1BFF35B8F411CFF
:10EA100052E8004F844204D142E8001CBCF1000FD0
:10EA2000F6D1BFF35B8FECD1184610BD0346FBE770
:10EA30002DE9F84307460E46904600244FF0D009D2
:10EA4000B44203D100231846BDE8F88309FB0470E3
:10EA5000FFF7D3FF034658B1857A012D02D0073D59
:10EA6000012D03D81A884245EDD01846F3F748FA2D
:10EA70000134E5E710B5837A023B0446062B16D82D
:10EA8000DFE803F009041515150B09004172002198
:10EA90002046F3F75FFA002010BD0088FFF7A4FDC1
:10EAA0000028F9D1A37A072BF5D10821F0E76FF000
:10EAB0007F00F1E738B5037A8B420446154615D13D
:10EAC00000F170010722284602F00EFE80B1E378C3
:10EAD000072243B904F17E01284602F005FEB0FA90
:10EAE00080F0400938BD04F17701F5E70020F9E72F
:10EAF0000120F7E770307047F8B507460D4642F23F
:10EB000013000E21F1F7E0F90646D0B10E210C30CA
:10EB1000FFF7B7F90E220446002102F074FE3B888D
:10EB200023802B8863806B88A380AB88E380EB888D
:10EB3000238131460022BDE8F84042F21300F1F78C
:10EB40006FBC6FF06800F8BD38B5041D0346204661
:10EB5000FFF722FFC0F30025C0050A4604D518467A
:10EB6000BDE83840F3F7F2BD0988A3F88810518852
:10EB7000A3F88A109188A3F89010D288A3F8922065
:10EB8000BFF35B8F54E8003F43F4806344E80032F6
:10EB9000002AF7D1BFF35B8F284638BD7047F8B520
:10EBA00005460F46164600234FF48032042100200C
:10EBB000F3F7F8FA044620B92846BDE8F840F3F721
:10EBC000A9BE04210C30FFF75CF905704770468040
:10EBD0002046F8BD704710B400F14C030122BFF38A
:10EBE0005B8F53E8001F43E80024002CF9D1BFF3EA
:10EBF0005B8F41B9034653F8482B8164D2F8B410B7
:10EC000029B9C2E92C33006810BCF3F7EFB80B60E8
:10EC1000C2F8B430F7E710B50368D3F8B02042B1BA
:10EC2000D3F8B4401168C3F8B010A24208BFC3F8CB
:10EC3000B4104C300023BFF35B8F50E8002F40E846
:10EC400000310029F9D1BFF35B8F10BD70B5D0E959
:10EC5000003504464BB3D3F8B020483000216AB1E8
:10EC6000904234D1A26C51BBD3F8B410C3F8B02099
:10EC7000884201D1C3F8B4200023A36404F14C03FB
:10EC80000022BFF35B8F53E8001F43E800200028F9
:10EC9000F9D1BFF35B8F04F13006236BD3B96B68F6
:10ECA0000BB12046984700232360E3680BB1204650
:10ECB00098472B6AB3B12046BDE8704018470A60F8
:10ECC000D3F8B420904208BFC3F8B410D4E711467B
:10ECD0001268C4E7002200233046F9F755FAEFF72F
:10ECE000BBF8DAE770BD38B5406B30B150F8084971
:10ECF00004B1083CFFF7AAFF04B938BDA5682DB1DF
:10ED00002046083DFFF7A2FF2C46F7E72046BDE866
:10ED10003840FFF79BBF0431F3F744BA406B30B182
:10ED2000838B8B42A0F1080001D08068F7E7704721
:10ED300010B54AB989B2FFF7F1FF28B143689B6962
:10ED400013B1BDE81040184710BD38B50D46052178
:10ED5000FFF7E4FF00231A462946F3F763FE044653
:10ED600010B12846EFF778F8204638BD406B30B137
:10ED700083898B42A0F1080001D08068F7E77047D3
:10ED800070470346006828B1596802681A608842D3
:10ED900008BF5A6070470346002003B970471A8ABB
:10EDA0005B681044F9E710B5D4682378023113B9D1
:10EDB0002170012010BD8B42FBD0038A023B0382ED
:10EDC00000201061F6E706207047FEF7E0BB73B540
:10EDD0001446014605464FF49572206800F00CFE7B
:10EDE000207500BB237A2068ABB1A3F1180253420F
:10EDF00053419B000193638A0093AE68238AE268C3
:10EE00002946B047002808DB238A98420ED1002308
:10EE10002375012008E00223ECE710F1FF0F05D372
:10EE20004042C0B22075002002B070BD0E20F9E74C
:10EE30001FB5CDE90123002300931A46F5F732FAF6
:10EE400005B05DF804FBF8B59368166805460F46F3
:10EE5000144663B9506801210C30FFF712F8A06026
:10EE60002B681B78002B14BF022301230370A368B7
:10EE70001B78012B03D0022B1FD000201CE02B6835
:10EE80001B78002BF9D1606804210C30FEF7F9FFE4
:10EE9000E06007802A68E36852885A806168728D52
:10EEA000738B088A9A4294BFC0EB0200C0EB030048
:10EEB000042894BF00200120F8BD2B681B78022B8A
:10EEC000DBD1606812210C30FEF7DBFFE0600780C9
:10EED0002B68E268591C0232113351F8040B42F8D6
:10EEE000040B9942F9D16168728D738B088A9A423A
:10EEF00094BFC0EB0200C0EB03001228D9E770B446
:10EF000005686A6A52B3136803B1A83BA2F1A8046A
:10EF10000022114600E0A83B844207D0668D648B36
:10EF2000B14238BF3146A24238BF22461C462BB1FF
:10EF3000D3F8A830002BEED18442EFD1438D408B23
:10EF40008B4201D890420BD9824238BF0246994287
:10EF5000286838BF194670BCF5F79ABD1146EDE731
:10EF600070BC7047D0680378043113B90170012078
:10EF700070478B42FBD091680B8A0020043B0B82C8
:10EF8000106170472DE9F04F044685B01046904659
:10EF90009946FFF700FF638B628D934228BF1346AB
:10EFA00083428B4640F29380636803934046FEF7AA
:10EFB0003BFF4FF0000A06464046FFF7ECFE628B2F
:10EFC000638D06F10C079A4294BFC0EB0205C0EBBB
:10EFD00003053846FEF790FF854217D24046FFF7FB
:10EFE000DAFE628B638D9A4294BFC0EB0205C0EBE0
:10EFF00003058DBB98F80A00EEF772FE002200238D
:10F00000FEF7DFFE064630B9574636E03846FEF7D3
:10F0100073FF0546EDE701464046FEF716FF404602
:10F02000FFF7B9FE628D638B06F10C079A4294BF1D
:10F03000C0EB0205C0EB03053846FEF75DFF8542D5
:10F040001FD24046FFF7A7FE628D638B9A4294BFA2
:10F05000C0EB0205C0EB0305F168328ACDF80090E1
:10F06000DBF8047003980A44ABB25946B847071E50
:10F070000CDABAF1000F18BF5746384605B0BDE8A4
:10F08000F08F3846FEF738FF0546E5E70E9BB3B92B
:10F09000394606F10C00FEF7F4FE4046FFF77BFE12
:10F0A000638D628B934228BF1346B9448342BA44AE
:10F0B0001FFA89F9A8D9AF423FF47EAFA4E70F9AAF
:10F0C0000E9B3946304698470028E1D19CE700273F
:10F0D000D3E70368002203B970478B420FD10B6856
:10F0E0003AB942680360914200D1436000230B604B
:10F0F000704713604368994208BF4260F6E71A46BA
:10F100001B68E8E706207047BFF35B8F50E8003FBD
:10F1100043F0080240E800210029F7D1BFF35B8FDC
:10F12000C3F3C000704773B51668054600237068C6
:10F13000137314462946952200F05EFC207380B9B3
:10F14000CDE900002946A388A2683046FFF71AFFE0
:10F15000002809DA10F1FF0F26BF4042C0B20E208E
:10F160002073002002B070BD0120FBE72DE9F341C0
:10F1700016680746002370681373144639469522B3
:10F1800000F03AFC0546207308BBA068718D728BB5
:10F19000038A914294BFC3EB0103C3EB0203012B2B
:10F1A00015DD02210C30FEF76CFECDE900558046DE
:10F1B000A388A26839463046FFF7E4FE031E0ADA48
:10F1C00013F1FF0F26BF5B42DBB20E232373002037
:10F1D00002B0BDE8F081A8F800300120F8E72DE981
:10F1E000F04104468868FFF7D6FD638D628B934239
:10F1F00028BF134683420D461DD3E165D1F8088030
:10F2000000278F60F9F7BEFC41462046F4F704F86A
:10F21000064638B1C5F80880E765F9F7C7FC3046FF
:10F22000BDE8F081618D638B994228BF194628465D
:10F2300000F0C7FCF1E76FF07906F0E738B5BFF3EF
:10F240005B8F0B68BFF35B8FDB07054617D550F864
:10F25000040CA0B1AB6D93B90430FFF792FD0446E6
:10F2600068B10146281FFFF7BAFF002807DA55F8F2
:10F27000043C5A6822609A685C6002B99C6038BDA0
:10F280002DE9F041446A07463CB354F8A86906B139
:10F29000A83E00231D4607F1040801E03446164647
:10F2A000E26D9AB905B98BB94046FFF76AFD05468C
:10F2B00058B101462046FFF792FF00280DDA7B681F
:10F2C0002B60BB687D6003B9BD6023462EB1D6F8C4
:10F2D000A820002AE2D0A83AE0E7BDE8F08170B5A6
:10F2E00004460E46002200230846F8F74DFF054667
:10F2F00058B101462046F3F78FFF044618B129465E
:10F30000304601F080FE204670BD6FF00104FAE740
:10F31000F8B50546071F00F1540350F8044CBFF33D
:10F320005B8F53E8001F21F0040143E80012002A1C
:10F33000F7D1BFF35B8F04B3AB6D8BB963687BB15F
:10F34000201DFFF71EFD014606463846FFF747FF22
:10F35000002812DA63683360A368666003B9A660A8
:10F3600005F15C013846FFF7BAFF30B104F10C013A
:10F370003846BDE8F840FFF7B2BFF8BD38B50446DF
:10F380000D46F3F749FF30B1294604F16000BDE8AE
:10F39000384001F02DBE38BD2DE9F04188461746B2
:10F3A0000121042205461E46F3F73AFE044670B1D9
:10F3B00004210C30FEF765FD80F80080A0F8017094
:10F3C000C67021462846BDE8F041FFF7D7BFBDE82B
:10F3D000F08137B50C46054601F10C00FEF780FDC3
:10F3E000228A0192E26800920346132212212846E3
:10F3F000F4F76EF803B030BD37B50C46054601F1A1
:10F400000C00FEF76DFD228A0192E2680092002254
:10F41000034611462846F4F75BF803B030BD07B544
:10F42000CA681388528800920C210D22F4F74CFA16
:10F4300003B05DF804FB07B5CB6800221B8800927F
:10F440000A210B22F4F740FA03B05DF804FBF8B58B
:10F45000CB681F88BBB2162B054619D90321F4F7D8
:10F46000EFF80646B0B102210C30FEF70AFD002489
:10F470006FF008030370447031462846FFF77EFFA3
:10F48000F72328466B836F85FFF739FD2046F8BDCB
:10F490000420FCE70E20FAE7F4F798BE08B5F4F76D
:10F4A00077F808B3426A02B3136803B1A83B32F895
:10F4B0008E0C32F87E2C904228BF104643B913E0E0
:10F4C000934228BF1346984238BF1846A1F1A803BB
:10F4D000D3F8A8105A8B5B8D0029F1D19A4228BF2E
:10F4E0001A46904238BF104608BD1046FCE70A8A0B
:10F4F000C9680023F4F77ABB70B50E46F4F748F8F4
:10F50000044628B93046EEF7A7FC6FF07F0070BDC7
:10F5100000F10C052846314601F06AFD606A38B1F9
:10F5200050F8A84904B1A83C2946FFF7D8FE20B9F5
:10F530000020ECE71C466FF00100002CF8D0D4F856
:10F54000A83023B90230F5D020461C46ECE7A83B92
:10F55000F8E738B505460C46F9F714FB2846F4F7EA
:10F5600017F820B9F9F722FB6FF07F0038BD0023B0
:10F57000236083683BB9C0E90144FFF781FEF9F7D6
:10F5800015FB0020F2E71C608460F6E7012070475D
:10F5900008B5F3F7FDFF98B1436A8BB1BFF35B8FFA
:10F5A000A83B03F1580252E8000F20F0080042E89F
:10F5B00000010029F7D1BFF35B8FD3F8A830ECE747
:10F5C00008BD08B50421FFF7D1FB30B1BFF35B8F55
:10F5D000406DBFF35B8FC0F3C00008BD106000201A
:10F5E00070470B4609895A898A4203D05981DB68E2
:10F5F00003B11847704710B5029CA36833B1B1F549
:10F60000807F28BF0E21CAB221469847A37DE268B9
:10F61000013BDBB2A37522B11BB92046BDE8104007
:10F62000104710BD10609180002070470B68036088
:10F630008B8883808B798371704713B51C46BDF826
:10F6400010301146072B4FF00002CDE900220CD8F4
:10F650002344072B0CDC2246684602F0ACF86846CF
:10F66000F0F7BAFD204602B010BD6FF00604F9E7CE
:10F670006FF00C04F6E7FDF78ABF08B5072202F029
:10F6800033F8B0FA80F0400908BD10B50346BFF367
:10F690005B8F53E8000F40EA010243E80024002C8E
:10F6A000F7D1BFF35B8F10BD08B5FEF790FA18B91C
:10F6B000BDE80840F4F750BC002008BDF0B507686D
:10F6C0003D7889B006461446E5B97B88B3F5245FDA
:10F6D00004D011D8A3F52053032B13D8ADF80A108A
:10F6E00002220DF10A012046FFF7DEFF70B16FF034
:10F6F0001502C4F8082106E003F55643FF339BB218
:10F70000042B1DD90125284609B0F0BD7B88ADF832
:10F710000A3002220DF10A012046FFF7C5FF00283A
:10F72000E5D1009003AA776813233146B847021E3B
:10F73000DFDB03A92046FFF7B7FF0028E2D0D6E7BA
:10F74000ADF80A1002220DF10A012046FFF7ACFFC6
:10F750000028CCD17B88ADF80A3002220DF10A01D5
:10F76000E8E770B500F1700605463146007AFEF70D
:10F770001EFF04463146287A3CB1F4F769FB18B104
:10F78000002303604360836070BDF4F761FB0028D1
:10F79000FAD0046044608460F6E7022A10B508D10C
:10F7A000002300F170011A46007AF4F7F9FB0220F9
:10F7B00010BDFFF7D6FFFAE7F7B51546BDF8206094
:10F7C0001F46FEF7F2FE022EADF806000ED8C6F177
:10F7D0000204BC42A8BF3C460DF10603224699191B
:10F7E000284601F0E8FF204603B0F0BD6FF00604A4
:10F7F000F9E72DE9F0419846BDF818601546F0F795
:10F800000BFD0746EBF745FD83B2B3420CD39C1BBF
:10F810004445A8BF4446A4B22246B919284601F07F
:10F82000CAFF2046BDE8F0816FF00604F9E7F7B59E
:10F830001F460023BDF820608DF804301546F4F70C
:10F84000EFFA10B1037A8DF80430012E0DD8C6F10D
:10F850000104BC42A8BF3C4601AB22469919284688
:10F8600001F0A9FF204603B0F0BD6FF00604F9E7F0
:10F8700013B5C96810460A781C46BDF8103092B915
:10F880004A88ADF80620022B18D8C3F10202944230
:10F89000A8BF144622460DF10601194401F08BFF62
:10F8A000204602B010BD102B01F1010106D8C3F1B2
:10F8B00010029442A8BF14462246EEE76FF00604F9
:10F8C000EEE7F7B5C968BDF8206015461F46F4F7A6
:10F8D000D1FA00B10089ADF80600022E0ED8C6F1AB
:10F8E0000204BC42A8BF3C460DF10603224699190A
:10F8F000284601F060FF204603B0F0BD6FF006041B
:10F90000F9E701210C30FFF7C0BE38B504461546B3
:10F91000FFF73CFE40B12046F4F782FA20B1037AAB
:10F92000DB0701D5FFF7EDFF35B9207A04F170014F
:10F93000F4F78EFA00B1856038BD13B5044610B9EE
:10F94000002002B010BD00238DF80430006842F69C
:10F95000030301A9ADF80630FEF7FFFC0028EFD144
:10F96000E36898880028ECD12046F4F76BFC01305E
:10F9700080B2E6E7F0B5CC6887B008461F46A379A9
:10F980008DF80430BDF830601546FFF7D6FF2468C7
:10F99000ADF8050023789BB96388ADF807300524DE
:10F9A000B44219D3A41BBC42A8BF3C46A4B201ABCD
:10F9B00022469919284601F0FEFE204607B0F0BD08
:10F9C000631C0DF10702113453F8041B42F8041BA9
:10F9D000A342F9D11324E3E76FF00604EDE71FB566
:10F9E000CDE90123002300931A46F4F75BFC05B030
:10F9F0005DF804FBFFF752BD12F0010F4B8A04D0F3
:10FA000013F0950F10D0486870B112F0020F04D0B7
:10FA100013F4957F0AD0896841B11A4012F4DE7F51
:10FA200014BF052000207047022070470320704754
:10FA30002DE9FF41837A072B05460C46174610D166
:10FA400000238DF80C30206842F6030303A9ADF8BB
:10FA50000E30FEF782FC60B9E3689B7913F0300F3B
:10FA600003D1002004B0BDE8F0812046F4F704FD86
:10FA70000446002320688DF80C3003A942F60213D7
:10FA8000ADF80E30FEF769FC18B12046F4F7F4FC2F
:10FA90000446002642F6021820688DF80060694688
:10FAA000ADF80280FEF759FCD8B9002320688DF824
:10FAB0000C3003A942F60213ADF80E30FEF74DFCF0
:10FAC0000028CED1E4682246284612F8011BFEF732
:10FAD000F1FF0028C5D023891F4214BF0120002058
:10FAE000C0E720688DF8046042F6030301A9ADF871
:10FAF0000630FEF732FC0028D7D020688DF8086069
:10FB00004FF4205302A9ADF80A30FEF726FC002876
:10FB1000CBD020688DF80C6042F6010303A9ADF844
:10FB20000E30FEF71AFC0028BFD02046F4F7A4FCE4
:10FB300004460028B0D194E72DE9F04105460F4670
:10FB4000F4F76EF9044608B3037ADA071ED5BFF35B
:10FB50005B8FC668BFF35B8F16F0010600F10C08DF
:10FB600014D1A7B1BFF35B8F58E8003F23F0020226
:10FB700048E800210029F7D1BFF35B8F9B07284697
:10FB800008D5FFF705FD2046FFF7BBFE01263046EE
:10FB9000BDE8F081FFF7FAFC0028F8D02846FFF70F
:10FBA00010FD0028F3D0BFF35B8F58E8003F23F02F
:10FBB000020348E80032002AF7D1BFF35B8F2846E2
:10FBC000DFE770470021F8B54FF0FF324FF0FF3309
:10FBD00005460846FFF79FF800F10C07044601218F
:10FBE0003846FEF74EF90526067001213846FEF725
:10FBF00048F9002306701A4621462846F2F712FFFC
:10FC000010B12046EEF728F90020F8BD6FF085000E
:10FC1000704700207047F7F701B920387047036933
:10FC2000C9B20C2201FB0233186C00F007007047C8
:10FC300070B5C9B20369EFF31185402484F31288CB
:10FC4000BFF36F8F0C2606FB0134246C14F0C00444
:10FC500008D0A24206D085F31188BFF36F8F4FF012
:10FC6000FF3070BD71430B4401221A6485F3118883
:10FC7000BFF36F8F43680B445B6898470020F0E741
:10FC80008022FFF7D5BFF8B5069F0469C9B2EFF32C
:10FC90001186402585F31288BFF36F8F0C256943C9
:10FCA0000C44256C05F0070CBCF1010F0BD1276447
:10FCB00086F31188BFF36F8FC4E90E2343685B5846
:10FCC00098470020F8BD05F0C005AF4286F31188C3
:10FCD000BFF36F8F0CBF6FF077004FF0FF30F1E78D
:10FCE00013B580240094FFF7CEFF02B010BD10B40E
:10FCF0000069CBB21C2403FB0400002110BC104798
:10FD00000020F6F717BF002000F01EBA1046F8F7E3
:10FD10006DBA0020704738B50C461546F0F750FA1A
:10FD200028B129462046BDE83840F0F751BC6FF0B5
:10FD30000A0038BDF7B50F4616464FF4806500241B
:10FD4000A64203D816D0162003B0F0BD331BB3F57E
:10FD5000806F38BF1D462A4601AB39190020F9F7DC
:10FD6000C3FE20B9019BAB4201D12C44E8E76FF000
:10FD70001500E9E70020E7E7002208B51146104624
:10FD8000F9F782FE002818BF6FF0150008BD38B5DE
:10FD900005460C4600F054FB002D07DBA84205D9B0
:10FDA000401B84428CBF0020012038BD0020FCE7AE
:10FDB00070B50D462846194616461C46FFF7E7FF64
:10FDC00028B921462846BDE87040F5F7B7B924B1F7
:10FDD00022462946304601F0EEFC002070BDF7B502
:10FDE0001C461646002382682360A36013690D46F3
:10FDF00001AA69469847019B5A1E01921BB96FF0F0
:10FE0000150003B0F0BD0098A268476821686760DC
:10FE100085B9B31AD0F800C0634528BF63461A44B9
:10FE200003FB07112160A26002689A4206D80830DD
:10FE30000090E0E76B1AB3FBF7F3EBE70020E0E795
:10FE400013460022FFF7CBBF2DE9F047836886B049
:10FE50001B698846914601A902AA98470024A24638
:10FE60002546029BAB4202D806B0BDE8F087019F51
:10FE700007EBC50700267B6804933A68B2420AEB99
:10FE8000060302D801359A46EBE7039405934946E9
:10FE900003A8C0470028E7D0049B01361C44ECE7C8
:10FEA00043685B68D3F810350B60002070474368E7
:10FEB0005B6802EA010021EA0201C3F80805C3F801
:10FEC0000C150020704743685B680020C3F80815D4
:10FED000704743685B680020C3F80C15704743689F
:10FEE0005A68D2F8043521EA03000B40C2F808052D
:10FEF000C2F80C350020704710B503695868F8B196
:10FF0000884219D19C6808685860A14200D1986065
:10FF1000002008602AB15A680A609A68596002B9DC
:10FF20009960002010E0814206D10868206098683E
:10FF30008142EDD19C60EBE7044600680028F2D1D5
:10FF4000002AE8D16FF0150010BD00F150039B00AE
:10FF50009BB203F1804303F5883300221A601B68CB
:10FF6000704708B5F5F77CFC08BD10B500F09EF8A9
:10FF70004FF0FF304FF0FF31F5F726FE044620B971
:10FF8000DCF7E0FE0446F5F727FE204610BD38B545
:10FF90000B8A0D4673B30B7EA3B1022B2AD14FF00F
:10FFA000FF304FF0FF31F5F70FFE044640B9E86827
:10FFB000E7F7A2FD0446F5F70FFEB4B1F5F712FE20
:10FFC000204638BD4FF0FF304FF0FF31F5F7FCFD14
:10FFD00004460028F4D1E868F5F7D6FF0446F5F7A3
:10FFE000FBFD002CECD1F5F7FDFD2846EDF734FFC5
:10FFF0000024E5E76FF01504E2E7F5F71FBF10B541
:020000040003F7
:1000000031220446002101F0FEFB202323708023CF
:10001000A3706FF03F0363710423A3722823A373BB
:100020000223E3730423A3756FF0080363766FF074
:100030003C03A3766FF00C03E3767E232377302313
:1000400084F820306FF03F0384F82130072384F8D0
:1000500022306FF0070384F82330012384F8243022
:10006000802384F82630042384F82930402384F840
:100070002D3010BD002303604360037823F03D035F
:1000800043F03D030370437823F0410343F0410301
:100090004370704701F12003013813F8012D00F877
:1000A000012F8B42F9D17047F6F79EBB70470021B4
:1000B000F6F74EBC90F84010012901D8F6F748BC7D
:1000C00012207047684620F007018D4601B5E4F71D
:1000D00009FEEDF707F8BDE801408546704708B511
:1000E0004FF0FF314FF0FF30F5F76EFDEBF7A9F859
:1000F000BDE80840F5F770BD684620F007018D4661
:1001000001B5E4F7BBFDBDE8014085467047684690
:1001100020F007018D4601B5E4F7DCFAECF7E2FFC9
:10012000BDE801408546704708B5EAF76BFE002040
:1001300008BDF9F753BC08B5ECF768FEECF73CFFD7
:10014000BDE80840F9F74ABC012801D1E3F7F4BF44
:1001500070477047E3F716BE08B5E6F7B5FE30B155
:10016000EFF305800338032894BF0020012008BD69
:1001700070478068183820F007001038704704284E
:1001800009D0052803D1481E18BF01207047431A23
:100190005842584170470120704738B515460C4603
:1001A00061B15AB1FDF7EAFA2544214611F8013B45
:1001B000834203D1A942F9D1012038BD0020FCE7D8
:1001C00038B50C460123114622460546FDF778FA5C
:1001D00000280FDB012221462846FFF7DEFF38B951
:1001E0002378012B14BF022301232370002038BD84
:1001F0000323FAE70120FAE72DE9F7431D460646F7
:100200000F469046FDF7B1FA6C1E0444404204408C
:10021000082C1AD83046FDF7B1FA2A4681464146E5
:10022000684601F0C8FA621B49460DEB050001F073
:10023000EAFA23466A4639463046FDF756FA003850
:1002400018BF012003B0BDE8F0834FF0FF30F9E79D
:1002500007B501238DF8042001AAFFF7CDFF03B0F5
:100260005DF804FB81681839012221F00701FFF7CE
:10027000EFBF8268183A22F00702FFF7A1BF13B55B
:100280000C46C0B201A9ECF745FC50B921460198D3
:10029000F6F76EFD04460198FDF711FA204602B00C
:1002A00010BD0124FAE713B541EA021104468DF8A6
:1002B0000710FFF75EFF012301460DF107022046FC
:1002C000FFF79AFF02B010BDF7B50D1E69460CBFCF
:1002D00017462F460446F6F74BFD78B99DF80060A7
:1002E000022E22D0032E0BD0012E24D135B19DF841
:1002F0000330032B02D12046FFF7B4FF03B0F0BD5B
:10030000002DFBD12046F6F711FD0028F6D157B19C
:100310002046FFF7A7FF0028F0D1002231462046F3
:10032000FFF7C1FFEAE70226F7E735B9A2682946D9
:100330002046FDF7EFF90320E0E70420DEE7004761
:10034000F7B5019001A8DDE9084716461D46F6F706
:1003500039FF019BB6F1000C18BF4FF0010C00EB08
:1003600083000B1E18BF0123002D43EA4C0314BF6A
:100370004FF00C0C4FF0000C002C43EA0C0314BFA0
:100380004FF4E06C4FF0000C002F43EA0C03D0F860
:10039000002714BF4FF4403C4FF0000C43EA0C031D
:1003A00022EA030301B109780EB1367876001943C9
:1003B0000DB12D78AD0031430CB1247824022943CE
:1003C0000FB13F783F040C433C43C0F8004703B0F3
:1003D000F0BD1FB50DF10F03019300238DF80F1031
:1003E00000931A461946FFF7ABFF05B05DF804FB12
:1003F00038B5054608460C46F6F736FFB0B1084654
:10040000F6F726FF90B90846F6F716FF2A6801238B
:100410008340C2F808332A6803B202EB8303D3F89F
:10042000102522F00302C3F8102538BD2046002114
:10043000BDE83840FFF7CDBFF6F79CBFFFF7D8BF48
:100440004FF080531A695869504370474FF08053FA
:10045000186970474FF08053586970470369C26844
:1004600093429CBF81685B18013B981A70472DE945
:10047000F041D0E902840546A8EB040640689642A4
:1004800020440F46144404D901F095F9EC60BDE80E
:10049000F0813246A4EB080401F08DF96868224629
:1004A000B919F1E72DE9F843C568064689461746AC
:1004B0004FF000083369B46870689D4228BF1B196B
:1004C000641BBC4203F1FF3328BF3C465B1B9C42CC
:1004D00028BF1C4649462844224601F06CF9B368FF
:1004E0002544AB4208BF00253F1BA044A144F56052
:1004F000E0D14046BDE8F883F7F78EBA08B5FFF7BC
:10050000FBFF002008BD30B5026A0346D2E9014076
:1005100084424FF0000002D30123D36030BD187431
:10052000506801305060186A4268541E02682425E1
:1005300005FB042218465C1950F8045B42F8045B82
:10054000A042F9D199600120E8E7F0B506460446DB
:100550000F4694460FCE8BB001AD0FC50FCE0FC521
:10056000216A33684A682B602068A56822B9022393
:10057000CB6000200BB0F0BDFB0713D50B68242621
:10058000013A06FB02337E0703D41A7C0AB10F231B
:10059000EEE7224603F1240153F8046B42F8046BA2
:1005A0008B42F9D1B90741BF226A536803F1FF3387
:1005B0005360AC4505D2236A002BDAD00422DA60FE
:1005C000D7E77A0748BF20603B0701D40120D1E775
:1005D00006AB93E80700143484E80700F6E710B58B
:1005E00002601A44029B836001294FF00003C2603D
:1005F00003740375836101D8036210BD24224A434A
:10060000243A841804628350026A8C1E9460026A41
:100610005360026AD360026A1374026A0229537437
:100620001EBF036A24301860E7E7182871F1000341
:100630000ED3B0F5807F71F100030BD3B0F5803F8E
:1006400071F1000308D3002914BF09200520704769
:1006500001207047022070470320704737B50829F2
:100660004FF000044FF00005CDE900450A460AD8D6
:100670000146684601F09FF8DDE9000103B0BDE8DE
:100680003040FFF7D2BF002003B030BD034600204A
:10069000884200D170471A5C002AFBD00130F7E78E
:1006A00000B1C160704743680360836801338360B1
:1006B000006AFFF7F5BF08B50268C3689A4205D320
:1006C000006A0821FFF7ECFF002008BD0120FCE7CD
:1006D00038B504460D46FFF7EEFF40B123681B789E
:1006E000B5EB531F04D0206A0A21FFF7D9FF002081
:1006F00038BD10B50446FFF7DEFF38B123681A781D
:10070000FF2A05D0206A0A21FFF7CAFF002010BD8A
:1007100001332360FBE710B5027D044632B1FFF7D9
:10072000E8FF48B1002323754FF0FF322046072130
:10073000BDE81040FFF709BF10BD2DE9F84F044692
:100740000E4691461D46FFF7B6FF804628B1A368C6
:1007500043B90321206AFFF7A3FF4FF0000840468A
:10076000BDE8F88F2268177807F01F0BBBF11F0F49
:1007700012D12DB3206A18B1037C0BB11521EAE721
:1007800001232B7000252368636001352B4423600F
:10079000A368013BA360E2E7BBF1170F14D9ABF1EB
:1007A0001803D9B203290BD801259D40A94509D3C7
:1007B000E36805F1010A5244934207D20821C9E7D0
:1007C0000721C7E70521C5E70025F1E74A460021D3
:1007D000304601F018F815B986F800B0D2E7226863
:1007E000711E531913F8010901F8010F9A42F9D14A
:1007F000236A002BC7D01B7C002BC4D00737FFB265
:10080000022FC0D949463046FFF728FF8245BAD0AB
:1008100015219FE738B50C4611460546FFF758FFEE
:1008200008B9002038BD04220023A1182846FFF78C
:1008300084FF0028F5D02B682360F3E737B5002349
:1008400004468DF80330FFF743FFA8B104220DF1F1
:1008500003030DEB02012046FFF76FFF60B19DF827
:10086000035065B901992046FFF74DFE50B9636802
:100870002360A3680133A360002003B030BD6FF094
:100880000F01F0E72575F8E738B504460D46FFF788
:10089000C1FF48B12268E3689B1A6A689A4204D98A
:1008A00008212046FFF7FFFE002038BD38B504467A
:1008B0000D46FFF7E9FF18B123686A681344236007
:1008C00038BD70B50D46002104461646FFF700FFFF
:1008D00038B13246294620460023BDE87040FFF774
:1008E0002CBF70BD0422FFF7ECBFFFF7FBBF022255
:1008F000FFF7DCBF0322FFF7D9BF10B5052104467F
:10090000FFF79CFF50B1237D4BB9A3686FF0004205
:10091000934205D305212046FFF7C5FE002010BDF8
:100920005B00A360FBE7037D23B98068B0FA80F029
:10093000400970470368C268934205D21878A0F155
:10094000FF0358425841704700207047FFF7E3BE4D
:1009500070B50D4607210446FFF7BAFE48B123687B
:100960001E7806F01F06182E05D9206A0A21FFF707
:1009700097FE002070BD0023012229462046FFF784
:10098000DCFE0028F5D0182EF4D12B781F2BF1D8DF
:1009900015212046FFF787FEEBE737B50C460DF132
:1009A00007010546FFF7D4FF58B19DF80730143B07
:1009B000DBB2012B8DF8073006D90A212846FFF754
:1009C00072FE002003B030BD03F001032370F9E78D
:1009D00038B50D4606210446FFF77AFE08B9002017
:1009E00038BD0023042229462046FFF7A6FE002832
:1009F000F5D0A3680133A360F2E7F0B58FB00446E9
:100A0000FFF759FE00285DD023681D7800220023DF
:100A1000CDE902236D09234605AA04F120071868D1
:100A20005968164603C60833BB423246F7D11868E8
:100A30003060062D1CD02A1F0023012A4FF0080227
:100A40008DF804300DEB020198BF01AB05A8FFF74C
:100A500074FE0646002835D0042D3BD019D8023D3F
:100A6000012D21D9059B2360A368013BA3602AE0E7
:100A700001A905A8FFF7ACFF20B3059B089A934294
:100A800004D30821206AFFF70BFE1BE01D786D09D7
:100A9000CFE7052DE6D1DDE90232B3F1004F72F167
:100AA000000113D32946EDE7E3682168029A5B1A37
:100AB0009A4203D8059B13440593D3E708212046A7
:100AC000FFF7F1FD002630460FB0F0BDDB185241B4
:100AD000CDE902329DF8045025B16FF00F020023DA
:100AE000CDE90223029B07938DF8285005A8FFF754
:100AF0001AFF014638B1002DB4D005A8FFF7F9FD63
:100B00000028AFD1DEE705A8FFF777FF0028EDD179
:100B1000D8E7FFF764BD00B1C160704710B5036846
:100B2000C468A34205D3006A0821FFF7F4FF002040
:100B300010BD02F01F0242EA41111970036801332F
:100B400003600120F4E770B505460E4610461946CD
:100B50001446FFF783FD2246431E31462846BDE872
:100B60007040F7F72BB8F8B51746C36802689A4289
:100B700004460D4606D3206A0821FFF7CCFF002665
:100B80003046F8BD9B1A4A689A42F4D80E4656F889
:100B9000043B53B104213046FFF760FD6A682368C7
:100BA0001344E26803449A42E5D3324604233946AB
:100BB0002046FFF7C8FF06460028E0D020682968D5
:100BC000884202D06A6800F004FE23686A68134411
:100BD0002360D5E7082A73B513460C4606D9006A88
:100BE0000521FFF798FF002002B070BD8E1816F99E
:100BF000012C002A0FDA0A4669460C46B24204D19B
:100C000001212246FFF79FFFEEE712F8015BED435B
:100C100001F8015BF2E70021F3E713460A460021E1
:100C2000FFF791BF07B5042201910DEB0201FFF719
:100C3000D1FF03B05DF804FB07B5042201910DEB71
:100C40000201FFF7EAFF03B05DF804FBFFF7F4BF12
:100C50000222FFF788BF0322FFF785BF07B5CDE962
:100C600000126946FFF7F7FF03B05DF804FB38B5E3
:100C70000C46054611462046FFF708FD2146024670
:100C80002846BDE83840FFF7E9BF1F220421FFF7DF
:100C900045BF1F220521FFF741BF1F220721FFF794
:100CA0003DBFFFF7FABF10B50A4609781839072982
:100CB00005D9BDE8104001230721FFF744BF006AB2
:100CC0001521FFF728FF002010BD07B514318DF85E
:100CD00007100DF10701FFF7E6FF03B05DF804FB15
:100CE0001FB50024CDE90144069C0094FFF777FC72
:100CF00004B010BD08B1EDF7D7B87047704740B1E8
:100D0000C368587810F001001EBF1878B0FA80F060
:100D100040097047EFF31183402383F31288BFF338
:100D20006F8FFEE710B5D0E9003433B90020E268D8
:100D3000537843F00103537010BD204698470028B4
:100D4000F4D00028B8BF4042E368FF28A8BFFF20C6
:100D50001870ECE700F057BD00F02DBD704710B4DF
:100D600000F10C04C0E9034410BCFBF765BF2DE99A
:100D7000F04F89B0DDE9126705463B46914606A86B
:100D80003246059100F0DCFBDDE9063405F1140A7A
:100D9000CDE90234EFF311844FF0400888F3128854
:100DA000BFF36F8F05F10C0B05994A462846FBF7F8
:100DB000CFFE30B184F31188BFF36F8F09B0BDE867
:100DC000F08F3E43F6D0DDE9022306A800F0DCFBFD
:100DD000DDE906675A46CDE9006721465046F7F738
:100DE0001DFEEFF3118488F31288BFF36F8FDBE7EA
:100DF00038B50446EFF31185402383F31288BFF31F
:100E00006F8FFBF75CFE04F10C0000F026FB30B1A5
:100E1000294604F11400BDE83840F7F76FBE85F3AA
:100E20001188BFF36F8F38BD4169836843EA0102BF
:100E300012F003020FD1C2600269013A01FB0233D2
:100E400082689A4201D900207047C2681A604269DC
:100E5000C3609B1AF4E76FF01500704710B5C0E946
:100E600004320023816083610446FFF7DDFF002820
:100E7000A8BFC4E9004410BDF8B504460D46EFF321
:100E80001186402383F31288BFF36F8FC7686FB951
:100E900000F0C0FA50B1C767456100F046FA31462C
:100EA00004F10800BDE8F840F7F728BEE3682B60BE
:100EB000A369E560013BA36186F31188BFF36F8FDF
:100EC000F8BD08B54024EFF3118384F31288BFF313
:100ED0006F8FFCF739FFF6E790F90E308B4201D0A7
:100EE000F7F7C8BD0020704703460020C3E90200A1
:100EF000C3E9003370472DE9F843994604469DF84D
:100F000020300D46904600F10806EFF3118740228D
:100F100082F31288BFF36F8F03B14568304600F04B
:100F200079FA58B10023C367C0F8148000F0FDF9C6
:100F300030463946F7F7E2FD00200CE0B9F1000F2A
:100F40001BD00821F8F7C4F938B987F31188BFF32B
:100F50006F8F6FF00B00BDE8F8830122C0F80480AA
:100F60000260016801F003015DB922680A43026072
:100F7000626820606AB960600BE0C8F80090404683
:100F8000EFE72A68032A10D80160616839B9C4E91B
:100F90000000042104F1100000F085FBC8E70A6896
:100FA00002F0030202430A60E5E722F003020A436B
:100FB00002602A6802F0030240EA02032B60E8E7BD
:100FC00010B5044630B10268930703D0446809B1F4
:100FD00000F083FB204610BD0023C0E9003300F180
:100FE0000803C0E9023300F11003C0E9043370477D
:100FF00007B50123009300230A461946FFF77BFF3C
:1010000003B05DF804FB07B500230A4600931946B8
:10101000FFF771FF03B05DF804FB00680021FFF7E4
:10102000CFBF5AB18A4209D300F11003C0E90212BE
:10103000C0E90000C0E90433002070476FF01500DC
:101040007047026801238B4022EA0303036022FAFF
:1010500001F000F001007047704710B5032104460D
:101060000C30FFF7EEFF30B104F1100000F04DFA44
:10107000B0FA80F0400910BD20B10022114688303E
:1010800000F021BA704770B5C368C3F340069B07F0
:10109000044616D4856802210C30FFF7D2FF80B1D8
:1010A000D5F880206AB194421DD122689EB9D5F846
:1010B0008430C5F880209C4201D1C5F884200023EB
:1010C0002360E36813F01F001EBF43F00203E360D8
:1010D00040F0020070BD3260D5F88420944208BF11
:1010E000C5F88460EBE716461268DBE773B5044683
:1010F000EFF31185402383F31288BFF36F8F002332
:10110000A0F11006032104380193FFF79AFF28B1DC
:10111000A369019301A93046F7F7AEF985F3118869
:10112000BFF36F8F02B070BD38B504460D46102274
:10113000002100F068FB656038BDEFF311834022A9
:1011400082F31288BFF36F8FC06800F01F0083F333
:101150001188BFF36F8F704713B501900846EFF306
:101160001184402383F31288BFF36F8F01A9F7F72F
:1011700083F984F31188BFF36F8F02B010BD10B5EF
:10118000FFF7EAFF041E08DDEFF31180402383F32D
:101190001288BFF36F8FF7F7E1FC204610BD70B5E2
:1011A0000D46EFF31186402383F31288BFF36F8F50
:1011B000F7F7BCF9044686F31188BFF36F8F38B197
:1011C0004FF0FF324FF0FF3305F11000F7F732F820
:1011D000204670BD10B5EFF31184402383F31288CD
:1011E000BFF36F8FFFF74FFF84F31188BFF36F8F4B
:1011F00010BD08B5A022002100F005FB08BD38B5E0
:10120000302204460D46002100F0FDFA4FF48073B1
:101210006560E36038BD38B50446EFF311854023BF
:1012200083F31288BFF36F8FFFF717FF2046FFF796
:101230002AFF85F31188BFF36F8F38BDF8B50446D8
:101240000D46EFF31186402383F31288BFF36F8FAF
:10125000C36803F01F03002B14BF0127002705D12B
:1012600086F31188BFF36F8F3846F8BDFFF7F5FEA0
:101270002046FFF708FF29462046F7F7DFF886F3F8
:101280001188BFF36F8F0028EED04FF0FF324FF080
:10129000FF3305F10800F6F7CDFFE5E7EFF3058032
:1012A000003818BF012070476FF0570070470020CA
:1012B0007047F7F735BCD0E9003213605A6000235D
:1012C000C0E90033704708B5FFF7F5FF437B23F013
:1012D000020343730023836008BD38B504460D46FE
:1012E000F7F7A8FA637B43F002036373E5B1A560E7
:1012F0002B689D4209D16B68C4E900531C606C6087
:1013000012E06A689A42F6D01B68002BF3D094F979
:101310000E2093F90E108A42F3D09142F1DD5A6803
:10132000C4E9003214605C6038BD10B5EFF311847D
:10133000402383F31288BFF36F8FF7F793FA84F398
:101340001188BFF36F8F10BD10B50446183000F040
:10135000DCF8EFF31181402383F31288BFF36F8F22
:10136000627B12F0100204D081F31188BFF36F8FFB
:1013700010BD2046BDE81040F7F7A8BA08B5EFF356
:101380001181402282F31288BFF36F8F83680BB103
:10139000FFF799FF81F31188BFF36F8F08BD38B550
:1013A0000446EFF31185402383F31288BFF36F8F58
:1013B000437B13F0280F0BD183680BB1FFF783FF3A
:1013C000637B51B903F0FB0363732046F7F74AFAD6
:1013D00085F31188BFF36F8F38BD03F0EB03F3E79C
:1013E00001211838FFF7DBBF08B50346EFF3118181
:1013F000402282F31288BFF36F8F0068834207D0C8
:1014000008B1FFF760FF81F31188BFF36F8F08BD4C
:101410000020F8E738B5EFF31185402383F31288F5
:10142000BFF36F8F0468A0420DD034B12046FFF7A0
:101430004AFF04F1180000F068F885F31188BFF343
:101440006F8F204638BD0024F7E710B5FFF796FFF1
:10145000BDE81040183000F058B838B504680546AB
:10146000AC424FF0000000D138BD002CFCD020462B
:10147000FFF7EBFF2046FFF758FF2C680120A5423D
:10148000F1E7EFF31181402282F31288BFF36F8FEF
:10149000027BD2070CD581F31188BFF36F8F002335
:1014A00083F31188BFF36F8F0423184602DF704760
:1014B000437B1B0704D581F31188BFF36F8F7047FF
:1014C0000122F7F703BA38B5EFF31185402383F310
:1014D0001288BFF36F8F0468A04212D09CB1E167FD
:1014E00062612046FFF7EFFE04F1180000F00DF8EE
:1014F0002046F7F7B7F9012085F31188BFF36F8F06
:1015000038BD0020F8E72046F6E710B5EFF3118468
:10151000402282F31288BFF36F8F03683BB1F7F765
:10152000CFFC002084F31188BFF36F8F10BD6FF0E4
:101530001500F7E708B5F7F7E1FD08BDF7F7DEBDE1
:10154000B3F1FF3F08BFB2F1FF3F70B504461D463F
:10155000164613D01A4315D06FF00102921B4FF0BC
:10156000FF3363EB0501002904DAF7F7C7FD8219A1
:1015700041EB0501C4E90021204670BD4FF0FF3268
:101580001146F7E70022FBE7B3F1FF3F08BFB2F1D6
:10159000FF3FF8B5074616461C4610D054EA020332
:1015A00011D0F7F7ABFDB0420A46A14103460AD27B
:1015B000F31A64EB0204C7E900343846F8BD4FF073
:1015C000FF331C46F7E70023FBE70023C0E90812BE
:1015D00000F11802C0E90622C0E900330363436347
:1015E000704710B50446FFF790FFA8B9636A0BB1C6
:1015F0002046984704F11800FFF7F6FE60B1FFF7A8
:1016000094FEEFF31180402383F31288BFF36F8FB2
:10161000BDE81040F7F7A2BA10BD2DE9F04184688B
:1016200005460E46ECB16378012B25D114F8533CE6
:101630009A0714D5A4F160073846FFF706FF082E75
:101640000CBF6FF003030023E36114F8533CDB0687
:1016500005D154F8483C13B93846FFF766FE00231D
:101660002370EB68C3F386321643002066F394338D
:10167000A860EB60BDE8F081022BF0D12378002B4D
:10168000EDD054F8048CB8F1000FE8D004F1140048
:10169000FFF73BFFA4F114070023E36239464046FD
:1016A000FFF75AFDDBE710B50346EFF31184402244
:1016B00082F31288BFF36F8F0068834208D0D0E9AD
:1016C000003213605A600023C0E90033FFF7A5FF22
:1016D00084F31188BFF36F8F10BD20B1011F50F844
:1016E000040CFFF785BB704710B5013902449042E6
:1016F00001D1002005E0037811F8014FA34201D089
:10170000181B10BD0130F2E7F0B5C3F137070446EE
:10171000FFB203F01F031046082BE6B233D0102BA4
:101720003ED06508A40844EA817445EAC1752D19C4
:101730004FEA910242EB5102290941EA02716D1808
:1017400042EB1212290A41EA02616D1842EB1222A1
:10175000290C41EA02416D1842EB1242AD1842F1E8
:101760000002EC0844EA4274D10804EB8402A6EBC0
:101770004205EDB2092D0CD90134A5F10A0541F15C
:101780000001EDB212E0E40844EA417406F00705F6
:10179000C908303554EA010200F8015BBCD1F0BD44
:1017A000240944EA017406F00F050909092D84BFD4
:1017B000ED19EDB2EDE70A44914200F1FF3300D19B
:1017C000704710B511F8014B03F8014F9142F9D160
:1017D00010BD884210B501EB020402D984422346B1
:1017E00007D8431EA14208D011F8012B03F8012F9E
:1017F000F8E7024401468A4200D110BD13F8014DBA
:1018000002F8014DF7E702440346934200D17047C6
:1018100003F8011BF9E7D1E9043293421EBF5A1CB9
:101820000A611870704700000148006870470000A6
:101830008C3700203A9AFE7F01000000E5CC0100C1
:101840000000000091DE010000000000C14B02001A
:1018500014190300FD040300000000007D7F020056
:1018600000000000A17F02000000000055550200AA
:101870003C19030055550200281903001D4E0200B3
:1018800000000000B169020000000000290103000F
:1018900000000000330103000000000013FD0200FF
:1018A0006419030079FD0200781903004150020019
:1018B00050190300D559020000000000D5F40100C2
:1018C000000000007DBE01000000000085DC01007A
:1018D00000000000796A02000000000037010300E8
:1018E00000000000C58202000000000061510200FB
:1018F0008C190300655D0200A0190300ADF501001D
:1019000000000000BDDE01000000000005F0010045
:1019100000000000274903008C240300A4240300D6
:10192000C10B0020F83B0020FD490300F424030014
:1019300024250300CB0B0020C03C00200B4A0300F1
:101940000C25030024250300CD0B0020CC3C0020F7
:101950005049030000000000C0240300C30B002016
:101960004C3C00206049030000000000C824030034
:10197000C50B0020000000006F49030000000000BC
:10198000D0240300C70B002000000000D949030049
:1019900000000000D8240300C90B00200000000054
:1019A000574B03000000000048250300CF0B002028
:1019B000E43C0020550103003F0303000000000049
:1019C00033DD02000000000033DD020000000000F3
:1019D00033DD02000000000033DD020000000000E3
:1019E00033DD0200E97702003F030300000000003E
:1019F00033DD02000000000033DD020000000000C3
:101A000033DD02000000000033DD020000000000B2
:101A100033DD02000000000033DD02004C3C0020FA
:101A2000B15002000000000033DD020000000000A1
:101A300033DD02000000000033DD02000000000082
:101A4000655A02000000000033DD020000000000C3
:101A500033DD02000000000033DD02000000000062
:101A600033DD02000000000033DD02000000000052
:101A700033DD02000000000033DD02000000000042
:101A80001D6A02000000000033DD020000000000BB
:101A900033DD02000000000033DD02000000000022
:101AA00033DD02000000000033DD02000000000012
:101AB00033DD02000000000033DD02000000000002
:101AC00033DD02000000000033DD020000000000F2
:101AD00033DD02000000000033DD020000000000E2
:101AE00033DD02000000000033DD020000000000D2
:101AF00033DD02000000000033DD020000000000C2
:101B000033DD02000000000033DD020000000000B1
:101B100033DD02000000000033DD020000000000A1
:101B200033DD02000000000033DD02000000000091
:101B300033DD020005000000612902000000000002
:101B400006000000314B020000000000040000000D
:101B50004D2E020000000000A5F4010059F4010020
:101B60000000000000000000000000000000000075
:101B70002C23030008000000CC2303000700000012
:101B8000F8200300040000008C2C03000300000078
:101B90009F29030003000000204103000300000010
:101BA0008647030003000000203703000300000005
:101BB0001544030003000000273703000300000062
:101BC000F348030003000000413F0300030000004E
:101BD000914003000300000098450300030000004B
:101BE000744B030003000000D34B0300030000000C
:101BF000624B0300030000002049030003000000C3
:101C0000512A0300030000004249030003000000C2
:101C1000992C030003000000F349030003000000B7
:101C20002D4C030003000000932A03000300000072
:101C3000972A030003000000F84C03000300000093
:101C4000CA35030003000000EC3503000300000068
:101C50000536030003000000FD4B030003000000F5
:101C60007932030003000000D532030003000000B6
:101C7000DD32030003000000114E030003000000EA
:101C8000EC32030003000000841F03004C320020EC
:101C9000C32B03000100000049EB010035EF0100F8
:101CA0009DF20100FFFFFFFFFFFFFFFFFFFFFFFFB0
:101CB0000000000001000000A0000000F000000093
:101CC0000000000000000000000000010000000211
:101CD00000000004000000080000001000000020C8
:101CE00000000040000000800000001B00000036E3
:101CF000463E03004B3E03004F3E0300533E0300AD
:101D0000573E03005B3E03005F3E0300633E03005B
:101D1000673E03006B3E03006F3E0300733E03000B
:101D2000773E03007B3E03007F3E0300144E03001A
:101D300000010000F401FA00960064004B0032003C
:101D40001E0014000A00050002000100010001004D
:101D5000000101000001000100000100010000007D
:101D600001000B0002000A00050009000A0008003B
:101D7000140007001E000600320005004B0004009E
:101D80006400030096000200FA000100F401000064
:101D90000C0802170D0101020909010106020918C8
:101DA00018030101090903030503020123020224A8
:101DB0000910040405050B0B040B2B1B1B151A1A29
:101DC0001C021D16130501490D150500A301B103E1
:101DD000BF05EF024906A309C505F50B25120E0242
:101DE0001C045A03B4063006600C00000100000019
:101DF0001011004000000000000000000000000082
:101E0000000000000406080A0C0E10121416181C1C
:101E10001E20222426282A2C2E30323436383A3CF2
:101E20003E40424446484A4C4E021A5000000000D0
:101E3000280000001800000000000000141E000030
:101E40003011000000002CA6E0A100003408E803D7
:101E50000000000070170000A00F00000000DC056B
:101E6000E803000000000000141E00003011000014
:101E700000010302D8ECF0F4F8FC000203040506AC
:101E80000708000000000000000000000000000043
:101E90000000000000000101010102020202030330
:101EA00003030404040405050505060606080900E5
:101EB0000000000000000000000000000000000022
:101EC00000000001010101020202020303030304F6
:101ED0000404040505050506060708090A0B0C0D90
:101EE00006080801020600100200FA0000000000C7
:101EF0004FB201005BB201005FB2010067B20100A6
:101F00006BB201000600090000002A00180028003A
:101F100000002A0000000000000000000000000097
:101F20000338FDD87047000001010000C00B0020FD
:101F300007100000B00B0020081C0020000100006A
:101F4000B9D402005BD402000200000055D60200A2
:101F50000000000000000000000000000000000081
:101F60008B2B0300932B03000000000000000000F7
:101F7000000000009B2B03009F2B0300A32B0300FA
:101F8000A72B0300EDC80100E1C8010011C9010041
:101F9000B9C8010000000000D5C801000000000021
:101FA0006DC9010054320020BC480020010000002F
:101FB00006000000000000000000000000C000005B
:101FC0008C1903000100000000C0000000020000A6
:101FD0008C1903000200000000C0000000A00700F0
:101FE0008C1903000300000000C20000009E0700DF
:101FF0008C1903000400000000C20000009E0700CE
:102000008C190300050000000060080000A0070014
:102010008C190300000000000DDD02009C09002067
:10202000940900208C090020000000008409002091
:1020300025CF010019CE01006DCE0100CDCE0100EB
:10204000C00400200000000000000B060200000099
:102050005420030000000000C632030026000202E4
:1020600000000020CE32030022000B1111DD010020
:1020700000000000B7DD0200F9E70100E5E901001A
:102080000000000049ED0100000000000000000019
:102090000000000000000000000000000000000040
:1020A00000000000CDEC0100A1EF0100A1EF010054
:1020B0000000000000000000000000000000000020
:1020C0000000000000000000000000000000000010
:1020D0000000000089EF010041EF01000000000056
:1020E0006C200300EC200300000800003088002072
:1020F000FA350300000000001828030071F8020000
:1021000000000000853603000000010014280300D1
:1021100075F9020000000000EC0900200000010039
:102120006336030000000000ADF101000000000074
:102130000000020010280300C3F802009D3E0200C8
:10214000D4090020000003006C2003005421030088
:1021500000010000B0A800206C20030064210300EF
:102160002E000000F0B300206C2003007421030057
:1021700002010000D0B40020833E0300A13E030012
:10218000BC3E0300CC3E0300D93E0300E23E030008
:10219000E93E0300F03E0300F73E0300FF3E03006C
:1021A000D93E0300073F0300193F03002E3F030001
:1021B0000E030000CD0E02000F040000990E020075
:1021C0001A010000C9F6010005040000E1F6010053
:1021D00013010000E5FC0100FF01000039FB0100D4
:1021E0003E01000019FB0100050400002DF701006D
:1021F00010010000D5F70100011200001D0E0200C1
:102200000A1E00001FE6020003090000D9FD0100BC
:10221000040B0000BDF80100060A0000890202005C
:10222000070A0000A5F701000C05000071F7010086
:102230006C2003003C22030047000000F0B50020A2
:1022400094430300A1430300C1430300B5430300CB
:10225000CC430300E3430300F343030015470300AB
:10226000074403006C2003007022030000000000FC
:10227000B8B600206C20030080220300000100009B
:10228000E0B600209DEB0200D5EB0200000000004C
:102290000000000000000000092C02000000000007
:1022A0000000000000000000000000000202010029
:1022B0004FF4020004040100113B02000606010075
:1022C000513A020008040100593902000A020100D3
:1022D00037F402000C0401001FF402000E04010098
:1022E0002D38020020040100913702001004010083
:1022F000A136020012020100D3F30200160401000D
:10230000C7ED02001801010005F102001E000400E3
:10231000EFF4020052020000F9F302006C20030007
:10232000282303000201000058BA002048280300B7
:1023300071F80200000000004428030000000100C2
:102340004028030075F90200000000007C0A00200C
:102350000000010038280300000000000000000019
:10236000000000000000000034280300C3F8020051
:102370009D3E0200840A0020000003003028030074
:1023800075F9020000000000740A0020000001003E
:10239000282803002FF80200D940020000000000A6
:1023A000000003002428030075F90200000000006B
:1023B0006C0A0020000001001C280300D943020021
:1023C000000000000000000000000100742803006D
:1023D00071F80200000000007028030000000100F6
:1023E0006C28030075F9020000000000AC0A002010
:1023F0000000010064280300F3F702003BF602002E
:1024000038090020000009006028030075F9020067
:1024100000000000A40A002000000100582803006A
:10242000B9F70200000000000000000000000100F9
:102430005428030075F90200000000009C0A0020E7
:10244000000001004C280300A14002000000000031
:10245000000000000000010000000000000000007B
:10246000000000000000000000000000C5FB0200AA
:10247000000000000000000000000000000000005C
:102480007D4B02004D4B020000000000D54C0200C5
:10249000554C02003649030001FD020007FD020011
:1024A0003C490300194C020081FC0200E1FC0200DF
:1024B000000000001FFC02000000000000000000FF
:1024C000E94F0200414F020017FD0200000000002A
:1024D00035FD020000000000B1FD0200B55302000E
:1024E000F1520200355102002551020004000000A3
:1024F00000FF0000FFFF000000030050000000008C
:10250000010000000060004000000000FFFFFFFF2E
:1025100000000050000000000000000000600040CB
:1025200000000000E9550200A1FE0200AFFE02001B
:10253000C7FE0200D3FE0200DFFE02005554020077
:10254000F9FE020000000000595C02006BFF02006F
:102550008FFF02000200000005000000C24D0300D2
:10256000D04D0300E44D0300F34D0300FF4D030085
:102570003C1803003C180300B4180300C4180300FF
:102580000419030014190300512563FCC2CAB9F3EE
:10259000849E17A7ADFAE6BCFFFFFFFFFFFFFFFF1A
:1025A00000000000FFFFFFFFAAAAAAAAAAAAAAAADF
:1025B000AAAAAAAA55555555555555555555555577
:1025C0000000000055555555522563FCC2CAB9F3A9
:1025D000849E17A7ADFAE6BCFFFFFFFFFFFFFFFFDA
:1025E00000000000FFFFFFFF512563FCC2CAB9F3E2
:1025F000849E17A7ADFAE6BCFFFFFFFFFFFFFFFFBA
:1026000000000000FFFFFFFF96C298D84539A1F4F3
:10261000A033EB2D817D0377F240A463E5E6BCF89F
:1026200047422CE1F2D1176BF551BF376840B6CB6A
:10263000CE5E316B5733CE2B169E0F7C4AEBE78E66
:102640009B7F1AFEE242E34F4B60D2273E3CCE3BDB
:10265000F6B053CCB0061D65BC86987655BDEBB37D
:10266000E7933AAAD835C65AFCFFFFFFFFFFFFFFEA
:10267000FFFFFFFF0000000000000000000000005E
:1026800001000000FFFFFFFFFF8FFFFFFF8FFFFF35
:10269000FE8FFFFFFE8FFFFFFD8FFFFFFC8FFFFF11
:1026A000FC8FFFFF6D757465785F667265652063EA
:1026B000616C6C65642077697468204E554C4C20C1
:1026C000706172616D6574657200000043616E2710
:1026D0007420696E697469616C697A65206D7574BE
:1026E00065782C20776173204E554C4C0D0A000004
:1026F0004661696C20746F20616371756972652031
:102700006D757465780A00004661696C20746F20ED
:10271000696E63726561736520504D20636F756EDD
:102720007465720A000000004661696C20746F20B5
:10273000646563726561736520504D20636F756ECB
:102740007465720A000000004661696C20746F2095
:1027500072656C65617365206D757465780A00003B
:10276000436F756C64206E6F74206C6F636B2070A8
:102770006F7765722073617665206D75746578007A
:102780004661696C20746F20756E6C6F636B206D91
:10279000757465780A0000006374782063616E6E5A
:1027A0006F74206265204E554C4C00000A637478AB
:1027B000206973204E554C4C0A00000067E6096AF8
:1027C00085AE67BB72F36E3C3AF54FA57F520E5152
:1027D0008C68059BABD9831F19CDE05BD89E05C1E2
:1027E00007D57C3617DD703039590EF7310BC0FF35
:1027F00011155868A78FF964A44FFABE01234567E5
:1028000089ABCDEFFEDCBA9876543210F0E1D2C33A
:1028100000000229000003280000002800002A2BE5
:1028200000002A2B000003280000292B0000292B80
:1028300000000328000002290000052A0000052AE4
:102840000000032800000118000000280000042AEE
:102850000000042A000003280000012A0000012AC9
:10286000000003280000002A0000002A00000328BE
:10287000000000180000002877C295F360D2EF7FB7
:102880003552500F2CB67980737461747573204C77
:102890004544204750494F206973206E6F74207261
:1028A0006561647900737461747573204C454420CC
:1028B000636F6E66696775726174696F6E206661B9
:1028C000696C65643A2025640042534625303458CB
:1028D00000424C45206E616D6520736574757020F3
:1028E0006661696C65643A202564006669726D777B
:1028F0006172653D2573206964656E746974793D04
:10290000307825303458206E616D653D2573006246
:102910003330362D66697273742D6466752D763189
:1029200000426C7565746F6F746820696E697469B4
:10293000616C697A6174696F6E206661696C656447
:102940003A20256400424C452061647665727469C2
:1029500073696E67206661696C65643A202564005E
:10296000424C4520534D5020616476657274697302
:10297000696E6720737461727465642061732025C9
:102980007300737461747573204C454420746F67D1
:10299000676C65206661696C65643A202564006235
:1029A000696F737075725F667573696F6E002875F5
:1029B0006E7369676E6564292063686172202A20DE
:1029C0007573656420666F722025257020617267BB
:1029D000756D656E742E2049742773207265636F60
:1029E0006D6D656E64656420746F2063617374201F
:1029F000697420746F20766F6964202A2062656391
:102A000061757365206974206D61792063617573E8
:102A100065206D69736265686176696F7220696EA1
:102A2000206365727461696E20636F6E6669677595
:102A3000726174696F6E732E20537472696E673A97
:102A40002225732220617267756D656E743A256464
:102A50000063627072696E74665F7061636B616758
:102A600065004661696C656420746F207265626FF1
:102A70006F743A207370696E6E696E6720656E645C
:102A80006C6573736C792E2E2E0A006C6F67676904
:102A90006E67006C6F67006C6F675F6D676D7400C9
:102AA0004D65737361676520282225732229206490
:102AB000726F70706564206265636175736520690B
:102AC0007420657863656564732073697A65206C2A
:102AD000696D69746174696F6E2028257529004DD0
:102AE0006573736167652064726F707065642062DE
:102AF00065636175736520697420657863656564D5
:102B0000732073697A65206C696D69746174696F8B
:102B10006E2028257529001B5B306D002573200071
:102B20005B2530386C755D20005B253032753A25A9
:102B30003032753A253032752E253033752C2530DC
:102B400033755D200025732F003C25733E20002542
:102B5000733A2000253032782000202020007C00AD
:102B6000256300206D657373616765732064726F00
:102B700070706564202D2D2D0D0A1B5B306D001BC0
:102B80005B313B33316D2D2D2D20001B5B313B33F1
:102B9000316D001B5B313B33336D00657272007722
:102BA000726E00696E6600646267006D65737361C2
:102BB0006765732064726F707065643A202020200E
:102BC0000D0A006C6F675F6261636B656E645F72B4
:102BD000747400666C6173685F77726974652065F0
:102BE00072726F72202564206F66667365743D3063
:102BF000782530387A7800666C6173682072656178
:102C000064206661696C65643A2025640063616CC8
:102C10006C6261636B206661696C65643A2025644F
:102C2000004275666665722073697A652069732053
:102C3000626967676572207468616E20706167659C
:102C4000004275666665722073697A652069732033
:102C50006E6F7420616C69676E656420746F206D9F
:102C6000696E696D616C2077726974652D626C6F35
:102C7000636B2D73697A6500496E636F7272656369
:102C80007420706172616D657465720053545245B1
:102C9000414D5F464C41534800666C617368002AA1
:102CA0002A2A20426F6F74696E67204D7920417027
:102CB000706C69636174696F6E2076302E312E30CE
:102CC0002D66697273742D623330366262613035FD
:102CD000663865202A2A2A0A002A2A2A205573697A
:102CE0006E67206E524620436F6E6E65637420538C
:102CF000444B2076322E382E302D613233383662F6
:102D0000666338343031202A2A2A0A002A2A2A20E7
:102D10005573696E67205A6570687972204F532029
:102D200076332E372E39392D30626333333933669B
:102D300062313132202A2A2A0A00637C777BF26BC7
:102D40006FC53001672BFED7AB76CA82C97DFA59B1
:102D500047F0ADD4A2AF9CA472C0B7FD9326363F16
:102D6000F7CC34A5E5F171D8311504C723C3189603
:102D7000059A071280E2EB27B27509832C1A1B6EA5
:102D80005AA0523BD6B329E32F8453D100ED20FC47
:102D9000B15B6ACBBE394A4C58CFD0EFAAFB434D4A
:102DA000338545F9027F503C9FA851A3408F929DE7
:102DB00038F5BCB6DA2110FFF3D2CD0C13EC5F97D7
:102DC0004417C4A77E3D645D197360814FDC222ADD
:102DD000908846EEB814DE5E0BDBE0323A0A490614
:102DE000245CC2D3AC629195E479E7C8376D8DD588
:102DF0004EA96C56F4EA657AAE08BA78252E1CA660
:102E0000B4C6E8DD741F4BBD8B8A703EB5664803BF
:102E1000F60E613557B986C11D9EE1F8981169D942
:102E20008E949B1E87E9CE5528DF8CA1890DBFE6C5
:102E3000426841992D0FB054BB166D757465785F6B
:102E4000696E69742063616C6C656420776974686D
:102E5000204E554C4C20706172616D657465720036
:102E6000436F756C64206E6F7420616C6C6F63616E
:102E70007465206D75746578206265666F72652073
:102E8000696E697469616C697A696E670072302F66
:102E900061313A2020307825303878202072312F67
:102EA00061323A2020307825303878202072322F55
:102EB00061333A20203078253038780072332F6122
:102EC000343A2020307825303878207231322F691A
:102ED000703A2020307825303878207231342F6CC9
:102EE000723A20203078253038780020787073725C
:102EF0003A2020307825303878004661756C746946
:102F00006E6720696E737472756374696F6E206189
:102F100064647265737320287231352F7063293AA7
:102F20002030782530387800556E68616E646C65A5
:102F300064204952516E3A202564002A2A2A2A2AFE
:102F400020425553204641554C54202A2A2A2A2AE9
:102F5000002020537461636B696E67206572726F25
:102F600072002020556E737461636B696E67206513
:102F700072726F72002020507265636973652064FD
:102F800061746120627573206572726F7200202017
:102F90004246415220416464726573733A2030782E
:102FA0002578002020496D7072656369736520641F
:102FB00061746120627573206572726F72002020E7
:102FC000496E737472756374696F6E2062757320D5
:102FD0006572726F72002020466C6F6174696E6753
:102FE0002D706F696E74206C617A792073746174CE
:102FF0006520707265736572766174696F6E2065A5
:1030000072726F72002A2A2A2A2A20555341474594
:10301000204641554C54202A2A2A2A2A002020449E
:1030200069766973696F6E206279207A65726F00C4
:103030002020556E616C69676E6564206D656D6FEB
:103040007279206163636573730020204E6F206383
:103050006F70726F636573736F7220696E737472D1
:10306000756374696F6E73002020496C6C656761CD
:103070006C206C6F6164206F66204558435F524539
:103080005455524E20696E746F20504300202049E1
:103090006C6C6567616C20757365206F6620746861
:1030A000652045505352002020417474656D707442
:1030B00020746F206578656375746520756E64652E
:1030C00066696E656420696E737472756374696F86
:1030D0006E002A2A2A2A2A204D5055204641554C56
:1030E00054202A2A2A2A2A002020537461636B69FB
:1030F0006E67206572726F722028636F6E746578D8
:10310000742061726561206D696768742062652052
:103110006E6F742076616C696429002020446174AC
:1031200061204163636573732056696F6C617469D4
:103130006F6E0020204D4D464152204164647265FF
:1031400073733A2030782578002020496E737472AA
:10315000756374696F6E204163636573732056698C
:103160006F6C6174696F6E00526573657276656429
:1031700020457863657074696F6E20280053707500
:1031800072696F757320696E7465727275707420E0
:10319000284952512000535053454C20696E2074E9
:1031A0006872656164206D6F646520646F6573206B
:1031B0006E6F7420696E646963617465205053504A
:1031C000002A2A2A2A2A2048415244204641554CA6
:1031D00054202A2A2A2A2A00202042757320666158
:1031E000756C74206F6E20766563746F72207461E5
:1031F000626C6520726561640020204465627567B9
:10320000206576656E740020204661756C742065BB
:103210007363616C6174696F6E20287365652062E9
:10322000656C6F772900415243485F4558434550CC
:1032300054207769746820726561736F6E202578F9
:103240000A002A2A2A2A2A204465627567206D6F9F
:103250006E69746F7220657863657074696F6E2033
:103260002A2A2A2A2A002A2A2A2A2A2025732025BD
:103270006429202A2A2A2A2A006D7075004661696D
:103280006C656420746F20616C6C6F636174652081
:103290006E6577204D505520726567696F6E2025E9
:1032A000750A00506172746974696F6E2025753AF1
:1032B0002073616E69747920636865636B20666151
:1032C000696C65642E00464C4153485F3000535290
:1032D000414D5F30006E65745F627566006E6574A7
:1032E0005F6275665F73696D706C6500736F630014
:1032F00072630067726F7570004661696C65642067
:10330000746F207265616420646174612066726FFD
:103310006D20666C61736820617265613A20256476
:10332000004661696C656420746F206F70656E2063
:10333000666C61736820617265612049442025755F
:103340003A202564004661696C656420746F2065CD
:103350007261736520666C61736820617265613AA1
:10336000202564004661696C656420746F20726575
:10337000616420646174612066726F6D20666C61A7
:1033800073683A2025640043616E27742062696E79
:103390006420746F2074686520666C6173682061B6
:1033A000726561202865727220256429006261645B
:1033B000206F666673657420283078256C78290044
:1033C000696D61676520736C6F74206572617365E8
:1033D000206F66203078257A7820627974657320B2
:1033E0006661696C65642028657272202564290015
:1033F000457261736564203078257A78206279742B
:103400006573206F6620696D61676520736C6F74EA
:1034100000696D61676520736C6F742074726169F7
:103420006C6572206572617365206F662030782547
:103430007A78206279746573206661696C656420AE
:1034400028657272202564290045726173656420C5
:103450003078257A78206279746573206F662069E8
:103460006D61676520736C6F7420747261696C653F
:10347000720055706C6F616420746F6F206C6172A4
:10348000676520666F7220736C6F743A2025752013
:103490003E2025750076657273696F6E003C3F3F74
:1034A0003F3E006861736800626F6F7461626C65B3
:1034B0000070656E64696E6700636F6E6669726D39
:1034C000656400616374697665007065726D616E34
:1034D000656E7400696D616765730073706C697403
:1034E0005374617475730046616C656420626F6F1C
:1034F000745F7365745F6E65787420776974682093
:10350000636F64652025642C20666F7220736C6F76
:10351000742025642C20776974682061637469764F
:103520006520736C6F7420256420616E6420636F66
:103530006E6669726D20256400636F6E6669726DD8
:10354000000A02042568752E2568752E2568750009
:103550002E2575006F66660073686100757067726E
:1035600061646500496D6167652075706C6F6164A9
:1035700020696E7370656374206661696C65643A76
:103580002025640049727265636F76657261626CB2
:1035900065206572726F723A20666C61736820777D
:1035A00072697465206661696C65643A20256400FF
:1035B00005050101010106010101010302010101EB
:1035C000030303030103030106066D63756D677250
:1035D0005F696D675F677270006275665F73697AB5
:1035E00065006275665F636F756E74006D63756DFF
:1035F00067725F6F735F677270006D63756D67727E
:1036000020736D70006D63756D67725F736D700010
:103610004E756C6C20637064206F626A6563742001
:10362000666F7220636F6E6E656374696F6E2025BE
:103630007000426C7565746F6F746820534D502034
:103640007472616E73706F727420726567697374DF
:103650006572206661696C65642028657272202538
:1036600064290002487C997411269EAE014ECEFB5F
:1036700028782EDA02487C997411269EAE014ECE2F
:10368000FB28782EDA0284AA6074528A8B86D34C87
:10369000B71D1DDC538D00FFFFFFFFFFFF00000083
:1036A00000000000FFFFFFFFFFFF00000000000020
:1036B0007075626C69630072616E646F6D00707525
:1036C000626C69632D69640072616E646F6D2D694F
:1036D0006400253032583A253032583A2530325875
:1036E0003A253032583A253032583A25303258206F
:1036F0002825732900303132333435363738396173
:103700006263646566004254204C572057510002A2
:10371000FB349B5F80000080001000000000000070
:1037200062745F6275660062745F64617461004414
:1037300061746120627566666572206F7665726677
:103740006C6F7720286C696E6B20747970652030FF
:1037500078253032782900556E61626C6520746F6F
:10376000206C6F6F6B20757020636F6E6E207769B1
:1037700074682068616E646C6520257500556E6103
:10378000626C6520746F206C6F6F6B757020636F57
:103790006E6E20666F722068616E646C65202575A0
:1037A000004861726477617265206572726F722C75
:1037B00020686172647761726520636F64653A2086
:1037C000256400436F756C64206E6F74207375629E
:1037D0006D69742072785F776F726B3A2025640090
:1037E000556E61626C6520746F20616C6C6F6361F3
:1037F00074652062756666657200556E68616E64F8
:103800006C6564206576656E74203078253032787A
:10381000206C656E2025753A202573004E6F207050
:10382000656E64696E672070657269706865726143
:103830006C20636F6E6E656374696F6E00556E65A4
:103840007870656374656420737461747573203077
:10385000782530327820257300546F6F20736D61A6
:103860006C6C202825752062797465732920657633
:10387000656E742030782530327800496E76616C40
:103880006964204843492041434C207061636B6563
:10389000742073697A6520282575290041434C20DE
:1038A00064617461206C656E677468206D69736D06
:1038B000617463682028257520213D202575290025
:1038C000556E61626C6520746F2066696E6420635A
:1038D0006F6E6E20666F722068616E646C65202565
:1038E0007500496E76616C696420484349206576AD
:1038F000656E742073697A652028257529005745FF
:1039000053545F544F504449522F7A65706879720E
:103910002F7375627379732F626C7565746F6F7432
:10392000682F686F73742F6863695F636F72652EA9
:10393000630062745F6863695F6576745F6765746E
:103940005F666C616773286864722D3E65767429C2
:103950002026202831554C203C3C202831292900A4
:10396000415353455254494F4E204641494C205BE8
:1039700025735D20402025733A25640A00556E6B3F
:103980006E6F776E2062756620747970652025757C
:1039900000556E68616E646C65642076656E646F58
:1039A000722D7370656369666963206576656E74F0
:1039B00020307825303278206C656E2025753A20CD
:1039C0002573004E6F20636F6D6D616E64207365AB
:1039D0006E7420666F7220636D6420636F6D706C0F
:1039E00065746520307825303478004F70436F64FB
:1039F000652030782530347820636F6D706C657485
:103A0000656420696E7374656164206F66206578F3
:103A1000706563746564203078253034780065768D
:103A200074206E756D5F68616E646C657320283DEF
:103A300025752920746F6F206C61726765202825B9
:103A400075203E20257529004E6F20636F6E6E65D0
:103A50006374696F6E20666F722068616E646C6556
:103A6000202575007061636B65747320636F756EDC
:103A700074206D69736D6174636800756E6B6E6F31
:103A8000776E006576745F666C6167732026202808
:103A900031554C203C3C202830292900496E766164
:103AA0006C696420627566207479706520257500E4
:103AB0005B305D004964656E7469747925733A20E2
:103AC0002573004964656E746974795B25645D3A99
:103AD000202573004843493A2076657273696F6EFA
:103AE0002025732028307825303278292072657699
:103AF0006973696F6E203078253034782C206D61C1
:103B00006E75666163747572657220307825303425
:103B100078004C4D503A2076657273696F6E20259F
:103B200073202830782530327829207375627665C5
:103B3000722030782530347800556E61626C6520D3
:103B4000746F2073656E6420746F2064726976658B
:103B50007220286572722025642900556E636C6599
:103B6000617265642070656E64696E672073656E4E
:103B7000745F636D640073756363657373000963D9
:103B80006F6D6D616E64206F70636F646520307857
:103B9000253034782074696D656F75740A0065721C
:103BA00072203D3D20300009436F6E74726F6C6C63
:103BB000657220756E726573706F6E736976652CB1
:103BC00020636F6D6D616E64206F70636F6465203C
:103BD0003078253034782074696D656F757420777E
:103BE000697468206572722025640A006F70636FC3
:103BF000646520307825303478207374617475736F
:103C000020307825303278202573004661696C6554
:103C10006420746F207265616420444C45206D619E
:103C2000782064617461206C656E0074785F6F63E6
:103C30007465747320657863656564732074686562
:103C40002076616C69642072616E6765202575005D
:103C500074785F74696D6520657863656564732049
:103C60007468652076616C69642072616E67652096
:103C70002575004E6F6E2D4C452063617061626C3E
:103C80006520636F6E74726F6C6C6572206465740E
:103C90006563746564210041434C2042522F4544C2
:103CA000522062756666657273206E6F7420696E4D
:103CB000697469616C697A65640056656E646F72D7
:103CC0002048434920657874656E73696F6E732070
:103CD0006E6F7420617661696C61626C6500485733
:103CE00020506C6174666F726D3A20257320283005
:103CF0007825303478290048572056617269616E02
:103D0000743A2025732028307825303478290046ED
:103D100069726D776172653A2025732028307825A5
:103D2000303278292056657273696F6E2025752EA2
:103D30002575204275696C64202575004661696CA3
:103D4000656420746F207265616420737570706F94
:103D5000727465642076656E646F7220636F6D6D3A
:103D6000616E6473004661696C656420746F2072D3
:103D700065616420737570706F7274656420766518
:103D80006E646F7220666561747572657300484376
:103D90004920647269766572206973206E6F7420A1
:103DA00072656164790042534630303030004661BC
:103DB000696C656420746F2073657420646576692E
:103DC0006365206E616D65202825642900425420BA
:103DD00052582057510048434920647269766572F1
:103DE000206F70656E206661696C656420282564AB
:103DF00029004E6F2070656E64696E6720636F6E78
:103E00006E20666F72207065657220257300556E96
:103E1000657870656374656420484F53545F4E55F0
:103E20004D5F434F4D504C455445445F5041434BCB
:103E30004554532C20737461747573203078253089
:103E4000327820257300312E306200312E3100315E
:103E50002E3200322E3000322E3100332E3000341C
:103E60002E3000342E3100342E3200352E30003505
:103E70002E3100352E3200352E3300352E340036EB
:103E80002E30005374616E6461726420426C7565FB
:103E9000746F6F746820636F6E74726F6C6C657290
:103EA0000056656E646F722073706563696669633E
:103EB00020636F6E74726F6C6C6572004669726D10
:103EC00077617265206C6F6164657200526573631F
:103ED000756520696D6167650072657365727665E9
:103EE00064006E5246353178006E524635327800A5
:103EF0006E5246353378006E524635344878006E3F
:103F0000524635344C7800496E74656C20436F72AC
:103F1000706F726174696F6E004E6F7264696320B6
:103F200053656D69636F6E647563746F72004E588C
:103F3000502053656D69636F6E647563746F72733F
:103F40000062745F6863695F636F726500636D64CC
:103F500020646973616C6C6F776564004F6E6C7977
:103F60002072616E646F6D2073746174696320697F
:103F700064656E746974792061646472657373201A
:103F8000737570706F7274656400496E76616C69E8
:103F90006420696E70757420706172616D657465FE
:103FA0007273004661696C656420746F207265618C
:103FB00064207075626C69632061646472657373F8
:103FC00000526561642053746174696320416464C4
:103FD00072657373657320636F6D6D616E64206EBF
:103FE0006F7420617661696C61626C65004661691D
:103FF0006C656420746F20726561642073746174F1
:10400000696320616464726573736573004E6F2029
:10401000737461746963206164647265737365733A
:104020002073746F72656420696E20636F6E7472A2
:104030006F6C6C65720043616E2774207365742029
:10404000626F7468204944454E54495459202620D3
:104050004E52504100556E61626C6520746F207342
:104060006574206964656E74697479206164647232
:1040700065737300556E61626C6520746F207365A3
:10408000742072616E646F6D206164647265737315
:104090000062745F696400546F6F20626967206119
:1040A00064766572746973696E6720646174610017
:1040B0004661696C656420746F207374617274204A
:1040C00061647665727469736572004661696C65D6
:1040D0006420746F2073746F7020616476657274ED
:1040E0006973696E673A20256400436F6E74726F5E
:1040F0006C6C65722063616E6E6F7420726573758F
:104100006D6520636F6E6E65637461626C652061BE
:1041100064766572746973696E6720282564290066
:1041200062745F616476004661696C6564207265E3
:1041300061642072656D6F74652066656174757267
:1041400065732028256429004661696C6564204CEC
:10415000452053657420504859202825642900467D
:1041600061696C656420746F207365742064617488
:1041700061206C656E202825642900556E65787075
:104180006563746564206669727374204C324341C0
:1041900050206672616D6500556E65787065637458
:1041A0006564204C3243415020636F6E74696E75B4
:1041B0006174696F6E004E6F7420656E6F7567680D
:1041C0002062756666657220737061636520666F34
:1041D00072204C32434150206461746100556E6519
:1041E000787065637465642041434C20666C616738
:1041F000732028307825303278290041434C206CD8
:10420000656E206D69736D61746368202825752063
:104210003E202575290028756E6B6E6F776E29001C
:104220006E6F207472616E736974696F6E2025738E
:1042300000496E76616C69642028257529206F6CB1
:104240006420737461746500636F6E6E2025702046
:104250006661696C656420746F2065737461626C5B
:104260006973682E205246206E6F6973653F006E39
:104270006F2076616C69642028257529207374612C
:104280007465207761732073657400696E636F6D68
:1042900070617469626C652068616E646C6520256C
:1042A0007500556E61626C6520746F20616C6C6F77
:1042B00063617465206275666665722077697468EB
:1042C000696E2074696D656F757400636F6E6E2022
:1042D00025703A206E6F7420636F6E6E656374652F
:1042E0006400466174616C206572726F72202825CB
:1042F00064292E20446973636F6E6E656374696E02
:104300006720257000466F756E642076616C696465
:1043100020636F6E6E656374696F6E202825702947
:1043200020776974682061646472657373202573F3
:1043300020696E20257320737461746520005365B5
:104340006E64204C4520706172616D2075706461EF
:104350007465206661696C65642028657272202529
:1043600064290053656E64206175746F204C45208C
:10437000706172616D207570646174652066616939
:104380006C65642028657272202564290001010192
:1043900001010203646973636F6E6E656374656423
:1043A00000646973636F6E6E6563742D636F6D7007
:1043B0006C657465007363616E2D6265666F72650E
:1043C0002D696E6974696174696E6700696E6974DC
:1043D000696174696E672D66696C7465722D6C69AC
:1043E0007374006164762D636F6E6E6563746162D1
:1043F0006C65006164762D6469722D636F6E6E6505
:10440000637461626C6500646973636F6E6E65638B
:1044100074696E670062745F636F6E6E00556E61E3
:10442000626C6520746F20616C6C6F6361746520D1
:1044300062756666657220666F72206F70203078D4
:1044400025303278004E6F20617661696C61626C54
:1044500065204C3243415020636F6E746578742040
:10446000666F7220636F6E6E2025700045787065F0
:104470006374696E6720757020746F2025642072E4
:104480006566732C20676F7420256400616C72650B
:1044900061647920686176652076696577206F6E42
:1044A000202570004C32434150206C656E67746863
:1044B000206D69736D617463682028257520213D26
:1044C0002025752900496E76616C696420696465F0
:1044D0006E742076616C756520696E204C324341A4
:1044E000502050445500546F6F20736D616C6C20E8
:1044F0004C4520636F6E6E20706172616D20727327
:10450000700052656A656374696E6720756E6B6EC4
:104510006F776E204C324341502050445520636FDA
:1045200064652030782530327800546F6F20736DC9
:10453000616C6C204C32434150207369676E616C32
:10454000696E672050445500546F6F20736D616C25
:104550006C204C32434150205044552072656365B5
:10456000697665640049676E6F72696E6720646181
:10457000746120666F7220756E6B6E6F776E20634C
:1045800068616E6E656C204944203078253034783F
:1045900000636F6E6669670062745F6C326361709E
:1045A000004E6F20617661696C61626C65204154D8
:1045B0005420636F6E7465787420666F7220636F29
:1045C0006E6E202570004E6F20617661696C6162AD
:1045D0006C6520415454206368616E6E656C206682
:1045E0006F7220636F6E6E20257000415454204D11
:1045F00054552065786365656465642C206D617829
:104600002025752C2077616E74656420257A7500ED
:10461000556E61626C6520746F20637265617465AC
:1046200020555549443A2073697A6520257500550F
:104630006E61626C6520746F2063726561746520C1
:10464000555549443A2073697A65202564004154E0
:1046500054206368616E6E656C206E6F7420636FAA
:104660006E6E6563746564004572726F7220736963
:10467000676E696E6720646174610052616E206FBD
:104680007574206F66205458206275666665727373
:10469000206F7220636F6E74657874732E00476F9D
:1046A00074206572722025642C206E6F7420636103
:1046B0006C6C696E672041545420636200546F6FC4
:1046C00020736D616C6C204154542050445520720D
:1046D0006563656976656400556E68616E646C65D6
:1046E000642041545420636F646520307825303253
:1046F0007800496E76616C6964206C656E20257562
:1047000020666F7220636F646520307825303278C0
:10471000004E6F7420636F6E6E6563746564005540
:104720006E61626C6520746F2066696E642041540E
:1047300054206368616E6E656C004E6F2041545466
:10474000206368616E6E656C20666F72204D5455F3
:1047500020257A75004E6F2070656E64696E672043
:10476000415454207265717565737400415454202E
:1047700054696D656F757420666F72206465766923
:1047800063652025730062745F617474004E6F204E
:10479000737061636520746F2073746F726520435A
:1047A00043432063666700434D4143207570646155
:1047B0007465206661696C656400756E61626C6524
:1047C00020746F20736176652053433A206E6F200A
:1047D000636667206C656674004E6F20737061635A
:1047E0006520746F2073746F726520436C69656E09
:1047F0007420537570706F727465642046656174BF
:104800007572657300434D41432073657475702064
:104810006661696C656400434D41432066696E6959
:104820007368206661696C6564004C696E6B206911
:1048300073206E6F7420656E6372797074656400A6
:10484000446576696365206973206E6F74207375A3
:10485000627363726962656420746F206368617259
:1048600061637465726973746963004E6F20627569
:104870006666657220617661696C61626C65207440
:104880006F2073656E6420696E6469636174696F1B
:104890006E00434343202570206E6F742077726949
:1048A0007461626C6500534320726573746F726546
:1048B00020696E6469636174696F6E206661696CFA
:1048C0006564004E6F206275666665722061766170
:1048D000696C61626C6520746F2073656E64206E14
:1048E0006F74696669636174696F6E0062742F63C7
:1048F00063630062745F67617474004E6F20617659
:1049000061696C61626C6520534D5020636F6E74F9
:1049100065787420666F7220636F6E6E202570005C
:1049200062745F736D7000636C6F636B4034303022
:104930003030303030006866636C6B006C66636CDE
:104940006B00636C6F636B5F636F6E74726F6C0090
:1049500072616E646F6D40343030306430303000DE
:10496000656E74726F70795F62745F68636900630B
:10497000727970746F403530303261303030006998
:104980006E76616C696420616464726573733A2049
:1049900030782530386C783A257A7500756E616C00
:1049A00069676E656420616464726573733A203070
:1049B000782530386C783A257A75006E6F742077D8
:1049C0006F72642D616C69676E65643A203078257A
:1049D00030386C783A257A7500666C6173682D639F
:1049E0006F6E74726F6C6C6572403430303165304C
:1049F000303000666C6173685F6E72660067706964
:104A00006F403530303030333030006770696F4080
:104A1000353030303030303000536F667444657656
:104A200069636520436F6E74726F6C6C65722041B0
:104A300053534552543A2025732C20256400536F5C
:104A4000667444657669636520436F6E74726F6C3B
:104A50006C6572206275696C642072657669736931
:104A60006F6E3A2000456E74726F707920736F75A7
:104A700072636520646576696365206E6F74207269
:104A800065616479004661696C656420746F2072A9
:104A9000656769737465722072616E6420736F75E7
:104AA000726365202825642900416C6C6F63617412
:104AB0006564206D656D6F727920746F6F206C6F07
:104AC000773A202575203C202575004576656E7463
:104AD0002062756666657220746F6F20736D616CFD
:104AE0006C2E202575203E202575004E6F206576A2
:104AF000656E742062756666657220617661696CA8
:104B000061626C65004E6F2064617461206275663D
:104B100066657220617661696C61626C6500556ED4
:104B20006578706563746564206D73675F74797010
:104B3000653A2025752E20546869732069662D65B5
:104B40006C7365206E656564732061206E657720E7
:104B50006272616E63680062745F6863695F736448
:104B6000630062745F7364635F6863695F64726942
:104B70007665720062745F7364635F6372797074E8
:104B80006F007075626C6963206B657920697320B2
:104B90006E6F742076616C696420286572722025BE
:104BA000642900556E6B6E6F776E20636F6D6D615B
:104BB0006E64003F49F6D4A3C55F3874C9B3E3D22D
:104BC000103F504AFF607BEB40B7995899B8A6CD8B
:104BD0003C1ABD62745F7364635F65636468004D13
:104BE00050534C204153534552543A2025732C20A6
:104BF0002564004D50534C20576F726B006D7073DD
:104C00006C5F696E6974006D70736C5F74696D655B
:104C1000736C6F745F73657373696F6E5F6F7065CC
:104C20006E206661696C65643A20256400666C617B
:104C300073685F73796E635F6D70736C007065721B
:104C40006D0074657374004255473B2063616E27A5
:104C5000742068617070656E0072657665727400AC
:104C60005365636F6E6461727920696D6167652059
:104C70006F6620696D616765207061697220282503
:104C8000642E2920697320756E72656163686162A4
:104C90006C652E20547265617420697420617320E4
:104CA000656D70747900496D61676520696E646532
:104CB000783A2025642C20537761702074797065D0
:104CC0003A20257300496D61676520696E646578D7
:104CD0003A2025642C205377617020747970653AEE
:104CE000206E6F6E650004010403040204010401D8
:104CF00004030103030401046D6375626F6F745F45
:104D00007574696C000000000000010100000000E3
:104D10000000203030303030303030303030303003
:104D20003000015465726D696E616C000000000016
:104D30000000545452205245474745530001020297
:104D40000303030348616C74696E6720737973749D
:104D5000656D00556E6B6E6F776E206572726F7247
:104D6000003E3E3E205A455048595220464154414B
:104D70004C204552524F522025643A202573206F13
:104D80006E20435055202564004661756C74206484
:104D90007572696E6720696E7465727275707420C1
:104DA00068616E646C696E670A0043757272656E45
:104DB00074207468726561643A2025702028257318
:104DC000290043505520657863657074696F6E00E3
:104DD000556E68616E646C656420696E746572728C
:104DE00075707400537461636B206F766572666CC6
:104DF0006F77004B65726E656C206F6F7073004B40
:104E000065726E656C2070616E6963006D61696EBC
:104E1000006F7300737973776F726B7100FE2CF9FA
:104E20006A7F36222EA079C040BE2C032040C2F3F8
:104E30003200FFFFFFFF1F00647261676F6F6E2F0C
:104E40006C6962732F7363686564756C696E672F34
:104E50007372632F72656D5F68616C5F6576656EF6
:104E6000745F74696D65722E6300286E756C6C29B1
:104E7000002A666C6F61742A00000000FFFFFFFFCC
:104E8000FFFFFFFFFFFFFFFFFF1F00001F000000ED
:104E9000000000005D40000000000000FFFFFFFF79
:104EA0001F000000BAABBABA1010101000000000CA
:104EB0000080004000000000000000000C00000026
:104EC0000000000000FF7F00000000000000000064
:104ED00000000000000000000000000000000000D2
:104EE00065F30000000000002795010000000000AD
:104EF00005950100000000007DF3000000000000A7
:104F000047950100000000000000000000000000C4
:104F10000000000000000000000000000000000091
:104F20000000000000000000000000000000000081
:104F30000000000000000000000000000000000071
:104F40000000000000000000000000000000000061
:104F50000000000000000000000000000000000051
:104F60000000000000000000000000000000000041
:104F70000000000000000000000000000000000031
:104F80000000000000000000000000000000000021
:104F90000000000000000000000000000000000011
:104FA0000000000000000000000000000000000001
:104FB00000000000000000000000000000000000F1
:104FC00000000000000000000000000000000000E1
:104FD00000000000000000000000000000000000D1
:104FE00000000000000000000000000000000000C1
:104FF00000000000000000000000000000000000B1
:1050000000000000000000000000000000000000A0
:105010000000000000000000000000000000000090
:105020000000000000000000000000000000000080
:105030000000000000000000000000000000000070
:105040000000000000000000000000000000000060
:105050000000000000000000000000000000000050
:105060000000000000000000000000000000000040
:105070000000000000000000000000000000000030
:105080000000000000000000000000000000000020
:105090000000000000000000000000000000000010
:1050A0000000000000000000000000000000000000
:1050B00000000000000000000000000000000000F0
:1050C00000000000000000000000000000000000E0
:1050D00000000000000000000000000000000000D0
:1050E00000000000000000000000000000000000C0
:1050F00000000000000000000000000000000000B0
:10510000000000000000000000000000000000009F
:105110005007002033AE010039AE01003BAE010064
:1051200065AE01003FAE01006FAE010045AE01006B
:105130007BAE01004BAE010081AE01004DAE01001F
:105140005BAE01005FAE010051AE010057AE010041
:105150006BAE010075AE0100000000000000000011
:1051600069E10200000000000001000000000000F2
:10517000000000000000000000000000000000002F
:10518000000000000000000000000000000000001F
:10519000000000000000000000000000000000000F
:1051A00000000000000000000000000000000000FF
:1051B00000000000000000000000000000000000EF
:1051C00000000000000000000000000000000000DF
:1051D00000000000000000000000000000000000CF
:1051E00000000000000000000000000000000000BF
:1051F00000000000000000000000000000000000AF
:10520000000000000000000000000000000000009E
:10521000000000000000000000000000000000008E
:10522000000000000000000000000000000000007E
:10523000000000000000000000000000000000006E
:10524000000000000000000000000000000000005E
:1052500000000000650B02000000000000000000DC
:10526000000000000000000000000000000000003E
:10527000000000000000000000000000000000002E
:10528000000000000000000000000000000000001E
:10529000000000000000000000000000000000000E
:1052A00000000000000000000000000000000000FE
:1052B00000000000000000000000000000000000EE
:1052C00000000000000000000000000000000000DE
:1052D00000000000000000000000000000000000CE
:1052E00000000000000000000000000000000000BE
:1052F0000000000000000000A019030000000000F2
:10530000000000000000000000000000000000009D
:10531000F56A02000000000000010000000000002B
:10532000000000000000000000000000000000007D
:1053300000000000000000000000000095CD020009
:105340007BD40200B41F0300940C00203A0000003C
:10535000A80C00203A0000006C0C00203A0000006D
:10536000D00C00203A00000000000000ADDD02007B
:105370000000000000000000000000007820030092
:105380000600010019EB010000000000A820030046
:105390000700000055E102000000000000000000CE
:1053A0000000000081F1010000000000000000008A
:1053B000743603000000140000000000EFE6020055
:1053C000000000000000000000000000E1F9010002
:1053D0000000000000000000000000007D2102002D
:1053E000000000000000000000000000651B02003B
:1053F0000000000000000000340A0020340A0020F1
:105400000000000000000000552D02006D3C02006D
:10541000000000000000000000000000093402004D
:1054200011F302003DF20200492D020000000000CD
:1054300020280300000002002C28030000000A00BE
:105440003C280300000020000000000000000000D5
:1054500000000000000000009BF7020000000000B8
:1054600050280300000002005C2803000000020036
:105470006828030000000A0000000000000000008F
:10548000000000000000000000000000000000001C
:10549000000000000000000000000000000000000C
:1054A00000000000000000000000000000000000FC
:1054B00000000000000000000000000000000000EC
:1054C00000000000000000000000000000000000DC
:1054D00000000000000000000000000000000000CC
:1054E000000000000000000008000000FF000000B5
:1054F000000000000300000000000000380B002046
:10550000380B002000000000219A0200840B0020CC
:105510007C0B0020740B0020000000006C0B0020AE
:10552000E19B02002D9B0200619B0200A99B0200EF
:105530009C3F00203A00003AA03F00203A00003A89
:10554000A43F00203A00003AA83F00203A00003A69
:10555000F0440020980B0020580B0020500B002036
:105560004C0B0020480B002059A902004DA9020055
:1055700041A9020084AA6074528A8B86D34CB71D5D
:105580001DDC538D0600000000000000000000003C
:105590000000000000FFFFFF00000000000000000E
:1055A00000000000000000000000000000000000FB
:1055B00000000000000000000000000000000000EB
:1055C00000000000000000000000000000000000DB
:1055D000000000000000000000000000180C002087
:1055E000180C0020D8BD00200000000001000000C1
:1055F0002C00000000000000340C0020340C0020BF
:10560000808700200000000001000000B0000000C2
:1056100000000000500C0020500C002004BE0020B0
:105620000000000003000000100000000000000067
:105630006C0C00206C0C002000000000000000003A
:105640000E000000800C0020800C002000000000F4
:10565000000000000E000000940C0020940C0020BC
:1056600000000000000000000E000000A80C002058
:10567000A80C002000000000000000000E00000048
:10568000BC0C0020BC0C002000000000000000004A
:105690000E000000D00C0020D00C00200000000004
:1056A000000000000E000000E40C0020E40C0020CC
:1056B0000000000001000000F40C0020F40C0020A9
:1056C000FC0C0020FC0C002000000000FFFFFFFF8E
:1056D0000C0D00200C0D0020000000000000000058
:1056E0001C0D00201C0D0020240D0020240D002086
:1056F0000000000000000000340D0020340D0020E8
:105700003C0D00203C0D00200300030010000000B1
:105710000000000074220300E0B900200000000037
:1057200000000000600D0020600D0020680D0020CA
:10573000680D00200300030010000000F932020091
:105740001C23030060BD00200000000000000000DA
:105750008C0D00208C0D0020940D0020940D002055
:1057600003000300010000000000000058210300B6
:105770007CB400200000000000000000B80D0020F4
:10578000B80D0020C00D0020C00D00200100010058
:1057900010000000151A020064220300B8B60020B1
:1057A0000000000000000000E40D0020E40D0020D7
:1057B000EC0D0020EC0D00200200020001000000B2
:1057C000000000003022030080B60020000000002E
:1057D00000000000100E0020100E0020180E002007
:1057E000180E00200A000A00060000000000000059
:1057F00048210300B0B200200000000000000000BB
:105800003C0E00203C0E0020440E0020440E0020E0
:10581000040004000800000000000000E020030075
:1058200030A800200000000000000000680E0020EA
:10583000680E0020700E0020700E00200100010094
:10584000010000000000000068210300D4B5002022
:1058500015E015E00769980010002000B2F0601014
:10586000A243107112390BEFC73FD2D49852CA0528
:105870009831540D986D211E4FD307C601002000AA
:105880000E525DEDAA7F50FB38D3C8F1792CACAA3B
:1058900020F70204AA46EF6B50D720479C6EF5A272
:1058A0002200480030460221008F7D9C27F9F1EB51
:1058B0008AC9EF8B1808909491CDC3E8477A87295D
:1058C00016ED359EECE557B8B2022100B6D49E3CE9
:1058D000E17EF491DBEDEDD12C7B9F8A0CFDE4762B
:0C58E00082FD3761E24C1102D284EB5CC7
:00000001FF
