case_id,layout_name,ID,frame_index,d_tag_mm,residual_rms_mm,anchors_input
production_v4io_joint,production_v4io,ID01,0,28.95637686066287,64.09851890244019,8
production_v4io_joint,production_v4io,ID01,20,1.0262752397213006,69.057924590448,7
production_v4io_joint,production_v4io,ID01,40,13.425381219752467,90.71961946217363,8
production_v4io_joint,production_v4io,ID01,60,33.86542091950584,80.65915452924872,8
production_v4io_joint,production_v4io,ID01,80,-18.230630582101533,55.495083570314144,8
production_v4io_joint,production_v4io,ID01,100,10.84171312195172,87.1366589466499,8
production_v4io_joint,production_v4io,ID01,120,34.89142328847157,68.55195723977187,8
production_v4io_joint,production_v4io,ID01,140,-4.56314086133078,171.20107984258593,8
production_v4io_joint,production_v4io,ID01,160,15.884602018251845,69.80048716149427,8
production_v4io_joint,production_v4io,ID01,180,38.013192506940534,71.71686442009418,8
production_v4io_joint,production_v4io,ID01,200,28.302280251666666,167.31373313023073,8
production_v4io_joint,production_v4io,ID01,220,6.296913853743847,49.91903633853166,8
production_v4io_joint,production_v4io,ID01,240,-10.629994717530133,84.19394553181613,8
production_v4io_joint,production_v4io,ID01,260,3.7547421720089074,180.66040633759107,8
production_v4io_joint,production_v4io,ID01,280,-3.124095561755474,79.91758466227519,8
production_v4io_joint,production_v4io,ID01,300,18.656519913277073,75.36621312219327,8
production_v4io_joint,production_v4io,ID01,320,31.0277582454386,82.40259060826294,7
production_v4io_joint,production_v4io,ID01,340,15.19193836356134,77.43946390603068,8
production_v4io_joint,production_v4io,ID01,360,38.02121758716671,90.77801425923673,8
production_v4io_joint,production_v4io,ID01,380,46.817778484300334,62.355752831688754,8
production_v4io_joint,production_v4io,ID01,400,24.411971447931208,77.79106483196448,8
production_v4io_joint,production_v4io,ID01,420,39.29928350503588,76.72577902885625,8
production_v4io_joint,production_v4io,ID01,440,58.904603835896914,59.46659225641771,8
production_v4io_joint,production_v4io,ID01,460,11.66547115710121,71.25591466271452,8
production_v4io_joint,production_v4io,ID01,480,19.67163035668964,89.63951293032967,8
production_v4io_joint,production_v4io,ID01,500,24.2903218927648,82.37261898159936,7
production_v4io_joint,production_v4io,ID01,520,0.732173939502663,93.3296960332021,8
production_v4io_joint,production_v4io,ID01,540,30.493412313949616,58.249554267505516,8
production_v4io_joint,production_v4io,ID01,560,12.309883606356298,68.43438034255581,8
production_v4io_joint,production_v4io,ID01,580,32.51495666927991,62.40336786543835,8
production_v4io_joint,production_v4io,ID01,600,11.251828165725827,89.11749684253307,8
production_v4io_joint,production_v4io,ID01,620,-4.791739170151375,77.17108811683646,8
production_v4io_joint,production_v4io,ID01,640,24.936586894427307,58.88360658571707,8
production_v4io_joint,production_v4io,ID01,660,-20.742605768030778,73.47648228457109,8
production_v4io_joint,production_v4io,ID01,680,6.919879218308894,83.2047293622568,8
production_v4io_joint,production_v4io,ID01,700,22.614242913103645,86.03930092701394,8
production_v4io_joint,production_v4io,ID01,720,42.17713484758378,102.05904465565759,8
production_v4io_joint,production_v4io,ID01,740,32.92516803364622,80.55061437921022,8
production_v4io_joint,production_v4io,ID01,760,7.291838521910715,64.31145075116454,8
production_v4io_joint,production_v4io,ID01,780,25.11823540771819,59.69644995089273,8
production_v4io_joint,production_v4io,ID01,800,-0.18333520921218005,67.9116246365872,8
production_v4io_joint,production_v4io,ID01,820,26.03150130968685,87.06521170006249,8
production_v4io_joint,production_v4io,ID01,840,26.69362478533671,154.98078389486008,8
production_v4io_joint,production_v4io,ID01,860,49.98472197728162,75.1944524956706,8
production_v4io_joint,production_v4io,ID01,880,25.539764520353227,80.73971741335335,8
production_v4io_joint,production_v4io,ID01,900,-16.43001473225325,96.6508925257747,7
production_v4io_joint,production_v4io,ID01,920,50.23182301730871,74.48066333113266,8
production_v4io_joint,production_v4io,ID01,940,20.192926363468295,68.7418779062392,8
production_v4io_joint,production_v4io,ID01,960,0.08453667354921238,146.92617322499748,8
production_v4io_joint,production_v4io,ID01,980,-3.4239726758204583,76.8791846137862,8
production_v4io_joint,production_v4io,ID01,1000,8.201170607294499,84.73251650864248,8
production_v4io_joint,production_v4io,ID01,1020,9.001292434649901,96.05583064793674,8
production_v4io_joint,production_v4io,ID01,1040,16.575441226715835,81.93594668638235,8
production_v4io_joint,production_v4io,ID01,1060,-0.24414477851412333,66.25566616843236,8
production_v4io_joint,production_v4io,ID01,1080,52.958226140665296,78.31432873517194,8
production_v4io_joint,production_v4io,ID01,1100,39.13125987447029,87.18670204455896,8
production_v4io_joint,production_v4io,ID01,1120,54.02931653248973,80.14736871486632,8
production_v4io_joint,production_v4io,ID01,1140,19.11212507594245,67.19094419326494,8
production_v4io_joint,production_v4io,ID01,1160,32.09577836425215,85.31044896727249,8
production_v4io_joint,production_v4io,ID01,1180,10.429389823062905,70.00210386351719,8
production_v4io_joint,production_v4io,ID01,1200,10.712827832532835,179.76618117538956,8
production_v4io_joint,production_v4io,ID02,0,25.96897159421347,42.30841891278146,8
production_v4io_joint,production_v4io,ID02,20,8.662475548284089,42.480782872481264,8
production_v4io_joint,production_v4io,ID02,40,41.42330970934255,177.2223826978137,8
production_v4io_joint,production_v4io,ID02,60,-2.6876131400179735,62.077606179019554,8
production_v4io_joint,production_v4io,ID02,80,-3.5472279882884776,53.45523118355974,8
production_v4io_joint,production_v4io,ID02,100,-7.883583006212711,38.95303378579085,8
production_v4io_joint,production_v4io,ID02,120,2.6930565222413896,41.99302147706078,8
production_v4io_joint,production_v4io,ID02,140,11.691119362918284,85.48318553992534,8
production_v4io_joint,production_v4io,ID02,160,17.841004293737434,52.374100668951556,8
production_v4io_joint,production_v4io,ID02,180,5.196911163407081,33.78636996719004,8
production_v4io_joint,production_v4io,ID02,200,29.428711753898064,35.20364576280169,8
production_v4io_joint,production_v4io,ID02,220,20.478022550348236,34.310615911614484,8
production_v4io_joint,production_v4io,ID02,240,31.85742555448714,50.44106595097234,8
production_v4io_joint,production_v4io,ID02,260,-9.932012044987747,63.38120593322955,8
production_v4io_joint,production_v4io,ID02,280,11.795311966839858,134.38890179041127,8
production_v4io_joint,production_v4io,ID02,300,27.73532604401383,42.11121244650284,8
production_v4io_joint,production_v4io,ID02,320,3.3426419537105883,46.31604212596645,8
production_v4io_joint,production_v4io,ID02,340,9.95738465787435,63.59565786612455,8
production_v4io_joint,production_v4io,ID02,360,27.15568855762256,60.59037304555253,8
production_v4io_joint,production_v4io,ID02,380,0.019996652021025248,35.367089538270136,8
production_v4io_joint,production_v4io,ID02,400,27.687262034248896,57.46821273844495,8
production_v4io_joint,production_v4io,ID02,420,31.790408992644082,43.996384612813785,8
production_v4io_joint,production_v4io,ID02,440,14.672283678634951,50.707666408434775,8
production_v4io_joint,production_v4io,ID02,460,10.984611924118864,54.00872783061199,8
production_v4io_joint,production_v4io,ID02,480,3.583114280449928,50.05949943747346,8
production_v4io_joint,production_v4io,ID02,500,27.06443812663437,30.625305918337787,8
production_v4io_joint,production_v4io,ID02,520,21.005665601923038,50.27508243252701,8
production_v4io_joint,production_v4io,ID02,540,27.824824159182693,35.155441843906566,8
production_v4io_joint,production_v4io,ID02,560,31.90612979403971,153.33584830370899,8
production_v4io_joint,production_v4io,ID02,580,11.39974342085351,47.88220639788063,8
production_v4io_joint,production_v4io,ID02,600,14.14597504145169,51.728939973475995,8
production_v4io_joint,production_v4io,ID02,620,30.61952647067596,41.26595721537859,8
production_v4io_joint,production_v4io,ID02,640,11.67794828590791,50.026887118912434,8
production_v4io_joint,production_v4io,ID02,660,6.723861175475601,33.611807369987126,8
production_v4io_joint,production_v4io,ID02,680,12.605288969756083,62.34849983323905,8
production_v4io_joint,production_v4io,ID02,700,3.6968464187167847,44.52124684055045,8
production_v4io_joint,production_v4io,ID02,720,25.460052506316636,78.45942382415082,8
production_v4io_joint,production_v4io,ID02,740,72.73275349428341,112.11854330794434,8
production_v4io_joint,production_v4io,ID02,760,22.631900543436675,30.558772879057233,8
production_v4io_joint,production_v4io,ID02,780,20.755307948086212,70.6772372544284,8
production_v4io_joint,production_v4io,ID02,800,-9.002013612182132,52.30361929643699,7
production_v4io_joint,production_v4io,ID02,820,19.378579653290146,45.86963559817167,8
production_v4io_joint,production_v4io,ID02,840,17.62463693313956,82.62301565389278,8
production_v4io_joint,production_v4io,ID02,860,25.90041675875373,40.07933940366819,8
production_v4io_joint,production_v4io,ID02,880,19.70058817792962,46.430162051389665,8
production_v4io_joint,production_v4io,ID02,900,5.639401355744666,25.595578223113726,8
production_v4io_joint,production_v4io,ID02,920,27.586766779714395,65.78016412192858,8
production_v4io_joint,production_v4io,ID02,940,25.4364154933181,44.09464016638942,8
production_v4io_joint,production_v4io,ID02,960,19.613998833567365,47.22942096271537,8
production_v4io_joint,production_v4io,ID02,980,27.41533105693209,43.271457384493,8
production_v4io_joint,production_v4io,ID02,1000,16.18072569383319,42.85833364996531,8
production_v4io_joint,production_v4io,ID02,1020,-3.6901220330104456,50.281409873877706,8
production_v4io_joint,production_v4io,ID02,1040,21.767457734171348,161.93995019906566,8
production_v4io_joint,production_v4io,ID02,1060,28.726796750678083,44.169175136180236,8
production_v4io_joint,production_v4io,ID02,1080,15.31707413652436,38.00663088321245,8
production_v4io_joint,production_v4io,ID02,1100,16.41352092254039,48.79452108170642,8
production_v4io_joint,production_v4io,ID02,1120,17.952826989650543,74.6613077594775,8
production_v4io_joint,production_v4io,ID02,1140,29.127430007244868,147.5240848045135,8
production_v4io_joint,production_v4io,ID02,1160,4.0983936964264105,47.05257661968713,8
production_v4io_joint,production_v4io,ID02,1180,21.03686218277117,61.98997660825296,8
production_v4io_joint,production_v4io,ID02,1200,19.607495924539265,86.58064423004262,8
production_v4io_joint,production_v4io,ID03,0,10.674573550794214,125.07250376591678,8
production_v4io_joint,production_v4io,ID03,20,44.247830536901475,137.7186522785516,8
production_v4io_joint,production_v4io,ID03,40,23.64166351506798,121.84478504499056,8
production_v4io_joint,production_v4io,ID03,60,44.968265463158886,134.72461310568215,8
production_v4io_joint,production_v4io,ID03,80,41.0364200142813,127.15408400994518,8
production_v4io_joint,production_v4io,ID03,100,178.592485972583,202.30136499662234,8
production_v4io_joint,production_v4io,ID03,120,38.62977369983638,118.63467414710824,8
production_v4io_joint,production_v4io,ID03,140,17.787089741644802,142.43333837562054,8
production_v4io_joint,production_v4io,ID03,160,23.039027727598658,132.51743266036115,8
production_v4io_joint,production_v4io,ID03,180,0.08786097132600657,120.28535738667742,8
production_v4io_joint,production_v4io,ID03,200,-5.883684821732627,123.14604192874222,8
production_v4io_joint,production_v4io,ID03,220,63.903024213070125,183.7109798571389,8
production_v4io_joint,production_v4io,ID03,240,19.530313722932995,121.48272624705979,8
production_v4io_joint,production_v4io,ID03,260,38.04883919531625,121.15740707258729,8
production_v4io_joint,production_v4io,ID03,280,93.07199123481553,164.90554453588018,8
production_v4io_joint,production_v4io,ID03,300,48.72661856131453,130.29014269895103,8
production_v4io_joint,production_v4io,ID03,320,20.620796851437653,124.31576084455519,8
production_v4io_joint,production_v4io,ID03,340,2.197320318292114,132.7582171408048,8
production_v4io_joint,production_v4io,ID03,360,-9.008976809872108,95.87677200260143,8
production_v4io_joint,production_v4io,ID03,380,46.25946200956028,113.27240745414343,8
production_v4io_joint,production_v4io,ID03,400,28.305747110779112,120.14357832918255,8
production_v4io_joint,production_v4io,ID03,420,18.89643738727536,114.60553371101489,8
production_v4io_joint,production_v4io,ID03,440,21.99464774037304,121.58830169913236,8
production_v4io_joint,production_v4io,ID03,460,62.42968304644006,121.215092821648,8
production_v4io_joint,production_v4io,ID03,480,2.712582322546986,116.21255237287771,8
production_v4io_joint,production_v4io,ID03,500,34.69872321435157,142.86121903010766,8
production_v4io_joint,production_v4io,ID03,520,41.77564190679748,119.25705383652434,8
production_v4io_joint,production_v4io,ID03,540,-1.2863439726309667,114.31244103782139,8
production_v4io_joint,production_v4io,ID03,560,-4.3517951211180605,124.40819639113333,8
production_v4io_joint,production_v4io,ID03,580,20.34908280630065,131.0443330107071,8
production_v4io_joint,production_v4io,ID03,600,24.081224016210843,139.53542249934114,8
production_v4io_joint,production_v4io,ID03,620,187.5285786112817,165.61564460359054,8
production_v4io_joint,production_v4io,ID03,640,18.320050964138478,139.80073778133863,8
production_v4io_joint,production_v4io,ID03,660,11.899564350841796,144.7920386577053,8
production_v4io_joint,production_v4io,ID03,680,47.1101510787191,111.53382151434455,8
production_v4io_joint,production_v4io,ID03,700,16.861578455416307,124.74600821825668,8
production_v4io_joint,production_v4io,ID03,720,11.672673150081826,124.82399545576455,8
production_v4io_joint,production_v4io,ID03,740,1.6030544498997028,122.81899578458307,8
production_v4io_joint,production_v4io,ID03,760,48.529408926585226,147.81326766103095,8
production_v4io_joint,production_v4io,ID03,780,31.360599671205673,124.72829395295302,8
production_v4io_joint,production_v4io,ID03,800,-2.552431521243127,181.12622436245545,8
production_v4io_joint,production_v4io,ID03,820,17.319794256876087,135.2251182054266,8
production_v4io_joint,production_v4io,ID03,840,14.683655437874297,124.01132699350975,8
production_v4io_joint,production_v4io,ID03,860,70.66259827045931,161.6230261053064,8
production_v4io_joint,production_v4io,ID03,880,15.14512298940687,137.96611893114715,8
production_v4io_joint,production_v4io,ID03,900,46.29613329777482,134.4475642535471,8
production_v4io_joint,production_v4io,ID03,920,75.177833264769,149.8393298779901,7
production_v4io_joint,production_v4io,ID03,940,35.57814739321605,133.41088836008655,8
production_v4io_joint,production_v4io,ID03,960,67.93731956626922,102.04086555750031,8
production_v4io_joint,production_v4io,ID03,980,-2.715371108583441,121.28105467977049,8
production_v4io_joint,production_v4io,ID03,1000,21.518897047575642,151.86980853638497,8
production_v4io_joint,production_v4io,ID03,1020,26.877908925879595,122.27126732295407,8
production_v4io_joint,production_v4io,ID03,1040,34.11181455403844,127.63036204620765,8
production_v4io_joint,production_v4io,ID03,1060,8.70532776518844,128.06127965285282,8
production_v4io_joint,production_v4io,ID03,1080,6.774805139276712,142.83162291731355,8
production_v4io_joint,production_v4io,ID03,1100,-16.600122850614206,125.50242960264133,8
production_v4io_joint,production_v4io,ID03,1120,44.87223252378475,137.1345894391218,8
production_v4io_joint,production_v4io,ID03,1140,23.913690242820447,144.51545765908085,8
production_v4io_joint,production_v4io,ID03,1160,25.19990436600287,128.56470725165798,8
production_v4io_joint,production_v4io,ID03,1180,29.69852851658103,126.4226481297534,8
production_v4io_joint,production_v4io,ID03,1200,200.9368493783791,188.4279403845103,8
production_v4io_joint,production_v4io,ID04,0,65.84310364662865,83.11884322360257,8
production_v4io_joint,production_v4io,ID04,20,51.3156134926289,89.71074298976414,8
production_v4io_joint,production_v4io,ID04,40,17.787048854507102,78.19273729811849,8
production_v4io_joint,production_v4io,ID04,60,62.644089809134165,89.86572573029329,8
production_v4io_joint,production_v4io,ID04,80,56.29861064236287,62.51930628035807,8
production_v4io_joint,production_v4io,ID04,100,58.610911058343085,72.82719106786699,8
production_v4io_joint,production_v4io,ID04,120,51.85885039308143,78.80136707616538,8
production_v4io_joint,production_v4io,ID04,140,29.11326376904244,76.54397782306152,8
production_v4io_joint,production_v4io,ID04,160,58.911609684467116,77.40741233810378,8
production_v4io_joint,production_v4io,ID04,180,34.61627207662581,71.65185406711424,8
production_v4io_joint,production_v4io,ID04,200,50.759801298190716,60.046708980919895,8
production_v4io_joint,production_v4io,ID04,220,32.58610433779193,98.42175739670587,8
production_v4io_joint,production_v4io,ID04,240,36.68602583380271,66.33293157227418,8
production_v4io_joint,production_v4io,ID04,260,60.613442757851224,58.23533751803803,8
production_v4io_joint,production_v4io,ID04,280,72.73718169926155,111.26618496597283,8
production_v4io_joint,production_v4io,ID04,300,39.483629667372206,83.03110652702308,8
production_v4io_joint,production_v4io,ID04,320,50.94135887373864,69.57311282935432,8
production_v4io_joint,production_v4io,ID04,340,63.62401231728869,81.70110642907156,8
production_v4io_joint,production_v4io,ID04,360,69.4658382130389,66.42408529066776,8
production_v4io_joint,production_v4io,ID04,380,43.98479813099686,63.89744765462005,8
production_v4io_joint,production_v4io,ID04,400,43.58638764680843,91.56528489353735,8
production_v4io_joint,production_v4io,ID04,420,32.33249359208312,60.20144197398379,8
production_v4io_joint,production_v4io,ID04,440,24.5761780525273,58.592162012617,8
production_v4io_joint,production_v4io,ID04,460,50.47635578011398,80.46628372823031,8
production_v4io_joint,production_v4io,ID04,480,32.46711729702926,74.4940013758977,8
production_v4io_joint,production_v4io,ID04,500,59.18524316030612,227.02456355832382,8
production_v4io_joint,production_v4io,ID04,520,36.56410454564835,90.57626063597966,8
production_v4io_joint,production_v4io,ID04,540,66.5387849125278,74.72775294409121,8
production_v4io_joint,production_v4io,ID04,560,40.96966324086489,45.04492624167815,7
production_v4io_joint,production_v4io,ID04,580,52.48569825535483,68.64640416515697,8
production_v4io_joint,production_v4io,ID04,600,34.08183668935478,88.11853428767839,8
production_v4io_joint,production_v4io,ID04,620,64.4136008531388,85.91830337295022,8
production_v4io_joint,production_v4io,ID04,640,42.48586877974986,75.48645806218265,8
production_v4io_joint,production_v4io,ID04,660,62.42861372843148,71.69638840555639,8
production_v4io_joint,production_v4io,ID04,680,47.64417352150305,75.67515563350011,8
production_v4io_joint,production_v4io,ID04,700,27.2201574170349,83.56405405338512,8
production_v4io_joint,production_v4io,ID04,720,45.167687447980704,75.83511224593629,8
production_v4io_joint,production_v4io,ID04,740,41.822687165390775,124.16333393121573,8
production_v4io_joint,production_v4io,ID04,760,56.822982707462444,78.11580063099794,8
production_v4io_joint,production_v4io,ID04,780,63.48540269253181,100.70825891536893,8
production_v4io_joint,production_v4io,ID04,800,52.55526782186314,113.62645686691354,8
production_v4io_joint,production_v4io,ID04,820,47.857004733412865,68.31163512024611,8
production_v4io_joint,production_v4io,ID04,840,57.84838040735829,71.14107565774918,8
production_v4io_joint,production_v4io,ID04,860,31.964735400073994,68.87615316457955,7
production_v4io_joint,production_v4io,ID04,880,64.04704105628916,81.04705727836718,8
production_v4io_joint,production_v4io,ID04,900,50.3790036163274,89.03811427788742,8
production_v4io_joint,production_v4io,ID04,920,94.30089649681946,105.86956346785215,8
production_v4io_joint,production_v4io,ID04,940,63.90002306516323,87.16725853665572,8
production_v4io_joint,production_v4io,ID04,960,44.39559925347026,65.44111083870965,8
production_v4io_joint,production_v4io,ID04,980,50.464443490397024,93.25823268594242,8
production_v4io_joint,production_v4io,ID04,1000,46.51462486449952,71.22686194819603,8
production_v4io_joint,production_v4io,ID04,1020,81.15183064795707,64.5609082883408,8
production_v4io_joint,production_v4io,ID04,1040,46.06335199074306,73.26211165287872,8
production_v4io_joint,production_v4io,ID04,1060,36.33238068097039,60.991501842890656,8
production_v4io_joint,production_v4io,ID04,1080,19.061270732338247,87.13855663051858,8
production_v4io_joint,production_v4io,ID04,1100,56.89617169612518,101.28765721998947,7
production_v4io_joint,production_v4io,ID04,1120,71.89296819322564,61.38660766904575,8
production_v4io_joint,production_v4io,ID04,1140,36.270485437817044,56.42488546716579,8
production_v4io_joint,production_v4io,ID04,1160,48.986052198114415,51.70092577723488,8
production_v4io_joint,production_v4io,ID04,1180,48.976538757483524,80.17222416222624,8
production_v4io_joint,production_v4io,ID04,1200,35.28608311120638,218.98857807966937,8
production_v4io_joint,production_v4io,ID05,0,48.01587383148596,130.7529345827394,8
production_v4io_joint,production_v4io,ID05,20,39.969950155195306,124.77182855142561,8
production_v4io_joint,production_v4io,ID05,40,18.18036068660214,158.62178971068371,8
production_v4io_joint,production_v4io,ID05,60,29.27738218180265,142.46747760140707,8
production_v4io_joint,production_v4io,ID05,80,43.10344078929035,139.1246343187843,8
production_v4io_joint,production_v4io,ID05,100,32.09415689915278,158.56731868120724,7
production_v4io_joint,production_v4io,ID05,120,58.93178677755514,144.91357264778006,8
production_v4io_joint,production_v4io,ID05,140,47.08474545936515,64.1668293618844,8
production_v4io_joint,production_v4io,ID05,160,51.610029066445016,160.10055072707897,8
production_v4io_joint,production_v4io,ID05,180,32.77081525705964,139.41853888035266,8
production_v4io_joint,production_v4io,ID05,200,40.558334222042795,120.68843305402333,8
production_v4io_joint,production_v4io,ID05,220,46.24757787402305,136.2998519780697,8
production_v4io_joint,production_v4io,ID05,240,45.17322532982714,131.52216260134196,8
production_v4io_joint,production_v4io,ID05,260,35.088925669202155,161.19238160902188,8
production_v4io_joint,production_v4io,ID05,280,78.92308466059625,237.61095267854998,8
production_v4io_joint,production_v4io,ID05,300,57.939923397012265,130.82581270011895,8
production_v4io_joint,production_v4io,ID05,320,47.0623166614728,144.9385811477522,8
production_v4io_joint,production_v4io,ID05,340,16.249146994602032,153.65985599405414,7
production_v4io_joint,production_v4io,ID05,360,27.879149952294604,139.54824123310584,8
production_v4io_joint,production_v4io,ID05,380,48.16162660335918,150.08074696182928,8
production_v4io_joint,production_v4io,ID05,400,38.329934193214854,153.8566475911298,7
production_v4io_joint,production_v4io,ID05,420,39.54592397788415,130.66992899099768,8
production_v4io_joint,production_v4io,ID05,440,30.556758457195663,157.62035437684548,8
production_v4io_joint,production_v4io,ID05,460,53.70859423065313,63.32015191875718,8
production_v4io_joint,production_v4io,ID05,480,46.70356345243991,152.11626297714275,8
production_v4io_joint,production_v4io,ID05,500,30.958601701768945,134.80620075838328,8
production_v4io_joint,production_v4io,ID05,520,53.62509096562686,157.4118953962878,8
production_v4io_joint,production_v4io,ID05,540,46.5850307137398,166.07896489443087,8
production_v4io_joint,production_v4io,ID05,560,41.247141678565484,133.05783036992926,8
production_v4io_joint,production_v4io,ID05,580,25.356507449981088,155.28818620921905,8
production_v4io_joint,production_v4io,ID05,600,15.521008643538991,141.4918359730789,8
production_v4io_joint,production_v4io,ID05,620,28.802719559272482,78.68636794521032,8
production_v4io_joint,production_v4io,ID05,640,43.851957032376156,143.11183253429428,8
production_v4io_joint,production_v4io,ID05,660,34.4376928253984,109.22770420801294,8
production_v4io_joint,production_v4io,ID05,680,98.01942034228242,128.6457637280139,6
production_v4io_joint,production_v4io,ID05,700,27.388283980700933,147.01678781665495,8
production_v4io_joint,production_v4io,ID05,720,46.32698330085725,118.32341270899772,8
production_v4io_joint,production_v4io,ID05,740,173.22666521310944,158.7295441232562,8
production_v4io_joint,production_v4io,ID05,760,29.82949044166363,150.08307943380203,8
production_v4io_joint,production_v4io,ID05,780,38.080195740620944,143.65363765804452,8
production_v4io_joint,production_v4io,ID05,800,169.83032682459967,162.45118310244257,8
production_v4io_joint,production_v4io,ID05,820,40.904681022953426,142.23600819906667,8
production_v4io_joint,production_v4io,ID05,840,51.26896410234897,127.58752240841136,8
production_v4io_joint,production_v4io,ID05,860,65.36488935229787,125.85895971268755,8
production_v4io_joint,production_v4io,ID05,880,37.90156229881496,149.58585272093984,8
production_v4io_joint,production_v4io,ID05,900,67.52882993558777,121.1359442626398,8
production_v4io_joint,production_v4io,ID05,920,29.51047389236417,129.464363898396,8
production_v4io_joint,production_v4io,ID05,940,56.21833592086677,117.23363190456358,8
production_v4io_joint,production_v4io,ID05,960,33.58090117640143,136.63169581805948,8
production_v4io_joint,production_v4io,ID05,980,67.51753083592187,191.40405882740998,8
production_v4io_joint,production_v4io,ID05,1000,49.74636714838683,122.96400637416566,8
production_v4io_joint,production_v4io,ID05,1020,23.853909037686634,128.24996801263927,8
production_v4io_joint,production_v4io,ID05,1040,48.01589946435235,175.63449202688096,7
production_v4io_joint,production_v4io,ID05,1060,44.11912158663455,137.45675885444996,8
production_v4io_joint,production_v4io,ID05,1080,40.307081671737485,122.70574053762566,8
production_v4io_joint,production_v4io,ID05,1100,36.31509378350744,29.408357454250535,7
production_v4io_joint,production_v4io,ID05,1120,58.14148186029423,116.78115071923129,8
production_v4io_joint,production_v4io,ID05,1140,46.48516026902839,131.02325856753916,8
production_v4io_joint,production_v4io,ID05,1160,67.67625533086807,141.23611561101072,8
production_v4io_joint,production_v4io,ID05,1180,32.919154742591836,158.2227681729852,8
production_v4io_joint,production_v4io,ID06,0,99.6627946001268,65.98212936326524,8
production_v4io_joint,production_v4io,ID06,20,43.57015106716144,73.8895878693676,8
production_v4io_joint,production_v4io,ID06,40,60.971845317269235,53.048394830054136,8
production_v4io_joint,production_v4io,ID06,60,70.62436165381486,70.65380164651731,8
production_v4io_joint,production_v4io,ID06,80,93.92614370977499,66.05523531131954,8
production_v4io_joint,production_v4io,ID06,100,60.77805134825385,66.73539543085658,8
production_v4io_joint,production_v4io,ID06,120,74.84330443243,79.53373489374272,8
production_v4io_joint,production_v4io,ID06,140,191.2148989301915,123.93683050432341,8
production_v4io_joint,production_v4io,ID06,160,69.52944439466133,74.82495900928487,8
production_v4io_joint,production_v4io,ID06,180,66.77884786132724,75.20547832038042,8
production_v4io_joint,production_v4io,ID06,200,99.08438668891264,59.25867274090893,8
production_v4io_joint,production_v4io,ID06,220,83.79343004495175,88.26804629838759,8
production_v4io_joint,production_v4io,ID06,240,89.66754642708568,79.03665128988409,8
production_v4io_joint,production_v4io,ID06,260,91.57984542300966,60.59282468340429,8
production_v4io_joint,production_v4io,ID06,280,61.73184006147999,76.27318572049204,8
production_v4io_joint,production_v4io,ID06,300,105.20643649449157,85.6829873100876,8
production_v4io_joint,production_v4io,ID06,320,188.84778368985374,101.89518553583854,8
production_v4io_joint,production_v4io,ID06,340,94.87960696797177,68.18311483341415,8
production_v4io_joint,production_v4io,ID06,360,69.01198287372692,80.55622569879779,8
production_v4io_joint,production_v4io,ID06,380,173.84487445303665,110.63072259063533,8
production_v4io_joint,production_v4io,ID06,400,104.31894277475837,76.94582535348583,8
production_v4io_joint,production_v4io,ID06,420,123.6170889014494,71.5379700497929,8
production_v4io_joint,production_v4io,ID06,440,68.9604247688304,90.03429640292639,7
production_v4io_joint,production_v4io,ID06,460,62.527702517675344,68.35679637080541,8
production_v4io_joint,production_v4io,ID06,480,81.21640295445087,77.3955038521518,8
production_v4io_joint,production_v4io,ID06,500,98.42196886951871,74.76050763881784,8
production_v4io_joint,production_v4io,ID06,520,71.04167702464581,67.1696026738249,8
production_v4io_joint,production_v4io,ID06,540,79.53705746343219,61.03292900991825,8
production_v4io_joint,production_v4io,ID06,560,108.27292213490351,57.651317890233045,8
production_v4io_joint,production_v4io,ID06,580,67.03245063359036,77.39923418707019,8
production_v4io_joint,production_v4io,ID06,600,83.262776921224,71.073043583293,8
production_v4io_joint,production_v4io,ID06,620,118.66926227051462,79.16653194139762,7
production_v4io_joint,production_v4io,ID06,640,110.10578862207078,65.03946858209471,8
production_v4io_joint,production_v4io,ID06,660,214.4350625255541,126.5855557183426,8
production_v4io_joint,production_v4io,ID06,680,109.92768818811814,65.36296511772751,8
production_v4io_joint,production_v4io,ID06,700,96.98370485163657,70.53134800067237,8
production_v4io_joint,production_v4io,ID06,720,213.25209759530054,134.17347270146672,8
production_v4io_joint,production_v4io,ID06,740,103.50148908307439,71.20743749269118,8
production_v4io_joint,production_v4io,ID06,760,82.37106563387056,59.06244278753962,8
production_v4io_joint,production_v4io,ID06,780,92.27515608962065,87.85535239285642,8
production_v4io_joint,production_v4io,ID06,800,83.0888098358602,68.10590888149275,8
production_v4io_joint,production_v4io,ID06,820,94.06179932785335,74.98548622551067,8
production_v4io_joint,production_v4io,ID06,840,91.61660807364876,83.92906809681163,8
production_v4io_joint,production_v4io,ID06,860,66.10834901800894,75.59738619406636,8
production_v4io_joint,production_v4io,ID06,880,82.80970567252669,81.54140547564242,8
production_v4io_joint,production_v4io,ID06,900,225.98561260560547,119.7106428060239,8
production_v4io_joint,production_v4io,ID06,920,80.53939863977023,66.02211373334609,8
production_v4io_joint,production_v4io,ID06,940,92.11384021637981,60.65366141105283,8
production_v4io_joint,production_v4io,ID06,960,183.9211487730107,138.53137162527744,8
production_v4io_joint,production_v4io,ID06,980,83.2912831813805,63.766939499097674,8
production_v4io_joint,production_v4io,ID06,1000,109.62135885811882,68.45730236567356,8
production_v4io_joint,production_v4io,ID06,1020,97.00041255998649,67.03679632785337,8
production_v4io_joint,production_v4io,ID06,1040,91.40246271583636,65.69559359589886,8
production_v4io_joint,production_v4io,ID06,1060,77.408758140348,59.90103390871685,8
production_v4io_joint,production_v4io,ID06,1080,74.81851374821332,82.11185599434108,8
production_v4io_joint,production_v4io,ID06,1100,99.99187288150273,59.3076650388674,8
production_v4io_joint,production_v4io,ID06,1120,55.848240098396644,65.32347259616031,8
production_v4io_joint,production_v4io,ID06,1140,90.58959501249723,62.137154112360015,8
production_v4io_joint,production_v4io,ID06,1160,88.97545521396715,49.92107324987017,8
production_v4io_joint,production_v4io,ID06,1180,72.40177461232285,68.01970591949224,8
production_v4io_joint,production_v4io,ID06,1200,109.6453500803612,75.31623244418842,7
production_v4io_joint,production_v4io,ID07,0,-36.579326686537826,66.07202723492767,8
production_v4io_joint,production_v4io,ID07,20,-28.988293143081965,82.5944648048985,8
production_v4io_joint,production_v4io,ID07,40,-74.84389132653634,80.13060755763883,8
production_v4io_joint,production_v4io,ID07,60,-15.322009487083484,74.12181834756993,8
production_v4io_joint,production_v4io,ID07,80,-25.930321882249583,78.68967235965539,8
production_v4io_joint,production_v4io,ID07,100,-45.79089913244253,87.50053163976587,8
production_v4io_joint,production_v4io,ID07,120,-31.786311569443928,66.57861194111143,8
production_v4io_joint,production_v4io,ID07,140,0.4030598661015784,64.48933992891503,8
production_v4io_joint,production_v4io,ID07,160,7.1204366374942385,253.7692816442683,8
production_v4io_joint,production_v4io,ID07,180,-50.86172714769159,52.03518170709448,8
production_v4io_joint,production_v4io,ID07,200,-24.6813799790452,79.59686289973823,8
production_v4io_joint,production_v4io,ID07,220,-34.405591410278035,86.72391630780804,7
production_v4io_joint,production_v4io,ID07,240,-53.63512328050245,73.09428180595428,8
production_v4io_joint,production_v4io,ID07,260,-41.25133449348924,80.74523062479342,8
production_v4io_joint,production_v4io,ID07,280,-55.804861935305645,63.53249986186551,8
production_v4io_joint,production_v4io,ID07,300,-53.916083617580895,65.45243692887409,8
production_v4io_joint,production_v4io,ID07,320,-34.06047024226306,78.72467112057431,8
production_v4io_joint,production_v4io,ID07,340,-25.613377551557384,77.16159525942972,8
production_v4io_joint,production_v4io,ID07,360,-34.46477726143505,100.28212083818377,8
production_v4io_joint,production_v4io,ID07,380,-40.26440876297045,81.16806000225004,8
production_v4io_joint,production_v4io,ID07,400,-32.33968135515994,41.71436689810453,8
production_v4io_joint,production_v4io,ID07,420,-30.94910468146908,61.24518337779331,8
production_v4io_joint,production_v4io,ID07,440,-32.918866905681604,84.64270176422131,8
production_v4io_joint,production_v4io,ID07,460,-46.901059739043966,26.07923617438125,7
production_v4io_joint,production_v4io,ID07,480,-41.31965810310337,68.75741487427722,8
production_v4io_joint,production_v4io,ID07,500,-31.03052365199562,104.283271367981,8
production_v4io_joint,production_v4io,ID07,520,-40.11007044565178,49.10486975749464,8
production_v4io_joint,production_v4io,ID07,540,-25.401742342103013,94.44415878153377,8
production_v4io_joint,production_v4io,ID07,560,-35.18959930492595,57.76264288255072,8
production_v4io_joint,production_v4io,ID07,580,-49.66872448615003,84.15884279117456,8
production_v4io_joint,production_v4io,ID07,600,-46.58223207752607,58.6893455011129,8
production_v4io_joint,production_v4io,ID07,620,-109.6094911453267,72.42906397555117,8
production_v4io_joint,production_v4io,ID07,640,-38.01213809859511,75.62794049590539,8
production_v4io_joint,production_v4io,ID07,660,-37.81348055936094,60.08470085961541,8
production_v4io_joint,production_v4io,ID07,680,-68.43875855301157,67.66213801410586,8
production_v4io_joint,production_v4io,ID07,700,-37.56614313752566,75.3844643854476,8
production_v4io_joint,production_v4io,ID07,720,-43.049408555387785,72.32653861398607,8
production_v4io_joint,production_v4io,ID07,740,-50.6636133751945,63.655262550293756,8
production_v4io_joint,production_v4io,ID07,760,-50.970741142873145,66.35746756398434,8
production_v4io_joint,production_v4io,ID07,780,-21.211377621317315,81.45125335805372,8
production_v4io_joint,production_v4io,ID07,800,-23.641073216470506,77.72892810058528,8
production_v4io_joint,production_v4io,ID07,820,-53.76391811977223,69.98671217472369,8
production_v4io_joint,production_v4io,ID07,840,-60.488854167128174,62.22164318591078,8
production_v4io_joint,production_v4io,ID07,860,-52.1180272118869,71.32745543041946,8
production_v4io_joint,production_v4io,ID07,880,-42.703902636470715,78.1954185295528,8
production_v4io_joint,production_v4io,ID07,900,-42.820624153366396,83.76040258228774,8
production_v4io_joint,production_v4io,ID07,920,-24.31888544480108,236.10115595558503,8
production_v4io_joint,production_v4io,ID07,940,-34.848027991425774,76.47668401721813,8
production_v4io_joint,production_v4io,ID07,960,-42.40642946284245,46.880471921070985,8
production_v4io_joint,production_v4io,ID07,980,-22.842843846392565,93.0489861121705,7
production_v4io_joint,production_v4io,ID07,1000,-22.95495164325041,81.76836392686978,8
production_v4io_joint,production_v4io,ID07,1020,-16.788673049794145,79.12314079180369,8
production_v4io_joint,production_v4io,ID07,1040,-3.207148264632303,80.2526504626728,7
production_v4io_joint,production_v4io,ID07,1060,-60.99131675817602,62.685833662380254,8
production_v4io_joint,production_v4io,ID07,1080,-20.458288208634237,80.09655454581873,8
production_v4io_joint,production_v4io,ID07,1100,-34.72206799454175,74.42115698461023,7
production_v4io_joint,production_v4io,ID07,1120,-56.619161523507216,52.08639757030724,8
production_v4io_joint,production_v4io,ID07,1140,-37.22875911005992,72.72861700809462,8
production_v4io_joint,production_v4io,ID07,1160,-84.37153172011134,59.33733807227371,8
production_v4io_joint,production_v4io,ID07,1180,-56.98838570469687,73.49080649290418,8
production_v4io_joint,production_v4io,ID07,1200,-23.778799458768454,99.89004682673277,8
production_v4io_joint,production_v4io,ID08,0,56.72327835352934,121.34764292657391,8
production_v4io_joint,production_v4io,ID08,20,43.44328654335623,118.62872222436968,8
production_v4io_joint,production_v4io,ID08,40,92.31710967249042,127.24782777383301,8
production_v4io_joint,production_v4io,ID08,60,46.72838097111598,108.18193138359047,8
production_v4io_joint,production_v4io,ID08,80,35.540487476273775,121.44777323718901,8
production_v4io_joint,production_v4io,ID08,100,75.15473110996977,137.9312473710335,8
production_v4io_joint,production_v4io,ID08,120,44.44079881127815,111.0065605235808,8
production_v4io_joint,production_v4io,ID08,140,67.75592244558958,96.28871489664103,8
production_v4io_joint,production_v4io,ID08,160,4.724004623035041,118.23919308341416,8
production_v4io_joint,production_v4io,ID08,180,58.645546488663065,121.93338680240737,8
production_v4io_joint,production_v4io,ID08,200,38.09458990662528,104.0721082094495,8
production_v4io_joint,production_v4io,ID08,220,147.01250938459052,187.12757854537304,8
production_v4io_joint,production_v4io,ID08,240,29.396945753059978,111.35588216847393,8
production_v4io_joint,production_v4io,ID08,260,25.616793395801892,112.66078876045879,8
production_v4io_joint,production_v4io,ID08,280,94.4315738941855,125.50527560905316,7
production_v4io_joint,production_v4io,ID08,300,57.709148325969245,104.953236871573,8
production_v4io_joint,production_v4io,ID08,320,28.983993133259634,116.89646810264237,8
production_v4io_joint,production_v4io,ID08,340,74.9243199438067,122.27528019855853,8
production_v4io_joint,production_v4io,ID08,360,66.39816063825889,126.93470113460225,8
production_v4io_joint,production_v4io,ID08,380,52.6584396215512,110.89821222880889,8
production_v4io_joint,production_v4io,ID08,400,31.23154030834996,134.94589467528124,8
production_v4io_joint,production_v4io,ID08,420,66.80425834143759,94.10352239588691,8
production_v4io_joint,production_v4io,ID08,440,22.878871099882446,113.7327261778895,8
production_v4io_joint,production_v4io,ID08,460,51.073632915528655,134.1492195514705,7
production_v4io_joint,production_v4io,ID08,480,55.51068735070185,102.79470835277674,8
production_v4io_joint,production_v4io,ID08,500,43.54915977092763,105.70958379283185,8
production_v4io_joint,production_v4io,ID08,520,57.68214021898799,124.66561932793381,8
production_v4io_joint,production_v4io,ID08,540,44.240758505571776,117.8620276763398,8
production_v4io_joint,production_v4io,ID08,560,52.01849766197651,123.65569353238034,8
production_v4io_joint,production_v4io,ID08,580,46.814953798161454,119.97017119244067,8
production_v4io_joint,production_v4io,ID08,600,63.91237583807754,105.39170829505693,8
production_v4io_joint,production_v4io,ID08,620,47.2207332286858,119.75834264499169,7
production_v4io_joint,production_v4io,ID08,640,41.05287678837651,99.48070614708064,8
production_v4io_joint,production_v4io,ID08,660,33.16173847373504,95.42007920547127,8
production_v4io_joint,production_v4io,ID08,680,43.178979574063966,131.6401662233635,7
production_v4io_joint,production_v4io,ID08,700,25.837500350621305,111.23597762655001,8
production_v4io_joint,production_v4io,ID08,720,42.73179972712994,123.45134799538434,8
production_v4io_joint,production_v4io,ID08,740,67.8991504458975,112.86902440338241,8
production_v4io_joint,production_v4io,ID08,760,63.11792914565402,112.48552972408874,8
production_v4io_joint,production_v4io,ID08,780,37.49663482987094,111.49205296124515,8
production_v4io_joint,production_v4io,ID08,800,46.48492663755769,117.59171447217854,8
production_v4io_joint,production_v4io,ID08,820,46.885568118700085,110.18464921618036,8
production_v4io_joint,production_v4io,ID08,840,42.693054869355215,117.30327092678024,8
production_v4io_joint,production_v4io,ID08,860,34.920239723491676,102.00485356012382,8
production_v4io_joint,production_v4io,ID08,880,36.41945593414361,107.42435357025151,8
production_v4io_joint,production_v4io,ID08,900,63.561684917144255,116.68683675733564,8
production_v4io_joint,production_v4io,ID08,920,43.11798153050892,122.2065626371311,8
production_v4io_joint,production_v4io,ID08,940,65.85672227901063,120.32093721458388,8
production_v4io_joint,production_v4io,ID08,960,59.21978711648298,103.98100762805882,8
production_v4io_joint,production_v4io,ID08,980,93.30901421764544,133.46584063081207,7
production_v4io_joint,production_v4io,ID08,1000,26.49075442298863,131.74859075226635,8
production_v4io_joint,production_v4io,ID08,1020,43.56549688953294,124.00499080703179,8
production_v4io_joint,production_v4io,ID08,1040,32.283577171501044,109.39807805632543,7
production_v4io_joint,production_v4io,ID08,1060,56.98133151690266,116.87876459465146,8
production_v4io_joint,production_v4io,ID08,1080,45.87797326138146,106.40072296417114,8
production_v4io_joint,production_v4io,ID08,1100,30.052817900444378,127.90782656056436,8
production_v4io_joint,production_v4io,ID08,1120,52.24011836429389,125.62290418830902,8
production_v4io_joint,production_v4io,ID08,1140,43.30911539523879,110.27968308702609,8
production_v4io_joint,production_v4io,ID08,1160,27.177277412882116,129.7307550201528,8
production_v4io_joint,production_v4io,ID08,1180,91.70879119832394,120.748282158084,8
production_v4io_joint,production_v4io,ID08,1200,48.43250400757781,108.09127771850113,8
production_v4io_joint,production_v4io,ID09,0,63.23817309140241,117.80912805459201,8
production_v4io_joint,production_v4io,ID09,20,60.69428459738837,135.3237531950653,8
production_v4io_joint,production_v4io,ID09,40,129.76155244624164,160.26752751066024,7
production_v4io_joint,production_v4io,ID09,60,23.974905062923696,120.32740050818404,8
production_v4io_joint,production_v4io,ID09,80,52.16794303866516,96.21245060207795,8
production_v4io_joint,production_v4io,ID09,100,66.27261399558664,120.550106176008,8
production_v4io_joint,production_v4io,ID09,120,9.18997276720354,122.2399449085305,8
production_v4io_joint,production_v4io,ID09,140,49.92862653931306,104.32813552312116,8
production_v4io_joint,production_v4io,ID09,160,42.07020877028697,91.63830419731309,8
production_v4io_joint,production_v4io,ID09,180,22.212522398041024,131.32102598899604,8
production_v4io_joint,production_v4io,ID09,200,30.02408730265516,101.00081862672425,8
production_v4io_joint,production_v4io,ID09,220,25.257873454344626,118.4148745578506,7
production_v4io_joint,production_v4io,ID09,240,47.111347967723,150.96841816589986,8
production_v4io_joint,production_v4io,ID09,260,33.67117250752769,89.13500627096735,8
production_v4io_joint,production_v4io,ID09,280,27.741499883713608,95.3722819899531,8
production_v4io_joint,production_v4io,ID09,300,27.391310025371983,114.87358763707593,8
production_v4io_joint,production_v4io,ID09,320,47.3406053769347,118.91613325453595,8
production_v4io_joint,production_v4io,ID09,340,54.45104461762288,121.51136551410154,8
production_v4io_joint,production_v4io,ID09,360,45.04032696445961,110.2065282351582,8
production_v4io_joint,production_v4io,ID09,380,35.82982799316357,97.69481222920587,8
production_v4io_joint,production_v4io,ID09,400,18.335317318115642,85.83158612366837,8
production_v4io_joint,production_v4io,ID09,420,43.94912271372252,104.90432398565017,8
production_v4io_joint,production_v4io,ID09,440,53.58639485300833,100.1885522036598,8
production_v4io_joint,production_v4io,ID09,460,41.45178665587586,88.21527025530119,8
production_v4io_joint,production_v4io,ID09,480,47.343313622315556,134.2282115717653,8
production_v4io_joint,production_v4io,ID09,500,49.35063861251552,130.99563881780503,8
production_v4io_joint,production_v4io,ID09,520,62.435719720918186,107.93466202421324,8
production_v4io_joint,production_v4io,ID09,540,20.632098211447534,140.281450170942,8
production_v4io_joint,production_v4io,ID09,560,130.019783399904,125.47835078768406,7
production_v4io_joint,production_v4io,ID09,580,24.223990987310064,104.46717756076714,8
production_v4io_joint,production_v4io,ID09,600,52.6505244562109,120.85712228139981,8
production_v4io_joint,production_v4io,ID09,620,32.78857408300127,132.2811394325433,8
production_v4io_joint,production_v4io,ID09,640,50.631852590924986,117.44155306363089,8
production_v4io_joint,production_v4io,ID09,660,41.371333724240195,120.64982405746306,8
production_v4io_joint,production_v4io,ID09,680,27.866234995203314,98.68948086886489,8
production_v4io_joint,production_v4io,ID09,700,52.12822200983344,119.89400080108396,8
production_v4io_joint,production_v4io,ID09,720,42.603142466546196,107.16377024437712,8
production_v4io_joint,production_v4io,ID09,740,44.12274833604118,105.48646316605648,8
production_v4io_joint,production_v4io,ID09,760,12.177045735945011,135.6223169048162,8
production_v4io_joint,production_v4io,ID09,780,45.94724167867006,116.4518481336762,8
production_v4io_joint,production_v4io,ID09,800,19.222350614778144,108.06200267105078,8
production_v4io_joint,production_v4io,ID09,820,60.830138075827236,128.50736836476182,8
production_v4io_joint,production_v4io,ID09,840,38.0878535600262,92.02905655231436,8
production_v4io_joint,production_v4io,ID09,860,39.28658987361913,117.01367247246242,8
production_v4io_joint,production_v4io,ID09,880,20.87188386805599,135.88882773630027,8
production_v4io_joint,production_v4io,ID09,900,33.89620299860137,75.86859462545257,8
production_v4io_joint,production_v4io,ID09,920,40.70734426195333,123.2286422538361,8
production_v4io_joint,production_v4io,ID09,940,69.72069838553458,113.96391945405509,8
production_v4io_joint,production_v4io,ID09,960,9.166101712745048,86.9916466222349,7
production_v4io_joint,production_v4io,ID09,980,8.811911833393642,114.60585634445053,8
production_v4io_joint,production_v4io,ID09,1000,46.69970289385328,108.39693693969846,8
production_v4io_joint,production_v4io,ID09,1020,25.262015375456986,284.44357835139584,8
production_v4io_joint,production_v4io,ID09,1040,30.72877268949588,104.66940371501161,8
production_v4io_joint,production_v4io,ID09,1060,54.098027999604874,141.2985539350696,8
production_v4io_joint,production_v4io,ID09,1080,34.004426744502766,122.13558463894057,8
production_v4io_joint,production_v4io,ID09,1100,46.972914638019034,101.61944715794172,8
production_v4io_joint,production_v4io,ID09,1120,51.15863409840532,109.57219603310583,8
production_v4io_joint,production_v4io,ID09,1140,237.62965355379214,152.3392499211908,8
production_v4io_joint,production_v4io,ID09,1160,22.502647333881075,133.49175311386847,8
production_v4io_joint,production_v4io,ID09,1180,44.345958653704855,94.49062313221053,8
production_v4io_joint,production_v4io,ID09,1200,150.46338047203196,136.81941526279084,7
production_v4io_joint,production_v4io,ID10,0,65.77768083599136,41.67818739519658,7
production_v4io_joint,production_v4io,ID10,20,52.1359874782512,61.40768622792707,8
production_v4io_joint,production_v4io,ID10,40,53.90536879605093,44.21828419466987,8
production_v4io_joint,production_v4io,ID10,60,45.7326871112812,42.635956808201826,8
production_v4io_joint,production_v4io,ID10,80,45.0783210059179,81.64451420578028,8
production_v4io_joint,production_v4io,ID10,100,37.70371512964368,22.959277464508492,8
production_v4io_joint,production_v4io,ID10,120,30.39724410985655,62.54998556346014,8
production_v4io_joint,production_v4io,ID10,140,52.004738837774084,42.10987281319713,8
production_v4io_joint,production_v4io,ID10,160,37.995349859883696,214.392558706816,8
production_v4io_joint,production_v4io,ID10,180,36.18700290763351,39.665062733040074,8
production_v4io_joint,production_v4io,ID10,200,25.59192654674987,44.389556327893814,8
production_v4io_joint,production_v4io,ID10,220,23.285840671664435,63.02568333774808,8
production_v4io_joint,production_v4io,ID10,240,47.96553987607184,39.24027115372887,8
production_v4io_joint,production_v4io,ID10,260,37.19256838649137,27.489780516763176,8
production_v4io_joint,production_v4io,ID10,280,55.65895393426241,56.814671268644,8
production_v4io_joint,production_v4io,ID10,300,33.597593931188136,41.81365230402612,8
production_v4io_joint,production_v4io,ID10,320,30.333861524951107,56.69621411596254,8
production_v4io_joint,production_v4io,ID10,340,38.06988102610976,127.27484524006981,8
production_v4io_joint,production_v4io,ID10,360,42.268799783482955,51.26609099115181,8
production_v4io_joint,production_v4io,ID10,380,38.91330667047697,60.4732425748874,8
production_v4io_joint,production_v4io,ID10,400,24.117584291875406,43.54809480715195,7
production_v4io_joint,production_v4io,ID10,420,59.87816413207655,65.17616652922875,8
production_v4io_joint,production_v4io,ID10,440,52.661249519980345,43.78086688216874,8
production_v4io_joint,production_v4io,ID10,460,30.03997645728146,41.48430674092194,7
production_v4io_joint,production_v4io,ID10,480,62.6482471452617,37.64140862008504,8
production_v4io_joint,production_v4io,ID10,500,40.417645419833086,51.60593681132885,8
production_v4io_joint,production_v4io,ID10,520,31.17094679817099,68.6367389354987,8
production_v4io_joint,production_v4io,ID10,540,49.98306271813498,78.91133934362995,8
production_v4io_joint,production_v4io,ID10,560,51.78825679037284,35.075516423917975,8
production_v4io_joint,production_v4io,ID10,580,49.860940374300036,55.447527535759555,8
production_v4io_joint,production_v4io,ID10,600,31.897482961538177,45.41154168643543,8
production_v4io_joint,production_v4io,ID10,620,45.8382940350419,45.23978489909361,8
production_v4io_joint,production_v4io,ID10,640,35.179074117325534,51.76976130775822,8
production_v4io_joint,production_v4io,ID10,660,40.919697345043254,38.350612047505,8
production_v4io_joint,production_v4io,ID10,680,44.808440923534725,58.04447733154746,8
production_v4io_joint,production_v4io,ID10,700,34.04823874777947,63.44075162294043,7
production_v4io_joint,production_v4io,ID10,720,56.9128472256512,58.24766580975242,8
production_v4io_joint,production_v4io,ID10,740,47.21462952023131,46.97483789580701,8
production_v4io_joint,production_v4io,ID10,760,47.08875737032937,61.30004306938889,8
production_v4io_joint,production_v4io,ID10,780,56.58740181558398,70.62675378663636,8
production_v4io_joint,production_v4io,ID10,800,38.98332092637644,231.44982542785354,8
production_v4io_joint,production_v4io,ID10,820,33.900698405058044,58.009048084772196,8
production_v4io_joint,production_v4io,ID10,840,68.81248376300054,59.47652584807622,8
production_v4io_joint,production_v4io,ID10,860,44.091457478604504,209.79419156360206,8
production_v4io_joint,production_v4io,ID10,880,37.94970055852159,49.10546615868298,8
production_v4io_joint,production_v4io,ID10,900,42.965850696330264,67.63854030277332,8
production_v4io_joint,production_v4io,ID10,920,53.121023773789524,25.942365495439706,7
production_v4io_joint,production_v4io,ID10,940,40.74484714499897,37.8175011860017,8
production_v4io_joint,production_v4io,ID10,960,55.31960495817322,49.9163399461528,8
production_v4io_joint,production_v4io,ID10,980,25.05111990872218,50.35686459912535,8
production_v4io_joint,production_v4io,ID10,1000,44.278473957461394,58.907399239240355,8
production_v4io_joint,production_v4io,ID10,1020,37.31381595972308,39.13486057433812,8
production_v4io_joint,production_v4io,ID10,1040,32.222573201889546,124.14297221920366,8
production_v4io_joint,production_v4io,ID10,1060,24.120622779119383,66.70871050038531,8
production_v4io_joint,production_v4io,ID10,1080,28.876236159561326,64.46843343378914,8
production_v4io_joint,production_v4io,ID10,1100,39.258555949766546,60.65302178577679,7
production_v4io_joint,production_v4io,ID10,1120,21.404950132517975,56.7771153123876,8
production_v4io_joint,production_v4io,ID10,1140,36.43617110987288,34.06503962751154,8
production_v4io_joint,production_v4io,ID10,1160,20.223167335238845,53.45110578299406,7
production_v4io_joint,production_v4io,ID10,1180,40.49879374304725,34.90509234101649,8
production_v4io_joint,production_v4io,ID10,1200,54.63748187620636,64.12744742154835,8
production_v4io_joint,production_v4io,ID11,0,59.00371958832632,41.113726334252426,8
production_v4io_joint,production_v4io,ID11,20,58.01711111120701,35.905065352070935,8
production_v4io_joint,production_v4io,ID11,40,54.47969549553938,24.958786787042616,8
production_v4io_joint,production_v4io,ID11,60,108.18132418690169,80.50340145402313,8
production_v4io_joint,production_v4io,ID11,80,61.952872908655905,52.38966713121927,8
production_v4io_joint,production_v4io,ID11,100,69.26394930161315,28.45392808022476,8
production_v4io_joint,production_v4io,ID11,120,60.40574259840812,30.622960836630444,8
production_v4io_joint,production_v4io,ID11,140,62.204933431333274,26.053795617219063,8
production_v4io_joint,production_v4io,ID11,160,59.969694767523244,36.63399462751369,8
production_v4io_joint,production_v4io,ID11,180,70.47259410178127,29.285861936097316,8
production_v4io_joint,production_v4io,ID11,200,64.17366349787213,44.05543796432072,8
production_v4io_joint,production_v4io,ID11,220,74.61623770267687,151.4082696609,8
production_v4io_joint,production_v4io,ID11,240,66.66378751420744,31.144992775161814,8
production_v4io_joint,production_v4io,ID11,260,54.55101991548853,32.706337213475834,8
production_v4io_joint,production_v4io,ID11,280,53.47931275757017,29.89897754381894,8
production_v4io_joint,production_v4io,ID11,300,82.90193214368465,31.827709183084078,8
production_v4io_joint,production_v4io,ID11,320,69.82904065141514,36.56482186039616,8
production_v4io_joint,production_v4io,ID11,340,51.66305771496193,33.990195613176965,8
production_v4io_joint,production_v4io,ID11,360,69.51096325984858,42.052051564778935,8
production_v4io_joint,production_v4io,ID11,380,67.44219542527885,41.93946835839431,8
production_v4io_joint,production_v4io,ID11,400,77.20356354579727,174.37100227262107,8
production_v4io_joint,production_v4io,ID11,420,74.0971606741422,26.33830284487781,8
production_v4io_joint,production_v4io,ID11,440,58.21459795433023,40.1716589723646,8
production_v4io_joint,production_v4io,ID11,460,69.47357420624913,38.3402539132176,7
production_v4io_joint,production_v4io,ID11,480,63.976992464993316,27.773619834800378,8
production_v4io_joint,production_v4io,ID11,500,54.414792796546436,45.49867895471215,8
production_v4io_joint,production_v4io,ID11,520,64.8555421108149,35.89881070049788,7
production_v4io_joint,production_v4io,ID11,540,68.1710682000476,51.34057294183856,8
production_v4io_joint,production_v4io,ID11,560,56.979508250966646,35.112487782956464,8
production_v4io_joint,production_v4io,ID11,580,73.55554876249248,29.584621148451493,8
production_v4io_joint,production_v4io,ID11,600,59.49808977553831,40.12061271386945,8
production_v4io_joint,production_v4io,ID11,620,49.920457252340206,33.882102149878996,8
production_v4io_joint,production_v4io,ID11,640,54.701853099868686,42.29639428046844,8
production_v4io_joint,production_v4io,ID11,660,49.568926918247165,19.441655854124694,8
production_v4io_joint,production_v4io,ID11,680,72.47486959861686,36.53935925405615,8
production_v4io_joint,production_v4io,ID11,700,43.572177105299026,29.493906386069163,8
production_v4io_joint,production_v4io,ID11,720,38.71375533174552,33.52427093638612,8
production_v4io_joint,production_v4io,ID11,740,67.71715152880732,35.11666812458654,8
production_v4io_joint,production_v4io,ID11,760,81.55906526957133,31.068585836325447,7
production_v4io_joint,production_v4io,ID11,780,54.14452893974926,44.094328713266144,8
production_v4io_joint,production_v4io,ID11,800,32.199330295348844,42.88985705763708,8
production_v4io_joint,production_v4io,ID11,820,65.3614358511106,31.13663611174462,8
production_v4io_joint,production_v4io,ID11,840,51.27296050627621,33.41420247094849,8
production_v4io_joint,production_v4io,ID11,860,57.4517243325755,153.5954140549581,8
production_v4io_joint,production_v4io,ID11,880,76.23040454564915,26.912768560163954,8
production_v4io_joint,production_v4io,ID11,900,49.93918939606301,19.60807168938225,8
production_v4io_joint,production_v4io,ID11,920,68.00369716839899,180.87887053915887,8
production_v4io_joint,production_v4io,ID11,940,62.90550374484984,30.58432215600759,8
production_v4io_joint,production_v4io,ID11,960,61.09520343270552,29.59368041551414,8
production_v4io_joint,production_v4io,ID11,980,58.082053072992736,37.5976745790341,8
production_v4io_joint,production_v4io,ID11,1000,53.84469415295782,38.95839219802835,8
production_v4io_joint,production_v4io,ID11,1020,60.387725148446755,39.69211749993849,8
production_v4io_joint,production_v4io,ID11,1040,70.5678219156421,175.61744205145217,8
production_v4io_joint,production_v4io,ID11,1060,48.97533210933039,36.029701072033745,8
production_v4io_joint,production_v4io,ID11,1080,77.75023969524172,27.725276586890182,8
production_v4io_joint,production_v4io,ID11,1100,72.25593600345928,161.12230123408693,8
production_v4io_joint,production_v4io,ID11,1120,57.124440950410445,32.89463807945789,8
production_v4io_joint,production_v4io,ID11,1140,62.07797774128394,30.715403202412052,8
production_v4io_joint,production_v4io,ID11,1160,54.37647180540642,40.64826761680611,7
production_v4io_joint,production_v4io,ID11,1180,61.19370466724101,36.877290634324645,8
production_v4io_joint,production_v4io,ID11,1200,58.468597443066784,31.07617052284304,8
production_v4io_joint,production_v4io,ID12,0,59.33196905605007,80.77353780600251,8
production_v4io_joint,production_v4io,ID12,20,56.22548742867397,67.20389273532716,8
production_v4io_joint,production_v4io,ID12,40,29.850208687849953,56.54955125159761,8
production_v4io_joint,production_v4io,ID12,60,62.691485763880614,66.37495373066629,8
production_v4io_joint,production_v4io,ID12,80,50.30439335109341,65.21598946888287,8
production_v4io_joint,production_v4io,ID12,100,60.16610337328665,55.41586406025479,8
production_v4io_joint,production_v4io,ID12,120,27.358655325941417,72.25476127119539,8
production_v4io_joint,production_v4io,ID12,140,43.74752390350463,71.78211127107564,8
production_v4io_joint,production_v4io,ID12,160,-176.7428237852625,156.0222979495432,8
production_v4io_joint,production_v4io,ID12,180,44.30270747237702,50.63280789398425,8
production_v4io_joint,production_v4io,ID12,200,43.341529089709866,58.38650134486799,8
production_v4io_joint,production_v4io,ID12,220,64.97028675793239,81.67690040407791,8
production_v4io_joint,production_v4io,ID12,240,34.07283270790436,78.5540694968181,8
production_v4io_joint,production_v4io,ID12,260,68.06383572813442,123.58575881428173,8
production_v4io_joint,production_v4io,ID12,280,54.19193582424683,78.14604427601293,8
production_v4io_joint,production_v4io,ID12,300,38.33363276833343,80.33273767433462,8
production_v4io_joint,production_v4io,ID12,320,50.20986100692366,52.39069413517931,8
production_v4io_joint,production_v4io,ID12,340,42.49113431635503,51.97161745001433,8
production_v4io_joint,production_v4io,ID12,360,73.38379886369287,63.635520452573786,8
production_v4io_joint,production_v4io,ID12,380,62.656380701564196,58.61298207302679,8
production_v4io_joint,production_v4io,ID12,400,44.25164299001883,51.841484868327484,8
production_v4io_joint,production_v4io,ID12,420,38.950994620629125,65.1024689794189,8
production_v4io_joint,production_v4io,ID12,440,65.79820679056586,179.966590109192,8
production_v4io_joint,production_v4io,ID12,460,80.17523603966794,57.10629311018795,8
production_v4io_joint,production_v4io,ID12,480,49.164583441972646,65.84560053587384,8
production_v4io_joint,production_v4io,ID12,500,30.933938714373525,57.6043513755949,7
production_v4io_joint,production_v4io,ID12,520,60.157395705689495,47.6733564133662,8
production_v4io_joint,production_v4io,ID12,540,42.22873942247815,72.03760749152579,8
production_v4io_joint,production_v4io,ID12,560,18.46628988281688,50.76644184820035,7
production_v4io_joint,production_v4io,ID12,580,51.0747225162122,78.37033162971856,8
production_v4io_joint,production_v4io,ID12,600,38.631179638768884,68.16469329610963,8
production_v4io_joint,production_v4io,ID12,620,78.06209584970021,48.87333120545001,8
production_v4io_joint,production_v4io,ID12,640,71.4082069411042,70.24652195911058,8
production_v4io_joint,production_v4io,ID12,660,65.95410404906362,84.6470986591329,8
production_v4io_joint,production_v4io,ID12,680,63.44546934844969,50.886772081945736,8
production_v4io_joint,production_v4io,ID12,700,54.2434749631772,79.7359797857258,8
production_v4io_joint,production_v4io,ID12,720,50.50371527825541,75.83337385946639,8
production_v4io_joint,production_v4io,ID12,740,55.64290588376928,59.66605743602297,8
production_v4io_joint,production_v4io,ID12,760,38.11778260418398,73.30883925646282,8
production_v4io_joint,production_v4io,ID12,780,76.10414878715221,64.5869036402542,8
production_v4io_joint,production_v4io,ID12,800,82.13749154731617,66.23647487047302,8
production_v4io_joint,production_v4io,ID12,820,35.12196767797508,53.35073847524097,8
production_v4io_joint,production_v4io,ID12,840,37.91834000994048,76.42417084685368,7
production_v4io_joint,production_v4io,ID12,860,52.88254735963022,61.88906940044117,8
production_v4io_joint,production_v4io,ID12,880,37.732336854717815,73.27028468201533,8
production_v4io_joint,production_v4io,ID12,900,26.95717444928035,64.88349016049483,8
production_v4io_joint,production_v4io,ID12,920,67.64634659248684,64.91157001939072,8
production_v4io_joint,production_v4io,ID12,940,59.014994776764134,54.339860762924914,8
production_v4io_joint,production_v4io,ID12,960,61.64943934269388,57.17631311212602,8
production_v4io_joint,production_v4io,ID12,980,5.880019587205912,65.32309414480054,8
production_v4io_joint,production_v4io,ID12,1000,66.69921154759636,39.24983701484092,8
production_v4io_joint,production_v4io,ID12,1020,87.1801497506615,148.35410287250838,8
production_v4io_joint,production_v4io,ID12,1040,56.62671548270831,56.40082756410354,8
production_v4io_joint,production_v4io,ID12,1060,39.92009756170866,59.90340084195772,7
production_v4io_joint,production_v4io,ID12,1080,75.76270333280651,80.44213339655246,7
production_v4io_joint,production_v4io,ID12,1100,44.328488976033455,50.40661491846496,8
production_v4io_joint,production_v4io,ID12,1120,50.82345369075995,64.44113993855316,8
production_v4io_joint,production_v4io,ID12,1140,53.04180240742871,74.51320243815535,7
production_v4io_joint,production_v4io,ID12,1160,43.85172491986067,41.84617477721362,8
production_v4io_joint,production_v4io,ID12,1180,53.67875340367589,50.90419128308977,8
production_v4io_joint,production_v4io,ID12,1200,56.710911315062134,78.86899890562036,8
production_v4io_joint,production_v4io,ID13,0,23.796476764536845,41.63093427179593,8
production_v4io_joint,production_v4io,ID13,20,36.813714073149875,35.45208453881157,8
production_v4io_joint,production_v4io,ID13,40,37.70588752541997,62.90705164223911,8
production_v4io_joint,production_v4io,ID13,60,24.977770182669524,45.692524330269215,8
production_v4io_joint,production_v4io,ID13,80,39.199914904938275,29.04451643266883,8
production_v4io_joint,production_v4io,ID13,100,12.15496797537039,67.14046160798846,8
production_v4io_joint,production_v4io,ID13,120,51.56891509064077,63.28891207547008,8
production_v4io_joint,production_v4io,ID13,140,18.03935568731449,43.481195116813495,8
production_v4io_joint,production_v4io,ID13,160,58.14424445531927,121.97804633035351,8
production_v4io_joint,production_v4io,ID13,180,21.06532070612596,33.62789250603627,8
production_v4io_joint,production_v4io,ID13,200,32.89155785512528,48.37730847675235,8
production_v4io_joint,production_v4io,ID13,220,48.22215251621672,135.69902336893682,8
production_v4io_joint,production_v4io,ID13,240,47.32133453569964,58.87942891839832,8
production_v4io_joint,production_v4io,ID13,260,24.321623553631298,38.34567778819059,8
production_v4io_joint,production_v4io,ID13,280,47.00761960228231,31.378746870885575,8
production_v4io_joint,production_v4io,ID13,300,15.888837531286724,39.69193823492099,8
production_v4io_joint,production_v4io,ID13,320,32.17463018100923,39.70246223812439,8
production_v4io_joint,production_v4io,ID13,340,26.88279078862132,58.27519661016622,8
production_v4io_joint,production_v4io,ID13,360,31.623017572872268,51.102648892185144,8
production_v4io_joint,production_v4io,ID13,380,8.888068917581098,42.75857105526053,8
production_v4io_joint,production_v4io,ID13,400,29.497902367444947,208.95593992973588,8
production_v4io_joint,production_v4io,ID13,420,19.457273826470363,60.427115591730086,8
production_v4io_joint,production_v4io,ID13,440,7.430153949605333,46.41045465838084,8
production_v4io_joint,production_v4io,ID13,460,31.096074979687224,55.05458788299867,7
production_v4io_joint,production_v4io,ID13,480,25.09523733146538,61.458304200578326,8
production_v4io_joint,production_v4io,ID13,500,7.7241927511381645,37.13217058013459,8
production_v4io_joint,production_v4io,ID13,520,29.108886467593077,28.536788537970526,8
production_v4io_joint,production_v4io,ID13,540,34.67233316532356,60.39841872961021,8
production_v4io_joint,production_v4io,ID13,560,15.220073953085285,39.76452121191421,8
production_v4io_joint,production_v4io,ID13,580,38.114551919618506,45.20988757286744,8
production_v4io_joint,production_v4io,ID13,600,7.267577489680899,38.475858458411025,8
production_v4io_joint,production_v4io,ID13,620,-6.141557225387911,58.860747325828264,8
production_v4io_joint,production_v4io,ID13,640,41.043613436726396,53.040997127489774,8
production_v4io_joint,production_v4io,ID13,660,13.875499371562,51.70062006553405,8
production_v4io_joint,production_v4io,ID13,680,15.017026003937238,44.71990756901868,8
production_v4io_joint,production_v4io,ID13,700,31.851324583451856,31.36450513262146,7
production_v4io_joint,production_v4io,ID13,720,17.387123809771275,36.68824321339438,8
production_v4io_joint,production_v4io,ID13,740,18.915050981348287,46.84663662435072,8
production_v4io_joint,production_v4io,ID13,760,25.108661398564543,26.701902456857884,8
production_v4io_joint,production_v4io,ID13,780,15.35268167924609,67.89898116983592,8
production_v4io_joint,production_v4io,ID13,800,29.12563979919827,112.28090083744313,8
production_v4io_joint,production_v4io,ID13,820,20.366972298112113,45.439679147720845,8
production_v4io_joint,production_v4io,ID13,840,19.073259509288338,42.40671230980093,8
production_v4io_joint,production_v4io,ID13,860,33.235375176526965,106.40990987173628,8
production_v4io_joint,production_v4io,ID13,880,-2.6953041349646107,61.70196990429736,8
production_v4io_joint,production_v4io,ID13,900,38.017180485925735,56.95222955084113,8
production_v4io_joint,production_v4io,ID13,920,32.22122184610151,30.119151029259598,8
production_v4io_joint,production_v4io,ID13,940,22.983801093174808,54.26006557859568,8
production_v4io_joint,production_v4io,ID13,960,36.27320245513388,51.630423531466676,8
production_v4io_joint,production_v4io,ID13,980,22.824456195032734,37.63520559028043,8
production_v4io_joint,production_v4io,ID13,1000,40.687481595037525,61.85442602599397,8
production_v4io_joint,production_v4io,ID13,1020,14.773777005333214,68.0368776543598,8
production_v4io_joint,production_v4io,ID13,1040,16.490489615498102,181.08456311003155,8
production_v4io_joint,production_v4io,ID13,1060,16.115922368178584,44.80558767801279,8
production_v4io_joint,production_v4io,ID13,1080,4.1359736534091445,39.066731001523024,8
production_v4io_joint,production_v4io,ID13,1100,75.9086195145644,144.79228252586765,8
production_v4io_joint,production_v4io,ID13,1120,61.220601050842085,60.52761969133551,8
production_v4io_joint,production_v4io,ID13,1140,11.979773612381484,44.807784724676104,8
production_v4io_joint,production_v4io,ID13,1160,-9.670498407569085,54.632302496795425,7
production_v4io_joint,production_v4io,ID13,1180,23.85356445131095,38.95524494232718,8
production_v4io_joint,production_v4io,ID14,0,11.64048265485158,28.266430362754342,8
production_v4io_joint,production_v4io,ID14,20,11.218438339247381,34.523592137098234,8
production_v4io_joint,production_v4io,ID14,40,13.549170133225116,30.250553355026764,8
production_v4io_joint,production_v4io,ID14,60,20.56252678404629,28.03462402678785,8
production_v4io_joint,production_v4io,ID14,80,13.328157633707157,51.114730429277934,8
production_v4io_joint,production_v4io,ID14,100,47.25511840956607,45.551304012134494,8
production_v4io_joint,production_v4io,ID14,120,12.769990222615139,37.17579491793229,8
production_v4io_joint,production_v4io,ID14,140,9.450153796237421,183.23885638501815,8
production_v4io_joint,production_v4io,ID14,160,15.718568495047686,23.18881509080491,8
production_v4io_joint,production_v4io,ID14,180,10.500856310501005,34.66443490070966,8
production_v4io_joint,production_v4io,ID14,200,-1.5334259537614896,57.71861358002129,8
production_v4io_joint,production_v4io,ID14,220,14.889360669089946,50.44989345495748,8
production_v4io_joint,production_v4io,ID14,240,-0.7807381730476599,35.12343416666696,8
production_v4io_joint,production_v4io,ID14,260,10.635943904837008,41.335523932504415,8
production_v4io_joint,production_v4io,ID14,280,13.51293527785997,43.39905536476511,8
production_v4io_joint,production_v4io,ID14,300,14.307189757055836,30.15880220392003,8
production_v4io_joint,production_v4io,ID14,320,26.706709920898064,140.21350459458776,8
production_v4io_joint,production_v4io,ID14,340,15.690130785631093,42.369346604748465,8
production_v4io_joint,production_v4io,ID14,360,17.372678242399605,38.32825865245299,8
production_v4io_joint,production_v4io,ID14,380,32.57164976514683,56.308571634458296,8
production_v4io_joint,production_v4io,ID14,400,26.185717395544522,39.03022177521345,8
production_v4io_joint,production_v4io,ID14,420,8.151832371293573,63.37476606855928,8
production_v4io_joint,production_v4io,ID14,440,16.28783762555352,155.41636863216917,8
production_v4io_joint,production_v4io,ID14,460,13.185804340634178,37.47837413975723,8
production_v4io_joint,production_v4io,ID14,480,-9.381591093332784,22.595490544600494,8
production_v4io_joint,production_v4io,ID14,500,34.37519068632799,114.29768756583375,8
production_v4io_joint,production_v4io,ID14,520,34.470276319510724,42.26561710319249,8
production_v4io_joint,production_v4io,ID14,540,32.735271426061175,56.466318481905375,8
production_v4io_joint,production_v4io,ID14,560,49.05327350015078,115.24171672108214,8
production_v4io_joint,production_v4io,ID14,580,20.26093605391128,38.939649072200055,8
production_v4io_joint,production_v4io,ID14,600,-2.4318589336094645,38.32470392619353,8
production_v4io_joint,production_v4io,ID14,620,43.38040450003269,42.69975989662777,7
production_v4io_joint,production_v4io,ID14,640,12.04682862610717,36.3285077643646,8
production_v4io_joint,production_v4io,ID14,660,11.2529839377406,31.290414405607468,8
production_v4io_joint,production_v4io,ID14,680,1.433756952509895,56.71759557438233,8
production_v4io_joint,production_v4io,ID14,700,-4.493436588972329,34.01357300225293,8
production_v4io_joint,production_v4io,ID14,720,12.870849139865758,24.396832599381163,8
production_v4io_joint,production_v4io,ID14,740,18.921250831405136,53.75129008897662,8
production_v4io_joint,production_v4io,ID14,760,-12.632721390326935,36.80269396631422,8
production_v4io_joint,production_v4io,ID14,780,12.46554648086907,34.030921166009676,8
production_v4io_joint,production_v4io,ID14,800,14.678127309034839,37.40155787321959,7
production_v4io_joint,production_v4io,ID14,820,12.332406237507836,36.701939001973344,8
production_v4io_joint,production_v4io,ID14,840,8.929669023618038,37.51547584041136,8
production_v4io_joint,production_v4io,ID14,860,36.204775289595666,57.53630465606551,8
production_v4io_joint,production_v4io,ID14,880,6.548724933798658,23.24249220652377,8
production_v4io_joint,production_v4io,ID14,900,-0.6330628471016836,37.00274378094676,8
production_v4io_joint,production_v4io,ID14,920,17.330499795389592,39.17084071382147,8
production_v4io_joint,production_v4io,ID14,940,0.9030299966165902,38.283204142186136,8
production_v4io_joint,production_v4io,ID14,960,4.586097749967482,52.47684787275822,8
production_v4io_joint,production_v4io,ID14,980,18.979915093876787,36.61836449163332,8
production_v4io_joint,production_v4io,ID14,1000,2.7303580780449814,38.15528945617896,8
production_v4io_joint,production_v4io,ID14,1020,5.217356983640145,43.556203458284955,8
production_v4io_joint,production_v4io,ID14,1040,11.526633671790169,33.55227366269083,8
production_v4io_joint,production_v4io,ID14,1060,25.232450830890336,46.400419362908565,8
production_v4io_joint,production_v4io,ID14,1080,28.296732617155765,144.44031587147722,8
production_v4io_joint,production_v4io,ID14,1100,27.35832415430846,39.89575899385047,8
production_v4io_joint,production_v4io,ID14,1120,12.01538143208676,46.46328646877486,8
production_v4io_joint,production_v4io,ID14,1140,13.056085045427057,125.42367708636588,8
production_v4io_joint,production_v4io,ID14,1160,25.690043557162223,49.953213978189034,8
production_v4io_joint,production_v4io,ID14,1180,26.59226100931931,23.06112789748361,8
production_v4io_joint,production_v4io,ID14,1200,11.914982446173273,51.984426607775525,8
production_v4io_joint,production_v4io,ID15,0,0.38795493372701045,36.93932640149967,8
production_v4io_joint,production_v4io,ID15,20,4.166445918028327,43.894150307521706,8
production_v4io_joint,production_v4io,ID15,40,7.807259058379121,40.049578579899226,8
production_v4io_joint,production_v4io,ID15,60,-21.225530605401175,56.32779292023558,8
production_v4io_joint,production_v4io,ID15,80,24.45276608516024,46.859082057298025,8
production_v4io_joint,production_v4io,ID15,100,15.021800680171314,46.37873352796543,8
production_v4io_joint,production_v4io,ID15,120,22.766988062109892,30.467933263006003,8
production_v4io_joint,production_v4io,ID15,140,18.59112161900577,46.06758563133728,8
production_v4io_joint,production_v4io,ID15,160,1.8351238651553254,35.41591840052458,8
production_v4io_joint,production_v4io,ID15,180,9.702752640344858,48.802749148010456,8
production_v4io_joint,production_v4io,ID15,200,6.690465770100053,38.315671249324126,8
production_v4io_joint,production_v4io,ID15,220,6.08871099759643,53.13567243234358,8
production_v4io_joint,production_v4io,ID15,240,20.73432129549859,52.446195708687775,8
production_v4io_joint,production_v4io,ID15,260,2.4682237167119463,39.71213136479865,8
production_v4io_joint,production_v4io,ID15,280,4.949721704762395,37.16404713723046,8
production_v4io_joint,production_v4io,ID15,300,24.302685085801972,43.56685928322654,8
production_v4io_joint,production_v4io,ID15,320,-2.7353781857915354,42.56151762869492,8
production_v4io_joint,production_v4io,ID15,340,19.82251279148234,120.699939229993,8
production_v4io_joint,production_v4io,ID15,360,18.10215370577308,28.991197838673866,8
production_v4io_joint,production_v4io,ID15,380,7.883224403499535,56.560025905335955,8
production_v4io_joint,production_v4io,ID15,400,47.772258649981424,89.3871536093598,8
production_v4io_joint,production_v4io,ID15,420,22.52712825844586,58.19153183899135,8
production_v4io_joint,production_v4io,ID15,440,28.977049839301078,39.155104315824545,8
production_v4io_joint,production_v4io,ID15,460,74.00962002876251,129.07373582222158,8
production_v4io_joint,production_v4io,ID15,480,30.805136648397138,27.637709109800948,8
production_v4io_joint,production_v4io,ID15,500,13.937926807088028,54.29701196059178,8
production_v4io_joint,production_v4io,ID15,520,23.147510152579898,41.121884320210235,8
production_v4io_joint,production_v4io,ID15,540,10.883141731186177,58.82348084350603,8
production_v4io_joint,production_v4io,ID15,560,-7.629124991958746,34.07472584049864,8
production_v4io_joint,production_v4io,ID15,580,12.33365035062049,42.35262854551566,8
production_v4io_joint,production_v4io,ID15,600,6.007266101920293,33.7209604790947,8
production_v4io_joint,production_v4io,ID15,620,25.49825598549122,40.628323947450816,8
production_v4io_joint,production_v4io,ID15,640,23.72744486186157,37.002169601117096,8
production_v4io_joint,production_v4io,ID15,660,14.589186643154676,50.57185610615759,8
production_v4io_joint,production_v4io,ID15,680,8.404737049068023,52.92916437806767,8
production_v4io_joint,production_v4io,ID15,700,-9.76497082475144,47.68620194487566,8
production_v4io_joint,production_v4io,ID15,720,4.567256388807898,56.98219745511845,8
production_v4io_joint,production_v4io,ID15,740,-7.714419175954532,41.68571661207849,8
production_v4io_joint,production_v4io,ID15,760,3.6182511483498954,56.6870914422806,8
production_v4io_joint,production_v4io,ID15,780,0.9507612076502089,56.967200569933276,8
production_v4io_joint,production_v4io,ID15,800,11.640657906951121,205.51340374775296,8
production_v4io_joint,production_v4io,ID15,820,19.60504583601389,47.860720955928166,8
production_v4io_joint,production_v4io,ID15,840,0.057703815270101814,63.150003212646794,8
production_v4io_joint,production_v4io,ID15,860,-11.720200346867985,45.055277532630704,8
production_v4io_joint,production_v4io,ID15,880,14.77587530423245,43.99643909347436,8
production_v4io_joint,production_v4io,ID15,900,16.824142639935353,38.889595847109995,8
production_v4io_joint,production_v4io,ID15,920,2.32302882564441,46.88476760865331,8
production_v4io_joint,production_v4io,ID15,940,8.49183945274705,35.515395610183134,8
production_v4io_joint,production_v4io,ID15,960,-5.179884149322628,59.41055578407467,8
production_v4io_joint,production_v4io,ID15,980,29.58471238198502,41.00825768792332,8
production_v4io_joint,production_v4io,ID15,1000,-2.2886617097860835,43.21748217962763,8
production_v4io_joint,production_v4io,ID15,1020,18.969574856720367,35.02744024755221,8
production_v4io_joint,production_v4io,ID15,1040,37.96943320465143,43.6802283037977,7
production_v4io_joint,production_v4io,ID15,1060,36.56717732864821,53.732443193899144,8
production_v4io_joint,production_v4io,ID15,1080,17.61376355235467,46.48848305205264,8
production_v4io_joint,production_v4io,ID15,1100,10.43196239917163,38.327530421787976,7
production_v4io_joint,production_v4io,ID15,1120,12.790988766940284,31.274503201007533,8
production_v4io_joint,production_v4io,ID15,1140,18.544006626885327,28.97050537021116,8
production_v4io_joint,production_v4io,ID15,1160,77.14121137682794,87.5012516294966,7
production_v4io_joint,production_v4io,ID15,1180,17.146293881907475,22.796501133039907,8
production_v4io_joint,production_v4io,ID15,1200,27.548400335595364,46.22691173820354,8
production_v4io_joint,production_v4io,ID16,0,11.133593407052617,38.802707191108794,7
production_v4io_joint,production_v4io,ID16,20,25.183014328611424,20.55047604246277,8
production_v4io_joint,production_v4io,ID16,40,26.403862436782738,52.6206837452668,8
production_v4io_joint,production_v4io,ID16,60,25.993637418553263,48.79180316279471,7
production_v4io_joint,production_v4io,ID16,80,29.627420031604398,51.76898596799271,8
production_v4io_joint,production_v4io,ID16,100,31.254655049639847,17.1181444316294,8
production_v4io_joint,production_v4io,ID16,120,19.927615390995175,43.86230512886552,8
production_v4io_joint,production_v4io,ID16,140,22.8037309110401,27.116304821332708,8
production_v4io_joint,production_v4io,ID16,160,56.98761266149478,197.59467482989083,8
production_v4io_joint,production_v4io,ID16,180,34.52455605988056,23.918427791453052,8
production_v4io_joint,production_v4io,ID16,200,20.27832057610834,28.021629648780742,8
production_v4io_joint,production_v4io,ID16,220,32.55883354959535,48.192032883692285,8
production_v4io_joint,production_v4io,ID16,240,44.334889179251626,36.32408768135768,8
production_v4io_joint,production_v4io,ID16,260,47.788667652829346,36.92874873606784,8
production_v4io_joint,production_v4io,ID16,280,47.63648813454875,53.383260182965586,8
production_v4io_joint,production_v4io,ID16,300,32.71239000424524,30.553907091296566,8
production_v4io_joint,production_v4io,ID16,320,39.604712369626476,28.03334294672683,8
production_v4io_joint,production_v4io,ID16,340,49.009285016383664,135.16861124470174,8
production_v4io_joint,production_v4io,ID16,360,22.210562959449838,30.395490727623613,8
production_v4io_joint,production_v4io,ID16,380,37.15882766968719,51.25925528981936,8
production_v4io_joint,production_v4io,ID16,400,92.49230030974753,124.84215851128286,8
production_v4io_joint,production_v4io,ID16,420,27.55583280524449,44.130437033337735,8
production_v4io_joint,production_v4io,ID16,440,39.163507079904626,26.09800591913945,8
production_v4io_joint,production_v4io,ID16,460,53.955961495014634,156.29866770453427,8
production_v4io_joint,production_v4io,ID16,480,17.845398633357615,15.202963217723086,8
production_v4io_joint,production_v4io,ID16,500,30.739422102099084,46.18637307018042,8
production_v4io_joint,production_v4io,ID16,520,43.247921530172285,29.13648847009183,7
production_v4io_joint,production_v4io,ID16,540,23.91796850047067,33.6520513454207,8
production_v4io_joint,production_v4io,ID16,560,22.673055250172208,45.563189074347264,8
production_v4io_joint,production_v4io,ID16,580,42.66473921574601,42.65473241567101,8
production_v4io_joint,production_v4io,ID16,600,29.18361847882027,58.940143980833746,8
production_v4io_joint,production_v4io,ID16,620,39.821763886817735,28.07423170434195,8
production_v4io_joint,production_v4io,ID16,640,41.00180487567579,38.8835482069686,8
production_v4io_joint,production_v4io,ID16,660,29.72827175003907,41.86819920277461,8
production_v4io_joint,production_v4io,ID16,680,32.37080596948269,49.91690085204959,8
production_v4io_joint,production_v4io,ID16,700,27.730129035432313,49.67301903595874,8
production_v4io_joint,production_v4io,ID16,720,28.672001400887105,62.19536596279194,8
production_v4io_joint,production_v4io,ID16,740,25.869026339729466,50.29739579270617,8
production_v4io_joint,production_v4io,ID16,760,34.47659059804867,39.18435865529338,8
production_v4io_joint,production_v4io,ID16,780,26.94732890543335,40.7311903804594,8
production_v4io_joint,production_v4io,ID16,800,41.66907597250847,186.1312487095321,8
production_v4io_joint,production_v4io,ID16,820,7.055960451916922,47.23317737075747,8
production_v4io_joint,production_v4io,ID16,840,28.348170431663906,51.75906144934551,8
production_v4io_joint,production_v4io,ID16,860,-4.514849187835011,7.139368275421785,7
production_v4io_joint,production_v4io,ID16,880,32.558748467363905,33.35350229657294,8
production_v4io_joint,production_v4io,ID16,900,32.20394718510453,41.3796070947287,8
production_v4io_joint,production_v4io,ID16,920,16.27624327789339,18.559197218346107,8
production_v4io_joint,production_v4io,ID16,940,52.907816384603784,28.563283573370303,8
production_v4io_joint,production_v4io,ID16,960,14.203450104822627,53.08428816711923,8
production_v4io_joint,production_v4io,ID16,980,49.81372706141316,36.60247624810289,8
production_v4io_joint,production_v4io,ID16,1000,34.176493873201125,40.18458596124971,8
production_v4io_joint,production_v4io,ID16,1020,48.247152447773004,33.58381501928655,8
production_v4io_joint,production_v4io,ID16,1040,61.9666100949615,112.34586192072639,8
production_v4io_joint,production_v4io,ID16,1060,23.223550507954048,47.60035422179401,8
production_v4io_joint,production_v4io,ID16,1080,35.61103050285469,46.120946946004594,8
production_v4io_joint,production_v4io,ID16,1100,55.13711480834324,150.73567739145162,8
production_v4io_joint,production_v4io,ID16,1120,36.47054685965371,54.57828772725318,8
production_v4io_joint,production_v4io,ID16,1140,14.610077051819456,15.286991800456065,8
production_v4io_joint,production_v4io,ID16,1160,61.55469294983664,40.03572832657988,7
production_v4io_joint,production_v4io,ID16,1180,31.51381474490094,26.70770156124797,8
production_v4io_joint,production_v4io,ID16,1200,35.94083593905976,49.0526370159314,8
production_v4io_joint,production_v4io,ID17,0,-10.021214664765854,72.39818804716283,8
production_v4io_joint,production_v4io,ID17,20,-40.64252895503968,64.0007047813025,8
production_v4io_joint,production_v4io,ID17,40,-24.02983902288201,68.21993041311018,8
production_v4io_joint,production_v4io,ID17,60,-28.761079896401597,78.91303465397499,8
production_v4io_joint,production_v4io,ID17,80,-5.74876118604819,80.320198972902,8
production_v4io_joint,production_v4io,ID17,100,-31.325030875379063,67.3674108520489,8
production_v4io_joint,production_v4io,ID17,120,-41.87178214464801,64.11675649682972,8
production_v4io_joint,production_v4io,ID17,140,-6.286753344357403,88.85091277393693,8
production_v4io_joint,production_v4io,ID17,160,-35.88488124022954,183.3403508570095,8
production_v4io_joint,production_v4io,ID17,180,3.599138187892227,65.68558545493771,8
production_v4io_joint,production_v4io,ID17,200,-27.597919848733145,67.2751064735058,8
production_v4io_joint,production_v4io,ID17,220,-43.75739114357539,39.612344691041855,7
production_v4io_joint,production_v4io,ID17,240,-27.789621596825977,50.29800269837685,8
production_v4io_joint,production_v4io,ID17,260,-39.0009597996896,77.78283323392718,8
production_v4io_joint,production_v4io,ID17,280,-7.057264791139454,53.70171648847738,8
production_v4io_joint,production_v4io,ID17,300,-40.38856207886871,59.77009145894833,8
production_v4io_joint,production_v4io,ID17,320,0.012402407906409927,60.203784446384624,8
production_v4io_joint,production_v4io,ID17,340,-25.8870420221356,57.38151081321746,8
production_v4io_joint,production_v4io,ID17,360,-30.874192939464507,55.298609651745124,8
production_v4io_joint,production_v4io,ID17,380,-28.162475462809606,51.17105754042049,8
production_v4io_joint,production_v4io,ID17,400,-4.931607521640047,38.71808818557913,8
production_v4io_joint,production_v4io,ID17,420,-33.155640073685575,78.23112709542912,8
production_v4io_joint,production_v4io,ID17,440,-16.20508231095555,75.8803428047106,8
production_v4io_joint,production_v4io,ID17,460,-53.6452079057551,24.611731974661396,8
production_v4io_joint,production_v4io,ID17,480,-26.14277498940568,86.68023311541647,8
production_v4io_joint,production_v4io,ID17,500,-11.860424663266224,76.98503913587298,8
production_v4io_joint,production_v4io,ID17,520,-25.87063601243599,56.29669226363302,8
production_v4io_joint,production_v4io,ID17,540,-24.978228185995253,84.55552220491185,8
production_v4io_joint,production_v4io,ID17,560,-53.42938715157833,71.05953284960859,8
production_v4io_joint,production_v4io,ID17,580,5.7463666991075675,48.34084939674871,8
production_v4io_joint,production_v4io,ID17,600,-36.72219156235704,87.3158844872614,8
production_v4io_joint,production_v4io,ID17,620,-15.242838241272938,148.02324895212013,8
production_v4io_joint,production_v4io,ID17,640,-32.492018483521605,69.75322644151811,8
production_v4io_joint,production_v4io,ID17,660,-46.65147065896505,64.74673747704118,8
production_v4io_joint,production_v4io,ID17,680,-21.98793941232863,51.35301951360579,8
production_v4io_joint,production_v4io,ID17,700,-15.864098722413127,71.5717965848585,8
production_v4io_joint,production_v4io,ID17,720,-59.050208429393656,73.42590018147918,8
production_v4io_joint,production_v4io,ID17,740,-47.62954417241606,51.383087166691396,8
production_v4io_joint,production_v4io,ID17,760,-26.455224636316427,72.24091353045102,8
production_v4io_joint,production_v4io,ID17,780,-29.64336013959714,55.87177766589818,8
production_v4io_joint,production_v4io,ID17,800,-27.21298667316994,176.5940006149197,8
production_v4io_joint,production_v4io,ID17,820,-26.435390414818198,67.39843631741446,8
production_v4io_joint,production_v4io,ID17,840,-18.29291609294865,75.97613899928383,8
production_v4io_joint,production_v4io,ID17,860,-40.05052580831008,50.022588558064456,7
production_v4io_joint,production_v4io,ID17,880,-29.054660476564127,77.89378323522563,8
production_v4io_joint,production_v4io,ID17,900,-25.439023583213253,62.3957023027127,8
production_v4io_joint,production_v4io,ID17,920,-23.23395202457077,59.803825930135346,8
production_v4io_joint,production_v4io,ID17,940,-47.14452821596377,90.75862235699087,8
production_v4io_joint,production_v4io,ID17,960,-10.680954064426645,71.12310245281316,8
production_v4io_joint,production_v4io,ID17,980,-17.574378392931184,74.19118300299898,8
production_v4io_joint,production_v4io,ID17,1000,-4.241961945080612,54.36761521107886,8
production_v4io_joint,production_v4io,ID17,1020,-23.12084984278892,103.78210206314859,8
production_v4io_joint,production_v4io,ID17,1040,-16.721269546305734,74.90685050071941,8
production_v4io_joint,production_v4io,ID17,1060,-17.432465475109723,54.35993666848688,8
production_v4io_joint,production_v4io,ID17,1080,-27.003814684562,77.29847669618523,8
production_v4io_joint,production_v4io,ID17,1100,-23.076485799514934,84.55020004791163,8
production_v4io_joint,production_v4io,ID17,1120,-6.6516301925014005,75.7416172972656,8
production_v4io_joint,production_v4io,ID17,1140,-32.66541812847474,52.725757831065096,8
production_v4io_joint,production_v4io,ID17,1160,13.71634458805636,59.34434663603,8
production_v4io_joint,production_v4io,ID17,1180,-25.6086050119391,45.60316244771733,8
production_v4io_joint,production_v4io,ID18,0,-5.376035770676014,39.20344259014236,8
production_v4io_joint,production_v4io,ID18,20,-14.029346115127463,29.710892904479937,8
production_v4io_joint,production_v4io,ID18,40,-6.308591019140738,13.85144482116609,8
production_v4io_joint,production_v4io,ID18,60,-2.7230375241205924,39.87193553970355,8
production_v4io_joint,production_v4io,ID18,80,-11.367178449426794,38.83811243561599,8
production_v4io_joint,production_v4io,ID18,100,-6.2446369183499995,30.61120101934912,8
production_v4io_joint,production_v4io,ID18,120,-7.272242926080207,29.49482153411211,8
production_v4io_joint,production_v4io,ID18,140,12.76281154189029,28.826022189633214,8
production_v4io_joint,production_v4io,ID18,160,6.439311936956224,28.35388303367727,8
production_v4io_joint,production_v4io,ID18,180,6.336357387855912,24.740939633931287,8
production_v4io_joint,production_v4io,ID18,200,24.681415416205454,44.910127887312306,8
production_v4io_joint,production_v4io,ID18,220,9.914169779136609,29.47150074037847,8
production_v4io_joint,production_v4io,ID18,240,3.7087067031794776,24.55563078510325,8
production_v4io_joint,production_v4io,ID18,260,8.890597186214098,42.70060936188609,8
production_v4io_joint,production_v4io,ID18,280,4.35466393020782,158.43477942458992,8
production_v4io_joint,production_v4io,ID18,300,-14.761401171858168,42.1152826969499,8
production_v4io_joint,production_v4io,ID18,320,-14.933060578751101,35.92087794258915,8
production_v4io_joint,production_v4io,ID18,340,1.7613570870854411,42.383669030169145,8
production_v4io_joint,production_v4io,ID18,360,-17.9707544360166,42.031954616124274,8
production_v4io_joint,production_v4io,ID18,380,-6.642203517977446,32.52414299580977,8
production_v4io_joint,production_v4io,ID18,400,-27.096726288087755,47.938963080423925,8
production_v4io_joint,production_v4io,ID18,420,19.749758384715186,37.51817155866485,8
production_v4io_joint,production_v4io,ID18,440,18.52884821157465,38.93296976776146,8
production_v4io_joint,production_v4io,ID18,460,-21.731320322925903,112.72987633339885,8
production_v4io_joint,production_v4io,ID18,480,6.22561079842439,37.860280443005216,8
production_v4io_joint,production_v4io,ID18,500,-2.2263521444318175,24.418242302702215,8
production_v4io_joint,production_v4io,ID18,520,-2.0453162097562836,130.98324746889963,8
production_v4io_joint,production_v4io,ID18,540,-10.75193748385507,32.097790824147005,8
production_v4io_joint,production_v4io,ID18,560,-17.702901388030355,39.664855097088065,8
production_v4io_joint,production_v4io,ID18,580,-10.20069371563872,20.00802551518274,7
production_v4io_joint,production_v4io,ID18,600,-2.6154677765054806,10.341914465038744,8
production_v4io_joint,production_v4io,ID18,620,16.467824365575975,28.457600924576575,8
production_v4io_joint,production_v4io,ID18,640,-9.42744080501951,40.01160415931337,8
production_v4io_joint,production_v4io,ID18,660,-0.8623719993159386,39.50153255019463,8
production_v4io_joint,production_v4io,ID18,680,12.872692288367102,38.04272136248156,8
production_v4io_joint,production_v4io,ID18,700,-11.954057848055292,36.29739088349038,8
production_v4io_joint,production_v4io,ID18,720,7.361206174943913,35.57130180761243,8
production_v4io_joint,production_v4io,ID18,740,3.993861206077619,28.99360460890372,8
production_v4io_joint,production_v4io,ID18,760,-20.324811470536854,45.1411344766459,8
production_v4io_joint,production_v4io,ID18,780,1.4847654784272817,15.202944098186743,8
production_v4io_joint,production_v4io,ID18,800,4.3991158184088635,35.67301639737502,8
production_v4io_joint,production_v4io,ID18,820,6.413936979411617,25.887339150316954,7
production_v4io_joint,production_v4io,ID18,840,39.64996117495168,14.088820350983921,7
production_v4io_joint,production_v4io,ID18,860,2.532838885886794,49.92519883945611,7
production_v4io_joint,production_v4io,ID18,880,2.6065493491518223,32.7805199377174,8
production_v4io_joint,production_v4io,ID18,900,6.539740614192775,40.794851824482365,8
production_v4io_joint,production_v4io,ID18,920,5.208098517055116,36.7873904827544,8
production_v4io_joint,production_v4io,ID18,940,23.701529627799545,40.91054413907701,8
production_v4io_joint,production_v4io,ID18,960,0.8452089424400213,43.98346857508033,8
production_v4io_joint,production_v4io,ID18,980,-28.5339774101038,131.97234211950502,8
production_v4io_joint,production_v4io,ID18,1000,5.19435882676615,38.50808780915205,8
production_v4io_joint,production_v4io,ID18,1020,-11.329182288383638,42.334239346214375,8
production_v4io_joint,production_v4io,ID18,1040,3.0835636984141646,44.74687409604157,8
production_v4io_joint,production_v4io,ID18,1060,19.473020651127648,40.34303914203833,8
production_v4io_joint,production_v4io,ID18,1080,-11.225991063463722,41.54657118785985,8
production_v4io_joint,production_v4io,ID18,1100,-23.568313842102178,134.68745444227676,8
production_v4io_joint,production_v4io,ID18,1120,-2.0123461643419414,19.369496012003058,8
production_v4io_joint,production_v4io,ID18,1140,2.733523811602322,32.40891315740587,8
production_v4io_joint,production_v4io,ID18,1160,-3.739873091142919,15.857194670557918,7
production_v4io_joint,production_v4io,ID18,1180,-4.738161087512632,22.282201210340133,7
production_v4io_joint,production_v4io,ID19,0,-71.79047691338737,123.32811724549492,8
production_v4io_joint,production_v4io,ID19,20,-13.882355847527112,186.37610997167926,8
production_v4io_joint,production_v4io,ID19,40,-21.92177563194062,209.24052990153055,8
production_v4io_joint,production_v4io,ID19,60,-134.11294452333541,158.50271013643638,7
production_v4io_joint,production_v4io,ID19,80,-11.070173548082389,215.01529939741096,8
production_v4io_joint,production_v4io,ID19,100,-31.936472454440647,192.14425677360074,8
production_v4io_joint,production_v4io,ID19,120,-31.16776813508619,191.83536636959036,8
production_v4io_joint,production_v4io,ID19,140,-33.233119547331405,180.40850317831422,8
production_v4io_joint,production_v4io,ID19,160,-25.550066730403177,189.88902644055858,8
production_v4io_joint,production_v4io,ID19,180,5.5114666468276035,182.50458068061636,8
production_v4io_joint,production_v4io,ID19,200,-25.8377123650224,191.91360001580844,8
production_v4io_joint,production_v4io,ID19,220,-9.909650683683163,206.97317142665506,8
production_v4io_joint,production_v4io,ID19,240,-9.675341866024334,178.12517754333564,8
production_v4io_joint,production_v4io,ID19,260,-37.474968772603134,180.45043951240854,8
production_v4io_joint,production_v4io,ID19,280,-80.90646030228305,161.76865884942117,8
production_v4io_joint,production_v4io,ID19,300,-17.172291912666516,171.6627887097172,8
production_v4io_joint,production_v4io,ID19,320,-11.659573928190454,181.90582071668726,8
production_v4io_joint,production_v4io,ID19,340,-22.21393714642502,188.51113921890985,8
production_v4io_joint,production_v4io,ID19,360,-13.957475068081663,238.29097518542764,8
production_v4io_joint,production_v4io,ID19,380,-35.71953011554669,177.16789081645098,8
production_v4io_joint,production_v4io,ID19,400,-8.169931478372202,342.16908557287775,8
production_v4io_joint,production_v4io,ID19,420,-9.025217126623012,179.2739767554468,8
production_v4io_joint,production_v4io,ID19,440,-27.79814713198777,179.0168356607443,8
production_v4io_joint,production_v4io,ID19,460,-37.39687429674597,135.86236353200113,7
production_v4io_joint,production_v4io,ID19,480,-41.1682582340443,231.75372151778134,8
production_v4io_joint,production_v4io,ID19,500,-23.201088430505713,201.60302410812608,8
production_v4io_joint,production_v4io,ID19,520,-23.35014367077654,116.8048106631895,7
production_v4io_joint,production_v4io,ID19,540,-35.85254416741295,165.27377877274836,8
production_v4io_joint,production_v4io,ID19,560,-12.76827337736946,220.5701023927701,8
production_v4io_joint,production_v4io,ID19,580,-50.093284858323514,155.09467770572414,8
production_v4io_joint,production_v4io,ID19,600,-47.49860426159425,167.5759475332451,8
production_v4io_joint,production_v4io,ID19,620,0.9214275346385224,213.18421964097058,8
production_v4io_joint,production_v4io,ID19,640,-12.231343755471265,187.89386345115673,8
production_v4io_joint,production_v4io,ID19,660,-3.9103675417483856,211.57082041953657,8
production_v4io_joint,production_v4io,ID19,680,-45.53028195848766,182.82681256876873,8
production_v4io_joint,production_v4io,ID19,700,-21.0881627878305,223.7488500074347,8
production_v4io_joint,production_v4io,ID19,720,-42.78624736591405,161.9559035230073,8
production_v4io_joint,production_v4io,ID19,740,-52.41100288851254,171.4566267097811,8
production_v4io_joint,production_v4io,ID19,760,-33.3408408721591,223.86081798349514,8
production_v4io_joint,production_v4io,ID19,780,-49.87118660709786,182.10178332817034,8
production_v4io_joint,production_v4io,ID19,800,-28.108298076921997,208.59972725683147,8
production_v4io_joint,production_v4io,ID19,820,-47.8790431495635,164.94744136181524,8
production_v4io_joint,production_v4io,ID19,840,-34.01552320041613,178.5531036039261,8
production_v4io_joint,production_v4io,ID19,860,-27.77335351066757,194.95006256290918,8
production_v4io_joint,production_v4io,ID19,880,-36.94210429222074,181.77400128387012,8
production_v4io_joint,production_v4io,ID19,900,-9.46315998161758,157.18795069295672,8
production_v4io_joint,production_v4io,ID19,920,-196.74417260060986,153.90106112064578,8
production_v4io_joint,production_v4io,ID19,940,-23.14462090307873,209.0516281358953,8
production_v4io_joint,production_v4io,ID19,960,-15.185225643251108,198.81420059254046,8
production_v4io_joint,production_v4io,ID19,980,-173.5577553025409,203.83462314721385,7
production_v4io_joint,production_v4io,ID19,1000,-23.608631223315985,180.3307978839067,8
production_v4io_joint,production_v4io,ID19,1020,-33.81967076281248,202.87511042892106,8
production_v4io_joint,production_v4io,ID19,1040,-40.01472087638072,145.71837952730908,8
production_v4io_joint,production_v4io,ID19,1060,-38.20204750375756,151.06260886064655,8
production_v4io_joint,production_v4io,ID19,1080,-38.33249320647335,169.58991520396413,8
production_v4io_joint,production_v4io,ID19,1100,-40.01757533083987,306.91749420905484,8
production_v4io_joint,production_v4io,ID19,1120,-53.95873722127952,167.8455565804238,8
production_v4io_joint,production_v4io,ID19,1140,-16.668851836252713,174.65205453538826,8
production_v4io_joint,production_v4io,ID19,1160,-43.74144298952573,124.55056865729733,7
production_v4io_joint,production_v4io,ID19,1180,-9.143857290682828,209.20392632378986,8
production_v4io_joint,production_v4io,ID19,1200,-18.136508634956428,185.64845337539623,8
production_v4io_joint,production_v4io,ID20,0,-16.62984438615059,95.39724264822966,8
production_v4io_joint,production_v4io,ID20,20,25.351431930101963,92.68570845654936,8
production_v4io_joint,production_v4io,ID20,40,18.704663342034127,139.71438966723878,8
production_v4io_joint,production_v4io,ID20,60,-35.80996560836024,89.17541659066876,8
production_v4io_joint,production_v4io,ID20,80,-5.751088238108562,63.24751727483957,7
production_v4io_joint,production_v4io,ID20,100,2.7456799647797023,183.320472677875,8
production_v4io_joint,production_v4io,ID20,120,-12.397811630602916,98.47142196441914,8
production_v4io_joint,production_v4io,ID20,140,16.382494977909676,86.45289047027839,8
production_v4io_joint,production_v4io,ID20,160,-13.1754652516154,149.38540876826144,8
production_v4io_joint,production_v4io,ID20,180,-15.167702825654512,113.65855840312825,8
production_v4io_joint,production_v4io,ID20,200,-48.97066352421258,135.7529840143428,8
production_v4io_joint,production_v4io,ID20,220,24.207471280866336,96.41442806571793,8
production_v4io_joint,production_v4io,ID20,240,31.28771568421956,104.0428842974468,8
production_v4io_joint,production_v4io,ID20,260,-28.415975664374212,87.27467806314195,7
production_v4io_joint,production_v4io,ID20,280,4.734173774472325,109.11258831346066,8
production_v4io_joint,production_v4io,ID20,300,-21.4862394922798,166.68571243837386,8
production_v4io_joint,production_v4io,ID20,320,-8.465327736177008,93.62934597709187,7
production_v4io_joint,production_v4io,ID20,340,-5.549016341057059,99.35171838890217,8
production_v4io_joint,production_v4io,ID20,360,15.066020884444864,85.63643262907075,8
production_v4io_joint,production_v4io,ID20,380,-19.59499257680299,82.91242721385096,8
production_v4io_joint,production_v4io,ID20,400,-3.7352014634110433,119.09843810373361,8
production_v4io_joint,production_v4io,ID20,420,24.19910303206667,106.44748973012078,8
production_v4io_joint,production_v4io,ID20,440,26.329136081558257,59.0638530540863,7
production_v4io_joint,production_v4io,ID20,460,-0.06205885911215109,105.6479527714113,8
production_v4io_joint,production_v4io,ID20,480,8.662998854585615,85.3998113158191,8
production_v4io_joint,production_v4io,ID20,500,-7.100207352334815,105.25778093619918,8
production_v4io_joint,production_v4io,ID20,520,18.230565831794593,154.5880872193414,8
production_v4io_joint,production_v4io,ID20,540,-20.143518619848205,251.27010046383455,8
production_v4io_joint,production_v4io,ID20,560,-12.740433710234248,91.56340962395845,8
production_v4io_joint,production_v4io,ID20,580,19.54105640454348,124.60489454487278,8
production_v4io_joint,production_v4io,ID20,600,5.990946657812111,95.64794575123156,8
production_v4io_joint,production_v4io,ID20,620,26.003023730302342,82.20778173386692,8
production_v4io_joint,production_v4io,ID20,640,7.414184326719471,157.3005641166778,8
production_v4io_joint,production_v4io,ID20,660,8.57323449384467,161.750846515555,8
production_v4io_joint,production_v4io,ID20,680,9.698567420473383,166.39379300867802,8
production_v4io_joint,production_v4io,ID20,700,5.110371892515296,93.08825364288248,8
production_v4io_joint,production_v4io,ID20,720,-7.761496873347792,162.57943137060604,8
production_v4io_joint,production_v4io,ID20,740,10.644685635431976,81.20333369666001,8
production_v4io_joint,production_v4io,ID20,760,7.804495125121268,84.06765857198995,8
production_v4io_joint,production_v4io,ID20,780,11.73406178309772,84.19504834448276,8
production_v4io_joint,production_v4io,ID20,800,4.980374395044539,123.96985789659968,8
production_v4io_joint,production_v4io,ID20,820,-0.6831372531137003,133.97920154956705,8
production_v4io_joint,production_v4io,ID20,840,-54.21320588529175,133.39083645455085,7
production_v4io_joint,production_v4io,ID20,860,1.1539158535044751,80.502337608931,8
production_v4io_joint,production_v4io,ID20,880,22.167537592390644,85.03253535945316,8
production_v4io_joint,production_v4io,ID20,900,22.882880870316313,102.70704313741435,8
production_v4io_joint,production_v4io,ID20,920,-20.450276578208893,117.59267471343124,8
production_v4io_joint,production_v4io,ID20,940,17.80136899577995,103.45340167538413,8
production_v4io_joint,production_v4io,ID20,960,5.269003861638817,115.92001210516138,8
production_v4io_joint,production_v4io,ID20,980,5.900017018328141,102.79727658015823,8
production_v4io_joint,production_v4io,ID20,1000,0.9746508563929133,79.76708139359816,8
production_v4io_joint,production_v4io,ID20,1020,12.784944367422106,105.65257493555569,7
production_v4io_joint,production_v4io,ID20,1040,3.892534055065903,86.78108525998091,8
production_v4io_joint,production_v4io,ID20,1060,-22.37019351977385,150.74434853194182,8
production_v4io_joint,production_v4io,ID20,1080,21.29441586016092,149.80667952708478,8
production_v4io_joint,production_v4io,ID20,1100,-11.600438428708202,107.0281995329904,8
production_v4io_joint,production_v4io,ID20,1120,-4.577670531166032,264.6759804349167,8
production_v4io_joint,production_v4io,ID20,1140,0.08248574712867468,94.12130462982789,8
production_v4io_joint,production_v4io,ID20,1160,9.38519233025402,93.53899266266448,8
production_v4io_joint,production_v4io,ID20,1180,8.481856231234307,55.215999812556035,7
production_v4io_joint,production_v4io,ID20,1200,-8.632356951539396,134.11798945700008,8
production_v4io_joint,production_v4io,ID21,0,132.36226885678826,154.68241297006344,8
production_v4io_joint,production_v4io,ID21,20,38.16801028308706,88.51023287270655,8
production_v4io_joint,production_v4io,ID21,40,58.21107320685225,118.15972647844023,8
production_v4io_joint,production_v4io,ID21,60,20.895981571923745,75.91333364621674,8
production_v4io_joint,production_v4io,ID21,80,55.581201722047645,101.48564320072212,8
production_v4io_joint,production_v4io,ID21,100,58.10241078590701,110.8799148713319,8
production_v4io_joint,production_v4io,ID21,120,45.662396660031895,133.82243593526493,8
production_v4io_joint,production_v4io,ID21,140,38.52859555368826,112.77366161579342,8
production_v4io_joint,production_v4io,ID21,160,18.39377804757678,108.42862749914056,8
production_v4io_joint,production_v4io,ID21,180,64.74576230107223,122.6129032702787,8
production_v4io_joint,production_v4io,ID21,200,39.978056274201926,110.06673828621916,8
production_v4io_joint,production_v4io,ID21,220,37.68819956793565,182.36869013689838,8
production_v4io_joint,production_v4io,ID21,240,23.84676619082019,81.62822170979325,8
production_v4io_joint,production_v4io,ID21,260,38.01472861120928,108.13395120121116,8
production_v4io_joint,production_v4io,ID21,280,22.603103784188846,101.99769198681582,7
production_v4io_joint,production_v4io,ID21,300,53.24946672960617,88.1486456933351,8
production_v4io_joint,production_v4io,ID21,320,38.11940263787216,81.7222436573613,8
production_v4io_joint,production_v4io,ID21,340,3.312180855086168,76.25532580664077,8
production_v4io_joint,production_v4io,ID21,360,55.39078708252513,79.7703066467978,8
production_v4io_joint,production_v4io,ID21,380,49.00158967003465,149.54867618075647,8
production_v4io_joint,production_v4io,ID21,400,135.33953079763992,145.27614297224815,8
production_v4io_joint,production_v4io,ID21,420,16.807455195192613,82.48734438917094,8
production_v4io_joint,production_v4io,ID21,440,47.05372865570825,113.88155964528076,8
production_v4io_joint,production_v4io,ID21,460,0.8485857977792884,73.07957558930367,7
production_v4io_joint,production_v4io,ID21,480,21.95425598308053,108.06423675523489,8
production_v4io_joint,production_v4io,ID21,500,51.743140205522174,95.11016545253315,8
production_v4io_joint,production_v4io,ID21,520,33.1324256682349,118.59860928830739,8
production_v4io_joint,production_v4io,ID21,540,70.2221489458516,123.68875735647427,8
production_v4io_joint,production_v4io,ID21,560,11.461746444297239,75.51436831465381,8
production_v4io_joint,production_v4io,ID21,580,58.239886777029355,104.06473391326693,8
production_v4io_joint,production_v4io,ID21,600,58.05971339961501,126.12746451518392,8
production_v4io_joint,production_v4io,ID21,620,9.651827202236122,91.96695134395591,8
production_v4io_joint,production_v4io,ID21,640,22.934819063577937,113.36354550470443,7
production_v4io_joint,production_v4io,ID21,660,8.032373446269448,66.68597962351535,8
production_v4io_joint,production_v4io,ID21,680,51.45961571832923,95.15985926511928,8
production_v4io_joint,production_v4io,ID21,700,2.7966003399961212,225.87035324441564,8
production_v4io_joint,production_v4io,ID21,720,21.873847459304653,81.70579115366223,8
production_v4io_joint,production_v4io,ID21,740,59.01476879782464,91.99312930337223,8
production_v4io_joint,production_v4io,ID21,760,21.86355128929604,91.17126601353334,8
production_v4io_joint,production_v4io,ID21,780,39.47941232478066,90.34113567198878,8
production_v4io_joint,production_v4io,ID21,800,77.0787937085545,149.9142601212352,8
production_v4io_joint,production_v4io,ID21,820,23.575332205580917,68.17243029008368,8
production_v4io_joint,production_v4io,ID21,840,35.37931098284347,89.3204318650966,8
production_v4io_joint,production_v4io,ID21,860,34.7393820674237,107.39080201608378,8
production_v4io_joint,production_v4io,ID21,880,51.64067752891709,97.03081212652303,8
production_v4io_joint,production_v4io,ID21,900,36.014567580796374,86.30834306551961,8
production_v4io_joint,production_v4io,ID21,920,34.33933223331887,75.1016889968212,8
production_v4io_joint,production_v4io,ID21,940,14.8575558053191,82.99946948840183,8
production_v4io_joint,production_v4io,ID21,960,54.70459495344525,124.016694157687,8
production_v4io_joint,production_v4io,ID21,980,101.26527483717372,163.11158636865926,8
production_v4io_joint,production_v4io,ID21,1000,15.005840174736427,86.43715312277656,8
production_v4io_joint,production_v4io,ID21,1020,11.393731160378156,83.77976699185844,8
production_v4io_joint,production_v4io,ID21,1040,51.35132672467225,94.5700873385127,7
production_v4io_joint,production_v4io,ID21,1060,38.8795867050766,104.59488497451967,8
production_v4io_joint,production_v4io,ID21,1080,9.731101688678764,113.5655825967018,8
production_v4io_joint,production_v4io,ID21,1100,54.611783115423044,120.89490047978249,8
production_v4io_joint,production_v4io,ID21,1120,46.472691960422296,94.60475419829858,8
production_v4io_joint,production_v4io,ID21,1140,50.02083114814701,113.80596199745366,8
production_v4io_joint,production_v4io,ID21,1160,42.5566223685531,133.24686676724878,8
production_v4io_joint,production_v4io,ID21,1180,6.627285718573763,101.39687438450852,8
production_v4io_joint,production_v4io,ID21,1200,49.84981744129021,101.07470664320533,8
production_v4io_joint,production_v4io,ID22,0,34.52765462885647,118.49019855055958,8
production_v4io_joint,production_v4io,ID22,20,32.78012923335563,114.52736584269314,8
production_v4io_joint,production_v4io,ID22,40,43.87326827000919,110.75582635537268,8
production_v4io_joint,production_v4io,ID22,60,41.13996187951876,118.57345396194559,8
production_v4io_joint,production_v4io,ID22,80,34.71776924324463,127.84723942320232,8
production_v4io_joint,production_v4io,ID22,100,59.12043816569862,116.71617931783634,8
production_v4io_joint,production_v4io,ID22,120,20.78066735711746,103.11638318932509,8
production_v4io_joint,production_v4io,ID22,140,67.1046458023544,114.14288687419617,8
production_v4io_joint,production_v4io,ID22,160,181.91069729458764,163.91553576175218,8
production_v4io_joint,production_v4io,ID22,180,43.86433592673467,107.86852904477746,8
production_v4io_joint,production_v4io,ID22,200,61.976169465727935,102.76818178987972,8
production_v4io_joint,production_v4io,ID22,220,36.31878462623277,122.67468707144766,7
production_v4io_joint,production_v4io,ID22,240,27.92901215030538,126.46457202765853,8
production_v4io_joint,production_v4io,ID22,260,51.32642669151237,107.31630114810203,8
production_v4io_joint,production_v4io,ID22,280,40.796231651600586,97.8220643619681,8
production_v4io_joint,production_v4io,ID22,300,61.76868061596742,108.07353058096183,8
production_v4io_joint,production_v4io,ID22,320,43.728079509428575,88.4170398460021,8
production_v4io_joint,production_v4io,ID22,340,29.997470474356106,111.99108559949819,8
production_v4io_joint,production_v4io,ID22,360,53.72665734453145,108.6118532803512,8
production_v4io_joint,production_v4io,ID22,380,50.54824735168669,121.2451074814139,8
production_v4io_joint,production_v4io,ID22,400,72.81271836819475,208.07229927278695,8
production_v4io_joint,production_v4io,ID22,420,63.125222170440416,106.39934191575286,8
production_v4io_joint,production_v4io,ID22,440,64.0695997566678,122.47928809831228,8
production_v4io_joint,production_v4io,ID22,460,73.59913826432052,207.14202688060388,8
production_v4io_joint,production_v4io,ID22,480,44.618803318055384,135.42372547065233,8
production_v4io_joint,production_v4io,ID22,500,57.5640812026845,115.01058143014082,8
production_v4io_joint,production_v4io,ID22,520,24.573847080546912,140.37634222603415,7
production_v4io_joint,production_v4io,ID22,540,70.42691407697839,119.01574215292797,8
production_v4io_joint,production_v4io,ID22,560,43.17274812144561,121.28349059688543,8
production_v4io_joint,production_v4io,ID22,580,75.07826848087848,95.46649804175965,8
production_v4io_joint,production_v4io,ID22,600,54.710259011234484,123.28757644376687,8
production_v4io_joint,production_v4io,ID22,620,46.16569538239575,122.40828626534015,8
production_v4io_joint,production_v4io,ID22,640,43.629168146697396,123.90520143044256,8
production_v4io_joint,production_v4io,ID22,660,48.09050160852795,104.61394519291564,8
production_v4io_joint,production_v4io,ID22,680,43.42016565827715,112.94396743293044,8
production_v4io_joint,production_v4io,ID22,700,75.32245151525396,111.09332132082719,8
production_v4io_joint,production_v4io,ID22,720,37.53646395454228,107.18544819903377,8
production_v4io_joint,production_v4io,ID22,740,44.47011362449375,98.62767078244534,8
production_v4io_joint,production_v4io,ID22,760,56.39616913479678,82.22536257705241,8
production_v4io_joint,production_v4io,ID22,780,53.880572802218374,106.69433356152918,8
production_v4io_joint,production_v4io,ID22,800,70.20555798705004,109.16007574378946,8
production_v4io_joint,production_v4io,ID22,820,28.124683456554955,114.08487319435632,8
production_v4io_joint,production_v4io,ID22,840,41.802333172749094,123.72928427861646,8
production_v4io_joint,production_v4io,ID22,860,185.4052462833472,162.95242820803085,8
production_v4io_joint,production_v4io,ID22,880,46.07573498397612,114.42495385936543,8
production_v4io_joint,production_v4io,ID22,900,41.59098440325726,123.70663556078442,8
production_v4io_joint,production_v4io,ID22,920,53.91691221054284,120.59146681049671,8
production_v4io_joint,production_v4io,ID22,940,67.7665860587228,119.99904465177906,8
production_v4io_joint,production_v4io,ID22,960,26.62722008961372,128.20498443619786,8
production_v4io_joint,production_v4io,ID22,980,66.25182185414306,204.23699792205332,8
production_v4io_joint,production_v4io,ID22,1000,65.20953076216446,129.82883405216108,8
production_v4io_joint,production_v4io,ID22,1020,53.3761980261948,120.67941992596604,8
production_v4io_joint,production_v4io,ID22,1040,42.99885561779854,132.37134182384884,7
production_v4io_joint,production_v4io,ID22,1060,30.862569040450563,141.9360787097287,8
production_v4io_joint,production_v4io,ID22,1080,40.5488776500625,114.04425106435788,8
production_v4io_joint,production_v4io,ID22,1100,18.36131848616141,121.03280539703798,7
production_v4io_joint,production_v4io,ID22,1120,68.93736369130076,106.1191288098207,8
production_v4io_joint,production_v4io,ID22,1140,63.43357379266666,101.9274300291552,8
production_v4io_joint,production_v4io,ID22,1160,48.51557081970298,124.58781442317489,8
production_v4io_joint,production_v4io,ID22,1180,18.667049761007867,124.78679505465163,8
production_v4io_joint,production_v4io,ID22,1200,43.158128719448285,129.18406157089967,8
production_v4io_joint,production_v4io,ID23,0,70.42525171487925,66.64342518868504,8
production_v4io_joint,production_v4io,ID23,20,37.20405626308988,94.8205907796593,8
production_v4io_joint,production_v4io,ID23,40,26.224851334703565,80.0010920482729,8
production_v4io_joint,production_v4io,ID23,60,60.148251359712205,70.35549224829097,8
production_v4io_joint,production_v4io,ID23,80,17.446420215016232,80.23502551595132,8
production_v4io_joint,production_v4io,ID23,100,14.142288767620244,94.72253433886726,8
production_v4io_joint,production_v4io,ID23,120,33.37336597044851,63.57124856993305,8
production_v4io_joint,production_v4io,ID23,140,39.67820766843771,79.35757905111119,8
production_v4io_joint,production_v4io,ID23,160,152.21693854330476,109.91242449824105,8
production_v4io_joint,production_v4io,ID23,180,37.60854644152731,72.28290807747513,8
production_v4io_joint,production_v4io,ID23,200,16.37259689927332,86.93667302987511,8
production_v4io_joint,production_v4io,ID23,220,11.276083428029485,106.6317157219598,8
production_v4io_joint,production_v4io,ID23,240,37.8968432891512,86.22575114511866,8
production_v4io_joint,production_v4io,ID23,260,61.71276475909029,59.86935047216152,8
production_v4io_joint,production_v4io,ID23,280,54.64681498291035,58.84202768866231,8
production_v4io_joint,production_v4io,ID23,300,23.386692142882872,76.94058603450985,8
production_v4io_joint,production_v4io,ID23,320,56.20897659037006,55.48478068267941,8
production_v4io_joint,production_v4io,ID23,340,108.40318681104156,142.585495354974,8
production_v4io_joint,production_v4io,ID23,360,30.4927086095594,74.83805352231309,8
production_v4io_joint,production_v4io,ID23,380,43.06397029584909,71.334758229292,8
production_v4io_joint,production_v4io,ID23,400,54.45343838080727,77.56212448614612,7
production_v4io_joint,production_v4io,ID23,420,25.18891313247853,82.14789309034092,8
production_v4io_joint,production_v4io,ID23,440,19.709489167905335,96.52401662441798,8
production_v4io_joint,production_v4io,ID23,460,63.43392996832036,83.75385522722803,8
production_v4io_joint,production_v4io,ID23,480,49.49792699551351,66.53229777997198,8
production_v4io_joint,production_v4io,ID23,500,80.78268536005888,59.87789884718014,8
production_v4io_joint,production_v4io,ID23,520,63.556706914386005,63.81727099161545,8
production_v4io_joint,production_v4io,ID23,540,53.8089993209036,68.17492538577172,8
production_v4io_joint,production_v4io,ID23,560,87.48618665870143,72.17490661541235,8
production_v4io_joint,production_v4io,ID23,580,41.246497364361495,47.40469356938719,7
production_v4io_joint,production_v4io,ID23,600,86.72217663434738,72.46762719403564,8
production_v4io_joint,production_v4io,ID23,620,59.65709694186045,65.87931352351401,8
production_v4io_joint,production_v4io,ID23,640,79.77682040572324,67.45443008370037,8
production_v4io_joint,production_v4io,ID23,660,62.81732423812255,75.10375969750977,8
production_v4io_joint,production_v4io,ID23,680,156.7336982366702,96.87324270420712,8
production_v4io_joint,production_v4io,ID23,700,64.3302128857091,85.06953198604185,8
production_v4io_joint,production_v4io,ID23,720,29.45313561223638,64.30381087085173,8
production_v4io_joint,production_v4io,ID23,740,172.86466750559453,83.5367680932953,8
production_v4io_joint,production_v4io,ID23,760,36.41713859949034,68.75490825071431,8
production_v4io_joint,production_v4io,ID23,780,40.95957816294083,75.73642557965621,8
production_v4io_joint,production_v4io,ID23,800,82.60145549355805,80.96809197129416,8
production_v4io_joint,production_v4io,ID23,820,30.79042285099544,79.44276367592893,8
production_v4io_joint,production_v4io,ID23,840,52.4512755758996,83.817232223772,8
production_v4io_joint,production_v4io,ID23,860,58.80620483181098,75.83684821140729,8
production_v4io_joint,production_v4io,ID23,880,98.80603925332234,68.78297606969114,8
production_v4io_joint,production_v4io,ID23,900,66.03954925411716,75.26841478501908,8
production_v4io_joint,production_v4io,ID23,920,100.15253721286051,126.77967217607572,8
production_v4io_joint,production_v4io,ID23,940,84.69075279041635,76.71960056834487,8
production_v4io_joint,production_v4io,ID23,960,34.64946833201978,94.7628941660949,8
production_v4io_joint,production_v4io,ID23,980,73.75634350932539,72.46055313963382,7
production_v4io_joint,production_v4io,ID23,1000,63.48768099114559,80.56521796309558,8
production_v4io_joint,production_v4io,ID23,1020,65.1678944310603,58.72656009167226,8
production_v4io_joint,production_v4io,ID23,1040,99.12198179111667,122.235859414023,8
production_v4io_joint,production_v4io,ID23,1060,67.34442415745951,67.95100031063818,8
production_v4io_joint,production_v4io,ID23,1080,12.81823915697651,101.18798893174484,8
production_v4io_joint,production_v4io,ID23,1100,40.548987631393445,80.09581351052077,8
production_v4io_joint,production_v4io,ID23,1120,19.950729450229932,93.64544513873585,8
production_v4io_joint,production_v4io,ID23,1140,45.30602966145562,76.72492595581593,8
production_v4io_joint,production_v4io,ID23,1160,84.46433720313227,100.00014102058354,8
production_v4io_joint,production_v4io,ID23,1180,83.098447020137,50.71644433363359,8
production_v4io_joint,production_v4io,ID23,1200,44.5327484736475,75.92405885743962,8
production_v4io_joint,production_v4io,ID24,0,42.337148178251546,158.21847361264736,7
production_v4io_joint,production_v4io,ID24,20,63.16706720722096,150.1931667094753,8
production_v4io_joint,production_v4io,ID24,40,31.604531885775156,150.2941457015962,8
production_v4io_joint,production_v4io,ID24,60,75.86869408881277,162.24501536182902,8
production_v4io_joint,production_v4io,ID24,80,33.28876562096056,159.2049446196871,8
production_v4io_joint,production_v4io,ID24,100,54.748014123169256,167.6503980472752,8
production_v4io_joint,production_v4io,ID24,120,36.83084921975676,158.62790876956007,8
production_v4io_joint,production_v4io,ID24,140,51.59072008090972,163.46468234692048,8
production_v4io_joint,production_v4io,ID24,160,13.174491630873714,157.48985473181827,7
production_v4io_joint,production_v4io,ID24,180,32.0278829967391,156.69902848610317,8
production_v4io_joint,production_v4io,ID24,200,4.283523753935062,156.39300856925445,8
production_v4io_joint,production_v4io,ID24,220,10.077884730210293,169.4024070211953,8
production_v4io_joint,production_v4io,ID24,240,65.07094227230823,150.88624938107006,8
production_v4io_joint,production_v4io,ID24,260,66.08556658920882,153.93569187885893,8
production_v4io_joint,production_v4io,ID24,280,37.17526727161412,155.19249153523842,8
production_v4io_joint,production_v4io,ID24,300,15.683210194609586,141.32936499466706,8
production_v4io_joint,production_v4io,ID24,320,68.36093377163567,167.90850115016775,8
production_v4io_joint,production_v4io,ID24,340,71.22303663970763,183.4824628497796,8
production_v4io_joint,production_v4io,ID24,360,49.63755780854878,142.25148350082034,8
production_v4io_joint,production_v4io,ID24,380,32.88567811339211,154.6983223521745,8
production_v4io_joint,production_v4io,ID24,400,96.84702493328886,167.9832012333719,8
production_v4io_joint,production_v4io,ID24,420,34.64242717511833,156.10419227333642,8
production_v4io_joint,production_v4io,ID24,440,39.526086534517226,165.1706218983726,8
production_v4io_joint,production_v4io,ID24,460,77.08085929199144,143.25443199943052,7
production_v4io_joint,production_v4io,ID24,480,49.880353611802995,156.8424862109413,8
production_v4io_joint,production_v4io,ID24,500,30.046463657570577,160.55572408933037,8
production_v4io_joint,production_v4io,ID24,520,38.36808603164732,175.1386791722728,8
production_v4io_joint,production_v4io,ID24,540,33.404217642806145,157.44463320036485,8
production_v4io_joint,production_v4io,ID24,560,81.45197062851075,147.51300098365772,8
production_v4io_joint,production_v4io,ID24,580,60.25677618774052,157.3953334360056,8
production_v4io_joint,production_v4io,ID24,600,34.87068022823937,137.746921743846,8
production_v4io_joint,production_v4io,ID24,620,45.37144888427273,138.8599783242553,8
production_v4io_joint,production_v4io,ID24,640,69.37092755492381,235.28323783807855,7
production_v4io_joint,production_v4io,ID24,660,44.68797869152665,168.28091015216495,8
production_v4io_joint,production_v4io,ID24,680,38.539341343098734,148.17176179807586,8
production_v4io_joint,production_v4io,ID24,700,70.45767097782584,153.04494651942593,8
production_v4io_joint,production_v4io,ID24,720,26.744019277598333,176.97546616804303,8
production_v4io_joint,production_v4io,ID24,740,58.249501951375436,152.5547001411468,8
production_v4io_joint,production_v4io,ID24,760,67.08027387432024,171.60715947593366,8
production_v4io_joint,production_v4io,ID24,780,48.65848685076792,154.75639464535888,8
production_v4io_joint,production_v4io,ID24,800,37.16104179459179,169.29828676766357,8
production_v4io_joint,production_v4io,ID24,820,52.57459886707921,151.57954911218445,8
production_v4io_joint,production_v4io,ID24,840,45.01827812067848,153.45220787712427,8
production_v4io_joint,production_v4io,ID24,860,150.6410674058133,152.79250757501248,8
production_v4io_joint,production_v4io,ID24,880,59.581050563726244,171.06120494289354,8
production_v4io_joint,production_v4io,ID24,900,58.61970755394789,148.16064481477656,8
production_v4io_joint,production_v4io,ID24,920,119.71880345506275,167.76115753331135,8
production_v4io_joint,production_v4io,ID24,940,53.83744036040695,144.7182463400423,8
production_v4io_joint,production_v4io,ID24,960,59.13588488564647,149.19615210425448,8
production_v4io_joint,production_v4io,ID24,980,37.77279278411063,147.31333556967985,8
production_v4io_joint,production_v4io,ID24,1000,75.98268521045266,144.2020942334476,8
production_v4io_joint,production_v4io,ID24,1020,41.97708356395627,142.24626164636274,8
production_v4io_joint,production_v4io,ID24,1040,55.37319672779029,158.5288586298217,8
production_v4io_joint,production_v4io,ID24,1060,50.2408160001382,152.09858760713044,8
production_v4io_joint,production_v4io,ID24,1080,59.5147777050022,153.5220971834309,8
production_v4io_joint,production_v4io,ID24,1100,101.42955463572258,174.22689572857718,8
production_v4io_joint,production_v4io,ID24,1120,65.47343635912173,143.8672936400077,8
production_v4io_joint,production_v4io,ID24,1140,63.06422827480783,171.36702128917068,8
production_v4io_joint,production_v4io,ID24,1160,61.004704478539864,163.3379643721989,7
production_v4io_joint,production_v4io,ID24,1180,70.87345008506533,150.1902128465472,8
production_v4io_joint,production_v4io,ID24,1200,65.1025047930697,141.76617720458526,8
phase1c_common_mode_joint,phase1c_common_mode,ID01,0,26.294653294010068,69.96011222344816,8
phase1c_common_mode_joint,phase1c_common_mode,ID01,20,-15.37589581349232,74.6643076613023,7
phase1c_common_mode_joint,phase1c_common_mode,ID01,40,7.8802687908479445,92.76991039989767,8
phase1c_common_mode_joint,phase1c_common_mode,ID01,60,20.860842788323243,87.10048270480564,8
phase1c_common_mode_joint,phase1c_common_mode,ID01,80,-57.76672757521532,62.918184627884195,8
phase1c_common_mode_joint,phase1c_common_mode,ID01,100,-18.656646977273954,93.90645328929033,8
phase1c_common_mode_joint,phase1c_common_mode,ID01,120,34.944542322405155,67.67236410984032,8
phase1c_common_mode_joint,phase1c_common_mode,ID01,140,-29.983192853325875,165.91448636809974,8
phase1c_common_mode_joint,phase1c_common_mode,ID01,160,12.772674850249135,68.51336804460065,8
phase1c_common_mode_joint,phase1c_common_mode,ID01,180,30.40553728443257,70.65616420490886,8
phase1c_common_mode_joint,phase1c_common_mode,ID01,200,11.46789713625486,166.93834056121537,8
phase1c_common_mode_joint,phase1c_common_mode,ID01,220,-28.80508753634658,58.06026507700876,8
phase1c_common_mode_joint,phase1c_common_mode,ID01,240,-49.597325751400305,91.50105123086948,8
phase1c_common_mode_joint,phase1c_common_mode,ID01,260,-14.025121804516406,180.00535897900372,8
phase1c_common_mode_joint,phase1c_common_mode,ID01,280,-31.72812040611857,86.40643246727653,8
phase1c_common_mode_joint,phase1c_common_mode,ID01,300,5.728569300758227,78.33475194054466,8
phase1c_common_mode_joint,phase1c_common_mode,ID01,320,26.97955386425638,79.39880677770253,7
phase1c_common_mode_joint,phase1c_common_mode,ID01,340,14.419389006424163,77.66918928322146,8
phase1c_common_mode_joint,phase1c_common_mode,ID01,360,25.912075670261387,94.93015140731299,8
phase1c_common_mode_joint,phase1c_common_mode,ID01,380,42.084346217253334,69.03251520357966,8
phase1c_common_mode_joint,phase1c_common_mode,ID01,400,10.822105612479804,84.82907804766111,8
phase1c_common_mode_joint,phase1c_common_mode,ID01,420,23.962261507813054,84.29718732316911,8
phase1c_common_mode_joint,phase1c_common_mode,ID01,440,47.09115411658838,64.0910249346056,8
phase1c_common_mode_joint,phase1c_common_mode,ID01,460,8.65862374806478,72.8904099815675,8
phase1c_common_mode_joint,phase1c_common_mode,ID01,480,6.16600130351319,90.75544461883435,8
phase1c_common_mode_joint,phase1c_common_mode,ID01,500,21.16061780638136,86.00612303632671,7
phase1c_common_mode_joint,phase1c_common_mode,ID01,520,-13.460087642058015,94.53110558850487,8
phase1c_common_mode_joint,phase1c_common_mode,ID01,540,25.323423686112786,62.000604388459486,8
phase1c_common_mode_joint,phase1c_common_mode,ID01,560,-3.455861381005109,72.08979514072395,8
phase1c_common_mode_joint,phase1c_common_mode,ID01,580,21.12219918246347,61.63797298726226,8
phase1c_common_mode_joint,phase1c_common_mode,ID01,600,4.821274551376632,88.88040211524017,8
phase1c_common_mode_joint,phase1c_common_mode,ID01,620,-25.79350807989562,84.7299279302261,8
phase1c_common_mode_joint,phase1c_common_mode,ID01,640,-10.410744902620623,66.39658026601064,8
phase1c_common_mode_joint,phase1c_common_mode,ID01,660,-60.518708400893544,81.01455228984997,8
phase1c_common_mode_joint,phase1c_common_mode,ID01,680,4.85274928022409,85.67755005729217,8
phase1c_common_mode_joint,phase1c_common_mode,ID01,700,22.824715765010524,85.80930576015196,8
phase1c_common_mode_joint,phase1c_common_mode,ID01,720,18.82528446044859,105.72185536184216,8
phase1c_common_mode_joint,phase1c_common_mode,ID01,740,18.31011429631496,87.76545061849235,8
phase1c_common_mode_joint,phase1c_common_mode,ID01,760,-8.975065667210501,66.91099712201323,8
phase1c_common_mode_joint,phase1c_common_mode,ID01,780,12.21771351750824,66.34763935371636,8
phase1c_common_mode_joint,phase1c_common_mode,ID01,800,-18.19214956068461,75.72654288390504,8
phase1c_common_mode_joint,phase1c_common_mode,ID01,820,18.54877512919357,86.06248376145963,8
phase1c_common_mode_joint,phase1c_common_mode,ID01,840,16.352002948423422,151.4464936456866,8
phase1c_common_mode_joint,phase1c_common_mode,ID01,860,41.91991008144211,79.81608325763202,8
phase1c_common_mode_joint,phase1c_common_mode,ID01,880,17.53480894836176,80.66330595433384,8
phase1c_common_mode_joint,phase1c_common_mode,ID01,900,-39.68794268566403,102.22565812370914,7
phase1c_common_mode_joint,phase1c_common_mode,ID01,920,47.79002473974312,77.7093548898413,8
phase1c_common_mode_joint,phase1c_common_mode,ID01,940,20.063304709735633,72.34597946895053,8
phase1c_common_mode_joint,phase1c_common_mode,ID01,960,-21.170285769487926,146.15777613578115,8
phase1c_common_mode_joint,phase1c_common_mode,ID01,980,-19.361381020044064,78.64595776150213,8
phase1c_common_mode_joint,phase1c_common_mode,ID01,1000,3.4150759205846555,87.44566979721878,8
phase1c_common_mode_joint,phase1c_common_mode,ID01,1020,-17.329881375948357,103.71727991843771,8
phase1c_common_mode_joint,phase1c_common_mode,ID01,1040,9.915615389684346,81.01118653790057,8
phase1c_common_mode_joint,phase1c_common_mode,ID01,1060,-15.932654107818014,68.65016693852847,8
phase1c_common_mode_joint,phase1c_common_mode,ID01,1080,17.608971507624403,78.76158608058937,8
phase1c_common_mode_joint,phase1c_common_mode,ID01,1100,34.691624297806335,89.47990956557413,8
phase1c_common_mode_joint,phase1c_common_mode,ID01,1120,24.37823036755229,85.08931465704002,8
phase1c_common_mode_joint,phase1c_common_mode,ID01,1140,7.078285059509453,74.30262000794707,8
phase1c_common_mode_joint,phase1c_common_mode,ID01,1160,24.15438625718465,89.32046176717866,8
phase1c_common_mode_joint,phase1c_common_mode,ID01,1180,5.418399513019958,70.69132611500949,8
phase1c_common_mode_joint,phase1c_common_mode,ID01,1200,-3.5957687439186485,185.31490156734756,8
phase1c_common_mode_joint,phase1c_common_mode,ID02,0,44.23397802705339,55.24544912661357,8
phase1c_common_mode_joint,phase1c_common_mode,ID02,20,25.510623474770696,55.45345896934915,8
phase1c_common_mode_joint,phase1c_common_mode,ID02,40,56.686886663055205,185.2527083094609,8
phase1c_common_mode_joint,phase1c_common_mode,ID02,60,15.400841109211846,73.87588306530164,8
phase1c_common_mode_joint,phase1c_common_mode,ID02,80,14.722800986425781,65.04916873562867,8
phase1c_common_mode_joint,phase1c_common_mode,ID02,100,8.347340241319385,52.686489345935186,8
phase1c_common_mode_joint,phase1c_common_mode,ID02,120,19.347237493009036,54.836822688699925,8
phase1c_common_mode_joint,phase1c_common_mode,ID02,140,26.88501004174348,96.9525674881912,8
phase1c_common_mode_joint,phase1c_common_mode,ID02,160,32.997559076033575,61.52986690039526,8
phase1c_common_mode_joint,phase1c_common_mode,ID02,180,20.887531807947255,41.71987980565643,8
phase1c_common_mode_joint,phase1c_common_mode,ID02,200,45.99043137202284,48.339300249568474,8
phase1c_common_mode_joint,phase1c_common_mode,ID02,220,37.26567498603677,45.94982620210624,8
phase1c_common_mode_joint,phase1c_common_mode,ID02,240,48.70928264844116,64.18488666019397,8
phase1c_common_mode_joint,phase1c_common_mode,ID02,260,5.79301153453583,73.07673319813603,8
phase1c_common_mode_joint,phase1c_common_mode,ID02,280,38.55632938886692,129.49550107754192,8
phase1c_common_mode_joint,phase1c_common_mode,ID02,300,44.47929275798251,54.29962613449634,8
phase1c_common_mode_joint,phase1c_common_mode,ID02,320,21.88649546421238,53.03831940728368,8
phase1c_common_mode_joint,phase1c_common_mode,ID02,340,26.795055261296493,77.74144468751074,8
phase1c_common_mode_joint,phase1c_common_mode,ID02,360,44.18176926086062,73.8979938090248,8
phase1c_common_mode_joint,phase1c_common_mode,ID02,380,17.298627326512655,47.8518537739257,8
phase1c_common_mode_joint,phase1c_common_mode,ID02,400,40.84435158010642,65.98755639450341,8
phase1c_common_mode_joint,phase1c_common_mode,ID02,420,48.341599485848654,57.22976402209961,8
phase1c_common_mode_joint,phase1c_common_mode,ID02,440,31.4073630828333,63.343806843496225,8
phase1c_common_mode_joint,phase1c_common_mode,ID02,460,27.750410651459422,66.94511522882169,8
phase1c_common_mode_joint,phase1c_common_mode,ID02,480,20.711488276646318,58.57098675626711,8
phase1c_common_mode_joint,phase1c_common_mode,ID02,500,43.64133568598683,42.817155678982665,8
phase1c_common_mode_joint,phase1c_common_mode,ID02,520,39.12305125122785,63.17051287485236,8
phase1c_common_mode_joint,phase1c_common_mode,ID02,540,44.04542664186274,45.196733085389894,8
phase1c_common_mode_joint,phase1c_common_mode,ID02,560,47.265329922474876,162.53001944307448,8
phase1c_common_mode_joint,phase1c_common_mode,ID02,580,28.91275672103885,59.23701910436421,8
phase1c_common_mode_joint,phase1c_common_mode,ID02,600,30.756901205857996,64.36311630091171,8
phase1c_common_mode_joint,phase1c_common_mode,ID02,620,48.33772372412862,50.48415335764798,8
phase1c_common_mode_joint,phase1c_common_mode,ID02,640,28.380374509378417,64.07689941838207,8
phase1c_common_mode_joint,phase1c_common_mode,ID02,660,23.035243978517972,40.22388692680362,8
phase1c_common_mode_joint,phase1c_common_mode,ID02,680,29.536262130047497,75.32388132819969,8
phase1c_common_mode_joint,phase1c_common_mode,ID02,700,20.298665645187988,56.43345490088175,8
phase1c_common_mode_joint,phase1c_common_mode,ID02,720,42.869231622639724,90.0302051361239,8
phase1c_common_mode_joint,phase1c_common_mode,ID02,740,99.58427087003119,116.91281418861503,8
phase1c_common_mode_joint,phase1c_common_mode,ID02,760,38.72087361567753,41.46848883691122,8
phase1c_common_mode_joint,phase1c_common_mode,ID02,780,35.99294134787563,81.80257996361172,8
phase1c_common_mode_joint,phase1c_common_mode,ID02,800,7.4041198646715,65.00577821319933,7
phase1c_common_mode_joint,phase1c_common_mode,ID02,820,36.09164746001489,56.71171229751243,8
phase1c_common_mode_joint,phase1c_common_mode,ID02,840,32.88800871584872,94.49436486477254,8
phase1c_common_mode_joint,phase1c_common_mode,ID02,860,42.669971767178204,54.19906149214598,8
phase1c_common_mode_joint,phase1c_common_mode,ID02,880,37.9151484767022,57.91871021315054,8
phase1c_common_mode_joint,phase1c_common_mode,ID02,900,22.80949867962862,33.622823858851085,8
phase1c_common_mode_joint,phase1c_common_mode,ID02,920,44.65415652139184,79.44846298288945,8
phase1c_common_mode_joint,phase1c_common_mode,ID02,940,43.75567352439222,56.74274616131268,8
phase1c_common_mode_joint,phase1c_common_mode,ID02,960,37.55313755606518,58.984538083760874,8
phase1c_common_mode_joint,phase1c_common_mode,ID02,980,56.67559066130348,51.9136436638413,8
phase1c_common_mode_joint,phase1c_common_mode,ID02,1000,34.23859496039102,51.351617468039116,8
phase1c_common_mode_joint,phase1c_common_mode,ID02,1020,6.220262226622004,58.121940225241865,8
phase1c_common_mode_joint,phase1c_common_mode,ID02,1040,36.726994540653536,163.50033074017702,8
phase1c_common_mode_joint,phase1c_common_mode,ID02,1060,42.31835204807008,55.80242308571619,8
phase1c_common_mode_joint,phase1c_common_mode,ID02,1080,30.92722787887181,49.363594550004,8
phase1c_common_mode_joint,phase1c_common_mode,ID02,1100,31.932570955403694,57.947600585959215,8
phase1c_common_mode_joint,phase1c_common_mode,ID02,1120,33.222324307285085,86.20032275787312,8
phase1c_common_mode_joint,phase1c_common_mode,ID02,1140,44.799818274498634,157.36044067543025,8
phase1c_common_mode_joint,phase1c_common_mode,ID02,1160,20.887983260438705,60.51670031225355,8
phase1c_common_mode_joint,phase1c_common_mode,ID02,1180,37.992910231275374,76.36252484908206,8
phase1c_common_mode_joint,phase1c_common_mode,ID02,1200,34.90034484301246,97.69881838367104,8
phase1c_common_mode_joint,phase1c_common_mode,ID03,0,-7.711330043486182,137.27507960226424,8
phase1c_common_mode_joint,phase1c_common_mode,ID03,20,33.56665951005954,150.93059647782962,8
phase1c_common_mode_joint,phase1c_common_mode,ID03,40,8.210543374110454,133.6064028111022,8
phase1c_common_mode_joint,phase1c_common_mode,ID03,60,37.857428027569824,150.47044716069666,8
phase1c_common_mode_joint,phase1c_common_mode,ID03,80,24.166187627724277,140.00064828382204,8
phase1c_common_mode_joint,phase1c_common_mode,ID03,100,183.0994033876427,214.65079069803573,8
phase1c_common_mode_joint,phase1c_common_mode,ID03,120,20.969657149345302,130.96636182242682,8
phase1c_common_mode_joint,phase1c_common_mode,ID03,140,5.534716316227063,157.3744459997614,8
phase1c_common_mode_joint,phase1c_common_mode,ID03,160,12.842231935456036,146.5679674243744,8
phase1c_common_mode_joint,phase1c_common_mode,ID03,180,-21.59637307335707,130.3477754797685,8
phase1c_common_mode_joint,phase1c_common_mode,ID03,200,-20.515861977235016,137.00033849005266,8
phase1c_common_mode_joint,phase1c_common_mode,ID03,220,30.55091356420591,191.23480281368973,8
phase1c_common_mode_joint,phase1c_common_mode,ID03,240,-2.444512592252524,133.0404839815403,8
phase1c_common_mode_joint,phase1c_common_mode,ID03,260,27.54810851830734,134.46639532167376,8
phase1c_common_mode_joint,phase1c_common_mode,ID03,280,68.36065442631596,173.4344401947385,8
phase1c_common_mode_joint,phase1c_common_mode,ID03,300,39.026766567540776,144.24934178470042,8
phase1c_common_mode_joint,phase1c_common_mode,ID03,320,6.217650455446755,137.43970604510145,8
phase1c_common_mode_joint,phase1c_common_mode,ID03,340,-13.162669613823503,146.076008700512,8
phase1c_common_mode_joint,phase1c_common_mode,ID03,360,-35.62349334510061,106.89854915904769,8
phase1c_common_mode_joint,phase1c_common_mode,ID03,380,36.91900661825535,128.3326838735798,8
phase1c_common_mode_joint,phase1c_common_mode,ID03,400,14.808243886616912,133.5408816746684,8
phase1c_common_mode_joint,phase1c_common_mode,ID03,420,7.547095211204645,129.57734331324025,8
phase1c_common_mode_joint,phase1c_common_mode,ID03,440,3.6169546603590046,134.09536911137783,8
phase1c_common_mode_joint,phase1c_common_mode,ID03,460,49.88726452522394,134.28698741951246,8
phase1c_common_mode_joint,phase1c_common_mode,ID03,480,-17.084958980042703,129.26917632220125,8
phase1c_common_mode_joint,phase1c_common_mode,ID03,500,21.637848877674546,156.11402996277363,8
phase1c_common_mode_joint,phase1c_common_mode,ID03,520,29.2722609802303,133.062643476305,8
phase1c_common_mode_joint,phase1c_common_mode,ID03,540,-20.269688194894112,123.25063391908384,8
phase1c_common_mode_joint,phase1c_common_mode,ID03,560,-28.124615621478796,131.1490137505065,8
phase1c_common_mode_joint,phase1c_common_mode,ID03,580,2.4180439113866323,143.18165721674868,8
phase1c_common_mode_joint,phase1c_common_mode,ID03,600,5.95326341722514,151.477601176603,8
phase1c_common_mode_joint,phase1c_common_mode,ID03,620,194.14785786397556,186.80634013469185,8
phase1c_common_mode_joint,phase1c_common_mode,ID03,640,4.730343004992236,152.12226894708851,8
phase1c_common_mode_joint,phase1c_common_mode,ID03,660,0.43150262973393105,161.21028730584453,8
phase1c_common_mode_joint,phase1c_common_mode,ID03,680,33.74135254380808,123.45974972047482,8
phase1c_common_mode_joint,phase1c_common_mode,ID03,700,3.5641796726106554,139.9236348038295,8
phase1c_common_mode_joint,phase1c_common_mode,ID03,720,-1.4167065827763925,138.03109027821236,8
phase1c_common_mode_joint,phase1c_common_mode,ID03,740,-12.680517925672623,137.70401388349637,8
phase1c_common_mode_joint,phase1c_common_mode,ID03,760,43.517214777482046,164.612957112214,8
phase1c_common_mode_joint,phase1c_common_mode,ID03,780,16.313752388623,136.40589496419634,8
phase1c_common_mode_joint,phase1c_common_mode,ID03,800,-45.289114702973706,186.53033737506954,8
phase1c_common_mode_joint,phase1c_common_mode,ID03,820,3.737294321597496,147.47104187189785,8
phase1c_common_mode_joint,phase1c_common_mode,ID03,840,0.1837643429613074,135.66517709089806,8
phase1c_common_mode_joint,phase1c_common_mode,ID03,860,40.56032114586373,168.02841445503037,8
phase1c_common_mode_joint,phase1c_common_mode,ID03,880,-4.994066095421293,151.06853785937966,8
phase1c_common_mode_joint,phase1c_common_mode,ID03,900,36.884520884926026,149.12206028243006,8
phase1c_common_mode_joint,phase1c_common_mode,ID03,920,67.01778475190918,160.74415669876484,7
phase1c_common_mode_joint,phase1c_common_mode,ID03,940,18.63934372256448,145.67088778745475,8
phase1c_common_mode_joint,phase1c_common_mode,ID03,960,58.75142738643526,114.68118583089898,8
phase1c_common_mode_joint,phase1c_common_mode,ID03,980,-20.51920437309899,133.2601051058508,8
phase1c_common_mode_joint,phase1c_common_mode,ID03,1000,10.954826552944601,168.2275584932748,8
phase1c_common_mode_joint,phase1c_common_mode,ID03,1020,12.955048323633708,133.98157086631238,8
phase1c_common_mode_joint,phase1c_common_mode,ID03,1040,24.401773430600223,141.42575788533588,8
phase1c_common_mode_joint,phase1c_common_mode,ID03,1060,-6.135919301346638,140.03800729238398,8
phase1c_common_mode_joint,phase1c_common_mode,ID03,1080,-8.652298364314577,156.4862278380845,8
phase1c_common_mode_joint,phase1c_common_mode,ID03,1100,-39.28470370464511,137.48132661168478,8
phase1c_common_mode_joint,phase1c_common_mode,ID03,1120,36.51096236654092,152.69255973609694,8
phase1c_common_mode_joint,phase1c_common_mode,ID03,1140,14.662104912861148,159.81561816480536,8
phase1c_common_mode_joint,phase1c_common_mode,ID03,1160,14.981855614980379,144.33076906847486,8
phase1c_common_mode_joint,phase1c_common_mode,ID03,1180,15.562628524236144,137.7818198440832,8
phase1c_common_mode_joint,phase1c_common_mode,ID03,1200,203.32902606790424,210.44627521841088,8
phase1c_common_mode_joint,phase1c_common_mode,ID04,0,35.13904820946577,95.77375015711118,8
phase1c_common_mode_joint,phase1c_common_mode,ID04,20,12.600665093068486,98.57386832712972,8
phase1c_common_mode_joint,phase1c_common_mode,ID04,40,-31.192428768674958,82.28369037664079,8
phase1c_common_mode_joint,phase1c_common_mode,ID04,60,28.93074692494239,99.51554428482581,8
phase1c_common_mode_joint,phase1c_common_mode,ID04,80,19.53745352961894,69.53486118962128,8
phase1c_common_mode_joint,phase1c_common_mode,ID04,100,25.688947754609362,77.66984609705811,8
phase1c_common_mode_joint,phase1c_common_mode,ID04,120,15.143284240461785,88.740349108469,8
phase1c_common_mode_joint,phase1c_common_mode,ID04,140,-12.71279302498631,86.33930579901597,8
phase1c_common_mode_joint,phase1c_common_mode,ID04,160,22.298325453725717,76.92473238806431,8
phase1c_common_mode_joint,phase1c_common_mode,ID04,180,-9.705158089016157,76.14613337146093,8
phase1c_common_mode_joint,phase1c_common_mode,ID04,200,14.838267695140567,68.50837292021,8
phase1c_common_mode_joint,phase1c_common_mode,ID04,220,-31.54088339633366,100.80393293470361,8
phase1c_common_mode_joint,phase1c_common_mode,ID04,240,-5.883747466297533,74.68800855180757,8
phase1c_common_mode_joint,phase1c_common_mode,ID04,260,15.667672374304027,61.23252562285923,8
phase1c_common_mode_joint,phase1c_common_mode,ID04,280,10.294171285110579,116.54870810468452,8
phase1c_common_mode_joint,phase1c_common_mode,ID04,300,-6.731568543639438,86.31643612552143,8
phase1c_common_mode_joint,phase1c_common_mode,ID04,320,13.809688707573025,78.72838093664741,8
phase1c_common_mode_joint,phase1c_common_mode,ID04,340,25.4692948472471,87.1584884720008,8
phase1c_common_mode_joint,phase1c_common_mode,ID04,360,25.436707793052104,69.14309358727652,8
phase1c_common_mode_joint,phase1c_common_mode,ID04,380,6.831154501870901,67.51434485216095,8
phase1c_common_mode_joint,phase1c_common_mode,ID04,400,3.5320897695825204,99.4034993721236,8
phase1c_common_mode_joint,phase1c_common_mode,ID04,420,-7.015340178841095,66.550982745034,8
phase1c_common_mode_joint,phase1c_common_mode,ID04,440,-19.281075966254193,65.31335692027169,8
phase1c_common_mode_joint,phase1c_common_mode,ID04,460,8.56612242842108,85.89828261213313,8
phase1c_common_mode_joint,phase1c_common_mode,ID04,480,-4.352797861223043,84.46308825702864,8
phase1c_common_mode_joint,phase1c_common_mode,ID04,500,23.325635560712964,239.54981277268257,8
phase1c_common_mode_joint,phase1c_common_mode,ID04,520,-9.884839394441052,93.23327176532429,8
phase1c_common_mode_joint,phase1c_common_mode,ID04,540,31.57330645649927,79.75316459006038,8
phase1c_common_mode_joint,phase1c_common_mode,ID04,560,16.201739318194694,43.090813054868114,7
phase1c_common_mode_joint,phase1c_common_mode,ID04,580,14.65614603322223,73.88777306580735,8
phase1c_common_mode_joint,phase1c_common_mode,ID04,600,-12.603668237597708,89.50703048697156,8
phase1c_common_mode_joint,phase1c_common_mode,ID04,620,31.66072140593016,96.4854499456129,8
phase1c_common_mode_joint,phase1c_common_mode,ID04,640,-8.545175144090756,78.75870824149324,8
phase1c_common_mode_joint,phase1c_common_mode,ID04,660,30.087461049954086,81.54532373176221,8
phase1c_common_mode_joint,phase1c_common_mode,ID04,680,14.341172834140268,85.4080195362452,8
phase1c_common_mode_joint,phase1c_common_mode,ID04,700,-17.542294518403903,86.52443436487637,8
phase1c_common_mode_joint,phase1c_common_mode,ID04,720,9.142502235452646,82.77073195354929,8
phase1c_common_mode_joint,phase1c_common_mode,ID04,740,-28.737417561574283,130.0325744440408,8
phase1c_common_mode_joint,phase1c_common_mode,ID04,760,17.71670674003865,80.49188608710854,8
phase1c_common_mode_joint,phase1c_common_mode,ID04,780,28.663002904056246,111.15873009981995,8
phase1c_common_mode_joint,phase1c_common_mode,ID04,800,-10.81883906509122,117.60208831432075,8
phase1c_common_mode_joint,phase1c_common_mode,ID04,820,15.449757173475163,79.01397407103599,8
phase1c_common_mode_joint,phase1c_common_mode,ID04,840,16.107126819680122,73.7374682934448,8
phase1c_common_mode_joint,phase1c_common_mode,ID04,860,-30.302065158667208,76.01659943893591,7
phase1c_common_mode_joint,phase1c_common_mode,ID04,880,32.170758002160966,90.79910184369812,8
phase1c_common_mode_joint,phase1c_common_mode,ID04,900,14.205834874092066,98.29951772466767,8
phase1c_common_mode_joint,phase1c_common_mode,ID04,920,45.103792601487605,110.50357819676557,8
phase1c_common_mode_joint,phase1c_common_mode,ID04,940,30.223109032322512,97.1527569245179,8
phase1c_common_mode_joint,phase1c_common_mode,ID04,960,8.542676122708823,75.60835056334186,8
phase1c_common_mode_joint,phase1c_common_mode,ID04,980,9.839841933047934,94.39817150955434,8
phase1c_common_mode_joint,phase1c_common_mode,ID04,1000,11.09552788387907,78.02992175759309,8
phase1c_common_mode_joint,phase1c_common_mode,ID04,1020,45.16323779955884,66.1434540687278,8
phase1c_common_mode_joint,phase1c_common_mode,ID04,1040,5.149047560805359,77.84815341848922,8
phase1c_common_mode_joint,phase1c_common_mode,ID04,1060,-4.327531612887812,67.52936820116292,8
phase1c_common_mode_joint,phase1c_common_mode,ID04,1080,-37.06972939981918,88.3899679130393,8
phase1c_common_mode_joint,phase1c_common_mode,ID04,1100,27.893012863817145,111.43863121556547,7
phase1c_common_mode_joint,phase1c_common_mode,ID04,1120,43.9416556262472,71.92404280932669,8
phase1c_common_mode_joint,phase1c_common_mode,ID04,1140,-3.3489367454094063,61.86582702405479,8
phase1c_common_mode_joint,phase1c_common_mode,ID04,1160,13.714517570081497,60.889790476130045,8
phase1c_common_mode_joint,phase1c_common_mode,ID04,1180,13.277319229598211,86.13813803733362,8
phase1c_common_mode_joint,phase1c_common_mode,ID04,1200,-9.752728699161537,230.717640833501,8
phase1c_common_mode_joint,phase1c_common_mode,ID05,0,71.24324270623376,131.79577040728026,8
phase1c_common_mode_joint,phase1c_common_mode,ID05,20,52.67227656080558,130.56733730072548,8
phase1c_common_mode_joint,phase1c_common_mode,ID05,40,35.514574351698954,161.08224870108378,8
phase1c_common_mode_joint,phase1c_common_mode,ID05,60,61.32177523220037,142.9937713243684,8
phase1c_common_mode_joint,phase1c_common_mode,ID05,80,54.50019794010022,145.54799432561398,8
phase1c_common_mode_joint,phase1c_common_mode,ID05,100,37.80993571561422,162.495662696684,7
phase1c_common_mode_joint,phase1c_common_mode,ID05,120,82.77014833704345,147.82978693325907,8
phase1c_common_mode_joint,phase1c_common_mode,ID05,140,70.54924827689244,69.78667338095264,8
phase1c_common_mode_joint,phase1c_common_mode,ID05,160,76.65489587485015,158.6816032365953,8
phase1c_common_mode_joint,phase1c_common_mode,ID05,180,51.68054114723261,142.39924767746317,8
phase1c_common_mode_joint,phase1c_common_mode,ID05,200,53.276462626355205,127.18163430434471,8
phase1c_common_mode_joint,phase1c_common_mode,ID05,220,70.34021689081048,136.60450992304737,8
phase1c_common_mode_joint,phase1c_common_mode,ID05,240,57.90159326190649,137.62567903870547,8
phase1c_common_mode_joint,phase1c_common_mode,ID05,260,63.26417930220699,159.3742046285172,8
phase1c_common_mode_joint,phase1c_common_mode,ID05,280,98.54497465570142,237.00519275060984,8
phase1c_common_mode_joint,phase1c_common_mode,ID05,300,74.1141867769541,134.51655262972412,8
phase1c_common_mode_joint,phase1c_common_mode,ID05,320,60.49606981545526,150.62416382808445,8
phase1c_common_mode_joint,phase1c_common_mode,ID05,340,37.45392559092686,160.59160200543724,7
phase1c_common_mode_joint,phase1c_common_mode,ID05,360,41.77939555715625,144.56993539030586,8
phase1c_common_mode_joint,phase1c_common_mode,ID05,380,75.42380295875759,149.0343745085885,8
phase1c_common_mode_joint,phase1c_common_mode,ID05,400,59.226173760321366,160.20537395746612,7
phase1c_common_mode_joint,phase1c_common_mode,ID05,420,71.82806467431381,127.71911153430658,8
phase1c_common_mode_joint,phase1c_common_mode,ID05,440,42.0596103921548,161.72442410417398,8
phase1c_common_mode_joint,phase1c_common_mode,ID05,460,82.85344811686292,72.45291134463332,8
phase1c_common_mode_joint,phase1c_common_mode,ID05,480,68.31780065285862,153.9349285946759,8
phase1c_common_mode_joint,phase1c_common_mode,ID05,500,45.252182047096255,139.82810176767214,8
phase1c_common_mode_joint,phase1c_common_mode,ID05,520,66.16576997988469,164.51336279714323,8
phase1c_common_mode_joint,phase1c_common_mode,ID05,540,74.93910045953697,164.64611446284178,8
phase1c_common_mode_joint,phase1c_common_mode,ID05,560,51.06867756197334,138.59068535793728,8
phase1c_common_mode_joint,phase1c_common_mode,ID05,580,60.75202944221993,151.7080632151878,8
phase1c_common_mode_joint,phase1c_common_mode,ID05,600,33.89766263929673,143.60472477981415,8
phase1c_common_mode_joint,phase1c_common_mode,ID05,620,51.146306308027235,80.19714357928345,8
phase1c_common_mode_joint,phase1c_common_mode,ID05,640,67.65991624401624,144.06587534362347,8
phase1c_common_mode_joint,phase1c_common_mode,ID05,660,51.930560979809336,113.2352790876314,8
phase1c_common_mode_joint,phase1c_common_mode,ID05,680,96.23254378392316,134.05072379514695,6
phase1c_common_mode_joint,phase1c_common_mode,ID05,700,58.5158166704377,144.5031200500148,8
phase1c_common_mode_joint,phase1c_common_mode,ID05,720,57.80913643538933,123.99748560222868,8
phase1c_common_mode_joint,phase1c_common_mode,ID05,740,200.41188430781295,170.02912416211842,8
phase1c_common_mode_joint,phase1c_common_mode,ID05,760,63.62050623374654,147.08862760599848,8
phase1c_common_mode_joint,phase1c_common_mode,ID05,780,53.034754841246816,148.47783347862395,8
phase1c_common_mode_joint,phase1c_common_mode,ID05,800,196.74038994608404,174.25977849424177,8
phase1c_common_mode_joint,phase1c_common_mode,ID05,820,71.76963377660594,138.91305132782432,8
phase1c_common_mode_joint,phase1c_common_mode,ID05,840,80.43644892002683,125.42190888419452,8
phase1c_common_mode_joint,phase1c_common_mode,ID05,860,91.22246041520818,127.8060911570021,8
phase1c_common_mode_joint,phase1c_common_mode,ID05,880,66.09108405201341,147.0568762629423,8
phase1c_common_mode_joint,phase1c_common_mode,ID05,900,90.64097588124112,123.89676770377241,8
phase1c_common_mode_joint,phase1c_common_mode,ID05,920,57.95313309471547,128.8575373821699,8
phase1c_common_mode_joint,phase1c_common_mode,ID05,940,79.42117937987268,118.51166647769553,8
phase1c_common_mode_joint,phase1c_common_mode,ID05,960,44.20688818079291,144.1829137642364,8
phase1c_common_mode_joint,phase1c_common_mode,ID05,980,83.65045186307715,194.98558866317617,8
phase1c_common_mode_joint,phase1c_common_mode,ID05,1000,70.66148079266671,124.40575456072027,8
phase1c_common_mode_joint,phase1c_common_mode,ID05,1020,41.22136739557812,131.71349645077308,8
phase1c_common_mode_joint,phase1c_common_mode,ID05,1040,68.85006492306302,182.1326144869118,7
phase1c_common_mode_joint,phase1c_common_mode,ID05,1060,57.94879453147118,142.79633015714649,8
phase1c_common_mode_joint,phase1c_common_mode,ID05,1080,62.85744390014607,123.31123923584758,8
phase1c_common_mode_joint,phase1c_common_mode,ID05,1100,54.82302278490422,29.153765431004135,7
phase1c_common_mode_joint,phase1c_common_mode,ID05,1120,88.73206174666916,119.53793455298508,8
phase1c_common_mode_joint,phase1c_common_mode,ID05,1140,65.46270050787398,134.13080331777715,8
phase1c_common_mode_joint,phase1c_common_mode,ID05,1160,91.58587388080896,144.57935218445886,8
phase1c_common_mode_joint,phase1c_common_mode,ID05,1180,53.83195045944096,160.2319401898962,8
phase1c_common_mode_joint,phase1c_common_mode,ID06,0,101.34395462238476,61.58792288499717,8
phase1c_common_mode_joint,phase1c_common_mode,ID06,20,48.33281389870964,65.02535569654377,8
phase1c_common_mode_joint,phase1c_common_mode,ID06,40,54.24743113742562,56.0102852820706,8
phase1c_common_mode_joint,phase1c_common_mode,ID06,60,74.87575883357118,64.39384438784141,8
phase1c_common_mode_joint,phase1c_common_mode,ID06,80,94.14557526706223,68.47241760167572,8
phase1c_common_mode_joint,phase1c_common_mode,ID06,100,61.57065456492379,60.88996838324372,8
phase1c_common_mode_joint,phase1c_common_mode,ID06,120,74.2536208566998,74.4539236024593,8
phase1c_common_mode_joint,phase1c_common_mode,ID06,140,169.93399599307716,125.49607265000328,8
phase1c_common_mode_joint,phase1c_common_mode,ID06,160,61.853950101321374,78.51591078048793,8
phase1c_common_mode_joint,phase1c_common_mode,ID06,180,62.68200292785555,70.9670361248477,8
phase1c_common_mode_joint,phase1c_common_mode,ID06,200,101.37019830762455,64.35783965948342,8
phase1c_common_mode_joint,phase1c_common_mode,ID06,220,82.37818082412537,86.83724409220368,8
phase1c_common_mode_joint,phase1c_common_mode,ID06,240,97.28404426804065,73.40437389610406,8
phase1c_common_mode_joint,phase1c_common_mode,ID06,260,93.49044601238684,56.916799740041355,8
phase1c_common_mode_joint,phase1c_common_mode,ID06,280,66.03579878501303,67.91597418904482,8
phase1c_common_mode_joint,phase1c_common_mode,ID06,300,111.01181914413927,78.38425267220602,8
phase1c_common_mode_joint,phase1c_common_mode,ID06,320,214.65658248117367,94.40825046758853,8
phase1c_common_mode_joint,phase1c_common_mode,ID06,340,96.35827851396513,67.68774684422947,8
phase1c_common_mode_joint,phase1c_common_mode,ID06,360,69.82670144675978,69.99677708215071,8
phase1c_common_mode_joint,phase1c_common_mode,ID06,380,197.61322819792082,105.88115351826285,8
phase1c_common_mode_joint,phase1c_common_mode,ID06,400,106.73077073473813,71.95663678759117,8
phase1c_common_mode_joint,phase1c_common_mode,ID06,420,133.3359260125981,59.852960876248055,8
phase1c_common_mode_joint,phase1c_common_mode,ID06,440,94.39831130278974,74.53291848199228,7
phase1c_common_mode_joint,phase1c_common_mode,ID06,460,60.120525142419105,67.19810292214197,8
phase1c_common_mode_joint,phase1c_common_mode,ID06,480,82.61924624809802,72.18596395922596,8
phase1c_common_mode_joint,phase1c_common_mode,ID06,500,101.2188148434923,67.30668273608033,8
phase1c_common_mode_joint,phase1c_common_mode,ID06,520,68.34973311918912,61.12708570374105,8
phase1c_common_mode_joint,phase1c_common_mode,ID06,540,79.68649685253499,63.19239419484695,8
phase1c_common_mode_joint,phase1c_common_mode,ID06,560,110.8875591421824,62.92675023022155,8
phase1c_common_mode_joint,phase1c_common_mode,ID06,580,60.865046004058655,77.65371285276237,8
phase1c_common_mode_joint,phase1c_common_mode,ID06,600,89.25116572968116,68.94414586546334,8
phase1c_common_mode_joint,phase1c_common_mode,ID06,620,123.1224032567275,72.039486949576,7
phase1c_common_mode_joint,phase1c_common_mode,ID06,640,114.1869215451966,66.24038666723479,8
phase1c_common_mode_joint,phase1c_common_mode,ID06,660,207.19671659607334,133.640525561379,8
phase1c_common_mode_joint,phase1c_common_mode,ID06,680,113.5797874834551,56.251975579976474,8
phase1c_common_mode_joint,phase1c_common_mode,ID06,700,102.86874113478731,62.91176870450182,8
phase1c_common_mode_joint,phase1c_common_mode,ID06,720,206.11234373192292,143.76561463666619,8
phase1c_common_mode_joint,phase1c_common_mode,ID06,740,104.48873571646469,72.24884548947985,8
phase1c_common_mode_joint,phase1c_common_mode,ID06,760,83.90760246317826,57.2171127263322,8
phase1c_common_mode_joint,phase1c_common_mode,ID06,780,98.17932745581814,74.4003382083448,8
phase1c_common_mode_joint,phase1c_common_mode,ID06,800,84.1748101621372,59.06559176024004,8
phase1c_common_mode_joint,phase1c_common_mode,ID06,820,99.04465201025174,62.57329516234439,8
phase1c_common_mode_joint,phase1c_common_mode,ID06,840,100.70975261969623,73.2460285960389,8
phase1c_common_mode_joint,phase1c_common_mode,ID06,860,66.8255939715613,71.6830910976108,8
phase1c_common_mode_joint,phase1c_common_mode,ID06,880,83.05874937650368,76.94501029335093,8
phase1c_common_mode_joint,phase1c_common_mode,ID06,900,246.85040359119893,116.62075575958578,8
phase1c_common_mode_joint,phase1c_common_mode,ID06,920,84.00488674002155,59.442546192881956,8
phase1c_common_mode_joint,phase1c_common_mode,ID06,940,94.85505693255058,53.92156931876962,8
phase1c_common_mode_joint,phase1c_common_mode,ID06,960,207.25501395874946,133.95958455300493,8
phase1c_common_mode_joint,phase1c_common_mode,ID06,980,80.82089702540996,65.4234226825028,8
phase1c_common_mode_joint,phase1c_common_mode,ID06,1000,115.4035395761248,70.44122938591028,8
phase1c_common_mode_joint,phase1c_common_mode,ID06,1020,98.35833587341251,62.546109792342754,8
phase1c_common_mode_joint,phase1c_common_mode,ID06,1040,97.1081592480776,57.62605400663414,8
phase1c_common_mode_joint,phase1c_common_mode,ID06,1060,82.02897187363747,56.89057139378299,8
phase1c_common_mode_joint,phase1c_common_mode,ID06,1080,68.56454274867939,82.47210618077614,8
phase1c_common_mode_joint,phase1c_common_mode,ID06,1100,99.8601361047439,62.46604846931913,8
phase1c_common_mode_joint,phase1c_common_mode,ID06,1120,47.749516733962274,67.35114061136014,8
phase1c_common_mode_joint,phase1c_common_mode,ID06,1140,91.44269716786391,55.96374965933762,8
phase1c_common_mode_joint,phase1c_common_mode,ID06,1160,92.85424348444455,46.50902976156409,8
phase1c_common_mode_joint,phase1c_common_mode,ID06,1180,64.79874970525015,70.23951880437087,8
phase1c_common_mode_joint,phase1c_common_mode,ID06,1200,111.56316315721999,65.43835954330916,7
phase1c_common_mode_joint,phase1c_common_mode,ID07,0,-87.81849225046051,76.11985293777802,8
phase1c_common_mode_joint,phase1c_common_mode,ID07,20,-58.91489122837956,79.15238003474785,8
phase1c_common_mode_joint,phase1c_common_mode,ID07,40,-120.92894237136721,92.71082782091935,8
phase1c_common_mode_joint,phase1c_common_mode,ID07,60,-51.123880417958105,75.97503512697293,8
phase1c_common_mode_joint,phase1c_common_mode,ID07,80,-55.63963857581147,77.35112930114865,8
phase1c_common_mode_joint,phase1c_common_mode,ID07,100,-99.38180886136136,97.56251066401143,8
phase1c_common_mode_joint,phase1c_common_mode,ID07,120,-78.34724350900206,74.37317674061131,8
phase1c_common_mode_joint,phase1c_common_mode,ID07,140,-27.980835537952235,67.05002815095034,8
phase1c_common_mode_joint,phase1c_common_mode,ID07,160,-11.883969276130331,263.5841419461393,8
phase1c_common_mode_joint,phase1c_common_mode,ID07,180,-105.54086665186837,58.024955803558306,8
phase1c_common_mode_joint,phase1c_common_mode,ID07,200,-49.489781718168345,78.3961998956017,8
phase1c_common_mode_joint,phase1c_common_mode,ID07,220,-90.635621351854,105.67874185589156,7
phase1c_common_mode_joint,phase1c_common_mode,ID07,240,-110.47511575518337,82.8063787833175,8
phase1c_common_mode_joint,phase1c_common_mode,ID07,260,-90.84745364839755,88.76865498585687,8
phase1c_common_mode_joint,phase1c_common_mode,ID07,280,-92.64822771393986,63.322102255684456,8
phase1c_common_mode_joint,phase1c_common_mode,ID07,300,-94.31728689902022,67.07897099629122,8
phase1c_common_mode_joint,phase1c_common_mode,ID07,320,-78.19185297068856,84.74014506097036,8
phase1c_common_mode_joint,phase1c_common_mode,ID07,340,-57.507967233939226,80.12518980854202,8
phase1c_common_mode_joint,phase1c_common_mode,ID07,360,-59.38936684389054,96.07089713845147,8
phase1c_common_mode_joint,phase1c_common_mode,ID07,380,-72.52028554800957,83.39761175528116,8
phase1c_common_mode_joint,phase1c_common_mode,ID07,400,-78.84914130706733,46.75149791867871,8
phase1c_common_mode_joint,phase1c_common_mode,ID07,420,-74.12775087918128,67.25893077330483,8
phase1c_common_mode_joint,phase1c_common_mode,ID07,440,-54.68320817381923,79.91182389654732,8
phase1c_common_mode_joint,phase1c_common_mode,ID07,460,-107.01624379092495,25.425207997225183,7
phase1c_common_mode_joint,phase1c_common_mode,ID07,480,-78.7044707737837,67.41731527607459,8
phase1c_common_mode_joint,phase1c_common_mode,ID07,500,-46.60062643082941,103.03553529683376,8
phase1c_common_mode_joint,phase1c_common_mode,ID07,520,-87.39540917483285,50.544993062492615,8
phase1c_common_mode_joint,phase1c_common_mode,ID07,540,-59.26901288038209,96.01812289578324,8
phase1c_common_mode_joint,phase1c_common_mode,ID07,560,-80.53148857534161,65.8511112465849,8
phase1c_common_mode_joint,phase1c_common_mode,ID07,580,-83.17441644183035,83.01539185035313,8
phase1c_common_mode_joint,phase1c_common_mode,ID07,600,-98.88773853787907,67.17971712982009,8
phase1c_common_mode_joint,phase1c_common_mode,ID07,620,-160.93420093256006,81.97274688623496,8
phase1c_common_mode_joint,phase1c_common_mode,ID07,640,-66.92973076965662,75.12438345996527,8
phase1c_common_mode_joint,phase1c_common_mode,ID07,660,-80.26666996509414,63.41548872605709,8
phase1c_common_mode_joint,phase1c_common_mode,ID07,680,-122.25635317117506,74.84125296869577,8
phase1c_common_mode_joint,phase1c_common_mode,ID07,700,-74.46115157253982,79.52169681203686,8
phase1c_common_mode_joint,phase1c_common_mode,ID07,720,-96.95672890517135,78.92644993084285,8
phase1c_common_mode_joint,phase1c_common_mode,ID07,740,-105.21151666158973,71.91574314297075,8
phase1c_common_mode_joint,phase1c_common_mode,ID07,760,-101.02328395885924,75.3679384304283,8
phase1c_common_mode_joint,phase1c_common_mode,ID07,780,-45.87757694674305,79.5985477912678,8
phase1c_common_mode_joint,phase1c_common_mode,ID07,800,-68.12032203792818,72.07134047779986,8
phase1c_common_mode_joint,phase1c_common_mode,ID07,820,-114.88853211544664,77.63764822017382,8
phase1c_common_mode_joint,phase1c_common_mode,ID07,840,-117.1859204520595,67.8469744936306,8
phase1c_common_mode_joint,phase1c_common_mode,ID07,860,-87.48679193786823,68.96161245093785,8
phase1c_common_mode_joint,phase1c_common_mode,ID07,880,-90.5146643457843,86.33566575750332,8
phase1c_common_mode_joint,phase1c_common_mode,ID07,900,-74.31241275635493,82.27459329573158,8
phase1c_common_mode_joint,phase1c_common_mode,ID07,920,-49.314377964582754,222.5697179843904,8
phase1c_common_mode_joint,phase1c_common_mode,ID07,940,-85.0878816653461,86.0566673848962,8
phase1c_common_mode_joint,phase1c_common_mode,ID07,960,-76.09839057175384,48.18666270431896,8
phase1c_common_mode_joint,phase1c_common_mode,ID07,980,-33.5847664930603,93.91133479803372,7
phase1c_common_mode_joint,phase1c_common_mode,ID07,1000,-68.9934403921087,90.42677755841659,8
phase1c_common_mode_joint,phase1c_common_mode,ID07,1020,-41.69268448926171,76.28316395233843,8
phase1c_common_mode_joint,phase1c_common_mode,ID07,1040,-8.971480137502867,81.05244042767366,7
phase1c_common_mode_joint,phase1c_common_mode,ID07,1060,-123.23195652588203,74.16037215220871,8
phase1c_common_mode_joint,phase1c_common_mode,ID07,1080,-45.146446697220355,77.87870574345943,8
phase1c_common_mode_joint,phase1c_common_mode,ID07,1100,-50.47016640964477,75.22027810102482,7
phase1c_common_mode_joint,phase1c_common_mode,ID07,1120,-112.64886877667011,61.534103847924996,8
phase1c_common_mode_joint,phase1c_common_mode,ID07,1140,-67.06341568027511,72.01875882892188,8
phase1c_common_mode_joint,phase1c_common_mode,ID07,1160,-149.6059553263111,68.51907101284957,8
phase1c_common_mode_joint,phase1c_common_mode,ID07,1180,-93.89553517698116,74.2520422212617,8
phase1c_common_mode_joint,phase1c_common_mode,ID07,1200,-43.57006033187242,94.30375730513155,8
phase1c_common_mode_joint,phase1c_common_mode,ID08,0,76.60177877695298,124.42928189581545,8
phase1c_common_mode_joint,phase1c_common_mode,ID08,20,67.53183278481171,116.66280474668893,8
phase1c_common_mode_joint,phase1c_common_mode,ID08,40,95.96637414302904,125.68294514136493,8
phase1c_common_mode_joint,phase1c_common_mode,ID08,60,68.76174633222014,110.38582230539842,8
phase1c_common_mode_joint,phase1c_common_mode,ID08,80,58.73520714757281,115.71294074029271,8
phase1c_common_mode_joint,phase1c_common_mode,ID08,100,76.11503455864074,135.51072819211439,8
phase1c_common_mode_joint,phase1c_common_mode,ID08,120,66.39747054418076,108.56962785497184,8
phase1c_common_mode_joint,phase1c_common_mode,ID08,140,87.77750142702796,95.35243871842611,8
phase1c_common_mode_joint,phase1c_common_mode,ID08,160,23.764629344608423,111.07123353178652,8
phase1c_common_mode_joint,phase1c_common_mode,ID08,180,81.72730462400524,121.8136940730886,8
phase1c_common_mode_joint,phase1c_common_mode,ID08,200,60.124981062602934,105.49965060369779,8
phase1c_common_mode_joint,phase1c_common_mode,ID08,220,162.94507668210508,185.62668856497038,8
phase1c_common_mode_joint,phase1c_common_mode,ID08,240,48.48313432002017,110.22111375446859,8
phase1c_common_mode_joint,phase1c_common_mode,ID08,260,46.515943383927976,109.6932469043454,8
phase1c_common_mode_joint,phase1c_common_mode,ID08,280,123.78582694147102,133.96839314459334,7
phase1c_common_mode_joint,phase1c_common_mode,ID08,300,78.51813347767533,108.39810884002894,8
phase1c_common_mode_joint,phase1c_common_mode,ID08,320,53.004557544634594,109.91076514088155,8
phase1c_common_mode_joint,phase1c_common_mode,ID08,340,95.7849791990748,127.72137365893984,8
phase1c_common_mode_joint,phase1c_common_mode,ID08,360,86.08699098792817,128.459984185501,8
phase1c_common_mode_joint,phase1c_common_mode,ID08,380,73.10634820252065,109.26333287228717,8
phase1c_common_mode_joint,phase1c_common_mode,ID08,400,55.88780077066999,124.05414668028703,8
phase1c_common_mode_joint,phase1c_common_mode,ID08,420,86.2345800524658,93.63441403432307,8
phase1c_common_mode_joint,phase1c_common_mode,ID08,440,44.038051437635936,109.20798615481125,8
phase1c_common_mode_joint,phase1c_common_mode,ID08,460,69.28396940493695,129.27948741776584,7
phase1c_common_mode_joint,phase1c_common_mode,ID08,480,77.42042294490767,104.65575711766564,8
phase1c_common_mode_joint,phase1c_common_mode,ID08,500,62.58482718692301,104.26829181816527,8
phase1c_common_mode_joint,phase1c_common_mode,ID08,520,78.94811854254328,121.48770000408257,8
phase1c_common_mode_joint,phase1c_common_mode,ID08,540,65.78611578288347,121.11762538662185,8
phase1c_common_mode_joint,phase1c_common_mode,ID08,560,72.23204675570956,122.23655878144983,8
phase1c_common_mode_joint,phase1c_common_mode,ID08,580,67.78599510125812,117.45174076776885,8
phase1c_common_mode_joint,phase1c_common_mode,ID08,600,84.36317112768162,109.38757284543313,8
phase1c_common_mode_joint,phase1c_common_mode,ID08,620,64.17534600792268,121.8372939846061,7
phase1c_common_mode_joint,phase1c_common_mode,ID08,640,63.70286158355131,101.49059066169033,8
phase1c_common_mode_joint,phase1c_common_mode,ID08,660,54.20185020133436,88.97009807342536,8
phase1c_common_mode_joint,phase1c_common_mode,ID08,680,60.020192510529455,131.45265738112528,7
phase1c_common_mode_joint,phase1c_common_mode,ID08,700,45.03234423411606,111.28636051109605,8
phase1c_common_mode_joint,phase1c_common_mode,ID08,720,63.83755628606512,119.3533328376416,8
phase1c_common_mode_joint,phase1c_common_mode,ID08,740,89.12191579616866,114.27581175896549,8
phase1c_common_mode_joint,phase1c_common_mode,ID08,760,83.49635367154862,118.53558451633022,8
phase1c_common_mode_joint,phase1c_common_mode,ID08,780,59.1143274421208,107.67357089986412,8
phase1c_common_mode_joint,phase1c_common_mode,ID08,800,68.2397415434289,117.64344870899009,8
phase1c_common_mode_joint,phase1c_common_mode,ID08,820,67.37370149556813,110.77125038736007,8
phase1c_common_mode_joint,phase1c_common_mode,ID08,840,63.42250622699517,119.70939918204114,8
phase1c_common_mode_joint,phase1c_common_mode,ID08,860,54.197086481978474,104.6776820057636,8
phase1c_common_mode_joint,phase1c_common_mode,ID08,880,59.14700458816334,103.56047731470248,8
phase1c_common_mode_joint,phase1c_common_mode,ID08,900,84.8454105692218,120.74088116584366,8
phase1c_common_mode_joint,phase1c_common_mode,ID08,920,62.64080829741356,117.71332586151945,8
phase1c_common_mode_joint,phase1c_common_mode,ID08,940,88.47142037820343,119.12155678634456,8
phase1c_common_mode_joint,phase1c_common_mode,ID08,960,79.60714943613367,104.8038507110945,8
phase1c_common_mode_joint,phase1c_common_mode,ID08,980,124.17057308759792,144.1087651761417,7
phase1c_common_mode_joint,phase1c_common_mode,ID08,1000,50.55334437625861,124.79142065179886,8
phase1c_common_mode_joint,phase1c_common_mode,ID08,1020,65.3100512789115,118.03836277843733,8
phase1c_common_mode_joint,phase1c_common_mode,ID08,1040,61.78809782255866,108.88358019235977,7
phase1c_common_mode_joint,phase1c_common_mode,ID08,1060,79.619117453803,111.15187012917876,8
phase1c_common_mode_joint,phase1c_common_mode,ID08,1080,65.42793833658902,111.47626524780935,8
phase1c_common_mode_joint,phase1c_common_mode,ID08,1100,51.70313988127412,122.46579567389584,8
phase1c_common_mode_joint,phase1c_common_mode,ID08,1120,70.5305471263092,130.2421764741012,8
phase1c_common_mode_joint,phase1c_common_mode,ID08,1140,63.49800184680313,112.8049254048957,8
phase1c_common_mode_joint,phase1c_common_mode,ID08,1160,49.06978736416056,126.97745380525794,8
phase1c_common_mode_joint,phase1c_common_mode,ID08,1180,112.6912626524437,127.50571083332231,8
phase1c_common_mode_joint,phase1c_common_mode,ID08,1200,71.09100140556943,106.8272838808587,8
phase1c_common_mode_joint,phase1c_common_mode,ID09,0,66.36468035840181,125.67781915374182,8
phase1c_common_mode_joint,phase1c_common_mode,ID09,20,63.360250159615646,143.38228965577096,8
phase1c_common_mode_joint,phase1c_common_mode,ID09,40,133.063023801132,168.34926437035625,7
phase1c_common_mode_joint,phase1c_common_mode,ID09,60,24.61982063621844,129.1421121326087,8
phase1c_common_mode_joint,phase1c_common_mode,ID09,80,60.840886672177874,106.43922852705207,8
phase1c_common_mode_joint,phase1c_common_mode,ID09,100,68.22850302134671,128.6926270788479,8
phase1c_common_mode_joint,phase1c_common_mode,ID09,120,7.795238568920085,131.77587690270775,8
phase1c_common_mode_joint,phase1c_common_mode,ID09,140,50.348759972736225,113.43103602200124,8
phase1c_common_mode_joint,phase1c_common_mode,ID09,160,48.512047761951756,101.66779531880402,8
phase1c_common_mode_joint,phase1c_common_mode,ID09,180,24.21358085231161,140.08685950242204,8
phase1c_common_mode_joint,phase1c_common_mode,ID09,200,31.796047254718918,107.55793596429156,8
phase1c_common_mode_joint,phase1c_common_mode,ID09,220,30.015064384984004,126.45999029547544,7
phase1c_common_mode_joint,phase1c_common_mode,ID09,240,52.802824761443304,158.25393059579136,8
phase1c_common_mode_joint,phase1c_common_mode,ID09,260,41.580306858351186,100.14510337244829,8
phase1c_common_mode_joint,phase1c_common_mode,ID09,280,31.081464142958506,105.82088329413396,8
phase1c_common_mode_joint,phase1c_common_mode,ID09,300,26.438746003918318,123.70744013232321,8
phase1c_common_mode_joint,phase1c_common_mode,ID09,320,48.875623987457544,128.87096175516044,8
phase1c_common_mode_joint,phase1c_common_mode,ID09,340,55.28534905259477,129.3249442888856,8
phase1c_common_mode_joint,phase1c_common_mode,ID09,360,54.57554033683742,122.20830082690459,8
phase1c_common_mode_joint,phase1c_common_mode,ID09,380,39.7438000387312,105.97437385037394,8
phase1c_common_mode_joint,phase1c_common_mode,ID09,400,24.802581333575652,98.5351963249041,8
phase1c_common_mode_joint,phase1c_common_mode,ID09,420,42.191707917981155,112.35841212137342,8
phase1c_common_mode_joint,phase1c_common_mode,ID09,440,56.12233297657736,108.16423046405374,8
phase1c_common_mode_joint,phase1c_common_mode,ID09,460,49.678634480343085,99.53875316211692,8
phase1c_common_mode_joint,phase1c_common_mode,ID09,480,46.73269838340494,142.10254416371444,8
phase1c_common_mode_joint,phase1c_common_mode,ID09,500,49.847609522677736,138.8665772967677,8
phase1c_common_mode_joint,phase1c_common_mode,ID09,520,69.56333817692146,117.77277100810832,8
phase1c_common_mode_joint,phase1c_common_mode,ID09,540,22.695575979633606,150.49911570582887,8
phase1c_common_mode_joint,phase1c_common_mode,ID09,560,141.35607862266542,137.3609287103941,7
phase1c_common_mode_joint,phase1c_common_mode,ID09,580,29.82636554293224,113.82936844965174,8
phase1c_common_mode_joint,phase1c_common_mode,ID09,600,57.10215799041157,129.82809524411664,8
phase1c_common_mode_joint,phase1c_common_mode,ID09,620,31.740305064541293,140.2465738134346,8
phase1c_common_mode_joint,phase1c_common_mode,ID09,640,52.09926454181273,127.1138359051647,8
phase1c_common_mode_joint,phase1c_common_mode,ID09,660,43.32588999825471,130.22689737260592,8
phase1c_common_mode_joint,phase1c_common_mode,ID09,680,31.177292958870645,106.13114234954347,8
phase1c_common_mode_joint,phase1c_common_mode,ID09,700,52.57648600987494,127.40743205497255,8
phase1c_common_mode_joint,phase1c_common_mode,ID09,720,44.34180891675253,116.40732524274205,8
phase1c_common_mode_joint,phase1c_common_mode,ID09,740,43.04958354352611,113.30367376924545,8
phase1c_common_mode_joint,phase1c_common_mode,ID09,760,11.443978408845787,146.4071266415056,8
phase1c_common_mode_joint,phase1c_common_mode,ID09,780,48.59232299996902,125.1781849992768,8
phase1c_common_mode_joint,phase1c_common_mode,ID09,800,26.231317871016532,122.77954516716977,8
phase1c_common_mode_joint,phase1c_common_mode,ID09,820,61.827950785349266,136.94729324397102,8
phase1c_common_mode_joint,phase1c_common_mode,ID09,840,46.57502390885771,105.87811588550801,8
phase1c_common_mode_joint,phase1c_common_mode,ID09,860,47.30249888397053,125.8623713134985,8
phase1c_common_mode_joint,phase1c_common_mode,ID09,880,22.198850052734894,146.10490209285044,8
phase1c_common_mode_joint,phase1c_common_mode,ID09,900,36.14100343675825,81.05044360311203,8
phase1c_common_mode_joint,phase1c_common_mode,ID09,920,44.242842465683374,131.71316525500026,8
phase1c_common_mode_joint,phase1c_common_mode,ID09,940,72.35495588706767,123.11686004491243,8
phase1c_common_mode_joint,phase1c_common_mode,ID09,960,3.657521978010623,88.37705629042229,7
phase1c_common_mode_joint,phase1c_common_mode,ID09,980,6.408289344199687,125.36713553707456,8
phase1c_common_mode_joint,phase1c_common_mode,ID09,1000,47.19208053068969,116.3785351030027,8
phase1c_common_mode_joint,phase1c_common_mode,ID09,1020,25.023568209276895,295.15860130435857,8
phase1c_common_mode_joint,phase1c_common_mode,ID09,1040,38.27144899210611,114.28508623972006,8
phase1c_common_mode_joint,phase1c_common_mode,ID09,1060,55.74050302006694,151.15017707589035,8
phase1c_common_mode_joint,phase1c_common_mode,ID09,1080,36.0358808719443,132.40508178354565,8
phase1c_common_mode_joint,phase1c_common_mode,ID09,1100,52.03187499492746,110.03300161578021,8
phase1c_common_mode_joint,phase1c_common_mode,ID09,1120,54.41350979282634,117.00617767248897,8
phase1c_common_mode_joint,phase1c_common_mode,ID09,1140,261.49957108360206,160.8441071048832,8
phase1c_common_mode_joint,phase1c_common_mode,ID09,1160,23.24316195583079,144.23417781673027,8
phase1c_common_mode_joint,phase1c_common_mode,ID09,1180,48.35373768177732,103.75257545847961,8
phase1c_common_mode_joint,phase1c_common_mode,ID09,1200,158.49919126733153,150.49110685067578,7
phase1c_common_mode_joint,phase1c_common_mode,ID10,0,69.40147192059982,49.43999033000342,7
phase1c_common_mode_joint,phase1c_common_mode,ID10,20,52.74074242860945,66.00410957099365,8
phase1c_common_mode_joint,phase1c_common_mode,ID10,40,58.13460145213548,49.46809200648239,8
phase1c_common_mode_joint,phase1c_common_mode,ID10,60,46.75730676838185,45.338753173827946,8
phase1c_common_mode_joint,phase1c_common_mode,ID10,80,48.573858281051,87.89686471949337,8
phase1c_common_mode_joint,phase1c_common_mode,ID10,100,40.260713659768086,33.23476403782894,8
phase1c_common_mode_joint,phase1c_common_mode,ID10,120,30.304693015695534,67.44915826590417,8
phase1c_common_mode_joint,phase1c_common_mode,ID10,140,59.24163961976177,49.971318138524815,8
phase1c_common_mode_joint,phase1c_common_mode,ID10,160,38.670319633310605,223.76177868458822,8
phase1c_common_mode_joint,phase1c_common_mode,ID10,180,38.595149255913924,46.14058224190765,8
phase1c_common_mode_joint,phase1c_common_mode,ID10,200,24.343099147111403,49.1663009490086,8
phase1c_common_mode_joint,phase1c_common_mode,ID10,220,24.763714822320296,70.19421577173857,8
phase1c_common_mode_joint,phase1c_common_mode,ID10,240,51.781124760577065,50.89040339146261,8
phase1c_common_mode_joint,phase1c_common_mode,ID10,260,39.092169269380655,33.33947794174861,8
phase1c_common_mode_joint,phase1c_common_mode,ID10,280,57.86043441918292,58.99766788022185,8
phase1c_common_mode_joint,phase1c_common_mode,ID10,300,33.044982665760266,47.57916641805923,8
phase1c_common_mode_joint,phase1c_common_mode,ID10,320,29.2861203190331,60.64308798677281,8
phase1c_common_mode_joint,phase1c_common_mode,ID10,340,30.903101238998378,125.0416053023014,8
phase1c_common_mode_joint,phase1c_common_mode,ID10,360,45.312201244432494,57.22780093859965,8
phase1c_common_mode_joint,phase1c_common_mode,ID10,380,42.23033661813511,63.11554877798851,8
phase1c_common_mode_joint,phase1c_common_mode,ID10,400,20.458829053304196,50.191556264904136,7
phase1c_common_mode_joint,phase1c_common_mode,ID10,420,62.576012209311045,67.80494288126575,8
phase1c_common_mode_joint,phase1c_common_mode,ID10,440,57.02440432658785,54.32232963165932,8
phase1c_common_mode_joint,phase1c_common_mode,ID10,460,24.89525135614702,49.243516761902754,7
phase1c_common_mode_joint,phase1c_common_mode,ID10,480,68.29317946424366,43.426736097626325,8
phase1c_common_mode_joint,phase1c_common_mode,ID10,500,40.63315516994462,56.85686351328253,8
phase1c_common_mode_joint,phase1c_common_mode,ID10,520,37.638837016593506,76.50938721910367,8
phase1c_common_mode_joint,phase1c_common_mode,ID10,540,55.093410856982196,88.41550022801337,8
phase1c_common_mode_joint,phase1c_common_mode,ID10,560,57.87106335079555,44.280400482375526,8
phase1c_common_mode_joint,phase1c_common_mode,ID10,580,53.394358257412115,64.08284539346465,8
phase1c_common_mode_joint,phase1c_common_mode,ID10,600,35.25377850080949,49.659346344409066,8
phase1c_common_mode_joint,phase1c_common_mode,ID10,620,50.97548058413801,52.81938165992277,8
phase1c_common_mode_joint,phase1c_common_mode,ID10,640,37.91500220571315,58.735923075067205,8
phase1c_common_mode_joint,phase1c_common_mode,ID10,660,46.44752489557991,47.998050402359944,8
phase1c_common_mode_joint,phase1c_common_mode,ID10,680,45.15192466179985,60.3495414520751,8
phase1c_common_mode_joint,phase1c_common_mode,ID10,700,35.59044161174951,72.15197124824022,7
phase1c_common_mode_joint,phase1c_common_mode,ID10,720,58.875018272854604,65.24085721967421,8
phase1c_common_mode_joint,phase1c_common_mode,ID10,740,50.56634693737684,55.65918910830531,8
phase1c_common_mode_joint,phase1c_common_mode,ID10,760,48.772192195563434,65.79203654352722,8
phase1c_common_mode_joint,phase1c_common_mode,ID10,780,59.91660874087551,77.76571569115644,8
phase1c_common_mode_joint,phase1c_common_mode,ID10,800,42.64604912517979,241.705206714558,8
phase1c_common_mode_joint,phase1c_common_mode,ID10,820,37.23202145826228,65.15778180397974,8
phase1c_common_mode_joint,phase1c_common_mode,ID10,840,74.77677093070578,62.97588848220139,8
phase1c_common_mode_joint,phase1c_common_mode,ID10,860,46.30973067111332,219.79583486613532,8
phase1c_common_mode_joint,phase1c_common_mode,ID10,880,41.45385784161755,58.86094841307288,8
phase1c_common_mode_joint,phase1c_common_mode,ID10,900,45.98246519032575,77.53108105803449,8
phase1c_common_mode_joint,phase1c_common_mode,ID10,920,60.51984096868008,20.814675201061355,7
phase1c_common_mode_joint,phase1c_common_mode,ID10,940,43.21480273653148,47.635051560646865,8
phase1c_common_mode_joint,phase1c_common_mode,ID10,960,56.73967798988219,52.24576005849444,8
phase1c_common_mode_joint,phase1c_common_mode,ID10,980,27.94705036944395,59.41097966974728,8
phase1c_common_mode_joint,phase1c_common_mode,ID10,1000,48.96731132567354,68.05989452200666,8
phase1c_common_mode_joint,phase1c_common_mode,ID10,1020,39.361017795695176,45.6637534898833,8
phase1c_common_mode_joint,phase1c_common_mode,ID10,1040,25.059098718546277,124.53281554846052,8
phase1c_common_mode_joint,phase1c_common_mode,ID10,1060,25.826324122083484,76.10597577347848,8
phase1c_common_mode_joint,phase1c_common_mode,ID10,1080,34.58221246599729,74.30406839169841,8
phase1c_common_mode_joint,phase1c_common_mode,ID10,1100,38.78099943612525,67.83484402366253,7
phase1c_common_mode_joint,phase1c_common_mode,ID10,1120,24.495849534976216,66.8665348939886,8
phase1c_common_mode_joint,phase1c_common_mode,ID10,1140,36.515149290823956,39.72061112613699,8
phase1c_common_mode_joint,phase1c_common_mode,ID10,1160,17.860127197566552,65.00677515298848,7
phase1c_common_mode_joint,phase1c_common_mode,ID10,1180,40.857155094178175,37.94126213216459,8
phase1c_common_mode_joint,phase1c_common_mode,ID10,1200,59.70988775528497,71.89817709560367,8
phase1c_common_mode_joint,phase1c_common_mode,ID11,0,83.65643097820369,46.32613517857168,8
phase1c_common_mode_joint,phase1c_common_mode,ID11,20,83.13645732374215,36.9362648952586,8
phase1c_common_mode_joint,phase1c_common_mode,ID11,40,79.28009235120405,24.019973756209403,8
phase1c_common_mode_joint,phase1c_common_mode,ID11,60,144.22318335771436,71.33163659817018,8
phase1c_common_mode_joint,phase1c_common_mode,ID11,80,85.9606430252627,54.019401827546474,8
phase1c_common_mode_joint,phase1c_common_mode,ID11,100,93.93316766699964,32.60768170773645,8
phase1c_common_mode_joint,phase1c_common_mode,ID11,120,85.3223355633269,31.036060326088087,8
phase1c_common_mode_joint,phase1c_common_mode,ID11,140,86.25865216057508,21.74487804874187,8
phase1c_common_mode_joint,phase1c_common_mode,ID11,160,85.34499366111176,37.48688571159257,8
phase1c_common_mode_joint,phase1c_common_mode,ID11,180,95.4150422606371,31.56528329727267,8
phase1c_common_mode_joint,phase1c_common_mode,ID11,200,90.40203712360443,42.014160516347225,8
phase1c_common_mode_joint,phase1c_common_mode,ID11,220,96.38768025606554,158.97692280276925,8
phase1c_common_mode_joint,phase1c_common_mode,ID11,240,91.31170659868533,30.614097948220927,8
phase1c_common_mode_joint,phase1c_common_mode,ID11,260,80.19979305303168,34.04132134174089,8
phase1c_common_mode_joint,phase1c_common_mode,ID11,280,78.97421860766761,31.2590376915084,8
phase1c_common_mode_joint,phase1c_common_mode,ID11,300,108.01882176759165,34.6724137201343,8
phase1c_common_mode_joint,phase1c_common_mode,ID11,320,95.34994090688635,38.55635449261637,8
phase1c_common_mode_joint,phase1c_common_mode,ID11,340,76.32952038465511,34.460745992647155,8
phase1c_common_mode_joint,phase1c_common_mode,ID11,360,93.85118728337089,42.21688952409214,8
phase1c_common_mode_joint,phase1c_common_mode,ID11,380,92.28776383619605,44.524011186887385,8
phase1c_common_mode_joint,phase1c_common_mode,ID11,400,103.31776795498752,171.02634323927765,8
phase1c_common_mode_joint,phase1c_common_mode,ID11,420,99.19526867310836,25.264881495907563,8
phase1c_common_mode_joint,phase1c_common_mode,ID11,440,84.16725873010245,40.70565353624488,8
phase1c_common_mode_joint,phase1c_common_mode,ID11,460,95.97954367758096,41.447202363372114,7
phase1c_common_mode_joint,phase1c_common_mode,ID11,480,88.84783046315779,26.42558221561145,8
phase1c_common_mode_joint,phase1c_common_mode,ID11,500,78.85303700154677,48.31162138722329,8
phase1c_common_mode_joint,phase1c_common_mode,ID11,520,91.10954017431422,38.15697619256863,7
phase1c_common_mode_joint,phase1c_common_mode,ID11,540,91.93473861502405,53.73095059139984,8
phase1c_common_mode_joint,phase1c_common_mode,ID11,560,82.95759161160885,33.134264457167,8
phase1c_common_mode_joint,phase1c_common_mode,ID11,580,98.7503578340927,32.59180073725493,8
phase1c_common_mode_joint,phase1c_common_mode,ID11,600,85.63197795496687,42.669464715495735,8
phase1c_common_mode_joint,phase1c_common_mode,ID11,620,74.9868941859784,36.27064047530328,8
phase1c_common_mode_joint,phase1c_common_mode,ID11,640,77.34997044078897,40.610336727759325,8
phase1c_common_mode_joint,phase1c_common_mode,ID11,660,74.20311120960936,20.617761662234912,8
phase1c_common_mode_joint,phase1c_common_mode,ID11,680,98.56220291543839,38.30109712946759,8
phase1c_common_mode_joint,phase1c_common_mode,ID11,700,67.8141857785019,35.5060655804875,8
phase1c_common_mode_joint,phase1c_common_mode,ID11,720,63.471578455132715,30.48297987049316,8
phase1c_common_mode_joint,phase1c_common_mode,ID11,740,92.38969964965693,34.95665376206622,8
phase1c_common_mode_joint,phase1c_common_mode,ID11,760,111.8397993346666,28.417663632845258,7
phase1c_common_mode_joint,phase1c_common_mode,ID11,780,78.98376098259278,42.18275397636016,8
phase1c_common_mode_joint,phase1c_common_mode,ID11,800,58.26210216883728,40.79451434844342,8
phase1c_common_mode_joint,phase1c_common_mode,ID11,820,90.9088366655774,29.642982509009755,8
phase1c_common_mode_joint,phase1c_common_mode,ID11,840,76.32746919666843,34.78066812284557,8
phase1c_common_mode_joint,phase1c_common_mode,ID11,860,79.53745924933907,160.2558500594413,8
phase1c_common_mode_joint,phase1c_common_mode,ID11,880,101.04110280968747,29.31751138831888,8
phase1c_common_mode_joint,phase1c_common_mode,ID11,900,74.22030236885116,24.54834688252373,8
phase1c_common_mode_joint,phase1c_common_mode,ID11,920,89.85861809245142,188.18065412827252,8
phase1c_common_mode_joint,phase1c_common_mode,ID11,940,87.66329552917391,33.36435768543025,8
phase1c_common_mode_joint,phase1c_common_mode,ID11,960,85.8545729015312,31.439759797714345,8
phase1c_common_mode_joint,phase1c_common_mode,ID11,980,83.40823191555793,40.251145964076954,8
phase1c_common_mode_joint,phase1c_common_mode,ID11,1000,80.41314680482442,40.524393823319144,8
phase1c_common_mode_joint,phase1c_common_mode,ID11,1020,84.9009544389646,41.305804820009214,8
phase1c_common_mode_joint,phase1c_common_mode,ID11,1040,97.21397777049123,171.92656975363238,8
phase1c_common_mode_joint,phase1c_common_mode,ID11,1060,74.91168184692171,35.57913493559553,8
phase1c_common_mode_joint,phase1c_common_mode,ID11,1080,102.91104555237823,30.963153993962944,8
phase1c_common_mode_joint,phase1c_common_mode,ID11,1100,98.86606282313264,157.59136381814866,8
phase1c_common_mode_joint,phase1c_common_mode,ID11,1120,82.27920423032833,36.87170589408235,8
phase1c_common_mode_joint,phase1c_common_mode,ID11,1140,87.75260309823608,32.37653855108309,8
phase1c_common_mode_joint,phase1c_common_mode,ID11,1160,83.18585424925091,38.393309936853306,7
phase1c_common_mode_joint,phase1c_common_mode,ID11,1180,88.78283190678485,38.55024404117068,8
phase1c_common_mode_joint,phase1c_common_mode,ID11,1200,83.15791080961864,32.925158923156566,8
phase1c_common_mode_joint,phase1c_common_mode,ID12,0,62.20809493471303,79.91381488335374,8
phase1c_common_mode_joint,phase1c_common_mode,ID12,20,63.9976395440604,64.05135881816553,8
phase1c_common_mode_joint,phase1c_common_mode,ID12,40,32.26154966188464,55.40772981384493,8
phase1c_common_mode_joint,phase1c_common_mode,ID12,60,69.0744389232973,63.53795837057579,8
phase1c_common_mode_joint,phase1c_common_mode,ID12,80,58.019213960133065,60.94599572575078,8
phase1c_common_mode_joint,phase1c_common_mode,ID12,100,65.85239764470666,52.01432612707476,8
phase1c_common_mode_joint,phase1c_common_mode,ID12,120,31.345321805223136,68.7401026467306,8
phase1c_common_mode_joint,phase1c_common_mode,ID12,140,46.957684143825276,68.55694425509202,8
phase1c_common_mode_joint,phase1c_common_mode,ID12,160,-195.20646214146336,158.5146834103792,8
phase1c_common_mode_joint,phase1c_common_mode,ID12,180,48.55007570864149,49.523380806943656,8
phase1c_common_mode_joint,phase1c_common_mode,ID12,200,48.34686177666464,52.81630999535314,8
phase1c_common_mode_joint,phase1c_common_mode,ID12,220,69.57473551405394,81.05315385192182,8
phase1c_common_mode_joint,phase1c_common_mode,ID12,240,32.836546027727756,77.04733233753313,8
phase1c_common_mode_joint,phase1c_common_mode,ID12,260,75.16902512267575,125.44181469205303,8
phase1c_common_mode_joint,phase1c_common_mode,ID12,280,61.83043216126866,73.45878140140258,8
phase1c_common_mode_joint,phase1c_common_mode,ID12,300,42.583737798640556,77.07963910675606,8
phase1c_common_mode_joint,phase1c_common_mode,ID12,320,54.791635794024316,47.886190979650074,8
phase1c_common_mode_joint,phase1c_common_mode,ID12,340,47.4470518774025,47.45786150194063,8
phase1c_common_mode_joint,phase1c_common_mode,ID12,360,80.65677952828744,60.94140767260262,8
phase1c_common_mode_joint,phase1c_common_mode,ID12,380,67.64687200523231,58.61539057951745,8
phase1c_common_mode_joint,phase1c_common_mode,ID12,400,46.970863126682694,49.59778606757795,8
phase1c_common_mode_joint,phase1c_common_mode,ID12,420,41.5031649575609,63.60497885912609,8
phase1c_common_mode_joint,phase1c_common_mode,ID12,440,75.82714697783577,171.74298130045528,8
phase1c_common_mode_joint,phase1c_common_mode,ID12,460,88.65596202546992,55.16512311770618,8
phase1c_common_mode_joint,phase1c_common_mode,ID12,480,56.266079560600325,63.15035682509555,8
phase1c_common_mode_joint,phase1c_common_mode,ID12,500,39.53065539423529,52.21315005758861,7
phase1c_common_mode_joint,phase1c_common_mode,ID12,520,66.43825013534088,42.238238009241904,8
phase1c_common_mode_joint,phase1c_common_mode,ID12,540,48.91735876186916,66.44089184696323,8
phase1c_common_mode_joint,phase1c_common_mode,ID12,560,25.04835436364736,44.779717400187415,7
phase1c_common_mode_joint,phase1c_common_mode,ID12,580,58.8072063108694,73.84651628553635,8
phase1c_common_mode_joint,phase1c_common_mode,ID12,600,43.99594194016232,63.38633731578676,8
phase1c_common_mode_joint,phase1c_common_mode,ID12,620,86.37180514904772,45.86197913301056,8
phase1c_common_mode_joint,phase1c_common_mode,ID12,640,80.59765640316712,68.8216452345662,8
phase1c_common_mode_joint,phase1c_common_mode,ID12,660,72.21212193567362,82.03981229860278,8
phase1c_common_mode_joint,phase1c_common_mode,ID12,680,70.60619768521262,45.806295906490874,8
phase1c_common_mode_joint,phase1c_common_mode,ID12,700,65.28153758402131,73.5679483118985,8
phase1c_common_mode_joint,phase1c_common_mode,ID12,720,52.709304211550986,74.08630436125532,8
phase1c_common_mode_joint,phase1c_common_mode,ID12,740,60.84922850904179,56.31959015229981,8
phase1c_common_mode_joint,phase1c_common_mode,ID12,760,42.739812617563565,70.21502981203618,8
phase1c_common_mode_joint,phase1c_common_mode,ID12,780,82.69456932413425,62.31016782978464,8
phase1c_common_mode_joint,phase1c_common_mode,ID12,800,91.66615844975868,60.9057818576183,8
phase1c_common_mode_joint,phase1c_common_mode,ID12,820,42.122062428257195,49.48591966582902,8
phase1c_common_mode_joint,phase1c_common_mode,ID12,840,41.20292208703752,73.3382057505179,7
phase1c_common_mode_joint,phase1c_common_mode,ID12,860,60.00090978988442,61.51971289559817,8
phase1c_common_mode_joint,phase1c_common_mode,ID12,880,39.49045008917491,71.72121180713829,8
phase1c_common_mode_joint,phase1c_common_mode,ID12,900,24.848238010921488,63.42531126641699,8
phase1c_common_mode_joint,phase1c_common_mode,ID12,920,74.49849328479523,62.68347161120839,8
phase1c_common_mode_joint,phase1c_common_mode,ID12,940,64.81843565381324,51.622013861884724,8
phase1c_common_mode_joint,phase1c_common_mode,ID12,960,71.38847028685072,55.4502054260935,8
phase1c_common_mode_joint,phase1c_common_mode,ID12,980,10.347885667134014,58.67825580639995,8
phase1c_common_mode_joint,phase1c_common_mode,ID12,1000,73.16223416785847,36.07257204082498,8
phase1c_common_mode_joint,phase1c_common_mode,ID12,1020,97.60604972153577,141.82401305816725,8
phase1c_common_mode_joint,phase1c_common_mode,ID12,1040,61.69009473859005,52.80407218529611,8
phase1c_common_mode_joint,phase1c_common_mode,ID12,1060,50.93128754327231,59.500205209326104,7
phase1c_common_mode_joint,phase1c_common_mode,ID12,1080,87.39157714720132,74.85496728833375,7
phase1c_common_mode_joint,phase1c_common_mode,ID12,1100,49.86291680754506,47.18062716151301,8
phase1c_common_mode_joint,phase1c_common_mode,ID12,1120,55.632890345317726,62.018066779155575,8
phase1c_common_mode_joint,phase1c_common_mode,ID12,1140,62.25484555266372,70.87224041340502,7
phase1c_common_mode_joint,phase1c_common_mode,ID12,1160,50.58060143217489,40.48848875149287,8
phase1c_common_mode_joint,phase1c_common_mode,ID12,1180,60.70893817435308,48.05177704049136,8
phase1c_common_mode_joint,phase1c_common_mode,ID12,1200,65.5038556304934,75.73291623972585,8
phase1c_common_mode_joint,phase1c_common_mode,ID13,0,41.31527698968013,52.88903982021315,8
phase1c_common_mode_joint,phase1c_common_mode,ID13,20,54.19934505872882,47.49291815612165,8
phase1c_common_mode_joint,phase1c_common_mode,ID13,40,54.07364619717484,75.8521371030281,8
phase1c_common_mode_joint,phase1c_common_mode,ID13,60,42.35920831005934,58.75910780409934,8
phase1c_common_mode_joint,phase1c_common_mode,ID13,80,56.48750115457684,40.2696168692889,8
phase1c_common_mode_joint,phase1c_common_mode,ID13,100,25.65558380060546,59.51317137225199,8
phase1c_common_mode_joint,phase1c_common_mode,ID13,120,68.41192102622972,74.99616649681907,8
phase1c_common_mode_joint,phase1c_common_mode,ID13,140,39.4605477042415,47.97197716713876,8
phase1c_common_mode_joint,phase1c_common_mode,ID13,160,73.88584647580961,131.89076855212335,8
phase1c_common_mode_joint,phase1c_common_mode,ID13,180,38.54137927204629,44.884108325361815,8
phase1c_common_mode_joint,phase1c_common_mode,ID13,200,50.570341392836625,59.409914134291995,8
phase1c_common_mode_joint,phase1c_common_mode,ID13,220,64.66932655763772,147.42965371980821,8
phase1c_common_mode_joint,phase1c_common_mode,ID13,240,64.67834053834743,66.6341743751514,8
phase1c_common_mode_joint,phase1c_common_mode,ID13,260,47.9514195686014,44.83634036014976,8
phase1c_common_mode_joint,phase1c_common_mode,ID13,280,70.81204782861292,38.4481616710052,8
phase1c_common_mode_joint,phase1c_common_mode,ID13,300,37.149585090898505,43.79859774817284,8
phase1c_common_mode_joint,phase1c_common_mode,ID13,320,50.47878017032754,44.67426451336623,8
phase1c_common_mode_joint,phase1c_common_mode,ID13,340,47.90843841542949,62.29685953841274,8
phase1c_common_mode_joint,phase1c_common_mode,ID13,360,50.91306408862094,55.80016569430633,8
phase1c_common_mode_joint,phase1c_common_mode,ID13,380,32.777897154417516,49.3732858076736,8
phase1c_common_mode_joint,phase1c_common_mode,ID13,400,64.39193967288831,199.39305012726396,8
phase1c_common_mode_joint,phase1c_common_mode,ID13,420,39.343770714954616,62.43307091551353,8
phase1c_common_mode_joint,phase1c_common_mode,ID13,440,32.74539247330411,44.83028970351131,8
phase1c_common_mode_joint,phase1c_common_mode,ID13,460,49.104563986230126,69.82051808757544,7
phase1c_common_mode_joint,phase1c_common_mode,ID13,480,42.43828438698566,75.21076722789255,8
phase1c_common_mode_joint,phase1c_common_mode,ID13,500,30.7817915873614,39.98502042979436,8
phase1c_common_mode_joint,phase1c_common_mode,ID13,520,48.16814562691652,34.63049233493476,8
phase1c_common_mode_joint,phase1c_common_mode,ID13,540,50.577051929118305,72.47211554350717,8
phase1c_common_mode_joint,phase1c_common_mode,ID13,560,44.72561856692896,41.92810206076992,8
phase1c_common_mode_joint,phase1c_common_mode,ID13,580,55.30350832191393,58.12891541771186,8
phase1c_common_mode_joint,phase1c_common_mode,ID13,600,30.943606419993248,40.80873689887734,8
phase1c_common_mode_joint,phase1c_common_mode,ID13,620,16.496791895770983,60.11016902800135,8
phase1c_common_mode_joint,phase1c_common_mode,ID13,640,56.63171713066449,64.57515858412657,8
phase1c_common_mode_joint,phase1c_common_mode,ID13,660,35.859479584046156,56.7850771479933,8
phase1c_common_mode_joint,phase1c_common_mode,ID13,680,40.82867325506053,48.046283001030076,8
phase1c_common_mode_joint,phase1c_common_mode,ID13,700,47.860882158032766,42.48804304237108,7
phase1c_common_mode_joint,phase1c_common_mode,ID13,720,40.48434692615709,43.78464065653481,8
phase1c_common_mode_joint,phase1c_common_mode,ID13,740,36.35254944403952,58.25401939787324,8
phase1c_common_mode_joint,phase1c_common_mode,ID13,760,47.15043127022004,26.465864805854597,8
phase1c_common_mode_joint,phase1c_common_mode,ID13,780,44.54562774920744,72.56705040308232,8
phase1c_common_mode_joint,phase1c_common_mode,ID13,800,45.09552811240131,123.96320915889328,8
phase1c_common_mode_joint,phase1c_common_mode,ID13,820,41.12516075279571,48.27766992405648,8
phase1c_common_mode_joint,phase1c_common_mode,ID13,840,44.18527914238435,46.36493775632351,8
phase1c_common_mode_joint,phase1c_common_mode,ID13,860,48.99453890527836,118.23288574583506,8
phase1c_common_mode_joint,phase1c_common_mode,ID13,880,26.296893539059482,62.531785814601086,8
phase1c_common_mode_joint,phase1c_common_mode,ID13,900,55.14924220985836,70.27909786014635,8
phase1c_common_mode_joint,phase1c_common_mode,ID13,920,55.39975069613385,33.16256966563766,8
phase1c_common_mode_joint,phase1c_common_mode,ID13,940,47.47803842216553,59.00620308633097,8
phase1c_common_mode_joint,phase1c_common_mode,ID13,960,52.403302086972246,60.15547029236898,8
phase1c_common_mode_joint,phase1c_common_mode,ID13,980,40.25313866320403,49.010510649956075,8
phase1c_common_mode_joint,phase1c_common_mode,ID13,1000,67.66731411474946,69.34136060376845,8
phase1c_common_mode_joint,phase1c_common_mode,ID13,1020,31.9712193974074,81.26788516588641,8
phase1c_common_mode_joint,phase1c_common_mode,ID13,1040,51.37940202152565,171.37036099958135,8
phase1c_common_mode_joint,phase1c_common_mode,ID13,1060,32.26622474592233,52.66335732620067,8
phase1c_common_mode_joint,phase1c_common_mode,ID13,1080,32.66196831364034,43.02782341408196,8
phase1c_common_mode_joint,phase1c_common_mode,ID13,1100,110.23985325785591,140.70940006278033,8
phase1c_common_mode_joint,phase1c_common_mode,ID13,1120,79.01138752962301,66.76924255253252,8
phase1c_common_mode_joint,phase1c_common_mode,ID13,1140,29.32688129025645,55.8281475332284,8
phase1c_common_mode_joint,phase1c_common_mode,ID13,1160,6.5431516338511075,58.27585562057929,7
phase1c_common_mode_joint,phase1c_common_mode,ID13,1180,45.78855863175322,43.21780324897386,8
phase1c_common_mode_joint,phase1c_common_mode,ID14,0,27.584452691733308,38.728027062122564,8
phase1c_common_mode_joint,phase1c_common_mode,ID14,20,27.280587267856998,44.15659079423644,8
phase1c_common_mode_joint,phase1c_common_mode,ID14,40,36.52149460996475,38.91194087782748,8
phase1c_common_mode_joint,phase1c_common_mode,ID14,60,42.91722081606089,33.984995149866236,8
phase1c_common_mode_joint,phase1c_common_mode,ID14,80,41.00628374447376,60.398545108675805,8
phase1c_common_mode_joint,phase1c_common_mode,ID14,100,61.13352845226457,54.725090497317936,8
phase1c_common_mode_joint,phase1c_common_mode,ID14,120,28.382908358163185,47.360791760017875,8
phase1c_common_mode_joint,phase1c_common_mode,ID14,140,24.88873019196361,196.59075604345412,8
phase1c_common_mode_joint,phase1c_common_mode,ID14,160,34.30105838718352,31.698292903421752,8
phase1c_common_mode_joint,phase1c_common_mode,ID14,180,26.92056334004651,45.674332689567784,8
phase1c_common_mode_joint,phase1c_common_mode,ID14,200,14.37953546008762,69.38547282878613,8
phase1c_common_mode_joint,phase1c_common_mode,ID14,220,32.955845663630555,60.74848305594475,8
phase1c_common_mode_joint,phase1c_common_mode,ID14,240,14.351847569873575,46.47278761122018,8
phase1c_common_mode_joint,phase1c_common_mode,ID14,260,24.614937553227286,52.533748034298995,8
phase1c_common_mode_joint,phase1c_common_mode,ID14,280,38.56419715276959,50.92709668395773,8
phase1c_common_mode_joint,phase1c_common_mode,ID14,300,37.222736195483755,33.22541153200269,8
phase1c_common_mode_joint,phase1c_common_mode,ID14,320,56.93814467346382,133.30538708047595,8
phase1c_common_mode_joint,phase1c_common_mode,ID14,340,31.33774928869337,48.153258936291174,8
phase1c_common_mode_joint,phase1c_common_mode,ID14,360,42.453137510713844,43.10212385200923,8
phase1c_common_mode_joint,phase1c_common_mode,ID14,380,52.49705341852657,61.824237174558036,8
phase1c_common_mode_joint,phase1c_common_mode,ID14,400,39.26977155653929,48.930023353370316,8
phase1c_common_mode_joint,phase1c_common_mode,ID14,420,22.388603390603738,73.09435294628511,8
phase1c_common_mode_joint,phase1c_common_mode,ID14,440,44.06789386623241,149.96572765034983,8
phase1c_common_mode_joint,phase1c_common_mode,ID14,460,29.177446443458454,44.99119226656799,8
phase1c_common_mode_joint,phase1c_common_mode,ID14,480,12.320899078839883,27.563797423970957,8
phase1c_common_mode_joint,phase1c_common_mode,ID14,500,58.10497409483436,113.1187105629442,8
phase1c_common_mode_joint,phase1c_common_mode,ID14,520,48.403787113315275,50.68837223996544,8
phase1c_common_mode_joint,phase1c_common_mode,ID14,540,57.58319431336196,64.04465382379968,8
phase1c_common_mode_joint,phase1c_common_mode,ID14,560,82.16744839891493,116.59755865489694,8
phase1c_common_mode_joint,phase1c_common_mode,ID14,580,35.59480545502959,51.059093527457776,8
phase1c_common_mode_joint,phase1c_common_mode,ID14,600,13.12174196707327,47.67619881292598,8
phase1c_common_mode_joint,phase1c_common_mode,ID14,620,57.71569069542958,50.85461507262022,7
phase1c_common_mode_joint,phase1c_common_mode,ID14,640,28.075623133010403,39.453083194181445,8
phase1c_common_mode_joint,phase1c_common_mode,ID14,660,26.549662268487527,41.37161888023795,8
phase1c_common_mode_joint,phase1c_common_mode,ID14,680,17.141450486737675,67.89171443778002,8
phase1c_common_mode_joint,phase1c_common_mode,ID14,700,17.76040837082825,40.73601194387124,8
phase1c_common_mode_joint,phase1c_common_mode,ID14,720,37.53035430763587,30.043948539833806,8
phase1c_common_mode_joint,phase1c_common_mode,ID14,740,35.58917246807698,58.709637985420194,8
phase1c_common_mode_joint,phase1c_common_mode,ID14,760,2.5061381559510254,44.91387545424192,8
phase1c_common_mode_joint,phase1c_common_mode,ID14,780,31.603281317125056,44.02295135132818,8
phase1c_common_mode_joint,phase1c_common_mode,ID14,800,35.079902273392804,41.91837345366599,7
phase1c_common_mode_joint,phase1c_common_mode,ID14,820,38.882358938725,41.328550644602636,8
phase1c_common_mode_joint,phase1c_common_mode,ID14,840,36.69171675029163,42.9295636600058,8
phase1c_common_mode_joint,phase1c_common_mode,ID14,860,52.792488801976965,66.54326918230805,8
phase1c_common_mode_joint,phase1c_common_mode,ID14,880,24.508018008072007,33.25194735639282,8
phase1c_common_mode_joint,phase1c_common_mode,ID14,900,15.60681631654384,45.39245921886733,8
phase1c_common_mode_joint,phase1c_common_mode,ID14,920,33.26726184813659,51.25918359921817,8
phase1c_common_mode_joint,phase1c_common_mode,ID14,940,17.18086900067121,46.63546620817694,8
phase1c_common_mode_joint,phase1c_common_mode,ID14,960,17.894120699889903,63.875447978378105,8
phase1c_common_mode_joint,phase1c_common_mode,ID14,980,35.58524077755274,46.7863755807363,8
phase1c_common_mode_joint,phase1c_common_mode,ID14,1000,25.518830287215124,42.85569355775241,8
phase1c_common_mode_joint,phase1c_common_mode,ID14,1020,20.423677485657358,55.05504056675511,8
phase1c_common_mode_joint,phase1c_common_mode,ID14,1040,28.254511817505797,39.50958892116666,8
phase1c_common_mode_joint,phase1c_common_mode,ID14,1060,38.418378326090014,54.51403943838642,8
phase1c_common_mode_joint,phase1c_common_mode,ID14,1080,55.85257380241984,141.37521021576913,8
phase1c_common_mode_joint,phase1c_common_mode,ID14,1100,42.85151726502971,46.09730699745661,8
phase1c_common_mode_joint,phase1c_common_mode,ID14,1120,27.681811138379068,55.99156705847236,8
phase1c_common_mode_joint,phase1c_common_mode,ID14,1140,36.305032107575926,123.59837200811175,8
phase1c_common_mode_joint,phase1c_common_mode,ID14,1160,49.52255309952989,56.84186149322031,8
phase1c_common_mode_joint,phase1c_common_mode,ID14,1180,49.60577691634024,30.13983635357267,8
phase1c_common_mode_joint,phase1c_common_mode,ID14,1200,28.10183963892576,61.74646881449295,8
phase1c_common_mode_joint,phase1c_common_mode,ID15,0,17.857478442507798,48.03238143185712,8
phase1c_common_mode_joint,phase1c_common_mode,ID15,20,21.79351368525209,54.49928233012267,8
phase1c_common_mode_joint,phase1c_common_mode,ID15,40,25.174109103345717,51.71383471021448,8
phase1c_common_mode_joint,phase1c_common_mode,ID15,60,-3.7246535872759896,66.50374449990679,8
phase1c_common_mode_joint,phase1c_common_mode,ID15,80,43.13713749032456,52.866211985542236,8
phase1c_common_mode_joint,phase1c_common_mode,ID15,100,31.727117613799987,58.43311711384982,8
phase1c_common_mode_joint,phase1c_common_mode,ID15,120,40.17546583339758,42.34963520030648,8
phase1c_common_mode_joint,phase1c_common_mode,ID15,140,36.071815873735865,57.80038465177517,8
phase1c_common_mode_joint,phase1c_common_mode,ID15,160,19.287656499584365,46.29718771908953,8
phase1c_common_mode_joint,phase1c_common_mode,ID15,180,27.20719622307927,61.136188990986845,8
phase1c_common_mode_joint,phase1c_common_mode,ID15,200,24.17766676816728,51.272282442192555,8
phase1c_common_mode_joint,phase1c_common_mode,ID15,220,21.799306155601297,57.58790952648098,8
phase1c_common_mode_joint,phase1c_common_mode,ID15,240,38.79516376933037,63.944654671163974,8
phase1c_common_mode_joint,phase1c_common_mode,ID15,260,17.910236949064256,46.589336048501,8
phase1c_common_mode_joint,phase1c_common_mode,ID15,280,22.050177646236286,47.21898815630928,8
phase1c_common_mode_joint,phase1c_common_mode,ID15,300,38.33102684323249,52.87650538052698,8
phase1c_common_mode_joint,phase1c_common_mode,ID15,320,14.612262996054408,54.89421383624055,8
phase1c_common_mode_joint,phase1c_common_mode,ID15,340,47.496198744520264,118.8226288845701,8
phase1c_common_mode_joint,phase1c_common_mode,ID15,360,35.54471601669607,41.38309190446276,8
phase1c_common_mode_joint,phase1c_common_mode,ID15,380,25.44838706374299,70.28668327331177,8
phase1c_common_mode_joint,phase1c_common_mode,ID15,400,78.05293016109647,89.54206576909847,8
phase1c_common_mode_joint,phase1c_common_mode,ID15,420,40.0325301739067,67.68561366224127,8
phase1c_common_mode_joint,phase1c_common_mode,ID15,440,46.42585058464994,51.22463756173165,8
phase1c_common_mode_joint,phase1c_common_mode,ID15,460,106.23423216206193,132.81986133812396,8
phase1c_common_mode_joint,phase1c_common_mode,ID15,480,48.28940397844448,39.21439651220605,8
phase1c_common_mode_joint,phase1c_common_mode,ID15,500,28.331581861566363,66.34429376376247,8
phase1c_common_mode_joint,phase1c_common_mode,ID15,520,38.50527806643155,50.80411477477358,8
phase1c_common_mode_joint,phase1c_common_mode,ID15,540,27.275038822813617,70.81322496315325,8
phase1c_common_mode_joint,phase1c_common_mode,ID15,560,9.842303946805613,45.167753782168134,8
phase1c_common_mode_joint,phase1c_common_mode,ID15,580,26.862432009566216,47.174434876713676,8
phase1c_common_mode_joint,phase1c_common_mode,ID15,600,23.33119997196259,43.075887562557405,8
phase1c_common_mode_joint,phase1c_common_mode,ID15,620,43.0148730912031,53.10704667800846,8
phase1c_common_mode_joint,phase1c_common_mode,ID15,640,41.24315946531176,50.529677180759755,8
phase1c_common_mode_joint,phase1c_common_mode,ID15,660,32.0391976483955,62.37222759938397,8
phase1c_common_mode_joint,phase1c_common_mode,ID15,680,25.81744747638495,66.67456658827733,8
phase1c_common_mode_joint,phase1c_common_mode,ID15,700,9.107025835023276,53.819196389982466,8
phase1c_common_mode_joint,phase1c_common_mode,ID15,720,22.115185686616385,69.94552383440494,8
phase1c_common_mode_joint,phase1c_common_mode,ID15,740,9.646208186098503,53.75238928324111,8
phase1c_common_mode_joint,phase1c_common_mode,ID15,760,21.08647599982323,69.88656982959621,8
phase1c_common_mode_joint,phase1c_common_mode,ID15,780,18.351830945562053,69.57819644763897,8
phase1c_common_mode_joint,phase1c_common_mode,ID15,800,27.486645393902617,215.64275081768156,8
phase1c_common_mode_joint,phase1c_common_mode,ID15,820,34.727948251310245,51.23129676959375,8
phase1c_common_mode_joint,phase1c_common_mode,ID15,840,17.544725224210374,72.9108711463706,8
phase1c_common_mode_joint,phase1c_common_mode,ID15,860,5.733345138927034,55.438201978318695,8
phase1c_common_mode_joint,phase1c_common_mode,ID15,880,32.196914678883395,56.779016891240516,8
phase1c_common_mode_joint,phase1c_common_mode,ID15,900,32.34274933565426,50.350110503191885,8
phase1c_common_mode_joint,phase1c_common_mode,ID15,920,19.78529532543261,58.47723228772998,8
phase1c_common_mode_joint,phase1c_common_mode,ID15,940,25.962081819278954,46.31043100687845,8
phase1c_common_mode_joint,phase1c_common_mode,ID15,960,12.200048101916048,71.63438118201017,8
phase1c_common_mode_joint,phase1c_common_mode,ID15,980,50.550659681706684,46.52460206397438,8
phase1c_common_mode_joint,phase1c_common_mode,ID15,1000,15.236884525871622,55.1966036254713,8
phase1c_common_mode_joint,phase1c_common_mode,ID15,1020,36.40207246722246,44.72938479459944,8
phase1c_common_mode_joint,phase1c_common_mode,ID15,1040,57.692631392923566,54.48842581936387,7
phase1c_common_mode_joint,phase1c_common_mode,ID15,1060,51.81684062433358,65.63853431770464,8
phase1c_common_mode_joint,phase1c_common_mode,ID15,1080,35.01428889311353,58.16874787907336,8
phase1c_common_mode_joint,phase1c_common_mode,ID15,1100,28.247943511135407,47.63827777587259,7
phase1c_common_mode_joint,phase1c_common_mode,ID15,1120,30.25253585331851,44.377297667445475,8
phase1c_common_mode_joint,phase1c_common_mode,ID15,1140,36.03958084825391,40.08192985470062,8
phase1c_common_mode_joint,phase1c_common_mode,ID15,1160,96.98108734768101,95.34674941940438,7
phase1c_common_mode_joint,phase1c_common_mode,ID15,1180,40.459080666095,29.4512620700938,8
phase1c_common_mode_joint,phase1c_common_mode,ID15,1200,44.77594366896383,59.14703863161127,8
phase1c_common_mode_joint,phase1c_common_mode,ID16,0,27.3722906325514,51.029447468084875,7
phase1c_common_mode_joint,phase1c_common_mode,ID16,20,45.36939378055472,29.6909309404706,8
phase1c_common_mode_joint,phase1c_common_mode,ID16,40,41.591522220669795,65.5785082059361,8
phase1c_common_mode_joint,phase1c_common_mode,ID16,60,43.064389900239554,61.24296659799786,7
phase1c_common_mode_joint,phase1c_common_mode,ID16,80,42.040501014714174,64.02325162592214,8
phase1c_common_mode_joint,phase1c_common_mode,ID16,100,52.99544333261001,22.816068812948963,8
phase1c_common_mode_joint,phase1c_common_mode,ID16,120,34.69708163669429,54.33322415497628,8
phase1c_common_mode_joint,phase1c_common_mode,ID16,140,37.67365492757501,36.59950526870305,8
phase1c_common_mode_joint,phase1c_common_mode,ID16,160,69.93293429958307,212.40790755176323,8
phase1c_common_mode_joint,phase1c_common_mode,ID16,180,52.305807282400735,32.869854442634086,8
phase1c_common_mode_joint,phase1c_common_mode,ID16,200,38.46310029488282,34.059883810268985,8
phase1c_common_mode_joint,phase1c_common_mode,ID16,220,47.816930375887786,60.05436204508346,8
phase1c_common_mode_joint,phase1c_common_mode,ID16,240,60.06060628690806,45.9317389522988,8
phase1c_common_mode_joint,phase1c_common_mode,ID16,260,63.94853378374287,46.604359657202416,8
phase1c_common_mode_joint,phase1c_common_mode,ID16,280,63.78654265438449,62.42108776489609,8
phase1c_common_mode_joint,phase1c_common_mode,ID16,300,49.319318898745024,39.57445016227592,8
phase1c_common_mode_joint,phase1c_common_mode,ID16,320,55.22245038252954,38.21231651365383,8
phase1c_common_mode_joint,phase1c_common_mode,ID16,340,72.48687684604937,132.99899538026736,8
phase1c_common_mode_joint,phase1c_common_mode,ID16,360,38.59123910582404,35.23683205427025,8
phase1c_common_mode_joint,phase1c_common_mode,ID16,380,51.68964451693764,57.419435143261964,8
phase1c_common_mode_joint,phase1c_common_mode,ID16,400,127.16357283306039,120.32399241566759,8
phase1c_common_mode_joint,phase1c_common_mode,ID16,420,41.890004704541,55.20616564886597,8
phase1c_common_mode_joint,phase1c_common_mode,ID16,440,58.229684778015645,33.34437915072002,8
phase1c_common_mode_joint,phase1c_common_mode,ID16,460,88.16142511403454,147.27962186157447,8
phase1c_common_mode_joint,phase1c_common_mode,ID16,480,39.617441729941525,20.031379779821705,8
phase1c_common_mode_joint,phase1c_common_mode,ID16,500,45.58903797061414,58.80922180749855,8
phase1c_common_mode_joint,phase1c_common_mode,ID16,520,67.96751508928341,33.174837850122046,7
phase1c_common_mode_joint,phase1c_common_mode,ID16,540,41.522002810546645,39.672931819420135,8
phase1c_common_mode_joint,phase1c_common_mode,ID16,560,37.15760749223193,56.465614297336515,8
phase1c_common_mode_joint,phase1c_common_mode,ID16,580,58.451424039518855,54.06115414384162,8
phase1c_common_mode_joint,phase1c_common_mode,ID16,600,44.42233609436092,68.92007153323671,8
phase1c_common_mode_joint,phase1c_common_mode,ID16,620,63.91949412979651,38.05657233625891,8
phase1c_common_mode_joint,phase1c_common_mode,ID16,640,66.39091983790526,43.907177908208176,8
phase1c_common_mode_joint,phase1c_common_mode,ID16,660,42.98888629623864,52.45785991079458,8
phase1c_common_mode_joint,phase1c_common_mode,ID16,680,47.304163593230456,60.82619374526979,8
phase1c_common_mode_joint,phase1c_common_mode,ID16,700,46.49288658320807,60.27689955772783,8
phase1c_common_mode_joint,phase1c_common_mode,ID16,720,43.83601895900591,74.12218879637166,8
phase1c_common_mode_joint,phase1c_common_mode,ID16,740,39.27938147701231,61.410915072219986,8
phase1c_common_mode_joint,phase1c_common_mode,ID16,760,50.35354314442508,50.50534848029897,8
phase1c_common_mode_joint,phase1c_common_mode,ID16,780,42.03870388154566,50.88523600053536,8
phase1c_common_mode_joint,phase1c_common_mode,ID16,800,57.96194813155201,198.67263673033622,8
phase1c_common_mode_joint,phase1c_common_mode,ID16,820,22.228657865776512,57.87438900384578,8
phase1c_common_mode_joint,phase1c_common_mode,ID16,840,43.81049388524338,63.63560454665593,8
phase1c_common_mode_joint,phase1c_common_mode,ID16,860,8.559032740833949,3.7766861995320404,7
phase1c_common_mode_joint,phase1c_common_mode,ID16,880,49.12138913220343,39.031639434098935,8
phase1c_common_mode_joint,phase1c_common_mode,ID16,900,47.414184415664316,53.35709429898266,8
phase1c_common_mode_joint,phase1c_common_mode,ID16,920,37.433671825386746,22.237092454088714,8
phase1c_common_mode_joint,phase1c_common_mode,ID16,940,76.71889629697061,34.76355538623559,8
phase1c_common_mode_joint,phase1c_common_mode,ID16,960,31.484152827687346,66.38075937015509,8
phase1c_common_mode_joint,phase1c_common_mode,ID16,980,64.44600178992255,46.573950919092,8
phase1c_common_mode_joint,phase1c_common_mode,ID16,1000,50.35968137756622,50.182319339490164,8
phase1c_common_mode_joint,phase1c_common_mode,ID16,1020,62.707216004988986,44.525982153848574,8
phase1c_common_mode_joint,phase1c_common_mode,ID16,1040,89.57406424392337,111.63149328565633,8
phase1c_common_mode_joint,phase1c_common_mode,ID16,1060,38.484435178624416,59.69317812286084,8
phase1c_common_mode_joint,phase1c_common_mode,ID16,1080,49.64686880566091,58.45057891463878,8
phase1c_common_mode_joint,phase1c_common_mode,ID16,1100,85.33437583596935,145.16032100272233,8
phase1c_common_mode_joint,phase1c_common_mode,ID16,1120,52.204885128227566,64.24186440090189,8
phase1c_common_mode_joint,phase1c_common_mode,ID16,1140,36.45881384042644,21.682394505181133,8
phase1c_common_mode_joint,phase1c_common_mode,ID16,1160,87.66514794702253,50.215391161169556,7
phase1c_common_mode_joint,phase1c_common_mode,ID16,1180,51.36039799383647,35.9519490224768,8
phase1c_common_mode_joint,phase1c_common_mode,ID16,1200,48.897045736771695,58.305204108207434,8
phase1c_common_mode_joint,phase1c_common_mode,ID17,0,-15.023938962647975,72.43559918278744,8
phase1c_common_mode_joint,phase1c_common_mode,ID17,20,-45.36032203486853,63.87725076633676,8
phase1c_common_mode_joint,phase1c_common_mode,ID17,40,-46.77719528516612,79.9031709917388,8
phase1c_common_mode_joint,phase1c_common_mode,ID17,60,-33.48531326512866,74.26718134615147,8
phase1c_common_mode_joint,phase1c_common_mode,ID17,80,-4.246944569352823,75.85980486456194,8
phase1c_common_mode_joint,phase1c_common_mode,ID17,100,-36.45080048746076,66.79943635063059,8
phase1c_common_mode_joint,phase1c_common_mode,ID17,120,-45.198765046360954,65.68896736637389,8
phase1c_common_mode_joint,phase1c_common_mode,ID17,140,-3.576333594530082,93.20974253716268,8
phase1c_common_mode_joint,phase1c_common_mode,ID17,160,-60.51108251699506,181.38621477630144,8
phase1c_common_mode_joint,phase1c_common_mode,ID17,180,-0.057868950010893976,63.52247277055987,8
phase1c_common_mode_joint,phase1c_common_mode,ID17,200,-35.07350267775549,67.94629707945491,8
phase1c_common_mode_joint,phase1c_common_mode,ID17,220,-61.81978559496852,52.248938707599386,7
phase1c_common_mode_joint,phase1c_common_mode,ID17,240,-38.97475813516827,51.19768667278394,8
phase1c_common_mode_joint,phase1c_common_mode,ID17,260,-42.838651999106105,76.52529953532006,8
phase1c_common_mode_joint,phase1c_common_mode,ID17,280,-18.620689056378108,61.2579380918726,8
phase1c_common_mode_joint,phase1c_common_mode,ID17,300,-48.87272724175587,58.66053161067349,8
phase1c_common_mode_joint,phase1c_common_mode,ID17,320,-12.611746076535676,68.2061357534781,8
phase1c_common_mode_joint,phase1c_common_mode,ID17,340,-29.242747354000286,59.7870093636292,8
phase1c_common_mode_joint,phase1c_common_mode,ID17,360,-33.18677503348166,56.268274715449884,8
phase1c_common_mode_joint,phase1c_common_mode,ID17,380,-45.09265350710884,56.99405361212994,8
phase1c_common_mode_joint,phase1c_common_mode,ID17,400,-15.735643300555457,45.71431466609253,8
phase1c_common_mode_joint,phase1c_common_mode,ID17,420,-43.74709037732094,77.96463136794989,8
phase1c_common_mode_joint,phase1c_common_mode,ID17,440,-15.317834650926457,79.56384579626793,8
phase1c_common_mode_joint,phase1c_common_mode,ID17,460,-81.70112734741859,22.756982394398573,8
phase1c_common_mode_joint,phase1c_common_mode,ID17,480,-45.371121278072266,96.41702266596609,8
phase1c_common_mode_joint,phase1c_common_mode,ID17,500,-18.11910149598922,82.11928874661712,8
phase1c_common_mode_joint,phase1c_common_mode,ID17,520,-32.41542236767885,55.340012845067484,8
phase1c_common_mode_joint,phase1c_common_mode,ID17,540,-29.34600411518761,86.47038651064399,8
phase1c_common_mode_joint,phase1c_common_mode,ID17,560,-72.1284164124848,78.10579469915444,8
phase1c_common_mode_joint,phase1c_common_mode,ID17,580,0.24567697062916843,51.2404713969766,8
phase1c_common_mode_joint,phase1c_common_mode,ID17,600,-36.27364730263342,91.01127342924819,8
phase1c_common_mode_joint,phase1c_common_mode,ID17,620,-34.495329491057696,158.6082058871933,8
phase1c_common_mode_joint,phase1c_common_mode,ID17,640,-37.014960989006525,67.46744276051508,8
phase1c_common_mode_joint,phase1c_common_mode,ID17,660,-51.08370801725523,65.41741118972688,8
phase1c_common_mode_joint,phase1c_common_mode,ID17,680,-36.850110337919986,60.1544975889624,8
phase1c_common_mode_joint,phase1c_common_mode,ID17,700,-25.090921876413333,73.18419347792083,8
phase1c_common_mode_joint,phase1c_common_mode,ID17,720,-68.11307691588513,72.10489516580245,8
phase1c_common_mode_joint,phase1c_common_mode,ID17,740,-64.30368491345146,54.870383321721825,8
phase1c_common_mode_joint,phase1c_common_mode,ID17,760,-28.53910402724965,76.17926775733632,8
phase1c_common_mode_joint,phase1c_common_mode,ID17,780,-42.710862603720145,58.629419389917146,8
phase1c_common_mode_joint,phase1c_common_mode,ID17,800,-54.790487817844884,174.13481917180079,8
phase1c_common_mode_joint,phase1c_common_mode,ID17,820,-31.422635742981946,65.00279057750346,8
phase1c_common_mode_joint,phase1c_common_mode,ID17,840,-34.83935042071604,86.41366538767595,8
phase1c_common_mode_joint,phase1c_common_mode,ID17,860,-49.08573182265334,51.9084448109171,7
phase1c_common_mode_joint,phase1c_common_mode,ID17,880,-43.36038831009399,85.28928767482205,8
phase1c_common_mode_joint,phase1c_common_mode,ID17,900,-37.5461368619172,67.03652537183642,8
phase1c_common_mode_joint,phase1c_common_mode,ID17,920,-29.60729271933957,60.966470285008576,8
phase1c_common_mode_joint,phase1c_common_mode,ID17,940,-55.03244761383359,82.69972550863747,8
phase1c_common_mode_joint,phase1c_common_mode,ID17,960,-11.57413503846395,69.79518646877992,8
phase1c_common_mode_joint,phase1c_common_mode,ID17,980,-18.703791218532302,75.78956052103092,8
phase1c_common_mode_joint,phase1c_common_mode,ID17,1000,-14.740447101246518,61.60652704619301,8
phase1c_common_mode_joint,phase1c_common_mode,ID17,1020,-16.387241090108493,98.88729765739933,8
phase1c_common_mode_joint,phase1c_common_mode,ID17,1040,-24.380352471594836,79.74260577494897,8
phase1c_common_mode_joint,phase1c_common_mode,ID17,1060,-26.003194774550046,55.64899397778621,8
phase1c_common_mode_joint,phase1c_common_mode,ID17,1080,-31.500162304134626,75.1301187686431,8
phase1c_common_mode_joint,phase1c_common_mode,ID17,1100,-21.144601156315126,82.62797379466708,8
phase1c_common_mode_joint,phase1c_common_mode,ID17,1120,-10.912247785207327,73.51845535480619,8
phase1c_common_mode_joint,phase1c_common_mode,ID17,1140,-42.548896727559566,55.00989711399296,8
phase1c_common_mode_joint,phase1c_common_mode,ID17,1160,7.508606442159969,65.6352187225542,8
phase1c_common_mode_joint,phase1c_common_mode,ID17,1180,-36.12523928360613,45.70708121320718,8
phase1c_common_mode_joint,phase1c_common_mode,ID18,0,-17.92656806354085,46.85430062185522,8
phase1c_common_mode_joint,phase1c_common_mode,ID18,20,-20.470360403124243,33.0539692253685,8
phase1c_common_mode_joint,phase1c_common_mode,ID18,40,-8.483583517206107,11.774905062752712,8
phase1c_common_mode_joint,phase1c_common_mode,ID18,60,-10.54495642653147,47.63810133523741,8
phase1c_common_mode_joint,phase1c_common_mode,ID18,80,-8.551974496717072,42.1755508083655,8
phase1c_common_mode_joint,phase1c_common_mode,ID18,100,-10.639881711788757,37.69149484191206,8
phase1c_common_mode_joint,phase1c_common_mode,ID18,120,-12.17834273087512,33.367495667852225,8
phase1c_common_mode_joint,phase1c_common_mode,ID18,140,3.501139929090647,36.20991083770316,8
phase1c_common_mode_joint,phase1c_common_mode,ID18,160,0.10246893283181246,29.388721723470677,8
phase1c_common_mode_joint,phase1c_common_mode,ID18,180,4.835150736414117,29.027180209250343,8
phase1c_common_mode_joint,phase1c_common_mode,ID18,200,20.901807810673812,46.210987526598025,8
phase1c_common_mode_joint,phase1c_common_mode,ID18,220,7.545134980004581,30.95128844536609,8
phase1c_common_mode_joint,phase1c_common_mode,ID18,240,-3.6606974729977773,24.781792039840543,8
phase1c_common_mode_joint,phase1c_common_mode,ID18,260,3.3702072549289817,45.88492566351254,8
phase1c_common_mode_joint,phase1c_common_mode,ID18,280,-8.243900826123053,166.8103566813687,8
phase1c_common_mode_joint,phase1c_common_mode,ID18,300,-23.199998667939155,44.17730986259605,8
phase1c_common_mode_joint,phase1c_common_mode,ID18,320,-21.23471401138492,39.65754744848386,8
phase1c_common_mode_joint,phase1c_common_mode,ID18,340,-10.377110597415008,46.399636964414455,8
phase1c_common_mode_joint,phase1c_common_mode,ID18,360,-26.683160449588637,45.30436151553659,8
phase1c_common_mode_joint,phase1c_common_mode,ID18,380,-13.661698950375657,35.98597875655496,8
phase1c_common_mode_joint,phase1c_common_mode,ID18,400,-38.76800055539769,50.76765912055005,8
phase1c_common_mode_joint,phase1c_common_mode,ID18,420,14.396086919649488,43.161729141477714,8
phase1c_common_mode_joint,phase1c_common_mode,ID18,440,-0.747016468442128,45.49422457232247,8
phase1c_common_mode_joint,phase1c_common_mode,ID18,460,-32.09469224357408,110.14901649819798,8
phase1c_common_mode_joint,phase1c_common_mode,ID18,480,2.6962061721496635,40.95143484155032,8
phase1c_common_mode_joint,phase1c_common_mode,ID18,500,-3.7611795972625908,28.9580561913524,8
phase1c_common_mode_joint,phase1c_common_mode,ID18,520,-10.025814178218937,130.003766191577,8
phase1c_common_mode_joint,phase1c_common_mode,ID18,540,-20.8438444472517,38.2596684931412,8
phase1c_common_mode_joint,phase1c_common_mode,ID18,560,-29.303397390538706,44.42388688907124,8
phase1c_common_mode_joint,phase1c_common_mode,ID18,580,-19.764464138244286,25.451173359282823,7
phase1c_common_mode_joint,phase1c_common_mode,ID18,600,-4.5615008944449515,16.400852824660944,8
phase1c_common_mode_joint,phase1c_common_mode,ID18,620,2.5470594345445323,37.68715142149332,8
phase1c_common_mode_joint,phase1c_common_mode,ID18,640,-14.747261465652974,40.369389180796276,8
phase1c_common_mode_joint,phase1c_common_mode,ID18,660,-7.813657621045821,40.19648245434615,8
phase1c_common_mode_joint,phase1c_common_mode,ID18,680,11.119559639820512,39.94675262349875,8
phase1c_common_mode_joint,phase1c_common_mode,ID18,700,-18.513805699786683,39.03020963955187,8
phase1c_common_mode_joint,phase1c_common_mode,ID18,720,-3.374192670246436,41.41244569050452,8
phase1c_common_mode_joint,phase1c_common_mode,ID18,740,1.8217500719402053,34.2794756614943,8
phase1c_common_mode_joint,phase1c_common_mode,ID18,760,-33.2366349971139,43.82778753332062,8
phase1c_common_mode_joint,phase1c_common_mode,ID18,780,3.798983679308944,19.441625316362167,8
phase1c_common_mode_joint,phase1c_common_mode,ID18,800,-2.593709210709472,44.22394542347308,8
phase1c_common_mode_joint,phase1c_common_mode,ID18,820,3.8429909962590494,31.880502219508383,7
phase1c_common_mode_joint,phase1c_common_mode,ID18,840,42.49759818198525,18.52048013976352,7
phase1c_common_mode_joint,phase1c_common_mode,ID18,860,-12.227794984859583,55.7526184594091,7
phase1c_common_mode_joint,phase1c_common_mode,ID18,880,-3.0924321195408524,35.37850615964246,8
phase1c_common_mode_joint,phase1c_common_mode,ID18,900,2.184727949123289,43.06600287765647,8
phase1c_common_mode_joint,phase1c_common_mode,ID18,920,-0.9882911158192507,44.403229991020524,8
phase1c_common_mode_joint,phase1c_common_mode,ID18,940,22.421094912069726,40.707357876751985,8
phase1c_common_mode_joint,phase1c_common_mode,ID18,960,-9.886817790443711,49.0166127836137,8
phase1c_common_mode_joint,phase1c_common_mode,ID18,980,-38.305203768496526,141.4988480822157,8
phase1c_common_mode_joint,phase1c_common_mode,ID18,1000,-4.896417831833668,41.944512929283924,8
phase1c_common_mode_joint,phase1c_common_mode,ID18,1020,-26.941379256968407,53.39498770266424,8
phase1c_common_mode_joint,phase1c_common_mode,ID18,1040,0.8837256761481158,53.64196902278586,8
phase1c_common_mode_joint,phase1c_common_mode,ID18,1060,19.059660254147584,42.230716878652636,8
phase1c_common_mode_joint,phase1c_common_mode,ID18,1080,-18.0577715671852,44.851994208908074,8
phase1c_common_mode_joint,phase1c_common_mode,ID18,1100,-31.689312734032086,133.65420136006006,8
phase1c_common_mode_joint,phase1c_common_mode,ID18,1120,-7.42356462678484,16.990994582818242,8
phase1c_common_mode_joint,phase1c_common_mode,ID18,1140,-0.13320000828858725,37.31257136489464,8
phase1c_common_mode_joint,phase1c_common_mode,ID18,1160,-8.53419628402653,19.62460611248349,7
phase1c_common_mode_joint,phase1c_common_mode,ID18,1180,-10.144317062989932,20.23186030470432,7
phase1c_common_mode_joint,phase1c_common_mode,ID19,0,-127.83669900561304,123.3171480057373,8
phase1c_common_mode_joint,phase1c_common_mode,ID19,20,-32.821733652898246,177.2738922652177,8
phase1c_common_mode_joint,phase1c_common_mode,ID19,40,-30.90460218808263,200.62552870749374,8
phase1c_common_mode_joint,phase1c_common_mode,ID19,60,-230.21320497147468,150.36118031089882,7
phase1c_common_mode_joint,phase1c_common_mode,ID19,80,-23.504319304259493,208.3621738237401,8
phase1c_common_mode_joint,phase1c_common_mode,ID19,100,-48.615265591360746,185.16269445173396,8
phase1c_common_mode_joint,phase1c_common_mode,ID19,120,-49.09975033877941,183.9295923962077,8
phase1c_common_mode_joint,phase1c_common_mode,ID19,140,-66.84594754217984,180.77979412641574,8
phase1c_common_mode_joint,phase1c_common_mode,ID19,160,-50.34038972050396,182.95451824158502,8
phase1c_common_mode_joint,phase1c_common_mode,ID19,180,-10.346851888069148,176.2316361239967,8
phase1c_common_mode_joint,phase1c_common_mode,ID19,200,-32.90247091160863,195.9251110172558,8
phase1c_common_mode_joint,phase1c_common_mode,ID19,220,-19.858421634981912,198.84229680001312,8
phase1c_common_mode_joint,phase1c_common_mode,ID19,240,-27.720286868678887,170.59346585711702,8
phase1c_common_mode_joint,phase1c_common_mode,ID19,260,-71.72934939265137,176.01654879489402,8
phase1c_common_mode_joint,phase1c_common_mode,ID19,280,-146.80552325937893,165.9573412333045,8
phase1c_common_mode_joint,phase1c_common_mode,ID19,300,-38.081251686981766,166.3057814574515,8
phase1c_common_mode_joint,phase1c_common_mode,ID19,320,-27.79647374827374,176.0604803828258,8
phase1c_common_mode_joint,phase1c_common_mode,ID19,340,-35.480508322454746,180.4972976934284,8
phase1c_common_mode_joint,phase1c_common_mode,ID19,360,-15.118221052976397,229.382710407659,8
phase1c_common_mode_joint,phase1c_common_mode,ID19,380,-70.14022782660133,175.01014504310638,8
phase1c_common_mode_joint,phase1c_common_mode,ID19,400,-27.135150106814933,335.8110835454432,8
phase1c_common_mode_joint,phase1c_common_mode,ID19,420,-34.545156026751066,175.37289843187426,8
phase1c_common_mode_joint,phase1c_common_mode,ID19,440,-55.654025410769,173.76967378649712,8
phase1c_common_mode_joint,phase1c_common_mode,ID19,460,-47.215784345529286,131.07187297625484,7
phase1c_common_mode_joint,phase1c_common_mode,ID19,480,-52.25986438385923,224.54451047057083,8
phase1c_common_mode_joint,phase1c_common_mode,ID19,500,-46.594151094782795,196.76332659031945,8
phase1c_common_mode_joint,phase1c_common_mode,ID19,520,-32.736912115135056,113.02049239629721,7
phase1c_common_mode_joint,phase1c_common_mode,ID19,540,-75.45079370920995,165.84735824410077,8
phase1c_common_mode_joint,phase1c_common_mode,ID19,560,-28.09543386814007,213.69144518107208,8
phase1c_common_mode_joint,phase1c_common_mode,ID19,580,-107.65682013627104,159.28518518518732,8
phase1c_common_mode_joint,phase1c_common_mode,ID19,600,-84.77654304555806,167.02718143912236,8
phase1c_common_mode_joint,phase1c_common_mode,ID19,620,-4.553602637857052,205.45175133540968,8
phase1c_common_mode_joint,phase1c_common_mode,ID19,640,-25.085738423997295,179.00360693873375,8
phase1c_common_mode_joint,phase1c_common_mode,ID19,660,-14.44894643611678,203.21873766502824,8
phase1c_common_mode_joint,phase1c_common_mode,ID19,680,-77.06780667427815,179.1441796016171,8
phase1c_common_mode_joint,phase1c_common_mode,ID19,700,-32.546367060864576,215.408896133601,8
phase1c_common_mode_joint,phase1c_common_mode,ID19,720,-88.66328133228534,163.99162038860032,8
phase1c_common_mode_joint,phase1c_common_mode,ID19,740,-101.30270349300106,172.0772939757097,8
phase1c_common_mode_joint,phase1c_common_mode,ID19,760,-42.870752674162404,217.68448131791817,8
phase1c_common_mode_joint,phase1c_common_mode,ID19,780,-83.35830769496806,178.2437281687465,8
phase1c_common_mode_joint,phase1c_common_mode,ID19,800,-42.384062425760106,201.4210863769572,8
phase1c_common_mode_joint,phase1c_common_mode,ID19,820,-97.78919320243776,165.27822901668085,8
phase1c_common_mode_joint,phase1c_common_mode,ID19,840,-60.92791619824372,173.4186767956024,8
phase1c_common_mode_joint,phase1c_common_mode,ID19,860,-54.62830103002086,192.38812747800694,8
phase1c_common_mode_joint,phase1c_common_mode,ID19,880,-60.72518760479633,176.11071685668415,8
phase1c_common_mode_joint,phase1c_common_mode,ID19,900,-43.88030231336295,155.89487748890983,8
phase1c_common_mode_joint,phase1c_common_mode,ID19,920,-300.0,182.26830444117047,8
phase1c_common_mode_joint,phase1c_common_mode,ID19,940,-35.27269312383163,200.78165368848911,8
phase1c_common_mode_joint,phase1c_common_mode,ID19,960,-29.654062973212362,192.25381188210045,8
phase1c_common_mode_joint,phase1c_common_mode,ID19,980,-291.0922164242727,212.7718601986417,7
phase1c_common_mode_joint,phase1c_common_mode,ID19,1000,-54.97331869524543,177.55112231212317,8
phase1c_common_mode_joint,phase1c_common_mode,ID19,1020,-45.69391068428606,194.2846149010211,8
phase1c_common_mode_joint,phase1c_common_mode,ID19,1040,-79.32791562897599,146.9012810486753,8
phase1c_common_mode_joint,phase1c_common_mode,ID19,1060,-80.10739584876465,152.27969512547097,8
phase1c_common_mode_joint,phase1c_common_mode,ID19,1080,-77.64518464505935,167.16313882261338,8
phase1c_common_mode_joint,phase1c_common_mode,ID19,1100,-63.93396557560768,300.7137933890109,8
phase1c_common_mode_joint,phase1c_common_mode,ID19,1120,-103.12875314424697,170.14573580507195,8
phase1c_common_mode_joint,phase1c_common_mode,ID19,1140,-47.451142813418805,172.74744279445713,8
phase1c_common_mode_joint,phase1c_common_mode,ID19,1160,-66.18667958397413,121.43361082154932,7
phase1c_common_mode_joint,phase1c_common_mode,ID19,1180,-21.907851906594722,203.79779987747318,8
phase1c_common_mode_joint,phase1c_common_mode,ID19,1200,-41.5639037058007,180.70254183077736,8
phase1c_common_mode_joint,phase1c_common_mode,ID20,0,-30.090263046144614,102.23717101342979,8
phase1c_common_mode_joint,phase1c_common_mode,ID20,20,19.804766540030226,99.35191705961954,8
phase1c_common_mode_joint,phase1c_common_mode,ID20,40,-0.5186289539974993,137.00651142502096,8
phase1c_common_mode_joint,phase1c_common_mode,ID20,60,-57.96721250718687,90.8223087215136,8
phase1c_common_mode_joint,phase1c_common_mode,ID20,80,-11.690638276380062,55.12045729615209,7
phase1c_common_mode_joint,phase1c_common_mode,ID20,100,-21.179676299564285,174.4656468071918,8
phase1c_common_mode_joint,phase1c_common_mode,ID20,120,-26.67343990109296,102.86415457150098,8
phase1c_common_mode_joint,phase1c_common_mode,ID20,140,6.499076903359991,93.85153172665991,8
phase1c_common_mode_joint,phase1c_common_mode,ID20,160,-39.46069787565264,140.4889142057348,8
phase1c_common_mode_joint,phase1c_common_mode,ID20,180,-27.893853353445213,119.91829051236837,8
phase1c_common_mode_joint,phase1c_common_mode,ID20,200,-105.78105965078065,134.37440195681552,8
phase1c_common_mode_joint,phase1c_common_mode,ID20,220,16.89499412895913,102.42740316966977,8
phase1c_common_mode_joint,phase1c_common_mode,ID20,240,18.109660662192084,101.51258974435093,8
phase1c_common_mode_joint,phase1c_common_mode,ID20,260,-58.214832745067774,85.93144336565636,7
phase1c_common_mode_joint,phase1c_common_mode,ID20,280,-12.359532810654072,105.1704606527774,8
phase1c_common_mode_joint,phase1c_common_mode,ID20,300,-41.623420742960015,159.86334008664886,8
phase1c_common_mode_joint,phase1c_common_mode,ID20,320,-21.628903277589067,99.57069402983839,7
phase1c_common_mode_joint,phase1c_common_mode,ID20,340,-21.883581173599428,104.7777688458049,8
phase1c_common_mode_joint,phase1c_common_mode,ID20,360,3.6422208716910505,89.626095166961,8
phase1c_common_mode_joint,phase1c_common_mode,ID20,380,-33.72165661868847,90.12050462384906,8
phase1c_common_mode_joint,phase1c_common_mode,ID20,400,-17.904476525230066,124.79713574447497,8
phase1c_common_mode_joint,phase1c_common_mode,ID20,420,12.65130149045445,110.39660131135821,8
phase1c_common_mode_joint,phase1c_common_mode,ID20,440,24.62952147893612,69.28271971113925,7
phase1c_common_mode_joint,phase1c_common_mode,ID20,460,-12.778155170348345,107.41484916129006,8
phase1c_common_mode_joint,phase1c_common_mode,ID20,480,-2.9609352220407485,86.41989836457464,8
phase1c_common_mode_joint,phase1c_common_mode,ID20,500,-18.77232757253481,108.48566287125954,8
phase1c_common_mode_joint,phase1c_common_mode,ID20,520,-1.4974144070561346,149.9755832820423,8
phase1c_common_mode_joint,phase1c_common_mode,ID20,540,-57.61660650648066,246.534107528497,8
phase1c_common_mode_joint,phase1c_common_mode,ID20,560,-21.88093707977711,98.0838596101155,8
phase1c_common_mode_joint,phase1c_common_mode,ID20,580,3.682272670379801,120.0814615261162,8
phase1c_common_mode_joint,phase1c_common_mode,ID20,600,-4.984367689905774,101.11999525006884,8
phase1c_common_mode_joint,phase1c_common_mode,ID20,620,16.054822795730267,84.31265297016603,8
phase1c_common_mode_joint,phase1c_common_mode,ID20,640,-11.242144298701824,150.85806077415114,8
phase1c_common_mode_joint,phase1c_common_mode,ID20,660,-8.09168641609067,153.61058109191686,8
phase1c_common_mode_joint,phase1c_common_mode,ID20,680,-13.384830335070873,158.27252626928885,8
phase1c_common_mode_joint,phase1c_common_mode,ID20,700,-2.391018875020729,100.51555892615902,8
phase1c_common_mode_joint,phase1c_common_mode,ID20,720,-29.878946297887175,156.39578054359893,8
phase1c_common_mode_joint,phase1c_common_mode,ID20,740,2.5828541804496665,87.7780298066854,8
phase1c_common_mode_joint,phase1c_common_mode,ID20,760,-5.677015270175707,87.68206215356126,8
phase1c_common_mode_joint,phase1c_common_mode,ID20,780,1.0267976770122802,91.31709300199684,8
phase1c_common_mode_joint,phase1c_common_mode,ID20,800,-15.56117363486204,123.04296511603557,8
phase1c_common_mode_joint,phase1c_common_mode,ID20,820,-20.490557434051304,133.12168078456,8
phase1c_common_mode_joint,phase1c_common_mode,ID20,840,-143.27035966009038,134.01591817322145,7
phase1c_common_mode_joint,phase1c_common_mode,ID20,860,-13.913364667339986,84.37985043531863,8
phase1c_common_mode_joint,phase1c_common_mode,ID20,880,16.061455496294055,92.05980118826805,8
phase1c_common_mode_joint,phase1c_common_mode,ID20,900,11.34389942833675,107.60895936014506,8
phase1c_common_mode_joint,phase1c_common_mode,ID20,920,-41.78097843265916,120.72347214341791,8
phase1c_common_mode_joint,phase1c_common_mode,ID20,940,2.656451842637421,101.48359192473364,8
phase1c_common_mode_joint,phase1c_common_mode,ID20,960,-6.328549383786545,120.58538819296074,8
phase1c_common_mode_joint,phase1c_common_mode,ID20,980,-11.34484391778162,106.57437118045114,8
phase1c_common_mode_joint,phase1c_common_mode,ID20,1000,-11.41917263397871,83.80549522027147,8
phase1c_common_mode_joint,phase1c_common_mode,ID20,1020,11.534003701747423,115.89176796677627,7
phase1c_common_mode_joint,phase1c_common_mode,ID20,1040,-11.791002275835519,89.17597864993888,8
phase1c_common_mode_joint,phase1c_common_mode,ID20,1060,-45.39694449856394,143.44299033451773,8
phase1c_common_mode_joint,phase1c_common_mode,ID20,1080,4.249209103450102,144.48451128847023,8
phase1c_common_mode_joint,phase1c_common_mode,ID20,1100,-28.168721837465373,110.78844434595737,8
phase1c_common_mode_joint,phase1c_common_mode,ID20,1120,-20.011484253722923,271.36367275643573,8
phase1c_common_mode_joint,phase1c_common_mode,ID20,1140,-19.2756350242074,91.03465165331075,8
phase1c_common_mode_joint,phase1c_common_mode,ID20,1160,-4.928255429227781,95.0295853300639,8
phase1c_common_mode_joint,phase1c_common_mode,ID20,1180,6.154147655563405,47.03899134218738,7
phase1c_common_mode_joint,phase1c_common_mode,ID20,1200,-30.09237222111911,126.47431270458439,8
phase1c_common_mode_joint,phase1c_common_mode,ID21,0,139.49652811490913,159.18676497546085,8
phase1c_common_mode_joint,phase1c_common_mode,ID21,20,42.37819764861325,101.31822369723899,8
phase1c_common_mode_joint,phase1c_common_mode,ID21,40,68.5544047910495,131.74193824618482,8
phase1c_common_mode_joint,phase1c_common_mode,ID21,60,23.411863393787474,88.52001568935883,8
phase1c_common_mode_joint,phase1c_common_mode,ID21,80,62.259086430929486,113.71015532955391,8
phase1c_common_mode_joint,phase1c_common_mode,ID21,100,66.25930912290627,124.30564537583004,8
phase1c_common_mode_joint,phase1c_common_mode,ID21,120,50.51709857929018,144.44188101246192,8
phase1c_common_mode_joint,phase1c_common_mode,ID21,140,45.59432194148735,125.84056232636932,8
phase1c_common_mode_joint,phase1c_common_mode,ID21,160,23.768414553419937,120.80202557327499,8
phase1c_common_mode_joint,phase1c_common_mode,ID21,180,77.74969168906927,135.68572744045625,8
phase1c_common_mode_joint,phase1c_common_mode,ID21,200,46.741345531918334,121.78850182816426,8
phase1c_common_mode_joint,phase1c_common_mode,ID21,220,42.98913094890314,193.93962696272658,8
phase1c_common_mode_joint,phase1c_common_mode,ID21,240,26.441002702319413,91.10979412253005,8
phase1c_common_mode_joint,phase1c_common_mode,ID21,260,44.83360828155034,120.46457840068153,8
phase1c_common_mode_joint,phase1c_common_mode,ID21,280,20.635281346148798,111.62482094065425,7
phase1c_common_mode_joint,phase1c_common_mode,ID21,300,59.10431554223747,101.21325101703577,8
phase1c_common_mode_joint,phase1c_common_mode,ID21,320,40.245693182573596,91.84635522369463,8
phase1c_common_mode_joint,phase1c_common_mode,ID21,340,3.6896052588851456,87.08982889701414,8
phase1c_common_mode_joint,phase1c_common_mode,ID21,360,59.76908040904017,91.39203329250275,8
phase1c_common_mode_joint,phase1c_common_mode,ID21,380,52.77936398342651,159.60234077132787,8
phase1c_common_mode_joint,phase1c_common_mode,ID21,400,137.50747157469908,147.33726216888815,8
phase1c_common_mode_joint,phase1c_common_mode,ID21,420,21.09546743054515,94.20367698268834,8
phase1c_common_mode_joint,phase1c_common_mode,ID21,440,54.702933528344886,125.54467740239149,8
phase1c_common_mode_joint,phase1c_common_mode,ID21,460,8.872858797082113,81.92695444239632,7
phase1c_common_mode_joint,phase1c_common_mode,ID21,480,29.683909896489265,120.84426989310325,8
phase1c_common_mode_joint,phase1c_common_mode,ID21,500,60.09863753440769,109.43835687363733,8
phase1c_common_mode_joint,phase1c_common_mode,ID21,520,39.6864369465436,132.64781521696673,8
phase1c_common_mode_joint,phase1c_common_mode,ID21,540,82.29935282783825,136.9635806038953,8
phase1c_common_mode_joint,phase1c_common_mode,ID21,560,11.041275421330651,81.9514716718036,8
phase1c_common_mode_joint,phase1c_common_mode,ID21,580,74.48999986657698,118.1412290200837,8
phase1c_common_mode_joint,phase1c_common_mode,ID21,600,68.89251269503215,139.01438854541254,8
phase1c_common_mode_joint,phase1c_common_mode,ID21,620,9.579594923399997,101.35700081886428,8
phase1c_common_mode_joint,phase1c_common_mode,ID21,640,18.522885878976005,128.5703318362492,7
phase1c_common_mode_joint,phase1c_common_mode,ID21,660,10.618584704058067,74.57663885317983,8
phase1c_common_mode_joint,phase1c_common_mode,ID21,680,58.57362504428909,107.08383720158749,8
phase1c_common_mode_joint,phase1c_common_mode,ID21,700,1.4436922355359372,228.3728458854403,8
phase1c_common_mode_joint,phase1c_common_mode,ID21,720,25.642222976866147,92.03151742815277,8
phase1c_common_mode_joint,phase1c_common_mode,ID21,740,67.26113409657594,105.22117153977089,8
phase1c_common_mode_joint,phase1c_common_mode,ID21,760,25.189757086944187,103.13413742867354,8
phase1c_common_mode_joint,phase1c_common_mode,ID21,780,45.05021710901087,103.91881087619477,8
phase1c_common_mode_joint,phase1c_common_mode,ID21,800,90.83291311261786,161.07688895134984,8
phase1c_common_mode_joint,phase1c_common_mode,ID21,820,24.28683638716604,79.22191566968453,8
phase1c_common_mode_joint,phase1c_common_mode,ID21,840,41.639485710641,102.4431285515403,8
phase1c_common_mode_joint,phase1c_common_mode,ID21,860,42.288329262005796,120.75733505632738,8
phase1c_common_mode_joint,phase1c_common_mode,ID21,880,61.85433980956382,109.58547009713749,8
phase1c_common_mode_joint,phase1c_common_mode,ID21,900,40.4973533051041,96.44881973357931,8
phase1c_common_mode_joint,phase1c_common_mode,ID21,920,38.520517041748555,86.13320965559845,8
phase1c_common_mode_joint,phase1c_common_mode,ID21,940,17.713763238130397,93.86222625686179,8
phase1c_common_mode_joint,phase1c_common_mode,ID21,960,64.18596660050652,137.12905467409783,8
phase1c_common_mode_joint,phase1c_common_mode,ID21,980,105.98353782623259,165.95675662213984,8
phase1c_common_mode_joint,phase1c_common_mode,ID21,1000,14.254831579198651,93.30590976550714,8
phase1c_common_mode_joint,phase1c_common_mode,ID21,1020,13.919082753511876,94.9466624565883,8
phase1c_common_mode_joint,phase1c_common_mode,ID21,1040,62.52704548793365,104.7080482169729,7
phase1c_common_mode_joint,phase1c_common_mode,ID21,1060,45.152608436810816,116.79373528169526,8
phase1c_common_mode_joint,phase1c_common_mode,ID21,1080,12.890186139578809,125.57406828930343,8
phase1c_common_mode_joint,phase1c_common_mode,ID21,1100,64.01799501550747,133.63899183039038,8
phase1c_common_mode_joint,phase1c_common_mode,ID21,1120,55.60539888154084,107.66426084708694,8
phase1c_common_mode_joint,phase1c_common_mode,ID21,1140,64.40459594656359,127.59383373901885,8
phase1c_common_mode_joint,phase1c_common_mode,ID21,1160,51.711852690182226,147.8814002107376,8
phase1c_common_mode_joint,phase1c_common_mode,ID21,1180,10.160356799957675,113.06206125462683,8
phase1c_common_mode_joint,phase1c_common_mode,ID21,1200,57.83563805647643,114.23219289698878,8
phase1c_common_mode_joint,phase1c_common_mode,ID22,0,43.58908411984314,118.56412921566246,8
phase1c_common_mode_joint,phase1c_common_mode,ID22,20,42.033186797586154,115.22627954836376,8
phase1c_common_mode_joint,phase1c_common_mode,ID22,40,57.03643195131486,108.48874817921376,8
phase1c_common_mode_joint,phase1c_common_mode,ID22,60,57.62878997129132,115.18535217039016,8
phase1c_common_mode_joint,phase1c_common_mode,ID22,80,43.970034267721346,128.1178761006764,8
phase1c_common_mode_joint,phase1c_common_mode,ID22,100,70.5647354352934,114.02395745639781,8
phase1c_common_mode_joint,phase1c_common_mode,ID22,120,27.84213851531293,103.278766317909,8
phase1c_common_mode_joint,phase1c_common_mode,ID22,140,88.39258595179076,110.10037880107066,8
phase1c_common_mode_joint,phase1c_common_mode,ID22,160,182.36343769672666,164.75476518357303,8
phase1c_common_mode_joint,phase1c_common_mode,ID22,180,54.648337730443124,106.27852735000444,8
phase1c_common_mode_joint,phase1c_common_mode,ID22,200,72.58147767521514,102.14946056344634,8
phase1c_common_mode_joint,phase1c_common_mode,ID22,220,34.44341208109228,121.69450453508513,7
phase1c_common_mode_joint,phase1c_common_mode,ID22,240,37.501263781464935,125.9777570589703,8
phase1c_common_mode_joint,phase1c_common_mode,ID22,260,72.40487546621786,102.65482579998377,8
phase1c_common_mode_joint,phase1c_common_mode,ID22,280,54.26681178263902,95.74429038936628,8
phase1c_common_mode_joint,phase1c_common_mode,ID22,300,72.8010142380806,106.87627267344715,8
phase1c_common_mode_joint,phase1c_common_mode,ID22,320,49.698991394085326,87.5461545311303,8
phase1c_common_mode_joint,phase1c_common_mode,ID22,340,37.57346947228688,110.53849899222472,8
phase1c_common_mode_joint,phase1c_common_mode,ID22,360,64.02777297001715,109.96220178562147,8
phase1c_common_mode_joint,phase1c_common_mode,ID22,380,61.142316518916125,121.16931298768912,8
phase1c_common_mode_joint,phase1c_common_mode,ID22,400,91.70412238982688,203.67977925701746,8
phase1c_common_mode_joint,phase1c_common_mode,ID22,420,72.86290556442627,105.86310088337865,8
phase1c_common_mode_joint,phase1c_common_mode,ID22,440,85.09716105853018,121.25513308945136,8
phase1c_common_mode_joint,phase1c_common_mode,ID22,460,90.14063084435836,204.93325158398886,8
phase1c_common_mode_joint,phase1c_common_mode,ID22,480,55.05926766110636,135.83265259302448,8
phase1c_common_mode_joint,phase1c_common_mode,ID22,500,71.90999003877393,114.28734320544822,8
phase1c_common_mode_joint,phase1c_common_mode,ID22,520,36.49135680072999,140.7456032497572,7
phase1c_common_mode_joint,phase1c_common_mode,ID22,540,92.67667372295858,115.63173463940274,8
phase1c_common_mode_joint,phase1c_common_mode,ID22,560,52.96829689502874,119.49212691121934,8
phase1c_common_mode_joint,phase1c_common_mode,ID22,580,95.11572263192724,96.24722021722242,8
phase1c_common_mode_joint,phase1c_common_mode,ID22,600,67.2294866866108,122.55564482395508,8
phase1c_common_mode_joint,phase1c_common_mode,ID22,620,65.35373330296058,119.45409915562416,8
phase1c_common_mode_joint,phase1c_common_mode,ID22,640,65.02430272326399,122.53507181172755,8
phase1c_common_mode_joint,phase1c_common_mode,ID22,660,57.43836491646402,104.41442309450622,8
phase1c_common_mode_joint,phase1c_common_mode,ID22,680,53.999319351673265,111.36010180663267,8
phase1c_common_mode_joint,phase1c_common_mode,ID22,700,89.79063635963507,109.8869263914334,8
phase1c_common_mode_joint,phase1c_common_mode,ID22,720,48.179195143889395,105.8626151118586,8
phase1c_common_mode_joint,phase1c_common_mode,ID22,740,53.13870959531767,96.99809014781196,8
phase1c_common_mode_joint,phase1c_common_mode,ID22,760,66.59870327099112,82.30828258832132,8
phase1c_common_mode_joint,phase1c_common_mode,ID22,780,63.98610398151837,107.59906709386941,8
phase1c_common_mode_joint,phase1c_common_mode,ID22,800,82.37393514487245,108.8458177942344,8
phase1c_common_mode_joint,phase1c_common_mode,ID22,820,37.43701146039168,112.50609597014787,8
phase1c_common_mode_joint,phase1c_common_mode,ID22,840,52.04712965933252,122.6155990306364,8
phase1c_common_mode_joint,phase1c_common_mode,ID22,860,184.959317189228,167.58901567717248,8
phase1c_common_mode_joint,phase1c_common_mode,ID22,880,66.8518462815117,111.27955754161964,8
phase1c_common_mode_joint,phase1c_common_mode,ID22,900,61.13299225826782,118.62322849436785,8
phase1c_common_mode_joint,phase1c_common_mode,ID22,920,65.579362880624,119.0429381867949,8
phase1c_common_mode_joint,phase1c_common_mode,ID22,940,89.79567169489229,118.9743646402259,8
phase1c_common_mode_joint,phase1c_common_mode,ID22,960,40.940037519309755,125.63180417246221,8
phase1c_common_mode_joint,phase1c_common_mode,ID22,980,81.70167115094557,201.7793776673117,8
phase1c_common_mode_joint,phase1c_common_mode,ID22,1000,76.06276652989429,129.45334476334665,8
phase1c_common_mode_joint,phase1c_common_mode,ID22,1020,77.0677022857445,116.88025104354263,8
phase1c_common_mode_joint,phase1c_common_mode,ID22,1040,56.89456919077103,133.7517180729367,7
phase1c_common_mode_joint,phase1c_common_mode,ID22,1060,41.50373184918262,141.2293991571732,8
phase1c_common_mode_joint,phase1c_common_mode,ID22,1080,57.442382349919825,110.32841945104057,8
phase1c_common_mode_joint,phase1c_common_mode,ID22,1100,34.595606105062096,117.30326616670493,7
phase1c_common_mode_joint,phase1c_common_mode,ID22,1120,90.47786405015077,102.85317264731748,8
phase1c_common_mode_joint,phase1c_common_mode,ID22,1140,72.36728128146618,100.898482948802,8
phase1c_common_mode_joint,phase1c_common_mode,ID22,1160,72.58261907320131,119.38477362056449,8
phase1c_common_mode_joint,phase1c_common_mode,ID22,1180,27.238879176144515,124.85213250659558,8
phase1c_common_mode_joint,phase1c_common_mode,ID22,1200,62.61298188389443,125.96346542526157,8
phase1c_common_mode_joint,phase1c_common_mode,ID23,0,79.94581193518613,67.47619710230128,8
phase1c_common_mode_joint,phase1c_common_mode,ID23,20,41.84453807863316,92.4823839909611,8
phase1c_common_mode_joint,phase1c_common_mode,ID23,40,31.490847999450075,79.60688148129087,8
phase1c_common_mode_joint,phase1c_common_mode,ID23,60,62.13963667538585,72.66680408525148,8
phase1c_common_mode_joint,phase1c_common_mode,ID23,80,17.186106264773215,83.30488919974837,8
phase1c_common_mode_joint,phase1c_common_mode,ID23,100,14.967628961492407,94.95165096497102,8
phase1c_common_mode_joint,phase1c_common_mode,ID23,120,40.36959228565694,62.05571998438044,8
phase1c_common_mode_joint,phase1c_common_mode,ID23,140,46.01392267892902,77.40495781768318,8
phase1c_common_mode_joint,phase1c_common_mode,ID23,160,166.87483126700607,120.90082727930945,8
phase1c_common_mode_joint,phase1c_common_mode,ID23,180,41.37580544224476,71.27712908826506,8
phase1c_common_mode_joint,phase1c_common_mode,ID23,200,21.911678006219137,83.23582582686869,8
phase1c_common_mode_joint,phase1c_common_mode,ID23,220,16.74418049672044,100.77794165257362,8
phase1c_common_mode_joint,phase1c_common_mode,ID23,240,43.44432125541396,84.6187822596287,8
phase1c_common_mode_joint,phase1c_common_mode,ID23,260,67.33467912906482,61.83735963095359,8
phase1c_common_mode_joint,phase1c_common_mode,ID23,280,59.9496591183257,62.42241504543896,8
phase1c_common_mode_joint,phase1c_common_mode,ID23,300,21.744276655169692,77.55283339532721,8
phase1c_common_mode_joint,phase1c_common_mode,ID23,320,61.31246853177839,55.44269512485221,8
phase1c_common_mode_joint,phase1c_common_mode,ID23,340,109.18495028541678,143.9955279888975,8
phase1c_common_mode_joint,phase1c_common_mode,ID23,360,35.12092308037692,71.70524487485174,8
phase1c_common_mode_joint,phase1c_common_mode,ID23,380,47.497401205740616,69.59924005565182,8
phase1c_common_mode_joint,phase1c_common_mode,ID23,400,64.04897786273993,79.23233982268313,7
phase1c_common_mode_joint,phase1c_common_mode,ID23,420,30.667930962143952,81.07687885499958,8
phase1c_common_mode_joint,phase1c_common_mode,ID23,440,26.16313516672274,93.90767585482573,8
phase1c_common_mode_joint,phase1c_common_mode,ID23,460,68.75172104126526,83.33019233911317,8
phase1c_common_mode_joint,phase1c_common_mode,ID23,480,56.921480477745305,67.28078870581326,8
phase1c_common_mode_joint,phase1c_common_mode,ID23,500,86.64502585963461,65.24099579148859,8
phase1c_common_mode_joint,phase1c_common_mode,ID23,520,67.91132795029554,66.33539823654486,8
phase1c_common_mode_joint,phase1c_common_mode,ID23,540,62.62617864437391,67.78191145374252,8
phase1c_common_mode_joint,phase1c_common_mode,ID23,560,92.2099897611716,75.83267533758136,8
phase1c_common_mode_joint,phase1c_common_mode,ID23,580,39.66326753683962,51.30995727314254,7
phase1c_common_mode_joint,phase1c_common_mode,ID23,600,91.83029275133681,76.9547819467159,8
phase1c_common_mode_joint,phase1c_common_mode,ID23,620,62.18426019207038,64.75368141518135,8
phase1c_common_mode_joint,phase1c_common_mode,ID23,640,84.30406981359873,71.46590821153251,8
phase1c_common_mode_joint,phase1c_common_mode,ID23,660,70.66738123918515,75.8274112432427,8
phase1c_common_mode_joint,phase1c_common_mode,ID23,680,173.87272225954024,107.37386576061444,8
phase1c_common_mode_joint,phase1c_common_mode,ID23,700,66.70584779958901,90.74705470299659,8
phase1c_common_mode_joint,phase1c_common_mode,ID23,720,31.762551616306123,64.38417618520974,8
phase1c_common_mode_joint,phase1c_common_mode,ID23,740,190.91944261267525,96.36155582060178,8
phase1c_common_mode_joint,phase1c_common_mode,ID23,760,40.898841312819414,68.69618472793346,8
phase1c_common_mode_joint,phase1c_common_mode,ID23,780,46.38805932757415,73.88449328427748,8
phase1c_common_mode_joint,phase1c_common_mode,ID23,800,91.5049144364661,81.81503215841275,8
phase1c_common_mode_joint,phase1c_common_mode,ID23,820,36.11551343892203,77.55498213565279,8
phase1c_common_mode_joint,phase1c_common_mode,ID23,840,57.415541327463956,83.30646986781268,8
phase1c_common_mode_joint,phase1c_common_mode,ID23,860,61.573411219729685,79.09318235139804,8
phase1c_common_mode_joint,phase1c_common_mode,ID23,880,109.48229002039679,68.93426778996076,8
phase1c_common_mode_joint,phase1c_common_mode,ID23,900,71.0197712171307,79.39898864201463,8
phase1c_common_mode_joint,phase1c_common_mode,ID23,920,96.83072534435306,126.82941382803737,8
phase1c_common_mode_joint,phase1c_common_mode,ID23,940,89.01825691888564,80.29683060353553,8
phase1c_common_mode_joint,phase1c_common_mode,ID23,960,43.17210728274918,90.57704036834282,8
phase1c_common_mode_joint,phase1c_common_mode,ID23,980,86.0154350892543,73.84402911314287,7
phase1c_common_mode_joint,phase1c_common_mode,ID23,1000,72.1366121981619,79.14248322989,8
phase1c_common_mode_joint,phase1c_common_mode,ID23,1020,69.8613260375424,61.25148703185302,8
phase1c_common_mode_joint,phase1c_common_mode,ID23,1040,102.78724110217996,123.68009356852473,8
phase1c_common_mode_joint,phase1c_common_mode,ID23,1060,72.17655953597792,72.7894307100254,8
phase1c_common_mode_joint,phase1c_common_mode,ID23,1080,22.436682512333753,98.08367841390037,8
phase1c_common_mode_joint,phase1c_common_mode,ID23,1100,48.491299494843,79.15734630450628,8
phase1c_common_mode_joint,phase1c_common_mode,ID23,1120,20.883903908762605,89.13390242114562,8
phase1c_common_mode_joint,phase1c_common_mode,ID23,1140,50.98665062499842,76.45414494105917,8
phase1c_common_mode_joint,phase1c_common_mode,ID23,1160,109.49909334270738,103.65592862629994,8
phase1c_common_mode_joint,phase1c_common_mode,ID23,1180,88.76455540264836,57.43880561761649,8
phase1c_common_mode_joint,phase1c_common_mode,ID23,1200,51.3640781724927,75.79381973451065,8
phase1c_common_mode_joint,phase1c_common_mode,ID24,0,32.51217926611432,150.6366488609778,7
phase1c_common_mode_joint,phase1c_common_mode,ID24,20,67.98072094185302,139.36975759016917,8
phase1c_common_mode_joint,phase1c_common_mode,ID24,40,35.39200702775661,144.72469899136655,8
phase1c_common_mode_joint,phase1c_common_mode,ID24,60,84.12350794791219,159.23119877979792,8
phase1c_common_mode_joint,phase1c_common_mode,ID24,80,38.69252936143302,147.07646327509204,8
phase1c_common_mode_joint,phase1c_common_mode,ID24,100,64.62788635746789,154.19862047420452,8
phase1c_common_mode_joint,phase1c_common_mode,ID24,120,46.51779256397786,147.71898472031268,8
phase1c_common_mode_joint,phase1c_common_mode,ID24,140,57.07802794682195,158.60811009030564,8
phase1c_common_mode_joint,phase1c_common_mode,ID24,160,-2.9828026179163234,145.24717283832913,7
phase1c_common_mode_joint,phase1c_common_mode,ID24,180,31.36464570345651,146.90250916438188,8
phase1c_common_mode_joint,phase1c_common_mode,ID24,200,6.827995311075633,142.8059106884082,8
phase1c_common_mode_joint,phase1c_common_mode,ID24,220,12.463416648465943,164.07225341209582,8
phase1c_common_mode_joint,phase1c_common_mode,ID24,240,72.5067983120078,141.72179811077697,8
phase1c_common_mode_joint,phase1c_common_mode,ID24,260,75.76355520665115,140.66916614490714,8
phase1c_common_mode_joint,phase1c_common_mode,ID24,280,41.191161514356025,142.98201237084518,8
phase1c_common_mode_joint,phase1c_common_mode,ID24,300,18.682344507550035,135.8334303389457,8
phase1c_common_mode_joint,phase1c_common_mode,ID24,320,75.5381962768577,164.77686097812645,8
phase1c_common_mode_joint,phase1c_common_mode,ID24,340,78.14462342610297,172.33885264961526,8
phase1c_common_mode_joint,phase1c_common_mode,ID24,360,53.832471753557364,136.40447263334198,8
phase1c_common_mode_joint,phase1c_common_mode,ID24,380,39.4554412195149,147.50498953304898,8
phase1c_common_mode_joint,phase1c_common_mode,ID24,400,105.62307409674106,159.91084807620737,8
phase1c_common_mode_joint,phase1c_common_mode,ID24,420,38.505457288399576,149.0664665334552,8
phase1c_common_mode_joint,phase1c_common_mode,ID24,440,44.848096200223495,159.39046068267743,8
phase1c_common_mode_joint,phase1c_common_mode,ID24,460,89.76660518433954,128.7523840314826,7
phase1c_common_mode_joint,phase1c_common_mode,ID24,480,56.714202053435955,144.5768387167775,8
phase1c_common_mode_joint,phase1c_common_mode,ID24,500,35.866421756762364,155.7837881485329,8
phase1c_common_mode_joint,phase1c_common_mode,ID24,520,54.82310734082582,167.0722947125766,8
phase1c_common_mode_joint,phase1c_common_mode,ID24,540,34.85109923881524,149.18807132874844,8
phase1c_common_mode_joint,phase1c_common_mode,ID24,560,87.6972856311611,138.29500691872113,8
phase1c_common_mode_joint,phase1c_common_mode,ID24,580,68.4851310165476,153.63058524015102,8
phase1c_common_mode_joint,phase1c_common_mode,ID24,600,33.75484349842956,126.17875356768872,8
phase1c_common_mode_joint,phase1c_common_mode,ID24,620,49.56524640828352,125.83257757295898,8
phase1c_common_mode_joint,phase1c_common_mode,ID24,640,91.74920479471831,221.6586918670773,7
phase1c_common_mode_joint,phase1c_common_mode,ID24,660,54.53363053032608,155.33491382600798,8
phase1c_common_mode_joint,phase1c_common_mode,ID24,680,43.53282033921737,134.62112780336932,8
phase1c_common_mode_joint,phase1c_common_mode,ID24,700,86.448202217879,146.5821596147916,8
phase1c_common_mode_joint,phase1c_common_mode,ID24,720,35.759324070075984,162.71934851353953,8
phase1c_common_mode_joint,phase1c_common_mode,ID24,740,64.8696922127765,139.49509512149064,8
phase1c_common_mode_joint,phase1c_common_mode,ID24,760,77.30268357866666,166.06335014603064,8
phase1c_common_mode_joint,phase1c_common_mode,ID24,780,52.07732959705529,143.94654805943424,8
phase1c_common_mode_joint,phase1c_common_mode,ID24,800,45.57449613642102,157.30372331705092,8
phase1c_common_mode_joint,phase1c_common_mode,ID24,820,57.678483932012874,136.96593986161707,8
phase1c_common_mode_joint,phase1c_common_mode,ID24,840,52.230923275685065,145.3810765672948,8
phase1c_common_mode_joint,phase1c_common_mode,ID24,860,144.6554073594925,150.02754321949783,8
phase1c_common_mode_joint,phase1c_common_mode,ID24,880,72.14142529038631,158.98649086028107,8
phase1c_common_mode_joint,phase1c_common_mode,ID24,900,63.41511508757919,138.8822219380893,8
phase1c_common_mode_joint,phase1c_common_mode,ID24,920,126.94221650954947,166.99034524512007,8
phase1c_common_mode_joint,phase1c_common_mode,ID24,940,55.688747980896245,135.37933300128276,8
phase1c_common_mode_joint,phase1c_common_mode,ID24,960,67.1721023675365,136.07019982508112,8
phase1c_common_mode_joint,phase1c_common_mode,ID24,980,40.98445550867189,132.96254012099337,8
phase1c_common_mode_joint,phase1c_common_mode,ID24,1000,87.13448446283061,133.08574008907775,8
phase1c_common_mode_joint,phase1c_common_mode,ID24,1020,43.489193937494015,134.19729248708333,8
phase1c_common_mode_joint,phase1c_common_mode,ID24,1040,61.4150256050295,146.38352030782585,8
phase1c_common_mode_joint,phase1c_common_mode,ID24,1060,57.76422478840235,141.2737339843944,8
phase1c_common_mode_joint,phase1c_common_mode,ID24,1080,67.73458643529158,147.29951143608983,8
phase1c_common_mode_joint,phase1c_common_mode,ID24,1100,101.81447353532104,165.808306235439,8
phase1c_common_mode_joint,phase1c_common_mode,ID24,1120,71.36135094112859,134.01510866191953,8
phase1c_common_mode_joint,phase1c_common_mode,ID24,1140,73.71321130060002,159.33530932572967,8
phase1c_common_mode_joint,phase1c_common_mode,ID24,1160,75.36558105847294,145.66895130844802,7
phase1c_common_mode_joint,phase1c_common_mode,ID24,1180,78.89176155497121,138.899511450526,8
phase1c_common_mode_joint,phase1c_common_mode,ID24,1200,68.3335329610757,131.28197113675196,8
