PORT=/dev/serial/by-id/usb-Master_Anchor_Master_Anchor_Control_87EA2F4A526C5A02-if00
START=2026-07-10 12:16:55
MASTER=A
PRECHECK: BSxxxx tag quarantine disabled; master/matrix anchors ignore tag polls during sweep
PRECHECK: context session_autopos_ready=1 autopos_initialized=1
PRECHECK: reusing session AUTOPOS state from matrix guard
PRECHECK: reusing existing AUTOPOS map
>>> autopos cir 0
[AUTOPOS] AUTOPOS cir mode set: 0
>>> autopos round A 1010
[AUTOPOS] AUTOPOS round staged: master=A sets=1010
>>> autopos status
[AUTOPOS] AUTOPOS: mode=AUTOPOS state=staged staged=A last_success=- sets=1010 cir=0 error=-
[AUTOPOS] MSTAT peer=0 name=BS???? conn=1 ready=1 pkts=0 bytes=0 last_len=0 print_drops=0
[AUTOPOS] MSTAT peer=1 name=BS???? conn=1 ready=1 pkts=0 bytes=0 last_len=0 print_drops=0
[AUTOPOS] MSTAT peer=2 name=BS???? conn=1 ready=1 pkts=0 bytes=0 last_len=0 print_drops=0
[AUTOPOS] MSTAT peer=3 name=BS???? conn=1 ready=1 pkts=0 bytes=0 last_len=0 print_drops=0
[AUTOPOS] MSTAT peer=4 name=BS???? conn=1 ready=1 pkts=0 bytes=0 last_len=0 print_drops=0
[AUTOPOS] MSTAT peer=5 name=BS???? conn=1 ready=1 pkts=0 bytes=0 last_len=0 print_drops=0
[AUTOPOS] MSTAT peer=6 name=BS???? conn=1 ready=1 pkts=0 bytes=0 last_len=0 print_drops=0
[AUTOPOS] MSTAT peer=7 name=BS???? conn=1 ready=1 pkts=0 bytes=0 last_len=0 print_drops=0
[AUTOPOS] MCLK cal=-1 skips=-1 up_ms=70827
>>> autopos apply
[AUTOPOS] AUTOPOS apply started
[AUTOPOS] RECV_BG gate: SUPPRESS reason=autopos_detach
[AUTOPOS] AUTOPOS detach skip STOP: finite master auto-returns to matrix sets=1010
[AUTOPOS] RECV_BG gate: ALLOW reason=autopos_detach_done
[AUTOPOS] SCAN start req: bt_ready=1 scan_running=0 connecting_slot=-1 conn_count=9 target=anchor prefix=ANCHOR-
[AUTOPOS] Scanning for ANCHOR-*
[AUTOPOS] AUTOPOS apply mode: bootstrap-target-only
[AUTOPOS] Master discovery mode: CONN & START
[AUTOPOS] AUTOPOS wait anchor ready: uuid=F3BB7A04104F9CB8561DDDACB9E53714 reuse existing ready control link (discovery remains active)
[AUTOPOS] AUTOPOS state: STATE fw=alt-bcast-fixeda19-g1200-r1000 bs=BS1FFC uuid=F3BB7A04104F9CB8561DDDACB9E53714 label=A role=matrix cfg_valid=1 busy=1 pending_valid=1 schema=2 gen=1 reboot_required=0
[AUTOPOS] AUTOPOS state: STATE fw=alt-bcast-fixeda19-g1200-r1000 bs=BS1FFC uuid=F3BB7A04104F9CB8561DDDACB9E53714 label=A role=matrix cfg_valid=1 busy=1 pending_valid=1 schema=2 gen=1 reboot_required=0
[AUTOPOS] BLE cmd skip[0]: target mismatch kind=anchor target_name=- target_uuid=F3BB7A04104F9CB8561DDDACB9E53714 peer_name=- peer_bs=- peer_uuid=A892AF05DD59CF0D0D3408AD74F364A1 link=anchor-ctrl ready=1
[AUTOPOS] BLE cmd skip[1]: target mismatch kind=anchor target_name=- target_uuid=F3BB7A04104F9CB8561DDDACB9E53714 peer_name=- peer_bs=- peer_uuid=B3087BC3D87CCCD316AEDC6B71D6677F link=anchor-ctrl ready=1
[AUTOPOS] Anchor ctrl sent[2]: RUNTIME MASTER SWEEP 1010 CIR=0 uuid=F3BB7A04104F9CB8561DDDACB9E53714
[AUTOPOS] BLE cmd skip[3]: target mismatch kind=anchor target_name=- target_uuid=F3BB7A04104F9CB8561DDDACB9E53714 peer_name=- peer_bs=- peer_uuid=840C68591E90019821AACFF1B73AAA34 link=anchor-ctrl ready=1
[AUTOPOS] BLE cmd skip[4]: target mismatch kind=anchor target_name=- target_uuid=F3BB7A04104F9CB8561DDDACB9E53714 peer_name=- peer_bs=- peer_uuid=B2B5FA625534A8C617135DCAFC9E036A link=anchor-ctrl ready=1
[AUTOPOS] BLE cmd skip[5]: target mismatch kind=anchor target_name=- target_uuid=F3BB7A04104F9CB8561DDDACB9E53714 peer_name=- peer_bs=- peer_uuid=B9179575C776C98F1CB132DD6EDC6223 link=anchor-ctrl ready=1
[AUTOPOS] BLE cmd skip[6]: target mismatch kind=anchor target_name=- target_uuid=F3BB7A04104F9CB8561DDDACB9E53714 peer_name=- peer_bs=- peer_uuid=CF12E703AC1A118F6AB440AB05B0BA23 link=anchor-ctrl ready=1
[AUTOPOS] BLE cmd skip[7]: target mismatch kind=anchor target_name=- target_uuid=F3BB7A04104F9CB8561DDDACB9E53714 peer_name=- peer_bs=- peer_uuid=CEE5A7EFCB35F8A56B430047629F5309 link=anchor-ctrl ready=1
[AUTOPOS] ANCHOR_CTRL[2] notify: OK RUNTIME_SWITCH_REQUESTED SWEEP=1010
[AUTOPOS] AUTOPOS result: OK RUNTIME_SWITCH_REQUESTED SWEEP=1010
[AUTOPOS] SW-A warmup discard 1/10 minq=100
[AUTOPOS] AUTOPOS state: STATE fw=alt-bcast-fixeda19-g1200-r1000 bs=BS1FFC uuid=F3BB7A04104F9CB8561DDDACB9E53714 label=A role=master cfg_valid=1 busy=1 pending_valid=1 schema=2 gen=1 reboot_required=0
[AUTOPOS] AUTOPOS bootstrap target-only promote verified: master=A
[AUTOPOS] AUTOPOS apply success: master=A
[AUTOPOS] SW-A warmup discard 2/10 minq=100
 AUTOPOS finite sweep handoff: master=A sets=1010; host waits for SWEEP_DONE
[AUTOPOS] SW-A warmup discard 3/10 minq=100
[AUTOPOS] SW-A warmup discard 4/10 minq=100
[AUTOPOS] SW-A warmup discard 5/10 minq=80
[AUTOPOS] SW-A warmup discard 6/10 minq=83
[AUTOPOS] SW-A warmup discard 7/10 minq=85
[AUTOPOS] SW-A warmup discard 8/10 minq=87
[AUTOPOS] SW-A warmup discard 9/10 minq=88
[AUTOPOS] SW-A warmup discard 10/10 minq=90
[AUTOPOS] SW-A,B,4570,90,C,5814,100,D,2940,100,E,1675,90,F,5096,100,G,5395,100,H,1183,100
[AUTOPOS] SW-A,B,4485,91,C,5808,100,D,2885,100,E,1685,91,F,5096,100,G,5461,100,H,1136,100
[AUTOPOS] SW-A,B,4534,92,C,5754,100,D,2900,100,E,1735,92,F,5094,100,G,5456,100,H,1136,100
[AUTOPOS] SW-A,B,4537,92,C,5755,100,D,2885,100,E,1654,92,F,5102,100,G,5427,100,H,1134,92
[AUTOPOS] SW-A,B,4590,93,C,5804,100,D,2876,100,E,1702,93,F,5109,100,G,5385,100,H,1135,93
[AUTOPOS] SW-A,B,4584,93,C,5747,100,D,2878,100,E,1718,93,F,5112,100,G,5384,100,H,1135,93
[AUTOPOS] SW-A,B,4543,94,C,5775,100,D,2931,100,E,1696,94,F,5107,100,G,5353,100,H,1148,88
[AUTOPOS] SW-A,B,4528,94,C,5758,100,D,2931,100,E,1687,94,F,5121,100,G,5432,100,H,1161,88
[AUTOPOS] SW-A,B,4593,94,C,5799,100,D,2906,94,E,1747,94,F,5094,100,G,5417,100,H,1172,89
[AUTOPOS] SW-A,B,4571,95,C,5798,100,D,2881,95,E,1677,95,F,5090,100,G,5316,100,H,1138,90
[AUTOPOS] SW-A,B,4571,95,C,5794,100,D,2889,95,E,1678,95,F,5072,100,G,5420,100,H,1190,90
[AUTOPOS] SW-A,B,4584,95,C,5755,100,D,2871,95,E,1716,95,F,5099,100,G,5400,100,H,1156,90
[AUTOPOS] SW-A,B,4548,95,C,5781,100,D,2894,95,E,1734,95,F,5099,100,G,5426,100,H,1188,91
[AUTOPOS] SW-A,B,4454,95,C,5802,100,D,2928,95,E,1691,95,F,5106,100,G,5414,100,H,1224,91
[AUTOPOS] SW-A,B,4491,96,C,5701,100,D,2897,96,E,1715,96,F,5093,100,G,5415,100,H,1164,92
[AUTOPOS] SW-A,B,4607,96,C,5766,100,D,2860,96,E,1678,96,F,5111,100,G,5389,100,H,1160,92
[AUTOPOS] SW-A,B,4561,96,C,5739,100,D,2936,96,E,1681,96,F,5114,100,G,5435,100,H,1212,92
[AUTOPOS] SW-A,B,4601,96,C,5761,100,D,2853,96,E,1746,96,F,5111,100,G,5392,100,H,1166,92
[AUTOPOS] SW-A,B,4528,96,C,5737,100,D,2885,96,E,1689,96,F,5110,100,G,5384,100,H,1150,93
[AUTOPOS] SW-A,B,4530,96,C,5760,100,D,2891,96,E,1701,96,F,5132,100,G,5370,100,H,1138,93
[AUTOPOS] SW-A,B,4567,96,C,5739,100,D,2883,96,E,1736,96,F,5121,100,G,5417,100,H,1172,93
[AUTOPOS] SW-A,B,4493,96,C,5772,100,D,2896,96,E,1678,96,F,5097,100,G,5426,100,H,1158,93
[AUTOPOS] SW-A,B,4529,100,C,5737,100,D,2857,100,E,1701,100,F,5030,100,G,5446,100,H,1221,94
[AUTOPOS] SW-A,B,4548,100,C,5759,100,D,2892,100,E,1701,100,F,5038,100,G,5356,100,H,1184,94
[AUTOPOS] SW-A,B,4575,100,C,5813,100,D,2879,100,E,1709,94,F,5118,100,G,5445,100,H,1106,94
[AUTOPOS] SW-A,B,4581,100,C,5762,100,D,2909,100,E,1721,95,F,5019,100,G,5441,100,H,1231,95
[AUTOPOS] SW-A,B,4563,100,C,5766,100,D,2878,100,E,1697,95,F,5023,100,G,5416,100,H,1179,95
[AUTOPOS] SW-A,B,4552,100,C,5756,100,D,2892,100,E,1690,95,F,4981,100,G,5400,100,H,1215,95
[AUTOPOS] SW-A,B,4451,100,C,5760,100,D,2899,100,E,1636,95,F,5007,100,G,5407,100,H,1140,95
[AUTOPOS] SW-A,B,4508,100,C,5781,100,D,2890,100,E,1721,95,F,5056,100,G,5403,100,H,1132,95
[AUTOPOS] SW-A,B,4590,100,C,5741,100,D,2849,100,E,1723,96,F,5037,100,G,5416,100,H,1163,96
[AUTOPOS] SW-A,B,4540,100,C,5771,100,D,2876,100,E,1746,96,F,5020,100,G,5369,100,H,1155,96
[AUTOPOS] SW-A,B,4559,100,C,5660,100,D,2881,100,E,1754,96,F,5043,100,G,5343,100,H,1127,96
[AUTOPOS] SW-A,B,4495,100,C,5750,100,D,2896,100,E,1752,96,F,4989,100,G,5425,100,H,1161,96
[AUTOPOS] SW-A,B,4543,100,C,5750,100,D,2865,100,E,1739,96,F,4989,100,G,5430,100,H,1196,96
[AUTOPOS] MSTAT peer=0 name=BS???? conn=1 ready=1 pkts=0 bytes=0 last_len=0 print_drops=0
[AUTOPOS] MSTAT peer=1 name=BS???? conn=1 ready=1 pkts=0 bytes=0 last_len=0 print_drops=0
[AUTOPOS] MSTAT peer=2 name=BS???? conn=1 ready=1 pkts=0 bytes=0 last_len=0 print_drops=0
[AUTOPOS] MSTAT peer=3 name=BS???? conn=1 ready=1 pkts=0 bytes=0 last_len=0 print_drops=0
[AUTOPOS] MSTAT peer=4 name=BS???? conn=1 ready=1 pkts=0 bytes=0 last_len=0 print_drops=0
[AUTOPOS] MSTAT peer=5 name=BS???? conn=1 ready=1 pkts=0 bytes=0 last_len=0 print_drops=0
[AUTOPOS] MSTAT peer=6 name=BS???? conn=1 ready=1 pkts=0 bytes=0 last_len=0 print_drops=0
[AUTOPOS] MSTAT peer=7 name=BS???? conn=1 ready=1 pkts=0 bytes=0 last_len=0 print_drops=0
[AUTOPOS] MCLK cal=-1 skips=-1 up_ms=75830
[AUTOPOS] SW-A,B,4568,100,C,5775,100,D,2922,100,E,1698,96,F,5027,96,G,5447,100,H,1129,96
[AUTOPOS] SW-A,B,4525,100,C,5775,100,D,2941,100,E,1707,96,F,5032,96,G,5394,100,H,1158,96
[AUTOPOS] SW-A,B,4551,100,C,5775,100,D,2898,100,E,1727,96,F,5018,96,G,5420,100,H,1114,96
[AUTOPOS] SW-A,B,4460,100,C,5758,100,D,2955,100,E,1666,100,F,5040,100,G,5434,100,H,1155,100
[AUTOPOS] SW-A,B,4524,100,C,5765,100,D,2910,100,E,1698,100,F,5005,100,G,5380,100,H,1143,100
[AUTOPOS] SW-A,B,4610,100,C,5718,100,D,2920,100,E,1707,100,F,5042,100,G,5428,100,H,1122,100
[AUTOPOS] SW-A,B,4628,100,C,5776,100,D,2879,100,E,1707,100,F,5042,100,G,5411,100,H,1178,100
[AUTOPOS] SW-A,B,4620,100,C,5770,100,D,2881,100,E,1723,95,F,5033,100,G,5407,100,H,1138,100
[AUTOPOS] SW-A,B,4514,100,C,5773,100,D,2885,100,E,1742,95,F,5062,100,G,5428,100,H,1138,100
[AUTOPOS] SW-A,B,4513,100,C,5731,100,D,2897,100,E,1750,95,F,5059,100,G,5441,100,H,1240,95
[AUTOPOS] SW-A,B,4592,100,C,5797,100,D,2938,100,E,1706,95,F,5041,100,G,5430,100,H,1144,95
[AUTOPOS] SW-A,B,4556,100,C,5764,100,D,2906,100,E,1737,96,F,5054,100,G,5417,100,H,1157,96
[AUTOPOS] SW-A,B,4553,100,C,5740,100,D,2907,100,E,1668,96,F,5073,100,G,5401,100,H,1152,96
[AUTOPOS] SW-A,B,4591,100,C,5778,100,D,2894,100,E,1716,96,F,5102,100,G,5414,100,H,1135,96
[AUTOPOS] SW-A,B,4583,100,C,5733,100,D,2917,100,E,1716,96,F,5052,100,G,5393,100,H,1191,96
[AUTOPOS] SW-A,B,4524,100,C,5769,100,D,2892,100,E,1714,96,F,5060,100,G,5399,100,H,1189,96
[AUTOPOS] SW-A,B,4570,96,C,5788,100,D,2873,100,E,1685,96,F,4991,100,G,5396,100,H,1117,96
[AUTOPOS] SW-A,B,4559,96,C,5753,100,D,2921,100,E,1713,96,F,5010,100,G,5396,100,H,1148,96
[AUTOPOS] SW-A,B,4573,100,C,5734,100,D,2921,100,E,1704,96,F,5025,100,G,5451,100,H,1235,96
[AUTOPOS] SW-A,B,4540,100,C,5761,100,D,2902,100,E,1681,100,F,5031,100,G,5438,100,H,1207,100
[AUTOPOS] SW-A,B,4536,100,C,5760,100,D,2901,100,E,1771,100,F,5043,100,G,5387,100,H,1185,100
[AUTOPOS] SW-A,B,4525,100,C,5748,100,D,2881,100,E,1725,100,F,5010,100,G,5428,100,H,1192,100
[AUTOPOS] SW-A,B,4563,100,C,5727,100,D,2880,100,E,1724,100,F,5015,100,G,5403,100,H,1182,100
[AUTOPOS] SW-A,B,4567,100,C,5792,100,D,2898,100,E,1683,100,F,5011,100,G,5398,100,H,1203,100
[AUTOPOS] SW-A,B,4544,100,C,5808,100,D,2896,100,E,1701,100,F,5043,100,G,5439,100,H,1185,100
[AUTOPOS] SW-A,B,4549,100,C,5808,100,D,2882,100,E,1725,100,F,5038,100,G,5419,100,H,1155,100
[AUTOPOS] SW-A,B,4561,100,C,5757,95,D,2830,100,E,1722,100,F,5033,100,G,5440,100,H,1177,100
[AUTOPOS] SW-A,B,4601,100,C,5753,96,D,2882,100,E,1689,100,F,5041,100,G,5408,100,H,1148,100
[AUTOPOS] SW-A,B,4514,100,C,5710,96,D,2871,100,E,1681,100,F,4993,100,G,5397,100,H,1161,100
[AUTOPOS] SW-A,B,4518,100,C,5730,96,D,2912,100,E,1680,100,F,5024,100,G,5410,100,H,1143,100
[AUTOPOS] SW-A,B,4572,100,C,5749,96,D,2898,100,E,1692,100,F,5024,100,G,5409,100,H,1184,100
[AUTOPOS] SW-A,B,4535,100,C,5730,96,D,2869,100,E,1711,100,F,5025,96,G,5398,100,H,1185,100
[AUTOPOS] SW-A,B,4546,100,C,5755,96,D,2889,100,E,1747,100,F,5006,96,G,5419,100,H,1144,100
[AUTOPOS] SW-A,B,4616,100,C,5763,96,D,2846,100,E,1724,100,F,5010,96,G,5405,100,H,1158,100
[AUTOPOS] SW-A,B,4583,100,C,5768,96,D,2907,100,E,1703,100,F,5039,96,G,5447,100,H,1148,100
[AUTOPOS] SW-A,B,4569,100,C,5734,100,D,2898,100,E,1678,100,F,5029,100,G,5407,100,H,1159,100
[AUTOPOS] SW-A,B,4656,100,C,5750,100,D,2870,100,E,1723,100,F,5014,100,G,5407,100,H,1126,100
[AUTOPOS] SW-A,B,4557,100,C,5718,100,D,2920,100,E,1710,100,F,5027,100,G,5412,94,H,1092,100
[AUTOPOS] SW-A,B,4521,100,C,5746,100,D,2900,100,E,1655,100,F,5038,100,G,5369,95,H,1180,100
[AUTOPOS] SW-A,B,4648,100,C,5798,100,D,2899,100,E,1731,100,F,5040,100,G,5414,95,H,1241,100
[AUTOPOS] SW-A,B,4498,100,C,5773,100,D,2884,100,E,1713,100,F,5036,100,G,5410,95,H,1120,100
[AUTOPOS] SW-A,B,4550,100,C,5747,100,D,2825,100,E,1698,100,F,5035,100,G,5392,95,H,1136,100
[AUTOPOS] SW-A,B,4527,100,C,5795,100,D,2904,100,E,1710,100,F,5046,100,G,5410,95,H,1134,100
[AUTOPOS] SW-A,B,4587,100,C,5744,100,D,2890,100,E,1746,100,F,5069,100,G,5367,96,H,1189,100
[AUTOPOS] SW-A,B,4549,100,C,5711,100,D,2904,100,E,1722,100,F,5060,100,G,5400,96,H,1166,100
[AUTOPOS] SW-A,B,4542,100,C,5761,100,D,2906,100,E,1690,100,F,5105,100,G,5394,96,H,1125,100
[AUTOPOS] SW-A,B,4546,100,C,5787,100,D,2899,100,E,1735,100,F,5024,100,G,5413,96,H,1209,100
[AUTOPOS] SW-A,B,4546,100,C,5745,100,D,2895,100,E,1696,100,F,5028,100,G,5432,96,H,1160,100
[AUTOPOS] SW-A,B,4561,96,C,5791,100,D,2900,100,E,1695,100,F,5078,100,G,5428,96,H,1083,100
[AUTOPOS] SW-A,B,4563,96,C,5778,100,D,2869,100,E,1691,100,F,5100,100,G,5434,96,H,1162,100
[AUTOPOS] SW-A,B,4610,100,C,5774,100,D,2887,100,E,1748,100,F,5021,100,G,5396,96,H,1121,100
[AUTOPOS] SW-A,B,4534,100,C,5787,100,D,2910,100,E,1728,100,F,5087,100,G,5407,100,H,1121,100
[AUTOPOS] SW-A,B,4559,100,C,5823,100,D,2879,100,E,1731,100,F,5028,100,G,5421,100,H,1178,94
[AUTOPOS] SW-A,B,4667,100,C,5786,100,D,2911,100,E,1695,100,F,5014,100,G,5387,100,H,1151,94
[AUTOPOS] SW-A,B,4555,100,C,5716,100,D,2910,100,E,1714,100,F,5009,100,G,5425,100,H,1200,95
[AUTOPOS] SW-A,B,4501,100,C,5763,100,D,2905,100,E,1719,100,F,5047,100,G,5405,100,H,1163,95
[AUTOPOS] SW-A,B,4532,100,C,5750,100,D,2905,100,E,1757,100,F,5101,100,G,5403,100,H,1132,95
[AUTOPOS] SW-A,B,4625,100,C,5755,100,D,2865,95,E,1699,100,F,5021,100,G,5412,100,H,1198,95
[AUTOPOS] MSTAT peer=0 name=BS???? conn=1 ready=1 pkts=0 bytes=0 last_len=0 print_drops=0
[AUTOPOS] MSTAT peer=1 name=BS???? conn=1 ready=1 pkts=0 bytes=0 last_len=0 print_drops=0
[AUTOPOS] MSTAT peer=2 name=BS???? conn=1 ready=1 pkts=0 bytes=0 last_len=0 print_drops=0
[AUTOPOS] MSTAT peer=3 name=BS???? conn=1 ready=1 pkts=0 bytes=0 last_len=0 print_drops=0
[AUTOPOS] MSTAT peer=4 name=BS???? conn=1 ready=1 pkts=0 bytes=0 last_len=0 print_drops=0
[AUTOPOS] MSTAT peer=5 name=BS???? conn=1 ready=1 pkts=0 bytes=0 last_len=0 print_drops=0
[AUTOPOS] MSTAT peer=6 name=BS???? conn=1 ready=1 pkts=0 bytes=0 last_len=0 print_drops=0
[AUTOPOS] MSTAT peer=7 name=BS???? conn=1 ready=1 pkts=0 bytes=0 last_len=0 print_drops=0
[AUTOPOS] MCLK cal=-1 skips=-1 up_ms=80834
[AUTOPOS] SW-A,B,4535,100,C,5728,100,D,2889,95,E,1706,100,F,4976,100,G,5395,100,H,1115,95
[AUTOPOS] SW-A,B,4564,100,C,5754,100,D,2886,96,E,1752,100,F,5029,100,G,5440,100,H,1211,96
[AUTOPOS] SW-A,B,4573,100,C,5751,100,D,2872,96,E,1697,100,F,5086,100,G,5418,100,H,1145,96
[AUTOPOS] SW-A,B,4521,100,C,5778,100,D,2897,96,E,1710,100,F,4999,100,G,5417,100,H,1200,96
[AUTOPOS] SW-A,B,4535,100,C,5769,100,D,2898,96,E,1728,100,F,5038,100,G,5389,100,H,1172,96
[AUTOPOS] SW-A,B,4528,100,C,5719,100,D,2870,96,E,1694,100,F,5035,100,G,5445,100,H,1230,96
[AUTOPOS] SW-A,B,4509,100,C,5736,100,D,2919,96,E,1687,100,F,5021,100,G,5441,100,H,1175,96
[AUTOPOS] SW-A,B,4608,100,C,5743,100,D,2850,96,E,1687,100,F,5021,100,G,5426,100,H,1237,96
[AUTOPOS] SW-A,B,4536,100,C,5717,100,D,2900,96,E,1707,96,F,5011,96,G,5396,100,H,1164,96
[AUTOPOS] SW-A,B,4545,100,C,5742,100,D,2875,100,E,1703,100,F,5020,100,G,5426,100,H,1164,96
[AUTOPOS] SW-A,B,4547,100,C,5729,100,D,2926,100,E,1733,100,F,5063,100,G,5454,100,H,1188,94
[AUTOPOS] SW-A,B,4542,100,C,5764,100,D,2895,100,E,1729,100,F,5017,100,G,5454,100,H,1190,94
[AUTOPOS] SW-A,B,4550,100,C,5801,100,D,2915,100,E,1717,100,F,4980,100,G,5421,95,H,1199,95
[AUTOPOS] SW-A,B,4548,100,C,5726,100,D,2885,100,E,1708,100,F,4993,100,G,5409,95,H,1096,95
[AUTOPOS] SW-A,B,4535,100,C,5732,100,D,2870,100,E,1724,100,F,5004,100,G,5381,95,H,1170,95
[AUTOPOS] SW-A,B,4535,100,C,5754,100,D,2885,100,E,1724,100,F,5036,100,G,5408,95,H,1160,95
[AUTOPOS] SW-A,B,4512,96,C,5772,100,D,2890,100,E,1671,95,F,5025,100,G,5409,95,H,1098,95
[AUTOPOS] SW-A,B,4544,96,C,5750,100,D,2890,100,E,1732,96,F,5022,100,G,5403,96,H,1098,95
[AUTOPOS] SW-A,B,4528,96,C,5784,100,D,2866,100,E,1713,96,F,5091,100,G,5426,96,H,1194,92
[AUTOPOS] SW-A,B,4564,96,C,5766,100,D,2888,100,E,1720,96,F,4995,100,G,5409,96,H,1208,92
[AUTOPOS] SW-A,B,4540,96,C,5767,100,D,2903,100,E,1732,96,F,5033,100,G,5416,96,H,1198,92
[AUTOPOS] SW-A,B,4549,96,C,5702,100,D,2867,100,E,1682,96,F,5010,100,G,5438,96,H,1077,93
[AUTOPOS] SW-A,B,4497,96,C,5767,100,D,2896,100,E,1714,96,F,5007,100,G,5408,96,H,1115,93
[AUTOPOS] SW-A,B,4568,96,C,5718,100,D,2899,100,E,1721,96,F,5032,100,G,5410,96,H,1174,93
[AUTOPOS] SW-A,B,4622,100,C,5718,100,D,2887,100,E,1702,96,F,5020,100,G,5371,96,H,1074,93
[AUTOPOS] SW-A,B,4641,100,C,5765,100,D,2922,100,E,1682,100,F,5059,100,G,5440,100,H,1146,94
[AUTOPOS] SW-A,B,4598,100,C,5821,100,D,2903,100,E,1711,100,F,4979,100,G,5404,100,H,1152,94
[AUTOPOS] SW-A,B,4547,100,C,5798,100,D,2893,100,E,1692,100,F,5025,100,G,5433,100,H,1232,94
[AUTOPOS] SW-A,B,4506,100,C,5812,100,D,2920,100,E,1663,100,F,5033,100,G,5453,100,H,1151,95
[AUTOPOS] SW-A,B,4525,100,C,5728,100,D,2868,100,E,1681,100,F,5077,100,G,5387,100,H,1096,95
[AUTOPOS] SW-A,B,4505,100,C,5755,100,D,2868,100,E,1698,100,F,5021,100,G,5400,100,H,1238,95
[AUTOPOS] SW-A,B,4547,100,C,5767,100,D,2879,95,E,1699,100,F,5028,100,G,5442,100,H,1190,95
[AUTOPOS] SW-A,B,4523,100,C,5737,100,D,2882,95,E,1737,100,F,5055,100,G,5418,100,H,1237,95
[AUTOPOS] SW-A,B,4527,100,C,5776,100,D,2903,96,E,1691,100,F,5049,100,G,5430,100,H,1145,96
[AUTOPOS] SW-A,B,4561,100,C,5807,100,D,2887,96,E,1756,100,F,4990,100,G,5389,100,H,1158,96
[AUTOPOS] SW-A,B,4613,100,C,5786,100,D,2882,96,E,1730,100,F,5014,100,G,5372,100,H,1146,96
[AUTOPOS] SW-A,B,4613,100,C,5732,100,D,2872,96,E,1690,100,F,4983,100,G,5385,100,H,1149,96
[AUTOPOS] SW-A,B,4558,96,C,5753,100,D,2935,96,E,1751,100,F,5036,100,G,5387,100,H,1096,96
[AUTOPOS] SW-A,B,4582,96,C,5779,100,D,2935,96,E,1701,100,F,5000,100,G,5442,100,H,1133,96
[AUTOPOS] SW-A,B,4485,96,C,5766,100,D,2873,93,E,1759,100,F,5000,100,G,5410,100,H,1156,96
[AUTOPOS] SW-A,B,4621,100,C,5725,100,D,2886,93,E,1711,100,F,5046,96,G,5373,100,H,1171,96
[AUTOPOS] SW-A,B,4532,100,C,5800,100,D,2917,94,E,1723,100,F,5086,100,G,5394,100,H,1123,100
[AUTOPOS] SW-A,B,4615,100,C,5731,100,D,2889,94,E,1734,100,F,5005,100,G,5417,100,H,1113,100
[AUTOPOS] SW-A,B,4512,100,C,5734,100,D,2873,94,E,1736,100,F,5019,100,G,5417,100,H,1115,100
[AUTOPOS] SW-A,B,4532,100,C,5770,100,D,2879,95,E,1711,100,F,4993,100,G,5370,95,H,1132,100
[AUTOPOS] SW-A,B,4498,100,C,5727,100,D,2856,95,E,1708,100,F,4999,100,G,5444,95,H,1152,100
[AUTOPOS] SW-A,B,4574,100,C,5728,100,D,2885,95,E,1700,100,F,5000,100,G,5421,95,H,1111,100
[AUTOPOS] SW-A,B,4583,100,C,5761,100,D,2910,95,E,1679,100,F,5000,100,G,5429,95,H,1155,100
[AUTOPOS] SW-A,B,4546,100,C,5772,100,D,2908,95,E,1760,100,F,5040,95,G,5397,95,H,1178,100
[AUTOPOS] SW-A,B,4557,100,C,5794,100,D,2854,96,E,1686,100,F,5019,96,G,5415,96,H,1189,100
[AUTOPOS] SW-A,B,4486,100,C,5767,100,D,2903,96,E,1717,100,F,4998,96,G,5447,96,H,1198,100
[AUTOPOS] SW-A,B,4523,100,C,5711,100,D,2881,96,E,1696,100,F,4974,96,G,5447,96,H,1198,100
[AUTOPOS] SW-A,B,4539,100,C,5713,100,D,2878,96,E,1666,100,F,4970,96,G,5429,92,H,1121,100
[AUTOPOS] SW-A,B,4519,100,C,5716,100,D,2903,96,E,1707,100,F,4988,96,G,5448,93,H,1188,100
[AUTOPOS] SW-A,B,4592,100,C,5757,100,D,2929,96,E,1746,100,F,4970,96,G,5422,93,H,1159,100
[AUTOPOS] SW-A,B,4548,100,C,5807,100,D,2895,96,E,1674,100,F,5031,96,G,5436,93,H,1181,100
[AUTOPOS] SW-A,B,4497,100,C,5777,100,D,2886,96,E,1758,100,F,5019,96,G,5386,93,H,1180,100
[AUTOPOS] MSTAT peer=0 name=BS???? conn=1 ready=1 pkts=0 bytes=0 last_len=0 print_drops=0
[AUTOPOS] MSTAT peer=1 name=BS???? conn=1 ready=1 pkts=0 bytes=0 last_len=0 print_drops=0
[AUTOPOS] MSTAT peer=2 name=BS???? conn=1 ready=1 pkts=0 bytes=0 last_len=0 print_drops=0
[AUTOPOS] MSTAT peer=3 name=BS???? conn=1 ready=1 pkts=0 bytes=0 last_len=0 print_drops=0
[AUTOPOS] MSTAT peer=4 name=BS???? conn=1 ready=1 pkts=0 bytes=0 last_len=0 print_drops=0
[AUTOPOS] MSTAT peer=5 name=BS???? conn=1 ready=1 pkts=0 bytes=0 last_len=0 print_drops=0
[AUTOPOS] MSTAT peer=6 name=BS???? conn=1 ready=1 pkts=0 bytes=0 last_len=0 print_drops=0
[AUTOPOS] MSTAT peer=7 name=BS???? conn=1 ready=1 pkts=0 bytes=0 last_len=0 print_drops=0
[AUTOPOS] MCLK cal=-1 skips=-1 up_ms=85837
[AUTOPOS] SW-A,B,4599,100,C,5746,100,D,2873,100,E,1684,100,F,4980,100,G,5437,94,H,1177,100
[AUTOPOS] SW-A,B,4514,100,C,5761,100,D,2860,100,E,1729,100,F,5023,100,G,5392,94,H,1167,100
[AUTOPOS] SW-A,B,4537,100,C,5733,100,D,2902,100,E,1701,100,F,4990,100,G,5408,94,H,1119,100
[AUTOPOS] SW-A,B,4504,100,C,5746,100,D,2917,100,E,1710,100,F,5048,100,G,5413,95,H,1160,100
[AUTOPOS] SW-A,B,4594,100,C,5699,100,D,2872,100,E,1696,100,F,5020,100,G,5411,95,H,1193,100
[AUTOPOS] SW-A,B,4517,100,C,5735,100,D,2872,100,E,1701,100,F,4990,100,G,5465,95,H,1153,100
[AUTOPOS] SW-A,B,4507,100,C,5742,100,D,2890,95,E,1722,100,F,4992,100,G,5441,95,H,1124,100
[AUTOPOS] SW-A,B,4613,100,C,5716,100,D,2882,95,E,1745,100,F,4992,100,G,5397,95,H,1199,100
[AUTOPOS] SW-A,B,4569,100,C,5716,100,D,2934,96,E,1710,100,F,5042,96,G,5413,96,H,1199,100
[AUTOPOS] SW-A,B,4602,100,C,5794,100,D,2890,96,E,1696,100,F,5006,96,G,5382,96,H,1168,96
[AUTOPOS] SW-A,B,4523,100,C,5791,100,D,2909,96,E,1706,100,F,5090,96,G,5393,96,H,1171,96
[AUTOPOS] SW-A,B,4582,100,C,5819,100,D,2890,96,E,1722,100,F,5058,96,G,5416,96,H,1134,96
[AUTOPOS] SW-A,B,4563,100,C,5734,100,D,2894,96,E,1722,100,F,5086,96,G,5422,96,H,1199,96
[AUTOPOS] SW-A,B,4514,100,C,5718,100,D,2894,96,E,1719,100,F,5066,96,G,5399,96,H,1155,96
[AUTOPOS] SW-A,B,4491,100,C,5746,100,D,2902,93,E,1697,100,F,5022,96,G,5449,96,H,1178,96
[AUTOPOS] SW-A,B,4671,100,C,5746,100,D,2894,93,E,1721,100,F,5022,96,G,5460,96,H,1202,96
[AUTOPOS] SW-A,B,4563,100,C,5758,100,D,2869,94,E,1745,100,F,4973,94,G,5427,100,H,1214,100
[AUTOPOS] SW-A,B,4579,100,C,5780,100,D,2906,94,E,1683,100,F,5027,94,G,5438,100,H,1182,100
[AUTOPOS] SW-A,B,4655,100,C,5792,100,D,2929,94,E,1686,100,F,5039,94,G,5397,100,H,1154,100
[AUTOPOS] SW-A,B,4584,100,C,5758,100,D,2890,95,E,1708,100,F,5076,95,G,5412,100,H,1135,100
[AUTOPOS] SW-A,B,4509,100,C,5776,100,D,2893,95,E,1726,100,F,5020,95,G,5399,100,H,1095,100
[AUTOPOS] SW-A,B,4508,100,C,5763,100,D,2874,95,E,1690,100,F,5057,95,G,5406,100,H,1114,100
[AUTOPOS] SW-A,B,4618,100,C,5739,100,D,2871,95,E,1697,100,F,5090,95,G,5427,100,H,1196,100
[AUTOPOS] SW-A,B,4620,100,C,5728,100,D,2923,95,E,1699,100,F,5029,95,G,5401,100,H,1208,100
[AUTOPOS] SW-A,B,4526,100,C,5770,100,D,2892,96,E,1749,100,F,5004,96,G,5396,100,H,1190,100
[AUTOPOS] SW-A,B,4517,100,C,5763,100,D,2873,96,E,1714,100,F,5034,96,G,5389,100,H,1131,100
[AUTOPOS] SW-A,B,4583,100,C,5734,100,D,2878,96,E,1687,100,F,5066,96,G,5410,100,H,1209,100
[AUTOPOS] SW-A,B,4631,100,C,5728,100,D,2889,96,E,1720,100,F,5026,96,G,5400,100,H,1209,100
[AUTOPOS] SW-A,B,4519,100,C,5759,100,D,2870,96,E,1732,100,F,5018,96,G,5397,100,H,1176,96
[AUTOPOS] SW-A,B,4593,100,C,5705,100,D,2870,96,E,1687,100,F,5011,96,G,5421,100,H,1173,96
[AUTOPOS] SW-A,B,4627,100,C,5768,100,D,2912,93,E,1686,100,F,5049,96,G,5441,100,H,1154,96
[AUTOPOS] SW-A,B,4499,100,C,5709,100,D,2860,93,E,1694,100,F,5092,96,G,5441,100,H,1166,96
[AUTOPOS] SW-A,B,4647,100,C,5789,100,D,2842,94,E,1736,100,F,4976,100,G,5403,100,H,1137,100
[AUTOPOS] SW-A,B,4591,100,C,5752,100,D,2891,94,E,1677,100,F,5019,100,G,5444,100,H,1172,100
[AUTOPOS] SW-A,B,4626,100,C,5755,100,D,2875,94,E,1644,100,F,5010,100,G,5398,100,H,1122,100
[AUTOPOS] SW-A,B,4613,100,C,5741,100,D,2898,95,E,1674,100,F,5043,100,G,5474,100,H,1150,100
[AUTOPOS] SW-A,B,4554,100,C,5753,100,D,2889,95,E,1724,100,F,5029,100,G,5421,100,H,1114,100
[AUTOPOS] SW-A,B,4558,100,C,5796,100,D,2922,95,E,1686,100,F,5031,100,G,5365,100,H,1184,100
[AUTOPOS] SW-A,B,4554,100,C,5750,100,D,2890,95,E,1675,100,F,5010,100,G,5443,100,H,1097,100
[AUTOPOS] SW-A,B,4605,100,C,5729,100,D,2905,95,E,1715,100,F,4978,100,G,5467,96,H,1173,100
[AUTOPOS] SW-A,B,4484,100,C,5771,100,D,2860,96,E,1769,100,F,5002,100,G,5392,96,H,1083,100
[AUTOPOS] SW-A,B,4515,100,C,5751,100,D,2902,96,E,1720,100,F,4995,100,G,5424,96,H,1196,100
[AUTOPOS] SW-A,B,4550,100,C,5742,100,D,2903,96,E,1744,100,F,5044,100,G,5423,96,H,1192,100
[AUTOPOS] SW-A,B,4546,100,C,5785,100,D,2892,96,E,1686,100,F,5051,100,G,5423,96,H,1195,100
[AUTOPOS] SW-A,B,4492,100,C,5775,100,D,2904,96,E,1689,100,F,5011,100,G,5413,93,H,1249,100
[AUTOPOS] SW-A,B,4499,100,C,5739,100,D,2894,96,E,1678,100,F,5025,100,G,5427,93,H,1196,100
[AUTOPOS] SW-A,B,4572,100,C,5775,100,D,2858,96,E,1672,100,F,5019,100,G,5467,93,H,1110,100
[AUTOPOS] SW-A,B,4508,100,C,5776,100,D,2885,96,E,1691,100,F,5054,100,G,5397,94,H,1173,100
[AUTOPOS] SW-A,B,4501,100,C,5722,100,D,2922,100,E,1689,100,F,5024,100,G,5367,94,H,1129,100
[AUTOPOS] SW-A,B,4641,100,C,5751,100,D,2887,100,E,1747,100,F,5028,100,G,5401,94,H,1129,100
[AUTOPOS] SW-A,B,4586,100,C,5730,100,D,2845,100,E,1704,100,F,5039,100,G,5411,95,H,1203,94
[AUTOPOS] SW-A,B,4543,100,C,5758,100,D,2909,100,E,1694,100,F,5068,100,G,5411,95,H,1095,95
[AUTOPOS] SW-A,B,4516,100,C,5761,100,D,2869,100,E,1669,100,F,5014,100,G,5413,90,H,1129,95
[AUTOPOS] SW-A,B,4481,95,C,5734,100,D,2892,100,E,1741,100,F,5010,100,G,5401,91,H,1110,95
[AUTOPOS] SW-A,B,4590,96,C,5748,100,D,2929,100,E,1702,100,F,4976,100,G,5416,91,H,1128,95
[AUTOPOS] SW-A,B,4570,96,C,5811,100,D,2882,100,E,1736,100,F,4990,100,G,5411,92,H,1212,95
[AUTOPOS] SW-A,B,4492,96,C,5760,100,D,2888,100,E,1709,100,F,5190,100,G,5390,92,H,1173,96
[AUTOPOS] MSTAT peer=0 name=BS???? conn=1 ready=1 pkts=0 bytes=0 last_len=0 print_drops=0
[AUTOPOS] MSTAT peer=1 name=BS???? conn=1 ready=1 pkts=0 bytes=0 last_len=0 print_drops=0
[AUTOPOS] MSTAT peer=2 name=BS???? conn=1 ready=1 pkts=0 bytes=0 last_len=0 print_drops=0
[AUTOPOS] MSTAT peer=3 name=BS???? conn=1 ready=1 pkts=0 bytes=0 last_len=0 print_drops=0
[AUTOPOS] MSTAT peer=4 name=BS???? conn=1 ready=1 pkts=0 bytes=0 last_len=0 print_drops=0
[AUTOPOS] MSTAT peer=5 name=BS???? conn=1 ready=1 pkts=0 bytes=0 last_len=0 print_drops=0
[AUTOPOS] MSTAT peer=6 name=BS???? conn=1 ready=1 pkts=0 bytes=0 last_len=0 print_drops=0
[AUTOPOS] MSTAT peer=7 name=BS???? conn=1 ready=1 pkts=0 bytes=0 last_len=0 print_drops=0
[AUTOPOS] MCLK cal=-1 skips=-1 up_ms=90841
[AUTOPOS] SW-A,B,4547,96,C,5734,100,D,2937,100,E,1679,100,F,5012,100,G,5390,92,H,1109,96
[AUTOPOS] SW-A,B,4491,96,C,5723,100,D,2895,100,E,1654,100,F,5030,100,G,5447,89,H,1207,96
[AUTOPOS] SW-A,B,4485,96,C,5828,100,D,2894,100,E,1664,100,F,5007,100,G,5450,89,H,1183,96
[AUTOPOS] SW-A,B,4493,96,C,5792,100,D,2847,100,E,1715,100,F,5047,100,G,5420,90,H,1167,96
[AUTOPOS] SW-A,B,4493,96,C,5716,100,D,2883,100,E,1655,100,F,5055,100,G,5407,90,H,1200,96
[AUTOPOS] SW-A,B,4596,94,C,5736,100,D,2895,100,E,1687,100,F,5077,100,G,5432,90,H,1141,96
[AUTOPOS] SW-A,B,4503,94,C,5781,100,D,2891,100,E,1687,100,F,5018,100,G,5428,94,H,1108,96
[AUTOPOS] SW-A,B,4515,94,C,5715,100,D,2901,100,E,1730,100,F,5044,100,G,5441,94,H,1197,100
[AUTOPOS] SW-A,B,4494,95,C,5778,100,D,2867,100,E,1674,100,F,5020,100,G,5441,94,H,1177,100
[AUTOPOS] SW-A,B,4626,95,C,5736,100,D,2922,100,E,1676,100,F,5043,100,G,5438,90,H,1115,100
[AUTOPOS] SW-A,B,4507,95,C,5808,100,D,2912,100,E,1704,100,F,5038,100,G,5422,90,H,1156,100
[AUTOPOS] SW-A,B,4487,95,C,5761,100,D,2874,100,E,1744,100,F,5050,100,G,5408,90,H,1147,100
[AUTOPOS] SW-A,B,4550,95,C,5742,100,D,2899,100,E,1654,100,F,5066,100,G,5455,91,H,1167,100
[AUTOPOS] SW-A,B,4461,96,C,5722,100,D,2866,100,E,1684,100,F,5014,100,G,5388,91,H,1107,100
[AUTOPOS] SW-A,B,4537,96,C,5712,100,D,2853,100,E,1714,100,F,5016,100,G,5408,92,H,1166,100
[AUTOPOS] SW-A,B,4565,96,C,5767,100,D,2918,100,E,1701,100,F,5074,100,G,5433,92,H,1119,100
[AUTOPOS] SW-A,B,4506,96,C,5778,100,D,2911,100,E,1684,100,F,5012,100,G,5433,92,H,1158,100
[AUTOPOS] SW-A,B,4483,96,C,5832,100,D,2885,100,E,1670,100,F,4991,100,G,5376,89,H,1165,100
[AUTOPOS] SW-A,B,4527,96,C,5743,100,D,2911,100,E,1689,100,F,4975,100,G,5378,89,H,1219,100
[AUTOPOS] SW-A,B,4579,96,C,5772,100,D,2902,100,E,1710,100,F,5033,100,G,5421,90,H,1190,100
[AUTOPOS] SW-A,B,4579,96,C,5771,100,D,2859,100,E,1732,100,F,5031,100,G,5449,90,H,1147,100
[AUTOPOS] SW-A,B,4472,94,C,5725,100,D,2892,100,E,1706,100,F,5044,100,G,5465,90,H,1169,100
[AUTOPOS] SW-A,B,4485,94,C,5768,100,D,2843,100,E,1646,100,F,5027,100,G,5416,94,H,1173,100
[AUTOPOS] SW-A,B,4489,94,C,5752,100,D,2918,100,E,1676,100,F,5006,100,G,5424,94,H,1165,100
[AUTOPOS] SW-A,B,4539,95,C,5779,100,D,2899,100,E,1664,100,F,5006,100,G,5399,94,H,1220,100
[AUTOPOS] SW-A,B,4609,95,C,5786,100,D,2912,100,E,1725,100,F,5088,100,G,5415,95,H,1174,100
[AUTOPOS] SW-A,B,4525,95,C,5713,100,D,2876,100,E,1727,100,F,5105,100,G,5463,95,H,1200,100
[AUTOPOS] SW-A,B,4507,95,C,5725,100,D,2895,100,E,1727,100,F,5015,100,G,5432,95,H,1175,100
[AUTOPOS] SW-A,B,4507,95,C,5756,100,D,2895,100,E,1681,95,F,5029,100,G,5388,95,H,1159,100
[AUTOPOS] SW-A,B,4519,92,C,5734,100,D,2849,100,E,1725,95,F,5037,100,G,5391,95,H,1108,100
[AUTOPOS] SW-A,B,4518,92,C,5743,100,D,2849,100,E,1721,95,F,5004,100,G,5369,96,H,1144,100
[AUTOPOS] SW-A,B,4533,92,C,5752,100,D,2882,96,E,1732,96,F,5006,100,G,5398,96,H,1180,100
[AUTOPOS] SW-A,B,4495,92,C,5737,100,D,2878,96,E,1659,96,F,4998,100,G,5361,96,H,1101,100
[AUTOPOS] SW-A,B,4641,93,C,5766,100,D,2879,96,E,1711,96,F,5044,100,G,5437,96,H,1220,100
[AUTOPOS] SW-A,B,4534,93,C,5764,100,D,2865,96,E,1716,96,F,5044,100,G,5395,96,H,1168,100
[AUTOPOS] SW-A,B,4592,93,C,5776,100,D,2906,96,E,1737,96,F,5048,96,G,5440,96,H,1127,100
[AUTOPOS] SW-A,B,4555,93,C,5747,100,D,2882,96,E,1680,96,F,5058,96,G,5373,96,H,1187,100
[AUTOPOS] SW-A,B,4555,94,C,5703,100,D,2870,96,E,1672,96,F,5025,96,G,5399,96,H,1151,100
[AUTOPOS] SW-A,B,4535,94,C,5749,100,D,2937,96,E,1695,96,F,5015,96,G,5429,100,H,1154,100
[AUTOPOS] SW-A,B,4535,94,C,5755,100,D,2877,100,E,1679,100,F,5039,100,G,5414,100,H,1201,100
[AUTOPOS] SW-A,B,4513,90,C,5774,100,D,2897,100,E,1678,100,F,5040,100,G,5457,100,H,1201,100
[AUTOPOS] SW-A,B,4524,90,C,5756,100,D,2904,100,E,1671,100,F,5024,100,G,5433,100,H,1136,94
[AUTOPOS] SW-A,B,4502,90,C,5760,100,D,2877,100,E,1662,100,F,5007,100,G,5475,100,H,1115,95
[AUTOPOS] SW-A,B,4524,91,C,5739,100,D,2872,100,E,1680,100,F,5052,100,G,5409,100,H,1160,95
[AUTOPOS] SW-A,B,4524,91,C,5713,100,D,2903,100,E,1666,100,F,5015,100,G,5427,100,H,1172,95
[AUTOPOS] SW-A,B,4642,88,C,5736,100,D,2883,100,E,1648,100,F,5047,100,G,5431,100,H,1168,95
[AUTOPOS] SW-A,B,4528,88,C,5801,100,D,2929,100,E,1683,100,F,5010,100,G,5442,100,H,1162,95
[AUTOPOS] SW-A,B,4515,88,C,5772,100,D,2906,100,E,1730,100,F,5018,100,G,5434,100,H,1230,96
[AUTOPOS] SW-A,B,4577,89,C,5698,100,D,2884,100,E,1734,100,F,5052,100,G,5359,100,H,1221,96
[AUTOPOS] SW-A,B,4571,89,C,5794,100,D,2908,100,E,1696,100,F,4993,100,G,5419,100,H,1141,96
[AUTOPOS] SW-A,B,4563,90,C,5772,100,D,2900,100,E,1696,100,F,5045,100,G,5395,100,H,1123,96
[AUTOPOS] SW-A,B,4654,90,C,5744,100,D,2922,100,E,1702,100,F,5025,100,G,5400,100,H,1124,96
[AUTOPOS] SW-A,B,4654,90,C,5769,100,D,2871,100,E,1741,100,F,5065,100,G,5419,100,H,1180,96
[AUTOPOS] SW-A,B,4567,88,C,5701,100,D,2895,100,E,1685,100,F,5040,100,G,5420,100,H,1176,96
[AUTOPOS] SW-A,B,4512,88,C,5782,100,D,2887,100,E,1710,100,F,4982,100,G,5403,100,H,1090,96
[AUTOPOS] SW-A,B,4560,89,C,5761,100,D,2875,100,E,1684,100,F,4982,100,G,5418,100,H,1162,100
[AUTOPOS] SW-A,B,4519,90,C,5703,100,D,2858,100,E,1695,100,F,5007,94,G,5377,100,H,1170,100
[AUTOPOS] MSTAT peer=0 name=BS???? conn=1 ready=1 pkts=0 bytes=0 last_len=0 print_drops=0
[AUTOPOS] MSTAT peer=1 name=BS???? conn=1 ready=1 pkts=0 bytes=0 last_len=0 print_drops=0
[AUTOPOS] MSTAT peer=2 name=BS???? conn=1 ready=1 pkts=0 bytes=0 last_len=0 print_drops=0
[AUTOPOS] MSTAT peer=3 name=BS???? conn=1 ready=1 pkts=0 bytes=0 last_len=0 print_drops=0
[AUTOPOS] MSTAT peer=4 name=BS???? conn=1 ready=1 pkts=0 bytes=0 last_len=0 print_drops=0
[AUTOPOS] MSTAT peer=5 name=BS???? conn=1 ready=1 pkts=0 bytes=0 last_len=0 print_drops=0
[AUTOPOS] MSTAT peer=6 name=BS???? conn=1 ready=1 pkts=0 bytes=0 last_len=0 print_drops=0
[AUTOPOS] MSTAT peer=7 name=BS???? conn=1 ready=1 pkts=0 bytes=0 last_len=0 print_drops=0
[AUTOPOS] MCLK cal=-1 skips=-1 up_ms=95845
[AUTOPOS] SW-A,B,4505,90,C,5789,100,D,2902,100,E,1763,100,F,4994,94,G,5382,100,H,1234,100
[AUTOPOS] SW-A,B,4505,90,C,5783,100,D,2900,100,E,1693,100,F,5030,95,G,5408,100,H,1147,100
[AUTOPOS] SW-A,B,4527,91,C,5758,100,D,2874,100,E,1745,100,F,5040,95,G,5418,100,H,1118,100
[AUTOPOS] SW-A,B,4529,91,C,5761,100,D,2897,100,E,1707,100,F,5064,95,G,5452,100,H,1168,100
[AUTOPOS] SW-A,B,4529,92,C,5697,100,D,2873,100,E,1718,100,F,5104,95,G,5394,100,H,1220,100
[AUTOPOS] SW-A,B,4521,92,C,5751,100,D,2873,100,E,1695,100,F,5034,95,G,5414,100,H,1205,100
[AUTOPOS] SW-A,B,4573,92,C,5740,100,D,2878,96,E,1692,100,F,5040,96,G,5401,100,H,1138,100
[AUTOPOS] SW-A,B,4578,92,C,5714,100,D,2904,96,E,1717,100,F,5080,96,G,5441,100,H,1219,100
[AUTOPOS] SW-A,B,4566,93,C,5710,100,D,2881,96,E,1714,100,F,5099,96,G,5420,100,H,1219,100
[AUTOPOS] SW-A,B,4620,93,C,5775,100,D,2880,96,E,1658,100,F,5054,96,G,5463,100,H,1212,96
[AUTOPOS] SW-A,B,4524,93,C,5767,100,D,2860,96,E,1672,100,F,5047,96,G,5463,100,H,1132,96
[AUTOPOS] SW-A,B,4539,93,C,5812,100,D,2915,96,E,1665,100,F,5068,96,G,5398,96,H,1184,96
[AUTOPOS] SW-A,B,4551,94,C,5812,100,D,2896,96,E,1653,100,F,5060,96,G,5381,96,H,1066,96
[AUTOPOS] SW-A,B,4569,94,C,5753,96,D,2879,96,E,1731,100,F,5065,96,G,5463,100,H,1150,96
[AUTOPOS] SW-A,B,4588,94,C,5763,100,D,2926,100,E,1731,100,F,5072,100,G,5445,100,H,1216,100
[AUTOPOS] SW-A,B,4530,95,C,5731,100,D,2888,100,E,1713,94,F,5066,100,G,5445,100,H,1139,100
[AUTOPOS] SW-A,B,4477,95,C,5760,100,D,2888,100,E,1725,94,F,5076,100,G,5426,95,H,1173,100
[AUTOPOS] SW-A,B,4490,95,C,5752,100,D,2883,100,E,1659,95,F,5031,100,G,5416,95,H,1182,100
[AUTOPOS] SW-A,B,4565,95,C,5770,100,D,2877,100,E,1735,95,F,5012,100,G,5442,95,H,1159,100
[AUTOPOS] SW-A,B,4522,95,C,5836,100,D,2902,100,E,1724,95,F,5052,100,G,5392,95,H,1178,100
[AUTOPOS] SW-A,B,4563,96,C,5767,100,D,2890,100,E,1684,95,F,4995,100,G,5392,95,H,1165,100
[AUTOPOS] SW-A,B,4634,96,C,5744,100,D,2890,100,E,1727,95,F,5068,100,G,5458,96,H,1166,100
[AUTOPOS] SW-A,B,4613,96,C,5742,100,D,2895,100,E,1651,96,F,5076,100,G,5425,96,H,1123,100
[AUTOPOS] SW-A,B,4612,96,C,5699,100,D,2904,100,E,1693,96,F,5047,100,G,5425,96,H,1183,100
[AUTOPOS] SW-A,B,4601,96,C,5750,100,D,2909,100,E,1720,96,F,5025,100,G,5447,92,H,1163,100
[AUTOPOS] SW-A,B,4487,96,C,5764,100,D,2895,100,E,1720,96,F,5019,100,G,5381,93,H,1123,100
[AUTOPOS] SW-A,B,4575,96,C,5776,100,D,2892,100,E,1752,93,F,5059,100,G,5403,93,H,1120,100
[AUTOPOS] SW-A,B,4627,96,C,5778,100,D,2894,100,E,1720,93,F,5074,100,G,5401,93,H,1156,100
[AUTOPOS] SW-A,B,4623,100,C,5749,100,D,2900,100,E,1668,93,F,5054,100,G,5401,93,H,1139,100
[AUTOPOS] SW-A,B,4616,100,C,5737,100,D,2858,100,E,1724,93,F,5020,100,G,5405,94,H,1179,100
[AUTOPOS] SW-A,B,4469,100,C,5755,100,D,2885,100,E,1671,94,F,5059,100,G,5426,94,H,1151,100
[AUTOPOS] SW-A,B,4576,100,C,5763,100,D,2852,100,E,1752,94,F,5001,100,G,5444,94,H,1137,100
[AUTOPOS] SW-A,B,4618,100,C,5738,100,D,2870,100,E,1731,94,F,5019,100,G,5442,95,H,1230,100
[AUTOPOS] SW-A,B,4621,100,C,5738,100,D,2860,100,E,1726,95,F,5047,100,G,5411,95,H,1105,100
[AUTOPOS] SW-A,B,4474,100,C,5774,100,D,2904,100,E,1655,95,F,4990,100,G,5399,95,H,1166,100
[AUTOPOS] SW-A,B,4594,100,C,5726,100,D,2870,100,E,1660,95,F,5012,100,G,5448,95,H,1201,100
[AUTOPOS] SW-A,B,4505,100,C,5734,100,D,2877,100,E,1755,95,F,5051,100,G,5417,95,H,1137,100
[AUTOPOS] SW-A,B,4476,100,C,5688,100,D,2880,100,E,1650,95,F,5103,100,G,5417,96,H,1117,100
[AUTOPOS] SW-A,B,4482,100,C,5766,100,D,2887,100,E,1641,96,F,5083,100,G,5416,96,H,1186,100
[AUTOPOS] SW-A,B,4500,100,C,5759,100,D,2849,100,E,1706,96,F,5080,100,G,5393,96,H,1269,100
[AUTOPOS] SW-A,B,4578,100,C,5761,100,D,2891,100,E,1682,96,F,5057,100,G,5443,96,H,1269,100
[AUTOPOS] SW-A,B,4624,100,C,5733,100,D,2861,100,E,1695,96,F,4999,100,G,5436,96,H,1162,96
[AUTOPOS] SW-A,B,4512,100,C,5786,100,D,2916,100,E,1695,96,F,4999,100,G,5391,96,H,1173,96
[AUTOPOS] SW-A,B,4465,100,C,5706,100,D,2899,100,E,1749,93,F,5018,96,G,5391,96,H,1138,96
[AUTOPOS] SW-A,B,4575,100,C,5764,100,D,2886,100,E,1719,93,F,5048,96,G,5411,96,H,1248,96
[AUTOPOS] SW-A,B,4642,100,C,5765,100,D,2879,100,E,1744,93,F,5011,96,G,5436,100,H,1088,96
[AUTOPOS] SW-A,B,4569,100,C,5778,100,D,2878,100,E,1744,93,F,5044,100,G,5395,100,H,1148,100
[AUTOPOS] SW-A,B,4482,100,C,5740,100,D,2925,100,E,1687,88,F,5064,100,G,5400,100,H,1142,100
[AUTOPOS] SW-A,B,4611,100,C,5718,100,D,2919,100,E,1675,89,F,5056,100,G,5395,100,H,1145,100
[AUTOPOS] SW-A,B,4526,100,C,5798,100,D,2859,100,E,1725,90,F,5054,100,G,5427,100,H,1099,100
[AUTOPOS] SW-A,B,4522,100,C,5749,100,D,2902,100,E,1739,90,F,5033,100,G,5434,100,H,1127,100
[AUTOPOS] SW-A,B,4473,100,C,5697,100,D,2887,100,E,1657,90,F,5017,100,G,5374,100,H,1216,100
[AUTOPOS] SW-A,B,4539,100,C,5776,100,D,2897,100,E,1761,91,F,5044,100,G,5457,100,H,1216,100
[AUTOPOS] SW-A,B,4546,100,C,5748,100,D,2903,100,E,1724,91,F,5108,100,G,5405,100,H,1139,95
[AUTOPOS] SW-A,B,4525,100,C,5748,100,D,2860,100,E,1706,92,F,5012,100,G,5468,100,H,1265,96
[AUTOPOS] SW-A,B,4507,100,C,5753,96,D,2891,100,E,1727,92,F,5048,100,G,5371,100,H,1214,96
[AUTOPOS] SW-A,B,4559,100,C,5771,96,D,2850,100,E,1638,92,F,5095,100,G,5441,100,H,1150,96
[AUTOPOS] MSTAT peer=0 name=BS???? conn=1 ready=1 pkts=0 bytes=0 last_len=0 print_drops=0
[AUTOPOS] MSTAT peer=1 name=BS???? conn=1 ready=1 pkts=0 bytes=0 last_len=0 print_drops=0
[AUTOPOS] MSTAT peer=2 name=BS???? conn=1 ready=1 pkts=0 bytes=0 last_len=0 print_drops=0
[AUTOPOS] MSTAT peer=3 name=BS???? conn=1 ready=1 pkts=0 bytes=0 last_len=0 print_drops=0
[AUTOPOS] MSTAT peer=4 name=BS???? conn=1 ready=1 pkts=0 bytes=0 last_len=0 print_drops=0
[AUTOPOS] MSTAT peer=5 name=BS???? conn=1 ready=1 pkts=0 bytes=0 last_len=0 print_drops=0
[AUTOPOS] MSTAT peer=6 name=BS???? conn=1 ready=1 pkts=0 bytes=0 last_len=0 print_drops=0
[AUTOPOS] MSTAT peer=7 name=BS???? conn=1 ready=1 pkts=0 bytes=0 last_len=0 print_drops=0
[AUTOPOS] MCLK cal=-1 skips=-1 up_ms=100848
[AUTOPOS] SW-A,B,4485,100,C,5754,96,D,2859,100,E,1694,92,F,5040,100,G,5447,100,H,1184,96
[AUTOPOS] SW-A,B,4555,100,C,5755,96,D,2924,100,E,1754,93,F,5022,100,G,5436,100,H,1169,96
[AUTOPOS] SW-A,B,4639,100,C,5798,96,D,2913,100,E,1693,93,F,5022,100,G,5376,100,H,1151,96
[AUTOPOS] SW-A,B,4615,100,C,5786,96,D,2854,100,E,1665,93,F,5066,96,G,5433,100,H,1154,96
[AUTOPOS] SW-A,B,4591,100,C,5751,96,D,2903,100,E,1743,93,F,5056,96,G,5428,100,H,1232,96
[AUTOPOS] SW-A,B,4515,100,C,5722,100,D,2873,100,E,1656,94,F,4987,100,G,5439,100,H,1184,100
[AUTOPOS] SW-A,B,4535,100,C,5755,100,D,2873,100,E,1785,94,F,4996,100,G,5428,100,H,1151,100
[AUTOPOS] SW-A,B,4530,100,C,5747,100,D,2909,94,E,1645,94,F,4978,100,G,5446,100,H,1165,100
[AUTOPOS] SW-A,B,4497,100,C,5727,100,D,2865,95,E,1741,95,F,5009,100,G,5411,100,H,1171,100
[AUTOPOS] SW-A,B,4589,100,C,5751,100,D,2910,95,E,1708,95,F,5021,100,G,5433,100,H,1186,100
[AUTOPOS] SW-A,B,4483,100,C,5745,100,D,2869,95,E,1677,95,F,5023,100,G,5438,100,H,1130,100
[AUTOPOS] SW-A,B,4624,100,C,5811,100,D,2892,95,E,1699,95,F,5071,100,G,5395,100,H,1138,100
[AUTOPOS] SW-A,B,4528,100,C,5773,100,D,2922,95,E,1658,95,F,4998,100,G,5450,100,H,1189,100
[AUTOPOS] SW-A,B,4528,100,C,5752,100,D,2905,96,E,1747,96,F,5036,100,G,5385,100,H,1113,100
[AUTOPOS] SW-A,B,4530,96,C,5737,100,D,2889,96,E,1679,96,F,5099,100,G,5432,100,H,1174,100
[AUTOPOS] SW-A,B,4511,96,C,5765,100,D,2879,96,E,1682,96,F,5034,100,G,5418,100,H,1181,100
[AUTOPOS] SW-A,B,4609,96,C,5775,100,D,2879,96,E,1746,96,F,5032,100,G,5390,100,H,1159,100
[AUTOPOS] SW-A,B,4532,96,C,5793,100,D,2881,96,E,1708,96,F,4966,100,G,5429,100,H,1159,100
[AUTOPOS] SW-A,B,4474,96,C,5776,100,D,2892,96,E,1737,96,F,5058,100,G,5415,100,H,1198,96
[AUTOPOS] SW-A,B,4529,100,C,5780,100,D,2884,96,E,1643,96,F,5083,100,G,5384,100,H,1168,96
[AUTOPOS] SW-A,B,4547,100,C,5761,100,D,2906,96,E,1699,96,F,5024,100,G,5399,100,H,1209,96
[AUTOPOS] SW-A,B,4547,100,C,5805,100,D,2852,100,E,1732,100,F,5084,100,G,5454,100,H,1176,100
[AUTOPOS] SW-A,B,4473,95,C,5745,100,D,2901,100,E,1691,100,F,5067,100,G,5431,100,H,1227,100
[AUTOPOS] SW-A,B,4484,95,C,5720,100,D,2917,100,E,1677,100,F,5036,100,G,5402,100,H,1220,100
[AUTOPOS] SW-A,B,4502,95,C,5715,100,D,2918,100,E,1635,100,F,5036,100,G,5410,100,H,1164,100
[AUTOPOS] SW-A,B,4607,95,C,5746,100,D,2899,100,E,1731,100,F,4992,95,G,5356,100,H,1157,100
[AUTOPOS] SW-A,B,4580,95,C,5718,100,D,2932,100,E,1728,100,F,5082,95,G,5418,100,H,1196,100
[AUTOPOS] SW-A,B,4495,96,C,5789,100,D,2897,100,E,1713,100,F,5013,95,G,5403,100,H,1155,100
[AUTOPOS] SW-A,B,4604,96,C,5762,100,D,2877,100,E,1730,100,F,4997,95,G,5403,100,H,1171,100
[AUTOPOS] SW-A,B,4625,96,C,5743,100,D,2854,100,E,1663,100,F,5023,96,G,5404,96,H,1154,100
[AUTOPOS] SW-A,B,4610,96,C,5740,100,D,2908,100,E,1728,100,F,5024,96,G,5402,96,H,1200,100
[AUTOPOS] SW-A,B,4485,96,C,5750,100,D,2871,100,E,1657,100,F,5049,96,G,5421,96,H,1209,100
[AUTOPOS] SW-A,B,4475,96,C,5790,100,D,2883,100,E,1733,100,F,4967,96,G,5422,96,H,1136,100
[AUTOPOS] SW-A,B,4520,96,C,5762,100,D,2898,100,E,1719,100,F,5034,96,G,5391,96,H,1186,100
[AUTOPOS] SW-A,B,4479,96,C,5730,100,D,2893,100,E,1693,100,F,4993,96,G,5410,96,H,1140,100
[AUTOPOS] SW-A,B,4597,100,C,5760,100,D,2880,100,E,1770,100,F,5085,96,G,5472,96,H,1137,100
[AUTOPOS] SW-A,B,4468,100,C,5763,100,D,2876,100,E,1703,100,F,5061,96,G,5326,100,H,1168,100
[AUTOPOS] SW-A,B,4561,100,C,5809,100,D,2882,100,E,1723,100,F,5004,100,G,5388,100,H,1160,100
[AUTOPOS] SW-A,B,4483,100,C,5796,100,D,2924,100,E,1661,100,F,5103,100,G,5406,100,H,1180,100
[AUTOPOS] SW-A,B,4532,100,C,5700,100,D,2895,100,E,1687,100,F,5021,100,G,5375,100,H,1184,100
[AUTOPOS] SW-A,B,4543,100,C,5759,100,D,2891,100,E,1697,100,F,5037,100,G,5383,100,H,1203,100
[AUTOPOS] SW-A,B,4543,100,C,5770,100,D,2896,100,E,1697,100,F,5048,100,G,5425,100,H,1187,100
[AUTOPOS] SW-A,B,4597,95,C,5775,100,D,2882,100,E,1759,100,F,5038,100,G,5404,100,H,1212,100
[AUTOPOS] SW-A,B,4530,96,C,5743,100,D,2844,100,E,1646,100,F,4977,100,G,5387,100,H,1215,100
[AUTOPOS] SW-A,B,4598,96,C,5737,100,D,2903,100,E,1651,100,F,5045,100,G,5392,100,H,1129,100
[AUTOPOS] SW-A,B,4515,96,C,5769,100,D,2856,100,E,1705,100,F,5031,100,G,5461,100,H,1171,100
[AUTOPOS] SW-A,B,4515,96,C,5788,100,D,2904,100,E,1751,100,F,5021,100,G,5443,100,H,1219,100
[AUTOPOS] SW-A,B,4605,93,C,5762,100,D,2938,100,E,1704,100,F,5022,100,G,5402,100,H,1237,100
[AUTOPOS] SW-A,B,4482,93,C,5787,100,D,2897,100,E,1649,100,F,5016,100,G,5439,100,H,1136,100
[AUTOPOS] SW-A,B,4552,93,C,5749,100,D,2908,100,E,1680,100,F,5056,100,G,5410,100,H,1241,100
[AUTOPOS] SW-A,B,4461,93,C,5722,100,D,2861,100,E,1716,100,F,4994,100,G,5377,100,H,1124,100
[AUTOPOS] SW-A,B,4522,94,C,5737,100,D,2896,100,E,1730,100,F,5011,100,G,5406,100,H,1186,100
[AUTOPOS] SW-A,B,4572,94,C,5754,100,D,2869,100,E,1655,100,F,5014,100,G,5436,100,H,1227,100
[AUTOPOS] SW-A,B,4485,94,C,5751,100,D,2876,100,E,1706,100,F,5034,100,G,5442,100,H,1158,100
[AUTOPOS] SW-A,B,4614,95,C,5776,100,D,2892,100,E,1742,100,F,5040,100,G,5439,100,H,1159,100
[AUTOPOS] SW-A,B,4601,95,C,5744,100,D,2898,100,E,1680,100,F,4968,100,G,5443,100,H,1170,100
[AUTOPOS] SW-A,B,4562,95,C,5742,100,D,2887,100,E,1753,100,F,5048,100,G,5417,100,H,1113,100
[AUTOPOS] MSTAT peer=0 name=BS???? conn=1 ready=1 pkts=0 bytes=0 last_len=0 print_drops=0
[AUTOPOS] MSTAT peer=1 name=BS???? conn=1 ready=1 pkts=0 bytes=0 last_len=0 print_drops=0
[AUTOPOS] MSTAT peer=2 name=BS???? conn=1 ready=1 pkts=0 bytes=0 last_len=0 print_drops=0
[AUTOPOS] MSTAT peer=3 name=BS???? conn=1 ready=1 pkts=0 bytes=0 last_len=0 print_drops=0
[AUTOPOS] MSTAT peer=4 name=BS???? conn=1 ready=1 pkts=0 bytes=0 last_len=0 print_drops=0
[AUTOPOS] MSTAT peer=5 name=BS???? conn=1 ready=1 pkts=0 bytes=0 last_len=0 print_drops=0
[AUTOPOS] MSTAT peer=6 name=BS???? conn=1 ready=1 pkts=0 bytes=0 last_len=0 print_drops=0
[AUTOPOS] MSTAT peer=7 name=BS???? conn=1 ready=1 pkts=0 bytes=0 last_len=0 print_drops=0
[AUTOPOS] MCLK cal=-1 skips=-1 up_ms=105852
[AUTOPOS] SW-A,B,4574,95,C,5813,100,D,2882,100,E,1675,100,F,5053,100,G,5428,100,H,1179,100
[AUTOPOS] SW-A,B,4622,95,C,5683,100,D,2889,100,E,1743,100,F,5003,100,G,5436,100,H,1159,100
[AUTOPOS] SW-A,B,4592,96,C,5708,100,D,2913,100,E,1749,100,F,5030,100,G,5395,100,H,1170,100
[AUTOPOS] SW-A,B,4563,96,C,5742,100,D,2879,100,E,1683,100,F,5051,100,G,5452,100,H,1216,100
[AUTOPOS] SW-A,B,4483,96,C,5723,100,D,2897,100,E,1741,100,F,5016,100,G,5439,100,H,1244,100
[AUTOPOS] SW-A,B,4585,96,C,5792,100,D,2888,100,E,1692,100,F,4977,100,G,5407,100,H,1095,100
[AUTOPOS] SW-A,B,4585,96,C,5739,100,D,2887,100,E,1679,100,F,5030,100,G,5380,100,H,1131,100
[AUTOPOS] SW-A,B,4614,93,C,5721,100,D,2878,100,E,1743,100,F,5066,100,G,5403,100,H,1200,100
[AUTOPOS] SW-A,B,4572,93,C,5723,100,D,2882,100,E,1749,100,F,5029,100,G,5406,100,H,1199,100
[AUTOPOS] SW-A,B,4572,93,C,5743,100,D,2899,100,E,1739,100,F,5007,100,G,5424,100,H,1168,100
[AUTOPOS] SW-A,B,4515,94,C,5773,100,D,2851,100,E,1669,100,F,5061,100,G,5422,100,H,1176,100
[AUTOPOS] SW-A,B,4468,94,C,5747,100,D,2853,100,E,1670,100,F,5050,100,G,5408,100,H,1192,100
[AUTOPOS] SW-A,B,4655,94,C,5751,100,D,2911,100,E,1711,100,F,4994,100,G,5365,100,H,1174,100
[AUTOPOS] SW-A,B,4524,95,C,5808,100,D,2894,100,E,1772,100,F,5005,100,G,5405,100,H,1174,100
[AUTOPOS] SW-A,B,4524,95,C,5776,100,D,2883,100,E,1751,100,F,5004,100,G,5404,100,H,1182,94
[AUTOPOS] SW-A,B,4590,90,C,5749,100,D,2858,100,E,1683,100,F,5026,100,G,5428,100,H,1132,95
[AUTOPOS] SW-A,B,4609,91,C,5806,100,D,2902,100,E,1708,100,F,5000,100,G,5404,100,H,1106,95
[AUTOPOS] SW-A,B,4578,91,C,5732,100,D,2867,100,E,1700,100,F,5000,100,G,5415,100,H,1171,95
[AUTOPOS] SW-A,B,4543,92,C,5711,100,D,2953,100,E,1742,100,F,5035,95,G,5363,100,H,1141,95
[AUTOPOS] SW-A,B,4586,92,C,5766,100,D,2867,100,E,1686,100,F,5056,95,G,5435,100,H,1154,95
[AUTOPOS] SW-A,B,4530,92,C,5764,100,D,2898,100,E,1733,100,F,5026,96,G,5406,100,H,1167,96
[AUTOPOS] SW-A,B,4491,92,C,5788,100,D,2886,100,E,1722,100,F,5060,96,G,5433,100,H,1130,96
[AUTOPOS] SW-A,B,4552,93,C,5761,100,D,2861,100,E,1663,100,F,5013,96,G,5424,100,H,1175,96
[AUTOPOS] SW-A,B,4552,93,C,5758,100,D,2890,100,E,1731,100,F,5046,96,G,5455,100,H,1231,96
[AUTOPOS] SW-A,B,4536,90,C,5728,100,D,2902,100,E,1675,100,F,5066,96,G,5378,100,H,1125,96
[AUTOPOS] SW-A,B,4572,90,C,5766,100,D,2890,100,E,1675,100,F,5029,96,G,5413,100,H,1174,96
[AUTOPOS] SW-A,B,4627,94,C,5763,100,D,2834,100,E,1678,96,F,4963,96,G,5371,100,H,1186,96
[AUTOPOS] SW-A,B,4566,94,C,5722,100,D,2842,100,E,1703,96,F,5026,96,G,5340,100,H,1146,96
[AUTOPOS] SW-A,B,4586,94,C,5812,100,D,2900,100,E,1747,100,F,5032,100,G,5399,100,H,1173,100
[AUTOPOS] SW-A,B,4509,95,C,5757,100,D,2907,100,E,1738,100,F,5007,100,G,5406,100,H,1126,100
[AUTOPOS] SW-A,B,4593,95,C,5753,100,D,2860,100,E,1705,100,F,4966,100,G,5411,100,H,1147,100
[AUTOPOS] SW-A,B,4549,95,C,5748,100,D,2882,100,E,1707,100,F,5031,100,G,5445,100,H,1107,100
[AUTOPOS] SW-A,B,4579,95,C,5748,100,D,2917,100,E,1637,100,F,4958,100,G,5373,100,H,1162,100
[AUTOPOS] SW-A,B,4547,95,C,5790,95,D,2932,100,E,1728,100,F,5015,100,G,5426,100,H,1200,100
[AUTOPOS] SW-A,B,4543,96,C,5768,95,D,2893,100,E,1728,100,F,4991,100,G,5437,100,H,1121,100
[AUTOPOS] SW-A,B,4591,96,C,5721,95,D,2918,100,E,1761,95,F,5001,100,G,5382,100,H,1167,100
[AUTOPOS] SW-A,B,4560,96,C,5799,96,D,2882,100,E,1717,96,F,5078,100,G,5399,100,H,1182,100
[AUTOPOS] SW-A,B,4572,96,C,5727,96,D,2862,100,E,1711,96,F,5009,100,G,5420,100,H,1066,100
[AUTOPOS] SW-A,B,4578,96,C,5769,96,D,2894,100,E,1664,96,F,5020,100,G,5390,100,H,1158,100
[AUTOPOS] SW-A,B,4578,96,C,5748,96,D,2890,100,E,1707,96,F,4995,100,G,5388,100,H,1174,100
[AUTOPOS] SW-A,B,4629,96,C,5734,96,D,2856,100,E,1694,96,F,5016,100,G,5417,100,H,1105,100
[AUTOPOS] SW-A,B,4599,96,C,5773,96,D,2860,100,E,1750,96,F,5059,100,G,5431,100,H,1232,100
[AUTOPOS] SW-A,B,4527,100,C,5764,96,D,2883,100,E,1755,96,F,5093,100,G,5400,100,H,1142,100
[AUTOPOS] SW-A,B,4503,100,C,5729,96,D,2907,100,E,1698,96,F,5026,100,G,5398,100,H,1130,100
[AUTOPOS] SW-A,B,4510,100,C,5735,100,D,2901,100,E,1696,100,F,5066,100,G,5433,100,H,1130,100
[AUTOPOS] SW-A,B,4490,100,C,5780,100,D,2856,100,E,1711,100,F,5075,100,G,5430,100,H,1107,94
[AUTOPOS] SW-A,B,4533,100,C,5751,100,D,2875,100,E,1719,100,F,5029,100,G,5457,100,H,1207,94
[AUTOPOS] SW-A,B,4581,100,C,5803,100,D,2899,100,E,1732,100,F,5022,100,G,5449,100,H,1152,95
[AUTOPOS] SW-A,B,4581,100,C,5750,100,D,2885,100,E,1651,100,F,5029,100,G,5421,100,H,1210,95
[AUTOPOS] SW-A,B,4584,95,C,5750,100,D,2887,100,E,1693,100,F,5010,100,G,5434,100,H,1157,95
[AUTOPOS] SW-A,B,4489,96,C,5746,95,D,2875,100,E,1699,100,F,5081,100,G,5398,100,H,1129,95
[AUTOPOS] SW-A,B,4553,96,C,5727,95,D,2859,100,E,1627,100,F,5035,100,G,5404,100,H,1121,95
[AUTOPOS] SW-A,B,4520,96,C,5708,96,D,2918,100,E,1749,100,F,5022,100,G,5404,100,H,1100,96
[AUTOPOS] SW-A,B,4568,96,C,5763,96,D,2895,100,E,1695,100,F,5066,100,G,5399,96,H,1145,96
[AUTOPOS] SW-A,B,4589,96,C,5747,96,D,2897,100,E,1683,100,F,5043,100,G,5427,96,H,1174,96
[AUTOPOS] SW-A,B,4561,96,C,5763,96,D,2894,100,E,1665,100,F,4957,100,G,5429,96,H,1137,96
[AUTOPOS] SW-A,B,4465,96,C,5742,96,D,2876,100,E,1707,100,F,5044,100,G,5452,96,H,1140,93
[AUTOPOS] MSTAT peer=0 name=BS???? conn=1 ready=1 pkts=0 bytes=0 last_len=0 print_drops=0
[AUTOPOS] MSTAT peer=1 name=BS???? conn=1 ready=1 pkts=0 bytes=0 last_len=0 print_drops=0
[AUTOPOS] MSTAT peer=2 name=BS???? conn=1 ready=1 pkts=0 bytes=0 last_len=0 print_drops=0
[AUTOPOS] MSTAT peer=3 name=BS???? conn=1 ready=1 pkts=0 bytes=0 last_len=0 print_drops=0
[AUTOPOS] MSTAT peer=4 name=BS???? conn=1 ready=1 pkts=0 bytes=0 last_len=0 print_drops=0
[AUTOPOS] MSTAT peer=5 name=BS???? conn=1 ready=1 pkts=0 bytes=0 last_len=0 print_drops=0
[AUTOPOS] MSTAT peer=6 name=BS???? conn=1 ready=1 pkts=0 bytes=0 last_len=0 print_drops=0
[AUTOPOS] MSTAT peer=7 name=BS???? conn=1 ready=1 pkts=0 bytes=0 last_len=0 print_drops=0
[AUTOPOS] MCLK cal=-1 skips=-1 up_ms=110855
[AUTOPOS] SW-A,B,4557,96,C,5771,96,D,2936,100,E,1701,100,F,5067,100,G,5434,96,H,1137,93
[AUTOPOS] SW-A,B,4537,100,C,5760,96,D,2888,100,E,1705,100,F,5051,100,G,5394,96,H,1168,93
[AUTOPOS] SW-A,B,4572,100,C,5759,96,D,2916,100,E,1717,100,F,5036,100,G,5387,100,H,1128,94
[AUTOPOS] SW-A,B,4593,100,C,5728,100,D,2864,100,E,1735,100,F,4996,100,G,5402,100,H,1153,94
[AUTOPOS] SW-A,B,4561,100,C,5753,100,D,2892,100,E,1732,100,F,4996,100,G,5407,100,H,1130,94
[AUTOPOS] SW-A,B,4558,100,C,5774,100,D,2900,100,E,1746,100,F,5045,94,G,5424,100,H,1161,95
[AUTOPOS] SW-A,B,4516,100,C,5762,100,D,2858,100,E,1754,100,F,5011,95,G,5374,100,H,1153,95
[AUTOPOS] SW-A,B,4541,100,C,5770,100,D,2893,100,E,1726,100,F,5000,95,G,5397,100,H,1092,95
[AUTOPOS] SW-A,B,4557,100,C,5755,100,D,2911,100,E,1770,100,F,5020,95,G,5392,100,H,1208,95
[AUTOPOS] SW-A,B,4557,100,C,5766,100,D,2880,100,E,1709,100,F,5068,95,G,5431,100,H,1155,95
[AUTOPOS] SW-A,B,4624,96,C,5728,100,D,2871,100,E,1648,100,F,5001,95,G,5403,100,H,1135,96
[AUTOPOS] SW-A,B,4565,96,C,5744,100,D,2893,100,E,1653,100,F,5046,96,G,5437,100,H,1161,96
[AUTOPOS] SW-A,B,4587,96,C,5779,100,D,2862,100,E,1728,100,F,5047,96,G,5403,100,H,1229,96
[AUTOPOS] SW-A,B,4461,96,C,5711,100,D,2863,100,E,1645,100,F,5012,96,G,5405,100,H,1167,96
[AUTOPOS] SW-A,B,4509,96,C,5745,100,D,2868,100,E,1739,100,F,4986,96,G,5402,100,H,1167,96
[AUTOPOS] SW-A,B,4572,96,C,5725,100,D,2897,100,E,1663,100,F,5010,96,G,5439,100,H,1164,93
[AUTOPOS] SW-A,B,4592,96,C,5743,100,D,2917,100,E,1656,100,F,5024,96,G,5433,100,H,1161,93
[AUTOPOS] SW-A,B,4597,100,C,5765,100,D,2915,100,E,1754,100,F,5031,96,G,5397,100,H,1163,93
[AUTOPOS] SW-A,B,4560,100,C,5791,100,D,2890,100,E,1711,100,F,5014,96,G,5445,100,H,1085,94
[AUTOPOS] SW-A,B,4496,100,C,5708,100,D,2844,100,E,1726,100,F,5060,100,G,5379,100,H,1150,94
[AUTOPOS] SW-A,B,4585,100,C,5734,100,D,2934,100,E,1674,100,F,4995,100,G,5407,100,H,1143,94
[AUTOPOS] SW-A,B,4468,100,C,5783,100,D,2846,100,E,1642,100,F,4995,100,G,5419,100,H,1187,95
[AUTOPOS] SW-A,B,4481,100,C,5777,100,D,2902,100,E,1728,100,F,5049,95,G,5409,100,H,1187,95
[AUTOPOS] SW-A,B,4476,100,C,5752,100,D,2921,100,E,1767,100,F,5056,95,G,5438,100,H,1214,90
[AUTOPOS] SW-A,B,4609,100,C,5744,100,D,2851,100,E,1693,100,F,5056,95,G,5418,100,H,1070,91
[AUTOPOS] SW-A,B,4611,100,C,5733,100,D,2903,100,E,1668,100,F,5061,91,G,5418,100,H,1112,91
[AUTOPOS] SW-A,B,4474,100,C,5761,100,D,2874,100,E,1744,100,F,5025,91,G,5426,96,H,1162,92
[AUTOPOS] SW-A,B,4501,100,C,5736,100,D,2861,100,E,1732,100,F,5047,92,G,5434,96,H,1207,92
[AUTOPOS] SW-A,B,4544,100,C,5785,100,D,2873,100,E,1718,100,F,5030,92,G,5420,96,H,1184,92
[AUTOPOS] SW-A,B,4551,100,C,5754,100,D,2901,100,E,1718,100,F,5016,92,G,5427,96,H,1202,92
[AUTOPOS] SW-A,B,4566,100,C,5718,100,D,2906,100,E,1644,96,F,4977,92,G,5443,96,H,1205,93
[AUTOPOS] SW-A,B,4502,100,C,5765,100,D,2881,100,E,1685,96,F,5054,93,G,5384,96,H,1109,93
[AUTOPOS] SW-A,B,4491,100,C,5778,100,D,2897,100,E,1690,96,F,5045,93,G,5397,96,H,1132,93
[AUTOPOS] SW-A,B,4552,100,C,5751,100,D,2893,100,E,1732,96,F,5065,93,G,5397,96,H,1072,93
[AUTOPOS] SW-A,B,4536,100,C,5769,100,D,2904,100,E,1695,96,F,4995,93,G,5416,100,H,1200,94
[AUTOPOS] SW-A,B,4537,100,C,5741,100,D,2891,100,E,1783,100,F,5035,94,G,5436,100,H,1189,94
[AUTOPOS] SW-A,B,4568,100,C,5718,100,D,2889,100,E,1744,100,F,5027,94,G,5394,100,H,1152,94
[AUTOPOS] SW-A,B,4536,100,C,5766,100,D,2860,100,E,1744,100,F,5056,94,G,5422,100,H,1178,95
[AUTOPOS] SW-A,B,4509,100,C,5766,100,D,2862,100,E,1664,95,F,5048,95,G,5436,100,H,1158,95
[AUTOPOS] SW-A,B,4534,100,C,5722,100,D,2935,100,E,1755,95,F,5063,95,G,5398,100,H,1151,95
[AUTOPOS] SW-A,B,4586,100,C,5782,100,D,2908,100,E,1732,95,F,5088,95,G,5440,100,H,1171,95
[AUTOPOS] SW-A,B,4606,100,C,5746,100,D,2905,100,E,1724,95,F,5054,95,G,5362,100,H,1208,95
[AUTOPOS] SW-A,B,4605,100,C,5785,100,D,2852,100,E,1736,95,F,5110,95,G,5417,100,H,1107,96
[AUTOPOS] SW-A,B,4605,100,C,5742,100,D,2894,100,E,1720,96,F,5024,96,G,5436,100,H,1184,96
[AUTOPOS] SW-A,B,4577,96,C,5710,100,D,2878,100,E,1717,96,F,5037,96,G,5416,100,H,1186,96
[AUTOPOS] SW-A,B,4504,96,C,5741,100,D,2851,100,E,1691,96,F,5038,96,G,5426,100,H,1192,96
[AUTOPOS] SW-A,B,4518,96,C,5788,100,D,2875,100,E,1705,96,F,5037,96,G,5409,100,H,1164,96
[AUTOPOS] SW-A,B,4551,96,C,5745,100,D,2890,100,E,1718,96,F,5041,96,G,5364,100,H,1207,96
[AUTOPOS] SW-A,B,4589,96,C,5731,100,D,2906,100,E,1738,96,F,5030,96,G,5424,100,H,1151,96
[AUTOPOS] SW-A,B,4488,100,C,5744,100,D,2896,100,E,1716,96,F,5086,96,G,5404,100,H,1181,96
[AUTOPOS] SW-A,B,4494,100,C,5744,100,D,2900,100,E,1711,96,F,5016,96,G,5412,100,H,1147,100
[AUTOPOS] SW-A,B,4494,100,C,5743,100,D,2872,100,E,1676,100,F,5003,100,G,5418,100,H,1241,100
[AUTOPOS] SW-A,B,4562,95,C,5769,100,D,2911,100,E,1688,100,F,4964,100,G,5402,100,H,1121,100
[AUTOPOS] SW-A,B,4572,95,C,5703,100,D,2867,100,E,1765,100,F,5062,100,G,5422,100,H,1182,100
[AUTOPOS] SW-A,B,4499,95,C,5747,100,D,2900,100,E,1676,100,F,5000,100,G,5393,100,H,1209,100
[AUTOPOS] SW-A,B,4508,95,C,5723,100,D,2853,100,E,1720,100,F,5012,100,G,5403,100,H,1148,100
[AUTOPOS] MSTAT peer=0 name=BS???? conn=1 ready=1 pkts=0 bytes=0 last_len=0 print_drops=0
[AUTOPOS] MSTAT peer=1 name=BS???? conn=1 ready=1 pkts=0 bytes=0 last_len=0 print_drops=0
[AUTOPOS] MSTAT peer=2 name=BS???? conn=1 ready=1 pkts=0 bytes=0 last_len=0 print_drops=0
[AUTOPOS] MSTAT peer=3 name=BS???? conn=1 ready=1 pkts=0 bytes=0 last_len=0 print_drops=0
[AUTOPOS] MSTAT peer=4 name=BS???? conn=1 ready=1 pkts=0 bytes=0 last_len=0 print_drops=0
[AUTOPOS] MSTAT peer=5 name=BS???? conn=1 ready=1 pkts=0 bytes=0 last_len=0 print_drops=0
[AUTOPOS] MSTAT peer=6 name=BS???? conn=1 ready=1 pkts=0 bytes=0 last_len=0 print_drops=0
[AUTOPOS] MSTAT peer=7 name=BS???? conn=1 ready=1 pkts=0 bytes=0 last_len=0 print_drops=0
[AUTOPOS] MCLK cal=-1 skips=-1 up_ms=115859
[AUTOPOS] SW-A,B,4552,95,C,5719,100,D,2935,100,E,1702,100,F,5021,100,G,5423,100,H,1148,100
[AUTOPOS] SW-A,B,4626,96,C,5737,100,D,2869,100,E,1696,100,F,5009,100,G,5406,100,H,1162,95
[AUTOPOS] SW-A,B,4501,96,C,5735,100,D,2864,100,E,1651,100,F,4997,100,G,5393,100,H,1151,96
[AUTOPOS] SW-A,B,4570,96,C,5760,100,D,2893,100,E,1749,100,F,5022,100,G,5390,100,H,1197,96
[AUTOPOS] SW-A,B,4497,96,C,5754,100,D,2864,100,E,1647,100,F,5027,100,G,5406,100,H,1132,96
[AUTOPOS] SW-A,B,4499,96,C,5748,100,D,2880,100,E,1725,100,F,5053,100,G,5385,100,H,1191,96
[AUTOPOS] SW-A,B,4512,96,C,5751,100,D,2894,100,E,1686,100,F,5051,100,G,5404,100,H,1157,96
[AUTOPOS] SW-A,B,4582,96,C,5714,100,D,2859,100,E,1726,100,F,5051,100,G,5390,100,H,1168,96
[AUTOPOS] SW-A,B,4526,96,C,5711,100,D,2863,100,E,1661,100,F,5010,96,G,5461,100,H,1112,96
[AUTOPOS] SW-A,B,4513,100,C,5763,100,D,2896,100,E,1740,100,F,5040,96,G,5411,100,H,1250,96
[AUTOPOS] SW-A,B,4494,100,C,5788,100,D,2884,100,E,1723,100,F,5050,96,G,5434,100,H,1098,100
[AUTOPOS] SW-A,B,4591,100,C,5742,100,D,2862,100,E,1673,100,F,5049,100,G,5410,100,H,1140,100
[AUTOPOS] SW-A,B,4591,100,C,5749,100,D,2891,100,E,1716,100,F,5015,100,G,5399,100,H,1197,100
[AUTOPOS] SW-A,B,4455,95,C,5762,100,D,2883,100,E,1699,100,F,5074,100,G,5415,100,H,1111,100
[AUTOPOS] SW-A,B,4556,95,C,5820,100,D,2872,100,E,1692,100,F,5045,100,G,5405,100,H,1145,100
[AUTOPOS] SW-A,B,4516,95,C,5765,100,D,2884,100,E,1717,100,F,5037,100,G,5397,100,H,1130,100
[AUTOPOS] SW-A,B,4563,95,C,5695,100,D,2895,100,E,1688,100,F,5058,100,G,5382,100,H,1177,100
[AUTOPOS] SW-A,B,4521,96,C,5787,100,D,2888,100,E,1768,100,F,5015,100,G,5397,100,H,1177,100
[AUTOPOS] SW-A,B,4495,96,C,5803,100,D,2941,100,E,1701,100,F,5081,100,G,5443,100,H,1110,96
[AUTOPOS] SW-A,B,4567,96,C,5773,100,D,2896,100,E,1752,100,F,5027,100,G,5394,100,H,1184,96
[AUTOPOS] SW-A,B,4580,96,C,5743,100,D,2891,100,E,1732,100,F,5036,100,G,5421,100,H,1184,96
[AUTOPOS] SW-A,B,4521,96,C,5799,100,D,2875,100,E,1668,100,F,5019,100,G,5386,100,H,1140,92
[AUTOPOS] SW-A,B,4479,96,C,5748,100,D,2876,100,E,1707,100,F,5074,100,G,5402,100,H,1152,93
[AUTOPOS] SW-A,B,4611,96,C,5773,100,D,2913,100,E,1707,100,F,5071,100,G,5421,100,H,1126,93
[AUTOPOS] SW-A,B,4631,96,C,5754,100,D,2894,100,E,1739,96,F,5056,100,G,5422,100,H,1292,93
[AUTOPOS] SW-A,B,4551,100,C,5770,100,D,2893,100,E,1727,96,F,5032,100,G,5378,100,H,1181,93
[AUTOPOS] SW-A,B,4499,100,C,5752,100,D,2857,100,E,1627,96,F,5087,100,G,5409,100,H,1101,94
[AUTOPOS] SW-A,B,4522,100,C,5782,100,D,2909,100,E,1722,100,F,5062,100,G,5421,100,H,1216,94
[AUTOPOS] SW-A,B,4571,100,C,5763,100,D,2915,100,E,1696,100,F,5030,100,G,5414,100,H,1171,94
[AUTOPOS] SW-A,B,4571,100,C,5751,100,D,2865,100,E,1694,100,F,5004,100,G,5405,100,H,1160,95
[AUTOPOS] SW-A,B,4583,95,C,5718,100,D,2934,100,E,1737,100,F,5052,100,G,5434,100,H,1146,95
[AUTOPOS] SW-A,B,4528,95,C,5803,100,D,2886,100,E,1703,100,F,5047,100,G,5407,100,H,1185,95
[AUTOPOS] SW-A,B,4590,95,C,5708,100,D,2901,100,E,1755,100,F,5052,100,G,5435,100,H,1190,95
[AUTOPOS] SW-A,B,4564,96,C,5725,100,D,2875,100,E,1705,100,F,5060,100,G,5375,100,H,1126,95
[AUTOPOS] SW-A,B,4521,96,C,5775,100,D,2892,100,E,1715,100,F,5049,100,G,5412,100,H,1147,96
[AUTOPOS] SW-A,B,4517,96,C,5778,100,D,2896,100,E,1686,100,F,4997,100,G,5425,100,H,1140,96
[AUTOPOS] SW-A,B,4512,96,C,5770,100,D,2929,100,E,1735,100,F,5033,100,G,5402,100,H,1165,96
[AUTOPOS] SW-A,B,4592,96,C,5746,100,D,2877,100,E,1685,100,F,5081,100,G,5429,100,H,1164,96
[AUTOPOS] SW-A,B,4592,96,C,5755,100,D,2897,100,E,1720,100,F,5045,100,G,5417,100,H,1180,96
[AUTOPOS] SW-A,B,4567,93,C,5745,100,D,2897,100,E,1696,100,F,5049,100,G,5433,100,H,1190,96
[AUTOPOS] SW-A,B,4484,93,C,5783,100,D,2907,96,E,1655,100,F,4978,100,G,5437,100,H,1153,96
[AUTOPOS] SW-A,B,4517,94,C,5718,100,D,2903,96,E,1671,100,F,4974,100,G,5392,100,H,1186,96
[AUTOPOS] SW-A,B,4548,94,C,5748,100,D,2894,96,E,1710,100,F,5076,100,G,5443,100,H,1118,100
[AUTOPOS] SW-A,B,4476,94,C,5754,100,D,2881,100,E,1710,100,F,5039,100,G,5426,100,H,1132,100
[AUTOPOS] SW-A,B,4506,95,C,5740,100,D,2915,100,E,1716,94,F,5032,100,G,5414,100,H,1152,100
[AUTOPOS] SW-A,B,4583,95,C,5746,100,D,2910,100,E,1680,94,F,5024,100,G,5424,100,H,1156,100
[AUTOPOS] SW-A,B,4583,95,C,5804,100,D,2892,100,E,1761,95,F,5034,100,G,5413,100,H,1191,100
[AUTOPOS] SW-A,B,4492,91,C,5691,100,D,2931,100,E,1646,95,F,5044,100,G,5409,100,H,1163,100
[AUTOPOS] SW-A,B,4550,91,C,5753,100,D,2865,100,E,1683,95,F,5027,100,G,5383,100,H,1218,100
[AUTOPOS] SW-A,B,4532,92,C,5784,100,D,2851,100,E,1766,95,F,5012,100,G,5407,100,H,1172,100
[AUTOPOS] SW-A,B,4573,92,C,5742,100,D,2871,100,E,1728,95,F,5062,100,G,5431,100,H,1165,100
[AUTOPOS] SW-A,B,4549,92,C,5811,100,D,2890,100,E,1697,96,F,5077,100,G,5420,100,H,1145,100
[AUTOPOS] SW-A,B,4560,92,C,5761,100,D,2899,100,E,1717,96,F,5063,100,G,5413,100,H,1139,100
[AUTOPOS] SW-A,B,4504,93,C,5777,100,D,2896,100,E,1704,96,F,5052,100,G,5427,96,H,1084,100
[AUTOPOS] SW-A,B,4588,93,C,5764,100,D,2919,100,E,1712,96,F,5025,100,G,5419,96,H,1104,100
[AUTOPOS] SW-A,B,4588,93,C,5752,100,D,2865,100,E,1702,96,F,5032,100,G,5437,96,H,1236,100
[AUTOPOS] MSTAT peer=0 name=BS???? conn=1 ready=1 pkts=0 bytes=0 last_len=0 print_drops=0
[AUTOPOS] MSTAT peer=1 name=BS???? conn=1 ready=1 pkts=0 bytes=0 last_len=0 print_drops=0
[AUTOPOS] MSTAT peer=2 name=BS???? conn=1 ready=1 pkts=0 bytes=0 last_len=0 print_drops=0
[AUTOPOS] MSTAT peer=3 name=BS???? conn=1 ready=1 pkts=0 bytes=0 last_len=0 print_drops=0
[AUTOPOS] MSTAT peer=4 name=BS???? conn=1 ready=1 pkts=0 bytes=0 last_len=0 print_drops=0
[AUTOPOS] MSTAT peer=5 name=BS???? conn=1 ready=1 pkts=0 bytes=0 last_len=0 print_drops=0
[AUTOPOS] MSTAT peer=6 name=BS???? conn=1 ready=1 pkts=0 bytes=0 last_len=0 print_drops=0
[AUTOPOS] MSTAT peer=7 name=BS???? conn=1 ready=1 pkts=0 bytes=0 last_len=0 print_drops=0
[AUTOPOS] MCLK cal=-1 skips=-1 up_ms=120862
[AUTOPOS] SW-A,B,4465,90,C,5702,100,D,2907,100,E,1734,96,F,5047,100,G,5385,96,H,1176,100
[AUTOPOS] SW-A,B,4487,94,C,5744,100,D,2843,100,E,1730,96,F,5001,100,G,5389,100,H,1192,100
[AUTOPOS] SW-A,B,4475,94,C,5743,100,D,2875,100,E,1722,96,F,4976,100,G,5422,100,H,1151,100
[AUTOPOS] SW-A,B,4509,94,C,5742,100,D,2858,100,E,1724,100,F,4977,100,G,5386,100,H,1098,100
[AUTOPOS] SW-A,B,4556,95,C,5722,100,D,2907,100,E,1719,100,F,5030,100,G,5415,100,H,1098,100
[AUTOPOS] SW-A,B,4490,95,C,5752,100,D,2915,100,E,1740,100,F,5021,100,G,5393,100,H,1141,95
[AUTOPOS] SW-A,B,4514,95,C,5758,100,D,2899,100,E,1714,100,F,4952,100,G,5424,100,H,1116,95
[AUTOPOS] SW-A,B,4494,95,C,5772,100,D,2882,100,E,1757,100,F,5070,100,G,5437,100,H,1095,95
[AUTOPOS] SW-A,B,4570,95,C,5787,100,D,2852,100,E,1735,100,F,5065,100,G,5391,100,H,1181,95
[AUTOPOS] SW-A,B,4569,96,C,5785,100,D,2852,100,E,1676,100,F,5017,100,G,5433,100,H,1214,95
[AUTOPOS] SW-A,B,4494,96,C,5749,100,D,2854,95,E,1699,100,F,4978,100,G,5384,100,H,1189,96
[AUTOPOS] SW-A,B,4551,96,C,5766,100,D,2910,96,E,1685,100,F,5015,100,G,5347,100,H,1156,96
[AUTOPOS] SW-A,B,4522,96,C,5736,100,D,2889,96,E,1724,100,F,4990,100,G,5425,100,H,1119,96
[AUTOPOS] SW-A,B,4547,96,C,5708,100,D,2885,96,E,1692,100,F,4987,100,G,5408,100,H,1205,96
[AUTOPOS] SW-A,B,4597,96,C,5766,100,D,2890,96,E,1772,100,F,5012,100,G,5391,100,H,1174,96
[AUTOPOS] SW-A,B,4510,96,C,5782,100,D,2900,96,E,1708,100,F,5055,100,G,5409,100,H,1115,96
[AUTOPOS] SW-A,B,4595,96,C,5761,100,D,2891,96,E,1718,100,F,4981,100,G,5410,100,H,1127,96
[AUTOPOS] SW-A,B,4570,100,C,5786,100,D,2891,96,E,1741,100,F,4932,100,G,5443,100,H,1136,96
[AUTOPOS] SW-A,B,4532,100,C,5768,100,D,2886,93,E,1678,100,F,4983,100,G,5407,100,H,1204,100
[AUTOPOS] SW-A,B,4511,100,C,5724,100,D,2891,94,E,1713,100,F,4983,100,G,5401,100,H,1080,100
[AUTOPOS] SW-A,B,4538,100,C,5720,100,D,2919,94,E,1729,100,F,4963,94,G,5374,100,H,1080,100
[AUTOPOS] SW-A,B,4557,100,C,5728,100,D,2882,94,E,1677,100,F,5029,94,G,5405,100,H,1177,95
[AUTOPOS] SW-A,B,4573,100,C,5753,100,D,2896,95,E,1658,100,F,5035,95,G,5420,100,H,1114,95
[AUTOPOS] SW-A,B,4516,100,C,5775,100,D,2902,95,E,1685,100,F,5070,95,G,5406,100,H,1189,95
[AUTOPOS] SW-A,B,4564,100,C,5744,100,D,2910,95,E,1732,100,F,5029,95,G,5369,100,H,1198,95
[AUTOPOS] SW-A,B,4576,100,C,5763,100,D,2857,95,E,1748,100,F,5084,95,G,5389,100,H,1151,95
[AUTOPOS] SW-A,B,4454,100,C,5708,100,D,2888,95,E,1748,100,F,5030,95,G,5422,100,H,1185,96
[AUTOPOS] SW-A,B,4510,100,C,5732,100,D,2883,96,E,1739,96,F,5016,96,G,5412,100,H,1148,96
[AUTOPOS] SW-A,B,4594,100,C,5729,100,D,2868,96,E,1689,96,F,5022,96,G,5407,100,H,1151,96
[AUTOPOS] SW-A,B,4511,100,C,5767,100,D,2891,96,E,1708,96,F,4983,96,G,5431,100,H,1124,96
[AUTOPOS] SW-A,B,4480,100,C,5802,100,D,2910,96,E,1705,96,F,5061,96,G,5337,100,H,1238,96
[AUTOPOS] SW-A,B,4525,100,C,5779,100,D,2885,96,E,1695,96,F,5060,96,G,5377,100,H,1160,96
[AUTOPOS] SW-A,B,4465,100,C,5760,100,D,2896,96,E,1678,96,F,5050,96,G,5415,100,H,1202,96
[AUTOPOS] SW-A,B,4537,100,C,5686,100,D,2862,96,E,1673,96,F,5051,96,G,5424,100,H,1129,96
[AUTOPOS] SW-A,B,4531,100,C,5757,100,D,2884,96,E,1659,96,F,5019,96,G,5412,100,H,1143,100
[AUTOPOS] SW-A,B,4531,100,C,5732,100,D,2844,100,E,1711,100,F,5022,100,G,5393,100,H,1086,100
[AUTOPOS] SW-A,B,4511,95,C,5778,94,D,2929,100,E,1693,100,F,5085,100,G,5429,100,H,1171,100
[AUTOPOS] SW-A,B,4553,95,C,5758,95,D,2932,100,E,1721,100,F,5016,100,G,5436,100,H,1197,100
[AUTOPOS] SW-A,B,4506,95,C,5760,95,D,2908,100,E,1735,100,F,4982,100,G,5397,100,H,1215,100
[AUTOPOS] SW-A,B,4526,95,C,5747,95,D,2888,100,E,1696,100,F,5041,100,G,5426,100,H,1173,100
[AUTOPOS] SW-A,B,4562,95,C,5713,95,D,2880,100,E,1710,100,F,5011,100,G,5416,100,H,1068,100
[AUTOPOS] SW-A,B,4562,96,C,5763,95,D,2911,100,E,1703,100,F,4999,100,G,5418,100,H,1111,100
[AUTOPOS] SW-A,B,4566,96,C,5763,95,D,2845,100,E,1728,100,F,5064,100,G,5412,100,H,1235,100
[AUTOPOS] SW-A,B,4569,96,C,5791,92,D,2901,100,E,1704,100,F,4993,100,G,5439,100,H,1095,100
[AUTOPOS] SW-A,B,4539,96,C,5745,92,D,2904,100,E,1724,100,F,5019,100,G,5401,100,H,1083,100
[AUTOPOS] SW-A,B,4582,96,C,5745,92,D,2911,100,E,1714,100,F,5043,100,G,5424,100,H,1212,100
[AUTOPOS] SW-A,B,4547,96,C,5750,89,D,2899,100,E,1730,100,F,4932,100,G,5413,100,H,1160,100
[AUTOPOS] SW-A,B,4560,96,C,5783,90,D,2891,100,E,1731,100,F,5008,100,G,5395,100,H,1143,100
[AUTOPOS] SW-A,B,4526,96,C,5734,90,D,2854,100,E,1704,100,F,5030,100,G,5395,100,H,1133,100
[AUTOPOS] SW-A,B,4585,100,C,5739,90,D,2885,100,E,1693,100,F,5014,100,G,5420,100,H,1172,100
[AUTOPOS] SW-A,B,4585,100,C,5789,94,D,2882,100,E,1710,100,F,5051,100,G,5408,100,H,1216,100
[AUTOPOS] SW-A,B,4600,94,C,5750,94,D,2882,100,E,1696,100,F,5048,100,G,5396,100,H,1149,100
[AUTOPOS] SW-A,B,4587,95,C,5765,94,D,2878,94,E,1715,100,F,5047,100,G,5449,100,H,1203,100
[AUTOPOS] SW-A,B,4536,95,C,5760,95,D,2889,94,E,1680,100,F,5047,100,G,5400,100,H,1085,100
[AUTOPOS] SW-A,B,4599,95,C,5795,95,D,2872,95,E,1718,100,F,5022,95,G,5410,100,H,1140,100
[AUTOPOS] SW-A,B,4529,95,C,5789,95,D,2889,95,E,1738,100,F,5030,95,G,5415,100,H,1149,100
[AUTOPOS] SW-A,B,4496,95,C,5760,95,D,2886,95,E,1702,100,F,5040,95,G,5415,100,H,1123,100
[AUTOPOS] SW-A,B,4488,96,C,5748,95,D,2900,95,E,1713,100,F,5087,95,G,5442,96,H,1173,100
[AUTOPOS] MSTAT peer=0 name=BS???? conn=1 ready=1 pkts=0 bytes=0 last_len=0 print_drops=0
[AUTOPOS] MSTAT peer=1 name=BS???? conn=1 ready=1 pkts=0 bytes=0 last_len=0 print_drops=0
[AUTOPOS] MSTAT peer=2 name=BS???? conn=1 ready=1 pkts=0 bytes=0 last_len=0 print_drops=0
[AUTOPOS] MSTAT peer=3 name=BS???? conn=1 ready=1 pkts=0 bytes=0 last_len=0 print_drops=0
[AUTOPOS] MSTAT peer=4 name=BS???? conn=1 ready=1 pkts=0 bytes=0 last_len=0 print_drops=0
[AUTOPOS] MSTAT peer=5 name=BS???? conn=1 ready=1 pkts=0 bytes=0 last_len=0 print_drops=0
[AUTOPOS] MSTAT peer=6 name=BS???? conn=1 ready=1 pkts=0 bytes=0 last_len=0 print_drops=0
[AUTOPOS] MSTAT peer=7 name=BS???? conn=1 ready=1 pkts=0 bytes=0 last_len=0 print_drops=0
[AUTOPOS] MCLK cal=-1 skips=-1 up_ms=125866
[AUTOPOS] SW-A,B,4498,96,C,5752,96,D,2888,95,E,1738,100,F,5081,95,G,5398,96,H,1114,100
[AUTOPOS] SW-A,B,4582,96,C,5752,96,D,2886,96,E,1697,100,F,5030,96,G,5418,96,H,1194,100
[AUTOPOS] SW-A,B,4490,96,C,5790,92,D,2874,96,E,1718,100,F,5010,96,G,5402,96,H,1182,100
[AUTOPOS] SW-A,B,4581,96,C,5703,92,D,2912,96,E,1688,100,F,5017,96,G,5406,96,H,1157,100
[AUTOPOS] SW-A,B,4529,96,C,5722,93,D,2901,96,E,1723,100,F,4993,96,G,5437,96,H,1157,100
[AUTOPOS] SW-A,B,4538,96,C,5777,93,D,2891,96,E,1700,100,F,5051,96,G,5417,96,H,1163,96
[AUTOPOS] SW-A,B,4527,96,C,5795,93,D,2893,96,E,1693,100,F,4999,96,G,5393,96,H,1200,96
[AUTOPOS] SW-A,B,4494,100,C,5769,93,D,2919,96,E,1742,100,F,4995,96,G,5409,100,H,1185,96
[AUTOPOS] SW-A,B,4527,100,C,5724,94,D,2925,96,E,1719,100,F,5032,96,G,5395,100,H,1143,100
[AUTOPOS] SW-A,B,4560,100,C,5724,94,D,2909,100,E,1746,100,F,4992,100,G,5440,100,H,1143,100
[AUTOPOS] SW-A,B,4536,100,C,5740,89,D,2834,100,E,1738,100,F,4985,100,G,5462,100,H,1272,94
[AUTOPOS] SW-A,B,4536,100,C,5715,90,D,2899,100,E,1741,100,F,5003,100,G,5414,100,H,1201,95
[AUTOPOS] SW-A,B,4563,95,C,5794,90,D,2870,100,E,1692,100,F,5056,100,G,5414,100,H,1146,95
[AUTOPOS] SW-A,B,4555,95,C,5772,90,D,2900,100,E,1744,100,F,5042,100,G,5417,95,H,1159,95
[AUTOPOS] SW-A,B,4568,95,C,5711,91,D,2908,100,E,1664,100,F,5065,100,G,5410,95,H,1085,95
[AUTOPOS] SW-A,B,4523,96,C,5745,91,D,2923,100,E,1726,100,F,5022,100,G,5393,96,H,1153,95
[AUTOPOS] SW-A,B,4523,96,C,5723,92,D,2904,100,E,1739,100,F,5019,100,G,5426,96,H,1166,96
[AUTOPOS] SW-A,B,4496,92,C,5748,92,D,2881,100,E,1704,100,F,5043,100,G,5409,96,H,1154,96
[AUTOPOS] SW-A,B,4538,92,C,5714,92,D,2906,100,E,1678,100,F,5064,100,G,5410,96,H,1183,96
[AUTOPOS] SW-A,B,4536,93,C,5768,92,D,2888,100,E,1726,100,F,5064,100,G,5411,96,H,1090,96
[AUTOPOS] SW-A,B,4564,93,C,5804,93,D,2927,100,E,1692,100,F,5054,96,G,5364,96,H,1155,96
[AUTOPOS] SW-A,B,4582,93,C,5810,93,D,2864,100,E,1684,100,F,5023,96,G,5450,96,H,1149,96
[AUTOPOS] SW-A,B,4510,93,C,5773,93,D,2861,100,E,1678,100,F,5023,96,G,5409,96,H,1180,96
[AUTOPOS] SW-A,B,4568,94,C,5729,93,D,2897,100,E,1679,100,F,5067,93,G,5403,100,H,1111,96
[AUTOPOS] SW-A,B,4568,94,C,5768,94,D,2862,100,E,1679,100,F,5053,93,G,5439,100,H,1176,100
[AUTOPOS] SW-A,B,4589,89,C,5677,94,D,2869,100,E,1720,100,F,5028,94,G,5429,100,H,1105,100
[AUTOPOS] SW-A,B,4565,90,C,5730,94,D,2898,100,E,1712,100,F,5076,94,G,5460,100,H,1232,100
[AUTOPOS] SW-A,B,4619,90,C,5766,95,D,2902,100,E,1681,100,F,5076,94,G,5403,100,H,1140,100
[AUTOPOS] SW-A,B,4538,90,C,5724,95,D,2885,100,E,1689,100,F,5020,90,G,5402,100,H,1183,100
[AUTOPOS] SW-A,B,4567,91,C,5751,95,D,2900,100,E,1703,100,F,5074,90,G,5444,100,H,1183,100
[AUTOPOS] SW-A,B,4503,91,C,5732,95,D,2873,100,E,1725,100,F,5062,90,G,5396,100,H,1209,95
[AUTOPOS] SW-A,B,4538,92,C,5751,95,D,2895,100,E,1723,100,F,5055,91,G,5412,100,H,1137,95
[AUTOPOS] SW-A,B,4573,92,C,5722,96,D,2852,100,E,1695,100,F,5075,91,G,5412,100,H,1177,96
[AUTOPOS] SW-A,B,4573,92,C,5746,96,D,2860,100,E,1686,100,F,5082,92,G,5446,100,H,1140,96
[AUTOPOS] SW-A,B,4504,89,C,5768,96,D,2896,96,E,1732,100,F,5066,92,G,5386,100,H,1167,96
[AUTOPOS] SW-A,B,4520,89,C,5795,96,D,2068,96,E,1718,100,F,5070,92,G,5418,100,H,1108,96
[AUTOPOS] SW-A,B,4536,90,C,5720,96,D,2914,96,E,1720,100,F,5008,92,G,5396,100,H,1130,96
[AUTOPOS] SW-A,B,4562,90,C,5727,96,D,2863,96,E,1677,100,F,5008,92,G,5399,100,H,1169,96
[AUTOPOS] SW-A,B,4563,90,C,5684,96,D,2870,96,E,1701,100,F,4976,90,G,5399,100,H,1170,96
[AUTOPOS] SW-A,B,4536,94,C,5754,96,D,2912,96,E,1701,100,F,5049,90,G,5417,100,H,1195,96
[AUTOPOS] SW-A,B,4539,94,C,5740,100,D,2911,100,E,1714,96,F,5048,90,G,5343,100,H,1186,100
[AUTOPOS] SW-A,B,4547,94,C,5753,100,D,2847,100,E,1721,100,F,5043,94,G,5478,100,H,1201,100
[AUTOPOS] SW-A,B,4547,94,C,5746,100,D,2894,100,E,1702,100,F,5066,94,G,5436,100,H,1214,100
[AUTOPOS] SW-A,B,4540,90,C,5676,100,D,2896,100,E,1685,100,F,5036,94,G,5419,100,H,1048,100
[AUTOPOS] SW-A,B,4607,90,C,5758,100,D,2896,100,E,1712,100,F,5001,95,G,5417,100,H,1126,100
[AUTOPOS] SW-A,B,4526,91,C,5734,100,D,2892,95,E,1683,100,F,5055,95,G,5398,100,H,1152,100
[AUTOPOS] SW-A,B,4558,91,C,5695,100,D,2862,95,E,1697,100,F,5059,95,G,5418,100,H,1203,100
[AUTOPOS] SW-A,B,4551,92,C,5774,100,D,2911,95,E,1722,100,F,5046,95,G,5458,100,H,1192,100
[AUTOPOS] SW-A,B,4611,92,C,5735,100,D,2866,96,E,1707,100,F,5022,95,G,5423,100,H,1093,100
[AUTOPOS] SW-A,B,4524,92,C,5721,100,D,2890,96,E,1714,100,F,5043,96,G,5396,100,H,1133,100
[AUTOPOS] SW-A,B,4567,92,C,5774,100,D,2903,96,E,1701,100,F,5058,96,G,5382,100,H,1093,100
[AUTOPOS] SW-A,B,4561,93,C,5807,100,D,2878,96,E,1711,100,F,5044,96,G,5406,100,H,1111,100
[AUTOPOS] SW-A,B,4538,93,C,5759,100,D,2878,96,E,1700,100,F,5067,96,G,5452,100,H,1139,100
[AUTOPOS] SW-A,B,4538,93,C,5744,100,D,2887,96,E,1685,100,F,5016,96,G,5422,100,H,1209,100
[AUTOPOS] SW-A,B,4560,90,C,5729,100,D,2856,96,E,1726,100,F,5016,96,G,5404,100,H,1216,100
[AUTOPOS] SW-A,B,4565,94,C,5780,100,D,2865,96,E,1652,100,F,5015,93,G,5393,100,H,1216,100
[AUTOPOS] SW-A,B,4569,94,C,5808,100,D,2896,100,E,1729,100,F,5034,93,G,5380,100,H,1120,100
[AUTOPOS] MSTAT peer=0 name=BS???? conn=1 ready=1 pkts=0 bytes=0 last_len=0 print_drops=0
[AUTOPOS] MSTAT peer=1 name=BS???? conn=1 ready=1 pkts=0 bytes=0 last_len=0 print_drops=0
[AUTOPOS] MSTAT peer=2 name=BS???? conn=1 ready=1 pkts=0 bytes=0 last_len=0 print_drops=0
[AUTOPOS] MSTAT peer=3 name=BS???? conn=1 ready=1 pkts=0 bytes=0 last_len=0 print_drops=0
[AUTOPOS] MSTAT peer=4 name=BS???? conn=1 ready=1 pkts=0 bytes=0 last_len=0 print_drops=0
[AUTOPOS] MSTAT peer=5 name=BS???? conn=1 ready=1 pkts=0 bytes=0 last_len=0 print_drops=0
[AUTOPOS] MSTAT peer=6 name=BS???? conn=1 ready=1 pkts=0 bytes=0 last_len=0 print_drops=0
[AUTOPOS] MSTAT peer=7 name=BS???? conn=1 ready=1 pkts=0 bytes=0 last_len=0 print_drops=0
[AUTOPOS] MCLK cal=-1 skips=-1 up_ms=130869
[AUTOPOS] SW-A,B,4550,94,C,5744,100,D,2865,100,E,1683,100,F,5005,94,G,5398,100,H,1212,100
[AUTOPOS] SW-A,B,4533,95,C,5753,100,D,2880,100,E,1648,100,F,5036,94,G,5433,100,H,1158,100
[AUTOPOS] SW-A,B,4524,95,C,5742,100,D,2886,100,E,1697,100,F,5051,94,G,5394,100,H,1189,100
[AUTOPOS] SW-A,B,4538,95,C,5663,100,D,2882,100,E,1670,100,F,5046,95,G,5409,100,H,1191,100
[AUTOPOS] SW-A,B,4493,95,C,5753,100,D,2880,100,E,1699,100,F,5048,95,G,5405,100,H,1136,100
[AUTOPOS] SW-A,B,4573,95,C,5735,100,D,2891,100,E,1720,100,F,5048,95,G,5422,100,H,1241,100
[AUTOPOS] SW-A,B,4555,96,C,5686,100,D,2874,100,E,1716,100,F,5024,91,G,5392,100,H,1175,100
[AUTOPOS] SW-A,B,4507,96,C,5721,100,D,2884,100,E,1693,100,F,5024,91,G,5434,100,H,1110,100
[AUTOPOS] SW-A,B,4544,96,C,5742,100,D,2898,100,E,1731,100,F,5050,92,G,5423,100,H,1199,100
[AUTOPOS] SW-A,B,4562,96,C,5790,100,D,2913,100,E,1692,100,F,5062,92,G,5329,100,H,1247,100
[AUTOPOS] SW-A,B,4537,96,C,5737,100,D,2880,100,E,1669,100,F,5001,92,G,5387,100,H,1218,100
[AUTOPOS] SW-A,B,4562,96,C,5706,100,D,2853,100,E,1672,100,F,5067,92,G,5404,100,H,1134,100
[AUTOPOS] SW-A,B,4545,96,C,5750,100,D,2876,100,E,1723,100,F,5048,93,G,5426,100,H,1149,100
[AUTOPOS] SW-A,B,4517,96,C,5765,100,D,2916,100,E,1692,100,F,5058,93,G,5398,100,H,1151,100
[AUTOPOS] SW-A,B,4547,100,C,5771,100,D,2881,100,E,1685,100,F,5010,93,G,5388,100,H,1290,100
[AUTOPOS] SW-A,B,4550,100,C,5767,100,D,2879,100,E,1693,100,F,5020,93,G,5446,100,H,1219,100
[AUTOPOS] SW-A,B,4539,100,C,5741,100,D,2884,100,E,1688,100,F,5038,94,G,5426,100,H,1143,100
[AUTOPOS] SW-A,B,4497,100,C,5767,100,D,2875,100,E,1702,100,F,5029,94,G,5438,100,H,1141,100
[AUTOPOS] SW-A,B,4525,100,C,5746,100,D,2884,100,E,1688,100,F,5071,94,G,5412,100,H,1205,100
[AUTOPOS] SW-A,B,4544,100,C,5746,100,D,2883,100,E,1711,100,F,5023,95,G,5419,100,H,1144,100
[AUTOPOS] SW-A,B,4502,100,C,5662,100,D,2916,100,E,1686,100,F,5043,95,G,5409,100,H,1237,100
[AUTOPOS] SW-A,B,4589,100,C,5722,100,D,2895,100,E,1709,100,F,5084,95,G,5391,100,H,1121,100
[AUTOPOS] SW-A,B,4585,100,C,5699,100,D,2875,100,E,1702,100,F,5053,95,G,5424,100,H,1171,100
[AUTOPOS] SW-A,B,4543,100,C,5699,100,D,2840,100,E,1695,100,F,5059,95,G,5389,100,H,1163,100
[AUTOPOS] SW-A,B,4559,100,C,5737,96,D,2893,100,E,1730,100,F,5050,96,G,5445,100,H,1189,100
[AUTOPOS] SW-A,B,4574,100,C,5748,96,D,2889,100,E,1701,100,F,5063,96,G,5389,100,H,1141,100
[AUTOPOS] SW-A,B,4534,100,C,5730,96,D,2866,100,E,1703,100,F,5034,96,G,5398,100,H,1081,100
[AUTOPOS] SW-A,B,4554,100,C,5729,96,D,2899,100,E,1694,100,F,4998,96,G,5417,100,H,1195,100
[AUTOPOS] SW-A,B,4581,100,C,5729,96,D,2897,100,E,1699,100,F,5036,96,G,5424,100,H,1177,100
[AUTOPOS] SW-A,B,4485,100,C,5789,93,D,2870,100,E,1712,100,F,4992,96,G,5402,100,H,1293,100
[AUTOPOS] SW-A,B,4485,100,C,5751,93,D,2902,100,E,1698,100,F,5034,96,G,5438,100,H,1223,100
[AUTOPOS] SW-A,B,4540,94,C,5713,94,D,2875,100,E,1709,100,F,5034,96,G,5404,100,H,1105,100
[AUTOPOS] SW-A,B,4588,94,C,5778,94,D,2892,100,E,1680,100,F,5035,94,G,5393,100,H,1106,100
[AUTOPOS] SW-A,B,4556,95,C,5770,94,D,2887,100,E,1680,100,F,5057,94,G,5460,100,H,1215,100
[AUTOPOS] SW-A,B,4537,95,C,5731,95,D,2921,100,E,1703,94,F,5034,94,G,5354,100,H,1151,100
[AUTOPOS] SW-A,B,4534,95,C,5733,95,D,2891,100,E,1696,95,F,5043,95,G,5383,100,H,1144,100
[AUTOPOS] SW-A,B,4559,95,C,5734,95,D,2856,100,E,1657,95,F,5019,95,G,5435,100,H,1069,100
[AUTOPOS] SW-A,B,4548,95,C,5697,95,D,2900,100,E,1650,95,F,5037,95,G,5407,100,H,1130,100
[AUTOPOS] SW-A,B,4616,96,C,5800,95,D,2863,100,E,1710,95,F,5087,95,G,5412,100,H,1221,100
[AUTOPOS] SW-A,B,4535,96,C,5751,96,D,2850,100,E,1680,95,F,5084,95,G,5418,100,H,1211,100
[AUTOPOS] SW-A,B,4545,96,C,5772,96,D,2866,100,E,1728,96,F,5068,96,G,5435,100,H,1211,100
[AUTOPOS] SW-A,B,4557,96,C,5777,96,D,2887,100,E,1708,96,F,5084,96,G,5426,100,H,1193,96
[AUTOPOS] SW-A,B,4529,96,C,5746,96,D,2904,100,E,1686,96,F,5019,96,G,5381,100,H,1168,96
[AUTOPOS] SW-A,B,4507,96,C,5760,96,D,2882,100,E,1669,96,F,5031,96,G,5410,100,H,1156,96
[AUTOPOS] SW-A,B,4467,96,C,5713,96,D,2889,100,E,1707,96,F,5050,96,G,5450,100,H,1131,96
[AUTOPOS] SW-A,B,4538,96,C,5713,96,D,2916,100,E,1746,96,F,5059,96,G,5376,100,H,1133,96
[AUTOPOS] SW-A,B,4561,100,C,5734,93,D,2850,100,E,1662,96,F,5054,96,G,5408,100,H,1204,96
[AUTOPOS] SW-A,B,4533,100,C,5761,94,D,2870,100,E,1662,96,F,5054,96,G,5431,100,H,1171,100
[AUTOPOS] SW-A,B,4535,100,C,5720,94,D,2893,100,E,1697,94,F,5034,94,G,5405,100,H,1230,100
[AUTOPOS] SW-A,B,4553,100,C,5716,94,D,2873,100,E,1676,94,F,5027,94,G,5446,100,H,1230,100
[AUTOPOS] SW-A,B,4551,100,C,5722,95,D,2874,100,E,1687,94,F,5014,94,G,5398,100,H,1105,95
[AUTOPOS] SW-A,B,4535,100,C,5787,95,D,2882,100,E,1710,95,F,5064,95,G,5398,100,H,1111,95
[AUTOPOS] SW-A,B,4556,100,C,5724,95,D,2892,100,E,1692,95,F,5027,95,G,5404,95,H,1190,95
[AUTOPOS] SW-A,B,4556,100,C,5792,95,D,2848,100,E,1730,95,F,5048,95,G,5432,95,H,1149,95
[AUTOPOS] SW-A,B,4610,96,C,5809,95,D,2894,100,E,1710,95,F,5024,95,G,5393,96,H,1199,95
[AUTOPOS] SW-A,B,4548,96,C,5719,96,D,2897,100,E,1642,95,F,5048,95,G,5403,96,H,1080,96
[AUTOPOS] MSTAT peer=0 name=BS???? conn=1 ready=1 pkts=0 bytes=0 last_len=0 print_drops=0
[AUTOPOS] MSTAT peer=1 name=BS???? conn=1 ready=1 pkts=0 bytes=0 last_len=0 print_drops=0
[AUTOPOS] MSTAT peer=2 name=BS???? conn=1 ready=1 pkts=0 bytes=0 last_len=0 print_drops=0
[AUTOPOS] MSTAT peer=3 name=BS???? conn=1 ready=1 pkts=0 bytes=0 last_len=0 print_drops=0
[AUTOPOS] MSTAT peer=4 name=BS???? conn=1 ready=1 pkts=0 bytes=0 last_len=0 print_drops=0
[AUTOPOS] MSTAT peer=5 name=BS???? conn=1 ready=1 pkts=0 bytes=0 last_len=0 print_drops=0
[AUTOPOS] MSTAT peer=6 name=BS???? conn=1 ready=1 pkts=0 bytes=0 last_len=0 print_drops=0
[AUTOPOS] MSTAT peer=7 name=BS???? conn=1 ready=1 pkts=0 bytes=0 last_len=0 print_drops=0
[AUTOPOS] MCLK cal=-1 skips=-1 up_ms=135873
[AUTOPOS] SW-A,B,4518,96,C,5766,96,D,2875,100,E,1670,96,F,5089,96,G,5403,96,H,1182,96
[AUTOPOS] SW-A,B,4521,96,C,5714,96,D,2903,100,E,1738,96,F,5055,96,G,5414,92,H,1136,96
[AUTOPOS] SW-A,B,4578,96,C,5762,96,D,2898,100,E,1719,96,F,5041,96,G,5387,93,H,1237,96
[AUTOPOS] SW-A,B,4512,96,C,5744,96,D,2899,100,E,1697,96,F,5043,96,G,5373,93,H,1112,96
[AUTOPOS] SW-A,B,4563,96,C,5740,96,D,2909,100,E,1699,96,F,5033,96,G,5429,93,H,1169,96
[AUTOPOS] SW-A,B,4584,96,C,5716,96,D,2903,100,E,1692,96,F,4992,96,G,5420,93,H,1088,96
[AUTOPOS] SW-A,B,4564,100,C,5751,96,D,2831,100,E,1713,96,F,5044,96,G,5457,94,H,1162,96
[AUTOPOS] SW-A,B,4577,100,C,5770,100,D,2904,100,E,1697,96,F,5005,96,G,5434,94,H,1132,100
[AUTOPOS] SW-A,B,4542,100,C,5707,100,D,2910,100,E,1688,100,F,5064,100,G,5434,94,H,1224,100
[AUTOPOS] SW-A,B,4470,100,C,5694,100,D,2893,100,E,1727,100,F,5076,100,G,5423,90,H,1219,100
[AUTOPOS] SW-A,B,4557,100,C,5712,100,D,2923,100,E,1732,100,F,5017,100,G,5414,90,H,1100,100
[AUTOPOS] SW-A,B,4534,100,C,5762,100,D,2900,100,E,1686,100,F,5039,100,G,5392,90,H,1162,100
[AUTOPOS] SW-A,B,4512,100,C,5756,100,D,2914,100,E,1725,100,F,5010,100,G,5389,91,H,1214,100
[AUTOPOS] SW-A,B,4578,100,C,5708,100,D,2874,100,E,1692,100,F,5017,100,G,5391,91,H,1161,100
[AUTOPOS] SW-A,B,4579,100,C,5695,100,D,2879,100,E,1703,100,F,5025,100,G,5411,92,H,1160,100
[AUTOPOS] SW-A,B,4529,100,C,5731,100,D,2861,100,E,1703,100,F,5063,100,G,5422,92,H,1084,100
[AUTOPOS] SW-A,B,4595,100,C,5735,100,D,2881,100,E,1633,96,F,5000,100,G,5398,92,H,1123,100
[AUTOPOS] SW-A,B,4527,100,C,5740,100,D,2836,100,E,1709,96,F,5089,100,G,5458,92,H,1241,100
[AUTOPOS] SW-A,B,4550,100,C,5761,100,D,2887,100,E,1679,96,F,5045,100,G,5434,93,H,1120,100
[AUTOPOS] SW-A,B,4487,100,C,5743,100,D,2892,100,E,1683,96,F,5046,100,G,5416,93,H,1052,100
[AUTOPOS] SW-A,B,4525,100,C,5790,100,D,2884,100,E,1715,96,F,5030,100,G,5397,93,H,1153,100
[AUTOPOS] SW-A,B,4525,100,C,5742,100,D,2908,100,E,1713,96,F,5020,100,G,5422,93,H,1134,100
[AUTOPOS] SW-A,B,4560,100,C,5694,100,D,2887,100,E,1709,96,F,5040,100,G,5424,94,H,1101,100
[AUTOPOS] SW-A,B,4566,100,C,5823,100,D,2887,100,E,1701,96,F,5047,100,G,5405,94,H,1200,100
[AUTOPOS] SW-A,B,4536,100,C,5787,100,D,2880,94,E,1749,100,F,5109,100,G,5425,94,H,1160,100
[AUTOPOS] SW-A,B,4541,100,C,5721,100,D,2885,94,E,1738,100,F,5012,100,G,5400,95,H,1089,100
[AUTOPOS] SW-A,B,4569,100,C,5747,100,D,2874,95,E,1673,100,F,5027,100,G,5424,95,H,1180,100
[AUTOPOS] SW-A,B,4550,100,C,5751,100,D,2905,95,E,1676,100,F,5046,100,G,5418,95,H,1155,100
[AUTOPOS] SW-A,B,4566,100,C,5737,100,D,2916,95,E,1689,100,F,5001,100,G,5414,95,H,1129,100
[AUTOPOS] SW-A,B,4550,100,C,5757,100,D,2888,95,E,1703,100,F,5072,100,G,5394,95,H,1186,100
[AUTOPOS] SW-A,B,4539,100,C,5758,100,D,2905,95,E,1721,100,F,5026,100,G,5428,96,H,1161,100
[AUTOPOS] SW-A,B,4536,100,C,5758,100,D,2850,96,E,1716,100,F,5071,100,G,5436,96,H,1154,100
[AUTOPOS] SW-A,B,4488,100,C,5747,96,D,2853,96,E,1687,100,F,5060,100,G,5380,96,H,1072,100
[AUTOPOS] SW-A,B,4519,100,C,5783,96,D,2934,96,E,1705,100,F,5054,100,G,5394,96,H,1171,100
[AUTOPOS] SW-A,B,4542,100,C,5783,96,D,2894,96,E,1740,100,F,4977,100,G,5375,96,H,1265,100
[AUTOPOS] SW-A,B,4568,100,C,5754,93,D,2878,96,E,1685,100,F,4999,100,G,5413,96,H,1080,100
[AUTOPOS] SW-A,B,4539,100,C,5742,93,D,2888,96,E,1701,100,F,4972,100,G,5444,96,H,1129,100
[AUTOPOS] SW-A,B,4577,100,C,5736,93,D,2878,96,E,1695,100,F,4976,100,G,5444,96,H,1107,100
[AUTOPOS] SW-A,B,4550,100,C,5742,93,D,2903,96,E,1734,100,F,4979,100,G,5383,94,H,1226,100
[AUTOPOS] SW-A,B,4567,100,C,5686,94,D,2909,100,E,1715,100,F,4975,100,G,5415,94,H,1098,100
[AUTOPOS] SW-A,B,4581,100,C,5735,94,D,2839,100,E,1736,100,F,4977,100,G,5418,94,H,1218,100
[AUTOPOS] SW-A,B,4547,100,C,5748,94,D,2878,100,E,1701,100,F,5034,100,G,5509,95,H,1211,100
[AUTOPOS] SW-A,B,4524,100,C,5696,95,D,2885,100,E,1701,100,F,4972,100,G,5391,95,H,1191,100
[AUTOPOS] SW-A,B,4558,100,C,5751,95,D,2886,100,E,1684,95,F,4936,100,G,5410,95,H,1174,100
[AUTOPOS] SW-A,B,4558,100,C,5805,95,D,2873,100,E,1677,95,F,5003,100,G,5390,95,H,1069,100
[AUTOPOS] SW-A,B,4572,100,C,5710,95,D,2921,100,E,1691,95,F,5050,100,G,5353,95,H,1114,100
[AUTOPOS] SW-A,B,4505,100,C,5747,95,D,2876,100,E,1744,95,F,5003,100,G,5439,96,H,1223,100
[AUTOPOS] SW-A,B,4594,100,C,5680,96,D,2891,100,E,1716,95,F,5019,100,G,5415,96,H,1251,100
[AUTOPOS] SW-A,B,4516,100,C,5744,96,D,2909,100,E,1714,96,F,4996,100,G,5423,96,H,1146,100
[AUTOPOS] SW-A,B,4549,100,C,5683,96,D,2902,100,E,1677,96,F,5028,100,G,5392,96,H,1120,100
[AUTOPOS] SW-A,B,4526,100,C,5710,96,D,2882,100,E,1702,96,F,4993,100,G,5403,96,H,1070,100
[AUTOPOS] SW-A,B,4562,100,C,5764,96,D,2880,100,E,1657,96,F,5017,100,G,5398,96,H,1172,100
[AUTOPOS] SW-A,B,4570,100,C,5756,96,D,2895,100,E,1707,96,F,4991,100,G,5448,96,H,1184,100
[AUTOPOS] SW-A,B,4551,100,C,5762,96,D,2861,100,E,1725,96,F,4947,100,G,5346,96,H,1150,100
[AUTOPOS] SW-A,B,4480,100,C,5725,96,D,2876,100,E,1701,96,F,4995,100,G,5397,100,H,1150,100
[AUTOPOS] SW-A,B,4533,100,C,5770,100,D,2889,100,E,1701,96,F,5004,100,G,5418,100,H,1115,100
[AUTOPOS] SW-A,B,4577,100,C,5716,100,D,2836,100,E,1706,100,F,4983,100,G,5388,100,H,1237,100
[AUTOPOS] MSTAT peer=0 name=BS???? conn=1 ready=1 pkts=0 bytes=0 last_len=0 print_drops=0
[AUTOPOS] MSTAT peer=1 name=BS???? conn=1 ready=1 pkts=0 bytes=0 last_len=0 print_drops=0
[AUTOPOS] MSTAT peer=2 name=BS???? conn=1 ready=1 pkts=0 bytes=0 last_len=0 print_drops=0
[AUTOPOS] MSTAT peer=3 name=BS???? conn=1 ready=1 pkts=0 bytes=0 last_len=0 print_drops=0
[AUTOPOS] MSTAT peer=4 name=BS???? conn=1 ready=1 pkts=0 bytes=0 last_len=0 print_drops=0
[AUTOPOS] MSTAT peer=5 name=BS???? conn=1 ready=1 pkts=0 bytes=0 last_len=0 print_drops=0
[AUTOPOS] MSTAT peer=6 name=BS???? conn=1 ready=1 pkts=0 bytes=0 last_len=0 print_drops=0
[AUTOPOS] MSTAT peer=7 name=BS???? conn=1 ready=1 pkts=0 bytes=0 last_len=0 print_drops=0
[AUTOPOS] MCLK cal=-1 skips=-1 up_ms=140877
[AUTOPOS] SW-A,B,4609,100,C,5763,100,D,2891,100,E,1705,100,F,4995,100,G,5419,100,H,1167,100
[AUTOPOS] SW-A,B,4478,100,C,5773,100,D,2879,100,E,1754,100,F,4988,100,G,5426,100,H,1078,100
[AUTOPOS] SW-A,B,4512,100,C,5733,100,D,2885,100,E,1717,100,F,4989,100,G,5426,100,H,1138,100
[AUTOPOS] SW-A,B,4549,100,C,5699,100,D,2882,100,E,1691,100,F,4942,100,G,5426,95,H,1192,100
[AUTOPOS] SW-A,B,4534,100,C,5760,100,D,2908,100,E,1699,100,F,4960,100,G,5395,95,H,1149,100
[AUTOPOS] SW-A,B,4582,100,C,5715,100,D,2918,100,E,1709,100,F,4978,100,G,5422,96,H,1152,100
[AUTOPOS] SW-A,B,4582,100,C,5766,100,D,2880,100,E,1697,100,F,4937,100,G,5421,96,H,1219,100
[AUTOPOS] SW-A,B,4566,96,C,5742,100,D,2916,100,E,1723,100,F,4990,100,G,5373,96,H,1099,100
[AUTOPOS] SW-A,B,4566,96,C,5699,100,D,2894,100,E,1740,100,F,5013,100,G,5407,96,H,1122,100
[AUTOPOS] SW-A,B,4538,96,C,5769,100,D,2910,100,E,1690,100,F,5009,100,G,5391,96,H,1087,100
[AUTOPOS] SW-A,B,4502,96,C,5766,100,D,2903,100,E,1727,100,F,4960,100,G,5411,96,H,1067,100
[AUTOPOS] SW-A,B,4549,96,C,5797,100,D,2902,100,E,1672,100,F,4986,100,G,5450,96,H,1067,100
[AUTOPOS] SW-A,B,4584,96,C,5753,100,D,2859,100,E,1739,100,F,5013,100,G,5406,96,H,1165,96
[AUTOPOS] SW-A,B,4527,100,C,5763,100,D,2879,100,E,1714,100,F,4992,100,G,5409,100,H,1182,96
[AUTOPOS] SW-A,B,4565,100,C,5748,100,D,2886,100,E,1677,100,F,5047,100,G,5426,100,H,1134,100
[AUTOPOS] SW-A,B,4560,100,C,5694,100,D,2880,100,E,1724,100,F,5029,100,G,5420,100,H,1199,100
[AUTOPOS] SW-A,B,4630,100,C,5746,100,D,2854,100,E,1731,100,F,5047,100,G,5400,100,H,1092,100
[AUTOPOS] SW-A,B,4556,100,C,5744,100,D,2904,100,E,1673,100,F,4999,100,G,5422,100,H,1128,100
[AUTOPOS] SW-A,B,4617,100,C,5755,100,D,2853,100,E,1679,100,F,4985,100,G,5389,100,H,1122,100
[AUTOPOS] SW-A,B,4545,100,C,5781,100,D,2904,100,E,1683,100,F,5006,100,G,5413,100,H,1092,100
[AUTOPOS] SW-A,B,4524,100,C,5747,100,D,2887,100,E,1705,100,F,5022,100,G,5409,100,H,1194,100
[AUTOPOS] SW-A,B,4514,100,C,5745,100,D,2901,100,E,1639,100,F,5032,100,G,5390,100,H,1178,100
[AUTOPOS] SW-A,B,4554,100,C,5786,100,D,2888,100,E,1682,100,F,4945,100,G,5383,100,H,1077,100
[AUTOPOS] SW-A,B,4519,100,C,5729,100,D,2908,100,E,1700,100,F,5052,100,G,5430,100,H,1216,100
[AUTOPOS] SW-A,B,4564,100,C,5718,100,D,2871,100,E,1697,100,F,4993,100,G,5460,100,H,1155,100
[AUTOPOS] SW-A,B,4512,100,C,5772,100,D,2864,100,E,1711,100,F,5008,100,G,5392,100,H,1139,100
[AUTOPOS] SW-A,B,4519,100,C,5753,100,D,2906,100,E,1711,100,F,4960,100,G,5421,100,H,1204,100
[AUTOPOS] SW-A,B,4595,100,C,5727,100,D,2896,100,E,1703,96,F,4995,100,G,5391,100,H,1162,100
[AUTOPOS] SW-A,B,4581,100,C,5825,100,D,2906,100,E,1717,96,F,5015,100,G,5406,100,H,1140,100
[AUTOPOS] SW-A,B,4584,100,C,5771,100,D,2896,100,E,1687,96,F,5014,100,G,5374,100,H,1123,100
[AUTOPOS] SW-A,B,4592,100,C,5789,100,D,2894,100,E,1720,96,F,5053,100,G,5419,100,H,1190,100
[AUTOPOS] SW-A,B,4494,100,C,5815,100,D,2914,100,E,1727,100,F,5043,100,G,5403,100,H,1152,100
[AUTOPOS] SW-A,B,4558,100,C,5742,100,D,2891,100,E,1709,100,F,5063,100,G,5401,100,H,1089,100
[AUTOPOS] SW-A,B,4572,100,C,5791,100,D,2893,100,E,1756,100,F,5109,100,G,5416,100,H,1188,100
[AUTOPOS] SW-A,B,4592,100,C,5732,100,D,2877,100,E,1721,100,F,5053,100,G,5366,100,H,1163,100
[AUTOPOS] SW-A,B,1418,100,C,5738,100,D,2904,100,E,1691,100,F,5063,100,G,5405,100,H,1143,100
[AUTOPOS] SW-A,B,4547,100,C,5750,100,D,2881,100,E,1698,100,F,5069,100,G,5440,100,H,1143,100
[AUTOPOS] SW-A,B,4537,100,C,5744,100,D,2882,100,E,1711,100,F,5054,100,G,5413,100,H,1168,100
[AUTOPOS] SW-A,B,4485,100,C,5715,100,D,2891,100,E,1725,100,F,5109,100,G,5395,100,H,1138,100
[AUTOPOS] SW-A,B,4547,100,C,5793,100,D,2844,100,E,1692,100,F,5053,100,G,5406,100,H,1151,100
[AUTOPOS] SW-A,B,4547,100,C,5727,100,D,2904,100,E,1696,100,F,5052,100,G,5367,100,H,1153,100
[AUTOPOS] SW-A,B,4522,96,C,5685,100,D,2892,100,E,1695,100,F,5059,100,G,5413,100,H,1205,100
[AUTOPOS] SW-A,B,4490,96,C,5730,100,D,2887,100,E,1778,100,F,5078,100,G,5421,100,H,1173,100
[AUTOPOS] SW-A,B,4556,96,C,5718,100,D,2885,100,E,1704,100,F,5070,100,G,5408,100,H,1147,100
[AUTOPOS] SW-A,B,4542,96,C,5769,100,D,2853,100,E,1694,100,F,5031,100,G,5371,100,H,1108,100
[AUTOPOS] SW-A,B,4528,100,C,5760,100,D,2883,100,E,1694,100,F,5058,100,G,5384,100,H,1131,100
[AUTOPOS] SW-A,B,4554,100,C,5726,100,D,2898,100,E,1685,100,F,5049,100,G,5406,100,H,1143,100
[AUTOPOS] SW-A,B,4535,100,C,5783,100,D,2868,100,E,1743,100,F,5064,100,G,5377,100,H,1157,100
[AUTOPOS] SW-A,B,4516,100,C,5751,100,D,2899,100,E,1700,100,F,5060,100,G,5426,100,H,1200,100
[AUTOPOS] SW-A,B,4524,100,C,5754,100,D,2910,100,E,1684,100,F,5084,100,G,5390,100,H,1218,100
[AUTOPOS] SW-A,B,4521,100,C,5714,95,D,2875,100,E,1713,100,F,5033,100,G,5417,100,H,1154,100
[AUTOPOS] SW-A,B,4519,100,C,5712,95,D,2889,100,E,1664,100,F,5062,100,G,5414,100,H,1185,100
[AUTOPOS] SW-A,B,4500,100,C,5809,95,D,2902,100,E,1697,100,F,5036,100,G,5418,100,H,1166,100
[AUTOPOS] SW-A,B,4543,100,C,5695,96,D,2856,100,E,1679,100,F,5036,100,G,5412,100,H,1082,100
[AUTOPOS] SW-A,B,4530,100,C,5764,96,D,2863,100,E,1693,100,F,5054,95,G,5348,100,H,1156,100
[AUTOPOS] SW-A,B,4578,100,C,5740,96,D,2880,100,E,1666,100,F,5058,96,G,5435,100,H,1170,100
[AUTOPOS] SW-A,B,4564,100,C,5833,96,D,2882,100,E,1711,100,F,5074,96,G,5407,100,H,1191,100
[AUTOPOS] MSTAT peer=0 name=BS???? conn=1 ready=1 pkts=0 bytes=0 last_len=0 print_drops=0
[AUTOPOS] MSTAT peer=1 name=BS???? conn=1 ready=1 pkts=0 bytes=0 last_len=0 print_drops=0
[AUTOPOS] MSTAT peer=2 name=BS???? conn=1 ready=1 pkts=0 bytes=0 last_len=0 print_drops=0
[AUTOPOS] MSTAT peer=3 name=BS???? conn=1 ready=1 pkts=0 bytes=0 last_len=0 print_drops=0
[AUTOPOS] MSTAT peer=4 name=BS???? conn=1 ready=1 pkts=0 bytes=0 last_len=0 print_drops=0
[AUTOPOS] MSTAT peer=5 name=BS???? conn=1 ready=1 pkts=0 bytes=0 last_len=0 print_drops=0
[AUTOPOS] MSTAT peer=6 name=BS???? conn=1 ready=1 pkts=0 bytes=0 last_len=0 print_drops=0
[AUTOPOS] MSTAT peer=7 name=BS???? conn=1 ready=1 pkts=0 bytes=0 last_len=0 print_drops=0
[AUTOPOS] MCLK cal=-1 skips=-1 up_ms=145880
[AUTOPOS] SW-A,B,4497,100,C,5706,96,D,2882,100,E,1716,100,F,5050,96,G,5401,100,H,1126,100
[AUTOPOS] SW-A,B,4497,100,C,5739,96,D,2890,100,E,1716,100,F,5034,96,G,5402,100,H,1182,100
[AUTOPOS] SW-A,B,4518,100,C,5717,96,D,2894,100,E,1683,100,F,5027,96,G,5424,100,H,1213,100
[AUTOPOS] SW-A,B,4563,100,C,5722,96,D,2867,100,E,1694,100,F,5042,96,G,5426,100,H,1155,100
[AUTOPOS] SW-A,B,4503,100,C,5762,100,D,2882,100,E,1739,100,F,5051,96,G,5394,100,H,1116,100
[AUTOPOS] SW-A,B,4494,100,C,5762,100,D,2896,100,E,1675,100,F,5052,96,G,5359,100,H,1223,100
[AUTOPOS] SW-A,B,4544,100,C,5742,94,D,2858,100,E,1675,100,F,5071,100,G,5381,100,H,1223,100
[AUTOPOS] SW-A,B,4506,100,C,5747,95,D,2881,100,E,1727,94,F,5052,100,G,5402,100,H,1244,94
[AUTOPOS] SW-A,B,4535,100,C,5732,95,D,2875,100,E,1772,94,F,5080,100,G,5341,100,H,1163,95
[AUTOPOS] SW-A,B,4508,100,C,5747,95,D,2927,100,E,1694,95,F,5080,100,G,5414,100,H,1185,95
[AUTOPOS] SW-A,B,4596,100,C,5708,95,D,2858,100,E,1763,95,F,5058,100,G,5415,100,H,1077,95
[AUTOPOS] SW-A,B,4519,100,C,5832,95,D,2930,100,E,1704,95,F,5070,100,G,5390,100,H,1183,95
[AUTOPOS] SW-A,B,4519,100,C,5711,96,D,2878,100,E,1715,95,F,5063,100,G,5426,100,H,1107,95
[AUTOPOS] SW-A,B,4512,96,C,5720,96,D,2889,100,E,1734,95,F,5046,100,G,5403,100,H,1147,96
[AUTOPOS] SW-A,B,4533,96,C,5734,96,D,2899,100,E,1723,96,F,5010,100,G,5397,100,H,1138,96
[AUTOPOS] SW-A,B,4504,96,C,5796,96,D,2852,100,E,1709,96,F,5013,100,G,5400,100,H,1094,96
[AUTOPOS] SW-A,B,4490,96,C,5786,96,D,2901,100,E,1714,96,F,5017,100,G,5331,100,H,1224,96
[AUTOPOS] SW-A,B,4499,96,C,5795,96,D,2882,100,E,1681,96,F,5020,100,G,5421,100,H,1177,96
[AUTOPOS] SW-A,B,4499,96,C,5734,96,D,2861,100,E,1687,96,F,5001,100,G,5385,100,H,1187,96
[AUTOPOS] SW-A,B,4538,93,C,5778,96,D,2861,100,E,1721,96,F,5009,100,G,5390,100,H,1114,96
[AUTOPOS] SW-A,B,4579,94,C,5763,100,D,2858,96,E,1706,96,F,4992,100,G,5389,100,H,1190,96
[AUTOPOS] SW-A,B,4579,94,C,5655,100,D,2904,100,E,1719,96,F,4997,100,G,5367,100,H,1204,100
[AUTOPOS] SW-A,B,4503,94,C,5746,100,D,2835,100,E,1674,100,F,4969,100,G,5385,100,H,1218,100
[AUTOPOS] SW-A,B,4548,95,C,5703,100,D,2858,100,E,1695,100,F,5002,100,G,5382,100,H,1252,100
[AUTOPOS] SW-A,B,4524,95,C,5771,100,D,2865,100,E,1681,100,F,5003,100,G,5357,100,H,1179,100
[AUTOPOS] SW-A,B,4549,95,C,5739,100,D,2877,100,E,1691,100,F,5032,100,G,5377,100,H,1155,100
[AUTOPOS] SW-A,B,4553,95,C,5766,100,D,2872,100,E,1679,100,F,5006,100,G,5410,100,H,1208,100
[AUTOPOS] SW-A,B,4542,95,C,5728,100,D,2875,100,E,1683,100,F,5025,100,G,5399,100,H,1147,100
[AUTOPOS] SW-A,B,4574,96,C,5798,100,D,2892,100,E,1673,100,F,5008,100,G,5391,100,H,1175,100
[AUTOPOS] SW-A,B,4574,96,C,5751,100,D,2883,100,E,1704,100,F,5020,100,G,5404,100,H,1124,100
[AUTOPOS] SW-A,B,4552,92,C,5752,100,D,2878,100,E,1675,100,F,5007,100,G,5371,100,H,1157,100
[AUTOPOS] SW-A,B,4507,92,C,5721,100,D,2874,100,E,1684,100,F,5020,100,G,5373,100,H,1229,100
[AUTOPOS] SW-A,B,4506,93,C,5768,100,D,2856,100,E,1706,100,F,5036,100,G,5409,100,H,1085,100
[AUTOPOS] SW-A,B,4525,93,C,5743,100,D,2871,100,E,1710,100,F,5015,100,G,5379,100,H,1127,100
[AUTOPOS] SW-A,B,4525,93,C,5710,100,D,2858,100,E,1670,100,F,5050,100,G,5418,100,H,1088,100
[AUTOPOS] SW-A,B,4507,90,C,5701,100,D,2852,100,E,1683,100,F,5031,100,G,5403,100,H,1087,100
[AUTOPOS] SW-A,B,4557,94,C,5717,100,D,2835,100,E,1709,100,F,5013,100,G,5398,100,H,1121,100
[AUTOPOS] SW-A,B,4502,94,C,5787,100,D,2899,100,E,1709,100,F,5060,100,G,5411,100,H,1189,100
[AUTOPOS] SW-A,B,4574,94,C,5721,100,D,2881,100,E,1682,100,F,5042,100,G,5411,100,H,1152,100
[AUTOPOS] SW-A,B,4565,95,C,5831,100,D,2902,100,E,1677,100,F,5041,100,G,5391,95,H,1116,100
[AUTOPOS] SW-A,B,4573,95,C,5775,100,D,2903,100,E,1674,100,F,5038,100,G,5366,95,H,1198,100
[AUTOPOS] SW-A,B,4503,95,C,5708,100,D,2877,100,E,1704,100,F,5033,100,G,5366,95,H,1189,100
[AUTOPOS] SW-A,B,4552,95,C,5765,100,D,2881,100,E,1675,100,F,5054,100,G,5404,95,H,1201,100
[AUTOPOS] SW-A,B,4569,95,C,5762,100,D,2872,100,E,1669,100,F,5028,100,G,5395,95,H,1161,100
[AUTOPOS] SW-A,B,4622,96,C,5724,100,D,2870,100,E,1701,100,F,5001,100,G,5438,96,H,1154,100
[AUTOPOS] SW-A,B,4558,96,C,5786,100,D,2865,100,E,1695,100,F,4986,100,G,5386,96,H,1155,100
[AUTOPOS] SW-A,B,4552,96,C,5767,100,D,2894,100,E,1719,100,F,5034,100,G,5399,96,H,1165,100
[AUTOPOS] SW-A,B,4527,96,C,5795,100,D,2839,100,E,1749,100,F,5033,100,G,5399,96,H,1214,100
[AUTOPOS] SW-A,B,4521,96,C,5762,100,D,2888,100,E,1724,100,F,5017,100,G,5420,93,H,1166,100
[AUTOPOS] SW-A,B,4540,96,C,5770,100,D,2897,100,E,1697,100,F,4998,100,G,5369,93,H,1163,100
[AUTOPOS] SW-A,B,4557,96,C,5763,100,D,2873,100,E,1705,100,F,5024,100,G,5381,93,H,1139,100
[AUTOPOS] SW-A,B,4557,96,C,5795,100,D,2898,100,E,1704,100,F,4969,100,G,5413,93,H,1188,100
[AUTOPOS] SW-A,B,4623,94,C,5740,100,D,2879,100,E,1783,100,F,4988,100,G,5400,94,H,1198,100
[AUTOPOS] SW-A,B,4539,94,C,5704,100,D,2841,100,E,1757,100,F,4991,100,G,5398,94,H,1166,100
[AUTOPOS] SW-A,B,4539,94,C,5743,100,D,2904,100,E,1676,100,F,5027,100,G,5420,94,H,1159,100
[AUTOPOS] SW-A,B,4576,90,C,5743,100,D,2881,100,E,1696,100,F,5026,100,G,5388,95,H,1163,100
[AUTOPOS] MSTAT peer=0 name=BS???? conn=1 ready=1 pkts=0 bytes=0 last_len=0 print_drops=0
[AUTOPOS] MSTAT peer=1 name=BS???? conn=1 ready=1 pkts=0 bytes=0 last_len=0 print_drops=0
[AUTOPOS] MSTAT peer=2 name=BS???? conn=1 ready=1 pkts=0 bytes=0 last_len=0 print_drops=0
[AUTOPOS] MSTAT peer=3 name=BS???? conn=1 ready=1 pkts=0 bytes=0 last_len=0 print_drops=0
[AUTOPOS] MSTAT peer=4 name=BS???? conn=1 ready=1 pkts=0 bytes=0 last_len=0 print_drops=0
[AUTOPOS] MSTAT peer=5 name=BS???? conn=1 ready=1 pkts=0 bytes=0 last_len=0 print_drops=0
[AUTOPOS] MSTAT peer=6 name=BS???? conn=1 ready=1 pkts=0 bytes=0 last_len=0 print_drops=0
[AUTOPOS] MSTAT peer=7 name=BS???? conn=1 ready=1 pkts=0 bytes=0 last_len=0 print_drops=0
[AUTOPOS] MCLK cal=-1 skips=-1 up_ms=150884
[AUTOPOS] SW-A,B,4582,90,C,5721,100,D,2883,100,E,1696,100,F,4995,100,G,5403,95,H,1115,100
[AUTOPOS] SW-A,B,4529,90,C,5782,100,D,2876,100,E,1709,100,F,5024,95,G,5439,95,H,1176,100
[AUTOPOS] SW-A,B,4548,91,C,5786,100,D,2910,100,E,1694,100,F,5020,95,G,5404,95,H,1172,100
[AUTOPOS] SW-A,B,4523,91,C,5774,100,D,2854,100,E,1678,100,F,5019,95,G,5386,95,H,1178,100
[AUTOPOS] SW-A,B,4552,92,C,5752,100,D,2885,100,E,1702,100,F,5045,95,G,5399,96,H,1167,100
[AUTOPOS] SW-A,B,4541,92,C,5690,100,D,2879,100,E,1689,100,F,5002,96,G,5383,96,H,1210,100
[AUTOPOS] SW-A,B,4635,92,C,5782,100,D,2873,100,E,1684,100,F,5013,96,G,5418,96,H,1108,100
[AUTOPOS] SW-A,B,4635,92,C,5754,100,D,2902,100,E,1768,100,F,5004,96,G,5396,96,H,1203,100
[AUTOPOS] SW-A,B,4553,89,C,5729,100,D,2862,100,E,1729,100,F,5016,96,G,5396,96,H,1167,100
[AUTOPOS] SW-A,B,4592,90,C,5747,100,D,2898,100,E,1709,100,F,5015,96,G,5415,93,H,1181,100
[AUTOPOS] SW-A,B,4507,90,C,5745,100,D,2864,100,E,1687,100,F,5032,96,G,5374,93,H,1145,100
[AUTOPOS] SW-A,B,4674,90,C,5736,100,D,2893,100,E,1731,100,F,4999,96,G,5357,93,H,1145,100
[AUTOPOS] SW-A,B,4527,94,C,5787,100,D,2885,100,E,1680,100,F,5042,96,G,5398,94,H,1215,100
[AUTOPOS] SW-A,B,4559,94,C,5765,100,D,2880,100,E,1675,100,F,4987,100,G,5394,94,H,1147,100
[AUTOPOS] SW-A,B,4550,94,C,5700,100,D,2889,100,E,1692,100,F,4987,100,G,5385,94,H,1091,100
[AUTOPOS] SW-A,B,4580,95,C,5784,100,D,2873,100,E,1692,100,F,4985,100,G,5400,95,H,1143,100
[AUTOPOS] SW-A,B,4621,95,C,5747,100,D,2861,100,E,1702,94,F,5004,100,G,5368,95,H,1113,100
[AUTOPOS] SW-A,B,4544,95,C,5757,100,D,2888,100,E,1680,95,F,5036,100,G,5368,95,H,1167,100
[AUTOPOS] SW-A,B,4591,95,C,5739,100,D,2904,100,E,1685,95,F,5008,100,G,5405,91,H,1121,100
[AUTOPOS] SW-A,B,4622,95,C,5872,100,D,2884,100,E,1724,95,F,5043,100,G,5385,91,H,1187,100
[AUTOPOS] SW-A,B,4572,96,C,5873,100,D,2880,100,E,1702,95,F,5037,100,G,5411,92,H,1195,100
[AUTOPOS] SW-A,B,4601,96,C,5801,100,D,2868,100,E,1748,95,F,5019,100,G,5451,92,H,1181,100
[AUTOPOS] SW-A,B,4613,96,C,5801,100,D,2905,100,E,1687,96,F,5062,100,G,5421,92,H,1082,100
[AUTOPOS] SW-A,B,4589,96,C,5721,96,D,2836,100,E,1701,96,F,5036,100,G,5388,92,H,1103,100
[AUTOPOS] SW-A,B,4564,96,C,5729,96,D,2922,100,E,1701,96,F,5068,100,G,5367,93,H,1081,100
[AUTOPOS] SW-A,B,4569,96,C,5555,96,D,2871,100,E,1710,92,F,5031,100,G,5353,93,H,1068,100
[AUTOPOS] SW-A,B,4568,96,C,5542,96,D,2871,100,E,1689,93,F,5023,100,G,5442,93,H,1105,100
[AUTOPOS] SW-A,B,4521,96,C,5594,96,D,2881,96,E,1692,93,F,5041,100,G,5395,93,H,1046,100
[AUTOPOS] SW-A,B,4574,100,C,5571,100,D,2869,96,E,1667,93,F,5005,100,G,5334,94,H,1132,100
[AUTOPOS] SW-A,B,4543,100,C,5792,100,D,2860,100,E,1728,93,F,5016,100,G,5389,94,H,1121,100
[AUTOPOS] SW-A,B,4543,100,C,5805,100,D,2854,100,E,1668,94,F,5052,100,G,5365,94,H,1157,100
[AUTOPOS] SW-A,B,4546,95,C,5682,100,D,2897,100,E,1685,94,F,4981,100,G,5411,95,H,1092,100
[AUTOPOS] SW-A,B,4569,95,C,5644,100,D,2900,100,E,1685,94,F,5022,100,G,5418,95,H,1085,100
[AUTOPOS] SW-A,B,4544,95,C,5802,100,D,2874,100,E,1699,90,F,4978,100,G,5385,95,H,1206,100
[AUTOPOS] SW-A,B,4530,95,C,5719,100,D,2846,100,E,1698,90,F,4990,100,G,5385,95,H,1215,100
[AUTOPOS] SW-A,B,4540,95,C,5846,100,D,2890,100,E,1723,90,F,5067,100,G,5379,91,H,1056,100
[AUTOPOS] SW-A,B,4664,96,C,5702,100,D,2844,100,E,1684,91,F,5016,100,G,5424,92,H,1196,100
[AUTOPOS] SW-A,B,4543,96,C,5695,100,D,2858,100,E,1696,91,F,5040,100,G,5405,92,H,1196,100
[AUTOPOS] SW-A,B,4528,96,C,5781,100,D,2840,100,E,1680,92,F,5051,100,G,5414,92,H,1158,96
[AUTOPOS] SW-A,B,4587,96,C,5717,100,D,2902,100,E,1691,92,F,5035,100,G,5356,92,H,1191,96
[AUTOPOS] SW-A,B,4524,96,C,5717,100,D,2834,96,E,1690,92,F,5033,100,G,5386,93,H,1156,96
[AUTOPOS] SW-A,B,4551,96,C,5772,100,D,2899,96,E,1692,92,F,4988,100,G,5385,93,H,1182,96
[AUTOPOS] SW-A,B,4553,96,C,5745,100,D,2887,96,E,1703,93,F,5016,100,G,5422,93,H,1201,96
[AUTOPOS] SW-A,B,4596,96,C,5817,100,D,2891,96,E,1718,93,F,5043,100,G,5422,93,H,1185,96
[AUTOPOS] SW-A,B,4589,100,C,5787,100,D,2876,100,E,1680,93,F,5052,100,G,5396,94,H,1215,96
[AUTOPOS] SW-A,B,4531,100,C,5704,100,D,2901,100,E,1732,93,F,5022,100,G,5384,94,H,1185,100
[AUTOPOS] SW-A,B,4593,100,C,5639,100,D,2856,100,E,1715,94,F,4995,100,G,5441,94,H,1111,100
[AUTOPOS] SW-A,B,4614,100,C,5727,100,D,2897,100,E,1693,94,F,5041,100,G,5397,95,H,1191,100
[AUTOPOS] SW-A,B,4593,100,C,5727,100,D,2862,100,E,1687,94,F,5039,100,G,5432,95,H,1187,100
[AUTOPOS] SW-A,B,4643,100,C,5089,95,D,2906,100,E,1709,95,F,5020,100,G,5396,95,H,1196,100
[AUTOPOS] SW-A,B,4552,100,C,5084,95,D,2889,100,E,1795,95,F,5020,100,G,5451,95,H,1197,100
[AUTOPOS] SW-A,B,4532,100,C,5630,95,D,2892,100,E,1724,95,F,5019,95,G,5340,95,H,1144,100
[AUTOPOS] SW-A,B,4524,100,C,5846,96,D,2872,100,E,1734,95,F,5026,95,G,5398,96,H,1144,100
[AUTOPOS] SW-A,B,4651,100,C,5765,96,D,2852,100,E,1765,95,F,4995,96,G,5434,96,H,1179,96
[AUTOPOS] SW-A,B,4576,100,C,5635,96,D,2893,100,E,1693,96,F,5013,96,G,5421,96,H,1120,96
[AUTOPOS] SW-A,B,4636,100,C,5907,96,D,2923,100,E,1700,96,F,5040,96,G,5394,96,H,1090,96
[AUTOPOS] SW-A,B,4546,100,C,5642,96,D,2875,100,E,1695,96,F,5040,96,G,5381,96,H,1150,96
[AUTOPOS] MSTAT peer=0 name=BS???? conn=1 ready=1 pkts=0 bytes=0 last_len=0 print_drops=0
[AUTOPOS] MSTAT peer=1 name=BS???? conn=1 ready=1 pkts=0 bytes=0 last_len=0 print_drops=0
[AUTOPOS] MSTAT peer=2 name=BS???? conn=1 ready=1 pkts=0 bytes=0 last_len=0 print_drops=0
[AUTOPOS] MSTAT peer=3 name=BS???? conn=1 ready=1 pkts=0 bytes=0 last_len=0 print_drops=0
[AUTOPOS] MSTAT peer=4 name=BS???? conn=1 ready=1 pkts=0 bytes=0 last_len=0 print_drops=0
[AUTOPOS] MSTAT peer=5 name=BS???? conn=1 ready=1 pkts=0 bytes=0 last_len=0 print_drops=0
[AUTOPOS] MSTAT peer=6 name=BS???? conn=1 ready=1 pkts=0 bytes=0 last_len=0 print_drops=0
[AUTOPOS] MSTAT peer=7 name=BS???? conn=1 ready=1 pkts=0 bytes=0 last_len=0 print_drops=0
[AUTOPOS] MCLK cal=-1 skips=-1 up_ms=155887
[AUTOPOS] SW-A,B,4528,100,C,5692,96,D,2865,100,E,1740,96,F,5040,96,G,5381,96,H,1193,96
[AUTOPOS] SW-A,B,4528,100,C,5643,96,D,2883,100,E,1718,96,F,5009,96,G,5366,96,H,1047,96
[AUTOPOS] SW-A,B,4630,96,C,5627,96,D,2878,100,E,1714,96,F,5050,96,G,5366,96,H,1112,96
[AUTOPOS] SW-A,B,4502,100,C,5710,100,D,2863,100,E,1696,96,F,5035,96,G,5342,94,H,1104,96
[AUTOPOS] SW-A,B,4556,100,C,5716,100,D,2855,100,E,1674,96,F,5025,100,G,5383,94,H,1098,100
[AUTOPOS] SW-A,B,4550,100,C,5705,100,D,2862,100,E,1694,100,F,5045,100,G,5335,94,H,1170,100
[AUTOPOS] SW-A,B,4596,100,C,5696,100,D,2862,100,E,1731,100,F,5017,100,G,5375,95,H,1170,100
[AUTOPOS] SW-A,B,4580,100,C,5675,100,D,2875,100,E,1703,100,F,5059,100,G,5376,95,H,1169,95
[AUTOPOS] SW-A,B,4627,100,C,5675,100,D,2852,100,E,1706,100,F,5042,100,G,5399,95,H,1093,95
[AUTOPOS] SW-A,B,4598,100,C,5735,95,D,2850,100,E,1686,100,F,5018,100,G,5403,95,H,1104,95
[AUTOPOS] SW-A,B,4598,100,C,5697,95,D,2883,100,E,1687,100,F,4995,100,G,5414,95,H,1145,95
[AUTOPOS] SW-A,B,4566,96,C,5697,95,D,2857,100,E,1690,100,F,5056,100,G,5414,95,H,1177,95
[AUTOPOS] SW-A,B,4674,96,C,5744,92,D,2931,100,E,1695,100,F,5005,100,G,5443,92,H,1109,96
[AUTOPOS] SW-A,B,4554,96,C,5759,92,D,2873,100,E,1682,100,F,5005,100,G,5417,92,H,1157,96
[AUTOPOS] SW-A,B,4579,96,C,5758,92,D,2876,100,E,1702,100,F,5027,96,G,5424,92,H,1194,96
[AUTOPOS] SW-A,B,4512,96,C,5762,93,D,2887,100,E,1674,100,F,5058,96,G,5410,93,H,1199,96
[AUTOPOS] SW-A,B,4539,96,C,5736,93,D,2852,100,E,1709,100,F,5039,96,G,5372,93,H,1088,96
[AUTOPOS] SW-A,B,4551,96,C,5760,93,D,2852,100,E,1747,100,F,5044,96,G,5383,93,H,1127,96
[AUTOPOS] SW-A,B,4540,96,C,5765,93,D,2867,96,E,1732,100,F,5005,96,G,5355,93,H,1094,96
[AUTOPOS] SW-A,B,4545,100,C,5698,94,D,2875,100,E,1715,100,F,5061,96,G,5324,94,H,1159,96
[AUTOPOS] SW-A,B,4515,100,C,5763,94,D,2850,100,E,1701,100,F,5044,100,G,5375,94,H,1175,100
[AUTOPOS] SW-A,B,4586,100,C,5801,94,D,2867,100,E,1690,100,F,5046,100,G,5412,94,H,1104,100
[AUTOPOS] SW-A,B,4651,100,C,5784,95,D,2837,100,E,1659,100,F,5003,100,G,5412,94,H,1153,100
[AUTOPOS] SW-A,B,4554,100,C,5792,95,D,2893,100,E,1709,100,F,5042,100,G,5369,90,H,1162,100
[AUTOPOS] SW-A,B,4554,100,C,5798,95,D,2885,100,E,1690,100,F,5074,100,G,5387,90,H,1148,100
[AUTOPOS] SW-A,B,4587,95,C,5760,95,D,2879,100,E,1691,100,F,5001,100,G,5370,91,H,1188,100
[AUTOPOS] SW-A,B,4594,95,C,5727,95,D,2880,100,E,1724,100,F,4993,100,G,5409,91,H,1137,100
[AUTOPOS] SW-A,B,4572,96,C,5727,96,D,2876,100,E,1665,100,F,4993,100,G,5396,92,H,1215,100
[AUTOPOS] SW-A,B,4544,96,C,5771,96,D,2850,100,E,1703,100,F,4999,96,G,5371,92,H,1128,100
[AUTOPOS] SW-A,B,4546,96,C,5802,96,D,2876,100,E,1700,100,F,5017,96,G,5395,92,H,1162,100
[AUTOPOS] SW-A,B,4541,96,C,5743,96,D,2889,100,E,1724,100,F,5017,96,G,5336,92,H,1187,100
[AUTOPOS] SW-A,B,4614,96,C,5759,96,D,2921,100,E,1713,100,F,5006,96,G,5344,93,H,1207,100
[AUTOPOS] SW-A,B,4523,96,C,5771,96,D,2912,100,E,1702,100,F,5015,96,G,5369,93,H,1175,100
[AUTOPOS] SW-A,B,4545,96,C,5772,96,D,2906,100,E,1734,100,F,5044,96,G,5366,93,H,1113,100
[AUTOPOS] SW-A,B,4522,96,C,5768,96,D,2889,100,E,1695,100,F,4994,96,G,5350,93,H,1146,100
[AUTOPOS] SW-A,B,4542,100,C,5776,100,D,2856,100,E,1686,100,F,5057,96,G,5372,94,H,1232,100
[AUTOPOS] SW-A,B,4590,100,C,5765,100,D,2900,100,E,1757,100,F,5019,100,G,5372,94,H,1144,100
[AUTOPOS] SW-A,B,4543,100,C,5764,100,D,2857,100,E,1705,100,F,5013,100,G,5367,89,H,1155,100
[AUTOPOS] SW-A,B,4521,100,C,5740,100,D,2841,100,E,1709,100,F,5033,100,G,5372,90,H,1180,100
[AUTOPOS] SW-A,B,4557,100,C,5757,100,D,2847,100,E,1715,100,F,5072,100,G,5332,90,H,1140,100
[AUTOPOS] SW-A,B,4498,100,C,5775,100,D,2865,100,E,1668,100,F,4554,100,G,5355,90,H,1182,100
[AUTOPOS] SW-A,B,4497,100,C,5773,100,D,2893,100,E,1703,100,F,5176,100,G,5382,91,H,1128,100
[AUTOPOS] SW-A,B,4560,100,C,5770,100,D,2848,100,E,1687,100,F,4443,100,G,5381,91,H,1245,100
[AUTOPOS] SW-A,B,4537,100,C,5795,100,D,2887,100,E,1726,100,F,4441,100,G,5395,92,H,1170,100
[AUTOPOS] SW-A,B,4519,100,C,5738,100,D,2877,100,E,1740,100,F,4441,100,G,5365,92,H,1106,100
[AUTOPOS] SW-A,B,4560,100,C,5755,100,D,2909,100,E,1693,100,F,4403,96,G,5407,92,H,1106,100
[AUTOPOS] SW-A,B,4574,100,C,5776,100,D,2908,100,E,1700,100,F,4396,96,G,5374,92,H,1198,96
[AUTOPOS] SW-A,B,4542,100,C,5763,100,D,2881,100,E,1719,100,F,4449,96,G,5389,93,H,1193,96
[AUTOPOS] SW-A,B,4469,100,C,5782,100,D,2912,100,E,1678,100,F,4452,96,G,5376,93,H,1093,96
[AUTOPOS] SW-A,B,4498,100,C,5773,100,D,2877,100,E,1701,100,F,4465,96,G,5417,93,H,1197,96
[AUTOPOS] SW-A,B,4571,100,C,5717,100,D,2870,100,E,1712,100,F,5193,96,G,5365,93,H,1200,96
[AUTOPOS] SW-A,B,4555,100,C,5760,100,D,2887,100,E,1712,100,F,5220,96,G,5359,94,H,1134,96
[AUTOPOS] SW-A,B,4522,100,C,5782,100,D,2856,100,E,1705,96,F,5167,100,G,5352,94,H,1121,100
[AUTOPOS] SW-A,B,4520,100,C,5782,100,D,2915,100,E,1689,100,F,5142,100,G,5344,94,H,1136,100
[AUTOPOS] SW-A,B,4551,100,C,5777,95,D,2915,100,E,1690,100,F,5167,100,G,5381,95,H,1185,100
[AUTOPOS] ANCHOR_CTRL[2] notify: SWEEP_DONE master=A sets=1010 role=matrix
END=2026-07-10 12:18:28
