:020000040000FA
:10000000285C0020ED1E0000B3590000D91E00003E
:10001000D91E0000D91E0000D91E000000000000FB
:10002000000000000000000000000000C91F0000E8
:10003000D91E000000000000D91E0000D91E0000DB
:100040000521000005210000052100000521000018
:100050000521000005210000052100000521000008
:1000600005210000052100000521000005210000F8
:1000700005210000052100000521000005210000E8
:1000800005210000052100000521000005210000D8
:1000900005210000052100000521000005210000C8
:1000A00005210000052100000521000005210000B8
:1000B00005210000052100000521000005210000A8
:1000C0000521000005210000052100000521000098
:1000D00005210000052100000521000053B94AB99F
:1000E000002908BF00281CBF4FF0FF314FF0FF3040
:1000F00000F00CB8ADF1080C6DE904CE00F008F882
:10010000DDF804E0DDE9022304B07047704700BF6A
:100110002DE9F04786468C460846089E15467446EB
:100120001946002B40F0C2808542B2FA82F245D9CE
:100130004AB1C2F1200300FA02FC2EFA03F3954003
:1001400043EA0C0C94404FEA154EA8B2BCFBFEF8F3
:10015000230C0EFB18CC08FB00F943EA0C4399452D
:1001600028D9EB1808F1FF3704D2994502D9A8F134
:1001700002072B44A3EB0903A4B2B3FBFEFC0EFB66
:100180001C330CFB00F044EA0344A04214D92C19A0
:100190000CF1FF3304D2A04202D9ACF102032C448B
:1001A000241A43EA07401EB1D44000233460736030
:1001B000BDE8F0874746DDE76346F1E792BB431BA6
:1001C00001214FEA154EAFB2B3FBFEFC200C0EFB33
:1001D0001C330CFB07F840EA0343984562D9EB183F
:1001E0000CF1FF3004D2984502D9ACF102002B4447
:1001F000A3EB0803A4B2B3FBFEFC0EFB1C330CFB09
:1002000007F744EA0344A7424ED92C190CF1FF33F7
:1002100004D2A74202D9ACF102032C44E41B43EA06
:100220000040C0E7C2F1200320FA03F1954090405E
:100230002EFA03F303434FEA154EAFB2B1FBFEFCB7
:100240000EFB1C10190C0CFB07F841EA0041884515
:1002500004FA02F422D969180CF1FF3004D288455F
:1002600002D9ACF102002944A1EB08019BB2B1FB19
:10027000FEFC0EFB1C110CFB07F743EA01439F42F7
:100280000ED9EB180CF1FF3104D29F4202D9ACF128
:1002900002012B44DB1B41EA004192E76046E3E7A1
:1002A0006146F7E76046A3E76346B7E7834206D9AE
:1002B00016B9002108467BE7C6E900E0F9E7B3FA82
:1002C00083F78FB9834201D3724508D8BEEB02048D
:1002D00060EB030301209C461EB9002168E7384605
:1002E000FAE7C6E9004CF8E7C7F1200CBB4022FA58
:1002F0000CF41C432EFA0CF120FA0CF3B840014325
:100300004FEA14490EFA07F5B3FBF9F81FFA84FE19
:1003100009FB18300B0C08FB0EFA43EA00439A4520
:1003200002FA07F240D9E31808F1FF3004D29A45E7
:1003300002D9A8F102002344A3EB0A0389B2B3FB5C
:10034000F9F809FB183308FB0EFE41EA03418E451C
:100350002CD9611808F1FF3304D28E4502D9A8F1D7
:100360000203214443EA0040A0FB0298A1EB0E01E6
:100370004145CE46434602D306D14D4504D2B9EBA2
:10038000020E68EB04030138002EA6D0B5EB0E0276
:1003900061EB030101FA0CFC22FA07F34CEA0303B8
:1003A000F940C6E9003198E74046C5E74346D9E73A
:1003B000F0B52E4B2E4AC3F800262E48C3F804266B
:1003C00085B0C3F808264921C3F80C26C3F81026C7
:1003D000C3F81426C3F81826C3F81C2605F05FFAE4
:1003E00000F078F801A800F027FD234B1B6883423A
:1003F00004D02248452105F052FAFEE7039A20482E
:10040000492105F04CFA1F48492105F048FA4FF4FC
:100410004041002005F0CCFC044620B11A4845219B
:1004200005F03DFAFEE769469DF8080000F030F857
:10043000009B039D1D44019B1E8902F03FFFAF19E5
:1004400001F01CF800F0F0FF01F07AFDAB5983F3E6
:10045000088884F31488BFF36F8FBFF36F8F7B68B6
:1004600098470A48452105F01AFAFEE700000140C6
:100470003546526EE277000008060020FB77000048
:100480001E7800004D78000072780000A57800000A
:1004900008B5024638B105480023452105F0FFF9AB
:1004A0006FF0150008BD0860FCE700BFC8780000C9
:1004B00021B1012906D06FF015007047044B53F8A5
:1004C00030007047024B03EBC0035868704700BF11
:1004D0000875000002484FF4C05103F045BC00BF4E
:1004E000201300202DE9F04FF9B0DDE9848ADFF810
:1004F000F891869CD9F8006038A817461D4606F08A
:10050000DEFC002138A803F065FDB8F1000F07D02C
:10051000BAF1000F04DD5246414638A806F0D8FC77
:100520003B897A89D7F80CB013449B444FF00008FC
:10053000C34564D80DA938A806F009FD38A806F00F
:10054000C2FC24B120220DA9204605F083FA002325
:1005500000932A464FF6FF73394607A804F060FE61
:10056000804600285BD128460C9C00F0FDF98442AF
:1005700055D8DFF878B1DFF878A14FF0FF340DF1EE
:10058000160305AA06A907A804F098FE002846DB72
:1005900040F0A280069907A804F0DCFE50B9BDF82F
:1005A0001600544A4FF6FF7132F8023B8B4236D0A8
:1005B0009842F9D1BDF81670102F3AD0202F6DD087
:1005C000012FDCD1BDF81430202B28D8069938AA89
:1005D000284605F072F9044608BB9DF814300293D2
:1005E000202B09D8DAF80030434F0393039B9C4239
:1005F0001DA836DB06F067FC4FF0FF34BFE7839B96
:10060000829AABEB080A9A4528BF9A465346414660
:10061000284605F052F928B138A806F054FCD9F85C
:1006200000605CE08299524638A806F051FCD04444
:100630007EE7BDF81470202FF1D106993B4638AA09
:10064000284605F03AF90028E9D13A4638A90DA81C
:1006500004F08EFEDBF800308342E0D14FF0010859
:100660008DE706F02CFC00211DA803F0B3FC7A688E
:1006700057F8081B12681DA806F02AFC15A91DA82A
:1006800006F065FC029A38A915A805F0D3F918B947
:100690001DA806F018FC72E70134A7E7631C3FF4BD
:1006A0006EAFDAF80030A342A6DDBDF81430B3F522
:1006B000807FB4D1069938AA284605F0FEF80028B4
:1006C000ADD1E4B2BDF81430009438AA39460DA873
:1006D00000F014F806468FE7B8F1000F9FD03046BF
:1006E00079B0BDE8F08F00BFC404002008060020E8
:1006F00010750000B4770000147500002DE9F04F6C
:10070000DFF8E4A1ADF5417D07462AA89DF828B39E
:10071000DAF800501E468946904606F089FB092209
:1007200001212AA803F0D2FB704B53F83B400594FB
:1007300003EBCB0380AA5B681B681C442146302373
:1007400005A805F05FFC002840F0C580059B809A55
:1007500013449C4240F0BF802CAA214605A805F016
:1007600065FC002840F0B7800DF1B80B5A462146D1
:1007700005A805F05BFC0390002840F0AC802CA895
:1007800006F002F8059A2B90944240F0A480039B57
:10079000CDF804B000931A462CA92AA806F005FB50
:1007A000002840F098802AA803F0A6FB002840F01B
:1007B00092802CA805F0E8FF2B902AA806F042FBB7
:1007C000864240F08880B6F5807FDAF8005040F02D
:1007D0008280B9F1200F7ED180AA41462AA803F079
:1007E000B1FB0446002876D19DF8FF32BC2B72D1B4
:1007F00006900DF59079DF260FA806F060FB00212A
:100800000FA803F0E7FB20220DF2DF210FA806F06E
:100810005FFB042206A90FA806F05AFB07A90FA840
:1008200006F095FB202E9DF81B30B046A8BF4FF078
:10083000200801334846424607A9A6EB08068DF872
:100840001B3005F007F9002EC144D5DC0FA806F0D7
:100850003AFB48AB80AA184600219C46067812F85D
:1008600001EB013186EA0E06DF2900F8016BF5D1B4
:100870001A7802F07F021A7013F8016B5EBB013424
:10088000BE2CF9D19CF8BE30012B24D10FA806F064
:1008900016FB31460FA803F09DFB154908220FA84F
:1008A00006F016FB394620220FA806F011FB202285
:1008B0000DF2DF110FA806F00BFB07A90FA806F039
:1008C00046FB0FA806F0FFFA20220DF2DF2107A851
:1008D00004F04EFD05462AA806F0B6FA28460DF5A6
:1008E000417DBDE8F08F00BFC404002014750000F6
:1008F000EE780000094A0B78400052F820108B4235
:1009000009D0013052F82000834214BF4FF0FF306D
:100910004FF4C07070474FF4C07070471C750000F2
:100920001FB50F4B13F830000C4601F033F950B9E6
:100930002068816810236A46103904F0BEFF28B190
:10094000206804F0B9FF4FF0FF3006E0054910229F
:10095000684605F06FF80028F2D104B010BD00BF62
:100960001C750000D277000013B5044604F007FDA3
:100970006A460146204604F03AFC30B1044845215D
:1009800004F08DFF002002B010BD0098FBE700BF0F
:10099000F67800002DE9F041384F88B00646002077
:1009A0000D463C68FFF784FD06A9C0B201F0F2F8DD
:1009B000E0B92946FFF77CFD2C2407A9C0B204FB4F
:1009C000056401F0E7F8A8B12C2068433218069BB3
:1009D000116911F0100F1DD01DB10699304604F0B9
:1009E000B8FD274B1C68069804F066FF204608B047
:1009F000BDE8F081079804F0A9FF8046079804F04D
:100A00005BFF631EE21C13F8011F4145DCD19342DA
:100A1000F9D1E1E736581B4886422AD1D6681089B9
:100A2000801926D25289121823D29868824220D285
:100A300040F60C6211401CD14FF480720192124AB0
:100A40000092CDE90311224602910846FFF74AFDC4
:100A500004460E4B1B68A342C5D065B10698002121
:100A6000826804F054FF0A4A0A48452104F017FF3F
:100A7000B7E73C68EDE7084AF6E700BFC40400208A
:100A8000C00400203DB8F396202B0020080600206B
:100A90003979000043790000317900007FB50D46B7
:100AA000044600212846CDE9021104F011FD28B3C7
:100AB0002368194EB34203D103AA204604F09DFCDB
:100AC000E36AB34204D102AA0121204604F095FC56
:100AD000DDE90232934288BF0393039BAB60039A24
:100AE0002946204600F0A8FB0C4B1A68002A03DDBB
:100AF0000B48572104F0D3FE04B070BD01A9FFF7E5
:100B00000FFF019805F1080104F044FCAB6801985F
:100B1000039304F0D1FEE2E73DB8F3966C12002097
:100B20006B7900002DE9F84FDFF870B01C4C1D4DBB
:100B3000884691469A4600260B9B9E4201D3002090
:100B40000FE00B9B154A9F1BB7F5806F28BF4FF432
:100B500080673B4606EB0A01404604F0AEFE10B14A
:100B60000120BDE8F88F0A993B465A46711848465D
:100B700004F0B8FE0028F3D1C4F800563E44C4F88F
:100B80000456C4F80856C4F80C56C4F81056C4F8F5
:100B90001456C4F81856C4F81C56CDE70C060020AD
:100BA000000001403546526EF0B59A4B43620E4646
:100BB00003F580630021036589B004460846FFF70A
:100BC00077FC04F120010546C0B200F0E3FF0346C4
:100BD000E8B90121FFF76CFC04F14C010546C0B2F5
:100BE00000F0D8FF0346E0B9204604F047FC054674
:100BF000C8B900221146204604F0E9FB054660B35F
:100C000085480022572104F04AFE01239CE000227F
:100C1000CDE90023814800232A46452104F03FFE08
:100C2000FEE70122F4E77E488022572104F037FED8
:100C300001239D4284F85830DBD194F858308DF868
:100C40001730042B00F28380012B00F2878000F024
:100C50009A80FF2384F8583095E0204600F0FEF992
:100C60000028D2D004A804F02AFC0146204604F053
:100C7000C5FC18B16B482A465721C4E704A804F004
:100C800027FC80F0010104AAC9B2204604F09FFBB2
:100C900002460028B4D104A804F01AFC054660BB43
:100CA00004A92046FFF7FAFE9DF8173084F8583063
:100CB000033B012B06D8284600F0E4F810B1FF23CF
:100CC00084F858309DF81730023B022B0BD80020D7
:100CD00000F0C2F838B1FF2384F85830524845215B
:100CE00004F0DDFDFEE794F85830FF2BF6D004AA9F
:100CF0000021204604F06BFB87E79DF81770012F59
:100D000017D1104602F068FB831E022B05460DD852
:100D100039462046FFF73EFE444B1B68984205D0FB
:100D2000434B1D68A84214BF0525012584F858507F
:100D300083E701212046FFF72DFE3C4B1B689842BC
:100D40000CBF9DF81730052384F8583075E7052B44
:100D50007FF47FAF002000F095F811E004A9204651
:100D6000FFF79CFE94F85830DA1E012A14D80020B0
:100D700000F088F800287FF46CAF002000F06CF8D9
:100D800000287FF466AF94F85830FF2B07D126482F
:100D9000452104F084FDFEE7022BF4D1EDE70022AB
:100DA000012B244D039214D01146204604F00FFB72
:100DB00078B12D68102200210DEB020004F055FEE1
:100DC000E06C04F079FD206A04F076FD284609B055
:100DD000F0BD00212046FFF7DDFD144F3B6898422F
:100DE000E7D12B689842E4D0114B1B689842E0D0C1
:100DF000039B01330393039B012B00D0FEE7206A82
:100E000004F0F3F93071236A5B6834603D68B360C5
:100E1000D0E700BF0C0A0020297A00009A79000070
:100E2000E7790000557A00007F7A0000080600206C
:100E3000C0040020C404002038B5064D04466022DA
:100E40000021284604F011FE21462846FFF7ACFE9B
:100E500038BD00BF0C12002013B5094B01A913F8CF
:100E6000300000F097FE48B9019805F08FF804466D
:100E7000019804F021FD204602B010BD0124FAE7DC
:100E8000247500001FB50F4B01A913F8300000F0C6
:100E900081FEA8B9019802A902F048FA044668B98F
:100EA0009DF80B30032B03D1019805F03DF8044663
:100EB000019804F001FD204604B010BD0124F7E7BD
:100EC0000124F8E7247500002DE9F34106460C469D
:100ED00017461D460BB9002628E0184604F0F8FA1C
:100EE0000028F8D16946FFF71BFD009838B90124A6
:100EF000009804F0E1FC204602B0BDE8F08101A9B1
:100F000004F048FA0028F2D1009804F0D5FC3046ED
:100F1000019904F0C0FB736A5E686B79012B21D1E3
:100F2000002CD8D12B68834298BF00262146002090
:100F3000FFF7BEFA6946C0B200F02CFE0028D6D1F9
:100F4000009820233A46314604F0B7FC04460028B6
:100F5000CDD1002DCCD03C680D4BE41A18BF4FF01A
:100F6000FF34C5E7022BB6D12B68012B05D983428C
:100F7000B1D8B4FA84F46409ADE7ACD1002CD5D073
:100F8000012CA8D12C79023C18BF0124A3E700BF93
:100F90003DB8F3962DE9F04F074685B00C46014663
:100FA00000201646FFF7A6FC051E50DB3846E46D10
:100FB00004F0E5F95FFA84F96B1E09FB03084FF0B2
:100FC000000A4FF0010B4FF0FF349DB9BAF1010F49
:100FD00003DD2148452104F062FC631C06D07F2C10
:100FE0002ADC013440F201133460B380284605B096
:100FF000BDE8F08F6B1E00930DF10F0201234146F7
:10100000384604F05AFC031E019322DB01220DF145
:101010000F01384604F023FF019B40B15B4501D02E
:101020000AF1010A009DA8EB09089B46CDE7B4F13F
:10103000FF3F08BF2C46F5E70223803C7371631025
:1010400004F001040133013433603471CEE7072525
:10105000CCE70125CAE700BF8B7A000070B5866A2D
:10106000456D044604F006FBAE420AD06B1CB34249
:1010700007D0834205D01448572104F010FC00200B
:1010800070BD802E1CD911485721F6E7626A216D88
:1010900002EBC30201EBC30152684968914202D0DE
:1010A0000B485721E9E701339D42EFD1AE4205D904
:1010B000636A03EBC5035B689342F1D10120DFE76C
:1010C00000231A46F0E700BFAE7A0000E67A00007F
:1010D000157B000000B589B004A9022004F031FF9F
:1010E0009DF81020012A41D0254B2649032A08BF2C
:1010F0000B469DF8132002929DF8122001929DF854
:101100001120214800924921204A04F0C8FB06A979
:10111000062004F016FF9DF81820012A28D0184B4D
:101120001849032A08BF0B469DF81B2002929DF820
:101130001A2001929DF8192000921348144A49215F
:1011400004F0ADFB9DF81030012B13D19DF8123047
:10115000032B0FD19DF81830012B0BD00D484921DE
:1011600004F09DFB022009B05DF804FB0A4BC0E7C8
:10117000094BD9E70948492104F091FB0020F2E727
:10118000417B00004A7B00005E7B0000507B00003A
:101190009F7B0000AF7B0000457B0000CE7B000002
:1011A00070B54B6814461E4A03F0FF23934286B085
:1011B00006460D462FD10B68012B2CD104A92046E1
:1011C00002F0B4F89DF81020012A26D0154B1649DC
:1011D000032A08BF0B469DF8132002929DF81220A7
:1011E00001929DF8112000921048114A492104F003
:1011F00056FB9DF81030032B0DD12146304604F0EC
:10120000A8F9204604F090FEA968204604F0D0F822
:10121000204602F06BF806B070BD064BDBE700BF5E
:1012200000010004417B00004A7B00005E7B00005F
:101230009F7B0000457B00002DE9F04F164689B0EA
:1012400005460C467448492104F029FB31462846DE
:1012500004F021FA6B6A824620465E6804F038F991
:10126000E8B1E86D04F086F8AF6A0023013F33442B
:10127000834201D2013FFAE7BA4510D367485721AC
:1012800004F00DFB07FB06F365480AFB06625721D5
:1012900004F005FB0123E37109B0BDE8F08F06A956
:1012A000022000F077FC07A9062000F073FC079AE3
:1012B00021462846FFF774FF6379012B4BD1DFF8F5
:1012C00064B1574641E02268C2F1010353449F4292
:1012D0003AD86B6A196853F8370003EBC703012A41
:1012E00053F8083CA3EB0103A0EB0109049311D1CF
:1012F000079B0393E368022B08D04146284604F07D
:1013000028F922464146284604F059F9039928460F
:1013100004F01FF932464946404604F018F9049B90
:1013200042464146CDE900962846FFF7FBFB2146A1
:10133000284604F0DAF823680133236020B1DBF893
:1013400000300133CBF80030013FDDF81880002F6A
:10135000B9D101232360022363710127BA45DDF867
:10136000189006D2484604F0A7FA079804F0A4FAA9
:1013700092E723689F424DD36A6ADDF81CB052F8A9
:1013800037100491FB00083B11680391D1582A6D76
:10139000D0581368A0EB03082379012B38D1039BA5
:1013A0003246C91A4846059104F0D1F805990091D2
:1013B00043464A46594601962846FFF7B3FB214665
:1013C000284604F092F80223237118B1154A1368D5
:1013D0000133136032464146584604F0B8F8DDE95F
:1013E000032349469B1ACDE900865A462846FFF753
:1013F00099FB2146284604F078F8236801332360DE
:101400000123237130B1074A13680133136001E0EF
:10141000022BDFD00137A1E7E57B00000E7C000046
:101420003D7C00006C120020BFF36F8F72B6124B30
:101430004FF0FF32C3F88020C3F88420C3F888201F
:10144000C3F88C20C3F89020C3F89420C3F89820E8
:10145000C3F89C20C3F88021C3F88421C3F88821F5
:10146000C3F88C21C3F89021C3F89421C3F89821C4
:10147000C3F89C21704700BF00E100E01A4B70B533
:101480004FF0FF3401265E60C3F84843C3F80843B9
:1014900003F5C043154D5E60C3F84843C3F80843E5
:1014A00003F5983302205E60C3F84843C3F808434D
:1014B000C5F8084300F0A6FD00236E60C5F84C3166
:1014C000D5F84C21C5F81031D5F81021C5F84431B4
:1014D000D5F84421C5F80035054BC3F808454FF051
:1014E0008043C3F8084370BD00B0004000200040B6
:1014F00000F00140014B1B68184700BFC8040020E2
:10150000014B1860704700BFC804002007B50B46A8
:10151000002102460091034800F006F803B05DF890
:1015200004FB00BFF51400002DE9F04F8DB01D46FF
:10153000531E8246019103934FF00009039B587894
:10154000252803F1010419D11E4600204FF0FF3871
:10155000023603460290444631780396392954D81E
:101560001F2914D8002900F0EE8101992520D047C9
:1015700001993078D04709F10209DFE7002800F02F
:10158000E2810199D04709F101090394D6E7A1F15D
:101590002002192AE9D801A757F822F00516000001
:1015A0006B1500006B150000051600006B150000A0
:1015B000851600006B1500006B1500006B15000010
:1015C0006B150000D1160000051600006B15000019
:1015D000E5160000911600006B1500009F16000034
:1015E000BF160000BF160000BF160000BF160000A7
:1015F000BF160000BF160000BF160000BF16000097
:10160000BF16000008460136A6E7582900F0EB8017
:10161000A1F16302D7B2172FA7D8172AA5D801A71F
:1016200057F822F08D1800000B1700006B15000012
:101630006B1500006B150000EB1600000B17000087
:101640006B1500006B150000EB1600006B15000019
:101650006B1500006B150000C11700006B15000032
:101660006B150000611800006B1500000B170000DF
:101670006B1500006B150000C11700006B15000012
:10168000EB16000001992520D04709F1010955E723
:10169000029A02F0FE0202924FF00008B3E7002C1B
:1016A0000DDAB8F1000F0DDA029A002A00F043813A
:1016B00024EAE4740A2202FB0414303CA3E7B8F1E4
:1016C000000FF5DB0A2202FB0812A2F130089AE7AC
:1016D000B8F1000F55F8042B80F22F81002A80F218
:1016E0002E815442022202928DE7682903D1682B91
:1016F00006D1482387E76C2902D16C2B00F02181A9
:10170000002B7FF432AF0B467DE77A2B06D175298B
:1017100055F8046B14D14FF0000B0CE06C2BF6D095
:101720004C2BF4D1073525F007037529D3E9006B5D
:1017300003F1080506D120283BD1854F013C09E083
:101740004FEAE67BBBF1000FF5DA7642814F6BEB97
:101750004B0B013C0DF12D03059300230493304600
:1017600059460A220023FEF7B9FC059B303203F8E4
:10177000012DB4460593049B5A46BCF10A0F8B46D3
:1017800072F1000203F1FF3106460491E7D2C3F182
:10179000010B30330DEB0306B8F1000FA6F1040680
:1017A0006DDA029BD9077DD4A8EB0B03A4EB0B04E5
:1017B00013E02B280ABF684F684F04F1FF34C9E7D4
:1017C00070290FD155F8042B0023FAB9634F644EEA
:1017D000053C6FF004034FF0050B029A920770D49A
:1017E000A04666E078216C2B03D155F8042B00232A
:1017F00008E04C2BF9D1073525F007031D465B683F
:1018000055F8082B232825D1880621D5554F023CB1
:1018100001F06001A1F1390B0DF12D0E002602F04F
:101820000F01092988BF594430310EF8011D102AD3
:101830004FEA121141EA03714FEA131C73F10003DE
:1018400006F1FF3008D2C6F1010B06F13003A1E723
:10185000454FDCE7414FDBE706460A466346DEE7D5
:1018600055F8046B304604F0DEF8B8F1000F8346FB
:1018700002DB4045A8BFC346384F4FF00008A8EB35
:101880000B03002B92DDA4EB0804A6E755F8043BFC
:101890008DF81830314F013C4FF0FF334FF0010B02
:1018A00006AE9AE7A046EAE7029301992020D047C6
:1018B000029BB8F10108F7D524EAE472013C914497
:1018C000A41AB84606E0049302920199D047029AFE
:1018D000049B9046424612F8010B0028F3D11A46A9
:1018E000013A15D5002BACBFC7EB03077F425B461F
:1018F000013B15D5BBF1000FA8BF5F444F442646FE
:10190000013E14D5002CA8BF3F1907EB080915E6C6
:101910000493029201993020D047049B029ADFE79A
:101920000293019916F8010BD047029BE0E7019959
:101930002020D047E4E70122D5E6904663E614462E
:1019400061E64C235FE648460DB0BDE8F08F00BF6E
:101950007E7D00007C7D0000807D00008A7A000092
:10196000887D0000827D0000857D00002DE9F04724
:10197000058B04462807904611D4022905F0070577
:1019800040F0CC80204603F0B2FE78B10138218BC4
:10199000042811D8DFE800F0C2106D8595000129F8
:1019A0000CBF45F0100545F02005258388F311880C
:1019B000BFF36F8FBDE8F08701F0070AAA4500F07A
:1019C000A5800027B9463E46A368002B00F0BC80E6
:1019D00041F00801218388F31188BFF36F8FA1685C
:1019E000002900F0BA800D68002900F0B680D1F817
:1019F0000480334652462046C047002D76D02B68DF
:101A000029461D46F0E701F007035A1F012A1BD89B
:101A1000002221F00701062B276889B2C4E90022C1
:101A200009D13B4603E0628B013262831B68002BC5
:101A3000F9D141F002012183204603F058FE00282D
:101A40007AD041F0200176E0042B0AD121F0070181
:101A500089B22183204603F04AFE10B141F02001F3
:101A60002183218B01F0070AAA454FD00027B946F0
:101A7000AAE7236921F0070141F00601062DD3F8FA
:101A8000009021832DD1B9F1000F3FD041F0080122
:101A9000218388F31188BFF36F8F3A492046C847E6
:101AA00029E021F00701236941F0040189B2042DE6
:101AB000D3F804902183E6D000273E464FF0040A75
:101AC00082E721F00701236941F0050189B2052D64
:101AD000D3F808902183D6D000273E464FF0050A60
:101AE00072E700273E464FF0060A6DE72B4687E770
:101AF000B9F1000FD1D1EFF31188202383F31288BD
:101B0000BFF36F8F238B23F008032383258BEA0613
:101B10002ED525F01003238305F007056669218B78
:101B2000002EBFF670AF00232768C4E9003321F010
:101B3000070141F001012183218B01F0070AAA4529
:101B40004FF000097FF440AF002F9CD041F0080116
:101B5000218388F31188BFF36F8F002FC8D03D68B1
:101B6000394633465246204603F0EDFD2F46F4E752
:101B7000AB067FF51BAF25F02003238305F0070597
:101B800000E700BF73570000014B0360002070475F
:101B90003075000070B5114B1C680D46DCB1104B60
:101BA000196800238B4202DB6FF0010070BD2246F2
:101BB00012F8106B864202D001331446F2E7E06857
:101BC00010B96FF01200F1E705F059FB0028F8D0CA
:101BD0002C600020EAE76FF00C00E7E7CC0400205F
:101BE0003075000070B588B005460C46C0B2694635
:101BF0001646FFF7CFFF00281BDB0098C8B14368EB
:101C00000293836822680195CDE903360023CDE96C
:101C100006230593C56803F04FFE6DB128460849B9
:101C200001AA04F025F8079808B9059B236008B0BD
:101C300070BD6FF01500FAE76FF01200F7E700BF14
:101C40005B59000008B5054803F044FD044803F063
:101C500041FDBDE80840034803F03CBD8E7D000017
:101C6000BF7D0000F27D000030BFFFF7FDBF00BF69
:101C7000134B9A6A12F0007F9A6A14BF1E201D202F
:101C800012F0807F9A6A18BF1F2012F4002F9A6A00
:101C900018BF212012F4802F9A6A18BF222012F454
:101CA000003F9A6A18BF232012F4803F9A6A6FEAB5
:101CB00002426FEA12429A6218BF2420704700BFA6
:101CC00000ED00E010B5194B0246986A9C6A10F4CA
:101CD000805F14BF1720162014F4006F9C6A18BF91
:101CE0001820A40509D5986B986A000404D51AB188
:101CF0009A6A22F400429A6219200C4B9A6A12F4F2
:101D0000806F9A6A18BF1A20D2050CD49B6A13F40C
:101D1000005F18BF1C20054A936A43F47F43936217
:101D200000230B7010BD1B20F5E700BF00ED00E0A5
:101D300010B51C4B0246986A9C6A10F0100F14BF35
:101D40001120102014F0080F9C6A18BF1220A4075D
:101D500009D5586B986A000604D51AB19A6A22F020
:101D600080029A6213200F4B9A6A12F0010F9A6A4E
:101D700018BF142012F0200F9A6A18BF1520D4063D
:101D800058BF9B6A074B9A6A920642BF5A6A22F46E
:101D900000525A629A6A42F0FF029A6200230B7064
:101DA00010BD00BF00ED00E070B5444B5B688AB029
:101DB0000646C3F30803002585F31188BFF36F8F30
:101DC00002F07F40B0F17F4F11D102F00C000828E3
:101DD0000DD010074CBF0E4601250022033B8DF8A5
:101DE0000720032B05D8DFE803F01E5C60592E4660
:101DF000F3E700249DF807309BB92022314602A862
:101E000003F028FE099B002D53D0C3F3080222B92A
:101E10006FEA53236FEA4323099302A9204603F094
:101E2000BEFD0AB070BD254BDA6A9107E1D4DA6ACB
:101E3000002ADEDBDA6A5200DBD55A69B16942F466
:101E400080725A61BFF34F8FBFF36F8F5A6931F8B9
:101E5000021C22F480725A61BFF34F8FBFF36F8F61
:101E60004DF60272914209D09A6AD2B242B10DF196
:101E700007010120FFF75CFF0446BBE73468B9E7C0
:101E80009A6A12F47F4F05D00DF107010120FFF788
:101E900019FFF1E79B6AB3F5803FAAD3FFF7E8FE8D
:101EA000EAE70DF107010020E4E70DF1070100204A
:101EB000EDE723F4FF7323F00103ADE700ED00E04D
:101EC000044B5A6942F010025A615A6922F0080222
:101ED0005A61704700ED00E0EFF30880EFF30981ED
:101EE00001B57246FFF760FF01BD00BF002080F31F
:101EF0001488BFF36F8F02F085F900200D49086048
:101F0000BFF34F8F0C4880F3088800F02BF8202097
:101F100080F3118809484FF40061401880F3098864
:101F2000EFF314800221084380F31488BFF36F8F0E
:101F300000F0A2F894ED00E0285C0020282C00209E
:101F40000749D1F890200023C2F307221846934294
:101F500000DB7047C1F89830C1F8A0000133F6E704
:101F600000ED00E008B572B6002383F31388FFF795
:101F7000E7FF144B4FF0FF32C3F88020C3F88420F2
:101F8000C3F88820C3F88C20C3F89020C3F89420AD
:101F9000C3F89820C3F89C20C3F88021C3F884219B
:101FA000C3F88821C3F88C21C3F89021C3F8942189
:101FB000C3F89821C3F89C2162B6BFF34F8FBFF3DB
:101FC0006F8F08BD00E100E01EF0040F0CBFEFF3BF
:101FD0000880EFF30980816911F8021C0229FFD003
:101FE00001B503F0E2FC01BD40B2002807DB044A62
:101FF0004109012300F01F00834042F8213070475F
:1020000000E100E040B200280CDB4309064900F083
:102010001F0020330122824041F82320BFF34F8F5D
:10202000BFF36F8F704700BF00E100E0054B42092E
:1020300000F01F0053F82220012303FA00F01040A3
:10204000704700BF00E100E040B20028A8BF00F1E7
:10205000604001F10101B8BF064B4FEA4111ACBF2E
:1020600000F5614000F00F00C9B2B4BF195480F808
:102070000013704714ED00E00B4A08B50B4B22F03B
:102080007F029A60BFF34F8FBFF36F8FD3F8882022
:1020900022F47002C3F8882002F098FF02F0DEFFFD
:1020A00000F024F802F09EFF0000000000ED00E0C8
:1020B00080B50C4607461546064E86F309884FF054
:1020C000000005498847204629461A46B847034874
:1020D0008047FEE7285C0020CB590000D95900005A
:1020E000014B10221A61704700ED00E00448002304
:1020F0002021C2180133272B82F80013F9D1704731
:1021000000E100E008B5EFF30583064A103B02EB5F
:10211000C30152F8330049688847BDE8084003F01E
:102120004FBC00BFB8730000024B034A03480121B3
:1021300000F066B80000012000000020A475000037
:10214000084AC2F898000B6823F01F03034343F0CA
:102150001003C2F89C308B6843F00103C2F8A03032
:10216000704700BF00ED00E02DE9F043DFF860802C
:1021700085B00E461F4604464FF00009B14523DAEC
:102180006068D8B13FB1411E08421BD11F2819D940
:102190002368194216D12368019303F034FCA36825
:1021A00003430393D8F89050C5F30725D0B2013DFF
:1021B000A84207D801A9FFF7C3FF421C09F1010992
:1021C0000C34DBE76FF01502104605B0BDE8F08374
:1021D00000ED00E0044B0522C3F89420BFF34F8FBD
:1021E000BFF36F8F704700BF00ED00E0BFF35F8F5C
:1021F000024B0022C3F89420704700BF00ED00E0BE
:1022000010B5034C01232278FFF7AEFF207010BDFC
:10221000202C00202DE9F043534B544CD3F8903040
:102220002568C3F307239D4285B000F29A80FFF72B
:10223000DDFF00200C2685421AD14D4C4D4F2570F4
:102240006846FFF7A1FCDFF82081DFF82C910646F5
:102250000025AE4213D1237843490020D1F89020C5
:10226000C2F30722934276DBFFF7B4FF002042E07F
:10227000616806FB0011FFF763FF0130DBE70098A0
:1022800000EB05114FEA051CCB683B40B3F5000F8E
:1022900048D00AD8B3F5001F30D0B3F5800F36D040
:1022A000B3F5801F10D00135D3E7B3F1807F42D062
:1022B000B3F1007FF7D150F80C3088684A6803F01A
:1022C000A2FB40F4802009E050F80C3088684A688E
:1022D00003F099FB40F0885040F43020CDE9012311
:1022E0000390D8F890302078C3F30723013B98423D
:1022F0002AD96FF0150005B0BDE8F08350F80C3016
:1023000088684A6803F07FFB40EA0900E6E750F876
:102310000C3088684A6803F076FB40F0007040F4A7
:102320000030DBE750F80C3088684A6803F06BFB3C
:1023300040F08270D2E750F80C3088684A6803F0A9
:1023400062FB40F08870C9E701A9FFF7F9FE237826
:1023500001332370A7E7C1F89830C1F8A00001331A
:102360007CE74FF0FF30C6E700ED00E0B0750000FD
:10237000202C00200000F0FF00000811014B186025
:10238000704700BFD0040020044A0123C2F8403542
:102390004FF080420020C2F87835704700E00140DD
:1023A00020B1034B800143F001031847704700BF81
:1023B00000750000084B70B5C31A0D4607499B1005
:1023C000044659430648402203F064FB2B4601466D
:1023D0002046BDE87040184784120020B76DDBB678
:1023E0006873000073B50C4C0C4A4023041B009327
:1023F0000D460B460A49A41061430646094803F0FE
:1024000074FB011E05DA30462B4602B0BDE8704071
:10241000184702B070BD00BF84120020595B000055
:10242000B76DDBB668730000002270B50121044669
:102430001046FFF709FE0F4802F0C6F80E4B98420F
:1024400015D102F0D1F826690C49304603F09EF907
:1024500000280BDB012535642469084904F11C00C0
:1024600003F094F9002801DBE564002070BD6FF0F3
:102470000400FBE79D2500000000AD0BD0750000B7
:1024800010B5074C23782BB94FF4A57004F0F2FE79
:1024900001232370BDE81040002002F0B7B800BF50
:1024A000212C002010B5EFF31184202383F3128830
:1024B000BFF36F8F074A136823F00201DB07116037
:1024C00002D4012004F0F8FD84F31188BFF36F8F6C
:1024D00010BD00BFD412002030B4104B0C2202FB00
:1024E000003301460020D3E90E529863EFF31180C8
:1024F000202484F31288BFF36F8F1C6C04F0C00497
:1025000044F002041C6480F31188BFF36F8F1DB187
:102510002B46034830BC184730BC7047841200205B
:102520006873000010B4EFF31182202383F3128844
:10253000BFF36F8F1748016841F002040460C807B9
:1025400007D482F31188BFF36F8F012010BC02F013
:102550005DB84FF08041D1F80C04D1F80C14C907D4
:10256000EFD5EFF3118083F31288BFF36F8F0A4921
:102570000B6C03F0C00343F002030B6480F311887B
:10258000BFF36F8F82F31188BFF36F8F002010BCF1
:10259000FFF7A2BFD41200208412002010B101283E
:1025A00004D07047034B1B6C5B0701D1FFF794BF4E
:1025B000704700BF841200202DE9F8433649BFF36D
:1025C0005B8F0746012251E8003F41E800200028C8
:1025D000F9D1BFF35B8F33B9304931484B60CB60E1
:1025E0008A6003F0E6F87B1E012B2DD8012F07D15E
:1025F0004FF08043D3F81C3403F00303012B23D0A6
:1026000004F07FFE054608BB264B1B78F3B14FF064
:1026100080430222C3F808230646DFF88C904FF06F
:1026200080444FF00108D4F81824D4F81834D203A9
:1026300015D503F00303012B01D0012F0FD125B3D2
:1026400086F31188BFF36F8FBDE8F883EFF311862F
:10265000202383F31288BFF36F8F0125DDE7304617
:1026600003F0C2F9D4F81835002BDCD1D4F80421DA
:10267000002AD8D0C4F80431D4F80431C4F818853D
:10268000C9F88081C4F80880CDE74FF0804302226A
:10269000C3F80423D8E700BF801200207012002086
:1026A000A0120020232C002000E100E010B5044C13
:1026B0002046FEF725FF2046FFF760FE002010BDF4
:1026C000C526000073B50C4E8DF80700044603259F
:1026D00001220DF10701002002F02EFC20B10123A0
:1026E0003370204602B070BD3378002BF9D0013D25
:1026F000EED13570F5E700BF222C002008B5074861
:1027000004F0BDFD38B10648FFF738FE0448FEF777
:10271000F7FE002008BD6FF01200FBE79073000089
:10272000252700000A2838B5074D044604D1AB68B8
:102730000D215B6828469847AB6803485B68E1B2A7
:102740009847204638BD00BF90730000024B0B60D5
:1027500001231360704700BFD81200200048704763
:102760002476000010B504F027FD034C206004F02F
:102770001FFD6060002010BDD8120020F8B50E4685
:102780003046194617461D4603F0F2F9B8B146EA3D
:10279000050414F0030412D14DB12B19032BA6EB41
:1027A000040006D8074AD2F80034DB07FBD5002026
:1027B000F8BD3B1B043C196802F050FBEDE76FF0DD
:1027C0001500F5E700E0014038B545682B69B3B165
:1027D0001035284602F006FA044680B9014628461C
:1027E00002F0CCF9084B98420BD108492246284602
:1027F00002F0ACF9224605210620FFF725FC002057
:1028000038BD6FF00400FBE70000AD0B112800009D
:10281000430970B507D10B4B596821B101250C68EC
:10282000094E854001B970BD8A682A4002D04B68C4
:10283000304698471CB1236821461C46F2E72346E0
:10284000FAE700BFE01200207C7300002DE9F0439E
:10285000476840F20636D0063B7B87B002EA0606A0
:1028600054BFC2F34010032001F01F05B6F5837F6B
:10287000144645EA43158DF8030043D00FD8062EC1
:1028800018D007D8B6B1022E3ED06FF0150007B0B1
:10289000BDE8F083B6F5807FF7D101260AE040F26B
:1028A0000222964232D0B6F5407F31D0B6F5007F95
:1028B000EBD102260123220303FA01F12AD57B681A
:1028C000C3F808153B695BBB05F01F026D0974D1A5
:1028D000920002F1A04284F48031D2F80037C1F3B3
:1028E0000041C4F3404423F4E16344EA410423F08B
:1028F00007031C4344EA800444EA0624C2F8004764
:102900000020C4E70726D5E70426D3E70526D1E74C
:102910000326CFE7630344BF7B68C3F80C15D1E7F8
:1029200010370DF102022946384602F015F914F469
:10293000403F80460CD12946384604F02FFC214BFD
:102940009845DDD19DF80210384602F055F9D7E7D9
:1029500001AB4FF0000903AA29463846CDE90439F6
:10296000CDE90199CDF80C9001F0CAFF154B9842C2
:102970008BD114F4003315D09DF803308DF80E3050
:1029800084F48034C4F300444B4603AA29463846F5
:102990008DF80C608DF80D4002F062F8094B9842FA
:1029A000CDD072E7CDE9043303AA0DF10303294624
:1029B0003846039301F0A4FFF0E702F5E07253F804
:1029C0002230FFDE0000AD0BF0B54068057B01F062
:1029D0001F0444EA4514056987B0002D60D0B2F5A4
:1029E000001F00F1100506D12146284604F0D8FB4F
:1029F000002007B0F0BD01AE0027B2F5800F0197AF
:102A0000776038D1B3F1007F14BF052304238DF81C
:102A100004300023CDE904630393836823FA01F1B2
:102A200011F0010119D1B2F1A07F16D104F01F03FA
:102A3000620903F5E07339D14FF0A04252F8233018
:102A4000DB070AD40DF1030632462146284602F080
:102A500083F8184B984219D0029603AA21462846BB
:102A600001F04EFF144B98421DD101222146284609
:102A700002F0CEF8BCE7B3F1C06F05D0B3F1007F30
:102A800014BF01230223C2E70323C0E731462846CF
:102A900002F0B8F8084B9842DED06FF00B00A8E7C0
:102AA0006FF08500A5E76FF01500A2E751F823301D
:102AB000FFDE00BF0400AD0B0000AD0B2DE9F043BD
:102AC0005B4E5C4F00EB810140F2FF15814202D169
:102AD0000020BDE8F083046814F4804FC4F3C32CD5
:102AE000C4F3080340F09080240E16F80CC0AB42EB
:102AF00008BF4FF0FF33192C00F28980DFE804F0A3
:102B00000D13191C1F251C878787873663878787C6
:102B1000878787878787667B7E81C2F80C355C1C38
:102B20005ED10430D2E7C2F814355C1CF9D0002421
:102B30005FE0C2F80835F2E7C2F81035F5E75C1C33
:102B4000C2F80835EDD0002404E05C1CC2F80C3556
:102B5000E7D001245FEA531E5CD14FF001084FF02B
:102B6000A04E08FA03F9CEF80C950AE0C2F8083531
:102B7000BCF1000FD9D15C1CD3D00024A0464FF08B
:102B8000060CD0F8009009F4004EBEF1000F1CBFF7
:102B90004FF00008012403F01F0E5B0942D14FEAF9
:102BA0008E0E0EF1A04EC9F34129DEF800373B40EE
:102BB00043EA890343EA0C2343EA080343EA440354
:102BC000CEF80037ADE7C2F80C35D1E7C2F8603572
:102BD000B3F1FF3F0468A4D0C4F30044002CB8D084
:102BE0005C091BD101244FF0A04E04FA03F8CEF883
:102BF0000885A046C5E7C2F86435E9E7C2F868353C
:102C0000E6E7C2F86C35E3E76FF0150061E76FF0B7
:102C100085005EE70023C3F80C35FFDE0023C3F810
:102C20000835FAE70EF5E07E002353F82E30F4E77E
:102C3000727E0000F0F8FCFF074BD3F8082142B188
:102C40000020C3F80801D3F80821D3F818350B7019
:102C500070474FF0FF30704700200040024BD3F820
:102C60008004C3F88004704700200040F8B50E4689
:102C700004F047FB1A4D78BB64240127BFF35B8F38
:102C800055E8003F002B03D145E80072002AF7D138
:102C9000BFF35B8F07D04FF47A70013C04F0EAFA7F
:102CA00014F0FF04EAD10F4C0023C4F81C31D4F80F
:102CB0001C310123A360C4F81C654FF47A76D4F864
:102CC0001C3123B9012004F0F5F9013EF7D10123AD
:102CD000E36000232B60F8BD01232B60E3E700BF16
:102CE000EC1200200020004073B5594A4368046983
:102CF0000021C2F800151E68054601AA304603F0FF
:102D000038F80028C0F28180019B32681979186870
:102D1000FFF7D4FE002878DB6379012B1CD1A3795F
:102D2000032B19D1E379BBB9217911B1022913D150
:102D30000E212368B3F5164F69D02BD8B3F5165F73
:102D400067D014D8B3F5966F65D008D8B3F5967FE1
:102D500064D0B3F5167F64D06FF0850055E0B3F50D
:102D6000166F61D0B3F5965FF6D13A4B39E0B3F503
:102D7000E14F5CD007D8B3F5615F5AD0B3F5964FF9
:102D8000EAD1354B2DE047F612229342E4D14FF4BD
:102D9000000326E0B3F5613F4ED011D8B3F5963F5E
:102DA0004CD008D84DF6C022934249D0B3F5614FBC
:102DB000D2D12A4B15E0B3F5E13FCDD1284B10E03D
:102DC000B3F5612F3FD007D8264A93423DD0B3F5E3
:102DD000E12FC1D1244B04E0244A9342BCD14FF0EF
:102DE00080531B4A2D69C2F82435C2F86C1594E84B
:102DF000030085E8030004230020C2F80035C2F870
:102E00000801D2F808310123136002B070BD184BDD
:102E1000E7E7184BE5E74FF49E23E2E74FF4A033D2
:102E2000DFE74FF41C33DCE74FF41D23D9E7124BE7
:102E3000D7E74FF46C13D4E7104BD2E7104BD0E731
:102E40004FF46503CDE70F4BCBE74FF08063C8E746
:102E50000020004000B0130000A04E0000F0EB0086
:102E600000E0D70190D0030000705F0740420F00E0
:102E700000509D000050270000F0750000B0AF0327
:102E800000903A0100D0BE0E70B5012383400E4A77
:102E9000BFF35B8FDC4352E8001F01EA040542E800
:102EA0000056002EF7D1BFF35B8F4FF48032824083
:102EB0000648C0F80823BFF35F8FBFF36F8F0B4244
:102EC00014BF0120002070BDF4120020001001404A
:102ED00070B40E49D1E90034D01AC31844F100048B
:102EE00022F07F46C1E90034A6F50013B3F5400F88
:102EF00009D2074B1B681A0A1B069C19054B42F1A5
:102F00000005C3E9004570BC02F008B97005002057
:102F1000F81200207805002011B3BFF35B8F012366
:102F2000104A834052E800CF4CEA030C42E800C14B
:102F30000029F7D1BFF35B8F0B4A4FF480338340F6
:102F4000C2F80433094BBFF35B8F1B68BFF35B8F81
:102F5000C340DB0742BF064B4FF40032C3F80021E9
:102F6000704700BFF412002000100140F012002052
:102F700000E100E00D4B1868010A0006BFF35F8F07
:102F80000B4BD3F80435181841F10001B3F5801F3D
:102F90000AD2084BD3E90023904271EB030303D21A
:102FA00010F1807041F10001704700BFF81200205D
:102FB00000100140780500202DE9F04F85B016463D
:102FC0001F469DF840A00446FFF75EFF0190FFF703
:102FD000D1FFB04271EB070354D23E4B301A67EB7E
:102FE0000101984271F100014FD23B4B03EB0413F6
:102FF000D3E902239F4208BF96425ED037494FF47F
:10300000803804F1500508FA04F8AD00C1F848838F
:103010002046ADB202F0C0FE26F07F4B05F18045A0
:1030200004F5A87305F58835DC464FF003090293D3
:10303000029A2CF07F4341F82230C1F84483D1F842
:103040000435274A6FF00200C01A604420F07F4028
:10305000904232D9286868B1D1F804350393A3EBC4
:103060000B0020F07F40B0F5000F26D9204602F07B
:1030700093FE039BBAF1000F07D109EB030C09F192
:103080000109D5E7BAF1000F09D06FF01505204608
:103090000199FFF741FF284605B0BDE8F08F0123F5
:1030A000104ABFF35B8FA34052E8000F184342E879
:1030B00000010029F8D1BFF35B8F07490E98230167
:1030C00001EB0412C8500F9B5360C2E90267002550
:1030D000DDE700BF01008000600500200010014016
:1030E000FDFF7F00F01200207FB51C4C1C4BC4F884
:1030F0000833C4F848331B4B00254FF0FF304FF026
:10310000FF31C4F80855C3E902014FF48033C4F815
:103110000433154B02264FF400320121C4F8046336
:103120001120C3F880212A46FEF78EFF1120FEF7FA
:103130005BFF0E4A0123A360236013600C4B0D4A12
:103140000093CDE9015500232846FFF735FF3046AF
:10315000FFF732FA284604B070BD00BF00100140EE
:1031600003000F006005002000E100E0F4120020E1
:10317000D12E0000FFFF7F002DE9F7432F4CD4F83C
:10318000043399070BD5D4F8043143B12C4A0023FA
:10319000C4F80431D4F80431136801331360D4F84F
:1031A0000433DA0329D5BFF35B8F264B53E8002F96
:1031B00022F0010143E800100028F7D1BFF35B8F34
:1031C000D30702D4D4F84031BBB10025C4F8405134
:1031D000D4F84031FFF7CEFEEFF31182202383F3C2
:1031E0001288BFF36F8F184BD3E90267B042B94121
:1031F00006D282F31188BFF36F8F03B0BDE8F0836E
:103200004FF0FF384FF0FF39C3E90289D3E90010CE
:103210001D604FF48033C4F84833C4F84051D4F8EB
:10322000403182F31188BFF36F8F0029E5D0009001
:1032300032463B4628468847DFE700BF0010014082
:10324000F8120020F01200206005002030B5431C69
:10325000124C85B005D08442A8BF0446012CB8BFEB
:103260000124FFF787FE0E4B0C4DD3E90013401AE3
:10327000B0F5000F10D22218AA4228BF2A465218D1
:103280004FF0000007490091CDE9010043F1000330
:10329000FFF792FE05B030BD2A46F0E7FFFF7F0042
:1032A00070050020D12E000008B5FFF763FE024B29
:1032B0001B68C01A08BD00BF7005002010B5084C7F
:1032C000012363601120FEF79DFE064BC4F808330E
:1032D000C4F84833044B4FF40032C3F8802110BDCA
:1032E0000010014003000F0000E100E030B58168EC
:1032F00085B0103921F00704054602F027FB1022A3
:103300000146684602F0B1FB07491022684602F008
:10331000A1FB10236A462146284602F0E3FA003852
:1033200018BF012005B030BDD277000030B50D4682
:10333000816887B0102302AA1039044602F0BDFA52
:10334000002802DA012007B030BD102202A9204671
:1033500002F085FD00283AD11E49102202A802F091
:1033600069FB00280CBF012302232B70204602F0CA
:1033700062FD012301460DF10702204602F09DFA8D
:103380000028DFDB9DF8073003F00F021B096A708D
:103390002B7101220DF10701204602F060FD10B9EA
:1033A0006B78042B03D901236B7000232B71A26867
:1033B000183A22F00702083AA91C204602F062FDE2
:1033C0000028BFD1E91C204602F0B5FDBBE703236E
:1033D000CBE700BFD2770000F0B5354F460085B08F
:1033E0000546694657F8260002F0ABFD044610B1C9
:1033F000FF2005B0F0BD013602A957F8260002F003
:10340000A0FD012837D12B482A46492102F047FA6E
:10341000294B02938DF80C409DF800609DF80870D0
:10342000264C00222078314602F00BFD50B3607824
:10343000394602F006FD28B3A378042B03D09DF88B
:10344000031099421ED1E378042B03D09DF80B1092
:10345000994217D12379042B10D16279022A1DD108
:10346000174B18482A46492102F019FA6079831E41
:10347000022BBED9BCE70028CED0B9E79DF80210D8
:103480009942EAD00132032A04F10604CAD10E4857
:103490002A46492102F003FA0120AAE7032A05D0AF
:1034A0000A4B0B49042A08BF0B46DAE7094BD8E759
:1034B00094760000AB7E000003010303407F000010
:1034C0008D7E0000F67E00001A7F0000927E0000D4
:1034D000A47E0000887E0000044B1B68584043080F
:1034E0005B4240421843C017704700BFFC120020E7
:1034F0008842F0B504D0094F04380025AA4200D113
:10350000F0BD3E6850F8044F5E4024EA060451F8CE
:1035100025601E40344304600135EFE7FC120020B3
:103520002DE9F04F8DB01D46189B179F1A9E0592EE
:10353000B3F12A3F83468A4640F08D80394616987B
:1035400002F087FD012838BF0120470900F01F0461
:103550007B01502B4FF0010934BF4B4603230A93E4
:1035600009FA03F30B930A9B059805FA03F306EB9C
:103570008303069303EB8503079302F042FF4FEAB0
:103580008508089042460021304602F06EFA079BFB
:10359000C6F800900393089B199ACDE90153059B47
:1035A000009331462B46304606EB080902F03AFFFD
:1035B00051464246484602F04DFA022349460993D5
:1035C0000B9B099A934248D142463146584602F035
:1035D00041FA4FF00009CA46079B0393089BCDE9C7
:1035E0000153059B00935A462B465946584602F014
:1035F00019FF002C47D1013F1F24169B53F8273099
:10360000E34003F0010343EA49090A9B0AF1010A76
:10361000534503D0002CDFD1002FDDD1189BB3F12F
:103620002A3F32D10698424609FB086102F012FA9D
:10363000079B0393089B069ACDE90153059B0093D2
:1036400059462B46584602F0EDFE002CC1D1BFB9B9
:103650000DB0BDE8F08F00247AE7079B0393089B29
:1036600001EB080ACDE90153059B00934A462B461E
:10367000504602F0D7FE099B0133099351469FE75C
:10368000A146A246A8E7013CB7E731464FF0000A41
:103690000A4B18681B68584080EA090080EA0A0053
:1036A000FFF71AFF2A46C3430698FFF721FF099B3D
:1036B0000AF1010A53454144EAD1B9E7FC1200205E
:1036C000054B1B68013143400132084022EA0302E6
:1036D0000243501E00B27047FC1200202DE9F04F4B
:1036E00099B083460F46184600211646039303F00F
:1036F0000AF9002800F08981784B149300240125F1
:1037000015AB039913933046CDE90B45CDE90D4533
:10371000CDE90F45CDE9114503F07EF8A04228DA46
:10372000BBF1000F05D1E7B90024204619B0BDE870
:10373000F08F2146584602F0F7FF04460028F2D0E9
:103740000BA802F03EFF0DA802F03BFF0FA802F00D
:1037500038FF11A802F035FF0C2115A800F038FB46
:10376000E3E73146384602F0AAFF04460028E7D1D5
:10377000DAE731460BA802F0A2FF04460028DFD1A9
:1037800003990DA802F09BFF04460028D8D1F188C8
:10379000ADF8385002310FA8ADF8305002F01FFFDD
:1037A00004460028CCD101460FA802F0BDFF044614
:1037B0000028C5D1F18811A8023102F010FF04469B
:1037C0000028BDD10DA802F0DBFF00F01F001F286C
:1037D00073D0C0F11F0319460BA8019302F0F6FF46
:1037E00004460028ACD101990DA802F0EFFF044671
:1037F0000028A5D1BDF83250BDF83A80A5EB080AE3
:103800004FEA4A1949460DA802F0E0FF0446002895
:1038100096D14FEA8A0A0DA90BA803F02CF80028CC
:103820004DDA49460DA802F0EEFF0446002887D184
:1038300008F1FF3305939B0005F1FF3A069305F16C
:10384000804508F18043023B013D9B00A5EB080544
:103850000893AB000293059B9A4541D8BBF1000F3A
:103860000DD00FA9584602F02AFF002840F0C98069
:10387000039AB388928813FB02F3ABF80430002F4D
:103880003FF45EAF01990BA802F0BDFF002840F0A5
:10389000B880B388ADF830300BA9384602F00FFF7E
:1038A0000146002840F0AF80384603F02CF800288D
:1038B0007FF446AF0123BB8042E701949AE70F9A59
:1038C00052F80A300BA9013342F80A3008460DAA13
:1038D00003F0FFF8044600289DD031E70100030003
:1038E0000D9B069A04931344DDF82C900793049BD8
:1038F00059F82A109A580F9D4FEA8A08A8F1040334
:103900000993029B91421D4476D2A8F10400002342
:1039100059F80000FCF7E2FB002914BF4FF0FF3319
:103920000346BAF1010F2B6016BF09EB0803002311
:1039300053F8083C1593A8F1040359F80330169383
:1039400059F8083017932B68DDF8108001332B608D
:10395000089B98442B68013B2B60002111A802F0C2
:10396000E3FE00284DD1059B002B48D0D8F800205D
:10397000119B1A60079A12685A6011A92A680846B2
:1039800003F0ABF800283CD113A911A802F073FF93
:103990000028DFDC2A680DA911A803F09EF880BB7F
:1039A000029B4FEAC308414611A802F00FFF40BB3B
:1039B0000BA9084611AA03F08CF8014618BB0BA806
:1039C00002F0A1FF002812DA0DA911A802F077FE7B
:1039D000B8B9414611A802F0F9FE90B90BA911AA95
:1039E000084603F073F860B92B68013B2B60029B1B
:1039F0000AF1FF3A043B2DE74FF0FF3391E7059AB8
:103A0000B6E704469CE60C469AE66FF00B048CE69B
:103A10002DE9F74F90461F4A1568454006460F4668
:103A2000ED43002B14BF9A468A4600240C9B04F1F8
:103A300004094B4505D20C9B9C4220D303B0BDE842
:103A4000F08F042208EB04010DEB020002F002F8F3
:103A5000019A06EA020B04220AEB04010DEB0200B4
:103A600001F0F8FF019A2A4042EA0B020192042277
:103A700038190DEB020101F0EDFF4C46D6E718F8BE
:103A800004301AF8042033402A4013433B550134D4
:103A9000D1E700BFFC120020082804D00928034801
:103AA00018BF002070470248704700BF527F0000D7
:103AB000557F000001680E4A9142034615D1C16945
:103AC000A2F11022A2F1EF1291420ED18268012AD6
:103AD0000BD8C26812B101698A4206D0586928B170
:103AE0009B691B1A5842584170470120704700BF1C
:103AF00055AA00FF70B50D4B9E68A6B13046FFF782
:103B0000D9FF044678B9F3686BB935690DB9204619
:103B100070BD2846FFF7CEFF28B9EB68B34202D14B
:103B20002E462D69F2E70124F1E700BF00130020C3
:103B30002DE9F8433F4F3C68D4B1BC68C4B10028BC
:103B40004AD0002948D001FB00F5B5FBF0F08842CF
:103B500042D1281D40D8A9070DD025F00306043610
:103B6000FC6803E06368B34238D2A469002CF9D141
:103B70002046BDE8F8832E46F2E7FB6041E006F1FF
:103B800020016318203A5A600022C3E902242A481F
:103B900022691A6160502949D96102B1D360626912
:103BA0005A61A1699961AAB193619A6902B153619D
:103BB0004FF00109C4E9016923610023C4E9053319
:103BC0003B69DB072ED5FFF795FF58B31C4B4846E2
:103BD0001B6826E0FB60E8E70024C9E7A3681BB187
:103BE000174B01201B6898476268921B232A04F137
:103BF0002008C4D80123A360D4E90523002ABCD03F
:103C00009361A3690BB162695A610023C4E905336A
:103C10003B69DA0706D5FFF76DFF18B1084B1B6843
:103C2000012098472A4600214046444601F01DFFE6
:103C30009EE700BF0013002055AA00FF669911EE11
:103C4000E004002070B50546002800F08880444E4E
:103C50003368002B00F08380B268002A7FD0834253
:103C600003D872681344984203D33E4B01201B686B
:103C70009847A5F120042046FFF71CFF18B1394BE7
:103C800001201B68984755F8183C012B03D0354B91
:103C900001201B689847002345F8183C55F8143C50
:103CA0003BB39A682ABB55F81C2C02F120015A68D4
:103CB0000A445A6055E905321A6155F8145C2B69BB
:103CC00003B1DD6020220021204601F0CEFE2869EC
:103CD00010B18368002B2ED033699B073FD5FFF7C7
:103CE00009FF00283BD01F4BBDE870401B68012036
:103CF000184755F8100C00282AD0836843BB426847
:103D0000636813442033636003692361D4E90523A6
:103D10009AB9CBB9436963618269A261B3B19C610D
:103D2000A36903B15C61236903B1DC602022002137
:103D300001F09BFED0E72C46E1E79361A369002BDD
:103D4000E8D062695A61E5E7F360F7E7F460E7E716
:103D5000F36845F8083C03B15C61F460BCE770BDF2
:103D600000130020E004002038B514220C4605465C
:103D70000021134801F079FE1249134800F040F881
:103D8000232C1CD915F003031FBF043CE418C3F116
:103D90000403ED1822460021284601F066FE084B78
:103DA0000A499D60C3E90054203C6C609A68116028
:103DB0009A68DA60A1F11021A1F1EF11D16138BD4B
:103DC00000130020453C0000313B000055AA00FFD5
:103DD00010B50A46044619B1024B00211B689847EA
:103DE00010BD00BFDC040020014B1B68184700BF5A
:103DF000E8040020014B1B68184700BFE4040020C2
:103E0000024B1860024B002019607047E804002044
:103E1000E4040020F8B500F108064768044630467F
:103E20000D4602F0B1FC87424BD16368B3F5807F49
:103E300047D80021304602F066FD002841DD002110
:103E4000304602F08DFCE0B345B9294604F110007C
:103E500002F059FD002834DD0020F8BD04F12005F2
:103E60000021284602F04FFD00282ADD00212846C7
:103E700002F076FC28B304F128050021284602F060
:103E800042FD00281DDD0021284602F069FCC0B17A
:103E9000002104F1100002F036FD002811DD0021A0
:103EA00004F1300002F02FFD00280ADD002104F1AA
:103EB000380002F028FD002803DD002104F1400055
:103EC000C6E70148C9E700BF80BFFFFF012938B539
:103ED0000546144601D0074838BD22B90123C5E97B
:103EE0001C340020F8E71046FFF7D6FD0028F5D176
:103EF000F1E700BF00BFFFFF70B500210446FFF7E8
:103F000089FF054610B10E4D284670BD04F1080624
:103F1000304602F035FC7F28F5D91034294620467A
:103F200002F01EFC0028EED0204602F029FC0128F9
:103F3000E9D93146204602F09EFC0028E4DBE2E7A6
:103F400000BEFFFFF0B50C4685B0002105461646C1
:103F5000FFF760FF002839D102A802F02DFB2146AF
:103F60006A6802A802F016FC044618B102A802F022
:103F700028FB0CE005F10804214602A802F07BFCB6
:103F8000002807DB02A802F01CFB6FF00304A4F575
:103F9000854418E005F1480302A96F68009305F114
:103FA00010022346084602F0E8FE04460028DDD150
:103FB0003A46314602A802F003FC044602A802F089
:103FC00000FB002CE3D1204605B0F0BD004CFAE721
:103FD00080BFFFFF01292DE9F041034641D8224A65
:103FE000224F2348234E244D244C9966002918BFA4
:103FF0009046234A18BF964602F1794202F57402B0
:1040000002F5016218BF94461E4A18BF17461E4AA1
:1040100018BF164602F1D14208BF804602F5C01211
:104020001A4802F51E620CBF864615461848194A02
:104030000CBF844614461848A2F11162A2F50C2266
:10404000A2F28E2218BF02460020C3E91000C3E985
:10405000128EC3E914C7C3E91665C3E91842BDE867
:10406000F0816FF07300FAE7D89E05C13AF54FA5CD
:1040700067E6096A7F520E518C68059BABD9831F96
:1040800007D57C3639590EF7310BC0FF85AE67BBBB
:1040900072F36E3CA78FF964A44FFABE2DE9F04F7E
:1040A000CFB000F1640300F144070DF58A79009365
:1040B00001914A463B4653F8041F42F8041F0099F9
:1040C0009942F8D104ADDFF800A14FF000082C466A
:1040D000B8F10F0F61D8019B042203EB880103A8FC
:1040E00001F0B8FC039802F0E8FEA860D4E9476349
:1040F000D4F818C15AF8041B73404FEAFC22D4F8D4
:10410000206182EABC1203EA0C0382EA7C627340FB
:104110001344D4F82421D4F8106113440B44D4E997
:10412000421E034441EA0E024FEA713080EAB100B8
:10413000324001EA0E0B80EAB15042EA0B0202441F
:10414000D4F81401626018441344D4F82021C4F850
:10415000242108F10108D4F81C212360B8F1400F94
:10416000C4E947C2C4E944E6C4E94231C4F81801CD
:1041700005F10405ACD157F8043F59F8042F134456
:104180003B60009BBB42F6D104A84FF49471FFF74B
:104190001FFE00204FB0BDE8F08F2B6855F8382C7B
:1041A00055F8341C4FEAF34080EA734080EA9320CC
:1041B00055F8143C134418444FEAB14383EAF11311
:1041C00083EAD103184490E79C7600004FF07043D7
:1041D00093F8E02F062A09D1D3F8E83FC3F303137D
:1041E000033B042B02D8024AD05C70470020704782
:1041F000677F0000024AD2F80034002BFBD07047E2
:1042000000E0014010B502F046FF40B14FF080538E
:104210008E4AD3F82433C3F30423C2F84035FFF7A2
:10422000D5FF10B18A4B8B4A5A6702F034FF48B170
:104230004FF080534FF08042D3F84432C3F34233FF
:10424000C2F83C35FFF7C2FF30B1834AD2F8FC30E8
:1042500023F08073C2F8FC3002F01DFF40B14FF034
:1042600080430022C3F80C21C3F81021C3F838257D
:10427000FFF7ACFF20B14FF080430322C3F8A02525
:10428000FFF7A4FF60B1754B0522C3F81026012289
:10429000C3F888260022C3F818263F22C3F8142644
:1042A0004FF08053D3F83021511C09BF4FF07043B9
:1042B000D3F8343193F8E02FD3F8E83F08BFC3F3C5
:1042C0000313062A4DD1033B042B03D8644AD35C65
:1042D000002B46D04FF08052624BD2F80414C3F842
:1042E0002015D2F80814C3F82415D2F80C14C3F81A
:1042F0002815D2F81014C3F82C15D2F81414C3F8EA
:104300003015D2F81814C3F83415D2F81C14C3F8B9
:104310004015D2F82014C3F84415D2F82414C3F879
:104320004815D2F82814C3F84C15D2F82C14C3F849
:104330005015D2F83014C3F85415D2F83414C3F819
:104340006015D2F83814C3F86415D2F83C14C3F8D9
:104350006815D2F84014C3F86C15D2F84424C3F899
:10436000702502F098FE48B14FF080534FF0804224
:10437000D3F8583203F04F03C2F8E43E02F08BFE4C
:1043800048B14FF08043D3F80024D20744BF6FF008
:104390000102C3F800244FF08053D3F83021062ADD
:1043A00026D1D3F83431033B042B02D82E4AD35CF8
:1043B00063B12E4AD2F83C3743F48063C2F83C37ED
:1043C0004FF08053D3F83031062B11D14FF080538A
:1043D000D3F83431033B042B02D8254AD35C3BB1DC
:1043E0004FF01023D3F808224FF08043C3F858252C
:1043F0004FF01023D3F80022002A03DBD3F8043255
:10440000002B22DA1B4901234FF01020C1F804359C
:104410001524FFF7EFFEC0F80042FFF7EBFEC0F8EF
:104420000442FFF7E7FE0023C1F80435FFF7E2FE80
:10443000BFF34F8F0849104BCA6802F4E062134380
:10444000CB60BFF34F8F00BFFDE710BD00300140D0
:1044500000C007400DF0ADBA00ED00E00050004094
:10446000627F000000C000405D7F0000001000403F
:10447000587F000000E001400400FA0530B50468F0
:10448000CCB1BFF35B8FB4FA84F3C3F11F03DBB28B
:1044900001229A4024EA020250E8005FA54204D1BA
:1044A00040E8002CBCF1000FF6D1BFF35B8FE6D1E2
:1044B00002480B7030BD0248FCE700BF0000AD0BA6
:1044C0000200AD0B10B50368CB40DB0714D4012309
:1044D0008B400268BFF35B8F43EA020150E8004F54
:1044E000944204D140E8001CBCF1000FF6D1BFF3A8
:1044F0005B8FEED1014810BD0148FCE70000AD0B19
:104500000400AD0BF7B5044618B1012823D003B061
:10451000F0BD4FF080430222C3F808230122DA6085
:10452000C3F80401D3F80431064601238DF807309F
:1045300042F210754FF08047D4B1012CE7D1D7F883
:104540000C3403F48033AEBB83B3012002F0B2FD20
:10455000013DF4D12AE04FF080430022C3F8080364
:104560005860C3F80021D3F800310DF10706DCE7ED
:10457000D7F8183403F480333EB9002BC7D001209C
:1045800002F098FD013DF3D1C1E7D7F8182402F0FD
:1045900003023260002BBAD09DF80700012803D136
:1045A00002F088FD013DC7D1012CB0D1054B00229E
:1045B0005A71ACE7D7F80C2402F001023270002BDC
:1045C000EAD1F3E714130020044B1A7922B901222F
:1045D00018609A8002487047024870471413002000
:1045E0000000AD0B0C00AD0B08B5074B1B682BB1E1
:1045F0000020FDF71BFD08B9FDF7F6FC4FF08043E6
:104600000022C3F8182508BD1413002038B5B0B136
:10461000012855D14FF080420023C2F80031D2F872
:104620000021304A03F18043012119602E4B1B68A1
:10463000002B50D04FF08043C3F8040340E04FF00C
:104640008043D3F81814D3F81824C8032AD502F0ED
:104650000303012B04D013B10020FFF753FF002305
:104660004FF08042C2F818350023C2F80431D2F866
:1046700004311E4AD2F8FC0040F08073C2F8FC30CE
:104680001B4B1C6844F0010119605D685968491BA7
:10469000B1F50A5FFAD31C60C2F8FC000823154A82
:1046A0000220BFE7D3F81424D107D8D5D3F81C24AF
:1046B0009207D1D40C4A12681AB10222C3F804231B
:1046C00038BDD3F80421002AFBD00022C3F804210E
:1046D000D3F80431F4E71368002BFCD000231360F7
:1046E0001368EDE7000100401413002000ED00E026
:1046F000001000E00401004010B54FF08043D3F8F3
:1047000000216AB10022C3F80021D3F80021012260
:10471000C3F80823114B587910B95A711B68984790
:104720004FF08043D3F8042172B10022C3F8042172
:10473000D3F80421D3F81824D3F81824920704D10D
:104740000122C3F818259A6010BD0222C3F808237D
:10475000024BBDE810401B680120184714130020CD
:1047600070B500F108030C4C34F81330DA05054637
:104770000E4607D5C3F3432304EBC30254F833308A
:1047800052689847A3682BB1E26831462846BDE8D5
:104790007040184770BD00BFEC04002010B4C0B2D8
:1047A000114A083032F81030D9051BD5C3F3432124
:1047B00023F4F85322F8103002F10E04002034F8EC
:1047C000023F13F4807F03D0C3F34323994209D0FF
:1047D00001302028F3D1002342F83130034810BCC7
:1047E000FFF770BE10BC7047EC04002044050020A9
:1047F000F0B5054600200446012607468C420BD141
:10480000114BD3F87C2132B10022C3F87C21D3F8BC
:104810007C3140F00040F0BDE3B29B0003F58072B4
:104820009B0806FA03F31D420BD002F1804202F509
:10483000C042D2F800C0BCF1000F02D0176012686D
:1048400018430134DAE700BF00600040CBB20246F3
:10485000083308460C4931F81330990611D59907E9
:104860000FD410685B0B01219940C0F8081312683F
:1048700002EB8303D3F8102522F00302C3F81025BE
:104880007047002102F06DBCEC040020F7B5CDB2FA
:10489000174E0835074636F81530DB070C4624D589
:1048A000FFF7D4FF36F815309A0606D55B0B3A6849
:1048B00003F5A273002142F823102046FFF76EFF94
:1048C000002301A826F81530019402F0F7FB019BA4
:1048D00000EB8300074BD0F80027134043F002039E
:1048E000C0F80037044803B0F0BD0448FBE700BF40
:1048F000EC040020F0F8FCFF0000AD0B0400AD0B51
:104900002DE9FF41136807460C461546FBB1CEB2B0
:10491000DFF83C81083638F8162002F02202222AFD
:1049200022D00022CDE900228DF80E208DF80F2034
:104930000DF10E010DF10F02204602F0C9FB38F80F
:10494000163023F0020343F0010328F816306B6899
:104950004BB393F800C05A683D4EE3B2083336F8C3
:104960001310880702D5B2B13A481FE021F02001A8
:10497000C904C90C26F813106AB1BCF1030FF3D8AF
:104980006A68386852681278BCF1000F11D102F5DC
:10499000A27240F822C036F8132022F01C0242EA2C
:1049A0008C0226F81320AB6843BB2B4804B0BDE84B
:1049B000F08100EB820041EA4231D0F810E52EF0A0
:1049C000030EC0F810E53F6807EB820741F02001B5
:1049D000D7F8100526F8131020F4473020F4407063
:1049E000C7F810052002D7F810E500F4F85040EAA7
:1049F0000C4040EA0E00C7F81005CCE7D3E9006789
:104A00002046FFF7CBFE002ECFD0114DD5E9002375
:104A1000964203D19F4201D1002209E00F480DF1D7
:104A20000F01FFF72BFD0C4B9842BFD19DF80F20D3
:104A300045F83260E4B205EBC20308345F6035F834
:104A4000143043EA422343F4807325F81430ACE772
:104A5000EC0400200400AD0B0000AD0B4405002069
:104A60002DE9FF4107460C461E4612B3CDB2DFF8D2
:104A7000D080083538F81530980701D4990621D42C
:104A800013F01C0F02D05378012B1BD001238DF89B
:104A90000F300023CDE900230DF10F01931C2046B8
:104AA000013202F015FB38F8153043F0030328F803
:104AB0001530002E42D0E1B2214D083135F81120D9
:104AC000930703D41F4804B0BDE8F08196F800E0D6
:104AD000D7F800C022F020020EF5A270D204002305
:104AE000D20C4CF8203025F8112096F801C0BCF10A
:104AF000000F23D03868B67800EB8E004FEA0C4CDC
:104B0000D0F8103523F4981323F4F853C0F8103577
:104B1000230203F4F8530CF4403C3605D0F810752A
:104B200043EA0C0306F4801642EA4E32334342F065
:104B300020023B4325F81120C0F810350248C2E797
:104B4000EC0400200400AD0B0000AD0B014BC3E9E9
:104B500002127047EC040020C9B20831044B33F84C
:104B60001130990643BF5B0B02481370024870472F
:104B7000EC0400200000AD0B0400AD0B70B5164D29
:104B800095F8604006462CBB2146402205F11000F6
:104B900000F06BFF30682E6D21468E420ED100234F
:104BA000C0F87C31D0F87C3140F30730FDF71CFAB7
:104BB00001230A4885F86030AB6570BDCBB29B001D
:104BC00003F580727C2B08BF845001F1010108BFFE
:104BD0008358E2E70248F0E7EC0400200000AD0B48
:104BE0000C00AD0B034B93F86000003818BF012098
:104BF000704700BFEC0400200148FFF763BC00BF12
:104C0000400500200148FFF739BC00BF40050020E7
:104C100073B503680C46D3F804130029A4BF4FF002
:104C20000041C3F80413E3B21D49083331F81330CF
:104C300099061AD513F0020617D15B0B9C00056884
:104C400004F580716E50695801682144D1F810450F
:104C500044F00104C1F810452AB10168012202FAAA
:104C600003F3C1F8043302B070BDC3F38203042B15
:104C700012D0052B12D001A8019402F01FFA019A5C
:104C8000D0F81035D34003F00103991C204602B040
:104C9000BDE8704002F065BA0321F7E70221F5E7AD
:104CA000EC0400202DE9F347544B554FD3F804038F
:104CB000396DC0B240F00040FFF79AFD051E18DACA
:104CC0000023F96D0093684602F05AFA4FF001088C
:104CD00097F85C30DA075AD4396D4FF00040FFF78F
:104CE00087FDF96D684602F04BFA0028F0D125F0F7
:104CF00000450124002D69D102B0BDE8F08794FA87
:104D0000A4F4B4FA84F4E00804F1080304F0070200
:104D100037F813901DF80030019408FA02F223EAE4
:104D200002030DF8003001A802F0C8F9019B03F559
:104D3000E0734FEA990150F82360C9F3820A4B07E8
:104D4000D146C6F3014626D520465146FFF708FD59
:104D500001A8019402F0B2F9019B03F5E073F6B2E9
:104D600050F82330C3F301439E4207D1002120466F
:104D700002F0F7F93146204602F0F3F901A8019458
:104D800002F09CF9019B08FA03F3C0F82035009C5F
:104D9000002CB4D1A0E7022E0CD10321204602F052
:104DA000E0F90AF00503012BE8D149462046FFF758
:104DB000D7FCE3E70221204602F0D3F9BAF1030F52
:104DC000F3D0032EDAD1BAF1020FEDE795FAA5F38D
:104DD000B3FA83F304FA03F29B0003F1804303F573
:104DE000C04325EA0205D3F81005D3F81015C0F327
:104DF0000420C1F30141FFF7B3FC7BE700600040F2
:104E0000EC040020044AD2F80034DB07FBD5016033
:104E1000BFF35F8F704700BF00E001404FF0805349
:104E20001A69B0FBF2F302FB130373B9084B0222B9
:104E3000C3F80425C3F80805D3F80024D207FBD52E
:104E400000220448C3F8042570470348704700BF98
:104E500000E001400000AD0B0A00AD0B10B5054CA1
:104E60000123C4F80435FFF7CDFF0023C4F804354F
:104E700010BD00BF00E0014010B5144CA822002175
:104E8000204600F0F2FD03232361114A6361114BB8
:104E9000A261E3614FF4806323620023A362636233
:104EA000E36222660C4A62661022A2662367E3660A
:104EB0006367BFF35F8F094A12F8011DE1540133A4
:104EC000102BF9D1BFF35F8F10BD00BF100400207D
:104ED0006C7F00001000002000000020857F000093
:104EE000F8B5144B182700FB07751D4407FB00336A
:104EF0000E46DB6A012B14460AD0022B14D023B9CC
:104F0000284602F05DF9844208D900242046F8BD05
:104F1000284602F055F9844228BF0446224631460D
:104F2000284602F056F9F1E72846BDE8F84002F0BD
:104F30006DB900BF10040020F8B50B4B1B78044678
:104F40000D4616460BB9FFF797FFEFF311874FF0A9
:104F5000200181F31188324629462046FFF7C0FF21
:104F600087F31188F8BD00BF1004002038B5094B45
:104F700053F82040013053F82050A54200D838BDE6
:104F8000636823B1204602F09FF90834F5E72368EF
:104F90009847FAE79C77000008B50A4B01220320E6
:104FA0001A70FFF7E3FFFCF74DFE02F0A9F90420A9
:104FB000FFF7DCFFFBF7FCF9034A137B23F0010347
:104FC000137308BD232C00208005002008B503487A
:104FD000034A0021121A02F08FF908BD6005002073
:104FE000242C002008B50020FFF7C0FF184B83F3E6
:104FF0000888184C636943F4007363610025E0235B
:1050000084F82230E57725766576A57684F82050F9
:10501000636A43F4E023636284F82350FCF750FF93
:10502000FDF75EF84FF0FF33A362E362FDF7F2F89D
:10503000FDF77AF802F022F90120FFF797FF02202E
:10504000FFF794FF04482B462A462946FDF730F81F
:105050002834002000ED00E0994F000008B5064814
:10506000064A0749121A02F049F9BDE80840054A04
:105070000549064802F042B9C0040020600500203E
:10508000907F000000000000887F0000C004002026
:10509000034B1B680BB9FEF707B90020704700BF30
:1050A0001C13002030B570B10B4B5B6898420AD0DE
:1050B000036843B1D3E90421D0E90445121941EB57
:1050C0000501C3E90421D0E9003213605A600023CE
:1050D000C0E9003330BD00BF5005002010B50E4BB5
:1050E0001C689C4204D1FFF7D3FF6FF0004010BD55
:1050F000FFF7CEFF002CF8D0D4E904321B1A62EB84
:10510000E072B3F1004F72F10001EEDA002AACBF99
:1051100018460020EBE700BF500500202DE9F84FAE
:10512000EFF3118C202383F31288BFF36F8FDFF826
:10513000ACA0DFF8AC902B4FC9F80000DAF8000003
:105140000024504508BF00200025D7E90021D9F8E8
:105150000030E04678B3D0E9046C4FEAE37EB34216
:105160007EEB0C0B05DAF61A6CEB0E04C0E9046456
:1051700021E0B21841EBE671C0E90445C7E900211E
:10518000FFF790FF88F31188BFF36F8F836898470C
:10519000EFF31188202383F31288BFF36F8FD9F8C0
:1051A0000030DAF800009B1B5045C446C9F80030B7
:1051B000CBD1D7E900219A1841EBE3730024C7E96A
:1051C0000023C9F80040FFF789FF2146FEF73EF8AB
:1051D00088F31188BFF36F8FBDE8F88F500500206A
:1051E0001C1300200006002070470020704730B5D7
:1051F00083688B4285B0044615460ED96368C06843
:10520000194401AA00F030FD28B96268019B9B1A7D
:105210002B60029B6B6005B030BD6FF02100FAE798
:105220002DE9F7430E4617469946044628B94FF034
:10523000FF38404603B0BDE8F0830029F7D0002ACC
:10524000F5D0CB680D891D4404230DEB03022946DC
:10525000384600F032FB80460028E8D1BDF8041043
:10526000738946F60812914225D1BDF8061099427D
:10527000DDD104230DEB03022944384600F01DFB69
:105280000028D4D1BDF8042046F607139A42CED1A7
:10529000C4E900679DF82830A4F80890A3727389C8
:1052A000BDF806202B44E360738913442B44043576
:1052B00063612561BDE7002BE4D0B8E72DE9F34138
:1052C0000E4617461D46044620B94FF0FF3002B087
:1052D000BDE8F0810368002BF7D04368002BF4D0C1
:1052E0004FF6FF78D4E904239A4216D223685B89EB
:1052F00023B1E368934204BF04332361042321698B
:1053000060680DEB030200F0D8FA0028DDD1A37A23
:105310002BB1D4E903329A4201D30120D7E7238984
:10532000BDF80610434501F1040203D0BDF804C0E6
:105330009C450BD115B1BDF804302B802369043393
:1053400033603980236913442361C0E72369134420
:105350002361C7E748B103683BB143682BB1C0681C
:10536000884294BF0020012070474FF0FF30704703
:1053700000F060BB4FF4C07358433030704710B535
:10538000044600F0DCFAA3684FF4C072303B02FB25
:10539000103010BD70B50D46044600F04CFD2A4695
:1053A000A0F1080104232046BDE8704000F085BA52
:1053B00013B50446019100F03EFD0423A0F108015D
:1053C0000DEB0302204600F079FD02B010BD70B570
:1053D00013460E461546002102460446FBF774FDAF
:1053E00050B92B4604F12C0201212046FBF76CFD3D
:1053F00010B1002E08BF002070BD73B50446002018
:105400000D461646FBF754F86946C0B2FCF7C2FBDE
:1054100030BB2C2303FB05440098E36825891D4419
:1054200004230DEB0302294600F047FAC0B9BDF88A
:1054300004206489009846F608139A4215D1BDF8F5
:1054400006309C420CD104230DEB0302611900F0DD
:1054500034FA28B9BDF8042046F607139A4207D05B
:10546000009800F029FA02B070BD002CF2D0F7E7E6
:10547000BDF80610214429443160F1E737B50446F0
:10548000426A802501A902200195FCF7ABFB58B9BF
:10549000019B226DA36201A906200195FCF7A2FBE6
:1054A000054628B1092500E00125284603B030BD96
:1054B000019B206A636500F042FAE065F5E701238D
:1054C000036003F1012343600023C0E90233704706
:1054D0004379012B07D10368012B04D10079431EC6
:1054E000584258417047002070477FB506460D4628
:1054F000022001A9FCF74EFB38BB0198FFF73FFFE4
:10550000F16D0446284600F0D0F80444019800F0FC
:1055100016FA0646019800F019FA082201460DEB2A
:10552000020000F0A2FA2B798DF80830214601988C
:10553000334602AA00F0D6F9041E019818BF0124D0
:1055400000F0BAF9204604B070BD0124FAE700F07B
:10555000DEB92DE9F8430E46002107460846FAF762
:10556000A7FF012104460020FAF7A2FF33789C42EE
:1055700021D0984221D101252C2303FB0575F86D1C
:10558000AC6AFFF7F7FE013C07464FF000086B6A74
:1055900003EBC40253F83410D2F804901B684A4657
:1055A000C91A3046C844FFF7D2FFB84504F1FF34AA
:1055B000EDD3BDE8F8830025DEE70120F9E737B534
:1055C00015460C460620694600F0BBFCE979012926
:1055D00003D00022204600F0C8FC9DF80330012BC8
:1055E00002D1204600F0A0FCA9682046FFF7E0FEAB
:1055F0002046FDF77BFE002003B030BD73B50D469D
:105600000646FBF767FD0446E86050B302282DD13B
:1056100001A9FCF7BFFA58BB01982A463146FBF7AF
:10562000B9FC0446D0B9019800F005FC01230146FD
:105630000DF10302019800F040F90446A0B9019869
:1056400001220DF1030100F00AFC10B101238DF8D5
:1056500003309DF8033003F00F03EB71019800F065
:105660002BF9204602B070BD0124F7E70724F8E7C4
:105670000124F6E738B5436A0446C06D5D68FFF75C
:1056800079FE0246A06A002301382B449A4201D9D0
:105690000138FAE738BD436A00205A6803461344CC
:1056A0008B4200F10100FAD3704710B543790279BB
:1056B000012B14BFCB01002302F1FF3201FB0233A7
:1056C000026814BF4C000C46013A04FB023010BDC6
:1056D000002070470FB407B504A951F8040B0191DD
:1056E000FBF714FF03B05DF804EB04B07047038BC5
:1056F00013F0070305D10368002B0CBF0020032023
:105700007047022B05D1408BB0FA80F04009800031
:105710007047012B05D10368002B0CBF002005202A
:1057200070470020704710B50C4600B111B96FF0FA
:10573000150010BD081D00F093F80028F9D1A368EA
:10574000032BF6D9F3E72DE9F0410D46074619463C
:10575000281D90461E4600F094F8044638B13346A2
:10576000424629463846A446BDE8F0416047BDE8B8
:10577000F08110B4EFF31182202484F31288BFF378
:105780006F8F416110BC0121FCF7F0B838B50C46B1
:10579000054658B151B10B6843B14B6833B11C2277
:1057A000002100F062F92C61002038BD6FF0150077
:1057B000FBE770B505460E46FFF7B5FF041E14DB88
:1057C000EFF31182202383F31288BFF36F8F6B8B6B
:1057D0002C8B4FF6FF718B4204F0070407D182F344
:1057E0001188BFF36F8F6FF00A04204670BD022C42
:1057F0000CD101336B8382F31188BFF36F8F0023C9
:10580000224631462846FFF79EFFEEE7062C14D8C5
:10581000DFE804F004131313041A040000233360B8
:105820006B683BB9C5E90066ACB902212846FCF7B4
:105830009DF8DAE71E606E60F6E782F31188BFF329
:105840006F8F6FF00404D0E782F31188BFF36F8F7E
:105850006FF08504C9E782F31188BFF36F8FC4E747
:10586000034658B1426802F00302012A03D0032A1A
:1058700004D1026812B10020986070476FF01500E3
:1058800070474268816002F00302032A4FF0000271
:1058900003460CBF006810465A60704770470FB44B
:1058A00007B504A951F8040B0191FBF72FFE03B0D3
:1058B0005DF804EB04B070477047002930B404462B
:1058C00018460BDBA5680844A84207D8E06864685E
:1058D000214484682468A44630BC60476FF01500FA
:1058E00030BC7047002930B4044618460BDBA5686D
:1058F0000844A84207D8E068646821448468646862
:10590000A44630BC60476FF0150030BC70470029DA
:10591000034610B410460BDB9C680844A04207D82D
:10592000D8685B68194483689B682BB110BC184722
:105930006FF0150010BC70476FF05700FAE708B51C
:10594000C0688368DB689847006808BD08B5C06810
:105950008368DB689847407908BD70B54C68036878
:10596000A34201D2012070BD8A682244934201D330
:105970000020F8E7D1E903254E69B54203D36FF063
:105980000B038B61F4E71B1B42F835304368086951
:1059900002EBC00253600B6901330B61E2E701289F
:1059A00001D1EFF3058301F080BC01460068FFF7E9
:1059B000F6BF08B5FCF758F9BDE8084000F000B89C
:1059C000704700210120FFF7EABF61B662B680F39D
:1059D0001188BFF36F8F7047EFF31180202383F39B
:1059E0001288BFF36F8F704772B6002383F311885C
:1059F000BFF36F8FBFF34F8F20BF80F31188BFF3CA
:105A00006F8F62B67047202809D9B0F1004F08D8CF
:105A10000138B0FA80F0C0F11F0040007047082044
:105A200070473E207047034600201A5C02B9704759
:105A30000130FAE710B55AB10139841810F8012B7A
:105A400011F8013FA04201D09A42F7D0D01A10BD00
:105A50001046FCE710B5431E0A44914200D110BD28
:105A600011F8014B03F8014FF7E7C9B202440346AE
:105A7000934200D1704703F8011BF9E74FF0FF3064
:105A800070470369C9B20C2201FB0233186C00F0A5
:105A90000700704770B5C9B20369EFF31185202480
:105AA00084F31288BFF36F8F0C2606FB0134246C3D
:105AB00014F0C00408D0A24206D085F31188BFF3C9
:105AC0006F8F4FF0FF3070BD71430B4401221A6499
:105AD00085F31188BFF36F8F43680B445B68984769
:105AE0000020F0E78022FFF7D5BFF8B5069F0469D4
:105AF000C9B2EFF31186202585F31288BFF36F8FAB
:105B00000C2569430C44256C05F0070CBCF1010F12
:105B10000BD1276486F31188BFF36F8FC4E90E237E
:105B200043685B5898470020F8BD05F0C005AF42B8
:105B300086F31188BFF36F8F0CBF6FF077004FF0C3
:105B4000FF30F1E713B580240094FFF7CEFF02B0D9
:105B500010BD6FF08500704710B40069CBB21C24F3
:105B600003FB0400002110BC1047002001F0A4BA80
:105B700038B505460C4601F015FB002D07DBA842A1
:105B800005D9401B84428CBF0020012038BD002075
:105B9000FCE770B50C46154601F00AFB294606469F
:105BA0002046FFF7E5FFB8B1B4FBF6F306FB13435D
:105BB00093B9B5FBF6F306FB13536BB9AE4201D9AB
:105BC000002070BD01F0F4FA06462046FFF726F9E2
:105BD000AD1B3444F9D1F3E76FF01500F1E770B570
:105BE0000D462846194616461C46FFF7C1FF38B138
:105BF00024B1224629463046FFF72CFF002070BD15
:105C00006FF01500FBE7F7B51C46164600238268C7
:105C10002360A36013690D4601AA69469847019B5A
:105C20005A1E01921BB96FF0150003B0F0BD009829
:105C3000A26847682168676085B9B31AD0F800C0C8
:105C4000634528BF63461A4403FB07112160A26025
:105C500002689A4206D808300090E0E76B1AB3FB5E
:105C6000F7F3EBE70020E0E713460022FFF7CBBF96
:105C70002DE9F047836886B01B698846914601A9E3
:105C800002AA98470024A2462546029BAB4202D8AE
:105C900006B0BDE8F087019F07EBC50700267B68CB
:105CA00004933A68B2420AEB060302D801359A46D9
:105CB000EBE703940593494603A8C0470028E7D0C3
:105CC000049B01361C44ECE743685B68D3F810354D
:105CD0000B600020704743685B6802EA010021EA1C
:105CE0000201C3F80805C3F80C150020704743688B
:105CF0005B680020C3F80815704743685B680020A4
:105D0000C3F80C15704743685A68D2F8043521EA85
:105D100003000B40C2F80805C2F80C35002070479C
:105D200010B503695868F8B1884219D19C680868B1
:105D30005860A14200D19860002008602AB15A68DA
:105D40000A609A68596002B99960002010E08142A7
:105D500006D10868206098688142EDD19C60EBE72D
:105D6000044600680028F2D1002AE8D16FF015003F
:105D700010BD30B543681360057A446804EBC50470
:105D8000A34202D36FF0010030BD5C798C4201D098
:105D90000833F0E70020F7E700F150039B009BB2C7
:105DA00003F1804303F5883300221A601B687047B3
:105DB0002DE9F0434FF080430446884685B0012723
:105DC00044EA080400EB0109C3F80876050B102229
:105DD00000216846C4F30B04FFF747FE4FEA19366B
:105DE00024B9B9F5012F01D2B54210D96FF01500D1
:105DF0001EE06A0904AB03EB820205F01F0352F8B0
:105E0000101C07FA03F30B4342F8103C0135B5426E
:105E1000EFD14FF08043009AC3F80026019AC3F8EF
:105E20000426029AC3F81026039AC3F81426002009
:105E300005B0BDE8F0838068183820F007001038FE
:105E40007047042809D0052803D1481E18BF012037
:105E50007047431A5842584170470120704738B57F
:105E600015460C4661B15AB1FFF770FD2544214635
:105E700011F8013B834203D1A942F9D1012038BD79
:105E80000020FCE738B50C460123114622460546A2
:105E9000FFF713FD00280FDB012221462846FFF7FC
:105EA000DEFF38B92378012B14BF022301232370AE
:105EB000002038BD0323FAE70120FAE72DE9F74374
:105EC0001D4606460F469046FFF739FD6C1E0444FA
:105ED00040420440082C1AD83046FFF737FD2A46C6
:105EE000814641466846FFF7B5FD621B49460DEB0A
:105EF0000500FFF7BAFD23466A4639463046FFF7EC
:105F0000F1FC003818BF012003B0BDE8F0834FF06A
:105F1000FF30F9E707B501238DF8042001AAFFF748
:105F2000CDFF03B05DF804FB81681839012221F030
:105F30000701FFF7EFBF8268183A22F00702FFF768
:105F4000A1BF13B50C46C0B201A9FBF723FE50B99F
:105F500021460198FDF7EAF904460198FFF7ACFCE9
:105F6000204602B010BD0124FAE713B541EA021140
:105F700004468DF80710FFF75EFF012301460DF17F
:105F800007022046FFF79AFF02B010BD816818395A
:105F900021F0070101220839FFF7BCBF70B5046882
:105FA0000D1B002D02DC6FF05F0070BD94F90060E6
:105FB0002378002E0ADB631C0360237813600368D8
:105FC000C91A13688B42EED80020EEE703F07F0376
:105FD0005C1E032C13D89D42E5DD00241460046888
:105FE0000134046004681568247844EA05241460C8
:105FF0000468013B04F101040460F3D1DFE76FF0B2
:106000006300D2E770B404680E1B002E07DD26780B
:106010009E4208D10134046070BCFFF7BFBF6FF02F
:106020005F0070BC70476FF06100FAE773B5022340
:10603000154601AA0446FFF7E5FF40B9019E216815
:106040003246284600F0A6FB23683344236002B0A2
:1060500070BD0139002901DA0020704750F8213065
:10606000002BF6D0B3FA83F00131C0EB411070473A
:1060700039B101F18041013900EB810181420346D0
:1060800000D270471B680A681BBA12BA40F8042B8A
:1060900041F80439F2E72DE9F0411C4613F00303FF
:1060A00018BF012303EB94038B4206460D4690462E
:1060B00013D879B18F003A460021FFF7D6FC2CB1F6
:1060C000381B224641463044FFF7C4FC294630467F
:1060D000FFF7CEFF0020BDE8F0816FF00700FAE780
:1060E000B3EB810F70B504464FEA8105104619D90C
:1060F0005A1B86180021FFF7B8FC30462B46C21801
:1061000000218B4210D1002070BD22F0030102F06B
:1061100003066158F600F140C9B281B90132AA42C2
:10612000F3D1ECE71A46FAE721F0030001F003058A
:106130002058ED00E84002F8010D0131E1E76FF071
:106140000700E1E753098B42F0B402F01F0401D8C5
:1061500009D124B18A00F0BC0021FFF786BC1F2AB8
:1061600003D8F0BC70471F2A0AD900EB8302051F31
:1061700000EB8106B24216D1CB1A00228B4217D314
:10618000002CEED000EB81010022C4F120068142F8
:10619000E7D051F8045C25FA04F3134341F8043DB9
:1061A00005FA06F2F3E752F8047B45F8047FE1E7CD
:1061B00040F823200133E1E71F2AF0B54FEA5214DB
:1061C00002F01F0512D96FF0030606FB04060B460A
:1061D0009C4203F1FF3212D3631A8C4288BF002322
:1061E0000B4400EB8303002283420ED135B100EB58
:1061F00084000022C5F120078C4209D3F0BD56F877
:10620000223040F822301346E2E743F8042DEBE752
:10621000066806FA05F3134340F8043B013426FAF6
:1062200007F2E9E7F0B50024844620469C4200D1FD
:10623000F0BD51F8245052F824702E182CBF0125BF
:106240000025BF194CF8247045F100000134EDE73A
:10625000F0B50024064620469C4200D1F0BD51F81E
:1062600024C052F82470ACEB0005AF4294BF4FF04D
:10627000000E4FF0010EED1B46F8245084452CBF54
:1062800070460EF101000134E6E78B422DE9F0473C
:1062900028BF0B469646DE08089A0446C91A03F042
:1062A000070875460346B44600200CF1FF3CBCF1DC
:1062B000FF3F03F1200305F1200511D104EB461443
:1062C0000EEB46164FEA880C06EB880E25467645FF
:1062D00040F081806444013980F08B80BDE8F08714
:1062E00055F8207CA2FB079710EB090953F8200C06
:1062F00047F1000710EB090043F8200C55F81C0C7F
:1063000047F10007A2FB00093F1853F81C0C49F1A4
:106310000009C01943F81C0C55F8180C49F1000984
:10632000A2FB000719EB000953F8180C47F100070E
:1063300010EB090043F8180C55F8140C47F100074E
:10634000A2FB00093F1853F8140C49F10009C019C9
:1063500043F8140C55F8100C49F10009A2FB000792
:1063600019EB000953F8100C47F1000710EB090076
:1063700043F8100C55F80C0C47F10007A2FB00097C
:106380003F1853F80C0C49F10009C01943F80C0CE4
:1063900055F8080C49F10009A2FB000719EB0009A8
:1063A00053F8080C47F1000710EB090043F8080CFC
:1063B00055F8040C47F10007A2FB000A17EB00098F
:1063C00053F8047C4AF1000017EB090740F1000084
:1063D00043F8047C69E756F8043BA2FB0337C31873
:1063E000286847F10007C31845F8043B47F100004F
:1063F0006DE723681B1844F8043B2CBF01200020E4
:1064000069E70168881C400000F008000844032385
:1064100000FB01F2C2F10202013B02FB00F0F7D1E6
:10642000404270472DE9F04F87B091460493109B8E
:106430000293DDE91183139D05934FEAC802834659
:106440008A46043200212846FFF70FFB08F10203B9
:106450002E4600240393444515D105EB84012346C1
:10646000029A51F824505846FFF7F2FE6840FDF7B3
:1064700033F8A6000A4600235946109607B0BDE837
:10648000F04FFDF7C5BA5AF82430D9F80020376824
:106490000399009302FB0377059A049B5743304608
:1064A0004A46FFF7F2FE3046DDE9022100974346F7
:1064B000FFF7EBFE04360134CDE738B50D46012178
:1064C000044600F031F988B9E9882046890100F0D6
:1064D0007DF958B92A462146204600F02FFB28B9FD
:1064E000E9882046BDE8384000F0B8B838BD490119
:1064F000502934BF01220322012393400333584320
:106500000130704710B586B00B9C04940A9C03942C
:1065100000240294099C0194089C0094FDF700F863
:1065200006B010BD10B586B00B9C04940A9C039471
:106530004FF02A340294099C0194089C0094FCF7C3
:10654000EFFF06B010BD30B50546104600229A4256
:1065500000D130BD51F82240241A45F8224034BF02
:10656000012000200132F2E7034600EB8101002008
:106570008B4201D1FCF7B0BF53F8042B1043F7E76F
:106580001FB5089C0394069C0092CDE90134079A3C
:10659000FFF748FF04B010BD30B587B01C460B9D17
:1065A00003950A9D00920123CDE9014505AA0593B3
:1065B000FFF738FF07B030BD00220123C0E90023F8
:1065C000704710B5044648B1006818B1E1888900E9
:1065D00000F0DDFB00220123C4E9002310BD42F2DC
:1065E0001073994270B504460D4602D96FF00F0042
:1065F00070BDC3888B4201D30020F9E704212846EF
:10660000FDF7F2FB06460028F0D0216841B1E28890
:106610009200FFF71FFAE1882068890000F0B7FBBD
:10662000E5802660E8E738B504460D4619B9FFF75E
:10663000C8FF002038BDC2888A4207D10068920096
:106640000021FFF712FA0123A380F2E7FFF7B9FF59
:1066500029462046BDE83840FFF7C1BF42F210731B
:10666000994270B50A46054602D96FF00F0070BD19
:10667000C3888B4207D8BDE87040FFF7B0BF2968D8
:1066800051F8231011B9013B002BF8D15C1C944246
:1066900038BF144604212046FDF7A6FB0646002815
:1066A000E3D0296839B1A200FFF7D4F9E988286856
:1066B000890000F06CFBEC802E600020D7E7884258
:1066C00070B505460E4609D0C988C28841B92AB1BD
:1066D0000123838092000068FFF7C7F9002070BD96
:1066E0004C1E8CB90134B6F90430AB80A24212D2F0
:1066F00021462846FFF773FF0028F0D1316828684B
:10670000A200FFF7A7F9E9E7336853F82430002B1C
:10671000E8D1013CE5E72868121B9200002100EB5C
:106720008400FFF7A2F9E9E770B50C4601210546A0
:10673000FFF755FF064688B9EA88014692002868A7
:10674000FFF793F984EAE472A2EBE472E40FC4EB7E
:10675000C4342B68640001341A60AC80304670BDCC
:10676000C388B1EB431F3FBF03684A0901F01F0113
:1067700053F822003ABFC84000F0010000207047E3
:10678000C1880068FFF765BC08B5FFF7F9FF07305F
:10679000C00808BD70B50E4612F0030118BF0121F4
:1067A00001EB920105461446FFF73DFF38B9E98831
:1067B000286823463246BDE87040FFF76CBC70BDC8
:1067C00013460A46C1880068FFF78ABC38B50446FC
:1067D0000D46FFF7D5FFE3882844B0EB431F06D8EA
:1067E0002068E1882A46FFF7E7FC002038BD10F05A
:1067F0001F0118BF012101EB50112046FFF7EFFEEA
:106800000028EDD0F2E708B50A46C18811B100684A
:10681000FFF798FC002008BD10B5C38823B9CA88CB
:106820005AB9ABB1012017E0026802EB830252F8BB
:10683000042C002AF3D1013BF0E70C6804EB82043E
:1068400054F8044C0CB9013AEAE79342EAD80FD362
:10685000013B5A1C01D1002010BD026852F82340B0
:106860000A6852F823209442DCD803F1FF33F0D2B7
:106870004FF0FF30F0E730B5C38823B9CA885AB962
:10688000002B3DD136E0026802EB830252F8042C63
:10689000002AF3D1013BF0E70C6804EB820555F8C0
:1068A000045C4DBB013AEAE7B1F9045003D2B1F9F7
:1068B0000400404226E0B0F90420002A03DD002D48
:1068C0000CDA01201EE0002D08DD3AB14FF0FF3058
:1068D00018E003F1FF330BD2504213E0013B016893
:1068E00051F8235054F823108D42F2D9104609E094
:1068F000591CF4D1002005E0002BD8D09342D3D905
:10690000B0F9040030BD1FB581EAE173A3EBE17378
:10691000C90FC1EBC1314900019301310123ADF829
:106920000C10ADF80E3002A901AB0293FFF7A3FFE4
:1069300005B05DF804FB90422DE9F04105460F4695
:10694000144602D0884206D127460123AB80FC883A
:106950003CB9002003E0FFF7B2FE0028F4D0BDE808
:10696000F0813B6803EB84034FEA840853F8043C4E
:106970000BB9013CECE721462846FFF730FE002822
:10698000EDD12E683A68234631463046FFF74AFC7F
:1069900006EB08030746002FDBD0EA88A24204F189
:1069A000010608D831462846FFF719FE0028D6D13F
:1069B0002B6803EB84031A68D21943F8042B2CBF0D
:1069C000012700273446E6E72DE9F041D488054643
:1069D0000E4690463CB9F188A1420ED26FF00907ED
:1069E0003846BDE8F081D8F8003003EB840353F853
:1069F000043C002BEFD1013CECE72846FFF7EFFD0C
:106A000007460028ECD1F28894420BD2AE4209D05E
:106A100031682868121B920001EB840100EB8400AE
:106A2000FFF718F8EA88F088824207D92B68121A13
:106A30009200002103EB8000FFF717F8D8F8002040
:106A4000316828682346FFF703FC024610B901238A
:106A5000AB80C5E72968EB8801EB84011B1B084666
:106A6000FFF771FD0028F2D0B8E72DE9F843B1F93E
:106A70000440B2F804C01CFB04FC66467343814624
:106A80000D4617461CD511462846FFF7C5FEB0F146
:106A900000080DDB3A4629464846FFF795FF98B9AE
:106AA000B8F1000F08BF0124A9F8044000200BE052
:106AB0002A464846FFF788FF30B9644224B2F3E71C
:106AC000FFF739FF0028EFD0BDE8F8830123FFF777
:106AD000CCBF4FF0FF33FFF7C8BF2DE9F341CF889C
:106AE0000546884616463FB1D8F8003003EB8703C9
:106AF00053F8043C3BB146B90021284602B0BDE83A
:106B0000F041FFF711BE013FEDE7791C2846FFF782
:106B100066FD044670B941462846FFF7D0FD04469D
:106B200040B9013E0096D8F80020E98828683B4625
:106B3000FFF7ABFB204602B0BDE8F08170B504461C
:106B40000D46104600211646FFF7DDFE002824DB27
:106B50002A46334621460020FCF7C0FD054638B1E1
:106B6000284670BD324621462046FFF7AFFF90B958
:106B700000212046FFF7C7FE0028F3DB3146204600
:106B8000FFF779FE0028EBDB324621462046FFF76F
:106B9000A0FF0028F2D00546E2E76FF00905DFE725
:106BA0002DE9F04F89B0DDE9125806468B4628469C
:106BB000002191460593FFF7A6FE002805DC6FF043
:106BC0000304204609B0BDE8F08F2B681B68D90785
:106BD000F5D500214846FFF796FE0028EFDB484632
:106BE000FFF7CEFDB0F5006FE9D82846FFF7C8FDE6
:106BF000B0F5006FE3D8B9F8061031B9012130467D
:106C000009B0BDE8F04FFFF78FBDE888FFF76FFCD4
:106C100004218246FDF7E8F80746002800F0AA8024
:106C200000220123CDE906234FEA8A0AB8F1000FBA
:106C30000DD1294606A8FFF740FC044600B3514693
:106C4000384600F0A4F806A8FFF7BBFCB9E7D8F86F
:106C50000030002B6ED106AB18462946FFF72DFCFD
:106C600006AB044640B15146384600F090F8D8F8DB
:106C70000030002BA5D1E6E793E8030088E8030085
:106C800059463046FFF71BFD0446002867D1012313
:106C9000B38029463046FFF7EEFD002857DAE98831
:106CA0003046FFF79CFC0446002858D12868FFF7BF
:106CB000A8FB069B0090029701933168EB882A6835
:106CC00004900846FFF75CFC059B0698B9F806207F
:106CD0003168B3F12A3FEB880192CDE90207D9F878
:106CE000002000922A68084641D1FFF71BFC049B54
:106CF000019700933168EB882A680846FFF74CFC3F
:106D0000BBF904B0BBF1FF3F29D1D9F800301B68B3
:106D1000DB0724D5F1883068FFF726FC01225946AD
:106D2000FCF7CEFC3246B08029463046FFF7CEFE57
:106D3000044614E0E9884046FFF751FC0446002869
:106D400091D198E8030008AB03E9030098E72A46CD
:106D500031463046FFF7F2FE044600289FD05146E8
:106D6000384600F014F8B8F1000F80D16BE7FFF758
:106D7000C9FBBCE76FF00F0423E713B5049CCDE912
:106D800000344FF02A33FFF70BFF02B010BD10B5EF
:106D9000044608B1FDF71CF82046BDE81040FDF799
:106DA00029B800207047704770472DE9F843044622
:106DB000DDE90876914698460D4651B9B9F1000FC4
:106DC00010D1B8F1000F15D1E7B91EBB55BB00209B
:106DD00006E00830FFF773FC0028EFD0A0F58140F3
:106DE000BDE8F883494604F12000FFF768FC00285D
:106DF000E7D0F3E7414604F12800FFF760FC0028E4
:106E0000E2D0EBE7394604F11800FFF758FC002800
:106E1000DBD0E3E7314604F11000FFF750FC002817
:106E2000D4D0DBE704F10800FFF7AEFC6060CEE7EA
:106E300010B5782200210446FEF717FE0023C4E9AE
:106E40001C3310BD4068704710B50446A0B36030D5
:106E5000FFF7B7FB04F16800FFF7B3FB04F148004C
:106E6000FFF7AFFB04F11800FFF7ABFB04F12800BC
:106E7000FFF7A7FB04F12000FFF7A3FB04F11000CC
:106E8000FFF79FFB04F10800FFF79BFB04F158009C
:106E9000FFF797FB04F15000FFF793FB04F140006C
:106EA000FFF78FFB04F13800FFF78BFB04F1300094
:106EB000BDE81040FFF785BB10BD00BA70476C22DB
:106EC0000021FEF7D2BD10B16C21FCF781BF7047E5
:106ED0002DE9F04105460E4614467AB3036C03F0E3
:106EE0003F079B18036422BF436C013343645FB3C5
:106EF000C7F1400842451CD342463844FEF7AAFD7C
:106F000029462846FDF7CAF8C8B92744A7F1400426
:106F10003F2C46440BD90027F1192846FDF7BEF84F
:106F200078B94037E31B3F2BF6D83E441C462CB1C2
:106F3000002722463146E819FEF78CFD0020BDE807
:106F4000F0814FF0FF30FAE73F2AE4D8F1E773B55C
:106F5000036C03F03F035A1C0D46382A4FF08001A2
:106F6000C1540446104400F28480C2F1380200216A
:106F7000FEF77BFDD4E91060730F43EAC000FFF712
:106F80009CFF04220DEB0201019004F13800FEF792
:106F900061FDF000FFF791FF04220DEB020101906B
:106FA00004F13C00FEF756FD21462046FDF776F839
:106FB0000646002857D1A06CFFF77FFF04220DEB97
:106FC000020101902846FEF745FDE06CFFF775FFD2
:106FD00004220DEB02010190A818FEF73BFD206D85
:106FE000FFF76BFF04220DEB0201019005F1080091
:106FF000FEF730FD606DFFF760FF04220DEB02012C
:10700000019005F10C00FEF725FDA06DFFF755FF7F
:1070100004220DEB0201019005F11000FEF71AFDAC
:10702000E06DFFF74AFF04220DEB0201019005F12C
:107030001400FEF70FFD206EFFF73FFF04220190C2
:107040000DEB020105F11800FEF704FDA36E53B924
:10705000606EFFF732FF042201900DEB020105F193
:107060001C00FEF7F7FC2046FFF72DFF304602B06C
:1070700070BDC2F140020021FEF7F7FC2146204618
:10708000FDF70CF806460028EDD1014638222046CF
:107090006EE7002070474FF08053D3F83001421C58
:1070A00004BF4FF0704393F8E00F831F58425841DC
:1070B0007047004700F0DEB8FDF724BA036803F01C
:1070C0001F025B0902600CBF4FF0A0400020704718
:1070D000F7B5019001A8DDE9084716461D46FFF700
:1070E000EDFF019BB6F1000C18BF4FF0010C00EB57
:1070F00083000B1E18BF0123002D43EA4C0314BF6D
:107100004FF00C0C4FF0000C002C43EA0C0314BFA2
:107110004FF4E06C4FF0000C002F43EA0C03D0F862
:10712000002714BF4FF4403C4FF0000C43EA0C031F
:1071300022EA030301B109780EB1367876001943CB
:107140000DB12D78AD0031430CB1247824022943D0
:107150000FB13F783F040C433C43C0F8004703B0F5
:10716000F0BD1FB50DF10F03019300238DF80F1033
:1071700000931A461946FFF7ABFF05B05DF804FB14
:10718000024611F0010007D04FF0A041D1F82035A0
:107190001360C1F8203503B900207047FDF776BBB6
:1071A000FDF754BB4FF080531A695869504370473C
:1071B0004FF08053186970474FF0805358697047FB
:1071C0000369C26893429CBF81685B18013B981AAF
:1071D00070472DE9F041D0E902840546A8EB04068A
:1071E0004068964220440F46144406D9FEF732FC0C
:1071F000BFF35F8FEC60BDE8F0813246A4EB08047A
:10720000FEF728FC68682246B919EFE72DE9F84334
:10721000C5680646894617464FF000083369B468CA
:1072200070689D4228BF1B19641BBC4203F1FF33E9
:1072300028BF3C465B1B9C4228BF1C464946224651
:107240002844FEF707FCB3682544A044A1443F1B33
:10725000AB4208BF0025BFF35F8FF560002FDDD183
:107260004046BDE8F883FDF707BE08B5FFF7FBFF12
:10727000002008BD08B1FBF793B87047704740B1D4
:10728000C368587810F001001EBF1878B0FA80F07B
:1072900040097047EFF31183202383F31288BFF373
:1072A0006F8FFEE708B5FFF7F5FF10B5EFF3118418
:1072B000202383F31288BFF36F8FFFF7F3FF84F36C
:1072C0001188BFF36F8F10BD10B5D0E9003433B90A
:1072D0000020E268537843F00103537010BD20464C
:1072E00098470028F4D00028B8BF4042E368FF2840
:1072F000A8BFFF201870ECE7FEF7B7BBFEF7AABBEC
:107300007047EFF30580003818BF01207047000078
:10731000008EFF7F010000008923000000000000B4
:1073200029240000687300006B7200000000000058
:10733000C92700007C730000E92C00009073000056
:10734000AD26000000000000FD2600000000000047
:10735000E930000000000000937000000000000011
:1073600065270000A47300002F7E0000DC7500007C
:10737000F47500005805002084120020647E00008F
:107380002C760000447600005C050020E01200200E
:107390007A7E000068760000887600005E05002096
:1073A000D40400204A7E0000000000001076000097
:1073B0005A05002000000000F9460000B3700000EC
:1073C00000000000C359000000000000C359000085
:1073D00000000000C359000000000000C359000075
:1073E00000000000C3590000A54C0000B37000006D
:1073F00000000000C359000000000000C359000055
:1074000000000000C359000000000000C359000044
:1074100000000000C359000000000000C359000034
:1074200000000000C359000000000000C359000024
:1074300000000000C359000000000000C359000014
:10744000000000007931000000000000C359000076
:1074500000000000C359000000000000C3590000F4
:1074600000000000C359000000000000C3590000E4
:1074700000000000C359000000000000C3590000D4
:1074800000000000C359000000000000C3590000C4
:1074900000000000C359000000000000C3590000B4
:1074A00000000000C359000000000000C3590000A4
:1074B00000000000C359000000000000C359000094
:1074C00000000000C359000000000000C359000084
:1074D00000000000C359000000000000C359000074
:1074E00000000000C359000000000000C359000064
:1074F000C078000003000000FFFFFFFFFFFFFFFF59
:107500000338FDD8704700000200000006000000AC
:10751000010000006E7C00002C75000002000000DD
:107520000600000002000000060000000E0100003E
:1075300007000000000000000000000000C0000084
:10754000A47300000100000000C000000002000061
:10755000A47300000200000000C0000000A00300AF
:10756000A47300000300000000C20000007E0300BE
:10757000A47300000400000000C20000009E03008D
:10758000A47300000500000000400400002000007B
:10759000A4730000060000000060040000A00300C7
:1075A000A4730000C00400200000000000000B06CF
:1075B00002000000B875000000000000207E0000FE
:1075C0002400020200000020287E00001E000B1193
:1075D000E5230000B5230000000000002525000081
:1075E000A52400003E7E0000812400006B5B0000AB
:1075F000447E0000535B0000E55A0000455B00003C
:1076000000000000835A000000000000000000009D
:10761000DF5B00007D270000935B00005D2700001A
:107620004D2700000400000000FF0000FFFFFFFFE7
:10763000000000500000000000000000006000405A
:10764000000000004D280000C95C0000D75C00006D
:10765000EF5C0000FB5C0000075D0000C929000032
:10766000215D0000000000006C760000002000405A
:107670007876000001000000807600000200000023
:10768000050000000B000001392C00006D2C0000EB
:107690005D2C00000200000006000000982F8A42C6
:1076A00091443771CFFBC0B5A5DBB5E95BC2563954
:1076B000F111F159A4823F92D55E1CAB98AA07D86C
:1076C000015B8312BE853124C37D0C55745DBE728F
:1076D000FEB1DE80A706DC9B74F19BC1C1699BE40F
:1076E0008647BEEFC69DC10FCCA10C246F2CE92D9F
:1076F000AA84744ADCA9B05CDA88F97652513E98C3
:107700006DC631A8C82703B0C77F59BFF30BE0C6C9
:107710004791A7D55163CA0667292914850AB72757
:1077200038211B2EFC6D2C4D130D385354730A65F4
:10773000BB0A6A762EC9C281852C7292A1E8BFA2CB
:107740004B661AA8708B4BC2A3516CC719E892D133
:10775000240699D685350EF470A06A1016C1A419B6
:10776000086C371E4C774827B5BCB034B30C1C39B5
:107770004AAAD84E4FCA9C5BF36F2E68EE828F7474
:107780006F63A5781478C8840802C78CFAFFBE908E
:10779000EB6C50A4F7A3F9BEF27871C61873000021
:1077A00018730000507300005873000068730000E5
:1077B0006873000001000200100011001200200098
:1077C0002100220023002400300031003200330069
:1077D000FFFF77C295F360D2EF7F3552500F2CB682
:1077E000798025633A205374617274696E672062F0
:1077F0006F6F746C6F616465720A0025633A20557F
:107800006E61626C6520746F2066696E6420626FC1
:107810006F7461626C6520696D6167650A0025633C
:107820003A20426F6F746C6F6164657220636861A7
:10783000696E6C6F61642061646472657373206F3C
:1078400066667365743A20307825780A0025633AB5
:10785000204A756D70696E6720746F2074686520AA
:10786000666972737420696D61676520736C6F74EB
:107870000A0025633A2050726F74656374206D634B
:1078800075626F6F7420666C617368206661696CE5
:1078900065642C2063616E63656C2073746172741F
:1078A00075702E0A0025633A204E65766572207346
:1078B000686F756C642067657420686572650A007E
:1078C0006D6375626F6F740025633A20696E76612F
:1078D0006C696420666C6173682049442025643BB0
:1078E0002065787065637465642025640A00000073
:1078F00000000000000025633A20556E61626C654F
:1079000020746F2064657465726D696E6520666CA5
:1079100061736820736563746F72206F662074688A
:107920006520696D61676520747261696C65720AB2
:10793000007072696D617279007365636F6E646166
:1079400072790025633A20496D61676520696E2070
:1079500074686520257320736C6F74206973206EC2
:107960006F742076616C6964210A0025633A2025D2
:10797000642073746174757320777269746520660E
:1079800061696C7320706572666F726D696E6720D5
:1079900074686520737761700A0025633A20466138
:1079A000696C656420746F206F70656E20666C6111
:1079B000736820617265612049442025642028692C
:1079C0006D61676520256420736C6F7420256429C0
:1079D0003A2025642C2063616E6E6F7420636F6E95
:1079E00074696E75650A0025633A204661696C65A5
:1079F000642072656164696E6720736563746F7279
:107A0000733B20424F4F545F4D41585F494D475F94
:107A1000534543544F52533D2564202D20746F6FBE
:107A200020736D616C6C3F0A0025633A20466169E2
:107A30006C65642072656164696E6720696D616759
:107A40006520686561646572733B20496D61676597
:107A50003D25750A0025633A204661696C656420FE
:107A600072656164696E6720626F6F742073746100
:107A70007475733B20496D6167653D25750A002566
:107A8000633A2070616E6963210A0025633A2044DD
:107A90006574656374656420696E636F6E73697382
:107AA00074656E7420737461747573210A002563A4
:107AB0003A2043616E6E6F74207570677261646501
:107AC0003A206E6F74206120636F6D70617469621B
:107AD0006C6520616D6F756E74206F6620736563D1
:107AE000746F72730A0025633A2043616E6E6F747F
:107AF00020757067726164653A206D6F72652073DE
:107B00006563746F7273207468616E20616C6C6F52
:107B10007765640A0025633A2043616E6E6F7420B6
:107B2000757067726164653A206E6F742073616D61
:107B30006520736563746F72206C61796F75740A68
:107B40000062616400676F6F6400756E7365740036
:107B50005072696D61727920696D61676500256396
:107B60003A2025733A206D616769633D25732C20A7
:107B7000737761705F747970653D307825782C205B
:107B8000636F70795F646F6E653D307825782C2067
:107B9000696D6167655F6F6B3D307825780A0053CA
:107BA00065636F6E6461727920696D616765002538
:107BB000633A20426F6F7420736F757263653A2069
:107BC0007072696D61727920736C6F740A0025633D
:107BD0003A20426F6F7420736F757263653A206E3E
:107BE0006F6E650A0025633A205374617274696E82
:107BF000672073776170207573696E67206D6F768B
:107C00006520616C676F726974686D2E0A00256368
:107C10003A204E6F7420656E6F75676820667265D6
:107C20006520737061636520746F2072756E2073B8
:107C300077617020757067726164650A0025633A28
:107C4000207265717569726564202564206279749B
:107C5000657320627574206F6E6C792025642061D5
:107C6000726520617661696C61626C650A003082C0
:107C7000010A0282010100D106081A18442C18E8F2
:107C8000FBFDF70DA34F1FBBEE5EF9AAD24B18D335
:107C90005AE96D188019F9F09C341BCBF3BC74DBE6
:107CA00042E78C7F10537E435E0D572C44D167080A
:107CB0000F0DBB5CEEECB399DFE04D840BAA77416E
:107CC00060ED152849A701B43C10E6698C2F5FAC24
:107CD000414D9E5C14DFF2F8CF3D1E6FE75BBAB4F6
:107CE000A9C8887E473C94C37767544BAA8D383522
:107CF000CA62617EB7E115DB7773D4BE7B722189DE
:107D00006924FBF8656E643EC80ED785D55C4AE4ED
:107D1000530D2FFFB7FDF31339833FA3AED20FA747
:107D20006A9DF9FEB8CEFA2ABEAFB8E0FA8237549F
:107D3000F43EE12BD0D3085818F65E4CC888813148
:107D4000AD5FB08217F28A692723F3AB873E931A9F
:107D50001DFEE8F81A246659F81CABDCCE681B66D9
:107D60006435ECFA0D119DAF5C3AA7D167C647EFB9
:107D7000B14B2C62E1D1C902030100012D002000AA
:107D80002B00307800305800286E696C29002A2AB0
:107D90002A20426F6F74696E67204D4355626F6F82
:107DA000742076322E312E302D6465762D3435399F
:107DB000346138363933373338202A2A2A0A002AE0
:107DC0002A2A205573696E67206E524620436F6ED3
:107DD0006E6563742053444B2076322E382E302D3E
:107DE000613233383662666338343031202A2A2AC9
:107DF0000A002A2A2A205573696E67205A6570681E
:107E00007972204F532076332E372E39392D306238
:107E100063333339336662313132202A2A2A0A0029
:107E2000464C4153485F30005352414D5F30006330
:107E30006C6F636B40343030303030303000686607
:107E4000636C6B006C66636C6B00666C6173682DB1
:107E5000636F6E74726F6C6C657240343030316574
:107E6000303030006770696F40353030303030303E
:107E70003000000102030405060775617274403486
:107E800030303032303030007065726D00746573A0
:107E900074004255473B2063616E2774206861700F
:107EA00070656E007265766572740025633A2053C2
:107EB00065636F6E6461727920696D616765206FBB
:107EC0006620696D6167652070616972202825648C
:107ED0002E2920697320756E726561636861626C1A
:107EE000652E205472656174206974206173206569
:107EF0006D7074790A0025633A20496D61676520C9
:107F0000696E6465783A2025642C2053776170206F
:107F1000747970653A2025730A0025633A20496D0B
:107F200061676520696E6465783A2025642C20536A
:107F300077617020747970653A206E6F6E650A0003
:107F40000401040304020401040104030103030403
:107F50000104092040081C4000000000010000004E
:107F60000101000001010101000000005465726D73
:107F7000696E616C000000000000005454522052F1
:107F80004547474553000000FFFFFFFFFFFFFFFF8E
:107F900001000000FFFFFFFFD15600003475000014
:107FA0007D5A000000C20100000103006B5A00006E
:107FB000A76D0000A96D0000A36D00000000000087
:107FC00000000000000000000000000000000000B1
:107FD00000000000000000000000000000000000A1
:107FE0000000000000000000000000000000000091
:107FF0000000000000000000000000000000000081
:108000000000000000000000000000000800000068
:10801000FF00000000000000010000000000000060
:108020005005002050050020000000000000000066
:0480300015E015E062
:10C000003DB8F3960000000000020000742F03000A
:10C0100000000000000001000B0000000000000014
:10C02000FFFFFFFFFFFFFFFFFFFFFFFFFFFFFFFF20
:10C03000FFFFFFFFFFFFFFFFFFFFFFFFFFFFFFFF10
:10C04000FFFFFFFFFFFFFFFFFFFFFFFFFFFFFFFF00
:10C05000FFFFFFFFFFFFFFFFFFFFFFFFFFFFFFFFF0
:10C06000FFFFFFFFFFFFFFFFFFFFFFFFFFFFFFFFE0
:10C07000FFFFFFFFFFFFFFFFFFFFFFFFFFFFFFFFD0
:10C08000FFFFFFFFFFFFFFFFFFFFFFFFFFFFFFFFC0
:10C09000FFFFFFFFFFFFFFFFFFFFFFFFFFFFFFFFB0
:10C0A000FFFFFFFFFFFFFFFFFFFFFFFFFFFFFFFFA0
:10C0B000FFFFFFFFFFFFFFFFFFFFFFFFFFFFFFFF90
:10C0C000FFFFFFFFFFFFFFFFFFFFFFFFFFFFFFFF80
:10C0D000FFFFFFFFFFFFFFFFFFFFFFFFFFFFFFFF70
:10C0E000FFFFFFFFFFFFFFFFFFFFFFFFFFFFFFFF60
:10C0F000FFFFFFFFFFFFFFFFFFFFFFFFFFFFFFFF50
:10C10000FFFFFFFFFFFFFFFFFFFFFFFFFFFFFFFF3F
:10C11000FFFFFFFFFFFFFFFFFFFFFFFFFFFFFFFF2F
:10C12000FFFFFFFFFFFFFFFFFFFFFFFFFFFFFFFF1F
:10C13000FFFFFFFFFFFFFFFFFFFFFFFFFFFFFFFF0F
:10C14000FFFFFFFFFFFFFFFFFFFFFFFFFFFFFFFFFF
:10C15000FFFFFFFFFFFFFFFFFFFFFFFFFFFFFFFFEF
:10C16000FFFFFFFFFFFFFFFFFFFFFFFFFFFFFFFFDF
:10C17000FFFFFFFFFFFFFFFFFFFFFFFFFFFFFFFFCF
:10C18000FFFFFFFFFFFFFFFFFFFFFFFFFFFFFFFFBF
:10C19000FFFFFFFFFFFFFFFFFFFFFFFFFFFFFFFFAF
:10C1A000FFFFFFFFFFFFFFFFFFFFFFFFFFFFFFFF9F
:10C1B000FFFFFFFFFFFFFFFFFFFFFFFFFFFFFFFF8F
:10C1C000FFFFFFFFFFFFFFFFFFFFFFFFFFFFFFFF7F
:10C1D000FFFFFFFFFFFFFFFFFFFFFFFFFFFFFFFF6F
:10C1E000FFFFFFFFFFFFFFFFFFFFFFFFFFFFFFFF5F
:10C1F000FFFFFFFFFFFFFFFFFFFFFFFFFFFFFFFF4F
:10C20000D08A0020913702000D4303007D370200E1
:10C210007D3702007D3702007D37020000000000FC
:10C220000000000000000000000000006139020072
:10C230007D370200000000002D3902007D3702002A
:10C24000E93A020019720300E93A0200E93A0200F1
:10C25000E93A0200E93A0200E93A0200E93A02004A
:10C26000CF710300E93A0200E93A020003720300C9
:10C27000E93A0200E93A0200E93A0200E93A02002A
:10C28000E93A0200E93A0200E93A0200E93A02001A
:10C29000E93A0200E93A0200E93A0200E93A02000A
:10C2A000E93A0200E93A0200E93A0200E93A0200FA
:10C2B000E93A0200E93A0200E93A0200E93A0200EA
:10C2C000E93A0200E93A0200E93A0200E93A0200DA
:10C2D000E93A0200E93A0200E93A0200FFFFFFFFF3
:10C2E00081F0004102E000BF83F0004330B54FEA27
:10C2F00041044FEA430594EA050F08BF90EA020F94
:10C300001FBF54EA000C55EA020C7FEA645C7FEA26
:10C31000655C00F0E2804FEA5454D4EB5555B8BF49
:10C320006D420CDD2C4480EA020281EA030382EABA
:10C33000000083EA010180EA020281EA0303362D4C
:10C3400088BF30BD11F0004F4FEA01314FF4801C1F
:10C350004CEA113102D0404261EB410113F0004F31
:10C360004FEA03334CEA133302D0524263EB4303E8
:10C3700094EA050F00F0A780A4F10104D5F1200E86
:10C380000DDB02FA0EFC22FA05F2801841F10001E1
:10C3900003FA0EF2801843FA05F359410EE0A5F1B5
:10C3A00020050EF1200E012A03FA0EFC28BF4CF0E6
:10C3B000020C43FA05F3C01851EBE37101F000459C
:10C3C00007D54FF0000EDCF1000C7EEB00006EEBA9
:10C3D0000101B1F5801F1BD3B1F5001F0CD3490833
:10C3E0005FEA30004FEA3C0C04F101044FEA44528A
:10C3F00012F5800F80F09A80BCF1004F08BF5FEA11
:10C40000500C50F1000041EB045141EA050130BDF0
:10C410005FEA4C0C404141EB0101013C28BFB1F502
:10C42000801FE9D291F0000F04BF01460020B1FA4D
:10C4300081F308BF2033A3F10B03B3F120020CDA20
:10C440000C3208DD02F1140CC2F10C0201FA0CF0FE
:10C4500021FA02F10CE002F11402D8BFC2F1200C63
:10C4600001FA02F120FA0CFCDCBF41EA0C01904019
:10C47000E41AA2BF01EB0451294330BD6FEA040462
:10C480001F3C1CDA0C340EDC04F11404C4F120024D
:10C4900020FA04F001FA02F340EA030021FA04F35F
:10C4A00045EA030130BDC4F10C04C4F1200220FAB6
:10C4B00002F001FA04F340EA0300294630BD21FAF4
:10C4C00004F0294630BD94F0000F83F4801306BFBA
:10C4D00081F480110134013D4EE77FEA645C18BFAE
:10C4E0007FEA655C29D094EA050F08BF90EA020F45
:10C4F00005D054EA000C04BF1946104630BD91EA3D
:10C50000030F1EBF0021002030BD5FEA545C05D13F
:10C510004000494128BF41F0004130BD14F580047E
:10C520003CBF01F5801130BD01F0004545F0FE41F2
:10C5300041F470014FF0000030BD7FEA645C1ABF27
:10C54000194610467FEA655C1CBF0B46024650EA5E
:10C55000013406BF52EA033591EA030F41F400218A
:10C5600030BD00BF90F0000F04BF0021704730B510
:10C570004FF4806404F132044FF000054FF00001E5
:10C5800050E700BF90F0000F04BF0021704730B5A6
:10C590004FF4806404F1320410F0004548BF40427B
:10C5A0004FF000013EE700BF42004FEAE2014FEAD0
:10C5B00031014FEA02701FBF12F07F4393F07F4FAB
:10C5C00081F06051704732F07F4208BF704793F0AE
:10C5D0007F4F04BF41F40021704730B54FF46074C1
:10C5E00001F0004521F000411CE700BF50EA0102C4
:10C5F00008BF704730B54FF000050AE050EA01026D
:10C6000008BF704730B511F0004502D5404261EBDC
:10C6100041014FF4806404F132045FEA915C3FF41D
:10C62000D8AE4FF003025FEADC0C18BF03325FEABA
:10C63000DC0C18BF033202EBDC02C2F1200300FA6B
:10C6400003FC20FA02F001FA03FE40EA0E0021FA90
:10C6500002F11444BDE600BF70B54FF0FF0C4CF47E
:10C66000E06C1CEA11541DBF1CEA135594EA0C0F30
:10C6700095EA0C0F00F0DEF82C4481EA030621EA6B
:10C680004C5123EA4C5350EA013518BF52EA0335A6
:10C6900041F4801143F4801338D0A0FB02CE4FF058
:10C6A0000005E1FB02E506F00042E0FB03E54FF088
:10C6B0000006E1FB03569CF0000F18BF4EF0010E80
:10C6C000A4F1FF04B6F5007F64F5407404D25FEA7C
:10C6D0004E0E6D4146EB060642EAC62141EA55512F
:10C6E0004FEAC52040EA5E504FEACE2EB4F1FD0C71
:10C6F00088BFBCF5E06F1ED8BEF1004F08BF5FEAEF
:10C70000500E50F1000041EB045170BD06F00046A0
:10C7100046EA010140EA020081EA0301B4EB5C044D
:10C72000C2BFD4EB0C0541EA045170BD41F4801145
:10C730004FF0000E013C00F3AB8014F1360FDEBF6A
:10C74000002001F0004170BDC4F10004203C35DA46
:10C750000C341BDC04F11404C4F1200500FA05F3C9
:10C7600020FA04F001FA05F240EA020001F000426A
:10C7700021F0004110EBD37021FA04F642EB0601E0
:10C780005EEA430E08BF20EAD37070BDC4F10C040A
:10C79000C4F1200500FA04F320FA05F001FA04F2CE
:10C7A00040EA020001F0004110EBD37041F10001BA
:10C7B0005EEA430E08BF20EAD37070BDC4F12005C5
:10C7C00000FA05F24EEA020E20FA04F301FA05F22D
:10C7D00043EA020321FA04F001F0004121FA04F2D5
:10C7E00020EA020000EBD3705EEA430E08BF20EAA5
:10C7F000D37070BD94F0000F0FD101F000464000DF
:10C8000041EB010111F4801F08BF013CF7D041EA60
:10C81000060195F0000F18BF704703F00046520064
:10C8200043EB030313F4801F08BF013DF7D043EA35
:10C830000603704794EA0C0F0CEA135518BF95EAEB
:10C840000C0F0CD050EA410618BF52EA4306D1D172
:10C8500081EA030101F000414FF0000070BD50EA91
:10C86000410606BF1046194652EA430619D094EA1B
:10C870000C0F02D150EA013613D195EA0C0F05D105
:10C8800052EA03361CBF104619460AD181EA030159
:10C8900001F0004141F0FE4141F470014FF0000011
:10C8A00070BD41F0FE4141F4780170BD70B54FF0AC
:10C8B000FF0C4CF4E06C1CEA11541DBF1CEA13552C
:10C8C00094EA0C0F95EA0C0F00F0A7F8A4EB05040E
:10C8D00081EA030E52EA03354FEA013100F0888005
:10C8E0004FEA03334FF0805545EA131343EA1263CE
:10C8F0004FEA022245EA111545EA10654FEA002683
:10C900000EF000419D4208BF964244F1FD0404F53B
:10C91000407402D25B084FEA3202B61A65EB030597
:10C920005B084FEA32024FF480104FF4002CB6EB54
:10C93000020E75EB030E22BFB61A754640EA0C00D4
:10C940005B084FEA3202B6EB020E75EB030E22BF14
:10C95000B61A754640EA5C005B084FEA3202B6EB55
:10C96000020E75EB030E22BFB61A754640EA9C0014
:10C970005B084FEA3202B6EB020E75EB030E22BFE4
:10C98000B61A754640EADC0055EA060E18D04FEAA2
:10C99000051545EA16754FEA06164FEAC30343EA42
:10C9A00052734FEAC2025FEA1C1CC0D111F4801F0F
:10C9B0000BD141EA00014FF000004FF0004CB6E708
:10C9C00011F4801F04BF01430020B4F1FD0C88BFA7
:10C9D000BCF5E06F3FF6AFAEB5EB030C04BFB6EBB2
:10C9E000020C5FEA500C50F1000041EB045170BDA5
:10C9F0000EF0004E4EEA113114EB5C04C2BFD4EBD2
:10CA00000C0541EA045170BD41F480114FF0000E55
:10CA1000013C90E645EA060E8DE60CEA135594EAD1
:10CA20000C0F08BF95EA0C0F3FF43BAF94EA0C0FD4
:10CA30000AD150EA01347FF434AF95EA0C0F7FF449
:10CA400025AF104619462CE795EA0C0F06D152EA9D
:10CA500003353FF4FDAE1046194622E750EA410681
:10CA600018BF52EA43067FF4C5AE50EA41047FF492
:10CA70000DAF52EA43057FF4EBAE12E74FF0FF3CF7
:10CA800006E000BF4FF0010C02E000BF4FF0010CC8
:10CA90004DF804CD4FEA410C7FEA6C5C4FEA430C41
:10CAA00018BF7FEA6C5C1BD001B050EA410C0CBF90
:10CAB00052EA430C91EA030F02BF90EA020F0020F2
:10CAC000704710F1000F91EA030F58BF994208BF59
:10CAD00090422CBFD8176FEAE37040F00100704716
:10CAE0004FEA410C7FEA6C5C02D150EA013C07D16D
:10CAF0004FEA430C7FEA6C5CD6D152EA033CD3D0B8
:10CB00005DF8040B704700BF8446104662468C46B1
:10CB10001946634600E000BF01B5FFF7B7FF0028E4
:10CB200048BF10F1000F01BD4DF808EDFFF7F4FF0D
:10CB30000CBF012000205DF808FB00BF4DF808ED98
:10CB4000FFF7EAFF34BF012000205DF808FB00BFBB
:10CB50004DF808EDFFF7E0FF94BF012000205DF8DD
:10CB600008FB00BF4DF808EDFFF7CEFF94BF012092
:10CB700000205DF808FB00BF4DF808EDFFF7C4FF8B
:10CB800034BF012000205DF808FB00BF4FEA4102DE
:10CB900012F5001215D211D56FF47873B3EB62520F
:10CBA00012D94FEAC12343F0004343EA505311F036
:10CBB000004F23FA02F018BF404270474FF00000C8
:10CBC000704750EA013005D111F0004008BF6FF006
:10CBD000004070474FF00000704700BF4FEA41022D
:10CBE000B2F1E04324BFB3F5001CDCF1FE5C0DD9CB
:10CBF00001F0004C4FEAC0024CEA5070B2F1004F15
:10CC000040EB830008BF20F00100704711F0804F17
:10CC100021D113F13872BCBF01F00040704741F4DC
:10CC200080114FEA5252C2F11802C2F1200C10FAE0
:10CC30000CF320FA02F018BF40F001004FEAC123C4
:10CC40004FEAD32303FA0CFC40EA0C0023FA02F368
:10CC50004FEA4303CCE77FEA625307D150EA01333E
:10CC60001EBF4FF0FE4040F44000704701F000400E
:10CC700040F0FE4040F40000704700BF53B94AB98D
:10CC8000002908BF00281CBF4FF0FF314FF0FF30D4
:10CC900000F00CB8ADF1080C6DE904CE0BF032FADF
:10CCA000DDF804E0DDE9022304B07047704700BFFF
:10CCB0002DE9F00791E8F807B2E802105B1854EB91
:10CCC0000C04B2E802104D4156EB0C06B2E802101B
:10CCD0004F4158EB0C08B2E8021059EB01095AEB2E
:10CCE0000C0A80E8F80780410130BDE8F007704782
:10CCF0002DE9F00791E8F807B2E802105B1A74EB2F
:10CD00000C04B2E802108D4176EB0C06B2E802107A
:10CD10008F4178EB0C08B2E8021079EB01097AEB4D
:10CD20000C0A80E8F80780414042BDE8F0077047F0
:10CD30002DE9F007524290E87800B1E880071740EB
:10CD4000DB1918EA020854EB080419EA020955EB4A
:10CD500009051AEA020A56EB0A0678C090E878003C
:10CD6000B1E8800717407B4118EA020854EB080439
:10CD700019EA020955EB09051AEA020A56EB0A06F6
:10CD800078C080410130BDE8F00770472DE9F00719
:10CD9000524290E87800B1E880071740DB1B18EAA0
:10CDA000020874EB080419EA020975EB09051AEA8E
:10CDB000020A76EB0A0678C090E87800B1E88007AE
:10CDC0001740BB4118EA020874EB080419EA02098B
:10CDD00075EB09051AEA020A76EB0A0678C080416B
:10CDE0004042BDE8F00770472DE9F00152424FF094
:10CDF000040890E8300091E8C000A31B1340E41A37
:10CE0000F618EB1B1340ED1AFF1830C0C0C1B8F183
:10CE10000108EED1BDE8F001704700BF00B592E80F
:10CE2000DC072DE9DC07B1E8805702B4A7FB02510B
:10CE30000A95A8FB020BE7FB6310E9FB62B00B91BC
:10CE4000A8FB0351EAFB6201E7FB64B5E7FB66055B
:10CE5000E8FB6615CDF830B0A9FB03B6EAFB631614
:10CE6000ECFB6356E8FB640BE9FB641BEAFB645BC9
:10CE7000ECFB646B0D90ACFB0230059CEEFB62504A
:10CE8000E9FB6460EAFB64B0E7FB6431E8FB6451F2
:10CE9000069CE8FB6461E9FB64B1EAFB64010E9364
:10CEA000A7FB0432079CE7FB6462E8FB64B2E9FB82
:10CEB0006402EAFB6412049CE9FB6453EAFB6463CA
:10CEC000089CE7FB64B3E8FB6403E9FB6413EAFB3B
:10CED00064230F955DF8049B99E80006DDF8008057
:10CEE000A9FB0854EAFB68B4DDF81080ECFB680489
:10CEF000EEFB6814E9FB6824EAFB6834DDF8048083
:10CF0000EEFB6865E9FB68B5EAFB6805DDF81480AF
:10CF1000ECFB6815EEFB6825E9FB6835EAFB684524
:10CF20000F96DDF80880AEFB0876E9FB6806EAFBA1
:10CF30006816DDF81880ECFB6826EEFB6836E9FB26
:10CF40006846EAFB6856DDF80C80ECFB68B7EEFB40
:10CF50006807E9FB6817EAFB6827DDF81C80ECFB33
:10CF60006837EEFB6847E9FB6857EAFB686708B07B
:10CF700000BD00BF2DE9F14F87B0FFF74FFFDDF88F
:10CF80001C8008F1200888E8FF00FFBC87E87F08C4
:10CF9000BDE8F08F00B591E89857A3FB03520195C7
:10CFA000A3FB0401E3FB6420E3FB67100292A3FBF5
:10CFB0000752E3FB6802E4FB6415E3FB6805E3FB4F
:10CFC00069250391A4FB07B6E3FB6926E3FB6A56D8
:10CFD000E4FB670BE4FB682BE3FB6A5BE3FB6C6B36
:10CFE0000490A4FB0810E4FB6950E3FB6C60E3FBD6
:10CFF0006EB0E7FB6721E4FB6951E4FB6A61E3FB88
:10D000006EB1E4FB6E010592A7FB0832E4FB6A6295
:10D01000E4FB6CB2E4FB6E02E7FB6E12E7FB6853C5
:10D02000E7FB6963E4FB6CB3E7FB6C03E7FB6E13A0
:10D03000E8FB6E230695A7FB0954E7FB6AB4E7FB00
:10D040006C04E8FB6C14E8FB6E24E9FB6E34E8FB2F
:10D050006865E7FB6AB5E8FB6A05E8FB6C15E9FB68
:10D060006C25E9FB6E35EAFB6E450796A8FB097651
:10D07000E8FB6A06E9FB6A16E9FB6C26EAFB6C36FC
:10D08000EAFB6E46ECFB6E56E8FB69B7E9FB690705
:10D09000E9FB6A17EAFB6A27EAFB6C37ECFB6C4793
:10D0A000ECFB6E57EEFB6E6700BD00BF2DE9F14F44
:10D0B00087B0FFF76FFFDDF81C8008F1200888E8D3
:10D0C000FF00FFBC87E87F08BDE8F08F30B44FF069
:10D0D000000310F8014B11F8015B013A84EA0504E2
:10D0E00043EA0403F5D1A3F101034FEAD37030BC46
:10D0F000704700BF4FF0000310F8012B013943EADD
:10D100000203F9D1A3F101034FEAD370704700BFC6
:10D1100030B411F8014B12F8015B6C4000F8014B80
:10D12000013BF6D130BC70472DE9F00791E8F807D4
:10D13000B2E802105B1854EB0C04B2E802104D4147
:10D1400056EB0C06B2E802104F4158EB0C08B2E85F
:10D15000021059EB01095AEB0C0A8941B3F1FF3374
:10D1600074F1FF3475F1FF3576F1000677F10007B1
:10D1700078F1000879F101097AF1FF3A51F10001E3
:10D180005B184C414D4156F1000657F1000758F12C
:10D19000000859EBD1795AEB010A80E8F807BDE89D
:10D1A000F00770472DE9F00791E8F807B2E80210A0
:10D1B0005B1A74EB0C04B2E802108D4176EB0C069E
:10D1C000B2E802108F4178EB0C08B2E8021079EB5C
:10D1D00001097AEB0C0A89415B184C414D4156F12B
:10D1E000000657F1000758F1000859EBD1795AEBC6
:10D1F000010A80E8F807BDE8F007704718EB04085B
:10D2000059EB05095AEB060A5BEB070B5FF0000CC4
:10D210004CF1000C18EB050859EB06095AEB070A0C
:10D220005BEB070B50EB0C005FF0000C51EB0C01BB
:10D2300052EB0C0263414CF1000CB8EB070879F19A
:10D2400000097AF1000A7BEB040BA841B141A2412D
:10D25000B3416CF1000CBBEB050BB041B941AA41E5
:10D26000BB416CF1000C4CF001068CF0020718EB8E
:10D27000060859EB6C095AEB6C0A7BEB6C0B70EBF4
:10D280006C0471EB6C0572EB670653EB6C076CEB8F
:10D290006C0C18EB0C0059EB0C015AEB0C025BF117
:10D2A000000354F1000455F1000556EBDC7657EB12
:10D2B0000C0770472DE9F14F87B0FFF7AFFDDDF8A0
:10D2C0001080DDF81490DDF818A0FFF797FFBDE897
:10D2D000000FFFF793FF03B05DF8048B88E8FF00B1
:10D2E000BDE8F08F2DE9F14F87B0FFF753FEDDF871
:10D2F0001080DDF81490DDF818A0FFF77FFFBDE87F
:10D30000000FFFF77BFF03B05DF8048B88E8FF0098
:10D31000BDE8F08F1FB50B4B01934FF49473ADF83C
:10D32000083008238DF80A3083788DF80B3001A976
:10D33000FF2301208DF80C3000F0CCFB05B05DF828
:10D3400004FB00BFA1B401001FB50A4B01934FF4C9
:10D350002073ADF8083008238DF80A3001A943780E
:10D360008DF80B3000208DF80C0000F0B3FB05B0F9
:10D370005DF804FB2BB901001FB572B6184B1D6890
:10D38000E5B9BFF34F8F1749174BCA6802F4E06243
:10D390001343CB60BFF34F8F00BFFDE7B2FBF6F244
:10D3A000DCB20133002AF9D104F110036B4403F815
:10D3B0000C2C0A2234B901A8A847E2E70246002350
:10D3C0000A26EDE7631E04AEDCB256FA83F3B0FB27
:10D3D000F2F602FB1600303003F80C0C3046E9E799
:10D3E000600F002000ED00E00400FA0507B50C4BCB
:10D3F0001A7B8DF80120DA7A8DF8002068469A7A37
:10D400005B7AADF80420ADF8023002F04BFC18B1A5
:10D41000DE210320FFF7B0FF03B05DF804FB00BF7F
:10D42000600F00202DE9F34104460D4671B91B4BF6
:10D4300093F82A3053B9012101A80193FFF7F2FFB5
:10D4400020B94FF403710320FFF796FF2368144FB0
:10D45000DFF850800733002D23F0070323600CBF53
:10D460002046002000F012FB002657F8043B0BB1C9
:10D47000404698470136032EF7D100F07BFB031E90
:10D4800009DB206818440DB1002804DB206001206E
:10D4900002B0BDE8F0810020FAE700BF600F002075
:10D4A00008050020640F002037B5B0FA80F1019024
:10D4B0000546490901A8FFF7B5FF18B96FF00B0041
:10D4C00003B030BD2A4CA17A607A237BE27A033123
:10D4D00003300BF07AFC011EF0DB019823796279AE
:10D4E0000330134420F00300002D019003FB01F1F1
:10D4F00008BF002000F080FC019B0DB9C342DDD4C1
:10D500001844A3790190C3B1E17C1944E37919442B
:10D51000FF29D3DC033020F00300002D0190E289C5
:10D5200008BF0020C9B200F0D7FC031EC6DB01987B
:10D5300018440DB90028C1DB0190217C99B1A37971
:10D540008BB10198073020F00700002D019008BF33
:10D55000002003F01DFF031EB0DB019818440DB935
:10D560000028ABDB01900DB90198A9E70020A7E7DF
:10D57000600F002038B5044690B30AF055F910B991
:10D580004FF0FF3038BD0EF0C3FAB0F5FA7FF7D890
:10D59000164D17482C6000F0FBF9164B0024C3E928
:10D5A00000449C6026222146281D85F82A400AF066
:10D5B0003DFD01236B71AB711B236B7240F21B337A
:10D5C0006B8102232B731F23EB8108232B74EFF352
:10D5D000108572B600F056FD2DB962B62846D1E727
:10D5E0006FF01500CEE72046CCE700BF600F0020AB
:10D5F000EDD300000805002010B500283CD1214CD7
:10D6000094F82A30032B34D059B1002A37D002398C
:10D61000052931D8DFE801F00314223025281378DA
:10D6200063710020FFF740FF0028B7BF01230223EA
:10D6300084F82A306FF00B00A8BF84F82A3010BDA0
:10D640009378E3B1D378D3B113781A2B17D95378E1
:10D650001A2B14D91368C4F80930E2E71378A371C0
:10D66000DFE71388E381DCE71388FF2B07D82374F7
:10D67000D7E74FF0FF30E2E76FF02C00DFE76FF005
:10D680001500DCE7600F0020F8B50D46074660B3D3
:10D6900059B311F0070428D1154E96F82A30012B02
:10D6A00002D16FF00B00F8BD032B02D14FF0FF3019
:10D6B000F9E700F0A9F80028F8D02846FFF7F4FEB3
:10D6C0000028EEDB38460AF023FA86F82B000EF02D
:10D6D00063F996F82B00214602F078FBFFF786FEEF
:10D6E000032386F82A302046DDE76FF01500DAE7DD
:10D6F000600F002010B5084C94F82A30032B05D198
:10D7000002F07CFB94F82B000AF01EFA0BF053FC9D
:10D71000002084F82A0010BD600F002050B1074B94
:10D7200003F1140253F8041B40F8041B9342F9D18F
:10D73000002070476FF01500704700BF69E60300D6
:10D7400010B5074B93F82A4034B902F009FB054B9A
:10D75000054A5A60204610BD4FF0FF30FBE700BF7E
:10D76000600F00200805002015D3000010B5074BFE
:10D7700093F82A4034B902F007FB054B054A1A60BA
:10D78000204610BD4FF0FF30FBE700BF600F0020C8
:10D790000805002049D3000010B5054B93F82A4036
:10D7A0001CB902F0A9FA204610BD4FF0FF30FBE78C
:10D7B000600F002010B5054B93F82A401CB90CF0FF
:10D7C00084FC204610BD4FF0FF30FBE7600F0020C7
:10D7D00010B5054B93F82A401CB90CF079FC204693
:10D7E00010BD4FF0FF30FBE7600F0020024B0268D6
:10D7F0001A600020704700BF8C0F0020014B1B688F
:10D80000184700BF8C0F0020024B1868003818BF63
:10D81000012070478C0F00202DE9F743294E044664
:10D82000071D2848376003F0C7F80228054607D1CE
:10D83000244920460AF0D5FD284603B0BDE8F08310
:10D84000042838D13378072B18D13E2000F050F847
:10D8500078B9F378327901A943EA02236846ADF832
:10D8600000300BF098F80028DBD053210820FFF798
:10D8700083FD052000F07CF80028EAD031462046E0
:10D880000AF014FEB0F5817F01D37221EEE7002883
:10D89000C7D094F8008094F80290404600F028F831
:10D8A0000028BED0B8F13E0FC6D1484600F060F85F
:10D8B0000028C1D1B5E70828BED1024920460AF0A8
:10D8C000BFFDB9E7900F0020074B4FF0FF3141F645
:10D8D000FF72C3E9001205490022C1E900221F219D
:10D8E000C3E90212704700BFC0040020D40F00201B
:10D8F0003F280CD801380B4BC0F3421200F01F0038
:10D9000053F8223023FA00F000F001007047FF289E
:10D9100006D04038C0F34212034B00F01F00EFE77F
:10D9200001207047C0040020D40F00200146074B9F
:10D93000006849681A4603C240F48C221A6041F01C
:10D94000107242F4FF625A60704700BFC0040020AA
:10D950000246024B0068516803C37047D40F002091
:10D960000246024B0068516803C37047C804002098
:10D970000138064BC0F3421203EB820300F01F0094
:10D980009B6823FA00F000F001007047C0040020FB
:10D99000014B1860704700BFDC0F002010B5FFF787
:10D9A00093FF0BF0E4FF034B1B68044603B1984759
:10D9B000204610BDDC0F00200B880288F0B5C3F3B1
:10D9C0000E049EB204F11403C57CC35A02352A44E6
:10D9D0002B4497B213FA82F3013B4288B3FBF7F36F
:10D9E00013FB07439BB29A42044A93BF22EA060301
:10D9F000324013439BB20B80F0BD00BF0080FFFF9D
:10DA00004A1E062A08B50346084604D84FF4D171C9
:10DA10001520FFF7B1FC094A914202D940F2A31147
:10DA2000F6E711B903B1196008BD2BB11B680022DC
:10DA3000C3E901211A1D1A600430F5E7FAFFFF7FE0
:10DA400010B5114B00EB41041A786389B3FBF2F374
:10DA500003FB0223013A1A44B2F5706F027928BF22
:10DA600000231A448378B2FBF3F0194403FB10201F
:10DA7000091AB1FBF3F003FB101313446FEA43439D
:10DA80006FEA5343638110BDE00F002010B5104BC7
:10DA9000C8B15A78022A04D040F22B111720FFF7A0
:10DAA0006BFC03225A70026812F0070102D04FF497
:10DAB0009871F3E75C685A6022440260C3E903117D
:10DAC0009A60596110BD0122C3E901005A70F9E75B
:10DAD000E00F00202DE9F041254E96F801E00EF010
:10DAE000FD0CBCF1010F04D040F245111720FFF7E7
:10DAF00043FC91F80680B8F1080F02D940F24711B3
:10DB0000F4E7CF798FB34546022D726838BF0225FE
:10DB10007B1D5C0002EB43036A1E13446D422B40E5
:10DB20008D884544013DC8F100022A40B2F5803F8E
:10DB300002D34FF4A971D9E7BEF1030F12D106EB5E
:10DB400080001C1BC56815B140F25711CEE7C460B8
:10DB5000A770228084F803C0087A09682071080C35
:10DB6000E080218107FB02337360BDE8F08100BFD4
:10DB7000E00F00202DE9F047364C6378012B65D08B
:10DB8000032B04D040F267111720FFF7F5FBD4E90F
:10DB900001329A4202D04FF4B571F5E725460023D1
:10DBA00005F80C3B1E460222994655F82200013A20
:10DBB00058B190F804808178B8F1FF0F2FD180F828
:10DBC00004908E423CBFCEB20123511CEDD103B173
:10DBD0002670022640F6FF6955F826709FBB013E6D
:10DBE000FAD2042363700020BDE8F08755F82CE0DA
:10DBF000BEF1000F06D09EF804A0C24504BF9EF8F7
:10DC000002E077440CF1FF3CBCF1000FEEDA39443E
:10DC1000FF2907D903B126704FF48371B4E7944606
:10DC20000027F1E70771CCE707EB41033846A3F87B
:10DC30000A90FFF705FF08F10108BB785FFA88F149
:10DC40008B42F1D8CBE74FF00008F6E7022360687B
:10DC50006370C9E7E00F0020F8B54FF6FF7303804B
:10DC6000184B03EB81030546D868B8B18678037971
:10DC7000B3FBF6F206FB1233DBB219460A1D00EBCA
:10DC80004202B2F902705488002F09DB0131B1FB66
:10DC9000F6F206FB1211C9B28B42EFD10020F8BD9B
:10DCA000FF29FBD0C4F30E03C4782B8024B94FF4B2
:10DCB000D9711720FFF760FB5380BDE8F8400BF0E7
:10DCC00063B800BFE00F00201D4B03EB810370B56C
:10DCD000DC68054644B3030404D54FF4E071172013
:10DCE000FFF74AFB014620460BF030F8FF280146BB
:10DCF00004D02046BDE870400BF046B8A078B5FBD4
:10DD0000F0F300FB1353DBB219460A1D04EB420685
:10DD1000B6F90260002E09DB0131B1FBF0F200FB25
:10DD20001211C9B28B42F0D1002070BDFF29FBD087
:10DD30008B4204EB42021CBF0023E3705580D8E7FE
:10DD4000E00F0020094B03EB810310B5DC680146AE
:10DD500020460AF0FBFFFF28014604D02046BDE81C
:10DD600010400BF011B8002010BD00BFE00F0020E4
:10DD7000F8B5104B03EB81030746DC6801462046EB
:10DD80000AF0E4FFFF28054611D0E688238953EA0C
:10DD9000064606D0014620460AF0F6FF0146384600
:10DDA000B04720462946FFF74BFE0020F8BD05206E
:10DDB000FCE700BFE00F002038B50E4B827903EB83
:10DDC00082030446D86808B9052038BD8278E17915
:10DDD0009142F9D24B1CE37100EB41035D89B3F929
:10DDE0000A30002BF3DBA5800AF0CEFF2060002074
:10DDF000EBE700BFE00F002070B5044610F0030011
:10DE00000E4603D04F211820FFF7B6FAFFF7F8FDB2
:10DE1000054624B1034831460460FFF7F1FD28466A
:10DE200070BD00BFF80F00202DE9F14FDFF870B092
:10DE30009DF828A09DF82C901E46DBF80030074680
:10DE40000D4690461BB961211820FFF795FA5246FE
:10DE5000092140460AF000FE4A4684B209213046B4
:10DE60000AF0FAFD14FA80F1DBF800000AF043FF33
:10DE7000386018B9286001B0BDE8F08F04442C6008
:10DE800038685346414609220AF09FFD28684B46F0
:10DE90000922314601B0BDE8F04F0AF096BD00BF3F
:10DEA000F80F002070B50E4604460AF0E8FD05465E
:10DEB00030460AF0E4FD044B2A1821461868BDE8F4
:10DEC00070400AF03CBF00BFF80F0020014B1868FB
:10DED0000AF005BFF80F00201F2AF8B504461346C4
:10DEE0000ED89200033222F00303B3F5803F2DD207
:10DEF000184DACB1A00710D05F210920FFF73CFA04
:10DF0000FF2B4FEA420204D9FF339A42A8BF1A46B8
:10DF1000E8E77C2AB8BF7C22E4E729706C602B819B
:10DF200022F0030201EB81031204D80001276B6881
:10DF3000120C0025EEB28E4200D3F8BD14B12618A3
:10DF40001F705E60104401352833F3E74FF0FF3057
:10DF5000F3E700BFFC0F002038B5144A147853686B
:10DF60000021C8B2844203D8AB210920FFF704FA8C
:10DF70001846013105782833002DF2D00021817038
:10DF800001241289447044688161C161920800F1E2
:10DF90002001051D21F8022B994245F8044B144439
:10DFA000F8D100234361037038BD00BFFC0F00208F
:10DFB0002DE9F8434B7880460C4602F0040602F047
:10DFC000FB07D3B1DFB12E4BD4F804901D89B7BB4A
:10DFD00001236370AD08A761E76104F120034A469D
:10DFE000211D04F1280023F8025B984241F8042B1C
:10DFF0002A44F8D10023636101E0002FE3D0FF231E
:10E00000A370002E18BF0226A3191B7D032B03D17A
:10E01000022F1CBF0136F6B2A31901221A7506F1B0
:10E020000C0204EB8606002324F812307268A370F9
:10E03000C8F80020A8F804304046BDE8F883002165
:10E0400014226170A01809F0F1FFB5F5FF7F0FD21F
:10E050006B08ED1AADB209EB0502C4F804902584F3
:10E06000A2606384C4F80C90A5842261E384C6E7AF
:10E07000B5F5EE6F4FF0FF03EBD940F27265EAE7BA
:10E08000FC0F0020134B012200214FF0FF309A605B
:10E09000C3F80012C3F80803C3F80015C3F8042539
:10E0A0009A60C3F80803C3F80015C3F804250A49A9
:10E0B0000A4A03F580334FF40040C3F80825C1F83D
:10E0C0008000BFF34F8FBFF36F8FC1F88001C3F89B
:10E0D0000825704700F0004000E100E00000F63F36
:10E0E0000A46192302F8033B0448C368C1F8033009
:10E0F0000369536043699360704700BF08100020B4
:10E10000024B5A8C02435A845B6A1847081000205D
:10E11000014B00215B6A18470810002010B5154C10
:10E1200005F096FD05F026F9208DFFF7F1FF237E1F
:10E1300063B12246104952F80C3BE36063685360B8
:10E1400004F11900A36893600CF03FFD0B4B228D86
:10E1500093E8030003F0A6F9236B188803F0CCF8CA
:10E16000A36B94F8341094F835009847002384F892
:10E170003C3010BD08100020E1E000003410002009
:10E18000034B93F83C300BB1FFF7C8BF704700BF9B
:10E190000810002070B51D4C256B636C236495F846
:10E1A0009430064694F848000BB10430C0B295F89C
:10E1B00069102EB9FF2803D195F868308B4201D041
:10E1C00005F05EFB95F89430D3B1E06C05F0DAFD14
:10E1D000012384F86830D5E93E23E16C206CC4E962
:10E1E000182305F07DF816B9304605F00BFE95F8BA
:10E1F0006810002005F050FE022384F83C3070BD0A
:10E20000206C05F0BFFD05F0B5F8ECE70810002024
:10E2100008B5094B93F83C20022A04D040F2532160
:10E220002720FFF7A9F8DA7A42F00102DA72BDE896
:10E230000840FFF773BF00BF0810002010B50E4C58
:10E24000A26F137803F00303032B04D1D378022BBE
:10E2500001D1002010BDE06F0AF0A4FC0028F9D124
:10E26000A36F1B7803F00303032BF2D001F0BCFE75
:10E2700080F00100C0B2EDE7081000202DE9F7435F
:10E28000424C94F83C30256B012B06460F465FFA52
:10E2900083F804D040F2A4412720FFF76DF895F8E9
:10E2A00084303BB1002185F884100420FFF728FF5B
:10E2B00085F88680A16F0B7803F00303032B05D14B
:10E2C00095F88A3013B90220FFF71AFFA26F13786E
:10E2D00003F00303032B02D0537813BB012385F80B
:10E2E0008A3095F89430B3B1D5E93E01236B94F8A8
:10E2F0004890C4E918014FF0010893F8690084F8C8
:10E3000068800AF05AFE00220346009220494A46DD
:10E31000404604F09FFF36B103B0BDE8F043FFF77D
:10E32000FDBE0223DBE7002FF6D0D4F88030304664
:10E3300098470028F0D094F83430002BECD194F8B2
:10E340008430DD06C3F3001001D5FFF777FF636C5F
:10E35000D4F888201B78C3F300132AB9B4F88C20B2
:10E3600013B1B2FA82F35B09628C910709D5A36FEE
:10E37000DB78022BD0D1002003B0BDE8F043FFF7DB
:10E3800009BF002AC8D10343F5D1C5E70810002012
:10E390005810002010B5064B93F83C2002F0FF0403
:10E3A00022B91C7603F076F8204610BD0C24FBE75A
:10E3B000081000200A4B0B4A70B506460D461A603D
:10E3C000FFF7E8FF18B1E1212720FEF7D5FF064C43
:10E3D000012104F18E000CF0F2FA6664E56470BD70
:10E3E00014050020B4EB000008100020024B0122AD
:10E3F00083F8B020704700BF081000202DE9F043DB
:10E40000824D85B002AE86E8030095F83C100C9F63
:10E4100001F0FF0411B90AB103B127B940F26F113D
:10E420002720FEF7A9FF96E8030005F12C0C8CE8E5
:10E43000030085F8B04085F8344085F8B14085F890
:10E44000354085F8B24085F8B3406C842C852C6B40
:10E45000C5F880306A62AF6305F050FA04F08AFFB5
:10E4600094F96C0005F0E8FA606A05F07DFCE0695B
:10E4700005F0E8FA94F8A40005F00AFB2B6B93F87A
:10E48000AF310BB105F028FA94F869209D210120E5
:10E4900005F056FB5E4B186805F06CFC2369EB67D2
:10E4A0006369C5F8B43094F8773073B9226F62B1FC
:10E4B000B4F8BE10B4F888308B4206D1B4F87410AA
:10E4C0000B44A4F8BE3001231360524E04F5807350
:10E4D00004F5887718685968324603C20833BB428E
:10E4E0001646F7D1D4F810314B4AC5F86930D4F844
:10E4F000143153602B6B93F88E2093F86860A2F16F
:10E500002501012903D993F88F10252960D193F8AB
:10E5100056322BB1012E03D0012B14BF0226012647
:10E5200004F13007314638460CF0E1FB31460CF07F
:10E53000A3F8A38F94F86910834228BF0346384696
:10E5400085F8B8300CF0BCFB94F8691094F894602E
:10E55000B4F84480042908BF03210CF08DF80EB9EB
:10E56000043080B2404528BF404694F894305FFAAA
:10E5700080F885F8B98085F848809BB1D4E93E677A
:10E5800094F869004FF00109C5E9186785F86890AB
:10E590000AF013FD0022034600921E4942464846F7
:10E5A00004F058FE0120FFF7F5FD00232B606B609F
:10E5B000AB60B4F888306B8023882B8094F8A4304B
:10E5C0002B71A36F0BB101221A6005B0BDE8F08377
:10E5D000203A012A0CD823290CD093F8363113F0B5
:10E5E000010211D19B079BD5012E18BF022697E788
:10E5F000232905D193F8362193F861301340EEE7D3
:10E60000032E08BF04268BE7164689E70810002072
:10E6100014050020581000207110002008B50C4B84
:10E6200093F83C201AB9BDE80840FFF777BD93F88E
:10E630003C20022A04D040F235212720FEF79CFE20
:10E640001B6BD3F8C801BDE8084005F0ADBB00BFA7
:10E6500008100020014B1876704700BF08100020FA
:10E66000014B93F8B200704708100020024B188D40
:10E67000C0F3C020704700BF08100020014B93F882
:10E68000B1007047081000202DE9F3411E4D8207AC
:10E690002C6B06460F4622D5D5F8883023B940F2B8
:10E6A00095412720FEF768FEB5F88C20296C1846A6
:10E6B000033291F8018009F041FC0DF1020201A939
:10E6C0002864D5F8B4000AF000FB01980AF0E7FAD4
:10E6D000012238604146D5F8B4000AF0ADFAF307DC
:10E6E0000ED5D4E93E32013342F10002C4E93E3294
:10E6F00094F88C30012B0CBF0023012384F88C305C
:10E7000002B0BDE8F08100BF081000202DE9F04FF5
:10E71000AB4C002387B0CDE9043394F83C30276B31
:10E72000022B81468A4604D04FF4A3612720FEF7CE
:10E7300023FE238D590606D44020FFF7E9FC238DE4
:10E7400043F04003238597F89430B9F1000F00F0AF
:10E750002881B3B104F03CFE04F020FE88B9236C9C
:10E760005A7872B11B7897F88C20C3F3C0039A4291
:10E7700007D1012384F83530FFF7D0FC07B0BDE89E
:10E78000F08F236C5978A4F88C1009B3D4F8B40036
:10E790000AF029FAC4F88800238D97F88B2043F4F7
:10E7A00000732385236C1B78C3F380039A4200F027
:10E7B000B980256B95F88A30002B3DD0022B11D102
:10E7C000E06F04A90AF0A6F928B940F20E41ADE7BE
:10E7D000C4F88810E0E7D5E93C32013342F1000289
:10E7E000C5E93C3295F88630002185F88A1023B1BE
:10E7F00085F886101020FFF783FC95F885309BB1D3
:10E80000002685F8856001F0D9FB10B940F225415A
:10E810008CE731460820FFF773FCD5E93C32013321
:10E8200042F10002C5E93C3295F88B30012B0CBF58
:10E830000023012385F88B30238D43F40063238567
:10E840004FF0000B216C97F88C200D78C5F3C003B6
:10E850009A4240F0988005F00305032D266B63D0A3
:10E86000002D6CD196F88C30013B18BF012386F83F
:10E870008C30236C5B7833B1D6E93E32013342F100
:10E880000002C6E93E3297F893308BB1D7E93C23BA
:10E89000002697F8680084F86860C4E918230AF035
:10E8A0008CFB484900960346FB22304604F0D2FC1C
:10E8B000BAF1000F40F08880628C94F8B1301207F2
:10E8C00003D5A26FD278022A7ED0012B7CD8D4F84F
:10E8D000803001209847002876D094F83480B8F131
:10E8E000000F71D1266B94F8483096F894208DF87B
:10E8F0000D80002A40F0B380FF2B96F8681003D1FA
:10E9000096F869308B4202D0FF2004F0B9FF96F8E8
:10E910008A30032B00F23881DFE813F0A400D50021
:10E920001D012E01CB468DE7238D012043F480533A
:10E9300086F8840023850025FFF7E2FB92E74D78F7
:10E94000002D8FD0238D96F8945043F48053238567
:10E9500004F040FF042894F8B93006D1002D14BF0C
:10E960001B221F22934228BF1346226C52789A42E0
:10E970000BD8D4F88850002D85D094F8B03073B1FE
:10E980002020FFF7C5FB00257DE794F834300120F7
:10E9900043F0100384F8343006F02CFBF3E74D46C7
:10E9A00060E70BB104F04AFD94F8B130013384F80C
:10E9B000B130238D002543F480632385AB4662E7A5
:10E9C000081000205810002005F086FA4FF0010AC8
:10E9D0001DB105A90220FFF757FEBBF1000F0DD0B6
:10E9E000B4F80720B4F805301343B7F88820134370
:10E9F0001EBFB4F809300133A4F80930B9F1000F93
:10EA000000F0CA80B4F805300133A4F805300023C3
:10EA100084F8B130634802F05DFC049830B10AF02C
:10EA20003EF9216B0022027202F004F8059B33B11B
:10EA3000216B00221A720C22059801F0DBFFBAF15B
:10EA4000000F7FF499AE238D1B063FF597AE802013
:10EA5000FFF75EFB238D43F0800323858EE60433AE
:10EA6000DBB249E794F8B830ADF80E304E48A6F85E
:10EA7000583001F093FA50B1A16F4FF48070FFF756
:10EA80003FFB012386F8853084F8B3301DE0E06F4A
:10EA90000DF10D020DF10E010AF019F8A06790B109
:10EAA00096F8D1307BB99DF80D302BB90380837077
:10EAB000A06F01210BF083FFBDF80E10A06F0CF0CA
:10EAC0004AF80123E0E7394BA36796F88B30A26F31
:10EAD000DB0003F00801137803F0F3030B4396F80F
:10EAE0008C10890001F004010B4323F01003137014
:10EAF000FFF7A4FB0028A06F037818BF4FF01008A1
:10EB000048EA030880F8008096F89330002B3ED046
:10EB10004378002B3BD0E06C05F034F9002384F8F7
:10EB20006830D6E93C23A16FE06CC4E9182304F0F7
:10EB3000D7FB96F86910012005F0AEF9A26F118895
:10EB4000A4F8841091781A4A012384F8B2309170A5
:10EB500084F83C303CE7B6F85830E06FADF80E3042
:10EB60000DF10D020DF10E0109F0B1FFA0670028B3
:10EB7000A7D140F2F321D9E50B4801F00FFA0028A4
:10EB80009FD140F2FD21D1E540F20B31CEE505F0F9
:10EB9000F9F804F0EFFBCCE7B4F807300133A4F840
:10EBA000073037E734100020801000209610002036
:10EBB0008C10002011E200000DE700007DE2000053
:10EBC00081E100000B2808B504D940F2B5310620D8
:10EBD000FEF7D2FB014B33F8100008BDEC910300A7
:10EBE0002DE9F04F8BB0044615460293894690F804
:10EBF00069B00BF0B4FA064694F8B001FFF7E2FFF3
:10EC000094F88F300393064485F00103B6B2059360
:10EC100055BB94F8F431032B26D1039B0D2B23D144
:10EC2000B4F854324B451FD1D4F8FC31C4F8E83164
:10EC3000A369B4F8CC21C4F8EC31B4F842321344DF
:10EC4000C4F8F031204604F025FAD4F85832A36213
:10EC5000B4F85632A385D4F85C32A361D4F860329C
:10EC60002362022384F8F431B4F84072B4F8888047
:10EC7000A9EB07073FB204F50473A9EB0808002FBE
:10EC800004930FFA88F86EDAD4E98A234746C4E978
:10EC90008E2301230493CC4B1B7803F0FF05002B3C
:10ECA00054D00CF031FF054600284FD0B4F8E031C5
:10ECB000012B6DD994F8F431022B69D094F80A52E3
:10ECC000002D65D194F8B001FFF77CFF94F8F43182
:10ECD00000F5C866012BB6B2D9B24CD194F8923087
:10ECE000D4F828A0032B40D1D4F8EC515544314638
:10ECF000D4F8EC010CF002FFD4F8E831C4F8E801D4
:10ED0000A0EB030AD4F8F0313146284603FB0AFA97
:10ED10000CF0F4FED4F8F851C4F8F801451B314664
:10ED2000A0690CF0EBFEAA44B4F8CC51D4F8F03151
:10ED30004544ED1BDB432B44D4F8FC51451B05FB3C
:10ED400003A50123C4F8FC0184F80A3294F8F431D5
:10ED5000DFF874A2032B00F28E81DFE813F01B00B2
:10ED600016016B003701029B94E728460BF0ACFCC0
:10ED700000EB0A05BBE7A06931460CF0BFFEB4F812
:10ED8000CC51D4F8FC314544ED1BC31A5D43D8E7A0
:10ED90000025DBE7012100200BF096FC8046A06AED
:10EDA000314640440CF0AAFE3146C4F8F801A0698F
:10EDB0000CF0A4FE07A9C4F8FC0108A805F094F81B
:10EDC000079B0093D4E98E01DDE9082308F010FCCD
:10EDD000834620460AF015F9D4F84432A66A94F81E
:10EDE00069001E4405F0C6F9D4F8F811A6F194079D
:10EDF0007F1A00F523404FF47A734744A130B0FBEB
:10EE0000F3F0A38DA7EB0B0730313F1A03EB410161
:10EE100094F869000AF0E1F8D4F84432FB1A223081
:10EE2000B3F5917FCAF8040058D240F2C6413020B1
:10EE3000FEF7A2FAA36AD4F8EC01314618440CF0AC
:10EE40005DFE3146C4F8F801A0690CF057FEC4F825
:10EE5000FC0120460AF0D5F8B4F8CC31A66AD4F803
:10EE6000EC71002B40F08D80029B002B00F089801C
:10EE700094F8690005F07EF93E44D4F8F871943EA8
:10EE8000D4E98A23F61BD4F8307280463E4494F8C5
:10EE90006900B61A05F06EF94FF47A7300F2E7379D
:10EEA00008F52340B7FBF3F73744A130B0FBF3F08C
:10EEB000D4F8F811D4F8E831D4F8F021303102FB5D
:10EEC0000311A38D3F1A03EB410194F869000AF086
:10EED00084F80123CAF8040084F8F431A6696FF4B9
:10EEE000F4731E44D4F8FC31F61ADAF804309E426A
:10EEF00028BF1E46D4E98E327F1BDF1942F1000283
:10EF00004FF00008C4E98872C4F8C86184F8108220
:10EF100004F130000BF0D2FEB4F8B811A4F840921E
:10EF2000D4E98823A1EB09090FFA89F9C145C4E99D
:10EF30008E23C8BF022384F81882C8BF84F8183211
:10EF4000039B06440D2BC4F81462029B00F09680CC
:10EF5000002B40F0948094F8F431002B00F0AD8049
:10EF6000A169D4F8FC3104F50470C91A0BF053FB05
:10EF700080B2002800F0A180149B03B1188001200A
:10EF8000ABE0D4F8F801374492E7D4F8FC21A36948
:10EF9000D4F8F001D4F8E8119B1A5F43B4F8CC31EF
:10EFA0009844C3439844D4F8F831303301FB00331C
:10EFB000A18D94F8690002FB083301EB43010AF0CC
:10EFC0000CF8CAF8040089E7C4100020A369D4F83B
:10EFD000FC219B1A5F4394F88E30252B03D094F8C4
:10EFE0008F30252B0AD1B4F85432A9EB03031A044D
:10EFF00004D494F85732002B18BF9B46049B63B38C
:10F00000B4F8CC314BBBD4E98A23D4E98C018242D9
:10F010008B4102D340F21A5109E794F8690005F0D8
:10F02000A9F8D4F830220646D4E98A01A2F1940363
:10F030001B1A3B4494F86900049305F09BF8049B69
:10F0400000F2E7374FF47A7206F52340B7FBF2F788
:10F050001F44A130B0FBF2F03F1AB4F8CC11D4F841
:10F06000FC314144594330314900584609F0B5FF5D
:10F070001B4B586032E740F23251D8E6EBB1B4F89E
:10F08000E01121B3B4F8E22194F8E431A4F8E221CC
:10F0900002FB0333994202F101000EDD94F81832AD
:10F0A0005BB1002384F81832A4F8E20101F058FDA6
:10F0B00000F00700013084F8E40194F80B0204F535
:10F0C000047107F061FB20B940F27B51AFE60A46BC
:10F0D000DAE7059B84F8083200200BB0BDE8F08F1A
:10F0E000C41000202DE9F04104460D46164690F864
:10F0F000F83003F0FF071BB10C273846BDE8F0815C
:10F100000146454807F0FAF920288046F4D05822F5
:10F11000394604F1D00008F089FF84F8D080C4F8A3
:10F12000D450FF2384F8F83035B101F031FD00F000
:10F130000700013085F8E40102234FF00008A4F82D
:10F14000083184F800810CF0E5FC00F19E052046B2
:10F150000CF08CFAADB2014670B30BF000F800F57C
:10F16000CD6189B230460CF0C9FC3044C4F80401CA
:10F170000CF032FE281841F10001C4E944010120DD
:10F1800084F8D800A4F826800CF02EFBDB3E361A5B
:10F19000C4F8DC604FF0FF326FF00043C4E946234F
:10F1A00094F8D00004F5807107F0EEFA48BB40F205
:10F1B000C1113020FEF7E0F820460CF07BF9DFF8B3
:10F1C0005C80DB30C4F80401B8F8080048B1E08C7A
:10F1D00038B101F0DDFCB8F80830B0FBF3F202FB07
:10F1E000130005440CF0F8FD2D1841F10001C4E9AD
:10F1F0004451002ECED0751941F10001C4E94651A9
:10F20000CEE7D4E944230021C4E93A23C4E93C23EE
:10F2100020460CF048FA70E7D5920100C410002097
:10F22000F0B5002385B0CDE9003301238DF8063019
:10F230006846FEF7C1FD70B11B4E0123B372002773
:10F24000CDE9027702A8FEF7B7FD0546A8B1002375
:10F25000B37205B0F0BD00980AF0F5F8E8E790F851
:10F260000B0208F083F894F80B0284F8F45107F0CD
:10F2700071F9202384F80B32E2E7029B002BE1D0E6
:10F2800093F80B22202ADDD018884FF6FF7398429E
:10F29000DDD02946FEF756FD04460028DFD140F2B6
:10F2A0002B113020FEF768F8C4100020054B002217
:10F2B0000121DA7219709A7242F210721A81FFF704
:10F2C000AFBF00BFC4100020014BD872704700BF11
:10F2D000C410002008B504F083FA044BDA688242B7
:10F2E0002ABF987A002080F0010008BDC4100020D9
:10F2F0002DE9F7430446062900F2C480DFE801F057
:10F30000047A67777E83BD00D0E98A23D0E98C0137
:10F3100082428B4149D294F80A32002B45D094F8AE
:10F32000F431032B41D194F869900AF018FF064696
:10F3300094F8B001FFF746FCD4E98A23D4F8307280
:10F34000D4F8C851804606444846BF1A04F00AFF64
:10F350002D1A484604F00EFF00F523404FF47A734F
:10F36000A130B0FBF3F02B1AA3F17402B6B252082D
:10F37000D43B08F5C8689D3273431FFA88F8B3FB85
:10F38000F8F360335908A2EB53039F4202D30A44B7
:10F39000974201D90CF0BAFBA06931460CF0AEFBE4
:10F3A0000023C4F8FC0184F80A32384B9B7A03F03E
:10F3B000FF0263B9B4F8BC11009201232046FFF7A5
:10F3C0000FFC38B140F2CA613020FDF7D5FF0423AD
:10F3D00084F8F43104F08AFC06F048FFB4F8882081
:10F3E000A4F806220023A4F8423284F8093203B0BC
:10F3F000BDE8F083032380F8F431F8E704F010FA55
:10F40000C4E98C01F3E78569D0F8FC31DFF87C8032
:10F410009D4288BFED1A98F80B3098BF00251BB9A4
:10F42000036B9D4228BF1D4604F13000D4F8C8711B
:10F430000BF044FC0744022007F01CFEED1B25EAFC
:10F44000E575854228BF05460221284607F066FE7D
:10F4500000B92F4440F2D312394620460BF07FFC0E
:10F46000D4F8C831C8F80C00A069184407F0B4FDFE
:10F470000028BCD140F27931A6E703B0BDE8F043E3
:10F4800009F0BFBD40F265719EE700BFC4100020C7
:10F490002DE9F84306460C4615467ABB04F0A0F960
:10F4A000D4E94489074684F8D85084F8F8500121FB
:10F4B000D4F8D40000F0D8FFD4F8D400C0E98A8989
:10F4C00094F8D03080F80B32C0E98E89C0F84472CD
:10F4D00009F0B2FE20B140F20A713020FDF74CFF76
:10F4E00004F004FC06F0C2FE074994F8D00032464E
:10F4F00005F070FD28B94FF4EF61EEE740F28F712F
:10F50000EBE7BDE8F88300BF2B900100014B1881A9
:10F51000704700BFC4100020F0B5070CA7F5AA4241
:10F52000144B543A012A03EA90231FD927F40040D0
:10F5300042F6AA22801A18BF012000221621164680
:10F540001F2487EA060562EA0505013510D0DD03B0
:10F55000ADB245EA5606E503ADB2013945EA5202BD
:10F560004FEA53034FEA5404EBD1F0BD0020E4E727
:10F570000020FAE7E0FF3F0010B501210020FEF770
:10F58000E1FB044670B90121FEF79EFB044620B959
:10F5900040F245313920FDF7EFFE034B93F900109F
:10F5A0000BF04CFF204610BDD4100020304BF0B5BE
:10F5B0005A88B0F85C70B0F85A609D88974228BFAE
:10F5C0001746964228BF16461B2E85B00C462ED0F5
:10F5D000B5F5A47F2DD040F648039D4201A928BF70
:10F5E0001D460AF0A2F8BDF80A309F4228BF1F4608
:10F5F000BDF80C30E780AB4228BF2B462381BDF815
:10F6000006309E4228BF1E46BDF8083066809D42E7
:10F6100028BF1D46A580FF232370E3881B3B9BB2B8
:10F62000E02B08D940F2FF513920FDF7A5FE1B2F32
:10F63000CED105B0F0BD63881B3B9BB2E02B02D955
:10F6400040F20161F0E72389A3F5A4739BB2B3F5FF
:10F65000E06F02D940F20361E6E7A388A3F5A47343
:10F660009BB2B3F5E06FE4D940F20561DCE700BF7F
:10F67000D410002008B50AF081FF00F001FE00F070
:10F68000EDFB0BF097FA00F08FFF01F093FE00F016
:10F69000A3FF084B1B224FF4A4715A809980064B9C
:10F6A00006499A8000221960DA825A821A835A74B3
:10F6B00008BD00BFD4100020FC14002003021B0072
:10F6C000044B41F64C52C3E902221B221A74FFF785
:10F6D000D1BF00BFFC1400202DE9FF41344DAB68C1
:10F6E000044640F8303F09F0E5FE064600F0A6FB70
:10F6F0002B7C84F838302F4B668710F0200F1B6866
:10F700001DBFAA886988A4F85A101B2208BFA4F854
:10F710005A20A4F85C201BB194F96C1020889847FB
:10F72000AE7CEF7CB5F8148041F64C53A36116B95A
:10F7300000F08AFB064677BB00F086FB074666B3FF
:10F7400058B303A920468DF80C608DF80D70ADF804
:10F750000E800AF0B5FFAB886A886978019103339F
:10F760002978009103329BB292B204F1140104F1A2
:10F770001000FEF759FB236913B940F2D65114E08B
:10F78000636913B940F2D7510FE0002004B0BDE81F
:10F79000F0810920FAE7002ED3D120880021FEF75E
:10F7A000E7FA0028F5D040F2C1513920FDF7E4FD19
:10F7B000FC14002018050020F7B505460E460BF096
:10F7C00074FE002873D028460BF050FF40B1B6F805
:10F7D0000130013B7F2B03D91224204603B0F0BD3A
:10F7E00028460BF047FF08B90C24F6E7284609F035
:10F7F00016FF0028F8D128460BF011FE0446002819
:10F80000F2D1284602F096FA0028E5D0B6F8017049
:10F81000F17842F2107328465F430BF014FF28463C
:10F820000BF01CFF014658B93A462846FFF75AFC30
:10F8300004460028D1D041F687113920FDF79CFD00
:10F8400021460DF10600FEF707FA064668B3214689
:10F8500000F00AFEBDF806303380284631460BF032
:10F8600013FF28460BF00CFF98B928460BF00AFF4F
:10F8700001463046FFF730FF04460028ADD13A4636
:10F8800031462846FFF72EFC044620B141F6AA1166
:10F89000D3E70121EDE7074B9B68002B9DD0024683
:10F8A00006F595713046984797E70D2495E7422471
:10F8B00093E700BFD4100020034B5A8802801B78C6
:10F8C00083700020704700BFFC14002037B5837898
:10F8D0001A2B054609D8042B05D9012202FA03F395
:10F8E000134A134205D112241AE0292B01D03B2BD5
:10F8F000F9D12888B0F5706FF5D269460AF07EFE1E
:10F9000088B9019B93F8282102F0FF046AB9AA780C
:10F9100083F82921FF2283F8282168460BF025F976
:10F92000204603B030BD0224FAE70C24F8E700BFFC
:10F93000200038040188A1F11B039BB2E02B0CD8F6
:10F940004288A2F5A4739BB244F24810834204D8C3
:10F95000034B002059809A8070471220704700BFE7
:10F96000D4100020034B5A889B88028043800020DB
:10F97000704700BFD410002038B5047842788578ED
:10F9800004F0010352EA030104F0020401D1112042
:10F9900038BDBCB9002DFAD0002B08BF144601E0D9
:10F9A00000242546204609F079FE0028EFD028469D
:10F9B00009F074FE0028EAD0054B00209C74DD7429
:10F9C0009882E5E7002BEBD114461D46EAE700BF1D
:10F9D000FC14002013B5008869460AF00FFE18B128
:10F9E0000224204602B010BD019A92F8F431DBB235
:10F9F00092F8B020002AF3D113F0FB0FF0D0019859
:10FA000090F83A310BB13A24EBE790F8DC3003F090
:10FA1000FF04002BF7D190F8D3309B0706D1FF23CA
:10FA200080F83A3168460BF0A0F8DAE70249D430A2
:10FA30000BF0CBF8D5E700BFF5B20100F0B50778C1
:10FA4000EF2F85B004460D4603D91225284605B090
:10FA5000F0BDB0F80130ADF80C309DF90C209DF8E8
:10FA60000C30002AF1DB9DF80D209107EDD1DA066C
:10FA70003FD49E0603F0030238D5002AE5D11807CB
:10FA8000E3D46378190711D42179E278E07942EA66
:10FA90000122617942EA0142A17941EA0021207AFA
:10FAA00041EA00418A42D0D81F2ACED9627A013A6F
:10FAB000062ACAD8A27A032AC7D813F0040102D1B1
:10FAC000023A012A03D8E27A012ABED811B9A27CEF
:10FAD000032ABAD813F01001227D19D0012AB4D11B
:10FAE000227E012AB1D8B1B91125AFE7032AC6D1C8
:10FAF000ABE713F0600FA8D103F00F0203F0070388
:10FB0000052BBED0931E012BBBD9002A9DD1B8E78F
:10FB1000022AE5D199E7DA071FD46378227D03F042
:10FB2000180108291ED1022ADED11B0709D4E27967
:10FB3000A37943EA0223227A43EA0243B3F5804FD2
:10FB4000D2D8BFB201213846FEF7FCF8064678B19C
:10FB500009F065FDB8B10C2578E700F031F900280F
:10FB6000DBD1C1E7022AE0D0A27E002ADDD0BBE7CC
:10FB700001213846FEF7A8F8064650B3164B93F914
:10FB800000100BF05BFC30460BF065FD2146287041
:10FB9000E07430460BF0AAFC637E0546002B3FF470
:10FBA00055AF00287FF452AF316B02466846FEF72E
:10FBB000FFF9306B2A46012109F04FF9316B684695
:10FBC0000422FEF7F5F9306B2A46294609F045F97B
:10FBD0003CE707253AE700BFD410002070B505794F
:10FBE000042D8AB0034658D84488B4F5804F54D8C1
:10FBF0002B48465D284400214279857AC07BADF8C8
:10FC0000041042F0100242EA460242EA850242EA49
:10FC1000C00202F01F028DF80420BDF80420ADF8E8
:10FC20000D201A888DF80F208DF81240120A240A30
:10FC30008DF811108DF814108DF810208DF81340E8
:10FC40005A7B8DF815205A798DF816209A79D3F8B9
:10FC500007008DF81720B3F80B209B7B8DF81E3022
:10FC60007F238DF81F3001238DF80C1006908DF83E
:10FC70002110ADF81C208DF820308DF8223003A81B
:10FC80008DF823108DF824108DF825108DF826108E
:10FC900001A9FFF7D3FE0AB070BD1220FBE700BF39
:10FCA000049203000278034672B1427862B142883E
:10FCB0001A2A09D982881A2A06D9044A00681060CB
:10FCC0009B8893800020704712207047FC1400200E
:10FCD000024B02689A600020704700BFFC140020AD
:10FCE0000378A3F10A02112A9DBF024A002013746F
:10FCF00012207047FC14002008B5052000F090F891
:10FD000003F0F8F9014B024A9A6008BDD4100020B4
:10FD1000ADF5000008B501F0F5FFFFF7C7FABDE843
:10FD20000840014801F0D8BFE010002010B50B4C8E
:10FD3000012384F8023101F0EDFF0BF015FE0AF00B
:10FD40001BFC04F203112046FEF734FB002009F0EF
:10FD500023F8BDE8104000F027BE00BFE0100020EF
:10FD600010B5064C064904F502700AF0BDF904F519
:10FD700003700449BDE810400AF0B6B9E010002055
:10FD80001C0500202405002010B5094C094904F584
:10FD900002700AF0A9F904F5037007490AF0A4F902
:10FDA00004F504700549BDE810400AF09DB900BF94
:10FDB000E0100020340500203C0500202C05002028
:10FDC000014B93F802017047E010002010B5074C7A
:10FDD00000F0E4FDD4F808020AF07EF9FFF770FCA9
:10FDE00000F0EEFE012384F8143210BDE010002074
:10FDF000014B93F814027047E010002010B5074C37
:10FE0000D4F80C020AF068F9D4F810020AF064F988
:10FE1000FFF730FC002384F8143210BDE0100020FE
:10FE2000C2080549012300F0070003FA00F08B5CCB
:10FE300018438854704700BFD0040020014BD3E919
:10FE400000017047D0040020034B1868C0F3002065
:10FE5000400040F001007047D004002008B50BF0CE
:10FE600057FE084A002332F82310814205D302EBE3
:10FE700083039B78044A137008BD01330C2BF2D125
:10FE80000023F7E718920300F512002010B544682C
:10FE90002388A4F8783194F8683084F87711012B1E
:10FEA00006D0022B04D040F20B310620FDF764FA95
:10FEB00084F87A3194F86930012B01D0022BF2D109
:10FEC00084F87B31044904F5B7700AF07EFE002304
:10FED00084F8343110BD00BF63A1010040680849B7
:10FEE0000388A0F86A3190F8603080F86C3190F89F
:10FEF000613080F86D3100F261100AF060BE00BF21
:10FF000079A10100044B002283F822204FF6FF72F2
:10FF10009A84DA841A857047F6120020054B9A8C71
:10FF2000824201BF002283F822204FF6FF729A849A
:10FF3000704700BFF6120020014BD884704700BF05
:10FF4000F6120020094A0346908C4FF6FF71884252
:10FF500006D192F82210012905D01A6001207047BD
:10FF60000020186070470020704700BFF612002084
:10FF7000064B93F82220012A1FBF0120DA8C83F858
:10FF800022009A8408BF0020704700BFF6120020AC
:10FF9000014B1885704700BFF6120020064B024641
:10FFA000198D988C884205D193F8220018B11360FE
:10FFB0000120704700207047F6120020094B998CF1
:10FFC0001A8D914201D0002070474FF6FF729A843B
:10FFD00093F82220002AF6D0002283F82220012064
:10FFE000704700BFF6120020054B998C1A8D914284
:10FFF00003BF93F82200B0FA80F040090120704757
:020000040001F9
:10000000F612002050B90A4A1346012003F8010BEA
:100010000868C2F801008A889A807047012805D1D3
:10002000034B0A689A608A88D8719A81704700BF2A
:100030002013002048B90A4B187880B1D3F801206A
:10004000B3F805300A608B807047012806D1044B55
:10005000D87920B19A680A609B89F4E7002070473C
:100060002013002020B9054B187800F001007047DC
:1000700001280ABF014B0020D879F6E720130020A1
:10008000F7B500228B888DF80600ADF804300868BB
:100090000C4B8DF80720019D1C78014603F5AC73CD
:1000A000D0B2844201D8082009E0D3E90076AE42FC
:1000B00008BF8F4203F1080302F10102F0D103B03F
:1000C000F0BD00BF3013002030B5094B01465C780D
:1000D000002203F58173D0B2844201D8082005E0E4
:1000E00013F8015B8D4202F10102F4D130BD00BF73
:1000F00030130020F0B5254D95F8984189B022467F
:1001000005F29911684607F019FF214668460AF082
:1001100054FA0446B8B300EB4001C9B202A8FDF797
:100120006DFB601E95F8A161C0B2012495F898217D
:1001300005E0731CB3FBF2F102FB1133DEB206F1F2
:1001400020030DEB030111F8203C002BF1D100EB53
:10015000400220326A4406EB46032B4412F8187C16
:1001600083F8A27112F8177C12F8162C83F8A37189
:1001700083F8A42101F8204C0138AB19C0B2FF2844
:1001800083F89941D2D109B0F0BD00BF30130020EF
:1001900070B5064688B00C46002A4FD02A4A92F81D
:1001A000A131D01890F8991121B94FF4807128200D
:1001B000FDF7E2F803EB43011144013391F8A2513A
:1001C000E57091F8A35191F8A41161710021257196
:1001D00080F8991192F89811B3FBF1F001FB1033FC
:1001E00082F8A13192F8C23123B9184902F5DD70C5
:1001F0000AF0E8FC657905F03F0545F040056571BA
:100200000D220021684607F011FFE3788DF80F30CA
:1002100023798DF80E3004AA0423694630468DF800
:100220000D5007F075FB9DF81F3023709DF81E30B0
:1002300063709DF81D30A37008B070BD0321601875
:10024000FDF7DCFAD6E700BF30130020F50001000F
:10025000044B5A78824286BF1B1893F84A0100204B
:10026000704700BF30130020044B5A78824286BF8B
:100270001B1893F842010020704700BF3013002084
:10028000064B00224FF461711A8083F8C32183F872
:10029000C421A3F8C61183F8C2217047301300208F
:1002A000014B83F8C401704730130020014BB3F8B1
:1002B000C60170473013002030B50A4B5C78844289
:1002C0000ED9184490F802012B3003EBC004A57935
:1002D0000D7053F830001060A3889380012030BD6A
:1002E0000020FCE7301300200246074810B590F8C4
:1002F000C34124B1417821B1023002F021FF2046F0
:1003000010BD0C46FBE700BF301300202DE9F74F6E
:100310002F4C9A46637883428046894656D92318E3
:1003200093F8425185F00105F9B193F84A31E3B9E8
:1003300045F002070135BAF1000F18D1FA070AD5C6
:10034000062101FB084104EB0810524601F58571B6
:100350008230FFF71DFFBB0734D504EB081052466F
:1003600049460230FFF714FF2CE02F46E3E794F8EC
:10037000A1614FF0010B002DE0D0A319019393F878
:10038000991199B90092DAB100F0EAFB06EB460147
:100390002144019B81F8A2014FEA102C009A81F8B8
:1003A000A3C1000C81F8A40183F899B194F89831A5
:1003B0000136B6FBF3F103FB1166F6B2013DDAE755
:1003C00047F00407384603B0BDE8F08F0027F9E78F
:1003D00030130020074B5A78824209D91A1892F834
:1003E00042212AB9062202FB003000F585707047D1
:1003F0000020704730130020064B5A78824281BF9C
:100400001B1893F83A01B0FA80F0400998BF002019
:10041000704700BF3013002030B50024A0F84240E0
:10042000B0F8464042F210754C43B4FBF2F4A0F829
:100430004640541E05FB0343B3FBF2F3A0F84430DF
:10044000084BB3FBF2F30133A0F84A30838F05FB6E
:100450000344436BB4FBF2F459438463B1FBF2F2FF
:10046000426330BD005A620270B504460D4649BB76
:100470004FF4207207F0DAFD012384F896306FF014
:10048000360384F8E330042384F8E4306FF03B0350
:1004900084F8E5306F2384F8E6306FF03F0384F88A
:1004A000E7302B2384F8E230FE2384F81E317F23CB
:1004B00084F88D30202384F8E85084F8E95084F8DB
:1004C0000B3270BD012922D10023A0F8CC3180F875
:1004D000C331154B82691344B3FBF2F3C0F8B83053
:1004E00040F6B833A0F8BC301146438C8030FFF79B
:1004F00093FF07F0DDFB30B1E069FFF70DF810B9AD
:1005000084F8AF51DDE7002384F8AF31D9E7022941
:10051000D7D1B0F86232D0F85C228169BDE8704072
:100520008030FFF779BF00BF7FC3C901034B80F85C
:100530006C101B680BB100881847704744050020F9
:10054000074B93F900301844142804DC10F17F0F96
:1005500003DB40B27047142070476FF07E00704795
:10056000F814002007B57F230DF107008DF8073040
:1005700003F086FC9DF9073068B10A4A5078404282
:1005800043FA80F0142808DC10F17F0F07DB40B23B
:1005900003B05DF804FB1846FAE71420F8E76FF0A3
:1005A0007E00F5E7F8140020024B00221A705A7002
:1005B000704700BFF8140020054BFF221A70054A4F
:1005C000016811600179117100221A70704700BF33
:1005D000FA140020D804002007B5064B18680090D4
:1005E0001B798DF804306846FFF7E6FF03B05DF82D
:1005F00004FB00BF7EE603000346407848B1DB7889
:100600003A2B05D8034AD35C1B1A5842584170470D
:1006100001207047489203003A2908B5C17003D8F9
:10062000064B5B5C437008BDFF2904D04FF4896121
:100630002A20FCF7A1FE0123F4E700BF4892030043
:100640002DE9F04385B0894602A91446984609F081
:10065000D5FF0546002839D1039E34B9012486F818
:100660009540204605B0BDE8F083376921463846FD
:1006700008F0CCF9014658B3174B5B88A34229D345
:1006800001AA384608F005FB96F895300198002B32
:100690000CBF494602210AF092F9019822464146D0
:1006A000033007F04BFC2146384608F0F4F90446C5
:1006B00018B97A212B20FCF75FFE02A80AF055FA40
:1006C000039BA3F8BA5186F89550CAE70124C8E7FE
:1006D0000446C6E72C46C4E7FC140020024B987D74
:1006E000C04300F001007047FC140020034B987DCC
:1006F00080F00200C0F34000704700BFFC140020EF
:100700007FB505460C4621B940F215111020FCF7C3
:1007100033FE03888B8000234B724669304608F015
:10072000AAFA014610B94FF48F71EFE701AA3046DB
:1007300008F0AFFAE08010B940F22311E6E7FB2899
:1007400002D940F22511E1E701980AF040F90128A9
:1007500001D0022805D12072206828B94FF49E717B
:10076000D4E740F23511D1E70199E288033107F06F
:10077000E5FB304608F095FA10B940F24111C5E7A3
:100780000021304608F0EBF910B94FF4A371BDE732
:100790000A4BDA7D82B11A8B2888013A02A91A83A2
:1007A00009F02CFF10B140F24F11AFE7039AB2F8F5
:1007B000A6300133A2F8A63004B070BDFC140020AE
:1007C00010B521B940F25B211020FCF7D5FD4A603D
:1007D0000B72EFF3108472B6031D0B6042681AB1FE
:1007E000127A012A08BF036003681960016004B926
:1007F00062B6034BBDE81040587807F0B5B900BFAA
:10080000181500202DE9F74306460D464FF0050860
:1008100000274FF003092B693BB11B7A2BB12C69E0
:100820009CB9002003B0BDE8F0836C68237A012BEB
:10083000F7D0EFF3108372B66A6812686A6003B982
:1008400062B6237A002BE6D02C61237ADBB284F8DF
:100850000880013B0B2B66D8DFE803F062062034EA
:100860005F653D6565656552636823B940F2C711F0
:100870001020FCF781FD2046314698470420EFF315
:10088000108372B6227A052AD1B201D0002953D141
:1008900027722F61002B4BD162B649E0636813B910
:1008A0004FF4E871E4E73146204698470346C3F326
:1008B0000723012BADF80400C0B237D0022BDED1E4
:1008C0002F6135E0636813B94FF4ED71D0E720462E
:1008D00098470020D3E763680BB9DA21C8E70B22F9
:1008E00032701988A6F80310012200241869B2702A
:1008F0007271B471214608F032F92C61042091E73D
:10090000606810B940F20521B2E70E4B31461B6812
:10091000984700232B61022084E740F20E21A7E7CD
:1009200040F21121A4E74FF40571A1E784F8089083
:1009300000283FF470AF75E7002B7FF46CAF62B610
:1009400069E700BF4805002070B5134C1426231D2D
:1009500032460021184607F069FB0346012525743D
:1009600000210433324604F11800C4E9013307F0D2
:100970005DFB84F8245004F11C03C4E90633002312
:10098000E362236384F83430C4F83530C4F8393076
:1009900084F83D3070BD00BF18150020014B587021
:1009A000FFF7D2BF18150020014B024A1A607047AA
:1009B000480500200107010038B50B4D05F118016D
:1009C0000446FFF71FFF70B9AB681B7A0C2B04D1EC
:1009D000064BDA7D0AB11B8B2BB120460449BDE8DA
:1009E0003840FFF70FBF38BD18150020FC14002059
:1009F0001C15002010B51346027A22B14FF42D7158
:100A00001020FCF7B9FC0A46BDE810400146014839
:100A1000FFF7D6BE1C150020044890F834301BB9EF
:100A200003492C300AF0C8B8704700BF18150020E1
:100A3000ABAB010010B50A46037A23B14FF42F7116
:100A40001020FCF799FC0146BDE81040014807233F
:100A5000FFF7B6BE301500201346027A0AB10372C2
:100A600070470A4601460148FFF7AABE1C15002040
:100A70001B234FF01B128384038482618382C26034
:100A8000038539B94FF4A473034AC3844384C26114
:100A9000C3820261704700BF480148010346F0B4B9
:100AA000B3F85420B3F84840B3F84460DF8FB3F88C
:100AB0004250944228BF14460846B3F84C20B3F87D
:100AC0005610DC878A4228BF0A46B3F84610A3F8BE
:100AD0004220914238BF1146A64238BF2646A7425F
:100AE000A3F84460A3F846101FD1AA1A18BF012228
:100AF000B3F84A50B3F85040B3F852709E8FB3F831
:100B00004010A54228BF2546B3F84E409D87BC4201
:100B100028BF3C46AE42A3F8404002D1A14200D1DA
:100B20002AB1F0BC03490AF050B80122E0E7F0BC5A
:100B3000704700BFD1AB01000B8BA2F80B304B8B81
:100B4000A2F80D308B8BA2F80F30CB8BA2F80900E6
:100B50000249A2F8113010460AF031B821AC010068
:100B6000094AD2E90003434083EAB01181EA4321F4
:100B70004FEAF3435360054B116058434FEAF0606E
:100B800000EB8000704700BF58150020BB79379EEE
:100B9000094AD2E90003434083EAB01181EA4321C4
:100BA0004FEAF3435360054B116058434FEAF0603E
:100BB00000EB8000704700BFE0040020BB79379E47
:100BC00010B50A4C09480821FCF718FED4E90023A7
:100BD0001343F7D0064CFFF7DBFF2060FFF7D8FF89
:100BE000236860600343F6D010BD00BFE00400201E
:100BF00058150020174B184A9A60184A5A60184A2C
:100C00001A60184A9A62184ADA62184ADA60184A70
:100C10009A61184A1A63184A1A62184ADA64184A1A
:100C20009A64184A5A62184B184A9A60184A5A62CB
:100C3000184ADA62184A1A61184A5A61184A9A61BF
:100C4000184A1A63184A9A64184ADA64184A9A6366
:100C5000704700BF4C050020E9AE01001FAF010046
:100C600097AF010021B1010075B10100B90F01007A
:100C70008BB10100291201009D1001006BB201002F
:100C800087B20100F5100100380600200BAF01000B
:100C90002BB20100ADB1010051B10100D1B1010091
:100CA0003D10010013B30100BFB20100ADB201005D
:100CB00011B20100044B054A5A65054B054A1A65F5
:100CC000054A5A65704700BF4C05002057B0010027
:100CD000380600203DB00100C9B00100054B064AAE
:100CE0009A65064A1A66064B064A9A65064ADA6506
:100CF000704700BF4C050020C3A2010059A30100AA
:100D000038060020FDA101003DA50100252A70B58F
:100D100005460C4618D8012A19D9023A232A16D8B2
:100D2000DFE802F01A15252424331535152439443B
:100D30004815154D242467676D741515151515157F
:100D40001515151515808990FF2A00F0828040F254
:100D5000FE315120FCF710FB02784368012A02D1D2
:100D600093F8203101E093F82931237170BD416877
:100D7000204601F5EB7109F094FE6968204601F503
:100D80008A71BDE8704009F08EBE4368E8E7BDE8AF
:100D9000704000F011BA0E230B7159234B710023E0
:100DA0008B714E23CB7110230B72DFE7436893F8EE
:100DB0001A31DAE7BDE87040084600F0EBB9037875
:100DC000466873B996F820315BB196F81D1120463C
:100DD00009F0B9FE96F81C112046BDE8704009F0F4
:100DE000B6BE96F81B11204609F0ADFE96F81A1112
:100DF000F2E741682046BDE870400AF02AB843682F
:100E000093F83621227193F8373109E0436893F85B
:100E10003421012AF4D093F864200A7193F86530E4
:100E20006371A3E7104B1B68002B9FD00246232061
:100E3000BDE8704018470C4B1B68002B96D002464B
:100E40002420F5E7084B1B68002B8FD00246252095
:100E5000EEE74368204693F84F22D3F85012BDE8DE
:100E6000704009F0B8BD00BF240700203A289ABF9F
:100E7000024B53F820000020704700BF4C050020B3
:100E80003A289ABF024B53F820000020704700BF59
:100E900038060020F7B545682E6904464FF6FF77FF
:100EA0000DF102010DF101023046ADF8027007F0BC
:100EB0000EFE01A9304607F02DFE40B1019807F063
:100EC000EEFE616800220272FFF7B4FDE8E7044914
:100ED00005F1A80003B0BDE8F04009F070BE00BF06
:100EE00083AE0100F0B5044685B00D46FF2600F83C
:100EF000856C10F8863CF3B1174F3B781BB1482145
:100F00001F20FCF739FA0C21381DFCF777FC3E70E6
:100F1000002304F8853C2A46072302F8033BD4F853
:100F20000930C5F80330D4F80D305360D4F81130CF
:100F3000936005B0F0BD01A80C21FCF75FFCA4F59F
:100F4000A873039A1A6001AB03CB44F88E0C44F8E3
:100F50008A1C04F8866CDBE76015002010B5054C90
:100F600023782BB90C21201DFCF748FCFF232370AC
:100F700010BD00BF60150020024690F8DE31BBB9FD
:100F800090F8DF3103F0FF010BB100207047094BEF
:100F900018780028F9D01970D968C2F814110433F0
:100FA00003CBC2F8D601C2F8DA11FF2382F8DE3192
:100FB000012070476015002038B5426892F88F30E4
:100FC00004460D463BB1132B05D0113B0B2B94BFB0
:100FD0000820012038BD92F8D23013B9204609F01C
:100FE000F6FE6168284601F5E77109F04FFD61687A
:100FF000284601F5887109F050FD61680B88A1F859
:101000006D32284601F26F2109F038FD61682846EB
:1010100001F2772109F037FD6368002583F8DE517E
:101020006068054900F5197009F0C6FD636815226E
:1010300083F88F202846CDE7E50E010038B54368D8
:1010400093F88F201C2A044604D040F2BB111F20C5
:10105000FCF792F993F8D2101D88002283F8D12072
:1010600003F5D17069B10B4983F8D220A3F8AC51D4
:1010700083F8AB2109F0A0FD6368002283F88F207C
:1010800038BD012283F8AB11A3F8AC51024983F8B3
:10109000AE21EFE70DB10100FFB00100436830B5AC
:1010A000D3F8804014F001001FD14D68104A8968C0
:1010B000A3F8CE002A40C3F8E220C2F3076242F050
:1010C000080221F41E5121F0100183F8E52093F865
:1010D000D0200904090C013244F00104C3F8E610E1
:1010E00083F8D020C3F8804030BD0120FCE700BF6A
:1010F0002FC904F710B5406890F88E30042B2FD11B
:101100004C688A68184B22F41E522340C0F8E23023
:1011100022F01002C3F3076343F008031204120C19
:1011200080F8E5300023C0F8E62080F8CC3080F865
:101130008E3090F8842102F0FF049AB90388A0F859
:10114000863180F885414B68C0F888318B68C0F8DB
:101150008C31064900F5BE7009F02EFD204610BD09
:101160000124FBE71C46F9E72FC904F7EFB10100A2
:10117000406890F8843153B90388A0F886311A2367
:1011800080F88531024900F5BE7009F015BD704741
:10119000EFB1010010B50446FEF750FE21F41E51D8
:1011A000044B21F0100109040340090C6360A160A5
:1011B00010BD00BF2FC904F737B50C464568FEF7D0
:1011C0003DFE0A4B95F8E22021F41E5121F010015A
:1011D000034009040093090C13408DF8003001917D
:1011E0006B4603CB6060A16003B030BD2FC904F72C
:1011F000DB0410B5144604D5037D13B1002343630B
:1012000010BD436B013343630AF066F8D0E90D2348
:101210009A42F5D30023436302492046BDE81040BB
:1012200009F0D3BC5DB2010038B5446894F88E3043
:10123000012B0D4603D0D4F88030980745D494F89C
:10124000D330990719D4284609F030FC84F8DD0022
:10125000B5F80530A4F8DE30B5F80730A4F8E03072
:1012600094F8D33043F0020284F8D320DA0711D582
:10127000174904F1D40009F0A8FC94F8D330DB0737
:1012800018D4D4F8803013F0020208D05521402041
:10129000FCF772F894F83A31002BE9D1EDE743F00E
:1012A0000203C4F8803094F8D030A4F8CE20013383
:1012B00084F8D03094F88E30012B4FF0000003D129
:1012C00084F88E0084F8CC0038BD0120FCE700BF14
:1012D000F5B2010070B545680446FFF743F9054BC8
:1012E00085F88D001B6801461BB12046BDE87040A3
:1012F000184770BD2C070020024B1B6803B118472C
:10130000704700BF28070020F0B5204E0546307812
:101310000024147080B1431E7768DBB2181B0128CB
:101320000BDC07EBC40057F834604068884208BF04
:10133000AE4212D114700120F0BD1819461007EB0F
:10134000C60E57F836C0DEF80460AC45C0F347005F
:101350008E412CBF03460446E0E7B54271EB000026
:1013600002D214700020E7E707EBC30057F83340C0
:101370004068884208BFAC4201D11370DBE7A54248
:10138000814128BF01331370ECE700BF80150020B6
:1013900010F0070208B503D063214820FBF7ECFFEB
:1013A00018B1034B197258601A70C80008BD00BF0D
:1013B00080150020014B00221A7070478015002014
:1013C000014B187A704700BF801500202DE9D343E8
:1013D00009F0CAFF0DF1070207460E46FFF794FF1A
:1013E00098B9114C2278237A93420ED06168134643
:1013F0006FF0604E9DF80700984209D301EBC003DF
:10140000C3E9007601322270012002B0BDE8D0832A
:1014100003EB0E0001EBC000D0E90089013BC0E9FD
:101420000289DBB2E6E700BF8015002037B509F07E
:101430009BFF0DF10702FFF767FF0446A0B10C4ABE
:101440009DF8070013785568013BDBB213701A1A38
:10145000D2B2411CD200834238BF002205EBC10149
:1014600005EBC00006F024FD204603B030BD00BFF0
:10147000801500200A46822302F8033B04480368D3
:10148000C1F803304368536083689360704700BFBE
:101490008915002002481622002106F0C7BD00BFB2
:1014A0008915002082B002AB03E903000B48437D9D
:1014B00093B1530610D50A880280D1F83022B1F8D2
:1014C00088304260D1F8342205498260438002228C
:1014D0000C3002B0FFF7C0BA02B070478915002087
:1014E0007514010038B5074D044600F15101286814
:1014F00009F0DBF994F850102868BDE8384009F08D
:10150000E2B900BFA0150020F8B504460E46658874
:10151000407F15F00401134618BF04F15F01324605
:10152000FEF7F4FEC20705460BD5012384F85030C0
:10153000607FFEF74FFF0368C4F851308388A4F83A
:101540005530AB070CD5094E0127306884F85E7022
:1015500004F15F0109F0B0F93068394609F0BCF9CF
:1015600085F00400C0F38000F8BD00BFA015002086
:1015700038B5C38D0E4D0133C385AB7C04462BB10A
:1015800002F070FC01F00EFE0023AB7400232B71FF
:1015900094F879302BB101212046BDE8384007F09E
:1015A000FFBF637C13B1E28D9A42F4D20021F3E7CE
:1015B000A015002010B5094C2379012B02D0237906
:1015C000022B05D1A37C1BB102F04CFC01F0EAFD1B
:1015D000E069BDE81040FFF7CBBF00BFA0150020B9
:1015E00070B5294C2379012B07D02379022B04D025
:1015F00040F63C412D20FBF7BFFEA0B90125A37C9E
:101600001BB102F02FFC01F0CDFD002D3AD0E069B6
:1016100007F03EFF002830D002F01AFB236ABDE835
:1016200070409B6818472168E26911F8095B02F174
:101630005103E80992F8502008F0A1FF0028DDD0FE
:101640002068002109F06DF90028D7D02379E069DE
:10165000012B05D02379022B02D040F61541C9E7B2
:101660002379226A03F180435269013B05F00F019F
:1016700052F8233098470546C1E7E069BDE870405D
:10168000FFF776BF70BD00BFA0150020074A0346D4
:10169000D06903B909B9FFF76BBF1379126A03F177
:1016A00080431269033B52F823301847A0150020ED
:1016B0002DE9F043032985B0054690467BD090F88C
:1016C00078300529DBB202D14288D60760D5002BDD
:1016D0005ED10127DFF8E89099F81260B6B108F002
:1016E00083FF082888F8000014D002AA0DF1070132
:1016F000FEF7E2FD20B940F685612D20FBF73CFEA8
:101700009DF8070002A909F03BFE064698F8003054
:10171000082B08D1D9F8001011F8030BC0F3801082
:1017200009F02EFE0646D9F8001095F8572011F85A
:10173000030B05F15803C0F3801008F020FFD9F81F
:101740000010044611F8030BC0F3801008F042FFAC
:101750008146FEF751FE014640B1B9F1080F1BD09A
:101760004846FEF775FD80F00101C9B298F8000007
:10177000082815D094B96B7F1C1A604260416B88B1
:101780005A0706D421B996B9EB7C93B1BB4210D06D
:10179000002005B0BDE8F0830021E7E70120EEE777
:1017A00014B181F00104E4B204F00100E7E730462F
:1017B000EFE70120EDE743889B07E9D5022789E79A
:1017C000A01500202DE9F04F85B008230DF1070288
:1017D000052104468DF80730FFF76AFF064620B959
:1017E0000026304605B0BDE8F08F7A4F3968FA7CA4
:1017F00011F8030B07F11403C0F3801008F0BFFECB
:1018000080460028ECD13B68216A184691F8962062
:1018100010F8035B02EA551202F0010281F89620EB
:10182000D3F80320C1F803208288A1F807201946C5
:10183000226A11F81F0BC0F38010907009798DF89F
:101840000C10D3F80F10D3F81F00D161597D02900E
:10185000187D090441EA0021D87C01435162B3F8A4
:10186000191040F2E24909FB01F191619D7DC5EB40
:10187000451105EB810505EB85056D009585B3F8F0
:10188000171009FB01F19162B3F81B101184B3F832
:101890001D10518493F8243003F01F015B0982F876
:1018A000A21082F8B031256A94F912B002A905F1AC
:1018B000960008F052FF40F20113A5F868304FF08F
:1018C000FF0A85F86AA0414605F13000FFF7D0F81D
:1018D00059462846FEF72AFE236A84F883801A8830
:1018E000A4F8842084F8A1A04FF6FF72A4F8A220E7
:1018F0009A69B2FBF9F2A4F89A201A8CA4F89C20F9
:101900005A8CA4F89E2093F8B02184F8A020227F5E
:101910009DF8070004F18E015AB394F85020012A73
:1019200027D194F8562002F0C002402A21D1D4F8E1
:101930005120C4F88E20B4F855208A809A7884F813
:101940008720082803F1030504F18802D3F8033047
:1019500004F1940134D0C4F89430AB888B8004F146
:101960008701FEF7A9FC40B940F69B312D20FBF71B
:1019700003FD0022C4F88E20DFE794F8873043F09F
:10198000020384F88730144904F17A0009F014F94D
:10199000236A12491A88A4F8BB2093F8963084F879
:1019A000BD3004F1B20009F007F90D4B206A1B6845
:1019B00000223A71002B3FF414AF2146984710E7FC
:1019C000C4F88830AB8893800023C4F894308B80AF
:1019D000D9E700BFA0150020C3B3010095B30100F3
:1019E00034070020032973B5044604D0052952D0DA
:1019F000012002B070BD08230DF107028DF80730F9
:101A0000FFF756FE0028F3D0237C284D03B39DF842
:101A1000070094F8C630DBB9237884F8C73008286B
:101A200004F1C90228D004F1C801FEF745FC20B931
:101A300040F6FB612D20FBF79FFC94F8C83043F083
:101A4000020384F8C8301A4904F1BE0009F0B4F862
:101A50002B68062204265A701E702046FFF742FDAE
:101A600094F84020E16B286808F04CFF28682E713C
:101A700002F088F90020BCE72868034613F8031B2E
:101A8000C1F3801184F8C810D0F80310C4F8C9104D
:101A90009B889380D7E7074B1B6823B1984780F05A
:101AA0000100C0B2A5E71846A3E700BFA0150020BB
:101AB000ABB3010030070020F8B504460F4619B358
:101AC00000F12805284609F068FEA0B963881A07C6
:101AD0002ED5284609F078FE0646284609F05DFE18
:101AE000301AC0B209F080FE444A93680344284685
:101AF000936009F02EFE284609F030FE01F0C8FF81
:101B00002179252001F0BCFE3C4D94F85E20286828
:101B10000023037043706388103B0D2B5ED8DFE811
:101B200003F0595D550C5D405D5D5D5D5D5D5D4043
:101B30002046BDE8F840FFF71BBD06234370202375
:101B400003702046FFF7CEFC638823F008039BB2A6
:101B5000152B05D094F83820616B286808F0C3FE77
:101B6000286802F00FF9032321792B71002001F07E
:101B700095FF064607B9E86063881B0704D509F09E
:101B800030FE0644C4F8E0606388103B0D2B30D86B
:101B9000DFE803F0322F29292F292F2F2F2F2F2F66
:101BA0002F290C2343702123037042B104F15F01FC
:101BB00008F082FE0121286808F08EFEC1E704F1DA
:101BC000580108F079FE94F85710F4E706230370E3
:101BD0004370B6E7022303700623F9E740F226615B
:101BE0002D20FBF7C9FB21790120BDE8F84002F068
:101BF00053B940F6AA41F3E7F8BD00BFA015002095
:101C000038B54388102B044604D1BDE83840012183
:101C1000FFF752BF0B4DAB7C23B101F0A9FA402076
:101C200002F014F9286802F0ADF8608810F00400A2
:101C300002D1217902F030F9002002F0E3F801230B
:101C40002B7138BDA0150020024B0121D869FFF788
:101C500033BF00BFA015002010B5134CA37C1BB1EF
:101C600002F000F901F09EFAE06907F011FC70B192
:101C70002379E069012B0FD12379226A03F1804394
:101C8000D268013BBDE8104052F823301847E069A4
:101C9000BDE81040FFF76CBC2379022BECD040F676
:101CA00043312D20FBF768FBA015002010B5094833
:101CB000037903F0FF0453B918222146043006F0DB
:101CC000B5F902F0CFF801F06DFA204610BD0C24F2
:101CD000FBE700BFA015002010B5094C00232371BD
:101CE0002060FFF7E3FF20B140F2F6212D20FBF743
:101CF00043FB236A13B940F2F921F7E710BD00BF97
:101D0000A0150020014B024A1A627047A01500205E
:101D1000F41F0100034B044A1A60044B044A1A6082
:101D2000704700BF30070020C517010034070020AE
:101D300091F400002DE9F041067DB31EDBB2012BCA
:101D400004468CBF4FF000084FF001087EB3B71E69
:101D500018BF0127012B36D800F1580190F8570021
:101D600008F038FC082805462DD0FEF77DFA58BB50
:101D7000657784F81C8084F85070FEF797FA054662
:101D80000AF02AF8174BA5FB03351B1845EB010594
:101D90000022C4E9123584F85E2011462046FFF780
:101DA000B3FB70B940F293412D20FBF7E5FA3746BB
:101DB000082504F151010020FEF73CF90028D7D195
:101DC0000020BDE8F0810825022EF2D0E37E002B32
:101DD000F6D0D4F81530C4F85130B4F81930A4F85E
:101DE0005530C5E740420F00F0B5464E327985B018
:101DF000044602F0FF0312B90278FF2A04D140F62C
:101E0000A9112D20FBF7B8FA3382B3607371B37157
:101E100080F879303C4B00933C4B01933C4B029350
:101E2000336A68465B68039301F0A4FF01F066FD26
:101E300002F018F801F0B6F9364801F003FE04F19B
:101E40002805354801F090FF284609F082FC284615
:101E500009F084FC01F01CFE2179252001F010FD21
:101E600094F9120001F0E8FD04F13401206B07F051
:101E700011F804F13C010746206B07F032F80546E3
:101E800017B194F82430C3B90DB194F82550237FCD
:101E900013B963885B0709D5D4E912126FF00043C8
:101EA0009A4208BFB1F1FF3F09D185B930680330CC
:101EB000FEF71AFAB07405B0F0BD0125E7E709F0A6
:101EC0008BFFD4E91223904271EB0303EDD301227F
:101ED00005EA02012046FFF717FB68B1FEF7E6F9B5
:101EE000054609F079FF0D4BA5FB03351B1845EBA3
:101EF0000105C4E91235D9E7002DD7D040F6DE112F
:101F00007FE700BFA0150020591C0100E11501006A
:101F10008D160100D6BE898E5555550040420F00E2
:101F2000F7B50446FFF760FF00212046FFF7C4FD28
:101F300004F1680008F019FB236F0BB101221A604D
:101F40006388DB0721D50023114E256ACDE90033D4
:101F5000FF23F37405F10A076846FBF72DFFA0B9CC
:101F6000009CA542F8D06A7A607A3B4604F10A01E7
:101F700008F005FB0028EFD0A378F374D4F8030031
:101F80007061044BB4F807209A8003B0F0BD00BF25
:101F9000A0150020B4150020024BD8611B6A1B68F5
:101FA000184700BFA015002043881B0710B5044642
:101FB00011D5036A0A493C2280F883201B88A0F8C7
:101FC0008430FF2380F8A1304FF6FF73A0F8A230D1
:101FD0007A3008F0F1FDFF2384F8793010BD00BF9E
:101FE000C3B30100E5190100011C01001BB401008D
:101FF00015B40100211F0100B5150100491C0100A5
:10200000F01F0100E81F0100E41F01000138022851
:1020100008B503D9C3212F20FBF7AEF913290A4BCA
:1020200005D811290CD8102907D0D121F3E715299B
:10203000FBD103EB4003D88801E033F8100008BD62
:1020400003EB40039889FAE784920300F8B52F4B1D
:102050001A88402842EA00021A8005D104219868B3
:10206000BDE8F840FDF744B9802801D10521F6E725
:1020700000F00302032A04D140F6CA113120FBF715
:102080007BF910F0020418BFD960C50705D5CA78DE
:102090001961062A0DD00B2A18D02CB1DA68D27833
:1020A000052A1FD00B2A2AD0820644BF08221A759F
:1020B000F8BD9A6892F88F101829EED100260027F3
:1020C0000121C2E93C6782F89310E6E79A6892F82A
:1020D0008F10122901BF002182F89310012182F88C
:1020E000D210DAE79A6892F88F101629DCD1002412
:1020F0000025C2E93E45012182F89410D4E79A6890
:1021000092F88F101129CFD10021F5E7C4150020D6
:1021100013B5044601A8FDF715FF20B940F2CA71B6
:102120003120FBF729F922220021019805F07EFFDA
:102130000198032108F043FC0198037823F0100371
:1021400003702146FEF768FA019906482246FEF719
:10215000DDFDFDF70DFF10B940F2D471E0E702B0EC
:1021600010BD00BFC815002070B5274CA36893F8B8
:10217000566293F85752002E3FD193F86810002D05
:102180003DD193F8692083F8681083F86920FF2215
:1021900083F86A201D4B1B680BB1A0689847A368A1
:1021A00093F83431012B02D056EA050303D01848C6
:1021B0000021FDF76BFEA068303008F07FFD05467A
:1021C000A06800F24511FEF769FCA0680621FDF742
:1021D0008FF8A068303008F071FD8542044610D2B7
:1021E00002F018FF0146601B322838BF322004F08D
:1021F00095FFB0FA80F0400970BD3146BFE72A462E
:10220000C1E70120F8E700BFC41500203C0700200B
:10221000C8150020002908BF1F21172810B5034644
:102220000BD80D280DD90E3809280AD8DFE800F0A0
:102230000B0909090B090B09110BA0F12303022B50
:1022400023D9002010BDBDE810400021184609F038
:10225000CFBA114CA36893F88E20212A09D1201DF2
:10226000FDF714FEA368002283F88E2083F8CC20AB
:10227000E7E72E2AE5D193F88F30A3F12002062A52
:10228000F0D92E2BEED02A21E9E7044B1B68002B56
:10229000D7D0BDE810401847C415002038070020EB
:1022A000114B09790246986890F88E30212B11D095
:1022B0002E2B0FD0282B0FD0042B0FD00F2B0FD08D
:1022C0001D2B0FD090F88F30232B14BFFE2017202A
:1022D000FFF7A0BF1620FBE72320F9E70E20F7E762
:1022E0001220F5E71420F3E7C415002008B50C4BC5
:1022F0009B6893F81E21FE2A04D040F2D971312048
:10230000FBF73AF883F81E0111B9A3F8CE1008BD07
:102310000022A3F8C820012283F8CC20F7E700BFF1
:10232000C41500200C4A117D91B938B99068B0F8F5
:102330005810828F91420BD8FCF7CCBF13881B0733
:1023400008D5936893F89000073818BF01207047AC
:102350000020704701207047C41500204368D3F85F
:10236000803013F0300F2DE9F74304460D4656D167
:10237000084608F0B5FB30B92946204603B0BDE851
:10238000F04308F052BD2846666808F0A5FB0746F2
:10239000284608F09DFB8046284608F09FFB8146B2
:1023A000284608F097FB303600904B4642463946A7
:1023B000304608F095FC1B4B1A88920711D5DA6855
:1023C000D278142A0DD16268D2F8803043F010031D
:1023D000C2F88030204608F0FAFC002003B0BDE8C7
:1023E000F083626892F88E101D29ECD092F82B21B0
:1023F000002AE8D1626892F82A21002AE3D16168B4
:10240000D1F8802042F02002C1F880209A6811465D
:1024100002F5A77231F8300BFEF78EFBDAE70120E8
:10242000DCE700BFC415002010B5164BDB68197936
:10243000436893F88E20092A09D193F819218A421A
:1024400005D1002283F88E2083F8CC2010BDD3F86C
:10245000802012F0080407D022F00802BDE81040E6
:10246000C3F8802008F0BDBCFF2905D1332283F8D2
:102470008E2083F84C42E9E740F2DE413120FAF742
:102480007BFF00BFC415002010B50B794268172BE5
:1024900092F88E2004460CD80D2B0CD9A3F10E0116
:1024A000092908D8DFE801F0090707070907090724
:1024B0001009232B26D0002010BD22460121BDE8A3
:1024C0001040184609F094B9212A01D02E2AF2D1E1
:1024D000204608F073FC636893F88F20222AEAD024
:1024E00093F8E32022F0010283F8E320626892F877
:1024F000E33023F0080382F8E3301A212046FDF789
:10250000C5FCD8E7282AD6D1024B1B68002BD2D0B5
:102510009847D0E740070020F7B5814C05460028D2
:1025200040F0B28023881F0735D5A36893F81E2199
:10253000FE2A04D14FF4AA613120FAF71DFFFE22D2
:1025400083F81E2193F88F201A2A07D183F8D1002F
:10255000201D08F046FCA36883F88F50A36893F809
:102560008E20332A42D03F2A49D0202A0AD193F81C
:102570008F20A2F12001062901D92E2A34D12E2242
:1025800083F88E20A36893F89020072A02BF0222C6
:10259000627583F81E212388DE0734D42388580708
:1025A00000F1A080990713D5E368DE780D2E00F0C6
:1025B000A180112E00F0A080072E00F09F803046F1
:1025C000FEF75EFC0346002800F09A8055489847C5
:1025D0002388DA0658D5A36893F88F200A2A53D1A6
:1025E0000B2283F88F204FE02122C9E7012283F8D4
:1025F0004D22002283F88E2083F8CC20C2E7494880
:1026000008F0DCFBBEE7A368276993F88F30113B25
:102610000B2B0BD8FB78023BDBB2092B7CD80122B9
:1026200002FA03F340F23332134275D03846FDF715
:10263000E3FF20B939463B4808F0F7FB47E0FE7856
:10264000012E01D9162E0FD1A36893F88E0008F041
:10265000DDFB48B1A36893F88E20202A04D0212AFC
:102660000ED12E2283F88E20112E35D026D8072E9B
:1026700034D00D2E34D03046FEF7F8FB034621E06F
:10268000162E0CBF20250225237D1B0713D5A3681A
:1026900093F88F30113B0B2B40D9002601A9032062
:1026A0000196FBF7F1FF019B2BB11E720C22A16872
:1026B0000198FEF79FF9284603B0F0BD142EDAD139
:1026C000194B1B68002BB5D0216916489847002884
:1026D0003FF464AF0546D7E7144BF5E7144BF3E737
:1026E000144BF1E7A26892F89020062A04BF012259
:1026F000627557E7104B69E7104B67E7104B65E7CA
:10270000FF2E06D1A268332182F88E1082F84C0287
:102710005EE740F244510FE70825B5E70825CAE710
:10272000C4150020C815002048070020FDB801008E
:1027300089240100A12201008DB80100ABB801007D
:10274000292401002DE9F041A54CB4F800800E4683
:10275000A16818F4007F0ABFB1F8C220002301323B
:1027600001F1800507461ABFA1F8C23081F8C731D0
:10277000A1F8C220284609F0B0F828B1434601F577
:102780009E722846FEF734FD238803F4C06333B1FC
:10279000A06890F89230002B4AD0032B4ED0A1684D
:1027A000238891F89220012A04D11D0544BF0222FA
:1027B00081F89220002F40F0AD8058065DBFB1F83F
:1027C000E021013292B23A46A1F8E02103F00A0278
:1027D0000A2A0DD1E268D278022A09D123F008032F
:1027E00030462380FFF798FE08230643F6B2238085
:1027F0003046FFF791FEA36893F81E210643FE2A98
:10280000F6B24FD1002E4DD193F89020063A012A0E
:1028100048D993F82831B3B1A36893F82921A3F8D4
:10282000C66083F8202101210220FFF75FFD39E017
:10283000012180F89210FCF75BFDB0E7022380F8DD
:1028400092300121F7E7A06890F88F30A3F11005CE
:10285000EDB20C2D11D8113B0B2B00F25681DFE8A5
:1028600013F00C015401540154010F0117015401DC
:1028700054015401540154014201D0F88030D90769
:1028800002D531460920D0E79A0740F19A803146B7
:102890000C20FFF72BFDA26892F8D33043F0010320
:1028A00082F8D330A568B5F8C03195F8C4810133FA
:1028B000A5F8C031B8F1000F00F0E581FBF7D6FEB6
:1028C00010B10023A5F8C031A16891F89280B8F149
:1028D000010F40F20E8291F89030072B40F0EB810F
:1028E000B1F8C230022B40F20482B1F8C450013575
:1028F000ADB2B1F888302B44A1F8B83191F8C531A8
:10290000002B00F0FF810123A268B2F888100B446D
:10291000A2F8BC312288A36855065BBFB3F8CC216E
:10292000B3F8BE1100225218A3F8CC2193F8283135
:102930002BB9A36893F89030063B012B07D8A36806
:10294000B3F8C620B3F8BE110A44A3F8C620A368A2
:1029500093F8CC0030B1B3F8C820B3F8BE110A44E4
:10296000A3F8C82093F9D0100029C1BFB3F8CE2036
:10297000B3F8BE515219A3F8CE2093F8B1205AB93A
:10298000002F40F05982627D022A40F00E8293F8B7
:102990002021062A18BF1622A36893F8B0302BB95D
:1029A000A368104883F8B120FEF774FAA06808F015
:1029B000E4FFA368002283F8C321BDE8F041FDF7DE
:1029C000FDBA590702D5314613202EE71A070BD559
:1029D00090F8183180F820313146072025E700BFF4
:1029E000C4150020C815002013F0300F3FD090F818
:1029F0002B31002B40F02682A36893F82A31F3B1E3
:102A0000A06890F88F30252B00F5957100F25622C2
:102A10002BD090F88E30A3F1250CDCF1000343EBB2
:102A20000C0308F04FF9A268D2F8803023F020039D
:102A300043F01003C2F88030002382F82A31A068E6
:102A4000D0F88030DA0640F1FD8100F24511FEF742
:102A500025F8A368B3F85220A3F82021B3F8562034
:102A6000A3F8222100211520DFE60123D9E75B0628
:102A700040F1E88100212420D7E600210B20D4E694
:102A8000FEF77AFA00283FF40DAF00210420CCE6CF
:102A900090F84832012B08D100210520FFF726FCD1
:102AA000A368002283F84822FCE6A36893F8483222
:102AB000022BD8B27FF4F6AEA36893F8D250062268
:102AC0001DB183F820210021E8E78C48032108F09C
:102AD00097F9A36893F8E23013F0040F294614BF66
:102AE00011200D20DAE7002106209EE693F834211C
:102AF000022A02D10021172097E693F83421012AF7
:102B000003D193F83531002BF4D0A36893F88E20CD
:102B10006AB993F88F20103A0C2A40F2A38193F8F7
:102B2000C020002A00F09E81012112207DE6092AA2
:102B300040F0948193F8192183F8202101214CE77A
:102B4000A36893F83A319BB1A36893F8D33013F09C
:102B500003050DD101210C20FFF7C8FBA36893F8F2
:102B6000D32042F0010283F8D32083F83A519BE747
:102B7000A36893F82A3153B3A36893F82B3133BB7E
:102B8000A06890F88F30252B00F5957100F2562241
:102B90001BD090F88E30A3F1250CDCF1000343EB41
:102BA0000C0308F08FF8A368002283F82A21012182
:102BB0001420FFF79BFBA368B3F85220A3F8202151
:102BC000B3F85620A3F822216CE60123E9E7A368B5
:102BD00093F83421012A4CD193F83531002B48D198
:102BE000A16891F88F30A3F12002062A41D92E2B3B
:102BF0003FD091F86850012D06D0022D04D040F24C
:102C00000B310620FAF7B8FB91F86900012801D0D2
:102C10000228F4D1022D91F836210AD0012A14BFDE
:102C2000002201223AB90A3B042B12D901211620B5
:102C3000FBE5022AF3E7022891F8372117D0012A91
:102C400014BF00220122002AEDD02C480021FDF7FC
:102C50001DF9A36893F88E20002A7FF423AE93F821
:102C60004C32002B3FF41EAE0121FF20DDE5022A8D
:102C7000E6E7234B1B68002BEBD020489847FE2843
:102C8000E7D00121D1E5FBF7EBFC08B1A5F8C08145
:102C9000FBF7F4FC00283FF417AE95F8C731013379
:102CA000DBB2022B85F8C73182BF0023A5F8C03103
:102CB00085F8C73108E691F8C0301BB191F88E3025
:102CC0000F2B16D1B1F8C450B1F8C23001F1800019
:102CD000ED1A033D08F001FE68B1D1F8B830D1F823
:102CE000B420033B9B1A9D42A8BF1D46012D3FF710
:102CF000FFAD0125FDE52B46F5E700BFC815002017
:102D000044070020012D7FF6FEAD91F88F3013B1FE
:102D10000B2B7FF4F8AD91F88E30002B7FF4F3ADE0
:102D200091F89030002B7FF4EEADB8F1020F7FF4F4
:102D3000EAAD91F8C731002B7FF4E5AD086905F0E5
:102D40002AFF00283FF4DFADA26892F81E31FE2B67
:102D50007FF4D9ADB2F8BA31012B7FF6D4ADB2F819
:102D6000C011138C9942BFF4CEAD5B1A013DADB2D8
:102D70009BB29D4228BF1D466B1C9BB292F87720E8
:102D800072B9A1680A6F5AB1B1F8BE20B1F88810C3
:102D9000521A91B212B2002A02DD9342A8BF0B462A
:102DA000A268012182F8C211AEE5012A09D193F887
:102DB0009120002A7FF4F0ADA0680021FCF798FA7A
:102DC000F7E55EB1F00635D4310735D4B20635D417
:102DD000B30735D140F64C11312013E738B1B3F8C1
:102DE000C800B3F8CA20904201D32222D4E50029BA
:102DF00005DDB3F8CE10B3F8CA209142F5D2B3F88E
:102E0000C610B3F8C42091420BD2A36893F8921075
:102E1000B3F8C22051B1B3F8C4309342CCD80822E1
:102E2000BAE593F82831002BDFD1EEE7052AC3D9A4
:102E30003E22B1E51E22AFE53D22ADE52322ABE502
:102E40002A22A9E5A36893F88F20222A3FF44EAEE8
:102E5000312A7FF45AAE00211120E6E40C2D3FF612
:102E6000F8AE1FE50C2D7FF61DAD93F83B31002B1E
:102E70003FF466AE01210E20FFF738FAA368002266
:102E800083F83B2110E600BF73B5664D0024012690
:102E90002E71A8602C802C756C75FF2380F8C331CF
:102EA000AB681888FDF748F8AB681888FDF770F82C
:102EB000AB68B3F8BA21EAB193F81E21FE2A19D102
:102EC00093F82831B3B1AB6893F89020063AB24238
:102ED00010D993F82921A3F8C64083F820210220B5
:102EE0003146FFF703FAAB68022083F8C241FFF7CF
:102EF0000FF904E0AB6893F81E01FE28F7D1AC6827
:102F0000B4F8BE31B4F8C021013B12FA83F2A4F840
:102F1000C021B4F8C22099B212FA83F3A4F8C230E7
:102F200004F1800008F0D9FC20B1D4F8B4300B448F
:102F3000C4F8B430B4F8BA31012B9CBF0133A4F803
:102F4000BA31002609B184F8C76194F88F3084F84B
:102F5000C261A3F10A02012A1FD8B4F88830B4F87C
:102F600054229B1A190432D404F2562104F196001B
:102F700007F0F3FBAB6883F88F60FF2283F8EA2049
:102F8000A968B1F8BE2101F1800007F02CFCA0B3C4
:102F900040F6D7013120FAF7EFF9252B17D1B4F815
:102FA0005422B4F888309B1A1A0410D484F88F6025
:102FB000FFF7DAF8AB68014630B983F8340102B0A4
:102FC000BDE87040FFF7BEBB83F83461D8E794F8E2
:102FD0008E3003F0FD03252BD2D1B4F88830B4F83D
:102FE00054229B1A1B04CBD4002384F88E30FFF7A5
:102FF000BBF801460028C3D1E1E70B4B0B49009316
:1030000003C90B4B0B4AFBF7F9F9AB6893F88F3008
:10301000113B0B2B04D802B0BDE87040FBF7E6B9BA
:1030200002B070BDC415002045270100C81500205E
:10303000252301004D20010038B50446084694F8C8
:10304000483213B10C25284638BD94F88F30153B13
:10305000012BF7D894F86C3203F0FF05002BF1D167
:10306000A1B194F8DE3123B940F6A1113120FAF76D
:1030700083F9074B9968052301F5807201F5E77123
:1030800004F046FC012384F84832DCE70223FAE727
:10309000C4150020D0F85C328269934210B5044612
:1030A00004D1D0F86012026A914215D02288A4F8A7
:1030B0009A2140F2E242B3FBF2F3A4F89C31B4F857
:1030C0006032A4F89E31B4F862320949A4F8A03104
:1030D00004F5C87007F079FD02212046FDF7C4F918
:1030E000002384F88F30032384F8923010BD00BF92
:1030F00077AF010008B5FDF7DDFD024B024A1A600B
:1031000008BD00BF480700205D230100064BD3F82F
:10311000000138B1D3F8040120B1D3F80801B0FAA6
:1031200080F04009704700BF00F00040034B0022D0
:103130001A705A7010229A70704700BFDC15002078
:1031400070B50646022014460D4600F09BF9064B6A
:1031500001221A70054B033CC3F81045C3F80865FB
:10316000C3F8045570BD00BFDC15002000F000401E
:1031700008B5022000F086F9084B01221A70084BAE
:103180000022C3F80021C3F80421C3F8082103F585
:1031900080334FF40002C3F8042508BDDC1500207D
:1031A00000F000400D4A08B513787BB10C4B4FF48A
:1031B0000001C3F80815FFF7A9FF60B101235370A0
:1031C000084BD3F80034937000231370BDE8084017
:1031D000002000F057B950701023F4E7DC150020F0
:1031E00000F0014000F000400A4B1A786AB10A4B27
:1031F000D3F800215AB1D3F8040120B1D3F8080163
:10320000B0FA80F04009C0B2704758787047022089
:10321000704700BFDC15002000F0004008B5074BE8
:103220001A783AB1FFF772FF30B1054BD3F80004BA
:10323000C0B208BD9878FCE71020FAE7DC15002042
:1032400000F00040024B00221A705A709A707047CA
:10325000DF1500202DE9F04104461C4D01201E46DB
:103260008846174600F00EF904F003002E7140EA7C
:103270000643174E43F08073C6F80435C6F8088538
:1032800004F0EAFC30B9D6F8183523F0FF033B43CD
:10329000C6F818350F4B104AC3F8082514F0FB0F79
:1032A00001BF0E4AC3F89825FC3AC3F89C250122B9
:1032B000022C6A70EC7007D8054B2A700021C3F805
:1032C0000011C3F800121A60BDE8F081DF1500207C
:1032D00000F0004000F001400000020200F1004058
:1032E000214A537870B523B94FF404713C20FAF7A2
:1032F00043F81E4BC3F80C15C3F81005D57801240C
:103300009470C5B912780AB9E121EFE7184AC3F8F9
:1033100004514FF40035C2F80455D3F8006116B1DA
:103320005C60C2F808550B7803704B780433437027
:103330008B78837070BD042D4FF0000106D114709E
:10334000C3F80411C3F800421C60F3E7127812B905
:1033500040F20D11CAE7C3F80411054B4FF000729B
:10336000C3F80425E6E700BFDF15002000F00040A9
:1033700000F00140064B1A782AB1064A0649C2F805
:10338000081500221A7000225A709A70704700BF08
:10339000DF15002000F001400000020208B50A4BD2
:1033A0001B7823B940F276213C20F9F7E5FF074B63
:1033B000D3F8042112B940F27721F5E7D3F80004DD
:1033C000003818BF012008BDDF15002000F00040C4
:1033D000164B1B7870B523B940F287213C20F9F7D2
:1033E000CBFF134CD4F80431BBB90223C4F8043327
:1033F000104B114E1D691A6942F0100205F01005BC
:103400001A61D4F804314BB125B90A4A136923F083
:10341000100313610223C4F8083370BD4FF4004356
:10342000C6F8803108F00DFDEBE700BFDF15002086
:1034300000F0004000ED00E000E100E0014B01225F
:103440009A60704700F0004008B50B4B4FF4004203
:10345000C3F88020BFF34F8FBFF36F8F074B00225D
:10346000C3F80025C3F80025FFF784FF044B4FF491
:103470000002C3F8082508BD00E100E000F00040AC
:1034800000F0014038B5144C0023C4F80035C4F8EE
:1034900000350546FFF76EFF104B4FF40002012D7B
:1034A000C3F8082503D0022D08D085B938BD022302
:1034B000C4F800350A4BC4F81435F7E70321C4F803
:1034C00000150749C4F81415C3F80425EEE7822156
:1034D0003D20F9F751FF00BF00F0004000F001402F
:1034E000E4150020024B00221A809A701A7170476E
:1034F000F016002038B5144D95F8412003460846D3
:1035000022B940F611013E20F9F736FF6BB9012AC6
:10351000EC6B95F8401005D100F048FE2044AB6AF2
:10352000C01A38BD08F055FAF8E7012B0AD1012A74
:10353000EC6B95F8401002D100F02AFEEEE708F09F
:1035400053FAEBE70020EAE7F016002008B5094B34
:10355000012883F82000084B06D0022808D040F646
:103560002A513E20F9F708FF0322C3F8102508BDB1
:103570000422FAE7F01600200010004008B5144BB2
:1035800093F84D30D90721D59A0711D5114BD3F8AF
:10359000002242F00102C3F80022D3F8503503F0B4
:1035A000F603022B12D140F2FE513E20F9F7E4FE61
:1035B0005B070BD5084B094AC3F8AC25A3F5B83314
:1035C000D3F8403113B140F20561EEE708BD00BF0A
:1035D000F01600200010004000F0014008100040EC
:1035E00007B50B4A01AB92F9212000F023FE9DF9AB
:1035F000040000F0C5FD9DF8050000F08FFE20B12D
:1036000040F2CF513E20F9F7B7FE03B05DF804FB5E
:10361000F016002008B503460F4863B92831C16091
:103620000E4900F063FE0130012814D940F22671E2
:103630003E20F9F7A1FE012B0AD12931C1600749CB
:1036400000F05AFE0130012805D94FF4E661EFE79A
:1036500040F23471ECE708BDE8040020A4920300B6
:1036600008B50C4B9B78012B09D100F04BFE0130C3
:1036700001280ED940F662013E20F9F77DFE022BAB
:1036800007D100F045FE0130012802D940F668015B
:10369000F2E708BDF0160020044B03441A7E044BE9
:1036A000C3F80825C3F85405704700BFA49203006F
:1036B0000010004038B50D460446FFF747FF284686
:1036C000FFF7EAFF29462046FFF78AFF04F0F0FAE9
:1036D00090B10A494FF08053D1F88825D3F82033B0
:1036E000022C0CBFC3F30663C3F3062322F4FE428D
:1036F00042EA0323C1F8883538BD00BF00100040FE
:1037000010B50C46FFF722FF2046FFF7C5FF0E4B12
:103710005A78012A03D1D8782146FFF761FF0B4C74
:10372000D4F8003243F48873C4F8003204F0C0FACD
:1037300040B904F0CDFA28B9D4F8683543F4C02371
:10374000C4F8683510BD00BFF0160020001000401E
:1037500010B560220021194804F068FCFFF7C2FE92
:1037600004F05CFA60B124221548FF2104F05EFCED
:103770004FF080430022C3F8082EC3F8102E10BD6E
:1037800004F056FA0028EED104F05CFA0028EAD1E1
:1037900004F078FA08B14022E6E704F069FA04463A
:1037A0000028F8D106483822FF2104F03FFC4FF0F2
:1037B0008043C3F8084EC3F8104EE0E7F01600202F
:1037C000000E0040024B0344187E00F5166070475F
:1037D000A4920300014B93F840007047F0160020BC
:1037E000024BD86B9B6AC01A704700BFF0160020CE
:1037F000094A936A906B92F84010C01A074B03EB8A
:1038000081031A6CDB6C801A03F2F3134FF47A72A3
:10381000B3FBF2F3C01A7047F0160020A492030025
:1038200008B5FFF7E5FF034AD2E90C31C01841F1B2
:10383000000108BDF016002008B50F4A92F84010AC
:10384000012906D0022914D040F2A7213E20F9F721
:1038500093FD40F6B830936B926A9B1A074A02EBCD
:103860008102126C9B1A4FF47A72B0FBF2F018448A
:1038700008BD4FF4FA60EEE7F0160020A4920300B2
:1038800008B5134B012983F84C0006D002291BD040
:1038900040F2E5213E20F9F76FFD00230D4A43F485
:1038A000801340F0007043F4847340F44030C2F859
:1038B0001435C2F81805D2F8503503F0F703032B7E
:1038C00005D14FF43F71E5E74FF08073E6E708BD9F
:1038D000F01600200010004008B504F0E9F950B1DE
:1038E000054AD2F8743723F0807323F0010343F0C4
:1038F0008073C2F8743708BD00100040474B0222A5
:1039000070B5C3F88020BFF34F8FBFF36F8F444C67
:103910000023C4F8FC3F0123C4F8FC3F04F0D8F9AD
:1039200028B1D4F83C3743F48063C4F83C3704F042
:1039300093F958B1D4F83C3723F0004323F0FF0348
:1039400043F0004343F09603C4F83C3704F0B0F969
:10395000334C38B1D4F8403723F47F4343F4B053A9
:10396000C4F840372F4BC4F8783700F0E7FC38B183
:103970004FF08053D3F83033591C18BFC4F84C377C
:103980004FF01023264C1B6E5A1C09D0D4F88C25FE
:103990001B0403F47F0322F47F021343C4F88C3525
:1039A00040F20313C4F834351F4D40F25B63C4F892
:1039B00038350123C4F8303585F820300323C4F8A6
:1039C000103540F20123C4F850360226174BC4F8D4
:1039D0000062187C00F0B8FC154B4FF04062C3F851
:1039E00004250023A5F84030EB6385F84D30114BDA
:1039F000D3F84035AB6202F0C7FD084B1022C5E991
:103A00000C01C3F88061C4F804231E602B6E03B15F
:103A10009847BDE8704000F05DBC00BF00E100E0E9
:103A2000001000402C000089F0160020E80400205F
:103A300000F0014000800040014B83F821007047F6
:103A4000F0160020034B020E0002C3F82425C3F831
:103A50001C0570470010004038B5044600680A4D48
:103A6000FFF7F0FF094B6268C3F83C25237A85F81D
:103A70002230617AA07AFFF703FF607AFFF766FDD4
:103A8000E37A85F8213038BDF016002000100040A0
:103A9000014B83F822007047F0160020F8B5244E41
:103AA00096F84D30DA0705460F4604D440F25971B6
:103AB0003E20F9F761FC1F4CD4F8002243F00203CA
:103AC00042F00102C4F8002286F84D3000BB96F89F
:103AD00022103846FFF7EEFD174A0123B370D36476
:103AE0002360154BD3F84C4528462146FFF792FD3D
:103AF000B06A241ACDB9114901EB47074FF47A7126
:103B0000B7F8580000F5FA70B0FBF1F02044F8BDAA
:103B10000128E6D196F822103846FFF7F1FD02237E
:103B2000B370054BDD646560DBE704F12900EEE767
:103B3000F01600200010004000800040A492030016
:103B4000F8B53C4C0D461646074600284ED11046A7
:103B500094F82210FFF7AEFD22780123A3709A4259
:103B6000354B4FEA46061E4430D1B6F85E304FF46E
:103B70007A7203F5FA73B3FBF2F3ED1AA16A2F4AD6
:103B80002F4E304B0D44C6F84055C2F8A835636C33
:103B900043F4002363644FF40023C2F80435237810
:103BA000002B3AD194F84D3043F0020384F84D30A5
:103BB000FFF7E4FC0123F364D6F84C25954233D893
:103BC0000022C6F84025204A1361F8BDB6F85830E7
:103BD0004FF47A7103F5FA73B3FBF1F3ED1A002A8F
:103BE000CCD1164B184AC3F8AC25C7E701280FD132
:103BF00094F822101046FFF783FD0223A370237868
:103C0000012BBBD0293D002BB8D10C4B0F4AEAE762
:103C100040F2C9713E20F9F7AFFB012BC8D194F8EF
:103C20004D3043F00403C1E729463846BDE8F8406B
:103C3000FFF7F0BCF0160020A492030000F0014052
:103C4000008000404081004000100040041000400F
:103C5000224B13B510222249D3F80443C3F808239A
:103C60000222C1F88021C3F800221E4A002182F8F6
:103C70004D101D4A4FF46020C2F80805D3F85025B6
:103C8000D2B204F01004DAB1FF228DF8072001222D
:103C9000C3F810111A619DF8072012B1D3F8102152
:103CA0003AB19DF807305BB940F651013E20F9F773
:103CB00063FB9DF80720013AD2B28DF80720EAE7AE
:103CC000FFF7CEFC05490023C1F81031FFF70AFCCD
:103CD00014B11023C1F8043302B010BD001000402D
:103CE00000E100E0F016002000F0014038B51A4D68
:103CF0000024C5F84845C5F84445C5F84045C5F811
:103D00004C45FFF7A5FF00F0EBFA144B14495A6C31
:103D100042F04462C1F80825C3E90E445C641C7695
:103D2000104BC5F848450222C5F84445C5F8404542
:103D3000C5F84C45C5F84841C5F84441C5F840416F
:103D4000C5F84C41C3F88020BFF34F8FBFF36F8F8E
:103D5000C3F8802138BD00BF00800040F01600206D
:103D600000F0014000E100E0014BC3F83C05704762
:103D70000010004010B50FC8014C84E80F0010BDC2
:103D800054170020064BC3F80405064B93F84D204A
:103D9000986442F0010283F84D20FFF7EFBB00BFAB
:103DA00000100040F016002008B5134B9A6A10442A
:103DB000DA6B824204D340F6C5013E20F9F7DCFA03
:103DC0000E4AD861012119765164D2F8441588420F
:103DD00002D840F6CE01F0E70021C2F84411C2F843
:103DE00044055A6C42F480025A64054B4FF4800239
:103DF000C3F8042508BD00BFF01600200080004075
:103E000000F0014010B50F4C034694F8410094F8BF
:103E100040100222012822764FF0960094F82020CC
:103E20000CD100F0D1F9084AE0610023C2F8443116
:103E3000E36BE1690B44C2F8443510BD00F0DEF9D4
:103E4000F1E700BFF016002000800040044BC3F8EB
:103E50006005D3F8002242F04002C3F80022704708
:103E600000100040054BD3F8002222F04002C3F8B6
:103E700000220022C3F86025704700BF00100040F8
:103E8000044BD3F8483503F07F035B4203700120F5
:103E9000704700BF0010004008B50D4B0246D970B6
:103EA00008460021197082B901225A709A78022AB4
:103EB0000DD193F82210FFF793FB064AD2F8003297
:103EC00043F48873C2F8003201E002225A7008BD40
:103ED000F016002000100040024B0022C3F84025DD
:103EE000704700BF00800040044B30B5D3E9144553
:103EF0009B6DC0E900450B6030BD00BFF01600208F
:103F00002DE9F843924D934C0123EB64A36AD5F855
:103F10004C7594F84C90FF1A03F0AAF80026C4E9F7
:103F20001406A765FFF79CFB8B4B626CC3F8082552
:103F30008A4A6664D2F8003223F48E7323F00103B8
:103F4000C2F80032237E84F84D6023B1D5F84431A5
:103F50009B1B18BF0123A178012938D1D2F80C315D
:103F6000002B0CBF0025082515F00B0F7B4B04D14F
:103F7000D3F810210AB145F010050022C3F8002142
:103F8000C3F80C21C3F81021C3F80421C3F8082199
:103F900005F01803102B03D1012908BF45F02005B7
:103FA0006B4B6678D3F84825E263D3F84435A363B6
:103FB00094F8203084F8403084F84110EEB9FFF7CF
:103FC00091FA2676EF0761D5636E98478EE0022955
:103FD00011D1624AD2F80C01D2F8002400280CBF9B
:103FE00000250225D20758BF45F00405002BBBD0A1
:103FF00045F00105B8E70025B6E715F0110F21D10E
:104000002379B6F1010818BF4FF00108012B26787B
:104010001CD0022B2FD09BBB96214046FFF76AFA9B
:104020000146FFF75FFA012E07D13B378F422AD8AE
:10403000474B26700022C3F84021E2784046FFF744
:104040007FFD01E0FFF704FE0026BBE74448FFF7D1
:1040500003FD94F8413023B94FF4EA613E20F9F7AB
:104060008BF9012B04D1FFF7E7FB61690144D8E725
:10407000FFF7BEFBF9E73A48FFF7EEFC6169D0E7CE
:1040800040F63E21EAE7354B1E619BE7A80745D580
:1040900003F00EFEE8B903F01BFED0B92F4BD3F8A6
:1040A0005034D90115D51A0705D013F0F00F02D0FE
:1040B00013F4706F0DD1294AC3F304410129D2F8DA
:1040C000542406D1012A04D0C3F34253022B7FF6B5
:1040D0007BAFA36C5B784B4588BF45F0040585F04A
:1040E0000400A36E3146C0F380009847A378022BEA
:1040F00012D1237E83B1022B154A1DD1E36BE169F6
:104100000B44C2F84435636C43F480036364124B80
:104110004FF48002C3F80425BDE8F88315F0280F9A
:1041200006D085F02001E36EC1F340113046DCE794
:10413000EB06DBD5236F48E7012B02D040F61E418A
:104140008CE7E369E16B8B42DBD840F61F4185E7E2
:1041500000800040F016002000F0014000100040F8
:10416000F8160020024B03EB8003186C704700BF69
:10417000A4920300014B53F820007047F092030013
:10418000024BC0B2C3F80C05704700BF00100040DE
:10419000054B33F8113002384FF47A7203F2E733EB
:1041A000B3FBF2F31844704714930300054B33F844
:1041B00011304FF47A7203F57A73B3FBF2F31844BB
:1041C000704700BF1493030038B51D460A4B33F8FF
:1041D000111003EB820305359C6821444FF47A7378
:1041E00001F6B73103FB00141046B4FBF3F4FFF7FC
:1041F000B9FF2C44204438BD1493030070B5064623
:1042000008461546FFF7B6FF094A02EB8502936898
:104210004FF47A7203F6B73302FB06331C1A2846B2
:10422000B4FBF2F4FFF79EFF0530204470BD00BFE1
:10423000149303002DE9F74F244C074698460D468A
:10424000164600F0A3F82378BB42814611D163786B
:10425000AB420ED194F90230B3420AD1E3788342E3
:1042600007D1A388A8F8003094F9060003B0BDE890
:10427000F08F781EC0B203280ED8DFF854C00DF1BD
:1042800007031CF800003246294600F085F88246F4
:1042900038B13D21752002E040F25F410620F9F778
:1042A0006BF828469DF907B0FFF78CFA5346024693
:1042B0004146584600F038F8B8F80030A071A380A5
:1042C00027706570A67084F80390CDE70005002084
:1042D00028930300014B1B685B6818474C070020BC
:1042E000014B1B689B6818474C070020014B1B685B
:1042F0001B6918474C070020014B1B685B69184776
:104300004C070020014B1B689B6918474C07002095
:10431000014B1B68DB6918474C070020014B1B68E9
:10432000DB6A18474C07002010B4034C2468E4688B
:10433000A44610BC604700BF4C070020014B187812
:10434000704700BF401C002000220F4938B50446CA
:10435000134644FA02F0C007D5B248BF581C02F118
:10436000010244BFCD54C3B2042AF2D1064DC3F1B9
:104370000402042BD2B24FF0FF0188BF0022E818DC
:1043800003F054FE2C7138BD4C1C0020014B187DED
:10439000704700BF68170020042810B511D883B1FA
:1043A00004280CBF10242824A1420AD2064C54F839
:1043B000200018B141568A42A8BF0A461A70002050
:1043C00010BD6FF01500FBE76817002030B50346FD
:1043D000114890F91C209A4219DD90F924209A4244
:1043E00017DA9A1A846AA05C0C4A15569D420DD0C1
:1043F0000E32002918BF01309442C0B206D129B153
:10440000013BDBB2012B01D80130C0B230BD0D2021
:10441000FCE70020FAE700BF681700202C93030098
:1044200008B5054B93F91C30984203DAFFF7CEFF2D
:10443000024B1B56184608BD681700202C9303003A
:1044400010B51C4C94F82C3073B9012384F82C302F
:1044500003F0F8FB48B1184BA362D823236284F819
:1044600024300823A361237710BD03F001FC00284A
:10447000F1D103F007FC0028EDD103F0C5FB38B102
:104480000E4BA362D823236284F824300423E9E787
:1044900003F0C4FB0028F3D103F0CAFB0028EFD1DE
:1044A00003F0DAFB0028EBD14FF4DF71742003F046
:1044B0007BF900BF68170020679303003A9303005D
:1044C0004FF08042012353600023C2F80031014ABB
:1044D0001370704795170020014B01221A70704726
:1044E000951700204FF08043D3F8003123B9034BD8
:1044F000187800F0010070470120FAE795170020B6
:1045000070B50A4D012604462E70FFF7EBFF30B957
:104510004FF080436E706C60C3F8046370BD002C74
:10452000FCD0A04700236B60F8E700BF981700207D
:10453000024B00221A705A705A6070479817002078
:1045400010B5034C208100F02BFD608110BD00BF31
:1045500098170020014B9889704700BF98170020DA
:10456000014B1889704700BF98170020014B5889EC
:10457000704700BF9817002008B509B3F8B14FF095
:10458000FF331A46E0FB01320E498A4204D94FF448
:10459000EA716D2003F008F9180D40EA0230C3F308
:1045A0000F134FF22441B0FBF1F203EB0040064B36
:1045B00003FB1200B0FBF1F040EA0240013008BDFD
:1045C0000846FCE73F420F00000024F410B5EFF36B
:1045D000108472B6064A937B0133DBB29373937BEC
:1045E000012B01D107F04DFA04B962B610BD00BF2E
:1045F0009817002038B5FFF7E9FFFFF773FF094C64
:104600004FF0804540B107F066FA01232B61042387
:10461000E3730023237438BD0323E3730123C5F838
:104620000433F6E79817002010B5EFF3108472B644
:10463000094A937B23B940F2F1116D2003F0B4F8DD
:10464000937B013BDBB29373937B0BB9FFF738FF8E
:1046500004B962B610BD00BF98170020024BD87B8A
:10466000003818BF012070479817002073B51B4D04
:104670006B7C63B9E86900F0030007F01CFA30B105
:10468000EFF3108372B6EA7B1AB103B962B602B0D7
:1046900070BD0122EA7303B962B64FF0804308226D
:1046A000C3F808234FF42073ADF80630BDF8064078
:1046B000A4B2631E9BB2ADF80630002CF6D14FF0C9
:1046C00080460748C6F80C4107F09DFB85F821405D
:1046D000FFF790FF0823C6F80433D8E798170020A7
:1046E000B81700202DE9F041384C94F82230002B07
:1046F00069D04FF08043D3F80071D3F8046157B10B
:104700000122C3F8082363782BB163680025657024
:104710000BB1984765604EB14FF080430022C3F85B
:1047200004210222C3F80823FFF7A0FF4FF08046C0
:104730002748D6F80C8194F82150EDB207F067FBBA
:1047400020B140F28D216D2003F02EF847B1E37BBC
:10475000032B05D10423E37307F0BDF90123336173
:10476000B8F1000F16D04FF080430022C3F80C219F
:10477000E37B042B02D040F2AB21E4E703F08CFA98
:10478000C0B14FF080430022C3F8342C0223E373FE
:10479000FFF74AFF4DB1002384F82130E37B022B61
:1047A00001D1FFF727FFFFF73FFFBDE8F0410848C1
:1047B00007F03CBB03F050FA0028E2D103F062FAA4
:1047C0000028DED1E2E7BDE8F08100BF98170020A5
:1047D000B817002010B5044CE06900F0030007F0A2
:1047E0006AF90028F8D010BD98170020F8B50546E2
:1047F00050B10278042A07D8437842B9013B1F2BF5
:1048000002D88378212B07D96FF0150077E0002BB1
:10481000FAD18378002BF7D1814B0127C3F8807040
:10482000BFF34F8FBFF36F8F4FF08046C3F8807197
:104830007C4C4FF0FF33C6F808330023C6F8003134
:10484000C6F80431C6F80C31A373AB88A38107F016
:104850001DF908B12770A773D6F80C24D6F80C34CC
:10486000D20303D5DF0701D5FFF736FE4FF4AF6063
:10487000FFF766FE2B78A97863740022E261A174C9
:104880002274042B4ED8DFE803F005033B494B00AC
:104890000123E36107F001F900284ED007F004F985
:1048A000E36903F00303984247D1AB79002B3ED173
:1048B000FFF790FFA37C6BB12B785BB9FFF712FE7B
:1048C000054603F0E7F86FF00043002D00F0A580E7
:1048D000C4E905034FF08043D3F80C24D3F80C341B
:1048E000D20303D5DB0701D5FFF7F6FD4C4A0123C0
:1048F0000020E07384F82230C2F880311360F8BDE4
:10490000FFF764FE4FF08043D3F80C14D3F80C2467
:10491000CE03F9D5D007F7D50223BAE7424BB8E763
:10492000424BB6E740F2FD316D2002F03DFF4FF003
:1049300080430222C3F80423BCE74FF080430122E6
:10494000DA600022C3F80421E269C3F8182503F0F5
:104950005BF910B34FF080534FF08042D3F84432EC
:10496000C3F34233C2F83C3503F04EF910B34FF0B5
:1049700080430122C3F84C254FF0804301229A6006
:104980000222C3F80423AA79002A93D1D3F804237E
:1049900091071CD44FF46D71C6E703F03FF900286E
:1049A000D8D103F045F90028D4D103F055F90028F7
:1049B000D0D1D9E703F032F90028D8D103F038F983
:1049C0000028D4D103F048F90028D0D1D4E7184A00
:1049D0001669116941F010011161D3F8043106F034
:1049E00010060BB907F02FFA4FF08047D7F80431C3
:1049F00083B1FFF7EFFE26B90D4A136923F01003C8
:104A000013614FF080430222C3F808230022C3F849
:104A100004214FE707F015FAE8E7C4E9053059E744
:104A200000E100E0981700200100020001000300EF
:104A300000ED00E010B50D4C04F1200007F0E7F99F
:104A400048B9E37B022B01D1FFF7D4FDBDE810404C
:104A5000074807F0EBB9074A012384F82130BDE885
:104A60001040C2F80031FFF7B1BD00BF9817002019
:104A7000B817002000E100E0064B1A7810B5044694
:104A800032B901221A70FFF7A1FD2046FFF738FD69
:104A9000002010BDBB17002010B5054C23782BB1AA
:104AA000FFF746FD00232370FFF7BEFD002010BD79
:104AB000BB170020034610B3007888B91A79012A81
:104AC0001ED85A79012A1BD89A680E49643A8A423C
:104AD00016D8D8680C4B98422CBF00200120704794
:104AE00001280CD11A79012A09D85A79012A06D845
:104AF000DA680449643A8A4201D89868EAE70020F3
:104B0000704700BF3C8601000040420F10B5054CC5
:104B1000236813B1984700232360BDE8104001F0DB
:104B2000A5BB00BFBC17002038B5044620B94FF420
:104B3000D5716A2002F038FE90F82850072900F25B
:104B4000EC80DFE801F004464676808AA39190F875
:104B50002630033B012B02D940F2B511E9E70523CA
:104B600090F8241080F82630002380F8293061BBAB
:104B7000714B0122C3F84015C3F84011C3F8441526
:104B8000C3F84411C3F84815C3F84811C3F84C15CD
:104B9000C3F84C11DA6006F0E6FF2378012B0FD141
:104BA00001F0F2FCC4E90601236A00212846984777
:104BB0000146204606F0EEFF022840F0B18038BDE5
:104BC000D4E90423C4E90623EEE7BDE83840FFF743
:104BD0009DBF90F82630DA1E012A02D94FF4EB71FE
:104BE000A7E790F824202AB121462846BDE838409E
:104BF00006F09FBF042B0CBF02230123012980F87C
:104C00002630036A0AD10521284698470028D6D0C5
:104C10000378002BD3D040F2EB118AE70621284617
:104C200098470028CBD00378002BC8D04FF4F871F8
:104C30007FE790F82630052B02D040F2F71178E795
:104C4000036A0221B2E790F82630052B02D040F229
:104C5000FD116EE7036A0121A8E790F82630052BC5
:104C6000B3D040F2032164E790F82630052B02D040
:104C70004FF402715DE7036A0A212846984701460E
:104C8000204606F087FF40F20B2152E790F82630CD
:104C9000052B07D090F825200AB1032B02D040F253
:104CA0000F2146E794F82420002A9DD194F829305A
:104CB00093B1022384F8263084F82920236A08213E
:104CC0002846984700283FF47AAF0378002B3FF43A
:104CD00076AF40F21B212CE794F8252062B194F8BE
:104CE000270084F82530214601F04EFD00287FF48E
:104CF00066AF4FF408711CE7022384F826300721C1
:104D0000236A2846984700283FF459AF0378002BC0
:104D10003FF455AF40F227210BE74FF40B7108E742
:104D200020B1012805D1236A04213FE7236A03212A
:104D30003CE740F23D21FCE6008000402DE9F843CD
:104D40008846074680B300F037F84FF00009054663
:104D50005FFA89F6AE420AD2304600F033F890F896
:104D6000264009F10109002CF2D1FF2E03D16FF08A
:104D70000B00BDE8F883304600F024F80546848433
:104D800080F8264080F8286001460A4801F0B6FB0A
:104D9000202885F827000AD001232F6285F82630C5
:104DA000204688F80060E4E76FF01500E1E76FF057
:104DB0002200DEE7294B0100014B1879704700BF44
:104DC000C0170020054B1A79824283BF1B6800EB95
:104DD000400003EB00100020704700BFC017002008
:104DE00010B510F003040A460BD107490A71086098
:104DF00030B102EB42021201214603F017F92046BE
:104E000010BD6FF00D00FBE7C017002043F60952FC
:104E1000C0F3080302FB03F3400A03F5807302FBAF
:104E200000F000EB5320704743F6095CC0F3080222
:104E300010B50CFB02F2C0F34E24030E43EA01232B
:104E40000CFB04F0090E02F580724FEA411C00EBE6
:104E500052205A01B2EB030E4CEAD36C6CEB010406
:104E60004FEA841C4FEA8E12B2EB0E024CEA9E6CA3
:104E70006CEB040C4FEACC0C4CEA527CD200D318F9
:104E800041EB0C01DA03C903801841EA534141F1B7
:104E9000000110BD430B48F2376C0CFB03F34FEAE3
:104EA000134C00B5104B43F6095E0EFB1C0000FBD3
:104EB00003F35B0D0EFB03FE03EB4C230EF5745C5A
:104EC0000CF1080CB0EB5C2F08D80EF5807EA0EB3F
:104ED0005E20C0B20B6010705DF804FB013300204F
:104EE0000B6010705DF804FB6F0C0100F8B5274DE6
:104EF000A94246D8264E274F450F45EAC105A6FBD5
:104F00000514C0F34F31A40B01EB054107FB14114D
:104F1000A6FB0151890B41EA04411F4C04FB11041B
:104F200048F2376C600B0CFB00F04FEA104C43F674
:104F3000095E1A480EFB1C4505FB00F0400D0EFBF8
:104F400000FE00EB4C200EF5745C0CF1080CB5EB88
:104F50005C2F12D80EF5807EA5EB5E2E5FFA8EFEDA
:104F6000069D85F800E00D0628184FEA112141F151
:104F70000001186059601460F8BD01304FF0000E58
:104F8000EEE796219B2002F00FFC00BFFF7F841EFE
:104F900083DE1B43000024F40080841E6F0C01009C
:104FA000420B48F2376303FB02F2120C43F6095C32
:104FB000074B0CFB120101FB0333013B5B0D0CFBA8
:104FC00003FC5002B1EB5C2F88BF013018447047DE
:104FD0006F0C01001F2810B59FBF054B18246043BC
:104FE0001C189DBF195062600120002010BD00BF39
:104FF000C817002008B5064B93F80023202A03D1D8
:105000002D21022002F0D0FB83F8280308BD00BF49
:10501000C817002008B5064B93F80023202A03D1B7
:105020003321022002F0C0FB93F8260308BD00BF25
:10503000C817002010B5094A92F80033202B03D17D
:105040003E21022002F0B0FB18214B43D018BDE8EE
:105050001040D35840680321184700BFC8170020EC
:10506000074B4FF0FF32C3F808230022C3F8402556
:10507000C3F84021C3F84425C3F84421704700BF5A
:10508000008000400C4B0D491B78012B14BF4FF4DE
:10509000E0224FF4C022C1F8482318BF0023C1F812
:1050A0000823074A99000A440021012B42F8041BF7
:1050B00000D170470123F8E7001B002000B000403A
:1050C00040B1004070B5EFF3108472B6094A0A4B44
:1050D0000025D2F80415D2F804612EB159680131C7
:1050E0005960C2F80451F4E75B6804B962B6C0E9DC
:1050F000001370BD00B00040001B0020094BD3F826
:105100000435C01A20F07F4323F001033BB120F0A7
:105110007F40B0F5000F8CBF0220002070470120B7
:10512000704700BF00B0004008B5124BD3F804250B
:1051300022F00302C3F80425D3F8082542F0030245
:10514000C3F80825102292FAA2F2B2FA82F2092AD2
:1051500004DD094840F2913102F01CFBC3F8102530
:105160000122DA60054B4FF48072C3F880211A6087
:1051700008BD00BF0080004084E6030000E100E0BD
:10518000114B4FF40062C3F88020BFF34F8FBFF381
:105190006F8FC3F880210D4B01225A609A60D3F8BB
:1051A0000425002AFBD10A49C3F808134FF4E02173
:1051B000C3F84813C3F84021C3F84421C3F8482179
:1051C000C3F80421704700BF00E100E000B00040D8
:1051D0000200070008B50A4B4FF48072C3F8802024
:1051E000BFF34F8FBFF36F8F0649C3F880210120B3
:1051F0004860FFF735FF044B086100221A7208BDB2
:1052000000E100E000800040001B002038B5244C85
:10521000FF234FF0FF32002563724FF0FF33C4E9E4
:10522000042325706560FFF7D5FFFFF7A9FF1D4A2E
:105230001D4BC2F800524FF400611960A0691B4970
:1052400030B901230B60194B0222C3F8042338BD87
:10525000174B184CC3F8A845C3F8AC05C3F85C1944
:105260004FF40021C3F804150521C2F840150121AF
:105270001160D2F840110029FBD04FF40021C3F88F
:10528000081501215160D1600021C2F84011C2F817
:105290004015C3F8A815C3F8AC15C3F8AC15D2E790
:1052A000001B00200080004000E100E000B0004052
:1052B00000F0014040810040014BD3E904017047F8
:1052C000001B0020014BD3F80405704700B00040DC
:1052D00013B56846FFF7F6FEDDE90004FFF796FD1B
:1052E000024B0021E4FB030102B010BD0080841ECC
:1052F000B1F1FF3F08BFB0F1FF3F2DE9F041404C55
:1053000005460E4638D13F4DD5F800317BB33E4EB1
:105310003E4BC6F808354FF00008FFF7B3FE84F89F
:105320000980FFF757FFFFF7FFFE394BC5F80081F3
:10533000384FC6F8A8354FF40023C6F8AC75C6F848
:10534000043506F04BFDD5F800312BB10123C5F82B
:1053500000817B60FB60F4E7013041F10001022332
:10536000C4E904012370FF236370BDE8F08106F0F7
:1053700035FDC51C41F10006D4E90473B34208BFF2
:10538000AF42F2D0204B214AC3F80825FFF77AFE3E
:105390001C4A4FF4803125F07F480023C2F80813DF
:1053A0004046C2F84813C2F84031FFF7A7FE20B1CB
:1053B00040F202316C2002F0F7F9C2F84085C2F8E1
:1053C00044132378012B06D127F07F473846FFF797
:1053D00095FE0128FAD000236372FFF7FBFEFFF76A
:1053E000A3FE094A01234FF000412370C2F80415BF
:1053F00004226270034AC4E90456C2F84833B4E791
:10540000001B002000B0004000F0014000000880B8
:1054100000B1004000800040012837B508D9041FC2
:10542000E4B2022C19D940F29D316C2002F0BCF993
:10543000234900F1100201239340C1F8083300F51D
:10544000A873002241F823201E4B81005A5053F8C4
:1054500020300093009B03B030BD1B4D2B7893B1DF
:105460006A7882420FD1194A1949C2F80815012BEE
:1054700001D1FFF7AFFE00232B704FF0FF324FF04A
:10548000FF33C5E90423134A4FF48033A340C2F825
:105490000833C2F8483304F5A87352F82300FFF725
:1054A0002DFE012818BF0C4B22B24FEA84041CBF0A
:1054B00000211951084B53F822300193019BCAE790
:1054C0000080004040810040001B002000F00140AF
:1054D0000000088000B0004040B10040012870B5D5
:1054E0002D4B06D9041FE4B2022C2DD940F25731BE
:1054F0000BE0D3E90441B1F1FF3F08BFB4F1FF3F36
:1055000006D11B7A23B940F22F316C2002F04CF9FE
:1055100012B940F23331F8E72049012300F11004B9
:1055200003FA04F4C1F8044300F5A87441F82420F8
:105530008B64D1F848550024AA42C1F8484526D8C2
:10554000FFF76AFF204670BD197829B15B78834266
:1055500002D140F25331D8E7114B124E22F07F4175
:10556000A20013444FF48035A5400022C6F808532A
:105570000846C6F848531A60FFF7C0FD48B904F55D
:10558000A87446F82410C6F80453C6F84453012002
:10559000D9E71046D7E700BF001B0020008000407D
:1055A00040B1004000B0004010B50A4B0446012253
:1055B00010B1C3F8442310BDC3F84823FFF70AFE17
:1055C000054B4FF0FF304FF0FF31C3E904011C7071
:1055D000F1E700BF00B00040001B0020F8B5164DF9
:1055E000164E00244FF48037D5F8043307FA04F23E
:1055F0001A4212D056F824307BB1002346F82430EA
:1056000004F5A87355F82300FFF778FD28B1201D95
:10561000C5F80823C0B201F00DFC0134032CE3D11E
:10562000054BD3F8042132B10022C3F80421044A07
:10563000536801335360F8BD00B0004040B10040F2
:10564000001B002038B5224C637AFF2B39D0237819
:1056500083B10122022B22722DD11E4B4FF4002266
:10566000C3F80825002323704FF0FF324FF0FF33BB
:10567000C4E90423184DD5F804339A0309D5D5F8A5
:10568000443133B14FF40033C5F80833012001F041
:10569000D1FBD5F80433DB0319D5D5F84031B3B1CC
:1056A0004FF48033C5F80833FF2363720020BDE850
:1056B000384001F0BFBB022360782370FFF7ACFED7
:1056C000D8E7054BD3F804330BB10720EFE738BD1B
:1056D000001B002000F00140008000402DE9F04F49
:1056E00093B01C460492CDE90201FFF7E5FD1823B3
:1056F00001910646B849082004EB440213FB040458
:10570000631801EBC202083265581F7BD3F804808E
:1057100093F80D9005970FCA0CAC25F07F4A84E8EA
:105720000F005046FFF772FBAC4B7C1C98420444C0
:1057300000F288819C4200F39380002C55DBFEF739
:10574000D1FEB9F1010F834608D0A54FD7E9022356
:10575000B3F1FF3F08BFB2F1FF3F4BD006F0DCF9D9
:10576000019B0690B3F1FF3F08BFB6F1FF3F03D0A6
:10577000B54278EB030378D2029B0322EB1A9342E3
:1057800069DBBBF1000F00F0E88000230793029B68
:10579000B5EB030B039B68EB030706F0BDF909307B
:1057A000C217834577EB020380F0DB80049B012B5B
:1057B00000F0E180079B002B5AD1019BB3F1FF3F22
:1057C00008BFB6F1FF3F53D0721B63EB0803042AF6
:1057D00073F1000180F22881012A73F100033ADAA3
:1057E000DDF81CB026F07F4A52E004F1F45404F5D1
:1057F0009024A4E70028B1D106F08EF9019B069011
:10580000B3F1FF3F08BFB6F1FF3F00F0A380B54200
:1058100078EB0303C0F09E803B7C002B069B14BFFB
:1058200000221A463346EB1A9A4214DC01230793EE
:10583000D7E90232B2F1FF3F08BFB3F1FF3FA6D074
:105840000699EB1A68EB02028B4272F100039ED2BA
:10585000B9F1010F9BD00024204613B0BDE8F08FB2
:1058600004F1614404F5F70469E73346002285E753
:1058700028464146FFF73CFD4FF0000BB8F1FF3FD3
:1058800008BFB5F1FF3F00F0E2802E46CDF804805E
:105890005046FFF7BBFA534B221A9A420DD3001B16
:1058A00098427CD34D4B9A4200F2B380984240F22A
:1058B000D880C0F1614202F5F702D3170020FFF74C
:1058C0000DFE04460028C6D0454FB9F1010FD7E9B7
:1058D000022366D0BBF1000F40F08880B3F1FF3F98
:1058E00008BFB2F1FF3F00F0A6800120FFF75CFE89
:1058F0003B7C002B40F092806A1E68F1000306207A
:10590000FFF7ECFD002842D0B9694FF08042002338
:105910000B60C2F80835059B8DF83C3000238DF8EC
:10592000403008934FF0FF324FF0FF33CDE90C5871
:10593000CDE90A238DF83D9008AE0FCE2A4D0FC554
:105940000FCE0FC596E8030085E80300204613B08C
:10595000BDE8F08F029BC21C65E7214FCDF81CB05B
:1059600066E7B9F1010B2846414618BF4FF0010B1D
:10597000FFF7BEFC82E7019BB3F1FF3F08BFB6F122
:10598000FF3F73D026F07F4A4FF0000B80E7BA69E3
:105990004FF080410123C1F808351360BBE7424254
:1059A0008BE7B3F1FF3F08BFB2F1FF3F24D1BBF15A
:1059B000000F9DD0069BF21A019B4FF0050063F18A
:1059C0000003FFF78BFD002846D03B7C002B93D1D2
:1059D00001233B7490E700BFC8170020FF7F841E9F
:1059E000201B00200040420FD01A0020B3F1FF3FDF
:1059F00008BFB2F1FF3FDDD006F084F84FF0FF3270
:105A00004FF0FF33C7E90223BBF1000F3FF470AF43
:105A1000D0E702F1F45202F590224EE70520FFF79D
:105A2000FBFC00233B7467E728464146DDF81CB0C9
:105A3000FFF75EFC22E706F063F806F0CFF9C7E94E
:105A4000020152E740F20F41702001F0ADFE40F23A
:105A50001671702001F0A8FE40F22121702001F0A3
:105A6000A3FE40F2CF71702001F09EFE40F27A61F9
:105A7000702001F099FE00BF2DE9F04F8D4F7C7C26
:105A800004EB44033B4483B05D78202D48D08A4B1F
:105A9000E6B26400002B00F08980884BDFF820928A
:105AA000002B5FD005EB461207EB420A4FEA46187F
:105AB0009AF81C30013BDBB2052B34D8814A12F82E
:105AC00003B0BBF1080F2ED0AFF30080EFF31083CB
:105AD00072B634443C449AF81D206270A278AA42FF
:105AE00004BF2022A27013B9AFF3008062B6A844AD
:105AF00005EB450509EBC50207EB4808506859F866
:105B000035300122594688F81C2098477C7C04EBEC
:105B100044033B44E6B25D78202D4FEA4404C1D1F2
:105B200003B0BDE8F08F40F24561702001F03CFE0B
:105B300062B6A84405EB450509EBC50207EB48082A
:105B4000506859F835300122594688F81C2098478A
:105B50007C7C04EB44033B44E6B25D78202D4FEAA5
:105B60004404DDD005EB461207EB420A4FEA461823
:105B70009AF81C30013BDBB2052BD4D8514A12F8FD
:105B800003B0BBF1080FCED0AFF30080EFF310836A
:105B900072B634443C449AF81D206270A278954253
:105BA00004BF2022A270002BC3D1C1E7434BDFF812
:105BB00014B1DFF80CA14FF02009002B4FD005EBFA
:105BC000461207EB42024FEA4618137F013BDBB255
:105BD000052BA8D81BF803100829A4D0EFF31083D5
:105BE00072B634443C44527F6270A278954208BF3A
:105BF00084F80290002B52D0A84407EB480805EB2C
:105C000045050AEBC5025AF835305068012288F87C
:105C10001C2098477C7C04EB44033B44E6B25D784F
:105C2000202D4FEA4404CAD17AE762B6A84405EBB6
:105C300045050AEBC50207EB480850685AF83530AD
:105C4000012288F81C2098477C7C04EB44033B44E9
:105C5000E6B25D78202D4FEA44043FF461AF05EBD6
:105C6000461207EB42024FEA4618137F013BDBB2B4
:105C7000052B3FF658AF1BF8031008293FF453AF2C
:105C8000EFF3108372B634443C44527F6270A278C2
:105C9000954208BF84F80290002BC7D1C5E7019157
:105CA000AFF3008062B6A844019905EB450507EB08
:105CB0004808A6E7201B00200000000000000000AC
:105CC000C8170020989303002DE9F04F85B0DFF846
:105CD0000C81019301EB41034FF0200C18F80340B5
:105CE00003916445924682F800C073D04B01DFF8FF
:105CF000F09006469B4610E0727B012A02D0427D5E
:105D0000012A57D00BEB040308EB43038AF8004049
:105D10005B7F202BA4465DD01C4604EB440009EBBE
:105D2000C000D0E9032387683568716813EB070E5C
:105D300042F10002754571EB02024FEA4403DBD2E7
:105D40001D46019B83F800C0039B4FEA431B2819A3
:105D500009EBC0003768B368D0F808A07268C16862
:105D6000DB1942F100029A4571EB020310D3437D27
:105D7000012B02D0737B012B03D0012005B0BDE8BD
:105D8000F08F05F0C9FEAAEB070701308742F4DA6D
:105D9000019A254409EBC5051470A97DB27B0BEB74
:105DA0000403914208EB430310D95C7F202CE4D01C
:105DB0006500CCE7029305F0AFFEED1B0130854294
:105DC000A0DA029B9AF800C01D46BAE7002005B091
:105DD000BDE8F08F019B1C70CFE700BF201B0020A7
:105DE000C81700202DE9F04F83B00C4615461E461B
:105DF0009DF83070FFF7D4F822686368451946F1C2
:105E00000006954276EB030342D3DFF88C8005E071
:105E10005D4576EB09033BD3C4E900B90DF10703F7
:105E20000DF1060239462046FFF74EFF88BB9DF86C
:105E3000073003EB430308EBC303D3E902A01A695D
:105E40001AF1030B40F1000012EB0B0B627B40F1E7
:105E50000009012ADCD05B7D012BD9D105F05CFE65
:105E6000ABEB0A0301308342D2DA9DF8073003EB33
:105E7000430308EBC303D3E902B905F04DFE01303B
:105E800010EB0B0B49EBE0795D4576EB0903C3D2D0
:105E9000002003B0BDE8F08FC81700202DE9F047BF
:105EA00015461C4612782F7A95F809C088B0002351
:105EB000E360C4E90033A7739DF8408084F80DC007
:105EC0000646A360E2730F46002A3AD1FEF7ACFF04
:105ED000D5E9042C3C4BC31841F1000E9A427CEBEF
:105EE0000E030AD3013E47F1FF37C4E900674FF4C0
:105EF0007A73A36008B0BDE8F087263041F1000155
:105F000082427CEB0103EDD3501E04F10C036CF1D3
:105F10000001009304AA06ABFEF7E8FF049B686843
:105F200002330DF10F0205A91844FEF7B3FFDDE9B6
:105F3000053207999B1A23F07F43C4E90021A3602F
:105F4000D8E7224804F10C0206A9FEF7A3FF204B74
:105F50001B78202B24D01F490B69D1E90521083378
:105F600042F1000A13EB01094AF1000A6B68207B39
:105F70001844023005AA04F10801C4E9009AFEF7AA
:105F800089FF2869CDF8008032463B462146FFF75D
:105F900029FF0028AED1C4E9006708B0BDE8F0874A
:105FA000637B16F1080947F1000A012BDED0FEF7EA
:105FB00099FA0028DAD105F0AFFD10EB09039946F4
:105FC0004AF1000AD2E700BF0040420FFF7F841E63
:105FD000C81A0020D01A00202DE9F04700EB40033A
:105FE000344DDFF8D480EC5C06464700FFF76AF9D1
:105FF0004FF0200C4FEA461E04EB440108EBC101B0
:106000000EEB0403D1F808A00A69AAEB000929F0F5
:106010007F49B9F5000F05EB43030DD812EB0A02D7
:10602000121A22F07F42B2F5000F05D8BCF1200F02
:106030000AD12046BDE8F0875B7F202BA4461C4692
:10604000DAD1BCF1200FF4D00CEB4613BA1905EBF2
:10605000430315F802805B7FAB54710144464FF057
:10606000040E0B1905EB430322469445204683F8A2
:106070001CE05C7FF5D1BB192B440A4493F802E085
:10608000BEF1200F5FFA8EFC18BF8C443E4418BF4F
:1060900005EB4C0C05EB4202354408BF83F8018048
:1060A0004FF0200318BF8CF81D80A870537720464E
:1060B000BDE8F087201B0020C81700202DE9F04123
:1060C00001EB41034A4DEE5C202E82B00C46804627
:1060D0004FEA410740D1474B0BB1AFF3008005F0C9
:1060E0007DFEAB7C0191202B0AD0434BD3E904E227
:1060F00010F1020C41F10003E64572EB030330D3CB
:10610000202E0AD042463346FFF7E8FA00283DD059
:106110000220AE7402B0BDE8F081D5E90223B3F1EC
:10612000FF3F08BFB2F1FF3F1FD12B7C43BB0420D0
:10613000FFF772F905F060FE0020FFF735FAA96954
:106140004FF080422020A874002301200B60C2F889
:10615000083502B0BDE8F0810846FFF73DFF8642F2
:10616000B9D0002002B0BDE8F08105F0CBFC4FF0C3
:10617000FF334FF0FF32C5E902232B7C002BD6D032
:106180000520FFF749F900232B74D0E73A1906EBF5
:10619000441305EB430315F802C05B7FAB54610168
:1061A0006246042013468A1805EB42029E4210778D
:1061B000527FF7D13A192A443C449678F0B2202E07
:1061C00018BF4018194418BF05EB400005EB41010A
:1061D000254418BF80F81DC0AB704FF000004FF091
:1061E000200308BF82F801C04B7702B0BDE8F08100
:1061F000201B002000000000D01A002038B5164AED
:10620000164D4FF0FF304FF0FF310023C2E902017D
:10621000C5E90201202142F22000A970136082F832
:106220002030A9741C4628806B742B7405F11C0265
:1062300002F814300134202CFAD1094801F068FC2E
:10624000084B094A1C70107001F052FDA861FEF75E
:10625000DDFF0123EB7438BDD01A0020201B002085
:10626000795A0100C81A0020F81A00202DE9F04FD1
:1062700083B005F0B3FDDFF8688206460C4605F0F2
:10628000BBFD4FF0FF334FF0FF32C8E9022398F80F
:106290002030D3B9D8F81030D8F81820D8F8141016
:1062A0009048033341F100019B1802F5DF62A0FB27
:1062B00002024FEA922241F100019B1841F10001D4
:1062C0009E4274EB010380F0FB804FF0FF304FF0F3
:1062D000FF31FFF70DF8844A92F800B0BBF1200FB0
:1062E00000F0E980814D20231370AB746B7C002299
:1062F000C8F8002003EB43025FFA83F9AF5C5B0050
:10630000202F00930AD0DFF8E8A107EB47030AEB40
:10631000C3037A00D97D012900F0A880009BDFF833
:10632000D4A103EB09062E444FEA49173478202CF8
:1063300004D04846FFF750FE8442F7D1BAF1000F6F
:1063400001D0AFF3008005F049FDAB7C202B09D0D4
:10635000D8E9042310F1020E41F1000C724573EBF1
:106360000C03E3D3202C34D023460122FFF7B6F9E7
:10637000002852D0AC7407EB0B0305EB43031A7FE4
:10638000022A1BD1009A4A442A440621197791789F
:10639000CBB220291CBFDB1905EB43035F4418BFB8
:1063A00083F81DB0009B08BF82F801B04B442B441A
:1063B00005EB470783F802B020237B77FF23AB71FF
:1063C000009B4B441D446B78202B60D103B0BDE88B
:1063D000F08FD5E90223B3F1FF3F08BFB2F1FF3FD1
:1063E00007D005F08FFB4FF0FF324FF0FF33C5E9C8
:1063F00002232B7CA3BB0420FFF70EF805F0FCFC66
:106400000020FFF7D1F8A9694FF080420023202037
:10641000A8740B60C2F80835ADE73B1905EB4303E0
:1064200030785B7F3370024604211346BA1805EBBF
:1064300042029C421177527FF7D1B178B370CAB251
:1064400020291CBFD21905EB42023B4405EB430354
:1064500018BF50774FF0200208BF70705A7765E779
:106460000520FEF7D9FF00232B74C4E75B7D012BC9
:1064700014D1033644F1000417440AEBC70ADAE9E1
:106480000223B242A34128BFCAE9026446E71A4B7D
:10649000187803B0BDE8F04F01F066BB0192FEF73B
:1064A00021F8019A0028E4D105F036FB8619019AFB
:1064B00044F10004E0E740F2B121702001F074F9EA
:1064C000094B0B4A1B78182101FB03F3D018072155
:1064D0004068D358984740F2A621702001F064F933
:1064E000D01A00209300DC92C81A0020201B002044
:1064F000C817002000000000F81A002038B50C462C
:10650000054605F00FFB11494B7C01F11C0C5FFAAD
:1065100083FE0CEB831C002302E00133202B13D0FD
:106520001CF81320D8B2002AF7D1094A03EB4E1EFB
:1065300003EB430301EB4E0142F8335002EBC3037C
:1065400001220A775C6038BD184638BD201B002048
:10655000C81700201F2808D80A494B7C00EB4313BA
:1065600001EB43031A7F012A01D0002070474B7CC6
:1065700000EB431301EB43034FF0000C104683F88C
:106580001CC07047201B002010B5054CD4E9040145
:10659000FEF74AFC237F0133181841F1000110BDBA
:1065A000D01A00200378002B40F0D7802DE9F04F5F
:1065B0006F4A5368C3F3080389B08146002B40F04B
:1065C000B8806C4E6C4FDFF8B4B106F11C0A27B1ED
:1065D000002140F23740AFF30080757CEDB24FF000
:1065E0000003B37127B1002140F23C40AFF30080BB
:1065F0000AEB851EBEE80F006C1C04F001080AEBD4
:10660000881CACE80F00BEE80F00ACE80F00BEE845
:106610000F00ACE80F009EE80F0044468CE80F0026
:106620002DB227B100214FF47370AFF3008005EB5A
:10663000450504EB44047319725B9B783253344470
:10664000A37057B100214FF47470AFF3008027B1ED
:10665000002140F24140AFF3008005F0BFFBCDF8D0
:10666000008004AB4A4604460D46FFF717FC27B1ED
:1066700000214FF48960AFF30080414B1B78202B41
:106680003FD0DBF81030DBF81420DBF818100833AB
:1066900042F100025B1842F10002DDE90401984278
:1066A00071EB020CCDF8008022D3364822462B46EF
:1066B00004A9FFF797FB98B1DDE90401FEF7B4FBED
:1066C0009DF81C3001331B1841F10001C9F810304E
:1066D000C9F8141027B1002140F25B40AFF30080ED
:1066E000B379002B7FF473AF012009B0BDE8F08FC0
:1066F000CDE9043204A922462B462248FFF772FB5B
:10670000DAE79DF81D1014F1080345F10002012994
:10671000C3D0CDE90232FDF7E5FEDDE90232002803
:10672000BBD105F0F9F9029B039AC31842F10002AC
:10673000B3E7103B59B2002911DB01F1604101F5CB
:10674000614191F8000340090028CED0094E0A4F5C
:10675000DFF828B006F11C0A39E70020704703F083
:106760000F03043B1344187E40090028EED1BCE718
:1067700000ED00E0201B002000000000D01A0020E7
:10678000C81A00200040420F2DE9F04FAC4A536870
:106790008FB0C3F3080383460491002B40F062815D
:1067A00008230393049B1B78012B00F23D82A54E26
:1067B00026B1002140F22950AFF300800023A24C03
:1067C00005934FF0010926B1002140F23650AFF396
:1067D0000080B9F1000F04D19C4B0BB1AFF30080E6
:1067E00062B6657CEDB24FF00003A371039B002BF2
:1067F00040F09880A84626B1002140F24A50AFF3FD
:10680000008005F0EBFA049A00950AAB8246FFF788
:1068100045FB26B1002140F25250AFF300800BEB54
:10682000481904EB49094FEA481799F81C30013B15
:10683000012B75D80A992AF07F4AA1EB0A0222F0AF
:106840007F4323F00103002B40F0BD8008EB48029A
:10685000224407EB0B03907804EB43030421202828
:1068600019774FEA4803C1B200F09681394404EB2E
:10687000410181F81DB0434423445F4404EB4707C2
:1068800083F802B020237B7700230593012726B1EC
:10689000002140F25750AFF300806D4B0BB1AFF3C6
:1068A0000080EFF31088C14672B6A379002B8AD11D
:1068B000684B0BEB4B0C03EBCC0C0AAB0FCB0CF186
:1068C000080C8CE80F008FB1039B002B00F0EA80CE
:1068D000059B23B1604B1B78202B00F06081637C0B
:1068E000DB4303F001036374FF23A371B8F1000FCE
:1068F00004D1564B0BB1AFF3008062B626B1002134
:1069000040F28E50AFF30080002F4AD126B1002113
:1069100040F29A50AFF3008038460FB0BDE8F08FD8
:106920000027B4E74D4B05F1010A0AF0010A03EB19
:10693000851E03EB8A1CBEE80F00ACE80F00BEE822
:106940000F00ACE80F00BEE80F00ACE80F009EE8B7
:106950000F002DB28CE80F00D0460FFA8AF726B14F
:1069600000214FF47370AFF3008005EB450507EB92
:1069700047076319625B9B78E2532744BB7056B1AB
:1069800000214FF47470AFF3008026B100214FF462
:10699000A860AFF30080A379002B7FF414AF5546B5
:1069A00029E7637C03EB43031C446378202BADD0C1
:1069B00026B1002140F29550AFF30080284B1878A3
:1069C00001F0D2F8A2E722F07F42B2F5000F3FF6C5
:1069D0003DAF0C9B5B18A3EB0A0323F07F43B3F599
:1069E000000F3FF633AF0DF127030DF126022946C4
:1069F0000AA8FFF769F9059000285AD108EB480268
:106A000022440423907889F81C304FEA4803202858
:106A1000C1B2434418BFC91923445F4404EB47077C
:106A200018BF04EB410183F802B04FF0200314BFFC
:106A300081F81DB082F801B07B77012727E700BFFE
:106A400000ED00E000000000201B0020000000001E
:106A500000000000C8170020C81A00203C1B0020BE
:106A6000F81A0020103B59B20029C0F28D8001F1C4
:106A7000604101F5614191F800335B090393002BFC
:106A80007FF490AE704B1B78202B00F0D280049BDB
:106A90001B780393002B3FF48AAE40F22251702002
:106AA00000F082FEFF23A371B8F1000F7FF426AF40
:106AB0001FE79DF826C09DF827E0F44518D1BCF1EA
:106AC000200F00F09E8007EB0C0304EB43035B7F79
:106AD00089F81D30BC4404EB4C0C00228CF81DB02E
:106AE0005F4404EB4703059F059203221A77CEE625
:106AF000BEF1200F00F0A28007EB0E0304EB43036E
:106B0000BCF1200F597F00F0878007EB0C0204EBEB
:106B100042024FEA4803507F069051774FF0050A32
:106B20003A1804EB420201468E45814682F81CA0C9
:106B3000507FF5D103EB08022244079192F802A09E
:106B4000BAF1200F5FFA8AFE63D0BE4404EB4E0E0A
:106B5000069A8EF81D2003EB08022244079982F85A
:106B60000290394407EB0B024FF0200E04EB410179
:106B700004EB4202F44581F81DE05077AAD143446A
:106B8000059A04F803B0ABE703F00F03043B13448A
:106B90001B7E5B09039372E782F801B06BE629461E
:106BA0000220FFF78BFA00287FF499AE637C03EB99
:106BB000430020440BEB431204EB4202857804218E
:106BC000DFB211775A015B00202DE9B23B4418BFB8
:106BD000891823445A4418BF04EB410104EB4202D4
:106BE00083F802B04FF0200318BF81F81DB0059F55
:106BF00008BF80F801B05377B8F1000F7FF47EAE84
:106C000077E608EB4803E35C89F81D304FEA480358
:106C1000B5E7069951709EE708EB48024FEA480332
:106C2000A05C0690A15479E740F22651702000F054
:106C3000BBFD40F21F51702000F0B6FD40F2CB11B9
:106C4000702000F0B1FD00BFC81A00202DE9F84FF8
:106C5000734CDFF8D08105464FF0010A04F11C0B9C
:106C6000B8F1000F04D0002140F2AC50AFF3008027
:106C7000BAF1000F04D16C4B0BB1AFF3008062B6D8
:106C80004FF00003A371B8F1000F04D0002140F2CF
:106C9000B150AFF30080667C0BEB861EBEE80F00A0
:106CA00006F1010909F001070BEB871CACE80F00A6
:106CB000BEE80F00ACE80F00BEE80F00ACE80F0024
:106CC0009EE80F00B9468CE80F00B8F1000F04D021
:106CD00000214FF47370AFF3008006EB460607EB1C
:106CE0004707A319A25B9B78E2532744BB70B8F116
:106CF000000F04D000214FF47470AFF30080A3792B
:106D000003F0FF01002B7CD1B8F1000F03D040F25B
:106D1000BB50AFF3008005EB491304EB43034FEA8C
:106D200049161A7F032A6AD109EB4902A75CBD42C2
:106D300071D0202F63D03B4601E0202B5FD0F218AA
:106D400004EB42021946537F9D42F6D1202D56D0C6
:106D50007319314404EB430304EB41015B7F4B7730
:106D6000B8F1000F0CD0002140F23E30AFF30080AC
:106D7000B8F1000F04D000214FF4B860AFF30080E9
:106D80002E4404EB460601233377B8F1000F04D0FC
:106D9000002140F2C950AFF30080244B0BB1AFF398
:106DA0000080EFF3108A72B6A379002B7FF458AFFE
:106DB000BD4203D11E4B1B78202B1AD0637CDB43D2
:106DC00003F001036374FF23A3710124BAF1000FE0
:106DD00004D1154B0BB1AFF3008062B6B8F1000FD0
:106DE00004D0002140F2EB50AFF300802046BDE814
:106DF000F88F49460220FFF761F90028DED1002410
:106E0000E4E7B8F1000F3FF433AF002140F2B75090
:106E1000AFF3008024E7202DF1D05B7FA3549FE7E0
:106E2000201B002000000000000000000000000007
:106E3000C81A002070B586B007280DD8DFE800F02A
:106E4000310C0C0C0C1D040E5F4B4FF080419A6905
:106E50000123C1F80835136006B070BD5B4B5C4A76
:106E60001B7803EB430302EBC30052F83330406856
:106E7000042106B0BDE870401847534C237C002B1A
:106E800048D0D4E90223B3F1FF3F08BFB2F1FF3F7E
:106E900000F084800120FEF787FB0023237406B0F6
:106EA00070BD494CD4E90223B3F1FF3F08BFB2F1F2
:106EB000FF3F55D0454E0120FEF776FB3378202B5F
:106EC00055D0444D6A7F012A3BD0FDF70BFB0346AA
:106ED000002835D194F89C200132D2B2312A84F8AE
:106EE0009C206CD84FF47A7230786946CDE9003234
:106EF000CDE90233CDE90433FFF746FC002859D031
:106F000095F82040012385F82030FFF7AFF985F888
:106F10002040A1E72D4B2E4A1B782E4903EB43035B
:106F20004FF0FF344FF0FF35C1E9024502EBC301DA
:106F300052F833304868052106B0BDE87040184764
:106F40003378234A03EB430302EBC30052F8333098
:106F50004068002184F89C1006B0BDE870401847D6
:106F600004F0CEFD04F03AFFC4E90201A2E7637C1D
:106F700003EB4301DAB2635C202B16D003EB421221
:106F800004EB4202507F6054FF21A171114D337018
:106F900002211177002285F8202093E704F0B0FD4C
:106FA00004F01CFFC4E9020174E740F242217020A2
:106FB00000F0FAFB40F21461702000F0F5FB4FF492
:106FC000C261702000F0F0FB201B0020C81A0020D6
:106FD000C8170020D01A002070B5224B1A78202A3A
:106FE00086B035D0204CD4E90213B3F1FF3F08BF7F
:106FF000B1F1FF3F31D11D4E02EB420206EBC2065A
:107000000546D6E90201FDF70FFF337D00225B192B
:107010005241013342F10002181842EB01010DF117
:107020000B0204AB009203AAFDF760FF9DF80B2052
:10703000DDE904130F2A94BF00220122521843F104
:1070400000030520C4E90223FEF748FA06B070BD2C
:1070500040F2AA71702000F0A7FB40F2AB717020E3
:1070600000F0A2FBC81A0020D01A0020C817002088
:10707000FEF728B938B5254B93F800E0BEF1200F94
:107080003FD0234D6B7C95F811C003EB43035FFAAF
:107090008CFCEB5C202B25D01E4C4FEA4C1C05E0F1
:1070A000634405EB43035B7F202B1BD003EB4302C0
:1070B00004EBC202917D8142F2D80EEB4E0E04EB3E
:1070C000CE04D4E90213206940189168D26843F1D4
:1070D0000003C41C43F10003A14272EB030304D27A
:1070E000002038BD4FF0FF3038BD0B4B081A033875
:1070F0001C68FDF78BFE04F132038342F0D8001BBD
:1071000038BD40F2DF71702000F04EFBC81A00203D
:10711000201B0020C8170020D01A00202DE9F04FB6
:107120008C4B1D7887B0202D019000F00D81DFF889
:107130002892DFF8288299F8113003EB43030646C2
:10714000D8F8000019F80340D8F8103003930DF177
:107150001302D8F8183002938B46304405A9FDF786
:1071600099FE7F4BA6F132029A426AD8DFF8F4A169
:10717000059BD8F8146005EB45050AEBC505A86822
:107180001B182869D8F810501818401B20F07F43AE
:10719000B3F5000F55D899F81120C8F81800202C25
:1071A00088F81EB0D2B200F0C2805201DC46202125
:1071B000934604EB440240190AEBC20246F1000E6A
:1071C000D2E90263864273EB0E034FEA440746D3CB
:1071D000537D012B03D098F81D30012B35D00520AD
:1071E0000091FEF719F9009999F811004FF0FF325C
:1071F0004FF0FF332029C8E90223C0B240F0958048
:1072000000EB4000202419F80030524A99F8111080
:10721000127802EB411209EB42025377D8F80030A2
:10722000019A1344C8F80030FF2389F80630202C57
:1072300035D04D4B187800F097FC002007B0BDE822
:10724000F08F012007B0BDE8F08F009104F064FCDE
:10725000751B013085420099C1DA98F81EC0274499
:107260000AEBC707BB7D63450DD90BEB040309EBA4
:1072700043035B7F202B16D02146D8E90456D8F86B
:1072800018001C4695E7DDE90231D8F810205B189C
:107290009B1A0220C8F8183007B0BDE8F08F002014
:1072A00007B0BDE8F08F0520FEF7B6F84FF0FF32CB
:1072B0004FF0FF3399F81100C8E90223C0B204EB84
:1072C000401309EB430346005A7F00EB40034101A2
:1072D00019F803A009F803204FF0050C5346CF1806
:1072E00009EB47071A4694421D4687F81CC07B7F6E
:1072F000F5D137184F440A4497F802E0BEF1200F49
:107300005FFA8EFC18BF8C44304418BF09EB4C0C5C
:1073100009EB420248444FF0200114BF8CF81DA035
:1073200087F801A0857051776FE70C46C7E7052005
:10733000FEF772F899F811004FF0FF324FF0FF336B
:10734000C8E90223C0B25BE740F60801702000F0F4
:107350002BFA00BFC81A0020201B0020D01A0020E2
:10736000CE3F420FC8170020F81A00202DE9F84F31
:107370009A4C637C00EB431304EB43031B7F002B0D
:1073800000F02781677CDFF858820546FFB2B8F12C
:10739000000F04D0002140F64700AFF300807E01CB
:1073A00005EB471704EB4707B8F1000F40F0D98011
:1073B000771904EB47073B7F012B08D0043B022BD6
:1073C00040F2C58004F03DFD3B7F012BF6D1DFF894
:1073D00014A24FF0010BB8F1000F04D0002140F6C9
:1073E0005E00AFF30080BBF1000F04D17E4B0BB108
:1073F000AFF3008062B64FF00003A371B8F1000F45
:1074000004D0002140F66300AFF30080667C0AEBF5
:10741000861EBEE80F0006F1010909F001070AEB1C
:10742000871CACE80F00BEE80F00ACE80F00BEE818
:107430000F00ACE80F009EE80F00B9468CE80F0083
:10744000B8F1000F04D000214FF47370AFF3008047
:1074500006EB460607EB4707A319A25B9B78E253AE
:107460002744BB70B8F1000F04D000214FF47470B2
:10747000AFF30080A37903F0FF01002B40F085807B
:10748000B8F1000F03D040F66D00AFF3008009EBB8
:10749000490323444FEA490B5E78B54200F08F80E0
:1074A000202E2CD04FEA491101E0202E27D08B1935
:1074B00004EB4303324637465E7FB542F5D1202DBB
:1074C0001DD00A44294404EB410104EB42024B7FE6
:1074D0005377B8F1000F04D0002140F23630AFF3FB
:1074E00000800BEB090323449B789E425AD0B8F1ED
:1074F000000F0CD0002140F23E30AFF30080B8F115
:10750000000F04D0002140F67100AFF30080374B2C
:107510000BB1AFF30080EFF310839B4672B6A279F4
:10752000002A7FF458AF84F81190FF22A27123B98A
:107530002D4B0BB1AFF3008062B6B8F1000F04D051
:10754000002140F68300AFF30080BDE8F88F731987
:1075500004EB43030122DFF88CA01A774FF0010BF4
:1075600039E73B7F012B3FF432AF043B022B16D9A6
:10757000002140F65300AFF3008004F062FC0021CC
:1075800040F65700AFF300800EE7B8F1000F3FF46C
:107590002AAF002140F66900AFF300801BE701230A
:1075A0003B77ECE7B8F1000F04D0002140F239300E
:1075B000AFF300800BEB090323449F7097E7202D66
:1075C0009DD005EB491204EB42022027527F5A70EE
:1075D0007FE740F63E01702000F0E6F8201B002017
:1075E000000000003C1B0020000000000000000024
:1075F00070B586B063BB064610460D46FDF706FC27
:107600000DF10B030446009303AA04AB2946304650
:10761000FDF76CFC039A1349A31A8B420BD3121B80
:107620008A420ED310498B420DD88A4215D9C2F135
:10763000614303F5F7030A9AA2F10F00C01A06B0DE
:1076400070BD5342F7E703F1F45303F59023F2E7DB
:1076500040F68901702000F0A7F840F2CF71702049
:1076600000F0A2F80040420FFF7F841EBFF34F8F4F
:107670000549064BCA6802F4E0621343CB60BFF3CE
:107680004F8F00BFFDE700BF00ED00E00400FA05EA
:10769000094B01225A604FF0FF32C3F80823074B11
:1076A0004FF48042C3F88020BFF34F8FBFF36F8F3A
:1076B000C3F88021704700BF00E0004000E100E017
:1076C000094B01225A604FF0FF32C3F80823074BE1
:1076D0004FF48052C3F88020BFF34F8FBFF36F8FFA
:1076E000C3F88021704700BF00C0004000E100E007
:1076F000084B0022C3F8FC2F0122C3F8FC2F064BD5
:107700000222C3F88020BFF34F8FBFF36F8FC3F8FF
:10771000802170470010004000E100E0F8B51B4EEA
:10772000337805460C4617466BBB00F061FAFCF750
:1077300087FE174B7760002D08BF1D462846347220
:10774000FFF7D6FFFFF7BCFFFFF7A2FF04F0E6F953
:107750000546B0B9FEF752FD04F0E2F904F08FFAE5
:10776000002C0CDB04F01F026409A40004F1604447
:1077700004F5614401239340C4F880312360012360
:1077800033702846F8BD4FF0FF35FAE7C01B0020E4
:107790009E93030008B572B6024B5B6803B198472D
:1077A000FFF764FFC01B00201FB572B6134B5D6866
:1077B0008DB9FFF75BFFB2FBF6F2DCB20133002AB2
:1077C000F9D104F110036B4403F80C2C0A2234B9EC
:1077D00001A8A847EDE7024600230A26EDE7631E4D
:1077E00004AEDCB256FA83F3B0FBF2F602FB1600ED
:1077F000303003F80C0C3046E9E700BFC01B002016
:10780000074B93F90830002B09DB5A09012103F0DB
:107810001F0301FA03F34032024941F82230704756
:10782000C01B002000E100E0014B1878704700BF4A
:10783000C01B00202DE9F84FDFF8C4A0314C324DB9
:10784000DFF8C890074601269AF800805FFA88F8AA
:10785000FF238AF80030B8F1000F01D08AF8013018
:10786000EFF3108272B600236660C4F80031C4F8EA
:107870000431C4F8047526603AB962B605E0D4F85C
:10788000043133B92B69DB0620D4D4F80031002B46
:10789000F5D0D4F80431002BE2D1B8F1000F13D1A8
:1078A0009AF80130DBB28AF8018003214FF480425C
:1078B000C4F80813C4F80481C4F80081C9F8802111
:1078C0008AF80080002BBFD1BDE8F88F4FF48043C9
:1078D000C9F88031EFF3108B72B60323C4F8043378
:1078E000D4F8003113B9D4F804311BB1BBF1000F47
:1078F000CBD1C2E704F0A5FABBF1000FC5D1BCE7BC
:10790000CC1B002000E0004000ED00E000E100E0C2
:1079100070B51646DA078CB01D4686468C4640F197
:10792000A280C37B8DF80030837B8DF80130437BD0
:107930008DF80230037B8DF80330C37A8DF8043064
:10794000837A8DF80530437A8DF80630037A8DF806
:107950000730C3798DF8083083798DF80930437981
:107960008DF80A3003798DF80B30C3788DF80C3020
:10797000837842788DF80D3003788DF80F308DF8CC
:107980000E20CA7B8B7B8DF810208DF811304A7B3E
:107990000B7B8DF812208DF81330CA7A8B7A8DF814
:1079A00014208DF815304A7A0B7A8DF816208DF850
:1079B0001730CA798B798DF818208DF819304A79EB
:1079C0000B798DF81A208DF81B30CA788B788DF8DA
:1079D0001C208DF81D304A780B788DF81E208DF80C
:1079E0001F306C462046FFF725FFAB0731D59DF8C9
:1079F0002F009DF82E109DF82D209DF82C30307012
:107A000071709DF82B009DF82A10B270F3709DF8EC
:107A100029209DF82830307171719DF827009DF85C
:107A20002610B271F3719DF825209DF82430307234
:107A300071729DF823009DF82210B272F3729DF8C6
:107A400021209DF8203030737173B273F3730CB042
:107A500070BD0DF1200CBCE80F0030607160B260A9
:107A6000F3600CB070BDDEF80410DEF80820DEF81C
:107A70000C3000686C46A646AEE80F00DCF800004B
:107A8000DCF80410DCF80820DCF80C30AEE80F005D
:107A9000A8E700BF1B4B4FF4805270B5C3F880209D
:107AA000BFF34F8FBFF36F8F174D184C0021C5F8F0
:107AB0000011C3F880212669236943F01003236174
:107AC0000123C5F8043306F010062B60D5F8003109
:107AD000A3B11EB9236923F0100323610A4B0122CD
:107AE000D3F808055A60C3F808230022C3F8002120
:107AF000044B4FF48052C3F8802170BD04F0A1F90B
:107B0000E4E700BF00E100E000C0004000ED00E05D
:107B100038B50C49024605200138C0B2FF2803D110
:107B200048216920FFF740FE01EBC0031D7905F0F5
:107B3000FF04002DF0D141F8302001225C719C71CE
:107B40001A7138BDD01B0020042808B503D94F2175
:107B50006920FFF729FE034B03EBC00000230371EC
:107B600008BD00BFD01B0020042808B503D9582148
:107B70006920FFF719FE094B03EBC0000379012BC5
:107B800001D05921F4E7437982790133DBB29A427B
:107B900018BF4371BDE80840FFF732BED01B00207C
:107BA00070B5124C06250026013D15F0FF0500D1E9
:107BB00070BD94F8281004EBC1031A79012A09D189
:107BC00058799A79904205D05A79D2B29A7154F87C
:107BD0003130984794F828300133DBB2042B94BF3E
:107BE00084F8283084F82860DEE700BFD01B00202E
:107BF0004FF08052034BD2F830111960D2F8342183
:107C00005A607047FC1B0020034B1868A0F10F035B
:107C100058425841704700BFFC1B0020034B1868B6
:107C2000A0F10A0358425841704700BFFC1B0020D6
:107C3000034B1868A0F10E0358425841704700BF2B
:107C4000FC1B0020034B1868A0F110035842584158
:107C5000704700BFFC1B0020044B1868062803D0A7
:107C6000431C58425841704701207047FC1B0020BC
:107C7000034B1868A0F10D0358425841704700BFEC
:107C8000FC1B0020034B1868A0F108035842584120
:107C9000704700BFFC1B002008B5FFF7BFFF20B1F5
:107CA000024B5868B0FA80F0400908BDFC1B002068
:107CB00008B5FFF7D1FF38B1044B5868063810F10A
:107CC000080F94BF0020012008BD00BFFC1B00204E
:107CD00008B5FFF7C1FF38B1044B5868063810F1FA
:107CE000080F8CBF0020012008BD00BFFC1B002036
:107CF00008B5FFF789FF70B9FFF790FF58B9FFF794
:107D000097FF40B9FFF7A8FF044A054B002808BFBA
:107D10001346184608BD024BFBE700BF00E70140D1
:107D20000C05004008B5FFF797FF08B3EFF310808C
:107D300072B6104A1369116941F010011161A2F580
:107D4000406203F01003D2F80011D2F804210A4374
:107D500000D040BF20BF00BF00BF00BF00BF23B99D
:107D6000044A136923F01003136100B962B608BD19
:107D700020BFFCE700ED00E0914270B53BD2B2FAC3
:107D800082F33BB1C3F1200420FA04F4994021436B
:107D900098409A40160CB1FBF6FC06FB1C14240418
:107DA0001FFA82FE030C85B204EB10400CFB0EF4AC
:107DB000844206D9201A90428CBF02200120ACEBED
:107DC000000C03EB01410CFB1211B1FBF6F006FBBA
:107DD000101105EB014100FB0EFE8E454FEA0C4CE5
:107DE00006D9AEEB010E96458CBF02220122801A05
:107DF00040EA0C0070BD73219620FFF7D5FC00BF50
:107E00002DE9F8431C4652EA040349D007461546BB
:107E10000E467CB9914208D321463046FFF7ACFFAD
:107E200004462A46384604FB1561FFF7A5FF2146A4
:107E3000BDE8F883B4FA84F9B9F11F0F34DC4FF0D0
:107E4000010808FA09F2A2FB051320FA08F002FB68
:107E5000043226FA08F140EAC670FFF78DFFC9F137
:107E60001F03D8404FF0000118D0431E8C4661EB31
:107E7000010105FB01F203FB042280461846A5FB25
:107E8000033EFB1A724466EB02061F46AF4276EBD6
:107E9000040324BF40466146BDE8F8838446F5E705
:107EA000CA219620FFF780FCE7219620FFF77CFC93
:107EB00010B5441A94422BD34AB34B1CC31A022B5D
:107EC00031D9531E072B2ED922F003048C46864647
:107ED0000C445CF8043B4EF8043BA445F9D122F075
:107EE00003039A4202F0030400EB030C01EB030EC0
:107EF0000DD0CA5CC254012C09D09EF801308CF818
:107F00000130022C03D09EF802308CF8023010BDF4
:107F1000002AFCD08B18024413F801CD02F801CDE1
:107F20008B42F9D110BD4B1E0244014613F8014F9C
:107F300001F8014B9142F9D110BD00BF81EA000365
:107F40009B072DE9F0415DD187075FD0002A57D00C
:107F5000034601E0002A53D011F801CB03F801CB0E
:107F60009E0702F1FF32F5D1032A28D941EA030521
:107F7000141F6D074FEA940E4AD12B2C48D90EF1ED
:107F800001084FEA580C03EBCC0CA1F108051C4684
:107F9000F5E90267E4E802676445F9D118F0010FDA
:107FA00028F0010403D051F8245043F824500EF176
:107FB000010402F0030203EB840301EB8401FAB134
:107FC000541E022C20D922F003058C460D449E46F7
:107FD0005CF8044B4EF8044BAC45F9D122F0030495
:107FE000A2422344214402F0030509D00A781A7002
:107FF000012D05D04A785A70022D1CBF8A789A70DC
:10800000BDE8F0810346DAE71546EFE70346ABE744
:108010000EF1010701EB87071D1F0C4654F8046B96
:1080200045F8046FBC42F9D1C1E700BF2DE9F0412A
:1080300084075FFA81FE5FD0002A59D0034601E031
:10804000002A55D003F801EB990702F1FF32F7D16E
:108050004EEA0E24032A44EA04443ED9151FAE0812
:10806000172D06F10106C3F3800147D99846002970
:1080700040D048F8044B771A03EB810C79080CEBDD
:10808000C101CCE900440CF1080C6145F9D127F09D
:10809000010C08EB8C016745CCEB8C7805EB88056F
:1080A00017D02F1F032F0C6013D9A5F10807032F3A
:1080B0004C600ED9A5F10C07032F8C6009D9A5F1EE
:1080C0001007032FCC6004D9143D032D0C6188BF29
:1080D0004C6102F0030203EB86034AB1013A83F8D4
:1080E00000E005D0012A83F801E018BF83F802E020
:1080F000BDE8F0811546BEE70346A9E719461546D7
:10810000CFE700BF2DE9F04786468C460846089E1B
:10811000154674461946002B40F0C2808542B2FADB
:1081200082F245D94AB1C2F1200300FA02FC2EFACC
:1081300003F3954043EA0C0C94404FEA154EA8B265
:10814000BCFBFEF8230C0EFB18CC08FB00F943EA3D
:108150000C43994528D9EB1808F1FF3704D299450B
:1081600002D9A8F102072B44A3EB0903A4B2B3FB85
:10817000FEFC0EFB1C330CFB00F044EA0344A0425F
:1081800014D92C190CF1FF3304D2A04202D9ACF15E
:1081900002032C44241A43EA07401EB1D4400023B2
:1081A00034607360BDE8F0874746DDE76346F1E77A
:1081B00092BB431B01214FEA154EAFB2B3FBFEFC4D
:1081C000200C0EFB1C330CFB07F840EA03439845D8
:1081D00062D9EB180CF1FF3004D2984502D9ACF10A
:1081E00002002B44A3EB0803A4B2B3FBFEFC0EFB7E
:1081F0001C330CFB07F744EA0344A7424ED92C1961
:108200000CF1FF3304D2A74202D9ACF102032C4493
:10821000E41B43EA0040C0E7C2F1200320FA03F167
:10822000954090402EFA03F303434FEA154EAFB248
:10823000B1FBFEFC0EFB1C10190C0CFB07F841EA0D
:108240000041884504FA02F422D969180CF1FF3084
:1082500004D2884502D9ACF102002944A1EB0801FF
:108260009BB2B1FBFEFC0EFB1C110CFB07F743EAB3
:1082700001439F420ED9EB180CF1FF3104D29F420B
:1082800002D9ACF102012B44DB1B41EA004192E729
:108290006046E3E76146F7E76046A3E76346B7E772
:1082A000834206D916B9002108467BE7C6E900E0FB
:1082B000F9E7B3FA83F78FB9834201D3724508D83F
:1082C000BEEB020460EB030301209C461EB90021B3
:1082D00068E73846FAE7C6E9004CF8E7C7F1200C32
:1082E000BB4022FA0CF41C432EFA0CF120FA0CF3DA
:1082F000B84001434FEA14490EFA07F5B3FBF9F809
:108300001FFA84FE09FB18300B0C08FB0EFA43EA37
:1083100000439A4502FA07F240D9E31808F1FF300A
:1083200004D29A4502D9A8F102002344A3EB0A0320
:1083300089B2B3FBF9F809FB183308FB0EFE41EADA
:1083400003418E452CD9611808F1FF3304D28E45C4
:1083500002D9A8F10203214443EA0040A0FB02989D
:10836000A1EB0E014145CE46434602D306D14D4511
:1083700004D2B9EB020E68EB04030138002EA6D03C
:10838000B5EB0E0261EB030101FA0CFC22FA07F3D4
:108390004CEA0303F940C6E9003198E74046C5E7D7
:1083A0004346D9E71FB5014601A800F006F801A829
:1083B00002F0E5FB05B05DF804FB0B88C3F30B038B
:1083C00083804B88C380002242724B78C3F3011331
:1083D000012B02D0022B18BF134604310372016037
:1083E000704710B58B880370437803F0F003437037
:1083F0008A88C2F3032213434370CA888270CA88F2
:1084000003F0CF03120A4370C2700A7A120102F01D
:108410003002134303F03F0343704A7A43EA821366
:1084200043700C4609680430814205D0E288FB2A7B
:1084300028BFFB22FFF782FDE0880430C0B210BDE8
:1084400010B48B880370437803F0F00343700A463E
:108450008988C1F303210B434370D1888170C178AF
:1084600001F0C001C170D488C4F30524214303F096
:10847000CF034370C170147A240104F03004234305
:1084800003F0BF034370547A43EA841301F03F01C1
:1084900003F07F034370C17011680430814203D040
:1084A000D28810BCFFF74ABD10BC704770B50B787E
:1084B000192B05460C461ED82BB3013B182B22D88E
:1084C000DFE813F03A003E002100B100B700BD0024
:1084D000C300C900CD00CF00DF00E500240021006B
:1084E00021004200D300D900E900EF00F500FB00B5
:1084F000010107010D01822B4FF0FF0200F0F58012
:10850000832B00F0F68040F2322112E00E23B1F806
:1085100003200B7042F283039A4209D10623637051
:1085200066780236324621462846FFF707FD51E0BD
:108530003121C720F4F720FF0C230B700823EEE74E
:108540001A230B700123EAE72920F5F711FA30B15D
:108550003E232370222363702923A370E0E70A20BF
:10856000F5F706FA3E2305F1080204F108012B7025
:1085700090B30A23AB70E378EB70A3882B71A388C8
:108580001B0A6B71A379AB71E379EB71A368AB60E4
:108590008B889380D4F80E30C5F80E30638A6B82D6
:1085A00063696B61238B2B83638BAB76638B1B0AB5
:1085B000EB76A38B2B77A38B1B0A6B77E38BAB77C5
:1085C000E38B1B0AEB7794F8203085F820301F26C8
:1085D0006E700236304670BD0123AB70E378EB70ED
:1085E000A3882B71A3881B0A6B71A379AB71E37904
:1085F00003F00103EB71A368AB608B889380638BFE
:10860000AB73638B1B0AEB73A38B2B74A38B1B0ABB
:108610006B74E38BAB74E38B1B0AEB7494F8203020
:108620002B751326D4E73E230B7004234B701423C1
:1086300093E73E230B700C234B7004238DE73E23FE
:108640000B700A234B70032387E73E230B700D2327
:108650004B70052381E70523237004235FE708237C
:10866000FAE730230B70032359E73E230B700B23EB
:108670004B70072371E73E230B7006234B700C23CE
:108680006BE713230B708B789B00013347E757236D
:108690000B70022343E73E230B7006234B7012231B
:1086A0005BE73E230B7009234B70132355E73E23F2
:1086B0000B7005234B7020234FE73E230B700923DB
:1086C0004B70212349E7FF230B700B234B70A22330
:1086D00043E7FF230B7005234B70A3233DE7FF23E4
:1086E0000B700D234B70802337E70A700D226270E8
:1086F00033E70A700222FAE708B510B1FFF752FE1D
:1087000010B96FF0150008BD0020FCE710B50C464D
:1087100030B129B1F5F780F828B12070002010BDE4
:108720006FF01500FBE76FF02200F8E708B5F5F7EA
:10873000FDF8002008BD01F071B908B5F5F708F99A
:10874000002008BD01F03BBC01F049BC03460222F9
:108750001A709A70FE225A712C229A716FF00602DA
:10876000DA716A221A727F225A72362200209A72B5
:1087700022225870D8701871DA72704701F09EB9D1
:1087800038B54FF080530446D3F8A020D3F8A41096
:10879000013106D1D3F8A8304FF6FF719BB28B425E
:1087A0003ED0D3073CD54FF08055D5F8A420D5F85E
:1087B000A830A4F80530C3F3072363F03F03C4F8DF
:1087C0000120A371D5F89030013323D0D5F894302F
:1087D00001331FD0D5F8983001331BD0D5F89C3029
:1087E000013317D00020F7F73DFC98B9D5F8900079
:1087F000D5F89410D5F89820D5F89C30C4F81330EB
:10880000C4F80700C4F80B10C4F80F20012323702C
:10881000002038BD10220021E01DFFF707FCF5E71E
:108820000023F4E770B54FF0805510220021044674
:10883000D5F8A060FFF7FAFB10220021A018FFF77F
:10884000F5FBD5F8803001330BD1D5F884300133F6
:1088500007D1D5F88830013303D1D5F88C300133F6
:108860000BD0D5F88000D5F88410D5F88820D5F83D
:108870008C30E36120616161A2610020F7F7F2FBB7
:1088800008B9F3071DD44FF08053D3F8902001327C
:108890000BD1D3F89420013207D1D3F898200132BC
:1088A00003D1D3F89C2001320BD0D3F89000D3F839
:1088B0009410D3F89820D3F89C30E3602060616076
:1088C000A260002070BD10B50446FFF7E3F8B0F5D4
:1088D000007F09DA10F5007F08DD031EB8BF0333FF
:1088E0009B102370002010BD7F23FAE76FF07E03FA
:1088F000F7E7012070470120704701F0D0BB0078F6
:10890000003818BF012001F0D0B9F7F7E1B981783C
:10891000008801F08FBB01F0ABBB37B505460C46B4
:1089200000880DF1060101F0C5F92B882380BDF800
:108930000630638003B030BDF7F7D2B901F0CABB8F
:1089400001F056B801F0AFB808B5F5F709F8002006
:1089500008BDF6F7B1BF01F0C6B8F7F73FB901F0AF
:108960008EB801F0CABA01F094BA01F0DBBA01F096
:1089700003B801F008B801F014B801F026B801F00E
:10898000C3B801F0A4B901F085B801F041B803887B
:108990000B8001F0F9BA03880B8001F003BB01F0F2
:1089A000DAB8F6F7DFBFF6F7C5BF01F002B901F09C
:1089B00010B9F6F7E1BF01F04DB901F04FB801F081
:1089C00077BBF6F783BFF7F705B8F8B5941C0C44EE
:1089D0006343B3F5004FA8BF4FF0FF330E4610F0CE
:1089E0000301054617469CB203D0AD211420F4F7CD
:1089F000C3FCB4F5004F01D9AE21F7E710220430D3
:108A0000FFF714FBEF746C802E80F8BD70B50688FC
:108A1000C58803898E42C5F30E02C3F30E0403D248
:108A2000CF211420F4F7A8FC5D40C5F30E030BB969
:108A30002D0409D4A24209D2C37CA41A0233E41A39
:108A4000A14203DD00238374184604E0143201239D
:108A500081528374104470BD023101444A43B2F51F
:108A6000004FA8BF4FF0FF3290B2173020F0030044
:108A7000B0F5004F34BF00B24FF0FF307047408870
:108A8000173020F00300B0F5004F34BF00B24FF0B4
:108A9000FF3080B2704738B503888B4204D240F271
:108AA00007111420F4F768FC857C65B1C388C3F313
:108AB0000E031433C25A8A4207D3C152811DF4F700
:108AC0007BFF00238374284638BD0025FBE703465F
:108AD000F0B59C88A5B2C4F30E06DC88AC4200F168
:108AE000140002D10020D881F0BD5F89DC7C855B59
:108AF0003C4402343444ED1B20440C88ADB2AC42FB
:108B000088BF0D805C89B4FA84F4640914700A8803
:108B1000DA81E9E7F8B58288C389002604460D4664
:108B200092B20E60CBB1C2F30E02418914328718A3
:108B30000B44825A9BB29342438104D94FF4AA71E9
:108B40001420F4F719FC04D1011DF4F735FF468118
:108B50002F600023E3810120F8BD1846FCE770B5C3
:108B6000044604F11406A38822899BB29A4208465F
:108B7000C2F30E050DD021B1A91CE27C3144FFF7F0
:108B8000DDF904F108012046755BF4F715FF28466E
:108B900070BD0025FBE78388C0889BB2C31A58428A
:108BA00058417047828873B5C48895B2AC42C2F30D
:108BB0000E0202F1140212D04189C689835A31444F
:108BC00099420EDB0DF10601ADF80650F4F7F4FE04
:108BD000BDF80600001B18BF012002B070BD0020C8
:108BE000FBE70120F9E770B50589C488C4F30E06D8
:108BF0006C40C5F30E02C4F30E050346143025B9CC
:108C0000240402D50020188270BDB2421C8806D907
:108C1000DD7C921B0235521B9442A8BF14469D89ED
:108C20000DB1825BA41AA142ECDCDA7C198202321B
:108C300035442A441044E7E738B5038ACBB18B4268
:108C400017D3C3888489C3F30E031433C5180CB932
:108C5000C4546C700C448481C45A2144C15222B162
:108C6000811DF4F7A9FE00238381002303820120E4
:108C700038BD0020FCE78388C2889BB29A4206D0A8
:108C8000428922B9C3F30E031433184470470020FD
:108C90007047C37C088802330B441360704702306E
:108CA000704738B58388C2889BB29A4209D04389FD
:108CB0003BB9C5893DB9011DF4F77EFEC581012090
:108CC00038BD0020FCE71846FAE703881380C38804
:108CD000C3F30E03143303440B60808970470368A9
:108CE000002223B9C0E90132031D036070475968AF
:108CF0001B680A44F5E7072938B5034604D84FF442
:108D0000EC711520F4F738FB0068A8B1D0E9002415
:108D10008C4212D02AB901F10805AC4204D21046A7
:108D20000AE003461046F1E742501A6845181268F7
:108D3000641A6C6042501D6038BD1A60FCE7002365
:108D4000C1E9003203680B600160704730B590B133
:108D50008478B1FBF4F304FB131300EB4302528954
:108D60008A4201D1D8B230BDC27822B900F10A03DB
:108D7000D0B2844201D8FF20F5E733F8025BA94264
:108D800002F10102F4D1EEE78278038805324B4309
:108D900003EB42031844704713B50023CDE90033B9
:108DA00004468DF806006846F5F706F808B102B0EB
:108DB00010BDBDF804002146F4F7DAFF0028F2D018
:108DC00040F21D211720F4F7D7FA70B50D4609219E
:108DD0001E46FFF741FE3246044609212846FFF7AA
:108DE0003BFE002C03DB002801DB204470BD4FF06C
:108DF000FF30FBE7012303707047F8B505460846CE
:108E0000002811461E4614BF00240224FF23AB7025
:108E10002B191B7D012B04D001342B191B7D012B39
:108E200019D105EB44073B8B3A8C9819904204DD2D
:108E30002C44002038832075F8BD05EB84043246AD
:108E400060681844FFF77AF83A8B16443E83002393
:108E5000AB700120F0E70020EEE7002910B514BF49
:108E600000230223FF218170C1180C7D012C07D142
:108E70000C3320F8132002230B750023837010BDE0
:108E80000133C1180C7D012CF2D04FF48C710920F4
:108E9000F4F772FA30B50246837803F0FF00F3B9B5
:108EA000137D022B19D0537D022B19D103460120CB
:108EB00089B1D5180C3300242C7522F813401318EF
:108EC00003241C7502EB80035B680B6000F10C034C
:108ED00032F813308B80012002E00123E8E7002004
:108EE00030BD30B58378E3B9837D022B17D0C47DC4
:108EF000022C16D1032381B105190C3400222A75E6
:108F000020F81420C2180324147500EB83020C33DC
:108F1000526830F813300A608B80012002E003248D
:108F2000E9E7002030BD037D012B01D1008B7047A4
:108F3000437D012B0CBF408B00207047837D012BAC
:108F400001D1808B7047C37D012B0CBFC08B0020EB
:108F50007047038B23B9408B003818BF012070473E
:108F600001207047838B23B9C08B003818BF0120C4
:108F7000704701207047027D022A01D1008B7047A3
:108F8000437D022B01D1408B7047032AF6D0032B7F
:108F9000F9D000207047827D022A01D1808B704772
:108FA000C37D022B01D1C08B7047032AF6D0032B5F
:108FB000F9D000207047F5F765B8012808B506D04C
:108FC000022806D040F21F410620F4F7D5F9002010
:108FD00008BD0120FCE7F5F7A1B870B50D460646BF
:108FE000FBF7C8F804463046FBF7BCF8743504F5C7
:108FF000234328444FF47A72A133B3FBF2F31844AD
:1090000070BD10B5044690F86900FBF7B3F800F5A1
:109010005F4141314FF47A70B1FBF0F1204601F528
:109020008771BDE8104001F0A6BE7FB5044618B9AF
:10903000A6213020F4F7A0F9072900F2FB80DFE831
:1090400011F008003E003E003900F900E500ED0097
:10905000F70090F808321BB3B0F80632B0F8882059
:10906000934217D1B0F8BC21A0F88820D31AA0F8F9
:10907000BE31D4E988232046C4E98A23F9F704FFE6
:1090800094F8C331002B00F0AC8004B0BDE8704010
:1090900002F071BC9A1AA0F8BE21A4F88830E8E763
:1090A000B0F80432B0F888209B1AA0F8BE31B0F8AE
:1090B0000432F2E704B0BDE87040FAF721BF02F0D5
:1090C0008BFED4E98A23801A61EB0301012871F138
:1090D000000302DA40F20661ABE76FF0010383425E
:1090E0004FF000038B4102DA40F20761A1E7A36968
:1090F0000BB1B0FBF3F394F88F10B4F806220D29EE
:1091000034D10132A4F80622B4F84232B4F88850BF
:109110000133A4F84232B4F8C4301D44B4F8C2306C
:10912000013DED1AADB202AEB4F806126B1A1B0483
:1091300036D594F892300394002B0CBF3E230823BD
:1091400084F8B130304601238DF80830F7F7A2FEDD
:10915000204602F012FC002384F8F43194F80B024C
:10916000FDF7F8F9202384F80B323AE0B4F88810C0
:109170000B449BB2D11A090454BF531C01339BB258
:10918000A4F8063294F80932002BBDD1B4F8BC31F2
:10919000B4F80622934204BF0133A4F80632B3E7C1
:1091A000002300961A462046F5F71AFDB8B10128AB
:1091B00012D1B4F80622B4F8B811BDF8083013443F
:1091C000521A12049BB204D5EA1A12F4004F18BFC7
:1091D0000B46A4F80632A7E740F2546129E7236F53
:1091E0000BB904B070BDB4F8BE10B4F806325B1A07
:1091F0001BB2002BF5DDB4F874201344013BB3FB24
:10920000F2F313FB0213A4F8BE30EAE70120FBF7E8
:10921000F1FE04B0BDE87040FFF7DDBE90F8F43118
:10922000042B01D0C52104E7002380F8F431D8E7EE
:10923000CB21FEE6CF21FCE613B5002380F8F43104
:10924000A0F840321A46009319460446F5F7C8FCC8
:1092500020B140F2F3113020F4F78EF8012284F8A7
:10926000F421C4F8F001C4F8E801A4F80602A4F857
:10927000040284F80902B4F88820A4F84202013AF2
:10928000A4F8882002B010BD70B5044690F82031D3
:1092900003F0FF01E3B9D0E946526FF000439A4270
:1092A00008BFB5F1FF3F01D1002070BDD0E94456A1
:1092B00002F000F9D4E94632DB305B1B62EB0602B8
:1092C0001B1A62F10002002AEEDA2046F8F76CFE63
:1092D0000120EAE7F8B5044618B9D7213020F4F7A1
:1092E0004BF8072900F2AA80DFE801F0043E3E3A7D
:1092F000A82E9EA6F8F750FED4F80401CB38FDF74F
:109300006BFE10B940F25121E8E7204602F0AEF9B9
:109310000546F0B90146204602F0CCF800F1DB0624
:10932000D4F80401B04209D2301A322838BF3220B2
:109330000321FDF7F3FE051E18BF0125C4F80461E3
:10934000204602F0ADF935B12046BDE8F84002F004
:10935000A8B90025F4E7D4E94423C4E93C23F8BDC7
:10936000BDE8F840FAF7CCBD02F0AFF8002384F86E
:10937000003184F80931D4F8D43005460E46EBB1FB
:1093800050EA01031AD00721A5FB012301FB063394
:10939000D4E93C10521843EB0003D4E94401824263
:1093A0008B410BD2012304F5807784F808313846CD
:1093B000FDF7F8F820B940F292618FE70223F2E757
:1093C0002046FFF761FF034694F8D00033B93946D1
:1093D000FDF7DAF938B940F296617FE7FDF7BAF8A0
:1093E000002384F8F830D4E94401D4E93A328342C6
:1093F00072EB0107B3D255EA0607B0D0C01A61EB91
:10940000020133462A46FEF7FBFC05FB01F300FB95
:109410000633A5FB00500344D4E93A02451943EB57
:109420000203C4E93A539AE790F8D000FDF792F8A6
:10943000002384F8F83092E7F4214FE7F8214DE754
:10944000D0F8D400704710B5044690F8F830EBB16E
:10945000FF2380F82031012102F025F994F8F8303B
:10946000A3B194F8D000FDF7F1FB94F8D000FDF71C
:109470007DFF94F8D000FDF76DF820B940F2DF11C0
:109480003020F3F779FF002384F8F830002010BD76
:1094900010B590F8202142B990F8D82042B1D0E917
:1094A0003731994202D9F8F77FFD0022104610BDEE
:1094B0000122FBE708B540F28D2101F064FC40F683
:1094C0004803984228BF184680B208BD7FB50446BD
:1094D00090F8C33103F0FF05002B45D190F8F4312B
:1094E000032B41D102F078FCD4E98A23801A61EB86
:1094F0000301012871F1000336DB6FF001038342A1
:1095000075EB010304DA40F2AF513020F3F734FF7A
:10951000A269B4F888300AB1B0FBF2F20133134407
:109520009BB2A4F80432B4F80422B4F8BC319B1AFC
:109530001BB2002B18DD94F80B02FDF787FB98B1E6
:10954000FF2384F80932B4F8C430B4F888501D44BD
:10955000B4F8C230013DED1AADB20DF10E06B4F80B
:109560000432EB1A1B0401D504B070BDB4F8041228
:1095700000960023012289B22046F5F731FB00282E
:10958000F2D0012809D1B4F80432BDF80E2012FA45
:1095900083F39BB2A4F80432E1E740F2F651B4E75A
:1095A000F8B5044621B1012930D040F29F712AE07C
:1095B000C68C36B1F7F7D4FAE58CB0FBF5F606FBAE
:1095C00015062046D4E93A5701F07FFF2D1847EBE6
:1095D00001010023AD1941F1000184F8003102239B
:1095E000C4E94451C4E93A51A4F808312046FFF7D0
:1095F0004BFE70B994F8D00004F58071FDF7C4F803
:1096000038B940F2E9613020F3F7B6FE002380F864
:10961000D830FAF76BFBBDE8F840FCF727BE90F8AE
:10962000F800003818BF0120704713B50023CDE9BA
:10963000003301238DF806306846F4F7BDFB08B10E
:1096400000200AE0009C2046FFF7E9FF0028F3D045
:10965000204601F03DFF0028EED002B010BD07B556
:109660000023CDE9003301238DF806306846F4F776
:10967000A3FB08B1002004E00098FFF7D0FF00280A
:10968000F4D003B05DF804FB07B5002340F6881260
:1096900001A9FAF749FE03B05DF804FB10B50446D2
:1096A00038B1F6F7D1FB34EA00030CBF01200020EB
:1096B00010BD0120FCE710B5F5F75EFF044601F090
:1096C000D1FF40B9204601F0C9FF80F00100C0B2CF
:1096D00000F0010010BD0020FAE738B5054601F0A2
:1096E000E4FEF0B12846FFF79AFF08B9002038BD24
:1096F0002846FFF7A5FE04462846FFF7A4FE0546C8
:1097000088B9002CF2D02088F6F708FC208829467A
:10971000F4F72EFB0028E9D041F6CD113920F3F7FC
:109720002BFE4220E3E70C20E1E72DE9F843B0F8F7
:109730005A60B0F85C50804630300F46FFF7BAFEF2
:109740000221044600F098FF02218146204600F0E5
:1097500093FF4E4528BF4E46B6B21B2E38BF1B2680
:10976000FB2E28BFFB26854228BF0546ADB21B2D28
:1097700038BF1B25FB2DB8F800303B8028BFFB25E8
:10978000B4F5A47F38BF4FF4A47440F648039C425C
:1097900028BF1C467E80FD80BC803C81BDE8F883EC
:1097A0002DE9F04186B0054601A9008800F026FFAA
:1097B0000446002873D1029A92F85631003B18BF34
:1097C00001238DF80230D2F8803099064ABF9DF807
:1097D0000230034683F0010303F001038DF80330E8
:1097E00092F8E2309B0603D49DF80330002B5CD046
:1097F000EB881B3B9BB2E02B59D82989A1F5A473B8
:109800009BB244F24810834251D86B881B3B9BB2F9
:10981000E02B4CD8AA88A2F5A4739BB2834246D809
:1098200040F64807B94244D8BA4242D8029E4FF0A7
:10983000FF0886F82B819DF80230A3BB03A93046B0
:10984000FFF773FF6A88BDF81230E888934228BF9B
:109850001346A6F83031BDF81430AA88BB4228BFA1
:109860003B461946BDF80E30834228BF0346A6F892
:109870002C31BDF810302889BB4228BF3B468342BB
:1098800028BF03468A42A6F82E31134628BF0B464E
:10989000A6F8323186F82A81002386F82B3120463B
:1098A00006B0BDE8F0813A24F6E71A24F7E712245F
:1098B000F5E71124F3E72DE9FF41074688460088C4
:1098C00002A900F09BFE054618BB039C94F8693181
:1098D00003F0FF051BB1B8F1020518BF012594F88C
:1098E0008F30222B94F8E33043EAD3030CBFC5F149
:1098F0000102002203F00103134333D0BE7816B9EE
:10990000F6F7A2FA0646F87870BBF6F79DFA26B984
:109910000925284604B0BDE8F0810028F8D0FF23CF
:1099200084F83531E5B994F8343103F0FF05BBB95B
:1099300084F8370184F8348184F836613B797A7988
:109940008DF8050043EA022301A920468DF8046042
:10995000ADF8063000F0B4FE002384F83531D8E7C6
:109960003A25F9E71A25D4E7002ED8D1D0E708B573
:10997000F6F744FA002008BD10B50446F7F720FDBD
:109980002070002010BD10B5FFF74FFE044630B91F
:10999000F7F710FD2046F6F783FC204610BD0C209B
:1099A000FCE710B50446FFF740FE50B920780128C7
:1099B00009D8611CF7F70AFD002814BF0020072012
:1099C00010BD0C20FCE71220FAE738B50546FFF77A
:1099D0002CFE044640B92878012803D8691CF7F703
:1099E00025FD18B9122038BD0C20FCE72046FAE707
:1099F00010B503460E2404704E2110220020DC70A6
:109A0000592459709A701C7158719971DA7110BD8E
:109A100008B50821F3F7F2FE002008BD73B506462D
:109A20000C460088694600F0E9FD0546A0B9B37808
:109A30006BB9019B93F86C30A370338894F90200E2
:109A40002380F6F77DFDA070284602B070BD7F2010
:109A5000FFF71AFEA070F0E70225F5E710B50446FF
:109A60006FF07F00FFF710FEF6F76AFD20707F2091
:109A7000FFF70AFEF6F764FD6070002010BD10B518
:109A80000446F5F779FD01F0E6FDF6F759FD207083
:109A9000002010BD08B50A46072300F11001FDF7AC
:109AA00037FF002008BD10B5014604460020F6F738
:109AB000C1FA08B92060A080002010BD10B504468E
:109AC000F6F796F928B900202146F6F79BFA002010
:109AD00010BDFFF7C4FD0028F5D0FFF7ECFD00280E
:109AE000F1D10C20F4E710B50446FFF7B8FD28B912
:109AF00001202146F6F786FA002010BDFFF7DBFDB6
:109B00000028F5D10C20F8E7F7B50C460546694664
:109B1000008800F073FDA21C034690B9019901F181
:109B2000970781F8EA303868106038791071288812
:109B3000208091F8EA6006F0FF00002EF1D103B01A
:109B4000F0BD0023C4F8023002201371237063704B
:109B5000F5E7FFF725BE1FB5838844F290229342B4
:109B600017D840F64802934228BF13460288ADF842
:109B700004204088ADF80600ADF80A000A8001A86C
:109B8000ADF80830ADF80C30FFF70AFE05B05DF80F
:109B900004FB1220FAE737B50D46694600F02EFDAA
:109BA000044618B901982946FFF7BFFD204603B0C7
:109BB00030BD10B503466FF0040400204821082290
:109BC0001C7058709970DA701C7158719971DA7143
:109BD00010BD37B505460C460088694600F00EFDFD
:109BE000F0B9019B014683F86A1093F86820012AB6
:109BF00006D0022A04D040F20B310620F3F7BCFB5A
:109C0000A27093F86920012A01D0022AF3D1E270F0
:109C100093F86A2002F0FF00002AE4D12B88238009
:109C200003B030BD10B58388022B044610D8C0782D
:109C3000FFF734FD08B9112010BDA078FFF72EFD05
:109C40000028F8D020460121BDE81040FFF733BEC0
:109C50001220F1E713B58378C178027903F001048B
:109C600051EA040C03F002031DD052EA030C1AD08F
:109C7000002C18BF0021002B18BF00228DF80320F4
:109C8000037842788DF8021043EA0223ADF80030E1
:109C900043798279684643EA0223ADF80430FFF73E
:109CA000C1FF02B010BD1120FBE708B5F4F7D2FCEC
:109CB000002008BD13B50C46694600F09FFC20B992
:109CC000019BB3F888300133238002B010BD07B583
:109CD0000088694600F092FC48B99DF80020019B7D
:109CE000012A07D093F83B2102F0FF016AB103B0CB
:109CF0005DF804FB93F8F421D2B293F8B01011B9D7
:109D000012F0FB0FEED10220F1E7FF2283F83B2196
:109D10000846ECE72DE9F341054647780078012134
:109D2000F4F710F8044600285FD001F085FCEE78C7
:109D3000864228BF0646042FB6B23DD0206BFFF7FF
:109D4000F2F8304480B21F2803D9122002B0BDE8D7
:109D5000F081FB1E012B2CD8204601F091FC6B7882
:109D6000032B2CD107F0FD08B8F1010F39D12046A3
:109D700001F086FC002831D1012F08BF4FF0020806
:109D8000216B42466846F4F713F96A68206B334644
:109D90000121FFF732F850B36B78023B012B22D838
:109DA000206BFFF7C0F801210246206BFFF755F842
:109DB00019E0002ED0D1C8E7002ECDD0C5E700288D
:109DC000C3D1042BCED12046FFF729FC0028BCD0FC
:109DD000206BFFF7BEF80028C4D1B6E74FF00008AB
:109DE000CEE7042FD1D10020B0E74220AEE7072014
:109DF000ACE72DE9F74380464578C7780078012124
:109E0000F3F7A0FF0446D0B101F02CFC0028206B32
:109E100008BF0027FFF792F8C619B6B21F2E1FFA27
:109E200087F910D8042D0ED0032D12D05FB1204633
:109E3000FFF7F5FB58B10C2002E0042212E04220AB
:109E400003B0BDE8F0831220FAE70720F8E7012D00
:109E50000CD1204601F014FC0028EED1012D0CBFDE
:109E600006220522216B6846F4F7A2F8D8F80420F0
:109E7000206B4B460021FEF7C0FF0028E5D0023DD5
:109E8000012D04D8206B32460021FEF7E6FF0020AA
:109E9000D6E713B50446F5F76FFB4FF44073ADF802
:109EA000003000238DF80230684614F8013B8DF82D
:109EB00003300194FFF79DFF02B010BD38B50121BA
:109EC00005460078F3F73EFF0446A0B1FFF7A7FB75
:109ED00028B92046691C01F000FB002038BD20464F
:109EE00001F0C0FB08B10C20F8E7204601F0B6FBFA
:109EF0000028F8D1EDE74220F0E713B50446F5F766
:109F00003BFB14F8013B8DF803304FF44073ADF880
:109F10000030684600238DF802300194FFF7FAFE06
:109F200002B010BD73B50546F5F726FB2B78044645
:109F300063B100230DF1010101208DF80030F6F727
:109F400079F818B16846FFF7B9FFA0B90026204696
:109F50008DF8006001F08AFBB04214BF80233346C5
:109F6000ADF801302B788DF80360012B05D16946DF
:109F70002046F5F721FC02B070BD1BB92046FFF763
:109F8000ACFBF8E71220F6E710B500210446008884
:109F9000F3F7D8FE20B1A11CBDE81040F9F74CB88A
:109FA000022010BD08B500880021F3F7CBFE20B1D8
:109FB000BDE808400021F9F73FB8022008BD37B5D9
:109FC00005460C460088694600F018FB28B92B8826
:109FD0002380019BB3F8BC30638003B030BD37B53C
:109FE00003880B80044698B2638813B9122003B02B
:109FF00030BD694600F002FB0028F8D16488019A60
:10A0000042F21071A3B24B43158C916905FB01110B
:10A010008B42EBD395699169A942FBD10025013BA5
:10A020000B44C2F8B450B3FBF1F3A2F8BC40C2F841
:10A03000B830DCE710B50C460021F3F783FE88B199
:10A04000022C11D804F00103C4F3400480F8C53198
:10A0500080F8C44123B190F8C2313BB1FFF736FA22
:10A06000002010BD0220FCE71220FAE71846F8E7AE
:10A0700010B504460078FF280AD00121F3F762FEEC
:10A0800058B16378A27843EA0223C384002010BD4C
:10A09000B4F80100F5F73AFAF8E74220F7E708B517
:10A0A0000078003818BF0120F5F70EF9002008BD30
:10A0B00010B50446F5F760FA6178C1F3400201F08B
:10A0C000010101F0F3FA002010BD0820F5F7A8BE49
:10A0D00001F060BC1220704710B5044604B910BDF1
:10A0E000236898476468F9E703680BB90160704713
:10A0F0001A465B6813B18A42FAD170478A4218BF88
:10A100005160704708B50020FEF746FEF3F7DEFE0B
:10A11000F5F7F8FEF4F73EF920B14FF48571012010
:10A12000F3F72AF908BD08B5F5F77AF8F7F7BEFD99
:10A1300020B14FF495710120F3F71EF9BDE80840F6
:10A140000120FEF729BE08B5FFF7EDFF01F00AFC7C
:10A1500020B140F23F110120F3F70EF908BD01F0E4
:10A16000D7BC0B46122203F8032BD0F80920C1F804
:10A170000320427B1A71704730B585B004460D4606
:10A18000F6F7ACFA80B36FF4B0731C4402A92088D0
:10A19000ADF8000000F032FA18B12E217E20F3F75E
:10A1A000EBF8039B93F864208DF80220022193F8CA
:10A1B0006520B3F866308DF803206846ADF80430AA
:10A1C000FFF779FB08B14421E8E78DF808009DF816
:10A1D00008308DF80900002063F307009DF809306E
:10A1E00063F30F2005B030BD18232B70D4F809306D
:10A1F000C5F8033004238DF80830E8E708B5436854
:10A2000093F88E201AB185217E20F3F7B5F820222D
:10A2100083F88E2008BD034610F0010005D19A078F
:10A2200002D403F004007047022070472DE9F84F74
:10A23000074608469246884600F070FC8146404634
:10A2400000F06EFC8346FFF7E6FF05464846FFF741
:10A25000E2FF45EA0006F6B2003E044618BF0126BA
:10A26000F5F7F2FD00EA0B03DBB2002B08BF002577
:10A27000F5F7EAFD00EA090097F86830C0B2002857
:10A2800008BF0024AB4208BF00258AF8005097F8A9
:10A290006930A34208BF002455EA04038AF801404C
:10A2A0000CD1404600F03EFCB7F88830DB43184440
:10A2B00080B247F6FD73984288BF00263046BDE85D
:10A2C000F88FF8B5446894F88F50A5F12003062B59
:10A2D00006460F463ED92E2D3CD0CDBB94F88E308D
:10A2E000252B37D0084600F00EFC28B939463046F9
:10A2F000BDE8F84000F099BD7B7903F0070384F8CE
:10A3000061303B7903F0070384F8603094F835310D
:10A3100093B994F83431012B0ED094F8602094F85E
:10A3200069309A4210D194F8612094F868309A42CA
:10A330000AD1022384F83431222384F88F30304646
:10A3400000F045FD2846F8BD3046F5F7C7FDF3E7B8
:10A350000125F7E72025F5E72DE9F743456895F84E
:10A360008F3095F88E80232B04460F462CD18F35E5
:10A37000384600F0D9FB00284CD0384600F0CEFB20
:10A380008146384600F0CCFB0146FFF744FF666883
:10A3900048B396F86830984225D096F83421012ABF
:10A3A0000CBF96F8362196F86420114232D0B8F1ED
:10A3B000210F18D096F86120114214D153B940F200
:10A3C000F7110620F2F7D8FFB8F1210F40F0B28064
:10A3D0008E35CDE7032B01D0032831D1984294BFAD
:10A3E00000200120B0B94846FFF715FF002849D0EA
:10A3F00096F86930834245D096F83431012B0CBF72
:10A4000096F8373196F8653019EA030F14BF012327
:10A410000023BBBB636893F83421012A19D11E21A4
:10A420002046F5F733FDB8F1210F1FD1FA786368A4
:10A43000182A83F8192110D040F269217E20C1E743
:10A44000042BCBD00428C9D098422CBF0020012077
:10A45000C8E7002283F83421E5E7092283F88E203B
:10A4600093F8CC3093BB40F27121E7E700232046FC
:10A470002B7000F0B6FC3946204603B0BDE8F0432F
:10A4800000F0D3BC304601AA3946FFF7CFFED4F81E
:10A4900004800646F8B998F83431012B18D10146EA
:10A4A0002046F5F7F3FC2E70636803F18F029542A6
:10A4B00002D1002283F88F20636803F18F02954256
:10A4C0004FF0000533D1204600F08BFC002032E035
:10A4D00088F83401E8E7384600F024FB6368A8F800
:10A4E0005402B3F85422B3F88810013A521A92B2C7
:10A4F00047F6FD718A4206D9282283F8B12020460A
:10A50000F6F7C8FCD8E793F88F200D2A02D00A3A54
:10A51000012A01D82A22F0E79DF8042083F8562268
:10A520009DF8052083F8572225232B70C4E783F874
:10A53000CC50CBE7022003B0BDE8F08308B54368F8
:10A5400093F88F20222A05D022B14FF461717E202A
:10A55000F2F712FF232283F88F2008BDFF234371F7
:10A560000023037103604371704743791BB903688B
:10A570000BB101221A607047F5F7C4BC704730B5C3
:10A5800042400C7818785D7844404878684004442C
:10A590009D78887868400444DD78C8786840044431
:10A5A0001D7908795B794979684004444B4023441C
:10A5B000D3420CBF0120002030BD034600200139EA
:10A5C000C9B2FF2900D170475A5C82F001021044E1
:10A5D000C0B2F4E708B5F5F753FD082803D0BDE88D
:10A5E0000840F5F771BD08BD08B501F0E0F918B1F4
:10A5F000BDE80840F8F712BE082008BD10B50C46AB
:10A600000021F3F79FFB606018B101232370002045
:10A6100010BD0220FCE7F8B5D0E9047605460C46EB
:10A62000FBF7C0FF20B94FF481712920F2F7A4FE97
:10A63000F4B1D5E90431DA1B61EB0603012A73F1A9
:10A6400000014FF0000115DB6FF00100904271EB4B
:10A65000030302DA4FF48671E7E7631E1344B3FB8A
:10A66000F4F35C43E41946F10006C5E904461C46D0
:10A670002046F8BD0C46FBE7CB1E012B10D8032962
:10A6800014BF4FF41673962303F5BC7314BF402216
:10A690001022984212D9C01A90FBF2F080B2704793
:10A6A000022905D13C2809D93C38C0F38F007047F6
:10A6B000702803D97038C0F3CF007047002070476E
:10A6C0000346086858667047012908B5024606D057
:10A6D00002290CD040F27D112920F2F74DFE40F600
:10A6E000C41340F2E240002A18BF184608BD40F6E5
:10A6F000C410FBE7C3B293FAA3F3000A90FAA0F0E8
:10A700001B0E000E43EA002070470131F8B5C9B2B4
:10A71000821D0023012512F8010B884216D312F87E
:10A72000066C002405FA04F737421CBF01F1FF3123
:10A73000C9B2E0B269B10134082CF3D10133DBB204
:10A74000052BE8D199214620F2F716FE091AC9B265
:10A75000F4E700EBC300C0B2F8BD0B6870B5C0F8F9
:10A7600001300B7903F01F03437100230446C372C9
:10A77000451C861D15F8010B00F00FFB2871E37ACC
:10A78000B5421844E072F5D170BD70B581EA11414F
:10A7900089B2C57A0446032682EA0100FFF7AAFFC0
:10A7A000013E00EB00100A1816F0FF0690B2F5D13A
:10A7B00041402522B1FBF2F302FB1313C3F3C402A1
:10A7C0002244D8B2567803F00703012202FA03F3B9
:10A7D0001E4207D169432046C1F30741BDE87040DE
:10A7E000FFF793BF70BDF8B590F821506B1E242B76
:10A7F000044656D8002A56D0807D18B1012846D08C
:10A800001F2019E094F8231094F8223002FB031360
:10A810002522B3FBF2F102FB1133DBB204EBD302CE
:10A8200084F82330D17D012603F0070206FA02F2F4
:10A83000114202D084F82430F8BDB3FBF5F205FBD9
:10A8400012330133024604F11C01D8B211F8013B66
:10A85000834219D311F8067C002306FA03FC1CEA94
:10A86000070F1CBF00F1FF30C0B2DDB220B905EB0D
:10A87000C20284F82420DFE70133082BEDD1013236
:10A88000D2B2052AE2D1BBE7C01AC0B2F7E72289EB
:10A89000C96904F11600FFF778FF84F8240000204E
:10A8A000CAE71220C8E71046C6E70B68C0F80330B5
:10A8B0008B88A0F8073070470B68C0F809308B8888
:10A8C000A0F80D3070470378890123F0400301F0B0
:10A8D00040010B4303707047037803F07F0343EAA2
:10A8E000C113037070471F2A38B50546144603D9B3
:10A8F000BF212A20F2F740FD09300634FDF71EFB88
:10A900006C7038BD1F2A38B50546144603D9E121BD
:10A910002A20F2F731FD09300634FDF70FFB6C7089
:10A9200038BD30B5037803F00F03032B024640D047
:10A93000052B1FD1C37F90F82000034392F821001C
:10A94000034392F82200034392F8230020F01F00F3
:10A9500018432DD05378222B0CD1B2F81930B2F80D
:10A960001740907D41B1B3F5506F05D940F60751BE
:10A970008B420ED900201BE0991F89B240F67A4520
:10A98000A942F7D8411E0729F4D88342F2D9A3423D
:10A99000F0D3B2F81B30B3F5FA7FEBD2B2F81D005A
:10A9A0000A3880B240F6764398428CBF00200120DE
:10A9B00030BD4078A0F10C0358425841F8E70378C5
:10A9C00001F0030123F003030B4303707047007889
:10A9D00000F0030070471B2A08B504D940F2524129
:10A9E0002A20F2F7C9FC4270BDE808400330FDF7A9
:10A9F000A5BAB0F807007047B0F809007047B0F882
:10AA00000B00704770B5B0F80730B0F80950B0F8D7
:10AA100005600479B0F80B0091B1B3F5506F0FD910
:10AA200040F60752934218D8B5F5FA7F15D20A3886
:10AA300080B240F6764398428CBF0020012070BD62
:10AA40009A1F92B240F67A418A4206D8621E072ABD
:10AA500003D89C4201D29E42E5E70020EFE743681D
:10AA60000B60037A0B717047B0F8090070470079EA
:10AA700070470B6843604B688360704743680B60A6
:10AA800083684B60704783890B807047D0F80E3025
:10AA90000B60D0F812304B607047D0F816300B6066
:10AAA0007047FFF7E6BF0B68C360704700797047D7
:10AAB0000171090A417170478171090AC1717047BA
:10AAC0000172090A417270478172090AC1727047A6
:10AAD00080887047C08870470089704740897047F8
:10AAE00003891A2B0DD94389B3F5A47F09D3838831
:10AAF0001A2B06D9C088B0F5A47F34BF00200120EE
:10AB00007047002070470379024613F0070004D015
:10AB1000507910F0070018BF012070470079704786
:10AB200040797047C08870470279437902F0070284
:10AB300003F00703511E0A40591E0B4013430CBF7C
:10AB40000120002070470171704700797047417102
:10AB5000704740797047FB2908B504D940F2E67187
:10AB60002A20F2F709FC417008BD406890F8C23114
:10AB700023B1002380F8C231FEF7A8BC704708B5A6
:10AB8000017A19B101290DD0002008BD0368C288DF
:10AB900002218088F5F754FD0028F6D1F5F73CFF37
:10ABA0000120F2E70368C288F3E702230B70012358
:10ABB0008B707047F5F7C8BE0222F5F71BBF032262
:10ABC000F5F718BF0422F5F715BF0222F5F744BFC9
:10ABD00011230B706FF4A27318440388A1F803309B
:10ABE000838FA1F80530B0F84030A1F80730C38F4B
:10ABF000A1F80930B0F84230A1F80B3070470129B4
:10AC000008B503D10E30C00080B208BD022902D1C0
:10AC10000F308000F8E740F259210620F2F7ACFB34
:10AC200030B587B004460D46F5F760FDA0B30023AC
:10AC30002372A4F5A774694624882046FEF7ABFF6B
:10AC400018B1D6212C20F2F797FBBDF80630ADF8ED
:10AC50000E30BDF80830ADF81030BDF80230ADF858
:10AC6000123003A8BDF80430ADF80C40ADF8143034
:10AC7000FEF76FFF08B1DF21E4E78DF80C009DF8C7
:10AC80000C308DF80D00002063F307009DF80D30A7
:10AC900063F30F2007B030BD2B46172203F8032BB8
:10ACA000D4F80920C5F80320D4F80D205A60B4F870
:10ACB00011201A8104238DF80C30E0E740687047BA
:10ACC000C08A704710B58A880B89CC884988A0F85B
:10ACD0005010A0F85440A0F85220A0F8563010BDF3
:10ACE0008383BDF8003001834283C383704738B546
:10ACF000C38B458C04469D42007A28BF1D46FFF752
:10AD00007EFF6389AB4228BF2B46984238BF184666
:10AD100080B238BDF8B50546808F16460F46FFF75E
:10AD20006EFF3946044605F13000FFF7E0FF84422C
:10AD300028BF04463146B5F84400FFF760FFB5F878
:10AD400046308342A4B228BF034614FA83F09C30F5
:10AD5000F8BD90F8692090F86810FFF7DBBF38B5B0
:10AD60000D461446FFF7F5FF96342044A84294BFE1
:10AD7000281A002038BD38B504460D46FFF7E9FF14
:10AD80002844606338BD006801F19C03984283BF8A
:10AD9000401A9C3840080020704700F055034008D6
:10ADA00000F05500184400F03303800800F0330031
:10ADB000184400F00F0303EB1010704743680022A3
:10ADC00083F88E2083F8CC20A3F8C820704743680E
:10ADD0000022A3F8CE2093F8D020013283F8D020AF
:10ADE000704708B5426892F8D030013B5BB2002B47
:10ADF00082F8D03003DA34214A20F2F7BDFA08BDD8
:10AE0000436883F81B1183F81A217047A0F10A03E5
:10AE1000042B08D9A0F12003062B04D9A0F12E039E
:10AE2000584258417047012070474268D2F880303C
:10AE300010B513F008040AD143F00803C2F88030BB
:10AE4000CB7882F81831FFF7C2FF204610BD0120F1
:10AE5000FCE738B50C460546B1F85410FFF728FE5C
:10AE6000B4F822112846FFF727FEB4F85010284600
:10AE7000FFF726FEB4F820112846BDE83840FFF75A
:10AE800023BE37B530F8024C7CB100238DF8043076
:10AE90008DF805309DF80430002063F307009DF81D
:10AEA000053063F30F2003B030BD30F8A85CA1F883
:10AEB000035008220A708C70427A4A7150F8940C40
:10AEC000FDF769FE18B9B2216320F2F755FA28465A
:10AED000F5F724F821462846F2F74AFF04238DF8B7
:10AEE00004308DF80540D5E710B5446894F89030EB
:10AEF000063B012B07D90846FFF7B9FD062384F866
:10AF0000910084F89030002010BD426892F8903093
:10AF1000063B012B84BF072382F890307047F8B5B9
:10AF2000476897F88F6004460D4616BB0846FFF742
:10AF30009BFD6168A7F85402B1F85432B1F888203B
:10AF4000013B9B1A9BB247F6FD72934207D9282317
:10AF500081F8B1302046F5F79DFF3046F8BD01F28B
:10AF600056212846FFF77BFD63680A2283F88F206D
:10AF7000F3E70126F1E70B46062203F8032BD0F88E
:10AF80000920C1F80320D0F80D205A60427C1A72C3
:10AF90000023CB707047F8B5436893F88F6005467F
:10AFA0000C46002E48D131462046FFF72BFD28B92C
:10AFB00021462846BDE8F840FFF737BF6A68B4F875
:10AFC0000D30B2F88810A2F85432C9430B449BB23A
:10AFD00047F6FD718B4207D9282382F8B130284605
:10AFE000F5F758FF3046F8BD2046FFF702FD6F68C1
:10AFF00040F2E2425043C7F85C022379C3EB4311AD
:10B0000003EB810303EB83035B00A7F85632B4F82C
:10B0100005305343C7F858322046FFF7EDFCA7F838
:10B02000600220466F68FFF7EAFC6B68A7F86202CF
:10B030000D2283F88F20D5E70126D3E708B54368B2
:10B0400093F88E201AB124214520F2F795F91D229C
:10B0500083F88E2008BD2DE9F743456895F88E30BA
:10B060001D3B022B06460C462CD80846FFF738FD40
:10B0700000B32046FFF730FD07462046FFF728FDC6
:10B0800080462046FFF72AFD81462046FFF722FD35
:10B090004B4600904246394605F13000FFF720FE4E
:10B0A0007168284601F24511F5F7F8FC7068062131
:10B0B000F4F71EF9002085F8CC0085F88E0003B067
:10B0C000BDE8F0830120FAE74268D2F88030D90663
:10B0D00010B5044603D49A214520F2F74DF999069C
:10B0E00001D59B21F8E723F01003C2F88030FFF769
:10B0F00078FE60680621BDE81040F4F7F9B809232E
:10B100000B70D0F80930C1F8023070470B460A22A4
:10B1100003F8022BB0F809204A80C27A9A7070476F
:10B1200038B5436893F88F40054634B1113C0B2C79
:10B1300094BF08240124204638BD93F89430002B96
:10B14000F9D0FFF744FE6B68112283F88F20F2E7F5
:10B1500008B5436893F88F20152A04D040F279117E
:10B160001F20F2F709F9012283F8D120162283F873
:10B170008F2008BD436893F88F20122A03BF132243
:10B18000002083F88F200220704710B5436893F8A1
:10B190008F30182B044607D1FFF723FE63681C226B
:10B1A00083F88F20002010BD0220FCE708B543681B
:10B1B00093F88F20112A04D04FF4D1711F20F2F799
:10B1C000DBF8012283F8D120122283F88F2008BDFA
:10B1D00008B5436893F88F20162A04D04FF4D57130
:10B1E0001F20F2F7C9F8182283F88F2008BD0B46FC
:10B1F000052203F8032BD0F80920C1F80320D0F86A
:10B200000D205A60B0F811201A81C27C9A727047E2
:10B2100008B5436893F88E201AB1BC211C20F2F7C0
:10B22000ABF8042283F88E2008BD4268D2F8801063
:10B2300008B5CB0703D4C9211C20F2F79DF892F87A
:10B24000D030013B5BB2002B82F8D03001DACB2149
:10B25000F2E721F00101C2F8801008BD0C23A0F52F
:10B260009E700B7003884B807047436893F88E2064
:10B270000F2A01BF002283F8C02083F8CC2083F876
:10B280008E200020704738B54568D5F8803013F01F
:10B29000040409D1FFF79BFDD5F8803043F0040387
:10B2A000C5F88030204638BD0120FCE74268D2F85E
:10B2B000803023F00403C2F88030FFF792BD08B558
:10B2C000436893F88E201AB171214B20F2F754F89D
:10B2D0000F2283F88E2008BD10B5D0E90D43A3429C
:10B2E00004D30A8C1B1B05329A4202D3012380F837
:10B2F000403010BD01230B7000238B7030F8D43C1C
:10B30000A1F80330437A4B714389CB8083890B8149
:10B31000704708B5436893F8D32091070ED493F88B
:10B320008E201AB174214020F2F726F8012183F80B
:10B330008E1083F8CC10A3F8C82008BDD3F8801075
:10B340008A070DD593F8D020013A52B2002A83F82B
:10B35000D02001DA8621E6E721F00201C3F880104F
:10B36000002283F83A21E8E710B50B794C790A6896
:10B37000012843EA042108BF41F48031104610BD82
:10B3800007B5FFF7F1FF0DF10702F5F7BDFF03B0B9
:10B390005DF804FB0B46042203F8032BB0F80920E8
:10B3A000A1F80320C27A9A7070470B46142203F862
:10B3B000032BD0F80920C1F80320D0F80D205A60E3
:10B3C000704738B50B46102203F8032B0C4600F1EA
:10B3D0000902293052F8041B43F8041B8242F9D1B8
:10B3E00012781A70A5880123A37100212846F2F76C
:10B3F000A9FC70B1E37863B10088F4F78FFD0021F8
:10B400002846F2F7B5FC20B140F227212D20F1F7B4
:10B41000B3FF38BD0121F6F74FBBFFF7FBBF90F834
:10B4200082300BB10120704790F8BA2002F0FF0380
:10B43000002AF7D190F8AC201846704737B504467B
:10B440000D464FF494720021FCF7F0FDFF232370AA
:10B450001323638042F21073E384F2F77DFD002230
:10B46000014620636846F2F7A3FD206B002201210C
:10B47000FDF7F3FC216B68460422F2F799FD0022E8
:10B48000206B1146FDF7E9FC04F12800A57400F0DB
:10B4900045F904F1680003B0BDE83040FFF75EB83D
:10B4A000FF23086B0B70FDF7A5BC0078FF3818BFB1
:10B4B0000120704710B50446283000F085F96188F6
:10B4C0002822F6F7A3FD6D3010BDD0E902017047C8
:10B4D000C07C003818BF012070470B68C0F81530D9
:10B4E0008B88A0F819300123C37670472DE9F04FFF
:10B4F00006460D4607460FCE91B006AC0FC40FCEE0
:10B500000FC496E803000DF1100884E803004046DC
:10B5100000F004F995F814906E7895F80AA095F863
:10B5200000B0B9F1010F06F07F0607D0B9F1020FA4
:10B5300004D040F21D310620F1F71EFF697A404623
:10B5400000F0F3F82B7DAA7E022B08BF697D02F183
:10B55000010206BF0131C9B20121D2B2404600F05A
:10B56000E6F816F0080364D14046019300F02CF988
:10B5700028223146F6F74AFD40F271212A79019BD3
:10B5800000F2D720B0FBF1F401FB04F0EC7844EAC0
:10B5900002246A7944EA02444C43A0420BD9EC7974
:10B5A000AA7942EA04222C7A42EA044201FB02F41C
:10B5B000A04200D804462A7E0393531E5A425A41A1
:10B5C000A97C386B02910192FDF7D5FC386BFDF731
:10B5D000E2FC039B019A0299ADF81A6008948DF879
:10B5E00028208DF82B108DF82CA08DF818B08DF830
:10B5F0001C90099306AE0FCE3C460FC40FCE0FC46D
:10B6000096E8030084E8030098E80300B862B9856F
:10B61000EB7A13F0FD0F14BF0123002387F8573096
:10B62000EB68BB652B8AA7F85C30002011B0BDE841
:10B63000F08F00242346BEE7438813F0040F0CBFAD
:10B640001F20002070470023C38543881D2B08BF9F
:10B6500000214174704790F912007047408800F053
:10B66000010070474088C0F3400070474088C0F335
:10B67000C000704708B5006BFDF774FC012008BDE1
:10B68000012070470120704790F8503001624B72E2
:10B69000D0F85130C1F80A30B0F85530CB8170473E
:10B6A0007047F5F765BF80F87810704780F8241070
:10B6B00080F825207047C0F34002C0F38003134494
:10B6C00000F0010018447047022808B507D004288C
:10B6D00007D0012807D039212E20F1F74DFE262072
:10B6E00008BD2720FCE72520FAE78278034612F000
:10B6F000010002D0D978C9070FD5900702D5D978B3
:10B70000890709D512F0040007D0DB7813F0040F85
:10B7100014BF002004207047022070470023C0F8A7
:10B72000023001234370037070478170704710B579
:10B730000170427080781446FFF7BDFF10FB01F1E5
:10B7400004FB01F2FE2A03DD5C212E20F1F714FE3A
:10B7500010BD0023C37043710371704710B50446D8
:10B76000FFF7C3FF637962780133DBB29A426371FA
:10B770000FD1E378A1780343DBB29942E37008BFAD
:10B7800023794FF0000208BF0133627104BFE270F9
:10B790002371BDE81040FFF797BF38B501468078A8
:10B7A000FFF789FF0446C8784D78FFF784FF0A79D0
:10B7B0000B789B1A13FB05F34A7913FB04F39B1ACE
:10B7C00000FB1530C0B238BD08B501468078FFF7E0
:10B7D00072FF4B780A7813FB02F313FB00F0C0B240
:10B7E00008BD40F2EF20704740F25A33584370478B
:10B7F00038B553680E3814460D4693F88E20092844
:10B800003FD8DFE800F0053E3E3E0F3E173E3E26A5
:10B81000042A05D12046FFF7D1FA2046F5F7A8FC07
:10B82000002038BD0F2AFBD120460021BDE838405A
:10B83000FFF71BBD1D2AF3D12046FFF7BFFA002DED
:10B84000EED0626892F8E23023F0200382F8E23012
:10B85000E6E793F88F20232AE2D1002583F88F5062
:10B860002046FFF7BEFA636893F83431012B03D109
:10B8700029462046F4F70AFB6368002283F8342146
:10B88000CEE74FF40F713120F1F776FD08B543682C
:10B8900093F88F20162A04D040F2E4413120F1F7CA
:10B8A0006BFD1A2283F88F2008BD08B5436893F812
:10B8B0008F20312A06D1002283F88F20BDE808406E
:10B8C000FFF78FBA162A03D11A2283F88F2008BDFA
:10B8D00040F2F9413120F1F74FFD037D63B9C37B9D
:10B8E00090F85200A3F11002032A05D928B11C2BAD
:10B8F0008CBF0020012070470120704770B542685E
:10B9000092F8E23043F00403044682F8E23008463D
:10B910000D46FFF71EF906462846FFF716F92246A0
:10B920003146BDE87040F6F775BC38B50C460546A3
:10B93000D1E90401F2F7B6FA94F80B0220280BD0F3
:10B94000FBF714FD94F80B02FAF704FE20B940F659
:10B9500039013120F1F710FD28460221BDE83840B9
:10B96000F2F706BA0020704708B5F5F743F9BDE8CD
:10B970000840F5F7F3BAF2F751BE0022A0F88E2086
:10B9800080F8922090F8C33113B10221F3F7B0BCD4
:10B990000321FBE7F5F7A2B908B5F7F7D9FEF7F7EA
:10B9A00053FDF7F7C3FBBDE80840F7F74BBC08B5FC
:10B9B000C821F7F719FC022807D1013911F0FF015E
:10B9C000F7D1F5213B20F1F7D7FC431E58425841EF
:10B9D00008BD10B504460846F8F7CCFB4FF47A735F
:10B9E000B0FBF3F0201A10BD10B504460846F8F776
:10B9F000C1FB023C4FF47A7300F2E730B0FBF3F086
:10BA0000201A10BD08B5FCF7F3F8BDE80840F8F7B8
:10BA100017BD801A00F3070038B540B20D4659B281
:10BA20001446F8F7FDFC0023287020446B7040B2E8
:10BA300038BD0023036070477047002070474FF007
:10BA4000FF3070474FF0FF3070477047002070475D
:10BA50004FF0FF30704700207047002070470023F0
:10BA6000037070470022FFF7D4BF002070474FF0EB
:10BA7000FF3070474FF0FF3070474FF0FF30704796
:10BA800070474FF0804301221A6070474FF08043A7
:10BA9000D3F8080400F0010070474FF08043D3F85A
:10BAA000140400F0010070474FF08043D3F81C04E9
:10BAB00000F0030070474FF080410246D1F81804AF
:10BAC000D1F8181410F4803004D001F00300831A68
:10BAD00058425841704708B5FCF7DEF828B14FF0DE
:10BAE00080430222C3F8342C08BDFCF7B5F80028C7
:10BAF000F5D1FCF7C7F80028F1D1F5E7F8F73CBD20
:10BB0000F8F764BDF8F790BDF8F7A8BDF8F792BF55
:10BB1000F8F720BDF8F724BDF8F728BDF8F766BEA2
:10BB2000F8F7A4BDF8F756BE08B5F8F709FD0020F0
:10BB300008BD38B5054691F827000C46FAF70AFD0E
:10BB400018B9E8216A20FBF72FFE0023A38484F8AC
:10BB500026300921236A2846984718B103780BB18B
:10BB6000EC21EFE738BD426808B5034611441A7866
:10BB70005960012AA1F1500006D1FBF72DFA40B916
:10BB8000CC216A20FBF710FEFBF726FA08B9D12179
:10BB9000F7E708BDF8B504460E4619B9012384F845
:10BBA00029303BE00D78032DF8D8DFE805F03902A5
:10BBB00012154868C72802D800252846F8BD042178
:10BBC000FBF7ACFA0028F7D171682046FFF7CBFFEE
:10BBD000F3E7F8F79BFFF0E790F82470F7B94D68AA
:10BBE0002846F8F767FF0028D8D02B78D3B9012270
:10BBF00022702B79003B18BF012363726B79002BF5
:10BC00000CBF022304232372AB686F336360EB68BD
:10BC10002361032384F8263084F82520F8F776FF83
:10BC20000225CAE794F82630052B04D04FF4C871DA
:10BC30006A20FBF7B9FD27702B7994F82700003BA9
:10BC400018BF012363726B79002B0CBF02230423FE
:10BC50002372EB68A9686F336360D4E906325B181E
:10BC600042EBE172C4E90432042384F82630214611
:10BC7000FAF78AFD0028D1D14FF4C971D8E770B521
:10BC8000F9F79AF8002405462646E0B2854200D826
:10BC900070BDF9F797F80134868480F82660F4E7E0
:10BCA000F8B504460D46F9F787F800270646F8B2BE
:10BCB000864204D8082D0CD96FF0150008E0F9F77A
:10BCC00081F890F826300137002BF0D04FF0FF308C
:10BCD000F8BD2CB129462046BDE8F840F9F780B8F8
:10BCE00021462046F8E738B50546F9F76BF80146D6
:10BCF00088B190F824408CB990F8263073B1013B9C
:10BD0000012B04D82846FFF714FF204638BD012335
:10BD100080F82430F9E76FF00100F7E76FF02200B8
:10BD2000F4E770B50D46F9F74DF80446002848D001
:10BD300090F82660731E012B49D8002D44D0284668
:10BD4000F8F7B8FE00283FD02B78FBB90123237009
:10BD50002B79003B18BF012363726B79002B0CBF5A
:10BD6000022304232372AB686F336360EB682361A3
:10BD7000032394F8270084F826302146FAF704FDBF
:10BD800040BB40F2BD216A20FBF70EFD022E1ED102
:10BD9000002323702B79003B18BF012363726B795A
:10BDA000002B18BF04262672EB68A9686F33636006
:10BDB000D4E906325B1842EBE172C4E90432042391
:10BDC000D7E76FF0010070BD6FF01500FBE76FF073
:10BDD0002200F8E70020F6E7F9F77ABA07B56846D7
:10BDE000F9F770F9DDE900024FF080730021E2FB02
:10BDF000030103B05DF804FB08B5F9F743F9BDE8AA
:10BE00000840F9F72DB90346002018707047EFF38A
:10BE1000108272B603780121DBB2017002B962B6FA
:10BE2000012B0CBF6FF0220000207047EFF310834E
:10BE300072B60022027003B962B600207047FBF7A9
:10BE4000AFBEFBF76FBFFBF76DBF00280CBF6FF0F5
:10BE50001500002070470020704707230370002062
:10BE60007047002070470020704710F8012B11F830
:10BE7000013B012A28BF9A42F7D0D01A70470346E7
:10BE800011F8012B03F8012B002AF9D17047034662
:10BE900013F8012B002AFBD1181A01387047000053
:10BEA0002DE9F04FADF5397D16F071FB60220021D0
:10BEB00040A81CF0D3FEDFF88882DFF88892A24EFB
:10BEC00040AB0B931C460025D9F800309F4F0C93D4
:10BED000AB4200F2F3801A22002168A81CF0BEFEDB
:10BEE0003B68082B28BF0823DBB20F93984B1B68D5
:10BEF0005893984B18681B798DF86831964B599078
:10BF00001A889B78ADF869218DF86B313022934BFC
:10BF10005B93FF215CA81CF0A1FE914B1B780E9354
:10BF2000904B1B781093904B1B78119358AC8F4B10
:10BF30000D93A2464FF0000B0F9A5FFA8BF39342DA
:10BF4000C0F0F2808A4B1B7813B101238DF8B93110
:10BF5000884B1A78884B1B789A423EBF9DF8B931BE
:10BF600043F002038DF8B93104F0F2F828B19DF8DE
:10BF7000B93143F004038DF8B93158A802F0D6FA6C
:10BF8000734B1B686422B3FBF2F102FB11330BB954
:10BF900004F0FAF86B4B1B680D9304F0E5F880464B
:10BFA000002800F08780754D754E16F0F0FA2B785A
:10BFB00004462BB1336847F22F52C31A93420AD971
:10BFC000012016F07BFD6F4B3460020A1A706E4B35
:10BFD000187001232B7000240C94A346A14625461B
:10BFE000264627460D9BA34240F09381BBF1000FEC
:10BFF00060D03F2F28BF3F2720AC00233F2EE355C2
:10C0000028BF3F2630AF272DBB5528BF272516AEAA
:10C01000B9F1080F735528BF4FF0080913AD05F8A3
:10C0200009304B4BD3F8009002F034FC80460028D6
:10C0300000F0D4815549FFF718FF002800F0D081A7
:10C0400053494046FFF711FF002800F0CB815149CA
:10C050004046FFF70AFF002814BF782372230C9A8A
:10C06000CDE90765CDE903B2CDE905473A4A127932
:10C07000CDF80090CDE901324FF4C071464A022359
:10C0800058A815F02DFB002811DD3C4B1B7873B12F
:10C0900058A8FFF7FCFE3C4B404A1B780093394BF5
:10C0A00058ACC0F5C0711B78204415F019FB58A896
:10C0B00005F028F90DF5397DBDE8F08F18F801ABD2
:10C0C000504602F0C3F839682848524616F046FA3E
:10C0D000334B84F800A007460AEB8A0006EBC00049
:10C0E00013F80AB016F02CFA2072A7B1BBF1000FBA
:10C0F00011D1282303FB0A6393F8261059B15B6919
:10C100006360012161721A460090504602F000FD02
:10C1100001350C34D8E600236372282303FB0A6A36
:10C12000DAF814306360F3E70D9B13F8018B0D937D
:10C13000B8F1070F00F2DA8040AE002339E000BF0B
:10C1400093460020A0320020A43200207832002044
:10C15000703200206F46002020320020B004E80337
:10C160003D4600203C4600204646002081460020F7
:10C17000394600203A4600203B4600203346002046
:10C180008431002032460020314600203BA80300C5
:10C190004DB9030033A803008AA90300B2A9030024
:10C1A00074460020324612F80C1B414505D001337D
:10C1B00016460C9A9A42F5D100260E9A8AF81080FB
:10C1C000012101FA08F31A4211D000231F46109AE8
:10C1D0000E9D1A4402F0070201FA02F0054203D054
:10C1E000904505D00137FFB20133082BEFD1FF276F
:10C1F000119B8AF81870002B7ED0814B13F8083001
:10C20000002B79D07F4816F0A5F97F4B054608EB47
:10C2100088001844894616F09DF9451B61EB090119
:10C220000523A5FB035901F0FF0115F51C3503FBA0
:10C23000019949F1000900234FF49C222846494600
:10C24000F0F71CFD714BAB424FF0040373EB090395
:10C2500052D380B26E4B208653F82800F0F792F943
:10C2600061A3D3E90023F0F7F7F961A3D3E9002331
:10C27000F0F7F2F9674B0022F0F7EEF95EA3D3E98D
:10C28000002380468946F0F777FC00283CD1624BBA
:10C29000002240464946F0F751FCC0BB0022002373
:10C2A00040464946F0F75EFC5C4B002238B34046FE
:10C2B0004946F0F71BF8F0F769FC00B2A4F8480013
:10C2C000A6B1337A8AF84030737A7BB173684FF63F
:10C2D000FE7293420AD8FF2F08D023849DF8B8310C
:10C2E000012202FA0BF213438DF8B8310BF1010B66
:10C2F00002340AF1010A1FE64FF6FF70AAE7404632
:10C300004946EFF7F1FFD6E747F6FF70D6E7444816
:10C31000D4E70B9B93F800A0BAF1070F59D8414B13
:10C3200041481968524616F019F9002851D00B9A65
:10C330000123527A03FA0AF34BEA030B12B10C9A67
:10C340001A430C923F2F0FD83849394B394A53F8CA
:10C350002A3020A8B8F1000F18BF0A463844C7F1A8
:10C36000400115F0BDF907443F2E0ED80B9B324912
:10C37000324A5B6830A8B8F1000F18BF0A46304453
:10C38000C6F1400115F0ACF90644272D0ED80B9BE1
:10C3900029492A4A1B7A16A8B8F1000F18BF0A4685
:10C3A0002844C5F1280115F09BF9054409F1010362
:10C3B000082B0CD8224A12F80A20032A9CBF2149D4
:10C3C0008A5C13A988BF502201F8092099464FF0D2
:10C3D00000080B9B0C3301340B9303E678233EE6F5
:10C3E00074233CE666233AE60000000030C10D40AD
:10C3F00063F4943B7E3224BF00000000C0FFDF40A6
:10C400003E4600206F46002047460020FF1FFBDF0E
:10C41000B0310020000070400000E0C00000E03FAC
:10C420000080FFFF783200208146002083BA03009D
:10C43000D031002080A9030086A9030085A903004C
:10C440007446002010B403002DE9F04FADF53D7D9A
:10C450001AF0EDFDAE4B1860AE4B1B78DBB22793A4
:10C46000AD4B00241C60AD4B1C60AD4B1C60AD4B54
:10C470001C70AD4B2022214634A81D781CF0EEFB29
:10C48000202221463CA81CF0E9FB2022214644A89A
:10C490001CF0E4FB202221464CA81CF0DFFB2022EC
:10C4A000214654A81CF0DAFBCDE92E4402F0BCFC76
:10C4B0006B1E072B209000F244849C4B9C481C6010
:10C4C000282221461C711CF0C9FB9A4820222146D3
:10C4D0001CF0C4FB984B1C70984B1C605C60984B24
:10C4E0001D70984B1C70984B1C7002F09DFC01282D
:10C4F00040F0CD80954B1B6813F0070840F0C780D3
:10C50000DB08B3FBF5F205FB1233914AD35C072B32
:10C5100002D8013303F007088E4BDFF834B283F8FA
:10C5200000804FF000095A46CDF86890012112F8BA
:10C53000013B072B9EBF01FA03F349EA03035FFAAD
:10C5400083F91A9B5F1CFFB2BD4240F0A280824B70
:10C5500083F80090002D00F09E804FF47A7305FB65
:10C5600003336FF4A77423441D93002002F0D0FE20
:10C5700016F01BF8002002F06BFF02F03DFF774A37
:10C5800000210F2016F040F916F0DEF800F57A369B
:10C59000340224F4FF7444F2340324F00104E41858
:10C5A0004FEA166A4AF1000A1AF041FD5A4B6C4AEA
:10C5B0001860CDE9024A6B4BCDF804801B786A49BC
:10C5C00000931288097869484B4615F090FC15F0E5
:10C5D000DEFF8046654815F0B1FC8246634815F0E1
:10C5E000B3FC1890614815F0BCFC02466048036833
:10C5F0002BB1A8EB030341F2873C634529D9544B87
:10C60000C0F80080D8790E9098790D9058790C90E8
:10C6100018790B90D8780A909878099058780890F3
:10C620001B780793D3B20693189B0295CDE9039329
:10C63000120A0223019342EA01624B4B05921B78D6
:10C64000474A48490093128809784A48534616F0E9
:10C6500026FE304616F0D9F944490022112015F083
:10C66000F9FF0646C8B100241BF8010B042102F0B3
:10C6700057FA1A9A2346934204F10104E4B2F3D123
:10C6800002F0AEFB01200DF53D7DBDE8F08FA04628
:10C6900042E71A974BE71D9567E7014601221120F3
:10C6A00002F004FD1AF0C3FC1C4B18601AF0BFFC2A
:10C6B0001B4B1860012002F073FE60B11BF8010BE8
:10C6C000042102F02DFA1A9A3346934206F101062C
:10C6D000F6B2F3D1D4E71AF0AAFC06461AF0A7FC8A
:10C6E000801BA22848D902F087FE802200210F205B
:10C6F00016F08AF800241BF8010B042102F010FA4E
:10C700001A9A2346934204F10104E4B2F3D1B7E745
:10C7100098310020384600209431002090310020CC
:10C720008C31002035460020783200206F460020F2
:10C7300047460020B0310020464600203E460020FB
:10C740003B4600203A460020394600207032002047
:10C75000814600203C4600203D460020F8FF27246B
:10C76000943D00209C4600202D4700209D4600203F
:10C77000A8310020F0A9030000210F2015F0C7FF09
:10C780000006ABD5002180220F2016F03DF801F005
:10C7900067FF4C4B18704C4815F0ADFF4B4B012216
:10C7A0001A701AF044FC4A490646002334A811F8CE
:10C7B000012BDDF868C040F822401A46944503F189
:10C7C0000103DBB2F3D10021F8220F2016F01CF890
:10C7D0001AF02DFC2490002016F02DF92A901AF062
:10C7E00026FC219015F0A8FF3949002334AC11F83C
:10C7F000012BDDF868C044F822001A46624503F1B7
:10C800000103DBB2F3D11D99324A0023C803490C5E
:10C81000F0F734FA0024CDE91E44082329901C9334
:10C820002294269418942394A2461B941AF0FFFB9A
:10C83000219BC01A299B984280F0B180279B0BB1A5
:10C840001AF0F5FB00210F2015F061FF224A1F901E
:10C850001042EBD00021102015F059FF1F9B1E90B5
:10C8600013F4804800F0358200F07F03002200F0CE
:10C870007F011A48239315F01DFF5CA815F041FFB6
:10C880005CA815F067FE2B9015F01DFF289013484B
:10C8900015F057FB1890114815F050FB239B26907C
:10C8A000092B88BF0D4B18988CBF5B7A002322930D
:10C8B00015F0FEFAA0B90AF101035FFA83FA01F05C
:10C8C000DBFFB3E7394600206F46002046460020D4
:10C8D0008146002040420F0000D02724AE460020B1
:10C8E000974B189A1988974815F055FB2590002802
:10C8F000E1D0189815F0DAFA07288046DBD82EAA7E
:10C90000125C002AD7D134AA52F82020002AD2D0B3
:10C910008D482DA915F02DFE8C4830A915F029FE63
:10C920003CAA2B9B42F8283044AA2D9842F82800B4
:10C930004CAA096842F8281054AA289B844942F856
:10C94000283008EB880201EB020C5C9888509DF8B7
:10C9500074218CF804207F4A012102F808107E4AD5
:10C9600042F82830209B8B4240F0AE8102F05CFA06
:10C97000884206D1794A1268510702D1259CCDF828
:10C9800070801B9B01212EAA0B44DBB21B9302F883
:10C99000081001F071FF1B9BBB42FFF447AF279BC0
:10C9A0000BB11AF044FB6E4A1378013313706D4BD0
:10C9B0001F706D4B6D4F01221A7015F0E8FD314666
:10C9C0008046386801F0EEFE694A2990116838689F
:10C9D00001F0E8FE674A25901168386801F0E2FE30
:10C9E000654A27901168386801F0DCFE634A289098
:10C9F0001168386801F0D6FE604A299B1168002949
:10CA000000F07281002E65D05D4A711AA1FB0212FE
:10CA1000C90B41EA4241249A002A5BD0219A002A9C
:10CA200058D0584F3A6822B1A8EB0202B2F57A7F8B
:10CA300050D30A22C7F80080CDE91622524A5789FE
:10CA4000159717891497D788139797781297527864
:10CA500011922A9A249F1092219AD21B484FA2FB2E
:10CA6000072CD20B42EA4C420F92219A921BA2FB56
:10CA7000072CD20B42EA4C420E92249A921BA2FB44
:10CA80000727CDE90A03D20B289B099342EA4742C4
:10CA9000279B0893CDE90C12259B07933B4B1B78F2
:10CAA00006931D9B05934FF47A724FF49663CDE97C
:10CAB0000332CDE90195364B364A1B780093274B5C
:10CAC0004FF4C0711B685CA814F00AFE32485CA9E0
:10CAD00016F0E5FB14B130A815F046FE02F08CFC10
:10CAE00015F055FD2D4A13681BB1C31AB3F57A7FB3
:10CAF00024D3229B10600C93269B0B93189B0A93C4
:10CB0000239B0595CDE908A31B9B254ACDE90693F8
:10CB10001D9B04931E9B03931F9B0293084B1B8832
:10CB200001931B4B1B7800930C4BA0211B685CA846
:10CB300014F0D6FD18485CA916F0B1FB002631E0D0
:10CB4000943D0020AE460020B8460020BC460020A0
:10CB5000474600203E460020B031002070320020C1
:10CB60002D4700207D4600207C4600209C3100207F
:10CB70009831002094310020903100208C31002029
:10CB800040420F00A03100207C32002035460020BA
:10CB90009C46002089AA03007BA00300A43100204A
:10CBA000DCAB03001BF8015B2EAB5B5D002B00F0E0
:10CBB000C3803CAB53F8257054AB53F825A034AB7D
:10CBC00053F82500381AEFF7DDFC4CABCDE918011E
:10CBD00053F8250044AB53F82530C01AEFF7D2FCC8
:10CBE000804650468946EFF7CDFC57A3D3E9002392
:10CBF000EFF732FD02460B4600205949EFF774FB70
:10CC000002460B4640464946EFF726FD02460B46D4
:10CC1000DDE91801EFF768FB524B0022EFF71CFD2E
:10CC20004BA3D3E90023EFF717FD4BA3D3E9002370
:10CC3000EFF712FD4C4B0022EFF70EFDEFF7A6FFCA
:10CC400020EAE0786CB11C9BAB420AD1209B012BFF
:10CC500052D130AB00931C9853463A46414602F0FD
:10CC6000F1F8DFF8089105EB850709EBC7074146A6
:10CC7000384601F077FF00284DD1384615F04FFCBB
:10CC80003A460121284601F01DFE282303FB0599A1
:10CC90003846D9F8149015F053FC4B4600904246A4
:10CCA0000221284601F034FF1A9A731CB242DBB20B
:10CCB00020D102F0A1FB15F078FC2D4B00221A6068
:10CCC0002C4B1B9A1A70DBE4209B022B7FF459AE8D
:10CCD00054E6294A41460F2015F096FD15F0D9FE7D
:10CCE000404615F0A8FEA1E5002E3FF4F3AE4FF04C
:10CCF000FF3190E61E4655E7209B022BB1D11C9BCD
:10CD0000082BAED030AB00931C9853463A464146B0
:10CD100001F0ECFDA5E7384615F0D3FB3A460021BB
:10CD20008146284601F0CEFD384615F009FC4B46F9
:10CD3000009042460121B4E70321284601F0F0FEAD
:10CD4000B2E720469FE400BF143BB1133BB103BEE2
:10CD5000FA48CE3B1835B13D0000001319DDB14152
:10CD60000000F03F0000E03F00408F40A432002070
:10CD7000743200203A46002000FF27240000000003
:10CD80002DE9F04F0446A7B0002800F09280836898
:10CD9000002B00F08E80C368013B072B00F28980D6
:10CDA000884B8078187015F07DF8874BDFF81CB23F
:10CDB000874A1880E368CBF8003000231360854A67
:10CDC000854D1360854A1360854A01211170854A9B
:10CDD0001370854A1360854A1360854A1360854A3B
:10CDE0001370854A1380854A04F1400713800FCFE2
:10CDF0002E460FC697E803002B7886E8030023B180
:10CE00002B7D13B9C5E903336B757D4B7D48DFF886
:10CE1000F8817E4E00271F707D4B1F607D4B2C22BA
:10CE200039461F601BF01AFF01F008FB01F0FEFA03
:10CE300076484FF4A07239461BF010FFE3689F421A
:10CE40002DD3237F002B71D0A36A1793236B1893E4
:10CE5000E36A1A93636B1B936F4BD4F820E0D4F80A
:10CE600024C0CDF858E093E807001CAE86E8070020
:10CE700003F10C0207CA1FAE183386E8070093E8D7
:10CE8000070022AF87E80700CDF864C0BEF1000FAD
:10CE900002D0BCF1040F22D06048614607E0A368CD
:10CEA00013F80790B9F1070F0BD95D48494616F002
:10CEB000F6F95C4816F0F3F94FF0FF3027B0BDE803
:10CEC000F08F08F8019B484614F0E8FF09EB890948
:10CED000014606EBC90015F0EAFA0137AEE719ABD7
:10CEE000129310974FF0000A129B53F8049B129371
:10CEF000109B53F8042B109391452CD8DBF800308D
:10CF000014930027B9452CD10AF1010ABAF1030F95
:10CF1000EAD1344B01221A70364B94F838201A703B
:10CF2000354B628F1A80354BA28F1A802A480378BE
:10CF3000002B00F0858082784178C38800892AB16F
:10CF40008A4203D913B108B1834279D2009036489E
:10CF500016F0A5F9ADE735485246494616F09FF957
:10CF6000A7E716AB53F82A2012F80780B8F1070F8D
:10CF700017D814992448424615F0F0FA88B11A4B94
:10CF80002B48196815F0EAFA58B9184B294819685E
:10CF900015F0E4FA28B9164B2748196815F0DEFA9F
:10CFA00018B1264852464146D8E756F82A101CAB1D
:10CFB0000A6853F82A00531C0B60013700F80280FE
:10CFC000A0E700BF9C460020943D0020A032002036
:10CFD00070320020783200207C3200207432002031
:10CFE00080460020924600209C320020983200208B
:10CFF0009432002089460020923D0020903D002080
:10D000007E4600204432002093460020A4320020B7
:10D01000F4310020F031002080910300D2AC0300F5
:10D02000B2AC0300C7AD030058AD030000AD030070
:10D030008E4600208C4600208A46002030AD03003A
:10D04000BE4E23883380A378B370E378F3702379DE
:10D05000BB4C3371A44600237371B371C6F807301B
:10D06000BCE80F0006F10C070FC79CE80300B54AA7
:10D07000DBF80030128887E80300B349B348097829
:10D0800016F00DF9F27821786078A778B4F806C028
:10D090002489012A00F04C81AD4BAE4E022A18BF04
:10D0A00033466A7D0B922A7D0491CDE9093204232F
:10D0B00006220125CDE902324FF4E1660022CDE9D6
:10D0C00007C4CDE900651146CDE905078C23A248C8
:10D0D000DFF888B216F0E3F8A14BA24A1B8803934D
:10D0E000A14BA2491B880293A14BA2481B78019334
:10D0F000A14B1B680093A14B12681B68097816F0BE
:10D10000CEF800240D2302222946CDE90255CDE9AF
:10D1100000439B48234616F0C2F89A48214616F071
:10D12000BEF88C234FF48271B4224FF4AF70CDE976
:10D130000D31CDE90B200A936422FA23CDE90823AF
:10D14000DC22CDE905622325C8224FF47A762146F8
:10D15000CDE901268C48009319222346CDE90345E9
:10D16000079416F09CF8894816F099F801F0C0F879
:10D17000874801F0C9FF9BF80010002940F0DA80D1
:10D180001E2015F0C4FA0B2181462A2015F00BFB56
:10D1900002218246284615F0DBFA04467D4815F048
:10D1A0003EFB012200212F2015F00AFB0221232043
:10D1B00015F0CEFA20F00102022192B2232015F0E0
:10D1C0000CFB9BF8001000294FD11E2015F09FFA90
:10D1D0000B2115902A2015F0E6FA02211490232045
:10D1E00015F0B6FA102110902F2015F0B1FA122187
:10D1F00005462F2015F0ACFA0A2106462F2015F01F
:10D20000A7FA082107462F2015F0A2FA162180461A
:10D210002F2015F09DFA1290012015F04FFCC0F35D
:10D22000072000F0A1FB1BF0C1FC1299109B159A7E
:10D23000C1F30B01CDE901430891149B0093C8F39E
:10D240000B0140B2C7F30B07C6F30B06C5F30B0582
:10D250000791039053465048069705960495494612
:10D2600016F01DF801238BF800304DF6CA6015F05A
:10D27000E4FA344B324C1888484E15F0E3FA082093
:10D2800001F022FF44F2340015F0B3FA44F2340006
:10D2900015F0B5FA012002F04DF88C2015F00FFBC7
:10D2A0004FF4E16002F0D4F8002015F0EDFB00210E
:10D2B0003B4A0F2015F0A8FA3A4B012220461A707B
:10D2C00014F09BFF384B18600023029323890193CD
:10D2D000E38800936278A3780146344815F0DFFFB5
:10D2E00001F08EFB324B1968324B1C6801F0D2FA08
:10D2F000314B01901B780093304B31481B7822460C
:10D3000015F0CDFF2F4815F0CAFF03F03BFF824612
:10D3100000285DD000222C48114601F061FA00205F
:10D3200003F02AFF02F068F8142015F04BF9ECE73F
:10D33000264BB6E6A246A14630E700BF20320020C9
:10D340007C320020943D00209C4600208CAD0300E0
:10D3500092A80300A2A80300F0AD03003446002009
:10D36000903D00209C320020923D002092460020FB
:10D3700089460020CAAE0300943200209832002073
:10D3800042AF0300BBAF0300E2AF0300E3B0030012
:10D390008C0C00206C0900200DB1030074320020B9
:10D3A000F8FF27249B460020F43100209AB10300A7
:10D3B00078320020703200207F4600208046002016
:10D3C000F8B103004FB2030073B2030099A8030041
:10D3D00001F036FCA54B1B79032B03D1A448524620
:10D3E00051469AE7336833B9A24C2368012B35D8EC
:10D3F0002068012840D803249F480122214614F0C8
:10D40000EAFE002848D03368002B7CD0012003F0CE
:10D41000B3FE3368994ADFF868B2D45C204614F052
:10D420003DFD984B9BF800101B88024680469648AD
:10D4300014F046FD01F0E0FF944A00210F2015F0A2
:10D44000E3F9914900220D2015F004F90146002866
:10D4500000F096808E4815F022FF56E7864814F0BB
:10D4600066FF8C4B1860FEF7EFFF00287FF44DAF8E
:10D470003368002BBCD0BEE715F0B7F84FF47A73D1
:10D4800000F2E734B4FBF3F47B4B1B78002BB3D0F2
:10D4900001F096FB8442B6D9774D284614F061FE20
:10D4A0000422014604467C4801F09AF915F06FF811
:10D4B0007A4A1368C31AB3F57A7F10D3106001F06B
:10D4C000E9F96B7D0393AB7802936B78CDE9004368
:10D4D000684B32681B680146714815F0E0FE714ADE
:10D4E00013680133136001F059FB01F0F7F9FEF7FF
:10D4F000D7FC01F0A5FB604814F0C8FE6A4B186029
:10D5000001F07EFA01E75B4F3B68012B7FF67EAFAF
:10D51000594D2B7833B3284614F023FE386815F0A4
:10D5200064F84FF47A7300F2E734B4FBF3F401F0DB
:10D5300047FB844201460DD95C48224601F050F970
:10D5400001F05AFF01F02AFB284614F09FFE564BCB
:10D550001860DAE63368002B7FF458AF3B68012B84
:10D560007FF654AF444814F0FCFD002201465048B9
:10D5700001F036F9FEF768FF00283FF447AFC4E634
:10D580000D20012201F092FD022001F009FF28B1D7
:10D59000484815F084FE01F02FFFB6E619F047FD6C
:10D5A0003268454B0AB11A7822B900221A70434AF0
:10D5B000012111701A78424DFF2A1CBF01321A70E6
:10D5C00000210F2015F0A3F828420746F8D0DFF815
:10D5D000D4903268D9F80030134303D1014639485A
:10D5E00015F05DFE9BF80020374B013204EB8405FB
:10D5F0008BF8002017F4804B03EBC50500F0518138
:10D600004FF4804200210F2015F0FEF80021102079
:10D6100015F07DF82D4F83467F22002138461BF000
:10D620001DFB00220BF07F01384615F043F8002364
:10D63000BB70144B42461988384614F0ACFC804647
:10D64000002847D1D9F80030326813437FF45DAE2B
:10D65000384614F076FC0446384614F06FFC7B7AAA
:10D66000024621461A4815F01AFE4EE620320020E6
:10D670007EB20300783200207C32002081460020F8
:10D680002D470020943D00209D460020F8FF2724D0
:10D6900001B303009C31002083B20300F03100206D
:10D6A0008EB2030070320020F4310020EAB2030091
:10D6B000F7B2030023B303007D4600207C46002020
:10D6C00000D027243EB30300A4320020AE46002041
:10D6D0006CB3030015F030F8814615F031F80746B9
:10D6E00014F0F1FF834601F09FFB012840F0B08069
:10D6F00022A815F039F8C2465846EEF743FF82A338
:10D70000D3E90023EEF7A8FF02460B4684481CA984
:10D71000CDE9122314F02DFF82481FA914F029FF30
:10D72000A7EB0900EEF72EFFCDE910011C991F9819
:10D73000401AEEF727FFDDE91223804689460020D4
:10D740007949EEF7D1FD02460B4640464946EEF7D1
:10D7500083FF02460B46DDE91001EEF7C5FD734B72
:10D760000022EEF779FF6AA3D3E90023EEF774FFF6
:10D7700069A3D3E90023EEF76FFF6D4B0022EEF7AC
:10D780006BFFEFF703FA20EAE078BAF1000F42D01E
:10D7900001F04AFB012807D122AB00933A465B46D1
:10D7A0004146204601F04EFB01F03EFB022832D1FB
:10D7B000072C30D85F4B604AD3F800C05F4B6049FC
:10D7C000187810B1106860451AD0C2F800C0012264
:10D7D0001A7008230B705B4B1A68E2B15A48DFF8E5
:10D7E0006CE10378B3FBF2FC02FB1C3C01331EF836
:10D7F0000CC081F800C0B3FBF2FC02FB1C330370C9
:10D800000B78A34207D122AB00933A465B464146D0
:10D81000204601F06BF84146284601F0A3F9E8B92B
:10D82000284614F07CFE2A460121204601F04AF8E1
:10D83000474B282202FB043328465F6914F080FE20
:10D840003B46009042460221204601F061F95CE52A
:10D8500001F0EAFA02283FF44BAF4DE7284614F0F6
:10D8600030FE2A4600210746204601F02BF82846C4
:10D8700014F066FE3B46009042462046012101F02E
:10D8800047F9344814F05DFB334A336812680133BA
:10D89000B3FBF2F102FB11333360002B7FF435ADA3
:10D8A0001DE617F4081F284614BF4FF0030A4FF077
:10D8B000040A14F034FE02212A46204601F002F840
:10D8C000234B282202FB043328465B69109314F093
:10D8D00037FE109B00905A465146204601F018F939
:10D8E000D9F800303268134305D11C483B46424604
:10D8F000214615F0D4FC1A4A00210F2014F084FFB1
:10D9000015F0C7F8C0E700BF143BB1133BB103BE2D
:10D91000FA48CE3B1835B13D0000001319DDB14186
:10D92000B8460020BC4600200000F03F0000E03F69
:10D9300000408F4070320020AC310020364600207D
:10D94000AC0C0020A0320020374600209346002077
:10D95000A4320020AE46002078320020BEB303007F
:10D96000009027240000000008B50B4B1B685B7A71
:10D97000C01AEEF707FE06A3D3E90023EEF76CFE0C
:10D98000064B0022EEF7B2FCEFF728F908BD00BF06
:10D990003D0AD7A3703DF23F7409002000003740D4
:10D9A0000A4B1B7883B10A4B1A691268002AB8BF68
:10D9B00080F0010028B19B68DB6805484FF000410A
:10D9C00018479B681B69F8E7704700BFCE3D0020F1
:10D9D000748D03002DE9F043BBB05822002124A828
:10D9E0001BF03CF9A14B269308232793A04B2C93C3
:10D9F0000423A04A2D93A04B2E930223CDE930237C
:10DA00002F930A230122ADF8CA3064218DF8D23059
:10DA1000ADF8D63009238DF8C820ADF8CC108DF8BC
:10DA2000D020ADF8D83018F013FD58B918F02CFDFF
:10DA300004460146914815F032FC1CB1904821463D
:10DA400015F02DFC8F4C20461AF0EAFA80B98E486A
:10DA500015F025FC00F064FB00F032FD0446F0B147
:10DA600001468A4815F01BFC20463BB0BDE8F08318
:10DA70002269A168136843F0004313600B68844A6D
:10DA80001F2120469847014618B1824815F007FC2F
:10DA9000E0E7814B01221A70FFF782FFDAE703F01B
:10DAA00077FB014610B17D4815F0F9FB02F04AFB07
:10DAB000ADF8900002F052FB8DF892001BA802F026
:10DAC00085FB18B3BDF86C300BB1ADF890309DF804
:10DAD00070308DF8943000238DF895308DF8A0309B
:10DAE0002A939DF87A30BDF86E20ADF892206BB184
:10DAF000BDF87E3053B1BDF880303BB11EAD0FCDC7
:10DB000034AC0FC495E8030084E803009DF8D030DE
:10DB10004BB39DF8D22032B39DF8E53003939DF8C6
:10DB2000E43002939DF893300193BDF8D830009310
:10DB30009DF8D110BDF8D630594815F0B0FB5948C2
:10DB400015F0ADFB002140F6CD4012F05DFF00F076
:10DB5000C3F8044658B10146534815F0A0FB002015
:10DB6000FFF71EFF80E7514815F099FBE7E75048A3
:10DB700015F095FB4F49504815F091FB9DF8942006
:10DB80004E494F4B0E94032A18BF0B464FF4827533
:10DB90008C21CDE917154FF4AF76B425CDE9155694
:10DBA000DC2511954FF4E165109523250F95254649
:10DBB0004FF47A74642614910D94FA21C824CDE9A7
:10DBC0001261CDE90B1419219DF8D2C0BDF8D6E041
:10DBD0009DF8D170BDF8D8809DF89390099139498E
:10DBE0009DF8D0000090CDE9017CCDE903E8CDE9B6
:10DBF0000721CDE9059334480A9508239DF8922022
:10DC0000BDF8901015F04BFB01240A23CDE90D431C
:10DC10000322022304210520CDE90F6507270626EC
:10DC2000CDE90936CDE90710CDE90110CDE90B2783
:10DC30002946CDE9055425480092CDE903672246DF
:10DC400015F02DFB224815F02AFB2046FFF7A8FE11
:10DC500024A8FFF795F8044600283FF405AF0146D5
:10DC60001C4815F01CFB28467AE700BFCEA2030033
:10DC7000CAA20300C6A20300C8A20300B79E030005
:10DC8000CE9E0300748D0300F69E0300369F0300B2
:10DC900001000A00139F0300CE3D0020599F03009E
:10DCA0008C9F030007A0030021A00300E59F030051
:10DCB0003DA0030053A0030066A00300B4BD030011
:10DCC000B29E0300F1A103007FA00300F5A10300B1
:10DCD0007AA203009CA2030013B5002323480193FA
:10DCE00015F0DDFA00F08CF8044630B1014620480A
:10DCF00015F0D5FA204602B010BD00F0E5F8044654
:10DD000010B101461B48F3E701A800F00DF90446E5
:10DD100010B101461848EBE70199184815F0BFFA11
:10DD2000174B019A9A4205D0164815F0B8FA6FF0D1
:10DD30000404DFE7144815F0B2FA00F00FF90446C6
:10DD400010B101461148D3E7012001F0CBFB0130AF
:10DD500001D10F48E9E700F00BF9044610B1014684
:10DD60000C48C5E70C4815F09AFAC3E7D6A20300A1
:10DD7000F4A203000EA303002CA303004DA3030091
:10DD80003001CADE64A3030096A30300ADA3030021
:10DD9000CFA30300E6A3030008A4030030B5134B90
:10DDA000134A89B0CDE90030CDE90420012304AA4B
:10DDB000B0F5806FCDE906230546CDF808D0039372
:10DDC00011D80C4B19680C48836802AA1C6806AB72
:10DDD000A047044620B101462A46084815F05FFADC
:10DDE000204609B030BD6FF00B04F9E7CF410020A9
:10DDF000CF3D002038090020EC8D03001BA4030058
:10DE000010B5204815F04BFA1F481AF009F930B93F
:10DE10001E4815F044FA6FF01204204610BD1C484D
:10DE20001AF0FEF808B91B48F3E719481AF0F8F899
:10DE30000028F8D0184B194A1A60194A194911607C
:10DE4000194A1A4813604FF4803113F0B0FF0446AA
:10DE500020B10146164815F022FADEE7154815F004
:10DE60001EFA15484FF4B01113F0A1FF044610B18B
:10DE700001461248EFE7124815F011FA114815F063
:10DE80000EFACAE73FA40300EC8D030055A403007B
:10DE9000748D030077A403005009002080841E00C5
:10DEA0003C09002000127A0038090020E8930300A2
:10DEB00096A40300BEA40300F0930300DDA40300B6
:10DEC00007A5030028A5030010B5124815F0E7F9CF
:10DED00011484FF4D01113F06AFF044628B10146EF
:10DEE0000E4815F0DCF9204610BD022013F07EFF2D
:10DEF00009484FF4B01113F05AFF044610B101461F
:10DF00000748EEE7052013F071FF064815F0C7F942
:10DF1000E9E700BF3DA50300F093030057A5030008
:10DF20007CA50300A3A5030038B5044670B1094AD7
:10DF3000094D00230520136013712B602B71FFF72F
:10DF40002DFF10B9D5F80130236038BD6FF01500F2
:10DF5000FBE700BFCF410020CF3D0020024B034A2A
:10DF60001A600020704700BF3809002050090020C7
:10DF7000024B034A1A600020704700BF3809002096
:10DF80003C0900202DE9F843054614461F46861833
:10DF9000884641B302B133B3B6F5806F26D8DFF8B7
:10DFA00054903246002148461AF058FE324600216D
:10DFB00011481AF053FE2A46414648461AF026FEFA
:10DFC0002CB12246394609EB05001AF01FFE13F06A
:10DFD00020FF04463046FFF7E1FE84F31188BFF3CB
:10DFE0006F8FBDE8F8836FF01500FAE76FF00B0054
:10DFF000F7E700BFCF410020CF3D00202DE9F843D7
:10E00000064615461F468418884659B302B14BB3DD
:10E01000B4F5806F29D8DFF85890164822460021C1
:10E020001AF01CFE2246002148461AF017FE41460F
:10E03000324610481AF0EAFD13F0EBFE8046204607
:10E04000FFF7ACFE044688F31188BFF36F8F30B939
:10E050002DB12A4609EB060138461AF0D7FD2046B5
:10E06000BDE8F8836FF01504F9E76FF00B04F6E7ED
:10E07000CF3D0020CF410020F0B5A3B00D4616469D
:10E08000194901AA1F4615F010FE48B3019C3CBB7C
:10E09000802D03D06FF0150023B0F0BD2A4602A9F1
:10E0A0003846B0470028F7DB8028F3D102A9234681
:10E0B0000A78D8B28242EDD148784132D2B2904249
:10E0C000E8D10133082B01F11001F1D1802207487A
:10E0D00002A91AF09BFD064B01221A700020DBE713
:10E0E0006FF00100D8E700BF73A60300C83000201E
:10E0F000CF450020064A1278034632B1054A12780D
:10E100001AB105490548802218470020704700BF12
:10E11000D0450020CF450020C830002073A6030062
:10E1200038B5144C25781DBB1349144880221AF0C9
:10E130006DFD01232370124C257004F03FFE014653
:10E1400070B1104815F0ABF821780F4B0F4A10480A
:10E1500000290CBF11461946BDE8384015F09FB89C
:10E160000C4804F017FD01460028EDD00A48E9E705
:10E1700038BD00BFD0450020F8930300C830002010
:10E18000CF450020CEA50300BCA50300C5A5030014
:10E190004CA6030006A6030014A6030008B5FFF76B
:10E1A000BFFF014B187808BDCF450020F8B50446E5
:10E1B0000F4616461D46FFF7B3FF072C0BD8074B3B
:10E1C000220103EB04109C544134C0E901764470F1
:10E1D000C5600020F8BD6FF01500FBE7C8300020D7
:10E1E00010B5FFF79DFF09490948802204F098FC0B
:10E1F000044640B9074B084801221A70082115F05F
:10E200004EF8204610BD01460448F8E7C83000200B
:10E2100065A60300CF4500207BA60300A9A6030046
:10E2200008B5FFF77DFF8022054906481AF0EEFC8D
:10E23000054B00221A70BDE80840FFF7D1BF00BFB0
:10E24000F8930300C8300020CF45002010B50446E5
:10E25000FFF766FF072C96BF0248002000EB041072
:10E2600010BD00BFC83000201FB5094C8DF800005C
:10E2700002238DF8011002938DF80C302068A388DA
:10E28000CDF804D0012201A913F0DFFD04B010BDC8
:10E29000640900202DE9F04188B00F238DF8073084
:10E2A000DFF848800DF10703029301270723CDE92A
:10E2B000051700248DF81C30054603460E46D8F895
:10E2C00000000397022202A98DF8104013F0BDFD53
:10E2D000A04208DB3378332B05D1A8F80450384628
:10E2E00008B0BDE8F0812046FAE700BF64090020CD
:10E2F0002DE9F043414D89B0002428688DF806408F
:10E3000019F08EFE2B68196840B93D4814F0C7FF1C
:10E310004FF0FF34204609B0BDE8F0833948DFF8FC
:10E32000E89014F0BCFF08270DF10706A046022371
:10E330008DF810302868BBB2012202A9CDE902682D
:10E3400013F083FD28B93946484614F0A8FF01347C
:10E35000E4B20137782FEAD114B92C4814F09FFFAA
:10E360002B480DF1060414F09AFF21461920FFF7FF
:10E3700091FF40B921461820FFF78CFF18B92548B6
:10E3800014F08DFFC4E70F238DF8073007230296A2
:10E3900001278DF81C302868AB88039700260222DD
:10E3A00002A9CDE905478DF8106013F04EFD041E5B
:10E3B00004DA1948214614F072FFABE757212020F8
:10E3C000FFF752FF041E02DA14482146F3E78821C2
:10E3D0002320FFF749FF041E02DA11482146EAE72D
:10E3E000104B9DF806201F80C3E90166DE60A988F6
:10E3F0000D48642314F053FF34468BE76409002072
:10E40000D1A60300F2A603000DA7030015A7030081
:10E41000B2C303001CA703004AA703006EA70300B2
:10E420008FA7030048310020B0A703000248A022B4
:10E4300000211AF013BC00BF581C0020024818220B
:10E4400000211AF00BBC00BFF81C00202DE9F041A0
:10E450000E46054690B189B10A4F002457F8341092
:10E46000284607EBC4081AF0EDFA20B9D8F80430B2
:10E470003360BDE8F0810134052CEFD16FF0150059
:10E48000F7E700BF7894030008B50B7813B1012BB0
:10E490000BD008BD064813F0ADFD064813F0A7FDEC
:10E4A0000548BDE8084011F031BD0448F3E700BF5E
:10E4B0006C31002078310020A00D00206031002058
:10E4C00010B513F082FD4FF0A042134BD2F868173D
:10E4D0000B4043F00303C2F8683713F076FD0F4C8E
:10E4E000204619F09DFD88B1A3681B688BB12046BA
:10E4F0000B4900229847044630B90A48012113F01D
:10E500006BFD094813F068FD204610BD6FF0120442
:10E51000FAE76FF05704F7E7F0F8FCFFB08D03005F
:10E5200089E401007C31002080310020F8B50146EB
:10E5300000287CD03F4813F05DFD3F4813F03FFDBD
:10E5400050B93E4813F056FD6FF06D013C4813F092
:10E5500043FD0C462046F8BD3A4813F030FD002834
:10E56000EFD0BFF35B8F384B012253E8000F002838
:10E5700003D143E80024002CF7D1BFF35B8F05D013
:10E580002E4813F037FD6FF00F01DFE7EFF3118531
:10E59000402383F31288BFF36F8F2C4CB523237075
:10E5A0009C2363705A220223201DA370E27041F263
:10E5B00021061AF02BFB4FF6FF730021204614F8BA
:10E5C000012B83EA022308221FB25B00002F9BB2BB
:10E5D00002F1FF32B8BF734012F0FF02F4D10131F3
:10E5E0005E29ECD1A0F85E3085F31188BFF36F8F00
:10E5F000174811F0D5FC17481449836860225C68FD
:10E600004FF0FF33A047044668B10F4813F0EFFC0A
:10E61000114813F0EFFC2146094813F0DDFC0C48CB
:10E6200011F074FC96E70D4813F0E4FC92E76FF0EC
:10E6300015048FE7743100208031002068310020FC
:10E64000583100207C31002078310020D145002055
:10E65000A00D0020B08D0300643100207031002037
:10E6600008B50E4813F0ABFC18B913F0AEFC00204F
:10E6700008BD0B4813F0A3FC0028F6D04FF0A043D0
:10E680004FF08062C3F808250A2019F0C4FC054841
:10E6900013F09BFC13F0AEFC0120E9E78031002071
:10E6A0007C3100205C31002008B5154813F09FFC38
:10E6B000144813F08AFC13F082FCF8B1124813F0EE
:10E6C0007EFCD8B1114883689B689847014638B1F1
:10E6D00010F10E0F04D00E4813F07EFC084608BD62
:10E6E000094813F06CFC48B10A484FF42472002327
:10E6F00011F030FC10B16FF07301ECE70021EDE791
:10E700007C3100208031002078310020B08D030062
:10E7100058310020A00D002008B5064813F055FC24
:10E7200013F04DFC28B1BDE808400348012113F067
:10E7300053BC08BD803100207C31002008B5034661
:10E74000F8B1104813F03BFC18600F4813F037FC89
:10E7500058600E4813F033FC98600D4813F02FFCFE
:10E76000D8600C4813F02BFC18610B4813F027FC01
:10E7700058610A4813F023FC9861094813F01FFC04
:10E78000D86108BD74310020703100206C31002048
:10E790006831002064310020603100205C310020AD
:10E7A0005831002040B139B1054B091AA1FB0313C0
:10E7B000C80B40EA434070474FF0FF30704700BF3E
:10E7C00040420F00044B05484FF0FF321A605A6078
:10E7D000002120221AF042BA74460020D0310020D5
:10E7E00070B5BCB0164604460D4613F0D0FE194A6B
:10E7F000136841F28731C31A8B4228D9164B106037
:10E800001B680B93154B1B680A93154B1B680795E8
:10E81000CDE90863134B1A8906929A8805929A7873
:10E8200004925A7803921B780F4ACDE901430F4BAB
:10E830001B7900930E4BC0211B680CA812F050FFEF
:10E840000CA802F05FFD0B480CA914F028FD3CB0A9
:10E8500070BD00BF88310020F431002078320020E4
:10E86000743200207C32002003A8030020320020F4
:10E87000703200207BA0030008B50F20044A00215D
:10E8800013F0C2FFBDE80840002014F0D4B800BF68
:10E8900000FF2724064B1B783BB9064B06481A7825
:10E8A000064B002A18BF184670470548704700BF3E
:10E8B0007F460020804600203BA803004DB903009E
:10E8C00033A803000346072B104604D8024AD1544C
:10E8D00008B113F035BE704774460020024B1B7818
:10E8E0000BB118F0A4BB70477C4600202DE9F04F17
:10E8F000BBB00646449C3C4FDFF8F0A0DFF8F08048
:10E900004FF47E600690A088059060890490E588A9
:10E91000608828442589284480B20390E0890092C9
:10E92000CDE9013032460B463248396814F0B7FC65
:10E930000025A946C5F57E64A4B2302C28BF30243A
:10E9400004F1010B5A46002109A81AF087F92A465A
:10E950001FFA8BF109A814F029F8CDE901540096AB
:10E960003B689021524616A812F0BAFE811C8F29EE
:10E9700003461DD816A8184409AA0B46002112F810
:10E9800001CF01314FEA1C1E0CF00F0C89B218F8B0
:10E990000EE018F80CC080F800E08C4280F801C04E
:10E9A00006D003F1020CBCF18F0F00F1020019D95F
:10E9B0008F2B28BF8F23E8336B442C440E4803F879
:10E9C000909C16A9A5B214F06AFCB5F57E6FB1D380
:10E9D00039680A484FF47E63324614F060FC3BB05D
:10E9E000BDE8F08F6346CAE7703200206BA80300D1
:10E9F00014B4030041A803007BA0030080A8030017
:10EA00002DE9F0433A4B1F683A4B1C7885B0B4B9F6
:10EA1000DFF8E480DFF8E49047442546474524D1F9
:10EA2000A5424FF00003354E28461A4638BF20460F
:10EA300002AF984240D0082A37D108223CE03A463B
:10EA40002D492E481AF0E2F82D4B01221A702D4A5A
:10EA5000002313702C4A17602C4A136013F097FDA3
:10EA600005B0BDE8F043FFF7ADBE18F8016B00211B
:10EA70003246484613F072FD0028CFD1304613F0DD
:10EA8000D9F930B105F110036B44013503F8106C6E
:10EA9000C4E7304613F0D3F90028BFD004F11003C7
:10EAA0006B44013403F8086CB8E79D420DD89C42D2
:10EAB0001BD801339842F8D1114B0121197011492B
:10EAC00000230B7010490A60C6E71DF803C006F862
:10EAD00002C09C4202F1010104D90829ADD0DA5DDF
:10EAE0007254013101330A46A3E71146F7E700BF2C
:10EAF000A03200209246002093460020814600204C
:10EB0000804600207F4600207832002074320020AA
:10EB100007289CBF014B43F820207047D0310020CC
:10EB2000F7B50F4E00EB800506EBC50504462846F9
:10EB30000F4613F0F4FC2A4602212046FFF7C2FEDE
:10EB4000282303FB04662846766913F0F9FC334654
:10EB50000090002239462046FFF7DAFF03B0F0BDEF
:10EB6000A4320020034690B191B190F8260088B1FC
:10EB700093F82420022A0ED95869074B81428CBF92
:10EB8000081A401A98428CBF002001207047704735
:10EB90000846704701207047C0D4010008B5002026
:10EBA00002F0EAFA054803783BB113F0DAFA20B133
:10EBB000BDE80840013013F005BD08BD7C320020DF
:10EBC00038B51E4C204613F078FA002833D0E3887D
:10EBD0008BB3A3787BB3237D2BBBA378E5885D4300
:10EBE00027D0164813F09AFAB0FBF5F303FB150192
:10EBF000A578E388B1FBF3F2D2B2AA4219D2A08879
:10EC000028B96478A54214D90120A04080B201241B
:10EC1000944020420DD05A4391420AD39818814221
:10EC200007D2401A06E013F0B2FC2369C01A00288C
:10EC3000D3DA002038BD4FF0FF30FBE77C320020F4
:10EC40002DE9F04FDFF8509199F8003087B0002B94
:10EC500000F08980DFF844C1514FBCF80420BB8824
:10EC6000504C9A4240F082809CF82120637D9A4269
:10EC70007CD1DCF80C302268534023F07F4323F032
:10EC8000FF03002B72D1BCF81220E3889A426DD1A9
:10EC9000BCF814802389B8EB030818BF4FF00108B3
:10ECA0003E4E3F4D0FCE0FC50FCE0FC533682B60C4
:10ECB0003D4E3E4B9CF802003588187013F0F2F878
:10ECC0003B4A3080127842B1854206D013F0BAFD3B
:10ECD00032883848294614F0E2FA374E314D0FCECB
:10ECE0000FC596E80300002685E803007E71BE711B
:10ECF000C7F80760B8F1000F15D0FFF79FFBFFF7CB
:10ED000095FBDFF8B880DFF8B8B0DFF8B8A0DBF823
:10ED100000309E422DD3637D0093A37862783979C9
:10ED2000294814F0BCFA294A0023136089F80030FE
:10ED3000FFF766FEFD78B9786278A378E688B4F8C4
:10ED400008C0B4F80AE0012D23D02148214F022D3C
:10ED500018BF3846647D0096CDE90304CDE901CEA5
:10ED60001D4814F09CFA07B0BDE8F08F4FF0010881
:10ED700096E718F8015B072D09D8284613F08EF89E
:10ED800005EB850501460AEBC50013F090FB013643
:10ED9000BDE71248DEE700BF7E460020FC310020C0
:10EDA000203200207C320020943D00209C46002030
:10EDB0009B460020A8A803000832002093460020AC
:10EDC000A0320020A4320020D5A803007432002015
:10EDD00092A80300A2A803000CA9030099A80300AD
:10EDE00008B5074A136801331360FFF777FDFDF795
:10EDF00057F8FFF725FFBDE80840FFF701BE00BF49
:10EE0000703200200128024605D0044B0448022A33
:10EE100008BF184670470348704700BF4DB903004C
:10EE2000BBA9030053B90300054BBFF35B8F186800
:10EE3000BFF35B8F431E022B28BF0020C0B2704778
:10EE4000F831002070B5BCB00546409C1E46FFF767
:10EE5000EBFF012821D123880B93A3880A93A38970
:10EE600009936389089323890793E388069363884A
:10EE70000593E3890095CDE90112CDE90363084BC1
:10EE8000084A1B68C0210CA812F02AFC06480CA9ED
:10EE900014F005FA0CA802F035FA3CB070BD00BFC2
:10EEA00070320020BFA903007BA00300431E012B8A
:10EEB000074BBFF35B8F88BF002053E8002F43E868
:10EEC00000010029F9D1BFF35B8F0020704700BF1C
:10EED000F831002038B50C460546002841D00029FD
:10EEE0003FD02149042219F0C5FD00B904351F495E
:10EEF000284619F0A7FD48B11D49284619F0A2FD82
:10EF000020B11C49284619F09DFD30B92070002021
:10EF100038BD0120FAE70220F8E71749284619F022
:10EF200091FD0028F5D01549284619F08BFD0028E1
:10EF3000EFD01349284619F085FD0028E9D0114982
:10EF4000284619F07FFD0028E5D00F49284619F022
:10EF500079FD0028DFD00D49284619F073FD0028FF
:10EF6000D9D06FF01500D3E77DAC030085D3030043
:10EF7000BBA9030082AC0300ABD5030053B9030067
:10EF800087AC0300AFD503004DB90300F1A1030026
:10EF9000044B05491870054B002818BF1946044852
:10EFA00014F07DB9384600205AB7030049B7030072
:10EFB0008FAC0300014B1878704700BF3846002023
:10EFC00037B500230D4601A90193FFF73FFA044628
:10EFD00058B90146019A1E2013F016FC0199044805
:10EFE00014F05DF90DB1019B2B60204603B030BDDC
:10EFF000A0AC030070B5044610B96FF0150070BDE9
:10F0000003790BB1032B23D1237BD3B90FCC124E41
:10F0100035460FC50FCC0FC523682B600022DBB22D
:10F020007271B271C6F8072033B196F82120B16928
:10F0300006F10C0013F063F8084B01221A7000204F
:10F04000DDE704F10C0013F038F80028DED1D4E736
:10F050006FF02100D3E700BFFC3100207E46002086
:10F0600070B5104D06460FCD8AB001AC0FC40FCD60
:10F070000FC42B6823600C4B1A786AB19B785BB184
:10F08000B3420CD9012301A88DF807308DF8116027
:10F09000FFF7B0FF0AB070BD6FF01500FAE76FF030
:10F0A0002100F7E7203200207C320020054B1B684E
:10F0B000DB6843EAC233034343EA8152082000215C
:10F0C00013F0A2BB7409002010B5002104460420EF
:10F0D00013F01DFB7CB1094B04F4FF7203401A438B
:10F0E00042F00102064B1B681A61BDE81040002186
:10F0F000042013F089BB034A0240F3E701FE47F006
:10F1000074090020FEFF47F02DE9F84306784778A0
:10F110004279734B013F042E33F812800446FFB24C
:10F1200000F0C080F31FD3F1000949EB03096D4DD6
:10F13000E37929680A69002B40F0B78042F4800225
:10F140004FEAD8080A61237A8B7222F440320A61AE
:10F15000237A1B0403F440331A430A61042000217C
:10F1600013F052FB424642F604012E2013F035FB09
:10F17000384613F08FFB5C4B13F806805B4B07217E
:10F1800053F828202B2013F03FFB594B0B2113F889
:10F1900008202B2013F014FB564B0B2113F80920E9
:10F1A000282013F00DFB544B0C2153F82820282065
:10F1B00013F02AFBE279A37903EB42034F4A0221C1
:10F1C00032F81320272013F008FB4D4B042133F8AD
:10F1D0001720272013F001FBE379002B68D164226C
:10F1E0000621272013F0F9FAE378464A03EB870358
:10F1F000082152F82320272013F006FB638913B956
:10F2000041F241036381DFF80081628920212720D8
:10F2100013F0E3FAD8F8002008EB47080C2123206C
:10F2200013F0F2FA2320B8F80420042113F0D5FAE1
:10F23000A079002851D0E379344A2120D25C002102
:10F2400013F0BEFA01220320617906F00F0343EAAE
:10F25000C16361783601F6B28904334301F4402179
:10F260000B432179890501F0F8610B4343EA005310
:10F2700043EA424200211F2013F0C6FA6278A378C5
:10F280001343E279520342EA03422B680021DA6019
:10F29000082013F0B9FABDE8F843422200210D20FE
:10F2A00013F08EBA4FF0010941E722F4800249E7DA
:10F2B000A378042B0AD110220621272013F08DFAFF
:10F2C00010222621272013F07BFA8DE72022062129
:10F2D000272013F082FA2822F3E70246B4E700BFA2
:10F2E000E89D0300740900204DB40300C894030096
:10F2F00047B4030045B40300E09403001E9E0300DE
:10F300001A9E0300A0940300C094030042B40300BB
:10F31000074B1B681A6940B122F48052012018750E
:10F320001A610021042013F06FBA42F48052F6E70C
:10F330007409002038B510F00105044625D00021DD
:10F34000262013F0E4F920F4705242F4A052002178
:10F35000262013F059FA0021362013F0D8F90021A5
:10F3600040F40402362013F04FFAA30707D44FF4F9
:10F37000887228213620BDE8384013F045BA074A84
:10F380002821362013F040FAF1E72946262013F011
:10F39000BEF9294620F470522620ECE710010F0038
:10F3A00010F0020208B504D0124B1B6801225A75F6
:10F3B000802210F0010116D042F0060200210D203B
:10F3C00013F0FEF903210F2013F0C2F910F4816F3E
:10F3D00001D1002008BD0D204022002113F0F0F9DA
:10F3E0004FF0FF30F6E742F002020D2013F0E8F98B
:10F3F000EFE700BF7409002038B500210E2013F09C
:10F4000086F9054612F005FD0022114604460E203D
:10F4100013F0FAF9402200210D2013F0D1F90A4A25
:10F4200000210F2013F0F0F913F0F4FA2A4600211E
:10F430000E2013F0E9F9204612F0F3FC034B1B6891
:10F4400000225A7538BD00BFF8FF27247409002038
:10F4500070B503210546042013F0A5F90E4E0446AD
:10F4600095B12A4600210C2013F0B7F932681369D0
:10F4700043F08053136144F01002D2B2BDE87040F3
:10F480000321042013F09CB93268136923F08053E0
:10F49000136100F0EF02F1E77409002008B513F0E2
:10F4A000A9FA002211462C2013F097F90022062118
:10F4B0002C2013F085F913F0E0F900220321362007
:10F4C00013F07EF9012012F0B1FCF0220321362066
:10F4D00013F076F9024B1B6800225A7508BD00BF75
:10F4E000740900202DE9F041624D2B680027C3E923
:10F4F0000A77C3E90C775F61044613F019F95E4B94
:10F500009842014640F0B2805C4813F0C8FE14F007
:10F5100002064AD014F0F8086FD00422394624209D
:10F5200013F04EF93021282013F0F1F8B0F1883FA4
:10F530001FBF2A68D38A43F48053D38204F00A039E
:10F540000A2B60D11E2013F082F92B68C0F307202C
:10F55000D87214F010002F6802D0062013F077F94B
:10F56000386014F020002F6802D0072013F06FF9E4
:10F5700014F0400278604AD0082013F068F92B6834
:10F58000187214F0800245D0092013F060F92B683E
:10F590005872002E67D1E2073FD513F019FA2A6896
:10F5A000D38A43F40063D38242E0FFF777FF30460B
:10F5B00013F096F904223146242013F001F90420B7
:10F5C00013F045F9C0B248B1022212212D2013F0E8
:10F5D000F7F82A68D38A43F48053D3821E2013F0AD
:10F5E00036F92B6810F01F0FC0F3072208BF102058
:10F5F000DA72C0B213F05AFAABE7404613F070F972
:10F60000042241468BE72B680022DA72A1E72B68BF
:10F610001A72B6E72B685A72BBE70521362013F041
:10F6200097F820F4007292B20521362013F0D5F835
:10F63000012013F055F900220A212C2013F0C0F804
:10F64000002104202C6813F062F820612C68638A82
:10F6500003F00303A3720021082013F058F8E060C0
:10F660000020BDE8F0816307E2D498E74FF0FF3057
:10F67000F7E700BF740900203001CADE25B403009B
:10F68000034A00231370034A1360034A1370704740
:10F69000314700204C3500203047002010B50C4C7D
:10F6A00021220021204619F0D9FA0A4B1B8824F8A0
:10F6B000033C53B1DBB2084A9370012313730A234E
:10F6C000937353820923938210BD044B1B78F2E796
:10F6D0007F350020AC3D00207C35002037490020DC
:10F6E00073B5184B1B7806460C46BBB14B1EFF2B5F
:10F6F00014D815480022002301A910F0F3FA78B1BC
:10F70000124B1968322201311960B1FBF2F302FB8E
:10F710001313012B02D10E4813F0C1FD02B070BDCE
:10F72000019D2246314605F1080019F06FFA094A99
:10F73000094813686C6001332946136018F0E3FD33
:10F74000ECE700BF35490020FC0C002060350020AC
:10F7500055B403005C350020D00D0020064B074A4D
:10F760001B781278134305D0054840F6CD4200239C
:10F7700010F054BE704700BF304700202F470020D4
:10F78000401D0020014818F0D1BE00BF401D0020E0
:10F79000034808B513F083FD012002F0A9F800BF6B
:10F7A00079B403002DE9F041224B1D786B1E072B25
:10F7B0000F463CD8432303704D23437001238370CD
:10F7C0001D4B1E4C1B78C57000260371421DB046B0
:10F7D0002068114613F0D7F9237D1371637D5371AF
:10F7E000A37D937182F80780606802F1080113F02D
:10F7F000CAF9A06802F10C0113F0C5F9E06802F142
:10F80000100113F0C0F90136206902F1140113F060
:10F81000BAF9B54204F1180402F11802D8D8182335
:10F82000052213FB05233B600120BDE8F081002089
:10F83000FBE700BF2E470020374900201C34002082
:10F84000F8B5244B1D786B1E032B0E463FD8422380
:10F85000037050234370012383701F4B1F4C1B7890
:10F86000C5700371421D00272068114613F08BF903
:10F87000E37D1371A37D5371237E03B1A38A93713A
:10F880001B0AD371606802F1080113F07CF9A068CB
:10F8900002F10C0113F077F9E06802F1100113F0A6
:10F8A00072F9238A13751B0A5375638A937501379E
:10F8B0001B0ABD42D37504F11C0402F11802D3D80F
:10F8C0001823052213FB052333600120F8BD002017
:10F8D000FCE700BF2F47002037490020DC34002020
:10F8E00038B5094B1B78054663B1084B08491C68BD
:10F8F000FF2C28BFFF24224619F088F900232B553E
:10F90000012038BD1846FCE7304700204C35002068
:10F910003147002038B5074C074D00220023204610
:10F9200010F0C2FA014600B938BD284618F02FFC85
:10F93000F3E700BFD00D0020FC0C002002460B4670
:10F94000014810F0FDB900BF68350020014810F0F3
:10F950006FBA00BF68350020F0B54FF0FF3187B0B7
:10F9600005464FF0FF30FFF7E9FF0E4B6A4603F103
:10F970001007164618685968144603C40833BB427A
:10F980002246F7D1186820609B88A380FFF7DEFF2E
:10F990009DF8000018B1044816223146A84707B068
:10F9A000F0BD00BF963D0020FFB60300F0B593B058
:10F9B00007460C461546002116220CA81E4619F0D3
:10F9C0004DF91422002107A819F048F9122200214C
:10F9D00002A819F043F9544901AA384614F065F910
:10F9E000002800F09A80019F002F40F09680162C8E
:10F9F00000F08B80142C6BD0122C40F091802246AA
:10FA000002A93046A8470028C0F285809DF8123030
:10FA1000029A0C928DF83A30039A059B0D920F933F
:10FA2000BDF81020BDF81830ADF84230ADF83820E0
:10FA3000ADF8407001238DF844304FF0FF304FF0A7
:10FA4000FF31FFF77BFF394A0CAB10AE14461D4661
:10FA500003CDB542106051602B4602F10802F6D189
:10FA600028681060AB889380314B01251D70FFF72B
:10FA700015FE304A2378157033B3237D003B18BF41
:10FA800001231370628A2C4B02B11A80627802B192
:10FA90009A70A178A57A0022032918BF114619711E
:10FAA0005A719A71C3F8072075B1A08960B1E189D4
:10FAB00051B10126DE701E73667A248A5E739D73CF
:10FAC0001C8258829982DA82FFF740FF002022E0F0
:10FAD000224607A93046A84700281CDB9DF826309F
:10FAE000079A0C928DF83A30089A0A9B0D920F9360
:10FAF000BDF82420BDF82C30ADF84230ADF83820E8
:10FB00009DF82E30ADF8407095E722460CA930469E
:10FB1000A847002891DA13B0F0BD6FF00100FAE7B2
:10FB20006FF01500F7E700BFFFB60300963D002019
:10FB300036490020BE0C00207C3500202DE9F04124
:10FB40004FF080534FF0FF304FF0FF311E6E5D6E6F
:10FB5000FFF7F4FE254B1B781BB1254A11780029CD
:10FB600039D186EA050484EA164484EA450484EA25
:10FB70001444A4B200231F4A14801F4A13701F4B61
:10FB8000E2B21A701E4B210A5971DA701A711D4BBC
:10FB9000198801B91C80997801B99A701A4FFFF73A
:10FBA000D5FE1A4A23462021384611F099FD002837
:10FBB00015DA174B1A683A609A889B79BA80BB713C
:10FBC0000620144B5870324629460F4B1248BDE8A8
:10FBD000F04113F064BB548A002CC2D0CBE71F283D
:10FBE000C2BF0023FB771F20EBE700BF3649002090
:10FBF000963D0020AC3D00203849002037490020C8
:10FC0000BF0C00207C350020394900209EB4030041
:10FC1000A5B4030084090020ACB4030038B54FF04C
:10FC2000FF3105464FF0FF30FFF788FE0E4B186896
:10FC300028B9FFF78BFE6FF07F05284638BD15F019
:10FC400049FA0446FFF782FE002CF4D0074B08491E
:10FC50002046002D18BF194615F0FFFA054620462C
:10FC600008F0B8FAE9E700BF64350020980C0020DE
:10FC7000A00C002030B5ADF5037D00244FF0FF301F
:10FC80004FF0FF310194FFF759FE1B4B1D785DB11A
:10FC90001A4B1C701A4B1C70FFF7F2FC0DF5037D1C
:10FCA000BDE83040FFF752BE01A942A8FFF77AFD38
:10FCB000044650B1114B1D70FFF748FE019942A850
:10FCC000FFF70EFD0DF5037D30BD01A942A8FFF73A
:10FCD000B7FD10B10A4B1C70EEE702A8FFF700FE5B
:10FCE00010B9FFF733FEEDE7FFF7CAFCFFF72EFE72
:10FCF00002A812F08AFFE5E7324900202E470020D3
:10FD00002F47002030B5ADF5037D00234FF0FF30C5
:10FD10004FF0FF310193FFF711FE234B1D782DB1FA
:10FD20000DF5037DBDE83040FFF710BE1F4C237872
:10FD300083B101A942A8FFF735FD58B12570FFF73F
:10FD400005FEFFF71FFD019942A8FFF7C9FC0DF55D
:10FD5000037D30BD164C23783BB101A942A8FFF7C3
:10FD60006FFD10B100232370E9E7124B1B786BB1D4
:10FD700002A8FFF7B5FD48B1FFF782FCFFF7E6FDEB
:10FD8000FFF700FD02A812F040FFE0E70A4B1A78E7
:10FD900032B10A4A4FF4807102A811F0A1FCEDE7DC
:10FDA000FFF7D4FDD3E700BF324900202E470020E3
:10FDB0002F4700203047002031480020CCDF0300CF
:10FDC00008B538B90649074813F069FABDE8084094
:10FDD000FFF798BFBDE808400349024813F05FBA37
:10FDE000D9B40300E1B40300FBB4030070B5037899
:10FDF0008AB004460E4607AD032B20D8DFE803F097
:10FE000002191B1D11492846FCF739F8059563783E
:10FE10000493A3780393E37802932379019363799E
:10FE20000093A3790A4A1E21304611F059FC0AB00A
:10FE300070BD0849E7E70849E5E70849E3E7084AEC
:10FE40000A21284611F04CFCE0E700BF04B503008E
:10FE500026B503000BB5030012B503001CB5030063
:10FE600074DD030070B588B00D46044615F0AFF997
:10FE70006946FFF7BBFF35B11B482A46694613F0B8
:10FE80000EFA08B070BD194D194E4FF0FF304FF00B
:10FE9000FF31FFF753FD2B7801332B7033681BB90B
:10FEA000204615F017F93060124B2E781D78FFF7B9
:10FEB0004DFD32466946104813F0F1F90F492046CE
:10FEC00015F087F901460E4813F0E9F90D4B0E497C
:10FED0002046002D08BF194615F0BFF901460B4812
:10FEE00013F0DDF9CDE700BF49B503003449002028
:10FEF00064350020BE0C002070B50300A80C002063
:10FF000091B50300980C0020A00C0020B3B50300AD
:10FF1000F0B5144D144E154F0FCD89B003AC0FC47E
:10FF20002B6823600A2507F0DDFD322012F07AFEEF
:10FF30000123009303223346394603A807F0A0FDAE
:10FF400010F1780F04460AD010F10B0F04D196205F
:10FF500012F068FE013DE6D1204609B0F0BD002454
:10FF6000FAE700BFA491030084090020F89403007D
:10FF70002DE9F04188B00D46044615F028F9694690
:10FF8000FFF734FF4FF0FF304FF0FF31FFF7D6FCA3
:10FF90001C4A13780BB1013B137092F800801A4F82
:10FFA000FFF76EFB194B00261E70194B1E703B6845
:10FFB000A34203D1204608F00DF93E60FFF7C6FCCE
:10FFC000FFF7E0FB6946134843462A4613F067F9FA
:10FFD000114A00231370114A1370FEF79DFBFFF7BF
:10FFE00097FF044601460E4813F059F93CB17834A6
:10FFF00005D00C484FF40052002310F00FFA08B05F
:020000040002F8
:10000000BDE8F08134490020643500202F470020EE
:100010002E470020DCB50300324900203349002080
:100020000EB60300101D002010B5FFF771FF044647
:100030000146074813F033F94CB1783407D0BDE8D6
:10004000104004484FF40052002310F0E7B910BDEF
:1000500028B60300101D00202DE9F047304FDFF8CF
:10006000C480DFF8C4904FF0FF324FF0FF333846C2
:100070000FF01AFF04460028F5D098F80030002B46
:100080003FD14FF0FF304FF0FF31FFF757FC99F8A9
:100090000050FFF75BFC6DB3042604F1080AA28848
:1000A0005146002002F080FF054670B310F1800F2A
:1000B00020D000F10C03012B02D910F1100F06D152
:1000C0000220013E12F0AEFD16F0FF06E7D1174AFE
:1000D000136801331360164B1A68322101321A601B
:1000E000B2FBF1F301FB1323012B03D11148294685
:1000F00013F0D5F81048214618F049F810F002FC2A
:10010000B1E7012012F08EFDB7E70C4A1368013306
:1001100013600B4A636811680B441360EAE700BF81
:10012000D00D0020314900203449002054350020F2
:100130006035002041B60300FC0C0020583500203B
:1001400050350020014B1888704700BFAC3D00209F
:10015000014B1878704700BF38490020014B1878D0
:10016000704700BF3749002010B54FF0FF304FF007
:10017000FF31FFF7E3FB034B1C78FFF7E7FB20465B
:1001800010BD00BFBE0C002000B5C9B008A8FEF726
:10019000D5FA0F9B06930E9B05930D9B04930C9B26
:1001A00003930B9B02930A9B0193099B064A0093BE
:1001B000E021089B10A811F093FA10A812F025FD79
:1001C00049B05DF804FB00BF68B6030038B50446CB
:1001D00078B1084D4FF0FF304FF0FF31FFF7AEFB25
:1001E0000FCD0FC40FCD0FC42B682360FFF7AEFBFC
:1001F000012038BD7C35002010B5A6B0044605A806
:10020000FFF7E4FF05A88DF82040FEF7F3FE0F4A44
:100210000F4B002C0F4C18BF1346B0FA80F00E4A5B
:100220000EBF0021224601219DF835400091400972
:10023000CDE901206021094A03940EA811F050FA7B
:100240000EA812F0E2FC26B010BD00BFB4BD030042
:10025000BCBD0300C6B603001DC00300CEB603003C
:1002600070B586B0044616220021684618F0F6FCE8
:10027000002C57D001238DF80030A3788DF8013081
:100280002379032B18BF00238DF802300023CDF80B
:100290000530637B8DF80930A37B8DF80A30238A03
:1002A000ADF81030638AADF80C30A38AADF80E308B
:1002B0002388ADF812301D4B4FF0FF301B788DF8BE
:1002C00014304FF0FF31FFF739FB194B6A4604AE8B
:1002D000154603CDB542186059602A4603F108035C
:1002E000F6D128681860AA889A80124B124E012213
:1002F0001A700FCC35460FC50FCC0FC523682B6085
:100300009DF802303371FFF721FB69460B48162236
:1003100002F006FC014610B1094812F0C0FF0020AF
:1003200006B070BD6FF01500FAE700BFBE0C0020EC
:10033000963D0020364900207C350020F7B60300AA
:100340000BB703002DE9F04F1546ADF5197D1AB333
:10035000BF2A28BFBF2528AC2A46204618F056FCE5
:1003600000236355A349621912F8013D093BDBB232
:10037000172B09D841FA03F313F0010304D1013D0F
:10038000ADB21370002DEFD19B492046FBF76DFDF8
:1003900030B99A4812F039FC0DF5197DBDE8F08F9F
:1003A00097492046FBF761FDB0B94FF0FF304FF0A1
:1003B000FF31FFF7C3FA934B1A784AB1924A4FF4D0
:1003C000807158A811F08CF9FFF7C0FA58A8E1E73E
:1003D000FFF7BCFA8D48DDE78D492046FBF745FD68
:1003E00010B9FFF7D1FED7E78A492046FBF73DFD5C
:1003F00020B189492046FBF738FDA8B9FFF7B4FEC4
:10040000864B8749874A002841F64C540EBF184650
:1004100008462246CDE9000208BF0B46824A502119
:1004200058A811F05DF9D1E780490322204618F061
:100430003EFB30B17E490822204618F038FB0028E8
:100440005DD17C4A26781478542E14BF2AAB0DF166
:10045000A3030CB178489DE71D4613F8012B202A11
:10046000FAD0092AF8D06E492846FBF7FEFC542E34
:1004700007D178B169492846FBF7F7FC48B16F48C6
:1004800088E730B165492846FBF7EFFC10B16C48AE
:1004900080E7012458A8FFF799FE4FF0FF304FF096
:1004A000FF31FFF74BFA674A84F001031370FFF73F
:1004B000E7F8654A00231370644A1370FFF746FAA1
:1004C000FFF760F958A8FFF7CBFE10B92046FFF7F9
:1004D000A5FB544D524B5149002C41F64C5214BFD0
:1004E0002A461C46CDE9012018BF0C46584A009404
:1004F00008BF0B46602158A811F0F2F866E755498D
:100500002046FBF7B2FC40BB1FA8FFF75FFE9DF83B
:100510007F109DF889309DF88A00BDF88C40012934
:1005200019D04D4A4D4D022918BF2A469DF89D10FD
:100530000691BDF892100591BDF890100491BDF898
:100540008E10CDE90004CDE90221454A802158A84A
:1005500011F0C6F83AE7434AE8E743490622204645
:1005600018F0A5FA98B91F900DF1A603184613F8D4
:10057000012B202AFAD0092AF8D01FA9FEF720FD66
:1005800008B13A4806E71F9B394A3021C0E0394993
:100590002046FBF76AFC40B9FEF70CFD364A374BA4
:1005A00000280CBF10461846F4E6354905222046BF
:1005B00018F07DFA002867D10DF1A5031C4613F849
:1005C000012B202AFAD0092AF8D015492046FBF73A
:1005D0004CFC20B90120FEF7DBFC2848DAE60F4985
:1005E0002046FBF742FC18B9FEF7D2FC2248D1E6C0
:1005F0002448CFE6ECFF7FFF66B703006BB703002C
:1006000033B8030031480020CCDF030070B703008B
:100610007AB7030085B7030089B703005AB7030010
:1006200049B70300FCAC060092B70300B8B703005B
:10063000BCB7030032490020C5B70300D2B703009E
:10064000E6B70300BE0C00202F4700202E470020F5
:10065000FFB703002EB8030092A80300A2A803006E
:100660003AB8030099A8030088B803008FB80300C4
:10067000B2B80300C6B803004CB703003BB7030091
:10068000CCB80300D2B8030095492046FBF7EDFB38
:1006900020B194492046FBF7E8FB88B9FEF7C4FB7C
:1006A000FEF7B0FB0122CDE902228F4A01928F4A68
:1006B000009203468E4AA02158A811F011F885E651
:1006C0008C490422204618F0F2F930B18A490822F8
:1006D000204618F0ECF900283CD12378432B0CBFBE
:1006E00029AB2AAB184613F8012B202AFAD0092A85
:1006F000F8D01FA9FEF7EEFB08B180484AE69DF846
:100700007C00022808D9FEF77DFB7D4A0346502174
:1007100058A810F0E5FF59E67A4B1C78002C7FF4BE
:1007200099AEFEF7C3FB4FF0FF304FF0FF31FFF7FC
:1007300005F9754B1C70754B1C70FEF7A1FFFFF798
:1007400005F9FFF71FF89DF87C00FEF75BFB704A88
:100750000346DCE76F490522204618F0A8F9002877
:1007600048D11B901CAA1BA90DF1A50012F014FA88
:10077000002835D01B981DAA1BA912F00DFA78B3DA
:100780001B981EAA1BA912F007FA48B31B981FAAB0
:100790001BA912F001FA18B31B9B00211A46FBB1EA
:1007A0001C78202C03F101031CD0092C1AD001B1B4
:1007B0001B921378A3B91C9CFF2C11D8DDE91D56A0
:1007C0001F9F32463B462946E0B2FDF7EFFC58B189
:1007D000514A00902346602158A810F081FFF5E5AA
:1007E0004E48D7E50146D9E7CDE901674C4A009567
:1007F00023467FE64B492046FBF737FB58B9FDF708
:10080000EFFC034610B1484A402181E711F010FB8C
:10081000464A0346F8E746492046FBF726FB50B90F
:10082000FDF7FEFC034608B1424AEDE711F000FB7C
:10083000414A0346E8E741492046FBF716FB0546D7
:1008400030BBFDF7ABFC3E4E3E4B3F4F002818BF80
:100850001E462C4611F0ECFAE5B2A84203D83B4AFA
:100860003346602154E72846FDF7F0FC70B1C268BA
:1008700003780292826801924268009260213A46AF
:1008800058A810F02DFF58A812F0BFF90134E1E785
:100890002F492046FBF7E9FA002867D1FEF7C4FA92
:1008A00005461FA8FFF792FC2A4C9DF880602A4B52
:1008B000BDF87C709DF87E802846032E18BF1C462C
:1008C000FEF7A0FA254B0693254B264ACDE90403F3
:1008D000CDE90246CDE90078234BB02137E600BFD1
:1008E000E8B80300EDB803004CB9030052B90300A7
:1008F000F8B803005FB903005BB9030064B90300F3
:1009000082B90300324900202E4700202F470020E3
:100910009AB90300B5B90300C4B90300BBB9030019
:10092000DBB90300FCB9030008BA03001FBA0300D7
:1009300033BA03003EBA030054BA030067BA030097
:100940005EB7030099A8030073BA030087BA0300D7
:100950009FBA0300B29E0300B4BD030003BB0300B3
:1009600011BB0300A7BA030053A00300A54920460A
:10097000FBF77BFA002848D11FA8FFF727FC9DF85A
:100980007E300F93BDF87C3010939DF87F309DF83A
:1009900089709DF88A80BDF88C90012B33D09A4CD9
:1009A0009A4A022B18BF14469DF880609848994DCA
:1009B000BDF89230259A9DF89D10139312921191D3
:1009C000BDF88EA0BDF890B0032E18BF0546FEF707
:1009D0002BFAFEF717FA139B1199129A0991CDE998
:1009E00006B3109B0892CDE90B600093CDE9044A51
:1009F000CDE902890F9B884A0A950197C02158A822
:100A000010F06EFEE2E4854CCEE785492046FBF708
:100A10002CFA48BB1FA8FFF7D9FB9DF880107D4B2F
:100A20007B4A9DF87F009DF888409DF889509DF88D
:100A30008A60BDF88C70032918BF1346012811D0B5
:100A4000714ADFF8C8C1022818BF6246CDE90472B6
:100A5000CDE90014CDE90256724A802158A810F061
:100A60003FFEB3E46D4AF1E76F490522204618F0D6
:100A70001EF8002840F0AF800DF1A5021378202B5E
:100A8000154602F10102F9D0092BF7D0002B65D0F1
:100A90006649284617F0D6FF0446002861D064490D
:100AA000284617F0CFFF044600285AD0614928464F
:100AB00017F0C8FF0446002853D05F49284617F0B6
:100AC000C1FF044600284CD05C49284617F0BAFF05
:100AD0000446002845D05A49284617F0B3FF04467B
:100AE00000283ED04A49284617F0ACFF002837D0EE
:100AF0004849284617F0A6FF002843D05149284608
:100B000017F0A0FF00283DD04F49284617F09AFF64
:100B1000002837D04D49284617F094FF044600B30B
:100B20004B49284617F08EFF0446D0B14949284664
:100B300017F088FF0446A0B14749284617F082FF06
:100B4000044670B14549284617F07CFF044640B181
:100B50004349284617F076FF044610B1414819E48E
:100B60000024414B1B78002B7FF474AC1FA8FFF7C7
:100B70002DFB1FA88DF8804012F064F8163003D1C9
:100B80003A4807E40324ECE71FA8FFF769FB064691
:100B90001FA8FEF72FFA054616B13548FFF7FABB36
:100BA0004FF0FF304FF0FF31FEF7C8FE314B1E70A3
:100BB000314BB5FA85F51E70FEF762FDFEF7C6FEF5
:100BC000FEF7E0FD124A134B6D09032C18BF1346C4
:100BD00000952A4AFFE52A490822204617F067FFB8
:100BE00000287CD11F902AAA1378202B154602F1E9
:100BF0000102F9D0092BF7D0002B45D12148FFF78E
:100C0000C9BB00BF1EBB030092A80300A2A803003B
:100C1000B4BD0300B29E030029BB030099A80300E2
:100C2000BABB0300C0BB03000BBC030011BC030034
:100C300017BC03001ABC030022BC030029BC03003C
:100C40002DBC0300BCBD030035BC03003ABC03004F
:100C500040BC030043BC03004DBC030053BC030075
:100C600058BC030060BC03003249002069BC03008B
:100C700079BC03002E4700202F47002088BC0300CA
:100C8000A0BC0300A9BC03000A221FA9284610F03B
:100C9000C9FD04461F9A002AB0D01378202B13D028
:100CA000092B11D0AA42A9D0002BA7D1FF2CA5D87F
:100CB000E6B2304611F0EDFF05463046FEF7D0F9BA
:100CC0002DB1AF48FFF766BB01321F92E2E7B0FAE1
:100CD00080F2520900922346AA4A40217CE5AA49A3
:100CE0000422204617F0E3FE002840F01C81CDE9E5
:100CF0001500CDE91700CDE91900CDE91B001D90C5
:100D000001235890A1491E9315AA204611F062FFB5
:100D100010B99F48FFF73EBB9E4916AA204611F026
:100D200059FF0028F5D09C4917AA204611F052FF20
:100D30000028EED0994918AA204611F04BFF002850
:100D4000E7D0974919AA204611F044FF0028E0D0C7
:100D500094491CAA28A811F03DFF0028D9D0924937
:100D60001DAA28A811F036FF90491BAA28A811F047
:100D700031FF8F491AAA28A811F02CFF8D491EAA0D
:100D800028A811F027FF58AA8B4928A811F022FFA4
:100D9000159A0F92FF2ABCD8DDF858B0BBF1FE0FB0
:100DA000B7D8DDF85CA00AF1FF33FE2BB1D8189C50
:100DB0004FF6FE73611E9942ABD8199F791E994276
:100DC000A7D8BC42A5D31A9EB6F5803FA1D24FF456
:100DD0007A7363439E429CD8DDF86C90B9F5803FEE
:100DE00097D21E9D012D94D8DDF86081B8F1030FD4
:100DF0008FD81FA8FFF7EAF902238DF87F30002370
:100E0000CDF8833005F00103B8F1030F8DF8883079
:100E10001C9B0F9AADF88E4014BF4FF000084FF0A6
:100E20000308259301241D9B8DF87E201FA88DF8B3
:100E300080808DF889B08DF88AA0ADF88C90ADF8DF
:100E40009070ADF892608DF89C408DF89D3011F057
:100E5000F9FE00287FF45DAFB8F1030F18D14FF40D
:100E6000C8111923CDE923138DF87F00ADF8880050
:100E70008DF88A402590ADF89C001FA8FFF7F0F987
:100E800004461FA8FEF7B6F8E4B14C48FFF782BA53
:100E90009DF88A3033B1BDF88E301BB1BDF890306B
:100EA000002BEAD10123ADF888300A238DF88A306F
:100EB0004FF420220923CDE9232300232593ADF805
:100EC0009C30DAE79DF88830DFF8F4809DF88920BF
:100ED0009DF88A10BDF88C40BDF88E50BDF890602A
:100EE000BDF892709DF89DC0002BB0FA80F0354B94
:100EF0004FEA50100ABF43464FF0010E4FF0000E6C
:100F0000CDE90021CDE908E3CDE906C0CDE90467CC
:100F1000CDE902459DF87E302B4AC02158A810F03B
:100F2000DFFBFFF753BA29492046FAF79EFF20B9A5
:100F30000120FFF761F9FFF72FBA25492046FAF79C
:100F400094FF0028F5D023492046FAF78EFF10B908
:100F50002148FFF71FBA21492046FAF786FF0028EB
:100F600048D11F4B1B7813B11E48FFF713BA1E4B15
:100F70001B7813B11D48FFF70DBA1D48FFF70ABAD9
:100F8000B6BC0300C9BC0300E5BC0300EABC030017
:100F9000EFBC0300F7BC0300FDBC030004BD03006D
:100FA0000CBD030014BD03001BBD030020BD0300E6
:100FB00026BD030031BD030036BD03003DBD030067
:100FC0001DC00300C6B603004BBD0300B0BD030047
:100FD000B8BD03007BBF0300C1BD030080BF030099
:100FE000324900208BBF0300334900209CBF03001F
:100FF000ACBF03004C492046FAF737FFA8BBFEF709
:101000000DFE044618B1494A0346FFF7BEBA4FF039
:10101000FF304FF0FF31464F464EFEF78FFC012365
:101020003B703370444B1C70444B1C70FEF728FB24
:10103000FEF78CFCFEF7A6FBFEF76CFCFDF734FB1D
:10104000054678B14FF0FF304FF0FF31FEF776FCE8
:101050003C703470FEF77AFCFDF75EFB384A2B4695
:10106000FFF793BA3748FFF795B9374928A8FAF739
:10107000FCFE60BB2E4B1B7813B93448FFF78AB9CE
:10108000FEF7CCFD044618B1314A0346FFF77DBA9E
:101090004FF0FF304FF0FF31FEF750FC254B01229F
:1010A0001A70254B1C70254B1C70FEF7E9FAFEF7F1
:1010B0004DFCFEF767FBFEF72DFCFDF7F5FA034646
:1010C00010B1244AFFF761BA2348FFF763B92349F7
:1010D00028A8FAF7CAFEA0B9164B1870144B18705E
:1010E000FDF71AFBFFF740F880F00100C0B2FEF7F1
:1010F00095FD034610B91A48FFF74CB9194AFFF796
:1011000044BA194928A8FAF7B0FE50B9174811F0A7
:101110007CFD41F23432002315480FF07FF9FFF7D0
:101120003BB91448FFF736B9BDBF0300C9BF030080
:1011300033490020324900202E4700202F4700204D
:10114000E5BF030001C003000BC0030015C003008E
:1011500023C003003DC0030057C0030064C0030068
:101160006FC0030083C00300A2C00300A9C0030036
:10117000701D0020B3C00300014B1870704700BF02
:1011800031490020014B1878704700BF32490020D8
:1011900010B588B03F4817F032F84FF0FF304FF0ED
:1011A000FF31FEF7CBFBFEF779FAFEF7CFFB00220B
:1011B0000023CDE9062300240723CDE90334CDE93C
:1011C0000144354B354900944FF4C06234480FF068
:1011D00069F93449324817F0F2F93349334817F0C6
:1011E00099F93349334817F095F93349334817F0E3
:1011F00091F9334812F053F8324812F050F8FEF7E4
:101200009DFC204605F0E6FD044601462E4812F0FE
:1012100046F834B12D48214612F041F8002008B0BC
:1012200010BD2B4812F03BF812F03CFD294812F09B
:1012300036F8FEF783FC2849284812F030F8284891
:1012400012F02DF8274801F0A3FE04460146264877
:1012500012F025F814B125482146DDE7244812F0A4
:101260001EF8FEF755FE04460146224812F017F814
:101270004CB12148214612F012F810484FF40052A8
:1012800000230FF0CBF81D4B13491D4801221A70A3
:10129000C2E700BF6835002059000200884D0020D9
:1012A000A01D0020BFC0030091F70100701D0020A9
:1012B00075FC0100401D002029000200101D0020C7
:1012C000CEC00300E6C00300FFC0030018C1030046
:1012D00031C103004EC10300394900206AC1030037
:1012E00098C1030078090020B0C10300C8C1030001
:1012F000E9C1030004C203001DC2030035490020F8
:101300003FC203002DE9F0430446ADF5017D0028FE
:1013100000F0CD804FF0FF304FF0FF31FEF70EFBB5
:101320002346644A64484FF4807110F0D9F9634B46
:101330001B783BB9FEF70AFB6FF012000DF5017D3B
:10134000BDE8F0835E4B1D7825B1FEF7FFFA6FF024
:101350000F00F3E75B4958485B4E17F0BAFB34784F
:10136000F8B95A49544817F0B4FBD0B95849524813
:1013700017F0AFFBA8B957494F4817F0AAFB80B93F
:10138000002C48D14FF480714B4B4A4A0DEB0100C1
:1013900010F0A6F9FEF7DAFA40A811F036FC0020AA
:1013A000CCE74548FAF773FD002C4BD14248FAF7D9
:1013B0006EFD37780446D0B1DFF81C81D8F80030D4
:1013C00047B15A1C1118FF294DD8C8F80020434ACC
:1013D0007C21D154D8F8009040483749621C4844D9
:1013E0004C44013717F012FCC8F8004037703378CE
:1013F000072B03D8384A1268DB2A53D940A8FEF7D6
:101400006FFA002841D1FEF7A1FA002DC7D0FEF7F0
:10141000B9F96846C1E76846FEF762FA0028B1D01C
:101420004FF48071FEF72CF90DEB0100224B214A9D
:1014300010F056F9FEF78AFAFEF7A4F9684611F0A3
:10144000E4FBA9E7072C05D8234B1B68013318449C
:10145000DC28ABD96846FEF743FA0028A6D0FEF791
:101460000FF90546A2E76846FEF73AFA0028D7D1F9
:101470004FF48071104B0F4A0DEB010010F030F962
:10148000FEF764FA002D87D0D6E7FEF7F9F8FEF7ED
:101490005DFA25B1FEF776F9684611F0B6FBFEF766
:1014A00071F979E7012BAED1FEF758F9ABE76FF090
:1014B000150043E7CCDF0300314800203549002008
:1014C000324900205AC203003047002065C20300A1
:1014D00069C203006DC203004C3500203147002073
:1014E00010B5094C0A44914200D110BD11F8013BDE
:1014F000584003090001E35CC0B2434018091B01D6
:10150000205CDBB25840EEE779C203002DE9F04FD2
:1015100091B08407009302F004030293C2F3C20364
:1015200003F10103DDF86890039205460E4605932A
:1015300040F0BA81041D30B1072909D86FF01B00B3
:1015400011B0BDE8F08F01F00706341DC6F10806A2
:10155000009B4FF00008591E4FF0040A4FF0FF3374
:101560000193CDF810804746C34653460DB1009A0B
:1015700022600598002800F3E8809848009A82428B
:1015800003D397488242C0F0E080039AA4EB050E93
:1015900092074FEA9E0000F103810F2F00F2B18005
:1015A000002D00F0058107F140020DEB020C019ABD
:1015B0000CF8200C0CF8102C049801300490E7E093
:1015C0007A285DD84B280ED8472859D829282DD8F5
:1015D000252852D054D820287AD02338D0F1000BB7
:1015E0004BEB000B74E04C382E2849D8DFE800F0B4
:1015F0007048484848484848484848484B48484840
:10160000484848484859484B4B595959704B6D48C0
:101610007048184B184848827F4B48484B487F0019
:1016200000204FF0000B4FF0040A38E02A38C0B217
:10163000012202FA00F010EA0E0F49D110F0625CAC
:101640002FD110EA020B43D06046013C5444B4FB56
:10165000FAF40AFB04F4002D61D0A3EB050CA444BA
:10166000B4453FF66BAF002868D1042B47D159F839
:10167000043B2360043404232AE0019A013A0192D6
:101680004FF0000B24E011F8010C6C2834D111F854
:10169000023C00206C2B8346C5D14FF0080A53460C
:1016A000D3E709F1070929F007090734F9E802AB84
:1016B00024F0070435B106982044B0423FF63EAF0F
:1016C000C4E900AB08344FF0000B4FF0080A534652
:1016D00011F8010F002878D0BBF1000F7FF470AF34
:1016E0002528F5D1019B013301934FF0010B4FF0F9
:1016F000040AECE7584694E700208346A5E7082B48
:1017000002D06FF015001BE709F1070929F007095E
:10171000F9E80223C4E9002308340823D8E768B9AC
:10172000042B02D109F10409A4E7082BE9D109F13E
:10173000070929F0070909F10809EDE7059A013AB7
:10174000059259F8042B009210E7039A900720D5D0
:10175000A4EB050E4FEA9E004FF0010CBEF5007F92
:10176000CFD20F2FCDD8F5B107F140020DEB020E0D
:10177000C0B2019A0EF8200C0EF8102CBCF1000F2C
:101780003FF41AAF60F07F000EF8200C08F101085A
:101790000137C5F10802043406924FF6DA7E97E766
:1017A0004FF0000CDAE7BCF1000F01D00136EFE793
:1017B000029802360028EBD10098CDE90631FAF7FD
:1017C00066FBDDE906310644E2E7631BB3F5806F93
:1017D00097D23DB9A6F10804E018B1E6908C030059
:1017E000C8E60300029A28609B082B709DF8103011
:1017F000C2B1EB7085F80280B8F1000F05D008A8DF
:101800000022C5F1010C97420ED1C5F101030DF183
:1018100020094FF0000A01930DF1300B574512D10A
:10182000601B8DE66B70E5E710F8013B190608D5E3
:1018300004EB0C0EB64503F07F033FF67FAE04F8D1
:10184000013B0132DFE7B8F1000F03D099F9002026
:10185000002A17DB029BD3B11AF80B2004F8012BE6
:101860000022019B98182044B0423FF667AE99F8D9
:10187000000004F8010B00990392204617F0C6F906
:10188000039A14440AF1010A09F10109C6E799F81B
:10189000002055F822300093029B45F82230009832
:1018A000FAF7F5FA421CDCE76FF00D0048E600BFDE
:1018B000014B1860704700BF8C09002080B50546B9
:1018C0000E46174698460FF0BDF8034617F0D6F9B6
:1018D000DFF81890044649F8003042463046394651
:1018E000A84754F8090001F0D3FF00BF080000002A
:1018F00008B50446EFF31183402383F31288BFF346
:101900006F8F0BF0A7FA204601F06CFF024811F030
:10191000C6FC12F01DFDFCE79AC203002DE9F0475A
:10192000058B04462807904611D4022905F00705C7
:1019300040F0CC80204611F0CCFC78B10138218BEE
:10194000042811D8DFE800F0C2106D859500012948
:101950000CBF45F0100545F02005258388F311885C
:10196000BFF36F8FBDE8F08701F0070AAA4500F0CA
:10197000A5800027B9463E46A368002B00F0BC8036
:1019800041F00801218388F31188BFF36F8FA168AC
:10199000002900F0BA800D68002900F0B680D1F867
:1019A0000480334652462046C047002D76D02B682F
:1019B00029461D46F0E701F007035A1F012A1BD8EC
:1019C000002221F00701062B276889B2C4E9002212
:1019D00009D13B4603E0628B013262831B68002B16
:1019E000F9D141F002012183204611F072FC002858
:1019F0007AD041F0200176E0042B0AD121F00701D2
:101A000089B22183204611F064FC10B141F020011D
:101A10002183218B01F0070AAA454FD00027B94640
:101A2000AAE7236921F0070141F00601062DD3F84A
:101A3000009021832DD1B9F1000F3FD041F0080172
:101A4000218388F31188BFF36F8F3A492046C84736
:101A500029E021F00701236941F0040189B2042D36
:101A6000D3F804902183E6D000273E464FF0040AC5
:101A700082E721F00701236941F0050189B2052DB4
:101A8000D3F808902183D6D000273E464FF0050AB0
:101A900072E700273E464FF0060A6DE72B4687E7C0
:101AA000B9F1000FD1D1EFF31188402383F31288ED
:101AB000BFF36F8F238B23F008032383258BEA0664
:101AC0002ED525F01003238305F007056669218BC9
:101AD000002EBFF670AF00232768C4E9003321F061
:101AE000070141F001012183218B01F0070AAA457A
:101AF0004FF000097FF440AF002F9CD041F0080167
:101B0000218388F31188BFF36F8F002FC8D03D6801
:101B1000394633465246204611F007FC2F46F4E77B
:101B2000AB067FF51BAF25F02003238305F00705E7
:101B300000E700BF573303002DE9F7430F46064681
:101B40000821C06ADFF8509011F022FD3C68241A89
:101B500080463C6004EA0905AC4203D8002003B08B
:101B6000BDE8F08308236A462146304611F098FC10
:101B70000028F4D16946304611F014FD40B1BDF89B
:101B80000230BDF804203C6005EA090513441D44F9
:101B9000A4EB0804E0E700BF0000FFFF73B50446B4
:101BA0000821C06A124E11F0F3FC4FF6FF72636811
:101BB000ADF800208DF80620A2891918334013448F
:101BC000181A002560606846ADF80210ADF80450A0
:101BD00011F0C5FC6946204611F0A4FD2046211DE8
:101BE00011F097FC636828463340A36002B070BDD3
:101BF0000000FFFF2DE9F04704468CB000F1140708
:101C0000384616F0FCFAA06A8368DB6898470346FA
:101C1000E06230B9934A0090CDE901029249012275
:101C20000FE0A06A8368DB6898470368013B1F2BBD
:101C30000FD98E4B02930023CDE900338A4901224C
:101C4000184611F095FC6FF0150528460CB0BDE85C
:101C5000F087A06A216809AA14F02BFD08B1844B13
:101C6000E8E7A5892DB10A9BB5FBF3F203FB1255FA
:101C70000DB1804BDEE7E389012B05D87E4B009543
:101C8000CDE901532B46C9E7E36A049593F8059023
:101C90004FF0FF334FF0FF3238460EF051F8E06A54
:101CA000082111F075FCA8460646E3891FFA85FA5B
:101CB000534508D8E389434523D138460EF0B8F898
:101CC0006FF02C05C1E7A1892B04891B13FA81F160
:101CD0004A4608232046049111F0F0FB78B104A98C
:101CE000204611F016FC08F10108049908234A4621
:101CF00020461FFA88F811F0E1FB0028DAD0013500
:101D0000D3E753450BD1049908234A46891B204643
:101D100011F0D4FB18B904A9204611F0FAFB04A96C
:101D20002046FFF709FF054618B138460EF080F847
:101D30008BE7049B63604FEA13484FEA0848C4F8F6
:101D40000880D4E9011399420FD3082305AA20463D
:101D500011F0A6FB05460028E7D105AB13F8012BCF
:101D6000914535D10135082DF8D163681B0C1B0452
:101D700004A92046049311F0CCFBA38904994A4698
:101D8000204611F09BFB051ECFDB636800F08680C8
:101D900006EB03084FF6FF79A389CDF810801FFAF0
:101DA00088F29B1B9A422FD300236168002B44D0FA
:101DB000090C09040491204604A911F0AAFB049916
:101DC000204611F0B3FB0546002D00F08380ACE700
:101DD00005A9204611F0E6FB626810B9921B62600B
:101DE000AFE7BDF81850BDF81610E06AC4F80880D7
:101DF000294411F0CDFB40449042A060EED1002D6B
:101E0000ECD06FF01C0576E0082307AA4146204677
:101E100011F046FB0546002887D107A9204611F09E
:101E2000C1FB30B1BDF81C304B4502D1BDF82030AC
:101E30000BB1B044B0E70123B7E7204611F076FBC1
:101E4000054600287FF471AF63680C4AA1891340EE
:101E50000B44A3EB460363601340A360204611F0DC
:101E600089FCB0E7D7C203008C900300F9C20300DD
:101E700016C303002EC3030042C303000000FFFF8C
:101E80005B1A4A46204611F019FB051EFFF64DAFBE
:101E900008D0E26AA36812681344A360D4E9013150
:101EA0008B42EDD86168A38901EB46029A428BD13F
:101EB000DFF85080A26801EA08039A4284D02046E5
:101EC00011F034FB054600287FF42FAF636803EA66
:101ED0000803A360A389A288A3EB46039A4206D015
:101EE00038460DF0A5FF012323740025ADE62046FA
:101EF00011F029FC054638460DF09AFF002DF2D06E
:101F0000A3E600BF0000FFFF2DE9F04F1D4695B08E
:101F1000037C06910446049273B9664A66490093AD
:101F2000CDE901321846012211F022FB6FF00C06B8
:101F3000304615B0BDE8F08FC26A0821104611F096
:101F400027FB29460590104611F022FBA389059A2C
:101F5000A3EB8203AB420746C0F0A9801DB1049BEE
:101F6000002B00F0A480636809930AAA09A92046FF
:101F7000DDF824A011F053FB06460028D8D1BDF8A7
:101F80002830069A934206D06268099B9A42ECD1A7
:101F9000002D36D1CCE70AA9204611F003FB00281A
:101FA000F2D0BDF82A80BDF82C3045B39D4228D12F
:101FB000E36ADDF810B01B684FEA1A4A5B424FEA49
:101FC0000A4A03F02003D0440793AA46DDF81C9088
:101FD000D14528BFD1464B460CAA4146204611F0B8
:101FE0005FFA00284AD14A460CA9584616F01AFD55
:101FF00038B9BAEB090AC844CB44E7D198E7002BBB
:1020000096D0002F3DD1B84604F1140A4FF0FF32AC
:102010004FF0FF3350460DF093FEE3899E4243D0CC
:10202000A168626808EB01039A422FD3069BADF8C2
:102030003030FF238DF83630049AADF832102B463D
:102040002046ADF8345011F034FB29460746E06ACB
:1020500011F09EFAA3680344A36057B90CA811F0CD
:102060007EFA0CA9204611F05DFB002814BF07463C
:102070002F4650460DF0DCFE3E4659E7C1DC0646D1
:1020800056E7059B1F441FFA87F8BDE72046FFF778
:1020900085FD07460028ECD1204611F06BFB074672
:1020A0000028E6D10136B8E76FF01B07E1E76FF0D3
:1020B00015063DE7C3C203008C9003002DE9F047ED
:1020C0001E4688B0037CBDF8409004460F469046FB
:1020D0006BB92F4A2F490093CDE9013218460122EE
:1020E00011F046FA6FF00C0008B0BDE8F087C06A46
:1020F000082111F04DFAA389A3EB4003B34243D367
:10210000D4F804A0CDF814A000254D455146DDF8C3
:1021100014A009D9636853451ED1BDF81830BB42DD
:102120001AD06FF00100DFE706AA05A9204611F0DA
:1021300076FA0028D8D1BDF81830BB4206D106A9DE
:10214000204611F02FFA08B10135ADB26268059B47
:102150009A42DAD15146E0E7BDF81C30002BE0D0BE
:10216000A945DED8BDF81A00090CB3424FEA014177
:1021700028BF334601444246204611F091F9002819
:10218000B2D1BDF81C00AFE76FF01500ACE700BF9F
:10219000C3C203008C9003002DE9F84F81462F48FD
:1021A0000F4611F0C3FB064670B92D4CDFF8B4A002
:1021B0000546A0464FF0010B544507D3B9F1000F77
:1021C00002D04FF0010AE5B9BDE8F88F237B6BB16F
:1021D0002368DB680BB12046984723681B6943B925
:1021E000636804221968204600F0C8F801361034EC
:1021F000E2E7204698470028F2D00BFA06F31D4389
:10220000F4E7A94695FAA5F4B4FA84F40AFA04F3BB
:10221000260108EB04146FEA030B25EA0305237B70
:1022200063B158F806301B6993B9464404227368B9
:102230002046196809EA0B0900F0A0F8002DE1D149
:1022400027B14FF4A47000210EF0DEFB4D46BAE733
:10225000204698470028F1D1E7E700BFA8350020C5
:102260001C9103002C910300014B53F82000704790
:102270001095030008B5034608462BB1044A1360C5
:1022800000F082FA002008BD6FF01500FBE700BFE8
:1022900090090020054A064800231370054A136080
:1022A000054A4FF400411360FFF7E4BF594900208D
:1022B00029390300A0350020A435002070B50B4D4E
:1022C000297841B90120FFF767FF094C094EB44254
:1022D00002D301232B7070BD63685B791BB1236847
:1022E00020469B6898471034F1E700BF5949002009
:1022F0001C9103002C91030010B50446084811F00E
:1023000015FB5CB1BFF35B8F064B53E8001F01392F
:1023100043E80012002AF8D1BFF35B8F10BD00BF65
:10232000A0350020A435002070B50A4B0A4C1B686C
:102330000A4E05469847A860B44200D370BD636852
:102340005B7923B1236829461B68204698471034DF
:10235000F2E700BF900900201C9103002C910300BC
:10236000044A054B9B1AB1EBD30F34BF52F831002E
:1023700000207047DC8F03001C910300084BC31A38
:1023800010B41B1144680133237143689A71436888
:102390001960436801225A7110BC11F0E9BA00BFFC
:1023A0001C9103002DE9F04F87B004AFD7E90EA9C7
:1023B0003D6B04460E4693469846BAF1000F1ED078
:1023C000C7F80490CDF8009010217A6B5346002096
:1023D000FFF79CF8B0F5006F014611D340F2FF7390
:1023E0000393194B02930023CDE9003317490222CE
:1023F000184611F0D9FA0C37BD46BDE8F08F5146AA
:1024000004F007040BF0070BE40044EA8B1444EAE1
:10241000412444EA055417350D4425F00705ADEB7A
:10242000050D04ADBAF1000F07D0CDF800907A6B1E
:10243000534605F11000FFF769F84346224631463E
:10244000284611F098FAD6E779C30300A490030058
:10245000406820B1034BC01A40F3CF0070474FF0E3
:10246000FF307047DC8F03000EB403B503AB0146A9
:1024700053F8042B0448019301F0B0FC02B05DF85E
:1024800004EB03B0704700BFE5390300CA0605D46A
:102490008B064CBF02490349FFF7E6BF704700BFF8
:1024A000B2C30300B1C303002DE9F04F87B0044667
:1024B0009DF844600D4690469946002E00F0A2809B
:1024C000159B03F0020A03F001030493159B03F02C
:1024D000080B03F48073059311F04BFA02460028B1
:1024E0003DD095492046FFF7BFFF0746BAF1000FE0
:1024F00009D0159B13F0440F33D190492A4620464A
:10250000FFF7B2FF0744049B53B18D4B8D4953F83D
:1025100026208D4B2046002A08BF1A46FFF7A4FF4D
:10252000059B002B49D0BBF1000F64D1B8F1000F1F
:1025300066D0864942462046FFF796FF0546129B25
:102540003D44002B6DD1149B002B73D1159BDB07F1
:1025500000F1EB8015992046FFF798FFD8E0074679
:10256000C4E77B4B18680028CCD07A4B4FF47A7ABA
:102570001B68B5FBF3F54FF46161B5FBF0F300FBAD
:1025800013550AFB05F54FF03C0CB3FBF1F201FBD0
:102590001231B5FBF0FEB1FBFCF300FB1E550CFB4A
:1025A00013110AFB05F50091B5FBF0F56A49CDE979
:1025B00001E52046FFF758FFA4E7BBF1000F1DD04F
:1025C000664B674953F826202046FFF74DFF054626
:1025D000B8F1000F05D05D4942462046FFF744FFA1
:1025E0000544B9F1000FAAD05E494A462046FFF7DC
:1025F0003BFF0544A3E74FF00009E1E75D46E7E74D
:1026000045469CE7B9F1010F129B06D1002B66D11C
:10261000149B002B7CD000250CE0002BF8D05248F6
:102620005EE05248129B5249224610F003FE149B72
:10263000002B6AD0DFF83C81DFF83C91149F15999C
:10264000102F204628BF1027FFF720FF4FF0000B68
:102650005D4547DC139B49461A782046FFF704FF87
:102660004FF0010B1BF0070F03D141462046FFF747
:10267000FBFE5F453DD9139B494613F80B202046CE
:10268000FFF7F2FE0BF1010BBBF1100FEAD13B4952
:10269000DFF8ECB020464FF0000AFFF7E5FE5246A7
:1026A000139B9A5CA2F120015F2928BF2E22594674
:1026B0002046FFF7D9FE0AF1010ABAF1100F1DD02A
:1026C0001AF0070F03D141462046FFF7CDFE5745CC
:1026D0005246E5D841462046FFF7C6FEEBE72348C1
:1026E00035469FE741462046FFF7BEFE0BF1010B42
:1026F000AEE724492046FFF7B7FEC3E7139B3B44F0
:102700001393149BDB1B149398D1002E7FF41EAF00
:102710006268A1682068D2E9002311F055F9636866
:1027200000221A6007B0BDE8F08F074A054920462D
:10273000FFF79AFE0EE700BFB9C30300BDC3030055
:1027400020950300CCDF0300B4C30300E2C3030001
:10275000B0350020AC350020C6C30300349503001B
:10276000E6C3030008A70300013A0300E5390300AC
:10277000DD3D0200EEC303000FA70300F0C303001A
:10278000F2C30300ECC30300074A00210123904277
:1027900006D8064A01B901231360054B186070473B
:1027A00040085B000121F2E740420F00AC350020F9
:1027B000B0350020014B01221A7070475A490020A1
:1027C000014B002019607047C835002010B5064B3A
:1027D00018680C46FFF748FD21460346BDE8104047
:1027E00002480F22184700BFC83500206495030037
:1027F000F8B5094D094B0A4ED5E9004701221A7078
:102800000CB92C60F8BD214630463A4600F00AF873
:10281000241A0644F4E700BFBC3500205B490020C1
:102820005C490020F8B5194D07460E460124324692
:10283000394600200CF0CCFFC8B101232B70144B9B
:102840001B782BB93046F8BD5CB92C704FF0FF34C3
:1028500000200DF045F80028F4D02B78002BF3D1A0
:10286000F0E7013C42F2107015F0D5FBF0E72B7851
:1028700013B1013C04D12C702B78002BD7D1E1E7A8
:1028800042F2107015F0C7FBF6E700BF5A4900206E
:102890005B490020014B03600020704774950300E2
:1028A00070B5114B1C680D46DCB1104B1968002344
:1028B0008B4202DB6FF0010070BD224612F8106BF4
:1028C000864202D001331446F2E7E06810B96FF097
:1028D0001200F1E715F0A4FB0028F8D02C600020CE
:1028E000EAE76FF00C00E7E7DC090020EC95030055
:1028F00070B588B005460C46C0B269461646FFF76B
:10290000CFFF00281BDB0098C8B14368029383689F
:1029100022680195CDE903360023CDE9062305930E
:10292000C56811F0B0F86DB12846084901AA13F046
:10293000C4FE079808B9059B236008B070BD6FF00E
:102940001500FAE76FF01200F7E700BF533B0300F2
:1029500030B544680B68A34285B00D460ED90024FB
:10296000084B02932046CDE9004407492346012243
:1029700011F011F920466C6005B030BD4B680120A4
:102980001C44F8E725C40300DC8F0300F0B583681E
:1029900087B00446002B31D0026AB3FBF2F502FB8C
:1029A0001535D0E904763DB1006894F82410551B24
:1029B0002A46184416F052F9A368E06822683E449B
:1029C0002B4481684D683146A847054670B11F4BBE
:1029D00002930023CDE90306CDE900331C4901220F
:1029E000184611F0D8F8284607B0F0BDE3695BB986
:1029F0002369A268134423610023A3600025F2E742
:102A0000535DDB4353550135A3682268AB42F7D8C9
:102A1000E06881680D683146A847054658B10D4BFE
:102A2000039002930023CDE900330949012218469F
:102A300011F0B1F8D7E7E369A168206832469847FA
:102A400005460028D4D0044B0390EAE745C40300B0
:102A5000DC8F030069C403007FC403002DE9F04F3D
:102A600087B0DDE910780D4691461E460446E8B170
:102A7000E1B1DAB14FF0000B0493CDF814B08B68DC
:102A80000846DB6898470268B6FBF2F302FB136363
:102A9000824622627BB11E4BCDF800B0CDE901B376
:102AA0005B461C490122184611F075F86FF00D00C5
:102AB00007B0BDE8F08F04AA1749284613F0FDFDC2
:102AC000059A002AF2D007EB08039A4205D3216A3F
:102AD000B7FBF1F301FB13732BB1104B02930023EF
:102AE000CDE90033DDE7C4E90096E5602361A3602A
:102AF0006761B8F1000F01D1A2EB0708129BC4F87F
:102B00001880E3619AF8053084F824300020CFE77C
:102B100093C40300DC8F030051290200CAC40300E0
:102B20002DE9F0410F4B1C6805460E461746ACB127
:102B30004FF0FF324FF0FF330B480DF001F963689F
:102B40003246D3F8088029463B462046C047044613
:102B500005480DF06DF92046BDE8F0816FF00104E5
:102B6000F9E700BFCC3500208C0D00200023036066
:102B7000044B5A6812B9C3E90000704710605860EE
:102B8000704700BFD0350020014B1860704700BF70
:102B9000CC35002030B585B000230546CDE90233A1
:102BA00001904FF0FF330C484FF0FF320DF0C8F8A2
:102BB0000A4B1C684CB9284600F0C8F80446064881
:102BC0000DF036F9204605B030BD636820461B681D
:102BD00001A998472468EDE78C0D0020D03500202E
:102BE000024B0022C3E90022704700BFD03500200D
:102BF0007FB50BAB05930393054B02930023CDE9FF
:102C0000003301221846FFF7CDFB07B05DF804FB47
:102C1000EBC40300024B0022C3E90022FFF7E0BF30
:102C2000D83500202DE9F74307460C4609B10023AB
:102C30000B601F4DDFF87C9000264D450FD31E4BD7
:102C40001D6885B355F8148C01AA41463846143DD9
:102C500011F02BF810B3D6B914BB2E461EE0D5F8F0
:102C6000008001AA4146384611F01FF850B116B94C
:102C700054B92E4606E031680022404611F015F89E
:102C80000028F5D11435D8E7019B2360F1E73168BE
:102C90000022404611F009F80028DDD16D69D0E727
:102CA000019B2360D9E7304603B0BDE8F08300BF45
:102CB0002C91030068910300D83500202DE9F041E4
:102CC00088B00446DDF8388007900D4616461F464A
:102CD000B8F1000F07D0D8F80010F1B9D8F804E027
:102CE000BEF1000F22D107A92046FFF79BFFC8B114
:102CF000D0F8088007983B4632462946C04788B13D
:102D0000104B02930023CDE90340CDE900330E4977
:102D100001221846FFF76CFF04E007AA10F0C5FF78
:102D20000028DBD1002008B0BDE8F081D8F80830D9
:102D300007980E9332463B462946F44608B0BDE854
:102D4000F0416047EBC40300FC900300F8B5184C59
:102D5000184F06460025BC4208D3174B1C682CB3FD
:102D6000143CB6B9E368E3B96469F8E72EB9E368DF
:102D70005BB9284614340546EDE720680022314649
:102D800010F093FF0028F2D1F3E79847002DF0D11F
:102D9000F0E720680022314610F087FF0028E1D1DB
:102DA000E2E79847002D08BF0546DDE72846F8BD55
:102DB0002C91030068910300D835002038B50C4DE4
:102DC0000C484FF0FF334FF0FF320CF0B9FF2B7877
:102DD0003BB9FFF71FFF00F06DF8044610B901235F
:102DE0002B70002403480DF023F8204638BD00BFA7
:102DF0005D4900208C0D00202DE9F047048FDFF89D
:102E0000B0A0013498B006468946A4B200F1080784
:102E1000651EADB2B5F5004F47D04A2305AA294635
:102E2000384610F078FD04F57F543F34A4B2804654
:102E3000214601230DF10B02384610F06CFDB8F16C
:102E4000000F014610DC002810DC338FAB4209D1A3
:102E500032466B1E22F8383F4FF4004102233846B9
:102E6000FFF752F82C46D3E7002808DC29463846FD
:102E700010F04DFD2146384610F049FDE5E708F118
:102E800060030DEB0308002308F84C3C5246CDF8D4
:102E9000009003AB05A80397ADF81040FFF70EFFB5
:102EA0000028DFD018B0BDE8F0870020FAE700BFA7
:102EB000F73C03007FB50123694605200193FFF726
:102EC000EFFC044660BB02AA01A90520FFF710FD34
:102ED000044610B110F10C0F22D10399B1F5803FD7
:102EE00023D2009A002394681846084484421AD3D7
:102EF0000133082BF9D10E4DA982EB825368AB60E8
:102F00002846D368EB6310F08EFF044640B9094EA3
:102F10006E602846FFF72AFE28466E60FFF734FEF3
:102F2000204604B070BD9BB2E5E76FF02004F7E7E0
:102F3000E03500209409002008B5044810F0AFF9EE
:102F4000BDE80840024810F0AAB900BF16C503004A
:102F50004BC50300034B9B681BB1481E18BF0120E3
:102F6000184770472036002010B51C46034B1B68DD
:102F700011460BB122469847204610BD203600204E
:102F8000024B5B6803B11847704700BF2036002032
:102F900030B1044B02681A6042685A6082689A60D5
:102FA000002070472036002070B586B00E461546CA
:102FB000002104461822684615F050FE0B490C4BC0
:102FC000ADF80C50CDE9011604932CB969462046A2
:102FD00007F0B6FD06B070BD0122204613F0FCF8E4
:102FE0000028F3D16FF01500F4E700BF9C950300B3
:102FF000812F02000449431E0F3013F8012F8A5C11
:103000001A708342F9D17047D5C50300F0B5264E3A
:1030100007460C460FCE8DB001AD0FC50FCE0FC5C4
:1030200096E8070085E807003846002F38D0002CC6
:1030300038D0381F2146024610344B780D781B04D7
:1030400043EA0563CD782B438D78043143EA0523A9
:103050008C4242F8043FF0D1144C04218A070369E2
:1030600016D1C3F30742A55C1A0EA25C42EA0562C0
:10307000C3F30725DBB2655DE35C42EA054242EA41
:10308000032221F0030330336B4453F82C3C5340AC
:1030900050F8042F013153402C290361DED1012067
:1030A0000DB0F0BD2046FBE7B8910300D5C5030085
:1030B00070B5064686B00D46002938D08B6805935A
:1030C0004B6804930B6803930024244B2449029318
:1030D000012223462046CDE9004411F003F96B6933
:1030E00005932B690493EB6803931E4B1C490094D2
:1030F000CDE9014301222346204611F0F3F8EB69A4
:103100000393194B16490094CDE90143012223464C
:10311000204611F0E7F8AB690393144B1049009473
:10312000CDE9014301222346204611F0DBF8012EB0
:103130000DD1EFF30583103B03930D4B0293002356
:10314000CDE9003306493246184611F0CBF829463E
:10315000304606B0BDE870400CF00CBCD5C603008C
:10316000F490030004C7030033C7030042C7030001
:1031700070C7030030BFFFF7FDBF00BF2DE9F0416E
:103180000B4EDFF8308006EB0807CC1B05463246B5
:103190000949204615F03AFDA01942460021083C95
:1031A00015F05CFD6C6707F10800BDE8F08100BF19
:1031B000000000000800000074910300074A9368B3
:1031C00093F90E10002907DB526993421FBF044A8E
:1031D000536843F080535360704700BF583D002050
:1031E00000ED00E0F0B585B00024414B0293CDE93D
:1031F0000044234607460E4601223E49204611F070
:103200008CF83D4B9B6ADD066FD53C4B39490094E9
:10321000CDE9014320462346012211F07EF811201A
:10322000354B9B6A1C070AD5354B02930023184681
:10323000CDE900332F49012211F06FF812202E4DF5
:10324000AB6A99071FD500242E4B02930122234617
:10325000CDE900442749204611F05FF86B6BAA6A5C
:1032600012060FD50393284B22490094CDE9014360
:1032700001222346204611F050F81FB1AB6A23F01B
:103280008003AB6213201C4B9B6ADD070AD51F4BE2
:10329000029300231846CDE900331649012211F0AC
:1032A0003CF81420144B9B6A9C060AD5184B0293D9
:1032B00000231846CDE900330E49012211F02DF804
:1032C00015200D4B9A6AD10658BF9A6A9A6A9206DF
:1032D00042BF5A6A22F400525A629A6A42F0FF02CE
:1032E0009A620023337005B0F0BD102098E700BF4C
:1032F00083C70300F490030000ED00E099C70300CA
:10330000CCC70300DFC70300F7C703000DC80300E5
:103310002CC80300F0B585B00024434B0293CDE9DF
:103320000044234607460E4601224049204610F03D
:10333000F4FF3F4B9B6ADB0465D53E4B3B49009451
:10334000CDE9014320462346012210F0E6FF172075
:10335000374B9B6A1D050AD5374B0293002318464D
:10336000CDE900333149012210F0D7FF1820304D4C
:10337000AB6A9C051FD50024304B029301222346E3
:103380002046CDE90044294910F0C7FFAB6BAA6A7B
:1033900010040FD503932A4B24490094CDE901432F
:1033A00001222346204610F0B8FF1FB1AB6A23F478
:1033B0000043AB6219201E4B9B6A59050AD5214B6D
:1033C000029300231846CDE900331849012210F07A
:1033D000A4FF1A20164A936A13F4807315D01A4B6F
:1033E000029300231846CDE900331049012210F062
:1033F00094FF1B200E4A936A43F47F439362002399
:10340000337005B0F0BD1620A2E7926A9204F1D5A0
:103410000E4A06490093CDE901321846012210F008
:103420007CFF1C20E6E700BF5BC80300F4900300AC
:1034300000ED00E071C80300CCC7030082C80300A0
:103440009BC80300B0C80300CBC803002CC803000E
:103450001FB50024374B029301222346CDE90044D7
:103460003549204610F059FF344B9B6A9A015ED5CE
:10347000334B31490094CDE90143204623460122D4
:1034800010F04BFF1E202D4B9B6ADB010AD52D4B04
:10349000029300231846CDE900332749012210F09A
:1034A0003CFF1F20254B9B6A1C030AD5264B029329
:1034B00000231846CDE900331F49012210F02DFFEB
:1034C00021201E4B9B6A59030AD5204B02930023EF
:1034D0001846CDE900331849012210F01EFF2220C2
:1034E000164B9B6A9A030AD5194B02930023184680
:1034F000CDE900331049012210F00FFF23200F4BBC
:103500009B6ADB030AD5134B029300231846CDE9CF
:1035100000330949012210F000FF2420074A936A72
:103520006FEA03436FEA1343936204B010BD1D209A
:10353000A9E700BFE3C80300F490030000ED00E03A
:10354000FBC803000EC9030028C9030046C90300D5
:103550006BC9030085C903002DE9F041754B5F6815
:1035600090B00446C7F30806002383F31188BFF325
:103570006F8F02F07F40B0F17F4F0CD102F00C0052
:10358000082819D16C4A6D490093CDE901321846DB
:10359000012210F0C2FE00252C464FF00008F31E59
:1035A0008DF81F80092B00F2AB80DFE803F00B9F42
:1035B000A39CA9A9A9A9A9A7120746BF0C461D4605
:1035C0000125EAE75E4B5D495A4FCDF80080CDE911
:1035D000018300230122184610F09FFE8DF81F8002
:1035E000FE6A16F0020605D0564BCDF80080CDE9F4
:1035F000018306E0FB6A002B0BDA534B0096CDE902
:10360000016300234D490122184610F086FE002276
:103610003BE0FB6A5B00FAD54C4B48490096CDE98C
:10362000016301223346304610F077FE7B69A269C0
:1036300043F480737B61BFF34F8FBFF36F8F7B6960
:1036400032F8022C23F480737B61BFF34F8FBFF3FA
:103650006F8F4DF602739A420AD0BB6ADBB2002B21
:1036600033D00DF11F010120FFF7BCFD02460CE035
:1036700023680393364B31490096CDE9016301225B
:103680003346304610F049FE22689DF81F30CBB912
:1036900008AE04F1200720686168334603C308348C
:1036A000BC421E46F7D10F9B002D3DD0C3F308014D
:1036B00021B96FEA53236FEA43230F9308A91046F9
:1036C000FFF7F6FC10B0BDE8F081BB6A13F47F4F42
:1036D00005D00DF11F010120FFF71CFEC6E7BB6AF4
:1036E000B3F5803F93D3FFF7B3FEBFE70DF11F01A2
:1036F0000020B9E70DF11F010020EDE7154B74E73D
:10370000154A164B0D4917F4F87F18BF1346103EA3
:10371000CDE90336124B02930023CDE90033012299
:10372000184610F0FAFD72E723F4FF7323F001034B
:10373000C3E700BF00ED00E0DEC90300F490030022
:1037400009CA030020CA030041CA03004FCA03008C
:103750006ECA03008ACA0300C5C90300B0C90300CA
:10376000AECA0300044B5A6942F010025A615A690A
:1037700022F008025A61704700ED00E0EFF3088084
:10378000EFF3098101B57246FFF7E6FE01BD00BF08
:10379000002080F31488BFF36F8F0AF003FD002030
:1037A0000D490860BFF34F8F0C4880F3088800F084
:1037B0003DF8402080F3118809484FF440614018DB
:1037C00080F30988EFF314800221084380F3148802
:1037D000BFF36F8F00F01EF994ED00E0D08A002057
:1037E000906F0020BFF34F8F0549064BCA6802F463
:1037F000E0621343CB60BFF34F8F00BFFDE700BF14
:1038000000ED00E00400FA050749D1F890200023FC
:10381000C2F307221846934200DB7047C1F8983084
:10382000C1F8A0000133F6E700ED00E008B572B67C
:10383000002383F31388FFF7E7FF144B4FF0FF32A9
:10384000C3F88020C3F88420C3F88820C3F88C20F4
:10385000C3F89020C3F89420C3F89820C3F89C20A4
:10386000C3F88021C3F88421C3F88821C3F88C21D0
:10387000C3F89021C3F89421C3F89821C3F89C2180
:1038800062B6BFF34F8FBFF36F8F08BD00E100E05A
:10389000084B9B6883420BD1EFF3058343B1064B82
:1038A0005A6842F080525A605A6A22F400425A62C0
:1038B00014F072BF583D002000ED00E0094A936803
:1038C0006FF00A01D967084998674B6843F0805345
:1038D0004B60002383F31188BFF36F8F9368D86F19
:1038E000704700BF583D002000ED00E0EFF311836A
:1038F000402383F31288BFF36F8F094A53699360A3
:10390000084A4FF000615160074A596F1160002169
:103910009A6F996782F31188BFF36F8F704700BF6A
:10392000583D002000ED00E02C3600200B498A684D
:103930004FF030001044EFF3098C80E8F01F74461C
:103940007046FFF7D3FFA64604498A6802F13000AB
:1039500090E8F01F8CF3098870470000583D002064
:103960001EF0040F0CBFEFF30880EFF309808169AC
:1039700011F8021C0229FFD001B510F0C3FC01BDF3
:1039800040B2002807DB044A4109012300F01F0070
:10399000834042F82130704700E100E040B2002847
:1039A0000CDB4309064900F01F002033012282404E
:1039B00041F82320BFF34F8FBFF36F8F704700BFD5
:1039C00000E100E0054B420900F01F0053F82220FF
:1039D000012303FA00F01040704700BF00E100E04F
:1039E00040B2D30754BF023100210028ACBF00F120
:1039F0006040074A4FEA4113ACBF00F5614000F058
:103A00000F00DBB2B4BF135480F80033704700BF1F
:103A100014ED00E00B4A08B50B4B22F07F029A60D0
:103A2000BFF34F8FBFF36F8FD3F8882022F470025B
:103A3000C3F888200CF07CF80DF0A2F800F048F8EC
:103A40000CF0B8F800C2000000ED00E042F8203CA5
:103A5000009B42F81C3C0A49019B42F8183C029B1F
:103A600042F8143C21F001014FF0807342F8043C0D
:103A700042F8081C0023203A02658367704700BFA4
:103A8000BD18020000B50B4B98600B4B0E46416F02
:103A9000196015462C4686F309884FF00000074B45
:103AA000984720464FF000014FF000024FF000030E
:103AB000034C2047583D00202C3600204343030090
:103AC000BD180200014B10221A61704700ED00E0A2
:103AD000044800234021C2180133272B82F8001329
:103AE000F9D1704700E100E008B5EFF30583064A1D
:103AF000103B02EBC30152F8330049688847BDE828
:103B00000840FFF75BBB00BF288E0300024B034A4F
:103B10000348012100F086B80000012000000020C9
:103B2000609603001FB5144AD2F89030C3F3072300
:103B3000013B98420FD9114B029300230390CDE92A
:103B4000003318460E49012210F02EFC6FF01500CC
:103B500005B05DF804FBC2F898000B6823F01F0362
:103B6000034343F01003C2F89C308B6843F0010319
:103B7000C2F8A030ECE700BF00ED00E0C5CA0300CA
:103B8000DC900300F0B50E4689B01F4604460025C0
:103B9000B54212DA606838B3BFB1431E18420FD085
:103BA000134B02930023CDE9003312490395012200
:103BB000184610F0F9FB6FF01502104609B0F0BD81
:103BC0001F28EDD921680B42EAD12368059310F034
:103BD000DBFBA36805A90343D0B20793FFF7A2FF5D
:103BE00010F1160FE7D0421C01350C34D0E700BFAE
:103BF000EBCA0300DC900300044B0522C3F89420B9
:103C0000BFF34F8FBFF36F8F704700BF00ED00E031
:103C1000BFF35F8F024B0022C3F89420704700BFB0
:103C200000ED00E010B5034C01232278FFF7AAFF56
:103C3000207010BD5E4900202DE9F04357485849D7
:103C4000D0F890300D68C3F307239D4285B000F291
:103C5000A180FFF7DDFF49680022954201F10C01C8
:103C60001AD1504C504F25706846FEF713FEDFF80E
:103C70003C81DFF83C9106460025AE421FD12378F7
:103C800046490020D1F89020C2F3072293427BDB03
:103C9000FFF7B2FF00204CE0C0F8982051F80C3C30
:103CA00023F01F03134343F01003C0F89C3051F876
:103CB000043C43F00103C0F8A0300132CDE7009886
:103CC00000EB05114FEA051CCB683B40B3F5000F34
:103CD00044D00AD8B3F5001F2ED0B3F5800F34D0EE
:103CE000B3F5801F10D00135C7E7B3F1807F3ED018
:103CF000B3F1007FF7D150F80C3088684A6810F0B3
:103D000043FB40F4802009E050F80C3088684A6892
:103D100010F03AFB40F0885040F43020039001A9A5
:103D20002078CDE90123FFF7FDFE002828DA6FF0A7
:103D3000150005B0BDE8F08350F80C3088684A687B
:103D400010F022FB40EA0800E8E750F80C308868E1
:103D50004A6810F019FB40EA0900DFE750F80C3020
:103D600088684A6810F010FB40F08270D6E750F87F
:103D70000C3088684A6810F007FB40F08870CDE787
:103D8000237801332370AEE7C1F89830C1F8A00062
:103D9000013377E74FF0FF30CBE700BF00ED00E0E5
:103DA0006C9603005E4900200000F0FF000008113F
:103DB0000000020208B5024B1B689847002008BDAE
:103DC00030360020034B044A1860937843F0020316
:103DD0009370704730360020E0090020F0B587B0BE
:103DE00007460E4614460021102268461D4614F070
:103DF00035FF02238DF802302A46054B01932146F8
:103E00006846CDE904760DF073FD07B0F0BD00BF44
:103E1000C943030008B50649064821F00701C1F16E
:103E2000005202F580320FF0ADF9002008BD00BF4E
:103E3000070001203436002070B54169867A0B4DA9
:103E4000044659B1437ADB0706D42C2303FB0653FF
:103E50005B6A1B689B689847002363612C2021469E
:103E600006FB0050BDE8704014F058BA000E002068
:103E7000024B2C2202FB0030704700BF000E0020D6
:103E8000827A064B2C2101FB02339A6A1B7F1B337B
:103E9000801A23F00303B0FBF3F07047000E0020FC
:103EA00038B5074B827A2C2404FB02335B6AD3E9D2
:103EB00001240C601568FFF7E3FF04FB005038BDD8
:103EC000000E00202DE9F04F85B0054668460391AD
:103ED00091461C4690469A4614F0BDFCDDE9006709
:103EE000EFF3118B402383F31288BFF36F8F698B3D
:103EF000002942D02B8B8B4226D900220023284652
:103F00000BF0D2FF0446F8B18BF31188BFF36F8F2B
:103F1000039B002B4FD032463B46684614F0BFFC53
:103F2000A27A2D4B2C2101FB023320465B6A1B68D1
:103F300003A91D68DDE90023A847606100283BD183
:103F40002046FFF779FF31E0698B4B1E6B838BF3C3
:103F50001188BFF36F8F2B7F2A8BAC6A1B3323F042
:103F60000303521A02FB03441B4B1C4AEB1A9B101F
:103F70005343A3722B7FE372CAE78BF31188BFF31D
:103F80006F8F54EA090409D014F078FE144A154BD7
:103F900012589A420ABF8846C846C246424653460D
:103FA00028460BF081FF04460028B1D100242046AA
:103FB00005B0BDE8F08F6361012300252381039BD9
:103FC0006382E27A6560294604F1180014F046FE27
:103FD00063692582E360EAE7000E0020A38B2EBA16
:103FE00008000000882F002070B50C4C2C2500B96B
:103FF00070BD037A4668013BDBB20372002BF7D138
:10400000C3604360837A05FB03431B6A13B198477F
:104010003046ECE7FFF710FFFAE700BF000E002084
:10402000044A0123C2F840354FF080420020C2F814
:104030007835704700E0014020B1034B800143F028
:1040400001031847704700BFE093030038B5064CE2
:10405000064DAC4201D3002038BD54F8043B002B80
:10406000F7D09847F5E700BF68910300749103000B
:10407000084B0246186808B1036800B970474189C7
:104080009142FBD01BB1196818460B46F5E719465B
:10409000FAE700BF403600200A4B1B681BB11A68C4
:1040A0001BB9184670471A46FAE75989814206D06B
:1040B0001AB1116813460A46F2E71146FAE7D868C2
:1040C000704700BF4036002000230360044B5A684D
:1040D00012B9C3E90000704710605860704700BF14
:1040E000403600202DE9F04F00238BB0CDE9063398
:1040F000984601F10C0305460E460493348A34B900
:104100002968304610F0BCFB296800208FE0072C9E
:1041100040F21281F2681068516806AB03C3BDF823
:104120001A3004985BBA1FFA83FBADF81A30BDF859
:104130001C305BBA9AB20821ADF81C30059210F021
:10414000D3F9338A5B45C0F0FB809DF818A01AF0C4
:10415000050440F0F9802968304610F07DFB0746E1
:10416000002800F0F380686840F8046B338ACDE9DA
:10417000014401220092F268042113F05BFEA8685A
:10418000394610F004FA9DF81830D5F80890C3F3BA
:10419000C103012BC9F84C4000F2D0800598FFF70D
:1041A00067FF18B90824D5F80C8028E09DF81F1087
:1041B00010F0BEF90028F5D09DF8183013F0070371
:1041C00003D0022B39D00324EDE70468A868002C43
:1041D000E8D00F21043013F0EDFE0023EB6000283F
:1041E0003FD02846A0470446A8680F21043013F0AA
:1041F000E9FE20BB002CD5F80C8008BF0724A86876
:10420000394610F0C4F9D5F808A00AF104090221D2
:10421000484613F0CFFE00284ED10221484613F045
:10422000D1FE2968304610F02BFB2968384610F083
:1042300027FB20460BB0BDE8F08F4468C6E7002C92
:10424000B1D1B9F84E40BCB11AF0180F14D1B9F879
:104250004C00FFF721FF034628B9D5F80C80012454
:10426000CDE707249FE720469847D5F80C80044601
:10427000B0B1002F65D0C2E7D9E90043E268A3EBF3
:10428000020908A9A9F1080206A810F061F9A4F82A
:104290001090AB681B68DA680B4603CB1060516066
:1042A0002B6838469B6A98470446002849D10498F1
:1042B000594610F019F921E725490222484613F022
:1042C0005EFE0028A9D02146484613F03CFE002897
:1042D000A3D0B8F1000F0ED01E490322484613F0B8
:1042E0004EFE002899D04FF480724146484613F0A4
:1042F0004FFE002891D00221484613F063FE0028AB
:104300008FD0DAE90093D9F80C20A3EB020808A9B2
:10431000A8F1080206A810F01BF9A9F81080AB68F4
:104320001B68DA680B4603CB106051602B68384677
:104330009B6A9847002774E70924E1E60D245EE7AD
:104340000924374600265AE70824FAE70224F8E74A
:1043500038CB03003BCB030070B504460E46154630
:104360008AB3A0F84810A0F84A201849032213F095
:1043700006FE18B9002000F0010070BD02212046A1
:1043800013F018FE0028F5D011490522204613F03D
:10439000F6FD0028EED03146204613F0DEFD002861
:1043A000E8D00C490222204613F0E9FD0028E1D0B4
:1043B0002946204613F0D1FD0028DBD002212046FB
:1043C00013F000FED7E70120D7E700BF05C40300C4
:1043D0003FCB030038CB03002DE9F04395B00646F0
:1043E0000FF0B0FB00244FF00133D6F8088003FB38
:1043F00000F7A146444501DB012020E0A8EB0405BD
:10440000402DA8BF40252B4604AA214630460FF078
:104410003BFB002806DBAD1004AA0023AB4211D100
:104420004034E7E70B4B0390CDE901930023184696
:104430000949CDF80090012210F03FF90B2015B08A
:10444000BDE8F08352F8041BB94201D10133E5E71E
:104450000020F4E745CB0300BC90030010B588B002
:1044600010F03BF9041E35DB07A9E0B2FEF718FA9D
:1044700000280FDA184B02930023CDE90340CDE961
:10448000003316490122184610F017F90A24204675
:1044900008B010BD0798FFF79FFF0446B8B907980A
:1044A000214682680FF032FB20B9002407980FF0F4
:1044B000EAFAECE70A4B0390CDE901430094234666
:1044C00020460649012210F0F8F80D24EEE70128F5
:1044D000ECD1EAE70E24DAE76DCB0300BC900300D1
:1044E00091CB03002DE9F04188B010F0F6F8041EDE
:1044F0000E46174698462FDB07A9E0B2FEF7D0F923
:10450000054680B1154B02930023CDE90340CDE968
:10451000003313490122184610F0CFF80A24204630
:1045200008B0BDE8F081079843463A4631460FF09F
:10453000ABFA044607980FF0A6FA002CEFD0094B0F
:104540000394CDE90153064900952B4601222846E4
:1045500010F0B3F80B24E2E70E24E0E76DCB030084
:10456000BC900300B0CB030070B50C4615461E4648
:1045700048B1094833462A4621460FF060FB00281F
:1045800018BF0C2070BD054B034819780FF069FB6C
:104590000028EED00A20F5E74836002074380020C5
:1045A000F0B50E468BB00546002871D1394B06A9EF
:1045B0001878FEF775F9044670B1374B0390CDE9D2
:1045C0000153364900952B460122284610F075F814
:1045D0000A2420460BB0F0BD06980FF0B1FA07464A
:1045E000002853D0069B5D68013D354407AA294643
:1045F00012F05FF8064678B1294B0094CDE90143EB
:104600002046234625490395012210F056F813242D
:1046100006980FF038FADCE7DDE90605089B1D4433
:104620004368ED1A2A4631460FF070FA044668B125
:104630001C4B0096CDE90350CDE901633346174981
:104640000122184610F039F80D24E1E7069B98681E
:1046500011F02FFFA842DBD3069B5968014407AA3B
:10466000384612F026F80698079943688568C91AF3
:104670006D1A2A460FF04AFA0028C9D00A4B009456
:10468000CDE90143CDE903502346D8E71224BFE723
:1046900014249EE774380020D3CB0300BC900300A1
:1046A000F9CB03000CCC03003CCC0300F0B506466C
:1046B0000D468BB018220021284614F0CFFA7368FB
:1046C000581C06D16E4B1B686B61142420460BB03E
:1046D000F0BD002B40F0BF8032691F2A04D8684B20
:1046E0001B686B611624F1E7B268511C04D1644B5E
:1046F0001B686B611524E9E7C5E90023F768614B86
:104700003A689A4204D0604B1B686B611724DDE75E
:10471000B269202A00F29B806AB15C4803680133C9
:1047200009D0037B9A4206D171690D3014F07AF9F1
:1047300004460028CAD0002010F00DF818B90FF078
:10474000CCFF002810DA012010F005F820B9012074
:104750000FF0C3FF002807DA4FF0FF33EB604C4B3C
:104760001B686B610924B1E7E86006A9C0B2FEF7D7
:1047700097F8044688B1474B47491B686B61049022
:10478000EB680393454B02930023CDE900330122EC
:1047900018460FF092FF0A2498E70698B2688368DB
:1047A0009A4215D93E4B1B686B610FF06CF9069B62
:1047B00039499B680493B36803933A4B0094CDE95D
:1047C00001432046234601220FF077FF1E247DE798
:1047D0000FF059F9337F83B108A810F00EF80028C4
:1047E00037D107F1140108A80FF07FFF002804DB80
:1047F0002D4B1B686B611B2468E72C7B07A92046A7
:10480000FEF74EF8A8B90798FFF7E6FD04460798AB
:104810000FF039F9002CFFF659AFB4FA84F46409AB
:104820006C743369AB6001232B7400236B6100242B
:104830004CE71A4B02930023CDE90340CDE9003346
:104840001549012218460FF038FF0A24E5E718241D
:104850003CE71A243AE70D4A13689168EB6000239D
:1048600029606B60736852689342E0D132691344E7
:104870009942D6D20D4B1B686B611F2426E700BFFF
:10488000200A00203DB8F3961C0A0020743800204E
:10489000180A0020140A0020BC9003006DCB03000E
:1048A000040A002074CC0300080A0020000A00203B
:1048B00070B588B00FF011FF051E0E461DDB07A96D
:1048C000E8B2FDF7EDFF044678B10D4B02930023EB
:1048D000CDE90350CDE900330A49012218460FF013
:1048E000ECFE0A24204608B070BD07980FF02AF9A4
:1048F000307007980FF0C7F8F4E70E24F2E700BF16
:104900006DCB0300BC9003007FB50BAB0593039305
:10491000054B02930023CDE9003301221846FDF731
:1049200041FD07B05DF804FB97CC0300F0B595B0EE
:104930000F4620230293044615466B460CAA03A992
:104940003846019200F068FA0646002840F08E8052
:1049500004340F21204613F02DFB10B9002015B0B0
:10496000F0BD43490422204613F009FB0028F5D08E
:1049700007F00101204613F0F0FA0028EED03D497F
:104980000722204613F0FBFA0028E7D005A903A868
:1049900000F0E8F9002861DA37490522204613F0D3
:1049A000EEFA0028DAD035490422204613F0E7FA5F
:1049B0000028D3D001A9204613F0DBFA0028CDD07F
:1049C0002F490822204613F0DAFA0028C6D00099B1
:1049D00081F01001C1F30011204613F007FB0028FD
:1049E000BCD028490722204613F0C9FA0028B5D0C8
:1049F000C5F34001204613F0F9FA0028AED0224951
:104A00000922204613F0BBFA0028A7D0C5F3800185
:104A1000204613F0EBFA0028A0D01C4906222046BD
:104A200013F0ADFA002899D005F00101204613F0EB
:104A3000DDFA002892D016490922204613F09FFA89
:104A400000288BD0C5F3C001204613F0CFFA002810
:104A500084D00F21204613F0B5FA80E7192205A96A
:104A600020468DF82C6013F093FA9AE7012076E740
:104A70002ACE0300E9CC0300F1CC0300F7CC0300FD
:104A8000FCCC030005CD03000DCD030077B203007D
:104A900017CD03002DE9F7438668344904360746ED
:104AA0000622304613F06BFA38B90FF086FE0FF08D
:104AB00085FE072003B0BDE8F0830221304613F0E5
:104AC00075FA04460FF079FE002CF0D000240DF1A9
:104AD000070120468DF807400FF01EFE8046204655
:104AE0000FF06DFE9DF80730022B054680F001099E
:104AF0002AD180454FF001082CD14D45B8682CDAF9
:104B000042462946FFF712FF0028D0D022464946E8
:104B1000B868FFF70BFF0028C9D00221304613F018
:104B20004DFA0028C3D012490B22304613F027FA61
:104B30000028BCD00021304613F005FA0028B6D07A
:104B40000FF03CFE0020B5E780454FF00508D4D0BB
:104B5000022BD2D8074AD456CFE722464946FFF760
:104B6000E5FE0028A3D042462946D1E721CD030027
:104B700028CD03003CCD03002DE9F04147108AB059
:104B80000546384688460FF01AFE002306460DF10A
:104B9000230138468DF823300FF0BEFD0446B8F1EE
:104BA000000F1ED00FF00DFE874205D19DF8233077
:104BB000012B27D11C2421E0AE4252D09DF8233096
:104BC000012BF7D0002B50D0022B4ED028460FF0EF
:104BD00084FD09A9C0B2FDF763FE0746D0B10A24DF
:104BE0000CE0AE423FD09DF82330012B03D07BB1C7
:104BF000022BDFD0EAE7A842DCD1002420460AB02D
:104C0000BDE8F081002BDFD1AC42F6D0AE42F0E738
:104C1000A842EEE7731B594209984246594112F0E7
:104C2000DDFB0446A8B1124B12490097CDE90305FC
:104C3000CDE90173CDE905683B4601223846FFF70F
:104C400063FE012C09D0042C09D0032C14BF0124CD
:104C5000172409980EF017FFD0E70C24F9E71D245C
:104C6000F7E72024CAE72124C8E7AC42AED1C4E765
:104C700097CC0300BC900300F0B597B035490C9178
:104C800004210D91344902AACDE90E12334A119242
:104C900005460722D0E901041292314A13920023FB
:104CA0000DF10302CDE902338DF8033001938DF845
:104CB000403014928DF85430022201AB0CA904301C
:104CC0000FF07FFC002841D10FF077FD039B0434E7
:104CD0006BB99DF8033063B10FF073FD0FF06FFDFA
:104CE0009DF80310FFF748FF18B382B202E0202BB3
:104CF0000AD0182220460121FFF72EFB04460FF0B0
:104D00005DFD2CB300241BE0029B04AA03F1200CE0
:104D1000174618685968164603C608336345324675
:104D2000F7D1002138460FF04EFD0028D8DA0822CE
:104D3000E0E72846FFF7AEFE044620B10FF03EFD47
:104D4000204617B0F0BD0FF039FDDBE70324F7E78D
:104D50000724F5E7F7CC0300117C030034CD0300F2
:104D6000BD7C030073B543880193437800930E46DE
:104D700003780C4A0546192130460CF0B1FC041E9C
:104D800003DA4FF0FF3002B070BD6B683BB1064AEA
:104D9000C4F1190130190CF0A3FC031EF1DBE0187B
:104DA000F1E700BF3FCD03004BCD0300033880B2D5
:104DB00019289ABF014B185601207047ADCD03004A
:104DC00008B5054B2C220021184613F047FF4FF081
:104DD000FF3240F8042C08BD783800200148FFF766
:104DE00073B900BFF009002010B5041D0849032263
:104DF000204613F0C4F808B9072010BD054B204623
:104E0000596813F0B4F80028F6D00020F5E700BF89
:104E1000BBA90300743800202DE9F0438BB00C4689
:104E20000DF10301054616461F46FFF741FD0146F9
:104E3000002840F08D80202302AA2846FFF752FB6D
:104E4000002850D19DF80380DFF81091B4BB029880
:104E5000484540D10FB1069B3B60059BBDF8104013
:104E60001C4404230DEB030221462846FFF73AFBBE
:104E700040B9BDF8042046F608139A4204BFBDF8B5
:104E80000630E41804230DEB030221462846FFF701
:104E900029FB58BBBDF8042046F607139A4225D1DA
:104EA000BDF8067004342744814604F10408B8456F
:104EB0001ED989F001094FEAC90014E008224146D1
:104EC000204613F0CBFE0298484504D107AB03CB34
:104ED00020606160BEE74FF0013303FB08F84045F6
:104EE00014BF172003200BB0BDE8F0830420FAE7BD
:104EF00004230DEB030221462846FFF7F3FA0028AE
:104F0000F1D1BDF80420BDF80630FF2A05D14FF6D7
:104F1000FF72934205D10520E5E7102A01D1202B2D
:104F200004D0043303EB04084446BEE7B9F1000F94
:104F300010D116B94FF00109F6E72434BC420BD862
:104F4000324641462846FFF7CDFA0028F2D0CAE79C
:104F50000220C8E70620C6E70720C4E73DB8F3965D
:104F600070B58AB01B4A0592D0E901050422069269
:104F7000194A07920023012601AACDE9016308928C
:104F80008DF82430324602AB05A904300FF019FB2E
:104F90000446E8B90346024603A901980435FFF721
:104FA0003BFF58B901980FF0D6FB38B10922012117
:104FB0002846FFF7D1F920460AB070BD0198FFF7E7
:104FC0004DFA0646FFF7FCFE002EF4D0B2B2EEE733
:104FD0000324F0E72ACE0300077C03002DE9F04309
:104FE000BBB000250DF13009D0E901482022294647
:104FF00006464846059513F031FE4FF0FF33CDE9E4
:105000000D336D4B1C9305231D936C4B8DF8805015
:10501000CDE91E396A4B2193042322930FAA694BD1
:10502000239324923293684A269211AB674A3393B2
:10503000674B28920EA92D9235930DAA072329912B
:105040002E926449644A3693644B379303270434A1
:1050500013ABCDE92B17CDE930273893204605ABAC
:1050600006221CA98DF8945027978DF8A8508DF82A
:10507000BC508DF8D0508DF8E4500FF0A2FA0B958B
:105080000446002840F0958006A94846FFF70EFB2D
:1050900008F104080546F0B10B9BF360504B0390F8
:1050A000CDE9014301224F490094234620460FF0E9
:1050B00074FBAAB201214046FFF74EF900230546D2
:1050C00014AA19460120FFF7A7FEFFF779FE002D6D
:1050D00008BF072406E09DF828303BB9B068FFF709
:1050E00083FE044620463BB0BDE8F0833E4D099B5D
:1050F0002B60069BAB600D9BEBB9129F11996C6006
:105100003A4605F10D002F7313F080FD07F10D00F5
:10511000C7F120022146284413F0A0FD9DF8293054
:105120004BB10E992046FFF73BFA20B12F4B1B687D
:105130000B9382B2BEE7109BD5E901122BB99142C5
:1051400031D0B068FFF750FECCE70B449A1A5342B7
:1051500053410F99089A0D98FFF706FA074690B940
:105160006B68089A1344AA686B609342E9D10346BE
:10517000014614AA0120FFF74FFEB068FFF734FE86
:10518000FFF71EFEAEE71A4B16491B680B93194B2F
:105190000293002303900122CDE9003318460FF05B
:1051A000FCFABAB286E714AA19460120FFF734FECA
:1051B000C7E73C4696E700BF4FCD0300077C0300DE
:1051C00061D80300117C030007D403000D7C0300A9
:1051D00059CD0300BBA9030055CD0300BD7C0300DE
:1051E00061CD0300BC90030074380020100A002039
:1051F0000C0A002081CD03000148FEF765BF00BF07
:10520000240A002070B588B00521846804914068A4
:105210002449254E0396002301AACDE90512CDE9C4
:1052200001338DF81C3001226B4603A904300FF0C6
:10523000C8F90434054690BB009B7BB91B490A2280
:10524000204612F09CFE28B119490722204612F090
:1052500096FE00B90725284608B070BD32460121E8
:1052600003A80FF005FAA0B1029E042E11D10199F6
:105270001048324613F0D6FB58B90E493246204644
:1052800012F07DFE0028E5D00321204612F05BFEDF
:10529000DFE7032200212046FFF75EF8D9E7032568
:1052A000D9E700BF177C030069CE03006FCE03006F
:1052B0007ACE030082CE030010B584680E49043410
:1052C0000822204612F05BFE28B14FF4C061204650
:1052D00012F043FE08B9072010BD084909222046F4
:1052E00012F04DFE0028F6D00421204612F035FEC3
:1052F0000028F0D00020EFE787CE030090CE030017
:1053000008B54FF40052002302480BF053F8002078
:1053100008BD00BF98070020F0B589B0D0E901456D
:10532000134A0392134A0023012701AECDE901334A
:10533000CDE905268DF81C30201D6B463A4603A9A1
:1053400004970FF03EF9044678B904350A493A4605
:10535000284612F014FE20B13146284612F00CFE09
:1053600000B90724204609B0F0BD0324FAE700BFC6
:10537000F2E40300177C030078CE030013B5084C59
:10538000204613F0C1F8074B00932046064903233B
:105390004FF440620AF0A6FF002002B010BD00BF2B
:1053A000201E00202097030088530020024800227E
:1053B00000230FF01AB800BF080F002010B5836A51
:1053C00004465BB10FF069FA0649204613F037F83E
:1053D00004F1100012F08BFF002010BD6FF01500DB
:1053E000FBE700BF2348030010B50446103012F05D
:1053F0008AFF21460248BDE8104013F04BB800BFB9
:10540000201E0020F0B5836B87B004460E4603B320
:1054100013F01EF810F0050F02D0204613F065F8C7
:10542000684612F064FF04F110070022002338469A
:105430000AF03AFD054670B90022002368460AF0DA
:1054400033FD0146A8B923691BB10C48214613F06E
:1054500021F807B0F0BDA36B3146984720B921462B
:1054600028460FF00DFAE0E72946684612F04BFF98
:10547000DBE7384612F047FFDEE700BF201E0020C2
:10548000034B1A6882420CBF18460020704700BFC9
:10549000C01E00201FB590F830200B4912F0010FFC
:1054A00003460BD0086849686A4603C2694653F848
:1054B000380C0FF080FA05B05DF804FB8868C96805
:1054C00002AA03C202A9F2E7BC93030013B5094A7A
:1054D0000446D16890686B4603C354F8080C6946CB
:1054E0000FF069FA94F8603023F0010384F860301B
:1054F00002B010BDBC93030010B509480C460FF074
:10550000D1F900280ADB4CB905480FF030FA0460E5
:105510000471BDE8104002480FF01BBA10BD00BF77
:10552000A43800202DE9F04387B0804617461D4679
:10553000FFF7A6FF064678B92E4B2F49CDF80C8011
:10554000CDE901030090034601220FF057FA6FF0F6
:10555000100007B0BDE8F08328480FF0A3F93946E2
:1055600004462A4625480FF0A5F910F10C0F07460E
:10557000EDD000280CDA21480FF0F9F910B1002322
:10558000036003711D480FF0E4F96FF01200E0E7CB
:10559000002C28DA19480FF0EAF981464046FFF757
:1055A0006FFF0446C8B190F86830D9070ED4144A8A
:1055B0004FF4281304A94046CDE904230FF0FBF96A
:1055C00094F8683043F0010384F868304FF42032D7
:1055D000002304F108000AF021FFC9F8008096F8C2
:1055E000693089F804301FB9044839460FF099F939
:1055F0002846AEE7BECE0300CC900300A4380020BE
:105600000600090030B585B00546FFF739FF294689
:1056100004461348FFF7F6FEA4B12046002584F89F
:10562000695040F8085B12F081FF04F1380012F075
:105630007DFF84F8685004F16C0005B0BDE830408F
:105640000AF064BC074B08490395CDE90143009477
:105650002346012220460FF0D1F905B030BD00BF2E
:10566000A4380020BECE0300CC9003001FB5154B1C
:105670001549164801241C7012F04CFF14491548B6
:1056800012F048FF14482246002112F055FE13483C
:10569000134B8362134BC362134B0363134B43637C
:1056A000134B8363FFF78AFE50B1124B0293002322
:1056B0000390CDE900331049224618460FF09EF9B9
:1056C00004B010BD5F490020CD540200C81E002068
:1056D00095540200F81E00202C1F0020A438002042
:1056E000FD560200ED49030083490300774903009A
:1056F00091490300E0CE0300CC9003002DE9F04F68
:1057000091B004461822002101A813F0A7FA3B4BE0
:105710000293D4F81890E3680393394B0593B9F1D9
:10572000000F0BD1052604F118000FF024F92046D4
:105730000FF090F8304611B0BDE8F08F07A9484649
:1057400003F02CF906460028ECD19DF83C30022BE2
:10575000E8D120460FF04AF9054608B90126E2E7EC
:105760004846FFF78DFE07460028DBD090F86930E9
:10577000002BD7D0227F9A42D4D100F16C0A504638
:105780000AF00EFCB346B046238A4345CBD997F8BE
:105790006920002AC6D0217F9142C3D108EB0502BF
:1057A0009A42C4BFA3EB08039DB201A94846ADF8D5
:1057B000105005F0C5F910F10C0F09D1BBF1000F25
:1057C00003D1132D18D9C5F34F050BF09BF8DBE778
:1057D0000028C3D1E26808EB05031FFA83F812FA28
:1057E00083F303934FF0FF324FF0FF3350460AF03C
:1057F000B1FB4FF0010BC7E7022694E75097030077
:105800001D4A030011B9094A136803B170470849DA
:1058100010600B7882F869300133DBB2012B38BF9E
:1058200001230B7002F16C000AF0BABBC01E00200D
:105830005F49002008B5044812F0F2FB00280CBFB5
:105840006FF01200002008BD888D03000E4B402928
:1058500070B528BF40210D4C46181D46B04203F1DB
:10586000020304D1002305F81130074870BD027807
:105870001209A25C03F8022C10F8012B02F00F02AF
:10588000A25C03F8012CE9E77E4900205ECF03000B
:1058900030B503788BB0044607AD032B21D8DFE881
:1058A00003F0021A1C1E12492846F6F7E8FA05957D
:1058B00063780493A3780393E378029323790193A5
:1058C00063790093A3790B4A0B481E210BF008FF64
:1058D00009480BB030BD0949E6E70949E4E7094941
:1058E000E2E7094A0A2128460BF0FAFEDFE700BF8B
:1058F00004B5030026B50300604900200BB5030082
:1059000012B503001CB5030074DD030030B50A4D69
:105910000A4B85B0002428460293039412F0F4FD4C
:1059200002AB0093284606490A234FF4A3620AF00B
:10593000D9FC204605B030BD481F00206FCF0300C2
:10594000885F0020014601480AF00ABD481F002078
:105950000378012B30B513D0022B27D07BB9194B1C
:105960000A4603F1100453F8045B42F8045BA342B7
:10597000F9D11B78137043884B731B0A8B7330BDAE
:10598000104B0A4603F1100453F8045B42F8045B21
:10599000A342F9D11B78137043684B73C3F30722FA
:1059A0001B0CCB731B0A8A730B74E8E700F110031E
:1059B00050F8042B41F8042B9842F9D103780B706E
:1059C000DDE700BF78CF030038B5054605480EF087
:1059D0000CFD044620B101210C300EF05BFD257654
:1059E000204638BDDC0E00200F2810B50ED80D283B
:1059F0000ED90B480EF0F9FC044628B101210C30F9
:105A00000EF048FD01232376204610BD1328F0D068
:105A100009B10448EEE7BDE810400120FFF7D4BF0C
:105A2000340F0020580E002070B5C6683378B6F8E1
:105A3000014083B90F21204602F0C8FCF3780546E7
:105A400050B90A4A118831B96FEA04506FEA105010
:105A50001080074A137070BD4372012102F0E4FB0D
:105A60002846BDE8704002F0B5BB00BFAE3D002047
:105A7000FF49002010B5084C0146062294F86F003B
:105A800002F06AFF38B994F86F000449BDE810408D
:105A9000052202F061BF10BDC807002044CF0300FB
:105AA0001FB501460B480EF0A4FC0B490B4812F041
:105AB000F1FC00280ADA0A4B029300230390CDE997
:105AC00000330849012218460FF093F805B05DF83D
:105AD00004FB00BF14090020700A0020E81F00200A
:105AE00098CF0300149003001FB5C36807491B78C3
:105AF0000393074B02930023CDE90033022218469B
:105B00000FF077F805B05DF804FB00BF14900300B8
:105B1000B5CF03001FB501210C300EF0EDFC03786A
:105B20000393064B02930023CDE90033044901227D
:105B300018460FF05EF805B05DF804FBDDCF0300FA
:105B4000149003001FB5C3681C880121204602F091
:105B50003DFC034650B9084A08490394CDE90102C7
:105B6000009001220FF045F804B010BD04B0BDE86C
:105B7000104002F02FBB00BFFFCF030014900300C2
:105B80007FB5C3681D788DB9B3F801600F21304629
:105B900002F01CFC044658B90A4B0B490396CDE9A8
:105BA00001030090034601220FF023F804B070BDFA
:105BB000294602F039FB204604B0BDE8704002F0EF
:105BC00009BB00BF23D003001490030030B502EBE3
:105BD000C303044687B008469A4202D16FF05E00C4
:105BE00016E0114611F8085BA54217D1038A5178D7
:105BF00099420FD9CDE90334094B0293002318468B
:105C0000CDE90033074901220EF0F3FF6FF01500D4
:105C100007B030BD536898470020F9E70A46DBE734
:105C200049D003001490030070B586B005460C46B9
:105C3000FFF7CCFF5F3011D1268AE0683146FFF7CD
:105C400005FE074B02930023CDE90460CDE9003344
:105C500004490395022218460EF0CBFF06B070BD32
:105C60006BD003001490030070B54C4886B00EF062
:105C7000D5FB044600285FD0027E012A5ED0032AAD
:105C800040F08880038A032B07D80393444B029388
:105C90000023CDE90033012259E004210C300EF03D
:105CA0002BFCFF23428806886376238AC6F30B0009
:105CB0009A42A0830FD0CDE903323A4B02930023DE
:105CC000CDE900333849012218460EF092FF2046F4
:105CD000FEF78AF91BE00F2102F078FB054658B960
:105CE000A38B0393314B30490090CDE9010301228E
:105CF00003460EF07EFFEAE702F0AEFB320B607661
:105D00002146284602F036F9284602F063FA284B6D
:105D1000D3F84C3183B12749274812F0BBFB002848
:105D20000ADA264B029300230390CDE900331E4983
:105D3000012218460EF05DFF06B070BD038A012BEC
:105D400008D803931E4B02930023CDE90033164974
:105D50001846CEE702210C300EF0CEFB0546007847
:105D60000EF026FF10F002060DD1164A164917480C
:105D700040F6A8330DF0A0FA86F31188BFF36F8FB9
:105D80000323184602DF124A287804232146FFF72E
:105D90004BFF9CE70F4B039279E700BF14090020EB
:105DA0008DD00300AED0030014900300D2D00300C6
:105DB000C8070020700A0020E81F002098CF0300C9
:105DC000F4D0030010D1030044D1030072D10300CA
:105DD000D09703008FD1030010B5012104460C3089
:105DE0000EF08AFB2146034A0078BDE810400723E5
:105DF000FFF71ABFF097030070B5012186B0044683
:105E00000C300EF079FB05780D4A00232146284618
:105E1000FFF7DCFE5F3011D1268AE0683146FFF7DC
:105E200015FD084B02930023CDE90460CDE9003352
:105E300005490395022218460EF0DBFE06B070BD40
:105E400028980300A3D10300149003007FB5C56810
:105E5000B5F801600121304602F0B8FA044658B99D
:105E6000104B11490396CDE901030090034601222E
:105E70000EF0BFFE04B070BD2B783BB9D5F80330EF
:105E8000C0F89530D5F80730C0F899304FF400517C
:105E9000201D0EF09FFE204604B0BDE8704002F0C9
:105EA00099B900BFFFCF03001490030030B53C2820
:105EB00087B0054620D101F09FFC6FF080011030C3
:105EC0000EF0A6FE0020FFF7D5FD044650B9114B99
:105ED00011490090CDE90103012203460EF089FE2D
:105EE00007B030BD4572002102F09EF9204607B090
:105EF000BDE8304002F06EB9084B0749CDE9030315
:105F0000074B02930023CDE90033022218460EF01E
:105F100070FEE5E7D5D1030014900300B3C303007E
:105F2000F6D103002DE9F04F894687B0904606462A
:105F3000D0B1BFF35B8FDFF838A14FF0000B5AE808
:105F4000004F4AE800B3002BF9D1BFF35B8F27461F
:105F50006CB9484B48490396CDE901430094234668
:105F6000012220460EF045FE07B0BDE8F08F204626
:105F7000FDF786FF414D0C2303FB00504288B242DF
:105F800026D02046FDF77CFF0C2303FB00503A4946
:105F90004388CDF800B0CDE90363394B0122CDE948
:105FA00001B358465B460EF024FEBFF35B8F5AE800
:105FB000003F4AE80072002AF9D1BFF35B8F002B43
:105FC000D2D01F46384607B0BDE8F04FFEF70CB8F8
:105FD000A04510D020460EF003FA04F10C06012172
:105FE000217630460EF056FAB8F81020D8F80C108A
:105FF00030460EF060FA2046FDF742FF0C2606FB05
:1060000000504368ABB1B9F1000F12D12046FDF743
:1060100037FF06FB005001214268D2E90003127AE3
:1060200003F01F06B1405B09DAB100EB83000EF00C
:10603000D1FD2046FDF724FF0C2606FB00508368A7
:10604000002BBFD02046FDF71BFF704305F80090E2
:106050002046FDF715FF06FB0055A86809F056FF1E
:10606000B0E7C94300EB83000EF0D2FDE1E700BFCB
:106070001009002012D2030014900300E838002019
:106080003AD203002DE9F047C768008A3B78012225
:1060900002EB8301814286B061D90393324B0293B4
:1060A0000023CDE90410CDE90033304918460EF045
:1060B000A0FD06B0BDE8F0872D4B2C49CDF80C8033
:1060C000CDE901030090034601220EF092FD013557
:1060D0003B789D42EDDA07EB85030F21B3F8018091
:1060E000B3F80360404602F071F904460028E3D09B
:1060F00000F1C40876B1204601F0DCFE09F006FF8D
:1061000063695BB9CDE9013A184900930122184649
:106110000EF06FFD204602F05DF8D8E7A1691A681D
:1061200062618B4208BFA261C3F80090226A9AB9EB
:10613000C4E90733BFF35B8F58E8003F013B48E8F1
:106140000032002AF8D1BFF35B8F00212046013EC8
:1061500001F0BCFEB6B2CDE713602362EAE700258A
:10616000DFF810A0A946B3E76DD203001490030036
:1061700097D20300B3D2030070B5C568B5F80160CB
:1061800086B00121304602F021F9044658B92D4B62
:106190002D490396CDE901030090034601220EF03C
:1061A00028FD06B070BD2B781A2B00F1040619D11A
:1061B000C378012B2AD14FF4006130460EF00AFD5E
:1061C00002050FD4D4F88830049304A9D4F8903091
:1061D0000593204602F000FF204606B0BDE870405F
:1061E00001F0F8BF2B788BB9B5F80330A4F88630EE
:1061F000B5F80530A4F88C30B5F80730A4F88E3027
:106200006FF4007130460EF003FD17E0BFF35B8FB3
:106210006368BFF35B8F9B05F2D52B78202BEFD102
:1062200094F89430002BEBD0013B84F894304FF479
:106230002032002304F140000AF0BCF8204602F0AE
:106240006FFAC9E7FFCF03001490030010B5C1E94E
:1062500000239DF808300B720C46FDF711FE034B2E
:106260000C2202FB00335C6010BD00BFE838002048
:106270002DE9F0474FF0FF3206464FF0FF33184844
:1062800088460EF0B2F8044638B300F10C0701213D
:106290004FF0000938460EF0FDF884F818902046BB
:1062A000FDF7EEFD0F4D4FF00C0A0AFB0050468043
:1062B0002046FDF7E5FD0AFB0050C0F80890204697
:1062C000FDF7DEFD0AFB005503213846C5F80490B2
:1062D0000EF0EBF8068080F802802046BDE8F087DB
:1062E000B00E0020E83800200138C0B202289ABF62
:1062F000014B185C00207047A1D503007FB5C5682D
:10630000B5F801600121304602F060F8044658B942
:106310000F4B10490396CDE901030090034601227B
:106320000EF067FC04B070BDE878FFF7DDFF84F87D
:10633000A4002879FFF7D8FF84F8A500204602F0D2
:1063400039FA204604B0BDE8704001F043BF00BFF9
:10635000FFCF030014900300034B0146D3F86C01F8
:1063600082689268104700BFC80700202DE9F043FB
:10637000044600F10C0685B030460EF0CDF8B4F8B6
:106380001080B8F1010F054611D81E4B029300236F
:10639000CDE900331C49CDF80C80012218460EF0DF
:1063A00028FC204605B0BDE8F043FDF71DBE304691
:1063B00002210EF0A1F8074600780EF0F9FB10F06C
:1063C000010906460DD1114A1149124840F6E473FD
:1063D0000CF072FF89F31188BFF36F8F0323184607
:1063E00002DF05230C4A38782146FFF71DFCB3076E
:1063F000D7D56369A4F8108013FA85F5E56005B078
:10640000BDE8F083F4D003001490030010D1030022
:10641000CAD2030072D10300A897030030B50C461E
:1064200085B00AF033FA237E012B05D0032B15D15A
:106430002046FFF735FB0BE0E36818780EF0B8FB59
:10644000C207054602D52046FFF790FFAB07EFD401
:1064500000240AF02FFA204605B030BD0393084B04
:10646000029300231846CDE90033064901220EF0BD
:10647000C0FB2046FDF7B8FD6FF01504E9E700BF4B
:10648000E3D2030014900300014804210EF0A2BBE4
:106490009C080020044BBFF35B8F1868BFF35B8F31
:1064A000C0F38000704700BF9C0800200048704780
:1064B000F7D20300014809F00FBF00BF600A0020B7
:1064C00030B5054685B00C4619B9FFF7D1FE044634
:1064D00008B340F635439D4215D12046FFF73CFFF7
:1064E0000546B0B10D4B029300230390CDE9003374
:1064F00018460B4901220EF07CFB2046FDF774FD87
:10650000284605B030BD0748214611F0FCFEFFF7D4
:10651000D1FF0025F4E76FF06805F1E7FFD2030033
:10652000149003001C0900207FB506460D4642F278
:1065300021000321FFF79CFE044650B90C4B0D4986
:106540000090CDE90103012203460EF052FB04B096
:1065500070BD03210C300DF0A8FF21460680857028
:1065600042F2210004B0BDE87040FFF7A9BF00BFB0
:1065700021D303001490030070B5C368D9789A78CA
:106580001E8886B042EA0122ADF8102059791A79A6
:1065900042EA0122ADF81220D9799A7942EA012221
:1065A000ADF814201A7A5B7AB5B242EA03230121CE
:1065B0002846ADF8163001F009FF044678B91F4BA4
:1065C0001F490090CDE901030395034601220EF017
:1065D00010FB02212846FFF7A7FF06B070BD04A9F3
:1065E00002F00EF938B91E212846FFF79DFF20461C
:1065F00001F0F0FDF1E70E2142F22000FFF738FE36
:1066000005460028F3D00E210C300DF04EFF00237C
:106610000680C0F80A30BDF810304380BDF8123053
:106620008380BDF81430C380BDF81630038129463D
:1066300042F22000FFF744FFD9E700BFFFCF03007D
:10664000149003007FB502460B46304DD5F8541127
:1066500011B9002004B070BD05F5987009F07AFCFE
:106660000028F6D10022002305F5AA7009F01CFCD1
:10667000044668B9264A2749274840F6B7330CF044
:106680001BFE84F31188BFF36F8F0323184602DFCC
:10669000D5F8483183B10026204B214902930122CD
:1066A00033463046CDE900660EF0A3FAD5F848012E
:1066B000FDF79AFCC5F8486120460DF0C5FEC5F807
:1066C00048012046FFF748FEF0B1164B0293002325
:1066D0000390CDE900331249012218460EF089FAE1
:1066E000114809F013FC2046FDF7CAFB0F4B0C22A2
:1066F00002FB00301F2140882246FFF713FC204692
:10670000FDF772FCFFF7D6FE0120A3E7C8070020C3
:1067100010D103008CCF030072D103003BD30300E0
:1067200014900300FFD20300F8080020E83800208E
:106730002DE9F04F05468DB016460C4631B9FFF7EE
:1067400097FD044648B96FF0680089E0887AFDF744
:106750008FFB4F4B834240F094800DF118080122CB
:106760000021404611F0E8FD2046FDF789FBDFF8E7
:1067700024A10C2303FB00A0C0F8088020460DF0E4
:1067800063FE0146444811F0BEFDFFF793FE12F090
:1067900075FA424B1A58424B9A4220D1DFF804B1A5
:1067A0003D4811F0C5FD002181464FF4A020FFF7C0
:1067B00049FF074688B93C4A3C484FF4D4735946D0
:1067C0000CF07AFD3A4829460CF076FD87F31188E3
:1067D000BFF36F8F0323184602DF4C45E0D14FF41F
:1067E000A0220023404609F0B5FB074698B14FF4BC
:1067F000D7732D4A2F492D480CF05EFD2E483A469E
:1068000029460CF059FD002383F31188BFF36F8FE5
:106810000323184602DF2046FDF732FB0C235843C2
:106820001AF800702FB3254B25490395CDE9047361
:10683000244B029300231846CDE9003302220EF0C8
:10684000D8F9093F2046FDF7CFFB092F0ED8DFE826
:1068500007F01B0D0D0A050D0D0D0D186FF00B0047
:106860000DB0BDE8F08F6FF00C00F9E76FF0040099
:10687000F6E716B134600020F2E72046FDF7B4FBDE
:10688000F9E76FF01500EBE76FF06E00E8E700BF87
:10689000B00E0020E83800201C090020080000008D
:1068A000882F002056D3030010D1030072D10300BB
:1068B0005ED303007ED3030087D30300B3C303007A
:1068C00014900300CCD30300F7B5144B93F99B301D
:1068D000002B05460C461DDA14B9204603B0F0BD66
:1068E000082C01AA4FF0000142F21800264628BFEA
:1068F0000826FFF71DFF0028F0D1019FF9683246F6
:106900000131284612F082F93846FDF76DFB354417
:10691000A41BE1E76FF08500E0E700BFC807002097
:1069200070B586B006460D4605AA002142F22F003A
:10693000FFF7FEFE044660B11D4B02930023CDE934
:1069400000331C49012218460EF053F9204606B0C8
:1069500070BD0598C368B3F801203280B3F80330E6
:106960002B80FDF741FB3388A3F11B02E02A0AD9F3
:106970000393114B0F490094CDE9014302222346B2
:1069800020460EF036F92A88A2F5A4739BB244F291
:1069900048118B42DAD9094B029300230392CDE9C7
:1069A00000330449022218460EF023F9CEE700BF57
:1069B000EBD30300149003000BD4030030D4030086
:1069C000F0B587B005AA002140F60340FFF7B0FEFE
:1069D0000446002874D10598C3681B788BB9BFF3AF
:1069E0005B8FB64B1A68BFF35B8F02F00902BFF3EF
:1069F0005B8F53E8001F43E80024002CF9D1BFF35C
:106A00005B8FFDF7F1FA05AA002141F20300FFF7C1
:106A10008FFE0446002853D1059AA94DD168D1F8BC
:106A20000100D1F8051005F1780303C31046FDF706
:106A3000DBFA214605AA41F20100FFF779FE044680
:106A400000283DD10598C3685A7885F870205A8887
:106A5000A5F872201A7985F87120B3F80720A5F8F7
:106A60007420B3F80530A5F87630FDF7BDFA21465D
:106A700005AA41F20200FFF75BFE044600BB059F3A
:106A8000FA6805F18006531C41321868596834468B
:106A900003C4083393422646F7D13846FDF7A4FADB
:106AA00095F87C3013F040030DD1864A8649009357
:106AB000CDE90132184601220EF09BF86FF0120466
:106AC000204607B0F0BD05AA002142F20300FFF7FF
:106AD0002FFE04460028F3D1059B7C4EDA68D2F8DD
:106AE0000100D2F8051003C61846FDF77DFA2146CD
:106AF00005AA42F20200FFF71BFE04460028DFD180
:106B0000059CE368B3F8012091B249B1D97839B155
:106B1000A5F80421DA78114606F1280011F00CFCE2
:106B20002046FDF761FA95F87C601F2316F02006D9
:106B3000A5F8203118D1022140F66D40FFF798FBEF
:106B40000446002800F0A98002210C300DF0ADFCB5
:106B50000123037046702146324640F66D40FFF730
:106B6000E7FD04460028ABD195F89C301C0712D5F0
:106B700005AA002142F21C00FFF7DAFD04460028B6
:106B80009ED10598C368D3F80120D3F80530C5E934
:106B90003823FDF729FA95F8D830980623D50DF15A
:106BA000120104A8FFF7BCFE0446002888D1042186
:106BB00042F22400FFF75CFB064600286DD004215A
:106BC0000C300DF072FCBDF810300380BDF81230AF
:106BD00043802246314642F22400FFF7A9FD0446D5
:106BE00000287FF46DAF082142F20100FFF740FB5F
:106BF0000446002851D008210C300DF056FC95F8C1
:106C0000D82012F0020F14BF2F230F23910695F8FE
:106C1000D92048BF43F0400312F0090F18BF43F4D6
:106C2000006300220370C3F3072343708270C270B5
:106C3000027142718271C271214642F20100FFF776
:106C400077FD044600287FF43BAF95F87C30B5F81B
:106C500004119A0624D4C9B905AA41F20500FFF728
:106C600067FD044600287FF42BAFB5F80431059C7E
:106C70004BB9E368B3F80120A5F804219A881448B9
:106C8000114611F059FB2046FDF7AEF9082140F6F8
:106C90000140FFF7EDFA0446F0B96FF068040FE722
:106CA0000029F3D10B4B08490090CDE901030122E3
:106CB00003460DF09EFF6FF0040401E79C080020DE
:106CC000C807002053D4030014900300A00800203C
:106CD000D008002077D4030008210C300DF0E5FB2C
:106CE0001023037088230022437002272023827020
:106CF000C770027142718271C371214640F6014032
:106D0000FFF716FD044600287FF4DAAE014605AA17
:106D10004FF60140FFF70CFD064628B1234B0094C7
:106D2000CDE9014323460FE00598FDF75DF905AA7B
:106D300031464FF60240FFF7FBFC0446C0B11C4B46
:106D40000096CDE9016333461A493A4618460DF0DC
:106D500050FF00F035FC044600287FF4B1AE01F08E
:106D600041FF044600287FF4ABAEFFF78DFBA7E69A
:106D70000598C368B3F80130A5F8C130FDF734F9C0
:106D800095F8C1305B07E4D505AA21464FF60340CC
:106D9000FFF7CEFC08B1084BC1E70598C3685B78E4
:106DA00085F8C030FDF720F9D3E700BF9AD403007F
:106DB000BED4030014900300E7D4030010B5FFF71E
:106DC000FFFD034B1B6813B1BDE81040184710BD11
:106DD0000C390020F0B52F4E074685B0D6F86C016F
:106DE00011F01EF9034660B92B4A2C490090CDE9F9
:106DF000010201220DF0FDFE6FF01204204605B0E5
:106E0000F0BD6FF0020106F1D4000DF001FF012189
:106E10000DF0E0FE10EA010539D1214B1F600A4652
:106E200006F5987011F088FA06F5AA7011F05FFA6D
:106E30001C4811F069FB1C491A4800956FF00703C4
:106E40004FF4C86209F04EFA1849164811F0B7FB22
:106E5000D6F86C01164983681B689847044658B1F8
:106E6000144B0390CDE901530C4900952B460122A8
:106E700028460DF0BEFEC1E727B905B0BDE8F040D9
:106E8000FFF79EBD06F1C40009F026FAB6E76FF0E1
:106E90007704B3E7C807002010D50300149003005F
:106EA0000C390020E81F0020A064002028D5030032
:106EB0001D64020031D503002DE9F047634BB0F8A3
:106EC0000190198849F4704291424FF0000602BFC8
:106ED0001E805F4B1E78C378012B08BF5D4B00F10D
:106EE000040788B0054638460CBF93F86F4000246D
:106EF0000DF005FE394620B306A80DF0F5FDD5F8D6
:106F00001130CDF81130B5F81530ADF815304FF01F
:106F1000010AEB78012B2BD03846FEF7B9FC4E4B1B
:106F2000029300234D490390CDE900331846012216
:106F30000DF05FFE132148460DF0A0FE08B0BDE83D
:106F4000F08720460DF042FF0346006806909A88BD
:106F50009B796868ADF81C208DF81E30BA88BB7923
:106F600095F804A00490ADF814208DF81630D0E701
:106F700006A8FEF77FFDEB78012B04460AD100F04E
:106F80003BFC6FF08001804610300DF041FE404622
:106F90000EF03AF8002CBFD02346B5F8012023F8B4
:106FA000702B06989DF81E20BDF81C1020679A7162
:106FB0009980B5F81730A4F88630B5F81930A4F8E0
:106FC0008C30B5F81B30A4F88E30EB78E3700022DB
:106FD0006272012B40F20112A4F8A42024D18DF892
:106FE00010A0BDF814209DF816300498A4F87B205A
:106FF00084F87D30C4F8770000F0FEFB237A154A50
:10700000C3EBC3039918D358C4F87E308B88A4F817
:1070100082308B7984F88430D2E9381303F03F034F
:10702000194301D000F0B0FD0721204601F0FCF823
:1070300026B166720121204601F0F6F8204601F0E3
:107040004BFA204601F0C6F878E700BFAE3D0020BD
:10705000FF490020C80700204DD50300149003000D
:1070600000B5C368187889B020B109B05DF804EBA9
:10707000FEF71CBFB3F80120ADF80120DA788DF8D7
:1070800000008DF80320B3F80B20ADF81720B3F8FB
:107090000D20ADF81920B3F80F20ADF81B205A7C55
:1070A0008DF81D20586801901A899B7A8DF80A3056
:1070B000094BADF8082068461A689B88CDF80B206C
:1070C000ADF80F30CDF81120ADF81530FFF7F4FE14
:1070D00009B05DF804FB00BF58CF030038B50421A8
:1070E00004460C300DF008FA4578017840882246B5
:1070F000FEF718FF35B1044808F008FFBDE8384036
:10710000FFF7D8B938BD00BFF808002030B503211B
:10711000044687B00C300DF0EFF9E3680578B0F85D
:107120000100197840F6354398420ED10D4BCDE958
:1071300003130D4B02930023CDE900330B490222C8
:1071400018460DF056FD07B030BD2246FEF7EAFEA8
:10715000002DF8D0064808F0D9FE07B0BDE8304051
:10716000FFF7A8B9B3C3030069D503001490030067
:10717000F8080020F8B50A4DEF7906460024E3B27E
:107180009F4202D86FF0010007E0294630460DF01B
:1071900006FE0735631C08B12046F8BD1C46EEE725
:1071A000C80700207FB51C4E06223146054611F067
:1071B00039FC60B3062142F20500FFF759F8044696
:1071C00038B3062229460C300DF075F9214600220D
:1071D00042F20500FFF7ACFA044678B110F10D0F4A
:1071E00009D10E4B02930023CDE900330C49022252
:1071F00018460DF0DCFD204604B070BD33462A6809
:1072000043F86929AA88B280012283F86820002403
:10721000F1E76FF06804EEE731080020EDD50300D8
:107220001C90030037B504460D4689B1184928461D
:107230000DF0B5FD60B9174A2968C4EBC404A31862
:107240001151AA889A80AA799A71002003B030BDA2
:1072500068460DF03BFC0028F8D16846FFF78AFF2E
:107260000028F5DA0B4A00989DF80610C4EBC40418
:10727000A3181051BDF8040098809971002DE4D036
:1072800012592A609A88AA809B79AB71DDE700BF0A
:107290004BCF0300C80700207FB50446D9B9F0B131
:1072A00023490DF07CFDD0B92046FFF763FF00288D
:1072B00037DA2378012B04D1A37903F0C003C02B64
:1072C0000DD01C4B02930023CDE900331A49012253
:1072D00018460DF06CFD6FF0150004B070BD174D31
:1072E000EB79012B20D0BFF35B8FD5F8D430BFF3FF
:1072F0005B8FDB0707D4002CEDD00D4920460DF045
:107300004EFD0028E7D1EE792146731C3046EB7123
:10731000FFF788FF08B93046DFE7EB79013BEB71F7
:10732000DBE76FF07700D8E76FF00B00D5E700BF21
:107330004BCF0300FCD503001C900300C8070020BE
:107340002DE9F041044686B060B9204B20490090F9
:10735000CDE90103022203460DF029FD002006B00D
:10736000BDE8F08105AA002141F20900FFF7E0F92C
:10737000054640B1174B02930023CDE90033144971
:1073800002221846E8E7059E1349D6F80C8008F15A
:1073900001070622384611F045FB28B10F490622A5
:1073A000384611F03FFB18B93046FCF71DFED5E713
:1073B000D8F80130C4F80130BB88A4F80530304655
:1073C0002570FCF711FE0120C9E700BF2AD6030093
:1073D0001C90030043D6030058CF030052CF030094
:1073E00007B56846FFF7ACFF044BD87118B1694682
:1073F0000020FFF717FF03B05DF804FBC80700206B
:10740000F0B5324DEC798DB0002C58D195F8C260B2
:1074100016F0010615D12E4B2E490094CDE90143FB
:107420000222234620460DF0C2FCEC7116260024F1
:107430000127EB79E0B298422CD3002B3FD00020FB
:107440003BE004AA21464FF60940FFF771F908B165
:10745000214BE1E7DDF810C0DCF80C104B7823B9C4
:107460006046FCF7C1FD1D4BD6E78B1C06AA01F157
:10747000120418685968174603C70833A3423A46EE
:10748000F7D1186838609B88BB806046FCF7ACFD7C
:107490003446CAE70CAB06FB003304A953F8182C9A
:1074A00033F8143CCDF81120ADF815308DF810707C
:1074B000FFF7B8FE01340028BBD00DB0F0BD0021AD
:1074C00008460DB0BDE8F040FFF7E6BEC807002053
:1074D00061D603001C9003008DD60300ADD60300D7
:1074E0002DE9FF4190460E461D46024678B173B124
:1074F0003103047817D573070ED52E4B0293002362
:10750000CDE900332C49012218460DF050FC6FF0F4
:10751000150004B0BDE8F0810DF065FC0028F8D13D
:1075200001232B702EE0F7072ED5244FB8F1000F62
:1075300013D0B0060AD4C4EBC403FB5C012B11D0FA
:107540002B70B2061ED543F00203EAE797F8D83055
:107550005906F0D46FF08500DBE7C4EBC403FB5C95
:10756000012BDED1072101FB0471013110460DF022
:1075700032FC0028CDD1C4EBC4043B5D2B70B8F1C4
:10758000000FDED10020C4E773070ED50B4EC4EB0D
:10759000C407F35D012BC4D1072111FB0431314431
:1075A0000DF019FCF35D2B70B3E70DF01CFC01230B
:1075B000F9E700BFD6D603001C900300C8070020DF
:1075C0007FB5134EF5791DB10024204604B070BD7F
:1075D000FFF706FF044650B10E4B0F490095CDE969
:1075E000015301222B4628460DF0E1FBEDE7F5792A
:1075F000002DE9D1FFF704FF04460028ECD1701CF0
:10760000FFF7D0FD04460028DED0044BE5E700BFBD
:10761000C8070020F5D603001C90030014D7030010
:107620002DE9F04F87B00C46202104909246FEF7DA
:107630001FFE054600285AD020210C300CF035FFE3
:1076400020220021814611F009FB09F1010B04EB16
:10765000CA0A0026D4F800800023626893420CD343
:107660000834A245F6D1049889F800600022294622
:1076700007B0BDE8F04FFFF75BB898F8012098F825
:1076800000C0B01C81181F291AD9BCF1090FC0F124
:107690001F0201D1002A11DC164B02930023184669
:1076A000CDE90033144901220DF0DCFB2846FCF73C
:1076B0009BFC6FF0150007B0BDE8F08F4FF0080C91
:1076C000D7B2791C0BF80610711CC9B25BFA80F0B6
:1076D0000BF801C0D8F804100593023711F096FAA0
:1076E000059B3744FEB2013308F10808B5E76FF097
:1076F0006800E0E737D70300E48F0300F8B545687A
:107700006905064635D4046914B115F0010330D07B
:10771000194F3078FB7983422BD9C0EBC000174951
:107720000722384411F07EF9A8B115F0010306D103
:1077300097F87020082A02D8B2689F2A19D915F044
:10774000300F09D0ACB1EA060AD405F46035B5F5BE
:10775000603018BF0120F8BDEB0601D4002CF4D135
:10776000D6E902239A4204D81F2A02D9B3F5804FE2
:10777000EBD90020EFE700BFC80700204BCF030084
:1077800008B504490722093011F04CF9003818BF38
:10779000012008BD4BCF0300F8B5154B067883F8E0
:1077A0006F6004460D46FFF7EBFF70B91149304694
:1077B00001F062F8044610B96FF00B00F8BD052126
:1077C00000F032FD2C600020F8E704F1090739468B
:1077D000304601F095F840B92078394601F04CF870
:1077E00004460028E8D00621EAE76FF01500E5E737
:1077F000C807002044CF030000487047E00700207E
:107800002DE9F04F8DB0D1F810A005930023BAEB0D
:10781000030406469548079318BF01240DF00DFB9D
:1078200047070D46934640F118810846FFF766FF6B
:1078300028B96FF0150420460DB0BDE8F08F28463A
:107840000DF0E8FA81460028F3D006F11008404612
:107850000DF0F3FAC0F3C013000600F10181CDE989
:107860000933CDF82B30AB686868ADF82030EB6891
:10787000ADF822300DF0D2FA6FF400718DF82D00C2
:107880007A480DF0E0FA7A4A2B78337082F86F303C
:10789000696822460DF125033046FFF721FE0446B4
:1078A0000028C8D106F10903BAF1000F18D02A69DF
:1078B0001168C6F809109188998092799A712846C2
:1078C0000DF06DFB6B68D90707461BD49B0503D4ED
:1078D000169B0BB9022F63D102238DF8243023E0CD
:1078E000644A1168C6F80910918892799A71998052
:1078F00028460DF054FB6B68DA070746E6D58DF88D
:1079000024A011E013F0100F0CBF012304238DF805
:1079100024302B691A68CDF826209A88ADF82A20E1
:107920009B798DF82C30A1460F2142F20600FEF71C
:107930009FFC0446002800F096800F2208A90C3016
:107940000CF0B9FD2146002242F20600FEF7F0FEDF
:10795000044600287FF46FAFBAF1000F26D06B68A1
:10796000DC0731D4304601210DF029FB079E044687
:1079700000286AD00025404B0293CDE900553F49CD
:107980002B46012228460DF06DFA002E3FF453AF2E
:107990003046294600F048FC304600F01BFC4AE720
:1079A0000323DDF858908DF82430BDE7179B009332
:1079B000CDE90197169B059A594630460DF078FAA5
:1079C00004460028CBD036E707A93046FFF7E4FE8F
:1079D00004460028C6D010F10C0F7FF42CAFBAF18A
:1079E000000F7FF428AF6B6898073FF524AF6C68F1
:1079F00084F00204C4F3400404F001020E21404666
:107A00000DF03FFA7B1E5A425A41082140460DF0C4
:107A100038FAB91E4A424A41404609210DF031FA6E
:107A20006A680A2102F0010240460DF02AFA4A462D
:107A30000B2140460DF025FA6A680D21C2F3800241
:107A400040460DF01EFA0024F5E616B1304600F06F
:107A5000C1FBBAF1000FCFD1C9E76FF00A04EAE623
:107A60006FF07704E7E66FF06804E4E69C08002016
:107A7000C80700204BCF030050D70300E48F03005A
:107A800073B51546069A0C46CDE900322B460A46D8
:107A900001461148FFF7B4FE21460646002340F296
:107AA00001109D4202D1304602B070BD0A88824268
:107AB00004D14A6812B11278D20702D401330831D6
:107AC000EFE70649064810F025FD4FF47022002329
:107AD000034808F0A3FCE6E7E00700205D7B020016
:107AE000F807002010B519480DF08EFA18486FF409
:107AF00080410DF0A8F916480DF09FF903461A06CB
:107B0000C0F3C01021D512480DF097F9430513D5E5
:107B10000E48FFF735FE0F490346087E93B90E491C
:107B2000052200F019FF044630B10021417200F037
:107B30007BFB204600F04EFBBDE8104003480021CF
:107B40000DF03DBA06222131EBE710BDE007002021
:107B5000F0070020C807002044CF03001FB5FFF73F
:107B6000C1FF50B1064B029300230390CDE90033CF
:107B70000449022218460DF075F905B05DF804FBC2
:107B80006BD70300E48F030070B53848374C86B0DC
:107B90000DF053F910F4804F3DD020460DF04DF913
:107BA000030638D420460DF048F9460533D505A91B
:107BB000A4F11000FFF7F0FD68BBA4F11000FFF77F
:107BC000DFFD024620460DF038F9C0F38031204633
:107BD0000DF033F981F0010145054FEA41012348D9
:107BE00048BF41F001010DF028F9800448BF41F081
:107BF00004011F480DF11303FFF772FC054660B145
:107C00001C4B029300230390CDE900331A49012253
:107C100018460DF027F906B070BD154801210DF08A
:107C2000CEF9059E28B9304606B0BDE8704000F098
:107C3000D1BA2946304600F0F7FA6FF480410B487C
:107C40000DF001F90546304600F0C4FA6B04E2D5A8
:107C5000BFF35B8F54E8003F43F4804344E80032B5
:107C6000002AF7D1BFF35B8FD5E700BFF0070020F4
:107C7000E00700208AD70300E48F030070B50C4BA7
:107C80001C68054644B154F8183C183C13B1697A95
:107C900028469847A469F5E7064C074EB44200D33E
:107CA00070BD236813B1697A284698471C34F5E7FC
:107CB00068390020848F0300BC8F030010B5044690
:107CC000FCF7DEF8044901EB001120460CF040FF00
:107CD000BDE81040FEF7EEBB1039002070B5D1E9C9
:107CE000015600220446C1E90122064810F00BFBB0
:107CF0003DB1314620462B466FF06D02BDE8704025
:107D0000184770BDE80D002070B5002205460E46EC
:107D1000094800230021FCF7D5F8044658B1FCF7C8
:107D2000AFF8064B324603EB001329462046BDE868
:107D300070400CF0E8BE70BD840E002010390020A9
:107D400070B5837A072B86B004464ED1BFF35B8FA4
:107D5000043050E8003F43F0800240E80021002951
:107D6000F7D1BFF35B8F19063FD40DF07BF910F408
:107D7000005F1F4EC0F3403521D096F8D8309A06E8
:107D800033D50CF051FF80B30DF1160105A8FEF7B5
:107D9000C7FD054648BBBDF81620BDF814102046A7
:107DA0000CF0A9FF08B3134B0390CDE9015312491E
:107DB00000952B46012228460DF071F915E096F842
:107DC000D8301B07D9D520460CF07BFF50B10B4BA8
:107DD0000390CDE90153084900952B46012228461E
:107DE0000DF05DF9A37A072BC7D006B070BD00BFB8
:107DF000C8070020E8D70300FC8F0300C7D70300A3
:107E000070B505460F480022002308F0A3F8B8B962
:107E10000D4B1C6834B154F8103C183C03B1984722
:107E2000A469F7E7094C0A4EB44204D32846BDE8DA
:107E3000704008F051BAA36803B198471C34F3E7C7
:107E400070BD00BFB80D002068390020848F03008A
:107E5000BC8F03002DE9F843DFF854800446402727
:107E60000025EFF3118387F31288BFF36F8FE16969
:107E700029B983F31188BFF36F8FBDE8F883206AB7
:107E80000A68E261814208BF226283F31188BFF36E
:107E90006F8FD1E901694046C1E9015510F033FA0D
:107EA0001EB1002249462046B047FEF703FBD8E743
:107EB000E80D00200448B0F80431002B00F5847070
:107EC00008BF0020704700BFC807002030B5044637
:107ED00010F0D4FE0D460C490C4A095891428BB063
:107EE00005D120460BB0BDE83040FFF7B3BF2434C6
:107EF0002146104610F0CEFA1DB16946204610F01A
:107F0000D9FA0BB030BD00BF08000000882F002058
:107F100038B5002204468A4202D10024204638BDEA
:107F200004F1CC030120BFF35B8F53E8005F002D09
:107F300004D143E8000CBCF1000FF6D1BFF35B8F16
:107F400002D0D0340244E6E7002CE6D0CC22002157
:107F5000204610F083FE04F14000044910F0DAFAE4
:107F6000034904F1240010F06AFAD7E7B58A020049
:107F7000BD500300F0B50D4687B0012116460446FA
:107F8000FFF7A4FF002128460CF050FE012E20D060
:107F9000022E54D1236963B1434B02930023184648
:107FA000CDE90033414901220DF079F820460DF06A
:107FB00088F828460CF048FA20612269138A012BC0
:107FC00049D820880CF034FE012128460CF02EFE02
:107FD00010E0236963B9364A34490093CDE9013290
:107FE000184632460DF05BF820460DF06AF801E0C5
:107FF0002F8A2FB9284607B0BDE8F040FBF7F4BF41
:1080000003F10C000CF08CFA874211D90027294BA0
:108010002649029332463B463846CDE900770DF0BB
:108020003EF821693A46204600F09EFF2761E1E7CD
:1080300020692A8AE9680C300CF03DFABDE71E4B36
:1080400002930023CDE90033184903960122184614
:108050000DF025F8C8E7D26816880436B6B2B342E8
:10806000AFD32846FBF7C0FF21690B8A9E4211D28D
:10807000CDE90336114B029300231846CDE90033B6
:108080000A4901220DF00BF8204607B0BDE8F04088
:108090000DF017B8002301222046236107B0BDE888
:1080A000F04000F061BF00BF04D80300FC8F030064
:1080B00021D803003FD8030066D8030084D803000A
:1080C00038B50122044600F1C003BFF35B8F53E8CB
:1080D000005F43E800210029F9D1BFF35B8F5DB950
:1080E0000CF0F8FF084BC4F8BC50D3F8281104F189
:1080F000BC0229B9C3E94922BDE83840FEF7DAB924
:108100000A60C3F82821F7E7C807002070B52E4D94
:10811000D5F8244114B90026304670BD2B4B5A8B3C
:1081200022B1B5F804312BB99B68FFDE1B68002B28
:10813000F1D0F6E7D5F81031002BECD0244B1B68BA
:10814000002BE8D054F8143C002BE4D054F8103C39
:10815000002BE0D054F80C3C002BDCD014F8B22CEF
:10816000072AA4F1BC060DD13046984750B104F15E
:1081700008000CF077FF022804DC3046BDE87040B0
:108180000CF0A8BFD5F8243143B1D5F828111A68EE
:10819000C5F824218B4208BFC5F82821231D0022E1
:1081A000BFF35B8F53E8001F43E800200028F9D19C
:1081B000BFF35B8F304654F80C3C98470028ABD097
:1081C0003046FFF77DFFA7E7C8070020840E002098
:1081D000E80D002037B5CC3010F8CA5C10F8C94C57
:1081E000BFF35B8F50E8003F5A1E40E80021002992
:1081F000F8D1BFF35B8F01A801930CF033FF012886
:108200000BD1074807F082FE064808F065F8012DFB
:1082100003D1012C01D1FFF7B7FC03B030BD00BF83
:10822000B80D0020900A00207FB5867A8E42044661
:108230000D4612D1082E96BF5B4B5C4B53F826308F
:1082400003935B4B02930023CDE90033594902228B
:1082500018460CF024FF04B070BD817226B98378F3
:10826000082B01D00CF036FFA37A082B00F298807F
:1082700001A252F823F000BFD78202004D83020012
:108280005782020057820200578202005782020082
:10829000578202009D82020057820200A378042BBD
:1082A000D9D04548002108F06FFE0023C4E90D3302
:1082B000E378012BCFD1A378012B04BF032384F8EB
:1082C00094304FF42032002304F1400004B0BDE8A4
:1082D000704008F06FB8A378042B05D1204604B095
:1082E000BDE87040FFF776BF082EB4D801A353F85D
:1082F00026F000BF47830200198302003983020081
:10830000DD820200DD820200DD820200398302008C
:10831000478302004783020001212046FFF7D6FD74
:1083200020460CF0CEFE0022002304F1400004B0F1
:10833000BDE8704008F072B8637A002BCED02046BA
:10834000FFF79CFCCAE71D4B03957BE7637A3E2B46
:108350000AD11B4B02930023CDE900331549039446
:10836000022218460CF09BFE164D05F584766169D5
:1083700021B904B0BDE87040FEF79CB8A2690B6853
:108380006361914208BFA3612046FFF7A7FCB5F8DF
:108390000431002B14BF3046002007F0B7FDE6E79C
:1083A000094B03954EE700BF389803009FD80300A0
:1083B000A9D80300FC8F0300A00A0020BAD803004C
:1083C000D1D80300C8070020F8D803007FB50246C3
:1083D00006460C460D4801210CF097FE054618B9DB
:1083E0000025284604B070BD83782340F9D1084A9F
:1083F00008490396CDE901321846009302220CF099
:108400004EFE2846FFF7E6FEEAE700BF8820002080
:1084100014D90300FC8F0300F8B5074609480D4640
:1084200016460CF057FE044650B183781F4203D124
:10843000BDE8F840FFF7CEBE3146A8472046F7E733
:10844000F8BD00BF88200020024900220120FFF76C
:10845000E3BF00BF417D0200034BC01A034B001174
:108460005843C0B2704700BF88200020C54EECC4FE
:108470007FB51C46144305460E4608D010F0FEFB9F
:10848000104908581049884204BF002213460F497A
:10849000002D14BF284608460BF0A7FF044658B924
:1084A0000B4B0C490090CDE90103022203460CF06E
:1084B000F6FD204604B070BD711D0C300BF0EAFFD4
:1084C000F7E700BF08000000882F0020000E002002
:1084D0002BD90300FC8F030010B50446054807F0B4
:1084E000FBFE204600F0E4FB2046BDE81040FFF70D
:1084F000C5BB00BF800A00202DE9F04F8BB00025DE
:1085000007950995FFF702FE0446C8B1837A072B49
:108510001FD07C4B0390CDE901537B4900952B463E
:10852000022228460CF0BBFD4FF0FF31D4F8A830F2
:1085300008AA20469847014628B92046FFF74AFE78
:108540000BB0BDE8F08F099B079A20460CF090FD18
:10855000EAE7DFF8B891D0F8A830B9F8041108AA12
:10856000984706460028E8D0B9F80421089B9A42AB
:1085700006D30146D4F8AC5009AB07AA2046A84759
:10858000338A099FDDE9078B002B00F0B780304666
:108590000CF005FB8246C0B16FF00403CDE9033453
:1085A0005B4B02930023CDE9003318465649012264
:1085B0000CF075FD31462046099B079A0CF058FDDA
:1085C000132120460CF0C3FDB7E7B9F80431514838
:1085D000002B08BF00200022002307F0BBFC10B1D5
:1085E0006FF00B03DAE74C480022002307F05CFC35
:1085F00005460028F4D0C0E90187B9F80471338A30
:10860000BB4598BF1FFA8BF7BB4243D930460BF0EE
:108610001BFF3946FFF778FBB9F8043194F8C8809E
:108620009B458CBF4FF0010A08F1020884F8C8A0EE
:10863000074698BF5FFA88F804F1C40ABFF35B8F5E
:108640005AE8003F01334AE80032002AF8D1BFF36C
:108650005B8F00232B60A369FBB9C4E90555A378A0
:10866000012B1DD1042107F10C000BF035FF2388ED
:1086700008F0FD0843EA083303803B8A043B43804B
:1086800002233B763846FDF767FE804650B9FDF77A
:1086900011FF52E739463046BCE71D60A561DEE7B1
:1086A0006FF01508BFF35B8F5AE8003F013B4AE8C3
:1086B0000032002AF8D1BFF35B8F294604F1140081
:1086C0000CF0A5FC154B02930023CDE900331846AE
:1086D00001220D49CDF80C800CF0E1FC3846FBF787
:1086E00083FC20462946FFF7F9FAB9F80431094816
:1086F000002B08BF002007F009FC4DE76FF079035D
:108700004CE700BF54D90300FC8F0300C8070020CA
:108710006BD90300D0080020E80D0020FFD2030031
:10872000F8B5031D044618460CF09CFC420519D50B
:10873000B4F88620B4F88810914213D8B4F88A109F
:1087400091420FD3D4E9231291420BD1BFF35B8F37
:1087500053E8001F21F4806143E80012002AF7D19A
:10876000BFF35B8F104B1D686DB155F8086C183D59
:108770003EB1B4F88E30B4F88C20B4F886102046A0
:10878000B047AD69F0E7094D094FBD4200D3F8BDD0
:108790002E693EB1B4F88E30B4F88C20B4F886104F
:1087A0002046B0471C35F0E768390020848F03006D
:1087B000BC8F0300F8B50F4B1C6805465CB1183C34
:1087C00000F1A406636913B1314628469847A469AD
:1087D0000CB1183CF6E7084C084E05F1A407B4426A
:1087E00000D3F8BD636913B13946284698471C3455
:1087F000F5E700BF68390020848F0300BC8F0300B9
:108800002DE9F041074608460D460CF012FA0646DF
:1088100018B900263046BDE8F081144B1C6884B1BD
:1088200054F80C3C183C0BB9A469F8E729463846C3
:1088300098470028EDD028460CF0FBF90028F3D12A
:10884000E7E70B4CDFF82C804445E3D2E3680BB933
:108850001C34F9E72946384698470028D9D02846DD
:108860000CF0E7F90028F3D1D3E700BF6839002006
:10887000848F0300BC8F030038B505460C460E48B4
:108880000121FFF745FBB0B1057223680367A38898
:10889000A0F87430A37980F8763001238370074BF9
:1088A000C0F8A830064BC0F8AC30064BC0F8B0306A
:1088B000054BC0F8883038BD88200020B18D0200FB
:1088C00051500300455003001800280070B50546BC
:1088D0000A480E460CF0FEFB044620B18378012BBB
:1088E00004D0FFF777FC0024204670BD32462946AD
:1088F0000CF04DFC0028F7D12046F2E7882000203C
:1089000030B587B00D46FFF7E1FF0446D0B12846E9
:10891000FCF7BEFFA37A0C490394082B96BF0B4AC1
:108920000B4B52F82330CDE904030A4B029300238A
:108930001846CDE9003302220CF0B1FB2046FFF7C8
:1089400049FC012007B030BDFC8F030038980300BC
:108950009FD803008ED90300F8B505460E480E4691
:1089600017460CF0B7FB044620B18378012B03D0E7
:10897000FFF730FC00240DE036B1324629460CF0FA
:1089800006FC08B92046F3E7A37ABB42FAD1237A62
:10899000AB42F7D12046F8BD8820002010B583787F
:1089A0000B70C3784B70037A8B70837A023BDBB217
:1089B000062B96BF234A0023D35C81F82030012385
:1089C00081F8213000234B848378012B37D100F1CB
:1089D00070038B60037A1C4AC3EBC30313444B60E0
:1089E000C47800F17E0300F1770214B11C461346EF
:1089F0002246C1E90323B0F886308B82B0F88C3070
:108A0000CB82B0F88E300B8300F1A403CB61D0F899
:108A1000A0302BB15B7BDA0644BF012381F8233001
:108A2000D0F8A03013B15B7B9B0601D4002010BDB1
:108A300091F8233043F0020381F82330F6E76FF01A
:108A40001500F4E716DA0300C807002038B504461D
:108A500008460D460CF0EDF838B3154B93F8D830B6
:108A6000990707D4E37873B129462046BDE838401A
:108A700000F0B2BA94F895309A07F3D5201D0CF0A7
:108A8000F1FA0305EED4294620460CF0BEFB58B996
:108A90002B88A4F888306B88A4F88A30AB88A4F8B7
:108AA0009030EB88A4F8923038BD6FF01500FBE7EA
:108AB000C8070020F0B510F8363C87B00446A0F196
:108AC00040070BBB38460CF08BFC3F4B1D684DB18B
:108AD00055F8143C183D1BB114F8371C384698471C
:108AE000AD69F4E7394D3A4EB54205D3384607B083
:108AF000BDE8F040FFF76EBB6B681BB114F8371C84
:108B0000384698471C35EFE710F83E3C012B31D131
:108B1000BFF35B8FA0F13C0555E8006F26F480633E
:108B200045E80032002AF7D1BFF35B8F16F4806668
:108B30002ED0A36C049304A9236D05933846FFF748
:108B400085FFC8B9BFF35B8F55E8003F23F400737E
:108B500045E80032002AF7D1BFF35B8FBFF35B8F8C
:108B600055E8003F43F4807345E80032002AF7D10E
:108B7000BFF35B8F07B0F0BD164B02930023CDE926
:108B8000003303901449022218460CF088FAE5E7F6
:108B9000124A1068516804AB03C304A93846FFF7B2
:108BA00055FF50B9BFF35B8F55E8003F43F40073A6
:108BB00045E80032002ACFD0F6E7094B0390CDE913
:108BC000016300963346DDE768390020848F030097
:108BD000BC8F0300C7D90300FC8F0300CC930300B4
:108BE000ECD9030070B50C480C4D0B4E0FF07FFB19
:108BF00000242946304601340FF085FB062C05F190
:108C00000C05F6D10CF0D3FF0DF01EFC044608B99C
:108C10000CF033FC204670BDE80D00202039002008
:108C2000F0B5002385B005460F46164604214FF4E3
:108C300080320020FFF71CFC044660B90A4B0B4948
:108C40000395CDE901030090034601220CF030FBAF
:108C5000204605B0F0BD04210C300BF026FC057059
:108C600047704680F4E700BFA6DA030024900300B3
:108C70001FB50B4C226800232AB90A4B63601046CB
:108C80000C6004B010BD084A0390CDE901321846CB
:108C90000649009301220CF00BFB6FF00B00F0E78C
:108CA000703900207C980300CEDA03002490030082
:108CB000F7B5274D274F04460026BD4201D303B028
:108CC000F0BD6B6801A92046984700283BDB019B5B
:108CD0002A889A829A8403F11002A868BFF35B8FF6
:108CE00052E8001F42E8006CBCF1000FF8D1BFF35E
:108CF0005B8FC3E913669E649E60A16B03F108025B
:108D000019BBC4E90D221C60D86003F130000FF0DC
:108D1000EEFA019843681B6803B19847019BBFF3C3
:108D20005B8F103353E8001F41F0010143E800124C
:108D3000002AF7D1BFF35B8F01984368DB6913B159
:108D400000F1100198470C35B7E70A60A263DAE733
:108D5000608F0300848F030070B5002A0E7A0546E9
:108D600014BF02200120864286B00FDD0E4B029315
:108D70000023CDE90306CDE900330C490122184652
:108D80000CF096FA6FF0150006B070BDC87A07288F
:108D9000F8D98A61CB6105F130000FF0B4FA2846AA
:108DA0000CF096FA0020EFE7F5DA030024900300B8
:108DB0002DE9F043D0F8B44085B00E4690464CB152
:108DC000483C236B6BB104F1300948460FF0B0FA10
:108DD000054658B9FDF76EFB0025284605B0BDE8ED
:108DE000F08320460CF094FAA46CE8E70BF0D7FE71
:108DF00058B1274B02930023CDE900332549039551
:108E0000012218460CF054FAE6E7236D9BB9A38CB7
:108E10002F8A403B9BB23F2B03D8238D9F4228BF14
:108E20001F46042105F10C000BF056FB0780A38CB4
:108E3000438004372765236D2A8A9E420ED39342CE
:108E400015D0A38C403B9BB23F2B1ED920460CF083
:108E50005FFA236B13B120460CF03AFA236DC8F881
:108E600000309E4234BF9E1B00262665B5E70022D7
:108E70000023484607F018F8A38CA3F140023F2ACC
:108E8000E4D8054AAA61EB61E0E700221346F9E75E
:108E900015DB0300249003002B54030070B50B8AEC
:108EA000032B86B006460C4603D8294B02930023B9
:108EB0001CE0042104F10C000BF01EFB238A428805
:108EC0009A4205460ED0CDE90332224B029300238D
:108ED000CDE900332049012218460CF0E9F90020C1
:108EE00006B070BD43784BB91C4A0292CDE90033FD
:108EF0001949012218460CF0DBF9F0E70378012B41
:108F0000EDD0132B03D1012AE9D8154BCEE700246D
:108F10000393144B10490293022223462046CDE9C5
:108F200000440CF0C5F96978366802220120FFF789
:108F300077FE05460028D2D002210C300BF0B5FA9E
:108F400029460470447030460CF07CFAC7E700BF35
:108F50002DDB03004BDB0300249003006CDB0300DC
:108F60008DDB0300A9DB030030B50B8A032B85B032
:108F700005460C460FD8154B02930023CDE900336C
:108F80001349012218460CF093F9204605B0BDE8BC
:108F90003040FBF729B8042104F10C000BF0ACFAC7
:108FA000418828460CF05FFA034648B9094A039104
:108FB000CDE901020649009002220CF079F9E4E7BC
:108FC000436821465B699847DFE700BFD1DB0300B8
:108FD00024900300EEDB030070B5124B0C461978A9
:108FE0000131C9B2012938BF0121054608221220EA
:108FF0001970FFF715FE064688B108210C300BF0FA
:1090000054FA2288028062884280A2888280E288A4
:10901000C28031462846BDE870400CF013BA6FF0AC
:109020000B0070BD004A002023281FD81A2804D83E
:10903000431E182B0ED906207047A0F11B03082BE6
:109040001ED8DFE803F0051D1B231D19251D050093
:10905000032070470F4A012383401A40C2B90E4AC9
:109060001A40002A14BF01200620704700F07F0339
:10907000522B05D100207047012070470520704712
:1090800010F0400F0CBF06200020704704207047EE
:1090900002207047AAAA8A0254554501011F0148BF
:1090A0000FF075B8180D002070B50D46438B418D3B
:1090B0008B4202F1010228BF0B469A4286B0064657
:1090C0000FD9CDE903321E4B02930023CDE90033C3
:1090D0001C49022218460CF0D0FA0024204606B0A3
:1090E00070BD2846FFF7A0FF022816D0042814D030
:1090F0004FF0FF324FF0FF33134800210CF088F996
:10910000044670B9114B0F490395CDE90103009056
:10911000034601220CF0B1FADFE74FF4702200237E
:10912000EAE7FAF7ADFE0A4B182202FB00330121F1
:1091300004F10C009E600BF0B8F90570CEE700BF9B
:109140002ADC0300EC8F03002C0E0020A6DA0300BB
:10915000C43900202DE9F04F93B0166880460F46C1
:10916000002542F601030068D6F804908DF83450CB
:109170000DA91446ADF836300BF05AFC002876D015
:109180004FF42053D8F800008DF834500DA9ADF8F5
:1091900036300BF04DFC38B1A3681BB15A88BA4287
:1091A00000D25F8001200EE0616808460CF070F983
:1091B000728D738B9A4294BFC0EB0200C0EB030028
:1091C000032803D8002013B0BDE8F08F08460BF049
:1091D0003FF9054660680CF05BF9728B738D05F101
:1091E0000C0B9A4294BFC0EB020AC0EB030A58462C
:1091F0000BF096F982453DD260680CF049F9728D0A
:10920000738B9A4294BFC0EB0200C0EB030070B9AD
:109210006368987AFAF72CFE002200230BF0E5F839
:1092200005460028CED0014660680BF022F90023E5
:1092300000931023D8F804600DEB03024146484622
:10924000B047061E13DB227CE068B24231D00146F3
:109250000DA80BF01BFC034680B9227C0392174A31
:1092600017490093CDE9013202220CF006FA0023DF
:10927000A36097E758460BF053F9C8E7F2B204A988
:1092800008A80BF003FC034610B90E4A0396E7E763
:1092900008A90DA80BF0CCFB0028E8D100236374CB
:1092A000042105F10C000BF000F9A0600780A36811
:1092B00077E704A90FF0B6FBEEE700BF4FDC030031
:1092C000EC8F03006EDC030010B500F1540304467C
:1092D000BFF35B8F53E8001F41F0010143E8001228
:1092E000002AF7D1BFF35B8F201F0CF083F904F144
:1092F000740004490FF00EF92068BDE8104001F039
:109300001FBD00BF3DA102002DE9FF4105460E46ED
:109310004FF000084FF42053006817688DF808805C
:1093200002A91446ADF80A300BF082FBA0B142F658
:10933000010328688DF80C8003A9ADF80E300BF0FE
:1093400077FB48B123691BB15A88B24200D25E80D4
:10935000012004B0BDE8F081616828680BF068FB6B
:1093600010B100232361F3E7E368A0681A786AB1BB
:10937000B7F82AC0798B038A8C4594BFC3EB0C03E2
:10938000C3EB0103934201DA0020E2E704210C3031
:109390000BF08BF82061068023695E80074B0093F9
:1093A0000194A2680023294638460CF075F900287C
:1093B000EADB2069003818BF0120CAE75B560300CA
:1093C000F0B587B004460F4635480022002304A9B3
:1093D00006F088FC054678B1324B02930023CDE9B4
:1093E000003303940122304918460CF046F96FF01F
:1093F0000B06304607B0F0BD0FF040FC2B4B049E2F
:109400001A582B4B29461A60301D28220FF026FCD3
:109410003460049C27480595C4E90155C4E9095501
:109420000022002305A906F05DFC064640B1236832
:109430000393214B0095CDE9015302222B46D2E73D
:10944000059B0146B02218460FF008FC1B4A8260BB
:1094500060300EF04CFF059BBFF35B8F583353E831
:10946000002F43E800610029F9D1BFF35B8F059B12
:109470001C60636A059D1BB904F10C000EF037FFF8
:10948000626AC5F8A820A26A05F1A803636202B95E
:10949000A362059B17225A855A8304333B60A8E7D1
:1094A000E00C00208DDC0300EC8F030008000000BE
:1094B000543A0020180D0020B2DC0300B00A00204E
:1094C0002DE9F743176805468846006851687E68AD
:1094D00014460BF0ADFA8146002842D13046952261
:1094E00029460CF05DFE0646207540B1E3681B7806
:1094F0000BB184F81490002003B0BDE8F083A0689D
:109500000AF0A6FF02210C300AF0CFFF164B2061B3
:10951000A0F8008000930194A2683346294638469B
:109520000CF0BAF8002807DA10F1FF0F26BF40420E
:10953000C0B20E202075DEE72369002BDBD0A068C7
:109540000BF0A6FF7B8D7A8B9A4294BFC0EB020092
:10955000C0EB0300E3681B78984294BF0020012011
:10956000CAE70120C8E700BFA15403002DE9F04F6E
:10957000074685B008460C46FAF782FCDFF8E08023
:109580001822424308EB02010646D1F80890E06831
:10959000BFF35B8FBB6DBFF35B8F13F001030ED185
:1095A000304A31490093CDE90132184601220CF0CE
:1095B00064F86FF01505284605B0BDE8F08FE36844
:1095C0004FF0000A1B7848F802A00B710378D22BE9
:1095D00015D13B68214618680CF033FF054670B181
:1095E000224B2149CDF800A0CDE901A350465346B6
:1095F00001220CF042F82046FAF7F6FCDBE704F112
:109600000C000AF089FF182303FB0683B4F810B09E
:109610009F60002382461A462146381DFFF79CFBB7
:1096200005460028C7D010F1690F09D1104B0293ED
:109630000023CDE900330C49012218460CF01DF837
:109640006369A4F810B013FA8AF3E36018235E4349
:1096500008EB060348F80650C3F80890ABE700BFD4
:10966000C4390020D7DC0300EC8F0300F1DC0300D9
:1096700004DD03002DE9F04F85B00546FAF700FC44
:109680004449182202FB00F3C81851F803800779F7
:10969000B0F80690D0F810A00021D0E902460FF0F3
:1096A000DDFAA87AFAF7E4FB6969834651B16B7A6F
:1096B000D80705D4DBF824301B6828469B689847F8
:1096C00000236B61294658460EF028FE9FB194B1E5
:1096D000236883B11B6873B1B8F1000F0ED02E4B15
:1096E00002930023CDE900332C49CDF80C800122F0
:1096F00018460BF0C2FF05B0BDE8F08F201D0CF03E
:1097000091F93846FFF790FC0528F4D801A353F8E7
:1097100020F000BF6B9702002D970200F796020021
:109720006B970200F79602002D970200BFF35B8F44
:10973000A36DBFF35B8FDA070AD4194B02930023A2
:10974000CDE900331549012218460BF096FFD2E708
:10975000E36D002BCFD04FF47022002304F178008A
:1097600005B0BDE8F04F06F059BE23681D68BFF391
:109770005B8FA36DBFF35B8FDB07DED5002EBAD006
:10978000002403E051462846B0470134A3B299456E
:10979000F8D8B0E7C439002027DD0300EC8F0300C0
:1097A000D7DC0300F0B50B8A076887B004460D4686
:1097B0005BB9324A32490093CDE9013218460122A1
:1097C0000BF05BFF002007B0F0BD012105F10C009C
:1097D0000AF092FEBB7A072B0646F3D154F8043CFC
:1097E000002BEFD001782748043C002310F8337099
:1097F0008F4200EBC30214D12B8A5078977898429D
:109800002ED9CDE90331204B02930023CDE900335B
:109810001B49012218460BF030FF012FD2D104233F
:1098200027E001330E2BE1D10025184B0391029361
:1098300013492846CDE900552B4602220BF01DFFA7
:1098400031780846FFF7F0FB0028BBD00528B9D0D7
:109850000029B7D00623002220460CF027F9B1E7F3
:109860005368294620469847012F0346AAD100286D
:10987000A8D031780029A5D0EDE700BF46DD030070
:10988000EC8F0300A49803007BDD030061DD03007F
:10989000F0B51E4603680D46003987B0044618BF70
:1098A0000121186817460CF062FD40B904F1580018
:1098B0000BF0B4FF002844D0002007B0F0BD002E0C
:1098C00041D01822002168460FF0C8F947BB236831
:1098D0001E4A1B6800930023ADF812300C9B0393C3
:1098E000BDF83430ADF8103001238DF81430314616
:1098F0006B4630468DF808500BF015FE9DF814307D
:10990000C3B1002FD8D00198FAF76EFB9DF8143040
:10991000002DD1D03246294620460CF0C7F8CBE7BF
:10992000002239462046FFF7BFFB01900028CED128
:109930001120C2E701990029BED020460CF0A8F8FA
:10994000BAE71220B9E70120B7E700BFC55403000A
:109950001FB5837A072B08D0154B02930023CDE95E
:1099600000330222134918460AE004210BF07BFD64
:10997000034658B9104A0F490090CDE9010201226F
:109980000BF07BFE002005B05DF804FBBFF35B8F9E
:10999000426DBFF35B8F12F0010206D1074B0092BC
:1099A000CDE9012313460122DCE750F8040CEAE775
:1099B0009ADD0300EC8F0300A8DD0300D7DC030071
:1099C000F0B585B00F461646FFF7C2FFE0B1436A17
:1099D00018461BB150F8A83903B1A83B741C2146A6
:1099E00038B1428B458DAA4228BF2A46A2420ED2E8
:1099F000A3B90E4B02930023CDE900330C49039425
:109A0000022218460BF039FE002005B0F0BD3246A8
:109A1000394605B0BDE8F040FFF746BBD3F8A85083
:109A200005B1A83D18460C462B46DAE7C3DD030016
:109A3000EC8F0300F0B54FF4702285B00746002389
:109A400013480D460AF0D1FC044660B9114B124987
:109A50000395CDE901030090034601220BF00DFEB2
:109A6000204605B0F0BD00F10C06092130460AF091
:109A700011FD2046FAF704FA084B182202FB0033C6
:109A8000012130469F600AF010FD0570E8E700BF35
:109A90002C0E0020A6DA0300EC8F0300C43900204E
:109AA0002DE9F0410E8A043EF6B2022E04468CB037
:109AB000084601D0102E64D104210C300AF01CFDA0
:109AC0000DF1080805884788011D324640460AF016
:109AD000DDFF002857D09DB3002687B3BD422FD8A5
:109AE0004FF4205301A940468DF80460ADF80630CC
:109AF0000AF09EFF40BB1422002107A80FF0AEF829
:109B000011212046FFF796FF0990002837D0012148
:109B10000C30CDE907480AF0C8FC00230A901B4A24
:109B2000037039460B93284607AB0BF0FCFC0A9BED
:109B30001B78FBB90998FAF757FA0A2301E03D466A
:109B400001232A4610210EE042F6010307A94046F0
:109B50008DF81C60ADF81E300AF06AFF0028CAD0EC
:109B600010232A46194620460BF0A0FF00200CB017
:109B7000BDE8F081099920460BF08AFFF6E7112035
:109B8000F5E70420F3E70E20F1E700BF0993020098
:109B90002DE9F043036885B004460D46186801219D
:109BA0000CF0E5FB40B904F158000BF037FEB0BBF8
:109BB000122005B0BDE8F0831022002168460FF0A6
:109BC0004DF821212046FFF735FF029048B3DFF81A
:109BD0005890009405F10C074FF001082B8A012BD7
:109BE00004D8029920460BF053FF18E038460AF0DB
:109BF0008BFC6B464A46014606468DF80C800BF0FE
:109C000092FC9DF80C30002BE8D00298FAF7ECF9A2
:109C10009DF80C303246202120460BF047FF0020F3
:109C2000C7E71120C5E700BF815803002DE9F043C5
:109C3000036885B004460D46186801210CF097FBB7
:109C400040B904F158000BF0E9FDB0BB122005B09B
:109C5000BDE8F0831022002168460EF0FFFF0F21BF
:109C60002046FFF7E7FE029048B3DFF858900094D3
:109C700005F10C074FF001082B8A012B04D802993B
:109C800020460BF005FF18E038460AF03DFC6B4615
:109C90004A46014606468DF80C800BF044FC9DF8C0
:109CA0000C30002BE8D00298FAF79EF99DF80C30A2
:109CB00032460E2120460BF0F9FE0020C7E71120A6
:109CC000C5E700BF3B580300F0B51D46036885B0EB
:109CD00004460E461868012117460CF048FB38B9B7
:109CE00004F158000BF09AFD48BB122005B0F0BDFE
:109CF00065B31022002168460EF0B0FF39462046B9
:109D0000FFF798FE029018B3BDF82830ADF8043084
:109D100001238DF80C300F4A00946B4629462846E3
:109D20000BF001FC9DF80C305BB10298FAF75CF97E
:109D30009DF80C302A46314620460BF0B7FE002035
:109D4000D4E7029920460BF0A3FEF8E70120CDE707
:109D50001120CBE73B5803002DE9F0410D8A043D6B
:109D6000EDB2022D04468CB0084601D0102D68D10A
:109D700004210C300AF0C0FB0DF104080688478866
:109D8000011D2A4640460AF081FE00285BD0BEB382
:109D9000AFB3BE4234D800238DF8183006A942F67E
:109DA0002A334046ADF81A300AF042FE80BB182232
:109DB00000210DEB02000EF051FF09212046FFF7B4
:109DC00039FE089000283AD001210C30CDE9064830
:109DD0000AF06BFB0023099003700A238DF82C30E6
:109DE0001A4A06AB394630460BF09DFB9DF82C30E5
:109DF00003B30898FAF7F8F89DF82C3001E03E46D6
:109E000001233246082120460BF050FE00200EE0D0
:109E10002368012118680CF0AAFA0028C7D104F1C0
:109E200058000BF0FBFC002814BF002012200CB0DF
:109E3000BDE8F081089920460BF02AFEE6E71120E4
:109E4000F5E70420F3E70E20F1E700BFC19402001C
:109E50002DE9F0430F4687B00446062107F10C00B8
:109E60000AF04AFB0588B0F802808288D7F80C9087
:109E7000C5B10023B8F1000F13D0A84512D38DF857
:109E800000308DF8043001A94FF420536846ADF836
:109E90000220ADF806300AF0CBFD064660B10A2379
:109EA00001E0454601232A46062120460BF0FEFD2F
:109EB000002007B0BDE8F0830146142201A83F7CD2
:109EC0000EF0CCFE07212046FFF7B4FD0290D8B17A
:109ED0000A238DF815300D4A019401AB41462846FE
:109EE000CDE903698DF814700BF01DFB9DF815305A
:109EF0002BB10298FAF778F89DF81530D3E702995C
:109F000020460BF0C5FDD3E71120D2E755910200A2
:109F10007FB5CB681D885E88044685B176B1B542B1
:109F20000DD81022002168460EF098FE052120462B
:109F3000FFF780FD019058B9112007E03546012355
:109F40002A46042120460BF0B1FD002004B070BD6C
:109F50006B46094A0094314628460BF0E4FA029B0E
:109F600023B90198FAF740F80A23E9E70199204656
:109F70000BF08EFDE9E700BF3D55030013B50B461E
:109F8000002101910E4902460EF078FE0C680D4941
:109F900009580D488C4208BF002201A908BF13468A
:109FA00005F0A0FE014640B9019B102218460EF0B4
:109FB00055FE0346184602B010BD0023FAE700BF65
:109FC000543A002008000000340D002010B504466B
:109FD000806818B1FAF708F80023A3602146024808
:109FE000BDE810400EF0D3B8340D00202DE9FF4736
:109FF000044678301D460E4617460EF097FAE36D7C
:10A000007BB9194A19490093CDE901321846022259
:10A010000BF033FB20680BF0BDFC002004B0BDE862
:10A02000F087134A93424FF0000802D1C4F85C80D5
:10A03000F0E7D3F80490C3F80480E06DD0F80CA0EA
:10A04000FFF7C4FF2068C4F85C800BF0A3FCB9F1F3
:10A05000000FE2D02068CDF800A000683B463246F1
:10A060002946C847D9E700BFDEDD0300EC8F0300B7
:10A07000583A0020F7B550F8044C0546002C59D04A
:10A0800000F1A40104F124000BF0ADFB2E1F05F13B
:10A090005C0700220023384605F006FF024678BB25
:10A0A000AB6D2BB101466FF067033046FFF79EFFA3
:10A0B000002345F8043C05F15403BFF35B8F53E8DC
:10A0C000001F21F0010143E80012002AF7D1BFF37D
:10A0D0005B8F636A73BB04F10C06002200233046D9
:10A0E00005F0E2FE78B9666886B913482660214615
:10A0F0000EF04DF8286803B0BDE8F04000F044BE13
:10A10000F9F772FFC5E7F9F76FFFE6E7A268336872
:10A110006360964208BFA36077683FB1F36800931D
:10A12000002320681A466FF06701B8473046FFF7F2
:10A130004DFFD8E703B0F0BDE00C0020F0B550F8BB
:10A14000783C93B0064618680BF041F80378044653
:10A1500007AD032B30D8DFE803F002292B2D194976
:10A160002846F1F78CFEA379059562780492A278CF
:10A170000392E278029222790192627900920AAF08
:10A18000114A1E21384607F0ABFA104B0293002308
:10A190001846CDE900330E49039701220BF06DFA02
:10A1A000A6F17400FFF766FF13B0F0BD0949D7E7C9
:10A1B0000949D5E70949D3E7094A0A21284607F0A2
:10A1C0008FFAD0E704B5030026B50300F5DD0300E0
:10A1D000EC8F03000BB5030012B503001CB50300A0
:10A1E00074DD0300F8B51D460F461646F9F748FE24
:10A1F000044C182303FB0040C0E903760123C3800D
:10A200000575F8BDC439002070B5144D064640B13F
:10A2100015F8011C2A466C1E0AF0B9FF98B12046B9
:10A220000CE00F4928460BF092FD40B90C4905F1AE
:10A2300010000BF08CFD20B105F10F0070BD681E01
:10A24000FCE70020FAE7217C04F1110230460AF015
:10A250009EFF0028F5D004F11000EFE7813A0020BE
:10A260004BCF030070B50D4C2378834205460E4654
:10A2700003D1601C0BF06BFD60B9237BAB420BD1AB
:10A28000074831460BF063FD18B101200C2303FB96
:10A29000004070BD0020F9E70020FAE7B43D00203F
:10A2A000C13D002038B54A1C0C46054668B90E4928
:10A2B00010460BF04CFD30B90B4904F10B000BF0CC
:10A2C00046FD70B10A3420460CE009780AF05FFFC1
:10A2D0000028F8D1A17A04F10B0228460AF057FFB2
:10A2E000EFE7002038BD00BF4BCF03001FB509F0DA
:10A2F0005AFF034660B9074A0090CDE901020649BA
:10A3000001220BF042FD6FF0040005B05DF804FB84
:10A310000020FAE716DE03000C900300024608B5A1
:10A32000084901300BF02AFD002313720C32BFF3F1
:10A330005B8F52E8001F42E800300028F9D1BFF3DC
:10A340005B8F08BD4BCF03002DE9FF4180460F46D0
:10A3500016461D46FFF786FF0446A8B91149FFF7C8
:10A3600081FF044658B9104B10490090CDE9010314
:10A37000012203460BF009FD04B0BDE8F08100F8AE
:10A38000018B39460BF0FAFC228963891AB92BB983
:10A3900026816581F0E7B24288BF2681AB42EBD2CD
:10A3A000F7E700BF4BCF030029DE03000C9003004A
:10A3B0002DE9F047284B164682689A4207462BD172
:10A3C000C568AB8A43B36C1C05F115094FF0000852
:10A3D000B4F807309BB114F8011C224630460AF04D
:10A3E000D6FEE0B914F8010C2146FEF76FFA30B141
:10A3F000837A072B08BF4FF00108FDF7EBFE0A3404
:10A400004C45E5D1B8F1000F06D1AB69A5F8148031
:10A4100013B14146384698470120BDE8F08706F160
:10A42000700A307A51460AF027FC78B90B4B9D42EE
:10A4300002D130460BF00CFD094920460BF09EFC82
:10A44000002304F8013CA4F80730D8E75146204621
:10A450000BF094FCD3E700BF65A40200F00A0020D3
:10A460004BCF03002DE9F8431E46BDF82030D1F84C
:10A470000C8081460F46002B3DD1731E012B3DD829
:10A48000012E4146157818BF1588FFF70BFF0446CB
:10A4900080B915B93046BDE8F8834146FFF702FFA1
:10A4A000044670B309F1700101300BF067FC99F8B4
:10A4B00008302370D8F81C308BB92581B8F81430D7
:10A4C000AB4203D0414638460BF016FC002DE1D1DB
:10A4D0000D49601C0BF052FC25702581DAE72A46F5
:10A4E0003946484698470028D5DB01380128E4D989
:10A4F0006FF00D00CFE76FF00600CCE76FF00C00B7
:10A50000C9E76FF01000C6E74BCF030010B5044653
:10A510001448BFF35B8F50E8003F23F0020340E88C
:10A520000032002AF7D1BFF35B8FBFF35B8F036864
:10A53000BFF35B8FDA0704D500220023303805F023
:10A540006DFF20460BF0ADFB50B12046FFF75CFEDF
:10A5500030B1037ADB0703D5BDE810400BF063BDD3
:10A5600010BD00BF1022002010B5154801210BF0CE
:10A57000F6FBC30723D4022111480BF0F0FB08407F
:10A5800007D11049104A0B88104CA24211D300B1D8
:10A590000B800F490F480DF0BDFF0E484FF4A47219
:10A5A0000023FBF7CFF9BDE810400B490B480DF035
:10A5B000B1BF506803449BB208320120E5E710BDEB
:10A5C000A03A0020CC3D0020BC8F0300DC8F0300AC
:10A5D00001A8020068210020E1A90200E02100207A
:10A5E0002DE9F041034648B1008A38B91249DFF835
:10A5F0004CE001244FF0140C714501D3BDE8F0810B
:10A60000D1E90076BB4204D30CFB0672143A9342A4
:10A610000ED93444A2B208311446EDE70CFB05789C
:10A62000434507D001356219B54292B2F6D1F2E73F
:10A630000025F8E71046E1E7BC8F0300DC8F03003C
:10A640002DE9F74FBDF83050009199464FF6FF7352
:10A65000002D08BF1D46244B1B88834207469046A9
:10A660003CD203B0BDE8F08F73682344BB4232D2C2
:10A670009CB208361D4B9E42F6D3F2E789580193EF
:10A6800040460AF0D5F9019B90B101340AF1010A64
:10A69000A4B273685345ECD9009B9C42E1D8BC42FC
:10A6A0003168F2D30BFB0AF28B18B8F1000FE5D139
:10A6B000B9F1000F0BD1013DADB218460E9A0D9BBA
:10A6C00021469847002DCCD00028DED1C9E7DA68B2
:10A6D0009145DAD1EFE74FF0000ADAE7044E0124A2
:10A6E0004FF0140BC6E700BFCC3D0020DC8F030009
:10A6F000BC8F030010B5CCB000241EAA04A908A882
:10A70000CDE90444CDE9064409F022FD034670B1C9
:10A7100008AB144A4FF6FF7101200BF034FD1248CC
:10A7200008A909F0AAFD034658B9104A00E0104AEA
:10A7300010490093CDE9013201220BF026FB4CB009
:10A7400010BD094B214603F110020131187812F8AF
:10A75000014D03F8014B08291070F6D106480BF0A3
:10A76000FEFAECE7AB5D0300582100205ADE03003F
:10A7700048DE03000C90030010220020F8B51D49AC
:10A78000BDF818600446A1F130001F4615460DF0D3
:10A79000E0FEBFF35B8F184B1B68BFF35B8F19079D
:10A7A00001D4FFF7A7FF2046FFF72EFD014670B149
:10A7B000037ADA070BD5BFF35B8FCB68BFF35B8FF0
:10A7C000DB0700F10C0002D402210BF0C8FA102EB6
:10A7D0000CD8C6F110040949BC42A8BF3C46224629
:10A7E000314428460EF012FA2046F8BD6FF00604F8
:10A7F000FAE700BF982100201022002058210020F5
:10A80000054BBFF35B8F1B68BFF35B8F1B0701D446
:10A81000FFF770BF704700BF1022002007B500236C
:10A820000193FFF7DDFE411C89B20846034A01ABE4
:10A830000BF0A9FC019803B05DF804FBF35C030086
:10A840002DE9F047894651684F8A17F094078046F2
:10A85000154642D102220BF0BFFC002840D04FF435
:10A8600070200021AE8AFFF789FB0236044660B1F2
:10A870001D4B4360C56032461D214046FFF7A0F8DE
:10A88000064638B92046FFF7A1FB6FF00B052846B6
:10A89000BDE8F08701233A46394606F10C0AFFF776
:10A8A000A1FC0221504609F000FE0746504627F859
:10A8B000029BA98A09F0F9FDAA8A296938460EF097
:10A8C000A5F9A660214640460BF0CEF905460028C2
:10A8D000DDD02046FFF77AFBD9E74FF0FF35D6E70A
:10A8E0006FF01505D3E700BF155D030030B5394B98
:10A8F000BFF35B8F1B68BFF35B8F5A078BB00446B7
:10A900000D4661D510B1837A072B60D16868059038
:10A91000FFF766FE2A68ADF818003AB305A9029160
:10A920002D4901910121002300914FF6FF710593FC
:10A93000FFF786FE059B1BB96FF001000BB030BD21
:10A940006B60059B186800238DF8103004A942F64F
:10A950000303ADF812300AF06BF870B90598C368BC
:10A960009B799B0605D46FF01500E7E70028E8D136
:10A97000E2E70BF0B6FBADF81800BDF818003CB1EB
:10A9800001230146AB752A462046FFF759FFD5E75C
:10A990006FF07F0307930223ADF8203042F60213D5
:10A9A000ADF8123005ABAC7502930C4B019301234B
:10A9B000009304AA23464FF6FF7109958DF81040C5
:10A9C000FFF73EFE0798B9E76FF00A00B6E76FF0B1
:10A9D0007F00B3E79C080020435D03002DAC02001C
:10A9E00013B550F8082C01920346A0F1200100F1A4
:10A9F0003004BFF35B8F54E8002F22F0010244E8DB
:10AA000000200028F7D1BFF35B8F0D4A43F81C2CC0
:10AA10000C4A43F8182C01AA002043F8102C0422F9
:10AA200023F8080C23F8060C23F80C2CFFF75EFF24
:10AA300018B9022120460BF092F902B010BD00BFF8
:10AA40004C9903000DA502007FB5354B1468826850
:10AA50009A42064661D1C5682B8973B12A462046C1
:10AA600012F8011B0AF093FB38B14FF4957231468E
:10AA700020460BF095FB032812D16B8A002B4CD09B
:10AA8000A97A05F10B0220460AF081FB002844D088
:10AA90004FF49572314620460BF082FB03283CD0E0
:10AAA000294630460BF028F91E4B9D4235D1207ABD
:10AAB00004F17001FFF7D6FB054670B303890BB9AB
:10AAC000438953B32046FDF7C7FC174A2B8922F868
:10AAD000203002EB8003698959801449144D1823F2
:10AAE00003FB001300B202EB800200EB40005D604C
:10AAF0001A61104D9D60042201EBC00120469A822C
:10AB0000FFF7F4FE48B10C4B02930023CDE900336C
:10AB10000A49012218460BF038F9012004B070BD33
:10AB200065A40200F00A0020B03D0020683A002031
:10AB30004C990300B36003006DDE03000C9003002A
:10AB400030B5374BBFF35B8F1B68BFF35B8F5A0782
:10AB50008BB004460D465DD510B1837A072B5CD1CE
:10AB600068680590FFF73CFD2A68ADF818003AB315
:10AB700005A902912B4901910121002300914FF673
:10AB8000FF710593FFF75CFD059B1BB96FF001009A
:10AB90000BB030BD6B60059B186800238DF810303A
:10ABA00004A942F60303ADF8123009F041FF70B971
:10ABB0000598C3689B79DB0605D46FF01500E7E7BD
:10ABC0000028E8D1E2E70BF08CFAADF81800BDF8E8
:10ABD00018002CB101462A4620460BF08AFBD7E725
:10ABE00042F60212ADF8122005AA6FF07F0302921E
:10ABF0000D4A07930123CDE90032ADF8203004AAB5
:10AC000023464FF6FF7109958DF81040FFF718FDA8
:10AC10000798BDE76FF00A00BAE76FF07F00B7E76B
:10AC20009C080020435D03002DAC02002DE9F04795
:10AC30003F4B144682689A42804636D1D0F80C9039
:10AC40003C4B994519D13C4D3C4F0026394628468E
:10AC50000BF07DF878B915F8010C07222946FDF7AD
:10AC60007BFE38BB236915F8010C1A692946538805
:10AC70001288FFF769FB0C35D6B109F1010709F11C
:10AC8000150AB7F80720A3899A420BD117F8010CCF
:10AC90003946FDF71BFE054620B1837A072B0CD001
:10ACA000FDF798FA0A37BA45EBD10120BDE8F087E5
:10ACB0000126CBE7FDF78EFADDE7D9F8203023B186
:10ACC0004146984708B92846EAE7B8F8123013F029
:10ACD0009406F8D1A389022B15D1B7F8073013F0E9
:10ACE000020604D12846FDF775FAA660DAE7226964
:10ACF000A1882846FFF7A4FD064688B92269937DFE
:10AD000001339375EEE7012BECD1B7F8073013F060
:10AD10000106E7D02269A18828460BF0EAFA064628
:10AD20002846FDF757FA002EA660BBDA0020BDE7E3
:10AD300065A40200F00A0020B53D00204BCF0300BF
:10AD400007B5064A00906B4601204FF6FF718DF85B
:10AD500004000BF018FA03B05DF804FB49AA0200E6
:10AD6000F8B5084B1C6805460E4617464CB154F81A
:10AD7000043C043C1BB13A46314628469847646877
:10AD8000F4E7F8BDA43A002070B503460F4A044624
:10AD90004FF6FF7101200BF0F6F92046FFF734FA69
:10ADA000054688B104F17006207A314609F064FF47
:10ADB00020B92846BDE87040FFF7B0BA3146681C9C
:10ADC000BDE870400AF0DABF70BD00BFB1A3020059
:10ADD0007FB50BAB05930393054B02930023CDE99D
:10ADE000003301221846F7F7DDFA07B05DF804FBDF
:10ADF00099DE03001FB50B4C226800232AB90A4BC9
:10AE0000636010460C6004B010BD084A0390CDE9A1
:10AE100001321846064900930122FFF7D9FF6FF06F
:10AE20000B00F0E7AC3A0020509A030099DE0300D3
:10AE30004C900300084B70B5C31A0D4607499B1090
:10AE400004465943064840220BF03EFB2B46014680
:10AE50002046BDE870401847143B0020B76DDBB6B4
:10AE6000608D030073B50C4C0C4A4023041B009307
:10AE70000D460B460A49A4106143064609480BF0EB
:10AE80004EFB011E05DA30462B4602B0BDE870408D
:10AE9000184702B070BD00BF143B00208765030057
:10AEA000B76DDBB6608D0300002270B5012104464A
:10AEB0001046F8F795FD0F4802F096FF0E4B9842AA
:10AEC00015D10CF0C0F926690C49304608F050FA4B
:10AED00000280BDB012535642469084904F11C00B6
:10AEE00008F046FA002801DBE564002070BD6FF031
:10AEF0000400FBE759B002000000AD0B789A030094
:10AF00007FB500220123CDE9022304ABCDE9043350
:10AF1000094ACDF800D06B46CDF804D00BF02CFBDD
:10AF2000002805DB4FF480420023684605F012F844
:10AF300007B05DF804FB00BF9F65030010B5074C28
:10AF400023782BB94FF4A5700DF065F80123237019
:10AF5000BDE81040002002F037BF00BF014A0020CA
:10AF600010B5EFF31184402383F31288BFF36F8F82
:10AF7000074A136823F00201DB07116002D40120A5
:10AF80000CF05CF984F31188BFF36F8F10BD00BF24
:10AF9000643B002030B4104B0C2202FB003301460E
:10AFA0000020D3E90E529863EFF31180402484F31C
:10AFB0001288BFF36F8F1C6C04F0C00444F00204CD
:10AFC0001C6480F31188BFF36F8F1DB12B460348BB
:10AFD00030BC184730BC7047143B0020608D030024
:10AFE00010B4EFF31182402383F31288BFF36F8F05
:10AFF0001748016841F002040460C80707D482F3CF
:10B000001188BFF36F8F012010BC02F0DDBE4FF03E
:10B010008041D1F80C04D1F80C14C907EFD5EFF337
:10B02000118083F31288BFF36F8F0A490B6C03F012
:10B03000C00343F002030B6480F31188BFF36F8FEA
:10B0400082F31188BFF36F8F002010BCFFF7A2BFFF
:10B05000643B0020143B002010B1012804D070474D
:10B06000034B1B6C5B0701D1FFF794BF704700BF18
:10B07000143B00202DE9F0413849BFF35B8F0746B0
:10B08000012251E8003F41E800200028F9D1BFF338
:10B090005B8F33B9324933484B60CB608A6008F02C
:10B0A0007AF97B1E012B2BD8012F07D14FF080435B
:10B0B000D3F81C3403F00303012B21D00DF079FAEF
:10B0C0000546F8B9284B1B78E3B14FF080430222C4
:10B0D000C3F808230646DFF894804FF08044D4F884
:10B0E0001824D4F81834D20315D503F00303012B28
:10B0F00001D0012F0FD155B386F31188BFF36F8FA5
:10B10000BDE8F081EFF31186402383F31288BFF38B
:10B110006F8F0125DFE7ADB1304609F026F9D4F88D
:10B120001835002BDBD1D4F80421002AD7D0C4F87D
:10B130000431D4F804310123C4F81835C8F880313B
:10B14000A360CCE70021212005F05EFCE7E74FF08B
:10B1500080430222C3F80423D2E700BF103B002043
:10B16000003B0020303B0020804D002000E100E04B
:10B1700010B5044C2046F6F79BFB2046F8F722FE5C
:10B18000002010BD89B1020073B5104E8DF8070084
:10B190000446032501220DF10701002004F088FB7D
:10B1A00020B101233370204602B070BD3378002BEC
:10B1B000F9D0013D08D00DF0FCF90028EAD10021BA
:10B1C000422005F021FCE5E73570ECE7024A00205B
:10B1D000EFF31182402383F31288BFF36F8F0A4B82
:10B1E000D3F8001161B10021D3F80805C3F80011AC
:10B1F000D3F80031C0B282F31188BFF36F8F70476C
:10B200006FF00A00F7E700BF00D00040F0B503463A
:10B2100010469C7893F803C0EFF31182402585F324
:10B220001288BFF36F8F1F7893F801E0E41B04EAE4
:10B230000C04A04288BFA0B23E180CEA06063D46A8
:10B240001E7082F31188BFF36F8F0A188A4216D1DD
:10B2500077450CD1EFF31182402181F31288BFF3BF
:10B260006F8F1978597082F31188BFF36F8F1B7934
:10B27000241AA34222BF064B01221A60F0BD5E19B8
:10B280000135767901F8016B05EA0C05DEE700BFB0
:10B2900000D00040DB432DE9F04713F001050E46D6
:10B2A000144604D02248FFF7B1FFBDE8F0879AB3F7
:10B2B000EFF31188402383F31288BFF36F8F0D20C3
:10B2C000F8F780FB07460D20F8F768FB88F3118834
:10B2D000BFF36F8FDFF85CA0DFF85C80CAF8005125
:10B2E000DAF800314FF400590123CAF8003025463E
:10B2F000C8F88091DAF8003183B1FFF769FF031EC7
:10B30000C8F88091F6DB013DADB27355002DF1D147
:10B3100017B10D20F8F734FB2046C6E7EFF3118094
:10B32000402383F31288BFF36F8F09F01EF8E1E723
:10B33000983B002000D0004000E100E02DE9F04102
:10B34000124F0D46144607F1450814B92046BDE8D2
:10B35000F0814FF0FF334FF0FF32384604F0FAFD32
:10B36000224629464046FFF751FF0646384604F07C
:10B37000CDFD3EB94FF0FF324FF0FF33044804F0EB
:10B38000E9FDE6E7A41BA4B23544DEE7683B0020F4
:10B39000803B002038B5194C0122114620460CF0A4
:10B3A000CBFF0122002104F118000CF0C5FF40F290
:10B3B0000743A4F848304FF0706323630C2384F8EC
:10B3C000343000250E4B84F84550A4F84650D3F88D
:10B3D000042522F00102C3F804250121C3F800511D
:10B3E000D3F80021C3F804132A4619600D20F8F79A
:10B3F000F7FA0D20F8F7C4FA284638BD683B00205C
:10B4000000D0004010B5FFF7E3FE002820DB174B0B
:10B4100093F8322093F8314093F83310141B31EA3B
:10B420000404C0B20DD193F8472093F8464093F836
:10B430004810141B31EA04040BD10D4B01225A6051
:10B440000EE09C180132114084F8350083F8321068
:10B4500010BD9C180132114084F84A0083F847104F
:10B460000448BDE8104004F051BD00BF683B002017
:10B4700000D00040803B0020024B0B600123136092
:10B48000704700BFBC3B002000487047DC9A0300B7
:10B4900070B50D4686B0194628461C4616460BF078
:10B4A000B6F8034668B90B4A0090CDE90102CDE930
:10B4B0000354094901220BF0BBF86FF0150006B0E8
:10B4C00070BD24B12246294630460DF09FFB002076
:10B4D000F5E700BF0DDF03007C90030010B50122EB
:10B4E00011460748074C0CF027FF02F0C7FC0CF090
:10B4F0004EF820600CF047F86060002010BD00BFDF
:10B50000C43B0020BC3B0020F0B58DB00E46154674
:10B510000CF039F82946074630460BF078F8034618
:10B5200088B3B6FBF7F307FB136323B9B5FBF7F456
:10B5300007FB145484B1244B02930023CDE9036527
:10B54000CDE900332149012218460BF071F86FF064
:10B55000150420460DB0F0BDBD42FAD34FF0FF33C5
:10B560004FF0FF321A4804F0F5FC0BF07FFE08ABF9
:10B57000014688B9102218460DF070FBCDE9096527
:10B580000BF021F81BE0134A10490090CDE90102AD
:10B59000CDE903650122D8E71022214618460DF0B7
:10B5A0005DFB01228DF82C200B4ACDE906200B48CB
:10B5B000CDE9096502F06AFC06A802F06DFC0446BC
:10B5C000034804F0A3FCC4E72ADF03007C900300D7
:10B5D000C43B00200DDF0300C7650300645E01006B
:10B5E00038B5037B04460BB10BF04CFE0125A36874
:10B5F000032B06D8124AD2F80034DB07FBD5002013
:10B6000038BD23686068196803F0E0FA63680433A2
:10B610006360236804332360A368043BA360237B37
:10B620000135002BE3D0284602F0C2FC0028DED012
:10B63000034AD2F80034D907FBD50120E0E700BF68
:10B6400000E0014070B50D468CB0194628461C46F6
:10B6500016460AF0DCFF034670B9234A23490090DE
:10B66000CDE90354CDE9010201220AF0E1FF6FF0B8
:10B67000150420460CB070BD45EA04039B070AD0B0
:10B680001B4B02930023CDE90354CDE90033174946
:10B6900001221846E9E7002CEBD04FF0FF334FF0C2
:10B6A000FF32144804F056FC0BF0E0FD0346CDE9F0
:10B6B000086508A80A948BB101238DF82C300E4B35
:10B6C000CDE9063041F64C5002F0E0FB06A802F04E
:10B6D000E3FB0446074804F019FCCAE78DF82C3058
:10B6E000FFF77EFFF5E700BF0DDF03007C9003004E
:10B6F00049DF0300C43B0020E1B5020038B54568CE
:10B700002B69B3B11035284603F024F9044680B9FB
:10B710000146284603F0EAF8084B98420BD1084945
:10B720002246284603F0CAF8224605210620F8F7EB
:10B7300057F9002038BD6FF00400FBE70000AD0BA7
:10B7400045B70200430970B507D10B4B596821B1C9
:10B7500001250C68094E854001B970BD8A682A40F0
:10B7600002D04B68304698471CB1236821461C46DE
:10B77000F2E72346FAE700BFDC3B0020748D0300AC
:10B780002DE9F043476840F20636D0063B7B87B090
:10B7900002EA060654BFC2F34010032001F01F0561
:10B7A000B6F5837F144645EA43158DF8030043D070
:10B7B0000FD8062E18D007D8B6B1022E3ED06FF0A3
:10B7C000150007B0BDE8F083B6F5807FF7D10126FC
:10B7D0000AE040F20222964232D0B6F5407F31D0E4
:10B7E000B6F5007FEBD102260123220303FA01F113
:10B7F0002AD57B68C3F808153B695BBB05F01F02BF
:10B800006D0974D1920002F1A04284F48031D2F823
:10B810000037C1F30041C4F3404423F4E16344EA38
:10B82000410423F007031C4344EA800444EA06244D
:10B83000C2F800470020C4E70726D5E70426D3E76F
:10B840000526D1E70326CFE7630344BF7B68C3F82F
:10B850000C15D1E710370DF102022946384603F0E6
:10B8600033F814F4403F80460CD1294638460BF09B
:10B870007DFE214B9845DDD19DF80210384603F03E
:10B8800073F8D7E701AB4FF0000903AA2946384601
:10B89000CDE90439CDE90199CDF80C9002F0E8FE2C
:10B8A000154B98428BD114F4003315D09DF803301A
:10B8B0008DF80E3084F48034C4F300444B4603AA60
:10B8C000294638468DF80C608DF80D4002F080FF57
:10B8D000094B9842CDD072E7CDE9043303AA0DF1AC
:10B8E000030329463846039302F0C2FEF0E702F54F
:10B8F000E07253F82230FFDE0000AD0BF0B5406877
:10B90000057B01F01F0444EA4514056987B0002D4A
:10B9100060D0B2F5001F00F1100506D1214628467F
:10B920000BF026FE002007B0F0BD01AE0027B2F5F7
:10B93000800F0197776038D1B3F1007F14BF0523E2
:10B9400004238DF804300023CDE904630393836856
:10B9500023FA01F111F0010119D1B2F1A07F16D142
:10B9600004F01F03620903F5E07339D14FF0A042E0
:10B9700052F82330DB070AD40DF103063246214684
:10B98000284602F0A1FF184B984219D0029603AA4C
:10B990002146284602F06CFE144B98421DD101222C
:10B9A0002146284602F0ECFFBCE7B3F1C06F05D09A
:10B9B000B3F1007F14BF01230223C2E70323C0E7D2
:10B9C0003146284602F0D6FF084B9842DED06FF091
:10B9D0000B00A8E76FF08500A5E76FF01500A2E760
:10B9E00051F82330FFDE00BF0400AD0B0000AD0BAB
:10B9F0001FB511F0010342680ED1C1F342010129C4
:10BA00000DD0022914D00C4A0C490093CDE9013223
:10BA1000184601220AF0D7FE6FF0150005E0136802
:10BA20004FF0CC72C3F82425002005B05DF804FB6C
:10BA300013684FF0C862F5E79DDF03009C90030098
:10BA400070B544682368D3F80855D3F80C652046D0
:10BA500003F020FB3146284603F01CFE0546206A11
:10BA60000AF0C1FE204603F005FB034B9D4214BFC4
:10BA70006FF00F00002070BD0000AD0B0378012BAC
:10BA800008D0022B08D04BB9054B0B6301F118000D
:10BA900004F03CBA034BF8E7034BF6E7034BF4E73B
:10BAA0000000AD0B0100AE0B0200AE0B0100AD0BB0
:10BAB0007FB544680669E369054698470122114647
:10BAC00030460CF039FC0122002106F118000CF080
:10BAD00033FC206A0AF087FE002817DB33460F4A42
:10BAE00004F10801204603F089FA0D4B98420FD06B
:10BAF0002B6803930B4B029300231846CDE90033C8
:10BB0000094901220AF05FFE6FF0040004B070BD25
:10BB1000204603F0AFFA0020F8E700BF7DBA02002C
:10BB20000000AD0BAFDF03009C9003002DE9F04F48
:10BB3000D0F80490D0F81080D9F824A093B01D4616
:10BB40000646B9F8183009930C4693460021142292
:10BB50000DA80DF083F88DF835504FF0FF324FF0FF
:10BB6000FF33404604F0F6F908F118030A93002267
:10BB7000002308F1180004F0EDF900273D465F4569
:10BB800001D3002433E0207A020700F1A4800137BA
:10BB90005F4521680AD2830708D4237D80EA030227
:10BBA00002F0010203F004031A4307D025B901F0A3
:10BBB0006043B3F1005F2CD0002300E001236268F2
:10BBC000DDF824E005EB020CF44514D93368069344
:10BBD000424B02930023CDE9042ECDE900334049C6
:10BBE0000395012218460AF0EEFD6FF01B04404653
:10BBF00004F08CF929E0C00705D40AEB05000B938B
:10BC00000DF004F80B9B62682A4495B2002B4CD1CE
:10BC1000FDB92368109363680025227A0E9302F021
:10BC200001018DF83410B9F82810994215D2CDE9E8
:10BC300003312C4B02930023CDE900332849012224
:10BC400018460AF0C0FD6FF01B04204613B0BDE893
:10BC5000F08FCDF840A02B46DFE782F00202C2F35E
:10BC6000400252010DA9484603F056FA1E4B984275
:10BC700005D00B3398420CD16FF00F04B7E74FF4A7
:10BC800080420A98002304F065F928B13046FFF796
:10BC9000D7FE6FF00404AAE7D8F83030124A934276
:10BCA000F7D1237ADB0702D400250C3467E7109B19
:10BCB0005345F9D1234608E0A91AD8680B938DB2F1
:10BCC0001AFA81F10CF0A2FF0B9B5A689542A3F17E
:10BCD0000C03F1D2E8E76FF0850488E7CFDF0300BB
:10BCE0009C9003009AE003000000AD0B2DE9F043A7
:10BCF0005B4E5C4F00EB810140F2FF15814202D1A7
:10BD00000020BDE8F083046814F4804FC4F3C32C12
:10BD1000C4F3080340F09080240E16F80CC0AB4228
:10BD200008BF4FF0FF33192C00F28980DFE804F0E0
:10BD30000D13191C1F251C87878787366387878704
:10BD4000878787878787667B7E81C2F80C355C1C76
:10BD50005ED10430D2E7C2F814355C1CF9D000245F
:10BD60005FE0C2F80835F2E7C2F81035F5E75C1C71
:10BD7000C2F80835EDD0002404E05C1CC2F80C3594
:10BD8000E7D001245FEA531E5CD14FF001084FF069
:10BD9000A04E08FA03F9CEF80C950AE0C2F808356F
:10BDA000BCF1000FD9D15C1CD3D00024A0464FF0C9
:10BDB000060CD0F8009009F4004EBEF1000F1CBF35
:10BDC0004FF00008012403F01F0E5B0942D14FEA37
:10BDD0008E0E0EF1A04EC9F34129DEF800373B402C
:10BDE00043EA890343EA0C2343EA080343EA440392
:10BDF000CEF80037ADE7C2F80C35D1E7C2F86035B0
:10BE0000B3F1FF3F0468A4D0C4F30044002CB8D0C1
:10BE10005C091BD101244FF0A04E04FA03F8CEF8C0
:10BE20000885A046C5E7C2F86435E9E7C2F8683579
:10BE3000E6E7C2F86C35E3E76FF0150061E76FF0F5
:10BE400085005EE70023C3F80C35FFDE0023C3F84E
:10BE50000835FAE70EF5E07E002353F82E30F4E7BC
:10BE6000FCE00300F0F8FCFF7FB50BAB05930393F8
:10BE7000054B02930023CDE9003301221846F6F763
:10BE800091FA07B05DF804FB04E10300F0B500226D
:10BE90000546012187B00220F7F7A2FD0220F7F73F
:10BEA0006FFD6B6819681A69C1F824255A7D1B7DDE
:10BEB0001343C1F86C352C692368ABB16B68404AF9
:10BEC0001B684049C3F804232068002208300CF0A6
:10BED00007FD2368DD6320683B49002268300CF0D1
:10BEE000FFFC2368C3F89C506E68D6E9004313F04A
:10BEF00001034BD02F6907F10C000BF0C5FA334B4F
:10BF000098420DD0324B029300231846CDE90033FE
:10BF100030490122FFF7A8FF6FF0040007B0F0BD21
:10BF2000387B04F10C0204F590710BF0A3FA387B16
:10BF3000012707FA00F002F0B5FA0823C4F800352B
:10BF4000B36AC4F844350023C4F84835A760D4F870
:10BF50005831002BFBD00021C4F800156C68E6684E
:10BF600005AA30460AF04FFC002805DB059B326825
:10BF700019791868FFF7BAFE63685B075FBF6B68E3
:10BF80001B680822C3F800250020C7E70822C4F870
:10BF90000025B26AC4F84425C4F848350123A360DB
:10BFA000D4F82031002BFBD00023C4F82031D4F882
:10BFB00020310123E3604FF48073C4F80433C6E7F3
:10BFC00014020A00A56A03003D6F03000000AD0BD8
:10BFD00004E10300149103002DE9F8430446466888
:10BFE00088460CF0E6FA6368A8B92E4A127892B136
:10BFF0001F684FF04009642560680AF000FD0028C2
:10C000003ED101200BF034FA013DF5D10021212071
:10C0100004F0FAFCEFE721691F684FF04009EFF3E5
:10C02000118589F31288BFF36F8F60680AF0E7FC0F
:10C0300008B30B6853B1D3F8A4203AB1D3F8B420B5
:10C04000002A03DAD7F84C25C3F8B42073685B07DD
:10C0500044BF4FF48003C7F80433B36A83F8008009
:10C06000B16A012220460AF0DAFC85F31188BFF399
:10C070006F8FBDE8F88385F31188BFF36F8FCEE72C
:10C08000EFF311810D4689F31288BFF36F8F60685B
:10C090000AF0B5FC0028D9D181F31188BFF36F8F66
:10C0A000B4E700BF804D0020F7B5064605691C4681
:10C0B000EFF31187402383F31288BFF36F8F2B6850
:10C0C000D3F8A4C0BCF1000F07D087F31188BFF3E9
:10C0D0006F8F6FF00F0003B0F0BDC3F8A4202B6882
:10C0E000C3F8A01001F06043B3F1005F2B6814D1D6
:10C0F000C3F8A8102B68C3F8AC20294630460AF0D4
:10C10000B0FC87F31188BFF36F8F73681B7D012B21
:10C1100001D1631C06D10020DDE7C3F8B0C00AF0EE
:10C120004FFCEAE70B480C4A2D6824EAE4744FF40C
:10C13000004600210023C4FB0601E0F79FFD68359F
:10C1400002460B4600200021CDE90001284604F0FC
:10C15000E1FEE0E73F420F0040420F002DE9F74FBC
:10C16000D0F804A0D0F810B0DAF80050DBF80040A6
:10C1700017469AF8082081468846002A40F0AB808E
:10C1800094F86120002A40F0A98094F8622002F01F
:10C19000FF01002A40F0A280581C4CD0042B4ADD3D
:10C1A00050484FF4004C052293FBF2F64E4A002310
:10C1B000C6FB0C01E0F762FD0023C4E91601C4E9E7
:10C1C0001087C4E9123363652365DAF80420510748
:10C1D00051D594F86060002E4DD0BE4228BF3E4637
:10C1E000DAF82410324640460CF010FDBF1B4FF029
:10C1F00000032DD194F86020921BD2B284F8602005
:10C20000DAF824000BF1080B81190CF00DFDBFF3D7
:10C210005B8F5BE8003F43F004034BE80032002AE9
:10C22000F7D1BFF35B8F45F30735002D06DA002009
:10C2300003B0BDE8F08F00200146BDE76B092B4934
:10C2400005F01F0501224033AA4041F82320EEE704
:10C25000D4E916210A430DD0C5F80831D5F80831C4
:10C26000D4E9162300200021CDE9000104F10800E3
:10C2700004F050FEB0440023C5F83485C5F8387585
:10C28000C5F81031D5F81021C5F84C31D5F84C312E
:10C29000012384F86130DAF804305A0718D5EFF337
:10C2A0001181402383F31288BFF36F8FD9F81020D8
:10C2B000936843F0020090609B0701BFD9F80430F7
:10C2C0001B680822C3F8002581F31188BFF36F8F24
:10C2D00001232B60ABE76FF08500A9E76FF00F003B
:10C2E000A6E700BF3F420F0040420F0000E100E020
:10C2F0002DE9F041456806692F6A88B007AA002138
:10C3000038460AF080FA041E2BDB079B3A6819793D
:10C310001868FFF7EBFC041E23DB696A481C24D075
:10C3200005F1280000F012FB10F1130F04460CD1A8
:10C33000304B02930023CDE900332F4901221846E8
:10C340000AF01CFE6FF012040BE0411D0DD12B4BC7
:10C3500002930023CDE900332749012218460AF051
:10C360000DFE204608B0BDE8F081EB699847B5683E
:10C370000127D6E9023203EBC2039D4204D33046C3
:10C380000AF01FFE0024ECE728680BF049FE034684
:10C3900068B92A7904922A68174912680392184AE0
:10C3A0000090CDE9010201220AF0E8FDCAE7286801
:10C3B0002979EB88D0F810C0D0F80880DCF800406C
:10C3C000DA0754BF43F4B01383F4D01323F480127C
:10C3D00007FA01FEDB074CBF44EA0E0424EA0E0410
:10C3E000CCF80040D8F800309847041EB9DB083577
:10C3F000BFE700BF41E103000C9103006CE10300C3
:10C4000089E103007FB50546406829698A6D0B6E96
:10C410000ABBABB14C6D8B6616461A46C96D0291CC
:10C42000CDE9004611B3002B18BF13460022694620
:10C43000039302F007FD0E4B98420AD06FF00403FD
:10C440002C69236404F1280003F060FD002384F8C4
:10C450006C3004B070BD4C6D13B19A4228BF1A46BF
:10C46000002C8A6614BF16460026D7E70B46DDE788
:10C470000000AD0B30B5037885B00C4663B98D6E06
:10C4800065B94B6E1C696FF07303236404F12800D7
:10C4900003F03CFD84F86C5005B030BD8A6D52B19C
:10C4A00095421DD9274A28490093CDE90132184603
:10C4B00001220AF063FD236EA26E5BB19A4227D976
:10C4C000204B02930023CDE900331F490122184677
:10C4D0000AF054FD606E05B0BDE83040FFF792BF32
:10C4E000521B8A6572B94B6C08334B648B6C013BF1
:10C4F0008B6401F1580204F1440048310AF02BFD2D
:10C500006065D8E74B6D002BD5D02B444B65D2E747
:10C510009B1A23667BB9E36C0833E364236D013B0C
:10C52000236504F1600204F1500104F14C000AF0AB
:10C5300012FDE065CEE7E36D002BCBD01344E3653D
:10C54000C8E700BFADE103000C9103002DE9F04FF7
:10C550008DB004690493436805938B88074698045B
:10C560008846924634D44FF0FF324FF0FF3304F147
:10C57000100003F0EFFCC4F80480D7F81090D7F84F
:10C5800004B099F86D3023B1D9F80030984500F027
:10C59000DC80B8F8046016F4006320D0B84B029336
:10C5A0000023CDE90033B749012218460AF0E6FC22
:10C5B0006FF0850523689B8813F4005304D16360F2
:10C5C00004F1100003F0A2FC28460DB0BDE8F08F86
:10C5D000A369002BC7D163689942C4D1CDE716F097
:10C5E00001020DD03A680392A74AA6490093CDE90B
:10C5F0000132184601220AF0C1FC6FF01505D9E797
:10C6000016F008030AD0A14B0092CDE9012313468E
:10C610009C49012218460AF0B1FCEEE7C6F3451228
:10C62000082A04D09A4A0093CDE90132F0E7D8F8FD
:10C630000050984A954201D8974AF4E70BF1080E4A
:10C64000BEE80F000DF11C0CACE80F00DEF8003066
:10C65000CCF80030914B9D4256D9914B9D4256D912
:10C66000904B9D4256D9904B9D4256D98F4B9D423F
:10C6700056D98F4B9D422CBF4FF000454FF080455F
:10C68000B107099506F004034DD5002B14BF032311
:10C6900002238DF82830C6F300138DF82930DBF81B
:10C6A0000030D3F8082516F0020FC6F340014FEA18
:10C6B00052104FF001033AD1002840F03F819340DF
:10C6C0004FF0A042C2F80C3599F86D302BB15846A6
:10C6D00002F080FB002389F86D304B46754A07A9AC
:10C6E000584602F043FB744B984229D0734B029397
:10C6F00000230390CDE900336249012218460AF075
:10C700003DFC6FF0040555E74FF00075B8E74FF0BA
:10C710008065B5E74FF00065B2E74FF08055AFE7B1
:10C720004FF00055ACE7003B18BF0123B1E70028EC
:10C7300040F0078193404FF0A042C2F80835C3E7AC
:10C74000012389F86D30C9F80080012384F86C302A
:10C75000059B596A4A1C0FD003F1280000F026F906
:10C76000743009D1564B02930023CDE9003345497B
:10C77000022218460AF002FCBAF1000F40F0A48031
:10C78000C4F844A00023A36404F1580204F1480152
:10C7900004F144000AF0DFFB049B6065002B40F0CD
:10C7A0009C80E3640023236504F1600204F15001DE
:10C7B00004F14C000AF0CFFBE065206800232364FD
:10C7C00048B183683BB1012108300AF0E6FB2368D9
:10C7D00018690BF020FC3846FFF714FE0022A06C0D
:10C7E0001346834240F082800023256D1946A942FA
:10C7F00040F083809342264638BF13464FF4FA52E6
:10C8000002FB03F556F8283B4FF000081B68B5FB08
:10C81000F3F54FF4004CC835414640F2E7304FF491
:10C820007A720023E5FB0C01E0F728FA02460B467A
:10C83000304603F08FFB002866D0224B1149CDF81B
:10C840000080CDE901830122434640460AF096FB71
:10C8500000250598A56602F0BDFA84F86D503F6981
:10C860006FF07308C7F8408007F1280003F04EFB13
:10C8700087F86C50304603F093FB454648E000BF14
:10C88000CBE103000C910300E5E1030007E20300A4
:10C8900026E2030047E8010055E203008FD00300C1
:10C8A0001FA107003F420F007F841E00FF083D00CC
:10C8B00000127A0075C402000000AD0B86E203008E
:10C8C000ADE20300D7E20300DAF800306364002B26
:10C8D0003FF458AFDAF8043055E7049B1B68E36473
:10C8E000002B3FF45FAF049B5B685CE7616C01EB7E
:10C8F000C301013349680A4473E7E06C00EBC100EF
:10C9000001314068034472E7256C15F1740F9FD024
:10C910002368002B3FF44EAE9A68002A3FF44AAEDB
:10C92000998811F480567FF445AE18690BF073FBBB
:10C930002068314608300AF030FB3BE6C1F80C15A0
:10C94000FFDE0023C3F80835FAE700BFF0B587B073
:10C9500001238DF8023002238DF804306B440393D9
:10C960000F4601AB0DF1030100240493054602912B
:10C97000059401F0FFFF0C4B984206460FD103AA25
:10C980003946284601F074FEB0420BD09DF80310E2
:10C99000284601F0E9FF6FF0040007B0F0BD6FF02A
:10C9A0001200FAE72046F8E70000AD0B2DE9F04150
:10C9B0000D4606460AF0DEFD0022074629463046AF
:10C9C00001F0DEFF6B0905F01F0429D1A40004F17A
:10C9D000A044164BD4F80027134043F00C03C4F8CE
:10C9E00000370AF024FB80463368DB597BB100270F
:10C9F000304629460AF0BCFDD4F800270B4B134003
:10CA000043F00403C4F800373846BDE8F0810AF06B
:10CA10000EFBA0EB08000628E6D96FF07307E7E7E6
:10CA200004F5E074002353F82430FFDEF0F8FCFF37
:10CA300070B5012383400E4ABFF35B8FDC4352E89D
:10CA4000001F01EA040542E80056002EF7D1BFF3AB
:10CA50005B8F4FF4803282400648C0F80823BFF352
:10CA60005F8FBFF36F8F0B4214BF0120002070BD9A
:10CA7000203C00200010014070B40E49D1E9003480
:10CA8000D01AC31844F1000422F07F46C1E90034F3
:10CA9000A6F50013B3F5400F09D2074B1B681A0A1D
:10CAA0001B069C19054B42F10005C3E9004570BC0B
:10CAB00004F040B9E8220020243C0020F0220020AD
:10CAC00011B3BFF35B8F0123104A834052E800CFBC
:10CAD0004CEA030C42E800C10029F7D1BFF35B8F99
:10CAE0000B4A4FF480338340C2F80433094BBFF341
:10CAF0005B8F1B68BFF35B8FC340DB0742BF064BF6
:10CB00004FF40032C3F80021704700BF203C0020E2
:10CB1000001001401C3C002000E100E00D4B1868B3
:10CB2000010A0006BFF35F8F0B4BD3F804351818CA
:10CB300041F10001B3F5801F0AD2084BD3E900236D
:10CB4000904271EB030303D210F1807041F10001B8
:10CB5000704700BF243C002000100140F02200205C
:10CB60002DE9F04F85B016461F469DF840A00446BB
:10CB7000FFF75EFF0190FFF7D1FFB04271EB0703B3
:10CB800054D23E4B301A67EB0101984271F100011B
:10CB90004FD23B4B03EB0413D3E902239F4208BF60
:10CBA00096425ED037494FF4803804F1500508FAB8
:10CBB00004F8AD00C1F848832046ADB20AF02BFA64
:10CBC00026F07F4B05F1804504F5A87305F58835FF
:10CBD000DC464FF003090293029A2CF07F4341F8A0
:10CBE0002230C1F84483D1F80435274A6FF002009F
:10CBF000C01A604420F07F40904232D9286868B162
:10CC0000D1F804350393A3EB0B0020F07F40B0F57F
:10CC1000000F26D920460AF0FEF9039BBAF1000F57
:10CC200007D109EB030C09F10109D5E7BAF1000FAF
:10CC300009D06FF0150520460199FFF741FF2846FE
:10CC400005B0BDE8F08F0123104ABFF35B8FA3400E
:10CC500052E8000F184342E800010029F8D1BFF361
:10CC60005B8F07490E98230101EB0412C8500F9BFC
:10CC70005360C2E902670025DDE700BF01008000C4
:10CC8000D822002000100140FDFF7F001C3C002046
:10CC90007FB51C4C1C4BC4F80833C4F848331B4BFD
:10CCA00000254FF0FF304FF0FF31C4F80855C3E9BD
:10CCB00002014FF48033C4F80433154B02264FF4BD
:10CCC00000320121C4F804631120C3F880212A46F0
:10CCD000F6F786FE1120F6F753FE0E4A0123A360F5
:10CCE000236013600C4B0D4A0093CDE901550023DE
:10CCF0002846FFF735FF3046FEF7BCF9284604B05A
:10CD000070BD00BF0010014003000F00D8220020BA
:10CD100000E100E0203C002079CA0200FFFF7F0014
:10CD20002DE9F7432B4CD4F8043399070BD5D4F8ED
:10CD3000043143B1284A0023C4F80431D4F8043143
:10CD4000136801331360D4F80433DA0323D5BFF337
:10CD50005B8F224B53E8002F22F0010143E80010C3
:10CD60000028F7D1BFF35B8FD30702D4D4F840314A
:10CD70008BB10025C4F84051D4F84031FFF7CEFE06
:10CD8000EFF3108272B6164BD3E90267B042B94195
:10CD900004D282F3108803B0BDE8F0834FF0FF386F
:10CDA0004FF0FF39C3E90289D3E900101D604FF449
:10CDB0008033C4F84833C4F84051D4F8403182F38A
:10CDC00010880029E7D0009032463B462846884725
:10CDD000E1E700BF00100140243C00201C3C002083
:10CDE000D822002030B5431C124C85B005D08442B7
:10CDF000A8BF0446012CB8BF0124FFF78FFE0E4BDD
:10CE00000C4DD3E90013401AB0F5000F10D22218D0
:10CE1000AA4228BF2A4652184FF000000749009145
:10CE2000CDE9010043F10003FFF79AFE05B030BDE4
:10CE30002A46F0E7FFFF7F00E822002079CA0200BF
:10CE400008B5FFF76BFE024B1B68C01A08BD00BF98
:10CE5000E822002010B5084C012363601120F6F78A
:10CE60009DFD064BC4F80833C4F84833044B4FF417
:10CE70000032C3F8802110BD0010014003000F00F4
:10CE800000E100E002460B46014802F059BF00BF36
:10CE9000640D0020014802F0CBBF00BF640D0020EC
:10CEA0007FB50BAB05930393054B02930023CDE9AC
:10CEB000003301221846F5F775FA07B05DF804FB58
:10CEC00024E303001FB5F5F7F9F90024064B02939C
:10CED0002046CDE90044054923460122FFF7E0FF43
:10CEE0002046F6F77FFC00BF24E303006C900300AC
:10CEF00030B533488BB0E0F73DFBE0F721FC18B1CB
:10CF00006FF085000BB030BDE0F730FC0028F7D1A2
:10CF1000E0F742FC0028F3D1E0F74CFC0028EFD109
:10CF2000E0F756FC04460028EAD1012507AA0221B1
:10CF30008DF81C50E0F760FB0028E3DB082307AA0C
:10CF400007212046ADF81C30E0F756FB0028D9DB5E
:10CF50001C4B079307AA03212046E0F74DFB00284E
:10CF6000D0DB07AA042120468DF81C50E0F744FBD3
:10CF70000028C7DB1F2307AA06212046ADF81C3076
:10CF8000E0F73AFB0028BDDB40F6EE23984215DDC2
:10CF9000CDE903300C4B0D490094CDE901432A46FD
:10CFA000234620460AF059F884F31188BFF36F8FA7
:10CFB0000423184602DF6FF00B00A3E70020A1E76F
:10CFC000B1D00200FBFB030241E3030044900300E5
:10CFD00070B506468CB02D480D462D490BF02FFA42
:10CFE00000F006FE07A8E0F799FB2A480BF018F8B6
:10CFF000034660B9284A29490090CDE9010201227F
:10D000000AF02BF86FF0120420460CB070BD244BD0
:10D01000059305A8E0F7EAFB68B1224B02930023D1
:10D020000390CDE900331D49012218460AF015F896
:10D030006FF01504E8E74FF0FF304FF0FF31FFF7D6
:10D0400021FF04460028DFD117491848E0F71CFBF0
:10D05000044610B1FFF71EFFD6E741F64C5306A871
:10D060000693EBF752FC20B1FFF714FF6FF0850435
:10D07000CAE7012304A88DF81030EBF73EFC002826
:10D08000F2D1FFF707FF33691D60BDE72C3C00209C
:10D09000E7700300888D030063E3030044900300FE
:10D0A000F9D0020083E30300F8220020E9D0020057
:10D0B00010B586B000240A4B0293CDE90301CDE9F7
:10D0C0000044084923460122204609F0C6FF84F3A4
:10D0D0001188BFF36F8F0323184602DF06B010BD1F
:10D0E000A7E3030044900300014902480BF0D2B9C2
:10D0F0002C3C0020E82D002010B403460A460348CB
:10D1000081680C681946234610BC1847888D0300B7
:10D1100070B54FF0FF3088B04FF0FF31FFF7B2FE2F
:10D12000002840F08980454D0DF11F01284600F090
:10D1300051FC0446FFF7AEFE002C7DD19DF81F3058
:10D14000042B35D128783E2819D0FF281ED04FF067
:10D15000FF324FF0FF332146F8F746FC0646D0B9C0
:10D1600044B9374B0094CDE90143234635490122A8
:10D1700009F073FF08B0BDE87040FFF7B5BFAB78AA
:10D18000022BE4D1002200230124E4E7AB7803F072
:10D19000FD03802BF5E76A782849023206F10C007E
:10D1A00007F089F9284B29481B6831469847E1E781
:10D1B000022B0ED14FF0FF324FF0FF330320F8F770
:10D1C00003FC064678B9224B0090CDE901030346E3
:10D1D000CCE7082B24D14FF0FF324FF0FF3305206E
:10D1E000F8F7F2FB06466A880432B2F5FE7F15D3E3
:10D1F00040F2FB13CDE90323164B12490094CDE90D
:10D20000014301222346204609F027FF84F31188B9
:10D21000BFF36F8F0423184602DFABE72946BDE753
:10D2200003930D4B07490094CDE9014301222346A6
:10D23000204609F012FF9DE708B070BD224A002089
:10D24000CCE3030044900300283C0020148E03002C
:10D25000E6E30300FFE303001FE40300F7B5844E99
:10D2600033780446002B40F0AB8304238DF807305D
:10D27000804B05881F68B7B10DF106030DF1070259
:10D28000711CB84701280ED09DF80630002B40F0E5
:10D29000C7819DF80730B3700E2201237270F370BE
:10D2A000B580B071C5E1B5F5105F4FEA95230AD29C
:10D2B000002B4ED0013B072B08D8DFE803F009070D
:10D2C000367A070707C13F2B00F05E82012055E048
:10D2D000204640F2064230F9033B93420FD040F221
:10D2E0001D4293421ED0012040F206439D4200F0B1
:10D2F000978140F21D439D4200F092813EE0EBF7A2
:10D3000060FB42F264039D4240F2308342F28503A7
:10D310009D4233D842F267039D4200F2388342F2C5
:10D320006603E8E7EBF74FFBEBE7204640F6634286
:10D3300030F9033B934230D00DDC40F60342934278
:10D340001FD040F62D4293421ED040F60142934238
:10D3500012D0012064E140F67B42934220D040F697
:10D360007C429342F5D19DF80730434902338DF852
:10D370000730EBF7E9F901E0EBF7D8F90128E8D03D
:10D3800087E7E0F70BFBF9E79DF807303A490333ED
:10D390008DF80730EBF7CFF9F0E7EBF7CEF9EDE7D3
:10D3A0009DF80730344904338DF80730EBF7CAF99C
:10D3B000E4E72388A3F58053013B082BC9D801A2D9
:10D3C00052F823F0E9D30200FBD302000FD402008D
:10D3D00053D3020053D3020053D3020053D30200AD
:10D3E00053D302002FD402009DF80730224808339F
:10D3F0008DF80730EBF7A4FAC0E79DF807301E4818
:10D4000040338DF8073009F070FE002041E79DF8A9
:10D41000073008338DF80730174B00221A605A6026
:10D42000F37A23F0600343F06003F372EDE79DF8B5
:10D430000730114806338DF80730EBF783FA9DE784
:10D44000204642F24B0130F8033B1AB28A4200F305
:10D45000B380B2F5005F42F264020FDC95423FF404
:10D4600078AF40F2928242F28503012050E700BF7C
:10D470001D4C00203C3C0020244C0020A3F5005310
:10D48000013B4A2BEAD801A151F823F0D3D5020081
:10D49000E3D50200F5D502005DD402003DD60200BE
:10D4A00043D6020049D602005BD6020061D60200D4
:10D4B00067D602005DD402005DD402005DD4020094
:10D4C0005DD4020073D6020085D602008BD602001E
:10D4D00091D602005DD402005DD4020097D602000E
:10D4E000A9D60200AFD60200C1D602005DD4020068
:10D4F000D3D60200E5D60200F7D602005DD40200C2
:10D500005DD402005DD402005DD402005DD402004F
:10D510000BD702001DD702002FD7020035D702001B
:10D520003BD702005DD402005DD402005DD402004E
:10D530005DD402005DD402005DD402005DD402001F
:10D540005DD4020047D7020059D702006BD7020012
:10D5500071D702005DD402005DD402005DD40200E8
:10D560005DD402005DD402005DD402005DD40200EF
:10D570005DD402005DD402005DD402005DD40200DF
:10D580005DD402005DD402005DD402005DD40200CF
:10D590005DD402005DD402005DD402005DD40200BF
:10D5A0005DD402005DD402005DD402005DD40200AF
:10D5B0005DD4020077D7020042F25E039A4200F087
:10D5C000BF8042F27C039A4250D042F264039D42F3
:10D5D00045E7EBF7B9F942F264039D427FF491AE5F
:10D5E0001EE09DF80730D24803338DF80730EBF783
:10D5F000B0F9F0E79DF80730CD4808338DF80730D3
:10D6000009F0AEFD42F264039D4208D040F2AD81C4
:10D6100042F285039D4240F2D1810020AEE6002017
:10D620000F2373700423B3700123F0703371A6F8D5
:10D63000055001233370002003B0F0BDEBF78BF9E8
:10D64000C9E7EBF78AF9C6E79DF80730B848013318
:10D650008DF80730EBF783F9BDE7EBF782F9BAE70E
:10D66000EBF781F9B7E7EBF780F9B4E7EBF7A7F948
:10D67000B1E79DF80730AE4801338DF80730EBF77E
:10D6800076F9A8E7EBF775F9A5E7EBF774F9A2E7E8
:10D69000EBF773F99FE79DF80730A54907338DF83D
:10D6A0000730EBF76CF996E7EBF76BF993E79DF82A
:10D6B00007309F4910338DF80730EBF764F98AE79C
:10D6C0009DF807309A4808338DF80730EBF75DF97D
:10D6D00081E79DF80730964902338DF80730EBF764
:10D6E00056F978E79DF80730914902338DF80730F5
:10D6F000EBF751F96FE79DF8073008338DF80730E5
:10D700008F23F371C023F3727CE79DF807308849BB
:10D7100002338DF80730EBF742F95CE79DF80730EC
:10D72000834804338DF80730EBF73BF953E7EBF709
:10D730003AF950E700F064FA4DE709F03DFD4AE799
:10D7400009F03DFD47E79DF80730794808338DF82B
:10D750000730EBF72AF93EE79DF8073074490433A8
:10D760008DF80730EBF723F935E7EBF722F932E7CD
:10D77000EBF721F92FE79DF807306D4802338DF85C
:10D780000730EBF71AF926E720464FF60B4230F840
:10D79000033B934222D8B3F57C4F01D801206DE0C2
:10D7A000A3F57C43013B0A2BF8D801A252F823F0E1
:10D7B0006DD8020089D802009DD702009DD70200D3
:10D7C0009DD70200D9D802009DD702009DD7020044
:10D7D000B5D80200C7D80200DFD8020003F54072B6
:10D7E00092B21D2ADAD8A3F57D431D2BD6D801A20B
:10D7F00052F823F0F1D802001FD9020025D9020007
:10D800002BD9020035D902003BD902009DD7020076
:10D810009DD702009DD7020041D902009DD702008A
:10D820009DD7020047D902009DD702009DD7020074
:10D830009DD702009DD702009DD702009DD7020010
:10D840009DD702004DD902009DD702005FD902008A
:10D850009DD702009DD702009DD702009DD70200F0
:10D860009DD702009DD7020065D902009DF80730C0
:10D870002F480C338DF80730EAF768FF25F00803CE
:10D880004FF60252934237E59DF8073040338DF84A
:10D890000730274B00221A80F37923F0230343F04B
:10D8A0002303F371337A23F0070343F00703337242
:10D8B0000020E3E79DF807301D4817338DF8073047
:10D8C000EAF75EFFDAE79DF80730194820338DF854
:10D8D0000730EAF7A7FFD1E7EAF750FFCEE79DF858
:10D8E0000730134801338DF80730EAF7ECFFC5E73E
:10D8F0009DF8073040338DF807300D4B00221A6039
:10D90000F37923F03F0343F03F03F371337A43F09D
:10D9100080033372737A43F002037372C8E7EAF745
:10D92000E8FFABE7EAF7E7FFA8E7EAF7E6FFA5E7D6
:10D93000244C0020EAF7E3FFA0E7EAF7E6FF9DE7C3
:10D94000EAF7E5FF9AE7EAF7E6FF97E79DF8073081
:10D950001D4904338DF80730EAF7DFFF8EE7EAF759
:10D96000EBFF8BE7EAF7EAFF88E7002042F22603A5
:10D970009D4217D842F20C039D427FF6B5ACA5F547
:10D9800000530D3B114A9BB206E00120EEE7A5F5DE
:10D990000153283B0E4A9BB222FA03F3DB077FF5C3
:10D9A000EDAC3DE642F232039D423FF439AEA5F5BF
:10D9B0000153033B012B3FF6E1AC31E60020A9E423
:10D9C0004FF0FF3038E600BF244C00204112000326
:10D9D0002F80402038B5094C23780D461BB9BDE88F
:10D9E0003840EAF793BEA278611C02320BF00EF9C0
:10D9F0000020042320702B7038BD00BF1D4C002078
:10DA000070B505460E46084C20460AF009FB38B1B1
:10DA1000A368B2B2294620461B68BDE8704018478B
:10DA20006FF0120070BD00BF888D03007FB5214BE1
:10DA3000214903F12002002808BF1946104603F0CF
:10DA4000FDFA0023044650B11C4A0390CDE901328F
:10DA50001B4900930122184609F092FB12244FF053
:10DA6000FF324FF0FF330120F7F7AEFF00F10C0655
:10DA700002210546304606F018FD3E23037022239E
:10DA800043700121304606F010FD09230370212167
:10DA9000304606F00AFD00F8014B34B12022FF2188
:10DAA0000BF0DCF8284604B070BD064909F077FB9E
:10DAB000F8E700BF204D0020B4E4030083E4030036
:10DAC0003C900300404D0020F0B5424DBFF35B8F0A
:10DAD0002B68BFF35B8F022B85B02F465CD0042BE5
:10DAE0005FD0012B5FD13C4C3C4E20212046FFF7FC
:10DAF00087FF002845D12022314620460AF092FFB8
:10DB00000028F2D03648214603F084FA0546002862
:10DB1000EBD14FF0FF324FF0FF330120F7F754FF06
:10DB200000F10C0602210446304606F0BEFC3E23FE
:10DB30000370422343700121304606F0B6FC0823EF
:10DB400003704121304606F0B0FC064600F8015B48
:10DB5000CDB1402200210BF081F8BFF35B8F002391
:10DB600057E8002F47E800310029F9D1BFF35B8F58
:10DB700074B31C4803691B68214605B0BDE8F0403A
:10DB800018471F25C5E7164909F009FB203106F1A2
:10DB9000210009F004FBE0E70020FFF747FF0446FF
:10DBA000DBE70120F9E700240F4B0293CDE90044A5
:10DBB0000E4923460222204609F0E2FABFF35B8FAA
:10DBC00055E8003F45E80042002AF9D1BFF35B8FDA
:10DBD00005B0F0BD503C0020204D0020B4E403000F
:10DBE000404D0020148E0300A4E403003C90030089
:10DBF000014902480AF023BCB3710300403C0020F5
:10DC000008B50B4BBFF35B8F012253E8001F0029BF
:10DC100003D143E800200028F7D1BFF35B8F05D183
:10DC2000044905480AF036FC002008BD0C20FCE73A
:10DC3000503C0020403C0020E82D002010B5002979
:10DC4000114BBFF35B8F04460CBF0222042253E842
:10DC5000001F002903D143E800200028F7D1BFF3BB
:10DC60005B8F0ED10948214609F099FA084804F162
:10DC7000200109F094FA074907480AF00BFC00203C
:10DC800010BD0C20FCE700BF503C0020404D0020A0
:10DC9000604D0020403C0020E82D002037B53223A5
:10DCA000ADF80430154A00230125192168468DF886
:10DCB0000630ADF800508DF80230E9F72FFD04462C
:10DCC000C0B94FF4AF60EDF72FFF0D482946EDF7CF
:10DCD000E7FF044670B901462A460820F5F780FEA2
:10DCE0002A4621460B20F5F77BFE2A462146284688
:10DCF000F5F776FE204603B030BD00BF39DD0200E7
:10DD0000543C0020014902480AF0C4BB843C002076
:10DD1000E82D00207FB50BAB05930393054B0293D1
:10DD20000023CDE9003301221846F4F73BFB07B08E
:10DD30005DF804FBE0E4030010B586B000240A4B54
:10DD40000293CDE90301CDE90044084923460122AD
:10DD50002046FFF7DFFF84F31188BFF36F8F0323A3
:10DD6000184602DF06B010BDE0E40300D4900300C3
:10DD700037B50D4D0D49002400946FF009034FF4A1
:10DD80008062284602F0AEFA094928460AF017FCDC
:10DD9000084909480AF053FB224604211920F5F7E7
:10DDA0001FFE204603B030BDE82D0020906B002000
:10DDB000F4E40300E9710300843C0020014B0020DF
:10DDC0001B681847943C002020B1012806D1044864
:10DDD000E6F752BE034B01201B681847704700BF8F
:10DDE000BDDD0200943C0020014B186001487047E3
:10DDF000943C00200000AD0B10B51D48BFF35B8FB5
:10DE00000368BFF35B8F23B9062904D8042923D8FC
:10DE100039B1002010BD0729FBD1403802F076F857
:10DE2000F7E750F8203CA0F14004D3E900209047E8
:10DE3000012805D00223E06384F834300D48E9E777
:10DE400047F230532363032384F8343004F124036E
:10DE500084F82900A363F1E700F8173C064B40F86B
:10DE6000103CA0F11C014038007EEDF75AFFD0E7CE
:10DE7000D83C0020CC3C0020FF3F420F024801224A
:10DE800000210AF059BA00BF983C0020014BD8612C
:10DE9000704700BF983C00207FB54FF0FF31064629
:10DEA0004FF0FF30FEF7EEFF3A493B48E6F746FFFA
:10DEB0000446FEF7EFFF002C4FF000050EDA374B5B
:10DEC00037490394CDE90153284600952B4601229A
:10DED00009F0BCF96FF00B0004B070BD314C40F29A
:10DEE00001132385E36926626433E36247F230530A
:10DEF00023636FF0730384F82450E36304F1400656
:10DF0000BFF35B8F56E8003F46E80052002AF9D184
:10DF1000BFF35B8F4FF0FF314FF0FF30FEF7B2FFE2
:10DF200004F12401207EEDF7FCFEFEF7B3FF1E4A4C
:10DF30000023204602F00EF8002814DA1B4B184983
:10DF40000095CDE9015301222B46284609F07EF9C0
:10DF5000BFF35B8F012356E8002F46E8003100290C
:10DF6000F9D1BFF35B8F4FF0FF314FF0FF30FEF779
:10DF700089FF207EEDF7B7FEFEF78CFFBFF35B8FC6
:10DF8000236CBFF35B8F13B1064802F009F8E06B16
:10DF9000A2E700BFB03C0020F9DD020008E5030065
:10DFA00084900300983C0020447B0B004CD9030074
:10DFB000074B01221A64D3F84035B3FBF0F0184444
:10DFC000044BDB69984234BF00200120704700BF3A
:10DFD00000800040983C0020F0B5816885B0103981
:10DFE000054621F0070405F0ADFD0B4B6E4603F12D
:10DFF000100C324618685968374603C70833634522
:10E000003E46F7D110232146284605F052FD003840
:10E0100018BF012005B0F0BDA29E030030B50D462B
:10E02000816887B0102302AA1039044605F02CFD40
:10E03000002802DA012007B030BD102202A92046D4
:10E0400009F035F900283AD11E49102202A80AF039
:10E05000E9FC00280CBF012302232B70204609F0A5
:10E0600012F9012301460DF10702204605F00CFDCF
:10E070000028DFDB9DF8073003F00F021B096A70F0
:10E080002B7101220DF10701204609F010F910B99A
:10E090006B78042B03D901236B7000232B71A268CA
:10E0A000183A22F00702083AA91C204609F012F992
:10E0B0000028BFD1E91C204609F065F9BBE703231E
:10E0C000CBE700BFA29E03007FB5264D4400694602
:10E0D00055F8240009F05DF9002835D1013402A972
:10E0E00055F8240009F055F901282BD103238DF8A8
:10E0F00008308DF80B309DF800509DF808601A4AE2
:10E1000000241078294609F0C4F818B35078314635
:10E1100009F0BFF8F0B19378042B03D09DF80310F9
:10E12000994217D1D378042B03D09DF80B10994254
:10E1300010D11379042B09D15079831E022B03D8F7
:10E1400004B070BD0028D6D0FF20F9E79DF802107A
:10E150009942F1D00134032C02F10602D1D1012001
:10E16000EEE700BFB49C03003EE503004FF07043B0
:10E1700093F8E02F062A09D1D3F8E83FC3F303133D
:10E18000033B042B02D8024AD05C70470020704742
:10E190006CE50300024AD2F80034002BFBD0704734
:10E1A00000E0014010B509F054F940B14FF0805340
:10E1B0008E4AD3F82433C3F30423C2F84035FFF763
:10E1C000D5FF10B18A4B8B4A5A6709F042F948B122
:10E1D0004FF080534FF08042D3F84432C3F34233C0
:10E1E000C2F83C35FFF7C2FF30B1834AD2F8FC30A9
:10E1F00023F08073C2F8FC3009F02BF940B14FF0E6
:10E2000080430022C3F80C21C3F81021C3F838253D
:10E21000FFF7ACFF20B14FF080430322C3F8A025E5
:10E22000FFF7A4FF60B1754B0522C3F81026012249
:10E23000C3F888260022C3F818263F22C3F8142604
:10E240004FF08053D3F83021511C09BF4FF0704379
:10E25000D3F8343193F8E02FD3F8E83F08BFC3F385
:10E260000313062A4DD1033B042B03D8644AD35C25
:10E27000002B46D04FF08052624BD2F80414C3F802
:10E280002015D2F80814C3F82415D2F80C14C3F8DA
:10E290002815D2F81014C3F82C15D2F81414C3F8AA
:10E2A0003015D2F81814C3F83415D2F81C14C3F87A
:10E2B0004015D2F82014C3F84415D2F82414C3F83A
:10E2C0004815D2F82814C3F84C15D2F82C14C3F80A
:10E2D0005015D2F83014C3F85415D2F83414C3F8DA
:10E2E0006015D2F83814C3F86415D2F83C14C3F89A
:10E2F0006815D2F84014C3F86C15D2F84424C3F85A
:10E30000702509F0A6F848B14FF080534FF08042D5
:10E31000D3F8583203F04F03C2F8E43E09F099F8FD
:10E3200048B14FF08043D3F80024D20744BF6FF0C8
:10E330000102C3F800244FF08053D3F83021062A9D
:10E3400026D1D3F83431033B042B02D82E4AD35CB8
:10E3500063B12E4AD2F83C3743F48063C2F83C37AD
:10E360004FF08053D3F83031062B11D14FF080534A
:10E37000D3F83431033B042B02D8254AD35C3BB19C
:10E380004FF01023D3F808224FF08043C3F85825EC
:10E390004FF01023D3F80022002A03DBD3F8043215
:10E3A000002B22DA1B4901234FF01020C1F804355D
:10E3B0001524FFF7EFFEC0F80042FFF7EBFEC0F8B0
:10E3C0000442FFF7E7FE0023C1F80435FFF7E2FE41
:10E3D000BFF34F8F0849104BCA6802F4E062134341
:10E3E000CB60BFF34F8F00BFFDE710BD0030014091
:10E3F00000C007400DF0ADBA00ED00E00050004055
:10E4000067E5030000C0004062E503000010004023
:10E410005DE5030000E001400400FA0530B5046842
:10E42000CCB1BFF35B8FB4FA84F3C3F11F03DBB24B
:10E4300001229A4024EA020250E8005FA54204D17A
:10E4400040E8002CBCF1000FF6D1BFF35B8FE6D1A2
:10E4500002480B7030BD0248FCE700BF0000AD0B66
:10E460000200AD0B10B50368CB40DB0714D40123C9
:10E470008B400268BFF35B8F43EA020150E8004F14
:10E48000944204D140E8001CBCF1000FF6D1BFF368
:10E490005B8FEED1014810BD0148FCE70000AD0BD9
:10E4A0000400AD0B014BC3F80405704700F00140B8
:10E4B00070B500F108030C4C34F81330DA0505464A
:10E4C0000E4607D5C3F3432304EBC30254F833309D
:10E4D00052689847A3682BB1E26831462846BDE8E8
:10E4E0007040184770BD00BF1C0C002010B4C0B2B3
:10E4F000114A083032F81030D9051BD5C3F3432137
:10E5000023F4F85322F8103002F10E04002034F8FE
:10E51000023F13F4807F03D0C3F34323994209D011
:10E5200001302028F3D1002342F83130034810BCD9
:10E53000FFF798BF10BC70471C0C0020740C002023
:10E54000F0B5054600200446012607468C420BD153
:10E55000114BD3F87C2132B10022C3F87C21D3F8CF
:10E560007C3140F00040F0BDE3B29B0003F58072C7
:10E570009B0806FA03F31D420BD002F1804202F51C
:10E58000C042D2F800C0BCF1000F02D01760126880
:10E5900018430134DAE700BF00600040C0B2064B08
:10E5A000083033F81000830643BF400B800000F5AD
:10E5B00080704FF4BE7070471C0C0020CBB2024636
:10E5C000083308460C4931F81330990611D59907DC
:10E5D0000FD410685B0B01219940C0F80813126832
:10E5E00002EB8303D3F8102522F00302C3F81025B1
:10E5F0007047002108F09DBF1C0C0020F7B5CDB27C
:10E60000174E0835074636F81530DB070C4624D57B
:10E61000FFF7D4FF36F815309A0606D55B0B3A683B
:10E6200003F5A273002142F823102046FFF75EFF96
:10E63000002301A826F81530019408F027FF019B5C
:10E6400000EB8300074BD0F80027134043F0020390
:10E65000C0F80037044803B0F0BD0448FBE700BF32
:10E660001C0C0020F0F8FCFF0000AD0B0400AD0B0B
:10E670002DE9FF41136807460C461546FBB1CEB2A3
:10E68000DFF83C81083638F8162002F02202222AF0
:10E6900022D00022CDE900228DF80E208DF80F2027
:10E6A0000DF10E010DF10F02204608F0F9FE38F8C9
:10E6B000163023F0020343F0010328F816306B688C
:10E6C0004BB393F800C05A683D4EE3B2083336F8B6
:10E6D0001310880702D5B2B13A481FE021F020019B
:10E6E000C904C90C26F813106AB1BCF1030FF3D8A2
:10E6F0006A68386852681278BCF1000F11D102F5CF
:10E70000A27240F822C036F8132022F01C0242EA1E
:10E710008C0226F81320AB6843BB2B4804B0BDE83D
:10E72000F08100EB820041EA4231D0F810E52EF092
:10E73000030EC0F810E53F6807EB820741F02001A7
:10E74000D7F8100526F8131020F4473020F4407055
:10E75000C7F810052002D7F810E500F4F85040EA99
:10E760000C4040EA0E00C7F81005CCE7D3E900677B
:10E770002046FFF7BBFE002ECFD0114DD5E9002378
:10E78000964203D19F4201D1002209E00F480DF1CA
:10E790000F01FFF743FE0C4B9842BFD19DF80F20AD
:10E7A00045F83260E4B205EBC20308345F6035F827
:10E7B000143043EA422343F4807325F81430ACE765
:10E7C0001C0C00200400AD0B0000AD0B740C0020ED
:10E7D0002DE9FF4107460C461E4612B3CDB2DFF8C5
:10E7E000D080083538F81530980701D4990621D41F
:10E7F00013F01C0F02D05378012B1BD001238DF88E
:10E800000F300023CDE900230DF10F01931C2046AA
:10E81000013208F045FE38F8153043F0030328F8BC
:10E820001530002E42D0E1B2214D083135F81120CB
:10E83000930703D41F4804B0BDE8F08196F800E0C8
:10E84000D7F800C022F020020EF5A270D2040023F7
:10E85000D20C4CF8203025F8112096F801C0BCF1FC
:10E86000000F23D03868B67800EB8E004FEA0C4CCE
:10E87000D0F8103523F4981323F4F853C0F810356A
:10E88000230203F4F8530CF4403C3605D0F810751D
:10E8900043EA0C0306F4801642EA4E32334342F058
:10E8A00020023B4325F81120C0F810350248C2E78A
:10E8B0001C0C00200400AD0B0000AD0B014BC3E9A4
:10E8C000021270471C0C0020C9B20831044B33F807
:10E8D0001130990643BF5B0B024813700248704722
:10E8E0001C0C00200000AD0B0400AD0B70B5164DE4
:10E8F00095F8604006462CBB2146402205F11000E9
:10E900000AF0ACF930682E6D21468E420ED10023FC
:10E91000C0F87C31D0F87C3140F30730F5F730F89F
:10E9200001230A4885F86030AB6570BDCBB29B000F
:10E9300003F580727C2B08BF845001F1010108BFF0
:10E940008358E2E70248F0E71C0C00200000AD0B02
:10E950000C00AD0B034B93F86000003818BF01208A
:10E96000704700BF1C0C00200148FFF77BBD00BFB3
:10E97000700C00200148FFF751BD00BF700C002053
:10E9800073B503680C46D3F804130029A4BF4FF0F5
:10E990000041C3F80413E3B21D49083331F81330C2
:10E9A00099061AD513F0020617D15B0B9C00056877
:10E9B00004F580716E50695801682144D1F8104502
:10E9C00044F00104C1F810452AB10168012202FA9D
:10E9D00003F3C1F8043302B070BDC3F38203042B08
:10E9E00012D0052B12D001A8019408F04FFD019A16
:10E9F000D0F81035D34003F00103991C204602B033
:10EA0000BDE8704008F095BD0321F7E70221F5E766
:10EA10001C0C00202DE9F347544B554FD3F8040349
:10EA2000396DC0B240F00040FFF78AFD051E18DACC
:10EA30000023F96D0093684608F08AFD4FF0010845
:10EA400097F85C30DA075AD4396D4FF00040FFF781
:10EA500077FDF96D684608F07BFD0028F0D125F0C0
:10EA600000450124002D69D102B0BDE8F08794FA79
:10EA7000A4F4B4FA84F4E00804F1080304F00702F3
:10EA800037F813901DF80030019408FA02F223EAD7
:10EA900002030DF8003001A808F0F8FC019B03F513
:10EAA000E0734FEA990150F82360C9F3820A4B07DB
:10EAB000D146C6F3014626D520465146FFF7F8FC5D
:10EAC00001A8019408F0E2FC019B03F5E073F6B2A3
:10EAD00050F82330C3F301439E4207D10021204662
:10EAE00008F027FD3146204608F023FD01A80194D7
:10EAF00008F0CCFC019B08FA03F3C0F82035009C19
:10EB0000002CB4D1A0E7022E0CD10321204608F03E
:10EB100010FD0AF00503012BE8D149462046FFF716
:10EB2000C7FCE3E70221204608F003FDBAF1030F1A
:10EB3000F3D0032EDAD1BAF1020FEDE795FAA5F37F
:10EB4000B3FA83F304FA03F29B0003F1804303F565
:10EB5000C04325EA0205D3F81005D3F81015C0F319
:10EB60000420C1F30141FFF7A3FC7BE700600040F4
:10EB70001C0C0020044AD2F80034DB07FBD50160EE
:10EB8000BFF35F8F704700BF00E001404FF080533C
:10EB90001A69B0FBF2F302FB130373B9084B0222AC
:10EBA000C3F80425C3F80805D3F80024D207FBD521
:10EBB00000220448C3F8042570470348704700BF8B
:10EBC00000E001400000AD0B0A00AD0B10B5054C94
:10EBD0000123C4F80435FFF7CDFF0023C4F8043542
:10EBE00010BD00BF00E0014001460148FFF716BC20
:10EBF000800C002007B5019001A808F0CCFC019B17
:10EC000000EB8300054BD0F80027134043F00303CB
:10EC1000C0F8003703B05DF804FB00BFF0F8FCFF5C
:10EC200073B5CB7B0446002B38D10B7B0878012BC6
:10EC300077D808F0C7FC0B78019301A808F0ABFC6B
:10EC4000019B00EB83003C4BD0F80027134043F0BE
:10EC50000103C0F800374878FF2804D008F0B2FC60
:10EC60004878FFF7C7FF8B78FF2B0FD001A88D7B6B
:10EC7000019308F090FC019B00EB83002E4BD0F831
:10EC80000027134043EA8503C0F80037C878FF28FF
:10EC900004D008F08AFCC878FFF7ACFF2379274836
:10ECA000CA78282505FB03039A770B7C9BB94B7820
:10ECB00025680E78FF2B18BF1A468B78C5F80865B3
:10ECC00008BF4FF0FF32FF2B08BF4FF0FF33C5F8EE
:10ECD0000C25C5F8103523688A68C3F824254B7BBA
:10ECE0000A7B2568003B18BF0123022A1CD0032A97
:10ECF0001DD0012A01D143F00203C5F85435237910
:10ED00004979282202FB0303D97723795343C35857
:10ED100083B1206840F3073002B0BDE87040F4F7DB
:10ED20002FBE08F042FC86E743F00403E5E743F01A
:10ED30000603E2E702B070BDF0F8FCFFDC3C002007
:10ED400007B5019001A808F026FC019B00EB8300A9
:10ED5000054BD0F80027134043F00203C0F80037FA
:10ED600003B05DF804FB00BFF0F8FCFF2DE9F041B3
:10ED700090F80480144C4FF0280C0CFB08FC04EBBA
:10ED80000C06074696F81CE0BEF1000F19D144F8B6
:10ED90000C20736041B1CB7B86F82530CB78B377FC
:10EDA0004B79F377FFF73CFF3A6808480123C2F834
:10EDB0000035282202FB0844002262772377BDE851
:10EDC000F0810348FBE700BFDC3C00200000AD0BF6
:10EDD0000C00AD0B70B50679194C056828237343F8
:10EDE000E35833B145F30730F4F7D8FD0423C5F8F1
:10EDF00008330023C5F80035282303FB064393F8A6
:10EE00002530BBB9D5F80805FFF79AFFD5F81005EE
:10EE1000421C01D0FFF794FFD5F80C05431C01D02C
:10EE2000FFF78EFF282303FB0643987FFF2801D0BE
:10EE3000FFF786FF282303FB06440023237770BDDA
:10EE4000DC3C00202DE9F8430779394C28237B432B
:10EE50009046E2180E46517F8146002966D1E3585C
:10EE60000BB10123537796E80F00282505FB0745D2
:10EE700005F10C0C8CE80F00A87F0023FF2885F813
:10EE8000243001D008F09EFB2823B8F1000F06D0F3
:10EE900003FB0743002227485A77BDE8F883D9F8D7
:10EEA000005003FB07430422C5F80823C3F8208061
:10EEB000C5F80881D5F8082172689AB133681B78C3
:10EEC000C5F81C357368012B0ED933685B78C5F81B
:10EED0001C3528237B43E65876B10423C5F8043358
:10EEE0001548DAE7DB7FEBE7F368012BF1D928233C
:10EEF00003FB0743DB7FEAE707EB870104EBC10174
:10EF0000D5F80831002BFBD0C5F808612846D5F8A4
:10EF1000083108F064FB0028F2D1282303FB0744E2
:10EF2000A07FFF28DCD008F040FBD9E70348B4E716
:10EF3000DC3C00200300AD0B0000AD0B0B00AD0B63
:10EF400002494FF0402008F07DBB00BFDC3C0020B0
:10EF50000149024808F076BB043D00200030024021
:10EF600010B4CC7B8A6803682CB9D1E90041C3F89E
:10EF70000845C3F80C15C3F8242503792C22534304
:10EF8000054AD3582BB1006810BC40F30730F4F7A2
:10EF9000F7BC10BC704700BF2C3D002030B5847B0F
:10EFA000F4B9016801F01F0349091BD19B0003F16B
:10EFB000A043114DD3F8002740F20C642A402243AD
:10EFC000C3F80027426802F01F0352090FD19B00CB
:10EFD00003F1A043D3F800272A402243C3F80027B7
:10EFE000012030BD03F5E07354F82330FFDE03F554
:10EFF000E07351F82330F9E7F0F8FCFF2DE9F04118
:10F0000090F80480174E07462C2000FB08F03518B6
:10F010000C4695F8221001BBA96032506B6085F850
:10F02000251085F824107CB1A37B85F82730204675
:10F03000FFF7B4FF98B1637B85F82630A368AB6215
:10F0400021463846FFF78CFF2C2303FB0866064851
:10F05000012386F82230BDE8F0810448FBE704482C
:10F06000F9E700BF2C3D00200000AD0B0C00AD0BFC
:10F070000400AD0B036802790621C3F80015044BA8
:10F080002C2101FB0233022283F82220704700BFAB
:10F090002C3D002010B51D4A04792C2303FB0423CA
:10F0A0000021996001681A4BC1F80833D1F8003289
:10F0B00023F4BC53C1F800324FF08053D3F8300131
:10F0C000B0F1FF3F09BF4FF07043D3F8343193F8EC
:10F0D000E00FD3F8E83F08BFC3F30313062808D1B5
:10F0E000033B042B02D80B48C35C13B10923C1F8BE
:10F0F00000352C2303FB042300200122C1F8000566
:10F1000083F8222083F8240010BD00BF2C3D00208E
:10F1100002029C0171E503002DE9F74FB94D90F80B
:10F12000049004682C2303FB09539046002283F8C3
:10F1300023204B680E4633B1CB6803F06043B3F134
:10F14000005F40F0A2813378023B012B06D833697F
:10F1500003F06043B3F1005F40F09781AA4BC4F81D
:10F1600008332C2303FB095393F8241001F0FF020A
:10F1700041B19B68DFF894B2C4F80433584603B039
:10F18000BDE8F08F18F0140F0CBF0121002183F8A7
:10F190002410317883F82010717883F82110F168F9
:10F1A000D9607168196131695961B1689961C8F3B1
:10F1B000001183F82510C3F81C807378C4F88835D3
:10F1C000C4F86021D4F86031C4F84821D4F848313B
:10F1D000C4F82421D4F82431C4F80421D4F804312B
:10F1E00018F0010318BF0123C4F8503518F00203CA
:10F1F00018BF0123C4F8403533782C2709FB075783
:10F20000032B00F2BC80DFE803F092B17B024FF4E5
:10F210008073C4F80032D7E90323C4F84425C4F846
:10F2200048350123A3604FF48011204608F066FAA8
:10F230000028F8D1D7E90523C4F84425C4F8483597
:10F240002C2303FB09534FF480229A60DFF8C0B1EE
:10F250002C2202FB09F218F00803A858019305EBD1
:10F26000020114D13278032A11D0012A40F09D8086
:10F270002260002800F086802C2202FB09F27168CF
:10F28000AA5821B9002A00F0D680012262612C22FE
:10F2900002FB09F2A918AA58002A00F0CC8018F045
:10F2A000040F1CBF00228A6018F0400F06D12C22E8
:10F2B00002FB0952916841F0020191602C2202FB8D
:10F2C0000952019B916841F4007191609268C4F801
:10F2D0000423002B00F0A8803278012A00F0A480DB
:10F2E0000022C4F85025C4F84025C4F82425C4F8E9
:10F2F0005021D4F850214FF48012C4F804233DE784
:10F30000D7E90323C4F84425C4F84835D7E90523D1
:10F31000C4F83425C4F838354FF48453C4F80032A7
:10F32000012323622C2303FB095302228DE7D7E933
:10F33000032318F0200FC4F84425C4F848354FF0D3
:10F340002C0315BF4FF480724FF4007203FB095376
:10F3500003FB095315BFC4F80022C4F800224FF480
:10F36000802202229A60012323626FE7D7E90323F8
:10F37000C4F83425C4F838354FF48053CEE7DFF8AD
:10F3800094B065E7096901B962612349DFF88CA08F
:10F39000204608F0B3F9012310F4007F18BF636121
:10F3A00010EA0A0F1C49F3D066E70122A260002888
:10F3B0007FF462AF0969A9B34FF0000A174B1AEA4C
:10F3C000030F7FF459AF1449204608F097F910F461
:10F3D000007F8246F2D04FF08071204608F08EF90F
:10F3E000D4F80012E0B111F4007003D101222262BE
:10F3F00082466261CB05E1D54FF48021204608F0BA
:10F400007DF9D9E72C3D002002029C010B00AD0BD9
:10F410000000AD0B0400AD0B02020400020004006A
:10F42000012222626261C7E72C2202FB0952926A22
:10F43000C4F82425A2E62C21D4F8C424C4F8C4249A
:10F4400001FB0955002185F824108AB11049114BA0
:10F4500012F0010F14BF8B469B46013112F0020FD0
:10F4600018BF8B4612F0040F0B4A18BF934685E66F
:10F4700018F0400F7FF482AE3946204608F0FCF8C1
:10F48000044A002808BF934678E6DFF810B075E616
:10F490000000AE0B0100AD0B0200AE0B0A00AD0B7D
:10F4A00070B5784D784C86B04FF48011284608F03E
:10F4B00025F900B34FF48013C5F80833D5F8243587
:10F4C000CBB9C5F800350623C5F80035A36AC5F8E1
:10F4D0002435E36913F0010218BF0122C5F8502555
:10F4E00013F00203674A18BF0123C2F84035012315
:10F4F000936006B070BD0221624808F0FFF84FF437
:10F50000007106465F4808F0F9F8D0B1DEB9A3688B
:10F51000C5F808330223A360A3685A48C5F804332A
:10F520004FF0807108F0EAF818B1D5F800329B0569
:10F5300003D4544B01221A625A61012384F8233008
:10F54000D7E7002E6CD0E5696E060AD494F8233014
:10F550003BB94D494B4808F08FF880F0010084F822
:10F56000230015F0040594F8251094F82020454B4D
:10F5700026D1C3F86051D3F86001C3F85C51D3F8C9
:10F580005C3111B194F823305BB13E4B0021C3F8DC
:10F590000012A1603D49C3F808133D4B0821C3F890
:10F5A00080118DF8042094F821308DF80530E3683F
:10F5B00004932369029363690593A36903930CE0A1
:10F5C000012A0AD00022C3F85025C3F84025C3F809
:10F5D00024254FF48012C3F804232A4AD2F8C434F5
:10F5E000C2F8C434980746D4590746D4DA0746D43B
:10F5F00094F823309B00DBB28DF8003094F825306E
:10F600000BB984F82430E3695B0704D594F8233000
:10F61000002B3FF46EAFD4E900316846984768E7A5
:10F6200018484FF4802108F069F894F8203083B925
:10F6300094F825304BB9C5F80032A360134BC5F8D8
:10F640000833134B0822C3F8802100238DF80430BF
:10F65000A9E74FF40073C5F8003240F20223A3601B
:10F6600003F1CE73C5F80833A368C5F8043301234A
:10F67000AB602B623DE70123BEE70223BCE7032317
:10F68000BAE700BF003000402C3D002002029C0180
:10F6900000E100E0F7B5064608F064F8084608F017
:10F6A00061F801A8019608F053F8019B2E4D00EB7C
:10F6B00083000C46D0F80037019440F20D612B40D6
:10F6C0000B43C0F8003701A808F042F8019B00EB9B
:10F6D00083000127D0F800372B400B43C0F80037D8
:10F6E000042007F0C5FE092501A8019408F030F8B0
:10F6F000019AD0F81035D340DB0715D401A8019644
:10F7000008F026F8019B07FA03F3C0F80C35042033
:10F7100007F0AEFE304608F025F8013D042007F062
:10F72000A7FE15F0FF05DFD101A8019408F010F83D
:10F73000019A01239340C0F80C35042007F098FE8D
:10F74000204608F00FF8042007F092FE01A801946B
:10F7500007F0FEFF019AD0F810350448D34003F0BB
:10F760000103C01A03B0F0BDF0F8FCFF0100AD0BBF
:10F7700008B5124BA8220021184609F06FFA03229F
:10F7800002610F4942610F4A8161C2614FF4806298
:10F790000262002282624262C26201660A494166D6
:10F7A00010218166094902670346C266426711F863
:10F7B000010D98540132102AF9D108BD100400201F
:10F7C00076E5030010000020000000208FE5030014
:10F7D0002DE9F84FDFF87C80182606FB008E00FB31
:10F7E00006664644DEF82440DEF828C07368A44567
:10F7F00007468946154603EB040022D8DEF820B000
:10F80000ABEB040A0AF1FF339A4203D809F0FEF980
:10F810002C440FE063449A4219D852462C4409F014
:10F82000F5F9B4EB0B0405D07068224609EB0A0128
:10F8300009F0ECF9182303FB078301205C62BDE8A3
:10F84000F88F0CF1FF3CACEB040C9445DED20020A9
:10F85000F5E700BF10040020F8B5144B182700FB93
:10F8600007751D4407FB00330E46DB6A012B144667
:10F870000AD0022B14D023B9284607F080FF844217
:10F8800008D900242046F8BD284607F078FF8442B6
:10F8900028BF044622463146284607F079FFF1E7A3
:10F8A0002846BDE8F84007F08EBF00BF10040020D6
:10F8B00070B50A4B1B7804460D4616460BB9FFF788
:10F8C00057FF00F017F8324629462046FFF7C4FFDD
:10F8D000044600F019F8204670BD00BF1004002057
:10F8E000034B182202FB00339A6A586A801A704749
:10F8F0001004002003484FF0FF324FF0FF3300F0B8
:10F900001FBA00BF780D0020014800F091BA00BF77
:10F91000780D002070B516461D465A1C0368134426
:10F92000C2689A42044605D2006A082108F084FAA7
:10F93000002070BD32783DB1AB1E062B9ABF0C4A39
:10F94000D35C00231833DAB2204608F078FA002896
:10F95000EED03544B54203D1A3680133A360E8E794
:10F9600023685A1C226015F8012D1A70F2E700BFB7
:10F9700090E503002DE9F041054686B00E46EFF311
:10F980001188402383F31288BFF36F8F042898BF38
:10F99000234B244A98BF53F82030976888BF224BE6
:10F9A000127C224903900024CDE90432204B0293BB
:10F9B000CDE9004423460122204608F03CFB6EB10D
:10F9C000F369C3F308034BB11A4B18490094CDE90E
:10F9D000014301222346204608F02DFB2FB1384673
:10F9E00008F0F0FD08B1037803B91348134B0293F4
:10F9F0000023CDE90370CDE90033184601220B49FD
:10FA000008F019FB31462846FDF75CFA88F31188A7
:10FA1000BFF36F8F384606B0BDE8F041F3F738BF4B
:10FA2000BC9C0300583D002097E50300F4900300C0
:10FA3000ADE50300D5E50300A5E50300F6E5030009
:10FA400038B5094B53F82040013053F82050A542F7
:10FA500000D838BD636823B1204608F0FCFA0834AA
:10FA6000F5E723689847FAE7D09C030070B52B4B65
:10FA70002B4C2C4D012286B003201A70FFF7E0FFBB
:10FA8000F3F75AFA08F003FB0420FFF7D9FF2646E4
:10FA9000AE4204F1300410D300F0F8FE204C224EA8
:10FAA000AC4226D300F006FF02F07FF91F4A137B19
:10FAB00023F00103137306B070BD54F80C3C05939A
:10FAC00054F8103C049354F8143C039354F8183C35
:10FAD000029354F81C3C019354F8203C009354E9E1
:10FAE0000A2354E90C0100F09FFC54F8303C5E6599
:10FAF000CDE7D4E90A23B3F1FF3F08BFB2F1FF3FDE
:10FB000005D052EA0301206803D108F05DFD3034CE
:10FB1000C6E73146183001F093F8F8E7804D002031
:10FB2000608F0300608F0300F7860300082F00201A
:10FB300008B50348034A0021121A08F0A4FA08BDC8
:10FB4000600F0020844D002070B5002386B0012294
:10FB5000CDE90423124E134D01930F22CDE9023259
:10FB60001149142303FB005506EBC0164FF4A07295
:10FB7000044602FB00110D4B0095304600F054FC8A
:10FB8000737B0B4AEE6023F0040373734FF44063FE
:10FB900004FB033313442C746B6006B070BD00BFCC
:10FBA000882E0020583D0020907B0020D981030042
:10FBB000906F0020BFB50020FFF742FF2F4B83F36B
:10FBC00008882F4C2F4E63692F4F43F400736361F5
:10FBD000E02384F8223000252023E377257665761C
:10FBE000A57684F82050636A43F4E023636284F8C6
:10FBF0002350F3F7B7FDF3F765FF4FF0FF33A36230
:10FC0000E362224CF4F718F8F3F780FFF2F742FBB7
:10FC100040F201132046A381C4E9195501F0DCF933
:10FC2000B46008F0FCF90120FFF70AFF0220184C2D
:10FC3000FFF706FF00F05EFE164B7461012205938C
:10FC4000052315490095CDE90332CDE901553B4621
:10FC50004FF46062204600F0E7FB627B064622F02C
:10FC600004022046627308F0EBFC2846FFF76CFFA5
:10FC70003A4631462046F3F705FF00BF907B00204F
:10FC800000ED00E0583D00206DFA02002830002011
:10FC9000082F002058E60300D07C002038B5064C21
:10FCA000064DAC4201D3002038BDD4E901122046F4
:10FCB00008F0EEF91434F4E7500D0020640D002034
:10FCC00038B5064C064D0020AC4200D338BD204666
:10FCD00008F043FA0028F9DB1C34F5E7E00C0020BB
:10FCE000500D002073B50C46EFF31181402585F3CC
:10FCF0001288BFF36F8FC5685DB125602B68C36044
:10FD0000836901338361002081F31188BFF36F8F12
:10FD100011E052EA030603D125606FF00B00F3E710
:10FD2000CDE900230246083000F0FCFC18B9034B73
:10FD30009B685B69236002B070BD00BF583D002026
:10FD40002DE9F341044617461E46EFF31188402380
:10FD500083F31288BFF36F8FC368334A7BB1806827
:10FD60009168884219D057EA060318D188F31188A0
:10FD7000BFF36F8F6FF00F0002B0BDE8F0819168A4
:10FD800091F90E1021610133E3609368A36088F359
:10FD90001188BFF36F8F0020EEE72169F2E791F938
:10FDA0000E1090F90E309942A8BF19466FF07E02EE
:10FDB0009142B8BF11468B422DDD08F018FA054676
:10FDC000CDE9007619482246414600F0ABFC0028F8
:10FDD000E1D0EFF31186402383F31288BFF36F8FD6
:10FDE000A068D0B1236821699C420AD04BB193F935
:10FDF0000E309942A8BF19466FF07E039942B8BFF2
:10FE0000194608F0F4F940B10848314600F0FAFC10
:10FE10006FF00A00B0E70025D2E7002DF4D186F399
:10FE20001188BFF36F8FF3E7583D0020814D00200C
:10FE300038B58368044663B3194A926893422BD15C
:10FE4000C368012B03D9013BC360002038BDEFF329
:10FE50001185402383F31288BFF36F8F0169806897
:10FE600008F0C5F9204608F060FCA06058B190F990
:10FE70000E2022610022C26708F0E2FB09482946F1
:10FE800000F0C0FCE1E7E06085F31188BFF36F8FFD
:10FE9000DBE76FF01500D9E74FF0FF30D6E700BF82
:10FEA000583D0020814D002037B51146EFF31185F4
:10FEB000402282F31288BFF36F8F04689CB12368DD
:10FEC000426823F003039442036008BF43600121AA
:10FED000204608F000FA044685F31188BFF36F8FBF
:10FEE000204603B030BD51EA0302F5D000F108020C
:10FEF000CDE900131046294600F014FC0028EFD18C
:10FF0000014B9B685C69EBE7583D002038B504461F
:10FF1000EFF31185402383F31288BFF36F8F08F04E
:10FF200004FC48B10022C26708F08AFB2946084851
:10FF3000BDE8384000F066BCD4E902329A4218BFEE
:10FF40000133A360022104F1100008F037FDEDE752
:10FF5000814D002013B5EFF31181402484F3128802
:10FF6000BFF36F8F846844B1013C846081F31188D2
:10FF7000BFF36F8F002002B010BD52EA030406D118
:10FF800081F31188BFF36F8F6FF00F00F3E7CDE9B6
:10FF900000230246014800F0C5FBECE7814D00203C
:10FFA00070B50446EFF31185402383F31288BFF345
:10FFB0006F8F6FF00A06204608F0B7FB18B1C667CE
:10FFC00008F03EFBF7E7A060022104F1100008F002
:10FFD000F5FC29460248BDE8704000F013BC00BFA4
:10FFE000814D00201FB5094A92E8030002AB83E867
:10FFF00003004FF440620093054906484FF0FF3379
:020000040003F7
:1000000000F070F9002005B05DF804FBE4910300F6
:10001000D08A0020882F00202DE9F043DFF83481BA
:1000200085B005464FF0FF364FF0FF37EFF31189EB
:10003000402383F31288BFF36F8FD5F880408CB9CB
:10004000022105F1980008F087F9002860D100230B
:10005000CDE90067029305F1880249463E4800F069
:10006000F7FCE3E7D5F884202368C5F88030944294
:1000700008BFC5F88430D5F8983043F00203C5F8BE
:100080009830E36823F0040343F00103E3606368FE
:1000900089F31188BFF36F8F20469847EFF31189DA
:1000A000402383F31288BFF36F8FE368D90623F0F0
:1000B000010237D4E260E3689A071AD5D8F8000045
:1000C00023F00203E360A0B10268002188B1436815
:1000D0009C4237D1036869BBD8F80420C8F80030C7
:1000E000824201D1C8F80430002340F8083BFFF7F2
:1000F0000DFFD5F8983023F00203C5F8983089F346
:100100001188BFF36F8FDB0590D400F0FBFB8DE708
:1001100005F1900400220121204608F05FFB002831
:10012000F8D194E723F01103E36004F11000FFF726
:10013000EDFEC0E70B60D8F80430834208BFC8F872
:100140000410D1E722B11368014610461A46BDE7F4
:100150001346F9E7783D0020814D002070B5C36853
:10016000C3F340069B0705460C460DD5012200212E
:1001700004F1080008F0E0F800232360054B6560F7
:100180005A681AB9C3E90044304670BD14605C6017
:10019000FAE700BF783D0020F8B5C3689A07044627
:1001A0000F46C3F340062CD45B071AD40B680BB977
:1001B00083680B60E368DD0744BFA3683B603D686C
:1001C0004CBF02260126002D3AD01F4B9B68AB4244
:1001D0000AD0D5F89830D807C3F3800214D46FF052
:1001E000120600233B6025E008F0E3F9D5F89830CB
:1001F0000028F0D1D907C3F3C002F0D552B15B0794
:1002000008D46FF00F06ECE7002AFAD1C3F3C0035D
:10021000002BF6D100232360D5F8843063B9C5E9FB
:100220002044284608F0B3F8E36843F00403E36091
:100230003B68A3603046F8BD1C60C5F88440F0E719
:100240006FF01506CDE700BF583D00202DE9F041C5
:10025000C36803F00503002B07460C4614BF4FF09C
:1002600001084FF0000822D08668D6F8805025B1EA
:10027000AF4201D02D68FAE701250122002104F1E7
:10028000100008F059F81349204608F0D8F8E36840
:1002900043F01003E3609DB13B68236073B9D6F867
:1002A00084303BB9C6E92044304608F070F8404637
:1002B000BDE8F0811C60C6F88440F5E73C60F3E7D8
:1002C000D6F880302360D6F88430C6F88040002B02
:1002D000EAD1F0E76F8303000146014808F0DAB87D
:1002E000882F0020F0B589B004460020C4E9200022
:1002F0000E9D04F18800C4E9220004F19000C4E9D5
:1003000024004DB32879002840F2011008BF0120D5
:10031000C4F8980000204FF0FF364FF0FF37CDE9CA
:100320000330CDE90100CDE906670C4B009420466F
:1003300000F0B8F855B1296811B1204608F03FF92E
:100340006B791BB1237B43F001032373204609B073
:10035000BDE8F04008F038B90120D9E719000300E2
:1003600037B501900846EFF31184402181F31288DC
:10037000BFF36F8FC16811F01E0F16D153EA02054B
:1003800008D101A9FFF708FF84F31188BFF36F8F2D
:1003900003B030BD41F00801C160019981621030A5
:1003A000034900F04DFC0120EEE70020ECE700BF20
:1003B0000384030001460148FFF7D2BF882F0020C5
:1003C000F7B50C46019016461D46EFF31187402302
:1003D00083F31288BFF36F8F084607F0C9FF55EA11
:1003E000060309D101A92046FFF7D6FE87F311883D
:1003F000BFF36F8F03B0F0BDE368074943F0080314
:10040000E360019BA36204F1100032462B4600F02A
:1004100017FC0120EAE700BF0384030001460148FE
:10042000FFF7CEBF882F00202DE9F04385B0984616
:1004300000F158030732C0E91633109B037322F012
:10044000070504230026437301EB05090F9B837303
:100450000F46C0E9066649468660C6730446F2F751
:100460008DFE07300E9B20F00700E066C4E9197589
:1004700002930D9B0193A9EB00090C9B00934A4644
:10048000434639462046F3F7E1FA054B66659B681B
:1004900003B11B6F2367484605B0BDE8F08300BF7A
:1004A000583D0020F0B587B000250595109D0495B6
:1004B0000F9D03950E9D0295DDE912760D9D019528
:1004C0000C9D00950446FFF7AFFFB6F1FF3F08BF54
:1004D000B7F1FF3F05D056EA070305D1204600F0EB
:1004E000A3F9204607B0F0BD03493A46334604F16C
:1004F000180000F0A5FBF4E7F786030038B50D4DB2
:100500002B4653F8184F9C4200D004B9EC68AB68F6
:1005100038B95A7BD20604D1A26912B9DA897F2A86
:1005200005D89C4202D0204600F0D2FA23466B61E7
:1005300038BD00BF583D002008B590F90D20437B21
:10054000002A014604DA03F07F03437308F03EF803
:10055000044B9868431A58425841BDE80840FFF7D9
:10056000CDBF00BF583D002070B490F90D30427BE4
:10057000002B29DBD30627D183692BBB134962F0FB
:100580007F0242730A4652F8184F944218BF23461E
:10059000CC6923B9C0E900242060C8610CE090F95F
:1005A0000E5093F90E60B5420AD0AE4208DD5A688B
:1005B000C0E900321060586070BC0020FFF79EBF99
:1005C0009C42E7D01B68E4E770BC7047583D0020B0
:1005D0002DE9F041002A427B0E460CBF1021082174
:1005E000114204460FD141EA0203D20918D14373E4
:1005F00008291BD00120FFF781FFBFF35F8F637BCA
:1006000023F060036373284B9B68A34245D1EFF34B
:100610000583002B41D13046BDE8F041F3F74EB9D8
:1006200003F07F03437307F0D1FFE1E7A36813B141
:10063000204607F0D3FF04F1180008F0F1F8A56D8B
:1006400004F15807AF4211D04FF0000875B12846A9
:1006500007F0C4FF05F1180008F0E2F8C5F87C8047
:100660002846FFF781FFA56DAF42EFD10E4FBB6863
:100670009C42BFD1EFF30583002BBBD00B4D012073
:10068000FFF73CFF40F20113AB8128460023C5E988
:10069000193300F0A1FCBD60AFE786F31188BFF30A
:1006A0006F8FBDE8F08100BF583D0020283000204A
:1006B00070B590F90D20437B002A014604DA03F05F
:1006C0007F03437307F082FF4B7B154A63F07F0380
:1006D00010464B7350F8183FD469834208BF00237B
:1006E00023B9C1E900042160D1610CE091F90E50F9
:1006F00093F90E60B5420ED0AE420CDD5868C1E9E8
:100700000030016059609068431A5842BDE870405B
:100710005841FFF7F3BE9C42E3D01B68E0E700BFFF
:10072000583D0020F8B5124B0C461146114A986806
:100730001060DDE90676EFF31182402282F3128821
:10074000BFF36F8F9D68284607F052FFB6F1FF3F59
:1007500008BFB7F1FF3F06D007493A46334605F1D7
:10076000180000F06DFA2046BDE8F840F3F7A6B88F
:10077000583D0020803D0020F7860300F8B5044670
:10078000EFF31186402383F31288BFF36F8F437B0F
:10079000DA0649B219D18569BDB903F07F03437305
:1007A00007F014FF437B164A817363F07F034373A2
:1007B000134653F8180F984218BF0546D0695DB923
:1007C000C4E900300460D46111E0A173002086F315
:1007D0001188BFF36F8FF8BD95F90E70B9420BD039
:1007E0008F4209DD6B68C4E900531C606C60012016
:1007F000FFF784FE0120EAE7A842E1D02D68DEE79A
:10080000583D002049B9EFF3058030B9054B5A69CE
:100810009B689A4201D0F3F751B881F31188BFF376
:100820006F8F7047583D002010B5EFF311844022C0
:1008300082F31288BFF36F8F427B510704D484F395
:100840001188BFF36F8F10BD22F004024273FFF7CF
:100850008BFE21460248BDE81040FFF7D3BF00BF22
:10086000814D0020034648B9EFF3058232B9064AAC
:1008700051699268914201D0F3F720B883F311884F
:10088000BFF36F8F704700BF583D0020EFF3118119
:10089000402383F31288BFF36F8F054B9A68D37B95
:1008A000013BD37381F31188BFF36F8F704700BF93
:1008B000583D002038B5EFF31185402484F31288A9
:1008C000BFF36F8F0A4B9A68D37B0133D373002039
:1008D000FFF714FE85F31188BFF36F8FEFF31180DC
:1008E00084F31288BFF36F8FBDE83840FFF7BABFBB
:1008F000583D0020024B03F11802C3E9062270475D
:10090000583D0020F8B5EFF31185402383F312889A
:10091000BFF36F8F19498868437B03F07F034373EC
:1009200007F054FE8B685A7B084662F07F025A73C8
:1009300050F8182FCC69824208BF002222B9C3E9BF
:1009400000042360CB610CE093F90E6092F90E7005
:10095000BE420ED0B7420CDD5168C3E900210B60E6
:1009600053600120FFF7CAFD2846BDE8F840F2F7C2
:10097000A5BFA242E3D01268E0E700BF583D0020C7
:1009800050EA01032DE9F04105460E4603D1FFF779
:10099000B9FF00202BE0831C71F1FF3329DB07F046
:1009A00054FF2C18EFF31188402383F31288BFF310
:1009B0006F8F124F124BB8681860FFF7BDFDB86813
:1009C00010492A463346183000F03AF9BA68537B8A
:1009D00043F0100353734046F2F770FF07F035FF02
:1009E000201A63EB0303012873F10003D1DBBDE898
:1009F000F0816FF00104241AD4E700BF583D0020B5
:100A0000803D0020F7860300B1F1FF3F08BFB0F141
:100A1000FF3F08B506D10A4B986807F020FE4FF05B
:100A2000FF3008BDFFF7ACFF4FF47A7147F6FF7354
:100A30000022C0FB0132D80B40EA4240F1E700BF80
:100A4000583D0020014B9868704700BF583D00207A
:100A5000D3B5DDE90667089CCDE90067FFF762FEC4
:100A60001CB1034B9B685B69236002B0D0BD00BF23
:100A7000583D0020044BC01A044BC0105843044B8F
:100A800001221A54704700BFA8300020ABAAAAAABE
:100A9000814D0020C3897F2B12D80A4B1B6863B19C
:100AA000094B90F90E201B689A4209DB437BDB0659
:100AB00006D1064BC31A18BF012303F0010070478B
:100AC0000023FAE7883D0020843D0020882E002086
:100AD00070B50E4B0E4C1E7C06EB460304EBC304B4
:100AE0000546204607F09CFE0A4B002228469A55F0
:100AF000FFF7D0FF48B1084B08491A68013A204671
:100B0000D317BDE8704000F09BB870BD583D002081
:100B1000A8300020814D0020883D0020750A030088
:100B200038B5EFF31185402383F31288BFF36F8F3D
:100B3000104B114A9C681068A04206D1FFF7C8FF0D
:100B400085F31188BFF36F8F38BD00211B7C1160C6
:100B50000A4AD35C002BF3D02046FFF79BFF002806
:100B6000EED0637BDB0602D12046FFF7A1FD2046D5
:100B7000E4E700BF583D0020803D0020814D00206B
:100B800008B50648064A0749121A07F07EFABDE87A
:100B90000840054A0549064807F077BAC004002016
:100BA000600F0020D0E6030000000000C8E603004C
:100BB000C0040020034B1B680BB9FCF741B90020AF
:100BC000704700BF8C3D002030B570B10B4B5B68A7
:100BD00098420AD0036843B1D3E90421D0E904451F
:100BE000121941EB0501C3E90421D0E90032136079
:100BF0005A600023C0E9003330BD00BF840C0020E0
:100C000010B50E4B1C689C4204D1FFF7D3FF6FF068
:100C1000004010BDFFF7CEFF002CF8D0D4E904321D
:100C20001B1A62EBE072B3F1004F72F10001EEDAD1
:100C3000002AACBF18460020EBE700BF840C002060
:100C4000B3F1FF3F08BFB2F1FF3FF8B504461D46C0
:100C500016465ED08160EFF31187402383F312883C
:100C6000BFF36F8F013275F1FF3324DA2E49D1E9DA
:100C700000206FF001039B1A4FF0FF3262EB00007F
:100C80009E1B60EB0500012E70F1000301DA0126C6
:100C90000020C4E90460254ED6F800C07568B4454C
:100CA00008BF4FF0000CBCF1000F0DD1C4E9006586
:100CB0002C6074601CE0FFF77DFF013645F10005F4
:100CC000361845EBE070E4E7DCE90420D4E90431B0
:100CD000934271EB000E1DDAD21ADCF8043060EB9F
:100CE0000100CCE90420C4E900C31C60CCF8044036
:100CF0003368B34209D09C4207D10D4B1C6824B91C
:100D0000FFF77EFF2146FCF76DF887F31188BFF3EC
:100D10006F8FF8BD9B1A61EB0001AC45C4E904314B
:100D2000C4D0DCF800C0BEE7C0300020840C002036
:100D30008C3D00202DE9F84FEFF3118C402383F315
:100D40001288BFF36F8FDFF8B0A0DFF8B0902C4FA0
:100D5000C9F80000DAF800000024504508BF002060
:100D60000025D7E90021D9F80030E04678B3D0E972
:100D7000046C4FEAE37EB3427EEB0C0B05DAF61A05
:100D80006CEB0E04C0E9046421E0B21841EBE6719B
:100D9000C0E90445C7E90021FFF716FF88F3118871
:100DA000BFF36F8F83689847EFF31188402383F375
:100DB0001288BFF36F8FD9F80030DAF800009B1B60
:100DC0005045C446C9F80030CBD1D7E900219A1864
:100DD00041EBE3730024C7E90023C9F80040FFF7A3
:100DE0000FFF2146FBF7FEFF88F31188BFF36F8FDB
:100DF000BDE8F84FFFF794BE840C00208C3D002026
:100E0000C030002010B5EFF31184402383F3128823
:100E1000BFF36F8FFFF7CEFE054A0346D2E900010C
:100E2000181841EBE37184F31188BFF36F8F10BD85
:100E3000C0300020F8B50446EFF31187402383F358
:100E40001288BFF36F8F026822B187F31188BFF356
:100E50006F8FF8BDD0E90A36581C46F10001022810
:100E600071F1000127D3012B76F10001BCBF0123F2
:100E700016465D1E46F1FF3607F0EBFC013041F1EE
:100E80000001401946EB0101012871F1000139DB35
:100E900007F0DFFC013041F100016FF00102401961
:100EA00046EB0103121A4FF0FF3161EB03031849BF
:100EB0002046FFF7C5FE236B01332363236A6BB122
:100EC00087F31188BFF36F8F236A20469847EFF3AB
:100ED0001187402383F31288BFF36F8F54F8185F94
:100EE000A542B2D0002DB0D0284607F0D2FB002397
:100EF000EB6787F31188BFF36F8F2846BDE8F84092
:100F000007F09EBB6FF001024FF0FF33CFE700BF49
:100F1000350E03002DE9F04105461C4690461F465C
:100F2000EFF31186402383F31288BFF36F8FB4F180
:100F3000FF3F08BFB2F1FF3F05D186F31188BFF331
:100F40006F8FBDE8F081531C74F1FF3309DB012A78
:100F500074F10003BCBF0122002412F1FF3844F1F8
:100F6000FF37284607F05CFCDDE906010023C5E9F0
:100F70000A012B63034942463B462846FFF760FEC1
:100F8000DBE700BF350E030038B50346EFF31185EC
:100F9000402282F31288BFF36F8FC160012181600C
:100FA0000068834206D185F31188BFF36F8F002458
:100FB000204638BDD0E9003213605A600023C0E9F2
:100FC000003307F0B5FC294604460248FFF71AFC37
:100FD000EEE700BF824D0020014B0367704700BF62
:100FE000500D002038B504460D4607F0E2FA20B94E
:100FF000064B9B681B6F0BB938BD054B2A46214633
:101000001846BDE8384007F0F3BC00BF583D00204B
:10101000500D002030B599B00546684600F028F81C
:101020006946044608A800F053FA08A90443284674
:1010300000F08AF9204619B030BD00BF70B598B0F5
:1010400005466846164600F013F83146044608A8DF
:1010500000F046F908A96A460443084600F082F900
:1010600008A90443284600F06DF9204618B070BD69
:1010700070B50B68124E1BBAC3614B681BBA836113
:101080008B681BBA4361CB681BBA03610B691BBA3F
:10109000C3604B691BBA83608B691BBA4360CB6921
:1010A0001BBA3246036001460446DBF721FE314697
:1010B000054602462046DBF73BFE681E70BD00BFBA
:1010C000E89C03002DE9F04188B00C46064602F189
:1010D0002001684606F120079046DCF703F96A46CE
:1010E00069466846DCF720F869463846DCF7FAF8C6
:1010F0003A463946384604F12005DCF715F86A46C9
:1011000069466846DCF710F841462846DCF7EAF8FD
:101110006A4641463046DCF7CDF82A4629466846FD
:10112000DCF702F82A4669466846DBF7FDFF124AFB
:1011300069466846DBF7F8FF69462046DCF7D2F8D7
:10114000324621462046DCF72DF83246214620461D
:10115000DCF728F8224631462846DCF723F86A46B1
:1011600029462846DCF7A6F83A4629462846DCF701
:1011700019F808B0BDE8F081C89D0300F0B599B03A
:1011800004460D460A4601466846DCF70BF86946F8
:101190006846DCF7A7F86A46214608A805F120064C
:1011A00004F12007DCF786F86A4629466846DCF732
:1011B00081F83246394610A8DBF7B6FF3246394689
:1011C0003046DBF7EFFF31462846DCF78BF86A46FE
:1011D00008A92046DBF7A8FF224629462846DBF768
:1011E000E1FF6A4608A96846DBF7DCFF6A46394634
:1011F0003846DCF75FF82A4608A96846DBF7D2FFD5
:101200006A4631463046DCF755F83A4631463046B4
:10121000DBF7C8FF10A96846DCF764F82246694688
:101220002046DBF7BFFF08A922460846DBF7BAFFD6
:1012300010A908AA0846DCF73DF83A4610A9384636
:10124000DBF7B0FF19B0F0BD2DE9F04188B00C46D6
:10125000054690460A4601466846DBF7A3FF694605
:101260006846DCF73FF86A462946284604F120061E
:10127000DCF720F805F120076A4621466846DCF7CE
:1012800019F8324639463046DBF78CFF31462046A6
:10129000DCF728F82A4621462046DBF783FF6A461A
:1012A00021462046DBF77EFF6A4629464046DBF7AB
:1012B00079FF424639463846DBF7FCFF224629468D
:1012C0006846DBF76FFF6A4631463046DBF7F2FFD0
:1012D0003A4631463046DBF765FF08B0BDE8F0819D
:1012E00070B500F1200690B00D46044600F014F9E8
:1012F00005F12001304600F00FF9214608A8DBF780
:10130000F1FF08A908460D4ADBF70EFF08A922469F
:101310000846DBF7CFFF08A9094A0846DBF704FFB8
:1013200031466846DBF7DEFF202269460DEB0200FE
:10133000DBF7CCFE013810B070BD00BFC89D0300C4
:10134000A89D030000F002B938B504460D4600F030
:10135000FDF805F1200104F12000BDE8384000F05F
:10136000F5B800BF2DE9F0471346B8B0544A894696
:101370008046194610A8DBF7BBFC5249024610A86C
:10138000DBF7D6FC179E4E4900EAD6760746C6F133
:10139000010210A8DBF7CCFC179B4A466FEA030A50
:1013A00028A918A8FFF78EFE4FEADA7A20A9CAF119
:1013B0000102084600F092F8C7F10107FE246A46D0
:1013C00018A928A8FFF740FF631138AA02EB83038E
:1013D00004F01F0253F8A03CD340554603F0010A25
:1013E0008AEA05052A4628A918A8DBF7FDFC2A4643
:1013F00030A920A8DBF7F8FC013C28A918A8FFF7C2
:10140000BDFE631CDBD1CAF1010220A908A800F0CF
:1014100065F886EA0A066A4618A928A8FFF714FFA5
:1014200028A9324618A8DBF7DFFC324630A920A8ED
:10143000DBF7DAFC08A96A460846DBF73BFF08A998
:10144000084600F09DF808A908F1200409F12002DF
:101450000846DBF72FFF20A908AA2046DBF72AFF62
:1014600008AA18A96846DBF725FF69466846DBF736
:1014700039FF18AA694608A8DBF71CFF2146684611
:10148000DBF730FF08AA69461046DBF78BFE0E4AF1
:1014900008A96846DBF786FE20462021DBF72AFEF6
:1014A00008A9024644426846DBF79EFC4046074ACC
:1014B0006946DBF7FFFE3C43204638B0BDE8F087C5
:1014C000289D0300489D0300A89D0300089D03007C
:1014D0000A460149FFF746BF689D030070B588B012
:1014E00004460D46164600212022684607F0B6FB4A
:1014F0000023294620222046009307F087FB2A4636
:1015000069466846DBF74EFE324669462046DBF701
:101510006BFC08B070BD00BF0B681BBAC3614B68A1
:101520001BBA83618B681BBA4361CB681BBA03612A
:101530000B691BBAC3604B691BBA83608B691BBA0A
:101540004360CB691BBA0360704700BFCB691BBA0D
:1015500003608B691BBA43604B691BBA83600B69DC
:101560001BBAC360CB681BBA03618B681BBA4361AB
:101570004B681BBA83610B681BBAC361704700BF1D
:1015800070B598B00D46064610A8DBF7ABFE2A46AC
:1015900010A96846DBF78EFE694610A8DBF7A2FEAD
:1015A00010A90846DBF79EFE6A4610A908A8DBF7DB
:1015B00081FE08A910A8DBF795FE10A90846DBF705
:1015C00091FE10A90846DBF78DFE10A90846DBF74F
:1015D00089FE10A908AA0846DBF76CFE10A9084688
:1015E000DBF780FE10A90846DBF77CFE10A96A46EF
:1015F00008A8DBF75FFE052408A910A8DBF772FE38
:1016000010A90846DBF76EFE013C10A9F5D108AA27
:101610000846DBF74FFE052410A90846DBF762FEFB
:1016200010A90846DBF75EFE013CF5D110A908AA17
:101630000846DBF73FFE10A908A8DBF753FE08A910
:101640000846DBF74FFE08A96A466846DBF732FE1C
:101650001024694610A8DBF745FE10A90846DBF701
:1016600041FE013C10A9F5D12A460846DBF722FECF
:10167000402410A90846DBF735FE10A90846DBF721
:1016800031FE013CF5D110A96A460846DBF712FE8F
:10169000102410A90846DBF725FE10A90846DBF741
:1016A00021FE013CF5D110A96A460846DBF702FE8F
:1016B000102410A90846DBF715FE10A90846DBF731
:1016C00011FE013CF5D110A908AA0846DBF7F2FD8E
:1016D0002A4610A93046DBF7EDFD18B070BD00BFFB
:1016E0000CB430B589B005460C461C22002101A877
:1016F00007F0B4FA02238DF806300E4B02930595DD
:1017000023462CB1B4F1004F28BF4FF00043013BFA
:101710001D440DAA0C99069501A8009200F0E8F866
:1017200014B1059B00221A7009B0BDE8304002B028
:10173000704700BF6D8C0300242A2DE9F041044658
:1017400001D8012A4CD107F099FA354B16221A50CC
:1017500001B10C6000273846BDE8F08135462E46C1
:1017600016F8010B2028F9D0A0F10907042F034631
:10177000F4D92B2836D02D2837D14FF0010C6B78B7
:10178000AE1C302B38D1307840F0200078282FD193
:1017900032F010002CD173783446102202360CF14E
:1017A000004001380027B0FBF2FE02FB1E08392B77
:1017B00082BF03F1FF3343F02003263B303B9A42C4
:1017C0001ED9774502DC03D1984501D24CF0020CBA
:1017D000354607FB023715F8013B34462E46E6E74F
:1017E0000546BCE74FF0000CC9E74FF0000CC8E716
:1017F000002A08BF0822D2E7002A08BF0A22CEE743
:1018000001B10C601CF0010F18BF7F421CF0020FE9
:10181000A1D0074607F032FA014B22221A509AE76C
:101820000C000000242AF0B5044601D8012A40D15A
:1018300007F024FA2D4B16221A5001B10C6000203B
:10184000F0BD2F463D4615F8010B2028F9D0A0F138
:101850000906042E0346F4D92B282CD02D282CD190
:1018600001267B78BD1C302B2DD1287840F020003C
:10187000782824D132F0100021D16B782C46102228
:1018800002350020392B82BF03F1FF3343F02003E0
:10189000263B303B9A421AD9A0FB02040CB9C0186F
:1018A00001D346F002062F462C4617F8013B3D4671
:1018B000E8E70746C6E70026D3E70026D3E7002A75
:1018C00008BF0822DDE7002A08BF0A22D9E701B1D4
:1018D0000C60F20748BF4042B307B1D507F0CEF91C
:1018E000024B22221A504FF0FF30A9E70C000000F3
:1018F0002DE9F04F8DB043680293837815469A071F
:10190000804640F10D8100240E78002E00F00A81FF
:10191000252E0BD04B1C03930134029B41463046CD
:1019200098470028C0F2F6800399EDE74E788B1CAB
:10193000252E0393F0D00027B946BB46BBF11F0FFD
:1019400038D8A6F12003102B0AD8DFE803F02A09C3
:1019500009300909092109090928092D09091F0068
:10196000A6F13003092B33D92A2E37D11BF0400FB3
:1019700055F8043B40F08280002BA7BF4BF0200BB2
:101980009946C3F100094BF0280B01E04BF0010B25
:10199000039B13F8016B0393002ECFD130E04BF083
:1019A000020B4BF0040BF3E74BF0080BF0E74BF0A6
:1019B000100BEDE7BBF17F0F19D8A6F13003092B0F
:1019C000D2D81BF0400F03D00A2101FB0737DFE715
:1019D0000A2101FB09394BF0200BD9E72E2E06D145
:1019E0001BF0400F40F09E804BF0400BD0E76C2E78
:1019F00031D02BD8682E36D06A2E3CD04C2E3AD01F
:101A0000002F46F02003B8BF2BF04002A3F1650180
:101A1000BCBF1FFA82FB0027022901D9612B2FD1FD
:101A2000073525F00705DFF8ACA2083507271BF0BE
:101A3000080F66D00AEB070B56465E4563D1A4EB50
:101A40000A0A06EB0A02A9EB07096FE1742E9FD080
:101A50007A2E9DD0D4E71BF0800F18BF4BF4007B8B
:101A60004BF0800B94E71BF4807F18BF4BF4007B96
:101A70004BF4807B8CE74BF4207B89E71F4687E79C
:101A8000A6F16301122900F2F080DFE811F01300E3
:101A90004F00EE00EE00EE00EE004F00EE00EE0014
:101AA000EE00EE00EE00FE00E900EE00EE001B008E
:101AB000EE00AF0055F8043B8DF8183001270DF10A
:101AC000180AB4E755F804AB834BBAF1000F08BF0E
:101AD0009A461BF0400F14BF39464FF0FF31504675
:101AE00005F065FF0746A2E7029B41462020984784
:101AF00000280FDB013EB742F6D34C44A41BB1468D
:101B000098E74E46F7E716F8010B029B41469847C7
:101B1000002892DA98F8023043F0040388F8023083
:101B20004FF0FF3420460DB0BDE8F08F1BF0800F62
:101B300034D01BF4007F2CD0073525F00705AA46CA
:101B400069685AF8080B2BF010050029ADB237DA96
:101B5000404261EB410145F480650DF1180B0A2309
:101B60005A4606F0CCFFA0EB0B0301936B0662D53F
:101B7000019B25F001019F4289B240F3A180002E14
:101B800000F0998015F0100240F09C80BB460D4695
:101B900023E0AA465AF8040BC117D4E7AA461BF45F
:101BA000807F5AF8041B01D10846F5E71BF4007F3B
:101BB00015BF48B208B241F3C01141F3C031C2E7CA
:101BC00050EA0103C9D11BF0400FC6D0002FC4D189
:101BD0002BF0110295B2BB46019740F2064115EA7F
:101BE00001021CBF0BF1010B00222CE02BF01002B4
:101BF0001FFA82FB0A231BF0800C49D01BF40071F2
:101C00001DBF073525F00705AA46AA461ABF5AF890
:101C1000080B69685AF8040B50EA010545D12BF00E
:101C200016051BF0400FADB242D0002F40D12BF073
:101C3000170295B2019715F0100248D0019B002EB3
:101C400042D103F1010B29075AD4EB0706D5D94538
:101C50006FDD0199A9EB0B035F18CB465B4649E0AA
:101C60004BF0100B10237826C5E7782B04D1C6F172
:101C7000780343F01003BEE7029B414625209847B6
:101C80000028FFF647AF023447E608230026B2E7F4
:101C9000AA461BF480715AF8040BBDD01BF40071E6
:101CA0001ABFC0B2614680B2B6E72BF0060295B209
:101CB0000DF1180B54E725F01105ADB2BB468CE7CA
:101CC0000D46B8E73B460D4603F1020BBBE7DDF8D6
:101CD00004B082E7BDE60300B6E60300CDE90432B6
:101CE0004146029B202098470028FFF613AF049B33
:101CF000059A01339945F1DCA4EB0B01CC189B4606
:101D00000AB3029B4146302098470028FFF602AFF5
:101D10008EB901342744019B391B994224DC1D46AE
:101D20005DBB019AA9EB0B09224455461446914428
:101D300035E0019F92E7023441463046029B9847C6
:101D40000028E7DAE6E640F206410D42E2D015F05F
:101D5000020F14BF2B20202015F4806F04F1010422
:101D6000414618BF2D20E9E7029B414630209847A5
:101D7000002804F10104CEDACCE606AB013D414671
:101D8000585D029B98470028CADAC3E6029B414689
:101D900020209847002804F10104FFF6BBAEA9EB10
:101DA0000403002BF2DCBFE57047EBF713BEF0B481
:101DB00003460A461979DB8800681343DC0287680A
:101DC000066906D513F4402F03D0DA0748BF83F421
:101DD0004023346801258D4023F48012DB074CBF7B
:101DE0002C43AC4334603B68F0BC184738B5002145
:101DF00020EAE0744FF4004540F2E7304FF47A7285
:101E00000023C4FB0501DAF739FFBDE83840FEF7CF
:101E1000FBBDEFF31180402383F31288BFF36F8F74
:101E2000704780F31188BFF36F8F7047FFF7DEBFF5
:101E30000820704703288CBF002001207047043819
:101E400003288CBF002001207047F0B40C2707FB4B
:101E50000214866814F8045C45F0020504F8045C7A
:101E6000B468A446F0BC60470278412A034613D107
:101E70004278882A10D1427A8A420DD1B0F8050002
:101E800058B1B3F8070040B1B3F803004DF6CA6388
:101E9000C31A58425841704700207047A0F5BE4011
:101EA00080B27047A0F59E4080B27047C0B27047C4
:101EB00000F5BE4080B207288CBF0020012070478B
:101EC00010B5C3711B0A412481700372CA21E0233B
:101ED0000470C1708824DE2142714372120A00230B
:101EE0004470017182718372C372037310BDF8B5BF
:101EF0001F4613464FF6FF72DDE90865FFF7E0FF66
:101F00009DF818209DF81C3002F00F0242EA0312DF
:101F1000827200F80B7F0023C3F12004A3F120019B
:101F200026FA03F205FA04F4224325FA01F10833F4
:101F30000A43282B00F8012FEED1F8BDB0F80500B8
:101F40007047B0F807007047B0F805204FF6FF73F0
:101F50009A4207BF807A00F00F00B0F80700C0B2C5
:101F6000704710B5B0F805204FF6FF739A420FD1B5
:101F700000F1110200F10C030020014612F8014D9E
:101F800009029A4241EA106144EA0020F6D110BDEC
:101F900000200146FBE770B50E46E12104461546D8
:101FA000FFF762FF40B1B4F80530B34205D1B4F891
:101FB0000700431B5842584170BD0020FCE7BFF3A7
:101FC0005B8F0068BFF35B8F70474FF0A0434FF00B
:101FD0008062C3F80C257047BFF35B8F50E8003F69
:101FE00040E80012002AF9D1BFF35B8F704700214F
:101FF000FFF7F2BFBFF35B8F50E8003F013340E8CB
:102000000032002AF8D1BFF35B8F70470246A8B1B7
:102010008178A1B10F299EBF01238B4003F1FF33CB
:10202000808894BF9BB24FF6FF73184008D1537855
:10203000994205D90120984080B270477047084600
:10204000704738B143890BB11846704700894FF487
:102050007A735843704708B506F0FBFB4FF47A7269
:10206000A0FB020302FB0133C00B40EA434008BD62
:1020700038B5002120EAE0744FF4004540F2E73023
:102080004FF47A720023C4FB0501DAF7F7FDBDE8CF
:102090003840FEF7B9BC10B5044668B1037D5BB1AA
:1020A000FFF7D9FF2369C21A002A05DA181A03D0EC
:1020B000BDE81040FFF7DCBF10BD10B50446E0B12D
:1020C0000378A3B18378013B0F2B12D8FFF79EFF53
:1020D00060B1E2887AB12046FFF7B3FF30B14FF428
:1020E0007A735A4390428CBF002001200346184661
:1020F00010BD0020FAE71046F8E70346F7E770B591
:102100000E461546044640B10023C360FFF7A3FF07
:102110000123304420612375657570BD10B50446F8
:10212000FFF799FF2CB1237D1BB12369C01A20EA68
:10213000E07010BD70B506460C46FFF7BEFF18B93B
:1021400004B12060002070BDB578F3885D4304B110
:1021500025603046FFF7E2FFB0FBF5F303FB150007
:10216000F1E7F8B50546FFF7A8FF88B32B7D93B9D3
:1021700000212846FFF7DEFFEE88B0FBF6F70446A5
:102180002846FFF743FFFBB201229A40104080B27D
:1021900040B90020F8BDFFF75EFF2B69C01A002888
:1021A000E6DAF6E703FB06F24FF47A712846FFF70A
:1021B00048FF4A4301FB04F39A42EAD8104498428C
:1021C000E7D9C3F5797303331844B0FBF1F0E1E7C5
:1021D0004FF0FF30DEE770B506460C461546FFF7B8
:1021E0006CFF40B13046FFF7BCFF2C4484428CBFEB
:1021F0000020012070BD0120FCE72DE9F04F85B0E3
:102200000546FFF75AFF20B90024204605B0BDE877
:10221000F08F2846FFF73FFF03A92846FFF78AFF04
:1022200006462846FFF7F2FE039CAB7800934FF476
:102230007A79074609FB06F800214FF0010BA31B32
:102240000098CAB2904205D8002CDED02046FFF795
:102250000FFFDAE70BFA01F23A4092B2A2B1EA8834
:102260004A4309FB02FAC24507D828460193FFF703
:10227000E8FE50444045019BC6D896422CBFD21878
:10228000921B944228BF14460131D9E7F7B50546A1
:10229000FFF713FF0446B8B12846FFF7FCFE01A97B
:1022A0002846FFF747FF06462846FFF7AFFE019C8A
:1022B000A97800220127A4EB060CD3B2994206D8D4
:1022C00014B12046FFF7D4FE204603B0F0BD07FA54
:1022D00002F303409BB243B1EB8853439E422CBFB1
:1022E00063449B1B9C4228BF1C460132E5E708B5AE
:1022F00006F0AFFA4FF47A72A0FB020302FB01333F
:10230000C00B40EA434008BD38B5002120EAE07424
:102310004FF4004540F2E7304FF47A720023C4FBDB
:102320000501DAF7ABFCBDE83840FEF76DBB2DE9DF
:10233000F84F054608B103781BB9BDE8F84F04F023
:1023400076BEB0F806908678B9F1000F08BF4FF05E
:102350000A09002E5FD00F2E5FD80124B440013C43
:10236000A4B2AB881C4007D16B789E42E5D901240A
:102370009C40A4B2002CE0D06B89002B50D003F21B
:10238000E7334FF47A72B3FBF2F34B4528BF4B4669
:102390001F460C2F49D90C3F022F28BF02272B7D47
:1023A000002B47D109FB06F84FF0000AFFF79FFF0B
:1023B0002B7D002B50D02B69C31A52D4B3FBF8F2FB
:1023C00008FB12335A4200214FF0FF3007EB030B9A
:1023D0004FF0010C0CFA01FC14EA0C0F0DD002EBCB
:1023E000030E9E453FD80BEB020C9C45A5D202EB99
:1023F000080C84453CBF6046F24601318E4202D053
:1024000010294A44E4D1431C97D003282DD903381E
:10241000FFF77AFFCAE70A269FE74FF6FF74A0E7A7
:102420002B89002BB1D14F46B3E70027B7E7FEF762
:1024300069FAB4E7FFF75BFFD5F81080A0EB08005E
:102440000028AFDAFFF753FFA8EB00000128EED910
:102450000138FFF759FFA2E7B0FBF8F308FB1303BD
:10246000B0E70023AEE79446C3E790B14FF47A7328
:10247000584305F0D0FDFFF73AFF2B7D63B12B6980
:10248000C01A09D5BAF1000F3FF457AFFEF73AFA78
:102490008CE7FEF737FAEEE7B0FBF8F308FB130022
:1024A0008245F3D80AEB07038342EFD345E738B5FB
:1024B00004460D4626220021023006F0CFFB25807F
:1024C00038BD0346084693F82520196103EB8201C5
:1024D00010B5013248600321B2FBF1F101EB41017B
:1024E000521A83F8252093F82420598C5861022A27
:1024F0009CBF013283F82420012283F826201A8C05
:102500008C181F2C04D90132520849081A845984A6
:102510009A6901329A611A8C01321A8410BD038CB7
:10252000428CD1181F2904D901335B085208038457
:102530004284C3690133C361438C013343847047D0
:10254000038C408CC0181FBF64225343B3FBF0F3CD
:10255000D8B2704703460068197970470144884231
:1025600001D10020704710F8013B9342F7D10120C0
:10257000704710B500230B60013810F8014F0A684E
:102580009C4008332243202B0A60F6D110BD08B5C9
:1025900006F05FF94FF47A72A0FB020302FB0131EF
:1025A000C00B40EA4140C90B08BD08B5002104201A
:1025B00000F0ADF8BDE8084020F0005200210420F2
:1025C00000F022B938B5002120EAE0744FF400454C
:1025D00040F2E7304FF47A720023C4FB0501DAF7CA
:1025E0004DFBBDE83840FEF70FBA80B14FF47A7367
:1025F00000FB0333B3F5A87F08D36FF4A7729818D4
:10260000B0F5487F03D9A3F26F4070471846704772
:1026100007B5C0B251B960F07F008DF80400012009
:1026200001A9EBF7AFFC03B05DF804FB60F03F00DD
:102630007F298DF80400C8B285BF60F07F00C9090A
:102640008DF805008DF8050092BF02208DF8061068
:102650000320E5E708B50B4611460244B2F5806F4A
:1026600005DC821E0920FFF7D3FF002008BD4FF0D4
:10267000FF30FBE707B5C0B241B98DF80400012077
:1026800001A9EBF7BBFC03B05DF804FB40F0400090
:102690007F298DF80400C8B285BF60F07F00C909AA
:1026A0008DF805008DF8050092BF02208DF8061008
:1026B0000320E5E710B40C460346114611202246DC
:1026C00010BCFFF7D7BF07B5032201AB2821272095
:1026D000FFF7D0FFBDF805309DF8040000EB0320A4
:1026E000DB0446BF6FEA00306FEA1030C0F314001D
:1026F00003B05DF804FB0346052200211720FFF715
:10270000B9BF0346052200211520FFF7B3BF13B55B
:1027100001AC042280B2234689B2FFF7ABFF03224B
:102720000020A35C013A03EB0020FAD202B010BDF6
:1027300000210846FFF7EBBF00211720FFF7E7BF96
:1027400000211520FFF7E3BF01210620FFF7DFBFBF
:1027500007B5022201AB89B280B2FFF78BFFBDF84B
:10276000040003B05DF804FB10B5052104461520F4
:10277000FFF7EEFF0021E0812E20FFF7E9FF23465F
:10278000082223F8040B00211220FFF773FF072112
:102790001520FFF7DDFF002160801020FFF7B7FF55
:1027A000000DA08110BD07B501220DF1070389B20C
:1027B00080B2FFF75FFF9DF8070003B05DF804FBF0
:1027C00007B589B28DF807200DF10703012280B209
:1027D000FFF71EFF03B05DF804FB07B589B2ADF843
:1027E000042001AB022280B2FFF712FF03B05DF8B4
:1027F00004FB024641F604012E20FFF7EEBF02461D
:1028000000211820FFF7E9BF07B589B2019201AB9B
:10281000042280B2FFF7FCFE03B05DF804FB10B5A4
:10282000044602780B212A20FFF7CAFF62680021C4
:10283000BDE810401E20FFF7E7BF0246022103203B
:10284000FFF7CBBF024600210320FFF7C6BF08B544
:10285000024604212D20FFF7C0FF032206212D2070
:10286000FFF7AEFF06212D200022FFF7A9FFBDE8EC
:1028700008400A212D20FFF74ABF08B50022022197
:102880002C20FFF79DFF0222BDE8084011462C20B6
:10289000FFF796BF10B56D22044640F606012E20C4
:1028A000FFF78EFF44B140F20762BDE8104041F6E9
:1028B00006012E20FFF791BF41F20762F5E710B540
:1028C000002104461A20FFF722FF000D0005C4F383
:1028D00013020243BDE8104000211A20FFF794BF05
:1028E00013B50222044601AB00213620FFF7C2FED9
:1028F0000E2C1BD8DFE804F01208291A1A1A1A3015
:102900003D1A1A464B50570000238DF804309DF8AD
:10291000053023F001038DF8053007E09DF8043001
:1029200023F0030343F001038DF8043001AB0122CF
:1029300000213620FFF76CFE01220DF10503114640
:102940003620FFF765FE02B010BD9DF8043023F07D
:10295000030343F00203E7E79DF8043023F04C0340
:1029600043F048038DF804309DF8053063F07F0391
:10297000D1E7BDF8043023F4004323F04C03ADF855
:102980000430D3E79DF8053043F00203C3E79DF818
:10299000053023F00203BEE79DF8043023F0300336
:1029A00043F02003C0E740F20133E8E770B50D467D
:1029B000144606460720FFF793FF33462A46214672
:1029C0002520FFF757FEBDE870400820FFF788BFBD
:1029D00008B50E20FFF784FF4FF4004206212D209A
:1029E000FFF7FBFE0120FFF721FABDE808400120B8
:1029F000FFF776BF08B50020FFF772FFBDE808407B
:102A0000002204213620FFF7E8BE024601210A20F9
:102A1000FFF7FABE08B503210F20FFF7C4FE80EAD6
:102A20004000030606D5BDE80840012203210D2021
:102A3000FFF7C6BE08BD420710B5044601D4FFF734
:102A4000E9FF14F0010106D14FF480720D20FFF769
:102A5000C4FE002010BD4FF4407200210D20FFF78E
:102A6000BCFE03210F20FFF79EFE0307F1D5ECF714
:102A7000C3FC14F0020104D14FF480720D20FFF763
:102A8000ACFE4FF0FF30E5E7024624212720FFF798
:102A9000A4BE08B5E02203213620FFF791FEBDE871
:102AA0000840F02203213620FFF78ABE00F01F0203
:102AB00042F060020E212B20FFF782BE37B5802343
:102AC00005468DF80430012201AB11212820FFF7C3
:102AD0009FFD0A238DF80430012201AB122128202A
:102AE000FFF796FD0F238DF80430012201AB122170
:102AF0002820FFF78DFD012D4FF0000425D101ABFB
:102B00002A4621462A208DF80440FFF781FD01ABBB
:102B10002A4621462A208DF80450FFF779FD2846E1
:102B2000FFF784F901AB022203212A20FFF7A2FD5F
:102B3000002101AB01222A20BDF804408DF80410C9
:102B4000FFF766FD204603B030BD2046FFF7C8FE04
:102B5000012501AB214601222A208DF80440FFF710
:102B600057FD01AB2A4621462A208DF80450FFF775
:102B70004FFD01AB022203212A20FFF77BFD2846EF
:102B8000FFF7AEFED4E7C0F307230870000C88708F
:102B9000000A4B70C870704773B500230C46154689
:102BA000019310B9002002B070BD064610F8013B39
:102BB000202BFAD0092BF8D0002BF3D00A2201A940
:102BC0003046FEF7B9FD019BB342EBD0286023608D
:102BD0000120E8E7F7B500270E461546019705F0F6
:102BE00078FF044610B9002003B0F0BD3046E9F785
:102BF0004EF904443A4601A92046FEF713FE019B14
:102C0000A342F0D028600120EEE710B50378044617
:102C10003BB1E9F73CF901462046BDE81040ECF72E
:102C20005FBD10BD014640F2E73008B54FF47A723F
:102C3000002300EBC1304914DAF720F8BDE8084062
:102C4000FDF7E2BE02790023032A43718371C0F8C5
:102C500007300CD1012282734FF4C8111922C0E948
:102C60000412C37083818361038400207047837BD7
:102C700023B1438A13B1838A002BF6D101238381C8
:102C80000A2383734FF420220923C0E9042300237D
:102C9000E9E710B58AB0044601A8EDF797FA0123D9
:102CA0008DF807308DF810309DF812308DF81140F6
:102CB00013B90A238DF81230BDF8163013B90A2360
:102CC000ADF81630BDF8183013B90923ADF8183037
:102CD00001A8EDF7C5FA0AB010BD836800EBC10189
:102CE000B3F5004F2CBF51F8220031F812007047A5
:102CF00000EBC1018068B0F5004F2CBF41F82230D5
:102D000021F81230704708B50122FFF7E6FFD040E6
:102D100008BD8368B3F5004F00EBC10108D34B68D1
:102D20001AB143F001034B60704723F00103FAE747
:102D30004B881AB143F001034B80704723F0010325
:102D4000FAE753000122FFF7D3BF8368B3F5004FC2
:102D500034BF04230823C91A081AC0087047B0F505
:102D6000004F34BF04230823481C0833A0EBD300D2
:102D7000B0FA80F0C0F11F0070472DE9F04117460E
:102D800003220E460446FFF7A8FF8642054607F1D8
:102D900004080AD1E3680122BA4023EA0203E3608F
:102DA000002344F82830BDE8F08131460222204655
:102DB000FFF793FF2B460646014644F8285020466D
:102DC0000322FFF795FF3346294620460222BDE83D
:102DD000F041FFF78DBF70B50D4686680446FFF7DA
:102DE00092FFB6F5004F014601D3012809D03046C5
:102DF000FFF7B5FF294602462046BDE87040FFF7C1
:102E0000BCBF70BD2DE9F04705468068FFF7A7FFFE
:102E100005EB800A8846DAF810900646B9F1000FF3
:102E20001BD00327DAF8104028462146FFF76BFF36
:102E3000404507D3324621462846FFF79EFF2046ED
:102E4000BDE8F087032221462846FFF746FF013FF1
:102E5000CAF8100001D08145E4D1EB6801364FF08B
:102E6000FF34B4401C40EAD094FAA4F2B2FA82F2E1
:102E7000131D55F82340DEE72DE9F04114460546C1
:102E80000E46FFF740FFA4EB0608371B07444246F7
:102E900031462846FFF755FF3A4621462846FFF7B8
:102EA00050FF4346002221462846FFF721FF2146D6
:102EB0002846FFF728FF3B46211800222846BDE898
:102EC000F041FFF715BF2DE9F041164604460F46C5
:102ED000FFF719FF314605462046FFF714FF05446A
:102EE0002A4639462046FFF72CFF31462046FFF799
:102EF0000AFF2B46311800222046BDE8F041FFF7BB
:102F0000F7BE2DE9F0410D4686680446FFF7FBFE4B
:102F1000B6F5004F014601D3012832D03046FFF705
:102F20001EFF04EB80010E6996B9E368012282401E
:102F30001343E36002220D612B4629462046FFF72A
:102F4000D7FE032229462046BDE8F041FFF7D0BE58
:102F5000022231462046FFF7C0FE294603460746B7
:102F60002046FFF7C5FE0322334629462046FFF7D9
:102F7000BFFE39462B462046FFF7BAFE02223146F5
:102F8000E1E7BDE8F081F8B50C460546FFF7BBFE6A
:102F90002618012231462846FFF79FFEC3070CD4AE
:102FA00031462846FFF717FF21462846FFF7ABFEBC
:102FB000214622182846FFF786FF00222146284690
:102FC000FFF78BFE271A012239462846FFF785FEB8
:102FD00010EA020613D139462846FFF7FCFE2146C7
:102FE00032462846FFF779FE2246211A2846FFF787
:102FF0006AFF214632462846FFF76FFE241A214613
:103000002846BDE8F840FFF77CBF38B571B10568C8
:103010002846FFF79AFE0022044601462846FFF79D
:1030200078FE2146BDE83840FFF7ADBF38BD70B52A
:10303000066809B9002070BDB368B3EBD10FF9D9A8
:10304000B3F5004F34BF04230823CC1D1C44E4080F
:1030500021463046FFF7D6FE05460028EAD0014655
:103060003046FFF750FEA04209D92C44294630468D
:103070002246FFF701FF21463046FFF742FF304668
:1030800001222946FFF745FEB368B3F5004F34BF70
:103090000423082303EBC5031844CCE72DE9F843C8
:1030A00006681446B26801F1FF39B2F5004F34BF2B
:1030B0000423082319EA01090F460BD0494239407D
:1030C0008B424F4628BF0B46894654B900252846F7
:1030D000BDE8F8839942F8D82146BDE8F843FFF7E8
:1030E000A6BFB2EBD40FF1D9E11DB2F5004F3944C0
:1030F00034BF04220822C91A1144C9083046FFF718
:1031000081FE80460028E1D0B368B3F5004F34BF9C
:103110000423082309EBC0051D4435447B1E1D44D0
:10312000B5FBF7F57D43A5EB090529463046FFF7CA
:103130000CFE2C44073424F00704A41B80450746EA
:103140004FEAE40408D2024641463046FFF794FEB7
:1031500041463046FFF7D5FE39463046FFF7D3FDEE
:103160003844844208D2394630462246FFF784FE6E
:1031700021463046FFF7C5FE012239463046FFF7AB
:10318000C8FDA4E7B2F5802F2CBF08230423D21A70
:103190002DE9F0418C18CD1D25F0070524F007041A
:1031A000641B0026E40805602146AC60EE60204602
:1031B000FFF7D5FD421D9200013002F107074FEAEB
:1031C000D707A2F110023146B8BF324605F1100010
:1031D00005F044FD3A4631462846FFF7B2FD334636
:1031E000324631462846FFF783FDA4EB0708284600
:1031F00031460122FFF78DFD42463946FFF7A1FD1A
:103200003B46324639462846FFF772FD214628469E
:10321000FFF797FD4346324621462846FFF768FDF3
:10322000214628460122FFF774FD3946BDE8F041EA
:10323000FFF767BE2DE9F04706460D46174698464C
:103240002BB398F8004093F80190DB78A40004EBCE
:10325000430498F802301C4444444FF0000ACA4525
:1032600009D3D8F8042008F1080339463046AC46A3
:10327000BDE8F047604714F8013B48F8234020467A
:10328000E8F705FE013004440AF1010AE7E76FF0B0
:103290001500BDE8F0870020704700F05BBB0FB45D
:1032A00007B504A951F8040B019100F053FB03B0DA
:1032B0005DF804EB04B070470FB407B504A951F8EA
:1032C000040B0191FFF7E9FF03B05DF804EB04B0D4
:1032D0007047038B13F0070305D10368002B0CBF65
:1032E000002003207047022B05D1408BB0FA80F0FC
:1032F000400980007047012B05D10368002B0CBFEB
:103300000020052070470020704710B50C4600B122
:1033100011B96FF0150010BD081D00F093F80028DA
:10332000F9D1A368032BF6D9F3E72DE9F0410D4657
:1033300007461946281D90461E4600F097F8044699
:1033400038B13346424629463846A446BDE8F041E6
:103350006047BDE8F08110B4EFF31182402484F39C
:103360001288BFF36F8F416110BC0121EEF7D6BA0E
:1033700038B50C46054658B151B10B6843B14B689E
:1033800033B11C22002105F069FC2C61002038BDFE
:103390006FF01500FBE770B505460E46FFF7B5FF69
:1033A000041E14DBEFF31182402383F31288BFF372
:1033B0006F8F6B8B2C8B4FF6FF718B4204F00704E1
:1033C00007D182F31188BFF36F8F6FF00A04204694
:1033D00070BD022C0CD101336B8382F31188BFF3D3
:1033E0006F8F0023224631462846FFF79EFFEEE707
:1033F000062C14D8DFE804F004131313041A040095
:10340000002333606B683BB9C5E90066ACB90221A3
:103410002846EEF783FADAE71E606E60F6E782F37D
:103420001188BFF36F8F6FF00404D0E782F3118827
:10343000BFF36F8F6FF08504C9E782F31188BFF384
:103440006F8FC4E7034640B1426802F00302022ACC
:1034500006D0032A04D0012A05D06FF0150070476A
:103460001A68002AF9D000209860704710B54268A9
:10347000816002F00302022A03464FF0000407D0E5
:10348000032A02D05C60002001E018685C6010BD77
:1034900018685C600028F6D0FDF776FDF3E770470A
:1034A00070B406688489806A0D0C16FA81F105FBF8
:1034B000041184682468A44670BC60472DE9F04379
:1034C0001C46C36A1D686D4289B006468846174689
:1034D00005F020051CB9204609B0BDE8F083AC42D8
:1034E000A14628BFA9464B466A4641463046FFF7EB
:1034F000D7FF0028F0D16B46484502D1241A8044FA
:10350000E8E713F8012BBA4201D10130F4E70120BA
:10351000E2E70B6803F580330B60C0891A0CB0EB4F
:10352000134F04BFA3EB02430B60704738B5828989
:1035300003680D0C090C04462D04806A02FB01315E
:1035400000F092FC50B9E26AA389527929462046DC
:10355000FFF7B4FF002818BF6FF0050038BD10B5A5
:10356000014604460722FF20EDF7BAFFE07110BDC7
:103570007FB50BAB059303930A9B02930023CDE920
:10358000003301221846EEF70DFF07B05DF804FB8B
:103590000368012B81BFC91801F1FF315B4219405B
:1035A000084670472DE9F0410C4605460821C06ADF
:1035B000FFF7EEFF072207462146FF206688B4F892
:1035C0000480EDF78DFFE379834208D1A889464452
:1035D000C01BB04294BF00200120BDE8F081002054
:1035E000FBE738B505460C46FFF7DCFFA0B1A08825
:1035F00098B922884FF6FF739A420DD1E86A0821E4
:10360000FFF7C6FF6288AB899B1AB3FBF0F202FB9F
:103610001030B0FA80F0400938BD0020FCE7F7B563
:1036200004460D46C06A0821FFF7B2FF2968074625
:1036300008232046FFF734FF0646002836D12B68C2
:103640003B442B60A28999B2D21B91422ED11A0C15
:1036500003BFE28902F1FF3203EB0241A3F580319F
:10366000296008236A462046FFF71AFFE8B9E36A93
:103670005A796B4613F8011B8A420CD10130082895
:10368000F8D1636805E02B68BDF802201B0C1B0411
:1036900013442B600AE069462046FFF7A2FF00288A
:1036A000F1D129462046EEF747FA0646304603B0E8
:1036B000F0BD2DE9F043074689B090461E461BB980
:1036C000002009B0BDE8F0833C688389080C14FA37
:1036D00081F100FB0314FB6A1D686D4235400CD07C
:1036E000B86A83682146D3F804902B46C84700285F
:1036F000E7D1761BE4D02C44A844324641466846C4
:1037000005F084FAFD6A2A686979921B0DEB0600C0
:1037100005F0A4FAB86A2B688268214655686A46A3
:10372000A847CEE710B50A46082341680446FFF7CC
:10373000C0FF08210246E06AFFF72AFF63681B1AF0
:103740006360104610BD13B54FF6FF7300220446A8
:10375000ADF800308DF806308368ADF80420684677
:10376000ADF80230FFF7FBFE69462046FFF7DAFFAF
:1037700002B010BD2DE9F04F044695B0C06A082193
:10378000FFF706FF63681B0C1B04054603A92046D0
:103790000393FFF7BEFEDDF80CB0A6895E44761BEE
:1037A00006AA0823314620460496FFF779FE021E3A
:1037B000C0F2A980E36A06AA5979002312F8010B26
:1037C000814240F08F800133082BF7D1A3686268F3
:1037D0002B449A427ED259462046FFF7A7FE024666
:1037E00091E0BDF81A30360C36041E44049608AA3F
:1037F00004A92046DDF810A0FFF711FF02460028BB
:1038000040F0818008A92046FFF7CCFE18B9019B43
:103810005345ECD1DAE7636805930AAA05A9204667
:10382000059EFFF7FCFE024600286CD1BDF828205B
:10383000BDF820309A4227D06268059B9A42ECD1AD
:10384000B245E4D1BDF82430002BE0D0BDF82270A1
:103850004FEA1A431B041F4408A8A368ADF822309E
:10386000FFF77DFEE36ABDF824901E68764206F0FD
:103870002006B9F1000F0ED108A92046FFF752FF2C
:1038800002460028C3D03EE00AA92046FFF78AFE80
:103890000028D1D0D4E74E45B04628BFC8460CAA70
:1038A000434639462046FFF7FBFD024658BB4346D8
:1038B000A1680CAA2046FFF7FCFE41460246E06ADA
:1038C000FFF766FEA3680344A360E2B9A9EB080909
:1038D0004744CEE72046FFF736FF024600283FF474
:1038E0007AAF10E0731B06A920460193FFF779FE1B
:1038F00000287FF476AF04A92046EEF71DF90246B2
:1039000000283FF474AF104615B0BDE8F08F0023D7
:103910001A46EEF7F9BA13B500240094EEF7CEFB81
:1039200002B010BD0020704703F081BB0346BFF317
:103930005B8F53E8000F421C43E800210029F8D1B7
:10394000BFF35B8F704708B500210846EEF724FCF3
:10395000002008BD1FB50023CDE90201CDE90033E9
:103960001A4619461846EEF71DFD05B05DF804FB32
:1039700070470020704770B50E461546194604463C
:1039800018B9BDE87040EEF7B7BC33B1C2F34A23B3
:103990001030120D184405F039F9C4E900562046DC
:1039A000BDE87040EEF7C0BC7FB50BAB0593039349
:1039B0000A9B02930023CDE9003302221846EEF75A
:1039C000F1FC07B05DF804FBF8B506460D46144659
:1039D0001F4604B9F8BD214628463A46B047241A86
:1039E0000544F6E707B5D1E900328DF807005268C3
:1039F00001210DF107009847002003B05DF804FB9A
:103A00000A2838B504460D4602D10D20FFF7EAFF1B
:103A100029462046FFF7E6FF002038BD2DE9F04398
:103A2000054687B008460E8891F80090D1F80880C6
:103A30000C461746EEF70CFD011EC6F38216C9F3BD
:103A4000C2091EDB4846EEF78BFC03462146608820
:103A500051F8102B0196C2F34A22002A01EB02040E
:103A6000C0F30B1008BF00210022CDE90407CDE907
:103A70000214009241462846EEF716FD07B0BDE855
:103A8000F0830023E2E77047002930B4044618466B
:103A90000BDBA5680844A84207D8E06864682144A5
:103AA00084682468A44630BC60476FF0150030BCC1
:103AB0007047002930B4044618460BDBA56808445B
:103AC000A84207D8E0686468214484686468A44612
:103AD00030BC60476FF0150030BC704700290346CA
:103AE00010B410460BDB9C680844A04207D8D86885
:103AF0005B68194483689B682BB110BC18476FF052
:103B0000150010BC70476FF05700FAE70029034614
:103B100010B4104609DB9C680844A04205D8D86858
:103B20005B68194410BC00F09FB96FF0150010BC21
:103B3000704708B5C0688368DB689847006808BDAF
:103B4000C068704708B5C0688368DB6898474079EB
:103B500008BD70B54C680368A34201D2012070BD56
:103B60008A682244934201D30020F8E7D1E9032573
:103B70004E69B54203D36FF00B038B61F4E71B1B57
:103B800042F835304368086902EBC00253600B69A4
:103B900001330B61E2E77FB50BAB059303930A9BFF
:103BA00002930023CDE9003301221846EEF7FAFB19
:103BB00007B05DF804FB2DE9F047894616469846A4
:103BC000044698B38268036913448269334493427C
:103BD00030D80025D4E90170A6EB050A3F1ABA4592
:103BE00015D2B54209D223685246184409EB0501A3
:103BF00005F00CF8A3685344A360B8F1000F1CD083
:103C0000A068A8B12046BDE8F047EEF7BFBE236824
:103C10003A46184409EB050104F0F8FF6368A36015
:103C20002046EEF7B3FE18B93D44D3E76FF00D0020
:103C3000BDE8F0876FF00B00FAE74046F8E770B593
:103C4000044600F501701E46FFF7B5FF054636B184
:103C5000D4F80002FFF717FF0023C4F8003228460B
:103C600070BD30B5054685B0084605F50071EEF724
:103C700017FE044698B9D5F80002FFF761FFD5F8A2
:103C8000003202949A6801925B68009301464FF4F7
:103C900000732A4605F50170EEF7E0FE0446204663
:103CA00005B030BD0020EEF775BF034610B50846DD
:103CB0000AB10021116053B1D0B1411E11F8010FBA
:103CC00080B113F8014BA04201D13D28F6D100206C
:103CD0000EE0013313600AE03D2808D0B0FA80F00E
:103CE000400905E018782F28F6D1002AF1D10120EB
:103CF00010BD0830704710B5134614460A46818837
:103D00000068FFF708FEA042A8BF204610BD2DE9BD
:103D1000F04F97B0044601929A46894600297CD01C
:103D2000DAB1BAFA8AF67609258F0135ADB2A8461E
:103D300004F1080B6F1EBFB2B7F5004F26D04A231F
:103D400003AA39465846FFF7E6FD002807DA10F1C6
:103D5000020F08BFB8463D46ECE70126E4E700F154
:103D600058030DEB0300002300F84C3C03A9484620
:103D7000E8F77BF80028EED126B339465846FFF71E
:103D8000C6FD002805DA17B0BDE8F08FBEB30020ED
:103D9000F9E705F57F513F3189B25846FFF7B7FD86
:103DA0000028F0DB238FBB42F1D12246013B22F8F1
:103DB000383F4FF4004102235846EEF7A5F800EAD9
:103DC000E070E0E7B846B8F5404F29D0238F43456F
:103DD00004F1080515D308F58041019A534689B2CC
:103DE0002846EEF791F80028CDDB002ECFD04846CC
:103DF000E8F74DF84A46034641462846DDE70126E6
:103E0000E1E72246022322F8388F4FF4004128468A
:103E1000EEF77AF80028DEDAB5E76FF01500B2E7C2
:103E20006FF00B00AFE773B5C36B03630446C3B118
:103E300000F108063046EDF7DDFE054670B90223B5
:103E40000DF106024FF400413046FFF764FD0028F3
:103E5000ACBFBDF806304FF400432387284602B0BC
:103E600070BD6FF01205F9E72DE9F0418768FB6836
:103E700004460D4616469847BB682BB13246294684
:103E80002046BDE8F04118476FF05700BDE8F081CB
:103E900038B50D46AB4211461C4604D81A4604F00C
:103EA000B5FE204638BD0024FBE704F0D7BEC309A9
:103EB00003EB430303EBC30383EA4000C0B2704744
:103EC000CB780278534003704B884278534043705C
:103ED0000A68837883EA122383700A68C3785340A0
:103EE000C370CB79027953400371CB884279534038
:103EF00043714A68837983EA122383714A68C379DC
:103F00005340C371CB7A027A53400372427A4B8991
:103F1000534043728A68837A83EA122383728A68E1
:103F2000C37A5340C372CB7B027B53400373CB896C
:103F3000427B53404373CA68837B83EA12238373B3
:103F4000CA68C37B5340C37370471FB502788DF8AE
:103F5000002042798DF80120827A8DF80220C27B00
:103F60008DF8032002798DF80420427A8DF805201F
:103F7000827B8DF80620C2788DF80720027A8DF8B2
:103F80000820427B8DF8092082788DF80A20C279BA
:103F90008DF80B20027B8DF80C204278C37A8DF8C7
:103FA0000D2082798DF80E208DF80F3010236A468F
:103FB0001946FFF76DFF05B05DF804FBF8B506463E
:103FC00008780C46FFF773FF05466078FFF76FFF30
:103FD000A27863785340E27853405D406840307087
:103FE00060782778FFF763FF0546A078FFF75FFF4B
:103FF000A3785F40E3785F407D40684070706378ED
:104000002778A0785F40FFF752FF0546E078FFF77A
:104010004EFFE3785F407D406840B0702078FFF746
:1040200046FF627823785340A278534080EA030524
:10403000E078FFF73CFFEDB24540F570F8BD70B594
:10404000144688B00546002849D0002949D0002AE6
:1040500049D010230A4668461946FFF719FF214642
:104060006846FFF72DFF103401F1A0066846EEF711
:10407000C1FF6846FFF769FF694604A8FFF79EFF86
:1040800001A905A8FFF79AFF02A906A8FFF796FF66
:1040900003A907A8FFF792FF102319460DEB0302AF
:1040A0006846FFF7F5FE214668461034FFF708FF23
:1040B000B442DBD1EEF79EFF6846FFF746FF21468C
:1040C0006846FFF7FDFE102319466A462846FFF7AB
:1040D000DFFE684610220021FFF7E7FE012008B04E
:1040E00070BD0846FBE71046F9E710B50A460F30E9
:1040F00012F9103B002BACBF0023872312F8014DAF
:1041000083EA44038A4200F8013902D01378DB09BC
:10411000F4E710BD08B520B158220021FFF7C5FE15
:10412000012008BD10B5044688B110220021FFF718
:10413000BCFE102204F130000021FFF7B6FE002380
:10414000636400224FF48033C4E91423012010BDBE
:1041500070B504460D46164610B311B3582200211F
:10416000FFF7A3FE2946A6643046EEF74FFF102264
:1041700000212046FFF799FE04F11005A26C2146AC
:104180002046FFF75CFF21462846FFF7AEFF294691
:1041900004F12000FFF7A9FF2046FFF7C3FF01202D
:1041A00070BD0846FCE72DE9F0410E461546044671
:1041B000002860D0FAB100295DD0D0E9143253EA6A
:1041C000020158D0013BD0F8448042F1FF32C0E9EF
:1041D0001432B8F1000F2CD0C8F1100708F13000EC
:1041E000BD4220440AD22B4632462946FFF750FEF4
:1041F000636C2B4463640120BDE8F0813B4632468A
:104200003946FFF745FE103D0023636445443E44B4
:10421000631E04F10F0113F8012F93F830008B4255
:1042200082EA00021A70F6D1A26C21462046FFF7FE
:1042300006FF04F10F07102D0AD8002DDBD02B4606
:104240003246294604F13000FFF722FE6564D2E7CA
:10425000631E711E13F8012F11F8010FBB4282EA91
:1042600000021A70F6D1A26C21462046FFF7E7FE45
:104270001036103DDFE70020BEE770B50C4605465E
:10428000E8B169B34A6C102A1AD11031631E0139A2
:1042900004F10F0013F8012F93F83060724011F809
:1042A000016F984282EA06021A70F3D1A26C21468D
:1042B0002846FFF7C4FE2046FFF72CFF012070BD03
:1042C00002F130000021C2F110022044FFF7EDFDA1
:1042D000636C2344802283F8302004F12001D5E769
:1042E0000846ECE77FB50BAB059303930A9B02935B
:1042F0000023CDE9003301221846EEF753F807B04A
:104300005DF804FB01460068EEF7D2BE08B5EEF793
:1043100031FFBDE80840EEF751BF7FB50BAB059309
:1043200003930A9B02930023CDE900330122184630
:10433000EEF738F807B05DF804FB00210120EEF736
:10434000B7BE61B662B680F31188BFF36F8F704756
:1043500072B6002383F31188BFF36F8FBFF34F8FC3
:1043600030BF62B6BFF36F8F704772B6002383F31E
:104370001188BFF36F8FBFF34F8F20BF80F3118879
:10438000BFF36F8F62B67047202809D9B0F1004F94
:1043900008D80138B0FA80F0C0F11F004000704723
:1043A000082070473E2070477FB50BAB0593039301
:1043B0000A9B02930023CDE9003301221846EDF752
:1043C000F1FF07B05DF804FB08B5D1E90431984767
:1043D000002008BD08B5EFF7EDFC002008BD7047D0
:1043E000002303824369C3607047416A8968EFF71D
:1043F00069BDEFF31182402383F31288BFF36F8FFF
:1044000000230B60436833B9C0E9001182F31188BF
:10441000BFF36F8F704719604160F7E710B503462F
:10442000EFF31181402282F31288BFF36F8F00688F
:1044300028B15C6802681A60A04208BF5A6081F324
:104440001188BFF36F8F10BD027A0132027270477C
:10445000034618465B68002BFBD17047426810B5D5
:104460002AB10B461C465B68002BFBD162604160A1
:1044700010BD10B5044620B90B7A01330B72084603
:1044800010BD034618465B68002BFBD1FFF7E6FF23
:104490002046F5E783680B440360704703680B60B0
:1044A00043684B6083688B60704783880268194457
:1044B0008180D018704730B484880568A318838041
:1044C000281930BC04F0A2BB10B5838802685C1CBC
:1044D0008480D154D01810BD034600689A88401AD1
:1044E00011441860998070478288521A034682806E
:1044F0000068084418607047034600689A88521A9A
:1045000001449A801960704710B503681C88022125
:10451000FFF7EAFF204610BD02688068101A704756
:104520008388C2888168D21A03685B1AD01A7047E0
:1045300003898B420AD9436803EBC10053F8313039
:104540002BB94368002B08BF00207047002070473C
:10455000F0B5037885888779C679CE71002013F08D
:10456000070F0860C3F3C10308788F7114BF0324D9
:104570000124012B28BF012344EAC30320F01F00BC
:104580006DBA034352BA0B704A808D80F0BD37B5C7
:1045900005460C460846FFF723FF45F8044B082361
:1045A0002046238250F80C4F1C44FFF7B9FF00222D
:1045B0000346009202212246284603F022FD03B062
:1045C00030BD2DE9F04F85B005460E4690461F469A
:1045D00003F024FB20B96FF04C0005B0BDE8F08F6C
:1045E00000234FF014093B6009FB086934464FF083
:1045F000010A02A9284603F00EFBDDE9023200930E
:1046000068BB284603F033FB0028E4D00020E4E731
:10461000A14598BF344661688A4214D12168009848
:10462000019204F0FFF9019A68B9237CD3B9D4E967
:10463000023128469847C0B184F810A03B68013386
:1046400014343B60D5E714340BF1010BD845DFD1AE
:104650000021284603F062FB0028CAD1D1E74FF0C1
:10466000000BF3E76FF06F00B7E76FF02200B4E7DD
:10467000F8B5142303FB01060446154603469E4283
:1046800007D82846E7F703FC0746A64208D80020CB
:1046900003E01A68AA4201D1187CF8BD1433EEE792
:1046A0006368BB4207D121683A46284604F0BAF94C
:1046B00008B9207CF1E71434E7E77FB50BAB05932D
:1046C00003930A9B02930023CDE90033012218468D
:1046D000EDF768FE07B05DF804FB20B101280CBFC0
:1046E0000620FF2070470220704702780B789A421C
:1046F0000FD30CD842784B789A420AD307D8428815
:104700004B889A4205D38CBF0120002070470120BE
:1047100070474FF0FF30704770B506460C4600F00A
:104720004EF80546304601F091FE0346013B85F008
:104730000100032B0CD8DFE803F00806090202236E
:1047400004B1237070BD0123FAE728460023F7E780
:104750004FF0FF30F6E773B546100546304600F0DF
:104760002EF8002304460DF1070130468DF807307E
:10477000FFF7D2FFA84204D19DF80730013B012B7F
:1047800009D9A04202D09DF8073023B1631B5842DB
:10479000584102B070BD0120FBE77FB50BAB05931C
:1047A00003930A9B02930023CDE9003301221846AC
:1047B000EDF7F8FD07B05DF804FB70477047002087
:1047C00070470020704770B5054688B00E4600243B
:1047D00000236A4631462046F0F71EFB28B9202206
:1047E0002946684604F01EF910B124B14FF0FF3499
:1047F000204608B070BD0124EAE7002301461A46AE
:104800001846F0F709BB022805D0033801288CBFF1
:104810000120052070470320704708B50020EDF700
:1048200067F870B50446BEB000F1100500260022FE
:1048300000232846FBF738FB014608B93EB070BD9F
:1048400019AB029301A805AB049601940393EFF70B
:1048500049FCECE7EFF7C8BB70B505460E46F0F72C
:10486000A5FD044618B1336B1BB129469847204675
:1048700070BDEA7A05F11801183004F0C7F9F6E7BF
:1048800010B5044640B14B6B0BB118309847204629
:10489000BDE81040EFF7A8BB10BD0023C363A0F82C
:1048A00040307047C36B13B1B0F8400070476FF0F1
:1048B00015007047F8B5C36B04460F46164603BB98
:1048C000072A25D94D886DBA0835B2F5C06FADB24B
:1048D00021D8B5F5C06F1ED8AA4216D8F0F766FDEC
:1048E000E063D8B1A4F84050E06B324639460C3052
:1048F000FFF7E1FDB4F840309B1B98B2A4F84000EC
:10490000F8BDB0F840309342EED26FF08A00F7E77E
:104910006FF03C00F4E76FF03E00F1E76FF00B0042
:10492000EEE738B50B46C16B044661B1B0F84050B4
:1049300005B15BB12046F0F757FD0023A4F84030E5
:10494000E363284638BD6FF01505FAE76FF03C05C4
:10495000F7E710B50446C06B30B1FFF77BFF0020CE
:10496000A4F84000E06310BD6FF01500FBE7C06BDA
:1049700000B118307047036813B10023036003715E
:1049800070478B6913B183610B7F037700207047F9
:1049900010B50446084659B1F0F772FD40B1A3695D
:1049A0008B4206D190F86930227F9B1A58425841B9
:1049B00010BD0120FCE770B50546F0F761FD044627
:1049C00098B1284600F049FC034604F1380043B191
:1049D000783306D0BDE870404FF400420023FBF767
:1049E0001DBDBDE8704003F0A1BD70BD08B5806974
:1049F00018B101F0D3FB033880B208BD7FB50BAB13
:104A0000059303930A9B02930023CDE9003301220F
:104A10001846EDF7C7FC07B05DF804FB08B5F0F7E2
:104A20002FFD20B1BDE808406C30FBF76FBA08BD20
:104A300010B50C46017822788A428AB00FD06946B8
:104A4000F0F786FF05A92046F0F782FF10220DF14E
:104A500015010DF1010003F0E5FF0AB010BD012AB8
:104A600006D0022A07D072B940886388C01AF4E7DA
:104A700040686368FAE71022611C01300AB0BDE8A3
:104A8000104003F0CFBF6FF01500E6E7042A0AD00C
:104A9000102A0DD0022A4FF0000315D103700B88A5
:104AA000438001207047012303700B684360F8E7DF
:104AB000022300F8013B01F1100351F8042B40F8E8
:104AC000042B9942F9D1ECE718467047012310B541
:104AD0000621044600F8013BF8F792FF18B9A379C4
:104AE00063F03F03A37110BD0B6803608B88838064
:104AF0008B798371037823F0020303707047007889
:104B0000C0F3400070472DE9F04101F10C080C465C
:104B1000054600F10C01404617461E46FFF7BEFC55
:104B20004046FFF7F9FC012310FA87F068826B72A8
:104B30002F8239464046FFF7D7FCE3687360628AEC
:104B40000023E3607281638234602846BDE8F0810F
:104B500038B5D1E90032DA600B684A895A820D46CD
:104B600004460868EFF740FA00211022284604F0B6
:104B700075F8A07AEFF77CF96169054649B1637A67
:104B8000DB0704D4436A1B6820469B6898470023D0
:104B9000636121462846BDE8384003F0BFBB438A25
:104BA00023B9C068B0FA80F0400970470020704710
:104BB0000F2807D80D280BD8052808BF032018BFD9
:104BC00002207047132803D01A2808BF0120F6E7F7
:104BD0000120704710B50346BFF35B8F53E8000F09
:104BE00040EA010243E80024002CF7D1BFF35B8FB9
:104BF00010BD7FB50BAB059303930A9B0293002373
:104C0000CDE900331846EDF7CDFB07B05DF804FBA6
:104C1000BFF35B8F50E8003F0B4040E80032002AB2
:104C2000F8D1BFF35B8F70470020704781767047E3
:104C3000704710B503884288934219D8052B17D9BD
:104C4000B2F5486F14D88388B3F5FA7F10D2C088C4
:104C5000A0F10A0189B240F67644A14208D8013396
:104C60009BB25343B3EB800F34BF0120002010BD33
:104C70000020FCE7002070470020704770B5064612
:104C80000D4640F206400321F1F7F2FA044668B1FE
:104C900003210C30FFF709FC0680857021460022B5
:104CA000BDE8704040F20640F1F742BD6FF0680089
:104CB00070BDC368187808B1F1F7F8B81846F2F774
:104CC000FBB838B50221054642F21600F1F7D0FADA
:104CD000044668B102210C30FFF7E7FB2B88038004
:104CE00021460022BDE8384042F21600F1F720BD0F
:104CF0006FF0680038BDF8B507460E4642F2220054
:104D000006211546F1F7B4FA044678B106210C30B5
:104D1000FFF7CBFB3B88038046808580214600223D
:104D2000BDE8F84042F22200F1F702BD6FF06800E2
:104D3000F8BD2DE9F0478146884642F2320007214E
:104D40009DF820A017461E46F1F792FA0546A0B13D
:104D500007210C30FFF7A9FBB9F80030038080F879
:104D60000280C7700671A0F805A029460022BDE8A0
:104D7000F04742F23200F1F7DBBC6FF06800BDE8AB
:104D8000F08708B500200021F1F75CFC18B1BDE800
:104D90000840F1F78FBBBDE80840F3F7ADBB08B59D
:104DA000072203F03FFEB0FA80F0400908BD7FB54E
:104DB0000BAB059303930A9B02930023CDE90033C9
:104DC0001846EDF7EFFA07B05DF804FB00280CBFBA
:104DD00008460020704718B111B10846F2F7E2B951
:104DE0006FF01500704713B5044680B10621684680
:104DF000F8F706FE48B99DF80530694603F03F0311
:104E000020468DF80530FFF7E6FF02B010BD6FF0C9
:104E10001500FAE7003818BF01207047034610F468
:104E2000004F0CBF07200620DA0348BF00F0050042
:104E30009B0348BF00F0FB007047BFF35B8F006827
:104E4000BFF35B8F704710B50346BFF35B8F53E82A
:104E5000000F00EA010243E80024002CF7D1BFF361
:104E60005B8F10BD7FB50BAB059303930A9B029339
:104E70000023CDE900331846EDF794FA07B05DF84A
:104E800004FB012310B403FA01F1044662B1BFF33D
:104E90005B8F54E8003F0B4344E80032002AF8D10E
:104EA000BFF35B8F10BC704710BCC943FFF7CBBF8B
:104EB0002DE9F04F87B005469DF84860DDF8409039
:104EC0009DF844A00C4690460021102202A81F46DF
:104ED00003F0C4FEEEB9CDE90248012202A942F274
:104EE0000800F2F79DFB044678B9BAF1000F3ED1F5
:104EF0001035BFF35B8F55E8003F43F0040345E8EE
:104F00000032002AF7D1BFF35B8F204607B0BDE81F
:104F1000F08FF1F7CBFA8346E4B937BB5846E6F792
:104F2000B6FF0923012ECDE901B48DF800308DF8CC
:104F30000100CDF80C80D0D1CDF810D0059602221A
:104F4000CCE714F83320083A012A25D901339845D3
:104F5000F7D1E2E70023FAE717F83320083A012AED
:104F60001AD901339945F7D1D8E70023FAE7022E81
:104F70004FF0010208BF059202A908BF324642F273
:104F8000090008BFCDF810D0CDE90279F2F748FB4F
:104F90000028ADD00446B8E76FF01504B5E74368C4
:104FA00013F008000AD05A0307D403F4C063B3F522
:104FB000806F14BF0220012070470120704770B538
:104FC000064686B00D4642F20A000121F1F750F97B
:104FD0000446B0B10C3095B10121FFF775FA06F126
:104FE000100203A9204600950723F1F72FF90022AC
:104FF000214642F20A00F1F79BFB06B070BD29463C
:10500000EBE76FF06800F8E7183003F08FBA036839
:1050100000220BB9184670478B4210D10B6842B979
:1050200042680360914200D1436000230B6001207D
:10503000704713604368994208BF4260F5E71A461B
:105040001B68E6E7D0F8B400003818BF01207047AD
:10505000084689691160C2691A60C27A0021183055
:1050600003F0FCBDBFF35B8F0068BFF35B8F70473D
:1050700073B50446CDE900320D4622B9D0F8AC60D4
:105080006B4601AAB0472846EEF7AEFF019B23B15D
:1050900000996FF06D022046984702B070BD7FB551
:1050A0000BAB059303930A9B02930023CDE90033D6
:1050B0001846EDF777F907B05DF804FB2438F2F7EE
:1050C000C9BE10B50446006918B1EEF78DFF002384
:1050D000236110BD10B5034600F1CC021046FFF766
:1050E000C1FF80B1BFF35B8F411C52E8004F844287
:1050F00004D142E8001CBCF1000FF6D1BFF35B8F76
:10510000ECD1184610BD0346FBE72DE9F8430746EE
:105110000E46904600244FF0D009B44203D100233C
:105120001846BDE8F88309FB0470FFF7D3FF034678
:1051300058B1857A012D02D0073D012D03D81A8878
:105140004245EDD01846F3F745F80134E5E710B5D0
:10515000837A023B0446062B16D8DFE803F00904E5
:105160001515150B0900417200212046F3F75CF874
:10517000002010BD0088FFF781FD0028F9D1A37A37
:10518000072BF5D10821F0E76FF07F00F1E738B584
:10519000037A8B420446154615D100F170010722AF
:1051A000284603F03FFC80B1E378072243B904F1BD
:1051B0007E01284603F036FCB0FA80F0400938BD85
:1051C00004F17701F5E70020F9E70120F7E77030F7
:1051D000704713B50C8804F00302032A0B4610D065
:1051E000E20710D404F002049A78DB78B2FA82F174
:1051F00049090BB941F002010094FFF79AFD02B092
:1052000010BD0024F0E70124EEE7F8B507460D468F
:1052100042F213000E21F1F72BF80646D0B10E2111
:105220000C30FFF742F90E220446002103F016FD70
:105230003B8823802B8863806B88A380AB88E380C6
:10524000EB88238131460022BDE8F84042F213008A
:10525000F1F76EBA6FF06800F8BD38B5041D03466B
:105260002046FFF7FFFEC0F30025C0050A4604D51F
:105270001846BDE83840F3F7E9BB0988A3F8881061
:105280005188A3F88A109188A3F89010D288A3F8C7
:105290009220BFF35B8F54E8003F43F4806344E8FF
:1052A0000032002AF7D1BFF35B8F284638BD704724
:1052B0007FB50BAB059303930A9B02930023CDE9C3
:1052C00000331846EDF76EF807B05DF804FB704741
:1052D00010B400F14C030122BFF35B8F53E8001FB1
:1052E00043E80024002CF9D1BFF35B8F41B903469A
:1052F00053F8482B8164D2F8B81029B9C2E92D338C
:10530000006810BCF2F7DCBE0B60C2F8B830F7E7FB
:1053100010B50368D3F8B42042B1D3F8B84011688F
:10532000C3F8B410A24208BFC3F8B8104C30002331
:10533000BFF35B8F50E8002F40E800310029F9D11E
:10534000BFF35B8F10BD70B5D0E9003504464BB399
:10535000D3F8B420483000216AB1904234D1A26C15
:1053600051BBD3F8B810C3F8B420884201D1C3F8B8
:10537000B8200023A36404F14C030022BFF35B8F29
:1053800053E8001F43E800200028F9D1BFF35B8FEA
:1053900004F13006236BD3B96B680BB120469847F4
:1053A00000232360E3680BB1204698472B6AB3B112
:1053B0002046BDE8704018470A60D3F8B8209042F4
:1053C00008BFC3F8B810D4E711461268C4E700223A
:1053D00000233046FAF768FDEEF706FEDAE770BD07
:1053E00038B5406B30B150F8084904B1083CFFF7BC
:1053F000AAFF04B938BDA5682DB12046083DFFF7C6
:10540000A2FF2C46F7E72046BDE83840FFF79BBFD8
:105410000431F3F72DB8406B30B1838B8B42A0F190
:10542000080001D08068F7E7704710B54AB989B223
:10543000FFF7F1FF28B143689B6913B1BDE8104045
:10544000184710BD38B50D460521FFF7E4FF0023CE
:105450001A462946F3F780FC044610B12846EEF7B9
:10546000C3FD204638BD406B30B183898B42A0F12B
:10547000080001D08068F7E770477047034600686E
:1054800028B1596802681A60884208BF5A6070479C
:105490000346002003B970471A8A5B681044F9E795
:1054A00010B5D4682378023113B92170012010BDE2
:1054B0008B42FBD0038A023B038200201061F6E797
:1054C0000620704773B51446014605464FF49572A1
:1054D000206800F065FE207500BB237A2068ABB120
:1054E000A3F11802534253419B000193638A009336
:1054F000AE68238AE2682946B047002808DB238A81
:1055000083420ED100232375012008E00223ECE73B
:1055100010F1FF0F05D34042C0B22075002002B049
:1055200070BD0E20F9E71FB5CDE9012300230093DC
:105530001A46F5F785F805B05DF804FBF8B59368F1
:10554000166805460F46144663B9506801210C30B1
:10555000FEF7ABFFA0602B681B78002B14BF022363
:1055600001230370A3681B78012B03D0022B1FD0EB
:1055700000201CE02B681B78002BF9D16068042107
:105580000C30FEF792FFE06007802A68E3685288DB
:105590005A806168728D738B088A9A4294BFC0EBFF
:1055A0000200C0EB0300042894BF00200120F8BDD6
:1055B0002B681B78022BDBD1606812210C30FEF7C0
:1055C00074FFE06007802B68E268591C02321133D7
:1055D00051F8040B42F8040B9942F9D16168728DBD
:1055E000738B088A9A4294BFC0EB0200C0EB0300A1
:1055F0001228D9E770B405686A6A52B3136803B118
:10560000A83BA2F1A8040022114600E0A83B844276
:1056100007D0668D648BB14238BF3146A24238BF95
:1056200022461C462BB1D3F8A830002BEED1844281
:10563000EFD1438D408B8B4201D890420BD98242EF
:1056400038BF02469942286838BF194670BCF5F742
:1056500087BB1146EDE770BC7047D0680378043112
:1056600013B90170012070478B42FBD091680B8AFF
:105670000020043B0B82106170477FB50BAB059394
:1056800003930A9B02930023CDE900331846ECF7FD
:1056900089FE07B05DF804FB2DE9F04F044685B0A4
:1056A000104690469946FFF7F3FE638B628D934256
:1056B00028BF134683428B4640F29380636803936E
:1056C0004046FEF7C5FE4FF0000A06464046FFF78B
:1056D000DFFE628B638D06F10C079A4294BFC0EB2C
:1056E0000205C0EB03053846FEF71AFF854217D2C4
:1056F0004046FFF7CDFE628B638D9A4294BFC0EBAC
:105700000205C0EB03058DBB98F80A00EEF7B0FB6D
:1057100000220023FEF769FE064630B9574636E000
:105720003846FEF7FDFE0546EDE701464046FEF72A
:10573000A0FE4046FFF7ACFE628D638B06F10C07BE
:105740009A4294BFC0EB0205C0EB03053846FEF752
:10575000E7FE85421FD24046FFF79AFE628D638BBB
:105760009A4294BFC0EB0205C0EB0305F168328A90
:10577000CDF80090DBF8047003980A44ABB25946A8
:10578000B847071E0CDABAF1000F18BF5746384663
:1057900005B0BDE8F08F3846FEF7C2FE0546E5E7E6
:1057A0000E9BB3B9394606F10C00FEF77EFE40466B
:1057B000FFF76EFE638D628B934228BF1346B94498
:1057C0008342BA441FFA89F9A8D9AF423FF47EAFA9
:1057D000A4E70F9A0E9B3946304698470028E1D13E
:1057E0009CE70027D3E70368002203B970478B4288
:1057F0000FD10B683AB942680360914200D143600F
:1058000000230B60704713604368994208BF4260F1
:10581000F6E71A461B68E8E706207047BFF35B8F80
:1058200050E8003F43F0080240E800210029F7D18A
:10583000BFF35B8FC3F3C000704773B516680546AE
:1058400000237068137314462946952200F0A8FCC3
:10585000207380B9CDE900002946A388A2683046AC
:10586000FFF71AFF002809DA10F1FF0F26BF4042A8
:10587000C0B20E202073002002B070BD0120FBE7F3
:105880002DE9F34116680746002370681373144628
:105890003946952200F084FC0546207308BBA068B9
:1058A000718B728D038A914294BFC3EB0103C3EBEA
:1058B0000203012B15DD02210C30FEF7F6FDCDE9C8
:1058C00000558046A388A26839463046FFF7E4FEBB
:1058D000031E0ADA13F1FF0F26BF5B42DBB20E2371
:1058E0002373002002B0BDE8F081A8F80030012049
:1058F000F8E72DE9F04104468868FFF7C9FD638B9E
:10590000628D934228BF134683420D461DD3E16545
:10591000D1F8088000278F60FAF7B8FF414620468B
:10592000F3F724FE064638B1C5F80880E765FAF7B4
:10593000C1FF3046BDE8F081618D638B994228BF7D
:105940001946284600F058FDF1E76FF07906F0E7B8
:1059500038B5BFF35B8F0B68BFF35B8FDB07054682
:1059600017D550F8040CA0B1AB6D93B90430FFF714
:1059700085FD044668B10146281FFFF7BAFF0028DD
:1059800007DA55F8043C5A6822609A685C6002B9EC
:105990009C6038BD2DE9F041446A07463CB354F899
:1059A000A86906B1A83E00231D4607F1040801E0DE
:1059B00034461646E26D9AB905B98BB94046FFF7F1
:1059C0005DFD054658B101462046FFF792FF0028CD
:1059D0000DDA7B682B60BB687D6003B9BD60234630
:1059E0002EB1D6F8A820002AE2D0A83AE0E7BDE818
:1059F000F08170B504460E46002200230846FAF7EF
:105A000053FA054658B101462046F3F7AFFD044668
:105A100018B12946304602F081FC204670BD6FF077
:105A20000104FAE7F8B50546071F00F1540350F8E2
:105A3000044CBFF35B8F53E8001F21F0040143E8DF
:105A40000012002AF7D1BFF35B8F04B3AB6D8BB9A3
:105A500063687BB1201DFFF711FD014606463846FD
:105A6000FFF747FF002812DA63683360A3686660B7
:105A700003B9A66005F15C013846FFF7BAFF30B103
:105A800004F10C013846BDE8F840FFF7B2BFF8BD9D
:105A900038B504460D46F3F769FD30B1294604F1E7
:105AA0006000BDE8384002F02EBC38BD2DE9F04161
:105AB000884617460121042205461E46F3F7F4FAEC
:105AC000044670B104210C30FEF7EFFC80F8008032
:105AD000A0F80170C67021462846BDE8F041FFF7E6
:105AE000D7BFBDE8F08137B50C46054601F10C0083
:105AF000FEF70AFD228A0192E26800920346132211
:105B000012212846F3F7C4FE03B030BD37B50C466A
:105B1000054601F10C00FEF7F7FC228A0192E268CB
:105B200000920022034611462846F3F7B1FE03B067
:105B300030BD07B5CA681388528800920C210D2227
:105B4000F4F7C2F803B05DF804FB07B5CB68002298
:105B50001B8800920A210B22F4F7B6F803B05DF817
:105B600004FB70B5CB681E88B3B2162B04461AD955
:105B70000321F3F75FFF0546B8B102210C30FEF7B1
:105B800094FC6FF00D0303700123437029462046F7
:105B9000FFF77EFF4FF4F973204663836685FFF7B6
:105BA00029FD002070BD0420FCE70E20FAE7F4F781
:105BB000DBBC08B5F3F7CCFE08B3426A02B3136846
:105BC00003B1A83B32F88E0C32F87E2C904228BFED
:105BD000104643B913E0934228BF1346984238BF9A
:105BE0001846A1F1A803D3F8A8105A8B5B8D0029A1
:105BF000F1D19A4228BF1A46904238BF104608BDDC
:105C00001046FCE70A8AC9680023F4F7EFB970B5BB
:105C10000E46F3F79DFE044628B93046EEF7E4F948
:105C20006FF07F0070BD00F10C052846314602F090
:105C30006AFB606A38B150F8A84904B1A83C29460B
:105C4000FFF7D7FE20B90020ECE71C466FF00100FB
:105C5000002CF8D0D4F8A83023B90230F5D0204673
:105C60001C46ECE7A83BF8E738B505460C46FAF7C2
:105C70000DFE2846F3F76CFE20B9FAF71BFE6FF015
:105C80007F0038BD0023236083683BB9C0E901442D
:105C9000FFF780FEFAF70EFE0020F2E71C6084603A
:105CA000F6E70120704708B5F3F752FE98B1436A52
:105CB0008BB1BFF35B8FA83B03F1580252E8000F92
:105CC00020F0080042E800010029F7D1BFF35B8F04
:105CD000D3F8A830ECE708BD08B50421FFF7C3FBF3
:105CE00030B1BFF35B8F406DBFF35B8FC0F3C0007B
:105CF00008BD1060002070470B4609895A8A9142FE
:105D000038BF11469A8A8A4203D099829B6903B1AF
:105D10001847704710B5029CA36833B1B1F5807F76
:105D200028BF0E21CAB221469847A37DE268013BF5
:105D3000DBB2A37522B11BB92046BDE81040104765
:105D400010BD10609180002070470020704708B59A
:105D5000072202F067FEB0FA80F0400908BD10B5D6
:105D60000346BFF35B8F53E8000F40EA010243E8AC
:105D70000024002CF7D1BFF35B8F10BD0B680360CC
:105D80008B8883808B79837170477FB50BAB0593CC
:105D900003930A9B02930023CDE9003301221846A6
:105DA000ECF700FB07B05DF804FBF0B507683D7841
:105DB00089B006461446E5B97B88B3F5245F04D064
:105DC00011D8A3F52053032B13D8ADF80A100222E3
:105DD0000DF10A012046F4F789FA70B16FF015024F
:105DE000C4F8082106E003F55643FF339BB2042BA9
:105DF0001DD90125284609B0F0BD7B88ADF80A30D1
:105E000002220DF10A012046F4F770FA0028E5D1CC
:105E1000009003AA776813233146B847021EDFDBE0
:105E200003A92046F4F762FA0028E2D0D6E7ADF8DD
:105E30000A1002220DF10A012046F4F757FA002851
:105E4000CCD17B88ADF80A3002220DF10A01E8E7D7
:105E500070B500F1700605463146007AFEF70CFF7A
:105E600004463146287A3CB1F4F7FCF918B1002316
:105E700003604360836070BDF4F7F4F90028FAD042
:105E8000046044608460F6E7022A10B508D100235C
:105E900000F170011A46007AF4F756FA022010BD9C
:105EA000FFF7D6FFFAE713B5BDF8101010464FF014
:105EB00006144FF0C8720829CDE900420BD8C1F191
:105EC00008049C42A8BF1C462246694402F09EFE7C
:105ED000204602B010BD6FF00604F9E7F7B515468D
:105EE000BDF820601F46FEF7C5FE022EADF8060085
:105EF0000ED8C6F10204BC42A8BF3C460DF1060311
:105F000022469919284602F081FE204603B0F0BDD2
:105F10006FF00604F9E72DE9F0419846BDF81860E6
:105F20001546F0F7C3FA0746E5F7B1FF83B2B3426F
:105F30000CD39C1B4445A8BF4446A4B22246B919C1
:105F4000284602F063FE2046BDE8F0816FF00604AB
:105F5000F9E7F7B51F460023BDF820608DF804303F
:105F60001546F4F751F910B1037A8DF80430012E7B
:105F70000DD8C6F10104BC42A8BF3C4601AB224685
:105F80009919284602F042FE204603B0F0BD6FF09A
:105F90000604F9E713B5C96810460A781C46BDF82F
:105FA000103092B94A88ADF80620022B18D8C3F1F8
:105FB00002029442A8BF144622460DF1060119447C
:105FC00002F024FE204602B010BD102B01F10101A9
:105FD00006D8C3F110029442A8BF14462246EEE749
:105FE0006FF00604EEE7F7B5C968BDF82060154606
:105FF0001F46F4F757F900B10089ADF80600022EEC
:106000000ED8C6F10204BC42A8BF3C460DF10603FF
:1060100022469919284602F0F9FD204603B0F0BD4A
:106020006FF00604F9E701210C30FFF798BE2DE967
:10603000F0411F46BDF81830012B064690462CD87B
:106040003B44012B3D462BDCF4F7DEF8044618B93F
:10605000F4F7DAF8044630B397B1217A98F80020C3
:10606000002321FA03F0C70703D522FA03F0C00783
:106070001CD50133032BF4D102F007021143217226
:10608000601C06F17001FFF779FE337A2370204619
:10609000FFF7C9FF2846BDE8F0816FF00605F9E774
:1060A0006FF00C05F6E76FF01005F3E76FF01205DF
:1060B000F0E738B504461546FFF7F3FD40B120463A
:1060C000F4F7A2F820B1037ADB0701D5FFF7ABFFA5
:1060D00035B9207A04F17001F4F7C4F800B1856095
:1060E00038BD13B5044610B9002002B010BD00231E
:1060F0008DF80430006842F6030301A9ADF80630BC
:10610000FEF796FC0028EFD1E36898880028ECD1D0
:106110002046F4F765FA013080B2E6E7F0B5CC68C6
:1061200087B008461F46A3798DF80430BDF830606B
:106130001546FFF7D6FF2468ADF8050023789BB914
:106140006388ADF807300524B44219D3A41BBC42C0
:10615000A8BF3C46A4B201AB22469919284602F0DA
:1061600055FD204607B0F0BD631C0DF10702113448
:1061700053F8041B42F8041BA342F9D11324E3E7AC
:106180006FF00604EDE71FB5CDE90123002300936E
:106190001A46F4F755FA05B05DF804FBFFF709BDA0
:1061A00012F0010F4B8A04D013F0950F10D04868FD
:1061B00070B112F0020F04D013F4957F0AD08968F1
:1061C00041B11A4012F4DE7F14BF05200020704751
:1061D00002207047032070472DE9FF41837A072B87
:1061E00005460C46164610D100238DF80C30206869
:1061F00042F6030303A9ADF80E30FEF719FC60B9AF
:10620000E3689B7913F0300F03D1002004B0BDE8A0
:10621000F0812046F4F702FB0446002320688DF845
:106220000C3003A942F60213ADF80E30FEF700FC65
:1062300018B12046F4F7F2FA0446002742F6021895
:1062400020688DF800706946ADF80280FEF7F0FB1B
:1062500020BB002320688DF80C3003A942F60213FE
:10626000ADF80E30FEF7E4FB0028CED1E4682246FC
:10627000284612F8011BFEF78AFF10B123891E423F
:106280000AD1A17A04F10B022846FEF780FF00280C
:10629000BBD0638A1E42B8D00120B7E720688DF8D2
:1062A000047042F6030301A9ADF80630FEF7C0FB07
:1062B0000028CED020688DF808704FF4205302A932
:1062C000ADF80A30FEF7B4FB0028C2D020688DF884
:1062D0000C7042F6010303A9ADF80E30FEF7A8FBDF
:1062E0000028B6D02046F4F799FA04460028A7D132
:1062F0008BE72DE9F843884651684B8A03F09403F5
:10630000074614464BBB0122FFF766FF48B3A2893C
:106310001B2102323846F3F753FB054620B300F148
:106320000C0902214846FEF7C0F80646484626F802
:10633000028BA189FEF7B9F8A289A168304602F064
:1063400065FCD4E9041228460123F3F74BFF2946E4
:106350003846BDE8F843FFF75ABC4FF0FF30BDE8C0
:10636000F8836FF01500FAE76FF00B00F7E72DE9FF
:10637000F04105460F46F3F747FF044608B3037A9A
:10638000DA071ED5BFF35B8FC668BFF35B8F16F0CD
:10639000010600F10C0814D1A7B1BFF35B8F58E8D8
:1063A000003F23F0020248E800210029F7D1BFF3A3
:1063B0005B8F9B07284608D5FFF775FC2046FFF743
:1063C00032FE01263046BDE8F081FFF76AFC002866
:1063D000F8D02846FFF780FC0028F3D0BFF35B8F8E
:1063E00058E8003F23F0020348E80032002AF7D1C2
:1063F000BFF35B8F2846DFE770470021F8B54FF009
:10640000FF324FF0FF3305460846FFF701F800F171
:106410000C07044601213846FEF747F805260670AA
:1064200001213846FEF741F8002306701A4621463E
:106430002846F2F791FC10B12046EDF7D5FD00207B
:10644000F8BD6FF08500704700207047F7F73CBE3D
:106450001FB5022001A9ECF723FA18B1002005B0FE
:106460005DF804FB019802A9F7F7D8FD0028F5D1E3
:106470009DF80830032B05D09DF80B00431E5842B1
:106480005841ECE70120EAE713B5022001A9ECF737
:1064900007FA58B901220198114600F09FFF0446FF
:1064A0000198FDF7F0FA204602B010BD6FF0040429
:1064B000F9E7203870470369C9B20C2201FB0233A7
:1064C000186C00F00700704770B5C9B20369EFF3AC
:1064D0001185402484F31288BFF36F8F0C2606FBCE
:1064E0000134246C14F0C00408D0A24206D085F315
:1064F0001188BFF36F8F4FF0FF3070BD71430B44B5
:1065000001221A6485F31188BFF36F8F43680B442F
:106510005B6898470020F0E78022FFF7D5BFF8B509
:10652000069F0469C9B2EFF31186402585F31288EE
:10653000BFF36F8F0C2569430C44256C05F0070CE5
:10654000BCF1010F0BD1276486F31188BFF36F8F65
:10655000C4E90E2343685B5898470020F8BD05F056
:10656000C005AF4286F31188BFF36F8F0CBF6FF089
:1065700077004FF0FF30F1E713B580240094FFF768
:10658000CEFF02B010BD10B40069CBB21C2403FBD7
:106590000400002110BC1047002000F04FBE104640
:1065A000F9F7B4BC0020704738B50C461546EFF734
:1065B00071FF28B129462046BDE83840F0F784B97C
:1065C0006FF00A0038BD70B5044600F0DCFF237B95
:1065D00005460BB100F056FE00266068F8F7D6FAC3
:1065E000A3685B1BA36063682B446360237B013655
:1065F0003BB9A368002BF0D1A068003818BF012078
:1066000070BD3046F7F7D4FC0028F2D0F4E738B577
:1066100005460C4600F0B1FF002D07DBA84205D966
:10662000401B84428CBF0020012038BD0020FCE7C5
:106630007FB50BAB059303930A9B02930023CDE92F
:10664000003301221846EBF7ADFE07B05DF804FBFE
:10665000F7B51C461646002382682360A3601369C1
:106660000D4601AA69469847019B5A1E01921BB923
:106670006FF0150003B0F0BD0098A268476821686C
:10668000676085B9B31AD0F800C0634528BF634678
:106690001A4403FB07112160A26002689A4206D8DF
:1066A00008300090E0E76B1AB3FBF7F3EBE700204C
:1066B000E0E713460022FFF7CBBF2DE9F0478368E0
:1066C00086B01B698846914601A902AA9847002412
:1066D000A2462546029BAB4202D806B0BDE8F08731
:1066E000019F07EBC50700267B6804933A68B24216
:1066F0000AEB060302D801359A46EBE703940593AB
:10670000494603A8C0470028E7D0049B01361C4433
:10671000ECE743685B68D3F810350B6000207047E6
:1067200043685B6802EA010021EA0201C3F8080538
:10673000C3F80C150020704743685B680020C3F85D
:106740000815704743685B680020C3F80C15704754
:1067500043685A68D2F8043521EA03000B40C2F8B6
:106760000805C2F80C350020704710B50369586859
:10677000F8B1884219D19C6808685860A14200D1DC
:106780009860002008602AB15A680A609A685960C7
:1067900002B99960002010E0814206D108682060AB
:1067A00098688142EDD19C60EBE7044600680028C0
:1067B000F2D1002AE8D16FF0150010BD00220121AE
:1067C0000320EDF70DB97FB50BAB059303930A9B3F
:1067D00002930023CDE9003301221846EBF7E2FDD6
:1067E00007B05DF804FB13B5002101AA044600F0D0
:1067F0000AF8002805DB019B226819791868F5F76B
:1068000075FA02B010BD30B543681360057A44686C
:1068100004EBC504A34202D36FF0010030BD5C79E4
:106820008C4201D00833F0E70020F7E743681B688B
:10683000D3F88004C3F88004704703691A681368AA
:106840000BB152681847704770B586B006690446A8
:106850000D461422002101A802F000FA02238DF84F
:10686000043033681B6C029333689B6C01A920468B
:10687000CDE90335FFF7E1FF06B070BD30B587B055
:1068800004460D461422002101A802F0E7F9042372
:106890000DEB030120468DF804300295FFF7CDFF84
:1068A00007B030BD10B586B004461422002101A8FF
:1068B00002F0D4F9052301A920468DF80430FFF732
:1068C000BCFF06B010BD30B503691C6843681B6887
:1068D000EFF31185402080F31288BFF36F8F206C97
:1068E000B0B1E06CB8B9042AC4E91312C3F8341586
:1068F000C3F8382505D8002085F31188BFF36F8FC2
:1069000030BDD3F8002242F02002C3F80022F2E7A3
:106910006FF00C00F0E76FF00F00EDE70369186807
:1069200020B101601B6800205A6070476FF085003D
:10693000704710B5426800691368006860B9D3F801
:10694000104164B1D26A12780A70C3F81001D3F80A
:10695000102101221A6010BD6FF08500FBE74FF097
:10696000FF30F8E738B503691D6843681C682B6C75
:106970001BB305F1080001F0BFFFEFF311824023C4
:1069800083F31288BFF36F8FEB6C53B1D4F80032EE
:1069900023F02003C4F800320023C4F84C31D4F8AB
:1069A0004C310123002085F8610085F86230636076
:1069B00082F31188BFF36F8F38BD6FF00D00FBE7D6
:1069C00010B503691968D1F8A420D1F8B040121BA2
:1069D00013D0082A28BF08224068C1F8AC201968E3
:1069E000006AC1F8A8001B68D3F8A010D3F8B03033
:1069F000194402F00BF9012010BD1046FCE70268B3
:106A00000346D2F8580140B95B68DB0706D4D2F8D8
:106A10002001003818BF012070470120704710B5D1
:106A200044682368C3F84415C3F848250022C3F816
:106A30002021D3F82011C3F85821D3F858216268D7
:106A400051070BD501698A6842F001048C609207F6
:106A500001BF426812680821C2F8001501229A603D
:106A600010BD10B543681B684FF48002C3F80423BF
:106A700004464068FFF7C3FF0B6818B9012283F88A
:106A8000B82010BD002283F8B8200B684FF0FF3209
:106A9000C3F8B4200B682046D3E92A12BDE81040A1
:106AA000FFF7BDBF37B5426B536812691B681068AA
:106AB000D3F808217AB10022C3F80821D3F80831AD
:106AC0004265D0E9162300240025CDE900450830B1
:106AD000FAF720FA06E0426D0132042A4265F0D14D
:106AE00001225A6003B030BD2DE9F04F43680769B9
:106AF0001D68D7F80080D5F80463D5F8083189B04F
:106B00000446DBB1710719D50022C5F80821416898
:106B1000D5F808310369D1F8009019684A651868FA
:106B2000D0E916234FF0000A4FF0000BCDE900AB7F
:106B30000830FAF7EFF90423C9F80833D5F82431FF
:106B40005BB3B20529D50021C5F82411D5F824314D
:106B50006368D3F800A0DAF88094142203A802F046
:106B60007DF8062319F0010F8DF80C3040F062819A
:106B700019F0020F40F0608119F0040F40F05E81BF
:106B800009F008038DF810302046CAF8809403A954
:106B9000FFF753FE2046FFF7E5FED5F81031002B36
:106BA00055D0F30653D54FF0000BC5F810B1D5F80A
:106BB0001031C5F810B1D5F810312369D3F8009021
:106BC0006368D3F800A009F1080001F095FE99F878
:106BD0006010D9F84830DAF83C2589F860B0C91A55
:106BE0001144594502DD2046FFF72EFED9F840102A
:106BF0002046FFF743FED9F84C30C9F84030D9F8A9
:106C00005030C9F844300023C9E91333C9F848307B
:106C100099F86130DBB1EFF31182402383F31288DE
:106C2000BFF36F8FD9F84030002B00F00981DAF8FC
:106C30004C3113B90123CAF80030DAF8003223F0DE
:106C40002003CAF8003282F31188BFF36F8F30033C
:106C50001FD5D5F84C31E3B1D5F81011C9B9C5F835
:106C60004C11142203A8D5F84C3101F0F7FF03238F
:106C70008DF80C3023691A68D2E9163213431FBF0E
:106C800063681B680422C3F8042303A92046FFF7A6
:106C9000D4FDB10348D5D5F84431002B44D0D5F804
:106CA00010A1BAF1000F3FD1C5F844A1D5F8443185
:106CB0002369D4F804B0D3F80090D9F8401021B17A
:106CC0002046FFF7DBFDC9F840A0002389F86130BA
:106CD00099F86220002A00F0B78089F86230636872
:106CE0001B680022C3F80821D3F80831DBF8043010
:106CF0005B0716D5EFF31181402383F31288BFF3AE
:106D00006F8F2269936823F00200906013F00103F3
:106D100002BF62681268C2F8003581F31188BFF3C0
:106D20006F8F2046FFF7BEFDF00519D5D5F820314D
:106D3000B3B163681B68EFF31182402181F31288BD
:106D4000BFF36F8FD3F8201131B10021C3F82011A8
:106D5000D3F820110121D96082F31188BFF36F8F1E
:106D6000710245D5D5F85831002B41D063682569AB
:106D7000D3F80090EFF31181402282F31288BFF321
:106D80006F8F2A685B68D2F8B4000028ACBFD2F8D5
:106D9000B460D9F84C655A070FD54FF48003C9F891
:106DA00008332269936823F00100906013F0020316
:106DB00002BF62681268C2F8003581F31188BFF320
:106DC0006F8F2B68D3F8A02092B193F8B8100029E8
:106DD0005ED0EFF31186402383F31288BFF36F8FE9
:106DE00029462046FFF73DFE86F31188BFF36F8FDB
:106DF0000837BFF35B8F57E8003F23F0040247E8F2
:106E000000210029F7D1BFF35B8F5B077DD5D8F850
:106E100044102046FFF718FD2046D8F84010FFF731
:106E20002DFD00232046C8E9103309B0BDE8F04F1E
:106E3000FFF738BD0123A5E60223A3E60423A1E65C
:106E40000123CAF80430FEE6DBF804305A077FF568
:106E500046AF62681368526AC3F834250522C3F846
:106E600038250122DA62D3F81021002AFBD0002154
:106E7000C3F81011D3F81021D3F84C212AB1C3F86C
:106E80004C11D3F84C21D3F83C2589F8602026E733
:106E9000D3F8A8108A4210D0D3F8AC10D3F8B020A1
:106EA000B14232442FD1C3F8B0202046FFF788FD0D
:106EB00000288ED12B68D3F8B0602868683001F0C4
:106EC0001BFD1422002103A801F0C8FE2B68D3F893
:106ED000A030CDE904362B68D3F8A4309E421CBF05
:106EE00001238DF80C304FF48003C9F808332A6869
:106EF0000023C2F8A0302A6803A9C2F8A4302046B3
:106F0000FFF79BFC74E71646D7E709B0BDE8F08FA2
:106F100038B54268036915681A68D2F8A01051B1F3
:106F2000002482F8B8401868683001F0E5FC0123BD
:106F3000EB60204638BD6FF00D00FBE7406BFFF7BC
:106F4000E7BF002201210420ECF74ABD0022012105
:106F50002320ECF745BD10B50B6813B91360184634
:106F600005E003685C681CB114600368186810BD14
:106F7000083303600B68013B0B60EDE77FB50BAB9B
:106F8000059303930A9B02930023CDE9003318462F
:106F9000EBF708FA07B05DF804FB03460A46006801
:106FA0001979012303FA01F103691B68194218BF1B
:106FB00082F0010212B18368DB68184783681B699D
:106FC000FBE710B5036804464BB19A683AB11869FB
:106FD00001F021F8206800210830FFF7DEFFA369E7
:106FE00033B9636004F11000BDE81040F8F78EBFBC
:106FF00010BD10B5006903688B4206D190F86C4053
:1070000034B9FFF7DEFF204610BD6FF01500FBE737
:107010006FF00F00F8E700F150039B009BB203F103
:10702000804303F5883300221A601B68704708B557
:10703000F5F774FD08BD10B500F0BDF84FF0FF3056
:107040004FF0FF31F5F71EFF044620B9D6F752FB8B
:107050000446F5F71FFF204610BD7FB50BAB059327
:1070600003930A9B02930023CDE9003301221846C3
:10707000EBF798F907B05DF804FB38B50B8A0D46BD
:1070800073B30B7EA3B1022B2AD14FF0FF304FF028
:10709000FF31F5F7F7FE044640B9E868E1F72CFB4D
:1070A0000446F5F7F7FEB4B1F6F71EF8204638BDF2
:1070B0004FF0FF304FF0FF31F5F7E4FE04460028B3
:1070C000F4D1E868F6F7CAF80446F5F7E3FE002CB9
:1070D000ECD1F6F709F82846ECF786FF0024E5E73F
:1070E0006FF01504E2E7F6F713B810B53122044645
:1070F000002101F0B3FD202323708023A3706FF0E3
:107100003F0363710423A3722823A3730223E37351
:107110000423A3756FF0080363766FF03C03A37636
:107120006FF00C03E3767E232377302384F820303E
:107130006FF03F0384F82130072384F822306FF08A
:10714000070384F82330012384F82430802384F853
:107150002630042384F82930402384F82D3010BDD4
:10716000002303604360037823F03D0343F03D03B5
:107170000370437823F0410343F0410343707047A9
:107180007FB50BAB059303930A9B02930023CDE9D4
:1071900000331846EBF706F907B05DF804FB01F180
:1071A0002003013813F8012D00F8012F8B42F9D18B
:1071B0007047F6F789BC70470021F6F73FBD90F89D
:1071C0004010012901D8F6F739BD122070476846F2
:1071D00020F007018D4601B5DEF734FAEBF7EEFF3C
:1071E000BDE801408546704708B54FF0FF314FF0CC
:1071F000FF30F5F747FEE4F722FEBDE80840F5F75B
:1072000049BE684620F007018D4601B5DEF7E6F974
:10721000BDE8014085467047684620F007018D466D
:1072200001B5DDF707FFEBF7C9FFBDE80140854673
:10723000704708B5E4F7E6FB002008BD012801D13E
:10724000DDF72ABC70477047DDF74CBA7FB50BAB52
:10725000059303930A9B02930023CDE90033012297
:107260001846EBF79FF807B05DF804FB08B5E0F7A8
:10727000DBFA30B1EFF305800338032894BF002018
:10728000012008BD70478068183820F007001038CA
:107290007047042809D0052803D1481E18BF0120D3
:1072A0007047431A5842584170470120704738B51B
:1072B00015460C4661B15AB1FCF744FC2544214601
:1072C00011F8013B834203D1A942F9D1012038BD15
:1072D0000020FCE738B50C4601231146224605463E
:1072E000FCF7D2FB00280FDB012221462846FFF7DE
:1072F000DEFF38B92378012B14BF0223012323704A
:10730000002038BD0323FAE70120FAE72DE9F7430F
:107310001D4606460F469046FCF70BFC6C1E0444C7
:1073200040420440082C1AD83046FCF70BFC2A4691
:1073300081464146684601F069FC621B49460DEBF7
:10734000050001F08BFC23466A4639463046FCF7BF
:10735000B0FB003818BF012003B0BDE8F0834FF048
:10736000FF30F9E707B501238DF8042001AAFFF7E4
:10737000CDFF03B05DF804FB81681839012221F0CC
:107380000701FFF7EFBF8268183A22F00702FFF704
:10739000A1BF13B50C46C0B201A9EBF781FA50B9F1
:1073A00021460198F6F73AFE04460198FCF76BFB7C
:1073B000204602B010BD0124FAE713B541EA0211DC
:1073C00004468DF80710FFF75EFF012301460DF11B
:1073D00007022046FFF79AFF02B010BDF7B50D1E59
:1073E00069460CBF17462F460446F6F717FE78B9D4
:1073F0009DF80060022E22D0032E0BD0012E24D146
:1074000035B19DF80330032B02D12046FFF7B4FFBE
:1074100003B0F0BD002DFBD12046F6F7DDFD0028BE
:10742000F6D157B12046FFF7A7FF0028F0D1002280
:1074300031462046FFF7C1FFEAE70226F7E735B9F4
:10744000A26829462046FCF749FB0320E0E7042018
:10745000DEE74FF08053D3F83001421C04BF4FF0F9
:10746000704393F8E00F831F58425841704700471C
:1074700000F0D1BDC00000F1804000F5F830C0F848
:107480001015C0F814257047F7F7AEBB036803F07A
:107490001F025B0902600CBF4FF0A0400020704744
:1074A000F7B5019001A8DDE9084716461D46FFF72C
:1074B000EDFF019BB6F1000C18BF4FF0010C00EB83
:1074C00083000B1E18BF0123002D43EA4C0314BF99
:1074D0004FF00C0C4FF0000C002C43EA0C0314BFCF
:1074E0004FF4E06C4FF0000C002F43EA0C03D0F88F
:1074F000002714BF4FF4403C4FF0000C43EA0C034C
:1075000022EA030301B109780EB1367876001943F7
:107510000DB12D78AD0031430CB1247824022943FC
:107520000FB13F783F040C433C43C0F8004703B021
:10753000F0BD1FB50DF10F03019300238DF80F105F
:1075400000931A461946FFF7ABFF05B05DF804FB40
:10755000024611F0010007D04FF0A041D1F82035CC
:107560001360C1F8203503B900207047F7F746B81B
:10757000F7F724B80846F7F711B84FF080531A69A7
:107580005869504370474FF08053186970474FF067
:10759000805358697047036803F01F025B0902605B
:1075A0000CBF4FF0A0400020704707B5019001A824
:1075B000FFF7F1FF019A01239340C0F8083503B0AB
:1075C0005DF804FB07B5019001A8FFF7E4FF019AFD
:1075D00001239340C0F80C3503B05DF804FB37B5C8
:1075E000D0F818358A69DBB28DF807300B6A934200
:1075F0003EBF4A699DF80740D4540B6A91F8245065
:107600000C695A1C0A62023335B1A3428C6938BF37
:107610000B619C4288BF8B610D699D4205D9CA6888
:10762000D35CC0F81C3501200AE08C699C4201D96A
:10763000CB7FF6E7AA42F6D3A2422CBF002001205E
:1076400003B030BD70B503460025C0F80851D3F82B
:1076500008310C46FFF7C3FF68B9887FFF2801D0C7
:10766000FFF7A3FF204665772572616850F8083B55
:10767000BDE87040184770BD91F820200346032AEA
:1076800029D8DFE802F0212519028A68500304D5C1
:10769000D3F84C250869904207D18A6852031AD45E
:1076A000D3F84C258969914215D000200622C3F8F1
:1076B0000005C3F800257047D3F84C2508699042AF
:1076C000F3D1D3F83C25EDE7D3F84C250969EAE777
:1076D000D3F83C25FAE70120704730B5A2F5807554
:1076E000AD080124AC400C4207D0815829B10021DB
:1076F000815082581A6822431A6030BD13B50023A6
:107700000C4601934FF4A47201ABFFF7E6FF21464C
:107710004FF48272FFF7E1FF21464FF49272FFF7B8
:10772000DCFF21464FF4A872FFF7D7FF21464FF444
:10773000A672FFF7D2FF21464FF4B072FFF7CDFFDC
:107740004FF4AE722146FFF7C8FF019802B010BD9A
:10775000036803F01F025B0902600CBF4FF0A040FA
:107760000020704707B5019001A8FFF7F1FF019ACB
:1077700001239340C0F8083503B05DF804FB0369AA
:10778000C26893429CBF81685B18013B981A70479E
:107790002DE9F041D0E902840546A8EB04064068D3
:1077A000964220440F46144404D901F02FFAEC60AD
:1077B000BDE8F0813246A4EB080401F027FA6868BE
:1077C0002246B919F1E72DE9F843C568064689460E
:1077D00017464FF000083369B46870689D4228BFAF
:1077E0001B19641BBC4203F1FF3328BF3C465B1BE3
:1077F0009C4228BF1C4649462844224601F006FA0E
:10780000B3682544AB4208BF00253F1BA044A144F8
:10781000F560E0D14046BDE8F883F7F7A9BF08B5A9
:10782000FFF7FBFF002008BD30B5026A0346D2E92E
:10783000014084424FF0000002D30123D36030BDE9
:107840001874506801305060186A4268541E02680B
:10785000242505FB042218465C1950F8045B42F805
:10786000045BA042F9D199600120E8E7F0B5064633
:1078700004460F4694460FCE8BB001AD0FC50FCE18
:107880000FC5216A33684A682B602068A56822B951
:107890000223CB6000200BB0F0BDFB0713D50B68B3
:1078A0002426013A06FB02337E0703D41A7C0AB170
:1078B0000F23EEE7224603F1240153F8046B42F84C
:1078C000046B8B42F9D1B90741BF226A536803F1B7
:1078D000FF335360AC4505D2236A002BDAD0042273
:1078E000DA60D7E77A0748BF20603B0701D4012060
:1078F000D1E706AB93E80700143484E80700F6E705
:1079000010B502601A44029B836001294FF0000306
:10791000C26003740375836101D8036210BD242221
:107920004A43243A841804628350026A8C1E94608D
:10793000026A5360026AD360026A1374026A0229FF
:1079400053741EBF036A24301860E7E7182871F1EA
:1079500000030ED3B0F5807F71F100030BD3B0F5B7
:10796000803F71F1000308D3002914BF09200520CE
:10797000704701207047022070470320704737B5D9
:1079800008294FF000044FF00005CDE900450A46F4
:107990000AD80146684601F039F9DDE9000103B073
:1079A000BDE83040FFF7D2BF002003B030BD034632
:1079B0000020884200D170471A5C002AFBD00130B9
:1079C000F7E700B1C1607047436803608368013323
:1079D0008360006AFFF7F5BF08B50268C3689A4282
:1079E00005D3006A0821FFF7ECFF002008BD012045
:1079F000FCE738B504460D46FFF7EEFF40B12368BB
:107A00001B78B5EB531F04D0206A0A21FFF7D9FF7A
:107A1000002038BD10B50446FFF7DEFF38B12368FB
:107A20001A78FF2A05D0206A0A21FFF7CAFF002032
:107A300010BD01332360FBE710B5027D044632B16F
:107A4000FFF7E8FF48B1002323754FF0FF322046CF
:107A50000721BDE81040FFF709BF10BD2DE9F84F21
:107A600004460E4691461D46FFF7B6FF804628B1F4
:107A7000A36843B90321206AFFF7A3FF4FF0000872
:107A80004046BDE8F88F2268177807F01F0BBBF15E
:107A90001F0F12D12DB3206A18B1037C0BB1152131
:107AA000EAE701232B7000252368636001352B442E
:107AB0002360A368013BA360E2E7BBF1170F14D971
:107AC000ABF11803D9B203290BD801259D40A94574
:107AD00009D3E36805F1010A5244934207D2082111
:107AE000C9E70721C7E70521C5E70025F1E74A46B1
:107AF0000021304601F0B2F815B986F800B0D2E79F
:107B00002268711E531913F8010901F8010F9A42F6
:107B1000F9D1236A002BC7D01B7C002BC4D00737B8
:107B2000FFB2022FC0D949463046FFF728FF8245F1
:107B3000BAD015219FE738B50C4611460546FFF728
:107B400058FF08B9002038BD04220023A118284698
:107B5000FFF784FF0028F5D02B682360F3E737B5E3
:107B6000002304468DF80330FFF743FFA8B1042239
:107B70000DF103030DEB02012046FFF76FFF60B12B
:107B80009DF8035065B901992046FFF74DFE50B9A5
:107B900063682360A3680133A360002003B030BD95
:107BA0006FF00F01F0E72575F8E738B504460D468C
:107BB000FFF7C1FF48B12268E3689B1A6A689A42DE
:107BC00004D908212046FFF7FFFE002038BD38B554
:107BD00004460D46FFF7E9FF18B123686A681344AD
:107BE000236038BD70B50D46002104461646FFF7E8
:107BF00000FF38B13246294620460023BDE87040D8
:107C0000FFF72CBF70BD0422FFF7ECBFFFF7FBBFEF
:107C10000222FFF7DCBF0322FFF7D9BF10B5052111
:107C20000446FFF79CFF50B1237D4BB9A3686FF06A
:107C30000042934205D305212046FFF7C5FE0020F0
:107C400010BD5B00A360FBE7037D23B98068B0FA39
:107C500080F0400970470368C268934205D21878E3
:107C6000A0F1FF0358425841704700207047FFF7CA
:107C7000E3BE70B50D4607210446FFF7BAFE48B1D2
:107C800023681E7806F01F06182E05D9206A0A21DF
:107C9000FFF797FE002070BD0023012229462046F1
:107CA000FFF7DCFE0028F5D0182EF4D12B781F2B1F
:107CB000F1D815212046FFF787FEEBE737B50C46D4
:107CC0000DF107010546FFF7D4FF58B19DF80730C5
:107CD000143BDBB2012B8DF8073006D90A21284668
:107CE000FFF772FE002003B030BD03F001032370E4
:107CF000F9E738B50D4606210446FFF77AFE08B9C4
:107D0000002038BD0023042229462046FFF7A6FEA6
:107D10000028F5D0A3680133A360F2E7F0B58FB077
:107D20000446FFF759FE00285DD023681D78002225
:107D30000023CDE902236D09234605AA04F120079B
:107D400018685968164603C60833BB423246F7D155
:107D500018683060062D1CD02A1F0023012A4FF01E
:107D600008028DF804300DEB020198BF01AB05A8A5
:107D7000FFF774FE0646002835D0042D3BD019D8F5
:107D8000023D012D21D9059B2360A368013BA3601F
:107D90002AE001A905A8FFF7ACFF20B3059B089ACC
:107DA000934204D30821206AFFF70BFE1BE01D78E5
:107DB0006D09CFE7052DE6D1DDE90232B3F1004FC1
:107DC00072F1000113D32946EDE7E3682168029AB6
:107DD0005B1A9A4203D8059B13440593D3E7082105
:107DE0002046FFF7F1FD002630460FB0F0BDDB184E
:107DF0005241CDE902329DF8045025B16FF00F02D7
:107E00000023CDE90223029B07938DF8285005A893
:107E1000FFF71AFF014638B1002DB4D005A8FFF7CF
:107E2000F9FD0028AFD1DEE705A8FFF777FF0028AE
:107E3000EDD1D8E7FFF764BD00B1C160704710B560
:107E40000368C468A34205D3006A0821FFF7F4FF62
:107E5000002010BD02F01F0242EA411119700368B0
:107E6000013303600120F4E770B505460E46104665
:107E700019461446FFF783FD2246431E3146284625
:107E8000BDE87040F7F746BDF8B51746C36802680D
:107E90009A4204460D4606D3206A0821FFF7CCFF1C
:107EA00000263046F8BD9B1A4A689A42F4D80E461E
:107EB00056F8043B53B104213046FFF760FD6A6871
:107EC00023681344E26803449A42E5D3324604230C
:107ED00039462046FFF7C8FF06460028E0D0206854
:107EE0002968884202D06A6800F09EFE23686A68AA
:107EF00013442360D5E7082A73B513460C4606D908
:107F0000006A0521FFF798FF002002B070BD8E18AF
:107F100016F9012C002A0FDA0A4669460C46B242CD
:107F200004D101212246FFF79FFFEEE712F8015B23
:107F3000ED4301F8015BF2E70021F3E713460A463F
:107F40000021FFF791BF07B5042201910DEB02015B
:107F5000FFF7D1FF03B05DF804FB07B504220191E0
:107F60000DEB0201FFF7EAFF03B05DF804FBFFF73A
:107F7000F4BF0222FFF788BF0322FFF785BF07B5D2
:107F8000CDE900126946FFF7F7FF03B05DF804FB87
:107F900038B50C46054611462046FFF708FD214638
:107FA00002462846BDE83840FFF7E9BF1F220421FA
:107FB000FFF745BF1F220521FFF741BF1F22072101
:107FC000FFF73DBFFFF7FABF10B50A460978183929
:107FD000072905D9BDE8104001230721FFF744BF59
:107FE000006A1521FFF728FF002010BD07B51431E6
:107FF0008DF807100DF10701FFF7E6FF03B05DF8FC
:1080000004FB1FB50024CDE90144069C0094FFF752
:1080100077FC04B010BD08B1ECF70EB8704770479C
:1080200040B1C368587810F001001EBF1878B0FA4C
:1080300080F0400970477FB50BAB059303930A9B13
:1080400002930023CDE9003301221846EAF7AAF98A
:1080500007B05DF804FB10B5D0E9003433B9002057
:10806000E268537843F00103537010BD20469847EF
:108070000028F4D00028B8BF4042E368FF28A8BF1A
:10808000FF201870ECE700F0E9BD00F0BFBD7047BD
:1080900010B400F10C04C0E9034410BCFBF772B843
:1080A0002DE9F04F89B0DDE9126705463B46914660
:1080B00006A83246059100F0CEFBDDE9063405F155
:1080C000140ACDE90234EFF311844FF0400888F32D
:1080D0001288BFF36F8F05F10C0B05994A462846AD
:1080E000FAF7DCFF30B184F31188BFF36F8F09B06A
:1080F000BDE8F08F3E43F6D0DDE9022306A800F08C
:10810000CEFBDDE906675A46CDE9006721465046B9
:10811000F8F708FBEFF3118488F31288BFF36F8F31
:10812000DBE738B50446EFF31185402383F312886B
:10813000BFF36F8FFAF769FF04F10C0000F018FB32
:1081400030B1294604F11400BDE83840F8F75ABBB5
:1081500085F31188BFF36F8F38BD4169836843EAA7
:10816000010212F003020FD1C2600269013A01FB61
:10817000023382689A4201D900207047C2681A60AF
:108180004269C3609B1AF4E76FF015007047F8B5B9
:1081900004460D46EFF31186402383F31288BFF3A4
:1081A0006F8FC7686FB900F0C0FA50B1C7674561FB
:1081B00000F046FA314604F10800BDE8F840F8F74F
:1081C00021BBE3682B60A369E560013BA36186F3F3
:1081D0001188BFF36F8FF8BD08B54024EFF311830A
:1081E00084F31288BFF36F8FFCF7B2F8F6E790F9CB
:1081F0000E308B4201D0F8F7C1BA00207047034619
:108200000020C3E90200C3E9003370472DE9F843B9
:10821000994604469DF820300D46904600F1080628
:10822000EFF31187402282F31288BFF36F8F03B1FF
:108230004568304600F079FA58B10023C367C0F8AA
:10824000148000F0FDF930463946F8F7DBFA0020DB
:108250000CE0B9F1000F1BD00821F8F7C3FE38B9C4
:1082600087F31188BFF36F8F6FF00B00BDE8F883C1
:108270000122C0F804800260016801F003015DB9C9
:1082800022680A430260626820606AB960600BE09D
:10829000C8F800904046EFE72A68032A10D801602A
:1082A000616839B9C4E90000042104F1100000F04C
:1082B00085FBC8E70A6802F0030202430A60E5E7AB
:1082C00022F003020A4302602A6802F0030240EA35
:1082D00002032B60E8E710B5044630B1026893074B
:1082E00003D0446809B100F096FB204610BD00237E
:1082F000C0E9003300F10803C0E9023300F11003C4
:10830000C0E90433704707B50123009300230A46F0
:108310001946FFF77BFF03B05DF804FB07B50023A8
:108320000A4600931946FFF771FF03B05DF804FB9E
:1083300000680021FFF7CFBF5AB18A4209D300F18C
:108340001003C0E90212C0E90000C0E904330020B4
:1083500070476FF015007047026801238B4022EAD6
:108360000303036022FA01F000F001007047704738
:1083700010B5032104460C30FFF7EEFF30B104F1D5
:10838000100000F04DFAB0FA80F0400910BD20B1A5
:1083900000221146883000F021BA704770B5C368DA
:1083A000C3F340069B07044616D4856802210C30AF
:1083B000FFF7D2FF80B1D5F880206AB194421DD179
:1083C00022689EB9D5F88430C5F880209C4201D13E
:1083D000C5F8842000232360E36813F01F001EBF4C
:1083E00043F00203E36040F0020070BD3260D5F854
:1083F0008420944208BFC5F88460EBE716461268F3
:10840000DBE773B50446EFF31185402383F312884D
:10841000BFF36F8F0023A0F11006032104380193EE
:10842000FFF79AFF28B1A369019301A93046F7F736
:10843000B3FE85F31188BFF36F8F02B070BD38B5FE
:1084400004460D461022002100F008FC656038BD8E
:10845000EFF31183402282F31288BFF36F8FC0685D
:1084600000F01F0083F31188BFF36F8F704713B5BF
:1084700001900846EFF31184402383F31288BFF381
:108480006F8F01A9F7F788FE84F31188BFF36F8F10
:1084900002B010BD10B5FFF7EAFF041E08DDEFF3D0
:1084A0001180402383F31288BFF36F8FF8F7DAF956
:1084B000204610BD70B50D46EFF31186402383F3BF
:1084C0001288BFF36F8FF7F7C1FE044686F3118859
:1084D000BFF36F8F38B14FF0FF324FF0FF3305F12C
:1084E0001000F7F737FD204670BD10B5EFF311848B
:1084F000402383F31288BFF36F8FFFF74FFF84F39E
:108500001188BFF36F8F10BD08B5A022002100F0C5
:10851000A5FB08BD38B5302204460D46002100F009
:108520009DFB4FF480736560E36038BD38B5044649
:10853000EFF31185402383F31288BFF36F8FFFF7AA
:1085400017FF2046FFF72AFF85F31188BFF36F8FCF
:1085500038BDF8B504460D46EFF31186402383F38A
:108560001288BFF36F8FC36803F01F03002B14BF83
:108570000127002705D186F31188BFF36F8F384696
:10858000F8BDFFF7F5FE2046FFF708FF2946204615
:10859000F7F7E4FD86F31188BFF36F8F0028EED064
:1085A0004FF0FF324FF0FF3305F10800F7F7D2FC30
:1085B000E5E7EFF30580003818BF012070476FF042
:1085C0005700704700207047F8F72EB9D0E9003205
:1085D00013605A600023C0E90033704708B5FFF705
:1085E000F5FF437B23F0020343730023836008BD40
:1085F00038B504460D46F7F79FFF637B43F002034F
:108600006373E5B1A5602B689D4209D16B68C4E92D
:1086100000531C606C6012E06A689A42F6D01B68D6
:10862000002BF3D094F90E2093F90E108A42F3D068
:108630009142F1DD5A68C4E9003214605C6038BDD3
:1086400010B5EFF31184402383F31288BFF36F8FCB
:10865000F7F78AFF84F31188BFF36F8F10BD10B551
:108660000446183000F0DCF8EFF31181402383F367
:108670001288BFF36F8F627B12F0100204D081F377
:108680001188BFF36F8F10BD2046BDE81040F7F78B
:108690009FBF08B5EFF31181402282F31288BFF328
:1086A0006F8F83680BB1FFF799FF81F31188BFF3D8
:1086B0006F8F08BD38B50446EFF31185402383F36F
:1086C0001288BFF36F8F437B13F0280F0BD18368A1
:1086D0000BB1FFF783FF637B51B903F0FB036373B7
:1086E0002046F7F741FF85F31188BFF36F8F38BD40
:1086F00003F0EB03F3E701211838FFF7DBBF08B500
:108700000346EFF31181402282F31288BFF36F8F8B
:108710000068834207D008B1FFF760FF81F311883A
:10872000BFF36F8F08BD0020F8E738B5EFF3118570
:10873000402383F31288BFF36F8F0468A0420DD0EB
:1087400034B12046FFF74AFF04F1180000F068F842
:1087500085F31188BFF36F8F204638BD0024F7E7FB
:1087600010B5FFF796FFBDE81040183000F058B87C
:1087700038B504680546AC424FF0000000D138BD62
:10878000002CFCD02046FFF7EBFF2046FFF758FFF8
:108790002C680120A542F1E7EFF31181402282F31A
:1087A0001288BFF36F8F027BD2070CD581F311883B
:1087B000BFF36F8F002383F31188BFF36F8F042300
:1087C000184602DF7047437B1B0704D581F31188ED
:1087D000BFF36F8F70470122F7F7FABE38B5EFF39A
:1087E0001185402383F31288BFF36F8F0468A04282
:1087F00012D09CB1E16762612046FFF7EFFE04F101
:10880000180000F00DF82046F7F7AEFE012085F3C2
:108810001188BFF36F8F38BD0020F8E72046F6E7D8
:1088200010B5EFF31184402282F31288BFF36F8FEB
:1088300003683BB1F8F7C8F9002084F31188BFF34F
:108840006F8F10BD6FF01500F7E708B5F8F7DAFA8B
:1088500008BDF8F7D7BAB3F1FF3F08BFB2F1FF3F49
:1088600070B504461D46164613D01A4315D06FF056
:108870000102921B4FF0FF3363EB0501002904DA7C
:10888000F8F7C0FA821941EB0501C4E9002120463E
:1088900070BD4FF0FF321146F7E70022FBE7B3F15E
:1088A000FF3F08BFB2F1FF3FF8B5074616461C462A
:1088B00010D054EA020311D0F8F7A4FAB0420A46E5
:1088C000A14103460AD2F31A64EB0204C7E900345B
:1088D0003846F8BD4FF0FF331C46F7E70023FBE7AF
:1088E0000023C0E9081200F11802C0E90622C0E91D
:1088F000003303634363704710B50446FFF790FFEE
:10890000A8B9636A0BB12046984704F11800FFF735
:10891000F6FE60B1FFF794FEEFF31180402383F37E
:108920001288BFF36F8FBDE81040F7F79BBF10BDF3
:108930002DE9F041846805460E46ECB16378012BC1
:1089400025D114F8533C9A0714D5A4F16007384692
:10895000FFF706FF082E0CBF6FF003030023E3614F
:1089600014F8533CDB0605D154F8483C13B938469B
:10897000FFF766FE00232370EB68C3F386321643CD
:10898000002066F39433A860EB60BDE8F081022B11
:10899000F0D12378002BEDD054F8048CB8F1000FFF
:1089A000E8D004F11400FFF73BFFA4F11407002303
:1089B000E36239464046FFF75AFDDBE710B5034650
:1089C000EFF31184402282F31288BFF36F8F0068A7
:1089D000834208D0D0E9003213605A600023C0E916
:1089E0000033FFF7A5FF84F31188BFF36F8F10BD2D
:1089F0000432D3B5044608D200260027CDE900672B
:108A000041F00401FFF74CFB10B9002002B0D0BDCB
:108A100040F8044BFAE720B1011F50F8040CFFF7AF
:108A200080BB704710B501390244904201D100204B
:108A300005E0037811F8014FA34201D0181B10BDC7
:108A40000130F2E710B5044614F8013BA3F14102EE
:108A5000192A11F8012BA2F1410098BF20331928DF
:108A600003D82032981AEFD010BD981AFCD1002AF2
:108A7000EAD1F9E730B50A440546914201D1002018
:108A80000FE015F8013B11F8014BA3F14100192843
:108A9000A4F1410098BF2033192803D82034181BB3
:108AA000EBD030BD181BFCD1002CE6D1F9E710B596
:108AB0006AB10139841810F8012B11F8013F9A426C
:108AC00003D1A04201D0002AF5D1D01A10BD104622
:108AD000FCE70A7870B56AB970BD9A4209D10C46B4
:108AE000054614F8013F002BF6D015F8016F9E42A1
:108AF000F7D001300378002BEFD11846ECE7F0B542
:108B0000C3F137070446FFB203F01F031046082BDA
:108B1000E6B233D0102B3ED06508A40844EA817435
:108B200045EAC1752D194FEA910242EB510229091C
:108B300041EA02716D1842EB1212290A41EA026100
:108B40006D1842EB1222290C41EA02416D1842EBEA
:108B50001242AD1842F10002EC0844EA4274D10816
:108B600004EB8402A6EB4205EDB2092D0CD90134C9
:108B7000A5F10A0541F10001EDB212E0E40844EA72
:108B8000417406F00705C908303554EA010200F8BF
:108B9000015BBCD1F0BD240944EA017406F00F0565
:108BA0000909092D84BFED19EDB2EDE7C0F3C753F4
:108BB00000280246A3F17F0104DA1E290BDD4FF0E5
:108BC000004070471E291EDC0120002906DA013111
:108BD00018BF002070474FF0FF30F6E71629D8BFC6
:108BE0004FF48003C2F31602D8BF0B4142F40002D7
:108BF000CDBF963B9B18C1F1170102FA03F3D8BF12
:108C0000CB40584370476FF0004070470A44914290
:108C100000F1FF3300D1704710B511F8014B03F894
:108C2000014F9142F9D110BD884210B501EB020409
:108C300002D98442234607D8431EA14208D011F826
:108C4000012B03F8012FF8E7024401468A4200D1C4
:108C500010BD13F8014D02F8014DF7E70244034639
:108C6000934200D1704703F8011BF9E7D1E90432C0
:108C700093421EBF5A1C0A61187070470148006871
:108C8000704700002C3600207CF4FD7F01000000BE
:108C90002140020000000000A9AE0200608D030028
:108CA0001F780300000000009DFC0200000000008F
:108CB000C1FC020000000000FDB60200748D03003C
:108CC00071B10200000000009DDC02000000000005
:108CD0003372030000000000A56503009C8D0300B3
:108CE00095B30200888D03008DBE0200B08D030095
:108CF00091CC020000000000355802000000000086
:108D00004739030000000000153E0200000000008B
:108D100071DD020000000000E5FF0200000000001D
:108D2000F1C20200008E0300DDB40200C48D030016
:108D3000B1BA0200D88D0300F1CE0200148E0300F8
:108D4000F1C20200EC8D03000D590200000000008A
:108D50004D400200000000007D53020000000000B2
:108D6000C5DE0300849A03009C9A0300C50C002012
:108D7000143B00208BDF0300E49A0300FC9A0300FD
:108D8000CD0C0020DC3B0020EEDE030000000000E4
:108D9000B89A0300C70C0020683B0020FEDE0300E9
:108DA00000000000C09A0300C90C00200000000071
:108DB00023E10300809B0300CC9B0300D10C002027
:108DC0002C0B002067DF030000000000C89A03009E
:108DD000CB0C002000000000E1E00300209B03001A
:108DE000689B0300CF0C0020E83B0020FDE203005D
:108DF000F09B0300A09C0300D30C00203C0B002040
:108E00000AE30300489C0300A09C0300D50C00204B
:108E1000AC0B002058E4030000000000A89C0300F5
:108E2000D70C0020283C0020497203006F74030017
:108E3000000000003B430300B08D0300E96A03001B
:108E4000A1F402006F74030041EF02006F7403008D
:108E5000000000003B43030015EA02006F740300AA
:108E6000000000003B430300000000003B43030000
:108E7000000000003B430300000000003B430300F0
:108E8000000000003B430300000000003B430300E0
:108E9000683B002005B40200000000003B430300D3
:108EA000000000003B430300000000003B430300C0
:108EB0000000000021CD0200000000003B43030041
:108EC000000000003B430300000000003B430300A0
:108ED000000000003B430300000000003B43030090
:108EE000000000003B430300000000003B43030080
:108EF0000000000005DD0200000000003B4303000D
:108F0000000000003B430300000000003B4303005F
:108F1000000000003B430300000000003B4303004F
:108F2000000000003B430300000000003B4303003F
:108F3000000000003B430300000000003B4303002F
:108F400051EF02006F740300000000003B43030078
:108F5000000000003B430300000000003B4303000F
:108F600005000000718C02000000000006000000F7
:108F7000F5AD02000000000004000000C1930200F3
:108F80000000000005580200055602000000000025
:108F900000000000000000000000000000000000D1
:108FA00065FE010071FF01000000000000000000EC
:108FB00000000000000000000000000024990300F1
:108FC00008000000C4990300070000007495030026
:108FD000060000002897030004000000DEC4030020
:108FE00002000000C0D70300020000000FDE0300F3
:108FF0000200000089CF0300020000009EDA030097
:109000000200000090CF03000200000091DE030088
:1090100001000000E1D503000200000031D7030089
:109020000200000021DC030002000000CEC50300A6
:109030000200000075E4030002000000D4E4030015
:109040000200000063E4030002000000BEDE030033
:109050000200000089C2030002000000E0DE0300FD
:109060000200000036B403000300000035E30300F3
:109070000200000010C503000200000081DF0300B1
:10908000020000002EE503000200000065C303009B
:109090000200000099DF030002000000EEE0030080
:1090A000020000006CC303000200000070C3030054
:1090B0000200000050E50300020000005ACE030049
:1090C000020000009ACE030002000000B3CE0300AD
:1090D00002000000FEE4030002000000C1CA030019
:1090E000020000001DCB03000200000025CB03009E
:1090F000020000005DE6030002000000BCA50300C2
:109100000200000034CB03000200000017E303005C
:109110000200000031E10300020000004895030056
:10912000B435002015C40300010000008ADE0300EE
:10913000000000004B5D0300000000000000000084
:1091400006A603000000000079E001000000000016
:10915000F5E0010071C2030000000000ADF901005C
:109160000000000059F90100DD4D0200F951020034
:109170006D560200FFFFFFFFFFFFFFFFFFFFFFFF36
:109180008E4600208C4600208A4600209C3200201B
:1091900098320020943200200400000002000000F9
:1091A000020000000000000001000000A00000001C
:1091B000F0000000000000000000000000000001BE
:1091C0000000000200000004000000080000001081
:1091D0000000002000000040000000800000001B94
:1091E0000000003660E6030000010000F401FA0010
:1091F000960064004B0032001E0014000A000500B7
:109200000200010001000100000101000001000155
:10921000000001000100000001000B0002000A0034
:10922000050009000A000800140007001E000600DF
:10923000320005004B0004006400030096000200A9
:10924000FA000100F40100000C0802170D010102F0
:10925000090901010602091818030101090903039C
:1092600005030201230202240910040405050B0B67
:10927000040B2B1B1B151A1A1C021D161305014982
:109280000D150500A301B103BF05EF024906A309AF
:10929000C505F50B25120E021C045A03B406300650
:1092A000600C0000010000001011004000000000F0
:1092B0000000000000000000000000000406080A92
:1092C0000C0E10121416181C1E20222426282A2CDC
:1092D0002E30323436383A3C3E40424446484A4CBE
:1092E0004E021A5000000000280000001800000084
:1092F00000000000141E00003011000000002CA629
:10930000E0A100003408E80300000000701700002E
:10931000A00F00000000DC05E803000000000000D2
:10932000141E00003011000000010302D8ECF0F41C
:10933000F8FC000203040506070800000000000016
:10934000000000000000000000000000000001011B
:1093500001010202020203030303040404040505DD
:1093600005050606060809000000000000000000D0
:1093700000000000000000000000000101010102E7
:1093800002020203030303040404040505050506A1
:10939000060708090A0B0C0D060808010206001052
:1093A0000200FA00000000004BBE010057BE0100A1
:1093B0005BBE010063BE010067BE0100060009003C
:1093C00000002A00060006000000900106000600CA
:1093D00000009001000000000000000000000000FC
:1093E0000338FDD870470000748D0300130000009F
:1093F000748D03001800010000410000000000000F
:10940000000000000000000001420000030A00000C
:10941000000000000000000002430000E509000019
:1094200044110000F8FFFFFF034400000DFFFFFFA1
:10943000CC100000000000000445000020000000E7
:10944000B6FFFFFFEC050000054600001C0A000007
:1094500089000000E80500000647000095090000AB
:1094600086110000EB050000074800000BFFFFFF1E
:10947000C2100000EE050000F5A703008565452534
:10948000F9A7030065452505FCA703004525050050
:10949000FFA7030005000000AEB803002202080E7B
:1094A0003C001A3152001A339A001A351D011A373E
:1094B0006B003B31BE003B335E013B3596023B37D0
:1094C00007A9022570889B88070400090805400841
:1094D00009104008080540081D0400081D04000884
:1094E000405C0000A05C0400C06C0800805C0400CC
:1094F000E03F1E00E07D1E0001010000BD0C0020C9
:1095000007100000AD0C0020FF060000BF0C00207B
:109510001D3A0300000000000000000000000000F1
:1095200000000000F5C30300FDC3030000000000BD
:10953000000000000000000005C4030009C403008F
:109540000DC4030011C40300CD2702000000000079
:10955000F1270200B527020000000000C127020029
:109560000000000025280200BC3500205C490020D6
:1095700001000000369E0300955F0300000000001C
:10958000BDC5030000000100329E03001D61030001
:1095900000000000D4090020000001009BC503006A
:1095A00000000000000000000000000000000100BA
:1095B0002E9E0300E75F030065A40200B0090020AF
:1095C000000003002A9E03001D610300000000004C
:1095D000A80900200000010079C503000000000078
:1095E000692F0200000000000000030007000000D7
:1095F000000000000000000000C00000C48D030057
:109600000100000000C0000000020000C48D030043
:109610000200000000C0000000A00300C48D030091
:109620000300000000C20000007E0300C48D0300A0
:109630000400000000C20000009E0300C48D03006F
:10964000050000000040040000200000C48D03005D
:10965000060000000060040000A00300C48D0300A9
:10966000C00400200000000000000B060200000003
:1096700074960300000000000ECB030024000202D9
:109680000000002016CB03001E000B11A13E0200BB
:1096900000000000DF430300954A0200794C0200FD
:1096A00000000000DD4F020000000000000000008C
:1096B00000000000000000000000000000000000AA
:1096C00000000000614F020019530200195302000C
:1096D000000000000000000000000000000000008A
:1096E000000000000000000000000000000000007A
:1096F0000000000001530200B95202000000000007
:109700000000000000000000055202000000000000
:109710008C9603001C9703000006000050BF002039
:10972000A8CE030000000000429E0300955F0300E6
:109730000000000033CF0300000001003E9E030044
:109740001D61030000000000580A00200000010015
:1097500011CF0300000000002555020000000000AA
:10976000000002003A9E0300E75F030065A40200C8
:10977000340A0020000003008C9603008497030045
:10978000FB010000D0D700208C96030094970300C3
:109790002E0000003CE000208C960300A4970300FC
:1097A000020100001CE100200E0300000D71020008
:1097B0000F040000DD7002001A010000E95A0200E7
:1097C00005040000295A0200130100008560020010
:1097D000FF010000F95D02003E010000D95D0200BA
:1097E00005040000815B020010010000155B02000F
:1097F00001120000617002000A1E0000B34C030059
:109800000309000079610200040B00004D5E0200B4
:10981000060A000079650200070A0000455B0200A5
:109820000C050000FD6202008C96030034980300D2
:10983000020100003CE200201DDA03002ADA0300E6
:109840004ADA03003EDA030055DA03006CDA03005B
:109850007CDA03009EDD030090DA03008C9603009F
:10986000689803000000000098E500208C96030033
:1098700078980300FB010000C0E50020AF52030010
:10988000CF520300000000000000000000000000B4
:109890009D8E02000000000000000000000000009B
:1098A0000000000002020100635B030004040100E9
:1098B000119F020006060100519E020008040100EB
:1098C000599D02000A0201004B5B03000C040100D9
:1098D000335B03000E0401002D9C020020040100F4
:1098E000919B020010040100A19A020012020100E3
:1098F000E75A030016040100C154030018010100D7
:10990000195803001E000400055C03005202000009
:109910000D5B03008C96030020990300FD010000FD
:1099200094F20020729E0300955F03000000000087
:109930006E9E0300000001006A9E03001D6103008B
:1099400000000000E80A002000000100629E030001
:109950000000000000000000000000000000000007
:109960005E9E0300E75F030065A40200F00A00208A
:10997000000003005A9E03001D6103000000000068
:10998000E00A002000000100529E0300535F030024
:109990002F60030000000000000003004E9E030043
:1099A0001D61030000000000D80A00200000010033
:1099B000469E03007DA7020000000000000000009A
:1099C000000001009E9E0300955F03000000000060
:1099D0009A9E030000000100969E03001D61030093
:1099E00000000000240B0020000001008E9E0300F8
:1099F000175F0300000000000000000000000100ED
:109A00008A9E03001D610300000000001C0B002063
:109A100000000100829E0300DD5E030000000000E4
:109A200000000000000001007E9E03001D61030095
:109A300000000000140B002000000100769E0300CF
:109A4000A75E03000000000000000000000001000D
:109A50000000000000000000000000000000000006
:109A600000000000FB630300000000000000000095
:109A7000000000000000000065AE020035AE0200EC
:109A800000000000E1AF020061AF0200D4DE03007D
:109A90003DAF020099650300DADE030001AF02006A
:109AA000196503007965030000000000B764030036
:109AB00000000000000000003DB3020095B202006B
:109AC000A96503000000000091B4020045B6020041
:109AD00009B5020089B4020079B402000400000054
:109AE00000FF0000FFFFFFFF00000050000000002B
:109AF00000000000006000400000000081B702008C
:109B000013670300216703003967030045670300FB
:109B100051670300FDB802006B67030000000000FE
:109B200000300040000000000000000000000000C5
:109B3000000040060000010110000000BD670300A6
:109B40004C9B0300034A0020FF000000003000404F
:109B5000589B030001000000609B0300020000000E
:109B60001D06000C1C06000BF1B9020000000000ED
:109B70002DBB0200000000000000000041BA0200FE
:109B8000002000400500000000000000B09B030022
:109B9000000040070000000000000000000000007E
:109BA0001A4A0020154A0020144A0020134A0020B7
:109BB00000200040BC9B030001000000C49B030088
:109BC00002000000050000000B0000011D690300F9
:109BD000A9C00200116F03005DC10200C768030045
:109BE0006569030033690300D9BF02002D680300D3
:109BF0000030024001000000000000FF00FF0000F4
:109C00000000000000000001010000004D6F030093
:109C1000209C0300FFFFFFFF000000000000000089
:109C2000003002402C9C030001000000349C030023
:109C300003000000100000041400000512000006DC
:109C4000748D03001100010000400040000000007E
:109C5000000000FF00FF0000000000000000000105
:109C600001000000436F0300789C0300FFFFFFFF2B
:109C7000000000000000000000400040849C030041
:109C8000010000008C9C030003000000040000049D
:109C90000600000507000006748D030003000000A5
:109CA0004DC50200F36F0300D1CF020037700300EF
:109CB0007B70030002000000060000000EE60300B7
:109CC0001CE6030030E603003FE603004BE603001A
:109CD000908C0300908C0300F08C0300008D030037
:109CE000508D0300608D0300512563FCC2CAB9F397
:109CF000849E17A7ADFAE6BCFFFFFFFFFFFFFFFF43
:109D000000000000FFFFFFFFAAAAAAAAAAAAAAAA07
:109D1000AAAAAAAA5555555555555555555555559F
:109D20000000000055555555522563FCC2CAB9F3D1
:109D3000849E17A7ADFAE6BCFFFFFFFFFFFFFFFF02
:109D400000000000FFFFFFFF512563FCC2CAB9F30A
:109D5000849E17A7ADFAE6BCFFFFFFFFFFFFFFFFE2
:109D600000000000FFFFFFFF96C298D84539A1F41C
:109D7000A033EB2D817D0377F240A463E5E6BCF8C8
:109D800047422CE1F2D1176BF551BF376840B6CB93
:109D9000CE5E316B5733CE2B169E0F7C4AEBE78E8F
:109DA0009B7F1AFEE242E34F4B60D2273E3CCE3B04
:109DB000F6B053CCB0061D65BC86987655BDEBB3A6
:109DC000E7933AAAD835C65AFCFFFFFFFFFFFFFF13
:109DD000FFFFFFFF00000000000000000000000087
:109DE00001000000FFFFFFFF000098599859EA5159
:109DF0008E421E45142E0080EA51F4283233E03A98
:109E0000703DE03AC235842BC2353233C235C2359B
:109E1000AE47E03A5038A230503887008D000A0033
:109E200016000100060001000200000003280000E7
:109E30000229000003280000002800000229000079
:109E400003280000002800002A2B00002A2B000015
:109E500003280000292B0000292B00000328000004
:109E600002290000052A0000052A0000032800003E
:109E70000118000000280000042A0000042A000045
:109E800003280000012A0000012A00000328000026
:109E9000002A0000002A000003280000001800002B
:109EA000002877C295F360D2EF7F3552500F2CB661
:109EB000798049444C45004D4355626F6F7420636F
:109EC0006F6E6669726D2072633D25640A004D43B2
:109ED00055626F6F7420636F6E6669726D20666184
:109EE000696C65642C20636F6E74696E75696E674A
:109EF0003A2025640A0054616720626C7565204C25
:109F00004544204750494F206E6F7420726561644C
:109F1000790A0054616720626C7565204C454420C5
:109F2000636F6E666967757265206661696C6564EA
:109F30003A2025640A0042696F53707572205541BA
:109F40005254206C696E6B20696E69742066616979
:109F50006C65643A2025640A0054616720424C45D0
:109F600020696E6974206661696C65642C20636F7A
:109F70006E74696E75696E672077697468205557CD
:109F800042206F6E6C793A2025640A005461672084
:109F900054444D412072756E74696D6520636F6E17
:109FA0006669673A20736C6F743D25752F2575209F
:109FB000706572696F643D257520616374697665AB
:109FC0003D257520736F757263653D25752065703D
:109FD0006F63685F76616C69643D25752067656EA7
:109FE0003D25750A005461672054444D4120727527
:109FF0006E74696D6520636F6E666967206469734E
:10A0000061626C65640A00546167205557422062A2
:10A0100072696E677570207374617274696E670A15
:10A020000054616720555742206272696E677570EF
:10A03000206661696C65643A2025640A0054616792
:10A0400020555742206272696E67757020646F6E8A
:10A05000650A007461672D667573696F6E2D6C6992
:10A060006E6B2D763200546167206669726D776180
:10A070007265206D61726B65723A2025730A005417
:10A080006167206170702072656164792062733D40
:10A09000425325303458206C6F676963616C5F747C
:10A0A00061673D257520616E63686F725F636F75D0
:10A0B0006E743D25752074646D613D257520736C4B
:10A0C0006F743D25752F257520706572696F643D2D
:10A0D0002575206163746976653D257520736C6F05
:10A0E000745F7372633D2575206D6F64653D2573E4
:10A0F00020706D6F64653D257520616E63686F72B9
:10A100005F706C616E3D64796E616D696320666934
:10A110006C7465723D2573206D6561735F73746443
:10A120003D257520726573696475616C5F6761694F
:10A130006E3D25752070726F635F616363656C3D72
:10A14000257520696E69745F706F733D2575206990
:10A150006E69745F76656C3D257520676174653D39
:10A160002575206D6F74696F6E5F6D6561733D2538
:10A1700075206D6F74696F6E5F70726F633D2575CA
:10A18000206D6F74696F6E5F676174653D25752022
:10A1900073706565645F7468723D257520696D75BF
:10A1A0005F64656C74613D257520696D755F6765D9
:10A1B00072723D25752072616E67655F736F66749C
:10A1C0003D25752072616E67655F686172643D252B
:10A1D00075206D6F74696F6E5F736F66743D257562
:10A1E000206D6F74696F6E5F686172643D25750ADA
:10A1F00000726177005461672061707020616E6346
:10A20000686F72733D5B25752C25752C25752C2583
:10A21000752C25752C25752C25752C25755D2061D3
:10A2200063746976653D5B25752C25752C25752C29
:10A2300025755D207374616E6462793D5B25752CB4
:10A2400025755D20726573657276653D5B25752C9D
:10A2500025755D20726566726573683D25752F25CD
:10A26000752066756C6C3D2575206D6F74696F6E19
:10A270005F66756C6C3D25750A00546167206170DE
:10A28000702068616E646F66663A20656E746572F0
:10A29000696E672053532D5457520A0073735F74CD
:10A2A00077725F696E69745F73746172745F7769E6
:10A2B00074685F636F6E666967206661696C656468
:10A2C0003A2025640A000307020600010405000184
:10A2D00002030405060744574D3130303143206DE9
:10A2E000696E696D616C20636865636B207374616E
:10A2F00072740A007577625F706F72745F696E695D
:10A3000074206661696C65643A2025640A0075777B
:10A31000625F706F72745F68775F726573657420D7
:10A320006661696C65643A2025640A007577625F2E
:10A33000706F72745F726561645F6465765F696493
:10A34000206661696C65643A2025640A00445731CF
:10A35000303030204445565F49443A20307825302B
:10A3600038780A00556E65787065637465642044BA
:10A3700045565F49442C20776972696E672F5350A8
:10A38000492F7265736574206C696B656C792077F1
:10A39000726F6E670A0044574D313030314320539D
:10A3A000504920636865636B204F4B0A00757762E4
:10A3B0005F706F72745F7365745F7370695F736CE5
:10A3C0006F77206661696C65643A2025640A0064D1
:10A3D00077745F696E697469616C69736520666121
:10A3E000696C65640A007577625F706F72745F7381
:10A3F00065745F7370695F66617374206661696C10
:10A4000065643A2025640A006477745F696E697434
:10A4100069616C697365204F4B0A007577625F73E1
:10A4200070695F7472616E73666572206661696CD3
:10A4300065643A202564206C656E3D25750A0075BB
:10A4400077625F706F72745F696E69743A207374BB
:10A450006172740A007577625F706F72745F696E03
:10A4600069743A2073706920627573206E6F74206E
:10A4700072656164790A007577625F706F72745FEC
:10A48000696E69743A206770696F206E6F7420720C
:10A49000656164790A007577625F706F72745F69D5
:10A4A0006E69743A2069727120636F6E66696775B0
:10A4B0007265206661696C65642025640A007577A1
:10A4C000625F706F72745F696E69743A206972714D
:10A4D00020636F6E666967757265640A00757762DE
:10A4E0005F706F72745F696E69743A20726573652C
:10A4F0007420636F6E666967757265206661696C4A
:10A5000065642025640A007577625F706F72745FFE
:10A51000696E69743A20726573657420636F6E6644
:10A520006967757265640A007577625F706F72742F
:10A530005F696E69743A20646F6E650A00757762B0
:10A540005F706F72745F68775F72657365743A20CD
:10A5500073746172740A007577625F706F72745FF2
:10A5600068775F72657365743A20616374697665B4
:10A57000206661696C65642025640A007577625FF6
:10A58000706F72745F68775F72657365743A206983
:10A590006E616374697665206661696C6564202507
:10A5A000640A007577625F706F72745F68775F72BC
:10A5B000657365743A20646F6E650A007365747420
:10A5C000696E67730064656661756C747300416ED3
:10A5D00063686F72206C61796F7574207365747431
:10A5E000696E677320696E6974206661696C656461
:10A5F0003A2025643B207573696E67206465666147
:10A60000756C74730A00616E63686F725F6C617958
:10A610006F757400416E63686F72206C61796F753D
:10A62000742073657474696E6773206C6F61642045
:10A630006661696C65643A2025643B207573696EB8
:10A64000672064656661756C74730A00416E6368A7
:10A650006F72206C61796F757420736F75726365AA
:10A660003D25730A00616E63686F725F6C61796F7C
:10A6700075742F72756E74696D6500416E63686FD5
:10A6800072206C61796F75742073617665642074D3
:10A690006F2073657474696E677320282575206157
:10A6A0006E63686F7273290A00416E63686F72206F
:10A6B0006C61796F75742073657474696E6773204B
:10A6C00073617665206661696C65643A2025640A69
:10A6D0000054616720616363656C204932432062E6
:10A6E0007573206E6F742072656164793A202573EA
:10A6F0000A0054616720616363656C20493243201E
:10A700007363616E206F6E2025733A2000307825C8
:10A710003032782000286E6F6E6529005461672002
:10A72000616363656C2057484F5F414D5F492070FE
:10A73000726F6265206661696C65642061742030A7
:10A740007831382F307831390A00546167206163DD
:10A7500063656C2057484F5F414D5F4920726561CA
:10A7600064206661696C65643A2025640A0054615E
:10A770006720616363656C204354524C3120696EDD
:10A780006974206661696C65643A2025640A005426
:10A79000616720616363656C204354524C342069C7
:10A7A0006E6974206661696C65643A2025640A00EC
:10A7B00054616720616363656C2073656E736F72AB
:10A7C0002072656164793A206C6973326468313251
:10A7D00020616464723D3078253032782077686F6C
:10A7E000616D693D307825303278206F64723D2587
:10A7F00075487A0A004D4158004D33004D36004DE2
:10A8000031320054443B313B256C753B25753B256B
:10A81000733B25753B25753B25753B25753B25759C
:10A820003B256C753B256C753B25753B25753B259C
:10A830006C75007265667265736800747261636B33
:10A84000004349524D3B313B256C753B25753B25FB
:10A850006C643B256C753B256C643B25753B25750D
:10A860003B25753B25753B25750A00434952443B02
:10A87000313B256C753B25753B25753B25753B00AC
:10A88000434952453B313B256C753B25753B25754E
:10A890000A004D41535445520053455454494E47C4
:10A8A00053004255494C440054616720555742209B
:10A8B00073686F727420616464722075706461746F
:10A8C000656420307825303478202D3E203078257E
:10A8D0003034780A005461672072756E74696D6552
:10A8E00020747261636B696E672072657365742092
:10A8F000706D6F64653D257520736C6F743D2575B3
:10A900002F25752067656E3D25750A005461672007
:10A9100072756E74696D6520636F6E66696720611C
:10A9200070706C696564207461673D257520736C77
:10A930006F743D25752F257520706572696F643DB4
:10A940002575206163746976653D257520616374A2
:10A950006976655F75733D257520736F75726365E4
:10A960003D25732067656E3D257520616E63686FB8
:10A97000725F706C616E3D64796E616D69630A002F
:10A980002C256C64002C256C750054523B25753BBE
:10A99000256C753B25633B25753B2530326C783B38
:10A9A0002530326C783B25733B25733B25733B2563
:10A9B00073003B542C25752C2575006F666600438B
:10A9C00052583B313B256C753B25753B256C643BF0
:10A9D000256C753B256C643B25753B25753B2575C2
:10A9E0003B25753B25753B25753B25753B2575003E
:10A9F000416C7420706F6C6C2064696167207461B5
:10AA0000673D2575207372633D307825303478209A
:10AA10006473743D307825303478207365713D253A
:10AA200075206D6F64653D257520706F6C6C5F637C
:10AA30006F756E743D2575206D61736B3D307825A3
:10AA4000303278206672616D655F7461673D25758F
:10AA500020706F6C6C5F74785F74733D3078253054
:10AA6000386C782530326C78206163746976653D86
:10AA700025752C25752C25752C25752C25752C25D3
:10AA8000752C25752C25750A005258473B313B25FE
:10AA90006C753B7461673D25753B6D61736B3D3033
:10AAA00078253032783B70633D25753B6775617260
:10AAB000643D25753B73706163696E673D25753B29
:10AAC00077696E3D256C753B7072653D25753B73EE
:10AAD0006C6F745F746F5F656E7472795F75733DD0
:10AAE000256C753B736C6F745F746F5F736368651F
:10AAF000645F75733D256C753B736C6F745F746F29
:10AB00005F77726974655F646F6E655F75733D250D
:10AB10006C753B736C6F745F746F5F7478636D6496
:10AB20005F75733D256C753B736C6F745F746F5FFD
:10AB30007478646F6E655F75733D256C753B7478D2
:10AB4000636D645F746F5F7478646F6E655F757357
:10AB50003D256C753B7478646F6E655F746F5F72D2
:10AB60007873746172745F75733D256C753B74788E
:10AB7000646F6E655F746F5F7278656E645F757326
:10AB80003D256C753B7278656E61626C655F7573AF
:10AB90003D256C753B72633D25643B736C6F743D62
:10ABA00025752F25753B706572696F643D25753B72
:10ABB0006163746976653D25753B6163746976658B
:10ABC0005F75733D25753B6C706572696F643D25DB
:10ABD000753B6C636F756E743D25750043443B3166
:10ABE0003B256C753B7461673D25753B6C6F6361FC
:10ABF0006C3D3078253034783B7374617475733DE7
:10AC000030782530386C783B7278663D3078253066
:10AC1000386C783B77696E3D256C753B70633D25DC
:10AC2000753B6D61736B3D3078253032783B7265D2
:10AC300073703D25753B756E6578703D25753B6C71
:10AC40006173745F6C656E3D256C753B6C617374EC
:10AC50005F7372633D3078253034783B6C61737478
:10AC60005F6473743D3078253034783B6C61737465
:10AC70005F636F64653D30782530327800636972B8
:10AC80003D006E6F6E6500666561747572650044A7
:10AC90004941472072756E74696D652025730A00FD
:10ACA00054585057522073657420307825303858E6
:10ACB0000A00496E76616C696420616E63686F7228
:10ACC00020696420696E207461626C653A20257584
:10ACD0000A00496E76616C6964206D756C746974E4
:10ACE00061672061637469766520616E63686F7265
:10ACF00020706C616E20636F756E743D25750A005F
:10AD0000496E76616C6964206D756C7469746167F5
:10AD100020616E63686F722067726F75702073694F
:10AD20007A653D25752067726F75703D25750A003F
:10AD3000496E76616C6964206D756C7469746167C5
:10AD400020616E63686F722069643D2575206772AB
:10AD50006F75703D25750A00496E76616C696420D7
:10AD600054444D4120636F6E66696720736C6F7445
:10AD70003D25752F257520706572696F643D2575B9
:10AD8000206163746976653D25750A0053532D541F
:10AD9000575220696E69746961746F7220726561BF
:10ADA0006479207461673D257520616464723D306B
:10ADB000782530347820616E63686F725F636F75D9
:10ADC0006E743D25750A00496E76616C6964205386
:10ADD000532D54575220696E69746961746F7220E3
:10ADE00072756E74696D6520636F6E6669670A00BF
:10ADF0005461672072756E74696D6520726E675F4D
:10AE000064656C61795F6D733D257520736574743D
:10AE10006C655F75733D25752074785F746F5F7224
:10AE2000785F7575733D257520726573705F746901
:10AE30006D656F75745F7575733D257520666173FB
:10AE4000745F747261636B696E673D25752066750A
:10AE50006C6C5F696E74657276616C3D25752074EB
:10AE60007261636B5F636F756E743D257520616EF3
:10AE700063686F725F706C616E3D64796E616D695D
:10AE8000632074646D613D257520736C6F743D257E
:10AE9000752F257520706572696F643D2575206179
:10AEA00063746976653D257520736F757263653DC2
:10AEB00025732065706F63685F76616C69643D25FA
:10AEC000752067656E3D25750A00546167206D75B4
:10AED0006C746974616720706C616E20656E61626C
:10AEE0006C65643D2575206163746976653D2575E3
:10AEF000207374616E6462793D2575207265736597
:10AF00007276653D257520726566726573685F624D
:10AF100075646765743D2575207265667265736832
:10AF20005F696E74657276616C3D2575206D61692F
:10AF30006E74656E616E63655F66756C6C3D2575DC
:10AF40000A00546167207065726620636F6E6669DF
:10AF5000672073756D6D6172795F706572696F647A
:10AF60003D257520696D755F73616D706C655F70EF
:10AF70006572696F643D257520696D755F73756DC8
:10AF80006D6172793D257520696D755F7261773DE0
:10AF900025752074725F7665723D2575206E6F721F
:10AFA0006D616C5F6F75743D2575206369725F66B6
:10AFB0006561747572653D25750A0054616720737B
:10AFC000746174757320636F6E666967206F757442
:10AFD0007075745F706572696F645F6D733D257520
:10AFE0000A0054616720656B6620636F6E6669674F
:10AFF00020656E61626C653D2575206D6561735FCE
:10B000007374643D257520726573696475616C5F46
:10B010006761696E3D25752070726F635F61636360
:10B02000656C3D257520696E69745F706F733D2591
:10B030007520696E69745F76656C3D257520676162
:10B0400074653D2575206D6F74696F6E5F6D656108
:10B05000733D2575206D6F74696F6E5F70726F63DD
:10B060003D2575206D6F74696F6E5F676174653D16
:10B070002575206D6F74696F6E5F66756C6C3D250C
:10B08000752073706565645F7468723D257520690D
:10B090006D755F64656C74613D257520696D755FC4
:10B0A000676572723D25752072616E67655F736FAB
:10B0B00066743D25752072616E67655F68617264B4
:10B0C0003D2575206D6F74696F6E5F736F66743D9B
:10B0D0002575206D6F74696F6E5F686172643D25C0
:10B0E000750A0053532D54575220696E69742074A9
:10B0F000726163653A2077616974696E6720666F73
:10B10000722054444D4120736C6F740A005458529D
:10B110004620636667207461673A2054585F504F39
:10B120005745522030782530386C582D3E307825E0
:10B1300030386C582054435F504744454C415920A7
:10B140003078253032582D3E307825303258204125
:10B1500047435F4354524C31203078253034582DCA
:10B160003E3078253034582074656D703D25644339
:10B17000204556432073746F2F70746F2F6663657C
:10B180002F6663672F747866733D25752F25752F9D
:10B1900025752F25752F25750A0053532D545752A9
:10B1A00020696E69742074726163653A2054444D5D
:10B1B00041207761697420636F6D706C65746520E0
:10B1C000776169745F6D733D256C7520736C6F7466
:10B1D0003D25752F257520706572696F643D257555
:10B1E000206163746976653D25752063616C5F6DD0
:10B1F0006F64653D25750A0053532D5457522069DD
:10B200006E69742074726163653A20737765657046
:10B2100020706C616E20707265706172656420616F
:10B2200063746976653D25752073776565703D2586
:10B230006C752066756C6C3D25752072656672654F
:10B2400073683D257520706C616E3D25730A00534F
:10B25000532D54575220696E69742074726163656E
:10B260003A206D61696E206C6F6F7020656E746539
:10B27000720A006F74615F61637469766500696466
:10B280006C6500736C6F745F677561726400546104
:10B290006720736C6F742067756172643A20637500
:10B2A000742073686F727420706C616E3D2573201A
:10B2B0006E6578745F616E63686F723D257520619D
:10B2C00063746976653D25752072656D61696E3DB3
:10B2D000256C75206D7320736C6F743D25752F255B
:10B2E000752067656E3D25750A0073776565705F2B
:10B2F00062756467657400616C745F627572737403
:10B3000000496E69746961746F72205458206275C7
:10B3100066666572207772697465206661696C651E
:10B32000640A00496E69746961746F722054582010
:10B330007374617274206661696C65640A005353AA
:10B340002D54575220696E69742074726163653A96
:10B3500020666972737420706F6C6C2073746174F2
:10B3600075733D30782530386C780A0053532D546E
:10B37000575220696E69742074726163653A206661
:10B380006972737420706F6C6C20756E657870656F
:10B3900063746564206672616D65207372633D300D
:10B3A0007825303478206473743D307825303478D3
:10B3B00020636F64653D3078253032780A0053533E
:10B3C0002D54575220696E69742074726163653A16
:10B3D00020666972737420706F6C6C2074696D657F
:10B3E0006F75742F6572726F7220616E63686F7211
:10B3F0003D257520616464723D30782530347820B5
:10B400007374617475733D30782530386C780A0038
:10B410004F52544530313233343536373839414262
:10B4200043444546006465766963655F69643A2014
:10B43000253038780A00646563615F646576696306
:10B440006500401008D8BC1E265626BEBE0000016E
:10B45000020304000554616720424C4520747820A3
:10B46000706F6F6C206578686175737465642064B3
:10B47000726F70733D25750A0054616720424C4518
:10B48000207265626F6F74696E67206F6E207265DF
:10B490006D6F746520636F6D6D616E640A00425359
:10B4A000253034580042533030303000546167202A
:10B4B000424C45206175746F206964656E746974CF
:10B4C0007920736565643D253038782530387820DB
:10B4D0006E616D653D25730A00656E61626C656421
:10B4E0000054616720424C45206E6F746966696341
:10B4F0006174696F6E732025730A006469736162F9
:10B500006C6564007075626C69630072616E646F73
:10B510006D007075626C69632D69640072616E64A0
:10B520006F6D2D696400253032583A253032583A13
:10B53000253032583A253032583A253032583A259B
:10B5400030325820282573290054616720424C4529
:10B5500020636F6E6E656374206661696C65643A22
:10B56000202573206572723D3078253032780A00CC
:10B5700054616720424C4520636F6E6E656374654D
:10B58000643A202573206163746976653D25750AE8
:10B590000054616720424C45205048592075706422
:10B5A00061746520726571756573742072633D25E1
:10B5B000640A0054616720424C4520636F6E6E2020
:10B5C000706172616D20757064617465207265715F
:10B5D000756573742072633D25640A0054616720A9
:10B5E000424C4520646973636F6E6E656374656475
:10B5F0003A20257320726561736F6E3D3078253077
:10B600003278206163746976653D25750A0054615E
:10B610006720424C452061647620726573756D65C4
:10B620002072633D25640A0054616720424C452026
:10B630006164762072657472792072633D25640AB4
:10B640000054616720424C45206E6F746966792012
:10B650006661696C6564206572723D256420647260
:10B660006F70733D25750A0042534C535441543B4F
:10B67000313B67656E3D256C753B73746172743D3B
:10B68000256C753B646F6E653D256C753B64726F10
:10B69000703D256C753B6661696C3D256C753B6141
:10B6A000626F72743D256C753B7374726F62653D99
:10B6B000256C753B6C6173743D256C643B727863DB
:10B6C00072633D4E410052554E4E494E470043462F
:10B6D000475F25735F4F4B2052554E3D25752053D4
:10B6E000544154453D2573204C4956453D25752010
:10B6F00047454E3D2575007461675F626C652F722A
:10B70000756E74696D655F6366670054616720429A
:10B710004C452072756E74696D6520636F6E666945
:10B7200067207361766520736B69707065642F663E
:10B7300061696C65643A2025640A00444941475FA9
:10B740004F4B2053544154453D4F4E0044494147CF
:10B750005F4F4B2053544154453D4F4646004445AE
:10B760004641554C540050494E4700504F4E4700FB
:10B770004E4F5F5354415455530042534C5F535402
:10B78000415455530054523F004341505455524583
:10B790003F00434150545552455F53544154453D39
:10B7A00025732054523D257320494E54455256412D
:10B7B0004C5F55533D257500545220004341505471
:10B7C00055524520004552523A425553595F4F5405
:10B7D000410054525F4241442053544154453D4F2F
:10B7E0004E7C4F464600434150545552455F4241BE
:10B7F000442053544154453D4F4E7C4F46460043F0
:10B800004150545552455F4F4B2053544154453D90
:10B8100025732054523D257320494E5445525641BC
:10B820004C5F55533D25752052433D2564005444DB
:10B830004D415F5354415455530054444D415F535F
:10B840004C4F543D25752F2575204D41534B3D30B0
:10B85000782530345820534F555243453D257320A9
:10B86000504552494F443D25752041435449564562
:10B870003D2575204143544956455F55533D257537
:10B880002047454E3D2575005458505752200054CE
:10B89000585057525F424144205052455345543D01
:10B8A0004D41587C4D337C4D367C4D31327C504F70
:10B8B000520054585057525F4F4B2056414C3D3028
:10B8C000782530385800444941473F0044494147B2
:10B8D0002000444941475F4241442053544154456C
:10B8E0003D4F4E7C4F4646004349523F004349522C
:10B8F0005F53544154555300434952204D4F4445E2
:10B900003D257320434150533D6F66662573257373
:10B91000205241575F52414E47453D3120434F4DE4
:10B92000504143545F424C453D25752046554C4C93
:10B930005F4344433D25752046554C4C5F5245516D
:10B9400055495245535F5553423D31002C66756C45
:10B950006C002C636F6D7061637400544147204329
:10B96000495220004349525F424144204D4F4445D3
:10B970003D4F46467C434F4D504143547C46554CC9
:10B980004C004349525F554E535550504F52544509
:10B9900044204D4F44453D2573004349525F4F4B72
:10B9A000204D4F44453D2573205241575F52414E33
:10B9B00047453D310041504F53200041504F535FA8
:10B9C0004241440041504F535F4641494C20494455
:10B9D0003D256C642052433D25640041504F535F28
:10B9E0004F4B2049443D256C6420583D256C642014
:10B9F000593D256C64205A3D256C640041504F53DD
:10BA00005F434F4D4D49540041504F535F434F4D9D
:10BA10004D49545F4641494C2052433D2564004105
:10BA2000504F535F434F4D4D49545F4F4B204E3D58
:10BA300025750041504F535F5245534554004150C6
:10BA40004F535F52455345545F4641494C20524342
:10BA50003D25640041504F535F52455345545F4F5D
:10BA60004B204E3D25750041504F535F5354415478
:10BA700055530041504F5320257520256C642025D7
:10BA80006C6420256C640041504F535F5354415403
:10BA900055535F444F4E45205352433D2573005646
:10BAA000455253494F4E0056455253494F4E20661A
:10BAB000773D25732062733D4253253034582074FE
:10BAC00061673D2575206D6F64653D257320706D40
:10BAD0006F64653D257520616E63686F725F706C81
:10BAE000616E3D64796E616D6963206369723D25A5
:10BAF0007320636170733D6F74612C72756E257372
:10BB00002573002C6369725F66756C6C5F75736278
:10BB1000002C6369725F636F6D70616374004346EC
:10BB2000475F53544154555300434647207461675F
:10BB30003D25752062733D42532530345820736C87
:10BB40006F743D25752F2575206D61736B3D3078C1
:10BB500025303458207372633D25732070657269F7
:10BB60006F643D2575206163746976653D25752098
:10BB70006163746976655F75733D25752065706FC7
:10BB800063683D256C752067656E3D2575206D6F7A
:10BB900064653D257320706D6F64653D257520617A
:10BBA0006E63686F725F706C616E3D64796E616D1B
:10BBB0006963206369723D2573004D4F44453F0022
:10BBC0004D4F44453D257320504D4F44453D25750F
:10BBD00020414E43484F525F504C414E3D64796E78
:10BBE000616D69632054444D413D257520534C4F90
:10BBF000543D25752F2575204D41534B3D307825FB
:10BC0000303458205352433D2573004D4F44452056
:10BC10000052414E47450054520054525F4F4E4C23
:10BC200059004D4F54494F4E0044594E0044594E0F
:10BC3000414D49430048414C5400534F4C56450038
:10BC400054530054535F454E41424C4500444542D5
:10BC5000554700444941470054585F5445535400E8
:10BC60004D4F44455F424144004552523A4D4F4486
:10BC7000455F504F4C494359004D4F44455F534138
:10BC800056455F4641494C004D4F44455F4F4B2060
:10BC90004D4F44453D2573204C4956453D25750083
:10BCA00054444D415F5345540054444D415F534506
:10BCB000545F4241440054444D415F5345545F53E7
:10BCC0004156455F4641494C0054444D415F534500
:10BCD000545F4F4B20534C4F543D2575204C4956D3
:10BCE000453D25750043464720005441473D0043EC
:10BCF00046475F42414400534C4F543D00434F552B
:10BD00004E543D00504552494F443D004143544933
:10BD100056453D0045504F43483D0047454E3D0088
:10BD20004D41534B3D004143544956455F55533DAA
:10BD30000052554E3D00504D4F44453D004346474F
:10BD40005F534156455F4641494C004346475F4F6C
:10BD50004B205441473D257520534C4F543D25758C
:10BD60002F2575204D41534B3D30782530345820D8
:10BD7000504552494F443D2575204143544956454D
:10BD80003D2575204143544956455F55533D257522
:10BD90002047454E3D2575204C4956453D2575208B
:10BDA00052554E3D25752053544154453D25730051
:10BDB0004346475F52554E004346475F53544F50EA
:10BDC0000050494E477C5354415455537C42534C88
:10BDD0005F5354415455537C54523F7C5452203C41
:10BDE0004F4E7C4F46463E7C434150545552453F52
:10BDF0007C43415054555245203C4F4E7C4F464663
:10BE00003E7C56455253494F4E7C54444D415F53FE
:10BE100054415455537C4346475F53544154555302
:10BE20007C4349523F7C434952203C4F46467C4329
:10BE30004F4D504143547C46554C4C3E7C545850D9
:10BE40005752203C4D41587C4D337C4D367C4D3112
:10BE5000327C504F523E7C44494147203C4F4E7CFF
:10BE60004F46463E7C41504F53203C69643E203C47
:10BE7000783E203C793E203C7A3E7C41504F535FD7
:10BE8000434F4D4D49547C41504F535F535441549F
:10BE900055537C41504F535F52455345547C4D4F51
:10BEA00044453F7C4D4F4445203C52554E7C4944CF
:10BEB0004C453E7C54444D415F534554203C736C8B
:10BEC0006F743E7C434647205441473D3C69643E85
:10BED00020534C4F543D3C736C6F743E20434F5580
:10BEE0004E543D3C636F756E743E204D41534B3D47
:10BEF0003C6865783E20504552494F443D3C6D7347
:10BF00003E204143544956453D3C6D733E204550CB
:10BF10004F43483D3C6D733E2047454E3D3C6E3E91
:10BF20002052554E3D3C307C313E20504D4F4445D3
:10BF30003D3C307C333E7C4346475F52554E7C430C
:10BF400046475F53544F507C4F54415F53544154C4
:10BF500055537C4F54415F505245504152457C4FA0
:10BF600054415F424547494E7C4F54415F43414EE7
:10BF700043454C7C5245424F4F547C48454C500001
:10BF80004F54415F535441545553004F54415F53F4
:10BF9000544154453D414354495645004F54415F37
:10BFA00053544154453D5245414459004F54415F1B
:10BFB00053544154453D4E4F524D414C004F544116
:10BFC0005F50524550415245004F54415F505245D9
:10BFD000504152455F4641494C20434F4E4E5F52BF
:10BFE000433D2564004F54415F50524550415245F6
:10BFF0005F4641494C204C494E4B5F52433D2564BE
:10C00000004F54415F5245414459004F54415F42F3
:10C010004547494E004F54415F4E4F545F41524D8A
:10C020004544004F54415F424547494E5F464149B0
:10C030004C20434F4E4E5F52433D2564004F5441C8
:10C040005F424547494E5F4641494C204C494E4B63
:10C050005F52433D2564004F54415F424547494E7E
:10C060005F4F4B004F54415F43414E43454C004F9F
:10C0700054415F43414E43454C4C45442052554E3C
:10C080003D31004F54415F43414E43454C4C454484
:10C090002052554E3D3120434F4E4E5F52433D2579
:10C0A00064005245424F4F54005245424F4F54494D
:10C0B0004E4700554E4B4E4F574E5F434D44007513
:10C0C00077625F7461675F626C655F74780054616A
:10C0D0006720424C4520696E69742073636865640B
:10C0E000756C65640A0054616720424C4520696E96
:10C0F000697420776F726B2073746172740A0054D4
:10C10000616720424C452062745F656E61626C65B8
:10C110002072633D25640A0054616720424C45202B
:10C12000696E6974206661696C65643A2025640AE9
:10C130000054616720424C452073657474696E67D2
:10C14000735F6C6F61642073746172740A00546170
:10C150006720424C452073657474696E67735F6C29
:10C160006F616420646F6E650A0054616720424C01
:10C170004520736574206E616D6520736B69707006
:10C1800065643B207573696E67206175746F206EFE
:10C19000616D653D25730A0054616720424C45205E
:10C1A0004E555320696E69742073746172740A006D
:10C1B00054616720424C45204E555320696E697486
:10C1C0002072633D25640A0054616720424C45207B
:10C1D0004E55532072656769737465722066616994
:10C1E0006C65643A2025640A0054616720424C451E
:10C1F0002061647620737461727420726571756554
:10C2000073740A0054616720424C452061647620B3
:10C2100073746172742072633D25640A005461670F
:10C2200020424C45206164766572746973696E675B
:10C230002064656665727265643A2025640A00545C
:10C24000616720424C452061647665727469736948
:10C250006E672061732025730A0054616753756D02
:10C260006D617279005453200054533B0054523B8B
:10C27000007461675F626C650000070E091C1B1289
:10C2800015383F363124232A2D63627072696E742B
:10C29000665F7061636B616765004661696C6564C8
:10C2A00020746F207265626F6F743A207370696ECC
:10C2B0006E696E6720656E646C6573736C792E2E83
:10C2C0002E0A004E5653206E6F7420696E69746991
:10C2D000616C697A656400436F756C64206E6F747D
:10C2E000206F627461696E20666C61736820706192
:10C2F00072616D657465727300556E737570706FE1
:10C300007274656420777269746520626C6F636B08
:10C310002073697A6500556E61626C6520746F20C8
:10C32000676574207061676520696E666F00496E8D
:10C3300076616C696420736563746F722073697AC7
:10C340006500436F6E66696775726174696F6E2010
:10C350006572726F72202D20736563746F72206333
:10C360006F756E740066735F6E7673006C6F670036
:10C370006C6F675F6D676D74004D657373616765A2
:10C380002064726F707065642062656361757365A7
:10C3900020697420657863656564732073697A65C4
:10C3A000206C696D69746174696F6E202825752928
:10C3B000000D0A001B5B306D00257320005B2530EB
:10C3C000386C755D20005B253032753A253032754A
:10C3D0003A253032752E253033752C253033755D76
:10C3E000200025732F003C25733E200020202000D4
:10C3F0007C002563001B5B313B33316D001B5B31DF
:10C400003B33336D006572720077726E00696E6641
:10C4100000646267006C6F675F6261636B656E6486
:10C420005F727474004275666665722073697A651E
:10C4300020697320626967676572207468616E2085
:10C440007061676500666C6173685F7772697465B7
:10C45000206572726F72202564206F666673657442
:10C460003D30782530387A7800666C6173682072C8
:10C47000656164206661696C65643A2025640063C7
:10C48000616C6C6261636B206661696C65643A2003
:10C490002564004275666665722073697A65206955
:10C4A00073206E6F7420616C69676E656420746FB1
:10C4B000206D696E696D616C2077726974652D629B
:10C4C0006C6F636B2D73697A6500496E636F72726E
:10C4D00065637420706172616D6574657200535498
:10C4E0005245414D5F464C415348007365742D766B
:10C4F000616C7565206661696C7572652E206B656F
:10C50000793A202573206572726F7228256429009C
:10C51000666C617368002A2A2A20426F6F74696E04
:10C5200067206E524620436F6E6E656374205344DD
:10C530004B2076322E382E302D61323338366266FB
:10C540006338343031202A2A2A0A002A2A2A205520
:10C5500073696E67205A6570687972204F53207630
:10C56000332E372E39392D306263333339336662D7
:10C57000313132202A2A2A0A00029ECADC240EE522
:10C58000A9E093F3A3B50200406E029ECADC240E1C
:10C59000E5A9E093F3A3B50200406E029ECADC2435
:10C5A0000EE5A9E093F3A3B50300406E029ECADC3A
:10C5B000240EE5A9E093F3A3B50300406E029ECAE2
:10C5C000DC240EE5A9E093F3A3B50100406E62748C
:10C5D0005F6E757300637C777BF26B6FC5300167AC
:10C5E0002BFED7AB76CA82C97DFA5947F0ADD4A2EB
:10C5F000AF9CA472C0B7FD9326363FF7CC34A5E5B7
:10C60000F171D8311504C723C31896059A07128013
:10C61000E2EB27B27509832C1A1B6E5AA0523BD647
:10C62000B329E32F8453D100ED20FCB15B6ACBBE6C
:10C63000394A4C58CFD0EFAAFB434D338545F90218
:10C640007F503C9FA851A3408F929D38F5BCB6DA2D
:10C650002110FFF3D2CD0C13EC5F974417C4A77ED3
:10C660003D645D197360814FDC222A908846EEB8E4
:10C6700014DE5E0BDBE0323A0A4906245CC2D3AC1E
:10C68000629195E479E7C8376D8DD54EA96C56F463
:10C69000EA657AAE08BA78252E1CA6B4C6E8DD7421
:10C6A0001F4BBD8B8A703EB5664803F60E61355749
:10C6B000B986C11D9EE1F8981169D98E949B1E8799
:10C6C000E9CE5528DF8CA1890DBFE6426841992D3E
:10C6D0000FB054BB1672302F61313A2020307825CC
:10C6E000303878202072312F61323A20203078257E
:10C6F000303878202072322F61333A20203078256C
:10C700003038780072332F61343A20203078253069
:10C710003878207231322F69703A202030782530F5
:10C720003878207231342F6C723A202030782530DE
:10C7300038780020787073723A20203078253038AD
:10C7400078004661756C74696E6720696E737472E7
:10C75000756374696F6E20616464726573732028F9
:10C760007231352F7063293A2030782530387800BF
:10C77000556E68616E646C6564204952516E3A2052
:10C780002564002A2A2A2A2A204D50552046415540
:10C790004C54202A2A2A2A2A002020537461636BD1
:10C7A000696E67206572726F722028636F6E7465A0
:10C7B00078742061726561206D69676874206265B4
:10C7C000206E6F742076616C696429002020556E9C
:10C7D000737461636B696E67206572726F7200209B
:10C7E0002044617461204163636573732056696FEF
:10C7F0006C6174696F6E0020204D4D46415220419E
:10C800006464726573733A2030782578002020497B
:10C810006E737472756374696F6E204163636573C0
:10C82000732056696F6C6174696F6E002020466CCE
:10C830006F6174696E672D706F696E74206C617AB8
:10C8400079207374617465207072657365727661A6
:10C8500074696F6E206572726F72002A2A2A2A2A02
:10C8600020425553204641554C54202A2A2A2A2A30
:10C87000002020537461636B696E67206572726F6C
:10C880007200202050726563697365206461746171
:10C8900020627573206572726F72002020424641DB
:10C8A0005220416464726573733A203078257800B1
:10C8B0002020496D707265636973652064617461DD
:10C8C00020627573206572726F72002020496E734A
:10C8D0007472756374696F6E20627573206572720D
:10C8E0006F72002A2A2A2A2A20555341474520469A
:10C8F00041554C54202A2A2A2A2A002020446976AD
:10C900006973696F6E206279207A65726F002020EA
:10C91000556E616C69676E6564206D656D6F7279C7
:10C92000206163636573730020204E6F20636F7016
:10C93000726F636573736F7220696E73747275635F
:10C9400074696F6E73002020496C6C6567616C20A0
:10C950006C6F6164206F66204558435F52455455A3
:10C96000524E20696E746F205043002020496C6C39
:10C970006567616C20757365206F6620746865203B
:10C9800045505352002020417474656D70742074BA
:10C990006F206578656375746520756E646566697A
:10C9A0006E656420696E737472756374696F6E006E
:10C9B0005265736572766564204578636570746945
:10C9C0006F6E20280053707572696F757320696EE1
:10C9D000746572727570742028495251200053504A
:10C9E00053454C20696E20746872656164206D6FD8
:10C9F000646520646F6573206E6F7420696E64696E
:10CA00006361746520505350002A2A2A2A2A20483C
:10CA1000415244204641554C54202A2A2A2A2A00B1
:10CA20002020427573206661756C74206F6E2076CD
:10CA30006563746F72207461626C652072656164F5
:10CA40000020204465627567206576656E7400205D
:10CA5000204661756C7420657363616C6174696FE5
:10CA60006E20287365652062656C6F7729004152DE
:10CA700043485F4558434550542077697468207295
:10CA80006561736F6E2025780A002A2A2A2A2A20D7
:10CA90004465627567206D6F6E69746F722065788A
:10CAA00063657074696F6E202A2A2A2A2A002A2A4E
:10CAB0002A2A2A20257320256429202A2A2A2A2A7C
:10CAC000006D7075004661696C656420746F20614B
:10CAD0006C6C6F63617465206E6577204D505520D6
:10CAE000726567696F6E2025750A005061727469FE
:10CAF00074696F6E2025753A2073616E69747920B0
:10CB0000636865636B206661696C65642E00464CE2
:10CB10004153485F30005352414D5F30006E6574A1
:10CB20005F627566006E65745F6275665F73696DDE
:10CB3000706C6500736F630072630072736E0067E0
:10CB4000726F7570004661696C656420746F207245
:10CB500065616420646174612066726F6D20666C2B
:10CB600061736820617265613A20256400466169DD
:10CB70006C656420746F206F70656E20666C6173E5
:10CB80006820617265612049442025753A2025643A
:10CB9000004661696C656420746F2065726173651D
:10CBA00020666C61736820617265613A20256400BB
:10CBB0004661696C656420746F20726561642064ED
:10CBC0006174612066726F6D20666C6173683A20D3
:10CBD00025640043616E27742062696E6420746F5F
:10CBE0002074686520666C617368206172656120DD
:10CBF000286572722025642900626164206F666670
:10CC000073657420283078256C782900696D616718
:10CC10006520736C6F74206572617365206F662088
:10CC20003078257A78206279746573206661696C42
:10CC3000656420286572722025642900696D61672A
:10CC40006520736C6F7420747261696C6572206505
:10CC500072617365206F66203078257A782062795A
:10CC6000746573206661696C656420286572722042
:10CC70002564290055706C6F616420746F6F206C9F
:10CC80006172676520666F7220736C6F743A20253D
:10CC900075203E2025750046616C656420626F6FCB
:10CCA000745F7365745F6E6578742077697468204B
:10CCB000636F64652025642C20666F7220736C6F2F
:10CCC000742025642C207769746820616374697608
:10CCD0006520736C6F7420256420616E6420636F1F
:10CCE0006E6669726D2025640076657273696F6E79
:10CCF000003C3F3F3F3E006861736800626F6F74A5
:10CD000061626C650070656E64696E6700636F6E6A
:10CD10006669726D6564007065726D616E656E74D2
:10CD200000696D616765730073706C697453746139
:10CD300074757300636F6E6669726D000A02042574
:10CD400068752E2568752E256875002E2575006975
:10CD50006D61676500736861007570677261646515
:10CD600000496D6167652075706C6F616420696E44
:10CD70007370656374206661696C65643A2025642C
:10CD80000049727265636F76657261626C652065D9
:10CD900072726F723A20666C617368207772697480
:10CDA00065206661696C65643A20256400050501AB
:10CDB0000101010601010101030201010103030355
:10CDC0000301030301060664617461206F766572D6
:10CDD00072756E00696D6720746F6F206C61726789
:10CDE0006500696D672061646472206D69736D61AF
:10CDF00074636800646F776E677261646500666172
:10CE0000207772697465206661696C0066612065CF
:10CE100072617365206661696C006661206F706580
:10CE20006E206661696C006E6F20736C6F74006DAC
:10CE300061676963206D69736D617463680068651B
:10CE400061646572206D616C666F726D656400610E
:10CE500070702072656A656374006D63756D6772CA
:10CE60005F696D675F6772700071756572790062E6
:10CE70006F6F746C6F61646572004D4355626F6FC4
:10CE800074006D6F6465006275665F73697A650032
:10CE90006275665F636F756E74006D63756D677242
:10CEA0005F6F735F677270006D63756D677220737B
:10CEB0006D70006D63756D67725F736D70004E7598
:10CEC0006C6C20637064206F626A65637420666FA7
:10CED0007220636F6E6E656374696F6E20257000DB
:10CEE000426C7565746F6F746820534D5020747276
:10CEF000616E73706F7274207265676973746572A6
:10CF0000206661696C656420286572722025642939
:10CF10000002487C997411269EAE014ECEFB287803
:10CF20002EDA02487C997411269EAE014ECEFB2863
:10CF3000782EDA0284AA6074528A8B86D34CB71D8D
:10CF40001DDC538D00FFFFFFFFFFFF00000000000E
:10CF50000000FFFFFFFFFFFF000000000000303176
:10CF6000323334353637383961626364656600427E
:10CF700054204C572057510002FB349B5F80000027
:10CF800080001000000000000062745F627566009F
:10CF900062745F6461746100436F756C64206E6FCE
:10CFA00074207375626D69742072785F776F726B2D
:10CFB0003A2025640044617461206275666665727A
:10CFC000206F766572666C6F7720286C696E6B20B7
:10CFD0007479706520307825303278290048617284
:10CFE0006477617265206572726F722C206861725D
:10CFF000647761726520636F64653A20256400552B
:10D000006E61626C6520746F206C6F6F6B75702041
:10D01000636F6E6E20666F722068616E646C65204F
:10D02000257500556E61626C6520746F206C6F6FA2
:10D030006B20757020636F6E6E207769746820684E
:10D04000616E646C6520257500546F6F20736D618F
:10D050006C6C2028257520627974657329206576AB
:10D06000656E742030782530327800556E68616EB8
:10D07000646C6564206576656E7420307825303286
:10D0800078206C656E2025753A20257300496E76F0
:10D09000616C6964204843492041434C20706163BE
:10D0A0006B65742073697A652028257529004143D2
:10D0B0004C2064617461206C656E677468206D69D2
:10D0C000736D617463682028257520213D202575C6
:10D0D0002900556E61626C6520746F2066696E640C
:10D0E00020636F6E6E20666F722068616E646C657F
:10D0F00020257500496E76616C696420484349209B
:10D100006576656E742073697A6520282575290017
:10D11000574553545F544F504449522F7A657068B5
:10D1200079722F7375627379732F626C7565746F82
:10D130006F74682F686F73742F6863695F636F72B1
:10D14000652E630062745F6863695F6576745F670C
:10D1500065745F666C616773286864722D3E6576DE
:10D1600074292026202831554C203C3C2028312988
:10D170002900415353455254494F4E204641494C92
:10D18000205B25735D20402025733A25640A0055F5
:10D190006E6B6E6F776E2062756620747970652095
:10D1A000257500556E68616E646C65642076656EE9
:10D1B000646F722D73706563696669632065766557
:10D1C0006E7420307825303278206C656E2025759D
:10D1D0003A202573004E6F2070656E64696E67207B
:10D1E0007065726970686572616C20636F6E6E65E0
:10D1F0006374696F6E00556E6578706563746564FD
:10D20000207374617475732030782530327820254E
:10D2100073004E6F20636F6D6D616E642073656E79
:10D220007420666F7220636D6420636F6D706C652F
:10D23000746520307825303478004F70436F646512
:10D240002030782530347820636F6D706C6574659C
:10D250006420696E7374656164206F662065787000
:10D2600065637465642030782530347800657674A1
:10D27000206E756D5F68616E646C657320283D2556
:10D28000752920746F6F206C617267652028257581
:10D29000203E20257529004E6F20636F6E6E6563FA
:10D2A00074696F6E20666F722068616E646C6520B1
:10D2B0002575007061636B65747320636F756E74A0
:10D2C000206D69736D61746368006576745F666C68
:10D2D0006167732026202831554C203C3C202830A3
:10D2E000292900496E76616C696420627566207434
:10D2F0007970652025750042535F4155544F0055A4
:10D300006E61626C6520746F2073656E6420746F4B
:10D3100020647269766572202865727220256429FE
:10D3200000556E61626C6520746F20616C6C6F6378
:10D330006174652062756666657200556E636C6522
:10D34000617265642070656E64696E672073656ED6
:10D35000745F636D64007375636365737300096361
:10D360006F6D6D616E64206F70636F6465203078DF
:10D37000253034782074696D656F75740A006572A4
:10D3800072203D3D20300009436F6E74726F6C6CEB
:10D39000657220756E726573706F6E736976652C39
:10D3A00020636F6D6D616E64206F70636F646520C4
:10D3B0003078253034782074696D656F7574207706
:10D3C000697468206572722025640A006F70636F4B
:10D3D00064652030782530347820737461747573F7
:10D3E00020307825303278202573004661696C65DD
:10D3F0006420746F207265616420444C45206D6127
:10D40000782064617461206C656E0074785F6F636E
:10D4100074657473206578636565647320746865EA
:10D420002076616C69642072616E676520257500E5
:10D4300074785F74696D65206578636565647320D1
:10D440007468652076616C69642072616E6765201E
:10D450002575004E6F6E2D4C452063617061626CC6
:10D460006520636F6E74726F6C6C65722064657496
:10D470006563746564210041434C2042522F45444A
:10D48000522062756666657273206E6F7420696ED5
:10D49000697469616C697A65640056656E646F725F
:10D4A0002048434920657874656E73696F6E7320F8
:10D4B0006E6F7420617661696C61626C65004661B3
:10D4C000696C656420746F20726561642073757087
:10D4D000706F727465642076656E646F7220636F1E
:10D4E0006D6D616E6473004661696C656420746F74
:10D4F000207265616420737570706F72746564204A
:10D5000076656E646F72206665617475726573000E
:10D5100048434920647269766572206973206E6F92
:10D52000742072656164790042542052582057512A
:10D530000048434920647269766572206F70656E99
:10D54000206661696C65642028256429004E6F207F
:10D5500070656E64696E6720636F6E6E20666F72B1
:10D56000207065657220257300556E65787065635F
:10D5700074656420484F53545F4E554D5F434F4D83
:10D58000504C455445445F5041434B4554532C2027
:10D590007374617475732030782530327820257368
:10D5A00000010204312E306200312E3100312E3262
:10D5B00000322E3000322E3100332E3000342E3027
:10D5C00000342E3100342E3200352E3000352E310D
:10D5D00000352E3200352E3300352E3400362E30F5
:10D5E0000062745F6863695F636F726500636D6496
:10D5F00020646973616C6C6F776564004F6E6C7941
:10D600002072616E646F6D20737461746963206948
:10D6100064656E74697479206164647265737320E3
:10D62000737570706F7274656400496E76616C69B1
:10D630006420696E70757420706172616D657465C7
:10D640007273004661696C656420746F2072656155
:10D6500064207075626C69632061646472657373C1
:10D66000005265616420537461746963204164648D
:10D6700072657373657320636F6D6D616E64206E88
:10D680006F7420617661696C61626C6500466169E6
:10D690006C656420746F20726561642073746174BA
:10D6A000696320616464726573736573004E6F20F3
:10D6B0007374617469632061646472657373657304
:10D6C0002073746F72656420696E20636F6E74726C
:10D6D0006F6C6C65720043616E27742073657420F3
:10D6E000626F7468204944454E544954592026209D
:10D6F0004E52504100556E61626C6520746F20730C
:10D700006574206964656E746974792061646472FB
:10D7100065737300556E61626C6520746F2073656C
:10D72000742072616E646F6D2061646472657373DE
:10D730000062745F696400546F6F206269672061E2
:10D7400064766572746973696E67206461746100E0
:10D750004661696C656420746F2073746172742013
:10D7600061647665727469736572004661696C659F
:10D770006420746F2073746F7020616476657274B6
:10D780006973696E673A20256400436F6E74726F27
:10D790006C6C65722063616E6E6F74207265737558
:10D7A0006D6520636F6E6E65637461626C65206188
:10D7B00064766572746973696E6720282564290030
:10D7C00062745F616476004661696C6564207265AD
:10D7D00061642072656D6F74652066656174757231
:10D7E00065732028256429004661696C656420748E
:10D7F0006F207365742064617461206C656E2028ED
:10D8000025642900556E65787065637465642066CB
:10D8100069727374204C32434150206672616D65A9
:10D8200000556E6578706563746564204C324341C1
:10D830005020636F6E74696E756174696F6E004E0F
:10D840006F7420656E6F75676820627566666572B5
:10D8500020737061636520666F72204C32434150C3
:10D86000206461746100556E6578706563746564E9
:10D870002041434C20666C61677320283078253046
:10D880003278290041434C206C656E206D69736DC0
:10D890006174636820282575203E2025752900289D
:10D8A000756E6B6E6F776E29006E6F207472616E8D
:10D8B000736974696F6E20257300496E76616C69B7
:10D8C000642028257529206F6C6420737461746549
:10D8D00000636F6E6E202570206661696C65642040
:10D8E000746F2065737461626C6973682E20524690
:10D8F000206E6F6973653F006E6F2076616C69649E
:10D900002028257529207374617465207761732040
:10D9100073657400696E636F6D70617469626C65C4
:10D920002068616E646C6520257500556E61626CBF
:10D930006520746F20616C6C6F6361746520627523
:10D94000666665722077697468696E2074696D65B2
:10D950006F757400636F6E6E2025703A206E6F7461
:10D9600020636F6E6E656374656400466174616CFC
:10D97000206572726F7220282564292E20446973F5
:10D98000636F6E6E656374696E6720257000466F05
:10D99000756E642076616C696420636F6E6E65637A
:10D9A00074696F6E2028257029207769746820615A
:10D9B00064647265737320257320696E202573205B
:10D9C0007374617465200053656E64204C4520704B
:10D9D0006172616D20757064617465206661696C47
:10D9E00065642028657272202564290053656E6481
:10D9F000206175746F204C4520706172616D2075D7
:10DA00007064617465206661696C65642028657264
:10DA10007220256429000101010101020364697378
:10DA2000636F6E6E656374656400646973636F6EC3
:10DA30006E6563742D636F6D706C657465007363E0
:10DA4000616E2D6265666F72652D696E69746961BC
:10DA500074696E6700696E6974696174696E672DB7
:10DA600066696C7465722D6C697374006164762DDF
:10DA7000636F6E6E65637461626C65006164762DC0
:10DA80006469722D636F6E6E65637461626C6500AC
:10DA9000646973636F6E6E656374696E6700627448
:10DAA0005F636F6E6E00556E61626C6520746F20EF
:10DAB000616C6C6F63617465206275666665722067
:10DAC000666F72206F7020307825303278004E6F8C
:10DAD00020617661696C61626C65204C3243415013
:10DAE00020636F6E7465787420666F7220636F6E4A
:10DAF0006E20257000457870656374696E672075C7
:10DB00007020746F20256420726566732C20676F07
:10DB10007420256400616C726561647920686176A7
:10DB2000652076696577206F6E20257000546F6FD1
:10DB300020736D616C6C204C3243415020736967D7
:10DB40006E616C696E6720504455004C3243415001
:10DB5000206C656E677468206D69736D61746368AD
:10DB60002028257520213D2025752900496E7661E4
:10DB70006C6964206964656E742076616C756520DB
:10DB8000696E204C324341502050445500546F6F11
:10DB900020736D616C6C204C4520636F6E6E20703D
:10DBA0006172616D207273700052656A6563746999
:10DBB0006E6720756E6B6E6F776E204C32434150EE
:10DBC0002050445520636F646520307825303278CA
:10DBD00000546F6F20736D616C6C204C3243415068
:10DBE0002050445520726563656976656400496715
:10DBF0006E6F72696E67206461746120666F722057
:10DC0000756E6B6E6F776E206368616E6E656C20EB
:10DC100049442030782530347800636F6E66696738
:10DC20000062745F6C3263617000415454204D5443
:10DC3000552065786365656465642C206D61782086
:10DC400025752C2077616E74656420257A750055E2
:10DC50006E61626C6520746F20637265617465200B
:10DC6000555549443A2073697A6520257500556EEB
:10DC700061626C6520746F20637265617465205504
:10DC80005549443A2073697A65202564004E6F2017
:10DC9000617661696C61626C652041545420636FE8
:10DCA0006E7465787420666F7220636F6E6E2025C7
:10DCB00070004E6F20617661696C61626C65204115
:10DCC0005454206368616E6E656C20666F722063C9
:10DCD0006F6E6E20257000415454206368616E6E33
:10DCE000656C206E6F7420636F6E6E65637465641F
:10DCF000004572726F72207369676E696E67206487
:10DD00006174610052616E206F7574206F662054DB
:10DD1000582062756666657273206F7220636F6E3D
:10DD200074657874732E00476F74206572722025B5
:10DD3000642C206E6F742063616C6C696E67204187
:10DD4000545420636200546F6F20736D616C6C20BB
:10DD5000415454205044552072656365697665646A
:10DD600000556E68616E646C656420415454206394
:10DD70006F64652030782530327800496E76616CAA
:10DD80006964206C656E20257520666F7220636F54
:10DD9000646520307825303278004E6F7420636FD0
:10DDA0006E6E656374656400556E61626C652074A7
:10DDB0006F2066696E6420415454206368616E6E02
:10DDC000656C004E6F20415454206368616E6E652F
:10DDD0006C20666F72204D545520257A75004E6F69
:10DDE0002070656E64696E672041545420726571BD
:10DDF00075657374004154542054696D656F757472
:10DE000020666F7220646576696365202573006201
:10DE1000745F61747400434D414320757064617494
:10DE200065206661696C656400756E61626C652071
:10DE3000746F20736176652053433A206E6F2063C0
:10DE40006667206C65667400434D414320736574BA
:10DE50007570206661696C656400434D41432066BE
:10DE6000696E697368206661696C6564005343205C
:10DE7000726573746F726520696E64696361746939
:10DE80006F6E206661696C65640062742F63636302
:10DE90000062745F67617474004E6F20617661691F
:10DEA0006C61626C6520534D5020636F6E746578B1
:10DEB0007420666F7220636F6E6E2025700062742E
:10DEC0005F736D7000636C6F636B40343030303063
:10DED000303030006866636C6B006C66636C6B009E
:10DEE000636C6F636B5F636F6E74726F6C007261F3
:10DEF0006E646F6D40343030306430303000656EA9
:10DF000074726F70795F62745F68636900696E76BE
:10DF1000616C696420616464726573733A2030785F
:10DF20002530386C783A257A7500756E616C6967B2
:10DF30006E656420616464726573733A203078257D
:10DF400030386C783A257A75006E6F7420776F726E
:10DF5000642D616C69676E65643A203078253038CD
:10DF60006C783A257A7500666C6173682D636F6E04
:10DF700074726F6C6C6572403430303165303030A3
:10DF800000666C6173685F6E7266006770696F40EF
:10DF900035303030303030300069326300756E73A8
:10DFA0007570706F72746564207370656564004687
:10DFB00061696C656420746F20696E697469616C55
:10DFC000697A65206465766963653A202573004E39
:10DFD00065656420746F20757365207468652069B9
:10DFE0006E7465726E616C2064726976657220620F
:10DFF0007566666572206275742069747320736932
:10E000007A6520697320696E7375666669636965F0
:10E010006E7420282575202B202575203E2025751F
:10E02000292E2041646A75737420746865207A65AE
:10E03000706879722C636F6E6361742D6275662DE2
:10E0400073697A65206F72207A65706879722C66C0
:10E050006C6173682D6275662D6D61782D73697AB8
:10E06000652070726F7065727479202874686520FD
:10E070006F6E652077697468206772656174657278
:10E080002076616C75652920696E20746865202290
:10E09000257322206E6F64652E00547279696E6755
:10E0A00020746F207472616E73666572206D6F727A
:10E0B00065207468616E20746865206D6178696D93
:10E0C000756D2073697A6520666F72207468697354
:10E0D000206465766963653A202564203E202564C6
:10E0E00000693263403430303033303030006932D0
:10E0F000635F6E7266785F7477696D00000102037A
:10E10000040506074661696C656420746F20616CC4
:10E110006C6F6361746520505049204368616E6E76
:10E12000656C00756172744034303030323030309C
:10E1300000756172745F6E7266785F756172746586
:10E14000004661696C656420746F20616C6C6F635C
:10E15000617465204750494F5445206368616E6E75
:10E16000656C20666F722057414B45004661696CB3
:10E17000656420746F20636F6E66696775726520D1
:10E1800057414B452070696E004353204750494F1B
:10E1900020706F72742025732070696E20256420B2
:10E1A0006973206E6F7420726561647900557064C4
:10E1B0006174652065786365656473206375727248
:10E1C000656E74206275666665720048616C662DC6
:10E1D0006475706C6578206E6F7420737570706FE5
:10E1E0007274656400536C617665206D6F646520A0
:10E1F0006973206E6F7420737570706F72746564CC
:10E20000206F6E202573004C6F6F706261636B200E
:10E210006D6F6465206973206E6F74207375707004
:10E220006F7274656400576F72642073697A6573E6
:10E23000206F74686572207468616E20382062698E
:10E24000747320617265206E6F7420737570706FC7
:10E2500072746564004672657175656E6369657395
:10E26000206C6F776572207468616E2031323520C2
:10E270006B487A20617265206E6F742073757070C0
:10E280006F72746564004661696C656420746F2008
:10E29000696E697469616C697A65206E726678204E
:10E2A0006472697665723A20253038780057616962
:10E2B00074696E6720666F722057414B4520616319
:10E2C0006B6E6F776C6564676D656E742074696DD5
:10E2D0006564206F75740054696D656F757420777F
:10E2E000616974696E6720666F72207472616E7303
:10E2F00066657220636F6D706C657465007370691C
:10E300004034303032333030300073706940343054
:10E31000303034303030007370695F6E7266785F11
:10E3200073706900526573657474696E67207379E0
:10E330007374656D00666174616C5F6572726F7293
:10E3400000416C6C6F6361746564206D656D6F7204
:10E350007920746F6F206C6F773A202575203C20F0
:10E36000257500456E74726F707920736F757263D6
:10E370006520646576696365206E6F7420726561DF
:10E380006479004661696C656420746F207265670A
:10E3900069737465722072616E6420736F75726345
:10E3A00065202825642900536F6674446576696387
:10E3B0006520436F6E74726F6C6C657220415353AD
:10E3C0004552543A2025732C202564004E6F206559
:10E3D00076656E7420627566666572206176616925
:10E3E0006C61626C65004E6F2064617461206275BF
:10E3F0006666657220617661696C61626C65004574
:10E4000076656E742062756666657220746F6F2023
:10E41000736D616C6C2E202575203E20257500558E
:10E420006E6578706563746564206D73675F747979
:10E4300070653A2025752E20546869732069662D11
:10E44000656C7365206E656564732061206E657709
:10E45000206272616E63680062745F6863695F73F3
:10E4600064630062745F7364635F6863695F6472AE
:10E47000697665720062745F7364635F637279705A
:10E48000746F007075626C6963206B6579206973C5
:10E49000206E6F742076616C69642028657272202A
:10E4A00025642900556E6B6E6F776E20636F6D6DFE
:10E4B000616E64003F49F6D4A3C55F3874C9B3E305
:10E4C000D2103F504AFF607BEB40B7995899B8A6ED
:10E4D000CD3C1ABD62745F7364635F6563646800FA
:10E4E0004D50534C204153534552543A2025732CE0
:10E4F000202564004D50534C20576F726B006D7097
:10E50000736C5F696E6974006D70736C5F74696DB4
:10E5100065736C6F745F73657373696F6E5F6F7033
:10E52000656E206661696C65643A20256400666CDE
:10E530006173685F73796E635F6D70736C00040163
:10E54000040304020401040104030103030401049D
:10E550006D6375626F6F745F7574696C00000000A5
:10E5600000010000000101000001010101000000A4
:10E570000000010101015465726D696E616C00005B
:10E5800000000000005454522052454747455300B4
:10E5900001020203030303556E6B6E6F776E2065F5
:10E5A00072726F7200756E6B6E6F776E003E3E3EDC
:10E5B000205A455048595220464154414C2045521A
:10E5C000524F522025643A202573206F6E2043500D
:10E5D00055202564004661756C7420647572696EFF
:10E5E0006720696E746572727570742068616E64FC
:10E5F0006C696E670A0043757272656E7420746888
:10E60000726561643A2025702028257329004350E3
:10E610005520657863657074696F6E00556E68612A
:10E620006E646C656420696E7465727275707400D6
:10E63000537461636B206F766572666C6F77004B05
:10E6400065726E656C206F6F7073004B65726E65DE
:10E650006C2070616E6963006D61696E006F73009C
:10E66000737973776F726B7100FE2CF96A7F3622B3
:10E670002EA079C040BE2C032040C2F33200FFFF21
:10E68000FFFF1F00647261676F6F6E2F6C696273AA
:10E690002F7363686564756C696E672F7372632F7F
:10E6A00072656D5F68616C5F6576656E745F7469D5
:10E6B0006D65722E6300286E756C6C29002A666C7D
:10E6C0006F61742A00000000FFFFFFFFFFFFFFFFE4
:10E6D000FFFFFFFFFF1F00001F0000000000000001
:10E6E0005D40000000000000FFFFFFFF1F00000072
:10E6F000BAABBABA10101010000000000080004041
:10E7000000000000000000000C00000000000000FD
:10E7100000FF7F000000000000000000000000007B
:10E7200000000000000000000000000015FD0000D7
:10E730000000000027A101000000000005A1010069
:10E74000000000002DFD00000000000047A10100B6
:10E7500000000000000000000000000000000000B9
:10E7600000000000000000000000000000000000A9
:10E770000000000000000000000000000000000099
:10E780000000000000000000000000000000000089
:10E790000000000000000000000000000000000079
:10E7A0000000000000000000000000000000000069
:10E7B0000000000000000000000000000000000059
:10E7C0000000000000000000000000000000000049
:10E7D0000000000000000000000000000000000039
:10E7E0000000000000000000000000000000000029
:10E7F0000000000000000000000000000000000019
:10E800000000000000000000000000000000000008
:10E8100000000000000000000000000000000000F8
:10E8200000000000000000000000000000000000E8
:10E8300000000000000000000000000000000000D8
:10E8400000000000000000000000000000000000C8
:10E8500000000000000000000000000000000000B8
:10E8600000000000000000000000000000000000A8
:10E870000000000000000000000000000000000098
:10E880000000000000000000000000000000000088
:10E890000000000000000000000000000000000078
:10E8A0000000000000000000000000000000000068
:10E8B0000000000000000000000000000000000058
:10E8C0000000000000000000000000000000000048
:10E8D0000000000000000000000000000000000038
:10E8E0000000000000000000000000000000000028
:10E8F0000000000000000000000000000000000018
:10E900000000000000000000000000000000000007
:10E9100000000000000000000000000000000000F7
:10E9200000000000000000000000000000000000E7
:10E9300000000000000000000000000000000000D7
:10E9400000000000000000000000000000000000C7
:10E950000000000000000000000000005007002040
:10E9600033BA010039BA01003BBA010065BA0100AF
:10E970003FBA01006FBA010045BA01007BBA01003D
:10E980004BBA010081BA01004DBA01005BBA010027
:10E990005FBA010051BA010057BA01006BBA010019
:10E9A00075BA010000000000000000001B480300D1
:10E9B0000000000000010000000000000000000056
:10E9C0000000000000000000000000000000000047
:10E9D0000000000000000000000000000000000037
:10E9E0000000000000000000000000000000000027
:10E9F0000000000000000000000000000000000017
:10EA00000000000000000000000000000000000006
:10EA100000000000000000000000000000000000F6
:10EA200000000000000000000000000000000000E6
:10EA300000000000000000000000000000000000D6
:10EA400000000000000000000000000000000000C6
:10EA500000000000000000000000000000000000B6
:10EA600000000000000000000000000000000000A6
:10EA70000000000000000000000000000000000096
:10EA80000000000000000000000000000000000086
:10EA90000000000000000000000000000000000076
:10EAA000BD6D02000000000000000000000000003A
:10EAB0000000000000000000000000000000000056
:10EAC0000000000000000000000000000000000046
:10EAD0000000000000000000000000000000000036
:10EAE0000000000000000000000000000000000026
:10EAF0000000000000000000000000000000000016
:10EB00000000000000000000000000000000000005
:10EB100000000000000000000000000000000000F5
:10EB200000000000000000000000000000000000E5
:10EB300000000000000000000000000000000000D5
:10EB400000000000148E03005009002000127A001B
:10EB500000010000748D030011000100000000009E
:10EB600000127A0000010000748D03001100010002
:10EB700000000000D88D030019000000C000000054
:10EB800085654525E43300204503020000000000B0
:10EB9000C1FD01000900000039490020973203003F
:10EBA00025390300F92D0200000000000F3D03008D
:10EBB00000000000F33C03008AC5030000000C00C5
:10EBC0000000000000000000000000000000000045
:10EBD0000000000000000000552F020000000000AF
:10EBE00000000000ACC5030000001000F095030019
:10EBF00000000000D54303000000000000000000FA
:10EC0000000000009896030006000100AD4D0200D0
:10EC1000C7CD0300D4CD0300F4CD0300FECD030027
:10EC20000CCE03001ACE030027CE03002FCE030024
:10EC30003ECE030000000000C8960300090000005B
:10EC40000748030000000000000000000000000072
:10EC5000000000000000000000000000F954020065
:10EC6000000000000000000022CF0300000014009C
:10EC700000000000834D03000000000000000000C1
:10EC800000000000695C02000000000000000000BD
:10EC900000000000498402000000000000000000A5
:10ECA00000000000017E02000000000000000000E3
:10ECB000A00A0020A00A00200000000000000000C0
:10ECC000C992020075A002000000000000000000D0
:10ECD00000000000A5970200255A030051590300C7
:10ECE0009D900200000000004A9E03000000020008
:10ECF000569E030000000A00669E030000002000EC
:10ED00000000000000000000000000000000000003
:10ED1000000000000000000000000000895E030009
:10ED2000000000007A9E030000000200869E03009F
:10ED300000000200929E0300000002001822002042
:10ED400000000000000000000000000000000000C3
:10ED500000000000409C0300010000004C0B00205C
:10ED60004C0B002000000000010000005C0B0020A4
:10ED70005C0B0020640B0020640B002000000000EE
:10ED800001000000740B0020740B00200000000044
:10ED90000000000000000000000000000000000073
:10EDA0000000000000000000000000000000000063
:10EDB000EC8D0300000000000000000000000000D7
:10EDC00000000000989C030001000000BC0B002024
:10EDD000BC0B00200000000001000000CC0B002054
:10EDE000CC0B0020D40B0020D40B0020000000002E
:10EDF00001000000E40B0020E40B002000000000F4
:10EE00000000000000000000000000000000000002
:10EE100000000000000000000000000000000000F2
:10EE2000008E030000000000000000000000000051
:10EE300000000000000000000000000000000000D2
:10EE400000000000000000000000000000000000C2
:10EE500000000000000000000000000000000000B2
:10EE600000000000000000000000000000000000A2
:10EE7000000000000000000000000000080000008A
:10EE8000FF00000000000000010000000000000082
:10EE9000FFFF0100840C0020840C002005021400F8
:10EEA00009090102000081005E015E01000090017D
:10EEB0000600060000009001000002020884AA601B
:10EEC00074528A8B86D34CB71D1DDC538D0601FF0F
:10EED000FF420000000000000000000000000000F1
:10EEE000000000000000000000FFFFFF0000000025
:10EEF000E00C0020E00C002074FF00200000000067
:10EF0000010000002C00000000000000FC0C0020AC
:10EF1000FC0C0020D0AE002000000000100000001B
:10EF20000801000000000000180D0020180D00204E
:10EF3000E06A00200000000001000000B0000000B6
:10EF400000000000340D0020340D0020A0FF002040
:10EF5000000000000600000010000000000000009B
:10EF600000000000D0960020001800000000000003
:10EF700000000000640D0020640D0020000000006F
:10EF8000000000000E000000780D0020780D002029
:10EF900000000000000000000E0000008C0D0020AA
:10EFA0008C0D002000000000000000000E0000009A
:10EFB000A00D0020A00D00200000000001000000B6
:10EFC000B00D0020B00D0020B80D0020B80D0020BD
:10EFD00000000000FFFFFFFFC80D0020C80D00204B
:10EFE0000000000000000000D80D0020D80D002017
:10EFF000E00D0020E00D00200000000000000000F7
:10F00000F00D0020F00D0020F80D0020F80D00207C
:10F010000000000000000000080E0020080E002084
:10F02000100E0020100E0020060006001000000048
:10F03000000000006C980300A4F100200000000014
:10F0400000000000340E0020340E00203C0E002092
:10F050003C0E00200600060010000000759602001D
:10F060001499030084FE002000000000000000004E
:10F07000600E0020600E0020680E0020680E002048
:10F080000300030001000000000000008897030057
:10F09000C8E0002000000000000000008C0E0020EE
:10F0A0008C0E0020940E0020940E00200100010020
:10F0B00010000000BD7C02005C98030098E5002071
:10F0C0000000000000000000B80E0020B80E002074
:10F0D000C00E0020C00E002003000300010000004D
:10F0E000000000002898030044E500200000000014
:10F0F00000000000E40E0020E40E0020EC0E0020D2
:10F10000EC0E0020040004000600000000000000D7
:10F1100078970300BCDF0020000000000000000022
:10F12000100F0020100F0020180F0020180F0020D3
:10F130000400040008000000000000001097030015
:10F1400050D7002000000000000000003C0F00200D
:10F150003C0F0020440F0020440F0020010001005C
:10F1600001000000000000009897030020E200204A
:10F1700015E015E007695001100020005260BC1036
:10F180000BEE695B942D8BB87C454904AB7C93BF37
:10F1900068B1FADAF17541CFA94909E4010020000C
:10F1A000FC5701DC6135E1323847BDC40F04D2E5BC
:10F1B000BEE5833B23C29F93593D00018CFA99948D
:10F1C00020000001AEEADFA17D6821F014756FBD5B
:10F1D000A9BCFA10E530ABD783F669D090A8828637
:10F1E0004F78366DE91D611167252AAA18A9E681B5
:10F1F0002A15AC630392D9DBA2FBC6D4B0D7C36790
:10F20000CB93C59917091CB853A887D9FF98D52265
:10F21000E7FA61EEFCCED8211182EA879946DF4DEC
:10F2200074B1A9566B51ED8C17D88FA5AD4009501C
:10F23000E442AA740331F103C1E85FC537943E0C80
:10F240006224F4C2CAA98226085547DF349152F0DD
:10F250006A319B73EB0831E6425C0ED24608306E91
:10F2600093B04AD1A06845516A711B818B8B4A22A9
:10F270002969BDCE046DA7BC1D9A940BD8D052331A
:10F28000164E9F714A1913C56D734ACC62D3CCB325
:10F29000B59D8E05151E56B6020B2C8838E33C2F03
:10F2A000CA2F654E67C082B20B5FFF1599F40D40FF
:10F2B00003B646AC28D95125B1A386026843492C30
:04F2C0009F75F46BD7
:00000001FF
