UF;81909332;751904;0xdeca;0xb103;0xa100;0xe0;19562;7;2332;125;4245;12
UF;81909344;751905;0xdeca;0xa103;0xb103;0xe1;18586;7;2042;120;3648;20
UL;81909344;33296;D;3;0xa103;0xb103;0xe1;18586;7;2042;120;3648;20
UF;81909399;751906;0xdeca;0xb102;0xa100;0xe0;19576;7;2115;119;6868;12
UF;81909531;751907;0xdeca;0xb103;0xa104;0xe0;19532;7;2075;118;4177;12
UF;81909543;751908;0xdeca;0xa107;0xb103;0xe1;17327;7;2000;123;5246;20
UL;81909543;33297;H;7;0xa107;0xb103;0xe1;17327;7;2000;123;5246;20
listener debug sel=A valid=1 age=1242 level=7 good=751908 accepted=33297 badhdr=6 nonanchor=718605 toolong=0 rxerr=1667 rxen_fail=0 rxen_last=0 sys_status=0x00800002 sys_state=000505480b rx_finfo=0x07b6c814 last_status=0x00801302 last_len=20 pan=0xdeca dst=0xb103 src=0xa107 code=0xe1
UF;81909618;751909;0xdeca;0xb102;0xa100;0xe0;19532;7;2075;118;7059;12
UF;81909734;751910;0xdeca;0xb103;0xa100;0xe0;21311;7;2500;124;6591;12
UF;81909747;751911;0xdeca;0xa100;0xb101;0xe1;18787;7;2204;124;4395;20
UL;81909747;33298;A;0;0xa100;0xb101;0xe1;18787;7;2204;124;4395;20
listener anchor=A src=0xa100 code=0xe1 level=7 q=18787 cir=2204 rxpacc=124 fp=4395/6906/6622 frames=214
UF;81909800;751912;0xdeca;0xb102;0xa100;0xe0;22382;8;2459;120;7467;12
UF;81909932;751913;0xdeca;0xb103;0xa104;0xe0;20206;7;2220;120;5994;12
UF;81909945;751914;0xdeca;0xb101;0xa100;0xe0;20227;7;2297;122;7566;12
UF;81909999;751915;0xdeca;0xb102;0xa100;0xe0;15817;7;1652;117;7245;12
UF;81910131;751916;0xdeca;0xb103;0xa100;0xe0;19560;7;2185;121;6931;12
UF;81910143;751917;0xdeca;0xa103;0xb103;0xe1;18334;7;2082;122;4187;20
UL;81910143;33299;D;3;0xa103;0xb103;0xe1;18334;7;2082;122;4187;20
UF;81910198;751918;0xdeca;0xb102;0xa102;0xe0;18896;7;2076;120;5421;12
UF;81910211;751919;0xdeca;0xa107;0xb102;0xe1;16693;7;1834;120;5908;20
UL;81910211;33300;H;7;0xa107;0xb102;0xe1;16693;7;1834;120;5908;20
UF;81910333;751920;0xdeca;0xb103;0xa104;0xe0;19103;7;2205;123;5652;12
UF;81910346;751921;0xdeca;0xa100;0xb101;0xe1;17884;7;2098;124;3518;20
UL;81910346;33301;A;0;0xa100;0xb101;0xe1;17884;7;2098;124;3518;20
UF;81910400;751922;0xdeca;0xb102;0xa102;0xe0;19222;7;2042;118;3323;12
UF;81910532;751923;0xdeca;0xb103;0xa100;0xe0;19655;7;2088;118;4664;12
UF;81910545;751924;0xdeca;0xb101;0xa102;0xe0;20134;7;2324;123;7446;12
listener debug sel=A valid=1 age=243 level=7 good=751924 accepted=33301 badhdr=6 nonanchor=718617 toolong=0 rxerr=1667 rxen_fail=0 rxen_last=0 sys_status=0x00800002 sys_state=000505450b rx_finfo=0x07b6c80c last_status=0x00801302 last_len=12 pan=0xdeca dst=0xa102 src=0xb101 code=0xe0
UF;81910619;751925;0xdeca;0xb102;0xa100;0xe0;17676;7;1942;120;843;12
UF;81910730;751926;0xdeca;0xb103;0xa104;0xe0;20640;7;2230;119;6493;12
UF;81910742;751927;0xdeca;0xb103;0xa107;0xe0;17958;7;1973;120;6579;12
UF;81910755;751928;0xdeca;0xa107;0xb101;0xe1;17139;7;1883;120;5850;20
UL;81910755;33302;H;7;0xa107;0xb101;0xe1;17139;7;1883;120;5850;20
UF;81910799;751929;0xdeca;0xb102;0xa100;0xe0;17747;7;2082;124;7722;12
UF;81910931;751930;0xdeca;0xb103;0xa100;0xe0;18332;7;2116;123;6837;12
UF;81910944;751931;0xdeca;0xa103;0xb103;0xe1;17490;7;1858;118;1871;20
UL;81910944;33303;D;3;0xa103;0xb103;0xe1;17490;7;1858;118;1871;20
UF;81910998;751932;0xdeca;0xb102;0xa100;0xe0;18686;7;2122;122;7549;12
UF;81911011;751933;0xdeca;0xa107;0xb102;0xe1;17394;7;1911;120;6256;20
UL;81911011;33304;H;7;0xa107;0xb102;0xe1;17394;7;1911;120;6256;20
UF;81911133;751934;0xdeca;0xb103;0xa104;0xe0;19478;7;2285;124;4837;12
UF;81911146;751935;0xdeca;0xb101;0xa100;0xe0;17058;7;1969;123;7516;12
UF;81911200;751936;0xdeca;0xb102;0xa100;0xe0;16902;7;1888;121;7064;12
UF;81911332;751937;0xdeca;0xb103;0xa100;0xe0;18393;7;1954;118;4801;12
UF;81911344;751938;0xdeca;0xa103;0xb103;0xe1;16184;7;1633;115;3099;20
UL;81911344;33305;D;3;0xa103;0xb103;0xe1;16184;7;1633;115;3099;20
UF;81911399;751939;0xdeca;0xb102;0xa100;0xe0;17780;7;1857;117;6801;12
UF;81911531;751940;0xdeca;0xb103;0xa104;0xe0;18586;7;2042;120;3806;12
UF;81911544;751941;0xdeca;0xb101;0xa100;0xe0;19913;7;2336;124;7559;12
listener debug sel=A valid=1 age=1246 level=7 good=751941 accepted=33305 badhdr=6 nonanchor=718630 toolong=0 rxerr=1667 rxen_fail=0 rxen_last=0 sys_status=0x00800002 sys_state=000505410b rx_finfo=0x07c6c80c last_status=0x00801302 last_len=12 pan=0xdeca dst=0xa100 src=0xb101 code=0xe0
UF;81911623;751942;0xdeca;0xb102;0xa100;0xe0;16317;7;1853;122;7361;12
UF;81911734;751943;0xdeca;0xb103;0xa100;0xe0;19683;7;2272;123;6919;12
UF;81911746;751944;0xdeca;0xa100;0xb101;0xe1;15783;7;1064;94;2656;20
UL;81911746;33306;A;0;0xa100;0xb101;0xe1;15783;7;1064;94;2656;20
listener anchor=A src=0xa100 code=0xe1 level=7 q=15783 cir=1064 rxpacc=94 fp=2656/4941/3722 frames=216
UF;81911800;751945;0xdeca;0xb102;0xa102;0xe0;19369;7;2128;120;7356;12
UF;81911932;751946;0xdeca;0xb103;0xa104;0xe0;18713;7;1988;118;3692;12
UF;81911944;751947;0xdeca;0xa107;0xb103;0xe1;15168;7;474;64;48;20
UL;81911944;33307;H;7;0xa107;0xb103;0xe1;15168;7;474;64;48;20
UF;81911998;751948;0xdeca;0xb102;0xa102;0xe0;16771;7;1812;119;6895;12
UF;81912011;751949;0xdeca;0xa107;0xb102;0xe1;17188;7;1984;123;5499;20
UL;81912011;33308;H;7;0xa107;0xb102;0xe1;17188;7;1984;123;5499;20
uwb any-frame t=81912133 good=751950 len=12 fctrl=8841 pan=0xdeca dst=0xa100 src=0xb103 code=0xe0 q=20404 level=7 cir=2317 rxpacc=122 fp=5436/6760/6512
UF;81912133;751950;0xdeca;0xb103;0xa100;0xe0;20404;7;2317;122;5436;12
UF;81912201;751951;0xdeca;0xb102;0xa100;0xe0;18364;7;1918;117;7114;12
UF;81912332;751952;0xdeca;0xb103;0xa104;0xe0;18695;7;2123;122;4692;12
UF;81912345;751953;0xdeca;0xb101;0xa102;0xe0;18786;7;2064;120;322;12
UF;81912399;751954;0xdeca;0xb102;0xa100;0xe0;17920;7;2035;122;5829;12
UF;81912531;751955;0xdeca;0xb103;0xa100;0xe0;19788;7;2174;120;3468;12
UF;81912543;751956;0xdeca;0xa103;0xb103;0xe1;18007;7;1913;118;4037;20
UL;81912543;33309;D;3;0xa103;0xb103;0xe1;18007;7;1913;118;4037;20
listener debug sel=A valid=1 age=847 level=7 good=751956 accepted=33309 badhdr=6 nonanchor=718641 toolong=0 rxerr=1667 rxen_fail=0 rxen_last=0 sys_status=0x00800002 sys_state=000505410b rx_finfo=0x0766c814 last_status=0x00801302 last_len=20 pan=0xdeca dst=0xb103 src=0xa103 code=0xe1
UF;81912623;751957;0xdeca;0xb102;0xa100;0xe0;17254;7;1802;117;3260;12
UF;81912734;751958;0xdeca;0xb103;0xa104;0xe0;19770;7;2172;120;7140;12
UF;81912747;751959;0xdeca;0xb101;0xa102;0xe0;18871;7;2108;121;6875;12
UF;81912801;751960;0xdeca;0xb102;0xa100;0xe0;17309;7;1998;123;1146;12
UF;81912933;751961;0xdeca;0xb103;0xa100;0xe0;20279;7;2118;117;5873;12
UF;81912945;751962;0xdeca;0xb101;0xa100;0xe0;18186;7;1998;120;6810;12
UF;81913000;751963;0xdeca;0xb102;0xa100;0xe0;19042;7;2198;123;3454;12
UF;81913131;751964;0xdeca;0xb103;0xa104;0xe0;19347;7;2197;122;6918;12
UF;81913144;751965;0xdeca;0xa107;0xb103;0xe1;16335;7;1855;122;5821;20
UL;81913144;33310;H;7;0xa107;0xb103;0xe1;16335;7;1855;122;5821;20
UF;81913199;751966;0xdeca;0xb102;0xa100;0xe0;17467;7;1919;120;7188;12
UF;81913330;751967;0xdeca;0xb103;0xa100;0xe0;19311;7;2229;123;4715;12
UF;81913343;751968;0xdeca;0xb103;0xa103;0xe0;18277;7;2008;120;4643;12
UF;81913356;751969;0xdeca;0xa103;0xb103;0xe1;5614;5;648;123;1625;20
UL;81913356;33311;D;3;0xa103;0xb103;0xe1;5614;5;648;123;1625;20
UF;81913399;751970;0xdeca;0xb102;0xa102;0xe0;18850;7;2071;120;7280;12
UF;81913417;751971;0xdeca;0xb101;0xa107;0xe0;16024;7;1790;121;7510;12
UF;81913533;751972;0xdeca;0xb103;0xa104;0xe0;18958;7;1980;117;4104;12
UF;81913546;751973;0xdeca;0xa100;0xb101;0xe1;18622;7;2012;119;5644;20
UL;81913546;33312;A;0;0xa100;0xb101;0xe1;18622;7;2012;119;5644;20
listener anchor=A src=0xa100 code=0xe1 level=7 q=18622 cir=2012 rxpacc=119 fp=5644/5542/6929 frames=217
listener debug sel=A valid=1 age=48 level=7 good=751973 accepted=33312 badhdr=6 nonanchor=718655 toolong=0 rxerr=1667 rxen_fail=0 rxen_last=0 sys_status=0x00800002 sys_state=000505440b rx_finfo=0x0776c814 last_status=0x00801302 last_len=20 pan=0xdeca dst=0xb101 src=0xa100 code=0xe1
UF;81913624;751974;0xdeca;0xb102;0xa102;0xe0;16891;7;1825;119;7364;12
UF;81913730;751975;0xdeca;0xb103;0xa100;0xe0;20201;7;2294;122;6300;12
UF;81913743;751976;0xdeca;0xa103;0xb103;0xe1;18446;7;2199;125;2731;20
UL;81913743;33313;D;3;0xa103;0xb103;0xe1;18446;7;2199;125;2731;20
UF;81913797;751977;0xdeca;0xb102;0xa100;0xe0;18113;7;1990;120;7424;12
UF;81913810;751978;0xdeca;0xa107;0xb102;0xe1;17841;7;2026;122;6199;20
UL;81913810;33314;H;7;0xa107;0xb102;0xe1;17841;7;2026;122;6199;20
UF;81913932;751979;0xdeca;0xb103;0xa104;0xe0;19226;7;2008;117;6810;12
UF;81913945;751980;0xdeca;0xb101;0xa102;0xe0;17130;7;1882;120;7367;12
UF;81913999;751981;0xdeca;0xb102;0xa100;0xe0;16492;7;1752;118;7232;12
UF;81914131;751982;0xdeca;0xb103;0xa100;0xe0;19706;7;2165;120;5442;12
UF;81914143;751983;0xdeca;0xa103;0xb103;0xe1;17841;7;2026;122;2733;20
UL;81914143;33315;D;3;0xa103;0xb103;0xe1;17841;7;2026;122;2733;20
UF;81914198;751984;0xdeca;0xb102;0xa100;0xe0;21845;7;2400;120;7319;12
UF;81914330;751985;0xdeca;0xb103;0xa104;0xe0;21084;7;2202;117;6120;12
UF;81914343;751986;0xdeca;0xb103;0xa107;0xe0;19654;7;2343;125;7229;12
UF;81914402;751987;0xdeca;0xb102;0xa100;0xe0;18974;7;2050;119;7005;12
UF;81914534;751988;0xdeca;0xb103;0xa100;0xe0;18233;7;1937;118;3758;12
UF;81914546;751989;0xdeca;0xa100;0xb101;0xe1;18010;7;2147;125;4469;20
UL;81914546;33316;A;0;0xa100;0xb101;0xe1;18010;7;2147;125;4469;20
listener anchor=A src=0xa100 code=0xe1 level=7 q=18010 cir=2147 rxpacc=125 fp=4469/6932/5124 frames=218
listener debug sel=A valid=1 age=49 level=7 good=751989 accepted=33316 badhdr=6 nonanchor=718667 toolong=0 rxerr=1667 rxen_fail=0 rxen_last=0 sys_status=0x00800002 sys_state=000505430b rx_finfo=0x07d6c814 last_status=0x00801302 last_len=20 pan=0xdeca dst=0xb101 src=0xa100 code=0xe1
UF;81914625;751990;0xdeca;0xb102;0xa100;0xe0;15199;7;1726;122;5144;12
UF;81914731;751991;0xdeca;0xb103;0xa104;0xe0;19261;7;2081;119;6346;12
UF;81914743;751992;0xdeca;0xb103;0xa107;0xe0;19130;7;1998;117;6728;12
UF;81914797;751993;0xdeca;0xb102;0xa100;0xe0;19353;7;2056;118;716;12
UF;81914810;751994;0xdeca;0xa107;0xb102;0xe1;17637;7;1842;117;5950;20
UL;81914810;33317;H;7;0xa107;0xb102;0xe1;17637;7;1842;117;5950;20
UF;81914932;751995;0xdeca;0xb103;0xa100;0xe0;19068;7;2130;121;5657;12
UF;81914945;751996;0xdeca;0xb101;0xa100;0xe0;17951;7;2072;123;7324;12
UF;81914999;751997;0xdeca;0xb102;0xa102;0xe0;19441;7;2244;123;7592;12
UF;81915131;751998;0xdeca;0xb103;0xa104;0xe0;19176;7;2142;121;3471;12
UF;81915143;751999;0xdeca;0xb103;0xa107;0xe0;17560;7;879;81;2787;12
uwb any-frame t=81915197 good=752000 len=12 fctrl=8841 pan=0xdeca dst=0xa102 src=0xb102 code=0xe0 q=18104 level=7 cir=1989 rxpacc=120 fp=7164/7284/6841
UF;81915197;752000;0xdeca;0xb102;0xa102;0xe0;18104;7;1989;120;7164;12
UF;81915332;752001;0xdeca;0xb103;0xa100;0xe0;19915;7;2080;117;5471;12
UF;81915345;752002;0xdeca;0xb101;0xa102;0xe0;16939;7;1861;120;7012;12
UF;81915399;752003;0xdeca;0xb102;0xa100;0xe0;16668;7;1924;123;6949;12
UF;81915531;752004;0xdeca;0xb103;0xa104;0xe0;19606;7;2154;120;5912;12
UF;81915543;752005;0xdeca;0xa107;0xb103;0xe1;17499;7;1859;118;5486;20
UL;81915543;33318;H;7;0xa107;0xb103;0xe1;17499;7;1859;118;5486;20
UF;81915598;752006;0xdeca;0xb102;0xa100;0xe0;17285;7;1899;120;7241;12
listener debug sel=A valid=1 age=1052 level=7 good=752006 accepted=33318 badhdr=6 nonanchor=718682 toolong=0 rxerr=1667 rxen_fail=0 rxen_last=0 sys_status=0x00800002 sys_state=000505460b rx_finfo=0x0786c80c last_status=0x00801302 last_len=12 pan=0xdeca dst=0xa100 src=0xb102 code=0xe0
UF;81915636;752007;0xdeca;0xa107;0xb102;0xe1;17386;7;1847;118;5655;20
UL;81915636;33319;H;7;0xa107;0xb102;0xe1;17386;7;1847;118;5655;20
UF;81915732;752008;0xdeca;0xb103;0xa100;0xe0;20716;7;2276;120;6757;12
UF;81915744;752009;0xdeca;0xb101;0xa100;0xe0;19008;7;2266;125;7302;12
UF;81915798;752010;0xdeca;0xb102;0xa100;0xe0;17359;7;1813;117;6995;12
UF;81915811;752011;0xdeca;0xa107;0xb102;0xe1;17312;7;1902;120;6550;20
UL;81915811;33320;H;7;0xa107;0xb102;0xe1;17312;7;1902;120;6550;20
UF;81915933;752012;0xdeca;0xb103;0xa104;0xe0;20210;7;2295;122;4339;12
UF;81915946;752013;0xdeca;0xb101;0xa100;0xe0;17045;7;1904;121;7385;12
UF;81916000;752014;0xdeca;0xb102;0xa100;0xe0;17041;7;1967;123;7411;12
UF;81916131;752015;0xdeca;0xb103;0xa100;0xe0;19418;7;2028;117;4965;12
UF;81916144;752016;0xdeca;0xa103;0xb103;0xe1;14418;7;309;53;1209;20
UL;81916144;33321;D;3;0xa103;0xb103;0xe1;14418;7;309;53;1209;20
UF;81916198;752017;0xdeca;0xb102;0xa100;0xe0;16009;7;1672;117;6748;12
UF;81916330;752018;0xdeca;0xb103;0xa104;0xe0;20148;7;2288;122;6245;12
UF;81916342;752019;0xdeca;0xb103;0xa107;0xe0;20733;7;2316;121;7023;12
UF;81916355;752020;0xdeca;0xa105;0xb101;0xe1;18525;7;1968;118;6656;20
UL;81916355;33322;F;5;0xa105;0xb101;0xe1;18525;7;1968;118;6656;20
UF;81916399;752021;0xdeca;0xb102;0xa100;0xe0;16464;7;1749;118;7068;12
UF;81916530;752022;0xdeca;0xb103;0xa100;0xe0;19232;7;2113;120;2955;12
UF;81916543;752023;0xdeca;0xb103;0xa103;0xe0;19995;7;2308;123;4593;12
UF;81916597;752024;0xdeca;0xb102;0xa102;0xe0;18304;7;2011;120;6439;12
UF;81916609;752025;0xdeca;0xa107;0xb102;0xe1;16854;7;1821;119;5807;20
UL;81916609;33323;H;7;0xa107;0xb102;0xe1;16854;7;1821;119;5807;20
listener debug sel=A valid=1 age=2063 level=7 good=752025 accepted=33323 badhdr=6 nonanchor=718696 toolong=0 rxerr=1667 rxen_fail=0 rxen_last=0 sys_status=0x00800002 sys_state=000505450b rx_finfo=0x0776c814 last_status=0x00801302 last_len=20 pan=0xdeca dst=0xb102 src=0xa107 code=0xe1
UF;81916731;752026;0xdeca;0xb103;0xa104;0xe0;20263;7;2301;122;5807;12
UF;81916743;752027;0xdeca;0xb103;0xa107;0xe0;22649;8;2657;124;7299;12
UF;81916797;752028;0xdeca;0xb102;0xa102;0xe0;16798;7;1939;123;4143;12
UF;81916810;752029;0xdeca;0xa107;0xb102;0xe1;17355;7;2036;124;6169;20
UL;81916810;33324;H;7;0xa107;0xb102;0xe1;17355;7;2036;124;6169;20
UF;81916931;752030;0xdeca;0xb103;0xa100;0xe0;18685;7;1985;118;2582;12
UF;81916944;752031;0xdeca;0xa103;0xb103;0xe1;18862;7;1970;117;4624;20
UL;81916944;33325;D;3;0xa103;0xb103;0xe1;18862;7;1970;117;4624;20
UF;81916999;752032;0xdeca;0xb102;0xa100;0xe0;17422;7;2011;123;1407;12
UF;81917130;752033;0xdeca;0xb103;0xa104;0xe0;17895;7;1999;121;6825;12
UF;81917143;752034;0xdeca;0xb103;0xa107;0xe0;18365;7;1951;118;1642;12
UF;81917155;752035;0xdeca;0xa107;0xb101;0xe1;15100;7;719;79;3659;20
UL;81917155;33326;H;7;0xa107;0xb101;0xe1;15100;7;719;79;3659;20
UF;81917199;752036;0xdeca;0xb102;0xa100;0xe0;19346;7;2161;121;6770;12
UF;81917331;752037;0xdeca;0xb103;0xa100;0xe0;20196;7;2182;119;6472;12
UF;81917343;752038;0xdeca;0xb103;0xa103;0xe0;19587;7;2152;120;6593;12
UF;81917397;752039;0xdeca;0xb102;0xa100;0xe0;16141;7;1833;122;6720;12
UF;81917410;752040;0xdeca;0xb102;0xa107;0xe0;18353;7;2153;124;7521;12
UF;81917531;752041;0xdeca;0xb103;0xa104;0xe0;18267;7;2143;124;6816;12
UF;81917543;752042;0xdeca;0xa107;0xb103;0xe1;17262;7;1865;119;3824;20
UL;81917543;33327;H;7;0xa107;0xb103;0xe1;17262;7;1865;119;3824;20
UF;81917598;752043;0xdeca;0xb102;0xa100;0xe0;19598;7;2082;118;6901;12
UF;81917610;752044;0xdeca;0xa105;0xb102;0xe1;18665;7;2085;121;6912;20
UL;81917610;33328;F;5;0xa105;0xb102;0xe1;18665;7;2085;121;6912;20
listener debug sel=A valid=1 age=3064 level=7 good=752044 accepted=33328 badhdr=6 nonanchor=718710 toolong=0 rxerr=1667 rxen_fail=0 rxen_last=0 sys_status=0x00800002 sys_state=000505470b rx_finfo=0x0796c814 last_status=0x00801302 last_len=20 pan=0xdeca dst=0xb102 src=0xa105 code=0xe1
UF;81917732;752045;0xdeca;0xb103;0xa100;0xe0;20219;7;2296;122;7106;12
UF;81917744;752046;0xdeca;0xb101;0xa100;0xe0;18213;7;2001;120;7276;12
UF;81917798;752047;0xdeca;0xb102;0xa100;0xe0;19752;7;2243;122;7530;12
UF;81917811;752048;0xdeca;0xa105;0xb102;0xe1;17296;7;1932;121;6929;20
UL;81917811;33329;F;5;0xa105;0xb102;0xe1;17296;7;1932;121;6929;20
UF;81917932;752049;0xdeca;0xb103;0xa104;0xe0;17198;7;1827;118;3929;12
uwb any-frame t=81917945 good=752050 len=12 fctrl=8841 pan=0xdeca dst=0xa100 src=0xb101 code=0xe0 q=15980 level=7 cir=1785 rxpacc=121 fp=6972/7251/4239
UF;81917945;752050;0xdeca;0xb101;0xa100;0xe0;15980;7;1785;121;6972;12
UF;81917997;752051;0xdeca;0xb102;0xa100;0xe0;19382;7;2059;118;6811;12
UF;81918009;752052;0xdeca;0xb102;0xa107;0xe0;22478;8;2637;124;7629;12
UF;81918130;752053;0xdeca;0xb103;0xa100;0xe0;18652;7;1948;117;4308;12
UF;81918143;752054;0xdeca;0xa103;0xb103;0xe1;18022;7;1980;120;2021;20
UL;81918143;33330;D;3;0xa103;0xb103;0xe1;18022;7;1980;120;2021;20
UF;81918197;752055;0xdeca;0xb102;0xa102;0xe0;21503;7;2482;123;7475;12
UF;81918210;752056;0xdeca;0xa107;0xb102;0xe1;16863;7;1915;122;6078;20
UL;81918210;33331;H;7;0xa107;0xb102;0xe1;16863;7;1915;122;6078;20
UF;81918332;752057;0xdeca;0xb103;0xa104;0xe0;20434;7;2245;120;6446;12
UF;81918344;752058;0xdeca;0xb101;0xa100;0xe0;20598;7;2263;120;7514;12
UF;81918398;752059;0xdeca;0xb102;0xa102;0xe0;15984;7;1727;119;7220;12
UF;81918530;752060;0xdeca;0xb103;0xa100;0xe0;20577;7;2186;118;4132;12
UF;81918542;752061;0xdeca;0xb103;0xa103;0xe0;18647;7;1981;118;4981;12
UF;81918555;752062;0xdeca;0xa107;0xb101;0xe1;17248;7;1895;120;5030;20
UL;81918555;33332;H;7;0xa107;0xb101;0xe1;17248;7;1895;120;5030;20
UF;81918599;752063;0xdeca;0xb102;0xa100;0xe0;18723;7;2057;120;4306;12
listener debug sel=A valid=1 age=4066 level=7 good=752063 accepted=33332 badhdr=6 nonanchor=718725 toolong=0 rxerr=1667 rxen_fail=0 rxen_last=0 sys_status=0x00800002 sys_state=000505430b rx_finfo=0x0786c80c last_status=0x00801302 last_len=12 pan=0xdeca dst=0xa100 src=0xb102 code=0xe0
UF;81918735;752064;0xdeca;0xb103;0xa104;0xe0;18186;7;1932;118;4164;12
UF;81918747;752065;0xdeca;0xb101;0xa100;0xe0;20825;7;2443;124;7668;12
UF;81918801;752066;0xdeca;0xb102;0xa100;0xe0;18495;7;2032;120;6487;12
UF;81918933;752067;0xdeca;0xb103;0xa100;0xe0;19501;7;2251;123;7012;12
UF;81918945;752068;0xdeca;0xb101;0xa100;0xe0;15846;7;1741;120;6780;12
UF;81918999;752069;0xdeca;0xb102;0xa100;0xe0;18317;7;1979;119;7019;12
UF;81919131;752070;0xdeca;0xb103;0xa104;0xe0;18685;7;2192;124;5523;12
UF;81919143;752071;0xdeca;0xa107;0xb103;0xe1;16966;7;1772;117;137;20
UL;81919143;33333;H;7;0xa107;0xb103;0xe1;16966;7;1772;117;137;20
UF;81919198;752072;0xdeca;0xb102;0xa100;0xe0;17423;7;2077;125;7609;12
UF;81919210;752073;0xdeca;0xa105;0xb102;0xe1;17914;7;1871;117;6655;20
UL;81919210;33334;F;5;0xa105;0xb102;0xe1;17914;7;1871;117;6655;20
UF;81919332;752074;0xdeca;0xb103;0xa100;0xe0;20475;7;2402;124;7380;12
UF;81919344;752075;0xdeca;0xb101;0xa100;0xe0;16873;7;1823;119;7081;12
UF;81919398;752076;0xdeca;0xb102;0xa100;0xe0;18097;7;2123;124;7566;12
UF;81919535;752077;0xdeca;0xb103;0xa104;0xe0;19791;7;2067;117;5845;12
UF;81919547;752078;0xdeca;0xa100;0xb101;0xe1;15817;7;558;68;1617;20
UL;81919547;33335;A;0;0xa100;0xb101;0xe1;15817;7;558;68;1617;20
listener anchor=A src=0xa100 code=0xe1 level=7 q=15817 cir=558 rxpacc=68 fp=1617/3682/3108 frames=219
UF;81919600;752079;0xdeca;0xb102;0xa100;0xe0;18659;7;2050;120;7426;12
listener debug sel=A valid=1 age=66 level=7 good=752079 accepted=33335 badhdr=6 nonanchor=718738 toolong=0 rxerr=1667 rxen_fail=0 rxen_last=0 sys_status=0x00800002 sys_state=000505480b rx_finfo=0x0786c80c last_status=0x00801302 last_len=12 pan=0xdeca dst=0xa100 src=0xb102 code=0xe0
UF;81919731;752080;0xdeca;0xb103;0xa100;0xe0;19979;7;2195;120;6723;12
UF;81919744;752081;0xdeca;0xa103;0xb103;0xe1;15199;7;635;74;1325;20
UL;81919744;33336;D;3;0xa103;0xb103;0xe1;15199;7;635;74;1325;20
UF;81919798;752082;0xdeca;0xb102;0xa102;0xe0;17876;7;1964;120;6885;12
UF;81919811;752083;0xdeca;0xa107;0xb102;0xe1;11434;6;95;33;1070;20
UL;81919811;33337;H;7;0xa107;0xb102;0xe1;11434;6;95;33;1070;20
UF;81919932;752084;0xdeca;0xb103;0xa104;0xe0;20654;7;2423;124;4902;12
UF;81919945;752085;0xdeca;0xb101;0xa100;0xe0;19523;7;2217;122;7288;12
UF;81919999;752086;0xdeca;0xb102;0xa102;0xe0;19039;7;2162;122;7571;12
UF;81920131;752087;0xdeca;0xb103;0xa100;0xe0;18886;7;2180;123;6707;12
UF;81920143;752088;0xdeca;0xa103;0xb103;0xe1;17991;7;1879;117;2673;20
UL;81920143;33338;D;3;0xa103;0xb103;0xe1;17991;7;1879;117;2673;20
UF;81920198;752089;0xdeca;0xb102;0xa100;0xe0;18271;7;1974;119;7243;12
UF;81920330;752090;0xdeca;0xb103;0xa104;0xe0;18951;7;2152;122;6928;12
UF;81920343;752091;0xdeca;0xb103;0xa107;0xe0;19144;7;2174;122;4844;12
UF;81920397;752092;0xdeca;0xb102;0xa100;0xe0;17074;7;2003;124;7129;12
UF;81920409;752093;0xdeca;0xb102;0xa105;0xe0;21032;7;1027;80;4775;12
UF;81920531;752094;0xdeca;0xb103;0xa100;0xe0;19910;7;2224;121;6735;12
UF;81920543;752095;0xdeca;0xa103;0xb103;0xe1;18030;7;1948;119;3236;20
UL;81920543;33339;D;3;0xa103;0xb103;0xe1;18030;7;1948;119;3236;20
UF;81920598;752096;0xdeca;0xb102;0xa100;0xe0;18495;7;2032;120;7253;12
UF;81920611;752097;0xdeca;0xa107;0xb102;0xe1;17132;7;1820;118;5684;20
UL;81920611;33340;H;7;0xa107;0xb102;0xe1;17132;7;1820;118;5684;20
listener debug sel=A valid=1 age=1082 level=7 good=752097 accepted=33340 badhdr=6 nonanchor=718751 toolong=0 rxerr=1667 rxen_fail=0 rxen_last=0 sys_status=0x00800002 sys_state=000505430b rx_finfo=0x0766c814 last_status=0x00801302 last_len=20 pan=0xdeca dst=0xb102 src=0xa107 code=0xe1
UF;81920732;752098;0xdeca;0xb103;0xa104;0xe0;19892;7;2222;121;6776;12
UF;81920745;752099;0xdeca;0xb101;0xa100;0xe0;20379;7;2239;120;5496;12
uwb any-frame t=81920799 good=752100 len=12 fctrl=8841 pan=0xdeca dst=0xa100 src=0xb102 code=0xe0 q=15272 level=7 cir=1706 rxpacc=121 fp=2824/3413/2425
UF;81920799;752100;0xdeca;0xb102;0xa100;0xe0;15272;7;1706;121;2824;12
UF;81920934;752101;0xdeca;0xb103;0xa100;0xe0;19597;7;2262;123;3312;12
UF;81920946;752102;0xdeca;0xa100;0xb101;0xe1;18768;7;2062;120;2121;20
UL;81920946;33341;A;0;0xa100;0xb101;0xe1;18768;7;2062;120;2121;20
listener anchor=A src=0xa100 code=0xe1 level=7 q=18768 cir=2062 rxpacc=120 fp=2121/6990/6443 frames=220
UF;81921000;752103;0xdeca;0xb102;0xa100;0xe0;17826;7;1926;119;1159;12
UF;81921132;752104;0xdeca;0xb103;0xa104;0xe0;20976;7;2382;122;6840;12
UF;81921144;752105;0xdeca;0xb101;0xa100;0xe0;22967;8;2651;123;7181;12
UF;81921198;752106;0xdeca;0xb102;0xa100;0xe0;17104;7;1817;118;3232;12
UF;81921211;752107;0xdeca;0xa107;0xb102;0xe1;16566;7;1820;120;5963;20
UL;81921211;33342;H;7;0xa107;0xb102;0xe1;16566;7;1820;120;5963;20
UF;81921333;752108;0xdeca;0xb103;0xa100;0xe0;19475;7;2248;123;6921;12
UF;81921346;752109;0xdeca;0xa100;0xb101;0xe1;19497;7;2214;122;3192;20
UL;81921346;33343;A;0;0xa100;0xb101;0xe1;19497;7;2214;122;3192;20
UF;81921401;752110;0xdeca;0xb102;0xa102;0xe0;17885;7;1965;120;7318;12
UF;81921532;752111;0xdeca;0xb103;0xa104;0xe0;18652;7;2153;123;6241;12
UF;81921545;752112;0xdeca;0xb101;0xa100;0xe0;20031;7;2128;118;7596;12
UF;81921599;752113;0xdeca;0xb102;0xa102;0xe0;17564;7;1962;121;7396;12
listener debug sel=A valid=1 age=286 level=7 good=752113 accepted=33343 badhdr=6 nonanchor=718764 toolong=0 rxerr=1667 rxen_fail=0 rxen_last=0 sys_status=0x00800002 sys_state=000505440b rx_finfo=0x0796c80c last_status=0x00801302 last_len=12 pan=0xdeca dst=0xa102 src=0xb102 code=0xe0
UF;81921730;752114;0xdeca;0xb103;0xa100;0xe0;19798;7;2139;119;6557;12
UF;81921743;752115;0xdeca;0xa103;0xb103;0xe1;17030;7;1871;120;2183;20
UL;81921743;33344;D;3;0xa103;0xb103;0xe1;17030;7;1871;120;2183;20
UF;81921797;752116;0xdeca;0xb102;0xa100;0xe0;20080;7;2243;121;7475;12
UF;81921810;752117;0xdeca;0xa107;0xb102;0xe1;16890;7;1918;122;143;20
UL;81921810;33345;H;7;0xa107;0xb102;0xe1;16890;7;1918;122;143;20
UF;81921932;752118;0xdeca;0xb103;0xa104;0xe0;20335;7;2197;119;6882;12
UF;81921945;752119;0xdeca;0xb101;0xa102;0xe0;18337;7;1948;118;6482;12
UF;81921999;752120;0xdeca;0xb102;0xa100;0xe0;17600;7;1966;121;6887;12
UF;81922131;752121;0xdeca;0xb103;0xa100;0xe0;18801;7;2135;122;4778;12
UF;81922143;752122;0xdeca;0xa103;0xb103;0xe1;17743;7;1982;121;3004;20
UL;81922143;33346;D;3;0xa103;0xb103;0xe1;17743;7;1982;121;3004;20
UF;81922198;752123;0xdeca;0xb102;0xa100;0xe0;19347;7;2197;122;7198;12
UF;81922330;752124;0xdeca;0xb103;0xa104;0xe0;21581;7;2491;123;6648;12
UF;81922343;752125;0xdeca;0xb103;0xa107;0xe0;21087;7;2434;123;7101;12
UF;81922355;752126;0xdeca;0xa107;0xb101;0xe1;17665;7;1845;117;5347;20
UL;81922355;33347;H;7;0xa107;0xb101;0xe1;17665;7;1845;117;5347;20
UF;81922400;752127;0xdeca;0xb102;0xa100;0xe0;18817;7;2033;119;7155;12
UF;81922531;752128;0xdeca;0xb103;0xa100;0xe0;19857;7;2292;123;4413;12
UF;81922544;752129;0xdeca;0xb101;0xa100;0xe0;19438;7;2065;118;7094;12
UF;81922598;752130;0xdeca;0xb102;0xa100;0xe0;19231;7;2256;124;6732;12
listener debug sel=A valid=1 age=1291 level=7 good=752130 accepted=33347 badhdr=6 nonanchor=718777 toolong=0 rxerr=1667 rxen_fail=0 rxen_last=0 sys_status=0x00800002 sys_state=000505440b rx_finfo=0x07c6c80c last_status=0x00801302 last_len=12 pan=0xdeca dst=0xa100 src=0xb102 code=0xe0
UF;81922734;752131;0xdeca;0xb103;0xa104;0xe0;18792;7;2134;122;3686;12
UF;81922747;752132;0xdeca;0xb101;0xa102;0xe0;19193;7;2039;118;7318;12
UF;81922801;752133;0xdeca;0xb102;0xa100;0xe0;18853;7;1969;117;3302;12
UF;81922933;752134;0xdeca;0xb103;0xa100;0xe0;19329;7;2195;122;3417;12
UF;81922945;752135;0xdeca;0xb101;0xa100;0xe0;18776;7;1961;117;5636;12
UF;81923000;752136;0xdeca;0xb102;0xa102;0xe0;17576;7;1931;120;5661;12
UF;81923131;752137;0xdeca;0xb103;0xa104;0xe0;19563;7;2295;124;4975;12
UF;81923144;752138;0xdeca;0xb101;0xa100;0xe0;20194;7;2369;124;7256;12
UF;81923198;752139;0xdeca;0xb102;0xa102;0xe0;19187;7;2108;120;6809;12
UF;81923211;752140;0xdeca;0xa107;0xb102;0xe1;17358;7;1844;118;78;20
UL;81923211;33348;H;7;0xa107;0xb102;0xe1;17358;7;1844;118;78;20
UF;81923333;752141;0xdeca;0xb103;0xa100;0xe0;20500;7;2328;122;6777;12
UF;81923345;752142;0xdeca;0xb101;0xa102;0xe0;16651;7;1922;123;7116;12
UF;81923399;752143;0xdeca;0xb102;0xa100;0xe0;19162;7;2248;124;7672;12
UF;81923531;752144;0xdeca;0xb103;0xa104;0xe0;17385;7;1942;121;5590;12
UF;81923544;752145;0xdeca;0xa107;0xb103;0xe1;17194;7;1889;120;5894;20
UL;81923544;33349;H;7;0xa107;0xb103;0xe1;17194;7;1889;120;5894;20
UF;81923598;752146;0xdeca;0xb102;0xa100;0xe0;20126;7;2361;124;7473;12
listener debug sel=A valid=1 age=2291 level=7 good=752146 accepted=33349 badhdr=6 nonanchor=718791 toolong=0 rxerr=1667 rxen_fail=0 rxen_last=0 sys_status=0x00800002 sys_state=000505480b rx_finfo=0x07c6c80c last_status=0x00801302 last_len=12 pan=0xdeca dst=0xa100 src=0xb102 code=0xe0
UF;81923735;752147;0xdeca;0xb103;0xa100;0xe0;18914;7;2078;120;6768;12
UF;81923747;752148;0xdeca;0xa100;0xb101;0xe1;15487;7;814;83;2273;20
UL;81923747;33350;A;0;0xa100;0xb101;0xe1;15487;7;814;83;2273;20
listener anchor=A src=0xa100 code=0xe1 level=7 q=15487 cir=814 rxpacc=83 fp=2273/4499/4173 frames=222
UF;81923800;752149;0xdeca;0xb102;0xa100;0xe0;18209;7;2034;121;7131;12
uwb any-frame t=81923932 good=752150 len=12 fctrl=8841 pan=0xdeca dst=0xa104 src=0xb103 code=0xe0 q=19879 level=7 cir=2184 rxpacc=120 fp=6747/7507/4543
UF;81923932;752150;0xdeca;0xb103;0xa104;0xe0;19879;7;2184;120;6747;12
UF;81924000;752151;0xdeca;0xb102;0xa100;0xe0;20584;7;2224;119;7384;12
UF;81924131;752152;0xdeca;0xb103;0xa100;0xe0;19498;7;2178;121;5837;12
UF;81924144;752153;0xdeca;0xa103;0xb103;0xe1;17197;7;1858;119;2768;20
UL;81924144;33351;D;3;0xa103;0xb103;0xe1;17197;7;1858;119;2768;20
UF;81924199;752154;0xdeca;0xb102;0xa100;0xe0;20047;7;2314;123;7527;12
UF;81924331;752155;0xdeca;0xb103;0xa104;0xe0;19629;7;2229;122;6959;12
UF;81924343;752156;0xdeca;0xb103;0xa107;0xe0;18049;7;1983;120;5887;12
UF;81924397;752157;0xdeca;0xb102;0xa100;0xe0;21823;7;2519;123;7607;12
UF;81924410;752158;0xdeca;0xa107;0xb102;0xe1;17230;7;1893;120;5335;20
UL;81924410;33352;H;7;0xa107;0xb102;0xe1;17230;7;1893;120;5335;20
UF;81924532;752159;0xdeca;0xb103;0xa100;0xe0;18522;7;2138;123;5253;12
UF;81924545;752160;0xdeca;0xb101;0xa100;0xe0;19881;7;2148;119;6953;12
UF;81924599;752161;0xdeca;0xb102;0xa102;0xe0;18779;7;2203;124;6995;12
listener debug sel=A valid=1 age=890 level=7 good=752161 accepted=33352 badhdr=6 nonanchor=718803 toolong=0 rxerr=1667 rxen_fail=0 rxen_last=0 sys_status=0x00800002 sys_state=000505400b rx_finfo=0x07c6c80c last_status=0x00801302 last_len=12 pan=0xdeca dst=0xa102 src=0xb102 code=0xe0
UF;81924735;752162;0xdeca;0xb103;0xa104;0xe0;19127;7;2172;122;5874;12
UF;81924747;752163;0xdeca;0xb101;0xa102;0xe0;19328;7;2159;121;2015;12
UF;81924796;752164;0xdeca;0xb102;0xa102;0xe0;16925;7;1798;118;5806;12
UF;81924809;752165;0xdeca;0xb102;0xa107;0xe0;17294;7;1900;120;2490;12
UF;81924930;752166;0xdeca;0xb103;0xa100;0xe0;19442;7;2136;120;6928;12
UF;81924943;752167;0xdeca;0xa103;0xb103;0xe1;17826;7;1926;119;4851;20
UL;81924943;33353;D;3;0xa103;0xb103;0xe1;17826;7;1926;119;4851;20
UF;81924998;752168;0xdeca;0xb102;0xa100;0xe0;16584;7;1822;120;2372;12
UF;81925130;752169;0xdeca;0xb103;0xa104;0xe0;20106;7;2209;120;5947;12
UF;81925142;752170;0xdeca;0xb103;0xa107;0xe0;15826;7;213;42;2130;12
UF;81925201;752171;0xdeca;0xb102;0xa100;0xe0;17303;7;1901;120;1530;12
UF;81925333;752172;0xdeca;0xb103;0xa100;0xe0;19705;7;2129;119;6829;12
UF;81925346;752173;0xdeca;0xb101;0xa100;0xe0;15977;7;1219;100;5595;12
UF;81925400;752174;0xdeca;0xb102;0xa100;0xe0;17734;7;2047;123;7647;12
UF;81925532;752175;0xdeca;0xb103;0xa104;0xe0;18817;7;1999;118;6696;12
UF;81925544;752176;0xdeca;0xb101;0xa100;0xe0;18617;7;2184;124;7851;12
UF;81925599;752177;0xdeca;0xb102;0xa100;0xe0;18064;7;1919;118;7341;12
listener debug sel=A valid=1 age=1890 level=7 good=752177 accepted=33353 badhdr=6 nonanchor=718818 toolong=0 rxerr=1667 rxen_fail=0 rxen_last=0 sys_status=0x00800002 sys_state=000505470b rx_finfo=0x0766c80c last_status=0x00801302 last_len=12 pan=0xdeca dst=0xa100 src=0xb102 code=0xe0
UF;81925730;752178;0xdeca;0xb103;0xa100;0xe0;20483;7;2326;122;4172;12
UF;81925742;752179;0xdeca;0xb103;0xa103;0xe0;19094;7;2240;124;3749;12
UF;81925755;752180;0xdeca;0xa107;0xb101;0xe1;16349;7;1918;124;4705;20
UL;81925755;33354;H;7;0xa107;0xb101;0xe1;16349;7;1918;124;4705;20
UF;81925799;752181;0xdeca;0xb102;0xa100;0xe0;18534;7;1969;118;7022;12
UF;81925931;752182;0xdeca;0xb103;0xa104;0xe0;20761;7;2475;125;7310;12
UF;81925944;752183;0xdeca;0xa107;0xb103;0xe1;16388;7;1861;122;73;20
UL;81925944;33355;H;7;0xa107;0xb103;0xe1;16388;7;1861;122;73;20
UF;81925998;752184;0xdeca;0xb102;0xa100;0xe0;18004;7;1978;120;7266;12
UF;81926010;752185;0xdeca;0xa107;0xb102;0xe1;16774;7;1782;118;5206;20
UL;81926010;33356;H;7;0xa107;0xb102;0xe1;16774;7;1782;118;5206;20
UF;81926133;752186;0xdeca;0xb103;0xa100;0xe0;19576;7;2223;122;4590;12
UF;81926145;752187;0xdeca;0xb101;0xa100;0xe0;18513;7;2034;120;7332;12
UF;81926199;752188;0xdeca;0xb102;0xa102;0xe0;19563;7;2295;124;7443;12
UF;81926331;752189;0xdeca;0xb103;0xa104;0xe0;21047;7;2351;121;6656;12
UF;81926344;752190;0xdeca;0xb101;0xa100;0xe0;19001;7;2229;124;7574;12
UF;81926398;752191;0xdeca;0xb102;0xa102;0xe0;17534;7;2057;124;7622;12
UF;81926410;752192;0xdeca;0xa107;0xb102;0xe1;17215;7;1798;117;6288;20
UL;81926410;33357;H;7;0xa107;0xb102;0xe1;17215;7;1798;117;6288;20
UF;81926533;752193;0xdeca;0xb103;0xa100;0xe0;19813;7;2287;123;5772;12
UF;81926545;752194;0xdeca;0xb101;0xa102;0xe0;16226;7;1873;123;3461;12
UF;81926599;752195;0xdeca;0xb102;0xa100;0xe0;17260;7;1960;122;5311;12
listener debug sel=A valid=1 age=2891 level=7 good=752195 accepted=33357 badhdr=6 nonanchor=718832 toolong=0 rxerr=1667 rxen_fail=0 rxen_last=0 sys_status=0x00800002 sys_state=000505440b rx_finfo=0x07a6c80c last_status=0x00801302 last_len=12 pan=0xdeca dst=0xa100 src=0xb102 code=0xe0
UF;81926730;752196;0xdeca;0xb103;0xa104;0xe0;19476;7;2069;118;5740;12
UF;81926743;752197;0xdeca;0xb103;0xa107;0xe0;18623;7;1945;117;6326;12
UF;81926755;752198;0xdeca;0xa107;0xb101;0xe1;15732;7;1400;108;5534;20
UL;81926755;33358;H;7;0xa107;0xb101;0xe1;15732;7;1400;108;5534;20
UF;81926800;752199;0xdeca;0xb102;0xa100;0xe0;17492;7;2052;124;3334;12
uwb any-frame t=81926932 good=752200 len=12 fctrl=8841 pan=0xdeca dst=0xa100 src=0xb103 code=0xe0 q=20192 level=7 cir=2293 rxpacc=122 fp=5096/7020/7386
UF;81926932;752200;0xdeca;0xb103;0xa100;0xe0;20192;7;2293;122;5096;12
UF;81926999;752201;0xdeca;0xb102;0xa100;0xe0;19478;7;2140;120;925;12
UF;81927131;752202;0xdeca;0xb103;0xa104;0xe0;19570;7;2079;118;6943;12
UF;81927144;752203;0xdeca;0xa107;0xb103;0xe1;12861;6;157;40;1205;20
UL;81927144;33359;H;7;0xa107;0xb103;0xe1;12861;6;157;40;1205;20
UF;81927198;752204;0xdeca;0xb102;0xa100;0xe0;16434;7;1897;123;7629;12
UF;81927330;752205;0xdeca;0xb103;0xa100;0xe0;18625;7;2115;122;3246;12
UF;81927343;752206;0xdeca;0xb103;0xa103;0xe0;18774;7;2132;122;4165;12
UF;81927355;752207;0xdeca;0xa107;0xb101;0xe1;15965;7;1813;122;6034;20
UL;81927355;33360;H;7;0xa107;0xb101;0xe1;15965;7;1813;122;6034;20
UF;81927400;752208;0xdeca;0xb102;0xa100;0xe0;16957;7;1771;117;6828;12
UF;81927531;752209;0xdeca;0xb103;0xa104;0xe0;19956;7;2379;125;7075;12
UF;81927544;752210;0xdeca;0xb101;0xa100;0xe0;17409;7;1977;122;7361;12
UF;81927598;752211;0xdeca;0xb102;0xa100;0xe0;18340;7;2117;123;7147;12
UF;81927611;752212;0xdeca;0xa107;0xb102;0xe1;17179;7;1983;123;5246;20
UL;81927611;33361;H;7;0xa107;0xb102;0xe1;17179;7;1983;123;5246;20
listener debug sel=A valid=1 age=3892 level=7 good=752212 accepted=33361 badhdr=6 nonanchor=718845 toolong=0 rxerr=1667 rxen_fail=0 rxen_last=0 sys_status=0x00800002 sys_state=000505460b rx_finfo=0x07b6c814 last_status=0x00801302 last_len=20 pan=0xdeca dst=0xb102 src=0xa107 code=0xe1
UF;81927732;752213;0xdeca;0xb103;0xa100;0xe0;19776;7;2320;124;6584;12
UF;81927745;752214;0xdeca;0xb101;0xa100;0xe0;17668;7;1877;118;6781;12
UF;81927799;752215;0xdeca;0xb102;0xa102;0xe0;18286;7;2009;120;7056;12
UF;81927931;752216;0xdeca;0xb103;0xa104;0xe0;19655;7;2232;122;6915;12
UF;81927943;752217;0xdeca;0xa107;0xb103;0xe1;16978;7;2024;125;4518;20
UL;81927943;33362;H;7;0xa107;0xb103;0xe1;16978;7;2024;125;4518;20
UF;81927998;752218;0xdeca;0xb102;0xa102;0xe0;15748;7;1673;118;7011;12
UF;81928010;752219;0xdeca;0xa107;0xb102;0xe1;17125;7;1913;121;4414;20
UL;81928010;33363;H;7;0xa107;0xb102;0xe1;17125;7;1913;121;4414;20
UF;81928133;752220;0xdeca;0xb103;0xa100;0xe0;19955;7;2156;119;5018;12
UF;81928145;752221;0xdeca;0xa102;0xb101;0xe1;17223;7;1988;123;6955;20
UL;81928145;33364;C;2;0xa102;0xb101;0xe1;17223;7;1988;123;6955;20
UF;81928200;752222;0xdeca;0xb102;0xa100;0xe0;17377;7;1846;118;6785;12
UF;81928332;752223;0xdeca;0xb103;0xa104;0xe0;20066;7;2168;119;3846;12
UF;81928345;752224;0xdeca;0xb101;0xa102;0xe0;18864;7;2004;118;7210;12
UF;81928399;752225;0xdeca;0xb102;0xa100;0xe0;21584;7;2411;121;7355;12
UF;81928531;752226;0xdeca;0xb103;0xa100;0xe0;18964;7;2189;123;6706;12
UF;81928543;752227;0xdeca;0xb103;0xa103;0xe0;18043;7;2049;122;3119;12
UF;81928597;752228;0xdeca;0xb102;0xa100;0xe0;21114;7;2517;125;7841;12
UF;81928610;752229;0xdeca;0xa107;0xb102;0xe1;17539;7;1927;120;5739;20
UL;81928610;33365;H;7;0xa107;0xb102;0xe1;17539;7;1927;120;5739;20
listener debug sel=A valid=1 age=4892 level=7 good=752229 accepted=33365 badhdr=6 nonanchor=718858 toolong=0 rxerr=1667 rxen_fail=0 rxen_last=0 sys_status=0x00800002 sys_state=000505410b rx_finfo=0x0786c814 last_status=0x00801302 last_len=20 pan=0xdeca dst=0xb102 src=0xa107 code=0xe1
UF;81928731;752230;0xdeca;0xb103;0xa104;0xe0;18495;7;2032;120;5332;12
UF;81928744;752231;0xdeca;0xa107;0xb103;0xe1;14885;7;319;53;1557;20
UL;81928744;33366;H;7;0xa107;0xb103;0xe1;14885;7;319;53;1557;20
UF;81928798;752232;0xdeca;0xb102;0xa100;0xe0;19426;7;2170;121;7437;12
UF;81928935;752233;0xdeca;0xb103;0xa100;0xe0;19863;7;2146;119;5936;12
UF;81928948;752234;0xdeca;0xb101;0xa102;0xe0;18409;7;1989;119;1404;12
UF;81929002;752235;0xdeca;0xb102;0xa100;0xe0;17609;7;1967;121;2038;12
UF;81929134;752236;0xdeca;0xb103;0xa104;0xe0;19909;7;2298;123;4784;12
UF;81929146;752237;0xdeca;0xa100;0xb101;0xe1;18106;7;1891;117;3480;20
UL;81929146;33367;A;0;0xa100;0xb101;0xe1;18106;7;1891;117;3480;20
listener anchor=A src=0xa100 code=0xe1 level=7 q=18106 cir=1891 rxpacc=117 fp=3480/6728/5563 frames=223
UF;81929200;752238;0xdeca;0xb102;0xa100;0xe0;18396;7;2089;122;1766;12
UF;81929332;752239;0xdeca;0xb103;0xa100;0xe0;19686;7;2056;117;5901;12
UF;81929344;752240;0xdeca;0xb101;0xa100;0xe0;16347;7;1826;121;6994;12
UF;81929398;752241;0xdeca;0xb102;0xa102;0xe0;18277;7;2008;120;3793;12
UF;81929411;752242;0xdeca;0xa107;0xb102;0xe1;14155;7;270;50;2122;20
UL;81929411;33368;H;7;0xa107;0xb102;0xe1;14155;7;270;50;2122;20
UF;81929533;752243;0xdeca;0xb103;0xa104;0xe0;19709;7;2275;123;7266;12
UF;81929545;752244;0xdeca;0xb101;0xa100;0xe0;18412;7;2160;124;7290;12
UF;81929600;752245;0xdeca;0xb102;0xa102;0xe0;18031;7;1981;120;7112;12
listener debug sel=A valid=1 age=497 level=7 good=752245 accepted=33368 badhdr=6 nonanchor=718871 toolong=0 rxerr=1667 rxen_fail=0 rxen_last=0 sys_status=0x00800002 sys_state=000505460b rx_finfo=0x0786c80c last_status=0x00801302 last_len=12 pan=0xdeca dst=0xa102 src=0xb102 code=0xe0
UF;81929730;752246;0xdeca;0xb103;0xa100;0xe0;19691;7;2310;124;5393;12
UF;81929743;752247;0xdeca;0xb103;0xa103;0xe0;9875;6;1085;120;6300;12
UF;81929755;752248;0xdeca;0xb101;0xa105;0xe0;17480;7;1985;122;7762;12
UF;81929799;752249;0xdeca;0xb102;0xa100;0xe0;20321;7;2270;121;7457;12
uwb any-frame t=81929822 good=752250 len=12 fctrl=8841 pan=0xdeca dst=0xa102 src=0xb101 code=0xe0 q=18158 level=7 cir=1929 rxpacc=118 fp=7342/7189/6300
UF;81929822;752250;0xdeca;0xb101;0xa102;0xe0;18158;7;1929;118;7342;12
UF;81929931;752251;0xdeca;0xb103;0xa104;0xe0;19222;7;2255;124;6420;12
UF;81929944;752252;0xdeca;0xa107;0xb103;0xe1;17139;7;1883;120;5895;20
UL;81929944;33369;H;7;0xa107;0xb103;0xe1;17139;7;1883;120;5895;20
UF;81929998;752253;0xdeca;0xb102;0xa100;0xe0;19555;7;2294;124;7555;12
UF;81930130;752254;0xdeca;0xb103;0xa100;0xe0;19264;7;2012;117;4076;12
UF;81930143;752255;0xdeca;0xa103;0xb103;0xe1;17558;7;1929;120;2450;20
UL;81930143;33370;D;3;0xa103;0xb103;0xe1;17558;7;1929;120;2450;20
UF;81930198;752256;0xdeca;0xb102;0xa100;0xe0;15472;7;1757;122;7061;12
UF;81930210;752257;0xdeca;0xa105;0xb102;0xe1;18608;7;2183;124;7188;20
UL;81930210;33371;F;5;0xa105;0xb102;0xe1;18608;7;2183;124;7188;20
UF;81930333;752258;0xdeca;0xb103;0xa104;0xe0;20671;7;2309;121;6718;12
UF;81930345;752259;0xdeca;0xb101;0xa100;0xe0;19534;7;2182;121;7327;12
UF;81930358;752260;0xdeca;0xa107;0xb101;0xe1;17280;7;1867;119;6387;20
UL;81930358;33372;H;7;0xa107;0xb101;0xe1;17280;7;1867;119;6387;20
UF;81930397;752261;0xdeca;0xb102;0xa100;0xe0;21200;7;2487;124;7489;12
UF;81930409;752262;0xdeca;0xa105;0xb102;0xe1;16866;7;1853;120;7098;20
UL;81930409;33373;F;5;0xa105;0xb102;0xe1;16866;7;1853;120;7098;20
UF;81930428;752263;0xdeca;0xa100;0xb101;0xe1;17559;7;1994;122;2580;20
UL;81930428;33374;A;0;0xa100;0xb101;0xe1;17559;7;1994;122;2580;20
listener anchor=A src=0xa100 code=0xe1 level=7 q=17559 cir=1994 rxpacc=122 fp=2580/6844/6093 frames=224
UF;81930533;752264;0xdeca;0xb103;0xa100;0xe0;20529;7;2218;119;3996;12
UF;81930546;752265;0xdeca;0xa100;0xb101;0xe1;17873;7;2063;123;4687;20
UL;81930546;33375;A;0;0xa100;0xb101;0xe1;17873;7;2063;123;4687;20
UF;81930601;752266;0xdeca;0xb102;0xa100;0xe0;18598;7;2112;122;5077;12
UF;81930613;752267;0xdeca;0xa105;0xb102;0xe1;18600;7;1976;118;6840;20
UL;81930613;33376;F;5;0xa105;0xb102;0xe1;18600;7;1976;118;6840;20
UF;81930632;752268;0xdeca;0xb101;0xa105;0xe0;15272;7;1595;117;7198;12
listener debug sel=A valid=1 age=98 level=7 good=752268 accepted=33376 badhdr=6 nonanchor=718886 toolong=0 rxerr=1667 rxen_fail=0 rxen_last=0 sys_status=0x00800002 sys_state=000505440b rx_finfo=0x0756c80c last_status=0x00801302 last_len=12 pan=0xdeca dst=0xa105 src=0xb101 code=0xe0
UF;81930680;752269;0xdeca;0xb102;0xa100;0xe0;18149;7;1994;120;6931;12
UF;81930692;752270;0xdeca;0xb102;0xa107;0xe0;18144;7;2163;125;7336;12
UF;81930731;752271;0xdeca;0xb103;0xa104;0xe0;19534;7;2182;121;4453;12
UF;81930743;752272;0xdeca;0xa107;0xb103;0xe1;16507;7;1724;117;5889;20
UL;81930743;33377;H;7;0xa107;0xb103;0xe1;16507;7;1724;117;5889;20
UF;81930798;752273;0xdeca;0xb102;0xa102;0xe0;17911;7;2034;122;7289;12
UF;81930811;752274;0xdeca;0xa107;0xb102;0xe1;17919;7;1936;119;6556;20
UL;81930811;33378;H;7;0xa107;0xb102;0xe1;17919;7;1936;119;6556;20
UF;81930933;752275;0xdeca;0xb103;0xa100;0xe0;20314;7;2158;118;4263;12
UF;81930945;752276;0xdeca;0xa102;0xb101;0xe1;17457;7;1950;121;6948;20
UL;81930945;33379;C;2;0xa102;0xb101;0xe1;17457;7;1950;121;6948;20
UF;81931000;752277;0xdeca;0xb102;0xa102;0xe0;16718;7;1776;118;6048;12
UF;81931132;752278;0xdeca;0xb103;0xa104;0xe0;18483;7;1997;119;6796;12
UF;81931145;752279;0xdeca;0xb101;0xa100;0xe0;18227;7;2036;121;7077;12
UF;81931199;752280;0xdeca;0xb102;0xa100;0xe0;17564;7;1962;121;6050;12
UF;81931211;752281;0xdeca;0xb102;0xa107;0xe0;17564;7;1962;121;6780;12
UF;81931281;752282;0xdeca;0xb102;0xa100;0xe0;19827;7;2326;124;7499;12
UF;81931294;752283;0xdeca;0xa107;0xb102;0xe1;16866;7;1137;94;4843;20
UL;81931294;33380;H;7;0xa107;0xb102;0xe1;16866;7;1137;94;4843;20
UF;81931333;752284;0xdeca;0xb103;0xa100;0xe0;18290;7;1943;118;4947;12
UF;81931345;752285;0xdeca;0xb101;0xa100;0xe0;19250;7;2186;122;7178;12
UF;81931358;752286;0xdeca;0xa107;0xb101;0xe1;17031;7;1934;122;110;20
UL;81931358;33381;H;7;0xa107;0xb101;0xe1;17031;7;1934;122;110;20
UF;81931402;752287;0xdeca;0xb102;0xa100;0xe0;18334;7;2048;121;7365;12
UF;81931534;752288;0xdeca;0xb103;0xa104;0xe0;19001;7;2229;124;6729;12
UF;81931546;752289;0xdeca;0xa100;0xb101;0xe1;18863;7;2038;119;5952;20
UL;81931546;33382;A;0;0xa100;0xb101;0xe1;18863;7;2038;119;5952;20
listener anchor=A src=0xa100 code=0xe1 level=7 q=18863 cir=2038 rxpacc=119 fp=5952/6179/6591 frames=226
UF;81931600;752290;0xdeca;0xb102;0xa100;0xe0;19211;7;2146;121;7440;12
listener debug sel=A valid=1 age=98 level=7 good=752290 accepted=33382 badhdr=6 nonanchor=718902 toolong=0 rxerr=1667 rxen_fail=0 rxen_last=0 sys_status=0x00800002 sys_state=000505460b rx_finfo=0x0796c80c last_status=0x00801302 last_len=12 pan=0xdeca dst=0xa100 src=0xb102 code=0xe0
UF;81931731;752291;0xdeca;0xb103;0xa100;0xe0;21227;7;2255;118;6899;12
UF;81931743;752292;0xdeca;0xa103;0xb103;0xe1;16921;7;1985;124;4425;20
UL;81931743;33383;D;3;0xa103;0xb103;0xe1;16921;7;1985;124;4425;20
UF;81931798;752293;0xdeca;0xb102;0xa100;0xe0;18246;7;2072;122;7339;12
UF;81931811;752294;0xdeca;0xa105;0xb102;0xe1;20286;7;2266;121;6899;20
UL;81931811;33384;F;5;0xa105;0xb102;0xe1;20286;7;2266;121;6899;20
UF;81931933;752295;0xdeca;0xb103;0xa104;0xe0;17752;7;1854;117;5748;12
UF;81931945;752296;0xdeca;0xb101;0xa100;0xe0;18546;7;1937;117;7308;12
UF;81931999;752297;0xdeca;0xb102;0xa100;0xe0;17396;7;2008;123;7166;12
UF;81932131;752298;0xdeca;0xb103;0xa100;0xe0;20442;7;2135;117;4582;12
UF;81932144;752299;0xdeca;0xa103;0xb103;0xe1;17110;7;1975;123;2228;20
UL;81932144;33385;D;3;0xa103;0xb103;0xe1;17110;7;1975;123;2228;20
uwb any-frame t=81932199 good=752300 len=12 fctrl=8841 pan=0xdeca dst=0xa102 src=0xb102 code=0xe0 q=18541 level=7 cir=2037 rxpacc=120 fp=7027/7439/6792
UF;81932199;752300;0xdeca;0xb102;0xa102;0xe0;18541;7;2037;120;7027;12
UF;81932333;752301;0xdeca;0xb103;0xa104;0xe0;21135;7;2322;120;5911;12
UF;81932346;752302;0xdeca;0xa102;0xb101;0xe1;17769;7;2051;123;7348;20
UL;81932346;33386;C;2;0xa102;0xb101;0xe1;17769;7;2051;123;7348;20
UF;81932401;752303;0xdeca;0xb102;0xa102;0xe0;19025;7;2196;123;7275;12
UF;81932533;752304;0xdeca;0xb103;0xa100;0xe0;18470;7;2132;123;7345;12
UF;81932545;752305;0xdeca;0xb101;0xa102;0xe0;15249;7;1620;118;6916;12
UF;81932599;752306;0xdeca;0xb102;0xa100;0xe0;18595;7;2043;120;7314;12
listener debug sel=A valid=1 age=1102 level=7 good=752306 accepted=33386 badhdr=6 nonanchor=718914 toolong=0 rxerr=1667 rxen_fail=0 rxen_last=0 sys_status=0x00800002 sys_state=000505430b rx_finfo=0x0786c80c last_status=0x00801302 last_len=12 pan=0xdeca dst=0xa100 src=0xb102 code=0xe0
UF;81932730;752307;0xdeca;0xb103;0xa104;0xe0;19541;7;2219;122;6124;12
UF;81932743;752308;0xdeca;0xb103;0xa107;0xe0;19724;7;2131;119;6303;12
UF;81932797;752309;0xdeca;0xb102;0xa100;0xe0;20143;7;2363;124;7722;12
UF;81932810;752310;0xdeca;0xb102;0xa107;0xe0;18074;7;2019;121;5683;12
UF;81932931;752311;0xdeca;0xb103;0xa100;0xe0;20276;7;2154;118;4228;12
UF;81932944;752312;0xdeca;0xa103;0xb103;0xe1;17641;7;1906;119;3643;20
UL;81932944;33387;D;3;0xa103;0xb103;0xe1;17641;7;1906;119;3643;20
UF;81932998;752313;0xdeca;0xb102;0xa100;0xe0;18358;7;2119;123;6138;12
UF;81933130;752314;0xdeca;0xb103;0xa104;0xe0;18657;7;1982;118;6698;12
UF;81933143;752315;0xdeca;0xa107;0xb103;0xe1;17129;7;1789;117;4170;20
UL;81933143;33388;H;7;0xa107;0xb103;0xe1;17129;7;1789;117;4170;20
UF;81933198;752316;0xdeca;0xb102;0xa100;0xe0;16956;7;1832;119;2696;12
UF;81933210;752317;0xdeca;0xa105;0xb102;0xe1;18370;7;2155;124;6953;20
UL;81933210;33389;F;5;0xa105;0xb102;0xe1;18370;7;2155;124;6953;20
UF;81933332;752318;0xdeca;0xb103;0xa100;0xe0;19801;7;2068;117;6704;12
UF;81933345;752319;0xdeca;0xb101;0xa100;0xe0;20753;7;2474;125;7480;12
UF;81933399;752320;0xdeca;0xb102;0xa100;0xe0;16842;7;1944;123;920;12
UF;81933531;752321;0xdeca;0xb103;0xa104;0xe0;20335;7;2197;119;5072;12
UF;81933544;752322;0xdeca;0xa107;0xb103;0xe1;16460;7;1931;124;5588;20
UL;81933544;33390;H;7;0xa107;0xb103;0xe1;16460;7;1931;124;5588;20
UF;81933598;752323;0xdeca;0xb102;0xa100;0xe0;18384;7;1953;118;6798;12
listener debug sel=A valid=1 age=2106 level=7 good=752323 accepted=33390 badhdr=6 nonanchor=718927 toolong=0 rxerr=1667 rxen_fail=0 rxen_last=0 sys_status=0x00800002 sys_state=000505410b rx_finfo=0x0766c80c last_status=0x00801302 last_len=12 pan=0xdeca dst=0xa100 src=0xb102 code=0xe0
UF;81933734;752324;0xdeca;0xb103;0xa100;0xe0;20945;7;2263;119;6665;12
UF;81933747;752325;0xdeca;0xb101;0xa102;0xe0;19512;7;2289;124;7757;12
UF;81933801;752326;0xdeca;0xb102;0xa102;0xe0;19347;7;2197;122;7283;12
UF;81933933;752327;0xdeca;0xb103;0xa104;0xe0;19984;7;2123;118;5610;12
UF;81933946;752328;0xdeca;0xb101;0xa102;0xe0;15626;7;1632;117;6715;12
UF;81934000;752329;0xdeca;0xb102;0xa102;0xe0;20357;7;2274;121;6992;12
UF;81934132;752330;0xdeca;0xb103;0xa100;0xe0;18431;7;1925;117;6856;12
UF;81934144;752331;0xdeca;0xb101;0xa102;0xe0;21980;7;2496;122;7704;12
UF;81934198;752332;0xdeca;0xb102;0xa100;0xe0;19165;7;2036;118;7120;12
UF;81934211;752333;0xdeca;0xa107;0xb102;0xe1;17589;7;1837;117;4968;20
UL;81934211;33391;H;7;0xa107;0xb102;0xe1;17589;7;1837;117;4968;20
UF;81934333;752334;0xdeca;0xb103;0xa104;0xe0;19549;7;2220;122;5321;12
UF;81934346;752335;0xdeca;0xb101;0xa100;0xe0;19839;7;2290;123;7019;12
UF;81934400;752336;0xdeca;0xb102;0xa100;0xe0;16038;7;1675;117;7025;12
UF;81934532;752337;0xdeca;0xb103;0xa100;0xe0;20297;7;2230;120;6758;12
UF;81934544;752338;0xdeca;0xa103;0xb103;0xe1;17960;7;1908;118;3529;20
UL;81934544;33392;D;3;0xa103;0xb103;0xe1;17960;7;1908;118;3529;20
UF;81934599;752339;0xdeca;0xb102;0xa100;0xe0;17937;7;1938;119;6434;12
UF;81934611;752340;0xdeca;0xb102;0xa107;0xe0;17427;7;1979;122;6569;12
listener debug sel=A valid=1 age=3109 level=7 good=752340 accepted=33392 badhdr=6 nonanchor=718942 toolong=0 rxerr=1667 rxen_fail=0 rxen_last=0 sys_status=0x00800002 sys_state=000505430b rx_finfo=0x07a6c80c last_status=0x00801302 last_len=12 pan=0xdeca dst=0xa107 src=0xb102 code=0xe0
UF;81934732;752341;0xdeca;0xb103;0xa104;0xe0;19496;7;2142;120;4338;12
UF;81934745;752342;0xdeca;0xb101;0xa100;0xe0;18089;7;2088;123;6875;12
UF;81934799;752343;0xdeca;0xb102;0xa100;0xe0;18158;7;1929;118;4527;12
UF;81934931;752344;0xdeca;0xb103;0xa100;0xe0;20333;7;2424;125;5652;12
UF;81934943;752345;0xdeca;0xa103;0xb103;0xe1;18537;7;2105;122;3034;20
UL;81934943;33393;D;3;0xa103;0xb103;0xe1;18537;7;2105;122;3034;20
UF;81934998;752346;0xdeca;0xb102;0xa100;0xe0;18334;7;2048;121;1459;12
UF;81935010;752347;0xdeca;0xa105;0xb102;0xe1;18227;7;2036;121;7373;20
UL;81935010;33394;F;5;0xa105;0xb102;0xe1;18227;7;2036;121;7373;20
UF;81935133;752348;0xdeca;0xb103;0xa104;0xe0;19043;7;2234;124;6978;12
UF;81935145;752349;0xdeca;0xb101;0xa100;0xe0;18148;7;2129;124;2974;12
uwb any-frame t=81935199 good=752350 len=12 fctrl=8841 pan=0xdeca dst=0xa100 src=0xb102 code=0xe0 q=19606 level=7 cir=2300 rxpacc=124 fp=7481/7698/7010
UF;81935199;752350;0xdeca;0xb102;0xa100;0xe0;19606;7;2300;124;7481;12
UF;81935334;752351;0xdeca;0xb103;0xa100;0xe0;19816;7;2141;119;5591;12
UF;81935347;752352;0xdeca;0xb101;0xa102;0xe0;18956;7;2188;123;7443;12
UF;81935401;752353;0xdeca;0xb102;0xa102;0xe0;17358;7;1844;118;6490;12
UF;81935533;752354;0xdeca;0xb103;0xa104;0xe0;20103;7;2172;119;6860;12
UF;81935545;752355;0xdeca;0xb101;0xa102;0xe0;19299;7;2264;124;7176;12
UF;81935599;752356;0xdeca;0xb102;0xa102;0xe0;19654;7;2343;125;7490;12
listener debug sel=A valid=1 age=4113 level=7 good=752356 accepted=33394 badhdr=6 nonanchor=718956 toolong=0 rxerr=1667 rxen_fail=0 rxen_last=0 sys_status=0x00800002 sys_state=000505460b rx_finfo=0x07d6c80c last_status=0x00801302 last_len=12 pan=0xdeca dst=0xa102 src=0xb102 code=0xe0
UF;81935730;752357;0xdeca;0xb103;0xa100;0xe0;19364;7;2163;121;6864;12
UF;81935743;752358;0xdeca;0xa103;0xb103;0xe1;17632;7;1905;119;4486;20
UL;81935743;33395;D;3;0xa103;0xb103;0xe1;17632;7;1905;119;4486;20
UF;81935798;752359;0xdeca;0xb102;0xa100;0xe0;16300;7;1851;122;7422;12
UF;81935810;752360;0xdeca;0xa107;0xb102;0xe1;17448;7;2014;123;5842;20
UL;81935810;33396;H;7;0xa107;0xb102;0xe1;17448;7;2014;123;5842;20
UF;81935932;752361;0xdeca;0xb103;0xa104;0xe0;20390;7;2392;124;4547;12
UF;81935945;752362;0xdeca;0xb101;0xa100;0xe0;19870;7;2331;124;7425;12
UF;81935999;752363;0xdeca;0xb102;0xa100;0xe0;18965;7;2049;119;6947;12
UF;81936131;752364;0xdeca;0xb103;0xa100;0xe0;19338;7;2196;122;6259;12
UF;81936144;752365;0xdeca;0xa103;0xb103;0xe1;14903;7;1092;98;2210;20
UL;81936144;33397;D;3;0xa103;0xb103;0xe1;14903;7;1092;98;2210;20
UF;81936198;752366;0xdeca;0xb102;0xa100;0xe0;19551;7;2077;118;7028;12
UF;81936211;752367;0xdeca;0xa107;0xb102;0xe1;17611;7;2066;124;5880;20
UL;81936211;33398;H;7;0xa107;0xb102;0xe1;17611;7;2066;124;5880;20
UF;81936333;752368;0xdeca;0xb103;0xa104;0xe0;18228;7;2104;123;4975;12
UF;81936346;752369;0xdeca;0xb101;0xa100;0xe0;16546;7;1879;122;6920;12
UF;81936400;752370;0xdeca;0xb102;0xa100;0xe0;19523;7;2039;117;7243;12
UF;81936532;752371;0xdeca;0xb103;0xa100;0xe0;19122;7;2066;119;6008;12
UF;81936550;752372;0xdeca;0xb101;0xa107;0xe0;21455;7;2318;119;6970;12
UF;81936599;752373;0xdeca;0xb102;0xa100;0xe0;20448;7;2322;122;5844;12
listener debug sel=A valid=1 age=5117 level=7 good=752373 accepted=33398 badhdr=6 nonanchor=718969 toolong=0 rxerr=1668 rxen_fail=0 rxen_last=0 sys_status=0x00800002 sys_state=000505400b rx_finfo=0x07a6c80c last_status=0x00801302 last_len=12 pan=0xdeca dst=0xa100 src=0xb102 code=0xe0
UF;81936735;752374;0xdeca;0xb103;0xa104;0xe0;19588;7;2261;123;4538;12
UF;81936748;752375;0xdeca;0xb101;0xa100;0xe0;18745;7;2199;124;7164;12
UF;81936802;752376;0xdeca;0xb102;0xa100;0xe0;18196;7;1966;119;6868;12
UF;81936934;752377;0xdeca;0xb103;0xa100;0xe0;19223;7;2112;120;6867;12
UF;81936946;752378;0xdeca;0xa100;0xb101;0xe1;18918;7;2044;119;5441;20
UL;81936946;33399;A;0;0xa100;0xb101;0xe1;18918;7;2044;119;5441;20
listener anchor=A src=0xa100 code=0xe1 level=7 q=18918 cir=2044 rxpacc=119 fp=5441/6645/3933 frames=227
UF;81937000;752379;0xdeca;0xb102;0xa102;0xe0;16332;7;1735;118;4190;12
UF;81937132;752380;0xdeca;0xb103;0xa104;0xe0;19768;7;2100;118;6942;12
UF;81937144;752381;0xdeca;0xb101;0xa102;0xe0;19435;7;2171;121;7303;12
UF;81937198;752382;0xdeca;0xb102;0xa102;0xe0;18026;7;1915;118;7009;12
UF;81937211;752383;0xdeca;0xa107;0xb102;0xe1;17125;7;1913;121;4823;20
UL;81937211;33400;H;7;0xa107;0xb102;0xe1;17125;7;1913;121;4823;20
UF;81937333;752384;0xdeca;0xb103;0xa100;0xe0;20659;7;2346;122;6667;12
UF;81937346;752385;0xdeca;0xa102;0xb101;0xe1;17928;7;1937;119;6802;20
UL;81937346;33401;C;2;0xa102;0xb101;0xe1;17928;7;1937;119;6802;20
UF;81937400;752386;0xdeca;0xb102;0xa100;0xe0;17158;7;1792;117;4551;12
UF;81937532;752387;0xdeca;0xb103;0xa104;0xe0;18854;7;2141;122;6218;12
UF;81937545;752388;0xdeca;0xb101;0xa100;0xe0;18610;7;1977;118;7399;12
UF;81937599;752389;0xdeca;0xb102;0xa100;0xe0;18905;7;2077;120;7189;12
listener debug sel=A valid=1 age=717 level=7 good=752389 accepted=33401 badhdr=6 nonanchor=718982 toolong=0 rxerr=1668 rxen_fail=0 rxen_last=0 sys_status=0x00800002 sys_state=000505460b rx_finfo=0x0786c80c last_status=0x00801302 last_len=12 pan=0xdeca dst=0xa100 src=0xb102 code=0xe0
UF;81937730;752390;0xdeca;0xb103;0xa100;0xe0;18474;7;1996;119;6682;12
UF;81937742;752391;0xdeca;0xb103;0xa103;0xe0;20011;7;2162;119;4297;12
UF;81937755;752392;0xdeca;0xa107;0xb101;0xe1;16668;7;1924;123;5838;20
UL;81937755;33402;H;7;0xa107;0xb101;0xe1;16668;7;1924;123;5838;20
UF;81937799;752393;0xdeca;0xb102;0xa100;0xe0;19924;7;2189;120;6991;12
UF;81937931;752394;0xdeca;0xb103;0xa104;0xe0;20290;7;2342;123;7338;12
UF;81937944;752395;0xdeca;0xa107;0xb103;0xe1;17031;7;1998;124;5162;20
UL;81937944;33403;H;7;0xa107;0xb103;0xe1;17031;7;1998;124;5162;20
UF;81937999;752396;0xdeca;0xb102;0xa100;0xe0;21268;7;2495;124;7513;12
UF;81938131;752397;0xdeca;0xb103;0xa100;0xe0;21575;7;2331;119;6049;12
UF;81938143;752398;0xdeca;0xa103;0xb103;0xe1;16468;7;1720;117;3294;20
UL;81938143;33404;D;3;0xa103;0xb103;0xe1;16468;7;1720;117;3294;20
UF;81938198;752399;0xdeca;0xb102;0xa100;0xe0;19824;7;2178;120;7187;12
uwb any-frame t=81938210 good=752400 len=20 fctrl=8841 pan=0xdeca dst=0xb102 src=0xa105 code=0xe1 q=17543 level=7 cir=2058 rxpacc=124 fp=6911/7549/6682
UF;81938210;752400;0xdeca;0xa105;0xb102;0xe1;17543;7;2058;124;6911;20
UL;81938210;33405;F;5;0xa105;0xb102;0xe1;17543;7;2058;124;6911;20
UF;81938331;752401;0xdeca;0xb103;0xa104;0xe0;20643;7;2156;117;6698;12
UF;81938343;752402;0xdeca;0xa107;0xb103;0xe1;17968;7;2142;125;6868;20
UL;81938343;33406;H;7;0xa107;0xb103;0xe1;17968;7;2142;125;6868;20
UF;81938398;752403;0xdeca;0xb102;0xa100;0xe0;16813;7;1756;117;6954;12
UF;81938410;752404;0xdeca;0xa107;0xb102;0xe1;17838;7;1863;117;4983;20
UL;81938410;33407;H;7;0xa107;0xb102;0xe1;17838;7;1863;117;4983;20
UF;81938533;752405;0xdeca;0xb103;0xa100;0xe0;18827;7;2138;122;4199;12
UF;81938545;752406;0xdeca;0xb101;0xa100;0xe0;16521;7;1907;123;1641;12
UF;81938599;752407;0xdeca;0xb102;0xa102;0xe0;17289;7;1868;119;6724;12
listener debug sel=A valid=1 age=1718 level=7 good=752407 accepted=33407 badhdr=6 nonanchor=718994 toolong=0 rxerr=1668 rxen_fail=0 rxen_last=0 sys_status=0x00800002 sys_state=000505410b rx_finfo=0x0776c80c last_status=0x00801302 last_len=12 pan=0xdeca dst=0xa102 src=0xb102 code=0xe0
UF;81938730;752408;0xdeca;0xb103;0xa104;0xe0;19231;7;2043;118;4094;12
UF;81938743;752409;0xdeca;0xa107;0xb103;0xe1;17330;7;2033;124;84;20
UL;81938743;33408;H;7;0xa107;0xb103;0xe1;17330;7;2033;124;84;20
UF;81938797;752410;0xdeca;0xb102;0xa102;0xe0;22049;8;2463;121;4606;12
UF;81938810;752411;0xdeca;0xb102;0xa107;0xe0;12878;6;107;33;859;12
UF;81938931;752412;0xdeca;0xb103;0xa100;0xe0;19301;7;2156;121;6672;12
UF;81938944;752413;0xdeca;0xa103;0xb103;0xe1;18470;7;2132;123;5091;20
UL;81938944;33409;D;3;0xa103;0xb103;0xe1;18470;7;2132;123;5091;20
UF;81938998;752414;0xdeca;0xb102;0xa100;0xe0;16746;7;1779;118;6116;12
UF;81939130;752415;0xdeca;0xb103;0xa104;0xe0;18243;7;1971;119;5900;12
UF;81939143;752416;0xdeca;0xa107;0xb103;0xe1;18604;7;2044;120;6785;20
UL;81939143;33410;H;7;0xa107;0xb103;0xe1;18604;7;2044;120;6785;20
UF;81939198;752417;0xdeca;0xb102;0xa100;0xe0;18039;7;1884;117;6924;12
UF;81939210;752418;0xdeca;0xa107;0xb102;0xe1;17048;7;2000;124;5707;20
UL;81939210;33411;H;7;0xa107;0xb102;0xe1;17048;7;2000;124;5707;20
UF;81939333;752419;0xdeca;0xb103;0xa100;0xe0;19541;7;2219;122;5373;12
UF;81939345;752420;0xdeca;0xb101;0xa100;0xe0;18340;7;2015;120;7692;12
UF;81939399;752421;0xdeca;0xb102;0xa100;0xe0;17645;7;1971;121;7382;12
UF;81939531;752422;0xdeca;0xb103;0xa104;0xe0;19576;7;2115;119;6478;12
UF;81939544;752423;0xdeca;0xa107;0xb103;0xe1;17348;7;1906;120;4496;20
UL;81939544;33412;H;7;0xa107;0xb103;0xe1;17348;7;1906;120;4496;20
UF;81939598;752424;0xdeca;0xb102;0xa100;0xe0;17428;7;1883;119;7061;12
UF;81939611;752425;0xdeca;0xa105;0xb102;0xe1;21000;7;2424;123;7384;20
UL;81939611;33413;F;5;0xa105;0xb102;0xe1;21000;7;2424;123;7384;20
listener debug sel=A valid=1 age=2720 level=7 good=752425 accepted=33413 badhdr=6 nonanchor=719006 toolong=0 rxerr=1668 rxen_fail=0 rxen_last=0 sys_status=0x00800002 sys_state=000505410b rx_finfo=0x07b6c814 last_status=0x00801302 last_len=20 pan=0xdeca dst=0xb102 src=0xa105 code=0xe1
UF;81939732;752426;0xdeca;0xb103;0xa100;0xe0;19843;7;2108;118;6804;12
UF;81939745;752427;0xdeca;0xb101;0xa100;0xe0;18835;7;2104;121;7550;12
UF;81939799;752428;0xdeca;0xb102;0xa100;0xe0;17040;7;1999;124;7280;12
UF;81939931;752429;0xdeca;0xb103;0xa104;0xe0;19231;7;2043;118;4611;12
UF;81939943;752430;0xdeca;0xa107;0xb103;0xe1;16881;7;1917;122;6073;20
UL;81939943;33414;H;7;0xa107;0xb103;0xe1;16881;7;1917;122;6073;20
UF;81939998;752431;0xdeca;0xb102;0xa100;0xe0;18862;7;2107;121;7312;12
UF;81940011;752432;0xdeca;0xa107;0xb102;0xe1;16696;7;1865;121;147;20
UL;81940011;33415;H;7;0xa107;0xb102;0xe1;16696;7;1865;121;147;20
UF;81940133;752433;0xdeca;0xb103;0xa100;0xe0;18620;7;2080;121;2935;12
UF;81940145;752434;0xdeca;0xb101;0xa100;0xe0;17439;7;1916;120;7075;12
UF;81940200;752435;0xdeca;0xb102;0xa102;0xe0;17139;7;1883;120;7266;12
UF;81940331;752436;0xdeca;0xb103;0xa104;0xe0;18608;7;2183;124;6493;12
UF;81940344;752437;0xdeca;0xa107;0xb103;0xe1;18557;7;2005;119;6593;20
UL;81940344;33416;H;7;0xa107;0xb103;0xe1;18557;7;2005;119;6593;20
UF;81940399;752438;0xdeca;0xb102;0xa102;0xe0;19130;7;1998;117;7215;12
UF;81940531;752439;0xdeca;0xb103;0xa100;0xe0;20188;7;2218;120;3956;12
UF;81940543;752440;0xdeca;0xa103;0xb103;0xe1;16671;7;1771;118;3568;20
UL;81940543;33417;D;3;0xa103;0xb103;0xe1;16671;7;1771;118;3568;20
UF;81940598;752441;0xdeca;0xb102;0xa100;0xe0;18021;7;1947;119;6258;12
UF;81940611;752442;0xdeca;0xa107;0xb102;0xe1;13189;6;161;40;1568;20
UL;81940611;33418;H;7;0xa107;0xb102;0xe1;13189;6;161;40;1568;20
listener debug sel=A valid=1 age=3724 level=7 good=752442 accepted=33418 badhdr=6 nonanchor=719018 toolong=0 rxerr=1668 rxen_fail=0 rxen_last=0 sys_status=0x00800002 sys_state=000505410b rx_finfo=0x0286c014 last_status=0x00801302 last_len=20 pan=0xdeca dst=0xb102 src=0xa107 code=0xe1
UF;81940732;752443;0xdeca;0xb103;0xa104;0xe0;20069;7;2279;122;7247;12
UF;81940744;752444;0xdeca;0xb101;0xa100;0xe0;20788;7;2246;119;6612;12
UF;81940798;752445;0xdeca;0xb102;0xa100;0xe0;17976;7;1975;120;3876;12
UF;81940930;752446;0xdeca;0xb103;0xa100;0xe0;21133;7;2245;118;7068;12
UF;81940943;752447;0xdeca;0xa103;0xb103;0xe1;19051;7;2199;123;5149;20
UL;81940943;33419;D;3;0xa103;0xb103;0xe1;19051;7;2199;123;5149;20
UF;81940997;752448;0xdeca;0xb102;0xa100;0xe0;17509;7;2021;123;1822;12
UF;81941010;752449;0xdeca;0xa107;0xb102;0xe1;17549;7;1928;120;6412;20
UL;81941010;33420;H;7;0xa107;0xb102;0xe1;17549;7;1928;120;6412;20
uwb any-frame t=81941132 good=752450 len=12 fctrl=8841 pan=0xdeca dst=0xa104 src=0xb103 code=0xe0 q=19578 level=7 cir=2187 rxpacc=121 fp=6411/7406/5475
UF;81941132;752450;0xdeca;0xb103;0xa104;0xe0;19578;7;2187;121;6411;12
UF;81941200;752451;0xdeca;0xb102;0xa100;0xe0;18124;7;2092;123;3031;12
UF;81941332;752452;0xdeca;0xb103;0xa100;0xe0;18488;7;2134;123;3424;12
UF;81941344;752453;0xdeca;0xb101;0xa100;0xe0;17621;7;2034;123;7396;12
UF;81941398;752454;0xdeca;0xb102;0xa100;0xe0;17327;7;2000;123;7010;12
UF;81941530;752455;0xdeca;0xb103;0xa104;0xe0;20313;7;2383;124;7128;12
UF;81941543;752456;0xdeca;0xa107;0xb103;0xe1;17594;7;1998;122;5902;20
UL;81941543;33421;H;7;0xa107;0xb103;0xe1;17594;7;1998;122;5902;20
UF;81941598;752457;0xdeca;0xb102;0xa100;0xe0;16699;7;1774;118;7266;12
UF;81941610;752458;0xdeca;0xa107;0xb102;0xe1;17410;7;1881;119;6406;20
UL;81941610;33422;H;7;0xa107;0xb102;0xe1;17410;7;1881;119;6406;20
listener debug sel=A valid=1 age=4724 level=7 good=752458 accepted=33422 badhdr=6 nonanchor=719030 toolong=0 rxerr=1668 rxen_fail=0 rxen_last=0 sys_status=0x00800002 sys_state=000505480b rx_finfo=0x0776c814 last_status=0x00801302 last_len=20 pan=0xdeca dst=0xb102 src=0xa107 code=0xe1
UF;81941731;752459;0xdeca;0xb103;0xa100;0xe0;19214;7;2111;120;4493;12
UF;81941744;752460;0xdeca;0xa103;0xb103;0xe1;17009;7;1900;121;2149;20
UL;81941744;33423;D;3;0xa103;0xb103;0xe1;17009;7;1900;121;2149;20
UF;81941799;752461;0xdeca;0xb102;0xa102;0xe0;19935;7;2301;123;7534;12
UF;81941931;752462;0xdeca;0xb103;0xa104;0xe0;19187;7;2108;120;7080;12
UF;81941943;752463;0xdeca;0xa107;0xb103;0xe1;16019;7;1849;123;5708;20
UL;81941943;33424;H;7;0xa107;0xb103;0xe1;16019;7;1849;123;5708;20
UF;81941998;752464;0xdeca;0xb102;0xa102;0xe0;20159;7;2178;119;6955;12
UF;81942135;752465;0xdeca;0xb103;0xa100;0xe0;19945;7;2228;121;5364;12
UF;81942148;752466;0xdeca;0xb101;0xa100;0xe0;20844;7;2367;122;7425;12
UF;81942197;752467;0xdeca;0xb102;0xa100;0xe0;20148;7;2288;122;7208;12
UF;81942209;752468;0xdeca;0xa107;0xb102;0xe1;17582;7;2096;125;130;20
UL;81942209;33425;H;7;0xa107;0xb102;0xe1;17582;7;2096;125;130;20
UF;81942331;752469;0xdeca;0xb103;0xa104;0xe0;20031;7;2128;118;6098;12
UF;81942344;752470;0xdeca;0xb101;0xa100;0xe0;17409;7;1977;122;7679;12
UF;81942398;752471;0xdeca;0xb102;0xa100;0xe0;18496;7;2135;123;7138;12
UF;81942410;752472;0xdeca;0xa107;0xb102;0xe1;17550;7;1993;122;5512;20
UL;81942410;33426;H;7;0xa107;0xb102;0xe1;17550;7;1993;122;5512;20
UF;81942533;752473;0xdeca;0xb103;0xa100;0xe0;18641;7;2014;119;4377;12
UF;81942545;752474;0xdeca;0xb101;0xa100;0xe0;19572;7;2296;124;7546;12
UF;81942599;752475;0xdeca;0xb102;0xa100;0xe0;19009;7;2230;124;6807;12
listener debug sel=A valid=1 age=5728 level=7 good=752475 accepted=33426 badhdr=6 nonanchor=719043 toolong=0 rxerr=1668 rxen_fail=0 rxen_last=0 sys_status=0x00800002 sys_state=000505430b rx_finfo=0x07c6c80c last_status=0x00801302 last_len=12 pan=0xdeca dst=0xa100 src=0xb102 code=0xe0
UF;81942730;752476;0xdeca;0xb103;0xa104;0xe0;19506;7;2143;120;4045;12
UF;81942743;752477;0xdeca;0xa107;0xb103;0xe1;17831;7;1959;120;5528;20
UL;81942743;33427;H;7;0xa107;0xb103;0xe1;17831;7;1959;120;5528;20
UF;81942798;752478;0xdeca;0xb102;0xa100;0xe0;17489;7;1986;122;807;12
UF;81942810;752479;0xdeca;0xa105;0xb102;0xe1;18337;7;1948;118;7283;20
UL;81942810;33428;F;5;0xa105;0xb102;0xe1;18337;7;1948;118;7283;20
UF;81942932;752480;0xdeca;0xb103;0xa100;0xe0;19363;7;2057;118;6796;12
UF;81942945;752481;0xdeca;0xb101;0xa100;0xe0;16947;7;1770;117;5811;12
UF;81942999;752482;0xdeca;0xb102;0xa100;0xe0;18368;7;2018;120;7395;12
UF;81943131;752483;0xdeca;0xb103;0xa104;0xe0;19493;7;2250;123;4660;12
UF;81943144;752484;0xdeca;0xa107;0xb103;0xe1;17327;7;2000;123;5562;20
UL;81943144;33429;H;7;0xa107;0xb103;0xe1;17327;7;2000;123;5562;20
UF;81943198;752485;0xdeca;0xb102;0xa100;0xe0;17503;7;1828;117;5917;12
UF;81943211;752486;0xdeca;0xa107;0xb102;0xe1;13811;6;253;49;2235;20
UL;81943211;33430;H;7;0xa107;0xb102;0xe1;13811;6;253;49;2235;20
UF;81943333;752487;0xdeca;0xb103;0xa100;0xe0;18651;7;2188;124;6550;12
UF;81943345;752488;0xdeca;0xa100;0xb101;0xe1;18946;7;2047;119;3138;20
UL;81943345;33431;A;0;0xa100;0xb101;0xe1;18946;7;2047;119;3138;20
listener anchor=A src=0xa100 code=0xe1 level=7 q=18946 cir=2047 rxpacc=119 fp=3138/6349/6678 frames=228
UF;81943399;752489;0xdeca;0xb102;0xa102;0xe0;17920;7;2035;122;7488;12
UF;81943531;752490;0xdeca;0xb103;0xa104;0xe0;18996;7;2018;118;4488;12
UF;81943543;752491;0xdeca;0xa107;0xb103;0xe1;17301;7;1997;123;5906;20
UL;81943543;33432;H;7;0xa107;0xb103;0xe1;17301;7;1997;123;5906;20
UF;81943598;752492;0xdeca;0xb102;0xa102;0xe0;18067;7;1985;120;7437;12
UF;81943611;752493;0xdeca;0xa107;0xb102;0xe1;18159;7;1962;119;5883;20
UL;81943611;33433;H;7;0xa107;0xb102;0xe1;18159;7;1962;119;5883;20
listener debug sel=A valid=1 age=331 level=7 good=752493 accepted=33433 badhdr=6 nonanchor=719054 toolong=0 rxerr=1668 rxen_fail=0 rxen_last=0 sys_status=0x00800002 sys_state=000505480b rx_finfo=0x0776c814 last_status=0x00801302 last_len=20 pan=0xdeca dst=0xb102 src=0xa107 code=0xe1
UF;81943732;752494;0xdeca;0xb103;0xa100;0xe0;19827;7;2326;124;5601;12
UF;81943745;752495;0xdeca;0xb101;0xa102;0xe0;20220;7;2372;124;7166;12
UF;81943799;752496;0xdeca;0xb102;0xa100;0xe0;19761;7;2244;122;7525;12
UF;81943931;752497;0xdeca;0xb103;0xa104;0xe0;18890;7;2216;124;7132;12
UF;81943943;752498;0xdeca;0xa107;0xb103;0xe1;17443;7;1853;118;5136;20
UL;81943943;33434;H;7;0xa107;0xb103;0xe1;17443;7;1853;118;5136;20
UF;81943998;752499;0xdeca;0xb102;0xa100;0xe0;17047;7;1811;118;6903;12
uwb any-frame t=81944130 good=752500 len=12 fctrl=8841 pan=0xdeca dst=0xa100 src=0xb103 code=0xe0 q=19335 level=7 cir=2089 rxpacc=119 fp=4514/7224/6026
UF;81944130;752500;0xdeca;0xb103;0xa100;0xe0;19335;7;2089;119;4514;12
UF;81944197;752501;0xdeca;0xb102;0xa100;0xe0;19708;7;2312;124;7718;12
UF;81944210;752502;0xdeca;0xa107;0xb102;0xe1;17048;7;1936;122;5642;20
UL;81944210;33435;H;7;0xa107;0xb102;0xe1;17048;7;1936;122;5642;20
UF;81944332;752503;0xdeca;0xb103;0xa104;0xe0;18909;7;2043;119;6286;12
UF;81944345;752504;0xdeca;0xb101;0xa100;0xe0;15971;7;1668;117;5647;12
UF;81944399;752505;0xdeca;0xb102;0xa100;0xe0;18823;7;2068;120;7364;12
UF;81944531;752506;0xdeca;0xb103;0xa100;0xe0;19003;7;2158;122;4945;12
UF;81944543;752507;0xdeca;0xa103;0xb103;0xe1;18370;7;2155;124;4062;20
UL;81944543;33436;D;3;0xa103;0xb103;0xe1;18370;7;2155;124;4062;20
UF;81944598;752508;0xdeca;0xb102;0xa100;0xe0;19233;7;2220;123;7260;12
UF;81944611;752509;0xdeca;0xa105;0xb102;0xe1;17941;7;1906;118;7215;20
UL;81944611;33437;F;5;0xa105;0xb102;0xe1;17941;7;1906;118;7215;20
listener debug sel=A valid=1 age=1331 level=7 good=752509 accepted=33437 badhdr=6 nonanchor=719066 toolong=0 rxerr=1668 rxen_fail=0 rxen_last=0 sys_status=0x00800002 sys_state=000505450b rx_finfo=0x0766c814 last_status=0x00801302 last_len=20 pan=0xdeca dst=0xb102 src=0xa105 code=0xe1
UF;81944732;752510;0xdeca;0xb103;0xa104;0xe0;19834;7;2107;118;5186;12
UF;81944745;752511;0xdeca;0xb101;0xa100;0xe0;19329;7;2195;122;2364;12
UF;81944799;752512;0xdeca;0xb102;0xa100;0xe0;17485;7;1921;120;3390;12
UF;81944811;752513;0xdeca;0xa107;0xb102;0xe1;16071;7;746;78;3635;20
UL;81944811;33438;H;7;0xa107;0xb102;0xe1;16071;7;746;78;3635;20
UF;81944933;752514;0xdeca;0xb103;0xa100;0xe0;18890;7;2216;124;4509;12
UF;81944946;752515;0xdeca;0xb101;0xa100;0xe0;16655;7;1401;105;5779;12
UF;81945000;752516;0xdeca;0xb102;0xa102;0xe0;16299;7;1761;119;3245;12
UF;81945132;752517;0xdeca;0xb103;0xa104;0xe0;18706;7;2021;119;4248;12
UF;81945144;752518;0xdeca;0xb101;0xa102;0xe0;16392;7;1771;119;6952;12
UF;81945198;752519;0xdeca;0xb102;0xa102;0xe0;17541;7;1832;117;4218;12
UF;81945211;752520;0xdeca;0xa107;0xb102;0xe1;16419;7;1774;119;4536;20
UL;81945211;33439;H;7;0xa107;0xb102;0xe1;16419;7;1774;119;4536;20
UF;81945333;752521;0xdeca;0xb103;0xa100;0xe0;18575;7;1940;117;4844;12
UF;81945346;752522;0xdeca;0xb101;0xa102;0xe0;17573;7;1963;121;7483;12
UF;81945400;752523;0xdeca;0xb102;0xa100;0xe0;18510;7;2102;122;7568;12
UF;81945532;752524;0xdeca;0xb103;0xa104;0xe0;19224;7;2183;122;6858;12
UF;81945544;752525;0xdeca;0xb101;0xa100;0xe0;18173;7;1898;117;7353;12
UF;81945598;752526;0xdeca;0xb102;0xa100;0xe0;17416;7;1819;117;6946;12
listener debug sel=A valid=1 age=2333 level=7 good=752526 accepted=33439 badhdr=6 nonanchor=719081 toolong=0 rxerr=1668 rxen_fail=0 rxen_last=0 sys_status=0x00800002 sys_state=000505450b rx_finfo=0x0756c80c last_status=0x00801302 last_len=12 pan=0xdeca dst=0xa100 src=0xb102 code=0xe0
UF;81945734;752527;0xdeca;0xb103;0xa100;0xe0;20662;7;2308;121;6183;12
UF;81945747;752528;0xdeca;0xb101;0xa102;0xe0;18604;7;2044;120;7515;12
UF;81945796;752529;0xdeca;0xb102;0xa100;0xe0;16946;7;1893;121;7334;12
UF;81945809;752530;0xdeca;0xb102;0xa107;0xe0;17012;7;1838;119;7110;12
UF;81945930;752531;0xdeca;0xb103;0xa104;0xe0;17840;7;1960;120;4688;12
UF;81945943;752532;0xdeca;0xb103;0xa107;0xe0;18186;7;1932;118;4369;12
UF;81945997;752533;0xdeca;0xb102;0xa100;0xe0;16123;7;1742;119;7094;12
UF;81946009;752534;0xdeca;0xa105;0xb102;0xe1;17363;7;1876;119;6398;20
UL;81946009;33440;F;5;0xa105;0xb102;0xe1;17363;7;1876;119;6398;20
UF;81946131;752535;0xdeca;0xb103;0xa100;0xe0;18252;7;1939;118;4002;12
UF;81946144;752536;0xdeca;0xa103;0xb103;0xe1;16955;7;1894;121;2975;20
UL;81946144;33441;D;3;0xa103;0xb103;0xe1;16955;7;1894;121;2975;20
UF;81946199;752537;0xdeca;0xb102;0xa100;0xe0;19629;7;2229;122;7339;12
UF;81946331;752538;0xdeca;0xb103;0xa104;0xe0;18999;7;2193;123;6927;12
UF;81946343;752539;0xdeca;0xa107;0xb103;0xe1;16912;7;1984;124;129;20
UL;81946343;33442;H;7;0xa107;0xb103;0xe1;16912;7;1984;124;129;20
UF;81946398;752540;0xdeca;0xb102;0xa100;0xe0;18370;7;2052;121;7137;12
UF;81946411;752541;0xdeca;0xa107;0xb102;0xe1;17824;7;2091;124;6718;20
UL;81946411;33443;H;7;0xa107;0xb102;0xe1;17824;7;2091;124;6718;20
UF;81946533;752542;0xdeca;0xb103;0xa100;0xe0;19003;7;2158;122;5879;12
UF;81946545;752543;0xdeca;0xb101;0xa100;0xe0;17803;7;1956;120;7383;12
UF;81946599;752544;0xdeca;0xb102;0xa102;0xe0;18941;7;2222;124;5130;12
listener debug sel=A valid=1 age=3334 level=7 good=752544 accepted=33443 badhdr=6 nonanchor=719095 toolong=0 rxerr=1668 rxen_fail=0 rxen_last=0 sys_status=0x00800002 sys_state=000505400b rx_finfo=0x07c6c80c last_status=0x00801302 last_len=12 pan=0xdeca dst=0xa102 src=0xb102 code=0xe0
UF;81946730;752545;0xdeca;0xb103;0xa104;0xe0;20536;7;2294;121;5737;12
UF;81946743;752546;0xdeca;0xa107;0xb103;0xe1;16813;7;1756;117;5646;20
UL;81946743;33444;H;7;0xa107;0xb103;0xe1;16813;7;1756;117;5646;20
UF;81946798;752547;0xdeca;0xb102;0xa102;0xe0;18783;7;2133;122;3159;12
UF;81946810;752548;0xdeca;0xa107;0xb102;0xe1;17867;7;1963;120;6015;20
UL;81946810;33445;H;7;0xa107;0xb102;0xe1;17867;7;1963;120;6015;20
UF;81946933;752549;0xdeca;0xb103;0xa100;0xe0;20048;7;2390;125;6760;12
uwb any-frame t=81946945 good=752550 len=20 fctrl=8841 pan=0xdeca dst=0xb101 src=0xa102 code=0xe1 q=18132 level=7 cir=2093 rxpacc=123 fp=7387/7385/5812
UF;81946945;752550;0xdeca;0xa102;0xb101;0xe1;18132;7;2093;123;7387;20
UL;81946945;33446;C;2;0xa102;0xb101;0xe1;18132;7;2093;123;7387;20
UF;81946998;752551;0xdeca;0xb102;0xa100;0xe0;21190;7;2367;121;7533;12
UF;81947130;752552;0xdeca;0xb103;0xa104;0xe0;19620;7;2339;125;6950;12
UF;81947142;752553;0xdeca;0xb103;0xa107;0xe0;19086;7;2132;121;7067;12
UF;81947155;752554;0xdeca;0xa107;0xb101;0xe1;14862;7;343;55;2360;20
UL;81947155;33447;H;7;0xa107;0xb101;0xe1;14862;7;343;55;2360;20
UF;81947199;752555;0xdeca;0xb102;0xa100;0xe0;17358;7;1939;121;7022;12
UF;81947331;752556;0xdeca;0xb103;0xa100;0xe0;18685;7;2192;124;5948;12
UF;81947343;752557;0xdeca;0xa103;0xb103;0xe1;16460;7;1900;123;3922;20
UL;81947343;33448;D;3;0xa103;0xb103;0xe1;16460;7;1900;123;3922;20
UF;81947398;752558;0xdeca;0xb102;0xa100;0xe0;16211;7;1781;120;6933;12
UF;81947411;752559;0xdeca;0xa107;0xb102;0xe1;16819;7;2005;125;5604;20
UL;81947411;33449;H;7;0xa107;0xb102;0xe1;16819;7;2005;125;5604;20
UF;81947533;752560;0xdeca;0xb103;0xa104;0xe0;19429;7;2064;118;3470;12
UF;81947545;752561;0xdeca;0xa100;0xb101;0xe1;17752;7;1854;117;4866;20
UL;81947545;33450;A;0;0xa100;0xb101;0xe1;17752;7;1854;117;4866;20
listener anchor=A src=0xa100 code=0xe1 level=7 q=17752 cir=1854 rxpacc=117 fp=4866/5638/6488 frames=229
UF;81947599;752562;0xdeca;0xb102;0xa100;0xe0;17148;7;1884;120;7057;12
listener debug sel=A valid=1 age=134 level=7 good=752562 accepted=33450 badhdr=6 nonanchor=719106 toolong=0 rxerr=1668 rxen_fail=0 rxen_last=0 sys_status=0x00800002 sys_state=000505460b rx_finfo=0x0786c80c last_status=0x00801302 last_len=12 pan=0xdeca dst=0xa100 src=0xb102 code=0xe0
UF;81947730;752563;0xdeca;0xb103;0xa100;0xe0;17630;7;2035;123;3814;12
UF;81947743;752564;0xdeca;0xb103;0xa103;0xe0;16576;7;518;64;1537;12
UF;81947802;752565;0xdeca;0xb102;0xa100;0xe0;21822;7;2560;124;7119;12
UF;81947933;752566;0xdeca;0xb103;0xa104;0xe0;18429;7;2162;124;4191;12
UF;81947946;752567;0xdeca;0xa100;0xb101;0xe1;18337;7;1948;118;2369;20
UL;81947946;33451;A;0;0xa100;0xb101;0xe1;18337;7;1948;118;2369;20
UF;81948001;752568;0xdeca;0xb102;0xa100;0xe0;18334;7;2048;121;7335;12
UF;81948133;752569;0xdeca;0xb103;0xa100;0xe0;20205;7;2257;121;6876;12
UF;81948145;752570;0xdeca;0xb101;0xa100;0xe0;18413;7;2023;120;7360;12
UF;81948199;752571;0xdeca;0xb102;0xa102;0xe0;18036;7;1916;118;7269;12
UF;81948331;752572;0xdeca;0xb103;0xa104;0xe0;20902;7;2183;117;4972;12
UF;81948344;752573;0xdeca;0xb101;0xa102;0xe0;19299;7;2264;124;4211;12
UF;81948398;752574;0xdeca;0xb102;0xa102;0xe0;20516;7;2254;120;4419;12
UF;81948411;752575;0xdeca;0xa107;0xb102;0xe1;17364;7;2037;124;5971;20
UL;81948411;33452;H;7;0xa107;0xb102;0xe1;17364;7;2037;124;5971;20
UF;81948533;752576;0xdeca;0xb103;0xa100;0xe0;18470;7;1929;117;4712;12
UF;81948545;752577;0xdeca;0xb101;0xa102;0xe0;19113;7;2135;121;2142;12
UF;81948599;752578;0xdeca;0xb102;0xa100;0xe0;18501;7;2101;122;405;12
listener debug sel=A valid=1 age=733 level=7 good=752578 accepted=33452 badhdr=6 nonanchor=719120 toolong=0 rxerr=1668 rxen_fail=0 rxen_last=0 sys_status=0x00800002 sys_state=000505410b rx_finfo=0x07a6c80c last_status=0x00801302 last_len=12 pan=0xdeca dst=0xa100 src=0xb102 code=0xe0
UF;81948730;752579;0xdeca;0xb103;0xa104;0xe0;20015;7;2199;120;6859;12
UF;81948743;752580;0xdeca;0xb103;0xa107;0xe0;17410;7;1881;119;7061;12
UF;81948797;752581;0xdeca;0xb102;0xa100;0xe0;16902;7;1951;123;3114;12
UF;81948809;752582;0xdeca;0xb102;0xa107;0xe0;16071;7;1825;122;1834;12
UF;81948931;752583;0xdeca;0xb103;0xa100;0xe0;19839;7;2290;123;7509;12
UF;81948944;752584;0xdeca;0xa103;0xb103;0xe1;17063;7;1906;121;2180;20
UL;81948944;33453;D;3;0xa103;0xb103;0xe1;17063;7;1906;121;2180;20
UF;81948998;752585;0xdeca;0xb102;0xa100;0xe0;18844;7;2105;121;6787;12
UF;81949011;752586;0xdeca;0xa107;0xb102;0xe1;18281;7;2076;122;6756;20
UL;81949011;33454;H;7;0xa107;0xb102;0xe1;18281;7;2076;122;6756;20
UF;81949133;752587;0xdeca;0xb103;0xa104;0xe0;19588;7;2261;123;6559;12
UF;81949146;752588;0xdeca;0xa100;0xb101;0xe1;19118;7;2171;122;4916;20
UL;81949146;33455;A;0;0xa100;0xb101;0xe1;19118;7;2171;122;4916;20
listener anchor=A src=0xa100 code=0xe1 level=7 q=19118 cir=2171 rxpacc=122 fp=4916/6813/4756 frames=231
UF;81949199;752589;0xdeca;0xb102;0xa100;0xe0;16808;7;1816;119;6837;12
UF;81949331;752590;0xdeca;0xb103;0xa100;0xe0;20518;7;2292;121;7036;12
UF;81949344;752591;0xdeca;0xa103;0xb103;0xe1;15455;7;1300;105;2828;20
UL;81949344;33456;D;3;0xa103;0xb103;0xe1;15455;7;1300;105;2828;20
UF;81949399;752592;0xdeca;0xb102;0xa100;0xe0;19333;7;2124;120;7494;12
UF;81949530;752593;0xdeca;0xb103;0xa104;0xe0;20394;7;2354;123;6113;12
UF;81949543;752594;0xdeca;0xb103;0xa107;0xe0;20398;7;2241;120;6377;12
UF;81949597;752595;0xdeca;0xb102;0xa100;0xe0;20428;7;2358;123;7436;12
UF;81949610;752596;0xdeca;0xa107;0xb102;0xe1;17449;7;2047;124;5792;20
UL;81949610;33457;H;7;0xa107;0xb102;0xe1;17449;7;2047;124;5792;20
listener debug sel=A valid=1 age=534 level=7 good=752596 accepted=33457 badhdr=6 nonanchor=719133 toolong=0 rxerr=1668 rxen_fail=0 rxen_last=0 sys_status=0x00800002 sys_state=000505460b rx_finfo=0x07c6c814 last_status=0x00801302 last_len=20 pan=0xdeca dst=0xb102 src=0xa107 code=0xe1
UF;81949731;752597;0xdeca;0xb103;0xa100;0xe0;19039;7;2057;119;4914;12
UF;81949744;752598;0xdeca;0xa103;0xb103;0xe1;16852;7;1977;124;3126;20
UL;81949744;33458;D;3;0xa103;0xb103;0xe1;16852;7;1977;124;3126;20
UF;81949798;752599;0xdeca;0xb102;0xa102;0xe0;21288;7;2378;121;7368;12
uwb any-frame t=81949811 good=752600 len=20 fctrl=8841 pan=0xdeca dst=0xb102 src=0xa107 code=0xe1 q=17299 level=7 cir=1869 rxpacc=119 fp=4884/5147/3755
UF;81949811;752600;0xdeca;0xa107;0xb102;0xe1;17299;7;1869;119;4884;20
UL;81949811;33459;H;7;0xa107;0xb102;0xe1;17299;7;1869;119;4884;20
UF;81949931;752601;0xdeca;0xb103;0xa104;0xe0;19805;7;2286;123;7309;12
UF;81949943;752602;0xdeca;0xa107;0xb103;0xe1;17134;7;2010;124;5991;20
UL;81949943;33460;H;7;0xa107;0xb103;0xe1;17134;7;2010;124;5991;20
UF;81949998;752603;0xdeca;0xb102;0xa102;0xe0;15975;7;1726;119;7073;12
UF;81950011;752604;0xdeca;0xa107;0xb102;0xe1;16401;7;1772;119;5973;20
UL;81950011;33461;H;7;0xa107;0xb102;0xe1;16401;7;1772;119;5973;20
UF;81950133;752605;0xdeca;0xb103;0xa100;0xe0;19419;7;2063;118;7274;12
UF;81950146;752606;0xdeca;0xb101;0xa102;0xe0;20480;7;1960;112;6941;12
UF;81950200;752607;0xdeca;0xb102;0xa100;0xe0;16851;7;1760;117;6905;12
UF;81950332;752608;0xdeca;0xb103;0xa104;0xe0;20412;7;2318;122;4447;12
UF;81950344;752609;0xdeca;0xa107;0xb103;0xe1;16341;7;1917;124;6079;20
UL;81950344;33462;H;7;0xa107;0xb103;0xe1;16341;7;1917;124;6079;20
UF;81950399;752610;0xdeca;0xb102;0xa100;0xe0;18642;7;2117;122;4216;12
UF;81950531;752611;0xdeca;0xb103;0xa100;0xe0;18532;7;2174;124;5948;12
UF;81950543;752612;0xdeca;0xa103;0xb103;0xe1;15975;7;1726;119;3568;20
UL;81950543;33463;D;3;0xa103;0xb103;0xe1;15975;7;1726;119;3568;20
UF;81950598;752613;0xdeca;0xb102;0xa100;0xe0;17703;7;1945;120;5307;12
listener debug sel=A valid=1 age=1537 level=7 good=752613 accepted=33463 badhdr=6 nonanchor=719144 toolong=0 rxerr=1668 rxen_fail=0 rxen_last=0 sys_status=0x00800002 sys_state=000505420b rx_finfo=0x0786c80c last_status=0x00801302 last_len=12 pan=0xdeca dst=0xa100 src=0xb102 code=0xe0
UF;81950734;752614;0xdeca;0xb103;0xa104;0xe0;18977;7;1982;117;3917;12
UF;81950747;752615;0xdeca;0xb101;0xa102;0xe0;17405;7;2009;123;7364;12
UF;81950801;752616;0xdeca;0xb102;0xa100;0xe0;18158;7;2062;122;7076;12
UF;81950933;752617;0xdeca;0xb103;0xa100;0xe0;20723;7;2392;123;4241;12
UF;81950946;752618;0xdeca;0xb101;0xa100;0xe0;14299;7;433;63;3303;12
UF;81950999;752619;0xdeca;0xb102;0xa100;0xe0;16878;7;1793;118;4814;12
UF;81951131;752620;0xdeca;0xb103;0xa104;0xe0;18610;7;1977;118;5580;12
UF;81951144;752621;0xdeca;0xa107;0xb103;0xe1;15470;7;629;73;61;20
UL;81951144;33464;H;7;0xa107;0xb103;0xe1;15470;7;629;73;61;20
UF;81951198;752622;0xdeca;0xb102;0xa100;0xe0;17321;7;1809;117;6794;12
UF;81951335;752623;0xdeca;0xb103;0xa100;0xe0;19834;7;2107;118;6108;12
UF;81951348;752624;0xdeca;0xb101;0xa102;0xe0;17578;7;2029;123;6919;12
UF;81951397;752625;0xdeca;0xb102;0xa102;0xe0;18827;7;2138;122;7540;12
UF;81951409;752626;0xdeca;0xb102;0xa107;0xe0;17117;7;2008;124;7053;12
UF;81951531;752627;0xdeca;0xb103;0xa104;0xe0;18206;7;1967;119;6290;12
UF;81951543;752628;0xdeca;0xa107;0xb103;0xe1;17535;7;2024;123;109;20
UL;81951543;33465;H;7;0xa107;0xb103;0xe1;17535;7;2024;123;109;20
UF;81951598;752629;0xdeca;0xb102;0xa102;0xe0;16045;7;1852;123;7330;12
UF;81951610;752630;0xdeca;0xa107;0xb102;0xe1;17587;7;2030;123;5789;20
UL;81951610;33466;H;7;0xa107;0xb102;0xe1;17587;7;2030;123;5789;20
listener debug sel=A valid=1 age=2540 level=7 good=752630 accepted=33466 badhdr=6 nonanchor=719158 toolong=0 rxerr=1668 rxen_fail=0 rxen_last=0 sys_status=0x00800002 sys_state=000505440b rx_finfo=0x07b6c814 last_status=0x00801302 last_len=20 pan=0xdeca dst=0xb102 src=0xa107 code=0xe1
UF;81951732;752631;0xdeca;0xb103;0xa100;0xe0;19391;7;2060;118;4278;12
UF;81951744;752632;0xdeca;0xb101;0xa102;0xe0;19937;7;2264;122;7602;12
UF;81951798;752633;0xdeca;0xb102;0xa100;0xe0;19252;7;2080;119;7383;12
UF;81951930;752634;0xdeca;0xb103;0xa104;0xe0;18058;7;1951;119;4806;12
UF;81951943;752635;0xdeca;0xa107;0xb103;0xe1;17428;7;1883;119;4387;20
UL;81951943;33467;H;7;0xa107;0xb103;0xe1;17428;7;1883;119;4387;20
UF;81951998;752636;0xdeca;0xb102;0xa100;0xe0;18378;7;2087;122;7314;12
UF;81952010;752637;0xdeca;0xa107;0xb102;0xe1;17928;7;1937;119;4768;20
UL;81952010;33468;H;7;0xa107;0xb102;0xe1;17928;7;1937;119;4768;20
UF;81952132;752638;0xdeca;0xb103;0xa100;0xe0;19954;7;2084;117;6605;12
UF;81952144;752639;0xdeca;0xb101;0xa100;0xe0;20711;7;2469;125;7852;12
UF;81952198;752640;0xdeca;0xb102;0xa100;0xe0;18748;7;2164;123;7566;12
UF;81952335;752641;0xdeca;0xb103;0xa104;0xe0;20152;7;2214;120;4424;12
UF;81952347;752642;0xdeca;0xb101;0xa102;0xe0;18178;7;1964;119;6896;12
UF;81952401;752643;0xdeca;0xb102;0xa100;0xe0;19140;7;2138;121;7072;12
UF;81952532;752644;0xdeca;0xb103;0xa100;0xe0;20164;7;2106;117;6291;12
UF;81952545;752645;0xdeca;0xb101;0xa100;0xe0;20571;7;2260;120;567;12
UF;81952599;752646;0xdeca;0xb102;0xa100;0xe0;18150;7;1961;119;4482;12
listener debug sel=A valid=1 age=3543 level=7 good=752646 accepted=33468 badhdr=6 nonanchor=719172 toolong=0 rxerr=1668 rxen_fail=0 rxen_last=0 sys_status=0x00800002 sys_state=000505430b rx_finfo=0x0776c80c last_status=0x00801302 last_len=12 pan=0xdeca dst=0xa100 src=0xb102 code=0xe0
UF;81952734;752647;0xdeca;0xb103;0xa104;0xe0;19376;7;2273;124;5770;12
UF;81952747;752648;0xdeca;0xb101;0xa102;0xe0;19870;7;2331;124;5350;12
UF;81952801;752649;0xdeca;0xb102;0xa100;0xe0;17703;7;1945;120;1034;12
uwb any-frame t=81952932 good=752650 len=12 fctrl=8841 pan=0xdeca dst=0xa100 src=0xb103 code=0xe0 q=19005 level=7 cir=2088 rxpacc=120 fp=7123/6923/5340
UF;81952932;752650;0xdeca;0xb103;0xa100;0xe0;19005;7;2088;120;7123;12
UF;81952999;752651;0xdeca;0xb102;0xa102;0xe0;18796;7;2205;124;5214;12
UF;81953131;752652;0xdeca;0xb103;0xa104;0xe0;19259;7;2223;123;5246;12
UF;81953143;752653;0xdeca;0xa107;0xb103;0xe1;17776;7;1953;120;98;20
UL;81953143;33469;H;7;0xa107;0xb103;0xe1;17776;7;1953;120;98;20
UF;81953198;752654;0xdeca;0xb102;0xa102;0xe0;17685;7;1847;117;7224;12
UF;81953210;752655;0xdeca;0xa107;0xb102;0xe1;16443;7;1898;123;4228;20
UL;81953210;33470;H;7;0xa107;0xb102;0xe1;16443;7;1898;123;4228;20
UF;81953332;752656;0xdeca;0xb103;0xa100;0xe0;19381;7;2165;121;5544;12
UF;81953344;752657;0xdeca;0xb101;0xa102;0xe0;19444;7;2281;124;7470;12
UF;81953398;752658;0xdeca;0xb102;0xa100;0xe0;20456;7;2323;122;7213;12
UF;81953411;752659;0xdeca;0xa107;0xb102;0xe1;16820;7;1848;120;5804;20
UL;81953411;33471;H;7;0xa107;0xb102;0xe1;16820;7;1848;120;5804;20
UF;81953532;752660;0xdeca;0xb103;0xa104;0xe0;18996;7;2087;120;6126;12
UF;81953545;752661;0xdeca;0xb101;0xa100;0xe0;17357;7;1971;122;7157;12
UF;81953599;752662;0xdeca;0xb102;0xa100;0xe0;17445;7;1981;122;7259;12
listener debug sel=A valid=1 age=4543 level=7 good=752662 accepted=33471 badhdr=6 nonanchor=719185 toolong=0 rxerr=1668 rxen_fail=0 rxen_last=0 sys_status=0x00800002 sys_state=000505480b rx_finfo=0x07a6c80c last_status=0x00801302 last_len=12 pan=0xdeca dst=0xa100 src=0xb102 code=0xe0
UF;81953735;752663;0xdeca;0xb103;0xa100;0xe0;19965;7;2121;118;5103;12
UF;81953747;752664;0xdeca;0xb101;0xa102;0xe0;18193;7;2066;122;7432;12
UF;81953801;752665;0xdeca;0xb102;0xa100;0xe0;19636;7;2086;118;7295;12
UF;81953932;752666;0xdeca;0xb103;0xa104;0xe0;18110;7;2023;121;4066;12
UF;81953945;752667;0xdeca;0xb101;0xa100;0xe0;17922;7;2002;121;6973;12
UF;81953999;752668;0xdeca;0xb102;0xa100;0xe0;20169;7;2253;121;7447;12
UF;81954130;752669;0xdeca;0xb103;0xa100;0xe0;19677;7;2126;119;6486;12
UF;81954143;752670;0xdeca;0xb103;0xa103;0xe0;19713;7;2202;121;6262;12
UF;81954196;752671;0xdeca;0xb102;0xa100;0xe0;19646;7;2231;122;7377;12
UF;81954209;752672;0xdeca;0xb102;0xa105;0xe0;19155;7;2211;123;7540;12
UF;81954330;752673;0xdeca;0xb103;0xa104;0xe0;18493;7;2100;122;6626;12
UF;81954343;752674;0xdeca;0xb103;0xa107;0xe0;20109;7;2359;124;7002;12
UF;81954397;752675;0xdeca;0xb102;0xa100;0xe0;17894;7;1901;118;6840;12
UF;81954409;752676;0xdeca;0xa107;0xb102;0xe1;17500;7;2053;124;4964;20
UL;81954409;33472;H;7;0xa107;0xb102;0xe1;17500;7;2053;124;4964;20
UF;81954531;752677;0xdeca;0xb103;0xa100;0xe0;19649;7;2268;123;5935;12
UF;81954543;752678;0xdeca;0xa103;0xb103;0xe1;16318;7;1763;119;3914;20
UL;81954543;33473;D;3;0xa103;0xb103;0xe1;16318;7;1763;119;3914;20
UF;81954598;752679;0xdeca;0xb102;0xa102;0xe0;17136;7;1946;122;5706;12
listener debug sel=A valid=1 age=5543 level=7 good=752679 accepted=33473 badhdr=6 nonanchor=719200 toolong=0 rxerr=1669 rxen_fail=0 rxen_last=0 sys_status=0x00800002 sys_state=000505430b rx_finfo=0x0176c014 last_status=0x00810f02 last_len=12 pan=0xdeca dst=0xa102 src=0xb102 code=0xe0
UF;81954734;752680;0xdeca;0xb103;0xa104;0xe0;20550;7;2372;123;5776;12
UF;81954747;752681;0xdeca;0xb101;0xa100;0xe0;21026;7;2196;117;7267;12
UF;81954801;752682;0xdeca;0xb102;0xa102;0xe0;15767;7;1675;118;4711;12
UF;81954932;752683;0xdeca;0xb103;0xa100;0xe0;20075;7;2355;124;6677;12
UF;81954945;752684;0xdeca;0xb101;0xa102;0xe0;17931;7;1970;120;7255;12
UF;81954998;752685;0xdeca;0xb102;0xa100;0xe0;20040;7;2351;124;7090;12
UF;81955135;752686;0xdeca;0xb103;0xa104;0xe0;18595;7;2043;120;3733;12
UF;81955148;752687;0xdeca;0xb101;0xa102;0xe0;18660;7;2119;122;7054;12
UF;81955201;752688;0xdeca;0xb102;0xa100;0xe0;18077;7;1888;117;7221;12
UF;81955333;752689;0xdeca;0xb103;0xa100;0xe0;19378;7;2129;120;7046;12
UF;81955345;752690;0xdeca;0xb101;0xa100;0xe0;17400;7;1880;119;7356;12
UF;81955399;752691;0xdeca;0xb102;0xa100;0xe0;17771;7;1920;119;6975;12
UF;81955530;752692;0xdeca;0xb103;0xa104;0xe0;21260;7;2454;123;5661;12
UF;81955543;752693;0xdeca;0xa107;0xb103;0xe1;18352;7;2084;122;6438;20
UL;81955543;33474;H;7;0xa107;0xb103;0xe1;18352;7;2084;122;6438;20
UF;81955598;752694;0xdeca;0xb102;0xa100;0xe0;17752;7;1918;119;7090;12
UF;81955610;752695;0xdeca;0xa105;0xb102;0xe1;21676;7;1929;108;6992;20
UL;81955610;33475;F;5;0xa105;0xb102;0xe1;21676;7;1929;108;6992;20
listener debug sel=A valid=1 age=6545 level=7 good=752695 accepted=33475 badhdr=6 nonanchor=719214 toolong=0 rxerr=1669 rxen_fail=0 rxen_last=0 sys_status=0x00800002 sys_state=000505460b rx_finfo=0x06c6c814 last_status=0x00810f02 last_len=20 pan=0xdeca dst=0xb102 src=0xa105 code=0xe1
UF;81955731;752696;0xdeca;0xb103;0xa100;0xe0;19118;7;2171;122;4785;12
UF;81955744;752697;0xdeca;0xb101;0xa100;0xe0;19730;7;2352;125;7329;12
UF;81955798;752698;0xdeca;0xb102;0xa100;0xe0;17985;7;1976;120;7123;12
UF;81955810;752699;0xdeca;0xa105;0xb102;0xe1;20454;7;2361;123;7414;20
UL;81955810;33476;F;5;0xa105;0xb102;0xe1;20454;7;2361;123;7414;20
uwb any-frame t=81955932 good=752700 len=12 fctrl=8841 pan=0xdeca dst=0xa104 src=0xb103 code=0xe0 q=19498 level=7 cir=2178 rxpacc=121 fp=7296/7058/4148
UF;81955932;752700;0xdeca;0xb103;0xa104;0xe0;19498;7;2178;121;7296;12
UF;81955999;752701;0xdeca;0xb102;0xa100;0xe0;17973;7;2041;122;7167;12
UF;81956130;752702;0xdeca;0xb103;0xa100;0xe0;19380;7;2237;123;2959;12
UF;81956143;752703;0xdeca;0xa103;0xb103;0xe1;17806;7;1989;121;3924;20
UL;81956143;33477;D;3;0xa103;0xb103;0xe1;17806;7;1989;121;3924;20
UF;81956197;752704;0xdeca;0xb102;0xa102;0xe0;16675;7;1832;120;7440;12
UF;81956210;752705;0xdeca;0xa107;0xb102;0xe1;17196;7;1796;117;4587;20
UL;81956210;33478;H;7;0xa107;0xb102;0xe1;17196;7;1796;117;4587;20
UF;81956332;752706;0xdeca;0xb103;0xa104;0xe0;19734;7;2061;117;6896;12
UF;81956344;752707;0xdeca;0xb101;0xa102;0xe0;18191;7;2032;121;3594;12
UF;81956398;752708;0xdeca;0xb102;0xa102;0xe0;18868;7;2073;120;7516;12
UF;81956535;752709;0xdeca;0xb103;0xa100;0xe0;19188;7;2251;124;5250;12
UF;81956547;752710;0xdeca;0xb101;0xa100;0xe0;18713;7;2160;123;3335;12
UF;81956601;752711;0xdeca;0xb102;0xa100;0xe0;19378;7;2129;120;7079;12
listener debug sel=A valid=1 age=7545 level=7 good=752711 accepted=33478 badhdr=6 nonanchor=719227 toolong=0 rxerr=1669 rxen_fail=0 rxen_last=0 sys_status=0x00800002 sys_state=000505450b rx_finfo=0x0786c80c last_status=0x00810f02 last_len=12 pan=0xdeca dst=0xa100 src=0xb102 code=0xe0
UF;81956732;752712;0xdeca;0xb103;0xa104;0xe0;19768;7;2319;124;4772;12
UF;81956745;752713;0xdeca;0xb101;0xa100;0xe0;17734;7;2047;123;4462;12
UF;81956798;752714;0xdeca;0xb102;0xa100;0xe0;16549;7;1788;119;2961;12
UF;81956811;752715;0xdeca;0xa107;0xb102;0xe1;17890;7;2065;123;5362;20
UL;81956811;33479;H;7;0xa107;0xb102;0xe1;17890;7;2065;123;5362;20
UF;81956933;752716;0xdeca;0xb103;0xa100;0xe0;19344;7;2055;118;6797;12
UF;81956945;752717;0xdeca;0xb101;0xa100;0xe0;19511;7;2108;119;6327;12
UF;81956999;752718;0xdeca;0xb102;0xa100;0xe0;17419;7;1882;119;2457;12
UF;81957131;752719;0xdeca;0xb103;0xa104;0xe0;20576;7;2149;117;4586;12
UF;81957143;752720;0xdeca;0xa107;0xb103;0xe1;17283;7;1995;123;6110;20
UL;81957143;33480;H;7;0xa107;0xb103;0xe1;17283;7;1995;123;6110;20
UF;81957198;752721;0xdeca;0xb102;0xa100;0xe0;18930;7;2185;123;3635;12
UF;81957210;752722;0xdeca;0xa105;0xb102;0xe1;17628;7;2068;124;6866;20
UL;81957210;33481;F;5;0xa105;0xb102;0xe1;17628;7;2068;124;6866;20
UF;81957332;752723;0xdeca;0xb103;0xa100;0xe0;19877;7;2076;117;6881;12
UF;81957345;752724;0xdeca;0xb101;0xa100;0xe0;18384;7;1953;118;7239;12
UF;81957399;752725;0xdeca;0xb102;0xa100;0xe0;17734;7;1981;121;7595;12
UF;81957530;752726;0xdeca;0xb103;0xa104;0xe0;20916;7;2298;120;6108;12
UF;81957543;752727;0xdeca;0xa107;0xb103;0xe1;17594;7;2064;124;127;20
UL;81957543;33482;H;7;0xa107;0xb103;0xe1;17594;7;2064;124;127;20
UF;81957597;752728;0xdeca;0xb102;0xa100;0xe0;17734;7;1981;121;7552;12
UF;81957610;752729;0xdeca;0xa107;0xb102;0xe1;16916;7;1921;122;4379;20
UL;81957610;33483;H;7;0xa107;0xb102;0xe1;16916;7;1921;122;4379;20
listener debug sel=A valid=1 age=8549 level=7 good=752729 accepted=33483 badhdr=6 nonanchor=719240 toolong=0 rxerr=1669 rxen_fail=0 rxen_last=0 sys_status=0x00800002 sys_state=000505460b rx_finfo=0x07a6c814 last_status=0x00810f02 last_len=20 pan=0xdeca dst=0xb102 src=0xa107 code=0xe1
UF;81957731;752730;0xdeca;0xb103;0xa100;0xe0;17049;7;1842;119;3700;12
UF;81957743;752731;0xdeca;0xa103;0xb103;0xe1;17240;7;1990;123;3625;20
UL;81957743;33484;D;3;0xa103;0xb103;0xe1;17240;7;1990;123;3625;20
UF;81957798;752732;0xdeca;0xb102;0xa102;0xe0;19224;7;2077;119;7275;12
UF;81957934;752733;0xdeca;0xb103;0xa104;0xe0;18641;7;2014;119;4473;12
UF;81957947;752734;0xdeca;0xb101;0xa100;0xe0;18310;7;2148;124;7064;12
UF;81958001;752735;0xdeca;0xb102;0xa102;0xe0;16416;7;1744;118;7095;12
UF;81958132;752736;0xdeca;0xb103;0xa100;0xe0;19467;7;2247;123;3536;12
UF;81958144;752737;0xdeca;0xb101;0xa102;0xe0;19242;7;2079;119;7278;12
UF;81958198;752738;0xdeca;0xb102;0xa100;0xe0;19570;7;2079;118;7368;12
UF;81958335;752739;0xdeca;0xb103;0xa104;0xe0;18622;7;2012;119;6621;12
UF;81958347;752740;0xdeca;0xb101;0xa102;0xe0;19478;7;2140;120;7732;12
UF;81958396;752741;0xdeca;0xb102;0xa100;0xe0;18821;7;2208;124;7267;12
UF;81958409;752742;0xdeca;0xb102;0xa107;0xe0;17969;7;2108;124;6124;12
UF;81958530;752743;0xdeca;0xb103;0xa100;0xe0;19751;7;2317;124;4787;12
UF;81958542;752744;0xdeca;0xb103;0xa103;0xe0;18374;7;1919;117;6719;12
UF;81958555;752745;0xdeca;0xa107;0xb101;0xe1;16790;7;1938;123;6444;20
UL;81958555;33485;H;7;0xa107;0xb101;0xe1;16790;7;1938;123;6444;20
UF;81958599;752746;0xdeca;0xb102;0xa100;0xe0;17824;7;1991;121;4060;12
listener debug sel=A valid=1 age=9554 level=7 good=752746 accepted=33485 badhdr=6 nonanchor=719255 toolong=0 rxerr=1669 rxen_fail=0 rxen_last=0 sys_status=0x00800002 sys_state=000505450b rx_finfo=0x0796c80c last_status=0x00810f02 last_len=12 pan=0xdeca dst=0xa100 src=0xb102 code=0xe0
UF;81958735;752747;0xdeca;0xb103;0xa104;0xe0;20126;7;2361;124;6976;12
UF;81958748;752748;0xdeca;0xb101;0xa100;0xe0;18632;7;1946;117;7348;12
UF;81958801;752749;0xdeca;0xb102;0xa100;0xe0;18011;7;2079;123;6075;12
uwb any-frame t=81958933 good=752750 len=12 fctrl=8841 pan=0xdeca dst=0xa100 src=0xb103 code=0xe0 q=20330 level=7 cir=2385 rxpacc=124 fp=7095/7375/5142
UF;81958933;752750;0xdeca;0xb103;0xa100;0xe0;20330;7;2385;124;7095;12
UF;81959000;752751;0xdeca;0xb102;0xa100;0xe0;16943;7;1924;122;7521;12
UF;81959132;752752;0xdeca;0xb103;0xa104;0xe0;20307;7;2194;119;5216;12
UF;81959144;752753;0xdeca;0xb101;0xa100;0xe0;16456;7;1778;119;6992;12
UF;81959198;752754;0xdeca;0xb102;0xa100;0xe0;17456;7;1886;119;7293;12
UF;81959335;752755;0xdeca;0xb103;0xa100;0xe0;20334;7;2234;120;4871;12
UF;81959347;752756;0xdeca;0xb101;0xa102;0xe0;17866;7;1866;117;7199;12
UF;81959401;752757;0xdeca;0xb102;0xa102;0xe0;19043;7;2234;124;7790;12
UF;81959532;752758;0xdeca;0xb103;0xa104;0xe0;17694;7;1848;117;5491;12
UF;81959545;752759;0xdeca;0xb101;0xa102;0xe0;18522;7;2069;121;7588;12
UF;81959599;752760;0xdeca;0xb102;0xa102;0xe0;20610;7;2457;125;7738;12
listener debug sel=A valid=1 age=10558 level=7 good=752760 accepted=33485 badhdr=6 nonanchor=719269 toolong=0 rxerr=1669 rxen_fail=0 rxen_last=0 sys_status=0x00800002 sys_state=000505460b rx_finfo=0x07d6c80c last_status=0x00810f02 last_len=12 pan=0xdeca dst=0xa102 src=0xb102 code=0xe0
UF;81959735;752761;0xdeca;0xb103;0xa100;0xe0;17713;7;1850;117;4222;12
UF;81959747;752762;0xdeca;0xb101;0xa100;0xe0;19360;7;2127;120;7378;12
UF;81959801;752763;0xdeca;0xb102;0xa100;0xe0;22040;8;2544;123;7623;12
UF;81959932;752764;0xdeca;0xb103;0xa104;0xe0;18261;7;1940;118;6577;12
UF;81959945;752765;0xdeca;0xb101;0xa100;0xe0;19620;7;2228;122;7427;12
UF;81959999;752766;0xdeca;0xb102;0xa100;0xe0;20807;7;2286;120;7304;12
UF;81960130;752767;0xdeca;0xb103;0xa100;0xe0;19236;7;2009;117;5109;12
UF;81960143;752768;0xdeca;0xb103;0xa103;0xe0;18889;7;2110;121;5184;12
UF;81960197;752769;0xdeca;0xb102;0xa100;0xe0;19768;7;2100;118;7134;12
UF;81960209;752770;0xdeca;0xb102;0xa107;0xe0;17753;7;1886;118;6951;12
UF;81960330;752771;0xdeca;0xb103;0xa104;0xe0;19057;7;2059;119;4646;12
UF;81960343;752772;0xdeca;0xb103;0xa107;0xe0;19446;7;2101;119;2618;12
UF;81960397;752773;0xdeca;0xb102;0xa100;0xe0;17985;7;1976;120;4778;12
UF;81960409;752774;0xdeca;0xb102;0xa105;0xe0;18158;7;1929;118;6730;12
UF;81960530;752775;0xdeca;0xb103;0xa100;0xe0;20060;7;2278;122;7025;12
UF;81960543;752776;0xdeca;0xb103;0xa103;0xe0;18724;7;2023;119;5944;12
UF;81960602;752777;0xdeca;0xb102;0xa100;0xe0;18139;7;1927;118;5572;12
listener debug sel=A valid=1 age=11561 level=7 good=752777 accepted=33485 badhdr=6 nonanchor=719286 toolong=0 rxerr=1669 rxen_fail=0 rxen_last=0 sys_status=0x00800002 sys_state=000505450b rx_finfo=0x0766c80c last_status=0x00810f02 last_len=12 pan=0xdeca dst=0xa100 src=0xb102 code=0xe0
UF;81960738;752778;0xdeca;0xb103;0xa104;0xe0;22056;8;2383;119;6882;12
UF;81960750;752779;0xdeca;0xb101;0xa107;0xe0;19587;7;2152;120;6889;12
UF;81960799;752780;0xdeca;0xb102;0xa100;0xe0;16134;7;1714;118;3470;12
UF;81960930;752781;0xdeca;0xb103;0xa100;0xe0;20375;7;2429;125;6628;12
UF;81960943;752782;0xdeca;0xb103;0xa103;0xe0;21075;7;2277;119;6920;12
UF;81961002;752783;0xdeca;0xb102;0xa102;0xe0;17938;7;2037;122;6244;12
UF;81961133;752784;0xdeca;0xb103;0xa104;0xe0;20571;7;2336;122;6456;12
UF;81961146;752785;0xdeca;0xa102;0xb101;0xe1;17355;7;2036;124;7119;20
UL;81961146;33486;C;2;0xa102;0xb101;0xe1;17355;7;2036;124;7119;20
UF;81961200;752786;0xdeca;0xb102;0xa102;0xe0;16746;7;1779;118;6150;12
UF;81961331;752787;0xdeca;0xb103;0xa100;0xe0;20184;7;2108;117;5869;12
UF;81961344;752788;0xdeca;0xa103;0xb103;0xe1;18468;7;2029;120;3279;20
UL;81961344;33487;D;3;0xa103;0xb103;0xe1;18468;7;2029;120;3279;20
UF;81961399;752789;0xdeca;0xb102;0xa100;0xe0;19264;7;2012;117;6940;12
UF;81961530;752790;0xdeca;0xb103;0xa104;0xe0;19717;7;2239;122;6482;12
UF;81961543;752791;0xdeca;0xb103;0xa107;0xe0;18762;7;1403;99;4750;12
UF;81961601;752792;0xdeca;0xb102;0xa100;0xe0;19901;7;2223;121;6727;12
listener debug sel=A valid=1 age=12561 level=7 good=752792 accepted=33487 badhdr=6 nonanchor=719299 toolong=0 rxerr=1669 rxen_fail=0 rxen_last=0 sys_status=0x00800002 sys_state=000505460b rx_finfo=0x0796c80c last_status=0x00810f02 last_len=12 pan=0xdeca dst=0xa100 src=0xb102 code=0xe0
UF;81961737;752793;0xdeca;0xb103;0xa100;0xe0;18881;7;1972;117;4771;12
UF;81961750;752794;0xdeca;0xb101;0xa105;0xe0;18765;7;2166;123;7343;12
UF;81961798;752795;0xdeca;0xb102;0xa100;0xe0;22245;8;2444;120;7377;12
UF;81961935;752796;0xdeca;0xb103;0xa104;0xe0;20526;7;2447;125;5667;12
UF;81961947;752797;0xdeca;0xb101;0xa102;0xe0;19915;7;2188;120;7143;12
UF;81961996;752798;0xdeca;0xb102;0xa100;0xe0;17257;7;1992;123;5108;12
UF;81962009;752799;0xdeca;0xb102;0xa105;0xe0;14681;7;1640;121;7205;12
uwb any-frame t=81962130 good=752800 len=12 fctrl=8841 pan=0xdeca dst=0xa100 src=0xb103 code=0xe0 q=19418 level=7 cir=2098 rxpacc=119 fp=5589/6838/6864
UF;81962130;752800;0xdeca;0xb103;0xa100;0xe0;19418;7;2098;119;5589;12
UF;81962197;752801;0xdeca;0xb102;0xa100;0xe0;16162;7;1688;117;4244;12
UF;81962209;752802;0xdeca;0xb102;0xa105;0xe0;16697;7;1804;119;6371;12
UF;81962330;752803;0xdeca;0xb103;0xa104;0xe0;19140;7;1999;117;4221;12
UF;81962343;752804;0xdeca;0xb103;0xa107;0xe0;17132;7;755;76;2386;12
UF;81962397;752805;0xdeca;0xb102;0xa100;0xe0;19273;7;2261;124;1851;12
UF;81962409;752806;0xdeca;0xa107;0xb102;0xe1;17822;7;1958;120;5524;20
UL;81962409;33488;H;7;0xa107;0xb102;0xe1;17822;7;1958;120;5524;20
UF;81962531;752807;0xdeca;0xb103;0xa100;0xe0;20107;7;2246;121;6278;12
UF;81962544;752808;0xdeca;0xa103;0xb103;0xe1;17551;7;2059;124;2567;20
UL;81962544;33489;D;3;0xa103;0xb103;0xe1;17551;7;2059;124;2567;20
UF;81962598;752809;0xdeca;0xb102;0xa102;0xe0;19050;7;2093;120;6240;12
UF;81962611;752810;0xdeca;0xa107;0xb102;0xe1;18280;7;1942;118;6528;20
UL;81962611;33490;H;7;0xa107;0xb102;0xe1;18280;7;1942;118;6528;20
listener debug sel=A valid=1 age=13561 level=7 good=752810 accepted=33490 badhdr=6 nonanchor=719314 toolong=0 rxerr=1669 rxen_fail=0 rxen_last=0 sys_status=0x00800002 sys_state=000505440b rx_finfo=0x0766c814 last_status=0x00810f02 last_len=20 pan=0xdeca dst=0xb102 src=0xa107 code=0xe1
UF;81962737;752811;0xdeca;0xb103;0xa104;0xe0;19389;7;2025;117;5962;12
UF;81962750;752812;0xdeca;0xb101;0xa105;0xe0;17570;7;1835;117;7213;12
UF;81962798;752813;0xdeca;0xb102;0xa102;0xe0;16651;7;1799;119;7094;12
UF;81962935;752814;0xdeca;0xb103;0xa100;0xe0;20069;7;2132;118;4028;12
UF;81962947;752815;0xdeca;0xb101;0xa100;0xe0;18272;7;2075;122;7166;12
UF;81963001;752816;0xdeca;0xb102;0xa100;0xe0;18522;7;2069;121;7253;12
UF;81963133;752817;0xdeca;0xb103;0xa104;0xe0;20562;7;2335;122;6606;12
UF;81963145;752818;0xdeca;0xb101;0xa100;0xe0;17378;7;1815;117;7424;12
UF;81963199;752819;0xdeca;0xb102;0xa100;0xe0;17603;7;1870;118;7186;12
UF;81963330;752820;0xdeca;0xb103;0xa100;0xe0;19086;7;2239;124;6920;12
UF;81963343;752821;0xdeca;0xb103;0xa103;0xe0;19059;7;2129;121;6278;12
UF;81963397;752822;0xdeca;0xb102;0xa100;0xe0;18459;7;1961;118;6853;12
UF;81963409;752823;0xdeca;0xb102;0xa107;0xe0;15489;7;719;78;4427;12
UF;81963530;752824;0xdeca;0xb103;0xa104;0xe0;20480;7;2250;120;6483;12
UF;81963543;752825;0xdeca;0xb103;0xa107;0xe0;19938;7;2339;124;6180;12
UF;81963597;752826;0xdeca;0xb102;0xa100;0xe0;16558;7;1759;118;7136;12
UF;81963609;752827;0xdeca;0xa105;0xb102;0xe1;18058;7;1984;120;6565;20
UL;81963609;33491;F;5;0xa105;0xb102;0xe1;18058;7;1984;120;6565;20
listener debug sel=A valid=1 age=14565 level=7 good=752827 accepted=33491 badhdr=6 nonanchor=719330 toolong=0 rxerr=1669 rxen_fail=0 rxen_last=0 sys_status=0x00800002 sys_state=000505480b rx_finfo=0x0786c814 last_status=0x00810f02 last_len=20 pan=0xdeca dst=0xb102 src=0xa105 code=0xe1
UF;81963741;752828;0xdeca;0xb103;0xa100;0xe0;19162;7;2248;124;6372;12
UF;81963753;752829;0xdeca;0xb101;0xa105;0xe0;16313;7;1733;118;7364;12
UF;81963797;752830;0xdeca;0xb102;0xa100;0xe0;16398;7;1742;118;7252;12
UF;81963810;752831;0xdeca;0xa105;0xb102;0xe1;18209;7;2034;121;6596;20
UL;81963810;33492;F;5;0xa105;0xb102;0xe1;18209;7;2034;121;6596;20
UF;81963931;752832;0xdeca;0xb103;0xa104;0xe0;19051;7;2199;123;4202;12
UF;81963944;752833;0xdeca;0xb101;0xa100;0xe0;18853;7;1969;117;6369;12
UF;81963998;752834;0xdeca;0xb102;0xa100;0xe0;21628;7;2416;121;7418;12
UF;81964010;752835;0xdeca;0xa107;0xb102;0xe1;17081;7;1784;117;115;20
UL;81964010;33493;H;7;0xa107;0xb102;0xe1;17081;7;1784;117;115;20
UF;81964132;752836;0xdeca;0xb103;0xa100;0xe0;20881;7;2256;119;5905;12
UF;81964144;752837;0xdeca;0xb101;0xa100;0xe0;21002;7;2346;121;7453;12
UF;81964198;752838;0xdeca;0xb102;0xa102;0xe0;16200;7;1721;118;6928;12
UF;81964211;752839;0xdeca;0xa107;0xb102;0xe1;17076;7;1971;123;6191;20
UL;81964211;33494;H;7;0xa107;0xb102;0xe1;17076;7;1971;123;6191;20
UF;81964333;752840;0xdeca;0xb103;0xa104;0xe0;20325;7;2233;120;4972;12
UF;81964345;752841;0xdeca;0xb101;0xa102;0xe0;18739;7;2163;123;4930;12
UF;81964399;752842;0xdeca;0xb102;0xa102;0xe0;19188;7;2251;124;7654;12
UF;81964530;752843;0xdeca;0xb103;0xa100;0xe0;18817;7;2102;121;4052;12
UF;81964543;752844;0xdeca;0xa103;0xb103;0xe1;17424;7;1851;118;2852;20
UL;81964543;33495;D;3;0xa103;0xb103;0xe1;17424;7;1851;118;2852;20
UF;81964598;752845;0xdeca;0xb102;0xa100;0xe0;16790;7;1814;119;2599;12
UF;81964610;752846;0xdeca;0xa107;0xb102;0xe1;17234;7;1800;117;4603;20
UL;81964610;33496;H;7;0xa107;0xb102;0xe1;17234;7;1800;117;4603;20
listener debug sel=A valid=1 age=15565 level=7 good=752846 accepted=33496 badhdr=6 nonanchor=719344 toolong=0 rxerr=1669 rxen_fail=0 rxen_last=0 sys_status=0x00800002 sys_state=000505410b rx_finfo=0x0756c814 last_status=0x00810f02 last_len=20 pan=0xdeca dst=0xb102 src=0xa107 code=0xe1
UF;81964742;752847;0xdeca;0xb103;0xa104;0xe0;19633;7;2157;120;6847;12
UF;81964754;752848;0xdeca;0xa107;0xb101;0xe1;17649;7;1939;120;4284;20
UL;81964754;33497;H;7;0xa107;0xb101;0xe1;17649;7;1939;120;4284;20
UF;81964798;752849;0xdeca;0xb102;0xa100;0xe0;18566;7;2143;123;2098;12
uwb any-frame t=81964935 good=752850 len=12 fctrl=8841 pan=0xdeca dst=0xa100 src=0xb103 code=0xe0 q=19418 level=7 cir=2098 rxpacc=119 fp=5153/6989/5976
UF;81964935;752850;0xdeca;0xb103;0xa100;0xe0;19418;7;2098;119;5153;12
UF;81964997;752851;0xdeca;0xb102;0xa100;0xe0;16938;7;1769;117;4356;12
UF;81965010;752852;0xdeca;0xa107;0xb102;0xe1;18286;7;2009;120;6665;20
UL;81965010;33498;H;7;0xa107;0xb102;0xe1;18286;7;2009;120;6665;20
UF;81965131;752853;0xdeca;0xb103;0xa104;0xe0;20706;7;2313;121;6254;12
UF;81965144;752854;0xdeca;0xa107;0xb103;0xe1;15776;7;1676;118;5480;20
UL;81965144;33499;H;7;0xa107;0xb103;0xe1;15776;7;1676;118;5480;20
UF;81965199;752855;0xdeca;0xb102;0xa100;0xe0;19387;7;2130;120;7321;12
UF;81965330;752856;0xdeca;0xb103;0xa100;0xe0;19874;7;2220;121;4671;12
UF;81965342;752857;0xdeca;0xb103;0xa103;0xe0;19771;7;2357;125;5693;12
UF;81965355;752858;0xdeca;0xa105;0xb101;0xe1;15795;7;255;46;2332;20
UL;81965355;33500;F;5;0xa105;0xb101;0xe1;15795;7;255;46;2332;20
UF;81965399;752859;0xdeca;0xb102;0xa100;0xe0;18470;7;1929;117;6854;12
UF;81965530;752860;0xdeca;0xb103;0xa104;0xe0;19861;7;2182;120;3650;12
UF;81965543;752861;0xdeca;0xb103;0xa107;0xe0;18616;7;2114;122;3573;12
UF;81965597;752862;0xdeca;0xb102;0xa100;0xe0;18924;7;2149;122;7216;12
UF;81965609;752863;0xdeca;0xa107;0xb102;0xe1;17725;7;1980;121;5525;20
UL;81965609;33501;H;7;0xa107;0xb102;0xe1;17725;7;1980;121;5525;20
listener debug sel=A valid=1 age=16570 level=7 good=752863 accepted=33501 badhdr=6 nonanchor=719356 toolong=0 rxerr=1669 rxen_fail=0 rxen_last=0 sys_status=0x00800002 sys_state=000505470b rx_finfo=0x0796c814 last_status=0x00810f02 last_len=20 pan=0xdeca dst=0xb102 src=0xa107 code=0xe1
UF;81965746;752864;0xdeca;0xb103;0xa100;0xe0;18871;7;2143;122;5063;12
UF;81965800;752865;0xdeca;0xb102;0xa102;0xe0;21001;7;2231;118;7244;12
UF;81965931;752866;0xdeca;0xb103;0xa104;0xe0;19539;7;2111;119;4834;12
UF;81965944;752867;0xdeca;0xa107;0xb103;0xe1;16068;7;1707;118;5961;20
UL;81965944;33502;H;7;0xa107;0xb103;0xe1;16068;7;1707;118;5961;20
UF;81965998;752868;0xdeca;0xb102;0xa102;0xe0;15560;7;1653;118;7175;12
UF;81966135;752869;0xdeca;0xb103;0xa100;0xe0;19879;7;2184;120;5776;12
UF;81966147;752870;0xdeca;0xb101;0xa100;0xe0;18813;7;2207;124;7193;12
UF;81966201;752871;0xdeca;0xb102;0xa100;0xe0;16540;7;1787;119;5208;12
UF;81966332;752872;0xdeca;0xb103;0xa104;0xe0;21467;7;2398;121;6206;12
UF;81966345;752873;0xdeca;0xb101;0xa100;0xe0;17577;7;2062;124;7736;12
UF;81966399;752874;0xdeca;0xb102;0xa100;0xe0;18881;7;2215;124;6950;12
UF;81966530;752875;0xdeca;0xb103;0xa100;0xe0;18210;7;2102;123;5994;12
UF;81966543;752876;0xdeca;0xb103;0xa103;0xe0;19155;7;2211;123;6444;12
UF;81966597;752877;0xdeca;0xb102;0xa100;0xe0;18677;7;2191;124;5483;12
UF;81966609;752878;0xdeca;0xb102;0xa107;0xe0;17913;7;1968;120;6765;12
listener debug sel=A valid=1 age=17574 level=7 good=752878 accepted=33502 badhdr=6 nonanchor=719370 toolong=0 rxerr=1669 rxen_fail=0 rxen_last=0 sys_status=0x00800002 sys_state=000505410b rx_finfo=0x0786c80c last_status=0x00810f02 last_len=12 pan=0xdeca dst=0xa107 src=0xb102 code=0xe0
UF;81966750;752879;0xdeca;0xb103;0xa104;0xe0;18088;7;2054;122;4126;12
UF;81966799;752880;0xdeca;0xb102;0xa100;0xe0;18941;7;2081;120;3560;12
UF;81966930;752881;0xdeca;0xb103;0xa100;0xe0;19487;7;2141;120;6597;12
UF;81966943;752882;0xdeca;0xa103;0xb103;0xe1;18396;7;2089;122;5103;20
UL;81966943;33503;D;3;0xa103;0xb103;0xe1;18396;7;2089;122;5103;20
UF;81966997;752883;0xdeca;0xb102;0xa100;0xe0;17263;7;1803;117;4344;12
UF;81967010;752884;0xdeca;0xa105;0xb102;0xe1;17595;7;1901;119;6802;20
UL;81967010;33504;F;5;0xa105;0xb102;0xe1;17595;7;1901;119;6802;20
UF;81967132;752885;0xdeca;0xb103;0xa104;0xe0;20728;7;2471;125;7320;12
UF;81967144;752886;0xdeca;0xa107;0xb103;0xe1;15511;7;500;65;53;20
UL;81967144;33505;H;7;0xa107;0xb103;0xe1;15511;7;500;65;53;20
UF;81967198;752887;0xdeca;0xb102;0xa100;0xe0;16714;7;1898;122;6425;12
UF;81967330;752888;0xdeca;0xb103;0xa100;0xe0;18943;7;2116;121;5663;12
UF;81967342;752889;0xdeca;0xb103;0xa103;0xe0;18419;7;1990;119;7056;12
UF;81967355;752890;0xdeca;0xa107;0xb101;0xe1;16597;7;1947;124;112;20
UL;81967355;33506;H;7;0xa107;0xb101;0xe1;16597;7;1947;124;112;20
UF;81967399;752891;0xdeca;0xb102;0xa102;0xe0;15728;7;1728;120;7162;12
UF;81967530;752892;0xdeca;0xb103;0xa104;0xe0;19127;7;2172;122;5390;12
UF;81967543;752893;0xdeca;0xa107;0xb103;0xe1;17424;7;1851;118;4423;20
UL;81967543;33507;H;7;0xa107;0xb103;0xe1;17424;7;1851;118;4423;20
UF;81967597;752894;0xdeca;0xb102;0xa102;0xe0;18843;7;1968;117;6908;12
UF;81967610;752895;0xdeca;0xb102;0xa107;0xe0;18196;7;1933;118;7140;12
listener debug sel=A valid=1 age=18574 level=7 good=752895 accepted=33507 badhdr=6 nonanchor=719382 toolong=0 rxerr=1669 rxen_fail=0 rxen_last=0 sys_status=0x00800002 sys_state=000505470b rx_finfo=0x0766c80c last_status=0x00810f02 last_len=12 pan=0xdeca dst=0xa107 src=0xb102 code=0xe0
UF;81967751;752896;0xdeca;0xb103;0xa100;0xe0;18895;7;2181;123;3608;12
UF;81967799;752897;0xdeca;0xb102;0xa100;0xe0;15892;7;1717;119;7091;12
UF;81967931;752898;0xdeca;0xb103;0xa104;0xe0;19742;7;2316;124;7027;12
UF;81967943;752899;0xdeca;0xa107;0xb103;0xe1;17492;7;1954;121;91;20
UL;81967943;33508;H;7;0xa107;0xb103;0xe1;17492;7;1954;121;91;20
uwb any-frame t=81967998 good=752900 len=12 fctrl=8841 pan=0xdeca dst=0xa100 src=0xb102 code=0xe0 q=19056 level=7 cir=2164 rxpacc=122 fp=7630/7618/6086
UF;81967998;752900;0xdeca;0xb102;0xa100;0xe0;19056;7;2164;122;7630;12
UF;81968132;752901;0xdeca;0xb103;0xa100;0xe0;19775;7;2209;121;4077;12
UF;81968145;752902;0xdeca;0xb101;0xa100;0xe0;14780;7;1651;121;6745;12
UF;81968198;752903;0xdeca;0xb102;0xa100;0xe0;18281;7;2076;122;7534;12
UF;81968335;752904;0xdeca;0xb103;0xa104;0xe0;20725;7;2277;120;4420;12
UF;81968348;752905;0xdeca;0xb101;0xa102;0xe0;17157;7;1885;120;7186;12
UF;81968402;752906;0xdeca;0xb102;0xa100;0xe0;17907;7;2067;123;7437;12
UF;81968533;752907;0xdeca;0xb103;0xa100;0xe0;18516;7;1967;118;4587;12
UF;81968545;752908;0xdeca;0xb101;0xa100;0xe0;16639;7;1952;124;7255;12
UF;81968599;752909;0xdeca;0xb102;0xa100;0xe0;19484;7;2249;123;6116;12
listener debug sel=A valid=1 age=19574 level=7 good=752909 accepted=33508 badhdr=6 nonanchor=719395 toolong=0 rxerr=1669 rxen_fail=0 rxen_last=0 sys_status=0x00800002 sys_state=000505400b rx_finfo=0x07b6c80c last_status=0x00810f02 last_len=12 pan=0xdeca dst=0xa100 src=0xb102 code=0xe0
UF;81968751;752910;0xdeca;0xb103;0xa104;0xe0;19704;7;2201;121;5841;12
UF;81968799;752911;0xdeca;0xb102;0xa100;0xe0;17458;7;1918;120;4830;12
UF;81968931;752912;0xdeca;0xb103;0xa100;0xe0;18345;7;2187;125;6589;12
UF;81968943;752913;0xdeca;0xa103;0xb103;0xe1;18656;7;2084;121;5538;20
UL;81968943;33509;D;3;0xa103;0xb103;0xe1;18656;7;2084;121;5538;20
UF;81968998;752914;0xdeca;0xb102;0xa102;0xe0;16429;7;1805;120;1498;12
UF;81969011;752915;0xdeca;0xa107;0xb102;0xe1;11800;6;130;38;1477;20
UL;81969011;33510;H;7;0xa107;0xb102;0xe1;11800;6;130;38;1477;20
UF;81969132;752916;0xdeca;0xb103;0xa104;0xe0;19523;7;2074;118;6205;12
UF;81969144;752917;0xdeca;0xb101;0xa102;0xe0;18026;7;1915;118;6830;12
UF;81969198;752918;0xdeca;0xb102;0xa102;0xe0;17858;7;1962;120;2426;12
UF;81969335;752919;0xdeca;0xb103;0xa100;0xe0;18756;7;2165;123;6880;12
UF;81969347;752920;0xdeca;0xb101;0xa100;0xe0;16267;7;1699;117;7316;12
UF;81969401;752921;0xdeca;0xb102;0xa100;0xe0;16934;7;1923;122;7153;12
UF;81969533;752922;0xdeca;0xb103;0xa104;0xe0;20467;7;2401;124;5520;12
UF;81969545;752923;0xdeca;0xa100;0xb101;0xe1;17339;7;1842;118;3631;20
UL;81969545;33511;A;0;0xa100;0xb101;0xe1;17339;7;1842;118;3631;20
listener anchor=A src=0xa100 code=0xe1 level=7 q=17339 cir=1842 rxpacc=118 fp=3631/6766/5291 frames=232
UF;81969599;752924;0xdeca;0xb102;0xa100;0xe0;16859;7;1946;123;7517;12
listener debug sel=A valid=1 age=175 level=7 good=752924 accepted=33511 badhdr=6 nonanchor=719407 toolong=0 rxerr=1669 rxen_fail=0 rxen_last=0 sys_status=0x00800002 sys_state=000505410b rx_finfo=0x07b6c80c last_status=0x00810f02 last_len=12 pan=0xdeca dst=0xa100 src=0xb102 code=0xe0
UF;81969750;752925;0xdeca;0xb103;0xa100;0xe0;18391;7;1987;119;6943;12
UF;81969799;752926;0xdeca;0xb102;0xa100;0xe0;19566;7;2114;119;7348;12
UF;81969931;752927;0xdeca;0xb103;0xa104;0xe0;17970;7;1909;118;4894;12
UF;81969944;752928;0xdeca;0xb101;0xa100;0xe0;16002;7;1700;118;6956;12
UF;81969998;752929;0xdeca;0xb102;0xa100;0xe0;22711;8;2372;117;7106;12
UF;81970010;752930;0xdeca;0xa105;0xb102;0xe1;18021;7;2013;121;7185;20
UL;81970010;33512;F;5;0xa105;0xb102;0xe1;18021;7;2013;121;7185;20
UF;81970133;752931;0xdeca;0xb103;0xa100;0xe0;19965;7;2121;118;4116;12
UF;81970145;752932;0xdeca;0xa100;0xb101;0xe1;18317;7;1979;119;4502;20
UL;81970145;33513;A;0;0xa100;0xb101;0xe1;18317;7;1979;119;4502;20
UF;81970200;752933;0xdeca;0xb102;0xa100;0xe0;19796;7;2103;118;6322;12
UF;81970332;752934;0xdeca;0xb103;0xa104;0xe0;20590;7;2300;121;6191;12
UF;81970345;752935;0xdeca;0xb101;0xa100;0xe0;18506;7;2171;124;7496;12
UF;81970399;752936;0xdeca;0xb102;0xa100;0xe0;17771;7;1856;117;7216;12
UF;81970530;752937;0xdeca;0xb103;0xa100;0xe0;18938;7;2186;123;6601;12
UF;81970543;752938;0xdeca;0xa103;0xb103;0xe1;17961;7;2107;124;2626;20
UL;81970543;33514;D;3;0xa103;0xb103;0xe1;17961;7;2107;124;2626;20
UF;81970598;752939;0xdeca;0xb102;0xa102;0xe0;18350;7;2016;120;5612;12
UF;81970610;752940;0xdeca;0xa107;0xb102;0xe1;16602;7;1824;120;5491;20
UL;81970610;33515;H;7;0xa107;0xb102;0xe1;16602;7;1824;120;5491;20
listener debug sel=A valid=1 age=577 level=7 good=752940 accepted=33515 badhdr=6 nonanchor=719419 toolong=0 rxerr=1669 rxen_fail=0 rxen_last=0 sys_status=0x00800002 sys_state=000505410b rx_finfo=0x0786c814 last_status=0x00810f02 last_len=20 pan=0xdeca dst=0xb102 src=0xa107 code=0xe1
UF;81970752;752941;0xdeca;0xb103;0xa104;0xe0;19441;7;2244;123;5404;12
UF;81970801;752942;0xdeca;0xb102;0xa102;0xe0;16311;7;1822;121;1027;12
UF;81970933;752943;0xdeca;0xb103;0xa100;0xe0;19753;7;2063;117;6078;12
UF;81970946;752944;0xdeca;0xa102;0xb101;0xe1;17621;7;2001;122;7088;20
UL;81970946;33516;C;2;0xa102;0xb101;0xe1;17621;7;2001;122;7088;20
UF;81971000;752945;0xdeca;0xb102;0xa100;0xe0;19409;7;2097;119;7025;12
UF;81971132;752946;0xdeca;0xb103;0xa104;0xe0;18702;7;2194;124;6922;12
UF;81971145;752947;0xdeca;0xa100;0xb101;0xe1;18534;7;1969;118;2719;20
UL;81971145;33517;A;0;0xa100;0xb101;0xe1;18534;7;1969;118;2719;20
listener anchor=A src=0xa100 code=0xe1 level=7 q=18534 cir=1969 rxpacc=118 fp=2719/6965/6610 frames=234
UF;81971198;752948;0xdeca;0xb102;0xa100;0xe0;17187;7;1795;117;7239;12
UF;81971330;752949;0xdeca;0xb103;0xa100;0xe0;19557;7;2113;119;7327;12
uwb any-frame t=81971343 good=752950 len=20 fctrl=8841 pan=0xdeca dst=0xb103 src=0xa103 code=0xe1 q=17718 level=7 cir=2012 rxpacc=122 fp=2178/3503/2426
UF;81971343;752950;0xdeca;0xa103;0xb103;0xe1;17718;7;2012;122;2178;20
UL;81971343;33518;D;3;0xa103;0xb103;0xe1;17718;7;2012;122;2178;20
UF;81971401;752951;0xdeca;0xb102;0xa100;0xe0;19144;7;2174;122;7266;12
UF;81971532;752952;0xdeca;0xb103;0xa104;0xe0;18576;7;2007;119;6614;12
UF;81971545;752953;0xdeca;0xb101;0xa100;0xe0;18236;7;2037;121;6984;12
UF;81971599;752954;0xdeca;0xb102;0xa100;0xe0;18531;7;2139;123;7610;12
listener debug sel=A valid=1 age=581 level=7 good=752954 accepted=33518 badhdr=6 nonanchor=719430 toolong=0 rxerr=1669 rxen_fail=0 rxen_last=0 sys_status=0x00800002 sys_state=000505480b rx_finfo=0x07b6c80c last_status=0x00810f02 last_len=12 pan=0xdeca dst=0xa100 src=0xb102 code=0xe0
listener debug sel=A valid=1 age=1581 level=7 good=752954 accepted=33518 badhdr=6 nonanchor=719430 toolong=0 rxerr=1669 rxen_fail=0 rxen_last=0 sys_status=0x00800002 sys_state=000505430b rx_finfo=0x07b6c80c last_status=0x00810f02 last_len=12 pan=0xdeca dst=0xa100 src=0xb102 code=0xe0
listener debug sel=A valid=1 age=2581 level=7 good=752954 accepted=33518 badhdr=6 nonanchor=719430 toolong=0 rxerr=1669 rxen_fail=0 rxen_last=0 sys_status=0x00800002 sys_state=000505430b rx_finfo=0x07b6c80c last_status=0x00810f02 last_len=12 pan=0xdeca dst=0xa100 src=0xb102 code=0xe0
listener debug sel=A valid=1 age=3582 level=7 good=752954 accepted=33518 badhdr=6 nonanchor=719430 toolong=0 rxerr=1669 rxen_fail=0 rxen_last=0 sys_status=0x00800002 sys_state=000505470b rx_finfo=0x07b6c80c last_status=0x00810f02 last_len=12 pan=0xdeca dst=0xa100 src=0xb102 code=0xe0
listener debug sel=A valid=1 age=4583 level=7 good=752954 accepted=33518 badhdr=6 nonanchor=719430 toolong=0 rxerr=1669 rxen_fail=0 rxen_last=0 sys_status=0x00800002 sys_state=000505410b rx_finfo=0x07b6c80c last_status=0x00810f02 last_len=12 pan=0xdeca dst=0xa100 src=0xb102 code=0xe0
listener debug sel=A valid=1 age=5584 level=7 good=752954 accepted=33518 badhdr=6 nonanchor=719430 toolong=0 rxerr=1669 rxen_fail=0 rxen_last=0 sys_status=0x00800002 sys_state=000505480b rx_finfo=0x07b6c80c last_status=0x00810f02 last_len=12 pan=0xdeca dst=0xa100 src=0xb102 code=0xe0
UF;81977120;752955;0xdeca;0xb102;0xa100;0xe0;16675;7;1832;120;5007;12
UF;81977133;752956;0xdeca;0xb102;0xa105;0xe0;16980;7;1960;123;3372;12
UF;81977223;752957;0xdeca;0xb101;0xa100;0xe0;21057;7;2275;119;6749;12
UF;81977235;752958;0xdeca;0xa103;0xb101;0xe1;16794;7;1876;121;2179;20
UL;81977235;33519;D;3;0xa103;0xb101;0xe1;16794;7;1876;121;2179;20
listener debug sel=A valid=1 age=6584 level=7 good=752958 accepted=33519 badhdr=6 nonanchor=719433 toolong=0 rxerr=1669 rxen_fail=0 rxen_last=0 sys_status=0x00800002 sys_state=000505480b rx_finfo=0x0796c814 last_status=0x00810f02 last_len=20 pan=0xdeca dst=0xb101 src=0xa103 code=0xe1
listener debug sel=A valid=1 age=7584 level=7 good=752958 accepted=33519 badhdr=6 nonanchor=719433 toolong=0 rxerr=1669 rxen_fail=0 rxen_last=0 sys_status=0x00800002 sys_state=000505470b rx_finfo=0x0796c814 last_status=0x00810f02 last_len=20 pan=0xdeca dst=0xb101 src=0xa103 code=0xe1
listener debug sel=A valid=1 age=8585 level=7 good=752958 accepted=33519 badhdr=6 nonanchor=719433 toolong=0 rxerr=1669 rxen_fail=0 rxen_last=0 sys_status=0x00800002 sys_state=000505440b rx_finfo=0x0796c814 last_status=0x00810f02 last_len=20 pan=0xdeca dst=0xb101 src=0xa103 code=0xe1
listener debug sel=A valid=1 age=9586 level=7 good=752958 accepted=33519 badhdr=6 nonanchor=719433 toolong=0 rxerr=1669 rxen_fail=0 rxen_last=0 sys_status=0x00800002 sys_state=000505450b rx_finfo=0x0796c814 last_status=0x00810f02 last_len=20 pan=0xdeca dst=0xb101 src=0xa103 code=0xe1
UF;81981014;752959;0xdeca;0xb102;0xa100;0xe0;15655;7;1635;117;4336;12
UF;81981027;752960;0xdeca;0xa103;0xb102;0xe1;18642;7;2187;124;4731;20
UL;81981027;33520;D;3;0xa103;0xb102;0xe1;18642;7;2187;124;4731;20
UF;81981076;752961;0xdeca;0xb101;0xa100;0xe0;17500;7;2020;123;7292;12
UF;81981089;752962;0xdeca;0xa104;0xb101;0xe1;12684;6;93;31;1226;20
UL;81981089;33521;E;4;0xa104;0xb101;0xe1;12684;6;93;31;1226;20
UF;81981597;752963;0xdeca;0xb103;0xa104;0xe0;19761;7;2135;119;5690;12
listener debug sel=A valid=1 age=10589 level=7 good=752963 accepted=33521 badhdr=6 nonanchor=719436 toolong=0 rxerr=1669 rxen_fail=0 rxen_last=0 sys_status=0x00800002 sys_state=000505460b rx_finfo=0x0776c80c last_status=0x00810f02 last_len=12 pan=0xdeca dst=0xa104 src=0xb103 code=0xe0
UF;81981795;752964;0xdeca;0xb103;0xa100;0xe0;21055;7;2391;122;6519;12
UF;81981942;752965;0xdeca;0xb102;0xa100;0xe0;19476;7;2069;118;7238;12
UF;81981954;752966;0xdeca;0xa103;0xb102;0xe1;16866;7;1853;120;3498;20
UL;81981954;33522;D;3;0xa103;0xb102;0xe1;16866;7;1853;120;3498;20
UF;81981993;752967;0xdeca;0xb103;0xa104;0xe0;19376;7;2273;124;6255;12
UF;81982006;752968;0xdeca;0xb103;0xa107;0xe0;19256;7;2151;121;6678;12
UF;81982081;752969;0xdeca;0xb101;0xa100;0xe0;17414;7;1850;118;7096;12
UF;81982093;752970;0xdeca;0xb101;0xa104;0xe0;17421;7;1914;120;7565;12
UF;81982193;752971;0xdeca;0xb103;0xa100;0xe0;19557;7;2113;119;7091;12
UF;81982206;752972;0xdeca;0xa102;0xb103;0xe1;18149;7;1994;120;7173;20
UL;81982206;33523;C;2;0xa102;0xb103;0xe1;18149;7;1994;120;7173;20
UF;81982395;752973;0xdeca;0xb103;0xa104;0xe0;20471;7;2138;117;6598;12
UF;81982593;752974;0xdeca;0xb103;0xa100;0xe0;20152;7;2214;120;4191;12
UF;81982606;752975;0xdeca;0xa103;0xb103;0xe1;17480;7;1857;118;3951;20
UL;81982606;33524;D;3;0xa103;0xb103;0xe1;17480;7;1857;118;3951;20
listener debug sel=A valid=1 age=11593 level=7 good=752975 accepted=33524 badhdr=6 nonanchor=719445 toolong=0 rxerr=1669 rxen_fail=0 rxen_last=0 sys_status=0x00800002 sys_state=000505440b rx_finfo=0x0766c814 last_status=0x00810f02 last_len=20 pan=0xdeca dst=0xb103 src=0xa103 code=0xe1
UF;81982794;752976;0xdeca;0xb103;0xa104;0xe0;19005;7;2088;120;4218;12
UF;81982863;752977;0xdeca;0xb102;0xa100;0xe0;17979;7;1910;118;2407;12
UF;81982876;752978;0xdeca;0xb102;0xa104;0xe0;19068;7;2130;121;5985;12
UF;81982997;752979;0xdeca;0xb103;0xa100;0xe0;20714;7;2430;124;5214;12
UF;81983082;752980;0xdeca;0xb101;0xa100;0xe0;17637;7;1842;117;1349;12
UF;81983094;752981;0xdeca;0xb101;0xa104;0xe0;17577;7;2062;124;6493;12
UF;81983195;752982;0xdeca;0xb103;0xa104;0xe0;20211;7;2371;124;6492;12
UF;81983393;752983;0xdeca;0xb103;0xa100;0xe0;20011;7;2162;119;6880;12
UF;81983406;752984;0xdeca;0xb103;0xa103;0xe0;18826;7;2103;121;4448;12
UF;81983594;752985;0xdeca;0xb103;0xa104;0xe0;19981;7;2269;122;4770;12
UF;81983606;752986;0xdeca;0xa107;0xb103;0xe1;17358;7;1844;118;4414;20
UL;81983606;33525;H;7;0xa107;0xb103;0xe1;17358;7;1844;118;4414;20
listener debug sel=A valid=1 age=12593 level=7 good=752986 accepted=33525 badhdr=6 nonanchor=719455 toolong=0 rxerr=1669 rxen_fail=0 rxen_last=0 sys_status=0x00800002 sys_state=000505440b rx_finfo=0x0766c814 last_status=0x00810f02 last_len=20 pan=0xdeca dst=0xb103 src=0xa107 code=0xe1
UF;81983794;752987;0xdeca;0xb103;0xa100;0xe0;20134;7;2212;120;4715;12
UF;81983864;752988;0xdeca;0xb102;0xa100;0xe0;16748;7;1840;120;7157;12
UF;81983876;752989;0xdeca;0xb102;0xa104;0xe0;17509;7;2054;124;7670;12
UF;81983997;752990;0xdeca;0xb103;0xa104;0xe0;19429;7;2064;118;5682;12
UF;81984062;752991;0xdeca;0xb102;0xa100;0xe0;17533;7;1991;122;7479;12
UF;81984074;752992;0xdeca;0xa103;0xb102;0xe1;17943;7;2139;125;2817;20
UL;81984074;33526;D;3;0xa103;0xb102;0xe1;17943;7;2139;125;2817;20
UF;81984093;752993;0xdeca;0xb101;0xa102;0xe0;18067;7;1952;119;6395;12
UF;81984105;752994;0xdeca;0xa103;0xb101;0xe1;18123;7;2058;122;2945;20
UL;81984105;33527;D;3;0xa103;0xb101;0xe1;18123;7;2058;122;2945;20
UF;81984124;752995;0xdeca;0xb101;0xa105;0xe0;20212;7;2333;123;7061;12
UF;81984193;752996;0xdeca;0xb103;0xa100;0xe0;19268;7;2188;122;2932;12
UF;81984206;752997;0xdeca;0xa103;0xb103;0xe1;17530;7;1894;119;4187;20
UL;81984206;33528;D;3;0xa103;0xb103;0xe1;17530;7;1894;119;4187;20
UF;81984260;752998;0xdeca;0xb102;0xa100;0xe0;16886;7;1981;124;7460;12
UF;81984273;752999;0xdeca;0xb102;0xa103;0xe0;15573;7;1711;120;7083;12
uwb any-frame t=81984286 good=753000 len=20 fctrl=8841 pan=0xdeca dst=0xb101 src=0xa100 code=0xe1 q=18762 level=7 cir=2201 rxpacc=124 fp=4383/6845/7030
UF;81984286;753000;0xdeca;0xa100;0xb101;0xe1;18762;7;2201;124;4383;20
UL;81984286;33529;A;0;0xa100;0xb101;0xe1;18762;7;2201;124;4383;20
listener anchor=A src=0xa100 code=0xe1 level=7 q=18762 cir=2201 rxpacc=124 fp=4383/6845/7030 frames=235
UF;81984326;753001;0xdeca;0xb101;0xa107;0xe0;18083;7;1921;118;7037;12
UF;81984396;753002;0xdeca;0xb103;0xa104;0xe0;18766;7;2131;122;3398;12
UF;81984460;753003;0xdeca;0xb102;0xa100;0xe0;20500;7;2328;122;7550;12
UF;81984473;753004;0xdeca;0xb102;0xa103;0xe0;19650;7;2195;121;7377;12
UF;81984486;753005;0xdeca;0xb102;0xa107;0xe0;18412;7;2160;124;7728;12
UF;81984498;753006;0xdeca;0xb102;0xa107;0xe0;16919;7;1828;119;7269;12
UF;81984511;753007;0xdeca;0xb101;0xa105;0xe0;18638;7;1980;118;1637;12
UF;81984596;753008;0xdeca;0xb103;0xa100;0xe0;20098;7;2245;121;4743;12
UF;81984660;753009;0xdeca;0xb102;0xa100;0xe0;18887;7;2075;120;4964;12
UF;81984673;753010;0xdeca;0xa103;0xb102;0xe1;17361;7;2004;123;4793;20
UL;81984673;33530;D;3;0xa103;0xb102;0xe1;17361;7;2004;123;4793;20
UF;81984691;753011;0xdeca;0xb101;0xa102;0xe0;18058;7;1984;120;3654;12
UF;81984704;753012;0xdeca;0xa106;0xb101;0xe1;18307;7;2045;121;3462;20
UL;81984704;33531;G;6;0xa106;0xb101;0xe1;18307;7;2045;121;3462;20
listener debug sel=A valid=1 age=452 level=7 good=753012 accepted=33531 badhdr=6 nonanchor=719475 toolong=0 rxerr=1669 rxen_fail=0 rxen_last=0 sys_status=0x00800002 sys_state=000505470b rx_finfo=0x0796c814 last_status=0x00810f02 last_len=20 pan=0xdeca dst=0xb101 src=0xa106 code=0xe1
UF;81984794;753013;0xdeca;0xb103;0xa104;0xe0;19796;7;2248;122;7099;12
UF;81984807;753014;0xdeca;0xa107;0xb103;0xe1;17179;7;1919;121;6136;20
UL;81984807;33532;H;7;0xa107;0xb103;0xe1;17179;7;1919;121;6136;20
UF;81984861;753015;0xdeca;0xb102;0xa100;0xe0;17595;7;1901;119;3737;12
UF;81984874;753016;0xdeca;0xa103;0xb102;0xe1;17842;7;2127;125;4026;20
UL;81984874;33533;D;3;0xa103;0xb102;0xe1;17842;7;2127;125;4026;20
UF;81984893;753017;0xdeca;0xb101;0xa101;0xe0;10673;6;303;61;192;12
UF;81984905;753018;0xdeca;0xa107;0xb102;0xe1;14680;7;280;50;2001;20
UL;81984905;33534;H;7;0xa107;0xb102;0xe1;14680;7;280;50;2001;20
UF;81984923;753019;0xdeca;0xa106;0xb101;0xe1;18058;7;1886;117;3125;20
UL;81984923;33535;G;6;0xa106;0xb101;0xe1;18058;7;1886;117;3125;20
UF;81984993;753020;0xdeca;0xb103;0xa100;0xe0;20097;7;2099;117;6583;12
UF;81985006;753021;0xdeca;0xa103;0xb103;0xe1;19111;7;2206;123;4937;20
UL;81985006;33536;D;3;0xa103;0xb103;0xe1;19111;7;2206;123;4937;20
UF;81985061;753022;0xdeca;0xb102;0xa100;0xe0;17594;7;2064;124;1212;12
UF;81985073;753023;0xdeca;0xa103;0xb102;0xe1;17224;7;1924;121;3799;20
UL;81985073;33537;D;3;0xa103;0xb102;0xe1;17224;7;1924;121;3799;20
UF;81985092;753024;0xdeca;0xb101;0xa101;0xe0;19169;7;2106;120;7077;12
UF;81985104;753025;0xdeca;0xa104;0xb101;0xe1;17184;7;1888;120;5799;20
UL;81985104;33538;E;4;0xa104;0xb101;0xe1;17184;7;1888;120;5799;20
UF;81985195;753026;0xdeca;0xb103;0xa104;0xe0;19944;7;2083;117;6014;12
UF;81985265;753027;0xdeca;0xb102;0xa100;0xe0;19068;7;2201;123;7235;12
UF;81985277;753028;0xdeca;0xa104;0xb102;0xe1;18395;7;2158;124;7180;20
UL;81985277;33539;E;4;0xa104;0xb102;0xe1;18395;7;2158;124;7180;20
UF;81985296;753029;0xdeca;0xb102;0xa107;0xe0;16614;7;1765;118;2112;12
UF;81985308;753030;0xdeca;0xb101;0xa105;0xe0;16561;7;1850;121;7573;12
UF;81985394;753031;0xdeca;0xb103;0xa100;0xe0;20271;7;2302;122;5013;12
UF;81985406;753032;0xdeca;0xa103;0xb103;0xe1;17838;7;2059;123;4465;20
UL;81985406;33540;D;3;0xa103;0xb103;0xe1;17838;7;2059;123;4465;20
UF;81985461;753033;0xdeca;0xb102;0xa100;0xe0;18737;7;2093;121;7441;12
UF;81985474;753034;0xdeca;0xa103;0xb102;0xe1;18039;7;1949;119;3835;20
UL;81985474;33541;D;3;0xa103;0xb102;0xe1;18039;7;1949;119;3835;20
UF;81985492;753035;0xdeca;0xa102;0xb101;0xe1;18608;7;2183;124;7428;20
UL;81985492;33542;C;2;0xa102;0xb101;0xe1;18608;7;2183;124;7428;20
UF;81985593;753036;0xdeca;0xb103;0xa104;0xe0;19259;7;2046;118;5943;12
UF;81985606;753037;0xdeca;0xa107;0xb103;0xe1;17441;7;2046;124;6264;20
UL;81985606;33543;H;7;0xa107;0xb103;0xe1;17441;7;2046;124;6264;20
UF;81985661;753038;0xdeca;0xb102;0xa100;0xe0;16718;7;1776;118;6945;12
UF;81985673;753039;0xdeca;0xb102;0xa103;0xe0;16275;7;1818;121;7382;12
UF;81985686;753040;0xdeca;0xb101;0xa100;0xe0;17761;7;1494;105;6451;12
UF;81985698;753041;0xdeca;0xb101;0xa105;0xe0;21870;7;2443;121;7525;12
listener debug sel=A valid=1 age=1456 level=7 good=753041 accepted=33543 badhdr=6 nonanchor=719492 toolong=0 rxerr=1669 rxen_fail=0 rxen_last=0 sys_status=0x00800002 sys_state=000505480b rx_finfo=0x0796c80c last_status=0x00810f02 last_len=12 pan=0xdeca dst=0xa105 src=0xb101 code=0xe0
UF;81985793;753042;0xdeca;0xb103;0xa100;0xe0;18949;7;2223;124;4773;12
UF;81985806;753043;0xdeca;0xa103;0xb103;0xe1;17426;7;1820;117;2278;20
UL;81985806;33544;D;3;0xa103;0xb103;0xe1;17426;7;1820;117;2278;20
UF;81985860;753044;0xdeca;0xb102;0xa100;0xe0;17958;7;1973;120;7424;12
UF;81985873;753045;0xdeca;0xb102;0xa103;0xe0;17678;7;1632;110;6355;12
UF;81985994;753046;0xdeca;0xb103;0xa104;0xe0;20133;7;2249;121;6945;12
UF;81986006;753047;0xdeca;0xa100;0xb101;0xe1;18276;7;2144;124;2105;20
UL;81986006;33545;A;0;0xa100;0xb101;0xe1;18276;7;2144;124;2105;20
listener anchor=A src=0xa100 code=0xe1 level=7 q=18276 cir=2144 rxpacc=124 fp=2105/7243/6644 frames=236
UF;81986070;753048;0xdeca;0xb102;0xa101;0xe0;18472;7;2167;124;7650;12
UF;81986197;753049;0xdeca;0xb103;0xa100;0xe0;19891;7;2296;123;6328;12
uwb any-frame t=81986267 good=753050 len=12 fctrl=8841 pan=0xdeca dst=0xa101 src=0xb102 code=0xe0 q=17430 level=7 cir=1915 rxpacc=120 fp=7037/7360/6187
UF;81986267;753050;0xdeca;0xb102;0xa101;0xe0;17430;7;1915;120;7037;12
UF;81986396;753051;0xdeca;0xb103;0xa104;0xe0;19400;7;2203;122;6424;12
UF;81986466;753052;0xdeca;0xb102;0xa102;0xe0;18728;7;2092;121;7464;12
UF;81986479;753053;0xdeca;0xa106;0xb102;0xe1;17752;7;1854;117;3100;20
UL;81986479;33546;G;6;0xa106;0xb102;0xe1;17752;7;1854;117;3100;20
UF;81986497;753054;0xdeca;0xb101;0xa107;0xe0;17988;7;1911;118;5613;12
UF;81986598;753055;0xdeca;0xb103;0xa100;0xe0;21043;7;2429;123;6287;12
UF;81986610;753056;0xdeca;0xb101;0xa100;0xe0;18424;7;2058;121;7232;12
UF;81986670;753057;0xdeca;0xb102;0xa101;0xe0;18704;7;2159;123;5690;12
listener debug sel=A valid=1 age=738 level=7 good=753057 accepted=33546 badhdr=6 nonanchor=719505 toolong=0 rxerr=1669 rxen_fail=0 rxen_last=0 sys_status=0x00800002 sys_state=000505470b rx_finfo=0x07b6c80c last_status=0x00810f02 last_len=12 pan=0xdeca dst=0xa101 src=0xb102 code=0xe0
UF;81986795;753058;0xdeca;0xb103;0xa104;0xe0;20535;7;2409;124;6999;12
UF;81986808;753059;0xdeca;0xb101;0xa102;0xe0;19418;7;2278;124;7583;12
UF;81986867;753060;0xdeca;0xb102;0xa101;0xe0;19331;7;2019;117;6934;12
UF;81986880;753061;0xdeca;0xa106;0xb102;0xe1;17315;7;1243;97;2666;20
UL;81986880;33547;G;6;0xa106;0xb102;0xe1;17315;7;1243;97;2666;20
UF;81986997;753062;0xdeca;0xb103;0xa100;0xe0;19479;7;2212;122;6405;12
UF;81987009;753063;0xdeca;0xa100;0xb101;0xe1;14833;7;250;47;1184;20
UL;81987009;33548;A;0;0xa100;0xb101;0xe1;14833;7;250;47;1184;20
listener anchor=A src=0xa100 code=0xe1 level=7 q=14833 cir=250 rxpacc=47 fp=1184/2383/2211 frames=237
UF;81987067;753064;0xdeca;0xb102;0xa101;0xe0;19686;7;2199;121;7270;12
UF;81987080;753065;0xdeca;0xa104;0xb102;0xe1;18105;7;2124;124;5195;20
UL;81987080;33549;E;4;0xa104;0xb102;0xe1;18105;7;2124;124;5195;20
UF;81987197;753066;0xdeca;0xb103;0xa104;0xe0;20203;7;2110;117;6740;12
UF;81987210;753067;0xdeca;0xa100;0xb101;0xe1;18313;7;2012;120;5657;20
UL;81987210;33550;A;0;0xa100;0xb101;0xe1;18313;7;2012;120;5657;20
UF;81987270;753068;0xdeca;0xb102;0xa101;0xe0;18548;7;2141;123;7676;12
UF;81987396;753069;0xdeca;0xb103;0xa100;0xe0;18798;7;1997;118;3545;12
UF;81987409;753070;0xdeca;0xa100;0xb101;0xe1;18582;7;1974;118;4143;20
UL;81987409;33551;A;0;0xa100;0xb101;0xe1;18582;7;1974;118;4143;20
UF;81987469;753071;0xdeca;0xb102;0xa101;0xe0;19113;7;2135;121;7458;12
UF;81987595;753072;0xdeca;0xb103;0xa104;0xe0;21231;7;2411;122;6034;12
UF;81987608;753073;0xdeca;0xb101;0xa100;0xe0;17958;7;1973;120;7322;12
UF;81987667;753074;0xdeca;0xb102;0xa101;0xe0;18619;7;1978;118;7415;12
listener debug sel=A valid=1 age=338 level=7 good=753074 accepted=33551 badhdr=6 nonanchor=719517 toolong=0 rxerr=1669 rxen_fail=0 rxen_last=0 sys_status=0x00800002 sys_state=000505440b rx_finfo=0x0766c80c last_status=0x00810f02 last_len=12 pan=0xdeca dst=0xa101 src=0xb102 code=0xe0
UF;81987793;753075;0xdeca;0xb103;0xa100;0xe0;20298;7;2305;122;7022;12
UF;81987806;753076;0xdeca;0xa103;0xb103;0xe1;17492;7;1954;121;2229;20
UL;81987806;33552;D;3;0xa103;0xb103;0xe1;17492;7;1954;121;2229;20
UF;81987865;753077;0xdeca;0xb102;0xa101;0xe0;16966;7;1772;117;6718;12
UF;81987878;753078;0xdeca;0xa106;0xb102;0xe1;17603;7;1999;122;4230;20
UL;81987878;33553;G;6;0xa106;0xb102;0xe1;17603;7;1999;122;4230;20
UF;81987995;753079;0xdeca;0xb103;0xa104;0xe0;19510;7;2252;123;6767;12
UF;81988008;753080;0xdeca;0xb101;0xa100;0xe0;21453;7;2357;120;6850;12
UF;81988067;753081;0xdeca;0xb102;0xa102;0xe0;19793;7;2211;121;7278;12
UF;81988079;753082;0xdeca;0xa106;0xb102;0xe1;18184;7;2065;122;5798;20
UL;81988079;33554;G;6;0xa106;0xb102;0xe1;18184;7;2065;122;5798;20
UF;81988196;753083;0xdeca;0xb103;0xa100;0xe0;19989;7;2345;124;7202;12
UF;81988209;753084;0xdeca;0xb101;0xa102;0xe0;20184;7;2108;117;7402;12
UF;81988268;753085;0xdeca;0xb102;0xa101;0xe0;17528;7;1958;121;7420;12
UF;81988395;753086;0xdeca;0xb103;0xa104;0xe0;21421;7;2513;124;5554;12
UF;81988408;753087;0xdeca;0xb101;0xa102;0xe0;17139;7;1790;117;5998;12
UF;81988467;753088;0xdeca;0xb102;0xa101;0xe0;19702;7;2093;118;7153;12
UF;81988593;753089;0xdeca;0xb103;0xa100;0xe0;22068;8;2506;122;7158;12
UF;81988606;753090;0xdeca;0xa103;0xb103;0xe1;17974;7;1942;119;2361;20
UL;81988606;33555;D;3;0xa103;0xb103;0xe1;17974;7;1942;119;2361;20
UF;81988666;753091;0xdeca;0xb102;0xa101;0xe0;18723;7;2057;120;4755;12
UF;81988679;753092;0xdeca;0xa104;0xb102;0xe1;17780;7;1857;117;6733;20
UL;81988679;33556;E;4;0xa104;0xb102;0xe1;17780;7;1857;117;6733;20
listener debug sel=A valid=1 age=1340 level=7 good=753092 accepted=33556 badhdr=6 nonanchor=719530 toolong=0 rxerr=1669 rxen_fail=0 rxen_last=0 sys_status=0x00800002 sys_state=000505410b rx_finfo=0x0756c814 last_status=0x00810f02 last_len=20 pan=0xdeca dst=0xb102 src=0xa104 code=0xe1
UF;81988795;753093;0xdeca;0xb103;0xa104;0xe0;19233;7;2220;123;2392;12
UF;81988807;753094;0xdeca;0xb101;0xa100;0xe0;20300;7;2420;125;5868;12
UF;81988867;753095;0xdeca;0xb102;0xa101;0xe0;17886;7;1868;117;853;12
UF;81988879;753096;0xdeca;0xa104;0xb102;0xe1;17656;7;2005;122;6059;20
UL;81988879;33557;E;4;0xa104;0xb102;0xe1;17656;7;2005;122;6059;20
UF;81988996;753097;0xdeca;0xb103;0xa100;0xe0;19319;7;2230;123;2215;12
UF;81989008;753098;0xdeca;0xa100;0xb101;0xe1;18438;7;2163;124;5189;20
UL;81989008;33558;A;0;0xa100;0xb101;0xe1;18438;7;2163;124;5189;20
listener anchor=A src=0xa100 code=0xe1 level=7 q=18438 cir=2163 rxpacc=124 fp=5189/6318/6932 frames=240
UF;81989067;753099;0xdeca;0xb102;0xa101;0xe0;18548;7;2141;123;3798;12
uwb any-frame t=81989194 good=753100 len=12 fctrl=8841 pan=0xdeca dst=0xa104 src=0xb103 code=0xe0 q=19734 level=7 cir=2061 rxpacc=117 fp=6744/7043/4763
UF;81989194;753100;0xdeca;0xb103;0xa104;0xe0;19734;7;2061;117;6744;12
UF;81989266;753101;0xdeca;0xb102;0xa101;0xe0;19238;7;2149;121;7485;12
UF;81989279;753102;0xdeca;0xa106;0xb102;0xe1;17841;7;2026;122;5731;20
UL;81989279;33559;G;6;0xa106;0xb102;0xe1;17841;7;2026;122;5731;20
UF;81989396;753103;0xdeca;0xb103;0xa100;0xe0;18753;7;2200;124;6887;12
UF;81989408;753104;0xdeca;0xa100;0xb101;0xe1;18932;7;2221;124;4205;20
UL;81989408;33560;A;0;0xa100;0xb101;0xe1;18932;7;2221;124;4205;20
UF;81989468;753105;0xdeca;0xb102;0xa101;0xe0;18920;7;2010;118;7168;12
UF;81989595;753106;0xdeca;0xb103;0xa104;0xe0;19207;7;2006;117;6784;12
UF;81989608;753107;0xdeca;0xb101;0xa100;0xe0;21958;7;2576;124;7975;12
UF;81989667;753108;0xdeca;0xb102;0xa102;0xe0;19113;7;2065;119;6908;12
UF;81989679;753109;0xdeca;0xa106;0xb102;0xe1;17225;7;1799;117;4070;20
UL;81989679;33561;G;6;0xa106;0xb102;0xe1;17225;7;1799;117;4070;20
listener debug sel=A valid=1 age=342 level=7 good=753109 accepted=33561 badhdr=6 nonanchor=719542 toolong=0 rxerr=1669 rxen_fail=0 rxen_last=0 sys_status=0x00800002 sys_state=000505430b rx_finfo=0x0756c814 last_status=0x00810f02 last_len=20 pan=0xdeca dst=0xb102 src=0xa106 code=0xe1
UF;81989796;753110;0xdeca;0xb103;0xa100;0xe0;20765;7;2206;118;6038;12
UF;81989808;753111;0xdeca;0xb101;0xa102;0xe0;17867;7;2096;124;7485;12
UF;81989867;753112;0xdeca;0xb102;0xa101;0xe0;18761;7;2027;119;7200;12
UF;81989994;753113;0xdeca;0xb103;0xa104;0xe0;20103;7;2172;119;5282;12
UF;81990007;753114;0xdeca;0xb101;0xa102;0xe0;21459;7;2477;123;7048;12
UF;81990066;753115;0xdeca;0xb102;0xa101;0xe0;19919;7;2262;122;7485;12
UF;81990078;753116;0xdeca;0xb102;0xa106;0xe0;18995;7;2157;122;7098;12
UF;81990195;753117;0xdeca;0xb103;0xa100;0xe0;20103;7;2172;119;4984;12
UF;81990207;753118;0xdeca;0xb101;0xa100;0xe0;16651;7;1799;119;7449;12
UF;81990267;753119;0xdeca;0xb102;0xa101;0xe0;18449;7;2095;122;7235;12
UF;81990279;753120;0xdeca;0xa104;0xb102;0xe1;17991;7;2043;122;4777;20
UL;81990279;33562;E;4;0xa104;0xb102;0xe1;17991;7;2043;122;4777;20
UF;81990396;753121;0xdeca;0xb103;0xa104;0xe0;18594;7;2077;121;4946;12
UF;81990409;753122;0xdeca;0xa100;0xb101;0xe1;19069;7;2237;124;2714;20
UL;81990409;33563;A;0;0xa100;0xb101;0xe1;19069;7;2237;124;2714;20
listener anchor=A src=0xa100 code=0xe1 level=7 q=19069 cir=2237 rxpacc=124 fp=2714/6649/6885 frames=242
UF;81990467;753123;0xdeca;0xb102;0xa101;0xe0;18104;7;1956;119;4101;12
UF;81990594;753124;0xdeca;0xb103;0xa100;0xe0;19692;7;2273;123;6447;12
UF;81990607;753125;0xdeca;0xa103;0xb103;0xe1;18647;7;1981;118;2631;20
UL;81990607;33564;D;3;0xa103;0xb103;0xe1;18647;7;1981;118;2631;20
UF;81990667;753126;0xdeca;0xb102;0xa101;0xe0;17549;7;1928;120;5687;12
UF;81990679;753127;0xdeca;0xa106;0xb102;0xe1;17198;7;1827;118;5715;20
UL;81990679;33565;G;6;0xa106;0xb102;0xe1;17198;7;1827;118;5715;20
listener debug sel=A valid=1 age=346 level=7 good=753127 accepted=33565 badhdr=6 nonanchor=719556 toolong=0 rxerr=1669 rxen_fail=0 rxen_last=0 sys_status=0x00800002 sys_state=000505430b rx_finfo=0x0766c814 last_status=0x00810f02 last_len=20 pan=0xdeca dst=0xb102 src=0xa106 code=0xe1
UF;81990795;753128;0xdeca;0xb103;0xa104;0xe0;22213;8;2564;123;6613;12
UF;81990808;753129;0xdeca;0xb101;0xa100;0xe0;20069;7;2132;118;6741;12
UF;81990867;753130;0xdeca;0xb102;0xa101;0xe0;18150;7;2095;123;7154;12
UF;81990879;753131;0xdeca;0xa106;0xb102;0xe1;17524;7;1258;97;4998;20
UL;81990879;33566;G;6;0xa106;0xb102;0xe1;17524;7;1258;97;4998;20
UF;81990996;753132;0xdeca;0xb103;0xa100;0xe0;19811;7;2213;121;6937;12
UF;81991009;753133;0xdeca;0xa100;0xb101;0xe1;18710;7;2090;121;5680;20
UL;81991009;33567;A;0;0xa100;0xb101;0xe1;18710;7;2090;121;5680;20
UF;81991069;753134;0xdeca;0xb102;0xa101;0xe0;18392;7;2123;123;7489;12
UF;81991196;753135;0xdeca;0xb103;0xa104;0xe0;19669;7;2161;120;5932;12
UF;81991208;753136;0xdeca;0xb101;0xa100;0xe0;17036;7;1903;121;7129;12
UF;81991267;753137;0xdeca;0xb102;0xa102;0xe0;16492;7;1752;118;6955;12
UF;81991280;753138;0xdeca;0xa106;0xb102;0xe1;17157;7;1885;120;4664;20
UL;81991280;33568;G;6;0xa106;0xb102;0xe1;17157;7;1885;120;4664;20
UF;81991397;753139;0xdeca;0xb103;0xa100;0xe0;20588;7;2338;122;7211;12
UF;81991410;753140;0xdeca;0xa102;0xb101;0xe1;17700;7;2010;122;7382;20
UL;81991410;33569;C;2;0xa102;0xb101;0xe1;17700;7;2010;122;7382;20
UF;81991469;753141;0xdeca;0xb102;0xa101;0xe0;19360;7;2127;120;7145;12
UF;81991596;753142;0xdeca;0xb103;0xa104;0xe0;20586;7;2150;117;6679;12
UF;81991609;753143;0xdeca;0xa102;0xb101;0xe1;18173;7;2030;121;7184;20
UL;81991609;33570;C;2;0xa102;0xb101;0xe1;18173;7;2030;121;7184;20
UF;81991669;753144;0xdeca;0xb102;0xa101;0xe0;23409;8;2702;123;7577;12
listener debug sel=A valid=1 age=750 level=7 good=753144 accepted=33570 badhdr=6 nonanchor=719568 toolong=0 rxerr=1669 rxen_fail=0 rxen_last=0 sys_status=0x00800002 sys_state=000505400b rx_finfo=0x07b6c80c last_status=0x00810f02 last_len=12 pan=0xdeca dst=0xa101 src=0xb102 code=0xe0
UF;81991794;753145;0xdeca;0xb103;0xa100;0xe0;20894;7;2334;121;5960;12
UF;81991807;753146;0xdeca;0xa103;0xb103;0xe1;15549;7;1624;117;3361;20
UL;81991807;33571;D;3;0xa103;0xb103;0xe1;15549;7;1624;117;3361;20
UF;81991867;753147;0xdeca;0xb102;0xa101;0xe0;16980;7;1960;123;7427;12
UF;81991879;753148;0xdeca;0xa104;0xb102;0xe1;17285;7;1899;120;6595;20
UL;81991879;33572;E;4;0xa104;0xb102;0xe1;17285;7;1899;120;6595;20
UF;81991996;753149;0xdeca;0xb103;0xa104;0xe0;20458;7;2400;124;3310;12
uwb any-frame t=81992009 good=753150 len=20 fctrl=8841 pan=0xdeca dst=0xb101 src=0xa100 code=0xe1 q=17794 level=7 cir=1955 rxpacc=120 fp=2201/7023/6666
UF;81992009;753150;0xdeca;0xa100;0xb101;0xe1;17794;7;1955;120;2201;20
UL;81992009;33573;A;0;0xa100;0xb101;0xe1;17794;7;1955;120;2201;20
listener anchor=A src=0xa100 code=0xe1 level=7 q=17794 cir=1955 rxpacc=120 fp=2201/7023/6666 frames=244
UF;81992066;753151;0xdeca;0xb102;0xa101;0xe0;16071;7;1855;123;7530;12
UF;81992078;753152;0xdeca;0xa104;0xb102;0xe1;17539;7;1895;119;7166;20
UL;81992078;33574;E;4;0xa104;0xb102;0xe1;17539;7;1895;119;7166;20
UF;81992195;753153;0xdeca;0xb103;0xa100;0xe0;19788;7;2174;120;6457;12
UF;81992208;753154;0xdeca;0xb101;0xa100;0xe0;17012;7;1869;120;7097;12
UF;81992267;753155;0xdeca;0xb102;0xa101;0xe0;17847;7;1896;118;6998;12
UF;81992279;753156;0xdeca;0xa106;0xb102;0xe1;17920;7;2035;122;3278;20
UL;81992279;33575;G;6;0xa106;0xb102;0xe1;17920;7;2035;122;3278;20
UF;81992397;753157;0xdeca;0xb103;0xa104;0xe0;17993;7;1944;119;4000;12
UF;81992409;753158;0xdeca;0xa100;0xb101;0xe1;18572;7;2214;125;2519;20
UL;81992409;33576;A;0;0xa100;0xb101;0xe1;18572;7;2214;125;2519;20
UF;81992469;753159;0xdeca;0xb102;0xa101;0xe0;19384;7;2274;124;5995;12
UF;81992596;753160;0xdeca;0xb103;0xa100;0xe0;19852;7;2109;118;6780;12
UF;81992608;753161;0xdeca;0xb101;0xa100;0xe0;19770;7;2282;123;4812;12
UF;81992668;753162;0xdeca;0xb102;0xa101;0xe0;17367;7;1845;118;4803;12
listener debug sel=A valid=1 age=354 level=7 good=753162 accepted=33576 badhdr=6 nonanchor=719580 toolong=0 rxerr=1669 rxen_fail=0 rxen_last=0 sys_status=0x00800002 sys_state=000505450b rx_finfo=0x0766c80c last_status=0x00810f02 last_len=12 pan=0xdeca dst=0xa101 src=0xb102 code=0xe0
UF;81992793;753163;0xdeca;0xb103;0xa104;0xe0;19861;7;2330;124;6663;12
UF;81992806;753164;0xdeca;0xb103;0xa107;0xe0;18474;7;1996;119;5016;12
UF;81992865;753165;0xdeca;0xb102;0xa102;0xe0;17979;7;1910;118;4724;12
UF;81992878;753166;0xdeca;0xb102;0xa106;0xe0;17230;7;1893;120;3461;12
UF;81992994;753167;0xdeca;0xb103;0xa100;0xe0;21555;7;2488;123;5580;12
UF;81993007;753168;0xdeca;0xb101;0xa102;0xe0;19624;7;2156;120;7520;12
UF;81993066;753169;0xdeca;0xb102;0xa101;0xe0;17658;7;1940;120;5625;12
UF;81993078;753170;0xdeca;0xb102;0xa106;0xe0;18531;7;2139;123;5420;12
UF;81993195;753171;0xdeca;0xb103;0xa104;0xe0;19831;7;2289;123;5286;12
UF;81993207;753172;0xdeca;0xb101;0xa102;0xe0;19220;7;2147;121;7552;12
UF;81993266;753173;0xdeca;0xb102;0xa101;0xe0;18080;7;2087;123;7494;12
UF;81993393;753174;0xdeca;0xb103;0xa100;0xe0;19033;7;2022;118;4885;12
UF;81993406;753175;0xdeca;0xb103;0xa103;0xe0;19335;7;2054;118;5172;12
UF;81993465;753176;0xdeca;0xb102;0xa101;0xe0;19041;7;2127;121;7454;12
UF;81993478;753177;0xdeca;0xb102;0xa104;0xe0;17985;7;2076;123;7148;12
UF;81993594;753178;0xdeca;0xb103;0xa104;0xe0;19686;7;2056;117;6489;12
UF;81993606;753179;0xdeca;0xa107;0xb103;0xe1;16919;7;1767;117;5114;20
UL;81993606;33577;H;7;0xa107;0xb103;0xe1;16919;7;1767;117;5114;20
UF;81993666;753180;0xdeca;0xb102;0xa101;0xe0;20596;7;2188;118;7045;12
UF;81993679;753181;0xdeca;0xa104;0xb102;0xe1;16970;7;2023;125;6618;20
UL;81993679;33578;E;4;0xa104;0xb102;0xe1;16970;7;2023;125;6618;20
listener debug sel=A valid=1 age=1356 level=7 good=753181 accepted=33578 badhdr=6 nonanchor=719597 toolong=0 rxerr=1669 rxen_fail=0 rxen_last=0 sys_status=0x00800002 sys_state=000505470b rx_finfo=0x07d6c814 last_status=0x00810f02 last_len=20 pan=0xdeca dst=0xb102 src=0xa104 code=0xe1
UF;81993795;753182;0xdeca;0xb103;0xa100;0xe0;19588;7;2261;123;4238;12
UF;81993808;753183;0xdeca;0xb101;0xa100;0xe0;19390;7;2095;119;7394;12
UF;81993867;753184;0xdeca;0xb102;0xa101;0xe0;20803;7;2210;118;7270;12
UF;81993879;753185;0xdeca;0xa106;0xb102;0xe1;18317;7;1979;119;3109;20
UL;81993879;33579;G;6;0xa106;0xb102;0xe1;18317;7;1979;119;3109;20
UF;81993996;753186;0xdeca;0xb103;0xa104;0xe0;19488;7;2213;122;6607;12
UF;81994009;753187;0xdeca;0xa100;0xb101;0xe1;17277;7;1962;122;4737;20
UL;81994009;33580;A;0;0xa100;0xb101;0xe1;17277;7;1962;122;4737;20
listener anchor=A src=0xa100 code=0xe1 level=7 q=17277 cir=1962 rxpacc=122 fp=4737/6933/4522 frames=246
UF;81994067;753188;0xdeca;0xb102;0xa101;0xe0;18468;7;2063;121;7182;12
UF;81994194;753189;0xdeca;0xb103;0xa100;0xe0;21217;7;2254;118;6446;12
UF;81994207;753190;0xdeca;0xb101;0xa100;0xe0;18657;7;1982;118;7689;12
UF;81994266;753191;0xdeca;0xb102;0xa101;0xe0;18973;7;2190;123;7347;12
UF;81994279;753192;0xdeca;0xa106;0xb102;0xe1;17014;7;1777;117;5207;20
UL;81994279;33581;G;6;0xa106;0xb102;0xe1;17014;7;1777;117;5207;20
UF;81994396;753193;0xdeca;0xb103;0xa104;0xe0;20439;7;2321;122;6389;12
UF;81994408;753194;0xdeca;0xa100;0xb101;0xe1;17613;7;2033;123;2936;20
UL;81994408;33582;A;0;0xa100;0xb101;0xe1;17613;7;2033;123;2936;20
UF;81994468;753195;0xdeca;0xb102;0xa102;0xe0;17798;7;1923;119;5399;12
UF;81994595;753196;0xdeca;0xb103;0xa100;0xe0;19532;7;2218;122;6603;12
UF;81994607;753197;0xdeca;0xb101;0xa102;0xe0;20078;7;2280;122;7282;12
UF;81994667;753198;0xdeca;0xb102;0xa101;0xe0;19211;7;2146;121;4459;12
UF;81994679;753199;0xdeca;0xa106;0xb102;0xe1;18600;7;2147;123;5212;20
UL;81994679;33583;G;6;0xa106;0xb102;0xe1;18600;7;2147;123;5212;20
listener debug sel=A valid=1 age=357 level=7 good=753199 accepted=33583 badhdr=6 nonanchor=719610 toolong=0 rxerr=1669 rxen_fail=0 rxen_last=0 sys_status=0x00800002 sys_state=000505410b rx_finfo=0x07b6c814 last_status=0x00810f02 last_len=20 pan=0xdeca dst=0xb102 src=0xa106 code=0xe1
uwb any-frame t=81994795 good=753200 len=12 fctrl=8841 pan=0xdeca dst=0xa104 src=0xb103 code=0xe0 q=19751 level=7 cir=2170 rxpacc=120 fp=2861/7311/6798
UF;81994795;753200;0xdeca;0xb103;0xa104;0xe0;19751;7;2170;120;2861;12
UF;81994868;753201;0xdeca;0xb102;0xa101;0xe0;17002;7;1837;119;6866;12
UF;81994994;753202;0xdeca;0xb103;0xa100;0xe0;20580;7;2261;120;6993;12
UF;81995007;753203;0xdeca;0xb101;0xa100;0xe0;20271;7;2378;124;7235;12
UF;81995066;753204;0xdeca;0xb102;0xa101;0xe0;18914;7;2078;120;6851;12
UF;81995079;753205;0xdeca;0xa104;0xb102;0xe1;18545;7;2106;122;5101;20
UL;81995079;33584;E;4;0xa104;0xb102;0xe1;18545;7;2106;122;5101;20
UF;81995196;753206;0xdeca;0xb103;0xa104;0xe0;20270;7;2117;117;4982;12
UF;81995208;753207;0xdeca;0xa100;0xb101;0xe1;18605;7;2218;125;2677;20
UL;81995208;33585;A;0;0xa100;0xb101;0xe1;18605;7;2218;125;2677;20
listener anchor=A src=0xa100 code=0xe1 level=7 q=18605 cir=2218 rxpacc=125 fp=2677/7237/6719 frames=248
UF;81995267;753208;0xdeca;0xb102;0xa101;0xe0;18280;7;1975;119;6994;12
UF;81995394;753209;0xdeca;0xb103;0xa100;0xe0;20012;7;2126;118;5756;12
UF;81995406;753210;0xdeca;0xa103;0xb103;0xe1;18516;7;1967;118;3312;20
UL;81995406;33586;D;3;0xa103;0xb103;0xe1;18516;7;1967;118;3312;20
UF;81995466;753211;0xdeca;0xb102;0xa101;0xe0;17752;7;1983;121;7215;12
UF;81995479;753212;0xdeca;0xa106;0xb102;0xe1;18049;7;1983;120;4979;20
UL;81995479;33587;G;6;0xa106;0xb102;0xe1;18049;7;1983;120;4979;20
UF;81995596;753213;0xdeca;0xb103;0xa104;0xe0;21875;7;2525;123;6116;12
UF;81995608;753214;0xdeca;0xb101;0xa100;0xe0;20644;7;2306;121;7049;12
UF;81995668;753215;0xdeca;0xb102;0xa101;0xe0;16169;7;1747;119;7102;12
listener debug sel=A valid=1 age=560 level=7 good=753215 accepted=33587 badhdr=6 nonanchor=719622 toolong=0 rxerr=1669 rxen_fail=0 rxen_last=0 sys_status=0x00800002 sys_state=000505430b rx_finfo=0x0776c80c last_status=0x00810f02 last_len=12 pan=0xdeca dst=0xa101 src=0xb102 code=0xe0
UF;81995798;753216;0xdeca;0xb103;0xa100;0xe0;19492;7;2106;119;7088;12
UF;81995811;753217;0xdeca;0xb101;0xa102;0xe0;19848;7;2291;123;7518;12
UF;81995870;753218;0xdeca;0xb102;0xa101;0xe0;18519;7;2103;122;7529;12
UF;81995997;753219;0xdeca;0xb103;0xa104;0xe0;19802;7;2212;121;6180;12
UF;81996009;753220;0xdeca;0xb101;0xa102;0xe0;18358;7;2119;123;7279;12
UF;81996069;753221;0xdeca;0xb102;0xa102;0xe0;18522;7;2138;123;7561;12
UF;81996195;753222;0xdeca;0xb103;0xa100;0xe0;20089;7;2244;121;3901;12
UF;81996208;753223;0xdeca;0xb101;0xa102;0xe0;17713;7;1850;117;5964;12
UF;81996267;753224;0xdeca;0xb102;0xa101;0xe0;20814;7;2325;121;7630;12
UF;81996394;753225;0xdeca;0xb103;0xa104;0xe0;18760;7;1993;118;5140;12
UF;81996406;753226;0xdeca;0xa107;0xb103;0xe1;17475;7;2050;124;6910;20
UL;81996406;33588;H;7;0xa107;0xb103;0xe1;17475;7;2050;124;6910;20
UF;81996466;753227;0xdeca;0xb102;0xa101;0xe0;18035;7;2048;122;6512;12
UF;81996479;753228;0xdeca;0xa106;0xb102;0xe1;18783;7;2133;122;3904;20
UL;81996479;33589;G;6;0xa106;0xb102;0xe1;18783;7;2133;122;3904;20
UF;81996596;753229;0xdeca;0xb103;0xa100;0xe0;19344;7;2055;118;6222;12
UF;81996609;753230;0xdeca;0xb103;0xa103;0xe0;18730;7;2127;122;6666;12
UF;81996668;753231;0xdeca;0xb102;0xa101;0xe0;18987;7;2086;120;443;12
UF;81996680;753232;0xdeca;0xb101;0xa100;0xe0;22565;8;2438;119;5511;12
listener debug sel=A valid=1 age=1562 level=7 good=753232 accepted=33589 badhdr=6 nonanchor=719637 toolong=0 rxerr=1669 rxen_fail=0 rxen_last=0 sys_status=0x00800002 sys_state=000505460b rx_finfo=0x0776c80c last_status=0x00810f02 last_len=12 pan=0xdeca dst=0xa100 src=0xb101 code=0xe0
UF;81996800;753233;0xdeca;0xb103;0xa104;0xe0;19548;7;2112;119;5508;12
UF;81996813;753234;0xdeca;0xb101;0xa106;0xe0;18612;7;2079;121;6591;12
UF;81996867;753235;0xdeca;0xb102;0xa101;0xe0;16946;7;1893;121;2443;12
UF;81996993;753236;0xdeca;0xb103;0xa100;0xe0;18730;7;2127;122;6202;12
UF;81997006;753237;0xdeca;0xb103;0xa103;0xe0;19778;7;2246;122;5639;12
UF;81997018;753238;0xdeca;0xb101;0xa107;0xe0;17823;7;2024;122;7541;12
UF;81997067;753239;0xdeca;0xb102;0xa101;0xe0;17367;7;1908;120;4119;12
UF;81997079;753240;0xdeca;0xa106;0xb102;0xe1;18392;7;2123;123;6154;20
UL;81997079;33590;G;6;0xa106;0xb102;0xe1;18392;7;2123;123;6154;20
UF;81997196;753241;0xdeca;0xb103;0xa104;0xe0;18965;7;2049;119;4366;12
UF;81997209;753242;0xdeca;0xa100;0xb101;0xe1;17197;7;1858;119;5564;20
UL;81997209;33591;A;0;0xa100;0xb101;0xe1;17197;7;1858;119;5564;20
listener anchor=A src=0xa100 code=0xe1 level=7 q=17197 cir=1858 rxpacc=119 fp=5564/6724/3879 frames=249
UF;81997267;753243;0xdeca;0xb102;0xa101;0xe0;16948;7;1862;120;7483;12
UF;81997394;753244;0xdeca;0xb103;0xa100;0xe0;19890;7;2149;119;6449;12
UF;81997407;753245;0xdeca;0xa103;0xb103;0xe1;16485;7;1872;122;4292;20
UL;81997407;33592;D;3;0xa103;0xb103;0xe1;16485;7;1872;122;4292;20
UF;81997467;753246;0xdeca;0xb102;0xa101;0xe0;19665;7;2307;124;7367;12
UF;81997479;753247;0xdeca;0xa106;0xb102;0xe1;11034;6;66;28;1119;20
UL;81997479;33593;G;6;0xa106;0xb102;0xe1;11034;6;66;28;1119;20
UF;81997596;753248;0xdeca;0xb103;0xa104;0xe0;19487;7;2141;120;3474;12
UF;81997608;753249;0xdeca;0xb101;0xa100;0xe0;18728;7;2197;124;7261;12
uwb any-frame t=81997667 good=753250 len=12 fctrl=8841 pan=0xdeca dst=0xa102 src=0xb102 code=0xe0 q=19178 level=7 cir=2072 rxpacc=119 fp=7272/7390/6963
UF;81997667;753250;0xdeca;0xb102;0xa102;0xe0;19178;7;2072;119;7272;12
listener debug sel=A valid=1 age=562 level=7 good=753250 accepted=33593 badhdr=6 nonanchor=719651 toolong=0 rxerr=1669 rxen_fail=0 rxen_last=0 sys_status=0x00800002 sys_state=000505440b rx_finfo=0x0776c80c last_status=0x00810f02 last_len=12 pan=0xdeca dst=0xa102 src=0xb102 code=0xe0
UF;81997801;753251;0xdeca;0xb103;0xa100;0xe0;18950;7;2082;120;4795;12
UF;81997814;753252;0xdeca;0xa106;0xb101;0xe1;17130;7;1882;120;5511;20
UL;81997814;33594;G;6;0xa106;0xb101;0xe1;17130;7;1882;120;5511;20
UF;81997869;753253;0xdeca;0xb102;0xa101;0xe0;18288;7;1910;117;6842;12
UF;81997995;753254;0xdeca;0xb103;0xa104;0xe0;20196;7;2182;119;4532;12
UF;81998008;753255;0xdeca;0xb101;0xa102;0xe0;21408;7;2313;119;7091;12
UF;81998067;753256;0xdeca;0xb102;0xa101;0xe0;18346;7;1949;118;7219;12
UF;81998194;753257;0xdeca;0xb103;0xa100;0xe0;20030;7;2312;123;6127;12
UF;81998206;753258;0xdeca;0xa103;0xb103;0xe1;17292;7;1837;118;4366;20
UL;81998206;33595;D;3;0xa103;0xb103;0xe1;17292;7;1837;118;4366;20
UF;81998266;753259;0xdeca;0xb102;0xa101;0xe0;17355;7;2036;124;7440;12
UF;81998279;753260;0xdeca;0xa104;0xb102;0xe1;17234;7;1862;119;6915;20
UL;81998279;33596;E;4;0xa104;0xb102;0xe1;17234;7;1862;119;6915;20
UF;81998396;753261;0xdeca;0xb103;0xa104;0xe0;20220;7;2372;124;4719;12
UF;81998408;753262;0xdeca;0xa100;0xb101;0xe1;19059;7;2129;121;2497;20
UL;81998408;33597;A;0;0xa100;0xb101;0xe1;19059;7;2129;121;2497;20
listener anchor=A src=0xa100 code=0xe1 level=7 q=19059 cir=2129 rxpacc=121 fp=2497/6628/6538 frames=250
UF;81998467;753263;0xdeca;0xb102;0xa101;0xe0;16401;7;1713;117;6208;12
UF;81998594;753264;0xdeca;0xb103;0xa100;0xe0;20636;7;2382;123;6622;12
UF;81998606;753265;0xdeca;0xb101;0xa100;0xe0;17494;7;1922;120;6865;12
UF;81998666;753266;0xdeca;0xb102;0xa101;0xe0;18898;7;2111;121;1865;12
UF;81998678;753267;0xdeca;0xa106;0xb102;0xe1;18309;7;1945;118;5607;20
UL;81998678;33598;G;6;0xa106;0xb102;0xe1;18309;7;1945;118;5607;20
listener debug sel=A valid=1 age=366 level=7 good=753267 accepted=33598 badhdr=6 nonanchor=719663 toolong=0 rxerr=1669 rxen_fail=0 rxen_last=0 sys_status=0x00800002 sys_state=000505470b rx_finfo=0x0766c814 last_status=0x00810f02 last_len=20 pan=0xdeca dst=0xb102 src=0xa106 code=0xe1
UF;81998805;753268;0xdeca;0xb103;0xa104;0xe0;20100;7;2358;124;5162;12
UF;81998817;753269;0xdeca;0xa107;0xb101;0xe1;15658;7;672;75;3431;20
UL;81998817;33599;H;7;0xa107;0xb101;0xe1;15658;7;672;75;3431;20
UF;81998866;753270;0xdeca;0xb102;0xa101;0xe0;17251;7;1927;121;4971;12
UF;81998879;753271;0xdeca;0xa106;0xb102;0xe1;17723;7;1851;117;5957;20
UL;81998879;33600;G;6;0xa106;0xb102;0xe1;17723;7;1851;117;5957;20
UF;81998996;753272;0xdeca;0xb103;0xa100;0xe0;19874;7;2220;121;4823;12
UF;81999009;753273;0xdeca;0xa100;0xb101;0xe1;17947;7;1939;119;5529;20
UL;81999009;33601;A;0;0xa100;0xb101;0xe1;17947;7;1939;119;5529;20
UF;81999069;753274;0xdeca;0xb102;0xa101;0xe0;16456;7;1778;119;6979;12
UF;81999195;753275;0xdeca;0xb103;0xa104;0xe0;21923;7;2329;118;6487;12
UF;81999208;753276;0xdeca;0xb101;0xa100;0xe0;16040;7;1704;118;7256;12
UF;81999267;753277;0xdeca;0xb102;0xa102;0xe0;17860;7;1995;121;7096;12
UF;81999394;753278;0xdeca;0xb103;0xa100;0xe0;20490;7;2140;117;6650;12
UF;81999406;753279;0xdeca;0xa103;0xb103;0xe1;16938;7;1987;124;3436;20
UL;81999406;33602;D;3;0xa103;0xb103;0xe1;16938;7;1987;124;3436;20
UF;81999466;753280;0xdeca;0xb102;0xa101;0xe0;18668;7;2051;120;6583;12
UF;81999479;753281;0xdeca;0xa106;0xb102;0xe1;17713;7;1850;117;3448;20
UL;81999479;33603;G;6;0xa106;0xb102;0xe1;17713;7;1850;117;3448;20
UF;81999596;753282;0xdeca;0xb103;0xa104;0xe0;20588;7;2338;122;6186;12
UF;81999608;753283;0xdeca;0xa102;0xb101;0xe1;18119;7;2024;121;7309;20
UL;81999608;33604;C;2;0xa102;0xb101;0xe1;18119;7;2024;121;7309;20
UF;81999668;753284;0xdeca;0xb102;0xa101;0xe0;21581;7;2491;123;7505;12
listener debug sel=A valid=1 age=765 level=7 good=753284 accepted=33604 badhdr=6 nonanchor=719674 toolong=0 rxerr=1669 rxen_fail=0 rxen_last=0 sys_status=0x00800002 sys_state=000505460b rx_finfo=0x07b6c80c last_status=0x00810f02 last_len=12 pan=0xdeca dst=0xa101 src=0xb102 code=0xe0
UF;81999804;753285;0xdeca;0xb103;0xa100;0xe0;20492;7;2177;118;6923;12
UF;81999817;753286;0xdeca;0xa107;0xb101;0xe1;15355;7;928;89;4385;20
UL;81999817;33605;H;7;0xa107;0xb101;0xe1;15355;7;928;89;4385;20
UF;81999866;753287;0xdeca;0xb102;0xa101;0xe0;19713;7;2350;125;7802;12
UF;81999879;753288;0xdeca;0xa104;0xb102;0xe1;17576;7;1899;119;5357;20
UL;81999879;33606;E;4;0xa104;0xb102;0xe1;17576;7;1899;119;5357;20
UF;81999996;753289;0xdeca;0xb103;0xa104;0xe0;18774;7;2132;122;3016;12
UF;82000008;753290;0xdeca;0xa100;0xb101;0xe1;17546;7;1864;118;2514;20
UL;82000008;33607;A;0;0xa100;0xb101;0xe1;17546;7;1864;118;2514;20
listener anchor=A src=0xa100 code=0xe1 level=7 q=17546 cir=1864 rxpacc=118 fp=2514/6360/5120 frames=252
UF;82000067;753291;0xdeca;0xb102;0xa101;0xe0;18392;7;2123;123;7511;12
UF;82000194;753292;0xdeca;0xb103;0xa100;0xe0;21390;7;2469;123;5326;12
UF;82000206;753293;0xdeca;0xa103;0xb103;0xe1;17410;7;1881;119;2791;20
UL;82000206;33608;D;3;0xa103;0xb103;0xe1;17410;7;1881;119;2791;20
UF;82000266;753294;0xdeca;0xb102;0xa101;0xe0;16317;7;1853;122;7282;12
UF;82000279;753295;0xdeca;0xa106;0xb102;0xe1;18056;7;2017;121;3716;20
UL;82000279;33609;G;6;0xa106;0xb102;0xe1;18056;7;2017;121;3716;20
UF;82000396;753296;0xdeca;0xb103;0xa104;0xe0;19011;7;2054;119;6951;12
UF;82000409;753297;0xdeca;0xa100;0xb101;0xe1;19118;7;2031;118;5430;20
UL;82000409;33610;A;0;0xa100;0xb101;0xe1;19118;7;2031;118;5430;20
UF;82000468;753298;0xdeca;0xb102;0xa101;0xe0;18177;7;1931;118;7175;12
UF;82000595;753299;0xdeca;0xb103;0xa100;0xe0;21658;7;2340;119;6176;12
uwb any-frame t=82000608 good=753300 len=12 fctrl=8841 pan=0xdeca dst=0xa100 src=0xb101 code=0xe0 q=24422 level=8 cir=2728 rxpacc=121 fp=7186/7140/5439
UF;82000608;753300;0xdeca;0xb101;0xa100;0xe0;24422;8;2728;121;7186;12
UF;82000670;753301;0xdeca;0xb102;0xa101;0xe0;15761;7;1849;124;1147;12
listener debug sel=A valid=1 age=367 level=7 good=753301 accepted=33610 badhdr=6 nonanchor=719685 toolong=0 rxerr=1669 rxen_fail=0 rxen_last=0 sys_status=0x00800002 sys_state=000505450b rx_finfo=0x07c6c80c last_status=0x00810f02 last_len=12 pan=0xdeca dst=0xa101 src=0xb102 code=0xe0
UF;82000806;753302;0xdeca;0xb103;0xa104;0xe0;20259;7;2263;121;6642;12
UF;82000865;753303;0xdeca;0xb102;0xa102;0xe0;17287;7;2028;124;1759;12
UF;82000878;753304;0xdeca;0xb102;0xa106;0xe0;14884;7;1252;105;825;12
UF;82000994;753305;0xdeca;0xb103;0xa100;0xe0;19913;7;2336;124;6603;12
UF;82001007;753306;0xdeca;0xa103;0xb103;0xe1;17023;7;1997;124;2260;20
UL;82001007;33611;D;3;0xa103;0xb103;0xe1;17023;7;1997;124;2260;20
UF;82001067;753307;0xdeca;0xb102;0xa101;0xe0;17967;7;2007;121;4945;12
UF;82001193;753308;0xdeca;0xb103;0xa104;0xe0;20814;7;2325;121;4902;12
UF;82001206;753309;0xdeca;0xa107;0xb103;0xe1;16846;7;1913;122;136;20
UL;82001206;33612;H;7;0xa107;0xb103;0xe1;16846;7;1913;122;136;20
UF;82001266;753310;0xdeca;0xb102;0xa101;0xe0;18422;7;2092;122;7548;12
UF;82001278;753311;0xdeca;0xa106;0xb102;0xe1;18155;7;2028;121;3958;20
UL;82001278;33613;G;6;0xa106;0xb102;0xe1;18155;7;2028;121;3958;20
UF;82001395;753312;0xdeca;0xb103;0xa100;0xe0;20159;7;2178;119;5278;12
UF;82001408;753313;0xdeca;0xb101;0xa100;0xe0;18063;7;2085;123;7717;12
UF;82001467;753314;0xdeca;0xb102;0xa101;0xe0;20206;7;2220;120;7290;12
UF;82001594;753315;0xdeca;0xb103;0xa104;0xe0;19311;7;2229;123;3928;12
UF;82001606;753316;0xdeca;0xa107;0xb103;0xe1;17707;7;1978;121;5569;20
UL;82001606;33614;H;7;0xa107;0xb103;0xe1;17707;7;1978;121;5569;20
UF;82001666;753317;0xdeca;0xb102;0xa101;0xe0;18696;7;2158;123;7532;12
UF;82001679;753318;0xdeca;0xa104;0xb102;0xe1;16671;7;1771;118;6845;20
UL;82001679;33615;E;4;0xa104;0xb102;0xe1;16671;7;1771;118;6845;20
listener debug sel=A valid=1 age=1371 level=7 good=753318 accepted=33615 badhdr=6 nonanchor=719697 toolong=0 rxerr=1669 rxen_fail=0 rxen_last=0 sys_status=0x00800002 sys_state=000505480b rx_finfo=0x0766c814 last_status=0x00810f02 last_len=20 pan=0xdeca dst=0xb102 src=0xa104 code=0xe1
UF;82001811;753319;0xdeca;0xb103;0xa100;0xe0;18701;7;2089;121;3620;12
UF;82001870;753320;0xdeca;0xb102;0xa101;0xe0;17662;7;2072;124;7423;12
UF;82001996;753321;0xdeca;0xb103;0xa104;0xe0;19132;7;2102;120;6581;12
UF;82002009;753322;0xdeca;0xa100;0xb101;0xe1;18067;7;1952;119;1586;20
UL;82002009;33616;A;0;0xa100;0xb101;0xe1;18067;7;1952;119;1586;20
listener anchor=A src=0xa100 code=0xe1 level=7 q=18067 cir=1952 rxpacc=119 fp=1586/6790/5839 frames=254
UF;82002068;753323;0xdeca;0xb102;0xa101;0xe0;21634;7;2579;125;7500;12
UF;82002194;753324;0xdeca;0xb103;0xa100;0xe0;19824;7;2106;118;5656;12
UF;82002207;753325;0xdeca;0xb101;0xa100;0xe0;20801;7;2401;123;7745;12
UF;82002266;753326;0xdeca;0xb102;0xa101;0xe0;20201;7;2294;122;7349;12
UF;82002279;753327;0xdeca;0xa106;0xb102;0xe1;17876;7;2030;122;3593;20
UL;82002279;33617;G;6;0xa106;0xb102;0xe1;17876;7;2030;122;3593;20
UF;82002396;753328;0xdeca;0xb103;0xa104;0xe0;19197;7;2180;122;7116;12
UF;82002408;753329;0xdeca;0xa100;0xb101;0xe1;18378;7;2087;122;1691;20
UL;82002408;33618;A;0;0xa100;0xb101;0xe1;18378;7;2087;122;1691;20
UF;82002468;753330;0xdeca;0xb102;0xa102;0xe0;16447;7;1777;119;7025;12
UF;82002595;753331;0xdeca;0xb103;0xa100;0xe0;20212;7;2333;123;4161;12
UF;82002608;753332;0xdeca;0xb101;0xa102;0xe0;16503;7;1936;124;5386;12
UF;82002667;753333;0xdeca;0xb102;0xa101;0xe0;19636;7;2086;118;5575;12
listener debug sel=A valid=1 age=375 level=7 good=753333 accepted=33618 badhdr=6 nonanchor=719709 toolong=0 rxerr=1669 rxen_fail=0 rxen_last=0 sys_status=0x00800002 sys_state=000505400b rx_finfo=0x0766c80c last_status=0x00810f02 last_len=12 pan=0xdeca dst=0xa101 src=0xb102 code=0xe0
UF;82002813;753334;0xdeca;0xb103;0xa104;0xe0;20236;7;2298;122;6579;12
UF;82002867;753335;0xdeca;0xb102;0xa101;0xe0;19077;7;2202;123;6016;12
UF;82002994;753336;0xdeca;0xb103;0xa100;0xe0;20515;7;2368;123;7144;12
UF;82003007;753337;0xdeca;0xa103;0xb103;0xe1;15057;7;1390;110;2348;20
UL;82003007;33619;D;3;0xa103;0xb103;0xe1;15057;7;1390;110;2348;20
UF;82003066;753338;0xdeca;0xb102;0xa101;0xe0;17791;7;1890;118;3215;12
UF;82003079;753339;0xdeca;0xa104;0xb102;0xe1;18583;7;2180;124;7753;20
UL;82003079;33620;E;4;0xa104;0xb102;0xe1;18583;7;2180;124;7753;20
UF;82003196;753340;0xdeca;0xb103;0xa104;0xe0;19035;7;2233;124;4360;12
UF;82003209;753341;0xdeca;0xa100;0xb101;0xe1;19319;7;2230;123;3239;20
UL;82003209;33621;A;0;0xa100;0xb101;0xe1;19319;7;2230;123;3239;20
listener anchor=A src=0xa100 code=0xe1 level=7 q=19319 cir=2230 rxpacc=123 fp=3239/7399/6941 frames=256
UF;82003267;753342;0xdeca;0xb102;0xa101;0xe0;17416;7;1819;117;7092;12
UF;82003394;753343;0xdeca;0xb103;0xa100;0xe0;21958;7;2576;124;6565;12
UF;82003407;753344;0xdeca;0xa103;0xb103;0xe1;17045;7;1904;121;2187;20
UL;82003407;33622;D;3;0xa103;0xb103;0xe1;17045;7;1904;121;2187;20
UF;82003467;753345;0xdeca;0xb102;0xa101;0xe0;19091;7;2168;122;7378;12
UF;82003479;753346;0xdeca;0xa106;0xb102;0xe1;17478;7;1643;111;3317;20
UL;82003479;33623;G;6;0xa106;0xb102;0xe1;17478;7;1643;111;3317;20
UF;82003596;753347;0xdeca;0xb103;0xa104;0xe0;21399;7;2470;123;6471;12
UF;82003609;753348;0xdeca;0xa100;0xb101;0xe1;18340;7;2117;123;2670;20
UL;82003609;33624;A;0;0xa100;0xb101;0xe1;18340;7;2117;123;2670;20
UF;82003669;753349;0xdeca;0xb102;0xa101;0xe0;16703;7;1928;123;7456;12
listener debug sel=A valid=1 age=176 level=7 good=753349 accepted=33624 badhdr=6 nonanchor=719719 toolong=0 rxerr=1669 rxen_fail=0 rxen_last=0 sys_status=0x00800002 sys_state=000505450b rx_finfo=0x07b6c80c last_status=0x00810f02 last_len=12 pan=0xdeca dst=0xa101 src=0xb102 code=0xe0
uwb any-frame t=82003815 good=753350 len=12 fctrl=8841 pan=0xdeca dst=0xa100 src=0xb103 code=0xe0 q=19214 level=7 cir=2111 rxpacc=120 fp=6598/7174/4747
UF;82003815;753350;0xdeca;0xb103;0xa100;0xe0;19214;7;2111;120;6598;12
UF;82003867;753351;0xdeca;0xb102;0xa101;0xe0;17378;7;1815;117;5877;12
UF;82003880;753352;0xdeca;0xa106;0xb102;0xe1;17117;7;502;62;1755;20
UL;82003880;33625;G;6;0xa106;0xb102;0xe1;17117;7;502;62;1755;20
UF;82003996;753353;0xdeca;0xb103;0xa104;0xe0;20859;7;2330;121;7192;12
UF;82004009;753354;0xdeca;0xa100;0xb101;0xe1;18446;7;1993;119;5368;20
UL;82004009;33626;A;0;0xa100;0xb101;0xe1;18446;7;1993;119;5368;20
UF;82004069;753355;0xdeca;0xb102;0xa102;0xe0;16423;7;1865;122;7260;12
UF;82004196;753356;0xdeca;0xb103;0xa100;0xe0;19770;7;2136;119;5379;12
UF;82004208;753357;0xdeca;0xb101;0xa102;0xe0;19293;7;1913;114;6944;12
UF;82004267;753358;0xdeca;0xb102;0xa101;0xe0;19352;7;2307;125;7778;12
UF;82004394;753359;0xdeca;0xb103;0xa104;0xe0;21067;7;2238;118;4567;12
UF;82004407;753360;0xdeca;0xb101;0xa102;0xe0;16753;7;1810;119;6768;12
UF;82004466;753361;0xdeca;0xb102;0xa101;0xe0;18224;7;1969;119;7247;12
UF;82004479;753362;0xdeca;0xa106;0xb102;0xe1;18246;7;2072;122;3250;20
UL;82004479;33627;G;6;0xa106;0xb102;0xe1;18246;7;2072;122;3250;20
UF;82004596;753363;0xdeca;0xb103;0xa100;0xe0;19793;7;2211;121;4073;12
UF;82004608;753364;0xdeca;0xa100;0xb101;0xe1;18835;7;2104;121;5090;20
UL;82004608;33628;A;0;0xa100;0xb101;0xe1;18835;7;2104;121;5090;20
listener anchor=A src=0xa100 code=0xe1 level=7 q=18835 cir=2104 rxpacc=121 fp=5090/6830/4643 frames=259
UF;82004667;753365;0xdeca;0xb102;0xa101;0xe0;18045;7;1917;118;6780;12
UF;82004679;753366;0xdeca;0xa104;0xb102;0xe1;17638;7;1090;90;5134;20
UL;82004679;33629;E;4;0xa104;0xb102;0xe1;17638;7;1090;90;5134;20
listener debug sel=A valid=1 age=178 level=7 good=753366 accepted=33629 badhdr=6 nonanchor=719731 toolong=0 rxerr=1669 rxen_fail=0 rxen_last=0 sys_status=0x00800002 sys_state=000505470b rx_finfo=0x05a6c814 last_status=0x00810f02 last_len=20 pan=0xdeca dst=0xb102 src=0xa104 code=0xe1
UF;82004816;753367;0xdeca;0xb103;0xa104;0xe0;19095;7;2133;121;6113;12
UF;82004870;753368;0xdeca;0xb102;0xa101;0xe0;18215;7;1968;119;7002;12
UF;82004997;753369;0xdeca;0xb103;0xa100;0xe0;19569;7;2186;121;6259;12
UF;82005009;753370;0xdeca;0xa100;0xb101;0xe1;16706;7;1805;119;5597;20
UL;82005009;33630;A;0;0xa100;0xb101;0xe1;16706;7;1805;119;5597;20
UF;82005069;753371;0xdeca;0xb102;0xa101;0xe0;18366;7;2120;123;6621;12
UF;82005196;753372;0xdeca;0xb103;0xa104;0xe0;18336;7;1915;117;3610;12
UF;82005208;753373;0xdeca;0xb101;0xa100;0xe0;17535;7;2024;123;6486;12
UF;82005268;753374;0xdeca;0xb102;0xa101;0xe0;17153;7;1980;123;5577;12
UF;82005394;753375;0xdeca;0xb103;0xa100;0xe0;18956;7;2188;123;6221;12
UF;82005407;753376;0xdeca;0xb101;0xa100;0xe0;18704;7;2124;122;7479;12
UF;82005466;753377;0xdeca;0xb102;0xa101;0xe0;17077;7;1845;119;6309;12
UF;82005479;753378;0xdeca;0xa106;0xb102;0xe1;19423;7;2242;123;5928;20
UL;82005479;33631;G;6;0xa106;0xb102;0xe1;19423;7;2242;123;5928;20
UF;82005596;753379;0xdeca;0xb103;0xa104;0xe0;19111;7;1996;117;4922;12
UF;82005608;753380;0xdeca;0xa100;0xb101;0xe1;18488;7;2134;123;2190;20
UL;82005608;33632;A;0;0xa100;0xb101;0xe1;18488;7;2134;123;2190;20
listener anchor=A src=0xa100 code=0xe1 level=7 q=18488 cir=2134 rxpacc=123 fp=2190/7145/6487 frames=261
UF;82005667;753381;0xdeca;0xb102;0xa102;0xe0;17287;7;2028;124;7646;12
listener debug sel=A valid=1 age=181 level=7 good=753381 accepted=33632 badhdr=6 nonanchor=719743 toolong=0 rxerr=1669 rxen_fail=0 rxen_last=0 sys_status=0x00800002 sys_state=000505410b rx_finfo=0x07c6c80c last_status=0x00810f02 last_len=12 pan=0xdeca dst=0xa102 src=0xb102 code=0xe0
UF;82005819;753382;0xdeca;0xb103;0xa100;0xe0;20521;7;2180;118;6148;12
UF;82005868;753383;0xdeca;0xb102;0xa101;0xe0;16956;7;1832;119;7363;12
UF;82005994;753384;0xdeca;0xb103;0xa104;0xe0;20177;7;2367;124;5389;12
UF;82006007;753385;0xdeca;0xa107;0xb103;0xe1;16665;7;1955;124;5366;20
UL;82006007;33633;H;7;0xa107;0xb103;0xe1;16665;7;1955;124;5366;20
UF;82006067;753386;0xdeca;0xb102;0xa101;0xe0;20994;7;2384;122;7407;12
UF;82006194;753387;0xdeca;0xb103;0xa100;0xe0;19533;7;2146;120;7020;12
UF;82006206;753388;0xdeca;0xa103;0xb103;0xe1;18097;7;2123;124;2411;20
UL;82006206;33634;D;3;0xa103;0xb103;0xe1;18097;7;2123;124;2411;20
UF;82006266;753389;0xdeca;0xb102;0xa101;0xe0;19963;7;2230;121;7524;12
UF;82006279;753390;0xdeca;0xa104;0xb102;0xe1;16556;7;1819;120;5397;20
UL;82006279;33635;E;4;0xa104;0xb102;0xe1;16556;7;1819;120;5397;20
UF;82006396;753391;0xdeca;0xb103;0xa104;0xe0;20412;7;2318;122;6870;12
UF;82006408;753392;0xdeca;0xa100;0xb101;0xe1;19259;7;2223;123;2010;20
UL;82006408;33636;A;0;0xa100;0xb101;0xe1;19259;7;2223;123;2010;20
UF;82006468;753393;0xdeca;0xb102;0xa101;0xe0;19557;7;2113;119;7125;12
UF;82006595;753394;0xdeca;0xb103;0xa100;0xe0;20594;7;2455;125;5967;12
UF;82006608;753395;0xdeca;0xb101;0xa100;0xe0;17198;7;1827;118;7232;12
UF;82006667;753396;0xdeca;0xb102;0xa101;0xe0;17663;7;1973;121;7541;12
UF;82006679;753397;0xdeca;0xa106;0xb102;0xe1;17949;7;1972;120;3569;20
UL;82006679;33637;G;6;0xa106;0xb102;0xe1;17949;7;1972;120;3569;20
listener debug sel=A valid=1 age=383 level=7 good=753397 accepted=33637 badhdr=6 nonanchor=719754 toolong=0 rxerr=1669 rxen_fail=0 rxen_last=0 sys_status=0x00800002 sys_state=000505400b rx_finfo=0x0786c814 last_status=0x00810f02 last_len=20 pan=0xdeca dst=0xb102 src=0xa106 code=0xe1
UF;82006821;753398;0xdeca;0xb103;0xa104;0xe0;18728;7;2197;124;5719;12
UF;82006870;753399;0xdeca;0xb102;0xa101;0xe0;16642;7;1768;118;7076;12
uwb any-frame t=82006997 good=753400 len=12 fctrl=8841 pan=0xdeca dst=0xa100 src=0xb103 code=0xe0 q=20126 level=7 cir=2361 rxpacc=124 fp=4749/6888/6874
UF;82006997;753400;0xdeca;0xb103;0xa100;0xe0;20126;7;2361;124;4749;12
UF;82007069;753401;0xdeca;0xb102;0xa101;0xe0;16277;7;1700;117;690;12
UF;82007196;753402;0xdeca;0xb103;0xa104;0xe0;19870;7;2183;120;5833;12
UF;82007209;753403;0xdeca;0xa100;0xb101;0xe1;18506;7;2171;124;1948;20
UL;82007209;33638;A;0;0xa100;0xb101;0xe1;18506;7;2171;124;1948;20
listener anchor=A src=0xa100 code=0xe1 level=7 q=18506 cir=2171 rxpacc=124 fp=1948/7309/6859 frames=263
UF;82007267;753404;0xdeca;0xb102;0xa102;0xe0;18132;7;2093;123;7077;12
UF;82007394;753405;0xdeca;0xb103;0xa100;0xe0;19824;7;2178;120;5416;12
UF;82007407;753406;0xdeca;0xa103;0xb103;0xe1;16725;7;1807;119;4005;20
UL;82007407;33639;D;3;0xa103;0xb103;0xe1;16725;7;1807;119;4005;20
UF;82007467;753407;0xdeca;0xb102;0xa101;0xe0;18359;7;2017;120;7541;12
UF;82007479;753408;0xdeca;0xa106;0xb102;0xe1;18665;7;2085;121;3871;20
UL;82007479;33640;G;6;0xa106;0xb102;0xe1;18665;7;2085;121;3871;20
UF;82007596;753409;0xdeca;0xb103;0xa104;0xe0;18916;7;2113;121;5212;12
UF;82007609;753410;0xdeca;0xa102;0xb101;0xe1;17207;7;1828;118;7011;20
UL;82007609;33641;C;2;0xa102;0xb101;0xe1;17207;7;1828;118;7011;20
UF;82007669;753411;0xdeca;0xb102;0xa101;0xe0;17139;7;1883;120;7435;12
UF;82007795;753412;0xdeca;0xb103;0xa100;0xe0;20071;7;2242;121;5085;12
listener debug sel=A valid=1 age=586 level=7 good=753412 accepted=33641 badhdr=6 nonanchor=719765 toolong=0 rxerr=1669 rxen_fail=0 rxen_last=0 sys_status=0x00800002 sys_state=000505450b rx_finfo=0x0796c80c last_status=0x00810f02 last_len=12 pan=0xdeca dst=0xa100 src=0xb103 code=0xe0
UF;82007833;753413;0xdeca;0xb101;0xa100;0xe0;18836;7;2139;122;7209;12
UF;82007866;753414;0xdeca;0xb102;0xa101;0xe0;16624;7;1857;121;6979;12
UF;82007879;753415;0xdeca;0xa104;0xb102;0xe1;16976;7;1773;117;6993;20
UL;82007879;33642;E;4;0xa104;0xb102;0xe1;16976;7;1773;117;6993;20
UF;82007996;753416;0xdeca;0xb103;0xa104;0xe0;18747;7;1958;117;3220;12
UF;82008008;753417;0xdeca;0xa100;0xb101;0xe1;18519;7;2103;122;2554;20
UL;82008008;33643;A;0;0xa100;0xb101;0xe1;18519;7;2103;122;2554;20
UF;82008068;753418;0xdeca;0xb102;0xa101;0xe0;16677;7;1925;123;7561;12
UF;82008195;753419;0xdeca;0xb103;0xa100;0xe0;19344;7;2090;119;3756;12
UF;82008207;753420;0xdeca;0xb101;0xa100;0xe0;18961;7;2118;121;7137;12
UF;82008267;753421;0xdeca;0xb102;0xa101;0xe0;17791;7;1890;118;7131;12
UF;82008279;753422;0xdeca;0xa106;0xb102;0xe1;18106;7;2090;123;3734;20
UL;82008279;33644;G;6;0xa106;0xb102;0xe1;18106;7;2090;123;3734;20
UF;82008396;753423;0xdeca;0xb103;0xa104;0xe0;20279;7;2228;120;5537;12
UF;82008409;753424;0xdeca;0xa100;0xb101;0xe1;18652;7;1948;117;2683;20
UL;82008409;33645;A;0;0xa100;0xb101;0xe1;18652;7;1948;117;2683;20
listener anchor=A src=0xa100 code=0xe1 level=7 q=18652 cir=1948 rxpacc=117 fp=2683/6681/6481 frames=265
UF;82008467;753425;0xdeca;0xb102;0xa101;0xe0;19824;7;2106;118;7134;12
UF;82008594;753426;0xdeca;0xb103;0xa100;0xe0;21161;7;2248;118;6198;12
UF;82008607;753427;0xdeca;0xb101;0xa100;0xe0;19063;7;1991;117;7228;12
UF;82008667;753428;0xdeca;0xb102;0xa101;0xe0;18125;7;1893;117;7131;12
UF;82008793;753429;0xdeca;0xb103;0xa104;0xe0;19278;7;2048;118;5313;12
UF;82008806;753430;0xdeca;0xa107;0xb103;0xe1;18286;7;2009;120;6021;20
UL;82008806;33646;H;7;0xa107;0xb103;0xe1;18286;7;2009;120;6021;20
listener debug sel=A valid=1 age=397 level=7 good=753430 accepted=33646 badhdr=6 nonanchor=719778 toolong=0 rxerr=1670 rxen_fail=0 rxen_last=0 sys_status=0x00800002 sys_state=000505450b rx_finfo=0x0786c814 last_status=0x04800102 last_len=20 pan=0xdeca dst=0xb103 src=0xa107 code=0xe1
UF;82008865;753431;0xdeca;0xb102;0xa102;0xe0;19930;7;2338;124;7074;12
UF;82008877;753432;0xdeca;0xb102;0xa106;0xe0;19492;7;2106;119;7004;12
UF;82008994;753433;0xdeca;0xb103;0xa100;0xe0;20878;7;2218;118;7162;12
UF;82009006;753434;0xdeca;0xa103;0xb103;0xe1;18428;7;1991;119;2422;20
UL;82009006;33647;D;3;0xa103;0xb103;0xe1;18428;7;1991;119;2422;20
UF;82009066;753435;0xdeca;0xb102;0xa101;0xe0;16875;7;1885;121;1224;12
UF;82009079;753436;0xdeca;0xa106;0xb102;0xe1;18141;7;2094;123;5928;20
UL;82009079;33648;G;6;0xa106;0xb102;0xe1;18141;7;2094;123;5928;20
UF;82009196;753437;0xdeca;0xb103;0xa104;0xe0;17995;7;2111;124;1496;12
UF;82009208;753438;0xdeca;0xa102;0xb101;0xe1;17831;7;1959;120;7133;20
UL;82009208;33649;C;2;0xa102;0xb101;0xe1;17831;7;1959;120;7133;20
UF;82009268;753439;0xdeca;0xb102;0xa101;0xe0;16702;7;1835;120;1859;12
UF;82009395;753440;0xdeca;0xb103;0xa100;0xe0;20134;7;2362;124;1588;12
UF;82009407;753441;0xdeca;0xb101;0xa100;0xe0;20122;7;2174;119;7287;12
UF;82009467;753442;0xdeca;0xb102;0xa101;0xe0;18644;7;2152;123;4624;12
UF;82009593;753443;0xdeca;0xb103;0xa104;0xe0;20948;7;2340;121;4881;12
UF;82009606;753444;0xdeca;0xa107;0xb103;0xe1;17019;7;1808;118;4909;20
UL;82009606;33650;H;7;0xa107;0xb103;0xe1;17019;7;1808;118;4909;20
UF;82009666;753445;0xdeca;0xb102;0xa101;0xe0;19417;7;2205;122;7387;12
UF;82009679;753446;0xdeca;0xa104;0xb102;0xe1;18146;7;2027;121;7227;20
UL;82009679;33651;E;4;0xa104;0xb102;0xe1;18146;7;2027;121;7227;20
UF;82009796;753447;0xdeca;0xb103;0xa100;0xe0;20011;7;2162;119;6470;12
UF;82009808;753448;0xdeca;0xa100;0xb101;0xe1;19120;7;2207;123;4657;20
UL;82009808;33652;A;0;0xa100;0xb101;0xe1;19120;7;2207;123;4657;20
listener anchor=A src=0xa100 code=0xe1 level=7 q=19120 cir=2207 rxpacc=123 fp=4657/7135/5495 frames=266
listener debug sel=A valid=1 age=0 level=7 good=753448 accepted=33652 badhdr=6 nonanchor=719790 toolong=0 rxerr=1670 rxen_fail=0 rxen_last=0 sys_status=0x00800002 sys_state=000505480b rx_finfo=0x07b6c814 last_status=0x04800102 last_len=20 pan=0xdeca dst=0xb101 src=0xa100 code=0xe1
UF;82009866;753449;0xdeca;0xb102;0xa101;0xe0;18384;7;1953;118;7209;12
uwb any-frame t=82009878 good=753450 len=20 fctrl=8841 pan=0xdeca dst=0xb102 src=0xa106 code=0xe1 q=18323 level=7 cir=2115 rxpacc=123 fp=4728/7390/6123
UF;82009878;753450;0xdeca;0xa106;0xb102;0xe1;18323;7;2115;123;4728;20
UL;82009878;33653;G;6;0xa106;0xb102;0xe1;18323;7;2115;123;4728;20
UF;82009998;753451;0xdeca;0xb103;0xa104;0xe0;20612;7;2227;119;6287;12
UF;82010011;753452;0xdeca;0xa102;0xb101;0xe1;17373;7;1877;119;7058;20
UL;82010011;33654;C;2;0xa102;0xb101;0xe1;17373;7;1877;119;7058;20
UF;82010065;753453;0xdeca;0xb102;0xa101;0xe0;18850;7;2071;120;7073;12
UF;82010078;753454;0xdeca;0xb102;0xa106;0xe0;18218;7;2035;121;6968;12
UF;82010194;753455;0xdeca;0xb103;0xa100;0xe0;19344;7;2090;119;4618;12
UF;82010207;753456;0xdeca;0xa103;0xb103;0xe1;15209;7;706;78;1418;20
UL;82010207;33655;D;3;0xa103;0xb103;0xe1;15209;7;706;78;1418;20
UF;82010266;753457;0xdeca;0xb102;0xa101;0xe0;22146;8;2313;117;7096;12
UF;82010279;753458;0xdeca;0xa106;0xb102;0xe1;16869;7;1979;124;5170;20
UL;82010279;33656;G;6;0xa106;0xb102;0xe1;16869;7;1979;124;5170;20
UF;82010396;753459;0xdeca;0xb103;0xa104;0xe0;19265;7;2260;124;6694;12
UF;82010409;753460;0xdeca;0xa100;0xb101;0xe1;16997;7;1994;124;4756;20
UL;82010409;33657;A;0;0xa100;0xb101;0xe1;16997;7;1994;124;4756;20
UF;82010468;753461;0xdeca;0xb102;0xa102;0xe0;16028;7;1674;117;6739;12
UF;82010595;753462;0xdeca;0xb103;0xa100;0xe0;19631;7;2121;119;6803;12
UF;82010608;753463;0xdeca;0xb101;0xa102;0xe0;18393;7;1954;118;6821;12
UF;82010667;753464;0xdeca;0xb102;0xa101;0xe0;21515;7;2524;124;7491;12
UF;82010794;753465;0xdeca;0xb103;0xa104;0xe0;20075;7;2355;124;7286;12
UF;82010806;753466;0xdeca;0xa107;0xb103;0xe1;18730;7;2162;123;6867;20
UL;82010806;33658;H;7;0xa107;0xb103;0xe1;18730;7;2162;123;6867;20
listener debug sel=A valid=1 age=416 level=7 good=753466 accepted=33658 badhdr=6 nonanchor=719802 toolong=0 rxerr=1670 rxen_fail=0 rxen_last=0 sys_status=0x00800002 sys_state=000505430b rx_finfo=0x07b6c814 last_status=0x04800102 last_len=20 pan=0xdeca dst=0xb103 src=0xa107 code=0xe1
UF;82010870;753467;0xdeca;0xb102;0xa101;0xe0;18384;7;2122;123;7501;12
UF;82010997;753468;0xdeca;0xb103;0xa100;0xe0;20289;7;2119;117;3979;12
UF;82011010;753469;0xdeca;0xb101;0xa100;0xe0;19476;7;2069;118;7044;12
UF;82011069;753470;0xdeca;0xb102;0xa101;0xe0;17036;7;1903;121;6228;12
UF;82011196;753471;0xdeca;0xb103;0xa104;0xe0;20603;7;2226;119;5287;12
UF;82011208;753472;0xdeca;0xb101;0xa100;0xe0;17522;7;1830;117;7251;12
UF;82011267;753473;0xdeca;0xb102;0xa101;0xe0;16057;7;1677;117;1492;12
UF;82011394;753474;0xdeca;0xb103;0xa100;0xe0;18665;7;2085;121;4135;12
UF;82011407;753475;0xdeca;0xa103;0xb103;0xe1;17682;7;2008;122;5328;20
UL;82011407;33659;D;3;0xa103;0xb103;0xe1;17682;7;2008;122;5328;20
UF;82011466;753476;0xdeca;0xb102;0xa101;0xe0;17913;7;1968;120;7494;12
UF;82011479;753477;0xdeca;0xa106;0xb102;0xe1;15666;7;221;43;1333;20
UL;82011479;33660;G;6;0xa106;0xb102;0xe1;15666;7;221;43;1333;20
UF;82011596;753478;0xdeca;0xb103;0xa104;0xe0;19664;7;2089;118;5203;12
UF;82011608;753479;0xdeca;0xb101;0xa100;0xe0;17217;7;1340;101;6318;12
UF;82011667;753480;0xdeca;0xb102;0xa101;0xe0;19537;7;2329;125;7417;12
UF;82011794;753481;0xdeca;0xb103;0xa100;0xe0;20229;7;2149;118;5383;12
UF;82011807;753482;0xdeca;0xa103;0xb103;0xe1;17758;7;1951;120;2736;20
UL;82011807;33661;D;3;0xa103;0xb103;0xe1;17758;7;1951;120;2736;20
listener debug sel=A valid=1 age=1416 level=7 good=753482 accepted=33661 badhdr=6 nonanchor=719815 toolong=0 rxerr=1670 rxen_fail=0 rxen_last=0 sys_status=0x00800002 sys_state=000505450b rx_finfo=0x0786c814 last_status=0x04800102 last_len=20 pan=0xdeca dst=0xb103 src=0xa103 code=0xe1
UF;82011866;753483;0xdeca;0xb102;0xa101;0xe0;18532;7;2174;124;7773;12
UF;82011878;753484;0xdeca;0xa106;0xb102;0xe1;17188;7;1826;118;4508;20
UL;82011878;33662;G;6;0xa106;0xb102;0xe1;17188;7;1826;118;4508;20
UF;82011995;753485;0xdeca;0xb103;0xa104;0xe0;19328;7;2231;123;6997;12
UF;82012007;753486;0xdeca;0xb101;0xa100;0xe0;17336;7;1873;119;7380;12
UF;82012067;753487;0xdeca;0xb102;0xa102;0xe0;16614;7;1795;119;7035;12
UF;82012079;753488;0xdeca;0xa106;0xb102;0xe1;17772;7;1888;118;3666;20
UL;82012079;33663;G;6;0xa106;0xb102;0xe1;17772;7;1888;118;3666;20
UF;82012196;753489;0xdeca;0xb103;0xa100;0xe0;19111;7;2242;124;6466;12
UF;82012208;753490;0xdeca;0xa102;0xb101;0xe1;17806;7;2022;122;7335;20
UL;82012208;33664;C;2;0xa102;0xb101;0xe1;17806;7;2022;122;7335;20
UF;82012268;753491;0xdeca;0xb102;0xa101;0xe0;19688;7;2163;120;7241;12
UF;82012394;753492;0xdeca;0xb103;0xa104;0xe0;19150;7;2069;119;4543;12
UF;82012407;753493;0xdeca;0xb101;0xa102;0xe0;19679;7;2162;120;6489;12
UF;82012466;753494;0xdeca;0xb102;0xa101;0xe0;19561;7;2043;117;6847;12
UF;82012478;753495;0xdeca;0xa106;0xb102;0xe1;18012;7;2012;121;3835;20
UL;82012478;33665;G;6;0xa106;0xb102;0xe1;18012;7;2012;121;3835;20
UF;82012595;753496;0xdeca;0xb103;0xa100;0xe0;21706;7;2267;117;5589;12
UF;82012608;753497;0xdeca;0xb101;0xa100;0xe0;16495;7;1607;113;6486;12
UF;82012667;753498;0xdeca;0xb102;0xa101;0xe0;18683;7;2087;121;7272;12
UF;82012679;753499;0xdeca;0xa104;0xb102;0xe1;17388;7;1816;117;6648;20
UL;82012679;33666;E;4;0xa104;0xb102;0xe1;17388;7;1816;117;6648;20
uwb any-frame t=82012796 good=753500 len=12 fctrl=8841 pan=0xdeca dst=0xa104 src=0xb103 code=0xe0 q=19740 level=7 cir=2205 rxpacc=121 fp=2748/7358/6730
UF;82012796;753500;0xdeca;0xb103;0xa104;0xe0;19740;7;2205;121;2748;12
listener debug sel=A valid=1 age=2418 level=7 good=753500 accepted=33666 badhdr=6 nonanchor=719828 toolong=0 rxerr=1670 rxen_fail=0 rxen_last=0 sys_status=0x00800002 sys_state=000505450b rx_finfo=0x0796c80c last_status=0x04800102 last_len=12 pan=0xdeca dst=0xa104 src=0xb103 code=0xe0
UF;82012867;753501;0xdeca;0xb102;0xa101;0xe0;19562;7;2258;123;6771;12
UF;82012993;753502;0xdeca;0xb103;0xa100;0xe0;19003;7;2158;122;4984;12
UF;82013006;753503;0xdeca;0xa103;0xb103;0xe1;17568;7;1995;122;4676;20
UL;82013006;33667;D;3;0xa103;0xb103;0xe1;17568;7;1995;122;4676;20
UF;82013066;753504;0xdeca;0xb102;0xa101;0xe0;18193;7;2066;122;2932;12
UF;82013078;753505;0xdeca;0xb102;0xa106;0xe0;17621;7;1872;118;647;12
UF;82013194;753506;0xdeca;0xb103;0xa104;0xe0;19659;7;2124;119;5949;12
UF;82013207;753507;0xdeca;0xb101;0xa100;0xe0;18387;7;2088;122;3727;12
UF;82013266;753508;0xdeca;0xb102;0xa101;0xe0;17000;7;1806;118;3032;12
UF;82013278;753509;0xdeca;0xb102;0xa106;0xe0;15604;7;1772;122;4911;12
UF;82013394;753510;0xdeca;0xb103;0xa100;0xe0;19465;7;2033;117;5022;12
UF;82013407;753511;0xdeca;0xa103;0xb103;0xe1;18773;7;2097;121;4172;20
UL;82013407;33668;D;3;0xa103;0xb103;0xe1;18773;7;2097;121;4172;20
UF;82013467;753512;0xdeca;0xb102;0xa101;0xe0;17904;7;1967;120;1786;12
UF;82013479;753513;0xdeca;0xa106;0xb102;0xe1;19014;7;2089;120;5593;20
UL;82013479;33669;G;6;0xa106;0xb102;0xe1;19014;7;2089;120;5593;20
UF;82013596;753514;0xdeca;0xb103;0xa104;0xe0;19829;7;2071;117;5972;12
UF;82013608;753515;0xdeca;0xb101;0xa100;0xe0;15880;7;1687;118;7063;12
UF;82013667;753516;0xdeca;0xb102;0xa102;0xe0;18696;7;2158;123;1292;12
UF;82013793;753517;0xdeca;0xb103;0xa100;0xe0;19100;7;2277;125;6956;12
UF;82013806;753518;0xdeca;0xa103;0xb103;0xe1;18361;7;2154;124;3755;20
UL;82013806;33670;D;3;0xa103;0xb103;0xe1;18361;7;2154;124;3755;20
listener debug sel=A valid=1 age=3421 level=7 good=753518 accepted=33670 badhdr=6 nonanchor=719842 toolong=0 rxerr=1670 rxen_fail=0 rxen_last=0 sys_status=0x00800002 sys_state=000505430b rx_finfo=0x07c6c814 last_status=0x04800102 last_len=20 pan=0xdeca dst=0xb103 src=0xa103 code=0xe1
UF;82013865;753519;0xdeca;0xb102;0xa101;0xe0;17188;7;1826;118;7348;12
UF;82013878;753520;0xdeca;0xb102;0xa106;0xe0;17205;7;1986;123;7501;12
UF;82013993;753521;0xdeca;0xb103;0xa104;0xe0;19615;7;2155;120;4642;12
UF;82014006;753522;0xdeca;0xb103;0xa107;0xe0;18670;7;1482;102;5701;12
UF;82014019;753523;0xdeca;0xa107;0xb101;0xe1;17382;7;1878;119;6221;20
UL;82014019;33671;H;7;0xa107;0xb101;0xe1;17382;7;1878;119;6221;20
UF;82014068;753524;0xdeca;0xb102;0xa101;0xe0;17448;7;1917;120;7360;12
UF;82014194;753525;0xdeca;0xb103;0xa100;0xe0;20296;7;2381;124;4379;12
UF;82014207;753526;0xdeca;0xa103;0xb103;0xe1;17382;7;1878;119;2133;20
UL;82014207;33672;D;3;0xa103;0xb103;0xe1;17382;7;1878;119;2133;20
UF;82014267;753527;0xdeca;0xb102;0xa101;0xe0;17151;7;1822;118;6917;12
UF;82014279;753528;0xdeca;0xa104;0xb102;0xe1;16833;7;1943;123;6093;20
UL;82014279;33673;E;4;0xa104;0xb102;0xe1;16833;7;1943;123;6093;20
UF;82014396;753529;0xdeca;0xb103;0xa104;0xe0;19856;7;2218;121;4709;12
UF;82014408;753530;0xdeca;0xa100;0xb101;0xe1;17358;7;1844;118;3853;20
UL;82014408;33674;A;0;0xa100;0xb101;0xe1;17358;7;1844;118;3853;20
listener anchor=A src=0xa100 code=0xe1 level=7 q=17358 cir=1844 rxpacc=118 fp=3853/6584/4564 frames=268
UF;82014467;753531;0xdeca;0xb102;0xa101;0xe0;20399;7;2393;124;7199;12
UF;82014480;753532;0xdeca;0xa104;0xb102;0xe1;17112;7;1880;120;7261;20
UL;82014480;33675;E;4;0xa104;0xb102;0xe1;17112;7;1880;120;7261;20
UF;82014597;753533;0xdeca;0xb103;0xa100;0xe0;19214;7;2254;124;6543;12
UF;82014609;753534;0xdeca;0xa100;0xb101;0xe1;18158;7;1929;118;4271;20
UL;82014609;33676;A;0;0xa100;0xb101;0xe1;18158;7;1929;118;4271;20
UF;82014669;753535;0xdeca;0xb102;0xa101;0xe0;20313;7;2383;124;7099;12
UF;82014796;753536;0xdeca;0xb103;0xa104;0xe0;19269;7;2117;120;6418;12
UF;82014808;753537;0xdeca;0xb101;0xa100;0xe0;17549;7;1896;119;6846;12
listener debug sel=A valid=1 age=222 level=7 good=753537 accepted=33676 badhdr=6 nonanchor=719855 toolong=0 rxerr=1670 rxen_fail=0 rxen_last=0 sys_status=0x00800002 sys_state=000505470b rx_finfo=0x0776c80c last_status=0x04800102 last_len=12 pan=0xdeca dst=0xa100 src=0xb101 code=0xe0
UF;82014867;753538;0xdeca;0xb102;0xa101;0xe0;18540;7;2140;123;6899;12
UF;82014879;753539;0xdeca;0xa106;0xb102;0xe1;18713;7;2160;123;3688;20
UL;82014879;33677;G;6;0xa106;0xb102;0xe1;18713;7;2160;123;3688;20
UF;82014996;753540;0xdeca;0xb103;0xa100;0xe0;19831;7;2252;122;4214;12
UF;82015009;753541;0xdeca;0xa100;0xb101;0xe1;16348;7;1887;123;3573;20
UL;82015009;33678;A;0;0xa100;0xb101;0xe1;16348;7;1887;123;3573;20
UF;82015069;753542;0xdeca;0xb102;0xa101;0xe0;18306;7;2113;123;5572;12
UF;82015195;753543;0xdeca;0xb103;0xa104;0xe0;19363;7;2092;119;7178;12
UF;82015208;753544;0xdeca;0xa100;0xb101;0xe1;18031;7;1981;120;2290;20
UL;82015208;33679;A;0;0xa100;0xb101;0xe1;18031;7;1981;120;2290;20
UF;82015268;753545;0xdeca;0xb102;0xa102;0xe0;18701;7;2089;121;1133;12
UF;82015394;753546;0xdeca;0xb103;0xa100;0xe0;20608;7;2302;121;6925;12
UF;82015407;753547;0xdeca;0xb101;0xa102;0xe0;17621;7;1872;118;4876;12
UF;82015466;753548;0xdeca;0xb102;0xa101;0xe0;16009;7;1672;117;6996;12
UF;82015479;753549;0xdeca;0xa106;0xb102;0xe1;18692;7;2088;121;4930;20
UL;82015479;33680;G;6;0xa106;0xb102;0xe1;18692;7;2088;121;4930;20
uwb any-frame t=82015596 good=753550 len=12 fctrl=8841 pan=0xdeca dst=0xa104 src=0xb103 code=0xe0 q=19972 level=7 cir=2343 rxpacc=124 fp=4843/7174/6779
UF;82015596;753550;0xdeca;0xb103;0xa104;0xe0;19972;7;2343;124;4843;12
UF;82015668;753551;0xdeca;0xb102;0xa101;0xe0;19972;7;2268;122;7402;12
UF;82015795;753552;0xdeca;0xb103;0xa100;0xe0;20954;7;2498;125;6057;12
UF;82015808;753553;0xdeca;0xa100;0xb101;0xe1;17976;7;1975;120;2059;20
UL;82015808;33681;A;0;0xa100;0xb101;0xe1;17976;7;1975;120;2059;20
listener anchor=A src=0xa100 code=0xe1 level=7 q=17976 cir=1975 rxpacc=120 fp=2059/6462/5788 frames=272
listener debug sel=A valid=1 age=27 level=7 good=753553 accepted=33681 badhdr=6 nonanchor=719866 toolong=0 rxerr=1670 rxen_fail=0 rxen_last=0 sys_status=0x00800002 sys_state=000505460b rx_finfo=0x0786c814 last_status=0x04800102 last_len=20 pan=0xdeca dst=0xb101 src=0xa100 code=0xe1
UF;82015865;753554;0xdeca;0xb102;0xa101;0xe0;18306;7;2113;123;7352;12
UF;82015878;753555;0xdeca;0xb102;0xa104;0xe0;16759;7;1966;124;7281;12
UF;82015994;753556;0xdeca;0xb103;0xa104;0xe0;19697;7;2164;120;4634;12
UF;82016007;753557;0xdeca;0xa107;0xb103;0xe1;18173;7;2030;121;6038;20
UL;82016007;33682;H;7;0xa107;0xb103;0xe1;18173;7;2030;121;6038;20
UF;82016067;753558;0xdeca;0xb102;0xa101;0xe0;18987;7;1983;117;7247;12
UF;82016079;753559;0xdeca;0xa104;0xb102;0xe1;18149;7;1928;118;6832;20
UL;82016079;33683;E;4;0xa104;0xb102;0xe1;18149;7;1928;118;6832;20
UF;82016196;753560;0xdeca;0xb103;0xa100;0xe0;20937;7;2496;125;3813;12
UF;82016209;753561;0xdeca;0xa100;0xb101;0xe1;18406;7;2056;121;1747;20
UL;82016209;33684;A;0;0xa100;0xb101;0xe1;18406;7;2056;121;1747;20
UF;82016269;753562;0xdeca;0xb102;0xa101;0xe0;16429;7;1805;120;7235;12
UF;82016395;753563;0xdeca;0xb103;0xa104;0xe0;18961;7;2118;121;4224;12
UF;82016408;753564;0xdeca;0xa100;0xb101;0xe1;17798;7;1923;119;2432;20
UL;82016408;33685;A;0;0xa100;0xb101;0xe1;17798;7;1923;119;2432;20
UF;82016468;753565;0xdeca;0xb102;0xa101;0xe0;21754;7;2511;123;7576;12
UF;82016595;753566;0xdeca;0xb103;0xa100;0xe0;20729;7;2354;122;7082;12
UF;82016607;753567;0xdeca;0xb101;0xa100;0xe0;18746;7;2094;121;7541;12
UF;82016667;753568;0xdeca;0xb102;0xa101;0xe0;19769;7;2245;122;7252;12
UF;82016679;753569;0xdeca;0xa106;0xb102;0xe1;17654;7;1972;121;5179;20
UL;82016679;33686;G;6;0xa106;0xb102;0xe1;17654;7;1972;121;5179;20
UF;82016796;753570;0xdeca;0xb103;0xa104;0xe0;19650;7;2195;121;5358;12
UF;82016809;753571;0xdeca;0xa100;0xb101;0xe1;18438;7;2163;124;3699;20
UL;82016809;33687;A;0;0xa100;0xb101;0xe1;18438;7;2163;124;3699;20
listener anchor=A src=0xa100 code=0xe1 level=7 q=18438 cir=2163 rxpacc=124 fp=3699/6830/5408 frames=275
listener debug sel=A valid=1 age=27 level=7 good=753571 accepted=33687 badhdr=6 nonanchor=719878 toolong=0 rxerr=1670 rxen_fail=0 rxen_last=0 sys_status=0x00800002 sys_state=000505470b rx_finfo=0x07c6c814 last_status=0x04800102 last_len=20 pan=0xdeca dst=0xb101 src=0xa100 code=0xe1
UF;82016866;753572;0xdeca;0xb102;0xa102;0xe0;21370;7;2507;124;7687;12
UF;82016879;753573;0xdeca;0xa106;0xb102;0xe1;19094;7;2063;119;3106;20
UL;82016879;33688;G;6;0xa106;0xb102;0xe1;19094;7;2063;119;3106;20
UF;82016996;753574;0xdeca;0xb103;0xa100;0xe0;18607;7;2113;122;4909;12
UF;82017008;753575;0xdeca;0xa102;0xb101;0xe1;18457;7;2096;122;6964;20
UL;82017008;33689;C;2;0xa102;0xb101;0xe1;18457;7;2096;122;6964;20
UF;82017068;753576;0xdeca;0xb102;0xa101;0xe0;19256;7;2259;124;6968;12
UF;82017195;753577;0xdeca;0xb103;0xa104;0xe0;19461;7;2210;122;5658;12
UF;82017208;753578;0xdeca;0xb101;0xa102;0xe0;20100;7;2358;124;2586;12
UF;82017267;753579;0xdeca;0xb102;0xa101;0xe0;15692;7;1724;120;795;12
UF;82017279;753580;0xdeca;0xa106;0xb102;0xe1;17522;7;1830;117;3116;20
UL;82017279;33690;G;6;0xa106;0xb102;0xe1;17522;7;1830;117;3116;20
UF;82017396;753581;0xdeca;0xb103;0xa100;0xe0;18881;7;2040;119;4406;12
UF;82017409;753582;0xdeca;0xa100;0xb101;0xe1;18719;7;2091;121;2878;20
UL;82017409;33691;A;0;0xa100;0xb101;0xe1;18719;7;2091;121;2878;20
UF;82017469;753583;0xdeca;0xb102;0xa101;0xe0;16873;7;1823;119;2313;12
UF;82017596;753584;0xdeca;0xb103;0xa104;0xe0;18427;7;2127;123;3428;12
UF;82017608;753585;0xdeca;0xb101;0xa100;0xe0;17189;7;1952;122;7462;12
UF;82017667;753586;0xdeca;0xb102;0xa101;0xe0;17502;7;1891;119;5738;12
UF;82017794;753587;0xdeca;0xb103;0xa100;0xe0;19299;7;2264;124;3323;12
UF;82017807;753588;0xdeca;0xa103;0xb103;0xe1;16911;7;1858;120;4026;20
UL;82017807;33692;D;3;0xa103;0xb103;0xe1;16911;7;1858;120;4026;20
listener debug sel=A valid=1 age=432 level=7 good=753588 accepted=33692 badhdr=6 nonanchor=719890 toolong=0 rxerr=1670 rxen_fail=0 rxen_last=0 sys_status=0x00800002 sys_state=000505470b rx_finfo=0x0786c814 last_status=0x04800102 last_len=20 pan=0xdeca dst=0xb103 src=0xa103 code=0xe1
UF;82017871;753589;0xdeca;0xb102;0xa101;0xe0;19007;7;2194;123;7442;12
UF;82017998;753590;0xdeca;0xb103;0xa104;0xe0;19337;7;2160;121;2577;12
UF;82018010;753591;0xdeca;0xb101;0xa100;0xe0;17533;7;1991;122;7147;12
UF;82018069;753592;0xdeca;0xb102;0xa101;0xe0;19396;7;2131;120;7445;12
UF;82018196;753593;0xdeca;0xb103;0xa100;0xe0;20465;7;2324;122;4897;12
UF;82018209;753594;0xdeca;0xa100;0xb101;0xe1;17886;7;1868;117;2440;20
UL;82018209;33693;A;0;0xa100;0xb101;0xe1;17886;7;1868;117;2440;20
listener anchor=A src=0xa100 code=0xe1 level=7 q=17886 cir=1868 rxpacc=117 fp=2440/6618/5353 frames=277
UF;82018267;753595;0xdeca;0xb102;0xa101;0xe0;21408;7;2352;120;7296;12
UF;82018394;753596;0xdeca;0xb103;0xa104;0xe0;19432;7;2243;123;6791;12
UF;82018407;753597;0xdeca;0xa107;0xb103;0xe1;16801;7;1971;124;5857;20
UL;82018407;33694;H;7;0xa107;0xb103;0xe1;16801;7;1971;124;5857;20
UF;82018466;753598;0xdeca;0xb102;0xa102;0xe0;19344;7;2090;119;7039;12
UF;82018479;753599;0xdeca;0xa106;0xb102;0xe1;17349;7;1812;117;5498;20
UL;82018479;33695;G;6;0xa106;0xb102;0xe1;17349;7;1812;117;5498;20
uwb any-frame t=82018596 good=753600 len=12 fctrl=8841 pan=0xdeca dst=0xa100 src=0xb103 code=0xe0 q=18340 level=7 cir=2015 rxpacc=120 fp=7057/7093/4530
UF;82018596;753600;0xdeca;0xb103;0xa100;0xe0;18340;7;2015;120;7057;12
UF;82018669;753601;0xdeca;0xb102;0xa101;0xe0;18349;7;2118;123;7490;12
UF;82018795;753602;0xdeca;0xb103;0xa104;0xe0;19657;7;2053;117;6628;12
UF;82018808;753603;0xdeca;0xb101;0xa102;0xe0;21195;7;2290;119;7140;12
listener debug sel=A valid=1 age=632 level=7 good=753603 accepted=33695 badhdr=6 nonanchor=719902 toolong=0 rxerr=1670 rxen_fail=0 rxen_last=0 sys_status=0x00800002 sys_state=000505440b rx_finfo=0x0776c80c last_status=0x04800102 last_len=12 pan=0xdeca dst=0xa102 src=0xb101 code=0xe0
UF;82018871;753604;0xdeca;0xb102;0xa101;0xe0;18766;7;2131;122;4505;12
UF;82018993;753605;0xdeca;0xb103;0xa100;0xe0;19354;7;2234;123;4965;12
UF;82019005;753606;0xdeca;0xb103;0xa103;0xe0;20361;7;2163;118;4699;12
UF;82019070;753607;0xdeca;0xb102;0xa101;0xe0;17508;7;1860;118;3647;12
UF;82019196;753608;0xdeca;0xb103;0xa104;0xe0;19796;7;2103;118;4841;12
UF;82019209;753609;0xdeca;0xa100;0xb101;0xe1;18478;7;1963;118;1960;20
UL;82019209;33696;A;0;0xa100;0xb101;0xe1;18478;7;1963;118;1960;20
listener anchor=A src=0xa100 code=0xe1 level=7 q=18478 cir=1963 rxpacc=118 fp=1960/6687/5915 frames=278
UF;82019268;753610;0xdeca;0xb102;0xa101;0xe0;17143;7;1915;121;7172;12
UF;82019394;753611;0xdeca;0xb103;0xa100;0xe0;18805;7;2066;120;5811;12
UF;82019407;753612;0xdeca;0xb101;0xa100;0xe0;17279;7;2027;124;6763;12
UF;82019466;753613;0xdeca;0xb102;0xa101;0xe0;19103;7;2241;124;6310;12
UF;82019479;753614;0xdeca;0xa106;0xb102;0xe1;19250;7;2222;123;3475;20
UL;82019479;33697;G;6;0xa106;0xb102;0xe1;19250;7;2222;123;3475;20
UF;82019596;753615;0xdeca;0xb103;0xa104;0xe0;18826;7;2034;119;4903;12
UF;82019608;753616;0xdeca;0xb101;0xa100;0xe0;19405;7;2132;120;7286;12
UF;82019667;753617;0xdeca;0xb102;0xa101;0xe0;18004;7;1978;120;7503;12
UF;82019794;753618;0xdeca;0xb103;0xa100;0xe0;19297;7;2050;118;6755;12
UF;82019807;753619;0xdeca;0xa103;0xb103;0xe1;16000;7;1817;122;3560;20
UL;82019807;33698;D;3;0xa103;0xb103;0xe1;16000;7;1817;122;3560;20
listener debug sel=A valid=1 age=632 level=7 good=753619 accepted=33698 badhdr=6 nonanchor=719915 toolong=0 rxerr=1670 rxen_fail=0 rxen_last=0 sys_status=0x00800002 sys_state=000505480b rx_finfo=0x07a6c814 last_status=0x04800102 last_len=20 pan=0xdeca dst=0xb103 src=0xa103 code=0xe1
UF;82019871;753620;0xdeca;0xb102;0xa101;0xe0;18011;7;1946;119;7339;12
UF;82019998;753621;0xdeca;0xb103;0xa104;0xe0;20710;7;2163;117;4785;12
UF;82020010;753622;0xdeca;0xb101;0xa102;0xe0;19881;7;2112;118;6995;12
UF;82020069;753623;0xdeca;0xb102;0xa102;0xe0;17671;7;2073;124;7393;12
UF;82020196;753624;0xdeca;0xb103;0xa100;0xe0;19928;7;2226;121;4535;12
UF;82020209;753625;0xdeca;0xb101;0xa102;0xe0;19483;7;2105;119;7502;12
UF;82020268;753626;0xdeca;0xb102;0xa101;0xe0;17567;7;1898;119;7107;12
UF;82020395;753627;0xdeca;0xb103;0xa104;0xe0;19819;7;2325;124;5429;12
UF;82020407;753628;0xdeca;0xb101;0xa102;0xe0;17260;7;1928;121;7185;12
UF;82020466;753629;0xdeca;0xb102;0xa101;0xe0;19171;7;2249;124;7550;12
UF;82020479;753630;0xdeca;0xa106;0xb102;0xe1;18515;7;2172;124;4022;20
UL;82020479;33699;G;6;0xa106;0xb102;0xe1;18515;7;2172;124;4022;20
UF;82020596;753631;0xdeca;0xb103;0xa100;0xe0;20668;7;2347;122;5581;12
UF;82020609;753632;0xdeca;0xa100;0xb101;0xe1;17857;7;1897;118;5395;20
UL;82020609;33700;A;0;0xa100;0xb101;0xe1;17857;7;1897;118;5395;20
listener anchor=A src=0xa100 code=0xe1 level=7 q=17857 cir=1897 rxpacc=118 fp=5395/5733/6726 frames=279
UF;82020667;753633;0xdeca;0xb102;0xa101;0xe0;17958;7;2006;121;5859;12
UF;82020680;753634;0xdeca;0xa104;0xb102;0xe1;18413;7;2023;120;7123;20
UL;82020680;33701;E;4;0xa104;0xb102;0xe1;18413;7;2023;120;7123;20
UF;82020797;753635;0xdeca;0xb103;0xa104;0xe0;19178;7;2003;117;5490;12
UF;82020809;753636;0xdeca;0xb101;0xa102;0xe0;17517;7;2055;124;6401;12
listener debug sel=A valid=1 age=234 level=7 good=753636 accepted=33701 badhdr=6 nonanchor=719929 toolong=0 rxerr=1670 rxen_fail=0 rxen_last=0 sys_status=0x00800002 sys_state=000505410b rx_finfo=0x07c6c80c last_status=0x04800102 last_len=12 pan=0xdeca dst=0xa102 src=0xb101 code=0xe0
UF;82020873;753637;0xdeca;0xb102;0xa101;0xe0;18479;7;1930;117;6623;12
UF;82020994;753638;0xdeca;0xb103;0xa100;0xe0;18975;7;2262;125;6405;12
UF;82021007;753639;0xdeca;0xa103;0xb103;0xe1;17161;7;1917;121;3543;20
UL;82021007;33702;D;3;0xa103;0xb103;0xe1;17161;7;1917;121;3543;20
UF;82021067;753640;0xdeca;0xb102;0xa101;0xe0;17002;7;1868;120;3652;12
UF;82021193;753641;0xdeca;0xb103;0xa104;0xe0;20492;7;2327;122;5230;12
UF;82021206;753642;0xdeca;0xb103;0xa107;0xe0;19042;7;2198;123;3661;12
UF;82021218;753643;0xdeca;0xb101;0xa107;0xe0;19159;7;2001;117;6497;12
UF;82021267;753644;0xdeca;0xb102;0xa101;0xe0;18080;7;2087;123;977;12
UF;82021394;753645;0xdeca;0xb103;0xa100;0xe0;20903;7;2335;121;4689;12
UF;82021407;753646;0xdeca;0xa103;0xb103;0xe1;17474;7;2017;123;1906;20
UL;82021407;33703;D;3;0xa103;0xb103;0xe1;17474;7;2017;123;1906;20
UF;82021466;753647;0xdeca;0xb102;0xa101;0xe0;18395;7;2158;124;7648;12
UF;82021479;753648;0xdeca;0xa106;0xb102;0xe1;18365;7;1951;118;4264;20
UL;82021479;33704;G;6;0xa106;0xb102;0xe1;18365;7;1951;118;4264;20
UF;82021596;753649;0xdeca;0xb103;0xa104;0xe0;19020;7;2055;119;5009;12
uwb any-frame t=82021609 good=753650 len=12 fctrl=8841 pan=0xdeca dst=0xa100 src=0xb101 code=0xe0 q=17289 level=7 cir=1868 rxpacc=119 fp=7231/7180/6882
UF;82021609;753650;0xdeca;0xb101;0xa100;0xe0;17289;7;1868;119;7231;12
UF;82021666;753651;0xdeca;0xb102;0xa102;0xe0;18074;7;2019;121;7258;12
UF;82021678;753652;0xdeca;0xb102;0xa106;0xe0;20030;7;686;67;3791;12
UF;82021794;753653;0xdeca;0xb103;0xa100;0xe0;18711;7;2195;124;6413;12
UF;82021807;753654;0xdeca;0xa103;0xb103;0xe1;16536;7;1727;117;2916;20
UL;82021807;33705;D;3;0xa103;0xb103;0xe1;16536;7;1727;117;2916;20
listener debug sel=A valid=1 age=1237 level=7 good=753654 accepted=33705 badhdr=6 nonanchor=719943 toolong=0 rxerr=1670 rxen_fail=0 rxen_last=0 sys_status=0x00800002 sys_state=000505440b rx_finfo=0x0756c814 last_status=0x04800102 last_len=20 pan=0xdeca dst=0xb103 src=0xa103 code=0xe1
UF;82021876;753655;0xdeca;0xb102;0xa101;0xe0;17345;7;1874;119;7392;12
UF;82021998;753656;0xdeca;0xb103;0xa104;0xe0;21690;7;2383;120;6703;12
UF;82022010;753657;0xdeca;0xb101;0xa100;0xe0;18723;7;2057;120;7285;12
UF;82022069;753658;0xdeca;0xb102;0xa101;0xe0;21952;7;2332;118;7137;12
UF;82022196;753659;0xdeca;0xb103;0xa100;0xe0;19972;7;2268;122;5826;12
UF;82022208;753660;0xdeca;0xa100;0xb101;0xe1;19345;7;2233;123;2011;20
UL;82022208;33706;A;0;0xa100;0xb101;0xe1;19345;7;2233;123;2011;20
listener anchor=A src=0xa100 code=0xe1 level=7 q=19345 cir=2233 rxpacc=123 fp=2011/7393/6639 frames=280
UF;82022267;753661;0xdeca;0xb102;0xa101;0xe0;18923;7;2079;120;7046;12
UF;82022394;753662;0xdeca;0xb103;0xa104;0xe0;20536;7;2332;122;6457;12
UF;82022406;753663;0xdeca;0xa107;0xb103;0xe1;17555;7;1865;118;5676;20
UL;82022406;33707;H;7;0xa107;0xb103;0xe1;17555;7;1865;118;5676;20
UF;82022466;753664;0xdeca;0xb102;0xa101;0xe0;18743;7;2025;119;6545;12
UF;82022598;753665;0xdeca;0xb103;0xa100;0xe0;20995;7;2463;124;5731;12
UF;82022611;753666;0xdeca;0xb103;0xa103;0xe0;19316;7;2087;119;6013;12
UF;82022623;753667;0xdeca;0xa107;0xb101;0xe1;18325;7;2081;122;6129;20
UL;82022623;33708;H;7;0xa107;0xb101;0xe1;18325;7;2081;122;6129;20
UF;82022668;753668;0xdeca;0xb102;0xa101;0xe0;18689;7;2228;125;7457;12
UF;82022794;753669;0xdeca;0xb103;0xa104;0xe0;20059;7;2095;117;6466;12
UF;82022807;753670;0xdeca;0xb101;0xa100;0xe0;21090;7;2395;122;7216;12
listener debug sel=A valid=1 age=643 level=7 good=753670 accepted=33708 badhdr=6 nonanchor=719956 toolong=0 rxerr=1670 rxen_fail=0 rxen_last=0 sys_status=0x00800002 sys_state=000505400b rx_finfo=0x07a6c80c last_status=0x04800102 last_len=12 pan=0xdeca dst=0xa100 src=0xb101 code=0xe0
UF;82022881;753671;0xdeca;0xb102;0xa101;0xe0;18406;7;2056;121;7321;12
UF;82022997;753672;0xdeca;0xb103;0xa100;0xe0;19446;7;2031;117;7002;12
UF;82023010;753673;0xdeca;0xb101;0xa102;0xe0;19699;7;2237;122;7473;12
UF;82023069;753674;0xdeca;0xb102;0xa101;0xe0;19276;7;2189;122;7461;12
UF;82023196;753675;0xdeca;0xb103;0xa104;0xe0;19091;7;2168;122;7051;12
UF;82023208;753676;0xdeca;0xb101;0xa100;0xe0;17725;7;1883;118;6899;12
UF;82023267;753677;0xdeca;0xb102;0xa102;0xe0;17216;7;1955;122;7281;12
UF;82023280;753678;0xdeca;0xa106;0xb102;0xe1;17596;7;1595;109;5512;20
UL;82023280;33709;G;6;0xa106;0xb102;0xe1;17596;7;1595;109;5512;20
UF;82023397;753679;0xdeca;0xb103;0xa100;0xe0;19597;7;2262;123;6256;12
UF;82023409;753680;0xdeca;0xa102;0xb101;0xe1;17028;7;1809;118;6917;20
UL;82023409;33710;C;2;0xa102;0xb101;0xe1;17028;7;1809;118;6917;20
UF;82023469;753681;0xdeca;0xb102;0xa101;0xe0;17628;7;2068;124;7669;12
UF;82023596;753682;0xdeca;0xb103;0xa104;0xe0;19068;7;2130;121;4726;12
UF;82023609;753683;0xdeca;0xb101;0xa102;0xe0;21751;7;2470;122;7442;12
UF;82023668;753684;0xdeca;0xb102;0xa101;0xe0;17979;7;1910;118;7034;12
UF;82023794;753685;0xdeca;0xb103;0xa100;0xe0;20148;7;2288;122;3887;12
UF;82023807;753686;0xdeca;0xa103;0xb103;0xe1;18589;7;2216;125;3297;20
UL;82023807;33711;D;3;0xa103;0xb103;0xe1;18589;7;2216;125;3297;20
listener debug sel=A valid=1 age=1643 level=7 good=753686 accepted=33711 badhdr=6 nonanchor=719969 toolong=0 rxerr=1670 rxen_fail=0 rxen_last=0 sys_status=0x00800002 sys_state=000505470b rx_finfo=0x07d6c814 last_status=0x04800102 last_len=20 pan=0xdeca dst=0xb103 src=0xa103 code=0xe1
UF;82023881;753687;0xdeca;0xb102;0xa101;0xe0;19212;7;2041;118;7241;12
UF;82023997;753688;0xdeca;0xb103;0xa104;0xe0;19462;7;2174;121;4773;12
UF;82024010;753689;0xdeca;0xb101;0xa102;0xe0;19202;7;2145;121;6748;12
UF;82024069;753690;0xdeca;0xb102;0xa101;0xe0;20860;7;2216;118;6990;12
UF;82024195;753691;0xdeca;0xb103;0xa100;0xe0;20862;7;2254;119;6597;12
UF;82024207;753692;0xdeca;0xb101;0xa100;0xe0;18800;7;2170;123;6782;12
UF;82024267;753693;0xdeca;0xb102;0xa101;0xe0;21663;7;2460;122;6924;12
UF;82024279;753694;0xdeca;0xa106;0xb102;0xe1;17779;7;2019;122;3433;20
UL;82024279;33712;G;6;0xa106;0xb102;0xe1;17779;7;2019;122;3433;20
UF;82024396;753695;0xdeca;0xb103;0xa104;0xe0;20930;7;2186;117;6234;12
UF;82024408;753696;0xdeca;0xa100;0xb101;0xe1;18582;7;1974;118;2497;20
UL;82024408;33713;A;0;0xa100;0xb101;0xe1;18582;7;1974;118;2497;20
listener anchor=A src=0xa100 code=0xe1 level=7 q=18582 cir=1974 rxpacc=118 fp=2497/6778/6618 frames=281
UF;82024467;753697;0xdeca;0xb102;0xa101;0xe0;17539;7;1927;120;7162;12
UF;82024594;753698;0xdeca;0xb103;0xa100;0xe0;18911;7;2009;118;6498;12
UF;82024606;753699;0xdeca;0xa103;0xb103;0xe1;17480;7;1985;122;4354;20
UL;82024606;33714;D;3;0xa103;0xb103;0xe1;17480;7;1985;122;4354;20
uwb any-frame t=82024666 good=753700 len=12 fctrl=8841 pan=0xdeca dst=0xa101 src=0xb102 code=0xe0 q=19052 level=7 cir=2024 rxpacc=118 fp=2744/7226/6746
UF;82024666;753700;0xdeca;0xb102;0xa101;0xe0;19052;7;2024;118;2744;12
UF;82024796;753701;0xdeca;0xb103;0xa104;0xe0;21399;7;2430;122;6367;12
UF;82024808;753702;0xdeca;0xa100;0xb101;0xe1;19525;7;2181;121;3951;20
UL;82024808;33715;A;0;0xa100;0xb101;0xe1;19525;7;2181;121;3951;20
listener debug sel=A valid=1 age=45 level=7 good=753702 accepted=33715 badhdr=6 nonanchor=719981 toolong=0 rxerr=1670 rxen_fail=0 rxen_last=0 sys_status=0x00800002 sys_state=000505400b rx_finfo=0x0796c814 last_status=0x04800102 last_len=20 pan=0xdeca dst=0xb101 src=0xa100 code=0xe1
UF;82024883;753703;0xdeca;0xb102;0xa102;0xe0;17697;7;1912;119;2191;12
UF;82024994;753704;0xdeca;0xb103;0xa100;0xe0;19642;7;2158;120;7185;12
UF;82025006;753705;0xdeca;0xa103;0xb103;0xe1;17381;7;2039;124;3944;20
UL;82025006;33716;D;3;0xa103;0xb103;0xe1;17381;7;2039;124;3944;20
UF;82025066;753706;0xdeca;0xb102;0xa101;0xe0;17121;7;2041;125;3136;12
UF;82025079;753707;0xdeca;0xa106;0xb102;0xe1;17574;7;1867;118;4095;20
UL;82025079;33717;G;6;0xa106;0xb102;0xe1;17574;7;1867;118;4095;20
UF;82025196;753708;0xdeca;0xb103;0xa104;0xe0;19122;7;2136;121;6785;12
UF;82025209;753709;0xdeca;0xa102;0xb101;0xe1;17386;7;1847;118;6747;20
UL;82025209;33718;C;2;0xa102;0xb101;0xe1;17386;7;1847;118;6747;20
UF;82025269;753710;0xdeca;0xb102;0xa101;0xe0;17743;7;1917;119;5269;12
UF;82025395;753711;0xdeca;0xb103;0xa100;0xe0;20739;7;2166;117;5813;12
UF;82025408;753712;0xdeca;0xb101;0xa100;0xe0;16890;7;784;78;4460;12
UF;82025467;753713;0xdeca;0xb102;0xa101;0xe0;18965;7;2049;119;7417;12
UF;82025479;753714;0xdeca;0xa104;0xb102;0xe1;16517;7;1845;121;5861;20
UL;82025479;33719;E;4;0xa104;0xb102;0xe1;16517;7;1845;121;5861;20
UF;82025596;753715;0xdeca;0xb103;0xa104;0xe0;18817;7;1999;118;3993;12
UF;82025609;753716;0xdeca;0xb101;0xa102;0xe0;18949;7;2223;124;7843;12
UF;82025668;753717;0xdeca;0xb102;0xa101;0xe0;18844;7;2036;119;7226;12
UF;82025795;753718;0xdeca;0xb103;0xa100;0xe0;20595;7;2416;124;4876;12
UF;82025808;753719;0xdeca;0xb101;0xa100;0xe0;18659;7;2016;119;7567;12
listener debug sel=A valid=1 age=1048 level=7 good=753719 accepted=33719 badhdr=6 nonanchor=719994 toolong=0 rxerr=1670 rxen_fail=0 rxen_last=0 sys_status=0x00800002 sys_state=000505470b rx_finfo=0x0776c80c last_status=0x04800102 last_len=12 pan=0xdeca dst=0xa100 src=0xb101 code=0xe0
UF;82025887;753720;0xdeca;0xb102;0xa101;0xe0;16706;7;1805;119;7333;12
UF;82025998;753721;0xdeca;0xb103;0xa104;0xe0;20279;7;2191;119;6850;12
UF;82026010;753722;0xdeca;0xb101;0xa102;0xe0;17951;7;2072;123;7032;12
UF;82026070;753723;0xdeca;0xb102;0xa101;0xe0;17194;7;1889;120;6775;12
UF;82026196;753724;0xdeca;0xb103;0xa100;0xe0;18845;7;2140;122;7246;12
UF;82026209;753725;0xdeca;0xb101;0xa100;0xe0;18856;7;2212;124;7655;12
UF;82026268;753726;0xdeca;0xb102;0xa101;0xe0;21901;7;2487;122;7224;12
UF;82026394;753727;0xdeca;0xb103;0xa104;0xe0;18887;7;2075;120;4295;12
UF;82026407;753728;0xdeca;0xa107;0xb103;0xe1;17780;7;1857;117;4964;20
UL;82026407;33720;H;7;0xa107;0xb103;0xe1;17780;7;1857;117;4964;20
UF;82026467;753729;0xdeca;0xb102;0xa102;0xe0;21234;7;2491;124;7670;12
UF;82026479;753730;0xdeca;0xa106;0xb102;0xe1;17771;7;1920;119;3441;20
UL;82026479;33721;G;6;0xa106;0xb102;0xe1;17771;7;1920;119;3441;20
UF;82026596;753731;0xdeca;0xb103;0xa100;0xe0;20617;7;2303;121;4838;12
UF;82026614;753732;0xdeca;0xa106;0xb101;0xe1;17995;7;1977;120;3560;20
UL;82026614;33722;G;6;0xa106;0xb101;0xe1;17995;7;1977;120;3560;20
UF;82026669;753733;0xdeca;0xb102;0xa101;0xe0;18678;7;2121;122;4904;12
UF;82026795;753734;0xdeca;0xb103;0xa104;0xe0;18723;7;2057;120;5280;12
UF;82026807;753735;0xdeca;0xb101;0xa102;0xe0;17413;7;2010;123;6622;12
listener debug sel=A valid=1 age=2048 level=7 good=753735 accepted=33722 badhdr=6 nonanchor=720007 toolong=0 rxerr=1671 rxen_fail=0 rxen_last=0 sys_status=0x00800002 sys_state=000505480b rx_finfo=0x07b6c80c last_status=0x00810f02 last_len=12 pan=0xdeca dst=0xa102 src=0xb101 code=0xe0
UF;82026886;753736;0xdeca;0xb102;0xa101;0xe0;17873;7;1931;119;3333;12
UF;82026997;753737;0xdeca;0xb103;0xa100;0xe0;19725;7;2314;124;4833;12
UF;82027010;753738;0xdeca;0xb101;0xa102;0xe0;18409;7;1989;119;7394;12
UF;82027069;753739;0xdeca;0xb102;0xa101;0xe0;17859;7;2028;122;5653;12
UF;82027195;753740;0xdeca;0xb103;0xa104;0xe0;19372;7;2058;118;5574;12
UF;82027207;753741;0xdeca;0xb101;0xa100;0xe0;15613;7;1773;122;1779;12
UF;82027267;753742;0xdeca;0xb102;0xa101;0xe0;17841;7;2026;122;7647;12
UF;82027279;753743;0xdeca;0xa104;0xb102;0xe1;16859;7;1791;118;5793;20
UL;82027279;33723;E;4;0xa104;0xb102;0xe1;16859;7;1791;118;5793;20
UF;82027396;753744;0xdeca;0xb103;0xa100;0xe0;18650;7;2015;119;5466;12
UF;82027408;753745;0xdeca;0xb101;0xa100;0xe0;19137;7;2033;118;7015;12
UF;82027467;753746;0xdeca;0xb102;0xa101;0xe0;19461;7;2210;122;7282;12
UF;82027594;753747;0xdeca;0xb103;0xa104;0xe0;18813;7;2207;124;4653;12
UF;82027606;753748;0xdeca;0xa107;0xb103;0xe1;17036;7;1903;121;4475;20
UL;82027606;33724;H;7;0xa107;0xb103;0xe1;17036;7;1903;121;4475;20
UF;82027666;753749;0xdeca;0xb102;0xa101;0xe0;17280;7;1867;119;7348;12
uwb any-frame t=82027679 good=753750 len=12 fctrl=8841 pan=0xdeca dst=0xa106 src=0xb102 code=0xe0 q=15067 level=7 cir=299 rxpacc=51 fp=2785/2692/2570
UF;82027679;753750;0xdeca;0xb102;0xa106;0xe0;15067;7;299;51;2785;12
UF;82027797;753751;0xdeca;0xb103;0xa100;0xe0;20277;7;2265;121;3991;12
UF;82027810;753752;0xdeca;0xb101;0xa102;0xe0;18748;7;2164;123;7370;12
listener debug sel=A valid=1 age=3050 level=7 good=753752 accepted=33724 badhdr=6 nonanchor=720022 toolong=0 rxerr=1671 rxen_fail=0 rxen_last=0 sys_status=0x00800002 sys_state=000505450b rx_finfo=0x07b6c80c last_status=0x00810f02 last_len=12 pan=0xdeca dst=0xa102 src=0xb101 code=0xe0
UF;82027888;753753;0xdeca;0xb102;0xa101;0xe0;19293;7;2015;117;6601;12
UF;82027994;753754;0xdeca;0xb103;0xa104;0xe0;21011;7;2386;122;6176;12
UF;82028006;753755;0xdeca;0xa107;0xb103;0xe1;17621;7;1936;120;5391;20
UL;82028006;33725;H;7;0xa107;0xb103;0xe1;17621;7;1936;120;5391;20
UF;82028066;753756;0xdeca;0xb102;0xa102;0xe0;22657;8;2701;125;7183;12
UF;82028079;753757;0xdeca;0xa106;0xb102;0xe1;17535;7;2024;123;3940;20
UL;82028079;33726;G;6;0xa106;0xb102;0xe1;17535;7;2024;123;3940;20
UF;82028195;753758;0xdeca;0xb103;0xa100;0xe0;20458;7;2400;124;5404;12
UF;82028208;753759;0xdeca;0xb101;0xa102;0xe0;21325;7;2304;119;7148;12
UF;82028267;753760;0xdeca;0xb102;0xa101;0xe0;18677;7;2191;124;7686;12
UF;82028393;753761;0xdeca;0xb103;0xa104;0xe0;19806;7;2176;120;4221;12
UF;82028406;753762;0xdeca;0xb103;0xa107;0xe0;19037;7;774;73;3877;12
UF;82028470;753763;0xdeca;0xb102;0xa101;0xe0;18807;7;1998;118;7120;12
UF;82028596;753764;0xdeca;0xb103;0xa100;0xe0;19396;7;2131;120;4143;12
UF;82028609;753765;0xdeca;0xa100;0xb101;0xe1;17985;7;1976;120;3420;20
UL;82028609;33727;A;0;0xa100;0xb101;0xe1;17985;7;1976;120;3420;20
listener anchor=A src=0xa100 code=0xe1 level=7 q=17985 cir=1976 rxpacc=120 fp=3420/6599/5127 frames=283
UF;82028667;753766;0xdeca;0xb102;0xa101;0xe0;19775;7;2209;121;6743;12
UF;82028794;753767;0xdeca;0xb103;0xa104;0xe0;19405;7;2132;120;4595;12
UF;82028806;753768;0xdeca;0xa107;0xb103;0xe1;15912;7;578;69;3543;20
UL;82028806;33728;H;7;0xa107;0xb103;0xe1;15912;7;578;69;3543;20
listener debug sel=A valid=1 age=252 level=7 good=753768 accepted=33728 badhdr=6 nonanchor=720034 toolong=0 rxerr=1671 rxen_fail=0 rxen_last=0 sys_status=0x00800002 sys_state=000505440b rx_finfo=0x0456c814 last_status=0x00810f02 last_len=20 pan=0xdeca dst=0xb103 src=0xa107 code=0xe1
UF;82028891;753769;0xdeca;0xb102;0xa101;0xe0;18400;7;1988;119;6259;12
UF;82028997;753770;0xdeca;0xb103;0xa100;0xe0;20052;7;2203;120;6190;12
UF;82029010;753771;0xdeca;0xb101;0xa102;0xe0;20270;7;2227;120;2119;12
UF;82029069;753772;0xdeca;0xb102;0xa101;0xe0;19466;7;2068;118;4797;12
UF;82029195;753773;0xdeca;0xb103;0xa104;0xe0;19318;7;2303;125;5329;12
UF;82029208;753774;0xdeca;0xb101;0xa100;0xe0;15720;7;950;89;5119;12
UF;82029267;753775;0xdeca;0xb102;0xa101;0xe0;17226;7;1830;118;2276;12
UF;82029394;753776;0xdeca;0xb103;0xa100;0xe0;19269;7;2117;120;7211;12
UF;82029406;753777;0xdeca;0xa103;0xb103;0xe1;13210;6;242;49;924;20
UL;82029406;33729;D;3;0xa103;0xb103;0xe1;13210;6;242;49;924;20
UF;82029466;753778;0xdeca;0xb102;0xa101;0xe0;18446;7;2199;125;6732;12
UF;82029478;753779;0xdeca;0xb102;0xa106;0xe0;14984;7;826;85;4046;12
UF;82029595;753780;0xdeca;0xb103;0xa104;0xe0;20594;7;2225;119;6577;12
UF;82029607;753781;0xdeca;0xa107;0xb103;0xe1;17101;7;1974;123;4728;20
UL;82029607;33730;H;7;0xa107;0xb103;0xe1;17101;7;1974;123;4728;20
UF;82029667;753782;0xdeca;0xb102;0xa102;0xe0;17808;7;1924;119;7426;12
UF;82029794;753783;0xdeca;0xb103;0xa100;0xe0;20935;7;2224;118;5586;12
UF;82029806;753784;0xdeca;0xb101;0xa102;0xe0;17086;7;1846;119;7425;12
UF;82029865;753785;0xdeca;0xb102;0xa101;0xe0;18210;7;2102;123;7622;12
listener debug sel=A valid=1 age=1256 level=7 good=753785 accepted=33730 badhdr=6 nonanchor=720049 toolong=0 rxerr=1671 rxen_fail=0 rxen_last=0 sys_status=0x00800002 sys_state=000505480b rx_finfo=0x07b6c80c last_status=0x00810f02 last_len=12 pan=0xdeca dst=0xa101 src=0xb102 code=0xe0
UF;82029903;753786;0xdeca;0xa106;0xb102;0xe1;18318;7;1946;118;6184;20
UL;82029903;33731;G;6;0xa106;0xb102;0xe1;18318;7;1946;118;6184;20
UF;82029994;753787;0xdeca;0xb103;0xa104;0xe0;20878;7;2218;118;4246;12
UF;82030007;753788;0xdeca;0xa107;0xb103;0xe1;16963;7;1990;124;5283;20
UL;82030007;33732;H;7;0xa107;0xb103;0xe1;16963;7;1990;124;5283;20
UF;82030067;753789;0xdeca;0xb102;0xa101;0xe0;18205;7;1934;118;6961;12
UF;82030079;753790;0xdeca;0xa106;0xb102;0xe1;17656;7;2038;123;3836;20
UL;82030079;33733;G;6;0xa106;0xb102;0xe1;17656;7;2038;123;3836;20
UF;82030196;753791;0xdeca;0xb103;0xa100;0xe0;18782;7;2239;125;6599;12
UF;82030208;753792;0xdeca;0xa100;0xb101;0xe1;19834;7;2107;118;5380;20
UL;82030208;33734;A;0;0xa100;0xb101;0xe1;19834;7;2107;118;5380;20
listener anchor=A src=0xa100 code=0xe1 level=7 q=19834 cir=2107 rxpacc=118 fp=5380/6732/4488 frames=284
UF;82030267;753793;0xdeca;0xb102;0xa101;0xe0;20822;7;2212;118;7138;12
UF;82030394;753794;0xdeca;0xb103;0xa104;0xe0;19742;7;2169;120;3833;12
UF;82030406;753795;0xdeca;0xa107;0xb103;0xe1;18323;7;2115;123;6957;20
UL;82030406;33735;H;7;0xa107;0xb103;0xe1;18323;7;2115;123;6957;20
UF;82030466;753796;0xdeca;0xb102;0xa101;0xe0;19879;7;2184;120;7372;12
UF;82030593;753797;0xdeca;0xb103;0xa100;0xe0;19947;7;2340;124;6975;12
UF;82030606;753798;0xdeca;0xb103;0xa103;0xe0;20003;7;2125;118;6630;12
UF;82030670;753799;0xdeca;0xb102;0xa101;0xe0;16705;7;1866;121;7313;12
uwb any-frame t=82030797 good=753800 len=12 fctrl=8841 pan=0xdeca dst=0xa104 src=0xb103 code=0xe0 q=19381 level=7 cir=2165 rxpacc=121 fp=6150/7238/4652
UF;82030797;753800;0xdeca;0xb103;0xa104;0xe0;19381;7;2165;121;6150;12
UF;82030869;753801;0xdeca;0xb102;0xa101;0xe0;17573;7;1963;121;7379;12
listener debug sel=A valid=1 age=661 level=7 good=753801 accepted=33735 badhdr=6 nonanchor=720060 toolong=0 rxerr=1671 rxen_fail=0 rxen_last=0 sys_status=0x00800002 sys_state=000505440b rx_finfo=0x0796c80c last_status=0x00810f02 last_len=12 pan=0xdeca dst=0xa101 src=0xb102 code=0xe0
UF;82030995;753802;0xdeca;0xb103;0xa100;0xe0;20948;7;2418;123;6788;12
UF;82031008;753803;0xdeca;0xb101;0xa100;0xe0;17986;7;2110;124;7495;12
UF;82031067;753804;0xdeca;0xb102;0xa101;0xe0;18756;7;2236;125;2490;12
UF;82031194;753805;0xdeca;0xb103;0xa104;0xe0;19717;7;2313;124;5701;12
UF;82031206;753806;0xdeca;0xa107;0xb103;0xe1;16730;7;718;75;65;20
UL;82031206;33736;H;7;0xa107;0xb103;0xe1;16730;7;718;75;65;20
UF;82031271;753807;0xdeca;0xb102;0xa102;0xe0;17335;7;2001;123;5166;12
UF;82031397;753808;0xdeca;0xb103;0xa100;0xe0;19514;7;2216;122;6775;12
UF;82031410;753809;0xdeca;0xb101;0xa102;0xe0;17415;7;2043;124;7201;12
UF;82031469;753810;0xdeca;0xb102;0xa101;0xe0;16262;7;1757;119;7457;12
UF;82031596;753811;0xdeca;0xb103;0xa104;0xe0;20525;7;2255;120;5204;12
UF;82031608;753812;0xdeca;0xa102;0xb101;0xe1;18104;7;1989;120;7236;20
UL;82031608;33737;C;2;0xa102;0xb101;0xe1;18104;7;1989;120;7236;20
UF;82031668;753813;0xdeca;0xb102;0xa101;0xe0;17884;7;2098;124;7714;12
UF;82031795;753814;0xdeca;0xb103;0xa100;0xe0;20257;7;2152;118;6111;12
UF;82031807;753815;0xdeca;0xa103;0xb103;0xe1;12237;6;1367;121;1003;20
UL;82031807;33738;D;3;0xa103;0xb103;0xe1;12237;6;1367;121;1003;20
UF;82031867;753816;0xdeca;0xb102;0xa101;0xe0;18290;7;2077;122;7547;12
listener debug sel=A valid=1 age=1671 level=7 good=753816 accepted=33738 badhdr=6 nonanchor=720072 toolong=0 rxerr=1671 rxen_fail=0 rxen_last=0 sys_status=0x00800002 sys_state=000505480b rx_finfo=0x07a6c80c last_status=0x00810f02 last_len=12 pan=0xdeca dst=0xa101 src=0xb102 code=0xe0
UF;82031992;753817;0xdeca;0xb103;0xa104;0xe0;18871;7;2143;122;4529;12
UF;82032005;753818;0xdeca;0xb103;0xa107;0xe0;19324;7;2123;120;3127;12
UF;82032017;753819;0xdeca;0xa107;0xb101;0xe1;17682;7;2008;122;5226;20
UL;82032017;33739;H;7;0xa107;0xb101;0xe1;17682;7;2008;122;5226;20
UF;82032067;753820;0xdeca;0xb102;0xa101;0xe0;20424;7;2396;124;6726;12
UF;82032079;753821;0xdeca;0xa104;0xb102;0xe1;16998;7;937;85;4974;20
UL;82032079;33740;E;4;0xa104;0xb102;0xe1;16998;7;937;85;4974;20
UF;82032196;753822;0xdeca;0xb103;0xa100;0xe0;20957;7;2341;121;4485;12
UF;82032208;753823;0xdeca;0xa100;0xb101;0xe1;18696;7;2158;123;4568;20
UL;82032208;33741;A;0;0xa100;0xb101;0xe1;18696;7;2158;123;4568;20
listener anchor=A src=0xa100 code=0xe1 level=7 q=18696 cir=2158 rxpacc=123 fp=4568/6984/6547 frames=285
UF;82032267;753824;0xdeca;0xb102;0xa101;0xe0;20245;7;2375;124;7499;12
UF;82032394;753825;0xdeca;0xb103;0xa104;0xe0;19245;7;2010;117;5185;12
UF;82032406;753826;0xdeca;0xa107;0xb103;0xe1;18827;7;2138;122;6861;20
UL;82032406;33742;H;7;0xa107;0xb103;0xe1;18827;7;2138;122;6861;20
UF;82032466;753827;0xdeca;0xb102;0xa101;0xe0;20518;7;2292;121;7191;12
UF;82032479;753828;0xdeca;0xa106;0xb102;0xe1;16984;7;421;57;1958;20
UL;82032479;33743;G;6;0xa106;0xb102;0xe1;16984;7;421;57;1958;20
UF;82032595;753829;0xdeca;0xb103;0xa100;0xe0;20113;7;2284;122;6304;12
UF;82032608;753830;0xdeca;0xa100;0xb101;0xe1;18061;7;2051;122;5028;20
UL;82032608;33744;A;0;0xa100;0xb101;0xe1;18061;7;2051;122;5028;20
UF;82032668;753831;0xdeca;0xb102;0xa101;0xe0;16574;7;1731;117;7073;12
UF;82032795;753832;0xdeca;0xb103;0xa104;0xe0;20433;7;2397;124;4837;12
UF;82032807;753833;0xdeca;0xb103;0xa107;0xe0;17410;7;1382;102;2522;12
UF;82032866;753834;0xdeca;0xb102;0xa102;0xe0;17894;7;1901;118;6674;12
UF;82032879;753835;0xdeca;0xa106;0xb102;0xe1;18029;7;1883;117;4272;20
UL;82032879;33745;G;6;0xa106;0xb102;0xe1;18029;7;1883;117;4272;20
listener debug sel=A valid=1 age=271 level=7 good=753835 accepted=33745 badhdr=6 nonanchor=720084 toolong=0 rxerr=1671 rxen_fail=0 rxen_last=0 sys_status=0x00800002 sys_state=000505440b rx_finfo=0x0756c814 last_status=0x00810f02 last_len=20 pan=0xdeca dst=0xb102 src=0xa106 code=0xe1
UF;82032995;753836;0xdeca;0xb103;0xa100;0xe0;18853;7;1969;117;3550;12
UF;82033008;753837;0xdeca;0xb101;0xa102;0xe0;17585;7;2063;124;6845;12
UF;82033067;753838;0xdeca;0xb102;0xa101;0xe0;16962;7;1802;118;4145;12
UF;82033079;753839;0xdeca;0xa106;0xb102;0xe1;17630;7;2035;123;4954;20
UL;82033079;33746;G;6;0xa106;0xb102;0xe1;17630;7;2035;123;4954;20
UF;82033196;753840;0xdeca;0xb103;0xa104;0xe0;18964;7;2189;123;7201;12
UF;82033209;753841;0xdeca;0xa102;0xb101;0xe1;17012;7;1838;119;7177;20
UL;82033209;33747;C;2;0xa102;0xb101;0xe1;17012;7;1838;119;7177;20
UF;82033269;753842;0xdeca;0xb102;0xa101;0xe0;16699;7;1774;118;2380;12
UF;82033396;753843;0xdeca;0xb103;0xa100;0xe0;19640;7;2267;123;6971;12
UF;82033408;753844;0xdeca;0xb101;0xa100;0xe0;13056;6;102;32;1550;12
UF;82033467;753845;0xdeca;0xb102;0xa101;0xe0;18253;7;2039;121;6894;12
UF;82033594;753846;0xdeca;0xb103;0xa104;0xe0;18970;7;2119;121;6651;12
UF;82033606;753847;0xdeca;0xb101;0xa100;0xe0;17730;7;2080;124;7458;12
UF;82033666;753848;0xdeca;0xb102;0xa101;0xe0;16220;7;1782;120;6361;12
UF;82033678;753849;0xdeca;0xb102;0xa104;0xe0;17075;7;1814;118;6480;12
uwb any-frame t=82033794 good=753850 len=12 fctrl=8841 pan=0xdeca dst=0xa100 src=0xb103 code=0xe0 q=19448 level=7 cir=2066 rxpacc=118 fp=4014/7004/6879
UF;82033794;753850;0xdeca;0xb103;0xa100;0xe0;19448;7;2066;118;4014;12
UF;82033867;753851;0xdeca;0xb102;0xa101;0xe0;17621;7;1872;118;6782;12
listener debug sel=A valid=1 age=1272 level=7 good=753851 accepted=33747 badhdr=6 nonanchor=720098 toolong=0 rxerr=1671 rxen_fail=0 rxen_last=0 sys_status=0x00800002 sys_state=000505480b rx_finfo=0x0766c80c last_status=0x00810f02 last_len=12 pan=0xdeca dst=0xa101 src=0xb102 code=0xe0
UF;82033993;753852;0xdeca;0xb103;0xa104;0xe0;19681;7;2235;122;4390;12
UF;82034005;753853;0xdeca;0xa107;0xb103;0xe1;18352;7;2050;121;4638;20
UL;82034005;33748;H;7;0xa107;0xb103;0xe1;18352;7;2050;121;4638;20
UF;82034065;753854;0xdeca;0xb102;0xa101;0xe0;17104;7;1817;118;6884;12
UF;82034078;753855;0xdeca;0xb102;0xa106;0xe0;17751;7;2049;123;7624;12
UF;82034194;753856;0xdeca;0xb103;0xa100;0xe0;18898;7;2111;121;6597;12
UF;82034206;753857;0xdeca;0xa103;0xb103;0xe1;16266;7;1817;121;2969;20
UL;82034206;33749;D;3;0xa103;0xb103;0xe1;16266;7;1817;121;2969;20
UF;82034266;753858;0xdeca;0xb102;0xa101;0xe0;18696;7;2158;123;7673;12
UF;82034279;753859;0xdeca;0xa106;0xb102;0xe1;17647;7;2004;122;5456;20
UL;82034279;33750;G;6;0xa106;0xb102;0xe1;17647;7;2004;122;5456;20
UF;82034395;753860;0xdeca;0xb103;0xa104;0xe0;19224;7;2183;122;6474;12
UF;82034408;753861;0xdeca;0xb101;0xa100;0xe0;16930;7;1860;120;7045;12
UF;82034467;753862;0xdeca;0xb102;0xa102;0xe0;22248;8;2568;123;7256;12
UF;82034598;753863;0xdeca;0xb103;0xa100;0xe0;20092;7;2357;124;7436;12
UF;82034611;753864;0xdeca;0xb101;0xa100;0xe0;19316;7;2052;118;7316;12
UF;82034670;753865;0xdeca;0xb102;0xa101;0xe0;19363;7;2235;123;7437;12
UF;82034796;753866;0xdeca;0xb103;0xa104;0xe0;20876;7;2332;121;6689;12
UF;82034808;753867;0xdeca;0xa102;0xb101;0xe1;17321;7;1967;122;7023;20
UL;82034808;33751;C;2;0xa102;0xb101;0xe1;17321;7;1967;122;7023;20
UF;82034868;753868;0xdeca;0xb102;0xa101;0xe0;17475;7;1888;119;6674;12
listener debug sel=A valid=1 age=2273 level=7 good=753868 accepted=33751 badhdr=6 nonanchor=720111 toolong=0 rxerr=1671 rxen_fail=0 rxen_last=0 sys_status=0x00800002 sys_state=000505440b rx_finfo=0x0776c80c last_status=0x00810f02 last_len=12 pan=0xdeca dst=0xa101 src=0xb102 code=0xe0
UF;82034994;753869;0xdeca;0xb103;0xa100;0xe0;19232;7;2113;120;5631;12
UF;82035006;753870;0xdeca;0xa103;0xb103;0xe1;17559;7;1994;122;3913;20
UL;82035006;33752;D;3;0xa103;0xb103;0xe1;17559;7;1994;122;3913;20
UF;82035066;753871;0xdeca;0xb102;0xa101;0xe0;16718;7;1776;118;7093;12
UF;82035078;753872;0xdeca;0xa104;0xb102;0xe1;16285;7;1730;118;5735;20
UL;82035078;33753;E;4;0xa104;0xb102;0xe1;16285;7;1730;118;5735;20
UF;82035195;753873;0xdeca;0xb103;0xa104;0xe0;20348;7;2273;121;6836;12
UF;82035208;753874;0xdeca;0xb101;0xa100;0xe0;17806;7;1175;93;5237;12
UF;82035267;753875;0xdeca;0xb102;0xa101;0xe0;19793;7;2211;121;3559;12
UF;82035398;753876;0xdeca;0xb103;0xa100;0xe0;19546;7;2293;124;4607;12
UF;82035411;753877;0xdeca;0xa100;0xb101;0xe1;19086;7;2239;124;6059;20
UL;82035411;33754;A;0;0xa100;0xb101;0xe1;19086;7;2239;124;6059;20
listener anchor=A src=0xa100 code=0xe1 level=7 q=19086 cir=2239 rxpacc=124 fp=6059/6910/4136 frames=287
UF;82035469;753878;0xdeca;0xb102;0xa101;0xe0;17539;7;1927;120;5968;12
UF;82035596;753879;0xdeca;0xb103;0xa104;0xe0;20323;7;2159;118;5992;12
UF;82035608;753880;0xdeca;0xa100;0xb101;0xe1;18101;7;1923;118;1798;20
UL;82035608;33755;A;0;0xa100;0xb101;0xe1;18101;7;1923;118;1798;20
UF;82035668;753881;0xdeca;0xb102;0xa101;0xe0;18316;7;2046;121;7151;12
UF;82035795;753882;0xdeca;0xb103;0xa100;0xe0;21277;7;2496;124;6267;12
UF;82035808;753883;0xdeca;0xb101;0xa100;0xe0;16873;7;1823;119;6887;12
UF;82035867;753884;0xdeca;0xb102;0xa101;0xe0;17053;7;1781;117;6590;12
listener debug sel=A valid=1 age=277 level=7 good=753884 accepted=33755 badhdr=6 nonanchor=720123 toolong=0 rxerr=1671 rxen_fail=0 rxen_last=0 sys_status=0x00800002 sys_state=000505460b rx_finfo=0x0756c80c last_status=0x00810f02 last_len=12 pan=0xdeca dst=0xa101 src=0xb102 code=0xe0
UF;82035993;753885;0xdeca;0xb103;0xa104;0xe0;19451;7;2137;120;6749;12
UF;82036005;753886;0xdeca;0xb103;0xa107;0xe0;19681;7;2235;122;5161;12
UF;82036070;753887;0xdeca;0xb102;0xa102;0xe0;16459;7;1719;117;6690;12
UF;82036196;753888;0xdeca;0xb103;0xa100;0xe0;19085;7;2203;123;5768;12
UF;82036209;753889;0xdeca;0xb101;0xa100;0xe0;18224;7;1936;118;6936;12
UF;82036268;753890;0xdeca;0xb102;0xa101;0xe0;19797;7;2175;120;7053;12
UF;82036395;753891;0xdeca;0xb103;0xa104;0xe0;20066;7;2168;119;3713;12
UF;82036407;753892;0xdeca;0xb101;0xa102;0xe0;18748;7;2164;123;6860;12
UF;82036467;753893;0xdeca;0xb102;0xa101;0xe0;17743;7;2048;123;7281;12
UF;82036479;753894;0xdeca;0xa106;0xb102;0xe1;19333;7;2268;124;3947;20
UL;82036479;33756;G;6;0xa106;0xb102;0xe1;19333;7;2268;124;3947;20
UF;82036596;753895;0xdeca;0xb103;0xa100;0xe0;19113;7;2065;119;4357;12
UF;82036609;753896;0xdeca;0xa100;0xb101;0xe1;18182;7;2031;121;4438;20
UL;82036609;33757;A;0;0xa100;0xb101;0xe1;18182;7;2031;121;4438;20
listener anchor=A src=0xa100 code=0xe1 level=7 q=18182 cir=2031 rxpacc=121 fp=4438/6834/4898 frames=289
UF;82036668;753897;0xdeca;0xb102;0xa101;0xe0;16678;7;1863;121;7045;12
UF;82036794;753898;0xdeca;0xb103;0xa104;0xe0;17828;7;1894;118;1755;12
UF;82036807;753899;0xdeca;0xb101;0xa100;0xe0;17854;7;1929;119;6482;12
uwb any-frame t=82036866 good=753900 len=12 fctrl=8841 pan=0xdeca dst=0xa101 src=0xb102 code=0xe0 q=18199 level=7 cir=2135 rxpacc=124 fp=7567/7574/6566
UF;82036866;753900;0xdeca;0xb102;0xa101;0xe0;18199;7;2135;124;7567;12
listener debug sel=A valid=1 age=283 level=7 good=753900 accepted=33757 badhdr=6 nonanchor=720137 toolong=0 rxerr=1671 rxen_fail=0 rxen_last=0 sys_status=0x00800002 sys_state=000505400b rx_finfo=0x07c6c80c last_status=0x00810f02 last_len=12 pan=0xdeca dst=0xa101 src=0xb102 code=0xe0
UF;82036995;753901;0xdeca;0xb103;0xa100;0xe0;20220;7;2372;124;5340;12
UF;82037007;753902;0xdeca;0xa103;0xb103;0xe1;14806;7;705;79;2305;20
UL;82037007;33758;D;3;0xa103;0xb103;0xe1;14806;7;705;79;2305;20
UF;82037067;753903;0xdeca;0xb102;0xa101;0xe0;20806;7;2173;117;7106;12
UF;82037194;753904;0xdeca;0xb103;0xa104;0xe0;19163;7;2212;123;6361;12
UF;82037206;753905;0xdeca;0xb103;0xa107;0xe0;18446;7;2164;124;5615;12
UF;82037219;753906;0xdeca;0xb101;0xa107;0xe0;16494;7;1873;122;7161;12
UF;82037268;753907;0xdeca;0xb102;0xa101;0xe0;19058;7;2272;125;7132;12
UF;82037394;753908;0xdeca;0xb103;0xa100;0xe0;20976;7;2382;122;7096;12
UF;82037407;753909;0xdeca;0xa103;0xb103;0xe1;15201;7;799;83;2465;20
UL;82037407;33759;D;3;0xa103;0xb103;0xe1;15201;7;799;83;2465;20
UF;82037466;753910;0xdeca;0xb102;0xa101;0xe0;16114;7;1683;117;2891;12
UF;82037593;753911;0xdeca;0xb103;0xa104;0xe0;20967;7;2381;122;6833;12
UF;82037606;753912;0xdeca;0xa107;0xb103;0xe1;16639;7;1952;124;64;20
UL;82037606;33760;H;7;0xa107;0xb103;0xe1;16639;7;1952;124;64;20
UF;82037665;753913;0xdeca;0xb102;0xa102;0xe0;17215;7;1860;119;3145;12
UF;82037678;753914;0xdeca;0xb102;0xa106;0xe0;15701;7;1725;120;5665;12
UF;82037794;753915;0xdeca;0xb103;0xa100;0xe0;20748;7;2434;124;7238;12
UF;82037807;753916;0xdeca;0xb101;0xa102;0xe0;17287;7;1931;121;7410;12
UF;82037866;753917;0xdeca;0xb102;0xa101;0xe0;16957;7;1771;117;6332;12
UF;82037879;753918;0xdeca;0xa106;0xb102;0xe1;18782;7;2168;123;3621;20
UL;82037879;33761;G;6;0xa106;0xb102;0xe1;18782;7;2168;123;3621;20
listener debug sel=A valid=1 age=1288 level=7 good=753918 accepted=33761 badhdr=6 nonanchor=720151 toolong=0 rxerr=1671 rxen_fail=0 rxen_last=0 sys_status=0x00800002 sys_state=000505440b rx_finfo=0x07b6c814 last_status=0x00810f02 last_len=20 pan=0xdeca dst=0xb102 src=0xa106 code=0xe1
UF;82037995;753919;0xdeca;0xb103;0xa104;0xe0;20098;7;2245;121;4034;12
UF;82038007;753920;0xdeca;0xb101;0xa102;0xe0;18853;7;2106;121;7214;12
UF;82038067;753921;0xdeca;0xb102;0xa101;0xe0;16784;7;1906;122;7079;12
UF;82038193;753922;0xdeca;0xb103;0xa100;0xe0;18715;7;2022;119;5518;12
UF;82038206;753923;0xdeca;0xb103;0xa103;0xe0;7433;5;30;23;798;12
UF;82038269;753924;0xdeca;0xb102;0xa101;0xe0;19768;7;2319;124;7759;12
UF;82038396;753925;0xdeca;0xb103;0xa104;0xe0;18889;7;2145;122;7003;12
UF;82038408;753926;0xdeca;0xa100;0xb101;0xe1;19113;7;2135;121;2870;20
UL;82038408;33762;A;0;0xa100;0xb101;0xe1;19113;7;2135;121;2870;20
listener anchor=A src=0xa100 code=0xe1 level=7 q=19113 cir=2135 rxpacc=121 fp=2870/6763/6663 frames=290
UF;82038467;753927;0xdeca;0xb102;0xa101;0xe0;18150;7;1961;119;7368;12
UF;82038594;753928;0xdeca;0xb103;0xa100;0xe0;18830;7;2209;124;6719;12
UF;82038606;753929;0xdeca;0xa103;0xb103;0xe1;18132;7;1959;119;2108;20
UL;82038606;33763;D;3;0xa103;0xb103;0xe1;18132;7;1959;119;2108;20
UF;82038666;753930;0xdeca;0xb102;0xa101;0xe0;20416;7;2395;124;7402;12
UF;82038679;753931;0xdeca;0xa106;0xb102;0xe1;17744;7;1885;118;2970;20
UL;82038679;33764;G;6;0xa106;0xb102;0xe1;17744;7;1885;118;2970;20
UF;82038796;753932;0xdeca;0xb103;0xa104;0xe0;19657;7;2306;124;4376;12
UF;82038808;753933;0xdeca;0xa100;0xb101;0xe1;19145;7;2246;124;4364;20
UL;82038808;33765;A;0;0xa100;0xb101;0xe1;19145;7;2246;124;4364;20
UF;82038868;753934;0xdeca;0xb102;0xa101;0xe0;20526;7;2408;124;7743;12
listener debug sel=A valid=1 age=93 level=7 good=753934 accepted=33765 badhdr=6 nonanchor=720163 toolong=0 rxerr=1671 rxen_fail=0 rxen_last=0 sys_status=0x00800002 sys_state=000505400b rx_finfo=0x07c6c80c last_status=0x00810f02 last_len=12 pan=0xdeca dst=0xa101 src=0xb102 code=0xe0
UF;82038994;753935;0xdeca;0xb103;0xa100;0xe0;21246;7;2257;118;6691;12
UF;82039006;753936;0xdeca;0xa103;0xb103;0xe1;16966;7;1864;120;3340;20
UL;82039006;33766;D;3;0xa103;0xb103;0xe1;16966;7;1864;120;3340;20
UF;82039066;753937;0xdeca;0xb102;0xa101;0xe0;17584;7;1868;118;5570;12
UF;82039079;753938;0xdeca;0xa106;0xb102;0xe1;18158;7;2062;122;3761;20
UL;82039079;33767;G;6;0xa106;0xb102;0xe1;18158;7;2062;122;3761;20
UF;82039196;753939;0xdeca;0xb103;0xa104;0xe0;18586;7;2042;120;4789;12
UF;82039208;753940;0xdeca;0xa100;0xb101;0xe1;17640;7;1874;118;1998;20
UL;82039208;33768;A;0;0xa100;0xb101;0xe1;17640;7;1874;118;1998;20
UF;82039268;753941;0xdeca;0xb102;0xa102;0xe0;17961;7;2107;124;5895;12
UF;82039395;753942;0xdeca;0xb103;0xa100;0xe0;20322;7;2384;124;6529;12
UF;82039407;753943;0xdeca;0xb101;0xa102;0xe0;19683;7;2091;118;7071;12
UF;82039467;753944;0xdeca;0xb102;0xa101;0xe0;19113;7;2135;121;1266;12
UF;82039594;753945;0xdeca;0xb103;0xa104;0xe0;20088;7;2098;117;4936;12
UF;82039607;753946;0xdeca;0xa107;0xb103;0xe1;16802;7;1846;120;88;20
UL;82039607;33769;H;7;0xa107;0xb103;0xe1;16802;7;1846;120;88;20
UF;82039666;753947;0xdeca;0xb102;0xa101;0xe0;19285;7;2190;122;7630;12
UF;82039793;753948;0xdeca;0xb103;0xa100;0xe0;19942;7;2191;120;6057;12
UF;82039805;753949;0xdeca;0xa103;0xb103;0xe1;17534;7;2057;124;2564;20
UL;82039805;33770;D;3;0xa103;0xb103;0xe1;17534;7;2057;124;2564;20
uwb any-frame t=82039865 good=753950 len=12 fctrl=8841 pan=0xdeca dst=0xa101 src=0xb102 code=0xe0 q=18132 level=7 cir=1959 rxpacc=119 fp=7072/6875/3902
UF;82039865;753950;0xdeca;0xb102;0xa101;0xe0;18132;7;1959;119;7072;12
listener debug sel=A valid=1 age=694 level=7 good=753950 accepted=33770 badhdr=6 nonanchor=720174 toolong=0 rxerr=1672 rxen_fail=0 rxen_last=0 sys_status=0x00800002 sys_state=000505480b rx_finfo=0x0776c80c last_status=0x04800102 last_len=12 pan=0xdeca dst=0xa101 src=0xb102 code=0xe0
UF;82039994;753951;0xdeca;0xb103;0xa104;0xe0;20433;7;2397;124;5470;12
UF;82040007;753952;0xdeca;0xa107;0xb103;0xe1;17578;7;2029;123;4767;20
UL;82040007;33771;H;7;0xa107;0xb103;0xe1;17578;7;2029;123;4767;20
UF;82040067;753953;0xdeca;0xb102;0xa101;0xe0;18137;7;2026;121;7257;12
UF;82040079;753954;0xdeca;0xa104;0xb102;0xe1;17981;7;1878;117;6888;20
UL;82040079;33772;E;4;0xa104;0xb102;0xe1;17981;7;1878;117;6888;20
UF;82040196;753955;0xdeca;0xb103;0xa100;0xe0;20873;7;2180;117;4058;12
UF;82040209;753956;0xdeca;0xa100;0xb101;0xe1;18465;7;1995;119;2591;20
UL;82040209;33773;A;0;0xa100;0xb101;0xe1;18465;7;1995;119;2591;20
listener anchor=A src=0xa100 code=0xe1 level=7 q=18465 cir=1995 rxpacc=119 fp=2591/6518/6173 frames=293
UF;82040268;753957;0xdeca;0xb102;0xa101;0xe0;17645;7;2070;124;7532;12
UF;82040394;753958;0xdeca;0xb103;0xa104;0xe0;19984;7;2123;118;5381;12
UF;82040407;753959;0xdeca;0xb101;0xa100;0xe0;20385;7;2353;123;7376;12
UF;82040466;753960;0xdeca;0xb102;0xa101;0xe0;18900;7;2042;119;4615;12
UF;82040479;753961;0xdeca;0xa106;0xb102;0xe1;18600;7;2147;123;3685;20
UL;82040479;33774;G;6;0xa106;0xb102;0xe1;18600;7;2147;123;3685;20
UF;82040596;753962;0xdeca;0xb103;0xa100;0xe0;20148;7;2288;122;6485;12
UF;82040608;753963;0xdeca;0xb101;0xa100;0xe0;18335;7;1981;119;7224;12
UF;82040667;753964;0xdeca;0xb102;0xa101;0xe0;18437;7;1992;119;6882;12
UF;82040794;753965;0xdeca;0xb103;0xa104;0xe0;19223;7;2112;120;3701;12
UF;82040807;753966;0xdeca;0xb101;0xa100;0xe0;17952;7;2106;124;7474;12
UF;82040819;753967;0xdeca;0xb101;0xa107;0xe0;17002;7;1837;119;6974;12
UF;82040868;753968;0xdeca;0xb102;0xa102;0xe0;17771;7;1920;119;7082;12
listener debug sel=A valid=1 age=698 level=7 good=753968 accepted=33774 badhdr=6 nonanchor=720188 toolong=0 rxerr=1672 rxen_fail=0 rxen_last=0 sys_status=0x00800002 sys_state=000505450b rx_finfo=0x0776c80c last_status=0x04800102 last_len=12 pan=0xdeca dst=0xa102 src=0xb102 code=0xe0
UF;82040994;753969;0xdeca;0xb103;0xa100;0xe0;20325;7;2196;119;4287;12
UF;82041006;753970;0xdeca;0xb101;0xa102;0xe0;17119;7;1976;123;7131;12
UF;82041066;753971;0xdeca;0xb102;0xa101;0xe0;19050;7;2128;121;6816;12
UF;82041078;753972;0xdeca;0xa106;0xb102;0xe1;17752;7;1983;121;3385;20
UL;82041078;33775;G;6;0xa106;0xb102;0xe1;17752;7;1983;121;3385;20
UF;82041195;753973;0xdeca;0xb103;0xa104;0xe0;19130;7;1998;117;5678;12
UF;82041208;753974;0xdeca;0xb101;0xa102;0xe0;16095;7;1739;119;2359;12
UF;82041267;753975;0xdeca;0xb102;0xa101;0xe0;19220;7;2147;121;6915;12
UF;82041280;753976;0xdeca;0xa106;0xb102;0xe1;16213;7;285;48;1511;20
UL;82041280;33776;G;6;0xa106;0xb102;0xe1;16213;7;285;48;1511;20
UF;82041396;753977;0xdeca;0xb103;0xa100;0xe0;19515;7;2144;120;5301;12
UF;82041409;753978;0xdeca;0xa100;0xb101;0xe1;18224;7;1969;119;2990;20
UL;82041409;33777;A;0;0xa100;0xb101;0xe1;18224;7;1969;119;2990;20
listener anchor=A src=0xa100 code=0xe1 level=7 q=18224 cir=1969 rxpacc=119 fp=2990/6661/5983 frames=294
UF;82041467;753979;0xdeca;0xb102;0xa101;0xe0;16162;7;1717;118;2836;12
UF;82041594;753980;0xdeca;0xb103;0xa104;0xe0;18968;7;2154;122;4110;12
UF;82041607;753981;0xdeca;0xb101;0xa100;0xe0;18356;7;1950;118;7240;12
UF;82041666;753982;0xdeca;0xb102;0xa101;0xe0;17985;7;1976;120;3711;12
UF;82041678;753983;0xdeca;0xa104;0xb102;0xe1;16102;7;1889;124;5673;20
UL;82041678;33778;E;4;0xa104;0xb102;0xe1;16102;7;1889;124;5673;20
UF;82041795;753984;0xdeca;0xb103;0xa100;0xe0;20740;7;2394;123;6048;12
UF;82041808;753985;0xdeca;0xb101;0xa100;0xe0;17466;7;1951;121;7602;12
UF;82041867;753986;0xdeca;0xb102;0xa101;0xe0;18056;7;2017;121;7065;12
listener debug sel=A valid=1 age=502 level=7 good=753986 accepted=33778 badhdr=6 nonanchor=720202 toolong=0 rxerr=1672 rxen_fail=0 rxen_last=0 sys_status=0x00800002 sys_state=000505470b rx_finfo=0x0796c80c last_status=0x04800102 last_len=12 pan=0xdeca dst=0xa101 src=0xb102 code=0xe0
UF;82041993;753987;0xdeca;0xb103;0xa104;0xe0;20901;7;2452;124;4745;12
UF;82042006;753988;0xdeca;0xa107;0xb103;0xe1;17445;7;1822;117;5065;20
UL;82042006;33779;H;7;0xa107;0xb103;0xe1;17445;7;1822;117;5065;20
UF;82042066;753989;0xdeca;0xb102;0xa101;0xe0;17457;7;1950;121;7347;12
UF;82042078;753990;0xdeca;0xa106;0xb102;0xe1;17439;7;2013;123;5591;20
UL;82042078;33780;G;6;0xa106;0xb102;0xe1;17439;7;2013;123;5591;20
UF;82042195;753991;0xdeca;0xb103;0xa100;0xe0;18889;7;2110;121;6884;12
UF;82042208;753992;0xdeca;0xb101;0xa100;0xe0;3993;4;11;19;535;12
UF;82042266;753993;0xdeca;0xb102;0xa101;0xe0;18987;7;2086;120;7229;12
UF;82042279;753994;0xdeca;0xa106;0xb102;0xe1;17984;7;1943;119;3547;20
UL;82042279;33781;G;6;0xa106;0xb102;0xe1;17984;7;1943;119;3547;20
UF;82042396;753995;0xdeca;0xb103;0xa104;0xe0;19437;7;2030;117;6547;12
UF;82042409;753996;0xdeca;0xa100;0xb101;0xe1;4356;4;12;19;548;20
UL;82042409;33782;A;0;0xa100;0xb101;0xe1;4356;4;12;19;548;20
listener anchor=A src=0xa100 code=0xe1 level=4 q=4356 cir=12 rxpacc=19 fp=548/524/398 frames=295
UF;82042466;753997;0xdeca;0xb102;0xa102;0xe0;22130;8;2391;119;7310;12
UF;82042478;753998;0xdeca;0xa106;0xb102;0xe1;18604;7;2044;120;5201;20
UL;82042478;33783;G;6;0xa106;0xb102;0xe1;18604;7;2044;120;5201;20
UF;82042595;753999;0xdeca;0xb103;0xa100;0xe0;19113;7;2065;119;4235;12
uwb any-frame t=82042608 good=754000 len=12 fctrl=8841 pan=0xdeca dst=0xa102 src=0xb101 code=0xe0 q=17519 level=7 cir=1957 rxpacc=121 fp=7219/7255/6138
UF;82042608;754000;0xdeca;0xb101;0xa102;0xe0;17519;7;1957;121;7219;12
UF;82042670;754001;0xdeca;0xb102;0xa101;0xe0;18186;7;2168;125;7394;12
UF;82042797;754002;0xdeca;0xb103;0xa104;0xe0;19972;7;2268;122;6631;12
UF;82042809;754003;0xdeca;0xa102;0xb101;0xe1;16260;7;1050;92;5446;20
UL;82042809;33784;C;2;0xa102;0xb101;0xe1;16260;7;1050;92;5446;20
UF;82042869;754004;0xdeca;0xb102;0xa101;0xe0;17407;7;1818;117;7113;12
listener debug sel=A valid=1 age=504 level=4 good=754004 accepted=33784 badhdr=6 nonanchor=720214 toolong=0 rxerr=1672 rxen_fail=0 rxen_last=0 sys_status=0x00800002 sys_state=000505450b rx_finfo=0x0756c80c last_status=0x04800102 last_len=12 pan=0xdeca dst=0xa101 src=0xb102 code=0xe0
UF;82042995;754005;0xdeca;0xb103;0xa100;0xe0;20711;7;2469;125;3830;12
UF;82043007;754006;0xdeca;0xb101;0xa100;0xe0;16864;7;1822;119;7053;12
UF;82043067;754007;0xdeca;0xb102;0xa101;0xe0;20030;7;2092;117;4425;12
UF;82043193;754008;0xdeca;0xb103;0xa104;0xe0;19378;7;2129;120;4866;12
UF;82043206;754009;0xdeca;0xa107;0xb103;0xe1;17501;7;1955;121;6613;20
UL;82043206;33785;H;7;0xa107;0xb103;0xe1;17501;7;1955;121;6613;20
UF;82043266;754010;0xdeca;0xb102;0xa101;0xe0;17815;7;2023;122;1345;12
UF;82043278;754011;0xdeca;0xa104;0xb102;0xe1;17647;7;2004;122;6562;20
UL;82043278;33786;E;4;0xa104;0xb102;0xe1;17647;7;2004;122;6562;20
UF;82043395;754012;0xdeca;0xb103;0xa100;0xe0;19354;7;2234;123;6511;12
UF;82043408;754013;0xdeca;0xb101;0xa100;0xe0;19435;7;2171;121;7550;12
UF;82043467;754014;0xdeca;0xb102;0xa101;0xe0;18455;7;2165;124;7721;12
UF;82043594;754015;0xdeca;0xb103;0xa104;0xe0;21198;7;2527;125;6455;12
UF;82043607;754016;0xdeca;0xb101;0xa100;0xe0;19608;7;2083;118;7349;12
UF;82043666;754017;0xdeca;0xb102;0xa101;0xe0;17550;7;1993;122;7451;12
UF;82043678;754018;0xdeca;0xa106;0xb102;0xe1;17379;7;2006;123;4274;20
UL;82043678;33787;G;6;0xa106;0xb102;0xe1;17379;7;2006;123;4274;20
UF;82043795;754019;0xdeca;0xb103;0xa100;0xe0;19023;7;2090;120;6189;12
UF;82043808;754020;0xdeca;0xa100;0xb101;0xe1;17582;7;1964;121;5237;20
UL;82043808;33788;A;0;0xa100;0xb101;0xe1;17582;7;1964;121;5237;20
listener anchor=A src=0xa100 code=0xe1 level=7 q=17582 cir=1964 rxpacc=121 fp=5237/6852/3997 frames=296
UF;82043867;754021;0xdeca;0xb102;0xa101;0xe0;17141;7;1852;119;7331;12
listener debug sel=A valid=1 age=108 level=7 good=754021 accepted=33788 badhdr=6 nonanchor=720227 toolong=0 rxerr=1672 rxen_fail=0 rxen_last=0 sys_status=0x00800002 sys_state=000505400b rx_finfo=0x0776c80c last_status=0x04800102 last_len=12 pan=0xdeca dst=0xa101 src=0xb102 code=0xe0
UF;82043997;754022;0xdeca;0xb103;0xa104;0xe0;19839;7;2072;117;6619;12
UF;82044010;754023;0xdeca;0xb101;0xa102;0xe0;19578;7;2151;120;6880;12
UF;82044069;754024;0xdeca;0xb102;0xa102;0xe0;19251;7;2295;125;5499;12
UF;82044196;754025;0xdeca;0xb103;0xa100;0xe0;19080;7;2027;118;6657;12
UF;82044209;754026;0xdeca;0xb101;0xa102;0xe0;17568;7;2061;124;7596;12
UF;82044268;754027;0xdeca;0xb102;0xa101;0xe0;20388;7;2240;120;6863;12
UF;82044394;754028;0xdeca;0xb103;0xa104;0xe0;21519;7;2286;118;5709;12
UF;82044407;754029;0xdeca;0xb101;0xa102;0xe0;19946;7;2265;122;6868;12
UF;82044466;754030;0xdeca;0xb102;0xa101;0xe0;15396;7;1608;117;6838;12
UF;82044479;754031;0xdeca;0xa106;0xb102;0xe1;18779;7;1995;118;3324;20
UL;82044479;33789;G;6;0xa106;0xb102;0xe1;18779;7;1995;118;3324;20
UF;82044596;754032;0xdeca;0xb103;0xa100;0xe0;20629;7;2420;124;4959;12
UF;82044608;754033;0xdeca;0xa100;0xb101;0xe1;18221;7;1903;117;3407;20
UL;82044608;33790;A;0;0xa100;0xb101;0xe1;18221;7;1903;117;3407;20
UF;82044668;754034;0xdeca;0xb102;0xa101;0xe0;17769;7;2051;123;7347;12
UF;82044795;754035;0xdeca;0xb103;0xa104;0xe0;20219;7;2296;122;6902;12
UF;82044808;754036;0xdeca;0xb101;0xa100;0xe0;17685;7;1847;117;7056;12
UF;82044867;754037;0xdeca;0xb102;0xa101;0xe0;19175;7;2037;118;6952;12
listener debug sel=A valid=1 age=308 level=7 good=754037 accepted=33790 badhdr=6 nonanchor=720241 toolong=0 rxerr=1672 rxen_fail=0 rxen_last=0 sys_status=0x00800002 sys_state=000505480b rx_finfo=0x0766c80c last_status=0x04800102 last_len=12 pan=0xdeca dst=0xa101 src=0xb102 code=0xe0
UF;82044993;754038;0xdeca;0xb103;0xa100;0xe0;19997;7;2197;120;3312;12
UF;82045005;754039;0xdeca;0xb103;0xa103;0xe0;18046;7;2083;123;5639;12
UF;82045070;754040;0xdeca;0xb102;0xa101;0xe0;19589;7;2298;124;6136;12
UF;82045196;754041;0xdeca;0xb103;0xa104;0xe0;18939;7;2012;118;7208;12
UF;82045209;754042;0xdeca;0xa100;0xb101;0xe1;16955;7;1989;124;3691;20
UL;82045209;33791;A;0;0xa100;0xb101;0xe1;16955;7;1989;124;3691;20
listener anchor=A src=0xa100 code=0xe1 level=7 q=16955 cir=1989 rxpacc=124 fp=3691/6984/5349 frames=298
UF;82045268;754043;0xdeca;0xb102;0xa101;0xe0;17215;7;1860;119;4255;12
UF;82045394;754044;0xdeca;0xb103;0xa100;0xe0;21217;7;2370;121;6072;12
UF;82045407;754045;0xdeca;0xb101;0xa100;0xe0;19224;7;2077;119;6583;12
UF;82045466;754046;0xdeca;0xb102;0xa101;0xe0;16597;7;1854;121;2286;12
UF;82045479;754047;0xdeca;0xa106;0xb102;0xe1;18184;7;2099;123;4201;20
UL;82045479;33792;G;6;0xa106;0xb102;0xe1;18184;7;2099;123;4201;20
UF;82045596;754048;0xdeca;0xb103;0xa104;0xe0;20827;7;2404;123;4715;12
UF;82045608;754049;0xdeca;0xa100;0xb101;0xe1;17762;7;2017;122;2307;20
UL;82045608;33793;A;0;0xa100;0xb101;0xe1;17762;7;2017;122;2307;20
uwb any-frame t=82045668 good=754050 len=12 fctrl=8841 pan=0xdeca dst=0xa102 src=0xb102 code=0xe0 q=18379 level=7 cir=2191 rxpacc=125 fp=6192/7104/5821
UF;82045668;754050;0xdeca;0xb102;0xa102;0xe0;18379;7;2191;125;6192;12
UF;82045793;754051;0xdeca;0xb103;0xa100;0xe0;19099;7;2029;118;6609;12
UF;82045805;754052;0xdeca;0xa103;0xb103;0xe1;16398;7;1742;118;3735;20
UL;82045805;33794;D;3;0xa103;0xb103;0xe1;16398;7;1742;118;3735;20
UF;82045865;754053;0xdeca;0xb102;0xa101;0xe0;18083;7;1921;118;6909;12
UF;82045878;754054;0xdeca;0xa106;0xb102;0xe1;18262;7;2108;123;3698;20
UL;82045878;33795;G;6;0xa106;0xb102;0xe1;18262;7;2108;123;3698;20
listener debug sel=A valid=1 age=309 level=7 good=754054 accepted=33795 badhdr=6 nonanchor=720253 toolong=0 rxerr=1672 rxen_fail=0 rxen_last=0 sys_status=0x00800002 sys_state=000505430b rx_finfo=0x07b6c814 last_status=0x04800102 last_len=20 pan=0xdeca dst=0xb102 src=0xa106 code=0xe1
UF;82045994;754055;0xdeca;0xb103;0xa104;0xe0;21242;7;2492;124;6441;12
UF;82046006;754056;0xdeca;0xa107;0xb103;0xe1;17998;7;1912;118;4895;20
UL;82046006;33796;H;7;0xa107;0xb103;0xe1;17998;7;1912;118;4895;20
UF;82046066;754057;0xdeca;0xb102;0xa101;0xe0;17630;7;2035;123;7361;12
UF;82046079;754058;0xdeca;0xa106;0xb102;0xe1;17113;7;1818;118;4384;20
UL;82046079;33797;G;6;0xa106;0xb102;0xe1;17113;7;1818;118;4384;20
UF;82046196;754059;0xdeca;0xb103;0xa100;0xe0;20342;7;2161;118;6862;12
UF;82046209;754060;0xdeca;0xa100;0xb101;0xe1;18437;7;1992;119;4114;20
UL;82046209;33798;A;0;0xa100;0xb101;0xe1;18437;7;1992;119;4114;20
listener anchor=A src=0xa100 code=0xe1 level=7 q=18437 cir=1992 rxpacc=119 fp=4114/6642/6622 frames=300
UF;82046267;754061;0xdeca;0xb102;0xa101;0xe0;18798;7;1997;118;6799;12
UF;82046394;754062;0xdeca;0xb103;0xa104;0xe0;19274;7;2153;121;6442;12
UF;82046407;754063;0xdeca;0xb101;0xa100;0xe0;18575;7;1940;117;7416;12
UF;82046466;754064;0xdeca;0xb102;0xa101;0xe0;19623;7;2302;124;7669;12
UF;82046478;754065;0xdeca;0xa104;0xb102;0xe1;17788;7;1987;121;6354;20
UL;82046478;33799;E;4;0xa104;0xb102;0xe1;17788;7;1987;121;6354;20
UF;82046595;754066;0xdeca;0xb103;0xa100;0xe0;18557;7;2177;124;4458;12
UF;82046608;754067;0xdeca;0xb101;0xa100;0xe0;18486;7;2031;120;7303;12
UF;82046667;754068;0xdeca;0xb102;0xa101;0xe0;18733;7;2024;119;7062;12
UF;82046794;754069;0xdeca;0xb103;0xa104;0xe0;20834;7;2251;119;6481;12
UF;82046806;754070;0xdeca;0xa107;0xb103;0xe1;17464;7;1824;117;4645;20
UL;82046806;33800;H;7;0xa107;0xb103;0xe1;17464;7;1824;117;4645;20
UF;82046866;754071;0xdeca;0xb102;0xa101;0xe0;17943;7;2105;124;7430;12
listener debug sel=A valid=1 age=711 level=7 good=754071 accepted=33800 badhdr=6 nonanchor=720265 toolong=0 rxerr=1672 rxen_fail=0 rxen_last=0 sys_status=0x00800002 sys_state=000505440b rx_finfo=0x07c6c80c last_status=0x04800102 last_len=12 pan=0xdeca dst=0xa101 src=0xb102 code=0xe0
UF;82046997;754072;0xdeca;0xb103;0xa100;0xe0;19233;7;2220;123;6091;12
UF;82047010;754073;0xdeca;0xb101;0xa102;0xe0;17212;7;1891;120;7214;12
UF;82047069;754074;0xdeca;0xb102;0xa101;0xe0;17603;7;1870;118;2692;12
UF;82047196;754075;0xdeca;0xb103;0xa104;0xe0;20448;7;2322;122;6695;12
UF;82047208;754076;0xdeca;0xa100;0xb101;0xe1;17770;7;1985;121;3720;20
UL;82047208;33801;A;0;0xa100;0xb101;0xe1;17770;7;1985;121;3720;20
UF;82047268;754077;0xdeca;0xb102;0xa102;0xe0;17301;7;1838;118;1238;12
UF;82047395;754078;0xdeca;0xb103;0xa100;0xe0;20094;7;2171;119;6646;12
UF;82047408;754079;0xdeca;0xa102;0xb101;0xe1;17712;7;1946;120;7131;20
UL;82047408;33802;C;2;0xa102;0xb101;0xe1;17712;7;1946;120;7131;20
UF;82047467;754080;0xdeca;0xb102;0xa101;0xe0;20168;7;2179;119;7202;12
UF;82047594;754081;0xdeca;0xb103;0xa104;0xe0;21727;7;2387;120;6075;12
UF;82047607;754082;0xdeca;0xb101;0xa102;0xe0;17128;7;1945;122;7355;12
UF;82047666;754083;0xdeca;0xb102;0xa101;0xe0;17436;7;1980;122;7527;12
UF;82047679;754084;0xdeca;0xa106;0xb102;0xe1;17770;7;1985;121;3182;20
UL;82047679;33803;G;6;0xa106;0xb102;0xe1;17770;7;1985;121;3182;20
UF;82047796;754085;0xdeca;0xb103;0xa100;0xe0;20402;7;2279;121;7323;12
UF;82047808;754086;0xdeca;0xa100;0xb101;0xe1;17095;7;1847;119;3145;20
UL;82047808;33804;A;0;0xa100;0xb101;0xe1;17095;7;1847;119;3145;20
listener anchor=A src=0xa100 code=0xe1 level=7 q=17095 cir=1847 rxpacc=119 fp=3145/6683/5725 frames=302
UF;82047867;754087;0xdeca;0xb102;0xa101;0xe0;18375;7;2121;123;7148;12
listener debug sel=A valid=1 age=113 level=7 good=754087 accepted=33804 badhdr=6 nonanchor=720277 toolong=0 rxerr=1672 rxen_fail=0 rxen_last=0 sys_status=0x00800002 sys_state=000505400b rx_finfo=0x07b6c80c last_status=0x04800102 last_len=12 pan=0xdeca dst=0xa101 src=0xb102 code=0xe0
UF;82047998;754088;0xdeca;0xb103;0xa104;0xe0;20516;7;2254;120;6634;12
UF;82048010;754089;0xdeca;0xb101;0xa102;0xe0;18173;7;2030;121;7665;12
UF;82048070;754090;0xdeca;0xb102;0xa101;0xe0;16211;7;1781;120;6986;12
UF;82048196;754091;0xdeca;0xb103;0xa100;0xe0;18941;7;2081;120;5316;12
UF;82048209;754092;0xdeca;0xa100;0xb101;0xe1;18191;7;2134;124;2810;20
UL;82048209;33805;A;0;0xa100;0xb101;0xe1;18191;7;2134;124;2810;20
UF;82048269;754093;0xdeca;0xb102;0xa101;0xe0;21139;7;2440;123;7481;12
UF;82048395;754094;0xdeca;0xb103;0xa104;0xe0;19820;7;2214;121;7518;12
UF;82048408;754095;0xdeca;0xb101;0xa100;0xe0;19354;7;2234;123;7277;12
UF;82048467;754096;0xdeca;0xb102;0xa101;0xe0;18252;7;1939;118;7295;12
UF;82048594;754097;0xdeca;0xb103;0xa100;0xe0;19906;7;2079;117;6421;12
UF;82048607;754098;0xdeca;0xa103;0xb103;0xe1;16878;7;1793;118;4086;20
UL;82048607;33806;D;3;0xa103;0xb103;0xe1;16878;7;1793;118;4086;20
UF;82048667;754099;0xdeca;0xb102;0xa101;0xe0;20069;7;2132;118;7088;12
uwb any-frame t=82048793 good=754100 len=12 fctrl=8841 pan=0xdeca dst=0xa104 src=0xb103 code=0xe0 q=19605 level=7 cir=2190 rxpacc=121 fp=4520/7118/6336
UF;82048793;754100;0xdeca;0xb103;0xa104;0xe0;19605;7;2190;121;4520;12
UF;82048866;754101;0xdeca;0xb102;0xa102;0xe0;19032;7;2126;121;6984;12
UF;82048878;754102;0xdeca;0xa106;0xb102;0xe1;18659;7;2016;119;3417;20
UL;82048878;33807;G;6;0xa106;0xb102;0xe1;18659;7;2016;119;3417;20
listener debug sel=A valid=1 age=714 level=7 good=754102 accepted=33807 badhdr=6 nonanchor=720289 toolong=0 rxerr=1672 rxen_fail=0 rxen_last=0 sys_status=0x00800002 sys_state=000505400b rx_finfo=0x0776c814 last_status=0x04800102 last_len=20 pan=0xdeca dst=0xb102 src=0xa106 code=0xe1
UF;82048994;754103;0xdeca;0xb103;0xa100;0xe0;19829;7;2215;121;4293;12
UF;82049007;754104;0xdeca;0xb101;0xa102;0xe0;18362;7;2189;125;7525;12
UF;82049066;754105;0xdeca;0xb102;0xa101;0xe0;18195;7;1999;120;7018;12
UF;82049079;754106;0xdeca;0xa106;0xb102;0xe1;17551;7;2059;124;4852;20
UL;82049079;33808;G;6;0xa106;0xb102;0xe1;17551;7;2059;124;4852;20
UF;82049196;754107;0xdeca;0xb103;0xa104;0xe0;20393;7;2278;121;6858;12
UF;82049209;754108;0xdeca;0xa102;0xb101;0xe1;17947;7;1939;119;7170;20
UL;82049209;33809;C;2;0xa102;0xb101;0xe1;17947;7;1939;119;7170;20
UF;82049268;754109;0xdeca;0xb102;0xa101;0xe0;16262;7;1757;119;5146;12
UF;82049395;754110;0xdeca;0xb103;0xa100;0xe0;19080;7;2027;118;6551;12
UF;82049408;754111;0xdeca;0xb101;0xa100;0xe0;18405;7;2090;122;6771;12
UF;82049467;754112;0xdeca;0xb102;0xa101;0xe0;17141;7;1821;118;5477;12
UF;82049594;754113;0xdeca;0xb103;0xa104;0xe0;19074;7;2166;122;4495;12
UF;82049606;754114;0xdeca;0xa107;0xb103;0xe1;17048;7;2000;124;6621;20
UL;82049606;33810;H;7;0xa107;0xb103;0xe1;17048;7;2000;124;6621;20
UF;82049666;754115;0xdeca;0xb102;0xa101;0xe0;19391;7;2060;118;7007;12
UF;82049793;754116;0xdeca;0xb103;0xa100;0xe0;18228;7;2070;122;4371;12
UF;82049805;754117;0xdeca;0xa103;0xb103;0xe1;17517;7;2022;123;3670;20
UL;82049805;33811;D;3;0xa103;0xb103;0xe1;17517;7;2022;123;3670;20
UF;82049865;754118;0xdeca;0xb102;0xa101;0xe0;17188;7;1920;121;7584;12
UF;82049878;754119;0xdeca;0xa106;0xb102;0xe1;17882;7;1932;119;3352;20
UL;82049878;33812;G;6;0xa106;0xb102;0xe1;17882;7;1932;119;3352;20
listener debug sel=A valid=1 age=1718 level=7 good=754119 accepted=33812 badhdr=6 nonanchor=720301 toolong=0 rxerr=1672 rxen_fail=0 rxen_last=0 sys_status=0x00800002 sys_state=000505460b rx_finfo=0x0776c814 last_status=0x04800102 last_len=20 pan=0xdeca dst=0xb102 src=0xa106 code=0xe1
UF;82049994;754120;0xdeca;0xb103;0xa104;0xe0;19578;7;2187;121;5446;12
UF;82050006;754121;0xdeca;0xa107;0xb103;0xe1;15451;7;383;57;57;20
UL;82050006;33813;H;7;0xa107;0xb103;0xe1;15451;7;383;57;57;20
UF;82050066;754122;0xdeca;0xb102;0xa101;0xe0;18770;7;2202;124;7571;12
UF;82050078;754123;0xdeca;0xa106;0xb102;0xe1;18072;7;2086;123;6447;20
UL;82050078;33814;G;6;0xa106;0xb102;0xe1;18072;7;2086;123;6447;20
UF;82050195;754124;0xdeca;0xb103;0xa100;0xe0;18823;7;2068;120;3925;12
UF;82050208;754125;0xdeca;0xb101;0xa100;0xe0;20912;7;2336;121;7363;12
UF;82050267;754126;0xdeca;0xb102;0xa101;0xe0;21693;7;2504;123;7634;12
UF;82050393;754127;0xdeca;0xb103;0xa104;0xe0;21916;7;2571;124;5848;12
UF;82050406;754128;0xdeca;0xb103;0xa107;0xe0;19273;7;2261;124;6718;12
UF;82050470;754129;0xdeca;0xb102;0xa102;0xe0;22555;8;2478;120;7099;12
UF;82050596;754130;0xdeca;0xb103;0xa100;0xe0;20650;7;2345;122;5800;12
UF;82050609;754131;0xdeca;0xa102;0xb101;0xe1;17012;7;1838;119;6634;20
UL;82050609;33815;C;2;0xa102;0xb101;0xe1;17012;7;1838;119;6634;20
UF;82050669;754132;0xdeca;0xb102;0xa101;0xe0;22373;8;2458;120;6988;12
UF;82050795;754133;0xdeca;0xb103;0xa104;0xe0;18470;7;1929;117;6673;12
UF;82050808;754134;0xdeca;0xb101;0xa102;0xe0;13448;6;181;42;1886;12
UF;82050867;754135;0xdeca;0xb102;0xa101;0xe0;16617;7;1887;122;5444;12
UF;82050879;754136;0xdeca;0xa106;0xb102;0xe1;18061;7;2051;122;3939;20
UL;82050879;33816;G;6;0xa106;0xb102;0xe1;18061;7;2051;122;3939;20
listener debug sel=A valid=1 age=2720 level=7 good=754136 accepted=33816 badhdr=6 nonanchor=720314 toolong=0 rxerr=1672 rxen_fail=0 rxen_last=0 sys_status=0x00800002 sys_state=000505400b rx_finfo=0x07a6c814 last_status=0x04800102 last_len=20 pan=0xdeca dst=0xb102 src=0xa106 code=0xe1
UF;82050995;754137;0xdeca;0xb103;0xa100;0xe0;18713;7;2125;122;5864;12
UF;82051008;754138;0xdeca;0xa100;0xb101;0xe1;18104;7;1956;119;3697;20
UL;82051008;33817;A;0;0xa100;0xb101;0xe1;18104;7;1956;119;3697;20
listener anchor=A src=0xa100 code=0xe1 level=7 q=18104 cir=1956 rxpacc=119 fp=3697/6712/6527 frames=304
UF;82051066;754139;0xdeca;0xb102;0xa101;0xe0;19005;7;2019;118;5732;12
UF;82051193;754140;0xdeca;0xb103;0xa104;0xe0;21020;7;2233;118;4845;12
UF;82051206;754141;0xdeca;0xa107;0xb103;0xe1;17771;7;1856;117;6528;20
UL;82051206;33818;H;7;0xa107;0xb103;0xe1;17771;7;1856;117;6528;20
UF;82051266;754142;0xdeca;0xb102;0xa101;0xe0;19725;7;2314;124;7006;12
UF;82051278;754143;0xdeca;0xa104;0xb102;0xe1;18872;7;1971;117;7178;20
UL;82051278;33819;E;4;0xa104;0xb102;0xe1;18872;7;1971;117;7178;20
UF;82051395;754144;0xdeca;0xb103;0xa100;0xe0;19945;7;2228;121;4671;12
UF;82051408;754145;0xdeca;0xa100;0xb101;0xe1;19807;7;2140;119;5827;20
UL;82051408;33820;A;0;0xa100;0xb101;0xe1;19807;7;2140;119;5827;20
UF;82051468;754146;0xdeca;0xb102;0xa101;0xe0;19231;7;2256;124;3969;12
UF;82051594;754147;0xdeca;0xb103;0xa104;0xe0;20356;7;2388;124;4490;12
UF;82051607;754148;0xdeca;0xb101;0xa100;0xe0;17104;7;1848;119;7070;12
UF;82051666;754149;0xdeca;0xb102;0xa101;0xe0;17631;7;1873;118;7381;12
uwb any-frame t=82051793 good=754150 len=12 fctrl=8841 pan=0xdeca dst=0xa100 src=0xb103 code=0xe0 q=19691 level=7 cir=2310 rxpacc=124 fp=6869/7569/5611
UF;82051793;754150;0xdeca;0xb103;0xa100;0xe0;19691;7;2310;124;6869;12
UF;82051866;754151;0xdeca;0xb102;0xa101;0xe0;18925;7;2114;121;7025;12
UF;82051878;754152;0xdeca;0xa106;0xb102;0xe1;18860;7;2177;123;4212;20
UL;82051878;33821;G;6;0xa106;0xb102;0xe1;18860;7;2177;123;4212;20
listener debug sel=A valid=1 age=525 level=7 good=754152 accepted=33821 badhdr=6 nonanchor=720325 toolong=0 rxerr=1672 rxen_fail=0 rxen_last=0 sys_status=0x00800002 sys_state=000505460b rx_finfo=0x07b6c814 last_status=0x04800102 last_len=20 pan=0xdeca dst=0xb102 src=0xa106 code=0xe1
UF;82051994;754153;0xdeca;0xb103;0xa104;0xe0;19214;7;2111;120;6894;12
UF;82052007;754154;0xdeca;0xb101;0xa100;0xe0;16966;7;1864;120;6937;12
UF;82052066;754155;0xdeca;0xb102;0xa102;0xe0;18532;7;2036;120;7339;12
UF;82052079;754156;0xdeca;0xa106;0xb102;0xe1;17585;7;2063;124;4073;20
UL;82052079;33822;G;6;0xa106;0xb102;0xe1;17585;7;2063;124;4073;20
UF;82052196;754157;0xdeca;0xb103;0xa100;0xe0;20439;7;2321;122;3297;12
UF;82052208;754158;0xdeca;0xa102;0xb101;0xe1;17197;7;1858;119;7019;20
UL;82052208;33823;C;2;0xa102;0xb101;0xe1;17197;7;1858;119;7019;20
UF;82052268;754159;0xdeca;0xb102;0xa101;0xe0;17453;7;1982;122;7354;12
UF;82052395;754160;0xdeca;0xb103;0xa104;0xe0;18123;7;2058;122;4387;12
UF;82052407;754161;0xdeca;0xb101;0xa102;0xe0;19469;7;2284;124;7169;12
UF;82052467;754162;0xdeca;0xb102;0xa101;0xe0;20015;7;2199;120;5923;12
UF;82052479;754163;0xdeca;0xa106;0xb102;0xe1;18404;7;2022;120;4187;20
UL;82052479;33824;G;6;0xa106;0xb102;0xe1;18404;7;2022;120;4187;20
UF;82052596;754164;0xdeca;0xb103;0xa100;0xe0;18939;7;2012;118;6972;12
UF;82052609;754165;0xdeca;0xa100;0xb101;0xe1;15263;7;492;65;2201;20
UL;82052609;33825;A;0;0xa100;0xb101;0xe1;15263;7;492;65;2201;20
listener anchor=A src=0xa100 code=0xe1 level=7 q=15263 cir=492 rxpacc=65 fp=2201/3265/2323 frames=306
UF;82052667;754166;0xdeca;0xb102;0xa101;0xe0;18934;7;2115;121;7028;12
UF;82052679;754167;0xdeca;0xb102;0xa104;0xe0;21668;7;2263;117;7051;12
UF;82052796;754168;0xdeca;0xb103;0xa104;0xe0;20844;7;2252;119;6858;12
UF;82052808;754169;0xdeca;0xb101;0xa100;0xe0;18259;7;2142;124;7405;12
UF;82052868;754170;0xdeca;0xb102;0xa101;0xe0;17321;7;1903;120;7158;12
listener debug sel=A valid=1 age=328 level=7 good=754170 accepted=33825 badhdr=6 nonanchor=720339 toolong=0 rxerr=1672 rxen_fail=0 rxen_last=0 sys_status=0x00800002 sys_state=000505440b rx_finfo=0x0786c80c last_status=0x04800102 last_len=12 pan=0xdeca dst=0xa101 src=0xb102 code=0xe0
UF;82052993;754171;0xdeca;0xb103;0xa100;0xe0;18881;7;1972;117;4022;12
UF;82053006;754172;0xdeca;0xa103;0xb103;0xe1;17188;7;2049;125;4148;20
UL;82053006;33826;D;3;0xa103;0xb103;0xe1;17188;7;2049;125;4148;20
UF;82053066;754173;0xdeca;0xb102;0xa101;0xe0;17761;7;1984;121;6536;12
UF;82053078;754174;0xdeca;0xa106;0xb102;0xe1;17779;7;1986;121;3707;20
UL;82053078;33827;G;6;0xa106;0xb102;0xe1;17779;7;1986;121;3707;20
UF;82053195;754175;0xdeca;0xb103;0xa104;0xe0;18959;7;2153;122;4646;12
UF;82053208;754176;0xdeca;0xa100;0xb101;0xe1;18947;7;2187;123;3262;20
UL;82053208;33828;A;0;0xa100;0xb101;0xe1;18947;7;2187;123;3262;20
UF;82053268;754177;0xdeca;0xb102;0xa101;0xe0;17841;7;2026;122;4185;12
UF;82053395;754178;0xdeca;0xb103;0xa100;0xe0;21500;7;2284;118;6209;12
UF;82053407;754179;0xdeca;0xb101;0xa100;0xe0;18002;7;1945;119;5577;12
UF;82053466;754180;0xdeca;0xb102;0xa101;0xe0;17066;7;1813;118;2914;12
UF;82053593;754181;0xdeca;0xb103;0xa104;0xe0;20339;7;2386;124;6489;12
UF;82053606;754182;0xdeca;0xa107;0xb103;0xe1;17988;7;1911;118;5656;20
UL;82053606;33829;H;7;0xa107;0xb103;0xe1;17988;7;1911;118;5656;20
UF;82053666;754183;0xdeca;0xb102;0xa102;0xe0;17891;7;1933;119;6413;12
UF;82053678;754184;0xdeca;0xa106;0xb102;0xe1;18722;7;2126;122;4208;20
UL;82053678;33830;G;6;0xa106;0xb102;0xe1;18722;7;2126;122;4208;20
UF;82053795;754185;0xdeca;0xb103;0xa100;0xe0;19197;7;2180;122;4430;12
UF;82053808;754186;0xdeca;0xb101;0xa102;0xe0;15812;7;1855;124;7106;12
UF;82053867;754187;0xdeca;0xb102;0xa101;0xe0;19892;7;2222;121;7369;12
listener debug sel=A valid=1 age=729 level=7 good=754187 accepted=33830 badhdr=6 nonanchor=720351 toolong=0 rxerr=1672 rxen_fail=0 rxen_last=0 sys_status=0x00800002 sys_state=000505410b rx_finfo=0x0796c80c last_status=0x04800102 last_len=12 pan=0xdeca dst=0xa101 src=0xb102 code=0xe0
UF;82053993;754188;0xdeca;0xb103;0xa104;0xe0;19571;7;2044;117;5981;12
UF;82054005;754189;0xdeca;0xa107;0xb103;0xe1;17574;7;2095;125;5330;20
UL;82054005;33831;H;7;0xa107;0xb103;0xe1;17574;7;2095;125;5330;20
UF;82054065;754190;0xdeca;0xb102;0xa101;0xe0;17809;7;1860;117;6785;12
UF;82054078;754191;0xdeca;0xb102;0xa106;0xe0;21748;7;1344;90;5433;12
UF;82054194;754192;0xdeca;0xb103;0xa100;0xe0;20324;7;2346;123;5346;12
UF;82054207;754193;0xdeca;0xb101;0xa100;0xe0;20365;7;2127;117;7204;12
UF;82054266;754194;0xdeca;0xb102;0xa101;0xe0;17858;7;1962;120;6973;12
UF;82054279;754195;0xdeca;0xa104;0xb102;0xe1;18432;7;2059;121;7305;20
UL;82054279;33832;E;4;0xa104;0xb102;0xe1;18432;7;2059;121;7305;20
UF;82054396;754196;0xdeca;0xb103;0xa104;0xe0;19560;7;2185;121;7276;12
UF;82054408;754197;0xdeca;0xa100;0xb101;0xe1;18641;7;2014;119;1969;20
UL;82054408;33833;A;0;0xa100;0xb101;0xe1;18641;7;2014;119;1969;20
listener anchor=A src=0xa100 code=0xe1 level=7 q=18641 cir=2014 rxpacc=119 fp=1969/6735/6467 frames=308
UF;82054467;754198;0xdeca;0xb102;0xa101;0xe0;17925;7;2069;123;7141;12
UF;82054594;754199;0xdeca;0xb103;0xa100;0xe0;20140;7;2176;119;6614;12
uwb any-frame t=82054606 good=754200 len=20 fctrl=8841 pan=0xdeca dst=0xb103 src=0xa103 code=0xe1 q=16221 level=7 cir=1842 rxpacc=122 fp=2347/3729/2026
UF;82054606;754200;0xdeca;0xa103;0xb103;0xe1;16221;7;1842;122;2347;20
UL;82054606;33834;D;3;0xa103;0xb103;0xe1;16221;7;1842;122;2347;20
UF;82054669;754201;0xdeca;0xb102;0xa101;0xe0;20955;7;2264;119;7326;12
UF;82054796;754202;0xdeca;0xb103;0xa104;0xe0;19883;7;2221;121;6621;12
UF;82054808;754203;0xdeca;0xa100;0xb101;0xe1;18280;7;1942;118;5079;20
UL;82054808;33835;A;0;0xa100;0xb101;0xe1;18280;7;1942;118;5079;20
UF;82054868;754204;0xdeca;0xb102;0xa101;0xe0;19032;7;2091;120;4961;12
listener debug sel=A valid=1 age=130 level=7 good=754204 accepted=33835 badhdr=6 nonanchor=720363 toolong=0 rxerr=1672 rxen_fail=0 rxen_last=0 sys_status=0x00800002 sys_state=000505450b rx_finfo=0x0786c80c last_status=0x04800102 last_len=12 pan=0xdeca dst=0xa101 src=0xb102 code=0xe0
UF;82054994;754205;0xdeca;0xb103;0xa100;0xe0;21299;7;2340;120;4031;12
UF;82055007;754206;0xdeca;0xb101;0xa100;0xe0;18687;7;2019;119;7139;12
UF;82055066;754207;0xdeca;0xb102;0xa101;0xe0;17302;7;1807;117;7134;12
UF;82055078;754208;0xdeca;0xa106;0xb102;0xe1;17045;7;1904;121;3953;20
UL;82055078;33836;G;6;0xa106;0xb102;0xe1;17045;7;1904;121;3953;20
UF;82055195;754209;0xdeca;0xb103;0xa104;0xe0;20015;7;2348;124;5812;12
UF;82055208;754210;0xdeca;0xa100;0xb101;0xe1;18139;7;1927;118;1659;20
UL;82055208;33837;A;0;0xa100;0xb101;0xe1;18139;7;1927;118;1659;20
UF;82055268;754211;0xdeca;0xb102;0xa102;0xe0;18970;7;2119;121;6512;12
UF;82055395;754212;0xdeca;0xb103;0xa100;0xe0;20456;7;2323;122;5522;12
UF;82055407;754213;0xdeca;0xb101;0xa102;0xe0;20122;7;2285;122;7346;12
UF;82055467;754214;0xdeca;0xb102;0xa101;0xe0;18336;7;2151;124;4914;12
UF;82055479;754215;0xdeca;0xa106;0xb102;0xe1;18501;7;2101;122;6157;20
UL;82055479;33838;G;6;0xa106;0xb102;0xe1;18501;7;2101;122;6157;20
UF;82055596;754216;0xdeca;0xb103;0xa104;0xe0;21223;7;2293;119;7298;12
UF;82055609;754217;0xdeca;0xa102;0xb101;0xe1;18158;7;2096;123;7331;20
UL;82055609;33839;C;2;0xa102;0xb101;0xe1;18158;7;2096;123;7331;20
UF;82055669;754218;0xdeca;0xb102;0xa101;0xe0;17141;7;1821;118;7305;12
UF;82055795;754219;0xdeca;0xb103;0xa100;0xe0;18438;7;2198;125;4967;12
UF;82055808;754220;0xdeca;0xa100;0xb101;0xe1;18508;7;1933;117;2131;20
UL;82055808;33840;A;0;0xa100;0xb101;0xe1;18508;7;1933;117;2131;20
listener anchor=A src=0xa100 code=0xe1 level=7 q=18508 cir=1933 rxpacc=117 fp=2131/6372/6084 frames=311
UF;82055867;754221;0xdeca;0xb102;0xa101;0xe0;17354;7;1875;119;6721;12
UF;82055879;754222;0xdeca;0xa104;0xb102;0xe1;17439;7;1948;121;6391;20
UL;82055879;33841;E;4;0xa104;0xb102;0xe1;17439;7;1948;121;6391;20
listener debug sel=A valid=1 age=131 level=7 good=754222 accepted=33841 badhdr=6 nonanchor=720375 toolong=0 rxerr=1672 rxen_fail=0 rxen_last=0 sys_status=0x00800002 sys_state=000505410b rx_finfo=0x0796c814 last_status=0x04800102 last_len=20 pan=0xdeca dst=0xb102 src=0xa104 code=0xe1
UF;82055995;754223;0xdeca;0xb103;0xa104;0xe0;20983;7;2422;123;5199;12
UF;82056008;754224;0xdeca;0xb101;0xa100;0xe0;16583;7;1732;117;6716;12
UF;82056067;754225;0xdeca;0xb102;0xa101;0xe0;18486;7;2065;121;7264;12
UF;82056194;754226;0xdeca;0xb103;0xa100;0xe0;20881;7;2256;119;6879;12
UF;82056206;754227;0xdeca;0xa103;0xb103;0xe1;15380;7;1718;121;3863;20
UL;82056206;33842;D;3;0xa103;0xb103;0xe1;15380;7;1718;121;3863;20
UF;82056272;754228;0xdeca;0xb102;0xa101;0xe0;17947;7;2038;122;7527;12
UF;82056393;754229;0xdeca;0xb103;0xa104;0xe0;20212;7;2333;123;6754;12
UF;82056406;754230;0xdeca;0xa107;0xb103;0xe1;17509;7;2054;124;6017;20
UL;82056406;33843;H;7;0xa107;0xb103;0xe1;17509;7;2054;124;6017;20
UF;82056466;754231;0xdeca;0xb102;0xa101;0xe0;17308;7;1870;119;7020;12
UF;82056478;754232;0xdeca;0xa106;0xb102;0xe1;18795;7;1963;117;5746;20
UL;82056478;33844;G;6;0xa106;0xb102;0xe1;18795;7;1963;117;5746;20
UF;82056595;754233;0xdeca;0xb103;0xa100;0xe0;21808;7;2436;121;5539;12
UF;82056608;754234;0xdeca;0xa100;0xb101;0xe1;18323;7;2115;123;2435;20
UL;82056608;33845;A;0;0xa100;0xb101;0xe1;18323;7;2115;123;2435;20
UF;82056668;754235;0xdeca;0xb102;0xa101;0xe0;20286;7;2266;121;7119;12
UF;82056794;754236;0xdeca;0xb103;0xa104;0xe0;22022;8;2542;123;7189;12
UF;82056807;754237;0xdeca;0xb101;0xa100;0xe0;16727;7;1747;117;7105;12
UF;82056866;754238;0xdeca;0xb102;0xa102;0xe0;17621;7;1872;118;7049;12
UF;82056879;754239;0xdeca;0xa106;0xb102;0xe1;18915;7;2219;124;5354;20
UL;82056879;33846;G;6;0xa106;0xb102;0xe1;18915;7;2219;124;5354;20
listener debug sel=A valid=1 age=331 level=7 good=754239 accepted=33846 badhdr=6 nonanchor=720387 toolong=0 rxerr=1672 rxen_fail=0 rxen_last=0 sys_status=0x00800002 sys_state=000505460b rx_finfo=0x07c6c814 last_status=0x04800102 last_len=20 pan=0xdeca dst=0xb102 src=0xa106 code=0xe1
UF;82056995;754240;0xdeca;0xb103;0xa100;0xe0;20231;7;2113;117;7061;12
UF;82057007;754241;0xdeca;0xb101;0xa102;0xe0;19187;7;2073;119;4308;12
UF;82057067;754242;0xdeca;0xb102;0xa101;0xe0;19344;7;2090;119;2352;12
UF;82057193;754243;0xdeca;0xb103;0xa104;0xe0;21745;7;2389;120;5929;12
UF;82057206;754244;0xdeca;0xa107;0xb103;0xe1;18077;7;2155;125;6245;20
UL;82057206;33847;H;7;0xa107;0xb103;0xe1;18077;7;2155;125;6245;20
UF;82057266;754245;0xdeca;0xb102;0xa101;0xe0;16995;7;1775;117;2644;12
UF;82057278;754246;0xdeca;0xa106;0xb102;0xe1;18327;7;1947;118;5991;20
UL;82057278;33848;G;6;0xa106;0xb102;0xe1;18327;7;1947;118;5991;20
UF;82057395;754247;0xdeca;0xb103;0xa100;0xe0;20572;7;2298;121;4618;12
UF;82057408;754248;0xdeca;0xb101;0xa100;0xe0;19269;7;2047;118;6192;12
UF;82057467;754249;0xdeca;0xb102;0xa101;0xe0;16582;7;1914;123;2103;12
uwb any-frame t=82057594 good=754250 len=12 fctrl=8841 pan=0xdeca dst=0xa104 src=0xb103 code=0xe0 q=21123 level=7 cir=2244 rxpacc=118 fp=6587/7522/6391
UF;82057594;754250;0xdeca;0xb103;0xa104;0xe0;21123;7;2244;118;6587;12
UF;82057666;754251;0xdeca;0xb102;0xa101;0xe0;19162;7;2248;124;5836;12
UF;82057679;754252;0xdeca;0xa104;0xb102;0xe1;16160;7;505;64;3526;20
UL;82057679;33849;E;4;0xa104;0xb102;0xe1;16160;7;505;64;3526;20
UF;82057796;754253;0xdeca;0xb103;0xa100;0xe0;19650;7;2123;119;6871;12
UF;82057808;754254;0xdeca;0xa100;0xb101;0xe1;18361;7;2051;121;4406;20
UL;82057808;33850;A;0;0xa100;0xb101;0xe1;18361;7;2051;121;4406;20
listener anchor=A src=0xa100 code=0xe1 level=7 q=18361 cir=2051 rxpacc=121 fp=4406/6777/4680 frames=313
UF;82057867;754255;0xdeca;0xb102;0xa101;0xe0;17541;7;1832;117;7184;12
listener debug sel=A valid=1 age=134 level=7 good=754255 accepted=33850 badhdr=6 nonanchor=720399 toolong=0 rxerr=1672 rxen_fail=0 rxen_last=0 sys_status=0x00800002 sys_state=000505400b rx_finfo=0x0756c80c last_status=0x04800102 last_len=12 pan=0xdeca dst=0xa101 src=0xb102 code=0xe0
UF;82057998;754256;0xdeca;0xb103;0xa104;0xe0;19632;7;2193;121;6635;12
UF;82058010;754257;0xdeca;0xa100;0xb101;0xe1;19292;7;2155;121;3094;20
UL;82058010;33851;A;0;0xa100;0xb101;0xe1;19292;7;2155;121;3094;20
UF;82058065;754258;0xdeca;0xb102;0xa101;0xe0;20192;7;2293;122;7471;12
UF;82058078;754259;0xdeca;0xb102;0xa106;0xe0;18967;7;2015;118;6922;12
UF;82058194;754260;0xdeca;0xb103;0xa100;0xe0;18755;7;2095;121;4088;12
UF;82058207;754261;0xdeca;0xa103;0xb103;0xe1;17398;7;2041;124;2438;20
UL;82058207;33852;D;3;0xa103;0xb103;0xe1;17398;7;2041;124;2438;20
UF;82058267;754262;0xdeca;0xb102;0xa101;0xe0;21619;7;2455;122;7206;12
UF;82058279;754263;0xdeca;0xa106;0xb102;0xe1;17462;7;1983;122;5647;20
UL;82058279;33853;G;6;0xa106;0xb102;0xe1;17462;7;1983;122;5647;20
UF;82058396;754264;0xdeca;0xb103;0xa104;0xe0;19935;7;2082;117;4068;12
UF;82058414;754265;0xdeca;0xb101;0xa107;0xe0;19829;7;2215;121;7335;12
UF;82058469;754266;0xdeca;0xb102;0xa102;0xe0;18722;7;2126;122;7487;12
UF;82058595;754267;0xdeca;0xb103;0xa100;0xe0;21253;7;2335;120;6841;12
UF;82058608;754268;0xdeca;0xb101;0xa102;0xe0;20416;7;2395;124;7551;12
UF;82058667;754269;0xdeca;0xb102;0xa101;0xe0;21002;7;2385;122;7471;12
UF;82058794;754270;0xdeca;0xb103;0xa104;0xe0;18937;7;2046;119;6989;12
UF;82058806;754271;0xdeca;0xa107;0xb103;0xe1;16887;7;1794;118;5072;20
UL;82058806;33854;H;7;0xa107;0xb103;0xe1;16887;7;1794;118;5072;20
UF;82058866;754272;0xdeca;0xb102;0xa101;0xe0;16511;7;1875;122;5002;12
listener debug sel=A valid=1 age=936 level=7 good=754272 accepted=33854 badhdr=6 nonanchor=720412 toolong=0 rxerr=1673 rxen_fail=0 rxen_last=0 sys_status=0x00800002 sys_state=000505470b rx_finfo=0x07a6c80c last_status=0x00801302 last_len=12 pan=0xdeca dst=0xa101 src=0xb102 code=0xe0
UF;82058997;754273;0xdeca;0xb103;0xa100;0xe0;20142;7;2250;121;4579;12
UF;82059010;754274;0xdeca;0xb101;0xa102;0xe0;18594;7;1942;117;5687;12
UF;82059069;754275;0xdeca;0xb102;0xa101;0xe0;16452;7;1899;123;7319;12
UF;82059081;754276;0xdeca;0xa104;0xb102;0xe1;16906;7;1618;112;6773;20
UL;82059081;33855;E;4;0xa104;0xb102;0xe1;16906;7;1618;112;6773;20
UF;82059193;754277;0xdeca;0xb103;0xa104;0xe0;20109;7;2359;124;3910;12
UF;82059206;754278;0xdeca;0xa107;0xb103;0xe1;17832;7;2025;122;6703;20
UL;82059206;33856;H;7;0xa107;0xb103;0xe1;17832;7;2025;122;6703;20
UF;82059266;754279;0xdeca;0xb102;0xa101;0xe0;18495;7;2066;121;1503;12
UF;82059278;754280;0xdeca;0xa104;0xb102;0xe1;17967;7;1974;120;6743;20
UL;82059278;33857;E;4;0xa104;0xb102;0xe1;17967;7;1974;120;6743;20
UF;82059395;754281;0xdeca;0xb103;0xa100;0xe0;20142;7;2325;123;6810;12
UF;82059408;754282;0xdeca;0xa100;0xb101;0xe1;18327;7;1947;118;1949;20
UL;82059408;33858;A;0;0xa100;0xb101;0xe1;18327;7;1947;118;1949;20
listener anchor=A src=0xa100 code=0xe1 level=7 q=18327 cir=1947 rxpacc=118 fp=1949/6718/6393 frames=315
UF;82059467;754283;0xdeca;0xb102;0xa101;0xe0;18280;7;1942;118;979;12
UF;82059479;754284;0xdeca;0xa106;0xb102;0xe1;17576;7;1899;119;4284;20
UL;82059479;33859;G;6;0xa106;0xb102;0xe1;17576;7;1899;119;4284;20
UF;82059596;754285;0xdeca;0xb103;0xa104;0xe0;19538;7;2292;124;5270;12
UF;82059609;754286;0xdeca;0xb101;0xa102;0xe0;18872;7;2039;119;6678;12
UF;82059668;754287;0xdeca;0xb102;0xa101;0xe0;17339;7;1905;120;6936;12
UF;82059795;754288;0xdeca;0xb103;0xa100;0xe0;19381;7;2094;119;3617;12
UF;82059807;754289;0xdeca;0xb101;0xa100;0xe0;17841;7;2093;124;7726;12
UF;82059866;754290;0xdeca;0xb102;0xa101;0xe0;18309;7;1945;118;7364;12
UF;82059879;754291;0xdeca;0xa106;0xb102;0xe1;17922;7;1969;120;4772;20
UL;82059879;33860;G;6;0xa106;0xb102;0xe1;17922;7;1969;120;4772;20
listener debug sel=A valid=1 age=541 level=7 good=754291 accepted=33860 badhdr=6 nonanchor=720425 toolong=0 rxerr=1673 rxen_fail=0 rxen_last=0 sys_status=0x00800002 sys_state=000505450b rx_finfo=0x0786c814 last_status=0x00801302 last_len=20 pan=0xdeca dst=0xb102 src=0xa106 code=0xe1
UF;82059995;754292;0xdeca;0xb103;0xa104;0xe0;20307;7;2306;122;6126;12
UF;82060007;754293;0xdeca;0xb101;0xa100;0xe0;16282;7;662;73;4232;12
UF;82060067;754294;0xdeca;0xb102;0xa102;0xe0;18395;7;2158;124;7757;12
UF;82060193;754295;0xdeca;0xb103;0xa100;0xe0;18872;7;2039;119;3603;12
UF;82060206;754296;0xdeca;0xa103;0xb103;0xe1;18756;7;2165;123;2576;20
UL;82060206;33861;D;3;0xa103;0xb103;0xe1;18756;7;2165;123;2576;20
UF;82060266;754297;0xdeca;0xb102;0xa101;0xe0;17730;7;2080;124;7302;12
UF;82060278;754298;0xdeca;0xa106;0xb102;0xe1;17999;7;2044;122;5042;20
UL;82060278;33862;G;6;0xa106;0xb102;0xe1;17999;7;2044;122;5042;20
UF;82060395;754299;0xdeca;0xb103;0xa104;0xe0;20845;7;2485;125;7158;12
uwb any-frame t=82060408 good=754300 len=12 fctrl=8841 pan=0xdeca dst=0xa102 src=0xb101 code=0xe0 q=18898 level=7 cir=2146 rxpacc=122 fp=6868/7520/6228
UF;82060408;754300;0xdeca;0xb101;0xa102;0xe0;18898;7;2146;122;6868;12
UF;82060465;754301;0xdeca;0xb102;0xa101;0xe0;16801;7;1971;124;7481;12
UF;82060477;754302;0xdeca;0xb102;0xa106;0xe0;16105;7;1740;119;7062;12
UF;82060594;754303;0xdeca;0xb103;0xa100;0xe0;19307;7;2086;119;6527;12
UF;82060606;754304;0xdeca;0xa103;0xb103;0xe1;16821;7;1787;118;3828;20
UL;82060606;33863;D;3;0xa103;0xb103;0xe1;16821;7;1787;118;3828;20
UF;82060666;754305;0xdeca;0xb102;0xa101;0xe0;18173;7;2030;121;7414;12
UF;82060679;754306;0xdeca;0xa104;0xb102;0xe1;17037;7;2031;125;5634;20
UL;82060679;33864;E;4;0xa104;0xb102;0xe1;17037;7;2031;125;5634;20
UF;82060796;754307;0xdeca;0xb103;0xa104;0xe0;20568;7;2185;118;7049;12
UF;82060808;754308;0xdeca;0xa100;0xb101;0xe1;18202;7;2067;122;3051;20
UL;82060808;33865;A;0;0xa100;0xb101;0xe1;18202;7;2067;122;3051;20
listener anchor=A src=0xa100 code=0xe1 level=7 q=18202 cir=2067 rxpacc=122 fp=3051/6720/5547 frames=316
UF;82060867;754309;0xdeca;0xb102;0xa101;0xe0;18361;7;2051;121;7101;12
listener debug sel=A valid=1 age=144 level=7 good=754309 accepted=33865 badhdr=6 nonanchor=720438 toolong=0 rxerr=1673 rxen_fail=0 rxen_last=0 sys_status=0x00800002 sys_state=000505410b rx_finfo=0x0796c80c last_status=0x00801302 last_len=12 pan=0xdeca dst=0xa101 src=0xb102 code=0xe0
UF;82060993;754310;0xdeca;0xb103;0xa100;0xe0;19020;7;2055;119;5679;12
UF;82061005;754311;0xdeca;0xb103;0xa103;0xe0;16158;7;296;49;1713;12
UF;82061064;754312;0xdeca;0xb102;0xa101;0xe0;18506;7;1966;118;7161;12
UF;82061077;754313;0xdeca;0xb102;0xa106;0xe0;19285;7;2226;123;7074;12
UF;82061193;754314;0xdeca;0xb103;0xa104;0xe0;19456;7;2032;117;7293;12
UF;82061206;754315;0xdeca;0xa107;0xb103;0xe1;16887;7;1794;118;6120;20
UL;82061206;33866;H;7;0xa107;0xb103;0xe1;16887;7;1794;118;6120;20
UF;82061266;754316;0xdeca;0xb102;0xa101;0xe0;17941;7;1906;118;1830;12
UF;82061278;754317;0xdeca;0xa106;0xb102;0xe1;18231;7;2003;120;3589;20
UL;82061278;33867;G;6;0xa106;0xb102;0xe1;18231;7;2003;120;3589;20
UF;82061395;754318;0xdeca;0xb103;0xa100;0xe0;20452;7;2247;120;5947;12
UF;82061408;754319;0xdeca;0xb101;0xa100;0xe0;16746;7;1779;118;6883;12
UF;82061467;754320;0xdeca;0xb102;0xa101;0xe0;18401;7;2124;123;379;12
UF;82061594;754321;0xdeca;0xb103;0xa104;0xe0;19060;7;2094;120;6422;12
UF;82061606;754322;0xdeca;0xa107;0xb103;0xe1;17718;7;2012;122;6341;20
UL;82061606;33868;H;7;0xa107;0xb103;0xe1;17718;7;2012;122;6341;20
UF;82061666;754323;0xdeca;0xb102;0xa102;0xe0;17361;7;2004;123;1655;12
UF;82061679;754324;0xdeca;0xa106;0xb102;0xe1;17172;7;1950;122;3327;20
UL;82061679;33869;G;6;0xa106;0xb102;0xe1;17172;7;1950;122;3327;20
UF;82061796;754325;0xdeca;0xb103;0xa100;0xe0;20188;7;2218;120;6847;12
UF;82061808;754326;0xdeca;0xb101;0xa102;0xe0;18043;7;2049;122;7554;12
UF;82061868;754327;0xdeca;0xb102;0xa101;0xe0;18629;7;1979;118;7276;12
listener debug sel=A valid=1 age=1145 level=7 good=754327 accepted=33869 badhdr=6 nonanchor=720452 toolong=0 rxerr=1673 rxen_fail=0 rxen_last=0 sys_status=0x00800002 sys_state=000505410b rx_finfo=0x0766c80c last_status=0x00801302 last_len=12 pan=0xdeca dst=0xa101 src=0xb102 code=0xe0
UF;82061994;754328;0xdeca;0xb103;0xa104;0xe0;19840;7;2253;122;5435;12
UF;82062006;754329;0xdeca;0xa107;0xb103;0xe1;16516;7;1725;117;87;20
UL;82062006;33870;H;7;0xa107;0xb103;0xe1;16516;7;1725;117;87;20
UF;82062066;754330;0xdeca;0xb102;0xa101;0xe0;18067;7;1985;120;7151;12
UF;82062078;754331;0xdeca;0xa106;0xb102;0xe1;18067;7;1985;120;3670;20
UL;82062078;33871;G;6;0xa106;0xb102;0xe1;18067;7;1985;120;3670;20
UF;82062195;754332;0xdeca;0xb103;0xa100;0xe0;20527;7;2293;121;6997;12
UF;82062208;754333;0xdeca;0xb101;0xa100;0xe0;16734;7;1808;119;4705;12
UF;82062267;754334;0xdeca;0xb102;0xa101;0xe0;17119;7;1976;123;7254;12
UF;82062394;754335;0xdeca;0xb103;0xa104;0xe0;20637;7;2421;124;5981;12
UF;82062406;754336;0xdeca;0xa107;0xb103;0xe1;17640;7;1938;120;5865;20
UL;82062406;33872;H;7;0xa107;0xb103;0xe1;17640;7;1938;120;5865;20
UF;82062466;754337;0xdeca;0xb102;0xa101;0xe0;17873;7;2063;123;7553;12
UF;82062479;754338;0xdeca;0xa104;0xb102;0xe1;18835;7;2035;119;7082;20
UL;82062479;33873;E;4;0xa104;0xb102;0xe1;18835;7;2035;119;7082;20
UF;82062595;754339;0xdeca;0xb103;0xa100;0xe0;19384;7;2274;124;6209;12
UF;82062608;754340;0xdeca;0xa100;0xb101;0xe1;19020;7;2055;119;1773;20
UL;82062608;33874;A;0;0xa100;0xb101;0xe1;19020;7;2055;119;1773;20
listener anchor=A src=0xa100 code=0xe1 level=7 q=19020 cir=2055 rxpacc=119 fp=1773/6751/6688 frames=317
UF;82062666;754341;0xdeca;0xb102;0xa101;0xe0;18163;7;1897;117;4567;12
UF;82062679;754342;0xdeca;0xa106;0xb102;0xe1;18064;7;1919;118;5076;20
UL;82062679;33875;G;6;0xa106;0xb102;0xe1;18064;7;1919;118;5076;20
UF;82062796;754343;0xdeca;0xb103;0xa104;0xe0;19829;7;2215;121;6948;12
UF;82062809;754344;0xdeca;0xa100;0xb101;0xe1;17382;7;1878;119;4641;20
UL;82062809;33876;A;0;0xa100;0xb101;0xe1;17382;7;1878;119;4641;20
UF;82062869;754345;0xdeca;0xb102;0xa101;0xe0;19109;7;2170;122;7673;12
listener debug sel=A valid=1 age=145 level=7 good=754345 accepted=33876 badhdr=6 nonanchor=720463 toolong=0 rxerr=1673 rxen_fail=0 rxen_last=0 sys_status=0x00800002 sys_state=000505430b rx_finfo=0x07a6c80c last_status=0x00801302 last_len=12 pan=0xdeca dst=0xa101 src=0xb102 code=0xe0
UF;82062994;754346;0xdeca;0xb103;0xa100;0xe0;20722;7;2431;124;7081;12
UF;82063007;754347;0xdeca;0xb101;0xa100;0xe0;18496;7;2135;123;7525;12
UF;82063066;754348;0xdeca;0xb102;0xa101;0xe0;18158;7;2062;122;6299;12
UF;82063079;754349;0xdeca;0xa106;0xb102;0xe1;17598;7;1838;117;5175;20
UL;82063079;33877;G;6;0xa106;0xb102;0xe1;17598;7;1838;117;5175;20
uwb any-frame t=82063196 good=754350 len=12 fctrl=8841 pan=0xdeca dst=0xa104 src=0xb103 code=0xe0 q=18961 level=7 cir=2118 rxpacc=121 fp=4551/7208/7361
UF;82063196;754350;0xdeca;0xb103;0xa104;0xe0;18961;7;2118;121;4551;12
UF;82063268;754351;0xdeca;0xb102;0xa102;0xe0;19779;7;2283;123;1635;12
UF;82063395;754352;0xdeca;0xb103;0xa100;0xe0;19373;7;2200;122;6639;12
UF;82063408;754353;0xdeca;0xb101;0xa102;0xe0;17089;7;1465;106;5983;12
UF;82063467;754354;0xdeca;0xb102;0xa101;0xe0;17576;7;1899;119;7009;12
UF;82063594;754355;0xdeca;0xb103;0xa104;0xe0;19231;7;2043;118;6857;12
UF;82063606;754356;0xdeca;0xa107;0xb103;0xe1;17910;7;1935;119;4980;20
UL;82063606;33878;H;7;0xa107;0xb103;0xe1;17910;7;1935;119;4980;20
UF;82063666;754357;0xdeca;0xb102;0xa101;0xe0;15701;7;1668;118;7139;12
UF;82063679;754358;0xdeca;0xa106;0xb102;0xe1;18924;7;2256;125;6469;20
UL;82063679;33879;G;6;0xa106;0xb102;0xe1;18924;7;2256;125;6469;20
UF;82063796;754359;0xdeca;0xb103;0xa100;0xe0;20160;7;2327;123;6795;12
UF;82063808;754360;0xdeca;0xa100;0xb101;0xe1;17574;7;1867;118;2296;20
UL;82063808;33880;A;0;0xa100;0xb101;0xe1;17574;7;1867;118;2296;20
listener anchor=A src=0xa100 code=0xe1 level=7 q=17574 cir=1867 rxpacc=118 fp=2296/6795/6387 frames=319
UF;82063867;754361;0xdeca;0xb102;0xa101;0xe0;18774;7;2167;123;7485;12
listener debug sel=A valid=1 age=149 level=7 good=754361 accepted=33880 badhdr=6 nonanchor=720475 toolong=0 rxerr=1673 rxen_fail=0 rxen_last=0 sys_status=0x00800002 sys_state=000505460b rx_finfo=0x07b6c80c last_status=0x00801302 last_len=12 pan=0xdeca dst=0xa101 src=0xb102 code=0xe0
UF;82063993;754362;0xdeca;0xb103;0xa104;0xe0;18652;7;2153;123;6974;12
UF;82064005;754363;0xdeca;0xb103;0xa107;0xe0;21476;7;2399;121;7030;12
UF;82064070;754364;0xdeca;0xb102;0xa101;0xe0;20779;7;2245;119;7339;12
UF;82064196;754365;0xdeca;0xb103;0xa100;0xe0;19928;7;2226;121;6972;12
UF;82064209;754366;0xdeca;0xa100;0xb101;0xe1;14428;7;333;55;1135;20
UL;82064209;33881;A;0;0xa100;0xb101;0xe1;14428;7;333;55;1135;20
UF;82064268;754367;0xdeca;0xb102;0xa101;0xe0;19435;7;2280;124;7810;12
UF;82064395;754368;0xdeca;0xb103;0xa104;0xe0;20272;7;2340;123;3974;12
UF;82064408;754369;0xdeca;0xa100;0xb101;0xe1;19453;7;2173;121;3187;20
UL;82064408;33882;A;0;0xa100;0xb101;0xe1;19453;7;2173;121;3187;20
UF;82064468;754370;0xdeca;0xb102;0xa101;0xe0;20474;7;2325;122;7262;12
UF;82064594;754371;0xdeca;0xb103;0xa100;0xe0;19233;7;2220;123;7271;12
UF;82064607;754372;0xdeca;0xb101;0xa100;0xe0;17412;7;1945;121;7278;12
UF;82064666;754373;0xdeca;0xb102;0xa101;0xe0;18422;7;2092;122;7117;12
UF;82064679;754374;0xdeca;0xa106;0xb102;0xe1;18096;7;1890;117;4106;20
UL;82064679;33883;G;6;0xa106;0xb102;0xe1;18096;7;1890;117;4106;20
UF;82064796;754375;0xdeca;0xb103;0xa104;0xe0;20593;7;2377;123;7065;12
UF;82064808;754376;0xdeca;0xa100;0xb101;0xe1;16758;7;1903;122;3156;20
UL;82064808;33884;A;0;0xa100;0xb101;0xe1;16758;7;1903;122;3156;20
listener anchor=A src=0xa100 code=0xe1 level=7 q=16758 cir=1903 rxpacc=122 fp=3156/6768/5381 frames=322
UF;82064867;754377;0xdeca;0xb102;0xa102;0xe0;20160;7;2365;124;7081;12
listener debug sel=A valid=1 age=150 level=7 good=754377 accepted=33884 badhdr=6 nonanchor=720487 toolong=0 rxerr=1673 rxen_fail=0 rxen_last=0 sys_status=0x00800002 sys_state=000505410b rx_finfo=0x07c6c80c last_status=0x00801302 last_len=12 pan=0xdeca dst=0xa102 src=0xb102 code=0xe0
UF;82064993;754378;0xdeca;0xb103;0xa100;0xe0;20798;7;2285;120;7081;12
UF;82065005;754379;0xdeca;0xb103;0xa103;0xe0;21145;7;2060;113;6678;12
UF;82065065;754380;0xdeca;0xb102;0xa101;0xe0;15828;7;1739;120;1209;12
UF;82065077;754381;0xdeca;0xb102;0xa106;0xe0;17790;7;1858;117;2536;12
UF;82065194;754382;0xdeca;0xb103;0xa104;0xe0;19444;7;2172;121;3424;12
UF;82065206;754383;0xdeca;0xa107;0xb103;0xe1;17608;7;1839;117;150;20
UL;82065206;33885;H;7;0xa107;0xb103;0xe1;17608;7;1839;117;150;20
UF;82065266;754384;0xdeca;0xb102;0xa101;0xe0;18440;7;1959;118;131;12
UF;82065278;754385;0xdeca;0xa106;0xb102;0xe1;17988;7;1911;118;3609;20
UL;82065278;33886;G;6;0xa106;0xb102;0xe1;17988;7;1911;118;3609;20
UF;82065395;754386;0xdeca;0xb103;0xa100;0xe0;18620;7;2080;121;6970;12
UF;82065408;754387;0xdeca;0xa100;0xb101;0xe1;18259;7;2142;124;2556;20
UL;82065408;33887;A;0;0xa100;0xb101;0xe1;18259;7;2142;124;2556;20
UF;82065469;754388;0xdeca;0xb102;0xa101;0xe0;17006;7;1995;124;4464;12
UF;82065595;754389;0xdeca;0xb103;0xa104;0xe0;20032;7;2350;124;7149;12
UF;82065608;754390;0xdeca;0xa100;0xb101;0xe1;19595;7;2336;125;5041;20
UL;82065608;33888;A;0;0xa100;0xb101;0xe1;19595;7;2336;125;5041;20
UF;82065668;754391;0xdeca;0xb102;0xa101;0xe0;19100;7;2277;125;7492;12
UF;82065795;754392;0xdeca;0xb103;0xa100;0xe0;20636;7;2382;123;6943;12
UF;82065807;754393;0xdeca;0xb101;0xa100;0xe0;18998;7;1598;105;6405;12
UF;82065866;754394;0xdeca;0xb102;0xa101;0xe0;17788;7;2020;122;7556;12
listener debug sel=A valid=1 age=354 level=7 good=754394 accepted=33888 badhdr=6 nonanchor=720500 toolong=0 rxerr=1674 rxen_fail=0 rxen_last=0 sys_status=0x00800002 sys_state=000505460b rx_finfo=0x07a6c80c last_status=0x04800102 last_len=12 pan=0xdeca dst=0xa101 src=0xb102 code=0xe0
UF;82065992;754395;0xdeca;0xb103;0xa104;0xe0;19050;7;2128;121;4085;12
UF;82066005;754396;0xdeca;0xb103;0xa107;0xe0;18871;7;2108;121;6737;12
UF;82066017;754397;0xdeca;0xa107;0xb101;0xe1;16521;7;1785;119;5449;20
UL;82066017;33889;H;7;0xa107;0xb101;0xe1;16521;7;1785;119;5449;20
UF;82066067;754398;0xdeca;0xb102;0xa101;0xe0;18567;7;2006;119;7052;12
UF;82066193;754399;0xdeca;0xb103;0xa100;0xe0;18290;7;2077;122;4162;12
uwb any-frame t=82066206 good=754400 len=20 fctrl=8841 pan=0xdeca dst=0xb103 src=0xa103 code=0xe1 q=17503 level=7 cir=1923 rxpacc=120 fp=2297/4011/2460
UF;82066206;754400;0xdeca;0xa103;0xb103;0xe1;17503;7;1923;120;2297;20
UL;82066206;33890;D;3;0xa103;0xb103;0xe1;17503;7;1923;120;2297;20
UF;82066269;754401;0xdeca;0xb102;0xa101;0xe0;15633;7;1689;119;7245;12
UF;82066396;754402;0xdeca;0xb103;0xa104;0xe0;18941;7;2222;124;6483;12
UF;82066408;754403;0xdeca;0xb101;0xa100;0xe0;17353;7;331;50;2679;12
UF;82066467;754404;0xdeca;0xb102;0xa102;0xe0;20867;7;2448;124;7651;12
UF;82066594;754405;0xdeca;0xb103;0xa100;0xe0;20044;7;2239;121;5726;12
UF;82066606;754406;0xdeca;0xb101;0xa102;0xe0;17767;7;1952;120;7437;12
UF;82066666;754407;0xdeca;0xb102;0xa101;0xe0;19311;7;2229;123;7277;12
UF;82066678;754408;0xdeca;0xa106;0xb102;0xe1;17576;7;1931;120;3399;20
UL;82066678;33891;G;6;0xa106;0xb102;0xe1;17576;7;1931;120;3399;20
UF;82066795;754409;0xdeca;0xb103;0xa104;0xe0;20706;7;2390;123;6679;12
UF;82066808;754410;0xdeca;0xa102;0xb101;0xe1;17770;7;2018;122;7226;20
UL;82066808;33892;C;2;0xa102;0xb101;0xe1;17770;7;2018;122;7226;20
UF;82066868;754411;0xdeca;0xb102;0xa101;0xe0;17859;7;2028;122;6020;12
listener debug sel=A valid=1 age=1355 level=7 good=754411 accepted=33892 badhdr=6 nonanchor=720513 toolong=0 rxerr=1674 rxen_fail=0 rxen_last=0 sys_status=0x00800002 sys_state=000505440b rx_finfo=0x07a6c80c last_status=0x04800102 last_len=12 pan=0xdeca dst=0xa101 src=0xb102 code=0xe0
UF;82066994;754412;0xdeca;0xb103;0xa100;0xe0;19316;7;2052;118;6411;12
UF;82067006;754413;0xdeca;0xa103;0xb103;0xe1;17168;7;2014;124;2636;20
UL;82067006;33893;D;3;0xa103;0xb103;0xe1;17168;7;2014;124;2636;20
UF;82067066;754414;0xdeca;0xb102;0xa101;0xe0;18141;7;1960;119;2822;12
UF;82067079;754415;0xdeca;0xa104;0xb102;0xe1;17964;7;2040;122;5716;20
UL;82067079;33894;E;4;0xa104;0xb102;0xe1;17964;7;2040;122;5716;20
UF;82067195;754416;0xdeca;0xb103;0xa104;0xe0;21351;7;2385;121;5622;12
UF;82067208;754417;0xdeca;0xa100;0xb101;0xe1;18549;7;2072;121;3951;20
UL;82067208;33895;A;0;0xa100;0xb101;0xe1;18549;7;2072;121;3951;20
listener anchor=A src=0xa100 code=0xe1 level=7 q=18549 cir=2072 rxpacc=121 fp=3951/7027/5231 frames=325
UF;82067267;754418;0xdeca;0xb102;0xa101;0xe0;17235;7;1831;118;7310;12
UF;82067279;754419;0xdeca;0xa104;0xb102;0xe1;17162;7;1981;123;5462;20
UL;82067279;33896;E;4;0xa104;0xb102;0xe1;17162;7;1981;123;5462;20
UF;82067396;754420;0xdeca;0xb103;0xa100;0xe0;18736;7;2198;124;3923;12
UF;82067409;754421;0xdeca;0xa100;0xb101;0xe1;18864;7;2213;124;2261;20
UL;82067409;33897;A;0;0xa100;0xb101;0xe1;18864;7;2213;124;2261;20
UF;82067469;754422;0xdeca;0xb102;0xa101;0xe0;18039;7;1949;119;7176;12
UF;82067595;754423;0xdeca;0xb103;0xa104;0xe0;19566;7;2114;119;6810;12
UF;82067608;754424;0xdeca;0xa100;0xb101;0xe1;17901;7;2100;124;4683;20
UL;82067608;33898;A;0;0xa100;0xb101;0xe1;17901;7;2100;124;4683;20
UF;82067668;754425;0xdeca;0xb102;0xa101;0xe0;16893;7;1856;120;6990;12
UF;82067795;754426;0xdeca;0xb103;0xa100;0xe0;20115;7;2398;125;7350;12
UF;82067807;754427;0xdeca;0xb101;0xa100;0xe0;19900;7;2297;123;7552;12
UF;82067866;754428;0xdeca;0xb102;0xa101;0xe0;18617;7;2184;124;6910;12
UF;82067879;754429;0xdeca;0xa106;0xb102;0xe1;17916;7;2068;123;5832;20
UL;82067879;33899;G;6;0xa106;0xb102;0xe1;17916;7;2068;123;5832;20
listener debug sel=A valid=1 age=357 level=7 good=754429 accepted=33899 badhdr=6 nonanchor=720524 toolong=0 rxerr=1674 rxen_fail=0 rxen_last=0 sys_status=0x00800002 sys_state=000505430b rx_finfo=0x07b6c814 last_status=0x04800102 last_len=20 pan=0xdeca dst=0xb102 src=0xa106 code=0xe1
UF;82067995;754430;0xdeca;0xb103;0xa104;0xe0;18807;7;1998;118;4180;12
UF;82068008;754431;0xdeca;0xb101;0xa100;0xe0;16392;7;1712;117;7443;12
UF;82068067;754432;0xdeca;0xb102;0xa102;0xe0;16793;7;1784;118;6931;12
UF;82068193;754433;0xdeca;0xb103;0xa100;0xe0;20680;7;2387;123;7404;12
UF;82068206;754434;0xdeca;0xa103;0xb103;0xe1;16720;7;1837;120;2892;20
UL;82068206;33900;D;3;0xa103;0xb103;0xe1;16720;7;1837;120;2892;20
UF;82068266;754435;0xdeca;0xb102;0xa101;0xe0;18224;7;1969;119;7332;12
UF;82068279;754436;0xdeca;0xa106;0xb102;0xe1;17024;7;1778;117;4050;20
UL;82068279;33901;G;6;0xa106;0xb102;0xe1;17024;7;1778;117;4050;20
UF;82068396;754437;0xdeca;0xb103;0xa104;0xe0;21600;7;2534;124;4066;12
UF;82068408;754438;0xdeca;0xa102;0xb101;0xe1;17713;7;2078;124;7120;20
UL;82068408;33902;C;2;0xa102;0xb101;0xe1;17713;7;2078;124;7120;20
UF;82068468;754439;0xdeca;0xb102;0xa101;0xe0;16040;7;1704;118;6938;12
UF;82068595;754440;0xdeca;0xb103;0xa100;0xe0;19622;7;2120;119;7064;12
UF;82068607;754441;0xdeca;0xb101;0xa100;0xe0;17226;7;1830;118;7004;12
UF;82068666;754442;0xdeca;0xb102;0xa101;0xe0;20003;7;2125;118;7272;12
UF;82068679;754443;0xdeca;0xa104;0xb102;0xe1;17219;7;2020;124;7337;20
UL;82068679;33903;E;4;0xa104;0xb102;0xe1;17219;7;2020;124;7337;20
UF;82068796;754444;0xdeca;0xb103;0xa104;0xe0;20281;7;2341;123;5247;12
UF;82068809;754445;0xdeca;0xa100;0xb101;0xe1;17649;7;2104;125;3665;20
UL;82068809;33904;A;0;0xa100;0xb101;0xe1;17649;7;2104;125;3665;20
listener anchor=A src=0xa100 code=0xe1 level=7 q=17649 cir=2104 rxpacc=125 fp=3665/6948/5414 frames=328
UF;82068867;754446;0xdeca;0xb102;0xa101;0xe0;17697;7;1912;119;4981;12
listener debug sel=A valid=1 age=159 level=7 good=754446 accepted=33904 badhdr=6 nonanchor=720536 toolong=0 rxerr=1674 rxen_fail=0 rxen_last=0 sys_status=0x00800002 sys_state=000505480b rx_finfo=0x0776c80c last_status=0x04800102 last_len=12 pan=0xdeca dst=0xa101 src=0xb102 code=0xe0
UF;82068998;754447;0xdeca;0xb103;0xa100;0xe0;20823;7;2326;121;6227;12
UF;82069011;754448;0xdeca;0xa102;0xb101;0xe1;17552;7;2026;123;7326;20
UL;82069011;33905;C;2;0xa102;0xb101;0xe1;17552;7;2026;123;7326;20
UF;82069066;754449;0xdeca;0xb102;0xa101;0xe0;18677;7;2191;124;3614;12
uwb any-frame t=82069078 good=754450 len=20 fctrl=8841 pan=0xdeca dst=0xb102 src=0xa106 code=0xe1 q=18290 level=7 cir=2077 rxpacc=122 fp=6030/7223/4037
UF;82069078;754450;0xdeca;0xa106;0xb102;0xe1;18290;7;2077;122;6030;20
UL;82069078;33906;G;6;0xa106;0xb102;0xe1;18290;7;2077;122;6030;20
UF;82069193;754451;0xdeca;0xb103;0xa104;0xe0;18925;7;2114;121;3898;12
UF;82069205;754452;0xdeca;0xb103;0xa107;0xe0;18669;7;2017;119;6745;12
UF;82069265;754453;0xdeca;0xb102;0xa101;0xe0;17689;7;1976;121;4826;12
UF;82069277;754454;0xdeca;0xb102;0xa106;0xe0;16595;7;1763;118;2428;12
UF;82069394;754455;0xdeca;0xb103;0xa100;0xe0;19073;7;1992;117;7094;12
UF;82069406;754456;0xdeca;0xa103;0xb103;0xe1;16463;7;1839;121;2569;20
UL;82069406;33907;D;3;0xa103;0xb103;0xe1;16463;7;1839;121;2569;20
UF;82069466;754457;0xdeca;0xb102;0xa101;0xe0;18030;7;1948;119;2368;12
UF;82069479;754458;0xdeca;0xa106;0xb102;0xe1;17483;7;1826;117;4747;20
UL;82069479;33908;G;6;0xa106;0xb102;0xe1;17483;7;1826;117;4747;20
UF;82069596;754459;0xdeca;0xb103;0xa104;0xe0;19113;7;2135;121;3628;12
UF;82069608;754460;0xdeca;0xa100;0xb101;0xe1;18732;7;2058;120;2935;20
UL;82069608;33909;A;0;0xa100;0xb101;0xe1;18732;7;2058;120;2935;20
UF;82069668;754461;0xdeca;0xb102;0xa102;0xe0;18186;7;1932;118;6898;12
UF;82069795;754462;0xdeca;0xb103;0xa100;0xe0;21161;7;2248;118;5607;12
UF;82069807;754463;0xdeca;0xb101;0xa102;0xe0;18930;7;2011;118;7479;12
UF;82069867;754464;0xdeca;0xb102;0xa101;0xe0;17967;7;1974;120;7103;12
listener debug sel=A valid=1 age=365 level=7 good=754464 accepted=33909 badhdr=6 nonanchor=720549 toolong=0 rxerr=1674 rxen_fail=0 rxen_last=0 sys_status=0x00800002 sys_state=000505470b rx_finfo=0x0786c80c last_status=0x04800102 last_len=12 pan=0xdeca dst=0xa101 src=0xb102 code=0xe0
UF;82070003;754465;0xdeca;0xb103;0xa104;0xe0;19913;7;2336;124;4396;12
UF;82070015;754466;0xdeca;0xb101;0xa107;0xe0;18224;7;1936;118;7291;12
UF;82070069;754467;0xdeca;0xb102;0xa101;0xe0;18026;7;1915;118;6663;12
UF;82070196;754468;0xdeca;0xb103;0xa100;0xe0;19003;7;2158;122;4587;12
UF;82070209;754469;0xdeca;0xa100;0xb101;0xe1;16406;7;1380;105;4949;20
UL;82070209;33910;A;0;0xa100;0xb101;0xe1;16406;7;1380;105;4949;20
listener anchor=A src=0xa100 code=0xe1 level=7 q=16406 cir=1380 rxpacc=105 fp=4949/4749/5551 frames=330
UF;82070267;754470;0xdeca;0xb102;0xa101;0xe0;18046;7;2117;124;7358;12
UF;82070394;754471;0xdeca;0xb103;0xa104;0xe0;20337;7;2124;117;6591;12
UF;82070407;754472;0xdeca;0xb101;0xa100;0xe0;21459;7;2477;123;7411;12
UF;82070466;754473;0xdeca;0xb102;0xa101;0xe0;20210;7;2295;122;7224;12
UF;82070478;754474;0xdeca;0xa104;0xb102;0xe1;16827;7;1818;119;7207;20
UL;82070478;33911;E;4;0xa104;0xb102;0xe1;16827;7;1818;119;7207;20
UF;82070595;754475;0xdeca;0xb103;0xa100;0xe0;19168;7;2071;119;6881;12
UF;82070608;754476;0xdeca;0xa100;0xb101;0xe1;19303;7;2192;122;5129;20
UL;82070608;33912;A;0;0xa100;0xb101;0xe1;19303;7;2192;122;5129;20
UF;82070668;754477;0xdeca;0xb102;0xa101;0xe0;17734;7;1916;119;7032;12
UF;82070795;754478;0xdeca;0xb103;0xa104;0xe0;19044;7;1989;117;4505;12
UF;82070807;754479;0xdeca;0xb101;0xa100;0xe0;18742;7;1991;118;6703;12
UF;82070866;754480;0xdeca;0xb102;0xa101;0xe0;16866;7;1853;120;6607;12
UF;82070879;754481;0xdeca;0xa106;0xb102;0xe1;18487;7;1964;118;5516;20
UL;82070879;33913;G;6;0xa106;0xb102;0xe1;18487;7;1964;118;5516;20
listener debug sel=A valid=1 age=367 level=7 good=754481 accepted=33913 badhdr=6 nonanchor=720562 toolong=0 rxerr=1674 rxen_fail=0 rxen_last=0 sys_status=0x00800002 sys_state=000505430b rx_finfo=0x0766c814 last_status=0x04800102 last_len=20 pan=0xdeca dst=0xb102 src=0xa106 code=0xe1
UF;82071005;754482;0xdeca;0xb103;0xa100;0xe0;19415;7;2241;123;6525;12
UF;82071065;754483;0xdeca;0xb102;0xa101;0xe0;17206;7;1922;121;2668;12
UF;82071077;754484;0xdeca;0xb102;0xa106;0xe0;18513;7;2068;121;5201;12
UF;82071194;754485;0xdeca;0xb103;0xa104;0xe0;19847;7;2217;121;6954;12
UF;82071206;754486;0xdeca;0xa107;0xb103;0xe1;18086;7;1987;120;5026;20
UL;82071206;33914;H;7;0xa107;0xb103;0xe1;18086;7;1987;120;5026;20
UF;82071266;754487;0xdeca;0xb102;0xa102;0xe0;16876;7;1948;123;3042;12
UF;82071279;754488;0xdeca;0xa106;0xb102;0xe1;18650;7;2049;120;6025;20
UL;82071279;33915;G;6;0xa106;0xb102;0xe1;18650;7;2049;120;6025;20
UF;82071396;754489;0xdeca;0xb103;0xa100;0xe0;18553;7;1971;118;3078;12
UF;82071408;754490;0xdeca;0xa102;0xb101;0xe1;17903;7;2033;122;6917;20
UL;82071408;33916;C;2;0xa102;0xb101;0xe1;17903;7;2033;122;6917;20
UF;82071468;754491;0xdeca;0xb102;0xa101;0xe0;17134;7;1914;121;7386;12
UF;82071595;754492;0xdeca;0xb103;0xa104;0xe0;19140;7;1999;117;6934;12
UF;82071607;754493;0xdeca;0xa102;0xb101;0xe1;17696;7;2076;124;6958;20
UL;82071607;33917;C;2;0xa102;0xb101;0xe1;17696;7;2076;124;6958;20
UF;82071667;754494;0xdeca;0xb102;0xa101;0xe0;17418;7;1978;122;6380;12
UF;82071794;754495;0xdeca;0xb103;0xa100;0xe0;20404;7;2317;122;7223;12
UF;82071807;754496;0xdeca;0xa103;0xb103;0xe1;16247;7;1785;120;3770;20
UL;82071807;33918;D;3;0xa103;0xb103;0xe1;16247;7;1785;120;3770;20
UF;82071866;754497;0xdeca;0xb102;0xa101;0xe0;18058;7;1886;117;7262;12
listener debug sel=A valid=1 age=1370 level=7 good=754497 accepted=33918 badhdr=6 nonanchor=720573 toolong=0 rxerr=1674 rxen_fail=0 rxen_last=0 sys_status=0x00800002 sys_state=000505450b rx_finfo=0x0756c80c last_status=0x04800102 last_len=12 pan=0xdeca dst=0xa101 src=0xb102 code=0xe0
UF;82072008;754498;0xdeca;0xb103;0xa104;0xe0;20149;7;2177;119;4455;12
UF;82072067;754499;0xdeca;0xb102;0xa101;0xe0;18031;7;1981;120;6765;12
uwb any-frame t=82072193 good=754500 len=12 fctrl=8841 pan=0xdeca dst=0xa100 src=0xb103 code=0xe0 q=20227 level=7 cir=2297 rxpacc=122 fp=6170/7530/5411
UF;82072193;754500;0xdeca;0xb103;0xa100;0xe0;20227;7;2297;122;6170;12
UF;82072266;754501;0xdeca;0xb102;0xa101;0xe0;17546;7;1864;118;7152;12
UF;82072278;754502;0xdeca;0xb102;0xa106;0xe0;22363;8;1382;90;5371;12
UF;82072394;754503;0xdeca;0xb103;0xa104;0xe0;19427;7;2029;117;6821;12
UF;82072407;754504;0xdeca;0xb101;0xa100;0xe0;18656;7;2084;121;7259;12
UF;82072466;754505;0xdeca;0xb102;0xa101;0xe0;17266;7;1897;120;7174;12
UF;82072478;754506;0xdeca;0xa106;0xb102;0xe1;17678;7;1910;119;2897;20
UL;82072478;33919;G;6;0xa106;0xb102;0xe1;17678;7;1910;119;2897;20
UF;82072595;754507;0xdeca;0xb103;0xa100;0xe0;19871;7;2111;118;5623;12
UF;82072607;754508;0xdeca;0xb101;0xa100;0xe0;18650;7;2015;119;6803;12
UF;82072666;754509;0xdeca;0xb102;0xa101;0xe0;19520;7;2109;119;7264;12
UF;82072679;754510;0xdeca;0xa106;0xb102;0xe1;18289;7;1976;119;6008;20
UL;82072679;33920;G;6;0xa106;0xb102;0xe1;18289;7;1976;119;6008;20
UF;82072795;754511;0xdeca;0xb103;0xa104;0xe0;19333;7;2124;120;5182;12
UF;82072808;754512;0xdeca;0xa100;0xb101;0xe1;19007;7;2194;123;6136;20
UL;82072808;33921;A;0;0xa100;0xb101;0xe1;19007;7;2194;123;6136;20
listener anchor=A src=0xa100 code=0xe1 level=7 q=19007 cir=2194 rxpacc=123 fp=6136/6398/6732 frames=332
UF;82072867;754513;0xdeca;0xb102;0xa102;0xe0;19585;7;2116;119;6184;12
UF;82072879;754514;0xdeca;0xa106;0xb102;0xe1;6538;5;22;21;676;20
UL;82072879;33922;G;6;0xa106;0xb102;0xe1;6538;5;22;21;676;20
listener debug sel=A valid=1 age=172 level=7 good=754514 accepted=33922 badhdr=6 nonanchor=720586 toolong=0 rxerr=1674 rxen_fail=0 rxen_last=0 sys_status=0x00800002 sys_state=000505400b rx_finfo=0x0156c014 last_status=0x04800102 last_len=20 pan=0xdeca dst=0xb102 src=0xa106 code=0xe1
UF;82073010;754515;0xdeca;0xb103;0xa100;0xe0;19921;7;2337;124;4013;12
UF;82073069;754516;0xdeca;0xb102;0xa101;0xe0;19202;7;2145;121;3369;12
UF;82073196;754517;0xdeca;0xb103;0xa104;0xe0;20051;7;2277;122;7261;12
UF;82073209;754518;0xdeca;0xb101;0xa100;0xe0;18080;7;2121;124;3248;12
UF;82073268;754519;0xdeca;0xb102;0xa101;0xe0;17367;7;1940;121;5465;12
UF;82073394;754520;0xdeca;0xb103;0xa100;0xe0;21052;7;2430;123;5246;12
UF;82073407;754521;0xdeca;0xb101;0xa100;0xe0;16738;7;1839;120;5320;12
UF;82073466;754522;0xdeca;0xb102;0xa101;0xe0;16813;7;1756;117;2714;12
UF;82073479;754523;0xdeca;0xa104;0xb102;0xe1;16030;7;1703;118;5461;20
UL;82073479;33923;E;4;0xa104;0xb102;0xe1;16030;7;1703;118;5461;20
UF;82073596;754524;0xdeca;0xb103;0xa104;0xe0;21625;7;2578;125;6425;12
UF;82073608;754525;0xdeca;0xa100;0xb101;0xe1;18012;7;2012;121;4049;20
UL;82073608;33924;A;0;0xa100;0xb101;0xe1;18012;7;2012;121;4049;20
UF;82073668;754526;0xdeca;0xb102;0xa101;0xe0;18167;7;2097;123;7617;12
UF;82073795;754527;0xdeca;0xb103;0xa100;0xe0;19588;7;2261;123;6608;12
UF;82073808;754528;0xdeca;0xa100;0xb101;0xe1;19033;7;2022;118;3579;20
UL;82073808;33925;A;0;0xa100;0xb101;0xe1;19033;7;2022;118;3579;20
listener anchor=A src=0xa100 code=0xe1 level=7 q=19033 cir=2022 rxpacc=118 fp=3579/6512/5558 frames=334
UF;82073866;754529;0xdeca;0xb102;0xa101;0xe0;19498;7;2178;121;7356;12
listener debug sel=A valid=1 age=175 level=7 good=754529 accepted=33925 badhdr=6 nonanchor=720598 toolong=0 rxerr=1674 rxen_fail=0 rxen_last=0 sys_status=0x00800002 sys_state=000505460b rx_finfo=0x0796c80c last_status=0x04800102 last_len=12 pan=0xdeca dst=0xa101 src=0xb102 code=0xe0
UF;82074013;754530;0xdeca;0xb103;0xa104;0xe0;20832;7;2327;121;5773;12
UF;82074067;754531;0xdeca;0xb102;0xa101;0xe0;19229;7;2148;121;6925;12
UF;82074079;754532;0xdeca;0xa106;0xb102;0xe1;10787;6;60;27;891;20
UL;82074079;33926;G;6;0xa106;0xb102;0xe1;10787;6;60;27;891;20
UF;82074196;754533;0xdeca;0xb103;0xa100;0xe0;19467;7;2247;123;4921;12
UF;82074208;754534;0xdeca;0xa100;0xb101;0xe1;17452;7;1854;118;3427;20
UL;82074208;33927;A;0;0xa100;0xb101;0xe1;17452;7;1854;118;3427;20
UF;82074268;754535;0xdeca;0xb102;0xa101;0xe0;20706;7;2390;123;7398;12
UF;82074395;754536;0xdeca;0xb103;0xa104;0xe0;21361;7;2231;117;5049;12
UF;82074407;754537;0xdeca;0xb101;0xa100;0xe0;18336;7;1915;117;7060;12
UF;82074467;754538;0xdeca;0xb102;0xa102;0xe0;15635;7;1661;118;7022;12
UF;82074593;754539;0xdeca;0xb103;0xa100;0xe0;19705;7;2129;119;6810;12
UF;82074606;754540;0xdeca;0xa103;0xb103;0xe1;16526;7;1846;121;3188;20
UL;82074606;33928;D;3;0xa103;0xb103;0xe1;16526;7;1846;121;3188;20
UF;82074666;754541;0xdeca;0xb102;0xa101;0xe0;15880;7;1687;118;5365;12
UF;82074679;754542;0xdeca;0xa106;0xb102;0xe1;17621;7;1936;120;4251;20
UL;82074679;33929;G;6;0xa106;0xb102;0xe1;17621;7;1936;120;4251;20
UF;82074796;754543;0xdeca;0xb103;0xa104;0xe0;20191;7;2145;118;4907;12
UF;82074808;754544;0xdeca;0xa102;0xb101;0xe1;18184;7;2065;122;7335;20
UL;82074808;33930;C;2;0xa102;0xb101;0xe1;18184;7;2065;122;7335;20
UF;82074868;754545;0xdeca;0xb102;0xa101;0xe0;20791;7;2439;124;5649;12
listener debug sel=A valid=1 age=776 level=7 good=754545 accepted=33930 badhdr=6 nonanchor=720609 toolong=0 rxerr=1674 rxen_fail=0 rxen_last=0 sys_status=0x00800002 sys_state=000505470b rx_finfo=0x07c6c80c last_status=0x04800102 last_len=12 pan=0xdeca dst=0xa101 src=0xb102 code=0xe0
UF;82075015;754546;0xdeca;0xb103;0xa100;0xe0;19151;7;2104;120;6445;12
UF;82075069;754547;0xdeca;0xb102;0xa101;0xe0;18696;7;2158;123;3092;12
UF;82075195;754548;0xdeca;0xb103;0xa104;0xe0;19151;7;2283;125;4984;12
UF;82075208;754549;0xdeca;0xa100;0xb101;0xe1;18568;7;2040;120;1854;20
UL;82075208;33931;A;0;0xa100;0xb101;0xe1;18568;7;2040;120;1854;20
listener anchor=A src=0xa100 code=0xe1 level=7 q=18568 cir=2040 rxpacc=120 fp=1854/6918/5978 frames=336
uwb any-frame t=82075267 good=754550 len=12 fctrl=8841 pan=0xdeca dst=0xa101 src=0xb102 code=0xe0 q=18585 level=7 cir=2076 rxpacc=121 fp=7015/6865/4061
UF;82075267;754550;0xdeca;0xb102;0xa101;0xe0;18585;7;2076;121;7015;12
UF;82075396;754551;0xdeca;0xb103;0xa100;0xe0;19631;7;2303;124;4543;12
UF;82075409;754552;0xdeca;0xa100;0xb101;0xe1;18058;7;1984;120;3275;20
UL;82075409;33932;A;0;0xa100;0xb101;0xe1;18058;7;1984;120;3275;20
UF;82075469;754553;0xdeca;0xb102;0xa101;0xe0;17730;7;2080;124;7859;12
UF;82075595;754554;0xdeca;0xb103;0xa104;0xe0;19294;7;2191;122;6873;12
UF;82075608;754555;0xdeca;0xa100;0xb101;0xe1;19542;7;2147;120;5631;20
UL;82075608;33933;A;0;0xa100;0xb101;0xe1;19542;7;2147;120;5631;20
UF;82075668;754556;0xdeca;0xb102;0xa101;0xe0;17339;7;1969;122;7275;12
UF;82075795;754557;0xdeca;0xb103;0xa100;0xe0;20276;7;2154;118;3822;12
UF;82075807;754558;0xdeca;0xb101;0xa100;0xe0;17674;7;2007;122;5851;12
UF;82075866;754559;0xdeca;0xb102;0xa101;0xe0;17491;7;2019;123;7207;12
listener debug sel=A valid=1 age=380 level=7 good=754559 accepted=33933 badhdr=6 nonanchor=720620 toolong=0 rxerr=1674 rxen_fail=0 rxen_last=0 sys_status=0x00800002 sys_state=000505410b rx_finfo=0x07b6c80c last_status=0x04800102 last_len=12 pan=0xdeca dst=0xa101 src=0xb102 code=0xe0
UF;82076018;754560;0xdeca;0xb103;0xa104;0xe0;19048;7;2058;119;6218;12
UF;82076067;754561;0xdeca;0xb102;0xa102;0xe0;17785;7;1954;120;7413;12
UF;82076080;754562;0xdeca;0xa106;0xb102;0xe1;17886;7;1998;121;3585;20
UL;82076080;33934;G;6;0xa106;0xb102;0xe1;17886;7;1998;121;3585;20
UF;82076197;754563;0xdeca;0xb103;0xa100;0xe0;20261;7;2189;119;6599;12
UF;82076209;754564;0xdeca;0xa102;0xb101;0xe1;15291;7;420;60;3243;20
UL;82076209;33935;C;2;0xa102;0xb101;0xe1;15291;7;420;60;3243;20
UF;82076269;754565;0xdeca;0xb102;0xa101;0xe0;17503;7;1923;120;7498;12
UF;82076395;754566;0xdeca;0xb103;0xa104;0xe0;19002;7;2053;119;5672;12
UF;82076408;754567;0xdeca;0xa102;0xb101;0xe1;17860;7;1995;121;7080;20
UL;82076408;33936;C;2;0xa102;0xb101;0xe1;17860;7;1995;121;7080;20
UF;82076468;754568;0xdeca;0xb102;0xa101;0xe0;20474;7;2175;118;7310;12
UF;82076595;754569;0xdeca;0xb103;0xa100;0xe0;20275;7;2417;125;4831;12
UF;82076607;754570;0xdeca;0xb101;0xa100;0xe0;18977;7;2155;122;7422;12
UF;82076666;754571;0xdeca;0xb102;0xa101;0xe0;17292;7;1806;117;6762;12
UF;82076679;754572;0xdeca;0xa104;0xb102;0xe1;17857;7;1865;117;6580;20
UL;82076679;33937;E;4;0xa104;0xb102;0xe1;17857;7;1865;117;6580;20
UF;82076796;754573;0xdeca;0xb103;0xa104;0xe0;19033;7;2197;123;3513;12
UF;82076809;754574;0xdeca;0xa100;0xb101;0xe1;19520;7;2290;124;5909;20
UL;82076809;33938;A;0;0xa100;0xb101;0xe1;19520;7;2290;124;5909;20
listener anchor=A src=0xa100 code=0xe1 level=7 q=19520 cir=2290 rxpacc=124 fp=5909/6085/7221 frames=339
UF;82076867;754575;0xdeca;0xb102;0xa101;0xe0;19241;7;2185;122;6458;12
listener debug sel=A valid=1 age=180 level=7 good=754575 accepted=33938 badhdr=6 nonanchor=720631 toolong=0 rxerr=1674 rxen_fail=0 rxen_last=0 sys_status=0x00800002 sys_state=000505460b rx_finfo=0x07a6c80c last_status=0x04800102 last_len=12 pan=0xdeca dst=0xa101 src=0xb102 code=0xe0
UF;82077019;754576;0xdeca;0xb103;0xa100;0xe0;19475;7;2034;117;7269;12
UF;82077068;754577;0xdeca;0xb102;0xa101;0xe0;18070;7;2052;122;2886;12
UF;82077194;754578;0xdeca;0xb103;0xa104;0xe0;19633;7;2157;120;7217;12
UF;82077207;754579;0xdeca;0xb101;0xa100;0xe0;18325;7;2047;121;7304;12
UF;82077266;754580;0xdeca;0xb102;0xa101;0xe0;18773;7;2097;121;1244;12
UF;82077279;754581;0xdeca;0xa106;0xb102;0xe1;18253;7;2039;121;4463;20
UL;82077279;33939;G;6;0xa106;0xb102;0xe1;18253;7;2039;121;4463;20
UF;82077396;754582;0xdeca;0xb103;0xa100;0xe0;19687;7;2127;119;6655;12
UF;82077408;754583;0xdeca;0xa100;0xb101;0xe1;18187;7;1965;119;2771;20
UL;82077408;33940;A;0;0xa100;0xb101;0xe1;18187;7;1965;119;2771;20
UF;82077468;754584;0xdeca;0xb102;0xa101;0xe0;17885;7;1900;118;2497;12
UF;82077595;754585;0xdeca;0xb103;0xa104;0xe0;20654;7;2423;124;5995;12
UF;82077608;754586;0xdeca;0xb101;0xa100;0xe0;17317;7;1871;119;7346;12
UF;82077667;754587;0xdeca;0xb102;0xa102;0xe0;19458;7;2246;123;7267;12
UF;82077794;754588;0xdeca;0xb103;0xa100;0xe0;20234;7;2223;120;5007;12
UF;82077806;754589;0xdeca;0xa103;0xb103;0xe1;19316;7;2266;124;3491;20
UL;82077806;33941;D;3;0xa103;0xb103;0xe1;19316;7;2266;124;3491;20
UF;82077866;754590;0xdeca;0xb102;0xa101;0xe0;19593;7;2225;122;7386;12
UF;82077879;754591;0xdeca;0xa106;0xb102;0xe1;19292;7;2155;121;6007;20
UL;82077879;33942;G;6;0xa106;0xb102;0xe1;19292;7;2155;121;6007;20
listener debug sel=A valid=1 age=582 level=7 good=754591 accepted=33942 badhdr=6 nonanchor=720643 toolong=0 rxerr=1674 rxen_fail=0 rxen_last=0 sys_status=0x00800002 sys_state=000505470b rx_finfo=0x0796c814 last_status=0x04800102 last_len=20 pan=0xdeca dst=0xb102 src=0xa106 code=0xe1
UF;82078021;754592;0xdeca;0xb103;0xa104;0xe0;19052;7;2024;118;6777;12
UF;82078064;754593;0xdeca;0xb102;0xa101;0xe0;19834;7;2107;118;6894;12
UF;82078077;754594;0xdeca;0xb102;0xa106;0xe0;18696;7;2020;119;7179;12
UF;82078193;754595;0xdeca;0xb103;0xa100;0xe0;19452;7;2209;122;6077;12
UF;82078206;754596;0xdeca;0xa103;0xb103;0xe1;17747;7;2082;124;2647;20
UL;82078206;33943;D;3;0xa103;0xb103;0xe1;17747;7;2082;124;2647;20
UF;82078266;754597;0xdeca;0xb102;0xa101;0xe0;22118;8;2553;123;7152;12
UF;82078278;754598;0xdeca;0xa104;0xb102;0xe1;18110;7;2023;121;5509;20
UL;82078278;33944;E;4;0xa104;0xb102;0xe1;18110;7;2023;121;5509;20
UF;82078395;754599;0xdeca;0xb103;0xa104;0xe0;20298;7;2343;123;6124;12
uwb any-frame t=82078408 good=754600 len=12 fctrl=8841 pan=0xdeca dst=0xa100 src=0xb101 code=0xe0 q=18480 level=7 cir=2203 rxpacc=125 fp=7407/7892/4931
UF;82078408;754600;0xdeca;0xb101;0xa100;0xe0;18480;7;2203;125;7407;12
UF;82078465;754601;0xdeca;0xb102;0xa101;0xe0;16303;7;1732;118;6806;12
UF;82078477;754602;0xdeca;0xb102;0xa104;0xe0;20159;7;1359;94;5325;12
UF;82078593;754603;0xdeca;0xb103;0xa100;0xe0;20612;7;2418;124;5219;12
UF;82078606;754604;0xdeca;0xa103;0xb103;0xe1;15993;7;1846;123;3691;20
UL;82078606;33945;D;3;0xa103;0xb103;0xe1;15993;7;1846;123;3691;20
UF;82078666;754605;0xdeca;0xb102;0xa101;0xe0;16285;7;1730;118;7306;12
UF;82078679;754606;0xdeca;0xa106;0xb102;0xe1;17567;7;1898;119;5012;20
UL;82078679;33946;G;6;0xa106;0xb102;0xe1;17567;7;1898;119;5012;20
UF;82078796;754607;0xdeca;0xb103;0xa104;0xe0;21283;7;2261;118;3954;12
UF;82078808;754608;0xdeca;0xb101;0xa100;0xe0;18092;7;1922;118;7165;12
UF;82078867;754609;0xdeca;0xb102;0xa101;0xe0;18692;7;2088;121;7528;12
UF;82078994;754610;0xdeca;0xb103;0xa100;0xe0;18704;7;1987;118;3829;12
listener debug sel=A valid=1 age=1586 level=7 good=754610 accepted=33946 badhdr=6 nonanchor=720658 toolong=0 rxerr=1674 rxen_fail=0 rxen_last=0 sys_status=0x00800002 sys_state=000505470b rx_finfo=0x0766c80c last_status=0x04800102 last_len=12 pan=0xdeca dst=0xa100 src=0xb103 code=0xe0
UF;82079031;754611;0xdeca;0xa103;0xb103;0xe1;17132;7;1851;119;3002;20
UL;82079031;33947;D;3;0xa103;0xb103;0xe1;17132;7;1851;119;3002;20
UF;82079065;754612;0xdeca;0xb102;0xa101;0xe0;18563;7;2108;122;4224;12
UF;82079078;754613;0xdeca;0xb102;0xa106;0xe0;12087;6;83;30;1264;12
UF;82079193;754614;0xdeca;0xb103;0xa104;0xe0;18924;7;2149;122;6793;12
UF;82079206;754615;0xdeca;0xa107;0xb103;0xe1;17227;7;2021;124;112;20
UL;82079206;33948;H;7;0xa107;0xb103;0xe1;17227;7;2021;124;112;20
UF;82079265;754616;0xdeca;0xb102;0xa102;0xe0;18900;7;2042;119;3313;12
UF;82079278;754617;0xdeca;0xa106;0xb102;0xe1;18234;7;1970;119;5101;20
UL;82079278;33949;G;6;0xa106;0xb102;0xe1;18234;7;1970;119;5101;20
UF;82079394;754618;0xdeca;0xb103;0xa100;0xe0;19548;7;2112;119;7306;12
UF;82079407;754619;0xdeca;0xb101;0xa102;0xe0;17458;7;2048;124;4584;12
UF;82079466;754620;0xdeca;0xb102;0xa101;0xe0;17867;7;1963;120;7489;12
UF;82079479;754621;0xdeca;0xa106;0xb102;0xe1;17319;7;685;72;2268;20
UL;82079479;33950;G;6;0xa106;0xb102;0xe1;17319;7;685;72;2268;20
UF;82079595;754622;0xdeca;0xb103;0xa104;0xe0;18326;7;1914;117;6883;12
UF;82079607;754623;0xdeca;0xb101;0xa102;0xe0;16881;7;1917;122;7415;12
UF;82079666;754624;0xdeca;0xb102;0xa101;0xe0;19990;7;2383;125;7656;12
UF;82079679;754625;0xdeca;0xa106;0xb102;0xe1;17282;7;1805;117;3389;20
UL;82079679;33951;G;6;0xa106;0xb102;0xe1;17282;7;1805;117;3389;20
UF;82079796;754626;0xdeca;0xb103;0xa100;0xe0;20428;7;2358;123;6008;12
UF;82079808;754627;0xdeca;0xa100;0xb101;0xe1;17929;7;2036;122;4801;20
UL;82079808;33952;A;0;0xa100;0xb101;0xe1;17929;7;2036;122;4801;20
listener anchor=A src=0xa100 code=0xe1 level=7 q=17929 cir=2036 rxpacc=122 fp=4801/6772/4638 frames=341
UF;82079867;754628;0xdeca;0xb102;0xa101;0xe0;17296;7;2029;124;7343;12
UF;82079994;754629;0xdeca;0xb103;0xa104;0xe0;20177;7;2180;119;5389;12
listener debug sel=A valid=1 age=186 level=7 good=754629 accepted=33952 badhdr=6 nonanchor=720671 toolong=0 rxerr=1674 rxen_fail=0 rxen_last=0 sys_status=0x00800002 sys_state=000505430b rx_finfo=0x0776c80c last_status=0x04800102 last_len=12 pan=0xdeca dst=0xa104 src=0xb103 code=0xe0
UF;82080031;754630;0xdeca;0xa107;0xb103;0xe1;18379;7;2053;121;3998;20
UL;82080031;33953;H;7;0xa107;0xb103;0xe1;18379;7;2053;121;3998;20
UF;82080065;754631;0xdeca;0xb102;0xa101;0xe0;19007;7;2194;123;7643;12
UF;82080078;754632;0xdeca;0xb102;0xa104;0xe0;18431;7;1925;117;6645;12
UF;82080194;754633;0xdeca;0xb103;0xa100;0xe0;19909;7;2298;123;5306;12
UF;82080207;754634;0xdeca;0xa103;0xb103;0xe1;17800;7;1891;118;2190;20
UL;82080207;33954;D;3;0xa103;0xb103;0xe1;17800;7;1891;118;2190;20
UF;82080267;754635;0xdeca;0xb102;0xa101;0xe0;16344;7;1856;122;7178;12
UF;82080393;754636;0xdeca;0xb103;0xa104;0xe0;21563;7;2369;120;4354;12
UF;82080406;754637;0xdeca;0xa107;0xb103;0xe1;17075;7;1876;120;97;20
UL;82080406;33955;H;7;0xa107;0xb103;0xe1;17075;7;1876;120;97;20
UF;82080465;754638;0xdeca;0xb102;0xa101;0xe0;18413;7;2091;122;7305;12
UF;82080478;754639;0xdeca;0xa106;0xb102;0xe1;18827;7;2138;122;3796;20
UL;82080478;33956;G;6;0xa106;0xb102;0xe1;18827;7;2138;122;3796;20
UF;82080595;754640;0xdeca;0xb103;0xa100;0xe0;18660;7;2189;124;3512;12
UF;82080608;754641;0xdeca;0xb101;0xa100;0xe0;19002;7;2053;119;6285;12
UF;82080667;754642;0xdeca;0xb102;0xa101;0xe0;18119;7;2024;121;6963;12
UF;82080793;754643;0xdeca;0xb103;0xa104;0xe0;19659;7;2196;121;6899;12
UF;82080806;754644;0xdeca;0xa107;0xb103;0xe1;13679;6;1528;121;4192;20
UL;82080806;33957;H;7;0xa107;0xb103;0xe1;13679;6;1528;121;4192;20
UF;82080866;754645;0xdeca;0xb102;0xa102;0xe0;16503;7;1783;119;7145;12
UF;82080879;754646;0xdeca;0xa106;0xb102;0xe1;18323;7;2115;123;4107;20
UL;82080879;33958;G;6;0xa106;0xb102;0xe1;18323;7;2115;123;4107;20
UF;82080996;754647;0xdeca;0xb103;0xa100;0xe0;20442;7;2135;117;4315;12
listener debug sel=A valid=1 age=1188 level=7 good=754647 accepted=33958 badhdr=6 nonanchor=720683 toolong=0 rxerr=1674 rxen_fail=0 rxen_last=0 sys_status=0x00800002 sys_state=000505430b rx_finfo=0x0756c80c last_status=0x04800102 last_len=12 pan=0xdeca dst=0xa100 src=0xb103 code=0xe0
UF;82081033;754648;0xdeca;0xa102;0xb101;0xe1;17433;7;1852;118;6710;20
UL;82081033;33959;C;2;0xa102;0xb101;0xe1;17433;7;1852;118;6710;20
UF;82081067;754649;0xdeca;0xb102;0xa101;0xe0;19131;7;2137;121;7213;12
uwb any-frame t=82081194 good=754650 len=12 fctrl=8841 pan=0xdeca dst=0xa104 src=0xb103 code=0xe0 q=18261 level=7 cir=1973 rxpacc=119 fp=4603/7459/6932
UF;82081194;754650;0xdeca;0xb103;0xa104;0xe0;18261;7;1973;119;4603;12
UF;82081267;754651;0xdeca;0xb102;0xa101;0xe0;18010;7;2147;125;2780;12
UF;82081393;754652;0xdeca;0xb103;0xa100;0xe0;21519;7;2325;119;6342;12
UF;82081406;754653;0xdeca;0xa103;0xb103;0xe1;19252;7;2080;119;5303;20
UL;82081406;33960;D;3;0xa103;0xb103;0xe1;19252;7;2080;119;5303;20
UF;82081465;754654;0xdeca;0xb102;0xa101;0xe0;19052;7;2235;124;598;12
UF;82081478;754655;0xdeca;0xa104;0xb102;0xe1;17584;7;1868;118;5485;20
UL;82081478;33961;E;4;0xa104;0xb102;0xe1;17584;7;1868;118;5485;20
UF;82081595;754656;0xdeca;0xb103;0xa104;0xe0;19470;7;2211;122;6411;12
UF;82081607;754657;0xdeca;0xb101;0xa100;0xe0;17340;7;1811;117;6897;12
UF;82081666;754658;0xdeca;0xb102;0xa101;0xe0;18174;7;2132;124;1764;12
UF;82081793;754659;0xdeca;0xb103;0xa100;0xe0;18613;7;2011;119;6800;12
UF;82081805;754660;0xdeca;0xb103;0xa103;0xe0;20259;7;2263;121;5853;12
UF;82081869;754661;0xdeca;0xb102;0xa101;0xe0;17650;7;1907;119;6728;12
UF;82081996;754662;0xdeca;0xb103;0xa104;0xe0;21252;7;2374;121;5399;12
listener debug sel=A valid=1 age=2188 level=7 good=754662 accepted=33961 badhdr=6 nonanchor=720695 toolong=0 rxerr=1674 rxen_fail=0 rxen_last=0 sys_status=0x00800002 sys_state=000505440b rx_finfo=0x0796c80c last_status=0x04800102 last_len=12 pan=0xdeca dst=0xa104 src=0xb103 code=0xe0
UF;82082033;754663;0xdeca;0xb101;0xa100;0xe0;18478;7;1963;118;7577;12
UF;82082067;754664;0xdeca;0xb102;0xa101;0xe0;17194;7;1889;120;7425;12
UF;82082193;754665;0xdeca;0xb103;0xa100;0xe0;20177;7;2367;124;4663;12
UF;82082206;754666;0xdeca;0xa103;0xb103;0xe1;16857;7;1852;120;3570;20
UL;82082206;33962;D;3;0xa103;0xb103;0xe1;16857;7;1852;120;3570;20
UF;82082265;754667;0xdeca;0xb102;0xa101;0xe0;19363;7;2092;119;7346;12
UF;82082278;754668;0xdeca;0xa106;0xb102;0xe1;18163;7;1897;117;3350;20
UL;82082278;33963;G;6;0xa106;0xb102;0xe1;18163;7;1897;117;3350;20
UF;82082395;754669;0xdeca;0xb103;0xa104;0xe0;18674;7;2086;121;6701;12
UF;82082407;754670;0xdeca;0xb103;0xa107;0xe0;17142;7;2011;124;6779;12
UF;82082420;754671;0xdeca;0xa106;0xb101;0xe1;18626;7;2150;123;6367;20
UL;82082420;33964;G;6;0xa106;0xb101;0xe1;18626;7;2150;123;6367;20
UF;82082469;754672;0xdeca;0xb102;0xa102;0xe0;21609;7;2535;124;7534;12
UF;82082596;754673;0xdeca;0xb103;0xa100;0xe0;20800;7;2362;122;6515;12
UF;82082608;754674;0xdeca;0xb101;0xa102;0xe0;16114;7;1683;117;6992;12
UF;82082621;754675;0xdeca;0xa107;0xb101;0xe1;18694;7;1986;118;6744;20
UL;82082621;33965;H;7;0xa107;0xb101;0xe1;18694;7;1986;118;6744;20
UF;82082665;754676;0xdeca;0xb102;0xa101;0xe0;20015;7;2386;125;7714;12
UF;82082678;754677;0xdeca;0xb102;0xa106;0xe0;17233;7;1957;122;7030;12
UF;82082794;754678;0xdeca;0xb103;0xa104;0xe0;20953;7;2302;120;5889;12
UF;82082806;754679;0xdeca;0xa107;0xb103;0xe1;17797;7;2021;122;5895;20
UL;82082806;33966;H;7;0xa107;0xb103;0xe1;17797;7;2021;122;5895;20
UF;82082866;754680;0xdeca;0xb102;0xa101;0xe0;18334;7;2082;122;6963;12
UF;82082878;754681;0xdeca;0xa106;0xb102;0xe1;17854;7;1929;119;6016;20
UL;82082878;33967;G;6;0xa106;0xb102;0xe1;17854;7;1929;119;6016;20
UF;82082995;754682;0xdeca;0xb103;0xa100;0xe0;20006;7;2198;120;6613;12
UF;82083008;754683;0xdeca;0xb101;0xa100;0xe0;17244;7;1801;117;6723;12
listener debug sel=A valid=1 age=3200 level=7 good=754683 accepted=33967 badhdr=6 nonanchor=720710 toolong=0 rxerr=1674 rxen_fail=0 rxen_last=0 sys_status=0x00800002 sys_state=000505440b rx_finfo=0x0756c80c last_status=0x04800102 last_len=12 pan=0xdeca dst=0xa100 src=0xb101 code=0xe0
UF;82083066;754684;0xdeca;0xb102;0xa101;0xe0;17081;7;1908;121;6687;12
UF;82083078;754685;0xdeca;0xa104;0xb102;0xe1;16356;7;1888;123;6486;20
UL;82083078;33968;E;4;0xa104;0xb102;0xe1;16356;7;1888;123;6486;20
UF;82083196;754686;0xdeca;0xb103;0xa104;0xe0;19628;7;2050;117;6996;12
UF;82083208;754687;0xdeca;0xa100;0xb101;0xe1;17981;7;1878;117;3214;20
UL;82083208;33969;A;0;0xa100;0xb101;0xe1;17981;7;1878;117;3214;20
listener anchor=A src=0xa100 code=0xe1 level=7 q=17981 cir=1878 rxpacc=117 fp=3214/6790/6390 frames=342
UF;82083267;754688;0xdeca;0xb102;0xa101;0xe0;18765;7;2166;123;7080;12
UF;82083394;754689;0xdeca;0xb103;0xa100;0xe0;20892;7;2182;117;6323;12
UF;82083406;754690;0xdeca;0xa103;0xb103;0xe1;17967;7;2007;121;4736;20
UL;82083406;33970;D;3;0xa103;0xb103;0xe1;17967;7;2007;121;4736;20
UF;82083466;754691;0xdeca;0xb102;0xa101;0xe0;16928;7;1768;117;5362;12
UF;82083479;754692;0xdeca;0xa106;0xb102;0xe1;17119;7;486;61;2211;20
UL;82083479;33971;G;6;0xa106;0xb102;0xe1;17119;7;486;61;2211;20
UF;82083595;754693;0xdeca;0xb103;0xa104;0xe0;20652;7;2269;120;6110;12
UF;82083608;754694;0xdeca;0xa100;0xb101;0xe1;17715;7;1914;119;3678;20
UL;82083608;33972;A;0;0xa100;0xb101;0xe1;17715;7;1914;119;3678;20
UF;82083668;754695;0xdeca;0xb102;0xa101;0xe0;17595;7;1901;119;7270;12
UF;82083795;754696;0xdeca;0xb103;0xa100;0xe0;20385;7;2353;123;3344;12
UF;82083807;754697;0xdeca;0xb101;0xa100;0xe0;17783;7;2120;125;7286;12
UF;82083866;754698;0xdeca;0xb102;0xa101;0xe0;17654;7;2071;124;7183;12
UF;82083993;754699;0xdeca;0xb103;0xa104;0xe0;21280;7;2338;120;5489;12
uwb any-frame t=82084006 good=754700 len=20 fctrl=8841 pan=0xdeca dst=0xb103 src=0xa107 code=0xe1 q=18468 level=7 cir=2063 rxpacc=121 fp=6364/6256/5868
UF;82084006;754700;0xdeca;0xa107;0xb103;0xe1;18468;7;2063;121;6364;20
UL;82084006;33973;H;7;0xa107;0xb103;0xe1;18468;7;2063;121;6364;20
listener debug sel=A valid=1 age=430 level=7 good=754700 accepted=33973 badhdr=6 nonanchor=720721 toolong=0 rxerr=1675 rxen_fail=0 rxen_last=0 sys_status=0x00800002 sys_state=000505470b rx_finfo=0x0796c814 last_status=0x04800102 last_len=20 pan=0xdeca dst=0xb103 src=0xa107 code=0xe1
UF;82084068;754701;0xdeca;0xb102;0xa102;0xe0;16212;7;1811;121;7378;12
UF;82084194;754702;0xdeca;0xb103;0xa100;0xe0;20229;7;2335;123;5602;12
UF;82084207;754703;0xdeca;0xb101;0xa102;0xe0;18900;7;2042;119;7225;12
UF;82084266;754704;0xdeca;0xb102;0xa101;0xe0;19137;7;2033;118;7177;12
UF;82084279;754705;0xdeca;0xa106;0xb102;0xe1;17423;7;2044;124;3927;20
UL;82084279;33974;G;6;0xa106;0xb102;0xe1;17423;7;2044;124;3927;20
UF;82084396;754706;0xdeca;0xb103;0xa104;0xe0;20602;7;2378;123;6350;12
UF;82084408;754707;0xdeca;0xa102;0xb101;0xe1;17340;7;1811;117;6762;20
UL;82084408;33975;C;2;0xa102;0xb101;0xe1;17340;7;1811;117;6762;20
UF;82084468;754708;0xdeca;0xb102;0xa101;0xe0;21098;7;2318;120;7315;12
UF;82084595;754709;0xdeca;0xb103;0xa100;0xe0;18912;7;2183;123;5171;12
UF;82084608;754710;0xdeca;0xb101;0xa100;0xe0;16757;7;1841;120;7419;12
UF;82084667;754711;0xdeca;0xb102;0xa101;0xe0;18440;7;1959;118;7202;12
UF;82084794;754712;0xdeca;0xb103;0xa104;0xe0;19742;7;2133;119;4843;12
UF;82084806;754713;0xdeca;0xa107;0xb103;0xe1;17113;7;1818;118;6407;20
UL;82084806;33976;H;7;0xa107;0xb103;0xe1;17113;7;1818;118;6407;20
UF;82084866;754714;0xdeca;0xb102;0xa101;0xe0;17976;7;1975;120;7064;12
UF;82084993;754715;0xdeca;0xb103;0xa100;0xe0;21112;7;2281;119;5268;12
UF;82085005;754716;0xdeca;0xa103;0xb103;0xe1;17116;7;1912;121;4157;20
UL;82085005;33977;D;3;0xa103;0xb103;0xe1;17116;7;1912;121;4157;20
listener debug sel=A valid=1 age=1431 level=7 good=754716 accepted=33977 badhdr=6 nonanchor=720733 toolong=0 rxerr=1675 rxen_fail=0 rxen_last=0 sys_status=0x00800002 sys_state=000505400b rx_finfo=0x0796c814 last_status=0x04800102 last_len=20 pan=0xdeca dst=0xb103 src=0xa103 code=0xe1
UF;82085070;754717;0xdeca;0xb102;0xa101;0xe0;18916;7;2113;121;3385;12
UF;82085196;754718;0xdeca;0xb103;0xa104;0xe0;20789;7;2284;120;4688;12
UF;82085208;754719;0xdeca;0xa100;0xb101;0xe1;18092;7;1922;118;2435;20
UL;82085208;33978;A;0;0xa100;0xb101;0xe1;18092;7;1922;118;2435;20
listener anchor=A src=0xa100 code=0xe1 level=7 q=18092 cir=1922 rxpacc=118 fp=2435/6780/6595 frames=344
UF;82085267;754720;0xdeca;0xb102;0xa101;0xe0;17313;7;1934;121;1917;12
UF;82085394;754721;0xdeca;0xb103;0xa100;0xe0;17875;7;2097;124;2701;12
UF;82085406;754722;0xdeca;0xa103;0xb103;0xe1;16901;7;1826;119;2108;20
UL;82085406;33979;D;3;0xa103;0xb103;0xe1;16901;7;1826;119;2108;20
UF;82085466;754723;0xdeca;0xb102;0xa101;0xe0;17687;7;1879;118;1777;12
UF;82085593;754724;0xdeca;0xb103;0xa104;0xe0;20791;7;2361;122;5242;12
UF;82085606;754725;0xdeca;0xb103;0xa107;0xe0;19069;7;2237;124;4389;12
UF;82085618;754726;0xdeca;0xb101;0xa107;0xe0;15975;7;1726;119;7331;12
UF;82085667;754727;0xdeca;0xb102;0xa102;0xe0;18049;7;1983;120;7011;12
UF;82085685;754728;0xdeca;0xb101;0xa102;0xe0;16539;7;1757;118;7410;12
UF;82085796;754729;0xdeca;0xb103;0xa100;0xe0;21161;7;2248;118;6708;12
UF;82085808;754730;0xdeca;0xb101;0xa102;0xe0;21115;7;2477;124;7674;12
UF;82085868;754731;0xdeca;0xb102;0xa101;0xe0;19198;7;2216;123;7162;12
UF;82085994;754732;0xdeca;0xb103;0xa104;0xe0;18770;7;2202;124;6464;12
UF;82086007;754733;0xdeca;0xa107;0xb103;0xe1;18449;7;2095;122;6605;20
UL;82086007;33980;H;7;0xa107;0xb103;0xe1;18449;7;2095;122;6605;20
listener debug sel=A valid=1 age=833 level=7 good=754733 accepted=33980 badhdr=6 nonanchor=720747 toolong=0 rxerr=1675 rxen_fail=0 rxen_last=0 sys_status=0x00800002 sys_state=000505430b rx_finfo=0x07a6c814 last_status=0x04800102 last_len=20 pan=0xdeca dst=0xb103 src=0xa107 code=0xe1
UF;82086071;754734;0xdeca;0xb102;0xa101;0xe0;20876;7;2332;121;7599;12
UF;82086193;754735;0xdeca;0xb103;0xa100;0xe0;18480;7;2203;125;4693;12
UF;82086205;754736;0xdeca;0xa103;0xb103;0xe1;18513;7;2068;121;2524;20
UL;82086205;33981;D;3;0xa103;0xb103;0xe1;18513;7;2068;121;2524;20
UF;82086265;754737;0xdeca;0xb102;0xa101;0xe0;20270;7;2117;117;6684;12
UF;82086278;754738;0xdeca;0xb102;0xa104;0xe0;22750;8;2626;123;7552;12
UF;82086394;754739;0xdeca;0xb103;0xa104;0xe0;18372;7;1985;119;6592;12
UF;82086407;754740;0xdeca;0xb101;0xa100;0xe0;18939;7;1978;117;6911;12
UF;82086466;754741;0xdeca;0xb102;0xa101;0xe0;15838;7;1858;124;7218;12
UF;82086478;754742;0xdeca;0xa104;0xb102;0xe1;17139;7;1790;117;6362;20
UL;82086478;33982;E;4;0xa104;0xb102;0xe1;17139;7;1790;117;6362;20
UF;82086595;754743;0xdeca;0xb103;0xa100;0xe0;18650;7;2049;120;7161;12
UF;82086608;754744;0xdeca;0xa100;0xb101;0xe1;18608;7;2183;124;3275;20
UL;82086608;33983;A;0;0xa100;0xb101;0xe1;18608;7;2183;124;3275;20
listener anchor=A src=0xa100 code=0xe1 level=7 q=18608 cir=2183 rxpacc=124 fp=3275/7315/6865 frames=345
UF;82086667;754745;0xdeca;0xb102;0xa101;0xe0;17436;7;1980;122;7579;12
UF;82086793;754746;0xdeca;0xb103;0xa104;0xe0;20134;7;2324;123;4130;12
UF;82086806;754747;0xdeca;0xa107;0xb103;0xe1;17296;7;1932;121;6204;20
UL;82086806;33984;H;7;0xa107;0xb103;0xe1;17296;7;1932;121;6204;20
UF;82086866;754748;0xdeca;0xb102;0xa101;0xe0;17296;7;2029;124;7409;12
UF;82086879;754749;0xdeca;0xa106;0xb102;0xe1;17851;7;1770;114;4386;20
UL;82086879;33985;G;6;0xa106;0xb102;0xe1;17851;7;1770;114;4386;20
uwb any-frame t=82086996 good=754750 len=12 fctrl=8841 pan=0xdeca dst=0xa100 src=0xb103 code=0xe0 q=19802 level=7 cir=2212 rxpacc=121 fp=5036/6990/7165
UF;82086996;754750;0xdeca;0xb103;0xa100;0xe0;19802;7;2212;121;5036;12
listener debug sel=A valid=1 age=434 level=7 good=754750 accepted=33985 badhdr=6 nonanchor=720759 toolong=0 rxerr=1675 rxen_fail=0 rxen_last=0 sys_status=0x00800002 sys_state=000505480b rx_finfo=0x0796c80c last_status=0x04800102 last_len=12 pan=0xdeca dst=0xa100 src=0xb103 code=0xe0
UF;82087072;754751;0xdeca;0xb102;0xa101;0xe0;17808;7;1924;119;3052;12
UF;82087194;754752;0xdeca;0xb103;0xa104;0xe0;19390;7;2166;121;4118;12
UF;82087206;754753;0xdeca;0xa107;0xb103;0xe1;17590;7;2097;125;5440;20
UL;82087206;33986;H;7;0xa107;0xb103;0xe1;17590;7;2097;125;5440;20
UF;82087266;754754;0xdeca;0xb102;0xa102;0xe0;18549;7;2072;121;7103;12
UF;82087279;754755;0xdeca;0xa106;0xb102;0xe1;17618;7;1968;121;3813;20
UL;82087279;33987;G;6;0xa106;0xb102;0xe1;17618;7;1968;121;3813;20
UF;82087396;754756;0xdeca;0xb103;0xa100;0xe0;20714;7;2430;124;4426;12
UF;82087408;754757;0xdeca;0xa102;0xb101;0xe1;17198;7;1827;118;6949;20
UL;82087408;33988;C;2;0xa102;0xb101;0xe1;17198;7;1827;118;6949;20
UF;82087468;754758;0xdeca;0xb102;0xa101;0xe0;18029;7;2115;124;6991;12
UF;82087595;754759;0xdeca;0xb103;0xa104;0xe0;20729;7;2354;122;6729;12
UF;82087608;754760;0xdeca;0xb101;0xa100;0xe0;17730;7;2080;124;7766;12
UF;82087667;754761;0xdeca;0xb102;0xa101;0xe0;17378;7;1815;117;6841;12
UF;82087794;754762;0xdeca;0xb103;0xa100;0xe0;21857;7;2322;118;5531;12
UF;82087806;754763;0xdeca;0xa103;0xb103;0xe1;16452;7;1899;123;4250;20
UL;82087806;33989;D;3;0xa103;0xb103;0xe1;16452;7;1899;123;4250;20
UF;82087866;754764;0xdeca;0xb102;0xa101;0xe0;17492;7;2052;124;7589;12
UF;82087879;754765;0xdeca;0xa104;0xb102;0xe1;18523;7;2035;120;7144;20
UL;82087879;33990;E;4;0xa104;0xb102;0xe1;18523;7;2035;120;7144;20
UF;82087996;754766;0xdeca;0xb103;0xa104;0xe0;20421;7;2319;122;6024;12
UF;82088008;754767;0xdeca;0xa100;0xb101;0xe1;18626;7;2150;123;2793;20
UL;82088008;33991;A;0;0xa100;0xb101;0xe1;18626;7;2150;123;2793;20
listener anchor=A src=0xa100 code=0xe1 level=7 q=18626 cir=2150 rxpacc=123 fp=2793/6644/6773 frames=346
listener debug sel=A valid=1 age=38 level=7 good=754767 accepted=33991 badhdr=6 nonanchor=720770 toolong=0 rxerr=1675 rxen_fail=0 rxen_last=0 sys_status=0x00800002 sys_state=000505440b rx_finfo=0x07b6c814 last_status=0x04800102 last_len=20 pan=0xdeca dst=0xb101 src=0xa100 code=0xe1
UF;82088076;754768;0xdeca;0xb102;0xa101;0xe0;17942;7;2071;123;7321;12
UF;82088198;754769;0xdeca;0xb103;0xa100;0xe0;19109;7;2278;125;3986;12
UF;82088210;754770;0xdeca;0xb101;0xa102;0xe0;18950;7;2082;120;6922;12
UF;82088270;754771;0xdeca;0xb102;0xa101;0xe0;20157;7;2289;122;5483;12
UF;82088396;754772;0xdeca;0xb103;0xa104;0xe0;20624;7;2342;122;6387;12
UF;82088409;754773;0xdeca;0xb101;0xa100;0xe0;19114;7;2100;120;7035;12
UF;82088468;754774;0xdeca;0xb102;0xa101;0xe0;19289;7;2084;119;6957;12
UF;82088595;754775;0xdeca;0xb103;0xa100;0xe0;22099;8;2308;117;6537;12
UF;82088607;754776;0xdeca;0xb101;0xa100;0xe0;18537;7;2105;122;7137;12
UF;82088667;754777;0xdeca;0xb102;0xa101;0xe0;16447;7;1807;120;7163;12
UF;82088679;754778;0xdeca;0xa106;0xb102;0xe1;18384;7;2122;123;6465;20
UL;82088679;33992;G;6;0xa106;0xb102;0xe1;18384;7;2122;123;6465;20
UF;82088796;754779;0xdeca;0xb103;0xa104;0xe0;20597;7;2339;122;5079;12
UF;82088809;754780;0xdeca;0xa102;0xb101;0xe1;17760;7;2050;123;7443;20
UL;82088809;33993;C;2;0xa102;0xb101;0xe1;17760;7;2050;123;7443;20
UF;82088869;754781;0xdeca;0xb102;0xa102;0xe0;17647;7;2037;123;6462;12
UF;82088995;754782;0xdeca;0xb103;0xa100;0xe0;19193;7;2144;121;4957;12
UF;82089008;754783;0xdeca;0xb101;0xa102;0xe0;15833;7;1409;108;1485;12
listener debug sel=A valid=1 age=1038 level=7 good=754783 accepted=33993 badhdr=6 nonanchor=720784 toolong=0 rxerr=1675 rxen_fail=0 rxen_last=0 sys_status=0x00800002 sys_state=000505480b rx_finfo=0x06c6c80c last_status=0x04800102 last_len=12 pan=0xdeca dst=0xa102 src=0xb101 code=0xe0
UF;82089076;754784;0xdeca;0xb102;0xa101;0xe0;16497;7;1723;117;3724;12
UF;82089193;754785;0xdeca;0xb103;0xa104;0xe0;19655;7;2232;122;3944;12
UF;82089205;754786;0xdeca;0xa107;0xb103;0xe1;18065;7;2018;121;6155;20
UL;82089205;33994;H;7;0xa107;0xb103;0xe1;18065;7;2018;121;6155;20
UF;82089265;754787;0xdeca;0xb102;0xa101;0xe0;16332;7;1735;118;2476;12
UF;82089278;754788;0xdeca;0xa106;0xb102;0xe1;18410;7;2125;123;6139;20
UL;82089278;33995;G;6;0xa106;0xb102;0xe1;18410;7;2125;123;6139;20
UF;82089395;754789;0xdeca;0xb103;0xa100;0xe0;18843;7;2175;123;4580;12
UF;82089407;754790;0xdeca;0xa100;0xb101;0xe1;18309;7;1945;118;2493;20
UL;82089407;33996;A;0;0xa100;0xb101;0xe1;18309;7;1945;118;2493;20
listener anchor=A src=0xa100 code=0xe1 level=7 q=18309 cir=1945 rxpacc=118 fp=2493/6879/6592 frames=347
UF;82089466;754791;0xdeca;0xb102;0xa101;0xe0;16315;7;1914;124;6673;12
UF;82089598;754792;0xdeca;0xb103;0xa104;0xe0;18355;7;1917;117;4032;12
UF;82089611;754793;0xdeca;0xb103;0xa107;0xe0;17691;7;2042;123;4294;12
UF;82089623;754794;0xdeca;0xa107;0xb101;0xe1;17549;7;1896;119;6553;20
UL;82089623;33997;H;7;0xa107;0xb101;0xe1;17549;7;1896;119;6553;20
UF;82089667;754795;0xdeca;0xb102;0xa101;0xe0;17570;7;1835;117;7167;12
UF;82089794;754796;0xdeca;0xb103;0xa100;0xe0;20196;7;2182;119;6373;12
UF;82089807;754797;0xdeca;0xa103;0xb103;0xe1;17951;7;2072;123;3219;20
UL;82089807;33998;D;3;0xa103;0xb103;0xe1;17951;7;2072;123;3219;20
UF;82089867;754798;0xdeca;0xb102;0xa101;0xe0;19163;7;2212;123;7551;12
UF;82089993;754799;0xdeca;0xb103;0xa104;0xe0;19779;7;2137;119;6823;12
uwb any-frame t=82090006 good=754800 len=20 fctrl=8841 pan=0xdeca dst=0xb103 src=0xa107 code=0xe1 q=16633 level=7 cir=1767 rxpacc=118 fp=5879/5451/5325
UF;82090006;754800;0xdeca;0xa107;0xb103;0xe1;16633;7;1767;118;5879;20
UL;82090006;33999;H;7;0xa107;0xb103;0xe1;16633;7;1767;118;5879;20
listener debug sel=A valid=1 age=641 level=7 good=754800 accepted=33999 badhdr=6 nonanchor=720795 toolong=0 rxerr=1675 rxen_fail=0 rxen_last=0 sys_status=0x00800002 sys_state=000505430b rx_finfo=0x0766c814 last_status=0x04800102 last_len=20 pan=0xdeca dst=0xb103 src=0xa107 code=0xe1
UF;82090078;754801;0xdeca;0xb102;0xa101;0xe0;19448;7;2066;118;7270;12
UF;82090195;754802;0xdeca;0xb103;0xa100;0xe0;20219;7;2296;122;6750;12
UF;82090207;754803;0xdeca;0xb101;0xa100;0xe0;18465;7;1995;119;7245;12
UF;82090266;754804;0xdeca;0xb102;0xa101;0xe0;23209;8;2679;123;7448;12
UF;82090279;754805;0xdeca;0xa106;0xb102;0xe1;17465;7;896;82;3968;20
UL;82090279;34000;G;6;0xa106;0xb102;0xe1;17465;7;896;82;3968;20
UF;82090396;754806;0xdeca;0xb103;0xa104;0xe0;19146;7;2034;118;6562;12
UF;82090408;754807;0xdeca;0xa102;0xb101;0xe1;17168;7;2014;124;6950;20
UL;82090408;34001;C;2;0xa102;0xb101;0xe1;17168;7;2014;124;6950;20
UF;82090468;754808;0xdeca;0xb102;0xa102;0xe0;16526;7;1726;117;6987;12
UF;82090595;754809;0xdeca;0xb103;0xa100;0xe0;20575;7;2223;119;6118;12
UF;82090607;754810;0xdeca;0xb101;0xa102;0xe0;17734;7;1981;121;6954;12
UF;82090667;754811;0xdeca;0xb102;0xa101;0xe0;17081;7;1784;117;7064;12
UF;82090793;754812;0xdeca;0xb103;0xa104;0xe0;19103;7;2205;123;6012;12
UF;82090806;754813;0xdeca;0xa107;0xb103;0xe1;17266;7;1897;120;4807;20
UL;82090806;34002;H;7;0xa107;0xb103;0xe1;17266;7;1897;120;4807;20
UF;82090866;754814;0xdeca;0xb102;0xa101;0xe0;15398;7;1720;121;6075;12
UF;82090878;754815;0xdeca;0xb102;0xa106;0xe0;7549;5;36;25;934;12
UF;82090994;754816;0xdeca;0xb103;0xa100;0xe0;20428;7;2358;123;7099;12
UF;82091006;754817;0xdeca;0xa103;0xb103;0xe1;17558;7;1897;119;3885;20
UL;82091006;34003;D;3;0xa103;0xb103;0xe1;17558;7;1897;119;3885;20
listener debug sel=A valid=1 age=1644 level=7 good=754817 accepted=34003 badhdr=6 nonanchor=720808 toolong=0 rxerr=1675 rxen_fail=0 rxen_last=0 sys_status=0x00800002 sys_state=000505470b rx_finfo=0x0776c814 last_status=0x04800102 last_len=20 pan=0xdeca dst=0xb103 src=0xa103 code=0xe1
UF;82091081;754818;0xdeca;0xb102;0xa101;0xe0;18641;7;2048;120;5075;12
UF;82091197;754819;0xdeca;0xb103;0xa104;0xe0;19677;7;2126;119;4840;12
UF;82091209;754820;0xdeca;0xb101;0xa102;0xe0;18327;7;1947;118;7293;12
UF;82091268;754821;0xdeca;0xb102;0xa101;0xe0;19082;7;1993;117;1076;12
UF;82091395;754822;0xdeca;0xb103;0xa100;0xe0;18918;7;2044;119;5606;12
UF;82091407;754823;0xdeca;0xb101;0xa100;0xe0;19033;7;2022;118;6649;12
UF;82091466;754824;0xdeca;0xb102;0xa101;0xe0;18004;7;1978;120;7480;12
UF;82091479;754825;0xdeca;0xa106;0xb102;0xe1;18808;7;2171;123;4316;20
UL;82091479;34004;G;6;0xa106;0xb102;0xe1;18808;7;2171;123;4316;20
UF;82091595;754826;0xdeca;0xb103;0xa104;0xe0;20257;7;2152;118;6422;12
UF;82091608;754827;0xdeca;0xa100;0xb101;0xe1;16512;7;1784;119;860;20
UL;82091608;34005;A;0;0xa100;0xb101;0xe1;16512;7;1784;119;860;20
listener anchor=A src=0xa100 code=0xe1 level=7 q=16512 cir=1784 rxpacc=119 fp=860/1172/837 frames=348
UF;82091666;754828;0xdeca;0xb102;0xa101;0xe0;17994;7;2077;123;7573;12
UF;82091679;754829;0xdeca;0xa106;0xb102;0xe1;16897;7;1795;118;2973;20
UL;82091679;34006;G;6;0xa106;0xb102;0xe1;16897;7;1795;118;2973;20
UF;82091697;754830;0xdeca;0xa107;0xb101;0xe1;17340;7;1937;121;5443;20
UL;82091697;34007;H;7;0xa107;0xb101;0xe1;17340;7;1937;121;5443;20
UF;82091794;754831;0xdeca;0xb103;0xa100;0xe0;19364;7;2199;122;6620;12
UF;82091806;754832;0xdeca;0xa103;0xb103;0xe1;17065;7;2002;124;2825;20
UL;82091806;34008;D;3;0xa103;0xb103;0xe1;17065;7;2002;124;2825;20
UF;82091866;754833;0xdeca;0xb102;0xa101;0xe0;18974;7;2050;119;7321;12
UF;82091879;754834;0xdeca;0xa106;0xb102;0xe1;19050;7;2128;121;6436;20
UL;82091879;34009;G;6;0xa106;0xb102;0xe1;19050;7;2128;121;6436;20
UF;82091996;754835;0xdeca;0xb103;0xa104;0xe0;20893;7;2451;124;6231;12
UF;82092008;754836;0xdeca;0xa102;0xb101;0xe1;17612;7;1871;118;7018;20
UL;82092008;34010;C;2;0xa102;0xb101;0xe1;17612;7;1871;118;7018;20
listener debug sel=A valid=1 age=445 level=7 good=754836 accepted=34010 badhdr=6 nonanchor=720820 toolong=0 rxerr=1675 rxen_fail=0 rxen_last=0 sys_status=0x00800002 sys_state=000505460b rx_finfo=0x0766c814 last_status=0x04800102 last_len=20 pan=0xdeca dst=0xb101 src=0xa102 code=0xe1
UF;82092083;754837;0xdeca;0xb102;0xa102;0xe0;18979;7;2120;121;7406;12
UF;82092194;754838;0xdeca;0xb103;0xa100;0xe0;20842;7;2445;124;6006;12
UF;82092206;754839;0xdeca;0xa103;0xb103;0xe1;14935;7;424;61;1024;20
UL;82092206;34011;D;3;0xa103;0xb103;0xe1;14935;7;424;61;1024;20
UF;82092266;754840;0xdeca;0xb102;0xa101;0xe0;17400;7;1880;119;7039;12
UF;82092279;754841;0xdeca;0xa106;0xb102;0xe1;18340;7;2117;123;3660;20
UL;82092279;34012;G;6;0xa106;0xb102;0xe1;18340;7;2117;123;3660;20
UF;82092396;754842;0xdeca;0xb103;0xa104;0xe0;20585;7;2454;125;4783;12
UF;82092408;754843;0xdeca;0xa100;0xb101;0xe1;18193;7;2066;122;2153;20
UL;82092408;34013;A;0;0xa100;0xb101;0xe1;18193;7;2066;122;2153;20
UF;82092468;754844;0xdeca;0xb102;0xa101;0xe0;18862;7;2142;122;7232;12
UF;82092595;754845;0xdeca;0xb103;0xa100;0xe0;21362;7;2347;120;6770;12
UF;82092607;754846;0xdeca;0xa100;0xb101;0xe1;18372;7;1985;119;5719;20
UL;82092607;34014;A;0;0xa100;0xb101;0xe1;18372;7;1985;119;5719;20
UF;82092667;754847;0xdeca;0xb102;0xa101;0xe0;18594;7;2009;119;7196;12
UF;82092794;754848;0xdeca;0xb103;0xa104;0xe0;20134;7;2212;120;2782;12
UF;82092807;754849;0xdeca;0xb101;0xa100;0xe0;23036;8;2659;123;5846;12
uwb any-frame t=82092819 good=754850 len=12 fctrl=8841 pan=0xdeca dst=0xa107 src=0xb101 code=0xe0 q=23861 level=8 cir=2578 rxpacc=119 fp=1735/6695/6902
UF;82092819;754850;0xdeca;0xb101;0xa107;0xe0;23861;8;2578;119;1735;12
UF;82092866;754851;0xdeca;0xb102;0xa101;0xe0;19602;7;2226;122;7294;12
UF;82092878;754852;0xdeca;0xa104;0xb102;0xe1;17048;7;2000;124;5695;20
UL;82092878;34015;E;4;0xa104;0xb102;0xe1;17048;7;2000;124;5695;20
UF;82092995;754853;0xdeca;0xb103;0xa100;0xe0;20543;7;2449;125;7417;12
UF;82093008;754854;0xdeca;0xb101;0xa100;0xe0;19897;7;2372;125;7294;12
listener debug sel=A valid=1 age=450 level=7 good=754854 accepted=34015 badhdr=6 nonanchor=720833 toolong=0 rxerr=1675 rxen_fail=0 rxen_last=0 sys_status=0x00800002 sys_state=000505450b rx_finfo=0x07d6c80c last_status=0x04800102 last_len=12 pan=0xdeca dst=0xa100 src=0xb101 code=0xe0
UF;82093087;754855;0xdeca;0xb102;0xa101;0xe0;17650;7;1907;119;3104;12
UF;82093193;754856;0xdeca;0xb103;0xa104;0xe0;19168;7;2071;119;3528;12
UF;82093206;754857;0xdeca;0xa107;0xb103;0xe1;17876;7;2030;122;5692;20
UL;82093206;34016;H;7;0xa107;0xb103;0xe1;17876;7;2030;122;5692;20
UF;82093266;754858;0xdeca;0xb102;0xa101;0xe0;17995;7;2111;124;1315;12
UF;82093278;754859;0xdeca;0xa106;0xb102;0xe1;17739;7;2081;124;3326;20
UL;82093278;34017;G;6;0xa106;0xb102;0xe1;17739;7;2081;124;3326;20
UF;82093395;754860;0xdeca;0xb103;0xa100;0xe0;19367;7;2272;124;2942;12
UF;82093408;754861;0xdeca;0xa102;0xb101;0xe1;17658;7;1940;120;7049;20
UL;82093408;34018;C;2;0xa102;0xb101;0xe1;17658;7;1940;120;7049;20
UF;82093468;754862;0xdeca;0xb102;0xa101;0xe0;18314;7;2114;123;5540;12
UF;82093594;754863;0xdeca;0xb103;0xa104;0xe0;18941;7;2222;124;3124;12
UF;82093607;754864;0xdeca;0xb101;0xa102;0xe0;16946;7;1893;121;7453;12
UF;82093666;754865;0xdeca;0xb102;0xa102;0xe0;19646;7;2231;122;7265;12
UF;82093679;754866;0xdeca;0xa106;0xb102;0xe1;17000;7;1806;118;3105;20
UL;82093679;34019;G;6;0xa106;0xb102;0xe1;17000;7;1806;118;3105;20
UF;82093796;754867;0xdeca;0xb103;0xa100;0xe0;21113;7;2437;123;6301;12
UF;82093808;754868;0xdeca;0xa100;0xb101;0xe1;15121;7;277;49;1509;20
UL;82093808;34020;A;0;0xa100;0xb101;0xe1;15121;7;277;49;1509;20
listener anchor=A src=0xa100 code=0xe1 level=7 q=15121 cir=277 rxpacc=49 fp=1509/2481/2286 frames=351
UF;82093867;754869;0xdeca;0xb102;0xa101;0xe0;20262;7;2377;124;7289;12
UF;82093879;754870;0xdeca;0xa106;0xb102;0xe1;16934;7;1292;100;4115;20
UL;82093879;34021;G;6;0xa106;0xb102;0xe1;16934;7;1292;100;4115;20
UF;82093996;754871;0xdeca;0xb103;0xa104;0xe0;22003;8;2298;117;6890;12
UF;82094009;754872;0xdeca;0xb101;0xa102;0xe0;18122;7;1991;120;7106;12
listener debug sel=A valid=1 age=249 level=7 good=754872 accepted=34021 badhdr=6 nonanchor=720845 toolong=0 rxerr=1675 rxen_fail=0 rxen_last=0 sys_status=0x00800002 sys_state=000505470b rx_finfo=0x0786c80c last_status=0x04800102 last_len=12 pan=0xdeca dst=0xa102 src=0xb101 code=0xe0
UF;82094088;754873;0xdeca;0xb102;0xa101;0xe0;18477;7;2064;121;7391;12
UF;82094194;754874;0xdeca;0xb103;0xa100;0xe0;19881;7;2148;119;6398;12
UF;82094206;754875;0xdeca;0xa103;0xb103;0xe1;15025;7;455;63;1164;20
UL;82094206;34022;D;3;0xa103;0xb103;0xe1;15025;7;455;63;1164;20
UF;82094266;754876;0xdeca;0xb102;0xa101;0xe0;17751;7;2049;123;7189;12
UF;82094278;754877;0xdeca;0xa104;0xb102;0xe1;17041;7;1967;123;5495;20
UL;82094278;34023;E;4;0xa104;0xb102;0xe1;17041;7;1967;123;5495;20
UF;82094395;754878;0xdeca;0xb103;0xa104;0xe0;19233;7;2078;119;4332;12
UF;82094408;754879;0xdeca;0xa100;0xb101;0xe1;17949;7;2005;121;2434;20
UL;82094408;34024;A;0;0xa100;0xb101;0xe1;17949;7;2005;121;2434;20
UF;82094468;754880;0xdeca;0xb102;0xa101;0xe0;21055;7;2470;124;7736;12
UF;82094595;754881;0xdeca;0xb103;0xa100;0xe0;20975;7;2343;121;6433;12
UF;82094607;754882;0xdeca;0xb101;0xa100;0xe0;19065;7;2165;122;7674;12
UF;82094666;754883;0xdeca;0xb102;0xa101;0xe0;16743;7;1809;119;6231;12
UF;82094793;754884;0xdeca;0xb103;0xa104;0xe0;20330;7;2271;121;5280;12
UF;82094806;754885;0xdeca;0xa107;0xb103;0xe1;17348;7;1906;120;5050;20
UL;82094806;34025;H;7;0xa107;0xb103;0xe1;17348;7;1906;120;5050;20
UF;82094866;754886;0xdeca;0xb102;0xa101;0xe0;17612;7;1935;120;6405;12
UF;82094878;754887;0xdeca;0xa106;0xb102;0xe1;18814;7;2067;120;5939;20
UL;82094878;34026;G;6;0xa106;0xb102;0xe1;18814;7;2067;120;5939;20
UF;82094995;754888;0xdeca;0xb103;0xa100;0xe0;20011;7;2090;117;3486;12
UF;82095008;754889;0xdeca;0xb101;0xa102;0xe0;16402;7;1802;120;5469;12
listener debug sel=A valid=1 age=649 level=7 good=754889 accepted=34026 badhdr=6 nonanchor=720857 toolong=0 rxerr=1675 rxen_fail=0 rxen_last=0 sys_status=0x00800002 sys_state=000505440b rx_finfo=0x0786c80c last_status=0x04800102 last_len=12 pan=0xdeca dst=0xa102 src=0xb101 code=0xe0
UF;82095087;754890;0xdeca;0xb102;0xa101;0xe0;17613;7;1903;119;5322;12
UF;82095193;754891;0xdeca;0xb103;0xa104;0xe0;19548;7;2112;119;3634;12
UF;82095205;754892;0xdeca;0xb103;0xa107;0xe0;20629;7;2420;124;7070;12
UF;82095218;754893;0xdeca;0xb101;0xa107;0xe0;18617;7;2184;124;7634;12
UF;82095267;754894;0xdeca;0xb102;0xa102;0xe0;19452;7;2209;122;5692;12
UF;82095393;754895;0xdeca;0xb103;0xa100;0xe0;19363;7;2092;119;4867;12
UF;82095406;754896;0xdeca;0xa103;0xb103;0xe1;18250;7;2141;124;4998;20
UL;82095406;34027;D;3;0xa103;0xb103;0xe1;18250;7;2141;124;4998;20
UF;82095466;754897;0xdeca;0xb102;0xa101;0xe0;17363;7;1876;119;6896;12
UF;82095478;754898;0xdeca;0xa106;0xb102;0xe1;19461;7;2283;124;5672;20
UL;82095478;34028;G;6;0xa106;0xb102;0xe1;19461;7;2283;124;5672;20
UF;82095595;754899;0xdeca;0xb103;0xa104;0xe0;19408;7;2027;117;5702;12
uwb any-frame t=82095608 good=754900 len=12 fctrl=8841 pan=0xdeca dst=0xa100 src=0xb101 code=0xe0 q=15367 level=7 cir=259 rxpacc=47 fp=2066/2344/2295
UF;82095608;754900;0xdeca;0xb101;0xa100;0xe0;15367;7;259;47;2066;12
UF;82095665;754901;0xdeca;0xb102;0xa101;0xe0;17151;7;1822;118;7315;12
UF;82095677;754902;0xdeca;0xb102;0xa106;0xe0;15151;7;1637;119;4631;12
UF;82095793;754903;0xdeca;0xb103;0xa100;0xe0;21988;7;2538;123;7112;12
UF;82095806;754904;0xdeca;0xa103;0xb103;0xe1;16401;7;1924;124;3630;20
UL;82095806;34029;D;3;0xa103;0xb103;0xe1;16401;7;1924;124;3630;20
UF;82095866;754905;0xdeca;0xb102;0xa101;0xe0;17326;7;1872;119;6868;12
UF;82095878;754906;0xdeca;0xa104;0xb102;0xe1;16884;7;1855;120;5980;20
UL;82095878;34030;E;4;0xa104;0xb102;0xe1;16884;7;1855;120;5980;20
UF;82095995;754907;0xdeca;0xb103;0xa104;0xe0;20723;7;2392;123;6721;12
UF;82096008;754908;0xdeca;0xb101;0xa100;0xe0;16716;7;1806;119;6600;12
listener debug sel=A valid=1 age=1654 level=7 good=754908 accepted=34030 badhdr=6 nonanchor=720872 toolong=0 rxerr=1675 rxen_fail=0 rxen_last=0 sys_status=0x00800002 sys_state=000505450b rx_finfo=0x0776c80c last_status=0x04800102 last_len=12 pan=0xdeca dst=0xa100 src=0xb101 code=0xe0
UF;82096092;754909;0xdeca;0xb102;0xa101;0xe0;18921;7;2184;123;7463;12
UF;82096192;754910;0xdeca;0xb103;0xa100;0xe0;20131;7;2286;122;5193;12
UF;82096205;754911;0xdeca;0xb103;0xa103;0xe0;18130;7;1926;118;6870;12
UF;82096217;754912;0xdeca;0xa106;0xb101;0xe1;7041;5;26;22;758;20
UL;82096217;34031;G;6;0xa106;0xb101;0xe1;7041;5;26;22;758;20
UF;82096266;754913;0xdeca;0xb102;0xa101;0xe0;20472;7;2363;123;6757;12
UF;82096397;754914;0xdeca;0xb103;0xa104;0xe0;21328;7;2422;122;4579;12
UF;82096410;754915;0xdeca;0xb101;0xa100;0xe0;9557;6;42;24;872;12
UF;82096468;754916;0xdeca;0xb102;0xa101;0xe0;18633;7;2116;122;7281;12
UF;82096595;754917;0xdeca;0xb103;0xa100;0xe0;20177;7;2329;123;6409;12
UF;82096607;754918;0xdeca;0xb101;0xa102;0xe0;18104;7;1989;120;7324;12
UF;82096666;754919;0xdeca;0xb102;0xa101;0xe0;18650;7;2015;119;7172;12
UF;82096792;754920;0xdeca;0xb103;0xa104;0xe0;19679;7;2162;120;4042;12
UF;82096805;754921;0xdeca;0xb103;0xa107;0xe0;16670;7;814;80;2334;12
UF;82096869;754922;0xdeca;0xb102;0xa102;0xe0;19145;7;2246;124;7622;12
UF;82096995;754923;0xdeca;0xb103;0xa100;0xe0;19677;7;2126;119;6001;12
UF;82097008;754924;0xdeca;0xa100;0xb101;0xe1;18010;7;2147;125;2944;20
UL;82097008;34032;A;0;0xa100;0xb101;0xe1;18010;7;2147;125;2944;20
listener anchor=A src=0xa100 code=0xe1 level=7 q=18010 cir=2147 rxpacc=125 fp=2944/7006/6203 frames=353
UF;82097066;754925;0xdeca;0xb102;0xa101;0xe0;19267;7;2224;123;7491;12
listener debug sel=A valid=1 age=58 level=7 good=754925 accepted=34032 badhdr=6 nonanchor=720887 toolong=0 rxerr=1675 rxen_fail=0 rxen_last=0 sys_status=0x00800002 sys_state=000505450b rx_finfo=0x07b6c80c last_status=0x04800102 last_len=12 pan=0xdeca dst=0xa101 src=0xb102 code=0xe0
UF;82097197;754926;0xdeca;0xb103;0xa104;0xe0;21720;7;2548;124;5803;12
UF;82097210;754927;0xdeca;0xb101;0xa100;0xe0;17713;7;2078;124;6898;12
UF;82097269;754928;0xdeca;0xb102;0xa101;0xe0;17564;7;1962;121;2150;12
UF;82097396;754929;0xdeca;0xb103;0xa100;0xe0;19432;7;2243;123;6731;12
UF;82097408;754930;0xdeca;0xb101;0xa100;0xe0;18111;7;1924;118;6540;12
UF;82097467;754931;0xdeca;0xb102;0xa101;0xe0;18431;7;2093;122;1055;12
UF;82097594;754932;0xdeca;0xb103;0xa104;0xe0;18977;7;1982;117;6906;12
UF;82097607;754933;0xdeca;0xb101;0xa100;0xe0;18743;7;2025;119;6967;12
UF;82097666;754934;0xdeca;0xb102;0xa101;0xe0;17933;7;1873;117;1121;12
UF;82097793;754935;0xdeca;0xb103;0xa100;0xe0;20458;7;2400;124;5324;12
UF;82097805;754936;0xdeca;0xb103;0xa103;0xe0;6228;5;23;22;704;12
UF;82097869;754937;0xdeca;0xb102;0xa101;0xe0;18325;7;2081;122;7458;12
UF;82097996;754938;0xdeca;0xb103;0xa104;0xe0;19505;7;2215;122;5479;12
UF;82098008;754939;0xdeca;0xa100;0xb101;0xe1;17301;7;1997;123;3943;20
UL;82098008;34033;A;0;0xa100;0xb101;0xe1;17301;7;1997;123;3943;20
listener anchor=A src=0xa100 code=0xe1 level=7 q=17301 cir=1997 rxpacc=123 fp=3943/6583/4981 frames=354
UF;82098067;754940;0xdeca;0xb102;0xa101;0xe0;19461;7;2283;124;7635;12
listener debug sel=A valid=1 age=59 level=7 good=754940 accepted=34033 badhdr=6 nonanchor=720901 toolong=0 rxerr=1675 rxen_fail=0 rxen_last=0 sys_status=0x00800002 sys_state=000505430b rx_finfo=0x07c6c80c last_status=0x04800102 last_len=12 pan=0xdeca dst=0xa101 src=0xb102 code=0xe0
UF;82098193;754941;0xdeca;0xb103;0xa100;0xe0;20059;7;2131;118;5364;12
UF;82098205;754942;0xdeca;0xb103;0xa103;0xe0;18698;7;2229;125;3806;12
UF;82098218;754943;0xdeca;0xb101;0xa107;0xe0;20960;7;2042;113;6902;12
UF;82098267;754944;0xdeca;0xb102;0xa101;0xe0;18824;7;1966;117;6729;12
UF;82098393;754945;0xdeca;0xb103;0xa104;0xe0;20501;7;2405;124;4600;12
UF;82098406;754946;0xdeca;0xa107;0xb103;0xe1;16980;7;1960;123;5864;20
UL;82098406;34034;H;7;0xa107;0xb103;0xe1;16980;7;1960;123;5864;20
UF;82098466;754947;0xdeca;0xb102;0xa102;0xe0;18889;7;2110;121;7171;12
UF;82098479;754948;0xdeca;0xa106;0xb102;0xe1;18234;7;1970;119;3540;20
UL;82098479;34035;G;6;0xa106;0xb102;0xe1;18234;7;1970;119;3540;20
UF;82098596;754949;0xdeca;0xb103;0xa100;0xe0;19149;7;2139;121;6568;12
uwb any-frame t=82098608 good=754950 len=20 fctrl=8841 pan=0xdeca dst=0xb101 src=0xa100 code=0xe1 q=18791 level=7 cir=2169 rxpacc=123 fp=5954/6551/6985
UF;82098608;754950;0xdeca;0xa100;0xb101;0xe1;18791;7;2169;123;5954;20
UL;82098608;34036;A;0;0xa100;0xb101;0xe1;18791;7;2169;123;5954;20
UF;82098666;754951;0xdeca;0xb102;0xa101;0xe0;19002;7;2053;119;7218;12
UF;82098678;754952;0xdeca;0xa106;0xb102;0xe1;17067;7;1844;119;4668;20
UL;82098678;34037;G;6;0xa106;0xb102;0xe1;17067;7;1844;119;4668;20
UF;82098795;754953;0xdeca;0xb103;0xa104;0xe0;20270;7;2190;119;5805;12
UF;82098808;754954;0xdeca;0xa100;0xb101;0xe1;18847;7;2211;124;5887;20
UL;82098808;34038;A;0;0xa100;0xb101;0xe1;18847;7;2211;124;5887;20
UF;82098868;754955;0xdeca;0xb102;0xa101;0xe0;17251;7;1959;122;6776;12
UF;82098995;754956;0xdeca;0xb103;0xa100;0xe0;19753;7;2280;123;3956;12
UF;82099007;754957;0xdeca;0xb101;0xa100;0xe0;16547;7;1818;120;6382;12
UF;82099066;754958;0xdeca;0xb102;0xa101;0xe0;17697;7;1880;118;7028;12
listener debug sel=A valid=1 age=271 level=7 good=754958 accepted=34038 badhdr=6 nonanchor=720914 toolong=0 rxerr=1675 rxen_fail=0 rxen_last=0 sys_status=0x00800002 sys_state=000505480b rx_finfo=0x0766c80c last_status=0x04800102 last_len=12 pan=0xdeca dst=0xa101 src=0xb102 code=0xe0
UF;82099192;754959;0xdeca;0xb103;0xa104;0xe0;20125;7;2323;123;4567;12
UF;82099205;754960;0xdeca;0xb103;0xa107;0xe0;17955;7;2039;122;4525;12
UF;82099269;754961;0xdeca;0xb102;0xa101;0xe0;17401;7;1976;122;3342;12
UF;82099396;754962;0xdeca;0xb103;0xa100;0xe0;20225;7;2222;120;6459;12
UF;82099408;754963;0xdeca;0xb101;0xa100;0xe0;18397;7;2055;121;6954;12
UF;82099468;754964;0xdeca;0xb102;0xa101;0xe0;18432;7;2059;121;7328;12
UF;82099594;754965;0xdeca;0xb103;0xa104;0xe0;18340;7;2015;120;2772;12
UF;82099607;754966;0xdeca;0xb101;0xa100;0xe0;20261;7;2189;119;7059;12
UF;82099666;754967;0xdeca;0xb102;0xa101;0xe0;19247;7;2150;121;7321;12
UF;82099793;754968;0xdeca;0xb103;0xa100;0xe0;21121;7;2282;119;4897;12
UF;82099805;754969;0xdeca;0xb103;0xa103;0xe0;19589;7;2081;118;6870;12
UF;82099818;754970;0xdeca;0xa107;0xb101;0xe1;17330;7;1810;117;78;20
UL;82099818;34039;H;7;0xa107;0xb101;0xe1;17330;7;1810;117;78;20
UF;82099867;754971;0xdeca;0xb102;0xa101;0xe0;18105;7;2124;124;7608;12
UF;82099994;754972;0xdeca;0xb103;0xa104;0xe0;17785;7;1954;120;5244;12
UF;82100007;754973;0xdeca;0xa107;0xb103;0xe1;16868;7;1792;118;5554;20
UL;82100007;34040;H;7;0xa107;0xb103;0xe1;16868;7;1792;118;5554;20
UF;82100066;754974;0xdeca;0xb102;0xa102;0xe0;18792;7;2134;122;6827;12
listener debug sel=A valid=1 age=1271 level=7 good=754974 accepted=34040 badhdr=6 nonanchor=720928 toolong=0 rxerr=1675 rxen_fail=0 rxen_last=0 sys_status=0x00800002 sys_state=000505440b rx_finfo=0x07a6c80c last_status=0x04800102 last_len=12 pan=0xdeca dst=0xa102 src=0xb102 code=0xe0
UF;82100197;754975;0xdeca;0xb103;0xa100;0xe0;20356;7;2126;117;6074;12
UF;82100210;754976;0xdeca;0xb101;0xa102;0xe0;19862;7;2110;118;7058;12
UF;82100269;754977;0xdeca;0xb102;0xa101;0xe0;21267;7;2415;122;7388;12
UF;82100396;754978;0xdeca;0xb103;0xa104;0xe0;18128;7;2025;121;3163;12
UF;82100408;754979;0xdeca;0xa100;0xb101;0xe1;18719;7;2091;121;5153;20
UL;82100408;34041;A;0;0xa100;0xb101;0xe1;18719;7;2091;121;5153;20
listener anchor=A src=0xa100 code=0xe1 level=7 q=18719 cir=2091 rxpacc=121 fp=5153/7119/4331 frames=357
UF;82100467;754980;0xdeca;0xb102;0xa101;0xe0;16605;7;1764;118;6944;12
UF;82100594;754981;0xdeca;0xb103;0xa100;0xe0;18907;7;2218;124;7405;12
UF;82100606;754982;0xdeca;0xa103;0xb103;0xe1;18158;7;1995;120;2901;20
UL;82100606;34042;D;3;0xa103;0xb103;0xe1;18158;7;1995;120;2901;20
UF;82100666;754983;0xdeca;0xb102;0xa101;0xe0;16689;7;1773;118;7351;12
UF;82100679;754984;0xdeca;0xa104;0xb102;0xe1;16866;7;1853;120;6992;20
UL;82100679;34043;E;4;0xa104;0xb102;0xe1;16866;7;1853;120;6992;20
UF;82100796;754985;0xdeca;0xb103;0xa104;0xe0;20031;7;2128;118;3936;12
UF;82100808;754986;0xdeca;0xa100;0xb101;0xe1;18625;7;2185;124;5482;20
UL;82100808;34044;A;0;0xa100;0xb101;0xe1;18625;7;2185;124;5482;20
UF;82100868;754987;0xdeca;0xb102;0xa101;0xe0;18488;7;2134;123;7568;12
UF;82100995;754988;0xdeca;0xb103;0xa100;0xe0;19127;7;2172;122;6402;12
UF;82101007;754989;0xdeca;0xb101;0xa100;0xe0;19261;7;2081;119;4775;12
UF;82101067;754990;0xdeca;0xb102;0xa101;0xe0;18519;7;2103;122;4964;12
listener debug sel=A valid=1 age=271 level=7 good=754990 accepted=34044 badhdr=6 nonanchor=720940 toolong=0 rxerr=1675 rxen_fail=0 rxen_last=0 sys_status=0x00800002 sys_state=000505410b rx_finfo=0x07a6c80c last_status=0x04800102 last_len=12 pan=0xdeca dst=0xa101 src=0xb102 code=0xe0
UF;82101192;754991;0xdeca;0xb103;0xa104;0xe0;19839;7;2290;123;5976;12
UF;82101205;754992;0xdeca;0xb103;0xa107;0xe0;17988;7;1911;118;4534;12
UF;82101269;754993;0xdeca;0xb102;0xa101;0xe0;16938;7;1769;117;4198;12
UF;82101396;754994;0xdeca;0xb103;0xa100;0xe0;18013;7;1979;120;3394;12
UF;82101409;754995;0xdeca;0xb101;0xa100;0xe0;17030;7;1840;119;6232;12
UF;82101468;754996;0xdeca;0xb102;0xa101;0xe0;16631;7;1737;117;2317;12
UF;82101595;754997;0xdeca;0xb103;0xa104;0xe0;19695;7;2200;121;7282;12
UF;82101607;754998;0xdeca;0xb101;0xa102;0xe0;16894;7;1950;123;7281;12
UF;82101667;754999;0xdeca;0xb102;0xa102;0xe0;18218;7;2035;121;2338;12
uwb any-frame t=82101793 good=755000 len=12 fctrl=8841 pan=0xdeca dst=0xa100 src=0xb103 code=0xe0 q=19657 level=7 cir=2306 rxpacc=124 fp=7247/7772/4889
UF;82101793;755000;0xdeca;0xb103;0xa100;0xe0;19657;7;2306;124;7247;12
UF;82101866;755001;0xdeca;0xb102;0xa101;0xe0;16582;7;1883;122;7468;12
UF;82101878;755002;0xdeca;0xa106;0xb102;0xe1;17937;7;1938;119;3826;20
UL;82101878;34045;G;6;0xa106;0xb102;0xe1;17937;7;1938;119;3826;20
UF;82101995;755003;0xdeca;0xb103;0xa104;0xe0;19725;7;2314;124;7068;12
UF;82102008;755004;0xdeca;0xa100;0xb101;0xe1;17798;7;1923;119;4618;20
UL;82102008;34046;A;0;0xa100;0xb101;0xe1;17798;7;1923;119;4618;20
listener anchor=A src=0xa100 code=0xe1 level=7 q=17798 cir=1923 rxpacc=119 fp=4618/6602/4360 frames=359
UF;82102067;755005;0xdeca;0xb102;0xa101;0xe0;17703;7;1945;120;7455;12
listener debug sel=A valid=1 age=71 level=7 good=755005 accepted=34046 badhdr=6 nonanchor=720953 toolong=0 rxerr=1675 rxen_fail=0 rxen_last=0 sys_status=0x00800002 sys_state=000505480b rx_finfo=0x0786c80c last_status=0x04800102 last_len=12 pan=0xdeca dst=0xa101 src=0xb102 code=0xe0
UF;82102198;755006;0xdeca;0xb103;0xa100;0xe0;18827;7;2138;122;6603;12
UF;82102210;755007;0xdeca;0xa102;0xb101;0xe1;18067;7;1952;119;7142;20
UL;82102210;34047;C;2;0xa102;0xb101;0xe1;18067;7;1952;119;7142;20
UF;82102265;755008;0xdeca;0xb102;0xa101;0xe0;17501;7;1955;121;7271;12
UF;82102277;755009;0xdeca;0xa104;0xb102;0xe1;16975;7;1865;120;5552;20
UL;82102277;34048;E;4;0xa104;0xb102;0xe1;16975;7;1865;120;5552;20
UF;82102394;755010;0xdeca;0xb103;0xa104;0xe0;19015;7;1986;117;4919;12
UF;82102407;755011;0xdeca;0xb101;0xa100;0xe0;17152;7;1916;121;6868;12
UF;82102466;755012;0xdeca;0xb102;0xa101;0xe0;21512;7;2403;121;7344;12
UF;82102593;755013;0xdeca;0xb103;0xa100;0xe0;19279;7;2083;119;6367;12
UF;82102606;755014;0xdeca;0xa103;0xb103;0xe1;17617;7;1840;117;2797;20
UL;82102606;34049;D;3;0xa103;0xb103;0xe1;17617;7;1840;117;2797;20
UF;82102666;755015;0xdeca;0xb102;0xa101;0xe0;18284;7;2145;124;7177;12
UF;82102678;755016;0xdeca;0xa106;0xb102;0xe1;16521;7;1907;123;3923;20
UL;82102678;34050;G;6;0xa106;0xb102;0xe1;16521;7;1907;123;3923;20
UF;82102795;755017;0xdeca;0xb103;0xa104;0xe0;20615;7;2341;122;7282;12
UF;82102808;755018;0xdeca;0xa100;0xb101;0xe1;16894;7;1950;123;4383;20
UL;82102808;34051;A;0;0xa100;0xb101;0xe1;16894;7;1950;123;4383;20
UF;82102868;755019;0xdeca;0xb102;0xa101;0xe0;19657;7;2306;124;7248;12
UF;82102994;755020;0xdeca;0xb103;0xa100;0xe0;20255;7;2338;123;5731;12
UF;82103007;755021;0xdeca;0xb101;0xa102;0xe0;16634;7;1983;125;7475;12
UF;82103066;755022;0xdeca;0xb102;0xa101;0xe0;18114;7;2125;124;3256;12
listener debug sel=A valid=1 age=271 level=7 good=755022 accepted=34051 badhdr=6 nonanchor=720965 toolong=0 rxerr=1675 rxen_fail=0 rxen_last=0 sys_status=0x00800002 sys_state=000505450b rx_finfo=0x07c6c80c last_status=0x04800102 last_len=12 pan=0xdeca dst=0xa101 src=0xb102 code=0xe0
UF;82103197;755023;0xdeca;0xb103;0xa104;0xe0;19389;7;2025;117;4065;12
UF;82103210;755024;0xdeca;0xb101;0xa100;0xe0;15664;7;1636;117;6956;12
UF;82103269;755025;0xdeca;0xb102;0xa102;0xe0;18956;7;2188;123;1991;12
UF;82103396;755026;0xdeca;0xb103;0xa100;0xe0;18522;7;2138;123;3850;12
UF;82103408;755027;0xdeca;0xb101;0xa100;0xe0;19163;7;2212;123;7018;12
UF;82103467;755028;0xdeca;0xb102;0xa101;0xe0;17278;7;1930;121;6611;12
UF;82103594;755029;0xdeca;0xb103;0xa104;0xe0;21607;7;2494;123;4858;12
UF;82103607;755030;0xdeca;0xb101;0xa100;0xe0;17808;7;1924;119;7381;12
UF;82103666;755031;0xdeca;0xb102;0xa101;0xe0;18167;7;2097;123;7394;12
UF;82103679;755032;0xdeca;0xa106;0xb102;0xe1;17925;7;2069;123;5842;20
UL;82103679;34052;G;6;0xa106;0xb102;0xe1;17925;7;2069;123;5842;20
UF;82103796;755033;0xdeca;0xb103;0xa100;0xe0;21330;7;2266;118;5531;12
UF;82103808;755034;0xdeca;0xa100;0xb101;0xe1;18069;7;2154;125;3505;20
UL;82103808;34053;A;0;0xa100;0xb101;0xe1;18069;7;2154;125;3505;20
listener anchor=A src=0xa100 code=0xe1 level=7 q=18069 cir=2154 rxpacc=125 fp=3505/7352/7001 frames=361
UF;82103867;755035;0xdeca;0xb102;0xa101;0xe0;17145;7;1947;122;7277;12
UF;82103994;755036;0xdeca;0xb103;0xa104;0xe0;19734;7;2061;117;5897;12
UF;82104006;755037;0xdeca;0xa107;0xb103;0xe1;17028;7;2030;125;5847;20
UL;82104006;34054;H;7;0xa107;0xb103;0xe1;17028;7;2030;125;5847;20
UF;82104066;755038;0xdeca;0xb102;0xa101;0xe0;17160;7;1823;118;6757;12
UF;82104079;755039;0xdeca;0xa104;0xb102;0xe1;17430;7;1947;121;6878;20
UL;82104079;34055;E;4;0xa104;0xb102;0xe1;17430;7;1947;121;6878;20
listener debug sel=A valid=1 age=271 level=7 good=755039 accepted=34055 badhdr=6 nonanchor=720978 toolong=0 rxerr=1675 rxen_fail=0 rxen_last=0 sys_status=0x00800002 sys_state=000505440b rx_finfo=0x0796c814 last_status=0x04800102 last_len=20 pan=0xdeca dst=0xb102 src=0xa104 code=0xe1
UF;82104195;755040;0xdeca;0xb103;0xa100;0xe0;19546;7;2293;124;6888;12
UF;82104207;755041;0xdeca;0xa100;0xb101;0xe1;17367;7;1845;118;2024;20
UL;82104207;34056;A;0;0xa100;0xb101;0xe1;17367;7;1845;118;2024;20
UF;82104267;755042;0xdeca;0xb102;0xa101;0xe0;20716;7;2276;120;7296;12
UF;82104394;755043;0xdeca;0xb103;0xa104;0xe0;19005;7;2088;120;5598;12
UF;82104407;755044;0xdeca;0xb101;0xa100;0xe0;18164;7;2029;121;6985;12
UF;82104466;755045;0xdeca;0xb102;0xa101;0xe0;20177;7;2367;124;7273;12
UF;82104478;755046;0xdeca;0xa106;0xb102;0xe1;16948;7;807;79;2621;20
UL;82104478;34057;G;6;0xa106;0xb102;0xe1;16948;7;807;79;2621;20
UF;82104595;755047;0xdeca;0xb103;0xa100;0xe0;20714;7;2238;119;7134;12
UF;82104608;755048;0xdeca;0xa102;0xb101;0xe1;16623;7;1796;119;6712;20
UL;82104608;34058;C;2;0xa102;0xb101;0xe1;16623;7;1796;119;6712;20
UF;82104668;755049;0xdeca;0xb102;0xa101;0xe0;17163;7;1949;122;7228;12
uwb any-frame t=82104794 good=755050 len=12 fctrl=8841 pan=0xdeca dst=0xa104 src=0xb103 code=0xe0 q=19848 level=7 cir=2291 rxpacc=123 fp=4068/7372/6985
UF;82104794;755050;0xdeca;0xb103;0xa104;0xe0;19848;7;2291;123;4068;12
UF;82104867;755051;0xdeca;0xb102;0xa102;0xe0;19606;7;2154;120;6893;12
UF;82104994;755052;0xdeca;0xb103;0xa100;0xe0;19311;7;2229;123;4766;12
UF;82105006;755053;0xdeca;0xa103;0xb103;0xe1;17603;7;1999;122;3402;20
UL;82105006;34059;D;3;0xa103;0xb103;0xe1;17603;7;1999;122;3402;20
UF;82105066;755054;0xdeca;0xb102;0xa101;0xe0;18826;7;2000;118;886;12
UF;82105079;755055;0xdeca;0xa106;0xb102;0xe1;17110;7;1787;117;4884;20
UL;82105079;34060;G;6;0xa106;0xb102;0xe1;17110;7;1787;117;4884;20
listener debug sel=A valid=1 age=872 level=7 good=755055 accepted=34060 badhdr=6 nonanchor=720989 toolong=0 rxerr=1675 rxen_fail=0 rxen_last=0 sys_status=0x00800002 sys_state=000505430b rx_finfo=0x0756c814 last_status=0x04800102 last_len=20 pan=0xdeca dst=0xb102 src=0xa106 code=0xe1
UF;82105195;755056;0xdeca;0xb103;0xa104;0xe0;19519;7;2253;123;6482;12
UF;82105207;755057;0xdeca;0xb101;0xa100;0xe0;18240;7;2004;120;5400;12
UF;82105267;755058;0xdeca;0xb102;0xa101;0xe0;16776;7;1968;124;4337;12
UF;82105393;755059;0xdeca;0xb103;0xa100;0xe0;19972;7;2268;122;7069;12
UF;82105406;755060;0xdeca;0xa103;0xb103;0xe1;16597;7;1854;121;3968;20
UL;82105406;34061;D;3;0xa103;0xb103;0xe1;16597;7;1854;121;3968;20
UF;82105466;755061;0xdeca;0xb102;0xa101;0xe0;17002;7;1868;120;1904;12
UF;82105478;755062;0xdeca;0xa104;0xb102;0xe1;17448;7;2014;123;7057;20
UL;82105478;34062;E;4;0xa104;0xb102;0xe1;17448;7;2014;123;7057;20
UF;82105595;755063;0xdeca;0xb103;0xa104;0xe0;20595;7;2416;124;4953;12
UF;82105608;755064;0xdeca;0xa100;0xb101;0xe1;18686;7;2053;120;2612;20
UL;82105608;34063;A;0;0xa100;0xb101;0xe1;18686;7;2053;120;2612;20
listener anchor=A src=0xa100 code=0xe1 level=7 q=18686 cir=2053 rxpacc=120 fp=2612/6575/6462 frames=363
UF;82105667;755065;0xdeca;0xb102;0xa101;0xe0;18632;7;2013;119;7216;12
UF;82105793;755066;0xdeca;0xb103;0xa100;0xe0;18200;7;2033;121;3074;12
UF;82105806;755067;0xdeca;0xa103;0xb103;0xe1;17734;7;1884;118;3179;20
UL;82105806;34064;D;3;0xa103;0xb103;0xe1;17734;7;1884;118;3179;20
UF;82105866;755068;0xdeca;0xb102;0xa101;0xe0;16206;7;1751;119;7236;12
UF;82105878;755069;0xdeca;0xa106;0xb102;0xe1;17788;7;505;61;2605;20
UL;82105878;34065;G;6;0xa106;0xb102;0xe1;17788;7;505;61;2605;20
UF;82105995;755070;0xdeca;0xb103;0xa104;0xe0;19236;7;2009;117;6562;12
UF;82106008;755071;0xdeca;0xb101;0xa100;0xe0;19539;7;2111;119;7703;12
UF;82106067;755072;0xdeca;0xb102;0xa101;0xe0;17841;7;2026;122;7669;12
listener debug sel=A valid=1 age=472 level=7 good=755072 accepted=34065 badhdr=6 nonanchor=721001 toolong=0 rxerr=1675 rxen_fail=0 rxen_last=0 sys_status=0x00800002 sys_state=000505480b rx_finfo=0x07a6c80c last_status=0x04800102 last_len=12 pan=0xdeca dst=0xa101 src=0xb102 code=0xe0
UF;82106193;755073;0xdeca;0xb103;0xa100;0xe0;19132;7;2102;120;4127;12
UF;82106205;755074;0xdeca;0xb103;0xa103;0xe0;19862;7;1339;94;5788;12
UF;82106218;755075;0xdeca;0xb101;0xa107;0xe0;20849;7;1559;99;6188;12
UF;82106267;755076;0xdeca;0xb102;0xa101;0xe0;16720;7;1837;120;7393;12
UF;82106393;755077;0xdeca;0xb103;0xa104;0xe0;21615;7;2495;123;5975;12
UF;82106406;755078;0xdeca;0xa107;0xb103;0xe1;16857;7;1852;120;53;20
UL;82106406;34066;H;7;0xa107;0xb103;0xe1;16857;7;1852;120;53;20
UF;82106465;755079;0xdeca;0xb102;0xa102;0xe0;22462;8;2346;117;7210;12
UF;82106478;755080;0xdeca;0xa106;0xb102;0xe1;19056;7;2164;122;3614;20
UL;82106478;34067;G;6;0xa106;0xb102;0xe1;19056;7;2164;122;3614;20
UF;82106595;755081;0xdeca;0xb103;0xa100;0xe0;19928;7;2117;118;4383;12
UF;82106608;755082;0xdeca;0xb101;0xa100;0xe0;21387;7;2509;124;7764;12
UF;82106667;755083;0xdeca;0xb102;0xa101;0xe0;15262;7;1594;117;3903;12
UF;82106794;755084;0xdeca;0xb103;0xa104;0xe0;20842;7;2445;124;6275;12
UF;82106806;755085;0xdeca;0xb101;0xa100;0xe0;18450;7;1960;118;6929;12
UF;82106865;755086;0xdeca;0xb102;0xa101;0xe0;18271;7;1941;118;5687;12
UF;82106878;755087;0xdeca;0xa106;0xb102;0xe1;17650;7;1907;119;3790;20
UL;82106878;34068;G;6;0xa106;0xb102;0xe1;17650;7;1907;119;3790;20
UF;82106995;755088;0xdeca;0xb103;0xa100;0xe0;19259;7;2187;122;5909;12
UF;82107008;755089;0xdeca;0xb101;0xa100;0xe0;16454;7;1748;118;6942;12
UF;82107067;755090;0xdeca;0xb102;0xa101;0xe0;18937;7;2046;119;5272;12
listener debug sel=A valid=1 age=1477 level=7 good=755090 accepted=34068 badhdr=6 nonanchor=721016 toolong=0 rxerr=1675 rxen_fail=0 rxen_last=0 sys_status=0x00800002 sys_state=000505420b rx_finfo=0x0776c80c last_status=0x04800102 last_len=12 pan=0xdeca dst=0xa101 src=0xb102 code=0xe0
UF;82107192;755091;0xdeca;0xb103;0xa104;0xe0;18938;7;2186;123;4831;12
UF;82107205;755092;0xdeca;0xb103;0xa107;0xe0;14951;7;231;45;2052;12
UF;82107269;755093;0xdeca;0xb102;0xa101;0xe0;18354;7;1983;119;2716;12
UF;82107395;755094;0xdeca;0xb103;0xa100;0xe0;19793;7;2322;124;4705;12
UF;82107408;755095;0xdeca;0xa100;0xb101;0xe1;18225;7;2138;124;3328;20
UL;82107408;34069;A;0;0xa100;0xb101;0xe1;18225;7;2138;124;3328;20
listener anchor=A src=0xa100 code=0xe1 level=7 q=18225 cir=2138 rxpacc=124 fp=3328/6728/5849 frames=364
UF;82107467;755096;0xdeca;0xb102;0xa101;0xe0;18405;7;2090;122;6370;12
UF;82107593;755097;0xdeca;0xb103;0xa104;0xe0;19306;7;2051;118;5833;12
UF;82107606;755098;0xdeca;0xa107;0xb103;0xe1;17794;7;1955;120;116;20
UL;82107606;34070;H;7;0xa107;0xb103;0xe1;17794;7;1955;120;116;20
UF;82107666;755099;0xdeca;0xb102;0xa101;0xe0;17019;7;1808;118;6824;12
uwb any-frame t=82107678 good=755100 len=20 fctrl=8841 pan=0xdeca dst=0xb102 src=0xa106 code=0xe1 q=17627 level=7 cir=1969 rxpacc=121 fp=3583/6374/6569
UF;82107678;755100;0xdeca;0xa106;0xb102;0xe1;17627;7;1969;121;3583;20
UL;82107678;34071;G;6;0xa106;0xb102;0xe1;17627;7;1969;121;3583;20
UF;82107793;755101;0xdeca;0xb103;0xa100;0xe0;19955;7;2341;124;4495;12
UF;82107806;755102;0xdeca;0xa103;0xb103;0xe1;17439;7;1948;121;3306;20
UL;82107806;34072;D;3;0xa103;0xb103;0xe1;17439;7;1948;121;3306;20
UF;82107866;755103;0xdeca;0xb102;0xa101;0xe0;18782;7;2098;121;7571;12
UF;82107878;755104;0xdeca;0xa106;0xb102;0xe1;18638;7;1980;118;4698;20
UL;82107878;34073;G;6;0xa106;0xb102;0xe1;18638;7;1980;118;4698;20
UF;82107995;755105;0xdeca;0xb103;0xa104;0xe0;18325;7;2047;121;4011;12
UF;82108008;755106;0xdeca;0xa102;0xb101;0xe1;17845;7;1928;119;6896;20
UL;82108008;34074;C;2;0xa102;0xb101;0xe1;17845;7;1928;119;6896;20
UF;82108068;755107;0xdeca;0xb102;0xa102;0xe0;17407;7;1818;117;7182;12
listener debug sel=A valid=1 age=677 level=7 good=755107 accepted=34074 badhdr=6 nonanchor=721027 toolong=0 rxerr=1675 rxen_fail=0 rxen_last=0 sys_status=0x00800002 sys_state=000505430b rx_finfo=0x0756c80c last_status=0x04800102 last_len=12 pan=0xdeca dst=0xa102 src=0xb102 code=0xe0
UF;82108193;755108;0xdeca;0xb103;0xa100;0xe0;20048;7;2166;119;4392;12
UF;82108206;755109;0xdeca;0xa103;0xb103;0xe1;18150;7;1961;119;2883;20
UL;82108206;34075;D;3;0xa103;0xb103;0xe1;18150;7;1961;119;2883;20
UF;82108266;755110;0xdeca;0xb102;0xa101;0xe0;20467;7;2401;124;7539;12
UF;82108279;755111;0xdeca;0xa106;0xb102;0xe1;17263;7;1803;117;2905;20
UL;82108279;34076;G;6;0xa106;0xb102;0xe1;17263;7;1803;117;2905;20
UF;82108396;755112;0xdeca;0xb103;0xa104;0xe0;19972;7;2231;121;3540;12
UF;82108408;755113;0xdeca;0xa100;0xb101;0xe1;18440;7;1959;118;2448;20
UL;82108408;34077;A;0;0xa100;0xb101;0xe1;18440;7;1959;118;2448;20
listener anchor=A src=0xa100 code=0xe1 level=7 q=18440 cir=1959 rxpacc=118 fp=2448/6362/6158 frames=365
UF;82108467;755114;0xdeca;0xb102;0xa101;0xe0;16986;7;1774;117;6834;12
UF;82108594;755115;0xdeca;0xb103;0xa100;0xe0;18774;7;2167;123;3823;12
UF;82108606;755116;0xdeca;0xa103;0xb103;0xe1;17215;7;1860;119;2678;20
UL;82108606;34078;D;3;0xa103;0xb103;0xe1;17215;7;1860;119;2678;20
UF;82108666;755117;0xdeca;0xb102;0xa101;0xe0;18773;7;2238;125;7619;12
UF;82108679;755118;0xdeca;0xa104;0xb102;0xe1;17725;7;2046;123;6097;20
UL;82108679;34079;E;4;0xa104;0xb102;0xe1;17725;7;2046;123;6097;20
UF;82108796;755119;0xdeca;0xb103;0xa104;0xe0;19735;7;2278;123;6478;12
UF;82108808;755120;0xdeca;0xa100;0xb101;0xe1;18479;7;2133;123;4715;20
UL;82108808;34080;A;0;0xa100;0xb101;0xe1;18479;7;2133;123;4715;20
UF;82108868;755121;0xdeca;0xb102;0xa101;0xe0;18054;7;1918;118;7059;12
UF;82108995;755122;0xdeca;0xb103;0xa100;0xe0;21036;7;2197;117;6522;12
UF;82109007;755123;0xdeca;0xa100;0xb101;0xe1;17913;7;2001;121;4776;20
UL;82109007;34081;A;0;0xa100;0xb101;0xe1;17913;7;2001;121;4776;20
UF;82109067;755124;0xdeca;0xb102;0xa101;0xe0;18629;7;2081;121;2491;12
listener debug sel=A valid=1 age=78 level=7 good=755124 accepted=34081 badhdr=6 nonanchor=721037 toolong=0 rxerr=1675 rxen_fail=0 rxen_last=0 sys_status=0x00800002 sys_state=000505480b rx_finfo=0x0796c80c last_status=0x04800102 last_len=12 pan=0xdeca dst=0xa101 src=0xb102 code=0xe0
UF;82109193;755125;0xdeca;0xb103;0xa104;0xe0;18898;7;2111;121;4797;12
UF;82109206;755126;0xdeca;0xa107;0xb103;0xe1;17976;7;2008;121;6118;20
UL;82109206;34082;H;7;0xa107;0xb103;0xe1;17976;7;2008;121;6118;20
UF;82109265;755127;0xdeca;0xb102;0xa101;0xe0;17285;7;1899;120;3207;12
UF;82109278;755128;0xdeca;0xa106;0xb102;0xe1;18384;7;1953;118;3443;20
UL;82109278;34083;G;6;0xa106;0xb102;0xe1;18384;7;1953;118;3443;20
UF;82109395;755129;0xdeca;0xb103;0xa100;0xe0;20475;7;2402;124;7104;12
UF;82109408;755130;0xdeca;0xa102;0xb101;0xe1;17929;7;2036;122;7387;20
UL;82109408;34084;C;2;0xa102;0xb101;0xe1;17929;7;2036;122;7387;20
UF;82109468;755131;0xdeca;0xb102;0xa101;0xe0;17850;7;2027;122;2575;12
UF;82109594;755132;0xdeca;0xb103;0xa104;0xe0;18092;7;2021;121;7141;12
UF;82109607;755133;0xdeca;0xb101;0xa102;0xe0;18122;7;2126;124;7367;12
UF;82109666;755134;0xdeca;0xb102;0xa102;0xe0;17611;7;2066;124;5844;12
UF;82109793;755135;0xdeca;0xb103;0xa100;0xe0;19193;7;2144;121;5088;12
UF;82109805;755136;0xdeca;0xa103;0xb103;0xe1;18527;7;1935;117;2202;20
UL;82109805;34085;D;3;0xa103;0xb103;0xe1;18527;7;1935;117;2202;20
UF;82109865;755137;0xdeca;0xb102;0xa101;0xe0;19725;7;2314;124;7282;12
UF;82109878;755138;0xdeca;0xa106;0xb102;0xe1;18504;7;2033;120;3755;20
UL;82109878;34086;G;6;0xa106;0xb102;0xe1;18504;7;2033;120;3755;20
UF;82109995;755139;0xdeca;0xb103;0xa104;0xe0;19397;7;2239;123;7052;12
UF;82110008;755140;0xdeca;0xb101;0xa100;0xe0;19486;7;2286;124;7173;12
UF;82110067;755141;0xdeca;0xb102;0xa101;0xe0;19153;7;2175;122;7144;12
listener debug sel=A valid=1 age=1078 level=7 good=755141 accepted=34086 badhdr=6 nonanchor=721049 toolong=0 rxerr=1675 rxen_fail=0 rxen_last=0 sys_status=0x00800002 sys_state=000505460b rx_finfo=0x07a6c80c last_status=0x04800102 last_len=12 pan=0xdeca dst=0xa101 src=0xb102 code=0xe0
UF;82110193;755142;0xdeca;0xb103;0xa100;0xe0;17636;7;1970;121;4333;12
UF;82110205;755143;0xdeca;0xa103;0xb103;0xe1;17517;7;2022;123;3375;20
UL;82110205;34087;D;3;0xa103;0xb103;0xe1;17517;7;2022;123;3375;20
UF;82110265;755144;0xdeca;0xb102;0xa101;0xe0;16921;7;1859;120;7241;12
UF;82110278;755145;0xdeca;0xb102;0xa104;0xe0;18501;7;2101;122;7519;12
UF;82110394;755146;0xdeca;0xb103;0xa104;0xe0;20351;7;2162;118;5597;12
UF;82110407;755147;0xdeca;0xa107;0xb103;0xe1;16430;7;1716;117;109;20
UL;82110407;34088;H;7;0xa107;0xb103;0xe1;16430;7;1716;117;109;20
UF;82110466;755148;0xdeca;0xb102;0xa101;0xe0;17894;7;1966;120;7334;12
UF;82110593;755149;0xdeca;0xb103;0xa100;0xe0;19900;7;2297;123;5924;12
uwb any-frame t=82110605 good=755150 len=20 fctrl=8841 pan=0xdeca dst=0xb103 src=0xa103 code=0xe1 q=18113 level=7 cir=1957 rxpacc=119 fp=2181/3796/3212
UF;82110605;755150;0xdeca;0xa103;0xb103;0xe1;18113;7;1957;119;2181;20
UL;82110605;34089;D;3;0xa103;0xb103;0xe1;18113;7;1957;119;2181;20
UF;82110668;755151;0xdeca;0xb102;0xa101;0xe0;21165;7;2443;123;7703;12
UF;82110795;755152;0xdeca;0xb103;0xa104;0xe0;18956;7;2188;123;4263;12
UF;82110807;755153;0xdeca;0xb101;0xa100;0xe0;19372;7;2058;118;7507;12
UF;82110866;755154;0xdeca;0xb102;0xa101;0xe0;18853;7;2106;121;6712;12
UF;82110879;755155;0xdeca;0xa106;0xb102;0xe1;17838;7;1895;118;3508;20
UL;82110879;34090;G;6;0xa106;0xb102;0xe1;17838;7;1895;118;3508;20
UF;82110996;755156;0xdeca;0xb103;0xa100;0xe0;19733;7;2168;120;3503;12
UF;82111008;755157;0xdeca;0xa102;0xb101;0xe1;17816;7;2090;124;7179;20
UL;82111008;34091;C;2;0xa102;0xb101;0xe1;17816;7;2090;124;7179;20
UF;82111068;755158;0xdeca;0xb102;0xa101;0xe0;18973;7;2190;123;7506;12
listener debug sel=A valid=1 age=2079 level=7 good=755158 accepted=34091 badhdr=6 nonanchor=721061 toolong=0 rxerr=1675 rxen_fail=0 rxen_last=0 sys_status=0x00800002 sys_state=000505440b rx_finfo=0x07b6c80c last_status=0x04800102 last_len=12 pan=0xdeca dst=0xa101 src=0xb102 code=0xe0
UF;82111193;755159;0xdeca;0xb103;0xa104;0xe0;19964;7;2157;119;5564;12
UF;82111206;755160;0xdeca;0xa107;0xb103;0xe1;18276;7;2144;124;6978;20
UL;82111206;34092;H;7;0xa107;0xb103;0xe1;18276;7;2144;124;6978;20
UF;82111266;755161;0xdeca;0xb102;0xa102;0xe0;18446;7;1993;119;2147;12
UF;82111278;755162;0xdeca;0xa106;0xb102;0xe1;18481;7;2168;124;6010;20
UL;82111278;34093;G;6;0xa106;0xb102;0xe1;18481;7;2168;124;6010;20
UF;82111395;755163;0xdeca;0xb103;0xa100;0xe0;19897;7;2372;125;3604;12
UF;82111408;755164;0xdeca;0xa100;0xb101;0xe1;18208;7;2136;124;2739;20
UL;82111408;34094;A;0;0xa100;0xb101;0xe1;18208;7;2136;124;2739;20
listener anchor=A src=0xa100 code=0xe1 level=7 q=18208 cir=2136 rxpacc=124 fp=2739/6894/6537 frames=368
UF;82111467;755165;0xdeca;0xb102;0xa101;0xe0;22594;8;2608;123;5862;12
UF;82111593;755166;0xdeca;0xb103;0xa104;0xe0;19893;7;2259;122;4811;12
UF;82111606;755167;0xdeca;0xa107;0xb103;0xe1;16897;7;1795;118;6059;20
UL;82111606;34095;H;7;0xa107;0xb103;0xe1;16897;7;1795;118;6059;20
UF;82111666;755168;0xdeca;0xb102;0xa101;0xe0;18097;7;2123;124;5248;12
UF;82111678;755169;0xdeca;0xa106;0xb102;0xe1;18472;7;2167;124;5953;20
UL;82111678;34096;G;6;0xa106;0xb102;0xe1;18472;7;2167;124;5953;20
UF;82111795;755170;0xdeca;0xb103;0xa100;0xe0;21038;7;2350;121;5069;12
UF;82111808;755171;0xdeca;0xa100;0xb101;0xe1;19761;7;2281;123;5752;20
UL;82111808;34097;A;0;0xa100;0xb101;0xe1;19761;7;2281;123;5752;20
UF;82111868;755172;0xdeca;0xb102;0xa101;0xe0;17471;7;1856;118;7198;12
UF;82111994;755173;0xdeca;0xb103;0xa104;0xe0;19986;7;2307;123;5264;12
UF;82112007;755174;0xdeca;0xb101;0xa100;0xe0;17024;7;1965;123;7294;12
UF;82112066;755175;0xdeca;0xb102;0xa101;0xe0;18240;7;2004;120;7496;12
UF;82112079;755176;0xdeca;0xa104;0xb102;0xe1;16866;7;1853;120;5303;20
UL;82112079;34098;E;4;0xa104;0xb102;0xe1;16866;7;1853;120;5303;20
listener debug sel=A valid=1 age=289 level=7 good=755176 accepted=34098 badhdr=6 nonanchor=721072 toolong=0 rxerr=1675 rxen_fail=0 rxen_last=0 sys_status=0x00800002 sys_state=000505480b rx_finfo=0x0786c814 last_status=0x04800102 last_len=20 pan=0xdeca dst=0xb102 src=0xa104 code=0xe1
UF;82112195;755177;0xdeca;0xb103;0xa100;0xe0;19609;7;2048;117;4438;12
UF;82112207;755178;0xdeca;0xb101;0xa100;0xe0;17795;7;2054;123;6139;12
UF;82112267;755179;0xdeca;0xb102;0xa101;0xe0;18432;7;2025;120;7325;12
UF;82112393;755180;0xdeca;0xb103;0xa104;0xe0;20791;7;2439;124;5615;12
UF;82112406;755181;0xdeca;0xa107;0xb103;0xe1;17510;7;1956;121;5072;20
UL;82112406;34099;H;7;0xa107;0xb103;0xe1;17510;7;1956;121;5072;20
UF;82112466;755182;0xdeca;0xb102;0xa101;0xe0;17743;7;1917;119;6934;12
UF;82112478;755183;0xdeca;0xa106;0xb102;0xe1;18304;7;2011;120;3550;20
UL;82112478;34100;G;6;0xa106;0xb102;0xe1;18304;7;2011;120;3550;20
UF;82112595;755184;0xdeca;0xb103;0xa100;0xe0;20103;7;2172;119;6551;12
UF;82112608;755185;0xdeca;0xa102;0xb101;0xe1;17895;7;1999;121;7099;20
UL;82112608;34101;C;2;0xa102;0xb101;0xe1;17895;7;1999;121;7099;20
UF;82112668;755186;0xdeca;0xb102;0xa101;0xe0;15597;7;1657;118;6901;12
UF;82112795;755187;0xdeca;0xb103;0xa104;0xe0;18474;7;1996;119;3268;12
UF;82112807;755188;0xdeca;0xb101;0xa102;0xe0;19341;7;2269;124;7503;12
UF;82112866;755189;0xdeca;0xb102;0xa102;0xe0;17911;7;2034;122;7165;12
UF;82112993;755190;0xdeca;0xb103;0xa100;0xe0;20825;7;2175;117;3961;12
UF;82113006;755191;0xdeca;0xa103;0xb103;0xe1;17396;7;2008;123;4335;20
UL;82113006;34102;D;3;0xa103;0xb103;0xe1;17396;7;2008;123;4335;20
UF;82113066;755192;0xdeca;0xb102;0xa101;0xe0;18123;7;2058;122;7426;12
UF;82113078;755193;0xdeca;0xa106;0xb102;0xe1;18522;7;2069;121;3357;20
UL;82113078;34103;G;6;0xa106;0xb102;0xe1;18522;7;2069;121;3357;20
listener debug sel=A valid=1 age=1289 level=7 good=755193 accepted=34103 badhdr=6 nonanchor=721084 toolong=0 rxerr=1675 rxen_fail=0 rxen_last=0 sys_status=0x00800002 sys_state=000505480b rx_finfo=0x0796c814 last_status=0x04800102 last_len=20 pan=0xdeca dst=0xb102 src=0xa106 code=0xe1
UF;82113194;755194;0xdeca;0xb103;0xa104;0xe0;18495;7;2066;121;3990;12
UF;82113207;755195;0xdeca;0xb101;0xa100;0xe0;19342;7;2125;120;5757;12
UF;82113266;755196;0xdeca;0xb102;0xa101;0xe0;19274;7;2013;117;5919;12
UF;82113279;755197;0xdeca;0xa106;0xb102;0xe1;17667;7;1941;120;3525;20
UL;82113279;34104;G;6;0xa106;0xb102;0xe1;17667;7;1941;120;3525;20
UF;82113395;755198;0xdeca;0xb103;0xa100;0xe0;19155;7;2211;123;6416;12
UF;82113408;755199;0xdeca;0xa100;0xb101;0xe1;18446;7;2164;124;3487;20
UL;82113408;34105;A;0;0xa100;0xb101;0xe1;18446;7;2164;124;3487;20
listener anchor=A src=0xa100 code=0xe1 level=7 q=18446 cir=2164 rxpacc=124 fp=3487/6811/6631 frames=370
uwb any-frame t=82113467 good=755200 len=12 fctrl=8841 pan=0xdeca dst=0xa101 src=0xb102 code=0xe0 q=18211 level=7 cir=1902 rxpacc=117 fp=3137/3505/3391
UF;82113467;755200;0xdeca;0xb102;0xa101;0xe0;18211;7;1902;117;3137;12
UF;82113596;755201;0xdeca;0xb103;0xa104;0xe0;19042;7;2198;123;7143;12
UF;82113609;755202;0xdeca;0xa100;0xb101;0xe1;16989;7;1961;123;4373;20
UL;82113609;34106;A;0;0xa100;0xb101;0xe1;16989;7;1961;123;4373;20
UF;82113669;755203;0xdeca;0xb102;0xa101;0xe0;16669;7;1801;119;862;12
UF;82113795;755204;0xdeca;0xb103;0xa100;0xe0;20833;7;2444;124;7340;12
UF;82113808;755205;0xdeca;0xa100;0xb101;0xe1;17779;7;1986;121;2474;20
UL;82113808;34107;A;0;0xa100;0xb101;0xe1;17779;7;1986;121;2474;20
UF;82113868;755206;0xdeca;0xb102;0xa101;0xe0;18440;7;2094;122;4973;12
UF;82113995;755207;0xdeca;0xb103;0xa104;0xe0;21608;7;2374;120;5282;12
UF;82114007;755208;0xdeca;0xb101;0xa100;0xe0;16324;7;1915;124;7787;12
UF;82114066;755209;0xdeca;0xb102;0xa101;0xe0;18340;7;2117;123;7629;12
listener debug sel=A valid=1 age=292 level=7 good=755209 accepted=34107 badhdr=6 nonanchor=721096 toolong=0 rxerr=1675 rxen_fail=0 rxen_last=0 sys_status=0x00800002 sys_state=000505480b rx_finfo=0x07b6c80c last_status=0x04800102 last_len=12 pan=0xdeca dst=0xa101 src=0xb102 code=0xe0
UF;82114197;755210;0xdeca;0xb103;0xa100;0xe0;19188;7;2251;124;5107;12
UF;82114210;755211;0xdeca;0xa102;0xb101;0xe1;18228;7;2104;123;7353;20
UL;82114210;34108;C;2;0xa102;0xb101;0xe1;18228;7;2104;123;7353;20
UF;82114270;755212;0xdeca;0xb102;0xa101;0xe0;18346;7;1949;118;7213;12
UF;82114396;755213;0xdeca;0xb103;0xa104;0xe0;19533;7;2146;120;5058;12
UF;82114409;755214;0xdeca;0xb101;0xa100;0xe0;21944;7;2616;125;7591;12
UF;82114468;755215;0xdeca;0xb102;0xa102;0xe0;19761;7;2281;123;7095;12
UF;82114595;755216;0xdeca;0xb103;0xa100;0xe0;18920;7;1976;117;6754;12
UF;82114608;755217;0xdeca;0xb101;0xa100;0xe0;17691;7;2042;123;6572;12
UF;82114667;755218;0xdeca;0xb102;0xa101;0xe0;18938;7;2186;123;7071;12
UF;82114794;755219;0xdeca;0xb103;0xa104;0xe0;18872;7;1971;117;7054;12
UF;82114806;755220;0xdeca;0xa107;0xb103;0xe1;18092;7;1922;118;5950;20
UL;82114806;34109;H;7;0xa107;0xb103;0xe1;18092;7;1922;118;5950;20
UF;82114866;755221;0xdeca;0xb102;0xa101;0xe0;19900;7;2150;119;7077;12
UF;82114879;755222;0xdeca;0xa106;0xb102;0xe1;18123;7;2058;122;6046;20
UL;82114879;34110;G;6;0xa106;0xb102;0xe1;18123;7;2058;122;6046;20
UF;82114996;755223;0xdeca;0xb103;0xa100;0xe0;20251;7;2188;119;6857;12
UF;82115008;755224;0xdeca;0xb101;0xa100;0xe0;17103;7;1879;120;6897;12
UF;82115067;755225;0xdeca;0xb102;0xa101;0xe0;18805;7;1964;117;6873;12
listener debug sel=A valid=1 age=1293 level=7 good=755225 accepted=34110 badhdr=6 nonanchor=721109 toolong=0 rxerr=1675 rxen_fail=0 rxen_last=0 sys_status=0x00800002 sys_state=000505410b rx_finfo=0x0756c80c last_status=0x04800102 last_len=12 pan=0xdeca dst=0xa101 src=0xb102 code=0xe0
UF;82115193;755226;0xdeca;0xb103;0xa104;0xe0;20022;7;2127;118;6474;12
UF;82115206;755227;0xdeca;0xa107;0xb103;0xe1;16928;7;1891;121;5711;20
UL;82115206;34111;H;7;0xa107;0xb103;0xe1;16928;7;1891;121;5711;20
UF;82115266;755228;0xdeca;0xb102;0xa101;0xe0;18280;7;2110;123;5574;12
UF;82115278;755229;0xdeca;0xa104;0xb102;0xe1;18221;7;1903;117;6658;20
UL;82115278;34112;E;4;0xa104;0xb102;0xe1;18221;7;1903;117;6658;20
UF;82115395;755230;0xdeca;0xb103;0xa100;0xe0;20459;7;2439;125;4883;12
UF;82115407;755231;0xdeca;0xb101;0xa100;0xe0;19787;7;2247;122;7106;12
UF;82115466;755232;0xdeca;0xb102;0xa101;0xe0;18192;7;1900;117;2481;12
UF;82115593;755233;0xdeca;0xb103;0xa104;0xe0;20927;7;2261;119;6707;12
UF;82115605;755234;0xdeca;0xb103;0xa107;0xe0;20126;7;2361;124;3880;12
UF;82115618;755235;0xdeca;0xa107;0xb101;0xe1;17349;7;1812;117;5191;20
UL;82115618;34113;H;7;0xa107;0xb101;0xe1;17349;7;1812;117;5191;20
UF;82115667;755236;0xdeca;0xb102;0xa101;0xe0;17943;7;1874;117;7126;12
UF;82115794;755237;0xdeca;0xb103;0xa100;0xe0;19810;7;2324;124;4362;12
UF;82115806;755238;0xdeca;0xa103;0xb103;0xe1;17712;7;1946;120;2200;20
UL;82115806;34114;D;3;0xa103;0xb103;0xe1;17712;7;1946;120;2200;20
UF;82115866;755239;0xdeca;0xb102;0xa101;0xe0;19129;7;2208;123;7136;12
UF;82115879;755240;0xdeca;0xa106;0xb102;0xe1;17867;7;1963;120;4375;20
UL;82115879;34115;G;6;0xa106;0xb102;0xe1;17867;7;1963;120;4375;20
UF;82115995;755241;0xdeca;0xb103;0xa104;0xe0;20706;7;2390;123;5616;12
UF;82116008;755242;0xdeca;0xa102;0xb101;0xe1;18719;7;2196;124;7550;20
UL;82116008;34116;C;2;0xa102;0xb101;0xe1;18719;7;2196;124;7550;20
UF;82116068;755243;0xdeca;0xb102;0xa102;0xe0;16740;7;1901;122;7153;12
listener debug sel=A valid=1 age=2293 level=7 good=755243 accepted=34116 badhdr=6 nonanchor=721121 toolong=0 rxerr=1675 rxen_fail=0 rxen_last=0 sys_status=0x00800002 sys_state=000505440b rx_finfo=0x07a6c80c last_status=0x04800102 last_len=12 pan=0xdeca dst=0xa102 src=0xb102 code=0xe0
UF;82116193;755244;0xdeca;0xb103;0xa100;0xe0;18331;7;2014;120;4571;12
UF;82116206;755245;0xdeca;0xa103;0xb103;0xe1;17958;7;1973;120;3220;20
UL;82116206;34117;D;3;0xa103;0xb103;0xe1;17958;7;1973;120;3220;20
UF;82116265;755246;0xdeca;0xb102;0xa101;0xe0;17385;7;1910;120;7258;12
UF;82116278;755247;0xdeca;0xa106;0xb102;0xe1;18361;7;2051;121;5852;20
UL;82116278;34118;G;6;0xa106;0xb102;0xe1;18361;7;2051;121;5852;20
UF;82116395;755248;0xdeca;0xb103;0xa104;0xe0;19640;7;2122;119;6718;12
UF;82116407;755249;0xdeca;0xb101;0xa100;0xe0;16132;7;586;69;3735;12
uwb any-frame t=82116466 good=755250 len=12 fctrl=8841 pan=0xdeca dst=0xa101 src=0xb102 code=0xe0 q=19883 level=7 cir=2221 rxpacc=121 fp=7327/7478/6861
UF;82116466;755250;0xdeca;0xb102;0xa101;0xe0;19883;7;2221;121;7327;12
UF;82116595;755251;0xdeca;0xb103;0xa100;0xe0;19373;7;2200;122;6872;12
UF;82116608;755252;0xdeca;0xa100;0xb101;0xe1;17627;7;1969;121;5459;20
UL;82116608;34119;A;0;0xa100;0xb101;0xe1;17627;7;1969;121;5459;20
listener anchor=A src=0xa100 code=0xe1 level=7 q=17627 cir=1969 rxpacc=121 fp=5459/6137/6807 frames=373
UF;82116667;755253;0xdeca;0xb102;0xa101;0xe0;17175;7;1887;120;7092;12
UF;82116793;755254;0xdeca;0xb103;0xa104;0xe0;20187;7;2255;121;6389;12
UF;82116806;755255;0xdeca;0xa107;0xb103;0xe1;17808;7;1924;119;6670;20
UL;82116806;34120;H;7;0xa107;0xb103;0xe1;17808;7;1924;119;6670;20
UF;82116866;755256;0xdeca;0xb102;0xa101;0xe0;17860;7;1995;121;6930;12
UF;82116878;755257;0xdeca;0xa104;0xb102;0xe1;17894;7;1966;120;5239;20
UL;82116878;34121;E;4;0xa104;0xb102;0xe1;17894;7;1966;120;5239;20
UF;82116995;755258;0xdeca;0xb103;0xa100;0xe0;19379;7;2024;117;6101;12
UF;82117008;755259;0xdeca;0xa100;0xb101;0xe1;18432;7;2025;120;2879;20
UL;82117008;34122;A;0;0xa100;0xb101;0xe1;18432;7;2025;120;2879;20
UF;82117068;755260;0xdeca;0xb102;0xa101;0xe0;19239;7;2257;124;7546;12
listener debug sel=A valid=1 age=93 level=7 good=755260 accepted=34122 badhdr=6 nonanchor=721132 toolong=0 rxerr=1675 rxen_fail=0 rxen_last=0 sys_status=0x00800002 sys_state=000505440b rx_finfo=0x07c6c80c last_status=0x04800102 last_len=12 pan=0xdeca dst=0xa101 src=0xb102 code=0xe0
UF;82117194;755261;0xdeca;0xb103;0xa104;0xe0;20890;7;2257;119;4300;12
UF;82117206;755262;0xdeca;0xa107;0xb103;0xe1;16475;7;1810;120;5183;20
UL;82117206;34123;H;7;0xa107;0xb103;0xe1;16475;7;1810;120;5183;20
UF;82117266;755263;0xdeca;0xb102;0xa101;0xe0;18789;7;1996;118;6775;12
UF;82117393;755264;0xdeca;0xb103;0xa100;0xe0;20456;7;2323;122;7130;12
UF;82117405;755265;0xdeca;0xa103;0xb103;0xe1;17206;7;1797;117;3337;20
UL;82117405;34124;D;3;0xa103;0xb103;0xe1;17206;7;1797;117;3337;20
UF;82117465;755266;0xdeca;0xb102;0xa101;0xe0;17665;7;1845;117;2907;12
UF;82117478;755267;0xdeca;0xa106;0xb102;0xe1;18856;7;2212;124;4893;20
UL;82117478;34125;G;6;0xa106;0xb102;0xe1;18856;7;2212;124;4893;20
UF;82117595;755268;0xdeca;0xb103;0xa104;0xe0;19917;7;2299;123;4968;12
UF;82117607;755269;0xdeca;0xa102;0xb101;0xe1;18095;7;1955;119;6897;20
UL;82117607;34126;C;2;0xa102;0xb101;0xe1;18095;7;1955;119;6897;20
UF;82117667;755270;0xdeca;0xb102;0xa102;0xe0;16586;7;1792;119;4455;12
UF;82117794;755271;0xdeca;0xb103;0xa100;0xe0;19640;7;2304;124;6859;12
UF;82117807;755272;0xdeca;0xb101;0xa100;0xe0;16817;7;1817;119;7217;12
UF;82117866;755273;0xdeca;0xb102;0xa101;0xe0;17309;7;1998;123;3539;12
UF;82117879;755274;0xdeca;0xa106;0xb102;0xe1;17550;7;1234;96;4321;20
UL;82117879;34127;G;6;0xa106;0xb102;0xe1;17550;7;1234;96;4321;20
UF;82117995;755275;0xdeca;0xb103;0xa104;0xe0;19238;7;2149;121;4752;12
UF;82118008;755276;0xdeca;0xb101;0xa100;0xe0;17673;7;2040;123;7604;12
UF;82118067;755277;0xdeca;0xb102;0xa101;0xe0;17430;7;1915;120;7404;12
listener debug sel=A valid=1 age=1093 level=7 good=755277 accepted=34127 badhdr=6 nonanchor=721144 toolong=0 rxerr=1675 rxen_fail=0 rxen_last=0 sys_status=0x00800002 sys_state=000505480b rx_finfo=0x0786c80c last_status=0x04800102 last_len=12 pan=0xdeca dst=0xa101 src=0xb102 code=0xe0
UF;82118193;755278;0xdeca;0xb103;0xa100;0xe0;19168;7;2071;119;4573;12
UF;82118206;755279;0xdeca;0xa103;0xb103;0xe1;17967;7;1974;120;3055;20
UL;82118206;34128;D;3;0xa103;0xb103;0xe1;17967;7;1974;120;3055;20
UF;82118266;755280;0xdeca;0xb102;0xa101;0xe0;17311;7;1839;118;7262;12
UF;82118278;755281;0xdeca;0xa104;0xb102;0xe1;16114;7;1800;121;5740;20
UL;82118278;34129;E;4;0xa104;0xb102;0xe1;16114;7;1800;121;5740;20
UF;82118395;755282;0xdeca;0xb103;0xa104;0xe0;19448;7;2066;118;6841;12
UF;82118408;755283;0xdeca;0xa100;0xb101;0xe1;17747;7;2082;124;3319;20
UL;82118408;34130;A;0;0xa100;0xb101;0xe1;17747;7;2082;124;3319;20
listener anchor=A src=0xa100 code=0xe1 level=7 q=17747 cir=2082 rxpacc=124 fp=3319/6400/5188 frames=375
UF;82118466;755284;0xdeca;0xb102;0xa101;0xe0;22306;8;2533;122;7518;12
UF;82118479;755285;0xdeca;0xa104;0xb102;0xe1;16783;7;861;82;3494;20
UL;82118479;34131;E;4;0xa104;0xb102;0xe1;16783;7;861;82;3494;20
UF;82118596;755286;0xdeca;0xb103;0xa100;0xe0;20330;7;2385;124;6088;12
UF;82118608;755287;0xdeca;0xa100;0xb101;0xe1;18743;7;2025;119;4218;20
UL;82118608;34132;A;0;0xa100;0xb101;0xe1;18743;7;2025;119;4218;20
UF;82118668;755288;0xdeca;0xb102;0xa101;0xe0;17489;7;1986;122;7494;12
UF;82118795;755289;0xdeca;0xb103;0xa104;0xe0;20701;7;2162;117;4675;12
UF;82118807;755290;0xdeca;0xb101;0xa100;0xe0;19030;7;2161;122;7593;12
UF;82118867;755291;0xdeca;0xb102;0xa101;0xe0;20483;7;2326;122;7049;12
UF;82118993;755292;0xdeca;0xb103;0xa100;0xe0;20930;7;2186;117;5901;12
UF;82119006;755293;0xdeca;0xa103;0xb103;0xe1;17389;7;2040;124;3622;20
UL;82119006;34133;D;3;0xa103;0xb103;0xe1;17389;7;2040;124;3622;20
UF;82119066;755294;0xdeca;0xb102;0xa101;0xe0;16975;7;1834;119;7061;12
UF;82119078;755295;0xdeca;0xa106;0xb102;0xe1;17330;7;2033;124;6096;20
UL;82119078;34134;G;6;0xa106;0xb102;0xe1;17330;7;2033;124;6096;20
listener debug sel=A valid=1 age=494 level=7 good=755295 accepted=34134 badhdr=6 nonanchor=721155 toolong=0 rxerr=1675 rxen_fail=0 rxen_last=0 sys_status=0x00800002 sys_state=000505480b rx_finfo=0x07c6c814 last_status=0x04800102 last_len=20 pan=0xdeca dst=0xb102 src=0xa106 code=0xe1
UF;82119194;755296;0xdeca;0xb103;0xa104;0xe0;21378;7;2388;121;6357;12
UF;82119207;755297;0xdeca;0xb101;0xa102;0xe0;16256;7;1846;122;7061;12
UF;82119266;755298;0xdeca;0xb102;0xa102;0xe0;17452;7;1854;118;7193;12
UF;82119279;755299;0xdeca;0xa106;0xb102;0xe1;17734;7;1916;119;4207;20
UL;82119279;34135;G;6;0xa106;0xb102;0xe1;17734;7;1916;119;4207;20
uwb any-frame t=82119396 good=755300 len=12 fctrl=8841 pan=0xdeca dst=0xa100 src=0xb103 code=0xe0 q=20080 level=7 cir=2243 rxpacc=121 fp=4506/6990/6446
UF;82119396;755300;0xdeca;0xb103;0xa100;0xe0;20080;7;2243;121;4506;12
UF;82119468;755301;0xdeca;0xb102;0xa101;0xe0;17348;7;1906;120;6078;12
UF;82119595;755302;0xdeca;0xb103;0xa104;0xe0;19588;7;2261;123;4734;12
UF;82119608;755303;0xdeca;0xa100;0xb101;0xe1;18514;7;2137;123;3284;20
UL;82119608;34136;A;0;0xa100;0xb101;0xe1;18514;7;2137;123;3284;20
listener anchor=A src=0xa100 code=0xe1 level=7 q=18514 cir=2137 rxpacc=123 fp=3284/6909/5667 frames=377
UF;82119666;755304;0xdeca;0xb102;0xa101;0xe0;17941;7;1906;118;3307;12
UF;82119793;755305;0xdeca;0xb103;0xa100;0xe0;20075;7;2169;119;3322;12
UF;82119806;755306;0xdeca;0xa103;0xb103;0xe1;11269;6;1322;124;4199;20
UL;82119806;34137;D;3;0xa103;0xb103;0xe1;11269;6;1322;124;4199;20
UF;82119866;755307;0xdeca;0xb102;0xa101;0xe0;17752;7;1983;121;7527;12
UF;82119878;755308;0xdeca;0xa104;0xb102;0xe1;17627;7;1841;117;6147;20
UL;82119878;34138;E;4;0xa104;0xb102;0xe1;17627;7;1841;117;6147;20
UF;82119995;755309;0xdeca;0xb103;0xa104;0xe0;18613;7;1944;117;4058;12
UF;82120008;755310;0xdeca;0xa100;0xb101;0xe1;17722;7;1947;120;3795;20
UL;82120008;34139;A;0;0xa100;0xb101;0xe1;17722;7;1947;120;3795;20
UF;82120068;755311;0xdeca;0xb102;0xa101;0xe0;18841;7;2070;120;6951;12
listener debug sel=A valid=1 age=98 level=7 good=755311 accepted=34139 badhdr=6 nonanchor=721166 toolong=0 rxerr=1675 rxen_fail=0 rxen_last=0 sys_status=0x00800002 sys_state=000505450b rx_finfo=0x0786c80c last_status=0x04800102 last_len=12 pan=0xdeca dst=0xa101 src=0xb102 code=0xe0
UF;82120193;755312;0xdeca;0xb103;0xa100;0xe0;19784;7;2210;121;6045;12
UF;82120206;755313;0xdeca;0xa103;0xb103;0xe1;18149;7;2061;122;2638;20
UL;82120206;34140;D;3;0xa103;0xb103;0xe1;18149;7;2061;122;2638;20
UF;82120266;755314;0xdeca;0xb102;0xa101;0xe0;18149;7;1928;118;7363;12
UF;82120278;755315;0xdeca;0xa106;0xb102;0xe1;18287;7;2180;125;6297;20
UL;82120278;34141;G;6;0xa106;0xb102;0xe1;18287;7;2180;125;6297;20
UF;82120395;755316;0xdeca;0xb103;0xa104;0xe0;18432;7;2025;120;4361;12
UF;82120408;755317;0xdeca;0xb101;0xa100;0xe0;19301;7;2156;121;7189;12
UF;82120467;755318;0xdeca;0xb102;0xa101;0xe0;16749;7;1902;122;7176;12
UF;82120594;755319;0xdeca;0xb103;0xa100;0xe0;19970;7;2194;120;5175;12
UF;82120606;755320;0xdeca;0xb101;0xa102;0xe0;17092;7;1941;122;7020;12
UF;82120666;755321;0xdeca;0xb102;0xa101;0xe0;15738;7;1758;121;6965;12
UF;82120678;755322;0xdeca;0xa106;0xb102;0xe1;18120;7;1925;118;5681;20
UL;82120678;34142;G;6;0xa106;0xb102;0xe1;18120;7;1925;118;5681;20
UF;82120795;755323;0xdeca;0xb103;0xa104;0xe0;21541;7;2527;124;4755;12
UF;82120808;755324;0xdeca;0xa102;0xb101;0xe1;18756;7;2165;123;7470;20
UL;82120808;34143;C;2;0xa102;0xb101;0xe1;18756;7;2165;123;7470;20
UF;82120868;755325;0xdeca;0xb102;0xa102;0xe0;19578;7;2151;120;7301;12
UF;82120994;755326;0xdeca;0xb103;0xa100;0xe0;20285;7;2155;118;4322;12
UF;82121007;755327;0xdeca;0xb101;0xa100;0xe0;16345;7;1766;119;6656;12
UF;82121066;755328;0xdeca;0xb102;0xa101;0xe0;20099;7;2320;123;7527;12
UF;82121079;755329;0xdeca;0xa106;0xb102;0xe1;17510;7;1956;121;3354;20
UL;82121079;34144;G;6;0xa106;0xb102;0xe1;17510;7;1956;121;3354;20
listener debug sel=A valid=1 age=1100 level=7 good=755329 accepted=34144 badhdr=6 nonanchor=721179 toolong=0 rxerr=1675 rxen_fail=0 rxen_last=0 sys_status=0x00800002 sys_state=000505400b rx_finfo=0x0796c814 last_status=0x04800102 last_len=20 pan=0xdeca dst=0xb102 src=0xa106 code=0xe1
UF;82121195;755330;0xdeca;0xb103;0xa104;0xe0;19700;7;2311;124;6409;12
UF;82121207;755331;0xdeca;0xa100;0xb101;0xe1;19444;7;2208;122;6397;20
UL;82121207;34145;A;0;0xa100;0xb101;0xe1;19444;7;2208;122;6397;20
listener anchor=A src=0xa100 code=0xe1 level=7 q=19444 cir=2208 rxpacc=122 fp=6397/6971/3944 frames=379
UF;82121266;755332;0xdeca;0xb102;0xa101;0xe0;20902;7;2183;117;7222;12
UF;82121279;755333;0xdeca;0xa106;0xb102;0xe1;17461;7;1855;118;4884;20
UL;82121279;34146;G;6;0xa106;0xb102;0xe1;17461;7;1855;118;4884;20
UF;82121396;755334;0xdeca;0xb103;0xa100;0xe0;18827;7;2138;122;4996;12
UF;82121408;755335;0xdeca;0xa100;0xb101;0xe1;18471;7;2202;125;1838;20
UL;82121408;34147;A;0;0xa100;0xb101;0xe1;18471;7;2202;125;1838;20
UF;82121468;755336;0xdeca;0xb102;0xa101;0xe0;17984;7;1943;119;7176;12
UF;82121595;755337;0xdeca;0xb103;0xa104;0xe0;20580;7;2337;122;7281;12
UF;82121607;755338;0xdeca;0xb101;0xa100;0xe0;18167;7;2097;123;1248;12
UF;82121667;755339;0xdeca;0xb102;0xa101;0xe0;17170;7;1918;121;6340;12
UF;82121793;755340;0xdeca;0xb103;0xa100;0xe0;18887;7;2075;120;6290;12
UF;82121806;755341;0xdeca;0xa103;0xb103;0xe1;17749;7;1950;120;4471;20
UL;82121806;34148;D;3;0xa103;0xb103;0xe1;17749;7;1950;120;4471;20
UF;82121866;755342;0xdeca;0xb102;0xa101;0xe0;17030;7;1840;119;1775;12
UF;82121878;755343;0xdeca;0xa106;0xb102;0xe1;19235;7;2293;125;5603;20
UL;82121878;34149;G;6;0xa106;0xb102;0xe1;19235;7;2293;125;5603;20
UF;82121996;755344;0xdeca;0xb103;0xa104;0xe0;18604;7;2010;119;3747;12
UF;82122008;755345;0xdeca;0xa100;0xb101;0xe1;18202;7;2067;122;2964;20
UL;82122008;34150;A;0;0xa100;0xb101;0xe1;18202;7;2067;122;2964;20
UF;82122068;755346;0xdeca;0xb102;0xa101;0xe0;18224;7;1936;118;2017;12
listener debug sel=A valid=1 age=104 level=7 good=755346 accepted=34150 badhdr=6 nonanchor=721190 toolong=0 rxerr=1675 rxen_fail=0 rxen_last=0 sys_status=0x00800002 sys_state=000505460b rx_finfo=0x0766c80c last_status=0x04800102 last_len=12 pan=0xdeca dst=0xa101 src=0xb102 code=0xe0
UF;82122194;755347;0xdeca;0xb103;0xa100;0xe0;20087;7;2281;122;4217;12
UF;82122206;755348;0xdeca;0xa103;0xb103;0xe1;16407;7;1743;118;3563;20
UL;82122206;34151;D;3;0xa103;0xb103;0xe1;16407;7;1743;118;3563;20
UF;82122266;755349;0xdeca;0xb102;0xa101;0xe0;16507;7;1724;117;7269;12
uwb any-frame t=82122279 good=755350 len=20 fctrl=8841 pan=0xdeca dst=0xb102 src=0xa106 code=0xe1 q=18395 level=7 cir=2021 rxpacc=120 fp=3316/5669/7024
UF;82122279;755350;0xdeca;0xa106;0xb102;0xe1;18395;7;2021;120;3316;20
UL;82122279;34152;G;6;0xa106;0xb102;0xe1;18395;7;2021;120;3316;20
UF;82122394;755351;0xdeca;0xb103;0xa104;0xe0;19814;7;2250;122;6360;12
UF;82122406;755352;0xdeca;0xa107;0xb103;0xe1;17537;7;1863;118;4877;20
UL;82122406;34153;H;7;0xa107;0xb103;0xe1;17537;7;1863;118;4877;20
UF;82122466;755353;0xdeca;0xb102;0xa102;0xe0;18377;7;2019;120;7488;12
UF;82122593;755354;0xdeca;0xb103;0xa100;0xe0;20398;7;2167;118;6485;12
UF;82122605;755355;0xdeca;0xb103;0xa103;0xe0;17756;7;867;80;3753;12
UF;82122618;755356;0xdeca;0xb101;0xa107;0xe0;19541;7;2219;122;6155;12
UF;82122667;755357;0xdeca;0xb102;0xa101;0xe0;20510;7;2216;119;6926;12
UF;82122793;755358;0xdeca;0xb103;0xa104;0xe0;19935;7;2082;117;6811;12
UF;82122806;755359;0xdeca;0xa107;0xb103;0xe1;17313;7;1934;121;5180;20
UL;82122806;34154;H;7;0xa107;0xb103;0xe1;17313;7;1934;121;5180;20
UF;82122866;755360;0xdeca;0xb102;0xa101;0xe0;22209;8;2440;120;7424;12
UF;82122878;755361;0xdeca;0xa106;0xb102;0xe1;18961;7;2118;121;5557;20
UL;82122878;34155;G;6;0xa106;0xb102;0xe1;18961;7;2118;121;5557;20
UF;82122995;755362;0xdeca;0xb103;0xa100;0xe0;19197;7;2005;117;6230;12
UF;82123008;755363;0xdeca;0xb101;0xa100;0xe0;19637;7;2341;125;7803;12
UF;82123067;755364;0xdeca;0xb102;0xa101;0xe0;20888;7;2372;122;7209;12
listener debug sel=A valid=1 age=1108 level=7 good=755364 accepted=34155 badhdr=6 nonanchor=721203 toolong=0 rxerr=1675 rxen_fail=0 rxen_last=0 sys_status=0x00800002 sys_state=000505450b rx_finfo=0x07a6c80c last_status=0x04800102 last_len=12 pan=0xdeca dst=0xa101 src=0xb102 code=0xe0
UF;82123193;755365;0xdeca;0xb103;0xa104;0xe0;20191;7;2407;125;6672;12
UF;82123206;755366;0xdeca;0xb103;0xa107;0xe0;18772;7;1733;110;6029;12
UF;82123218;755367;0xdeca;0xa107;0xb101;0xe1;17081;7;1908;121;6227;20
UL;82123218;34156;H;7;0xa107;0xb101;0xe1;17081;7;1908;121;6227;20
UF;82123268;755368;0xdeca;0xb102;0xa101;0xe0;18002;7;1945;119;6863;12
UF;82123394;755369;0xdeca;0xb103;0xa100;0xe0;20779;7;2245;119;4271;12
UF;82123407;755370;0xdeca;0xb101;0xa100;0xe0;19305;7;2121;120;7105;12
UF;82123466;755371;0xdeca;0xb102;0xa101;0xe0;18484;7;2099;122;5318;12
UF;82123593;755372;0xdeca;0xb103;0xa104;0xe0;19312;7;2193;122;4948;12
UF;82123605;755373;0xdeca;0xb103;0xa107;0xe0;10442;6;67;29;1177;12
UF;82123669;755374;0xdeca;0xb102;0xa101;0xe0;18886;7;2180;123;6882;12
UF;82123795;755375;0xdeca;0xb103;0xa100;0xe0;19513;7;2038;117;3992;12
UF;82123808;755376;0xdeca;0xa102;0xb101;0xe1;17866;7;1898;118;7057;20
UL;82123808;34157;C;2;0xa102;0xb101;0xe1;17866;7;1898;118;7057;20
UF;82123868;755377;0xdeca;0xb102;0xa101;0xe0;16419;7;1774;119;4307;12
UF;82123994;755378;0xdeca;0xb103;0xa104;0xe0;20791;7;2361;122;5157;12
UF;82124006;755379;0xdeca;0xa107;0xb103;0xe1;17405;7;2009;123;5635;20
UL;82124006;34158;H;7;0xa107;0xb103;0xe1;17405;7;2009;123;5635;20
UF;82124066;755380;0xdeca;0xb102;0xa102;0xe0;17694;7;1944;120;7176;12
UF;82124079;755381;0xdeca;0xa106;0xb102;0xe1;18395;7;2158;124;5617;20
UL;82124079;34159;G;6;0xa106;0xb102;0xe1;18395;7;2158;124;5617;20
listener debug sel=A valid=1 age=2110 level=7 good=755381 accepted=34159 badhdr=6 nonanchor=721216 toolong=0 rxerr=1675 rxen_fail=0 rxen_last=0 sys_status=0x00800002 sys_state=000505410b rx_finfo=0x07c6c814 last_status=0x04800102 last_len=20 pan=0xdeca dst=0xb102 src=0xa106 code=0xe1
UF;82124194;755382;0xdeca;0xb103;0xa100;0xe0;18859;7;2072;120;3217;12
UF;82124207;755383;0xdeca;0xb101;0xa100;0xe0;13056;6;102;32;1427;12
UF;82124266;755384;0xdeca;0xb102;0xa101;0xe0;17014;7;1777;117;7200;12
UF;82124278;755385;0xdeca;0xa106;0xb102;0xe1;17873;7;2063;123;3700;20
UL;82124278;34160;G;6;0xa106;0xb102;0xe1;17873;7;2063;123;3700;20
UF;82124395;755386;0xdeca;0xb103;0xa104;0xe0;19231;7;2043;118;5733;12
UF;82124407;755387;0xdeca;0xa100;0xb101;0xe1;18659;7;2050;120;5032;20
UL;82124407;34161;A;0;0xa100;0xb101;0xe1;18659;7;2050;120;5032;20
listener anchor=A src=0xa100 code=0xe1 level=7 q=18659 cir=2050 rxpacc=120 fp=5032/6227/6779 frames=382
UF;82124466;755388;0xdeca;0xb102;0xa101;0xe0;20978;7;2461;124;7749;12
UF;82124479;755389;0xdeca;0xa106;0xb102;0xe1;18304;7;2011;120;4316;20
UL;82124479;34162;G;6;0xa106;0xb102;0xe1;18304;7;2011;120;4316;20
UF;82124596;755390;0xdeca;0xb103;0xa100;0xe0;19344;7;2090;119;6962;12
UF;82124608;755391;0xdeca;0xb101;0xa100;0xe0;19861;7;2330;124;7871;12
UF;82124667;755392;0xdeca;0xb102;0xa101;0xe0;18020;7;1882;117;7077;12
UF;82124794;755393;0xdeca;0xb103;0xa104;0xe0;18773;7;2097;121;3982;12
UF;82124807;755394;0xdeca;0xb101;0xa100;0xe0;19233;7;2078;119;6945;12
UF;82124866;755395;0xdeca;0xb102;0xa101;0xe0;17958;7;2006;121;7222;12
UF;82124879;755396;0xdeca;0xa104;0xb102;0xe1;18276;7;2144;124;7034;20
UL;82124879;34163;E;4;0xa104;0xb102;0xe1;18276;7;2144;124;7034;20
UF;82124996;755397;0xdeca;0xb103;0xa100;0xe0;19779;7;2283;123;4620;12
UF;82125008;755398;0xdeca;0xa100;0xb101;0xe1;18322;7;2013;120;2744;20
UL;82125008;34164;A;0;0xa100;0xb101;0xe1;18322;7;2013;120;2744;20
UF;82125068;755399;0xdeca;0xb102;0xa101;0xe0;18193;7;2066;122;7316;12
listener debug sel=A valid=1 age=114 level=7 good=755399 accepted=34164 badhdr=6 nonanchor=721229 toolong=0 rxerr=1675 rxen_fail=0 rxen_last=0 sys_status=0x00800002 sys_state=000505440b rx_finfo=0x07a6c80c last_status=0x04800102 last_len=12 pan=0xdeca dst=0xa101 src=0xb102 code=0xe0
uwb any-frame t=82125194 good=755400 len=12 fctrl=8841 pan=0xdeca dst=0xa104 src=0xb103 code=0xe0 q=19555 level=7 cir=2294 rxpacc=124 fp=7378/7388/4346
UF;82125194;755400;0xdeca;0xb103;0xa104;0xe0;19555;7;2294;124;7378;12
UF;82125266;755401;0xdeca;0xb102;0xa101;0xe0;16785;7;1875;121;7247;12
UF;82125393;755402;0xdeca;0xb103;0xa100;0xe0;20052;7;2203;120;3013;12
UF;82125406;755403;0xdeca;0xa103;0xb103;0xe1;18792;7;2134;122;3230;20
UL;82125406;34165;D;3;0xa103;0xb103;0xe1;18792;7;2134;122;3230;20
UF;82125465;755404;0xdeca;0xb102;0xa101;0xe0;17609;7;1967;121;7322;12
UF;82125478;755405;0xdeca;0xa106;0xb102;0xe1;17416;7;1819;117;3448;20
UL;82125478;34166;G;6;0xa106;0xb102;0xe1;17416;7;1819;117;3448;20
UF;82125595;755406;0xdeca;0xb103;0xa104;0xe0;20307;7;2344;123;4088;12
UF;82125608;755407;0xdeca;0xa102;0xb101;0xe1;18531;7;2070;121;7277;20
UL;82125608;34167;C;2;0xa102;0xb101;0xe1;18531;7;2070;121;7277;20
UF;82125667;755408;0xdeca;0xb102;0xa102;0xe0;20270;7;2227;120;2843;12
UF;82125794;755409;0xdeca;0xb103;0xa100;0xe0;19393;7;2275;124;5806;12
UF;82125807;755410;0xdeca;0xa103;0xb103;0xe1;13540;6;200;44;1452;20
UL;82125807;34168;D;3;0xa103;0xb103;0xe1;13540;6;200;44;1452;20
UF;82125866;755411;0xdeca;0xb102;0xa101;0xe0;21498;7;2522;124;2943;12
UF;82125879;755412;0xdeca;0xa106;0xb102;0xe1;19285;7;2226;123;6518;20
UL;82125879;34169;G;6;0xa106;0xb102;0xe1;19285;7;2226;123;6518;20
UF;82125996;755413;0xdeca;0xb103;0xa104;0xe0;20844;7;2177;117;6765;12
UF;82126008;755414;0xdeca;0xa100;0xb101;0xe1;18703;7;1790;112;3205;20
UL;82126008;34170;A;0;0xa100;0xb101;0xe1;18703;7;1790;112;3205;20
listener anchor=A src=0xa100 code=0xe1 level=7 q=18703 cir=1790 rxpacc=112 fp=3205/5965/6093 frames=384
UF;82126067;755415;0xdeca;0xb102;0xa101;0xe0;17779;7;2019;122;4461;12
listener debug sel=A valid=1 age=118 level=7 good=755415 accepted=34170 badhdr=6 nonanchor=721239 toolong=0 rxerr=1675 rxen_fail=0 rxen_last=0 sys_status=0x00800002 sys_state=000505440b rx_finfo=0x07a6c80c last_status=0x04800102 last_len=12 pan=0xdeca dst=0xa101 src=0xb102 code=0xe0
UF;82126193;755416;0xdeca;0xb103;0xa100;0xe0;19068;7;2130;121;7082;12
UF;82126205;755417;0xdeca;0xb103;0xa103;0xe0;21737;7;2509;123;5641;12
UF;82126265;755418;0xdeca;0xb102;0xa101;0xe0;18639;7;2222;125;7395;12
UF;82126277;755419;0xdeca;0xb102;0xa104;0xe0;16030;7;634;72;3399;12
UF;82126393;755420;0xdeca;0xb103;0xa104;0xe0;20671;7;2386;123;5620;12
UF;82126406;755421;0xdeca;0xa107;0xb103;0xe1;17313;7;2031;124;6648;20
UL;82126406;34171;H;7;0xa107;0xb103;0xe1;17313;7;2031;124;6648;20
UF;82126466;755422;0xdeca;0xb102;0xa101;0xe0;19353;7;2091;119;7327;12
UF;82126598;755423;0xdeca;0xb103;0xa100;0xe0;18789;7;2030;119;3977;12
UF;82126610;755424;0xdeca;0xa100;0xb101;0xe1;17967;7;1974;120;3983;20
UL;82126610;34172;A;0;0xa100;0xb101;0xe1;17967;7;1974;120;3983;20
UF;82126665;755425;0xdeca;0xb102;0xa101;0xe0;19937;7;2264;122;7441;12
UF;82126678;755426;0xdeca;0xb102;0xa106;0xe0;18862;7;2107;121;7256;12
UF;82126794;755427;0xdeca;0xb103;0xa104;0xe0;20395;7;2316;122;5795;12
UF;82126807;755428;0xdeca;0xa107;0xb103;0xe1;17299;7;1869;119;157;20
UL;82126807;34173;H;7;0xa107;0xb103;0xe1;17299;7;1869;119;157;20
UF;82126866;755429;0xdeca;0xb102;0xa101;0xe0;16966;7;1864;120;7409;12
UF;82126993;755430;0xdeca;0xb103;0xa100;0xe0;20731;7;2432;124;6110;12
UF;82127006;755431;0xdeca;0xb103;0xa103;0xe0;19042;7;1790;111;4624;12
UF;82127070;755432;0xdeca;0xb102;0xa101;0xe0;18003;7;2011;121;7268;12
listener debug sel=A valid=1 age=519 level=7 good=755432 accepted=34173 badhdr=6 nonanchor=721253 toolong=0 rxerr=1675 rxen_fail=0 rxen_last=0 sys_status=0x00800002 sys_state=000505470b rx_finfo=0x0796c80c last_status=0x04800102 last_len=12 pan=0xdeca dst=0xa101 src=0xb102 code=0xe0
UF;82127196;755433;0xdeca;0xb103;0xa104;0xe0;19558;7;2221;122;6670;12
UF;82127208;755434;0xdeca;0xa102;0xb101;0xe1;17815;7;2023;122;7135;20
UL;82127208;34174;C;2;0xa102;0xb101;0xe1;17815;7;2023;122;7135;20
UF;82127268;755435;0xdeca;0xb102;0xa102;0xe0;21734;7;2591;125;7755;12
UF;82127395;755436;0xdeca;0xb103;0xa100;0xe0;19831;7;2289;123;6108;12
UF;82127407;755437;0xdeca;0xa100;0xb101;0xe1;18992;7;2228;124;2262;20
UL;82127407;34175;A;0;0xa100;0xb101;0xe1;18992;7;2228;124;2262;20
listener anchor=A src=0xa100 code=0xe1 level=7 q=18992 cir=2228 rxpacc=124 fp=2262/7365/6853 frames=386
UF;82127466;755438;0xdeca;0xb102;0xa101;0xe0;19589;7;2081;118;6302;12
UF;82127479;755439;0xdeca;0xa106;0xb102;0xe1;17094;7;1816;118;2926;20
UL;82127479;34176;G;6;0xa106;0xb102;0xe1;17094;7;1816;118;2926;20
UF;82127596;755440;0xdeca;0xb103;0xa104;0xe0;21352;7;2230;117;6786;12
UF;82127608;755441;0xdeca;0xa100;0xb101;0xe1;19770;7;2172;120;3746;20
UL;82127608;34177;A;0;0xa100;0xb101;0xe1;19770;7;2172;120;3746;20
UF;82127668;755442;0xdeca;0xb102;0xa101;0xe0;17758;7;1951;120;6647;12
UF;82127795;755443;0xdeca;0xb103;0xa100;0xe0;20536;7;2294;121;4377;12
UF;82127807;755444;0xdeca;0xb101;0xa100;0xe0;19476;7;2069;118;7067;12
UF;82127867;755445;0xdeca;0xb102;0xa101;0xe0;20350;7;2426;125;7099;12
UF;82127993;755446;0xdeca;0xb103;0xa104;0xe0;18479;7;2133;123;3940;12
UF;82128006;755447;0xdeca;0xa107;0xb103;0xe1;17410;7;1881;119;6542;20
UL;82128006;34178;H;7;0xa107;0xb103;0xe1;17410;7;1881;119;6542;20
UF;82128066;755448;0xdeca;0xb102;0xa101;0xe0;19963;7;2230;121;6504;12
UF;82128079;755449;0xdeca;0xa104;0xb102;0xe1;17799;7;1859;117;6844;20
UL;82128079;34179;E;4;0xa104;0xb102;0xe1;17799;7;1859;117;6844;20
listener debug sel=A valid=1 age=525 level=7 good=755449 accepted=34179 badhdr=6 nonanchor=721264 toolong=0 rxerr=1675 rxen_fail=0 rxen_last=0 sys_status=0x00800002 sys_state=000505480b rx_finfo=0x0756c814 last_status=0x04800102 last_len=20 pan=0xdeca dst=0xb102 src=0xa104 code=0xe1
uwb any-frame t=82128195 good=755450 len=12 fctrl=8841 pan=0xdeca dst=0xa100 src=0xb103 code=0xe0 q=20066 level=7 cir=2168 rxpacc=119 fp=5280/7260/6690
UF;82128195;755450;0xdeca;0xb103;0xa100;0xe0;20066;7;2168;119;5280;12
UF;82128267;755451;0xdeca;0xb102;0xa101;0xe0;16725;7;1807;119;4419;12
UF;82128394;755452;0xdeca;0xb103;0xa104;0xe0;19515;7;2144;120;6001;12
UF;82128406;755453;0xdeca;0xa107;0xb103;0xe1;16454;7;1748;118;128;20
UL;82128406;34180;H;7;0xa107;0xb103;0xe1;16454;7;1748;118;128;20
UF;82128466;755454;0xdeca;0xb102;0xa101;0xe0;17656;7;2005;122;7491;12
UF;82128479;755455;0xdeca;0xa106;0xb102;0xe1;18817;7;2033;119;6259;20
UL;82128479;34181;G;6;0xa106;0xb102;0xe1;18817;7;2033;119;6259;20
UF;82128596;755456;0xdeca;0xb103;0xa100;0xe0;19278;7;2048;118;6237;12
UF;82128608;755457;0xdeca;0xa102;0xb101;0xe1;17340;7;1937;121;7158;20
UL;82128608;34182;C;2;0xa102;0xb101;0xe1;17340;7;1937;121;7158;20
UF;82128668;755458;0xdeca;0xb102;0xa101;0xe0;18966;7;2261;125;7780;12
UF;82128795;755459;0xdeca;0xb103;0xa104;0xe0;19711;7;2094;118;4365;12
UF;82128808;755460;0xdeca;0xb101;0xa102;0xe0;17430;7;1915;120;7498;12
UF;82128867;755461;0xdeca;0xb102;0xa102;0xe0;18978;7;2085;120;7562;12
UF;82128994;755462;0xdeca;0xb103;0xa100;0xe0;18370;7;2052;121;3492;12
UF;82129006;755463;0xdeca;0xa103;0xb103;0xe1;18557;7;2142;123;3155;20
UL;82129006;34183;D;3;0xa103;0xb103;0xe1;18557;7;2142;123;3155;20
UF;82129066;755464;0xdeca;0xb102;0xa101;0xe0;17943;7;1874;117;7253;12
UF;82129079;755465;0xdeca;0xa106;0xb102;0xe1;17303;7;1901;120;5621;20
UL;82129079;34184;G;6;0xa106;0xb102;0xe1;17303;7;1901;120;5621;20
listener debug sel=A valid=1 age=1525 level=7 good=755465 accepted=34184 badhdr=6 nonanchor=721275 toolong=0 rxerr=1675 rxen_fail=0 rxen_last=0 sys_status=0x00800002 sys_state=000505450b rx_finfo=0x0786c814 last_status=0x04800102 last_len=20 pan=0xdeca dst=0xb102 src=0xa106 code=0xe1
UF;82129194;755466;0xdeca;0xb103;0xa104;0xe0;19284;7;2014;117;4372;12
UF;82129207;755467;0xdeca;0xb101;0xa100;0xe0;19222;7;2042;118;6401;12
UF;82129266;755468;0xdeca;0xb102;0xa101;0xe0;19924;7;2189;120;7257;12
UF;82129279;755469;0xdeca;0xa106;0xb102;0xe1;17995;7;2111;124;3649;20
UL;82129279;34185;G;6;0xa106;0xb102;0xe1;17995;7;2111;124;3649;20
UF;82129395;755470;0xdeca;0xb103;0xa100;0xe0;20527;7;2331;122;7025;12
UF;82129408;755471;0xdeca;0xb101;0xa100;0xe0;19120;7;2243;124;5821;12
UF;82129467;755472;0xdeca;0xb102;0xa101;0xe0;20254;7;2376;124;7192;12
UF;82129593;755473;0xdeca;0xb103;0xa104;0xe0;21822;7;2560;124;5994;12
UF;82129606;755474;0xdeca;0xb103;0xa107;0xe0;16256;7;508;64;3405;12
UF;82129665;755475;0xdeca;0xb102;0xa101;0xe0;17699;7;2110;125;7754;12
UF;82129678;755476;0xdeca;0xa106;0xb102;0xe1;18489;7;1931;117;3361;20
UL;82129678;34186;G;6;0xa106;0xb102;0xe1;18489;7;1931;117;3361;20
UF;82129794;755477;0xdeca;0xb103;0xa100;0xe0;19486;7;2323;125;6848;12
UF;82129807;755478;0xdeca;0xa103;0xb103;0xe1;14922;7;481;65;1753;20
UL;82129807;34187;D;3;0xa103;0xb103;0xe1;14922;7;481;65;1753;20
UF;82129866;755479;0xdeca;0xb102;0xa101;0xe0;18370;7;2052;121;4838;12
UF;82129993;755480;0xdeca;0xb103;0xa104;0xe0;20822;7;2212;118;6648;12
UF;82130005;755481;0xdeca;0xb103;0xa107;0xe0;17539;7;1927;120;4674;12
UF;82130018;755482;0xdeca;0xb101;0xa107;0xe0;19896;7;2334;124;7072;12
UF;82130066;755483;0xdeca;0xb102;0xa101;0xe0;15842;7;1683;118;2977;12
UF;82130079;755484;0xdeca;0xa106;0xb102;0xe1;17383;7;1974;122;3746;20
UL;82130079;34188;G;6;0xa106;0xb102;0xe1;17383;7;1974;122;3746;20
listener debug sel=A valid=1 age=2526 level=7 good=755484 accepted=34188 badhdr=6 nonanchor=721290 toolong=0 rxerr=1676 rxen_fail=0 rxen_last=0 sys_status=0x00800002 sys_state=000505400b rx_finfo=0x07a6c814 last_status=0x00801302 last_len=20 pan=0xdeca dst=0xb102 src=0xa106 code=0xe1
UF;82130195;755485;0xdeca;0xb103;0xa100;0xe0;20321;7;2270;121;6714;12
UF;82130207;755486;0xdeca;0xb101;0xa102;0xe0;17377;7;1846;118;5959;12
UF;82130266;755487;0xdeca;0xb102;0xa101;0xe0;17985;7;1976;120;2306;12
UF;82130393;755488;0xdeca;0xb103;0xa104;0xe0;20159;7;2178;119;4890;12
UF;82130405;755489;0xdeca;0xa107;0xb103;0xe1;16588;7;1946;124;5435;20
UL;82130405;34189;H;7;0xa107;0xb103;0xe1;16588;7;1946;124;5435;20
UF;82130465;755490;0xdeca;0xb102;0xa102;0xe0;16765;7;1781;118;2953;12
UF;82130478;755491;0xdeca;0xb102;0xa106;0xe0;17740;7;1949;120;4570;12
UF;82130594;755492;0xdeca;0xb103;0xa100;0xe0;19150;7;2069;119;4971;12
UF;82130606;755493;0xdeca;0xa103;0xb103;0xe1;16469;7;1901;123;3470;20
UL;82130606;34190;D;3;0xa103;0xb103;0xe1;16469;7;1901;123;3470;20
UF;82130666;755494;0xdeca;0xb102;0xa101;0xe0;19009;7;2230;124;7448;12
UF;82130797;755495;0xdeca;0xb103;0xa104;0xe0;18354;7;1983;119;6254;12
UF;82130810;755496;0xdeca;0xb101;0xa100;0xe0;17762;7;2017;122;7560;12
UF;82130869;755497;0xdeca;0xb102;0xa101;0xe0;19168;7;2071;119;7002;12
UF;82130995;755498;0xdeca;0xb103;0xa100;0xe0;19400;7;2061;118;4576;12
UF;82131008;755499;0xdeca;0xa100;0xb101;0xe1;18941;7;2222;124;5872;20
UL;82131008;34191;A;0;0xa100;0xb101;0xe1;18941;7;2222;124;5872;20
listener anchor=A src=0xa100 code=0xe1 level=7 q=18941 cir=2222 rxpacc=124 fp=5872/6570/3976 frames=388
uwb any-frame t=82131066 good=755500 len=12 fctrl=8841 pan=0xdeca dst=0xa101 src=0xb102 code=0xe0 q=19469 level=7 cir=2139 rxpacc=120 fp=7318/7028/5540
UF;82131066;755500;0xdeca;0xb102;0xa101;0xe0;19469;7;2139;120;7318;12
listener debug sel=A valid=1 age=126 level=7 good=755500 accepted=34191 badhdr=6 nonanchor=721303 toolong=0 rxerr=1676 rxen_fail=0 rxen_last=0 sys_status=0x00800002 sys_state=000505430b rx_finfo=0x0786c80c last_status=0x00801302 last_len=12 pan=0xdeca dst=0xa101 src=0xb102 code=0xe0
UF;82131195;755501;0xdeca;0xb103;0xa104;0xe0;20711;7;2469;125;7209;12
UF;82131207;755502;0xdeca;0xb101;0xa100;0xe0;18695;7;2123;122;6561;12
UF;82131267;755503;0xdeca;0xb102;0xa101;0xe0;18966;7;2225;124;7485;12
UF;82131393;755504;0xdeca;0xb103;0xa100;0xe0;19223;7;2112;120;4160;12
UF;82131406;755505;0xdeca;0xa103;0xb103;0xe1;17984;7;1943;119;2041;20
UL;82131406;34192;D;3;0xa103;0xb103;0xe1;17984;7;1943;119;2041;20
UF;82131466;755506;0xdeca;0xb102;0xa101;0xe0;15767;7;1675;118;6946;12
UF;82131593;755507;0xdeca;0xb103;0xa104;0xe0;18146;7;2027;121;2689;12
UF;82131605;755508;0xdeca;0xb103;0xa107;0xe0;19589;7;2081;118;5305;12
UF;82131618;755509;0xdeca;0xb101;0xa107;0xe0;18845;7;2140;122;7110;12
UF;82131667;755510;0xdeca;0xb102;0xa101;0xe0;20501;7;2215;119;7359;12
UF;82131793;755511;0xdeca;0xb103;0xa100;0xe0;18937;7;2046;119;4349;12
UF;82131806;755512;0xdeca;0xa103;0xb103;0xe1;17593;7;1869;118;3270;20
UL;82131806;34193;D;3;0xa103;0xb103;0xe1;17593;7;1869;118;3270;20
UF;82131866;755513;0xdeca;0xb102;0xa101;0xe0;18898;7;2217;124;5971;12
UF;82131878;755514;0xdeca;0xa106;0xb102;0xe1;17591;7;1965;121;3627;20
UL;82131878;34194;G;6;0xa106;0xb102;0xe1;17591;7;1965;121;3627;20
UF;82131995;755515;0xdeca;0xb103;0xa104;0xe0;19212;7;2041;118;5534;12
UF;82132008;755516;0xdeca;0xb101;0xa102;0xe0;17585;7;1932;120;7042;12
UF;82132067;755517;0xdeca;0xb102;0xa102;0xe0;18350;7;2016;120;7077;12
listener debug sel=A valid=1 age=1129 level=7 good=755517 accepted=34194 badhdr=6 nonanchor=721317 toolong=0 rxerr=1676 rxen_fail=0 rxen_last=0 sys_status=0x00800002 sys_state=000505450b rx_finfo=0x0786c80c last_status=0x00801302 last_len=12 pan=0xdeca dst=0xa102 src=0xb102 code=0xe0
UF;82132193;755518;0xdeca;0xb103;0xa100;0xe0;19834;7;2107;118;6246;12
UF;82132206;755519;0xdeca;0xb103;0xa103;0xe0;18881;7;1972;117;3444;12
UF;82132265;755520;0xdeca;0xb102;0xa101;0xe0;19815;7;2177;120;1143;12
UF;82132277;755521;0xdeca;0xb102;0xa106;0xe0;17589;7;1837;117;1837;12
UF;82132394;755522;0xdeca;0xb103;0xa104;0xe0;19899;7;2114;118;6537;12
UF;82132406;755523;0xdeca;0xb101;0xa100;0xe0;18939;7;2012;118;7255;12
UF;82132466;755524;0xdeca;0xb102;0xa101;0xe0;17158;7;1792;117;5906;12
UF;82132478;755525;0xdeca;0xa106;0xb102;0xe1;17922;7;2002;121;3699;20
UL;82132478;34195;G;6;0xa106;0xb102;0xe1;17922;7;2002;121;3699;20
UF;82132595;755526;0xdeca;0xb103;0xa100;0xe0;20474;7;2175;118;5801;12
UF;82132607;755527;0xdeca;0xb101;0xa100;0xe0;19167;7;2141;121;7376;12
UF;82132666;755528;0xdeca;0xb102;0xa101;0xe0;19137;7;2209;123;7679;12
UF;82132793;755529;0xdeca;0xb103;0xa104;0xe0;21170;7;2211;117;4395;12
UF;82132805;755530;0xdeca;0xa107;0xb103;0xe1;17382;7;1878;119;5077;20
UL;82132805;34196;H;7;0xa107;0xb103;0xe1;17382;7;1878;119;5077;20
UF;82132865;755531;0xdeca;0xb102;0xa101;0xe0;16586;7;1762;118;6897;12
UF;82132878;755532;0xdeca;0xb102;0xa104;0xe0;18638;7;2082;121;7357;12
UF;82132993;755533;0xdeca;0xb103;0xa100;0xe0;20333;7;2424;125;6492;12
UF;82133006;755534;0xdeca;0xa103;0xb103;0xe1;17299;7;1869;119;2700;20
UL;82133006;34197;D;3;0xa103;0xb103;0xe1;17299;7;1869;119;2700;20
UF;82133066;755535;0xdeca;0xb102;0xa101;0xe0;19969;7;2305;123;7119;12
UF;82133078;755536;0xdeca;0xa106;0xb102;0xe1;17931;7;2003;121;3652;20
UL;82133078;34198;G;6;0xa106;0xb102;0xe1;17931;7;2003;121;3652;20
listener debug sel=A valid=1 age=2130 level=7 good=755536 accepted=34198 badhdr=6 nonanchor=721332 toolong=0 rxerr=1676 rxen_fail=0 rxen_last=0 sys_status=0x00800002 sys_state=000505400b rx_finfo=0x0796c814 last_status=0x00801302 last_len=20 pan=0xdeca dst=0xb102 src=0xa106 code=0xe1
UF;82133194;755537;0xdeca;0xb103;0xa104;0xe0;19214;7;2111;120;6626;12
UF;82133206;755538;0xdeca;0xa107;0xb103;0xe1;17751;7;2049;123;5138;20
UL;82133206;34199;H;7;0xa107;0xb103;0xe1;17751;7;2049;123;5138;20
UF;82133266;755539;0xdeca;0xb102;0xa101;0xe0;18932;7;2080;120;7342;12
UF;82133393;755540;0xdeca;0xb103;0xa100;0xe0;19495;7;2071;118;4223;12
UF;82133405;755541;0xdeca;0xb103;0xa103;0xe0;21566;7;2530;124;6887;12
UF;82133464;755542;0xdeca;0xb102;0xa101;0xe0;18046;7;2083;123;7206;12
UF;82133477;755543;0xdeca;0xb102;0xa106;0xe0;16833;7;1943;123;7708;12
UF;82133593;755544;0xdeca;0xb103;0xa104;0xe0;20070;7;2205;120;6348;12
UF;82133605;755545;0xdeca;0xa107;0xb103;0xe1;16893;7;1887;121;6606;20
UL;82133605;34200;H;7;0xa107;0xb103;0xe1;16893;7;1887;121;6606;20
UF;82133665;755546;0xdeca;0xb102;0xa102;0xe0;20507;7;2253;120;7487;12
UF;82133678;755547;0xdeca;0xb102;0xa106;0xe0;18088;7;2054;122;7496;12
UF;82133794;755548;0xdeca;0xb103;0xa100;0xe0;20083;7;2356;124;7099;12
UF;82133806;755549;0xdeca;0xa103;0xb103;0xe1;16238;7;1844;122;4060;20
UL;82133806;34201;D;3;0xa103;0xb103;0xe1;16238;7;1844;122;4060;20
uwb any-frame t=82133866 good=755550 len=12 fctrl=8841 pan=0xdeca dst=0xa101 src=0xb102 code=0xe0 q=15693 level=7 cir=1639 rxpacc=117 fp=6740/6798/6677
UF;82133866;755550;0xdeca;0xb102;0xa101;0xe0;15693;7;1639;117;6740;12
UF;82133995;755551;0xdeca;0xb103;0xa104;0xe0;19492;7;2106;119;3701;12
UF;82134008;755552;0xdeca;0xa100;0xb101;0xe1;18702;7;2194;124;2492;20
UL;82134008;34202;A;0;0xa100;0xb101;0xe1;18702;7;2194;124;2492;20
listener anchor=A src=0xa100 code=0xe1 level=7 q=18702 cir=2194 rxpacc=124 fp=2492/6970/6802 frames=389
UF;82134066;755553;0xdeca;0xb102;0xa101;0xe0;19150;7;2069;119;7126;12
listener debug sel=A valid=1 age=133 level=7 good=755553 accepted=34202 badhdr=6 nonanchor=721345 toolong=0 rxerr=1676 rxen_fail=0 rxen_last=0 sys_status=0x00800002 sys_state=000505450b rx_finfo=0x0776c80c last_status=0x00801302 last_len=12 pan=0xdeca dst=0xa101 src=0xb102 code=0xe0
UF;82134197;755554;0xdeca;0xb103;0xa100;0xe0;19372;7;2058;118;6782;12
UF;82134210;755555;0xdeca;0xa100;0xb101;0xe1;18297;7;1911;117;4138;20
UL;82134210;34203;A;0;0xa100;0xb101;0xe1;18297;7;1911;117;4138;20
UF;82134270;755556;0xdeca;0xb102;0xa101;0xe0;18563;7;2108;122;2940;12
UF;82134396;755557;0xdeca;0xb103;0xa104;0xe0;20012;7;2310;123;7207;12
UF;82134409;755558;0xdeca;0xb101;0xa102;0xe0;20250;7;2414;125;7177;12
UF;82134468;755559;0xdeca;0xb102;0xa101;0xe0;17494;7;1922;120;2786;12
UF;82134595;755560;0xdeca;0xb103;0xa100;0xe0;20304;7;2268;121;6391;12
UF;82134608;755561;0xdeca;0xa100;0xb101;0xe1;17533;7;1991;122;3739;20
UL;82134608;34204;A;0;0xa100;0xb101;0xe1;17533;7;1991;122;3739;20
UF;82134667;755562;0xdeca;0xb102;0xa101;0xe0;17913;7;1968;120;2187;12
UF;82134794;755563;0xdeca;0xb103;0xa104;0xe0;19589;7;2298;124;7345;12
UF;82134807;755564;0xdeca;0xb101;0xa100;0xe0;17480;7;1985;122;7720;12
UF;82134819;755565;0xdeca;0xa107;0xb101;0xe1;14805;7;380;58;2212;20
UL;82134819;34205;H;7;0xa107;0xb101;0xe1;14805;7;380;58;2212;20
UF;82134869;755566;0xdeca;0xb102;0xa101;0xe0;18641;7;2048;120;7245;12
UF;82134995;755567;0xdeca;0xb103;0xa100;0xe0;18271;7;2109;123;5136;12
UF;82135008;755568;0xdeca;0xb101;0xa102;0xe0;18155;7;2028;121;7343;12
UF;82135067;755569;0xdeca;0xb102;0xa101;0xe0;20390;7;2392;124;7650;12
listener debug sel=A valid=1 age=534 level=7 good=755569 accepted=34205 badhdr=6 nonanchor=721358 toolong=0 rxerr=1676 rxen_fail=0 rxen_last=0 sys_status=0x00800002 sys_state=000505400b rx_finfo=0x07c6c80c last_status=0x00801302 last_len=12 pan=0xdeca dst=0xa101 src=0xb102 code=0xe0
UF;82135193;755570;0xdeca;0xb103;0xa104;0xe0;18862;7;1970;117;4345;12
UF;82135205;755571;0xdeca;0xb103;0xa107;0xe0;19863;7;2146;119;4598;12
UF;82135218;755572;0xdeca;0xa106;0xb101;0xe1;17458;7;1918;120;4019;20
UL;82135218;34206;G;6;0xa106;0xb101;0xe1;17458;7;1918;120;4019;20
UF;82135267;755573;0xdeca;0xb102;0xa102;0xe0;19151;7;2104;120;7279;12
UF;82135394;755574;0xdeca;0xb103;0xa100;0xe0;21026;7;2427;123;4173;12
UF;82135407;755575;0xdeca;0xa103;0xb103;0xe1;16275;7;1729;118;2961;20
UL;82135407;34207;D;3;0xa103;0xb103;0xe1;16275;7;1729;118;2961;20
UF;82135467;755576;0xdeca;0xb102;0xa101;0xe0;18556;7;1938;117;6741;12
UF;82135593;755577;0xdeca;0xb103;0xa104;0xe0;20416;7;2243;120;6773;12
UF;82135606;755578;0xdeca;0xa107;0xb103;0xe1;17931;7;1970;120;5548;20
UL;82135606;34208;H;7;0xa107;0xb103;0xe1;17931;7;1970;120;5548;20
UF;82135666;755579;0xdeca;0xb102;0xa101;0xe0;19104;7;2134;121;7418;12
UF;82135793;755580;0xdeca;0xb103;0xa100;0xe0;18652;7;2153;123;6418;12
UF;82135805;755581;0xdeca;0xb103;0xa103;0xe0;20262;7;2377;124;7160;12
UF;82135818;755582;0xdeca;0xb101;0xa107;0xe0;17428;7;1883;119;7516;12
UF;82135867;755583;0xdeca;0xb102;0xa101;0xe0;17277;7;1962;122;7113;12
UF;82135879;755584;0xdeca;0xa104;0xb102;0xe1;17659;7;623;68;3717;20
UL;82135879;34209;E;4;0xa104;0xb102;0xe1;17659;7;623;68;3717;20
UF;82135996;755585;0xdeca;0xb103;0xa104;0xe0;19103;7;2241;124;5958;12
UF;82136008;755586;0xdeca;0xa100;0xb101;0xe1;15012;7;275;49;2144;20
UL;82136008;34210;A;0;0xa100;0xb101;0xe1;15012;7;275;49;2144;20
listener anchor=A src=0xa100 code=0xe1 level=7 q=15012 cir=275 rxpacc=49 fp=2144/2362/1782 frames=392
UF;82136067;755587;0xdeca;0xb102;0xa101;0xe0;17527;7;1862;118;6963;12
listener debug sel=A valid=1 age=139 level=7 good=755587 accepted=34210 badhdr=6 nonanchor=721371 toolong=0 rxerr=1676 rxen_fail=0 rxen_last=0 sys_status=0x00800002 sys_state=000505460b rx_finfo=0x0766c80c last_status=0x00801302 last_len=12 pan=0xdeca dst=0xa101 src=0xb102 code=0xe0
UF;82136197;755588;0xdeca;0xb103;0xa100;0xe0;19606;7;2300;124;6490;12
UF;82136210;755589;0xdeca;0xb103;0xa103;0xe0;18786;7;2064;120;6312;12
UF;82136223;755590;0xdeca;0xa106;0xb101;0xe1;16660;7;1923;123;5160;20
UL;82136223;34211;G;6;0xa106;0xb101;0xe1;16660;7;1923;123;5160;20
UF;82136267;755591;0xdeca;0xb102;0xa101;0xe0;17569;7;2028;123;5041;12
UF;82136394;755592;0xdeca;0xb103;0xa104;0xe0;19714;7;2130;119;6217;12
UF;82136406;755593;0xdeca;0xa107;0xb103;0xe1;17287;7;2028;124;4913;20
UL;82136406;34212;H;7;0xa107;0xb103;0xe1;17287;7;2028;124;4913;20
UF;82136466;755594;0xdeca;0xb102;0xa101;0xe0;16484;7;1811;120;3798;12
UF;82136593;755595;0xdeca;0xb103;0xa100;0xe0;20117;7;2360;124;6064;12
UF;82136605;755596;0xdeca;0xb103;0xa103;0xe0;15915;7;595;70;1792;12
UF;82136618;755597;0xdeca;0xb101;0xa107;0xe0;18039;7;2015;121;7265;12
UF;82136667;755598;0xdeca;0xb102;0xa101;0xe0;16714;7;1898;122;7053;12
UF;82136793;755599;0xdeca;0xb103;0xa104;0xe0;19906;7;2079;117;6526;12
uwb any-frame t=82136806 good=755600 len=20 fctrl=8841 pan=0xdeca dst=0xb103 src=0xa107 code=0xe1 q=17847 level=7 cir=1864 rxpacc=117 fp=5183/5938/5034
UF;82136806;755600;0xdeca;0xa107;0xb103;0xe1;17847;7;1864;117;5183;20
UL;82136806;34213;H;7;0xa107;0xb103;0xe1;17847;7;1864;117;5183;20
UF;82136869;755601;0xdeca;0xb102;0xa102;0xe0;17637;7;2069;124;7559;12
UF;82136996;755602;0xdeca;0xb103;0xa100;0xe0;20220;7;2334;123;3719;12
UF;82137008;755603;0xdeca;0xb101;0xa100;0xe0;18974;7;2050;119;7379;12
UF;82137067;755604;0xdeca;0xb102;0xa101;0xe0;16842;7;1944;123;7176;12
listener debug sel=A valid=1 age=1139 level=7 good=755604 accepted=34213 badhdr=6 nonanchor=721385 toolong=0 rxerr=1676 rxen_fail=0 rxen_last=0 sys_status=0x00800002 sys_state=000505440b rx_finfo=0x07b6c80c last_status=0x00801302 last_len=12 pan=0xdeca dst=0xa101 src=0xb102 code=0xe0
UF;82137193;755605;0xdeca;0xb103;0xa104;0xe0;21933;7;2573;124;7191;12
UF;82137206;755606;0xdeca;0xa107;0xb103;0xe1;16947;7;1770;117;5679;20
UL;82137206;34214;H;7;0xa107;0xb103;0xe1;16947;7;1770;117;5679;20
UF;82137266;755607;0xdeca;0xb102;0xa101;0xe0;15299;7;1766;123;7211;12
UF;82137278;755608;0xdeca;0xa106;0xb102;0xe1;18336;7;2151;124;6337;20
UL;82137278;34215;G;6;0xa106;0xb102;0xe1;18336;7;2151;124;6337;20
UF;82137395;755609;0xdeca;0xb103;0xa100;0xe0;20140;7;2176;119;6463;12
UF;82137408;755610;0xdeca;0xa100;0xb101;0xe1;18412;7;1923;117;2434;20
UL;82137408;34216;A;0;0xa100;0xb101;0xe1;18412;7;1923;117;2434;20
listener anchor=A src=0xa100 code=0xe1 level=7 q=18412 cir=1923 rxpacc=117 fp=2434/6657/6347 frames=393
UF;82137467;755611;0xdeca;0xb102;0xa101;0xe0;19546;7;2293;124;7186;12
UF;82137593;755612;0xdeca;0xb103;0xa104;0xe0;20860;7;2216;118;5427;12
UF;82137606;755613;0xdeca;0xa107;0xb103;0xe1;17285;7;1899;120;5662;20
UL;82137606;34217;H;7;0xa107;0xb103;0xe1;17285;7;1899;120;5662;20
UF;82137666;755614;0xdeca;0xb102;0xa101;0xe0;21189;7;2328;120;6931;12
UF;82137792;755615;0xdeca;0xb103;0xa100;0xe0;19065;7;2165;122;7053;12
UF;82137805;755616;0xdeca;0xb103;0xa103;0xe0;20020;7;2163;119;6625;12
UF;82137818;755617;0xdeca;0xa102;0xb101;0xe1;16127;7;889;85;4808;20
UL;82137818;34218;C;2;0xa102;0xb101;0xe1;16127;7;889;85;4808;20
UF;82137867;755618;0xdeca;0xb102;0xa101;0xe0;16326;7;1854;122;7109;12
UF;82137994;755619;0xdeca;0xb103;0xa104;0xe0;19099;7;2029;118;3554;12
UF;82138006;755620;0xdeca;0xa107;0xb103;0xe1;17085;7;1815;118;6341;20
UL;82138006;34219;H;7;0xa107;0xb103;0xe1;17085;7;1815;118;6341;20
UF;82138066;755621;0xdeca;0xb102;0xa101;0xe0;19891;7;2296;123;7606;12
UF;82138079;755622;0xdeca;0xa106;0xb102;0xe1;17704;7;1849;117;3616;20
UL;82138079;34220;G;6;0xa106;0xb102;0xe1;17704;7;1849;117;3616;20
listener debug sel=A valid=1 age=741 level=7 good=755622 accepted=34220 badhdr=6 nonanchor=721396 toolong=0 rxerr=1676 rxen_fail=0 rxen_last=0 sys_status=0x00800002 sys_state=000505450b rx_finfo=0x0756c814 last_status=0x00801302 last_len=20 pan=0xdeca dst=0xb102 src=0xa106 code=0xe1
UF;82138195;755623;0xdeca;0xb103;0xa100;0xe0;19858;7;2074;117;4163;12
UF;82138207;755624;0xdeca;0xa102;0xb101;0xe1;16743;7;1809;119;6614;20
UL;82138207;34221;C;2;0xa102;0xb101;0xe1;16743;7;1809;119;6614;20
UF;82138267;755625;0xdeca;0xb102;0xa101;0xe0;18046;7;2117;124;4254;12
UF;82138394;755626;0xdeca;0xb103;0xa104;0xe0;20489;7;2251;120;4310;12
UF;82138406;755627;0xdeca;0xa107;0xb103;0xe1;17560;7;2060;124;5717;20
UL;82138406;34222;H;7;0xa107;0xb103;0xe1;17560;7;2060;124;5717;20
UF;82138466;755628;0xdeca;0xb102;0xa102;0xe0;18193;7;2100;123;1076;12
UF;82138593;755629;0xdeca;0xb103;0xa100;0xe0;18498;7;1932;117;6842;12
UF;82138606;755630;0xdeca;0xb103;0xa103;0xe0;19919;7;2225;121;2716;12
UF;82138665;755631;0xdeca;0xb102;0xa101;0xe0;18097;7;2123;124;4218;12
UF;82138677;755632;0xdeca;0xb102;0xa106;0xe0;18728;7;2197;124;6132;12
UF;82138794;755633;0xdeca;0xb103;0xa104;0xe0;19749;7;2098;118;6432;12
UF;82138806;755634;0xdeca;0xb101;0xa100;0xe0;18532;7;2174;124;7661;12
UF;82138819;755635;0xdeca;0xb101;0xa107;0xe0;17113;7;1818;118;7234;12
UF;82138868;755636;0xdeca;0xb102;0xa101;0xe0;18728;7;2092;121;7375;12
UF;82138994;755637;0xdeca;0xb103;0xa100;0xe0;20509;7;2291;121;5662;12
UF;82139006;755638;0xdeca;0xa103;0xb103;0xe1;16191;7;1720;118;4242;20
UL;82139006;34223;D;3;0xa103;0xb103;0xe1;16191;7;1720;118;4242;20
UF;82139066;755639;0xdeca;0xb102;0xa101;0xe0;18949;7;2013;118;7248;12
UF;82139079;755640;0xdeca;0xa104;0xb102;0xe1;17471;7;1984;122;7045;20
UL;82139079;34224;E;4;0xa104;0xb102;0xe1;17471;7;1984;122;7045;20
listener debug sel=A valid=1 age=1741 level=7 good=755640 accepted=34224 badhdr=6 nonanchor=721410 toolong=0 rxerr=1676 rxen_fail=0 rxen_last=0 sys_status=0x00800002 sys_state=000505440b rx_finfo=0x07a6c814 last_status=0x00801302 last_len=20 pan=0xdeca dst=0xb102 src=0xa104 code=0xe1
UF;82139194;755641;0xdeca;0xb103;0xa104;0xe0;20290;7;2342;123;5290;12
UF;82139207;755642;0xdeca;0xb101;0xa100;0xe0;17904;7;1902;118;7056;12
UF;82139266;755643;0xdeca;0xb102;0xa101;0xe0;19316;7;2052;118;6745;12
UF;82139278;755644;0xdeca;0xa104;0xb102;0xe1;17457;7;2015;123;7008;20
UL;82139278;34225;E;4;0xa104;0xb102;0xe1;17457;7;2015;123;7008;20
UF;82139395;755645;0xdeca;0xb103;0xa100;0xe0;19588;7;2261;123;6669;12
UF;82139407;755646;0xdeca;0xb101;0xa100;0xe0;17170;7;1824;118;7215;12
UF;82139467;755647;0xdeca;0xb102;0xa101;0xe0;20480;7;2250;120;7209;12
UF;82139593;755648;0xdeca;0xb103;0xa104;0xe0;19788;7;2174;120;4987;12
UF;82139605;755649;0xdeca;0xb103;0xa107;0xe0;20560;7;2412;124;6972;12
uwb any-frame t=82139664 good=755650 len=12 fctrl=8841 pan=0xdeca dst=0xa101 src=0xb102 code=0xe0 q=19168 level=7 cir=2071 rxpacc=119 fp=7195/7253/6535
UF;82139664;755650;0xdeca;0xb102;0xa101;0xe0;19168;7;2071;119;7195;12
UF;82139794;755651;0xdeca;0xb103;0xa100;0xe0;20871;7;2255;119;5939;12
UF;82139806;755652;0xdeca;0xa103;0xb103;0xe1;17722;7;1947;120;3989;20
UL;82139806;34226;D;3;0xa103;0xb103;0xe1;17722;7;1947;120;3989;20
UF;82139866;755653;0xdeca;0xb102;0xa101;0xe0;17309;7;1998;123;5887;12
UF;82139879;755654;0xdeca;0xa106;0xb102;0xe1;19122;7;2136;121;6352;20
UL;82139879;34227;G;6;0xa106;0xb102;0xe1;19122;7;2136;121;6352;20
UF;82139995;755655;0xdeca;0xb103;0xa104;0xe0;18349;7;2118;123;5968;12
UF;82140008;755656;0xdeca;0xa102;0xb101;0xe1;18036;7;1916;118;6870;20
UL;82140008;34228;C;2;0xa102;0xb101;0xe1;18036;7;1916;118;6870;20
UF;82140068;755657;0xdeca;0xb102;0xa102;0xe0;16256;7;1786;120;7191;12
listener debug sel=A valid=1 age=2744 level=7 good=755657 accepted=34228 badhdr=6 nonanchor=721423 toolong=0 rxerr=1676 rxen_fail=0 rxen_last=0 sys_status=0x00800002 sys_state=000505440b rx_finfo=0x0786c80c last_status=0x00801302 last_len=12 pan=0xdeca dst=0xa102 src=0xb102 code=0xe0
UF;82140193;755658;0xdeca;0xb103;0xa100;0xe0;18817;7;1999;118;3982;12
UF;82140206;755659;0xdeca;0xa103;0xb103;0xe1;17961;7;2107;124;3163;20
UL;82140206;34229;D;3;0xa103;0xb103;0xe1;17961;7;2107;124;3163;20
UF;82140265;755660;0xdeca;0xb102;0xa101;0xe0;19276;7;2225;123;1716;12
UF;82140278;755661;0xdeca;0xa106;0xb102;0xe1;18353;7;2153;124;5945;20
UL;82140278;34230;G;6;0xa106;0xb102;0xe1;18353;7;2153;124;5945;20
UF;82140395;755662;0xdeca;0xb103;0xa104;0xe0;21424;7;2276;118;6539;12
UF;82140407;755663;0xdeca;0xb101;0xa100;0xe0;17167;7;1793;117;6201;12
UF;82140466;755664;0xdeca;0xb102;0xa101;0xe0;19599;7;2047;117;6409;12
UF;82140592;755665;0xdeca;0xb103;0xa100;0xe0;19050;7;2093;120;7227;12
UF;82140605;755666;0xdeca;0xb103;0xa103;0xe0;20395;7;2316;122;6410;12
UF;82140664;755667;0xdeca;0xb102;0xa101;0xe0;18046;7;2083;123;7573;12
UF;82140677;755668;0xdeca;0xb102;0xa104;0xe0;17188;7;1826;118;6910;12
UF;82140798;755669;0xdeca;0xb103;0xa104;0xe0;21458;7;2558;125;6474;12
UF;82140810;755670;0xdeca;0xb101;0xa100;0xe0;16049;7;1705;118;7012;12
UF;82140869;755671;0xdeca;0xb102;0xa101;0xe0;16257;7;1816;121;7103;12
UF;82140995;755672;0xdeca;0xb103;0xa100;0xe0;20452;7;2247;120;4159;12
UF;82141008;755673;0xdeca;0xa100;0xb101;0xe1;18505;7;2206;125;1781;20
UL;82141008;34231;A;0;0xa100;0xb101;0xe1;18505;7;2206;125;1781;20
listener anchor=A src=0xa100 code=0xe1 level=7 q=18505 cir=2206 rxpacc=125 fp=1781/7017/6416 frames=394
UF;82141067;755674;0xdeca;0xb102;0xa101;0xe0;17224;7;1924;121;7522;12
listener debug sel=A valid=1 age=144 level=7 good=755674 accepted=34231 badhdr=6 nonanchor=721437 toolong=0 rxerr=1676 rxen_fail=0 rxen_last=0 sys_status=0x00800002 sys_state=000505480b rx_finfo=0x0796c80c last_status=0x00801302 last_len=12 pan=0xdeca dst=0xa101 src=0xb102 code=0xe0
UF;82141192;755675;0xdeca;0xb103;0xa104;0xe0;19984;7;2123;118;4012;12
UF;82141205;755676;0xdeca;0xb103;0xa107;0xe0;18557;7;2005;119;6862;12
UF;82141269;755677;0xdeca;0xb102;0xa101;0xe0;16511;7;1754;118;7045;12
UF;82141396;755678;0xdeca;0xb103;0xa100;0xe0;20152;7;2214;120;4679;12
UF;82141409;755679;0xdeca;0xb101;0xa102;0xe0;18750;7;2060;120;7001;12
UF;82141468;755680;0xdeca;0xb102;0xa101;0xe0;17231;7;1989;123;7226;12
UF;82141480;755681;0xdeca;0xb101;0xa102;0xe0;19805;7;2286;123;6932;12
UF;82141597;755682;0xdeca;0xb103;0xa104;0xe0;18856;7;2212;124;2313;12
UF;82141609;755683;0xdeca;0xb101;0xa100;0xe0;18932;7;2080;120;7549;12
UF;82141669;755684;0xdeca;0xb102;0xa102;0xe0;15819;7;1738;120;7109;12
UF;82141795;755685;0xdeca;0xb103;0xa100;0xe0;20818;7;2403;123;5015;12
UF;82141808;755686;0xdeca;0xa100;0xb101;0xe1;17021;7;1839;119;4426;20
UL;82141808;34232;A;0;0xa100;0xb101;0xe1;17021;7;1839;119;4426;20
UF;82141868;755687;0xdeca;0xb102;0xa101;0xe0;19457;7;2067;118;7354;12
UF;82141994;755688;0xdeca;0xb103;0xa104;0xe0;20214;7;2184;119;5127;12
UF;82142007;755689;0xdeca;0xb101;0xa100;0xe0;22700;8;2494;120;5555;12
UF;82142066;755690;0xdeca;0xb102;0xa101;0xe0;17840;7;1960;120;1941;12
UF;82142079;755691;0xdeca;0xa106;0xb102;0xe1;17858;7;1962;120;3334;20
UL;82142079;34233;G;6;0xa106;0xb102;0xe1;17858;7;1962;120;3334;20
listener debug sel=A valid=1 age=346 level=7 good=755691 accepted=34233 badhdr=6 nonanchor=721452 toolong=0 rxerr=1676 rxen_fail=0 rxen_last=0 sys_status=0x00800002 sys_state=000505460b rx_finfo=0x0786c814 last_status=0x00801302 last_len=20 pan=0xdeca dst=0xb102 src=0xa106 code=0xe1
UF;82142195;755692;0xdeca;0xb103;0xa100;0xe0;19502;7;2107;119;5634;12
UF;82142207;755693;0xdeca;0xb101;0xa100;0xe0;18622;7;2012;119;6814;12
UF;82142267;755694;0xdeca;0xb102;0xa101;0xe0;17357;7;1971;122;4062;12
UF;82142393;755695;0xdeca;0xb103;0xa104;0xe0;20971;7;2304;120;5820;12
UF;82142406;755696;0xdeca;0xb101;0xa100;0xe0;19553;7;2257;123;5870;12
UF;82142465;755697;0xdeca;0xb102;0xa101;0xe0;17786;7;2053;123;4725;12
UF;82142478;755698;0xdeca;0xa104;0xb102;0xe1;17475;7;2050;124;7637;20
UL;82142478;34234;E;4;0xa104;0xb102;0xe1;17475;7;2050;124;7637;20
UF;82142595;755699;0xdeca;0xb103;0xa100;0xe0;18656;7;2084;121;4452;12
uwb any-frame t=82142607 good=755700 len=20 fctrl=8841 pan=0xdeca dst=0xb101 src=0xa100 code=0xe1 q=18191 level=7 cir=2032 rxpacc=121 fp=3497/6615/5232
UF;82142607;755700;0xdeca;0xa100;0xb101;0xe1;18191;7;2032;121;3497;20
UL;82142607;34235;A;0;0xa100;0xb101;0xe1;18191;7;2032;121;3497;20
listener anchor=A src=0xa100 code=0xe1 level=7 q=18191 cir=2032 rxpacc=121 fp=3497/6615/5232 frames=396
UF;82142664;755701;0xdeca;0xb102;0xa101;0xe0;19141;7;2103;120;6807;12
UF;82142676;755702;0xdeca;0xb102;0xa106;0xe0;18468;7;2029;120;7195;12
UF;82142793;755703;0xdeca;0xb103;0xa104;0xe0;18404;7;2022;120;5080;12
UF;82142805;755704;0xdeca;0xa107;0xb103;0xe1;17659;7;1876;118;5247;20
UL;82142805;34236;H;7;0xa107;0xb103;0xe1;17659;7;1876;118;5247;20
UF;82142865;755705;0xdeca;0xb102;0xa101;0xe0;18634;7;2186;124;7185;12
UF;82142878;755706;0xdeca;0xa106;0xb102;0xe1;18904;7;2182;123;6500;20
UL;82142878;34237;G;6;0xa106;0xb102;0xe1;18904;7;2182;123;6500;20
UF;82142995;755707;0xdeca;0xb103;0xa100;0xe0;20557;7;2147;117;5494;12
UF;82143007;755708;0xdeca;0xa102;0xb101;0xe1;18360;7;2085;122;7369;20
UL;82143007;34238;C;2;0xa102;0xb101;0xe1;18360;7;2085;122;7369;20
UF;82143067;755709;0xdeca;0xb102;0xa101;0xe0;18444;7;2129;123;7404;12
listener debug sel=A valid=1 age=551 level=7 good=755709 accepted=34238 badhdr=6 nonanchor=721465 toolong=0 rxerr=1676 rxen_fail=0 rxen_last=0 sys_status=0x00800002 sys_state=000505410b rx_finfo=0x07b6c80c last_status=0x00801302 last_len=12 pan=0xdeca dst=0xa101 src=0xb102 code=0xe0
UF;82143193;755710;0xdeca;0xb103;0xa104;0xe0;19935;7;2082;117;6111;12
UF;82143206;755711;0xdeca;0xb103;0xa107;0xe0;19202;7;2145;121;7271;12
UF;82143218;755712;0xdeca;0xb101;0xa107;0xe0;17744;7;2015;122;7355;12
UF;82143267;755713;0xdeca;0xb102;0xa102;0xe0;18898;7;2217;124;7749;12
UF;82143394;755714;0xdeca;0xb103;0xa100;0xe0;19344;7;2055;118;6894;12
UF;82143406;755715;0xdeca;0xb101;0xa100;0xe0;18267;7;2143;124;7628;12
UF;82143465;755716;0xdeca;0xb102;0xa101;0xe0;20475;7;2402;124;7376;12
UF;82143478;755717;0xdeca;0xa106;0xb102;0xe1;18135;7;1894;117;5570;20
UL;82143478;34239;G;6;0xa106;0xb102;0xe1;18135;7;1894;117;5570;20
UF;82143595;755718;0xdeca;0xb103;0xa104;0xe0;18382;7;1986;119;3871;12
UF;82143608;755719;0xdeca;0xa100;0xb101;0xe1;18683;7;2087;121;3242;20
UL;82143608;34240;A;0;0xa100;0xb101;0xe1;18683;7;2087;121;3242;20
listener anchor=A src=0xa100 code=0xe1 level=7 q=18683 cir=2087 rxpacc=121 fp=3242/6533/6708 frames=397
UF;82143666;755720;0xdeca;0xb102;0xa101;0xe0;18313;7;2012;120;7099;12
UF;82143679;755721;0xdeca;0xa106;0xb102;0xe1;17021;7;1870;120;3270;20
UL;82143679;34241;G;6;0xa106;0xb102;0xe1;17021;7;1870;120;3270;20
UF;82143796;755722;0xdeca;0xb103;0xa100;0xe0;21633;7;2497;123;5488;12
UF;82143808;755723;0xdeca;0xb101;0xa100;0xe0;19069;7;2237;124;7327;12
UF;82143868;755724;0xdeca;0xb102;0xa101;0xe0;19145;7;2246;124;7715;12
UF;82143994;755725;0xdeca;0xb103;0xa104;0xe0;20985;7;2383;122;6717;12
UF;82144007;755726;0xdeca;0xa100;0xb101;0xe1;19503;7;2325;125;3844;20
UL;82144007;34242;A;0;0xa100;0xb101;0xe1;19503;7;2325;125;3844;20
UF;82144067;755727;0xdeca;0xb102;0xa101;0xe0;15932;7;1664;117;5642;12
listener debug sel=A valid=1 age=155 level=7 good=755727 accepted=34242 badhdr=6 nonanchor=721479 toolong=0 rxerr=1676 rxen_fail=0 rxen_last=0 sys_status=0x00800002 sys_state=000505450b rx_finfo=0x0756c80c last_status=0x00801302 last_len=12 pan=0xdeca dst=0xa101 src=0xb102 code=0xe0
UF;82144193;755728;0xdeca;0xb103;0xa100;0xe0;20078;7;2097;117;6845;12
UF;82144205;755729;0xdeca;0xa103;0xb103;0xe1;17687;7;1879;118;2660;20
UL;82144205;34243;D;3;0xa103;0xb103;0xe1;17687;7;1879;118;2660;20
UF;82144265;755730;0xdeca;0xb102;0xa101;0xe0;17292;7;1837;118;3210;12
UF;82144278;755731;0xdeca;0xb102;0xa106;0xe0;16857;7;1883;121;7345;12
UF;82144394;755732;0xdeca;0xb103;0xa104;0xe0;19494;7;2036;117;7213;12
UF;82144407;755733;0xdeca;0xa107;0xb103;0xe1;17005;7;1776;117;5113;20
UL;82144407;34244;H;7;0xa107;0xb103;0xe1;17005;7;1776;117;5113;20
UF;82144466;755734;0xdeca;0xb102;0xa101;0xe0;19580;7;2297;124;7674;12
UF;82144593;755735;0xdeca;0xb103;0xa100;0xe0;20720;7;2164;117;4892;12
UF;82144606;755736;0xdeca;0xb103;0xa103;0xe0;11776;6;92;32;1372;12
UF;82144618;755737;0xdeca;0xb101;0xa107;0xe0;17833;7;1992;121;7437;12
UF;82144667;755738;0xdeca;0xb102;0xa101;0xe0;18412;7;1956;118;6816;12
UF;82144794;755739;0xdeca;0xb103;0xa104;0xe0;19408;7;2168;121;7106;12
UF;82144806;755740;0xdeca;0xb101;0xa102;0xe0;15920;7;1720;119;6858;12
UF;82144819;755741;0xdeca;0xb101;0xa107;0xe0;17215;7;1923;121;6772;12
UF;82144868;755742;0xdeca;0xb102;0xa102;0xe0;17132;7;1851;119;7212;12
UF;82144994;755743;0xdeca;0xb103;0xa100;0xe0;19998;7;2271;122;2387;12
UF;82145007;755744;0xdeca;0xb101;0xa100;0xe0;18567;7;2006;119;7216;12
UF;82145019;755745;0xdeca;0xa107;0xb101;0xe1;16302;7;1424;107;4560;20
UL;82145019;34245;H;7;0xa107;0xb101;0xe1;16302;7;1424;107;4560;20
UF;82145069;755746;0xdeca;0xb102;0xa101;0xe0;18252;7;1939;118;7159;12
listener debug sel=A valid=1 age=1157 level=7 good=755746 accepted=34245 badhdr=6 nonanchor=721495 toolong=0 rxerr=1676 rxen_fail=0 rxen_last=0 sys_status=0x00800002 sys_state=000505430b rx_finfo=0x0766c80c last_status=0x00801302 last_len=12 pan=0xdeca dst=0xa101 src=0xb102 code=0xe0
UF;82145195;755747;0xdeca;0xb103;0xa104;0xe0;19657;7;2053;117;4859;12
UF;82145207;755748;0xdeca;0xb103;0xa107;0xe0;17357;7;1907;120;5305;12
UF;82145220;755749;0xdeca;0xa106;0xb101;0xe1;17654;7;1972;121;5071;20
UL;82145220;34246;G;6;0xa106;0xb101;0xe1;17654;7;1972;121;5071;20
uwb any-frame t=82145269 good=755750 len=12 fctrl=8841 pan=0xdeca dst=0xa101 src=0xb102 code=0xe0 q=22504 level=8 cir=2640 rxpacc=124 fp=7651/7687/6252
UF;82145269;755750;0xdeca;0xb102;0xa101;0xe0;22504;8;2640;124;7651;12
UF;82145394;755751;0xdeca;0xb103;0xa100;0xe0;18632;7;2047;120;7008;12
UF;82145406;755752;0xdeca;0xb101;0xa100;0xe0;19657;7;2053;117;6555;12
UF;82145466;755753;0xdeca;0xb102;0xa101;0xe0;19360;7;2127;120;7348;12
UF;82145478;755754;0xdeca;0xa104;0xb102;0xe1;16762;7;1811;119;5338;20
UL;82145478;34247;E;4;0xa104;0xb102;0xe1;16762;7;1811;119;5338;20
UF;82145595;755755;0xdeca;0xb103;0xa104;0xe0;20152;7;2214;120;5505;12
UF;82145608;755756;0xdeca;0xa100;0xb101;0xe1;18959;7;2153;122;2580;20
UL;82145608;34248;A;0;0xa100;0xb101;0xe1;18959;7;2153;122;2580;20
listener anchor=A src=0xa100 code=0xe1 level=7 q=18959 cir=2153 rxpacc=122 fp=2580/6785/6764 frames=399
UF;82145666;755757;0xdeca;0xb102;0xa101;0xe0;17685;7;1943;120;7206;12
UF;82145793;755758;0xdeca;0xb103;0xa100;0xe0;18862;7;2107;121;4828;12
UF;82145806;755759;0xdeca;0xa103;0xb103;0xe1;17621;7;2001;122;4170;20
UL;82145806;34249;D;3;0xa103;0xb103;0xe1;17621;7;2001;122;4170;20
UF;82145865;755760;0xdeca;0xb102;0xa101;0xe0;17938;7;2037;122;1882;12
UF;82145878;755761;0xdeca;0xa106;0xb102;0xe1;18787;7;2204;124;5701;20
UL;82145878;34250;G;6;0xa106;0xb102;0xe1;18787;7;2204;124;5701;20
UF;82145995;755762;0xdeca;0xb103;0xa104;0xe0;18783;7;2133;122;5215;12
UF;82146008;755763;0xdeca;0xa100;0xb101;0xe1;18369;7;2086;122;1799;20
UL;82146008;34251;A;0;0xa100;0xb101;0xe1;18369;7;2086;122;1799;20
UF;82146068;755764;0xdeca;0xb102;0xa101;0xe0;18550;7;2038;120;3333;12
listener debug sel=A valid=1 age=160 level=7 good=755764 accepted=34251 badhdr=6 nonanchor=721507 toolong=0 rxerr=1676 rxen_fail=0 rxen_last=0 sys_status=0x00800002 sys_state=000505460b rx_finfo=0x0786c80c last_status=0x00801302 last_len=12 pan=0xdeca dst=0xa101 src=0xb102 code=0xe0
UF;82146198;755765;0xdeca;0xb103;0xa100;0xe0;18823;7;2068;120;6581;12
UF;82146211;755766;0xdeca;0xb101;0xa100;0xe0;18384;7;1953;118;4058;12
UF;82146265;755767;0xdeca;0xb102;0xa101;0xe0;16631;7;1951;124;4750;12
UF;82146278;755768;0xdeca;0xb102;0xa106;0xe0;17779;7;1986;121;5272;12
UF;82146394;755769;0xdeca;0xb103;0xa104;0xe0;19256;7;2259;124;4537;12
UF;82146406;755770;0xdeca;0xa107;0xb103;0xe1;16375;7;1921;124;5348;20
UL;82146406;34252;H;7;0xa107;0xb103;0xe1;16375;7;1921;124;5348;20
UF;82146466;755771;0xdeca;0xb102;0xa102;0xe0;18097;7;2123;124;1464;12
UF;82146593;755772;0xdeca;0xb103;0xa100;0xe0;18713;7;2125;122;3094;12
UF;82146606;755773;0xdeca;0xb101;0xa100;0xe0;15701;7;1783;122;7361;12
UF;82146618;755774;0xdeca;0xb101;0xa107;0xe0;18396;7;2089;122;7465;12
UF;82146667;755775;0xdeca;0xb102;0xa101;0xe0;18481;7;2168;124;7245;12
UF;82146685;755776;0xdeca;0xb101;0xa100;0xe0;17503;7;1828;117;6778;12
UF;82146697;755777;0xdeca;0xa107;0xb101;0xe1;14885;7;319;53;2252;20
UL;82146697;34253;H;7;0xa107;0xb101;0xe1;14885;7;319;53;2252;20
UF;82146793;755778;0xdeca;0xb103;0xa104;0xe0;19752;7;2243;122;7199;12
UF;82146806;755779;0xdeca;0xa107;0xb103;0xe1;17081;7;1908;121;4731;20
UL;82146806;34254;H;7;0xa107;0xb103;0xe1;17081;7;1908;121;4731;20
UF;82146866;755780;0xdeca;0xb102;0xa101;0xe0;17638;7;2003;122;7466;12
UF;82146998;755781;0xdeca;0xb103;0xa100;0xe0;19640;7;2122;119;6639;12
UF;82147010;755782;0xdeca;0xb103;0xa103;0xe0;15424;7;1723;121;5727;12
UF;82147023;755783;0xdeca;0xa107;0xb101;0xe1;17685;7;1943;120;5550;20
UL;82147023;34255;H;7;0xa107;0xb101;0xe1;17685;7;1943;120;5550;20
UF;82147067;755784;0xdeca;0xb102;0xa101;0xe0;17077;7;1845;119;6991;12
listener debug sel=A valid=1 age=1160 level=7 good=755784 accepted=34255 badhdr=6 nonanchor=721523 toolong=0 rxerr=1676 rxen_fail=0 rxen_last=0 sys_status=0x00800002 sys_state=000505430b rx_finfo=0x0776c80c last_status=0x00801302 last_len=12 pan=0xdeca dst=0xa101 src=0xb102 code=0xe0
UF;82147198;755785;0xdeca;0xb103;0xa104;0xe0;19223;7;2112;120;4225;12
UF;82147211;755786;0xdeca;0xa102;0xb101;0xe1;17066;7;1875;120;6857;20
UL;82147211;34256;C;2;0xa102;0xb101;0xe1;17066;7;1875;120;6857;20
UF;82147265;755787;0xdeca;0xb102;0xa101;0xe0;20368;7;2313;122;7305;12
UF;82147278;755788;0xdeca;0xa104;0xb102;0xe1;16953;7;1801;118;7139;20
UL;82147278;34257;E;4;0xa104;0xb102;0xe1;16953;7;1801;118;7139;20
UF;82147395;755789;0xdeca;0xb103;0xa100;0xe0;18988;7;2121;121;4519;12
UF;82147408;755790;0xdeca;0xa100;0xb101;0xe1;18880;7;2144;122;3626;20
UL;82147408;34258;A;0;0xa100;0xb101;0xe1;18880;7;2144;122;3626;20
listener anchor=A src=0xa100 code=0xe1 level=7 q=18880 cir=2144 rxpacc=122 fp=3626/6863/6770 frames=401
UF;82147466;755791;0xdeca;0xb102;0xa101;0xe0;17833;7;1992;121;7374;12
UF;82147593;755792;0xdeca;0xb103;0xa104;0xe0;20279;7;2228;120;5573;12
UF;82147606;755793;0xdeca;0xb103;0xa107;0xe0;20402;7;2279;121;7149;12
UF;82147618;755794;0xdeca;0xb101;0xa107;0xe0;19290;7;2263;124;7540;12
UF;82147667;755795;0xdeca;0xb102;0xa101;0xe0;15100;7;1659;120;7264;12
UF;82147794;755796;0xdeca;0xb103;0xa100;0xe0;21290;7;2339;120;6219;12
UF;82147806;755797;0xdeca;0xb101;0xa102;0xe0;20516;7;2254;120;7247;12
UF;82147865;755798;0xdeca;0xb102;0xa101;0xe0;16143;7;1686;117;6941;12
UF;82147878;755799;0xdeca;0xa106;0xb102;0xe1;17885;7;1965;120;3703;20
UL;82147878;34259;G;6;0xa106;0xb102;0xe1;17885;7;1965;120;3703;20
uwb any-frame t=82147995 good=755800 len=12 fctrl=8841 pan=0xdeca dst=0xa104 src=0xb103 code=0xe0 q=21351 level=7 cir=2385 rxpacc=121 fp=6493/7748/5800
UF;82147995;755800;0xdeca;0xb103;0xa104;0xe0;21351;7;2385;121;6493;12
UF;82148068;755801;0xdeca;0xb102;0xa102;0xe0;17308;7;1870;119;6001;12
listener debug sel=A valid=1 age=760 level=7 good=755801 accepted=34259 badhdr=6 nonanchor=721536 toolong=0 rxerr=1676 rxen_fail=0 rxen_last=0 sys_status=0x00800002 sys_state=000505450b rx_finfo=0x0776c80c last_status=0x00801302 last_len=12 pan=0xdeca dst=0xa102 src=0xb102 code=0xe0
UF;82148199;755802;0xdeca;0xb103;0xa100;0xe0;19446;7;2031;117;5705;12
UF;82148211;755803;0xdeca;0xa102;0xb101;0xe1;18039;7;2015;121;7303;20
UL;82148211;34260;C;2;0xa102;0xb101;0xe1;18039;7;2015;121;7303;20
UF;82148266;755804;0xdeca;0xb102;0xa101;0xe0;19596;7;2189;121;6577;12
UF;82148278;755805;0xdeca;0xa106;0xb102;0xe1;18124;7;2092;123;5792;20
UL;82148278;34261;G;6;0xa106;0xb102;0xe1;18124;7;2092;123;5792;20
UF;82148395;755806;0xdeca;0xb103;0xa104;0xe0;19310;7;2157;121;4323;12
UF;82148408;755807;0xdeca;0xb103;0xa107;0xe0;10127;6;1150;122;1519;12
UF;82148421;755808;0xdeca;0xa107;0xb101;0xe1;16508;7;1844;121;6092;20
UL;82148421;34262;H;7;0xa107;0xb101;0xe1;16508;7;1844;121;6092;20
UF;82148465;755809;0xdeca;0xb102;0xa101;0xe0;17170;7;1824;118;2100;12
UF;82148477;755810;0xdeca;0xa106;0xb102;0xe1;17567;7;1930;120;3773;20
UL;82148477;34263;G;6;0xa106;0xb102;0xe1;17567;7;1930;120;3773;20
UF;82148496;755811;0xdeca;0xb101;0xa107;0xe0;18322;7;1483;103;5531;12
UF;82148597;755812;0xdeca;0xb103;0xa100;0xe0;20233;7;2186;119;6680;12
UF;82148609;755813;0xdeca;0xb101;0xa100;0xe0;21503;7;2482;123;6867;12
UF;82148669;755814;0xdeca;0xb102;0xa101;0xe0;17471;7;1856;118;6712;12
UF;82148795;755815;0xdeca;0xb103;0xa104;0xe0;18652;7;2153;123;5500;12
UF;82148808;755816;0xdeca;0xa100;0xb101;0xe1;18205;7;1934;118;4628;20
UL;82148808;34264;A;0;0xa100;0xb101;0xe1;18205;7;1934;118;4628;20
listener anchor=A src=0xa100 code=0xe1 level=7 q=18205 cir=1934 rxpacc=118 fp=4628/6591/4107 frames=402
UF;82148867;755817;0xdeca;0xb102;0xa101;0xe0;16738;7;1839;120;7114;12
UF;82148993;755818;0xdeca;0xb103;0xa100;0xe0;19775;7;2209;121;6130;12
UF;82149006;755819;0xdeca;0xa103;0xb103;0xe1;17637;7;2069;124;2097;20
UL;82149006;34265;D;3;0xa103;0xb103;0xe1;17637;7;2069;124;2097;20
UF;82149066;755820;0xdeca;0xb102;0xa101;0xe0;17659;7;1876;118;7165;12
UF;82149078;755821;0xdeca;0xa106;0xb102;0xe1;17421;7;1946;121;5570;20
UL;82149078;34266;G;6;0xa106;0xb102;0xe1;17421;7;1946;121;5570;20
listener debug sel=A valid=1 age=361 level=7 good=755821 accepted=34266 badhdr=6 nonanchor=721549 toolong=0 rxerr=1676 rxen_fail=0 rxen_last=0 sys_status=0x00800002 sys_state=000505430b rx_finfo=0x0796c814 last_status=0x00801302 last_len=20 pan=0xdeca dst=0xb102 src=0xa106 code=0xe1
UF;82149200;755822;0xdeca;0xb103;0xa104;0xe0;19673;7;2090;118;6421;12
UF;82149212;755823;0xdeca;0xb101;0xa100;0xe0;12468;6;80;29;1306;12
UF;82149266;755824;0xdeca;0xb102;0xa101;0xe0;17969;7;2108;124;7513;12
UF;82149278;755825;0xdeca;0xa106;0xb102;0xe1;17413;7;651;70;2567;20
UL;82149278;34267;G;6;0xa106;0xb102;0xe1;17413;7;651;70;2567;20
UF;82149395;755826;0xdeca;0xb103;0xa100;0xe0;19532;7;2075;118;4555;12
UF;82149408;755827;0xdeca;0xb101;0xa100;0xe0;18928;7;2045;119;7129;12
UF;82149467;755828;0xdeca;0xb102;0xa101;0xe0;18480;7;2203;125;7518;12
UF;82149594;755829;0xdeca;0xb103;0xa104;0xe0;21136;7;2361;121;4423;12
UF;82149606;755830;0xdeca;0xb101;0xa100;0xe0;17333;7;2592;140;8329;12
UF;82149665;755831;0xdeca;0xb102;0xa102;0xe0;17103;7;1879;120;6897;12
UF;82149678;755832;0xdeca;0xa106;0xb102;0xe1;17603;7;1999;122;4241;20
UL;82149678;34268;G;6;0xa106;0xb102;0xe1;17603;7;1999;122;4241;20
UF;82149795;755833;0xdeca;0xb103;0xa100;0xe0;19427;7;2029;117;3995;12
UF;82149808;755834;0xdeca;0xb103;0xa103;0xe0;17591;7;1965;121;3435;12
UF;82149820;755835;0xdeca;0xa106;0xb101;0xe1;17604;7;1902;119;3804;20
UL;82149820;34269;G;6;0xa106;0xb101;0xe1;17604;7;1902;119;3804;20
UF;82149864;755836;0xdeca;0xb102;0xa101;0xe0;18444;7;2129;123;7352;12
UF;82149877;755837;0xdeca;0xa106;0xb102;0xe1;19077;7;2131;121;3557;20
UL;82149877;34270;G;6;0xa106;0xb102;0xe1;19077;7;2131;121;3557;20
UF;82149895;755838;0xdeca;0xb101;0xa107;0xe0;20771;7;2282;120;6807;12
UF;82149996;755839;0xdeca;0xb103;0xa104;0xe0;19587;7;2188;121;3111;12
UF;82150009;755840;0xdeca;0xa100;0xb101;0xe1;16921;7;1985;124;4744;20
UL;82150009;34271;A;0;0xa100;0xb101;0xe1;16921;7;1985;124;4744;20
listener anchor=A src=0xa100 code=0xe1 level=7 q=16921 cir=1985 rxpacc=124 fp=4744/6947/4370 frames=403
UF;82150067;755841;0xdeca;0xb102;0xa101;0xe0;17251;7;1959;122;7437;12
listener debug sel=A valid=1 age=164 level=7 good=755841 accepted=34271 badhdr=6 nonanchor=721564 toolong=0 rxerr=1676 rxen_fail=0 rxen_last=0 sys_status=0x00800002 sys_state=000505470b rx_finfo=0x07a6c80c last_status=0x00801302 last_len=12 pan=0xdeca dst=0xa101 src=0xb102 code=0xe0
UF;82150203;755842;0xdeca;0xb103;0xa100;0xe0;19964;7;2157;119;6610;12
UF;82150216;755843;0xdeca;0xa107;0xb101;0xe1;17595;7;1901;119;80;20
UL;82150216;34272;H;7;0xa107;0xb101;0xe1;17595;7;1901;119;80;20
UF;82150265;755844;0xdeca;0xb102;0xa101;0xe0;19900;7;2150;119;7262;12
UF;82150278;755845;0xdeca;0xa104;0xb102;0xe1;16776;7;1874;121;5777;20
UL;82150278;34273;E;4;0xa104;0xb102;0xe1;16776;7;1874;121;5777;20
UF;82150395;755846;0xdeca;0xb103;0xa104;0xe0;19972;7;2343;124;4580;12
UF;82150407;755847;0xdeca;0xb101;0xa102;0xe0;17576;7;1931;120;3148;12
UF;82150467;755848;0xdeca;0xb102;0xa101;0xe0;18711;7;2195;124;6999;12
UF;82150593;755849;0xdeca;0xb103;0xa100;0xe0;20492;7;2289;121;6692;12
uwb any-frame t=82150606 good=755850 len=12 fctrl=8841 pan=0xdeca dst=0xa102 src=0xb101 code=0xe0 q=19353 level=7 cir=2056 rxpacc=118 fp=2304/6346/6574
UF;82150606;755850;0xdeca;0xb101;0xa102;0xe0;19353;7;2056;118;2304;12
UF;82150668;755851;0xdeca;0xb102;0xa101;0xe0;17123;7;1850;119;2479;12
UF;82150795;755852;0xdeca;0xb103;0xa104;0xe0;20584;7;2376;123;5965;12
UF;82150807;755853;0xdeca;0xa100;0xb101;0xe1;18933;7;2257;125;2571;20
UL;82150807;34274;A;0;0xa100;0xb101;0xe1;18933;7;2257;125;2571;20
UF;82150867;755854;0xdeca;0xb102;0xa101;0xe0;17528;7;1958;121;586;12
UF;82150994;755855;0xdeca;0xb103;0xa100;0xe0;20359;7;2427;125;5059;12
UF;82151007;755856;0xdeca;0xb101;0xa100;0xe0;18120;7;1925;118;7193;12
UF;82151066;755857;0xdeca;0xb102;0xa101;0xe0;17899;7;2066;123;7603;12
UF;82151078;755858;0xdeca;0xa106;0xb102;0xe1;17457;7;1950;121;3657;20
UL;82151078;34275;G;6;0xa106;0xb102;0xe1;17457;7;1950;121;3657;20
listener debug sel=A valid=1 age=368 level=7 good=755858 accepted=34275 badhdr=6 nonanchor=721577 toolong=0 rxerr=1676 rxen_fail=0 rxen_last=0 sys_status=0x00800002 sys_state=000505410b rx_finfo=0x0796c814 last_status=0x00801302 last_len=20 pan=0xdeca dst=0xb102 src=0xa106 code=0xe1
UF;82151205;755859;0xdeca;0xb103;0xa104;0xe0;20836;7;2405;123;4248;12
UF;82151217;755860;0xdeca;0xa107;0xb101;0xe1;16717;7;1746;117;5519;20
UL;82151217;34276;H;7;0xa107;0xb101;0xe1;16717;7;1746;117;5519;20
UF;82151267;755861;0xdeca;0xb102;0xa102;0xe0;16680;7;1772;118;7111;12
UF;82151394;755862;0xdeca;0xb103;0xa100;0xe0;19265;7;2260;124;7174;12
UF;82151406;755863;0xdeca;0xb101;0xa100;0xe0;19662;7;2344;125;7827;12
UF;82151465;755864;0xdeca;0xb102;0xa101;0xe0;17285;7;1899;120;7321;12
UF;82151478;755865;0xdeca;0xa106;0xb102;0xe1;18600;7;2147;123;3861;20
UL;82151478;34277;G;6;0xa106;0xb102;0xe1;18600;7;2147;123;3861;20
UF;82151595;755866;0xdeca;0xb103;0xa104;0xe0;19144;7;2174;122;5854;12
UF;82151608;755867;0xdeca;0xb103;0xa107;0xe0;18598;7;2112;122;5025;12
UF;82151667;755868;0xdeca;0xb102;0xa101;0xe0;17687;7;1911;119;6886;12
UF;82151679;755869;0xdeca;0xb101;0xa100;0xe0;16963;7;1958;123;6823;12
UF;82151796;755870;0xdeca;0xb103;0xa100;0xe0;20124;7;2248;121;5659;12
UF;82151808;755871;0xdeca;0xa100;0xb101;0xe1;17947;7;1939;119;4188;20
UL;82151808;34278;A;0;0xa100;0xb101;0xe1;17947;7;1939;119;4188;20
listener anchor=A src=0xa100 code=0xe1 level=7 q=17947 cir=1939 rxpacc=119 fp=4188/6699/6573 frames=405
UF;82151867;755872;0xdeca;0xb102;0xa101;0xe0;17779;7;1986;121;7378;12
UF;82151994;755873;0xdeca;0xb103;0xa104;0xe0;20698;7;2274;120;4063;12
UF;82152006;755874;0xdeca;0xb101;0xa102;0xe0;18764;7;2096;121;7364;12
UF;82152066;755875;0xdeca;0xb102;0xa101;0xe0;18968;7;2154;122;7100;12
listener debug sel=A valid=1 age=369 level=7 good=755875 accepted=34278 badhdr=6 nonanchor=721591 toolong=0 rxerr=1676 rxen_fail=0 rxen_last=0 sys_status=0x00800002 sys_state=000505410b rx_finfo=0x07a6c80c last_status=0x00801302 last_len=12 pan=0xdeca dst=0xa101 src=0xb102 code=0xe0
UF;82152207;755876;0xdeca;0xb103;0xa100;0xe0;21328;7;2422;122;6455;12
UF;82152266;755877;0xdeca;0xb102;0xa101;0xe0;17207;7;1828;118;6684;12
UF;82152393;755878;0xdeca;0xb103;0xa104;0xe0;19486;7;2286;124;7103;12
UF;82152405;755879;0xdeca;0xb103;0xa107;0xe0;18387;7;2157;124;2971;12
UF;82152470;755880;0xdeca;0xb102;0xa101;0xe0;18010;7;1881;117;4090;12
UF;82152482;755881;0xdeca;0xb101;0xa100;0xe0;16894;7;1950;123;6379;12
UF;82152593;755882;0xdeca;0xb103;0xa100;0xe0;19441;7;2244;123;4572;12
UF;82152606;755883;0xdeca;0xb101;0xa100;0xe0;19628;7;2050;117;7032;12
UF;82152665;755884;0xdeca;0xb102;0xa101;0xe0;19121;7;1997;117;3167;12
UF;82152678;755885;0xdeca;0xa106;0xb102;0xe1;17132;7;1851;119;3090;20
UL;82152678;34279;G;6;0xa106;0xb102;0xe1;17132;7;1851;119;3090;20
UF;82152795;755886;0xdeca;0xb103;0xa104;0xe0;19408;7;2204;122;3564;12
UF;82152807;755887;0xdeca;0xb101;0xa100;0xe0;18450;7;1960;118;2438;12
UF;82152867;755888;0xdeca;0xb102;0xa102;0xe0;17103;7;1879;120;7368;12
UF;82152993;755889;0xdeca;0xb103;0xa100;0xe0;20827;7;2404;123;4703;12
UF;82153006;755890;0xdeca;0xa103;0xb103;0xe1;17439;7;2013;123;3236;20
UL;82153006;34280;D;3;0xa103;0xb103;0xe1;17439;7;2013;123;3236;20
UF;82153066;755891;0xdeca;0xb102;0xa101;0xe0;18096;7;2055;122;6867;12
UF;82153078;755892;0xdeca;0xa106;0xb102;0xe1;18478;7;1963;118;5961;20
UL;82153078;34281;G;6;0xa106;0xb102;0xe1;18478;7;1963;118;5961;20
listener debug sel=A valid=1 age=1372 level=7 good=755892 accepted=34281 badhdr=6 nonanchor=721605 toolong=0 rxerr=1676 rxen_fail=0 rxen_last=0 sys_status=0x00800002 sys_state=000505410b rx_finfo=0x0766c814 last_status=0x00801302 last_len=20 pan=0xdeca dst=0xb102 src=0xa106 code=0xe1
UF;82153210;755893;0xdeca;0xb103;0xa104;0xe0;20438;7;2283;121;6975;12
UF;82153269;755894;0xdeca;0xb102;0xa101;0xe0;17484;7;1953;121;7462;12
UF;82153396;755895;0xdeca;0xb103;0xa100;0xe0;18892;7;2007;118;3702;12
UF;82153408;755896;0xdeca;0xb101;0xa102;0xe0;19160;7;2105;120;7031;12
UF;82153467;755897;0xdeca;0xb102;0xa101;0xe0;17573;7;1963;121;7024;12
UF;82153594;755898;0xdeca;0xb103;0xa104;0xe0;19868;7;2075;117;3873;12
UF;82153606;755899;0xdeca;0xb101;0xa102;0xe0;19396;7;2131;120;7251;12
uwb any-frame t=82153666 good=755900 len=12 fctrl=8841 pan=0xdeca dst=0xa101 src=0xb102 code=0xe0 q=19532 level=7 cir=2075 rxpacc=118 fp=5291/7255/7245
UF;82153666;755900;0xdeca;0xb102;0xa101;0xe0;19532;7;2075;118;5291;12
UF;82153795;755901;0xdeca;0xb103;0xa100;0xe0;19692;7;2273;123;4743;12
UF;82153807;755902;0xdeca;0xb101;0xa102;0xe0;19594;7;2117;119;7007;12
UF;82153866;755903;0xdeca;0xb102;0xa101;0xe0;18713;7;1988;118;6797;12
UF;82153993;755904;0xdeca;0xb103;0xa104;0xe0;18354;7;1983;119;4420;12
UF;82154005;755905;0xdeca;0xa107;0xb103;0xe1;17166;7;1886;120;106;20
UL;82154005;34282;H;7;0xa107;0xb103;0xe1;17166;7;1886;120;106;20
UF;82154065;755906;0xdeca;0xb102;0xa101;0xe0;16293;7;1820;121;7164;12
UF;82154078;755907;0xdeca;0xa106;0xb102;0xe1;18122;7;1958;119;3278;20
UL;82154078;34283;G;6;0xa106;0xb102;0xe1;18122;7;1958;119;3278;20
listener debug sel=A valid=1 age=2376 level=7 good=755907 accepted=34283 badhdr=6 nonanchor=721618 toolong=0 rxerr=1676 rxen_fail=0 rxen_last=0 sys_status=0x00800002 sys_state=000505470b rx_finfo=0x0776c814 last_status=0x00801302 last_len=20 pan=0xdeca dst=0xb102 src=0xa106 code=0xe1
UF;82154214;755908;0xdeca;0xb103;0xa100;0xe0;20322;7;2384;124;5887;12
UF;82154268;755909;0xdeca;0xb102;0xa101;0xe0;20351;7;2162;118;7259;12
UF;82154395;755910;0xdeca;0xb103;0xa104;0xe0;18921;7;2184;123;4696;12
UF;82154407;755911;0xdeca;0xa100;0xb101;0xe1;18401;7;2124;123;2567;20
UL;82154407;34284;A;0;0xa100;0xb101;0xe1;18401;7;2124;123;2567;20
listener anchor=A src=0xa100 code=0xe1 level=7 q=18401 cir=2124 rxpacc=123 fp=2567/6639/6396 frames=406
UF;82154466;755912;0xdeca;0xb102;0xa102;0xe0;17984;7;1943;119;6883;12
UF;82154479;755913;0xdeca;0xa106;0xb102;0xe1;18563;7;2108;122;6404;20
UL;82154479;34285;G;6;0xa106;0xb102;0xe1;18563;7;2108;122;6404;20
UF;82154596;755914;0xdeca;0xb103;0xa100;0xe0;19558;7;2221;122;5769;12
UF;82154608;755915;0xdeca;0xb101;0xa102;0xe0;19259;7;2223;123;1622;12
UF;82154667;755916;0xdeca;0xb102;0xa101;0xe0;17546;7;1864;118;6189;12
UF;82154794;755917;0xdeca;0xb103;0xa104;0xe0;19753;7;2280;123;5022;12
UF;82154807;755918;0xdeca;0xb101;0xa100;0xe0;18860;7;2177;123;7265;12
UF;82154866;755919;0xdeca;0xb102;0xa101;0xe0;18054;7;2084;123;2008;12
UF;82154878;755920;0xdeca;0xa106;0xb102;0xe1;18395;7;2158;124;3564;20
UL;82154878;34286;G;6;0xa106;0xb102;0xe1;18395;7;2158;124;3564;20
UF;82154996;755921;0xdeca;0xb103;0xa100;0xe0;20688;7;2311;121;6807;12
UF;82155008;755922;0xdeca;0xb101;0xa100;0xe0;19068;7;2201;123;7547;12
UF;82155067;755923;0xdeca;0xb102;0xa101;0xe0;16708;7;1745;117;5815;12
listener debug sel=A valid=1 age=777 level=7 good=755923 accepted=34286 badhdr=6 nonanchor=721631 toolong=0 rxerr=1676 rxen_fail=0 rxen_last=0 sys_status=0x00800002 sys_state=000505480b rx_finfo=0x0756c80c last_status=0x00801302 last_len=12 pan=0xdeca dst=0xa101 src=0xb102 code=0xe0
UF;82155214;755924;0xdeca;0xb103;0xa104;0xe0;18832;7;2069;120;3691;12
UF;82155268;755925;0xdeca;0xb102;0xa101;0xe0;19883;7;2295;123;7544;12
UF;82155395;755926;0xdeca;0xb103;0xa100;0xe0;19890;7;2149;119;6555;12
UF;82155407;755927;0xdeca;0xb101;0xa102;0xe0;18737;7;2093;121;7623;12
UF;82155466;755928;0xdeca;0xb102;0xa101;0xe0;18450;7;2061;121;7373;12
UF;82155593;755929;0xdeca;0xb103;0xa104;0xe0;19819;7;2325;124;6932;12
UF;82155606;755930;0xdeca;0xb101;0xa100;0xe0;21563;7;2489;123;7363;12
UF;82155618;755931;0xdeca;0xb101;0xa106;0xe0;20733;7;2240;119;7596;12
UF;82155667;755932;0xdeca;0xb102;0xa101;0xe0;19935;7;2082;117;7095;12
UF;82155794;755933;0xdeca;0xb103;0xa100;0xe0;19560;7;2149;120;6469;12
UF;82155806;755934;0xdeca;0xb101;0xa100;0xe0;18513;7;2034;120;7286;12
UF;82155866;755935;0xdeca;0xb102;0xa101;0xe0;21425;7;2473;123;7489;12
UF;82155878;755936;0xdeca;0xa106;0xb102;0xe1;17502;7;1891;119;3328;20
UL;82155878;34287;G;6;0xa106;0xb102;0xe1;17502;7;1891;119;3328;20
UF;82155995;755937;0xdeca;0xb103;0xa104;0xe0;19492;7;2106;119;6956;12
UF;82156008;755938;0xdeca;0xb103;0xa107;0xe0;20062;7;2241;121;6391;12
UF;82156020;755939;0xdeca;0xa106;0xb101;0xe1;18012;7;2012;121;3829;20
UL;82156020;34288;G;6;0xa106;0xb101;0xe1;18012;7;2012;121;3829;20
UF;82156065;755940;0xdeca;0xb102;0xa102;0xe0;17995;7;2111;124;7365;12
UF;82156077;755941;0xdeca;0xb102;0xa106;0xe0;16095;7;1681;117;4619;12
listener debug sel=A valid=1 age=1781 level=7 good=755941 accepted=34288 badhdr=6 nonanchor=721647 toolong=0 rxerr=1676 rxen_fail=0 rxen_last=0 sys_status=0x00800002 sys_state=000505460b rx_finfo=0x0756c80c last_status=0x00801302 last_len=12 pan=0xdeca dst=0xa106 src=0xb102 code=0xe0
UF;82156218;755942;0xdeca;0xb103;0xa100;0xe0;19875;7;2257;122;5098;12
UF;82156267;755943;0xdeca;0xb102;0xa101;0xe0;17636;7;1970;121;3091;12
UF;82156393;755944;0xdeca;0xb103;0xa104;0xe0;19785;7;2321;124;6736;12
UF;82156406;755945;0xdeca;0xa107;0xb103;0xe1;17594;7;2064;124;6857;20
UL;82156406;34289;H;7;0xa107;0xb103;0xe1;17594;7;2064;124;6857;20
UF;82156466;755946;0xdeca;0xb102;0xa101;0xe0;16284;7;1819;121;1393;12
UF;82156478;755947;0xdeca;0xa106;0xb102;0xe1;18377;7;2019;120;5617;20
UL;82156478;34290;G;6;0xa106;0xb102;0xe1;18377;7;2019;120;5617;20
UF;82156595;755948;0xdeca;0xb103;0xa100;0xe0;18369;7;2086;122;3651;12
UF;82156608;755949;0xdeca;0xa100;0xb101;0xe1;18660;7;2119;122;4214;20
UL;82156608;34291;A;0;0xa100;0xb101;0xe1;18660;7;2119;122;4214;20
listener anchor=A src=0xa100 code=0xe1 level=7 q=18660 cir=2119 rxpacc=122 fp=4214/6619/7010 frames=407
uwb any-frame t=82156666 good=755950 len=12 fctrl=8841 pan=0xdeca dst=0xa101 src=0xb102 code=0xe0 q=18545 level=7 cir=2106 rxpacc=122 fp=6336/7311/6583
UF;82156666;755950;0xdeca;0xb102;0xa101;0xe0;18545;7;2106;122;6336;12
UF;82156796;755951;0xdeca;0xb103;0xa104;0xe0;19041;7;2092;120;3663;12
UF;82156809;755952;0xdeca;0xb101;0xa102;0xe0;19268;7;2188;122;7058;12
UF;82156868;755953;0xdeca;0xb102;0xa101;0xe0;18939;7;1978;117;6676;12
UF;82156994;755954;0xdeca;0xb103;0xa100;0xe0;21342;7;2229;117;7126;12
UF;82157007;755955;0xdeca;0xb101;0xa102;0xe0;17687;7;1911;119;7471;12
UF;82157066;755956;0xdeca;0xb102;0xa101;0xe0;16650;7;1739;117;6961;12
listener debug sel=A valid=1 age=580 level=7 good=755956 accepted=34291 badhdr=6 nonanchor=721659 toolong=0 rxerr=1676 rxen_fail=0 rxen_last=0 sys_status=0x00800002 sys_state=000505470b rx_finfo=0x0756c80c last_status=0x00801302 last_len=12 pan=0xdeca dst=0xa101 src=0xb102 code=0xe0
UF;82157218;755957;0xdeca;0xb103;0xa104;0xe0;19144;7;2174;122;5577;12
UF;82157267;755958;0xdeca;0xb102;0xa101;0xe0;17530;7;1894;119;7151;12
UF;82157394;755959;0xdeca;0xb103;0xa100;0xe0;20395;7;2316;122;6009;12
UF;82157406;755960;0xdeca;0xb101;0xa100;0xe0;18409;7;1989;119;6532;12
UF;82157465;755961;0xdeca;0xb102;0xa101;0xe0;15390;7;1635;118;6063;12
UF;82157478;755962;0xdeca;0xa106;0xb102;0xe1;17084;7;793;78;3006;20
UL;82157478;34292;G;6;0xa106;0xb102;0xe1;17084;7;793;78;3006;20
UF;82157595;755963;0xdeca;0xb103;0xa104;0xe0;20254;7;2300;122;5775;12
UF;82157607;755964;0xdeca;0xb101;0xa100;0xe0;19052;7;2235;124;5999;12
UF;82157667;755965;0xdeca;0xb102;0xa102;0xe0;17799;7;1859;117;6911;12
UF;82157793;755966;0xdeca;0xb103;0xa100;0xe0;20473;7;2212;119;3168;12
UF;82157812;755967;0xdeca;0xa100;0xb101;0xe1;6089;5;669;120;2448;20
UL;82157812;34293;A;0;0xa100;0xb101;0xe1;6089;5;669;120;2448;20
listener anchor=A src=0xa100 code=0xe1 level=5 q=6089 cir=669 rxpacc=120 fp=2448/2380/3429 frames=408
UF;82157865;755968;0xdeca;0xb102;0xa101;0xe0;16502;7;1813;120;7262;12
UF;82157877;755969;0xdeca;0xb102;0xa106;0xe0;17530;7;1926;120;7442;12
UF;82157994;755970;0xdeca;0xb103;0xa104;0xe0;19605;7;2190;121;3342;12
UF;82158006;755971;0xdeca;0xa107;0xb103;0xe1;17179;7;2048;125;5000;20
UL;82158006;34294;H;7;0xa107;0xb103;0xe1;17179;7;2048;125;5000;20
UF;82158066;755972;0xdeca;0xb102;0xa101;0xe0;18259;7;2006;120;7282;12
listener debug sel=A valid=1 age=376 level=5 good=755972 accepted=34294 badhdr=6 nonanchor=721672 toolong=0 rxerr=1677 rxen_fail=0 rxen_last=0 sys_status=0x00800002 sys_state=000505460b rx_finfo=0x0786c80c last_status=0x04800102 last_len=12 pan=0xdeca dst=0xa101 src=0xb102 code=0xe0
UF;82158218;755973;0xdeca;0xb103;0xa100;0xe0;19294;7;2191;122;5440;12
UF;82158267;755974;0xdeca;0xb102;0xa101;0xe0;18567;7;2006;119;4429;12
UF;82158393;755975;0xdeca;0xb103;0xa104;0xe0;18598;7;2112;122;5245;12
UF;82158406;755976;0xdeca;0xa107;0xb103;0xe1;16839;7;1850;120;5864;20
UL;82158406;34295;H;7;0xa107;0xb103;0xe1;16839;7;1850;120;5864;20
UF;82158466;755977;0xdeca;0xb102;0xa101;0xe0;17464;7;1824;117;3533;12
UF;82158593;755978;0xdeca;0xb103;0xa100;0xe0;19096;7;2098;120;4448;12
UF;82158605;755979;0xdeca;0xb103;0xa103;0xe0;18170;7;1148;91;4258;12
UF;82158664;755980;0xdeca;0xb102;0xa101;0xe0;16336;7;1765;119;3431;12
UF;82158677;755981;0xdeca;0xb102;0xa106;0xe0;16159;7;1835;122;2541;12
UF;82158793;755982;0xdeca;0xb103;0xa104;0xe0;19725;7;2240;122;7083;12
UF;82158806;755983;0xdeca;0xa107;0xb103;0xe1;14903;7;921;90;3799;20
UL;82158806;34296;H;7;0xa107;0xb103;0xe1;14903;7;921;90;3799;20
UF;82158865;755984;0xdeca;0xb102;0xa101;0xe0;18412;7;1956;118;4677;12
UF;82158878;755985;0xdeca;0xa106;0xb102;0xe1;19137;7;2245;124;6645;20
UL;82158878;34297;G;6;0xa106;0xb102;0xe1;19137;7;2245;124;6645;20
UF;82158995;755986;0xdeca;0xb103;0xa100;0xe0;19871;7;2111;118;6506;12
UF;82159008;755987;0xdeca;0xa100;0xb101;0xe1;18616;7;2114;122;1760;20
UL;82159008;34298;A;0;0xa100;0xb101;0xe1;18616;7;2114;122;1760;20
listener anchor=A src=0xa100 code=0xe1 level=7 q=18616 cir=2114 rxpacc=122 fp=1760/7073/6493 frames=409
UF;82159066;755988;0xdeca;0xb102;0xa101;0xe0;16711;7;1836;120;7442;12
listener debug sel=A valid=1 age=180 level=7 good=755988 accepted=34298 badhdr=6 nonanchor=721684 toolong=0 rxerr=1677 rxen_fail=0 rxen_last=0 sys_status=0x00800002 sys_state=000505470b rx_finfo=0x0786c80c last_status=0x04800102 last_len=12 pan=0xdeca dst=0xa101 src=0xb102 code=0xe0
UF;82159218;755989;0xdeca;0xb103;0xa104;0xe0;18634;7;2186;124;5167;12
UF;82159267;755990;0xdeca;0xb102;0xa102;0xe0;17009;7;1900;121;7303;12
UF;82159394;755991;0xdeca;0xb103;0xa100;0xe0;20335;7;2197;119;6294;12
UF;82159406;755992;0xdeca;0xa103;0xb103;0xe1;17127;7;1977;123;2691;20
UL;82159406;34299;D;3;0xa103;0xb103;0xe1;17127;7;1977;123;2691;20
UF;82159466;755993;0xdeca;0xb102;0xa101;0xe0;18986;7;2017;118;7275;12
UF;82159593;755994;0xdeca;0xb103;0xa104;0xe0;21599;7;2373;120;5966;12
UF;82159605;755995;0xdeca;0xa107;0xb103;0xe1;17041;7;1967;123;5148;20
UL;82159605;34300;H;7;0xa107;0xb103;0xe1;17041;7;1967;123;5148;20
UF;82159665;755996;0xdeca;0xb102;0xa101;0xe0;18262;7;2040;121;7225;12
UF;82159678;755997;0xdeca;0xa106;0xb102;0xe1;18722;7;2161;123;3708;20
UL;82159678;34301;G;6;0xa106;0xb102;0xe1;18722;7;2161;123;3708;20
UF;82159795;755998;0xdeca;0xb103;0xa100;0xe0;19338;7;2196;122;6952;12
UF;82159808;755999;0xdeca;0xb101;0xa100;0xe0;19312;7;2017;117;6878;12
uwb any-frame t=82159867 good=756000 len=12 fctrl=8841 pan=0xdeca dst=0xa101 src=0xb102 code=0xe0 q=18465 level=7 cir=1995 rxpacc=119 fp=6970/7338/5527
UF;82159867;756000;0xdeca;0xb102;0xa101;0xe0;18465;7;1995;119;6970;12
UF;82159997;756001;0xdeca;0xb103;0xa104;0xe0;21345;7;2504;124;5096;12
UF;82160009;756002;0xdeca;0xb101;0xa100;0xe0;20825;7;2288;120;7177;12
UF;82160068;756003;0xdeca;0xb102;0xa101;0xe0;18308;7;2079;122;7158;12
listener debug sel=A valid=1 age=1182 level=7 good=756003 accepted=34301 badhdr=6 nonanchor=721696 toolong=0 rxerr=1677 rxen_fail=0 rxen_last=0 sys_status=0x00800002 sys_state=000505440b rx_finfo=0x07a6c80c last_status=0x04800102 last_len=12 pan=0xdeca dst=0xa101 src=0xb102 code=0xe0
UF;82160220;756004;0xdeca;0xb103;0xa100;0xe0;20599;7;2301;121;6933;12
UF;82160269;756005;0xdeca;0xb102;0xa101;0xe0;17501;7;1955;121;1084;12
UF;82160396;756006;0xdeca;0xb103;0xa104;0xe0;21154;7;2363;121;5674;12
UF;82160408;756007;0xdeca;0xb101;0xa100;0xe0;17499;7;1859;118;7228;12
UF;82160468;756008;0xdeca;0xb102;0xa101;0xe0;17952;7;2106;124;6051;12
UF;82160594;756009;0xdeca;0xb103;0xa100;0xe0;20729;7;2354;122;5801;12
UF;82160607;756010;0xdeca;0xb101;0xa100;0xe0;11983;6;112;35;1741;12
UF;82160666;756011;0xdeca;0xb102;0xa101;0xe0;16355;7;1767;119;7241;12
UF;82160678;756012;0xdeca;0xa106;0xb102;0xe1;17524;7;1990;122;5231;20
UL;82160678;34302;G;6;0xa106;0xb102;0xe1;17524;7;1990;122;5231;20
UF;82160795;756013;0xdeca;0xb103;0xa104;0xe0;20330;7;2271;121;6000;12
UF;82160808;756014;0xdeca;0xa100;0xb101;0xe1;16871;7;1762;117;3124;20
UL;82160808;34303;A;0;0xa100;0xb101;0xe1;16871;7;1762;117;3124;20
listener anchor=A src=0xa100 code=0xe1 level=7 q=16871 cir=1762 rxpacc=117 fp=3124/6578/5071 frames=410
UF;82160866;756015;0xdeca;0xb102;0xa102;0xe0;17099;7;1910;121;7290;12
UF;82160993;756016;0xdeca;0xb103;0xa100;0xe0;19613;7;2119;119;6829;12
UF;82161006;756017;0xdeca;0xa103;0xb103;0xe1;17809;7;1860;117;2993;20
UL;82161006;34304;D;3;0xa103;0xb103;0xe1;17809;7;1860;117;2993;20
UF;82161066;756018;0xdeca;0xb102;0xa101;0xe0;19239;7;2257;124;5572;12
UF;82161078;756019;0xdeca;0xa106;0xb102;0xe1;17877;7;1997;121;4763;20
UL;82161078;34305;G;6;0xa106;0xb102;0xe1;17877;7;1997;121;4763;20
listener debug sel=A valid=1 age=382 level=7 good=756019 accepted=34305 badhdr=6 nonanchor=721708 toolong=0 rxerr=1677 rxen_fail=0 rxen_last=0 sys_status=0x00800002 sys_state=000505460b rx_finfo=0x0796c814 last_status=0x04800102 last_len=20 pan=0xdeca dst=0xb102 src=0xa106 code=0xe1
UF;82161220;756020;0xdeca;0xb103;0xa104;0xe0;22192;8;2774;128;6882;12
UF;82161264;756021;0xdeca;0xb102;0xa101;0xe0;18563;7;1972;118;7214;12
UF;82161277;756022;0xdeca;0xb102;0xa106;0xe0;18967;7;2015;118;7333;12
UF;82161393;756023;0xdeca;0xb103;0xa100;0xe0;20467;7;2401;124;6167;12
UF;82161405;756024;0xdeca;0xa103;0xb103;0xe1;17244;7;1801;117;3562;20
UL;82161405;34306;D;3;0xa103;0xb103;0xe1;17244;7;1801;117;3562;20
UF;82161465;756025;0xdeca;0xb102;0xa101;0xe0;18387;7;2088;122;7531;12
UF;82161478;756026;0xdeca;0xa104;0xb102;0xe1;17041;7;1967;123;5424;20
UL;82161478;34307;E;4;0xa104;0xb102;0xe1;17041;7;1967;123;5424;20
UF;82161595;756027;0xdeca;0xb103;0xa104;0xe0;19159;7;2070;119;4778;12
UF;82161608;756028;0xdeca;0xa102;0xb101;0xe1;17110;7;1787;117;6674;20
UL;82161608;34308;C;2;0xa102;0xb101;0xe1;17110;7;1787;117;6674;20
UF;82161667;756029;0xdeca;0xb102;0xa101;0xe0;19636;7;2086;118;7124;12
UF;82161794;756030;0xdeca;0xb103;0xa100;0xe0;19226;7;2008;117;5160;12
UF;82161807;756031;0xdeca;0xb101;0xa102;0xe0;17286;7;1963;122;6170;12
UF;82161866;756032;0xdeca;0xb102;0xa101;0xe0;16679;7;1742;117;6847;12
UF;82161993;756033;0xdeca;0xb103;0xa104;0xe0;19198;7;2216;123;6526;12
UF;82162005;756034;0xdeca;0xa107;0xb103;0xe1;17066;7;1813;118;6013;20
UL;82162005;34309;H;7;0xa107;0xb103;0xe1;17066;7;1813;118;6013;20
UF;82162065;756035;0xdeca;0xb102;0xa101;0xe0;18835;7;2035;119;6156;12
UF;82162078;756036;0xdeca;0xa106;0xb102;0xe1;17207;7;1828;118;5291;20
UL;82162078;34310;G;6;0xa106;0xb102;0xe1;17207;7;1828;118;5291;20
listener debug sel=A valid=1 age=1382 level=7 good=756036 accepted=34310 badhdr=6 nonanchor=721720 toolong=0 rxerr=1677 rxen_fail=0 rxen_last=0 sys_status=0x00800002 sys_state=000505450b rx_finfo=0x0766c814 last_status=0x04800102 last_len=20 pan=0xdeca dst=0xb102 src=0xa106 code=0xe1
UF;82162220;756037;0xdeca;0xb103;0xa100;0xe0;20492;7;2177;118;6538;12
UF;82162269;756038;0xdeca;0xb102;0xa101;0xe0;19401;7;2276;124;3813;12
UF;82162395;756039;0xdeca;0xb103;0xa104;0xe0;19560;7;2149;120;4617;12
UF;82162408;756040;0xdeca;0xa100;0xb101;0xe1;18105;7;2056;122;5808;20
UL;82162408;34311;A;0;0xa100;0xb101;0xe1;18105;7;2056;122;5808;20
listener anchor=A src=0xa100 code=0xe1 level=7 q=18105 cir=2056 rxpacc=122 fp=5808/5994/6776 frames=411
UF;82162467;756041;0xdeca;0xb102;0xa102;0xe0;17023;7;1997;124;1345;12
UF;82162593;756042;0xdeca;0xb103;0xa100;0xe0;19937;7;2154;119;6920;12
UF;82162606;756043;0xdeca;0xa103;0xb103;0xe1;16128;7;1892;124;3147;20
UL;82162606;34312;D;3;0xa103;0xb103;0xe1;16128;7;1892;124;3147;20
UF;82162666;756044;0xdeca;0xb102;0xa101;0xe0;17075;7;1876;120;2525;12
UF;82162678;756045;0xdeca;0xa106;0xb102;0xe1;16913;7;1677;114;4817;20
UL;82162678;34313;G;6;0xa106;0xb102;0xe1;16913;7;1677;114;4817;20
UF;82162795;756046;0xdeca;0xb103;0xa104;0xe0;18522;7;2069;121;7294;12
UF;82162808;756047;0xdeca;0xb101;0xa100;0xe0;16174;7;1777;120;7549;12
UF;82162867;756048;0xdeca;0xb102;0xa101;0xe0;17308;7;1870;119;7114;12
UF;82162994;756049;0xdeca;0xb103;0xa100;0xe0;19151;7;2283;125;7270;12
uwb any-frame t=82163006 good=756050 len=20 fctrl=8841 pan=0xdeca dst=0xb103 src=0xa103 code=0xe1 q=11184 level=6 cir=82 rxpacc=31 fp=822/934/713
UF;82163006;756050;0xdeca;0xa103;0xb103;0xe1;11184;6;82;31;822;20
UL;82163006;34314;D;3;0xa103;0xb103;0xe1;11184;6;82;31;822;20
UF;82163068;756051;0xdeca;0xb102;0xa101;0xe0;18583;7;2180;124;7487;12
listener debug sel=A valid=1 age=782 level=7 good=756051 accepted=34314 badhdr=6 nonanchor=721731 toolong=0 rxerr=1677 rxen_fail=0 rxen_last=0 sys_status=0x00800002 sys_state=000505480b rx_finfo=0x07c6c80c last_status=0x04800102 last_len=12 pan=0xdeca dst=0xa101 src=0xb102 code=0xe0
UF;82163220;756052;0xdeca;0xb103;0xa104;0xe0;19485;7;2070;118;5368;12
UF;82163269;756053;0xdeca;0xb102;0xa101;0xe0;21443;7;2435;122;7421;12
UF;82163395;756054;0xdeca;0xb103;0xa100;0xe0;18546;7;1937;117;3343;12
UF;82163408;756055;0xdeca;0xa102;0xb101;0xe1;16977;7;958;86;4862;20
UL;82163408;34315;C;2;0xa102;0xb101;0xe1;16977;7;958;86;4862;20
UF;82163468;756056;0xdeca;0xb102;0xa101;0xe0;19819;7;2325;124;7582;12
UF;82163594;756057;0xdeca;0xb103;0xa104;0xe0;19094;7;2063;119;7076;12
UF;82163607;756058;0xdeca;0xb101;0xa100;0xe0;21439;7;2515;124;7358;12
UF;82163666;756059;0xdeca;0xb102;0xa101;0xe0;19415;7;2133;120;6892;12
UF;82163793;756060;0xdeca;0xb103;0xa100;0xe0;21036;7;2197;117;5640;12
UF;82163805;756061;0xdeca;0xa103;0xb103;0xe1;17546;7;1960;121;4658;20
UL;82163805;34316;D;3;0xa103;0xb103;0xe1;17546;7;1960;121;4658;20
UF;82163865;756062;0xdeca;0xb102;0xa101;0xe0;17497;7;1987;122;7243;12
UF;82163878;756063;0xdeca;0xa106;0xb102;0xe1;18211;7;2068;122;4010;20
UL;82163878;34317;G;6;0xa106;0xb102;0xe1;18211;7;2068;122;4010;20
UF;82163995;756064;0xdeca;0xb103;0xa104;0xe0;20250;7;2262;121;4698;12
UF;82164007;756065;0xdeca;0xb103;0xa107;0xe0;17928;7;1937;119;6040;12
UF;82164020;756066;0xdeca;0xa107;0xb101;0xe1;15756;7;1760;121;5873;20
UL;82164020;34318;H;7;0xa107;0xb101;0xe1;15756;7;1760;121;5873;20
UF;82164069;756067;0xdeca;0xb102;0xa102;0xe0;16590;7;1915;123;4878;12
listener debug sel=A valid=1 age=1782 level=7 good=756067 accepted=34318 badhdr=6 nonanchor=721743 toolong=0 rxerr=1677 rxen_fail=0 rxen_last=0 sys_status=0x00800002 sys_state=000505450b rx_finfo=0x07b6c80c last_status=0x04800102 last_len=12 pan=0xdeca dst=0xa102 src=0xb102 code=0xe0
UF;82164221;756068;0xdeca;0xb103;0xa100;0xe0;19631;7;2303;124;3363;12
UF;82164264;756069;0xdeca;0xb102;0xa101;0xe0;20015;7;2386;125;4632;12
UF;82164277;756070;0xdeca;0xb102;0xa106;0xe0;19727;7;2277;123;5958;12
UF;82164393;756071;0xdeca;0xb103;0xa104;0xe0;19836;7;2327;124;6654;12
UF;82164405;756072;0xdeca;0xa107;0xb103;0xe1;17825;7;2125;125;5046;20
UL;82164405;34319;H;7;0xa107;0xb103;0xe1;17825;7;2125;125;5046;20
UF;82164465;756073;0xdeca;0xb102;0xa101;0xe0;16429;7;1775;119;7178;12
UF;82164478;756074;0xdeca;0xa106;0xb102;0xe1;19109;7;2170;122;5828;20
UL;82164478;34320;G;6;0xa106;0xb102;0xe1;19109;7;2170;122;5828;20
UF;82164595;756075;0xdeca;0xb103;0xa100;0xe0;20463;7;2362;123;5879;12
UF;82164607;756076;0xdeca;0xa100;0xb101;0xe1;19938;7;2339;124;5572;20
UL;82164607;34321;A;0;0xa100;0xb101;0xe1;19938;7;2339;124;5572;20
listener anchor=A src=0xa100 code=0xe1 level=7 q=19938 cir=2339 rxpacc=124 fp=5572/6734/7066 frames=412
UF;82164666;756077;0xdeca;0xb102;0xa101;0xe0;17685;7;1847;117;6678;12
UF;82164793;756078;0xdeca;0xb103;0xa104;0xe0;22112;8;2349;118;6116;12
UF;82164805;756079;0xdeca;0xa107;0xb103;0xe1;16938;7;1769;117;4178;20
UL;82164805;34322;H;7;0xa107;0xb103;0xe1;16938;7;1769;117;4178;20
UF;82164865;756080;0xdeca;0xb102;0xa101;0xe0;17833;7;2092;124;7553;12
UF;82164878;756081;0xdeca;0xa104;0xb102;0xe1;16174;7;1867;123;6051;20
UL;82164878;34323;E;4;0xa104;0xb102;0xe1;16174;7;1867;123;6051;20
UF;82164995;756082;0xdeca;0xb103;0xa100;0xe0;19426;7;2206;122;4018;12
UF;82165007;756083;0xdeca;0xb101;0xa102;0xe0;18200;7;2033;121;7187;12
UF;82165067;756084;0xdeca;0xb102;0xa101;0xe0;18950;7;2082;120;7205;12
UF;82165193;756085;0xdeca;0xb103;0xa104;0xe0;19768;7;2100;118;5994;12
listener debug sel=A valid=1 age=586 level=7 good=756085 accepted=34323 badhdr=6 nonanchor=721756 toolong=0 rxerr=1677 rxen_fail=0 rxen_last=0 sys_status=0x00800102 sys_state=0000010000 rx_finfo=0x03d6c014 last_status=0x04800102 last_len=12 pan=0xdeca dst=0xa104 src=0xb103 code=0xe0
UF;82165231;756086;0xdeca;0xa107;0xb103;0xe1;14935;7;424;61;53;20
UL;82165231;34324;H;7;0xa107;0xb103;0xe1;14935;7;424;61;53;20
UF;82165264;756087;0xdeca;0xb102;0xa101;0xe0;18299;7;2078;122;7689;12
UF;82165277;756088;0xdeca;0xb102;0xa106;0xe0;17641;7;1906;119;7142;12
UF;82165393;756089;0xdeca;0xb103;0xa100;0xe0;20927;7;2455;124;6893;12
UF;82165406;756090;0xdeca;0xa103;0xb103;0xe1;18284;7;2145;124;2524;20
UL;82165406;34325;D;3;0xa103;0xb103;0xe1;18284;7;2145;124;2524;20
UF;82165465;756091;0xdeca;0xb102;0xa101;0xe0;18085;7;1954;119;6936;12
UF;82165478;756092;0xdeca;0xa106;0xb102;0xe1;19120;7;2207;123;6229;20
UL;82165478;34326;G;6;0xa106;0xb102;0xe1;19120;7;2207;123;6229;20
UF;82165595;756093;0xdeca;0xb103;0xa104;0xe0;18878;7;2179;123;6415;12
UF;82165608;756094;0xdeca;0xa100;0xb101;0xe1;18470;7;1929;117;2134;20
UL;82165608;34327;A;0;0xa100;0xb101;0xe1;18470;7;1929;117;2134;20
listener anchor=A src=0xa100 code=0xe1 level=7 q=18470 cir=1929 rxpacc=117 fp=2134/6712/6247 frames=413
UF;82165666;756095;0xdeca;0xb102;0xa102;0xe0;17383;7;1974;122;7124;12
UF;82165793;756096;0xdeca;0xb103;0xa100;0xe0;21635;7;2538;124;6866;12
UF;82165806;756097;0xdeca;0xa103;0xb103;0xe1;16915;7;1797;118;3147;20
UL;82165806;34328;D;3;0xa103;0xb103;0xe1;16915;7;1797;118;3147;20
UF;82165866;756098;0xdeca;0xb102;0xa101;0xe0;17336;7;1873;119;6983;12
UF;82165992;756099;0xdeca;0xb103;0xa104;0xe0;19120;7;2243;124;4873;12
uwb any-frame t=82166005 good=756100 len=20 fctrl=8841 pan=0xdeca dst=0xb103 src=0xa107 code=0xe1 q=17344 level=7 cir=2002 rxpacc=123 fp=5853/5871/4482
UF;82166005;756100;0xdeca;0xa107;0xb103;0xe1;17344;7;2002;123;5853;20
UL;82166005;34329;H;7;0xa107;0xb103;0xe1;17344;7;2002;123;5853;20
UF;82166068;756101;0xdeca;0xb102;0xa101;0xe0;18808;7;2171;123;5461;12
UF;82166194;756102;0xdeca;0xb103;0xa100;0xe0;21593;7;2333;119;6567;12
listener debug sel=A valid=1 age=586 level=7 good=756102 accepted=34329 badhdr=6 nonanchor=721767 toolong=0 rxerr=1677 rxen_fail=0 rxen_last=0 sys_status=0x00800002 sys_state=000505480b rx_finfo=0x0776c80c last_status=0x04800102 last_len=12 pan=0xdeca dst=0xa100 src=0xb103 code=0xe0
UF;82166232;756103;0xdeca;0xb103;0xa103;0xe0;19686;7;2199;121;6692;12
UF;82166265;756104;0xdeca;0xb102;0xa101;0xe0;17674;7;2007;122;3837;12
UF;82166278;756105;0xdeca;0xa104;0xb102;0xe1;16986;7;1774;117;6826;20
UL;82166278;34330;E;4;0xa104;0xb102;0xe1;16986;7;1774;117;6826;20
UF;82166395;756106;0xdeca;0xb103;0xa104;0xe0;19159;7;2001;117;6866;12
UF;82166408;756107;0xdeca;0xb103;0xa107;0xe0;19214;7;2111;120;4027;12
UF;82166420;756108;0xdeca;0xb101;0xa107;0xe0;19400;7;2096;119;6999;12
UF;82166469;756109;0xdeca;0xb102;0xa101;0xe0;17698;7;1977;121;826;12
UF;82166596;756110;0xdeca;0xb103;0xa100;0xe0;21672;7;2461;122;6696;12
UF;82166608;756111;0xdeca;0xa102;0xb101;0xe1;18128;7;2025;121;7037;20
UL;82166608;34331;C;2;0xa102;0xb101;0xe1;18128;7;2025;121;7037;20
