experiment_id,deployability,description,track_count,capture_count,sample_err3d_n,sample_err3d_p50_mm,sample_err3d_p90_mm,sample_err3d_p95_mm,sample_err3d_rmse_mm,sample_err_horizontal_xz_n,sample_err_horizontal_xz_p50_mm,sample_err_horizontal_xz_p90_mm,sample_err_horizontal_xz_p95_mm,sample_err_horizontal_xz_rmse_mm,sample_err_vertical_y_n,sample_err_vertical_y_p50_mm,sample_err_vertical_y_p90_mm,sample_err_vertical_y_p95_mm,sample_err_vertical_y_rmse_mm,trackmedian_err3d_p50_mm,trackmedian_err3d_p95_mm,trackmedian_err3d_rmse_mm,trackmedian_horizontal_xz_p95_mm,trackmedian_vertical_y_p95_mm,trackmedian_turn_center_abs_error_3d_mm,trackmedian_turn_center_abs_error_xz_mm,trackmedian_turn_center_abs_error_y_mm,trackmedian_radius_error_abs_mm,trackmedian_circle_thickness_rms_mm,trackmedian_circle_thickness_p95_mm,imu_only_endpoint_drift_3d_trackmedian_mm,imu_only_endpoint_drift_xz_trackmedian_mm,imu_only_drift_rate_3d_trackmedian_mm_s,uwb_update_accept_rate_trackmedian,uwb_innovation_nis_trackmedian,uwb_innovation_nis_p95_trackmedian,raw_range_ge4_ratio_trackmedian,raw_range_full8_ratio_trackmedian,capture_pair_count,legacy_deltaR_error_rms_mm,legacy_abs_deltaR_error_median_mm,legacy_abs_deltaR_error_p95_mm,A,L,I,T,kind,seed_id,experiment_uid,U,P,R
X_A0_L5_I0_T11,imu_only_diagnostic_screening,Phase4 L5 single-I T11.,34,17,40661,4097.3965535989,17223.39703943609,22174.795470395806,10262.755853174294,40661,2646.289593857922,13241.33070252822,17332.813382136894,7675.624159273776,40661,1772.1164825619728,11356.613971140323,15215.037812654466,6812.411575017763,4487.610244399553,17672.11429775296,8733.463917128534,13175.631323833735,10784.156204578432,11671.752513008807,10836.623169464681,2897.593758794843,8162.341876516142,498.58422203364734,916.4509732125221,19396.018482316747,14719.292904605272,163.093003526968,nan,nan,nan,nan,nan,17,29684.202739594664,9349.498999270601,54573.53075029328,A0,L5,I0,T11,imu_only,S01,X_A0_L5_I0_T11__S01,,,
X_A0_L5_I0_T12,imu_only_diagnostic_screening,Phase4 L5 single-I T12.,34,17,40661,4098.374765683744,17222.490461940353,22174.973879775855,10262.750137184661,40661,2646.176635538314,13240.038920795552,17336.457574917527,7675.619926906166,40661,1771.5353201500225,11354.6692181921,15212.879017855606,6812.4077326569895,4486.868612334556,17671.901034255607,8733.457673851008,13174.287889879997,10783.777827057234,11706.895670102407,10870.553093978933,2898.530260529068,8196.110087767302,497.0375348395984,913.1741290010026,19396.018482316747,14719.292904605272,163.093003526968,nan,nan,nan,nan,nan,17,29726.37077673167,9415.243804047239,54695.16220991388,A0,L5,I0,T12,imu_only,S01,X_A0_L5_I0_T12__S01,,,
X_A0_L5_I1_T11,imu_only_diagnostic_screening,Phase4 L5 single-I T11.,34,17,40661,2278.2702079469977,9695.199549532212,12203.020763781158,5370.168363604168,40661,1548.3977428416258,7712.223527851377,9896.182634288201,4386.096311584866,40661,906.4511249675426,4985.870401601533,7206.965323029712,3098.526649708971,2594.0554178389884,9894.091176386915,4719.49827425536,7758.349393881934,4358.921940434413,5421.179873541713,5127.361146068255,1189.9892163771356,3217.085134647875,593.4351751447,1105.0624592891663,11208.49847677397,8682.728836622775,93.48782095094936,nan,nan,nan,nan,nan,17,12019.433857485463,3971.864120003969,31064.08463705843,A0,L5,I1,T11,imu_only,S01,X_A0_L5_I1_T11__S01,,,
X_A0_L5_I1_T12,imu_only_diagnostic_screening,Phase4 L5 single-I T12.,34,17,40661,2278.0048768086926,9696.597263616395,12203.695118736356,5370.1658246527395,40661,1548.3457153733057,7712.268502639923,9895.39848160398,4386.094345252017,40661,906.4736505797039,4985.869613660546,7207.244414624719,3098.525032788426,2594.739266278952,9892.725948293526,4719.495914841053,7758.048806344884,4358.744842442305,5426.384139758363,5132.462466857115,1190.322923078279,3225.006043728914,592.1279825300719,1103.3587614464411,11208.49847677397,8682.728836622775,93.48782095094936,nan,nan,nan,nan,nan,17,12041.607281197586,4004.346532396099,31144.19848691306,A0,L5,I1,T12,imu_only,S01,X_A0_L5_I1_T12__S01,,,
X_A0_L5_I2_T11,imu_only_diagnostic_screening,Phase4 L5 single-I T11.,34,17,40661,2257.474314941198,9083.979502476825,11032.358740793252,5147.847972136868,40661,1601.9562948127827,7276.757391168582,9642.544233915416,4213.554089156108,40661,1025.5034664518075,5235.38322188776,7161.4051947618955,2957.4145265737607,2717.6911475250454,9971.839744593814,5143.355596449252,7120.6917083335975,4614.15648088172,4461.555285873893,4269.0325330423,1007.7991031833945,3671.143019996597,613.661009011854,1109.4575229930406,11030.62287185511,7927.060246333501,91.96990129364684,nan,nan,nan,nan,nan,17,7305.932668687863,2458.496885349996,14504.629638976234,A0,L5,I2,T11,imu_only,S01,X_A0_L5_I2_T11__S01,,,
X_A0_L5_I2_T12,imu_only_diagnostic_screening,Phase4 L5 single-I T12.,34,17,40661,2257.179113622276,9084.235869599075,11032.281605142576,5147.8453403496715,40661,1601.955949199721,7276.414061627272,9643.443035402322,4213.5519132209865,40661,1025.1806222130338,5235.499965397228,7160.983014273841,2957.413045678874,2718.3147993335588,9971.590590839412,5143.353971650147,7120.828381157762,4614.634974609392,4465.182008511139,4270.578852750735,1006.4038318209344,3676.1299516366953,610.857500160684,1104.3501236475015,11030.62287185511,7927.060246333501,91.96990129364684,nan,nan,nan,nan,nan,17,7333.033364086876,2464.0691684410463,14572.588232714155,A0,L5,I2,T12,imu_only,S01,X_A0_L5_I2_T12__S01,,,
X_A0_L5_I3_T11,imu_only_diagnostic_screening,Phase4 L5 single-I T11.,34,17,40661,1587.2163692971471,6700.492705030021,8785.35688079133,3849.088007805358,40661,1081.852119611006,5517.584272425406,7474.629684222724,3246.851753867914,40661,580.6326895668091,3471.3998458011793,4550.078331085229,2067.2281393779144,1627.960575083779,6871.662390476333,3244.4003903020057,5351.905594789181,3586.8217308237877,3514.755954221215,3318.138861857793,968.9820023938396,2437.3817098385716,554.2738826203429,1020.2064624075451,7781.362543607545,6044.6869262588425,64.87982767854497,nan,nan,nan,nan,nan,17,5912.304475050257,1644.1452727695146,12727.172107690325,A0,L5,I3,T11,imu_only,S01,X_A0_L5_I3_T11__S01,,,
X_A0_L5_I3_T12,imu_only_diagnostic_screening,Phase4 L5 single-I T12.,34,17,40661,1587.127959603071,6700.793027216435,8786.236174087746,3849.086724018415,40661,1081.8777536421649,5518.631780614386,7474.86563355549,3246.8504898998212,40661,580.5512139212985,3471.587122316592,4550.736016720902,2067.2277342499315,1628.761489107323,6871.522842433977,3244.398446909343,5351.463616258721,3588.9583173991427,3514.7795553747656,3323.293370109175,970.0382054118959,2439.445431387212,553.1593995913936,1018.4359961507863,7781.362543607545,6044.6869262588425,64.87982767854497,nan,nan,nan,nan,nan,17,5923.648131430134,1644.711541659196,12758.87068214008,A0,L5,I3,T12,imu_only,S01,X_A0_L5_I3_T12__S01,,,
X_A0_L5_I4_T11,imu_only_diagnostic_screening,Phase4 L5 single-I T11.,34,17,40661,1535.447507464064,6529.087107595516,8127.336078602908,3658.1664628369244,40661,1119.9472789053812,5502.359033906978,7072.043423648204,3088.160057551942,40661,457.5903254620332,3344.7651843508593,4602.093346833123,1960.981725760238,1810.8947017783844,7090.838660765736,3454.317317477951,5606.741201187851,2737.123174441432,3736.782684569872,3532.5220326440967,638.4105570339705,2119.0813002495092,593.886036854623,1139.0381473581901,7953.195563509942,6194.53366319594,66.31360252922762,nan,nan,nan,nan,nan,17,3525.940061080719,1485.3151452857737,5850.3817871588235,A0,L5,I4,T11,imu_only,S01,X_A0_L5_I4_T11__S01,,,
X_A0_L5_I4_T12,imu_only_diagnostic_screening,Phase4 L5 single-I T12.,34,17,40661,1535.0349474283198,6525.900705226122,8126.753015530716,3658.165153181837,40661,1119.9699998573715,5502.35284278047,7073.515215008436,3088.159028081821,40661,457.2102451597916,3345.402366690916,4601.314640929356,1960.9809038414005,1812.566161398782,7090.163280288918,3454.314771982025,5606.316148730537,2736.9178881217945,3742.34309484225,3538.167082854139,638.2571424872623,2122.334326652011,591.8719193105821,1133.1002588870447,7953.195563509942,6194.53366319594,66.31360252922762,nan,nan,nan,nan,nan,17,3533.7738471999246,1487.4737165045653,5862.804164187461,A0,L5,I4,T12,imu_only,S01,X_A0_L5_I4_T12__S01,,,
X_A0_L5_I5_T11,imu_only_diagnostic_screening,Phase4 L5 single-I T11.,34,17,40661,1279.1739899722484,5104.761766224908,6550.113127852782,2947.3959963909488,40661,877.7440635477079,3829.0510212710747,5018.405320538782,2234.7348455417427,40661,461.8439896982286,3109.3823277199836,4297.716483869386,1921.7448659129848,1378.1581171087419,5174.695115424272,2435.8624953350936,3734.5784091024234,2549.931192790632,2453.2250346308138,1959.3576390962905,706.2129895401916,1444.0972321990646,385.94495083998584,753.327496382089,5868.560821136738,4122.456621553492,48.926676565547695,nan,nan,nan,nan,nan,17,3849.260699487514,1078.5442108551429,8468.577287045502,A0,L5,I5,T11,imu_only,S01,X_A0_L5_I5_T11__S01,,,
X_A0_L5_I5_T12,imu_only_diagnostic_screening,Phase4 L5 single-I T12.,34,17,40661,1278.9032490065583,5104.341423749594,6550.763889004826,2947.3960659388904,40661,877.895908148686,3828.152866456771,5018.427248376124,2234.7352960950593,40661,461.93941924976843,3109.469971110843,4298.5402289384265,1921.7444486452862,1377.7572807484944,5175.982141455113,2435.8629518868556,3733.903938942364,2550.419839724186,2452.0584764673567,1960.5154794859195,705.586910740815,1443.8513366205038,385.0009531967884,751.6061965474123,5868.560821136738,4122.456621553492,48.926676565547695,nan,nan,nan,nan,nan,17,3856.2487584195605,1080.1220666702773,8477.653417637881,A0,L5,I5,T12,imu_only,S01,X_A0_L5_I5_T12__S01,,,
X_A0_L5_I6_T11,imu_only_diagnostic_screening,Phase4 L5 single-I T11.,34,17,40661,1553.464246919812,6349.635240620916,8215.971731709045,3729.7013164251666,40661,1077.2559550794801,4784.268582759564,6152.331779168731,2680.54127670402,40661,603.9495520748552,4229.473303095553,5877.8834041060545,2593.331905797945,1767.2151447124315,6277.043656063463,3141.4817938288493,4774.566826283133,3386.014458433498,3404.9634119272055,3240.049775964141,682.8837250338444,1928.0648985514072,486.43507656222323,902.3922991028951,6915.007058593037,5316.597194334157,57.656722897922265,nan,nan,nan,nan,nan,17,10107.194548354892,1866.635828216479,14858.981843395057,A0,L5,I6,T11,imu_only,S01,X_A0_L5_I6_T11__S01,,,
X_A0_L5_I6_T12,imu_only_diagnostic_screening,Phase4 L5 single-I T12.,34,17,40661,1553.7362447895978,6349.534311047675,8216.247220740252,3729.700629262461,40661,1076.9911981342702,4784.336468224055,6152.111226663983,2680.54157554431,40661,603.9653096122738,4229.191839792855,5878.2983548744105,2593.330608638094,1767.2613069088711,6277.676934708781,3141.481119350062,4773.553479120499,3385.781176173513,3406.8231890242214,3241.240255757706,682.2644990408966,1930.9228638697791,485.2840290351886,901.0032930272339,6915.007058593037,5316.597194334157,57.656722897922265,nan,nan,nan,nan,nan,17,10120.173225191693,1875.5289821476085,14871.877144402857,A0,L5,I6,T12,imu_only,S01,X_A0_L5_I6_T12__S01,,,
X_A0_L5_I7_T11,imu_only_diagnostic_screening,Phase4 L5 single-I T11.,34,17,40661,2326.890238413129,9298.271693764378,11564.104729677169,5300.966179420862,40661,1578.5462170518701,6944.406355848558,8663.606697871031,3980.041343349919,40661,921.6151213293094,5977.630954801241,8200.12152918965,3501.35878489897,2716.1485296648716,10101.138386383904,5034.4461416947615,7244.105711900296,4868.065496168504,5471.071014446365,5049.688617593298,1143.9334247684656,3165.6109442754696,519.0675607130454,968.0935480117137,11167.356885163614,8172.908980541291,93.11296597303624,nan,nan,nan,nan,nan,17,7043.415451818941,5142.515709438117,11734.879288662636,A0,L5,I7,T11,imu_only,S01,X_A0_L5_I7_T11__S01,,,
X_A0_L5_I7_T12,imu_only_diagnostic_screening,Phase4 L5 single-I T12.,34,17,40661,2325.827450036137,9296.916973283538,11563.191230318645,5300.963368798178,40661,1578.2382580948918,6944.786574541438,8664.066311041455,3980.0395048660757,40661,921.9182020409693,5978.041598241099,8201.393603422934,3501.3566195184294,2716.0196250870713,10101.019883234454,5034.443497222413,7243.661439506167,4867.919856269364,5477.896098341736,5054.893870810521,1144.5910092750773,3172.189731993899,516.3073739982295,962.8409930238506,11167.356885163614,8172.908980541291,93.11296597303624,nan,nan,nan,nan,nan,17,7063.626921299646,5166.627008066104,11798.107436886417,A0,L5,I7,T12,imu_only,S01,X_A0_L5_I7_T12__S01,,,
X_A0_L5_I8_T11,imu_only_diagnostic_screening,Phase4 L5 single-I T11.,34,17,40661,1689.737790280752,6731.06415316951,8332.098845400218,3862.299933762989,40661,1278.6801386611178,5872.18238524008,7397.737017084813,3341.088093936343,40661,438.4788410752807,2939.0929490072604,4270.175941888852,1937.6509300961316,1842.8105083469995,7226.764940599025,3522.344354238646,6273.272489813679,2376.381851350008,3667.5395430625395,3520.949708209781,603.7135197694679,2206.9489442691315,652.1118894260962,1215.73066301385,8051.9913558475855,6972.959461209703,67.12982773032186,nan,nan,nan,nan,nan,17,14820.089472292231,1508.9894347404947,18143.72848500274,A0,L5,I8,T11,imu_only,S01,X_A0_L5_I8_T11__S01,,,
X_A0_L5_I8_T12,imu_only_diagnostic_screening,Phase4 L5 single-I T12.,34,17,40661,1689.22575570368,6731.108781841427,8332.51181078609,3862.2984492110836,40661,1279.2538815962248,5872.338239184824,7399.004022385893,3341.086324027923,40661,438.51727775183144,2938.98869313153,4269.308092509605,1937.6510228036218,1842.0949376762042,7225.734535316955,3522.340551733254,6273.785380082852,2376.3632699111067,3671.587823052687,3524.8007834531736,604.418670588762,2208.1561767631024,651.0711132595051,1212.9895710176013,8051.9913558475855,6972.959461209703,67.12982773032186,nan,nan,nan,nan,nan,17,14838.435186529998,1513.4663642930223,18158.675180267433,A0,L5,I8,T12,imu_only,S01,X_A0_L5_I8_T12__S01,,,
X_A1_L5_I0_T11,imu_only_diagnostic_screening,Phase4 L5 single-I T11.,34,17,40661,5111.593905295498,22488.64843772428,27519.60938215946,12509.676186459086,40661,3321.288732368571,16535.79642320065,20696.82675238394,9345.890722705188,40661,2130.9436088198095,15382.45705752495,20154.680891901495,8315.426921650786,6312.3939690465195,24146.347957905753,11887.855819725526,18029.262431388317,12074.978761305818,17658.050702348035,16811.465197717942,2724.5067386991914,13949.454455657611,496.26715826654083,909.9445405831036,26771.87893577606,20260.454137973262,223.2988696166346,nan,nan,nan,nan,nan,17,43660.54811607725,13694.326132737147,88597.76800013559,A1,L5,I0,T11,imu_only,S01,X_A1_L5_I0_T11__S01,,,
X_A1_L5_I0_T12,imu_only_diagnostic_screening,Phase4 L5 single-I T12.,34,17,40661,5111.035513820033,22489.85013959253,27515.661003691224,12509.668460758254,40661,3322.131460016481,16537.227357322612,20695.765169033526,9345.884897279326,40661,2131.089179314787,15383.09794633167,20153.66730219625,8315.421846478745,6312.111257299148,24146.885264476405,11887.84956988435,18027.664372650517,12075.886909951714,17719.46252110434,16875.483612461096,2721.78648922385,13996.249658032491,494.3680079137379,907.4352184363497,26771.87893577606,20260.454137973262,223.2988696166346,nan,nan,nan,nan,nan,17,43717.945473919914,13768.847785198563,88679.10975279544,A1,L5,I0,T12,imu_only,S01,X_A1_L5_I0_T12__S01,,,
X_A1_L5_I1_T11,imu_only_diagnostic_screening,Phase4 L5 single-I T11.,34,17,40661,2248.347205053166,9632.963614117849,11909.366577164186,5459.006789560845,40661,1522.9156908583707,7437.973825712754,9525.844987624847,4266.666401909384,40661,882.7960253167578,5669.252620450976,7536.9349916435385,3405.3359516043406,2524.2268502037396,10988.364813036533,5308.484840446883,7820.8447357976065,5561.3685101698775,5745.705677655018,5493.6850197637405,1361.585050601741,3704.351530446416,601.4554820057361,1104.9097916499077,12297.55764570929,8627.002436053457,102.56398203947211,nan,nan,nan,nan,nan,17,13660.272641115964,2968.593420865519,35578.46270087898,A1,L5,I1,T11,imu_only,S01,X_A1_L5_I1_T11__S01,,,
X_A1_L5_I1_T12,imu_only_diagnostic_screening,Phase4 L5 single-I T12.,34,17,40661,2248.933675425848,9631.948890319363,11910.980892018222,5459.003361232479,40661,1522.690660531278,7435.546181450163,9525.933008684739,4266.663708074342,40661,882.6077140381482,5670.200006684618,7536.6468764127685,3405.3338309406327,2525.9452233991947,10987.945722107448,5308.480663375705,7821.2360515870805,5561.057063224311,5751.499518180171,5505.546681797426,1361.7840817804426,3714.5964751678794,600.3289873825807,1105.4570868640958,12297.55764570929,8627.002436053457,102.56398203947211,nan,nan,nan,nan,nan,17,13688.069431079914,2975.4040162709007,35689.25486850078,A1,L5,I1,T12,imu_only,S01,X_A1_L5_I1_T12__S01,,,
X_A1_L5_I2_T11,imu_only_diagnostic_screening,Phase4 L5 single-I T11.,34,17,40661,2767.635334492713,10881.328784217843,13208.102907075972,6090.297615437702,40661,1907.2999515759975,8502.881033500707,11116.768139491423,4890.868769373961,40661,947.5540899641658,6705.827243216019,8969.290216547408,3629.2048337574706,3064.816010080802,12532.986467526713,6014.840180451767,8357.031071106561,4792.328658776767,6895.709279966883,6770.812254366856,1104.087691758033,3913.0798273982136,519.9132976613138,975.5778138266423,14063.44641516396,9273.091865717573,117.3029410338915,nan,nan,nan,nan,nan,17,10836.883197454576,5917.120971772496,20893.311397194808,A1,L5,I2,T11,imu_only,S01,X_A1_L5_I2_T11__S01,,,
X_A1_L5_I2_T12,imu_only_diagnostic_screening,Phase4 L5 single-I T12.,34,17,40661,2767.3298057558945,10881.267114022046,13207.565089750291,6090.293913571224,40661,1907.3713333417074,8502.017452676704,11116.56407502933,4890.865673863834,40661,947.7729532128607,6705.479853982602,8969.002076527562,3629.2027931631433,3062.9358388989976,12532.303837068761,6014.835320806589,8357.221909608597,4791.507711254377,6897.540302026207,6772.316786794638,1103.9811145748877,3923.251749966592,517.6570924792036,971.9995317335404,14063.44641516396,9273.091865717573,117.3029410338915,nan,nan,nan,nan,nan,17,10876.007089819614,5946.249449315601,20961.049302085008,A1,L5,I2,T12,imu_only,S01,X_A1_L5_I2_T12__S01,,,
X_A1_L5_I3_T11,imu_only_diagnostic_screening,Phase4 L5 single-I T11.,34,17,40661,1402.7963762653483,6118.271238522778,7807.360078421796,3455.9392120578073,40661,1067.632314881761,5037.7625321522,6834.689247972135,2978.3536603338407,40661,482.03072747191203,2843.231941947389,4169.906611108273,1752.976129733304,1535.3399431038179,6690.167466997522,3151.6055075675704,4897.669235354507,2243.0598019032714,3337.0984861837005,3106.8154025805375,652.7060297722792,1930.295320977512,542.0609875579738,1119.4926471395306,7631.522714755912,5521.773105198707,63.59814080793876,nan,nan,nan,nan,nan,17,6893.51166170135,964.2431153647244,11038.679321970005,A1,L5,I3,T11,imu_only,S01,X_A1_L5_I3_T11__S01,,,
X_A1_L5_I3_T12,imu_only_diagnostic_screening,Phase4 L5 single-I T12.,34,17,40661,1402.5780603414419,6119.076687882544,7805.816810180678,3455.938247688245,40661,1067.531695192725,5038.363001513112,6835.678379379401,2978.3524961178027,40661,481.842711006115,2842.604668900429,4169.253315275856,1752.976206542278,1535.668512087927,6689.903170351587,3151.6037005594744,4899.156563986542,2245.178032686784,3338.083011346103,3109.1298882240844,652.7883178212164,1931.8180776392514,542.0306085660047,1117.349593940492,7631.522714755912,5521.773105198707,63.59814080793876,nan,nan,nan,nan,nan,17,6901.035377419596,964.2913248901982,11062.361453157217,A1,L5,I3,T12,imu_only,S01,X_A1_L5_I3_T12__S01,,,
X_A1_L5_I4_T11,imu_only_diagnostic_screening,Phase4 L5 single-I T11.,34,17,40661,1566.4096631792524,6704.764546592256,8477.52350147336,3826.219373664805,40661,1128.1226985207738,6224.663640312268,8135.735991800184,3511.805392345893,40661,584.297760117567,2579.265166413115,3340.0925133621586,1518.9396241122292,1666.8279091820873,6831.391039860149,3398.416818002036,5713.646258981818,2202.8969112617515,4542.743094949771,4526.77787336698,756.1871252368253,2866.281124038457,503.17879692141196,969.726473551642,7628.454039098999,6274.276590861322,63.63285410810272,nan,nan,nan,nan,nan,17,4651.010413143232,3005.283076471196,9332.487849868518,A1,L5,I4,T11,imu_only,S01,X_A1_L5_I4_T11__S01,,,
X_A1_L5_I4_T12,imu_only_diagnostic_screening,Phase4 L5 single-I T12.,34,17,40661,1566.1648868360112,6704.195880979357,8479.375279823664,3826.218433950143,40661,1128.0447903894708,6225.431026060989,8136.810895893645,3511.8043814211055,40661,585.4558610087776,2578.071160558567,3339.7374014382403,1518.9395942338895,1666.1202293249048,6832.006192759338,3398.4157880366492,5712.274758685744,2203.455333405216,4545.4028345877505,4529.514150257044,756.5691346515325,2866.169003790822,501.80893296688316,968.1478670372792,7628.454039098999,6274.276590861322,63.63285410810272,nan,nan,nan,nan,nan,17,4667.806263316076,3012.713376265768,9351.925899823764,A1,L5,I4,T12,imu_only,S01,X_A1_L5_I4_T12__S01,,,
X_A1_L5_I5_T11,imu_only_diagnostic_screening,Phase4 L5 single-I T11.,34,17,40661,1470.6485138844655,5645.118671712306,6996.446458014971,3256.3518049865393,40661,1035.0681126248999,4713.252586901309,6071.835963138771,2718.9270854998267,40661,565.6113908177178,3144.5838093835423,3923.0993614712893,1791.9996042339149,1609.624854854098,6178.003624797036,3050.926161057784,4634.160282049054,3349.879340782141,2625.004774242829,2332.240105911932,799.4501491210531,1473.1284461899659,439.8582477424907,824.2138486884987,6791.679976590663,5181.39228731575,56.65307725894912,nan,nan,nan,nan,nan,17,6636.015310031756,1129.260056991168,13961.681792789212,A1,L5,I5,T11,imu_only,S01,X_A1_L5_I5_T11__S01,,,
X_A1_L5_I5_T12,imu_only_diagnostic_screening,Phase4 L5 single-I T12.,34,17,40661,1470.2243915705249,5644.487779252614,6995.916947437275,3256.351461288168,40661,1034.9494098145353,4712.483297781486,6072.2721713745095,2718.9268891773313,40661,565.9644153020956,3144.5625248316555,3921.0979277852957,1791.9992775506546,1609.7548821324272,6177.910859712334,3050.925604210499,4633.993842270593,3349.7823641127043,2625.6389693674228,2333.411849030588,798.5151566536845,1473.6734167094912,438.94411178518595,822.6325305047156,6791.679976590663,5181.39228731575,56.65307725894912,nan,nan,nan,nan,nan,17,6638.9198559788265,1132.4365023043108,13979.203171144538,A1,L5,I5,T12,imu_only,S01,X_A1_L5_I5_T12__S01,,,
X_A1_L5_I6_T11,imu_only_diagnostic_screening,Phase4 L5 single-I T11.,34,17,40661,1778.3514551832877,6698.339004084404,8558.106209536982,3990.038286863907,40661,1400.8158527021967,5695.270190523038,7393.726890118125,3410.4973047862295,40661,651.4080113343027,3281.164671337657,4505.804788637847,2070.9692573009693,1915.3219863576414,6868.401171248119,3344.236461519251,5319.853133512876,2848.2597866830893,4559.880670257494,4454.287510037875,866.9056780427635,3085.5360050757868,457.07059707753467,867.0706442150822,7578.2993381926935,5914.695214924092,63.18030333584892,nan,nan,nan,nan,nan,17,10094.62522114519,2246.9534729611014,20187.431101231203,A1,L5,I6,T11,imu_only,S01,X_A1_L5_I6_T11__S01,,,
X_A1_L5_I6_T12,imu_only_diagnostic_screening,Phase4 L5 single-I T12.,34,17,40661,1778.885493560154,6698.3406860838495,8556.675401696626,3990.0368662036335,40661,1401.1673410132782,5695.977558075408,7393.346122479335,3410.4962084880162,40661,651.8824434060056,3280.7703008825656,4506.53309471453,2070.9683255793598,1914.1685998032872,6869.676437479454,3344.237428636324,5320.621974896952,2847.9897975705744,4566.822596791038,4461.347546321154,867.0370209720386,3101.101990366515,455.2424955590054,863.8715807864218,7578.2993381926935,5914.695214924092,63.18030333584892,nan,nan,nan,nan,nan,17,10124.825731633071,2258.584782225538,20250.965495713066,A1,L5,I6,T12,imu_only,S01,X_A1_L5_I6_T12__S01,,,
X_A1_L5_I7_T11,imu_only_diagnostic_screening,Phase4 L5 single-I T11.,34,17,40661,2066.90060013273,8837.85215536055,10891.31991541682,5163.078659606262,40661,1522.2584764861324,6675.679400356072,8939.241544024482,3936.1434876688236,40661,841.407844838127,5332.649235388294,7593.450418932923,3341.2805464019193,2305.8665018540514,9660.852815389995,4460.11184303396,6228.868023850949,4672.915756430324,5176.09533629627,4663.487256520693,1130.163420555742,3426.073956815198,544.994324110804,1030.1896551865957,10875.339637109719,6889.052894426892,90.70748978557486,nan,nan,nan,nan,nan,17,6685.334615002607,2480.5553044495555,13297.936538097783,A1,L5,I7,T11,imu_only,S01,X_A1_L5_I7_T11__S01,,,
X_A1_L5_I7_T12,imu_only_diagnostic_screening,Phase4 L5 single-I T12.,34,17,40661,2066.62006430472,8837.478509432623,10892.71366410843,5163.076571356948,40661,1521.4812374169155,6676.521241311215,8939.694998070652,3936.1420785469927,40661,841.4845654450262,5332.265468943581,7597.638420399673,3341.278979550611,2304.658803102427,9660.272533742524,4460.111242651816,6229.386145227568,4674.065399737769,5180.868443746374,4668.519856194211,1129.172625395203,3433.278541078028,543.9645590903365,1027.5540474104862,10875.339637109719,6889.052894426892,90.70748978557486,nan,nan,nan,nan,nan,17,6701.411994816231,2487.554931461128,13311.005194401283,A1,L5,I7,T12,imu_only,S01,X_A1_L5_I7_T12__S01,,,
X_A1_L5_I8_T11,imu_only_diagnostic_screening,Phase4 L5 single-I T11.,34,17,40661,1466.6110126364763,6482.862651867376,8650.128857443953,3795.2862362829537,40661,1046.4339798101955,5069.904392862136,6865.515156395888,3007.9064141319523,40661,474.8017864804842,3499.168268186845,5092.506983920139,2314.4538489982233,1610.7965361644947,6279.464308879936,3116.1361289451115,4384.089480052988,2703.371079660469,3074.35699442025,2904.1154612410883,628.7494915018563,1430.5599354172286,434.85055494122355,826.0760703155538,6953.186054571475,4841.608378507441,57.96093335593238,nan,nan,nan,nan,nan,17,5491.80870640225,1717.311762829894,8119.7039833416475,A1,L5,I8,T11,imu_only,S01,X_A1_L5_I8_T11__S01,,,
X_A1_L5_I8_T12,imu_only_diagnostic_screening,Phase4 L5 single-I T12.,34,17,40661,1466.2099736238822,6481.22934877688,8649.89117950574,3795.2850639198427,40661,1046.339278731724,5069.162961334307,6865.812233785204,3007.9056702114704,40661,474.954570099689,3497.9497883344175,5091.263092026398,2314.4528933470924,1610.5416402226006,6279.575312654968,3116.1356531727524,4384.842974767824,2702.7510800044342,3079.394474692709,2906.5986050155775,627.955554217411,1431.999428220756,434.07149903870885,824.4113046809799,6953.186054571475,4841.608378507441,57.96093335593238,nan,nan,nan,nan,nan,17,5499.179141337514,1724.349691803448,8139.2706189948585,A1,L5,I8,T12,imu_only,S01,X_A1_L5_I8_T12__S01,,,
X_A2_L5_I0_T11,imu_only_diagnostic_screening,Phase4 L5 single-I T11.,34,17,40661,4940.515253130513,20746.609907330156,25798.256809670558,11562.418580365573,40661,2849.8108600987985,16886.579790291238,22712.075549983838,9508.888031279164,40661,1353.594767880426,10322.705201487604,14729.938094706818,6578.037080784731,5705.866170071064,21277.37004405123,10426.71407054209,15348.082684657978,8897.071424650378,15922.51390217077,15915.102320557167,2207.579560372603,14036.766792321236,438.92927772943693,830.6079127557192,23759.91661083476,17089.200883988917,203.3658088091394,nan,nan,nan,nan,nan,17,42282.768616507274,13259.773878007814,87034.60911931348,A2,L5,I0,T11,imu_only,S01,X_A2_L5_I0_T11__S01,,,
X_A2_L5_I0_T12,imu_only_diagnostic_screening,Phase4 L5 single-I T12.,34,17,40661,4940.391943186124,20747.14957633371,25798.921386153288,11562.411478234222,40661,2849.1830079244023,16886.42398538504,22716.223374956448,9508.88197909736,40661,1353.2068395577962,10323.394828820325,14729.475945721042,6578.033345886896,5706.275992391667,21275.925576560145,10426.708281464096,15348.026512362321,8896.40527239355,15981.748826968927,15974.375108532982,2208.37560697326,14101.31022309967,437.3549888428631,828.5481978703192,23759.91661083476,17089.200883988917,203.3658088091394,nan,nan,nan,nan,nan,17,42390.59047097525,13338.854668700174,87283.9123469071,A2,L5,I0,T12,imu_only,S01,X_A2_L5_I0_T12__S01,,,
X_A2_L5_I1_T11,imu_only_diagnostic_screening,Phase4 L5 single-I T11.,34,17,40661,2283.6816359297577,9218.339904502685,11410.898189963387,5302.62010411617,40661,1608.8310215094305,7121.011308457371,8981.753155600542,4126.849118677011,40661,929.0496868002591,5845.551000229487,7911.423256150496,3329.69913359327,2696.8856511289723,9754.720548876045,4882.823809668518,7351.592411753911,4387.177838309121,5291.91593894285,4693.401921657362,1500.398908088119,2884.3553223130803,570.0760077321256,976.9317546519869,10799.518527036478,8185.917103561062,90.0647828920954,nan,nan,nan,nan,nan,17,9074.77210711829,3698.6292019349466,14915.551904155755,A2,L5,I1,T11,imu_only,S01,X_A2_L5_I1_T11__S01,,,
X_A2_L5_I1_T12,imu_only_diagnostic_screening,Phase4 L5 single-I T12.,34,17,40661,2283.326518603622,9217.557739994541,11408.857829823257,5302.617430203556,40661,1608.7468230447992,7121.115288657396,8980.629995258241,4126.846728189008,40661,928.73390031169,5847.456407555831,7911.892934870398,3329.697838112979,2696.0704011342114,9754.258504911872,4882.824355248276,7349.957768040493,4387.479535190794,5298.382431147295,4700.563019432788,1499.1130020822152,2883.153895860736,568.6915631750906,973.4086664799271,10799.518527036478,8185.917103561062,90.0647828920954,nan,nan,nan,nan,nan,17,9101.449195125753,3713.4583657649887,14991.767570387408,A2,L5,I1,T12,imu_only,S01,X_A2_L5_I1_T12__S01,,,
X_A2_L5_I2_T11,imu_only_diagnostic_screening,Phase4 L5 single-I T11.,34,17,40661,3130.9055218096487,12050.116400151173,14844.428153361618,6760.930181488079,40661,1902.247182534054,9201.989615699982,11524.984533850837,5191.729056855857,40661,1075.6658631382782,7371.928748592386,10560.809775602698,4330.834367550324,3387.2131182586672,13255.845967741796,6278.079242220234,9853.307958869078,5704.941900408639,7756.158125459499,7473.497410512344,1542.7680836471304,5896.128126808795,516.3652052460652,950.2345232967684,14936.440005755367,11039.066336817963,124.53143986097993,nan,nan,nan,nan,nan,17,17922.292719074576,4859.54632956907,41079.298530368775,A2,L5,I2,T11,imu_only,S01,X_A2_L5_I2_T11__S01,,,
X_A2_L5_I2_T12,imu_only_diagnostic_screening,Phase4 L5 single-I T12.,34,17,40661,3131.402411025719,12050.46181010666,14843.116498485364,6760.926360694699,40661,1902.6001321164763,9202.94244036363,11524.461387070181,5191.726424203951,40661,1075.322690701587,7371.464539899061,10560.246844961288,4330.831558830119,3388.08079860152,13256.91441405091,6278.07515649895,9853.002164447116,5705.684866815436,7777.054135115561,7496.428035762662,1542.6062755490925,5900.344680833231,515.6446044487967,948.2171590254726,14936.440005755367,11039.066336817963,124.53143986097993,nan,nan,nan,nan,nan,17,17975.890671497218,4888.304856264454,41206.29148655335,A2,L5,I2,T12,imu_only,S01,X_A2_L5_I2_T12__S01,,,
X_A2_L5_I3_T11,imu_only_diagnostic_screening,Phase4 L5 single-I T11.,34,17,40661,1359.9130257305483,6513.499834181539,8563.574697211623,3799.2070119510663,40661,993.5625074842018,4613.308088621949,6120.533541585081,2684.2969980196817,40661,538.6023840058364,4277.426341329494,6332.712920687361,2688.5913683713034,1412.0686680965514,6517.860912006573,3133.212909867027,4467.4036879309715,3441.797909401522,2917.785762854427,2393.804918040429,766.4316296922625,1825.8059986640405,442.21973214770196,897.691692045249,7314.38129026993,5072.891606774574,60.98225927684069,nan,nan,nan,nan,nan,17,4433.551098664885,1242.7797058332467,8958.951899446773,A2,L5,I3,T11,imu_only,S01,X_A2_L5_I3_T11__S01,,,
X_A2_L5_I3_T12,imu_only_diagnostic_screening,Phase4 L5 single-I T12.,34,17,40661,1360.1931661442056,6513.900597253769,8564.101314067799,3799.2056245596814,40661,993.0812915730795,4614.669682070523,6122.303143871886,2684.296687394601,40661,538.6389293563859,4276.961248158684,6333.570769647284,2688.589717998693,1412.2684203673275,6519.018099060677,3133.2139453185905,4467.338163661253,3441.9685469377173,2919.1496438585127,2393.713488583545,766.0584040477987,1828.0353399910255,440.62766070592545,896.5903656803525,7314.38129026993,5072.891606774574,60.98225927684069,nan,nan,nan,nan,nan,17,4449.99300769669,1247.8963848709855,9003.244819239062,A2,L5,I3,T12,imu_only,S01,X_A2_L5_I3_T12__S01,,,
X_A2_L5_I4_T11,imu_only_diagnostic_screening,Phase4 L5 single-I T11.,34,17,40661,1636.1993977695304,6633.987787560331,8447.759787488361,3738.8824488687055,40661,1210.8434099541244,5698.433770098214,7400.956500047329,3217.222693425045,40661,624.9008980992098,3115.5105164673487,4228.560871099752,1904.919974006612,1931.453412910431,6557.517295933707,3224.463119647643,4736.7806449753525,2799.1993776332984,4257.4400120677765,4042.139893427388,812.9115800097824,2561.8754430067893,538.005197044735,1006.1609508029944,7301.8778867047295,5265.524654204031,60.881198151579895,nan,nan,nan,nan,nan,17,4204.695417426162,2400.0968327365085,8511.942835000773,A2,L5,I4,T11,imu_only,S01,X_A2_L5_I4_T11__S01,,,
X_A2_L5_I4_T12,imu_only_diagnostic_screening,Phase4 L5 single-I T12.,34,17,40661,1636.0008686820784,6633.78023575347,8449.388004603683,3738.8816268001533,40661,1210.932573733991,5698.505306543217,7402.5077577605125,3217.222096644106,40661,624.378563192299,3114.9432033355615,4228.2892351597875,1904.9193683955918,1932.4633516206072,6558.864907562609,3224.4625465219824,4735.969659480548,2798.1011782400997,4264.808960010946,4049.002027067324,813.6403160805819,2548.9765436917983,536.6963361760518,1001.175690453942,7301.8778867047295,5265.524654204031,60.881198151579895,nan,nan,nan,nan,nan,17,4222.63204847903,2408.2066100601087,8544.022101922386,A2,L5,I4,T12,imu_only,S01,X_A2_L5_I4_T12__S01,,,
X_A2_L5_I5_T11,imu_only_diagnostic_screening,Phase4 L5 single-I T11.,34,17,40661,1289.5052671361166,5590.136271757642,6802.573981408667,3053.0539191125144,40661,919.1696167236054,4574.195109105505,5826.33579873841,2537.243471480675,40661,431.9097206186474,2682.9061279706407,3857.175760315815,1698.0971113092967,1569.1158999013514,6625.068139319883,3223.9607097339126,4993.858405143099,2274.984218097693,2839.165637009749,2648.5352584037696,710.7621535509501,1720.4986233102945,573.2701964657535,1032.778076525445,7408.284596947189,5562.400807078404,61.78972045947889,nan,nan,nan,nan,nan,17,4935.417073760181,1060.060815971683,10373.537452906714,A2,L5,I5,T11,imu_only,S01,X_A2_L5_I5_T11__S01,,,
X_A2_L5_I5_T12,imu_only_diagnostic_screening,Phase4 L5 single-I T12.,34,17,40661,1290.433280864247,5589.9950936765945,6801.725886227017,3053.053991908531,40661,919.1431950227361,4573.4645906041715,5825.705092949709,2537.2434159324484,40661,431.7744228489548,2682.8474750312116,3856.9913139156024,1698.0973251895946,1569.099490872165,6626.590293449835,3223.9605954908484,4993.677698512607,2275.079783303856,2840.5938942591492,2648.9925970531567,712.4074252856716,1723.171713415783,571.8355116442206,1029.7251469051862,7408.284596947189,5562.400807078404,61.78972045947889,nan,nan,nan,nan,nan,17,4948.1558010410845,1060.3296796711086,10406.643134542519,A2,L5,I5,T12,imu_only,S01,X_A2_L5_I5_T12__S01,,,
X_A2_L5_I6_T11,imu_only_diagnostic_screening,Phase4 L5 single-I T11.,34,17,40661,1473.4658888493263,5986.895031814379,7599.78642880857,3426.3613122695488,40661,913.6597549337495,4816.2459572852695,6264.808144132724,2755.1636233752924,40661,585.228462576184,3562.1805041469397,4502.362452163602,2036.9156218771157,1730.005290904876,5988.135787723195,3020.3048273874465,4903.887518609207,3675.5024758313784,2966.394160330678,2679.062552632508,1043.538995389555,1790.9293604593972,427.97441913656064,837.5030622685592,6612.91785802157,5474.861200218173,55.12351384807759,nan,nan,nan,nan,nan,17,4393.7409154763145,1811.146445401781,8282.712091378778,A2,L5,I6,T11,imu_only,S01,X_A2_L5_I6_T11__S01,,,
X_A2_L5_I6_T12,imu_only_diagnostic_screening,Phase4 L5 single-I T12.,34,17,40661,1474.1036655197395,5986.954217643415,7600.7308753838015,3426.361051179135,40661,913.6023179127735,4815.896303964021,6264.127154928765,2755.16348193789,40661,585.004704902429,3561.9565662859036,4501.813373153227,2036.9153739989458,1730.6251908951108,5986.763275489257,3020.3047274360442,4905.294676938447,3674.21596419565,2967.3577635568117,2680.2724007598354,1042.7945781851317,1795.4821727181825,426.2048188426377,833.4526864842915,6612.91785802157,5474.861200218173,55.12351384807759,nan,nan,nan,nan,nan,17,4403.477649549248,1812.9310939405855,8301.489251281919,A2,L5,I6,T12,imu_only,S01,X_A2_L5_I6_T12__S01,,,
X_A2_L5_I7_T11,imu_only_diagnostic_screening,Phase4 L5 single-I T11.,34,17,40661,2201.4659660592883,8844.197600556243,10883.548907450278,4965.489093860731,40661,1524.4754812524618,7339.692302169767,9477.220845586502,4109.980680128356,40661,637.8691487037615,4442.674220889839,6345.490554079219,2786.4207776682847,2325.4169619426148,9909.372647882976,4794.167580711626,7475.7545900769865,3763.269492098147,7754.084335462266,7504.052594913327,809.3396050547403,3402.315073895735,578.4761978174165,1122.0919914194674,11065.173248335315,8460.406396435981,92.25577750883963,nan,nan,nan,nan,nan,17,5350.889578333109,3698.037996813381,9056.546193117021,A2,L5,I7,T11,imu_only,S01,X_A2_L5_I7_T11__S01,,,
X_A2_L5_I7_T12,imu_only_diagnostic_screening,Phase4 L5 single-I T12.,34,17,40661,2201.093119948849,8844.5339029047,10882.654831170858,4965.487044725342,40661,1524.3428932111938,7337.656902462441,9479.459185971815,4109.979497154604,40661,637.9106759840281,4442.960653498931,6347.108561548068,2786.418870935235,2324.993513513401,9909.162116427746,4794.165889594864,7473.276134375302,3762.771337102104,7769.530889460886,7519.947698839567,809.5441284628215,3414.074505666382,576.5623496580897,1119.273857277602,11065.173248335315,8460.406396435981,92.25577750883963,nan,nan,nan,nan,nan,17,5369.632702448016,3709.7466164745047,9085.766908721196,A2,L5,I7,T12,imu_only,S01,X_A2_L5_I7_T12__S01,,,
X_A2_L5_I8_T11,imu_only_diagnostic_screening,Phase4 L5 single-I T11.,34,17,40661,1545.8604771264168,6408.844715428339,8397.80060770476,3708.0550640136844,40661,1174.2803782791718,5424.937515106283,7192.06996775712,3090.159108644796,40661,572.4371671931733,3353.2152582407084,4510.222268506035,2049.533859446369,1866.179743943886,6313.089306478081,3141.128475596076,5203.630735879562,2989.6863309271857,3533.144898301707,3295.747428718032,974.8989035204298,1840.9719231314857,474.9216678483084,879.0431701234797,7028.853719567895,5712.2220563761775,58.6237510559115,nan,nan,nan,nan,nan,17,5702.955956352227,2001.6210427377532,8857.267417725654,A2,L5,I8,T11,imu_only,S01,X_A2_L5_I8_T11__S01,,,
X_A2_L5_I8_T12,imu_only_diagnostic_screening,Phase4 L5 single-I T12.,34,17,40661,1546.6154984414443,6409.397479775124,8397.136007927107,3708.054664105923,40661,1174.7525538565199,5425.700920368805,7191.938265444484,3090.1588116571916,40661,572.5976855312704,3352.766796606961,4510.778453377491,2049.5335837051075,1864.788964729567,6313.44195556691,3141.127067661533,5202.8100340385645,2990.2746649636088,3538.9543957726282,3302.0570780108596,974.3835558359212,1841.1658582556938,474.3923118525179,878.0710042751407,7028.853719567895,5712.2220563761775,58.6237510559115,nan,nan,nan,nan,nan,17,5721.882303216356,2008.3545805842905,8886.917671441548,A2,L5,I8,T12,imu_only,S01,X_A2_L5_I8_T12__S01,,,
X_A3_L5_I0_T11,imu_only_diagnostic_screening,Phase4 L5 single-I T11.,34,17,40661,3858.2143559419023,17600.862179707405,22089.013498593788,10151.055870872662,40661,2717.163992255677,14750.847992298295,19460.479219074423,8711.708311624305,40661,1651.2956944479092,8985.007205793772,12032.847205167393,5210.573249341604,4934.588847773365,18817.216916528654,9197.528472142261,14001.558408009598,8118.3016252685575,14735.272509927356,14621.214209218913,2243.3465047941054,10431.932214962431,437.1023850652074,895.4468375976039,20670.099308319295,15819.307890442622,172.33128377146994,nan,nan,nan,nan,nan,17,32443.683349957988,18371.642629986116,64682.366825207755,A3,L5,I0,T11,imu_only,S01,X_A3_L5_I0_T11__S01,,,
X_A3_L5_I0_T12,imu_only_diagnostic_screening,Phase4 L5 single-I T12.,34,17,40661,3859.1539909771664,17599.99429130798,22092.582731139544,10151.049399519014,40661,2717.9887551289053,14752.213952649461,19461.907179053156,8711.702655438265,40661,1651.081743058731,8984.72324538287,12033.619409848967,5210.57009881886,4934.038857924284,18814.833953434696,9197.521471609707,14001.653237804094,8118.352675622018,14743.697124608336,14629.994411313386,2242.905234130167,10475.11221744976,436.18728862647146,894.1020636506888,20670.099308319295,15819.307890442622,172.33128377146994,nan,nan,nan,nan,nan,17,32507.06821598346,18427.55729211519,64721.97659499303,A3,L5,I0,T12,imu_only,S01,X_A3_L5_I0_T12__S01,,,
X_A3_L5_I1_T11,imu_only_diagnostic_screening,Phase4 L5 single-I T11.,34,17,40661,2212.2958589947884,9178.24405948243,12070.978723836131,5350.764113915798,40661,1660.0904854445037,7117.654411084279,9043.99151432966,4160.715481671008,40661,718.637191115966,5357.617341187595,8127.368574184877,3364.390477241352,2294.7614810933896,9275.904012495983,4483.391962657243,7451.384740723828,4098.905654410229,5922.804450366775,5255.048898633446,1179.927264565803,3986.8554629200203,564.2925339947401,1037.6915404413012,10275.777182817055,8286.617070835426,85.70160532513053,nan,nan,nan,nan,nan,17,6146.483598075684,2651.461010453266,14154.25040841119,A3,L5,I1,T11,imu_only,S01,X_A3_L5_I1_T11__S01,,,
X_A3_L5_I1_T12,imu_only_diagnostic_screening,Phase4 L5 single-I T12.,34,17,40661,2211.347612739109,9176.9144451463,12074.331514192538,5350.761526560397,40661,1659.4971713988882,7118.299391251338,9043.412899118981,4160.713713653418,40661,718.8142720337266,5356.863328142413,8127.249083551918,3364.3885487760385,2295.373192171305,9274.834210326353,4483.389541563118,7451.678511020509,4098.959146510246,5932.56044438165,5267.922396162296,1180.5725745044942,3998.490796660517,562.4588964796151,1032.3278064103974,10275.777182817055,8286.617070835426,85.70160532513053,nan,nan,nan,nan,nan,17,6166.046431005451,2663.2552838956562,14203.642458660093,A3,L5,I1,T12,imu_only,S01,X_A3_L5_I1_T12__S01,,,
X_A3_L5_I2_T11,imu_only_diagnostic_screening,Phase4 L5 single-I T11.,34,17,40661,2341.900623107913,10062.827247165302,12370.960862212733,5694.868899776065,40661,1590.8820756307714,7709.101727517675,9782.288331784155,4258.728476979707,40661,767.4985785069508,6419.35964214711,8837.607163449002,3780.841645057189,2848.907819876151,10871.333792998628,5283.897405950173,8026.375642779934,5203.654421950691,6768.740996323595,6177.281273409644,1202.0942113850504,3850.8978596989537,534.312823539465,992.5394031682173,11941.719954396587,9024.024774039448,99.59860931699328,nan,nan,nan,nan,nan,17,17429.205071675166,4630.380574994248,27491.61268607857,A3,L5,I2,T11,imu_only,S01,X_A3_L5_I2_T11__S01,,,
X_A3_L5_I2_T12,imu_only_diagnostic_screening,Phase4 L5 single-I T12.,34,17,40661,2341.3892626812794,10064.323496039982,12370.89062978739,5694.866031862852,40661,1590.5714440744553,7708.950987767486,9781.330488303027,4258.726775040454,40661,767.2350508202824,6419.9548990618105,8838.049199992445,3780.8392423401015,2849.307589159082,10871.866371761564,5283.895297197296,8026.77732605191,5203.147809470102,6782.137341322558,6191.700291527128,1202.4652127529775,3865.0779773642807,532.4186329666695,988.3985449991786,11941.719954396587,9024.024774039448,99.59860931699328,nan,nan,nan,nan,nan,17,17460.04712236695,4643.662282720441,27570.88081117034,A3,L5,I2,T12,imu_only,S01,X_A3_L5_I2_T12__S01,,,
X_A3_L5_I3_T11,imu_only_diagnostic_screening,Phase4 L5 single-I T11.,34,17,40661,1351.462739077224,5675.529567077789,7145.845877673783,3274.504660175738,40661,1034.7657043828415,5134.886851268528,6743.592856302416,2948.6290638483624,40661,361.87827833896927,2433.797661713587,3345.6506630525664,1424.0672081546427,1407.6821843715197,6309.830457200942,2901.891534088555,5175.710149289548,2034.7305362813174,3792.0381957635013,3777.241950906195,535.6938013622574,2739.9962538252084,490.01036791485535,915.5703484867314,7190.134182878259,5845.2609800033815,59.97967490230391,nan,nan,nan,nan,nan,17,2926.2241765141957,1069.0961476168036,5250.947342291195,A3,L5,I3,T11,imu_only,S01,X_A3_L5_I3_T11__S01,,,
X_A3_L5_I3_T12,imu_only_diagnostic_screening,Phase4 L5 single-I T12.,34,17,40661,1350.6228241704532,5675.176599376967,7146.282997292371,3274.5042483860043,40661,1034.8340151301875,5135.243438274153,6743.075854887465,2948.628542422465,40661,362.0979938935411,2434.62869833483,3345.1834487471397,1424.0673409321478,1408.7178005176488,6310.24718431468,2901.8914249927084,5175.00080244247,2035.2674876330711,3795.697843149511,3780.8961758972864,535.5618882118672,2744.514690406204,488.2526628988787,910.944903761018,7190.134182878259,5845.2609800033815,59.97967490230391,nan,nan,nan,nan,nan,17,2935.606953721006,1079.2101138507596,5271.071984438439,A3,L5,I3,T12,imu_only,S01,X_A3_L5_I3_T12__S01,,,
X_A3_L5_I4_T11,imu_only_diagnostic_screening,Phase4 L5 single-I T11.,34,17,40661,1546.2388227985596,5938.471328103057,7419.078372058399,3419.6726518522337,40661,1116.5818847961157,4597.413068300173,5917.313430954133,2616.632286220293,40661,619.6275115115825,3479.844858911132,4780.900867286997,2201.6803865537904,1607.2054720568572,6586.305029716786,3228.752628544748,4960.520770008405,3436.8673104019636,3761.121721451192,3483.9875000941984,869.9802485663597,2340.5046651850416,475.01675279324104,917.106194282133,7458.343826354032,5308.728323850652,62.21115383975123,nan,nan,nan,nan,nan,17,3352.8230519624103,836.1408608883073,7549.848120653239,A3,L5,I4,T11,imu_only,S01,X_A3_L5_I4_T11__S01,,,
X_A3_L5_I4_T12,imu_only_diagnostic_screening,Phase4 L5 single-I T12.,34,17,40661,1545.9192079519391,5937.440384908382,7416.008110459949,3419.672264681634,40661,1116.5865351780624,4597.523449871945,5917.35546612197,2616.6322749529145,40661,619.708628765639,3479.8751229261147,4781.820778884621,2201.679798587331,1607.6643712583477,6586.591545882857,3228.7541859034254,4960.877004849553,3437.352733107429,3763.1235220832314,3486.1464423380303,869.6492614961669,2340.4969389366092,474.36102485654897,914.4080962580847,7458.343826354032,5308.728323850652,62.21115383975123,nan,nan,nan,nan,nan,17,3362.975934215319,839.3586521617067,7568.275391324712,A3,L5,I4,T12,imu_only,S01,X_A3_L5_I4_T12__S01,,,
X_A3_L5_I5_T11,imu_only_diagnostic_screening,Phase4 L5 single-I T11.,34,17,40661,1283.9544926232056,5242.275325782634,6702.236972295857,3104.9842270665467,40661,971.9085229490523,4512.1521778424685,5886.390251941102,2716.9885933215164,40661,425.45098479137005,2502.25877930184,3543.524862961771,1502.963750092731,1400.4875077238748,5449.224521927588,2721.3225465258847,4556.670375779768,2015.1345565172874,3082.3954761848736,2743.9219810348186,551.3156421084366,1614.3538297593293,521.028835112586,1001.2131805734509,6064.019658364961,5040.081083622401,51.419620814402236,nan,nan,nan,nan,nan,17,3360.836082681264,1249.0250194168166,5907.79567589337,A3,L5,I5,T11,imu_only,S01,X_A3_L5_I5_T11__S01,,,
X_A3_L5_I5_T12,imu_only_diagnostic_screening,Phase4 L5 single-I T12.,34,17,40661,1283.8598821399255,5243.088877695569,6702.411613465231,3104.98440661241,40661,972.3878212772536,4512.248578848513,5887.335469258928,2716.9887433266053,40661,425.42569001455445,2502.616743811631,3542.9134330156967,1502.963849845609,1400.6759429230337,5450.366205785969,2721.322428417081,4555.5876023633355,2014.9167252209322,3083.3022044134923,2745.2273134719126,551.2482613233537,1615.8231531110246,519.9273898823262,998.4818810662562,6064.019658364961,5040.081083622401,51.419620814402236,nan,nan,nan,nan,nan,17,3373.5133341310398,1253.317984175846,5928.527769199106,A3,L5,I5,T12,imu_only,S01,X_A3_L5_I5_T12__S01,,,
X_A3_L5_I6_T11,imu_only_diagnostic_screening,Phase4 L5 single-I T11.,34,17,40661,1679.732490755495,6363.712629537874,7864.433466314405,3738.922232734229,40661,1201.544692174329,5401.562375048951,6769.155562543906,3145.882815843297,40661,691.6747659318048,3077.683319072143,4511.75363920133,2020.6337548937865,1793.5429537743878,6757.725865620556,3298.0939196746594,5788.276243723645,2722.1792182798818,3386.5847799884004,3226.1503011547798,832.7763735388309,2182.0968571081157,586.8169749371069,1087.4149915489027,7596.590879991169,6427.31783277646,63.33848833400142,nan,nan,nan,nan,nan,17,2209.136419757219,911.0389050586091,4312.8336822721485,A3,L5,I6,T11,imu_only,S01,X_A3_L5_I6_T11__S01,,,
X_A3_L5_I6_T12,imu_only_diagnostic_screening,Phase4 L5 single-I T12.,34,17,40661,1680.5534933487352,6365.449635934699,7864.262127882058,3738.921360959031,40661,1200.5184507479607,5401.504063744661,6769.200489288039,3145.881983124724,40661,692.3181802547185,3077.332645507539,4512.800275597895,2020.6334382284651,1793.0380735914277,6758.382980144528,3298.0976136725794,5787.728014656923,2721.873852086508,3389.496525747708,3228.740197087207,831.7707753887131,2187.166153132118,585.5249106493661,1082.0179455367652,7596.590879991169,6427.31783277646,63.33848833400142,nan,nan,nan,nan,nan,17,2214.437557348974,917.1862082276702,4327.676608027702,A3,L5,I6,T12,imu_only,S01,X_A3_L5_I6_T12__S01,,,
X_A3_L5_I7_T11,imu_only_diagnostic_screening,Phase4 L5 single-I T11.,34,17,40661,2347.4932545439483,8964.239251977493,11343.745121231661,5195.050826230585,40661,1478.713365809426,6588.586477963754,8533.60667310365,3804.990410126837,40661,936.6980493970827,5884.177111920288,8332.897519482018,3537.0328053273533,2267.5969952965133,9659.172283547703,4460.665240914659,6508.69025177151,4900.526852478809,4473.37899034514,3975.3363719684685,1168.6006561971376,2574.605651065082,577.8886304453481,1081.9304477538017,10941.205285977201,7118.047531034581,91.25806746842753,nan,nan,nan,nan,nan,17,10426.327946898615,3155.1071469115595,16150.15723235155,A3,L5,I7,T11,imu_only,S01,X_A3_L5_I7_T11__S01,,,
X_A3_L5_I7_T12,imu_only_diagnostic_screening,Phase4 L5 single-I T12.,34,17,40661,2348.1092686905226,8964.278940543325,11345.023215000116,5195.04852146043,40661,1479.159894248534,6589.562048920391,8534.047494335442,3804.988946478877,40661,936.5764965634025,5884.08497911639,8336.606885460955,3537.0309947047062,2268.2199245005168,9658.216763520202,4460.662430312117,6507.08764087861,4899.063799584263,4474.469695180878,3980.944735494467,1169.9065060747248,2581.5000523717545,575.2846322084827,1079.1944353660185,10941.205285977201,7118.047531034581,91.25806746842753,nan,nan,nan,nan,nan,17,10448.060193598842,3167.2633585079275,16192.886629814766,A3,L5,I7,T12,imu_only,S01,X_A3_L5_I7_T12__S01,,,
X_A3_L5_I8_T11,imu_only_diagnostic_screening,Phase4 L5 single-I T11.,34,17,40661,1577.5592237520982,6851.45933666549,8369.841598588106,3839.6192991484277,40661,1296.517544958226,5401.855888693751,6887.559384526405,3164.783491288457,40661,442.5239155095523,3649.002069875596,5157.129314981782,2174.125528956667,1929.5747848970789,7412.047959222424,3602.580291689736,5360.085220371792,3251.042908968175,3093.6783633948107,2787.182465794011,761.6910627569061,1914.2559981497157,556.0878006891057,1041.9637925307838,8253.19355144871,5874.711686338784,68.81283852371419,nan,nan,nan,nan,nan,17,4448.2918022065405,961.3627458566498,11628.872242800973,A3,L5,I8,T11,imu_only,S01,X_A3_L5_I8_T11__S01,,,
X_A3_L5_I8_T12,imu_only_diagnostic_screening,Phase4 L5 single-I T12.,34,17,40661,1576.5751847257077,6850.557969408904,8369.06238270871,3839.6184504102475,40661,1296.5674484054691,5401.955146584718,6885.618243555311,3164.783070596474,40661,442.3714277089721,3649.9752062750345,5156.222309047336,2174.124642424335,1928.9507362976692,7411.202545123973,3602.580922441754,5359.449642517182,3250.9288688655306,3094.936904300653,2789.6705799921892,760.9735469692744,1917.5698180824575,554.0280842526033,1038.2829804035537,8253.19355144871,5874.711686338784,68.81283852371419,nan,nan,nan,nan,nan,17,4465.726092648665,962.0721693490086,11650.013371425983,A3,L5,I8,T12,imu_only,S01,X_A3_L5_I8_T12__S01,,,
X_A0_U4_P0_L5_I0_T1,uwb_only_control_repeated_for_matrix,Phase4 L5 single-I position row.,34,17,40661,102.63336074100665,208.3503804473449,256.9324074144989,141.2659848479643,40661,66.14323345844781,145.82607164755368,178.9530610667181,93.41834672726387,40661,61.57092076688957,163.1159939953268,205.89630418252534,105.96740522354024,105.83784720842489,231.80213799547772,132.8297379891087,167.47209082957747,187.38314568289843,81.85817424679973,68.97030504345247,38.73430278830949,59.73216676551951,97.22019722085113,173.57057176081128,nan,nan,nan,nan,nan,nan,nan,nan,17,80.07935390701408,26.371865070121885,172.16272100899002,A0,L5,I0,T1,uwb_only,S01,X_A0_U4_P0_L5_I0_T1__S01,U4,P0,
X_A0_U4_P0_L5_I0_T2,position_prior_screening,Phase4 L5 single-I position row.,34,17,40661,91.69162139775116,170.81578449846796,202.73321056318943,115.0680273722461,40661,59.27783330592025,123.69314927349293,148.44367798775485,79.67698944054162,40661,53.68948181353653,132.74285112565894,161.55044526915003,83.01944517419878,92.7293699842231,186.01810774478847,112.5736761137255,135.58109509856627,143.14744212106507,86.97907159132683,76.12452786501899,26.208839958135854,54.06893519786129,85.28832545732558,142.55921509092352,nan,nan,nan,1.0,0.5604125293665966,2.847069595962232,nan,nan,17,198.2171081040367,26.07660187159621,518.0357358690716,A0,L5,I0,T2,position_fusion,S01,X_A0_U4_P0_L5_I0_T2__S01,U4,P0,
X_A0_U4_P0_L5_I0_T3,loose_ekf_screening,Phase4 L5 single-I position row.,34,17,40661,97.71505634596532,195.33793526887953,239.52679765757438,131.84929104005664,40661,62.71267541033976,137.9908271376515,168.2304315037493,88.15233387939693,40661,58.96433811059683,151.997199801453,191.62624888263838,98.04795550841887,102.40839592973529,214.1600217875111,126.67501805070447,154.1143996581182,173.1868538047558,84.18137937783628,71.11055039835435,36.64879626804549,57.97145546846792,91.05106238000445,165.95437425820194,nan,nan,nan,1.0,0.16075004897297465,1.0054563275276724,nan,nan,17,109.9552358381975,26.318725340471076,265.57112139276023,A0,L5,I0,T3,position_fusion,S01,X_A0_U4_P0_L5_I0_T3__S01,U4,P0,
X_A0_U4_P0_L5_I0_T4,loose_ukf_screening,Phase4 L5 single-I position row.,34,17,40661,96.60988701279828,191.92271490537922,234.76208247971422,129.36974582423508,40661,62.00690984105964,135.73243200317035,165.43987673310534,86.79412867668476,40661,58.30993110531233,149.3106465410848,187.18622827247668,95.93388536842588,102.0930422250703,210.69540157506947,125.46099565207076,151.7787294380131,167.78689295519735,84.65477493108665,71.82872199973949,34.213503199358115,57.51719162637903,89.4683782802629,160.0006285887582,nan,nan,nan,1.0,0.22935767075410798,1.414082003902414,nan,nan,17,120.4078356263941,26.17617080701058,298.0781321960582,A0,L5,I0,T4,position_fusion,S01,X_A0_U4_P0_L5_I0_T4__S01,U4,P0,
X_A0_U4_P0_L5_I0_T5,error_state_ekf_screening,Phase4 L5 single-I position row.,34,17,40661,100.31797507027984,202.4572249916036,249.2314611892431,137.0191577271979,40661,64.47310136358387,142.3193141784905,173.91195196285108,91.02608855801216,40661,60.48612179727081,158.23071323676095,199.32850511002312,102.41338187024027,103.60569008608456,222.9527983045763,129.81911136625502,161.12157624990863,182.5118323295752,82.81517353416424,69.85197230693245,37.46258733831485,58.92507082027373,94.20495375494323,169.482927158331,nan,nan,nan,1.0,0.08963957062174206,0.557952662432162,nan,nan,17,91.8351166337906,26.253705484936518,209.016516835364,A0,L5,I0,T5,position_fusion,S01,X_A0_U4_P0_L5_I0_T5__S01,U4,P0,
X_A0_U4_P0_L5_I1_T1,uwb_only_control_repeated_for_matrix,Phase4 L5 single-I position row.,34,17,40661,102.63336074100665,208.3503804473449,256.9324074144989,141.2659848479643,40661,66.14323345844781,145.82607164755368,178.9530610667181,93.41834672726387,40661,61.57092076688957,163.1159939953268,205.89630418252534,105.96740522354024,105.83784720842489,231.80213799547772,132.8297379891087,167.47209082957747,187.38314568289843,81.85817424679973,68.97030504345247,38.73430278830949,59.73216676551951,97.22019722085113,173.57057176081128,nan,nan,nan,nan,nan,nan,nan,nan,17,80.07935390701408,26.371865070121885,172.16272100899002,A0,L5,I1,T1,uwb_only,S01,X_A0_U4_P0_L5_I1_T1__S01,U4,P0,
X_A0_U4_P0_L5_I1_T2,position_prior_screening,Phase4 L5 single-I position row.,34,17,40661,85.47448445741946,152.42856784796194,179.77985863939665,102.7596125254217,40661,55.760345082962665,113.1350170241964,133.6914160597364,73.51561817793596,40661,49.841723404892946,116.5822884736092,142.42567890798773,71.79827191716201,87.23322497221076,159.3548929909237,99.03818323295857,116.9607681264635,111.65151449870802,78.74440205380304,72.25602018178459,29.181745611893575,47.100495569792145,75.29909139867686,122.78291539162274,nan,nan,nan,1.0,0.8320340557990837,4.0899696775048655,nan,nan,17,198.21841842739312,27.850316589828537,396.27102365065923,A0,L5,I1,T2,position_fusion,S01,X_A0_U4_P0_L5_I1_T2__S01,U4,P0,
X_A0_U4_P0_L5_I1_T3,loose_ekf_screening,Phase4 L5 single-I position row.,34,17,40661,92.43612020116822,177.80473806855068,215.2366124564725,120.00729537710517,40661,58.83146221242733,127.98310306260731,154.40082057960674,81.5832554419335,40661,55.97628141456357,137.4832272953356,171.90046879012527,88.01092758983962,92.34691429981567,195.56393394290495,114.30690273095863,142.69493113529097,147.79497978976832,85.64401761383641,68.48055034216927,31.91058507052321,55.77322411946142,87.18279883529941,145.68847490481352,nan,nan,nan,1.0,0.33838908808509005,2.101867488579445,nan,nan,17,166.29545377973992,25.97038796791105,447.09994612109807,A0,L5,I1,T3,position_fusion,S01,X_A0_U4_P0_L5_I1_T3__S01,U4,P0,
X_A0_U4_P0_L5_I1_T4,loose_ukf_screening,Phase4 L5 single-I position row.,34,17,40661,90.94484467523577,173.51555911322956,208.7993300420436,116.78414793642838,40661,57.933294862282516,125.31710426477343,149.79209997875643,79.85323364671369,40661,55.082680190449764,133.76162692984258,166.63033023822948,85.21735906140805,91.33493540011054,191.18326119610936,112.13830674017731,138.32545907257958,140.30621591693787,83.01305848698264,69.54902428691909,30.373794511458186,55.06333292191974,86.41940384345816,144.19650271268995,nan,nan,nan,1.0,0.4405343695900019,2.7053714130640842,nan,nan,17,184.773011692969,25.99656836180344,511.0306754076417,A0,L5,I1,T4,position_fusion,S01,X_A0_U4_P0_L5_I1_T4__S01,U4,P0,
X_A0_U4_P0_L5_I1_T5,error_state_ekf_screening,Phase4 L5 single-I position row.,34,17,40661,96.376634898886,190.741971653801,233.35348026146374,128.6687998259644,40661,61.61214993327181,135.3542530008797,164.72897172786182,86.33478990639217,40661,58.29824075360398,148.28070201643118,186.66460654040623,95.40421426998509,98.59911127357128,208.25030862616933,121.41634858232632,148.90618082381465,164.17724577991564,82.9641109969026,69.38162894705181,33.55289436879639,57.40559590251681,89.06021880322685,159.07465717925547,nan,nan,nan,1.0,0.2541211773969904,1.5245297372252944,nan,nan,17,122.2468928223352,26.19384614804011,303.8500560150682,A0,L5,I1,T5,position_fusion,S01,X_A0_U4_P0_L5_I1_T5__S01,U4,P0,
X_A0_U4_P0_L5_I2_T1,uwb_only_control_repeated_for_matrix,Phase4 L5 single-I position row.,34,17,40661,102.63336074100665,208.3503804473449,256.9324074144989,141.2659848479643,40661,66.14323345844781,145.82607164755368,178.9530610667181,93.41834672726387,40661,61.57092076688957,163.1159939953268,205.89630418252534,105.96740522354024,105.83784720842489,231.80213799547772,132.8297379891087,167.47209082957747,187.38314568289843,81.85817424679973,68.97030504345247,38.73430278830949,59.73216676551951,97.22019722085113,173.57057176081128,nan,nan,nan,nan,nan,nan,nan,nan,17,80.07935390701408,26.371865070121885,172.16272100899002,A0,L5,I2,T1,uwb_only,S01,X_A0_U4_P0_L5_I2_T1__S01,U4,P0,
X_A0_U4_P0_L5_I2_T2,position_prior_screening,Phase4 L5 single-I position row.,34,17,40661,83.22299812113428,148.09446075089235,173.06939935857724,99.56298287720928,40661,54.9047406025223,110.93664846998651,131.23980837352102,71.85226261371636,40661,48.740015633025905,110.6644130815107,133.76390933482185,68.92053334599933,84.17782994432332,154.93610739654258,97.04074400133021,114.76587075958999,114.99062975233007,76.39296478005711,67.30281479107089,31.80467425338952,46.79302985223998,73.23203855406351,120.06675812601665,nan,nan,nan,1.0,0.8269076582879404,4.037084015057664,nan,nan,17,172.48285281190118,27.98488958213619,404.9961410711876,A0,L5,I2,T2,position_fusion,S01,X_A0_U4_P0_L5_I2_T2__S01,U4,P0,
X_A0_U4_P0_L5_I2_T3,loose_ekf_screening,Phase4 L5 single-I position row.,34,17,40661,91.62060832943801,176.79440127031765,213.79390808660685,118.88745770190643,40661,58.307928767942116,127.04444667915651,153.38303148882085,80.94491986394834,40661,55.40641340867444,136.27755373334264,169.23142652594402,87.07552783096735,93.28244128830877,192.46532784562785,114.89793133411874,137.98385597007558,148.37257111000446,85.98238025710486,70.44953763638476,31.104879876130155,55.63641917202128,87.0057973568264,146.76253787377993,nan,nan,nan,1.0,0.3437003599261277,2.1349651451606633,nan,nan,17,169.0446679127911,25.99210613962981,453.87231865841926,A0,L5,I2,T3,position_fusion,S01,X_A0_U4_P0_L5_I2_T3__S01,U4,P0,
X_A0_U4_P0_L5_I2_T4,loose_ukf_screening,Phase4 L5 single-I position row.,34,17,40661,89.98214944299511,171.70434655503558,207.26600047998406,115.48570179038457,40661,57.364393309790266,124.1125528504244,149.13925178553689,79.11577639555834,40661,54.44437763780047,131.8863051400548,164.0942624622491,84.12871830323846,91.91623986626277,185.1603460061167,112.62895540364701,134.48063601386426,143.70752799152038,85.90190406828069,72.00579709057953,30.498660881979447,54.90592561310396,86.2063365978629,144.78369933570033,nan,nan,nan,1.0,0.4408833292633514,2.7595494650923236,nan,nan,17,187.0075231223905,26.037082553002335,514.7516024515876,A0,L5,I2,T4,position_fusion,S01,X_A0_U4_P0_L5_I2_T4__S01,U4,P0,
X_A0_U4_P0_L5_I2_T5,error_state_ekf_screening,Phase4 L5 single-I position row.,34,17,40661,95.95368633726117,189.74288194380478,232.06336152133005,127.9388464824097,40661,61.396858577817326,134.7988968378974,163.75692691794427,85.91670871043631,40661,58.07244783597207,147.2712896766834,185.33734947440558,94.7980358637015,98.98569255967357,207.61394649707557,121.54333473498653,148.07540315823508,164.43358347997494,83.7282791809592,69.17439445153786,32.507746235386776,57.305359425961655,88.94645133569324,158.89813208556527,nan,nan,nan,1.0,0.26279363347653245,1.6484941878042392,nan,nan,17,124.38188615527929,26.181955902240702,310.1081610267943,A0,L5,I2,T5,position_fusion,S01,X_A0_U4_P0_L5_I2_T5__S01,U4,P0,
X_A0_U4_P0_L5_I3_T1,uwb_only_control_repeated_for_matrix,Phase4 L5 single-I position row.,34,17,40661,102.63336074100665,208.3503804473449,256.9324074144989,141.2659848479643,40661,66.14323345844781,145.82607164755368,178.9530610667181,93.41834672726387,40661,61.57092076688957,163.1159939953268,205.89630418252534,105.96740522354024,105.83784720842489,231.80213799547772,132.8297379891087,167.47209082957747,187.38314568289843,81.85817424679973,68.97030504345247,38.73430278830949,59.73216676551951,97.22019722085113,173.57057176081128,nan,nan,nan,nan,nan,nan,nan,nan,17,80.07935390701408,26.371865070121885,172.16272100899002,A0,L5,I3,T1,uwb_only,S01,X_A0_U4_P0_L5_I3_T1__S01,U4,P0,
X_A0_U4_P0_L5_I3_T2,position_prior_screening,Phase4 L5 single-I position row.,34,17,40661,84.55776602385679,150.20967692966502,174.1099635704526,101.26686864612614,40661,54.32447604118262,111.03010535300463,131.27306449031886,70.98956225866073,40661,50.49099432642265,117.03594206106868,141.4385047990504,72.21814685877433,85.14468823849444,156.99871630943554,96.47630961959608,112.76216869357391,116.73807463963462,85.83277932774206,64.62112593341206,28.540592450423787,45.12127309616213,75.27295473387407,127.5315843281285,nan,nan,nan,1.0,0.8115509777610246,3.9309905829539593,nan,nan,17,283.41320866871274,28.518469729220215,506.88425791602646,A0,L5,I3,T2,position_fusion,S01,X_A0_U4_P0_L5_I3_T2__S01,U4,P0,
X_A0_U4_P0_L5_I3_T3,loose_ekf_screening,Phase4 L5 single-I position row.,34,17,40661,91.46042554765509,175.39109148570753,210.83469183782967,117.91338773760405,40661,57.737168380751314,126.21793864664785,152.00523943637546,80.11703261007214,40661,55.86577105855099,135.80331291568365,167.96715079144838,86.51490099118872,92.86194462218393,188.86109592035774,114.55567709024675,138.8968838493994,149.46168764834485,84.15054057939125,70.77147861602012,30.66144595723631,55.282484554677666,86.53317753482222,144.3348807340349,nan,nan,nan,1.0,0.3773697706814109,2.2584774566042523,nan,nan,17,181.41768062258913,26.0373725129773,509.09532510953494,A0,L5,I3,T3,position_fusion,S01,X_A0_U4_P0_L5_I3_T3__S01,U4,P0,
X_A0_U4_P0_L5_I3_T4,loose_ukf_screening,Phase4 L5 single-I position row.,34,17,40661,90.02805519203396,170.45258714659988,204.86303430448515,114.76099487009175,40661,56.720764073828164,123.50764866315438,147.9885706384507,78.32304633904181,40661,55.165081472908014,132.14168547844815,162.98381902166489,83.87840220071871,90.90384527127338,183.61079986901765,112.5947970301884,135.27527020508643,143.44125182577233,83.93718720950307,72.52802189396516,29.867255243300065,54.49801819445216,85.68899293704666,143.20340986637564,nan,nan,nan,1.0,0.4857020876420779,2.875434807186848,nan,nan,17,201.53649835665672,26.137083489782867,562.6895042194091,A0,L5,I3,T4,position_fusion,S01,X_A0_U4_P0_L5_I3_T4__S01,U4,P0,
X_A0_U4_P0_L5_I3_T5,error_state_ekf_screening,Phase4 L5 single-I position row.,34,17,40661,95.57649334521874,187.997913667181,229.05057411675278,126.6966591275654,40661,60.81034040730994,133.75159625263072,162.05728220985216,85.10563704075257,40661,57.89989941604222,145.98120743052004,183.11750833442397,93.85666720044019,98.33068361421635,204.0075137030121,120.43173350883515,148.38782426562125,164.00792333036185,84.39495773490569,70.69189241884064,33.69544204488142,57.029030591677554,88.59463853258626,155.58899412376547,nan,nan,nan,1.0,0.29500713946376467,1.749572862672578,nan,nan,17,131.90953610040623,26.13162674638346,337.9784696393833,A0,L5,I3,T5,position_fusion,S01,X_A0_U4_P0_L5_I3_T5__S01,U4,P0,
X_A0_U4_P0_L5_I4_T1,uwb_only_control_repeated_for_matrix,Phase4 L5 single-I position row.,34,17,40661,102.63336074100665,208.3503804473449,256.9324074144989,141.2659848479643,40661,66.14323345844781,145.82607164755368,178.9530610667181,93.41834672726387,40661,61.57092076688957,163.1159939953268,205.89630418252534,105.96740522354024,105.83784720842489,231.80213799547772,132.8297379891087,167.47209082957747,187.38314568289843,81.85817424679973,68.97030504345247,38.73430278830949,59.73216676551951,97.22019722085113,173.57057176081128,nan,nan,nan,nan,nan,nan,nan,nan,17,80.07935390701408,26.371865070121885,172.16272100899002,A0,L5,I4,T1,uwb_only,S01,X_A0_U4_P0_L5_I4_T1__S01,U4,P0,
X_A0_U4_P0_L5_I4_T2,position_prior_screening,Phase4 L5 single-I position row.,34,17,40661,84.15934839772112,143.533420261775,165.67702071568303,98.02783744236001,40661,54.68633131037988,105.83366953552331,122.09652441296711,68.87947624024255,40661,49.155641719640016,113.97161522649537,136.54944769108158,69.75008721496783,84.3579067775699,146.09574728547264,92.76005494362735,111.57955476921242,106.98807082761655,68.21472461195559,60.42335102938851,29.014799139564843,43.38477721734915,76.21123134758847,132.95801413821465,nan,nan,nan,1.0,0.7827714370486747,4.020709987439393,nan,nan,17,205.34192776247744,28.733447860335218,460.53838794564075,A0,L5,I4,T2,position_fusion,S01,X_A0_U4_P0_L5_I4_T2__S01,U4,P0,
X_A0_U4_P0_L5_I4_T3,loose_ekf_screening,Phase4 L5 single-I position row.,34,17,40661,91.0864726030442,172.72545643095114,207.21082390373016,116.30667008194062,40661,57.5906609186959,124.30617885706367,148.36759612490462,79.15556903528332,40661,55.37680978036951,134.1269924797989,165.64493925097963,85.21524157244336,90.73424969637082,186.88795273709022,113.51790449819458,137.2885076733329,144.2894530823578,78.10463150008883,72.27876244558587,28.577336449494396,54.97549971432309,86.26978869343296,145.26193457733626,nan,nan,nan,1.0,0.39048144602349594,2.3932264200237725,nan,nan,17,193.8568678842736,26.055072620723422,544.4732191288476,A0,L5,I4,T3,position_fusion,S01,X_A0_U4_P0_L5_I4_T3__S01,U4,P0,
X_A0_U4_P0_L5_I4_T4,loose_ukf_screening,Phase4 L5 single-I position row.,34,17,40661,89.70788179653833,167.47179621952614,200.72586696750426,113.0176883557959,40661,56.57840084858386,120.97619791661772,144.08271083885546,77.26415002441568,40661,54.784462039100845,129.9730765130812,160.45333372120808,82.48181012982431,89.17611913785689,182.65206702070313,110.43987630719789,133.10103908205912,137.5235613730899,76.82689069654398,72.783085331634,26.960862156519738,54.119762102452086,85.42019750756701,143.51757947354116,nan,nan,nan,1.0,0.48984255978112656,2.9812018945745296,nan,nan,17,216.03870669109548,25.70521524444706,612.414413173471,A0,L5,I4,T4,position_fusion,S01,X_A0_U4_P0_L5_I4_T4__S01,U4,P0,
X_A0_U4_P0_L5_I4_T5,error_state_ekf_screening,Phase4 L5 single-I position row.,34,17,40661,95.15893195604099,186.1597991956056,226.14385366381723,125.43682248381123,40661,60.536443001029156,132.35675409631696,160.4358996056814,84.37190262296158,40661,57.59111603582028,144.6134326134645,181.04491273734834,92.82121784708849,97.84632949568734,203.85618904117223,119.93116579964551,147.95428871966186,161.7626656290407,80.2433180537497,71.92796327761248,33.12651368721015,56.821366390245856,88.37349657550199,153.46165477818795,nan,nan,nan,1.0,0.3199498866592886,1.8852543665602368,nan,nan,17,138.52564880968242,26.093143871606912,358.29751001230693,A0,L5,I4,T5,position_fusion,S01,X_A0_U4_P0_L5_I4_T5__S01,U4,P0,
X_A0_U4_P0_L5_I5_T1,uwb_only_control_repeated_for_matrix,Phase4 L5 single-I position row.,34,17,40661,102.63336074100665,208.3503804473449,256.9324074144989,141.2659848479643,40661,66.14323345844781,145.82607164755368,178.9530610667181,93.41834672726387,40661,61.57092076688957,163.1159939953268,205.89630418252534,105.96740522354024,105.83784720842489,231.80213799547772,132.8297379891087,167.47209082957747,187.38314568289843,81.85817424679973,68.97030504345247,38.73430278830949,59.73216676551951,97.22019722085113,173.57057176081128,nan,nan,nan,nan,nan,nan,nan,nan,17,80.07935390701408,26.371865070121885,172.16272100899002,A0,L5,I5,T1,uwb_only,S01,X_A0_U4_P0_L5_I5_T1__S01,U4,P0,
X_A0_U4_P0_L5_I5_T2,position_prior_screening,Phase4 L5 single-I position row.,34,17,40661,79.22691592304187,135.2778830969327,156.25129194371988,92.74004936705236,40661,52.73372667569555,100.88820157871828,118.42320397032314,65.84311441920258,40661,47.19598688440101,104.74910427087548,125.36316652987978,65.31003782102033,80.74876717113034,132.69251555936745,88.12089338247895,98.10605933316737,109.787466860672,80.71669623438603,65.00444145642933,39.26767138480051,37.6766230121539,72.08301670944846,118.02048218641085,nan,nan,nan,1.0,0.852697939734991,4.145779354968099,nan,nan,17,327.5479202080652,29.33302931191355,537.3891279052671,A0,L5,I5,T2,position_fusion,S01,X_A0_U4_P0_L5_I5_T2__S01,U4,P0,
X_A0_U4_P0_L5_I5_T3,loose_ekf_screening,Phase4 L5 single-I position row.,34,17,40661,88.26687082906761,165.02381812283173,197.9476670079411,111.32425713364393,40661,56.055135936213986,120.30036417894979,143.57720195562996,76.55685983430618,40661,53.87249816369604,127.89116818326374,157.52660708737812,80.82163966827243,90.05511087541775,178.4399891445093,108.23374004755809,130.98974323598935,135.01549189033813,87.27480648042354,70.96608811343702,28.707037426107604,53.66271980197669,84.90211813317993,142.59561576136426,nan,nan,nan,1.0,0.4538406950846994,2.7953764638781777,nan,nan,17,227.36436613568762,25.494369857622303,630.5550821388224,A0,L5,I5,T3,position_fusion,S01,X_A0_U4_P0_L5_I5_T3__S01,U4,P0,
X_A0_U4_P0_L5_I5_T4,loose_ukf_screening,Phase4 L5 single-I position row.,34,17,40661,86.81595646011301,160.1606874558435,190.89342835247137,107.97599613343266,40661,55.247449092853934,116.87886046154897,139.16315786550382,74.65345854961178,40661,53.079695898301,124.03327147296346,152.40174621768512,78.01074841064184,88.06409754502363,172.47549340474467,104.76971956713447,127.33542666399646,129.68400366591442,86.2433717314135,70.80248408916894,30.72897229021123,52.484641047056925,81.93546598353558,140.45485555321622,nan,nan,nan,1.0,0.5718919465342877,3.4317145998200815,nan,nan,17,249.90309079238313,25.526291212663466,659.516391545609,A0,L5,I5,T4,position_fusion,S01,X_A0_U4_P0_L5_I5_T4__S01,U4,P0,
X_A0_U4_P0_L5_I5_T5,error_state_ekf_screening,Phase4 L5 single-I position row.,34,17,40661,92.75373689271139,179.65825809035408,217.48551966228257,120.82522551833077,40661,59.039952813683726,128.73557897505,155.1037336171966,81.89741724199041,40661,56.22770978253834,139.22820494466043,173.47197474229415,88.83438619502483,95.06511001281203,196.91509716911395,116.06939393847762,141.86221955917517,151.54460380357136,85.57472246046228,70.9033481400246,31.953995326041422,55.95257816534439,87.3243995547848,146.05498941044368,nan,nan,nan,1.0,0.4054712739724592,2.4438558464178977,nan,nan,17,164.0019183311641,26.001820533588955,441.0810944578508,A0,L5,I5,T5,position_fusion,S01,X_A0_U4_P0_L5_I5_T5__S01,U4,P0,
X_A0_U4_P0_L5_I6_T1,uwb_only_control_repeated_for_matrix,Phase4 L5 single-I position row.,34,17,40661,102.63336074100665,208.3503804473449,256.9324074144989,141.2659848479643,40661,66.14323345844781,145.82607164755368,178.9530610667181,93.41834672726387,40661,61.57092076688957,163.1159939953268,205.89630418252534,105.96740522354024,105.83784720842489,231.80213799547772,132.8297379891087,167.47209082957747,187.38314568289843,81.85817424679973,68.97030504345247,38.73430278830949,59.73216676551951,97.22019722085113,173.57057176081128,nan,nan,nan,nan,nan,nan,nan,nan,17,80.07935390701408,26.371865070121885,172.16272100899002,A0,L5,I6,T1,uwb_only,S01,X_A0_U4_P0_L5_I6_T1__S01,U4,P0,
X_A0_U4_P0_L5_I6_T2,position_prior_screening,Phase4 L5 single-I position row.,34,17,40661,80.35289826609892,143.13124830346482,165.84418426746487,95.85627581420735,40661,53.15207319675518,106.97136193479287,126.13603606420233,68.70625747092546,40661,46.13159936353691,107.86150370611824,133.66653960823015,66.84217080038836,80.68853289379871,142.87906212931645,92.95901057281873,111.08078739565875,107.3592484631419,77.9976996308217,75.04747079693445,29.8238669601767,40.04102441064748,69.9080118820481,110.46347370674536,nan,nan,nan,1.0,0.8530196121538884,4.218312895222355,nan,nan,17,208.82719547647326,29.174685496994982,537.0323982475306,A0,L5,I6,T2,position_fusion,S01,X_A0_U4_P0_L5_I6_T2__S01,U4,P0,
X_A0_U4_P0_L5_I6_T3,loose_ekf_screening,Phase4 L5 single-I position row.,34,17,40661,89.03338323577542,168.5795340247671,202.7116025080432,113.44432628027195,40661,56.78707226391808,122.53561313497161,146.7490800301642,77.98385686197959,40661,54.22347548664493,129.66517648270838,160.3891563634271,82.39012825645483,87.96561727513105,179.56136097352794,106.35917142408888,135.11827878003245,141.302267673315,80.96285855817617,71.06889242605197,28.91602882027621,54.27101229080117,85.50466576867815,143.50646838262364,nan,nan,nan,1.0,0.42936506437789684,2.610532029229046,nan,nan,17,207.35299925759,26.114743896948085,586.332989534862,A0,L5,I6,T3,position_fusion,S01,X_A0_U4_P0_L5_I6_T3__S01,U4,P0,
X_A0_U4_P0_L5_I6_T4,loose_ukf_screening,Phase4 L5 single-I position row.,34,17,40661,87.65137965020999,163.69870943589694,195.4496834237504,110.13374140551518,40661,55.86447064517866,119.24084517586665,142.85239044636566,76.18237254403665,40661,53.32163812150293,125.54885175096001,155.49328684133957,79.53418830627808,86.28321424813579,174.85563503477715,103.20552792854497,130.43021370414425,136.5180614424443,79.37880120736119,71.09947195636713,29.24961911453363,53.25361653918142,83.33561172813322,141.87772590571737,nan,nan,nan,1.0,0.5326055937202262,3.1897086297476838,nan,nan,17,226.456034636291,25.583744632217304,627.6506968299535,A0,L5,I6,T4,position_fusion,S01,X_A0_U4_P0_L5_I6_T4__S01,U4,P0,
X_A0_U4_P0_L5_I6_T5,error_state_ekf_screening,Phase4 L5 single-I position row.,34,17,40661,93.56959812932472,182.23093620002103,220.7173952854715,122.82023031813974,40661,59.752191773567276,130.7889142424175,157.9265516009091,83.11403151509356,40661,56.61632986411405,140.91748002244947,176.08297365192624,90.4260291105881,93.86573590188767,196.65023399552103,115.22695838211655,144.58525121269338,156.3756006087792,84.61758576226578,70.65714927303284,32.726500765375135,56.3394391162511,87.79262236115571,149.46297360814398,nan,nan,nan,1.0,0.36247890446274345,2.2257690455977137,nan,nan,17,150.97976187272815,26.01528351784566,396.7120829310046,A0,L5,I6,T5,position_fusion,S01,X_A0_U4_P0_L5_I6_T5__S01,U4,P0,
X_A0_U4_P0_L5_I7_T1,uwb_only_control_repeated_for_matrix,Phase4 L5 single-I position row.,34,17,40661,102.63336074100665,208.3503804473449,256.9324074144989,141.2659848479643,40661,66.14323345844781,145.82607164755368,178.9530610667181,93.41834672726387,40661,61.57092076688957,163.1159939953268,205.89630418252534,105.96740522354024,105.83784720842489,231.80213799547772,132.8297379891087,167.47209082957747,187.38314568289843,81.85817424679973,68.97030504345247,38.73430278830949,59.73216676551951,97.22019722085113,173.57057176081128,nan,nan,nan,nan,nan,nan,nan,nan,17,80.07935390701408,26.371865070121885,172.16272100899002,A0,L5,I7,T1,uwb_only,S01,X_A0_U4_P0_L5_I7_T1__S01,U4,P0,
X_A0_U4_P0_L5_I7_T2,position_prior_screening,Phase4 L5 single-I position row.,34,17,40661,84.0737912442972,149.00758226388663,172.20235089176242,100.96558695789615,40661,55.78741675456887,112.17192444176658,134.65017096742469,72.40504214845801,40661,48.27823349272853,113.7080803929939,137.01414690915783,70.36731926990333,83.60193047982625,157.41271728492205,96.99789672010104,118.96491774649058,122.38071107448685,78.96436832650441,59.432541500236695,37.1568310208815,46.31493697735138,78.29492148651183,133.7704149079779,nan,nan,nan,1.0,0.8224209792111039,3.9838346813001886,nan,nan,17,311.9817079342679,27.968805346587942,747.4395433484135,A0,L5,I7,T2,position_fusion,S01,X_A0_U4_P0_L5_I7_T2__S01,U4,P0,
X_A0_U4_P0_L5_I7_T3,loose_ekf_screening,Phase4 L5 single-I position row.,34,17,40661,91.33510978530309,176.8450934123904,213.635734132897,118.82403643457954,40661,58.31876813701108,127.43674343927195,153.75504592777605,80.98428695912435,40661,55.24446445438423,136.46044799612287,169.25176740941436,86.952267942409,93.30254023325564,194.59972734913413,114.77897500619213,143.11195899163636,155.5105921357381,81.1159709210497,65.0768518674888,30.308924863600794,55.56864106177068,86.89566409255656,145.8048721682933,nan,nan,nan,1.0,0.3554678275199399,2.1188632005478896,nan,nan,17,176.21002104152376,25.982478593033022,483.84227341619044,A0,L5,I7,T3,position_fusion,S01,X_A0_U4_P0_L5_I7_T3__S01,U4,P0,
X_A0_U4_P0_L5_I7_T4,loose_ukf_screening,Phase4 L5 single-I position row.,34,17,40661,89.69977262138566,172.15083125795533,207.0243632396434,115.5161618816729,40661,57.399564983534006,124.78734465868102,150.11776141203887,79.2169380228196,40661,54.2889676176942,132.04373743372463,163.63653850431672,84.07532566788915,91.61473885177094,188.71083274241397,112.5239963626215,141.03464356654175,151.03967528206942,79.01317283031958,64.96386106356495,28.199458094488364,54.825106269982825,86.08039736026483,144.323055669446,nan,nan,nan,1.0,0.46594653838714134,2.7226009328948244,nan,nan,17,198.54246555114116,26.031099970189757,561.8006788359542,A0,L5,I7,T4,position_fusion,S01,X_A0_U4_P0_L5_I7_T4__S01,U4,P0,
X_A0_U4_P0_L5_I7_T5,error_state_ekf_screening,Phase4 L5 single-I position row.,34,17,40661,95.75046829111726,189.6606668925771,231.784888557937,127.7582962695728,40661,61.29027602136145,134.7521489018501,163.9944710248067,85.85583654923167,40661,58.03420316251504,147.02029039776153,184.75914807345328,94.60950055959262,98.79569775797867,205.34189628403513,121.50074692976898,149.99054228375968,167.98742018719133,81.98987701897207,67.60403064129548,31.348976953750594,57.25594891546692,88.87275511199694,157.42818338084646,nan,nan,nan,1.0,0.2701743005359235,1.6512182497622816,nan,nan,17,126.63300147541186,26.165523706653744,319.38999447239155,A0,L5,I7,T5,position_fusion,S01,X_A0_U4_P0_L5_I7_T5__S01,U4,P0,
X_A0_U4_P0_L5_I8_T1,uwb_only_control_repeated_for_matrix,Phase4 L5 single-I position row.,34,17,40661,102.63336074100665,208.3503804473449,256.9324074144989,141.2659848479643,40661,66.14323345844781,145.82607164755368,178.9530610667181,93.41834672726387,40661,61.57092076688957,163.1159939953268,205.89630418252534,105.96740522354024,105.83784720842489,231.80213799547772,132.8297379891087,167.47209082957747,187.38314568289843,81.85817424679973,68.97030504345247,38.73430278830949,59.73216676551951,97.22019722085113,173.57057176081128,nan,nan,nan,nan,nan,nan,nan,nan,17,80.07935390701408,26.371865070121885,172.16272100899002,A0,L5,I8,T1,uwb_only,S01,X_A0_U4_P0_L5_I8_T1__S01,U4,P0,
X_A0_U4_P0_L5_I8_T2,position_prior_screening,Phase4 L5 single-I position row.,34,17,40661,83.87505998544714,143.40460020178332,164.35739666741478,97.25149399165774,40661,52.768439572980796,104.44890698766427,122.68243322565074,67.52938925439642,40661,50.77671408348806,113.70188969892467,135.70159908610503,69.98310275014711,85.9956985713716,152.40146083659826,98.1512145248495,109.69808990448973,113.89542021296967,74.52743106371685,64.8444329905558,31.69199493756952,41.49479067702157,75.84428084797707,131.41183545645845,nan,nan,nan,1.0,0.8304627772845115,4.222461801990529,nan,nan,17,349.538992006414,29.203860553344953,698.7210386719363,A0,L5,I8,T2,position_fusion,S01,X_A0_U4_P0_L5_I8_T2__S01,U4,P0,
X_A0_U4_P0_L5_I8_T3,loose_ekf_screening,Phase4 L5 single-I position row.,34,17,40661,89.90086826285531,170.44338903630813,204.20274837795094,114.66430454633985,40661,56.480314658180625,122.7147002724337,146.79928480664194,77.92595894842101,40661,55.316398500611285,132.58833317941344,163.16013498817608,84.11568022113816,90.80257935205373,188.36852741515568,112.13996139017046,136.78045232507594,143.87164944578842,82.24333990799077,73.0773569324229,27.144422408496666,54.5894924791842,85.8373882241386,143.6895129116197,nan,nan,nan,1.0,0.41143038704429535,2.5816240869376244,nan,nan,17,205.8189191751523,25.573594750674943,581.568167788008,A0,L5,I8,T3,position_fusion,S01,X_A0_U4_P0_L5_I8_T3__S01,U4,P0,
X_A0_U4_P0_L5_I8_T4,loose_ukf_screening,Phase4 L5 single-I position row.,34,17,40661,88.69860667986174,165.03240424741333,197.18165162828956,111.38003016268476,40661,55.34965086203365,119.5517998713837,142.49281523695188,75.95288172329633,40661,54.81007015608179,128.8047858453486,158.17424246481255,81.46576506095998,88.78350513558762,182.88371866919343,108.90365894788596,133.94096607662024,139.13340783696466,81.4117489335557,72.63523116434813,28.509591140418138,53.65052762783324,84.5313297559889,142.13016774022742,nan,nan,nan,1.0,0.5244789629506189,3.1645018580235984,nan,nan,17,231.18870971258352,25.566034916394017,648.0726428743677,A0,L5,I8,T4,position_fusion,S01,X_A0_U4_P0_L5_I8_T4__S01,U4,P0,
X_A0_U4_P0_L5_I8_T5,error_state_ekf_screening,Phase4 L5 single-I position row.,34,17,40661,94.25871452234877,184.06803368095763,222.89089698361246,123.92643606153335,40661,59.731828904327394,131.30112967926715,158.70467705643455,83.37989138926258,40661,57.36971250129136,143.08868676030818,178.79816288233826,91.68181535521694,96.09823110686001,202.37522782210323,118.6702282247947,145.5269311315143,159.26812145137882,82.36325348134797,71.89127215731139,32.70197537025399,56.549045130965624,88.03834588274074,149.73669941847083,nan,nan,nan,1.0,0.34591381080930894,2.0534998461563303,nan,nan,17,145.98775769046333,26.02224468593994,381.69342350062766,A0,L5,I8,T5,position_fusion,S01,X_A0_U4_P0_L5_I8_T5__S01,U4,P0,
X_A0_U4_P1_L5_I0_T1,uwb_only_control_repeated_for_matrix,Phase4 L5 single-I position row.,34,17,40661,90.86313505746062,168.24992200296256,199.00426158806093,112.37174792300362,40661,58.113408191974486,124.380397732544,149.19393091747432,79.26576753815846,40661,54.128325073648966,128.36082224300344,156.34679778388966,79.6514144749338,91.59488376343415,179.58127537090328,108.45297140199528,136.75063575254956,130.3527592861834,81.02722185066435,66.48768431177768,39.975175203011474,52.159614853042,80.67868150580183,134.40891161834998,nan,nan,nan,nan,nan,nan,nan,nan,17,229.70240323044717,24.512399451277986,588.1992618922463,A0,L5,I0,T1,uwb_only,S01,X_A0_U4_P1_L5_I0_T1__S01,U4,P1,
X_A0_U4_P1_L5_I0_T2,position_prior_screening,Phase4 L5 single-I position row.,34,17,40661,86.03666272973351,155.1879164756221,180.4237977848735,104.04012206052371,40661,56.190551220814214,114.3704328926825,137.3718787389821,74.127444318746,40661,50.55676779113787,119.49387389584206,143.19688975358372,73.00321223850277,89.42623325917535,162.31228019083403,99.7227980186747,122.35645093271786,123.67037683985237,84.81790099678301,73.3497197920942,25.45639349789269,49.57969619899333,82.73088679719191,135.1054022935276,nan,nan,nan,1.0,0.29172061409543726,1.3762013164627995,nan,nan,17,270.2751673140677,27.70663320268966,713.4218131791748,A0,L5,I0,T2,position_fusion,S01,X_A0_U4_P1_L5_I0_T2__S01,U4,P1,
X_A0_U4_P1_L5_I0_T3,loose_ekf_screening,Phase4 L5 single-I position row.,34,17,40661,88.78401968994949,163.69175633596768,193.95918401921338,109.52460252148653,40661,56.61590009308459,120.76125984102119,145.57346925249573,77.21425768579248,40661,53.221726152179826,125.16328423883544,152.15387259839235,77.67623167688846,89.88737016517629,173.31460992209037,106.3513352108439,134.13358796200328,127.3323002850709,80.26521957889835,68.54576625645448,38.286173281218,51.68864341428565,79.89039424833362,133.88921505576482,nan,nan,nan,1.0,0.053450073973984075,0.2760289876229728,nan,nan,17,251.41173498828564,24.575502686513175,666.2016628218856,A0,L5,I0,T3,position_fusion,S01,X_A0_U4_P1_L5_I0_T3__S01,U4,P1,
X_A0_U4_P1_L5_I0_T4,loose_ukf_screening,Phase4 L5 single-I position row.,34,17,40661,88.24257523020444,162.3752007433809,192.3908664500382,108.72470501310812,40661,56.30245210107452,119.75657239483144,144.428905090083,76.66822008297986,40661,53.016856870161746,124.0647697175649,150.72743509188467,77.09115065618843,89.61853694749604,171.9713729952622,106.65044861865837,132.22563836652694,126.5531322175479,80.8568424055417,69.29032802977791,38.14229089285391,51.52830102831018,79.68576830099134,133.82509478517838,nan,nan,nan,1.0,0.07965214953754801,0.40654466724241867,nan,nan,17,257.846982156308,24.61061918049967,689.209320117547,A0,L5,I0,T4,position_fusion,S01,X_A0_U4_P1_L5_I0_T4__S01,U4,P1,
X_A0_U4_P1_L5_I0_T5,error_state_ekf_screening,Phase4 L5 single-I position row.,34,17,40661,89.97928223301075,166.2982980505405,196.77379890000995,111.12157788172757,40661,57.42080698962058,122.7152142123414,147.44757932932697,78.34672119644782,40661,53.68500489846451,126.9833889604459,154.42361328490222,78.80226106331543,90.83746737558096,177.04583625928342,107.13157889194659,136.00545485957082,128.65107934798675,79.68934144980815,67.29454783786727,39.45916034301831,51.98072868810948,80.33670124729944,134.31417271843114,nan,nan,nan,1.0,0.028523166818773586,0.14746913498347236,nan,nan,17,238.89518289458707,24.53022779960486,621.200128735449,A0,L5,I0,T5,position_fusion,S01,X_A0_U4_P1_L5_I0_T5__S01,U4,P1,
X_A0_U4_P1_L5_I1_T1,uwb_only_control_repeated_for_matrix,Phase4 L5 single-I position row.,34,17,40661,90.86313505746062,168.24992200296256,199.00426158806093,112.37174792300362,40661,58.113408191974486,124.380397732544,149.19393091747432,79.26576753815846,40661,54.128325073648966,128.36082224300344,156.34679778388966,79.6514144749338,91.59488376343415,179.58127537090328,108.45297140199528,136.75063575254956,130.3527592861834,81.02722185066435,66.48768431177768,39.975175203011474,52.159614853042,80.67868150580183,134.40891161834998,nan,nan,nan,nan,nan,nan,nan,nan,17,229.70240323044717,24.512399451277986,588.1992618922463,A0,L5,I1,T1,uwb_only,S01,X_A0_U4_P1_L5_I1_T1__S01,U4,P1,
X_A0_U4_P1_L5_I1_T2,position_prior_screening,Phase4 L5 single-I position row.,34,17,40661,81.5958549417262,143.0221757235492,169.19306135298643,97.03867103030005,40661,53.15708919504897,107.92521667513593,127.66626430812384,70.29798091779116,40661,47.80686751088331,106.48556215492658,132.57702625192377,66.89318017712017,83.1090179582322,138.21576730221608,90.21165276020949,109.88264270493502,104.51773561056703,77.74119424562488,70.28400452877581,26.957677776070796,42.877778256032514,76.89081988377878,122.70687752156033,nan,nan,nan,1.0,0.47606575034796195,1.9916703730264853,nan,nan,17,211.28218378739072,28.138483372043027,397.8011528685221,A0,L5,I1,T2,position_fusion,S01,X_A0_U4_P1_L5_I1_T2__S01,U4,P1,
X_A0_U4_P1_L5_I1_T3,loose_ekf_screening,Phase4 L5 single-I position row.,34,17,40661,85.8022531392154,156.35425654153497,184.92942960606726,105.12089817873533,40661,54.57181149684018,116.08361446919899,138.8254889203891,74.15274648777688,40661,52.11516639426941,119.39111399727403,144.28941503775093,74.51022360873394,84.98491576368303,161.3692156660814,99.7849491272749,125.51902970458639,119.83772449585602,79.1780088740972,67.95784822855238,30.458204469503812,50.70253707937019,76.0564828387378,129.85988035772374,nan,nan,nan,1.0,0.1295771357872723,0.6358320686736245,nan,nan,17,272.06232343877707,27.323286597067465,755.6359025924569,A0,L5,I1,T3,position_fusion,S01,X_A0_U4_P1_L5_I1_T3__S01,U4,P1,
X_A0_U4_P1_L5_I1_T4,loose_ukf_screening,Phase4 L5 single-I position row.,34,17,40661,84.97881651405443,153.67533484693914,181.81246563506508,103.71264323804795,40661,54.17169307437528,114.56299590738563,136.99868313304984,73.26324385191405,40661,51.64056569511558,117.25381988536378,141.88658677050967,73.40851086704856,83.93869404677605,159.39294506463744,97.7389250347579,122.42623122618636,116.8751159324008,77.97311064882942,68.09410959702679,31.1933149962847,50.263105824956995,75.5873993888079,127.23540877133311,nan,nan,nan,1.0,0.18210933998864245,0.8579113686287696,nan,nan,17,276.33595847426113,27.299529220072202,783.5320824206806,A0,L5,I1,T4,position_fusion,S01,X_A0_U4_P1_L5_I1_T4__S01,U4,P1,
X_A0_U4_P1_L5_I1_T5,error_state_ekf_screening,Phase4 L5 single-I position row.,34,17,40661,88.01113648694366,161.94485314844383,192.03841439594882,108.43142346208089,40661,55.90095796307396,119.51224252785332,144.14223855353507,76.38108461427123,40661,53.13569349361319,123.24969299861232,150.42969166637818,76.96300089757833,88.20461546427848,169.72114760871477,104.41905526318796,132.47242246119566,123.39127945024129,79.84675585767916,68.04619473490635,33.78830281608907,51.47760102255859,78.8812587930974,133.30434834976003,nan,nan,nan,1.0,0.08071552208558241,0.44303059701154335,nan,nan,17,254.47271045593433,27.430354764153776,677.7454577636199,A0,L5,I1,T5,position_fusion,S01,X_A0_U4_P1_L5_I1_T5__S01,U4,P1,
X_A0_U4_P1_L5_I2_T1,uwb_only_control_repeated_for_matrix,Phase4 L5 single-I position row.,34,17,40661,90.86313505746062,168.24992200296256,199.00426158806093,112.37174792300362,40661,58.113408191974486,124.380397732544,149.19393091747432,79.26576753815846,40661,54.128325073648966,128.36082224300344,156.34679778388966,79.6514144749338,91.59488376343415,179.58127537090328,108.45297140199528,136.75063575254956,130.3527592861834,81.02722185066435,66.48768431177768,39.975175203011474,52.159614853042,80.67868150580183,134.40891161834998,nan,nan,nan,nan,nan,nan,nan,nan,17,229.70240323044717,24.512399451277986,588.1992618922463,A0,L5,I2,T1,uwb_only,S01,X_A0_U4_P1_L5_I2_T1__S01,U4,P1,
X_A0_U4_P1_L5_I2_T2,position_prior_screening,Phase4 L5 single-I position row.,34,17,40661,79.10515727668532,138.77275973996802,162.17840383063506,93.78685083464117,40661,52.314661600315695,106.20693269061132,125.03052145586051,68.62628881832146,40661,46.68204475376126,102.40089007993481,123.5379998824651,63.92500193589016,79.36634978791818,135.27095561277198,90.11124020413942,108.85276282236025,99.981432721442,73.73960227978571,67.79052685215146,29.29525213822376,42.65220127865075,73.93684494294067,117.20584458584317,nan,nan,nan,1.0,0.494017774477924,2.053127156929882,nan,nan,17,185.64066870805206,27.58019483543734,425.2182484146921,A0,L5,I2,T2,position_fusion,S01,X_A0_U4_P1_L5_I2_T2__S01,U4,P1,
X_A0_U4_P1_L5_I2_T3,loose_ekf_screening,Phase4 L5 single-I position row.,34,17,40661,84.95194936067128,155.2295788125118,184.15324164866598,104.25515368546654,40661,54.119114364207164,115.25939745674481,138.32159202289967,73.63860663985619,40661,51.48632693808713,118.07105097013294,142.78099401109802,73.8003569240744,86.42248088986898,161.63754367376336,101.14677501562825,125.80695834094922,120.33585983000631,81.2447414082473,70.73131614792464,32.56866738756162,50.62595775596671,75.99132047572782,129.8701261820238,nan,nan,nan,1.0,0.13842342383875728,0.6612328973048813,nan,nan,17,271.1855234192354,27.290265699756674,748.6101099168113,A0,L5,I2,T3,position_fusion,S01,X_A0_U4_P1_L5_I2_T3__S01,U4,P1,
X_A0_U4_P1_L5_I2_T4,loose_ukf_screening,Phase4 L5 single-I position row.,34,17,40661,83.90369643862228,152.61571682165822,180.6994982563455,102.62962686009563,40661,53.570708897345014,113.90432518815572,136.23625563426754,72.6316448968316,40661,51.117074934265474,115.74238127610329,139.78484824089105,72.50851307965857,84.96838658928061,157.9537606688324,100.10254423393009,123.14794135607382,118.80593612110334,80.66899548465048,71.2802220351197,29.956196966880896,50.16391574716479,75.50537830242193,127.10936323179408,nan,nan,nan,1.0,0.19727152193600772,0.8998216669170186,nan,nan,17,273.9486963042751,27.249340036071317,768.938109988101,A0,L5,I2,T4,position_fusion,S01,X_A0_U4_P1_L5_I2_T4__S01,U4,P1,
X_A0_U4_P1_L5_I2_T5,error_state_ekf_screening,Phase4 L5 single-I position row.,34,17,40661,87.57734628492722,161.25878932351097,191.18733097130342,107.98941794677744,40661,55.653475097861715,119.0335045061176,143.90255642379628,76.10428397414282,40661,52.87039879354529,123.00527134113895,149.7165385991541,76.61496165414952,88.75133217402609,170.21693533741131,104.2243886533688,131.7986226208492,124.2985407655911,79.72278071122179,67.74140095378439,33.865860239733536,51.43805613787961,78.7671006582533,132.99156272260515,nan,nan,nan,1.0,0.08675458366929321,0.4640986227868505,nan,nan,17,254.99235511204884,26.832313322531945,678.4830859221744,A0,L5,I2,T5,position_fusion,S01,X_A0_U4_P1_L5_I2_T5__S01,U4,P1,
X_A0_U4_P1_L5_I3_T1,uwb_only_control_repeated_for_matrix,Phase4 L5 single-I position row.,34,17,40661,90.86313505746062,168.24992200296256,199.00426158806093,112.37174792300362,40661,58.113408191974486,124.380397732544,149.19393091747432,79.26576753815846,40661,54.128325073648966,128.36082224300344,156.34679778388966,79.6514144749338,91.59488376343415,179.58127537090328,108.45297140199528,136.75063575254956,130.3527592861834,81.02722185066435,66.48768431177768,39.975175203011474,52.159614853042,80.67868150580183,134.40891161834998,nan,nan,nan,nan,nan,nan,nan,nan,17,229.70240323044717,24.512399451277986,588.1992618922463,A0,L5,I3,T1,uwb_only,S01,X_A0_U4_P1_L5_I3_T1__S01,U4,P1,
X_A0_U4_P1_L5_I3_T2,position_prior_screening,Phase4 L5 single-I position row.,34,17,40661,81.19962221370385,141.71655281336422,163.59809499430517,95.88971731900371,40661,52.35753263041361,106.10921475597696,125.6243781277436,67.99151096222917,40661,49.06985238776724,109.18667951004193,130.82638085747635,67.61650926061998,83.62616379244662,146.35239230197982,92.41083382686695,104.7305332648383,113.10964037959407,76.43080514853355,63.540194411038264,29.179597536453002,41.15403128024283,73.18534155586491,125.92059776596903,nan,nan,nan,1.0,0.48947298148408014,2.081995558542528,nan,nan,17,320.42388557629846,28.351294817620612,556.4993212323661,A0,L5,I3,T2,position_fusion,S01,X_A0_U4_P1_L5_I3_T2__S01,U4,P1,
X_A0_U4_P1_L5_I3_T3,loose_ekf_screening,Phase4 L5 single-I position row.,34,17,40661,85.20559353462379,155.36596113489352,182.86942668271752,104.35924712696342,40661,53.66361851409935,115.38363449962952,138.5420088889945,73.30167536643049,40661,52.308143419061025,118.6133033408172,143.17330690489922,74.28133580773208,85.271940876254,164.74553618975233,99.61463478734535,126.47130930936311,120.56805521639717,79.43546114002774,70.32583428170147,29.81717027238642,50.42928798729679,75.76791901400576,128.44798625890576,nan,nan,nan,1.0,0.14437394713472781,0.6744937179621582,nan,nan,17,284.0497860409243,27.226381388913467,813.908705885083,A0,L5,I3,T3,position_fusion,S01,X_A0_U4_P1_L5_I3_T3__S01,U4,P1,
X_A0_U4_P1_L5_I3_T4,loose_ukf_screening,Phase4 L5 single-I position row.,34,17,40661,84.53171162381125,152.87257766966246,179.82450318869752,102.90888502377196,40661,52.9838375602793,114.11196933300273,136.51463562335175,72.29260331831983,40661,52.03090111618849,116.96517860723276,140.6601375615171,73.23945741399214,84.76888323374675,163.6267602029747,98.35862928212583,123.67799179081987,119.4564955389898,79.68186881540919,72.11469962863137,28.724800427727928,49.90037709185228,75.26602478572232,126.59939751298404,nan,nan,nan,1.0,0.201871056823639,0.8997329039342622,nan,nan,17,292.42712169204015,27.184355831795187,806.1211426976565,A0,L5,I3,T4,position_fusion,S01,X_A0_U4_P1_L5_I3_T4__S01,U4,P1,
X_A0_U4_P1_L5_I3_T5,error_state_ekf_screening,Phase4 L5 single-I position row.,34,17,40661,87.56538661596707,160.99539211942172,190.48325781388007,107.83681472468173,40661,55.39261507381841,118.7813088836897,143.61526903069168,75.80345373344892,40661,53.198442431965304,122.94231051678219,149.56274095319884,76.69820735875254,87.95493424206694,170.72933790837587,103.23670225489718,130.97111418843275,123.0143469260119,80.32151017955721,69.63793296217436,33.32307949156473,51.33866939071319,78.21480324231018,132.2631519610471,nan,nan,nan,1.0,0.09207549760923024,0.5162728386113989,nan,nan,17,260.9574952919416,27.379391859525754,707.7457059049585,A0,L5,I3,T5,position_fusion,S01,X_A0_U4_P1_L5_I3_T5__S01,U4,P1,
X_A0_U4_P1_L5_I4_T1,uwb_only_control_repeated_for_matrix,Phase4 L5 single-I position row.,34,17,40661,90.86313505746062,168.24992200296256,199.00426158806093,112.37174792300362,40661,58.113408191974486,124.380397732544,149.19393091747432,79.26576753815846,40661,54.128325073648966,128.36082224300344,156.34679778388966,79.6514144749338,91.59488376343415,179.58127537090328,108.45297140199528,136.75063575254956,130.3527592861834,81.02722185066435,66.48768431177768,39.975175203011474,52.159614853042,80.67868150580183,134.40891161834998,nan,nan,nan,nan,nan,nan,nan,nan,17,229.70240323044717,24.512399451277986,588.1992618922463,A0,L5,I4,T1,uwb_only,S01,X_A0_U4_P1_L5_I4_T1__S01,U4,P1,
X_A0_U4_P1_L5_I4_T2,position_prior_screening,Phase4 L5 single-I position row.,34,17,40661,80.10840086228913,136.1048753771638,156.44512681766463,92.98848481303207,40661,52.34078022722235,100.84258123952358,116.70355700402989,65.87599237896174,40661,47.28242818316005,106.97105620287982,127.66328209705978,65.62935270068168,79.46495162827587,132.50055902291538,87.29518852535045,107.65676826039055,95.3027900496931,65.13469980100598,58.05899519382163,24.075268461268593,39.51729355293679,75.1057793335765,126.24804314916776,nan,nan,nan,1.0,0.4816332655869367,1.8592635047298602,nan,nan,17,231.6293388475206,28.592921600096645,544.8686443071737,A0,L5,I4,T2,position_fusion,S01,X_A0_U4_P1_L5_I4_T2__S01,U4,P1,
X_A0_U4_P1_L5_I4_T3,loose_ekf_screening,Phase4 L5 single-I position row.,34,17,40661,84.90982104342322,153.40956990899073,180.59825079585684,103.37705199550857,40661,53.72506776829814,113.69999822276259,135.5300112406261,72.58979766155221,40661,52.004908809113886,117.38898953496118,142.35651501478276,73.60391399060917,84.44846042606164,159.1587091941557,98.62471237953093,121.6474608576319,115.97774631399787,75.03667699951244,71.1629540050765,31.903296060795242,50.21304245684425,75.49668263937735,128.03359095303355,nan,nan,nan,1.0,0.15259121282707971,0.7449824175218229,nan,nan,17,297.8867347042578,27.32329395494031,854.5987095650039,A0,L5,I4,T3,position_fusion,S01,X_A0_U4_P1_L5_I4_T3__S01,U4,P1,
X_A0_U4_P1_L5_I4_T4,loose_ukf_screening,Phase4 L5 single-I position row.,34,17,40661,84.1063038668241,150.36436247074187,176.90690187851507,101.73812028866907,40661,53.18379991041774,111.53599311929864,132.87337660638838,71.4455052597812,40661,51.493203121530314,115.36063446760727,139.53095068506752,72.43055224175964,84.37675493221633,154.0721653117415,97.42165556598832,119.05691665444782,113.94689761148075,74.46344652593888,69.47824554854628,30.53770417911312,49.60337790693728,74.91491781535817,125.82948801370885,nan,nan,nan,1.0,0.2135545341132812,0.9906931605658695,nan,nan,17,307.8763920272557,27.327690524236004,856.8247988798429,A0,L5,I4,T4,position_fusion,S01,X_A0_U4_P1_L5_I4_T4__S01,U4,P1,
X_A0_U4_P1_L5_I4_T5,error_state_ekf_screening,Phase4 L5 single-I position row.,34,17,40661,87.40982632776266,160.011055266617,189.32331589261372,107.25399561821,40661,55.331170519087756,117.81535880415814,141.83449616874174,75.373039609514,40661,52.921243719683275,122.25387095090662,148.72686794437095,76.30415765928907,87.07030661933145,166.33847642401034,101.80020475046821,130.72431521561987,120.83135766196567,76.93024099117599,69.52084716230719,33.11058683301815,51.24156967291145,77.92668303700876,133.33712255873218,nan,nan,nan,1.0,0.10064662217577616,0.5429059836513579,nan,nan,17,268.0333601416633,27.41054856663544,731.6428290762394,A0,L5,I4,T5,position_fusion,S01,X_A0_U4_P1_L5_I4_T5__S01,U4,P1,
X_A0_U4_P1_L5_I5_T1,uwb_only_control_repeated_for_matrix,Phase4 L5 single-I position row.,34,17,40661,90.86313505746062,168.24992200296256,199.00426158806093,112.37174792300362,40661,58.113408191974486,124.380397732544,149.19393091747432,79.26576753815846,40661,54.128325073648966,128.36082224300344,156.34679778388966,79.6514144749338,91.59488376343415,179.58127537090328,108.45297140199528,136.75063575254956,130.3527592861834,81.02722185066435,66.48768431177768,39.975175203011474,52.159614853042,80.67868150580183,134.40891161834998,nan,nan,nan,nan,nan,nan,nan,nan,17,229.70240323044717,24.512399451277986,588.1992618922463,A0,L5,I5,T1,uwb_only,S01,X_A0_U4_P1_L5_I5_T1__S01,U4,P1,
X_A0_U4_P1_L5_I5_T2,position_prior_screening,Phase4 L5 single-I position row.,34,17,40661,75.88300773052708,129.0675327215014,148.3051874801551,88.54602477512951,40661,50.808540462269626,96.65373348375857,113.82751947668216,63.2990257713735,40661,45.7842847758061,98.51194269333325,117.27924125030762,61.91632934753837,79.05883427315217,124.95004389393385,85.00987594111666,92.8473903888395,93.57494948623435,75.5401304632079,65.01896936104387,35.71099046849383,34.45539282097849,71.80217294847495,116.30589719078941,nan,nan,nan,1.0,0.5405140927555934,2.1024764426037024,nan,nan,17,353.1259725010788,28.273546707171192,583.3275046741143,A0,L5,I5,T2,position_fusion,S01,X_A0_U4_P1_L5_I5_T2__S01,U4,P1,
X_A0_U4_P1_L5_I5_T3,loose_ekf_screening,Phase4 L5 single-I position row.,34,17,40661,82.98692495637012,149.01296031698135,175.19031146090893,100.67073061091757,40661,52.818370657778054,111.25002453633135,132.4487623344706,71.04873912351464,40661,50.80624004484696,113.97428628066598,137.08856978653296,71.3209132772057,83.33679088664718,151.75283056321172,94.88535800636109,117.32152451499397,113.03305446569837,82.40499691910033,71.1365181236622,29.818318735401817,49.2472730276242,74.67704656646677,124.64807000423755,nan,nan,nan,1.0,0.19622274754768618,0.9183155125789646,nan,nan,17,311.0311320056486,27.103761971760605,843.3647397313482,A0,L5,I5,T3,position_fusion,S01,X_A0_U4_P1_L5_I5_T3__S01,U4,P1,
X_A0_U4_P1_L5_I5_T4,loose_ukf_screening,Phase4 L5 single-I position row.,34,17,40661,81.87316993955928,146.14964458651676,171.26375455933442,98.72665431380581,40661,52.23094984290539,109.22201517932973,129.44427457397933,69.77361898318465,40661,50.25969669107394,111.7131994508087,133.9429499290792,69.84693526552964,82.15411783396897,147.19339226231085,92.8450351138344,114.51689609339067,111.55291315274971,80.72652875250165,70.82029922356745,29.28652609260837,48.2674760982392,73.98155690611753,121.1901401927228,nan,nan,nan,1.0,0.26627590398324286,1.1742185334572466,nan,nan,17,321.79616042101577,27.104257807297984,824.2528323328748,A0,L5,I5,T4,position_fusion,S01,X_A0_U4_P1_L5_I5_T4__S01,U4,P1,
X_A0_U4_P1_L5_I5_T5,error_state_ekf_screening,Phase4 L5 single-I position row.,34,17,40661,85.7696777484502,156.82364256368803,185.57580235836627,105.34801479322967,40661,54.59738987902497,116.3935606293812,139.5306757300081,74.18242239503243,40661,52.15866038490435,119.84572271919853,144.56606881570463,74.80088521187118,86.26007231524433,163.00815896081565,100.08604786523492,127.85538333441698,118.59864211762914,81.24773333654156,70.81987286237626,33.153970853674764,50.80619504729833,76.1839971633096,130.86900597734004,nan,nan,nan,1.0,0.13613807406838152,0.717253679211417,nan,nan,17,279.83376563868813,27.250509957453517,779.4638668421173,A0,L5,I5,T5,position_fusion,S01,X_A0_U4_P1_L5_I5_T5__S01,U4,P1,
X_A0_U4_P1_L5_I6_T1,uwb_only_control_repeated_for_matrix,Phase4 L5 single-I position row.,34,17,40661,90.86313505746062,168.24992200296256,199.00426158806093,112.37174792300362,40661,58.113408191974486,124.380397732544,149.19393091747432,79.26576753815846,40661,54.128325073648966,128.36082224300344,156.34679778388966,79.6514144749338,91.59488376343415,179.58127537090328,108.45297140199528,136.75063575254956,130.3527592861834,81.02722185066435,66.48768431177768,39.975175203011474,52.159614853042,80.67868150580183,134.40891161834998,nan,nan,nan,nan,nan,nan,nan,nan,17,229.70240323044717,24.512399451277986,588.1992618922463,A0,L5,I6,T1,uwb_only,S01,X_A0_U4_P1_L5_I6_T1__S01,U4,P1,
X_A0_U4_P1_L5_I6_T2,position_prior_screening,Phase4 L5 single-I position row.,34,17,40661,76.78118040196415,135.7101125195134,157.63522939191205,91.26202478041436,40661,50.985436510622044,102.88631987212364,121.65851759314761,66.05144258703538,40661,44.96444017988506,100.25516860686105,123.12636168359404,62.97590093990346,76.68147864095721,132.34397864249107,86.03318641642494,104.65716123738883,98.82229612728602,76.0690639509132,74.00477544339503,27.486815991650815,36.46641096331845,68.93187651542863,110.81262645811296,nan,nan,nan,1.0,0.554626264853689,2.202670560897115,nan,nan,17,230.94439110990342,29.080125913740233,565.1845732998424,A0,L5,I6,T2,position_fusion,S01,X_A0_U4_P1_L5_I6_T2__S01,U4,P1,
X_A0_U4_P1_L5_I6_T3,loose_ekf_screening,Phase4 L5 single-I position row.,34,17,40661,83.67423063345025,150.7118559938597,178.3570012406519,101.82038412681949,40661,53.34455319768428,112.67984684399005,134.8532396506642,72.06860114821316,40661,51.14611077039217,114.82786706865807,138.73668580103288,71.92709748260972,82.28043002929036,159.1307829759377,95.24717725241348,121.86060986025555,118.01635070360473,78.15120948339518,69.69291780971969,28.95067372755892,49.714305573531675,74.97309720417383,124.86425899427473,nan,nan,nan,1.0,0.18073874228499115,0.8526110505547909,nan,nan,17,294.56589246853196,27.19062765985086,837.0375647938231,A0,L5,I6,T3,position_fusion,S01,X_A0_U4_P1_L5_I6_T3__S01,U4,P1,
X_A0_U4_P1_L5_I6_T4,loose_ukf_screening,Phase4 L5 single-I position row.,34,17,40661,82.63059907228043,147.88747205390962,174.17323598262948,100.01753953718347,40661,52.81519257098063,110.6723248955421,132.0212550496678,70.95291355032104,40661,50.57468797556618,112.37957197570427,135.84294598820122,70.49249799654378,81.8486876406484,155.04668625095778,92.78401280502348,119.57683432216723,115.11529946397312,77.12851542953337,69.68560868729162,27.91512230358137,48.9270221116374,74.30158888647269,123.36015945459903,nan,nan,nan,1.0,0.24523211555621935,1.1191510768648913,nan,nan,17,299.20285608905476,27.186792229026594,820.463952403791,A0,L5,I6,T4,position_fusion,S01,X_A0_U4_P1_L5_I6_T4__S01,U4,P1,
X_A0_U4_P1_L5_I6_T5,error_state_ekf_screening,Phase4 L5 single-I position row.,34,17,40661,86.42998140492847,158.44074096887482,187.35116723805655,106.16480350981487,40661,54.936394662682105,117.21509315125279,140.99941602684365,74.86632129422847,40661,52.42618156353751,120.56929671654075,145.84370600280272,75.27283334740997,85.54959885917256,167.29734870944827,101.16233348621273,128.71416957903045,120.65867682586014,79.83144160945844,68.84347330494651,32.21840042833071,51.01185055190771,76.73850620735534,131.7891829810908,nan,nan,nan,1.0,0.12329707862540823,0.643225934681046,nan,nan,17,271.11045172370535,27.322391892037217,738.5843748845726,A0,L5,I6,T5,position_fusion,S01,X_A0_U4_P1_L5_I6_T5__S01,U4,P1,
X_A0_U4_P1_L5_I7_T1,uwb_only_control_repeated_for_matrix,Phase4 L5 single-I position row.,34,17,40661,90.86313505746062,168.24992200296256,199.00426158806093,112.37174792300362,40661,58.113408191974486,124.380397732544,149.19393091747432,79.26576753815846,40661,54.128325073648966,128.36082224300344,156.34679778388966,79.6514144749338,91.59488376343415,179.58127537090328,108.45297140199528,136.75063575254956,130.3527592861834,81.02722185066435,66.48768431177768,39.975175203011474,52.159614853042,80.67868150580183,134.40891161834998,nan,nan,nan,nan,nan,nan,nan,nan,17,229.70240323044717,24.512399451277986,588.1992618922463,A0,L5,I7,T1,uwb_only,S01,X_A0_U4_P1_L5_I7_T1__S01,U4,P1,
X_A0_U4_P1_L5_I7_T2,position_prior_screening,Phase4 L5 single-I position row.,34,17,40661,80.37829380733211,139.81052427676457,160.19031701485721,95.01446936388993,40661,53.59082144527341,106.73204783485674,128.50169744569763,69.20471654173879,40661,46.7235025870242,104.76977398386998,125.92200100011291,65.10342999319747,80.01528840814456,147.1039587699691,91.33627816268694,114.23810232489768,109.4408218174573,75.49120592284383,58.92388396701189,35.53515070028408,42.17817515532073,76.60734638527563,129.13724859434376,nan,nan,nan,1.0,0.5034303082882339,2.117138590233064,nan,nan,17,362.4679038017156,27.766201632065474,861.7115798496792,A0,L5,I7,T2,position_fusion,S01,X_A0_U4_P1_L5_I7_T2__S01,U4,P1,
X_A0_U4_P1_L5_I7_T3,loose_ekf_screening,Phase4 L5 single-I position row.,34,17,40661,84.78762013477349,155.65337041433003,183.56342151521,104.3388399517003,40661,54.12007903893094,115.9308087787549,139.31079304882135,73.77489358268947,40661,51.47586589462105,118.19277379784353,142.7298709272743,73.78250876277772,85.64543980788707,161.4487190488629,99.57001783846276,126.46333786331464,121.81011703061296,77.73877695943213,65.32159692750946,30.32105081493262,50.57978166277405,75.94471291850519,130.32937651989562,nan,nan,nan,1.0,0.1349612176194695,0.6713109295309656,nan,nan,17,287.1959214815009,27.257448450270488,814.0266235940578,A0,L5,I7,T3,position_fusion,S01,X_A0_U4_P1_L5_I7_T3__S01,U4,P1,
X_A0_U4_P1_L5_I7_T4,loose_ukf_screening,Phase4 L5 single-I position row.,34,17,40661,83.79089458653277,152.94700383159895,180.17614747231963,102.77827922420623,40661,53.54203019092282,114.41989731984275,137.3635953919595,72.82299418663037,40661,50.948662135113636,116.06790226217902,140.33161913270197,72.52714111270966,85.94597350427306,159.103930444303,98.32737579176329,125.0191733532817,121.00836717951314,76.21832951127098,64.94867027185396,29.687126553035228,50.10052536318415,75.44964890671085,127.94984173748563,nan,nan,nan,1.0,0.1923734539716553,0.8658155100370284,nan,nan,17,299.11466126081336,27.212940833254038,851.62615196607,A0,L5,I7,T4,position_fusion,S01,X_A0_U4_P1_L5_I7_T4__S01,U4,P1,
X_A0_U4_P1_L5_I7_T5,error_state_ekf_screening,Phase4 L5 single-I position row.,34,17,40661,87.48986799893761,161.21991723199204,191.09201760682924,107.98257064267032,40661,55.61640058159181,119.32152818280835,144.00582530286016,76.14023210074916,40661,52.894539684026086,122.82408712095639,149.57427354731703,76.56958024074139,88.281124750634,170.43299759186704,102.844345577864,132.1108319814416,124.90707866815823,78.7310200060346,65.37103169292826,33.165166271199496,51.41683792990838,78.73003131483172,132.99441326611827,nan,nan,nan,1.0,0.0865052299008383,0.46151981125813135,nan,nan,17,259.8154229011608,24.689128741409206,700.4489151118829,A0,L5,I7,T5,position_fusion,S01,X_A0_U4_P1_L5_I7_T5__S01,U4,P1,
X_A0_U4_P1_L5_I8_T1,uwb_only_control_repeated_for_matrix,Phase4 L5 single-I position row.,34,17,40661,90.86313505746062,168.24992200296256,199.00426158806093,112.37174792300362,40661,58.113408191974486,124.380397732544,149.19393091747432,79.26576753815846,40661,54.128325073648966,128.36082224300344,156.34679778388966,79.6514144749338,91.59488376343415,179.58127537090328,108.45297140199528,136.75063575254956,130.3527592861834,81.02722185066435,66.48768431177768,39.975175203011474,52.159614853042,80.67868150580183,134.40891161834998,nan,nan,nan,nan,nan,nan,nan,nan,17,229.70240323044717,24.512399451277986,588.1992618922463,A0,L5,I8,T1,uwb_only,S01,X_A0_U4_P1_L5_I8_T1__S01,U4,P1,
X_A0_U4_P1_L5_I8_T2,position_prior_screening,Phase4 L5 single-I position row.,34,17,40661,80.00817851399691,135.97989888827848,156.38511508422607,92.5144983766427,40661,50.70525518743985,100.00756916517403,117.30955132182474,64.64227521795092,40661,49.17721865359317,106.43551744235117,128.84032249172526,66.18390034236809,81.17167199044418,138.8391327680678,91.9497334780549,105.36915260749652,104.62867596869168,72.26194252640008,63.423829108455514,28.03076208663839,37.93633297713495,75.26653959476943,124.13763911015403,nan,nan,nan,1.0,0.5433041004943079,2.2298045010804044,nan,nan,17,394.1283828046952,29.08467367261403,798.3066469941567,A0,L5,I8,T2,position_fusion,S01,X_A0_U4_P1_L5_I8_T2__S01,U4,P1,
X_A0_U4_P1_L5_I8_T3,loose_ekf_screening,Phase4 L5 single-I position row.,34,17,40661,84.33254662318356,152.15467239592525,178.81290692370337,102.51927861798205,40661,52.92572619097887,112.5787398332493,134.28233589563195,71.69466163820118,40661,52.218405324173546,117.24406663691093,140.98944840642218,73.2808159134113,83.32191604710991,159.43924807353056,96.16750326219488,122.14316320600989,118.24740824103871,79.63794525429313,72.77445626891677,26.436824710903977,49.943515814105325,75.28926626375134,126.66864384575501,nan,nan,nan,1.0,0.16816665422493188,0.831927181192349,nan,nan,17,309.5235256272365,27.193529876757168,877.1708914207351,A0,L5,I8,T3,position_fusion,S01,X_A0_U4_P1_L5_I8_T3__S01,U4,P1,
X_A0_U4_P1_L5_I8_T4,loose_ukf_screening,Phase4 L5 single-I position row.,34,17,40661,83.41832230542927,149.15491939825677,174.72168770177558,100.80493390132638,40661,52.22783766332746,110.27058431499198,131.88923533852127,70.42518142517312,40661,52.000549153057136,115.20995819871382,138.1419001158796,72.12439615055527,82.36782476427742,154.77561833776116,94.24235744325686,120.47860047414531,115.94162255632573,79.35418035328881,72.99947092000892,26.268724176365367,49.23897050633991,74.69910015967034,125.2150757841963,nan,nan,nan,1.0,0.23191396592224245,1.099469159428081,nan,nan,17,326.3219040645444,27.17696309618782,914.926533957446,A0,L5,I8,T4,position_fusion,S01,X_A0_U4_P1_L5_I8_T4__S01,U4,P1,
X_A0_U4_P1_L5_I8_T5,error_state_ekf_screening,Phase4 L5 single-I position row.,34,17,40661,86.8022209493516,159.15195776992303,187.91952510159683,106.64198356501522,40661,54.829484346823875,117.3311324412529,141.40515356983798,74.7891756789077,40661,53.025768185346124,121.88936362106301,147.47876008355468,76.02033846248293,86.56373622233033,167.40261439997153,101.26044643441979,129.11257735002454,121.16132483152066,79.38633082509212,70.59248552154324,31.6707346057392,51.11528459549561,77.11912319165523,132.38927477326723,nan,nan,nan,1.0,0.1111026430352605,0.6184804392913466,nan,nan,17,272.60117004856227,27.336933056781106,742.0026530069453,A0,L5,I8,T5,position_fusion,S01,X_A0_U4_P1_L5_I8_T5__S01,U4,P1,
X_A0_U4_P2_L5_I0_T1,uwb_only_control_repeated_for_matrix,Phase4 L5 single-I position row.,34,17,40661,96.05204944493745,173.0765782292826,203.4249372072929,116.72204651514699,40661,63.54315245276086,130.29240991327515,155.90803357495687,84.22154876186823,40661,54.675028107447815,130.82214868223537,159.42625467103744,80.81316023294961,98.56857380939852,191.34655064695073,114.77916478408947,145.8235573538554,145.11590218344742,81.88807133576833,67.77593782095414,37.98889288542216,51.86087234511305,85.03985981370025,144.03122417135268,nan,nan,nan,nan,nan,nan,nan,nan,17,159.25754634215113,24.356201822758294,366.7716548701073,A0,L5,I0,T1,uwb_only,S01,X_A0_U4_P2_L5_I0_T1__S01,U4,P2,
X_A0_U4_P2_L5_I0_T2,position_prior_screening,Phase4 L5 single-I position row.,34,17,40661,91.5878679110479,158.09002890695635,183.3965766438138,107.90891686223978,40661,61.574146235505644,121.38213449844547,142.83748802086555,79.00988051538926,40661,50.38097166542161,120.48350108126169,144.7544196374539,73.49675584218456,92.07537965721127,165.00578110657602,105.24799178708332,130.37949408382718,125.09320077215472,81.70333173588821,73.55224902970838,25.804311230797794,46.48293656621996,83.84576035290243,138.08600713517066,nan,nan,nan,1.0,0.3206237379379003,1.3990466322111774,nan,nan,17,225.11083894302823,25.879794970020043,594.7844672364917,A0,L5,I0,T2,position_fusion,S01,X_A0_U4_P2_L5_I0_T2__S01,U4,P2,
X_A0_U4_P2_L5_I0_T3,loose_ekf_screening,Phase4 L5 single-I position row.,34,17,40661,94.23794929192071,167.8191612205922,197.36421652798245,113.78375291118628,40661,62.455576743570624,127.08847840388884,151.3571676814709,82.24072515422084,40661,53.69279218754241,127.08412617967065,154.57702476610189,78.63336157549035,97.0816736963454,185.3448245193738,111.43934203310856,142.85595828717916,140.16180428239693,80.2965783406222,69.3887578652587,35.263898795235264,50.93454441292252,83.39852174170053,141.55305244729672,nan,nan,nan,1.0,0.062217462077177633,0.2906471038972275,nan,nan,17,183.26876678620098,24.54333570595537,453.023498107058,A0,L5,I0,T3,position_fusion,S01,X_A0_U4_P2_L5_I0_T3__S01,U4,P2,
X_A0_U4_P2_L5_I0_T4,loose_ukf_screening,Phase4 L5 single-I position row.,34,17,40661,93.73429947333666,166.40489420672935,195.6995481796225,112.95145016632922,40661,62.16414089136429,126.03637730571629,150.23819722101794,81.70500634990213,40661,53.359083854291384,126.22253971307407,153.19346386297525,77.98924305338018,96.3402064415811,184.49218469364362,110.81538379300429,141.29015427438398,139.23382581407893,79.94206436698218,69.9991871482585,36.552548344264665,50.60500812919409,83.1601009908575,140.67954507215825,nan,nan,nan,1.0,0.09470401873196362,0.4266080554245487,nan,nan,17,190.83016247568102,24.62536448637678,480.3020359716738,A0,L5,I0,T4,position_fusion,S01,X_A0_U4_P2_L5_I0_T4__S01,U4,P2,
X_A0_U4_P2_L5_I0_T5,error_state_ekf_screening,Phase4 L5 single-I position row.,34,17,40661,95.23482781294749,170.61368440539172,200.98278685807435,115.43615235829348,40661,62.99955469013618,128.82194826647307,153.8537006560698,83.33945532706304,40661,54.24119258876823,129.13982529611678,157.59416245391333,79.87515544320155,97.59303049211164,188.1662401714753,113.06256262930621,145.49028057867457,143.73934119615205,80.96926970782256,68.39652084676494,37.43943038034149,51.493077971817854,84.20411109347181,142.89422147613948,nan,nan,nan,1.0,0.03346447816699415,0.15534303809971645,nan,nan,17,169.20604158923823,24.420957071002704,402.3691506787711,A0,L5,I0,T5,position_fusion,S01,X_A0_U4_P2_L5_I0_T5__S01,U4,P2,
X_A0_U4_P2_L5_I1_T1,uwb_only_control_repeated_for_matrix,Phase4 L5 single-I position row.,34,17,40661,96.05204944493745,173.0765782292826,203.4249372072929,116.72204651514699,40661,63.54315245276086,130.29240991327515,155.90803357495687,84.22154876186823,40661,54.675028107447815,130.82214868223537,159.42625467103744,80.81316023294961,98.56857380939852,191.34655064695073,114.77916478408947,145.8235573538554,145.11590218344742,81.88807133576833,67.77593782095414,37.98889288542216,51.86087234511305,85.03985981370025,144.03122417135268,nan,nan,nan,nan,nan,nan,nan,nan,17,159.25754634215113,24.356201822758294,366.7716548701073,A0,L5,I1,T1,uwb_only,S01,X_A0_U4_P2_L5_I1_T1__S01,U4,P2,
X_A0_U4_P2_L5_I1_T2,position_prior_screening,Phase4 L5 single-I position row.,34,17,40661,86.95632659313803,145.8950600471309,169.812472325478,100.50661696483029,40661,58.40909887787432,113.57188507038953,132.74570763551057,74.69075937341862,40661,47.68590985333981,108.24787935107747,131.63584305248366,67.25229005719576,90.0865794903956,145.74351033435465,97.0266325295423,119.62365826074526,112.625574811604,78.5689798422926,70.67706654986614,29.04771787737866,35.73603063231974,76.70546100143646,122.71138253709117,nan,nan,nan,1.0,0.5203800213350417,1.9813743240011994,nan,nan,17,201.66023900611836,29.275741812198135,427.9635173778091,A0,L5,I1,T2,position_fusion,S01,X_A0_U4_P2_L5_I1_T2__S01,U4,P2,
X_A0_U4_P2_L5_I1_T3,loose_ekf_screening,Phase4 L5 single-I position row.,34,17,40661,91.66165565022992,159.40482061807603,188.35464015176981,109.21898375314909,40661,60.601905212608784,121.97623292570337,144.57902988584485,79.21002412439165,40661,52.17903068621854,120.98404816995662,146.80633463556433,75.19679840447954,95.35332877336782,174.04556930911653,106.49716317596456,133.02098976964345,127.45685419992377,80.32681292057082,68.08977993584938,32.55275476394456,48.95491455687619,80.47636994404616,138.55762987156632,nan,nan,nan,1.0,0.15725950185768728,0.6351868263735418,nan,nan,17,216.3927695613878,26.59585760418969,581.442422411996,A0,L5,I1,T3,position_fusion,S01,X_A0_U4_P2_L5_I1_T3__S01,U4,P2,
X_A0_U4_P2_L5_I1_T4,loose_ukf_screening,Phase4 L5 single-I position row.,34,17,40661,90.99698324733407,156.8911503698732,185.23688822949165,107.75392984611663,40661,60.07966962825517,120.26731196986819,142.23964096286102,78.30553012671098,40661,51.78504923659273,118.92079726954023,144.2053553172666,74.02130334475736,94.64149445878897,168.06102862610936,105.52941201256104,131.99465977948168,123.54600148855798,78.7532872126458,69.16806085726824,31.994186882056056,48.03091267171095,78.62138642039002,135.20238195352033,nan,nan,nan,1.0,0.21587955618576593,0.855216789132775,nan,nan,17,225.6023956804501,26.77119439740312,623.1849995160394,A0,L5,I1,T4,position_fusion,S01,X_A0_U4_P2_L5_I1_T4__S01,U4,P2,
X_A0_U4_P2_L5_I1_T5,error_state_ekf_screening,Phase4 L5 single-I position row.,34,17,40661,93.68635547688308,165.56835062264483,195.4832098606911,112.65594644086778,40661,61.749533762341464,125.78337247336967,149.08290837300405,81.4271674850268,40661,53.4113976603918,125.5474558186479,152.52959513466294,77.8522874670556,97.12670740461905,182.59029611521868,110.6266151081746,140.74812623720453,136.36152920437394,80.73781196813334,68.46714737237821,35.3569457378519,50.58260776510164,82.34835453508566,140.701206794982,nan,nan,nan,1.0,0.10134622208024313,0.43554678911919864,nan,nan,17,190.22743545381772,24.694075979698425,477.5862101544997,A0,L5,I1,T5,position_fusion,S01,X_A0_U4_P2_L5_I1_T5__S01,U4,P2,
X_A0_U4_P2_L5_I2_T1,uwb_only_control_repeated_for_matrix,Phase4 L5 single-I position row.,34,17,40661,96.05204944493745,173.0765782292826,203.4249372072929,116.72204651514699,40661,63.54315245276086,130.29240991327515,155.90803357495687,84.22154876186823,40661,54.675028107447815,130.82214868223537,159.42625467103744,80.81316023294961,98.56857380939852,191.34655064695073,114.77916478408947,145.8235573538554,145.11590218344742,81.88807133576833,67.77593782095414,37.98889288542216,51.86087234511305,85.03985981370025,144.03122417135268,nan,nan,nan,nan,nan,nan,nan,nan,17,159.25754634215113,24.356201822758294,366.7716548701073,A0,L5,I2,T1,uwb_only,S01,X_A0_U4_P2_L5_I2_T1__S01,U4,P2,
X_A0_U4_P2_L5_I2_T2,position_prior_screening,Phase4 L5 single-I position row.,34,17,40661,84.132488873611,142.04614568184516,164.18840999753303,97.32813304392202,40661,58.0096138711209,111.93864095840581,131.02470798353346,73.0826001627178,40661,46.141837252572714,104.0261479533022,123.67402152219984,64.27829365557014,82.75303621398503,142.5474406085054,91.68292351443579,112.66776775784868,103.34515750374469,74.55115537446815,68.14279768032785,32.67301529733845,34.69808435560449,74.8780145037914,119.0306791017621,nan,nan,nan,1.0,0.5495769946460195,2.2146324326611326,nan,nan,17,182.53522458885777,28.700887417851504,455.50835597309253,A0,L5,I2,T2,position_fusion,S01,X_A0_U4_P2_L5_I2_T2__S01,U4,P2,
X_A0_U4_P2_L5_I2_T3,loose_ekf_screening,Phase4 L5 single-I position row.,34,17,40661,90.69064720703459,158.61305901647057,187.24879466499303,108.36681850560386,40661,60.19221646944902,121.28949344014092,143.88956520406205,78.71972096958221,40661,51.674979834378064,119.85977724583779,145.03261363723982,74.475317276918,93.48733679964022,172.80601920134603,105.78613191796086,133.0676352946445,130.6132821881867,81.06785125090205,69.5447750614176,34.164713754574905,48.65630007616383,80.11245510971091,137.63957664416324,nan,nan,nan,1.0,0.16812232875891397,0.6896203696061958,nan,nan,17,217.02922417385713,26.578777605611947,580.9351584165677,A0,L5,I2,T3,position_fusion,S01,X_A0_U4_P2_L5_I2_T3__S01,U4,P2,
X_A0_U4_P2_L5_I2_T4,loose_ukf_screening,Phase4 L5 single-I position row.,34,17,40661,89.83623083205352,156.12951516037148,183.59127640531838,106.69093156411087,40661,59.65365391964191,119.56420900593736,141.66059882310313,77.70371759201731,40661,51.07714870595737,117.70173552801702,141.91128284571766,73.1101029297443,92.00394106371658,168.69169668938866,104.5241796920169,128.8565876440657,125.29556710460065,82.01707738184336,70.66336742100512,32.91070627877548,47.64453081584162,78.20936176161334,134.8815157619275,nan,nan,nan,1.0,0.22807933404165245,0.9141991744054604,nan,nan,17,225.26889467193095,26.73864002404906,617.2339242406499,A0,L5,I2,T4,position_fusion,S01,X_A0_U4_P2_L5_I2_T4__S01,U4,P2,
X_A0_U4_P2_L5_I2_T5,error_state_ekf_screening,Phase4 L5 single-I position row.,34,17,40661,93.2890546868744,165.1589543596701,194.8596034072687,112.21743236656543,40661,61.53365583898874,125.31962998039535,149.23717040693987,81.16278063043544,40661,53.21563283620617,125.11952251912476,151.67505367319973,77.49422667063979,96.30581198244019,181.61858160813313,109.85326910714522,139.67673288672665,138.3364054879023,80.9282421265617,67.6558957223184,35.399395954764145,50.44524052200268,82.208951747891,140.57650957826746,nan,nan,nan,1.0,0.1074312970360333,0.4639435303134405,nan,nan,17,191.3702312319475,24.724150950031117,481.0484832449368,A0,L5,I2,T5,position_fusion,S01,X_A0_U4_P2_L5_I2_T5__S01,U4,P2,
X_A0_U4_P2_L5_I3_T1,uwb_only_control_repeated_for_matrix,Phase4 L5 single-I position row.,34,17,40661,96.05204944493745,173.0765782292826,203.4249372072929,116.72204651514699,40661,63.54315245276086,130.29240991327515,155.90803357495687,84.22154876186823,40661,54.675028107447815,130.82214868223537,159.42625467103744,80.81316023294961,98.56857380939852,191.34655064695073,114.77916478408947,145.8235573538554,145.11590218344742,81.88807133576833,67.77593782095414,37.98889288542216,51.86087234511305,85.03985981370025,144.03122417135268,nan,nan,nan,nan,nan,nan,nan,nan,17,159.25754634215113,24.356201822758294,366.7716548701073,A0,L5,I3,T1,uwb_only,S01,X_A0_U4_P2_L5_I3_T1__S01,U4,P2,
X_A0_U4_P2_L5_I3_T2,position_prior_screening,Phase4 L5 single-I position row.,34,17,40661,86.28273854108176,144.02718595871642,163.30638956977216,99.14749803823949,40661,57.77143259849453,111.47783285503716,129.3661667511153,72.2803124767249,40661,49.531708362335735,109.2294898571729,129.7575366716801,67.86591777549106,85.76824012556574,150.8315758796981,96.01184264261124,114.41987329444002,117.66884735587786,78.41788939833135,64.43531090288431,29.80228920386719,32.558937833142096,72.8882970762005,124.71274375817356,nan,nan,nan,1.0,0.5252375613166187,2.1205086232782895,nan,nan,17,293.64754021268135,30.00617218104844,541.8201391744954,A0,L5,I3,T2,position_fusion,S01,X_A0_U4_P2_L5_I3_T2__S01,U4,P2,
X_A0_U4_P2_L5_I3_T3,loose_ekf_screening,Phase4 L5 single-I position row.,34,17,40661,91.34549328545609,158.36686174192022,185.82988784188512,108.38889797554438,40661,59.85844417150612,121.12052047377016,143.67673515957972,78.35692767449045,40661,52.52855433268542,120.52421695588987,145.36481337257806,74.88888495476242,93.90202757452624,175.63689499519137,106.38978446834466,134.24388244155267,127.53787968036747,81.20219248563245,70.96407799399284,31.62097487167256,48.28348860978002,79.67107621014739,136.43679514190416,nan,nan,nan,1.0,0.17735771593628136,0.7098957050480791,nan,nan,17,225.80037780493188,26.642930169710382,633.9971836878741,A0,L5,I3,T3,position_fusion,S01,X_A0_U4_P2_L5_I3_T3__S01,U4,P2,
X_A0_U4_P2_L5_I3_T4,loose_ukf_screening,Phase4 L5 single-I position row.,34,17,40661,90.43513460599871,156.2639712218103,181.90860252609488,106.8706934967541,40661,59.25960080019256,119.28156977459554,141.49612276635676,77.3262791567123,40661,52.36207425939665,118.38480074220013,142.43236356186003,73.76985617618729,92.81936523264292,171.74169427863555,105.18113757721788,131.9101633665477,123.41460731686036,79.49665997894695,72.79518844660805,30.841424601456765,47.161314163763194,78.18742009897372,133.26172580551383,nan,nan,nan,1.0,0.23867129804704693,0.9497861874354545,nan,nan,17,237.6605072080233,26.826873722516723,644.9632293187572,A0,L5,I3,T4,position_fusion,S01,X_A0_U4_P2_L5_I3_T4__S01,U4,P2,
X_A0_U4_P2_L5_I3_T5,error_state_ekf_screening,Phase4 L5 single-I position row.,34,17,40661,93.37012438634522,164.50196437786894,194.04596026894353,112.02022647665812,40661,61.37151101021582,125.22978256091348,148.4309527980967,80.85841041031473,40661,53.35877706345718,125.22665051756383,151.32508071411178,77.52708304714477,95.85617434576153,183.18166967892023,109.66472394989279,139.58890638488168,136.40078035231681,80.92297133613006,69.63838922486391,35.50490499087323,50.26358069132803,82.05097720495975,140.2383692112955,nan,nan,nan,1.0,0.11966590345578408,0.5238240890617495,nan,nan,17,196.03823243339235,24.817974117430083,506.4107102284777,A0,L5,I3,T5,position_fusion,S01,X_A0_U4_P2_L5_I3_T5__S01,U4,P2,
X_A0_U4_P2_L5_I4_T1,uwb_only_control_repeated_for_matrix,Phase4 L5 single-I position row.,34,17,40661,96.05204944493745,173.0765782292826,203.4249372072929,116.72204651514699,40661,63.54315245276086,130.29240991327515,155.90803357495687,84.22154876186823,40661,54.675028107447815,130.82214868223537,159.42625467103744,80.81316023294961,98.56857380939852,191.34655064695073,114.77916478408947,145.8235573538554,145.11590218344742,81.88807133576833,67.77593782095414,37.98889288542216,51.86087234511305,85.03985981370025,144.03122417135268,nan,nan,nan,nan,nan,nan,nan,nan,17,159.25754634215113,24.356201822758294,366.7716548701073,A0,L5,I4,T1,uwb_only,S01,X_A0_U4_P2_L5_I4_T1__S01,U4,P2,
X_A0_U4_P2_L5_I4_T2,position_prior_screening,Phase4 L5 single-I position row.,34,17,40661,85.25235057729516,138.42894112486763,157.6761763045121,96.25150938479074,40661,58.21383779082403,104.65876807946633,120.41652173274156,70.14581906611579,40661,47.94553521112948,107.37372458015784,127.48435417851681,65.9083995132199,84.94029353527338,137.09030803457927,90.33161891411001,109.17652275367368,99.94332902560001,65.84454594470617,60.23354489839022,26.288418842588158,30.712382766042765,74.24927917976134,124.68198840133667,nan,nan,nan,1.0,0.5155745766978477,2.1254706275945106,nan,nan,17,201.4004944598628,29.68389608982187,410.70341080433684,A0,L5,I4,T2,position_fusion,S01,X_A0_U4_P2_L5_I4_T2__S01,U4,P2,
X_A0_U4_P2_L5_I4_T3,loose_ekf_screening,Phase4 L5 single-I position row.,34,17,40661,91.01168497152537,156.43443979477857,183.6957903060647,107.40292744168124,40661,60.08275265611473,119.01922870072556,140.544905368764,77.65732083028044,40661,51.9368913153869,119.28165043049717,144.05906322466308,74.19386325368114,92.22983001749705,170.3184259304461,103.9042125699157,129.14774600443653,126.94204414696888,74.82705768638615,70.96485531699614,26.83693163324756,47.87775988268143,79.05555240218006,137.09727062547614,nan,nan,nan,1.0,0.16882307036539884,0.808588394199891,nan,nan,17,238.19795343597826,26.811923529848173,671.269723917873,A0,L5,I4,T3,position_fusion,S01,X_A0_U4_P2_L5_I4_T3__S01,U4,P2,
X_A0_U4_P2_L5_I4_T4,loose_ukf_screening,Phase4 L5 single-I position row.,34,17,40661,90.19446203388925,153.77834800694862,179.17977215110474,105.69950441147195,40661,59.55485523595474,117.02832565789296,137.70177367126945,76.49166514489019,40661,51.57041797932118,117.33266541200169,141.26312638257315,72.9479978902284,91.029389551451,166.17134519301734,102.49665437215322,125.34964635777783,124.50528714237544,73.3101490956423,69.63188636698737,27.250712529859697,46.63825777784328,77.84374490888237,135.45485291562758,nan,nan,nan,1.0,0.23067551486002302,1.0728151078554868,nan,nan,17,251.46076900749142,27.055030818386683,690.8776993672247,A0,L5,I4,T4,position_fusion,S01,X_A0_U4_P2_L5_I4_T4__S01,U4,P2,
X_A0_U4_P2_L5_I4_T5,error_state_ekf_screening,Phase4 L5 single-I position row.,34,17,40661,93.11704752982236,163.43787938993665,192.80227710723273,111.42974980712701,40661,61.42780961432112,124.07496176695767,146.9341780434812,80.43860539906802,40661,52.9636095499427,124.63160639656729,150.8378256149112,77.11173648370232,94.91711722528655,182.41243345700497,107.98684669723113,137.46128156456984,135.52944374747386,77.48043019030715,70.03615591956152,33.31488896722442,50.06959077293243,81.66335628838722,140.14213567416013,nan,nan,nan,1.0,0.12608194105439868,0.5716183335925569,nan,nan,17,202.5508853634248,24.87224318574488,527.7419107314203,A0,L5,I4,T5,position_fusion,S01,X_A0_U4_P2_L5_I4_T5__S01,U4,P2,
X_A0_U4_P2_L5_I5_T1,uwb_only_control_repeated_for_matrix,Phase4 L5 single-I position row.,34,17,40661,96.05204944493745,173.0765782292826,203.4249372072929,116.72204651514699,40661,63.54315245276086,130.29240991327515,155.90803357495687,84.22154876186823,40661,54.675028107447815,130.82214868223537,159.42625467103744,80.81316023294961,98.56857380939852,191.34655064695073,114.77916478408947,145.8235573538554,145.11590218344742,81.88807133576833,67.77593782095414,37.98889288542216,51.86087234511305,85.03985981370025,144.03122417135268,nan,nan,nan,nan,nan,nan,nan,nan,17,159.25754634215113,24.356201822758294,366.7716548701073,A0,L5,I5,T1,uwb_only,S01,X_A0_U4_P2_L5_I5_T1__S01,U4,P2,
X_A0_U4_P2_L5_I5_T2,position_prior_screening,Phase4 L5 single-I position row.,34,17,40661,80.89479282490002,130.23974813379948,149.0343099103448,91.45083095907174,40661,56.00085727333753,99.93425052318355,116.30191428407312,67.09728181047839,40661,45.0702310686936,99.52434070754566,118.16916502027334,62.13862934399149,83.40030828018871,129.52222995413962,87.94740883455168,104.04086449141292,96.41348132949815,76.61392061509139,66.21467776545649,34.92527058100643,24.377754253574835,71.60385283813116,115.0952625704688,nan,nan,nan,1.0,0.613351705497396,2.330365233071083,nan,nan,17,324.0616501258187,29.328912015776893,536.0382285327156,A0,L5,I5,T2,position_fusion,S01,X_A0_U4_P2_L5_I5_T2__S01,U4,P2,
X_A0_U4_P2_L5_I5_T3,loose_ekf_screening,Phase4 L5 single-I position row.,34,17,40661,89.15480054810614,151.92473584357512,176.99748179013255,104.59984579518893,40661,59.24093871410651,116.4466597562347,136.8730253691491,76.06216038143872,40661,50.79255855051292,115.27578172674112,138.5549610417546,71.8030326552131,92.00799994702001,164.54568877240533,101.01457419200767,123.65827889920047,121.67515137268742,80.15395758982449,70.3167704859061,29.97769108456015,46.012648290679806,77.13285858012489,131.55147223766375,nan,nan,nan,1.0,0.22512014764387617,0.9667279196436092,nan,nan,17,259.0770898040587,26.9647135753483,693.9485712981531,A0,L5,I5,T3,position_fusion,S01,X_A0_U4_P2_L5_I5_T3__S01,U4,P2,
X_A0_U4_P2_L5_I5_T4,loose_ukf_screening,Phase4 L5 single-I position row.,34,17,40661,88.0673227979692,148.51045608667113,172.77018595908274,102.57926719424728,40661,58.78174462241006,113.8064083352401,133.80390335196594,74.73389098568872,40661,50.03331828945511,112.65613186509881,135.4023069489623,70.26629061113138,90.07389476752185,160.58962165838318,98.99094921997514,118.93186321093346,118.2881895919677,79.43018104101776,70.84770079029957,31.46082508859962,44.238044805201724,77.15807182831163,124.90215794993071,nan,nan,nan,1.0,0.296314246897572,1.2662195384441897,nan,nan,17,274.117868873489,27.262891610854695,688.42420984277,A0,L5,I5,T4,position_fusion,S01,X_A0_U4_P2_L5_I5_T4__S01,U4,P2,
X_A0_U4_P2_L5_I5_T5,error_state_ekf_screening,Phase4 L5 single-I position row.,34,17,40661,91.65701773412226,159.97929607564953,189.0283444175637,109.45107529613055,40661,60.74492618603255,122.16304003356238,144.10777077395718,79.24509505373247,40661,52.168746069916324,121.58798295699137,147.4783534584626,75.49670716928087,94.47748162469225,178.0541161607656,106.27890284955367,132.24625159422175,132.29974296483044,80.81262842021458,70.14589828309033,31.689940295431313,49.174702840574355,80.89357100594796,139.34538373247997,nan,nan,nan,1.0,0.17119868685823328,0.7499688995773255,nan,nan,17,218.75210021209875,26.474898882799266,588.7797703375401,A0,L5,I5,T5,position_fusion,S01,X_A0_U4_P2_L5_I5_T5__S01,U4,P2,
X_A0_U4_P2_L5_I6_T1,uwb_only_control_repeated_for_matrix,Phase4 L5 single-I position row.,34,17,40661,96.05204944493745,173.0765782292826,203.4249372072929,116.72204651514699,40661,63.54315245276086,130.29240991327515,155.90803357495687,84.22154876186823,40661,54.675028107447815,130.82214868223537,159.42625467103744,80.81316023294961,98.56857380939852,191.34655064695073,114.77916478408947,145.8235573538554,145.11590218344742,81.88807133576833,67.77593782095414,37.98889288542216,51.86087234511305,85.03985981370025,144.03122417135268,nan,nan,nan,nan,nan,nan,nan,nan,17,159.25754634215113,24.356201822758294,366.7716548701073,A0,L5,I6,T1,uwb_only,S01,X_A0_U4_P2_L5_I6_T1__S01,U4,P2,
X_A0_U4_P2_L5_I6_T2,position_prior_screening,Phase4 L5 single-I position row.,34,17,40661,82.24813073043632,138.0760113452136,158.28571198322,94.29593004163993,40661,57.35976214299884,106.6864166959124,123.81127475433733,69.97356269321473,40661,44.57833033733141,101.866382119131,123.43639321800498,63.209358060627366,81.3876076708599,137.6502294263438,90.9261727298173,109.43911183315004,105.93588320630477,77.3553778343737,75.65026581664719,29.7734180899904,26.726756025526157,68.12764704056607,113.51574773273268,nan,nan,nan,1.0,0.5983856174569033,2.437863497959372,nan,nan,17,222.509540514981,29.58560975946125,548.9586571726917,A0,L5,I6,T2,position_fusion,S01,X_A0_U4_P2_L5_I6_T2__S01,U4,P2,
X_A0_U4_P2_L5_I6_T3,loose_ekf_screening,Phase4 L5 single-I position row.,34,17,40661,89.91012944253401,154.23970963266868,180.8550082001428,105.79205894357843,40661,59.758604209449864,118.11724893259944,139.7311543048767,77.08802959378828,40661,51.17458314750934,116.58929950025151,140.6754553811448,72.45271167367578,91.04532216833985,168.29973898694902,102.64671798509171,130.7135470612953,122.4751838318214,76.90701295398259,71.0253050102071,29.46747948914333,46.83018855229963,77.09175784845114,131.64684316262156,nan,nan,nan,1.0,0.21239074840230504,0.8724043771060509,nan,nan,17,241.1283892861493,26.87947279565452,674.0018729658951,A0,L5,I6,T3,position_fusion,S01,X_A0_U4_P2_L5_I6_T3__S01,U4,P2,
X_A0_U4_P2_L5_I6_T4,loose_ukf_screening,Phase4 L5 single-I position row.,34,17,40661,88.98777085093815,151.1020698298758,176.0830623563439,103.91759413025906,40661,59.34631423259536,115.9665899143969,136.9854014683218,75.92759243585265,40661,50.57891211158153,114.03723810053191,137.48019385576754,70.94975036401681,89.73456439164201,164.23490733166665,100.60380005066445,128.43369150371566,119.72140527129469,77.14532554443855,71.76162578801473,29.675041899730786,45.29240119058184,77.51160979462765,130.1218789983006,nan,nan,nan,1.0,0.28236060566169385,1.1318388219679374,nan,nan,17,250.4642774053633,27.147452802514692,665.2259545463944,A0,L5,I6,T4,position_fusion,S01,X_A0_U4_P2_L5_I6_T4__S01,U4,P2,
X_A0_U4_P2_L5_I6_T5,error_state_ekf_screening,Phase4 L5 single-I position row.,34,17,40661,92.22506019550008,161.48446844980396,190.73728985345997,110.30110253642457,40661,60.98899064933229,123.27716853354647,145.78857969956798,79.92291832420419,40661,52.41865276996805,122.38717050821685,148.40638600617024,76.01750026996042,94.02740704599972,177.86091025971825,107.34493755091006,136.97998611647142,132.05625409589547,79.7428140500763,69.2488226374772,32.06226586856502,49.56532059548715,81.19720054961223,140.1777496146507,nan,nan,nan,1.0,0.15482322378036906,0.6656404308471434,nan,nan,17,208.85463681044618,26.444335134548112,548.4927371682754,A0,L5,I6,T5,position_fusion,S01,X_A0_U4_P2_L5_I6_T5__S01,U4,P2,
X_A0_U4_P2_L5_I7_T1,uwb_only_control_repeated_for_matrix,Phase4 L5 single-I position row.,34,17,40661,96.05204944493745,173.0765782292826,203.4249372072929,116.72204651514699,40661,63.54315245276086,130.29240991327515,155.90803357495687,84.22154876186823,40661,54.675028107447815,130.82214868223537,159.42625467103744,80.81316023294961,98.56857380939852,191.34655064695073,114.77916478408947,145.8235573538554,145.11590218344742,81.88807133576833,67.77593782095414,37.98889288542216,51.86087234511305,85.03985981370025,144.03122417135268,nan,nan,nan,nan,nan,nan,nan,nan,17,159.25754634215113,24.356201822758294,366.7716548701073,A0,L5,I7,T1,uwb_only,S01,X_A0_U4_P2_L5_I7_T1__S01,U4,P2,
X_A0_U4_P2_L5_I7_T2,position_prior_screening,Phase4 L5 single-I position row.,34,17,40661,86.07232484244625,141.94618026457496,162.42442446239062,98.38113467311669,40661,59.45343056888287,111.71239529408453,131.43837917930995,73.5262718052926,40661,47.49282031267035,104.98452036355093,125.41275709490913,65.36616107730481,84.46015319532061,146.00608636332248,93.7509389638326,121.60987337592263,107.92735704451385,73.93203297304106,57.9178601860519,38.46866767597862,34.25992664681144,77.48199974619399,130.6005548901374,nan,nan,nan,1.0,0.5487868739184641,2.155946566478771,nan,nan,17,323.6946552345148,29.277896803858766,748.4728694294117,A0,L5,I7,T2,position_fusion,S01,X_A0_U4_P2_L5_I7_T2__S01,U4,P2,
X_A0_U4_P2_L5_I7_T3,loose_ekf_screening,Phase4 L5 single-I position row.,34,17,40661,90.81819429380286,158.56905584512526,186.95521411016364,108.41507978334563,40661,60.32553851248705,121.31064201944594,143.84337226361168,78.82613307204684,40661,51.60702733538665,119.77463760893352,144.85331739721101,74.43299180697468,93.15139725628111,174.4563961536537,107.28452938790093,133.46262984695005,130.36328542505765,77.3048375782725,64.19753188803253,29.74242770336457,48.60599413345645,80.40379252762479,137.83915747543352,nan,nan,nan,1.0,0.1639966520048935,0.6670600895931388,nan,nan,17,226.41384879902708,26.586037442342786,623.5236358431215,A0,L5,I7,T3,position_fusion,S01,X_A0_U4_P2_L5_I7_T3__S01,U4,P2,
X_A0_U4_P2_L5_I7_T4,loose_ukf_screening,Phase4 L5 single-I position row.,34,17,40661,89.94485367248592,156.16361593198693,182.97308832477265,106.79357978418693,40661,59.875513847853924,119.77498231219101,141.8743593136092,77.85486363257091,40661,51.01939422102453,117.64871778600366,141.91721096844947,73.09917162236032,91.80058917934613,170.5280737324636,105.35189217950608,129.53299775442952,127.42686052475587,76.4843672558075,63.67658272392848,28.480892518500127,47.57619682892377,78.86889807570091,135.6208644369196,nan,nan,nan,1.0,0.22463196930472604,0.8805242868860401,nan,nan,17,240.851191327695,26.751091502477948,682.7875891095608,A0,L5,I7,T4,position_fusion,S01,X_A0_U4_P2_L5_I7_T4__S01,U4,P2,
X_A0_U4_P2_L5_I7_T5,error_state_ekf_screening,Phase4 L5 single-I position row.,34,17,40661,93.24551689083613,165.12449905454727,194.56248616768593,112.19441046124686,40661,61.62429810767819,125.51415203138467,148.93643684458482,81.18750813210622,40661,53.10393636262995,124.96836196916468,151.6385570690943,77.43496795405758,95.9315920278552,182.55723803463513,110.55055096561699,139.8415489044235,135.42945344001063,78.33026946291133,65.64345398838296,35.31505713398087,50.42243514413801,82.13247900625124,140.23940787714918,nan,nan,nan,1.0,0.10813879344795677,0.47054489175709563,nan,nan,17,193.89596011281878,24.73378205522056,494.4292327163011,A0,L5,I7,T5,position_fusion,S01,X_A0_U4_P2_L5_I7_T5__S01,U4,P2,
X_A0_U4_P2_L5_I8_T1,uwb_only_control_repeated_for_matrix,Phase4 L5 single-I position row.,34,17,40661,96.05204944493745,173.0765782292826,203.4249372072929,116.72204651514699,40661,63.54315245276086,130.29240991327515,155.90803357495687,84.22154876186823,40661,54.675028107447815,130.82214868223537,159.42625467103744,80.81316023294961,98.56857380939852,191.34655064695073,114.77916478408947,145.8235573538554,145.11590218344742,81.88807133576833,67.77593782095414,37.98889288542216,51.86087234511305,85.03985981370025,144.03122417135268,nan,nan,nan,nan,nan,nan,nan,nan,17,159.25754634215113,24.356201822758294,366.7716548701073,A0,L5,I8,T1,uwb_only,S01,X_A0_U4_P2_L5_I8_T1__S01,U4,P2,
X_A0_U4_P2_L5_I8_T2,position_prior_screening,Phase4 L5 single-I position row.,34,17,40661,85.07138723713916,138.37009676596801,157.00836434218718,95.65887378663282,40661,55.869791398274735,104.26547082931644,121.07896286896226,68.82755710967905,40661,48.955693507468595,107.70243075072517,127.06895806810314,66.43333136642192,85.6132228555133,142.8899309901381,95.0918980738983,106.65435402664167,107.77017767973072,73.3818114813718,63.99171679653355,29.91169667577799,28.6469313820987,74.6033509894475,123.45881405325466,nan,nan,nan,1.0,0.5782837882083637,2.575280171262127,nan,nan,17,361.2745672286077,29.363029575925054,710.8389687328054,A0,L5,I8,T2,position_fusion,S01,X_A0_U4_P2_L5_I8_T2__S01,U4,P2,
X_A0_U4_P2_L5_I8_T3,loose_ekf_screening,Phase4 L5 single-I position row.,34,17,40661,90.33941533352073,155.12822247623183,181.2786950538734,106.51831963223441,40661,59.19472466730854,118.27979511677154,139.48861094609202,76.78185359091391,40661,52.14166521563902,118.84172219715424,142.64829784509766,73.82885192401623,91.82263717060977,167.63733902876422,103.71352971079388,130.38529245252033,126.86923177059873,78.59647647274022,71.93781018232497,28.122013262357484,47.41943134729385,77.18367813769734,133.04297487717008,nan,nan,nan,1.0,0.19999328289758517,0.8407883355392016,nan,nan,17,250.70967155633798,26.795482142009632,699.2520983299902,A0,L5,I8,T3,position_fusion,S01,X_A0_U4_P2_L5_I8_T3__S01,U4,P2,
X_A0_U4_P2_L5_I8_T4,loose_ukf_screening,Phase4 L5 single-I position row.,34,17,40661,89.50989680728594,151.93349831017989,176.49408086276864,104.73672233080059,40661,58.56036388556779,116.14733437181427,136.42397197263384,75.49008155060774,40661,51.72224145979931,116.65060799657022,139.63659980781222,72.60184978416056,90.27474834624736,163.81917032240662,102.24251997310576,128.30066717660995,123.55664620355356,77.07217012343757,71.34383369798593,26.884829032989217,46.04459083421207,77.20653078253947,131.89832553884048,nan,nan,nan,1.0,0.27125991187150417,1.1284055199789254,nan,nan,17,270.03570248314827,27.036991577430513,741.7810841005746,A0,L5,I8,T4,position_fusion,S01,X_A0_U4_P2_L5_I8_T4__S01,U4,P2,
X_A0_U4_P2_L5_I8_T5,error_state_ekf_screening,Phase4 L5 single-I position row.,34,17,40661,92.57865308377977,162.25394233839197,191.2701902738154,110.79711329434025,40661,60.887144979846454,123.39186602931541,146.0428349150908,79.87160062313379,40661,53.02378797282165,123.76694928512302,149.78828683038796,76.78885158834896,94.91966899534458,180.85919135340535,107.98836497186264,136.67033472432794,134.18226674344646,79.71036048319539,70.82254214006508,34.11404512502247,49.84989918366125,81.42531969459861,139.9727504684836,nan,nan,nan,1.0,0.14101225546161467,0.6248481100917779,nan,nan,17,208.24666066023136,26.408139432512485,544.1708847955385,A0,L5,I8,T5,position_fusion,S01,X_A0_U4_P2_L5_I8_T5__S01,U4,P2,
X_A0_U4_P3_L5_I0_T1,uwb_only_control_repeated_for_matrix,Phase4 L5 single-I position row.,34,17,40661,96.82650093446517,181.7417635747387,212.8614779361652,120.41324052300946,40661,63.14015323131375,133.8003413047265,161.10592424267114,85.40266330455763,40661,56.35262600005353,138.51366571320193,169.8116390322573,84.88659254405549,99.89041170348654,200.2766290041533,117.93189923681317,152.47184529291786,149.2242401244693,79.10141981774183,69.0384012898334,41.16842725918423,53.00140627279424,94.18166167838932,159.14135688267478,nan,nan,nan,nan,nan,nan,nan,nan,17,107.75155695167895,26.450210223173087,231.86789242611306,A0,L5,I0,T1,uwb_only,S01,X_A0_U4_P3_L5_I0_T1__S01,U4,P3,
X_A0_U4_P3_L5_I0_T2,position_prior_screening,Phase4 L5 single-I position row.,34,17,40661,88.20222519456617,158.44838601384683,184.1734235188732,106.40505346242391,40661,58.130711880700844,119.18829883003906,141.14835908085425,76.42531959763033,40661,51.02024548537565,121.32309650759566,146.2074180486427,74.03516682456623,90.88457612403846,165.89106273338183,101.83386550299917,128.14501012881064,130.64572139629286,82.00883960194611,73.10455861124416,26.2683532356383,49.98228214141449,85.46077948528406,140.90242216005498,nan,nan,nan,1.0,0.4048674887657038,1.7856623847131066,nan,nan,17,218.1689904653328,26.470939583085737,557.9057608663443,A0,L5,I0,T2,position_fusion,S01,X_A0_U4_P3_L5_I0_T2__S01,U4,P3,
X_A0_U4_P3_L5_I0_T3,loose_ekf_screening,Phase4 L5 single-I position row.,34,17,40661,93.02320387699795,173.33585780566915,203.5563405241714,115.27749843277198,40661,60.639030460377434,128.62764601160413,154.65237387191652,81.83583481325745,40661,54.71968025346291,131.5445821641067,161.23765593997712,81.18988721100052,94.1660169587927,189.94268068302017,112.88183537168376,144.95573660994344,139.85978009381932,78.91763032269193,70.83261588322803,39.52302427910661,52.30180575670633,87.97011575353416,149.65000910751644,nan,nan,nan,1.0,0.1069453291115268,0.46377000332258855,nan,nan,17,139.77709297187639,26.17624584163235,332.52425720475,A0,L5,I0,T3,position_fusion,S01,X_A0_U4_P3_L5_I0_T3__S01,U4,P3,
X_A0_U4_P3_L5_I0_T4,loose_ukf_screening,Phase4 L5 single-I position row.,34,17,40661,92.08802130466135,170.84243684147594,201.0064558719895,113.9222742539967,40661,59.91166254886934,127.32738268034441,152.74532528775893,80.91940776826485,40661,54.25174620995375,129.76061074122504,159.25556257428582,80.18936349439444,92.59855129828128,186.74475932195338,111.05926614240673,142.65323342195356,136.0516801033108,79.94665082736637,71.39363258719769,38.0037022706328,52.08586837501812,86.40312005490196,147.6010244791176,nan,nan,nan,1.0,0.15203445445703884,0.6666640552550536,nan,nan,17,150.31238899031,26.13254536713123,365.95514295566966,A0,L5,I0,T4,position_fusion,S01,X_A0_U4_P3_L5_I0_T4__S01,U4,P3,
X_A0_U4_P3_L5_I0_T5,error_state_ekf_screening,Phase4 L5 single-I position row.,34,17,40661,95.16057301163961,177.9315889596812,209.0835834817372,118.09830960330109,40661,61.91444512557353,131.45966921406298,158.29679532719842,83.78032223106723,40661,55.57031347397219,135.60324469716022,166.03827341446663,83.23501870015829,97.85098759702075,195.87946124892784,115.56404678711712,150.2061401928933,145.32502702486363,78.13258327941958,69.77197028492513,39.50129263345002,52.70131090196199,91.63882213592632,155.01521061225537,nan,nan,nan,1.0,0.058006536622997956,0.262769970449964,nan,nan,17,120.75943046143895,26.3088781190325,272.44705908904194,A0,L5,I0,T5,position_fusion,S01,X_A0_U4_P3_L5_I0_T5__S01,U4,P3,
X_A0_U4_P3_L5_I1_T1,uwb_only_control_repeated_for_matrix,Phase4 L5 single-I position row.,34,17,40661,96.82650093446517,181.7417635747387,212.8614779361652,120.41324052300946,40661,63.14015323131375,133.8003413047265,161.10592424267114,85.40266330455763,40661,56.35262600005353,138.51366571320193,169.8116390322573,84.88659254405549,99.89041170348654,200.2766290041533,117.93189923681317,152.47184529291786,149.2242401244693,79.10141981774183,69.0384012898334,41.16842725918423,53.00140627279424,94.18166167838932,159.14135688267478,nan,nan,nan,nan,nan,nan,nan,nan,17,107.75155695167895,26.450210223173087,231.86789242611306,A0,L5,I1,T1,uwb_only,S01,X_A0_U4_P3_L5_I1_T1__S01,U4,P3,
X_A0_U4_P3_L5_I1_T2,position_prior_screening,Phase4 L5 single-I position row.,34,17,40661,83.11413249966866,144.6395139132173,168.95677044630173,98.32492892210554,40661,54.90958351558097,110.65764702803024,130.30695780219133,71.787565914191,40661,48.04392468937772,107.63586592087495,132.02999167852602,67.1888162394069,85.52687373540986,143.6719567515288,92.6840023963535,116.82482472444352,105.31223821805858,78.5499200551709,71.08675305764956,26.452095208856235,44.63971248423263,78.93968814131365,127.66645061766039,nan,nan,nan,1.0,0.6357297149913272,2.5390240195703226,nan,nan,17,206.55239633376902,25.88903640755899,398.8554521401478,A0,L5,I1,T2,position_fusion,S01,X_A0_U4_P3_L5_I1_T2__S01,U4,P3,
X_A0_U4_P3_L5_I1_T3,loose_ekf_screening,Phase4 L5 single-I position row.,34,17,40661,88.79117067635171,161.635072791338,190.54903553481338,108.56071947141724,40661,57.3267319188932,121.08520389889534,144.64079035690568,77.24284438011806,40661,52.75500009222742,122.5608555432018,149.63497899802132,76.28219192066138,89.27616997813307,172.69917084612814,104.38253067715351,132.59496613275263,129.55230479879182,78.18444141030636,70.53882176555166,32.11013863684343,51.10862166119145,82.4291628444557,141.97232801581944,nan,nan,nan,1.0,0.2279774874486062,1.033120046923906,nan,nan,17,193.6101546399843,26.22902626436803,500.11538586086715,A0,L5,I1,T3,position_fusion,S01,X_A0_U4_P3_L5_I1_T3__S01,U4,P3,
X_A0_U4_P3_L5_I1_T4,loose_ukf_screening,Phase4 L5 single-I position row.,34,17,40661,87.68883426062608,158.54311812724458,186.1077799000773,106.64661154985414,40661,56.671072144714095,119.2260027473902,141.6994109550548,76.00948966445132,40661,52.180579477346555,119.6869995356642,146.18934034112203,74.80679939694753,88.29260274424269,167.98241316540253,102.29385293727165,128.51163855774257,123.73023134156287,77.0872540247976,71.35727668244036,30.3715418520012,50.68086970970759,81.55066788600686,140.2919505537828,nan,nan,nan,1.0,0.304732431177693,1.3892238918372612,nan,nan,17,210.3408527409148,26.34754971097192,555.1686706332565,A0,L5,I1,T4,position_fusion,S01,X_A0_U4_P3_L5_I1_T4__S01,U4,P3,
X_A0_U4_P3_L5_I1_T5,error_state_ekf_screening,Phase4 L5 single-I position row.,34,17,40661,91.87077916554401,169.8799254833419,200.25910616189114,113.50738795623882,40661,59.54105544156169,126.44119434494071,151.7151656455634,80.56371652345997,40661,54.438195742016774,128.98686500789222,158.67611120637434,79.9588312857041,92.72860721468794,185.04661257005236,109.86254992021284,143.27181066658636,138.7176752597225,78.76987136770624,69.20800024422738,34.472357432781166,52.07114563483657,85.62050739899959,147.76914818907582,nan,nan,nan,1.0,0.16462463846538777,0.7059263891763194,nan,nan,17,151.84754217947582,26.16639636037945,367.483104065433,A0,L5,I1,T5,position_fusion,S01,X_A0_U4_P3_L5_I1_T5__S01,U4,P3,
X_A0_U4_P3_L5_I2_T1,uwb_only_control_repeated_for_matrix,Phase4 L5 single-I position row.,34,17,40661,96.82650093446517,181.7417635747387,212.8614779361652,120.41324052300946,40661,63.14015323131375,133.8003413047265,161.10592424267114,85.40266330455763,40661,56.35262600005353,138.51366571320193,169.8116390322573,84.88659254405549,99.89041170348654,200.2766290041533,117.93189923681317,152.47184529291786,149.2242401244693,79.10141981774183,69.0384012898334,41.16842725918423,53.00140627279424,94.18166167838932,159.14135688267478,nan,nan,nan,nan,nan,nan,nan,nan,17,107.75155695167895,26.450210223173087,231.86789242611306,A0,L5,I2,T1,uwb_only,S01,X_A0_U4_P3_L5_I2_T1__S01,U4,P3,
X_A0_U4_P3_L5_I2_T2,position_prior_screening,Phase4 L5 single-I position row.,34,17,40661,80.68959725499198,140.07791605207575,162.82992294651018,95.10029915072893,40661,54.297015795995456,108.30033892518995,126.86421792959639,70.11775529340973,40661,46.480649327869685,103.2753024831037,124.99164942861546,64.24614611921595,80.60244395362685,140.4297502795041,92.15777445141916,112.96892353075958,107.08921705992128,74.14751290484239,67.88090289701077,31.259532432638366,44.003767924500664,76.63323956010956,128.88195369730926,nan,nan,nan,1.0,0.6730568721955997,2.6807434766220695,nan,nan,17,188.3766754896971,25.38146973005155,413.3278174477305,A0,L5,I2,T2,position_fusion,S01,X_A0_U4_P3_L5_I2_T2__S01,U4,P3,
X_A0_U4_P3_L5_I2_T3,loose_ekf_screening,Phase4 L5 single-I position row.,34,17,40661,88.08836747412239,160.35016662882794,188.7330119853884,107.62079480708566,40661,56.90147931009134,120.4168065110421,143.61842050389177,76.67498603811038,40661,52.27770318203079,121.11145373994572,147.7076369234088,75.51941466248539,90.85180316483952,170.64593646858208,104.13953144725315,130.22439828501285,125.92907392276271,78.31322515717031,71.12480955001824,32.85664601403079,51.10552793586038,82.21105327198934,142.44270836729817,nan,nan,nan,1.0,0.23324758114326688,1.0278692359564405,nan,nan,17,195.42619280600385,26.268720163635464,503.0477019924131,A0,L5,I2,T3,position_fusion,S01,X_A0_U4_P3_L5_I2_T3__S01,U4,P3,
X_A0_U4_P3_L5_I2_T4,loose_ukf_screening,Phase4 L5 single-I position row.,34,17,40661,86.65937280473787,156.67508086015187,184.4414236437023,105.50458158139233,40661,56.135692715116214,118.36607957053452,140.93528306971555,75.33349072388509,40661,51.553403663091785,118.27964478527724,144.1345731644941,73.86529570792354,88.61604234560133,165.48223601304858,102.00222650545413,127.34272760569178,122.50748981872412,79.33025877061226,71.44419749683149,31.320203018303232,50.570248305737124,81.34864634547807,141.24122347799337,nan,nan,nan,1.0,0.3084265809462058,1.3726588884018516,nan,nan,17,211.34884473569042,26.404834729064532,553.2760817380521,A0,L5,I2,T4,position_fusion,S01,X_A0_U4_P3_L5_I2_T4__S01,U4,P3,
X_A0_U4_P3_L5_I2_T5,error_state_ekf_screening,Phase4 L5 single-I position row.,34,17,40661,91.3560517001826,169.27455164459576,199.26409489208004,112.97129203749361,40661,59.32750338340693,126.06481703677731,150.97676637500564,80.22177632793287,40661,54.11639252918803,128.25356319449372,157.6298141278744,79.54231218296195,93.50232310477602,184.0104683925881,109.52047419411146,141.39505077209347,135.65487425840064,78.43047023557438,70.69721112230647,35.47476738903117,52.06460471569628,85.40344368655599,147.57665854004688,nan,nan,nan,1.0,0.17204750013420506,0.7465725937844852,nan,nan,17,153.7100131734221,26.17380378822196,372.83244961451965,A0,L5,I2,T5,position_fusion,S01,X_A0_U4_P3_L5_I2_T5__S01,U4,P3,
X_A0_U4_P3_L5_I3_T1,uwb_only_control_repeated_for_matrix,Phase4 L5 single-I position row.,34,17,40661,96.82650093446517,181.7417635747387,212.8614779361652,120.41324052300946,40661,63.14015323131375,133.8003413047265,161.10592424267114,85.40266330455763,40661,56.35262600005353,138.51366571320193,169.8116390322573,84.88659254405549,99.89041170348654,200.2766290041533,117.93189923681317,152.47184529291786,149.2242401244693,79.10141981774183,69.0384012898334,41.16842725918423,53.00140627279424,94.18166167838932,159.14135688267478,nan,nan,nan,nan,nan,nan,nan,nan,17,107.75155695167895,26.450210223173087,231.86789242611306,A0,L5,I3,T1,uwb_only,S01,X_A0_U4_P3_L5_I3_T1__S01,U4,P3,
X_A0_U4_P3_L5_I3_T2,position_prior_screening,Phase4 L5 single-I position row.,34,17,40661,82.54436952440565,143.1358548694965,164.0100636772878,97.02011469831896,40661,53.69755989650786,108.58474022551425,127.01815621958897,69.32389629610404,40661,49.22000266146051,109.66195522649991,131.23041839387065,67.87562197432878,83.79521339832868,146.4968046368524,93.11245528491716,108.6765973648089,115.75731614643867,77.10452160531817,64.40944625822367,29.632623128613034,42.746731972595285,76.75386497771059,128.20549353119821,nan,nan,nan,1.0,0.622972843760205,2.563937619491227,nan,nan,17,294.97451543787537,25.36292272550122,613.4113227696444,A0,L5,I3,T2,position_fusion,S01,X_A0_U4_P3_L5_I3_T2__S01,U4,P3,
X_A0_U4_P3_L5_I3_T3,loose_ekf_screening,Phase4 L5 single-I position row.,34,17,40661,88.01963909677016,159.53797828164969,187.77083588052545,107.39864527626794,40661,56.323101530126245,120.13422832851242,143.2326788754381,76.11958451993502,40661,52.90212079575622,121.32228048775937,147.89339481533352,75.76462142510907,89.38949542119293,172.12622675704628,102.81355604308894,132.04853787591279,127.37286618733575,80.25020026922701,71.01586784047491,31.463305358725563,50.86370570854223,82.09273934425215,140.66845313378616,nan,nan,nan,1.0,0.2590532908114187,1.028171021377867,nan,nan,17,207.19701621334676,26.372693571614832,558.9737662270345,A0,L5,I3,T3,position_fusion,S01,X_A0_U4_P3_L5_I3_T3__S01,U4,P3,
X_A0_U4_P3_L5_I3_T4,loose_ukf_screening,Phase4 L5 single-I position row.,34,17,40661,86.85235153755175,156.66928517576852,183.56633917171604,105.48730686291553,40661,55.47179794770015,118.22065723964346,140.28131816618463,74.79219793988567,40661,52.56966611550172,119.07692932757607,144.60978208028052,74.38883677348281,88.15879297121168,167.45610525516912,101.15691487818857,128.5984289408251,124.48422575205467,80.33947570895614,72.81735514077849,29.51027724989615,50.38588572765096,81.11391440737049,139.74510649291767,nan,nan,nan,1.0,0.33262502742369976,1.3631163538770013,nan,nan,17,225.43020219242808,26.56210976286468,624.7188457941523,A0,L5,I3,T4,position_fusion,S01,X_A0_U4_P3_L5_I3_T4__S01,U4,P3,
X_A0_U4_P3_L5_I3_T5,error_state_ekf_screening,Phase4 L5 single-I position row.,34,17,40661,91.249206803573,168.315911553156,197.94329214155272,112.46228585992628,40661,58.89374525108235,125.38188709814541,150.33816806524425,79.68750444112845,40661,54.31014893069187,127.84824402033519,157.06305498760986,79.35784382646058,92.50471249093614,182.52296727234818,108.24128743929546,140.4325610630138,136.60833733374318,79.18207002409378,69.66770263507247,33.38720450641915,51.90584012038087,84.85363508072936,147.17630147936865,nan,nan,nan,1.0,0.19422224405687974,0.7903327213730089,nan,nan,17,161.0471421279939,26.184817276665797,401.52718544394673,A0,L5,I3,T5,position_fusion,S01,X_A0_U4_P3_L5_I3_T5__S01,U4,P3,
X_A0_U4_P3_L5_I4_T1,uwb_only_control_repeated_for_matrix,Phase4 L5 single-I position row.,34,17,40661,96.82650093446517,181.7417635747387,212.8614779361652,120.41324052300946,40661,63.14015323131375,133.8003413047265,161.10592424267114,85.40266330455763,40661,56.35262600005353,138.51366571320193,169.8116390322573,84.88659254405549,99.89041170348654,200.2766290041533,117.93189923681317,152.47184529291786,149.2242401244693,79.10141981774183,69.0384012898334,41.16842725918423,53.00140627279424,94.18166167838932,159.14135688267478,nan,nan,nan,nan,nan,nan,nan,nan,17,107.75155695167895,26.450210223173087,231.86789242611306,A0,L5,I4,T1,uwb_only,S01,X_A0_U4_P3_L5_I4_T1__S01,U4,P3,
X_A0_U4_P3_L5_I4_T2,position_prior_screening,Phase4 L5 single-I position row.,34,17,40661,81.43256252242261,136.91618350007644,157.20107633378646,94.1202887353742,40661,53.91179559104608,102.82636947119364,118.50476598357196,67.20090239743551,40661,47.537141048434705,106.94113406044164,128.10095366527867,65.89891856927966,80.15576715249026,133.1449108549156,88.16655553121907,110.61074866965748,98.81424210433664,63.82028592405457,58.60189085416229,23.92107816952739,41.44447047695448,75.4991729474579,123.42354214243156,nan,nan,nan,1.0,0.6173079908046337,2.4748962005228767,nan,nan,17,223.77535935123848,26.116543703468096,537.7413203509527,A0,L5,I4,T2,position_fusion,S01,X_A0_U4_P3_L5_I4_T2__S01,U4,P3,
X_A0_U4_P3_L5_I4_T3,loose_ekf_screening,Phase4 L5 single-I position row.,34,17,40661,87.52946085618258,157.57163902643106,184.99021697477338,106.2591465443755,40661,56.17929698453874,118.24170374585603,140.15512716677256,75.30268171558075,40661,52.69395044674525,119.84774046654695,146.25608756676138,74.97007636904878,88.28873015617697,167.09320600985112,101.75749286897528,131.09335385085421,120.26400568012812,74.99517945178549,71.52111031133347,31.482971539819005,50.618424708656306,81.27690190047886,140.65273666162824,nan,nan,nan,1.0,0.260671410045612,1.1010782564848465,nan,nan,17,221.63840168613552,26.414023591553473,600.4372088385002,A0,L5,I4,T3,position_fusion,S01,X_A0_U4_P3_L5_I4_T3__S01,U4,P3,
X_A0_U4_P3_L5_I4_T4,loose_ukf_screening,Phase4 L5 single-I position row.,34,17,40661,86.56951123494078,154.3120302643561,180.65108018787214,104.18747712860366,40661,55.344928535641685,115.88141461112477,137.12529180695145,73.85809345551498,40661,52.15747511132281,117.26595740303378,142.89108522884123,73.48477680131937,87.13408505738883,160.33130712315534,99.54544664776944,126.9517976461475,116.18134595194944,74.66696802608195,70.11348689004623,29.119289249177882,50.05268533263862,80.65395055081896,140.07279874470203,nan,nan,nan,1.0,0.3418208899774612,1.4594355155451753,nan,nan,17,242.77199502427882,26.62966384989602,672.1847644354518,A0,L5,I4,T4,position_fusion,S01,X_A0_U4_P3_L5_I4_T4__S01,U4,P3,
X_A0_U4_P3_L5_I4_T5,error_state_ekf_screening,Phase4 L5 single-I position row.,34,17,40661,90.80904130457195,166.954563242684,196.14569917418294,111.67349471736892,40661,58.64701856061525,124.32697223592032,148.6653949439971,79.12107918432982,40661,54.03420656917933,126.99370757219174,155.5483317201522,78.80878282968997,91.85518508019678,180.54023245780127,106.99891230206225,138.16357171094262,132.04994504475303,76.3130662770794,71.12975258220146,33.15540620781877,51.75125734504968,84.26482084454354,146.4239032307887,nan,nan,nan,1.0,0.20254978494210302,0.8596382812677137,nan,nan,17,168.36305664354373,26.17968141183809,424.32316626744455,A0,L5,I4,T5,position_fusion,S01,X_A0_U4_P3_L5_I4_T5__S01,U4,P3,
X_A0_U4_P3_L5_I5_T1,uwb_only_control_repeated_for_matrix,Phase4 L5 single-I position row.,34,17,40661,96.82650093446517,181.7417635747387,212.8614779361652,120.41324052300946,40661,63.14015323131375,133.8003413047265,161.10592424267114,85.40266330455763,40661,56.35262600005353,138.51366571320193,169.8116390322573,84.88659254405549,99.89041170348654,200.2766290041533,117.93189923681317,152.47184529291786,149.2242401244693,79.10141981774183,69.0384012898334,41.16842725918423,53.00140627279424,94.18166167838932,159.14135688267478,nan,nan,nan,nan,nan,nan,nan,nan,17,107.75155695167895,26.450210223173087,231.86789242611306,A0,L5,I5,T1,uwb_only,S01,X_A0_U4_P3_L5_I5_T1__S01,U4,P3,
X_A0_U4_P3_L5_I5_T2,position_prior_screening,Phase4 L5 single-I position row.,34,17,40661,77.09419953010338,129.73472551288097,148.78712352904913,89.47097366049246,40661,52.30000204769421,98.24096267100228,114.68919619558017,64.41820478497112,40661,45.82330218696029,99.07320850020392,118.25366303291776,62.09146495322896,80.64738312673163,123.72442985656212,86.7435324578413,96.21817265776642,97.04688661565075,76.63478219372523,65.00030906452062,36.704715342021416,37.44790092808037,76.68586896897585,125.00037274765374,nan,nan,nan,1.0,0.7068496538898266,2.722653265312098,nan,nan,17,334.97596710670484,25.34662115415682,610.9600010489748,A0,L5,I5,T2,position_fusion,S01,X_A0_U4_P3_L5_I5_T2__S01,U4,P3,
X_A0_U4_P3_L5_I5_T3,loose_ekf_screening,Phase4 L5 single-I position row.,34,17,40661,85.28343888578281,152.64146645993938,178.5985788918325,102.9489661782437,40661,54.99794022259165,115.36357985930208,136.04628623165033,73.33773930967052,40661,51.22569865755145,115.39685994026479,140.3277180602094,72.25002166169897,86.86550917507641,157.72157551307924,96.75089396437585,123.72865334796502,116.90186598902673,82.25122006135196,71.61653622250799,30.458059888823414,49.81417249357264,78.7446798833787,137.12529373403336,nan,nan,nan,1.0,0.3225838964284335,1.3800244883830788,nan,nan,17,253.02078526237867,26.516342583339167,701.3328032861307,A0,L5,I5,T3,position_fusion,S01,X_A0_U4_P3_L5_I5_T3__S01,U4,P3,
X_A0_U4_P3_L5_I5_T4,loose_ukf_screening,Phase4 L5 single-I position row.,34,17,40661,83.87485513573644,148.88627168649734,173.4848343265407,100.67013478440273,40661,54.35263678445617,112.44606226286322,132.78027266092366,71.81992648170842,40661,50.527512195513964,112.77197917518856,136.7586235451971,70.54342065474151,85.1320328175305,153.6462071893941,94.28201496718643,119.22297853332708,113.71562620010832,81.2443602993792,71.82470396816552,29.84799626388974,48.91230306014458,79.35629501967603,133.70027193017083,nan,nan,nan,1.0,0.4095696307920748,1.799684453648867,nan,nan,17,274.72082042192335,26.121121348753377,729.4820600440604,A0,L5,I5,T4,position_fusion,S01,X_A0_U4_P3_L5_I5_T4__S01,U4,P3,
X_A0_U4_P3_L5_I5_T5,error_state_ekf_screening,Phase4 L5 single-I position row.,34,17,40661,89.09581330690483,162.30318153565926,191.03651363585166,108.94146582834702,40661,57.512809732057555,121.6610648154591,145.32118467608535,77.37385923411244,40661,53.042832086787485,123.19821734327945,150.7624949092526,76.69112650136684,90.7524426199846,175.63821704406894,103.32051545943331,134.5126578496553,127.76523552700922,79.5546831297724,71.0584655960595,34.39263058353731,51.23671133938731,82.67259814963293,143.40619991737458,nan,nan,nan,1.0,0.2681760561645783,1.130109509329381,nan,nan,17,192.71280377559336,26.235726901971532,500.69482712713085,A0,L5,I5,T5,position_fusion,S01,X_A0_U4_P3_L5_I5_T5__S01,U4,P3,
X_A0_U4_P3_L5_I6_T1,uwb_only_control_repeated_for_matrix,Phase4 L5 single-I position row.,34,17,40661,96.82650093446517,181.7417635747387,212.8614779361652,120.41324052300946,40661,63.14015323131375,133.8003413047265,161.10592424267114,85.40266330455763,40661,56.35262600005353,138.51366571320193,169.8116390322573,84.88659254405549,99.89041170348654,200.2766290041533,117.93189923681317,152.47184529291786,149.2242401244693,79.10141981774183,69.0384012898334,41.16842725918423,53.00140627279424,94.18166167838932,159.14135688267478,nan,nan,nan,nan,nan,nan,nan,nan,17,107.75155695167895,26.450210223173087,231.86789242611306,A0,L5,I6,T1,uwb_only,S01,X_A0_U4_P3_L5_I6_T1__S01,U4,P3,
X_A0_U4_P3_L5_I6_T2,position_prior_screening,Phase4 L5 single-I position row.,34,17,40661,78.22972132761448,136.37278579345886,157.53186984379252,92.19287201172529,40661,52.951549249376754,104.22913399899518,122.00684506472614,67.16020866733672,40661,45.013469157582676,100.12830597513425,123.99610803434098,63.15878419927152,78.89473640366418,129.9875749467351,87.4705912461287,106.59942082349365,99.4909242130509,77.50098061693409,75.14821411551112,27.070678256797123,39.4726983417475,69.29585643048165,114.58920049120462,nan,nan,nan,1.0,0.6882767537055599,2.7829153980506436,nan,nan,17,226.85335391726178,25.620743628902687,525.8486552835913,A0,L5,I6,T2,position_fusion,S01,X_A0_U4_P3_L5_I6_T2__S01,U4,P3,
X_A0_U4_P3_L5_I6_T3,loose_ekf_screening,Phase4 L5 single-I position row.,34,17,40661,85.99003585312371,154.89331415709165,181.40918482264004,104.32665565302118,40661,55.61655860596148,117.16525411300249,138.81271210195433,74.50386390971086,40661,51.74247766528174,116.67420071576123,142.6148916531655,73.02893496599373,85.21647897668734,164.1482904720705,98.0680608707311,128.48064196488372,122.0077068554805,77.97342675595499,71.39858974973919,29.39236815913631,50.19898295050771,79.65351897467784,138.6458974710186,nan,nan,nan,1.0,0.2989157423941621,1.281436369547333,nan,nan,17,231.41818146430825,26.531248788196535,618.5809872524596,A0,L5,I6,T3,position_fusion,S01,X_A0_U4_P3_L5_I6_T3__S01,U4,P3,
X_A0_U4_P3_L5_I6_T4,loose_ukf_screening,Phase4 L5 single-I position row.,34,17,40661,84.77544649871261,151.43173674061612,176.7852962674859,102.14195666189518,40661,54.88090803204606,114.76316615509835,135.20272653144136,73.11452163003338,40661,50.89994655918497,113.79083641380532,138.99294276814203,71.32493279023718,84.2549155302109,158.29278298893738,95.00763795795322,124.59184686593258,117.94756054583756,77.01086062585067,71.10432897083862,28.125731920778264,49.463909699051186,78.66816836589189,134.40554846008337,nan,nan,nan,1.0,0.3870805890377661,1.6392121617908653,nan,nan,17,248.671682114939,26.371715848636484,671.2862401898684,A0,L5,I6,T4,position_fusion,S01,X_A0_U4_P3_L5_I6_T4__S01,U4,P3,
X_A0_U4_P3_L5_I6_T5,error_state_ekf_screening,Phase4 L5 single-I position row.,34,17,40661,89.68999012118218,164.18483550346136,193.33835452410713,110.10106291941757,40661,58.105072552138864,122.95672010086912,146.81245790260613,78.28007087601144,40661,53.49428368576423,124.61544896389876,152.4622162592359,77.42399214476202,88.95848415523204,178.17929562235835,104.93724647142886,136.59444376437096,132.29653213963363,78.82377416101339,71.02717907300647,33.394925878688184,51.511847708938774,83.34764458535903,144.61402052229846,nan,nan,nan,1.0,0.24237768978271945,0.9924896577193549,nan,nan,17,179.44115824612442,26.177799576351788,455.3415141729409,A0,L5,I6,T5,position_fusion,S01,X_A0_U4_P3_L5_I6_T5__S01,U4,P3,
X_A0_U4_P3_L5_I7_T1,uwb_only_control_repeated_for_matrix,Phase4 L5 single-I position row.,34,17,40661,96.82650093446517,181.7417635747387,212.8614779361652,120.41324052300946,40661,63.14015323131375,133.8003413047265,161.10592424267114,85.40266330455763,40661,56.35262600005353,138.51366571320193,169.8116390322573,84.88659254405549,99.89041170348654,200.2766290041533,117.93189923681317,152.47184529291786,149.2242401244693,79.10141981774183,69.0384012898334,41.16842725918423,53.00140627279424,94.18166167838932,159.14135688267478,nan,nan,nan,nan,nan,nan,nan,nan,17,107.75155695167895,26.450210223173087,231.86789242611306,A0,L5,I7,T1,uwb_only,S01,X_A0_U4_P3_L5_I7_T1__S01,U4,P3,
X_A0_U4_P3_L5_I7_T2,position_prior_screening,Phase4 L5 single-I position row.,34,17,40661,81.73221904891301,141.57199211509388,161.59466528033272,96.24777965640838,40661,55.262889131442364,109.03793380345432,130.14067900885217,70.62446254233124,40661,46.98423035503788,105.07839808583026,126.45479346391744,65.38975745019546,80.83850952115594,147.47080049074236,91.6573892519758,115.34522668959406,110.77375338925832,75.35030284720409,59.55868890948882,32.98133512815309,43.4074840309697,80.96486006702239,132.90728899400727,nan,nan,nan,1.0,0.6549654359938787,2.4916676471533297,nan,nan,17,327.23774892872393,25.385517130391406,767.7342981975253,A0,L5,I7,T2,position_fusion,S01,X_A0_U4_P3_L5_I7_T2__S01,U4,P3,
X_A0_U4_P3_L5_I7_T3,loose_ekf_screening,Phase4 L5 single-I position row.,34,17,40661,87.82293610722935,160.78051149294313,188.39392710027087,107.63590676210643,40661,57.00624215949752,120.55653798671982,144.25653356384092,76.75837318012331,40661,52.135323272884534,120.98903983734067,148.38281382032733,75.45621625314772,88.93761616667598,171.17417449963602,104.01671167802269,133.3047168769471,132.818920854387,77.5878567159429,67.03213316977588,29.83026268255577,50.96615548604541,82.16422898834713,142.07685085078384,nan,nan,nan,1.0,0.23317863583558157,1.0070554653743806,nan,nan,17,203.78708805195177,26.27115336225245,542.037526016618,A0,L5,I7,T3,position_fusion,S01,X_A0_U4_P3_L5_I7_T3__S01,U4,P3,
X_A0_U4_P3_L5_I7_T4,loose_ukf_screening,Phase4 L5 single-I position row.,34,17,40661,86.4380377695578,157.20427225732837,184.10121996975784,105.5869102607794,40661,56.132509271593314,118.84974670834333,141.85849045555273,75.47165212866737,40661,51.48762889106479,118.16013233655258,144.92125070101258,73.8418942294095,88.25901916994462,166.1891370187191,103.31993222519687,130.0142792702662,131.06356189870039,76.28736984523857,66.66360316716543,29.219394562301375,50.433291129130964,81.40727665712146,141.08780513227356,nan,nan,nan,1.0,0.30283945215412533,1.3576490312801384,nan,nan,17,224.74061193977795,26.41093021866493,613.5345323969132,A0,L5,I7,T4,position_fusion,S01,X_A0_U4_P3_L5_I7_T4__S01,U4,P3,
X_A0_U4_P3_L5_I7_T5,error_state_ekf_screening,Phase4 L5 single-I position row.,34,17,40661,91.25999527195152,169.27092591632933,199.16406668995657,112.89693197881124,40661,59.30748180796935,126.19694523288132,151.14787757501094,80.20936846470357,40661,54.04256350855235,128.25246917080563,157.62977659186083,79.44919421065103,92.54140776911828,185.8277807281113,109.0600435763081,142.4694359515944,138.85846359604056,77.7161947969461,68.58698213745362,34.681050005273164,52.00396787404907,85.27106923536064,147.40527610925437,nan,nan,nan,1.0,0.17454426376590618,0.738059647763023,nan,nan,17,156.26266562304792,26.169227616005003,384.95876711326423,A0,L5,I7,T5,position_fusion,S01,X_A0_U4_P3_L5_I7_T5__S01,U4,P3,
X_A0_U4_P3_L5_I8_T1,uwb_only_control_repeated_for_matrix,Phase4 L5 single-I position row.,34,17,40661,96.82650093446517,181.7417635747387,212.8614779361652,120.41324052300946,40661,63.14015323131375,133.8003413047265,161.10592424267114,85.40266330455763,40661,56.35262600005353,138.51366571320193,169.8116390322573,84.88659254405549,99.89041170348654,200.2766290041533,117.93189923681317,152.47184529291786,149.2242401244693,79.10141981774183,69.0384012898334,41.16842725918423,53.00140627279424,94.18166167838932,159.14135688267478,nan,nan,nan,nan,nan,nan,nan,nan,17,107.75155695167895,26.450210223173087,231.86789242611306,A0,L5,I8,T1,uwb_only,S01,X_A0_U4_P3_L5_I8_T1__S01,U4,P3,
X_A0_U4_P3_L5_I8_T2,position_prior_screening,Phase4 L5 single-I position row.,34,17,40661,80.97124199855206,137.46878898512,157.00396309402703,93.60384735269503,40661,52.1100547313514,102.02359345683031,119.042947053639,65.9578374201151,40661,49.02662882579921,107.31649790308006,129.3478356013718,66.41719598182608,82.204069869943,141.5581629614319,92.3099809871262,107.53305216421015,104.64305561650201,72.17989371076233,62.22204369154103,28.891289679085162,40.59296836516742,75.87478927229692,123.88265951442169,nan,nan,nan,1.0,0.6897713467139224,2.866219396179528,nan,nan,17,356.6978041769322,25.633511396989434,761.8917600846498,A0,L5,I8,T2,position_fusion,S01,X_A0_U4_P3_L5_I8_T2__S01,U4,P3,
X_A0_U4_P3_L5_I8_T3,loose_ekf_screening,Phase4 L5 single-I position row.,34,17,40661,86.76656946559558,156.38791518174588,182.74114118794287,105.19188302302582,40661,55.166447597489125,116.94948577660088,139.0114207398353,74.28130278915597,40661,52.78450514337328,119.38345921485188,145.1404487381759,74.48234898199489,88.53015660488458,164.86065825721823,98.37750831515132,132.2136054602251,123.05490877073146,80.0785143269008,72.86123462012003,28.07520611055429,50.4770051302616,80.29275741440878,139.47622427931438,nan,nan,nan,1.0,0.29075245355716717,1.1691802505350097,nan,nan,17,232.24159668479282,26.450756840166548,627.4343555888402,A0,L5,I8,T3,position_fusion,S01,X_A0_U4_P3_L5_I8_T3__S01,U4,P3,
X_A0_U4_P3_L5_I8_T4,loose_ukf_screening,Phase4 L5 single-I position row.,34,17,40661,85.56326095440994,152.91604463266202,178.13719250147756,103.0797849029198,40661,54.234537506810256,114.61415584073785,135.69609862729314,72.73584215927436,40661,52.18351813100344,117.06729637423445,141.69536760732626,73.04066895239487,86.96529822610887,157.96214446784398,96.70360156356304,129.77850659688656,120.03129281146937,78.98643506418261,73.01023892857073,26.426058252197777,49.837259905858815,78.67086305557226,135.2560608110671,nan,nan,nan,1.0,0.37640997200580667,1.5285523748925487,nan,nan,17,256.1967141438382,26.48130800533437,702.9074332368634,A0,L5,I8,T4,position_fusion,S01,X_A0_U4_P3_L5_I8_T4__S01,U4,P3,
X_A0_U4_P3_L5_I8_T5,error_state_ekf_screening,Phase4 L5 single-I position row.,34,17,40661,90.2618702390116,165.37045579320412,194.4529260966594,110.78333464916554,40661,57.943960602568204,123.27098360359462,147.37733532150733,78.36199305740178,40661,53.99110646016425,126.27091833265945,154.31239925741795,78.3092924247226,91.93113089697303,181.1329239489939,105.34863567239807,140.00384976585093,133.53839467199276,78.87561376859207,71.6371107734021,33.29031898953696,51.60886744914225,83.7564108859259,145.35951376012483,nan,nan,nan,1.0,0.22821028630311224,0.92275456998551,nan,nan,17,175.33273946784328,26.156605267583586,444.6094839664468,A0,L5,I8,T5,position_fusion,S01,X_A0_U4_P3_L5_I8_T5__S01,U4,P3,
X_A0_U4_P4_L5_I0_T1,uwb_only_control_repeated_for_matrix,Phase4 L5 single-I position row.,34,17,40661,74.91647403658516,132.17276682482083,155.25094016508032,88.8808442618811,40661,44.41916456146436,91.40065964212411,110.41198958426517,59.0428615465939,40661,47.98548995724332,106.72307955252609,128.30052352239522,66.43602168322924,78.20862527471638,138.8862359430275,86.19738295119097,92.3196394166946,107.24323535495695,75.06558228595242,67.38260642199998,34.03250427256978,23.735784061924363,68.55630719617685,116.73133937814862,nan,nan,nan,nan,nan,nan,nan,nan,17,391.5836245546023,32.955815356565495,1050.3965391522395,A0,L5,I0,T1,uwb_only,S01,X_A0_U4_P4_L5_I0_T1__S01,U4,P4,
X_A0_U4_P4_L5_I0_T2,position_prior_screening,Phase4 L5 single-I position row.,34,17,40661,74.31176434321304,133.84786306723404,154.88375209041075,88.87349321920931,40661,47.211992772417084,90.9132919123551,108.64296324195767,59.999619937753955,40661,45.57218030222134,107.39438691319344,129.36913110786986,65.56327786428865,78.65965608206744,134.99758781972233,88.28356898189429,94.44457061399869,103.70041399332757,82.01594458524394,70.25117649259865,27.54155219714545,23.099882014341972,71.70904499189803,119.71050471527224,nan,nan,nan,1.0,0.1384245099560502,0.514180495955167,nan,nan,17,320.6991343423498,33.24513403075281,823.7623670972031,A0,L5,I0,T2,position_fusion,S01,X_A0_U4_P4_L5_I0_T2__S01,U4,P4,
X_A0_U4_P4_L5_I0_T3,loose_ekf_screening,Phase4 L5 single-I position row.,34,17,40661,74.1929969290484,131.26872025702636,154.02141292689353,88.18478651011007,40661,44.32958126888859,90.2531695502034,109.11247745742479,58.55832707185725,40661,47.256029635663026,106.34600884483302,128.0237826901855,65.93541462961373,75.95942772575998,135.30074385013103,84.9865011732648,92.47527197458115,104.82554988767603,75.39542304380342,66.82885520181563,33.909616084505956,23.66409757574823,68.51481607552863,116.04277415284645,nan,nan,nan,1.0,0.01978505253097449,0.0840429781871061,nan,nan,17,402.61564568258945,32.997690487107604,1104.0359229532744,A0,L5,I0,T3,position_fusion,S01,X_A0_U4_P4_L5_I0_T3__S01,U4,P4,
X_A0_U4_P4_L5_I0_T4,loose_ukf_screening,Phase4 L5 single-I position row.,34,17,40661,74.09727082158388,131.32993182733838,153.9341313499875,88.03058581446989,40661,44.46021947355534,89.90903773927036,108.59555399741804,58.478475422443715,40661,47.086641673368604,106.12874143500926,128.21715585366735,65.8000908138081,76.06024566836726,133.99445487847922,84.35066975290417,92.70769597224053,104.61361308959275,75.48758625493153,66.31743650640166,33.83196981715537,23.635741799750264,68.50059530154907,115.95172280647373,nan,nan,nan,1.0,0.03054863406440631,0.1263498593497957,nan,nan,17,403.1241175942324,33.01295559062277,1111.170500385599,A0,L5,I0,T4,position_fusion,S01,X_A0_U4_P4_L5_I0_T4__S01,U4,P4,
X_A0_U4_P4_L5_I0_T5,error_state_ekf_screening,Phase4 L5 single-I position row.,34,17,40661,74.60870276342985,131.82415037303912,154.6889807166623,88.55363269278583,40661,44.387775317553164,90.94637303103342,109.76718897410315,58.799217306156464,40661,47.6979762517808,106.66657345765407,128.2010625042492,66.2147861679868,77.65904564980498,137.09361722551756,86.20743915761011,92.37627873468585,106.00206799464127,75.29034632579112,67.6528469179963,33.52608204045339,23.708016097793774,68.53921165984946,116.63561372856994,nan,nan,nan,1.0,0.00964732595462096,0.04523623191589503,nan,nan,17,397.6597752778718,32.97243823022069,1077.3802713035914,A0,L5,I0,T5,position_fusion,S01,X_A0_U4_P4_L5_I0_T5__S01,U4,P4,
X_A0_U4_P4_L5_I1_T1,uwb_only_control_repeated_for_matrix,Phase4 L5 single-I position row.,34,17,40661,74.91647403658516,132.17276682482083,155.25094016508032,88.8808442618811,40661,44.41916456146436,91.40065964212411,110.41198958426517,59.0428615465939,40661,47.98548995724332,106.72307955252609,128.30052352239522,66.43602168322924,78.20862527471638,138.8862359430275,86.19738295119097,92.3196394166946,107.24323535495695,75.06558228595242,67.38260642199998,34.03250427256978,23.735784061924363,68.55630719617685,116.73133937814862,nan,nan,nan,nan,nan,nan,nan,nan,17,391.5836245546023,32.955815356565495,1050.3965391522395,A0,L5,I1,T1,uwb_only,S01,X_A0_U4_P4_L5_I1_T1__S01,U4,P4,
X_A0_U4_P4_L5_I1_T2,position_prior_screening,Phase4 L5 single-I position row.,34,17,40661,73.28109133011817,129.05856192624714,151.21551364476983,86.27221705311355,40661,45.15296688893958,90.81576773330481,110.88623275937093,59.851251854006975,40661,45.302733778660695,99.0027617865062,120.20032654242607,62.13471724219692,72.1398749365292,127.81973820080675,80.2359861083218,83.01628486125001,102.98781370063779,72.78175322976747,60.05197631365423,31.036844473808856,20.57907962407492,70.47281199128733,111.73270862276392,nan,nan,nan,1.0,0.2521177664375944,0.9366856874637031,nan,nan,17,248.32987106602698,32.88201843372809,550.6774149647702,A0,L5,I1,T2,position_fusion,S01,X_A0_U4_P4_L5_I1_T2__S01,U4,P4,
X_A0_U4_P4_L5_I1_T3,loose_ekf_screening,Phase4 L5 single-I position row.,34,17,40661,73.25867461651391,129.02570752903847,151.99516184881873,86.86160209041203,40661,43.64714338033956,88.70765418812351,107.27158256012564,57.72038934021287,40661,46.92052766873053,103.47017786324841,124.74786206849672,64.90989579507358,74.70755685234654,133.45031228693074,82.29357031166504,89.21667042302408,105.21240706120716,71.50431294024645,65.20849918794696,31.967467453609174,23.539283715465018,68.2958863850854,113.98006764723071,nan,nan,nan,1.0,0.043465952032587185,0.1855414483117791,nan,nan,17,391.8306677045601,32.840057592814105,1024.815488244154,A0,L5,I1,T3,position_fusion,S01,X_A0_U4_P4_L5_I1_T3__S01,U4,P4,
X_A0_U4_P4_L5_I1_T4,loose_ukf_screening,Phase4 L5 single-I position row.,34,17,40661,73.00419625530101,128.28772505649724,151.4650879727414,86.47527219315876,40661,43.587900659331005,88.26327122661785,106.89381626900196,57.571064054898656,40661,46.61608779941116,102.83678943580276,124.1580646208215,64.52553978439585,73.94184726247666,133.21216277603236,81.97392600612831,88.44761770163242,104.46283458754976,72.20537708631464,63.561638063846,32.60890194187516,23.409291603610484,67.89567272837638,107.71162221342657,nan,nan,nan,1.0,0.06543635211636567,0.27423429260562304,nan,nan,17,381.8301748743997,32.82231972785246,953.7825792546217,A0,L5,I1,T4,position_fusion,S01,X_A0_U4_P4_L5_I1_T4__S01,U4,P4,
X_A0_U4_P4_L5_I1_T5,error_state_ekf_screening,Phase4 L5 single-I position row.,34,17,40661,74.03773949965976,130.56135371696996,153.37635162423516,87.78298986280208,40661,43.94659878335414,89.93247384600683,108.97405780590064,58.23215760297784,40661,47.367332479465404,105.1687798098111,126.51661114598835,65.68766345482813,76.15943859216733,136.02865392978413,83.77254946032785,90.81424394506996,105.47395134431702,74.34138501935294,66.50138529920059,34.05114129205788,23.691611176193504,68.45904586747959,116.16350676412057,nan,nan,nan,1.0,0.022894644228389875,0.12300946998505434,nan,nan,17,399.412940056657,32.89562503138478,1084.1498477272955,A0,L5,I1,T5,position_fusion,S01,X_A0_U4_P4_L5_I1_T5__S01,U4,P4,
X_A0_U4_P4_L5_I2_T1,uwb_only_control_repeated_for_matrix,Phase4 L5 single-I position row.,34,17,40661,74.91647403658516,132.17276682482083,155.25094016508032,88.8808442618811,40661,44.41916456146436,91.40065964212411,110.41198958426517,59.0428615465939,40661,47.98548995724332,106.72307955252609,128.30052352239522,66.43602168322924,78.20862527471638,138.8862359430275,86.19738295119097,92.3196394166946,107.24323535495695,75.06558228595242,67.38260642199998,34.03250427256978,23.735784061924363,68.55630719617685,116.73133937814862,nan,nan,nan,nan,nan,nan,nan,nan,17,391.5836245546023,32.955815356565495,1050.3965391522395,A0,L5,I2,T1,uwb_only,S01,X_A0_U4_P4_L5_I2_T1__S01,U4,P4,
X_A0_U4_P4_L5_I2_T2,position_prior_screening,Phase4 L5 single-I position row.,34,17,40661,70.2523159513797,123.1918160534849,142.55897707094417,82.9471385536243,40661,45.202508093523036,89.57325376394876,106.52654937568637,58.13268318006186,40661,42.966708392093096,95.46522490606571,113.82184747183396,59.16771873683063,70.91506012668573,124.77938768183368,79.24461721625855,90.04073356460532,101.06987055559136,70.70519153086747,65.20194035786395,33.02639748923701,19.982184490703304,67.18908718996826,109.71728143183053,nan,nan,nan,1.0,0.24458630217447372,1.0292415132651513,nan,nan,17,234.09062505091245,32.72865078286088,595.7793714755999,A0,L5,I2,T2,position_fusion,S01,X_A0_U4_P4_L5_I2_T2__S01,U4,P4,
X_A0_U4_P4_L5_I2_T3,loose_ekf_screening,Phase4 L5 single-I position row.,34,17,40661,72.39894403373331,128.1095071783655,150.93926880556114,86.06781800699122,40661,43.32143326123317,87.97712597005705,107.66076012931845,57.24475887259837,40661,46.33189457508979,102.91741846541913,123.79232642190186,64.27057552334996,74.78992424579461,131.63250632539814,81.95241534869353,88.17292391815863,102.1096987353109,72.0824893760919,65.83958510045672,29.776180984013763,23.3786489869303,68.30708533127918,115.26707224182422,nan,nan,nan,1.0,0.04311948421277947,0.19972415043571834,nan,nan,17,386.9961747553024,32.808307483993076,1032.3170284777964,A0,L5,I2,T3,position_fusion,S01,X_A0_U4_P4_L5_I2_T3__S01,U4,P4,
X_A0_U4_P4_L5_I2_T4,loose_ukf_screening,Phase4 L5 single-I position row.,34,17,40661,71.86371233882222,127.31275872064667,149.69881751317206,85.45151699803704,40661,43.22736884985394,87.21609011553863,107.0474192856522,56.966184275311605,40661,45.951816577302,102.11585876608706,122.37644027107513,63.69313625797567,75.2314298187045,130.3656841130341,80.93441984936766,87.46933413114873,102.26393813317664,71.44758120147617,65.2333412912188,30.306310073756208,23.198577650728453,68.1927725160098,109.00818102101559,nan,nan,nan,1.0,0.06577683442435717,0.29261792172793144,nan,nan,17,374.90953549256164,32.770668564548885,963.8524505744465,A0,L5,I2,T4,position_fusion,S01,X_A0_U4_P4_L5_I2_T4__S01,U4,P4,
X_A0_U4_P4_L5_I2_T5,error_state_ekf_screening,Phase4 L5 single-I position row.,34,17,40661,73.60945448950636,130.11356266289994,153.22032421139582,87.41754752312472,40661,43.77723897163844,89.55685390702857,108.85812600489761,58.005074205678454,40661,47.1109082185618,104.68174587755357,126.13233725837767,65.40060383017503,75.50207230838858,135.4326501988258,84.04410229730115,90.23166935025756,104.00797584067101,74.41957415765455,66.81443942057126,31.47126543151785,23.62231572515779,68.47205207486441,116.10334843102294,nan,nan,nan,1.0,0.02441458930437823,0.12343376616473462,nan,nan,17,397.7681332016079,32.88826920789461,1078.411709103431,A0,L5,I2,T5,position_fusion,S01,X_A0_U4_P4_L5_I2_T5__S01,U4,P4,
X_A0_U4_P4_L5_I3_T1,uwb_only_control_repeated_for_matrix,Phase4 L5 single-I position row.,34,17,40661,74.91647403658516,132.17276682482083,155.25094016508032,88.8808442618811,40661,44.41916456146436,91.40065964212411,110.41198958426517,59.0428615465939,40661,47.98548995724332,106.72307955252609,128.30052352239522,66.43602168322924,78.20862527471638,138.8862359430275,86.19738295119097,92.3196394166946,107.24323535495695,75.06558228595242,67.38260642199998,34.03250427256978,23.735784061924363,68.55630719617685,116.73133937814862,nan,nan,nan,nan,nan,nan,nan,nan,17,391.5836245546023,32.955815356565495,1050.3965391522395,A0,L5,I3,T1,uwb_only,S01,X_A0_U4_P4_L5_I3_T1__S01,U4,P4,
X_A0_U4_P4_L5_I3_T2,position_prior_screening,Phase4 L5 single-I position row.,34,17,40661,73.78320406357778,128.19710410794315,146.88935732667625,86.46028870561626,40661,45.90970039100351,90.36108204061351,106.40610832319585,58.10656680388885,40661,45.99950622715505,104.8119025517301,125.25389244386281,64.02349894627532,77.47563173744894,130.56277785615967,83.58915605888753,91.29203496210712,101.31386237652842,79.7417149361267,65.50707619274759,32.2672774395096,19.60922255049684,68.17615257016097,118.3076028735163,nan,nan,nan,1.0,0.25989411028265597,1.0647902913698606,nan,nan,17,364.2870149314661,33.15204454197942,708.9415587298154,A0,L5,I3,T2,position_fusion,S01,X_A0_U4_P4_L5_I3_T2__S01,U4,P4,
X_A0_U4_P4_L5_I3_T3,loose_ekf_screening,Phase4 L5 single-I position row.,34,17,40661,73.43943942349313,129.30482646506934,151.9263511619982,87.01771903336878,40661,43.269856082917876,88.99665935015736,107.87195079752756,57.37968853634049,40661,47.202407042495565,104.68254049094247,126.64446182076335,65.41907037892595,74.08725878217501,136.75599548127173,85.39093351016983,91.09401988833005,104.21103101930159,72.40815015279605,65.36854413619326,33.4579350585891,23.435250754636257,68.27351723635331,111.61653008050851,nan,nan,nan,1.0,0.04726717684416602,0.21483125588954186,nan,nan,17,395.00500715069694,32.757057567512675,968.5571688002286,A0,L5,I3,T3,position_fusion,S01,X_A0_U4_P4_L5_I3_T3__S01,U4,P4,
X_A0_U4_P4_L5_I3_T4,loose_ukf_screening,Phase4 L5 single-I position row.,34,17,40661,73.2386662708828,128.9230209826941,151.12748649146377,86.67888355946732,40661,43.2155199750149,88.71577847553077,107.25476526510985,57.140266942391584,40661,47.04475332467268,104.38994333710178,126.28773657342936,65.17836104772753,73.59263753763733,135.2957398404297,85.08400424830138,91.76300273812367,104.5298065885575,73.00214073841087,65.85496300752341,33.67630599402571,23.24771842195659,67.7828639836865,108.27523644709063,nan,nan,nan,1.0,0.0708170255829921,0.30646491298702966,nan,nan,17,392.728867681855,32.70546297700952,903.1009847431984,A0,L5,I3,T4,position_fusion,S01,X_A0_U4_P4_L5_I3_T4__S01,U4,P4,
X_A0_U4_P4_L5_I3_T5,error_state_ekf_screening,Phase4 L5 single-I position row.,34,17,40661,73.97546046704943,130.87754567722743,153.42872862666405,87.82247547702896,40661,43.71677925848338,89.93713508128185,108.94839356282573,58.04142152626196,40661,47.49849828058359,105.73024104438423,127.37006247883448,65.90888093515264,75.65783865659651,138.13660679264174,85.91051135835049,90.65546407477908,105.00619413696305,74.07620104760292,66.56434025987788,35.27073135812884,23.66529880331788,68.45111938713183,115.83896726186694,nan,nan,nan,1.0,0.025460533172139505,0.1313576414878363,nan,nan,17,398.447489289073,32.863701607815244,1078.2332581931767,A0,L5,I3,T5,position_fusion,S01,X_A0_U4_P4_L5_I3_T5__S01,U4,P4,
X_A0_U4_P4_L5_I4_T1,uwb_only_control_repeated_for_matrix,Phase4 L5 single-I position row.,34,17,40661,74.91647403658516,132.17276682482083,155.25094016508032,88.8808442618811,40661,44.41916456146436,91.40065964212411,110.41198958426517,59.0428615465939,40661,47.98548995724332,106.72307955252609,128.30052352239522,66.43602168322924,78.20862527471638,138.8862359430275,86.19738295119097,92.3196394166946,107.24323535495695,75.06558228595242,67.38260642199998,34.03250427256978,23.735784061924363,68.55630719617685,116.73133937814862,nan,nan,nan,nan,nan,nan,nan,nan,17,391.5836245546023,32.955815356565495,1050.3965391522395,A0,L5,I4,T1,uwb_only,S01,X_A0_U4_P4_L5_I4_T1__S01,U4,P4,
X_A0_U4_P4_L5_I4_T2,position_prior_screening,Phase4 L5 single-I position row.,34,17,40661,71.80280676433627,123.8521566407432,141.40687497753615,83.58052149146664,40661,44.30134242233147,85.89737381193494,100.12971794761594,56.192410461549876,40661,45.13295558189935,100.46622418858033,120.73067970619877,61.87177530430347,69.21273596304455,119.11426067338179,77.7932868231062,86.37572246126332,96.41160723125753,66.53647053620014,58.753823283993164,25.144848029365903,18.98295932657399,70.80337802936931,118.90275896904589,nan,nan,nan,1.0,0.2543976883326161,0.9190543515420045,nan,nan,17,214.19553131974845,33.241009115323095,452.43102500135575,A0,L5,I4,T2,position_fusion,S01,X_A0_U4_P4_L5_I4_T2__S01,U4,P4,
X_A0_U4_P4_L5_I4_T3,loose_ekf_screening,Phase4 L5 single-I position row.,34,17,40661,72.91439346206458,128.50008319303794,150.28514753162838,86.29659785089775,40661,42.958231451892594,87.56106844039178,105.74991666711715,56.870039634088805,40661,46.97178621097282,104.04435584736518,125.71848321652715,64.90686706856788,75.3298873571591,131.87341704948568,83.88231818716427,87.97189498750606,107.41169710975777,73.99319908424151,67.14243957444873,31.400513324702388,23.35477940434953,67.95247846234594,107.86950790651579,nan,nan,nan,1.0,0.047057825111475146,0.19714766301869033,nan,nan,17,408.03021235131075,32.853289532850795,1048.452066163628,A0,L5,I4,T3,position_fusion,S01,X_A0_U4_P4_L5_I4_T3__S01,U4,P4,
X_A0_U4_P4_L5_I4_T4,loose_ukf_screening,Phase4 L5 single-I position row.,34,17,40661,72.51280081159433,127.48616976492406,149.00291262089144,85.75892186552245,40661,42.814106943892305,86.94948350331363,104.62149141254147,56.497385915997576,40661,46.84114036320352,103.61896365439816,125.21680510991382,64.51850946972986,74.04203429597644,130.33701084318676,84.05179823000768,87.55913606620237,106.19216439344083,74.03089165550037,66.79759651161706,31.091860287759914,23.128525249749174,63.704680207117676,101.54942707590476,nan,nan,nan,1.0,0.06956818566159294,0.2811465029343797,nan,nan,17,401.37255569965646,32.83893041813161,993.434339320384,A0,L5,I4,T4,position_fusion,S01,X_A0_U4_P4_L5_I4_T4__S01,U4,P4,
X_A0_U4_P4_L5_I4_T5,error_state_ekf_screening,Phase4 L5 single-I position row.,34,17,40661,73.67208026575034,130.13091260311785,152.7620459763691,87.47244950854125,40661,43.60963034479268,89.22395388879276,107.75688468861732,57.783476708583926,40661,47.40666082376265,105.25965226690846,126.90202433021807,65.66962191525727,76.49955711800669,134.9235756979996,84.90925739978974,90.42344188898443,106.57892125938011,74.01216343466552,67.77359019421519,32.223265125386774,23.641146449855512,68.41636887490336,116.2407234216123,nan,nan,nan,1.0,0.027101017234214514,0.13319140183607853,nan,nan,17,408.41654748525644,32.900262600048165,1115.7749836631626,A0,L5,I4,T5,position_fusion,S01,X_A0_U4_P4_L5_I4_T5__S01,U4,P4,
X_A0_U4_P4_L5_I5_T1,uwb_only_control_repeated_for_matrix,Phase4 L5 single-I position row.,34,17,40661,74.91647403658516,132.17276682482083,155.25094016508032,88.8808442618811,40661,44.41916456146436,91.40065964212411,110.41198958426517,59.0428615465939,40661,47.98548995724332,106.72307955252609,128.30052352239522,66.43602168322924,78.20862527471638,138.8862359430275,86.19738295119097,92.3196394166946,107.24323535495695,75.06558228595242,67.38260642199998,34.03250427256978,23.735784061924363,68.55630719617685,116.73133937814862,nan,nan,nan,nan,nan,nan,nan,nan,17,391.5836245546023,32.955815356565495,1050.3965391522395,A0,L5,I5,T1,uwb_only,S01,X_A0_U4_P4_L5_I5_T1__S01,U4,P4,
X_A0_U4_P4_L5_I5_T2,position_prior_screening,Phase4 L5 single-I position row.,34,17,40661,69.70533492603069,118.86931159033917,134.69121639557017,80.95764926794621,40661,43.99511729556405,86.16655517612423,100.86702556730583,55.22039253893082,40661,44.6618128930038,94.03024938178396,110.36759263898443,59.20176705840955,71.56488784830242,115.83333491721268,76.57943148602826,85.50014568504554,96.58534657600575,74.14478947173973,64.66210101515657,37.845735539433804,16.733425112404603,66.65107701139712,110.47737978925551,nan,nan,nan,1.0,0.2639040650965081,1.0294445924090572,nan,nan,17,367.6088133442836,33.464886722430435,536.4605425683765,A0,L5,I5,T2,position_fusion,S01,X_A0_U4_P4_L5_I5_T2__S01,U4,P4,
X_A0_U4_P4_L5_I5_T3,loose_ekf_screening,Phase4 L5 single-I position row.,34,17,40661,72.04845102212175,126.28109448820224,148.41385364879528,85.1827076770494,40661,43.17354930759113,87.19787649864162,105.43254045179674,56.50637030613779,40661,46.5595534892941,101.66900205380409,121.8419036435044,63.74263723771774,73.77155064437838,128.27637671907115,80.8459781334956,85.63661096043134,103.4643697087736,75.66319833739618,68.7826477690509,35.21808680561895,23.02533245117513,62.54771811986967,99.7168444479127,nan,nan,nan,1.0,0.059827980136561106,0.2669991333277205,nan,nan,17,411.48776033036347,32.583481983892966,971.3483869222093,A0,L5,I5,T3,position_fusion,S01,X_A0_U4_P4_L5_I5_T3__S01,U4,P4,
X_A0_U4_P4_L5_I5_T4,loose_ukf_screening,Phase4 L5 single-I position row.,34,17,40661,71.4245612241803,124.9142346297308,146.3624461259196,84.40393707850053,40661,43.07221346684483,86.58078820191497,104.4656691585151,56.07520263778331,40661,46.20505864362576,100.69879643838817,120.18226950500537,63.084041115665826,73.3110346556079,126.33782512182708,79.61246082301595,84.11639450382634,101.76853841762761,75.73322345888194,69.17903834071701,35.73762246768388,22.62858083411254,60.414593585118155,100.10657575276295,nan,nan,nan,1.0,0.08495522744882585,0.3756048579673468,nan,nan,17,410.59668445062624,32.49295090895987,903.3250194679466,A0,L5,I5,T4,position_fusion,S01,X_A0_U4_P4_L5_I5_T4__S01,U4,P4,
X_A0_U4_P4_L5_I5_T5,error_state_ekf_screening,Phase4 L5 single-I position row.,34,17,40661,73.13096230575027,128.74533862783505,151.66683718807354,86.84602163372564,40661,43.50043067947302,88.87296871758002,107.9030827726208,57.52095463161467,40661,47.11759206900638,103.93142092724543,125.13640558824432,65.06589930119516,74.26758899719894,132.8184726646008,83.30192068925517,88.97083544351639,105.06466478403613,75.31644007111791,67.30369015927494,33.54674074460479,23.557891615109327,68.32998281273737,115.28735943339832,nan,nan,nan,1.0,0.03537940864981157,0.17991693550864735,nan,nan,17,410.016758017621,32.76626787317184,1089.3875876703605,A0,L5,I5,T5,position_fusion,S01,X_A0_U4_P4_L5_I5_T5__S01,U4,P4,
X_A0_U4_P4_L5_I6_T1,uwb_only_control_repeated_for_matrix,Phase4 L5 single-I position row.,34,17,40661,74.91647403658516,132.17276682482083,155.25094016508032,88.8808442618811,40661,44.41916456146436,91.40065964212411,110.41198958426517,59.0428615465939,40661,47.98548995724332,106.72307955252609,128.30052352239522,66.43602168322924,78.20862527471638,138.8862359430275,86.19738295119097,92.3196394166946,107.24323535495695,75.06558228595242,67.38260642199998,34.03250427256978,23.735784061924363,68.55630719617685,116.73133937814862,nan,nan,nan,nan,nan,nan,nan,nan,17,391.5836245546023,32.955815356565495,1050.3965391522395,A0,L5,I6,T1,uwb_only,S01,X_A0_U4_P4_L5_I6_T1__S01,U4,P4,
X_A0_U4_P4_L5_I6_T2,position_prior_screening,Phase4 L5 single-I position row.,34,17,40661,69.70358913818407,124.24934075139646,142.20096188079535,83.08106293100066,40661,44.56091541552152,90.43830970251379,107.48454260103168,57.50060327039148,40661,42.69922507734054,96.41282630988462,116.90608590195052,59.9678550665766,70.72622483917397,125.46617686177586,81.19507054042838,89.59430821527218,94.20006041700503,80.132680280773,70.40749267798279,27.010792278444114,17.566149655602885,63.80750499258056,105.62081163296017,nan,nan,nan,1.0,0.3099222878492003,1.1573591821617932,nan,nan,17,295.99335091647237,33.34866700555466,639.5951522476308,A0,L5,I6,T2,position_fusion,S01,X_A0_U4_P4_L5_I6_T2__S01,U4,P4,
X_A0_U4_P4_L5_I6_T3,loose_ekf_screening,Phase4 L5 single-I position row.,34,17,40661,71.90440011401135,127.2039106941707,149.61617372193894,85.65103927133548,40661,43.40043739901598,88.27364156812709,106.61471662353514,57.092128356915744,40661,46.33623449637503,102.37249877114368,123.2582971964689,63.848174664099126,71.77874403820587,132.6195647035789,81.01233454175659,85.58601849914848,102.21566364181342,76.4272821508994,67.58211197882252,31.06382928171297,23.119224570249372,66.31202052829315,105.4952860928085,nan,nan,nan,1.0,0.05776288662294784,0.24754604755392584,nan,nan,17,397.3326476786155,32.706275077876114,984.9922940919321,A0,L5,I6,T3,position_fusion,S01,X_A0_U4_P4_L5_I6_T3__S01,U4,P4,
X_A0_U4_P4_L5_I6_T4,loose_ukf_screening,Phase4 L5 single-I position row.,34,17,40661,71.31508252761564,126.03769064653615,148.19089472345559,85.00120420083014,40661,43.347375503247235,87.71385359734185,106.21384597223829,56.81095244609396,40661,46.03106976087804,101.2296840712695,122.43534219394883,63.22752879686882,70.804492868833,130.9094444033858,79.66779866977544,85.18183993535757,100.71189696257781,76.43542666669629,67.91566796063131,31.188361774575185,22.78931393034094,62.162928066905266,100.0671811178212,nan,nan,nan,1.0,0.08571208101332237,0.35626973649560734,nan,nan,17,388.70192042289324,32.649086197538395,900.4252672438033,A0,L5,I6,T4,position_fusion,S01,X_A0_U4_P4_L5_I6_T4__S01,U4,P4,
X_A0_U4_P4_L5_I6_T5,error_state_ekf_screening,Phase4 L5 single-I position row.,34,17,40661,73.15877435675036,129.63843881503507,152.1993546149639,87.09049047717134,40661,43.74530005921035,89.408679611588,108.28977900779101,57.83108992463277,40661,47.0350482237975,104.30339589501375,125.9222975893556,65.11772853596256,74.50892739764964,135.63583827271884,83.54991123392094,87.9739569041979,103.89572636732115,75.53567815525895,67.11057286841753,31.8858281498907,23.564219708834287,68.35493339618219,115.58520603584651,nan,nan,nan,1.0,0.03280543312455011,0.17388282443897574,nan,nan,17,403.9407649413521,32.82974437659999,1096.2836885259667,A0,L5,I6,T5,position_fusion,S01,X_A0_U4_P4_L5_I6_T5__S01,U4,P4,
X_A0_U4_P4_L5_I7_T1,uwb_only_control_repeated_for_matrix,Phase4 L5 single-I position row.,34,17,40661,74.91647403658516,132.17276682482083,155.25094016508032,88.8808442618811,40661,44.41916456146436,91.40065964212411,110.41198958426517,59.0428615465939,40661,47.98548995724332,106.72307955252609,128.30052352239522,66.43602168322924,78.20862527471638,138.8862359430275,86.19738295119097,92.3196394166946,107.24323535495695,75.06558228595242,67.38260642199998,34.03250427256978,23.735784061924363,68.55630719617685,116.73133937814862,nan,nan,nan,nan,nan,nan,nan,nan,17,391.5836245546023,32.955815356565495,1050.3965391522395,A0,L5,I7,T1,uwb_only,S01,X_A0_U4_P4_L5_I7_T1__S01,U4,P4,
X_A0_U4_P4_L5_I7_T2,position_prior_screening,Phase4 L5 single-I position row.,34,17,40661,72.62395165684933,125.58163912246415,143.1500675045475,84.90052439951934,40661,46.87311039186243,90.69870078927399,108.42543834031171,59.00596875264863,40661,43.42992065344731,98.89140929170685,119.8270073433896,61.04420279498156,72.01869996547707,126.30016631210137,80.16466707573593,91.05506497865086,97.59248093653349,81.50425871134298,59.97996116245891,29.170645024628755,20.01365651984716,70.51998009619737,117.73393356184172,nan,nan,nan,1.0,0.25228895482377345,1.0126162781868917,nan,nan,17,402.97745447361984,32.684488492092726,943.8309301212191,A0,L5,I7,T2,position_fusion,S01,X_A0_U4_P4_L5_I7_T2__S01,U4,P4,
X_A0_U4_P4_L5_I7_T3,loose_ekf_screening,Phase4 L5 single-I position row.,34,17,40661,72.43826984606494,128.64417100868638,150.80359124007188,86.39595581291294,40661,43.604709681278514,88.98127988568588,108.16297125125041,57.53348058520924,40661,46.37816912269068,103.02195213595428,125.49171590808754,64.45277179903249,75.15465601360162,135.77266255095873,83.53781710329707,89.5968790138397,104.68585856086952,73.23581974830113,62.66405881546211,31.676904960304682,23.41465806043678,68.29000397833101,112.29293692032095,nan,nan,nan,1.0,0.04481572504273398,0.20419227815230506,nan,nan,17,410.528256475061,32.78221315552298,1082.7417262914935,A0,L5,I7,T3,position_fusion,S01,X_A0_U4_P4_L5_I7_T3__S01,U4,P4,
X_A0_U4_P4_L5_I7_T4,loose_ukf_screening,Phase4 L5 single-I position row.,34,17,40661,72.01895017742675,127.87298146193095,149.79215058736162,85.89433322992309,40661,43.581673790219114,88.69398899921185,107.79446420412002,57.33477769373862,40661,45.95659530285002,102.11533099636154,124.32167527589593,63.957483907848044,74.63918621078403,134.23850049166134,83.96910065613676,89.78019448491501,106.63963015201517,73.19915853829662,61.10296200713701,32.00219373983123,23.238992391464336,68.11561165235773,108.00262591037955,nan,nan,nan,1.0,0.06652240917090478,0.3013312138846307,nan,nan,17,412.5434210111261,32.738206775837,1061.7111751403502,A0,L5,I7,T4,position_fusion,S01,X_A0_U4_P4_L5_I7_T4__S01,U4,P4,
X_A0_U4_P4_L5_I7_T5,error_state_ekf_screening,Phase4 L5 single-I position row.,34,17,40661,73.57865810284571,130.45319156549007,153.31189456221344,87.5481818409216,40661,43.83306041245653,89.96766673114988,109.14368464854769,58.13303910538054,40661,47.11757002034852,104.79697282119417,127.05712113618449,65.46169802276268,76.47092073955292,137.06000379528285,84.90082719098544,90.70088159860882,104.8053482224644,74.08665210451234,65.40126549065218,34.50692407164314,23.642993250420005,68.46582848071117,115.85694684440807,nan,nan,nan,1.0,0.024577396298612414,0.12979643730805002,nan,nan,17,404.378229263244,32.87559650485605,1117.5512380298621,A0,L5,I7,T5,position_fusion,S01,X_A0_U4_P4_L5_I7_T5__S01,U4,P4,
X_A0_U4_P4_L5_I8_T1,uwb_only_control_repeated_for_matrix,Phase4 L5 single-I position row.,34,17,40661,74.91647403658516,132.17276682482083,155.25094016508032,88.8808442618811,40661,44.41916456146436,91.40065964212411,110.41198958426517,59.0428615465939,40661,47.98548995724332,106.72307955252609,128.30052352239522,66.43602168322924,78.20862527471638,138.8862359430275,86.19738295119097,92.3196394166946,107.24323535495695,75.06558228595242,67.38260642199998,34.03250427256978,23.735784061924363,68.55630719617685,116.73133937814862,nan,nan,nan,nan,nan,nan,nan,nan,17,391.5836245546023,32.955815356565495,1050.3965391522395,A0,L5,I8,T1,uwb_only,S01,X_A0_U4_P4_L5_I8_T1__S01,U4,P4,
X_A0_U4_P4_L5_I8_T2,position_prior_screening,Phase4 L5 single-I position row.,34,17,40661,72.78572833300741,123.71846768148862,140.0238980441933,83.87211746265257,40661,44.28481630345762,84.39110318356283,98.77571551966251,55.44033586983435,40661,46.772364468077285,101.00123289637952,120.49756668271311,62.93569135481828,73.63240458810346,127.90632052552162,83.70793380760627,85.17500040361523,100.79489313793363,73.08877058910298,61.050279368486585,32.38097955768785,18.693978558371583,70.86336109237538,117.9456664784629,nan,nan,nan,1.0,0.2810608208793858,1.143145320412314,nan,nan,17,440.8886418841326,33.54152576350839,973.8153266373108,A0,L5,I8,T2,position_fusion,S01,X_A0_U4_P4_L5_I8_T2__S01,U4,P4,
X_A0_U4_P4_L5_I8_T3,loose_ekf_screening,Phase4 L5 single-I position row.,34,17,40661,73.10303524727605,127.15966028375664,149.43592475657783,85.9720780006406,40661,42.67807363183767,86.43689667305703,104.6665041098156,56.25247991053068,40661,47.13005702215298,104.16429658159541,124.89441219572495,65.01428073633956,75.58889679467813,130.2562820069187,83.20874508093635,85.92979198626699,104.60353492243866,73.27981439194431,63.59346578005855,34.526303923035584,23.361162666640325,68.1506681030789,114.74170587027271,nan,nan,nan,1.0,0.05426672694217257,0.24474090523751446,nan,nan,17,441.0621508146406,32.71786957297752,1150.6094482881633,A0,L5,I8,T3,position_fusion,S01,X_A0_U4_P4_L5_I8_T3__S01,U4,P4,
X_A0_U4_P4_L5_I8_T4,loose_ukf_screening,Phase4 L5 single-I position row.,34,17,40661,72.81234210158391,126.03182694085162,147.82191025093638,85.3932834589555,40661,42.5426723849322,85.53340805629054,103.33564087016795,55.76501127680079,40661,47.02566562941979,103.65376568990268,123.36031253522447,64.67052170193001,74.92704830797396,128.29807084121484,82.62373953159982,85.07208765025878,104.53671073039953,71.94668853089853,62.31907649397414,34.95717385219325,23.112671311294775,67.98132335052298,114.01957691907451,nan,nan,nan,1.0,0.08211916573141571,0.35685251122948797,nan,nan,17,452.19559878634914,32.66371083762391,1148.335887915583,A0,L5,I8,T4,position_fusion,S01,X_A0_U4_P4_L5_I8_T4__S01,U4,P4,
X_A0_U4_P4_L5_I8_T5,error_state_ekf_screening,Phase4 L5 single-I position row.,34,17,40661,73.68929173145065,129.59570979696406,152.18394923759547,87.26770864891262,40661,43.326214635035655,88.62882113358161,107.40017326600695,57.43365933318223,40661,47.51746196147087,105.38869726201233,126.56723068589099,65.7040923263648,76.27251405377159,133.8006560589086,84.47994017086735,89.1963015837178,105.37295335745465,72.55365588617033,64.61245197423578,33.45773365624348,23.664535660546022,68.41503751088484,115.61337422958599,nan,nan,nan,1.0,0.031329677489085245,0.15797868114380265,nan,nan,17,417.1883620133424,32.83704722242868,1141.7239723387054,A0,L5,I8,T5,position_fusion,S01,X_A0_U4_P4_L5_I8_T5__S01,U4,P4,
X_A0_U4_P5_L5_I0_T1,uwb_only_control_repeated_for_matrix,Phase4 L5 single-I position row.,34,17,40661,97.61199113442292,154.2925585254415,170.20127036618683,108.55085714050155,40661,65.20021366466614,128.97738748237458,148.76387854768515,83.6792914035495,40661,52.39887955681479,111.0384255335116,126.76297405499486,69.14524406014796,92.92606318184494,156.73705943320283,103.50566607581545,124.23870400971344,115.54925384907636,75.09831604058712,65.36741012809728,47.81772695321047,56.0087290204809,55.957497529801344,102.00265164503422,nan,nan,nan,nan,nan,nan,nan,nan,17,459.6446418127379,48.07792244811856,969.4665728682719,A0,L5,I0,T1,uwb_only,S01,X_A0_U4_P5_L5_I0_T1__S01,U4,P5,
X_A0_U4_P5_L5_I0_T2,position_prior_screening,Phase4 L5 single-I position row.,34,17,40661,95.62911531618737,153.0711846150106,169.9753536894352,107.72446964184358,40661,67.20333938963168,125.59170812511748,144.54682306980334,82.70010013207144,40661,50.58611820325564,110.6815830689635,127.63385910703352,69.03082498248037,94.7725954979377,151.66619398107588,103.36199177464732,119.46919405658042,111.00873396822827,79.44883793004013,64.3044658413535,37.713089410345844,54.86333436003841,65.74424644939276,117.71015207744209,nan,nan,nan,1.0,0.1433219771784566,0.6162543595243093,nan,nan,17,392.6694509036157,48.223119240244614,595.4515125094878,A0,L5,I0,T2,position_fusion,S01,X_A0_U4_P5_L5_I0_T2__S01,U4,P5,
X_A0_U4_P5_L5_I0_T3,loose_ekf_screening,Phase4 L5 single-I position row.,34,17,40661,97.01893521442,153.64398986640558,169.61153462367756,107.9150738298291,40661,65.1122870612964,127.64989950569641,147.4472898622238,83.13191391542624,40661,51.945278093958905,110.50927104069888,126.32619269735756,68.80950550945434,92.26992245470824,155.1303430491513,102.76431792162242,121.7276040127294,114.4250266021354,77.0976427277528,66.29228163199457,44.761147145780285,55.994271568434954,56.362443264373496,102.06117244599255,nan,nan,nan,1.0,0.018889146922193675,0.10412450502379789,nan,nan,17,477.39002912775777,48.19417437877172,1054.71373131019,A0,L5,I0,T3,position_fusion,S01,X_A0_U4_P5_L5_I0_T3__S01,U4,P5,
X_A0_U4_P5_L5_I0_T4,loose_ukf_screening,Phase4 L5 single-I position row.,34,17,40661,96.87781095228878,153.52548532089648,169.40862474964905,107.75172057790648,40661,65.14086836087625,127.35847058437561,147.09054729991072,82.98729209301938,40661,51.78526050034827,110.39999749206777,126.35909331487096,68.72803386222479,91.97827071824531,154.882576864165,102.89725583760455,121.78169997462828,114.18801992818487,78.29151062638866,66.6014552140724,43.85563958237714,55.99275013207409,57.45162197877386,102.12757139237598,nan,nan,nan,1.0,0.029420327651577236,0.1616712554201209,nan,nan,17,477.4304684267874,48.225612972598014,1058.1891496191186,A0,L5,I0,T4,position_fusion,S01,X_A0_U4_P5_L5_I0_T4__S01,U4,P5,
X_A0_U4_P5_L5_I0_T5,error_state_ekf_screening,Phase4 L5 single-I position row.,34,17,40661,97.34889953929353,153.94663631082284,170.03825148590926,108.2644809612438,40661,65.11717324082201,128.25480930620648,148.24382249638,83.4343071143635,40661,52.20737172420348,110.90631571230978,126.58115899050063,68.9921316829216,92.69362404117041,155.9482494534975,103.27245469862287,122.80038578187347,115.47490947926121,76.48767488826618,65.74160526539407,46.09014997202695,55.97880063547365,55.96182736429074,102.23879115499882,nan,nan,nan,1.0,0.009212466800318573,0.051516511082154416,nan,nan,17,470.16003788657406,48.128865285743075,1016.0111609776137,A0,L5,I0,T5,position_fusion,S01,X_A0_U4_P5_L5_I0_T5__S01,U4,P5,
X_A0_U4_P5_L5_I1_T1,uwb_only_control_repeated_for_matrix,Phase4 L5 single-I position row.,34,17,40661,97.61199113442292,154.2925585254415,170.20127036618683,108.55085714050155,40661,65.20021366466614,128.97738748237458,148.76387854768515,83.6792914035495,40661,52.39887955681479,111.0384255335116,126.76297405499486,69.14524406014796,92.92606318184494,156.73705943320283,103.50566607581545,124.23870400971344,115.54925384907636,75.09831604058712,65.36741012809728,47.81772695321047,56.0087290204809,55.957497529801344,102.00265164503422,nan,nan,nan,nan,nan,nan,nan,nan,17,459.6446418127379,48.07792244811856,969.4665728682719,A0,L5,I1,T1,uwb_only,S01,X_A0_U4_P5_L5_I1_T1__S01,U4,P5,
X_A0_U4_P5_L5_I1_T2,position_prior_screening,Phase4 L5 single-I position row.,34,17,40661,93.28323466527019,144.35665634830718,159.74609094523697,103.28529403336412,40661,63.541589189326395,119.77874374118942,137.0252920881068,79.15951377743345,40661,50.346136757222325,106.60895885685409,121.51161820915945,66.3447310800097,92.24532595481544,147.95017932865932,100.35781654378656,110.60088492266676,109.08435612238686,68.62502619951758,53.21605449972642,39.40767826813368,48.16642590156988,61.32045106922118,106.64657285485436,nan,nan,nan,1.0,0.2798818205225212,1.178494347380955,nan,nan,17,191.00195598653303,45.600734699877705,447.4380006719414,A0,L5,I1,T2,position_fusion,S01,X_A0_U4_P5_L5_I1_T2__S01,U4,P5,
X_A0_U4_P5_L5_I1_T3,loose_ekf_screening,Phase4 L5 single-I position row.,34,17,40661,96.65589795986666,150.3141736836204,165.46248329966576,106.4935647909898,40661,64.56704975939948,125.04731045844073,144.0417742381626,81.89401653085052,40661,51.88600390411966,109.31196301848149,124.34975722130025,68.07532150741208,89.36794535771634,152.87562950562042,102.45184110600488,118.99717338153127,113.557193811216,71.6693292568097,61.99599674995655,41.658361636292966,55.67778927830861,60.87057104872788,105.51570078608813,nan,nan,nan,1.0,0.04255163226877139,0.2243444794957632,nan,nan,17,480.5626029229485,48.00132102403842,1083.7170146985295,A0,L5,I1,T3,position_fusion,S01,X_A0_U4_P5_L5_I1_T3__S01,U4,P5,
X_A0_U4_P5_L5_I1_T4,loose_ukf_screening,Phase4 L5 single-I position row.,34,17,40661,96.43461186113856,149.21259849506797,164.02673568901307,105.99748364077482,40661,64.48821527832938,124.14225708695105,142.52839946180487,81.46551035854058,40661,51.68295731517651,108.97455640362546,123.79869588187239,67.8147267206677,88.88637689242593,152.04295591860824,102.5050838886591,117.98853503260293,112.83636091339636,70.97139032769567,60.85257564466444,41.390450015819965,55.38918891331474,60.82086704201886,109.31777335799234,nan,nan,nan,1.0,0.06372400061197345,0.3301081976349478,nan,nan,17,443.66679272873665,47.908315683793035,1024.115795334935,A0,L5,I1,T4,position_fusion,S01,X_A0_U4_P5_L5_I1_T4__S01,U4,P5,
X_A0_U4_P5_L5_I1_T5,error_state_ekf_screening,Phase4 L5 single-I position row.,34,17,40661,97.11755787804631,152.36160013580152,167.88380965348605,107.52241571280439,40661,64.83410835637997,126.8318935725111,146.66126887993278,82.7836386977601,40661,52.133471011466895,110.16135610664332,125.45987372430113,68.61442300767266,91.03219390607174,154.53052818123788,102.62839636667331,121.65579411320886,115.18076135788459,73.5253001295559,63.97853358666265,44.147070192013246,55.95795932494792,57.03718222356776,101.88865959700789,nan,nan,nan,1.0,0.022979955580168618,0.12941868222852743,nan,nan,17,497.75711300117905,48.092774754798086,1079.1137224654747,A0,L5,I1,T5,position_fusion,S01,X_A0_U4_P5_L5_I1_T5__S01,U4,P5,
X_A0_U4_P5_L5_I2_T1,uwb_only_control_repeated_for_matrix,Phase4 L5 single-I position row.,34,17,40661,97.61199113442292,154.2925585254415,170.20127036618683,108.55085714050155,40661,65.20021366466614,128.97738748237458,148.76387854768515,83.6792914035495,40661,52.39887955681479,111.0384255335116,126.76297405499486,69.14524406014796,92.92606318184494,156.73705943320283,103.50566607581545,124.23870400971344,115.54925384907636,75.09831604058712,65.36741012809728,47.81772695321047,56.0087290204809,55.957497529801344,102.00265164503422,nan,nan,nan,nan,nan,nan,nan,nan,17,459.6446418127379,48.07792244811856,969.4665728682719,A0,L5,I2,T1,uwb_only,S01,X_A0_U4_P5_L5_I2_T1__S01,U4,P5,
X_A0_U4_P5_L5_I2_T2,position_prior_screening,Phase4 L5 single-I position row.,34,17,40661,90.46649946251834,140.953233976311,154.96548268205163,100.28363214912136,40661,64.72312707129335,115.18736490494047,130.31490578429595,77.50307491636565,40661,44.83584649039085,104.78399000914101,121.61526856116154,63.640240850648105,88.00471509201275,139.74586140304413,94.2135691729313,109.3940657292984,101.26815539100511,68.33019178762893,58.702459719513016,39.6854954385031,47.03923650280143,62.1408045240249,106.4959877474576,nan,nan,nan,1.0,0.32590393037436205,1.2176849415726458,nan,nan,17,196.19005540943365,44.824750993524844,481.74695699010084,A0,L5,I2,T2,position_fusion,S01,X_A0_U4_P5_L5_I2_T2__S01,U4,P5,
X_A0_U4_P5_L5_I2_T3,loose_ekf_screening,Phase4 L5 single-I position row.,34,17,40661,95.51283605125751,149.63710819768326,164.42725986946346,105.80326108678145,40661,64.61765044766389,123.90850595961027,143.79451954316937,81.47963527759134,40661,50.54643506957075,109.27916784662011,124.30306699017478,67.49369668071482,90.04489329352242,151.36163186985812,100.60875616910343,118.35482597110155,114.57159786942105,73.63680721220531,65.34594250135174,39.904317161115955,55.61421821710212,60.29768551967871,103.01175832607964,nan,nan,nan,1.0,0.05107197901074072,0.24351750131758793,nan,nan,17,470.5125381995015,47.95839110746289,1067.1446070882466,A0,L5,I2,T3,position_fusion,S01,X_A0_U4_P5_L5_I2_T3__S01,U4,P5,
X_A0_U4_P5_L5_I2_T4,loose_ukf_screening,Phase4 L5 single-I position row.,34,17,40661,95.04397457493593,148.3812067917875,162.90408193808477,105.10470706402371,40661,64.66552150132551,122.75437780246942,142.6276994910596,80.93362425248296,40661,49.954667034026045,108.80141335782207,123.83966806815363,67.05779531398375,89.20116519239679,149.9339030257858,100.06216346636175,116.89496120696084,113.36321013997953,73.18587550766938,65.14145804310317,38.080741055939484,55.287842124299374,60.89455754740316,105.63023872152861,nan,nan,nan,1.0,0.07829910037063594,0.34781372807285205,nan,nan,17,436.1336651035555,47.835006145459374,1024.8454106487795,A0,L5,I2,T4,position_fusion,S01,X_A0_U4_P5_L5_I2_T4__S01,U4,P5,
X_A0_U4_P5_L5_I2_T5,error_state_ekf_screening,Phase4 L5 single-I position row.,34,17,40661,96.51717824973977,152.07719625208102,167.57658252122994,107.20729382046187,40661,64.73522305505315,126.33366815120432,146.44506564721542,82.590481439171,40661,51.64101345248059,110.16631819338795,125.46061726220023,68.35361163795802,91.80139348348092,155.34842828832603,102.15058795952112,120.92304031573664,116.33524094585152,74.32361163704138,65.51649349250725,43.375616966630446,55.944435574699924,56.71000656127906,101.61212516107173,nan,nan,nan,1.0,0.026708500186839203,0.13846580275979115,nan,nan,17,490.8459867131456,48.086221325609245,1057.9328766686401,A0,L5,I2,T5,position_fusion,S01,X_A0_U4_P5_L5_I2_T5__S01,U4,P5,
X_A0_U4_P5_L5_I3_T1,uwb_only_control_repeated_for_matrix,Phase4 L5 single-I position row.,34,17,40661,97.61199113442292,154.2925585254415,170.20127036618683,108.55085714050155,40661,65.20021366466614,128.97738748237458,148.76387854768515,83.6792914035495,40661,52.39887955681479,111.0384255335116,126.76297405499486,69.14524406014796,92.92606318184494,156.73705943320283,103.50566607581545,124.23870400971344,115.54925384907636,75.09831604058712,65.36741012809728,47.81772695321047,56.0087290204809,55.957497529801344,102.00265164503422,nan,nan,nan,nan,nan,nan,nan,nan,17,459.6446418127379,48.07792244811856,969.4665728682719,A0,L5,I3,T1,uwb_only,S01,X_A0_U4_P5_L5_I3_T1__S01,U4,P5,
X_A0_U4_P5_L5_I3_T2,position_prior_screening,Phase4 L5 single-I position row.,34,17,40661,92.95584251825024,144.39177772924256,158.04546710148978,102.81261907562008,40661,61.49884536335471,117.24108168629347,133.11416602400018,76.90878333623115,40661,51.019579398925316,111.24917286210348,125.74102532233405,68.2310317006068,94.13040537839018,145.88931840284874,101.42207309566288,111.39855813519316,115.66953238963222,79.58820850175073,57.19292380132377,42.69180340481478,45.85469839940225,62.639572627730104,109.72477973478422,nan,nan,nan,1.0,0.3052514300619727,1.0650938190012393,nan,nan,17,286.97316051094253,43.61147324833354,656.2407152826371,A0,L5,I3,T2,position_fusion,S01,X_A0_U4_P5_L5_I3_T2__S01,U4,P5,
X_A0_U4_P5_L5_I3_T3,loose_ekf_screening,Phase4 L5 single-I position row.,34,17,40661,96.63452161840077,150.4744548797027,165.35706147904125,106.5115688463445,40661,64.03168501753905,124.84286839192642,143.79755782352515,81.43703127551944,40661,52.5261306496559,109.8831987257006,125.29029725323153,68.64928430172927,92.00485729812905,155.2206807869628,102.14740439195728,120.24239253447013,113.08528524069234,77.86865093612951,65.0180343082904,44.637109835300635,55.52382690055933,60.52818993093088,103.98310259721495,nan,nan,nan,1.0,0.04819845309738087,0.24890007479824583,nan,nan,17,457.64331039620924,47.870726441567285,1045.6395989802133,A0,L5,I3,T3,position_fusion,S01,X_A0_U4_P5_L5_I3_T3__S01,U4,P5,
X_A0_U4_P5_L5_I3_T4,loose_ukf_screening,Phase4 L5 single-I position row.,34,17,40661,96.37186581859297,149.54775579699515,164.17709502723224,106.01357663275122,40661,63.795381220996916,124.04009389590681,142.30469987714935,80.87413748988682,40661,52.44341944595385,109.74217691840067,125.11443811280321,68.54379852134765,92.37035448287338,154.42323955782985,102.17592672494723,119.2673697550717,111.60592340304879,77.65964243720902,64.68675722410225,44.04627672458946,55.11357280863575,60.768701087779405,106.12203989983118,nan,nan,nan,1.0,0.0731996102622999,0.3588739598169054,nan,nan,17,434.08000120982183,47.69494885276913,1024.7854632061305,A0,L5,I3,T4,position_fusion,S01,X_A0_U4_P5_L5_I3_T4__S01,U4,P5,
X_A0_U4_P5_L5_I3_T5,error_state_ekf_screening,Phase4 L5 single-I position row.,34,17,40661,97.16758987930837,152.42331112794432,167.98153349246098,107.51592778547582,40661,64.51907127551335,126.6913014679115,146.2338427053867,82.55968778518356,40661,52.43311554435104,110.505004126509,125.79954712524227,68.87359929889436,92.08408198093349,155.48845767314242,102.90347928761338,122.00580470086359,114.9149693085457,77.03540336872116,65.4062429634923,46.49363044314799,55.951519557133224,57.05187389345502,101.41422203865022,nan,nan,nan,1.0,0.027766608291967393,0.15219426658042767,nan,nan,17,486.30603006460746,48.06795612367972,1047.4421171524832,A0,L5,I3,T5,position_fusion,S01,X_A0_U4_P5_L5_I3_T5__S01,U4,P5,
X_A0_U4_P5_L5_I4_T1,uwb_only_control_repeated_for_matrix,Phase4 L5 single-I position row.,34,17,40661,97.61199113442292,154.2925585254415,170.20127036618683,108.55085714050155,40661,65.20021366466614,128.97738748237458,148.76387854768515,83.6792914035495,40661,52.39887955681479,111.0384255335116,126.76297405499486,69.14524406014796,92.92606318184494,156.73705943320283,103.50566607581545,124.23870400971344,115.54925384907636,75.09831604058712,65.36741012809728,47.81772695321047,56.0087290204809,55.957497529801344,102.00265164503422,nan,nan,nan,nan,nan,nan,nan,nan,17,459.6446418127379,48.07792244811856,969.4665728682719,A0,L5,I4,T1,uwb_only,S01,X_A0_U4_P5_L5_I4_T1__S01,U4,P5,
X_A0_U4_P5_L5_I4_T2,position_prior_screening,Phase4 L5 single-I position row.,34,17,40661,89.23685904114177,142.60765836728044,156.30760786691286,100.05682150438385,40661,60.35616858376828,112.30017345442901,129.1380539327593,74.98258497733855,40661,48.380437252672664,107.49765071989191,124.67838195582021,66.24937342855652,87.17821068870673,145.06165129745648,96.51581802120182,106.35904085696879,100.64525538655379,67.54217686439893,57.25332812476171,33.67155356104138,44.55063247902032,63.04546473983852,107.16413392285767,nan,nan,nan,1.0,0.30456019676341917,1.2687219988660745,nan,nan,17,115.85841438936579,44.11281409400448,266.15291740473367,A0,L5,I4,T2,position_fusion,S01,X_A0_U4_P5_L5_I4_T2__S01,U4,P5,
X_A0_U4_P5_L5_I4_T3,loose_ekf_screening,Phase4 L5 single-I position row.,34,17,40661,95.49004609376249,149.95800977070178,164.85635853503607,105.86535862288406,40661,63.93761937037285,123.48372081179082,142.36630281660382,80.9606856404749,40661,51.370017398535765,110.1351147644151,125.7231444974691,68.2117404628855,89.75499607188178,154.06604378065094,100.3850371581595,118.2934043234313,111.78950695035627,73.58422930230985,62.05916778547682,42.943270819444024,55.333974508131035,60.758799002624,105.73189213980385,nan,nan,nan,1.0,0.05118842251689219,0.2803159124574547,nan,nan,17,519.5781136118377,47.94044627808904,1170.73589364418,A0,L5,I4,T3,position_fusion,S01,X_A0_U4_P5_L5_I4_T3__S01,U4,P5,
X_A0_U4_P5_L5_I4_T4,loose_ukf_screening,Phase4 L5 single-I position row.,34,17,40661,94.90743673752027,148.97927688945543,163.5115394323446,105.1826553594828,40661,63.67584974763751,122.16308729063012,140.38474471256612,80.26556612617246,40661,50.97630326401327,109.94667194288218,125.73359764560928,67.97668631903714,89.69875743675091,151.4963263039589,99.53857399679097,117.0436105239549,111.57231643314765,72.86186454271578,60.202328473807285,41.70957165925938,54.82360843296931,60.68239219231226,108.74422505437866,nan,nan,nan,1.0,0.07869316860757182,0.41450044763659416,nan,nan,17,491.93087458568186,47.7776794987916,1138.9578147790212,A0,L5,I4,T4,position_fusion,S01,X_A0_U4_P5_L5_I4_T4__S01,U4,P5,
X_A0_U4_P5_L5_I4_T5,error_state_ekf_screening,Phase4 L5 single-I position row.,34,17,40661,96.6121688414649,152.0061709110389,167.6637523204434,107.21003576093362,40661,64.48657441028088,125.9910983587974,145.44577743457336,82.32910554447079,40661,51.80531039156972,110.55520524517885,126.1478380792123,68.67248465075406,91.15807058109706,155.32128654881586,101.51869337090054,121.81195529901674,113.92286156167688,76.33422876549446,64.97500488814099,43.54272273824756,55.9036231722684,57.35599312517293,101.43119591180277,nan,nan,nan,1.0,0.028518754792285682,0.17212185027366916,nan,nan,17,517.7614107638203,48.1072285582253,1122.8738607374055,A0,L5,I4,T5,position_fusion,S01,X_A0_U4_P5_L5_I4_T5__S01,U4,P5,
X_A0_U4_P5_L5_I5_T1,uwb_only_control_repeated_for_matrix,Phase4 L5 single-I position row.,34,17,40661,97.61199113442292,154.2925585254415,170.20127036618683,108.55085714050155,40661,65.20021366466614,128.97738748237458,148.76387854768515,83.6792914035495,40661,52.39887955681479,111.0384255335116,126.76297405499486,69.14524406014796,92.92606318184494,156.73705943320283,103.50566607581545,124.23870400971344,115.54925384907636,75.09831604058712,65.36741012809728,47.81772695321047,56.0087290204809,55.957497529801344,102.00265164503422,nan,nan,nan,nan,nan,nan,nan,nan,17,459.6446418127379,48.07792244811856,969.4665728682719,A0,L5,I5,T1,uwb_only,S01,X_A0_U4_P5_L5_I5_T1__S01,U4,P5,
X_A0_U4_P5_L5_I5_T2,position_prior_screening,Phase4 L5 single-I position row.,34,17,40661,86.12655414959822,133.75063397422372,146.57962226293347,95.91456074974978,40661,59.94865919925061,106.06841266551007,119.49432192131874,71.72046313029186,40661,47.813304017939345,102.67987981883198,117.55840936724576,63.68499142022308,83.12941867141313,137.61426453467428,94.32849358223179,105.23905187772189,100.21731056026606,70.83014784312772,50.5739783622881,38.536256292565156,38.81325835049486,61.53857906892719,100.5719464638517,nan,nan,nan,1.0,0.3783796254899231,1.4601202868852659,nan,nan,17,283.39629554820505,41.98638234027584,368.9485016908545,A0,L5,I5,T2,position_fusion,S01,X_A0_U4_P5_L5_I5_T2__S01,U4,P5,
X_A0_U4_P5_L5_I5_T3,loose_ekf_screening,Phase4 L5 single-I position row.,34,17,40661,94.67787288429369,147.52750979165853,161.4308806266011,104.54683203467923,40661,64.09985626168806,121.35260800318648,139.25474053212895,80.00479958842433,40661,50.89278954318161,108.39151573973004,123.5297878012127,67.2998672458088,88.2221334453071,152.68382117103812,99.51461604133843,116.49267560865356,112.14815500899104,72.69614076187136,60.58924489272433,40.562644202394154,54.61090161093145,60.50145669871603,104.5413561028123,nan,nan,nan,1.0,0.07547462278394865,0.37358688675525453,nan,nan,17,490.79288733919765,47.39557154961375,1148.9746092764778,A0,L5,I5,T3,position_fusion,S01,X_A0_U4_P5_L5_I5_T3__S01,U4,P5,
X_A0_U4_P5_L5_I5_T4,loose_ukf_screening,Phase4 L5 single-I position row.,34,17,40661,93.74184574027919,145.76547885718648,159.13846065153047,103.53146986373741,40661,63.68631371847722,119.56569732289391,136.53514175356852,79.06310523516031,40661,50.492116890908164,107.62657145907588,123.04057364440268,66.84153381483654,88.52061873301741,151.07111683317183,98.168751519745,114.58694350091346,110.15175563622893,72.6164359049856,59.04023589614217,41.21650948238431,53.68145377069547,56.04282965533498,97.84761533319953,nan,nan,nan,1.0,0.10960699641821738,0.5225456521582375,nan,nan,17,457.62608938630217,46.982099298862806,1043.3503162625045,A0,L5,I5,T4,position_fusion,S01,X_A0_U4_P5_L5_I5_T4__S01,U4,P5,
X_A0_U4_P5_L5_I5_T5,error_state_ekf_screening,Phase4 L5 single-I position row.,34,17,40661,96.1833937785418,150.80941918445538,165.8679069680059,106.5303281164481,40661,64.6056781125446,124.97500177856875,144.0226726623479,81.83260891966552,40661,51.72597731448673,109.7937708807508,124.84373600241418,68.20656072548427,89.71567970794784,154.3202806057419,101.38518100544931,120.13800490612351,113.07637659353048,73.80377714319087,63.417297947245885,42.81945662394014,55.77283800662764,59.36662947832559,101.30823994134175,nan,nan,nan,1.0,0.04132853467653508,0.24586293528046993,nan,nan,17,528.2201352804466,47.93986323911048,1131.7594722227182,A0,L5,I5,T5,position_fusion,S01,X_A0_U4_P5_L5_I5_T5__S01,U4,P5,
X_A0_U4_P5_L5_I6_T1,uwb_only_control_repeated_for_matrix,Phase4 L5 single-I position row.,34,17,40661,97.61199113442292,154.2925585254415,170.20127036618683,108.55085714050155,40661,65.20021366466614,128.97738748237458,148.76387854768515,83.6792914035495,40661,52.39887955681479,111.0384255335116,126.76297405499486,69.14524406014796,92.92606318184494,156.73705943320283,103.50566607581545,124.23870400971344,115.54925384907636,75.09831604058712,65.36741012809728,47.81772695321047,56.0087290204809,55.957497529801344,102.00265164503422,nan,nan,nan,nan,nan,nan,nan,nan,17,459.6446418127379,48.07792244811856,969.4665728682719,A0,L5,I6,T1,uwb_only,S01,X_A0_U4_P5_L5_I6_T1__S01,U4,P5,
X_A0_U4_P5_L5_I6_T2,position_prior_screening,Phase4 L5 single-I position row.,34,17,40661,88.70017890230619,136.66894122250423,149.64228418249579,98.49067694786528,40661,63.04100386767884,109.88679202523261,122.49518059587284,74.50998648777728,40661,47.07302699464071,104.17914828947153,120.93640257676611,64.41021160685631,87.73284536237995,136.86137991394463,94.9850252228239,111.32832664928637,101.58641729019209,76.54273550965645,55.68928303298345,33.8202586082723,41.05830674515525,58.101522139961595,96.46532683430007,nan,nan,nan,1.0,0.430250767180626,1.5177537711785867,nan,nan,17,244.56974796109773,42.48948182887585,566.3968898823304,A0,L5,I6,T2,position_fusion,S01,X_A0_U4_P5_L5_I6_T2__S01,U4,P5,
X_A0_U4_P5_L5_I6_T3,loose_ekf_screening,Phase4 L5 single-I position row.,34,17,40661,95.12868188641883,147.99955983690808,162.65871545848952,105.1003914598094,40661,64.82604080588736,122.71690380730044,140.38225511243073,80.73002823296743,40661,51.04617513182211,108.58486596703239,124.01014691253579,67.29602385363832,90.95652222836063,151.35715131034425,99.99774330559715,119.23991902062048,112.05685560791221,72.84681942129049,61.554997600171966,41.87172080850303,54.959517047848976,60.64673001635717,105.52545911983223,nan,nan,nan,1.0,0.07475835880845297,0.349586028474801,nan,nan,17,483.8328881893356,47.673812792010494,1100.413915070075,A0,L5,I6,T3,position_fusion,S01,X_A0_U4_P5_L5_I6_T3__S01,U4,P5,
X_A0_U4_P5_L5_I6_T4,loose_ukf_screening,Phase4 L5 single-I position row.,34,17,40661,94.40170925608155,146.4738579509164,160.66673215610237,104.24807571876605,40661,64.71092701289562,121.27677292938917,138.18293324216538,79.98538630431077,40661,50.633596715163776,108.03719383906241,123.70573513376075,66.85805313360355,90.40213291106446,149.46890113396339,99.72015721436577,118.43534846552848,111.08204570224348,72.6171460304543,60.241474900376815,41.668922203563966,54.231840934238875,60.547515265585886,106.74423459346676,nan,nan,nan,1.0,0.11301260833816829,0.4823730946234803,nan,nan,17,453.7565705434929,47.38281422281136,1062.493232875266,A0,L5,I6,T4,position_fusion,S01,X_A0_U4_P5_L5_I6_T4__S01,U4,P5,
X_A0_U4_P5_L5_I6_T5,error_state_ekf_screening,Phase4 L5 single-I position row.,34,17,40661,96.39598729685176,151.08896587049063,166.55154610713845,106.80005315824913,40661,64.87711317776963,125.69492198541414,144.69540342558642,82.191475096136,40661,51.692279903755434,109.79467605158493,125.05378106154421,68.19686778823565,91.47546526728735,153.83530337714313,101.46211459288196,120.7741429828798,114.83108510484719,74.71337729685726,63.84558533573348,42.2128627786044,55.83279519019251,58.29163332240619,101.25642334115416,nan,nan,nan,1.0,0.040087022568882615,0.22214890220337796,nan,nan,17,502.64548398336285,48.029277350506845,1087.9512928359684,A0,L5,I6,T5,position_fusion,S01,X_A0_U4_P5_L5_I6_T5__S01,U4,P5,
X_A0_U4_P5_L5_I7_T1,uwb_only_control_repeated_for_matrix,Phase4 L5 single-I position row.,34,17,40661,97.61199113442292,154.2925585254415,170.20127036618683,108.55085714050155,40661,65.20021366466614,128.97738748237458,148.76387854768515,83.6792914035495,40661,52.39887955681479,111.0384255335116,126.76297405499486,69.14524406014796,92.92606318184494,156.73705943320283,103.50566607581545,124.23870400971344,115.54925384907636,75.09831604058712,65.36741012809728,47.81772695321047,56.0087290204809,55.957497529801344,102.00265164503422,nan,nan,nan,nan,nan,nan,nan,nan,17,459.6446418127379,48.07792244811856,969.4665728682719,A0,L5,I7,T1,uwb_only,S01,X_A0_U4_P5_L5_I7_T1__S01,U4,P5,
X_A0_U4_P5_L5_I7_T2,position_prior_screening,Phase4 L5 single-I position row.,34,17,40661,90.53670816562638,143.76198161014534,159.13632128137382,101.70864073933916,40661,63.69940063493494,117.30615862197406,131.9454800124821,77.97364372264313,40661,48.63425041709684,105.27755621977178,122.26889808558212,65.30511837259215,84.61153017575533,139.88785967392414,95.39363526849978,113.84449259860125,103.03447289191831,78.46605764925184,61.11283397249635,33.14003858482636,47.424475119004114,64.77431119673186,112.69267997840535,nan,nan,nan,1.0,0.2978129807698551,1.256321610537017,nan,nan,17,296.3972186208747,44.607905882358864,560.9598038021517,A0,L5,I7,T2,position_fusion,S01,X_A0_U4_P5_L5_I7_T2__S01,U4,P5,
X_A0_U4_P5_L5_I7_T3,loose_ekf_screening,Phase4 L5 single-I position row.,34,17,40661,95.78365072437347,150.03921289163074,165.92211447067123,106.02988003876533,40661,64.3426286314921,124.92302645980548,143.82981044576357,81.63722223556326,40661,51.802684325318296,108.54299228657987,123.10501679505478,67.65869793822685,89.52317466149326,150.77111477326878,100.86438075845547,121.8977785933291,114.47884230429835,78.76445903535787,64.52263181212945,39.76230347475996,55.634324132917584,60.48760312425206,103.68461045626964,nan,nan,nan,1.0,0.04764986465078611,0.24993266091497707,nan,nan,17,517.7799458366623,47.92546869380516,1179.4633093320765,A0,L5,I7,T3,position_fusion,S01,X_A0_U4_P5_L5_I7_T3__S01,U4,P5,
X_A0_U4_P5_L5_I7_T4,loose_ukf_screening,Phase4 L5 single-I position row.,34,17,40661,95.28083987755798,149.27165925319125,164.75190065626762,105.41122869141296,40661,64.15404283945492,124.01367752214541,142.36514983204395,81.13393501958332,40661,51.52724526589668,107.73388430081059,122.41309430527531,67.29644658131213,88.70440362238634,149.07049116970802,100.49981533489262,120.64672556681904,113.89062489383323,79.30480562738006,64.08730043531263,37.72343267117759,55.30308750096478,60.719075204239,105.93845663572353,nan,nan,nan,1.0,0.07274753336797982,0.3531788771118061,nan,nan,17,503.4477449223844,47.78808077426936,1193.5496452608982,A0,L5,I7,T4,position_fusion,S01,X_A0_U4_P5_L5_I7_T4__S01,U4,P5,
X_A0_U4_P5_L5_I7_T5,error_state_ekf_screening,Phase4 L5 single-I position row.,34,17,40661,96.69609226068556,152.30822995508447,168.3136834718264,107.29740885641051,40661,64.67033167359108,126.64962084944685,146.22478058740896,82.66094471186646,40661,52.11712319192088,109.70367786891188,124.80690291337578,68.40981045611422,91.26900810984344,152.5880682679542,102.00680265721996,122.36616844274393,115.24377182868326,77.43621713501227,65.14638354830115,41.866473838499246,55.96211149479555,56.787490495760906,101.88704621548554,nan,nan,nan,1.0,0.026119060856381035,0.1509832305109569,nan,nan,17,507.9716457633207,48.074860871161604,1095.8880285703954,A0,L5,I7,T5,position_fusion,S01,X_A0_U4_P5_L5_I7_T5__S01,U4,P5,
X_A0_U4_P5_L5_I8_T1,uwb_only_control_repeated_for_matrix,Phase4 L5 single-I position row.,34,17,40661,97.61199113442292,154.2925585254415,170.20127036618683,108.55085714050155,40661,65.20021366466614,128.97738748237458,148.76387854768515,83.6792914035495,40661,52.39887955681479,111.0384255335116,126.76297405499486,69.14524406014796,92.92606318184494,156.73705943320283,103.50566607581545,124.23870400971344,115.54925384907636,75.09831604058712,65.36741012809728,47.81772695321047,56.0087290204809,55.957497529801344,102.00265164503422,nan,nan,nan,nan,nan,nan,nan,nan,17,459.6446418127379,48.07792244811856,969.4665728682719,A0,L5,I8,T1,uwb_only,S01,X_A0_U4_P5_L5_I8_T1__S01,U4,P5,
X_A0_U4_P5_L5_I8_T2,position_prior_screening,Phase4 L5 single-I position row.,34,17,40661,87.33847278775585,141.28054955196637,155.5667216026036,99.57745534432846,40661,59.25552771808458,110.63001232974861,126.75092716560427,73.44976153189089,40661,50.412025858340485,106.51263731617564,123.30631896478008,67.23691057566587,85.6236525280046,137.66489794233885,94.60250162094982,102.4254908173343,103.4251547014974,68.91161908984562,51.73144765702004,41.038849267337525,42.41130176003074,62.88461078701137,106.32201655465627,nan,nan,nan,1.0,0.36333565494985676,1.3670721379564879,nan,nan,17,341.1474883945246,43.440468003648164,828.6259622502394,A0,L5,I8,T2,position_fusion,S01,X_A0_U4_P5_L5_I8_T2__S01,U4,P5,
X_A0_U4_P5_L5_I8_T3,loose_ekf_screening,Phase4 L5 single-I position row.,34,17,40661,95.13926380884254,149.19296033079826,164.329494655067,105.4519596132066,40661,63.17287659520044,122.21111014694333,141.5946532245702,80.28723265753389,40661,52.06923430114216,109.61854714911021,125.04870568317233,68.3672147923285,90.25528277447889,150.85505388429553,99.55164589254713,117.67686885735267,111.84798570855584,70.4087334958977,58.682474893930134,44.338455181028735,55.14973614657086,60.686325827692976,108.86355405145058,nan,nan,nan,1.0,0.06540101305297524,0.31026097027942895,nan,nan,17,505.60957539280196,47.73552365452912,1133.0162371141873,A0,L5,I8,T3,position_fusion,S01,X_A0_U4_P5_L5_I8_T3__S01,U4,P5,
X_A0_U4_P5_L5_I8_T4,loose_ukf_screening,Phase4 L5 single-I position row.,34,17,40661,94.34084734877106,148.09578492945988,162.99147768712797,104.68704771331755,40661,62.655710145203805,120.766177803562,139.5804344674736,79.43753613317288,40661,51.96346293147553,109.33668678415347,124.70145435722361,68.18398501130069,89.77532616780778,148.47414496883562,98.87031225005788,115.66798203606008,110.55256743000271,71.09729500202712,59.23213577081628,43.10251882983175,54.525261423909285,60.59453293992115,108.08910338387145,nan,nan,nan,1.0,0.09914384822122674,0.435508249451395,nan,nan,17,495.86146176183126,47.48369316744885,1124.7325205281884,A0,L5,I8,T4,position_fusion,S01,X_A0_U4_P5_L5_I8_T4__S01,U4,P5,
X_A0_U4_P5_L5_I8_T5,error_state_ekf_screening,Phase4 L5 single-I position row.,34,17,40661,96.44171778231336,151.64072325949047,167.26837056121957,106.9816587576703,40661,64.08306919440315,125.34785115136361,145.221214174058,81.97903761562064,40661,52.293971293069376,110.42048775848866,125.69621861918745,68.73509076271937,90.98449151132405,153.40739067969676,101.62876841098596,120.3025110687969,114.22430055547781,73.29979155656238,62.38357541313536,46.07387939972415,55.874722688160034,58.24063100595539,102.03373366823685,nan,nan,nan,1.0,0.034121939150619535,0.19195488091348067,nan,nan,17,502.6511980155496,48.038595640158746,1085.9474570368072,A0,L5,I8,T5,position_fusion,S01,X_A0_U4_P5_L5_I8_T5__S01,U4,P5,
X_A1_U4_P0_L5_I0_T1,uwb_only_control_repeated_for_matrix,Phase4 L5 single-I position row.,34,17,40661,104.39306196427793,179.1064703648487,207.44455636229566,126.68509529098873,40661,61.19040658818328,122.94459688204866,145.71251507299812,80.75485520335926,40661,66.78702973087798,150.35592555874246,177.8403109988344,97.61027983758358,106.21110129630551,200.39273513936155,121.6343135486515,138.2073547294406,170.42965250274804,86.85872938951026,61.0741488254931,49.94464832541041,33.633403816704316,99.61662176928934,177.60887430662177,nan,nan,nan,nan,nan,nan,nan,nan,17,33.29624720486596,17.083777930830934,47.30875672256073,A1,L5,I0,T1,uwb_only,S01,X_A1_U4_P0_L5_I0_T1__S01,U4,P0,
X_A1_U4_P0_L5_I0_T2,position_prior_screening,Phase4 L5 single-I position row.,34,17,40661,95.73852338461471,155.98756352934504,175.6888740251124,109.22290175982268,40661,53.45217925754997,105.05841401760397,123.45818724314375,68.23903295093483,40661,63.8285741256102,134.96267490782247,156.03994168881786,85.28233492791522,98.12166082773678,173.08162956342113,109.52910899941728,118.74737613481265,151.14717855583496,83.96945639075285,61.93565002541479,48.94149625136794,31.571550040366418,75.82858687900327,141.89487518742413,nan,nan,nan,1.0,0.5428605218173297,2.2727573377919197,nan,nan,17,135.69367073618707,21.49130195738462,272.5942513366741,A1,L5,I0,T2,position_fusion,S01,X_A1_U4_P0_L5_I0_T2__S01,U4,P0,
X_A1_U4_P0_L5_I0_T3,loose_ekf_screening,Phase4 L5 single-I position row.,34,17,40661,100.27578040263296,168.9284509832731,193.373638802854,119.4699862401697,40661,57.593728896667386,115.19453512922355,136.6323026037334,75.62616676112259,40661,65.20396370946696,143.3433553210939,167.8837661098279,92.48654233587291,102.54726192858891,187.8403162705343,114.8689689601255,128.25135613605747,162.37301066999265,86.02950581214489,60.2383634336222,49.65374212361064,32.84016266413195,90.11626484088302,160.4069211049872,nan,nan,nan,1.0,0.14345256907080456,0.673941112460986,nan,nan,17,48.64789631289259,18.32343962726128,71.28723952187701,A1,L5,I0,T3,position_fusion,S01,X_A1_U4_P0_L5_I0_T3__S01,U4,P0,
X_A1_U4_P0_L5_I0_T4,loose_ukf_screening,Phase4 L5 single-I position row.,34,17,40661,99.38386722473075,166.3092694802426,190.30811566689007,117.62826884659302,40661,56.70800508078433,113.2418630462648,134.50758577152763,74.30153596868924,40661,64.72870000671196,141.50447318068586,165.07693006157217,91.19041278851601,101.80979734803276,185.0043676947831,113.14279110164293,126.56970255009098,160.6743145247719,86.33564496007487,59.99510021041391,50.429593525843984,32.648443244391615,87.85410466328635,155.52257718717203,nan,nan,nan,1.0,0.20511274321118428,0.9635322662911032,nan,nan,17,54.622751261219136,18.492253101554127,83.87112558343308,A1,L5,I0,T4,position_fusion,S01,X_A1_U4_P0_L5_I0_T4__S01,U4,P0,
X_A1_U4_P0_L5_I0_T5,error_state_ekf_screening,Phase4 L5 single-I position row.,34,17,40661,102.49761584379532,174.37580991239128,200.97225578134245,123.40001844934916,40661,59.586461448818554,119.34139971889968,141.5732140737826,78.43076968406378,40661,65.9866425511309,146.88716694858954,173.08841400365964,95.26898194095,104.85310939443286,194.73442385062674,118.94821793659933,134.77967024775097,167.40058746878742,86.33862137688635,60.71556106256375,50.55722048948223,33.262855885913496,95.87827958959653,170.53867015340288,nan,nan,nan,1.0,0.08119759082089001,0.39062008789288616,nan,nan,17,39.0666487730251,17.94386862826292,55.157505762616104,A1,L5,I0,T5,position_fusion,S01,X_A1_U4_P0_L5_I0_T5__S01,U4,P0,
X_A1_U4_P0_L5_I1_T1,uwb_only_control_repeated_for_matrix,Phase4 L5 single-I position row.,34,17,40661,104.39306196427793,179.1064703648487,207.44455636229566,126.68509529098873,40661,61.19040658818328,122.94459688204866,145.71251507299812,80.75485520335926,40661,66.78702973087798,150.35592555874246,177.8403109988344,97.61027983758358,106.21110129630551,200.39273513936155,121.6343135486515,138.2073547294406,170.42965250274804,86.85872938951026,61.0741488254931,49.94464832541041,33.633403816704316,99.61662176928934,177.60887430662177,nan,nan,nan,nan,nan,nan,nan,nan,17,33.29624720486596,17.083777930830934,47.30875672256073,A1,L5,I1,T1,uwb_only,S01,X_A1_U4_P0_L5_I1_T1__S01,U4,P0,
X_A1_U4_P0_L5_I1_T2,position_prior_screening,Phase4 L5 single-I position row.,34,17,40661,87.3602749397795,141.36993782445705,158.88136556475615,99.0493341767236,40661,49.30077286406641,96.93534497042405,113.65066316496745,62.584939775285775,40661,60.068407568611406,119.28443512824401,137.02257736323975,76.77171298190575,86.23681121744251,145.29378368101976,94.51328397095584,100.87257173313921,120.1162119725326,83.56882613310023,65.4032003527446,32.48681662417346,26.45730411033898,61.48365697799162,105.88931852836593,nan,nan,nan,1.0,0.6791307198905969,3.0048734236991743,nan,nan,17,232.26919299217678,20.974583187979988,634.6946425774381,A1,L5,I1,T2,position_fusion,S01,X_A1_U4_P0_L5_I1_T2__S01,U4,P0,
X_A1_U4_P0_L5_I1_T3,loose_ekf_screening,Phase4 L5 single-I position row.,34,17,40661,94.5823807876108,155.23037664591592,176.65257395592744,110.06737086547054,40661,53.44268148201454,106.05655861594637,124.87010506523396,69.31047424161646,40661,62.49700681370882,133.23386068579453,153.19380673072044,85.50370921567821,96.16229951716608,170.17882960473338,107.61214101482919,117.08924146950739,146.7490467647727,85.33785238125277,65.93578640647306,45.583767175638854,31.88276653856343,80.92343785021899,146.9863495854947,nan,nan,nan,1.0,0.2804450441106472,1.3898238816612893,nan,nan,17,86.59463551133783,19.650464271198757,174.78630464748232,A1,L5,I1,T3,position_fusion,S01,X_A1_U4_P0_L5_I1_T3__S01,U4,P0,
X_A1_U4_P0_L5_I1_T4,loose_ukf_screening,Phase4 L5 single-I position row.,34,17,40661,93.0306362256516,151.94147867010832,172.25079133446408,107.6140723098298,40661,52.314763735570914,103.75084745302534,121.75889208441745,67.62468932172123,40661,62.09793850610163,130.3852737850582,149.69077642434831,83.71194629947364,94.46803703954427,167.42424538513012,105.6745585162065,113.33235249098308,143.38075954342764,85.08338780585669,67.76273511486352,42.68140519235931,31.616723810745896,76.61482698304721,140.23771709364485,nan,nan,nan,1.0,0.37190331016097644,1.7961319855654678,nan,nan,17,103.91382310584845,20.34295709600724,226.92151809055514,A1,L5,I1,T4,position_fusion,S01,X_A1_U4_P0_L5_I1_T4__S01,U4,P0,
X_A1_U4_P0_L5_I1_T5,error_state_ekf_screening,Phase4 L5 single-I position row.,34,17,40661,98.54380222666644,164.8931126162191,188.99657380961946,116.79267564851375,40661,56.50603533200733,112.90936860564771,133.3431728342486,73.94675443693284,40661,64.17222691337008,139.81671317549876,163.48457445408621,90.40136389116535,99.9456769964724,183.19838473157105,113.37543228741892,125.07996692910888,157.3832871430744,85.09369509590684,62.098663612108766,49.5318878029791,32.5609889458876,87.3542528473194,154.33391551177277,nan,nan,nan,1.0,0.21025219287455543,1.0481837363270152,nan,nan,17,55.7806612620957,18.5052118595612,90.71015257496416,A1,L5,I1,T5,position_fusion,S01,X_A1_U4_P0_L5_I1_T5__S01,U4,P0,
X_A1_U4_P0_L5_I2_T1,uwb_only_control_repeated_for_matrix,Phase4 L5 single-I position row.,34,17,40661,104.39306196427793,179.1064703648487,207.44455636229566,126.68509529098873,40661,61.19040658818328,122.94459688204866,145.71251507299812,80.75485520335926,40661,66.78702973087798,150.35592555874246,177.8403109988344,97.61027983758358,106.21110129630551,200.39273513936155,121.6343135486515,138.2073547294406,170.42965250274804,86.85872938951026,61.0741488254931,49.94464832541041,33.633403816704316,99.61662176928934,177.60887430662177,nan,nan,nan,nan,nan,nan,nan,nan,17,33.29624720486596,17.083777930830934,47.30875672256073,A1,L5,I2,T1,uwb_only,S01,X_A1_U4_P0_L5_I2_T1__S01,U4,P0,
X_A1_U4_P0_L5_I2_T2,position_prior_screening,Phase4 L5 single-I position row.,34,17,40661,87.81786440345762,142.2321816269641,159.16495915147217,99.01138603681146,40661,49.92779007576318,98.18490204057001,115.00955948693247,63.491526539848046,40661,58.617353917261426,120.7624694019114,138.50426939948625,75.97421024644004,90.97875460984804,155.90511614887254,101.58052636966146,98.1404220643449,115.87982568734054,79.57019849302137,60.86317243199207,36.94579867661503,26.211813611219895,70.89085452606543,127.29660346575758,nan,nan,nan,1.0,0.7568821834275092,3.0743071272825553,nan,nan,17,178.8805661897845,21.26245330113113,219.30002300720946,A1,L5,I2,T2,position_fusion,S01,X_A1_U4_P0_L5_I2_T2__S01,U4,P0,
X_A1_U4_P0_L5_I2_T3,loose_ekf_screening,Phase4 L5 single-I position row.,34,17,40661,93.92641611670513,154.83962616412205,176.08724868636233,109.38253233250205,40661,53.16365154760786,105.36032559996353,124.61120514198092,68.85834077971045,40661,62.13823266040407,132.5660512226508,153.0931810195766,84.98863032509773,97.64660573421403,171.0870628881271,107.42672176241467,114.66230988445821,147.35150077076378,82.72278669050971,63.2472147177146,49.22703284124657,31.836938128418012,80.27755974587998,146.9931547054154,nan,nan,nan,1.0,0.2954776552716456,1.4349466129564652,nan,nan,17,87.86897023732773,19.750546729471807,173.82816989288,A1,L5,I2,T3,position_fusion,S01,X_A1_U4_P0_L5_I2_T3__S01,U4,P0,
X_A1_U4_P0_L5_I2_T4,loose_ukf_screening,Phase4 L5 single-I position row.,34,17,40661,92.34809714154572,151.48235144301435,171.75108066588552,106.88943979996647,40661,52.064899272365345,102.80601415522524,121.61355392806286,67.17079096354242,40661,61.53848304248072,130.19264514587326,149.54674984206486,83.14708162096095,96.65622067407193,167.50728092656004,105.12443208208272,111.50984339336989,142.38173568096568,83.21979240121559,64.46962341813897,48.55415539587807,31.571764928950643,76.82039629630506,139.64680647975757,nan,nan,nan,1.0,0.39075141043716977,1.8691348179316891,nan,nan,17,104.25469048734995,20.456348505360722,218.92827570011235,A1,L5,I2,T4,position_fusion,S01,X_A1_U4_P0_L5_I2_T4__S01,U4,P0,
X_A1_U4_P0_L5_I2_T5,error_state_ekf_screening,Phase4 L5 single-I position row.,34,17,40661,98.1962621296954,164.29614885939532,188.44318670161485,116.27923526845638,40661,56.313556003540064,112.38280467905108,132.86061475903963,73.59088096230086,40661,64.00718673248832,139.5043457994716,162.97701933649455,90.0291219206846,101.63203971530146,183.16787907193114,112.90636571946976,123.77408859447794,156.9820737995982,83.94390611302738,60.36452077669509,46.986736940648655,32.51873081031738,86.90603790373109,153.62522386613983,nan,nan,nan,1.0,0.21908471690530368,1.0775372997615436,nan,nan,17,56.85792349261098,18.549263477970214,92.64935352598016,A1,L5,I2,T5,position_fusion,S01,X_A1_U4_P0_L5_I2_T5__S01,U4,P0,
X_A1_U4_P0_L5_I3_T1,uwb_only_control_repeated_for_matrix,Phase4 L5 single-I position row.,34,17,40661,104.39306196427793,179.1064703648487,207.44455636229566,126.68509529098873,40661,61.19040658818328,122.94459688204866,145.71251507299812,80.75485520335926,40661,66.78702973087798,150.35592555874246,177.8403109988344,97.61027983758358,106.21110129630551,200.39273513936155,121.6343135486515,138.2073547294406,170.42965250274804,86.85872938951026,61.0741488254931,49.94464832541041,33.633403816704316,99.61662176928934,177.60887430662177,nan,nan,nan,nan,nan,nan,nan,nan,17,33.29624720486596,17.083777930830934,47.30875672256073,A1,L5,I3,T1,uwb_only,S01,X_A1_U4_P0_L5_I3_T1__S01,U4,P0,
X_A1_U4_P0_L5_I3_T2,position_prior_screening,Phase4 L5 single-I position row.,34,17,40661,84.78068824356795,133.93165736285684,149.65754068135138,94.18472247570818,40661,44.68500631719709,86.81995709836679,101.87538477290583,56.75452656252804,40661,61.48216528039654,116.49116441154183,131.0015191949235,75.16439092076428,87.10985414233743,144.83614833357848,94.13053157647003,87.52154664971458,125.73746469944544,79.21807616685106,61.127295802502005,44.375339492208695,24.974368590713482,67.02987939089554,117.47800599888973,nan,nan,nan,1.0,0.6636987637776433,3.016424950850954,nan,nan,17,262.5073829818218,21.555204504953053,630.2200981927822,A1,L5,I3,T2,position_fusion,S01,X_A1_U4_P0_L5_I3_T2__S01,U4,P0,
X_A1_U4_P0_L5_I3_T3,loose_ekf_screening,Phase4 L5 single-I position row.,34,17,40661,93.10176902582212,152.43228839712017,172.78549759202016,107.8675880112121,40661,51.675960171083325,103.14084336455548,121.90037507052205,67.27973864083576,40661,62.37637657766754,131.61335124683592,150.91737324794053,84.3140161051377,95.09457150218289,168.35788951406542,106.00648645123228,114.72123254829319,144.61501216828225,82.27649063484934,64.57631677691438,49.75459786229186,31.66645020726375,77.62370360654465,141.11329584021865,nan,nan,nan,1.0,0.3040795951208154,1.5088542407227608,nan,nan,17,99.40782798729738,20.242551976817253,208.59838686257925,A1,L5,I3,T3,position_fusion,S01,X_A1_U4_P0_L5_I3_T3__S01,U4,P0,
X_A1_U4_P0_L5_I3_T4,loose_ukf_screening,Phase4 L5 single-I position row.,34,17,40661,91.5377879066473,148.7796406117411,168.0351104169667,105.27183218880958,40661,50.341482325006105,100.07440798080722,118.14612203675523,65.32572963287876,40661,61.91014265388162,128.92882001418434,147.35549373661524,82.5512428756885,94.03057933709768,163.1604767784417,103.90922701471436,110.14305222819817,140.65789698723202,83.04416894671759,65.83495112902675,48.14324307376654,31.378732715248503,73.19254819029699,136.09304975558422,nan,nan,nan,1.0,0.3874849254361667,1.9339197497266012,nan,nan,17,120.01330711438403,20.939986719539036,269.8751392801071,A1,L5,I3,T4,position_fusion,S01,X_A1_U4_P0_L5_I3_T4__S01,U4,P0,
X_A1_U4_P0_L5_I3_T5,error_state_ekf_screening,Phase4 L5 single-I position row.,34,17,40661,97.51490277282518,162.47598123408602,185.77145591372584,115.0182567552692,40661,55.34263047691678,110.80738686952553,130.98907965454674,72.51038630290894,40661,63.90150571520758,138.7037941729884,161.4169726912353,89.28293938499084,99.06175136811441,181.25813404210692,111.53424140431561,123.2003761138085,154.93567304324185,84.87651342664348,61.65883020646884,47.923141966641026,32.3815770173467,85.57013247743963,152.1579955049309,nan,nan,nan,1.0,0.2417629930629476,1.1971397594388788,nan,nan,17,61.86066914156823,18.63128163269579,104.97797076831543,A1,L5,I3,T5,position_fusion,S01,X_A1_U4_P0_L5_I3_T5__S01,U4,P0,
X_A1_U4_P0_L5_I4_T1,uwb_only_control_repeated_for_matrix,Phase4 L5 single-I position row.,34,17,40661,104.39306196427793,179.1064703648487,207.44455636229566,126.68509529098873,40661,61.19040658818328,122.94459688204866,145.71251507299812,80.75485520335926,40661,66.78702973087798,150.35592555874246,177.8403109988344,97.61027983758358,106.21110129630551,200.39273513936155,121.6343135486515,138.2073547294406,170.42965250274804,86.85872938951026,61.0741488254931,49.94464832541041,33.633403816704316,99.61662176928934,177.60887430662177,nan,nan,nan,nan,nan,nan,nan,nan,17,33.29624720486596,17.083777930830934,47.30875672256073,A1,L5,I4,T1,uwb_only,S01,X_A1_U4_P0_L5_I4_T1__S01,U4,P0,
X_A1_U4_P0_L5_I4_T2,position_prior_screening,Phase4 L5 single-I position row.,34,17,40661,83.75474552858377,133.7592460465006,151.09623859076785,94.01358675722845,40661,49.036950714702435,92.40967525558969,109.72586679982595,60.84759524950659,40661,56.49139085879597,111.53874342585112,127.44813170486236,71.66676110520933,87.0155163939763,140.93042441900405,95.0023227090907,88.8819401433922,112.87798973614454,80.6822847054683,63.775500814595745,37.393216763618625,24.298115869136893,69.71307440555631,119.68401776279626,nan,nan,nan,1.0,0.6860008571369512,2.910171077488897,nan,nan,17,399.57493418482835,21.907756147646978,718.6360977334741,A1,L5,I4,T2,position_fusion,S01,X_A1_U4_P0_L5_I4_T2__S01,U4,P0,
X_A1_U4_P0_L5_I4_T3,loose_ekf_screening,Phase4 L5 single-I position row.,34,17,40661,92.33349326836021,151.1616207990526,171.41233210195367,106.9173252115844,40661,51.94398124277171,103.39574155701621,121.59388392619425,67.31625727241067,40661,61.19405008066087,129.8133800835185,148.91430530856132,83.06525108151013,95.0723824888228,168.08240354972213,103.62918453369191,112.5525737961282,142.24296861104472,80.13947428800445,62.52010111795806,43.858406023836835,31.549245104758427,75.93340804071613,140.38986075759505,nan,nan,nan,1.0,0.33268838519998223,1.5913543543888826,nan,nan,17,108.92863978554712,20.626554094681467,248.1471308656793,A1,L5,I4,T3,position_fusion,S01,X_A1_U4_P0_L5_I4_T3__S01,U4,P0,
X_A1_U4_P0_L5_I4_T4,loose_ukf_screening,Phase4 L5 single-I position row.,34,17,40661,90.71215195515461,147.60951680899674,166.7482814182263,104.33641392076366,40661,50.96598787195651,100.64850679744427,118.61263542070715,65.61389561137166,40661,60.37378892240736,126.97714883495178,145.1622325737394,81.1227709866037,92.58179357636408,161.8850362892233,101.91293860749619,109.63479781628186,137.73657701247865,80.90333836079662,64.29788042842563,39.06692420003918,31.24828816236851,72.26007360392182,135.19933115126253,nan,nan,nan,1.0,0.42751781362173,2.029741430720804,nan,nan,17,133.81344387154883,21.051443441455376,331.6012465241189,A1,L5,I4,T4,position_fusion,S01,X_A1_U4_P0_L5_I4_T4__S01,U4,P0,
X_A1_U4_P0_L5_I4_T5,error_state_ekf_screening,Phase4 L5 single-I position row.,34,17,40661,96.81841665093586,161.50998198154474,184.3999961409326,114.14872666436695,40661,55.185815684976745,110.59439079545186,130.64102227279884,72.19663769851613,40661,63.27110745077175,137.51924161403053,159.99541859717556,88.41706455275225,99.07226021786622,179.08027044324933,109.99610318003016,122.34090871770971,153.6791667282879,84.42533896704074,60.87504865867396,47.29259597781987,32.28663996067871,85.28983766533202,151.72268114486752,nan,nan,nan,1.0,0.26400867583240684,1.2916676013152062,nan,nan,17,65.65958244936424,18.78488722887181,117.07177474591134,A1,L5,I4,T5,position_fusion,S01,X_A1_U4_P0_L5_I4_T5__S01,U4,P0,
X_A1_U4_P0_L5_I5_T1,uwb_only_control_repeated_for_matrix,Phase4 L5 single-I position row.,34,17,40661,104.39306196427793,179.1064703648487,207.44455636229566,126.68509529098873,40661,61.19040658818328,122.94459688204866,145.71251507299812,80.75485520335926,40661,66.78702973087798,150.35592555874246,177.8403109988344,97.61027983758358,106.21110129630551,200.39273513936155,121.6343135486515,138.2073547294406,170.42965250274804,86.85872938951026,61.0741488254931,49.94464832541041,33.633403816704316,99.61662176928934,177.60887430662177,nan,nan,nan,nan,nan,nan,nan,nan,17,33.29624720486596,17.083777930830934,47.30875672256073,A1,L5,I5,T1,uwb_only,S01,X_A1_U4_P0_L5_I5_T1__S01,U4,P0,
X_A1_U4_P0_L5_I5_T2,position_prior_screening,Phase4 L5 single-I position row.,34,17,40661,77.88247611010979,128.39835772519982,144.46813242078917,88.61483793595421,40661,44.400141874690206,88.05585121592117,104.36774478848481,57.27767168209003,40661,52.379531943951406,106.35606189684552,121.45126538469447,67.61551470701183,77.40790297428543,128.26864860502513,83.84422636988786,88.3891244381915,108.66272669867766,85.79573742757074,48.465150050509045,40.499752521177925,21.49117992256592,69.87071247452918,118.53521814349531,nan,nan,nan,1.0,0.785334686386894,3.2476141828206533,nan,nan,17,247.22859188039166,22.317330552545457,323.00760918850057,A1,L5,I5,T2,position_fusion,S01,X_A1_U4_P0_L5_I5_T2__S01,U4,P0,
X_A1_U4_P0_L5_I5_T3,loose_ekf_screening,Phase4 L5 single-I position row.,34,17,40661,89.06473339510099,144.99778628221725,163.94261447232705,102.3533492061613,40661,49.65248145373214,98.88730500718931,116.32310100003153,64.29830435594192,40661,59.54766730966526,124.9649828394256,142.98231431939348,79.63627408831393,91.77793209236168,158.79015888923135,99.4373698958436,108.4968148486561,135.38696586402259,84.52305140730297,64.82913500533307,42.73648257660932,31.11692844033209,71.75045313280103,132.31461492643834,nan,nan,nan,1.0,0.391643743891164,1.866592691769732,nan,nan,17,137.86228120656958,20.94456204528393,317.5221320544787,A1,L5,I5,T3,position_fusion,S01,X_A1_U4_P0_L5_I5_T3__S01,U4,P0,
X_A1_U4_P0_L5_I5_T4,loose_ukf_screening,Phase4 L5 single-I position row.,34,17,40661,87.13437422423858,141.21521829452107,159.96585255161995,99.59395153966193,40661,48.3128997396668,96.29530984795247,112.99864659174084,62.48871048347353,40661,58.61612939685256,121.79175792997171,139.00494547718506,77.55073336466363,89.49202158906606,153.04988469161913,97.32650042232353,104.92595298808246,130.64225541358127,83.3269308936298,64.11148929671418,39.36558851250868,30.527428729544425,69.2037213161234,127.17740935877352,nan,nan,nan,1.0,0.49097202943204626,2.339433290587105,nan,nan,17,163.0717200268072,21.037335003418548,388.5418026150963,A1,L5,I5,T4,position_fusion,S01,X_A1_U4_P0_L5_I5_T4__S01,U4,P0,
X_A1_U4_P0_L5_I5_T5,error_state_ekf_screening,Phase4 L5 single-I position row.,34,17,40661,94.17992864978764,156.118307783065,177.64634832181522,110.18718286945565,40661,53.4144921484123,106.66135852178287,125.968515990426,69.55142930064605,40661,62.036021558337325,133.31446990787288,154.21326657660597,85.46235399837812,96.73868154698059,171.54761356027814,106.13744543514694,119.64661800541118,147.18249908145344,84.34654854812544,62.68211072313538,46.04506942872911,31.94119800537274,81.69474146226139,149.12745718387777,nan,nan,nan,1.0,0.33289088161484637,1.6196699545381874,nan,nan,17,82.47534141001458,19.590182618862798,159.43924879050783,A1,L5,I5,T5,position_fusion,S01,X_A1_U4_P0_L5_I5_T5__S01,U4,P0,
X_A1_U4_P0_L5_I6_T1,uwb_only_control_repeated_for_matrix,Phase4 L5 single-I position row.,34,17,40661,104.39306196427793,179.1064703648487,207.44455636229566,126.68509529098873,40661,61.19040658818328,122.94459688204866,145.71251507299812,80.75485520335926,40661,66.78702973087798,150.35592555874246,177.8403109988344,97.61027983758358,106.21110129630551,200.39273513936155,121.6343135486515,138.2073547294406,170.42965250274804,86.85872938951026,61.0741488254931,49.94464832541041,33.633403816704316,99.61662176928934,177.60887430662177,nan,nan,nan,nan,nan,nan,nan,nan,17,33.29624720486596,17.083777930830934,47.30875672256073,A1,L5,I6,T1,uwb_only,S01,X_A1_U4_P0_L5_I6_T1__S01,U4,P0,
X_A1_U4_P0_L5_I6_T2,position_prior_screening,Phase4 L5 single-I position row.,34,17,40661,84.57905715827657,132.40294146141537,147.52786770659293,93.59269890852849,40661,49.19436074737841,90.0781806389827,104.45912644075928,59.58631594090203,40661,58.21768932716054,112.50515978125463,128.08220774961433,72.17384735188692,81.38752731330806,135.83593748326035,91.06150696854732,96.93420185602528,113.72637221808273,84.33667043934489,63.989381866499045,34.2642195271095,24.216583632988602,63.66724010452352,106.16089186557909,nan,nan,nan,1.0,0.7902406808969817,3.3447482261677512,nan,nan,17,361.70530496421327,22.81792642603898,839.6864306413936,A1,L5,I6,T2,position_fusion,S01,X_A1_U4_P0_L5_I6_T2__S01,U4,P0,
X_A1_U4_P0_L5_I6_T3,loose_ekf_screening,Phase4 L5 single-I position row.,34,17,40661,91.12136045154648,147.58522967664527,167.03892888098142,104.66682864558086,40661,51.06310022629823,100.11894515211513,117.41817610092922,65.51954588004449,40661,61.19489137904759,127.64488544556616,146.20065590791432,81.62312249844484,91.23870980200962,162.11717187790754,101.57231230205038,110.76031927727013,138.02989829700937,81.95418778844159,64.32550838698792,44.934343884160285,31.354138394731876,72.94491735618033,135.3009704173476,nan,nan,nan,1.0,0.3694183545319924,1.7752283452312994,nan,nan,17,124.61667791065179,21.14833025293086,286.06282283377686,A1,L5,I6,T3,position_fusion,S01,X_A1_U4_P0_L5_I6_T3__S01,U4,P0,
X_A1_U4_P0_L5_I6_T4,loose_ukf_screening,Phase4 L5 single-I position row.,34,17,40661,89.44747635081222,144.03495249997064,162.8129510660666,102.1116206891735,40661,50.092702736631004,97.41176692702261,114.10345380289742,63.75802274292696,40661,60.39714024515865,124.73190331298565,142.477698154559,79.76025085017008,88.5596742705853,156.8535614259108,98.86127640565604,107.1073156731724,132.38473226540526,82.24906986459297,63.75353340369105,40.886763526066034,31.038535228996267,69.95922470200765,130.64070010088892,nan,nan,nan,1.0,0.4688171764364327,2.216553792193043,nan,nan,17,151.43416705278648,21.311153373347736,372.3246813906613,A1,L5,I6,T4,position_fusion,S01,X_A1_U4_P0_L5_I6_T4__S01,U4,P0,
X_A1_U4_P0_L5_I6_T5,error_state_ekf_screening,Phase4 L5 single-I position row.,34,17,40661,95.54878008913529,158.2878881104995,180.54181869117699,112.06245313691193,40661,54.27626513866219,108.17268338361036,127.61151128781876,70.6576018122982,40661,63.07246187310511,135.3820621269889,157.0075182663013,86.9798638145479,97.57283310254508,175.27712569476392,108.03135227505666,120.31512071994939,150.56433020989473,84.53769177814922,62.9244057474796,44.9138856344,32.10242648384201,83.29760836604652,150.4092523299332,nan,nan,nan,1.0,0.30453996876170764,1.4976806114701962,nan,nan,17,74.23265641091982,19.25403092718841,137.00973185594486,A1,L5,I6,T5,position_fusion,S01,X_A1_U4_P0_L5_I6_T5__S01,U4,P0,
X_A1_U4_P0_L5_I7_T1,uwb_only_control_repeated_for_matrix,Phase4 L5 single-I position row.,34,17,40661,104.39306196427793,179.1064703648487,207.44455636229566,126.68509529098873,40661,61.19040658818328,122.94459688204866,145.71251507299812,80.75485520335926,40661,66.78702973087798,150.35592555874246,177.8403109988344,97.61027983758358,106.21110129630551,200.39273513936155,121.6343135486515,138.2073547294406,170.42965250274804,86.85872938951026,61.0741488254931,49.94464832541041,33.633403816704316,99.61662176928934,177.60887430662177,nan,nan,nan,nan,nan,nan,nan,nan,17,33.29624720486596,17.083777930830934,47.30875672256073,A1,L5,I7,T1,uwb_only,S01,X_A1_U4_P0_L5_I7_T1__S01,U4,P0,
X_A1_U4_P0_L5_I7_T2,position_prior_screening,Phase4 L5 single-I position row.,34,17,40661,87.11932054404373,141.75936834548432,159.23675864668132,98.40247777425499,40661,50.5681869003678,98.37903954115689,115.2373761693366,63.94135138552219,40661,56.80497631746664,118.19996940827286,136.06111085804514,74.7967326499355,86.47474564251563,146.7171218914736,93.77848668632083,101.21332342433121,116.60540093421761,89.99467752017877,69.29206640617096,45.07062962448765,25.93228095676625,71.59777681416634,127.93318057746109,nan,nan,nan,1.0,0.6991213752082575,2.938747387710076,nan,nan,17,240.73417497393731,21.11788964364723,637.4701047760773,A1,L5,I7,T2,position_fusion,S01,X_A1_U4_P0_L5_I7_T2__S01,U4,P0,
X_A1_U4_P0_L5_I7_T3,loose_ekf_screening,Phase4 L5 single-I position row.,34,17,40661,94.33044554417972,154.65392198824702,175.32846539214327,109.38629658296307,40661,53.255420207999,106.14392413078205,125.42825600083788,69.27495709628188,40661,61.741858742599334,132.18619359369586,152.18828522149397,84.65425092364981,96.60920917969152,170.84770470855676,106.40247757412142,118.14771923622965,147.04406656858794,85.73245530568033,64.31016260747319,47.722597881395245,31.834012307594293,79.9493899761193,144.48292535234737,nan,nan,nan,1.0,0.2991475430667401,1.434246546613367,nan,nan,17,91.33831734882892,20.002533862113978,186.88664122533953,A1,L5,I7,T3,position_fusion,S01,X_A1_U4_P0_L5_I7_T3__S01,U4,P0,
X_A1_U4_P0_L5_I7_T4,loose_ukf_screening,Phase4 L5 single-I position row.,34,17,40661,92.74971535639351,151.26167862832057,170.8192153999317,106.93801149453864,40661,52.24754497746098,103.84325832118638,122.27415582775437,67.72484048182731,40661,60.93306782468994,129.5796443632571,148.67080387706312,82.75919455937886,94.22099708866382,166.39708082408816,103.70442401761592,114.68062473420508,141.45931402641935,85.64403487766845,65.16583143544452,46.55980344736338,31.575415083276624,75.42451916910585,138.55216879630873,nan,nan,nan,1.0,0.393472030098027,1.847001861948911,nan,nan,17,109.93687887651504,20.786805450727286,242.64114713483755,A1,L5,I7,T4,position_fusion,S01,X_A1_U4_P0_L5_I7_T4__S01,U4,P0,
X_A1_U4_P0_L5_I7_T5,error_state_ekf_screening,Phase4 L5 single-I position row.,34,17,40661,98.20576285037838,164.2180543389671,188.0331234302828,116.18748034027763,40661,56.30895089956516,112.58692217273811,132.95643327558722,73.71952695128348,40661,63.6743999386083,139.24818660570895,162.82526831838118,89.80513311554853,101.5013760686783,180.9275731601786,112.84419761015307,126.32009641888669,155.7841081138381,86.4257599055459,60.79672146030991,48.6274703602067,32.50426877969457,86.9483743137849,154.6402405387404,nan,nan,nan,1.0,0.22658102189150223,1.1074186731424858,nan,nan,17,57.9905139973188,18.545397728477894,95.69095085881051,A1,L5,I7,T5,position_fusion,S01,X_A1_U4_P0_L5_I7_T5__S01,U4,P0,
X_A1_U4_P0_L5_I8_T1,uwb_only_control_repeated_for_matrix,Phase4 L5 single-I position row.,34,17,40661,104.39306196427793,179.1064703648487,207.44455636229566,126.68509529098873,40661,61.19040658818328,122.94459688204866,145.71251507299812,80.75485520335926,40661,66.78702973087798,150.35592555874246,177.8403109988344,97.61027983758358,106.21110129630551,200.39273513936155,121.6343135486515,138.2073547294406,170.42965250274804,86.85872938951026,61.0741488254931,49.94464832541041,33.633403816704316,99.61662176928934,177.60887430662177,nan,nan,nan,nan,nan,nan,nan,nan,17,33.29624720486596,17.083777930830934,47.30875672256073,A1,L5,I8,T1,uwb_only,S01,X_A1_U4_P0_L5_I8_T1__S01,U4,P0,
X_A1_U4_P0_L5_I8_T2,position_prior_screening,Phase4 L5 single-I position row.,34,17,40661,87.46300580057996,139.35234218816382,157.35440054819648,98.1395461441336,40661,51.217019407860825,93.70002487069826,109.39953580026062,62.35652074764434,40661,58.31654985242437,116.52693773611213,135.65555433411532,75.7828136032513,85.45025160476705,142.44857716646663,95.31169154962902,96.11607917977511,110.80213544959233,85.04930701444282,56.7017527640549,35.84940728960055,23.46748858463721,69.45039181930102,121.47288577950408,nan,nan,nan,1.0,0.7502431261991136,3.1914203079545818,nan,nan,17,302.32491541506266,22.153799450905808,578.9613162265491,A1,L5,I8,T2,position_fusion,S01,X_A1_U4_P0_L5_I8_T2__S01,U4,P0,
X_A1_U4_P0_L5_I8_T3,loose_ekf_screening,Phase4 L5 single-I position row.,34,17,40661,92.62200286989679,150.6425635182399,170.8583606843055,106.62322353695112,40661,52.165249128333386,102.63508733287011,120.91591031471883,67.04225150324224,40661,61.35751701394406,129.52696264546478,148.49022997546274,82.90867452074396,94.08461306969119,167.9880118672291,102.83957037613452,113.54753973312536,138.84586321598445,82.8655002210775,61.713274463568624,45.70717833289643,31.470003036078708,76.32154888570147,142.58117879555942,nan,nan,nan,1.0,0.35514855537143164,1.6706786642091513,nan,nan,17,114.89088133301244,20.87868347579655,267.7127046759794,A1,L5,I8,T3,position_fusion,S01,X_A1_U4_P0_L5_I8_T3__S01,U4,P0,
X_A1_U4_P0_L5_I8_T4,loose_ukf_screening,Phase4 L5 single-I position row.,34,17,40661,91.38453855558821,147.55225361044995,166.84473783762286,104.36115765551925,40661,51.36520283788482,100.31474793346798,117.97120304885033,65.51066219085575,40661,60.8393673883287,126.72931326792275,145.31045010098183,81.23794905409494,92.13899037517973,163.3621157618615,101.4867852883496,110.75717904564335,134.92535362114936,83.02555751061121,61.802810305442655,42.22618102477054,31.165155305019113,75.22451706887395,140.13729353909414,nan,nan,nan,1.0,0.45504476083557005,2.113661202043413,nan,nan,17,138.05600092384975,20.948385443922803,349.5879250181255,A1,L5,I8,T4,position_fusion,S01,X_A1_U4_P0_L5_I8_T4__S01,U4,P0,
X_A1_U4_P0_L5_I8_T5,error_state_ekf_screening,Phase4 L5 single-I position row.,34,17,40661,96.61532375713504,160.4710003159767,182.54870536519724,113.39471916056164,40661,55.04823791583533,109.70790409741137,129.53772289478792,71.6663072544792,40661,63.229216302525174,136.6133167892965,158.7490290969663,87.87663362924883,99.1250767518678,177.9786716307934,109.00287535502197,122.43770809861971,151.00636127900168,84.64070072482994,60.705255165236764,46.592472118423245,32.19961652534215,84.18544749286453,151.2508090901694,nan,nan,nan,1.0,0.28527017889019746,1.4126283660708552,nan,nan,17,70.13866628180749,19.0050767509166,128.36174097522485,A1,L5,I8,T5,position_fusion,S01,X_A1_U4_P0_L5_I8_T5__S01,U4,P0,
X_A1_U4_P1_L5_I0_T1,uwb_only_control_repeated_for_matrix,Phase4 L5 single-I position row.,34,17,40661,93.79402440394243,150.82622867436444,168.99890999024663,105.26909885027946,40661,53.11987759865106,103.67313494224118,122.21807655412313,67.65746234959202,40661,62.43380162545304,128.30623631350818,146.73789323806022,80.64769656452344,95.52559891319765,161.41822243419296,104.07694729078656,114.53810931370191,142.05209062954765,85.91649715016256,59.63554261038051,52.01984456762301,27.646491746838166,74.21334065688582,130.84016838832844,nan,nan,nan,nan,nan,nan,nan,nan,17,130.23784228260755,16.853405437036315,232.81532976896597,A1,L5,I0,T1,uwb_only,S01,X_A1_U4_P1_L5_I0_T1__S01,U4,P1,
X_A1_U4_P1_L5_I0_T2,position_prior_screening,Phase4 L5 single-I position row.,34,17,40661,91.53066827048873,146.20136043820236,163.43351563335415,101.83992845561706,40661,50.47497914014166,96.66475885618564,112.92232787232238,63.029819442621196,40661,62.66775918439612,127.91770227950587,145.82825452343582,79.99133008567725,93.75279253796555,157.0343534799728,103.48818105659407,106.95293747708422,135.55889127351483,83.50643267076224,62.20408640390542,50.105532868288435,26.040770709250296,66.5307010949318,118.65849932676295,nan,nan,nan,1.0,0.31702594850563726,1.3247434251645909,nan,nan,17,222.9063754401829,21.087393431441853,422.075006910776,A1,L5,I0,T2,position_fusion,S01,X_A1_U4_P1_L5_I0_T2__S01,U4,P1,
X_A1_U4_P1_L5_I0_T3,loose_ekf_screening,Phase4 L5 single-I position row.,34,17,40661,92.20368870535252,147.53025734840915,165.2053368285582,103.08988751784109,40661,51.24401983193271,100.33086899754393,117.62378556089375,65.34789952434743,40661,62.212090924791596,126.77555865216004,144.6997639209461,79.73190663841497,94.587817116378,158.19778220220286,100.83992446564784,109.83231061623835,139.35335931290288,83.37151705947241,60.09719791966692,51.262512635175426,27.286525449927012,71.75126663184973,127.78559839703439,nan,nan,nan,1.0,0.05858468918029244,0.26820858930245806,nan,nan,17,144.67552189114937,17.468064817495872,267.6442530089548,A1,L5,I0,T3,position_fusion,S01,X_A1_U4_P1_L5_I0_T3__S01,U4,P1,
X_A1_U4_P1_L5_I0_T4,loose_ukf_screening,Phase4 L5 single-I position row.,34,17,40661,91.89737114935136,146.7023977803993,164.34008486299038,102.5489168132809,40661,50.833629332827655,99.44708898555585,116.40129194892947,64.75003946702934,40661,62.151158769449694,126.16780791455471,143.96424652554163,79.5217751851362,93.732113463029,158.1340230866972,100.3307754379228,108.62327629242597,138.93755623958356,82.91697650090383,60.37341942147159,51.371261487286745,27.20996193943887,70.75860540438978,126.79588793524795,nan,nan,nan,1.0,0.08719086226683169,0.39352977840045006,nan,nan,17,150.17441380404148,17.60057365210838,280.90372630013826,A1,L5,I0,T4,position_fusion,S01,X_A1_U4_P1_L5_I0_T4__S01,U4,P1,
X_A1_U4_P1_L5_I0_T5,error_state_ekf_screening,Phase4 L5 single-I position row.,34,17,40661,93.14473875079453,149.2254156491494,167.15852577789474,104.2733864856967,40661,52.26637096011632,102.04973278642507,120.24505507545273,66.61608014704095,40661,62.33093356798088,127.58295158356304,145.76625916053604,80.21992891444428,95.25760518490694,160.86629291069073,102.76710071386219,113.98357067930246,141.54104747358247,84.29143288144483,59.58488915705763,50.954618000354515,27.492711578049978,73.15627106096815,129.98722633807733,nan,nan,nan,1.0,0.030028467866018718,0.13988205724947766,nan,nan,17,135.79960731300815,17.049617619257617,246.10517976565444,A1,L5,I0,T5,position_fusion,S01,X_A1_U4_P1_L5_I0_T5__S01,U4,P1,
X_A1_U4_P1_L5_I1_T1,uwb_only_control_repeated_for_matrix,Phase4 L5 single-I position row.,34,17,40661,93.79402440394243,150.82622867436444,168.99890999024663,105.26909885027946,40661,53.11987759865106,103.67313494224118,122.21807655412313,67.65746234959202,40661,62.43380162545304,128.30623631350818,146.73789323806022,80.64769656452344,95.52559891319765,161.41822243419296,104.07694729078656,114.53810931370191,142.05209062954765,85.91649715016256,59.63554261038051,52.01984456762301,27.646491746838166,74.21334065688582,130.84016838832844,nan,nan,nan,nan,nan,nan,nan,nan,17,130.23784228260755,16.853405437036315,232.81532976896597,A1,L5,I1,T1,uwb_only,S01,X_A1_U4_P1_L5_I1_T1__S01,U4,P1,
X_A1_U4_P1_L5_I1_T2,position_prior_screening,Phase4 L5 single-I position row.,34,17,40661,85.51121489942152,135.92762809527866,150.1446769126658,95.00121547158223,40661,47.18726798172012,91.70049304954705,107.64235241823917,59.499942715395704,40661,60.46540004217559,115.57808650410789,130.04216866361776,74.06070319638225,84.27799931448726,141.69024553192259,91.4831130737349,89.96201039037408,118.76201254666644,83.10121377817103,62.4083578549214,35.64832565459136,22.973539070209995,59.16933638793208,97.34003309361759,nan,nan,nan,1.0,0.43672426179048884,1.7012091181526636,nan,nan,17,274.23283122672433,21.86248254205418,721.7803336712103,A1,L5,I1,T2,position_fusion,S01,X_A1_U4_P1_L5_I1_T2__S01,U4,P1,
X_A1_U4_P1_L5_I1_T3,loose_ekf_screening,Phase4 L5 single-I position row.,34,17,40661,89.35734224148086,141.7215028965463,157.75311453689963,99.19381115385673,40661,48.99049936438873,95.48155806302202,111.03929897814777,62.19430451763564,40661,61.01613137569154,122.25445612619387,138.72888797334315,77.27406199233089,90.69847022433446,154.8370020995921,98.286466185096,104.45086603807088,134.3021184000414,84.13186054455463,66.59328022825144,47.18366224991007,26.845240343497807,65.86509964906496,118.73360950077299,nan,nan,nan,1.0,0.12361698499703287,0.5546652331615927,nan,nan,17,178.41639088141434,19.278639864980164,341.38934683782384,A1,L5,I1,T3,position_fusion,S01,X_A1_U4_P1_L5_I1_T3__S01,U4,P1,
X_A1_U4_P1_L5_I1_T4,loose_ukf_screening,Phase4 L5 single-I position row.,34,17,40661,88.50181977732926,140.0991601052298,155.54247007340317,98.11209133801181,40661,48.49281165814538,93.83611545527496,109.1085317071598,61.286858526101646,40661,60.896570126436245,121.03008124821929,136.86280615844976,76.61529507037072,90.41195233348418,152.07327979531868,97.0677483994411,103.09580723652286,133.30954744357814,84.19269142279441,67.89192077707548,46.65625472738918,26.517299373093635,64.31377242519706,115.90553575574233,nan,nan,nan,1.0,0.17441055223150756,0.7639546425210815,nan,nan,17,194.1787530014383,19.949964965836557,402.5125949057636,A1,L5,I1,T4,position_fusion,S01,X_A1_U4_P1_L5_I1_T4__S01,U4,P1,
X_A1_U4_P1_L5_I1_T5,error_state_ekf_screening,Phase4 L5 single-I position row.,34,17,40661,91.31598135077071,145.78724749666694,162.91118977584748,101.88323030288988,40661,50.60368447297656,99.26505912064306,115.87562585468851,64.54454998643236,40661,61.551088331692654,125.0694586449024,142.39067848977425,78.83015719888319,92.73049671680141,157.40399434695695,101.25836061176895,108.98712195089321,139.21431399013443,84.12097347456145,62.75906090837539,49.37534121344231,27.141410747828218,69.70036098157985,124.76528955690404,nan,nan,nan,1.0,0.07811728581247471,0.3748566658470578,nan,nan,17,150.76331419589619,17.910084962902545,280.8817176412949,A1,L5,I1,T5,position_fusion,S01,X_A1_U4_P1_L5_I1_T5__S01,U4,P1,
X_A1_U4_P1_L5_I2_T1,uwb_only_control_repeated_for_matrix,Phase4 L5 single-I position row.,34,17,40661,93.79402440394243,150.82622867436444,168.99890999024663,105.26909885027946,40661,53.11987759865106,103.67313494224118,122.21807655412313,67.65746234959202,40661,62.43380162545304,128.30623631350818,146.73789323806022,80.64769656452344,95.52559891319765,161.41822243419296,104.07694729078656,114.53810931370191,142.05209062954765,85.91649715016256,59.63554261038051,52.01984456762301,27.646491746838166,74.21334065688582,130.84016838832844,nan,nan,nan,nan,nan,nan,nan,nan,17,130.23784228260755,16.853405437036315,232.81532976896597,A1,L5,I2,T1,uwb_only,S01,X_A1_U4_P1_L5_I2_T1__S01,U4,P1,
X_A1_U4_P1_L5_I2_T2,position_prior_screening,Phase4 L5 single-I position row.,34,17,40661,85.86955844544832,137.28160630993239,152.01236331086182,95.36894142271727,40661,47.94194121115646,93.98584701998378,109.59566078676555,60.57592126469771,40661,58.474119739820935,117.08854957154063,132.98395911874707,73.65998066129818,88.20491024188456,143.71815628338197,94.57711550406846,95.55768735498825,112.48170839596011,78.42149896182505,60.1739659378859,39.363569702519385,22.759653208960202,67.1850710070037,112.95279529689458,nan,nan,nan,1.0,0.4765017449018243,1.7716453479216234,nan,nan,17,209.81074971699712,22.05582243367155,207.33144790078512,A1,L5,I2,T2,position_fusion,S01,X_A1_U4_P1_L5_I2_T2__S01,U4,P1,
X_A1_U4_P1_L5_I2_T3,loose_ekf_screening,Phase4 L5 single-I position row.,34,17,40661,88.89163293948936,141.51011062237055,157.35611204314688,98.80335355212732,40661,48.76671023992102,94.82724455868946,111.11797929872561,61.87875112356646,40661,60.687492169677625,122.38310027291163,138.7322020348879,77.02676698742064,91.82990311263461,150.17522049731872,99.82898404555793,101.73125705507601,134.11757864955223,80.8282071289831,60.80603380232517,50.33946409975886,26.868349196861743,65.91999164741053,118.71170371113553,nan,nan,nan,1.0,0.13080048899666014,0.572404977658237,nan,nan,17,176.04000334171332,19.388522083475607,332.7567761565865,A1,L5,I2,T3,position_fusion,S01,X_A1_U4_P1_L5_I2_T3__S01,U4,P1,
X_A1_U4_P1_L5_I2_T4,loose_ukf_screening,Phase4 L5 single-I position row.,34,17,40661,88.00769408880471,139.92082664316422,155.1339954460784,97.68437322249828,40661,48.27699379578919,93.26669617827045,109.13827126772445,60.965076323874264,40661,60.322280210712165,121.19335204868707,137.17656046320144,76.32493852402716,90.660644338639,149.6864825516946,99.36838653727261,99.19204965200939,134.20599765005224,80.67744383225522,62.26402474877307,50.11427894100484,26.459575759509164,64.78874366156933,116.12109545790773,nan,nan,nan,1.0,0.18275042357339896,0.7734290983077561,nan,nan,17,187.8644751017807,20.0751940100223,356.99033915647317,A1,L5,I2,T4,position_fusion,S01,X_A1_U4_P1_L5_I2_T4__S01,U4,P1,
X_A1_U4_P1_L5_I2_T5,error_state_ekf_screening,Phase4 L5 single-I position row.,34,17,40661,91.0606032229612,145.42825395245106,162.6520779907529,101.63106833883215,40661,50.43086092358424,98.92239174360675,115.82167800498046,64.3208675087264,40661,61.39366913725905,125.02474414451376,142.42711084198777,78.68735638345743,93.9092066868561,156.08147815291844,101.57611300385375,107.45935630249451,137.35846641153057,83.06406003915149,58.35707840866172,50.581490787019106,27.154789142562464,69.30802603791544,124.58337640566037,nan,nan,nan,1.0,0.08331100421542001,0.39426982878383754,nan,nan,17,151.1475550712596,17.97360517577664,279.4502989985534,A1,L5,I2,T5,position_fusion,S01,X_A1_U4_P1_L5_I2_T5__S01,U4,P1,
X_A1_U4_P1_L5_I3_T1,uwb_only_control_repeated_for_matrix,Phase4 L5 single-I position row.,34,17,40661,93.79402440394243,150.82622867436444,168.99890999024663,105.26909885027946,40661,53.11987759865106,103.67313494224118,122.21807655412313,67.65746234959202,40661,62.43380162545304,128.30623631350818,146.73789323806022,80.64769656452344,95.52559891319765,161.41822243419296,104.07694729078656,114.53810931370191,142.05209062954765,85.91649715016256,59.63554261038051,52.01984456762301,27.646491746838166,74.21334065688582,130.84016838832844,nan,nan,nan,nan,nan,nan,nan,nan,17,130.23784228260755,16.853405437036315,232.81532976896597,A1,L5,I3,T1,uwb_only,S01,X_A1_U4_P1_L5_I3_T1__S01,U4,P1,
X_A1_U4_P1_L5_I3_T2,position_prior_screening,Phase4 L5 single-I position row.,34,17,40661,83.25151293423626,128.6972623769965,141.474722583218,90.72267960294333,40661,42.83804783477581,82.02696725284557,95.84961666129848,53.725483825173576,40661,62.16783395318987,113.12621295882457,125.65572857135271,73.10387802359958,85.19731895976906,136.06252749361335,90.27784410541878,82.42770221960097,121.72457019321917,78.25077310100102,58.979587836544354,46.806240401634,21.691060022659713,66.60379018875975,115.99231558346938,nan,nan,nan,1.0,0.40175126212719847,1.5782536331245691,nan,nan,17,308.5432079411084,21.951525945542414,715.5546488862274,A1,L5,I3,T2,position_fusion,S01,X_A1_U4_P1_L5_I3_T2__S01,U4,P1,
X_A1_U4_P1_L5_I3_T3,loose_ekf_screening,Phase4 L5 single-I position row.,34,17,40661,88.45927225169699,140.00812488243972,155.33718470511332,98.05837935863192,40661,47.62843148911127,92.99766157303478,108.71849637075714,60.67357954852194,40661,61.16989606081529,121.8248165326097,137.86067943925127,77.03351548002044,91.59621126990278,150.8096226284062,97.7318196684812,99.6681877421019,133.20490845872683,80.27269380024603,65.25117743460353,46.13522289155969,26.65287852233712,64.70893620521439,116.62626759202371,nan,nan,nan,1.0,0.131709302139986,0.5861146014904024,nan,nan,17,190.97227894769674,19.877883083796462,370.3618377695236,A1,L5,I3,T3,position_fusion,S01,X_A1_U4_P1_L5_I3_T3__S01,U4,P1,
X_A1_U4_P1_L5_I3_T4,loose_ukf_screening,Phase4 L5 single-I position row.,34,17,40661,87.53963968935781,137.93214974916168,152.85226149830365,96.77123456957935,40661,46.79086955837381,90.8171139048753,106.32846229144089,59.44039420088769,40661,61.21715646828022,120.82535444945654,135.93515262221308,76.3643331494725,90.80537922152047,147.8979116905705,96.51894970218336,96.15781669641179,130.79353964467805,81.60192098244947,66.48705422720906,46.71490264125413,26.136309764220016,63.06944637898634,113.86471404874456,nan,nan,nan,1.0,0.18053457489914226,0.7823374160353813,nan,nan,17,209.68453772578533,20.65938586882288,441.4614468303623,A1,L5,I3,T4,position_fusion,S01,X_A1_U4_P1_L5_I3_T4__S01,U4,P1,
X_A1_U4_P1_L5_I3_T5,error_state_ekf_screening,Phase4 L5 single-I position row.,34,17,40661,90.86052740850567,144.69365413392916,161.72387151675136,101.16727960199944,40661,49.78556218486805,97.8602078238422,114.38519600006177,63.66159977501144,40661,61.718892028213986,124.65948892767813,141.94171428612094,78.62581749117395,93.48326014824238,156.49837214726645,100.36931760686196,106.4966118408087,137.15462198334444,82.7685591097877,62.31938773087617,50.571109876090816,27.093295679303765,68.5500979899284,123.58509105950446,nan,nan,nan,1.0,0.09119642373413148,0.42842717642586925,nan,nan,17,156.8581959399827,18.23739251617451,296.1020848969836,A1,L5,I3,T5,position_fusion,S01,X_A1_U4_P1_L5_I3_T5__S01,U4,P1,
X_A1_U4_P1_L5_I4_T1,uwb_only_control_repeated_for_matrix,Phase4 L5 single-I position row.,34,17,40661,93.79402440394243,150.82622867436444,168.99890999024663,105.26909885027946,40661,53.11987759865106,103.67313494224118,122.21807655412313,67.65746234959202,40661,62.43380162545304,128.30623631350818,146.73789323806022,80.64769656452344,95.52559891319765,161.41822243419296,104.07694729078656,114.53810931370191,142.05209062954765,85.91649715016256,59.63554261038051,52.01984456762301,27.646491746838166,74.21334065688582,130.84016838832844,nan,nan,nan,nan,nan,nan,nan,nan,17,130.23784228260755,16.853405437036315,232.81532976896597,A1,L5,I4,T1,uwb_only,S01,X_A1_U4_P1_L5_I4_T1__S01,U4,P1,
X_A1_U4_P1_L5_I4_T2,position_prior_screening,Phase4 L5 single-I position row.,34,17,40661,82.35262894279873,127.88178023432395,142.72566699344054,90.64866376860566,40661,47.43158744124399,87.43169128417516,103.93436480086324,58.221115702495815,40661,57.203855388018496,107.74175856794773,120.91373210991907,69.48008296908053,83.53175348798305,133.003506994463,91.25567521381979,84.02740733940158,108.40011590974771,81.72668687548546,62.37127919838399,39.516211571489976,21.16916115945321,68.60973593434827,116.0182094847894,nan,nan,nan,1.0,0.42339928621209955,1.6503215804005795,nan,nan,17,484.43800352209644,22.803088095500698,820.0880227001741,A1,L5,I4,T2,position_fusion,S01,X_A1_U4_P1_L5_I4_T2__S01,U4,P1,
X_A1_U4_P1_L5_I4_T3,loose_ekf_screening,Phase4 L5 single-I position row.,34,17,40661,87.96378089726947,139.47877259044463,154.73816775580718,97.56258820498014,40661,48.29402241935963,93.58614731897126,109.3791841285664,61.06409808803869,40661,59.85915158988678,120.62995550126766,136.23177264768623,76.08964806035655,90.25517060426223,149.29503356695784,96.39055658610803,100.43953847472619,127.95794327209539,80.65946644340329,62.48665338109613,43.040832411217025,26.502173583548768,64.23069842605707,115.64040054146494,nan,nan,nan,1.0,0.14243500498442702,0.6404380094111988,nan,nan,17,203.70141541610704,20.249999957360387,447.6243121144277,A1,L5,I4,T3,position_fusion,S01,X_A1_U4_P1_L5_I4_T3__S01,U4,P1,
X_A1_U4_P1_L5_I4_T4,loose_ukf_screening,Phase4 L5 single-I position row.,34,17,40661,86.94729983266363,137.5166052818646,152.18749122835067,96.24280441768269,40661,47.66540437187339,91.89185800986697,107.36419136648435,60.07984121059118,40661,59.49077099834767,119.34269608166755,134.20079776283524,75.1870340038126,88.98039554462525,145.653571090977,95.51419268158921,97.00346109708795,126.45340674851485,81.14434717429754,61.70647415146567,43.316943922276664,26.01701118642427,62.59444557406656,113.21691552799916,nan,nan,nan,1.0,0.19473200201934088,0.850604402519296,nan,nan,17,229.28894976225618,21.10314919913378,559.1592062212621,A1,L5,I4,T4,position_fusion,S01,X_A1_U4_P1_L5_I4_T4__S01,U4,P1,
X_A1_U4_P1_L5_I4_T5,error_state_ekf_screening,Phase4 L5 single-I position row.,34,17,40661,90.49522612898396,144.21003052640947,160.97879352215693,100.80205033692692,40661,49.95524711449276,97.83873595831915,114.33611425152719,63.68242679315645,40661,61.13383339570976,123.93890984262453,141.40607311087638,78.13835082635555,92.81038875141147,155.64727022496282,100.04665009605297,107.00983255025406,135.2331460867849,83.2095828312139,61.45341580252685,49.81546038729891,27.08717875506096,68.18925073553945,122.85842091768109,nan,nan,nan,1.0,0.09674739695147277,0.4689476104449074,nan,nan,17,161.07004334110195,18.439974686197672,301.26115787913045,A1,L5,I4,T5,position_fusion,S01,X_A1_U4_P1_L5_I4_T5__S01,U4,P1,
X_A1_U4_P1_L5_I5_T1,uwb_only_control_repeated_for_matrix,Phase4 L5 single-I position row.,34,17,40661,93.79402440394243,150.82622867436444,168.99890999024663,105.26909885027946,40661,53.11987759865106,103.67313494224118,122.21807655412313,67.65746234959202,40661,62.43380162545304,128.30623631350818,146.73789323806022,80.64769656452344,95.52559891319765,161.41822243419296,104.07694729078656,114.53810931370191,142.05209062954765,85.91649715016256,59.63554261038051,52.01984456762301,27.646491746838166,74.21334065688582,130.84016838832844,nan,nan,nan,nan,nan,nan,nan,nan,17,130.23784228260755,16.853405437036315,232.81532976896597,A1,L5,I5,T1,uwb_only,S01,X_A1_U4_P1_L5_I5_T1__S01,U4,P1,
X_A1_U4_P1_L5_I5_T2,position_prior_screening,Phase4 L5 single-I position row.,34,17,40661,76.39343869505059,124.00614956882046,138.79332177472216,85.99547202516,40661,42.95861804575375,84.61656390480498,99.959605791312,55.03495836404247,40661,52.657260838332945,104.1401537073341,116.71312787534544,66.07854846089002,76.87632458497158,122.17642007798847,81.96176153578048,86.35508408921274,103.713802005985,80.35600259714869,48.125407327068444,40.998546000702845,18.691699770956404,69.71423242644832,113.89147253895874,nan,nan,nan,1.0,0.5200598644481078,1.8133815457393492,nan,nan,17,263.2699540745087,24.039555771613777,347.71512553335384,A1,L5,I5,T2,position_fusion,S01,X_A1_U4_P1_L5_I5_T2__S01,U4,P1,
X_A1_U4_P1_L5_I5_T3,loose_ekf_screening,Phase4 L5 single-I position row.,34,17,40661,85.10170319833564,135.51720921280418,150.2130113541747,94.74086016806345,40661,46.4556539551072,90.45958554419975,105.43313971957208,59.001639622246074,40661,58.63349774196922,117.43898205402388,132.62686605322244,74.12581943743457,87.92131057367253,143.11802490564327,94.1696575984184,96.87253676735504,128.32978215700405,84.10556616756394,64.57249962003633,44.989662371845384,25.717992336163775,62.117549738570986,111.52076019987939,nan,nan,nan,1.0,0.18466094771176197,0.7759536691957432,nan,nan,17,216.8851968456041,21.265670821876483,450.58180516713804,A1,L5,I5,T3,position_fusion,S01,X_A1_U4_P1_L5_I5_T3__S01,U4,P1,
X_A1_U4_P1_L5_I5_T4,loose_ukf_screening,Phase4 L5 single-I position row.,34,17,40661,83.6737883623186,132.9024060112542,147.25495433253053,93.06616869790821,40661,45.66939523794424,88.53348919711273,103.42648857438785,57.80281495890893,40661,57.862452208602576,115.4930565048254,129.91117943436393,72.9393332772767,86.41151330554518,139.6566699487794,92.35655872704868,94.35818170412576,124.19104998803749,82.71206258214036,62.94880881991304,42.63048144885545,25.190656669092164,60.79767178211436,108.7151693842306,nan,nan,nan,1.0,0.2504661092848396,0.994240061314825,nan,nan,17,231.92862792455492,21.03479586696568,499.07699567550753,A1,L5,I5,T4,position_fusion,S01,X_A1_U4_P1_L5_I5_T4__S01,U4,P1,
X_A1_U4_P1_L5_I5_T5,error_state_ekf_screening,Phase4 L5 single-I position row.,34,17,40661,88.81556641739613,141.56844912075135,157.7380583201218,98.88294571767504,40661,48.823963018942415,95.63442897412801,111.48215388445131,62.18141721741757,40661,60.23643392836334,122.02725849844228,138.73061634353144,76.88503304699891,91.37138283196128,153.37322190316814,97.60248701323246,104.68973148724601,132.51066632176423,82.42442382471825,63.238609467083336,49.96949227205744,26.90337572846994,66.31235806426075,119.97602839530123,nan,nan,nan,1.0,0.1331046564960363,0.6120104972780631,nan,nan,17,173.88997733866185,19.23825319942864,330.1613588886219,A1,L5,I5,T5,position_fusion,S01,X_A1_U4_P1_L5_I5_T5__S01,U4,P1,
X_A1_U4_P1_L5_I6_T1,uwb_only_control_repeated_for_matrix,Phase4 L5 single-I position row.,34,17,40661,93.79402440394243,150.82622867436444,168.99890999024663,105.26909885027946,40661,53.11987759865106,103.67313494224118,122.21807655412313,67.65746234959202,40661,62.43380162545304,128.30623631350818,146.73789323806022,80.64769656452344,95.52559891319765,161.41822243419296,104.07694729078656,114.53810931370191,142.05209062954765,85.91649715016256,59.63554261038051,52.01984456762301,27.646491746838166,74.21334065688582,130.84016838832844,nan,nan,nan,nan,nan,nan,nan,nan,17,130.23784228260755,16.853405437036315,232.81532976896597,A1,L5,I6,T1,uwb_only,S01,X_A1_U4_P1_L5_I6_T1__S01,U4,P1,
X_A1_U4_P1_L5_I6_T2,position_prior_screening,Phase4 L5 single-I position row.,34,17,40661,83.12077946016018,127.71170362104377,141.5614479941877,90.83265596472215,40661,47.7348083031756,85.59956557880574,99.39086777285654,57.16655301677789,40661,58.210751865854945,109.6170414654091,122.98930272691132,70.58722693083712,80.6774653324166,130.24372599116583,89.24319466836172,91.36005640154039,112.24068120271063,83.69397764087768,62.09565956372349,35.73257532300886,21.322562643172404,61.02859126734166,103.23165731270743,nan,nan,nan,1.0,0.5070604684322498,1.7807206297549922,nan,nan,17,420.23387672734975,23.181890654132758,919.1106079320407,A1,L5,I6,T2,position_fusion,S01,X_A1_U4_P1_L5_I6_T2__S01,U4,P1,
X_A1_U4_P1_L5_I6_T3,loose_ekf_screening,Phase4 L5 single-I position row.,34,17,40661,87.18328443514427,137.19528540149003,152.22325027025374,96.37963321292585,40661,47.745409999025654,91.23045437492237,105.8604409626782,59.809344472530626,40661,60.17019671939147,119.40288122656466,135.0415518838605,75.57695423887029,88.69004164836993,146.68329733562635,93.68848416704279,98.183613789905,129.62318842877,82.23467614050244,62.23864422442442,43.48654057361108,26.246227136160343,62.987974907541826,113.18178330671992,nan,nan,nan,1.0,0.17597413770551906,0.7332571441240323,nan,nan,17,212.82919562420227,21.02485949609968,461.1698528354386,A1,L5,I6,T3,position_fusion,S01,X_A1_U4_P1_L5_I6_T3__S01,U4,P1,
X_A1_U4_P1_L5_I6_T4,loose_ukf_screening,Phase4 L5 single-I position row.,34,17,40661,86.09031640418604,134.77762258088276,149.54615301915894,94.99880388821663,40661,47.302160666950044,89.41940534369928,103.42836872522406,58.703451565979655,40661,59.73602032962333,117.75825751196362,132.73860395280929,74.69054501362622,86.86770001694086,143.66801230555984,91.86916519241475,94.99563581097078,127.321016831406,83.22119448152147,62.35469589091298,40.47314824341208,25.881241982567133,61.37901361280244,110.67852987909086,nan,nan,nan,1.0,0.24002321998468762,0.961560288180286,nan,nan,17,236.95372451055255,21.232334637430085,562.7127112318382,A1,L5,I6,T4,position_fusion,S01,X_A1_U4_P1_L5_I6_T4__S01,U4,P1,
X_A1_U4_P1_L5_I6_T5,error_state_ekf_screening,Phase4 L5 single-I position row.,34,17,40661,89.86974822917912,142.79439568927407,159.0600918731686,99.90511539428972,40661,49.38559513515926,96.43742243559944,112.05279109673826,62.78534107285371,40661,61.068217025869785,122.92414060566324,140.31876158329533,77.71121558894684,92.59515591076627,153.5088916906086,98.46700171685225,105.0080932796653,133.49214447142032,82.46630867172436,63.110180367737655,50.208242769776234,26.987509446887316,67.2158351254731,121.34594596475999,nan,nan,nan,1.0,0.12105094668661054,0.56543540155619,nan,nan,17,167.42618746632522,18.91301715941637,317.66516876851915,A1,L5,I6,T5,position_fusion,S01,X_A1_U4_P1_L5_I6_T5__S01,U4,P1,
X_A1_U4_P1_L5_I7_T1,uwb_only_control_repeated_for_matrix,Phase4 L5 single-I position row.,34,17,40661,93.79402440394243,150.82622867436444,168.99890999024663,105.26909885027946,40661,53.11987759865106,103.67313494224118,122.21807655412313,67.65746234959202,40661,62.43380162545304,128.30623631350818,146.73789323806022,80.64769656452344,95.52559891319765,161.41822243419296,104.07694729078656,114.53810931370191,142.05209062954765,85.91649715016256,59.63554261038051,52.01984456762301,27.646491746838166,74.21334065688582,130.84016838832844,nan,nan,nan,nan,nan,nan,nan,nan,17,130.23784228260755,16.853405437036315,232.81532976896597,A1,L5,I7,T1,uwb_only,S01,X_A1_U4_P1_L5_I7_T1__S01,U4,P1,
X_A1_U4_P1_L5_I7_T2,position_prior_screening,Phase4 L5 single-I position row.,34,17,40661,85.58047946881823,136.19699611934055,151.11888736048388,94.52554043645925,40661,48.80262616090226,93.47142306057135,108.52547171526618,60.967734137742276,40661,56.854805596539904,114.94837248593944,129.92613374028315,72.23581652417495,83.9632473953336,134.417897349706,88.80102279662466,94.90206267898475,116.50151655873387,86.9831897461855,64.70127404474385,43.01382779330311,22.55245931179269,70.24354129121836,123.37017560751201,nan,nan,nan,1.0,0.4209385472436491,1.601089551130161,nan,nan,17,299.5154866699058,21.4093840957716,766.373669073182,A1,L5,I7,T2,position_fusion,S01,X_A1_U4_P1_L5_I7_T2__S01,U4,P1,
X_A1_U4_P1_L5_I7_T3,loose_ekf_screening,Phase4 L5 single-I position row.,34,17,40661,89.29527262811511,141.44617611564658,157.27580715840844,98.91688603514669,40661,49.095916518135965,95.86404588792675,111.93050466776559,62.41358907359674,40661,60.215588391353435,121.70627285171679,138.1853237151463,76.74043420415605,92.18524869940939,151.0322096432693,96.77615549075867,103.06510484785312,132.92780217668883,83.84312560538908,61.313690190029895,49.09650942206031,26.846113014537167,66.9631986648109,121.07358474230894,nan,nan,nan,1.0,0.12783081317325498,0.5699237073991195,nan,nan,17,184.18415412866847,19.64622219153557,350.87087926190657,A1,L5,I7,T3,position_fusion,S01,X_A1_U4_P1_L5_I7_T3__S01,U4,P1,
X_A1_U4_P1_L5_I7_T4,loose_ukf_screening,Phase4 L5 single-I position row.,34,17,40661,88.39770434794575,139.81095328760784,155.03534550987834,97.81448513149141,40661,48.66696823474673,94.53491667185075,110.1708947581718,61.63012784780076,40661,59.6912151382744,120.62790279137312,136.45773104945988,75.95657208564963,90.38993750983205,148.8808828446218,95.36662756330449,101.06919536828917,131.67485825360808,84.8330872824915,62.15516296481306,46.2881122651346,26.429612942267028,66.20579904628342,119.31963405504078,nan,nan,nan,1.0,0.17534990499542571,0.7509066105481641,nan,nan,17,201.50085877361903,20.41253825456613,422.75786586321556,A1,L5,I7,T4,position_fusion,S01,X_A1_U4_P1_L5_I7_T4__S01,U4,P1,
X_A1_U4_P1_L5_I7_T5,error_state_ekf_screening,Phase4 L5 single-I position row.,34,17,40661,91.22912507825345,145.43641443837296,162.6688189029857,101.67538021046472,40661,50.581388926896096,99.41582437576018,116.09769465624811,64.55875554441054,40661,61.13678805147515,124.89580240574116,142.27332108242513,78.54966596682382,94.28190407787821,155.92892675201688,100.5073761716128,108.8149584486425,137.19475202023096,84.2809911352089,59.31431242674323,50.22114733260452,27.1488224078673,69.60719205758951,125.50115264905324,nan,nan,nan,1.0,0.08441338531656903,0.39226162255885355,nan,nan,17,153.46987679320463,18.08837895939581,285.3400716635244,A1,L5,I7,T5,position_fusion,S01,X_A1_U4_P1_L5_I7_T5__S01,U4,P1,
X_A1_U4_P1_L5_I8_T1,uwb_only_control_repeated_for_matrix,Phase4 L5 single-I position row.,34,17,40661,93.79402440394243,150.82622867436444,168.99890999024663,105.26909885027946,40661,53.11987759865106,103.67313494224118,122.21807655412313,67.65746234959202,40661,62.43380162545304,128.30623631350818,146.73789323806022,80.64769656452344,95.52559891319765,161.41822243419296,104.07694729078656,114.53810931370191,142.05209062954765,85.91649715016256,59.63554261038051,52.01984456762301,27.646491746838166,74.21334065688582,130.84016838832844,nan,nan,nan,nan,nan,nan,nan,nan,17,130.23784228260755,16.853405437036315,232.81532976896597,A1,L5,I8,T1,uwb_only,S01,X_A1_U4_P1_L5_I8_T1__S01,U4,P1,
X_A1_U4_P1_L5_I8_T2,position_prior_screening,Phase4 L5 single-I position row.,34,17,40661,85.98867257880902,134.9315459558774,151.17047713331436,95.02567759818531,40661,49.625949356296346,88.99434774037181,104.21689319885985,59.92848101821126,40661,59.09623582256893,114.14436128559464,131.11641697046298,73.74589185740552,84.08895273417376,134.35398026718156,90.27762157840908,91.3416355015882,107.67205391994776,85.4359746188357,54.86299070259398,40.500109136489925,20.488536445385364,68.50153034567651,118.84864523392255,nan,nan,nan,1.0,0.4548067793916373,1.7450758239982567,nan,nan,17,361.5039729965321,23.126703283123845,626.5728074685891,A1,L5,I8,T2,position_fusion,S01,X_A1_U4_P1_L5_I8_T2__S01,U4,P1,
X_A1_U4_P1_L5_I8_T3,loose_ekf_screening,Phase4 L5 single-I position row.,34,17,40661,88.39017731140606,139.94270828659575,155.0438563594831,97.9320188060124,40661,48.83651452857821,93.19163935600457,108.70577128595568,61.18231691366415,40661,60.600064750216234,120.9530733398592,136.4439556908435,76.46832288272792,90.36084730919572,149.35050504512566,96.32526320023177,101.07993084937738,127.56383018359361,81.70633326848409,62.14902652699969,44.73937886104483,26.205508924127685,63.78625448369529,114.3155641830539,nan,nan,nan,1.0,0.15671250041879245,0.6736240886607214,nan,nan,17,197.87687373117498,20.595172469224224,450.82576016682214,A1,L5,I8,T3,position_fusion,S01,X_A1_U4_P1_L5_I8_T3__S01,U4,P1,
X_A1_U4_P1_L5_I8_T4,loose_ukf_screening,Phase4 L5 single-I position row.,34,17,40661,87.72828353871495,138.01426723493663,153.10847957668423,96.87589538869659,40661,48.52438009826483,91.57531227765958,106.74088205221125,60.34159549263175,40661,60.30717971017907,119.59043941239906,134.3423119125573,75.78806608408273,88.7924302016258,146.35367824152,96.07550296045704,99.35841051878153,126.07749465220552,82.00440907593622,62.203456323065936,44.896104347844584,25.633043928790755,63.33901623395522,111.48981090336413,nan,nan,nan,1.0,0.20854442213737395,0.9005385133463986,nan,nan,17,216.50501215503084,21.27465162947783,549.8779606877569,A1,L5,I8,T4,position_fusion,S01,X_A1_U4_P1_L5_I8_T4__S01,U4,P1,
X_A1_U4_P1_L5_I8_T5,error_state_ekf_screening,Phase4 L5 single-I position row.,34,17,40661,90.71477192694539,144.13285420642538,160.92951200344817,100.77265537616749,40661,50.06719042163476,97.51039907782258,113.86077841498195,63.57156667300483,40661,61.16649476404382,123.88052500881122,141.3083130350858,78.19068986972502,93.7776690400891,155.332696052985,99.7071721077326,105.63666571406915,133.90261706880648,82.64492645465606,61.21548422228037,50.427983437884734,27.001743387947755,67.57422077548037,121.66572469552563,nan,nan,nan,1.0,0.11045966034719468,0.5103149881183899,nan,nan,17,162.22393700093633,18.65816273933541,286.7201614692053,A1,L5,I8,T5,position_fusion,S01,X_A1_U4_P1_L5_I8_T5__S01,U4,P1,
X_A1_U4_P2_L5_I0_T1,uwb_only_control_repeated_for_matrix,Phase4 L5 single-I position row.,34,17,40661,97.05760783614478,159.06634912357796,178.83148012833988,110.38946885541823,40661,58.452338595627495,113.46733443974993,132.74597601372705,74.4194363124292,40661,60.30678776090815,132.20210107264325,151.63203142185648,81.5327071372075,96.51046713213616,169.30950406092887,107.27663747616857,123.18374961370343,147.29842605356527,86.59638196588153,60.30206746423701,53.41073137342346,29.37110771930952,77.88590510888642,140.7517172159558,nan,nan,nan,nan,nan,nan,nan,nan,17,77.52782533979565,18.0719525086688,147.71037746298123,A1,L5,I0,T1,uwb_only,S01,X_A1_U4_P2_L5_I0_T1__S01,U4,P2,
X_A1_U4_P2_L5_I0_T2,position_prior_screening,Phase4 L5 single-I position row.,34,17,40661,95.09694251322232,152.35379758173912,169.54537328682454,106.09367135468476,40661,56.53528977238552,105.24345223166641,121.53975893922329,69.30221213995354,40661,60.87127783083764,130.42010609548123,148.91761211432322,80.33100580737636,94.89048547227068,163.48625591436274,105.39550946395792,115.85691369062303,139.02790795948715,86.11101885239407,62.75334226996647,49.026612583544534,23.2919795909215,71.22570345720573,130.2317836898075,nan,nan,nan,1.0,0.34636368063561496,1.3961240483498267,nan,nan,17,172.86305314099533,20.005495318440353,329.5126092140826,A1,L5,I0,T2,position_fusion,S01,X_A1_U4_P2_L5_I0_T2__S01,U4,P2,
X_A1_U4_P2_L5_I0_T3,loose_ekf_screening,Phase4 L5 single-I position row.,34,17,40661,95.75986091016398,155.3458833315952,174.3296210113392,108.04546377606133,40661,57.19114793853283,109.81476103921919,128.17867035076142,72.11979025718253,40661,60.09267266979748,130.18177129891114,149.0243000092562,80.45221001218164,95.80065746282142,164.71301649075573,105.18053890273787,120.40506304678738,143.63183845254798,84.50538169209909,60.314956447146955,51.943964693407565,28.570547906432267,76.62916011990265,135.78056864139765,nan,nan,nan,1.0,0.06462989167525662,0.271432326614165,nan,nan,17,93.8623332281544,19.129502993399,181.03337287077628,A1,L5,I0,T3,position_fusion,S01,X_A1_U4_P2_L5_I0_T3__S01,U4,P2,
X_A1_U4_P2_L5_I0_T4,loose_ukf_screening,Phase4 L5 single-I position row.,34,17,40661,95.41547343763443,154.57890173409868,172.66630191686883,107.4466388161799,40661,56.948879590149105,108.96508331312246,126.96921995377838,71.5108083724762,40661,60.109051302078,129.71061261950138,148.62020591910732,80.19341917395468,95.30144359411668,163.5437963468882,105.1353659143121,119.38297228492013,143.2832878613058,83.9220542753108,60.60132318880832,50.755670160510135,28.29542619399652,75.6540111819564,135.15135881206228,nan,nan,nan,1.0,0.09751397477788147,0.4038136567294494,nan,nan,17,99.77883837088764,19.510695726703943,192.79418530573295,A1,L5,I0,T4,position_fusion,S01,X_A1_U4_P2_L5_I0_T4__S01,U4,P2,
X_A1_U4_P2_L5_I0_T5,error_state_ekf_screening,Phase4 L5 single-I position row.,34,17,40661,96.35930728341341,157.19843289219514,176.9850126991084,109.32845944870343,40661,57.885881262856316,111.91445631623408,130.7001283453132,73.39042773147558,40661,60.21847734028461,131.15955728963593,150.46284721835787,81.03429621350362,96.61065808447385,166.93190446236764,106.34270814897778,121.88190419701696,146.75190174388865,85.53328892943142,60.12558491386369,53.35985891021778,29.048408789328022,77.44619262981301,138.55437260510476,nan,nan,nan,1.0,0.03375440496041409,0.14282264228258407,nan,nan,17,83.96145862233672,18.48574719812001,160.95527069300365,A1,L5,I0,T5,position_fusion,S01,X_A1_U4_P2_L5_I0_T5__S01,U4,P2,
X_A1_U4_P2_L5_I1_T1,uwb_only_control_repeated_for_matrix,Phase4 L5 single-I position row.,34,17,40661,97.05760783614478,159.06634912357796,178.83148012833988,110.38946885541823,40661,58.452338595627495,113.46733443974993,132.74597601372705,74.4194363124292,40661,60.30678776090815,132.20210107264325,151.63203142185648,81.5327071372075,96.51046713213616,169.30950406092887,107.27663747616857,123.18374961370343,147.29842605356527,86.59638196588153,60.30206746423701,53.41073137342346,29.37110771930952,77.88590510888642,140.7517172159558,nan,nan,nan,nan,nan,nan,nan,nan,17,77.52782533979565,18.0719525086688,147.71037746298123,A1,L5,I1,T1,uwb_only,S01,X_A1_U4_P2_L5_I1_T1__S01,U4,P2,
X_A1_U4_P2_L5_I1_T2,position_prior_screening,Phase4 L5 single-I position row.,34,17,40661,88.58648589013856,141.3363933050496,155.91673754983992,98.68901564201973,40661,53.20278593030109,98.98407423106654,114.18426822667254,65.04694078995716,40661,59.52448285835635,117.37985620995619,132.13933112077257,74.21871261520654,88.1652492753089,147.05374661032818,95.14684923961806,98.76716142668613,124.75164346868982,85.11228558434931,66.65136863056816,37.957780035842404,18.270594014322768,59.80358742408586,104.33568566611495,nan,nan,nan,1.0,0.46865952321308685,1.8397946505418588,nan,nan,17,229.9114446704743,22.994192727128677,623.3288244931273,A1,L5,I1,T2,position_fusion,S01,X_A1_U4_P2_L5_I1_T2__S01,U4,P2,
X_A1_U4_P2_L5_I1_T3,loose_ekf_screening,Phase4 L5 single-I position row.,34,17,40661,92.68757434871245,149.38062877422556,165.68398308034,103.88596047858108,40661,55.538587897682866,104.84642978409133,121.44871982639586,68.89096423183491,40661,58.765238153458995,125.34882176033318,143.1514369964318,77.75813675600358,91.96766683286927,158.88477586113288,100.74117832150878,115.07498220875473,140.29653394542353,87.25317785486624,66.9205799283591,47.28831508349339,26.425157509823237,70.09442489929756,127.54870323835397,nan,nan,nan,1.0,0.1378290053258757,0.5406378119509991,nan,nan,17,128.75624839269824,20.331806993737587,246.3548852230877,A1,L5,I1,T3,position_fusion,S01,X_A1_U4_P2_L5_I1_T3__S01,U4,P2,
X_A1_U4_P2_L5_I1_T4,loose_ukf_screening,Phase4 L5 single-I position row.,34,17,40661,91.66441361936715,147.8212362094363,163.08141471865204,102.70713305501953,40661,54.9663612672913,103.52732053232461,119.2430155064559,67.93148138035971,40661,58.64038837816065,124.05241466308007,141.23449382677245,77.03290866799284,90.35133975980422,156.6288875644713,99.49812584706557,113.34765643437781,138.34925759163053,87.51303786259098,68.8036023324751,43.8484754711464,25.16994498155273,68.7311891365758,124.18910223178347,nan,nan,nan,1.0,0.19220489816916136,0.742884158648661,nan,nan,17,143.94975563597038,20.201328595796383,297.3483837876659,A1,L5,I1,T4,position_fusion,S01,X_A1_U4_P2_L5_I1_T4__S01,U4,P2,
X_A1_U4_P2_L5_I1_T5,error_state_ekf_screening,Phase4 L5 single-I position row.,34,17,40661,94.73348410032773,153.65496283317535,171.5887321710491,106.78895847240143,40661,56.90920133524064,108.69854804716697,126.58929048088557,71.3092465770871,40661,59.59829778417952,128.4862553806629,147.11620821202246,79.49133917747561,93.94632879437353,162.5410380223153,103.39285274575808,118.43470189836003,143.5665881194119,87.00906604905651,62.993680418931255,52.86753184344889,28.202188488714995,74.96199030060728,134.8804486781329,nan,nan,nan,1.0,0.08542765646785563,0.3454612254746428,nan,nan,17,100.53761858724933,19.576393881229706,193.7733328414624,A1,L5,I1,T5,position_fusion,S01,X_A1_U4_P2_L5_I1_T5__S01,U4,P2,
X_A1_U4_P2_L5_I2_T1,uwb_only_control_repeated_for_matrix,Phase4 L5 single-I position row.,34,17,40661,97.05760783614478,159.06634912357796,178.83148012833988,110.38946885541823,40661,58.452338595627495,113.46733443974993,132.74597601372705,74.4194363124292,40661,60.30678776090815,132.20210107264325,151.63203142185648,81.5327071372075,96.51046713213616,169.30950406092887,107.27663747616857,123.18374961370343,147.29842605356527,86.59638196588153,60.30206746423701,53.41073137342346,29.37110771930952,77.88590510888642,140.7517172159558,nan,nan,nan,nan,nan,nan,nan,nan,17,77.52782533979565,18.0719525086688,147.71037746298123,A1,L5,I2,T1,uwb_only,S01,X_A1_U4_P2_L5_I2_T1__S01,U4,P2,
X_A1_U4_P2_L5_I2_T2,position_prior_screening,Phase4 L5 single-I position row.,34,17,40661,89.20631386417811,141.5461979476161,156.85120535742774,98.93066356079895,40661,53.49425656170909,100.78494474912891,116.90262554067971,65.83898510080837,40661,56.87496952084075,117.90723237590703,135.04714770558053,73.84107416252506,89.76627482826045,147.16103137098048,99.18016557749147,98.45780933874272,115.86842464460719,82.02921794401377,57.419631863615976,39.331956261152925,17.981988129981346,67.73279510772419,114.70546688164926,nan,nan,nan,1.0,0.51446128790297,1.882951336960818,nan,nan,17,181.54301115606467,23.159403594970797,189.376032581266,A1,L5,I2,T2,position_fusion,S01,X_A1_U4_P2_L5_I2_T2__S01,U4,P2,
X_A1_U4_P2_L5_I2_T3,loose_ekf_screening,Phase4 L5 single-I position row.,34,17,40661,92.38738560770778,148.56949739005464,165.30813897756235,103.47394868219334,40661,55.34833886210287,104.36130042626931,121.24377335674588,68.5547493827089,40661,58.3999047649088,125.37416656025607,142.9588516817796,77.5055120166247,92.74643655289044,157.62149343674002,103.45380248785332,114.78076340566761,138.3533922000761,81.07596452345499,60.78631960209929,49.372373079096576,26.19276010155852,69.7811471319631,126.8670158943844,nan,nan,nan,1.0,0.14026963705877343,0.548423082484809,nan,nan,17,128.35540922513024,20.305484287602667,243.04015261019333,A1,L5,I2,T3,position_fusion,S01,X_A1_U4_P2_L5_I2_T3__S01,U4,P2,
X_A1_U4_P2_L5_I2_T4,loose_ukf_screening,Phase4 L5 single-I position row.,34,17,40661,91.45504688366955,146.60914122002518,162.80079249976413,102.25279866080311,40661,54.92935981008759,102.86966277566574,119.28359002733139,67.57721270853813,40661,58.127751257407,124.02099514703605,141.14757026276015,76.73952799250027,92.00319195852063,156.76745196582362,103.24864843776896,111.84748014688118,136.72064255983364,82.13109842363997,62.2224792326339,48.71271449391509,24.88204249962186,68.67389029365918,122.5683905296116,nan,nan,nan,1.0,0.19907030906957707,0.7559738558452755,nan,nan,17,141.39848583080718,20.181201941977747,268.8814555930867,A1,L5,I2,T4,position_fusion,S01,X_A1_U4_P2_L5_I2_T4__S01,U4,P2,
X_A1_U4_P2_L5_I2_T5,error_state_ekf_screening,Phase4 L5 single-I position row.,34,17,40661,94.55709771173639,153.05341558195718,171.484519014421,106.52488503650918,40661,56.72591204545836,108.40316376916725,126.37790946192307,71.08058997680814,40661,59.233617658609546,128.5845838888922,146.89060044278062,79.34167165235668,95.03464947778505,162.45617270618263,104.85324199148332,119.48800407624177,142.73703775986021,84.75239230934058,58.56090018811258,50.79311845291653,28.155578457351254,74.69672703023099,134.05071239186879,nan,nan,nan,1.0,0.08714920261364681,0.3801839754768204,nan,nan,17,101.24954009524274,19.651110318403425,193.99983488521084,A1,L5,I2,T5,position_fusion,S01,X_A1_U4_P2_L5_I2_T5__S01,U4,P2,
X_A1_U4_P2_L5_I3_T1,uwb_only_control_repeated_for_matrix,Phase4 L5 single-I position row.,34,17,40661,97.05760783614478,159.06634912357796,178.83148012833988,110.38946885541823,40661,58.452338595627495,113.46733443974993,132.74597601372705,74.4194363124292,40661,60.30678776090815,132.20210107264325,151.63203142185648,81.5327071372075,96.51046713213616,169.30950406092887,107.27663747616857,123.18374961370343,147.29842605356527,86.59638196588153,60.30206746423701,53.41073137342346,29.37110771930952,77.88590510888642,140.7517172159558,nan,nan,nan,nan,nan,nan,nan,nan,17,77.52782533979565,18.0719525086688,147.71037746298123,A1,L5,I3,T1,uwb_only,S01,X_A1_U4_P2_L5_I3_T1__S01,U4,P2,
X_A1_U4_P2_L5_I3_T2,position_prior_screening,Phase4 L5 single-I position row.,34,17,40661,86.49975158712444,133.8239442920422,146.94811748464585,94.39350477667938,40661,48.3395829482897,90.39695779608442,104.33489526749777,59.475661764466395,40661,60.85818994470014,115.16017300306999,128.12909092636994,73.29924557390605,87.31780198630689,143.45843538842593,95.7958403815171,95.72477615471509,124.79844185953297,77.21919515697888,60.81720020140338,46.30315862484872,15.976599884302743,65.76930313510277,115.0803083037703,nan,nan,nan,1.0,0.444748732113517,1.6797618218560961,nan,nan,17,254.00609762815796,24.075129869311183,600.0076668359219,A1,L5,I3,T2,position_fusion,S01,X_A1_U4_P2_L5_I3_T2__S01,U4,P2,
X_A1_U4_P2_L5_I3_T3,loose_ekf_screening,Phase4 L5 single-I position row.,34,17,40661,91.97099691694454,147.37518741113243,163.6641690533039,102.70205756058503,40661,54.2180327162156,102.61866888271604,119.162698171496,67.41398076703041,40661,58.894332572575536,124.86802843128885,142.1318201460058,77.47946711432762,93.04790963582717,156.34900443041522,101.52688482270707,112.85246986565191,139.59990318355574,83.84683775913145,65.62092752536714,45.72772724224035,25.438404643741364,68.8507300124536,124.6432191387492,nan,nan,nan,1.0,0.1406541146808135,0.5673761818823753,nan,nan,17,139.94089955495033,20.271553592142823,273.6636583216762,A1,L5,I3,T3,position_fusion,S01,X_A1_U4_P2_L5_I3_T3__S01,U4,P2,
X_A1_U4_P2_L5_I3_T4,loose_ukf_screening,Phase4 L5 single-I position row.,34,17,40661,90.98229370785518,145.05254084847655,160.63365747622439,101.31975414499142,40661,53.44337916398862,100.51724919372006,116.60599817898603,66.1447065315597,40661,58.76673860250685,123.54328170270287,139.77582115104894,76.75005132151605,92.23465778717315,153.9076239175279,100.28954935790405,110.57463298863985,137.27393975823793,83.753030959831,66.9678609944686,44.3759613583029,23.959956602182217,68.44390485512503,121.26304476347305,nan,nan,nan,1.0,0.19377344041079037,0.7615105457073428,nan,nan,17,157.2939553011632,20.16571664134773,336.1995482487159,A1,L5,I3,T4,position_fusion,S01,X_A1_U4_P2_L5_I3_T4__S01,U4,P2,
X_A1_U4_P2_L5_I3_T5,error_state_ekf_screening,Phase4 L5 single-I position row.,34,17,40661,94.2243493947531,152.32840796495773,170.50363395660202,106.03332671476873,40661,56.27093729718616,107.51661729809736,125.16210195389007,70.44606044919317,40661,59.4807175302974,128.15777280086968,146.58875945632212,79.24909426226591,94.54981460668007,160.6495081490609,103.49042371891588,117.73370067249019,144.81001800614828,84.8725870469599,62.56971259793252,48.39915238271385,27.902831578016702,73.85665997205298,132.5499786951945,nan,nan,nan,1.0,0.09708906560909802,0.3988186085514368,nan,nan,17,106.40961906637432,19.972368496727597,206.44917212000206,A1,L5,I3,T5,position_fusion,S01,X_A1_U4_P2_L5_I3_T5__S01,U4,P2,
X_A1_U4_P2_L5_I4_T1,uwb_only_control_repeated_for_matrix,Phase4 L5 single-I position row.,34,17,40661,97.05760783614478,159.06634912357796,178.83148012833988,110.38946885541823,40661,58.452338595627495,113.46733443974993,132.74597601372705,74.4194363124292,40661,60.30678776090815,132.20210107264325,151.63203142185648,81.5327071372075,96.51046713213616,169.30950406092887,107.27663747616857,123.18374961370343,147.29842605356527,86.59638196588153,60.30206746423701,53.41073137342346,29.37110771930952,77.88590510888642,140.7517172159558,nan,nan,nan,nan,nan,nan,nan,nan,17,77.52782533979565,18.0719525086688,147.71037746298123,A1,L5,I4,T1,uwb_only,S01,X_A1_U4_P2_L5_I4_T1__S01,U4,P2,
X_A1_U4_P2_L5_I4_T2,position_prior_screening,Phase4 L5 single-I position row.,34,17,40661,85.0226867652066,133.72207005104525,149.02968901286067,94.19029720131928,40661,52.30652868431608,94.41370000439574,110.6463975348861,63.3921401375385,40661,55.75757297511882,110.08511587291173,123.02425577688996,69.66526146979955,86.9332265166754,141.8226184196251,93.23049308067897,93.6764584779082,115.67455590257126,80.70816071772211,63.0167055428417,42.87558556313934,15.528981450367212,68.26476615078455,115.35544645911948,nan,nan,nan,1.0,0.4650457117176505,1.7706809836439434,nan,nan,17,416.17953272718785,25.313136359979694,690.3054281842317,A1,L5,I4,T2,position_fusion,S01,X_A1_U4_P2_L5_I4_T2__S01,U4,P2,
X_A1_U4_P2_L5_I4_T3,loose_ekf_screening,Phase4 L5 single-I position row.,34,17,40661,91.03895615180741,147.05499917474054,163.1731842134415,102.17056759136523,40661,54.713638737528555,102.93214108940796,119.86230357222546,67.70779703482711,40661,57.62423757896454,123.76727681363741,140.61787223606916,76.51456791116568,90.75023836912817,152.96765193693153,99.40607776544684,112.83896046680572,137.0178669681973,81.09179780826747,63.32498412918912,43.9060366143612,24.97962536614432,68.66916468337975,123.30923944153784,nan,nan,nan,1.0,0.1575786525727607,0.6225168227921448,nan,nan,17,150.27433368564004,20.233547965445553,330.45033195132277,A1,L5,I4,T3,position_fusion,S01,X_A1_U4_P2_L5_I4_T3__S01,U4,P2,
X_A1_U4_P2_L5_I4_T4,loose_ukf_screening,Phase4 L5 single-I position row.,34,17,40661,89.88390629751915,144.90222037549333,160.2980758337535,100.7512250460456,40661,54.09147804283179,101.23835809585522,117.64009984329006,66.65179138664483,40661,57.22381219227282,122.10212813649309,138.25237504885104,75.55361045793977,89.1269393574969,149.8329555093241,98.41549714900506,110.89526533139397,134.71276034395623,81.69527106745542,63.74312119332032,41.81230079371085,23.397404725686073,68.25399472247025,120.97567730680807,nan,nan,nan,1.0,0.21625539891046267,0.8476333067799683,nan,nan,17,172.9501953927696,20.143081071100767,423.0213826727662,A1,L5,I4,T4,position_fusion,S01,X_A1_U4_P2_L5_I4_T4__S01,U4,P2,
X_A1_U4_P2_L5_I4_T5,error_state_ekf_screening,Phase4 L5 single-I position row.,34,17,40661,93.80113589768574,151.98227698104392,169.9043138197443,105.64350454327997,40661,56.36735785973239,107.27666565021408,125.10548340535875,70.42955899133197,40661,58.904098863929676,127.54752403778343,145.79656128960272,78.74152190853631,93.53409138557254,159.9369182309369,102.62114996370909,117.76889780756215,142.08181343890124,85.13251022229875,61.74246765017536,49.01476662367696,27.79601714836994,73.27249857943907,132.04371817279778,nan,nan,nan,1.0,0.10508798801236574,0.43414050611838906,nan,nan,17,110.25787060540917,20.223983933808086,211.35174583994646,A1,L5,I4,T5,position_fusion,S01,X_A1_U4_P2_L5_I4_T5__S01,U4,P2,
X_A1_U4_P2_L5_I5_T1,uwb_only_control_repeated_for_matrix,Phase4 L5 single-I position row.,34,17,40661,97.05760783614478,159.06634912357796,178.83148012833988,110.38946885541823,40661,58.452338595627495,113.46733443974993,132.74597601372705,74.4194363124292,40661,60.30678776090815,132.20210107264325,151.63203142185648,81.5327071372075,96.51046713213616,169.30950406092887,107.27663747616857,123.18374961370343,147.29842605356527,86.59638196588153,60.30206746423701,53.41073137342346,29.37110771930952,77.88590510888642,140.7517172159558,nan,nan,nan,nan,nan,nan,nan,nan,17,77.52782533979565,18.0719525086688,147.71037746298123,A1,L5,I5,T1,uwb_only,S01,X_A1_U4_P2_L5_I5_T1__S01,U4,P2,
X_A1_U4_P2_L5_I5_T2,position_prior_screening,Phase4 L5 single-I position row.,34,17,40661,79.22185320849363,128.7294079983143,143.3573231495203,89.24590259520585,40661,47.688013097090234,91.34813218188718,105.98255339163345,59.753186518328036,40661,52.259796680366094,105.93445558635904,118.27369215487556,66.29017899311233,78.84472670161192,125.08187715756418,85.736082325743,92.17744525526976,106.53577360304347,81.84549685981915,47.69578757411133,42.01663760327477,12.068923695325822,68.62133462322014,108.00551646582002,nan,nan,nan,1.0,0.5528716483049304,1.9489729690610296,nan,nan,17,228.7767854238407,26.08782904874414,335.7465507923222,A1,L5,I5,T2,position_fusion,S01,X_A1_U4_P2_L5_I5_T2__S01,U4,P2,
X_A1_U4_P2_L5_I5_T3,loose_ekf_screening,Phase4 L5 single-I position row.,34,17,40661,88.30601947662156,142.64978861419257,157.86060254251,99.25494655446218,40661,52.90407049049376,99.85990915016762,115.51797406052879,65.60214870974737,40661,56.42491321108969,120.5759610591349,136.6227661573845,74.48424330147508,87.2013986649905,150.7180311888155,96.65531611341873,110.916555964725,132.57522955296912,84.71323697678386,65.25278853735058,44.228246814975535,23.047066230940544,67.93531674613214,121.22154381694848,nan,nan,nan,1.0,0.19300860759368652,0.8056236855136849,nan,nan,17,169.10244712113973,20.089561535735868,366.827720093931,A1,L5,I5,T3,position_fusion,S01,X_A1_U4_P2_L5_I5_T3__S01,U4,P2,
X_A1_U4_P2_L5_I5_T4,loose_ukf_screening,Phase4 L5 single-I position row.,34,17,40661,86.93815921639904,140.36221485516774,154.34105631398793,97.47879766686033,40661,52.01177343134015,97.94334654416346,112.98832609910099,64.31034064810827,40661,55.80995966715204,118.68706134272315,134.0578323673899,73.25500720292756,84.83815443378447,146.44928718574386,95.11556930286076,106.7408566877925,127.90183904140294,83.51335539439285,63.82646572967853,42.2378549611837,22.053494353418074,65.9290232368723,117.17736393783944,nan,nan,nan,1.0,0.26103881596421863,1.0599318805322748,nan,nan,17,185.85077931396722,20.074438535454533,423.495579329202,A1,L5,I5,T4,position_fusion,S01,X_A1_U4_P2_L5_I5_T4__S01,U4,P2,
X_A1_U4_P2_L5_I5_T5,error_state_ekf_screening,Phase4 L5 single-I position row.,34,17,40661,92.27351453897043,149.14870204263096,165.95046225453999,103.63869988027454,40661,55.14433410417937,105.25420049191476,122.25258986367243,68.91536007089037,40661,58.0264693247633,125.17952834535231,143.16149599941377,77.40577019301045,91.52758287092834,157.22883574674364,100.20342993053762,117.31622363269042,139.73286956651225,85.4873438856794,63.62801867959638,47.38851470874738,26.728309179386883,70.72493080205516,128.21757269851872,nan,nan,nan,1.0,0.14203128733648945,0.5901957665383789,nan,nan,17,124.69426293659373,20.387164601119252,238.00054710854837,A1,L5,I5,T5,position_fusion,S01,X_A1_U4_P2_L5_I5_T5__S01,U4,P2,
X_A1_U4_P2_L5_I6_T1,uwb_only_control_repeated_for_matrix,Phase4 L5 single-I position row.,34,17,40661,97.05760783614478,159.06634912357796,178.83148012833988,110.38946885541823,40661,58.452338595627495,113.46733443974993,132.74597601372705,74.4194363124292,40661,60.30678776090815,132.20210107264325,151.63203142185648,81.5327071372075,96.51046713213616,169.30950406092887,107.27663747616857,123.18374961370343,147.29842605356527,86.59638196588153,60.30206746423701,53.41073137342346,29.37110771930952,77.88590510888642,140.7517172159558,nan,nan,nan,nan,nan,nan,nan,nan,17,77.52782533979565,18.0719525086688,147.71037746298123,A1,L5,I6,T1,uwb_only,S01,X_A1_U4_P2_L5_I6_T1__S01,U4,P2,
X_A1_U4_P2_L5_I6_T2,position_prior_screening,Phase4 L5 single-I position row.,34,17,40661,85.51970387851898,132.92457096824123,146.9908812215875,94.0960415030021,40661,52.41446397064079,92.42015672312563,106.06154961453231,61.9757114198779,40661,57.16469272251652,111.40827765298116,124.53155892292511,70.80308058647385,82.5449224836529,133.77835934905409,88.90778324332503,92.89186678000515,114.33849913311374,81.80058701810583,64.92267249366955,39.54101722700801,14.565967322652057,62.259704951321176,105.27263526560789,nan,nan,nan,1.0,0.5437722768577153,1.841364668010352,nan,nan,17,357.59752230483633,25.511468474824426,779.0941155218791,A1,L5,I6,T2,position_fusion,S01,X_A1_U4_P2_L5_I6_T2__S01,U4,P2,
X_A1_U4_P2_L5_I6_T3,loose_ekf_screening,Phase4 L5 single-I position row.,34,17,40661,90.18136876467597,144.76218488083515,160.42080020509337,100.91263424983585,40661,54.208712422985855,100.93644062816648,116.3270861298649,66.42815239773537,40661,57.813884324639275,122.30609962406152,138.79367480940368,75.96486240535415,87.95624988362457,151.004487781161,96.83502749202096,108.66847821048694,136.77479741895257,83.8339525155736,64.01457035447443,42.77645005814583,23.91926865382848,68.527401853045,121.4254272656396,nan,nan,nan,1.0,0.18697994796093748,0.7147275493305991,nan,nan,17,161.21036326499762,20.17023683884139,353.18951397086596,A1,L5,I6,T3,position_fusion,S01,X_A1_U4_P2_L5_I6_T3__S01,U4,P2,
X_A1_U4_P2_L5_I6_T4,loose_ukf_screening,Phase4 L5 single-I position row.,34,17,40661,89.09041157018335,142.48990622585202,157.3772234315596,99.42448879625755,40661,53.66606129576171,98.59529541772702,113.46434492204448,65.23638286261237,40661,57.502669850287816,120.65510142855965,136.40524216763583,75.02961630849379,86.08759361627732,147.79596587321328,95.05563540312326,106.26009425068236,133.52704292095336,83.84681468525835,62.82413784754604,41.841502463424774,23.022050318644176,66.92310169197741,118.97995062970719,nan,nan,nan,1.0,0.25023920291906193,0.9472323511501178,nan,nan,17,183.3053716479767,20.13931778627989,440.6063716119087,A1,L5,I6,T4,position_fusion,S01,X_A1_U4_P2_L5_I6_T4__S01,U4,P2,
X_A1_U4_P2_L5_I6_T5,error_state_ekf_screening,Phase4 L5 single-I position row.,34,17,40661,93.2329288183404,150.29216373181313,168.10698835210312,104.68936599005785,40661,55.88631776155495,106.03818136134502,122.78038294039975,69.5259882856046,40661,58.65918650650224,126.57276950836763,144.51394112389607,78.26876966140617,91.77721584094613,158.8351554323221,100.90049746707251,115.06283154385353,141.79543637946614,85.64328126629779,63.45116324622988,46.68755592060222,27.431440020418535,71.86868328801434,130.08538135124118,nan,nan,nan,1.0,0.12830183960676492,0.5254602984053194,nan,nan,17,117.55211904513234,20.45887140543215,226.0310906741507,A1,L5,I6,T5,position_fusion,S01,X_A1_U4_P2_L5_I6_T5__S01,U4,P2,
X_A1_U4_P2_L5_I7_T1,uwb_only_control_repeated_for_matrix,Phase4 L5 single-I position row.,34,17,40661,97.05760783614478,159.06634912357796,178.83148012833988,110.38946885541823,40661,58.452338595627495,113.46733443974993,132.74597601372705,74.4194363124292,40661,60.30678776090815,132.20210107264325,151.63203142185648,81.5327071372075,96.51046713213616,169.30950406092887,107.27663747616857,123.18374961370343,147.29842605356527,86.59638196588153,60.30206746423701,53.41073137342346,29.37110771930952,77.88590510888642,140.7517172159558,nan,nan,nan,nan,nan,nan,nan,nan,17,77.52782533979565,18.0719525086688,147.71037746298123,A1,L5,I7,T1,uwb_only,S01,X_A1_U4_P2_L5_I7_T1__S01,U4,P2,
X_A1_U4_P2_L5_I7_T2,position_prior_screening,Phase4 L5 single-I position row.,34,17,40661,88.43834194698223,141.66096119086635,156.68378741454538,98.20333140676685,40661,54.13072259049326,100.73313740102692,116.81067558726565,66.33747369997373,40661,54.943489047886715,117.3225694818193,132.25565778263035,72.41017803107913,84.93454181274086,146.98529422079886,93.43186894321909,101.64826407298077,115.3914923067059,88.71957992434147,68.04030468710239,43.86062875254652,17.368120262098955,70.11166727536681,122.55785194524702,nan,nan,nan,1.0,0.4687658729091867,1.7265126001763864,nan,nan,17,247.07661994095037,23.72544011925362,637.9329385763031,A1,L5,I7,T2,position_fusion,S01,X_A1_U4_P2_L5_I7_T2__S01,U4,P2,
X_A1_U4_P2_L5_I7_T3,loose_ekf_screening,Phase4 L5 single-I position row.,34,17,40661,92.79303780159972,148.841627608998,165.4331197420969,103.59130809378333,40661,55.52789977446486,105.46762227778814,122.28875363352587,69.06241798572134,40661,57.89711358582986,125.09164199088298,142.41305980819902,77.2110195150061,93.16225550741103,157.31966536532883,101.04672286639394,117.68187036177358,135.99652233110646,88.12237298325451,62.53707777156964,46.43039947692597,26.048857442003225,69.57383052336073,127.29890586177643,nan,nan,nan,1.0,0.1420316604900792,0.571311252565452,nan,nan,17,133.15075768452382,20.315656570649367,254.0879209599799,A1,L5,I7,T3,position_fusion,S01,X_A1_U4_P2_L5_I7_T3__S01,U4,P2,
X_A1_U4_P2_L5_I7_T4,loose_ukf_screening,Phase4 L5 single-I position row.,34,17,40661,91.92005653683536,147.21719960995486,163.26604639475264,102.3923672107642,40661,55.05647626899488,104.16591182224889,120.65229780981473,68.21211238110844,40661,57.30312728358808,123.73040850133702,140.52421981790167,76.36297916877663,92.52023635438967,154.7074058783566,99.72116980415083,115.7788645833832,134.10045780843302,87.68347489188702,63.27636043338387,43.01054015745274,24.70328374083789,68.78346050076703,123.18270767375589,nan,nan,nan,1.0,0.19590105310073522,0.7671907298707183,nan,nan,17,149.31944024600952,20.19308593632047,313.5068242331403,A1,L5,I7,T4,position_fusion,S01,X_A1_U4_P2_L5_I7_T4__S01,U4,P2,
X_A1_U4_P2_L5_I7_T5,error_state_ekf_screening,Phase4 L5 single-I position row.,34,17,40661,94.51840171341647,153.20697862349735,171.64026257924544,106.56695855865125,40661,56.88673646343644,108.87541617064483,126.58047646139374,71.30403118060282,40661,59.0194903290535,128.30002674089133,146.7062648510174,79.19754916559549,95.1876397709679,161.97306722761618,103.83566791911744,120.03208935465514,141.4805977084338,86.30493025579901,60.14642978885002,50.76769494891187,28.105926883278613,74.55015854436212,133.40837054786698,nan,nan,nan,1.0,0.09288828048747906,0.37859553535175755,nan,nan,17,102.77329946091294,19.777581015370913,197.74763633084066,A1,L5,I7,T5,position_fusion,S01,X_A1_U4_P2_L5_I7_T5__S01,U4,P2,
X_A1_U4_P2_L5_I8_T1,uwb_only_control_repeated_for_matrix,Phase4 L5 single-I position row.,34,17,40661,97.05760783614478,159.06634912357796,178.83148012833988,110.38946885541823,40661,58.452338595627495,113.46733443974993,132.74597601372705,74.4194363124292,40661,60.30678776090815,132.20210107264325,151.63203142185648,81.5327071372075,96.51046713213616,169.30950406092887,107.27663747616857,123.18374961370343,147.29842605356527,86.59638196588153,60.30206746423701,53.41073137342346,29.37110771930952,77.88590510888642,140.7517172159558,nan,nan,nan,nan,nan,nan,nan,nan,17,77.52782533979565,18.0719525086688,147.71037746298123,A1,L5,I8,T1,uwb_only,S01,X_A1_U4_P2_L5_I8_T1__S01,U4,P2,
X_A1_U4_P2_L5_I8_T2,position_prior_screening,Phase4 L5 single-I position row.,34,17,40661,89.10721615768094,139.385277266642,155.90841538297366,98.2544215392404,40661,55.40036942120466,95.42296457976632,110.28529302788266,64.69997647571974,40661,58.08500654726322,116.41862581257885,132.40500662320233,73.9448740350003,86.34030828608766,140.10697264051564,94.09409716293518,98.26475383935399,113.2147094436885,87.90868922120669,57.25447569400535,38.616401462958265,15.044974792101982,68.06452620180511,117.7266610199689,nan,nan,nan,1.0,0.5054831115005678,1.8916310180041354,nan,nan,17,317.22141569075063,25.905064765426914,525.9476726668805,A1,L5,I8,T2,position_fusion,S01,X_A1_U4_P2_L5_I8_T2__S01,U4,P2,
X_A1_U4_P2_L5_I8_T3,loose_ekf_screening,Phase4 L5 single-I position row.,34,17,40661,91.79625416697989,146.8607033380268,162.90568450675332,102.44728196973736,40661,55.41058914707437,102.80209086014506,118.64256692185899,67.72594181045642,40661,58.32382217286056,123.64549194138385,140.41879607504143,76.86769405201086,90.46359787179085,151.5158175670917,99.92851521451507,110.27211184786348,137.5101671450285,84.68333748465983,62.78225408633364,47.99142116079855,24.232043539756887,68.48255096631044,122.51840220659562,nan,nan,nan,1.0,0.1761942910438148,0.7004244966656792,nan,nan,17,149.35828306172132,20.174420088189095,339.9302364510945,A1,L5,I8,T3,position_fusion,S01,X_A1_U4_P2_L5_I8_T3__S01,U4,P2,
X_A1_U4_P2_L5_I8_T4,loose_ukf_screening,Phase4 L5 single-I position row.,34,17,40661,91.06508251443337,144.82862123596294,160.39442530270995,101.27409239835056,40661,55.02811848855412,100.83169852604759,116.28219229416939,66.78351554946812,40661,58.121923538491274,122.39738890541821,138.48540031866992,76.13411746361545,89.30075914790388,148.93767272941434,98.89730010934349,108.90011952723458,134.28073106658036,84.12820994674863,62.97590984095062,45.560132218079275,22.963411598215885,69.68234667049404,125.00616686651142,nan,nan,nan,1.0,0.24347787390064107,0.923864035403972,nan,nan,17,167.4690292726143,20.102838065621086,424.6450539151404,A1,L5,I8,T4,position_fusion,S01,X_A1_U4_P2_L5_I8_T4__S01,U4,P2,
X_A1_U4_P2_L5_I8_T5,error_state_ekf_screening,Phase4 L5 single-I position row.,34,17,40661,94.0478027191016,151.78568099394224,169.4216036279621,105.55793531076817,40661,56.4988051287593,106.97935462778037,124.08382954614231,70.27460907751309,40661,58.98976338456612,127.25311022316328,145.6474961461969,78.7652018728768,93.45531875395065,158.30128068014193,102.40979937359015,116.51424645250187,141.8983094105861,86.24588619710335,61.60063618094618,47.85830211235668,27.53540424523368,72.47722548422047,131.43535662604256,nan,nan,nan,1.0,0.11967330657069983,0.49047773763717345,nan,nan,17,112.91709972255084,20.493705866413904,206.86076663248235,A1,L5,I8,T5,position_fusion,S01,X_A1_U4_P2_L5_I8_T5__S01,U4,P2,
X_A1_U4_P3_L5_I0_T1,uwb_only_control_repeated_for_matrix,Phase4 L5 single-I position row.,34,17,40661,98.98680308376399,162.49964486475443,183.31541922725725,112.70394066869021,40661,58.11271849677367,114.31302410014095,133.99789866596342,74.53768829703442,40661,63.04658908078011,136.49531278989798,156.63449250126502,84.53585786863336,101.48570788762564,174.72325759774336,111.80020546383665,128.16919046971887,150.66991673467405,84.88342336006983,59.97109738830084,50.36063106010505,30.8213623308244,84.73171061221254,150.08430743748988,nan,nan,nan,nan,nan,nan,nan,nan,17,57.90857760424096,17.41801958315989,119.28397231384457,A1,L5,I0,T1,uwb_only,S01,X_A1_U4_P3_L5_I0_T1__S01,U4,P3,
X_A1_U4_P3_L5_I0_T2,position_prior_screening,Phase4 L5 single-I position row.,34,17,40661,93.61341209808317,149.23301464326516,166.21875983071416,104.0559606116169,40661,52.460032950572696,100.79865359538576,117.49273741047612,65.72361399414731,40661,62.61612515350612,128.97753810017002,147.78614886029726,80.67248293163344,95.48968698332996,161.45862320477144,106.42763224246659,110.76029302959535,140.9024184575439,84.77665141300591,60.72536263948075,50.135596021639174,27.784532258206696,73.85568652388162,133.91214212637425,nan,nan,nan,1.0,0.4184973038465599,1.746217925609698,nan,nan,17,175.39444682852593,20.513563388793898,426.22789136445385,A1,L5,I0,T2,position_fusion,S01,X_A1_U4_P3_L5_I0_T2__S01,U4,P3,
X_A1_U4_P3_L5_I0_T3,loose_ekf_screening,Phase4 L5 single-I position row.,34,17,40661,96.1141405748714,155.82337759016647,174.85393036620707,108.48040387603885,40661,55.09262871531657,108.58954706895344,126.96643641089283,70.65051586084812,40661,62.25675487771741,132.20764959263698,151.23092098995448,82.31951550941339,98.90708247348117,166.4621230104499,107.36471877806278,124.16337737656984,143.75352384314508,84.47246845049273,60.17567540152973,50.38418074326904,30.000170761632887,79.16806987062553,144.76098688285938,nan,nan,nan,1.0,0.10109821069224034,0.4067246652535742,nan,nan,17,81.49743331599804,18.225857090897932,181.1853582729113,A1,L5,I0,T3,position_fusion,S01,X_A1_U4_P3_L5_I0_T3__S01,U4,P3,
X_A1_U4_P3_L5_I0_T4,loose_ukf_screening,Phase4 L5 single-I position row.,34,17,40661,95.49622379900315,154.30364855644348,172.67011740815516,107.43666726473285,40661,54.355125120671765,107.1154522813849,125.16650566967176,69.65885776372998,40661,62.17832825754249,131.22608390879316,149.87612557769785,81.79413798069731,97.62555649666314,165.03560317939406,106.33514932181114,122.05050581681996,143.0134843204413,83.25797270706803,60.25216289601009,51.161835419576164,29.747973623419597,78.72665940416573,144.117288962229,nan,nan,nan,1.0,0.14697236325069257,0.5916382994828189,nan,nan,17,89.78487752123675,18.51947455442513,203.45467124297332,A1,L5,I0,T4,position_fusion,S01,X_A1_U4_P3_L5_I0_T4__S01,U4,P3,
X_A1_U4_P3_L5_I0_T5,error_state_ekf_screening,Phase4 L5 single-I position row.,34,17,40661,97.65973410144483,159.47190452110365,179.383974287726,110.7614467120381,40661,56.74105397576343,111.77212968627954,130.98521366014364,72.76951634532334,40661,62.625163376002774,134.4456521223758,154.11057829307526,83.50266803289206,100.4285752304473,171.4744313531673,109.93826365125591,126.88242384486492,146.89010933483792,84.73800225210127,60.045617454203764,50.91149489791542,30.47079395490431,80.45863962961081,147.6515764672891,nan,nan,nan,1.0,0.05523986642369727,0.2251541903992189,nan,nan,17,67.25140208375247,17.733083289203705,143.48032327547793,A1,L5,I0,T5,position_fusion,S01,X_A1_U4_P3_L5_I0_T5__S01,U4,P3,
X_A1_U4_P3_L5_I1_T1,uwb_only_control_repeated_for_matrix,Phase4 L5 single-I position row.,34,17,40661,98.98680308376399,162.49964486475443,183.31541922725725,112.70394066869021,40661,58.11271849677367,114.31302410014095,133.99789866596342,74.53768829703442,40661,63.04658908078011,136.49531278989798,156.63449250126502,84.53585786863336,101.48570788762564,174.72325759774336,111.80020546383665,128.16919046971887,150.66991673467405,84.88342336006983,59.97109738830084,50.36063106010505,30.8213623308244,84.73171061221254,150.08430743748988,nan,nan,nan,nan,nan,nan,nan,nan,17,57.90857760424096,17.41801958315989,119.28397231384457,A1,L5,I1,T1,uwb_only,S01,X_A1_U4_P3_L5_I1_T1__S01,U4,P3,
X_A1_U4_P3_L5_I1_T2,position_prior_screening,Phase4 L5 single-I position row.,34,17,40661,86.8362570899142,137.4384492403298,152.18939851781656,96.2623619622347,40661,48.74846148228642,94.45679891533867,110.66831816418077,61.268422904550945,40661,60.51364346748858,115.89008883103998,130.36940126921286,74.24703822602883,86.56509671725436,142.4887015660322,92.84852408212015,91.30040651263678,120.57652882756676,85.47310830041324,62.44725466850021,35.90817224361547,24.255154232545323,62.06464539372588,107.38931214316898,nan,nan,nan,1.0,0.5430686392048966,2.1097196815273387,nan,nan,17,246.27753524677235,20.467187582714246,595.8442105139735,A1,L5,I1,T2,position_fusion,S01,X_A1_U4_P3_L5_I1_T2__S01,U4,P3,
X_A1_U4_P3_L5_I1_T3,loose_ekf_screening,Phase4 L5 single-I position row.,34,17,40661,91.71393769743999,146.8823757831848,163.17415842340307,102.52646888374579,40661,51.8365218798209,100.97960255457183,117.34027751910939,65.84920356090333,40661,60.8787515167088,125.73760040927596,142.2077971944285,78.58472632874921,93.07760633397811,159.05169509486564,100.9868395930793,112.35140406684204,138.37594482288637,86.01603930796773,65.46838051324664,47.48519126183123,28.674536117161495,73.63072461725754,133.73400470640388,nan,nan,nan,1.0,0.20003778750419393,0.7745632715806758,nan,nan,17,130.9983519424858,19.930174902780664,333.9901045232178,A1,L5,I1,T3,position_fusion,S01,X_A1_U4_P3_L5_I1_T3__S01,U4,P3,
X_A1_U4_P3_L5_I1_T4,loose_ukf_screening,Phase4 L5 single-I position row.,34,17,40661,90.56441579374776,144.3149415191308,160.1105714404883,100.9790709768197,40661,50.91789437266495,99.07407047118585,114.96520844168631,64.5602840721984,40661,60.90390478009044,123.94669067734844,139.6173887323913,77.6449772738626,91.7327916148317,155.9902794972413,99.4280104205508,109.30204246122338,136.84545538781325,86.26523975865136,66.28699660946532,42.602801950393655,28.35699678441719,71.06445366647465,129.37617744080802,nan,nan,nan,1.0,0.2602012822539941,1.034229657125366,nan,nan,17,150.66075616442896,20.457725249713803,398.4509877209581,A1,L5,I1,T4,position_fusion,S01,X_A1_U4_P3_L5_I1_T4__S01,U4,P3,
X_A1_U4_P3_L5_I1_T5,error_state_ekf_screening,Phase4 L5 single-I position row.,34,17,40661,94.75333977724226,153.16732987207655,171.55179475840387,106.69325043344669,40661,54.158211982297104,106.72128472038963,124.28165704550135,69.37924961321998,40661,61.5637797055108,130.1750843053394,148.37048272110678,81.05534782579548,96.69261688223278,165.6230505379076,105.03062516459853,120.68503383466376,144.24630269859944,85.68617929730043,62.48143096154463,49.13999055649475,29.735364651477227,78.66620507152595,142.94854172391894,nan,nan,nan,1.0,0.14301199559818106,0.5565775057621104,nan,nan,17,91.86344664908007,18.564821066888157,213.48835009612625,A1,L5,I1,T5,position_fusion,S01,X_A1_U4_P3_L5_I1_T5__S01,U4,P3,
X_A1_U4_P3_L5_I2_T1,uwb_only_control_repeated_for_matrix,Phase4 L5 single-I position row.,34,17,40661,98.98680308376399,162.49964486475443,183.31541922725725,112.70394066869021,40661,58.11271849677367,114.31302410014095,133.99789866596342,74.53768829703442,40661,63.04658908078011,136.49531278989798,156.63449250126502,84.53585786863336,101.48570788762564,174.72325759774336,111.80020546383665,128.16919046971887,150.66991673467405,84.88342336006983,59.97109738830084,50.36063106010505,30.8213623308244,84.73171061221254,150.08430743748988,nan,nan,nan,nan,nan,nan,nan,nan,17,57.90857760424096,17.41801958315989,119.28397231384457,A1,L5,I2,T1,uwb_only,S01,X_A1_U4_P3_L5_I2_T1__S01,U4,P3,
X_A1_U4_P3_L5_I2_T2,position_prior_screening,Phase4 L5 single-I position row.,34,17,40661,87.14133271658996,138.49673410346705,153.657507360179,96.54171352468072,40661,49.2600580327638,96.51300414147735,112.08889271264327,62.2059799035791,40661,58.20902989102899,117.57379604640255,133.73562709373937,73.8289815351467,90.52129338005312,144.15696653572473,96.11717290097282,97.02667349423666,110.77481054057247,80.15594652642122,60.69455896959275,38.16888613256964,24.166027124969645,67.42193131142119,112.84578354827235,nan,nan,nan,1.0,0.5953570185465176,2.293796114663637,nan,nan,17,170.57601690361554,21.20940222808281,278.1492017748841,A1,L5,I2,T2,position_fusion,S01,X_A1_U4_P3_L5_I2_T2__S01,U4,P3,
X_A1_U4_P3_L5_I2_T3,loose_ekf_screening,Phase4 L5 single-I position row.,34,17,40661,91.26718015425634,146.07690758964904,162.8144765205482,102.04161162267673,40661,51.672721660247575,100.35569975339197,117.4528375204415,65.45321218099288,40661,60.42306307883621,125.36639363443044,141.93260068155894,78.28389053785665,94.72859889740621,157.7361637499559,103.46360619036716,109.41805189589766,137.64852750577984,79.11181622876886,60.59171304754933,48.98604242510345,28.607750141569937,73.25574892223466,132.51547994761202,nan,nan,nan,1.0,0.19982565342056627,0.8056716681075421,nan,nan,17,129.96217831078832,20.02856063614786,323.520342280241,A1,L5,I2,T3,position_fusion,S01,X_A1_U4_P3_L5_I2_T3__S01,U4,P3,
X_A1_U4_P3_L5_I2_T4,loose_ukf_screening,Phase4 L5 single-I position row.,34,17,40661,90.09891490649892,143.61757149961824,159.98791339542683,100.46246776043468,40661,50.88757771044946,98.31215962203929,114.93355047310867,64.15849411527287,40661,60.175370145262605,123.45531981709576,139.38765108576968,77.3071475439165,93.67756412206869,154.98245607639888,102.16330429372687,105.97778686820654,135.4629377663269,79.91297654785495,60.638841945284135,47.51618843364963,28.308385277480426,70.76405144547482,128.55767603638498,nan,nan,nan,1.0,0.26926877483947986,1.0774924601425244,nan,nan,17,146.53726271635756,20.335577541545604,373.07419439084316,A1,L5,I2,T4,position_fusion,S01,X_A1_U4_P3_L5_I2_T4__S01,U4,P3,
X_A1_U4_P3_L5_I2_T5,error_state_ekf_screening,Phase4 L5 single-I position row.,34,17,40661,94.47628343622914,152.96584596946167,171.1738156784641,106.34482505084608,40661,54.08523961236643,106.16616934620876,124.00585889738791,69.07926327389404,40661,61.43689865492183,129.91458122881068,148.1597003199829,80.85343035784625,98.22149432274165,164.9165549165107,106.00362454554288,120.1072575469307,142.150803606105,84.5062548162266,58.05817279404212,49.440370986746416,29.673159741532743,78.5286556491632,142.21647120910637,nan,nan,nan,1.0,0.14697255920761287,0.5935333321684447,nan,nan,17,92.80495745817562,18.620829363897258,214.5674561016727,A1,L5,I2,T5,position_fusion,S01,X_A1_U4_P3_L5_I2_T5__S01,U4,P3,
X_A1_U4_P3_L5_I3_T1,uwb_only_control_repeated_for_matrix,Phase4 L5 single-I position row.,34,17,40661,98.98680308376399,162.49964486475443,183.31541922725725,112.70394066869021,40661,58.11271849677367,114.31302410014095,133.99789866596342,74.53768829703442,40661,63.04658908078011,136.49531278989798,156.63449250126502,84.53585786863336,101.48570788762564,174.72325759774336,111.80020546383665,128.16919046971887,150.66991673467405,84.88342336006983,59.97109738830084,50.36063106010505,30.8213623308244,84.73171061221254,150.08430743748988,nan,nan,nan,nan,nan,nan,nan,nan,17,57.90857760424096,17.41801958315989,119.28397231384457,A1,L5,I3,T1,uwb_only,S01,X_A1_U4_P3_L5_I3_T1__S01,U4,P3,
X_A1_U4_P3_L5_I3_T2,position_prior_screening,Phase4 L5 single-I position row.,34,17,40661,84.28042978772744,130.0875541856214,143.38287565870834,91.82010298741477,40661,44.255961009049805,84.3520722389449,98.68294301214983,55.40694026801882,40661,61.81677177068127,113.566472152281,126.22166893352392,73.2188656205192,85.53181134633866,135.98114697168774,91.72362146934228,85.5190691407139,120.81970158999084,76.48611979608185,62.02907451636577,44.548071969412774,23.18273263260835,66.85157767332417,116.06432485426572,nan,nan,nan,1.0,0.5397625047332404,2.0655043134597104,nan,nan,17,282.3441326766683,20.895782965136334,626.9436563510287,A1,L5,I3,T2,position_fusion,S01,X_A1_U4_P3_L5_I3_T2__S01,U4,P3,
X_A1_U4_P3_L5_I3_T3,loose_ekf_screening,Phase4 L5 single-I position row.,34,17,40661,90.69278253050484,144.25885695875175,160.81961977520652,101.02559688078166,40661,50.29925070208566,98.14933366774851,114.5373872096024,64.05858186968102,40661,61.024627149635535,124.41811912971752,140.43130775429768,78.11958342159522,93.5674982817963,155.42926702868598,101.09846794488364,107.5385917318408,135.90409324182974,84.39725985764156,64.8236600583399,47.82740244458421,28.37277909538662,71.69407380030619,130.44233846198887,nan,nan,nan,1.0,0.20625677882583943,0.8501578634136631,nan,nan,17,146.36126035806578,20.466290571060767,378.34210683157346,A1,L5,I3,T3,position_fusion,S01,X_A1_U4_P3_L5_I3_T3__S01,U4,P3,
X_A1_U4_P3_L5_I3_T4,loose_ukf_screening,Phase4 L5 single-I position row.,34,17,40661,89.42635935721086,141.39036424042848,157.37007281314897,99.30942726199115,40661,49.17863207591272,95.58252685136635,111.47446621831529,62.47511923651562,40661,60.91990666090305,122.6477538072429,137.71196817513942,77.19599613637916,92.35887911302065,152.26396479662378,99.06814159435596,103.51232620453948,132.8808056457815,84.04436930448753,65.48178021199135,47.55156275003287,27.993623329996183,69.48354784097826,126.03749968279068,nan,nan,nan,1.0,0.26951021652152973,1.1105038409741008,nan,nan,17,168.82932766365752,20.412931061144263,451.63872842804807,A1,L5,I3,T4,position_fusion,S01,X_A1_U4_P3_L5_I3_T4__S01,U4,P3,
X_A1_U4_P3_L5_I3_T5,error_state_ekf_screening,Phase4 L5 single-I position row.,34,17,40661,93.90241533697703,151.71575587978214,169.59018458486878,105.57571465103679,40661,53.25104974000232,104.8375018793682,122.267068917326,68.19342212141082,40661,61.59950646769755,129.1347999808088,147.07117553320268,80.59707627109202,96.74515364200866,164.00999466313814,105.83609980618195,117.68236686077711,141.65520924588503,84.45592189318117,62.09110635006023,49.61229621189955,29.472485393363712,78.22436852870575,141.23833106087534,nan,nan,nan,1.0,0.15707712681097427,0.6453535100853953,nan,nan,17,100.30552354925591,18.877784023278252,236.696073153858,A1,L5,I3,T5,position_fusion,S01,X_A1_U4_P3_L5_I3_T5__S01,U4,P3,
X_A1_U4_P3_L5_I4_T1,uwb_only_control_repeated_for_matrix,Phase4 L5 single-I position row.,34,17,40661,98.98680308376399,162.49964486475443,183.31541922725725,112.70394066869021,40661,58.11271849677367,114.31302410014095,133.99789866596342,74.53768829703442,40661,63.04658908078011,136.49531278989798,156.63449250126502,84.53585786863336,101.48570788762564,174.72325759774336,111.80020546383665,128.16919046971887,150.66991673467405,84.88342336006983,59.97109738830084,50.36063106010505,30.8213623308244,84.73171061221254,150.08430743748988,nan,nan,nan,nan,nan,nan,nan,nan,17,57.90857760424096,17.41801958315989,119.28397231384457,A1,L5,I4,T1,uwb_only,S01,X_A1_U4_P3_L5_I4_T1__S01,U4,P3,
X_A1_U4_P3_L5_I4_T2,position_prior_screening,Phase4 L5 single-I position row.,34,17,40661,83.51179147939979,129.08995067475553,143.94738546454633,91.67292923986278,40661,48.4035252704616,90.16611304781227,106.97376633648116,59.70155509763154,40661,56.931883943704634,108.03175678509137,121.12986107222287,69.56759500184948,84.66220820333976,132.249753648408,92.05225855344705,85.7464266389722,111.625423889617,80.87784658858868,63.34858595195409,40.62481234258348,22.314858966795384,70.55254140164433,117.92191678416606,nan,nan,nan,1.0,0.5506121069478475,2.048112317177599,nan,nan,17,429.78322467482417,21.65006383709408,705.31209675062,A1,L5,I4,T2,position_fusion,S01,X_A1_U4_P3_L5_I4_T2__S01,U4,P3,
X_A1_U4_P3_L5_I4_T3,loose_ekf_screening,Phase4 L5 single-I position row.,34,17,40661,90.05280923023022,143.39922304051922,159.9069663992673,100.36844195526555,40661,50.705350347682305,98.59954184573974,114.87455382016077,64.27815638630612,40661,59.81481445797294,123.19157105794056,138.54392985641687,77.08529530400129,93.25047735531784,154.4576980691782,99.85788057383147,107.60718426595318,134.35769605145995,80.12696152679996,61.139876907897865,43.924976604756864,28.250298873515277,70.69383805963139,129.27517374523538,nan,nan,nan,1.0,0.22282222309501384,0.8812373607481604,nan,nan,17,158.71362308643498,20.527302164208777,426.99058392195997,A1,L5,I4,T3,position_fusion,S01,X_A1_U4_P3_L5_I4_T3__S01,U4,P3,
X_A1_U4_P3_L5_I4_T4,loose_ukf_screening,Phase4 L5 single-I position row.,34,17,40661,88.77444286216047,140.5532329532538,156.34253672532617,98.63929582010613,40661,49.84516222522164,96.38545921930876,112.24463695208065,62.94841028321282,40661,59.34854722858108,121.1970487964843,135.69479651576512,75.942137991386,91.80815055771129,151.28802997619874,97.92783635334209,104.7352646832777,130.94255271994206,80.59612280902435,61.27559124222478,43.25681414246452,27.819850759451754,69.30257662767062,124.02721102247784,nan,nan,nan,1.0,0.2948928614742719,1.1312361977302983,nan,nan,17,186.1747311833153,20.426114482807918,493.39176732207136,A1,L5,I4,T4,position_fusion,S01,X_A1_U4_P3_L5_I4_T4__S01,U4,P3,
X_A1_U4_P3_L5_I4_T5,error_state_ekf_screening,Phase4 L5 single-I position row.,34,17,40661,93.4030393403064,150.87642614515357,168.5823482995251,105.01810117204741,40661,53.18587336691914,104.46696726689912,121.98170081311892,68.04110990692543,40661,61.03675453795722,128.2894310579552,145.8038060544427,79.99505569981234,96.5545584229894,162.4926536934526,104.82676721683387,116.22477321311051,141.10518957587541,84.18099657822916,61.29254983066647,49.998749603183,29.357558722902525,77.54083769443375,139.96407331346995,nan,nan,nan,1.0,0.1694029941376755,0.6974516069695327,nan,nan,17,105.67585489928982,19.08275204961393,254.4781306388709,A1,L5,I4,T5,position_fusion,S01,X_A1_U4_P3_L5_I4_T5__S01,U4,P3,
X_A1_U4_P3_L5_I5_T1,uwb_only_control_repeated_for_matrix,Phase4 L5 single-I position row.,34,17,40661,98.98680308376399,162.49964486475443,183.31541922725725,112.70394066869021,40661,58.11271849677367,114.31302410014095,133.99789866596342,74.53768829703442,40661,63.04658908078011,136.49531278989798,156.63449250126502,84.53585786863336,101.48570788762564,174.72325759774336,111.80020546383665,128.16919046971887,150.66991673467405,84.88342336006983,59.97109738830084,50.36063106010505,30.8213623308244,84.73171061221254,150.08430743748988,nan,nan,nan,nan,nan,nan,nan,nan,17,57.90857760424096,17.41801958315989,119.28397231384457,A1,L5,I5,T1,uwb_only,S01,X_A1_U4_P3_L5_I5_T1__S01,U4,P3,
X_A1_U4_P3_L5_I5_T2,position_prior_screening,Phase4 L5 single-I position row.,34,17,40661,77.06398205710809,125.02527610289214,140.19657416569197,86.90520725750338,40661,43.878741954613744,86.6928826528953,102.46037953792637,56.327233663269816,40661,52.74042880542629,104.29904042829617,117.41755860222474,66.17973856334747,78.81626271124262,121.53664811101709,83.04462366887509,85.1247154139587,103.61095620178693,79.75397721900629,49.91238677505538,41.41371595825285,19.115598394696065,68.75217351811958,111.68564796764592,nan,nan,nan,1.0,0.6328689160429488,2.313214637256736,nan,nan,17,224.2936751961173,22.577208678286866,367.529071564634,A1,L5,I5,T2,position_fusion,S01,X_A1_U4_P3_L5_I5_T2__S01,U4,P3,
X_A1_U4_P3_L5_I5_T3,loose_ekf_screening,Phase4 L5 single-I position row.,34,17,40661,87.09037153603867,138.67650845442554,154.05322733284174,97.0142292500295,40661,48.66145758990537,94.94225571338498,110.51107589968228,61.765582237330406,40661,58.427077721285514,119.33856875293918,134.38313808864496,74.81158685565262,89.7885799532969,148.6569687312517,97.37560155277917,102.73704653661855,127.5862601707729,83.69985493763492,63.98049456714331,43.442545502244684,27.659909823182716,69.13575154745764,122.37869149348487,nan,nan,nan,1.0,0.26653733088529036,1.064402633989824,nan,nan,17,179.92369381665654,20.210084071303243,478.84748863673553,A1,L5,I5,T3,position_fusion,S01,X_A1_U4_P3_L5_I5_T3__S01,U4,P3,
X_A1_U4_P3_L5_I5_T4,loose_ukf_screening,Phase4 L5 single-I position row.,34,17,40661,85.49342823281371,136.03810025428038,150.28711433415813,95.02043545690492,40661,47.57944669592488,92.54238909369481,107.91249961278167,60.28427999247118,40661,57.68180967963258,117.03161833332138,131.43583508293955,73.44854484745885,88.3815305944373,144.8835293677822,95.74563538209523,99.1542113375819,125.57531474453688,82.88888646029679,62.07451400093698,43.43331947440328,26.98830995482865,68.20754782673174,119.97828321450125,nan,nan,nan,1.0,0.33968496140882776,1.337108271886518,nan,nan,17,198.76749906033749,19.74224877526865,538.9936766904046,A1,L5,I5,T4,position_fusion,S01,X_A1_U4_P3_L5_I5_T4__S01,U4,P3,
X_A1_U4_P3_L5_I5_T5,error_state_ekf_screening,Phase4 L5 single-I position row.,34,17,40661,91.22237250991826,146.83551283977977,163.90009173715617,102.3700521267188,40661,51.75256149608046,101.36674345647539,118.31812312404399,65.9535010157073,40661,60.144206283016956,125.59023529464366,142.16534599295574,78.29280475368233,94.1592784209828,158.1809802264615,100.97046985826533,114.33138480770184,138.3522827836793,83.84944528017765,63.219288267782886,49.93939237812714,28.799725607673423,74.376991358288,135.29751109097484,nan,nan,nan,1.0,0.22383262010746174,0.8892915446965488,nan,nan,17,124.89395473920035,19.87600423859402,308.2728046377378,A1,L5,I5,T5,position_fusion,S01,X_A1_U4_P3_L5_I5_T5__S01,U4,P3,
X_A1_U4_P3_L5_I6_T1,uwb_only_control_repeated_for_matrix,Phase4 L5 single-I position row.,34,17,40661,98.98680308376399,162.49964486475443,183.31541922725725,112.70394066869021,40661,58.11271849677367,114.31302410014095,133.99789866596342,74.53768829703442,40661,63.04658908078011,136.49531278989798,156.63449250126502,84.53585786863336,101.48570788762564,174.72325759774336,111.80020546383665,128.16919046971887,150.66991673467405,84.88342336006983,59.97109738830084,50.36063106010505,30.8213623308244,84.73171061221254,150.08430743748988,nan,nan,nan,nan,nan,nan,nan,nan,17,57.90857760424096,17.41801958315989,119.28397231384457,A1,L5,I6,T1,uwb_only,S01,X_A1_U4_P3_L5_I6_T1__S01,U4,P3,
X_A1_U4_P3_L5_I6_T2,position_prior_screening,Phase4 L5 single-I position row.,34,17,40661,84.01078687683699,129.13715707126477,142.5844577664034,91.70262439403089,40661,48.74718307588255,87.98933075124228,101.92044974384994,58.471261620083965,40661,58.086686056937424,109.71301447603128,123.43399160746651,70.6433499015187,81.15072763166016,132.00800441968326,89.44557563269166,94.80678924839056,110.92893072775033,83.82987390328975,61.72294462387232,36.07211474281195,22.02693383481713,65.3024553416557,108.42087530197111,nan,nan,nan,1.0,0.6232054615895468,2.154394523303283,nan,nan,17,386.0091976569304,22.05900512322023,794.2381642174306,A1,L5,I6,T2,position_fusion,S01,X_A1_U4_P3_L5_I6_T2__S01,U4,P3,
X_A1_U4_P3_L5_I6_T3,loose_ekf_screening,Phase4 L5 single-I position row.,34,17,40661,88.88396820751133,140.86095276643744,156.25427840600247,98.84401707054563,40661,49.97693049219173,95.75440254166895,111.2298369584734,62.74867863881607,40661,60.07529838357482,121.45285836209314,136.5091323916463,76.37239710605465,90.33220278734066,149.56855941630693,96.66540581855142,104.90737946934782,132.72303497082578,84.21629368707539,62.65430870496997,44.13305561648667,28.138371496098017,69.59174770169925,124.49079985750343,nan,nan,nan,1.0,0.2574815338701412,0.9924018258960006,nan,nan,17,173.90628246540686,20.41834937390422,472.1751816141117,A1,L5,I6,T3,position_fusion,S01,X_A1_U4_P3_L5_I6_T3__S01,U4,P3,
X_A1_U4_P3_L5_I6_T4,loose_ukf_screening,Phase4 L5 single-I position row.,34,17,40661,87.73799240481455,137.95295275114037,152.88180524175303,97.09969510918991,40661,49.28773375513895,93.47375957973321,108.28751913740425,61.32958314377643,40661,59.60368035568035,119.32453601572252,133.87884374961732,75.27969860266613,88.35497851727735,146.59046597767474,94.4237771627373,101.18856205753214,128.8917559488499,84.07269034185475,63.182534117903174,42.637120864512895,27.649752863941757,69.31251485660937,122.46559703696519,nan,nan,nan,1.0,0.33243626540299775,1.2764439313354075,nan,nan,17,201.27578705325487,19.999121752292012,534.7325327696796,A1,L5,I6,T4,position_fusion,S01,X_A1_U4_P3_L5_I6_T4__S01,U4,P3,
X_A1_U4_P3_L5_I6_T5,error_state_ekf_screening,Phase4 L5 single-I position row.,34,17,40661,92.52821067334118,148.48375440694684,165.82443423066397,103.68775891966759,40661,52.60816426472611,102.36114243699305,119.55749567173038,66.8039128846563,40661,60.948092535048545,126.81207977385407,144.04345188828688,79.29936048343869,94.78498132151194,159.3346465702199,102.18041725841323,114.06774155333115,141.07437158607817,84.1623438631162,63.01627727895648,50.62866260235262,29.181207821256976,75.78632685573987,137.40788959169043,nan,nan,nan,1.0,0.203535754080995,0.8117324147606493,nan,nan,17,116.17382532115853,19.546657555505135,284.53735525268235,A1,L5,I6,T5,position_fusion,S01,X_A1_U4_P3_L5_I6_T5__S01,U4,P3,
X_A1_U4_P3_L5_I7_T1,uwb_only_control_repeated_for_matrix,Phase4 L5 single-I position row.,34,17,40661,98.98680308376399,162.49964486475443,183.31541922725725,112.70394066869021,40661,58.11271849677367,114.31302410014095,133.99789866596342,74.53768829703442,40661,63.04658908078011,136.49531278989798,156.63449250126502,84.53585786863336,101.48570788762564,174.72325759774336,111.80020546383665,128.16919046971887,150.66991673467405,84.88342336006983,59.97109738830084,50.36063106010505,30.8213623308244,84.73171061221254,150.08430743748988,nan,nan,nan,nan,nan,nan,nan,nan,17,57.90857760424096,17.41801958315989,119.28397231384457,A1,L5,I7,T1,uwb_only,S01,X_A1_U4_P3_L5_I7_T1__S01,U4,P3,
X_A1_U4_P3_L5_I7_T2,position_prior_screening,Phase4 L5 single-I position row.,34,17,40661,86.75834736644254,138.01983148466348,152.76522020267595,95.73477540986927,40661,50.084956740889005,96.36942940312854,111.90094573338018,62.64105357796395,40661,56.684774877657674,115.11102109582157,130.26545296524318,72.39644762984412,84.57216551297229,137.81465832842605,91.65568234717823,97.42084321283433,115.55056959135197,86.77767752394247,66.52647358785603,42.50885759758319,24.086486774768986,72.29466521227509,125.63593747922914,nan,nan,nan,1.0,0.5634482701463119,2.1151644692211673,nan,nan,17,285.15322799494476,20.52044273373008,672.2638847359424,A1,L5,I7,T2,position_fusion,S01,X_A1_U4_P3_L5_I7_T2__S01,U4,P3,
X_A1_U4_P3_L5_I7_T3,loose_ekf_screening,Phase4 L5 single-I position row.,34,17,40661,91.47425829906993,146.31738916889267,162.84483560322883,102.10719607724596,40661,51.88640593927341,101.19915038645786,117.90921936047957,65.93014944680121,40661,59.91953563008474,124.84678469483606,141.14175607777702,77.96855061292091,94.05821185378754,156.23955564631336,101.1222177541267,110.3405898723051,136.37289069769696,86.90849592107554,62.64843308629827,46.831792095657306,28.558049849889045,72.99489617405648,132.30205518019312,nan,nan,nan,1.0,0.2041890566332168,0.8203217170801691,nan,nan,17,137.8757824784561,20.28461070593835,354.4839453840609,A1,L5,I7,T3,position_fusion,S01,X_A1_U4_P3_L5_I7_T3__S01,U4,P3,
X_A1_U4_P3_L5_I7_T4,loose_ukf_screening,Phase4 L5 single-I position row.,34,17,40661,90.40158126711789,143.8592890705784,159.78739311023887,100.55334651201632,40661,51.12055289246055,99.38159758322638,115.61815158054863,64.77104852383913,40661,59.432305756831056,122.77400788184241,138.65619804580604,76.91350185687882,92.63868653010456,153.29932496312307,98.48923975301393,106.99459263430994,132.97609769974065,87.02432955683622,63.00289462182226,43.36243190356629,28.237905256894635,70.49753614799923,128.1121512552208,nan,nan,nan,1.0,0.26618202130326274,1.0853368546846256,nan,nan,17,159.36136488696837,20.369004975010284,425.0499523935692,A1,L5,I7,T4,position_fusion,S01,X_A1_U4_P3_L5_I7_T4__S01,U4,P3,
X_A1_U4_P3_L5_I7_T5,error_state_ekf_screening,Phase4 L5 single-I position row.,34,17,40661,94.46043362139092,152.90399640678325,171.0957115243751,106.33234940206302,40661,54.13241270712853,106.31574540429715,124.22485115454809,69.25966719230496,40661,61.18156264385425,129.70290867732865,147.80102049220113,80.68250758233513,97.57097372181178,164.978685016349,106.69350483940053,118.58565550049516,141.94368626462742,86.05488136308897,60.07775332439914,50.02325230285254,29.6325897990732,78.50129529911999,142.11864991879384,nan,nan,nan,1.0,0.14415666092858992,0.6120880549572211,nan,nan,17,95.25136930659771,18.73329706560355,222.99709048754957,A1,L5,I7,T5,position_fusion,S01,X_A1_U4_P3_L5_I7_T5__S01,U4,P3,
X_A1_U4_P3_L5_I8_T1,uwb_only_control_repeated_for_matrix,Phase4 L5 single-I position row.,34,17,40661,98.98680308376399,162.49964486475443,183.31541922725725,112.70394066869021,40661,58.11271849677367,114.31302410014095,133.99789866596342,74.53768829703442,40661,63.04658908078011,136.49531278989798,156.63449250126502,84.53585786863336,101.48570788762564,174.72325759774336,111.80020546383665,128.16919046971887,150.66991673467405,84.88342336006983,59.97109738830084,50.36063106010505,30.8213623308244,84.73171061221254,150.08430743748988,nan,nan,nan,nan,nan,nan,nan,nan,17,57.90857760424096,17.41801958315989,119.28397231384457,A1,L5,I8,T1,uwb_only,S01,X_A1_U4_P3_L5_I8_T1__S01,U4,P3,
X_A1_U4_P3_L5_I8_T2,position_prior_screening,Phase4 L5 single-I position row.,34,17,40661,87.48910068442255,136.13173794579578,152.12403205359647,95.90494337252336,40661,50.79186659874823,91.29657668686879,106.27623880969264,61.25103325923463,40661,58.95992052933093,114.62573679423747,131.46442153887256,73.7974870030345,84.710350995104,134.91930676717533,90.21808269314117,94.33640251778223,107.715126318795,85.89356853167092,55.69249229631996,40.593754524659516,21.214500976604796,70.37113456115443,121.1125747272819,nan,nan,nan,1.0,0.6098893556643041,2.2600062249641897,nan,nan,17,333.57380849194516,22.31059864830388,541.7250628783556,A1,L5,I8,T2,position_fusion,S01,X_A1_U4_P3_L5_I8_T2__S01,U4,P3,
X_A1_U4_P3_L5_I8_T3,loose_ekf_screening,Phase4 L5 single-I position row.,34,17,40661,90.50378793475446,143.2902659869461,159.28254914645262,100.50213036154682,40661,51.046737770171255,98.15220825673967,114.32305595250307,64.19123324944879,40661,60.42421792347136,123.17991978422629,138.40002674802486,77.33151867850657,92.85602568516539,152.90591386110316,98.67434691068038,105.15391662828752,132.86529117071336,83.61086892186974,62.369096687799214,46.31633929520177,28.08818885571796,69.52233261858984,126.26895095893006,nan,nan,nan,1.0,0.24665004042194927,0.9525379735212043,nan,nan,17,160.56271447571322,20.416362970164414,447.06911364227057,A1,L5,I8,T3,position_fusion,S01,X_A1_U4_P3_L5_I8_T3__S01,U4,P3,
X_A1_U4_P3_L5_I8_T4,loose_ukf_screening,Phase4 L5 single-I position row.,34,17,40661,89.56039572222208,141.0178584594603,156.54280897779378,99.05957467504689,40661,50.48703872153057,96.29481843748096,111.73762888306179,63.018100602732595,40661,60.14818840843043,121.20883477509608,136.13421203251346,76.4298261886357,91.011977400316,149.74451295602427,97.60505755300765,102.46467880482025,128.31487650063858,83.45064410588562,62.1018381126716,44.529441259922805,27.59486881238425,70.17682953155489,125.82099734163658,nan,nan,nan,1.0,0.3223107213609909,1.2474081527382697,nan,nan,17,183.94980620077823,20.17206296573721,507.73147465029564,A1,L5,I8,T4,position_fusion,S01,X_A1_U4_P3_L5_I8_T4__S01,U4,P3,
X_A1_U4_P3_L5_I8_T5,error_state_ekf_screening,Phase4 L5 single-I position row.,34,17,40661,93.3448639126835,149.97544594089038,167.83223080022935,104.71302338614677,40661,53.28703596011384,103.87046782457864,121.27959244176289,67.70493517650229,40661,61.042313955363284,127.72088761706891,145.0721098939,79.88027928978053,96.13556606113161,161.27686535105522,104.13901471065944,115.48605841161152,140.58206816310988,84.4468161707396,61.16609101279336,50.78956275502924,29.171690862420803,76.52718634665678,138.30739547146342,nan,nan,nan,1.0,0.19318482506783236,0.753630077656678,nan,nan,17,110.18637421825206,19.298299003047987,270.7533213251147,A1,L5,I8,T5,position_fusion,S01,X_A1_U4_P3_L5_I8_T5__S01,U4,P3,
X_A1_U4_P4_L5_I0_T1,uwb_only_control_repeated_for_matrix,Phase4 L5 single-I position row.,34,17,40661,81.44379905164085,135.63792903319148,149.45083155406283,93.06431814125139,40661,44.20775854635997,78.40405976624344,90.6998622650404,52.77419657588052,40661,59.54921710273152,122.41242778239848,137.1962670646759,76.6541028704033,85.17538368100142,141.34901843496027,93.30756636619924,83.48600715424959,125.72309462095251,85.30352037011573,59.245356580816505,49.8549060410769,11.763779434282895,56.659891072893714,95.81129783637786,nan,nan,nan,nan,nan,nan,nan,nan,17,288.01978180709415,26.193014270330536,580.4879182402317,A1,L5,I0,T1,uwb_only,S01,X_A1_U4_P4_L5_I0_T1__S01,U4,P4,
X_A1_U4_P4_L5_I0_T2,position_prior_screening,Phase4 L5 single-I position row.,34,17,40661,85.36451664043692,139.71450607226444,155.79759721489862,96.47489999686071,40661,45.98429599320984,80.82575862447747,93.75921607979807,54.493443103001155,40661,63.34606212007952,126.43042861745016,143.62983779415868,79.6107466877698,88.78368959188592,147.15696447146868,98.75305976187889,84.57715482432931,132.33621731506304,86.67227256752338,54.829395926945125,52.905015740256886,11.597200102474943,61.19794091840341,107.51188968542354,nan,nan,nan,1.0,0.19125902737525624,0.8300423606279526,nan,nan,17,374.0863861894979,27.823290994695242,799.9937829542063,A1,L5,I0,T2,position_fusion,S01,X_A1_U4_P4_L5_I0_T2__S01,U4,P4,
X_A1_U4_P4_L5_I0_T3,loose_ekf_screening,Phase4 L5 single-I position row.,34,17,40661,81.30969425842882,134.96465224503487,148.73348126350638,92.78897418678426,40661,43.78513658477713,77.18303586595003,88.95624927805912,52.12386426629014,40661,59.96824099265268,122.3690313000559,137.2643570257178,76.76520373571009,83.19178725182809,140.39815411427512,92.52038708984814,80.79239329597297,124.61379940827348,87.49721673634897,57.276350094590214,51.73614782124582,11.562252629003751,56.05354568628092,98.3301317838509,nan,nan,nan,1.0,0.02482887162177598,0.11469583813846573,nan,nan,17,303.34711658696057,27.00422336379978,650.5054992901031,A1,L5,I0,T3,position_fusion,S01,X_A1_U4_P4_L5_I0_T3__S01,U4,P4,
X_A1_U4_P4_L5_I0_T4,loose_ukf_screening,Phase4 L5 single-I position row.,34,17,40661,81.3598744784995,134.86285776643336,148.78897904780507,92.80678183504021,40661,43.75651711957427,76.9356091034339,88.63049470862347,52.018473003288875,40661,60.19572217594441,122.4016052635136,137.64375234269528,76.85816300812071,82.90832465462745,139.70280309278942,91.88599240297242,80.19571328595899,124.61967093276633,87.40511195780473,56.83972435326484,51.68437205575191,11.485546655427726,56.014344840605574,98.4418666383408,nan,nan,nan,1.0,0.03890354564089123,0.17531793433286347,nan,nan,17,310.15481818041775,27.286400230715685,679.3958122204948,A1,L5,I0,T4,position_fusion,S01,X_A1_U4_P4_L5_I0_T4__S01,U4,P4,
X_A1_U4_P4_L5_I0_T5,error_state_ekf_screening,Phase4 L5 single-I position row.,34,17,40661,81.35114827820769,135.17386890527706,148.89053846274825,92.8924138140735,40661,44.0197378442807,77.6947155017978,89.92532563496708,52.448503599729584,40661,59.66823012776433,122.35514339134443,137.13691110823993,76.66912686573538,84.21570801343933,141.1109197947096,93.09361424056786,82.22602986930428,124.51726831412205,86.37595205309638,58.48800186247384,51.45471502079005,11.687045657827895,56.330459207117855,97.73417536786131,nan,nan,nan,1.0,0.011827812051867063,0.05769631219178653,nan,nan,17,293.2945929802239,26.51546920587799,604.9706970836725,A1,L5,I0,T5,position_fusion,S01,X_A1_U4_P4_L5_I0_T5__S01,U4,P4,
X_A1_U4_P4_L5_I1_T1,uwb_only_control_repeated_for_matrix,Phase4 L5 single-I position row.,34,17,40661,81.44379905164085,135.63792903319148,149.45083155406283,93.06431814125139,40661,44.20775854635997,78.40405976624344,90.6998622650404,52.77419657588052,40661,59.54921710273152,122.41242778239848,137.1962670646759,76.6541028704033,85.17538368100142,141.34901843496027,93.30756636619924,83.48600715424959,125.72309462095251,85.30352037011573,59.245356580816505,49.8549060410769,11.763779434282895,56.659891072893714,95.81129783637786,nan,nan,nan,nan,nan,nan,nan,nan,17,288.01978180709415,26.193014270330536,580.4879182402317,A1,L5,I1,T1,uwb_only,S01,X_A1_U4_P4_L5_I1_T1__S01,U4,P4,
X_A1_U4_P4_L5_I1_T2,position_prior_screening,Phase4 L5 single-I position row.,34,17,40661,82.49325715826484,135.54322577352414,150.8463079362201,93.20832446720611,40661,43.582763803474336,82.98419944921154,98.1607122776947,54.26718376718053,40661,60.74163243647445,119.41001379051863,135.86657413700618,75.78168984631466,81.92928193916248,135.28756741323457,87.63291917458126,78.72791348412584,118.12535132928244,82.39336059230178,61.19328287449089,40.23499748056457,11.827695141303224,56.88775663896002,91.7108494710728,nan,nan,nan,1.0,0.25029872355489324,1.0154186048990999,nan,nan,17,346.3788417905754,27.10108696861306,847.0867547970275,A1,L5,I1,T2,position_fusion,S01,X_A1_U4_P4_L5_I1_T2__S01,U4,P4,
X_A1_U4_P4_L5_I1_T3,loose_ekf_screening,Phase4 L5 single-I position row.,34,17,40661,80.45167529006343,133.99476951688874,146.54959469708496,91.6913963930733,40661,43.05114185539237,76.55094008500615,87.78713534410785,51.388403096807636,40661,59.496923217217955,121.09674081322214,134.88711753217274,75.93776530601691,83.87743227391167,139.6294279783893,91.3033160527971,79.08824519929789,123.50671961233223,84.33077031394313,62.3864876846426,50.63572702466104,10.961903366358769,53.2962623686131,92.82773673857301,nan,nan,nan,1.0,0.040272324205345905,0.19535558401298353,nan,nan,17,343.063061256704,27.82344717632475,758.6173690885294,A1,L5,I1,T3,position_fusion,S01,X_A1_U4_P4_L5_I1_T3__S01,U4,P4,
X_A1_U4_P4_L5_I1_T4,loose_ukf_screening,Phase4 L5 single-I position row.,34,17,40661,80.38138321722028,133.68576439248238,146.35912796882957,91.49429453183588,40661,42.904372646061766,76.79181229391283,87.60483079798942,51.25299253065275,40661,59.50626308547237,120.69586923811448,134.27475645923698,75.7914024710665,84.30428454003426,138.53097719980923,90.57849728678374,78.45580208454882,123.0828813309245,82.69132252795066,63.278071425968506,49.402455928802055,10.950045038817734,52.56577691125078,91.5554502385749,nan,nan,nan,1.0,0.06091939036262403,0.28158589282544205,nan,nan,17,360.0236808177951,27.84618773476967,799.7539014167169,A1,L5,I1,T4,position_fusion,S01,X_A1_U4_P4_L5_I1_T4__S01,U4,P4,
X_A1_U4_P4_L5_I1_T5,error_state_ekf_screening,Phase4 L5 single-I position row.,34,17,40661,80.83506745190411,134.72338358095988,147.62711892794533,92.26117724551969,40661,43.60483389715207,76.93198829505957,88.8644298020031,51.90837895874552,40661,59.53949864853962,121.83004359612414,135.78480347709365,76.2734883206771,83.51254958300666,140.47816633836072,92.475252540083,80.35655160495642,125.38309437055858,87.13366265384568,60.688801846243706,51.71549387572395,11.426561875569433,54.97247835232563,95.9428370380925,nan,nan,nan,1.0,0.022200889461936494,0.11902665422609332,nan,nan,17,311.0703008957302,27.32174329304496,664.8105895679619,A1,L5,I1,T5,position_fusion,S01,X_A1_U4_P4_L5_I1_T5__S01,U4,P4,
X_A1_U4_P4_L5_I2_T1,uwb_only_control_repeated_for_matrix,Phase4 L5 single-I position row.,34,17,40661,81.44379905164085,135.63792903319148,149.45083155406283,93.06431814125139,40661,44.20775854635997,78.40405976624344,90.6998622650404,52.77419657588052,40661,59.54921710273152,122.41242778239848,137.1962670646759,76.6541028704033,85.17538368100142,141.34901843496027,93.30756636619924,83.48600715424959,125.72309462095251,85.30352037011573,59.245356580816505,49.8549060410769,11.763779434282895,56.659891072893714,95.81129783637786,nan,nan,nan,nan,nan,nan,nan,nan,17,288.01978180709415,26.193014270330536,580.4879182402317,A1,L5,I2,T1,uwb_only,S01,X_A1_U4_P4_L5_I2_T1__S01,U4,P4,
X_A1_U4_P4_L5_I2_T2,position_prior_screening,Phase4 L5 single-I position row.,34,17,40661,83.31286955698754,135.80526389996237,150.5616328263548,93.44062082206466,40661,43.7803321229732,85.90393517559934,100.74020497621808,55.549817309730194,40661,58.54005738351043,119.31445046101999,137.5721197792102,75.13566008539796,83.68483292189254,138.4694666029544,93.28584823528377,80.41619117553755,112.34529848731349,81.3512278064297,51.76198822572272,43.64200345477178,12.066830351207443,62.21593045953988,105.05372772639348,nan,nan,nan,1.0,0.2723495898858661,1.2395014389532277,nan,nan,17,273.39364238219815,27.175501121047432,437.43180176830356,A1,L5,I2,T2,position_fusion,S01,X_A1_U4_P4_L5_I2_T2__S01,U4,P4,
X_A1_U4_P4_L5_I2_T3,loose_ekf_screening,Phase4 L5 single-I position row.,34,17,40661,80.308907528317,133.10379267183035,146.30539510555352,91.37880556780287,40661,42.77946158008074,76.32104203587592,87.98353455898454,51.17117465182142,40661,59.19212878793314,120.95798839594295,135.1037370424042,75.70731134937436,83.90288312239758,138.61405559177018,91.97295632532592,79.13564065473597,125.12301695439288,82.23071647988871,59.35164282359274,52.16136235739992,11.016628349747691,53.10695586424187,92.88512541327847,nan,nan,nan,1.0,0.04367002049207197,0.2174617131567485,nan,nan,17,320.8064216438636,27.803414831437976,697.0634333446103,A1,L5,I2,T3,position_fusion,S01,X_A1_U4_P4_L5_I2_T3__S01,U4,P4,
X_A1_U4_P4_L5_I2_T4,loose_ukf_screening,Phase4 L5 single-I position row.,34,17,40661,80.31411574559415,132.74705319596802,145.92224736600627,91.13425899779976,40661,42.440046084563626,76.34020473010472,87.96832276473492,51.037713981093994,40661,59.058405979166764,120.55154168874469,134.86474636948287,75.5023503916407,83.99537169385484,139.06071479589184,92.23353241549864,78.5597808017418,124.1197421100356,82.92632088239696,59.28760858076191,52.12874980597405,11.065848384747369,52.458911321700654,91.66339031794556,nan,nan,nan,1.0,0.06491871144296832,0.3160683088825097,nan,nan,17,322.95595369937786,27.80171006246769,708.9802028606358,A1,L5,I2,T4,position_fusion,S01,X_A1_U4_P4_L5_I2_T4__S01,U4,P4,
X_A1_U4_P4_L5_I2_T5,error_state_ekf_screening,Phase4 L5 single-I position row.,34,17,40661,80.58947144246969,134.10685098658033,147.51538030155538,92.08589838674777,40661,43.372114816530676,76.72740917692187,88.85427156453645,51.7606031745147,40661,59.40605198889443,121.77862612802778,136.20604003300286,76.16201573425467,83.50035527514116,139.773050819851,92.40767917765477,80.82733261553776,126.28597057254703,84.53189285144688,60.57996487597974,50.83992060499867,11.407239840939013,54.786543997410774,95.88433489658973,nan,nan,nan,1.0,0.022870358088786957,0.13017416747928856,nan,nan,17,306.4246739975443,27.37847159952412,645.0862334609114,A1,L5,I2,T5,position_fusion,S01,X_A1_U4_P4_L5_I2_T5__S01,U4,P4,
X_A1_U4_P4_L5_I3_T1,uwb_only_control_repeated_for_matrix,Phase4 L5 single-I position row.,34,17,40661,81.44379905164085,135.63792903319148,149.45083155406283,93.06431814125139,40661,44.20775854635997,78.40405976624344,90.6998622650404,52.77419657588052,40661,59.54921710273152,122.41242778239848,137.1962670646759,76.6541028704033,85.17538368100142,141.34901843496027,93.30756636619924,83.48600715424959,125.72309462095251,85.30352037011573,59.245356580816505,49.8549060410769,11.763779434282895,56.659891072893714,95.81129783637786,nan,nan,nan,nan,nan,nan,nan,nan,17,288.01978180709415,26.193014270330536,580.4879182402317,A1,L5,I3,T1,uwb_only,S01,X_A1_U4_P4_L5_I3_T1__S01,U4,P4,
X_A1_U4_P4_L5_I3_T2,position_prior_screening,Phase4 L5 single-I position row.,34,17,40661,81.09198445029317,128.29548436316463,139.4782910155356,89.14789812201309,40661,39.66102834839131,73.79129539008234,84.41128944655534,48.55777997772978,40661,63.47636236526557,116.33446737603833,128.3229863208785,74.7628901475004,82.28561134544759,136.56657570880083,92.35167417531181,76.36478914974782,120.22343655212099,83.18353973656657,54.30791598040183,55.26198505104969,12.009561707382147,61.909517562898756,106.43037584037384,nan,nan,nan,1.0,0.22250650460483284,0.8263284462401725,nan,nan,17,394.4898074383599,27.317118610668615,872.3591766708516,A1,L5,I3,T2,position_fusion,S01,X_A1_U4_P4_L5_I3_T2__S01,U4,P4,
X_A1_U4_P4_L5_I3_T3,loose_ekf_screening,Phase4 L5 single-I position row.,34,17,40661,80.25495530046622,132.9668411306281,145.12091948309458,91.13026949104203,40661,42.07816548897525,74.66948661346018,85.91257855642743,50.26991731303345,40661,60.11872880461567,121.02116252565156,134.5520659032652,76.01092968021588,82.8527983209498,137.65741556303425,92.11349766388399,77.85480789525528,123.45501621261667,83.827967862056,57.725449985407735,51.519672989478806,10.948635422780143,52.627050399256945,92.30074427116999,nan,nan,nan,1.0,0.03993877475087991,0.19670706766896634,nan,nan,17,362.1421832792925,27.89496414338862,808.7151530699465,A1,L5,I3,T3,position_fusion,S01,X_A1_U4_P4_L5_I3_T3__S01,U4,P4,
X_A1_U4_P4_L5_I3_T4,loose_ukf_screening,Phase4 L5 single-I position row.,34,17,40661,80.24326891622702,132.35728992234672,144.09664888636894,90.73661236022218,40661,41.66120042948124,74.00676488141052,85.13784518614744,49.79808757292761,40661,60.471708880987535,120.67790934935874,133.96906167383042,75.85040076814529,81.78150580687463,136.76427854326667,91.60973372082312,77.13364575844172,122.85895972606696,83.8800768312731,57.35916696659572,50.9326128016063,10.963124761621657,51.883048779735674,90.8244596863895,nan,nan,nan,1.0,0.060046863513253355,0.2777589479465715,nan,nan,17,383.3423900260466,27.919480210531617,845.4002575964139,A1,L5,I3,T4,position_fusion,S01,X_A1_U4_P4_L5_I3_T4__S01,U4,P4,
X_A1_U4_P4_L5_I3_T5,error_state_ekf_screening,Phase4 L5 single-I position row.,34,17,40661,80.66334506137957,134.26489360876718,147.10422898665212,92.00291140312797,40661,43.051411702902314,76.06881052020245,87.96122254067306,51.375403846388934,40661,59.78793893714783,121.8764749848549,135.96147838606828,76.32236622558462,83.6828853391882,139.79538275853838,92.61716975722211,79.67100788572023,124.08489880751301,86.78856218615284,58.25275306224212,51.87164368410646,11.327135107107125,54.50939321130208,95.56354546387927,nan,nan,nan,1.0,0.02274207657026922,0.12282688051693985,nan,nan,17,319.65260189561974,27.62238972786298,696.2876045621119,A1,L5,I3,T5,position_fusion,S01,X_A1_U4_P4_L5_I3_T5__S01,U4,P4,
X_A1_U4_P4_L5_I4_T1,uwb_only_control_repeated_for_matrix,Phase4 L5 single-I position row.,34,17,40661,81.44379905164085,135.63792903319148,149.45083155406283,93.06431814125139,40661,44.20775854635997,78.40405976624344,90.6998622650404,52.77419657588052,40661,59.54921710273152,122.41242778239848,137.1962670646759,76.6541028704033,85.17538368100142,141.34901843496027,93.30756636619924,83.48600715424959,125.72309462095251,85.30352037011573,59.245356580816505,49.8549060410769,11.763779434282895,56.659891072893714,95.81129783637786,nan,nan,nan,nan,nan,nan,nan,nan,17,288.01978180709415,26.193014270330536,580.4879182402317,A1,L5,I4,T1,uwb_only,S01,X_A1_U4_P4_L5_I4_T1__S01,U4,P4,
X_A1_U4_P4_L5_I4_T2,position_prior_screening,Phase4 L5 single-I position row.,34,17,40661,79.64565723735464,128.44058532818144,142.09629561562042,89.45869176275413,40661,44.69224546547766,80.24331164249517,94.1958070580583,53.75728105298457,40661,57.885069811013864,112.18932983228228,125.99658071557508,71.50533033063957,79.81485530801984,129.20066854688923,89.2460379470059,74.11256531572482,110.76656737300584,75.64802116211098,57.33208639736983,44.50037981893064,11.616095874373315,65.18824829317488,111.63522641676107,nan,nan,nan,1.0,0.22955879939028123,0.9240262162671421,nan,nan,17,644.0340364657461,28.97403176758405,1243.445775697401,A1,L5,I4,T2,position_fusion,S01,X_A1_U4_P4_L5_I4_T2__S01,U4,P4,
X_A1_U4_P4_L5_I4_T3,loose_ekf_screening,Phase4 L5 single-I position row.,34,17,40661,79.90714862128587,132.5204399453867,145.96092593797155,90.99011744436746,40661,43.0635036036724,75.69225937727464,87.27619872840583,51.09037927850917,40661,59.02582049267073,120.20273857199936,134.30957363587618,75.29259337888332,83.01184147766246,136.70129959997354,90.9648661618817,75.75204509197874,123.83767873085702,82.3625141658159,58.81266339277859,50.60217244335195,11.030331445439373,52.36845394641293,92.3623561824857,nan,nan,nan,1.0,0.04138261660381555,0.20729869475555796,nan,nan,17,388.6771417349594,27.957246072854275,854.9407876317175,A1,L5,I4,T3,position_fusion,S01,X_A1_U4_P4_L5_I4_T3__S01,U4,P4,
X_A1_U4_P4_L5_I4_T4,loose_ukf_screening,Phase4 L5 single-I position row.,34,17,40661,79.68737722063652,131.674517225455,145.19241465435573,90.58509374921545,40661,42.86323255390564,75.4445972918278,86.99397984097983,50.91796933802909,40661,58.96227454535335,119.56235037107194,133.66713207798193,74.92008814761017,82.89552608290671,136.16963227582977,90.00403783170287,74.84956757171969,123.06377445750616,81.71839829426474,57.669306126600844,50.948488101783255,11.074234125512078,51.58613192477394,90.86938619582654,nan,nan,nan,1.0,0.061843345255757846,0.2970409520236321,nan,nan,17,424.5351231465565,27.993071105156503,1025.557388789818,A1,L5,I4,T4,position_fusion,S01,X_A1_U4_P4_L5_I4_T4__S01,U4,P4,
X_A1_U4_P4_L5_I4_T5,error_state_ekf_screening,Phase4 L5 single-I position row.,34,17,40661,80.5041149258386,133.8229258602638,147.48345513039766,91.90626820450188,40661,43.51786285610645,76.47232952778992,88.45316254986666,51.689423809586394,40661,59.26099203589092,121.4554024589961,135.813550158834,75.99319444207356,83.38760521547738,139.09822919945375,92.189263402011,79.3271546849565,124.29535480108912,84.74261720077638,59.324286290837904,52.605625428462076,11.270590969110401,54.34418487242993,95.85425401807632,nan,nan,nan,1.0,0.024064602764645695,0.13520650521307104,nan,nan,17,327.5019128118104,27.80846187759022,701.6830533248084,A1,L5,I4,T5,position_fusion,S01,X_A1_U4_P4_L5_I4_T5__S01,U4,P4,
X_A1_U4_P4_L5_I5_T1,uwb_only_control_repeated_for_matrix,Phase4 L5 single-I position row.,34,17,40661,81.44379905164085,135.63792903319148,149.45083155406283,93.06431814125139,40661,44.20775854635997,78.40405976624344,90.6998622650404,52.77419657588052,40661,59.54921710273152,122.41242778239848,137.1962670646759,76.6541028704033,85.17538368100142,141.34901843496027,93.30756636619924,83.48600715424959,125.72309462095251,85.30352037011573,59.245356580816505,49.8549060410769,11.763779434282895,56.659891072893714,95.81129783637786,nan,nan,nan,nan,nan,nan,nan,nan,17,288.01978180709415,26.193014270330536,580.4879182402317,A1,L5,I5,T1,uwb_only,S01,X_A1_U4_P4_L5_I5_T1__S01,U4,P4,
X_A1_U4_P4_L5_I5_T2,position_prior_screening,Phase4 L5 single-I position row.,34,17,40661,75.74974736261251,124.85571948628426,138.7921473906936,85.49582776564425,40661,42.037697090826086,77.42790940334004,90.43712526176786,51.53196352202353,40661,54.21299054095107,108.6302645662322,122.71294923310916,68.2201825041354,73.3985700629782,121.0041223690145,81.48434814203462,73.03977077732353,107.17937493774681,80.49875276180232,45.596558248779424,46.43648712721955,10.09519434726235,67.58070576698825,107.61500605557185,nan,nan,nan,1.0,0.28434349985662577,1.0200796035198665,nan,nan,17,327.2853353372379,27.213952303527947,426.6013942630551,A1,L5,I5,T2,position_fusion,S01,X_A1_U4_P4_L5_I5_T2__S01,U4,P4,
X_A1_U4_P4_L5_I5_T3,loose_ekf_screening,Phase4 L5 single-I position row.,34,17,40661,78.41320167573518,130.92053536932934,143.4838920410858,89.41975851314272,40661,42.415201318477386,73.74131734564142,84.94734186546103,50.11741607683698,40661,57.96312161463868,118.50344888534346,131.98405764845268,74.05496484591673,80.70336974764464,133.91191158447478,89.30363047823602,75.23327883437693,121.51002535074372,83.56376681630269,53.78381907028388,50.96598899246692,10.986008441886355,51.90981353650078,90.59061054844082,nan,nan,nan,1.0,0.059078889023056,0.27847068408627484,nan,nan,17,364.14133390306705,27.85091499823352,801.8281140021014,A1,L5,I5,T3,position_fusion,S01,X_A1_U4_P4_L5_I5_T3__S01,U4,P4,
X_A1_U4_P4_L5_I5_T4,loose_ukf_screening,Phase4 L5 single-I position row.,34,17,40661,77.79475292226483,129.81987708372023,142.27603515726787,88.66153794052377,40661,42.07801353651754,73.05532713439577,84.40263788698064,49.75041100294799,40661,57.59073141091426,117.61073036817788,131.0337227652442,73.38777088191662,80.28133026027686,132.03188531641666,88.70898199407475,74.28521462200044,120.42617920573525,84.06390137106824,53.309401104989774,49.73133126153755,11.179838665291726,51.47032947344758,89.29665777031192,nan,nan,nan,1.0,0.0854781379982387,0.3906743733416449,nan,nan,17,362.96746293398667,27.60601098963707,776.8291054708893,A1,L5,I5,T4,position_fusion,S01,X_A1_U4_P4_L5_I5_T4__S01,U4,P4,
X_A1_U4_P4_L5_I5_T5,error_state_ekf_screening,Phase4 L5 single-I position row.,34,17,40661,79.67632842097974,133.10658062956358,146.21670163341193,91.05707435440269,40661,43.140093870626785,75.54149444786073,86.92650403190027,51.11280385522121,40661,58.743419339554066,120.62408785191269,134.5981136795183,75.35829132909599,82.1648814043768,137.15572362599806,91.7569696887077,78.01368210287663,123.78403380720077,86.08022661361622,56.73890517075836,51.096508738965156,11.013407128505492,53.663670891587174,93.72487153868784,nan,nan,nan,1.0,0.03458372294162808,0.18539209022380895,nan,nan,17,333.47852215853317,27.80901159153342,729.110420055698,A1,L5,I5,T5,position_fusion,S01,X_A1_U4_P4_L5_I5_T5__S01,U4,P4,
X_A1_U4_P4_L5_I6_T1,uwb_only_control_repeated_for_matrix,Phase4 L5 single-I position row.,34,17,40661,81.44379905164085,135.63792903319148,149.45083155406283,93.06431814125139,40661,44.20775854635997,78.40405976624344,90.6998622650404,52.77419657588052,40661,59.54921710273152,122.41242778239848,137.1962670646759,76.6541028704033,85.17538368100142,141.34901843496027,93.30756636619924,83.48600715424959,125.72309462095251,85.30352037011573,59.245356580816505,49.8549060410769,11.763779434282895,56.659891072893714,95.81129783637786,nan,nan,nan,nan,nan,nan,nan,nan,17,288.01978180709415,26.193014270330536,580.4879182402317,A1,L5,I6,T1,uwb_only,S01,X_A1_U4_P4_L5_I6_T1__S01,U4,P4,
X_A1_U4_P4_L5_I6_T2,position_prior_screening,Phase4 L5 single-I position row.,34,17,40661,80.93469680911541,128.91805504113407,143.04434069334116,89.99190695290193,40661,45.364510154943815,78.89085239855483,90.27926990373122,53.34108869342923,40661,59.7903251435597,113.43568014967423,126.52785691736449,72.47945622050068,79.38770497745483,125.9400679743379,86.33619124283767,75.2295594415263,113.62203563656999,78.52192146632277,59.46184032079513,46.94185276746714,10.831875631039708,58.261045125267174,95.67000794034882,nan,nan,nan,1.0,0.26679309908200255,1.0049037219574584,nan,nan,17,504.89063141681095,28.09178213805876,1091.7915525366288,A1,L5,I6,T2,position_fusion,S01,X_A1_U4_P4_L5_I6_T2__S01,U4,P4,
X_A1_U4_P4_L5_I6_T3,loose_ekf_screening,Phase4 L5 single-I position row.,34,17,40661,79.52700187282133,131.55768473203668,144.57087806033744,90.51479993809724,40661,42.994842209480716,74.10290150367831,84.57354742661941,50.43584899672536,40661,59.37125277764744,119.39845866136534,132.91182924068994,75.16085512960376,80.12544684496652,133.95753108212995,89.83226968858668,79.0400442278495,124.187186507596,81.97797823800096,59.75486904190282,49.41631595041213,10.996617155892096,51.99099227010737,90.48024122602686,nan,nan,nan,1.0,0.05272070448849067,0.24687672144821327,nan,nan,17,377.6109703601414,28.049930712173875,835.3072958280399,A1,L5,I6,T3,position_fusion,S01,X_A1_U4_P4_L5_I6_T3__S01,U4,P4,
X_A1_U4_P4_L5_I6_T4,loose_ukf_screening,Phase4 L5 single-I position row.,34,17,40661,79.37796363874311,130.66319358373576,143.4569416921312,90.05382257185416,40661,42.99629153879545,73.56080114676716,83.88287532666405,50.16114242133499,40661,59.46922815014318,118.61087911051118,131.85079023157573,74.79004446308035,79.82035278758886,132.17188682104376,88.31470762526061,77.92839632480622,123.39415370851631,81.44789240903344,59.47918126243241,50.10212571160247,11.116651270473625,51.33459836813552,89.56861045508857,nan,nan,nan,1.0,0.07723896054903684,0.35014691311216084,nan,nan,17,400.3549065447593,27.82495515707683,886.7089258967876,A1,L5,I6,T4,position_fusion,S01,X_A1_U4_P4_L5_I6_T4__S01,U4,P4,
X_A1_U4_P4_L5_I6_T5,error_state_ekf_screening,Phase4 L5 single-I position row.,34,17,40661,80.21777992803234,133.37594692772203,146.68185060767453,91.60160063895292,40661,43.26545626299898,75.70378557580136,86.83045417221595,51.28914616095396,40661,59.50748468013876,121.06643879216404,134.97955541519673,75.89648691275849,81.7856314793321,137.5213804473824,92.69916576326176,81.02566711833929,125.82322169542651,84.4919913612047,59.381167828313465,51.13931650898644,11.140473019524592,53.93640972139437,94.52863021611154,nan,nan,nan,1.0,0.029923460683253723,0.16647481354623545,nan,nan,17,328.8752589109118,27.90534016967979,724.9026985414517,A1,L5,I6,T5,position_fusion,S01,X_A1_U4_P4_L5_I6_T5__S01,U4,P4,
X_A1_U4_P4_L5_I7_T1,uwb_only_control_repeated_for_matrix,Phase4 L5 single-I position row.,34,17,40661,81.44379905164085,135.63792903319148,149.45083155406283,93.06431814125139,40661,44.20775854635997,78.40405976624344,90.6998622650404,52.77419657588052,40661,59.54921710273152,122.41242778239848,137.1962670646759,76.6541028704033,85.17538368100142,141.34901843496027,93.30756636619924,83.48600715424959,125.72309462095251,85.30352037011573,59.245356580816505,49.8549060410769,11.763779434282895,56.659891072893714,95.81129783637786,nan,nan,nan,nan,nan,nan,nan,nan,17,288.01978180709415,26.193014270330536,580.4879182402317,A1,L5,I7,T1,uwb_only,S01,X_A1_U4_P4_L5_I7_T1__S01,U4,P4,
X_A1_U4_P4_L5_I7_T2,position_prior_screening,Phase4 L5 single-I position row.,34,17,40661,82.47641095641778,135.1963205689877,149.90038757446618,92.95056447336923,40661,45.91971431829489,85.98611270783603,99.82377049965979,56.2045849514051,40661,57.240629332892695,119.18518882356273,134.19550085355422,74.03277697316408,78.87352659412848,133.4323051894673,86.5603825150025,78.99376354338209,114.80273932225865,87.24062370632043,63.041292019655415,47.46842914163415,12.247157240313356,66.59239206302027,115.89396129669291,nan,nan,nan,1.0,0.2092332491222766,0.9552274392308271,nan,nan,17,326.0613729825016,27.167480858155614,861.7510225722903,A1,L5,I7,T2,position_fusion,S01,X_A1_U4_P4_L5_I7_T2__S01,U4,P4,
X_A1_U4_P4_L5_I7_T3,loose_ekf_screening,Phase4 L5 single-I position row.,34,17,40661,80.49053615038498,133.37847688935096,146.41070083155947,91.6670509884274,40661,43.754867913905116,77.10342533764303,88.82109335588565,51.944928481238044,40661,58.72216880541123,120.81435212540123,134.6796285947628,75.52862134313065,82.29153439929198,138.43809899756997,90.7721393845859,80.05875391475803,122.37074219153264,84.98008735783806,62.261571380215145,52.95585513610081,10.999725360297333,53.030944772289054,93.21604539462305,nan,nan,nan,1.0,0.03777342639941805,0.19701711773280123,nan,nan,17,346.4625191822445,27.814748970394362,757.5487777665464,A1,L5,I7,T3,position_fusion,S01,X_A1_U4_P4_L5_I7_T3__S01,U4,P4,
X_A1_U4_P4_L5_I7_T4,loose_ukf_screening,Phase4 L5 single-I position row.,34,17,40661,80.41376426770144,133.04676242952968,145.88476275518371,91.4640845538616,40661,43.83607210901426,77.41500343453029,88.93286956832209,51.973031993567275,40661,58.54818666501285,120.31882347884914,134.12243778047537,75.26275778013702,81.94313280872709,137.6193355786699,90.69617256886426,79.12937476035322,121.89792875354911,86.65741252804577,62.450838824158936,51.344704330608124,11.038218972763445,52.37751294611587,92.0831979625628,nan,nan,nan,1.0,0.055693709207628936,0.2868295448939554,nan,nan,17,362.7217095127383,27.82710737323947,790.1492285657633,A1,L5,I7,T4,position_fusion,S01,X_A1_U4_P4_L5_I7_T4__S01,U4,P4,
X_A1_U4_P4_L5_I7_T5,error_state_ekf_screening,Phase4 L5 single-I position row.,34,17,40661,80.83027769236648,134.15498590409086,147.42389515650655,92.23933778924393,40661,43.83917071066933,77.28842882949152,89.4218848553552,52.14458772233135,40661,59.20545775564415,121.57947811509837,135.97317177183368,76.08572406875244,83.26254553643612,139.95488843166282,92.24140435845099,81.67909621295752,125.91877063305071,86.26736058020053,60.58079567214,52.247019470318946,11.39358014834852,54.73588711572006,95.7446312085909,nan,nan,nan,1.0,0.021075091039463666,0.12181523691964631,nan,nan,17,313.18351865856096,27.491702960720204,668.5201417085668,A1,L5,I7,T5,position_fusion,S01,X_A1_U4_P4_L5_I7_T5__S01,U4,P4,
X_A1_U4_P4_L5_I8_T1,uwb_only_control_repeated_for_matrix,Phase4 L5 single-I position row.,34,17,40661,81.44379905164085,135.63792903319148,149.45083155406283,93.06431814125139,40661,44.20775854635997,78.40405976624344,90.6998622650404,52.77419657588052,40661,59.54921710273152,122.41242778239848,137.1962670646759,76.6541028704033,85.17538368100142,141.34901843496027,93.30756636619924,83.48600715424959,125.72309462095251,85.30352037011573,59.245356580816505,49.8549060410769,11.763779434282895,56.659891072893714,95.81129783637786,nan,nan,nan,nan,nan,nan,nan,nan,17,288.01978180709415,26.193014270330536,580.4879182402317,A1,L5,I8,T1,uwb_only,S01,X_A1_U4_P4_L5_I8_T1__S01,U4,P4,
X_A1_U4_P4_L5_I8_T2,position_prior_screening,Phase4 L5 single-I position row.,34,17,40661,83.14765556743225,135.36105062926256,152.80919735212157,94.35238455339808,40661,46.90645821715048,81.57546150009966,95.17324432619994,56.03302764185008,40661,60.56806379330669,117.53327392597532,135.01611499690523,75.91226702055457,83.06347702299877,129.5125695354862,88.9913462384656,80.28179263169687,109.72849894856571,83.2267541131413,55.58939663356186,40.92840112870579,11.083900965512527,65.22053328756394,111.74750435153703,nan,nan,nan,1.0,0.23895837305283052,0.914152325073454,nan,nan,17,413.1671514226569,28.11610832536121,689.7496690117628,A1,L5,I8,T2,position_fusion,S01,X_A1_U4_P4_L5_I8_T2__S01,U4,P4,
X_A1_U4_P4_L5_I8_T3,loose_ekf_screening,Phase4 L5 single-I position row.,34,17,40661,80.93065615750565,133.33051026405627,146.18941124778,91.9089051674146,40661,43.97673949145332,76.47953138621354,87.60986173179793,51.72358193970515,40661,60.11454711278202,120.27384336167188,134.2063957669593,75.97313946652078,81.91855881200456,135.58605687634696,90.66816823600885,79.05625976788349,125.25162622642199,85.43650197109817,60.572407465938646,51.925788534662445,11.000409124240463,52.182815865849776,90.83295970081255,nan,nan,nan,1.0,0.04770904440368827,0.22297107960615548,nan,nan,17,331.53762107463007,27.8590095147498,789.6782274500142,A1,L5,I8,T3,position_fusion,S01,X_A1_U4_P4_L5_I8_T3__S01,U4,P4,
X_A1_U4_P4_L5_I8_T4,loose_ukf_screening,Phase4 L5 single-I position row.,34,17,40661,80.96067047522239,132.89427535985448,145.6320963316572,91.7974487756157,40661,44.10184251368469,76.5491128573377,87.55128261453167,51.73219916722773,40661,60.26498369898684,119.78511362000859,133.51827744780985,75.8323886676008,81.00380288049021,135.33125813187334,90.12591762411023,78.79662419036345,125.15941306609568,86.27666453693531,60.596860602177316,50.656407356867135,11.059206604548223,53.77783740948159,91.90373964901079,nan,nan,nan,1.0,0.07057533459073963,0.31900034003358757,nan,nan,17,345.26806785921605,27.845115724501113,917.0687421828759,A1,L5,I8,T4,position_fusion,S01,X_A1_U4_P4_L5_I8_T4__S01,U4,P4,
X_A1_U4_P4_L5_I8_T5,error_state_ekf_screening,Phase4 L5 single-I position row.,34,17,40661,80.93753141571723,134.28621659810634,147.54914412298083,92.2940323198231,40661,43.907785908353375,76.79676889835656,88.67744690922144,51.960203099609885,40661,59.80901528480888,121.50337762620757,135.76357826369554,76.27795025890407,83.31718258298795,138.21017315707422,92.72793204113364,80.74273393338368,124.71217939202916,86.1497528025159,59.669466047499846,52.207475442361726,11.226546628016706,54.131019187837126,94.85247035853833,nan,nan,nan,1.0,0.027240807383994495,0.15067097392058532,nan,nan,17,310.23152936268946,27.796652648639338,586.3593475297862,A1,L5,I8,T5,position_fusion,S01,X_A1_U4_P4_L5_I8_T5__S01,U4,P4,
X_A1_U4_P5_L5_I0_T1,uwb_only_control_repeated_for_matrix,Phase4 L5 single-I position row.,34,17,40661,117.84109723555694,184.5722849515291,200.32415470715878,128.48309799995798,40661,70.4903682574708,139.84835164625343,158.87958645575222,89.70006035756637,40661,71.76286737734699,147.0655203322599,165.14888731701808,91.98807337647503,112.87736296677218,192.19535734760146,123.80177993809647,136.49595105628242,151.49924601684037,87.26430299563668,61.165088328954354,54.10315495186052,75.24503638300877,46.4788687022567,80.39820832712846,nan,nan,nan,nan,nan,nan,nan,nan,17,280.86032733974446,42.23415077922755,593.9375017382414,A1,L5,I0,T1,uwb_only,S01,X_A1_U4_P5_L5_I0_T1__S01,U4,P5,
X_A1_U4_P5_L5_I0_T2,position_prior_screening,Phase4 L5 single-I position row.,34,17,40661,118.07587015585392,183.32673553236341,200.17105819534655,129.49338319719178,40661,72.15579172773879,134.45129454895826,152.9746492395849,88.77228132926746,40661,73.64138301978278,151.73650235177865,171.74007152804347,94.27628736565808,113.9091628177634,187.96613969539712,128.7714820324197,134.07182707979,155.15769124813744,91.1244467891684,55.47849660446735,60.28985605996127,72.02556519091712,52.28332679187986,93.4368128675121,nan,nan,nan,1.0,0.23425996174846436,0.9601367651368614,nan,nan,17,325.1000576937434,43.53211156182107,674.5589947216806,A1,L5,I0,T2,position_fusion,S01,X_A1_U4_P5_L5_I0_T2__S01,U4,P5,
X_A1_U4_P5_L5_I0_T3,loose_ekf_screening,Phase4 L5 single-I position row.,34,17,40661,117.37473864822938,183.42503538525986,199.1920635250401,128.12495552916914,40661,70.20785544824689,138.13665670936953,157.38944529133727,89.08260560139506,40661,71.81508220236447,147.35453732519727,165.50461763021872,92.0885096448947,113.31811766981319,190.3933684877681,124.61123337463019,136.81579342919053,150.89953505295216,88.32689076629785,60.413057643912566,55.22633808301015,74.82260410940077,50.96554789159181,90.2873144083665,nan,nan,nan,1.0,0.02681331287758734,0.14372871642837787,nan,nan,17,296.14454387539007,42.46694223659915,678.4417499671997,A1,L5,I0,T3,position_fusion,S01,X_A1_U4_P5_L5_I0_T3__S01,U4,P5,
X_A1_U4_P5_L5_I0_T4,loose_ukf_screening,Phase4 L5 single-I position row.,34,17,40661,117.39168569498935,183.18908882793872,198.90097804484802,128.06536195259181,40661,70.23706461913218,137.66702382097637,156.95481484765017,88.91965890874367,40661,71.95961912089047,147.51572605077217,165.45910924938494,92.16306847973884,113.77359903578551,189.84017486897866,124.94877664879547,136.01318826214697,152.1989115931118,88.90885953925445,60.10710953310523,57.922293292877384,74.63045848259378,51.54390865572762,94.19959092240396,nan,nan,nan,1.0,0.042410246021315795,0.21922727470065,nan,nan,17,304.15717581435473,42.557004561654196,715.090014441263,A1,L5,I0,T4,position_fusion,S01,X_A1_U4_P5_L5_I0_T4__S01,U4,P5,
X_A1_U4_P5_L5_I0_T5,error_state_ekf_screening,Phase4 L5 single-I position row.,34,17,40661,117.65435862480936,183.9320108658784,199.75971253935157,128.30440649801264,40661,70.33091678174625,139.1802306218216,158.282592189508,89.42463845985799,40661,71.65485249667131,147.2049377346425,165.39337196005363,92.00681911212318,113.12068622252085,191.67747917428147,123.88756915365624,136.35786952622271,151.05107671721015,87.53474660421918,60.88812534541353,54.35677498064996,75.10004395371058,48.16023617732915,81.94207231720098,nan,nan,nan,1.0,0.012532215723145921,0.07084034242199906,nan,nan,17,284.8129524339215,42.32147983355759,618.9688180089311,A1,L5,I0,T5,position_fusion,S01,X_A1_U4_P5_L5_I0_T5__S01,U4,P5,
X_A1_U4_P5_L5_I1_T1,uwb_only_control_repeated_for_matrix,Phase4 L5 single-I position row.,34,17,40661,117.84109723555694,184.5722849515291,200.32415470715878,128.48309799995798,40661,70.4903682574708,139.84835164625343,158.87958645575222,89.70006035756637,40661,71.76286737734699,147.0655203322599,165.14888731701808,91.98807337647503,112.87736296677218,192.19535734760146,123.80177993809647,136.49595105628242,151.49924601684037,87.26430299563668,61.165088328954354,54.10315495186052,75.24503638300877,46.4788687022567,80.39820832712846,nan,nan,nan,nan,nan,nan,nan,nan,17,280.86032733974446,42.23415077922755,593.9375017382414,A1,L5,I1,T1,uwb_only,S01,X_A1_U4_P5_L5_I1_T1__S01,U4,P5,
X_A1_U4_P5_L5_I1_T2,position_prior_screening,Phase4 L5 single-I position row.,34,17,40661,109.77237578815013,177.9046047391374,194.45777773167987,123.33260740429394,40661,66.99683444754956,129.05069295550808,147.63477156824732,84.20851520610287,40661,70.3940684729946,144.61720291713414,163.29369257981216,90.11025477671917,106.26077304582716,180.91194026973204,119.09525542010384,119.46398798691271,147.66630738857947,86.78718590317135,60.93557526982149,48.430397616125674,62.08913031848951,57.477537068579515,102.66218600253174,nan,nan,nan,1.0,0.37750808063881675,1.4932758082287951,nan,nan,17,276.3538928481154,40.398580043062395,641.7782973161302,A1,L5,I1,T2,position_fusion,S01,X_A1_U4_P5_L5_I1_T2__S01,U4,P5,
X_A1_U4_P5_L5_I1_T3,loose_ekf_screening,Phase4 L5 single-I position row.,34,17,40661,116.55996911589686,181.88922440095303,197.56635184985015,126.79904911898318,40661,69.24491325569126,135.9041270438281,154.7800213887446,87.90198003039876,40661,71.27222589147641,146.14713903106417,163.88829884326606,91.38512332001137,111.29870069789621,188.29272824652756,121.05251844483206,130.254699168108,149.03509889159352,86.72903017525678,59.04181282771077,56.204337189622834,73.54730317327633,49.24318143453346,89.37773475193754,nan,nan,nan,1.0,0.05366167248724897,0.266253933287431,nan,nan,17,325.47964473450554,42.66152781656535,728.333078699294,A1,L5,I1,T3,position_fusion,S01,X_A1_U4_P5_L5_I1_T3__S01,U4,P5,
X_A1_U4_P5_L5_I1_T4,loose_ukf_screening,Phase4 L5 single-I position row.,34,17,40661,116.13959930428649,181.32709304653665,196.82665786386792,126.36625004564827,40661,69.02516047255331,135.14426270154735,153.37497258431594,87.44016397403097,40661,71.22368821283294,146.0015434577706,163.69728847670444,91.22854199642718,110.80579610436244,188.63266925849342,120.3538489379743,130.07978977044831,148.1489431815378,85.27639920854142,58.19180377310778,55.70920463225559,73.02447221003948,49.16322014756156,88.98933387251012,nan,nan,nan,1.0,0.08288435735198971,0.40264048011459497,nan,nan,17,331.0201635775985,42.71091304280702,750.6670088764881,A1,L5,I1,T4,position_fusion,S01,X_A1_U4_P5_L5_I1_T4__S01,U4,P5,
X_A1_U4_P5_L5_I1_T5,error_state_ekf_screening,Phase4 L5 single-I position row.,34,17,40661,117.11869090004069,183.19930362877233,199.0552989539293,127.65800869822095,40661,69.85173824148143,137.90865267228182,157.01526117934264,88.82050508720211,40661,71.43630546673933,146.69222934718823,164.37957667626756,91.69233916118272,112.12760025457418,188.8588898138558,122.4252781491248,134.3569259408646,150.67969968615677,86.76322647155297,60.38708445285607,57.41057151184208,74.60329861772573,49.607442483653045,85.21065208474403,nan,nan,nan,1.0,0.027076275020234485,0.15367850068390915,nan,nan,17,304.5441519403113,42.461170634981045,664.5946694114825,A1,L5,I1,T5,position_fusion,S01,X_A1_U4_P5_L5_I1_T5__S01,U4,P5,
X_A1_U4_P5_L5_I2_T1,uwb_only_control_repeated_for_matrix,Phase4 L5 single-I position row.,34,17,40661,117.84109723555694,184.5722849515291,200.32415470715878,128.48309799995798,40661,70.4903682574708,139.84835164625343,158.87958645575222,89.70006035756637,40661,71.76286737734699,147.0655203322599,165.14888731701808,91.98807337647503,112.87736296677218,192.19535734760146,123.80177993809647,136.49595105628242,151.49924601684037,87.26430299563668,61.165088328954354,54.10315495186052,75.24503638300877,46.4788687022567,80.39820832712846,nan,nan,nan,nan,nan,nan,nan,nan,17,280.86032733974446,42.23415077922755,593.9375017382414,A1,L5,I2,T1,uwb_only,S01,X_A1_U4_P5_L5_I2_T1__S01,U4,P5,
X_A1_U4_P5_L5_I2_T2,position_prior_screening,Phase4 L5 single-I position row.,34,17,40661,111.80232929387516,174.85450435307197,191.17177513064038,123.16462923120781,40661,69.31684465342697,128.62559321267491,146.73719056617054,84.77999757760689,40661,68.50070118589338,143.53097679957637,163.0357131701462,89.34135606986194,114.42013360899749,180.52484345162785,125.13769777819594,126.33818305295804,141.25433160391972,77.7860226217254,46.4651685396495,54.9381960913754,61.60563755177205,61.720158986142806,107.852906813194,nan,nan,nan,1.0,0.43036003969024383,1.6727680214624385,nan,nan,17,229.5020034704431,40.24643859734101,419.30716451942834,A1,L5,I2,T2,position_fusion,S01,X_A1_U4_P5_L5_I2_T2__S01,U4,P5,
X_A1_U4_P5_L5_I2_T3,loose_ekf_screening,Phase4 L5 single-I position row.,34,17,40661,116.48538345956007,180.74883526760993,196.19819941372833,126.51486184978211,40661,69.37980001568808,136.15104534216354,154.3683326846942,87.72797182226819,40661,71.10043136081549,145.92459255288736,163.24111012717685,91.1581769717932,110.53036332872108,186.55569824674689,124.22771305520061,132.9906935330718,151.3295572728644,85.27918698161099,60.160123756804865,56.777495086022554,73.4760130260889,48.99357218389712,88.55573974455913,nan,nan,nan,1.0,0.058602632587831896,0.3224435340813657,nan,nan,17,279.21988421363585,42.7378069881035,570.5599672391824,A1,L5,I2,T3,position_fusion,S01,X_A1_U4_P5_L5_I2_T3__S01,U4,P5,
X_A1_U4_P5_L5_I2_T4,loose_ukf_screening,Phase4 L5 single-I position row.,34,17,40661,115.89831217280101,179.96748796058276,194.99343839412242,126.02629787070056,40661,69.3417590913627,135.19215233759658,153.01256836379218,87.24960758389993,40661,70.93570565982964,145.78127093237094,162.82973671764398,90.94027562884342,110.40519111828478,184.88637343595914,124.18263480277741,132.34023420337311,150.52002745240384,84.21938727097901,58.927670003352404,56.176964487566806,72.8999407358157,49.04709339200005,87.99900326644004,nan,nan,nan,1.0,0.09115191022237776,0.4761517192940303,nan,nan,17,272.0421150388232,40.8410697233507,545.41358361483,A1,L5,I2,T4,position_fusion,S01,X_A1_U4_P5_L5_I2_T4__S01,U4,P5,
X_A1_U4_P5_L5_I2_T5,error_state_ekf_screening,Phase4 L5 single-I position row.,34,17,40661,117.1287151141895,182.673568750147,198.29791459449157,127.50853536487709,40661,69.79429382781304,138.03590905159464,156.64473732512536,88.71597326383613,40661,71.44249726242663,146.42005239342438,164.1668084454634,91.5854938226924,111.3464221116543,189.2169380118661,123.59856477044272,135.73500744757933,151.51615868840145,86.14040622494363,62.18891079595227,57.14494591179135,74.55681038567002,49.34748526330874,84.61388032924273,nan,nan,nan,1.0,0.03052107552302722,0.18435591350564373,nan,nan,17,289.5163476104729,42.51019274982042,600.4594698115925,A1,L5,I2,T5,position_fusion,S01,X_A1_U4_P5_L5_I2_T5__S01,U4,P5,
X_A1_U4_P5_L5_I3_T1,uwb_only_control_repeated_for_matrix,Phase4 L5 single-I position row.,34,17,40661,117.84109723555694,184.5722849515291,200.32415470715878,128.48309799995798,40661,70.4903682574708,139.84835164625343,158.87958645575222,89.70006035756637,40661,71.76286737734699,147.0655203322599,165.14888731701808,91.98807337647503,112.87736296677218,192.19535734760146,123.80177993809647,136.49595105628242,151.49924601684037,87.26430299563668,61.165088328954354,54.10315495186052,75.24503638300877,46.4788687022567,80.39820832712846,nan,nan,nan,nan,nan,nan,nan,nan,17,280.86032733974446,42.23415077922755,593.9375017382414,A1,L5,I3,T1,uwb_only,S01,X_A1_U4_P5_L5_I3_T1__S01,U4,P5,
X_A1_U4_P5_L5_I3_T2,position_prior_screening,Phase4 L5 single-I position row.,34,17,40661,108.03294501781072,168.28278861928482,182.090182992565,118.91959171134407,40661,64.00576407521164,119.76240395849001,137.34417196887597,79.22920479746908,40661,71.84583553844288,139.97929058161253,156.2842148887005,88.6825935567599,107.96034519694771,173.10182471386338,117.58142093186228,116.17461252376253,147.60751236629528,84.47285770338215,46.86811270029808,61.318553401629174,59.12575640674697,60.80854954087327,105.58756752890525,nan,nan,nan,1.0,0.3760795178835128,1.3706238804256041,nan,nan,17,273.5008457439833,39.38658500388948,555.6158265502347,A1,L5,I3,T2,position_fusion,S01,X_A1_U4_P5_L5_I3_T2__S01,U4,P5,
X_A1_U4_P5_L5_I3_T3,loose_ekf_screening,Phase4 L5 single-I position row.,34,17,40661,116.23747320101512,180.32086357652923,194.78855235226288,126.16510083932194,40661,68.60671083697068,134.62539839672357,152.78695347904454,86.98031514639563,40661,71.98694423156098,145.80231590539006,163.16468334688352,91.38959156725659,109.35151806454323,187.74952966820734,122.36382076538167,127.4859144314211,148.09593879415428,86.65517313214835,57.39141002389591,56.81441170995157,73.20262266371816,48.8440518374054,88.42381830746896,nan,nan,nan,1.0,0.05207864467296608,0.2983915721276439,nan,nan,17,345.7860202362071,42.8200603475658,795.8914474954698,A1,L5,I3,T3,position_fusion,S01,X_A1_U4_P5_L5_I3_T3__S01,U4,P5,
X_A1_U4_P5_L5_I3_T4,loose_ukf_screening,Phase4 L5 single-I position row.,34,17,40661,115.70624305326787,179.2255164481768,193.2916795518238,125.50537730918718,40661,68.10654005756477,133.18536026847914,150.85759755054417,86.22805524193625,40661,72.04245987205286,145.43243117912812,162.82667549209054,91.19387162915623,108.34997396400567,185.85056108107995,122.22555586252655,125.47738910393153,146.75028936800453,86.25000380371844,56.040472254099804,57.87149523599862,72.49103594205582,48.8063460603677,87.72956655442,nan,nan,nan,1.0,0.07983847307204665,0.42497338939175455,nan,nan,17,355.94753099130355,42.86295112018223,809.4351075385895,A1,L5,I3,T4,position_fusion,S01,X_A1_U4_P5_L5_I3_T4__S01,U4,P5,
X_A1_U4_P5_L5_I3_T5,error_state_ekf_screening,Phase4 L5 single-I position row.,34,17,40661,117.0175810487587,182.4788401099451,197.80822909565293,127.38345738494941,40661,69.48771163037355,137.26500391875024,156.32104876875448,88.40048022161005,40661,71.70755316408616,146.53006781463228,164.3019296452735,91.716412445821,111.14660374696638,189.0113370089269,122.70702030232474,132.57945587220001,150.45002914834322,87.95785261917015,59.65626399791908,58.43844614316981,74.40469664566177,49.29482929436458,87.19190840278507,nan,nan,nan,1.0,0.027628394240461013,0.1791615532859655,nan,nan,17,314.9703128255431,42.565640238278036,711.9931054770875,A1,L5,I3,T5,position_fusion,S01,X_A1_U4_P5_L5_I3_T5__S01,U4,P5,
X_A1_U4_P5_L5_I4_T1,uwb_only_control_repeated_for_matrix,Phase4 L5 single-I position row.,34,17,40661,117.84109723555694,184.5722849515291,200.32415470715878,128.48309799995798,40661,70.4903682574708,139.84835164625343,158.87958645575222,89.70006035756637,40661,71.76286737734699,147.0655203322599,165.14888731701808,91.98807337647503,112.87736296677218,192.19535734760146,123.80177993809647,136.49595105628242,151.49924601684037,87.26430299563668,61.165088328954354,54.10315495186052,75.24503638300877,46.4788687022567,80.39820832712846,nan,nan,nan,nan,nan,nan,nan,nan,17,280.86032733974446,42.23415077922755,593.9375017382414,A1,L5,I4,T1,uwb_only,S01,X_A1_U4_P5_L5_I4_T1__S01,U4,P5,
X_A1_U4_P5_L5_I4_T2,position_prior_screening,Phase4 L5 single-I position row.,34,17,40661,106.60497862447555,169.3775778221477,184.75205440088465,118.4889148674348,40661,67.28141976852982,124.92098418554488,140.81253985319051,81.78521546496036,40661,68.54965608914426,136.0600672542971,152.72799462873218,85.73681518351506,103.30249489107099,168.18397650120966,114.41721375694551,116.63102214457251,140.57100203485982,79.3192925222741,51.67297282786963,51.63321513670695,57.86743399304578,56.75540337973816,100.35560545822901,nan,nan,nan,1.0,0.37957832328653995,1.3706787743289754,nan,nan,17,277.78884644567694,39.63080096959709,633.8637253698516,A1,L5,I4,T2,position_fusion,S01,X_A1_U4_P5_L5_I4_T2__S01,U4,P5,
X_A1_U4_P5_L5_I4_T3,loose_ekf_screening,Phase4 L5 single-I position row.,34,17,40661,115.55937911363324,180.7188572393456,195.44152019463655,125.94909907997805,40661,69.5122053574581,135.39494181575617,153.54783476570657,87.29791241509511,40661,71.22764308608248,144.7897774889659,162.7086395421934,90.78683851211315,110.70694609102746,185.2032905678991,122.0574283604119,130.28481581027245,148.03088572989986,83.12192244494024,59.257599826027686,52.8100149608166,72.9283362915834,48.91304624564206,88.07772611151375,nan,nan,nan,1.0,0.05742308632155842,0.31979222466950824,nan,nan,17,384.4900537017037,42.850582740800235,889.7385308813737,A1,L5,I4,T3,position_fusion,S01,X_A1_U4_P5_L5_I4_T3__S01,U4,P5,
X_A1_U4_P5_L5_I4_T4,loose_ukf_screening,Phase4 L5 single-I position row.,34,17,40661,114.95716097509874,179.83894365521002,194.28136668481625,125.23866735177813,40661,69.37705339792973,134.4902936198808,152.17712491385842,86.66794981252507,40661,71.06416771256454,144.0517870176925,162.05070773094326,90.40680436417922,109.57209405844199,183.62070346322838,121.59653833211391,129.13511611493368,147.5085692558905,82.22009195745242,58.78885093581151,53.227792764136495,72.08391354507319,48.85016733204557,88.30491528425267,nan,nan,nan,1.0,0.08783560439245575,0.4544444495864555,nan,nan,17,403.0636836938682,42.87494208167897,969.6119126286815,A1,L5,I4,T4,position_fusion,S01,X_A1_U4_P5_L5_I4_T4__S01,U4,P5,
X_A1_U4_P5_L5_I4_T5,error_state_ekf_screening,Phase4 L5 single-I position row.,34,17,40661,116.77692768632869,182.64756556991492,198.20103573615842,127.26945560303413,40661,69.88869079610055,137.79663821962444,156.6070897593141,88.51708648525907,40661,71.3906745433278,146.26063995521827,164.1319937150406,91.44528270858939,111.99666531124092,188.35589020368832,122.89460682750631,134.88310654143172,150.50457267557238,86.75354133453745,60.566103919577614,56.87532223777748,74.2789950683771,49.350402993600014,88.51560760202783,nan,nan,nan,1.0,0.031163974653250145,0.19375077724985357,nan,nan,17,331.3755165379922,42.59748405971476,705.298280896578,A1,L5,I4,T5,position_fusion,S01,X_A1_U4_P5_L5_I4_T5__S01,U4,P5,
X_A1_U4_P5_L5_I5_T1,uwb_only_control_repeated_for_matrix,Phase4 L5 single-I position row.,34,17,40661,117.84109723555694,184.5722849515291,200.32415470715878,128.48309799995798,40661,70.4903682574708,139.84835164625343,158.87958645575222,89.70006035756637,40661,71.76286737734699,147.0655203322599,165.14888731701808,91.98807337647503,112.87736296677218,192.19535734760146,123.80177993809647,136.49595105628242,151.49924601684037,87.26430299563668,61.165088328954354,54.10315495186052,75.24503638300877,46.4788687022567,80.39820832712846,nan,nan,nan,nan,nan,nan,nan,nan,17,280.86032733974446,42.23415077922755,593.9375017382414,A1,L5,I5,T1,uwb_only,S01,X_A1_U4_P5_L5_I5_T1__S01,U4,P5,
X_A1_U4_P5_L5_I5_T2,position_prior_screening,Phase4 L5 single-I position row.,34,17,40661,100.87636225607837,160.02815642680443,175.76419997042268,112.11961243466774,40661,62.94136882010816,115.47746550177472,131.2143671694723,76.94788074154631,40661,65.26802908793184,128.10626355872023,146.23702408165514,81.54649680939619,101.19286643313384,156.26766703913432,108.61191900401016,104.55312947471693,130.47900617905725,78.91637728026674,42.77172901039958,50.866513282548226,50.2771104303111,64.7569752306489,109.76812469810028,nan,nan,nan,1.0,0.5461026341687548,1.9024940721377606,nan,nan,17,262.56993294115284,38.147946108776694,319.2458365713183,A1,L5,I5,T2,position_fusion,S01,X_A1_U4_P5_L5_I5_T2__S01,U4,P5,
X_A1_U4_P5_L5_I5_T3,loose_ekf_screening,Phase4 L5 single-I position row.,34,17,40661,113.91739443493947,177.73188767748863,192.50116389311245,124.16011658249344,40661,68.55159848789091,132.60396167456435,149.72677805259147,85.91271661851466,40661,70.37412808645945,142.44656236424748,160.3718451935638,89.63670940527189,108.23531127957943,182.84821276710443,120.13672683484822,124.54306577741576,143.8242148125442,84.29794615769364,55.104576873784424,54.202470361539724,71.57480673646546,50.227514970662206,91.14173007749801,nan,nan,nan,1.0,0.0895370151153061,0.43466225865729313,nan,nan,17,313.0846345499398,42.71866986753304,675.5973981235736,A1,L5,I5,T3,position_fusion,S01,X_A1_U4_P5_L5_I5_T3__S01,U4,P5,
X_A1_U4_P5_L5_I5_T4,loose_ukf_screening,Phase4 L5 single-I position row.,34,17,40661,112.58735304545084,175.78461523727478,190.49233671687725,122.96062145495672,40661,68.07595465005895,130.64789259184292,147.22915790300607,84.90658471804028,40661,70.1773363841221,141.29098158434363,159.2936295646516,88.93922812857896,106.98239148180207,179.98086863456777,118.86606989463391,122.12498458511968,142.8319109504033,83.10525151317646,53.083535243989594,53.40599326705035,70.1043604693227,50.8882384392447,91.4585308584042,nan,nan,nan,1.0,0.1366525705904433,0.6116978216807447,nan,nan,17,311.34759277832944,42.553412067310376,643.9764418715358,A1,L5,I5,T4,position_fusion,S01,X_A1_U4_P5_L5_I5_T4__S01,U4,P5,
X_A1_U4_P5_L5_I5_T5,error_state_ekf_screening,Phase4 L5 single-I position row.,34,17,40661,116.00787194946955,181.2334362716086,196.50719707062717,126.39381417436648,40661,69.34696416509809,136.1181324572133,154.60162907200564,87.83145157070186,40661,70.8779918325838,145.1480599139893,162.88173635023918,90.89022156716165,110.51062350710272,187.40608741379276,122.53209360164225,131.58507907870717,147.16830051809234,86.75388451811664,58.67567750661408,54.805315164902936,73.63402053368779,49.63819052284336,90.47874747022313,nan,nan,nan,1.0,0.04539862616410391,0.28122557672442267,nan,nan,17,312.95225517353464,42.650576878982065,675.4922425015254,A1,L5,I5,T5,position_fusion,S01,X_A1_U4_P5_L5_I5_T5__S01,U4,P5,
X_A1_U4_P5_L5_I6_T1,uwb_only_control_repeated_for_matrix,Phase4 L5 single-I position row.,34,17,40661,117.84109723555694,184.5722849515291,200.32415470715878,128.48309799995798,40661,70.4903682574708,139.84835164625343,158.87958645575222,89.70006035756637,40661,71.76286737734699,147.0655203322599,165.14888731701808,91.98807337647503,112.87736296677218,192.19535734760146,123.80177993809647,136.49595105628242,151.49924601684037,87.26430299563668,61.165088328954354,54.10315495186052,75.24503638300877,46.4788687022567,80.39820832712846,nan,nan,nan,nan,nan,nan,nan,nan,17,280.86032733974446,42.23415077922755,593.9375017382414,A1,L5,I6,T1,uwb_only,S01,X_A1_U4_P5_L5_I6_T1__S01,U4,P5,
X_A1_U4_P5_L5_I6_T2,position_prior_screening,Phase4 L5 single-I position row.,34,17,40661,105.066056978989,167.04045556126547,183.55035338961218,117.04143487563886,40661,65.02170401608008,120.4156248365276,136.13501945271128,79.60523779907078,40661,69.7785172888307,135.52099519868568,152.90110000353513,85.80037058604005,105.45656974806462,168.1648444257217,112.1171609805397,112.93928984274274,135.73974293599144,78.38825067774518,46.466908166038365,52.60402500702793,53.65220115413666,61.29956285149461,101.96846454515817,nan,nan,nan,1.0,0.4771561777373277,1.7905494699061557,nan,nan,17,292.1247241509496,39.04434267368197,710.7937018766477,A1,L5,I6,T2,position_fusion,S01,X_A1_U4_P5_L5_I6_T2__S01,U4,P5,
X_A1_U4_P5_L5_I6_T3,loose_ekf_screening,Phase4 L5 single-I position row.,34,17,40661,114.96404607843836,179.45189674092092,194.03759018089394,125.25966319182271,40661,69.04299631595399,133.9286997335846,151.50677317363278,86.47940816648149,40661,71.24786693432668,144.39077148011552,161.80698454942922,90.61619715097274,110.68398393872327,184.96870227098827,122.80612438278364,127.2609177782234,146.58272945277326,81.69737031574633,58.845301120469074,57.68839011459204,72.36554327165061,49.342941051445436,89.17076623096831,nan,nan,nan,1.0,0.07420962480666073,0.4071769277183227,nan,nan,17,344.2664827210501,42.965667123187814,776.4499899242184,A1,L5,I6,T3,position_fusion,S01,X_A1_U4_P5_L5_I6_T3__S01,U4,P5,
X_A1_U4_P5_L5_I6_T4,loose_ukf_screening,Phase4 L5 single-I position row.,34,17,40661,114.11475891993345,178.0900352633511,192.64456777962053,124.38405794473232,40661,68.7741434832385,132.3927105483019,149.53097419260288,85.64622338411978,40661,71.27403453206387,143.60594859086882,161.02701974344745,90.20043398363438,109.95164015271489,182.80902182841984,122.8109449988115,125.266585441623,145.10697919362636,81.91476102732392,57.29025651546747,58.54970267850075,71.22622076233063,49.54596297024243,89.09846880343287,nan,nan,nan,1.0,0.11231883335062218,0.5765578149723654,nan,nan,17,351.29812981627146,42.93900049448388,777.7706952709979,A1,L5,I6,T4,position_fusion,S01,X_A1_U4_P5_L5_I6_T4__S01,U4,P5,
X_A1_U4_P5_L5_I6_T5,error_state_ekf_screening,Phase4 L5 single-I position row.,34,17,40661,116.57898680230664,182.24660463375415,197.35274323032814,126.91227943203116,40661,69.56040329995848,136.8577801951662,155.5452829618826,88.09962794031388,40661,71.4890349990676,145.8433414132428,163.69922381948913,91.35196893013432,112.0176902592004,188.75768486431417,122.88910587503804,132.69915743268402,147.76499593039168,85.43197384587236,60.85242666498624,56.12679386372656,73.93162023925578,49.40984862280615,89.52105844877472,nan,nan,nan,1.0,0.04049558466595869,0.24059362244819557,nan,nan,17,317.7054918178342,42.71010178415645,712.1624440584363,A1,L5,I6,T5,position_fusion,S01,X_A1_U4_P5_L5_I6_T5__S01,U4,P5,
X_A1_U4_P5_L5_I7_T1,uwb_only_control_repeated_for_matrix,Phase4 L5 single-I position row.,34,17,40661,117.84109723555694,184.5722849515291,200.32415470715878,128.48309799995798,40661,70.4903682574708,139.84835164625343,158.87958645575222,89.70006035756637,40661,71.76286737734699,147.0655203322599,165.14888731701808,91.98807337647503,112.87736296677218,192.19535734760146,123.80177993809647,136.49595105628242,151.49924601684037,87.26430299563668,61.165088328954354,54.10315495186052,75.24503638300877,46.4788687022567,80.39820832712846,nan,nan,nan,nan,nan,nan,nan,nan,17,280.86032733974446,42.23415077922755,593.9375017382414,A1,L5,I7,T1,uwb_only,S01,X_A1_U4_P5_L5_I7_T1__S01,U4,P5,
X_A1_U4_P5_L5_I7_T2,position_prior_screening,Phase4 L5 single-I position row.,34,17,40661,108.69714309454884,175.91969991403477,191.79334103399975,122.53452953269655,40661,69.32481760220428,130.1339342731935,148.33322587641618,84.88924946655109,40661,70.16071610630172,141.17449402547595,158.3044415644456,88.36586588046843,110.51941595256532,175.48657482297,120.5739761751878,120.15790747401192,141.97181848113138,86.72252223263811,53.76039302114823,51.525372979290125,61.17980400346457,61.86611045270544,106.75836451230288,nan,nan,nan,1.0,0.35688494103708124,1.45089126587217,nan,nan,17,146.21063700172166,39.26648541057153,337.5213459055133,A1,L5,I7,T2,position_fusion,S01,X_A1_U4_P5_L5_I7_T2__S01,U4,P5,
X_A1_U4_P5_L5_I7_T3,loose_ekf_screening,Phase4 L5 single-I position row.,34,17,40661,116.13590768598252,181.3262588132864,196.6105981007014,126.67336352554146,40661,69.65243934253375,136.4908905740823,155.05224252950117,88.11127620676189,40661,71.65982000404779,144.7264862198042,162.25271989610383,91.00848329738109,111.216096618568,185.99905869906837,123.208275948789,127.17772144221121,149.59894477775597,85.4914121273315,61.68950626960467,52.83780558047334,73.42671824679425,48.965089927761134,88.05926733849947,nan,nan,nan,1.0,0.04834317440273315,0.28802090129450697,nan,nan,17,322.42115140109166,42.73633232724006,703.8333077553367,A1,L5,I7,T3,position_fusion,S01,X_A1_U4_P5_L5_I7_T3__S01,U4,P5,
X_A1_U4_P5_L5_I7_T4,loose_ukf_screening,Phase4 L5 single-I position row.,34,17,40661,115.48976483282408,180.35155500276343,195.58659881072435,126.1984421755843,40661,69.57315046351157,135.53168240276156,154.09271640859967,87.70757273466889,40661,71.8037784492708,144.19102839249854,161.42219819972274,90.73824162136415,110.96876281111459,183.76883279594438,123.01229648797474,125.30742414070795,148.41806593313106,84.58465978580153,61.217113900876136,55.51621810579803,72.83599681718823,49.01775586389735,88.3422749991281,nan,nan,nan,1.0,0.07470293758876828,0.41693131098145875,nan,nan,17,321.9660196685424,42.78787046920826,708.0868749535728,A1,L5,I7,T4,position_fusion,S01,X_A1_U4_P5_L5_I7_T4__S01,U4,P5,
X_A1_U4_P5_L5_I7_T5,error_state_ekf_screening,Phase4 L5 single-I position row.,34,17,40661,117.05581509269325,182.93024216712658,198.33180428040674,127.59888059469525,40661,69.9498153281242,138.2194276756651,157.293076818513,88.91047725104251,40661,71.69044337344485,145.84652279953332,163.62134178617953,91.52268223785372,111.95239001897036,188.98486867378392,123.48341441651823,132.3973862535149,150.65184588961034,86.33648937565835,62.241550946521016,55.773923574510775,74.53052178294618,49.325602605624525,85.49397277984829,nan,nan,nan,1.0,0.025553136340401655,0.16632977546224648,nan,nan,17,306.4614592415843,42.50715360494968,660.7351376559196,A1,L5,I7,T5,position_fusion,S01,X_A1_U4_P5_L5_I7_T5__S01,U4,P5,
X_A1_U4_P5_L5_I8_T1,uwb_only_control_repeated_for_matrix,Phase4 L5 single-I position row.,34,17,40661,117.84109723555694,184.5722849515291,200.32415470715878,128.48309799995798,40661,70.4903682574708,139.84835164625343,158.87958645575222,89.70006035756637,40661,71.76286737734699,147.0655203322599,165.14888731701808,91.98807337647503,112.87736296677218,192.19535734760146,123.80177993809647,136.49595105628242,151.49924601684037,87.26430299563668,61.165088328954354,54.10315495186052,75.24503638300877,46.4788687022567,80.39820832712846,nan,nan,nan,nan,nan,nan,nan,nan,17,280.86032733974446,42.23415077922755,593.9375017382414,A1,L5,I8,T1,uwb_only,S01,X_A1_U4_P5_L5_I8_T1__S01,U4,P5,
X_A1_U4_P5_L5_I8_T2,position_prior_screening,Phase4 L5 single-I position row.,34,17,40661,110.2948447562427,173.03668186914837,189.21005382792714,121.28827388007406,40661,69.24040330730243,122.91565225090362,137.21479770008247,82.3050015849796,40661,71.13711842212751,141.75618590237286,160.11649187572766,89.08833871447126,108.92828222391637,165.92514765628925,114.32930480095538,111.78955082033266,138.09323664967008,83.04817695161498,53.72308524799776,47.698993678189595,55.588461960822485,61.17638548451545,104.00766222869939,nan,nan,nan,1.0,0.43443319479688886,1.550903866907935,nan,nan,17,83.95953866712267,38.645232251299376,161.32309117308415,A1,L5,I8,T2,position_fusion,S01,X_A1_U4_P5_L5_I8_T2__S01,U4,P5,
X_A1_U4_P5_L5_I8_T3,loose_ekf_screening,Phase4 L5 single-I position row.,34,17,40661,116.52350415342717,180.9102750221552,195.4846601282281,126.44210421491456,40661,70.17681612939644,134.52074018796893,152.57559427502247,87.44808466545645,40661,71.79351731373094,145.19584950746867,162.54926948075376,91.32599962025316,110.84683780742367,183.62294447292396,122.04632238173633,127.6865009508218,149.3506589826186,84.76358434402786,60.18303117961648,53.479245135551764,72.61084120777133,50.347808708134835,89.2858466496259,nan,nan,nan,1.0,0.06819964572915616,0.3633625101693059,nan,nan,17,292.4011554241923,42.77541321118014,711.8320629479186,A1,L5,I8,T3,position_fusion,S01,X_A1_U4_P5_L5_I8_T3__S01,U4,P5,
X_A1_U4_P5_L5_I8_T4,loose_ukf_screening,Phase4 L5 single-I position row.,34,17,40661,116.11947701573565,179.84350717409288,194.18337350923215,125.88300734436902,40661,70.33524254200421,133.050464078487,150.4194962515833,86.85328301161218,40661,71.74897677639092,144.6241098216135,161.96568510400812,91.12101167221128,110.11943067076677,181.40107539781303,121.25316240244626,126.60061845677643,149.12412755732777,83.25275032840872,59.54958673248697,53.76758017930365,71.60539164916898,52.0514743088257,92.32778202666182,nan,nan,nan,1.0,0.10282804702014436,0.5217889012631745,nan,nan,17,286.25416223476384,40.78433442208882,739.4742780427746,A1,L5,I8,T4,position_fusion,S01,X_A1_U4_P5_L5_I8_T4__S01,U4,P5,
X_A1_U4_P5_L5_I8_T5,error_state_ekf_screening,Phase4 L5 single-I position row.,34,17,40661,117.39470631272565,182.80046590705044,198.15974541358685,127.48278826145415,40661,70.13015807034826,137.14327746789488,155.9513866078376,88.58349079079966,40661,71.85500888929141,146.32557050888113,163.73159559702503,91.6778406280987,111.7147232563106,187.8343479454788,123.0572788795194,133.5083975217234,151.33096714557882,86.58013888646991,61.036756090532336,56.474917906489566,74.096310513416,49.433758412251535,90.00233689694952,nan,nan,nan,1.0,0.03660849273280714,0.22641572232374874,nan,nan,17,290.78895168864943,42.59586581075774,578.1566890476802,A1,L5,I8,T5,position_fusion,S01,X_A1_U4_P5_L5_I8_T5__S01,U4,P5,
X_A2_U4_P0_L5_I0_T1,uwb_only_control_repeated_for_matrix,Phase4 L5 single-I position row.,34,17,40661,104.47503409732245,178.3231016429441,206.1889222480439,125.39509954748621,40661,61.73802093869074,120.72794024933711,143.32680612429232,80.13126215636703,40661,66.87835610225352,150.17987488728772,176.18877501884754,96.45160348978939,105.58545344419053,200.43321386993458,121.94037510970881,137.17785740362655,172.02692172777387,87.93693208159814,62.33296994296188,40.855388781204226,22.584509704559707,96.58832002222417,180.43440234687074,nan,nan,nan,nan,nan,nan,nan,nan,17,23.597638476516277,18.176905567048948,42.033552221753695,A2,L5,I0,T1,uwb_only,S01,X_A2_U4_P0_L5_I0_T1__S01,U4,P0,
X_A2_U4_P0_L5_I0_T2,position_prior_screening,Phase4 L5 single-I position row.,34,17,40661,90.38446163437301,152.0154178878066,172.02288193517612,104.60191052873984,40661,52.7300067448386,102.42826701672693,119.72202559974386,67.18066254031649,40661,58.14378172596548,130.2776263151859,149.5328587760066,80.17679381782868,92.32498737224822,166.8980950343926,103.36723362996497,109.93025745088772,140.90410647583232,86.36692299264519,66.67205531519471,41.4004883004078,20.56170516797323,77.55332688607689,141.9876587735945,nan,nan,nan,1.0,0.5331847773903433,2.2979750365959988,nan,nan,17,98.23857608168309,21.23570621744409,250.12498078640678,A2,L5,I0,T2,position_fusion,S01,X_A2_U4_P0_L5_I0_T2__S01,U4,P0,
X_A2_U4_P0_L5_I0_T3,loose_ekf_screening,Phase4 L5 single-I position row.,34,17,40661,99.05233379814483,168.5717219714002,192.8361101496787,117.7869268427499,40661,58.097421658073664,113.22114778589298,134.51425934925896,74.84866519756869,40661,64.0966481422704,143.1300448675098,166.43709246203662,90.94744335714768,101.17027151598089,186.31527179277919,115.46946668846184,126.17876038923731,164.22831487045895,86.45755990630738,63.94472343943431,41.81354501691209,21.70429090179826,91.3165721780996,160.32110759693512,nan,nan,nan,1.0,0.14408534489799213,0.6809016424796344,nan,nan,17,33.08108194145023,19.360309512787524,63.70265726309701,A2,L5,I0,T3,position_fusion,S01,X_A2_U4_P0_L5_I0_T3__S01,U4,P0,
X_A2_U4_P0_L5_I0_T4,loose_ukf_screening,Phase4 L5 single-I position row.,34,17,40661,97.66433522608703,166.00282289557128,189.63012551638892,115.7682894242075,40661,57.144190637253644,111.22919265180161,131.95884780699816,73.47763704047273,40661,63.30172476931011,141.0814948720399,163.69974024588714,89.46135305904792,100.03451069650195,183.63536587773064,113.74577126006261,122.90556419981851,161.73863831541087,86.13593153813753,64.12910733792172,40.26043709693732,21.569209202552855,88.83303725514202,155.8270235411049,nan,nan,nan,1.0,0.20799575597634318,0.9778137071542556,nan,nan,17,37.349054777657145,19.77924659810509,75.7734319179123,A2,L5,I0,T4,position_fusion,S01,X_A2_U4_P0_L5_I0_T4__S01,U4,P0,
X_A2_U4_P0_L5_I0_T5,error_state_ekf_screening,Phase4 L5 single-I position row.,34,17,40661,101.97364491627194,173.82587571646602,200.12254797228283,121.97683118616335,40661,60.13784472667135,117.25026959110045,139.37177007098813,77.74231462417895,40661,65.47641593031415,147.0465142513624,171.69074390870287,93.9919138175884,103.5126584496711,194.2255357166452,118.8986374972715,131.71883182775352,168.24699015391877,87.26438907681705,63.44253249276006,39.748118751905224,22.186476730507962,94.30485245690718,172.93162543710088,nan,nan,nan,1.0,0.08087293560656066,0.3814813500381309,nan,nan,17,26.851064385195812,18.645050490795597,49.99592953102663,A2,L5,I0,T5,position_fusion,S01,X_A2_U4_P0_L5_I0_T5__S01,U4,P0,
X_A2_U4_P0_L5_I1_T1,uwb_only_control_repeated_for_matrix,Phase4 L5 single-I position row.,34,17,40661,104.47503409732245,178.3231016429441,206.1889222480439,125.39509954748621,40661,61.73802093869074,120.72794024933711,143.32680612429232,80.13126215636703,40661,66.87835610225352,150.17987488728772,176.18877501884754,96.45160348978939,105.58545344419053,200.43321386993458,121.94037510970881,137.17785740362655,172.02692172777387,87.93693208159814,62.33296994296188,40.855388781204226,22.584509704559707,96.58832002222417,180.43440234687074,nan,nan,nan,nan,nan,nan,nan,nan,17,23.597638476516277,18.176905567048948,42.033552221753695,A2,L5,I1,T1,uwb_only,S01,X_A2_U4_P0_L5_I1_T1__S01,U4,P0,
X_A2_U4_P0_L5_I1_T2,position_prior_screening,Phase4 L5 single-I position row.,34,17,40661,82.2024354422312,135.45940656064147,152.82507369435206,94.10655080350692,40661,47.56964559356108,87.93749731532209,103.9029710963558,58.793340694478665,40661,55.58287860898281,117.1459010601344,135.21624949159093,73.48051438385545,83.1894359739329,142.31285181872155,91.3673454373218,91.52140825846635,123.14503835821463,82.49833922248436,64.30145765044342,38.00629386699586,17.189031593745426,74.7354721736896,133.89364884999165,nan,nan,nan,1.0,0.7168289660765427,2.9794458839543614,nan,nan,17,134.00086179288056,18.779511454410283,307.9253694216957,A2,L5,I1,T2,position_fusion,S01,X_A2_U4_P0_L5_I1_T2__S01,U4,P0,
X_A2_U4_P0_L5_I1_T3,loose_ekf_screening,Phase4 L5 single-I position row.,34,17,40661,92.58415722601424,154.9676877472162,175.347312204967,108.10324408368328,40661,52.973350865942095,102.91956258338072,121.68698584222268,67.85584367315228,40661,61.05499593548143,133.84981591045562,153.7429282546209,84.15400086045298,93.9888979548489,167.7765341684497,105.49729512254302,112.43394681991629,148.96759527079655,87.2348925924997,62.39404134117547,38.203295635139966,21.129191628363373,81.8771550397222,144.80238918371725,nan,nan,nan,1.0,0.29551484034879294,1.4459257943807635,nan,nan,17,61.77684887600715,21.216125814715667,144.3136532819852,A2,L5,I1,T3,position_fusion,S01,X_A2_U4_P0_L5_I1_T3__S01,U4,P0,
X_A2_U4_P0_L5_I1_T4,loose_ukf_screening,Phase4 L5 single-I position row.,34,17,40661,90.52549029727791,151.43524441902088,171.03071213489386,105.40609470182841,40661,51.563979452560794,100.05380599024468,118.1961585746687,65.94477476685113,40661,59.974741074828046,130.87887124800022,149.68606796841163,82.22974815260044,90.64681986844747,162.16116324958648,102.45960967469472,109.14876408979589,144.98381763476954,85.32420800617126,63.58541970185365,35.99363035551693,20.99205930365102,79.59948676560282,143.27104623933917,nan,nan,nan,1.0,0.38829652666849845,1.9019358916339197,nan,nan,17,74.11259756835452,20.98555648797344,174.99102454710348,A2,L5,I1,T4,position_fusion,S01,X_A2_U4_P0_L5_I1_T4__S01,U4,P0,
X_A2_U4_P0_L5_I1_T5,error_state_ekf_screening,Phase4 L5 single-I position row.,34,17,40661,97.49907128722121,164.70079107277164,188.48870244908267,115.25377448244998,40661,56.73135919110464,110.3710544831591,131.05699422107165,72.93439192933266,40661,63.3892797688369,140.44065015458568,162.6198078750026,89.2412853243942,99.07516256136775,180.60157161266628,113.11060530099132,124.01480008709467,158.74386790008225,85.43432794838282,61.68977483699279,41.228551979166866,21.573657325500335,88.48994534628389,155.01430422942047,nan,nan,nan,1.0,0.21979046556973933,1.0406575823388708,nan,nan,17,38.234133022712804,19.826481435697474,77.93458675291663,A2,L5,I1,T5,position_fusion,S01,X_A2_U4_P0_L5_I1_T5__S01,U4,P0,
X_A2_U4_P0_L5_I2_T1,uwb_only_control_repeated_for_matrix,Phase4 L5 single-I position row.,34,17,40661,104.47503409732245,178.3231016429441,206.1889222480439,125.39509954748621,40661,61.73802093869074,120.72794024933711,143.32680612429232,80.13126215636703,40661,66.87835610225352,150.17987488728772,176.18877501884754,96.45160348978939,105.58545344419053,200.43321386993458,121.94037510970881,137.17785740362655,172.02692172777387,87.93693208159814,62.33296994296188,40.855388781204226,22.584509704559707,96.58832002222417,180.43440234687074,nan,nan,nan,nan,nan,nan,nan,nan,17,23.597638476516277,18.176905567048948,42.033552221753695,A2,L5,I2,T1,uwb_only,S01,X_A2_U4_P0_L5_I2_T1__S01,U4,P0,
X_A2_U4_P0_L5_I2_T2,position_prior_screening,Phase4 L5 single-I position row.,34,17,40661,89.8216374934885,146.3663465171025,163.70875947741683,101.38774561999527,40661,50.66766911578175,96.99668985794519,113.26130167957093,63.6117674469951,40661,60.09094906791745,125.85425063965545,142.67268598465307,78.94946487579433,92.38745559705956,150.74784960782478,99.15165658641529,99.40393810800447,129.6964888284138,95.44388915806402,74.42818952103028,46.31805806158985,17.11262426136679,77.72578227483125,135.47491516654426,nan,nan,nan,1.0,0.8308393133242638,3.4524658291126915,nan,nan,17,145.1035218964255,19.706038778340996,375.1041775330863,A2,L5,I2,T2,position_fusion,S01,X_A2_U4_P0_L5_I2_T2__S01,U4,P0,
X_A2_U4_P0_L5_I2_T3,loose_ekf_screening,Phase4 L5 single-I position row.,34,17,40661,93.36660802647482,155.73818333373214,176.3685412159582,108.54956753539363,40661,52.99741510487146,103.0744429264137,121.40607797448429,67.95644789586132,40661,61.721238245786935,134.28460974833388,153.83432176912675,84.64590835650635,95.4490814586652,168.62201251759592,107.54456790010073,112.68990580373546,151.16398995468091,86.73348723173837,65.54407397181808,40.267294540139744,20.964986673333982,81.06643593827064,144.2759466382551,nan,nan,nan,1.0,0.31138046867826896,1.5188422996681328,nan,nan,17,64.44366151129054,21.292621650019385,154.0225283538162,A2,L5,I2,T3,position_fusion,S01,X_A2_U4_P0_L5_I2_T3__S01,U4,P0,
X_A2_U4_P0_L5_I2_T4,loose_ukf_screening,Phase4 L5 single-I position row.,34,17,40661,91.86613582043998,152.41954700823942,172.37188580477002,106.22710147360102,40661,51.738420451922856,100.67273822515446,118.11140340627672,66.2592040605404,40661,61.085143495284456,132.01216338802794,150.38387831000773,83.0296029422422,94.78734813359446,164.46647955639293,105.43046065279331,108.3446714457302,145.06215917431763,86.73084696174374,66.14245117040048,39.67442138544044,20.802578901459952,78.93736199594326,142.06798348324227,nan,nan,nan,1.0,0.41027108340128104,1.9552238090853302,nan,nan,17,77.7264753656342,21.241602135276764,189.2539509426879,A2,L5,I2,T4,position_fusion,S01,X_A2_U4_P0_L5_I2_T4__S01,U4,P0,
X_A2_U4_P0_L5_I2_T5,error_state_ekf_screening,Phase4 L5 single-I position row.,34,17,40661,97.79376484267772,164.66742071307922,187.9916895677322,115.18945666493836,40661,56.558053224280584,110.09312089105678,130.50723540822418,72.7871594486167,40661,63.51248953695654,140.42425433002927,162.43846354657694,89.27844278528477,99.16780085042217,181.4386925621208,112.66096339108302,124.89934183319923,161.2752184595014,86.9013299356535,63.387894233966904,42.26386586678018,21.493357297351622,88.34953060249045,153.79606002123057,nan,nan,nan,1.0,0.23125263484325193,1.1586522033634803,nan,nan,17,39.25777996807107,19.92701624145235,81.21044694402583,A2,L5,I2,T5,position_fusion,S01,X_A2_U4_P0_L5_I2_T5__S01,U4,P0,
X_A2_U4_P0_L5_I3_T1,uwb_only_control_repeated_for_matrix,Phase4 L5 single-I position row.,34,17,40661,104.47503409732245,178.3231016429441,206.1889222480439,125.39509954748621,40661,61.73802093869074,120.72794024933711,143.32680612429232,80.13126215636703,40661,66.87835610225352,150.17987488728772,176.18877501884754,96.45160348978939,105.58545344419053,200.43321386993458,121.94037510970881,137.17785740362655,172.02692172777387,87.93693208159814,62.33296994296188,40.855388781204226,22.584509704559707,96.58832002222417,180.43440234687074,nan,nan,nan,nan,nan,nan,nan,nan,17,23.597638476516277,18.176905567048948,42.033552221753695,A2,L5,I3,T1,uwb_only,S01,X_A2_U4_P0_L5_I3_T1__S01,U4,P0,
X_A2_U4_P0_L5_I3_T2,position_prior_screening,Phase4 L5 single-I position row.,34,17,40661,81.31966084473943,135.35980355098272,151.21685236465112,92.62987054215914,40661,45.52325006797742,85.24243822063437,99.44050266360408,56.12650724659791,40661,56.57964782053557,118.19680615947891,134.99591714629696,73.68926720326884,79.52046656655574,142.4538368558294,89.89026894249763,93.68583796570645,121.58018572429867,83.91440954022869,60.632219573578865,43.67252431649615,17.152857229455748,69.13986462411845,126.34621648059854,nan,nan,nan,1.0,0.6927040542056437,3.1264248418177214,nan,nan,17,234.25216169508602,20.095635187039647,505.3602007352664,A2,L5,I3,T2,position_fusion,S01,X_A2_U4_P0_L5_I3_T2__S01,U4,P0,
X_A2_U4_P0_L5_I3_T3,loose_ekf_screening,Phase4 L5 single-I position row.,34,17,40661,91.49826415179403,152.95736033188462,172.87482345782854,106.29327921222684,40661,52.31200815220558,100.68487475823734,118.57703706699002,66.43151824613886,40661,60.478184708033496,132.56621300153301,151.49321383979145,82.97659060964925,92.9467153593507,165.29612607288536,106.02976685690398,110.45516775946979,149.5830376436952,88.61519939220642,63.068414560651334,38.69109326424382,20.990425362346656,79.82547365531809,143.04687133486578,nan,nan,nan,1.0,0.3229154795332998,1.525680286052915,nan,nan,17,75.61597784224881,21.098786758341873,185.89920017429918,A2,L5,I3,T3,position_fusion,S01,X_A2_U4_P0_L5_I3_T3__S01,U4,P0,
X_A2_U4_P0_L5_I3_T4,loose_ukf_screening,Phase4 L5 single-I position row.,34,17,40661,89.57657327140994,149.76636140570577,168.4464307307128,103.62149673692423,40661,50.80183933595436,97.78032286400256,114.96003002323828,64.46754884251703,40661,59.50486976299135,130.05942582723458,148.49331398189588,81.12551837885584,91.05633118650954,159.35010625698055,103.47695023131374,106.04027996472752,145.25394455052617,87.24815560455876,64.48280792092498,38.370118436336384,20.815054378653855,77.88670778470939,141.95830394033638,nan,nan,nan,1.0,0.41767144539323026,1.9232631269572844,nan,nan,17,95.1530904805542,20.86071567448721,228.37256904100354,A2,L5,I3,T4,position_fusion,S01,X_A2_U4_P0_L5_I3_T4__S01,U4,P0,
X_A2_U4_P0_L5_I3_T5,error_state_ekf_screening,Phase4 L5 single-I position row.,34,17,40661,96.60053172768475,162.6419406522756,185.17161114278886,113.62186722938137,40661,55.90318275198745,108.53626286672244,128.57728826880938,71.73475784344181,40661,62.912671655289614,139.1436803341744,160.7743980594288,88.11386513956774,97.95314030062613,179.9527892844203,111.90682627680243,121.889515300698,160.28548283632347,85.95435736366093,61.81764586037695,42.821042317685624,21.446917910233452,87.43529423242992,150.51205936849095,nan,nan,nan,1.0,0.253217719179079,1.208030977920175,nan,nan,17,42.914038141737954,20.270514614723822,93.2603845807715,A2,L5,I3,T5,position_fusion,S01,X_A2_U4_P0_L5_I3_T5__S01,U4,P0,
X_A2_U4_P0_L5_I4_T1,uwb_only_control_repeated_for_matrix,Phase4 L5 single-I position row.,34,17,40661,104.47503409732245,178.3231016429441,206.1889222480439,125.39509954748621,40661,61.73802093869074,120.72794024933711,143.32680612429232,80.13126215636703,40661,66.87835610225352,150.17987488728772,176.18877501884754,96.45160348978939,105.58545344419053,200.43321386993458,121.94037510970881,137.17785740362655,172.02692172777387,87.93693208159814,62.33296994296188,40.855388781204226,22.584509704559707,96.58832002222417,180.43440234687074,nan,nan,nan,nan,nan,nan,nan,nan,17,23.597638476516277,18.176905567048948,42.033552221753695,A2,L5,I4,T1,uwb_only,S01,X_A2_U4_P0_L5_I4_T1__S01,U4,P0,
X_A2_U4_P0_L5_I4_T2,position_prior_screening,Phase4 L5 single-I position row.,34,17,40661,77.58429016944056,131.14672306976107,145.6718454696278,89.78956710609695,40661,47.01643152472939,86.96137075494894,101.32302460894867,57.370824275446,40661,50.896879839323674,112.53779259906878,127.32573074248262,69.07065138722946,79.32791882461657,136.01934911697649,87.60530480227207,92.59847371473384,116.06542054194404,75.32117225518832,65.46062293936177,41.39049999395013,16.85246992475669,68.30739835646716,116.37782015244005,nan,nan,nan,1.0,0.7219591617611453,3.035701528080229,nan,nan,17,233.97524247634277,19.87315688715512,566.6697723739778,A2,L5,I4,T2,position_fusion,S01,X_A2_U4_P0_L5_I4_T2__S01,U4,P0,
X_A2_U4_P0_L5_I4_T3,loose_ekf_screening,Phase4 L5 single-I position row.,34,17,40661,90.02985162380361,151.22612491806817,170.1387336329734,104.9337402107348,40661,51.621553691858274,100.10641614398465,117.65983543588325,65.87174409243853,40661,59.345771813192755,130.49464089084427,149.22080569793877,81.68233079947139,91.77262650468695,161.52869551441452,104.01036576985368,108.90894698620335,144.94651517344977,83.61967276545244,65.44302416934221,43.73714370365269,20.930889837598812,79.66322612854621,142.6666306656782,nan,nan,nan,1.0,0.34395559322522445,1.602682513134877,nan,nan,17,84.0447314843933,20.975886635330767,204.647388951993,A2,L5,I4,T3,position_fusion,S01,X_A2_U4_P0_L5_I4_T3__S01,U4,P0,
X_A2_U4_P0_L5_I4_T4,loose_ukf_screening,Phase4 L5 single-I position row.,34,17,40661,87.87452972755317,147.54320096802812,165.34716121403738,102.13431480601513,40661,50.33848955466533,97.26947844116397,114.09879734784992,63.97524361625196,40661,58.0484213629677,127.65853407466727,145.68402517044444,79.61524015623775,90.59195800145301,156.56898384417775,101.337802492189,104.61397118652047,140.02937797651356,82.6108551446346,66.06785072509462,42.63026323195862,20.68599258191597,78.02148569779006,140.3387879943757,nan,nan,nan,1.0,0.4461920735458852,2.0210023784093947,nan,nan,17,106.4727365183629,20.701279860818715,252.42330387199675,A2,L5,I4,T4,position_fusion,S01,X_A2_U4_P0_L5_I4_T4__S01,U4,P0,
X_A2_U4_P0_L5_I4_T5,error_state_ekf_screening,Phase4 L5 single-I position row.,34,17,40661,95.70945128404115,161.18430994791103,182.97563847060485,112.58357291428992,40661,55.50949138744566,107.83080532263457,127.55971981552655,71.156176235455,40661,62.44315581771252,137.75651416762014,159.10249870966413,87.24597110294609,97.06747731534648,176.51178959068653,110.49864314132745,120.08868018966609,157.63701160370772,85.84402449836738,63.37336086761117,44.40108331176259,21.42334553562651,86.92473217372697,149.53491984319152,nan,nan,nan,1.0,0.2748465463897047,1.2650275228530812,nan,nan,17,46.08735039659362,20.512798450579737,104.02593104317455,A2,L5,I4,T5,position_fusion,S01,X_A2_U4_P0_L5_I4_T5__S01,U4,P0,
X_A2_U4_P0_L5_I5_T1,uwb_only_control_repeated_for_matrix,Phase4 L5 single-I position row.,34,17,40661,104.47503409732245,178.3231016429441,206.1889222480439,125.39509954748621,40661,61.73802093869074,120.72794024933711,143.32680612429232,80.13126215636703,40661,66.87835610225352,150.17987488728772,176.18877501884754,96.45160348978939,105.58545344419053,200.43321386993458,121.94037510970881,137.17785740362655,172.02692172777387,87.93693208159814,62.33296994296188,40.855388781204226,22.584509704559707,96.58832002222417,180.43440234687074,nan,nan,nan,nan,nan,nan,nan,nan,17,23.597638476516277,18.176905567048948,42.033552221753695,A2,L5,I5,T1,uwb_only,S01,X_A2_U4_P0_L5_I5_T1__S01,U4,P0,
X_A2_U4_P0_L5_I5_T2,position_prior_screening,Phase4 L5 single-I position row.,34,17,40661,79.23131464614556,130.16612302153098,146.55969259390147,90.2306710216235,40661,43.97490941144941,84.22024116282591,97.62580622775815,54.76865501924388,40661,55.31915048083306,114.54848505854557,129.73938109489586,71.70751997102883,78.30074369455116,132.18952461289948,87.49564023707507,84.70912075031819,112.73351574986935,82.91605132222378,63.35618781573914,41.39368410316524,14.560870611065695,70.3471622245848,120.95089779023061,nan,nan,nan,1.0,0.8231218292537521,3.525667679505668,nan,nan,17,222.6697546195201,21.361530242956405,509.58536904989177,A2,L5,I5,T2,position_fusion,S01,X_A2_U4_P0_L5_I5_T2__S01,U4,P0,
X_A2_U4_P0_L5_I5_T3,loose_ekf_screening,Phase4 L5 single-I position row.,34,17,40661,87.6065748705951,146.83914477300075,164.91374950645934,101.57285220170749,40661,49.480759885822515,95.36297184362526,112.0449237435603,62.71542602170496,40661,59.03290740370812,127.88420714332892,145.6627807211505,79.89880877275934,90.45676354812036,155.7159447494085,100.7508097473488,102.06220228296968,145.22314615255732,85.98691172260109,68.28777141935426,40.74446077194477,20.528539761483188,76.94054112348533,140.17792447110187,nan,nan,nan,1.0,0.4119813309065019,1.8733915142512587,nan,nan,17,115.80484578120286,20.751482742694634,263.17241386719894,A2,L5,I5,T3,position_fusion,S01,X_A2_U4_P0_L5_I5_T3__S01,U4,P0,
X_A2_U4_P0_L5_I5_T4,loose_ukf_screening,Phase4 L5 single-I position row.,34,17,40661,85.64821576618132,143.37208727871274,160.10241879075127,98.98668315294302,40661,48.189148877758676,92.3029386748876,108.40737994525135,60.74278483747933,40661,58.25061927771253,125.5008856525892,142.66376626768056,78.1580292216278,88.47110423090145,149.10937656434345,97.65052639620336,98.37016104764942,139.48377078365075,85.680820951108,69.53266449451303,40.383710421241176,19.803872392626914,75.92738929510767,135.73439500379646,nan,nan,nan,1.0,0.5286515384450599,2.363192547700069,nan,nan,17,145.0296361783946,20.44506681200346,313.212611283799,A2,L5,I5,T4,position_fusion,S01,X_A2_U4_P0_L5_I5_T4__S01,U4,P0,
X_A2_U4_P0_L5_I5_T5,error_state_ekf_screening,Phase4 L5 single-I position row.,34,17,40661,93.43551902174103,156.68006837685866,177.3856802656828,109.1388207211766,40661,53.436277671217454,103.68561350331697,122.6248405498584,68.37489518609543,40661,61.59698856957789,134.76151425545686,154.92164631675564,85.06559760972465,94.87932042517483,169.84346016358108,107.82127434881602,112.99581550727406,152.78105374045623,85.8359130184528,65.22759039536643,42.576984935894984,21.10985074205766,82.25507443052601,144.80941809204327,nan,nan,nan,1.0,0.34882365523580117,1.6352255572378183,nan,nan,17,60.62146692232944,21.15716151142027,149.5862435267916,A2,L5,I5,T5,position_fusion,S01,X_A2_U4_P0_L5_I5_T5__S01,U4,P0,
X_A2_U4_P0_L5_I6_T1,uwb_only_control_repeated_for_matrix,Phase4 L5 single-I position row.,34,17,40661,104.47503409732245,178.3231016429441,206.1889222480439,125.39509954748621,40661,61.73802093869074,120.72794024933711,143.32680612429232,80.13126215636703,40661,66.87835610225352,150.17987488728772,176.18877501884754,96.45160348978939,105.58545344419053,200.43321386993458,121.94037510970881,137.17785740362655,172.02692172777387,87.93693208159814,62.33296994296188,40.855388781204226,22.584509704559707,96.58832002222417,180.43440234687074,nan,nan,nan,nan,nan,nan,nan,nan,17,23.597638476516277,18.176905567048948,42.033552221753695,A2,L5,I6,T1,uwb_only,S01,X_A2_U4_P0_L5_I6_T1__S01,U4,P0,
X_A2_U4_P0_L5_I6_T2,position_prior_screening,Phase4 L5 single-I position row.,34,17,40661,78.94417948517983,131.18194136110085,146.89063641230558,89.99606111367407,40661,47.015830899119884,85.39428287987161,98.70864855905344,57.14692500090187,40661,52.73166244794152,112.0464359362777,127.15566950193147,69.52352104804139,79.63743839894613,139.81622081848195,90.03246710448144,89.27101759329612,114.32392115185453,87.02039023598499,66.59662826220935,39.46814036335593,15.459354953352857,67.33986605065269,120.21023420618404,nan,nan,nan,1.0,0.7792738808825215,3.326955875685776,nan,nan,17,350.488862302631,19.76247938424615,619.2207811217481,A2,L5,I6,T2,position_fusion,S01,X_A2_U4_P0_L5_I6_T2__S01,U4,P0,
X_A2_U4_P0_L5_I6_T3,loose_ekf_screening,Phase4 L5 single-I position row.,34,17,40661,88.7876837584863,148.64654875117907,167.17398315566592,103.00801690268561,40661,50.85215761472492,97.5021841381158,114.39273824206175,64.43514478790868,40661,58.83694437881081,128.9174084644426,146.94457090293565,80.36643367964768,88.14336721213135,159.82601842827134,103.52574983951934,106.1313382249254,144.81002556117716,85.01531977048981,66.13840891332478,41.01605365974518,20.640793229354756,77.58544331357751,140.90044915637023,nan,nan,nan,1.0,0.3959854120194931,1.7722998330759125,nan,nan,17,100.69793821671794,20.959287700012055,239.94568636076528,A2,L5,I6,T3,position_fusion,S01,X_A2_U4_P0_L5_I6_T3__S01,U4,P0,
X_A2_U4_P0_L5_I6_T4,loose_ukf_screening,Phase4 L5 single-I position row.,34,17,40661,86.9016918222042,145.25185909815409,162.4530560221086,100.32190420586382,40661,49.702963957726645,94.69086624665705,110.66169838954023,62.59148178935348,40661,57.70080225675497,126.09562691371696,143.63189439180064,78.40147237714065,86.4377269651161,154.78349976373852,101.21884164446237,102.14381609488787,139.55621554448473,84.42529583529938,66.3967963562196,41.644377257744566,20.26807217605213,76.02934514920776,139.39857370250547,nan,nan,nan,1.0,0.4959108732004516,2.205640709175868,nan,nan,17,127.38261594154305,20.70073821135344,292.0017774865322,A2,L5,I6,T4,position_fusion,S01,X_A2_U4_P0_L5_I6_T4__S01,U4,P0,
X_A2_U4_P0_L5_I6_T5,error_state_ekf_screening,Phase4 L5 single-I position row.,34,17,40661,94.5946795415283,158.61534492491123,179.9532019015389,110.64728606412127,40661,54.468455286671784,105.68091869207677,125.05241400445365,69.76171331088698,40661,61.72306407504709,136.19491544074538,156.7968663572035,85.8843715077726,94.63995349574859,172.97575229536562,109.79035945973473,117.25963788680164,155.71572512710515,87.2505577806767,64.63076086557129,45.618837272447365,21.227708240931037,84.476771983113,146.73345680085941,nan,nan,nan,1.0,0.31491051342558474,1.4654026723952356,nan,nan,17,53.513956714920376,21.055274060649197,127.16084656668771,A2,L5,I6,T5,position_fusion,S01,X_A2_U4_P0_L5_I6_T5__S01,U4,P0,
X_A2_U4_P0_L5_I7_T1,uwb_only_control_repeated_for_matrix,Phase4 L5 single-I position row.,34,17,40661,104.47503409732245,178.3231016429441,206.1889222480439,125.39509954748621,40661,61.73802093869074,120.72794024933711,143.32680612429232,80.13126215636703,40661,66.87835610225352,150.17987488728772,176.18877501884754,96.45160348978939,105.58545344419053,200.43321386993458,121.94037510970881,137.17785740362655,172.02692172777387,87.93693208159814,62.33296994296188,40.855388781204226,22.584509704559707,96.58832002222417,180.43440234687074,nan,nan,nan,nan,nan,nan,nan,nan,17,23.597638476516277,18.176905567048948,42.033552221753695,A2,L5,I7,T1,uwb_only,S01,X_A2_U4_P0_L5_I7_T1__S01,U4,P0,
X_A2_U4_P0_L5_I7_T2,position_prior_screening,Phase4 L5 single-I position row.,34,17,40661,82.24116120873674,132.28089580400865,146.37204763984954,92.20456177434154,40661,50.025834624287064,94.61004710886542,108.58283103061338,61.60070935535116,40661,51.743722552851864,110.16323350212633,124.87057780840337,68.6078262220566,84.63901340525946,140.460109158664,90.90900894796533,96.03841328646934,115.02504306743572,79.59937566592788,70.10636620305345,29.976732245110725,17.400043735059114,76.63886467163779,129.98243728295745,nan,nan,nan,1.0,0.769214304258719,3.0820597777281247,nan,nan,17,129.99023583436437,19.830015838389386,286.070724037312,A2,L5,I7,T2,position_fusion,S01,X_A2_U4_P0_L5_I7_T2__S01,U4,P0,
X_A2_U4_P0_L5_I7_T3,loose_ekf_screening,Phase4 L5 single-I position row.,34,17,40661,91.68968155486783,153.4402891062131,173.39478860862917,106.99762106251418,40661,53.32094115635756,102.4418628006209,121.141618601457,67.77099362863233,40661,60.05535525484481,131.4220536616433,151.23367053375438,82.79845007984905,94.38748384204717,166.32656463644278,104.52487621355102,111.0876630953554,150.3478968450534,88.03924699580179,61.67842646254455,36.06181513379943,21.02510390768103,80.87961626802587,143.62939873503143,nan,nan,nan,1.0,0.30785615423832347,1.4543850190871908,nan,nan,17,66.44675566360918,21.046171795001612,166.02798960698505,A2,L5,I7,T3,position_fusion,S01,X_A2_U4_P0_L5_I7_T3__S01,U4,P0,
X_A2_U4_P0_L5_I7_T4,loose_ukf_screening,Phase4 L5 single-I position row.,34,17,40661,89.6390502552192,149.59763753075995,168.77051164388692,104.18886232133978,40661,52.17248983716151,99.8311846821546,117.68503723784627,66.02615607284058,40661,58.6874096586339,128.26099659352758,147.2875595405162,80.5969338502402,92.63777722825043,158.70576263481016,101.79031287964753,108.04161026834396,144.98582946748274,87.24685210838419,62.021268115209665,35.250725525230735,20.894396027033935,78.87253498941494,142.01309369990423,nan,nan,nan,1.0,0.4056754340985345,1.8963683548939922,nan,nan,17,81.37722941789151,20.764410006234698,202.1183805355386,A2,L5,I7,T4,position_fusion,S01,X_A2_U4_P0_L5_I7_T4__S01,U4,P0,
X_A2_U4_P0_L5_I7_T5,error_state_ekf_screening,Phase4 L5 single-I position row.,34,17,40661,97.08097143101205,163.68516383326596,186.54747022928018,114.45776510585708,40661,56.60375927434258,109.84179029406074,130.34686649841555,72.65509970763345,40661,62.84433206730296,139.15810582624658,161.33483197634882,88.44103391244019,98.6803203647429,180.75432196186927,111.62676121308817,121.3645348106667,158.62712398613087,85.57290208820555,61.56654198715836,41.111443661347835,21.493018283680982,88.28519282844387,153.8076175212979,nan,nan,nan,1.0,0.22527328622056464,1.114371948552701,nan,nan,17,39.735517528315796,20.012404533946494,83.56532496664032,A2,L5,I7,T5,position_fusion,S01,X_A2_U4_P0_L5_I7_T5__S01,U4,P0,
X_A2_U4_P0_L5_I8_T1,uwb_only_control_repeated_for_matrix,Phase4 L5 single-I position row.,34,17,40661,104.47503409732245,178.3231016429441,206.1889222480439,125.39509954748621,40661,61.73802093869074,120.72794024933711,143.32680612429232,80.13126215636703,40661,66.87835610225352,150.17987488728772,176.18877501884754,96.45160348978939,105.58545344419053,200.43321386993458,121.94037510970881,137.17785740362655,172.02692172777387,87.93693208159814,62.33296994296188,40.855388781204226,22.584509704559707,96.58832002222417,180.43440234687074,nan,nan,nan,nan,nan,nan,nan,nan,17,23.597638476516277,18.176905567048948,42.033552221753695,A2,L5,I8,T1,uwb_only,S01,X_A2_U4_P0_L5_I8_T1__S01,U4,P0,
X_A2_U4_P0_L5_I8_T2,position_prior_screening,Phase4 L5 single-I position row.,34,17,40661,80.74756946011317,131.2317430820006,145.31598794818447,90.86510326905055,40661,44.329343885375074,83.88860150849752,96.68362295337467,54.620505576389235,40661,56.39769223561882,115.90122270402435,130.18722208280246,72.61588918876399,83.00623984273673,137.13446934781922,90.30663021718021,85.4069709699484,122.31461673017995,79.35868621242662,58.348614653644205,41.0426770010007,16.11499289738299,75.87521170362373,131.82656775178225,nan,nan,nan,1.0,0.7690078380503301,3.1718277674794066,nan,nan,17,64.92334187882136,20.207753719724167,128.61793888581832,A2,L5,I8,T2,position_fusion,S01,X_A2_U4_P0_L5_I8_T2__S01,U4,P0,
X_A2_U4_P0_L5_I8_T3,loose_ekf_screening,Phase4 L5 single-I position row.,34,17,40661,89.66795035513351,149.9748062779813,168.52552920847182,103.92370945407781,40661,50.37657810212221,97.9042538650474,115.13590565960682,64.37443125939707,40661,60.043635097884135,130.24999936017616,149.10516622767614,81.58474113904353,91.60128743719713,160.68228666044905,102.25084026384924,105.52595006673695,146.87840467955837,84.76286472036048,63.02010664384838,42.33365671156696,20.72672087593321,78.25391539120561,140.80886153775725,nan,nan,nan,1.0,0.36888245017019733,1.7037074720120553,nan,nan,17,85.383819806324,20.963461755963863,210.68734666787086,A2,L5,I8,T3,position_fusion,S01,X_A2_U4_P0_L5_I8_T3__S01,U4,P0,
X_A2_U4_P0_L5_I8_T4,loose_ukf_screening,Phase4 L5 single-I position row.,34,17,40661,87.68248205240761,146.47647118544546,164.1689121388612,101.2360152834503,40661,48.88752309646174,94.74332943326515,111.59244329446717,62.31202047611929,40661,59.03145386715528,127.52481572348302,145.7217187574795,79.78685916023184,89.21971640682284,155.9250071068106,99.43206892264936,101.68890870168772,141.74245840258016,83.92587852428537,63.05761463874117,41.65325513464711,20.421796776528936,76.61903593313576,139.83436595817503,nan,nan,nan,1.0,0.4700290690398694,2.121589036916107,nan,nan,17,101.07521867768703,20.69815265346216,248.18270276467413,A2,L5,I8,T4,position_fusion,S01,X_A2_U4_P0_L5_I8_T4__S01,U4,P0,
X_A2_U4_P0_L5_I8_T5,error_state_ekf_screening,Phase4 L5 single-I position row.,34,17,40661,95.1424787211326,159.9773528127891,181.3941622564207,111.50442635510815,40661,54.61041042735455,106.21989601129295,125.88353904228825,70.0547946574655,40661,62.35118141032706,137.17247589134558,158.40056752712962,86.75000197280738,97.08664732050974,174.4960792717293,109.45335650574042,117.4533560056102,157.16716330838491,86.17404539309968,63.33920561267742,43.963050188220336,21.275816583621236,85.72621169801434,147.20002700903842,nan,nan,nan,1.0,0.3000341130274544,1.3946346102185465,nan,nan,17,49.32084887886571,20.759906187542242,112.93735700265006,A2,L5,I8,T5,position_fusion,S01,X_A2_U4_P0_L5_I8_T5__S01,U4,P0,
X_A2_U4_P1_L5_I0_T1,uwb_only_control_repeated_for_matrix,Phase4 L5 single-I position row.,34,17,40661,92.15802158289121,151.27073337324762,168.4327270309026,104.35106406486284,40661,53.3602994950317,101.44139904159464,118.25044761335782,66.65439096276307,40661,61.4098609843511,129.38950084771432,147.00570064613953,80.28908230171919,93.534801129936,161.70426974374894,104.61964359978182,110.45851008220691,143.96616219111613,86.4487945890404,60.61262491363244,41.62721541493323,17.112368617091192,72.6200384620749,131.10258001245046,nan,nan,nan,nan,nan,nan,nan,nan,17,101.01800643179536,19.134372706486374,221.44103476171082,A2,L5,I0,T1,uwb_only,S01,X_A2_U4_P1_L5_I0_T1__S01,U4,P1,
X_A2_U4_P1_L5_I0_T2,position_prior_screening,Phase4 L5 single-I position row.,34,17,40661,85.8818528804731,141.59060562748851,158.90997906355054,97.33832089445852,40661,49.756711569629196,94.0091519419329,108.94801938418301,62.03755403530257,40661,56.08948670813095,122.7855686879069,140.35089504346274,75.00727034007765,88.098582765024,145.9245793402311,95.76964792064837,97.54783580144394,130.57708304610583,84.09845596985319,63.781710135132,42.158690191365224,15.29139043203034,64.93884008122646,122.3037871782831,nan,nan,nan,1.0,0.29483352655446204,1.1870397129331776,nan,nan,17,170.08558164993423,21.808209276716696,401.97045285300715,A2,L5,I0,T2,position_fusion,S01,X_A2_U4_P1_L5_I0_T2__S01,U4,P1,
X_A2_U4_P1_L5_I0_T3,loose_ekf_screening,Phase4 L5 single-I position row.,34,17,40661,89.6081464153586,147.56723183921173,164.55709288643783,101.66605228223293,40661,51.64306575083481,97.50953285247762,114.05295685901666,64.30264949826807,40661,60.02387151340258,127.45116164178467,144.17889498090312,78.74741553953757,91.61191632414564,159.04254488391442,102.29864591963963,106.17143589413996,141.40621863338362,85.69861218678517,62.4257245487217,43.18933888466637,16.86818839316939,70.38221255446106,125.89982663150799,nan,nan,nan,1.0,0.05338933932274019,0.2579537922688556,nan,nan,17,116.51871293466114,19.044335853208793,253.0432895548221,A2,L5,I0,T3,position_fusion,S01,X_A2_U4_P1_L5_I0_T3__S01,U4,P1,
X_A2_U4_P1_L5_I0_T4,loose_ukf_screening,Phase4 L5 single-I position row.,34,17,40661,88.96085249767445,146.48853686564163,163.4476301131554,100.92503441547808,40661,51.12278557296549,96.61714451610118,112.83851585263336,63.69503070224069,40661,59.55702470747838,126.86159711930986,143.3114426290308,78.28668875106449,90.78739160348029,159.0824824776547,101.75498334969765,104.12921321408083,141.29508655067673,85.8396742437615,62.63712366774509,41.30646098284387,16.84042325015983,69.64237850635627,124.89450219757757,nan,nan,nan,1.0,0.080333599195303,0.375563282055112,nan,nan,17,122.05526584693253,19.44479471695354,262.5514911910609,A2,L5,I0,T4,position_fusion,S01,X_A2_U4_P1_L5_I0_T4__S01,U4,P1,
X_A2_U4_P1_L5_I0_T5,error_state_ekf_screening,Phase4 L5 single-I position row.,34,17,40661,91.06917995495813,149.64906361779725,166.95478120640746,103.16631258377232,40661,52.54509690219791,99.57864942221292,116.48073813978947,65.59353322138637,40661,60.855227671225975,128.50504373582726,145.84940185223604,79.6289925320389,92.48657611116693,160.51029858282877,103.4125814292604,108.98380399302019,142.09730028409433,85.7053950323568,61.55086305599458,42.14508975725704,16.92545664945291,71.70424060507163,128.87502671728765,nan,nan,nan,1.0,0.027814252730542843,0.1403577334695336,nan,nan,17,107.11945736222098,19.0254876180382,234.84927743940662,A2,L5,I0,T5,position_fusion,S01,X_A2_U4_P1_L5_I0_T5__S01,U4,P1,
X_A2_U4_P1_L5_I1_T1,uwb_only_control_repeated_for_matrix,Phase4 L5 single-I position row.,34,17,40661,92.15802158289121,151.27073337324762,168.4327270309026,104.35106406486284,40661,53.3602994950317,101.44139904159464,118.25044761335782,66.65439096276307,40661,61.4098609843511,129.38950084771432,147.00570064613953,80.28908230171919,93.534801129936,161.70426974374894,104.61964359978182,110.45851008220691,143.96616219111613,86.4487945890404,60.61262491363244,41.62721541493323,17.112368617091192,72.6200384620749,131.10258001245046,nan,nan,nan,nan,nan,nan,nan,nan,17,101.01800643179536,19.134372706486374,221.44103476171082,A2,L5,I1,T1,uwb_only,S01,X_A2_U4_P1_L5_I1_T1__S01,U4,P1,
X_A2_U4_P1_L5_I1_T2,position_prior_screening,Phase4 L5 single-I position row.,34,17,40661,79.99277306968293,129.66100073782377,145.104489354675,90.54335362546163,40661,45.74928428962632,83.12381318553606,97.46795696760701,55.81131116654281,40661,55.42668557458774,112.87828084756075,128.70378914192588,71.2965387071261,81.96309596461705,137.7013758895685,88.34443450430112,85.44732060444179,118.8440657524413,80.22668650467855,63.19999810768573,35.97050010453688,14.3232953038532,73.49865293633087,130.19451561445027,nan,nan,nan,1.0,0.424062920338225,1.6291600005341844,nan,nan,17,161.65515925074297,19.70492410499469,354.03436675131286,A2,L5,I1,T2,position_fusion,S01,X_A2_U4_P1_L5_I1_T2__S01,U4,P1,
X_A2_U4_P1_L5_I1_T3,loose_ekf_screening,Phase4 L5 single-I position row.,34,17,40661,86.33644592212445,141.29961130269365,156.48284007672945,97.58673718105926,40661,48.44490495954379,91.85903942855663,106.85544830392169,60.60978260929107,40661,58.82566454367793,123.2575169554326,138.8108004677374,76.48284464963113,88.65934856624025,149.82051527429752,97.30860588808542,100.74904604275373,136.31894791427504,84.7858376038893,63.02151383778576,40.92885060755964,16.652214458693834,66.02494396797935,121.60985619082822,nan,nan,nan,1.0,0.12312647091061328,0.5558659781795621,nan,nan,17,145.42799330254638,21.29852483427203,313.7747817833911,A2,L5,I1,T3,position_fusion,S01,X_A2_U4_P1_L5_I1_T3__S01,U4,P1,
X_A2_U4_P1_L5_I1_T4,loose_ukf_screening,Phase4 L5 single-I position row.,34,17,40661,85.1967240382046,139.58295524428385,154.39988734767576,96.28364573192465,40661,47.63837748007303,90.11015470034549,104.99426166061369,59.52491261002268,40661,58.16504139192352,121.92599592600686,137.2174383776262,75.6790936401853,87.9803610991591,146.9440252369782,95.27725351911494,97.53734396950195,132.87083222453816,82.61512448309315,63.37864731641004,40.010955108252006,16.181660623855237,64.89785467455957,121.29224898527079,nan,nan,nan,1.0,0.17283613490640964,0.7450381566794454,nan,nan,17,152.7665594628571,21.759005994337542,333.8977779066707,A2,L5,I1,T4,position_fusion,S01,X_A2_U4_P1_L5_I1_T4__S01,U4,P1,
X_A2_U4_P1_L5_I1_T5,error_state_ekf_screening,Phase4 L5 single-I position row.,34,17,40661,88.89971328001215,145.7834665716147,161.9855449147296,100.66976850305618,40661,50.612461796509365,95.96827546680096,112.14223576218403,63.28360961565401,40661,59.93696730139118,126.49124766753857,142.52871396444607,78.29167927993642,89.78922667472632,155.25626911321467,101.22540655273096,105.60002473425254,139.61049295898715,86.24977950419218,60.99434716784687,42.68704081462164,16.86860072685326,69.40975731661354,124.42342924573055,nan,nan,nan,1.0,0.08179368364275136,0.3833740505294665,nan,nan,17,123.31144901852652,19.483866528272017,268.0129758700495,A2,L5,I1,T5,position_fusion,S01,X_A2_U4_P1_L5_I1_T5__S01,U4,P1,
X_A2_U4_P1_L5_I2_T1,uwb_only_control_repeated_for_matrix,Phase4 L5 single-I position row.,34,17,40661,92.15802158289121,151.27073337324762,168.4327270309026,104.35106406486284,40661,53.3602994950317,101.44139904159464,118.25044761335782,66.65439096276307,40661,61.4098609843511,129.38950084771432,147.00570064613953,80.28908230171919,93.534801129936,161.70426974374894,104.61964359978182,110.45851008220691,143.96616219111613,86.4487945890404,60.61262491363244,41.62721541493323,17.112368617091192,72.6200384620749,131.10258001245046,nan,nan,nan,nan,nan,nan,nan,nan,17,101.01800643179536,19.134372706486374,221.44103476171082,A2,L5,I2,T1,uwb_only,S01,X_A2_U4_P1_L5_I2_T1__S01,U4,P1,
X_A2_U4_P1_L5_I2_T2,position_prior_screening,Phase4 L5 single-I position row.,34,17,40661,88.21730727447118,141.59206622431412,157.19360080907506,98.29084527491035,40661,49.09314140575449,92.22401954724407,107.7168588941893,60.93441677502066,40661,60.13530674928029,122.42630193033506,137.69330782530847,77.12384272807242,89.99936040270987,147.29474572439347,98.00476412452579,91.1842797435931,123.61857080319248,94.56068708744442,72.84740324744953,43.80777941489163,14.515253034615228,76.15539795811391,131.32614669619483,nan,nan,nan,1.0,0.5400180498776772,2.0747665015515286,nan,nan,17,173.685532339848,20.245406438086206,477.52348751185025,A2,L5,I2,T2,position_fusion,S01,X_A2_U4_P1_L5_I2_T2__S01,U4,P1,
X_A2_U4_P1_L5_I2_T3,loose_ekf_screening,Phase4 L5 single-I position row.,34,17,40661,87.4286604040708,142.44108215971943,157.8106538335298,98.41013522281828,40661,48.816249820655045,92.508319542607,106.73407651278542,60.91386159657274,40661,59.89117549313198,124.4447922796769,139.1488210672594,77.29201886331448,89.17059693099523,151.24851211515585,99.23521348806966,96.87516210231757,135.13036512019812,87.24486692926641,61.957355976924845,43.73732014613472,16.516591746953395,67.61978099434643,123.36264870927366,nan,nan,nan,1.0,0.13995737804220273,0.5984621231504206,nan,nan,17,147.6642514280575,21.47797528595993,320.547810128318,A2,L5,I2,T3,position_fusion,S01,X_A2_U4_P1_L5_I2_T3__S01,U4,P1,
X_A2_U4_P1_L5_I2_T4,loose_ukf_screening,Phase4 L5 single-I position row.,34,17,40661,86.77167370719513,141.14014653712968,156.13853739758983,97.49472197775813,40661,48.101020396029995,91.01035796748789,104.77477853465358,60.05052093519762,40661,59.53900100317105,123.49435260232553,138.02529063201314,76.80596167571724,89.58618097199285,148.5234160878927,98.22472955593042,95.80603564847914,133.00386953737404,87.97737696119444,62.2762908467995,41.56464580815555,16.03498343825916,67.47604076866466,123.69445041562214,nan,nan,nan,1.0,0.19533434742783767,0.8051005107448791,nan,nan,17,155.70819709892444,22.02667508423292,342.3977156375503,A2,L5,I2,T4,position_fusion,S01,X_A2_U4_P1_L5_I2_T4__S01,U4,P1,
X_A2_U4_P1_L5_I2_T5,error_state_ekf_screening,Phase4 L5 single-I position row.,34,17,40661,89.29637464166544,146.2951096940624,162.35465078221384,100.91515652742443,40661,50.72915149045707,95.99976647211186,111.91640577209144,63.306302260903514,40661,60.284199663345134,126.72770002759603,142.5854014395684,78.58868182509296,90.9912180162679,157.27051446106145,101.24573287281407,104.26944457868242,140.20731482052548,87.41830988031829,61.119453785775534,44.77468173460767,16.800662670454017,69.48817669893006,125.24517909174034,nan,nan,nan,1.0,0.08765100299455716,0.3913984469056223,nan,nan,17,124.34807715171604,19.580563647661734,269.78503600372596,A2,L5,I2,T5,position_fusion,S01,X_A2_U4_P1_L5_I2_T5__S01,U4,P1,
X_A2_U4_P1_L5_I3_T1,uwb_only_control_repeated_for_matrix,Phase4 L5 single-I position row.,34,17,40661,92.15802158289121,151.27073337324762,168.4327270309026,104.35106406486284,40661,53.3602994950317,101.44139904159464,118.25044761335782,66.65439096276307,40661,61.4098609843511,129.38950084771432,147.00570064613953,80.28908230171919,93.534801129936,161.70426974374894,104.61964359978182,110.45851008220691,143.96616219111613,86.4487945890404,60.61262491363244,41.62721541493323,17.112368617091192,72.6200384620749,131.10258001245046,nan,nan,nan,nan,nan,nan,nan,nan,17,101.01800643179536,19.134372706486374,221.44103476171082,A2,L5,I3,T1,uwb_only,S01,X_A2_U4_P1_L5_I3_T1__S01,U4,P1,
X_A2_U4_P1_L5_I3_T2,position_prior_screening,Phase4 L5 single-I position row.,34,17,40661,78.99861980595863,131.2453773307858,146.36150920700902,89.79118846159734,40661,43.79953305158569,80.82453529859045,93.56065590127454,53.392687655377884,40661,56.190194208825005,115.22393157509293,130.31383907296458,72.19195544021059,77.19934477531692,131.21460825832406,83.60716607422663,86.09480500248586,116.88706989545324,82.23151475027376,59.764127420556115,41.6297275353661,14.874250054669346,68.13589127631505,123.82888839573364,nan,nan,nan,1.0,0.4306687440057923,1.60058080577573,nan,nan,17,291.0411319561549,21.11612483559105,576.5352191000244,A2,L5,I3,T2,position_fusion,S01,X_A2_U4_P1_L5_I3_T2__S01,U4,P1,
X_A2_U4_P1_L5_I3_T3,loose_ekf_screening,Phase4 L5 single-I position row.,34,17,40661,85.67319741689971,140.90213931318243,155.97425984005665,96.90546619255215,40661,48.11006334629629,90.78889555978787,104.9213087700691,59.81421538103288,40661,58.50108391880758,123.457562459477,138.9198706822499,76.2425669580142,88.34723104927377,151.05488482879403,97.2642195797811,96.31053331898804,135.62163217779994,83.92059603775714,62.46035019458196,43.65356268918197,16.270750260111868,65.00310142015064,121.70150619001811,nan,nan,nan,1.0,0.14183013532662714,0.6170422262951288,nan,nan,17,166.20101358521927,21.84918982192403,416.5410377227488,A2,L5,I3,T3,position_fusion,S01,X_A2_U4_P1_L5_I3_T3__S01,U4,P1,
X_A2_U4_P1_L5_I3_T4,loose_ukf_screening,Phase4 L5 single-I position row.,34,17,40661,84.48687575265306,139.14726548004498,153.81352505907813,95.5780231810104,40661,47.351686650479635,88.78762868177053,102.63988680907843,58.63500371153761,40661,57.94881548754415,122.2505048845535,137.52431788281,75.4791021073895,87.35657270439332,147.65597406547062,95.43932155990461,93.8483298752183,134.03725369850338,83.46052543503298,62.39267438562897,42.40788326358006,15.656380805217168,64.75379696398409,121.66977463323104,nan,nan,nan,1.0,0.19447338437163295,0.8171436172437416,nan,nan,17,186.63152417149144,21.539767393920215,450.74563348871726,A2,L5,I3,T4,position_fusion,S01,X_A2_U4_P1_L5_I3_T4__S01,U4,P1,
X_A2_U4_P1_L5_I3_T5,error_state_ekf_screening,Phase4 L5 single-I position row.,34,17,40661,88.5238613872633,145.27393880039276,161.2620253095247,100.12410399590101,40661,50.33342305489695,95.08838950538016,110.8915732631364,62.71031523336523,40661,59.81996807154496,126.21476688726835,142.1618974107687,78.05288312621104,90.15675885582493,155.91732563118768,100.98060780035959,103.69362294586813,137.2881352720675,86.74935748915487,61.243983764160184,43.2806993298513,16.83130051764101,68.58773815564342,123.7908557140573,nan,nan,nan,1.0,0.09549506830170448,0.4482736272456018,nan,nan,17,129.34674678497208,19.913232199381014,275.14361056133373,A2,L5,I3,T5,position_fusion,S01,X_A2_U4_P1_L5_I3_T5__S01,U4,P1,
X_A2_U4_P1_L5_I4_T1,uwb_only_control_repeated_for_matrix,Phase4 L5 single-I position row.,34,17,40661,92.15802158289121,151.27073337324762,168.4327270309026,104.35106406486284,40661,53.3602994950317,101.44139904159464,118.25044761335782,66.65439096276307,40661,61.4098609843511,129.38950084771432,147.00570064613953,80.28908230171919,93.534801129936,161.70426974374894,104.61964359978182,110.45851008220691,143.96616219111613,86.4487945890404,60.61262491363244,41.62721541493323,17.112368617091192,72.6200384620749,131.10258001245046,nan,nan,nan,nan,nan,nan,nan,nan,17,101.01800643179536,19.134372706486374,221.44103476171082,A2,L5,I4,T1,uwb_only,S01,X_A2_U4_P1_L5_I4_T1__S01,U4,P1,
X_A2_U4_P1_L5_I4_T2,position_prior_screening,Phase4 L5 single-I position row.,34,17,40661,76.15911732722469,127.06662692470434,140.1045009505639,86.8091491695481,40661,45.52409537936497,82.69242020020354,95.70816446166337,54.86092367423469,40661,51.072125819264954,109.90589006441019,123.01229246320554,67.27635121757608,79.0961560713769,132.92623634124732,86.6825120664715,86.72274039029543,112.03443181408781,75.0641979366602,60.25812655681834,46.38743916659905,14.42284828074321,64.19478609459127,113.6176116121404,nan,nan,nan,1.0,0.47967742657497764,1.6991496057327369,nan,nan,17,257.2015726113981,21.797557404131908,602.5419471673429,A2,L5,I4,T2,position_fusion,S01,X_A2_U4_P1_L5_I4_T2__S01,U4,P1,
X_A2_U4_P1_L5_I4_T3,loose_ekf_screening,Phase4 L5 single-I position row.,34,17,40661,84.66769049520603,139.56054532473624,154.37822310912912,95.9445987662851,40661,47.95921404662461,90.1320052705465,104.510548091095,59.564470625420995,40661,57.499312793492436,121.88943028986364,136.9065583402953,75.21595490011941,87.59358761077274,149.0587901910899,98.29951986331255,96.54640562115584,132.96742651033878,81.30936031451611,63.94322217320813,46.77736906812248,16.15595793362766,64.86508664533459,120.09820307669048,nan,nan,nan,1.0,0.15302210450509407,0.6461695832113517,nan,nan,17,175.93504075955158,21.7493964323059,437.8011960573991,A2,L5,I4,T3,position_fusion,S01,X_A2_U4_P1_L5_I4_T3__S01,U4,P1,
X_A2_U4_P1_L5_I4_T4,loose_ukf_screening,Phase4 L5 single-I position row.,34,17,40661,83.23091126534179,137.49914080418864,151.8191080024804,94.42578418800686,40661,47.20984463390264,88.26406664287146,102.0254886195438,58.435294787250726,40661,56.71272448356967,120.3599310227138,134.84780410835629,74.17240081490658,86.7049776001177,146.67362949957442,96.920259213766,94.7134527115341,130.29526814003793,80.61450419204809,63.42719410034026,47.30477831617145,15.524644358946972,64.60867664400104,120.37280438907604,nan,nan,nan,1.0,0.20963374394583115,0.865901278635451,nan,nan,17,198.37756242607716,21.40870478606695,474.23841158609525,A2,L5,I4,T4,position_fusion,S01,X_A2_U4_P1_L5_I4_T4__S01,U4,P1,
X_A2_U4_P1_L5_I4_T5,error_state_ekf_screening,Phase4 L5 single-I position row.,34,17,40661,87.93283672235633,144.4576440739359,160.22306359075424,99.56198201654337,40661,50.186401598051425,94.82931165853907,110.23437033001981,62.44929290029694,40661,59.36315498555075,125.32889401420084,141.34424643957004,77.54143459670725,89.82969765089236,155.20962211122009,100.81231651527078,102.8599191930689,137.4013267898158,86.31329709434924,61.75061466191007,43.63350440606132,16.855172436176787,68.21769287809629,123.27949951274458,nan,nan,nan,1.0,0.10333275933822397,0.477497815721285,nan,nan,17,133.75458634035195,20.14699222883621,284.7799475868674,A2,L5,I4,T5,position_fusion,S01,X_A2_U4_P1_L5_I4_T5__S01,U4,P1,
X_A2_U4_P1_L5_I5_T1,uwb_only_control_repeated_for_matrix,Phase4 L5 single-I position row.,34,17,40661,92.15802158289121,151.27073337324762,168.4327270309026,104.35106406486284,40661,53.3602994950317,101.44139904159464,118.25044761335782,66.65439096276307,40661,61.4098609843511,129.38950084771432,147.00570064613953,80.28908230171919,93.534801129936,161.70426974374894,104.61964359978182,110.45851008220691,143.96616219111613,86.4487945890404,60.61262491363244,41.62721541493323,17.112368617091192,72.6200384620749,131.10258001245046,nan,nan,nan,nan,nan,nan,nan,nan,17,101.01800643179536,19.134372706486374,221.44103476171082,A2,L5,I5,T1,uwb_only,S01,X_A2_U4_P1_L5_I5_T1__S01,U4,P1,
X_A2_U4_P1_L5_I5_T2,position_prior_screening,Phase4 L5 single-I position row.,34,17,40661,78.32972440719546,126.46589395650881,142.22805564391572,88.17465126288846,40661,43.02603961650512,80.44329756121337,93.82501368774862,52.71879552901282,40661,56.006660376657806,112.02437093228832,126.47332435262092,70.67883504488552,76.19501084351558,124.24973700858004,81.80062714015764,77.94022410338889,110.7530408001738,82.7287001093373,56.67975262274449,39.74775214886063,12.304443527672646,66.70436409802579,118.0678620123883,nan,nan,nan,1.0,0.5287005224020873,1.944402952003892,nan,nan,17,251.18622513200356,24.63694054741876,550.371766875571,A2,L5,I5,T2,position_fusion,S01,X_A2_U4_P1_L5_I5_T2__S01,U4,P1,
X_A2_U4_P1_L5_I5_T3,loose_ekf_screening,Phase4 L5 single-I position row.,34,17,40661,83.5939575953739,137.52705504516027,151.42459346094947,94.4829823323787,40661,46.393284540819586,86.74245662922655,100.25447450229613,57.45322866449322,40661,57.97414635727671,121.30952230507478,135.84628422246305,75.00773604399775,85.493762953146,143.97103473168772,94.33242169403076,93.07337528078415,131.7069019709713,84.32075493812579,65.7732430121479,44.56685355815813,15.104442071680296,64.4877576400585,121.49677932333927,nan,nan,nan,1.0,0.19659846752364135,0.792551778827198,nan,nan,17,207.8712124322834,21.475244956905726,462.9505921714589,A2,L5,I5,T3,position_fusion,S01,X_A2_U4_P1_L5_I5_T3__S01,U4,P1,
X_A2_U4_P1_L5_I5_T4,loose_ukf_screening,Phase4 L5 single-I position row.,34,17,40661,82.08634319808313,135.47403479374245,149.05553426072353,93.01507699929024,40661,45.42760521811043,84.41377301676172,97.73184271616877,56.14112163717183,40661,57.26709728470814,119.71058698429397,134.23264990501184,74.16184335966959,84.46040767487571,140.17732900627848,92.33937868909977,91.36146907848843,128.77648481078498,82.41028592844258,65.86475495868237,42.45208018785411,14.30095736105173,65.11871781731192,121.96718035934097,nan,nan,nan,1.0,0.2637978542907776,1.0177760820329476,nan,nan,17,236.9142061153611,21.102772120001134,488.6048927821295,A2,L5,I5,T4,position_fusion,S01,X_A2_U4_P1_L5_I5_T4__S01,U4,P1,
X_A2_U4_P1_L5_I5_T5,error_state_ekf_screening,Phase4 L5 single-I position row.,34,17,40661,86.92464880467377,142.54405549333137,157.9020704329829,98.25769690861165,40661,48.95116670788293,92.27960194237016,106.89645268184223,60.88665977812991,40661,59.30844509119106,124.6719319271856,140.20491496816294,77.1193209438909,89.1933485300188,152.66636108877674,98.55391229297113,100.5982536929125,137.06434049351526,85.29546740176949,63.88048878149712,43.653520282880265,16.664861012674237,66.45284220706874,120.87489669948732,nan,nan,nan,1.0,0.137917317347371,0.6192483573344794,nan,nan,17,150.17434469016,21.170571200218717,354.5470509029597,A2,L5,I5,T5,position_fusion,S01,X_A2_U4_P1_L5_I5_T5__S01,U4,P1,
X_A2_U4_P1_L5_I6_T1,uwb_only_control_repeated_for_matrix,Phase4 L5 single-I position row.,34,17,40661,92.15802158289121,151.27073337324762,168.4327270309026,104.35106406486284,40661,53.3602994950317,101.44139904159464,118.25044761335782,66.65439096276307,40661,61.4098609843511,129.38950084771432,147.00570064613953,80.28908230171919,93.534801129936,161.70426974374894,104.61964359978182,110.45851008220691,143.96616219111613,86.4487945890404,60.61262491363244,41.62721541493323,17.112368617091192,72.6200384620749,131.10258001245046,nan,nan,nan,nan,nan,nan,nan,nan,17,101.01800643179536,19.134372706486374,221.44103476171082,A2,L5,I6,T1,uwb_only,S01,X_A2_U4_P1_L5_I6_T1__S01,U4,P1,
X_A2_U4_P1_L5_I6_T2,position_prior_screening,Phase4 L5 single-I position row.,34,17,40661,77.03800034223549,127.56170725103385,141.8507269798157,87.6607902975823,40661,45.77289180873514,81.25598574011491,93.95642036368561,54.92233064485192,40661,52.950675741054056,109.9166370392594,123.73600806151762,68.3224103214623,78.381130593906,132.90934653175356,85.35764355846965,83.47527395049221,112.6089142782882,84.33778468807736,66.46172236568907,39.98435313127641,12.95723192975737,66.67027584452046,118.86380921814128,nan,nan,nan,1.0,0.48946669409038257,1.8459685407479345,nan,nan,17,468.24942692475184,21.77552132987728,932.0382388591377,A2,L5,I6,T2,position_fusion,S01,X_A2_U4_P1_L5_I6_T2__S01,U4,P1,
X_A2_U4_P1_L5_I6_T3,loose_ekf_screening,Phase4 L5 single-I position row.,34,17,40661,84.05415577757715,138.48156639205445,152.39163357803395,95.15071419313773,40661,47.58445453062613,88.63932961853371,102.20824513429349,58.763732488003974,40661,57.330859529640975,121.38089512737793,136.2724751142157,74.83636920336586,84.52202633564794,147.47642798560537,95.76796225136542,96.31183630909015,134.22988942581566,84.06583996972527,63.871326615740045,44.46370856735177,15.545079041742582,64.57989162599563,120.51187117068346,nan,nan,nan,1.0,0.17300835627458314,0.7517151960691191,nan,nan,17,194.35876724296887,21.691347785106075,465.99671955812,A2,L5,I6,T3,position_fusion,S01,X_A2_U4_P1_L5_I6_T3__S01,U4,P1,
X_A2_U4_P1_L5_I6_T4,loose_ukf_screening,Phase4 L5 single-I position row.,34,17,40661,82.69739890786498,136.47321766328417,150.00396097223123,93.6625980800018,40661,46.9278930224397,86.81820822903366,99.74532547514389,57.6304951805856,40661,56.565473782449885,119.83925544392423,134.44027743145853,73.83365292558979,82.75139680356662,145.86588812763603,94.47022760842965,94.09623806262698,132.1876057509831,85.1643081128268,64.12922166580424,43.63970952385273,14.77388249107645,64.3244548933524,120.69854102500446,nan,nan,nan,1.0,0.22938120587011568,0.9855435676943953,nan,nan,17,222.68742185861046,21.358841917314976,503.7280094065931,A2,L5,I6,T4,position_fusion,S01,X_A2_U4_P1_L5_I6_T4__S01,U4,P1,
X_A2_U4_P1_L5_I6_T5,error_state_ekf_screening,Phase4 L5 single-I position row.,34,17,40661,87.40727485720863,143.31491276728624,158.72895883608783,98.85411717609482,40661,49.7088156531257,93.61070605074173,108.42991040654617,61.76540561852433,40661,59.07983243602507,124.98362264459638,140.56205931385227,77.18271277588167,88.38850521856276,153.4671615133983,98.95329708134514,102.44676861314369,138.96289046433034,87.14686167607209,63.0805588674943,44.27354509197636,16.753585183979368,67.34402934009388,121.68281090471672,nan,nan,nan,1.0,0.12244257536929813,0.5436541522610847,nan,nan,17,142.88062698567884,20.66362461725339,320.1993167276492,A2,L5,I6,T5,position_fusion,S01,X_A2_U4_P1_L5_I6_T5__S01,U4,P1,
X_A2_U4_P1_L5_I7_T1,uwb_only_control_repeated_for_matrix,Phase4 L5 single-I position row.,34,17,40661,92.15802158289121,151.27073337324762,168.4327270309026,104.35106406486284,40661,53.3602994950317,101.44139904159464,118.25044761335782,66.65439096276307,40661,61.4098609843511,129.38950084771432,147.00570064613953,80.28908230171919,93.534801129936,161.70426974374894,104.61964359978182,110.45851008220691,143.96616219111613,86.4487945890404,60.61262491363244,41.62721541493323,17.112368617091192,72.6200384620749,131.10258001245046,nan,nan,nan,nan,nan,nan,nan,nan,17,101.01800643179536,19.134372706486374,221.44103476171082,A2,L5,I7,T1,uwb_only,S01,X_A2_U4_P1_L5_I7_T1__S01,U4,P1,
X_A2_U4_P1_L5_I7_T2,position_prior_screening,Phase4 L5 single-I position row.,34,17,40661,80.03586399255909,127.44343308336371,139.2351581513917,88.79754832440418,40661,48.37628219714681,90.12752460233125,103.4500830245989,58.91844243876261,40661,51.71071878140788,106.89511040159482,119.74556980334,66.43509410706899,82.44218422401856,134.6554480292957,86.4607861156794,91.91945030907945,112.47169265908494,82.01641830513496,66.67041637094997,29.55913419320467,14.88792535228626,72.12412239104977,125.9314289324991,nan,nan,nan,1.0,0.45912662997266607,1.7275493941721702,nan,nan,17,167.18365252152947,20.602976410162626,415.7891686597704,A2,L5,I7,T2,position_fusion,S01,X_A2_U4_P1_L5_I7_T2__S01,U4,P1,
X_A2_U4_P1_L5_I7_T3,loose_ekf_screening,Phase4 L5 single-I position row.,34,17,40661,85.71825412478832,140.18462027390157,155.20785731036318,96.85421449238302,40661,49.16279891814908,92.27775164529992,106.5373551779655,60.81974466463685,40661,57.88514775474857,121.44893243845377,136.98604505207413,75.3770357858739,88.70290567856686,148.20800662034657,97.48914669656307,98.51844728232287,132.58269849589985,86.2652786410944,61.70976339297808,39.499026660684194,16.477083216336894,67.57198387862229,123.40608988506972,nan,nan,nan,1.0,0.13151770011411584,0.5825793236467809,nan,nan,17,151.20983106232146,21.634362371404507,354.9813487996174,A2,L5,I7,T3,position_fusion,S01,X_A2_U4_P1_L5_I7_T3__S01,U4,P1,
X_A2_U4_P1_L5_I7_T4,loose_ukf_screening,Phase4 L5 single-I position row.,34,17,40661,84.56360531865154,138.14002040312494,152.57933872267418,95.41217752005953,40661,48.674543840484986,90.5532004537196,104.81732025168732,59.9016520627734,40661,57.043182452330484,119.84075937315856,134.60167091057508,74.26490220332742,87.69805940841628,145.5169243327395,96.28781565164738,96.14283123293117,130.2020322135404,84.745782193223,61.84041003479521,37.208869402371874,15.90875805487255,67.16276767509865,122.3544548418779,nan,nan,nan,1.0,0.18558790758757254,0.7790312170116582,nan,nan,17,162.52974823455705,21.594564481075622,403.0209348304074,A2,L5,I7,T4,position_fusion,S01,X_A2_U4_P1_L5_I7_T4__S01,U4,P1,
X_A2_U4_P1_L5_I7_T5,error_state_ekf_screening,Phase4 L5 single-I position row.,34,17,40661,88.55042374109556,145.1851283414211,161.26306360048943,100.24727199212987,40661,50.87731792219641,95.93560148679053,111.65239913214936,63.263793649002814,40661,59.426961913360515,125.57178749937657,141.6786961815303,77.76379591429715,90.8500093308626,155.3738832206377,100.90411702303405,103.34412641587943,137.11549390368017,87.39188596395343,62.44795405679757,42.11973440243662,16.81904501311419,69.64177037064202,125.68347073708023,nan,nan,nan,1.0,0.08545950906111952,0.40531978097928456,nan,nan,17,124.64770099802357,19.664992533880593,269.79483523127857,A2,L5,I7,T5,position_fusion,S01,X_A2_U4_P1_L5_I7_T5__S01,U4,P1,
X_A2_U4_P1_L5_I8_T1,uwb_only_control_repeated_for_matrix,Phase4 L5 single-I position row.,34,17,40661,92.15802158289121,151.27073337324762,168.4327270309026,104.35106406486284,40661,53.3602994950317,101.44139904159464,118.25044761335782,66.65439096276307,40661,61.4098609843511,129.38950084771432,147.00570064613953,80.28908230171919,93.534801129936,161.70426974374894,104.61964359978182,110.45851008220691,143.96616219111613,86.4487945890404,60.61262491363244,41.62721541493323,17.112368617091192,72.6200384620749,131.10258001245046,nan,nan,nan,nan,nan,nan,nan,nan,17,101.01800643179536,19.134372706486374,221.44103476171082,A2,L5,I8,T1,uwb_only,S01,X_A2_U4_P1_L5_I8_T1__S01,U4,P1,
X_A2_U4_P1_L5_I8_T2,position_prior_screening,Phase4 L5 single-I position row.,34,17,40661,78.98043074976026,127.62561945729688,140.75618969588422,88.53654430871579,40661,43.116897917537194,79.35051245968269,91.57220399696908,52.338786878031826,40661,56.660735047761136,113.48304973559084,126.53518966614229,71.40988073274704,82.79132477492297,131.2930418029575,88.74936361540156,80.20055474090886,118.94388058297206,78.02131016943625,56.48771680525421,39.62154922150671,13.607982533566144,74.68859252258125,127.54073237990856,nan,nan,nan,1.0,0.4759264714707877,1.6788786255190755,nan,nan,17,62.04699011056115,22.79647157977115,148.99347722035822,A2,L5,I8,T2,position_fusion,S01,X_A2_U4_P1_L5_I8_T2__S01,U4,P1,
X_A2_U4_P1_L5_I8_T3,loose_ekf_screening,Phase4 L5 single-I position row.,34,17,40661,84.8012417698259,138.9688025030741,153.7390817767073,95.67254812775145,40661,46.91112579630053,88.41305133024223,102.63465739628091,58.415954295253975,40661,58.502768373970184,122.32639325820537,137.41201948105982,75.76815128424155,87.26741825455804,147.78616083656465,95.74006421390987,95.33263658715367,133.33659590550883,82.9826284120091,62.10111815271206,47.03118803833047,15.731095889788833,64.71075214538187,120.48400332090779,nan,nan,nan,1.0,0.166646172237904,0.7020962471863553,nan,nan,17,164.33707761926254,21.709844369655684,409.63423183786074,A2,L5,I8,T3,position_fusion,S01,X_A2_U4_P1_L5_I8_T3__S01,U4,P1,
X_A2_U4_P1_L5_I8_T4,loose_ukf_screening,Phase4 L5 single-I position row.,34,17,40661,83.5777778580179,136.9693282730143,151.27663023267343,94.23652138910933,40661,45.95748214484618,86.32990399714734,100.03567868453113,57.089347748864924,40661,57.84153204984216,120.87799713520599,135.83348339419854,74.97551825182157,85.79038342683609,145.44816942622762,94.27952612508759,92.77647886466713,131.35635563188129,82.37747369521449,61.90433101422951,44.52340340954078,14.999824511269793,64.46169374444585,121.35901743884156,nan,nan,nan,1.0,0.2253880189352212,0.9153616992797942,nan,nan,17,170.13881543639374,21.37304798826449,425.3332320748116,A2,L5,I8,T4,position_fusion,S01,X_A2_U4_P1_L5_I8_T4__S01,U4,P1,
X_A2_U4_P1_L5_I8_T5,error_state_ekf_screening,Phase4 L5 single-I position row.,34,17,40661,87.70137317748147,143.97910531684133,159.54644508424636,99.2329660499736,40661,49.46695805604065,93.6714620685785,108.81764200510452,61.74060818887355,40661,59.721430345443764,125.52788389618127,141.2636534998544,77.68705716876661,90.27465753783788,153.98872698175782,99.4428524327871,100.83233202253966,137.3144187554376,86.68932780657741,61.86874253711045,43.7576923700903,16.757269092508437,67.89294246967026,122.51583984123036,nan,nan,nan,1.0,0.11549315424881959,0.5255803105261094,nan,nan,17,135.5812522076794,20.377095717784073,289.12516424169166,A2,L5,I8,T5,position_fusion,S01,X_A2_U4_P1_L5_I8_T5__S01,U4,P1,
X_A2_U4_P2_L5_I0_T1,uwb_only_control_repeated_for_matrix,Phase4 L5 single-I position row.,34,17,40661,95.93786443883305,161.04998968610929,180.24055446629677,110.25961436880448,40661,58.49456586205399,112.70924956238346,132.82933641453624,74.31653442030766,40661,59.620243024432284,133.18619983295025,152.1282314460094,81.45081505124855,95.54112099152545,171.21701365979496,107.56592540317916,119.53143950417147,150.85649649090124,86.59674987498681,61.491272843468124,43.36256994756195,19.217011961772727,82.10402671066615,139.11898615958853,nan,nan,nan,nan,nan,nan,nan,nan,17,65.40073967522406,19.43402399042793,127.10883223387347,A2,L5,I0,T1,uwb_only,S01,X_A2_U4_P2_L5_I0_T1__S01,U4,P2,
X_A2_U4_P2_L5_I0_T2,position_prior_screening,Phase4 L5 single-I position row.,34,17,40661,88.97351314740135,150.02399336197897,167.89714700704815,102.38157092050673,40661,55.418085832830315,104.92688509675722,121.07666086356798,68.90124213094971,40661,54.51025833329447,125.73632002400905,144.69415074575454,75.72717409862189,89.33726170618007,158.59635778631332,100.98139307054583,111.88691094567415,138.2463861724355,85.70671534640896,65.44672523803766,41.544370477095526,14.219607745652496,71.82341386193653,133.7879264893067,nan,nan,nan,1.0,0.3301617149099829,1.2800459439886422,nan,nan,17,139.75104789035123,22.743237467033794,335.6640026042564,A2,L5,I0,T2,position_fusion,S01,X_A2_U4_P2_L5_I0_T2__S01,U4,P2,
X_A2_U4_P2_L5_I0_T3,loose_ekf_screening,Phase4 L5 single-I position row.,34,17,40661,93.39770132772274,156.9565588487495,175.513012226498,107.39444669632343,40661,56.99297937682461,109.03635791604228,128.1453664729251,71.89937087141543,40661,58.51833829028078,130.6158913389229,149.0483697885952,79.77498135069737,93.63843542741631,168.0876591661986,105.8016078082056,113.09830548266183,149.00240134777772,86.47274840315187,64.56768356808678,41.846486918970356,18.636090337657265,77.3777335652133,139.31138860501048,nan,nan,nan,1.0,0.06377898413285377,0.25863347140340653,nan,nan,17,80.68758517191922,20.792406856322543,160.8827628353953,A2,L5,I0,T3,position_fusion,S01,X_A2_U4_P2_L5_I0_T3__S01,U4,P2,
X_A2_U4_P2_L5_I0_T4,loose_ukf_screening,Phase4 L5 single-I position row.,34,17,40661,92.72719112354746,155.52610999445906,174.1373475033317,106.59278014032557,40661,56.586900554956024,107.91172901925724,126.87956641276547,71.25721475643589,40661,58.132782628532595,130.0948193274064,148.47677053457494,79.27439765270348,92.97838804928058,167.5003126692589,105.50342834676914,112.31926345073819,147.98993486638057,86.8153846402979,64.92701767324284,42.31450278963814,18.436037638292618,75.77993782881168,139.108525378298,nan,nan,nan,1.0,0.09579901330611476,0.38421606196741154,nan,nan,17,86.27023796426718,21.28048912956615,179.36838657143238,A2,L5,I0,T4,position_fusion,S01,X_A2_U4_P2_L5_I0_T4__S01,U4,P2,
X_A2_U4_P2_L5_I0_T5,error_state_ekf_screening,Phase4 L5 single-I position row.,34,17,40661,94.86061924584789,159.2735040263243,178.29147463477042,109.0020737486688,40661,57.83099181374168,111.00317852219129,130.4856126740167,73.2363932624602,40661,59.0452088970473,132.12024215637643,151.00077324891868,80.7334056225582,94.81769106745648,169.99950789960764,106.6251530600475,116.81687281559603,150.61866075102023,85.8851048019489,62.6592317239177,43.09585093044342,18.982674196945396,80.49159676173707,139.42176136440887,nan,nan,nan,1.0,0.0333205836533112,0.14071269906349282,nan,nan,17,71.34229569846863,19.966358675878837,140.20879663215666,A2,L5,I0,T5,position_fusion,S01,X_A2_U4_P2_L5_I0_T5__S01,U4,P2,
X_A2_U4_P2_L5_I1_T1,uwb_only_control_repeated_for_matrix,Phase4 L5 single-I position row.,34,17,40661,95.93786443883305,161.04998968610929,180.24055446629677,110.25961436880448,40661,58.49456586205399,112.70924956238346,132.82933641453624,74.31653442030766,40661,59.620243024432284,133.18619983295025,152.1282314460094,81.45081505124855,95.54112099152545,171.21701365979496,107.56592540317916,119.53143950417147,150.85649649090124,86.59674987498681,61.491272843468124,43.36256994756195,19.217011961772727,82.10402671066615,139.11898615958853,nan,nan,nan,nan,nan,nan,nan,nan,17,65.40073967522406,19.43402399042793,127.10883223387347,A2,L5,I1,T1,uwb_only,S01,X_A2_U4_P2_L5_I1_T1__S01,U4,P2,
X_A2_U4_P2_L5_I1_T2,position_prior_screening,Phase4 L5 single-I position row.,34,17,40661,83.84615121488565,136.23742309927243,151.7385504389638,94.98354623549002,40661,51.40076790072116,93.2817421962891,108.21752055556024,62.05308718344915,40661,54.507477763840825,115.4179167647685,131.8110061237112,71.91167100320177,85.70531931404872,143.12500331925338,92.95465569662741,98.51937863781208,123.65641524360925,81.95055447836447,64.35249096595516,38.73264404056545,11.524694159617042,73.59452879523761,132.05259610232883,nan,nan,nan,1.0,0.48474011885804535,1.6871918642890193,nan,nan,17,140.29081151256497,20.765104905996793,332.55654546313787,A2,L5,I1,T2,position_fusion,S01,X_A2_U4_P2_L5_I1_T2__S01,U4,P2,
X_A2_U4_P2_L5_I1_T3,loose_ekf_screening,Phase4 L5 single-I position row.,34,17,40661,90.37782308200615,150.10874487945898,166.7185892845018,103.01138905762942,40661,54.505749305059,103.03469973886301,120.56705759574194,68.06776925619984,40661,57.50863317377457,126.42279864351053,143.5918933909062,77.3183358852674,90.15338580472704,160.16934041106174,100.43394846774282,108.39931819008692,141.84623160711993,84.97325368017789,62.1237781443148,43.495004744500534,17.070562917593207,73.97364664391466,136.74995364176488,nan,nan,nan,1.0,0.14357238960026913,0.571816510104682,nan,nan,17,110.33216949256055,22.63746514070715,246.85751873556995,A2,L5,I1,T3,position_fusion,S01,X_A2_U4_P2_L5_I1_T3__S01,U4,P2,
X_A2_U4_P2_L5_I1_T4,loose_ukf_screening,Phase4 L5 single-I position row.,34,17,40661,89.22758910874045,147.89745825455836,163.78122077856827,101.60743423868564,40661,53.67663429736926,101.14963326277187,118.1891621025068,66.91336905735034,40661,56.870776215461206,125.06070518238198,141.7946846162505,76.46353205263053,88.9375773730694,157.68202553738593,98.97826278530657,107.6139299865471,137.82928244981917,84.31444162880564,63.17406187485629,39.70762746616879,15.820161441408828,73.3282130207401,136.65953064877587,nan,nan,nan,1.0,0.20010120753403288,0.7848953322425384,nan,nan,17,119.29248730522559,22.485883627982787,264.4531558688693,A2,L5,I1,T4,position_fusion,S01,X_A2_U4_P2_L5_I1_T4__S01,U4,P2,
X_A2_U4_P2_L5_I1_T5,error_state_ekf_screening,Phase4 L5 single-I position row.,34,17,40661,92.90487890589168,154.80869779750233,173.09712199913864,106.327864989176,40661,56.253148117075526,107.45840476850154,126.15142706980859,70.86570161436457,40661,58.43676496391356,129.463174596033,147.45910517118227,79.26958564203733,91.99751858939553,165.9796912222597,103.74759431063305,112.26518521966713,147.58362062922043,85.92504995488957,60.841546192887975,43.150335442999676,18.427356729908013,75.544162118044,138.84079107352886,nan,nan,nan,1.0,0.09076587338546979,0.39549558241631383,nan,nan,17,87.13304922737674,21.334594393184375,181.01467200659462,A2,L5,I1,T5,position_fusion,S01,X_A2_U4_P2_L5_I1_T5__S01,U4,P2,
X_A2_U4_P2_L5_I2_T1,uwb_only_control_repeated_for_matrix,Phase4 L5 single-I position row.,34,17,40661,95.93786443883305,161.04998968610929,180.24055446629677,110.25961436880448,40661,58.49456586205399,112.70924956238346,132.82933641453624,74.31653442030766,40661,59.620243024432284,133.18619983295025,152.1282314460094,81.45081505124855,95.54112099152545,171.21701365979496,107.56592540317916,119.53143950417147,150.85649649090124,86.59674987498681,61.491272843468124,43.36256994756195,19.217011961772727,82.10402671066615,139.11898615958853,nan,nan,nan,nan,nan,nan,nan,nan,17,65.40073967522406,19.43402399042793,127.10883223387347,A2,L5,I2,T1,uwb_only,S01,X_A2_U4_P2_L5_I2_T1__S01,U4,P2,
X_A2_U4_P2_L5_I2_T2,position_prior_screening,Phase4 L5 single-I position row.,34,17,40661,91.54715108184604,147.3634387353576,164.74508012062518,102.35337818815422,40661,54.055413284543434,100.63472404067329,116.28410553472057,66.66748519766715,40661,59.07103244090513,124.47150709407447,141.2601766216785,77.66376532171331,91.12307416343407,153.6922959943446,102.67678721454693,102.60858687772291,127.53960751896757,94.20836570865511,73.79245729950125,45.646745805321245,10.784647602528878,76.85221011935627,136.61152028586082,nan,nan,nan,1.0,0.5809496569332634,2.1551657479815374,nan,nan,17,151.00351543668256,20.625853495675244,420.4917608739706,A2,L5,I2,T2,position_fusion,S01,X_A2_U4_P2_L5_I2_T2__S01,U4,P2,
X_A2_U4_P2_L5_I2_T3,loose_ekf_screening,Phase4 L5 single-I position row.,34,17,40661,91.05836128068223,151.1700113635969,168.15248527309703,103.76442526427527,40661,54.641063976813925,103.48746355558485,120.67252233020481,68.31595620316648,40661,58.26236741685966,127.47099995537747,144.4762191270272,78.10240763556786,91.38818901631822,160.05726658495198,102.80030635226603,108.64408985668965,141.49946914777254,88.67411531619864,65.93919795942159,44.74119249944289,16.814360515622667,73.89095624248301,137.45344435532365,nan,nan,nan,1.0,0.15462509954989426,0.6210799305901074,nan,nan,17,112.92199060382846,22.834652507131466,259.6047513068293,A2,L5,I2,T3,position_fusion,S01,X_A2_U4_P2_L5_I2_T3__S01,U4,P2,
X_A2_U4_P2_L5_I2_T4,loose_ukf_screening,Phase4 L5 single-I position row.,34,17,40661,90.34292681275161,149.48209301186608,165.91945589941605,102.72691794642796,40661,54.12091343082496,102.08472028692374,118.44673521418032,67.35745884307471,40661,58.024068953128335,126.66119851683561,143.22502783727464,77.56153949591021,90.7046071324397,156.88544897730247,101.01705013433407,106.62250064617214,138.3636001476078,90.06419626594018,66.44338523815308,43.879490124361155,15.510155148579742,73.2408257289305,136.76116370851105,nan,nan,nan,1.0,0.21436123206821278,0.8429379632797858,nan,nan,17,122.61309833062506,22.761727084632525,282.6047320131926,A2,L5,I2,T4,position_fusion,S01,X_A2_U4_P2_L5_I2_T4__S01,U4,P2,
X_A2_U4_P2_L5_I2_T5,error_state_ekf_screening,Phase4 L5 single-I position row.,34,17,40661,93.18085003216275,155.3522408369888,173.3306292685134,106.54009047186742,40661,56.21956609672932,107.38172159415899,125.90082854110537,70.86906501090527,40661,58.88847404063904,129.88983809537308,148.0292651788061,79.55103080560161,93.16893305728523,166.25055700191098,104.900123871712,111.8066711572325,146.35708768134236,87.08197548519814,62.28685119567258,43.44415097445261,18.32159806607865,75.28201107844222,138.86211584639057,nan,nan,nan,1.0,0.09889096365777683,0.41677798945036126,nan,nan,17,88.31415327410824,21.451511524020532,185.64263260296724,A2,L5,I2,T5,position_fusion,S01,X_A2_U4_P2_L5_I2_T5__S01,U4,P2,
X_A2_U4_P2_L5_I3_T1,uwb_only_control_repeated_for_matrix,Phase4 L5 single-I position row.,34,17,40661,95.93786443883305,161.04998968610929,180.24055446629677,110.25961436880448,40661,58.49456586205399,112.70924956238346,132.82933641453624,74.31653442030766,40661,59.620243024432284,133.18619983295025,152.1282314460094,81.45081505124855,95.54112099152545,171.21701365979496,107.56592540317916,119.53143950417147,150.85649649090124,86.59674987498681,61.491272843468124,43.36256994756195,19.217011961772727,82.10402671066615,139.11898615958853,nan,nan,nan,nan,nan,nan,nan,nan,17,65.40073967522406,19.43402399042793,127.10883223387347,A2,L5,I3,T1,uwb_only,S01,X_A2_U4_P2_L5_I3_T1__S01,U4,P2,
X_A2_U4_P2_L5_I3_T2,position_prior_screening,Phase4 L5 single-I position row.,34,17,40661,82.40506768015359,137.1916391806786,153.38347210059297,94.0035837682195,40661,49.61648842899031,89.82030333896185,102.78786700106559,59.46996599045883,40661,55.01354672686398,117.7764465740579,134.64208589544796,72.80107764561133,82.10398763186271,135.7028067759794,88.4166808922026,92.39276284201208,120.1263235057958,82.6630739448112,58.195889144180455,42.99332929124347,10.071067007970242,67.97321056714523,123.81838604510301,nan,nan,nan,1.0,0.47472216881321894,1.7705287497702744,nan,nan,17,273.14600210673007,23.063147630478454,531.9364516542939,A2,L5,I3,T2,position_fusion,S01,X_A2_U4_P2_L5_I3_T2__S01,U4,P2,
X_A2_U4_P2_L5_I3_T3,loose_ekf_screening,Phase4 L5 single-I position row.,34,17,40661,89.58074224965213,149.39377876307924,165.83068001393997,102.2351951179853,40661,54.27752352674684,101.68505811367575,118.39703866208684,67.20631494787345,40661,57.31779031676251,126.29203222439469,143.8149104637953,77.04119905569854,89.44335901488199,159.6337260555526,102.7433682404845,106.08745818573956,141.8388866364121,84.40827240098608,62.417039151788174,43.68579864163058,16.099165527064173,73.4921400075185,137.1314096285322,nan,nan,nan,1.0,0.15836737108680865,0.6281167767232174,nan,nan,17,131.4848005452197,22.555560502295066,338.44879799583026,A2,L5,I3,T3,position_fusion,S01,X_A2_U4_P2_L5_I3_T3__S01,U4,P2,
X_A2_U4_P2_L5_I3_T4,loose_ukf_screening,Phase4 L5 single-I position row.,34,17,40661,88.37549310427949,147.3221449633327,163.53114296807453,100.79664725273814,40661,53.54227481382519,99.92061463980887,115.73942371699646,65.94593883060806,40661,56.76479321354168,125.10596266692289,142.27327608569544,76.23055325224017,88.34727725644011,158.0508240866927,101.62563994173644,104.41197144859979,138.3129278683733,85.6727732562525,63.515139368544126,42.02559027496119,14.647373551548327,72.44860048837177,134.8093410928564,nan,nan,nan,1.0,0.21917518315612022,0.8431811797171768,nan,nan,17,152.1766370989589,22.39205491680974,374.29412651244974,A2,L5,I3,T4,position_fusion,S01,X_A2_U4_P2_L5_I3_T4__S01,U4,P2,
X_A2_U4_P2_L5_I3_T5,error_state_ekf_screening,Phase4 L5 single-I position row.,34,17,40661,92.44219250551448,154.28188324538525,172.16677320954588,105.71873775891724,40661,56.10840823627852,106.29903952051092,124.93541857279877,70.25650561657673,40661,58.42271597289414,129.3402800200838,147.32486558794494,78.99667671419246,92.78120293369656,164.80114250495336,104.59614739040836,109.91484590075724,144.907685220811,86.85482974614308,61.30831245309446,42.810686860117244,18.21671307354694,75.04300830428073,138.27398430513972,nan,nan,nan,1.0,0.10473237373215014,0.45305503226750704,nan,nan,17,94.05810688773487,21.852336039628142,210.96899362416013,A2,L5,I3,T5,position_fusion,S01,X_A2_U4_P2_L5_I3_T5__S01,U4,P2,
X_A2_U4_P2_L5_I4_T1,uwb_only_control_repeated_for_matrix,Phase4 L5 single-I position row.,34,17,40661,95.93786443883305,161.04998968610929,180.24055446629677,110.25961436880448,40661,58.49456586205399,112.70924956238346,132.82933641453624,74.31653442030766,40661,59.620243024432284,133.18619983295025,152.1282314460094,81.45081505124855,95.54112099152545,171.21701365979496,107.56592540317916,119.53143950417147,150.85649649090124,86.59674987498681,61.491272843468124,43.36256994756195,19.217011961772727,82.10402671066615,139.11898615958853,nan,nan,nan,nan,nan,nan,nan,nan,17,65.40073967522406,19.43402399042793,127.10883223387347,A2,L5,I4,T1,uwb_only,S01,X_A2_U4_P2_L5_I4_T1__S01,U4,P2,
X_A2_U4_P2_L5_I4_T2,position_prior_screening,Phase4 L5 single-I position row.,34,17,40661,79.27275282898039,133.36063693248187,147.12704912182065,91.00971377261003,40661,49.78406753960771,91.89997110252976,107.7020760341902,60.619153672566284,40661,50.614188454927216,111.51512605683592,125.22861855784504,67.88288598015112,82.27059930817906,138.67662207068747,91.71385301601173,89.51804870945875,116.77837448967864,75.98756868617177,64.03397195546276,44.18180794862485,9.38256146234275,63.76645111675573,111.88869269596111,nan,nan,nan,1.0,0.4923540447679904,1.8019043276732418,nan,nan,17,224.9255850252902,22.90113644085926,514.1687768145022,A2,L5,I4,T2,position_fusion,S01,X_A2_U4_P2_L5_I4_T2__S01,U4,P2,
X_A2_U4_P2_L5_I4_T3,loose_ekf_screening,Phase4 L5 single-I position row.,34,17,40661,88.6694896974329,147.73762591239867,163.9975843639477,101.25621165182785,40661,53.735974339101716,101.7557963237729,118.31235807875863,66.91239963706649,40661,56.19035641558071,124.66698248531429,141.27583883116995,75.99704713269631,89.27545144096558,160.33841415262265,100.44396949409096,105.80780788000521,137.74172871697345,83.28358248908377,64.12843406813113,47.54164904019467,15.690696687947309,73.21555107546386,136.33944569493673,nan,nan,nan,1.0,0.16870491984143227,0.6612222622162258,nan,nan,17,137.7577376120139,22.493770750818214,351.7666070388467,A2,L5,I4,T3,position_fusion,S01,X_A2_U4_P2_L5_I4_T3__S01,U4,P2,
X_A2_U4_P2_L5_I4_T4,loose_ukf_screening,Phase4 L5 single-I position row.,34,17,40661,87.19041483851316,145.52490339521918,160.83615073477745,99.62996485581114,40661,52.92548555141392,100.07958642358675,115.79972798257702,65.68760144413979,40661,55.36480732339652,122.9647378382673,139.12076439806356,74.90840349177127,88.73412269794724,158.8897723762405,98.82565154079418,103.90197265771931,136.06278775494872,83.28366404735101,64.73469273200672,48.43289304392499,14.409375974321733,71.42308663073821,133.04379609272306,nan,nan,nan,1.0,0.22515849933780432,0.880820203555345,nan,nan,17,158.91215077396274,22.306679917385168,388.71303483346856,A2,L5,I4,T4,position_fusion,S01,X_A2_U4_P2_L5_I4_T4__S01,U4,P2,
X_A2_U4_P2_L5_I4_T5,error_state_ekf_screening,Phase4 L5 single-I position row.,34,17,40661,91.88568450801044,153.48472048638766,171.08755146154755,105.1366455427826,40661,55.65417349475499,105.97249073055139,124.46811463494288,69.97495854586141,40661,57.8285846989138,128.4213419207913,146.20454712081278,78.4679514992821,91.97851372205969,164.2627160158544,103.74185084729963,110.5501520449873,144.18004498100768,84.71227626993868,62.22171048154908,42.852260732062064,18.145079405542617,74.8815162865043,137.55981328711914,nan,nan,nan,1.0,0.11458741955614996,0.47837998634172196,nan,nan,17,97.46091487856457,22.133694857011733,223.5192867368756,A2,L5,I4,T5,position_fusion,S01,X_A2_U4_P2_L5_I4_T5__S01,U4,P2,
X_A2_U4_P2_L5_I5_T1,uwb_only_control_repeated_for_matrix,Phase4 L5 single-I position row.,34,17,40661,95.93786443883305,161.04998968610929,180.24055446629677,110.25961436880448,40661,58.49456586205399,112.70924956238346,132.82933641453624,74.31653442030766,40661,59.620243024432284,133.18619983295025,152.1282314460094,81.45081505124855,95.54112099152545,171.21701365979496,107.56592540317916,119.53143950417147,150.85649649090124,86.59674987498681,61.491272843468124,43.36256994756195,19.217011961772727,82.10402671066615,139.11898615958853,nan,nan,nan,nan,nan,nan,nan,nan,17,65.40073967522406,19.43402399042793,127.10883223387347,A2,L5,I5,T1,uwb_only,S01,X_A2_U4_P2_L5_I5_T1__S01,U4,P2,
X_A2_U4_P2_L5_I5_T2,position_prior_screening,Phase4 L5 single-I position row.,34,17,40661,81.24866849919661,131.49938123009082,148.17911976302895,91.7864350785684,40661,48.34199302920027,86.84061016429546,100.31845764539668,57.93358765289131,40661,55.272278716611595,113.62666856258136,128.67661105077764,71.19304099486838,79.04539882778639,126.74138916767136,86.41729134113388,89.89783733550067,112.78430408082613,85.23404592256215,58.282010213068,41.26260641774951,8.105695117176396,66.99188332618873,118.53329432328884,nan,nan,nan,1.0,0.5701033389440099,2.1267935857110674,nan,nan,17,243.6463034278968,24.565554625995617,538.9435180260004,A2,L5,I5,T2,position_fusion,S01,X_A2_U4_P2_L5_I5_T2__S01,U4,P2,
X_A2_U4_P2_L5_I5_T3,loose_ekf_screening,Phase4 L5 single-I position row.,34,17,40661,87.41216695009304,145.55021359259172,160.50859100951132,99.61041101414234,40661,52.60788358852035,97.94230715723731,113.4398020148032,64.73264327310912,40661,56.86858322513331,123.90199238444256,140.3620923831122,75.7094371745212,88.55136029903056,154.68266265045534,98.5795775495358,102.57833210975915,137.26618539453835,84.64367969003092,69.58778667214858,42.75870540535692,13.831330812225957,70.78832516042704,132.44414788427255,nan,nan,nan,1.0,0.22182311747807393,0.8291363048704323,nan,nan,17,172.44999852004477,22.435070481419416,390.5891859858078,A2,L5,I5,T3,position_fusion,S01,X_A2_U4_P2_L5_I5_T3__S01,U4,P2,
X_A2_U4_P2_L5_I5_T4,loose_ukf_screening,Phase4 L5 single-I position row.,34,17,40661,85.97694058446265,143.1410290472218,157.8879913745892,98.0141010430233,40661,51.81472317796306,95.54548836359811,110.54871087472755,63.30704337388504,40661,56.53982451241268,122.18906873994769,138.64605539359854,74.82634738198185,87.4212570418578,151.57931485261918,96.57335105500042,101.11057282844345,134.23077320401103,84.96592366131651,69.74567533821748,41.46864222029768,14.381715454633223,69.55644981341428,127.50886633178573,nan,nan,nan,1.0,0.2958015196439143,1.085823528949671,nan,nan,17,201.7424841669884,22.23896719918804,421.0754933936031,A2,L5,I5,T4,position_fusion,S01,X_A2_U4_P2_L5_I5_T4__S01,U4,P2,
X_A2_U4_P2_L5_I5_T5,error_state_ekf_screening,Phase4 L5 single-I position row.,34,17,40661,90.79116501573496,151.36501893905867,168.1749417872551,103.69289862704038,40661,54.86424748588358,103.35521326874859,120.86833977553871,68.36746869008512,40661,57.90870242636606,127.51996083876418,145.03150436261308,77.96221168353232,91.45617463521467,161.62093010581566,102.16097803258174,108.86863803307996,144.4789990796695,85.42442522064951,64.88373709688419,44.062122923771085,17.267588450149645,74.10925194458727,136.8436262223363,nan,nan,nan,1.0,0.1593635264158701,0.6333133479136126,nan,nan,17,114.64382467417262,22.781229109402716,288.51265381441374,A2,L5,I5,T5,position_fusion,S01,X_A2_U4_P2_L5_I5_T5__S01,U4,P2,
X_A2_U4_P2_L5_I6_T1,uwb_only_control_repeated_for_matrix,Phase4 L5 single-I position row.,34,17,40661,95.93786443883305,161.04998968610929,180.24055446629677,110.25961436880448,40661,58.49456586205399,112.70924956238346,132.82933641453624,74.31653442030766,40661,59.620243024432284,133.18619983295025,152.1282314460094,81.45081505124855,95.54112099152545,171.21701365979496,107.56592540317916,119.53143950417147,150.85649649090124,86.59674987498681,61.491272843468124,43.36256994756195,19.217011961772727,82.10402671066615,139.11898615958853,nan,nan,nan,nan,nan,nan,nan,nan,17,65.40073967522406,19.43402399042793,127.10883223387347,A2,L5,I6,T1,uwb_only,S01,X_A2_U4_P2_L5_I6_T1__S01,U4,P2,
X_A2_U4_P2_L5_I6_T2,position_prior_screening,Phase4 L5 single-I position row.,34,17,40661,80.80076002786718,132.5060224983974,148.9684173895938,91.53548033248447,40661,49.33183622254984,90.42891749155727,104.77687919701239,60.27556625942501,40661,52.204347613944265,110.7753186111604,126.05607787117515,68.88831738258902,82.64916021453686,137.38046912737113,89.68418969106116,91.27526272315227,113.2440823283901,87.62013769834844,66.52995241663646,41.16002938483143,8.972196870276946,66.23913215450152,118.13290872279606,nan,nan,nan,1.0,0.5475516355716512,2.0513495035041913,nan,nan,17,414.80705435960084,23.700845396234627,783.0915793906099,A2,L5,I6,T2,position_fusion,S01,X_A2_U4_P2_L5_I6_T2__S01,U4,P2,
X_A2_U4_P2_L5_I6_T3,loose_ekf_screening,Phase4 L5 single-I position row.,34,17,40661,87.98450230225966,146.65494422903214,162.07949485004656,100.35847240325467,40661,53.285083449254714,100.3458189491223,115.93410091387688,66.033564676079,40661,56.221459893552264,124.32353513288854,140.86699430784233,75.57374755353159,86.02494916437934,157.50609425905537,100.19665751243465,107.56535423761181,137.24294558426948,85.2945751658485,67.13076618489349,44.64140829837817,14.466681462815643,72.38288432379878,135.33987056579576,nan,nan,nan,1.0,0.1916532223900227,0.7833669888740621,nan,nan,17,158.40949748307523,22.547383681381632,385.3766616718987,A2,L5,I6,T3,position_fusion,S01,X_A2_U4_P2_L5_I6_T3__S01,U4,P2,
X_A2_U4_P2_L5_I6_T4,loose_ukf_screening,Phase4 L5 single-I position row.,34,17,40661,86.5994363267016,144.35642868436568,159.18262416567092,98.75183869585065,40661,52.49980157211749,98.43612568207661,113.70631198588998,64.78478406434026,40661,55.37267065467745,122.42825161002293,138.83874666497388,74.53091572997147,84.42282836281926,153.34982993214976,98.99480338047701,105.79709944299178,132.95922695417238,85.9347784477104,67.0596790877745,43.676959505620516,13.883938278385642,70.25028850354028,130.7122029067875,nan,nan,nan,1.0,0.2616671329962721,1.0243274695227427,nan,nan,17,186.1166442453702,22.38242337599661,425.19099294771775,A2,L5,I6,T4,position_fusion,S01,X_A2_U4_P2_L5_I6_T4__S01,U4,P2,
X_A2_U4_P2_L5_I6_T5,error_state_ekf_screening,Phase4 L5 single-I position row.,34,17,40661,91.37318549192459,152.19302769667925,169.3700248808603,104.35136641640874,40661,55.282604787093575,104.75108630049002,122.69514829346329,69.24773242270565,40661,57.71808638422567,127.96107322886996,145.75743654154098,78.0638150956316,90.75359929250709,162.73566543019987,103.02331805450086,110.60654386600146,146.41741421288452,86.65231259826999,63.57134375896632,44.753631075424664,17.77957930363226,74.47916597679237,136.46104149163773,nan,nan,nan,1.0,0.13173769903028074,0.569230607990922,nan,nan,17,107.13458005957156,22.775349702432663,258.5381614055932,A2,L5,I6,T5,position_fusion,S01,X_A2_U4_P2_L5_I6_T5__S01,U4,P2,
X_A2_U4_P2_L5_I7_T1,uwb_only_control_repeated_for_matrix,Phase4 L5 single-I position row.,34,17,40661,95.93786443883305,161.04998968610929,180.24055446629677,110.25961436880448,40661,58.49456586205399,112.70924956238346,132.82933641453624,74.31653442030766,40661,59.620243024432284,133.18619983295025,152.1282314460094,81.45081505124855,95.54112099152545,171.21701365979496,107.56592540317916,119.53143950417147,150.85649649090124,86.59674987498681,61.491272843468124,43.36256994756195,19.217011961772727,82.10402671066615,139.11898615958853,nan,nan,nan,nan,nan,nan,nan,nan,17,65.40073967522406,19.43402399042793,127.10883223387347,A2,L5,I7,T1,uwb_only,S01,X_A2_U4_P2_L5_I7_T1__S01,U4,P2,
X_A2_U4_P2_L5_I7_T2,position_prior_screening,Phase4 L5 single-I position row.,34,17,40661,83.20519702298371,134.4929548759106,148.41057911495213,93.22543012035887,40661,53.06302795162765,99.45796848842443,113.58538402397622,64.75038293499549,40661,50.63328484478609,109.01376083477703,123.11485595461409,67.0698794608829,82.08332065613811,138.45045118450412,91.1573319958853,103.43702821183803,118.84484837527137,80.1731749264264,71.1454490995173,28.896606575589374,11.303505865314435,72.75587857176569,126.38607238977633,nan,nan,nan,1.0,0.5154526718032617,1.8064931261605066,nan,nan,17,145.45114169495636,23.30417709366452,344.41771995528836,A2,L5,I7,T2,position_fusion,S01,X_A2_U4_P2_L5_I7_T2__S01,U4,P2,
X_A2_U4_P2_L5_I7_T3,loose_ekf_screening,Phase4 L5 single-I position row.,34,17,40661,89.60860672562649,149.23175434583487,165.37233790434738,102.2707076998756,40661,54.91991989010061,103.36595390961006,120.5104454442731,68.2067758952905,40661,56.43712263958105,124.77580035136089,142.01618558603423,76.20454957155124,89.46581984123009,160.10926422536278,101.09089971156158,108.85057963356635,139.17712422718893,86.95886387741166,62.76620678713108,39.49572423114961,16.641035846199316,73.78796820786718,136.45677954216677,nan,nan,nan,1.0,0.14737023505561483,0.5993975346398264,nan,nan,17,117.02664496692658,22.530177439018416,287.77437096905015,A2,L5,I7,T3,position_fusion,S01,X_A2_U4_P2_L5_I7_T3__S01,U4,P2,
X_A2_U4_P2_L5_I7_T4,loose_ukf_screening,Phase4 L5 single-I position row.,34,17,40661,88.32350763523101,147.11300438236856,162.64454476914733,100.73060343349813,40661,54.33440939786234,102.04508711607677,118.51667629115549,67.19430486453723,40661,55.82656817528971,122.8542727460499,139.59928088005904,75.04385292512833,88.43297457400027,155.62239255869008,99.2325048976103,107.90263557803388,136.77489651310316,86.66150975029633,62.906628763591236,39.29539010277938,15.293286326201695,73.11028488759436,136.98341322808508,nan,nan,nan,1.0,0.2056860642128449,0.8124661818249609,nan,nan,17,129.70978768552465,22.343390907381433,331.01045824252884,A2,L5,I7,T4,position_fusion,S01,X_A2_U4_P2_L5_I7_T4__S01,U4,P2,
X_A2_U4_P2_L5_I7_T5,error_state_ekf_screening,Phase4 L5 single-I position row.,34,17,40661,92.60791955862531,154.35318620831148,172.48550810447307,105.89551469165501,40661,56.400849097637376,107.24993914606479,125.96009285290218,70.8170175810789,40661,57.99527870750239,128.63817517125904,146.70052979956438,78.73252220481498,92.43899088988994,166.19455366730668,103.95406239503902,113.10468459818492,143.99350637183318,86.5288103741351,60.90689304749526,40.07039715374253,18.31219324867206,75.23020202518867,138.26019530227632,nan,nan,nan,1.0,0.09471832404355174,0.40855008113497177,nan,nan,17,89.16472767384361,21.54893334610864,191.69495738007092,A2,L5,I7,T5,position_fusion,S01,X_A2_U4_P2_L5_I7_T5__S01,U4,P2,
X_A2_U4_P2_L5_I8_T1,uwb_only_control_repeated_for_matrix,Phase4 L5 single-I position row.,34,17,40661,95.93786443883305,161.04998968610929,180.24055446629677,110.25961436880448,40661,58.49456586205399,112.70924956238346,132.82933641453624,74.31653442030766,40661,59.620243024432284,133.18619983295025,152.1282314460094,81.45081505124855,95.54112099152545,171.21701365979496,107.56592540317916,119.53143950417147,150.85649649090124,86.59674987498681,61.491272843468124,43.36256994756195,19.217011961772727,82.10402671066615,139.11898615958853,nan,nan,nan,nan,nan,nan,nan,nan,17,65.40073967522406,19.43402399042793,127.10883223387347,A2,L5,I8,T1,uwb_only,S01,X_A2_U4_P2_L5_I8_T1__S01,U4,P2,
X_A2_U4_P2_L5_I8_T2,position_prior_screening,Phase4 L5 single-I position row.,34,17,40661,82.47157648880193,133.5562650380831,147.6633720209403,92.50765677568852,40661,47.94533776310237,88.87937669975888,102.27389726996539,58.13168086331766,40661,56.16693953366871,114.99689489440016,129.39961033706095,71.96092163204956,83.78203502579474,132.9337819684529,90.90681548487265,92.3502940354316,121.61483754544304,76.50625701213569,58.82784271621141,44.92719829925932,9.223780704704438,74.91221122834426,130.49169455662604,nan,nan,nan,1.0,0.5278579155899282,1.974991457420874,nan,nan,17,60.52058407272679,23.331016570682948,146.94849956775505,A2,L5,I8,T2,position_fusion,S01,X_A2_U4_P2_L5_I8_T2__S01,U4,P2,
X_A2_U4_P2_L5_I8_T3,loose_ekf_screening,Phase4 L5 single-I position row.,34,17,40661,88.59048501544376,147.347072630676,163.04351362110208,100.91798139854556,40661,52.98648405656361,99.85868230562866,116.27817041790678,65.80302904640467,40661,57.22353121317997,125.23952875404382,141.86112287909532,76.51405320511527,89.08902980270116,158.23452847818893,98.99213977388891,103.83456105463095,139.68664225744385,83.1488404008964,64.29666277194625,45.57542588871138,14.846112478599025,72.96841189133013,136.0501663127173,nan,nan,nan,1.0,0.18518874058171353,0.7379948049571985,nan,nan,17,131.68852858990357,22.523088829969026,337.8428189482088,A2,L5,I8,T3,position_fusion,S01,X_A2_U4_P2_L5_I8_T3__S01,U4,P2,
X_A2_U4_P2_L5_I8_T4,loose_ukf_screening,Phase4 L5 single-I position row.,34,17,40661,87.29409128966624,145.05673033268914,160.28929065483246,99.36576968283994,40661,52.0442222266727,97.82220152751347,113.69368008894186,64.39373373067419,40661,56.72079218003887,123.8654113568549,139.92875219422308,75.67696638268629,87.58857976295963,154.59709207435475,97.2498559550746,102.4400183660311,137.4719811493136,83.00914014390682,64.3547784675578,46.75934977067209,13.759900092139162,71.35803925502955,132.8441393356533,nan,nan,nan,1.0,0.24876618302423334,0.9742376838550459,nan,nan,17,140.69884291130717,22.349515015522798,359.63645068316515,A2,L5,I8,T4,position_fusion,S01,X_A2_U4_P2_L5_I8_T4__S01,U4,P2,
X_A2_U4_P2_L5_I8_T5,error_state_ekf_screening,Phase4 L5 single-I position row.,34,17,40661,91.5708239763621,152.91318562058237,170.38789702808936,104.7610422368126,40661,55.29288121974487,105.00223584274478,123.04744052951509,69.27977655969705,40661,58.109604450259894,128.41153977900126,146.38456975965687,78.5823678084447,91.64894372132544,164.0226423672837,102.40617303635699,109.56597169493202,144.9533200757973,86.07661921783517,62.150999671255235,44.11182738502845,17.91036582002991,74.689347351014,137.37929514830722,nan,nan,nan,1.0,0.12546982322729944,0.5390615813883697,nan,nan,17,100.08258008825156,22.43403517676063,229.53072618365442,A2,L5,I8,T5,position_fusion,S01,X_A2_U4_P2_L5_I8_T5__S01,U4,P2,
X_A2_U4_P3_L5_I0_T1,uwb_only_control_repeated_for_matrix,Phase4 L5 single-I position row.,34,17,40661,98.32221344674474,163.2578930136724,183.14714790490714,112.31154868181555,40661,58.76873616378891,112.57762216047699,131.29418301281387,74.25094169261624,40661,62.102394177680935,137.15539994058213,157.22308865223,84.26554233533139,100.39518694231992,175.42596333691736,113.75369199775236,122.644120764348,155.46892211229445,84.10064342656713,61.11169163307182,40.74629314206214,20.180176704042083,89.72619400646055,163.70519156617814,nan,nan,nan,nan,nan,nan,nan,nan,17,38.72176792946926,19.959060081311293,71.15763530999801,A2,L5,I0,T1,uwb_only,S01,X_A2_U4_P3_L5_I0_T1__S01,U4,P3,
X_A2_U4_P3_L5_I0_T2,position_prior_screening,Phase4 L5 single-I position row.,34,17,40661,87.64847795207332,145.36377503324215,163.53971419163616,99.90926668779277,40661,51.89346773033864,98.11898527359779,114.19646940815957,64.97511129871104,40661,56.02749285251048,125.11630945922775,142.8224139553197,75.8952994711307,90.23122559564078,151.52752873985105,97.86665759032681,104.22717006980139,133.61935527090105,83.91308517657268,66.53872822177817,43.48574722501428,18.73474171227889,74.27873631547516,132.49305660862885,nan,nan,nan,1.0,0.41178761606091246,1.5530732419957447,nan,nan,17,126.43016750440668,19.26890260664925,319.01733553135955,A2,L5,I0,T2,position_fusion,S01,X_A2_U4_P3_L5_I0_T2__S01,U4,P3,
X_A2_U4_P3_L5_I0_T3,loose_ekf_screening,Phase4 L5 single-I position row.,34,17,40661,94.19453965831934,156.5312721212883,175.00842649562887,107.52984861005473,40661,55.77363039275966,106.23031935694212,123.92801793446205,70.16840028752502,40661,60.41170698245628,133.02920580158025,151.51616900778095,81.48045129471824,96.00322642632145,168.40391911507658,107.76308343515767,117.00764608681067,148.67475029348844,85.32338063726857,61.8012296782871,41.23529439732317,19.842127226303518,85.54911600872514,147.10074913285715,nan,nan,nan,1.0,0.09639838213928252,0.4150469147058343,nan,nan,17,56.49368614299141,19.82543543195044,119.56312494650497,A2,L5,I0,T3,position_fusion,S01,X_A2_U4_P3_L5_I0_T3__S01,U4,P3,
X_A2_U4_P3_L5_I0_T4,loose_ukf_screening,Phase4 L5 single-I position row.,34,17,40661,93.06705590436444,154.6906764921141,173.02130788559802,106.2699358600035,40661,55.051855942028325,104.61105360038826,121.7186852970661,69.12437553044043,40661,59.90127749684734,131.7583964891229,150.23416112689665,80.71629312112832,94.79609304267265,166.55171943838758,106.29947932104443,115.40236359580018,146.9905971493971,85.84597261176388,62.05582215841281,40.22895728807947,19.77693880252366,84.22646173578627,146.63579153412468,nan,nan,nan,1.0,0.142526310069167,0.6043015947180097,nan,nan,17,63.01622314026274,20.232484811838788,139.07580017660848,A2,L5,I0,T4,position_fusion,S01,X_A2_U4_P3_L5_I0_T4__S01,U4,P3,
X_A2_U4_P3_L5_I0_T5,error_state_ekf_screening,Phase4 L5 single-I position row.,34,17,40661,96.63557364385666,160.2953087977922,179.52518490758362,110.1582530504581,40661,57.35634648577888,109.8649653753981,128.0269598806246,72.39584999926122,40661,61.41184242583017,135.01105754226091,154.8593014836672,83.02819772832136,98.24082214842498,172.8449842164828,111.01739403090976,120.06984229522635,151.9576521880811,84.24712153781846,61.40263793871567,41.533968164170176,20.018810408442192,87.82793713351852,152.60493991533662,nan,nan,nan,1.0,0.05338615221731849,0.22437036158492535,nan,nan,17,45.57261017011469,19.699730648283605,87.23127636845524,A2,L5,I0,T5,position_fusion,S01,X_A2_U4_P3_L5_I0_T5__S01,U4,P3,
X_A2_U4_P3_L5_I1_T1,uwb_only_control_repeated_for_matrix,Phase4 L5 single-I position row.,34,17,40661,98.32221344674474,163.2578930136724,183.14714790490714,112.31154868181555,40661,58.76873616378891,112.57762216047699,131.29418301281387,74.25094169261624,40661,62.102394177680935,137.15539994058213,157.22308865223,84.26554233533139,100.39518694231992,175.42596333691736,113.75369199775236,122.644120764348,155.46892211229445,84.10064342656713,61.11169163307182,40.74629314206214,20.180176704042083,89.72619400646055,163.70519156617814,nan,nan,nan,nan,nan,nan,nan,nan,17,38.72176792946926,19.959060081311293,71.15763530999801,A2,L5,I1,T1,uwb_only,S01,X_A2_U4_P3_L5_I1_T1__S01,U4,P3,
X_A2_U4_P3_L5_I1_T2,position_prior_screening,Phase4 L5 single-I position row.,34,17,40661,81.55541843414336,131.3522537840462,146.79392214380897,91.87323989937092,40661,47.416483790205675,86.12598353993529,100.22445993603492,57.64883132379245,40661,55.452619655148965,113.66852161338102,129.21283145196958,71.5353371181564,82.97470636178056,139.80363510824992,89.88395858538223,88.90276293016802,120.56728726924541,80.35970039270656,64.20237476668758,37.0865489781757,15.73169944919755,75.41035350771189,136.05492012256877,nan,nan,nan,1.0,0.5755099315799204,2.06088429794723,nan,nan,17,133.88910792739216,17.764657706400783,301.06174947301923,A2,L5,I1,T2,position_fusion,S01,X_A2_U4_P3_L5_I1_T2__S01,U4,P3,
X_A2_U4_P3_L5_I1_T3,loose_ekf_screening,Phase4 L5 single-I position row.,34,17,40661,88.98139342432174,146.65810786297186,163.72657885958336,101.2239249985094,40661,51.58828981501748,97.79567559494193,113.84967601444038,64.62385034349387,40661,58.91003851707819,126.16079314320996,143.1324659242607,77.91046758225473,91.40400710670434,154.84928218759086,101.55767043144856,105.67797206790716,139.5790046944748,84.76802138982441,63.502658345192415,40.610374670457134,19.490087220191953,76.46265989213279,137.30925822269057,nan,nan,nan,1.0,0.2101582927558835,0.8639013471489532,nan,nan,17,91.39711810406624,19.800399383471188,217.48754177638537,A2,L5,I1,T3,position_fusion,S01,X_A2_U4_P3_L5_I1_T3__S01,U4,P3,
X_A2_U4_P3_L5_I1_T4,loose_ukf_screening,Phase4 L5 single-I position row.,34,17,40661,87.6133292672525,143.85317531067827,160.42803220892833,99.41275640756332,40661,50.44136064919775,95.40017214858541,111.00434549909141,63.10044443081368,40661,58.295195206630865,124.46611912544427,140.61210185326468,76.81946399958358,89.81540849147379,151.47740073980492,99.51063511300512,103.42823174561423,136.98447037702644,84.33754602912822,64.9015691785406,40.78285071948096,19.17157004376628,75.18379688368668,134.90914093055068,nan,nan,nan,1.0,0.2839337856061206,1.1318481993567342,nan,nan,17,102.27678744071032,19.498601894168132,242.22691190989568,A2,L5,I1,T4,position_fusion,S01,X_A2_U4_P3_L5_I1_T4__S01,U4,P3,
X_A2_U4_P3_L5_I1_T5,error_state_ekf_screening,Phase4 L5 single-I position row.,34,17,40661,93.01006684338998,153.82332893685037,172.05664405934345,105.88868109444091,40661,54.645810818656834,104.02617538122055,120.92626487196102,68.62939902401334,40661,60.240719175076265,131.04852559177345,149.0045666943472,80.63757420410764,95.31292376665947,164.32440723581314,106.64711658698393,113.65782095794918,146.71711842971456,85.27060172424322,61.22429935163341,38.79363074868513,19.752038309848842,83.68643165365502,146.82446615669943,nan,nan,nan,1.0,0.14298032381897996,0.6124819490901334,nan,nan,17,64.03520495882276,20.276754386615153,141.3637611047811,A2,L5,I1,T5,position_fusion,S01,X_A2_U4_P3_L5_I1_T5__S01,U4,P3,
X_A2_U4_P3_L5_I2_T1,uwb_only_control_repeated_for_matrix,Phase4 L5 single-I position row.,34,17,40661,98.32221344674474,163.2578930136724,183.14714790490714,112.31154868181555,40661,58.76873616378891,112.57762216047699,131.29418301281387,74.25094169261624,40661,62.102394177680935,137.15539994058213,157.22308865223,84.26554233533139,100.39518694231992,175.42596333691736,113.75369199775236,122.644120764348,155.46892211229445,84.10064342656713,61.11169163307182,40.74629314206214,20.180176704042083,89.72619400646055,163.70519156617814,nan,nan,nan,nan,nan,nan,nan,nan,17,38.72176792946926,19.959060081311293,71.15763530999801,A2,L5,I2,T1,uwb_only,S01,X_A2_U4_P3_L5_I2_T1__S01,U4,P3,
X_A2_U4_P3_L5_I2_T2,position_prior_screening,Phase4 L5 single-I position row.,34,17,40661,89.19015256733374,143.22230184351918,159.39845791076587,99.42854491489172,40661,50.55692746866752,94.72941414743192,110.72855613414592,62.52725595902819,40661,59.98954135275699,122.87179309425665,138.55731947625418,77.30703594192973,92.07433097940441,145.8534292092392,99.63065680554558,92.95388770325965,122.69315974748571,93.46789154935809,71.17461179021474,42.53324909358304,15.311432986246388,78.9561161680916,143.26641377797807,nan,nan,nan,1.0,0.6692012923396317,2.4819626148038694,nan,nan,17,134.00177132679462,18.76655542741821,360.80370721856724,A2,L5,I2,T2,position_fusion,S01,X_A2_U4_P3_L5_I2_T2__S01,U4,P3,
X_A2_U4_P3_L5_I2_T3,loose_ekf_screening,Phase4 L5 single-I position row.,34,17,40661,89.96262863622218,147.8597266572792,164.7137203374275,101.90224137308869,40661,51.81096639016901,98.01540223091065,113.6789246425428,64.80312306610764,40661,59.943427353629204,127.31757657575918,143.44968716638482,78.64236795607145,92.41115712052826,156.07149417529274,102.10801928906544,107.74611566162494,138.64085818371993,87.50615967870152,63.39389579218168,40.876585011919246,19.393932585185297,76.97997569239598,138.23293990654412,nan,nan,nan,1.0,0.21832212911971716,0.8860795522085676,nan,nan,17,93.71695782951772,19.70073395799818,229.8025207694473,A2,L5,I2,T3,position_fusion,S01,X_A2_U4_P3_L5_I2_T3__S01,U4,P3,
X_A2_U4_P3_L5_I2_T4,loose_ukf_screening,Phase4 L5 single-I position row.,34,17,40661,88.8512596552479,146.01355118876913,161.9947734356946,100.47659707614885,40661,50.808675951920186,95.89648778721907,111.18827938359985,63.49381941671162,40661,59.65554555589188,125.76861902346627,141.65792092248375,77.87221234741426,91.04323934933316,153.04680114823134,101.12591011069276,104.36833173099146,136.3799805678351,88.6892272726417,64.15779812748633,39.87297026079631,19.051645765958114,75.57204774431113,135.631740604232,nan,nan,nan,1.0,0.29467399448467,1.1848848159911618,nan,nan,17,104.90514069281595,19.37354160509784,259.54024719381783,A2,L5,I2,T4,position_fusion,S01,X_A2_U4_P3_L5_I2_T4__S01,U4,P3,
X_A2_U4_P3_L5_I2_T5,error_state_ekf_screening,Phase4 L5 single-I position row.,34,17,40661,93.17763105323144,153.9908313719545,172.09046679088112,106.0071820069619,40661,54.646145053719344,103.83296671712266,120.52108360845884,68.54938211229367,40661,60.55518271940048,131.18117425119863,148.9676669172842,80.86102181570486,95.24354320670764,164.8492870764636,106.54054113254593,114.3799379626648,145.4739242358416,84.84359320348693,61.70476681462498,40.30674747039416,19.715851376579053,82.87785619828733,146.59438174651052,nan,nan,nan,1.0,0.1516497176276682,0.6452792308479911,nan,nan,17,65.36739867665393,20.311038556075687,146.1313769909073,A2,L5,I2,T5,position_fusion,S01,X_A2_U4_P3_L5_I2_T5__S01,U4,P3,
X_A2_U4_P3_L5_I3_T1,uwb_only_control_repeated_for_matrix,Phase4 L5 single-I position row.,34,17,40661,98.32221344674474,163.2578930136724,183.14714790490714,112.31154868181555,40661,58.76873616378891,112.57762216047699,131.29418301281387,74.25094169261624,40661,62.102394177680935,137.15539994058213,157.22308865223,84.26554233533139,100.39518694231992,175.42596333691736,113.75369199775236,122.644120764348,155.46892211229445,84.10064342656713,61.11169163307182,40.74629314206214,20.180176704042083,89.72619400646055,163.70519156617814,nan,nan,nan,nan,nan,nan,nan,nan,17,38.72176792946926,19.959060081311293,71.15763530999801,A2,L5,I3,T1,uwb_only,S01,X_A2_U4_P3_L5_I3_T1__S01,U4,P3,
X_A2_U4_P3_L5_I3_T2,position_prior_screening,Phase4 L5 single-I position row.,34,17,40661,79.99191237443215,132.6224065769916,147.76496499059155,90.98384140689832,40661,45.15298372969403,83.0365339136925,96.29681184741044,55.04158890787403,40661,55.784086538701104,115.96906579695883,131.4126284760962,72.4464139047077,78.64857315322266,131.88017908140165,85.03449741502129,90.32848641821539,119.11254152092583,82.04476124763256,61.44744237226564,40.01300586947832,15.076152957362922,70.04268511087574,126.28608425465937,nan,nan,nan,1.0,0.5801585193124997,2.276090740198647,nan,nan,17,252.8666643648007,18.847136751029154,511.6855775215793,A2,L5,I3,T2,position_fusion,S01,X_A2_U4_P3_L5_I3_T2__S01,U4,P3,
X_A2_U4_P3_L5_I3_T3,loose_ekf_screening,Phase4 L5 single-I position row.,34,17,40661,88.14678793956375,145.69950338393963,161.89676191538604,100.14992663446215,40661,51.09639018046734,95.84835995895374,110.9159565333295,63.477841948400126,40661,58.52267928136121,126.02896100322869,142.3778512939009,77.46335512009588,92.13422491721971,155.6405745734438,101.10304058829593,103.63455382234842,139.6041969250931,84.13303955618882,62.27503828112822,40.899916473030544,19.221211260849287,75.35896881916072,134.75219312624438,nan,nan,nan,1.0,0.2219020441757601,0.9435002993345727,nan,nan,17,110.94502127571023,19.586847065611323,278.544561701788,A2,L5,I3,T3,position_fusion,S01,X_A2_U4_P3_L5_I3_T3__S01,U4,P3,
X_A2_U4_P3_L5_I3_T4,loose_ukf_screening,Phase4 L5 single-I position row.,34,17,40661,86.74928516616194,143.19648963689409,158.7355404722739,98.35354074091263,40661,49.9554046851947,93.33112907835009,107.96827507992299,61.88513144805165,40661,57.90299132188545,124.31497528500347,140.5149276762453,76.44376679580702,90.22030290901833,151.3887949205279,99.01436728205142,102.32539954022616,136.46737469319527,84.31442790996817,63.65376360026326,40.659259572593555,18.849779759744195,74.32688851462696,132.54655235005382,nan,nan,nan,1.0,0.29366159086575966,1.2096162845438152,nan,nan,17,131.8561067179136,19.245790066365714,319.3666734522956,A2,L5,I3,T4,position_fusion,S01,X_A2_U4_P3_L5_I3_T4__S01,U4,P3,
X_A2_U4_P3_L5_I3_T5,error_state_ekf_screening,Phase4 L5 single-I position row.,34,17,40661,92.16652998706064,152.51672062556767,170.29344189772502,104.91741380454832,40661,54.026289754876785,102.38389922769754,118.74626432733635,67.69487313891304,40661,59.87122266435699,130.58954692527527,147.94622563803534,80.15652107059847,94.43292064490018,163.91438454140922,105.23990805255985,112.50078326087288,144.9875777612125,83.6699984303448,61.5540987482855,40.29859719549597,19.713374062709903,80.15805004605897,144.747617056924,nan,nan,nan,1.0,0.16545630057035132,0.7239926665249898,nan,nan,17,71.27160665571171,20.253309271633498,167.569882789764,A2,L5,I3,T5,position_fusion,S01,X_A2_U4_P3_L5_I3_T5__S01,U4,P3,
X_A2_U4_P3_L5_I4_T1,uwb_only_control_repeated_for_matrix,Phase4 L5 single-I position row.,34,17,40661,98.32221344674474,163.2578930136724,183.14714790490714,112.31154868181555,40661,58.76873616378891,112.57762216047699,131.29418301281387,74.25094169261624,40661,62.102394177680935,137.15539994058213,157.22308865223,84.26554233533139,100.39518694231992,175.42596333691736,113.75369199775236,122.644120764348,155.46892211229445,84.10064342656713,61.11169163307182,40.74629314206214,20.180176704042083,89.72619400646055,163.70519156617814,nan,nan,nan,nan,nan,nan,nan,nan,17,38.72176792946926,19.959060081311293,71.15763530999801,A2,L5,I4,T1,uwb_only,S01,X_A2_U4_P3_L5_I4_T1__S01,U4,P3,
X_A2_U4_P3_L5_I4_T2,position_prior_screening,Phase4 L5 single-I position row.,34,17,40661,77.3060166950706,128.81347777378417,141.69090113518746,87.9911455943209,40661,46.36899530939881,85.71896017079182,99.55199486215086,56.44998586105975,40661,51.479098782023584,110.17837973263465,123.20074528753901,67.49696881554854,81.94535804945576,135.60498718643157,87.87914347510475,88.80845815580781,112.69514371797274,74.86824968156827,63.65270790672287,46.07257391719389,14.331895682126031,65.03968611496398,112.98142459371854,nan,nan,nan,1.0,0.5805187690768612,2.227670968583813,nan,nan,17,215.10927283788655,19.534831450486195,504.3983108563326,A2,L5,I4,T2,position_fusion,S01,X_A2_U4_P3_L5_I4_T2__S01,U4,P3,
X_A2_U4_P3_L5_I4_T3,loose_ekf_screening,Phase4 L5 single-I position row.,34,17,40661,87.12172350689187,144.06401625760887,160.11132545037287,99.03083576824288,40661,50.425117692957556,95.43545038324501,110.85528235568566,63.078419558223786,40661,57.722540389340566,124.38099383952976,139.88290799360652,76.34277581404403,90.67756637236603,155.13914164063658,100.54464300783097,103.18749214562106,136.40328584296844,82.39424646772363,65.23191530895554,44.424652031979804,19.210135198743302,75.07034448061037,134.55904955954708,nan,nan,nan,1.0,0.2351384182737098,0.9625347616149473,nan,nan,17,118.07565143098876,19.394089428042093,294.0855250089042,A2,L5,I4,T3,position_fusion,S01,X_A2_U4_P3_L5_I4_T3__S01,U4,P3,
X_A2_U4_P3_L5_I4_T4,loose_ukf_screening,Phase4 L5 single-I position row.,34,17,40661,85.4151720535184,141.44662969568853,156.57794260115534,97.06746557280371,40661,49.27915232725922,93.3161472181987,108.10677219104333,61.55225642277235,40661,56.8083098955758,122.31448915327587,137.54584740789096,75.05606305950715,89.59495458068167,152.1031041733728,98.59539692394469,100.79603414639672,134.04041816340884,82.50210287199386,65.01734702918446,45.92460032094647,18.85008231449956,74.27050071491864,133.29413554297065,nan,nan,nan,1.0,0.3098167558056416,1.260116104049902,nan,nan,17,139.81146117065825,19.01942904578715,336.2790397179192,A2,L5,I4,T4,position_fusion,S01,X_A2_U4_P3_L5_I4_T4__S01,U4,P3,
X_A2_U4_P3_L5_I4_T5,error_state_ekf_screening,Phase4 L5 single-I position row.,34,17,40661,91.45677860278609,151.50280055184444,169.19736392167843,104.15976128917957,40661,53.74615034197703,102.057798243599,118.37360842303919,67.26236029155186,40661,59.571395565686544,129.41701239725376,146.4955794510838,79.53006198808309,94.31073568812315,163.21348653939546,105.18715714389646,110.92424730693911,142.5955992523979,84.1173423583466,62.96668493699909,41.35318691680095,19.688909601272172,79.62158949721237,144.2079030335324,nan,nan,nan,1.0,0.18081612767412386,0.7588888359408958,nan,nan,17,75.15598609014876,20.1534482915103,180.4433284686267,A2,L5,I4,T5,position_fusion,S01,X_A2_U4_P3_L5_I4_T5__S01,U4,P3,
X_A2_U4_P3_L5_I5_T1,uwb_only_control_repeated_for_matrix,Phase4 L5 single-I position row.,34,17,40661,98.32221344674474,163.2578930136724,183.14714790490714,112.31154868181555,40661,58.76873616378891,112.57762216047699,131.29418301281387,74.25094169261624,40661,62.102394177680935,137.15539994058213,157.22308865223,84.26554233533139,100.39518694231992,175.42596333691736,113.75369199775236,122.644120764348,155.46892211229445,84.10064342656713,61.11169163307182,40.74629314206214,20.180176704042083,89.72619400646055,163.70519156617814,nan,nan,nan,nan,nan,nan,nan,nan,17,38.72176792946926,19.959060081311293,71.15763530999801,A2,L5,I5,T1,uwb_only,S01,X_A2_U4_P3_L5_I5_T1__S01,U4,P3,
X_A2_U4_P3_L5_I5_T2,position_prior_screening,Phase4 L5 single-I position row.,34,17,40661,79.27863406808041,127.57854977254503,143.06611033372798,89.0508012086935,40661,43.94098912894056,82.59811263121345,95.80911271758288,53.98949061049147,40661,56.016476359557146,112.46358101355679,126.20288125341631,70.81793628403683,75.95009003284937,126.0960356265812,81.53990691381654,82.2758323832507,109.28879765310596,82.07611637703222,57.27181779078812,40.91166756227773,13.853892720696365,68.26676932922325,120.98911516338073,nan,nan,nan,1.0,0.6730739993363279,2.5449205779367605,nan,nan,17,228.73022877928136,22.05081603580021,479.2377358757799,A2,L5,I5,T2,position_fusion,S01,X_A2_U4_P3_L5_I5_T2__S01,U4,P3,
X_A2_U4_P3_L5_I5_T3,loose_ekf_screening,Phase4 L5 single-I position row.,34,17,40661,85.44452145753438,141.10553323914152,155.93448849954373,96.91394351585173,40661,48.723381789343236,91.19515813491718,105.77024616660394,60.41430070189235,40661,57.983939967752235,123.13380442504126,138.49493147242652,75.77878805110984,88.65589154180499,147.4277435771198,95.9358391522592,98.53041787018157,134.48767384459268,85.86335864344495,66.23917108548709,43.644329714279365,18.50172051279256,73.86619623064936,131.5709891439418,nan,nan,nan,1.0,0.29967383357747646,1.1777500722716243,nan,nan,17,151.72985186481887,18.934374498582315,341.55403545430676,A2,L5,I5,T3,position_fusion,S01,X_A2_U4_P3_L5_I5_T3__S01,U4,P3,
X_A2_U4_P3_L5_I5_T4,loose_ukf_screening,Phase4 L5 single-I position row.,34,17,40661,83.80821223202648,138.48716892040582,153.2065461274376,95.08327265672298,40661,47.593866617755594,88.55511557814005,102.77389245498189,58.766754584453444,40661,57.538869357712656,121.11672751040965,136.28548111721193,74.74822603061122,87.1469547757921,142.8983455066645,93.56918707035211,94.35577946049006,130.3981908735638,84.34824468794008,66.63049953692986,42.15095086094129,17.99690267883497,72.98788663285805,130.36267646763324,nan,nan,nan,1.0,0.38980220381769076,1.4970983192463185,nan,nan,17,179.91342141288968,18.536421536356386,377.3818176463278,A2,L5,I5,T4,position_fusion,S01,X_A2_U4_P3_L5_I5_T4__S01,U4,P3,
X_A2_U4_P3_L5_I5_T5,error_state_ekf_screening,Phase4 L5 single-I position row.,34,17,40661,89.71278789281963,148.31753506572437,165.35948189240997,102.03361472514749,40661,52.019787946445554,98.22164739293608,114.25176001778662,65.02250891313358,40661,59.29449178527227,127.86146108447906,144.50177039982532,78.63162130161948,92.09579393041737,158.22419081620887,101.9017387669895,106.91964252260928,140.92684809989606,83.60083672414669,64.73119424344507,41.30860341662117,19.519013534582825,76.87145045563766,138.24097683943398,nan,nan,nan,1.0,0.23817815922430585,0.9775516681383272,nan,nan,17,93.48428569569056,19.869841808494357,238.52903258155177,A2,L5,I5,T5,position_fusion,S01,X_A2_U4_P3_L5_I5_T5__S01,U4,P3,
X_A2_U4_P3_L5_I6_T1,uwb_only_control_repeated_for_matrix,Phase4 L5 single-I position row.,34,17,40661,98.32221344674474,163.2578930136724,183.14714790490714,112.31154868181555,40661,58.76873616378891,112.57762216047699,131.29418301281387,74.25094169261624,40661,62.102394177680935,137.15539994058213,157.22308865223,84.26554233533139,100.39518694231992,175.42596333691736,113.75369199775236,122.644120764348,155.46892211229445,84.10064342656713,61.11169163307182,40.74629314206214,20.180176704042083,89.72619400646055,163.70519156617814,nan,nan,nan,nan,nan,nan,nan,nan,17,38.72176792946926,19.959060081311293,71.15763530999801,A2,L5,I6,T1,uwb_only,S01,X_A2_U4_P3_L5_I6_T1__S01,U4,P3,
X_A2_U4_P3_L5_I6_T2,position_prior_screening,Phase4 L5 single-I position row.,34,17,40661,78.10107815687006,128.5281712076311,143.48443764082324,88.60152175870803,40661,46.950596999906864,83.46171334780296,96.71582998113152,56.258661756164955,40661,53.00927946273032,110.08631031916798,124.32818653844691,68.44846700521668,79.34133721093772,132.7127158987485,86.45692645730051,84.51981359389939,113.05143351447884,83.06800389489321,67.15981331313688,41.44608165118518,14.064844379821523,68.4107103938809,120.95151076701566,nan,nan,nan,1.0,0.6164590947414477,2.438500666049804,nan,nan,17,378.3726315044662,20.008840982678862,732.0654920277633,A2,L5,I6,T2,position_fusion,S01,X_A2_U4_P3_L5_I6_T2__S01,U4,P3,
X_A2_U4_P3_L5_I6_T3,loose_ekf_screening,Phase4 L5 single-I position row.,34,17,40661,86.28332958949572,142.25004561602256,157.46878757772646,97.83493908516404,40661,50.029621071516836,93.20312033490723,107.96613008940638,61.92536685881495,40661,57.335545025317515,123.45363808333138,138.9142311423168,75.74248639435427,87.3729802113312,151.7090861659829,97.6692029969496,101.58105364105528,138.0959378182241,85.87343379576714,63.639400159650755,44.85117557684913,18.81822227110021,74.06979128093091,132.2471987060997,nan,nan,nan,1.0,0.2642926608518268,1.0816471344487812,nan,nan,17,137.39393470485004,19.02819534508842,329.95523293174585,A2,L5,I6,T3,position_fusion,S01,X_A2_U4_P3_L5_I6_T3__S01,U4,P3,
X_A2_U4_P3_L5_I6_T4,loose_ukf_screening,Phase4 L5 single-I position row.,34,17,40661,84.73168484351574,139.55772173596924,154.29216361751708,95.94444732651732,40661,48.94989858104585,90.92991845915684,104.7417325129236,60.42462822040256,40661,56.60352567567429,121.35093629726873,136.76638077205735,74.52651392099988,85.90035443455862,148.62843313836402,96.25898230438384,98.76852006862546,135.14216906481056,85.37059958417423,64.05992599132784,44.02510000882302,18.37076445152104,73.54983292838742,129.794943500462,nan,nan,nan,1.0,0.3456505382875527,1.3940744649543735,nan,nan,17,164.23019897919633,18.59795347659866,374.1073706614126,A2,L5,I6,T4,position_fusion,S01,X_A2_U4_P3_L5_I6_T4__S01,U4,P3,
X_A2_U4_P3_L5_I6_T5,error_state_ekf_screening,Phase4 L5 single-I position row.,34,17,40661,90.46185206199898,149.74842243834152,166.86181464897223,102.97296841896159,40661,52.96149904540739,100.0456011557095,116.00791216598608,66.17510168276117,40661,59.17161180319431,128.31722193544533,145.23233218092196,78.89415784637465,92.45476547865077,159.49486277864997,103.15570884015172,108.68859928190955,144.6861257502062,85.08861470466806,62.83378772100884,41.645282420918306,19.60807679237172,78.15982739390446,140.79603168293514,nan,nan,nan,1.0,0.20801529585069511,0.8960281279821833,nan,nan,17,85.14053615265037,19.954868233312823,213.62922121420422,A2,L5,I6,T5,position_fusion,S01,X_A2_U4_P3_L5_I6_T5__S01,U4,P3,
X_A2_U4_P3_L5_I7_T1,uwb_only_control_repeated_for_matrix,Phase4 L5 single-I position row.,34,17,40661,98.32221344674474,163.2578930136724,183.14714790490714,112.31154868181555,40661,58.76873616378891,112.57762216047699,131.29418301281387,74.25094169261624,40661,62.102394177680935,137.15539994058213,157.22308865223,84.26554233533139,100.39518694231992,175.42596333691736,113.75369199775236,122.644120764348,155.46892211229445,84.10064342656713,61.11169163307182,40.74629314206214,20.180176704042083,89.72619400646055,163.70519156617814,nan,nan,nan,nan,nan,nan,nan,nan,17,38.72176792946926,19.959060081311293,71.15763530999801,A2,L5,I7,T1,uwb_only,S01,X_A2_U4_P3_L5_I7_T1__S01,U4,P3,
X_A2_U4_P3_L5_I7_T2,position_prior_screening,Phase4 L5 single-I position row.,34,17,40661,81.32249685470913,128.7534297541354,140.7888162372273,90.04070332733905,40661,49.616910154112695,92.60389781056375,106.11932056042494,60.516377333057555,40661,51.93547223989219,107.18233195117182,120.49285796323716,66.67155563030522,83.96598142268081,134.1544710930924,88.72865502630628,94.48301015272583,114.69673961343364,79.7970504349546,68.48671399784799,31.362461466963452,15.186183945722973,74.76807970672652,130.65891382036165,nan,nan,nan,1.0,0.6176828543066554,2.2330250004192074,nan,nan,17,140.16607238341564,18.696714542719292,337.2141526071688,A2,L5,I7,T2,position_fusion,S01,X_A2_U4_P3_L5_I7_T2__S01,U4,P3,
X_A2_U4_P3_L5_I7_T3,loose_ekf_screening,Phase4 L5 single-I position row.,34,17,40661,88.41157937273518,145.28852463878437,161.69008546663903,100.34689274171842,40661,52.12328128661187,97.67760843734426,113.27027466313905,64.66024403355716,40661,57.95673538809365,124.47153894452322,141.09376345980286,76.73689936685464,91.5316603818774,155.30355357573342,101.61197554714691,107.62302371955388,135.85708961093115,85.9495348043192,62.47277048327175,35.3630145141251,19.373488240460432,77.61108930574795,138.88502827265316,nan,nan,nan,1.0,0.21757045442052775,0.9193788393656986,nan,nan,17,97.77794440047954,19.778960188293638,252.39596403795886,A2,L5,I7,T3,position_fusion,S01,X_A2_U4_P3_L5_I7_T3__S01,U4,P3,
X_A2_U4_P3_L5_I7_T4,loose_ukf_screening,Phase4 L5 single-I position row.,34,17,40661,86.89230577460197,142.3469695658945,157.90974045809094,98.40945875811633,40661,51.192574512127315,95.47239204347684,110.74525554767796,63.301126981412025,40661,57.191028521677936,122.07724942301115,138.0354368871897,75.3484498576351,90.78824444112962,151.66033475978864,99.62643584809695,105.09086025162551,133.26681492330658,86.66912717374353,61.1042424151113,37.44677375764479,19.036000058642372,76.31290483475513,137.73209521286157,nan,nan,nan,1.0,0.2929704475122659,1.2155112338572343,nan,nan,17,111.94368083145953,19.488287458882155,290.08289964977916,A2,L5,I7,T4,position_fusion,S01,X_A2_U4_P3_L5_I7_T4__S01,U4,P3,
X_A2_U4_P3_L5_I7_T5,error_state_ekf_screening,Phase4 L5 single-I position row.,34,17,40661,92.53168731163579,152.82596675654938,171.05105868442578,105.31285028404987,40661,54.688954647001964,103.58641310114389,120.21887633222322,68.45608621790504,40661,59.82139743455957,130.07544227399535,147.7509489039531,80.02849926543327,94.630801942719,164.1430900128037,106.18916038525154,113.22467782578858,144.45448285516403,85.72423599470655,60.94824654782795,39.16604635810177,19.758554968400006,82.79988195355475,146.02805628876416,nan,nan,nan,1.0,0.15604345019401722,0.662745469558576,nan,nan,17,66.31963969967104,20.338218175339648,151.12299714829734,A2,L5,I7,T5,position_fusion,S01,X_A2_U4_P3_L5_I7_T5__S01,U4,P3,
X_A2_U4_P3_L5_I8_T1,uwb_only_control_repeated_for_matrix,Phase4 L5 single-I position row.,34,17,40661,98.32221344674474,163.2578930136724,183.14714790490714,112.31154868181555,40661,58.76873616378891,112.57762216047699,131.29418301281387,74.25094169261624,40661,62.102394177680935,137.15539994058213,157.22308865223,84.26554233533139,100.39518694231992,175.42596333691736,113.75369199775236,122.644120764348,155.46892211229445,84.10064342656713,61.11169163307182,40.74629314206214,20.180176704042083,89.72619400646055,163.70519156617814,nan,nan,nan,nan,nan,nan,nan,nan,17,38.72176792946926,19.959060081311293,71.15763530999801,A2,L5,I8,T1,uwb_only,S01,X_A2_U4_P3_L5_I8_T1__S01,U4,P3,
X_A2_U4_P3_L5_I8_T2,position_prior_screening,Phase4 L5 single-I position row.,34,17,40661,80.25431130723587,129.30136636070392,142.24723059233534,89.62497772732509,40661,44.0107296463625,82.34076696971371,94.64605712020924,53.855244512902225,40661,56.72688632256825,113.85826451255696,127.31004884499521,71.63971853014941,83.81694586057954,133.70750001887347,90.92790979667416,84.52636991035142,118.24984267056777,77.8107493528106,57.486634983099805,41.8461494347826,13.742384650648916,77.02226992920674,130.77814167414817,nan,nan,nan,1.0,0.6239883720809468,2.3218339810133073,nan,nan,17,59.574777900362186,20.761135938658356,143.38291938465335,A2,L5,I8,T2,position_fusion,S01,X_A2_U4_P3_L5_I8_T2__S01,U4,P3,
X_A2_U4_P3_L5_I8_T3,loose_ekf_screening,Phase4 L5 single-I position row.,34,17,40661,86.88170327572165,143.18925136374517,158.9542770988112,98.52808996163472,40661,49.44269511936968,93.2747449845859,108.44278637446679,61.760106380476806,40661,58.56619608533538,124.50963402805996,140.54741381917336,76.76896359441211,89.8560571731401,153.8875757495539,98.60687862562115,101.39806257387698,136.5782993859082,83.61995236181494,64.09571426871003,47.20149792806836,18.907394319519113,74.35642499741053,133.36459303276558,nan,nan,nan,1.0,0.25827115869045353,1.073211915437041,nan,nan,17,114.54026446014565,19.256897668555098,292.01685430890115,A2,L5,I8,T3,position_fusion,S01,X_A2_U4_P3_L5_I8_T3__S01,U4,P3,
X_A2_U4_P3_L5_I8_T4,loose_ukf_screening,Phase4 L5 single-I position row.,34,17,40661,85.51533943038554,140.5711268739169,155.54597290813422,96.67534788190405,40661,48.15398942005909,90.80122548180668,105.62322480564691,60.06035059636234,40661,57.956623866979044,122.52740936630948,138.55576134330113,75.75537719745844,87.96802655268027,149.7147652026942,96.63622468778807,98.00388279708902,134.51757424164822,82.8674662279117,63.31889428572812,46.48565386852454,18.478618652688567,73.66734750261308,130.89576695304248,nan,nan,nan,1.0,0.33140167479953786,1.3852884907082577,nan,nan,17,125.33499508249602,18.870778213531025,317.81528568297813,A2,L5,I8,T4,position_fusion,S01,X_A2_U4_P3_L5_I8_T4__S01,U4,P3,
X_A2_U4_P3_L5_I8_T5,error_state_ekf_screening,Phase4 L5 single-I position row.,34,17,40661,90.99427073550018,150.62349584724657,168.0663953787176,103.5528083872374,40661,52.9458907654896,100.45272969622798,116.72872245468945,66.34069673049993,40661,59.81010870160276,129.19626621932457,146.33698699936417,79.51160973213752,93.18031326430486,160.71183697251342,103.83508646012794,109.87234590688911,143.29546299262603,83.63994025957467,62.29281979981069,41.25527625155439,19.640522629000998,78.8934531679972,142.63109220355648,nan,nan,nan,1.0,0.19900092103224826,0.8539702549508925,nan,nan,17,78.75500709262288,20.07449946552441,189.8520241967991,A2,L5,I8,T5,position_fusion,S01,X_A2_U4_P3_L5_I8_T5__S01,U4,P3,
X_A2_U4_P4_L5_I0_T1,uwb_only_control_repeated_for_matrix,Phase4 L5 single-I position row.,34,17,40661,81.50087426274067,137.90392223845038,153.02346623331817,93.65180606938337,40661,45.67255180477853,80.67072727832435,92.68560920726175,54.419044475610065,40661,57.92221740888908,124.3504084347096,139.98360435020845,76.21829425025835,85.27298587906877,142.20084693577502,94.53935112806118,84.05749037287747,124.97718208499856,84.2951215646697,57.637851997336426,41.01228800095413,14.024047616432199,60.9310942007054,106.5415344859627,nan,nan,nan,nan,nan,nan,nan,nan,17,221.08512025702677,24.92329243700209,488.88557307868973,A2,L5,I0,T1,uwb_only,S01,X_A2_U4_P4_L5_I0_T1__S01,U4,P4,
X_A2_U4_P4_L5_I0_T2,position_prior_screening,Phase4 L5 single-I position row.,34,17,40661,80.63193561922346,138.75352177532875,154.45061742580762,93.584512080391,40661,46.18199015692602,85.05263518597373,97.59283549944251,56.281734990502116,40661,55.03138753178746,123.2645740705068,140.52312449317003,74.76915946955496,84.00357061542766,143.62735868804907,91.70781576241916,85.3170837187995,125.91182176186658,87.23597735226366,61.201753724027355,46.003709897203294,13.598354249314724,61.08780128928289,108.84428225222997,nan,nan,nan,1.0,0.1517149087388985,0.6862979761072523,nan,nan,17,264.4475083845395,27.53076191969319,610.8467001098405,A2,L5,I0,T2,position_fusion,S01,X_A2_U4_P4_L5_I0_T2__S01,U4,P4,
X_A2_U4_P4_L5_I0_T3,loose_ekf_screening,Phase4 L5 single-I position row.,34,17,40661,80.45530358829275,137.32922717986392,152.28418556772897,92.90383257888557,40661,45.2404469442377,79.81759967797501,91.37773541290042,53.826857515958956,40661,57.22053290206554,124.12069905450107,139.80518024416597,75.72180345054028,84.35850604140671,143.5039391645818,94.92413484704892,84.53091704732978,125.45639397659795,83.50296725180058,60.83096587538866,43.355526434590274,14.050055605201976,60.85612268692846,106.59923220304718,nan,nan,nan,1.0,0.020390458868091384,0.10162177919173554,nan,nan,17,235.62259369344693,25.45102219643121,543.4049858014924,A2,L5,I0,T3,position_fusion,S01,X_A2_U4_P4_L5_I0_T3__S01,U4,P4,
X_A2_U4_P4_L5_I0_T4,loose_ukf_screening,Phase4 L5 single-I position row.,34,17,40661,80.17714858702969,137.237047537972,152.07125109222082,92.73211508729257,40661,45.214608302882,79.78743387384627,91.04392402334797,53.737958227993374,40661,56.94403671078021,124.28701107157565,139.8249973534796,75.57431451259954,83.98012416789172,143.41619578965168,94.83107235019995,84.03605899012925,125.54756430751092,84.60496000750165,62.043256820938595,43.30772858938593,14.047462235513706,60.84143880836578,106.28727155478498,nan,nan,nan,1.0,0.0309227723424101,0.15152768140083572,nan,nan,17,240.97062206460592,25.620266329885283,561.3269898386118,A2,L5,I0,T4,position_fusion,S01,X_A2_U4_P4_L5_I0_T4__S01,U4,P4,
X_A2_U4_P4_L5_I0_T5,error_state_ekf_screening,Phase4 L5 single-I position row.,34,17,40661,81.04890400230093,137.66682427525924,152.72993802581593,93.30460362787063,40661,45.46103411055417,80.18976023421976,92.0455898242193,54.118565957225904,40661,57.60157396441696,124.21744127776628,139.94691223195082,76.00611736490319,84.83728861288738,142.79698283655927,94.42607239471897,84.93226158017042,125.1144332369299,83.89177045327332,58.856500017707916,42.23790876761808,14.040714329161545,60.89526931610305,106.49655648717643,nan,nan,nan,1.0,0.010038107033188649,0.04961089233446955,nan,nan,17,226.52731242444906,24.854559252751585,510.3554277849089,A2,L5,I0,T5,position_fusion,S01,X_A2_U4_P4_L5_I0_T5__S01,U4,P4,
X_A2_U4_P4_L5_I1_T1,uwb_only_control_repeated_for_matrix,Phase4 L5 single-I position row.,34,17,40661,81.50087426274067,137.90392223845038,153.02346623331817,93.65180606938337,40661,45.67255180477853,80.67072727832435,92.68560920726175,54.419044475610065,40661,57.92221740888908,124.3504084347096,139.98360435020845,76.21829425025835,85.27298587906877,142.20084693577502,94.53935112806118,84.05749037287747,124.97718208499856,84.2951215646697,57.637851997336426,41.01228800095413,14.024047616432199,60.9310942007054,106.5415344859627,nan,nan,nan,nan,nan,nan,nan,nan,17,221.08512025702677,24.92329243700209,488.88557307868973,A2,L5,I1,T1,uwb_only,S01,X_A2_U4_P4_L5_I1_T1__S01,U4,P4,
X_A2_U4_P4_L5_I1_T2,position_prior_screening,Phase4 L5 single-I position row.,34,17,40661,78.7273889223358,131.7597643096807,146.07749424796305,90.26743790504473,40661,43.903497181641136,79.41588619006613,90.66812797920598,53.0143335350702,40661,56.4019272258671,116.52887732635054,131.9076022418392,73.05950168029779,81.80105858585364,134.2444509765914,87.92432053237815,80.8791272014953,120.2013026844595,79.37302780855887,59.309803433727076,35.741461767760484,12.641999482502769,68.99595545525253,122.64139835126375,nan,nan,nan,1.0,0.23350299851826392,0.9585601312690151,nan,nan,17,258.3968674169654,25.440362229889843,605.9836796197471,A2,L5,I1,T2,position_fusion,S01,X_A2_U4_P4_L5_I1_T2__S01,U4,P4,
X_A2_U4_P4_L5_I1_T3,loose_ekf_screening,Phase4 L5 single-I position row.,34,17,40661,79.56527622166735,135.26831505125355,149.29185160692936,91.71064726016247,40661,44.08853266531433,78.21725187636251,89.52145645880378,52.61490652039545,40661,57.542787842902385,122.25336272684399,137.8137598456617,75.11667213560513,82.77655490340891,138.22602250773198,92.19764055138626,81.05034368382364,119.13420983593129,83.62669379584673,54.46309745324293,42.49033828183792,13.908520145735139,60.72331994700026,108.3823380538524,nan,nan,nan,1.0,0.03772925940432055,0.19200037375878337,nan,nan,17,262.1446682149369,26.337748102473427,627.0627029182942,A2,L5,I1,T3,position_fusion,S01,X_A2_U4_P4_L5_I1_T3__S01,U4,P4,
X_A2_U4_P4_L5_I1_T4,loose_ukf_screening,Phase4 L5 single-I position row.,34,17,40661,79.30924448110244,134.7427598867081,148.7408973604744,91.3123338664549,40661,43.822974733779525,77.86755929125017,89.1181816417245,52.31660040377574,40661,57.50739755764994,121.46613941149258,137.0329236862949,74.83926535135537,82.81577395282639,136.9962126815456,91.78564035018312,81.04742210437493,118.75749124277682,82.7080383266123,53.922648922650055,42.98938674510305,13.828535628368883,60.71078658702679,108.3259868008405,nan,nan,nan,1.0,0.05634329565973225,0.27492237882002313,nan,nan,17,265.0336021061997,26.716560595757812,633.7042262910991,A2,L5,I1,T4,position_fusion,S01,X_A2_U4_P4_L5_I1_T4__S01,U4,P4,
X_A2_U4_P4_L5_I1_T5,error_state_ekf_screening,Phase4 L5 single-I position row.,34,17,40661,80.53604727801752,136.70012185480905,150.8128092339057,92.6175601741698,40661,44.87186040464058,79.24559658363627,90.792196420839,53.394891639655526,40661,57.73160828421214,123.5740000483745,138.81001683675674,75.67693175205645,83.76445480572313,140.11106612260443,93.05092819591741,81.70464319723976,121.59481813480755,83.64224649826895,55.762072127038394,42.04429903211246,14.006860303366295,60.803336947491175,106.66811772328919,nan,nan,nan,1.0,0.02014867293119724,0.11087930735577517,nan,nan,17,243.25785267272224,25.594311487530092,567.7313159956001,A2,L5,I1,T5,position_fusion,S01,X_A2_U4_P4_L5_I1_T5__S01,U4,P4,
X_A2_U4_P4_L5_I2_T1,uwb_only_control_repeated_for_matrix,Phase4 L5 single-I position row.,34,17,40661,81.50087426274067,137.90392223845038,153.02346623331817,93.65180606938337,40661,45.67255180477853,80.67072727832435,92.68560920726175,54.419044475610065,40661,57.92221740888908,124.3504084347096,139.98360435020845,76.21829425025835,85.27298587906877,142.20084693577502,94.53935112806118,84.05749037287747,124.97718208499856,84.2951215646697,57.637851997336426,41.01228800095413,14.024047616432199,60.9310942007054,106.5415344859627,nan,nan,nan,nan,nan,nan,nan,nan,17,221.08512025702677,24.92329243700209,488.88557307868973,A2,L5,I2,T1,uwb_only,S01,X_A2_U4_P4_L5_I2_T1__S01,U4,P4,
X_A2_U4_P4_L5_I2_T2,position_prior_screening,Phase4 L5 single-I position row.,34,17,40661,87.62614013347752,142.79106296240582,158.72985794688637,98.08355825662386,40661,48.042697283112915,88.26270849046288,102.10004085718072,58.53299757689588,40661,61.000545456931604,126.42481882940865,140.4976382250568,78.7037012785525,87.32405115550752,142.21253031557114,98.45555238614058,82.98361183997088,128.53022230910412,91.74188743140509,71.15689544909493,48.734476461178645,12.240972981923932,68.86155758485548,118.31668462906597,nan,nan,nan,1.0,0.35437302536793025,1.4489098099400026,nan,nan,17,243.8702628413284,25.038374348362765,576.1664243941391,A2,L5,I2,T2,position_fusion,S01,X_A2_U4_P4_L5_I2_T2__S01,U4,P4,
X_A2_U4_P4_L5_I2_T3,loose_ekf_screening,Phase4 L5 single-I position row.,34,17,40661,81.25975361009739,136.83005482131026,151.83957121539137,92.74615418978537,40661,44.68224046808614,79.22825864190659,89.58994584598904,53.141077587556765,40661,58.425579057219466,123.19223930489306,138.30346772338476,76.01233445848585,85.22590466758243,138.6559670378786,93.37746921831497,81.53838544809551,126.24283725829079,86.26560600776824,57.424059799462945,43.96955582660223,13.886640484699257,60.46627858952243,107.49417069843663,nan,nan,nan,1.0,0.04849278963857964,0.23719606599257115,nan,nan,17,243.38480618564515,26.423030012039987,522.6827241418692,A2,L5,I2,T3,position_fusion,S01,X_A2_U4_P4_L5_I2_T3__S01,U4,P4,
X_A2_U4_P4_L5_I2_T4,loose_ukf_screening,Phase4 L5 single-I position row.,34,17,40661,81.49651019196466,136.70413611012145,151.81552843100135,92.75051618078423,40661,44.69335896929532,79.28302686024817,89.3663334981471,53.09834406975274,40661,58.70656239497907,123.20879226172747,137.9123786374987,76.0475121805577,84.30884018483758,137.47805303655883,92.50403841851278,80.53378933317094,126.68079885519808,86.68908631467366,58.54569279809435,43.31917235152059,13.79770121898963,60.063810468438085,107.81998495507943,nan,nan,nan,1.0,0.07365000539268651,0.3566448468301237,nan,nan,17,239.27006124817373,26.822422565048043,536.9075024660413,A2,L5,I2,T4,position_fusion,S01,X_A2_U4_P4_L5_I2_T4__S01,U4,P4,
X_A2_U4_P4_L5_I2_T5,error_state_ekf_screening,Phase4 L5 single-I position row.,34,17,40661,81.11219310837869,137.07641658073177,152.1795122553914,93.01084915346216,40661,44.99065243616715,79.44556394137604,90.78890555401954,53.55654052496625,40661,58.202768696236376,123.91227901118145,139.38600690430326,76.04416497829232,85.09875974778117,140.95390677287355,93.78184201586947,82.87657678818968,124.06802249110788,85.44394134840772,56.679800314050766,43.57578146312028,13.999286581632134,60.80796914718224,106.3831149255741,nan,nan,nan,1.0,0.026851567792711355,0.13813232052495286,nan,nan,17,238.94847930055784,25.6347907809444,543.1266561831501,A2,L5,I2,T5,position_fusion,S01,X_A2_U4_P4_L5_I2_T5__S01,U4,P4,
X_A2_U4_P4_L5_I3_T1,uwb_only_control_repeated_for_matrix,Phase4 L5 single-I position row.,34,17,40661,81.50087426274067,137.90392223845038,153.02346623331817,93.65180606938337,40661,45.67255180477853,80.67072727832435,92.68560920726175,54.419044475610065,40661,57.92221740888908,124.3504084347096,139.98360435020845,76.21829425025835,85.27298587906877,142.20084693577502,94.53935112806118,84.05749037287747,124.97718208499856,84.2951215646697,57.637851997336426,41.01228800095413,14.024047616432199,60.9310942007054,106.5415344859627,nan,nan,nan,nan,nan,nan,nan,nan,17,221.08512025702677,24.92329243700209,488.88557307868973,A2,L5,I3,T1,uwb_only,S01,X_A2_U4_P4_L5_I3_T1__S01,U4,P4,
X_A2_U4_P4_L5_I3_T2,position_prior_screening,Phase4 L5 single-I position row.,34,17,40661,77.26396376012927,133.48796685882226,150.6069624014763,89.75405091294415,40661,42.36952057215302,76.74383375064467,87.90605336879577,51.00623934792961,40661,57.415216888587,118.08898772719635,135.29897989705876,73.85223898342616,77.05376317147352,130.33915577922733,84.8370961200319,76.01459057322523,118.45748213124455,78.67424969676719,53.8709696594842,45.37653543804356,12.288370455724078,60.4341344394435,107.81886053746058,nan,nan,nan,1.0,0.2221149283031471,0.9486982052189643,nan,nan,17,298.1214776436163,24.920209556779696,736.7817979707842,A2,L5,I3,T2,position_fusion,S01,X_A2_U4_P4_L5_I3_T2__S01,U4,P4,
X_A2_U4_P4_L5_I3_T3,loose_ekf_screening,Phase4 L5 single-I position row.,34,17,40661,78.92937889800805,136.48292178060484,150.85367397041026,91.66722443598948,40661,44.32710827257425,77.85159118643146,88.45610024271927,52.4092313940431,40661,57.19614551189488,123.23008715425794,138.59547760871988,75.20739658094617,81.49081192363144,136.75302799226557,90.76810915815904,81.60235375799738,124.2962323431106,84.1661643880633,55.485704221639494,46.75873273782554,13.844845347122146,59.5215504386082,107.34672927174259,nan,nan,nan,1.0,0.039064392729304245,0.21975780852286425,nan,nan,17,274.91010344028314,26.66521286314702,631.5096926589827,A2,L5,I3,T3,position_fusion,S01,X_A2_U4_P4_L5_I3_T3__S01,U4,P4,
X_A2_U4_P4_L5_I3_T4,loose_ukf_screening,Phase4 L5 single-I position row.,34,17,40661,78.50588648904721,136.03078510842047,150.5828849345564,91.26035208631349,40661,44.03526014260118,77.34140726497652,87.71398223262281,52.039844937373616,40661,57.05610734287791,122.71142781516573,138.13532776456327,74.96870281532162,80.96687995888189,135.52325498831516,89.84895888059336,80.5025795277817,124.06680803509829,83.14118353057796,55.25679175379962,48.15265404736124,13.738690205891857,58.92614028335457,106.56999379402444,nan,nan,nan,1.0,0.0562678582553659,0.3114249767958567,nan,nan,17,288.6222052144297,27.10100081151569,622.3021146452601,A2,L5,I3,T4,position_fusion,S01,X_A2_U4_P4_L5_I3_T4__S01,U4,P4,
X_A2_U4_P4_L5_I3_T5,error_state_ekf_screening,Phase4 L5 single-I position row.,34,17,40661,80.20058913034099,136.8773768410909,151.83701970317642,92.56803184856082,40661,44.92450691777843,78.97007097379239,90.23860570655525,53.275943851698436,40661,57.597102707726435,124.02431671567479,139.2376634802048,75.70016068032383,83.3272994314607,138.56172716634117,92.69050030626381,82.27642247689616,124.44241687312513,84.33338299120558,56.19787927545582,44.19195920453308,13.989414025113888,60.794667415151594,106.5060649290193,nan,nan,nan,1.0,0.022611885696903117,0.13754322893437504,nan,nan,17,245.74567159690085,25.769568861627647,583.2210051872028,A2,L5,I3,T5,position_fusion,S01,X_A2_U4_P4_L5_I3_T5__S01,U4,P4,
X_A2_U4_P4_L5_I4_T1,uwb_only_control_repeated_for_matrix,Phase4 L5 single-I position row.,34,17,40661,81.50087426274067,137.90392223845038,153.02346623331817,93.65180606938337,40661,45.67255180477853,80.67072727832435,92.68560920726175,54.419044475610065,40661,57.92221740888908,124.3504084347096,139.98360435020845,76.21829425025835,85.27298587906877,142.20084693577502,94.53935112806118,84.05749037287747,124.97718208499856,84.2951215646697,57.637851997336426,41.01228800095413,14.024047616432199,60.9310942007054,106.5415344859627,nan,nan,nan,nan,nan,nan,nan,nan,17,221.08512025702677,24.92329243700209,488.88557307868973,A2,L5,I4,T1,uwb_only,S01,X_A2_U4_P4_L5_I4_T1__S01,U4,P4,
X_A2_U4_P4_L5_I4_T2,position_prior_screening,Phase4 L5 single-I position row.,34,17,40661,75.1654928233073,129.0794523009635,144.974872953861,87.26722367627626,40661,44.69150165846967,77.19183055188147,89.7074221476078,52.787082831033125,40661,52.430327731307216,112.96130361104065,129.32121795128364,69.49167010768183,77.37876332398504,123.6280497459935,85.67965961193336,76.76553948949277,108.9369064197798,73.45577152251361,57.49480882937133,47.74583221949814,12.379148726322086,60.15804694812129,103.86891039821774,nan,nan,nan,1.0,0.2458813793596689,1.065018888463999,nan,nan,17,288.07730920857904,25.29257800544309,796.1741692691517,A2,L5,I4,T2,position_fusion,S01,X_A2_U4_P4_L5_I4_T2__S01,U4,P4,
X_A2_U4_P4_L5_I4_T3,loose_ekf_screening,Phase4 L5 single-I position row.,34,17,40661,78.66408390085181,135.25657934392055,149.4850765812097,91.08446395893228,40661,44.2706888468583,77.74689360089776,88.93073104617929,52.47424865799992,40661,56.417388714838125,121.90667225384118,137.46240348063247,74.45020350854942,82.6980370982327,138.74710230988555,91.7163865215678,80.35125147798288,123.65928209216216,83.31765372428286,56.24435506329071,46.9774797376233,13.837188599552661,59.2083034401653,106.90828999970975,nan,nan,nan,1.0,0.04364287922135291,0.24170378992674452,nan,nan,17,295.1844903189977,26.83894148885838,637.5692327438173,A2,L5,I4,T3,position_fusion,S01,X_A2_U4_P4_L5_I4_T3__S01,U4,P4,
X_A2_U4_P4_L5_I4_T4,loose_ukf_screening,Phase4 L5 single-I position row.,34,17,40661,78.09378630345208,134.6506726888046,148.80248855433112,90.51321454555013,40661,44.09128922651511,77.36111286982751,88.19007628128143,52.172306329947155,40661,56.02500704104011,121.1736101273492,136.59810988726315,73.96412954657781,82.46135188470365,138.00737163119817,91.23076202542407,79.28847508656789,122.29746390984394,82.53120129781976,56.121925854657086,46.44635520570546,13.725379454162379,58.73325272633177,105.90528183495329,nan,nan,nan,1.0,0.06498866415036433,0.3436812202544546,nan,nan,17,314.801730953756,27.30144305349819,744.3748853774217,A2,L5,I4,T4,position_fusion,S01,X_A2_U4_P4_L5_I4_T4__S01,U4,P4,
X_A2_U4_P4_L5_I4_T5,error_state_ekf_screening,Phase4 L5 single-I position row.,34,17,40661,79.92928104324984,136.4127679405163,151.12781255873813,92.28586366720806,40661,44.89539231650001,78.90687431212497,90.47762731068669,53.256618616724225,40661,57.10272472783504,123.33278863747796,138.86490606128223,75.3685160150795,83.9355690914436,140.16930875720968,93.28860156552089,82.38083403446194,124.1351794738361,82.92857905144113,57.164018986918464,43.337825187208864,13.99170461481495,60.634956982946505,107.24066375410169,nan,nan,nan,1.0,0.02386589712407654,0.14554626565369924,nan,nan,17,252.7227234814072,25.865423252516052,591.0089913742538,A2,L5,I4,T5,position_fusion,S01,X_A2_U4_P4_L5_I4_T5__S01,U4,P4,
X_A2_U4_P4_L5_I5_T1,uwb_only_control_repeated_for_matrix,Phase4 L5 single-I position row.,34,17,40661,81.50087426274067,137.90392223845038,153.02346623331817,93.65180606938337,40661,45.67255180477853,80.67072727832435,92.68560920726175,54.419044475610065,40661,57.92221740888908,124.3504084347096,139.98360435020845,76.21829425025835,85.27298587906877,142.20084693577502,94.53935112806118,84.05749037287747,124.97718208499856,84.2951215646697,57.637851997336426,41.01228800095413,14.024047616432199,60.9310942007054,106.5415344859627,nan,nan,nan,nan,nan,nan,nan,nan,17,221.08512025702677,24.92329243700209,488.88557307868973,A2,L5,I5,T1,uwb_only,S01,X_A2_U4_P4_L5_I5_T1__S01,U4,P4,
X_A2_U4_P4_L5_I5_T2,position_prior_screening,Phase4 L5 single-I position row.,34,17,40661,78.32835885854092,129.43070166929607,145.80813843969025,89.08816852978953,40661,43.199723480297166,76.22593039132346,89.26817654171246,51.3815086255183,40661,57.01618188451425,116.8668020333223,131.57702210032153,72.77803475883343,78.00252877430506,122.28264156642174,83.64013747583516,71.54630714588221,113.1493498831519,81.86008263524609,56.55017493079007,45.351079837694215,10.56661632391615,63.639301189365035,106.0830713905373,nan,nan,nan,1.0,0.33574832900324214,1.2105882904033196,nan,nan,17,215.0543428657678,26.61364144047002,566.7453885979378,A2,L5,I5,T2,position_fusion,S01,X_A2_U4_P4_L5_I5_T2__S01,U4,P4,
X_A2_U4_P4_L5_I5_T3,loose_ekf_screening,Phase4 L5 single-I position row.,34,17,40661,78.94738279976731,134.81357440431327,149.33883458683712,90.99012049141503,40661,43.732289841064116,75.90900378685352,85.80547933576088,51.5137789907952,40661,57.60219035615057,122.38268330199503,137.54497651232396,75.00355059015361,80.7330165430921,135.89886920363813,90.44980905910153,78.53551774426671,122.12898524322509,82.21276717301215,59.022273503725216,45.20371114037425,13.648473896139336,58.52079549362699,105.41232108199881,nan,nan,nan,1.0,0.061560438121673104,0.3145154047013027,nan,nan,17,298.3184156790842,27.3591272194887,685.2645383598733,A2,L5,I5,T3,position_fusion,S01,X_A2_U4_P4_L5_I5_T3__S01,U4,P4,
X_A2_U4_P4_L5_I5_T4,loose_ukf_screening,Phase4 L5 single-I position row.,34,17,40661,78.47626174645939,134.05472068442833,148.58898605623506,90.45987628060274,40661,43.47195817709278,75.07656184077776,84.46858408811545,51.036664389426505,40661,57.42321185186802,121.718123667172,136.59954163387079,74.68767036601824,80.03191202583439,134.86210745169248,89.29399373527642,77.37003864640516,121.64469035832971,82.40412713202794,61.35033940882959,45.98503216298508,13.712022544759463,57.90514474258816,104.34274995882916,nan,nan,nan,1.0,0.09034050740617838,0.43082391517636714,nan,nan,17,313.2786864663021,27.18207916963462,696.0155399910271,A2,L5,I5,T4,position_fusion,S01,X_A2_U4_P4_L5_I5_T4__S01,U4,P4,
X_A2_U4_P4_L5_I5_T5,error_state_ekf_screening,Phase4 L5 single-I position row.,34,17,40661,79.94282616971734,136.2489989344482,151.0302639319333,92.14902131863306,40661,44.4147916043568,77.87425619001341,88.77553458932061,52.67821444235986,40661,57.69260160566205,123.44775063520501,138.98675854745898,75.60719445361427,82.75714657769487,139.41511689435862,92.73127613688922,80.89379634342768,122.42643490796405,82.44511131266393,55.80661633769,44.36800172099976,13.92973346762355,60.19220247306541,107.63268086333281,nan,nan,nan,1.0,0.03689334276028838,0.20072978971986602,nan,nan,17,262.97832254492533,26.218007194323093,602.2197475197638,A2,L5,I5,T5,position_fusion,S01,X_A2_U4_P4_L5_I5_T5__S01,U4,P4,
X_A2_U4_P4_L5_I6_T1,uwb_only_control_repeated_for_matrix,Phase4 L5 single-I position row.,34,17,40661,81.50087426274067,137.90392223845038,153.02346623331817,93.65180606938337,40661,45.67255180477853,80.67072727832435,92.68560920726175,54.419044475610065,40661,57.92221740888908,124.3504084347096,139.98360435020845,76.21829425025835,85.27298587906877,142.20084693577502,94.53935112806118,84.05749037287747,124.97718208499856,84.2951215646697,57.637851997336426,41.01228800095413,14.024047616432199,60.9310942007054,106.5415344859627,nan,nan,nan,nan,nan,nan,nan,nan,17,221.08512025702677,24.92329243700209,488.88557307868973,A2,L5,I6,T1,uwb_only,S01,X_A2_U4_P4_L5_I6_T1__S01,U4,P4,
X_A2_U4_P4_L5_I6_T2,position_prior_screening,Phase4 L5 single-I position row.,34,17,40661,76.90086545731974,130.7974587303552,146.6295508921991,88.33351535912992,40661,45.56963502165428,77.30133637789105,89.34382814332169,53.36918406452198,40661,53.89459648782031,114.49150594981461,130.681779521286,70.38849428698424,79.06182594872757,128.9879708117685,89.18727204902106,78.07308933967118,108.20249647452147,80.95114863601634,64.70270080681348,42.89408083123493,11.293798590065592,66.18437824303467,114.54496541125802,nan,nan,nan,1.0,0.2739277299064255,1.094844254846472,nan,nan,17,473.1670082384254,26.354224845133615,1054.6532530949232,A2,L5,I6,T2,position_fusion,S01,X_A2_U4_P4_L5_I6_T2__S01,U4,P4,
X_A2_U4_P4_L5_I6_T3,loose_ekf_screening,Phase4 L5 single-I position row.,34,17,40661,78.94051147284944,135.2295512487025,149.1385134500775,91.04617547425461,40661,44.130510568557995,77.39915125378249,88.30373304581084,52.3775105583109,40661,56.63990240558246,122.26412488398455,137.58159273203614,74.47148753853915,82.00298335020392,137.16421683669267,91.14785222849795,81.2365504477476,119.96000601834675,84.03097789415159,59.772264428882664,41.61097385538744,13.738153280551558,60.220300036012176,108.57270266668885,nan,nan,nan,1.0,0.05218583827195747,0.2803922060557153,nan,nan,17,287.82644772555665,27.243379756389345,689.4934591259805,A2,L5,I6,T3,position_fusion,S01,X_A2_U4_P4_L5_I6_T3__S01,U4,P4,
X_A2_U4_P4_L5_I6_T4,loose_ukf_screening,Phase4 L5 single-I position row.,34,17,40661,78.43643032714887,134.62685287269213,148.68838090184718,90.50352740682558,40661,43.96185568972388,76.82789092524969,87.74236491362885,52.08948333671812,40661,56.245654329647095,121.44701485332655,136.8954819229789,74.01063571400934,81.252998583987,135.14126236832635,89.90504875351392,81.02388473275505,119.12938410313845,83.50264382821933,61.25159311429903,41.86908183249602,13.67629160569598,60.0272724228366,107.98915564857575,nan,nan,nan,1.0,0.07754414361448364,0.39923530397148865,nan,nan,17,305.83351453772605,27.414171609076107,743.4334529852356,A2,L5,I6,T4,position_fusion,S01,X_A2_U4_P4_L5_I6_T4__S01,U4,P4,
X_A2_U4_P4_L5_I6_T5,error_state_ekf_screening,Phase4 L5 single-I position row.,34,17,40661,80.03109613360685,136.62239537359164,150.86984714405827,92.21257846722874,40661,44.78009265573871,78.76682402217477,90.21466710783483,53.14801885654453,40661,57.31154479906064,123.58026951232114,138.71735650334222,75.35547570813422,83.56750230916342,139.83176906623245,92.6491775837352,82.46671283842315,122.52231598754125,84.48926965789823,57.6631335967616,42.268970178715506,13.930663825752447,60.725293968338775,106.92153746626195,nan,nan,nan,1.0,0.029775999447968722,0.17479178719330002,nan,nan,17,255.593362251522,26.11050813922168,596.7962626184769,A2,L5,I6,T5,position_fusion,S01,X_A2_U4_P4_L5_I6_T5__S01,U4,P4,
X_A2_U4_P4_L5_I7_T1,uwb_only_control_repeated_for_matrix,Phase4 L5 single-I position row.,34,17,40661,81.50087426274067,137.90392223845038,153.02346623331817,93.65180606938337,40661,45.67255180477853,80.67072727832435,92.68560920726175,54.419044475610065,40661,57.92221740888908,124.3504084347096,139.98360435020845,76.21829425025835,85.27298587906877,142.20084693577502,94.53935112806118,84.05749037287747,124.97718208499856,84.2951215646697,57.637851997336426,41.01228800095413,14.024047616432199,60.9310942007054,106.5415344859627,nan,nan,nan,nan,nan,nan,nan,nan,17,221.08512025702677,24.92329243700209,488.88557307868973,A2,L5,I7,T1,uwb_only,S01,X_A2_U4_P4_L5_I7_T1__S01,U4,P4,
X_A2_U4_P4_L5_I7_T2,position_prior_screening,Phase4 L5 single-I position row.,34,17,40661,78.27535146297262,129.7047238319626,143.07455191445018,88.70317001256535,40661,46.33574202907328,85.77643174815472,98.67316818544627,56.46788585168366,40661,52.90725226205336,110.11166022367092,125.15831212998364,68.4078229277858,77.42715051444083,127.71200870121953,84.9870625403521,85.39670564334557,108.95304085769683,78.28792404308201,63.93802118689554,36.3186263305376,12.466971088094311,68.40790989683555,122.29083404736171,nan,nan,nan,1.0,0.2784336792174261,0.999256793403899,nan,nan,17,194.7251789988938,25.93661197754284,514.5848389012259,A2,L5,I7,T2,position_fusion,S01,X_A2_U4_P4_L5_I7_T2__S01,U4,P4,
X_A2_U4_P4_L5_I7_T3,loose_ekf_screening,Phase4 L5 single-I position row.,34,17,40661,79.27612790086641,134.40200083508657,148.91729775859187,91.20697721824477,40661,44.807310739529825,79.10352459067194,90.3295324908188,53.11748045740881,40661,56.887422660383436,120.4404288568071,136.12346700349372,74.14341483332295,82.71547056916239,135.0119710770564,91.7583471625272,81.12484579202618,120.11905352962398,81.34656317971908,60.020790579782,42.66020862073026,13.897427573077323,60.70407146616557,107.87617625221108,nan,nan,nan,1.0,0.041785874633993025,0.21051277869663293,nan,nan,17,238.7692484738213,26.533836792291083,497.3298726990337,A2,L5,I7,T3,position_fusion,S01,X_A2_U4_P4_L5_I7_T3__S01,U4,P4,
X_A2_U4_P4_L5_I7_T4,loose_ukf_screening,Phase4 L5 single-I position row.,34,17,40661,78.8466721813505,133.58538359203422,148.07214716468744,90.68107381008113,40661,44.70526185725392,79.14078595380212,89.99996091278258,53.01493085936038,40661,56.45795136241395,119.46793855370197,134.85195784629673,73.56951986608735,81.87757212200238,133.608870739898,90.72991450558612,80.65532986208672,119.74789190436036,80.8960838491455,60.619433505847056,42.67635258779296,13.808672727349006,60.69137598580224,108.16814246318935,nan,nan,nan,1.0,0.06358156056711743,0.3071945507431871,nan,nan,17,234.56550522893997,26.959232848785177,476.8554978342717,A2,L5,I7,T4,position_fusion,S01,X_A2_U4_P4_L5_I7_T4__S01,U4,P4,
X_A2_U4_P4_L5_I7_T5,error_state_ekf_screening,Phase4 L5 single-I position row.,34,17,40661,80.27682122970664,135.88244626333395,150.83794697025306,92.36747172381824,40661,45.14959890616318,79.51624995500549,90.97766004944619,53.575722607618154,40661,57.377000509468985,122.65487987919118,138.38438807160264,75.24222072561331,84.66704313704975,138.19611907722995,93.26467179806623,82.82343522089951,122.18332704415346,83.24303263664059,58.741624484006465,42.10197896972261,14.006526332986596,60.78986543460407,107.10407226487166,nan,nan,nan,1.0,0.023005849595224784,0.13141219560494483,nan,nan,17,234.5040706693195,25.690079198480475,533.2033572615579,A2,L5,I7,T5,position_fusion,S01,X_A2_U4_P4_L5_I7_T5__S01,U4,P4,
X_A2_U4_P4_L5_I8_T1,uwb_only_control_repeated_for_matrix,Phase4 L5 single-I position row.,34,17,40661,81.50087426274067,137.90392223845038,153.02346623331817,93.65180606938337,40661,45.67255180477853,80.67072727832435,92.68560920726175,54.419044475610065,40661,57.92221740888908,124.3504084347096,139.98360435020845,76.21829425025835,85.27298587906877,142.20084693577502,94.53935112806118,84.05749037287747,124.97718208499856,84.2951215646697,57.637851997336426,41.01228800095413,14.024047616432199,60.9310942007054,106.5415344859627,nan,nan,nan,nan,nan,nan,nan,nan,17,221.08512025702677,24.92329243700209,488.88557307868973,A2,L5,I8,T1,uwb_only,S01,X_A2_U4_P4_L5_I8_T1__S01,U4,P4,
X_A2_U4_P4_L5_I8_T2,position_prior_screening,Phase4 L5 single-I position row.,34,17,40661,78.22641953368671,130.3038047900484,144.31716738985924,88.89146747052173,40661,42.372619577384064,75.09560959908723,86.32657468761647,50.29869081592625,40661,58.74817392704949,116.316263586241,130.1586656567813,73.29211888918671,79.00968222339942,130.69248622552,87.2752692375343,73.54571889963442,119.72730338387933,77.585472738043,56.85558828796133,44.257364799922584,11.575190955178556,67.81501632064462,120.15933018279063,nan,nan,nan,1.0,0.2715526662284183,0.9835125656641488,nan,nan,17,86.28842910186503,25.997472468074193,224.73544252359608,A2,L5,I8,T2,position_fusion,S01,X_A2_U4_P4_L5_I8_T2__S01,U4,P4,
X_A2_U4_P4_L5_I8_T3,loose_ekf_screening,Phase4 L5 single-I position row.,34,17,40661,79.07178500431463,135.07176272572642,149.26227014000423,91.20769714264011,40661,43.444232570851696,76.60948373997657,87.14432412179947,51.60312285040124,40661,57.8568232304533,122.3617442723696,137.72845208718286,75.2061282752274,80.91837735490773,138.0590222736064,91.98330634462482,79.82558463601052,122.33632404050417,81.40761523483829,56.63796942120217,47.03475847155215,13.725023438894567,59.69492297758979,107.32373907028979,nan,nan,nan,1.0,0.049653800296451736,0.259086144305875,nan,nan,17,243.5037292707988,27.085359730662674,553.8752569069073,A2,L5,I8,T3,position_fusion,S01,X_A2_U4_P4_L5_I8_T3__S01,U4,P4,
X_A2_U4_P4_L5_I8_T4,loose_ukf_screening,Phase4 L5 single-I position row.,34,17,40661,78.65561676719298,134.3984811468713,148.19740555670447,90.70560621866034,40661,43.008235783074944,75.73793449028365,86.03995647896159,51.091411666477825,40661,57.90163755716162,122.0307673531313,137.07721840571662,74.94781286616151,79.41366761357972,137.81873074686428,90.79375149762933,79.24506902953297,121.54956651622905,80.58709307894469,57.03970815955322,47.285560799736345,13.616678621177812,59.19926921745032,106.51843005271948,nan,nan,nan,1.0,0.07190940491154219,0.3555793260432959,nan,nan,17,226.76473795045953,27.558892839354087,483.92043248598725,A2,L5,I8,T4,position_fusion,S01,X_A2_U4_P4_L5_I8_T4__S01,U4,P4,
X_A2_U4_P4_L5_I8_T5,error_state_ekf_screening,Phase4 L5 single-I position row.,34,17,40661,80.10791613858221,136.31057230958558,150.90655148498473,92.30246419695213,40661,44.37415249619921,78.30899906239617,89.59438877159924,52.80597705877572,40661,57.81328395908258,123.57756184835483,139.01336107607722,75.70517606939227,83.69337758853527,139.9512715730939,93.55111575166688,82.34166357087636,123.4392436137521,84.10641762424046,56.52042754307256,44.89176865305939,13.973491931620714,60.759548299184026,107.06786377064597,nan,nan,nan,1.0,0.02832912184447941,0.1610266085380688,nan,nan,17,245.71726977098004,26.02448732469088,583.7978032707299,A2,L5,I8,T5,position_fusion,S01,X_A2_U4_P4_L5_I8_T5__S01,U4,P4,
X_A2_U4_P5_L5_I0_T1,uwb_only_control_repeated_for_matrix,Phase4 L5 single-I position row.,34,17,40661,121.26515886980397,190.21317773769525,206.01317577910808,132.51011487261465,40661,74.72473574617716,146.61825494103508,166.24106170361216,94.61737754027065,40661,71.37836773641357,150.01667628913333,167.36708210250458,92.77112918874825,117.52643786212325,196.09781144925196,128.67973062981932,141.57080473911955,153.2947379217777,84.3842190217145,58.798533046425774,50.18011747303973,82.73945620959884,46.53049084865163,81.0547689559544,nan,nan,nan,nan,nan,nan,nan,nan,17,235.77481399931958,42.76154110255925,579.6134717700086,A2,L5,I0,T1,uwb_only,S01,X_A2_U4_P5_L5_I0_T1__S01,U4,P5,
X_A2_U4_P5_L5_I0_T2,position_prior_screening,Phase4 L5 single-I position row.,34,17,40661,119.27473594170009,187.38630304070978,204.23602846643024,130.90601066093907,40661,74.32194569695206,145.00603087900228,165.50239845104554,93.74209364328955,40661,69.81232669372162,147.92193100906388,168.0744001775497,91.37178725697898,114.18840203582451,189.51987173402063,128.16209843815048,140.1078723495074,143.34745199579407,81.31918775823158,57.88524139642102,49.353457982061684,78.87380966945133,54.8279609361759,99.57291053741774,nan,nan,nan,1.0,0.20532565684508503,0.8517451139184296,nan,nan,17,266.77610096718126,42.12261291446339,528.8407073689226,A2,L5,I0,T2,position_fusion,S01,X_A2_U4_P5_L5_I0_T2__S01,U4,P5,
X_A2_U4_P5_L5_I0_T3,loose_ekf_screening,Phase4 L5 single-I position row.,34,17,40661,120.75925540039819,189.37316315210705,204.90672415093752,131.82181298461904,40661,74.3128279452613,145.59650111467008,165.31775588741928,94.04627413655513,40661,70.83982958314266,149.32171566425723,167.09887512427008,92.37038865125447,116.33081586296373,193.61154795401097,128.13352676107388,141.41757615314168,150.66754469671028,84.33586201388133,58.89420054069202,47.23929446650288,82.32219713967947,50.16131003485039,89.45895268402529,nan,nan,nan,1.0,0.023203085684024946,0.12375584142879753,nan,nan,17,243.58340253604428,42.41055277406082,598.634305290289,A2,L5,I0,T3,position_fusion,S01,X_A2_U4_P5_L5_I0_T3__S01,U4,P5,
X_A2_U4_P5_L5_I0_T4,loose_ukf_screening,Phase4 L5 single-I position row.,34,17,40661,120.60059286673362,189.14334205901372,204.72080518355477,131.62713052204958,40661,74.2370471457212,145.23067106517001,165.07413188821974,93.89543741399407,40661,70.74024267983305,149.0854486849462,167.0574902039254,92.2461290369596,116.26164981670152,193.14063684298702,127.99822682753154,141.4233341471775,150.1625085928746,83.76950783190478,58.31345228661776,47.91297508926323,82.1283874277508,50.193929693310494,91.35726438632214,nan,nan,nan,1.0,0.03666632884268117,0.19025938668052653,nan,nan,17,248.11871672333328,42.28791918637097,597.1773650555447,A2,L5,I0,T4,position_fusion,S01,X_A2_U4_P5_L5_I0_T4__S01,U4,P5,
X_A2_U4_P5_L5_I0_T5,error_state_ekf_screening,Phase4 L5 single-I position row.,34,17,40661,121.07470091462214,189.89539046955284,205.55955807867542,132.21023347774616,40661,74.54838515715183,146.2275417093308,165.89060608681092,94.3625952285122,40661,71.09609607965058,149.73333240296142,167.22117163093867,92.60262662570709,117.0141578638797,194.77984646853116,128.4323812772934,141.5081771873659,152.05894573197833,84.3805146101036,58.91270026944812,49.507984120794276,82.59824206411909,48.113409650837454,82.39621749526094,nan,nan,nan,1.0,0.011130626720949817,0.060682295440102535,nan,nan,17,237.47012246421335,42.62211860197061,591.2905574149078,A2,L5,I0,T5,position_fusion,S01,X_A2_U4_P5_L5_I0_T5__S01,U4,P5,
X_A2_U4_P5_L5_I1_T1,uwb_only_control_repeated_for_matrix,Phase4 L5 single-I position row.,34,17,40661,121.26515886980397,190.21317773769525,206.01317577910808,132.51011487261465,40661,74.72473574617716,146.61825494103508,166.24106170361216,94.61737754027065,40661,71.37836773641357,150.01667628913333,167.36708210250458,92.77112918874825,117.52643786212325,196.09781144925196,128.67973062981932,141.57080473911955,153.2947379217777,84.3842190217145,58.798533046425774,50.18011747303973,82.73945620959884,46.53049084865163,81.0547689559544,nan,nan,nan,nan,nan,nan,nan,nan,17,235.77481399931958,42.76154110255925,579.6134717700086,A2,L5,I1,T1,uwb_only,S01,X_A2_U4_P5_L5_I1_T1__S01,U4,P5,
X_A2_U4_P5_L5_I1_T2,position_prior_screening,Phase4 L5 single-I position row.,34,17,40661,113.52941035409756,176.05358602814374,191.1614889245243,124.327223712768,40661,74.39056232029962,127.7190606988169,142.51168579255886,87.07994161465564,40661,68.17342615031612,143.78093263457095,163.65286431120558,88.73749108754897,107.3551042663552,177.4006636536041,117.80005293871008,121.88058732017245,140.02315540325318,79.37652984191799,41.75897835051727,38.96130214352149,69.10506996347738,59.52458317727891,105.67006312097831,nan,nan,nan,1.0,0.3699190365266405,1.3428871367738884,nan,nan,17,254.18993842646003,40.14118947193782,605.3213264320916,A2,L5,I1,T2,position_fusion,S01,X_A2_U4_P5_L5_I1_T2__S01,U4,P5,
X_A2_U4_P5_L5_I1_T3,loose_ekf_screening,Phase4 L5 single-I position row.,34,17,40661,119.95546822918952,186.1983962062105,201.10306806140213,130.40434304523438,40661,74.65590160971247,141.9890523141031,160.0977696656607,92.60405862115981,40661,70.96082472082969,148.65851900236862,166.46235235922063,91.81383889124758,115.00589411611543,194.1176736970018,125.55894886829965,133.72176071057487,149.72478099437254,83.6866384766399,53.08869782021513,47.84481666003461,80.75541567099202,52.066063071185184,90.6816875647816,nan,nan,nan,1.0,0.04902130497049338,0.2792032127513907,nan,nan,17,274.9766010305574,41.65928204230437,618.0632192728641,A2,L5,I1,T3,position_fusion,S01,X_A2_U4_P5_L5_I1_T3__S01,U4,P5,
X_A2_U4_P5_L5_I1_T4,loose_ukf_screening,Phase4 L5 single-I position row.,34,17,40661,119.29506081864159,185.0421392612929,199.80343542736534,129.81297502603715,40661,74.87512676284145,140.404107188714,158.17041348320805,92.04690011637359,40661,70.70151054795997,148.28848040712865,166.18912551554217,91.53565788301788,114.35553824350339,192.9128076791692,124.58072631121951,130.9319894819074,148.1964631203938,82.50814714403873,51.240934861584904,48.12328370595105,79.9318421615285,54.66398529535181,98.37227864150066,nan,nan,nan,1.0,0.07604751834516285,0.40129093667449284,nan,nan,17,282.45547322584696,41.58973935533339,606.8340164435757,A2,L5,I1,T4,position_fusion,S01,X_A2_U4_P5_L5_I1_T4__S01,U4,P5,
X_A2_U4_P5_L5_I1_T5,error_state_ekf_screening,Phase4 L5 single-I position row.,34,17,40661,120.62975362600115,188.50485151672902,203.66611278372514,131.51943293041793,40661,74.57112447194541,144.47625236231156,163.42196778462903,93.66367005591312,40661,71.14166874777538,149.43234974458687,166.85322678425564,92.32810054363594,116.25581197872773,195.08849433801043,127.33082380628684,139.0181735087632,150.98582676243507,84.87924841419002,56.431297778104636,48.76418646576235,82.05497841910847,50.12481043287845,90.81531609118161,nan,nan,nan,1.0,0.026568323021391196,0.16008997170335815,nan,nan,17,249.9460713444638,42.29413536589897,612.0337454008327,A2,L5,I1,T5,position_fusion,S01,X_A2_U4_P5_L5_I1_T5__S01,U4,P5,
X_A2_U4_P5_L5_I2_T1,uwb_only_control_repeated_for_matrix,Phase4 L5 single-I position row.,34,17,40661,121.26515886980397,190.21317773769525,206.01317577910808,132.51011487261465,40661,74.72473574617716,146.61825494103508,166.24106170361216,94.61737754027065,40661,71.37836773641357,150.01667628913333,167.36708210250458,92.77112918874825,117.52643786212325,196.09781144925196,128.67973062981932,141.57080473911955,153.2947379217777,84.3842190217145,58.798533046425774,50.18011747303973,82.73945620959884,46.53049084865163,81.0547689559544,nan,nan,nan,nan,nan,nan,nan,nan,17,235.77481399931958,42.76154110255925,579.6134717700086,A2,L5,I2,T1,uwb_only,S01,X_A2_U4_P5_L5_I2_T1__S01,U4,P5,
X_A2_U4_P5_L5_I2_T2,position_prior_screening,Phase4 L5 single-I position row.,34,17,40661,118.10056887728834,185.07049338092293,205.39998231501878,129.71425771138732,40661,75.53244900032524,134.78022900632058,150.0227695903847,90.18000625423493,40661,72.80495864105637,147.13407728301286,168.1667639829302,93.23816346111904,116.11170647152366,183.20835865024523,127.53500190961253,135.8316846063479,150.5466179125665,87.6044949975816,55.686536874224515,54.36645963632259,68.69290660272625,60.68153201014657,106.69883716653197,nan,nan,nan,1.0,0.4932132250856296,1.9721077180250979,nan,nan,17,229.95699129783767,39.07319212102547,384.273911457703,A2,L5,I2,T2,position_fusion,S01,X_A2_U4_P5_L5_I2_T2__S01,U4,P5,
X_A2_U4_P5_L5_I2_T3,loose_ekf_screening,Phase4 L5 single-I position row.,34,17,40661,120.74445670223058,187.8301135883183,203.3603420226812,131.06196392926768,40661,74.4873066403079,142.95364608143225,161.09369476661783,92.83065428187251,40661,71.84174289739008,148.594953355519,166.0784708985094,92.51869008257802,118.38841152603285,192.46232148376345,126.06548504967064,137.80365554666088,152.25516675761094,84.74368413255681,55.93420870434936,50.353584945757916,80.6538337438405,50.312670982849724,90.32211190526205,nan,nan,nan,1.0,0.06140288025925347,0.32487566700227155,nan,nan,17,250.79837828046922,41.52890195718987,580.6185763312147,A2,L5,I2,T3,position_fusion,S01,X_A2_U4_P5_L5_I2_T3__S01,U4,P5,
X_A2_U4_P5_L5_I2_T4,loose_ukf_screening,Phase4 L5 single-I position row.,34,17,40661,120.44001937513157,187.35663134336914,202.97450018318133,130.7304716995014,40661,74.68954820206645,141.97618803994501,159.55006876952103,92.39527372500928,40661,71.9102420609131,148.28696555913092,165.70054682930095,92.48551034651184,118.770457375398,191.32889566929583,125.48986464599571,137.1537164193292,152.27520648682452,84.71161126077317,54.79110736367489,49.44825701650416,79.8930449228065,54.659406299329014,93.73408971798284,nan,nan,nan,1.0,0.09644277899183235,0.49189648410769854,nan,nan,17,254.09954721204878,41.5723354027981,571.7132496910923,A2,L5,I2,T4,position_fusion,S01,X_A2_U4_P5_L5_I2_T4__S01,U4,P5,
X_A2_U4_P5_L5_I2_T5,error_state_ekf_screening,Phase4 L5 single-I position row.,34,17,40661,120.96994905250192,189.10775343242602,204.58583201141792,131.76748827950408,40661,74.42724784975874,144.902627834603,163.82190946137862,93.72578633536828,40661,71.51127266651974,149.4149554084329,166.55463266683364,92.61829162377234,117.65263007466592,194.83875192803725,127.40008907891956,140.77426081412557,152.04684427509386,84.33097977439434,57.787311870486135,49.476423015533726,82.02168299421652,50.12793239295528,90.76766838465619,nan,nan,nan,1.0,0.031277818989847245,0.18391699963457894,nan,nan,17,242.22932812590525,42.23591207292844,587.2089934856514,A2,L5,I2,T5,position_fusion,S01,X_A2_U4_P5_L5_I2_T5__S01,U4,P5,
X_A2_U4_P5_L5_I3_T1,uwb_only_control_repeated_for_matrix,Phase4 L5 single-I position row.,34,17,40661,121.26515886980397,190.21317773769525,206.01317577910808,132.51011487261465,40661,74.72473574617716,146.61825494103508,166.24106170361216,94.61737754027065,40661,71.37836773641357,150.01667628913333,167.36708210250458,92.77112918874825,117.52643786212325,196.09781144925196,128.67973062981932,141.57080473911955,153.2947379217777,84.3842190217145,58.798533046425774,50.18011747303973,82.73945620959884,46.53049084865163,81.0547689559544,nan,nan,nan,nan,nan,nan,nan,nan,17,235.77481399931958,42.76154110255925,579.6134717700086,A2,L5,I3,T1,uwb_only,S01,X_A2_U4_P5_L5_I3_T1__S01,U4,P5,
X_A2_U4_P5_L5_I3_T2,position_prior_screening,Phase4 L5 single-I position row.,34,17,40661,109.47034004835508,174.5201470251208,194.08089921896925,122.52338046473247,40661,70.29500766035687,126.77907650020441,143.93677013748487,84.36688593106275,40661,67.65559052625485,141.09072892814106,162.50556079618946,88.84935181981145,107.98182476331417,171.45175910396745,118.34594397158187,119.45454828289942,136.5666445874167,73.21324553766372,46.64642163375282,53.42767787483501,65.94354047134252,57.80721802882813,98.03595280853722,nan,nan,nan,1.0,0.428934938701493,1.6386176753371464,nan,nan,17,173.6964844240727,37.78326796815361,334.04733059817323,A2,L5,I3,T2,position_fusion,S01,X_A2_U4_P5_L5_I3_T2__S01,U4,P5,
X_A2_U4_P5_L5_I3_T3,loose_ekf_screening,Phase4 L5 single-I position row.,34,17,40661,119.14267172804902,186.54278020496784,202.04435793992266,130.14250460381814,40661,73.9446607852026,141.62870042400422,160.6700267714341,92.20514572256141,40661,70.6440308615081,147.95749789528372,165.99404765634495,91.84379460168246,116.47338747369464,190.43766548088365,126.82077504313907,135.75947000668504,150.39968627561336,82.71373441400803,56.03471368857355,50.9502042352222,80.22880712737552,50.14324751367927,90.68897213107972,nan,nan,nan,1.0,0.058304839159810565,0.3107541194283639,nan,nan,17,252.18388259498323,41.54924155187291,544.9009138285826,A2,L5,I3,T3,position_fusion,S01,X_A2_U4_P5_L5_I3_T3__S01,U4,P5,
X_A2_U4_P5_L5_I3_T4,loose_ukf_screening,Phase4 L5 single-I position row.,34,17,40661,118.41686007085214,185.4067643115674,201.03918000901794,129.45784054204822,40661,73.70692294751844,140.09902648262093,158.93458219014576,91.50870680788684,40661,70.41591286768085,147.19093165266816,165.55460359702488,91.5723159921086,116.28514050375217,188.95889110785168,126.23378776872927,134.11182108148594,149.13398579283106,82.07624760897804,54.92596696280019,51.278062280692325,79.42495820656413,50.146630726887665,90.24015912761071,nan,nan,nan,1.0,0.09111264559542162,0.4572424632855048,nan,nan,17,255.86510448213912,41.81096267160109,564.9964032161209,A2,L5,I3,T4,position_fusion,S01,X_A2_U4_P5_L5_I3_T4__S01,U4,P5,
X_A2_U4_P5_L5_I3_T5,error_state_ekf_screening,Phase4 L5 single-I position row.,34,17,40661,120.51965632549143,188.66620353316435,204.29723995224435,131.39653543692881,40661,74.2733823546748,144.43034743718374,163.52836631247584,93.48260277706473,40661,70.93904609638525,149.01649343426288,166.51810150373763,92.3366260096914,116.95166238903744,193.93119321839708,127.87178956463646,139.8363692080693,151.83350342188942,84.25123014209207,57.83183719022727,50.26212494800643,81.868801679461,50.13473032003331,91.11828530651647,nan,nan,nan,1.0,0.029297823190321988,0.18783325476383925,nan,nan,17,241.2940202727481,42.16993469945601,564.1050753773004,A2,L5,I3,T5,position_fusion,S01,X_A2_U4_P5_L5_I3_T5__S01,U4,P5,
X_A2_U4_P5_L5_I4_T1,uwb_only_control_repeated_for_matrix,Phase4 L5 single-I position row.,34,17,40661,121.26515886980397,190.21317773769525,206.01317577910808,132.51011487261465,40661,74.72473574617716,146.61825494103508,166.24106170361216,94.61737754027065,40661,71.37836773641357,150.01667628913333,167.36708210250458,92.77112918874825,117.52643786212325,196.09781144925196,128.67973062981932,141.57080473911955,153.2947379217777,84.3842190217145,58.798533046425774,50.18011747303973,82.73945620959884,46.53049084865163,81.0547689559544,nan,nan,nan,nan,nan,nan,nan,nan,17,235.77481399931958,42.76154110255925,579.6134717700086,A2,L5,I4,T1,uwb_only,S01,X_A2_U4_P5_L5_I4_T1__S01,U4,P5,
X_A2_U4_P5_L5_I4_T2,position_prior_screening,Phase4 L5 single-I position row.,34,17,40661,108.35266147017188,171.398862917041,189.28736946015857,119.96186812775773,40661,68.98381778219714,128.57752750597396,147.005235472255,84.64820619694923,40661,64.87599490419143,135.43236344409706,153.50800724766077,85.00312342696769,107.57265371285172,163.19301897223158,114.49448397764058,119.4892414284664,136.5934330220562,71.9325274846843,46.7013687207083,46.155135785163225,64.22284181537219,58.93796316553593,103.69766144693415,nan,nan,nan,1.0,0.3994494497379312,1.7039911011377287,nan,nan,17,229.42162246968405,38.00971473142147,476.6858332566178,A2,L5,I4,T2,position_fusion,S01,X_A2_U4_P5_L5_I4_T2__S01,U4,P5,
X_A2_U4_P5_L5_I4_T3,loose_ekf_screening,Phase4 L5 single-I position row.,34,17,40661,118.50673194741479,185.65544199561478,201.00648353889517,129.60883489556088,40661,73.25566063881757,141.764668783192,160.48881354510297,92.07785992727112,40661,70.17086100621998,147.20261706991084,164.3587906085247,91.21467970781127,114.04454340977036,190.43680782190737,124.79734924046116,134.6244000794637,149.8967615582786,79.91107419774305,53.16235193501578,52.33556723876973,79.92561016798248,50.17802937051195,90.51144902679664,nan,nan,nan,1.0,0.06284458728165472,0.35115142496227236,nan,nan,17,270.8829368685793,41.65133559091578,561.9122260516526,A2,L5,I4,T3,position_fusion,S01,X_A2_U4_P5_L5_I4_T3__S01,U4,P5,
X_A2_U4_P5_L5_I4_T4,loose_ukf_screening,Phase4 L5 single-I position row.,34,17,40661,117.62670662362355,184.41901696684224,199.83257759180543,128.76144136179724,40661,72.77374638645846,140.63856363119996,159.03101095841197,91.36405047507606,40661,69.78997984095565,146.25911559802944,163.3133742511202,90.73102590820463,113.37389516866006,188.05216406514631,123.63545879674652,132.3662999926719,148.5385654680577,79.48773796211736,51.30982647135558,52.61558716063621,79.01639015535318,50.19902607572482,90.48620020412051,nan,nan,nan,1.0,0.0960501353567887,0.4995782731610231,nan,nan,17,278.29553233420467,41.918810999244045,595.0323945869047,A2,L5,I4,T4,position_fusion,S01,X_A2_U4_P5_L5_I4_T4__S01,U4,P5,
X_A2_U4_P5_L5_I4_T5,error_state_ekf_screening,Phase4 L5 single-I position row.,34,17,40661,120.1270154115976,188.40291880972467,203.9332026148797,131.15091525623635,40661,74.01066080234862,144.3093655729682,163.25389684864425,93.40418460614116,40661,70.77940477938375,148.79223513152385,166.0245569381234,92.06639381777906,115.65615444453121,193.77771855096427,126.93211653968713,138.95138404312917,151.5812397616702,82.24590410685371,56.47448600302555,50.532577151707756,81.70920096256009,50.15026779898972,90.95989715397636,nan,nan,nan,1.0,0.031632719173907024,0.20869817158684517,nan,nan,17,245.02532520238287,42.060814006583996,571.3142084919074,A2,L5,I4,T5,position_fusion,S01,X_A2_U4_P5_L5_I4_T5__S01,U4,P5,
X_A2_U4_P5_L5_I5_T1,uwb_only_control_repeated_for_matrix,Phase4 L5 single-I position row.,34,17,40661,121.26515886980397,190.21317773769525,206.01317577910808,132.51011487261465,40661,74.72473574617716,146.61825494103508,166.24106170361216,94.61737754027065,40661,71.37836773641357,150.01667628913333,167.36708210250458,92.77112918874825,117.52643786212325,196.09781144925196,128.67973062981932,141.57080473911955,153.2947379217777,84.3842190217145,58.798533046425774,50.18011747303973,82.73945620959884,46.53049084865163,81.0547689559544,nan,nan,nan,nan,nan,nan,nan,nan,17,235.77481399931958,42.76154110255925,579.6134717700086,A2,L5,I5,T1,uwb_only,S01,X_A2_U4_P5_L5_I5_T1__S01,U4,P5,
X_A2_U4_P5_L5_I5_T2,position_prior_screening,Phase4 L5 single-I position row.,34,17,40661,107.12906828100154,167.4357149928908,183.82964423814212,117.70640372888332,40661,68.34231917877098,117.21039580190087,133.1779662165379,80.15622890903896,40661,68.21411227335227,136.15312338003014,156.0546377632354,86.19615099219116,102.7973435363383,162.15626980251295,111.2278841451726,116.0326746973108,128.65422899603604,78.9005449456559,52.16054594050712,48.26441743711956,55.579223464721366,60.28056208777407,103.3178552547611,nan,nan,nan,1.0,0.6184870666606526,2.0415489331132726,nan,nan,17,48.049453602185885,37.019747734049645,75.49569525036621,A2,L5,I5,T2,position_fusion,S01,X_A2_U4_P5_L5_I5_T2__S01,U4,P5,
X_A2_U4_P5_L5_I5_T3,loose_ekf_screening,Phase4 L5 single-I position row.,34,17,40661,118.48596447813836,184.6036001787702,199.57400432161396,128.871490618003,40661,73.41447306065045,138.22740693432232,156.21717789317591,90.73920279238293,40661,71.10412740437607,146.4313191838146,164.41168712762396,91.51097295247631,114.90095591076835,187.22318023750114,123.56870817574008,128.29505323213465,147.0475110543614,84.14096324679105,53.21788704853982,48.009554052868,78.56608886982963,50.183857013296915,89.8869308527103,nan,nan,nan,1.0,0.09498166408323432,0.45452621934551307,nan,nan,17,231.7458231394582,41.94794253134273,505.749180402474,A2,L5,I5,T3,position_fusion,S01,X_A2_U4_P5_L5_I5_T3__S01,U4,P5,
X_A2_U4_P5_L5_I5_T4,loose_ukf_screening,Phase4 L5 single-I position row.,34,17,40661,117.6864462412908,182.93585449806184,197.97759163345572,127.80663996075131,40661,73.03398771542547,135.9642823282307,153.57858216025272,89.65754026112111,40661,70.86629383697596,145.1202100127623,163.538307546542,91.08272444532257,114.3382114041991,185.68617305592895,122.11317174674893,125.93928104594303,145.4723354917383,83.53212688110595,51.32334162839524,46.18225544985637,77.00557025004431,50.32403001551914,88.90004676161368,nan,nan,nan,1.0,0.14560121511921462,0.6679967875642047,nan,nan,17,216.06461788350572,42.12141677810928,467.17525897292893,A2,L5,I5,T4,position_fusion,S01,X_A2_U4_P5_L5_I5_T4__S01,U4,P5,
X_A2_U4_P5_L5_I5_T5,error_state_ekf_screening,Phase4 L5 single-I position row.,34,17,40661,120.1348157270602,187.72420376384767,203.01014890780775,130.79201819252728,40661,74.05913864207996,142.61377871479633,161.31749815008882,92.74714242614782,40661,71.33151705434693,148.56532536631244,166.03936154541543,92.21995225903255,116.15837385425291,191.945339502143,126.26303117149993,135.52208437078343,151.33970213846868,85.53844858567442,56.57549591319554,49.766307874275526,81.02566138867758,50.12538696261366,91.4347537349893,nan,nan,nan,1.0,0.048395625029622344,0.2920337319429034,nan,nan,17,239.323813542609,41.72988676032526,564.9505850625387,A2,L5,I5,T5,position_fusion,S01,X_A2_U4_P5_L5_I5_T5__S01,U4,P5,
X_A2_U4_P5_L5_I6_T1,uwb_only_control_repeated_for_matrix,Phase4 L5 single-I position row.,34,17,40661,121.26515886980397,190.21317773769525,206.01317577910808,132.51011487261465,40661,74.72473574617716,146.61825494103508,166.24106170361216,94.61737754027065,40661,71.37836773641357,150.01667628913333,167.36708210250458,92.77112918874825,117.52643786212325,196.09781144925196,128.67973062981932,141.57080473911955,153.2947379217777,84.3842190217145,58.798533046425774,50.18011747303973,82.73945620959884,46.53049084865163,81.0547689559544,nan,nan,nan,nan,nan,nan,nan,nan,17,235.77481399931958,42.76154110255925,579.6134717700086,A2,L5,I6,T1,uwb_only,S01,X_A2_U4_P5_L5_I6_T1__S01,U4,P5,
X_A2_U4_P5_L5_I6_T2,position_prior_screening,Phase4 L5 single-I position row.,34,17,40661,106.39374036012758,169.95017182266295,187.6591054497344,118.6458024001093,40661,67.9107828673283,123.66237112586562,140.817684017312,82.91396700368718,40661,64.21091626671898,137.2805241407857,158.79021019441916,84.86519017169086,109.28061154480909,167.74719996859903,115.93440642736377,112.1747090262256,130.80884316107287,77.7425514536156,55.336213670681666,50.92634184957353,59.942665155350824,60.077545637830966,103.46570452966208,nan,nan,nan,1.0,0.51897854161936,1.7961842183507595,nan,nan,17,58.013394640990285,37.38503825424709,86.71383842883955,A2,L5,I6,T2,position_fusion,S01,X_A2_U4_P5_L5_I6_T2__S01,U4,P5,
X_A2_U4_P5_L5_I6_T3,loose_ekf_screening,Phase4 L5 single-I position row.,34,17,40661,118.6295215953616,184.99438364891134,199.72704213446553,129.2011408962605,40661,73.33372890622144,141.08750411911487,159.54104063417864,91.57380545905039,40661,70.27418176587776,147.5793920458782,164.6901496348828,91.14369403663294,115.7044524759313,190.19700887800673,125.22089786494936,133.58000472843727,148.1974728162008,81.60533785927913,56.83361809163071,50.03676943584264,79.21529266959698,50.1381698494399,89.94202708241639,nan,nan,nan,1.0,0.07963047031755735,0.40185449223100767,nan,nan,17,240.85945346313196,41.914427877987634,460.66268164009216,A2,L5,I6,T3,position_fusion,S01,X_A2_U4_P5_L5_I6_T3__S01,U4,P5,
X_A2_U4_P5_L5_I6_T4,loose_ukf_screening,Phase4 L5 single-I position row.,34,17,40661,117.82299219728414,183.63630085502237,198.42627546585405,128.23611826685516,40661,72.97172440239575,139.3278344898272,157.62631790478073,90.71790241347796,40661,69.86390256365053,146.712146490245,163.91944555932446,90.63533643038762,115.33474401022642,187.7266811166663,124.23953672032499,130.86776806215096,146.22737058827545,81.62455811576535,55.73263944874192,50.266053145687465,77.96255250088086,50.13871471851383,89.23111595926358,nan,nan,nan,1.0,0.12224093372598262,0.5792522446477791,nan,nan,17,238.96408134135984,42.15286162283769,563.5917258549144,A2,L5,I6,T4,position_fusion,S01,X_A2_U4_P5_L5_I6_T4__S01,U4,P5,
X_A2_U4_P5_L5_I6_T5,error_state_ekf_screening,Phase4 L5 single-I position row.,34,17,40661,120.15899499729852,187.78296483593616,203.08322577799063,130.9484745088096,40661,73.9159484416131,144.10808617052237,162.64529210745346,93.15527061128367,40661,70.87314522470069,149.0851688500909,166.33850738961496,92.03042178281518,116.63759350606787,193.05052385587777,127.04353054924721,137.3061539161387,151.9202433375225,84.05802360404672,58.34609161363308,50.64024480760543,81.38069327450077,50.15134493222749,90.86015106026528,nan,nan,nan,1.0,0.03962352979926124,0.2528937902177151,nan,nan,17,240.4132998452515,41.85239931143684,533.2122944085231,A2,L5,I6,T5,position_fusion,S01,X_A2_U4_P5_L5_I6_T5__S01,U4,P5,
X_A2_U4_P5_L5_I7_T1,uwb_only_control_repeated_for_matrix,Phase4 L5 single-I position row.,34,17,40661,121.26515886980397,190.21317773769525,206.01317577910808,132.51011487261465,40661,74.72473574617716,146.61825494103508,166.24106170361216,94.61737754027065,40661,71.37836773641357,150.01667628913333,167.36708210250458,92.77112918874825,117.52643786212325,196.09781144925196,128.67973062981932,141.57080473911955,153.2947379217777,84.3842190217145,58.798533046425774,50.18011747303973,82.73945620959884,46.53049084865163,81.0547689559544,nan,nan,nan,nan,nan,nan,nan,nan,17,235.77481399931958,42.76154110255925,579.6134717700086,A2,L5,I7,T1,uwb_only,S01,X_A2_U4_P5_L5_I7_T1__S01,U4,P5,
X_A2_U4_P5_L5_I7_T2,position_prior_screening,Phase4 L5 single-I position row.,34,17,40661,111.74952558681338,176.24139516567692,190.83810104066714,122.7464680025269,40661,74.55451617164621,134.7504635439643,151.36654402021233,88.76118951048383,40661,64.7237983344836,136.4670797391925,155.59873365797057,84.78293840024261,111.2143584767954,182.84151656779298,122.28779551141024,122.95185162382185,143.66511739648186,75.51990346183302,50.75743701017081,40.07056804890476,68.17448900707578,65.03842368227458,116.99263389492127,nan,nan,nan,1.0,0.44073384607654265,1.5417623944726766,nan,nan,17,72.61022712291663,37.86957738328931,151.20256557207966,A2,L5,I7,T2,position_fusion,S01,X_A2_U4_P5_L5_I7_T2__S01,U4,P5,
X_A2_U4_P5_L5_I7_T3,loose_ekf_screening,Phase4 L5 single-I position row.,34,17,40661,118.9649388480283,186.72492625034832,201.7742051507643,129.9812852007162,40661,74.3425315925413,142.8514641701404,161.9025150040137,92.79856701389562,40661,70.2588298839853,147.26113825420953,164.7654389142117,91.01406738849468,116.61544572533418,191.9956340497862,127.38451424920778,138.30817530524845,151.2657391551058,83.50892427658421,61.08486296677127,46.533333258720404,80.63738905775918,50.112993909389786,90.79016484777088,nan,nan,nan,1.0,0.05441284696199659,0.3012477971317469,nan,nan,17,199.97931500922545,41.65978667320644,480.5618152901096,A2,L5,I7,T3,position_fusion,S01,X_A2_U4_P5_L5_I7_T3__S01,U4,P5,
X_A2_U4_P5_L5_I7_T4,loose_ukf_screening,Phase4 L5 single-I position row.,34,17,40661,118.2402212091112,185.51406285881023,200.6428785702964,129.27342849635895,40661,74.46040213331717,141.72106318705985,160.65039715895713,92.321954788754,40661,69.7633932226322,146.41034387754144,164.03535061715775,90.48909315042609,115.11770173546509,190.9178787611867,126.9594008240677,136.79805423020815,150.7038753225401,82.60343786210277,60.91052064272029,46.42437322030082,79.85683528120362,50.1065883294976,90.47357424109904,nan,nan,nan,1.0,0.08533584867677807,0.43919236992534894,nan,nan,17,185.1424635372092,41.82673896160384,430.0120795730829,A2,L5,I7,T4,position_fusion,S01,X_A2_U4_P5_L5_I7_T4__S01,U4,P5,
X_A2_U4_P5_L5_I7_T5,error_state_ekf_screening,Phase4 L5 single-I position row.,34,17,40661,120.29398125739179,188.7278449052006,204.13077391408936,131.31782876120286,40661,74.36380760359324,145.04373497933312,163.84781669091794,93.72976265933409,40661,70.83720613088076,148.79270148804426,166.20837489993824,91.97338605477943,116.98201913596098,194.50138955330294,128.1343956638733,141.28751258374427,151.02547039804136,84.9902376507207,60.56897971165193,48.11487733203853,82.02107863222443,50.11768801378778,90.97840587384931,nan,nan,nan,1.0,0.028216765440682842,0.18247483317175317,nan,nan,17,223.99007824740585,42.28479072096434,555.3983453868279,A2,L5,I7,T5,position_fusion,S01,X_A2_U4_P5_L5_I7_T5__S01,U4,P5,
X_A2_U4_P5_L5_I8_T1,uwb_only_control_repeated_for_matrix,Phase4 L5 single-I position row.,34,17,40661,121.26515886980397,190.21317773769525,206.01317577910808,132.51011487261465,40661,74.72473574617716,146.61825494103508,166.24106170361216,94.61737754027065,40661,71.37836773641357,150.01667628913333,167.36708210250458,92.77112918874825,117.52643786212325,196.09781144925196,128.67973062981932,141.57080473911955,153.2947379217777,84.3842190217145,58.798533046425774,50.18011747303973,82.73945620959884,46.53049084865163,81.0547689559544,nan,nan,nan,nan,nan,nan,nan,nan,17,235.77481399931958,42.76154110255925,579.6134717700086,A2,L5,I8,T1,uwb_only,S01,X_A2_U4_P5_L5_I8_T1__S01,U4,P5,
X_A2_U4_P5_L5_I8_T2,position_prior_screening,Phase4 L5 single-I position row.,34,17,40661,107.81541416790233,173.00438856383605,188.185001828721,120.10702615163422,40661,67.164884260015,125.47806426478996,140.04929599240367,82.08041135265425,40661,68.30773443626674,138.8279739743125,158.7529220907552,87.684113744557,103.75654610570096,171.90104362341003,118.83779201763338,118.06021611906198,139.00473204362515,73.53496792172501,51.35260326416244,51.24914283979439,61.849198467804854,61.09293406218682,107.50427106947515,nan,nan,nan,1.0,0.5361581022555559,1.745719857625685,nan,nan,17,77.64937426924115,37.80425710832964,166.56210226982975,A2,L5,I8,T2,position_fusion,S01,X_A2_U4_P5_L5_I8_T2__S01,U4,P5,
X_A2_U4_P5_L5_I8_T3,loose_ekf_screening,Phase4 L5 single-I position row.,34,17,40661,118.71856771007975,186.16617755123772,201.08791824177987,129.5194411648708,40661,72.78775868520658,140.64431323496405,158.78791996899054,91.37984149357933,40661,70.93713934194102,147.8684468639981,165.3407879077506,91.78785436139549,113.35577807516265,190.48946253531724,124.77320661905517,131.99490423946565,150.22565680011934,81.10877316185703,57.766024821229166,50.27483250930152,79.59641278074861,51.91688019450079,90.96199762624369,nan,nan,nan,1.0,0.07555977093484312,0.38934735567067835,nan,nan,17,208.36029542744524,41.84159290941716,439.36587125195814,A2,L5,I8,T3,position_fusion,S01,X_A2_U4_P5_L5_I8_T3__S01,U4,P5,
X_A2_U4_P5_L5_I8_T4,loose_ukf_screening,Phase4 L5 single-I position row.,34,17,40661,117.86500835374733,184.87250217403425,199.80513919943945,128.65347541366327,40661,72.23826543318576,139.22028563473668,156.98027772744643,90.474286943169,40661,70.65418453802226,147.18538336280835,164.74511774363782,91.46649735361675,112.91288069758585,188.88394370265877,123.6056047680453,129.87137292411177,148.24232070515285,80.991354834561,57.057121913880906,48.55319829363276,78.51438836095733,54.58721746513448,98.49856008745417,nan,nan,nan,1.0,0.11852085184880126,0.5598152250332824,nan,nan,17,187.13436173576068,42.08082073720817,391.6825882023422,A2,L5,I8,T4,position_fusion,S01,X_A2_U4_P5_L5_I8_T4__S01,U4,P5,
X_A2_U4_P5_L5_I8_T5,error_state_ekf_screening,Phase4 L5 single-I position row.,34,17,40661,120.1150212366988,188.42525738292633,203.7488057531212,131.09608534625335,40661,73.71021452244025,143.94093763183395,162.5714613618626,93.06661240380075,40661,71.23216379132816,149.19104470334435,166.5982453747297,92.3297852742703,115.47419812544923,194.47742585703958,126.86016938702437,136.965439658126,151.8995852825352,83.58080503214832,58.72847806706753,50.13525489275696,81.54599517206688,50.20257356681104,90.74699970687288,nan,nan,nan,1.0,0.03882858690918506,0.22592104341237346,nan,nan,17,230.69218021834106,41.97667762324477,521.9686953770067,A2,L5,I8,T5,position_fusion,S01,X_A2_U4_P5_L5_I8_T5__S01,U4,P5,
X_A3_U4_P0_L5_I0_T1,uwb_only_control_repeated_for_matrix,Phase4 L5 single-I position row.,34,17,40661,107.68179187688538,181.3030731950052,207.96216618655131,127.75628339746346,40661,62.85757509799076,123.23541872980444,145.69708410145554,81.4299903060001,40661,68.65419470835445,154.1082377845364,179.43517169678944,98.44198609484538,110.5036825740302,200.7083769132019,125.7255834823104,139.5323020519587,176.54631896422873,94.43849725422734,62.92148172082817,48.81392203316733,27.95831082162576,96.43460586577636,173.70670450609043,nan,nan,nan,nan,nan,nan,nan,nan,17,34.05955451680616,18.80783902035762,79.00957952292977,A3,L5,I0,T1,uwb_only,S01,X_A3_U4_P0_L5_I0_T1__S01,U4,P0,
X_A3_U4_P0_L5_I0_T2,position_prior_screening,Phase4 L5 single-I position row.,34,17,40661,95.64143454326127,158.15599519753326,177.1954018488363,110.22933586192418,40661,52.711419346753395,101.85579978971049,119.84611903870183,67.01744373752608,40661,65.31721534897429,140.14517848124513,157.81912909532457,87.51667680761427,95.78429596051365,167.21213824741324,107.73454398681238,107.54105342558898,151.59394109835682,93.67875217881874,66.25172684238265,46.702291056877584,24.81147330851647,81.81538070240677,141.40966216620492,nan,nan,nan,1.0,0.5137734985794079,2.068176835651072,nan,nan,17,131.10060769283507,19.898446684084547,321.9323095571232,A3,L5,I0,T2,position_fusion,S01,X_A3_U4_P0_L5_I0_T2__S01,U4,P0,
X_A3_U4_P0_L5_I0_T3,loose_ekf_screening,Phase4 L5 single-I position row.,34,17,40661,103.04713213586966,172.19772453848617,195.6472441061713,120.9069450034584,40661,58.97907962648231,115.29883567022672,136.25626379802614,76.05953463478023,40661,67.13047906042186,148.20721803295828,171.1337025361845,93.98636359179974,104.8854218066107,189.47880393893723,119.29935337431539,128.06329003868535,165.89582947152468,93.08816636814237,61.36109478373144,46.32749306487074,26.94790045315554,88.786287104491,160.53119471290884,nan,nan,nan,1.0,0.13939351738901032,0.6504588639823594,nan,nan,17,50.35968605406561,18.55805748331568,128.44026615114083,A3,L5,I0,T3,position_fusion,S01,X_A3_U4_P0_L5_I0_T3__S01,U4,P0,
X_A3_U4_P0_L5_I0_T4,loose_ukf_screening,Phase4 L5 single-I position row.,34,17,40661,101.78252538405341,169.82104774060258,192.8055712140102,119.14388007574124,40661,57.94203238547442,113.10996476123907,133.8703067338932,74.63489955325663,40661,66.62642292647035,146.74767056763085,168.8220484831254,92.87031779948803,103.56328196518827,185.6027080218803,117.81161266835295,124.22810540115196,162.60553519121186,92.24090591782688,61.81129621639954,48.27322527095146,26.662775781408868,86.30788956249658,155.2093027735112,nan,nan,nan,1.0,0.2011296865038727,0.9234016302409885,nan,nan,17,56.870966220843215,18.46809787285821,146.37969885725718,A3,L5,I0,T4,position_fusion,S01,X_A3_U4_P0_L5_I0_T4__S01,U4,P0,
X_A3_U4_P0_L5_I0_T5,error_state_ekf_screening,Phase4 L5 single-I position row.,34,17,40661,105.53331032846118,177.1169083160216,202.56346560714312,124.64416281665078,40661,61.14929817125981,119.74479655970252,141.4883343853735,79.0178959805713,40661,67.9733044835308,151.24732430454196,175.7308247881033,96.3967812692279,108.32649867512978,195.89965291122672,122.89304827463481,133.68916762373777,171.6647289635187,94.73055002665113,62.59545794078214,46.51359846825386,27.51191524548588,94.2266061227086,165.47940648469424,nan,nan,nan,1.0,0.07746031421422296,0.3673538013429428,nan,nan,17,40.06285885148497,18.711581236178404,98.25086571533684,A3,L5,I0,T5,position_fusion,S01,X_A3_U4_P0_L5_I0_T5__S01,U4,P0,
X_A3_U4_P0_L5_I1_T1,uwb_only_control_repeated_for_matrix,Phase4 L5 single-I position row.,34,17,40661,107.68179187688538,181.3030731950052,207.96216618655131,127.75628339746346,40661,62.85757509799076,123.23541872980444,145.69708410145554,81.4299903060001,40661,68.65419470835445,154.1082377845364,179.43517169678944,98.44198609484538,110.5036825740302,200.7083769132019,125.7255834823104,139.5323020519587,176.54631896422873,94.43849725422734,62.92148172082817,48.81392203316733,27.95831082162576,96.43460586577636,173.70670450609043,nan,nan,nan,nan,nan,nan,nan,nan,17,34.05955451680616,18.80783902035762,79.00957952292977,A3,L5,I1,T1,uwb_only,S01,X_A3_U4_P0_L5_I1_T1__S01,U4,P0,
X_A3_U4_P0_L5_I1_T2,position_prior_screening,Phase4 L5 single-I position row.,34,17,40661,86.87880548973544,142.01413177533988,159.83546239149234,98.625752008711,40661,48.95745425367933,94.67761133460934,108.87516751054967,61.45671619738256,40661,56.73887187304376,124.2806810685579,141.46104910618305,77.13696256346978,85.05053127283202,144.76189299624627,94.22138520279213,103.055736039898,128.58555094623034,89.83721598098342,65.78607361546702,39.135344992157684,21.048020021712688,70.79275563468728,130.75968669379986,nan,nan,nan,1.0,0.6831793754423207,2.9998518159119167,nan,nan,17,292.8248346916664,21.752469139427774,614.4508269576202,A3,L5,I1,T2,position_fusion,S01,X_A3_U4_P0_L5_I1_T2__S01,U4,P0,
X_A3_U4_P0_L5_I1_T3,loose_ekf_screening,Phase4 L5 single-I position row.,34,17,40661,96.45067685676699,159.22319037160307,179.01460167006005,111.3074302049297,40661,54.51871026918564,105.87137020451138,124.53846397778193,69.58774474163171,40661,63.17411550165002,138.11747528423484,158.11391343236005,86.87283695493551,98.30175197185899,170.68782498709928,109.84739063398354,116.24595908127131,152.49913457920377,88.91736515306165,62.32898654506859,43.854189872226016,25.723672674914667,83.6353002180506,147.1080909141275,nan,nan,nan,1.0,0.2970910822126287,1.3745820509542972,nan,nan,17,95.93528565617238,18.623527481799897,241.73609973237646,A3,L5,I1,T3,position_fusion,S01,X_A3_U4_P0_L5_I1_T3__S01,U4,P0,
X_A3_U4_P0_L5_I1_T4,loose_ukf_screening,Phase4 L5 single-I position row.,34,17,40661,94.59281382237377,155.50691123197333,175.00732234951386,108.78369992187953,40661,53.20769414085731,103.21560126009547,121.21011327934056,67.78075346471279,40661,62.21003537257275,135.7330719162543,155.08413683795402,85.08620821525284,96.06251748438062,165.9412358035142,107.57982781555245,113.66671982577752,147.780440401316,89.01115552845734,61.703213223978636,42.176725776829244,25.393690610482707,82.72966050016882,143.8352838684386,nan,nan,nan,1.0,0.3930542089874274,1.7708474812007111,nan,nan,17,117.41447856628233,19.518845996229402,289.75013987496044,A3,L5,I1,T4,position_fusion,S01,X_A3_U4_P0_L5_I1_T4__S01,U4,P0,
X_A3_U4_P0_L5_I1_T5,error_state_ekf_screening,Phase4 L5 single-I position row.,34,17,40661,101.08381958042031,168.1971067354079,190.63616493519257,118.06051644820215,40661,58.015443123622134,112.70599966047986,133.30735245098174,74.44876682050923,40661,65.56428303875146,144.9748253842431,166.8495543116336,91.62787055760738,103.1946633302048,183.50108353819664,116.40562457883956,125.11523724575733,162.83173133003208,91.37153579975714,63.17526769831291,45.00982832917663,26.574108843529984,85.69930214964643,154.7540938549007,nan,nan,nan,1.0,0.21620684913191507,1.0291178032598438,nan,nan,17,58.84096460910647,18.459599941561464,151.02672282931988,A3,L5,I1,T5,position_fusion,S01,X_A3_U4_P0_L5_I1_T5__S01,U4,P0,
X_A3_U4_P0_L5_I2_T1,uwb_only_control_repeated_for_matrix,Phase4 L5 single-I position row.,34,17,40661,107.68179187688538,181.3030731950052,207.96216618655131,127.75628339746346,40661,62.85757509799076,123.23541872980444,145.69708410145554,81.4299903060001,40661,68.65419470835445,154.1082377845364,179.43517169678944,98.44198609484538,110.5036825740302,200.7083769132019,125.7255834823104,139.5323020519587,176.54631896422873,94.43849725422734,62.92148172082817,48.81392203316733,27.95831082162576,96.43460586577636,173.70670450609043,nan,nan,nan,nan,nan,nan,nan,nan,17,34.05955451680616,18.80783902035762,79.00957952292977,A3,L5,I2,T1,uwb_only,S01,X_A3_U4_P0_L5_I2_T1__S01,U4,P0,
X_A3_U4_P0_L5_I2_T2,position_prior_screening,Phase4 L5 single-I position row.,34,17,40661,87.87886290170296,145.38252838050573,163.8494825269652,100.47310750687225,40661,49.603457926535626,95.06622445614187,110.43690276599945,62.3169708126806,40661,58.15487977524276,126.59870014695048,144.32854874305553,78.81269238402544,86.92848720651622,151.1466614547285,100.04579535208265,97.26694116067296,128.2634353564183,92.07827802376377,66.84410746378504,42.81935117636084,21.003965302330926,76.35401589361064,133.67552375192093,nan,nan,nan,1.0,0.7534873264728446,3.075332891970648,nan,nan,17,181.42071634453663,22.699278832229027,462.65403454689516,A3,L5,I2,T2,position_fusion,S01,X_A3_U4_P0_L5_I2_T2__S01,U4,P0,
X_A3_U4_P0_L5_I2_T3,loose_ekf_screening,Phase4 L5 single-I position row.,34,17,40661,96.15128342855077,158.73399369213269,178.5390139308852,111.1519918306238,40661,54.44115851767608,105.46994499938623,124.16157560588493,69.40878208608933,40661,63.08386949822125,137.8658099412786,158.03007159199672,86.81696986903441,98.78147082242693,169.84338880088592,109.92250124463908,115.15357455277658,153.26856186905468,86.6358983488509,66.35479983165615,45.85126888987247,25.590883980206286,83.57554178628882,145.87137301188199,nan,nan,nan,1.0,0.3073412224945888,1.4641491072122208,nan,nan,17,95.2838767612798,18.85679124869597,244.71976435717878,A3,L5,I2,T3,position_fusion,S01,X_A3_U4_P0_L5_I2_T3__S01,U4,P0,
X_A3_U4_P0_L5_I2_T4,loose_ukf_screening,Phase4 L5 single-I position row.,34,17,40661,94.50394211224688,155.28963337170023,174.39934342223842,108.73975297456496,40661,53.18239438867547,102.55281655063068,120.52774190873043,67.65680601843012,40661,62.066808791928,135.53897676136626,154.86190620828995,85.12867011973069,97.01018790217799,165.58739183231876,107.76020364614462,111.95641813947094,149.17770451241523,86.53588102817645,67.35473273341728,45.99676292198927,25.222450881208204,82.58465837631084,143.79400523155445,nan,nan,nan,1.0,0.4021938293997446,1.8977860599858727,nan,nan,17,113.11505787814853,19.767695792028178,289.18963601584124,A3,L5,I2,T4,position_fusion,S01,X_A3_U4_P0_L5_I2_T4__S01,U4,P0,
X_A3_U4_P0_L5_I2_T5,error_state_ekf_screening,Phase4 L5 single-I position row.,34,17,40661,100.95787344011188,167.84752372715073,190.57143076080672,117.78749565455861,40661,57.850524183770766,112.24501215635682,132.72728688551973,74.22655450589264,40661,65.54920740513649,144.70593575512885,166.47524185562634,91.45661670298335,103.23849425900092,183.85220401754407,115.81004477326078,122.95848888997864,162.7600865776599,90.72452840626146,64.13038597865332,48.30969504170287,26.48579276968249,85.62644566732101,153.61347162082814,nan,nan,nan,1.0,0.2229838023709716,1.0662534963080454,nan,nan,17,59.93128843027538,18.43812938500639,154.46049270770646,A3,L5,I2,T5,position_fusion,S01,X_A3_U4_P0_L5_I2_T5__S01,U4,P0,
X_A3_U4_P0_L5_I3_T1,uwb_only_control_repeated_for_matrix,Phase4 L5 single-I position row.,34,17,40661,107.68179187688538,181.3030731950052,207.96216618655131,127.75628339746346,40661,62.85757509799076,123.23541872980444,145.69708410145554,81.4299903060001,40661,68.65419470835445,154.1082377845364,179.43517169678944,98.44198609484538,110.5036825740302,200.7083769132019,125.7255834823104,139.5323020519587,176.54631896422873,94.43849725422734,62.92148172082817,48.81392203316733,27.95831082162576,96.43460586577636,173.70670450609043,nan,nan,nan,nan,nan,nan,nan,nan,17,34.05955451680616,18.80783902035762,79.00957952292977,A3,L5,I3,T1,uwb_only,S01,X_A3_U4_P0_L5_I3_T1__S01,U4,P0,
X_A3_U4_P0_L5_I3_T2,position_prior_screening,Phase4 L5 single-I position row.,34,17,40661,84.10016814758352,136.28454624026475,152.27215215598977,95.10317880099944,40661,48.01182671391094,88.9881018936822,104.16112287642477,59.10595665817182,40661,57.68565348267123,118.50413992148947,133.92773659490473,74.5057078724656,81.73596144378065,136.64477030621316,92.75329995527389,94.74539399374041,123.19037186199212,90.8841585213942,65.88203684593219,39.261557506218026,20.711798896901712,69.48077036106153,126.9862022610049,nan,nan,nan,1.0,0.7121875263811079,3.0078028546589817,nan,nan,17,346.453814021304,21.66185648501761,759.376919538703,A3,L5,I3,T2,position_fusion,S01,X_A3_U4_P0_L5_I3_T2__S01,U4,P0,
X_A3_U4_P0_L5_I3_T3,loose_ekf_screening,Phase4 L5 single-I position row.,34,17,40661,95.14252794591687,156.09040505685164,175.95636953903707,109.4119463483008,40661,53.51944006108412,103.53784347027636,121.66558016338503,68.16668922847532,40661,62.660803726724225,136.00406397437678,155.42490228114434,85.58198690934863,97.60156163229999,167.329413950829,108.12557028823184,114.15393191962785,151.25005469860596,91.35670966691119,63.66038846579865,43.9293685918646,25.537630018365434,83.01890783190191,145.16014199785434,nan,nan,nan,1.0,0.32409012165958256,1.4858073326735683,nan,nan,17,110.4768724307312,19.36194471399358,274.57886317430723,A3,L5,I3,T3,position_fusion,S01,X_A3_U4_P0_L5_I3_T3__S01,U4,P0,
X_A3_U4_P0_L5_I3_T4,loose_ukf_screening,Phase4 L5 single-I position row.,34,17,40661,93.24270106815318,152.49103000478374,171.37771503821241,106.82648002832777,40661,52.132228749633065,100.75667337660484,118.02880293472742,66.30580380325277,40661,61.77221255528934,133.5353734155783,151.6586558408087,83.75820686504255,95.38266528494954,162.48025594436558,105.83043398746636,111.45446510096231,147.17993943302497,88.63708111870615,64.42139706320748,44.12272908995351,25.099321162521733,81.1964795408897,142.66401121501588,nan,nan,nan,1.0,0.4302447530175202,1.951857772869506,nan,nan,17,135.99551510968166,19.80553459601532,329.77040461475394,A3,L5,I3,T4,position_fusion,S01,X_A3_U4_P0_L5_I3_T4__S01,U4,P0,
X_A3_U4_P0_L5_I3_T5,error_state_ekf_screening,Phase4 L5 single-I position row.,34,17,40661,100.07528299841556,165.94088138669792,187.8897910858416,116.4459210757188,40661,57.208193809146714,110.99685339783163,131.13381804272964,73.25895075279973,40661,65.01575858027536,143.14878511359575,165.08292714292133,90.5139694730675,102.2873673825251,182.14357517339542,114.6337865401793,122.60159555125604,160.62089027249237,91.73136234216487,63.11839823992009,47.61575370436577,26.298833913482127,85.24303076286198,152.36662057356136,nan,nan,nan,1.0,0.24502330532588773,1.1947269374101768,nan,nan,17,65.45836554695093,18.376695891398356,168.17485780780453,A3,L5,I3,T5,position_fusion,S01,X_A3_U4_P0_L5_I3_T5__S01,U4,P0,
X_A3_U4_P0_L5_I4_T1,uwb_only_control_repeated_for_matrix,Phase4 L5 single-I position row.,34,17,40661,107.68179187688538,181.3030731950052,207.96216618655131,127.75628339746346,40661,62.85757509799076,123.23541872980444,145.69708410145554,81.4299903060001,40661,68.65419470835445,154.1082377845364,179.43517169678944,98.44198609484538,110.5036825740302,200.7083769132019,125.7255834823104,139.5323020519587,176.54631896422873,94.43849725422734,62.92148172082817,48.81392203316733,27.95831082162576,96.43460586577636,173.70670450609043,nan,nan,nan,nan,nan,nan,nan,nan,17,34.05955451680616,18.80783902035762,79.00957952292977,A3,L5,I4,T1,uwb_only,S01,X_A3_U4_P0_L5_I4_T1__S01,U4,P0,
X_A3_U4_P0_L5_I4_T2,position_prior_screening,Phase4 L5 single-I position row.,34,17,40661,84.47368460859346,139.01037330534223,157.11344271304824,96.02821621525965,40661,47.67664943469251,90.40008406066741,104.62417718594182,59.1511845941918,40661,57.73848612940674,121.5046149992379,140.41403068563625,75.64757544421701,84.86403847633255,143.2060040703931,92.88933899182753,88.66047371826413,120.55132056697457,86.10796287957709,61.73028746691426,46.86315196737678,19.893365363727668,70.29072945354281,125.78313787889687,nan,nan,nan,1.0,0.7370592500419448,2.9767156307797116,nan,nan,17,431.8484478209423,22.47918504918971,794.9423526155763,A3,L5,I4,T2,position_fusion,S01,X_A3_U4_P0_L5_I4_T2__S01,U4,P0,
X_A3_U4_P0_L5_I4_T3,loose_ekf_screening,Phase4 L5 single-I position row.,34,17,40661,94.34853110477736,155.72774428411563,174.77684946792488,108.74536276491109,40661,53.37695068702059,102.8206137732668,120.22869923706973,67.70625129283894,40661,62.412440797522095,135.99573328054294,154.80761827398214,85.0965184877916,95.69809164091576,167.1540836322941,107.61477037763615,112.96402910138757,148.70199386956486,89.73531709948176,62.91319230126685,48.38288213696745,25.289264865939344,82.6999054119886,143.9692648654509,nan,nan,nan,1.0,0.33479572204532404,1.5725973404462308,nan,nan,17,119.91509950694882,19.63853679626567,293.95332678247945,A3,L5,I4,T3,position_fusion,S01,X_A3_U4_P0_L5_I4_T3__S01,U4,P0,
X_A3_U4_P0_L5_I4_T4,loose_ukf_screening,Phase4 L5 single-I position row.,34,17,40661,92.5303538130843,152.50376305397566,170.41195946445842,106.25111447213152,40661,52.25092632861657,99.92070682262593,116.97809390109336,65.89981831064425,40661,61.448426220306146,133.70170569347886,151.58857921043682,83.34574538147747,94.98286109784067,162.4173208084713,104.98101566848291,109.18237974437055,144.93974453131733,86.82604310128612,63.5806955944593,46.89048349221059,24.73261943595986,80.7665906301907,141.72576717809352,nan,nan,nan,1.0,0.440072719015322,2.0176478819082524,nan,nan,17,148.6161515452854,20.03646582686821,353.1141023262306,A3,L5,I4,T4,position_fusion,S01,X_A3_U4_P0_L5_I4_T4__S01,U4,P0,
X_A3_U4_P0_L5_I4_T5,error_state_ekf_screening,Phase4 L5 single-I position row.,34,17,40661,99.45772054079339,165.06497395550215,186.71326820501122,115.71734678872355,40661,56.92890854858751,110.11648651573987,130.25927607113312,72.75488280785133,40661,64.785845120369,142.51527469827465,164.13531362958838,89.98461743785725,100.81533526519611,179.80763772888213,114.28022600108656,120.37661241405172,160.18212483773289,92.26622984579565,62.320726614302316,49.208297416240384,26.130052868417238,85.00914930927846,150.0974728234736,nan,nan,nan,1.0,0.26339890828024953,1.2811981349256234,nan,nan,17,69.53213301191607,18.306155775427953,178.35828454389863,A3,L5,I4,T5,position_fusion,S01,X_A3_U4_P0_L5_I4_T5__S01,U4,P0,
X_A3_U4_P0_L5_I5_T1,uwb_only_control_repeated_for_matrix,Phase4 L5 single-I position row.,34,17,40661,107.68179187688538,181.3030731950052,207.96216618655131,127.75628339746346,40661,62.85757509799076,123.23541872980444,145.69708410145554,81.4299903060001,40661,68.65419470835445,154.1082377845364,179.43517169678944,98.44198609484538,110.5036825740302,200.7083769132019,125.7255834823104,139.5323020519587,176.54631896422873,94.43849725422734,62.92148172082817,48.81392203316733,27.95831082162576,96.43460586577636,173.70670450609043,nan,nan,nan,nan,nan,nan,nan,nan,17,34.05955451680616,18.80783902035762,79.00957952292977,A3,L5,I5,T1,uwb_only,S01,X_A3_U4_P0_L5_I5_T1__S01,U4,P0,
X_A3_U4_P0_L5_I5_T2,position_prior_screening,Phase4 L5 single-I position row.,34,17,40661,80.79602693924346,129.2303273260605,145.1685862115163,90.38099493107048,40661,46.33520921900952,87.91634664554576,102.14563144832363,57.7355810446265,40661,55.16607762139097,110.46020126962344,126.05003925690858,69.53651505626057,83.21131237661322,133.63358815011821,89.5829312789136,95.414228970588,113.13751936197693,78.05707069327354,59.3904348692192,39.52891424235406,17.177710502705935,64.07131867558432,109.61556783666427,nan,nan,nan,1.0,0.8063303036967163,3.4020135188155303,nan,nan,17,325.7956998653308,23.516293028157122,862.3458669649457,A3,L5,I5,T2,position_fusion,S01,X_A3_U4_P0_L5_I5_T2__S01,U4,P0,
X_A3_U4_P0_L5_I5_T3,loose_ekf_screening,Phase4 L5 single-I position row.,34,17,40661,91.40461794541311,148.74591983514892,166.62505669508622,104.20738962648495,40661,50.862178546656224,98.26047583214647,115.23296257521136,64.59682855889315,40661,60.619458492324156,130.80284312074264,148.48655102421208,81.77059247002562,94.83922273862152,157.8507535330176,103.71244345410858,106.70768847116494,140.63646170088003,86.47862973726646,66.60301344778091,40.54981224497715,24.247849859767484,78.53220356138024,138.42839479487884,nan,nan,nan,1.0,0.4077178260015011,1.8578948884882203,nan,nan,17,162.88082560469542,20.358593454320328,389.9464864292094,A3,L5,I5,T3,position_fusion,S01,X_A3_U4_P0_L5_I5_T3__S01,U4,P0,
X_A3_U4_P0_L5_I5_T4,loose_ukf_screening,Phase4 L5 single-I position row.,34,17,40661,89.30802281531902,145.26322240762266,162.46857337969863,101.50725808934399,40661,49.62198110641595,95.62213760468813,111.62944047963506,62.73677076431267,40661,59.81776485945716,127.60046704894216,144.83276791735943,79.79862805138177,92.70036669711459,153.14394647653774,100.91335930091742,102.1741430471358,136.05771682588954,86.10232710364066,66.21132236662872,41.53941451857395,23.24955006802088,74.845031615197,134.58931452325422,nan,nan,nan,1.0,0.525695437417191,2.336191082531113,nan,nan,17,200.359288999282,20.91452484383518,467.34515297704974,A3,L5,I5,T4,position_fusion,S01,X_A3_U4_P0_L5_I5_T4__S01,U4,P0,
X_A3_U4_P0_L5_I5_T5,error_state_ekf_screening,Phase4 L5 single-I position row.,34,17,40661,96.9591073252517,159.32228257832955,179.56164236100383,111.8339864840871,40661,54.74156966691374,106.36344588878289,125.28920792925726,70.00680093281007,40661,63.41190732712221,138.5028015243564,158.29420376255257,87.21174437010696,99.2851319291434,172.71586412195083,111.12587802107743,116.32035945864509,154.13684216029802,90.29286148485124,65.10492519856288,44.81683969801054,25.747623855873087,83.87271898301246,146.153105664233,nan,nan,nan,1.0,0.34472247980449167,1.5894462736869779,nan,nan,17,90.56035091871888,18.496624209122047,230.33101168967323,A3,L5,I5,T5,position_fusion,S01,X_A3_U4_P0_L5_I5_T5__S01,U4,P0,
X_A3_U4_P0_L5_I6_T1,uwb_only_control_repeated_for_matrix,Phase4 L5 single-I position row.,34,17,40661,107.68179187688538,181.3030731950052,207.96216618655131,127.75628339746346,40661,62.85757509799076,123.23541872980444,145.69708410145554,81.4299903060001,40661,68.65419470835445,154.1082377845364,179.43517169678944,98.44198609484538,110.5036825740302,200.7083769132019,125.7255834823104,139.5323020519587,176.54631896422873,94.43849725422734,62.92148172082817,48.81392203316733,27.95831082162576,96.43460586577636,173.70670450609043,nan,nan,nan,nan,nan,nan,nan,nan,17,34.05955451680616,18.80783902035762,79.00957952292977,A3,L5,I6,T1,uwb_only,S01,X_A3_U4_P0_L5_I6_T1__S01,U4,P0,
X_A3_U4_P0_L5_I6_T2,position_prior_screening,Phase4 L5 single-I position row.,34,17,40661,82.54144703478279,132.65726787026202,147.90923378311734,92.3301774054012,40661,47.60338699606876,86.81038357727418,100.07873718534394,57.72421802356845,40661,56.02124804110019,116.78941646874705,131.48326681437936,72.06092084674187,81.75804383843584,132.84503207474495,90.2484879826124,90.44087109488572,124.28375310269706,81.65578708768965,59.83104579831988,40.595012920044496,18.522603475309467,67.37359748937477,116.17852252278448,nan,nan,nan,1.0,0.8249321720976868,3.3395402076066905,nan,nan,17,241.58196820164935,22.49340392297114,620.3142300739216,A3,L5,I6,T2,position_fusion,S01,X_A3_U4_P0_L5_I6_T2__S01,U4,P0,
X_A3_U4_P0_L5_I6_T3,loose_ekf_screening,Phase4 L5 single-I position row.,34,17,40661,92.12690903752545,151.69117342957065,169.62136873664207,105.88691385182115,40661,51.72671270475279,99.66025273178857,116.94646213177327,65.56452355103558,40661,61.17330360977758,133.08798792275638,151.08897954680373,83.14644776891372,92.96945554776757,162.54968485112823,105.16342734148986,108.00509061367529,147.06328706733518,85.6160589402083,64.22991714392037,43.57484059550012,24.86460056334508,80.8176648326146,142.64639538788617,nan,nan,nan,1.0,0.3897302032849311,1.7665922243045027,nan,nan,17,140.47159171738502,20.044501227893477,340.95297471167,A3,L5,I6,T3,position_fusion,S01,X_A3_U4_P0_L5_I6_T3__S01,U4,P0,
X_A3_U4_P0_L5_I6_T4,loose_ukf_screening,Phase4 L5 single-I position row.,34,17,40661,90.18655191731051,148.1355034854241,165.24721438463615,103.20568933885048,40661,50.49997626342721,96.58570317771982,113.34029094828028,63.63528058931959,40661,60.188113889020656,130.5944854298075,147.9984798998844,81.25247920048888,91.12546750166455,158.00021226256177,102.74375219341263,104.54499724480632,143.55387225778668,84.58349542088666,63.14458302810225,41.85129327685593,23.933119004080595,77.21860093958216,135.55280885856214,nan,nan,nan,1.0,0.5025084104136528,2.2152500095783,nan,nan,17,171.25030870506097,20.537672205923627,405.7839867900934,A3,L5,I6,T4,position_fusion,S01,X_A3_U4_P0_L5_I6_T4__S01,U4,P0,
X_A3_U4_P0_L5_I6_T5,error_state_ekf_screening,Phase4 L5 single-I position row.,34,17,40661,97.7779717791885,161.8885441279413,182.48303092813717,113.40294238514984,40661,55.66641840177594,107.51341200546196,127.08793569066259,71.03200111811014,40661,63.88415379094954,140.20421733959904,160.89317425445688,88.40069094054874,99.30679804678826,175.8478248999843,112.14182566813037,118.13082642394419,156.79432895873794,91.5237732178378,62.51423369849729,46.97840651871729,25.945788701699172,84.37785432806365,147.84943611050784,nan,nan,nan,1.0,0.3097400924593231,1.4546012600388383,nan,nan,17,80.30745160251783,18.22552708151528,205.0829277784114,A3,L5,I6,T5,position_fusion,S01,X_A3_U4_P0_L5_I6_T5__S01,U4,P0,
X_A3_U4_P0_L5_I7_T1,uwb_only_control_repeated_for_matrix,Phase4 L5 single-I position row.,34,17,40661,107.68179187688538,181.3030731950052,207.96216618655131,127.75628339746346,40661,62.85757509799076,123.23541872980444,145.69708410145554,81.4299903060001,40661,68.65419470835445,154.1082377845364,179.43517169678944,98.44198609484538,110.5036825740302,200.7083769132019,125.7255834823104,139.5323020519587,176.54631896422873,94.43849725422734,62.92148172082817,48.81392203316733,27.95831082162576,96.43460586577636,173.70670450609043,nan,nan,nan,nan,nan,nan,nan,nan,17,34.05955451680616,18.80783902035762,79.00957952292977,A3,L5,I7,T1,uwb_only,S01,X_A3_U4_P0_L5_I7_T1__S01,U4,P0,
X_A3_U4_P0_L5_I7_T2,position_prior_screening,Phase4 L5 single-I position row.,34,17,40661,88.52978028779054,145.2195111685997,159.37610343965125,99.8622230803434,40661,49.965420237170285,90.1455655823265,104.3315316018865,60.24100070702194,40661,61.60562540472631,128.35693052295824,143.98995990300614,79.64600073051285,89.25280804413457,155.231056148863,101.55822593961688,94.70880989518062,135.9671853696255,79.82150196749132,59.20562749183462,41.351856076785566,20.861644153980137,75.16721373845186,131.92269857996263,nan,nan,nan,1.0,0.7250077985234273,3.0892944664210384,nan,nan,17,278.0035299481573,21.53738930354234,675.6383381530486,A3,L5,I7,T2,position_fusion,S01,X_A3_U4_P0_L5_I7_T2__S01,U4,P0,
X_A3_U4_P0_L5_I7_T3,loose_ekf_screening,Phase4 L5 single-I position row.,34,17,40661,96.28317642951669,158.26204302738657,177.85528638305723,110.91187573766402,40661,54.3936887940018,104.38127252468328,122.81163087894943,68.93807634145394,40661,63.813714784502736,138.29804135458107,157.736143509346,86.88489978118692,99.28627731339958,170.0976060840068,109.13917259049111,115.03193035352263,153.04646351011206,88.91128209517044,62.588082320215676,45.002135774103465,25.61345078405799,83.41120236071646,145.53482535785793,nan,nan,nan,1.0,0.31097900464746286,1.4493777848909406,nan,nan,17,100.2919791837053,18.862627423436834,253.58740664409228,A3,L5,I7,T3,position_fusion,S01,X_A3_U4_P0_L5_I7_T3__S01,U4,P0,
X_A3_U4_P0_L5_I7_T4,loose_ukf_screening,Phase4 L5 single-I position row.,34,17,40661,94.68979808197435,155.2251320166833,173.6898042104055,108.49268379322199,40661,53.15042750185891,101.1963478424679,119.04207877800393,67.0786910145549,40661,63.11320510588257,136.137042463125,154.3230339193194,85.2708135790314,97.51410123061282,166.52806237622485,105.74256993658562,111.9504679900622,149.32076519834237,85.68574426764027,63.163221598393626,43.32805060346402,25.24673034768017,82.4754757228007,144.43525450456445,nan,nan,nan,1.0,0.406354131711713,1.8791231992502313,nan,nan,17,122.78045979720478,19.79876458825322,304.6298576743312,A3,L5,I7,T4,position_fusion,S01,X_A3_U4_P0_L5_I7_T4__S01,U4,P0,
X_A3_U4_P0_L5_I7_T5,error_state_ekf_screening,Phase4 L5 single-I position row.,34,17,40661,100.94653606360505,167.5001820563803,189.63799828458087,117.57860769908183,40661,57.74263934745153,111.93000434102069,132.2254355031173,73.95409560273497,40661,65.79600652647525,144.53825790496307,166.3555038537121,91.40853752268507,103.64213443679132,183.33031489169724,115.68705557253224,123.48915658371365,162.33398338171173,90.03058527520673,61.409124925313776,46.710560765249056,26.48226881265066,85.53635144645487,154.23859353659154,nan,nan,nan,1.0,0.22740060435569764,1.0928819782651251,nan,nan,17,60.94301979083135,18.405357816661365,157.00603205924347,A3,L5,I7,T5,position_fusion,S01,X_A3_U4_P0_L5_I7_T5__S01,U4,P0,
X_A3_U4_P0_L5_I8_T1,uwb_only_control_repeated_for_matrix,Phase4 L5 single-I position row.,34,17,40661,107.68179187688538,181.3030731950052,207.96216618655131,127.75628339746346,40661,62.85757509799076,123.23541872980444,145.69708410145554,81.4299903060001,40661,68.65419470835445,154.1082377845364,179.43517169678944,98.44198609484538,110.5036825740302,200.7083769132019,125.7255834823104,139.5323020519587,176.54631896422873,94.43849725422734,62.92148172082817,48.81392203316733,27.95831082162576,96.43460586577636,173.70670450609043,nan,nan,nan,nan,nan,nan,nan,nan,17,34.05955451680616,18.80783902035762,79.00957952292977,A3,L5,I8,T1,uwb_only,S01,X_A3_U4_P0_L5_I8_T1__S01,U4,P0,
X_A3_U4_P0_L5_I8_T2,position_prior_screening,Phase4 L5 single-I position row.,34,17,40661,85.6490724266279,136.53546175337743,150.81052622084297,95.41394252396739,40661,49.27505739536777,90.1120371948326,104.26373713961252,59.932632927562686,40661,59.02595453046979,117.56005995577425,132.73139261150823,74.24217088917176,87.2646729655444,136.8146789024168,94.36557928013691,90.46836505326962,122.33365050468299,85.17322802716672,64.41852634412322,47.369884430180036,18.889481748357298,69.92296759303622,125.78030940312348,nan,nan,nan,1.0,0.8163430079365849,3.3431118896945264,nan,nan,17,323.0851300487114,22.53600656366973,732.5339368556768,A3,L5,I8,T2,position_fusion,S01,X_A3_U4_P0_L5_I8_T2__S01,U4,P0,
X_A3_U4_P0_L5_I8_T3,loose_ekf_screening,Phase4 L5 single-I position row.,34,17,40661,93.77515236430122,153.1376967978989,171.4449266713824,107.3670179536325,40661,52.86094369760935,101.10330704480273,118.46061721138156,66.82418152535446,40661,62.23668007892286,133.93785281494524,152.44101143865691,84.03692823825797,95.70127341171691,164.4376902764203,107.28610148709919,110.41570711937888,145.82595449752603,88.59304761461249,66.97830940595566,40.93226323671439,25.152009383652796,81.94434678103033,144.2104899512523,nan,nan,nan,1.0,0.3690260077401653,1.6560003270057124,nan,nan,17,131.70807843937956,19.787033199694918,323.48104538304597,A3,L5,I8,T3,position_fusion,S01,X_A3_U4_P0_L5_I8_T3__S01,U4,P0,
X_A3_U4_P0_L5_I8_T4,loose_ukf_screening,Phase4 L5 single-I position row.,34,17,40661,91.92492354783552,149.85573675257032,167.2651499489859,104.85589917614504,40661,51.77470358489293,98.36008474230128,114.79236827953754,65.05604367235534,40661,61.2701443181536,131.52693729721352,148.94031156391986,82.23424331589906,94.09668479230825,160.52959214848926,104.99475537603004,107.59337100935409,141.00907345837894,86.6131161070006,66.82042946897924,37.584111155971186,24.282386983560144,78.62460435569918,138.57777095433875,nan,nan,nan,1.0,0.4731955190662833,2.0898451184739537,nan,nan,17,162.1322689020131,20.229203354196272,387.76224739416307,A3,L5,I8,T4,position_fusion,S01,X_A3_U4_P0_L5_I8_T4__S01,U4,P0,
X_A3_U4_P0_L5_I8_T5,error_state_ekf_screening,Phase4 L5 single-I position row.,34,17,40661,98.83381728949186,163.2287966641476,184.09291330376894,114.50124358151523,40661,56.3392005190369,108.81120282284714,128.45879946901542,71.92011264728731,40661,64.4766140928183,141.2358237233683,162.21208968065275,89.09563501381527,100.42511272957185,176.22396542939504,113.4291183509311,118.95066459122091,158.08896381385068,92.60367921109028,64.89574566166263,46.77166809625305,26.042940098446508,84.65764322119058,147.90582103934517,nan,nan,nan,1.0,0.2920962768192437,1.4019612775674641,nan,nan,17,75.54480150052203,18.250600101744624,194.22397794826992,A3,L5,I8,T5,position_fusion,S01,X_A3_U4_P0_L5_I8_T5__S01,U4,P0,
X_A3_U4_P1_L5_I0_T1,uwb_only_control_repeated_for_matrix,Phase4 L5 single-I position row.,34,17,40661,95.96987801903528,155.35035499921074,172.44672484224583,107.76802300659475,40661,54.39547697991529,104.0488269906921,121.18782168854827,68.13600546976507,40661,63.913920296890865,134.10960877331468,152.10431660599215,83.49509890630755,98.25066393649797,166.13062512335458,108.52092628007398,113.01390800192752,147.41245687434218,92.99972695891599,59.778687491800596,49.09813415121198,21.235455326535458,69.06721755028963,127.23563959681866,nan,nan,nan,nan,nan,nan,nan,nan,17,125.43882182055549,19.43080522745504,225.03069698674489,A3,L5,I0,T1,uwb_only,S01,X_A3_U4_P1_L5_I0_T1__S01,U4,P1,
X_A3_U4_P1_L5_I0_T2,position_prior_screening,Phase4 L5 single-I position row.,34,17,40661,91.58537103667997,149.7101170209504,165.2955474686571,103.54079381144237,40661,49.45661647586789,93.631255148057,109.0095882538503,61.73443326692414,40661,64.61586344781517,134.3013361730832,149.36936995589122,83.12373747802314,92.67933539525893,157.36398151284482,103.50557869477626,100.72306996147145,145.87437996065128,93.51637820302439,62.55222407653861,50.43570910353901,17.924295714429377,67.75535037502704,124.90711854094623,nan,nan,nan,1.0,0.2554099236688774,0.9995442400257081,nan,nan,17,190.97818237540835,20.098810030308186,512.4147632877367,A3,L5,I0,T2,position_fusion,S01,X_A3_U4_P1_L5_I0_T2__S01,U4,P1,
X_A3_U4_P1_L5_I0_T3,loose_ekf_screening,Phase4 L5 single-I position row.,34,17,40661,94.11603675625166,152.51121335059028,169.32199107140335,105.73320915607856,40661,52.42743722582258,100.08735146917518,116.38688977944254,65.61030588298594,40661,63.76259483320996,133.55124515000193,150.42019494590545,82.9144093652248,97.60437031170662,162.87887059034932,106.66912698333755,109.40384159515396,146.20872817979193,93.1054137027391,60.949799154727785,45.98041923979969,20.677365653641147,67.43980787205012,124.92068627989599,nan,nan,nan,1.0,0.05223938522690559,0.23321148596085622,nan,nan,17,143.23971659030255,19.110715150720694,284.2964980383148,A3,L5,I0,T3,position_fusion,S01,X_A3_U4_P1_L5_I0_T3__S01,U4,P1,
X_A3_U4_P1_L5_I0_T4,loose_ukf_screening,Phase4 L5 single-I position row.,34,17,40661,93.65111150356309,151.8397552732802,168.45382711926112,105.21208812120379,40661,51.89418356260494,99.07716368325939,115.15502808522325,64.92236403936035,40661,63.747332716959704,133.43520908109485,150.138718042454,82.79293529260043,97.6038268167964,162.3042656871478,105.8984338628421,108.41838171931894,146.94120485267769,92.78306319685302,61.09481988620516,45.811619324365154,20.409019582402607,67.17560811665275,123.93378617756913,nan,nan,nan,1.0,0.07776313423855578,0.34359664671392964,nan,nan,17,149.2358442837199,19.00227364913667,309.93435502234894,A3,L5,I0,T4,position_fusion,S01,X_A3_U4_P1_L5_I0_T4__S01,U4,P1,
X_A3_U4_P1_L5_I0_T5,error_state_ekf_screening,Phase4 L5 single-I position row.,34,17,40661,95.27686048546269,154.14082437042558,171.03955462267936,106.84503909168309,40661,53.456967496332375,102.29891892063563,119.19678026432429,67.015913318887,40661,63.789247613590305,133.8966255149578,151.27313283635306,83.21496103789696,97.80313687828048,164.29197406925266,107.82174259359533,111.30345903006071,148.11561520264144,93.12687029333856,59.61664857430078,47.909831967390744,21.0311031430673,68.17017334243963,126.05223387081662,nan,nan,nan,1.0,0.027815033459251726,0.12864981735792713,nan,nan,17,132.62974738083014,19.30243073478232,241.02342006650457,A3,L5,I0,T5,position_fusion,S01,X_A3_U4_P1_L5_I0_T5__S01,U4,P1,
X_A3_U4_P1_L5_I1_T1,uwb_only_control_repeated_for_matrix,Phase4 L5 single-I position row.,34,17,40661,95.96987801903528,155.35035499921074,172.44672484224583,107.76802300659475,40661,54.39547697991529,104.0488269906921,121.18782168854827,68.13600546976507,40661,63.913920296890865,134.10960877331468,152.10431660599215,83.49509890630755,98.25066393649797,166.13062512335458,108.52092628007398,113.01390800192752,147.41245687434218,92.99972695891599,59.778687491800596,49.09813415121198,21.235455326535458,69.06721755028963,127.23563959681866,nan,nan,nan,nan,nan,nan,nan,nan,17,125.43882182055549,19.43080522745504,225.03069698674489,A3,L5,I1,T1,uwb_only,S01,X_A3_U4_P1_L5_I1_T1__S01,U4,P1,
X_A3_U4_P1_L5_I1_T2,position_prior_screening,Phase4 L5 single-I position row.,34,17,40661,84.83273308001318,136.85980717441822,152.6409114678781,95.27824724542155,40661,47.20529876705344,89.4165954874745,102.76034477454351,58.43278714444745,40661,56.57293568527939,121.47763006523155,136.93041158426126,75.25658632100833,82.97827010057011,137.68853587638756,92.54515680383379,97.99595182416112,124.66567947533639,85.79973155051886,63.208098554883286,43.30271581520981,16.23551558983928,65.86853644323672,119.44668219035356,nan,nan,nan,1.0,0.42344259669976936,1.6389377626218384,nan,nan,17,333.6433220591063,23.527192642439502,705.3115676552759,A3,L5,I1,T2,position_fusion,S01,X_A3_U4_P1_L5_I1_T2__S01,U4,P1,
X_A3_U4_P1_L5_I1_T3,loose_ekf_screening,Phase4 L5 single-I position row.,34,17,40661,90.55677484670159,146.10138552224998,162.0008668604103,101.42815143039796,40661,50.020657464336004,94.78955475440227,109.84031450294295,62.39206142883452,40661,61.329385018272035,128.90412678741336,145.64230601701865,79.968122231601,92.69559763792542,156.44285497272978,102.79861992690009,104.5264699033477,138.53079730707273,89.88607886835442,61.59098485003422,45.447815035577776,19.03833296288488,66.20348965072554,124.85357180425017,nan,nan,nan,1.0,0.12637911835131804,0.5490571660641598,nan,nan,17,187.3144681117024,18.55672277056692,469.6515894154875,A3,L5,I1,T3,position_fusion,S01,X_A3_U4_P1_L5_I1_T3__S01,U4,P1,
X_A3_U4_P1_L5_I1_T4,loose_ukf_screening,Phase4 L5 single-I position row.,34,17,40661,89.44594011103116,144.2842648894183,160.02053202468562,100.22647384359148,40661,49.36116810652481,93.09219643073715,107.86578758318103,61.39080311764775,40661,60.714379256746724,127.92599065877243,144.1113107191045,79.22446182644813,91.45532504315398,153.07366290976358,101.41004270426866,101.52998688843206,136.24090201325885,89.38051955242923,61.45178783512095,44.32318101502153,18.467165549901466,65.88114912126329,123.75947617778156,nan,nan,nan,1.0,0.17737725264301696,0.7344360686326299,nan,nan,17,206.5988019202242,19.02463850891951,551.6021183571434,A3,L5,I1,T4,position_fusion,S01,X_A3_U4_P1_L5_I1_T4__S01,U4,P1,
X_A3_U4_P1_L5_I1_T5,error_state_ekf_screening,Phase4 L5 single-I position row.,34,17,40661,93.06432068003771,150.28005806740998,166.7367971467613,104.29859716895791,40661,52.02230147338999,98.76431310015933,114.92892856462147,64.90440101164829,40661,62.67586688510846,131.49111917939877,148.5733747389154,81.64322446309738,94.5990544334222,160.28419907529917,105.47176714005963,108.69546212778381,144.74483274598384,92.30852892321465,61.59532764567335,44.27240587405316,20.3230385175369,67.12251727075898,124.6321895179623,nan,nan,nan,1.0,0.08008676190048256,0.3765010143072196,nan,nan,17,152.254800283347,18.989133330428615,322.07097574518434,A3,L5,I1,T5,position_fusion,S01,X_A3_U4_P1_L5_I1_T5__S01,U4,P1,
X_A3_U4_P1_L5_I2_T1,uwb_only_control_repeated_for_matrix,Phase4 L5 single-I position row.,34,17,40661,95.96987801903528,155.35035499921074,172.44672484224583,107.76802300659475,40661,54.39547697991529,104.0488269906921,121.18782168854827,68.13600546976507,40661,63.913920296890865,134.10960877331468,152.10431660599215,83.49509890630755,98.25066393649797,166.13062512335458,108.52092628007398,113.01390800192752,147.41245687434218,92.99972695891599,59.778687491800596,49.09813415121198,21.235455326535458,69.06721755028963,127.23563959681866,nan,nan,nan,nan,nan,nan,nan,nan,17,125.43882182055549,19.43080522745504,225.03069698674489,A3,L5,I2,T1,uwb_only,S01,X_A3_U4_P1_L5_I2_T1__S01,U4,P1,
X_A3_U4_P1_L5_I2_T2,position_prior_screening,Phase4 L5 single-I position row.,34,17,40661,85.89701477992541,140.88037496280631,156.3384326042035,97.13423391611913,40661,48.060709311121016,90.3117579392861,104.69912097754991,59.42801006115749,40661,58.59078326411213,124.01684173996773,138.9947197660996,76.83339780747897,84.80612506428344,147.93386168162363,97.76529577159067,91.89475568141344,123.53439723327286,89.7918783424623,65.20999842505896,42.43052827264091,16.31205038470725,74.97567916580496,129.6661758183792,nan,nan,nan,1.0,0.45531676484104344,1.7998148141885482,nan,nan,17,212.5485819348137,24.248763236009438,583.4547281253316,A3,L5,I2,T2,position_fusion,S01,X_A3_U4_P1_L5_I2_T2__S01,U4,P1,
X_A3_U4_P1_L5_I2_T3,loose_ekf_screening,Phase4 L5 single-I position row.,34,17,40661,90.46773013975657,146.30835711436492,161.7860728016218,101.51199394491296,40661,50.13203317253405,94.45906360583648,109.29829871498008,62.38324620806644,40661,61.35299174650709,128.96168086104308,144.87049017156755,80.0813056038412,94.0815049243026,157.0000425238566,103.86704618467753,103.17971483245162,142.38979661393827,87.57588584269752,63.1392283426845,51.01889291067664,19.007525468885802,66.0968810129682,125.27658676671172,nan,nan,nan,1.0,0.13374334209519093,0.5744025765432422,nan,nan,17,181.10696200030043,18.528874676402154,420.76011116927,A3,L5,I2,T3,position_fusion,S01,X_A3_U4_P1_L5_I2_T3__S01,U4,P1,
X_A3_U4_P1_L5_I2_T4,loose_ukf_screening,Phase4 L5 single-I position row.,34,17,40661,89.4062927256663,144.69665234844211,159.8553914388587,100.40092417118129,40661,49.48432170679569,92.82666543493654,107.3363995655675,61.43311799048299,40661,60.83977792098676,128.16586753895035,143.58939201560338,79.4123264260322,93.2020964280978,154.7753011398682,102.80706850910813,99.79990759491102,139.72972677214995,86.93838190678983,64.02946014540663,49.378800280231644,18.474997551860014,65.7562337456915,124.24585566664163,nan,nan,nan,1.0,0.18424300970579588,0.7771299144718917,nan,nan,17,192.76248123200517,19.31212636945378,457.61050723206296,A3,L5,I2,T4,position_fusion,S01,X_A3_U4_P1_L5_I2_T4__S01,U4,P1,
X_A3_U4_P1_L5_I2_T5,error_state_ekf_screening,Phase4 L5 single-I position row.,34,17,40661,92.9592068416798,150.2435267616206,166.72377218175933,104.26625524600475,40661,51.965736929341425,98.61116386398464,114.31347998066954,64.83797686486965,40661,62.75417861090364,131.3462430668793,148.2839793367482,81.65469208254748,94.9363621879881,161.07000980708557,105.31393221627701,108.37240495087808,144.01338259146888,91.58265620633976,61.233281014864694,46.07589122356808,20.24904093347203,67.05675463828881,125.13049302198036,nan,nan,nan,1.0,0.08640540931109705,0.3861631177963823,nan,nan,17,152.30940792868898,18.965951334332317,317.1543286607273,A3,L5,I2,T5,position_fusion,S01,X_A3_U4_P1_L5_I2_T5__S01,U4,P1,
X_A3_U4_P1_L5_I3_T1,uwb_only_control_repeated_for_matrix,Phase4 L5 single-I position row.,34,17,40661,95.96987801903528,155.35035499921074,172.44672484224583,107.76802300659475,40661,54.39547697991529,104.0488269906921,121.18782168854827,68.13600546976507,40661,63.913920296890865,134.10960877331468,152.10431660599215,83.49509890630755,98.25066393649797,166.13062512335458,108.52092628007398,113.01390800192752,147.41245687434218,92.99972695891599,59.778687491800596,49.09813415121198,21.235455326535458,69.06721755028963,127.23563959681866,nan,nan,nan,nan,nan,nan,nan,nan,17,125.43882182055549,19.43080522745504,225.03069698674489,A3,L5,I3,T1,uwb_only,S01,X_A3_U4_P1_L5_I3_T1__S01,U4,P1,
X_A3_U4_P1_L5_I3_T2,position_prior_screening,Phase4 L5 single-I position row.,34,17,40661,82.29962100673949,131.66404282026642,145.69882759057896,92.13387565391614,40661,46.29100025735062,83.71447484401891,98.44345287992216,56.2312250609291,40661,57.577747238758434,115.99265361866287,129.36111313162564,72.98424741790805,81.14577909440041,134.0806935527017,88.86842377539715,83.66766523931702,120.73973575203388,89.52171641330456,63.99314680347203,40.251444868566125,15.655215769988217,67.27960583415263,115.32945952788324,nan,nan,nan,1.0,0.407707761575884,1.6529722882582745,nan,nan,17,401.48744466777146,21.98206687426932,873.1466084298131,A3,L5,I3,T2,position_fusion,S01,X_A3_U4_P1_L5_I3_T2__S01,U4,P1,
X_A3_U4_P1_L5_I3_T3,loose_ekf_screening,Phase4 L5 single-I position row.,34,17,40661,89.85123791910492,144.52601862660603,159.90765910387594,100.53514133910102,40661,49.51688828339364,93.16218529196769,107.70644989991033,61.55423489115355,40661,61.42680232648354,127.80531479747583,143.32555889564844,79.48830612761674,91.48779849631609,152.7913259481488,101.5136869582503,103.08955734865347,139.9159828236726,91.38031727212902,63.01281114546238,43.55340794640654,18.640125202204217,65.91034177830836,124.37217914488812,nan,nan,nan,1.0,0.1376124953221552,0.5930856186971745,nan,nan,17,200.4087263481078,18.879882776043644,515.4693138542258,A3,L5,I3,T3,position_fusion,S01,X_A3_U4_P1_L5_I3_T3__S01,U4,P1,
X_A3_U4_P1_L5_I3_T4,loose_ukf_screening,Phase4 L5 single-I position row.,34,17,40661,88.57550396610986,142.68839734101,157.4467374357826,99.20032112973992,40661,48.80392531335761,91.30277618423625,105.45680848439534,60.45046710580648,40661,60.833549712143395,126.65454487681018,141.73830067424205,78.65395564708321,89.98656604738198,150.54834250574942,99.70410473928628,99.77242735469125,138.3369778177372,90.59969561534015,63.60758496426922,43.80848219731752,18.277901630119374,65.58743504742374,123.45768463086131,nan,nan,nan,1.0,0.18868353392149773,0.7920840918248306,nan,nan,17,223.77637519342068,19.88006966506896,578.5392066303333,A3,L5,I3,T4,position_fusion,S01,X_A3_U4_P1_L5_I3_T4__S01,U4,P1,
X_A3_U4_P1_L5_I3_T5,error_state_ekf_screening,Phase4 L5 single-I position row.,34,17,40661,92.4968143170469,149.23604780795483,165.81468711908374,103.69400675698292,40661,51.59365192862576,97.8850677633278,113.49753744023319,64.31300705233188,40661,62.53698646673115,130.65439217801236,147.54646059723586,81.34054438718692,94.47785546630094,159.20990884496638,104.65625403417971,108.18020104813158,144.02335389131292,92.37149483069925,61.44915013273321,45.998059058650426,20.034223234908097,66.88732203592167,124.84927019695257,nan,nan,nan,1.0,0.09220695450785492,0.4258641017580015,nan,nan,17,158.2426762073316,18.894677332502,344.2242511836767,A3,L5,I3,T5,position_fusion,S01,X_A3_U4_P1_L5_I3_T5__S01,U4,P1,
X_A3_U4_P1_L5_I4_T1,uwb_only_control_repeated_for_matrix,Phase4 L5 single-I position row.,34,17,40661,95.96987801903528,155.35035499921074,172.44672484224583,107.76802300659475,40661,54.39547697991529,104.0488269906921,121.18782168854827,68.13600546976507,40661,63.913920296890865,134.10960877331468,152.10431660599215,83.49509890630755,98.25066393649797,166.13062512335458,108.52092628007398,113.01390800192752,147.41245687434218,92.99972695891599,59.778687491800596,49.09813415121198,21.235455326535458,69.06721755028963,127.23563959681866,nan,nan,nan,nan,nan,nan,nan,nan,17,125.43882182055549,19.43080522745504,225.03069698674489,A3,L5,I4,T1,uwb_only,S01,X_A3_U4_P1_L5_I4_T1__S01,U4,P1,
X_A3_U4_P1_L5_I4_T2,position_prior_screening,Phase4 L5 single-I position row.,34,17,40661,82.86043841488656,134.74220443824737,151.25817286073848,93.34957719095704,40661,45.78378783123101,86.19898424485577,99.79216841856022,56.54517384532694,40661,57.587186623017715,118.55010097934405,135.9694071611101,74.27507574235248,82.03414626217821,137.0380425045513,91.36931911301173,83.94084555654759,117.17785383356636,80.2756212389733,61.498483035380985,45.118256506663215,15.129029009273438,64.54361666089746,115.2249740382369,nan,nan,nan,1.0,0.4703759710788609,1.652575685850702,nan,nan,17,503.29752605151083,23.141094586889494,884.3461716974209,A3,L5,I4,T2,position_fusion,S01,X_A3_U4_P1_L5_I4_T2__S01,U4,P1,
X_A3_U4_P1_L5_I4_T3,loose_ekf_screening,Phase4 L5 single-I position row.,34,17,40661,89.57129436382044,144.87851704900677,160.18293019718928,100.37151450861772,40661,49.61561106672183,92.80479796203896,107.2328029935451,61.42553104251569,40661,61.24005588850457,128.1703315478992,144.0564656801896,79.38101196695969,92.13580618798099,154.5773730638686,101.09400496134134,100.70540487286554,138.7479088031813,88.83149848381991,62.07087805486308,46.39257834090711,18.412911384026017,65.74518334322293,123.34881556046577,nan,nan,nan,1.0,0.15371378077583836,0.6458503468055317,nan,nan,17,208.7161396612812,19.22521192295028,550.774798269248,A3,L5,I4,T3,position_fusion,S01,X_A3_U4_P1_L5_I4_T3__S01,U4,P1,
X_A3_U4_P1_L5_I4_T4,loose_ukf_screening,Phase4 L5 single-I position row.,34,17,40661,88.3342777193346,143.2415330271347,157.88650087805004,99.09623341208466,40661,48.947719686249194,90.9781205759174,105.20680714232624,60.36404084920161,40661,60.721722218952664,127.14307474900215,142.74044106866427,78.58909624635137,90.3749449884127,152.31054592292452,99.38736338791739,97.86264481403853,138.30787069476074,87.80005987547948,62.67256072874619,44.675698232256536,18.098965540569054,65.41114747397704,121.89897392704172,nan,nan,nan,1.0,0.2115588005989472,0.8508830993196139,nan,nan,17,235.24841916334128,20.27358965744554,594.2925785149254,A3,L5,I4,T4,position_fusion,S01,X_A3_U4_P1_L5_I4_T4__S01,U4,P1,
X_A3_U4_P1_L5_I4_T5,error_state_ekf_screening,Phase4 L5 single-I position row.,34,17,40661,92.36603607989905,149.25876044734787,165.72529270806893,103.4846704737224,40661,51.51522507334748,97.49496389925096,112.84651879726476,64.13617401368532,40661,62.418560125851855,130.83506220555114,147.67221404571364,81.21347305676065,93.77451184310738,159.28749937835934,103.92656982298558,106.76821273987272,145.75810217922708,91.8720829380402,60.647059491980215,47.256252308267335,19.889961254189274,66.76075602987734,124.80338472381538,nan,nan,nan,1.0,0.10434312248868258,0.46304212358861374,nan,nan,17,161.87080071709516,18.812414034539643,362.62113093652283,A3,L5,I4,T5,position_fusion,S01,X_A3_U4_P1_L5_I4_T5__S01,U4,P1,
X_A3_U4_P1_L5_I5_T1,uwb_only_control_repeated_for_matrix,Phase4 L5 single-I position row.,34,17,40661,95.96987801903528,155.35035499921074,172.44672484224583,107.76802300659475,40661,54.39547697991529,104.0488269906921,121.18782168854827,68.13600546976507,40661,63.913920296890865,134.10960877331468,152.10431660599215,83.49509890630755,98.25066393649797,166.13062512335458,108.52092628007398,113.01390800192752,147.41245687434218,92.99972695891599,59.778687491800596,49.09813415121198,21.235455326535458,69.06721755028963,127.23563959681866,nan,nan,nan,nan,nan,nan,nan,nan,17,125.43882182055549,19.43080522745504,225.03069698674489,A3,L5,I5,T1,uwb_only,S01,X_A3_U4_P1_L5_I5_T1__S01,U4,P1,
X_A3_U4_P1_L5_I5_T2,position_prior_screening,Phase4 L5 single-I position row.,34,17,40661,79.55676890306742,125.83526717934613,140.90412716190934,88.35279764896752,40661,44.91606682725889,83.97376023093476,97.72839952307048,55.59379695634356,40661,55.54293054053869,108.48715366136594,122.88362377778799,68.66983757353913,82.71520348473183,130.91827059314704,85.65484194340809,91.36131175884185,110.2978200795564,78.77430122963759,58.51414382222171,39.15249519265558,14.417323350934822,63.838245796195224,108.6947688178874,nan,nan,nan,1.0,0.49671910703912164,1.8583439680372607,nan,nan,17,335.94863756404067,25.117396801098835,843.0129416917758,A3,L5,I5,T2,position_fusion,S01,X_A3_U4_P1_L5_I5_T2__S01,U4,P1,
X_A3_U4_P1_L5_I5_T3,loose_ekf_screening,Phase4 L5 single-I position row.,34,17,40661,87.14903673124711,140.09237104572782,154.75239715722833,97.50677295816773,40661,47.81312056752245,89.6794523278902,104.20535614092236,59.30981775376738,40661,60.07875103477522,124.72946226747831,139.46918275043004,77.39454948980948,90.4198127079953,148.7163256416764,98.80257605172432,94.08563307685823,133.4588316430786,86.79051650944491,64.54546151411208,42.687077003529,17.751315765119244,65.3536982783071,124.95801891416562,nan,nan,nan,1.0,0.18499034343638684,0.7972709776718978,nan,nan,17,246.10194133431057,20.878498242217404,624.3699564897692,A3,L5,I5,T3,position_fusion,S01,X_A3_U4_P1_L5_I5_T3__S01,U4,P1,
X_A3_U4_P1_L5_I5_T4,loose_ukf_screening,Phase4 L5 single-I position row.,34,17,40661,85.76473490160967,137.59539656796798,151.47720587424607,95.85008907522536,40661,46.966827248617506,88.03875482480807,102.03209457967222,58.088861417305225,40661,59.35459027325044,122.62669706961356,137.504287615895,76.24253245380655,88.5881167645737,146.4967110058579,96.99320510937983,90.46000490734357,130.7367280502956,85.95365495327331,64.29436456577696,40.52295059651283,17.293757178279293,66.99366710632498,123.58212203568806,nan,nan,nan,1.0,0.2435410387307507,1.0445823166988129,nan,nan,17,277.995556170216,22.12505644934322,678.6700169358603,A3,L5,I5,T4,position_fusion,S01,X_A3_U4_P1_L5_I5_T4__S01,U4,P1,
X_A3_U4_P1_L5_I5_T5,error_state_ekf_screening,Phase4 L5 single-I position row.,34,17,40661,90.67305641896209,146.00247782115693,162.0914370753002,101.56679054385921,40661,50.12866557702742,95.11644640878337,110.19395018090705,62.56199234965817,40661,61.74412776327449,128.61298800829059,144.73448328689506,80.01131204161997,93.2438541671994,155.64396096516714,102.53501092357142,104.37033060173958,141.43758997968155,89.36528862614472,61.21319434266686,45.277713985331275,19.178254374594104,66.26019483769053,125.03471739289935,nan,nan,nan,1.0,0.13482953820055704,0.6177740194227468,nan,nan,17,181.82032724371768,18.552969128293,442.55993489574706,A3,L5,I5,T5,position_fusion,S01,X_A3_U4_P1_L5_I5_T5__S01,U4,P1,
X_A3_U4_P1_L5_I6_T1,uwb_only_control_repeated_for_matrix,Phase4 L5 single-I position row.,34,17,40661,95.96987801903528,155.35035499921074,172.44672484224583,107.76802300659475,40661,54.39547697991529,104.0488269906921,121.18782168854827,68.13600546976507,40661,63.913920296890865,134.10960877331468,152.10431660599215,83.49509890630755,98.25066393649797,166.13062512335458,108.52092628007398,113.01390800192752,147.41245687434218,92.99972695891599,59.778687491800596,49.09813415121198,21.235455326535458,69.06721755028963,127.23563959681866,nan,nan,nan,nan,nan,nan,nan,nan,17,125.43882182055549,19.43080522745504,225.03069698674489,A3,L5,I6,T1,uwb_only,S01,X_A3_U4_P1_L5_I6_T1__S01,U4,P1,
X_A3_U4_P1_L5_I6_T2,position_prior_screening,Phase4 L5 single-I position row.,34,17,40661,81.09581077821854,129.31024268085028,143.30680398580367,90.1007152228876,40661,46.32705606808779,82.6378789097124,95.34808116266525,55.424653294732025,40661,56.12538011489437,114.4729873838312,128.3643753121728,71.03693891796466,78.91193907731791,130.69588295936643,88.89806769007467,83.38806501374555,123.74669615036976,78.50693070008256,58.069259681184626,36.50251279439158,14.509992747766177,65.36531222394916,115.13883602795188,nan,nan,nan,1.0,0.5090840018825393,1.9013710409805515,nan,nan,17,245.64896245115364,23.09147315359877,632.565034118484,A3,L5,I6,T2,position_fusion,S01,X_A3_U4_P1_L5_I6_T2__S01,U4,P1,
X_A3_U4_P1_L5_I6_T3,loose_ekf_screening,Phase4 L5 single-I position row.,34,17,40661,87.79701122442702,142.18528654991067,156.80179535234544,98.4871880717785,40661,48.47320660244628,90.47800629084703,104.56007511597022,59.84343006519278,40661,60.60863311230048,126.58625730521157,141.58622247905635,78.22077788106081,90.01341191829566,152.42785862985787,98.3161482894644,98.1573894401819,136.37749344899962,87.96860014904833,61.80816807368485,43.84773838606509,18.18307522825654,65.51460802875332,122.69732874211887,nan,nan,nan,1.0,0.17718206419561666,0.7411851089002324,nan,nan,17,224.2777411737205,20.116144957946688,584.8586692742199,A3,L5,I6,T3,position_fusion,S01,X_A3_U4_P1_L5_I6_T3__S01,U4,P1,
X_A3_U4_P1_L5_I6_T4,loose_ukf_screening,Phase4 L5 single-I position row.,34,17,40661,86.35297995443813,140.0560776856472,154.05099103259187,96.93097480950041,40661,47.70883079199711,88.50322387020461,102.08493259415555,58.60050114641014,40661,59.73916291216017,125.08084200814369,139.84464371141473,77.211366669096,87.7912985612158,149.1662643063559,96.04413443456525,95.99500645221332,133.35905978648992,85.9621413544217,61.78289020876508,42.417768574229626,17.787697102176026,65.63695313940852,122.16444210280855,nan,nan,nan,1.0,0.23995984713857116,0.9723243850032709,nan,nan,17,248.79584152108797,21.29189512707609,627.6831618663517,A3,L5,I6,T4,position_fusion,S01,X_A3_U4_P1_L5_I6_T4__S01,U4,P1,
X_A3_U4_P1_L5_I6_T5,error_state_ekf_screening,Phase4 L5 single-I position row.,34,17,40661,91.12754299903277,147.4124189016114,163.39529999248677,102.28220832740944,40661,50.69570264514501,95.75785239767748,111.10529694016337,63.06496344968561,40661,62.022212090798234,129.8124334335505,146.05651761736158,80.52614808508724,93.40643114789381,157.2579616080567,103.32178645428523,105.85402615936314,143.20637378333726,91.85919538828492,61.75558671893528,46.90556362475644,19.530778853462834,66.47855184270537,125.6510841850857,nan,nan,nan,1.0,0.12186735177970087,0.5505161878804226,nan,nan,17,172.00731457837784,18.714193663062815,406.5229281984578,A3,L5,I6,T5,position_fusion,S01,X_A3_U4_P1_L5_I6_T5__S01,U4,P1,
X_A3_U4_P1_L5_I7_T1,uwb_only_control_repeated_for_matrix,Phase4 L5 single-I position row.,34,17,40661,95.96987801903528,155.35035499921074,172.44672484224583,107.76802300659475,40661,54.39547697991529,104.0488269906921,121.18782168854827,68.13600546976507,40661,63.913920296890865,134.10960877331468,152.10431660599215,83.49509890630755,98.25066393649797,166.13062512335458,108.52092628007398,113.01390800192752,147.41245687434218,92.99972695891599,59.778687491800596,49.09813415121198,21.235455326535458,69.06721755028963,127.23563959681866,nan,nan,nan,nan,nan,nan,nan,nan,17,125.43882182055549,19.43080522745504,225.03069698674489,A3,L5,I7,T1,uwb_only,S01,X_A3_U4_P1_L5_I7_T1__S01,U4,P1,
X_A3_U4_P1_L5_I7_T2,position_prior_screening,Phase4 L5 single-I position row.,34,17,40661,85.9777828127344,141.47278994702356,155.06641003970608,96.96441888229425,40661,48.17633049418065,85.35697936395046,97.94968548559937,57.26051128131272,40661,60.97981846783864,126.03625283913289,140.9209337971348,78.25172443456871,89.37831500084627,152.88946061671777,96.52065914530108,89.29909977594875,130.0850569144106,77.9581307952271,58.251626109588074,41.93987368167643,16.13689889972258,69.28661043506715,126.61150101164505,nan,nan,nan,1.0,0.45518563642736465,1.7301667419924747,nan,nan,17,326.33379025816186,23.067301277984654,779.8377454008773,A3,L5,I7,T2,position_fusion,S01,X_A3_U4_P1_L5_I7_T2__S01,U4,P1,
X_A3_U4_P1_L5_I7_T3,loose_ekf_screening,Phase4 L5 single-I position row.,34,17,40661,90.73041774267817,146.29915075593618,161.44197519392938,101.50203259314905,40661,50.18370713257488,93.24841833967913,108.34398704821393,61.95642892666972,40661,62.37232592924818,129.62031709030032,145.13714702306083,80.3994000922595,94.17436029059203,156.324811975687,101.2007215260289,102.14212622653076,142.26704702815357,86.58680070211767,61.108370337384265,46.21154577934294,18.887812543202898,66.07196837409245,124.59958978985073,nan,nan,nan,1.0,0.12789727280785565,0.5609901792359826,nan,nan,17,189.87817407967606,18.45478302932611,481.37232128617205,A3,L5,I7,T3,position_fusion,S01,X_A3_U4_P1_L5_I7_T3__S01,U4,P1,
X_A3_U4_P1_L5_I7_T4,loose_ukf_screening,Phase4 L5 single-I position row.,34,17,40661,89.77404845603603,144.67734103978438,159.527904539727,100.40080994217885,40661,49.58632342972244,91.4620275819808,106.05210846135213,60.88343359436882,40661,62.07252475432574,128.9503254035144,143.83541099131844,79.83439203003678,93.59915382440644,155.42042352664822,99.14634645641479,99.2689679302074,140.24818901917274,84.47513375268154,60.867174879134865,45.89949206172116,18.378535190612638,65.7349902855107,123.95191148608527,nan,nan,nan,1.0,0.17720579109925066,0.7791991834256047,nan,nan,17,210.17676638398547,19.29270031411602,561.9248983325564,A3,L5,I7,T4,position_fusion,S01,X_A3_U4_P1_L5_I7_T4__S01,U4,P1,
X_A3_U4_P1_L5_I7_T5,error_state_ekf_screening,Phase4 L5 single-I position row.,34,17,40661,93.06310333723769,149.97681857955604,166.5963069673331,104.23722393162917,40661,51.95115861207289,98.10872793242606,113.93987903433731,64.62893041159103,40661,63.009760622884755,131.45949128752954,148.37024149711715,81.783251383314,95.41749227431079,160.6209021517148,104.82454695021593,108.91172866385674,145.19015180404324,90.23242021176864,60.57606308551756,45.420153709217004,20.223187471915907,67.0337328254314,124.07504600596661,nan,nan,nan,1.0,0.08347298819609762,0.37583221697267183,nan,nan,17,153.43053895943237,18.93591686743622,326.3666897890085,A3,L5,I7,T5,position_fusion,S01,X_A3_U4_P1_L5_I7_T5__S01,U4,P1,
X_A3_U4_P1_L5_I8_T1,uwb_only_control_repeated_for_matrix,Phase4 L5 single-I position row.,34,17,40661,95.96987801903528,155.35035499921074,172.44672484224583,107.76802300659475,40661,54.39547697991529,104.0488269906921,121.18782168854827,68.13600546976507,40661,63.913920296890865,134.10960877331468,152.10431660599215,83.49509890630755,98.25066393649797,166.13062512335458,108.52092628007398,113.01390800192752,147.41245687434218,92.99972695891599,59.778687491800596,49.09813415121198,21.235455326535458,69.06721755028963,127.23563959681866,nan,nan,nan,nan,nan,nan,nan,nan,17,125.43882182055549,19.43080522745504,225.03069698674489,A3,L5,I8,T1,uwb_only,S01,X_A3_U4_P1_L5_I8_T1__S01,U4,P1,
X_A3_U4_P1_L5_I8_T2,position_prior_screening,Phase4 L5 single-I position row.,34,17,40661,84.04104282257283,132.7980976845381,146.05112226441813,93.02929212925427,40661,47.84900859215257,85.84620653895765,98.75864667827031,57.40022568197835,40661,59.51604054323093,115.37102698778426,129.45775137463704,73.20972125153929,85.31692341856487,134.82948767397824,92.88959346592007,86.15083718896636,119.1256710847494,85.56518625595234,60.61990389733147,43.11551922872309,14.409829061285336,66.25379474931981,117.71987727953618,nan,nan,nan,1.0,0.4755418562787881,1.858198651447438,nan,nan,17,352.72839441007335,22.96390791373875,770.8124951853689,A3,L5,I8,T2,position_fusion,S01,X_A3_U4_P1_L5_I8_T2__S01,U4,P1,
X_A3_U4_P1_L5_I8_T3,loose_ekf_screening,Phase4 L5 single-I position row.,34,17,40661,89.16130528023719,143.19216952415314,157.69305838369323,99.59123967537528,40661,49.407195606275344,92.11545509310196,105.75818141603771,60.86876799501748,40661,61.19851749578197,127.24378786187594,142.2082349195689,78.82517429632985,93.04583005699263,150.84398700171246,100.4063538908913,98.17339340207259,138.02831872177143,88.64362779958316,62.27477754329939,39.96381704687974,18.237747872897586,65.563157879803,123.17029014824122,nan,nan,nan,1.0,0.16400545635409847,0.7074239911388109,nan,nan,17,218.5982498191467,19.678266137454045,574.8126412063986,A3,L5,I8,T3,position_fusion,S01,X_A3_U4_P1_L5_I8_T3__S01,U4,P1,
X_A3_U4_P1_L5_I8_T4,loose_ukf_screening,Phase4 L5 single-I position row.,34,17,40661,87.93323380033591,141.2896000535696,155.245206978175,98.24709185564619,40661,48.81802819646768,90.31948031093799,103.39295710339911,59.80535092254715,40661,60.85078127369843,125.81222392655809,140.28769227140015,77.94748911365119,90.75031701527575,148.81117564458495,99.98970461797498,95.61100294364013,133.07960325199224,87.15371745099861,63.39251710911235,39.26366968432251,17.868598279694083,65.24118094924218,122.70232950317651,nan,nan,nan,1.0,0.22319399529563333,0.9525001763439244,nan,nan,17,245.4708071780127,20.779602129714647,620.7959817931302,A3,L5,I8,T4,position_fusion,S01,X_A3_U4_P1_L5_I8_T4__S01,U4,P1,
X_A3_U4_P1_L5_I8_T5,error_state_ekf_screening,Phase4 L5 single-I position row.,34,17,40661,92.02302822994865,148.07339225050308,164.22203816107165,102.93198869644397,40661,51.25924580900535,96.81932982618912,111.83718409473161,63.684092950541555,40661,62.26240208228967,130.0732884455747,146.4648391652804,80.8661276559701,95.09581622864238,158.06341525504652,103.77571444792383,106.34875515810214,142.61655268241404,92.53299801201376,60.92231428778114,46.53641754747957,19.69205029072907,66.59074167193707,124.90049581285885,nan,nan,nan,1.0,0.11157726674881939,0.5088146590216032,nan,nan,17,167.68460890267923,18.74903081591583,384.3161247973446,A3,L5,I8,T5,position_fusion,S01,X_A3_U4_P1_L5_I8_T5__S01,U4,P1,
X_A3_U4_P2_L5_I0_T1,uwb_only_control_repeated_for_matrix,Phase4 L5 single-I position row.,34,17,40661,99.5274712213903,164.89643886588078,184.13767333680076,113.41413411042357,40661,60.034267373751355,114.94299013236872,134.32648632162244,75.52281759690587,40661,61.90957434924803,138.5340836463829,157.63647920336803,84.61128670716238,99.50019055959926,176.46914172276084,111.49586153620388,124.33854777562806,155.2994490510767,92.25677699428797,63.06573628407068,46.77404032254714,22.937323256688444,79.03974852181818,139.18101316450054,nan,nan,nan,nan,nan,nan,nan,nan,17,85.87875233588046,17.03027963976257,196.16485693780766,A3,L5,I0,T1,uwb_only,S01,X_A3_U4_P2_L5_I0_T1__S01,U4,P2,
X_A3_U4_P2_L5_I0_T2,position_prior_screening,Phase4 L5 single-I position row.,34,17,40661,95.00456982870922,157.62656068242964,174.3384962382722,108.1324818474939,40661,55.43433525439852,104.56209033304714,121.27489595020548,68.66124078425966,40661,62.72050466092924,136.9399154404548,153.45213988246633,83.5360260274842,92.78320620927617,167.5449481745896,105.68933528491826,110.20789116618892,150.13609014722783,92.60905374048389,64.88999786991793,50.36613534864284,18.33717626125926,73.71293231379579,134.76181599520532,nan,nan,nan,1.0,0.29639796023453185,1.1328364734826453,nan,nan,17,168.52144722246726,22.968785254289912,437.3272405671524,A3,L5,I0,T2,position_fusion,S01,X_A3_U4_P2_L5_I0_T2__S01,U4,P2,
X_A3_U4_P2_L5_I0_T3,loose_ekf_screening,Phase4 L5 single-I position row.,34,17,40661,97.8487662462047,161.56489539189752,180.08870187358815,111.13736609121106,40661,58.26249447976012,110.91148401699175,129.83741669115588,72.99282496335493,40661,61.68737403150476,137.3126054803356,155.70181425409112,83.80669212873694,97.7309941673746,172.4910232372899,109.55370664250754,118.93734003182708,152.36284346507247,91.83542935666557,62.09288844917747,48.38099320471633,22.088206455090813,76.7193221393373,138.92980510041647,nan,nan,nan,1.0,0.06421419199737996,0.24829477246238663,nan,nan,17,105.84311474438782,17.76595527887241,259.8613460861587,A3,L5,I0,T3,position_fusion,S01,X_A3_U4_P2_L5_I0_T3__S01,U4,P2,
X_A3_U4_P2_L5_I0_T4,loose_ukf_screening,Phase4 L5 single-I position row.,34,17,40661,97.33511920970912,160.73280900407136,179.20665943202204,110.5379115187645,40661,57.691962745807395,109.90914406537834,128.52238688580036,72.29165383893987,40661,61.656429287481956,137.05467618359148,154.97487347251797,83.62144861314651,97.1604259430424,171.6156042287567,109.05376507036667,117.64543274631161,152.1455973970194,92.11186865315133,62.65554942101784,47.4884120649387,21.868562695676474,76.09447267130878,138.5365502321397,nan,nan,nan,1.0,0.09585008849817846,0.3667384205353471,nan,nan,17,112.72435324138613,18.1987010197185,282.7933004921632,A3,L5,I0,T4,position_fusion,S01,X_A3_U4_P2_L5_I0_T4__S01,U4,P2,
X_A3_U4_P2_L5_I0_T5,error_state_ekf_screening,Phase4 L5 single-I position row.,34,17,40661,98.75949903279718,163.42596585650503,182.26973452994966,112.39143690064955,40661,59.25350671047528,113.23788389353251,132.22867584691187,74.40799065511109,40661,61.834217397559996,138.04411541300317,156.73086475774642,84.23352073409724,99.26362021274025,174.97251713940545,110.60080209298144,122.04687344685387,152.4817916699405,92.35839783569071,61.60975773731419,47.69922432048992,22.57524754774164,78.00744769125988,138.9891162417439,nan,nan,nan,1.0,0.033910175921958066,0.13448168623853168,nan,nan,17,93.85855502038422,17.03564942081141,221.08721288600293,A3,L5,I0,T5,position_fusion,S01,X_A3_U4_P2_L5_I0_T5__S01,U4,P2,
X_A3_U4_P2_L5_I1_T1,uwb_only_control_repeated_for_matrix,Phase4 L5 single-I position row.,34,17,40661,99.5274712213903,164.89643886588078,184.13767333680076,113.41413411042357,40661,60.034267373751355,114.94299013236872,134.32648632162244,75.52281759690587,40661,61.90957434924803,138.5340836463829,157.63647920336803,84.61128670716238,99.50019055959926,176.46914172276084,111.49586153620388,124.33854777562806,155.2994490510767,92.25677699428797,63.06573628407068,46.77404032254714,22.937323256688444,79.03974852181818,139.18101316450054,nan,nan,nan,nan,nan,nan,nan,nan,17,85.87875233588046,17.03027963976257,196.16485693780766,A3,L5,I1,T1,uwb_only,S01,X_A3_U4_P2_L5_I1_T1__S01,U4,P2,
X_A3_U4_P2_L5_I1_T2,position_prior_screening,Phase4 L5 single-I position row.,34,17,40661,88.15831784239019,143.4057998476475,158.98766654254314,99.28987083573362,40661,51.47958670825967,99.91212875377036,112.93963185332191,64.44386552854688,40661,55.159584958885716,123.46119130968736,140.66930763332357,75.53453942611443,81.08966300222934,146.19374938728538,98.68341192370052,107.01492245841104,123.8856768310846,84.62215450210184,65.75822533213412,44.966752024037135,12.778411648510172,67.88563866162467,119.68396579565093,nan,nan,nan,1.0,0.459941490398248,1.764405261305908,nan,nan,17,308.88737536791166,23.908742151520755,633.3760814137698,A3,L5,I1,T2,position_fusion,S01,X_A3_U4_P2_L5_I1_T2__S01,U4,P2,
X_A3_U4_P2_L5_I1_T3,loose_ekf_screening,Phase4 L5 single-I position row.,34,17,40661,94.5430940747611,154.74651192850783,171.8999446220907,106.50586486775158,40661,56.29078960079603,105.79181094059582,122.59043266111301,69.63475607448115,40661,59.15889766695204,132.19737928009113,150.34349467203197,80.58846069801353,92.39490509491108,167.5508745567335,105.43630838446026,113.69797544510777,141.24997149497216,87.30750762136763,63.21247021495107,45.42648740377433,19.968230023811685,72.40977426402934,133.4556636602225,nan,nan,nan,1.0,0.148763549009517,0.5676355709774231,nan,nan,17,153.00327175987735,20.48114308562691,412.75263886854844,A3,L5,I1,T3,position_fusion,S01,X_A3_U4_P2_L5_I1_T3__S01,U4,P2,
X_A3_U4_P2_L5_I1_T4,loose_ukf_screening,Phase4 L5 single-I position row.,34,17,40661,93.5434183131328,152.6767529035333,169.64248800500394,105.18932225387181,40661,55.497800622188,104.26469527583818,120.6244152238346,68.56847368381075,40661,58.55675415352107,130.98800038548393,149.0225631563551,79.76940474205284,91.24295416795367,165.2662333218226,103.76104935011573,112.04785157832907,139.64119546666655,87.32599842299933,62.74277664193393,46.708281273772286,19.310975593229983,70.71762420427328,129.44893351407867,nan,nan,nan,1.0,0.2009475679082649,0.7752338979717865,nan,nan,17,173.20044369589868,21.56495267550281,452.5552867243531,A3,L5,I1,T4,position_fusion,S01,X_A3_U4_P2_L5_I1_T4__S01,U4,P2,
X_A3_U4_P2_L5_I1_T5,error_state_ekf_screening,Phase4 L5 single-I position row.,34,17,40661,96.74300778058776,159.31317856322266,177.2979369938508,109.64505858105818,40661,57.861407217651745,109.59131922235083,128.1236150095121,72.25056076856214,40661,60.579310592158095,135.17385075951302,153.36067891789594,82.47360389768346,95.71265661836338,171.88659240224388,108.60303060885309,118.3598682644286,146.21461603287128,90.27749939013,62.27636264469901,46.47733855648414,21.8124148842424,76.2069815493237,138.20624898531776,nan,nan,nan,1.0,0.09178817682251439,0.3711073860632629,nan,nan,17,115.57572951091328,18.34924312923812,293.8733183991541,A3,L5,I1,T5,position_fusion,S01,X_A3_U4_P2_L5_I1_T5__S01,U4,P2,
X_A3_U4_P2_L5_I2_T1,uwb_only_control_repeated_for_matrix,Phase4 L5 single-I position row.,34,17,40661,99.5274712213903,164.89643886588078,184.13767333680076,113.41413411042357,40661,60.034267373751355,114.94299013236872,134.32648632162244,75.52281759690587,40661,61.90957434924803,138.5340836463829,157.63647920336803,84.61128670716238,99.50019055959926,176.46914172276084,111.49586153620388,124.33854777562806,155.2994490510767,92.25677699428797,63.06573628407068,46.77404032254714,22.937323256688444,79.03974852181818,139.18101316450054,nan,nan,nan,nan,nan,nan,nan,nan,17,85.87875233588046,17.03027963976257,196.16485693780766,A3,L5,I2,T1,uwb_only,S01,X_A3_U4_P2_L5_I2_T1__S01,U4,P2,
X_A3_U4_P2_L5_I2_T2,position_prior_screening,Phase4 L5 single-I position row.,34,17,40661,90.33375991708287,145.85097530530737,160.9184018394387,101.02606724403753,40661,54.485573991496786,97.60160238126652,111.91385937603415,65.30887966703226,40661,57.48158524382427,125.87553825797613,141.3525073544547,77.07798972102148,90.5366414130769,150.62784826539362,101.62539460658837,101.87641482718361,130.85145406652083,90.46973047533406,66.59927689065591,40.98855603575396,12.452426113138017,75.04563248657797,131.85137667148211,nan,nan,nan,1.0,0.5087552859596124,1.9310330155820978,nan,nan,17,185.090024141998,24.71810219102855,508.3819401223524,A3,L5,I2,T2,position_fusion,S01,X_A3_U4_P2_L5_I2_T2__S01,U4,P2,
X_A3_U4_P2_L5_I2_T3,loose_ekf_screening,Phase4 L5 single-I position row.,34,17,40661,94.5869136058232,154.42273975679993,171.29041470338467,106.55711812675865,40661,56.400295190239284,104.99053217604148,122.0482233692995,69.60556174245822,40661,59.366490524839946,132.2331012868441,149.75212356730458,80.68138073928107,94.91036344130787,166.15752610175377,106.53105609151228,111.62775907981872,144.6506326261989,86.60906489755263,66.17859504202643,48.464870576596354,19.96567475891422,71.87190989757653,132.4232734619523,nan,nan,nan,1.0,0.14406606166053965,0.5862329003335702,nan,nan,17,147.0999409448039,20.747715639938747,388.6100076429848,A3,L5,I2,T3,position_fusion,S01,X_A3_U4_P2_L5_I2_T3__S01,U4,P2,
X_A3_U4_P2_L5_I2_T4,loose_ukf_screening,Phase4 L5 single-I position row.,34,17,40661,93.55998128697635,152.60037888771873,168.77265870166514,105.32531215068178,40661,55.89701272914826,103.34487847652824,119.8962761146175,68.5833163673405,40661,58.99089228793014,131.02509803471298,148.21810753624231,79.93591242799347,94.06166288648498,164.07629220196992,106.11676825670554,108.88551192542394,145.4216885723979,85.15092076726357,66.54955592419253,47.628993334676636,19.314767259363435,69.74891869451676,128.47402362428454,nan,nan,nan,1.0,0.20193041967747313,0.8097054822794827,nan,nan,17,160.28892107823035,21.893222858654667,426.0524437442268,A3,L5,I2,T4,position_fusion,S01,X_A3_U4_P2_L5_I2_T4__S01,U4,P2,
X_A3_U4_P2_L5_I2_T5,error_state_ekf_screening,Phase4 L5 single-I position row.,34,17,40661,96.6732178952531,159.07471347398942,176.89313253541852,109.59327205564853,40661,57.91946428746368,109.46909896939563,127.74356638500393,72.17599952773169,40661,60.70497095502685,134.98999977289702,152.92998963609813,82.470057427143,96.2609917699416,171.07322411646192,108.17018502761277,116.82257415184452,148.57465718219777,88.7704024851702,64.09558391980818,49.0086012988329,21.74577755694807,75.91805617626423,138.12584065630435,nan,nan,nan,1.0,0.09616706858886004,0.3792528215861707,nan,nan,17,115.57905509455978,18.483452979074684,290.6980388235527,A3,L5,I2,T5,position_fusion,S01,X_A3_U4_P2_L5_I2_T5__S01,U4,P2,
X_A3_U4_P2_L5_I3_T1,uwb_only_control_repeated_for_matrix,Phase4 L5 single-I position row.,34,17,40661,99.5274712213903,164.89643886588078,184.13767333680076,113.41413411042357,40661,60.034267373751355,114.94299013236872,134.32648632162244,75.52281759690587,40661,61.90957434924803,138.5340836463829,157.63647920336803,84.61128670716238,99.50019055959926,176.46914172276084,111.49586153620388,124.33854777562806,155.2994490510767,92.25677699428797,63.06573628407068,46.77404032254714,22.937323256688444,79.03974852181818,139.18101316450054,nan,nan,nan,nan,nan,nan,nan,nan,17,85.87875233588046,17.03027963976257,196.16485693780766,A3,L5,I3,T1,uwb_only,S01,X_A3_U4_P2_L5_I3_T1__S01,U4,P2,
X_A3_U4_P2_L5_I3_T2,position_prior_screening,Phase4 L5 single-I position row.,34,17,40661,85.63741061894369,137.97424911905605,153.93483932742083,96.09784725716491,40661,50.838107614446955,94.34959439350058,109.81306113957623,62.20332166320844,40661,56.53746890203206,117.8352660002513,132.34663170253134,73.24986704100439,82.90985810286541,139.4943423879953,89.97733868362914,93.11459527658332,122.82529380623726,87.89633400563862,64.46295553888369,42.91785604447466,11.362845263654577,68.0835250779268,115.64704722941477,nan,nan,nan,1.0,0.4701446906971516,1.7890669949924278,nan,nan,17,371.03313520924996,25.19308847480545,787.636906206494,A3,L5,I3,T2,position_fusion,S01,X_A3_U4_P2_L5_I3_T2__S01,U4,P2,
X_A3_U4_P2_L5_I3_T3,loose_ekf_screening,Phase4 L5 single-I position row.,34,17,40661,93.61714597915983,153.15854961344633,169.78979191001415,105.5399741900819,40661,55.58119842559536,104.14285167849796,121.41973795723248,68.77860269263583,40661,59.146527377170685,131.00640159817522,148.53311934935255,80.05117090768692,92.52463004721898,164.76209387446727,103.4149770798767,113.61343084808223,140.95062870797153,88.72886402981123,63.183040603225415,42.0906266981587,19.59136539987233,70.6429151538585,130.8206688594138,nan,nan,nan,1.0,0.15337341203298013,0.5995344737477111,nan,nan,17,166.53236555209406,21.363882981436234,438.8184217582204,A3,L5,I3,T3,position_fusion,S01,X_A3_U4_P2_L5_I3_T3__S01,U4,P2,
X_A3_U4_P2_L5_I3_T4,loose_ukf_screening,Phase4 L5 single-I position row.,34,17,40661,92.35559455566556,150.8911466678178,166.9864919218977,104.09130555296505,40661,54.8655566719369,102.38750250438311,119.01544519790284,67.60880756700455,40661,58.59698608517215,129.51459355455927,146.4939593635338,79.14574550213348,90.73378668444553,162.11873731534837,101.66767619179981,110.12069359425047,139.7041785293995,88.112432730958,63.94491649578312,43.01761355201057,18.83993637723586,69.63982142647805,126.66479948212034,nan,nan,nan,1.0,0.20968562341540653,0.8176238438081138,nan,nan,17,190.43771317899913,22.616468735480225,483.8031497321959,A3,L5,I3,T4,position_fusion,S01,X_A3_U4_P2_L5_I3_T4__S01,U4,P2,
X_A3_U4_P2_L5_I3_T5,error_state_ekf_screening,Phase4 L5 single-I position row.,34,17,40661,96.12626436112738,158.23631140003957,176.27742417322438,108.98123585552688,40661,57.5176159301045,108.5603949053103,127.17678480541714,71.64848677060965,40661,60.38387975250282,134.5537187824218,152.42564226003924,82.11823251921433,95.17980676211315,170.0239070485095,107.19026857817474,118.05060034434862,146.41564365000127,92.11232819938616,62.76345420548272,45.490735861139626,21.567614190570936,75.47122773418599,138.03224837424438,nan,nan,nan,1.0,0.10302141550020819,0.41408135450997136,nan,nan,17,122.21609477000825,18.823634097526906,315.6819417576771,A3,L5,I3,T5,position_fusion,S01,X_A3_U4_P2_L5_I3_T5__S01,U4,P2,
X_A3_U4_P2_L5_I4_T1,uwb_only_control_repeated_for_matrix,Phase4 L5 single-I position row.,34,17,40661,99.5274712213903,164.89643886588078,184.13767333680076,113.41413411042357,40661,60.034267373751355,114.94299013236872,134.32648632162244,75.52281759690587,40661,61.90957434924803,138.5340836463829,157.63647920336803,84.61128670716238,99.50019055959926,176.46914172276084,111.49586153620388,124.33854777562806,155.2994490510767,92.25677699428797,63.06573628407068,46.77404032254714,22.937323256688444,79.03974852181818,139.18101316450054,nan,nan,nan,nan,nan,nan,nan,nan,17,85.87875233588046,17.03027963976257,196.16485693780766,A3,L5,I4,T1,uwb_only,S01,X_A3_U4_P2_L5_I4_T1__S01,U4,P2,
X_A3_U4_P2_L5_I4_T2,position_prior_screening,Phase4 L5 single-I position row.,34,17,40661,86.3673478644,140.14062605649306,156.80007213708242,97.13065864519676,40661,51.672030296753434,94.53203327739405,108.42915570940802,62.30119384638028,40661,56.18602994059438,120.55204707036978,137.54337524172547,74.5179581991179,89.018393285439,142.79045296804787,94.22474416705441,97.7741116421534,122.45620912738673,80.64550040195209,62.167864360311384,48.64357102883491,10.863267300196839,68.12896518742471,118.92173877510166,nan,nan,nan,1.0,0.4974305845764925,1.8604545335290517,nan,nan,17,464.9082718495464,26.07944303141244,797.0004784462316,A3,L5,I4,T2,position_fusion,S01,X_A3_U4_P2_L5_I4_T2__S01,U4,P2,
X_A3_U4_P2_L5_I4_T3,loose_ekf_screening,Phase4 L5 single-I position row.,34,17,40661,93.42297020074257,153.0770601972822,169.23158948670084,105.3193444753686,40661,56.00408192370845,103.519148807851,120.3856409064264,68.59836349919,40661,58.915896086484054,131.33161708385205,148.73128866093748,79.91513527457955,93.4967837040128,164.01416102981025,106.58985092375777,111.9243644928845,142.96877298185376,87.6664993752551,63.29738643426188,46.74339343785465,19.27755650534894,70.44232293847486,129.69368466743603,nan,nan,nan,1.0,0.16797464920222155,0.6442681810094368,nan,nan,17,175.05510444069506,21.791021787871102,453.05333805806725,A3,L5,I4,T3,position_fusion,S01,X_A3_U4_P2_L5_I4_T3__S01,U4,P2,
X_A3_U4_P2_L5_I4_T4,loose_ukf_screening,Phase4 L5 single-I position row.,34,17,40661,92.20379111030756,151.1351060333181,166.44846940781028,103.92274229626075,40661,55.4130323687517,101.62828313774632,118.07646814370246,67.45665280598227,40661,58.42714783949464,129.90705338826888,147.27848339937827,79.05400912406776,92.48657212898739,160.49395553932766,105.54428430013184,108.98946044688685,137.8829305937572,85.80644712986162,64.1307791476106,45.5102852805112,18.44072628253977,69.73984352228382,125.12805046764291,nan,nan,nan,1.0,0.22899030953170307,0.8654585017521996,nan,nan,17,201.80404443415281,23.075603224555437,499.6807831504893,A3,L5,I4,T4,position_fusion,S01,X_A3_U4_P2_L5_I4_T4__S01,U4,P2,
X_A3_U4_P2_L5_I4_T5,error_state_ekf_screening,Phase4 L5 single-I position row.,34,17,40661,96.00418748352024,157.86634813972404,175.4067376121036,108.73295646036995,40661,57.65309109803616,108.08175035139432,126.1522661029674,71.4475646905795,40661,60.27439885142917,134.4620793961294,152.5174687762733,81.96402454978747,95.2605676621124,169.44665006625726,108.55077348170848,117.36290195853599,147.02257534108256,92.45100300888663,61.99445777662011,46.598833153785336,21.310334647641326,75.30394628910773,138.24839029336022,nan,nan,nan,1.0,0.11406927093321326,0.44831334139126366,nan,nan,17,126.22436662772978,19.06962665767344,330.5707873116981,A3,L5,I4,T5,position_fusion,S01,X_A3_U4_P2_L5_I4_T5__S01,U4,P2,
X_A3_U4_P2_L5_I5_T1,uwb_only_control_repeated_for_matrix,Phase4 L5 single-I position row.,34,17,40661,99.5274712213903,164.89643886588078,184.13767333680076,113.41413411042357,40661,60.034267373751355,114.94299013236872,134.32648632162244,75.52281759690587,40661,61.90957434924803,138.5340836463829,157.63647920336803,84.61128670716238,99.50019055959926,176.46914172276084,111.49586153620388,124.33854777562806,155.2994490510767,92.25677699428797,63.06573628407068,46.77404032254714,22.937323256688444,79.03974852181818,139.18101316450054,nan,nan,nan,nan,nan,nan,nan,nan,17,85.87875233588046,17.03027963976257,196.16485693780766,A3,L5,I5,T1,uwb_only,S01,X_A3_U4_P2_L5_I5_T1__S01,U4,P2,
X_A3_U4_P2_L5_I5_T2,position_prior_screening,Phase4 L5 single-I position row.,34,17,40661,82.70468686544933,131.0518057330876,145.3685943417225,91.80037010697659,40661,50.210527874638714,91.22303852960914,105.15483471248119,60.63944607946479,40661,54.02336398512102,110.07793985298235,124.5193938608279,68.92144463774365,84.43193499847325,131.51239029948766,89.4552980577322,90.01062529434888,112.09630041005846,77.15590265943824,58.61210278299207,40.88203235045626,9.707121454313551,62.79364527800145,107.650340546839,nan,nan,nan,1.0,0.5555424958885573,2.124508413080755,nan,nan,17,312.5726120502883,26.914355174879915,763.0520807503902,A3,L5,I5,T2,position_fusion,S01,X_A3_U4_P2_L5_I5_T2__S01,U4,P2,
X_A3_U4_P2_L5_I5_T3,loose_ekf_screening,Phase4 L5 single-I position row.,34,17,40661,91.24053528625029,148.13141003368145,163.3020941642342,102.33036897696455,40661,54.09847523973622,100.70203115085359,116.31771805566532,66.4184551700484,40661,57.882258168174076,127.47919884082694,144.00401817329248,77.84660061804871,91.02462649036624,158.7366885153302,102.64960943710776,105.99374868048766,135.80633344764408,87.52656690508502,66.13732680072957,43.37377650135704,17.86084178504629,70.10852917062581,125.77879195230805,nan,nan,nan,1.0,0.21744561831203418,0.8327595683688285,nan,nan,17,213.12346416672142,23.56965048597516,528.7931515837594,A3,L5,I5,T3,position_fusion,S01,X_A3_U4_P2_L5_I5_T3__S01,U4,P2,
X_A3_U4_P2_L5_I5_T4,loose_ukf_screening,Phase4 L5 single-I position row.,34,17,40661,89.92948533019911,145.48244305097919,160.0745095515603,100.5526302734881,40661,53.26467130287888,98.39739837922188,113.5879003405888,65.08970623045738,40661,57.34714601987298,125.4692327107465,141.41034329669765,76.6430792554002,89.10098691263067,154.99884834771183,100.81869190197986,104.08180055918909,132.6537928926553,85.59919810642396,66.86278709790513,41.662297041822285,16.659468743012752,71.38553848214465,125.86287227262136,nan,nan,nan,1.0,0.2899217985171106,1.0807166217718942,nan,nan,17,245.4581673790914,24.074789751039248,584.8194881022433,A3,L5,I5,T4,position_fusion,S01,X_A3_U4_P2_L5_I5_T4__S01,U4,P2,
X_A3_U4_P2_L5_I5_T5,error_state_ekf_screening,Phase4 L5 single-I position row.,34,17,40661,94.6269278455633,154.65855883788836,171.59783508499484,106.69599877272302,40661,56.45739549045273,105.75603187833039,123.1489476227882,69.8439780586246,40661,59.55998802098361,132.15590923614877,149.97677023920016,80.65887975328741,94.63742084262586,166.92100944684736,106.12275658404255,112.14952354038725,142.6172555083541,88.69130318417396,63.81495744732514,44.12971254158555,20.118911976484043,72.99283957582696,134.47527439095188,nan,nan,nan,1.0,0.15126603019969687,0.6287491470187869,nan,nan,17,147.11281842798465,20.309060974062618,401.400808480174,A3,L5,I5,T5,position_fusion,S01,X_A3_U4_P2_L5_I5_T5__S01,U4,P2,
X_A3_U4_P2_L5_I6_T1,uwb_only_control_repeated_for_matrix,Phase4 L5 single-I position row.,34,17,40661,99.5274712213903,164.89643886588078,184.13767333680076,113.41413411042357,40661,60.034267373751355,114.94299013236872,134.32648632162244,75.52281759690587,40661,61.90957434924803,138.5340836463829,157.63647920336803,84.61128670716238,99.50019055959926,176.46914172276084,111.49586153620388,124.33854777562806,155.2994490510767,92.25677699428797,63.06573628407068,46.77404032254714,22.937323256688444,79.03974852181818,139.18101316450054,nan,nan,nan,nan,nan,nan,nan,nan,17,85.87875233588046,17.03027963976257,196.16485693780766,A3,L5,I6,T1,uwb_only,S01,X_A3_U4_P2_L5_I6_T1__S01,U4,P2,
X_A3_U4_P2_L5_I6_T2,position_prior_screening,Phase4 L5 single-I position row.,34,17,40661,83.55394191934026,135.1493503921783,148.9336599672979,93.65512962961347,40661,50.261380256900445,92.09772221979705,104.15553080797544,60.790562658893315,40661,54.69006638474684,115.92573285707022,130.61960990668683,71.2445843384244,82.75866374442661,135.82679024957685,91.60249862870052,97.26492444146652,120.61659054895,79.86887336412889,57.020736453322044,40.615567331442776,10.225607674521939,65.33635580811676,114.4294403757357,nan,nan,nan,1.0,0.5703554931829561,2.1086448869031154,nan,nan,17,227.005423715301,25.55596238053664,551.5094928004878,A3,L5,I6,T2,position_fusion,S01,X_A3_U4_P2_L5_I6_T2__S01,U4,P2,
X_A3_U4_P2_L5_I6_T3,loose_ekf_screening,Phase4 L5 single-I position row.,34,17,40661,91.4210638704131,150.2946290284153,165.83621631028092,103.36346868088087,40661,54.49667248136649,101.65341959162905,117.64128689957415,67.0146018533478,40661,58.09143684740479,129.25382657194882,146.168469746269,78.69593252627936,91.28413444278749,162.75683875076726,102.97277589406158,110.16742208537818,137.73979626337007,86.28177843749395,63.76498548624471,44.90525446040897,18.63334205845007,70.09180147068372,125.07042616363502,nan,nan,nan,1.0,0.19728969443591726,0.7509511018959201,nan,nan,17,192.41167663373898,22.899120355690798,488.5098242532514,A3,L5,I6,T3,position_fusion,S01,X_A3_U4_P2_L5_I6_T3__S01,U4,P2,
X_A3_U4_P2_L5_I6_T4,loose_ukf_screening,Phase4 L5 single-I position row.,34,17,40661,90.18006739274718,147.8667950125494,162.75535232655224,101.68539930010472,40661,53.66775118409922,99.74617856315152,115.0024554114547,65.68426067906194,40661,57.49782224522755,127.75259728735091,144.09250680145146,77.62408343978547,89.56246144537597,160.09728395380333,100.71546528810235,107.7925676958492,135.97002457178564,86.01970965722427,63.4846941373458,43.05298421216537,17.627017048503376,70.67011071283743,123.80510954386665,nan,nan,nan,1.0,0.2638560722027632,1.0201331010364436,nan,nan,17,218.44212365389595,23.882919715934463,534.6116435022827,A3,L5,I6,T4,position_fusion,S01,X_A3_U4_P2_L5_I6_T4__S01,U4,P2,
X_A3_U4_P2_L5_I6_T5,error_state_ekf_screening,Phase4 L5 single-I position row.,34,17,40661,94.94517304166551,156.26142495843604,173.21271020929595,107.46458390055784,40661,56.761187988061785,106.58792264691893,124.29940193991959,70.37711438889959,40661,59.71711280907175,133.22583970521305,150.98643743190541,81.2139062181581,94.8011058325244,168.8688329840079,106.87706108412712,115.1724813943961,142.79664423110674,89.37460181100512,62.14067784097742,46.85098312931689,20.690308444449016,74.11609249703861,136.4290115626283,nan,nan,nan,1.0,0.13582327016177298,0.5501288251525704,nan,nan,17,137.12958571245704,19.71619801298567,369.3306262327485,A3,L5,I6,T5,position_fusion,S01,X_A3_U4_P2_L5_I6_T5__S01,U4,P2,
X_A3_U4_P2_L5_I7_T1,uwb_only_control_repeated_for_matrix,Phase4 L5 single-I position row.,34,17,40661,99.5274712213903,164.89643886588078,184.13767333680076,113.41413411042357,40661,60.034267373751355,114.94299013236872,134.32648632162244,75.52281759690587,40661,61.90957434924803,138.5340836463829,157.63647920336803,84.61128670716238,99.50019055959926,176.46914172276084,111.49586153620388,124.33854777562806,155.2994490510767,92.25677699428797,63.06573628407068,46.77404032254714,22.937323256688444,79.03974852181818,139.18101316450054,nan,nan,nan,nan,nan,nan,nan,nan,17,85.87875233588046,17.03027963976257,196.16485693780766,A3,L5,I7,T1,uwb_only,S01,X_A3_U4_P2_L5_I7_T1__S01,U4,P2,
X_A3_U4_P2_L5_I7_T2,position_prior_screening,Phase4 L5 single-I position row.,34,17,40661,89.62115997062587,147.26427922057948,161.37390630770588,100.82657383057034,40661,53.448612448565484,94.72212169490612,109.03028096059157,63.25356216047188,40661,59.86179884172975,128.28654309443596,144.14777123205454,78.51741758630865,88.6799288547542,159.586427723649,100.49336515087839,95.67373828263177,134.20361058290834,80.09118109989109,59.39058407698458,44.73970023463119,12.319046167168608,69.01956261146702,126.71488136698889,nan,nan,nan,1.0,0.514797646265639,1.9089133752120775,nan,nan,17,302.01840544554216,24.257623175077754,696.1197196891945,A3,L5,I7,T2,position_fusion,S01,X_A3_U4_P2_L5_I7_T2__S01,U4,P2,
X_A3_U4_P2_L5_I7_T3,loose_ekf_screening,Phase4 L5 single-I position row.,34,17,40661,94.71699745845802,154.51570145217255,171.1101593884488,106.52740611294378,40661,56.22739976438959,104.47219105743993,121.34023648379907,69.19618569402508,40661,59.929883428536414,132.69879299624358,150.158244950582,80.99367962100531,94.36903207011227,166.17033384850748,105.28673168486864,112.30683479328859,143.9798651943152,86.30645202689692,62.11140162444138,45.80499061238413,19.841856548560713,73.43013083413364,135.53894387268957,nan,nan,nan,1.0,0.1453597942201294,0.5617632952597447,nan,nan,17,156.4937130525337,20.769363908787682,421.29871726792373,A3,L5,I7,T3,position_fusion,S01,X_A3_U4_P2_L5_I7_T3__S01,U4,P2,
X_A3_U4_P2_L5_I7_T4,loose_ukf_screening,Phase4 L5 single-I position row.,34,17,40661,93.6809163771139,152.74261415471173,168.66511284813217,105.30338184514358,40661,55.6323930588397,102.56658247343599,119.0058308061154,68.05883011470864,40661,59.73420715206623,131.80870848510858,148.8296132607593,80.35420257485815,92.8120250242138,164.75548729078338,103.94113444259725,110.21149230506478,143.85143622876876,85.06482621765598,62.683833325853556,45.26145596149735,19.155761415916828,72.99874703983338,133.79388738096543,nan,nan,nan,1.0,0.20268971084801723,0.7690120054400804,nan,nan,17,177.60612602795834,21.90387787969877,463.4057561364012,A3,L5,I7,T4,position_fusion,S01,X_A3_U4_P2_L5_I7_T4__S01,U4,P2,
X_A3_U4_P2_L5_I7_T5,error_state_ekf_screening,Phase4 L5 single-I position row.,34,17,40661,96.72460294582368,158.85546186211954,176.71237796864094,109.55114698646624,40661,57.855660009220834,108.94651658739,127.41922460149654,71.97284966801519,40661,61.01926727137527,135.41675462791522,153.17014316992777,82.59154143564349,96.67620865994076,171.15898383587842,108.2830693304586,117.58136799904325,147.970362134683,90.6874317376681,61.03282372664576,46.39417879189722,21.742597979198422,75.82126441960256,138.30967221144442,nan,nan,nan,1.0,0.09175668961340651,0.37469898828439463,nan,nan,17,117.39899354076965,18.506725932712527,299.6683888976372,A3,L5,I7,T5,position_fusion,S01,X_A3_U4_P2_L5_I7_T5__S01,U4,P2,
X_A3_U4_P2_L5_I8_T1,uwb_only_control_repeated_for_matrix,Phase4 L5 single-I position row.,34,17,40661,99.5274712213903,164.89643886588078,184.13767333680076,113.41413411042357,40661,60.034267373751355,114.94299013236872,134.32648632162244,75.52281759690587,40661,61.90957434924803,138.5340836463829,157.63647920336803,84.61128670716238,99.50019055959926,176.46914172276084,111.49586153620388,124.33854777562806,155.2994490510767,92.25677699428797,63.06573628407068,46.77404032254714,22.937323256688444,79.03974852181818,139.18101316450054,nan,nan,nan,nan,nan,nan,nan,nan,17,85.87875233588046,17.03027963976257,196.16485693780766,A3,L5,I8,T1,uwb_only,S01,X_A3_U4_P2_L5_I8_T1__S01,U4,P2,
X_A3_U4_P2_L5_I8_T2,position_prior_screening,Phase4 L5 single-I position row.,34,17,40661,86.8642281164055,138.48852821285536,154.48975566775474,96.70599407451773,40661,53.155962161987595,93.56493560421444,107.18827052215639,62.851747444215995,40661,58.09306844417222,117.24812975167129,132.13588147264318,73.49630693544505,85.35944625905893,140.45879905818697,96.7117265926208,95.08420714263215,121.2197136556811,85.55867921393397,63.87345570632388,41.667479738830764,10.099233117135128,67.6459829253505,118.51109049747791,nan,nan,nan,1.0,0.559218600241242,2.0483327780298883,nan,nan,17,330.68413042118794,25.883495667212003,694.3147160433058,A3,L5,I8,T2,position_fusion,S01,X_A3_U4_P2_L5_I8_T2__S01,U4,P2,
X_A3_U4_P2_L5_I8_T3,loose_ekf_screening,Phase4 L5 single-I position row.,34,17,40661,92.79801503842128,151.63135352844176,167.39156541532665,104.50183865610573,40661,55.67524096750011,102.67844664890855,118.49637170894746,68.01380756967212,40661,58.874373156229694,130.07483158126024,146.6673163204673,79.33950001343824,94.50685319923389,162.5576676355526,105.20750516047363,109.25713092979927,138.93986795931804,89.29257052941821,65.85088397248744,42.10713851492915,18.884281286011827,69.63204828197931,127.26530307663134,nan,nan,nan,1.0,0.18089377698835735,0.7210055310128166,nan,nan,17,186.04303223671573,22.36727156704228,478.6436331842359,A3,L5,I8,T3,position_fusion,S01,X_A3_U4_P2_L5_I8_T3__S01,U4,P2,
X_A3_U4_P2_L5_I8_T4,loose_ukf_screening,Phase4 L5 single-I position row.,34,17,40661,91.69449549857809,149.59493352273148,164.4285479613511,103.03762050604362,40661,55.09813432828259,101.01901114513902,116.22596446391519,66.85849912693814,40661,58.48333613155012,128.44915377682946,144.61850283349918,78.40084396255357,92.97651787887014,159.22254848860203,104.69172134730636,107.06396538817495,138.37366902503265,87.5026780562765,66.13083929114686,37.56103600045583,17.92681755292915,69.86038400206738,123.88188711846352,nan,nan,nan,1.0,0.24546098163295493,0.9658424734309968,nan,nan,17,213.6268982649947,23.454982569651065,527.9195509450817,A3,L5,I8,T4,position_fusion,S01,X_A3_U4_P2_L5_I8_T4__S01,U4,P2,
X_A3_U4_P2_L5_I8_T5,error_state_ekf_screening,Phase4 L5 single-I position row.,34,17,40661,95.62924955343888,157.005114767924,174.1305973454621,108.14411599369632,40661,57.432393099778075,107.45805488184452,124.92731785316417,70.9837373797905,40661,60.108623408055564,133.73685252671453,151.3728587012165,81.58712430068226,96.52065872469555,169.7535751232544,107.77743011196526,115.53079539876622,145.35433036574926,90.92511490213616,63.81781152744351,45.309514988749186,20.95887294558287,74.6966624195494,137.0556076994822,nan,nan,nan,1.0,0.1264442407260919,0.5221494806779554,nan,nan,17,132.59133196208543,19.413375772758513,351.3535608874859,A3,L5,I8,T5,position_fusion,S01,X_A3_U4_P2_L5_I8_T5__S01,U4,P2,
X_A3_U4_P3_L5_I0_T1,uwb_only_control_repeated_for_matrix,Phase4 L5 single-I position row.,34,17,40661,101.66839777425025,166.5301827842229,185.99510162958958,115.27552161324948,40661,59.75228887075402,114.67214777157511,133.51076428348193,75.34921126572146,40661,64.83218728605812,141.9392471009105,161.69045418425344,87.24071437603213,104.15697138280163,179.0382721086031,115.64145785119197,127.44251077340647,158.37434455452427,90.72517093235841,63.35736077783609,48.81392203316733,25.604403434922745,86.97415304391176,152.0514503012663,nan,nan,nan,nan,nan,nan,nan,nan,17,58.424111061934425,20.094054723818545,144.40007413189372,A3,L5,I0,T1,uwb_only,S01,X_A3_U4_P3_L5_I0_T1__S01,U4,P3,
X_A3_U4_P3_L5_I0_T2,position_prior_screening,Phase4 L5 single-I position row.,34,17,40661,93.72507916601748,153.04200036202133,168.43641952587728,105.78053775721895,40661,51.79814766202675,98.16380889482717,113.80231921610229,64.53775013976981,40661,64.5426039234112,135.83731853236418,151.51537397709467,83.81169951207926,96.48228243053747,161.3262951952562,105.84355970114706,106.3869582981848,147.3469943183166,91.31576386624796,63.28768440302453,49.25421255292986,23.617151668630356,75.2775500100506,134.28558821433688,nan,nan,nan,1.0,0.3844206575407571,1.5378988404526268,nan,nan,17,159.30322369075952,21.02404260092362,388.6525048276667,A3,L5,I0,T2,position_fusion,S01,X_A3_U4_P3_L5_I0_T2__S01,U4,P3,
X_A3_U4_P3_L5_I0_T3,loose_ekf_screening,Phase4 L5 single-I position row.,34,17,40661,98.47906416646907,160.67126647358418,179.00063415065776,111.17252346856817,40661,56.44061902380538,108.67921546261303,125.77491759613069,71.15293995575311,40661,64.05683789477666,138.65181156477752,157.10315161003905,85.42007439719502,100.91040304130652,173.15205824596796,112.22910812688366,120.36744898757914,152.12380968902193,91.45410357646975,59.883108250497486,46.79447381784604,24.930828238370424,80.63567547326497,145.60588446913238,nan,nan,nan,1.0,0.10045153211660207,0.393666234668541,nan,nan,17,82.9262268049705,19.445503811239746,210.2851109786055,A3,L5,I0,T3,position_fusion,S01,X_A3_U4_P3_L5_I0_T3__S01,U4,P3,
X_A3_U4_P3_L5_I0_T4,loose_ukf_screening,Phase4 L5 single-I position row.,34,17,40661,97.56638326620741,159.30433649065705,177.1203359432476,110.1420433109594,40661,55.589806888579695,106.9752579989584,124.03515687897907,70.047575870468,40661,63.948684785272576,137.79254967054146,156.15739637183628,84.99768714138216,99.86352019636706,170.81395579804965,111.26996485394517,118.93634740439124,151.55198358444864,91.7936544355684,60.44800401085622,45.605894897651524,24.737721979019142,79.5294132805565,143.25477599953928,nan,nan,nan,1.0,0.14719910185335072,0.5781463052428091,nan,nan,17,91.3767288474838,19.260821378325204,231.90862822820858,A3,L5,I0,T4,position_fusion,S01,X_A3_U4_P3_L5_I0_T4__S01,U4,P3,
X_A3_U4_P3_L5_I0_T5,error_state_ekf_screening,Phase4 L5 single-I position row.,34,17,40661,100.10806473806849,163.75917318589256,182.89976370324678,113.39545680110027,40661,58.30803343857009,112.06700310048633,129.98487790873656,73.46004850177735,40661,64.46863699264009,140.25760050364443,159.5578198335745,86.38374208869813,103.15112914946225,175.85656281578582,114.11584423934664,123.65184645586469,155.40785204357815,91.34258766025616,62.01286575776934,47.90983372341793,25.308413361317463,83.31128146325094,147.2753308392385,nan,nan,nan,1.0,0.05377669887601752,0.21299793145471219,nan,nan,17,68.16205591360198,19.80828438100417,171.2461194180972,A3,L5,I0,T5,position_fusion,S01,X_A3_U4_P3_L5_I0_T5__S01,U4,P3,
X_A3_U4_P3_L5_I1_T1,uwb_only_control_repeated_for_matrix,Phase4 L5 single-I position row.,34,17,40661,101.66839777425025,166.5301827842229,185.99510162958958,115.27552161324948,40661,59.75228887075402,114.67214777157511,133.51076428348193,75.34921126572146,40661,64.83218728605812,141.9392471009105,161.69045418425344,87.24071437603213,104.15697138280163,179.0382721086031,115.64145785119197,127.44251077340647,158.37434455452427,90.72517093235841,63.35736077783609,48.81392203316733,25.604403434922745,86.97415304391176,152.0514503012663,nan,nan,nan,nan,nan,nan,nan,nan,17,58.424111061934425,20.094054723818545,144.40007413189372,A3,L5,I1,T1,uwb_only,S01,X_A3_U4_P3_L5_I1_T1__S01,U4,P3,
X_A3_U4_P3_L5_I1_T2,position_prior_screening,Phase4 L5 single-I position row.,34,17,40661,86.25326944064558,138.23368654286858,154.1229228058828,96.39515078624085,40661,48.53876509774244,92.12958490637452,105.64430809345531,60.01062253619305,40661,56.42791673057923,122.2071282942029,137.80808388096443,75.43706169994077,85.49859194090533,140.21658740481786,93.19518958058853,99.27500894453024,125.6520946835252,86.59479537803625,66.01652000107268,42.11170928773646,19.530607389055007,70.6965161332304,120.14820650800968,nan,nan,nan,1.0,0.5639290400407198,2.080798843132092,nan,nan,17,289.20066613681473,20.10582990936706,602.8577970940293,A3,L5,I1,T2,position_fusion,S01,X_A3_U4_P3_L5_I1_T2__S01,U4,P3,
X_A3_U4_P3_L5_I1_T3,loose_ekf_screening,Phase4 L5 single-I position row.,34,17,40661,93.32614155717053,151.13847123665607,167.5278360806638,104.75079462866975,40661,53.1632141668831,100.48101931441985,116.73280084724328,66.10377168350963,40661,61.47615269532707,131.9328061401552,149.17898677809512,81.25897085585184,94.14187948523269,162.21178664322383,106.35883962755236,111.06135234371112,143.70317001624323,90.06042051443858,62.48844692474293,43.04625026698511,24.102445969470722,75.98817109470824,135.6354390470575,nan,nan,nan,1.0,0.20143777046201755,0.8090708316222899,nan,nan,17,136.55156594064243,19.027616649638503,335.40951346957326,A3,L5,I1,T3,position_fusion,S01,X_A3_U4_P3_L5_I1_T3__S01,U4,P3,
X_A3_U4_P3_L5_I1_T4,loose_ukf_screening,Phase4 L5 single-I position row.,34,17,40661,92.06081909256474,148.8168900821838,164.60012480744817,103.06363361417355,40661,52.13891246456188,98.20119741187042,113.85746913341144,64.67637780285746,40661,60.81602831814655,130.371676463894,147.05624911447967,80.2438703457071,92.23206559434979,158.9918653801414,104.90491095441963,108.4563076561434,142.1482311232995,88.71885356888296,61.626111035589574,42.33779611700538,23.90640181438289,75.12906577043758,134.55077080847713,nan,nan,nan,1.0,0.2712096955334907,1.068498951102582,nan,nan,17,158.13023084912268,19.906885382106225,381.3695378256757,A3,L5,I1,T4,position_fusion,S01,X_A3_U4_P3_L5_I1_T4__S01,U4,P3,
X_A3_U4_P3_L5_I1_T5,error_state_ekf_screening,Phase4 L5 single-I position row.,34,17,40661,96.94946985484836,157.57329281264504,175.42722616906235,109.14271215665984,40661,55.7609557165488,106.40088767726884,123.65979241231125,69.9133208133148,40661,63.05759664014454,135.92140699168783,154.26413237308816,83.81085365133819,98.32811121377459,169.24893376183434,110.03908662774398,117.93592639551298,151.54972888000952,91.02721879502187,62.40250644336513,43.985655743863504,24.738168158545307,79.05880779579732,142.920754190291,nan,nan,nan,1.0,0.14245201198224822,0.6015609236070601,nan,nan,17,94.2598527749273,19.239322946576237,237.71911580620184,A3,L5,I1,T5,position_fusion,S01,X_A3_U4_P3_L5_I1_T5__S01,U4,P3,
X_A3_U4_P3_L5_I2_T1,uwb_only_control_repeated_for_matrix,Phase4 L5 single-I position row.,34,17,40661,101.66839777425025,166.5301827842229,185.99510162958958,115.27552161324948,40661,59.75228887075402,114.67214777157511,133.51076428348193,75.34921126572146,40661,64.83218728605812,141.9392471009105,161.69045418425344,87.24071437603213,104.15697138280163,179.0382721086031,115.64145785119197,127.44251077340647,158.37434455452427,90.72517093235841,63.35736077783609,48.81392203316733,25.604403434922745,86.97415304391176,152.0514503012663,nan,nan,nan,nan,nan,nan,nan,nan,17,58.424111061934425,20.094054723818545,144.40007413189372,A3,L5,I2,T1,uwb_only,S01,X_A3_U4_P3_L5_I2_T1__S01,U4,P3,
X_A3_U4_P3_L5_I2_T2,position_prior_screening,Phase4 L5 single-I position row.,34,17,40661,87.29934316526742,142.487153338419,157.52297724060014,98.20435432279433,40661,49.42302448452052,92.69073715388355,106.82799149851233,60.956082447697064,40661,58.68499601378403,124.59795942538767,139.63767631470114,76.99643641485294,87.6351657251893,151.2866565424453,97.55294297953333,95.85297922808019,124.93451114532044,88.80942271409478,65.53715963023654,43.75415994577338,19.808122266461766,76.98749363956259,133.81982397712108,nan,nan,nan,1.0,0.6046652955655067,2.3134272110017227,nan,nan,17,175.94808364122218,20.274969191771447,474.52490204201587,A3,L5,I2,T2,position_fusion,S01,X_A3_U4_P3_L5_I2_T2__S01,U4,P3,
X_A3_U4_P3_L5_I2_T3,loose_ekf_screening,Phase4 L5 single-I position row.,34,17,40661,93.3769720661559,151.12262046499632,167.43275440379517,104.73493301807707,40661,53.0619417925457,100.25719387822735,116.08271880484584,66.00827368638195,40661,61.72785564024639,131.92796905429844,148.52226003613987,81.3161361554076,97.15461077029559,161.26695242316902,107.26686143442154,110.88696502184955,143.7570917040547,88.2011360700406,65.56414441963571,48.479637945633385,24.025679287534103,75.39801737270439,133.85834924760212,nan,nan,nan,1.0,0.2114944490132134,0.8531908300414306,nan,nan,17,131.97590543619415,19.26180602416406,330.2253277610603,A3,L5,I2,T3,position_fusion,S01,X_A3_U4_P3_L5_I2_T3__S01,U4,P3,
X_A3_U4_P3_L5_I2_T4,loose_ukf_screening,Phase4 L5 single-I position row.,34,17,40661,92.06283350233491,148.95511178843043,164.4895303190272,103.14612282312581,40661,52.0587893213971,97.89941354940083,113.33524996397233,64.63723641851095,40661,60.85959177360564,130.4358804437053,146.7333954567323,80.38128091552709,96.78026368843656,158.8956519892771,105.83378254061029,107.60575202719565,142.6451457515584,85.97297718787422,66.6535051605416,46.730926409050426,23.8094758136682,74.39390242784059,131.3935426456991,nan,nan,nan,1.0,0.2839639486193353,1.1294995254709232,nan,nan,17,147.05569173548287,20.19623478776134,367.3254855067293,A3,L5,I2,T4,position_fusion,S01,X_A3_U4_P3_L5_I2_T4__S01,U4,P3,
X_A3_U4_P3_L5_I2_T5,error_state_ekf_screening,Phase4 L5 single-I position row.,34,17,40661,96.77819981234644,157.34536831148122,174.9507127972732,109.0080280806136,40661,55.65207607462051,106.28401762018458,122.98658824029943,69.7607564290547,40661,63.06654302414552,135.92219564366377,154.11543470517017,83.76268291112665,99.85302553367234,169.98640267843672,110.42861500217296,117.71741111772349,149.72245810347312,91.56266551869517,63.475691720633336,44.7431587975139,24.71813949205705,78.90763898200284,142.16259218454226,nan,nan,nan,1.0,0.14675888363097844,0.6270385930325044,nan,nan,17,94.91169199084305,19.18527029084146,239.8593951061452,A3,L5,I2,T5,position_fusion,S01,X_A3_U4_P3_L5_I2_T5__S01,U4,P3,
X_A3_U4_P3_L5_I3_T1,uwb_only_control_repeated_for_matrix,Phase4 L5 single-I position row.,34,17,40661,101.66839777425025,166.5301827842229,185.99510162958958,115.27552161324948,40661,59.75228887075402,114.67214777157511,133.51076428348193,75.34921126572146,40661,64.83218728605812,141.9392471009105,161.69045418425344,87.24071437603213,104.15697138280163,179.0382721086031,115.64145785119197,127.44251077340647,158.37434455452427,90.72517093235841,63.35736077783609,48.81392203316733,25.604403434922745,86.97415304391176,152.0514503012663,nan,nan,nan,nan,nan,nan,nan,nan,17,58.424111061934425,20.094054723818545,144.40007413189372,A3,L5,I3,T1,uwb_only,S01,X_A3_U4_P3_L5_I3_T1__S01,U4,P3,
X_A3_U4_P3_L5_I3_T2,position_prior_screening,Phase4 L5 single-I position row.,34,17,40661,83.46305143311575,132.9085790309556,146.9938454500171,93.20706837017092,40661,47.63568552418535,86.71411302484053,101.03465583644007,57.7675030790813,40661,57.93045217373299,116.37678286788378,129.95523074297262,73.14692872684435,83.68469593958497,135.24077545503053,89.72813106878826,89.66495785303448,120.25184526964404,89.1447227053647,65.78570659316249,40.461310429751904,18.655963564867562,70.24016066909236,117.86627054863979,nan,nan,nan,1.0,0.5458885285068185,2.1370510803786074,nan,nan,17,357.65385177414817,20.434568498683916,755.5658723890577,A3,L5,I3,T2,position_fusion,S01,X_A3_U4_P3_L5_I3_T2__S01,U4,P3,
X_A3_U4_P3_L5_I3_T3,loose_ekf_screening,Phase4 L5 single-I position row.,34,17,40661,92.38389840106916,149.1608587644302,165.0318749693076,103.50343052617465,40661,52.38446663432444,98.68150021999092,114.38220418421685,64.96356759801711,40661,61.31060918022422,130.23982598343775,146.7407739564835,80.57726115737943,94.59237779079196,158.14641809678736,104.8317790326435,110.9164762393992,144.29129940535847,91.32045500425755,63.15841259773536,43.57128219485617,23.99980530083741,74.81807928839186,132.82750551367536,nan,nan,nan,1.0,0.22398374686575712,0.9084555276840174,nan,nan,17,152.29395354427515,19.75822273348922,366.82632996112744,A3,L5,I3,T3,position_fusion,S01,X_A3_U4_P3_L5_I3_T3__S01,U4,P3,
X_A3_U4_P3_L5_I3_T4,loose_ukf_screening,Phase4 L5 single-I position row.,34,17,40661,90.8602104827992,146.63504537583398,161.84086904064898,101.72782348400717,40661,51.25246496860837,96.17940938996423,111.43323384952559,63.46902064212711,40661,60.812432223973474,128.5116648361602,144.38010246669933,79.49989616045147,92.91627019093391,155.00684658514766,102.72737172579099,107.86508774546729,141.90846240894888,90.45229881672024,64.01474040356281,43.98399599594791,23.78176909498424,74.08906169266928,132.0285210253378,nan,nan,nan,1.0,0.29567275962119455,1.177326892540071,nan,nan,17,177.60018669926413,20.777088790879134,417.73934919001584,A3,L5,I3,T4,position_fusion,S01,X_A3_U4_P3_L5_I3_T4__S01,U4,P3,
X_A3_U4_P3_L5_I3_T5,error_state_ekf_screening,Phase4 L5 single-I position row.,34,17,40661,96.08035273874405,156.25424945596296,173.3248505525013,108.1370729174436,40661,55.16486850279457,105.10865652541487,121.61432236644698,68.9870398653883,40661,62.725020019030694,134.86363622139083,152.8525296782816,83.27313414159359,98.55163957732144,166.43985432310666,108.94197655505711,117.57834735961711,150.91260497586734,92.22032620331902,62.872068015010015,46.007472967231024,24.59994194136766,78.04347385336115,140.5215258014714,nan,nan,nan,1.0,0.1689839989032993,0.7026840896964175,nan,nan,17,102.62277109564064,19.069780423930183,257.14932169865483,A3,L5,I3,T5,position_fusion,S01,X_A3_U4_P3_L5_I3_T5__S01,U4,P3,
X_A3_U4_P3_L5_I4_T1,uwb_only_control_repeated_for_matrix,Phase4 L5 single-I position row.,34,17,40661,101.66839777425025,166.5301827842229,185.99510162958958,115.27552161324948,40661,59.75228887075402,114.67214777157511,133.51076428348193,75.34921126572146,40661,64.83218728605812,141.9392471009105,161.69045418425344,87.24071437603213,104.15697138280163,179.0382721086031,115.64145785119197,127.44251077340647,158.37434455452427,90.72517093235841,63.35736077783609,48.81392203316733,25.604403434922745,86.97415304391176,152.0514503012663,nan,nan,nan,nan,nan,nan,nan,nan,17,58.424111061934425,20.094054723818545,144.40007413189372,A3,L5,I4,T1,uwb_only,S01,X_A3_U4_P3_L5_I4_T1__S01,U4,P3,
X_A3_U4_P3_L5_I4_T2,position_prior_screening,Phase4 L5 single-I position row.,34,17,40661,84.06691977390497,135.48637602917765,151.9703760167609,94.33177278202011,40661,47.29240227632132,88.52341536655223,101.8802744160468,58.026748445852405,40661,57.64620501858872,119.16135513783956,136.32503022151877,74.37324667513472,83.55184986298156,135.3645398633641,91.27982319844672,88.89148575248555,116.98330746296065,76.84920606580096,62.51612410188099,47.117059587431186,17.782806427162143,66.73143420091078,115.42407413981576,nan,nan,nan,1.0,0.5795668698896139,2.227661204771586,nan,nan,17,430.99913009622014,20.83951592386552,749.0394119855855,A3,L5,I4,T2,position_fusion,S01,X_A3_U4_P3_L5_I4_T2__S01,U4,P3,
X_A3_U4_P3_L5_I4_T3,loose_ekf_screening,Phase4 L5 single-I position row.,34,17,40661,92.01573120670041,148.96210165749488,164.54848776262688,103.16239153403367,40661,52.25167080749367,98.06710900795993,113.58481643118894,64.6818127109547,40661,61.04497638239059,130.48193075333756,147.13686987912286,80.36629972473688,93.35279884790276,159.12582454476257,103.83706243848454,108.3335542432165,143.92300989993498,88.80319661436431,62.647452655964585,44.367583301321815,23.826099907857213,74.54235719466807,132.84514586065998,nan,nan,nan,1.0,0.22877896774777334,0.9588056612960614,nan,nan,17,161.05018616544223,20.108654479052007,382.75540709205177,A3,L5,I4,T3,position_fusion,S01,X_A3_U4_P3_L5_I4_T3__S01,U4,P3,
X_A3_U4_P3_L5_I4_T4,loose_ukf_screening,Phase4 L5 single-I position row.,34,17,40661,90.56408584888374,146.48461398272192,161.48577886477236,101.4648477956185,40661,51.41696589734693,95.82024777820091,110.8989141107525,63.24515300998297,40661,60.474590454399845,129.08449791538578,145.00862863770135,79.34208189184265,92.72429121313017,156.4771101667753,102.25156997852166,105.96778058760626,142.06749678206495,86.81796463749774,63.93291941479559,43.628233370816304,23.559250715240807,74.06798927052449,131.52990921773198,nan,nan,nan,1.0,0.30716270593242356,1.2452759812613063,nan,nan,17,188.5994463930117,21.178030548046593,434.7476170218121,A3,L5,I4,T4,position_fusion,S01,X_A3_U4_P3_L5_I4_T4__S01,U4,P3,
X_A3_U4_P3_L5_I4_T5,error_state_ekf_screening,Phase4 L5 single-I position row.,34,17,40661,95.73422178720338,155.49063032734682,172.74244577510382,107.72413956549372,40661,54.92281070681004,104.62842614096705,120.91618228157903,68.63764275369348,40661,62.565112243928525,134.67354880851053,152.48655589472128,83.02628645400392,96.72137787668052,167.43050204148028,108.14930820662173,116.49807777135581,150.9024654573941,91.48893671990584,61.63640728615343,45.887503711885074,24.467933354979152,77.65839609712603,140.01977203429598,nan,nan,nan,1.0,0.17475716127411278,0.7426803670170476,nan,nan,17,107.28795908838444,18.96284389966695,267.9421432896984,A3,L5,I4,T5,position_fusion,S01,X_A3_U4_P3_L5_I4_T5__S01,U4,P3,
X_A3_U4_P3_L5_I5_T1,uwb_only_control_repeated_for_matrix,Phase4 L5 single-I position row.,34,17,40661,101.66839777425025,166.5301827842229,185.99510162958958,115.27552161324948,40661,59.75228887075402,114.67214777157511,133.51076428348193,75.34921126572146,40661,64.83218728605812,141.9392471009105,161.69045418425344,87.24071437603213,104.15697138280163,179.0382721086031,115.64145785119197,127.44251077340647,158.37434455452427,90.72517093235841,63.35736077783609,48.81392203316733,25.604403434922745,86.97415304391176,152.0514503012663,nan,nan,nan,nan,nan,nan,nan,nan,17,58.424111061934425,20.094054723818545,144.40007413189372,A3,L5,I5,T1,uwb_only,S01,X_A3_U4_P3_L5_I5_T1__S01,U4,P3,
X_A3_U4_P3_L5_I5_T2,position_prior_screening,Phase4 L5 single-I position row.,34,17,40661,80.53352379457395,127.10026028637556,141.51916594643544,89.1845086069073,40661,45.88738753656064,86.1763161833171,99.6788438532509,56.79867944611308,40661,55.38287090668496,108.86562471028014,123.37537586119697,68.75890188647006,83.47252664347079,130.16461513933882,86.98926529124299,90.98479010713336,111.2564257931048,79.64535946415968,59.077203634511136,40.77452996946181,15.788627167925029,63.89443363466812,108.00290506755992,nan,nan,nan,1.0,0.6564392010980162,2.4292127915975823,nan,nan,17,298.3009862562538,21.714453431713423,754.0190421362364,A3,L5,I5,T2,position_fusion,S01,X_A3_U4_P3_L5_I5_T2__S01,U4,P3,
X_A3_U4_P3_L5_I5_T3,loose_ekf_screening,Phase4 L5 single-I position row.,34,17,40661,89.42770773252207,143.68249996958312,158.26630659167395,99.7372617510503,40661,50.04742036517815,94.2782432483971,109.06523674000834,62.05918244142369,40661,59.9914575489463,126.303160942148,141.9678258641452,78.07803312263707,93.39679651375921,153.70911625218957,101.36745894955777,101.96720990525259,139.37226382347262,87.66738682723428,64.56546482819817,42.35978735415671,23.425702112279566,74.15701203781379,132.2052797886015,nan,nan,nan,1.0,0.28766294927305697,1.1747302687456402,nan,nan,17,199.7557113412081,21.564579596092358,465.88214452582883,A3,L5,I5,T3,position_fusion,S01,X_A3_U4_P3_L5_I5_T3__S01,U4,P3,
X_A3_U4_P3_L5_I5_T4,loose_ukf_screening,Phase4 L5 single-I position row.,34,17,40661,87.77394457506689,140.56053375976538,154.87665252807565,97.74819368257101,40661,49.000732145164164,91.85006032364451,106.62278026594686,60.527162244602735,40661,59.42821330173206,124.080056793327,139.18784556007063,76.75397057365144,92.00365695644126,149.39095113060975,99.20332350338634,98.94352894045939,133.88090305177678,86.98817985117523,63.413540244269655,40.749042480753815,22.96742863632764,73.59227421385495,131.74369906639703,nan,nan,nan,1.0,0.3721345394211689,1.4854152153345472,nan,nan,17,231.3857001601324,21.263985358392063,526.5628731964728,A3,L5,I5,T4,position_fusion,S01,X_A3_U4_P3_L5_I5_T4__S01,U4,P3,
X_A3_U4_P3_L5_I5_T5,error_state_ekf_screening,Phase4 L5 single-I position row.,34,17,40661,93.61678708223425,151.4053395891034,167.9252111288532,105.05436067689327,40661,53.24247373005696,101.00837296197443,116.97254469435785,66.42098135578473,40661,61.777462642077694,131.72075002092902,148.88896754699158,81.39208765577447,95.79217488158872,161.98803898282267,106.1109100359134,112.95229244530489,147.09217292170644,89.6984538801238,64.25147140792636,43.75263440234909,24.121230114704872,76.02406213289206,135.48627882819721,nan,nan,nan,1.0,0.23397932995019824,0.9934330586566025,nan,nan,17,130.68627176546732,18.90846912605241,322.62800242276165,A3,L5,I5,T5,position_fusion,S01,X_A3_U4_P3_L5_I5_T5__S01,U4,P3,
X_A3_U4_P3_L5_I6_T1,uwb_only_control_repeated_for_matrix,Phase4 L5 single-I position row.,34,17,40661,101.66839777425025,166.5301827842229,185.99510162958958,115.27552161324948,40661,59.75228887075402,114.67214777157511,133.51076428348193,75.34921126572146,40661,64.83218728605812,141.9392471009105,161.69045418425344,87.24071437603213,104.15697138280163,179.0382721086031,115.64145785119197,127.44251077340647,158.37434455452427,90.72517093235841,63.35736077783609,48.81392203316733,25.604403434922745,86.97415304391176,152.0514503012663,nan,nan,nan,nan,nan,nan,nan,nan,17,58.424111061934425,20.094054723818545,144.40007413189372,A3,L5,I6,T1,uwb_only,S01,X_A3_U4_P3_L5_I6_T1__S01,U4,P3,
X_A3_U4_P3_L5_I6_T2,position_prior_screening,Phase4 L5 single-I position row.,34,17,40661,82.00773032837107,130.30946333737717,144.7596851467465,90.97968310652529,40661,47.1013814531951,85.23206310857925,97.52052830433303,56.74326349195955,40661,55.80445701201643,114.52952940352179,128.7870273876465,71.1161359077236,79.99041036088887,132.1829752276593,89.02851854259637,87.44244520011094,120.28617349551038,80.55530074269659,58.56231483233108,37.887641957850974,16.926305229589417,65.41064487151193,114.60132983897083,nan,nan,nan,1.0,0.645554248265839,2.4947849229591084,nan,nan,17,215.61516502851924,19.61797952398996,542.7452053265569,A3,L5,I6,T2,position_fusion,S01,X_A3_U4_P3_L5_I6_T2__S01,U4,P3,
X_A3_U4_P3_L5_I6_T3,loose_ekf_screening,Phase4 L5 single-I position row.,34,17,40661,89.98166322018227,146.02815567843672,160.51268309920843,100.94724614364388,40661,50.80910358709123,95.18032802640559,110.60168435053856,62.81471895359915,40661,60.31388145390781,128.3431243535499,144.5231563215592,79.02314589261665,90.39227918262202,156.6071136288089,100.83263209052355,106.68630217275023,139.34524498442272,86.22256930286683,61.014045925734386,43.80383332368592,23.680895647243545,74.22635082540367,131.7203104464579,nan,nan,nan,1.0,0.271910753726348,1.1253877810820254,nan,nan,17,178.41800650988674,21.01338277004902,421.67186933531536,A3,L5,I6,T3,position_fusion,S01,X_A3_U4_P3_L5_I6_T3__S01,U4,P3,
X_A3_U4_P3_L5_I6_T4,loose_ukf_screening,Phase4 L5 single-I position row.,34,17,40661,88.44686378763043,143.04395067724246,157.1722532417756,99.01904502306445,40661,49.7643360953787,92.58948467650798,107.43404902478089,61.234049953063106,40661,59.569878682478475,126.54238654745222,141.95004050476632,77.81492404176359,88.66424796506519,152.8013327365495,98.56643915932537,103.88418887657798,137.85668082928657,84.72233526500969,61.447635194028955,43.289389130411166,23.360261319102932,73.99027241492941,130.29387060616676,nan,nan,nan,1.0,0.3483256230930411,1.4188018377527931,nan,nan,17,204.57551063530587,21.616778176100183,473.127035141572,A3,L5,I6,T4,position_fusion,S01,X_A3_U4_P3_L5_I6_T4__S01,U4,P3,
X_A3_U4_P3_L5_I6_T5,error_state_ekf_screening,Phase4 L5 single-I position row.,34,17,40661,94.33017267292374,153.2916388178811,169.88215958638818,106.09185910841892,40661,53.83586639742011,102.2031269400713,118.65011151752336,67.20782901867703,40661,62.05594591021827,133.14126581481628,150.6387421837419,82.08891696006765,95.33886901547426,165.0813998342993,106.95362713483746,113.67957166590386,147.93115677393416,90.1625943769927,62.062520643179106,45.485176951715744,24.286805736785396,76.8659169426541,136.64179785964228,nan,nan,nan,1.0,0.20649034855689433,0.879694893097049,nan,nan,17,119.27684917881813,18.751779499432587,296.01174222133784,A3,L5,I6,T5,position_fusion,S01,X_A3_U4_P3_L5_I6_T5__S01,U4,P3,
X_A3_U4_P3_L5_I7_T1,uwb_only_control_repeated_for_matrix,Phase4 L5 single-I position row.,34,17,40661,101.66839777425025,166.5301827842229,185.99510162958958,115.27552161324948,40661,59.75228887075402,114.67214777157511,133.51076428348193,75.34921126572146,40661,64.83218728605812,141.9392471009105,161.69045418425344,87.24071437603213,104.15697138280163,179.0382721086031,115.64145785119197,127.44251077340647,158.37434455452427,90.72517093235841,63.35736077783609,48.81392203316733,25.604403434922745,86.97415304391176,152.0514503012663,nan,nan,nan,nan,nan,nan,nan,nan,17,58.424111061934425,20.094054723818545,144.40007413189372,A3,L5,I7,T1,uwb_only,S01,X_A3_U4_P3_L5_I7_T1__S01,U4,P3,
X_A3_U4_P3_L5_I7_T2,position_prior_screening,Phase4 L5 single-I position row.,34,17,40661,87.07059437068953,142.7409149104232,156.40784417391018,98.08899312470591,40661,49.58339315746047,87.96826001596692,100.99194243786629,58.79477160210521,40661,61.00151487288315,126.65919543083942,141.6564915761428,78.51512850702652,89.89420887553368,151.10762096707538,96.81177245706412,90.7093235221933,129.88023500867422,81.54035729686198,58.59665287109884,43.21116636585589,19.338282687141543,71.14140131582116,128.6821819644972,nan,nan,nan,1.0,0.6107248597084475,2.2919978822351226,nan,nan,17,291.89898103472535,20.464080546621062,665.9151368376384,A3,L5,I7,T2,position_fusion,S01,X_A3_U4_P3_L5_I7_T2__S01,U4,P3,
X_A3_U4_P3_L5_I7_T3,loose_ekf_screening,Phase4 L5 single-I position row.,34,17,40661,93.50114052012525,150.83349452208594,166.9703515154084,104.68540899101158,40661,53.018665635457644,99.25842014025994,115.11428186136784,65.54793237184786,40661,62.502226890413,132.2440699722281,149.03223687782634,81.62415952027331,95.67288615878529,161.02409678192322,104.98579259304154,110.90086535670311,147.42960539054545,86.91439591886251,63.55635517565096,43.47879865518394,24.062012554847684,75.8149287021713,134.92030486038888,nan,nan,nan,1.0,0.21091120872864558,0.863219035631298,nan,nan,17,141.245867152342,19.26244636822048,345.92235913252136,A3,L5,I7,T3,position_fusion,S01,X_A3_U4_P3_L5_I7_T3__S01,U4,P3,
X_A3_U4_P3_L5_I7_T4,loose_ukf_screening,Phase4 L5 single-I position row.,34,17,40661,92.13094264360238,148.71680201402881,163.92980827452826,103.11665252129426,40661,52.04952733537087,96.81773223265814,112.02925136502583,64.06023991732773,40661,62.104910719035615,131.1307228405035,147.07362158932574,80.80426776434369,95.16562082020855,157.43478724379426,102.51767775111,108.12187701339951,144.40923969891173,85.08897202579277,65.42639035517564,43.75041557493614,23.857994633523305,75.37128666258567,133.76134354412568,nan,nan,nan,1.0,0.28359751225518626,1.123818765055411,nan,nan,17,163.7758041399253,20.182327804145757,393.8099103786438,A3,L5,I7,T4,position_fusion,S01,X_A3_U4_P3_L5_I7_T4__S01,U4,P3,
X_A3_U4_P3_L5_I7_T5,error_state_ekf_screening,Phase4 L5 single-I position row.,34,17,40661,96.86308258152683,157.15808172275808,174.61319773976706,108.92701019376008,40661,55.459646269527994,105.79156901529439,122.66170139745458,69.51068734732834,40661,63.34624022118112,135.9660889534175,154.05894533313085,83.86511726727318,99.41505859643361,169.63225378529566,109.28541640008386,117.77519404413448,152.41376737369706,90.21607091689737,61.161201225298484,43.72895739172651,24.6874104063574,79.1035548119593,141.89875181635983,nan,nan,nan,1.0,0.1504148113991815,0.6403079346730673,nan,nan,17,96.94340535697087,19.159111498200673,244.24051034668952,A3,L5,I7,T5,position_fusion,S01,X_A3_U4_P3_L5_I7_T5__S01,U4,P3,
X_A3_U4_P3_L5_I8_T1,uwb_only_control_repeated_for_matrix,Phase4 L5 single-I position row.,34,17,40661,101.66839777425025,166.5301827842229,185.99510162958958,115.27552161324948,40661,59.75228887075402,114.67214777157511,133.51076428348193,75.34921126572146,40661,64.83218728605812,141.9392471009105,161.69045418425344,87.24071437603213,104.15697138280163,179.0382721086031,115.64145785119197,127.44251077340647,158.37434455452427,90.72517093235841,63.35736077783609,48.81392203316733,25.604403434922745,86.97415304391176,152.0514503012663,nan,nan,nan,nan,nan,nan,nan,nan,17,58.424111061934425,20.094054723818545,144.40007413189372,A3,L5,I8,T1,uwb_only,S01,X_A3_U4_P3_L5_I8_T1__S01,U4,P3,
X_A3_U4_P3_L5_I8_T2,position_prior_screening,Phase4 L5 single-I position row.,34,17,40661,85.10185158422999,133.92193672621005,147.4487247476802,93.96431978442139,40661,48.9718024376811,87.75844927571976,100.8949249028332,58.76156912181069,40661,59.45401259762025,116.00553578616791,130.18708821917448,73.3237436775542,87.01844602101627,135.06084548401793,93.27928339598196,90.25352141736448,118.63889809303663,85.7759080583325,63.00024693846473,43.06640326628798,16.927067203474735,69.17083313378149,120.27313626508912,nan,nan,nan,1.0,0.6524495703609385,2.460995839726061,nan,nan,17,324.1771803849726,20.193529953400798,686.889373611412,A3,L5,I8,T2,position_fusion,S01,X_A3_U4_P3_L5_I8_T2__S01,U4,P3,
X_A3_U4_P3_L5_I8_T3,loose_ekf_screening,Phase4 L5 single-I position row.,34,17,40661,91.37066353740714,146.93639146401034,162.10377420889833,102.18285808126424,40661,51.94611892719757,96.7273297368658,111.62205689162147,63.940166376863644,40661,61.14962974972684,128.8635656279405,144.94299542796853,79.70565606878087,94.28603159705577,156.73503085640039,103.78471092566065,106.11088933683025,139.6688270623997,88.55734660401487,66.26467508908135,37.686777184650566,23.75356660686481,74.1617234133226,131.87069041559076,nan,nan,nan,1.0,0.2597666567911441,1.0503645467224465,nan,nan,17,173.12597437588903,20.57169249781805,412.468316671406,A3,L5,I8,T3,position_fusion,S01,X_A3_U4_P3_L5_I8_T3__S01,U4,P3,
X_A3_U4_P3_L5_I8_T4,loose_ukf_screening,Phase4 L5 single-I position row.,34,17,40661,89.94880520033495,144.3726569284747,158.54828804320513,100.44698656469697,40661,51.133394231759404,94.45683491834984,108.81221809953773,62.52147937314918,40661,60.798827903046686,127.12633901661752,142.32755129967063,78.61718467944077,93.01879132472922,153.58270577094677,102.23848286941583,103.16955200196611,135.79281953432212,87.25276911374996,66.12923105208004,39.56513446236579,23.4619100078323,73.9176267233987,130.5989121463637,nan,nan,nan,1.0,0.33804382450965365,1.3587002696770334,nan,nan,17,201.70105909858546,21.410065496658376,468.0730140323795,A3,L5,I8,T4,position_fusion,S01,X_A3_U4_P3_L5_I8_T4__S01,U4,P3,
X_A3_U4_P3_L5_I8_T5,error_state_ekf_screening,Phase4 L5 single-I position row.,34,17,40661,95.19609467766169,154.1566140256451,170.97047986827425,106.91607806757044,40661,54.42642624107319,103.32163317279911,119.67766981820083,67.96536175695508,40661,62.428091557980224,133.70378406207067,151.2307291681709,82.5333711331183,97.33847296510648,164.25720743277088,108.19614868509487,114.63729279089371,147.38937356753146,91.87796848083333,64.03263515957879,43.557449940824824,24.343394397980887,77.08137267791906,138.5115345357711,nan,nan,nan,1.0,0.2000116752472274,0.8104970544008142,nan,nan,17,114.5603080389309,18.840164936905637,286.23970719737906,A3,L5,I8,T5,position_fusion,S01,X_A3_U4_P3_L5_I8_T5__S01,U4,P3,
X_A3_U4_P4_L5_I0_T1,uwb_only_control_repeated_for_matrix,Phase4 L5 single-I position row.,34,17,40661,84.73498652701309,144.6803901354446,159.35034655754023,97.60152508471509,40661,46.511902601349725,81.2373077009308,93.35151674775749,54.83240831668255,40661,61.214285710916215,131.9064312967414,146.83531935802944,80.7432021724112,87.93820483957168,147.0310499147053,97.28970381983854,86.47199639177194,133.04875046974954,88.26554071964637,60.57765183225851,47.844874141987646,13.193212687064403,53.48429959608472,97.09539672700424,nan,nan,nan,nan,nan,nan,nan,nan,17,256.43851947293024,24.78980395580794,614.7321650659275,A3,L5,I0,T1,uwb_only,S01,X_A3_U4_P4_L5_I0_T1__S01,U4,P4,
X_A3_U4_P4_L5_I0_T2,position_prior_screening,Phase4 L5 single-I position row.,34,17,40661,86.6794838230542,148.71561558320317,164.0890640906937,100.00880094531793,40661,45.12627131722377,82.12995506152346,94.05181515732191,54.57018677972127,40661,64.67169648882464,136.47014776826086,151.713684912507,83.80844218422484,87.45784441082408,149.6089241603092,100.88565680832306,87.56470643226952,138.102826973302,92.89130617253502,58.376635766080156,55.743213846491074,12.365650681164311,52.9011227007955,95.62682482657316,nan,nan,nan,1.0,0.12559435541933672,0.5360141772060242,nan,nan,17,259.45711650753026,26.16840135492214,725.6870458137886,A3,L5,I0,T2,position_fusion,S01,X_A3_U4_P4_L5_I0_T2__S01,U4,P4,
X_A3_U4_P4_L5_I0_T3,loose_ekf_screening,Phase4 L5 single-I position row.,34,17,40661,84.5005594609161,144.90938840294828,159.44358563360782,97.44706016965986,40661,45.64813123041652,80.0033446461452,91.9804250286354,53.97140256961018,40661,61.67171018763088,132.69498627246935,147.398460441917,81.13579506221892,86.75384716711224,145.86053100056807,96.70862233069806,85.31391791781382,134.23717790991546,87.53556139913891,57.60191088600148,50.82298670486455,13.091099702745396,53.13699139455808,96.56248842777681,nan,nan,nan,1.0,0.01754402788080059,0.08648182735695689,nan,nan,17,276.081743459857,25.5608490108512,655.8900545097264,A3,L5,I0,T3,position_fusion,S01,X_A3_U4_P4_L5_I0_T3__S01,U4,P4,
X_A3_U4_P4_L5_I0_T4,loose_ukf_screening,Phase4 L5 single-I position row.,34,17,40661,84.43130489137293,145.10691249917153,159.54790737879512,97.47499280319171,40661,45.3848166005517,79.94522383569993,91.80587774911848,53.771309385093744,40661,61.863844355623996,132.8735321120339,147.7296749016166,81.30203262523519,86.86454606185382,145.6436781326892,96.58629546380644,84.91083493518465,133.89081752103817,87.5692045742498,57.46287470803481,51.75821892626544,13.155061496826448,53.042692261689,96.19683730865081,nan,nan,nan,1.0,0.026439746304276694,0.12840851471140827,nan,nan,17,280.61210096569823,25.478065134532244,656.3033641215496,A3,L5,I0,T4,position_fusion,S01,X_A3_U4_P4_L5_I0_T4__S01,U4,P4,
X_A3_U4_P4_L5_I0_T5,error_state_ekf_screening,Phase4 L5 single-I position row.,34,17,40661,84.55290704871348,144.64265853348346,159.31521217470004,97.49359552016583,40661,46.13567934321929,80.64269086200514,92.72001374369138,54.433861130277556,40661,61.40849958134936,132.1973058012759,147.0698265442653,80.88235858269314,87.45579413076356,146.29885675404503,97.01331829813296,85.51568113014002,133.4132741643367,88.71908171269138,60.20911124958532,49.64186921824546,13.155255327957661,53.3312034806969,96.59981951907895,nan,nan,nan,1.0,0.00869880079745541,0.04520109156075834,nan,nan,17,265.29851595220015,25.162222007294645,637.6224649507323,A3,L5,I0,T5,position_fusion,S01,X_A3_U4_P4_L5_I0_T5__S01,U4,P4,
X_A3_U4_P4_L5_I1_T1,uwb_only_control_repeated_for_matrix,Phase4 L5 single-I position row.,34,17,40661,84.73498652701309,144.6803901354446,159.35034655754023,97.60152508471509,40661,46.511902601349725,81.2373077009308,93.35151674775749,54.83240831668255,40661,61.214285710916215,131.9064312967414,146.83531935802944,80.7432021724112,87.93820483957168,147.0310499147053,97.28970381983854,86.47199639177194,133.04875046974954,88.26554071964637,60.57765183225851,47.844874141987646,13.193212687064403,53.48429959608472,97.09539672700424,nan,nan,nan,nan,nan,nan,nan,nan,17,256.43851947293024,24.78980395580794,614.7321650659275,A3,L5,I1,T1,uwb_only,S01,X_A3_U4_P4_L5_I1_T1__S01,U4,P4,
X_A3_U4_P4_L5_I1_T2,position_prior_screening,Phase4 L5 single-I position row.,34,17,40661,81.73038227569509,139.81016116054502,156.66615100781797,94.96102979360377,40661,45.167263679288915,83.5545628695366,94.79854346588762,54.642187088097636,40661,57.51924040069298,126.39447950973818,143.39970805408848,77.6648477091859,83.08659728902619,137.36709746316077,90.7334134002869,88.78369544465923,125.28906775552235,80.60530497063483,63.76082198749347,45.850419975219154,9.842378250464577,54.05740531110866,94.43169585272979,nan,nan,nan,1.0,0.22779203424046646,0.9344026773925409,nan,nan,17,422.8062949493524,27.454313072899367,931.2202993076525,A3,L5,I1,T2,position_fusion,S01,X_A3_U4_P4_L5_I1_T2__S01,U4,P4,
X_A3_U4_P4_L5_I1_T3,loose_ekf_screening,Phase4 L5 single-I position row.,34,17,40661,82.68063466243382,142.48802738234605,156.7866636510675,95.82022605127838,40661,45.49400055218072,78.67037062429178,89.82395470390216,53.271333859393806,40661,59.99749180712149,130.36773740592594,145.7573717461404,79.6472266269146,85.93314954197632,143.35241710809927,93.94671689905317,82.18721331771857,130.45724382264376,86.31084522087298,59.95203408865282,47.70025267853009,13.063256273681333,52.5045726309338,95.27793329992342,nan,nan,nan,1.0,0.03673122118410649,0.18554172323558765,nan,nan,17,335.83711796034424,25.11595120718937,790.5709820069942,A3,L5,I1,T3,position_fusion,S01,X_A3_U4_P4_L5_I1_T3__S01,U4,P4,
X_A3_U4_P4_L5_I1_T4,loose_ukf_screening,Phase4 L5 single-I position row.,34,17,40661,82.31892610275652,141.82369145722893,156.52142672256826,95.4693876471524,40661,45.37604147593934,78.49800148367663,89.38791421940871,53.05153783705605,40661,59.73294316734814,129.9057815919689,145.7416249929438,79.3721507258413,84.43214738051444,142.81842044251533,93.34259837486513,81.14923120124924,130.31948750275373,85.79394226774644,60.20124631625268,45.37780946490153,12.936676453936315,52.36929275671181,94.66416461116215,nan,nan,nan,1.0,0.056317795704539264,0.25734207406783316,nan,nan,17,356.7595566839229,25.157542716333296,900.8226050854342,A3,L5,I1,T4,position_fusion,S01,X_A3_U4_P4_L5_I1_T4__S01,U4,P4,
X_A3_U4_P4_L5_I1_T5,error_state_ekf_screening,Phase4 L5 single-I position row.,34,17,40661,83.7540727086434,143.66167561541843,157.76003152366326,96.6405545392296,40661,45.90089505892334,79.55838242136413,91.2156792034732,53.912535408164814,40661,60.5705714618847,131.1808019322193,146.32586399982574,80.20495812300625,86.78989210617452,144.71846837469053,96.10005040298208,83.37542413795032,131.389409607818,87.07641160740633,59.413745283638136,48.98697784206303,13.166326080584753,52.92668870431898,96.11293143452465,nan,nan,nan,1.0,0.02019057043273389,0.11323398925210161,nan,nan,17,291.9486329177234,25.47238134227979,692.3176811780963,A3,L5,I1,T5,position_fusion,S01,X_A3_U4_P4_L5_I1_T5__S01,U4,P4,
X_A3_U4_P4_L5_I2_T1,uwb_only_control_repeated_for_matrix,Phase4 L5 single-I position row.,34,17,40661,84.73498652701309,144.6803901354446,159.35034655754023,97.60152508471509,40661,46.511902601349725,81.2373077009308,93.35151674775749,54.83240831668255,40661,61.214285710916215,131.9064312967414,146.83531935802944,80.7432021724112,87.93820483957168,147.0310499147053,97.28970381983854,86.47199639177194,133.04875046974954,88.26554071964637,60.57765183225851,47.844874141987646,13.193212687064403,53.48429959608472,97.09539672700424,nan,nan,nan,nan,nan,nan,nan,nan,17,256.43851947293024,24.78980395580794,614.7321650659275,A3,L5,I2,T1,uwb_only,S01,X_A3_U4_P4_L5_I2_T1__S01,U4,P4,
X_A3_U4_P4_L5_I2_T2,position_prior_screening,Phase4 L5 single-I position row.,34,17,40661,84.82775514959384,143.94008774954617,159.27746233858065,97.11173919197104,40661,46.80197630645927,83.70149847887247,96.30407774585778,55.83692590071494,40661,60.032360216276174,128.57601093829498,146.08739280890632,79.45393379089217,82.68266703882196,140.44095978240654,95.22524900589798,82.42416060988839,126.98312736325131,90.20752687886699,62.92767109548113,45.22149404357083,10.055815774532903,69.95686534442743,121.70379623055959,nan,nan,nan,1.0,0.26963878391625057,1.1698658871376955,nan,nan,17,303.0833446167868,28.40857583798521,813.4582323109761,A3,L5,I2,T2,position_fusion,S01,X_A3_U4_P4_L5_I2_T2__S01,U4,P4,
X_A3_U4_P4_L5_I2_T3,loose_ekf_screening,Phase4 L5 single-I position row.,34,17,40661,83.22458855297745,142.93082307915202,156.78887946295032,96.11358866562348,40661,45.460350756172076,79.34992631805703,90.06554635823713,53.42854579337815,40661,60.3659260313533,130.60111458528604,145.65700262439918,79.89500873389753,87.47488190671218,142.83261441126479,95.83502900272049,81.37569263785021,131.8183713699999,87.15758102312493,63.560059452708856,52.457256658895744,13.09857543550504,54.25126033579539,98.51308895372145,nan,nan,nan,1.0,0.041266760956906054,0.21561693006295488,nan,nan,17,315.02165944970574,25.09158084362241,729.1401936661148,A3,L5,I2,T3,position_fusion,S01,X_A3_U4_P4_L5_I2_T3__S01,U4,P4,
X_A3_U4_P4_L5_I2_T4,loose_ukf_screening,Phase4 L5 single-I position row.,34,17,40661,83.0034037852607,142.4512891200371,156.64886434827886,95.87657326551839,40661,45.33885227026067,79.26529243444986,89.80684236129842,53.27520139498339,40661,60.07720014389952,130.40658218816702,145.34388129437298,79.71242197714403,87.80001945827325,142.53995441749058,95.91860805421298,82.33965259251639,131.41561514239314,85.68135404727269,63.35029605799523,51.55591237481707,12.986411586420843,54.99464246455166,99.52113273705953,nan,nan,nan,1.0,0.062831775264503,0.31831255726271257,nan,nan,17,318.33153417268386,25.211174693643216,718.0956793339656,A3,L5,I2,T4,position_fusion,S01,X_A3_U4_P4_L5_I2_T4__S01,U4,P4,
X_A3_U4_P4_L5_I2_T5,error_state_ekf_screening,Phase4 L5 single-I position row.,34,17,40661,83.79836996660492,143.74714369046467,157.80200007671834,96.74778235727274,40661,45.87658091845329,79.77399446586634,91.4153103764854,53.96192706110623,40661,60.76096894035231,131.23950134530605,146.24340795176795,80.30095777076426,88.41190124479476,144.1314198577483,96.4274808051713,82.00862655431551,132.5619220429188,87.50645564644756,62.34172293388896,51.00256940866899,13.173918753335442,53.47239117319681,96.7455809491163,nan,nan,nan,1.0,0.022743142835189335,0.12830503871612642,nan,nan,17,289.76090744726275,25.45120596401705,692.8679236258018,A3,L5,I2,T5,position_fusion,S01,X_A3_U4_P4_L5_I2_T5__S01,U4,P4,
X_A3_U4_P4_L5_I3_T1,uwb_only_control_repeated_for_matrix,Phase4 L5 single-I position row.,34,17,40661,84.73498652701309,144.6803901354446,159.35034655754023,97.60152508471509,40661,46.511902601349725,81.2373077009308,93.35151674775749,54.83240831668255,40661,61.214285710916215,131.9064312967414,146.83531935802944,80.7432021724112,87.93820483957168,147.0310499147053,97.28970381983854,86.47199639177194,133.04875046974954,88.26554071964637,60.57765183225851,47.844874141987646,13.193212687064403,53.48429959608472,97.09539672700424,nan,nan,nan,nan,nan,nan,nan,nan,17,256.43851947293024,24.78980395580794,614.7321650659275,A3,L5,I3,T1,uwb_only,S01,X_A3_U4_P4_L5_I3_T1__S01,U4,P4,
X_A3_U4_P4_L5_I3_T2,position_prior_screening,Phase4 L5 single-I position row.,34,17,40661,81.3441492512971,134.82240305244278,151.50591783326905,92.2744474661365,40661,44.57235142465896,79.15845000067509,90.91431167004819,52.97132669637209,40661,59.17511137942506,121.13920910870775,136.39171488448255,75.55535853403781,79.87536431433537,131.91193199636376,89.36726348611042,79.38087802944088,122.56407292571959,84.45976503977052,61.684661622473826,46.98512101007873,9.972571442856946,62.16195791872943,106.55457601703878,nan,nan,nan,1.0,0.208331006968873,0.9758911350780022,nan,nan,17,478.78308504832773,27.411916170246457,1125.1839686459316,A3,L5,I3,T2,position_fusion,S01,X_A3_U4_P4_L5_I3_T2__S01,U4,P4,
X_A3_U4_P4_L5_I3_T3,loose_ekf_screening,Phase4 L5 single-I position row.,34,17,40661,82.83021380717689,141.9912231763799,156.38029283323897,95.56038908620188,40661,45.05480473817428,78.5677122972372,89.97212276516063,53.02134655023495,40661,60.55663140666991,129.81884870121087,144.05398153821773,79.50172810892968,86.49253659043919,140.08630293475642,95.10938789431441,79.88639389824459,130.682373223867,86.82913448238207,62.296543222883585,49.85472666092079,12.999075598449167,53.60088822750501,97.23423848667287,nan,nan,nan,1.0,0.03747791707830679,0.21353411286419655,nan,nan,17,342.5846214017446,25.160696245910742,811.3376293866276,A3,L5,I3,T3,position_fusion,S01,X_A3_U4_P4_L5_I3_T3__S01,U4,P4,
X_A3_U4_P4_L5_I3_T4,loose_ukf_screening,Phase4 L5 single-I position row.,34,17,40661,82.46994280466875,141.23452166149193,155.79015281301128,95.10374224712155,40661,44.779849599513625,78.2913989363316,89.45922338419531,52.72978751867204,40661,60.42358034760014,129.04114963821394,143.52707706467618,79.14727599635145,85.563965541131,138.43954413436472,94.78737949464553,79.57218985796925,130.2116215517084,85.68860073585545,62.4302072141718,49.222215049795295,12.753638458475251,54.11987374228738,97.45155929199282,nan,nan,nan,1.0,0.05566358573991302,0.300861237258335,nan,nan,17,365.11482509548165,25.502293709060496,911.5368075284428,A3,L5,I3,T4,position_fusion,S01,X_A3_U4_P4_L5_I3_T4__S01,U4,P4,
X_A3_U4_P4_L5_I3_T5,error_state_ekf_screening,Phase4 L5 single-I position row.,34,17,40661,83.68920967316286,143.39800190620159,157.66034908020208,96.51707494236565,40661,45.70562525890973,79.35145099659549,91.16153919150051,53.76643759767642,40661,60.87463917309651,130.972400107843,145.63923806293383,80.15432579396695,87.42266269053998,143.72427558429433,95.9880154191975,82.45837175120877,132.00242379618726,86.64120011681095,61.61953930075726,49.873217600968474,13.203323432877909,53.18658547884766,96.91626514200891,nan,nan,nan,1.0,0.02235139961298639,0.1265754754614754,nan,nan,17,296.44517058640935,25.39684392845578,703.2471536841548,A3,L5,I3,T5,position_fusion,S01,X_A3_U4_P4_L5_I3_T5__S01,U4,P4,
X_A3_U4_P4_L5_I4_T1,uwb_only_control_repeated_for_matrix,Phase4 L5 single-I position row.,34,17,40661,84.73498652701309,144.6803901354446,159.35034655754023,97.60152508471509,40661,46.511902601349725,81.2373077009308,93.35151674775749,54.83240831668255,40661,61.214285710916215,131.9064312967414,146.83531935802944,80.7432021724112,87.93820483957168,147.0310499147053,97.28970381983854,86.47199639177194,133.04875046974954,88.26554071964637,60.57765183225851,47.844874141987646,13.193212687064403,53.48429959608472,97.09539672700424,nan,nan,nan,nan,nan,nan,nan,nan,17,256.43851947293024,24.78980395580794,614.7321650659275,A3,L5,I4,T1,uwb_only,S01,X_A3_U4_P4_L5_I4_T1__S01,U4,P4,
X_A3_U4_P4_L5_I4_T2,position_prior_screening,Phase4 L5 single-I position row.,34,17,40661,81.58477775171049,138.50557692810224,156.13074923324618,93.63345606682815,40661,43.75070698161145,81.69337851160095,93.10116763534599,53.451833982750664,40661,59.28986129535292,123.65622707161788,141.99557507549434,76.87734086776868,83.14399840145538,132.67763400690907,91.57488926500629,77.01104378840677,118.36562274090389,82.45000129393668,57.88015103916988,50.5080615803073,10.279901510194975,56.77957589444233,96.14654578769877,nan,nan,nan,1.0,0.26739222605517987,0.9633600943061206,nan,nan,17,675.209363630225,27.97286128296895,1222.468860881675,A3,L5,I4,T2,position_fusion,S01,X_A3_U4_P4_L5_I4_T2__S01,U4,P4,
X_A3_U4_P4_L5_I4_T3,loose_ekf_screening,Phase4 L5 single-I position row.,34,17,40661,82.97443779686448,142.34766433994523,157.1801622820838,95.7206502394076,40661,45.311430410920515,78.70623066132475,89.76040930894924,53.201875674734296,40661,60.73839115138412,129.70585977506994,145.5112267383672,79.57388583539903,86.04759696586302,144.68172206914386,94.46492497647851,79.16379792543638,130.86723967210287,85.2666584527747,62.15795974898163,50.39536310765379,12.949878271011784,52.392743483449706,95.43295116764472,nan,nan,nan,1.0,0.04575053973458176,0.2285675048810746,nan,nan,17,354.05742030978075,25.34447481028053,895.9597999257991,A3,L5,I4,T3,position_fusion,S01,X_A3_U4_P4_L5_I4_T3__S01,U4,P4,
X_A3_U4_P4_L5_I4_T4,loose_ukf_screening,Phase4 L5 single-I position row.,34,17,40661,82.56626880951879,141.7409454144331,157.01033535418094,95.33121278544736,40661,45.045596067783656,78.30820361104486,89.31519097451717,52.96183982770859,40661,60.665503205868106,129.1393115985545,144.9883945995873,79.26590473342483,85.37912552413911,143.4853413486175,93.45700971454615,79.20985526550021,129.44824425122002,83.39661356764832,61.89423042544443,51.595262825448515,12.456244205586017,52.31727946671984,94.7918418599801,nan,nan,nan,1.0,0.06816058526948776,0.31953296749984217,nan,nan,17,384.18366372376045,25.743651708152015,944.5462294053358,A3,L5,I4,T4,position_fusion,S01,X_A3_U4_P4_L5_I4_T4__S01,U4,P4,
X_A3_U4_P4_L5_I4_T5,error_state_ekf_screening,Phase4 L5 single-I position row.,34,17,40661,83.7623515883882,143.64497757863737,158.02643616257006,96.56436055482787,40661,45.89013645142669,79.4811247140599,91.1241916118388,53.83382271327699,40661,60.90354848345805,130.72683306594968,146.13449358562343,80.16604805925175,86.28163781295163,145.44235897270806,95.97248977844917,81.43175229228655,132.42800282553785,87.51427382940099,62.15864286502036,50.69599243394782,13.191557627889893,52.790264039220176,95.66387964917699,nan,nan,nan,1.0,0.025137977846193482,0.14331232625008616,nan,nan,17,300.4813337669965,25.326050255260327,696.2895891131093,A3,L5,I4,T5,position_fusion,S01,X_A3_U4_P4_L5_I4_T5__S01,U4,P4,
X_A3_U4_P4_L5_I5_T1,uwb_only_control_repeated_for_matrix,Phase4 L5 single-I position row.,34,17,40661,84.73498652701309,144.6803901354446,159.35034655754023,97.60152508471509,40661,46.511902601349725,81.2373077009308,93.35151674775749,54.83240831668255,40661,61.214285710916215,131.9064312967414,146.83531935802944,80.7432021724112,87.93820483957168,147.0310499147053,97.28970381983854,86.47199639177194,133.04875046974954,88.26554071964637,60.57765183225851,47.844874141987646,13.193212687064403,53.48429959608472,97.09539672700424,nan,nan,nan,nan,nan,nan,nan,nan,17,256.43851947293024,24.78980395580794,614.7321650659275,A3,L5,I5,T1,uwb_only,S01,X_A3_U4_P4_L5_I5_T1__S01,U4,P4,
X_A3_U4_P4_L5_I5_T2,position_prior_screening,Phase4 L5 single-I position row.,34,17,40661,78.30577314639555,129.63305511318825,146.20457321274048,89.19189187308247,40661,43.49981403311726,80.15453786893487,92.22545295802931,53.46470011975997,40661,56.69876276250227,112.5419419252969,129.214396726348,71.39131191541287,83.99641703037,128.57847844515567,88.42971472744492,78.4516659785524,110.6066913648601,79.47874639387223,55.58501676660555,42.1976572906525,10.252804414510479,56.28854118537595,93.35095916593826,nan,nan,nan,1.0,0.29326326207038333,1.0421791445901243,nan,nan,17,396.297099025638,28.67744656222328,927.8282318854727,A3,L5,I5,T2,position_fusion,S01,X_A3_U4_P4_L5_I5_T2__S01,U4,P4,
X_A3_U4_P4_L5_I5_T3,loose_ekf_screening,Phase4 L5 single-I position row.,34,17,40661,81.49192087481748,139.0385333810944,153.33050235433973,94.08937097859956,40661,44.257004284586486,77.67853740049759,88.02833155787702,52.222628930512435,40661,59.9783799004349,127.21355060194264,142.20478833625543,78.26625555585586,84.20827917540666,139.1403720371522,93.40347912181286,79.26938835619653,127.45441684759984,85.46789212837129,60.61998673954453,47.46604340212258,12.117768445603616,51.98104392231619,94.28153296345558,nan,nan,nan,1.0,0.05796072345228987,0.28413865708947084,nan,nan,17,394.5143762775432,25.882280865463883,987.5334457459339,A3,L5,I5,T3,position_fusion,S01,X_A3_U4_P4_L5_I5_T3__S01,U4,P4,
X_A3_U4_P4_L5_I5_T4,loose_ukf_screening,Phase4 L5 single-I position row.,34,17,40661,80.8713758354335,137.8125457192454,151.9702549576582,93.31503977026844,40661,43.85576039052886,77.18109355442009,87.57371089734855,51.84502348304816,40661,59.68522969830997,125.8179607479924,140.76078341601124,77.58730687018958,83.93280520222532,137.4906850640569,92.98238783952628,79.22656896414207,126.2875762967667,85.84160261643721,60.137467042290595,46.69432725159345,11.360677648241477,54.51619826145412,93.73870191611661,nan,nan,nan,1.0,0.08628833655363433,0.3952369582552844,nan,nan,17,426.7821643247544,26.474165549762915,1048.2499589031092,A3,L5,I5,T4,position_fusion,S01,X_A3_U4_P4_L5_I5_T4__S01,U4,P4,
X_A3_U4_P4_L5_I5_T5,error_state_ekf_screening,Phase4 L5 single-I position row.,34,17,40661,82.99600523026359,142.01291091393588,155.95622508337,95.70291542593283,40661,45.21237225186585,79.0222280149554,89.92744546348607,53.21868112305685,40661,60.568691895276515,129.82604442129946,144.34531142957303,79.54131002532986,86.00246537533647,142.7909422358093,94.99683980799531,80.88609469145095,130.68363387785297,87.60316100506101,58.35958133718759,50.366444367468034,13.096596818523864,52.462278752813816,95.42813313452456,nan,nan,nan,1.0,0.03442599528259011,0.19607657556463345,nan,nan,17,326.2387374906508,25.097121676461086,726.412740389071,A3,L5,I5,T5,position_fusion,S01,X_A3_U4_P4_L5_I5_T5__S01,U4,P4,
X_A3_U4_P4_L5_I6_T1,uwb_only_control_repeated_for_matrix,Phase4 L5 single-I position row.,34,17,40661,84.73498652701309,144.6803901354446,159.35034655754023,97.60152508471509,40661,46.511902601349725,81.2373077009308,93.35151674775749,54.83240831668255,40661,61.214285710916215,131.9064312967414,146.83531935802944,80.7432021724112,87.93820483957168,147.0310499147053,97.28970381983854,86.47199639177194,133.04875046974954,88.26554071964637,60.57765183225851,47.844874141987646,13.193212687064403,53.48429959608472,97.09539672700424,nan,nan,nan,nan,nan,nan,nan,nan,17,256.43851947293024,24.78980395580794,614.7321650659275,A3,L5,I6,T1,uwb_only,S01,X_A3_U4_P4_L5_I6_T1__S01,U4,P4,
X_A3_U4_P4_L5_I6_T2,position_prior_screening,Phase4 L5 single-I position row.,34,17,40661,79.35583389534119,132.2137766775854,147.32719621411738,90.655758043148,40661,44.47548860044921,78.58509037241217,89.55306298802844,52.79530297965945,40661,56.933432754107116,118.61921260971963,134.04259601317017,73.69614949007685,77.3670721235456,132.93447748352344,87.56172441336508,77.6230492578309,124.03256782819565,78.97120276508258,54.21643785976102,45.003681129887525,10.042489891559711,58.358721955213525,98.79399135435173,nan,nan,nan,1.0,0.3031932683057631,1.1409787649017376,nan,nan,17,269.17663639079683,27.85415546625336,635.4212948726743,A3,L5,I6,T2,position_fusion,S01,X_A3_U4_P4_L5_I6_T2__S01,U4,P4,
X_A3_U4_P4_L5_I6_T3,loose_ekf_screening,Phase4 L5 single-I position row.,34,17,40661,81.70898909350835,140.5255968769152,155.31484888349468,94.5032028451712,40661,44.45588534585266,77.39502208195839,87.61870318479362,52.1851475800854,40661,59.989809228179865,128.65441463373782,144.13831726338594,78.78810646309684,82.1004884256728,142.62783888397445,92.5228726554744,80.72793330435087,129.8266564074441,82.72564609183081,62.223891227992354,49.06631891500763,12.691885792641187,51.43396312848654,93.31051418228995,nan,nan,nan,1.0,0.055443894636808606,0.2876637957427032,nan,nan,17,364.14559883281936,25.5489918397908,926.27820939695,A3,L5,I6,T3,position_fusion,S01,X_A3_U4_P4_L5_I6_T3__S01,U4,P4,
X_A3_U4_P4_L5_I6_T4,loose_ukf_screening,Phase4 L5 single-I position row.,34,17,40661,81.18844223156624,139.4880339130164,154.4359913031888,93.83314611858054,40661,44.168950697465036,76.82870971224439,86.72945667789024,51.769860479191756,40661,59.67928514636151,127.76623680326679,143.03728336265635,78.25944579714263,80.82333198761378,141.4795252825491,91.73207091632392,80.71391105345651,127.99717055734027,81.64448314354338,60.38785405117923,47.79394615525547,11.939906687858496,52.27868247939344,92.61421464204278,nan,nan,nan,1.0,0.08057882320913934,0.4030249108620389,nan,nan,17,382.4600757912979,26.054213064113128,963.702048749512,A3,L5,I6,T4,position_fusion,S01,X_A3_U4_P4_L5_I6_T4__S01,U4,P4,
X_A3_U4_P4_L5_I6_T5,error_state_ekf_screening,Phase4 L5 single-I position row.,34,17,40661,83.20642633099469,142.72870235998911,157.06553593248597,95.92644406213897,40661,45.37389863883867,78.83275815419033,89.8989541318916,53.24792134852387,40661,60.4721614608502,130.41267630853804,145.27255640704573,79.79061061596217,84.91767303930706,144.12847352965346,94.70709184431016,81.71437009910477,131.22063739043313,86.20568030390746,62.80262831411001,50.33361147112339,13.131853815135514,52.199565736191005,95.56905310077902,nan,nan,nan,1.0,0.031688916473712664,0.17940426198650078,nan,nan,17,313.8510112414819,25.25102018331802,714.9853898698597,A3,L5,I6,T5,position_fusion,S01,X_A3_U4_P4_L5_I6_T5__S01,U4,P4,
X_A3_U4_P4_L5_I7_T1,uwb_only_control_repeated_for_matrix,Phase4 L5 single-I position row.,34,17,40661,84.73498652701309,144.6803901354446,159.35034655754023,97.60152508471509,40661,46.511902601349725,81.2373077009308,93.35151674775749,54.83240831668255,40661,61.214285710916215,131.9064312967414,146.83531935802944,80.7432021724112,87.93820483957168,147.0310499147053,97.28970381983854,86.47199639177194,133.04875046974954,88.26554071964637,60.57765183225851,47.844874141987646,13.193212687064403,53.48429959608472,97.09539672700424,nan,nan,nan,nan,nan,nan,nan,nan,17,256.43851947293024,24.78980395580794,614.7321650659275,A3,L5,I7,T1,uwb_only,S01,X_A3_U4_P4_L5_I7_T1__S01,U4,P4,
X_A3_U4_P4_L5_I7_T2,position_prior_screening,Phase4 L5 single-I position row.,34,17,40661,83.90621447027009,143.8268811021012,157.73694049607715,96.62351682224276,40661,45.96269759372307,78.98306327475699,91.43144669978649,53.65070096365899,40661,62.67254546961317,130.33347546106666,145.14494684781926,80.35985496008732,83.72531396375209,149.7436612918219,95.99738745516684,81.47258384419625,132.5656827242653,79.23816045640478,56.474204956998605,50.42341043342287,9.865767842954398,61.584363869623786,105.48554811364492,nan,nan,nan,1.0,0.26247477464185637,1.0980141199071771,nan,nan,17,379.2964691763965,28.314876318006554,1008.1291731527893,A3,L5,I7,T2,position_fusion,S01,X_A3_U4_P4_L5_I7_T2__S01,U4,P4,
X_A3_U4_P4_L5_I7_T3,loose_ekf_screening,Phase4 L5 single-I position row.,34,17,40661,83.2340818169054,143.11037220021976,156.5620206355572,96.10645039392064,40661,45.26167744064399,77.9579954818972,88.87645446088825,53.03391963407448,40661,61.15261810830884,130.72653725289047,145.2099206928708,80.14894369588197,85.99881027994144,146.91502657465134,95.28580497494758,78.71158174180655,134.11927169861565,85.33578550655372,59.97244523195775,49.91342380172023,13.014125343311122,52.38666690574671,95.19364816079033,nan,nan,nan,1.0,0.039606551205462956,0.22396146380553383,nan,nan,17,320.1495528976594,25.08205866584501,776.0124339458118,A3,L5,I7,T3,position_fusion,S01,X_A3_U4_P4_L5_I7_T3__S01,U4,P4,
X_A3_U4_P4_L5_I7_T4,loose_ukf_screening,Phase4 L5 single-I position row.,34,17,40661,82.86511484880724,142.51900092257938,156.17691595997826,95.85707097464453,40661,45.070938156078995,77.46092140468885,88.22079666676554,52.75161922405093,40661,61.07395737186607,130.46400393270005,144.96272476576178,80.03652119550662,86.04440507951895,146.45801637443162,95.67588899574174,77.42926403965774,134.21422903006174,84.66449628873998,59.36527773879453,51.138921973598485,12.871437430563674,52.21276603510647,94.54956556642799,nan,nan,nan,1.0,0.059981213817886396,0.3253119671220073,nan,nan,17,338.3121846025583,25.388392115633167,905.3401012360539,A3,L5,I7,T4,position_fusion,S01,X_A3_U4_P4_L5_I7_T4__S01,U4,P4,
X_A3_U4_P4_L5_I7_T5,error_state_ekf_screening,Phase4 L5 single-I position row.,34,17,40661,83.87729422080218,143.81573660127052,157.79585787309446,96.74765158118551,40661,45.86405032573562,79.30431177582135,90.85515952555158,53.78886696483467,40661,61.173507442472555,131.36487890989906,145.8462781280241,80.41682583336514,87.8230290410186,145.96432631161917,96.57704235697774,81.34386992507709,133.55877159155787,86.63068816272511,60.48610898282612,49.38725047528101,13.19820750161142,52.87000831037858,95.89925561726041,nan,nan,nan,1.0,0.0223646989371303,0.12817225959642803,nan,nan,17,285.7898751618796,25.422189173610604,663.0988465196009,A3,L5,I7,T5,position_fusion,S01,X_A3_U4_P4_L5_I7_T5__S01,U4,P4,
X_A3_U4_P4_L5_I8_T1,uwb_only_control_repeated_for_matrix,Phase4 L5 single-I position row.,34,17,40661,84.73498652701309,144.6803901354446,159.35034655754023,97.60152508471509,40661,46.511902601349725,81.2373077009308,93.35151674775749,54.83240831668255,40661,61.214285710916215,131.9064312967414,146.83531935802944,80.7432021724112,87.93820483957168,147.0310499147053,97.28970381983854,86.47199639177194,133.04875046974954,88.26554071964637,60.57765183225851,47.844874141987646,13.193212687064403,53.48429959608472,97.09539672700424,nan,nan,nan,nan,nan,nan,nan,nan,17,256.43851947293024,24.78980395580794,614.7321650659275,A3,L5,I8,T1,uwb_only,S01,X_A3_U4_P4_L5_I8_T1__S01,U4,P4,
X_A3_U4_P4_L5_I8_T2,position_prior_screening,Phase4 L5 single-I position row.,34,17,40661,82.7948785434022,136.56792334358144,151.98318802756637,93.48888850065168,40661,46.796733821823636,80.17287884485486,92.47703529553127,54.85470578802976,40661,61.25229503171795,119.65941019967488,135.51727591061672,75.70425038263028,83.84978235269767,134.31805550885971,94.19389899623678,79.0155468988086,118.22558239098245,87.28931746475243,56.51072614536669,46.5159575218517,10.176647063672533,60.75451056206104,103.01847505210958,nan,nan,nan,1.0,0.28672825746744957,1.0838057542213702,nan,nan,17,366.9161638949797,27.117079218999606,969.4969355069824,A3,L5,I8,T2,position_fusion,S01,X_A3_U4_P4_L5_I8_T2__S01,U4,P4,
X_A3_U4_P4_L5_I8_T3,loose_ekf_screening,Phase4 L5 single-I position row.,34,17,40661,82.94831387001652,141.3926234220541,155.39261941863342,95.34447715522566,40661,45.50298038324457,78.49273596120477,88.7232706394463,53.07066139583654,40661,61.00916276573662,128.83995295679756,143.6545590960136,79.20905392069656,84.83230558619906,139.93246377839517,93.9297581230372,83.03175583147191,128.79395800994203,86.41307715983802,61.190642817514586,47.34092045798741,12.874042478322764,51.7683078093883,94.33303845635123,nan,nan,nan,1.0,0.052241930434626535,0.26409112133779655,nan,nan,17,356.4486776889742,25.34562047921844,917.7717389825426,A3,L5,I8,T3,position_fusion,S01,X_A3_U4_P4_L5_I8_T3__S01,U4,P4,
X_A3_U4_P4_L5_I8_T4,loose_ukf_screening,Phase4 L5 single-I position row.,34,17,40661,82.6808425494132,140.69289855826594,154.49150466275398,94.8900120241917,40661,45.37887577589488,78.02916275585898,88.17074269209996,52.8559235052451,40661,61.164883327933694,127.9833625022859,142.91115854028385,78.80587371737545,84.54782271495708,139.96194764228431,93.13973994531972,82.62667645531118,127.59517404172152,85.69426820799205,61.409057674308585,46.364812965372835,12.195970384683903,51.50277961231311,93.15099844381913,nan,nan,nan,1.0,0.07738459406753193,0.3801319464266917,nan,nan,17,380.52789511831355,25.758879408574046,964.2489884914166,A3,L5,I8,T4,position_fusion,S01,X_A3_U4_P4_L5_I8_T4__S01,U4,P4,
X_A3_U4_P4_L5_I8_T5,error_state_ekf_screening,Phase4 L5 single-I position row.,34,17,40661,83.81631203583632,143.00654740702845,157.02803326642342,96.34612590058974,40661,45.92842283202139,79.56510858095879,90.62179966359015,53.710157201979335,40661,61.0443752141814,130.34726324871008,145.06607035861396,79.9862174964597,85.775563365013,143.69715272986477,95.11906892277025,82.98056611781941,130.9119337136107,87.61590589511846,61.67428963490768,47.509998255549874,13.169248180817505,52.491389326687006,95.2429583912399,nan,nan,nan,1.0,0.029242437566307795,0.1713135012922637,nan,nan,17,306.3075713098698,25.27353859476017,707.147353268576,A3,L5,I8,T5,position_fusion,S01,X_A3_U4_P4_L5_I8_T5__S01,U4,P4,
X_A3_U4_P5_L5_I0_T1,uwb_only_control_repeated_for_matrix,Phase4 L5 single-I position row.,34,17,40661,123.92184901938573,194.3558244523655,211.11146568051106,135.14352192471029,40661,73.6099863298884,144.829223728875,164.49986116447724,93.198396664301,40661,75.98287108884847,157.6928474449826,175.46028939547114,97.86639043828197,120.73800671921273,202.56072535698576,131.9420118152716,139.5413408585744,162.4217237913365,87.99783182906832,59.651044239091306,51.707013079027035,80.30578048219024,46.83845905671906,83.1099672434146,nan,nan,nan,nan,nan,nan,nan,nan,17,265.03636974368413,43.22292223692165,553.6241048619727,A3,L5,I0,T1,uwb_only,S01,X_A3_U4_P5_L5_I0_T1__S01,U4,P5,
X_A3_U4_P5_L5_I0_T2,position_prior_screening,Phase4 L5 single-I position row.,34,17,40661,122.80441125922756,196.3027134496654,214.14415169853686,135.37826838616402,40661,72.8678454632573,140.70232265458498,160.41222710517,91.110758213267,40661,79.57469668936983,159.33168686769977,177.85934375437637,100.13044137044366,118.76367335784069,197.68826629718654,134.00480910551533,135.56970339761597,163.49358265615058,93.66512302256933,56.16720423073451,59.56585556576607,76.95206949571727,53.842710076801254,92.83174459597606,nan,nan,nan,1.0,0.1726007439616809,0.7094654290714504,nan,nan,17,129.75617820575366,40.17213182243461,211.6398550012052,A3,L5,I0,T2,position_fusion,S01,X_A3_U4_P5_L5_I0_T2__S01,U4,P5,
X_A3_U4_P5_L5_I0_T3,loose_ekf_screening,Phase4 L5 single-I position row.,34,17,40661,123.54682484114001,194.26289822617062,211.17631850662713,134.87198433559297,40661,72.94246458144748,143.7611207998361,163.1226951423017,92.46722065147674,40661,76.42724833228749,157.906945938636,175.43661082093695,98.1848525161165,120.54705408600337,202.5231937185457,131.47220025411673,139.7396290668872,161.65350465603825,89.19008888708828,56.17838902897498,50.798147594882494,79.91300170816328,51.48711821348347,88.97562362635077,nan,nan,nan,1.0,0.02071443911051899,0.11297117101766425,nan,nan,17,277.0955341501692,43.69290050616752,533.9350174516047,A3,L5,I0,T3,position_fusion,S01,X_A3_U4_P5_L5_I0_T3__S01,U4,P5,
X_A3_U4_P5_L5_I0_T4,loose_ukf_screening,Phase4 L5 single-I position row.,34,17,40661,123.43693178976534,194.47747927255566,211.166563211113,134.81923397148762,40661,72.82984685631045,143.3344067838556,162.59804140824875,92.25245011616502,40661,76.68215935402395,157.82227257843078,175.36787100670358,98.314349391242,120.45418834443896,202.20532501765769,131.339730511757,139.5921689081145,161.86970095859192,89.1597860462362,54.8632795633854,50.83022863855035,79.72825188129502,51.504549517597184,88.77048725910643,nan,nan,nan,1.0,0.03231569504120986,0.1746371758713373,nan,nan,17,275.5345196944979,43.854322976909714,514.6803346598423,A3,L5,I0,T4,position_fusion,S01,X_A3_U4_P5_L5_I0_T4__S01,U4,P5,
X_A3_U4_P5_L5_I0_T5,error_state_ekf_screening,Phase4 L5 single-I position row.,34,17,40661,123.74444908715066,194.1854090774872,211.153321732548,135.0108285335151,40661,73.30914409773918,144.4312011076053,163.98895867562064,92.88393525575573,40661,76.1695576023435,157.6817365634504,175.48312436242372,97.98213302796992,121.02203517903139,202.45899883159652,131.73658568874959,139.2240637387559,162.43809021275075,88.73541857100676,58.32218757927764,51.147887686798924,80.17401992520706,48.90532633976379,83.8598692186537,nan,nan,nan,1.0,0.01020429097939315,0.055698262025294196,nan,nan,17,272.33654768135403,43.411195635246486,552.307731694965,A3,L5,I0,T5,position_fusion,S01,X_A3_U4_P5_L5_I0_T5__S01,U4,P5,
X_A3_U4_P5_L5_I1_T1,uwb_only_control_repeated_for_matrix,Phase4 L5 single-I position row.,34,17,40661,123.92184901938573,194.3558244523655,211.11146568051106,135.14352192471029,40661,73.6099863298884,144.829223728875,164.49986116447724,93.198396664301,40661,75.98287108884847,157.6928474449826,175.46028939547114,97.86639043828197,120.73800671921273,202.56072535698576,131.9420118152716,139.5413408585744,162.4217237913365,87.99783182906832,59.651044239091306,51.707013079027035,80.30578048219024,46.83845905671906,83.1099672434146,nan,nan,nan,nan,nan,nan,nan,nan,17,265.03636974368413,43.22292223692165,553.6241048619727,A3,L5,I1,T1,uwb_only,S01,X_A3_U4_P5_L5_I1_T1__S01,U4,P5,
X_A3_U4_P5_L5_I1_T2,position_prior_screening,Phase4 L5 single-I position row.,34,17,40661,113.76231200306275,184.22765756105244,199.86755599741358,127.57290619414859,40661,70.34082277821351,132.28104780108765,148.9210006137262,86.55221089147904,40661,70.50338203847184,151.25543646431038,172.49496873622797,93.72065505862606,108.62840349865368,186.0621193297843,124.15387434761817,119.82801348182042,151.239908553494,78.59799167757365,54.18321311819932,49.03962152380598,67.20219748008233,55.417060883689835,89.35829145834828,nan,nan,nan,1.0,0.3382565364205,1.2696252157739276,nan,nan,17,163.18077266352432,41.00966058485824,363.16092553679164,A3,L5,I1,T2,position_fusion,S01,X_A3_U4_P5_L5_I1_T2__S01,U4,P5,
X_A3_U4_P5_L5_I1_T3,loose_ekf_screening,Phase4 L5 single-I position row.,34,17,40661,122.27294521120594,191.6144482373713,207.37447247847936,133.12188464086933,40661,72.80093757455222,141.0583731438306,159.84940785368823,91.30180762753405,40661,75.07118638334009,156.39924903993415,174.73696271552626,96.87835720263678,118.22823479546834,200.45114581741677,130.83807250289644,132.62568302270773,155.24863683872496,85.04576804139379,62.179769254114554,50.12693938815568,78.47539862349583,50.44713729252102,86.37364209229669,nan,nan,nan,1.0,0.04592926867497506,0.2720039709315159,nan,nan,17,335.0260423778104,44.248305079798854,730.946549932602,A3,L5,I1,T3,position_fusion,S01,X_A3_U4_P5_L5_I1_T3__S01,U4,P5,
X_A3_U4_P5_L5_I1_T4,loose_ukf_screening,Phase4 L5 single-I position row.,34,17,40661,121.67258457199557,190.68324852143684,206.2331140838177,132.56188491947287,40661,72.69752010426936,140.08766379430543,158.63771058631096,90.79051378480713,40661,74.86673077944533,156.0777622981409,174.5431009082356,96.59055823471729,117.31256474657243,199.43451378394715,130.35892415109515,131.31662766133053,154.9333588573512,85.32091541971073,62.52987230081601,48.80896239316712,77.95266967570535,50.07234150498146,85.79648773853461,nan,nan,nan,1.0,0.0717589446360388,0.3921642021641378,nan,nan,17,346.3945869361034,44.402680960005796,813.9139787323638,A3,L5,I1,T4,position_fusion,S01,X_A3_U4_P5_L5_I1_T4__S01,U4,P5,
X_A3_U4_P5_L5_I1_T5,error_state_ekf_screening,Phase4 L5 single-I position row.,34,17,40661,123.26119870134825,192.93550054628798,209.52114270633683,134.18683415533414,40661,73.11793165630736,143.29740186738795,162.23509365577772,92.2890264214236,40661,75.50754083734284,157.0771527062584,175.02834198468491,97.41068762110719,119.5916755354474,201.81563360783895,131.81070656720584,136.4291391328684,159.31722476939802,85.4556640433701,61.31363188162869,49.757671538039006,79.66763724408389,51.501735502503834,88.25536699139286,nan,nan,nan,1.0,0.023911524498212496,0.15785533239992697,nan,nan,17,297.36835847237234,43.72431960581639,569.0474919652397,A3,L5,I1,T5,position_fusion,S01,X_A3_U4_P5_L5_I1_T5__S01,U4,P5,
X_A3_U4_P5_L5_I2_T1,uwb_only_control_repeated_for_matrix,Phase4 L5 single-I position row.,34,17,40661,123.92184901938573,194.3558244523655,211.11146568051106,135.14352192471029,40661,73.6099863298884,144.829223728875,164.49986116447724,93.198396664301,40661,75.98287108884847,157.6928474449826,175.46028939547114,97.86639043828197,120.73800671921273,202.56072535698576,131.9420118152716,139.5413408585744,162.4217237913365,87.99783182906832,59.651044239091306,51.707013079027035,80.30578048219024,46.83845905671906,83.1099672434146,nan,nan,nan,nan,nan,nan,nan,nan,17,265.03636974368413,43.22292223692165,553.6241048619727,A3,L5,I2,T1,uwb_only,S01,X_A3_U4_P5_L5_I2_T1__S01,U4,P5,
X_A3_U4_P5_L5_I2_T2,position_prior_screening,Phase4 L5 single-I position row.,34,17,40661,118.19325183287188,182.05684699082693,198.09024883771298,128.90264982457998,40661,73.37518155771362,130.98586671563046,146.78450795802982,86.96166221542622,40661,73.21601917814587,153.03328158612703,171.01697123328404,95.15020986066399,117.3277149429637,182.73771081502593,127.57549644736471,127.16199785652624,156.99531025488818,91.23563544943832,58.14395572904603,46.44103606538789,66.55499903060692,60.37114878737932,105.40937021706272,nan,nan,nan,1.0,0.44864044780755535,1.5560116422139822,nan,nan,17,230.14703954521605,40.866385667577845,598.9710157439295,A3,L5,I2,T2,position_fusion,S01,X_A3_U4_P5_L5_I2_T2__S01,U4,P5,
X_A3_U4_P5_L5_I2_T3,loose_ekf_screening,Phase4 L5 single-I position row.,34,17,40661,122.67695956137442,191.06267856903088,206.79278489978802,133.29487373849835,40661,72.97968164000513,140.35745818937352,159.8220448438346,91.33111577847556,40661,75.67277521711208,156.45389380060465,173.9292817818855,97.08836519182361,118.46639889523598,199.1057193622711,130.063126113253,135.7498053287141,161.88208442204132,86.15942721281431,59.433916874839284,53.68343394209478,78.41062014154949,51.674092653164706,93.85300070470322,nan,nan,nan,1.0,0.05729941459307294,0.30394618088181347,nan,nan,17,308.9060637765815,39.90053799340615,659.8003806318711,A3,L5,I2,T3,position_fusion,S01,X_A3_U4_P5_L5_I2_T3__S01,U4,P5,
X_A3_U4_P5_L5_I2_T4,loose_ukf_screening,Phase4 L5 single-I position row.,34,17,40661,122.1921169795838,190.07930460643263,205.6464911230313,132.80104760824764,40661,72.90707213694762,139.1263244368687,158.37845403228354,90.83635984895344,40661,75.45420779341907,156.16786932171158,173.67240161909444,96.87555922542842,117.74502809118346,197.2802973427826,129.2743057080179,135.13016108707916,161.7781574863282,86.97377864102711,59.521310069458146,55.60853780199852,77.85334144060357,51.75507954992011,93.5764839753076,nan,nan,nan,1.0,0.0889268552810001,0.4455324992846813,nan,nan,17,314.08362472718505,44.38591304353679,684.408679206007,A3,L5,I2,T4,position_fusion,S01,X_A3_U4_P5_L5_I2_T4__S01,U4,P5,
X_A3_U4_P5_L5_I2_T5,error_state_ekf_screening,Phase4 L5 single-I position row.,34,17,40661,123.35596026099807,192.86016667176008,209.23408861449718,134.2507665157716,40661,73.19470375976852,143.06071677011954,162.17923992239685,92.293256762889,40661,75.7383994220296,156.99536990130832,174.5778395492057,97.49473353044085,119.64200585595745,201.24958320881305,131.17570356448607,137.0831311119979,162.48571657003197,86.36849651192048,59.05061377541104,50.12971551734347,79.62175742227029,51.55064053971482,92.15360439576773,nan,nan,nan,1.0,0.029728700175770395,0.1720706235650285,nan,nan,17,290.90947375044766,43.720717616113745,602.5633308997474,A3,L5,I2,T5,position_fusion,S01,X_A3_U4_P5_L5_I2_T5__S01,U4,P5,
X_A3_U4_P5_L5_I3_T1,uwb_only_control_repeated_for_matrix,Phase4 L5 single-I position row.,34,17,40661,123.92184901938573,194.3558244523655,211.11146568051106,135.14352192471029,40661,73.6099863298884,144.829223728875,164.49986116447724,93.198396664301,40661,75.98287108884847,157.6928474449826,175.46028939547114,97.86639043828197,120.73800671921273,202.56072535698576,131.9420118152716,139.5413408585744,162.4217237913365,87.99783182906832,59.651044239091306,51.707013079027035,80.30578048219024,46.83845905671906,83.1099672434146,nan,nan,nan,nan,nan,nan,nan,nan,17,265.03636974368413,43.22292223692165,553.6241048619727,A3,L5,I3,T1,uwb_only,S01,X_A3_U4_P5_L5_I3_T1__S01,U4,P5,
X_A3_U4_P5_L5_I3_T2,position_prior_screening,Phase4 L5 single-I position row.,34,17,40661,112.33617385118069,178.02087204661748,196.176931466916,124.20026099482912,40661,69.81334383030602,127.744703464182,144.68558176001065,84.01826777676938,40661,73.47198022476346,144.13591577989632,162.69922192849458,91.46931458677686,109.3441201978853,177.91748473828318,121.1733580050105,116.34875167508322,148.42192842785386,75.96729326071613,52.7636472901917,51.96549183558841,64.00093858344027,58.12887745378258,101.08284945340083,nan,nan,nan,1.0,0.38608024709988675,1.532267518656182,nan,nan,17,287.7606528770685,39.519057098250755,649.5770268709197,A3,L5,I3,T2,position_fusion,S01,X_A3_U4_P5_L5_I3_T2__S01,U4,P5,
X_A3_U4_P5_L5_I3_T3,loose_ekf_screening,Phase4 L5 single-I position row.,34,17,40661,121.5570566353797,191.13121630149146,206.89031740371976,132.71178862670138,40661,72.51403652190102,140.19411235418968,159.4929836203482,90.86900236073534,40661,75.90999109988718,155.31971536331298,173.03153222607966,96.72250643186902,118.08429246685236,197.45108310321342,129.85390685370643,132.18436782514422,159.4636427335638,88.26395030437308,61.34897719348952,51.71603888481934,78.20238230510012,51.57257156577599,92.09822384105972,nan,nan,nan,1.0,0.05727446831836958,0.31669883942793065,nan,nan,17,337.59059626934317,44.51610301639755,664.7908491397666,A3,L5,I3,T3,position_fusion,S01,X_A3_U4_P5_L5_I3_T3__S01,U4,P5,
X_A3_U4_P5_L5_I3_T4,loose_ukf_screening,Phase4 L5 single-I position row.,34,17,40661,120.84110260730152,190.12301514289382,205.77722695306787,131.99174709983873,40661,72.33662825565834,139.13485295192763,158.06998165588183,90.21660339816987,40661,75.80872636683739,154.41393313714434,172.11083254140226,96.34721466531927,117.46019024821754,195.94193905484687,128.91689731868186,129.49350730586974,158.2265457744685,86.15146816421614,62.03475616233597,50.382767950658035,77.50885503849281,51.61267212732447,92.11874640360017,nan,nan,nan,1.0,0.08963187677558782,0.45641164611964813,nan,nan,17,352.4408017209693,44.20066005630434,704.9557284307585,A3,L5,I3,T4,position_fusion,S01,X_A3_U4_P5_L5_I3_T4__S01,U4,P5,
X_A3_U4_P5_L5_I3_T5,error_state_ekf_screening,Phase4 L5 single-I position row.,34,17,40661,122.83973227261708,192.85621355680627,209.11846263395472,134.01263244949413,40661,72.87006572750168,142.65966064132746,161.93458769770652,92.08723763453374,40661,75.7664409511442,156.64059475402064,174.30699409317526,97.36183195115075,119.41345585822096,200.9047812455264,131.1605480131256,136.63700003133147,161.60484449202227,87.71038025480236,61.06413116516382,49.715613162746024,79.46981016207044,51.51645250669495,90.03831971239445,nan,nan,nan,1.0,0.029467357374520206,0.18811892741526767,nan,nan,17,297.6373390791767,43.87681924812239,596.6402514666536,A3,L5,I3,T5,position_fusion,S01,X_A3_U4_P5_L5_I3_T5__S01,U4,P5,
X_A3_U4_P5_L5_I4_T1,uwb_only_control_repeated_for_matrix,Phase4 L5 single-I position row.,34,17,40661,123.92184901938573,194.3558244523655,211.11146568051106,135.14352192471029,40661,73.6099863298884,144.829223728875,164.49986116447724,93.198396664301,40661,75.98287108884847,157.6928474449826,175.46028939547114,97.86639043828197,120.73800671921273,202.56072535698576,131.9420118152716,139.5413408585744,162.4217237913365,87.99783182906832,59.651044239091306,51.707013079027035,80.30578048219024,46.83845905671906,83.1099672434146,nan,nan,nan,nan,nan,nan,nan,nan,17,265.03636974368413,43.22292223692165,553.6241048619727,A3,L5,I4,T1,uwb_only,S01,X_A3_U4_P5_L5_I4_T1__S01,U4,P5,
X_A3_U4_P5_L5_I4_T2,position_prior_screening,Phase4 L5 single-I position row.,34,17,40661,112.98176842529669,178.88298919829865,195.5552507018585,124.52608047468243,40661,70.25924493325682,124.86111877461607,138.23660286198256,83.7212590925243,40661,72.7049244978341,147.32096152390181,166.96609250235588,92.18186098332741,111.03603070075961,177.84376444041624,125.34156021735168,125.21213279656567,147.11701252582526,82.06385371513362,55.28635568252483,53.72079975412032,62.491667252390926,59.828310779615435,104.13760422323836,nan,nan,nan,1.0,0.4401405624942162,1.4950304904496932,nan,nan,17,271.686566911179,39.92794203972579,736.3618451770795,A3,L5,I4,T2,position_fusion,S01,X_A3_U4_P5_L5_I4_T2__S01,U4,P5,
X_A3_U4_P5_L5_I4_T3,loose_ekf_screening,Phase4 L5 single-I position row.,34,17,40661,122.07632956957266,190.34935420907703,206.37055413289113,132.71952786590276,40661,72.75134699771729,139.55007936790207,157.98711130334732,90.86458811086045,40661,75.84339438345182,155.63162537164658,173.29618106524663,96.73727153683744,118.61246122375555,198.32172712238793,129.0990004261548,132.82568228599325,157.15756936865557,86.31396521671019,57.5171786956528,51.99235768636629,77.96927277430967,50.36600475978348,86.23564578415952,nan,nan,nan,1.0,0.06268400290475075,0.34529574178515154,nan,nan,17,348.72672054085575,44.46509882348988,834.8667744537577,A3,L5,I4,T3,position_fusion,S01,X_A3_U4_P5_L5_I4_T3__S01,U4,P5,
X_A3_U4_P5_L5_I4_T4,loose_ukf_screening,Phase4 L5 single-I position row.,34,17,40661,121.3841004408611,189.3056768630367,205.12594744998816,132.00565532071036,40661,72.4697415169529,138.2066597151642,155.86598972115073,90.20157887310269,40661,75.57635358050618,154.81569798720898,172.6878301037782,96.38033100923457,117.95102710965807,196.60896491953378,128.31298676237282,131.16184545598395,156.0534258004791,86.08489712648344,56.815259717141664,51.56600397377474,77.14804693783103,50.206339039323794,86.2326759985315,nan,nan,nan,1.0,0.09831385232928004,0.48431636610240036,nan,nan,17,371.7924215849939,44.01027007489125,971.0643677808796,A3,L5,I4,T4,position_fusion,S01,X_A3_U4_P5_L5_I4_T4__S01,U4,P5,
X_A3_U4_P5_L5_I4_T5,error_state_ekf_screening,Phase4 L5 single-I position row.,34,17,40661,123.01462140497603,192.64994343993075,208.8551846033345,134.00707806610913,40661,73.11194459479194,142.45328017423847,161.42731023169827,92.0847290984602,40661,75.8644164333391,156.7197380392338,174.27488638706564,97.3565592997178,119.8186792196611,201.674452400696,130.58990783082686,137.79899935224608,160.58835722608467,87.70328750211809,59.26549293804892,49.837514786831946,79.32086949919727,51.33352394381929,87.69247708363517,nan,nan,nan,1.0,0.03187314829675213,0.21297110237026295,nan,nan,17,298.95560122867624,43.98233343547764,572.0105970765068,A3,L5,I4,T5,position_fusion,S01,X_A3_U4_P5_L5_I4_T5__S01,U4,P5,
X_A3_U4_P5_L5_I5_T1,uwb_only_control_repeated_for_matrix,Phase4 L5 single-I position row.,34,17,40661,123.92184901938573,194.3558244523655,211.11146568051106,135.14352192471029,40661,73.6099863298884,144.829223728875,164.49986116447724,93.198396664301,40661,75.98287108884847,157.6928474449826,175.46028939547114,97.86639043828197,120.73800671921273,202.56072535698576,131.9420118152716,139.5413408585744,162.4217237913365,87.99783182906832,59.651044239091306,51.707013079027035,80.30578048219024,46.83845905671906,83.1099672434146,nan,nan,nan,nan,nan,nan,nan,nan,17,265.03636974368413,43.22292223692165,553.6241048619727,A3,L5,I5,T1,uwb_only,S01,X_A3_U4_P5_L5_I5_T1__S01,U4,P5,
X_A3_U4_P5_L5_I5_T2,position_prior_screening,Phase4 L5 single-I position row.,34,17,40661,105.79037390945835,167.77581944163234,183.33478632323673,117.5426610278891,40661,65.49960711594932,122.59754979954188,138.38493214547736,79.99933409673939,40661,68.36363262747898,136.62637751976217,155.40935118172,86.11842837392884,105.27708901559807,168.12199027328268,113.92736496308949,110.68958737716162,132.76031643484288,76.83815109032277,48.84686166539889,48.99059252757422,53.63576122991449,61.01623274646889,100.53202201261229,nan,nan,nan,1.0,0.5679759606337264,1.7764443141840194,nan,nan,17,245.04840004839036,38.912091259274234,333.68647395985056,A3,L5,I5,T2,position_fusion,S01,X_A3_U4_P5_L5_I5_T2__S01,U4,P5,
X_A3_U4_P5_L5_I5_T3,loose_ekf_screening,Phase4 L5 single-I position row.,34,17,40661,120.7658961213023,187.22759614674092,202.57721802420554,130.85600858349756,40661,71.66167449880152,137.56037559926335,155.92313879875294,89.43182153093555,40661,74.71453665506328,153.11624983427237,171.3280049227842,95.52614448444609,116.13121273509469,195.84433180223638,126.68434299555247,133.9586632689275,153.6842956333292,85.18130721728325,55.99597680659016,51.97648647677403,76.64850853148633,49.13150475823572,85.25149614359697,nan,nan,nan,1.0,0.09322194317840979,0.449640831045142,nan,nan,17,363.72567091891676,43.58998403997106,842.4900158568149,A3,L5,I5,T3,position_fusion,S01,X_A3_U4_P5_L5_I5_T3__S01,U4,P5,
X_A3_U4_P5_L5_I5_T4,loose_ukf_screening,Phase4 L5 single-I position row.,34,17,40661,119.61141116578325,185.21155345708337,200.188788977671,129.61541942752675,40661,71.35587482278281,135.68942909144664,153.70735645857835,88.40796381006635,40661,74.36104493015205,151.68325641131963,170.1580080714166,94.78496129836037,115.18063826573356,191.80361444678243,124.90937856095476,131.33810219173301,152.12838324073618,85.69653752918859,55.29037068406512,50.99527932207286,75.18520123226662,51.47991959601705,87.23028378491355,nan,nan,nan,1.0,0.14100426278053144,0.6280254006974204,nan,nan,17,362.43222639066937,42.84062698401431,863.43867022743,A3,L5,I5,T4,position_fusion,S01,X_A3_U4_P5_L5_I5_T4__S01,U4,P5,
X_A3_U4_P5_L5_I5_T5,error_state_ekf_screening,Phase4 L5 single-I position row.,34,17,40661,122.59563621800385,191.1755751391858,206.92226950177565,133.11289742129773,40661,72.50370815540262,140.86850377981673,160.28143968756552,91.36004424899376,40661,75.34540690380527,155.7822091649855,173.51203162415482,96.81108291262336,118.78287518976404,200.08336247204207,129.97591836306373,137.50425180702842,158.57631504363772,86.105682738196,58.64785449236878,50.63551625453874,78.63357038541568,50.32298376872343,86.14530049475036,nan,nan,nan,1.0,0.04877022566485164,0.2862295444440526,nan,nan,17,323.1774383851635,44.262039349162194,619.6635947105941,A3,L5,I5,T5,position_fusion,S01,X_A3_U4_P5_L5_I5_T5__S01,U4,P5,
X_A3_U4_P5_L5_I6_T1,uwb_only_control_repeated_for_matrix,Phase4 L5 single-I position row.,34,17,40661,123.92184901938573,194.3558244523655,211.11146568051106,135.14352192471029,40661,73.6099863298884,144.829223728875,164.49986116447724,93.198396664301,40661,75.98287108884847,157.6928474449826,175.46028939547114,97.86639043828197,120.73800671921273,202.56072535698576,131.9420118152716,139.5413408585744,162.4217237913365,87.99783182906832,59.651044239091306,51.707013079027035,80.30578048219024,46.83845905671906,83.1099672434146,nan,nan,nan,nan,nan,nan,nan,nan,17,265.03636974368413,43.22292223692165,553.6241048619727,A3,L5,I6,T1,uwb_only,S01,X_A3_U4_P5_L5_I6_T1__S01,U4,P5,
X_A3_U4_P5_L5_I6_T2,position_prior_screening,Phase4 L5 single-I position row.,34,17,40661,107.95517784634413,172.03794956014906,187.7510902940406,120.30112607512113,40661,67.58709464574889,122.76136327261453,138.8267052865098,81.22334670478311,40661,69.94915680976703,141.0618697436944,161.20968852310693,88.74192292832508,108.72255510108671,168.3187730391214,115.24335090182159,113.96074075382717,143.35262281581976,79.02600588919334,52.2696948725431,55.843779733954364,57.77984040629502,61.05428305065988,104.57993506257719,nan,nan,nan,1.0,0.5171090569596859,2.04238471222381,nan,nan,17,148.34062219073775,38.74134109962233,335.30627835437815,A3,L5,I6,T2,position_fusion,S01,X_A3_U4_P5_L5_I6_T2__S01,U4,P5,
X_A3_U4_P5_L5_I6_T3,loose_ekf_screening,Phase4 L5 single-I position row.,34,17,40661,121.02977505834099,188.68374253408226,204.42707486699013,131.4831449950898,40661,71.64252975206212,137.8558928908105,156.78985959911594,89.82160042756676,40661,75.12873371757189,154.15297740648884,172.07156859889187,96.02029740857058,118.26937931332522,194.74546620360232,129.04634656851812,131.62196278221577,154.25556858518442,85.22252583778344,57.853033011004904,53.21205435759617,77.19225557894643,46.87608004419125,82.42696063462353,nan,nan,nan,1.0,0.07797961259977622,0.4323642642132749,nan,nan,17,321.18831764623803,44.000953905805375,729.2456258508485,A3,L5,I6,T3,position_fusion,S01,X_A3_U4_P5_L5_I6_T3__S01,U4,P5,
X_A3_U4_P5_L5_I6_T4,loose_ukf_screening,Phase4 L5 single-I position row.,34,17,40661,119.81918414574835,187.0304572475382,202.3780087463089,130.43521558078936,40661,71.11950918951933,136.29968174625176,154.55154227575048,88.90561987070099,40661,74.79573814728042,153.08331329081363,171.25639625798453,95.4417949276595,117.39661052598547,191.9276714232986,128.75642248153952,130.01832341539864,153.94410507315396,84.2519962997149,55.50206817974579,54.622109008788755,76.00194787274603,46.430278650560844,82.37773007680129,nan,nan,nan,1.0,0.1224929754294049,0.6147343717719596,nan,nan,17,309.36807353408994,43.36955036083998,706.9123000941955,A3,L5,I6,T4,position_fusion,S01,X_A3_U4_P5_L5_I6_T4__S01,U4,P5,
X_A3_U4_P5_L5_I6_T5,error_state_ekf_screening,Phase4 L5 single-I position row.,34,17,40661,122.58231232486798,191.90817297701767,207.733537528231,133.40607611003028,40661,72.47054580173271,141.4234957115756,160.7740387840588,91.55487544813111,40661,75.57070591015156,156.2960614558549,173.9449333536786,97.0303350749259,119.74633468795253,200.32707455913294,129.86885321047976,135.98841928063183,158.09725259422004,86.6561653081722,59.68448197156545,50.901050727053416,78.98161681405898,49.01285921792162,84.10535119838833,nan,nan,nan,1.0,0.03806821768578335,0.26122924679164916,nan,nan,17,305.2553700872927,44.052534109872965,593.2703227309784,A3,L5,I6,T5,position_fusion,S01,X_A3_U4_P5_L5_I6_T5__S01,U4,P5,
X_A3_U4_P5_L5_I7_T1,uwb_only_control_repeated_for_matrix,Phase4 L5 single-I position row.,34,17,40661,123.92184901938573,194.3558244523655,211.11146568051106,135.14352192471029,40661,73.6099863298884,144.829223728875,164.49986116447724,93.198396664301,40661,75.98287108884847,157.6928474449826,175.46028939547114,97.86639043828197,120.73800671921273,202.56072535698576,131.9420118152716,139.5413408585744,162.4217237913365,87.99783182906832,59.651044239091306,51.707013079027035,80.30578048219024,46.83845905671906,83.1099672434146,nan,nan,nan,nan,nan,nan,nan,nan,17,265.03636974368413,43.22292223692165,553.6241048619727,A3,L5,I7,T1,uwb_only,S01,X_A3_U4_P5_L5_I7_T1__S01,U4,P5,
X_A3_U4_P5_L5_I7_T2,position_prior_screening,Phase4 L5 single-I position row.,34,17,40661,116.5783292246966,182.95518271320097,199.79842220849764,128.33855635744342,40661,72.15591894819235,127.96744748912191,143.90351347263967,85.44361943951304,40661,73.44343860109234,154.42266031167605,175.12395938467967,95.7610199663117,116.16311507322283,189.30050429850056,128.90604552967133,117.74379584172253,159.39717037628986,77.1734126829027,52.16560282319682,51.45339399579734,66.03439499677475,60.36738725821944,106.16879534984437,nan,nan,nan,1.0,0.40322864368370537,1.6395625180717968,nan,nan,17,243.64958681295133,40.04724888847102,341.4325605138622,A3,L5,I7,T2,position_fusion,S01,X_A3_U4_P5_L5_I7_T2__S01,U4,P5,
X_A3_U4_P5_L5_I7_T3,loose_ekf_screening,Phase4 L5 single-I position row.,34,17,40661,122.90438467014205,190.88490520388996,207.07793680265505,133.25176746678713,40661,72.84536642595252,140.11570062814025,158.79425613388398,91.07228184047987,40661,75.43533126490252,156.866075699435,174.84463780785018,97.27215949793089,119.70425686043035,199.91535878431074,130.507634913716,134.82682419654674,161.6209597771657,87.14286775901827,60.13900158659142,53.1100658956982,78.41602645184304,50.01455783248726,85.95665640817543,nan,nan,nan,1.0,0.05550599729116289,0.2849706779014075,nan,nan,17,309.2078998353673,44.444165998452206,657.6004279739506,A3,L5,I7,T3,position_fusion,S01,X_A3_U4_P5_L5_I7_T3__S01,U4,P5,
X_A3_U4_P5_L5_I7_T4,loose_ukf_screening,Phase4 L5 single-I position row.,34,17,40661,122.49209461924781,190.00379826488347,205.85933324177887,132.7361529846567,40661,72.78454556734418,138.78296871674425,156.94710913105007,90.49207890905087,40661,75.32514488386755,156.40174320495885,174.73798132760407,97.1085473266092,119.28053624072979,199.1359479601647,130.29363101131702,133.68056185652466,162.65408625510554,86.32237033859278,60.40500613057546,55.04838556977768,77.8487394212627,49.53669385568544,85.03439863614666,nan,nan,nan,1.0,0.08573922978389562,0.41377583037865795,nan,nan,17,320.8316480116766,44.40838135274208,744.1944043609119,A3,L5,I7,T4,position_fusion,S01,X_A3_U4_P5_L5_I7_T4__S01,U4,P5,
X_A3_U4_P5_L5_I7_T5,error_state_ekf_screening,Phase4 L5 single-I position row.,34,17,40661,123.45530330250972,192.8379230692403,209.04465371509394,134.23512428326268,40661,73.01957576034167,142.70715838470738,161.9089496255547,92.18061675609442,40661,75.76678221362693,157.32579252008554,174.97595866601614,97.57972374325018,120.45589524065707,202.31983382715953,131.2668541722116,138.36762091427977,161.15076290427584,85.97756318968848,59.6125745541337,52.37178032155447,79.60517272290357,51.36255476696128,87.82592496783903,nan,nan,nan,1.0,0.02840752158840627,0.17006717370219737,nan,nan,17,282.71600683391,43.82256794638346,559.9033971510315,A3,L5,I7,T5,position_fusion,S01,X_A3_U4_P5_L5_I7_T5__S01,U4,P5,
X_A3_U4_P5_L5_I8_T1,uwb_only_control_repeated_for_matrix,Phase4 L5 single-I position row.,34,17,40661,123.92184901938573,194.3558244523655,211.11146568051106,135.14352192471029,40661,73.6099863298884,144.829223728875,164.49986116447724,93.198396664301,40661,75.98287108884847,157.6928474449826,175.46028939547114,97.86639043828197,120.73800671921273,202.56072535698576,131.9420118152716,139.5413408585744,162.4217237913365,87.99783182906832,59.651044239091306,51.707013079027035,80.30578048219024,46.83845905671906,83.1099672434146,nan,nan,nan,nan,nan,nan,nan,nan,17,265.03636974368413,43.22292223692165,553.6241048619727,A3,L5,I8,T1,uwb_only,S01,X_A3_U4_P5_L5_I8_T1__S01,U4,P5,
X_A3_U4_P5_L5_I8_T2,position_prior_screening,Phase4 L5 single-I position row.,34,17,40661,110.78726364597395,177.94288837421058,194.36184390418106,123.20852511845412,40661,68.84887439821878,124.39902313143727,141.62764161749305,83.34914122105486,40661,72.1949415178185,143.37050667175754,165.09679667975888,90.73732043419287,110.12513798637099,180.7192797733158,119.90247392691116,113.063134224594,145.25889055875246,83.40158221348649,52.18897067984261,49.53010701811809,59.83927090023022,55.649056118342514,95.0959950940833,nan,nan,nan,1.0,0.49654273392557324,1.9213742716211928,nan,nan,17,204.72081878693183,38.69537021471888,391.2710755382298,A3,L5,I8,T2,position_fusion,S01,X_A3_U4_P5_L5_I8_T2__S01,U4,P5,
X_A3_U4_P5_L5_I8_T3,loose_ekf_screening,Phase4 L5 single-I position row.,34,17,40661,121.69673149960815,189.97754959264492,206.04887857996928,132.22726922269476,40661,72.1138954204462,139.39382629213597,157.87967543382118,90.50682084059143,40661,75.50321419309057,154.71439176186163,173.23682591847614,96.39795696704408,119.36874108604667,200.4889628019968,128.8872486120576,132.42543681001817,154.83814944713333,87.01598964024427,61.095375624958336,51.95160092163076,77.58496502846481,48.322387067904145,83.09424264899715,nan,nan,nan,1.0,0.07301081544131387,0.3899896244091873,nan,nan,17,332.91690935287085,44.20144910716181,731.8901932083756,A3,L5,I8,T3,position_fusion,S01,X_A3_U4_P5_L5_I8_T3__S01,U4,P5,
X_A3_U4_P5_L5_I8_T4,loose_ukf_screening,Phase4 L5 single-I position row.,34,17,40661,120.84237244144465,188.74711350280378,204.6793664822743,131.3872301228706,40661,71.86267714861296,137.92316862318157,156.13612735051692,89.76739549608816,40661,75.33083422895015,153.8326993739381,172.62552315584458,95.93966304510899,118.61880329204527,199.41103995607153,128.6522219915146,130.20992524201324,153.5751102204133,86.62777309010582,60.632498523470716,52.25925729288929,76.57516859787123,47.686286261370974,82.71891163051515,nan,nan,nan,1.0,0.11204708987628675,0.569341208695545,nan,nan,17,339.10004387505376,43.6199611294017,802.318739566996,A3,L5,I8,T4,position_fusion,S01,X_A3_U4_P5_L5_I8_T4__S01,U4,P5,
X_A3_U4_P5_L5_I8_T5,error_state_ekf_screening,Phase4 L5 single-I position row.,34,17,40661,122.89981923760931,192.47180845276444,208.58061537336917,133.76151370844835,40661,72.75558429879547,142.42073564809192,161.02885341868836,91.89327216218523,40661,75.81171550635747,156.4820969308139,174.06704637689882,97.19963518914035,120.23720390921366,202.19947656768758,130.15958814157233,136.9752957569914,158.7959865391237,87.32521698198511,61.05335862483084,51.87930609581008,79.15381672303764,50.2608946557117,86.15319109441273,nan,nan,nan,1.0,0.03736721630897434,0.24010515745188796,nan,nan,17,301.50720716557146,43.9888114760916,561.4954989394146,A3,L5,I8,T5,position_fusion,S01,X_A3_U4_P5_L5_I8_T5__S01,U4,P5,
X_A0_R0_L5_I0_T6,range_ekf_screening,Phase4 L5 single-I raw-range row.,34,17,40658,2169.1751572735493,2545.9329535422257,2625.991467462514,2158.137242157208,40658,2120.742715639937,2509.152794774611,2581.612943552496,2112.5646030203447,40658,354.434101887624,697.816158084381,779.1264265742877,441.16567642033584,2193.4740619230997,2565.139098029368,2185.7657519696018,2531.1482724774696,689.5849673795423,2117.5077573541857,2114.967025592021,93.2846059435642,116.32089998162053,103.31716383447741,180.40268776633735,nan,nan,nan,1.0,0.8010005603520995,2.740434106125741,1.0,0.9496044962531224,17,62.751934336440335,24.670814963487146,107.56783094676268,A0,L5,I0,T6,range_fusion,S01,X_A0_R0_L5_I0_T6__S01,,,R0
X_A0_R0_L5_I0_T7,range_ukf_screening,Phase4 L5 single-I raw-range row.,34,17,40658,2162.0709513506117,2541.6372746813154,2622.7020151987977,2155.2412661123076,40658,2114.737426815076,2505.8647333082595,2579.5304324276253,2110.232834653462,40658,351.20849355261294,694.1509415556518,776.149002017772,438.1578467901706,2179.8635836362973,2556.962937169557,2182.962331635777,2524.8359151208333,685.5231974956782,2111.3467308988347,2108.6006833764786,95.28921313060158,110.79608567324459,99.8374249118506,180.21063915250886,nan,nan,nan,1.0,0.9384062055963972,2.9628119087731863,1.0,0.9496044962531224,17,71.39152438865042,38.3541247590378,113.29898167097647,A0,L5,I0,T7,range_fusion,S01,X_A0_R0_L5_I0_T7__S01,,,R0
X_A0_R0_L5_I0_T8,robust_range_ekf_screening,Phase4 L5 single-I raw-range row.,34,17,40658,2091.1666291570646,2508.280814047628,2599.253002563165,2090.16382782075,40658,2043.1392250887202,2473.727388318933,2558.79022325262,2043.5791825459064,40658,348.44096873849867,691.0918183006015,780.2631872704807,438.8267901977888,2154.3005511045003,2480.3789625846302,2081.829145570689,2455.338264312322,687.8810261202774,2083.75094932688,2083.3041475825694,88.62887109732742,165.6754343864667,101.87913242662952,183.55678009350552,nan,nan,nan,1.0,0.6306839002811295,2.473508884870152,1.0,0.9496044962531224,17,455.6020227234578,85.48440632347285,967.0140200934738,A0,L5,I0,T8,range_fusion,S01,X_A0_R0_L5_I0_T8__S01,,,R0
X_A0_R0_L5_I0_T9,session_window_factor_graph_proxy,Phase4 L5 single-I raw-range row.,34,17,40658,2044.715596248526,2481.8596328171384,2575.7504302150824,2058.317710261648,40658,2001.1144995677896,2449.410467171707,2529.952748744908,2015.5447828286017,40658,327.07134235004276,659.4844553812068,748.3828334337998,417.43385678351046,2093.3189213326623,2457.3408846310094,2078.45505382492,2441.4705864036678,658.0370343560894,2039.3679190633816,2036.5901680328893,95.2210705394885,173.72254835566756,101.87282006408138,166.24309883586403,nan,nan,nan,1.0,1.3412982696032474,3.416916854508362,1.0,0.9496044962531224,17,575.1382159295158,103.68000973697951,1256.3979907847845,A0,L5,I0,T9,range_fusion,S01,X_A0_R0_L5_I0_T9__S01,,,R0
X_A0_R0_L5_I0_T10,full_session_batch_proxy,Phase4 L5 single-I raw-range row.,34,17,40658,2040.1263122036592,2471.7576649909024,2569.93618605881,2056.6356497081206,40658,2002.413184475785,2441.1749846857674,2526.0210746289426,2017.1966013426484,40658,308.31290947272703,639.6743337275225,734.3220251184381,400.83421408608683,2083.8898539907395,2472.7629508543814,2052.0479405745846,2454.743643095887,621.1375333895427,1977.0206879540083,1972.7713764472778,95.16586762461691,197.63605378243778,113.68593304910871,188.86184957093255,nan,nan,nan,1.0,1.9090115690458724,4.460757550429838,1.0,0.9496044962531224,17,427.2313405876543,165.60051072693227,802.9047279246134,A0,L5,I0,T10,range_fusion,S01,X_A0_R0_L5_I0_T10__S01,,,R0
X_A0_R0_L5_I1_T6,range_ekf_screening,Phase4 L5 single-I raw-range row.,34,17,40658,2123.492248262736,2524.9710765809887,2607.355952607619,2134.916056874554,40658,2078.837173489185,2488.574050912528,2569.5091231129995,2094.158443750126,40658,333.58238480355095,662.8103061895627,739.4428597174867,415.17102785580425,2154.1778113016317,2517.0935436345444,2152.0834906641144,2489.9849489021294,645.0166180969929,2101.159215562915,2100.86402243703,70.14597429432052,143.51344764219863,102.33783913430598,175.02214077792144,nan,nan,nan,1.0,1.7237942855008168,3.9162012299977063,1.0,0.9496044962531224,17,147.38962131109668,50.32867039131395,338.1807294155047,A0,L5,I1,T6,range_fusion,S01,X_A0_R0_L5_I1_T6__S01,,,R0
X_A0_R0_L5_I1_T7,range_ukf_screening,Phase4 L5 single-I raw-range row.,34,17,40658,2108.741791110417,2516.7990977728114,2598.8417915293435,2126.77009257072,40658,2065.6411634418955,2481.740525115336,2563.3285884093175,2087.9498861582997,40658,323.363177469963,650.0418570293965,722.6335531842636,404.4951168367947,2137.7798773683676,2505.706313464342,2146.8769665489044,2482.0009707771255,632.1660061207746,2106.776854171557,2106.3384025142336,69.81079442885857,148.50197535191893,103.72653975016068,183.32445234187628,nan,nan,nan,1.0,2.1298702141145327,4.551905593361605,1.0,0.9496044962531224,17,164.81504774210626,49.61544133408819,388.35890780528086,A0,L5,I1,T7,range_fusion,S01,X_A0_R0_L5_I1_T7__S01,,,R0
X_A0_R0_L5_I1_T8,robust_range_ekf_screening,Phase4 L5 single-I raw-range row.,34,17,40658,2046.235070465214,2473.236465931291,2573.7885389169746,2059.007402710136,40658,2004.6615494906605,2444.600176740439,2536.092205258815,2016.210391451422,40658,329.72164419667473,653.7899097169324,745.5577211434119,417.6208110456698,2106.988717216745,2443.1599506505963,2051.30729032846,2425.61281523037,647.8089018837406,2062.228965023841,2060.2241120345398,79.33939687366512,134.62452096827778,105.50127542973775,178.95739090063907,nan,nan,nan,1.0,1.2279229820970667,3.340849989490183,1.0,0.9496044962531224,17,538.2870248708633,107.73759791196005,1224.7946473073114,A0,L5,I1,T8,range_fusion,S01,X_A0_R0_L5_I1_T8__S01,,,R0
X_A0_R0_L5_I1_T9,session_window_factor_graph_proxy,Phase4 L5 single-I raw-range row.,34,17,40658,2014.6334936620283,2442.631135898532,2543.4949906450524,2041.3061898517878,40658,1980.8505108779468,2415.889871876533,2511.388651711787,2008.1433565198083,40658,281.7596507980451,588.9212801762736,673.8150208416474,366.4576652119335,2059.3957098388137,2436.48724426385,2024.3464392843168,2402.149797459884,556.5781524257236,1938.4040837836596,1930.3467702526777,75.76804833854067,214.2699868885723,117.31924831939753,208.56493033160064,nan,nan,nan,1.0,3.042578171528845,5.9638037363332295,1.0,0.9496044962531224,17,448.04735921894206,219.20591736679506,903.0718465756328,A0,L5,I1,T9,range_fusion,S01,X_A0_R0_L5_I1_T9__S01,,,R0
X_A0_R0_L5_I1_T10,full_session_batch_proxy,Phase4 L5 single-I raw-range row.,34,17,40658,1986.3296190254123,2405.321132060555,2502.061471685279,2016.0475214714131,40658,1958.3629499819294,2381.5214252658925,2475.6727420474936,1989.621735595881,40658,241.1127716928894,533.8723866305725,610.2167855255384,325.35051571414857,2042.34535728172,2388.313242375373,1999.152267570048,2370.948263395153,500.4468910982631,1890.7810182840126,1889.3601973547027,95.25056934248516,221.85998602174672,113.09097787770015,206.82948599328265,nan,nan,nan,1.0,4.510669895721138,7.7420868393379845,1.0,0.9496044962531224,17,419.5854473535624,213.53480440981178,800.6228136904099,A0,L5,I1,T10,range_fusion,S01,X_A0_R0_L5_I1_T10__S01,,,R0
X_A0_R0_L5_I2_T6,range_ekf_screening,Phase4 L5 single-I raw-range row.,34,17,40658,2125.0512424804756,2530.4796937140973,2612.4783722446005,2136.9283982044517,40658,2080.677029039477,2492.6294080821526,2573.373606355326,2096.304001527072,40658,328.84001653562024,659.2880842812425,745.0719484938256,414.6956862980716,2152.2024450703466,2532.890300451466,2161.9698344022604,2487.3854146401454,635.9263617334279,2087.4358954324407,2087.057484312117,91.0369175783976,148.40930940880722,102.48359693579744,175.50436038767344,nan,nan,nan,1.0,1.8370235693645942,3.960961832133813,1.0,0.9496044962531224,17,144.98014186741975,51.132809432389536,304.632592592063,A0,L5,I2,T6,range_fusion,S01,X_A0_R0_L5_I2_T6__S01,,,R0
X_A0_R0_L5_I2_T7,range_ukf_screening,Phase4 L5 single-I raw-range row.,34,17,40658,2112.5640411497952,2524.6361561150406,2603.735948877447,2129.2383618597955,40658,2070.1574896547963,2485.2514052166057,2568.0200929688467,2090.5895016801974,40658,318.2972516805137,645.2342224134297,726.9931271712873,403.8459323553117,2141.9590834647292,2522.879004596533,2152.1306786281666,2475.607303640346,624.3819539059173,2094.119032598923,2091.12984725838,91.45534102567046,154.74306597105357,106.79936650075072,188.47205805250445,nan,nan,nan,1.0,2.259203904524992,4.507180554840112,1.0,0.9496044962531224,17,161.14304012604663,51.77059058233823,342.7285738438195,A0,L5,I2,T7,range_fusion,S01,X_A0_R0_L5_I2_T7__S01,,,R0
X_A0_R0_L5_I2_T8,robust_range_ekf_screening,Phase4 L5 single-I raw-range row.,34,17,40658,2048.5875734302726,2480.4270335583956,2581.89595776594,2061.256816103365,40658,2004.933417482246,2450.1972377193683,2539.3856895461986,2018.5512701014638,40658,327.96553916633286,654.5108454994755,743.5745417413492,417.4091900094549,2117.24796503942,2460.383577482108,2062.4269601606456,2440.3911151603525,643.6149624079324,2073.8890706436005,2073.1712745859422,75.25995662506074,140.29892941912854,105.0462287508926,176.82336338346988,nan,nan,nan,1.0,1.2843441394759476,3.3686351864914656,1.0,0.9496044962531224,17,519.1283168235162,119.27816595031197,1057.9516841461025,A0,L5,I2,T8,range_fusion,S01,X_A0_R0_L5_I2_T8__S01,,,R0
X_A0_R0_L5_I2_T9,session_window_factor_graph_proxy,Phase4 L5 single-I raw-range row.,34,17,40658,2017.6718204812332,2447.8202980292144,2549.6283523492093,2046.1504799169413,40658,1984.1035057407803,2422.3511235831425,2514.382518446439,2013.1792116431466,40658,278.6828169244963,590.4594434529455,668.1286588041573,365.84320175754,2051.069860426779,2432.213922349152,2068.5390805099923,2419.9180942213966,555.1128273247198,1946.2024937085862,1939.4453035622143,87.56345735001048,241.34313318692378,114.13300516801752,219.33237228910147,nan,nan,nan,1.0,3.162280731385337,6.32145771527866,1.0,0.9496044962531224,17,513.1554484830185,232.51211997792052,1098.1591796345224,A0,L5,I2,T9,range_fusion,S01,X_A0_R0_L5_I2_T9__S01,,,R0
X_A0_R0_L5_I2_T10,full_session_batch_proxy,Phase4 L5 single-I raw-range row.,34,17,40658,1988.7098010240193,2407.3540172528983,2501.9759585062075,2022.4628624860522,40658,1960.9682374426707,2386.580538893807,2473.023913315567,1996.1538152653345,40658,239.37841938691048,536.1451481137844,605.2126366670744,325.15531048550594,2040.0540201377737,2394.733561773034,2037.945902128909,2390.4818607238494,492.5593642199905,1864.12117613405,1858.4873630928414,80.90541375906844,251.36162274852876,114.15614188768963,206.55797162139953,nan,nan,nan,1.0,4.632072670702316,8.57190378128889,1.0,0.9496044962531224,17,439.20107599181796,211.84310882312604,936.1573366121618,A0,L5,I2,T10,range_fusion,S01,X_A0_R0_L5_I2_T10__S01,,,R0
X_A0_R0_L5_I3_T6,range_ekf_screening,Phase4 L5 single-I raw-range row.,34,17,40658,2125.568145346012,2514.6627760784913,2597.2849019598875,2134.862716857726,40658,2083.159734727018,2480.8542681084937,2563.385552253308,2095.7918561265833,40658,324.20693197228627,648.6619032373266,733.7677711634462,406.5652661291171,2136.0948640543784,2505.446210269336,2153.559456121643,2473.634447390451,618.8976855624642,2103.9735784006693,2100.4525457088002,79.29305697361792,151.3826222024061,103.97007254405659,180.0043772190337,nan,nan,nan,1.0,2.0684043348717123,4.283382219264723,1.0,0.9496044962531224,17,142.48220462463547,47.89953306871257,285.99885132504227,A0,L5,I3,T6,range_fusion,S01,X_A0_R0_L5_I3_T6__S01,,,R0
X_A0_R0_L5_I3_T7,range_ukf_screening,Phase4 L5 single-I raw-range row.,34,17,40658,2112.082559506655,2505.0166752588448,2585.2675833723038,2127.032924827117,40658,2071.757902463515,2471.9322857787724,2553.703177553905,2090.287303333158,40658,311.9977142768099,628.6602186635993,714.7324023790196,393.6598186541185,2130.8093288708355,2488.044123086387,2142.231818581476,2462.780903110516,602.9292666220058,2108.5028471894884,2105.5246833515635,74.97715881949898,159.7094495325098,104.75805913004658,189.5733822309129,nan,nan,nan,1.0,2.549557671899834,5.171864032297309,1.0,0.9496044962531224,17,149.7162968624041,49.77583440233508,285.9758078178735,A0,L5,I3,T7,range_fusion,S01,X_A0_R0_L5_I3_T7__S01,,,R0
X_A0_R0_L5_I3_T8,robust_range_ekf_screening,Phase4 L5 single-I raw-range row.,34,17,40658,2041.163941948559,2473.085434651635,2573.8953634419236,2056.868141197283,40658,1997.919215905943,2443.561329579978,2533.1130670331213,2015.2226632807692,40658,323.2559073185688,647.9041070508798,735.0180774008394,411.80598304532674,2096.4742747374085,2448.4887267532567,2056.853247585029,2433.14927924018,631.8478567006234,2059.232320931995,2057.1210608553965,75.1708745483325,150.96888203957383,109.16908184899393,176.40169203224502,nan,nan,nan,1.0,1.4325963613814876,3.5857595476512585,1.0,0.9496044962531224,17,547.7654711471383,153.50153188999917,1251.466140238653,A0,L5,I3,T8,range_fusion,S01,X_A0_R0_L5_I3_T8__S01,,,R0
X_A0_R0_L5_I3_T9,session_window_factor_graph_proxy,Phase4 L5 single-I raw-range row.,34,17,40658,2024.0454667777458,2431.015058996485,2531.571759306151,2048.4094515221655,40658,1993.1567646123303,2408.3186072978206,2502.9110399175706,2017.8420837991687,40658,267.68676732352753,573.6824520750489,652.9798478695291,352.5544013827746,2075.8865839456626,2423.559276275084,2046.930757601492,2399.939626003127,542.6681735811862,1918.5683273377763,1918.0820388918964,66.21905369855597,219.83821792833666,112.22778804347759,205.6385354011063,nan,nan,nan,1.0,3.7209271241550264,6.7909306991311595,1.0,0.9496044962531224,17,464.9339159478795,199.84009381296016,908.9357093381182,A0,L5,I3,T9,range_fusion,S01,X_A0_R0_L5_I3_T9__S01,,,R0
X_A0_R0_L5_I3_T10,full_session_batch_proxy,Phase4 L5 single-I raw-range row.,34,17,40658,2005.7180910927589,2389.713690782129,2485.6707077678716,2033.0553804232406,40658,1982.2706441354967,2372.629451244042,2464.4564382754857,2009.2944612954839,40658,228.93790129697072,514.5078529351055,582.3058581860715,309.919259929388,2041.8127336154698,2378.809362694122,2030.0440248994605,2362.9750990166945,461.0151798066403,1836.410616799638,1833.3074018529,48.22988380726031,205.27444793861062,113.97458195100015,207.47455990789916,nan,nan,nan,1.0,5.021269258336488,9.076169472467395,1.0,0.9496044962531224,17,425.54657853394247,250.36476190651882,849.2208913514665,A0,L5,I3,T10,range_fusion,S01,X_A0_R0_L5_I3_T10__S01,,,R0
X_A0_R0_L5_I4_T6,range_ekf_screening,Phase4 L5 single-I raw-range row.,34,17,40658,2114.282044414569,2516.7862257045053,2593.3580265670885,2128.0747473980036,40658,2073.586548525548,2480.5991265841035,2558.848310349833,2089.8754127589677,40658,321.05445001892224,638.4762205064008,719.9464433620386,401.4011580185247,2136.50955123382,2513.664786150446,2150.8160634499145,2478.23555353545,611.9361873877097,2091.1682593164346,2090.8316856448,82.57987291007669,154.52855129253007,102.69042515863043,187.86606325600485,nan,nan,nan,1.0,2.2257678381946127,4.779879106279719,1.0,0.9496044962531224,17,153.2943839646406,48.595572530080005,276.255839956849,A0,L5,I4,T6,range_fusion,S01,X_A0_R0_L5_I4_T6__S01,,,R0
X_A0_R0_L5_I4_T7,range_ukf_screening,Phase4 L5 single-I raw-range row.,34,17,40658,2100.8429748962003,2506.182083475245,2582.6009079777796,2119.075936428748,40658,2061.9207863492175,2471.8661071641036,2549.270276631937,2083.389086664974,40658,308.10888517469766,615.637021631714,697.5348833282898,387.2631378231871,2118.451622062296,2505.185200107417,2141.8889106143633,2470.2221037045306,592.958592305253,2088.336843038925,2084.990920078668,83.72424205301945,161.68715380646162,104.14231524143065,199.86392674387054,nan,nan,nan,1.0,2.7399413783628894,5.6842551035319415,1.0,0.9496044962531224,17,161.01414369344536,54.71894136607864,284.8721591107458,A0,L5,I4,T7,range_fusion,S01,X_A0_R0_L5_I4_T7__S01,,,R0
X_A0_R0_L5_I4_T8,robust_range_ekf_screening,Phase4 L5 single-I raw-range row.,34,17,40658,2038.9397467764734,2473.981789056194,2572.7518807879446,2058.7537118660016,40658,1998.8417549552573,2443.5085908127403,2536.1756556749087,2017.6749347656266,40658,323.0482538489309,638.3265433543559,725.469845384102,409.2122966634366,2106.8566870383866,2461.0359842743765,2053.300506164098,2434.6435291005796,626.4842031430205,2010.8728273062814,2009.2062884639904,79.26275625302253,195.15244693990127,111.45211648353484,182.07822884954493,nan,nan,nan,1.0,1.5116804812844962,3.74563721008606,1.0,0.9496044962531224,17,621.8258198793951,215.022124566762,1282.5040778579485,A0,L5,I4,T8,range_fusion,S01,X_A0_R0_L5_I4_T8__S01,,,R0
X_A0_R0_L5_I4_T9,session_window_factor_graph_proxy,Phase4 L5 single-I raw-range row.,34,17,40658,2007.0113567449923,2425.9203445799753,2522.6953439077174,2034.7421212668542,40658,1977.9352163088947,2398.695724485342,2497.4055141548138,2005.7420514984378,40658,264.6171567649234,552.0515164891198,626.1489553121996,342.3073515254611,2053.6567295292703,2374.205224080244,2022.9528615750087,2351.6178088357,524.4217531614308,1896.8330674638269,1895.8626998358577,89.54455882143617,224.27883532537797,112.54367127061218,199.00700897823094,nan,nan,nan,1.0,3.870304673768656,7.224678432389824,1.0,0.9496044962531224,17,460.0025279337004,241.5631721386241,907.5584776537864,A0,L5,I4,T9,range_fusion,S01,X_A0_R0_L5_I4_T9__S01,,,R0
X_A0_R0_L5_I4_T10,full_session_batch_proxy,Phase4 L5 single-I raw-range row.,34,17,40658,1985.2891701201697,2385.184181595437,2477.1520618182976,2014.8813379955143,40658,1962.486418982211,2363.724114879369,2455.6602932030864,1992.9213867857184,40658,221.54618803231324,487.1183758155214,554.2544367866716,296.66673607717576,2016.876864623175,2336.874004935806,2002.169874316348,2312.6707079739726,467.8668946714243,1807.0697132101782,1806.2673718604983,89.6481751047296,251.27200052007856,114.57377617456717,207.42846857677696,nan,nan,nan,1.0,5.257458044205128,8.989894666590011,1.0,0.9496044962531224,17,402.9429124277411,182.43535981345144,886.6751149454835,A0,L5,I4,T10,range_fusion,S01,X_A0_R0_L5_I4_T10__S01,,,R0
X_A0_R0_L5_I5_T6,range_ekf_screening,Phase4 L5 single-I raw-range row.,34,17,40658,2094.5013287919264,2495.332084504328,2570.193793422327,2110.8379467960467,40658,2054.963610208477,2464.169283761916,2541.287820011431,2076.6733129683416,40658,297.62670590040943,612.1962093247241,688.6921430933867,378.2390630794787,2113.121483643713,2486.341115236161,2143.3137152197,2460.507627301623,588.2190881649041,2073.586323506038,2070.198512796852,76.0793619983254,162.27958292604026,111.46116355548764,211.05392882602322,nan,nan,nan,1.0,3.127165260099586,6.2099536448073955,1.0,0.9496044962531224,17,159.96184028833304,55.305271293636395,258.3316175301205,A0,L5,I5,T6,range_fusion,S01,X_A0_R0_L5_I5_T6__S01,,,R0
X_A0_R0_L5_I5_T7,range_ukf_screening,Phase4 L5 single-I raw-range row.,34,17,40658,2080.742911035199,2478.5379431978004,2554.4828255758243,2099.980877274495,40658,2044.5675320713865,2450.5230499360173,2526.3712094610355,2068.9481967050006,40658,279.9898479835986,587.3880026018378,658.9282824070957,359.68464558510453,2106.5918923754425,2465.559207252469,2130.296138625984,2441.925345894225,561.0277874078411,2014.0928425578304,2008.4928805586424,77.80955282664951,162.1508453624883,113.95947836891332,213.081091362696,nan,nan,nan,1.0,3.8161469045525838,7.273849824897015,1.0,0.9496044962531224,17,160.1533863510653,71.11339270420171,248.07569006096722,A0,L5,I5,T7,range_fusion,S01,X_A0_R0_L5_I5_T7__S01,,,R0
X_A0_R0_L5_I5_T8,robust_range_ekf_screening,Phase4 L5 single-I raw-range row.,34,17,40658,2032.7243003749359,2459.944522354007,2563.317862241926,2050.8482356367726,40658,1994.3247272973767,2430.1809521120413,2523.3361450401485,2012.575811513181,40658,308.4645406180627,624.8950793716995,712.2350606323438,394.3565499982529,2084.581938073327,2416.363568713781,2036.008991787498,2397.4491415418033,605.7893544673977,1965.0686996471873,1962.5289300411039,68.22614614824897,168.79025409810362,113.72734764060209,183.1084907622572,nan,nan,nan,1.0,2.0358463625744103,4.305491212988407,1.0,0.9496044962531224,17,446.3528573249785,190.0327217350383,839.3134058413676,A0,L5,I5,T8,range_fusion,S01,X_A0_R0_L5_I5_T8__S01,,,R0
X_A0_R0_L5_I5_T9,session_window_factor_graph_proxy,Phase4 L5 single-I raw-range row.,34,17,40658,1986.7858104260295,2382.083094272917,2474.7222033827065,2012.7909639939103,40658,1963.0185209886301,2361.8036428430573,2447.760124629304,1988.9384795768553,40658,228.3616295783209,518.2405451575576,582.9673755018824,308.95175868417016,1998.2388957790424,2340.3423857425196,1992.390992147363,2337.6388446737974,470.1188425442178,1843.2305419862723,1836.867863905151,65.93170839301888,235.54949320687882,110.20794787960924,204.2012970590757,nan,nan,nan,1.0,5.0685438814606165,8.389695252175233,1.0,0.9496044962531224,17,430.8637602634852,214.85471688026257,870.3599633380732,A0,L5,I5,T9,range_fusion,S01,X_A0_R0_L5_I5_T9__S01,,,R0
X_A0_R0_L5_I5_T10,full_session_batch_proxy,Phase4 L5 single-I raw-range row.,34,17,40658,1968.369908053534,2325.453281967197,2410.663147605945,1991.1818568855283,40658,1951.151290045566,2312.3601606512834,2392.7662856002376,1973.791484993392,40658,183.05420698583475,447.30116115360886,511.17645197720515,262.5878157068246,1979.2819804172382,2292.756454895915,1969.6797971639317,2284.5516143063796,404.4105013351382,1809.5241997492924,1799.6493252027442,66.44502466482038,175.50880701414692,115.21522482431891,200.048465591396,nan,nan,nan,1.0,6.064462126234216,10.432152032742664,1.0,0.9496044962531224,17,397.00966356058905,200.25780800428788,745.3377019259569,A0,L5,I5,T10,range_fusion,S01,X_A0_R0_L5_I5_T10__S01,,,R0
X_A0_R0_L5_I6_T6,range_ekf_screening,Phase4 L5 single-I raw-range row.,34,17,40658,2106.0471216592473,2507.098088193752,2582.4517191508066,2119.8609347836964,40658,2063.1598034784747,2474.2624353857727,2545.1750785864047,2083.467889221758,40658,311.2322234963566,629.4270060080632,705.0563121366187,391.11627095256495,2126.2219072148514,2511.4138227542944,2151.9514362913847,2483.632365621178,612.9141435095634,2098.0912886941787,2094.8493268846732,95.68298224815004,162.3885222236529,105.49582385522255,197.30460217598446,nan,nan,nan,1.0,2.6917239785214218,5.321478856785438,1.0,0.9496044962531224,17,163.03461163817244,50.26018095645259,296.5049648078838,A0,L5,I6,T6,range_fusion,S01,X_A0_R0_L5_I6_T6__S01,,,R0
X_A0_R0_L5_I6_T7,range_ukf_screening,Phase4 L5 single-I raw-range row.,34,17,40658,2093.974346790625,2494.6573967877534,2568.0556007090086,2109.9514057980277,40658,2054.19196674629,2463.8629723691793,2534.069104092797,2076.35149250524,40658,296.0930360875421,607.4416520998801,682.494459986431,375.04588306010714,2113.543355554215,2497.7139508698524,2144.352252892917,2472.3092008561953,587.2208100484243,2066.6209086700565,2060.392570074875,99.89601031015872,163.15658199672407,112.68432712165114,214.46167967616623,nan,nan,nan,1.0,3.3138722254451505,6.399828532819799,1.0,0.9496044962531224,17,166.9431611564125,61.179042861806295,289.8510086206246,A0,L5,I6,T7,range_fusion,S01,X_A0_R0_L5_I6_T7__S01,,,R0
X_A0_R0_L5_I6_T8,robust_range_ekf_screening,Phase4 L5 single-I raw-range row.,34,17,40658,2034.8933134081535,2457.5003972849895,2557.6611368586664,2047.8380109460954,40658,1992.8054629126611,2428.1288210495554,2516.8826624616704,2008.1676474033,40658,315.3347526293253,636.2997852625323,719.0748046036399,401.12743486123657,2065.7499183176374,2420.9755015752667,2038.6265589502832,2396.9092312448665,622.2645811612614,1990.4051663474709,1988.3635326988656,86.10888993933384,127.66315311066882,110.35602607717084,189.28744438407722,nan,nan,nan,1.0,1.7667025267277594,3.994563108863802,1.0,0.9496044962531224,17,361.64145062886655,124.54082098956292,749.6524536712274,A0,L5,I6,T8,range_fusion,S01,X_A0_R0_L5_I6_T8__S01,,,R0
X_A0_R0_L5_I6_T9,session_window_factor_graph_proxy,Phase4 L5 single-I raw-range row.,34,17,40658,1994.3647019855146,2399.803332122034,2492.9975911328493,2018.4529297788763,40658,1966.5976557451863,2378.374812306789,2462.6785520554295,1991.9506940688361,40658,245.32405153572427,532.6023716746215,611.8799868490862,326.0132852072311,2017.1480812375103,2344.05007475353,2006.9047440832583,2317.440449137344,507.7148181362106,1875.1456888224852,1874.5810201050135,91.7021651239009,207.85148975686403,116.90901081020547,208.69781371294232,nan,nan,nan,1.0,4.488654718989276,7.987337515298432,1.0,0.9496044962531224,17,376.38822473957754,226.78474445260582,790.7903632277157,A0,L5,I6,T9,range_fusion,S01,X_A0_R0_L5_I6_T9__S01,,,R0
X_A0_R0_L5_I6_T10,full_session_batch_proxy,Phase4 L5 single-I raw-range row.,34,17,40658,1979.3865805778328,2355.9148821454337,2439.912162748772,2001.0534967263764,40658,1958.94811016275,2340.318639999459,2417.73403188687,1980.9085956803237,40658,207.09841527516636,463.50173073008267,542.5338305319874,283.2247028785908,1992.435176878351,2270.861473142045,2007.6911069074872,2248.3352478764164,438.13290513355344,1797.700312972392,1796.1815694422644,84.81356551130472,184.64438950441755,120.88706014047148,212.92028112007858,nan,nan,nan,1.0,5.677448763497305,10.010712384292924,1.0,0.9496044962531224,17,343.0934280296214,199.1388887040527,720.0258764541678,A0,L5,I6,T10,range_fusion,S01,X_A0_R0_L5_I6_T10__S01,,,R0
X_A0_R0_L5_I7_T6,range_ekf_screening,Phase4 L5 single-I raw-range row.,34,17,40658,2127.9783223830573,2522.2254976824747,2605.853962257603,2133.819424582442,40658,2083.80419210445,2488.9294046606487,2564.6015847282806,2093.2538914664756,40658,326.9657808669946,657.0320531490195,747.2028749283055,414.0935674286678,2141.530406148854,2528.7428255069417,2165.4528419609223,2498.211494603619,636.6475569402921,2083.8168371884217,2080.673027634003,81.54696446390642,149.57856960821428,101.66064183559172,173.48263605524218,nan,nan,nan,1.0,1.888182998458076,4.148736471492551,1.0,0.9496044962531224,17,146.65806060151937,51.372565499379675,293.41338209763495,A0,L5,I7,T6,range_fusion,S01,X_A0_R0_L5_I7_T6__S01,,,R0
X_A0_R0_L5_I7_T7,range_ukf_screening,Phase4 L5 single-I raw-range row.,34,17,40658,2115.3605538445554,2514.6831674041414,2596.5053575921456,2125.592650942692,40658,2072.324105608284,2481.038094520789,2555.83868481631,2087.0128582450207,40658,315.6330110091523,641.2752937757836,733.6388621127094,403.13948859114754,2124.9998539634853,2517.8288271885867,2153.456240540173,2489.4608976310046,620.0359965532613,2075.5725846531955,2075.114238776795,79.68717740440906,156.6055579779332,101.36434453472495,185.72626526744847,nan,nan,nan,1.0,2.291074944358473,4.867329669939503,1.0,0.9496044962531224,17,160.15542700901392,47.14897638052793,333.1770113237725,A0,L5,I7,T7,range_fusion,S01,X_A0_R0_L5_I7_T7__S01,,,R0
X_A0_R0_L5_I7_T8,robust_range_ekf_screening,Phase4 L5 single-I raw-range row.,34,17,40658,2043.5816288852402,2476.03230637493,2574.124966557962,2057.6299290628763,40658,2001.2406360377386,2443.682268910904,2535.1359361162417,2014.8611138644994,40658,327.89184163153385,653.3773676152196,743.2001850340868,417.3435237451345,2098.385724372251,2438.099665217468,2051.3512483623645,2414.6026213546847,640.8041215839169,2063.6926422520005,2061.535696534401,81.87478967358061,145.8104970059732,107.66514794403128,178.43213668622923,nan,nan,nan,1.0,1.297347551862237,3.4472692139922505,1.0,0.9496044962531224,17,561.1742546639935,106.30593883200231,1248.916926161806,A0,L5,I7,T8,range_fusion,S01,X_A0_R0_L5_I7_T8__S01,,,R0
X_A0_R0_L5_I7_T9,session_window_factor_graph_proxy,Phase4 L5 single-I raw-range row.,34,17,40658,2015.012143274837,2447.4634668855824,2547.9644460033646,2037.633614137153,40658,1979.6283531905356,2416.358933196309,2513.010841991682,2004.6267363642457,40658,273.82698899602934,587.2606411604369,675.4419922674257,365.2703017154118,2043.7677572378757,2397.2247364525265,2020.7002922145693,2375.7241249149142,559.9766102629244,1918.9866052808338,1911.1060948744448,77.23803110605286,210.95560793333593,113.24688637348979,217.90098310116846,nan,nan,nan,1.0,3.4087297657476263,6.62323686327167,1.0,0.9496044962531224,17,452.3402934869057,234.78062514548526,925.1874134256936,A0,L5,I7,T9,range_fusion,S01,X_A0_R0_L5_I7_T9__S01,,,R0
X_A0_R0_L5_I7_T10,full_session_batch_proxy,Phase4 L5 single-I raw-range row.,34,17,40658,1982.1862174463922,2401.229207084633,2496.879490168635,2011.383432667991,40658,1955.301191833502,2375.935274467486,2469.139833602699,1984.6650661340213,40658,234.96990669647988,537.1758894870917,628.0105415722254,326.7535592438272,1991.9525027642928,2341.361003373352,1993.9423876964815,2318.7837406811577,498.35755855780417,1867.2612569269752,1867.068719084847,75.3736303569973,198.3286406684874,114.03123274920763,207.65103573723982,nan,nan,nan,1.0,4.864952322870821,8.63192055434112,1.0,0.9496044962531224,17,374.8015536965299,195.51561216669768,814.54497270008,A0,L5,I7,T10,range_fusion,S01,X_A0_R0_L5_I7_T10__S01,,,R0
X_A0_R0_L5_I8_T6,range_ekf_screening,Phase4 L5 single-I raw-range row.,34,17,40658,2111.324145962263,2506.26465889454,2591.1238811075564,2124.0077386107773,40658,2068.0071234111665,2471.453325327022,2556.0956170477148,2087.069120506778,40658,313.25628415627824,634.9938839931426,708.7061173134035,394.399999880239,2135.2259755530063,2498.260056284058,2148.7129732712965,2471.2869437319223,604.4266193960977,2078.236442626583,2074.883665540134,81.93973676005305,158.07794927759244,106.20810375403283,191.05443951235964,nan,nan,nan,1.0,2.4731252161473574,5.193805052021492,1.0,0.9496044962531224,17,159.51401801663437,44.92793114523704,298.82317527160143,A0,L5,I8,T6,range_fusion,S01,X_A0_R0_L5_I8_T6__S01,,,R0
X_A0_R0_L5_I8_T7,range_ukf_screening,Phase4 L5 single-I raw-range row.,34,17,40658,2098.2830324370307,2493.0441473364476,2578.067594697031,2114.5727600956675,40658,2058.260551862516,2459.6574701723584,2546.1298570580943,2080.377617097921,40658,298.0940682853684,613.1927381741426,683.1790055399554,378.74388182066593,2117.2287622485114,2479.511463331872,2136.7658347979695,2452.693943238971,589.3819300966843,2068.339683078712,2066.045632176179,78.48923271525484,161.1181412331906,111.57223989872364,204.94178224014377,nan,nan,nan,1.0,3.0092372249202306,6.01700666617047,1.0,0.9496044962531224,17,164.1394831935658,52.440511686527714,295.31108032659415,A0,L5,I8,T7,range_fusion,S01,X_A0_R0_L5_I8_T7__S01,,,R0
X_A0_R0_L5_I8_T8,robust_range_ekf_screening,Phase4 L5 single-I raw-range row.,34,17,40658,2047.6376881566225,2469.957202511673,2572.378163094761,2060.8714532588347,40658,2005.4534168825644,2442.165046861348,2534.4232536877485,2020.5625757754651,40658,318.99983210784876,640.581800414705,724.1850455040487,405.6082151939209,2100.6976853706965,2451.7376190717796,2064.9994491167377,2428.845329792761,636.5917587552348,2008.6372351995153,2006.4020878383783,80.28586745343011,198.61418881873897,109.7576759016799,185.96152087835696,nan,nan,nan,1.0,1.6583809454894325,3.7489431388742034,1.0,0.9496044962531224,17,553.0117853923139,224.01037723910406,1165.7333957057797,A0,L5,I8,T8,range_fusion,S01,X_A0_R0_L5_I8_T8__S01,,,R0
X_A0_R0_L5_I8_T9,session_window_factor_graph_proxy,Phase4 L5 single-I raw-range row.,34,17,40658,1999.2756094431186,2408.252085880675,2519.4259670715533,2026.3125275338718,40658,1969.0599588496693,2389.456875356118,2489.5491186846943,1998.861236780542,40658,250.42271019664065,547.686115083584,613.5048162396376,332.4097100520235,2057.8302026510382,2371.8745747776384,2044.0744100882773,2368.06352594257,520.8166988280007,1849.4737362558978,1846.8715058167718,72.34650131445994,226.00927117969243,115.84735900177304,219.63468248221474,nan,nan,nan,1.0,4.236528517647196,7.637438502200943,1.0,0.9496044962531224,17,473.9135671951315,258.1743925216417,956.4093535736394,A0,L5,I8,T9,range_fusion,S01,X_A0_R0_L5_I8_T9__S01,,,R0
X_A0_R0_L5_I8_T10,full_session_batch_proxy,Phase4 L5 single-I raw-range row.,34,17,40658,1977.5239796245291,2363.127106227944,2468.5558916414634,2004.5782904749503,40658,1953.5681221936534,2349.7051863690795,2446.6584945932836,1984.0139691855247,40658,208.75481082777262,479.3064105255583,539.9204666862435,286.39604173272886,2027.379731653904,2322.454492347182,2019.3133955605745,2312.0496506515165,454.30648740425806,1772.2449957014226,1769.1422131409477,67.35135471498728,224.42056082925302,122.16766335118965,230.63305300352567,nan,nan,nan,1.0,5.582174290366851,9.213514493086784,1.0,0.9496044962531224,17,449.9218188499763,191.38731273327625,953.3628119214849,A0,L5,I8,T10,range_fusion,S01,X_A0_R0_L5_I8_T10__S01,,,R0
X_A0_R1_L5_I0_T6,range_ekf_screening,Phase4 L5 single-I raw-range row.,34,17,40658,2134.9909042070594,2530.551053241647,2599.4891494363123,2132.6318959040427,40658,2087.901679845436,2479.5821905365788,2549.1220192045766,2084.155501466081,40658,341.7130613196613,734.5309883550555,828.6477820321688,452.12238291854004,2144.0590068078436,2549.120585082743,2145.18191064637,2504.675846658338,733.1027214260722,2074.086423596766,2068.4586056095004,101.42767547093865,129.78696500479376,105.85419599747568,193.32179206990833,nan,nan,nan,1.0,0.5612005492118275,1.7228485582456867,1.0,0.9496044962531224,17,67.46295490261902,53.53861656959555,127.02111064316301,A0,L5,I0,T6,range_fusion,S01,X_A0_R1_L5_I0_T6__S01,,,R1
X_A0_R1_L5_I0_T7,range_ukf_screening,Phase4 L5 single-I raw-range row.,34,17,40658,2126.827162300038,2521.7287233766147,2589.595227179705,2127.489389052365,40658,2078.604744370832,2471.367985688709,2538.9451988967558,2079.567578288371,40658,337.2822703641631,730.2335147076556,825.2879754857267,449.00978593149284,2133.944975397839,2535.3504175139733,2132.13035306756,2494.041097547103,725.6934028359792,2065.0621585629265,2054.5605662126263,105.62336757569278,148.2720590547146,102.83825779346742,197.21675809750647,nan,nan,nan,1.0,0.6928342943768953,1.908114135489683,1.0,0.9496044962531224,17,69.77867623051601,50.476737939618545,107.82497777835292,A0,L5,I0,T7,range_fusion,S01,X_A0_R1_L5_I0_T7__S01,,,R1
X_A0_R1_L5_I0_T8,robust_range_ekf_screening,Phase4 L5 single-I raw-range row.,34,17,40658,2149.3785292193866,2542.804974385841,2616.086181512643,2138.8641542404616,40658,2100.401843199036,2490.959918538049,2564.7784323240985,2089.8817751012302,40658,346.269464633767,738.8138051432402,829.7764985931861,455.11980444109156,2161.2948798116154,2565.4112291676165,2164.120526431291,2521.0929473209885,725.7574845196584,2011.9953486946306,2007.3500137888955,98.53956099374892,143.57324674593184,101.84805305511352,191.07858863900117,nan,nan,nan,1.0,0.404273441391398,1.3176383488578711,1.0,0.9496044962531224,17,279.51429667747726,150.02312345599677,615.490450234072,A0,L5,I0,T8,range_fusion,S01,X_A0_R1_L5_I0_T8__S01,,,R1
X_A0_R1_L5_I0_T9,session_window_factor_graph_proxy,Phase4 L5 single-I raw-range row.,34,17,40658,2106.1866648791793,2501.9480791137544,2569.6264747477358,2113.2168571200414,40658,2060.172364015848,2454.873990730456,2519.048883923614,2066.89254768579,40658,322.86858679641256,718.0435679107568,821.0547941509315,440.0462265913094,2112.8539225161658,2508.9330693521906,2109.141812214443,2474.9703951313886,706.9228069422184,1955.5471626785052,1939.2717542701566,107.74972806233336,186.88885534504934,110.13848109097522,210.93555095230784,nan,nan,nan,1.0,0.954987551848901,2.3734267822352573,1.0,0.9496044962531224,17,331.34394009879844,122.69491621035615,620.9415034705827,A0,L5,I0,T9,range_fusion,S01,X_A0_R1_L5_I0_T9__S01,,,R1
X_A0_R1_L5_I0_T10,full_session_batch_proxy,Phase4 L5 single-I raw-range row.,34,17,40658,2084.242763814699,2473.1539339938945,2535.7134828549706,2093.4182070164466,40658,2036.9135385158202,2428.1603843962107,2489.172724743675,2050.3837051931764,40658,297.9480208601932,699.4405528451404,809.0925265419049,422.2871664474959,2085.4505718076693,2484.9207635453226,2101.459860956511,2437.792722493138,694.0149080451332,1902.5027422583528,1894.990291291198,112.32596631892056,262.93585685693336,121.641581672006,210.91688697735492,nan,nan,nan,1.0,1.4514250314746648,3.3332384116549907,1.0,0.9496044962531224,17,388.991470865959,267.0922558095383,692.4202650920616,A0,L5,I0,T10,range_fusion,S01,X_A0_R1_L5_I0_T10__S01,,,R1
X_A0_R1_L5_I1_T6,range_ekf_screening,Phase4 L5 single-I raw-range row.,34,17,40658,2083.539707002115,2472.807451768277,2538.8434711590758,2094.604336424205,40658,2038.1330294703312,2432.035315854373,2492.146097536472,2052.0303197238873,40658,312.7472843247898,693.5734585421941,781.3964614310316,420.16531639458765,2085.580903587222,2476.2459949897975,2102.474145590256,2442.1845754666115,680.2989655182198,2048.4186748451907,2024.5749706856996,124.02282156414219,177.88117353650952,105.33575268772674,197.15533218391423,nan,nan,nan,1.0,1.3666111425398586,2.9932499463889064,1.0,0.9496044962531224,17,85.62959240059935,42.11345037289101,182.48852780596073,A0,L5,I1,T6,range_fusion,S01,X_A0_R1_L5_I1_T6__S01,,,R1
X_A0_R1_L5_I1_T7,range_ukf_screening,Phase4 L5 single-I raw-range row.,34,17,40658,2071.386313612905,2453.6270088733377,2517.16702417108,2082.4647841655906,40658,2025.260050283061,2416.575748180753,2474.775858570715,2042.2686298151104,40658,299.6971638479183,678.0720424173709,764.3113233047144,407.18352246002144,2078.736166986838,2450.668272566632,2089.1887605562933,2421.875016222586,656.1249277504444,2037.4263973677575,2025.234555937998,126.9157480376465,173.32192004856054,108.46596672604252,208.91305796153284,nan,nan,nan,1.0,1.6624234795176742,3.523894673003943,1.0,0.9496044962531224,17,86.72149380668212,46.21850934088195,179.89991338868538,A0,L5,I1,T7,range_fusion,S01,X_A0_R1_L5_I1_T7__S01,,,R1
X_A0_R1_L5_I1_T8,robust_range_ekf_screening,Phase4 L5 single-I raw-range row.,34,17,40658,2108.193710537515,2504.9804050003404,2576.4569800939894,2113.76433964781,40658,2065.5028530626405,2460.199731536315,2524.3184259822056,2067.564688596715,40658,334.0684516031428,713.6259650694534,806.3383905662948,439.5178517815983,2119.0156676510996,2516.44611831613,2128.088283147434,2475.9976739897493,719.6968190420063,1970.3458483401137,1939.0542910247955,116.77381026528678,190.6374548661748,110.56018293626535,205.44506296210545,nan,nan,nan,1.0,0.8500174651248963,2.1738727567065137,1.0,0.9496044962531224,17,348.42163035676924,112.36514754299185,665.3447939883966,A0,L5,I1,T8,range_fusion,S01,X_A0_R1_L5_I1_T8__S01,,,R1
X_A0_R1_L5_I1_T9,session_window_factor_graph_proxy,Phase4 L5 single-I raw-range row.,34,17,40658,2048.6864719514388,2416.852325646051,2474.7231441658,2055.8343016580848,40658,2005.2447055800828,2385.3517361783183,2440.6448661745244,2020.4829847163135,40658,269.52648232675676,640.0932242039822,730.8237817892987,379.6092521868272,2055.516729083125,2412.6594248334013,2063.927651080681,2390.9140662560208,610.4910963106253,1833.0305802541964,1823.6031553047346,124.96344168629469,256.15742864060945,98.5611603405554,171.65779383046083,nan,nan,nan,1.0,2.171400730554632,4.468984956285878,1.0,0.9496044962531224,17,663.971065175496,359.30016471660844,1116.1427972389392,A0,L5,I1,T9,range_fusion,S01,X_A0_R1_L5_I1_T9__S01,,,R1
X_A0_R1_L5_I1_T10,full_session_batch_proxy,Phase4 L5 single-I raw-range row.,34,17,40658,2021.263094739622,2366.46107914312,2417.8705788646644,2026.9078284237225,40658,1984.886663742444,2340.6333987770936,2392.297830895579,1998.3710863637925,40658,232.44646572398312,577.3372515301419,668.7643924474463,338.92233049854593,2029.0559127817496,2362.275296644253,2026.45657079915,2342.4238380366914,523.9797032819109,1748.7761895341996,1745.0846392507879,128.41074417716993,449.6797732856379,108.93208372797002,196.87015816011427,nan,nan,nan,1.0,2.95170005168613,5.682311372244183,1.0,0.9496044962531224,17,609.4891296421287,307.77699848637235,1037.2913314327625,A0,L5,I1,T10,range_fusion,S01,X_A0_R1_L5_I1_T10__S01,,,R1
X_A0_R1_L5_I2_T6,range_ekf_screening,Phase4 L5 single-I raw-range row.,34,17,40658,2088.820870187444,2479.619513390409,2544.4522251216604,2096.913700595699,40658,2040.4470366373941,2436.425402374564,2493.998722177047,2054.2410282504043,40658,308.16065617804304,688.6042033522915,784.9185484862718,420.8810587311685,2101.7149959787807,2491.0018289451136,2115.9871936762183,2454.79562718559,680.807770053903,2031.5435346825702,2021.909736343459,133.0447493659766,180.67529937020808,108.04046501538686,206.05257348935532,nan,nan,nan,1.0,1.4309102341873878,3.0325736029129615,1.0,0.9496044962531224,17,76.87485091143861,53.70179223590844,150.813688873557,A0,L5,I2,T6,range_fusion,S01,X_A0_R1_L5_I2_T6__S01,,,R1
X_A0_R1_L5_I2_T7,range_ukf_screening,Phase4 L5 single-I raw-range row.,34,17,40658,2076.2048041093653,2462.4279520763234,2523.103072440566,2085.4925297906107,40658,2030.1358746104177,2419.9685696445626,2475.919937697992,2045.150169908981,40658,293.5327820298392,673.2347404457745,764.9002518742424,408.2154753726362,2093.938618119512,2478.8097638934187,2103.335795521678,2439.3788316378377,656.6729020807759,2016.7175071882289,2010.7753697680187,147.2025021639996,173.8103718235444,106.16514378841707,212.70503509462168,nan,nan,nan,1.0,1.7396480866544795,3.622195626553254,1.0,0.9496044962531224,17,79.85289343590678,54.09821597983205,139.40575883046694,A0,L5,I2,T7,range_fusion,S01,X_A0_R1_L5_I2_T7__S01,,,R1
X_A0_R1_L5_I2_T8,robust_range_ekf_screening,Phase4 L5 single-I raw-range row.,34,17,40658,2110.6906790849002,2509.3848780308163,2579.340811018639,2115.163946706717,40658,2065.467812783315,2462.44840790867,2525.9044608515105,2068.915426354456,40658,332.13557956988376,713.0703832546878,808.9812169004234,439.89485111841844,2126.214585121898,2519.0334828828,2144.146925998277,2491.012136223604,707.3646795918373,1984.0376596557098,1962.2227811662474,130.37128362353656,190.16779141712422,111.65138537535793,210.510669608925,nan,nan,nan,1.0,0.8996518771296418,2.1475676168542512,1.0,0.9496044962531224,17,331.53364261606424,113.76641094226227,634.0301161070173,A0,L5,I2,T8,range_fusion,S01,X_A0_R1_L5_I2_T8__S01,,,R1
X_A0_R1_L5_I2_T9,session_window_factor_graph_proxy,Phase4 L5 single-I raw-range row.,34,17,40658,2052.660553144169,2428.5169295872997,2482.6236683989337,2060.575707376251,40658,2011.567323254668,2389.66137021917,2441.701600007031,2024.9138709219044,40658,264.0957335237954,633.7396128781015,729.9297596627131,381.7015341562129,2070.633627740308,2435.0685055039608,2076.3954322076816,2398.979503698081,614.2599431224263,1819.3746048690225,1816.079305676329,170.75901527428186,281.23472969345346,101.32869015743236,171.92073107989359,nan,nan,nan,1.0,2.1974523945284172,4.654157680877971,1.0,0.9496044962531224,17,701.4352103326398,342.5459986245793,1291.1761594916104,A0,L5,I2,T9,range_fusion,S01,X_A0_R1_L5_I2_T9__S01,,,R1
X_A0_R1_L5_I2_T10,full_session_batch_proxy,Phase4 L5 single-I raw-range row.,34,17,40658,2024.1529907007152,2380.185540247924,2436.2154785251864,2035.4023204866849,40658,1993.228157306238,2348.07531503134,2401.030423161781,2006.1401304862193,40658,230.37621995643462,570.7369388086987,670.1558013487337,343.8958899075653,2051.403955450097,2374.814404289723,2045.9133686123796,2330.0260672960603,544.5984852713784,1764.7189256181912,1761.0962734154928,177.29766301145185,453.9359893164466,114.248658602331,214.0968913577024,nan,nan,nan,1.0,2.9657161314537914,5.926965710230394,1.0,0.9496044962531224,17,659.6535543965778,267.8321284593885,1224.93967533963,A0,L5,I2,T10,range_fusion,S01,X_A0_R1_L5_I2_T10__S01,,,R1
X_A0_R1_L5_I3_T6,range_ekf_screening,Phase4 L5 single-I raw-range row.,34,17,40658,2082.8495852847464,2453.3923859636507,2514.797234448341,2089.939144008453,40658,2038.6098290242592,2413.350201079594,2476.014371888939,2049.5444013968595,40658,300.17655768046575,674.8210391392096,770.29958498267,408.917317267898,2079.8569346618488,2451.57031697988,2110.5253542441706,2419.869389815923,636.3132854620987,2028.9688242524267,2011.2624573151552,141.61578321587933,174.98172489238033,109.58951178464437,211.23206252084913,nan,nan,nan,1.0,1.5854140819488547,3.4151011728990497,1.0,0.9496044962531224,17,87.56687389345815,39.54552806555108,192.01395108527498,A0,L5,I3,T6,range_fusion,S01,X_A0_R1_L5_I3_T6__S01,,,R1
X_A0_R1_L5_I3_T7,range_ukf_screening,Phase4 L5 single-I raw-range row.,34,17,40658,2072.230735532651,2430.857142436924,2489.855811549754,2077.759965531493,40658,2028.0644942931535,2394.620103987578,2456.328129700013,2040.2123539567056,40658,283.10675093300944,655.9144823393077,749.0388425505801,393.21752901907854,2070.8956987383513,2426.58195539992,2094.290101176693,2394.3715978708324,610.5541104535516,2009.0477195876683,1999.7931953517887,138.3870551184384,161.08880060381105,104.29536706623837,218.9046178808834,nan,nan,nan,1.0,1.9038090963848333,4.026516366544182,1.0,0.9496044962531224,17,87.45018828598829,32.03001384894446,169.0104869363256,A0,L5,I3,T7,range_fusion,S01,X_A0_R1_L5_I3_T7__S01,,,R1
X_A0_R1_L5_I3_T8,robust_range_ekf_screening,Phase4 L5 single-I raw-range row.,34,17,40658,2105.038302619219,2492.100493167652,2560.286460399462,2110.058345217426,40658,2062.3064146223205,2447.500769105113,2512.7731245756395,2065.05858283357,40658,328.0907978468805,700.6480552047195,799.6412612908358,433.4504235631906,2114.928633107848,2497.0638271506077,2137.0977080807193,2460.4256373986036,689.6884138952798,1944.2092000908237,1919.8982522944202,121.1157983825459,198.03702329461814,115.40555918878681,208.76895245694527,nan,nan,nan,1.0,1.0190038550614493,2.342015161139381,1.0,0.9496044962531224,17,325.3942323292088,135.16049419398394,631.8811647642145,A0,L5,I3,T8,range_fusion,S01,X_A0_R1_L5_I3_T8__S01,,,R1
X_A0_R1_L5_I3_T9,session_window_factor_graph_proxy,Phase4 L5 single-I raw-range row.,34,17,40658,2050.3673278733686,2388.6168433782773,2444.5986073466133,2051.8741570345032,40658,2011.1956202796773,2358.8382910801924,2416.199148059999,2019.8350314633185,40658,248.99225847021376,611.5288011460841,704.7928830672826,361.1841662914228,2056.4208695443876,2386.7911151467565,2054.4780750947057,2357.4560579864756,564.0930834330485,1811.6137998007955,1795.797766783958,126.74547004895317,393.3925076470322,105.91811565843098,189.0759033928161,nan,nan,nan,1.0,2.4580676980462206,4.994697218021583,1.0,0.9496044962531224,17,670.9266525337202,266.5793353953352,1192.4013577140058,A0,L5,I3,T9,range_fusion,S01,X_A0_R1_L5_I3_T9__S01,,,R1
X_A0_R1_L5_I3_T10,full_session_batch_proxy,Phase4 L5 single-I raw-range row.,34,17,40658,2028.046039852861,2332.773946513234,2383.4488613930575,2026.4348435089394,40658,1995.893822831771,2309.102202320153,2363.249931406952,2001.680174716499,40658,207.60191021465357,537.8147612226509,633.7167071146813,315.7762706949739,2044.5732161633277,2324.0216323440086,2023.5891122224534,2306.8917729450422,488.34126635581777,1755.8718324964589,1755.7040311578571,117.31771327142383,405.2782916992858,113.6297719094845,224.34533557221306,nan,nan,nan,1.0,3.2477035651664887,6.2734931335280155,1.0,0.9496044962531224,17,566.8061485976058,226.89530199733446,1073.930916762844,A0,L5,I3,T10,range_fusion,S01,X_A0_R1_L5_I3_T10__S01,,,R1
X_A0_R1_L5_I4_T6,range_ekf_screening,Phase4 L5 single-I raw-range row.,34,17,40658,2075.73455750405,2445.8294034196665,2506.88334308707,2081.58032189259,40658,2029.090995056955,2408.631760301104,2464.684455790786,2042.3007436145992,40658,290.0135104140308,658.9997807573432,762.133738690848,402.47274332768404,2079.2646838549517,2455.983244679905,2092.119134193625,2417.2594748271435,636.2688932733694,2022.195543572503,2017.139972399615,138.09962909653962,162.42997728944283,105.91189591172986,208.5384868626137,nan,nan,nan,1.0,1.7158873280555622,3.7377582060098353,1.0,0.9496044962531224,17,87.31626223848075,40.93095840285258,184.38117699797746,A0,L5,I4,T6,range_fusion,S01,X_A0_R1_L5_I4_T6__S01,,,R1
X_A0_R1_L5_I4_T7,range_ukf_screening,Phase4 L5 single-I raw-range row.,34,17,40658,2063.1121223830514,2423.1222968825637,2479.235430873189,2068.3422068968284,40658,2018.7029308482875,2388.181479014511,2442.5793872877316,2032.0580152988023,40658,270.1752512561104,635.5721566277032,737.372977700569,385.71972634379955,2065.363795659629,2427.44167977096,2080.4806431305915,2396.337954103647,615.1913483888734,2000.6198856890487,1998.4289991961455,136.35460364919442,163.53634982149865,104.7687109434012,203.62956958006814,nan,nan,nan,1.0,2.0716133774928123,4.219602412991021,1.0,0.9496044962531224,17,106.62584924900906,58.05007888237759,201.79247519144684,A0,L5,I4,T7,range_fusion,S01,X_A0_R1_L5_I4_T7__S01,,,R1
X_A0_R1_L5_I4_T8,robust_range_ekf_screening,Phase4 L5 single-I raw-range row.,34,17,40658,2098.682072230556,2486.625278066297,2555.496653603592,2103.926241048063,40658,2054.951210261151,2443.251853639476,2504.63753608736,2059.649087389396,40658,321.0626136831996,695.1754579003895,794.0943713186109,429.361461459525,2109.1760584814897,2498.116112788589,2125.322694027075,2459.7630280074,686.7514773921375,1915.3231957233124,1911.5645504984104,133.43407559533324,220.67557960231852,120.01945665981722,220.42948267564137,nan,nan,nan,1.0,1.1023980575610743,2.582861810959514,1.0,0.9496044962531224,17,335.79396759278546,185.38111936935752,639.2978393086292,A0,L5,I4,T8,range_fusion,S01,X_A0_R1_L5_I4_T8__S01,,,R1
X_A0_R1_L5_I4_T9,session_window_factor_graph_proxy,Phase4 L5 single-I raw-range row.,34,17,40658,2039.6128699917267,2380.4211072818675,2432.027592741639,2040.6497598068252,40658,2001.083288310542,2351.8104639495455,2401.176202770266,2009.9831736530675,40658,235.07757233825146,587.3940974738343,687.1785648001464,352.4472780873695,2036.2178058505262,2381.727461296058,2044.8775345826898,2363.215896107222,557.52960201654,1791.788279767401,1770.7244686008858,129.781297107405,449.2021508174138,104.18262958277127,186.02949597503445,nan,nan,nan,1.0,2.6645465170324147,5.344945146592188,1.0,0.9496044962531224,17,688.8500430835671,279.71577785887746,1142.001676715383,A0,L5,I4,T9,range_fusion,S01,X_A0_R1_L5_I4_T9__S01,,,R1
X_A0_R1_L5_I4_T10,full_session_batch_proxy,Phase4 L5 single-I raw-range row.,34,17,40658,2010.9308714952704,2324.942695922468,2374.410324094729,2012.8770696036756,40658,1984.3137167669297,2302.673157716093,2351.213352034056,1989.3581541919714,40658,196.9430759248553,520.1493072472163,609.7266596219348,306.8032458860115,2005.2393262238904,2319.973162921938,2020.6735110040613,2307.3048695486764,479.86486853674023,1724.653578364404,1724.3465185679606,127.28178750407085,434.1361914333039,120.27315323354819,222.537016400858,nan,nan,nan,1.0,3.3336787284222504,6.675941143885725,1.0,0.9496044962531224,17,560.7206993876509,296.52226990249244,1028.1333702330228,A0,L5,I4,T10,range_fusion,S01,X_A0_R1_L5_I4_T10__S01,,,R1
X_A0_R1_L5_I5_T6,range_ekf_screening,Phase4 L5 single-I raw-range row.,34,17,40658,2052.772493058184,2410.5460960190394,2467.407939190984,2058.0170644679615,40658,2009.6739382659255,2377.0793770995574,2433.8361045933207,2023.3256850379619,40658,260.1841119778703,633.6670530289061,729.327640259615,376.28102517531664,2063.8840666078877,2409.6883750720813,2081.729019983967,2372.855375674915,602.3347553930691,1974.6842640812351,1971.3741093054603,133.47455134634788,166.18485126987756,98.82467010561064,191.37003344221597,nan,nan,nan,1.0,2.263105072114369,4.341139913099215,1.0,0.9496044962531224,17,137.2687527284962,45.734179127723195,284.38803575230475,A0,L5,I5,T6,range_fusion,S01,X_A0_R1_L5_I5_T6__S01,,,R1
X_A0_R1_L5_I5_T7,range_ukf_screening,Phase4 L5 single-I raw-range row.,34,17,40658,2038.8750646834055,2385.1342271805856,2437.8339283444748,2043.5282861685985,40658,2001.049388602862,2354.517129330162,2407.6094928842394,2012.2207312841258,40658,241.5365917657096,605.5225357045384,699.7015701380411,356.33633685262265,2050.4318026925603,2378.605968175195,2063.5945652591963,2344.4009456716003,570.897334780077,1988.837397131469,1984.5951296939597,137.51333135344157,179.7944440482711,96.60484454184699,187.9981924217705,nan,nan,nan,1.0,2.6458727744868265,4.984784321538756,1.0,0.9496044962531224,17,147.20079823524102,72.82539341588097,334.42326998466064,A0,L5,I5,T7,range_fusion,S01,X_A0_R1_L5_I5_T7__S01,,,R1
X_A0_R1_L5_I5_T8,robust_range_ekf_screening,Phase4 L5 single-I raw-range row.,34,17,40658,2079.1212680725657,2461.473587250949,2526.206330777185,2084.7059323893914,40658,2034.4749863673958,2419.883034033734,2482.593385418377,2043.5645425653543,40658,300.09674381516305,677.8415719462167,777.042935460525,412.1198671614557,2085.2039187260325,2462.543698186986,2113.446404363299,2429.255024026499,654.8385971044743,1837.6358301967844,1832.1594173097455,133.97106393368182,321.0086390800052,111.2041372875407,192.6118327301785,nan,nan,nan,1.0,1.5000110158083724,3.153954150318521,1.0,0.9496044962531224,17,423.2478608240303,196.41588445522416,720.1319061869756,A0,L5,I5,T8,range_fusion,S01,X_A0_R1_L5_I5_T8__S01,,,R1
X_A0_R1_L5_I5_T9,session_window_factor_graph_proxy,Phase4 L5 single-I raw-range row.,34,17,40658,2014.047398458184,2339.524019916091,2385.4342333748477,2014.7526147159165,40658,1984.706271031751,2314.747734412238,2362.6079539704665,1989.0855981781738,40658,210.7646842776505,549.0646234505022,641.1106863956575,320.5722720772946,2027.4022968366953,2331.0139714933175,2027.3351263644997,2302.9571257391285,509.0199911426029,1759.1370869635648,1759.0969228130862,138.76892495194977,450.17280995085247,116.79490335096531,233.30060354055286,nan,nan,nan,1.0,3.1791309000634627,6.0525391426672694,1.0,0.9496044962531224,17,612.1667531546301,300.64284159658973,1099.6638747332186,A0,L5,I5,T9,range_fusion,S01,X_A0_R1_L5_I5_T9__S01,,,R1
X_A0_R1_L5_I5_T10,full_session_batch_proxy,Phase4 L5 single-I raw-range row.,34,17,40658,1986.0991214185665,2284.598352706442,2328.7748670990964,1987.8828125665646,40658,1966.848471333129,2266.151243268096,2310.7744551692826,1968.344511974772,40658,180.4265827025518,476.992848376454,559.9450479773725,278.0251043994977,1992.3294277919815,2277.629351628102,1987.150616918339,2269.6970281828117,411.817259575977,1688.5468227382185,1685.0160248093239,140.1048149032244,344.1927549606945,124.44334062424795,221.83145047736437,nan,nan,nan,1.0,3.885015235722637,7.511269372655102,1.0,0.9496044962531224,17,483.3413775868714,334.25771694253524,859.4455424085967,A0,L5,I5,T10,range_fusion,S01,X_A0_R1_L5_I5_T10__S01,,,R1
X_A0_R1_L5_I6_T6,range_ekf_screening,Phase4 L5 single-I raw-range row.,34,17,40658,2067.361215688627,2433.4946041259955,2488.7565854032027,2070.6871535272544,40658,2020.4624227801605,2395.1858305853525,2451.7737221105413,2033.3635506736653,40658,278.8576835419334,657.696959929068,751.304854619452,391.37955819713875,2070.0978007840176,2428.791347543775,2093.125802747354,2397.3088868908453,632.3515659687708,1980.3358140001665,1973.5530938510162,148.77459764509263,152.91890362949664,103.88169569287732,212.88186169609642,nan,nan,nan,1.0,2.0275852355707964,4.115818923405769,1.0,0.9496044962531224,17,110.09058103381601,56.46341352712594,218.52611465483776,A0,L5,I6,T6,range_fusion,S01,X_A0_R1_L5_I6_T6__S01,,,R1
X_A0_R1_L5_I6_T7,range_ukf_screening,Phase4 L5 single-I raw-range row.,34,17,40658,2055.6339608030194,2408.8638724076445,2460.1309372725345,2057.0734298777143,40658,2012.2902585805537,2374.8650714163364,2426.8239491496256,2022.867681124333,40658,259.6279648126841,631.4327545475195,729.6038338116418,373.5738756545049,2061.365953561796,2409.1663224823924,2083.557739811054,2380.967143284459,597.041899030489,1980.8057584598969,1979.176411976797,158.49671027671684,164.54602875778122,98.98321495459037,187.27750730286772,nan,nan,nan,1.0,2.334949528543455,4.64932650045814,1.0,0.9496044962531224,17,155.8614305686949,39.72696827045786,326.57634441745984,A0,L5,I6,T7,range_fusion,S01,X_A0_R1_L5_I6_T7__S01,,,R1
X_A0_R1_L5_I6_T8,robust_range_ekf_screening,Phase4 L5 single-I raw-range row.,34,17,40658,2090.2025564309206,2478.838613225858,2541.402890068314,2094.9072289880805,40658,2043.5166151983274,2434.601021691725,2496.3983531216554,2051.9430339479613,40658,312.5229744010524,697.820417841631,786.8471339592354,422.09724412622575,2092.871678503157,2485.035098051033,2119.5814542917924,2446.388181509552,690.9087003392906,1857.5530415699573,1845.5542598446164,124.62013365518715,240.93935136312774,115.73195768942023,209.53630403916364,nan,nan,nan,1.0,1.3350442200770092,2.803559294225473,1.0,0.9496044962531224,17,368.6513988570357,253.8276578363998,670.4790629976897,A0,L5,I6,T8,range_fusion,S01,X_A0_R1_L5_I6_T8__S01,,,R1
X_A0_R1_L5_I6_T9,session_window_factor_graph_proxy,Phase4 L5 single-I raw-range row.,34,17,40658,2033.4228921292686,2364.8557685298133,2408.813781427172,2029.6541611880498,40658,1996.911220622559,2336.4938695818773,2381.609272963259,2000.879233424532,40658,227.34825816983823,581.87388949907,681.4115924138864,340.5558798177228,2049.2442550101123,2372.604074696799,2051.3906553026804,2348.659713164765,537.9455060350447,1795.9240708307898,1793.7028896974782,149.43084907509058,448.7809085953895,111.59739820946996,199.02545342942656,nan,nan,nan,1.0,2.9375547544598146,5.828843190733298,1.0,0.9496044962531224,17,645.359768322246,273.93379223370346,1120.7561933807954,A0,L5,I6,T9,range_fusion,S01,X_A0_R1_L5_I6_T9__S01,,,R1
X_A0_R1_L5_I6_T10,full_session_batch_proxy,Phase4 L5 single-I raw-range row.,34,17,40658,2011.1462432920935,2309.421520780466,2349.6215957224263,2004.629426912642,40658,1984.9269634906386,2287.7954682417526,2326.6669878259404,1982.059067844637,40658,192.47008926507664,514.9527298365786,604.4011972280965,299.9683163585047,2021.3360851679727,2310.847558601942,2017.3322148824864,2297.7514679313144,460.6268119442434,1749.9581112376413,1742.0979073833369,138.9000719709499,379.5475578100675,120.45660469164902,201.9278426655788,nan,nan,nan,1.0,3.6666964672202873,7.097478387550471,1.0,0.9496044962531224,17,492.3570141174314,274.6677697811815,926.6538357689363,A0,L5,I6,T10,range_fusion,S01,X_A0_R1_L5_I6_T10__S01,,,R1
X_A0_R1_L5_I7_T6,range_ekf_screening,Phase4 L5 single-I raw-range row.,34,17,40658,2087.349050160313,2473.92253175477,2537.730227411599,2093.5203281059667,40658,2040.8539977315056,2425.9288597783334,2495.2811009913867,2051.146722044131,40658,303.67172365289366,683.1020243754559,801.971671868396,419.075755491215,2086.441560048166,2471.24868853657,2107.937261802951,2427.7699332021357,659.0936401234072,2031.502559522113,2017.2067627817946,114.0527722221899,176.1122064415594,104.8950199055951,196.92314052187567,nan,nan,nan,1.0,1.4712846727023337,3.1472576584499787,1.0,0.9496044962531224,17,83.22786819967531,45.07920332815769,196.5076243182297,A0,L5,I7,T6,range_fusion,S01,X_A0_R1_L5_I7_T6__S01,,,R1
X_A0_R1_L5_I7_T7,range_ukf_screening,Phase4 L5 single-I raw-range row.,34,17,40658,2075.4389507047886,2455.3465993657746,2515.215160519579,2081.604105644206,40658,2028.739469487546,2410.3702864495235,2475.4567107833814,2041.6238901754334,40658,288.2735929218618,668.1165439602316,785.6291755124079,406.01421613010365,2073.549926596506,2453.338783544957,2099.3965903923813,2409.895442672187,633.8232290071348,2001.0255667787133,1997.1152693193712,121.19733891809051,165.27922244722248,108.91114319123221,209.3493108437319,nan,nan,nan,1.0,1.7832821195789612,3.714882684051832,1.0,0.9496044962531224,17,87.27262652533116,51.61245494592106,179.39212797703357,A0,L5,I7,T7,range_fusion,S01,X_A0_R1_L5_I7_T7__S01,,,R1
X_A0_R1_L5_I7_T8,robust_range_ekf_screening,Phase4 L5 single-I raw-range row.,34,17,40658,2109.1906048666124,2506.259213690578,2574.7307410253798,2112.6887932538207,40658,2065.006527500206,2456.098236958215,2527.6768122313124,2066.567618412523,40658,329.9954581717425,708.554842475027,820.1854744390671,439.03555171429736,2110.0796147340043,2515.224994413046,2132.446910253462,2469.7936348813346,697.7707325498311,1961.5156377638518,1933.7024970243656,118.79388360416988,190.25690866309347,111.94170950248957,205.05521273002392,nan,nan,nan,1.0,0.9222389294188746,2.303932965934242,1.0,0.9496044962531224,17,334.0008249014432,119.95370545032324,645.6605464358247,A0,L5,I7,T8,range_fusion,S01,X_A0_R1_L5_I7_T8__S01,,,R1
X_A0_R1_L5_I7_T9,session_window_factor_graph_proxy,Phase4 L5 single-I raw-range row.,34,17,40658,2052.081861050716,2419.3124370411924,2470.877308847928,2055.6976343907213,40658,2009.7707474653384,2379.913399638679,2438.778060504725,2020.4198846814777,40658,257.12009286265084,636.2983533517653,753.5978589309178,379.2047647687068,2049.8630776623295,2418.466142136789,2068.379901132156,2377.242408395267,599.3643995306414,1858.090152283815,1825.0427332467498,128.22494806124348,316.57953655617155,99.99528499595172,182.68575777293358,nan,nan,nan,1.0,2.2946093276221924,4.789745358887277,1.0,0.9496044962531224,17,661.3266846240641,326.8077912558406,1103.6282859487396,A0,L5,I7,T9,range_fusion,S01,X_A0_R1_L5_I7_T9__S01,,,R1
X_A0_R1_L5_I7_T10,full_session_batch_proxy,Phase4 L5 single-I raw-range row.,34,17,40658,2026.313477294748,2367.3241643970764,2414.7889372171917,2029.2520502127504,40658,1992.2138755900446,2336.1380612726844,2389.0185073664784,2000.2794774862132,40658,221.390864363603,581.4979955001221,693.4535173310841,341.6809846042555,2022.4480116296104,2352.6347304498713,2032.8145177694241,2328.924948876939,530.3839412928648,1806.0058934524393,1803.4213281118482,130.3328546334718,459.81370683831403,112.72105564774536,205.23556361261174,nan,nan,nan,1.0,3.110218154872861,6.205737538136743,1.0,0.9496044962531224,17,592.3734310952159,279.19217600237425,995.228612062778,A0,L5,I7,T10,range_fusion,S01,X_A0_R1_L5_I7_T10__S01,,,R1
X_A0_R1_L5_I8_T6,range_ekf_screening,Phase4 L5 single-I raw-range row.,34,17,40658,2070.4136913784773,2436.167652450134,2498.776345348596,2075.6093737728115,40658,2025.713972710895,2397.8899285688503,2459.3230826513673,2037.7824657417248,40658,281.35107129237605,656.9837259527214,746.3320569480999,394.4577224610269,2061.462138801794,2429.4282938078195,2092.321477902121,2391.6210788957724,639.2099953863258,1996.6479435450922,1983.621753636935,138.81584909093885,161.31766203399337,103.90282740063847,214.69855202064628,nan,nan,nan,1.0,1.865695911419526,3.9306820556925834,1.0,0.9496044962531224,17,93.30838315119094,28.226578378382385,185.69381462366601,A0,L5,I8,T6,range_fusion,S01,X_A0_R1_L5_I8_T6__S01,,,R1
X_A0_R1_L5_I8_T7,range_ukf_screening,Phase4 L5 single-I raw-range row.,34,17,40658,2057.5550949628328,2412.6726017166416,2469.964738628102,2062.1486452995455,40658,2015.3962582559175,2377.1518679732244,2435.7115677688043,2027.5134846760377,40658,261.63610040106255,631.9786924911136,721.4538996071159,376.3590104774717,2053.5916285275507,2398.6876252714646,2075.3770600260204,2365.6851994427752,618.8309827766005,1987.2064162549607,1977.9134181618251,143.46115450426908,169.5810586834371,101.99332245088951,189.27789499604864,nan,nan,nan,1.0,2.207846227970267,4.51823440994371,1.0,0.9496044962531224,17,131.32916366135032,50.879362680619806,238.6308946951457,A0,L5,I8,T7,range_fusion,S01,X_A0_R1_L5_I8_T7__S01,,,R1
X_A0_R1_L5_I8_T8,robust_range_ekf_screening,Phase4 L5 single-I raw-range row.,34,17,40658,2094.7553438623404,2479.833771738646,2549.2224760395625,2099.0168612624248,40658,2049.5652770833167,2436.6172491820016,2500.776717649185,2055.6314638621034,40658,314.5829830079405,692.19732875919,786.4401378107926,424.5598528406896,2097.721115314871,2475.911316712185,2125.9582481228813,2443.0670609262083,678.0555670228321,1888.9283612103563,1883.6228075471338,137.18227756957697,220.42579417755445,120.80080941633095,215.40299594226732,nan,nan,nan,1.0,1.2056415959857936,2.6499858956275713,1.0,0.9496044962531224,17,354.1187516196365,217.76217302040618,665.861755346309,A0,L5,I8,T8,range_fusion,S01,X_A0_R1_L5_I8_T8__S01,,,R1
X_A0_R1_L5_I8_T9,session_window_factor_graph_proxy,Phase4 L5 single-I raw-range row.,34,17,40658,2033.3387242791973,2369.874529375533,2419.3973218218434,2034.561370582854,40658,1998.1134752373182,2339.5261275947582,2393.259764325371,2005.6844374366174,40658,227.88813413925357,580.4170933121625,667.7955899628654,341.5697704606495,2043.7499307972205,2342.1319394581105,2050.194164638167,2316.8867287454595,562.9542113730811,1803.8345335107203,1799.664898504085,129.65286553460544,413.0156817762647,105.32767952803583,189.7714593142727,nan,nan,nan,1.0,2.781876531361111,5.591020804680054,1.0,0.9496044962531224,17,642.9076850344385,302.9739833836496,1039.4428793420677,A0,L5,I8,T9,range_fusion,S01,X_A0_R1_L5_I8_T9__S01,,,R1
X_A0_R1_L5_I8_T10,full_session_batch_proxy,Phase4 L5 single-I raw-range row.,34,17,40658,2009.393205912735,2313.6769132200543,2361.2632020892697,2008.2861806115493,40658,1981.9574682928,2291.2653554776844,2340.2492997386294,1986.4122443456122,40658,188.99703477326148,504.72540628195026,586.7493132514782,295.60070830285935,2032.8832832421535,2292.398581419801,2022.2096648265574,2282.0756995771,479.01737819740765,1763.750876859251,1761.4272290204567,131.57149999990952,345.6866678094859,121.78425036268618,222.39665598411187,nan,nan,nan,1.0,3.5471731448330224,6.7570126336533995,1.0,0.9496044962531224,17,503.4777416256118,246.97309117567204,900.206671846398,A0,L5,I8,T10,range_fusion,S01,X_A0_R1_L5_I8_T10__S01,,,R1
X_A0_R2_L5_I0_T6,range_ekf_screening,Phase4 L5 single-I raw-range row.,34,17,40658,697.2658008024457,1097.636060922714,1202.0638524729732,763.471452712843,40658,563.1706854490201,1017.7342824733482,1120.7987852187698,667.7882776883398,40658,295.29826579343023,585.040289334411,648.7553906627983,370.0641502354688,712.3090771598315,1146.8776519943685,756.4074214070273,1048.0341332721882,570.5620633177543,388.1090846556038,313.4178014715643,100.6411364644294,121.70996921987026,107.24672368980268,226.91665814913733,nan,nan,nan,1.0,1.5725105299610527,4.047231877299243,1.0,0.9496044962531224,17,53.60055201224804,36.98263940167544,90.73811347166973,A0,L5,I0,T6,range_fusion,S01,X_A0_R2_L5_I0_T6__S01,,,R2
X_A0_R2_L5_I0_T7,range_ukf_screening,Phase4 L5 single-I raw-range row.,34,17,40658,678.8005730620861,1071.0659316767633,1174.3037605867491,745.4724590424265,40658,546.4301322418587,990.3101836677256,1092.3862465349716,649.3204504615433,40658,291.31205392302905,581.180535436752,643.6585180831228,366.2132436206819,695.2768932056333,1112.0650601600764,730.1447941026888,1012.4099598008206,566.6902597617317,381.9949408097125,310.9967585402173,95.99912468229587,121.4945771713555,101.40181390632314,209.35170710365327,nan,nan,nan,1.0,1.6754554323753932,4.1565651399810815,1.0,0.9496044962531224,17,66.48340748256463,40.92854173887042,139.8715838964867,A0,L5,I0,T7,range_fusion,S01,X_A0_R2_L5_I0_T7__S01,,,R2
X_A0_R2_L5_I0_T8,robust_range_ekf_screening,Phase4 L5 single-I raw-range row.,34,17,40658,723.8176573273022,1132.8249953077766,1244.3282744117048,791.3814657423652,40658,593.5558935704845,1054.3206671764692,1168.2741694789518,696.9148228722719,40658,301.147506302985,590.9774986499889,654.6488799044757,374.9591364154822,739.2112049863878,1187.876798233161,804.3754455862716,1072.7624962828559,581.9431871802849,362.4980024326997,303.77367985309127,93.55037410599249,134.16310082077894,126.280042931921,263.9607203010753,nan,nan,nan,1.0,1.3783174827711595,3.67637659005052,1.0,0.9496044962531224,17,51.666389213137755,34.67871037567835,93.31863634628832,A0,L5,I0,T8,range_fusion,S01,X_A0_R2_L5_I0_T8__S01,,,R2
X_A0_R2_L5_I0_T9,session_window_factor_graph_proxy,Phase4 L5 single-I raw-range row.,34,17,40658,644.8350664581807,1012.533820619532,1119.1671230979962,707.7657067464838,40658,512.9581357227951,930.7463824086651,1033.27350828831,611.452941209953,40658,280.6623243600041,571.0375317227507,632.2333490060488,356.45139406663503,642.2016782302551,1007.0504722028223,688.6892906384252,922.891893827057,565.3816499075618,374.03719167992347,298.3165545726139,109.94635444176129,152.60782579355435,91.15751036150824,187.43978960575848,nan,nan,nan,1.0,1.9208792130810424,4.542486183642501,1.0,0.9496044962531224,17,72.62387646577763,46.84834291336355,147.49906909981584,A0,L5,I0,T9,range_fusion,S01,X_A0_R2_L5_I0_T9__S01,,,R2
X_A0_R2_L5_I0_T10,full_session_batch_proxy,Phase4 L5 single-I raw-range row.,34,17,40658,594.2395013418026,922.8249758749635,1035.2773391719743,651.1417956684769,40658,462.10022540136805,842.4347459122267,954.0265788412113,555.8717907828259,40658,261.59716753604164,551.4585987815552,616.5926692702101,339.10498415426275,607.590218201341,905.3450738097088,627.4784269111241,824.4084808442811,548.3368365258195,329.2928478890414,270.95333097378136,108.19108487427332,148.97561253095392,95.24496278789658,196.50334449091457,nan,nan,nan,1.0,2.27144689865811,5.171107784587114,1.0,0.9496044962531224,17,63.217281847888586,57.73791034934163,108.72326300150539,A0,L5,I0,T10,range_fusion,S01,X_A0_R2_L5_I0_T10__S01,,,R2
X_A0_R2_L5_I1_T6,range_ekf_screening,Phase4 L5 single-I raw-range row.,34,17,40658,599.6786894084244,931.2755728176971,1039.434533696167,659.6105759888547,40658,472.2202044380844,867.9694629907535,970.9059526459553,566.7094541235406,40658,272.3751259225843,533.9079978672753,597.2185703330562,337.5300083893985,590.9616638794613,910.0593156847569,644.5182282491462,853.1073406334024,505.7784827713417,356.94378812950913,304.55662429889924,78.71729582008021,143.34941413825027,97.59115173008422,206.29158695758065,nan,nan,nan,1.0,2.2412159959347804,4.986300600135273,1.0,0.9496044962531224,17,47.982141405457405,31.468451500478466,78.0036370487431,A0,L5,I1,T6,range_fusion,S01,X_A0_R2_L5_I1_T6__S01,,,R2
X_A0_R2_L5_I1_T7,range_ukf_screening,Phase4 L5 single-I raw-range row.,34,17,40658,572.1452449462852,882.2395346467862,997.9315151327396,629.5277799272977,40658,446.86587606849656,825.084464625476,932.506956821486,539.2515531881776,40658,259.45720888949006,516.6591579672586,579.5136916554451,324.82762826510043,569.6356191626394,867.9243283803295,615.792031453783,805.5593558004158,492.6454537063856,348.2289517156685,313.7124025882423,76.20157971755162,138.35216065860934,91.00353794542278,193.75417902151494,nan,nan,nan,1.0,2.443770010493971,5.41631320888594,1.0,0.9496044962531224,17,49.49166829628999,34.53205174813655,77.50642803247818,A0,L5,I1,T7,range_fusion,S01,X_A0_R2_L5_I1_T7__S01,,,R2
X_A0_R2_L5_I1_T8,robust_range_ekf_screening,Phase4 L5 single-I raw-range row.,34,17,40658,654.5445679794118,1030.123020776818,1134.345080987053,718.62214208642,40658,526.6488857378972,950.9591489100613,1047.7683393880409,623.6650418920801,40658,288.539838379693,562.8138618111262,627.4617793092467,357.01498374525494,668.5265049752281,1007.9664018837793,700.515726210524,953.9829710721601,543.1366640756221,368.80519093015903,310.1067948823942,91.24898914144205,136.80648499821126,94.33796708651874,193.45333040879603,nan,nan,nan,1.0,1.805601731241353,4.2076784793582025,1.0,0.9496044962531224,17,84.58297778390084,46.136392876532796,193.36779912848365,A0,L5,I1,T8,range_fusion,S01,X_A0_R2_L5_I1_T8__S01,,,R2
X_A0_R2_L5_I1_T9,session_window_factor_graph_proxy,Phase4 L5 single-I raw-range row.,34,17,40658,525.9115171331945,802.4690232510209,915.8614000149757,576.9865113218353,40658,406.93079354192446,752.368172917013,863.5951015223214,493.8333123735001,40658,234.2821469318207,482.57141708416935,538.0415427124746,298.3992188956927,524.2536760355399,792.7580041567753,550.4357584956488,727.6256397913462,455.349111508383,387.27338771244376,360.04836398985753,61.46745762268944,154.73498540290996,86.7833165239456,163.24702125557212,nan,nan,nan,1.0,2.7684161191551118,5.9218320544454475,1.0,0.9496044962531224,17,100.54100565720631,44.38499872791982,224.61844398681308,A0,L5,I1,T9,range_fusion,S01,X_A0_R2_L5_I1_T9__S01,,,R2
X_A0_R2_L5_I1_T10,full_session_batch_proxy,Phase4 L5 single-I raw-range row.,34,17,40658,467.1629536902035,705.8655381758496,825.7810947256263,512.9798056628139,40658,370.9551697817053,657.0078987334977,781.1666940525525,442.04815825085626,40658,196.8800446029137,428.0626338007488,482.7465523872192,260.2723704216108,453.5362074330576,688.0882849069228,468.9933549882228,629.3595666692772,406.4729034311458,364.40096216924627,315.465775095951,59.893598968201104,152.60855643976024,87.10852386349788,164.85670395604964,nan,nan,nan,1.0,3.3335547132281182,6.9482638200812215,1.0,0.9496044962531224,17,90.73616316219933,46.046990751401836,153.29325420520377,A0,L5,I1,T10,range_fusion,S01,X_A0_R2_L5_I1_T10__S01,,,R2
X_A0_R2_L5_I2_T6,range_ekf_screening,Phase4 L5 single-I raw-range row.,34,17,40658,599.9980675859126,921.5066574067247,1051.4138037830567,657.5765089787371,40658,472.70463881740255,852.8211814510449,976.1534841027762,564.9437317963021,40658,267.7399189959763,537.7312567513773,598.9260397366048,336.5196057657428,613.416464918434,868.0605093037045,633.459656645828,819.6333387004593,518.3300828292929,372.2350171021789,301.521185329225,81.26793958070238,143.7054734764979,95.0113009386568,202.86958284035634,nan,nan,nan,1.0,2.289876432719354,4.910849333120607,1.0,0.9496044962531224,17,44.835942937852984,43.520734955879846,71.30201503650453,A0,L5,I2,T6,range_fusion,S01,X_A0_R2_L5_I2_T6__S01,,,R2
X_A0_R2_L5_I2_T7,range_ukf_screening,Phase4 L5 single-I raw-range row.,34,17,40658,573.2420709438617,873.6462104254812,1006.6542034793204,626.9828129315614,40658,445.6483896572856,803.3351408553042,943.4470226734591,537.0009090543352,40658,255.17058518055808,517.5100930720054,580.9970827216883,323.63169094881755,578.2848748647782,842.2639068930469,609.264427034585,768.3670428816922,501.16021153099246,387.5489240837557,308.3785012624904,75.80259139536349,147.03872981836602,93.14524314004909,199.16088731544616,nan,nan,nan,1.0,2.4999585795555728,5.315142474835341,1.0,0.9496044962531224,17,46.68633341243024,31.712508921291203,90.92733743212285,A0,L5,I2,T7,range_fusion,S01,X_A0_R2_L5_I2_T7__S01,,,R2
X_A0_R2_L5_I2_T8,robust_range_ekf_screening,Phase4 L5 single-I raw-range row.,34,17,40658,653.1864286157236,1023.0950803898841,1139.4109191927544,717.2399708385308,40658,523.4357583135182,948.1514712025772,1055.1378526792992,622.4156973159595,40658,286.34331316584456,567.6607543062098,625.5084983111029,356.4153132276229,668.9103614980108,1004.2411307244524,697.9280064384542,952.1634188886305,547.6784738985458,389.7700935431593,344.2345111781924,89.26535081219379,137.9912750333323,94.88925581970327,187.11967003488758,nan,nan,nan,1.0,1.8440367691479886,4.25683041690697,1.0,0.9496044962531224,17,74.12930354544643,47.339741025324315,162.95263799516974,A0,L5,I2,T8,range_fusion,S01,X_A0_R2_L5_I2_T8__S01,,,R2
X_A0_R2_L5_I2_T9,session_window_factor_graph_proxy,Phase4 L5 single-I raw-range row.,34,17,40658,523.3404410245156,796.1697103256392,925.451838775611,573.7436914968328,40658,405.70556914201995,730.8722229489922,881.8418596306288,490.8645432367241,40658,228.6294802350535,478.78475127144145,540.8867312781388,297.04178784375625,528.5720041921991,773.7270595993587,549.6219600810472,685.0408541932859,458.98484892666727,443.27994301388566,417.50804147535104,69.2069073441682,156.80971633212044,83.07730788940569,156.64533295884945,nan,nan,nan,1.0,2.8053725084405157,5.861163260271621,1.0,0.9496044962531224,17,89.12062486523614,39.78185340143523,178.15151379157223,A0,L5,I2,T9,range_fusion,S01,X_A0_R2_L5_I2_T9__S01,,,R2
X_A0_R2_L5_I2_T10,full_session_batch_proxy,Phase4 L5 single-I raw-range row.,34,17,40658,455.5206386498893,714.4353318625506,837.2397661267931,509.62917319044794,40658,363.4653403163112,650.1541704985522,783.5312491357048,438.62551062837366,40658,190.97265263463368,421.8463704363868,480.1464087264746,259.4793933875636,448.2942900109898,655.8428823468131,468.3304696903673,591.2608381506301,397.80395503723037,353.6827427791668,293.66946673544976,70.83782429339374,155.39409389501895,89.26769017753779,171.43451651061716,nan,nan,nan,1.0,3.3008933048277806,6.693119254002083,1.0,0.9496044962531224,17,88.07746804441234,34.365537977332394,134.1447217439561,A0,L5,I2,T10,range_fusion,S01,X_A0_R2_L5_I2_T10__S01,,,R2
X_A0_R2_L5_I3_T6,range_ekf_screening,Phase4 L5 single-I raw-range row.,34,17,40658,578.1070498002316,891.6450350896928,993.0887688594144,632.4858519463264,40658,447.85739340288114,830.7371867982229,934.4561180481618,541.2967013919957,40658,261.1964559631722,519.0016608835591,590.1104427748186,327.16392523384184,570.5652662953987,846.010256211021,610.1699190157017,800.0719382543666,500.6304583725175,352.45493151021446,309.051375448385,83.66758945354115,142.0933533508923,94.5935299812248,198.44262113989618,nan,nan,nan,1.0,2.372324880400363,5.0471973784124256,1.0,0.9496044962531224,17,54.219817129709895,35.84380443038057,93.57040064304564,A0,L5,I3,T6,range_fusion,S01,X_A0_R2_L5_I3_T6__S01,,,R2
X_A0_R2_L5_I3_T7,range_ukf_screening,Phase4 L5 single-I raw-range row.,34,17,40658,548.0401856870826,839.6003975010294,943.963320565112,599.7655479378708,40658,421.78647627908515,782.9267247440492,895.5431749919467,512.0243594037369,40658,246.83439934047738,498.18654223867594,569.0301011713617,312.32958212504826,551.0086158083946,807.0281537565588,581.2308807263871,753.1313400764326,472.49321253621065,365.19047915265423,332.9937003408752,76.79779228862856,139.85282671163617,86.73961779899426,156.13834463998788,nan,nan,nan,1.0,2.5637675168215353,5.554147161297905,1.0,0.9496044962531224,17,83.92686331468296,55.17231142830698,137.0762707601489,A0,L5,I3,T7,range_fusion,S01,X_A0_R2_L5_I3_T7__S01,,,R2
X_A0_R2_L5_I3_T8,robust_range_ekf_screening,Phase4 L5 single-I raw-range row.,34,17,40658,637.3213256056717,990.5480812216116,1100.3211658906334,697.5724254156438,40658,506.1129206160711,926.273353061383,1023.3933192794235,602.8931547937299,40658,282.8594437948349,555.2288449633826,620.6717141712758,350.89476001092925,646.5957176456852,956.5475644496246,673.1598303603823,901.7307645001274,538.0512095900984,371.7843823295199,325.6922147216561,92.91617432724547,145.04338422094793,92.40362083454025,202.4450906952503,nan,nan,nan,1.0,1.950951225111095,4.498409945115494,1.0,0.9496044962531224,17,56.308163565391304,45.70156195951387,94.24965013627353,A0,L5,I3,T8,range_fusion,S01,X_A0_R2_L5_I3_T8__S01,,,R2
X_A0_R2_L5_I3_T9,session_window_factor_graph_proxy,Phase4 L5 single-I raw-range row.,34,17,40658,494.59818920325847,758.333330077199,860.419924811603,543.4157734584821,40658,380.85584627094056,703.9371567906348,827.3046723243169,464.0589745830119,40658,217.65899531110665,457.1120949305988,524.1551403780287,282.75425894660526,499.29153076502917,733.4994075279236,517.8799519056503,666.8735891014908,423.2478006424786,337.106326723857,306.544135739386,67.74943819859084,145.829534326161,95.3743365561306,177.7902136470788,nan,nan,nan,1.0,2.982524846095056,6.299774210379778,1.0,0.9496044962531224,17,104.8316779887466,44.267718485113335,235.93432590576882,A0,L5,I3,T9,range_fusion,S01,X_A0_R2_L5_I3_T9__S01,,,R2
X_A0_R2_L5_I3_T10,full_session_batch_proxy,Phase4 L5 single-I raw-range row.,34,17,40658,426.04227964038375,667.745913320073,788.0201967136558,477.8958370039725,40658,334.8193193743107,619.5358013238512,758.260482122323,411.6779711757784,40658,181.5788946944018,398.0139424058135,458.4557808210138,242.7049218172602,406.7092130180953,639.4388859689941,436.6958949902195,582.6161026937568,377.2035764446517,337.74408482214585,265.3901824107976,76.41597980533004,144.21707799741793,93.45436754068942,175.68279515415554,nan,nan,nan,1.0,3.438164924236358,6.939454154057415,1.0,0.9496044962531224,17,123.72719653449388,39.37847679161075,171.10592081192556,A0,L5,I3,T10,range_fusion,S01,X_A0_R2_L5_I3_T10__S01,,,R2
X_A0_R2_L5_I4_T6,range_ekf_screening,Phase4 L5 single-I raw-range row.,34,17,40658,565.4438123746127,867.5755624558185,978.3202693413864,618.726169072921,40658,440.6126960814554,807.157985582046,916.2547354644657,529.0935545868399,40658,258.6063035087496,511.0540404748973,576.634858051193,320.7523698904118,563.4909296718699,835.7459794070273,590.4779133769338,771.8604818249485,477.76218077005115,346.63342666619116,322.60397987194386,86.37891228340749,137.37552409931425,87.35440491711617,183.93779904268533,nan,nan,nan,1.0,2.4991931126268856,5.385570870344052,1.0,0.9496044962531224,17,53.30841845735758,46.06839140976135,91.11465098289237,A0,L5,I4,T6,range_fusion,S01,X_A0_R2_L5_I4_T6__S01,,,R2
X_A0_R2_L5_I4_T7,range_ukf_screening,Phase4 L5 single-I raw-range row.,34,17,40658,530.9174591369583,818.3651936256545,927.5962748217544,584.8683068077212,40658,414.0408336146127,763.1498922645658,878.5137834189054,499.24577264102385,40658,243.83612124721947,487.212190165701,553.5301493702664,304.67128976685314,524.0853989185506,790.3267840923635,561.8724265628452,732.9015476402395,453.5495061162381,379.8077612424727,338.15829523283094,84.11796315377461,138.00870059206835,79.35509658808544,156.2323163228962,nan,nan,nan,1.0,2.7238286384555277,5.862443157545655,1.0,0.9496044962531224,17,89.00278115117943,52.839237934090846,173.9666357963859,A0,L5,I4,T7,range_fusion,S01,X_A0_R2_L5_I4_T7__S01,,,R2
X_A0_R2_L5_I4_T8,robust_range_ekf_screening,Phase4 L5 single-I raw-range row.,34,17,40658,628.6923270584629,976.1868732765925,1083.1717867364146,687.2579601728794,40658,500.74403295306774,906.2417375997929,1000.489059174633,593.1418668484164,40658,280.711883445026,549.3425267393623,612.8254911939625,347.14007203514035,637.7634808371805,968.6967119944342,668.0930651718145,878.2346900499263,517.4140425371183,361.30295128489803,302.2023512368309,95.66257760696851,150.01418333181113,94.30875393235347,206.30918186303157,nan,nan,nan,1.0,1.9886899763652814,4.568425019003051,1.0,0.9496044962531224,17,47.243813258053166,39.515669129367524,72.59239821329027,A0,L5,I4,T8,range_fusion,S01,X_A0_R2_L5_I4_T8__S01,,,R2
X_A0_R2_L5_I4_T9,session_window_factor_graph_proxy,Phase4 L5 single-I raw-range row.,34,17,40658,476.19120578048467,738.2191209347045,848.4809795265538,527.2581092578362,40658,369.3267915503832,687.2695189482816,800.3311182594875,450.883915756322,40658,216.39882062750064,443.36895209160735,505.0286426299835,273.3218035400655,481.6329223154029,713.7123500075095,502.9608135664747,667.6826555134554,417.0381181964765,353.95904127784524,304.4670106764238,86.80529830096555,164.81092594623877,84.54034115955362,152.70739632018376,nan,nan,nan,1.0,3.0450430664788137,6.435771284429752,1.0,0.9496044962531224,17,108.4544132360079,45.780810694566185,260.9819081840547,A0,L5,I4,T9,range_fusion,S01,X_A0_R2_L5_I4_T9__S01,,,R2
X_A0_R2_L5_I4_T10,full_session_batch_proxy,Phase4 L5 single-I raw-range row.,34,17,40658,409.5565959370943,651.8073171437641,766.1338133070585,460.5469878243756,40658,322.9936969453884,606.6120856519784,715.4081044510614,398.03276134981354,40658,178.00354175878584,384.0069736632656,433.67881585183477,231.67530918582585,412.85457295464084,607.7478460414275,435.7287428046276,567.9328646689228,375.14033218058205,322.53607299322186,284.03431390958247,80.55381128065551,154.09503231116796,91.4209615705403,166.32772653742214,nan,nan,nan,1.0,3.354607752648101,7.198505220927688,1.0,0.9496044962531224,17,169.7904420057937,49.387216282986316,280.35494913703013,A0,L5,I4,T10,range_fusion,S01,X_A0_R2_L5_I4_T10__S01,,,R2
X_A0_R2_L5_I5_T6,range_ekf_screening,Phase4 L5 single-I raw-range row.,34,17,40658,513.4339727434748,779.3684302974291,894.7861064175777,559.9539976888419,40658,391.4651674504617,729.2450329911517,844.1926624141146,476.8502372223629,40658,228.88371739639865,474.84562717117666,534.7381539474876,293.53420718664427,521.4596607195883,764.3665646837306,542.6515059925468,686.937942721756,452.0292274897146,368.1552549097579,329.02900423244193,74.7869066214472,151.5262844250768,75.78970644327063,156.63296745858105,nan,nan,nan,1.0,2.8997877298531263,6.073703085593792,1.0,0.9496044962531224,17,107.09262029067057,46.09757314574824,210.2655486941758,A0,L5,I5,T6,range_fusion,S01,X_A0_R2_L5_I5_T6__S01,,,R2
X_A0_R2_L5_I5_T7,range_ukf_screening,Phase4 L5 single-I raw-range row.,34,17,40658,476.8893220243101,727.8591281905143,836.4735483547954,523.4234741879922,40658,364.20057515134886,682.6250974214103,799.4175033211993,445.9591796731329,40658,210.99818391110415,446.49135414515047,505.47148391165535,274.03018701649285,483.9739325714605,712.257432773718,505.8313291628759,630.144494517516,417.661302825363,335.2513192327348,306.22120256390394,75.16978424877277,158.97757780316942,86.75780464962695,161.43124548844264,nan,nan,nan,1.0,3.152655259008477,6.608658197853729,1.0,0.9496044962531224,17,119.31018248211402,44.42837917231435,239.6057938621555,A0,L5,I5,T7,range_fusion,S01,X_A0_R2_L5_I5_T7__S01,,,R2
X_A0_R2_L5_I5_T8,robust_range_ekf_screening,Phase4 L5 single-I raw-range row.,34,17,40658,584.989062114003,890.0940839513021,1010.5382924778811,637.1515529578398,40658,455.39386730336366,834.3113562265297,932.1867130327096,545.7013998949117,40658,260.49092512925995,525.8269663237511,583.9140221053029,328.8952471370188,585.6639564367126,866.3688639817935,612.1315429790031,813.09522506335,512.5509936655835,363.6927410013826,308.16442649077896,86.24506500032294,141.67049327959558,92.55991167271023,189.96227861859703,nan,nan,nan,1.0,2.3175665689716665,4.97376722962426,1.0,0.9496044962531224,17,44.98815679498924,39.777451218447425,74.92566695547646,A0,L5,I5,T8,range_fusion,S01,X_A0_R2_L5_I5_T8__S01,,,R2
X_A0_R2_L5_I5_T9,session_window_factor_graph_proxy,Phase4 L5 single-I raw-range row.,34,17,40658,418.21060124040946,645.5894631523483,740.2900810327557,464.47105186038,40658,322.5798802666392,607.4475025422288,706.7819970893717,397.98240264493484,40658,181.03924685209,395.06193286588183,449.52170494329596,239.46474730375817,415.64131161316885,620.3364936729217,440.3909235184842,565.7215602444811,369.1348094688314,338.18836554297036,285.4240085281624,68.67705402660715,152.49119046718403,85.51612320143175,162.48320019625737,nan,nan,nan,1.0,3.484877042901288,6.8800147598099075,1.0,0.9496044962531224,17,113.6107188684533,38.007733376739566,199.25650134332645,A0,L5,I5,T9,range_fusion,S01,X_A0_R2_L5_I5_T9__S01,,,R2
X_A0_R2_L5_I5_T10,full_session_batch_proxy,Phase4 L5 single-I raw-range row.,34,17,40658,354.3899344828317,562.0196005889666,660.57333684698,401.8141298201486,40658,279.8525187421473,527.9543780575326,636.3461617987662,348.6786349991668,40658,142.37164849978876,334.45757678552263,380.44801729754244,199.69427737980146,348.9263375164956,532.7737400764024,370.68701681870243,476.9552048110043,321.052180543255,311.9228840388653,253.23857345577366,67.37852458938136,135.42331106526245,84.91448891599211,147.81882079684573,nan,nan,nan,1.0,3.867535277490222,7.4301282841614285,1.0,0.9496044962531224,17,152.02712711385468,38.70841575854382,237.41082493682345,A0,L5,I5,T10,range_fusion,S01,X_A0_R2_L5_I5_T10__S01,,,R2
X_A0_R2_L5_I6_T6,range_ekf_screening,Phase4 L5 single-I raw-range row.,34,17,40658,532.1979467760532,825.3819587893674,940.9906592563781,587.9184326891672,40658,412.9032436174466,766.0714444280268,880.8815179370309,500.7431935440359,40658,244.76408500388422,493.21866836994036,551.5935864652793,308.0654761816179,534.5122077223567,799.0865994012183,561.4997362712172,737.8667564170055,473.88875221819865,368.79422266010323,334.56987865453107,75.0384077490117,140.90249170339263,88.69553354787712,163.20186021502315,nan,nan,nan,1.0,2.7599890010977863,5.8793846875239355,1.0,0.9496044962531224,17,86.23829582560535,58.03484855399904,163.66184700815114,A0,L5,I6,T6,range_fusion,S01,X_A0_R2_L5_I6_T6__S01,,,R2
X_A0_R2_L5_I6_T7,range_ukf_screening,Phase4 L5 single-I raw-range row.,34,17,40658,499.4157782427135,774.4226916451624,895.6303342615145,552.5535605897492,40658,384.8628693633682,718.1772949604626,843.0327612596781,469.9853906067022,40658,228.26985084475808,469.01701712933163,527.0328595736227,290.56698012106466,505.995495684025,750.2065283890176,528.3288374057704,698.8595606190561,441.23343549929666,355.79577558496896,315.43716706385794,75.17885764439092,144.43749540378903,81.70296673488866,152.43603775407422,nan,nan,nan,1.0,2.9693267461387256,6.425278293361996,1.0,0.9496044962531224,17,97.76515173298802,49.4057823937228,204.7700630710805,A0,L5,I6,T7,range_fusion,S01,X_A0_R2_L5_I6_T7__S01,,,R2
X_A0_R2_L5_I6_T8,robust_range_ekf_screening,Phase4 L5 single-I raw-range row.,34,17,40658,602.8090501762031,937.3670959455651,1048.4937021238895,661.3588724871388,40658,475.1214225363989,870.0574589794297,964.402305398011,568.0840965621586,40658,274.0080414326641,535.9987682957368,597.2718804458092,338.6384760339788,611.037267939699,903.4573282186941,642.7701624636686,858.3575842166729,518.1912892462508,352.235407457438,288.0752793230893,79.04543435072571,142.68400891028392,95.60573280879294,187.4748406126689,nan,nan,nan,1.0,2.2087610330071255,4.828231471935465,1.0,0.9496044962531224,17,51.889206475316854,45.229214717231,82.45466274862179,A0,L5,I6,T8,range_fusion,S01,X_A0_R2_L5_I6_T8__S01,,,R2
X_A0_R2_L5_I6_T9,session_window_factor_graph_proxy,Phase4 L5 single-I raw-range row.,34,17,40658,442.37173832315085,696.2708804411858,806.555997187774,494.3372380330949,40658,341.46384976515935,639.7189538237334,766.1866784921708,421.2570442527736,40658,198.88550446303435,421.4862919351043,475.5706100683783,258.6731674789742,432.70962080055335,655.2287746250718,465.5785052639466,620.5815622137472,385.92316662831604,302.86575865024065,279.02571231063655,66.11329137115945,153.38741603407607,82.63955579689252,151.0888964674807,nan,nan,nan,1.0,3.3817775314654144,6.69986155368766,1.0,0.9496044962531224,17,151.91542412409612,43.179065535644895,233.71883798227344,A0,L5,I6,T9,range_fusion,S01,X_A0_R2_L5_I6_T9__S01,,,R2
X_A0_R2_L5_I6_T10,full_session_batch_proxy,Phase4 L5 single-I raw-range row.,34,17,40658,376.8235411569427,614.4706785132331,731.7401296230568,430.32645716103383,40658,295.1418627883474,559.0801726887315,679.0889880387593,369.0850359929943,40658,166.66385049430357,358.6416418337375,405.10760148312005,221.26250459311262,372.4420783436167,561.4015045909624,392.1250557462464,521.1766385658389,328.04667508565063,271.2276373936176,252.36567841975827,73.44030299636188,142.55655475667916,81.11238026233102,142.3846531540546,nan,nan,nan,1.0,3.8481008694466983,7.448273710511623,1.0,0.9496044962531224,17,290.8566935045685,48.6876657707129,319.1349543436712,A0,L5,I6,T10,range_fusion,S01,X_A0_R2_L5_I6_T10__S01,,,R2
X_A0_R2_L5_I7_T6,range_ekf_screening,Phase4 L5 single-I raw-range row.,34,17,40658,593.3645507015027,924.3588249761116,1037.1318530620179,654.0820242238842,40658,468.8363286392571,856.7825957869585,968.3029425053127,561.0077021985109,40658,265.7681326644214,539.8979673063101,603.6520459478608,336.29399710188244,594.0770137165914,888.1457689743122,632.432921321117,822.978980166373,500.9275453843643,354.66253033127214,295.3104918270375,88.70067598153605,145.3696959597262,96.35832806141416,196.9944664167753,nan,nan,nan,1.0,2.3256562511195584,4.97286863746754,1.0,0.9496044962531224,17,47.54859306755909,33.46645374658084,86.75567534408599,A0,L5,I7,T6,range_fusion,S01,X_A0_R2_L5_I7_T6__S01,,,R2
X_A0_R2_L5_I7_T7,range_ukf_screening,Phase4 L5 single-I raw-range row.,34,17,40658,563.5975111341124,877.2458713405058,999.6375578814275,623.454537777806,40658,440.24618684545624,812.7789397101045,930.6816398681688,532.9703157719474,40658,251.884946461274,520.973831910485,587.2826257026343,323.4782885785201,557.8952679293102,862.8223736843117,592.7456628186405,767.1916031255572,481.98896575494166,352.11090941067994,321.7602117221239,82.5495768656989,143.805521009383,89.96340502563663,176.21645375458533,nan,nan,nan,1.0,2.544412713112006,5.418484815341904,1.0,0.9496044962531224,17,64.29787989750787,45.175274843928605,111.69646690103934,A0,L5,I7,T7,range_fusion,S01,X_A0_R2_L5_I7_T7__S01,,,R2
X_A0_R2_L5_I7_T8,robust_range_ekf_screening,Phase4 L5 single-I raw-range row.,34,17,40658,648.2471640482631,1022.9867381212501,1124.300626792962,714.3148668818309,40658,523.9174304056032,947.2527466039445,1042.4671828631806,619.1059168717273,40658,285.81155242052563,565.3622912103651,631.5543352516693,356.3054767230299,658.4818032158458,1014.8519715675623,706.5677135896667,940.7756441354308,542.7210724397582,379.32821866593764,312.04346336914,97.84109935888858,137.75801016658664,97.54348149071063,201.808176816784,nan,nan,nan,1.0,1.8562136403809735,4.292312926061925,1.0,0.9496044962531224,17,78.49509131348216,49.29613131347921,155.1058503992397,A0,L5,I7,T8,range_fusion,S01,X_A0_R2_L5_I7_T8__S01,,,R2
X_A0_R2_L5_I7_T9,session_window_factor_graph_proxy,Phase4 L5 single-I raw-range row.,34,17,40658,510.57145055860326,807.0653776749787,919.8027852994875,570.3752911522878,40658,396.9216473774742,740.7053238838249,865.6646921471125,486.62794657994755,40658,223.02541840757112,485.77068808456875,549.5798671284692,297.525149129348,505.0361379025685,773.5358341131177,528.6204541629158,704.5640094874885,444.26187103047926,367.7313731148609,310.4954552826937,73.87825321231264,160.50680386058752,94.21979725532591,175.76394777082834,nan,nan,nan,1.0,2.889035676328929,6.20443120249768,1.0,0.9496044962531224,17,85.07817680573896,53.10639364124023,156.65349417685005,A0,L5,I7,T9,range_fusion,S01,X_A0_R2_L5_I7_T9__S01,,,R2
X_A0_R2_L5_I7_T10,full_session_batch_proxy,Phase4 L5 single-I raw-range row.,34,17,40658,449.0839070897515,726.168567267169,856.3455761870853,509.24353643312486,40658,351.96570384857915,667.098628063776,788.009564503835,436.499983220134,40658,187.04206749335162,434.00517253674775,496.37057511806336,262.2913342978339,439.2053137602603,686.3211880000993,459.29816945055836,631.0467408109532,404.2987361029882,330.4789232259867,295.5311893407858,66.3193024861722,166.03442232556313,94.83380988292659,181.8643015972346,nan,nan,nan,1.0,3.455920617402385,7.05317548820287,1.0,0.9496044962531224,17,90.41693920278703,50.86008408982326,179.76198934864215,A0,L5,I7,T10,range_fusion,S01,X_A0_R2_L5_I7_T10__S01,,,R2
X_A0_R2_L5_I8_T6,range_ekf_screening,Phase4 L5 single-I raw-range row.,34,17,40658,549.0626436917366,850.7013444326157,969.2351737072375,603.2907853258951,40658,423.06291383051143,794.8150848882927,917.3726620353531,515.8031908538675,40658,248.9335520044085,501.3938848492009,560.6404848519783,312.9006870623712,542.9528587158192,815.7554454779809,578.9534217508682,743.3955461753401,482.42395393285256,370.59978864040943,330.53391423789895,75.65556508739769,141.71331908939743,89.81773614464086,169.4886047635266,nan,nan,nan,1.0,2.702256004714781,5.585332656467211,1.0,0.9496044962531224,17,69.08487992678546,52.46651431551891,109.34384237338271,A0,L5,I8,T6,range_fusion,S01,X_A0_R2_L5_I8_T6__S01,,,R2
X_A0_R2_L5_I8_T7,range_ukf_screening,Phase4 L5 single-I raw-range row.,34,17,40658,516.1999891016773,805.7273631248833,924.6283625067647,570.1774088035532,40658,395.947961626743,749.9696664991629,880.903370606777,487.40587539787185,40658,232.62602838009116,477.29916622013684,534.8151060251889,295.8678592506604,521.7150508663382,772.4032502559273,548.2860869274934,697.4011602317705,453.9131171794657,381.63508846974844,332.76687804925257,76.20782248127927,147.8601522627464,82.78247658177102,158.45099688207273,nan,nan,nan,1.0,2.9741614209949256,6.098902567900941,1.0,0.9496044962531224,17,107.79634317762742,50.23545138592792,207.07909843121823,A0,L5,I8,T7,range_fusion,S01,X_A0_R2_L5_I8_T7__S01,,,R2
X_A0_R2_L5_I8_T8,robust_range_ekf_screening,Phase4 L5 single-I raw-range row.,34,17,40658,615.6194242890215,956.2086480258124,1064.9388362210323,672.8413806217762,40658,484.8254826724516,889.7818264743962,989.722287365386,579.5389718825686,40658,274.9032057388232,545.7619903964991,603.0795548159629,341.8334441600373,622.2077367885092,930.5969997208259,655.0492808282293,857.834323553942,525.6021493926262,347.1589753055106,290.97685767044015,79.8318212925825,148.27982720205068,99.56450029569177,211.7061763885884,nan,nan,nan,1.0,2.1298940048365216,4.764957016544011,1.0,0.9496044962531224,17,49.73839934930022,41.03111894669337,78.22088945256871,A0,L5,I8,T8,range_fusion,S01,X_A0_R2_L5_I8_T8__S01,,,R2
X_A0_R2_L5_I8_T9,session_window_factor_graph_proxy,Phase4 L5 single-I raw-range row.,34,17,40658,462.50669597198504,729.3886974139896,852.3726011759652,516.1902310049016,40658,353.40141488886593,682.5601199044437,813.2277004808846,443.6624537054211,40658,202.65118104933794,429.051204703132,485.37454550266284,263.8484067736222,457.07591678235036,689.5322101862911,485.8996615901963,632.9480212199309,402.8043884812557,327.93458677348497,292.15152784887033,75.41203948562998,153.98172784985388,86.35548849239967,162.80735095973898,nan,nan,nan,1.0,3.280182055664768,6.57386699066872,1.0,0.9496044962531224,17,109.76111064984508,48.455930776169765,244.99363275524416,A0,L5,I8,T9,range_fusion,S01,X_A0_R2_L5_I8_T9__S01,,,R2
X_A0_R2_L5_I8_T10,full_session_batch_proxy,Phase4 L5 single-I raw-range row.,34,17,40658,403.3900888814409,651.584360515593,798.7595536252393,459.9336659096168,40658,318.6450329339988,616.2268613068444,756.6950410458276,401.57930625866123,40658,165.0883831497523,365.10115292640813,422.06213789757055,224.2164976576689,400.30651993352114,597.5238652645567,419.6406899991218,560.8947764096513,345.9446779754636,286.4712500769781,272.9899508549447,83.73214743275344,137.94955227982655,99.60102897070206,183.28945733794666,nan,nan,nan,1.0,3.7887481237919913,7.556984467367579,1.0,0.9496044962531224,17,204.65835875061842,47.08833485382752,282.8380828329916,A0,L5,I8,T10,range_fusion,S01,X_A0_R2_L5_I8_T10__S01,,,R2
X_A0_R3_L5_I0_T6,range_ekf_screening,Phase4 L5 single-I raw-range row.,34,17,40658,691.5446540974144,1091.396287398768,1195.620181097348,758.1424134502146,40658,557.7047028907457,1009.8792544816018,1114.511262752336,662.5848257390084,40658,293.3464077787885,583.4048384151241,646.5861080215252,368.457959301362,704.607945918483,1138.3196206275065,748.5830814086519,1039.5864458422197,569.6906430836818,372.4443128159125,290.10519629996566,97.43365120150622,117.31378395823552,104.99440578578515,220.7784634671848,nan,nan,nan,1.0,1.440574075413708,3.651866918642436,1.0,0.9496044962531224,17,63.53550375086165,39.92552625340761,124.70241681196353,A0,L5,I0,T6,range_fusion,S01,X_A0_R3_L5_I0_T6__S01,,,R3
X_A0_R3_L5_I0_T7,range_ukf_screening,Phase4 L5 single-I raw-range row.,34,17,40658,672.7498816009697,1060.7048290146508,1167.5470532744368,739.1900890241117,40658,540.4058759315567,980.849764392184,1083.9348956002773,643.1293928089606,40658,289.2577494724892,578.9845750273361,641.0820359507036,364.39891851740157,691.7053380235734,1095.8530389065263,721.8770254928957,1002.5050741764778,566.760253819406,373.2317923400062,289.21108290865106,98.61955983889908,125.85287345272215,97.13630582470047,206.34285234115043,nan,nan,nan,1.0,1.551474246755181,3.753477601695681,1.0,0.9496044962531224,17,81.87248018457318,41.631914798626354,179.4830356322329,A0,L5,I0,T7,range_fusion,S01,X_A0_R3_L5_I0_T7__S01,,,R3
X_A0_R3_L5_I0_T8,robust_range_ekf_screening,Phase4 L5 single-I raw-range row.,34,17,40658,720.9655182155595,1129.6641871922232,1240.2472788926466,788.6094168473255,40658,589.2666019244173,1050.7645856840056,1163.5869796869438,694.0397398689064,40658,300.80800825437035,589.8385231730953,653.9628454292579,374.4511340922599,735.937524850259,1184.3977281929156,799.6445868937737,1069.653181584481,579.4001119828705,364.7044209579958,295.8716333430933,95.24840837475824,131.45668337462826,125.73789607681852,258.80330108002806,nan,nan,nan,1.0,1.265888351715023,3.3722777808869733,1.0,0.9496044962531224,17,50.94927069907821,34.358648708823125,90.76389498348072,A0,L5,I0,T8,range_fusion,S01,X_A0_R3_L5_I0_T8__S01,,,R3
X_A0_R3_L5_I0_T9,session_window_factor_graph_proxy,Phase4 L5 single-I raw-range row.,34,17,40658,638.0993179838754,1002.2436229379013,1107.7635802929035,700.7180653037553,40658,505.74597535289104,919.3555102127024,1023.5649273699627,604.3061596745632,40658,279.1224389542452,568.970816519832,630.5324561001198,354.71097025947637,631.9661742922247,996.2179325294449,680.8843572517723,905.9552745112913,562.1510878375348,363.39631753376193,302.48871631884515,108.81668565915123,157.19744113493996,90.13014730787104,185.44710279908998,nan,nan,nan,1.0,1.77287222105381,4.150106975319212,1.0,0.9496044962531224,17,64.71931309159261,47.55005937565815,135.61370431256026,A0,L5,I0,T9,range_fusion,S01,X_A0_R3_L5_I0_T9__S01,,,R3
X_A0_R3_L5_I0_T10,full_session_batch_proxy,Phase4 L5 single-I raw-range row.,34,17,40658,586.7348128740352,910.0397386316031,1024.699587282743,643.0748318891917,40658,455.0919249021841,829.6709737394048,944.9377143127873,548.0138552033427,40658,258.41336991138684,548.2811732871835,614.3778010216008,336.490793209089,599.6721043076558,896.3932551958992,622.4386843142713,812.2137715139693,546.2223467588678,322.8784594680837,270.49039902429445,110.31064687337522,145.55388631443472,93.46627239210292,197.64140312180925,nan,nan,nan,1.0,2.1143906038634013,4.823225854007121,1.0,0.9496044962531224,17,64.15202534675954,56.49745069061191,118.45871145090666,A0,L5,I0,T10,range_fusion,S01,X_A0_R3_L5_I0_T10__S01,,,R3
X_A0_R3_L5_I1_T6,range_ekf_screening,Phase4 L5 single-I raw-range row.,34,17,40658,591.2936751248403,917.7455458660963,1026.8453923226903,650.4212358808031,40658,465.1870469429614,854.1004730624584,958.2066471202122,558.4040669963533,40658,268.1351680228399,528.1492308308069,591.1412377154895,333.51563988311483,582.4448216046517,895.9798681150664,636.9045843636119,838.0722045340373,503.430157408412,356.05255408029757,304.6375662422753,77.78015788793874,141.69874817323995,95.31113877178055,196.56992816076925,nan,nan,nan,1.0,2.059495371876684,4.583472858621397,1.0,0.9496044962531224,17,49.90099700396075,34.5972830380627,79.02173870351746,A0,L5,I1,T6,range_fusion,S01,X_A0_R3_L5_I1_T6__S01,,,R3
X_A0_R3_L5_I1_T7,range_ukf_screening,Phase4 L5 single-I raw-range row.,34,17,40658,563.6324362303558,867.2055425553391,983.943137888513,619.8563355582953,40658,440.217226025626,811.7868176946661,919.3562415135611,530.797032497633,40658,255.21328064245336,509.72594640586794,571.7419656536499,320.11933247378954,563.7485813013454,855.9627894767639,609.2650765198304,790.5783515434646,487.3783413341467,354.73192693928604,326.35185346200865,69.92879222949358,140.87469431084753,89.0034413842296,180.5500538778065,nan,nan,nan,1.0,2.2351831073591115,4.971922343880285,1.0,0.9496044962531224,17,50.345561365101695,50.829623232659856,78.83609100066201,A0,L5,I1,T7,range_fusion,S01,X_A0_R3_L5_I1_T7__S01,,,R3
X_A0_R3_L5_I1_T8,robust_range_ekf_screening,Phase4 L5 single-I raw-range row.,34,17,40658,648.4766851151776,1020.4965964609405,1124.1524274267315,711.8723084577879,40658,520.1532906584275,940.6202704581418,1039.4424025350977,616.9940899832324,40658,286.9579628045525,560.1526371607555,623.8209992651744,355.0781272829727,659.1157612599447,996.8464970008051,693.6903491738867,941.4909194092613,540.7945245938274,370.3023432320496,314.2730079066258,92.89208532064976,139.67030492255753,95.65729469842121,194.94548433117635,nan,nan,nan,1.0,1.683840627072305,3.913978664190003,1.0,0.9496044962531224,17,77.69866368779829,46.514632832160714,179.57754245620012,A0,L5,I1,T8,range_fusion,S01,X_A0_R3_L5_I1_T8__S01,,,R3
X_A0_R3_L5_I1_T9,session_window_factor_graph_proxy,Phase4 L5 single-I raw-range row.,34,17,40658,518.1013512421162,788.4952650120467,901.3450255117763,567.651608886593,40658,400.2764471465598,738.9728292988483,850.0697691513495,485.9809344692612,40658,229.35841214651515,476.0602093973685,531.3744503181373,293.3443035136717,517.1243653589759,777.2502004910967,538.4303356964476,717.268587876819,448.073813286333,386.1389503396356,359.20552908449986,62.17762451625754,152.16331254609756,81.62135738919073,154.87656057425124,nan,nan,nan,1.0,2.581008772949546,5.471962256283305,1.0,0.9496044962531224,17,99.75674782023991,48.56827927319006,189.023165642987,A0,L5,I1,T9,range_fusion,S01,X_A0_R3_L5_I1_T9__S01,,,R3
X_A0_R3_L5_I1_T10,full_session_batch_proxy,Phase4 L5 single-I raw-range row.,34,17,40658,458.85369963371863,693.5814824366179,817.0304190510643,504.58420811492664,40658,366.71604864914747,646.1320548517243,770.9229844222529,435.4772224547592,40658,191.7403959963251,420.30016905176,474.56112711102645,254.8819566035535,442.61161351352973,675.9290041087536,459.2826721728812,616.2312435797483,398.54263984693694,372.557972030315,324.9135106905442,62.64417050344059,146.71057810015614,88.25319693185257,168.3110447881566,nan,nan,nan,1.0,3.101613574471144,6.384740721995241,1.0,0.9496044962531224,17,99.6226084617438,46.965835710068234,132.99030995144852,A0,L5,I1,T10,range_fusion,S01,X_A0_R3_L5_I1_T10__S01,,,R3
X_A0_R3_L5_I2_T6,range_ekf_screening,Phase4 L5 single-I raw-range row.,34,17,40658,592.3829752484351,907.3900925374586,1036.5545481081135,648.317808605914,40658,464.5511205310846,837.0683824724196,965.2184259315825,556.5822587803217,40658,263.6875084122598,531.3459089506545,593.2649078391798,332.46378775224474,602.2758468963882,854.6321049584257,621.1355877133913,804.042550674658,514.6085548115082,386.3630399393141,330.53089662081754,82.8407275118293,146.47020622288258,93.63821832543906,197.7537086709109,nan,nan,nan,1.0,2.082476308915414,4.520758044803559,1.0,0.9496044962531224,17,47.39464914683856,43.62885961594691,75.32033165543747,A0,L5,I2,T6,range_fusion,S01,X_A0_R3_L5_I2_T6__S01,,,R3
X_A0_R3_L5_I2_T7,range_ukf_screening,Phase4 L5 single-I raw-range row.,34,17,40658,564.3837540822349,858.9047878269381,991.2881172873541,617.2472862377065,40658,438.31964743577237,789.4186337564178,932.9251447131722,528.481296639685,40658,250.52535204090043,510.72056055186465,573.0446616685339,318.9070890868538,568.7106983663591,833.3077599821488,603.4265213159866,748.2681301464331,496.2834202553323,390.31500829843844,350.35269435404973,72.60785399708817,148.1000250837515,89.96098495190135,174.76962013250267,nan,nan,nan,1.0,2.2808435268550227,4.924591596786014,1.0,0.9496044962531224,17,50.172639494025624,34.33392402172399,95.06439139778463,A0,L5,I2,T7,range_fusion,S01,X_A0_R3_L5_I2_T7__S01,,,R3
X_A0_R3_L5_I2_T8,robust_range_ekf_screening,Phase4 L5 single-I raw-range row.,34,17,40658,647.6264264781895,1010.2994199002308,1131.2688307615958,710.4207109319972,40658,517.8298535426666,936.6155655973886,1044.521739902541,615.6915395359473,40658,284.4099195811962,564.8097225479746,622.4077427438431,354.4312552032894,665.7617822811444,984.5749434569775,692.232109955251,934.7497375353314,544.6983592856851,391.0020576837952,346.500644244264,88.60805242618619,138.8368027804109,92.94572234422276,187.71725490802254,nan,nan,nan,1.0,1.71607954450793,3.9524262708122038,1.0,0.9496044962531224,17,66.35514526128587,47.731207685034065,111.79884896444308,A0,L5,I2,T8,range_fusion,S01,X_A0_R3_L5_I2_T8__S01,,,R3
X_A0_R3_L5_I2_T9,session_window_factor_graph_proxy,Phase4 L5 single-I raw-range row.,34,17,40658,513.1460251722865,784.1716192356968,911.398014948313,564.3768163171873,40658,399.44196648024973,718.4444545524373,870.0157590695632,482.9330561805667,40658,223.49803564622715,471.5603058993291,533.1352820968156,292.0562515071742,516.3897248835119,756.8468249505581,536.8357073596219,673.4839275705781,449.50940414825664,430.263375445251,389.45073492596254,71.36345352693178,152.24188618269386,83.75464807038031,157.20338406329915,nan,nan,nan,1.0,2.6163567598079283,5.431462316062678,1.0,0.9496044962531224,17,76.53392632867894,32.90147490364427,149.82269323565268,A0,L5,I2,T9,range_fusion,S01,X_A0_R3_L5_I2_T9__S01,,,R3
X_A0_R3_L5_I2_T10,full_session_batch_proxy,Phase4 L5 single-I raw-range row.,34,17,40658,446.7820654432321,703.3801908602054,830.4368363670734,501.30569163387173,40658,357.1831689012738,641.0907471643476,774.6644421388993,432.0399818820514,40658,185.77810336976438,413.2152409127836,471.92015687633057,254.2613822818385,440.8455240943671,644.5193883647709,457.53559525863915,583.5567000461958,388.0108121342726,352.95875869124734,293.2284657162404,71.15792131459551,155.07817343608883,87.62194488653752,172.2212029229453,nan,nan,nan,1.0,3.0504232616584335,6.176098695112373,1.0,0.9496044962531224,17,101.4069907930253,37.363512220001326,143.04894050422573,A0,L5,I2,T10,range_fusion,S01,X_A0_R3_L5_I2_T10__S01,,,R3
X_A0_R3_L5_I3_T6,range_ekf_screening,Phase4 L5 single-I raw-range row.,34,17,40658,569.1959435214649,875.9351917878014,976.1480617491671,622.5191315502786,40658,440.30625994378386,815.4593950084578,921.6327705156165,532.4434256398382,40658,256.51949755835557,512.2223077909944,583.6934793193585,322.5431252391333,566.5183405615828,834.6631487023446,598.68305912898,786.732610879041,492.92382717094904,361.9118898828717,313.2009784478091,78.07825687191229,141.38824949138504,88.0225603415575,185.3751879331693,nan,nan,nan,1.0,2.160292989129924,4.705199405837789,1.0,0.9496044962531224,17,57.89573031948893,44.40524648970228,97.34175658059242,A0,L5,I3,T6,range_fusion,S01,X_A0_R3_L5_I3_T6__S01,,,R3
X_A0_R3_L5_I3_T7,range_ukf_screening,Phase4 L5 single-I raw-range row.,34,17,40658,539.2540370598858,823.3509659707782,926.7165620179358,589.3701184530009,40658,413.85051219038996,767.3653290961398,883.4027213551193,503.0796822242553,40658,241.3377987866553,491.37784184712893,560.4582274973308,307.03089398047024,545.2664429355884,793.8499350472564,570.9918022918816,739.7075109204471,463.1597108198855,391.1829663792621,336.2147882417281,74.73174330604877,145.6164602393455,87.40187693851892,162.6349289977914,nan,nan,nan,1.0,2.3540298316192025,5.163896495804994,1.0,0.9496044962531224,17,92.55005281319347,56.64257611880828,186.33237549856003,A0,L5,I3,T7,range_fusion,S01,X_A0_R3_L5_I3_T7__S01,,,R3
X_A0_R3_L5_I3_T8,robust_range_ekf_screening,Phase4 L5 single-I raw-range row.,34,17,40658,630.1498776826695,978.8750349220139,1088.6420220754674,690.0074678239656,40658,499.5695893620814,914.5736577596717,1012.2315803253462,595.5398828739915,40658,280.67668854359965,551.2606847502706,617.5187540000602,348.4860880426556,639.4242910010913,942.0621938431043,668.7265614027048,881.5635366972404,533.7906994296388,369.4938037399236,304.72171370742655,89.5898778407464,149.19678542070213,96.20940061344913,210.9656889932795,nan,nan,nan,1.0,1.8027572581848028,4.110301111682046,1.0,0.9496044962531224,17,50.59098103622534,42.18585740639685,78.7485594729993,A0,L5,I3,T8,range_fusion,S01,X_A0_R3_L5_I3_T8__S01,,,R3
X_A0_R3_L5_I3_T9,session_window_factor_graph_proxy,Phase4 L5 single-I raw-range row.,34,17,40658,484.93425841429917,745.6234672275651,849.1230807961098,533.6485175264845,40658,373.5800758416749,691.0262297134769,817.3066532014308,455.9789476996414,40658,212.06530116276252,448.59385851487565,515.6062243898843,277.24346613210247,489.1840703100914,721.058748579725,502.53512088720225,650.2522649636985,416.6172473817577,338.8452805995845,280.70345789429786,68.39358921348423,152.74073553646573,91.74006196342452,184.4068183163675,nan,nan,nan,1.0,2.7858046742432414,5.817558992993531,1.0,0.9496044962531224,17,104.44095674199357,43.0311966388781,254.1104263175424,A0,L5,I3,T9,range_fusion,S01,X_A0_R3_L5_I3_T9__S01,,,R3
X_A0_R3_L5_I3_T10,full_session_batch_proxy,Phase4 L5 single-I raw-range row.,34,17,40658,416.72143932147776,656.9704644855382,780.0980806612768,469.63687786242156,40658,328.89942556415394,609.216023331989,750.9737732210251,405.33558394914763,40658,176.6467260298856,389.38267946509484,448.1728319834329,237.19582929083424,399.5169074603946,635.5013294765954,427.93756343562757,572.7052166951081,367.40867398100215,323.5752184601024,264.4202880327315,76.66780384572826,139.57920477389254,95.48422901715288,174.46324401108393,nan,nan,nan,1.0,3.1853841685962214,6.486317357419733,1.0,0.9496044962531224,17,134.50551033565242,38.293153922550175,178.0122581207952,A0,L5,I3,T10,range_fusion,S01,X_A0_R3_L5_I3_T10__S01,,,R3
X_A0_R3_L5_I4_T6,range_ekf_screening,Phase4 L5 single-I raw-range row.,34,17,40658,555.5268559914443,852.2269110369834,962.376138747691,608.3546132442975,40658,433.4031966077788,792.964499313668,903.6365975564761,519.9801735681034,40658,253.7578300689629,503.2740712101708,569.0533829922191,315.77833135239644,550.318282586434,820.251617157092,579.6102197791013,760.1040397900144,471.24874922629755,356.93148433544286,327.0773432303473,86.0647562221493,141.38879096601096,86.21852222007564,177.54657954469712,nan,nan,nan,1.0,2.28610971785205,5.026814743118044,1.0,0.9496044962531224,17,56.63187832783076,47.49875928845236,91.69919167454483,A0,L5,I4,T6,range_fusion,S01,X_A0_R3_L5_I4_T6__S01,,,R3
X_A0_R3_L5_I4_T7,range_ukf_screening,Phase4 L5 single-I raw-range row.,34,17,40658,520.8260904315275,803.5815520134107,911.5782496852752,574.1270880260838,40658,405.9890060332692,748.4105517775419,865.781860112394,490.11543615825883,40658,239.0546195254547,479.00567095205713,544.5188021528033,299.0129971166978,517.30285712912,781.1434370636505,553.8008179806214,722.5502649837474,446.3507466055031,388.3309920061438,356.7150288024028,84.51451836773646,145.707297039208,78.26124224976967,161.78203940223045,nan,nan,nan,1.0,2.4889296826004617,5.393572711710008,1.0,0.9496044962531224,17,90.89215158198114,45.99208790433866,177.45945685629684,A0,L5,I4,T7,range_fusion,S01,X_A0_R3_L5_I4_T7__S01,,,R3
X_A0_R3_L5_I4_T8,robust_range_ekf_screening,Phase4 L5 single-I raw-range row.,34,17,40658,621.6791262010761,963.036030738083,1068.3382025773562,679.1778346897098,40658,492.87044905046696,893.7495229892929,987.9876738798766,585.3703552154512,40658,278.83075549723765,544.8779377849092,609.1606374606097,344.4184640357413,631.1700703535092,958.521159081984,661.5148730331971,866.5644812865887,512.2785730567757,349.66123437886404,289.1163281331808,94.53357901036503,148.674358229694,98.10024148444423,208.54776476738675,nan,nan,nan,1.0,1.8547523768838874,4.192060809740771,1.0,0.9496044962531224,17,46.59366490333439,34.51633382179631,73.43222334850648,A0,L5,I4,T8,range_fusion,S01,X_A0_R3_L5_I4_T8__S01,,,R3
X_A0_R3_L5_I4_T9,session_window_factor_graph_proxy,Phase4 L5 single-I raw-range row.,34,17,40658,466.43205521573225,724.0101740040441,834.7734370445174,517.195443520893,40658,361.70716108940593,674.4978258207522,787.7657121335709,442.6416183087449,40658,211.25129389544418,435.13163574664213,495.2360208893827,267.5061205650978,470.92387416581744,705.4731454720134,497.65180784775475,649.1047696000071,411.2475429877192,352.3687174083085,304.444891495312,86.65214686929431,162.26731650691553,84.69063903713091,157.49810162280278,nan,nan,nan,1.0,2.81370495604127,5.939709660877275,1.0,0.9496044962531224,17,110.65968920491822,53.017453412998066,263.9547850328067,A0,L5,I4,T9,range_fusion,S01,X_A0_R3_L5_I4_T9__S01,,,R3
X_A0_R3_L5_I4_T10,full_session_batch_proxy,Phase4 L5 single-I raw-range row.,34,17,40658,400.8832450218792,641.930839244297,757.3062687055966,452.04108603782356,40658,317.068042656137,597.0962219314874,707.8032232725512,391.4538777314063,40658,172.76346478490098,375.03405886922263,423.70910664155883,226.0641614128612,398.58170361626344,596.8898641438317,425.7088576410416,554.6484918653773,371.5469324184415,317.59510876022534,280.94954447845726,84.08723911746495,150.0838115485612,92.4509834190164,161.6959452509845,nan,nan,nan,1.0,3.1017635366596306,6.678646116325808,1.0,0.9496044962531224,17,190.89735020147094,49.689025721048495,310.5543218855752,A0,L5,I4,T10,range_fusion,S01,X_A0_R3_L5_I4_T10__S01,,,R3
X_A0_R3_L5_I5_T6,range_ekf_screening,Phase4 L5 single-I raw-range row.,34,17,40658,502.97156274966466,763.0357911090662,874.6862024186137,548.6368614034479,40658,383.50281006696304,714.1025373020021,829.7502801730652,467.30385669722745,40658,223.1116679007721,466.55539807301807,525.3212556724885,287.45349398906825,509.36136303424394,751.7715660662539,528.284008806688,667.4768819972908,441.6782623646075,368.11268709837873,318.534984194658,74.92185484358276,148.5509287920756,78.22687755343676,143.6328362424893,nan,nan,nan,1.0,2.670947261380862,5.616534501142838,1.0,0.9496044962531224,17,93.12192008196003,35.90500078691153,169.52356769902184,A0,L5,I5,T6,range_fusion,S01,X_A0_R3_L5_I5_T6__S01,,,R3
X_A0_R3_L5_I5_T7,range_ukf_screening,Phase4 L5 single-I raw-range row.,34,17,40658,466.5154968301607,711.0768677039615,815.8241037103302,511.9958621825201,40658,355.80727560853813,668.1940921239487,780.7993233170907,436.576567419279,40658,205.67383959557588,436.9351054432863,495.16245516618426,267.47086509080174,472.33526678237075,697.1232141969065,496.5341564914165,620.914165051794,410.75191080898236,337.12718362776144,300.1282555137917,75.28651200347133,156.96422514681998,82.74729190999963,150.60927103046345,nan,nan,nan,1.0,2.922893626007076,5.842334149210304,1.0,0.9496044962531224,17,111.26017465430986,37.100903467417396,251.2039763705941,A0,L5,I5,T7,range_fusion,S01,X_A0_R3_L5_I5_T7__S01,,,R3
X_A0_R3_L5_I5_T8,robust_range_ekf_screening,Phase4 L5 single-I raw-range row.,34,17,40658,576.5786987785116,875.8124713192401,996.5948435542388,627.7651651750272,40658,447.4252695239264,820.9860432828525,919.8293550396118,537.0604742411125,40658,256.64227159394727,519.4495223827779,578.3754880338143,325.0463807138,573.5703825098201,853.0960825911525,601.4347302017253,799.430547007845,505.68401355083427,360.6228703499257,312.8386443527829,85.79461900835935,135.98909614283696,89.33182414730462,190.5869877821655,nan,nan,nan,1.0,2.1578469001856924,4.643561070948716,1.0,0.9496044962531224,17,45.91983740351783,36.30293846008925,81.39725794799064,A0,L5,I5,T8,range_fusion,S01,X_A0_R3_L5_I5_T8__S01,,,R3
X_A0_R3_L5_I5_T9,session_window_factor_graph_proxy,Phase4 L5 single-I raw-range row.,34,17,40658,407.90102757210025,631.2207023395435,726.9845299856604,454.4787738617546,40658,315.5090009982847,595.1601715764016,692.8046966368507,389.96306197145924,40658,175.26490828579767,386.23276136157085,439.4268987410862,233.40901051314978,404.2520671025811,609.2363311607476,428.9690227617435,547.748974879841,362.65421555625267,318.09632869272264,278.64704221338496,63.992614079523946,151.67634900532533,84.52952753189398,156.9417826516398,nan,nan,nan,1.0,3.227508680381166,6.343654852958785,1.0,0.9496044962531224,17,128.93582289272504,37.975036772049975,217.02855966294305,A0,L5,I5,T9,range_fusion,S01,X_A0_R3_L5_I5_T9__S01,,,R3
X_A0_R3_L5_I5_T10,full_session_batch_proxy,Phase4 L5 single-I raw-range row.,34,17,40658,346.1598907469392,552.8256733187666,650.5298893743469,394.0650156048165,40658,274.3561892038764,518.9700654672947,626.6019181005338,342.56375511503956,40658,137.64417132294602,326.117537348661,371.88676305360644,194.7750245927528,335.987022804582,528.2595100512435,361.81656776996476,463.84184497647357,311.91399894248497,309.68732877772266,253.81085547243424,69.34800797522541,131.32426400018593,82.43781812430375,148.75509775212947,nan,nan,nan,1.0,3.574137482129201,6.843157212019684,1.0,0.9496044962531224,17,141.63591111497144,37.42935465900746,219.2299582667569,A0,L5,I5,T10,range_fusion,S01,X_A0_R3_L5_I5_T10__S01,,,R3
X_A0_R3_L5_I6_T6,range_ekf_screening,Phase4 L5 single-I raw-range row.,34,17,40658,522.922136487262,809.0455266673571,926.2964194897019,577.1032225253006,40658,404.27618554025577,750.2403416165454,868.8741547288764,491.4101614637014,40658,239.59287346668043,486.36305074248156,543.302039713492,302.59574131059014,524.5313138703821,784.6902436687853,550.9700657713474,721.913172467159,465.21937774814,366.695907856808,345.7534051474463,76.62300755262771,144.71941102438407,85.52167604072699,174.62158284713203,nan,nan,nan,1.0,2.5122174141131506,5.395722200900424,1.0,0.9496044962531224,17,93.43950298740823,57.88624641705235,182.76958000692179,A0,L5,I6,T6,range_fusion,S01,X_A0_R3_L5_I6_T6__S01,,,R3
X_A0_R3_L5_I6_T7,range_ukf_screening,Phase4 L5 single-I raw-range row.,34,17,40658,489.0977726308797,757.825557842356,877.723575354979,541.5383153020322,40658,376.70474358871536,701.2472680107608,829.1747960066945,460.7330950607008,40658,222.31732047944172,460.23775241060423,517.2604297495608,284.5852456750885,491.3238621633335,729.8104168655755,518.2977668835413,685.1297743883177,431.5430782319371,348.1394188145856,292.0196930641562,72.80804347518148,144.73682387531272,88.18474666021837,162.6709082150797,nan,nan,nan,1.0,2.756444202415727,5.828572905962176,1.0,0.9496044962531224,17,99.2935436829083,51.07912091628157,202.05916024365,A0,L5,I6,T7,range_fusion,S01,X_A0_R3_L5_I6_T7__S01,,,R3
X_A0_R3_L5_I6_T8,robust_range_ekf_screening,Phase4 L5 single-I raw-range row.,34,17,40658,594.3155648494503,923.9662457022353,1035.2152387316778,652.5027008034685,40658,467.6045832139436,856.315147550027,952.9324820664344,559.7264947056688,40658,271.2945233755225,531.5570093244927,591.6163762316918,335.3595468751796,598.9377974254694,888.8213221560684,633.9448982919063,838.8803887332743,512.6707404010868,359.961182101852,292.17134248012655,82.03119001200258,142.78157059990681,93.90548175793957,189.106979445906,nan,nan,nan,1.0,2.0714853871424865,4.4570775466658485,1.0,0.9496044962531224,17,50.496927960601916,50.679635858902486,78.03337326703002,A0,L5,I6,T8,range_fusion,S01,X_A0_R3_L5_I6_T8__S01,,,R3
X_A0_R3_L5_I6_T9,session_window_factor_graph_proxy,Phase4 L5 single-I raw-range row.,34,17,40658,431.7735233561074,683.9017954192502,793.4532577441909,484.31010199338795,40658,334.1065236779,626.9787809508216,752.6035905905791,412.94468388922724,40658,193.78158882377704,412.048133744229,465.5690879396965,253.0473531584001,422.217292937464,639.5219503759648,454.3564679868565,605.6688653966264,377.18486634304855,298.2283613945066,275.1541412088808,68.81094566495614,149.93108549028418,82.25143030871483,148.4402527759583,nan,nan,nan,1.0,3.1446643746726637,6.1522509178229665,1.0,0.9496044962531224,17,175.78381328030028,44.20898572172564,257.76855785073974,A0,L5,I6,T9,range_fusion,S01,X_A0_R3_L5_I6_T9__S01,,,R3
X_A0_R3_L5_I6_T10,full_session_batch_proxy,Phase4 L5 single-I raw-range row.,34,17,40658,368.75809765354745,604.295315363622,723.7201959787143,422.35725195827666,40658,289.7268687244725,548.7766280022402,671.5213365471916,362.51895462786314,40658,163.12584644033006,349.7304468654872,395.778650628442,216.7156104605031,361.71647463844687,551.0960555199503,382.65030275337153,516.538748390816,319.5279834110588,265.8046321399868,250.401332626932,67.30665535520279,139.09736583509556,79.66781340631236,144.88188071841768,nan,nan,nan,1.0,3.5425765922915753,6.891830680359245,1.0,0.9496044962531224,17,296.54290657468425,47.601926365509485,303.56467085516636,A0,L5,I6,T10,range_fusion,S01,X_A0_R3_L5_I6_T10__S01,,,R3
X_A0_R3_L5_I7_T6,range_ekf_screening,Phase4 L5 single-I raw-range row.,34,17,40658,584.9676374931237,909.1797735283279,1024.2591092972123,644.6467011779683,40658,459.6409506771174,843.7974947119804,954.333680178687,552.4180635161043,40658,261.2546250625756,533.4073874495216,598.2731032365714,332.27045074871484,587.5948780029318,874.5344257788045,616.8966624543041,802.1242020234383,494.7752210245776,348.05878460802944,298.6296276707223,86.18233721937912,148.95886643276197,97.4775429090582,192.6162067546462,nan,nan,nan,1.0,2.1262290705412568,4.585301585863286,1.0,0.9496044962531224,17,49.62647510140784,33.99801563452684,91.52663298512556,A0,L5,I7,T6,range_fusion,S01,X_A0_R3_L5_I7_T6__S01,,,R3
X_A0_R3_L5_I7_T7,range_ukf_screening,Phase4 L5 single-I raw-range row.,34,17,40658,554.2334464866177,862.3015056168447,985.0683777360724,613.5575577845871,40658,432.6889126533822,798.5960112777313,917.2042774819756,524.2193886235397,40658,246.32560833106663,514.6602079076923,580.4720738894025,318.82112430914805,551.9904687754686,849.8355359614154,579.0983764672578,753.1081097374913,475.1969863618879,362.03214474839797,322.9592493380977,82.37739091180435,142.32159312619623,91.96256420122562,175.29968770898319,nan,nan,nan,1.0,2.285353080087627,5.024895259533254,1.0,0.9496044962531224,17,68.80533421220137,46.34332258996261,115.10616449605693,A0,L5,I7,T7,range_fusion,S01,X_A0_R3_L5_I7_T7__S01,,,R3
X_A0_R3_L5_I7_T8,robust_range_ekf_screening,Phase4 L5 single-I raw-range row.,34,17,40658,642.2201976960296,1010.0364789309244,1115.3027365053479,707.4341967183568,40658,517.73259895777,936.2000869795116,1033.7145493072856,612.3111915722268,40658,284.0781841276129,562.9377076987254,628.4080083326934,354.31362852979095,648.5849142340307,982.8459613446128,700.9698051501931,921.6294462976715,537.8850950531795,377.53825160148256,317.08627367935895,95.47192910128342,142.24880755417033,94.53712949122391,198.08387794695363,nan,nan,nan,1.0,1.71394477339615,3.9836559278769026,1.0,0.9496044962531224,17,70.49595966640608,50.113722525942904,110.19605038253191,A0,L5,I7,T8,range_fusion,S01,X_A0_R3_L5_I7_T8__S01,,,R3
X_A0_R3_L5_I7_T9,session_window_factor_graph_proxy,Phase4 L5 single-I raw-range row.,34,17,40658,501.12510231980036,795.5504412760605,907.3466461545369,561.2636845249501,40658,389.5786724020262,730.1539079180351,853.2731163505649,478.89152364233166,40658,217.52175282737682,479.5407806667748,542.6098652278537,292.71117530775757,494.6561598395982,757.0995610681756,519.688921380203,691.0683707495214,438.5996097469847,337.6880040946976,303.1105850836934,74.2130987826772,162.4912914337913,96.21084651681514,178.7517667422266,nan,nan,nan,1.0,2.698905245971195,5.768408332642926,1.0,0.9496044962531224,17,84.85981608430842,54.21121360731138,166.63002954047985,A0,L5,I7,T9,range_fusion,S01,X_A0_R3_L5_I7_T9__S01,,,R3
X_A0_R3_L5_I7_T10,full_session_batch_proxy,Phase4 L5 single-I raw-range row.,34,17,40658,440.7887053325088,718.1822146026379,849.5389807185675,501.6517554269159,40658,346.3111897700783,656.5727986403159,783.5455481057936,430.44034176462554,40658,182.1757028975644,427.3135694801237,488.7496727189518,257.6346170538008,431.2896536790639,677.4446082580239,451.9328511244243,619.4578960197827,398.7516680963703,331.0514105787849,292.64173532834354,68.60079870867412,161.12641125467886,95.34030748119375,173.499681059045,nan,nan,nan,1.0,3.202946758178416,6.479636172099687,1.0,0.9496044962531224,17,92.01998261082751,51.31507290090806,187.82268629017173,A0,L5,I7,T10,range_fusion,S01,X_A0_R3_L5_I7_T10__S01,,,R3
X_A0_R3_L5_I8_T6,range_ekf_screening,Phase4 L5 single-I raw-range row.,34,17,40658,539.5359242073845,835.2954679106291,954.9664943955217,593.0309423135037,40658,414.4509525408364,780.3356443230236,905.9355414490935,507.02449248743244,40658,243.6321042414899,494.344554884322,551.881519500889,307.5904136332985,533.8326785192888,802.5888367336559,568.9137207325405,728.0665958428428,474.3049461693804,400.4265341234142,341.31492645587,77.56372808463857,144.16681543709947,88.19302536769251,164.92280331315345,nan,nan,nan,1.0,2.4584507222434246,5.076321088211246,1.0,0.9496044962531224,17,77.95687638586345,53.45742396799827,129.6176881230947,A0,L5,I8,T6,range_fusion,S01,X_A0_R3_L5_I8_T6__S01,,,R3
X_A0_R3_L5_I8_T7,range_ukf_screening,Phase4 L5 single-I raw-range row.,34,17,40658,506.3917623407628,790.733015528717,908.951118088079,559.786604216763,40658,387.15040087673486,735.582476693699,867.570182500628,478.84380124922495,40658,227.24152070231355,468.7390465469078,526.3717784506433,289.94767849687577,515.6768384511909,758.9363026615036,533.4673284175499,682.8024152139208,445.51164011150524,384.57913776849784,313.97726405992535,78.20807465772555,144.76493368161778,79.33827292828198,153.09903501828535,nan,nan,nan,1.0,2.703579335605754,5.443497231201102,1.0,0.9496044962531224,17,101.75256014626063,39.469676272599656,193.18202715828107,A0,L5,I8,T7,range_fusion,S01,X_A0_R3_L5_I8_T7__S01,,,R3
X_A0_R3_L5_I8_T8,robust_range_ekf_screening,Phase4 L5 single-I raw-range row.,34,17,40658,608.1050846953888,944.0872102906111,1053.489673952886,664.4432763225791,40658,476.49589578745645,876.8441835047472,981.8778997790156,571.5756319966569,40658,272.4895945779753,540.9155231584461,598.584173645396,338.801069003487,612.1113089410038,912.8829953111435,644.2715133445998,844.077774881346,521.2623860415472,352.49161068607833,294.99037991616785,82.21258307012283,137.3760573886248,97.26573910405051,205.49695204309864,nan,nan,nan,1.0,1.98923457510841,4.415129737961426,1.0,0.9496044962531224,17,49.29842289588794,44.16006401905622,74.91817699595404,A0,L5,I8,T8,range_fusion,S01,X_A0_R3_L5_I8_T8__S01,,,R3
X_A0_R3_L5_I8_T9,session_window_factor_graph_proxy,Phase4 L5 single-I raw-range row.,34,17,40658,452.8895238716573,715.5785537997967,843.7708319859255,507.16215591097676,40658,347.0988758473937,671.8759751373918,803.6482401320899,436.5980369264724,40658,197.54910479731717,419.8982393808517,475.88361066710763,258.06124571547076,443.77480410471725,672.6256946829604,477.3429606185183,624.730414753146,394.68947193310714,316.42717909559735,289.93040132788525,77.71556572937641,153.94462029739276,86.76261904104321,167.52128718207393,nan,nan,nan,1.0,3.0531030114651103,6.056032479153885,1.0,0.9496044962531224,17,112.66238295751414,49.413497410473326,196.3240667943849,A0,L5,I8,T9,range_fusion,S01,X_A0_R3_L5_I8_T9__S01,,,R3
X_A0_R3_L5_I8_T10,full_session_batch_proxy,Phase4 L5 single-I raw-range row.,34,17,40658,396.5789554283648,645.9338801251188,791.8898458264771,453.5290152976936,40658,314.5210449614826,609.4808443494536,750.0160916420081,397.07273523016414,40658,160.4659758964201,356.46721553844,414.06872219274703,219.13879312830844,390.9862081582745,587.766440481968,408.9940598945843,556.0734506101005,337.21128484058465,286.4708774903047,271.60996512681857,87.98102102100574,132.857111867431,101.34895881386532,182.33948564706662,nan,nan,nan,1.0,3.5086428248233306,6.9135974011864,1.0,0.9496044962531224,17,230.85958063661667,45.80818870514804,301.97045555523687,A0,L5,I8,T10,range_fusion,S01,X_A0_R3_L5_I8_T10__S01,,,R3
X_A0_R4_L5_I0_T6,range_ekf_screening,Phase4 L5 single-I raw-range row.,34,17,40658,663.7463891987702,1046.3061086020746,1150.959577690887,729.4497507334344,40658,530.7350259958876,965.7906354027091,1067.551997366448,632.9648384354028,40658,286.95323007560717,577.2201387232577,639.2038413571564,362.56372150218493,677.4553579532965,1069.6147269889514,710.0856027021061,965.6157925487901,568.2010284232172,373.86301089197184,287.63153265734076,104.37071036039902,128.7584310620628,100.45258020430445,198.74090877756834,nan,nan,nan,1.0,0.9792569556993438,2.316788462293017,1.0,0.9496044962531224,17,81.28264388462387,41.706574579726436,196.44633020785116,A0,L5,I0,T6,range_fusion,S01,X_A0_R4_L5_I0_T6__S01,,,R4
X_A0_R4_L5_I0_T7,range_ukf_screening,Phase4 L5 single-I raw-range row.,34,17,40658,642.2920261877867,1008.9164558783789,1114.8472650480246,705.6100493944268,40658,509.61823454218563,926.4880644915045,1029.8893582890034,608.8190791498774,40658,281.2726939834375,570.932157059582,632.5854598872596,356.68595524564853,639.2852331961474,1004.3693423778185,686.6310687190343,917.5259349327739,566.9861093985137,367.0106887115667,299.1196417609299,110.50985783621218,153.45895911610774,94.48596220566793,191.78959322129248,nan,nan,nan,1.0,1.068656632469152,2.510901003348934,1.0,0.9496044962531224,17,67.01198897245622,46.90646362077453,132.52629628748784,A0,L5,I0,T7,range_fusion,S01,X_A0_R4_L5_I0_T7__S01,,,R4
X_A0_R4_L5_I0_T8,robust_range_ekf_screening,Phase4 L5 single-I raw-range row.,34,17,40658,704.2766414330135,1107.813756607069,1214.2956520211328,770.5495673555034,40658,570.3626751832174,1027.7373476365913,1133.4411173261112,675.2341596741373,40658,296.8940686183319,586.1350522189466,650.5636158493752,371.22158525726246,716.8113205206453,1158.3993321914145,767.6615020261117,1058.3886888595048,572.9815421376029,373.6487287334096,291.56568824261876,103.38812851561624,134.31279133590792,112.42744074460373,239.06284951095378,nan,nan,nan,1.0,0.8442623534916414,2.184395994933981,1.0,0.9496044962531224,17,53.7694101093159,34.53613791488101,94.77827086274925,A0,L5,I0,T8,range_fusion,S01,X_A0_R4_L5_I0_T8__S01,,,R4
X_A0_R4_L5_I0_T9,session_window_factor_graph_proxy,Phase4 L5 single-I raw-range row.,34,17,40658,603.0115488402403,936.6314537676413,1048.6586453232605,660.851710872072,40658,469.3431320047821,857.6852963948556,966.8960302032486,564.6180228073039,40658,265.9662844167973,556.1882718585922,621.5272571940617,343.41152002184714,614.962717487997,919.7279835890531,634.8124615952918,835.2357656711711,555.119889970659,336.10616339977196,253.22993687461752,104.45847018280108,138.6955292492112,100.26504290657311,203.43113936860055,nan,nan,nan,1.0,1.224763417123333,2.778868741454911,1.0,0.9496044962531224,17,60.193718835390136,56.821797054777505,95.65372361423658,A0,L5,I0,T9,range_fusion,S01,X_A0_R4_L5_I0_T9__S01,,,R4
X_A0_R4_L5_I0_T10,full_session_batch_proxy,Phase4 L5 single-I raw-range row.,34,17,40658,543.0924328710763,855.3117332115518,965.5774668649498,600.6788160157589,40658,417.46713810007464,764.5717962228966,897.2684948112008,507.6515335113457,40658,239.51857395853233,530.8706321396874,596.7960262709505,321.09961154394585,544.9920848290814,847.4608862760688,576.2239658763483,749.96383330273,521.6567605865798,307.0367218092815,269.80887379940225,121.76909687454292,160.15143159121396,95.4637977950955,199.73243559696397,nan,nan,nan,1.0,1.4687360032184573,3.4200828655196203,1.0,0.9496044962531224,17,69.32771647636946,60.90236335134449,122.49122122376049,A0,L5,I0,T10,range_fusion,S01,X_A0_R4_L5_I0_T10__S01,,,R4
X_A0_R4_L5_I1_T6,range_ekf_screening,Phase4 L5 single-I raw-range row.,34,17,40658,549.5760378694879,843.7348161312183,960.1361896099747,604.5432259678154,40658,427.806971496496,791.5340787722738,899.2673390190993,517.2415532917055,40658,248.8713334961535,501.3157447635286,560.617840197561,312.9435853503901,550.6796631153361,836.2861363871523,590.6294271595893,769.0765406537564,477.11819340838144,370.34294899485076,336.05159813894363,67.95472051658851,142.23447360034902,87.30455701951678,168.60976247026326,nan,nan,nan,1.0,1.4153135909257815,3.125033618129206,1.0,0.9496044962531224,17,62.31728273706512,57.0771534442633,109.23654782566265,A0,L5,I1,T6,range_fusion,S01,X_A0_R4_L5_I1_T6__S01,,,R4
X_A0_R4_L5_I1_T7,range_ukf_screening,Phase4 L5 single-I raw-range row.,34,17,40658,521.6737731771642,795.6633289519434,909.8822497967539,572.2459615477386,40658,402.95643358232326,745.8781812522747,856.9931488332722,489.64051208023864,40658,231.76391367172369,479.2203326838335,534.9338694705988,296.171587829585,521.3944703535421,784.1108556868554,543.5614451748198,725.9860048904319,452.3070193638694,368.65591493990956,349.96849628572045,63.71558921062342,150.38634542773383,84.03851985773017,159.5986105303551,nan,nan,nan,1.0,1.565181606053456,3.4217001635612077,1.0,0.9496044962531224,17,100.9419320842302,46.14092616912416,187.29941545415267,A0,L5,I1,T7,range_fusion,S01,X_A0_R4_L5_I1_T7__S01,,,R4
X_A0_R4_L5_I1_T8,robust_range_ekf_screening,Phase4 L5 single-I raw-range row.,34,17,40658,611.6005159474062,953.5050177843117,1061.0555958382947,672.9181696935532,40658,484.95098920803116,887.3362606230311,986.9818033380325,579.3291062274952,40658,276.64233902422956,541.6115282995729,604.1906821017371,342.3399622909561,610.731418289158,926.7322331335295,656.7213658747332,873.2293015292988,515.1410053010277,352.6123334669168,283.33144683991816,84.1146796016435,145.53216235166946,98.06438765119432,204.28569749683973,nan,nan,nan,1.0,1.1684746541050814,2.632234866917898,1.0,0.9496044962531224,17,48.50250517526318,37.02529030350104,81.80204711676227,A0,L5,I1,T8,range_fusion,S01,X_A0_R4_L5_I1_T8__S01,,,R4
X_A0_R4_L5_I1_T9,session_window_factor_graph_proxy,Phase4 L5 single-I raw-range row.,34,17,40658,474.6202801814806,717.7212377559122,839.0889752301863,520.5036600795034,40658,373.80678025989425,669.2745419910373,792.6578663040202,447.5531091696867,40658,202.68818298796498,435.9303934656869,491.15632814482433,265.74475465887525,463.56927130762836,700.9836012694268,476.17861595728493,642.9414799141393,411.91117983063975,349.9965571191191,307.8172812344564,58.4449888679801,143.92748689654783,91.22487550290828,160.3884030994942,nan,nan,nan,1.0,1.8166756322021995,3.8167580298821,1.0,0.9496044962531224,17,91.8355338994699,44.166678649768016,193.61336020458677,A0,L5,I1,T9,range_fusion,S01,X_A0_R4_L5_I1_T9__S01,,,R4
X_A0_R4_L5_I1_T10,full_session_batch_proxy,Phase4 L5 single-I raw-range row.,34,17,40658,419.18523404481067,651.0831201678494,777.1351163833756,467.68666098667325,40658,343.5618239903331,607.1496722539955,728.1070456790844,407.69562315988355,40658,167.1213930886355,380.41057134464864,430.2167896167635,229.1617152168696,398.5569019491959,620.7120539667553,418.95098659466225,580.5492359574425,373.99879309252776,340.5431632807805,306.0855306559706,69.39596726129878,133.97759611507578,100.00895375161177,179.77146122022046,nan,nan,nan,1.0,2.0520195192300443,4.181280627851032,1.0,0.9496044962531224,17,196.05813133859377,51.42230160486173,217.6309056030701,A0,L5,I1,T10,range_fusion,S01,X_A0_R4_L5_I1_T10__S01,,,R4
X_A0_R4_L5_I2_T6,range_ekf_screening,Phase4 L5 single-I raw-range row.,34,17,40658,549.5906796603701,836.6637286563322,968.9185551432456,601.6056415485058,40658,425.54559421076306,768.287188830994,917.1133459482276,514.6162932934303,40658,242.80423899627198,499.5310319790125,562.1363271246418,311.60779614752795,553.2746182708224,814.4053444535409,586.6872683691522,722.1861659451865,483.54344931655623,392.1059345170081,371.71026767188084,67.28081589562373,146.6899045621689,92.69162567924224,175.54846243530943,nan,nan,nan,1.0,1.4514959038702964,3.0643256827972776,1.0,0.9496044962531224,17,62.89025835894994,42.343667309685515,105.57387354732447,A0,L5,I2,T6,range_fusion,S01,X_A0_R4_L5_I2_T6__S01,,,R4
X_A0_R4_L5_I2_T7,range_ukf_screening,Phase4 L5 single-I raw-range row.,34,17,40658,517.4796622826564,790.7501371403014,920.4104996954087,568.8682500537068,40658,402.11105620641507,725.2728975927694,878.2876520385596,486.5119087189193,40658,226.4035845053702,475.0738373502519,537.4995529732386,294.81731393159504,521.4805115350241,764.9593657163623,542.4656009195887,676.8094507064293,453.9533414902053,405.36338239296526,387.7821590485206,70.75847812127716,151.4742038863141,84.46443012477803,158.46560731687606,nan,nan,nan,1.0,1.5762329399821697,3.307641983964536,1.0,0.9496044962531224,17,82.69689186915755,35.034962335193114,175.43448388881131,A0,L5,I2,T7,range_fusion,S01,X_A0_R4_L5_I2_T7__S01,,,R4
X_A0_R4_L5_I2_T8,robust_range_ekf_screening,Phase4 L5 single-I raw-range row.,34,17,40658,612.2834320585249,943.8690832921623,1071.3202925528044,671.1065389990313,40658,483.9487128616942,875.2831929820276,990.4015376271839,577.7751347487766,40658,272.0809763525534,544.9507691147146,605.0533069812013,341.40867058891644,631.7071173396803,895.140222351414,652.5342831541823,839.0740263447906,525.4013131319905,361.8770086858074,301.9043950850147,78.91166812659196,145.05519560516893,95.15725204980302,207.26823054755732,nan,nan,nan,1.0,1.190325207076131,2.6031963493841888,1.0,0.9496044962531224,17,49.290644295362625,40.674989599243645,76.51377577606122,A0,L5,I2,T8,range_fusion,S01,X_A0_R4_L5_I2_T8__S01,,,R4
X_A0_R4_L5_I2_T9,session_window_factor_graph_proxy,Phase4 L5 single-I raw-range row.,34,17,40658,463.1974387589952,725.8119725131149,848.3375426638543,516.9141627145964,40658,367.21228765548625,659.6350182849354,797.142304457345,443.94486192775423,40658,196.93870998698617,430.0793633601286,489.5817214519122,264.78899369664043,459.1063415705103,665.9772271114476,479.772547137817,598.9899464296764,406.38141436145725,365.2335657383418,293.11595950965625,73.40849033751147,149.31845661961697,95.86710488412882,184.17466930672225,nan,nan,nan,1.0,1.7925376976537992,3.7331361769394213,1.0,0.9496044962531224,17,82.41799797231343,33.28697377734295,126.76908289803188,A0,L5,I2,T9,range_fusion,S01,X_A0_R4_L5_I2_T9__S01,,,R4
X_A0_R4_L5_I2_T10,full_session_batch_proxy,Phase4 L5 single-I raw-range row.,34,17,40658,406.8894812080648,662.9331258070831,796.7829261596346,464.3395981755391,40658,328.8930696922981,596.8732929469705,744.7920307331148,403.63587343541377,40658,160.2169564172013,372.5215472354045,435.1864943478528,229.5415955983833,395.83002005962715,597.5972358359106,412.7880532764202,531.277595911595,343.74642246166565,353.173797320601,287.6027862147901,60.64636806649855,131.69482594613072,88.47252984296529,165.8099196929047,nan,nan,nan,1.0,2.044073190910439,4.208690981857718,1.0,0.9496044962531224,17,197.118289041822,46.449083560299755,222.61700744059144,A0,L5,I2,T10,range_fusion,S01,X_A0_R4_L5_I2_T10__S01,,,R4
X_A0_R4_L5_I3_T6,range_ekf_screening,Phase4 L5 single-I raw-range row.,34,17,40658,522.9015416524136,800.1335620534534,904.9958496666366,572.640829353906,40658,401.2053392234608,744.1721459194064,864.8404843761982,488.5367883089743,40658,232.86927036295134,479.12976269716364,548.1386959668844,298.7462567328364,533.821566684506,774.5027746753899,553.2199034651051,712.5121140443,446.6996718646275,365.72008075923793,328.04247381639095,69.07816328043805,154.03692350411245,84.84877258319972,168.6307604243462,nan,nan,nan,1.0,1.4896647152364633,3.373693361348426,1.0,0.9496044962531224,17,108.03701555216026,53.42795087637293,206.03946937419764,A0,L5,I3,T6,range_fusion,S01,X_A0_R4_L5_I3_T6__S01,,,R4
X_A0_R4_L5_I3_T7,range_ukf_screening,Phase4 L5 single-I raw-range row.,34,17,40658,489.0861032112886,751.8815325361744,858.5899681072257,538.1380818198013,40658,376.36470582526107,697.5466208658369,825.2976757906778,459.46838596834334,40658,215.03446346523776,452.96614856768434,519.5538668600545,280.1453147927708,494.55769624614703,728.1953907316644,509.0958894072235,658.2792323465561,419.79539949282275,337.6504338570065,288.949148594274,68.46373333945763,150.26999653540494,95.14164706209564,185.4002119775341,nan,nan,nan,1.0,1.6750071004263143,3.5710611429040227,1.0,0.9496044962531224,17,106.24966515074061,42.81754603431136,249.7720360589624,A0,L5,I3,T7,range_fusion,S01,X_A0_R4_L5_I3_T7__S01,,,R4
X_A0_R4_L5_I3_T8,robust_range_ekf_screening,Phase4 L5 single-I raw-range row.,34,17,40658,591.1195312486775,915.0790335234223,1017.0852046153095,647.0368390820078,40658,460.68834519726147,850.9473413229651,953.2442295859481,554.7918028027735,40658,266.504540314759,527.4396965281653,597.5160095745097,332.9605482216841,587.9275277798238,866.589621066681,626.8136772591056,817.9846479180093,511.73590210852376,363.5314212275316,289.5376398442619,84.85565874518932,141.2169639345156,95.1418709043451,198.69359025739152,nan,nan,nan,1.0,1.2392477280358467,2.6601999932060343,1.0,0.9496044962531224,17,49.86195653812028,37.94873266401629,85.08679865388426,A0,L5,I3,T8,range_fusion,S01,X_A0_R4_L5_I3_T8__S01,,,R4
X_A0_R4_L5_I3_T9,session_window_factor_graph_proxy,Phase4 L5 single-I raw-range row.,34,17,40658,433.64469465938515,678.9307758953648,794.2956877440856,484.8128438979602,40658,339.4657915501317,629.558129391866,763.3809895572201,416.5691479467445,40658,185.79008067917778,404.82228532029325,467.58404339284635,248.0194318745028,419.63117356812444,642.5414821186064,444.29518251497825,583.9618654613931,385.73723142145775,339.41294252209366,266.80875445371214,78.78632751241457,143.72848869805105,90.45634624239833,174.0494609144414,nan,nan,nan,1.0,1.8641754761188531,3.788547439228326,1.0,0.9496044962531224,17,123.31195157309706,35.75058601788783,172.87806191675077,A0,L5,I3,T9,range_fusion,S01,X_A0_R4_L5_I3_T9__S01,,,R4
X_A0_R4_L5_I3_T10,full_session_batch_proxy,Phase4 L5 single-I raw-range row.,34,17,40658,371.4665800643991,620.3791501028431,744.0891405285357,433.24468310392,40658,300.67692349026345,571.5557289202212,718.6608840517231,377.8013840431108,40658,154.57480339041678,346.5025191138485,401.27183472838936,212.05440257850336,356.9623669649362,553.2102238927176,388.43975166687125,517.6629969241701,325.31462278935976,301.206058251724,269.01027141020904,77.24708164752951,118.20214184205705,97.00390817971541,180.91336568114264,nan,nan,nan,1.0,2.095347629681041,4.327519544237777,1.0,0.9496044962531224,17,137.24112639274085,35.79086815867339,176.0106857798934,A0,L5,I3,T10,range_fusion,S01,X_A0_R4_L5_I3_T10__S01,,,R4
X_A0_R4_L5_I4_T6,range_ekf_screening,Phase4 L5 single-I raw-range row.,34,17,40658,503.46096025769634,780.9070815422915,889.2753086403167,556.9158229973792,40658,392.1658212407259,726.2251158289703,842.5583281847942,475.39899444777996,40658,231.19117625756223,466.6511783451493,530.8948956087575,290.08796938668087,506.3244125096296,762.2983171011322,536.6868104036732,702.22138720639,435.95865180523003,370.13980872004845,333.6238523753634,86.06640770748135,141.68816419078786,78.33261840169318,146.3506773242823,nan,nan,nan,1.0,1.5691562258610399,3.3805020869328795,1.0,0.9496044962531224,17,101.49615644862094,51.61873400299612,189.3165423255903,A0,L5,I4,T6,range_fusion,S01,X_A0_R4_L5_I4_T6__S01,,,R4
X_A0_R4_L5_I4_T7,range_ukf_screening,Phase4 L5 single-I raw-range row.,34,17,40658,470.0843349626034,730.6395874801167,843.750687296871,521.6670084448175,40658,364.8215120370039,681.2291248579738,794.7198861799078,446.1194151222426,40658,214.04259877584792,439.1284370004772,499.5647657874823,270.3958859723156,476.9029001203609,708.9540776353056,499.9199989661462,658.9540005216681,414.5549399476871,351.09614934295024,300.6835170139258,87.45097359232858,160.92746810391006,86.30765397418196,161.01721143240798,nan,nan,nan,1.0,1.6929116491097076,3.6188684439610723,1.0,0.9496044962531224,17,110.5919818261246,48.168197386134636,272.66531655260843,A0,L5,I4,T7,range_fusion,S01,X_A0_R4_L5_I4_T7__S01,,,R4
X_A0_R4_L5_I4_T8,robust_range_ekf_screening,Phase4 L5 single-I raw-range row.,34,17,40658,580.1298934924474,891.7849632131067,1000.5555486483682,633.870184459477,40658,453.51240669310465,826.0486621299075,935.1373190823193,542.9381414290988,40658,264.24336312672074,520.38963758364,585.6564312587432,327.12319594948804,582.7647406552892,865.601300865605,612.4468375212404,796.5997370469279,485.69299611566026,355.5734631371275,311.36681728464345,92.37107564702728,138.41505483960302,94.86590194450744,203.20030882219461,nan,nan,nan,1.0,1.3049451560889926,2.7922906107435335,1.0,0.9496044962531224,17,48.10453451940331,36.35025806271784,85.13117248121203,A0,L5,I4,T8,range_fusion,S01,X_A0_R4_L5_I4_T8__S01,,,R4
X_A0_R4_L5_I4_T9,session_window_factor_graph_proxy,Phase4 L5 single-I raw-range row.,34,17,40658,416.46782588053736,660.9739473411119,774.4480917617792,467.4264701107483,40658,326.7803002295294,614.8235790780009,724.8317602419331,402.9023813667018,40658,183.46050485929732,391.1691321249413,442.58754798804375,236.9750536432792,426.27087295517106,624.603178826165,443.0099571288691,573.377839953173,377.22367018774617,325.14445654051565,282.9401308732896,84.76895371716887,151.5701632392323,93.67724473242892,167.8535693247528,nan,nan,nan,1.0,1.8392755418300923,3.9600460316812836,1.0,0.9496044962531224,17,161.6130210871806,48.471711420770504,268.76285182047496,A0,L5,I4,T9,range_fusion,S01,X_A0_R4_L5_I4_T9__S01,,,R4
X_A0_R4_L5_I4_T10,full_session_batch_proxy,Phase4 L5 single-I raw-range row.,34,17,40658,361.37323625685167,603.6806210875063,718.7658620546675,414.72765497026967,40658,289.6723831978849,561.2580139553141,671.2121280135343,363.27754581664743,40658,148.80736135169758,329.69067430361883,381.13547406971577,200.0711186117893,361.1901618422621,541.7715592321496,375.9145678910404,497.2867589323521,338.1888030508368,302.137966008338,280.03033837102794,94.36420504257512,127.94042168430994,88.89133774685541,156.34379690104424,nan,nan,nan,1.0,2.0408661549252685,4.405794156566243,1.0,0.9496044962531224,17,202.74097040033575,46.19733357332552,410.18135845826185,A0,L5,I4,T10,range_fusion,S01,X_A0_R4_L5_I4_T10__S01,,,R4
X_A0_R4_L5_I5_T6,range_ekf_screening,Phase4 L5 single-I raw-range row.,34,17,40658,447.49437957249495,686.9893254890055,787.4837587326781,493.86260754288446,40658,342.50567143419755,644.9335636045741,756.8552677486342,421.56331468418347,40658,196.726029690679,421.63922270806114,479.0729978938912,257.2637690028295,449.26192961282754,669.4067956115431,474.0512422132997,603.026422199606,397.1593834839497,337.31066401194965,296.3881397056289,73.760713960668,157.13336096612926,83.3381321917414,158.72308181743,nan,nan,nan,1.0,1.827286824258799,3.722032791466991,1.0,0.9496044962531224,17,99.19852667856294,37.73556265893103,225.64742128736245,A0,L5,I5,T6,range_fusion,S01,X_A0_R4_L5_I5_T6__S01,,,R4
X_A0_R4_L5_I5_T7,range_ukf_screening,Phase4 L5 single-I raw-range row.,34,17,40658,411.3532286235669,637.3546605172622,732.1092873088028,458.3294898409282,40658,317.87672412743433,600.9253105762324,699.3265473068186,392.7758748089269,40658,177.77029062760494,389.9070525279426,444.25662923228685,236.20548983020635,407.8446127492339,613.1747173019928,432.67116122852985,554.794225267625,365.2835643815414,320.59558293864495,282.93058937340385,65.59672745357892,146.17044384606612,85.51944583813906,159.68226615237614,nan,nan,nan,1.0,1.9413106689929074,3.866064897936492,1.0,0.9496044962531224,17,127.1351615006473,40.34296239639906,212.84467558696846,A0,L5,I5,T7,range_fusion,S01,X_A0_R4_L5_I5_T7__S01,,,R4
X_A0_R4_L5_I5_T8,robust_range_ekf_screening,Phase4 L5 single-I raw-range row.,34,17,40658,529.3369755243036,801.505671896934,920.6733968203451,576.5477122760959,40658,405.10920942138785,751.0387357129408,862.6494128533772,491.3068299359396,40658,236.01532078048092,486.0438104227192,546.442304604678,301.70327043155777,534.4844545474623,787.7517812879462,556.4284553239216,709.3744427273272,467.71885204524,395.34905058817105,332.2545492147337,75.58150195193002,148.2622202627819,81.53689340305004,157.4193436150361,nan,nan,nan,1.0,1.4991967634845902,3.193925417358535,1.0,0.9496044962531224,17,91.29235997864645,56.15522531317498,181.369950280526,A0,L5,I5,T8,range_fusion,S01,X_A0_R4_L5_I5_T8__S01,,,R4
X_A0_R4_L5_I5_T9,session_window_factor_graph_proxy,Phase4 L5 single-I raw-range row.,34,17,40658,359.2887334994231,567.8513690797564,665.137973031141,407.02390161552853,40658,282.9170030047192,532.8678047807305,636.8259149686068,352.15636316034147,40658,147.2083557328212,341.32300917322317,387.25265105286064,204.09397926447795,357.45549933651375,536.1848064648416,378.27316915437586,487.81525885979335,330.51391304398226,312.0110600151146,254.3730002942499,69.83559390101806,131.9430813850272,88.14508392462662,155.434617462684,nan,nan,nan,1.0,2.107455258480557,4.054259903987702,1.0,0.9496044962531224,17,220.1839533959641,37.951975010954925,303.19706078965334,A0,L5,I5,T9,range_fusion,S01,X_A0_R4_L5_I5_T9__S01,,,R4
X_A0_R4_L5_I5_T10,full_session_batch_proxy,Phase4 L5 single-I raw-range row.,34,17,40658,311.6185330076809,520.741670088346,606.725306933337,361.59471753647904,40658,250.56968130390544,485.0794141057012,587.9141227413764,316.6756933418001,40658,118.65789774104161,289.7066348984206,336.51253339535043,174.54868947309876,311.1898826301873,496.9756802844483,326.23618307030927,416.3263976593378,279.35512402511796,300.9525370771786,253.2378538213737,56.0723766581242,105.52830089804405,93.1710419062288,173.80803961759804,nan,nan,nan,1.0,2.366663725616372,4.46541701045115,1.0,0.9496044962531224,17,72.2825782388809,32.861825369333644,120.50235765463293,A0,L5,I5,T10,range_fusion,S01,X_A0_R4_L5_I5_T10__S01,,,R4
X_A0_R4_L5_I6_T6,range_ekf_screening,Phase4 L5 single-I raw-range row.,34,17,40658,471.3037449481194,734.7992378857264,853.8549964111808,523.758624748005,40658,362.3921371371574,678.2954217091554,808.9742234196128,445.5921054813447,40658,213.55459966861181,446.72184932413086,503.4099296785245,275.26491336642175,467.2338725701675,703.5743354530014,499.2368740596688,660.3859042698361,413.91022437169596,327.10757326807396,281.8222642788324,66.28025508333104,158.2899558909573,93.60227711527763,176.0076158113034,nan,nan,nan,1.0,1.7474836534222769,3.66752076065847,1.0,0.9496044962531224,17,116.63374690458087,45.958655966958304,222.4956712957744,A0,L5,I6,T6,range_fusion,S01,X_A0_R4_L5_I6_T6__S01,,,R4
X_A0_R4_L5_I6_T7,range_ukf_screening,Phase4 L5 single-I raw-range row.,34,17,40658,435.26739394499594,689.7778260319004,801.3034148153027,488.37286376197056,40658,336.5323446287938,633.1642821965011,760.6693598959808,416.07263956493733,40658,196.49569056393682,415.8527603820227,470.5175137732764,255.71783798658635,427.1890616158372,645.7244929353753,458.3780432995512,610.7849377432137,381.12942495149866,298.4838473081734,268.7169709619486,68.80202889476624,149.6299800992433,83.86076727947648,157.14257086300856,nan,nan,nan,1.0,1.898496466625306,3.822835755766861,1.0,0.9496044962531224,17,173.33370623980463,47.26557421775817,258.3760781420863,A0,L5,I6,T7,range_fusion,S01,X_A0_R4_L5_I6_T7__S01,,,R4
X_A0_R4_L5_I6_T8,robust_range_ekf_screening,Phase4 L5 single-I raw-range row.,34,17,40658,547.7612069730776,849.3561521132145,962.8914619894052,603.9066732696799,40658,426.6919891039022,786.2105156410069,898.0281622280315,515.1067777493425,40658,251.45966785694884,503.21473495887466,561.4720188751397,315.2273426217045,545.1686492211886,823.2573291665051,576.6580502864285,755.647264467766,486.87951832617335,363.1008389286485,324.22398829435195,75.54741682701132,138.62283323910486,86.35563328158534,164.81660655835339,nan,nan,nan,1.0,1.4541319250988183,3.070247183848447,1.0,0.9496044962531224,17,64.74787570115829,41.56377720566681,108.83150264081316,A0,L5,I6,T8,range_fusion,S01,X_A0_R4_L5_I6_T8__S01,,,R4
X_A0_R4_L5_I6_T9,session_window_factor_graph_proxy,Phase4 L5 single-I raw-range row.,34,17,40658,382.7260831135915,623.4876122621097,737.7699004761799,435.98127830650054,40658,298.11757551755306,565.5737766625542,685.4184910715859,373.1416082250278,40658,171.21457616897953,365.24299900761406,413.3455065279214,225.48839270572248,374.1998611621006,569.3242697174778,397.55722328397883,530.2683548286386,330.3243256538966,273.10724420062786,251.53562090091526,74.33223373270937,139.33004548313494,84.9908974984584,146.32928130926504,nan,nan,nan,1.0,2.089273721558475,4.152817063553833,1.0,0.9496044962531224,17,336.4894955506712,45.412184589125104,375.5858094889953,A0,L5,I6,T9,range_fusion,S01,X_A0_R4_L5_I6_T9__S01,,,R4
X_A0_R4_L5_I6_T10,full_session_batch_proxy,Phase4 L5 single-I raw-range row.,34,17,40658,330.26823757083537,573.4160522468505,693.9262787690666,388.76515118960833,40658,265.2476955132489,507.15506224775737,639.1610054705542,334.2199021254832,40658,147.17849112161872,313.5419266565629,362.0085779836263,198.583483207218,322.95134612717186,492.07680027706954,343.67561288368756,447.631009916468,305.65952959140304,264.74146961983354,230.02127078716154,67.83972213744943,121.26977522500124,81.2002101151148,160.37623392560863,nan,nan,nan,1.0,2.3411470816365063,4.462099394705271,1.0,0.9496044962531224,17,148.90987450859652,44.50933492448007,174.04749063368416,A0,L5,I6,T10,range_fusion,S01,X_A0_R4_L5_I6_T10__S01,,,R4
X_A0_R4_L5_I7_T6,range_ekf_screening,Phase4 L5 single-I raw-range row.,34,17,40658,538.5093934552822,842.9655522734872,964.266793417178,598.049912801815,40658,418.7861116716756,776.5547380839399,901.6475837394621,510.42488324703095,40658,238.15934313293104,504.9886670482842,570.7105637026859,311.65708200602995,533.0463912042368,823.305457441749,561.9749481578315,733.54781020676,463.1854782971194,359.81358666821274,308.18305494724336,77.83331358541932,141.81534030970164,94.56783179518683,179.25585851265913,nan,nan,nan,1.0,1.4808110966363206,3.148273741017766,1.0,0.9496044962531224,17,80.65276014688928,45.223781319809916,159.77703808694255,A0,L5,I7,T6,range_fusion,S01,X_A0_R4_L5_I7_T6__S01,,,R4
X_A0_R4_L5_I7_T7,range_ukf_screening,Phase4 L5 single-I raw-range row.,34,17,40658,505.04520475572843,802.7820368438043,916.5562266715826,565.8106849900362,40658,392.48726260175886,736.1973984588103,863.0056935404793,482.5919370934766,40658,220.72385266084473,482.76087296914886,546.4272396012348,295.3756142630259,501.92453158870285,763.7654277181884,523.1552689548165,698.3369535520976,441.24817168939023,343.92251164849097,295.3282499058319,74.6121917243853,158.52159583857292,97.87689080920262,187.18818016021305,nan,nan,nan,1.0,1.6286382005837192,3.4824560423463806,1.0,0.9496044962531224,17,90.78475284372003,53.54701769856314,169.96350057782243,A0,L5,I7,T7,range_fusion,S01,X_A0_R4_L5_I7_T7__S01,,,R4
X_A0_R4_L5_I7_T8,robust_range_ekf_screening,Phase4 L5 single-I raw-range row.,34,17,40658,605.5331528937509,945.9038696996428,1055.9971625965763,667.5930589735328,40658,481.2198593146393,876.4808264320875,985.1799467929343,573.8102432507118,40658,270.7388004702951,545.6482170751026,610.0610064121032,341.2071176429324,610.4916450748523,911.0116345125964,646.2217346671207,842.8257731574427,510.9161447773452,350.83844251899416,269.4354071840607,84.37137915162987,139.25865607765252,95.91223907745277,194.76206007755252,nan,nan,nan,1.0,1.197097782656731,2.6152914029329075,1.0,0.9496044962531224,17,47.84998230230673,42.71118817583249,75.66446473662248,A0,L5,I7,T8,range_fusion,S01,X_A0_R4_L5_I7_T8__S01,,,R4
X_A0_R4_L5_I7_T9,session_window_factor_graph_proxy,Phase4 L5 single-I raw-range row.,34,17,40658,455.2892768082329,737.7449351720015,863.0470810953459,516.1771405611865,40658,356.1149536090238,675.9056931124586,794.7642202301562,441.64874306163784,40658,192.1244760725259,441.20839842497196,503.1801998153422,267.18014183318036,446.6805214471676,693.213995004659,464.02406665327885,638.8215134614547,407.8742760191134,330.18918133472346,296.30852759464034,65.95252632603854,163.6167790839038,95.24793553585371,192.00704908237796,nan,nan,nan,1.0,1.8680909157629346,3.8931214971349775,1.0,0.9496044962531224,17,92.80196195354804,50.54363943716794,177.76248829486954,A0,L5,I7,T9,range_fusion,S01,X_A0_R4_L5_I7_T9__S01,,,R4
X_A0_R4_L5_I7_T10,full_session_batch_proxy,Phase4 L5 single-I raw-range row.,34,17,40658,402.44919323825724,692.3628225378285,818.5717652709769,470.00788586786746,40658,320.5777599869207,626.9293259200612,767.1229739216742,405.8903958369203,40658,163.7996422595332,388.7798716298694,456.61243546785965,236.9818544642827,388.43220239444975,612.7485430700126,406.58097562919755,567.3110925380638,366.63663716412384,311.745604821013,287.21490033383293,67.05133199134116,136.5202423794741,97.48929032646927,179.6853595093254,nan,nan,nan,1.0,2.1652293263774034,4.451033851940058,1.0,0.9496044962531224,17,78.07531271507902,46.6007399308707,154.20700982988072,A0,L5,I7,T10,range_fusion,S01,X_A0_R4_L5_I7_T10__S01,,,R4
X_A0_R4_L5_I8_T6,range_ekf_screening,Phase4 L5 single-I raw-range row.,34,17,40658,489.5065850602067,769.5788582682096,889.4191562238545,543.4423382794871,40658,373.8466267241158,715.9056789687185,847.8121547874143,465.31641195794026,40658,218.45985451234236,455.2264730134785,511.9711767803207,280.7315653738727,488.80033769497277,734.7264711623923,516.8796401469308,661.9860439972414,430.28831104440184,346.39331689859534,300.4425037115003,76.08685232638925,155.58763353644434,90.61434714927671,165.41546524553527,nan,nan,nan,1.0,1.710088573578405,3.507882473078242,1.0,0.9496044962531224,17,110.97084165611754,45.162580059337074,234.64199531901423,A0,L5,I8,T6,range_fusion,S01,X_A0_R4_L5_I8_T6__S01,,,R4
X_A0_R4_L5_I8_T7,range_ukf_screening,Phase4 L5 single-I raw-range row.,34,17,40658,456.6105207902895,722.3986891136449,849.1896714056589,511.0844034000979,40658,349.1201847063203,676.5339986174962,810.2110330212683,439.46367403691886,40658,200.06068659038988,424.26531500182267,480.24803202623974,260.9194254953179,449.74891017415985,680.5080159455858,481.109828462654,630.1719831263149,398.0694622316544,310.706628482987,289.621795103057,76.28991557350173,152.89277546328412,90.94884428589867,170.6513954465692,nan,nan,nan,1.0,1.8580113381668903,3.777872416674476,1.0,0.9496044962531224,17,110.19541933597284,48.07432649459926,209.11153095377097,A0,L5,I8,T7,range_fusion,S01,X_A0_R4_L5_I8_T7__S01,,,R4
X_A0_R4_L5_I8_T8,robust_range_ekf_screening,Phase4 L5 single-I raw-range row.,34,17,40658,563.5896401809553,873.0065730797555,993.0736738351146,618.3213021626939,40658,436.1474639913912,814.0415381941567,933.212560021954,529.2143006526328,40658,255.03966882056113,510.948817994374,570.1759360332214,319.77094410361025,556.5462527339691,837.937182473798,590.8351163289574,766.559972793865,494.36516601640955,364.04932809712307,317.3061972085198,77.89936073158572,138.76765827059717,90.13511093163967,175.89121745636393,nan,nan,nan,1.0,1.3935562913716373,2.9307695946805175,1.0,0.9496044962531224,17,54.49351305440904,40.43373690391354,95.94157207125853,A0,L5,I8,T8,range_fusion,S01,X_A0_R4_L5_I8_T8__S01,,,R4
