[RECV] BS2DCE notify: TD;1;2502;3;anchor_ota;0;0;1;0;25;0;0;0;8;0
[RECV] BSDC91 notify: TD;1;2494;3;anchor_ota;0;0;1;0;25;0;0;0;8;0
[RECV] BS2DCE notify: TD;1;2502;3;anchor_ota;0;0;1;0;25;0;0;0;8;0
[RECV] BSDC91 notify: TD;1;2494;3;anchor_ota;0;0;1;0;25;0;0;0;8;0
[RECV] BS2DCE notify: TD;1;2502;3;anchor_ota;0;0;1;0;25;0;0;0;8;0
[RECV] BS2DCE notify: TD;1;2502;3;anchor_ota;0;0;1;0;25;0;0;0;8;0
[RECV] BSDC91 notify: TD;1;2494;3;anchor_ota;0;0;1;0;25;0;0;0;8;0
[RECV] BSDC91 notify: TD;1;2494;3;anchor_ota;0;0;1;0;25;0;0;0;8;0
[RECV] BS2DCE notify: TD;1;2502;3;anchor_ota;0;0;1;0;25;0;0;0;8;0
[RECV] BSDC91 notify: TD;1;2494;3;anchor_ota;0;0;1;0;25;0;0;0;8;0
[RECV] BS2DCE notify: TD;1;2502;3;anchor_ota;0;0;1;0;25;0;0;0;8;0
[RECV] BSDC91 notify: TD;1;2494;3;anchor_ota;0;0;1;0;25;0;0;0;8;0
[RECV] BS2DCE notify: TD;1;2502;3;anchor_ota;0;0;1;0;25;0;0;0;8;0
[RECV] BSDC91 notify: TD;1;2494;3;anchor_ota;0;0;1;0;25;0;0;0;8;0
[RECV] BS2DCE notify: TD;1;2502;3;anchor_ota;0;0;1;0;25;0;0;0;8;0
[RECV] BS2DCE notif[RECV] BSDC91 notify: TD;1;2494;3;anchor_ota;0;0;1;0;25;0;0;0;8;0
[RECV] BS2DCE notify: TD;1;2502;3;anchor_ota;0;0;1;0;25;0;0;0;8;0
[HOST_CMD 459559.454] mode recv
[RECV] One-shot NUS command cleared (runtime)
[RECV] Master quiesce peer[0]: connected=1 ready=1 link=nus uuid=-
[RECV] Master quiesce peer[1]: connected=1 ready=1 link=nus uuid=-
[RECV] Peer clear wait: waited=0 conn_count=2 ready_count=0
[RECV] Peer clear wait timeout: conn_count=2 ready_count=0
[RECV] RECV clean slate requires reboot: stale BLE links did not clear
[RECV] Control mode staged: RECV
*** Booting nRF Connect SDK v2.8.0-a2386bfc8401 ***
*** Using Zephyr OS v3.7.99-0bc3393fb112 ***
[RECV] LED map: 1=AUTOPOS 2=RECV 3=OTA 4=FLOW
[RECV] Control mode loaded: RECV
[RECV] UART control ready: type 'status' or 'mode recv'/'mode ota'/'mode autopos'
OTA_STATE:target_configured detail=token
OTA NUS stage: enabled
OTA NUS stage: enabled
[RECV] Boot profile tag: auto-connect BS* tag links; TDMA remains host-controlled
OTA target filter: token=-1 name=- prefix=BS uuid=-
[RECV] BioSpur BLE master control ready on nrf5340dk/nrf5340/cpuapp
[RECV] BTN1 toggles RECV/OTA, BTN2 forces OTA mode, BTN3=SCAN, BTN4=CONN&START
[RECV] Commands: status | mode recv | mode ota | mode autopos | scan | conn | initiate
[RECV] OTA runtime cmds: ota_reset | ota show | ota version
[RECV] Runtime NUS cmds: cmd <raw> | cmd_all <raw> | oneshot <raw> | oneshot show | oneshot clear
[RECV] Tag layout cmds: APOS <id> <x_mm> <y_mm> <z_mm> | APOS_TO <BSxxxx> APOS... | APOS_COMMIT | APOS_STATUS | APOS_RESET
[RECV] TDMA cm[RECV] MTU exchange[0] done (498)
[RECV] PHY updated[0]: tx=0x2 rx=0x2
SETUP[1] defer: global discovery busy
SETUP[1] defer: global discovery busy
SETUP[1] defer: global discovery busy
SETUP[1] defer: global discovery busy
SETUP[1] defer: global discovery busy
SETUP[1] defer: global discovery busy
SETUP[1] defer: global discovery busy
[RECV] DISC complete[0]: link=nus discovered_service=2800 uuid=-
[RECV] BLE[0] link ready
[RECV] CFG assigned[0]: bs=BSDC91 tag=1 slot=0/10 mask=0x0021 period=40 active=24 gen=1 pmode=0
[RECV] TDMA weighted[0]: bs=BSDC91 profile=motion target=5Hz mask=0x0021 slots=2/10 actual_x100=500 epoch_delay=3000
[RECV] SCAN start req: bt_ready=1 scan_running=0 connecting_slot=-1 conn_count=2 target=tag prefix=BS
[RECV] Scanning for BS*
SETUP[1] begin: link=nus uuid=- conn=0x20004970
SETUP[1] mtu_exchange rc=0
SETUP[1] phy_update rc=0
SETUP[1] conn_param_update rc=0
[RECV] DISC start[1]: link=nus uuid=- conn=0x20004970
[RECV] BSDC91 notify: TD;1;2494;3;anchor_ota;0;0;1;0;25;0;0;0;8;0
[RECV] MTU exchange[1] done (498)
[RECV] Conn param updated[1]: int=6 lat=0 to=400
[RECV] PHY updated[1]: tx=0x2 rx=0x2
[RECV] CFG confirmed[0]: tag=1 slot=0/10 mask=0x0021 period=40 active=24 gen=1 live=1
[RECV] BSDC91 notify: CFG_OK TAG=1 SLOT=0/10 MASK=0x0021 PERIOD=40 ACTIVE=24 GEN=1 LIVE=1
[RECV] DISC complete[1]: link=nus discovered_service=2800 uuid=-
[RECV] BLE[1] link ready
[RECV] CFG assigned[1]: bs=BS2DCE tag=1 slot=0/10 mask=0x0021 period=40 active=24 gen=2 pmode=0
[RECV] TDMA weighted[0]: bs=BS2DCE profile=motion target=5Hz mask=0x0021 slots=2/10 actual_x100=500 epoch_delay=3000
[RECV] CFG assigned[0]: bs=BSDC91 tag=2 slot=3/10 mask=0x0108 period=40 active=24 gen=2 pmode=0
[RECV] TDMA weighted[1]: bs=BSDC91 profile=motion target=5Hz mask=0x0108 slots=2/10 actual_x100=500 epoch_delay=2999
[RECV] BS2DCE notify: TD;1;2502;3;anchor_ota;0;0;1;0;25;0;0;0;8;0
[RECV] CFG confirmed[0]: tag=2 slot=3/10 mask=0x0108 period=40 active=24 gen=2 live=1
[RECV] BSDC91 notify: CFG_OK TAG=2 SLOT=3/10 MASK=0x0108 PERIOD=40 ACTIVE=24 GEN=2 LIVE=1
[RECV] CFG confirmed[1]: tag=1 slot=0/10 mask=0x0021 period=40 active=24 gen=2 live=1
[RECV] BS2DCE notify: CFG_OK TAG=1 SLOT=0/10 MASK=0x0021 PERIOD=40 ACTIVE=24 GEN=2 LIVE=1
[RECV] BSDC91 notify: RXG;1;2494;tag=1;mask=0xff;pc=8;guard=1200;spacing=1000;win=8165;pre=1;slot_to_entry_us=0;slot_to_sched_us=0;slot_to_write_done_us=0;slot_to_txcmd_us=274;slot_to_txdone_us=610;txcmd_to_txdone_us=335;txdone_to_rxstart_us=61;txdone_to_rxend_us=183;rxenable_
[RECV] BSDC91 notify: CD;1;2494;tag=1;local=0xb101;status=0x00806f02;rxf=0x07a6c814;win=8165;pc=8;mask=0xff;resp=8;unexp=0;last_len=20;last_src=0xa107;last_dst=0xb101;last_code=0xe1
[RECV] BSDC91 notify: TR;3;2495;f;0;ff;ff;3392,2372,2440,3197,3256,2222,2373,3184;3392,2372,2440,3197,3256,2222,2373,3184;100,100,100,100,100,100,100,100;OOOOOOOO;100;0;44158;8
[RECV] BSDC91 notify: TR;3;2496;f;0;ff;ff;3265,2489,2547,3503,3124,2307,2518,3285;3265,2489,2547,3503,3124,2307,2518,3285;100,100,100,100,100,100,100,100;OOOOOOOO;100;0;671;8
[RECV] BSDC91 notify: TR;3;2497;f;0;ff;ff;3258,2517,2580,3224,3087,2348,2523,3422;3258,2517,2580,3224,3087,2348,2523,3422;100,100,100,100,100,100,100,100;OOOOOOOO;100;0;701;8
[RECV] BS2DCE notify: RXG;1;2502;tag=1;mask=0xff;pc=8;guard=1200;spacing=1000;win=8165;pre=1;slot_to_entry_us=0;slot_to_sched_us=0;slot_to_write_done_us=0;slot_to_txcmd_us=274;slot_to_txdone_us=610;txcmd_to_txdone_us=335;txdone_to_rxstart_us=91;txdone_to_rxend_us=213;rxenable_
[RECV] BSDC91 notify: TR;3;2498;f;0;ff;ff;3136,2432,2698,3312,3039,2447,2597,3162;3136,2432,2698,3312,3039,2447,2597,3162;100,100,100,100,100,100,100,100;OOOOOOOO;100;0;701;8
[RECV] BS2DCE notify: CD;1;2502;tag=1;local=0xb101;status=0x02806f02;rxf=0x0796c814;win=8165;pc=8;mask=0xff;resp=8;unexp=0;last_len=20;last_src=0xa107;last_dst=0xb101;last_code=0xe1
[RECV] BS2DCE notify: TR;3;2503;f;0;ff;ff;2735,3419,3060,2495,2816,3493,2929,2361;2735,3419,3060,2495,2816,3493,2929,2361;100,100,100,100,100,100,100,100;OOOOOOOO;100;0;44647;8
[RECV] BS2DCE notify: TR;3;2504;f;0;ff;7f;3149,3405,2984,2471,2785,3453,2955,0;3149,3405,2984,2471,2785,3453,2955,2361;100,100,100,100,100,100,100,50;OOOOOOOT;100;0;671;8
[RECV] BSDC91 notify: TR;3;2499;f;0;ff;ff;2993,2386,2732,3442,3385,2892,2626,3328;2993,2386,2732,3442,3385,2892,2626,3328;100,100,100,100,100,100,100,100;OOOOOOOO;100;0;671;8
[RECV] BS2DCE notify: TR;3;2505;f;0;ff;ff;3169,3379,2992,2481,2843,3349,2893,2700;3169,3379,2992,2481,2843,3349,2893,2700;100,100,100,100,100,100,100,66;OOOOOOOO;95;0;701;8
[RECV] BSDC91 notify: TR;3;2500;f;0;ff;ff;3027,2380,2757,3385,3191,2444,2589,3252;3027,2380,2757,3385,3191,2444,2589,3252;100,100,100,100,100,100,100,100;OOOOOOOO;100;0;671;8
[RECV] BS2DCE notify: TR;3;2506;f;0;ff;ff;3217,3317,2947,2344,2924,3399,2873,2563;3217,3317,2947,2344,2924,3399,2873,2563;100,100,100,100,100,100,100,75;OOOOOOOO;96;0;701;8
[RECV] BSDC91 notify: TR;3;2501;f;0;ff;ff;2916,2322,2803,3386,3062,2459,2648,3354;2916,2322,2803,3386,3062,2459,2648,3354;100,100,100,100,100,100,100,100;OOOOOOOO;100;0;671;8
[RECV] BS2DCE notify: TR;3;2507;f;0;ff;7f;3186,3314,2912,2374,2960,3317,2867,0;3186,3314,2912,2374,2960,3317,2867,2563;100,100,100,100,100,100,100,60;OOOOOOOT;100;0;671;8
[RECV] BS2DCE notify: TR;3;2508;f;0;ff;7f;3088,3359,2852,2389,2879,3192,2803,0;3088,3359,2852,2389,2879,3192,2803,2563;100,100,100,100,100,100,100,50;OOOOOOOT;100;0;671;8
[RECV] BS2DCE notify: TR;3;2509;f;0;ff;7f;3021,3270,2797,2423,2901,3281,2706,0;3021,3270,2797,2423,2901,3281,2706,2563;100,100,100,100,100,100,100,42;OOOOOOOT;100;0;701;8
[RECV] BSDC91 notify: TR;3;2502;f;0;ff;ff;2921,2419,2847,3457,2959,2373,2727,3394;2921,2419,2847,3457,2959,2373,2727,3394;100,100,100,100,100,100,100,100;OOOOOOOO;100;0;610;8
[RECV] BSDC91 notify: TR;3;2503;f;0;ff;7f;2810,2391,2898,3200,2819,2441,2754,0;2810,2391,2898,3200,2819,2441,2754,3394;100,100,100,100,100,100,100,87;OOOOOOOT;100;0;579;8
[RECV] BS2DCE notify: TR;3;2510;f;0;ff;7f;3090,3172,2743,2802,2985,3312,2699,0;3090,3172,2743,2802,2985,3312,2699,2563;100,100,100,100,100,100,100,37;OOOOOOOT;100;0;610;8
[RECV] Conn param updated[0]: int=6 lat=0 to=400
[RECV] BS2DCE notify: TR;3;2511;f;0;ff;7f;3089,3214,2698,2714,2996,3245,2604,0;3089,3214,2698,2714,2996,3245,2604,2563;100,100,100,100,100,100,100,33;OOOOOOOT;100;0;610;8
[RECV] Conn param updated[1]: int=6 lat=0 to=400
[RECV] BSDC91 notify: RXG;1;2503;tag=2;mask=0xff;pc=8;guard=1200;spacing=1000;win=8165;pre=1;slot_to_entry_us=0;slot_to_sched_us=0;slot_to_write_done_us=0;slot_to_txcmd_us=244;slot_to_txdone_us=579;txcmd_to_txdone_us=335;txdone_to_rxstart_us=61;txdone_to_rxend_us=152;rxenable_
[RECV] BS2DCE notify: TR;3;2512;f;0;ff;ff;3077,3127,2698,2702,3066,3100,2575,2653;3077,3127,2698,2702,3066,3100,2575,2653;100,100,100,100,100,100,100,40;OOOOOOOO;92;0;701;8
[RECV] BSDC91 notify: CD;1;2503;tag=2;local=0xb102;status=0x00806f02;rxf=0x07c6c814;win=8165;pc=8;mask=0xff;resp=8;unexp=0;last_len=20;last_src=0xa107;last_dst=0xb102;last_code=0xe1
[RECV] BSDC91 notify: TR;3;2504;f;0;ff;ff;2696,2466,2992,3462,2763,2498,2762,3109;2696,2466,2992,3462,2763,2498,2762,3109;100,100,100,100,100,100,100,88;OOOOOOOO;98;0;45227;8
[RECV] BSDC91 notify: TR;3;2505;f;0;ff;ff;2691,2490,3098,3458,2661,2485,2879,2719;2691,2490,3098,3458,2661,2485,2879,2719;100,100,100,100,100,100,100,90;OOOOOOOO;98;0;671;8
[RECV] BSDC91 notify: TR;3;2506;f;0;ff;ff;2659,2538,3101,3132,2599,2573,2872,2998;2659,2538,3101,3132,2599,2573,2872,2998;100,100,100,100,100,100,100,90;OOOOOOOO;98;0;671;8
[RECV] BSDC91 notify: TR;3;2507;f;0;ff;7f;2638,2591,3141,3123,2499,2535,2941,0;2638,2591,3141,3123,2499,2535,2941,2998;100,100,100,100,100,100,100,83;OOOOOOOT;100;0;823;8
[RECV] BS2DCE notify: RXG;1;2512;tag=1;mask=0xff;pc=8;guard=1200;spacing=1000;win=8165;pre=1;slot_to_entry_us=0;slot_to_sched_us=0;slot_to_write_done_us=0;slot_to_txcmd_us=274;slot_to_txdone_us=610;txcmd_to_txdone_us=335;txdone_to_rxstart_us=61;txdone_to_rxend_us=183;rxenable_
[RECV] BS2DCE notify: CD;1;2512;tag=1;local=0xb101;status=0x02800f02;rxf=0x0776c814;win=8165;pc=8;mask=0xff;resp=7;unexp=0;last_len=20;last_src=0xa106;last_dst=0xb101;last_code=0xe1
[RECV] BS2DCE notify: TR;3;2513;f;0;ff;7f;3102,3101,2671,2699,3174,3188,2498,0;3102,3101,2671,2699,3174,3188,2498,2653;100,100,100,100,100,100,100,36;OOOOOOOT;100;0;44738;8
[RECV] BSDC91 notify: TR;3;2508;f;0;ff;7f;2606,2615,3198,3200,2481,2687,2957,0;2606,2615,3198,3200,2481,2687,2957,2998;100,100,100,100,100,100,100,76;OOOOOOOT;100;0;671;8
[RECV] BS2DCE notify: TR;3;2514;f;0;ff;ff;3127,3022,2641,2693,3256,3124,2512,2612;3127,3022,2641,2693,3256,3124,2512,2612;100,100,100,100,100,100,100,41;OOOOOOOO;92;0;701;8
[RECV] BSDC91 notify: TR;3;2509;f;0;ff;7f;2563,2755,3402,2986,2465,2603,2942,0;2563,2755,3402,2986,2465,2603,2942,2998;100,100,100,100,100,100,100,71;OOOOOOOT;100;0;671;8
[RECV] BS2DCE notify: TR;3;2515;f;0;ff;ff;3171,2969,2642,2874,3195,3130,2378,2741;3171,2969,2642,2874,3195,3130,2378,2741;100,100,100,100,100,100,100,46;OOOOOOOO;93;0;701;8
[RECV] BSDC91 notify: TR;3;2510;f;0;ff;7f;2613,2765,3406,2902,2354,2672,3005,0;2613,2765,3406,2902,2354,2672,3005,2998;100,100,100,100,100,100,100,66;OOOOOOOT;100;0;823;8
[RECV] BS2DCE notify: TR;3;2516;f;0;ff;7f;3126,2990,2654,2971,3239,2957,2334,0;3126,2990,2654,2971,3239,2957,2334,2741;100,100,100,100,100,100,100,42;OOOOOOOT;100;0;671;8
[RECV] BS2DCE notify: TR;3;2517;f;0;ff;ff;3189,3017,2640,2690,3145,2989,2366,2927;3189,3017,2640,2690,3145,2989,2366,2927;100,100,100,100,100,100,100,46;OOOOOOOO;93;0;701;8
[RECV] BSDC91 notify: TR;3;2511;f;0;ff;7f;2494,2871,3403,2773,2313,2737,3130,0;2494,2871,3403,2773,2313,2737,3130,2998;100,100,100,100,100,100,100,62;OOOOOOOT;100;0;671;8
[RECV] BSDC91 notify: TR;3;2512;f;0;ff;ff;2423,2976,3370,2739,2274,2933,3165,2541;2423,2976,3370,2739,2274,2933,3165,2541;100,100,100,100,100,100,100,64;OOOOOOOO;95;0;701;8
[RECV] BS2DCE notify: TR;3;2518;f;0;ff;ff;3126,2849,2610,3200,3361,2961,2426,2624;3126,2849,2610,3200,3361,2961,2426,2624;100,100,100,100,100,100,100,50;OOOOOOOO;93;0;701;8
[RECV] BSDC91 notify: TR;3;2513;f;0;ff;7f;2473,3030,3407,2947,2273,3018,3133,0;2473,3030,3407,2947,2273,3018,3133,2541;100,100,100,100,100,100,100,61;OOOOOOOT;100;0;823;8
[RECV] BS2DCE notify: TR;3;2519;f;0;ff;7f;3206,2880,2599,2923,3412,2879,2333,0;3206,2880,2599,2923,3412,2879,2333,2624;100,100,100,100,100,100,100,47;OOOOOOOT;100;0;671;8
[RECV] BS2DCE notify: TR;3;2520;f;0;ff;ff;3201,2796,2643,2922,3340,2819,2278,2928;3201,2796,2643,2922,3340,2819,2278,2928;100,100,100,100,100,100,100,50;OOOOOOOO;93;0;671;8
[RECV] BS2DCE notify: TR;3;2521;f;0;ff;ff;3327,2748,2629,2992,3341,2727,2252,2928;3327,2748,2629,2992,3341,2727,2252,2928;100,100,100,100,100,100,100,52;OOOOOOOO;94;0;701;8
[RECV] BS2DCE notify: TR;3;2522;f;0;ff;7f;3364,2705,2664,2868,3404,2622,2350,0;3364,2705,2664,2868,3404,2622,2350,2928;100,100,100,100,100,100,100,50;OOOOOOOT;100;0;701;8
[RECV] BSDC91 notify: RXG;1;2513;tag=2;mask=0xff;pc=8;guard=1200;spacing=1000;win=8165;pre=1;slot_to_entry_us=0;slot_to_sched_us=0;slot_to_write_done_us=0;slot_to_txcmd_us=396;slot_to_txdone_us=701;txcmd_to_txdone_us=305;txdone_to_rxstart_us=91;txdone_to_rxend_us=213;rxenable_
[RECV] BSDC91 notify: TR;3;2514;f;0;ff;ff;2539,3039,3371,2880,2321,2976,3173,2640;2539,3039,3371,2880,2321,2976,3173,2640;100,100,100,100,100,100,100,63;OOOOOOOO;95;0;29754;8
[RECV] BSDC91 notify: CD;1;2514;tag=2;local=0xb102;status=0x00800b02;rxf=0x07a6c814;win=8165;pc=8;mask=0xff;resp=7;unexp=0;last_len=20;last_src=0xa106;last_dst=0xb102;last_code=0xe1
[RECV] BSDC91 notify: TR;3;2515;f;0;ff;7f;2730,3077,3362,2711,2240,3009,3289,0;2730,3077,3362,2711,2240,3009,3289,2640;100,100,100,100,100,100,100,60;OOOOOOOT;100;0;15289;8
[RECV] BS2DCE notify: RXG;1;2522;tag=1;mask=0xff;pc=8;guard=1200;spacing=1000;win=8165;pre=1;slot_to_entry_us=0;slot_to_sched_us=0;slot_to_write_done_us=0;slot_to_txcmd_us=274;slot_to_txdone_us=610;txcmd_to_txdone_us=335;txdone_to_rxstart_us=61;txdone_to_rxend_us=183;rxenable_
[RECV] BSDC91 notify: TR;3;2516;f;0;ff;7f;2492,3076,3394,2571,2285,2949,3126,0;2492,3076,3394,2571,2285,2949,3126,2640;100,100,100,100,100,100,100,57;OOOOOOOT;100;0;854;8
[RECV] BS2DCE notify: CD;1;2522;tag=1;local=0xb101;status=0x02806f02;rxf=0x07c6c814;win=8165;pc=8;mask=0xff;resp=8;unexp=0;last_len=20;last_src=0xa107;last_dst=0xb101;last_code=0xe1
[RECV] BSDC91 notify: TR;3;2517;f;0;ff;ff;2371,3111,3436,2745,2371,3027,3196,2382;2371,3111,3436,2745,2371,3027,3196,2382;100,100,100,100,100,100,100,59;OOOOOOOO;94;0;671;8
[RECV] BSDC91 notify: TR;3;2518;f;0;ff;7f;2363,3128,3425,2680,2368,3124,3249,0;2363,3128,3425,2680,2368,3124,3249,2382;100,100,100,100,100,100,100,56;OOOOOOOT;100;0;671;8
[RECV] BS2DCE notify: TR;3;2523;f;0;ff;ff;3355,2650,2532,3086,3799,2672,2377,3001;3355,2650,2532,3086,3799,2672,2377,3001;100,100,100,100,100,100,100,52;OOOOOOOO;94;0;44647;8
[RECV] BSDC91 notify: TR;3;2519;f;0;ff;7f;2366,3273,3279,2345,2311,3096,3110,0;2366,3273,3279,2345,2311,3096,3110,2382;100,100,100,100,100,100,100,54;OOOOOOOT;100;0;823;8
[RECV] BS2DCE notify: TR;3;2524;f;0;ff;ff;3341,2599,2488,3094,3592,2607,2409,2779;3341,2599,2488,3094,3592,2607,2409,2779;100,100,100,100,100,100,100,54;OOOOOOOO;94;0;671;8
[RECV] BS2DCE notify: TR;3;2525;f;0;ff;7f;3296,2629,2478,2968,3497,2588,2864,0;3296,2629,2478,2968,3497,2588,2864,2779;100,100,100,100,100,100,100,52;OOOOOOOT;100;0;793;8
[RECV] BSDC91 notify: TR;3;2520;f;0;ff;7f;2307,3240,3572,2310,2326,3152,3325,0;2307,3240,3572,2310,2326,3152,3325,2382;100,100,100,100,100,100,100,52;OOOOOOOT;100;0;671;8
[RECV] BS2DCE notify: TR;3;2526;f;0;ff;ff;3248,2610,2487,3135,3447,2496,2668,3058;3248,2610,2487,3135,3447,2496,2668,3058;100,100,100,100,100,100,100,54;OOOOOOOO;94;0;701;8
[RECV] BS2DCE notify: TR;3;2527;f;0;ff;ff;3254,2539,2526,3206,3270,2522,2628,2807;3254,2539,2526,3206,3270,2522,2628,2807;100,100,100,100,100,100,100,56;OOOOOOOO;94;0;701;8
[RECV] BSDC91 notify: TR;3;2521;f;0;ff;ff;2309,3283,3442,2220,2349,3245,3309,2389;2309,3283,3442,2220,2349,3245,3309,2389;100,100,100,100,100,100,100,53;OOOOOOOO;94;0;671;8
[RECV] BSDC91 notify: TR;3;2522;f;0;ff;7f;2350,3228,3519,2238,2403,3338,3244,0;2350,3228,3519,2238,2403,3338,3244,2389;100,100,100,100,100,100,100,51;OOOOOOOT;100;0;823;8
[RECV] BS2DCE notify: TR;3;2528;f;0;ff;ff;3254,2558,2559,3241,3514,2356,2583,3006;3254,2558,2559,3241,3514,2356,2583,3006;100,100,100,100,100,100,100,57;OOOOOOOO;94;0;701;8
[RECV] BSDC91 notify: TR;3;2523;f;0;ff;7f;2415,3218,3464,2278,2446,3433,3162,0;2415,3218,3464,2278,2446,3433,3162,2389;100,100,100,100,100,100,100,50;OOOOOOOT;100;0;640;8
[RECV] BS2DCE notify: TR;3;2529;f;0;ff;ff;3292,2535,2591,3146,3301,2486,2627,3136;3292,2535,2591,3146,3301,2486,2627,3136;100,100,100,100,100,100,100,59;OOOOOOOO;94;0;671;8
[RECV] BS2DCE notify: TR;3;2530;f;0;ff;ff;3285,2484,2612,3159,3193,2435,2586,2899;3285,2484,2612,3159,3193,2435,2586,2899;100,100,100,100,100,100,100,60;OOOOOOOO;95;0;701;8
[RECV] BSDC91 notify: RXG;1;2523;tag=2;mask=0xff;pc=8;guard=1200;spacing=1000;win=8165;pre=1;slot_to_entry_us=0;slot_to_sched_us=0;slot_to_write_done_us=0;slot_to_txcmd_us=274;slot_to_txdone_us=610;txcmd_to_txdone_us=335;txdone_to_rxstart_us=61;txdone_to_rxend_us=183;rxenable_
[RECV] BSDC91 notify: TR;3;2524;f;0;ff;7f;2408,3362,3520,2215,2509,3301,3089,0;2408,3362,3520,2215,2509,3301,3089,2389;100,100,100,100,100,100,100,48;OOOOOOOT;100;0;29541;8
[RECV] BS2DCE notify: TR;3;2531;f;0;ff;ff;3155,2568,2717,3239,3164,2419,2686,3188;3155,2568,2717,3239,3164,2419,2686,3188;100,100,100,100,100,100,100,62;OOOOOOOO;95;0;701;8
[RECV] BSDC91 notify: CD;1;2524;tag=2;local=0xb102;status=0x00800f02;rxf=0x0796c814;win=8165;pc=8;mask=0xff;resp=7;unexp=0;last_len=20;last_src=0xa106;last_dst=0xb102;last_code=0xe1
[RECV] BSDC91 notify: TR;3;2525;f;0;ff;7f;2500,3303,3382,2258,2532,3369,3058,0;2500,3303,3382,2258,2532,3369,3058,2389;100,100,100,100,100,100,100,46;OOOOOOOT;100;0;15747;8
[RECV] BSDC91 notify: TR;3;2526;f;0;ff;ff;2563,3453,3024,2554,2584,3384,3082,1922;2563,3453,3024,2554,2584,3384,3082,1922;100,100,100,100,100,100,100,48;OOOOOOOO;93;0;701;8
[RECV] BS2DCE notify: TR;3;2532;f;0;ff;ff;3149,2627,2722,3365,3064,2472,2658,2867;3149,2627,2722,3365,3064,2472,2658,2867;100,100,100,100,100,100,100,63;OOOOOOOO;95;0;701;8
[RECV] BSDC91 notify: TR;3;2527;f;0;ff;7f;2610,3433,3156,2545,2679,3410,3044,0;2610,3433,3156,2545,2679,3410,3044,1922;100,100,100,100,100,100,100,46;OOOOOOOT;100;0;671;8
[RECV] BSDC91 notify: TR;3;2528;f;0;ff;ff;2639,3445,3135,2332,2723,3763,3191,2055;2639,3445,3135,2332,2723,3763,3191,2055;100,100,100,100,100,100,100,52;OOOOOOOO;94;0;701;8
[RECV] BS2DCE notify: RXG;1;2532;tag=1;mask=0xff;pc=8;guard=1200;spacing=1000;win=8165;pre=1;slot_to_entry_us=0;slot_to_sched_us=0;slot_to_write_done_us=0;slot_to_txcmd_us=274;slot_to_txdone_us=610;txcmd_to_txdone_us=335;txdone_to_rxstart_us=61;txdone_to_rxend_us=183;rxenable_
[RECV] BS2DCE notify: CD;1;2532;tag=1;local=0xb101;status=0x02806f02;rxf=0x0776c814;win=8165;pc=8;mask=0xff;resp=8;unexp=0;last_len=20;last_src=0xa107;last_dst=0xb101;last_code=0xe1
[RECV] BS2DCE notify: TR;3;2533;f;0;ff;ff;3152,2654,2725,3412,3080,2486,2630,2955;3152,2654,2725,3412,3080,2486,2630,2955;100,100,100,100,100,100,100,64;OOOOOOOO;95;0;44647;8
[RECV] BS2DCE notify: TR;3;2534;f;0;ff;df;3101,2567,2801,3136,2987,0,2669,3302;3101,2567,2801,3136,2987,2486,2669,3302;100,100,100,100,100,96,100,65;OOOOOTOO;95;0;671;8
[RECV] BSDC91 notify: TR;3;2529;f;0;ff;7f;2779,3723,3040,2250,2864,3369,3058,0;2779,3723,3040,2250,2864,3369,3058,2055;100,100,100,100,100,100,100,50;OOOOOOOT;100;0;671;8
[RECV] BS2DCE notify: TR;3;2535;f;0;ff;ff;3046,2539,2773,3130,2966,2728,2614,3283;3046,2539,2773,3130,2966,2728,2614,3283;100,100,100,100,100,100,100,70;OOOOOOOO;96;0;701;8
[RECV] BSDC91 notify: TR;3;2530;f;0;ff;7f;2858,3548,2914,2170,2935,3608,2949,0;2858,3548,2914,2170,2935,3608,2949,2055;100,100,100,100,100,100,100,47;OOOOOOOT;100;0;671;8
[RECV] BS2DCE notify: TR;3;2536;f;0;ff;ff;2964,2517,2833,3152,3139,2630,2709,3330;2964,2517,2833,3152,3139,2630,2709,3330;100,100,100,100,100,100,100,72;OOOOOOOO;96;0;701;8
[RECV] BSDC91 notify: TR;3;2531;f;0;ff;7f;3732,3390,2920,2327,2952,3432,2946,0;3732,3390,2920,2327,2952,3432,2946,2055;100,100,100,100,100,100,100,45;OOOOOOOT;100;0;915;8
[RECV] BS2DCE notify: TR;3;2537;f;0;ff;7f;2930,2448,2880,3117,2972,2576,2691,0;2930,2448,2880,3117,2972,2576,2691,3330;100,100,100,100,100,100,100,68;OOOOOOOT;100;0;671;8
[RECV] BSDC91 notify: TR;3;2532;f;0;ff;ff;3172,3520,2840,2238,2973,3295,2848,2462;3172,3520,2840,2238,2973,3295,2848,2462;100,100,100,100,100,100,100,47;OOOOOOOO;93;0;671;8
[RECV] BS2DCE notify: TR;3;2538;f;0;ff;ff;2838,2564,2975,3392,2909,2496,2768,3117;2838,2564,2975,3392,2909,2496,2768,3117;100,100,100,100,100,100,100,70;OOOOOOOO;96;0;701;8
[RECV] BSDC91 notify: TR;3;2533;f;0;ff;ff;3358,3518,2784,2152,2929,3362,2870,2363;3358,3518,2784,2152,2929,3362,2870,2363;100,100,100,100,100,100,100,50;OOOOOOOO;93;0;701;8
[RECV] BS2DCE notify: TR;3;2539;f;0;ff;ff;2821,2627,2993,3391,2762,2626,2821,3204;2821,2627,2993,3391,2762,2626,2821,3204;100,100,100,100,100,100,100,71;OOOOOOOO;96;0;701;8
[RECV] BSDC91 notify: RXG;1;2533;tag=2;mask=0xff;pc=8;guard=1200;spacing=1000;win=8165;pre=1;slot_to_entry_us=0;slot_to_sched_us=0;slot_to_write_done_us=0;slot_to_txcmd_us=274;slot_to_txdone_us=610;txcmd_to_txdone_us=335;txdone_to_rxstart_us=61;txdone_to_rxend_us=183;rxenable_
[RECV] BSDC91 notify: TR;3;2534;f;0;ff;7f;3278,3527,2694,2213,2881,3403,2634,0;3278,3527,2694,2213,2881,3403,2634,2363;100,100,100,100,100,100,100,47;OOOOOOOT;100;0;29571;8
[RECV] BS2DCE notify: TR;3;2540;f;0;ff;7f;2752,2666,3047,3273,2707,2599,2850,0;2752,2666,3047,3273,2707,2599,2850,3204;100,100,100,100,100,100,100,68;OOOOOOOT;100;0;701;8
[RECV] BSDC91 notify: CD;1;2534;tag=2;local=0xb102;status=0x00806f02;rxf=0x0796c814;win=8165;pc=8;mask=0xff;resp=8;unexp=0;last_len=20;last_src=0xa107;last_dst=0xb102;last_code=0xe1
[RECV] BSDC91 notify: TR;3;2535;f;0;ff;ff;3203,3172,2589,2476,2970,3414,2609,2434;3203,3172,2589,2476,2970,3414,2609,2434;100,100,100,100,100,100,100,50;OOOOOOOO;93;0;15441;8
[RECV] BS2DCE notify: TR;3;2541;f;0;ff;ff;2711,2588,3231,3283,2586,2633,2834,2838;2711,2588,3231,3283,2586,2633,2834,2838;100,100,100,100,100,100,100,69;OOOOOOOO;96;0;671;8
[RECV] BSDC91 notify: TR;3;2536;f;0;ff;7f;3157,3162,2576,2744,3053,3391,2527,0;3157,3162,2576,2744,3053,3391,2527,2434;100,100,100,100,100,100,100,48;OOOOOOOT;100;0;671;8
[[HOST_WARN 459571.526] read failed after 'mode recv'; reopened serial and continued
[HOST_CMD 459571.526] device kind tag
RECV] BSDC91 notify: TR;3;2537;f;0;ff;7f;3198,3146,2549,2603,3083,3386,2461,0;3198,3146,2549,2603,3083,3386,2461,2434;100,100,100,100,100,100,100,46;OOOOOOOT;100;0;823;8
OTA NUS stage: enabled
[RECV] One-shot NUS command cleared (runtime)
[RECV] Master disconnecting peer[0]: bs=BSDC91
[RECV] Master disconnecting peer[1]: bs=BS2DCE
[RECV] device kind set: tag (OTA target preserved)
[RECV] Master discovery mode: CONN & START
[RECV] Peer clear wait: waited=0 conn_count=2 ready_count=0
[HOST_CMD 459573.532] ota_target token -1
[HOST_CMD 459574.133] ota_target name -
[RECV] Peer clear wait timeout: conn_count=2 ready_count=0
[RECV] SCAN start req: bt_ready=1 scan_running=0 connecting_slot=-1 conn_count=2 target=tag prefix=BS
[RECV] Scanning for BS*
[RECV] System target: kind=tag caps=0x0f (config=1 ota=1 stream=1 status=1)
OTA target filter: token=-1 name=- prefix=BS uuid=-
[RECV] ota_target name rc=0 value=-
OTA target filter: token=-1 name=- prefix=BS uuid=-
[RECV] Disconnected[1]: FF:5E:D2:80:EA:D2 (random) reason=0x16 link=nus ready=1
[RECV] CFG send failed[0]: tag=1 slot=0 err=-128
[RECV] TDMA weighted[0]: bs=BSDC91 profile=motion target=5Hz mask=0x0021 slots=2/10 actual_x100=500 epoch_delay=3000
[RECV] Disconnected[0]: D5:53:48:EF:8F:59 (random) reason=0x16 link=nus ready=1
[RECV] SCAN hit: D5:53:48:EF:8F:59 (random) rssi=-81 name=- bs=BSDC91 uuid=- target=tag uuid_ok=1 tag_name=0 anchor_name=0 nus=0 dfu=1 token=1 props=0x03
[RECV] CONNECT queue[0]: addr=D5:53:48:EF:8F:59 (random) link=nus uuid=- target=tag
[[HOST_CMD 459574.776] ota_target prefix BS
RECV] SCAN hit: FF:5E:D2:80:EA:D2 (random) rssi=-76 name=- bs=BS2DCE uuid=- target=tag uuid_ok=1 tag_name=0 anchor_name=0 nus=0 dfu=1 token=1 props=0x03
[RECV] CONNECT queue[1]: addr=FF:5E:D2:80:EA:D2 (random) link=nus uuid=- target=tag
[RECV] ota_target prefix rc=0 value=bs
OTA target filter: token=-1 name=- prefix=bs uuid=-
[RECV] CONNECT pending[0]: addr_valid=1 link=nus uuid=- scan_running=1 conn_count=0
[RECV] CONNECT pending[0]: bt_le_scan_stop rc=0 scan_running=1
[RECV] CONNECT pending[0] rc=0 conn=0x200048a0
[RECV] Connected[0]: D5:53:48:EF:8F:59 (random) name=- bs=BSDC91
[RECV] CONNECT state[0]: link=nus uuid=- ready=0 conn=0x200048a0
SETUP[0] defer: waiting 325 ms before discovery start
[RECV] CONNECT pending[1]: addr_valid=1 link=nus uuid=- scan_running=0 conn_count=1
[RECV] CONNECT pending[1] rc=0 conn=0x20004970
SETUP[0] defer: waiting 273 ms before discovery start
[RECV] PHY updated[0]: tx=0x2 rx=0x2
SETUP[0] defer: waiting 222 ms before discovery start
[RECV] Connected[1]: FF:5E:D2:80:EA:D2 (random) name=- bs=BS2DCE
[RECV] CONNECT state[1]: link=nus uuid=- ready=0 conn=0x20004970
SETUP[0] defer: waiting 172 ms before discovery start
SETUP[1] defer: waiting 336 ms before discovery start
SETUP[0] defer: waiting 121 ms before discovery start
SETUP[1] defer: waiting 285 ms before discovery start
S[HOST_CMD 459575.304] ota_target uuid -
ETUP[0] defer: waiting 71 ms before discovery start
SETUP[1] defer: waiting 235 ms before discovery start
[RECV] ota_target uuid rc=0 value=-
OTA target filter: token=-1 name=- prefix=bs uuid=-
SETUP[0] defer: waiting 20 ms before discovery start
SETUP[1] defer: waiting 184 ms before discovery start
[RECV] PHY updated[1]: tx=0x2 rx=0x2
SETUP[0] begin: link=nus uuid=- conn=0x200048a0
SETUP[0] mtu_exchange rc=0
SETUP[0] phy_update rc=0
SETUP[0] conn_param_update rc=0
[RECV] DISC start[0]: link=nus uuid=- conn=0x200048a0
SETUP[1] defer: global discovery busy
[RECV] MTU exchange[0] done (498)
[RECV] Conn param updated[0]: int=6 lat=0 to=400
SETUP[1] defer: global discovery busy
[RECV] PHY updated[0]: tx=0x2 rx=0x2
SETUP[1] defer: global discovery busy
SETUP[1] defer: global discovery busy
SETUP[1] defer: global discovery busy
SETUP[1] defer: global discovery busy
SETUP[1] defer: global discovery busy
[RECV] DISC complete[0]: link=nus discovered_service=2800 uuid=-
[RECV] BLE[0] link ready
[RECV] CFG assigned[0]: bs=BSDC91 tag=1 slot=0/10 mask=0x0021 period=40 active=24 gen=4 pmode=0
[RECV] TDMA weighted[0]: bs=BSDC91 profile=motion target=5Hz mask=0x0021 slots=2/10 actual_x100=500 epoch_delay=3000
[RECV] SCAN start req: bt_ready=1 scan_running=0 connecting_slot=-1 conn_count=2 target=tag prefix=BS
SETUP[1] begin: link=nus uuid=- conn=0x20004970
SETUP[1] mtu_exchange rc=0
[RECV] Scanning for BS*
SETUP[1] phy_update rc=0
SETUP[1] conn_param_update rc=0
[RECV] DISC start[1]: link=nus uuid=- conn=0x20004970
[[HOST_CMD 459575.805] tdma hold 1
RECV] MTU exchange[1] done (498)
[RECV] Conn param updated[1]: int=6 lat=0 to=400
[RECV] TDMA rebalance hold=1 deferred=0
[RECV] tdma hold rc=0 hold=1
[RECV] BSDC91 notify: TR;3;2580;f;0;ff;7f;2340,3221,3605,2448,2358,3122,3353,0;2340,3221,3605,2448,2358,3122,3353,2414;100,100,100,100,100,100,100,76;OOOOOOOT;100;0;671;8
[RECV] PHY updated[1]: tx=0x2 rx=0x2
[RECV] CFG confirmed[0]: tag=1 slot=0/10 mask=0x0021 period=40 active=24 gen=4 live=1
[RECV] BSDC91 notify: CFG_OK TAG=1 SLOT=0/10 MASK=0x0021 PERIOD=40 ACTIVE=24 GEN=4 LIVE=1
[RECV] BSDC91 notify: TR;3;2581;f;0;ff;ff;2334,3256,3469,2245,2310,3220,3281,2170;2334,3256,3469,2245,2310,3220,3281,2170;100,100,100,100,100,100,100,77;OOOOOOOO;97;0;671;8
[RECV] DISC complete[1]: link=nus discovered_service=2800 uuid=-
[RECV] BLE[1] link ready
[RECV] TDMA rebalance deferred: hold=1
[RECV] BS2DCE notify: TR;3;2588;f;0;ff;ff;3366,2521,2594,3185,3297,2383,2593,3132;3366,2521,2594,3185,3297,2383,2593,3132;100,100,95,100,100,100,100,63;OOOOOOOO;94;0;701;8
[RECV] BS2DCE notify: TR;3;2589;f;0;ff;ff;3272,2480,2612,3159,3276,2420,2651,3149;3272,2480,2612,3159,3276,2420,2651,3149;100,100,95,100,100,100,100,65;OOOOOOOO;95;0;701;8
[[HOST_CMD 459576.327] cmd_all MODE AOTA
RECV] BS2DCE notify: TR;3;2590;f;0;ff;7f;3216,2536,2689,3256,3194,2463,2644,0;3216,2536,2689,3256,3194,2463,2644,3149;100,100,95,100,100,100,100,62;OOOOOOOT;99;0;701;8
[RECV] BLE cmd_all sent[0]: MODE AOTA
[RECV] BLE cmd_all sent[1]: MODE AOTA
[RECV] cmd_all rc=2 payload=MODE AOTA
[RECV] BS2DCE notify: MODE_OK MODE=AOTA LIVE=1
[RECV] BS2DCE notify: TR;3;2591;f;0;ff;ff;3145,2617,2695,3141,3075,2456,2679,3109;3145,2617,2695,3141,3075,2456,2679,3109;100,100,96,100,100,100,100,64;OOOOOOOO;95;0;701;8
[RECV] BS2DCE notify: TD;1;2591;3;anchor_ota;0;0;1;0;25;0;0;0;8;0
[RECV] BSDC91 notify: MODE_OK MODE=AOTA LIVE=1
[HOST_CMD 459577.453] tdma clear
[RECV] TDMA profiles cleared
[RECV] TDMA rebalance deferred: hold=1
[RECV] tdma clear rc=0
[HOST_CMD 459578.657] tdma freq static 5
[RECV] TDMA freq set: static=5Hz
[RECV] TDMA rebalance deferred: hold=1
[RECV] tdma freq rc=0 profile=static hz=5
[RECV] BSDC91 notify: RXG;1;2581;tag=1;mask=0xff;pc=8;guard=1200;spacing=1000;win=8165;pre=1;slot_to_entry_us=0;slot_to_sched_us=0;slot_to_write_done_us=0;slot_to_txcmd_us=274;slot_to_txdone_us=610;txcmd_to_txdone_us=335;txdone_to_rxstart_us=61;txdone_to_rxend_us=183;rxenable_
[RECV] BSDC91 notify: CD;1;2581;tag=1;local=0xb101;status=0x00806f02;rxf=0x0786c814;win=8165;pc=8;mask=0xff;resp=8;unexp=0;last_len=20;last_src=0xa107;last_dst=0xb101;last_code=0xe1
[RECV] BSDC91 notify: TR;3;2582;f;0;ff;ff;3349,2462,2346,3151,3351,2478,2418,3158;3349,2462,2346,3151,3351,2478,2418,3158;100,100,100,100,100,100,100,100;OOOOOOOO;100;0;44128;8
[RECV] BSDC91 notify: TD;1;2582;3;anchor_ota;0;0;1;0;25;0;0;0;8;0
[HOST_CMD 459579.254] tdma freq roto 10
[RECV] TDMA freq set: roto=10Hz
[RECV] TDMA rebalance deferred: hold=1
[RECV] tdma freq rc=0 profile=roto hz=10
[HOST_CMD 459579.857] tdma freq motion 10
[RECV] TDMA freq set: motion=10Hz
[RECV] TDMA rebalance deferred: hold=1
[RECV] tdma freq rc=0 profile=motion hz=10
[RECV] Conn param updated[1]: int=6 lat=0 to=400
[RECV] Conn param updated[0]: int=6 lat=0 to=400
[HOST_CMD 459580.490] tdma roster BS2DCE motion
[RECV] TDMA roster set: BS2DCE -> motion
[RECV] tdma roster rc=0 target=BS2DCE profile=motion
[HOST_CMD 459581.093] tdma roster BSDC91 motion
[RECV] TDMA roster set: BSDC91 -> motion
[RECV] tdma roster rc=0 target=BSDC91 profile=motion
[RECV] BS2DCE notify: TD;1;2591;3;anchor_ota;0;0;1;0;25;0;0;0;8;0
[HOST_CMD 459581.647] ota_target token -1
[RECV] ota_target token rc=0 value=-1
OTA target filter: token=-1 name=- prefix=bs uuid=-
[HOST_CMD 459582.253] ota_target name -
[RECV] ota_target name rc=0 value=-
OTA target filter: token=-1 name=- prefix=bs uuid=-
[HOST_CMD 459582.856] ota_target prefix BS
[RECV] ota_target prefix rc=0 value=bs
OTA target filter: token=-1 name=- prefix=bs uuid=-
[HOST_CMD 459583.459] ota_target uuid -
[RECV] ota_target uuid rc=0 value=-
OTA target filter: token=-1 name=- prefix=bs uuid=-
[[HOST_CMD 459584.026] conn
RECV] BSDC91 notify: TD;1;2582;3;anchor_ota;0;0;1;0;25;0;0;0;8;0
[RECV] Master discovery mode: CONN & START
[RECV] SCAN start req: bt_ready=1 scan_running=0 connecting_slot=-1 conn_count=2 target=tag prefix=BS
[RECV] Scanning for BS*
[RECV] BS2DCE notify: TD;1;2591;3;anchor_ota;0;0;1;0;25;0;0;0;8;0
[RECV] BSDC91 notify: TD;1;2582;3;anchor_ota;0;0;1;0;25;0;0;0;8;0
[RECV] BS2DCE notify: TD;1;2591;3;anchor_ota;0;0;1;0;25;0;0;0;8;0
[RECV] BSDC91 notify: TD;1;2582;3;anchor_ota;0;0;1;0;25;0;0;0;8;0
[RECV] BS2DCE notify: TD;1;2591;3;anchor_ota;0;0;1;0;25;0;0;0;8;0
[HOST_CMD 459598.056] tdma hold 0
[RECV] TDMA rebalance hold=0 deferred=1
[RECV] CFG assigned[1]: bs=BS2DCE tag=1 slot=0/10 mask=0x0129 period=40 active=24 gen=5 pmode=0
[RECV] TDMA weighted[0]: bs=BS2DCE profile=motion target=10Hz mask=0x0129 slots=4/10 actual_x100=1000 epoch_delay=3000
[RECV] CFG assigned[0]: bs=BSDC91 tag=2 slot=1/10 mask=0x0252 period=40 active=24 gen=5 pmode=0
[RECV] TDMA weighted[1]: bs=BSDC91 profile=motion target=10Hz mask=0x0252 slots=4/10 actual_x100=1000 epoch_delay=2999
[RECV] tdma hold rc=0 hold=0
[RECV] CFG confirmed[1]: tag=1 slot=0/10 mask=0x0129 period=40 active=24 gen=5 live=1
[RECV] BS2DCE notify: CFG_OK TAG=1 SLOT=0/10 MASK=0x0129 PERIOD=40 ACTIVE=24 GEN=5 LIVE=1
[RECV] CFG confirmed[0]: tag=2 slot=1/10 mask=0x0252 period=40 active=24 gen=5 live=1
[RECV] BSDC91 notify: CFG_OK TAG=2 SLOT=1/10 MASK=0x0252 PERIOD=40 ACTIVE=24 GEN=5 LIVE=1
[HOST_CMD 459599.235] tdma show
[RECV] TDMA weighted scheduler: period=40ms active=24ms max_slots=12 freq motion=10Hz static=5Hz roto=10Hz
[RECV] TDMA profile: BS2DCE -> motion target=10Hz
[RECV] TDMA profile: BSDC91 -> motion target=10Hz
[HOST_CMD 459600.238] status
[RECV] Control status: mode=RECV pending=0
[HOST_CMD 459601.041] device show
[RECV] System target: kind=tag caps=0x0f (config=1 ota=1 stream=1 status=1)
OTA target filter: token=-1 name=- prefix=bs uuid=-
[RECV] BS2DCE notify: RXG;1;2591;tag=1;mask=0xff;pc=8;guard=1200;spacing=1000;win=8165;pre=1;slot_to_entry_us=0;slot_to_sched_us=0;slot_to_write_done_us=0;slot_to_txcmd_us=274;slot_to_txdone_us=610;txcmd_to_txdone_us=335;txdone_to_rxstart_us=61;txdone_to_rxend_us=183;rxenable_
[RECV] BS2DCE notify: CD;1;2591;tag=1;local=0xb101;status=0x02806f02;rxf=0x07a6c814;win=8165;pc=8;mask=0xff;resp=8;unexp=0;last_len=20;last_src=0xa107;last_dst=0xb101;last_code=0xe1
[RECV] BS2DCE notify: TR;3;2592;f;0;ff;ff;2825,2591,3013,3401,2799,2582,2786,3290;2825,2591,3013,3401,2799,2582,2786,3290;100,100,100,100,100,100,100,100;OOOOOOOO;100;0;44708;8
[RECV] BSDC91 notify: RXG;1;2582;tag=2;mask=0xff;pc=8;guard=1200;spacing=1000;win=8165;pre=1;slot_to_entry_us=0;slot_to_sched_us=0;slot_to_write_done_us=0;slot_to_txcmd_us=274;slot_to_txdone_us=610;txcmd_to_txdone_us=335;txdone_to_rxstart_us=61;txdone_to_rxend_us=183;rxenable_
[RECV] BSDC91 notify: CD;1;2582;tag=2;local=0xb102;status=0x00800b02;rxf=0x0756c814;win=8165;pc=8;mask=0xff;resp=7;unexp=0;last_len=20;last_src=0xa106;last_dst=0xb102;last_code=0xe1
[RECV] BSDC91 notify: TR;3;2583;f;0;ff;7f;3196,3223,2608,2358,3030,3405,2571,0;3196,3223,2608,2358,3030,3405,2571,0;100,100,100,100,100,100,100,0;OOOOOOOT;100;0;44158;8
[RECV] BS2DCE notify: TR;3;2593;f;0;ff;7f;2746,2626,3069,3352,2663,2604,2858,0;2746,2626,3069,3352,2663,2604,2858,3290;100,100,100,100,100,100,100,50;OOOOOOOT;100;0;671;8
[RECV] BS2DCE notify: TR;3;2594;f;0;ff;ff;2754,2604,3205,3284,2566,2633,2821,3094;2754,2604,3205,3284,2566,2633,2821,3094;100,100,100,100,100,100,100,66;OOOOOOOO;95;0;671;8
[RECV] BS2DCE notify: TR;3;2595;f;0;ff;ff;2687,2675,3254,2975,2632,2686,2929,2724;2687,2675,3254,2975,2632,2686,2929,2724;100,100,100,100,100,100,100,75;OOOOOOOO;96;0;701;8
[RECV] BSDC91 notify: TR;3;2584;f;0;ff;7f;3195,3185,2565,2523,3064,3392,2578,0;3195,3185,2565,2523,3064,3392,2578,0;100,100,100,100,100,100,100,0;OOOOOOOT;100;0;671;8
[RECV] BS2DCE notify: TR;3;2596;f;0;ff;ff;2738,2655,3273,3089,2639,2734,2867,3084;2738,2655,3273,3089,2639,2734,2867,3084;100,100,100,100,100,100,100,80;OOOOOOOO;97;0;671;8
[RECV] BSDC91 notify: TR;3;2585;f;0;ff;7f;3145,3175,2535,2574,3077,3444,2404,0;3145,3175,2535,2574,3077,3444,2404,0;100,100,100,100,100,100,100,0;OOOOOOOT;100;0;671;8
[RECV] BSDC91 notify: TR;3;2586;f;0;ff;7f;3167,3107,2507,2626,3196,3214,2408,0;3167,3107,2507,2626,3196,3214,2408,0;100,100,100,100,100,100,100,0;OOOOOOOT;100;0;671;8
[RECV] BS2DCE notify: TR;3;2597;f;0;ff;ff;2715,2752,3274,2808,2539,2687,2917,3141;2715,2752,3274,2808,2539,2687,2917,3141;100,100,100,100,100,100,100,83;OOOOOOOO;97;0;701;8
[RECV] BSDC91 notify: TR;3;2587;f;0;ff;7f;3174,3088,2505,2680,3238,3181,2393,0;3174,3088,2505,2680,3238,3181,2393,0;100,100,100,100,100,100,100,0;OOOOOOOT;100;0;671;8
[RECV] BS2DCE notify: TR;3;2598;f;0;ff;ff;2631,2813,3188,2883,2514,2685,2983,3026;2631,2813,3188,2883,2514,2685,2983,3026;100,100,100,100,100,100,100,85;OOOOOOOO;98;0;671;8
[RECV] BSDC91 notify: TR;3;2588;f;0;ff;ff;3230,3026,2521,2570,3290,3046,2254,2777;3230,3026,2521,2570,3290,3046,2254,2777;100,100,100,100,100,100,100,16;OOOOOOOO;100;0;671;8
[RECV] BS2DCE notify: TR;3;2599;f;0;ff;ff;2592,2884,3229,2828,2475,2754,3102,2991;2592,2884,3229,2828,2475,2754,3102,2991;100,100,100,100,100,100,100,87;OOOOOOOO;98;0;701;8
[RECV] BSDC91 notify: TR;3;2589;f;0;ff;7f;3214,2937,2493,2747,3283,3019,2239,0;3214,2937,2493,2747,3283,3019,2239,2777;100,100,100,100,100,100,100,14;OOOOOOOT;100;0;671;8
[RECV] BSDC91 notify: TR;3;2590;f;0;ff;7f;3266,2835,2452,2753,3353,2936,2157,0;3266,2835,2452,2753,3353,2936,2157,2777;100,100,100,100,100,100,100,12;OOOOOOOT;100;0;671;8
[RECV] BS2DCE notify: TR;3;2600;f;0;ff;ff;2637,2885,3215,2922,2467,2874,3035,2936;2637,2885,3215,2922,2467,2874,3035,2936;100,100,100,100,100,100,100,88;OOOOOOOO;98;0;701;8
[RECV] BS2DCE notify: TR;3;2601;f;0;ff;ff;2569,3068,3238,2780,2402,2891,3110,2852;2569,3068,3238,2780,2402,2891,3110,2852;100,100,100,100,100,100,100,90;OOOOOOOO;98;0;701;8
[RECV] BSDC91 notify: TR;3;2591;f;0;ff;ff;3287,2837,2445,2537,3475,2924,2148,2966;3287,2837,2445,2537,3475,2924,2148,2966;100,100,100,100,100,100,100,22;OOOOOOOO;90;0;671;8
[RECV] BS2DCE notify: RXG;1;2601;tag=1;mask=0xff;pc=8;guard=1200;spacing=1000;win=8165;pre=1;slot_to_entry_us=0;slot_to_sched_us=0;slot_to_write_done_us=0;slot_to_txcmd_us=274;slot_to_txdone_us=610;txcmd_to_txdone_us=335;txdone_to_rxstart_us=61;txdone_to_rxend_us=183;rxenable_
[RECV] BS2DCE notify: CD;1;2601;tag=1;local=0xb101;status=0x02800b02;rxf=0x07d6c814;win=8165;pc=8;mask=0xff;resp=7;unexp=0;last_len=20;last_src=0xa106;last_dst=0xb101;last_code=0xe1
[RECV] BS2DCE notify: TR;3;2602;f;0;ff;7f;2625,3070,3301,2747,2413,2937,3207,0;2625,3070,3301,2747,2413,2937,3207,2852;100,100,100,100,100,100,100,81;OOOOOOOT;100;0;44891;8
[RECV] BSDC91 notify: TR;3;2592;f;0;ff;ff;3278,2773,2362,2702,3607,2844,2189,2888;3278,2773,2362,2702,3607,2844,2189,2888;100,100,100,100,100,100,100,30;OOOOOOOO;91;0;671;8
[RECV] BS2DCE notify: TR;3;2603;f;0;ff;ff;2540,3112,3317,2747,2445,2877,3090,2622;2540,3112,3317,2747,2445,2877,3090,2622;100,100,100,100,100,100,100,83;OOOOOOOO;97;0;793;8
[RECV] BSDC91 notify: RXG;1;2592;tag=2;mask=0xff;pc=8;guard=1200;spacing=1000;win=8165;pre=1;slot_to_entry_us=0;slot_to_sched_us=0;slot_to_write_done_us=0;slot_to_txcmd_us=274;slot_to_txdone_us=610;txcmd_to_txdone_us=335;txdone_to_rxstart_us=61;txdone_to_rxend_us=183;rxenable_
[RECV] BS2DCE notify: TR;3;2604;f;0;ff;ff;2769,3137,3388,2706,2432,2994,3132,2636;2769,3137,3388,2706,2432,2994,3132,2636;100,100,100,100,100,100,100,84;OOOOOOOO;98;0;701;8
[RECV] BSDC91 notify: CD;1;2592;tag=2;local=0xb102;status=0x00800f02;rxf=0x0766c814;win=8165;pc=8;mask=0xff;resp=7;unexp=0;last_len=20;last_src=0xa106;last_dst=0xb102;last_code=0xe1
[RECV] BSDC91 notify: TR;3;2593;f;0;ff;7f;3355,2713,2397,2694,3627,2780,2122,0;3355,2713,2397,2694,3627,2780,2122,2888;100,100,100,100,100,100,100,27;OOOOOOOT;100;0;44158;8
[RECV] BSDC91 notify: TR;3;2594;f;0;ff;ff;3402,2714,2346,2834,3743,2730,2121,2956;3402,2714,2346,2834,3743,2730,2121,2956;100,100,100,100,100,100,100,33;OOOOOOOO;91;0;671;8
[RECV] BS2DCE notify: TR;3;2605;f;0;ff;ff;2724,3109,3447,2627,2524,2983,3087,2515;2724,3109,3447,2627,2524,2983,3087,2515;100,100,100,100,100,100,100,85;OOOOOOOO;98;0;701;8
[RECV] BSDC91 notify: TR;3;2595;f;0;ff;7f;3437,2670,2298,3403,3874,2614,2263,0;3437,2670,2298,3403,3874,2614,2263,2956;100,100,100,100,100,100,100,30;OOOOOOOT;100;0;671;8
[RECV] BS2DCE notify: TR;3;2606;f;0;ff;ff;2531,3142,3458,2657,2536,3087,3162,2518;2531,3142,3458,2657,2536,3087,3162,2518;100,100,100,100,100,100,100,86;OOOOOOOO;98;0;671;8
[RECV] BSDC91 notify: TR;3;2596;f;0;ff;7f;3395,2590,2269,3256,3510,2531,2310,0;3395,2590,2269,3256,3510,2531,2310,2956;100,100,100,100,100,100,100,28;OOOOOOOT;100;0;671;8
[RECV] BS2DCE notify: TR;3;2607;f;0;ff;ff;2529,3111,3396,2467,2646,3105,3107,2495;2529,3111,3396,2467,2646,3105,3107,2495;100,100,100,100,100,100,100,87;OOOOOOOO;98;0;701;8
[RECV] BSDC91 notify: TR;3;2597;f;0;ff;ff;3418,2551,2298,3357,3430,2473,2138,3005;3418,2551,2298,3357,3430,2473,2138,3005;100,100,100,100,100,100,100,33;OOOOOOOO;91;0;671;8
[RECV] BS2DCE notify: TR;3;2608;f;0;ff;ff;2503,3186,3431,2558,2580,3149,3179,2393;2503,3186,3431,2558,2580,3149,3179,2393;100,100,100,100,100,100,100,88;OOOOOOOO;98;0;671;8
[RECV] BSDC91 notify: TR;3;2598;f;0;ff;7f;3372,2463,2248,3245,3339,2409,2518,0;3372,2463,2248,3245,3339,2409,2518,3005;100,100,100,100,100,100,100,31;OOOOOOOT;100;0;671;8
[RECV] BSDC91 notify: TR;3;2599;f;0;ff;7f;3362,2476,2281,3322,3371,2423,2390,0;3362,2476,2281,3322,3371,2423,2390,3005;100,100,100,100,100,100,100,29;OOOOOOOT;100;0;671;8
[RECV] BSDC91 notify: TR;3;2600;f;0;ff;ff;3366,2456,2366,3097,3407,2301,2368,3046;3366,2456,2366,3097,3407,2301,2368,3046;100,100,100,100,100,100,100,33;OOOOOOOO;91;0;701;8
[RECV] BS2DCE notify: TR;3;2609;f;0;ff;ff;2487,3173,3353,2476,2602,3144,3187,2435;2487,3173,3353,2476,2602,3144,3187,2435;100,100,100,100,100,100,100,88;OOOOOOOO;98;0;701;8
[RECV] BS2DCE notify: TR;3;2610;f;0;ff;ff;2498,3145,3268,2399,2663,3261,3090,2331;2498,3145,3268,2399,2663,3261,3090,2331;100,100,100,100,100,100,100,89;OOOOOOOO;98;0;701;8
[RECV] BS2DCE notify: TR;3;2611;f;0;ff;ff;2547,3299,3315,2419,2641,3255,3105,2392;2547,3299,3315,2419,2641,3255,3105,2392;100,100,100,100,100,100,100,90;OOOOOOOO;98;0;701;8
[RECV] BSDC91 notify: TR;3;2601;f;0;ff;7f;3426,2391,2392,3162,3330,2323,2393,0;3426,2391,2392,3162,3330,2323,2393,3046;100,100,100,100,100,100,100,31;OOOOOOOT;100;0;671;8
[RECV] BSDC91 notify: TR;3;2602;f;0;ff;7f;3350,2375,2445,3218,3307,2261,2404,0;3350,2375,2445,3218,3307,2261,2404,3046;100,100,100,100,100,100,100,30;OOOOOOOT;100;0;671;8
[RECV] BS2DCE notify: RXG;1;2611;tag=1;mask=0xff;pc=8;guard=1200;spacing=1000;win=8165;pre=1;slot_to_entry_us=0;slot_to_sched_us=0;slot_to_write_done_us=0;slot_to_txcmd_us=274;slot_to_txdone_us=610;txcmd_to_txdone_us=335;txdone_to_rxstart_us=91;txdone_to_rxend_us=213;rxenable_
[RECV] BSDC91 notify: RXG;1;2602;tag=2;mask=0xff;pc=8;guard=1200;spacing=1000;win=8165;pre=1;slot_to_entry_us=0;slot_to_sched_us=0;slot_to_write_done_us=0;slot_to_txcmd_us=335;slot_to_txdone_us=701;txcmd_to_txdone_us=366;txdone_to_rxstart_us=61;txdone_to_rxend_us=183;rxenable_
[RECV] BS2DCE notify: CD;1;2611;tag=1;local=0xb101;status=0x02806f02;rxf=0x0756c814;win=8165;pc=8;mask=0xff;resp=8;unexp=0;last_len=20;last_src=0xa107;last_dst=0xb101;last_code=0xe1
[RECV] BS2DCE notify: TR;3;2612;f;0;ff;ff;2522,3268,3336,2430,2634,3207,3029,2375;2522,3268,3336,2430,2634,3207,3029,2375;100,100,100,100,100,100,100,90;OOOOOOOO;98;0;44891;8
[RECV] BSDC91 notify: CD;1;2602;tag=2;local=0xb102;status=0x00806f02;rxf=0x0766c814;win=8165;pc=8;mask=0xff;resp=8;unexp=0;last_len=20;last_src=0xa107;last_dst=0xb102;last_code=0xe1
[RECV] BSDC91 notify: TR;3;2603;f;0;ff;ff;3323,2418,2523,3267,3204,2245,2386,3241;3323,2418,2523,3267,3204,2245,2386,3241;100,100,100,100,100,100,100,33;OOOOOOOO;91;0;44219;8
[RECV] BS2DCE notify: TR;3;2613;f;0;ff;ff;2632,3226,3406,2466,2628,3354,3029,2163;2632,3226,3406,2466,2628,3354,3029,2163;100,100,100,100,100,100,100,90;OOOOOOOO;98;0;671;8
[RECV] BS2DCE notify: TR;3;2614;f;0;ff;ff;2645,3331,3235,2506,2641,3250,3077,2340;2645,3331,3235,2506,2641,3250,3077,2340;100,100,100,100,100,100,100,91;OOOOOOOO;98;0;701;8
[RECV] BS2DCE notify: TR;3;2615;f;0;ff;ff;2695,3434,3124,2584,2822,3377,3049,2385;2695,3434,3124,2584,2822,3377,3049,2385;100,100,100,100,100,100,100,91;OOOOOOOO;98;0;671;8
[RECV] BSDC91 notify: TR;3;2604;f;0;ff;ff;3288,2498,2523,3331,3163,2311,2503,3227;3288,2498,2523,3331,3163,2311,2503,3227;100,100,100,100,100,100,100,36;OOOOOOOO;92;0;701;8
[RECV] BSDC91 notify: TR;3;2605;f;0;ff;ff;3157,2434,2641,3358,3104,2293,2517,3404;3157,2434,2641,3358,3104,2293,2517,3404;100,100,100,100,100,100,100,39;OOOOOOOO;92;0;854;8
[RECV] BS2DCE notify: TR;3;2616;f;0;ff;ff;2758,3476,3141,2545,2798,3386,3106,2413;2758,3476,3141,2545,2798,3386,3106,2413;100,100,100,100,100,100,100,92;OOOOOOOO;99;0;671;8
[RECV] BSDC91 notify: TR;3;2606;f;0;ff;ff;3168,2520,2668,3250,3044,2412,2631,3271;3168,2520,2668,3250,3044,2412,2631,3271;100,100,100,100,100,100,100,41;OOOOOOOO;92;0;701;8
[RECV] BS2DCE notify: TR;3;2617;f;0;ff;7f;2795,3406,3049,2392,2840,3416,3035,0;2795,3406,3049,2392,2840,3416,3035,2413;100,100,100,100,100,100,100,88;OOOOOOOT;100;0;671;8
[RECV] BSDC91 notify: TR;3;2607;f;0;ff;7f;3145,2437,2680,3340,3130,2342,2597,0;3145,2437,2680,3340,3130,2342,2597,3271;100,100,100,100,100,100,100,40;OOOOOOOT;100;0;671;8
[RECV] BS2DCE notify: TR;3;2618;f;0;ff;ff;3337,3388,2947,2345,2869,3265,2919,2642;3337,3388,2947,2345,2869,3265,2919,2642;100,100,100,100,100,100,100,88;OOOOOOOO;98;0;671;8
[RECV] BSDC91 notify: TR;3;2608;f;0;ff;7f;3008,2357,2757,3054,3233,2519,2588,0;3008,2357,2757,3054,3233,2519,2588,3271;100,100,100,100,100,100,100,38;OOOOOOOT;100;0;671;8
[RECV] BS2DCE notify: TR;3;2619;f;0;ff;ff;3244,3401,2921,2436,2800,3374,2890,2641;3244,3401,2921,2436,2800,3374,2890,2641;100,100,100,100,100,100,100,89;OOOOOOOO;98;0;701;8
[RECV] BSDC91 notify: TR;3;2609;f;0;ff;ff;2967,2386,2812,3215,3135,2413,2660,3161;2967,2386,2812,3215,3135,2413,2660,3161;100,100,100,100,100,100,100,40;OOOOOOOO;92;0;701;8
[RECV] BS2DCE notify: TR;3;2620;f;0;ff;ff;3181,3272,2905,2342,2989,3309,2911,2530;3181,3272,2905,2342,2989,3309,2911,2530;100,100,100,100,100,100,100,89;OOOOOOOO;98;0;701;8
[RECV] BS2DCE notify: TR;3;2621;f;0;ff;ff;3191,3303,2884,2438,2929,3219,2818,2606;3191,3303,2884,2438,2929,3219,2818,2606;100,100,100,100,100,100,100,90;OOOOOOOO;98;0;671;8
[RECV] BSDC91 notify: TR;3;2610;f;0;ff;7f;2969,2421,2815,3335,2986,2388,2674,0;2969,2421,2815,3335,2986,2388,2674,3161;100,100,100,100,100,100,100,39;OOOOOOOT;100;0;671;8
[RECV] BS2DCE notify: RXG;1;2621;tag=1;mask=0xff;pc=8;guard=1200;spacing=1000;win=8165;pre=1;slot_to_entry_us=0;slot_to_sched_us=0;slot_to_write_done_us=0;slot_to_txcmd_us=274;slot_to_txdone_us=610;txcmd_to_txdone_us=335;txdone_to_rxstart_us=61;txdone_to_rxend_us=183;rxenable_
[RECV] BS2DCE notify: TR;3;2622;f;0;ff;ff;3165,3400,2809,2547,2929,3204,2876,2477;3165,3400,2809,2547,2929,3204,2876,2477;100,100,100,100,100,100,100,90;OOOOOOOO;98;0;29907;8
[RECV] BSDC91 notify: TR;3;2611;f;0;ff;7f;2839,2385,2872,3199,2912,2405,2725,0;2839,2385,2872,3199,2912,2405,2725,3161;100,100,100,100,100,100,100,37;OOOOOOOT;100;0;671;8
[RECV] BSDC91 notify: TR;3;2612;f;0;ff;7f;2753,2474,2951,3419,2769,2494,2840,0;2753,2474,2951,3419,2769,2494,2840,3161;100,100,100,100,100,100,100,36;OOOOOOOT;100;0;671;8
[RECV] BS2DCE notify: CD;1;2622;tag=1;local=0xb101;status=0x02806f02;rxf=0x0766c814;win=8165;pc=8;mask=0xff;resp=8;unexp=0;last_len=20;last_src=0xa107;last_dst=0xb101;last_code=0xe1
[RECV] BS2DCE notify: TR;3;2623;f;0;ff;ff;3106,3210,2836,2455,2972,3255,2688,2682;3106,3210,2836,2455,2972,3255,2688,2682;100,100,100,100,100,100,100,90;OOOOOOOO;98;0;15655;8
[RECV] BS2DCE notify: TR;3;2624;f;0;ff;ff;3063,3169,2779,2684,2994,3263,2679,2615;3063,3169,2779,2684,2994,3263,2679,2615;100,100,100,100,100,100,100,94;OOOOOOOO;99;0;701;8
[RECV] BS2DCE notify: TR;3;2625;f;0;ff;ff;3063,3138,2728,2697,3006,3261,2587,2641;3063,3138,2728,2697,3006,3261,2587,2641;100,100,100,100,100,100,100,94;OOOOOOOO;99;0;701;8
[RECV] BS2DCE notify: TR;3;2626;f;0;ff;ff;3119,3091,2681,2746,3114,3234,2537,2556;3119,3091,2681,2746,3114,3234,2537,2556;100,100,100,100,100,100,100,94;OOOOOOOO;99;0;701;8
[RECV] BSDC91 notify: RXG;1;2612;tag=2;mask=0xff;pc=8;guard=1200;spacing=1000;win=8165;pre=1;slot_to_entry_us=0;slot_to_sched_us=0;slot_to_write_done_us=0;slot_to_txcmd_us=274;slot_to_txdone_us=610;txcmd_to_txdone_us=335;txdone_to_rxstart_us=61;txdone_to_rxend_us=183;rxenable_
[RECV] BSDC91 notify: CD;1;2612;tag=2;local=0xb102;status=0x00800b02;rxf=0x0796c814;win=8165;pc=8;mask=0xff;resp=7;unexp=0;last_len=20;last_src=0xa106;last_dst=0xb102;last_code=0xe1
[RECV] BSDC91 notify: TR;3;2613;f;0;ff;7f;2699,2459,3048,3220,2683,2585,2804,0;2699,2459,3048,3220,2683,2585,2804,3161;100,100,100,100,100,100,100,35;OOOOOOOT;100;0;44158;8
[RECV] BSDC91 notify: TR;3;2614;f;0;ff;7f;2711,2514,3085,3276,2547,2613,2909,0;2711,2514,3085,3276,2547,2613,2909,3161;100,100,100,100,100,100,100,34;OOOOOOOT;100;0;671;8
[RECV] BS2DCE notify: TR;3;2627;f;0;ff;5f;3163,3005,2600,2574,3215,0,2499,0;3163,3005,2600,2574,3215,3234,2499,2556;100,100,100,100,100,95,100,90;OOOOOTOT;100;0;671;8
[RECV] BSDC91 notify: TR;3;2615;f;0;ff;ff;2624,2551,3138,3228,2483,2570,2935,3122;2624,2551,3138,3228,2483,2570,2935,3122;100,100,100,100,100,100,100,41;OOOOOOOO;92;0;701;8
[RECV] BSDC91 notify: TR;3;2616;f;0;ff;ff;2607,2631,3177,3172,2465,2645,2927,2997;2607,2631,3177,3172,2465,2645,2927,2997;100,100,100,100,100,100,100,44;OOOOOOOO;93;0;671;8
[RECV] BSDC91 notify: TR;3;2617;f;0;ff;7f;2603,2716,3356,2890,2396,2700,2958,0;2603,2716,3356,2890,2396,2700,2958,2997;100,100,100,100,100,100,100,42;OOOOOOOT;100;0;671;8
[RECV] BS2DCE notify: TR;3;2628;f;0;ff;ff;3134,2990,2577,2753,3281,3073,2403,2646;3134,2990,2577,2753,3281,3073,2403,2646;100,100,100,100,100,95,100,90;OOOOOOOO;98;0;701;8
[RECV] BS2DCE notify: TR;3;2629;f;0;ff;7f;3155,2949,2648,2809,3254,3035,2395,0;3155,2949,2648,2809,3254,3035,2395,2646;100,100,100,100,100,95,100,86;OOOOOOOT;99;0;671;8
[RECV] BS2DCE notify: TR;3;2630;f;0;ff;ff;3101,2956,2642,3160,3221,3015,2420,2840;3101,2956,2642,3160,3221,3015,2420,2840;100,100,100,100,100,95,100,86;OOOOOOOO;97;0;701;8
[RECV] BSDC91 notify: TR;3;2618;f;0;ff;ff;2647,2714,3382,2956,2365,2681,3022,2879;2647,2714,3382,2956,2365,2681,3022,2879;100,100,100,100,100,100,100,45;OOOOOOOO;93;0;671;8
[RECV] BSDC91 notify: TR;3;2619;f;0;ff;7f;2443,2848,3389,2954,2271,2736,3000,0;2443,2848,3389,2954,2271,2736,3000,2879;100,100,100,100,100,100,100,42;OOOOOOOT;100;0;671;8
[RECV] BSDC91 notify: TR;3;2620;f;0;ff;7f;2410,2968,3336,2943,2310,2800,3115,0;2410,2968,3336,2943,2310,2800,3115,2879;100,100,100,100,100,100,100,40;OOOOOOOT;100;0;671;8
[RECV] BS2DCE notify: TR;3;2631;f;0;ff;ff;3150,2945,2582,3199,3272,3001,2415,2844;3150,2945,2582,3199,3272,3001,2415,2844;100,100,100,100,100,95,100,87;OOOOOOOO;97;0;701;8
[RECV] BSDC91 notify: TR;3;2621;f;0;ff;ff;2465,3021,3328,2885,2265,2941,3140,2806;2465,3021,3328,2885,2265,2941,3140,2806;100,100,100,100,100,100,100,43;OOOOOOOO;92;0;701;8
[RECV] BS2DCE notify: RXG;1;2631;tag=1;mask=0xff;pc=8;guard=1200;spacing=1000;win=8165;pre=1;slot_to_entry_us=0;slot_to_sched_us=0;slot_to_write_done_us=0;slot_to_txcmd_us=274;slot_to_txdone_us=610;txcmd_to_txdone_us=335;txdone_to_rxstart_us=61;txdone_to_rxend_us=183;rxenable_
[RECV] BS2DCE notify: TR;3;2632;f;0;ff;7f;3183,2885,2598,3252,3335,2922,2338,0;3183,2885,2598,3252,3335,2922,2338,2844;100,100,100,100,100,96,100,84;OOOOOOOT;99;0;29998;8
[RECV] BS2DCE notify: CD;1;2632;tag=1;local=0xb101;status=0x02806f02;rxf=0x07b6c814;win=8165;pc=8;mask=0xff;resp=8;unexp=0;last_len=20;last_src=0xa107;last_dst=0xb101;last_code=0xe1
[RECV] BS2DCE notify: TR;3;2633;f;0;ff;ff;3220,2827,2580,2907,3371,2810,2285,2439;3220,2827,2580,2907,3371,2810,2285,2439;100,100,100,100,100,96,100,84;OOOOOOOO;97;0;15502;8
[RECV] BSDC91 notify: TR;3;2622;f;0;ff;7f;2509,3054,3402,2753,2285,3100,3204,0;2509,3054,3402,2753,2285,3100,3204,2806;100,100,100,100,100,100,100,41;OOOOOOOT;100;0;671;8
[RECV] BS2DCE notify: TR;3;2634;f;0;ff;ff;3270,2783,2625,2907,3402,2846,2275,2914;3270,2783,2625,2907,3402,2846,2275,2914;100,100,100,100,100,96,100,85;OOOOOOOO;97;0;671;8
[RECV] BSDC91 notify: RXG;1;2622;tag=2;mask=0xff;pc=8;guard=1200;spacing=1000;win=8165;pre=1;slot_to_entry_us=0;slot_to_sched_us=0;slot_to_write_done_us=0;slot_to_txcmd_us=274;slot_to_txdone_us=610;txcmd_to_txdone_us=335;txdone_to_rxstart_us=61;txdone_to_rxend_us=183;rxenable_
[RECV] BSDC91 notify: CD;1;2622;tag=2;local=0xb102;status=0x00800b02;rxf=0x0796c814;win=8165;pc=8;mask=0xff;resp=7;unexp=0;last_len=20;last_src=0xa106;last_dst=0xb102;last_code=0xe1
[RECV] BSDC91 notify: TR;3;2623;f;0;ff;7f;2631,3066,3360,2749,2320,2942,3276,0;2631,3066,3360,2749,2320,2942,3276,2806;100,100,100,100,100,100,100,40;OOOOOOOT;100;0;44311;8
[RECV] BS2DCE notify: TR;3;2635;f;0;ff;7f;3352,2725,2713,2986,3347,2804,2296,0;3352,2725,2713,2986,3347,2804,2296,2914;100,100,100,100,100,96,100,82;OOOOOOOT;99;0;671;8
[RECV] BSDC91 notify: TR;3;2624;f;0;ff;ff;2798,3063,3346,2573,2225,2982,3183,2538;2798,3063,3346,2573,2225,2982,3183,2538;100,100,100,100,100,100,100,42;OOOOOOOO;92;0;701;8
[RECV] BSDC91 notify: TR;3;2625;f;0;ff;7f;2475,3114,3373,2625,2439,3081,3163,0;2475,3114,3373,2625,2439,3081,3163,2538;100,100,100,100,100,100,100,40;OOOOOOOT;100;0;671;8
[RECV] BS2DCE notify: TR;3;2636;f;0;ff;ff;3367,2706,2579,3022,3386,2655,2310,2857;3367,2706,2579,3022,3386,2655,2310,2857;100,100,100,100,100,96,100,82;OOOOOOOO;97;0;701;8
[RECV] BS2DCE notify: TR;3;2637;f;0;ff;ff;3307,2647,2549,3003,4113,2637,2365,3024;3307,2647,2549,3003,4113,2637,2365,3024;100,100,100,100,100,96,100,83;OOOOOOOO;97;0;671;8
[RECV] BSDC91 notify: TR;3;2626;f;0;ff;7f;2382,3168,3512,2593,2367,3037,3249,0;2382,3168,3512,2593,2367,3037,3249,2538;100,100,100,100,100,100,100,39;OOOOOOOT;100;0;671;8
[RECV] BS2DCE notify: TR;3;2638;f;0;ff;7f;3317,2613,2548,2995,3592,2500,2211,0;3317,2613,2548,2995,3592,2500,2211,3024;100,100,100,100,100,96,100,80;OOOOOOOT;99;0;701;8
[RECV] BSDC91 notify: TR;3;2627;f;0;ff;ff;2352,3178,3371,2445,2317,3091,3191,2471;2352,3178,3371,2445,2317,3091,3191,2471;100,100,100,100,100,100,100,41;OOOOOOOO;92;0;701;8
[RECV] BSDC91 notify: TR;3;2628;f;0;ff;7f;2321,3228,3609,2412,2284,3121,3357,0;2321,3228,3609,2412,2284,3121,3357,2471;100,100,100,100,100,100,100,40;OOOOOOOT;100;0;671;8
[RECV] BS2DCE notify: TR;3;2639;f;0;ff;ff;3263,2605,2556,3053,3398,2521,2772,3011;3263,2605,2556,3053,3398,2521,2772,3011;100,100,100,100,100,96,100,81;OOOOOOOO;97;0;671;8
[RECV] BSDC91 notify: TR;3;2629;f;0;ff;7f;2307,3274,3469,2393,2340,3185,3321,0;2307,3274,3469,2393,2340,3185,3321,2471;100,100,100,100,100,100,100,38;OOOOOOOT;100;0;671;8
[RECV] BS2DCE notify: TR;3;2640;f;0;ff;ff;3274,2572,2528,3188,3398,2451,2644,3091;3274,2572,2528,3188,3398,2451,2644,3091;100,100,100,100,100,100,100,82;OOOOOOOO;97;0;701;8
[RECV] BSDC91 notify: TR;3;2630;f;0;ff;ff;2363,3259,3500,2298,2353,3264,3290,2324;2363,3259,3500,2298,2353,3264,3290,2324;100,100,100,100,100,100,100,40;OOOOOOOO;92;0;671;8
[RECV] BS2DCE notify: TR;3;2641;f;0;ff;7f;3242,2529,2509,3158,3029,2362,2571,0;3242,2529,2509,3158,3029,2362,2571,3091;100,100,100,100,100,100,100,77;OOOOOOOT;100;0;701;8
[RECV] BSDC91 notify: TR;3;2631;f;0;ff;7f;2415,3259,3446,2289,2424,3377,3181,0;2415,3259,3446,2289,2424,3377,3181,2324;100,100,100,100,100,100,100,41;OOOOOOOT;100;0;671;8
[RECV] BS2DCE notify: RXG;1;2641;tag=1;mask=0xff;pc=8;guard=1200;spacing=1000;win=8165;pre=1;slot_to_entry_us=0;slot_to_sched_us=0;slot_to_write_done_us=0;slot_to_txcmd_us=274;slot_to_txdone_us=610;txcmd_to_txdone_us=335;txdone_to_rxstart_us=91;txdone_to_rxend_us=213;rxenable_
[RECV] BS2DCE notify: TR;3;2642;f;0;ff;ff;3347,2543,2531,3214,3368,2433,2572,3160;3347,2543,2531,3214,3368,2433,2572,3160;100,100,100,100,100,100,100,78;OOOOOOOO;97;0;29846;8
[RECV] BSDC91 notify: TR;3;2632;f;0;ff;7f;2383,3320,3466,2337,2476,3308,3108,0;2383,3320,3466,2337,2476,3308,3108,2324;100,100,100,100,100,100,100,38;OOOOOOOT;100;0;671;8
[RECV] BS2DCE notify: CD;1;2642;tag=1;local=0xb101;status=0x02806f02;rxf=0x07a6c814;win=8165;pc=8;mask=0xff;resp=8;unexp=0;last_len=20;last_src=0xa107;last_dst=0xb101;last_code=0xe1
[RECV] BS2DCE notify: TR;3;2643;f;0;ff;ff;3266,2472,2660,3116,3349,2405,2611,2772;3266,2472,2660,3116,3349,2405,2611,2772;100,100,100,100,100,100,100,80;OOOOOOOO;97;0;15563;8
[RECV] BS2DCE notify: TR;3;2644;f;0;ff;7f;3179,2510,2696,3215,3150,2470,2640,0;3179,2510,2696,3215,3150,2470,2640,2772;100,100,100,100,100,100,100,76;OOOOOOOT;100;0;701;8
[RECV] BSDC91 notify: RXG;1;2632;tag=2;mask=0xff;pc=8;guard=1200;spacing=1000;win=8165;pre=1;slot_to_entry_us=0;slot_to_sched_us=0;slot_to_write_done_us=0;slot_to_txcmd_us=335;slot_to_txdone_us=762;txcmd_to_txdone_us=427;txdone_to_rxstart_us=61;txdone_to_rxend_us=183;rxenable_
[RECV] BSDC91 notify: CD;1;2632;tag=2;local=0xb102;status=0x00806f02;rxf=0x0776c814;win=8165;pc=8;mask=0xff;resp=8;unexp=0;last_len=20;last_src=0xa107;last_dst=0xb102;last_code=0xe1
[RECV] BSDC91 notify: TR;3;2633;f;0;ff;ff;2501,3313,3395,2450,2543,3396,3067,2242;2501,3313,3395,2450,2543,3396,3067,2242;100,100,100,100,100,100,100,42;OOOOOOOO;92;0;44219;8
[RECV] BSDC91 notify: TR;3;2634;f;0;ff;ff;2551,3445,3250,2449,2567,3394,3060,2243;2551,3445,3250,2449,2567,3394,3060,2243;100,100,100,100,100,100,100,45;OOOOOOOO;93;0;671;8
[RECV] BS2DCE notify: TR;3;2645;f;0;ff;ff;3175,2648,2721,3194,3130,2325,2632,2971;3175,2648,2721,3194,3130,2325,2632,2971;100,100,100,100,100,100,100,77;OOOOOOOO;97;0;671;8
[RECV] BSDC91 notify: TR;3;2635;f;0;ff;7f;2561,3428,3101,2417,2718,3432,3141,0;2561,3428,3101,2417,2718,3432,3141,2243;100,100,100,100,100,100,100,42;OOOOOOOT;100;0;671;8
[RECV] BS2DCE notify: TR;3;2646;f;0;ff;ff;3150,2695,2722,3357,3057,2541,2647,3188;3150,2695,2722,3357,3057,2541,2647,3188;100,100,100,100,100,100,100,78;OOOOOOOO;97;0;701;8
[RECV] BSDC91 notify: TR;3;2636;f;0;ff;ff;2601,3481,3113,2269,2711,3933,3214,2199;2601,3481,3113,2269,2711,3933,3214,2199;100,100,100,100,100,100,100,45;OOOOOOOO;93;0;671;8
[RECV] BS2DCE notify: TR;3;2647;f;0;ff;7f;3117,2609,2743,3228,2974,2532,2649,0;3117,2609,2743,3228,2974,2532,2649,3188;100,100,100,100,100,100,100,75;OOOOOOOT;100;0;671;8
[RECV] BSDC91 notify: TR;3;2637;f;0;ff;7f;2675,3732,3063,2190,2824,3404,3071,0;2675,3732,3063,2190,2824,3404,3071,2199;100,100,100,100,100,100,100,43;OOOOOOOT;100;0;640;8
[RECV] BS2DCE notify: TR;3;2648;f;0;ff;ff;3062,2481,2784,3111,2846,2549,2718,3277;3062,2481,2784,3111,2846,2549,2718,3277;100,100,100,100,100,100,100,76;OOOOOOOO;97;0;701;8
[RECV] BSDC91 notify: TR;3;2638;f;0;ff;7f;2811,3615,2993,2189,2944,3531,2976,0;2811,3615,2993,2189,2944,3531,2976,2199;100,100,100,100,100,100,100,41;OOOOOOOT;100;0;671;8
[RECV] BS2DCE notify: TR;3;2649;f;0;ff;ff;2987,2514,2805,3448,2897,2688,2638,3274;2987,2514,2805,3448,2897,2688,2638,3274;100,100,100,100,100,100,100,76;OOOOOOOO;97;0;701;8
[RECV] BSDC91 notify: TR;3;2639;f;0;ff;ff;3519,3429,2882,2216,2961,3476,2883,2336;3519,3429,2882,2216,2961,3476,2883,2336;100,100,100,100,100,100,100,44;OOOOOOOO;93;0;701;8
[RECV] BSDC91 notify: TR;3;2640;f;0;ff;7f;3626,3491,2899,2181,2962,3460,2874,0;3626,3491,2899,2181,2962,3460,2874,2336;100,100,100,100,100,100,100,42;OOOOOOOT;100;0;671;8
[RECV] BS2DCE notify: TR;3;2650;f;0;ff;7f;2963,2508,2851,3412,3094,2562,2646,0;2963,2508,2851,3412,3094,2562,2646,3274;100,100,100,100,100,100,100,74;OOOOOOOT;100;0;671;8
[RECV] BS2DCE notify: TR;3;2651;f;0;ff;ff;2909,2524,2917,3524,2961,2513,2759,3210;2909,2524,2917,3524,2961,2513,2759,3210;100,100,100,100,100,100,100,75;OOOOOOOO;96;0;671;8
[RECV] BSDC91 notify: TR;3;2641;f;0;ff;7f;3752,3560,2869,2245,2933,3346,2835,0;3752,3560,2869,2245,2933,3346,2835,2336;100,100,100,100,100,100,100,40;OOOOOOOT;100;0;671;8
[RECV] BS2DCE notify: RXG;1;2651;tag=1;mask=0xff;pc=8;guard=1200;spacing=1000;win=8165;pre=1;slot_to_entry_us=0;slot_to_sched_us=0;slot_to_write_done_us=0;slot_to_txcmd_us=274;slot_to_txdone_us=610;txcmd_to_txdone_us=335;txdone_to_rxstart_us=61;txdone_to_rxend_us=183;rxenable_
[RECV] BS2DCE notify: TR;3;2652;f;0;ff;ff;2842,2537,2982,3402,2814,2591,2766,3124;2842,2537,2982,3402,2814,2591,2766,3124;100,100,100,100,100,100,100,75;OOOOOOOO;96;0;29846;8
[RECV] BSDC91 notify: TR;3;2642;f;0;ff;ff;3097,3480,2771,2359,2864,3344,2740,2498;3097,3480,2771,2359,2864,3344,2740,2498;100,100,100,100,100,100,100,42;OOOOOOOO;92;0;701;8
[RECV] BS2DCE notify: CD;1;2652;tag=1;local=0xb101;status=0x02800f02;rxf=0x0786c814;win=8165;pc=8;mask=0xff;resp=7;unexp=0;last_len=20;last_src=0xa106;last_dst=0xb101;last_code=0xe1
[RECV] BS2DCE notify: TR;3;2653;f;0;ff;7f;2793,2581,3032,3482,2723,2624,2848,0;2793,2581,3032,3482,2723,2624,2848,3124;100,100,100,100,100,100,100,73;OOOOOOOT;100;0;15747;8
[RECV] BSDC91 notify: RXG;1;2642;tag=2;mask=0xff;pc=8;guard=1200;spacing=1000;win=8165;pre=1;slot_to_entry_us=0;slot_to_sched_us=0;slot_to_write_done_us=0;slot_to_txcmd_us=274;slot_to_txdone_us=610;txcmd_to_txdone_us=335;txdone_to_rxstart_us=61;txdone_to_rxend_us=183;rxenable_
[RECV] BSDC91 notify: CD;1;2642;tag=2;local=0xb102;status=0x00800b02;rxf=0x0756c814;win=8165;pc=8;mask=0xff;resp=7;unexp=0;last_len=20;last_src=0xa106;last_dst=0xb102;last_code=0xe1
[RECV] BSDC91 notify: TR;3;2643;f;0;ff;7f;3301,3201,2695,2493,2963,3381,2595,0;3301,3201,2695,2493,2963,3381,2595,2498;100,100,100,100,100,100,100,41;OOOOOOOT;100;0;44158;8
[RECV] BS2DCE notify: TR;3;2654;f;0;ff;ff;2742,2606,3144,3257,2670,2636,2837,3032;2742,2606,3144,3257,2670,2636,2837,3032;100,100,100,100,100,100,100,74;OOOOOOOO;96;0;701;8
[RECV] BSDC91 notify: TR;3;2644;f;0;ff;7f;3202,3232,2575,2495,3008,3271,2556,0;3202,3232,2575,2495,3008,3271,2556,2498;100,100,100,100,100,100,100,40;OOOOOOOT;100;0;671;8
[RECV] BS2DCE notify: TR;3;2655;f;0;ff;ff;2754,2610,3212,3048,2623,2705,2839,3063;2754,2610,3212,3048,2623,2705,2839,3063;100,100,100,100,100,100,100,75;OOOOOOOO;96;0;701;8
[RECV] BSDC91 notify: TR;3;2645;f;0;ff;ff;3172,3155,2564,2397,3031,3391,2466,2500;3172,3155,2564,2397,3031,3391,2466,2500;100,100,100,100,100,100,100,41;OOOOOOOO;92;0;701;8
[RECV] BSDC91 notify: TR;3;2646;f;0;ff;7f;3168,3129,2556,2511,3196,3290,2468,0;3168,3129,2556,2511,3196,3290,2468,2500;100,100,100,100,100,100,100,40;OOOOOOOT;100;0;671;8
[RECV] BS2DCE notify: TR;3;2656;f;0;ff;ff;2700,2690,3218,3105,2571,2754,2900,3024;2700,2690,3218,3105,2571,2754,2900,3024;100,100,100,100,100,100,100,76;OOOOOOOO;97;0;701;8
[RECV] BS2DCE notify: TR;3;2657;f;0;ff;ff;2667,2758,3221,2837,2518,2666,2959,3086;2667,2758,3221,2837,2518,2666,2959,3086;100,100,100,100,100,100,100,77;OOOOOOOO;97;0;671;8
[RECV] BSDC91 notify: TR;3;2647;f;0;ff;7f;3163,3098,2533,2627,3153,3156,2469,0;3163,3098,2533,2627,3153,3156,2469,2500;100,100,100,100,100,100,100,41;OOOOOOOT;100;0;671;8
[RECV] BS2DCE notify: TR;3;2658;f;0;ff;ff;2715,2798,3182,2928,2508,2703,3004,2997;2715,2798,3182,2928,2508,2703,3004,2997;100,100,100,100,100,100,100,78;OOOOOOOO;97;0;701;8
[RECV] BSDC91 notify: TR;3;2648;f;0;ff;ff;3214,3001,2498,2613,3198,3029,2294,2788;3214,3001,2498,2613,3198,3029,2294,2788;100,100,100,100,100,100,100,44;OOOOOOOO;93;0;701;8
[RECV] BS2DCE notify: TR;3;2659;f;0;ff;ff;2612,2863,3192,2857,2429,2735,3029,2984;2612,2863,3192,2857,2429,2735,3029,2984;100,100,100,100,100,100,100,80;OOOOOOOO;97;0;701;8
[RECV] BSDC91 notify: TR;3;2649;f;0;ff;ff;3216,2889,2502,2834,3267,2931,2210,2818;3216,2889,2502,2834,3267,2931,2210,2818;100,100,100,100,100,100,100,47;OOOOOOOO;93;0;671;8
[RECV] BS2DCE notify: TR;3;2660;f;0;ff;ff;2549,2902,3185,2953,2473,2853,3035,2855;2549,2902,3185,2953,2473,2853,3035,2855;100,100,100,100,100,100,100,80;OOOOOOOO;97;0;701;8
[RECV] BSDC91 notify: TR;3;2650;f;0;ff;7f;3259,2846,2442,2692,3332,2968,2184,0;3259,2846,2442,2692,3332,2968,2184,2818;100,100,100,100,100,100,100,45;OOOOOOOT;100;0;671;8
[RECV] BS2DCE notify: TR;3;2661;f;0;ff;ff;2565,3034,3227,2751,2431,2876,3141,2834;2565,3034,3227,2751,2431,2876,3141,2834;100,100,100,100,100,100,100,81;OOOOOOOO;97;0;701;8
[RECV] BSDC91 notify: TR;3;2651;f;0;ff;ff;3251,2739,2446,3061,3452,2921,2155,2925;3251,2739,2446,3061,3452,2921,2155,2925;100,100,100,100,100,100,100,47;OOOOOOOO;93;0;701;8
[RECV] BS2DCE notify: RXG;1;2661;tag=1;mask=0xff;pc=8;guard=1200;spacing=1000;win=8165;pre=1;slot_to_entry_us=0;slot_to_sched_us=0;slot_to_write_done_us=0;slot_to_txcmd_us=274;slot_to_txdone_us=610;txcmd_to_txdone_us=335;txdone_to_rxstart_us=61;txdone_to_rxend_us=183;rxenable_
[RECV] BS2DCE notify: TR;3;2662;f;0;ff;7f;2656,3100,3281,2761,2416,2918,3129,0;2656,3100,3281,2761,2416,2918,3129,2834;100,100,100,100,100,100,100,78;OOOOOOOT;100;0;29907;8
[RECV] BSDC91 notify: TR;3;2652;f;0;ff;7f;3328,2767,2378,3193,3528,2807,2201,0;3328,2767,2378,3193,3528,2807,2201,2925;100,100,100,100,100,100,100,45;OOOOOOOT;100;0;671;8
[RECV] BS2DCE notify: CD;1;2662;tag=1;local=0xb101;status=0x02806f02;rxf=0x07c6c814;win=8165;pc=8;mask=0xff;resp=8;unexp=0;last_len=20;last_src=0xa107;last_dst=0xb101;last_code=0xe1
[RECV] BS2DCE notify: TR;3;2663;f;0;ff;ff;2633,3140,3303,2610,2436,3020,3090,2638;2633,3140,3303,2610,2436,3020,3090,2638;100,100,100,100,100,100,100,79;OOOOOOOO;97;0;15533;8
[RECV] BS2DCE notify: TR;3;2664;f;0;ff;ff;2803,3108,3377,2609,2479,3011,3085,2600;2803,3108,3377,2609,2479,3011,3085,2600;100,100,100,100,100,100,100,80;OOOOOOOO;97;0;701;8
[RECV] BSDC91 notify: RXG;1;2652;tag=2;mask=0xff;pc=8;guard=1200;spacing=1000;win=8165;pre=1;slot_to_entry_us=0;slot_to_sched_us=0;slot_to_write_done_us=0;slot_to_txcmd_us=274;slot_to_txdone_us=610;txcmd_to_txdone_us=335;txdone_to_rxstart_us=61;txdone_to_rxend_us=183;rxenable_
[RECV] BSDC91 notify: CD;1;2652;tag=2;local=0xb102;status=0x00800f02;rxf=0x0796c814;win=8165;pc=8;mask=0xff;resp=7;unexp=0;last_len=20;last_src=0xa106;last_dst=0xb102;last_code=0xe1
[RECV] BSDC91 notify: TR;3;2653;f;0;ff;7f;3369,2722,2362,2958,3674,2747,2128,0;3369,2722,2362,2958,3674,2747,2128,2925;100,100,100,100,100,100,100,43;OOOOOOOT;100;0;44189;8
[RECV] BSDC91 notify: TR;3;2654;f;0;ff;7f;3414,2664,2334,2906,3718,2667,2185,0;3414,2664,2334,2906,3718,2667,2185,2925;100,100,100,100,100,100,100,41;OOOOOOOT;100;0;671;8
[RECV] BS2DCE notify: TR;3;2665;f;0;ff;7f;2593,3120,3377,2594,2535,3024,3099,0;2593,3120,3377,2594,2535,3024,3099,2600;100,100,100,100,100,100,100,76;OOOOOOOT;100;0;671;8
[RECV] BSDC91 notify: TR;3;2655;f;0;ff;7f;3401,2587,2270,2785,3774,2536,2168,0;3401,2587,2270,2785,3774,2536,2168,2925;100,100,100,100,100,100,100,40;OOOOOOOT;100;0;671;8
[RECV] BS2DCE notify: TR;3;2666;f;0;ff;ff;2568,3145,3485,2666,2572,3058,3158,2520;2568,3145,3485,2666,2572,3058,3158,2520;100,100,100,100,100,100,100,77;OOOOOOOO;97;0;701;8
[RECV] BSDC91 notify: TR;3;2656;f;0;ff;7f;3422,2678,2222,3468,3482,2510,2312,0;3422,2678,2222,3468,3482,2510,2312,2925;100,100,100,100,100,100,100,38;OOOOOOOT;100;0;671;8
[RECV] BS2DCE notify: TR;3;2667;f;0;ff;ff;2482,3144,3372,2511,2687,3049,3122,2548;2482,3144,3372,2511,2687,3049,3122,2548;100,100,100,100,100,100,100,78;OOOOOOOO;97;0;701;8
[RECV] BSDC91 notify: TR;3;2657;f;0;ff;ff;3439,2525,2291,3244,3410,2483,2143,3122;3439,2525,2291,3244,3410,2483,2143,3122;100,100,100,100,100,100,100,40;OOOOOOOO;92;0;701;8
[RECV] BS2DCE notify: TR;3;2668;f;0;ff;7f;2488,3154,3413,2460,2566,3067,3230,0;2488,3154,3413,2460,2566,3067,3230,2548;100,100,100,100,100,100,100,75;OOOOOOOT;100;0;671;8
[RECV] BSDC91 notify: TR;3;2658;f;0;ff;7f;3347,2513,2276,3309,3372,2455,2505,0;3347,2513,2276,3309,3372,2455,2505,3122;100,100,100,100,100,100,100,39;OOOOOOOT;100;0;671;8
[RECV] BSDC91 notify: TR;3;2659;f;0;ff;7f;3337,2443,2354,3339,3383,2412,2422,0;3337,2443,2354,3339,3383,2412,2422,3122;100,100,100,100,100,100,100,37;OOOOOOOT;100;0;671;8
[RECV] BS2DCE notify: TR;3;2669;f;0;ff;ff;2508,3164,3340,2476,2572,3245,3163,2438;2508,3164,3340,2476,2572,3245,3163,2438;100,100,100,100,100,100,100,76;OOOOOOOO;97;0;701;8
[RECV] BSDC91 notify: TR;3;2660;f;0;ff;ff;3300,2423,2339,3164,3392,2417,2368,3132;3300,2423,2339,3164,3392,2417,2368,3132;100,100,100,100,100,100,100,40;OOOOOOOO;92;0;701;8
[RECV] BSDC91 notify: TR;3;2661;f;0;ff;7f;3307,2445,2417,3226,3401,2301,2352,0;3307,2445,2417,3226,3401,2301,2352,3132;100,100,100,100,100,100,100,38;OOOOOOOT;100;0;671;8
[RECV] BS2DCE notify: TR;3;2670;f;0;ff;ff;2482,3158,3319,2441,2576,3276,3145,2390;2482,3158,3319,2441,2576,3276,3145,2390;100,100,100,100,100,100,100,77;OOOOOOOO;97;0;671;8
[RECV] BS2DCE notify: TR;3;2671;f;0;ff;7f;2516,3221,3314,2468,2651,3248,3049,0;2516,3221,3314,2468,2651,3248,3049,2390;100,100,100,100,100,100,100,75;OOOOOOOT;100;0;701;8
[RECV] BS2DCE notify: RXG;1;2671;tag=1;mask=0xff;pc=8;guard=1200;spacing=1000;win=8165;pre=1;slot_to_entry_us=0;slot_to_sched_us=0;slot_to_write_done_us=0;slot_to_txcmd_us=274;slot_to_txdone_us=610;txcmd_to_txdone_us=335;txdone_to_rxstart_us=91;txdone_to_rxend_us=213;rxenable_
[RECV] BSDC91 notify: TR;3;2662;f;0;ff;7f;3367,2411,2409,3194,3367,2296,2404,0;3367,2411,2409,3194,3367,2296,2404,3132;100,100,100,100,100,100,100,37;OOOOOOOT;100;0;671;8
[RECV] BS2DCE notify: TR;3;2672;f;0;ff;ff;2545,3237,3379,2417,2682,3279,3069,2403;2545,3237,3379,2417,2682,3279,3069,2403;100,100,100,100,100,100,100,76;OOOOOOOO;97;0;30151;8
[RECV] BS2DCE notify: CD;1;2672;tag=1;local=0xb101;status=0x02806f02;rxf=0x07b6c814;win=8165;pc=8;mask=0xff;resp=8;unexp=0;last_len=20;last_src=0xa107;last_dst=0xb101;last_code=0xe1
[RECV] BSDC91 notify: RXG;1;2662;tag=2;mask=0xff;pc=8;guard=1200;spacing=1000;win=8165;pre=1;slot_to_entry_us=0;slot_to_sched_us=0;slot_to_write_done_us=0;slot_to_txcmd_us=274;slot_to_txdone_us=610;txcmd_to_txdone_us=335;txdone_to_rxstart_us=152;txdone_to_rxend_us=274;rxenable
[RECV] BS2DCE notify: TR;3;2673;f;0;ff;ff;2582,3189,3467,2391,2568,3228,3023,2369;2582,3189,3467,2391,2568,3228,3023,2369;100,100,100,100,100,100,100,77;OOOOOOOO;97;0;15533;8
[RECV] BS2DCE notify: TR;3;2674;f;0;ff;ff;2697,3290,3340,2473,2638,3304,3045,2370;2697,3290,3340,2473,2638,3304,3045,2370;100,100,100,100,100,100,100,78;OOOOOOOO;97;0;671;8
[RECV] BSDC91 notify: CD;1;2662;tag=2;local=0xb102;status=0x00806f02;rxf=0x07b6c814;win=8165;pc=8;mask=0xff;resp=8;unexp=0;last_len=20;last_src=0xa107;last_dst=0xb102;last_code=0xe1
[RECV] BSDC91 notify: TR;3;2663;f;0;ff;ff;3412,2362,2420,3306,3234,2192,2483,3192;3412,2362,2420,3306,3234,2192,2483,3192;100,100,100,100,100,100,100,41;OOOOOOOO;92;0;44311;8
[RECV] BSDC91 notify: TR;3;2664;f;0;ff;7f;3339,2433,2515,3317,3136,2278,2471,0;3339,2433,2515,3317,3136,2278,2471,3192;100,100,100,100,100,100,100,38;OOOOOOOT;100;0;671;8
[RECV] BS2DCE notify: TR;3;2675;f;0;ff;ff;2705,3443,3213,2434,2783,3297,3035,2392;2705,3443,3213,2434,2783,3297,3035,2392;100,100,100,100,100,100,100,80;OOOOOOOO;97;0;671;8
[RECV] BSDC91 notify: TR;3;2665;f;0;ff;fb;3198,2449,0,3367,3141,2341,2518,3257;3198,2449,2515,3367,3141,2341,2518,3257;100,100,94,100,100,100,100,42;OOTOOOOO;91;0;732;8
[RECV] BS2DCE notify: TR;3;2676;f;0;ff;ff;2780,3418,3072,2566,2858,3375,3037,2379;2780,3418,3072,2566,2858,3375,3037,2379;100,100,100,100,100,100,100,80;OOOOOOOO;97;0;701;8
[RECV] BSDC91 notify: TR;3;2666;f;0;ff;ff;3141,2575,2622,3226,3090,2392,2584,3303;3141,2575,2622,3226,3090,2392,2584,3303;100,100,95,100,100,100,100,45;OOOOOOOO;92;0;701;8
[RECV] BS2DCE notify: TR;3;2677;f;0;ff;7f;2784,3399,3038,2495,2783,3432,2928,0;2784,3399,3038,2495,2783,3432,2928,2379;100,100,100,100,100,100,100,77;OOOOOOOT;100;0;671;8
[RECV] BSDC91 notify: TR;3;2667;f;0;ff;7f;3112,2410,2685,3351,3095,2353,2550,0;3112,2410,2685,3351,3095,2353,2550,3303;100,100,95,100,100,100,100,42;OOOOOOOT;99;0;671;8
[RECV] BS2DCE notify: TR;3;2678;f;0;ff;ff;3339,3371,2963,2453,2855,3341,2897,2565;3339,3371,2963,2453,2855,3341,2897,2565;100,100,100,100,100,100,100,78;OOOOOOOO;97;0;701;8
[RECV] BSDC91 notify: TR;3;2668;f;0;ff;7f;2994,2362,2706,3046,3278,2489,2541,0;2994,2362,2706,3046,3278,2489,2541,3303;100,100,95,100,100,100,100,40;OOOOOOOT;99;0;671;8
[RECV] BS2DCE notify: TR;3;2679;f;0;ff;ff;3228,3382,2971,2329,2861,3315,2863,2616;3228,3382,2971,2329,2861,3315,2863,2616;100,100,100,100,100,100,100,79;OOOOOOOO;97;0;701;8
[RECV] BS2DCE notify: TR;3;2680;f;0;ff;7f;3189,3256,2934,2466,2929,3360,2883,0;3189,3256,2934,2466,2929,3360,2883,2616;100,100,100,100,100,100,100,76;OOOOOOOT;100;0;701;8
[RECV] BSDC91 notify: TR;3;2669;f;0;ff;ff;2962,2365,2865,3357,3147,2448,2635,3138;2962,2365,2865,3357,3147,2448,2635,3138;100,100,95,100,100,100,100,43;OOOOOOOO;92;0;701;8
[RECV] BS2DCE notify: TR;3;2681;f;0;ff;ff;3225,3355,2864,2509,2947,3302,2862,2529;3225,3355,2864,2509,2947,3302,2862,2529;100,100,100,100,100,100,100,76;OOOOOOOO;97;0;671;8
[RECV] BS2DCE notify: RXG;1;2681;tag=1;mask=0xff;pc=8;guard=1200;spacing=1000;win=8165;pre=1;slot_to_entry_us=0;slot_to_sched_us=0;slot_to_write_done_us=0;slot_to_txcmd_us=274;slot_to_txdone_us=610;txcmd_to_txdone_us=335;txdone_to_rxstart_us=61;txdone_to_rxend_us=183;rxenable_
[RECV] BS2DCE notify: TR;3;2682;f;0;ff;ff;3170,3348,2849,2420,2920,3264,2743,2619;3170,3348,2849,2420,2920,3264,2743,2619;100,100,100,100,100,100,100,77;OOOOOOOO;97;0;29876;8
[RECV] BS2DCE notify: CD;1;2682;tag=1;local=0xb101;status=0x02800f02;rxf=0x07c6c814;win=8165;pc=8;mask=0xff;resp=7;unexp=0;last_len=20;last_src=0xa106;last_dst=0xb101;last_code=0xe1
[RECV] BS2DCE notify: TR;3;2683;f;0;ff;7f;3090,3217,2797,2428,2932,3250,2669,0;3090,3217,2797,2428,2932,3250,2669,2619;100,100,100,100,100,100,100,75;OOOOOOOT;100;0;16113;8
[RECV] BSDC91 notify: TR;3;2670;f;0;ff;7f;2939,2435,2813,3339,3010,2399,2696,0;2939,2435,2813,3339,3010,2399,2696,3138;100,100,95,100,100,100,100,41;OOOOOOOT;99;0;671;8
[RECV] BSDC91 notify: TR;3;2671;f;0;ff;7f;2878,2399,2928,3310,2862,2462,2765,0;2878,2399,2928,3310,2862,2462,2765,3138;100,100,96,100,100,100,100,40;OOOOOOOT;99;0;671;8
[RECV] BSDC91 notify: TR;3;2672;f;0;ff;ff;2744,2433,2961,3399,2767,2513,2793,3249;2744,2433,2961,3399,2767,2513,2793,3249;100,100,96,100,100,100,100,42;OOOOOOOO;92;0;701;8
[RECV] BS2DCE notify: TR;3;2684;f;0;ff;ff;3097,3186,2727,2700,2945,3266,2715,2616;3097,3186,2727,2700,2945,3266,2715,2616;100,100,100,100,100,100,100,75;OOOOOOOO;96;0;671;8
[RECV] BSDC91 notify: RXG;1;2672;tag=2;mask=0xff;pc=8;guard=1200;spacing=1000;win=8165;pre=1;slot_to_entry_us=0;slot_to_sched_us=0;slot_to_write_done_us=0;slot_to_txcmd_us=274;slot_to_txdone_us=610;txcmd_to_txdone_us=335;txdone_to_rxstart_us=61;txdone_to_rxend_us=183;rxenable_
[RECV] BS2DCE notify: TR;3;2685;f;0;ff;ff;3055,3104,2747,2679,3033,3203,2646,2566;3055,3104,2747,2679,3033,3203,2646,2566;100,100,100,100,100,100,100,76;OOOOOOOO;97;0;701;8
[RECV] BSDC91 notify: CD;1;2672;tag=2;local=0xb102;status=0x00806f02;rxf=0x07c6c814;win=8165;pc=8;mask=0xff;resp=8;unexp=0;last_len=20;last_src=0xa107;last_dst=0xb102;last_code=0xe1
[RECV] BSDC91 notify: TR;3;2673;f;0;ff;ff;2680,2456,2970,3292,2692,2561,2857,3183;2680,2456,2970,3292,2692,2561,2857,3183;100,100,96,100,100,100,100,44;OOOOOOOO;92;0;44189;8
[RECV] BS2DCE notify: TR;3;2686;f;0;ff;7f;3081,3111,2682,2686,3111,3108,2549,0;3081,3111,2682,2686,3111,3108,2549,2566;100,100,100,100,100,100,100,74;OOOOOOOT;100;0;671;8
[RECV] BSDC91 notify: TR;3;2674;f;0;ff;7f;2643,2539,3103,3287,2614,2540,2875,0;2643,2539,3103,3287,2614,2540,2875,3183;100,100,96,100,100,100,100,42;OOOOOOOT;99;0;671;8
[RECV] BSDC91 notify: TR;3;2675;f;0;ff;ff;2638,2542,3115,3190,2465,2590,2925,3033;2638,2542,3115,3190,2465,2590,2925,3033;100,100,96,100,100,100,100,44;OOOOOOOO;92;0;701;8
[RECV] BS2DCE notify: TR;3;2687;f;0;ff;ff;3113,3026,2689,2681,3199,3152,2493,2722;3113,3026,2689,2681,3199,3152,2493,2722;100,100,100,100,100,100,100,75;OOOOOOOO;96;0;671;8
[RECV] BSDC91 notify: TR;3;2676;f;0;ff;7f;2650,2580,3157,3131,2466,2622,2936,0;2650,2580,3157,3131,2466,2622,2936,3033;100,100,96,100,100,100,100,43;OOOOOOOT;99;0;671;8
[RECV] BSDC91 notify: TR;3;2677;f;0;ff;ff;2651,2725,3298,2921,2467,2702,2972,3022;2651,2725,3298,2921,2467,2702,2972,3022;100,100,96,100,100,100,100,45;OOOOOOOO;92;0;671;8
[RECV] BS2DCE notify: TR;3;2688;f;0;ff;ff;3133,2993,2634,2693,3292,3131,2425,2646;3133,2993,2634,2693,3292,3131,2425,2646;100,100,100,100,100,100,100,76;OOOOOOOO;97;0;701;8
[RECV] BSDC91 notify: TR;3;2678;f;0;ff;ff;2638,2733,3409,2975,2359,2612,3005,2923;2638,2733,3409,2975,2359,2612,3005,2923;100,100,96,100,100,100,100,46;OOOOOOOO;92;0;701;8
[RECV] BS2DCE notify: TR;3;2689;f;0;ff;ff;3140,2961,2640,2884,3174,3064,2421,2812;3140,2961,2640,2884,3174,3064,2421,2812;100,100,100,100,100,100,100,77;OOOOOOOO;97;0;701;8
[RECV] BS2DCE notify: TR;3;2690;f;0;ff;ff;3157,2977,2639,2868,3230,2938,2316,2799;3157,2977,2639,2868,3230,2938,2316,2799;100,100,100,100,100,100,100,78;OOOOOOOO;97;0;701;8
[RECV] BSDC91 notify: TR;3;2679;f;0;ff;7f;2589,2811,3430,2916,2349,2723,3085,0;2589,2811,3430,2916,2349,2723,3085,2923;100,100,100,100,100,100,100,47;OOOOOOOT;100;0;671;8
[RECV] BSDC91 notify: TR;3;2680;f;0;ff;7f;2397,2860,3383,2883,2307,2773,3012,0;2397,2860,3383,2883,2307,2773,3012,2923;100,100,100,100,100,100,100,44;OOOOOOOT;100;0;671;8
[RECV] BS2DCE notify: TR;3;2691;f;0;ff;ff;3099,2988,2634,2825,3220,2964,2386,2855;3099,2988,2634,2825,3220,2964,2386,2855;100,100,100,100,100,100,100,80;OOOOOOOO;97;0;701;8
[RECV] BSDC91 notify: TR;3;2681;f;0;ff;ff;2428,3035,3324,2857,2307,2947,3051,2789;2428,3035,3324,2857,2307,2947,3051,2789;100,100,100,100,100,100,100,47;OOOOOOOO;93;0;701;8
[RECV] BS2DCE notify: RXG;1;2691;tag=1;mask=0xff;pc=8;guard=1200;spacing=1000;win=8165;pre=1;slot_to_entry_us=0;slot_to_sched_us=0;slot_to_write_done_us=0;slot_to_txcmd_us=274;slot_to_txdone_us=610;txcmd_to_txdone_us=335;txdone_to_rxstart_us=61;txdone_to_rxend_us=183;rxenable_
[RECV] BS2DCE notify: TR;3;2692;f;0;ff;ff;3206,2892,2632,2965,3367,2910,2344,2855;3206,2892,2632,2965,3367,2910,2344,2855;100,100,100,100,100,100,100,80;OOOOOOOO;97;0;29907;8
[RECV] BSDC91 notify: TR;3;2682;f;0;ff;7f;2506,3036,3384,2803,2331,3040,3116,0;2506,3036,3384,2803,2331,3040,3116,2789;100,100,100,100,100,100,100,45;OOOOOOOT;100;0;671;8
[RECV] BS2DCE notify: CD;1;2692;tag=1;local=0xb101;status=0x02806f02;rxf=0x0796c814;win=8165;pc=8;mask=0xff;resp=8;unexp=0;last_len=20;last_src=0xa107;last_dst=0xb101;last_code=0xe1
[RECV] BS2DCE notify: TR;3;2693;f;0;ff;ff;3185,2837,2592,2824,3406,2918,2264,2883;3185,2837,2592,2824,3406,2918,2264,2883;100,100,100,100,100,100,100,81;OOOOOOOO;97;0;15472;8
[RECV] BS2DCE notify: TR;3;2694;f;0;ff;ff;3248,2801,2632,2906,3359,2843,2256,2835;3248,2801,2632,2906,3359,2843,2256,2835;100,100,100,100,100,100,100,82;OOOOOOOO;97;0;701;8
[RECV] BS2DCE notify: TR;3;2695;f;0;ff;7f;3333,2753,2709,2890,3357,2726,2264,0;3333,2753,2709,2890,3357,2726,2264,2835;100,100,100,100,100,100,100,79;OOOOOOOT;100;0;671;8
[RECV] BSDC91 notify: TR;3;2683;f;0;ff;7f;2670,3022,3362,2698,2351,3014,3196,0;2670,3022,3362,2698,2351,3014,3196,2789;100,100,100,100,100,100,100,42;OOOOOOOT;100;0;671;8
[RECV] BSDC91 notify: RXG;1;2683;tag=2;mask=0xff;pc=8;guard=1200;spacing=1000;win=8165;pre=1;slot_to_entry_us=0;slot_to_sched_us=0;slot_to_write_done_us=0;slot_to_txcmd_us=274;slot_to_txdone_us=671;txcmd_to_txdone_us=396;txdone_to_rxstart_us=61;txdone_to_rxend_us=305;rxenable_
[RECV] BS2DCE notify: TR;3;2696;f;0;ff;ff;3331,2723,2604,2889,3370,2641,2314,2901;3331,2723,2604,2889,3370,2641,2314,2901;100,100,100,100,100,100,100,80;OOOOOOOO;97;0;701;8
[RECV] BSDC91 notify: CD;1;2683;tag=2;local=0xb102;status=0x00806f02;rxf=0x0786c814;win=8165;pc=8;mask=0xff;resp=8;unexp=0;last_len=20;last_src=0xa107;last_dst=0xb102;last_code=0xe1
[RECV] BSDC91 notify: TR;3;2684;f;0;ff;ff;2766,3057,3352,2610,2194,3023,3246,2636;2766,3057,3352,2610,2194,3023,3246,2636;100,100,100,100,100,100,100,45;OOOOOOOO;93;0;44250;8
[RECV] BSDC91 notify: TR;3;2685;f;0;ff;7f;2495,3109,3383,2569,2378,3063,3197,0;2495,3109,3383,2569,2378,3063,3197,2636;100,100,100,100,100,100,100,43;OOOOOOOT;100;0;823;8
[RECV] BS2DCE notify: TR;3;2697;f;0;ff;ff;3253,2611,2506,3019,4247,2524,2359,2740;3253,2611,2506,3019,4247,2524,2359,2740;100,100,100,100,100,100,100,80;OOOOOOOO;97;0;701;8
[RECV] BSDC91 notify: TR;3;2686;f;0;ff;7f;2367,3162,3451,2634,2405,3049,3271,0;2367,3162,3451,2634,2405,3049,3271,2636;100,100,100,100,100,100,100,41;OOOOOOOT;100;0;671;8
[RECV] BSDC91 notify: TR;3;2687;f;0;ff;ff;2337,3185,3280,2563,2307,3172,3260,2345;2337,3185,3280,2563,2307,3172,3260,2345;100,100,100,100,100,100,100,44;OOOOOOOO;93;0;701;8
[RECV] BS2DCE notify: TR;3;2698;f;0;ff;7f;3360,2604,2491,2959,3561,2524,2292,0;3360,2604,2491,2959,3561,2524,2292,2740;100,100,100,100,100,100,100,77;OOOOOOOT;100;0;671;8
[RECV] BSDC91 notify: TR;3;2688;f;0;ff;7f;2366,3210,3720,2366,2362,3093,3459,0;2366,3210,3720,2366,2362,3093,3459,2345;100,100,100,100,100,100,100,42;OOOOOOOT;100;0;671;8
[RECV] BS2DCE notify: TR;3;2699;f;0;ff;ff;3250,2631,2466,3020,3450,2559,2810,2997;3250,2631,2466,3020,3450,2559,2810,2997;100,100,100,100,100,100,100,78;OOOOOOOO;97;0;671;8
[RECV] BSDC91 notify: TR;3;2689;f;0;ff;7f;2372,3307,3461,2416,2310,3278,3321,0;2372,3307,3461,2416,2310,3278,3321,2345;100,100,100,100,100,100,100,40;OOOOOOOT;100;0;671;8
[RECV] BS2DCE notify: TR;3;2700;f;0;ff;ff;3278,2568,2533,3134,3493,2405,2674,3000;3278,2568,2533,3134,3493,2405,2674,3000;100,100,100,100,100,100,100,79;OOOOOOOO;97;0;701;8
[RECV] BSDC91 notify: TR;3;2690;f;0;ff;ff;2371,3217,3459,2425,2371,3207,3334,2333;2371,3217,3459,2425,2371,3207,3334,2333;100,100,100,100,100,100,100,42;OOOOOOOO;92;0;701;8
[RECV] BS2DCE notify: TR;3;2701;f;0;ff;ff;3298,2557,2538,3102,3320,2492,2599,3113;3298,2557,2538,3102,3320,2492,2599,3113;100,100,100,100,100,100,100,80;OOOOOOOO;97;0;701;8
[RECV] BSDC91 notify: TR;3;2691;f;0;ff;7f;2328,3272,3502,2317,2390,3307,3193,0;2328,3272,3502,2317,2390,3307,3193,2333;100,100,100,100,100,100,100,41;OOOOOOOT;100;0;671;8
[RECV] BS2DCE notify: RXG;1;2701;tag=1;mask=0xff;pc=8;guard=1200;spacing=1000;win=8165;pre=1;slot_to_entry_us=0;slot_to_sched_us=0;slot_to_write_done_us=0;slot_to_txcmd_us=274;slot_to_txdone_us=610;txcmd_to_txdone_us=335;txdone_to_rxstart_us=61;txdone_to_rxend_us=183;rxenable_
[RECV] BS2DCE notify: TR;3;2702;f;0;ff;ff;3314,2560,2515,3098,3467,2404,2604,3147;3314,2560,2515,3098,3467,2404,2604,3147;100,100,100,100,100,100,100,80;OOOOOOOO;97;0;29846;8
[RECV] BSDC91 notify: TR;3;2692;f;0;ff;7f;2419,3267,3443,2273,2517,3370,3144,0;2419,3267,3443,2273,2517,3370,3144,2333;100,100,100,100,100,100,100,40;OOOOOOOT;100;0;671;8
[RECV] BS2DCE notify: CD;1;2702;tag=1;local=0xb101;status=0x02806f02;rxf=0x07b6c814;win=8165;pc=8;mask=0xff;resp=8;unexp=0;last_len=20;last_src=0xa107;last_dst=0xb101;last_code=0xe1
[RECV] BS2DCE notify: TR;3;2703;f;0;ff;ff;3271,2572,2590,3128,3329,2434,2615,3188;3271,2572,2590,3128,3329,2434,2615,3188;100,100,100,100,100,100,100,81;OOOOOOOO;97;0;15533;8
[RECV] BSDC91 notify: TR;3;2693;f;0;ff;ff;2450,3332,3616,2245,2527,3342,3118,2293;2450,3332,3616,2245,2527,3342,3118,2293;100,100,100,100,100,100,100,41;OOOOOOOO;92;0;701;8
[RECV] BS2DCE notify: TR;3;2704;f;0;ff;7f;3260,2486,2654,3240,3292,2494,2590,0;3260,2486,2654,3240,3292,2494,2590,3188;100,100,100,100,100,100,100,76;OOOOOOOT;100;0;671;8
[RECV] BS2DCE notify: TR;3;2705;f;0;ff;ff;3179,2604,2670,3215,3220,2446,2641,3177;3179,2604,2670,3215,3220,2446,2641,3177;100,100,100,100,100,100,100,77;OOOOOOOO;97;0;701;8
[RECV] BSDC91 notify: RXG;1;2693;tag=2;mask=0xff;pc=8;guard=1200;spacing=1000;win=8165;pre=1;slot_to_entry_us=0;slot_to_sched_us=0;slot_to_write_done_us=0;slot_to_txcmd_us=274;slot_to_txdone_us=610;txcmd_to_txdone_us=335;txdone_to_rxstart_us=61;txdone_to_rxend_us=183;rxenable_
[RECV] BS2DCE notify: TR;3;2706;f;0;ff;ff;3160,2632,2679,3286,3098,2495,2624,3127;3160,2632,2679,3286,3098,2495,2624,3127;100,100,100,100,100,100,100,78;OOOOOOOO;97;0;701;8
[RECV] BSDC91 notify: CD;1;2693;tag=2;local=0xb102;status=0x00800b02;rxf=0x0776c814;win=8165;pc=8;mask=0xff;resp=7;unexp=0;last_len=20;last_src=0xa106;last_dst=0xb102;last_code=0xe1
[RECV] BSDC91 notify: TR;3;2694;f;0;ff;7f;2554,3329,3309,2287,2512,3354,3047,0;2554,3329,3309,2287,2512,3354,3047,2293;100,100,100,100,100,100,100,40;OOOOOOOT;100;0;44219;8
[RECV] BSDC91 notify: TR;3;2695;f;0;ff;7f;2608,3425,3199,2366,2591,3391,3037,0;2608,3425,3199,2366,2591,3391,3037,2293;100,100,100,100,100,100,100,41;OOOOOOOT;100;0;671;8
[RECV] BS2DCE notify: TR;3;2707;f;0;ff;7f;3094,2715,2723,3336,3102,2480,2709,0;3094,2715,2723,3336,3102,2480,2709,3127;100,100,100,100,100,100,100,75;OOOOOOOT;100;0;671;8
[RECV] BSDC91 notify: TR;3;2696;f;0;ff;ff;2584,3470,3109,2403,2681,3474,3216,2239;2584,3470,3109,2403,2681,3474,3216,2239;100,100,100,100,100,100,100,44;OOOOOOOO;93;0;701;8
[RECV] BSDC91 notify: TR;3;2697;f;0;ff;7f;2666,3414,3117,2200,2776,3464,3184,0;2666,3414,3117,2200,2776,3464,3184,2239;100,100,100,100,100,100,100,42;OOOOOOOT;100;0;671;8
[RECV] BS2DCE notify: TR;3;2708;f;0;ff;ff;3069,2595,2744,3288,2916,2532,2719,3209;3069,2595,2744,3288,2916,2532,2719,3209;100,100,100,100,100,100,100,76;OOOOOOOO;97;0;701;8
[RECV] BSDC91 notify: TR;3;2698;f;0;ff;7f;2753,3723,2944,2151,2899,3387,3017,0;2753,3723,2944,2151,2899,3387,3017,2239;100,100,100,100,100,100,100,40;OOOOOOOT;100;0;671;8
[RECV] BS2DCE notify: TR;3;2709;f;0;ff;ff;3027,2542,2784,3160,2822,2668,2632,3148;3027,2542,2784,3160,2822,2668,2632,3148;100,100,100,100,100,100,100,77;OOOOOOOO;97;0;701;8
[RECV] BSDC91 notify: TR;3;2699;f;0;ff;ff;2892,3607,2951,2278,2970,3461,2950,2347;2892,3607,2951,2278,2970,3461,2950,2347;100,100,100,100,100,100,100,42;OOOOOOOO;92;0;701;8
[RECV] BS2DCE notify: TR;3;2710;f;0;ff;7f;2952,2541,2800,3032,2735,2730,2698,0;2952,2541,2800,3032,2735,2730,2698,3148;100,100,100,100,100,100,100,73;OOOOOOOT;100;0;671;8
[RECV] BSDC91 notify: TR;3;2700;f;0;ff;7f;3307,3402,2883,2243,3003,3487,2910,0;3307,3402,2883,2243,3003,3487,2910,2347;100,100,100,100,100,100,100,40;OOOOOOOT;100;0;671;8
[RECV] BS2DCE notify: TR;3;2711;f;0;ff;ff;2982,2512,2864,3105,2980,2516,2703,3256;2982,2512,2864,3105,2980,2516,2703,3256;100,100,100,100,100,100,100,75;OOOOOOOO;96;0;701;8
[RECV] BS2DCE notify: RXG;1;2711;tag=1;mask=0xff;pc=8;guard=1200;spacing=1000;win=8165;pre=1;slot_to_entry_us=0;slot_to_sched_us=0;slot_to_write_done_us=0;slot_to_txcmd_us=274;slot_to_txdone_us=610;txcmd_to_txdone_us=335;txdone_to_rxstart_us=91;txdone_to_rxend_us=213;rxenable_
[RECV] BSDC91 notify: TR;3;2701;f;0;ff;7f;3283,3528,2860,2350,3011,3353,2843,0;3283,3528,2860,2350,3011,3353,2843,2347;100,100,100,100,100,100,100,39;OOOOOOOT;100;0;671;8
[RECV] BS2DCE notify: TR;3;2712;f;0;ff;ff;2860,2545,2928,3411,2962,2549,2728,3211;2860,2545,2928,3411,2962,2549,2728,3211;100,100,100,100,100,100,100,76;OOOOOOOO;97;0;29876;8
[RECV] BSDC91 notify: TR;3;2702;f;0;ff;7f;3285,3610,2707,2164,2930,3333,2806,0;3285,3610,2707,2164,2930,3333,2806,2347;100,100,100,100,100,100,100,37;OOOOOOOT;100;0;671;8
[RECV] BS2DCE notify: CD;1;2712;tag=1;local=0xb101;status=0x02800102;rxf=0x0766c814;win=8165;pc=8;mask=0xff;resp=7;unexp=0;last_len=20;last_src=0xa106;last_dst=0xb101;last_code=0xe1
[RECV] BS2DCE notify: TR;3;2713;f;0;ff;7f;2787,2618,3033,3370,2802,2532,2836,0;2787,2618,3033,3370,2802,2532,2836,3211;100,100,100,100,100,100,100,73;OOOOOOOT;100;0;15563;8
[RECV] BSDC91 notify: TR;3;2703;f;0;ff;7f;3317,3599,2682,2462,2951,3380,2594,0;3317,3599,2682,2462,2951,3380,2594,2347;100,100,100,100,100,100,100,36;OOOOOOOT;100;0;671;8
[RECV] BS2DCE notify: TR;3;2714;f;0;ff;ff;2785,2589,3141,3234,2694,2565,2867,3023;2785,2589,3141,3234,2694,2565,2867,3023;100,100,100,100,100,100,100,74;OOOOOOOO;96;0;701;8
[RECV] BSDC91 notify: RXG;1;2703;tag=2;mask=0xff;pc=8;guard=1200;spacing=1000;win=8165;pre=1;slot_to_entry_us=0;slot_to_sched_us=0;slot_to_write_done_us=0;slot_to_txcmd_us=274;slot_to_txdone_us=610;txcmd_to_txdone_us=335;txdone_to_rxstart_us=61;txdone_to_rxend_us=183;rxenable_
[RECV] BSDC91 notify: CD;1;2703;tag=2;local=0xb102;status=0x00800b02;rxf=0x07c6c814;win=8165;pc=8;mask=0xff;resp=7;unexp=0;last_len=20;last_src=0xa106;last_dst=0xb102;last_code=0xe1
[RECV] BSDC91 notify: TR;3;2704;f;0;ff;7f;3142,3300,2563,2439,3016,3416,2593,0;3142,3300,2563,2439,3016,3416,2593,2347;100,100,100,100,100,100,100,34;OOOOOOOT;100;0;44097;8
[RECV] BSDC91 notify: TR;3;2705;f;0;ff;ff;3162,3209,2565,2539,3085,3450,2469,2474;3162,3209,2565,2539,3085,3450,2469,2474;100,100,100,100,100,100,100,37;OOOOOOOO;92;0;701;8
[RECV] BS2DCE notify: TR;3;2715;f;0;ff;ff;2767,2576,3223,3118,2590,2658,2827,3058;2767,2576,3223,3118,2590,2658,2827,3058;100,100,100,100,100,100,100,75;OOOOOOOO;96;0;701;8
[RECV] BSDC91 notify: TR;3;2706;f;0;ff;7f;3198,3061,2579,2535,3154,3310,2511,0;3198,3061,2579,2535,3154,3310,2511,2474;100,100,100,100,100,100,100,35;OOOOOOOT;100;0;671;8
[RECV] BS2DCE notify: TR;3;2716;f;0;ff;7f;2730,2675,3264,3087,2591,2684,2842,0;2730,2675,3264,3087,2591,2684,2842,3058;100,100,100,100,100,100,100,72;OOOOOOOT;100;0;671;8
[RECV] BS2DCE notify: TR;3;2717;f;0;ff;ff;2649,2720,3172,2874,2571,2724,2900,3096;2649,2720,3172,2874,2571,2724,2900,3096;100,100,100,100,100,100,100,73;OOOOOOOO;96;0;671;8
[RECV] BSDC91 notify: TR;3;2707;f;0;ff;7f;3229,3121,2548,2602,3163,3169,2397,0;3229,3121,2548,2602,3163,3169,2397,2474;100,100,100,100,100,100,100,34;OOOOOOOT;100;0;671;8
[RECV] BS2DCE notify: TR;3;2718;f;0;ff;77;2711,2787,3208,0,2485,2740,3011,0;2711,2787,3208,2874,2485,2740,3011,3096;100,100,100,96,100,100,100,70;OOOTOOOT;100;0;671;8
[RECV] BS2DCE notify: TR;3;2719;f;0;ff;7f;2622,2853,3218,2853,2473,2694,3030,0;2622,2853,3218,2853,2473,2694,3030,3096;100,100,100,96,100,100,100,68;OOOOOOOT;99;0;671;8
[RECV] BSDC91 notify: TR;3;2708;f;0;ff;ff;3192,3035,2482,2578,3202,3116,2256,2935;3192,3035,2482,2578,3202,3116,2256,2935;100,100,100,100,100,100,100,36;OOOOOOOO;92;0;701;8
[RECV] BSDC91 notify: TR;3;2709;f;0;ff;7f;3229,2903,2500,2798,3201,2998,2238,0;3229,2903,2500,2798,3201,2998,2238,2935;100,100,100,100,100,100,100,35;OOOOOOOT;100;0;671;8
[RECV] BS2DCE notify: TR;3;2720;f;0;ff;ff;2596,2943,3196,2873,2452,2869,3065,2861;2596,2943,3196,2873,2452,2869,3065,2861;100,100,100,100,100,100,100,70;OOOOOOOO;96;0;701;8
[RECV] BSDC91 notify: TR;3;2710;f;0;ff;7f;3215,2827,2473,2725,3307,2949,2174,0;3215,2827,2473,2725,3307,2949,2174,2935;100,100,100,100,100,100,100,34;OOOOOOOT;100;0;671;8
[RECV] BS2DCE notify: TR;3;2721;f;0;ff;ff;2549,3026,3294,2744,2402,2834,3087,2817;2549,3026,3294,2744,2402,2834,3087,2817;100,100,100,100,100,100,100,72;OOOOOOOO;96;0;701;8
[RECV] BSDC91 notify: TR;3;2711;f;0;ff;ff;3269,2808,2401,3148,3483,2907,2171,2901;3269,2808,2401,3148,3483,2907,2171,2901;100,100,100,100,100,100,100,41;OOOOOOOO;92;0;671;8
[RECV] BS2DCE notify: RXG;1;2721;tag=1;mask=0xff;pc=8;guard=1200;spacing=1000;win=8165;pre=1;slot_to_entry_us=0;slot_to_sched_us=0;slot_to_write_done_us=0;slot_to_txcmd_us=274;slot_to_txdone_us=610;txcmd_to_txdone_us=335;txdone_to_rxstart_us=61;txdone_to_rxend_us=183;rxenable_
[RECV] BS2DCE notify: TR;3;2722;f;0;ff;7f;2598,3130,3277,2686,2490,2895,3186,0;2598,3130,3277,2686,2490,2895,3186,2817;100,100,100,100,100,100,100,68;OOOOOOOT;100;0;29937;8
[RECV] BSDC91 notify: TR;3;2712;f;0;ff;7f;3289,2762,2386,3314,3549,2830,2203,0;3289,2762,2386,3314,3549,2830,2203,2901;100,100,100,100,100,100,100,38;OOOOOOOT;100;0;671;8
[RECV] BS2DCE notify: CD;1;2722;tag=1;local=0xb101;status=0x02806f02;rxf=0x0796c814;win=8165;pc=8;mask=0xff;resp=8;unexp=0;last_len=20;last_src=0xa107;last_dst=0xb101;last_code=0xe1
[RECV] BS2DCE notify: TR;3;2723;f;0;ff;ff;2546,3113,3296,2562,2393,2981,3175,2652;2546,3113,3296,2562,2393,2981,3175,2652;100,100,100,100,100,100,100,70;OOOOOOOO;96;0;15502;8
[RECV] BSDC91 notify: TR;3;2713;f;0;ff;7f;3385,2711,2356,2788,3637,2703,2111,0;3385,2711,2356,2788,3637,2703,2111,2901;100,100,100,100,100,100,100,36;OOOOOOOT;100;0;671;8
[RECV] BS2DCE notify: TR;3;2724;f;0;ff;ff;2816,3097,3383,2723,2434,2974,3030,2600;2816,3097,3383,2723,2434,2974,3030,2600;100,100,100,100,100,100,100,71;OOOOOOOO;96;0;701;8
[RECV] BSDC91 notify: RXG;1;2713;tag=2;mask=0xff;pc=8;guard=1200;spacing=1000;win=8165;pre=1;slot_to_entry_us=0;slot_to_sched_us=0;slot_to_write_done_us=0;slot_to_txcmd_us=274;slot_to_txdone_us=671;txcmd_to_txdone_us=396;txdone_to_rxstart_us=61;txdone_to_rxend_us=183;rxenable_
[RECV] BSDC91 notify: CD;1;2713;tag=2;local=0xb102;status=0x00806f02;rxf=0x07b6c814;win=8165;pc=8;mask=0xff;resp=8;unexp=0;last_len=20;last_src=0xa107;last_dst=0xb102;last_code=0xe1
[RECV] BSDC91 notify: TR;3;2714;f;0;ff;ff;3365,2631,2352,2889,3656,2676,2161,2971;3365,2631,2352,2889,3656,2676,2161,2971;100,100,100,100,100,100,100,40;OOOOOOOO;92;0;44464;8
[RECV] BSDC91 notify: TR;3;2715;f;0;ff;ff;3373,2680,2216,3201,3863,2574,2250,2914;3373,2680,2216,3201,3863,2574,2250,2914;100,100,100,100,100,100,100,42;OOOOOOOO;92;0;885;8
[RECV] BS2DCE notify: TR;3;2725;f;0;ff;7f;2739,3113,3418,2622,2579,2981,3037,0;2739,3113,3418,2622,2579,2981,3037,2600;100,100,100,100,100,100,100,68;OOOOOOOT;100;0;701;8
[RECV] BS2DCE notify: TR;3;2726;f;0;ff;ff;2579,3180,3377,2552,2525,3070,3091,2571;2579,3180,3377,2552,2525,3070,3091,2571;100,100,100,100,100,100,100,69;OOOOOOOO;96;0;701;8
[RECV] BSDC91 notify: TR;3;2716;f;0;ff;7f;3401,2607,2326,3141,3443,2528,2285,0;3401,2607,2326,3141,3443,2528,2285,2914;100,100,100,100,100,100,100,40;OOOOOOOT;100;0;671;8
[RECV] BS2DCE notify: TR;3;2727;f;0;ff;ff;2490,3151,3480,2744,2574,3016,3195,2553;2490,3151,3480,2744,2574,3016,3195,2553;100,100,100,100,100,100,100,70;OOOOOOOO;96;0;701;8
[RECV] BSDC91 notify: TR;3;2717;f;0;ff;ff;3427,2581,2215,3168,3434,2473,2190,3099;3427,2581,2215,3168,3434,2473,2190,3099;100,100,100,100,100,100,100,43;OOOOOOOO;92;0;701;8
[RECV] BS2DCE notify: TR;3;2728;f;0;ff;ff;2471,3081,3422,2538,2596,3069,3227,2467;2471,3081,3422,2538,2596,3069,3227,2467;100,100,100,100,100,100,100,72;OOOOOOOO;96;0;701;8
[RECV] BSDC91 notify: TR;3;2718;f;0;ff;7f;3402,2442,2310,3214,3467,2475,2615,0;3402,2442,2310,3214,3467,2475,2615,3099;100,100,100,100,100,100,100,41;OOOOOOOT;100;0;671;8
[RECV] BS2DCE notify: TR;3;2729;f;0;ff;ff;2457,3150,3344,2509,2625,3143,3180,2469;2457,3150,3344,2509,2625,3143,3180,2469;100,100,100,100,100,100,100,73;OOOOOOOO;96;0;701;8
[RECV] BSDC91 notify: TR;3;2719;f;0;ff;7f;3369,2458,2275,3367,3355,2400,2420,0;3369,2458,2275,3367,3355,2400,2420,3099;100,100,100,100,100,100,100,40;OOOOOOOT;100;0;671;8
[RECV] BSDC91 notify: TR;3;2720;f;0;ff;ff;3340,2461,2323,3238,3357,2388,2376,3111;3340,2461,2323,3238,3357,2388,2376,3111;100,100,100,100,100,100,100,42;OOOOOOOO;92;0;701;8
[RECV] BS2DCE notify: TR;3;2730;f;0;ff;f7;2482,3187,3284,0,2572,3250,3150,2414;2482,3187,3284,2509,2572,3250,3150,2414;100,100,100,96,100,100,100,74;OOOTOOOO;96;0;671;8
[RECV] BS2DCE notify: TR;3;2731;f;0;ff;7f;2490,3202,3335,2426,2619,3307,3096,0;2490,3202,3335,2426,2619,3307,3096,2414;100,100,100,96,100,100,100,71;OOOOOOOT;99;0;823;8
[RECV] BSDC91 notify: TR;3;2721;f;0;ff;7f;3347,2402,2334,3244,3316,2313,2351,0;3347,2402,2334,3244,3316,2313,2351,3111;100,100,100,100,100,100,100,40;OOOOOOOT;100;0;671;8
[RECV] BS2DCE notify: RXG;1;2731;tag=1;mask=0xff;pc=8;guard=1200;spacing=1000;win=8165;pre=1;slot_to_entry_us=0;slot_to_sched_us=0;slot_to_write_done_us=0;slot_to_txcmd_us=274;slot_to_txdone_us=610;txcmd_to_txdone_us=335;txdone_to_rxstart_us=61;txdone_to_rxend_us=183;rxenable_
[RECV] BSDC91 notify: TR;3;2722;f;0;ff;7f;3333,2333,2415,3184,3353,2247,2408,0;3333,2333,2415,3184,3353,2247,2408,3111;100,100,100,100,100,100,100,39;OOOOOOOT;100;0;671;8
[RECV] BSDC91 notify: TR;3;2723;f;0;ff;ff;3428,2398,2453,3198,3269,2196,2421,3261;3428,2398,2453,3198,3269,2196,2421,3261;100,100,100,100,100,100,100,41;OOOOOOOO;92;0;701;8
[RECV] BS2DCE notify: TR;3;2732;f;0;ff;ff;2546,3280,3378,2361,2645,3218,3067,2366;2546,3280,3378,2361,2645,3218,3067,2366;100,100,100,96,100,100,100,72;OOOOOOOO;96;0;29876;8
[RECV] BS2DCE notify: CD;1;2732;tag=1;local=0xb101;status=0x02806f02;rxf=0x0796c814;win=8165;pc=8;mask=0xff;resp=8;unexp=0;last_len=20;last_src=0xa107;last_dst=0xb101;last_code=0xe1
[RECV] BS2DCE notify: TR;3;2733;f;0;ff;ff;2639,3195,3421,2318,2704,3185,3031,2379;2639,3195,3421,2318,2704,3185,3031,2379;100,100,100,96,100,100,100,73;OOOOOOOO;96;0;15502;8
[RECV] BS2DCE notify: TR;3;2734;f;0;ff;ff;2675,3279,3275,2483,2684,3275,3031,2363;2675,3279,3275,2483,2684,3275,3031,2363;100,100,100,96,100,100,100,74;OOOOOOOO;96;0;701;8
[RECV] BS2DCE notify: TR;3;2735;f;0;ff;ff;2676,3436,3183,2472,2770,3311,3025,2434;2676,3436,3183,2472,2770,3311,3025,2434;100,100,100,96,100,100,100,75;OOOOOOOO;96;0;701;8
[RECV] BSDC91 notify: RXG;1;2723;tag=2;mask=0xff;pc=8;guard=1200;spacing=1000;win=8165;pre=1;slot_to_entry_us=0;slot_to_sched_us=0;slot_to_write_done_us=0;slot_to_txcmd_us=274;slot_to_txdone_us=610;txcmd_to_txdone_us=335;txdone_to_rxstart_us=61;txdone_to_rxend_us=183;rxenable_
[RECV] BS2DCE notify: TR;3;2736;f;0;ff;ff;2760,3475,3056,2567,2817,3457,2950,2444;2760,3475,3056,2567,2817,3457,2950,2444;100,100,100,100,100,100,100,76;OOOOOOOO;97;0;701;8
[RECV] BSDC91 notify: CD;1;2723;tag=2;local=0xb102;status=0x00800b02;rxf=0x07a6c814;win=8165;pc=8;mask=0xff;resp=7;unexp=0;last_len=20;last_src=0xa106;last_dst=0xb102;last_code=0xe1
[RECV] BSDC91 notify: TR;3;2724;f;0;ff;7f;3297,2456,2538,3217,3142,2372,2478,0;3297,2456,2538,3217,3142,2372,2478,3261;100,100,100,100,100,100,100,40;OOOOOOOT;100;0;44128;8
[RECV] BSDC91 notify: TR;3;2725;f;0;ff;7f;3225,2463,2548,3367,3120,2382,2511,0;3225,2463,2548,3367,3120,2382,2511,3261;100,100,100,100,100,100,100,38;OOOOOOOT;100;0;854;8
[RECV] BSDC91 notify: TR;3;2726;f;0;ff;ff;3156,2627,2649,3329,3083,2398,2559,3269;3156,2627,2649,3329,3083,2398,2559,3269;100,100,100,100,100,100,100,40;OOOOOOOO;92;0;701;8
[RECV] BS2DCE notify: TR;3;2737;f;0;ff;ff;2797,3453,3060,2517,2836,3421,2971,2515;2797,3453,3060,2517,2836,3421,2971,2515;100,100,100,100,100,100,100,77;OOOOOOOO;97;0;701;8
[RECV] BS2DCE notify: TR;3;2738;f;0;ff;ff;3211,3354,2985,2375,2842,3372,2917,2437;3211,3354,2985,2375,2842,3372,2917,2437;100,100,100,100,100,100,100,78;OOOOOOOO;97;0;671;8
[RECV] BSDC91 notify: TR;3;2727;f;0;ff;7f;3153,2376,2676,3261,3142,2414,2519,0;3153,2376,2676,3261,3142,2414,2519,3269;100,100,100,100,100,100,100,41;OOOOOOOT;100;0;671;8
[RECV] BSDC91 notify: TR;3;2728;f;0;ff;7f;3013,2389,2732,3412,3276,2501,2567,0;3013,2389,2732,3412,3276,2501,2567,3269;100,100,100,100,100,100,100,38;OOOOOOOT;100;0;671;8
[RECV] BS2DCE notify: TR;3;2739;f;0;ff;ff;3195,3388,2990,2331,2847,3313,2881,2706;3195,3388,2990,2331,2847,3313,2881,2706;100,100,100,100,100,100,100,80;OOOOOOOO;97;0;701;8
[RECV] BSDC91 notify: TR;3;2729;f;0;ff;ff;3006,2346,2784,3323,3246,2459,2661,3181;3006,2346,2784,3323,3246,2459,2661,3181;100,100,100,100,100,100,100,42;OOOOOOOO;92;0;701;8
[RECV] BS2DCE notify: TR;3;2740;f;0;ff;ff;3167,3355,2947,2311,2936,3371,2934,2543;3167,3355,2947,2311,2936,3371,2934,2543;100,100,100,100,100,100,100,80;OOOOOOOO;97;0;701;8
[RECV] BS2DCE notify: TR;3;2741;f;0;ff;ff;3191,3278,2920,2501,2975,3301,2774,2520;3191,3278,2920,2501,2975,3301,2774,2520;100,100,100,100,100,100,100,81;OOOOOOOO;97;0;671;8
[RECV] BSDC91 notify: TR;3;2730;f;0;ff;7f;2908,2338,2806,3416,3064,2434,2673,0;2908,2338,2806,3416,3064,2434,2673,3181;100,100,100,100,100,100,100,40;OOOOOOOT;100;0;671;8
[RECV] BS2DCE notify: RXG;1;2741;tag=1;mask=0xff;pc=8;guard=1200;spacing=1000;win=8165;pre=1;slot_to_entry_us=0;slot_to_sched_us=0;slot_to_write_done_us=0;slot_to_txcmd_us=274;slot_to_txdone_us=610;txcmd_to_txdone_us=335;txdone_to_rxstart_us=91;txdone_to_rxend_us=213;rxenable_
[RECV] BS2DCE notify: TR;3;2742;f;0;ff;ff;3021,3343,2871,2441,2873,3283,2862,2618;3021,3343,2871,2441,2873,3283,2862,2618;100,100,100,100,100,100,100,82;OOOOOOOO;97;0;29876;8
[RECV] BS2DCE notify: CD;1;2742;tag=1;local=0xb101;status=0x02800f02;rxf=0x0796c814;win=8165;pc=8;mask=0xff;resp=7;unexp=0;last_len=20;last_src=0xa106;last_dst=0xb101;last_code=0xe1
[RECV] BS2DCE notify: TR;3;2743;f;0;ff;7f;3062,3359,2732,2454,2897,3263,2721,0;3062,3359,2732,2454,2897,3263,2721,2618;100,100,100,100,100,100,100,79;OOOOOOOT;100;0;15594;8
[RECV] BSDC91 notify: TR;3;2731;f;0;ff;ff;2917,2421,2852,3357,2943,2428,2752,3254;2917,2421,2852,3357,2943,2428,2752,3254;100,100,100,100,100,100,100,42;OOOOOOOO;92;0;701;8
[RECV] BSDC91 notify: TR;3;2732;f;0;ff;ff;2822,2396,2896,3191,2856,2416,2737,3255;2822,2396,2896,3191,2856,2416,2737,3255;100,100,100,100,100,100,100,45;OOOOOOOO;93;0;701;8
[RECV] BS2DCE notify: TR;3;2744;f;0;ff;ff;3072,3168,2844,2684,3006,3303,2663,2570;3072,3168,2844,2684,3006,3303,2663,2570;100,100,100,100,100,100,100,80;OOOOOOOO;97;0;671;8
[RECV] BSDC91 notify: TR;3;2733;f;0;ff;7f;2748,2424,2987,3235,2738,2525,2784,0;2748,2424,2987,3235,2738,2525,2784,3255;100,100,100,100,100,100,100,43;OOOOOOOT;100;0;671;8
[RECV] BS2DCE notify: TR;3;2745;f;0;ff;ff;3044,3200,2731,2759,3003,3267,2651,2570;3044,3200,2731,2759,3003,3267,2651,2570;100,100,100,100,100,100,100,80;OOOOOOOO;97;0;701;8
[RECV] BS2DCE notify: TR;3;2746;f;0;ff;ff;3064,3112,2701,2691,3082,3153,2567,2558;3064,3112,2701,2691,3082,3153,2567,2558;100,100,100,100,100,100,100,81;OOOOOOOO;97;0;701;8
[RECV] BSDC91 notify: RXG;1;2733;tag=2;mask=0xff;pc=8;guard=1200;spacing=1000;win=8165;pre=1;slot_to_entry_us=0;slot_to_sched_us=0;slot_to_write_done_us=0;slot_to_txcmd_us=274;slot_to_txdone_us=610;txcmd_to_txdone_us=335;txdone_to_rxstart_us=61;txdone_to_rxend_us=183;rxenable_
[RECV] BSDC91 notify: CD;1;2733;tag=2;local=0xb102;status=0x00800b02;rxf=0x07a6c814;win=8165;pc=8;mask=0xff;resp=7;unexp=0;last_len=20;last_src=0xa106;last_dst=0xb102;last_code=0xe1
[RECV] BSDC91 notify: TR;3;2734;f;0;ff;7f;2666,2553,3024,3289,2697,2565,2861,0;2666,2553,3024,3289,2697,2565,2861,3255;100,100,100,100,100,100,100,41;OOOOOOOT;100;0;44189;8
[RECV] BSDC91 notify: TR;3;2735;f;0;ff;ff;2636,2526,3115,3223,2491,2563,2883,3055;2636,2526,3115,3223,2491,2563,2883,3055;100,100,100,100,100,100,100,44;OOOOOOOO;93;0;671;8
[RECV] BS2DCE notify: TR;3;2747;f;0;ff;ff;3114,3035,2672,2748,3192,3134,2504,2597;3114,3035,2672,2748,3192,3134,2504,2597;100,100,100,100,100,100,100,82;OOOOOOOO;97;0;701;8
[RECV] BSDC91 notify: TR;3;2736;f;0;ff;7f;2619,2554,3201,3179,2481,2610,2877,0;2619,2554,3201,3179,2481,2610,2877,3055;100,100,100,100,100,100,100,42;OOOOOOOT;100;0;671;8
[RECV] BSDC91 notify: TR;3;2737;f;0;ff;7f;2645,2724,3285,3075,2450,2677,2911,0;2645,2724,3285,3075,2450,2677,2911,3055;100,100,100,100,100,100,100,40;OOOOOOOT;100;0;671;8
[RECV] BS2DCE notify: TR;3;2748;f;0;ff;ff;3092,2977,2666,2690,3272,3102,2506,2413;3092,2977,2666,2690,3272,3102,2506,2413;100,100,100,100,100,100,100,82;OOOOOOOO;97;0;701;8
[RECV] BSDC91 notify: TR;3;2738;f;0;ff;ff;2615,2689,3384,2930,2354,2547,2976,2916;2615,2689,3384,2930,2354,2547,2976,2916;100,100,100,100,100,100,100,42;OOOOOOOO;92;0;701;8
[RECV] BS2DCE notify: TR;3;2749;f;0;ff;ff;3145,2949,2651,2842,3201,3093,2458,2771;3145,2949,2651,2842,3201,3093,2458,2771;100,100,100,100,100,100,100,83;OOOOOOOO;97;0;701;8
[RECV] BSDC91 notify: TR;3;2739;f;0;ff;7f;2642,2776,3401,3031,2261,2667,3080,0;2642,2776,3401,3031,2261,2667,3080,2916;100,100,100,100,100,100,100,41;OOOOOOOT;100;0;671;8
[RECV] BS2DCE notify: TR;3;2750;f;0;ff;ff;3100,2968,2650,2973,3293,3000,2307,2871;3100,2968,2650,2973,3293,3000,2307,2871;100,100,100,100,100,100,100,83;OOOOOOOO;97;0;671;8
[RECV] BSDC91 notify: TR;3;2740;f;0;ff;7f;2373,2831,3321,2886,2377,2806,3145,0;2373,2831,3321,2886,2377,2806,3145,2916;100,100,100,100,100,100,100,40;OOOOOOOT;100;0;671;8
[RECV] BSDC91 notify: TR;3;2741;f;0;ff;ff;2403,2952,3331,2782,2257,2900,3118,2833;2403,2952,3331,2782,2257,2900,3118,2833;100,100,100,100,100,100,100,41;OOOOOOOO;92;0;701;8
[RECV] BS2DCE notify: TR;3;2751;f;0;ff;ff;3187,2963,2614,2785,3153,3062,2356,2839;3187,2963,2614,2785,3153,3062,2356,2839;100,100,100,100,100,100,100,84;OOOOOOOO;98;0;701;8
[RECV] BS2DCE notify: RXG;1;2751;tag=1;mask=0xff;pc=8;guard=1200;spacing=1000;win=8165;pre=1;slot_to_entry_us=0;slot_to_sched_us=0;slot_to_write_done_us=0;slot_to_txcmd_us=274;slot_to_txdone_us=610;txcmd_to_txdone_us=335;txdone_to_rxstart_us=61;txdone_to_rxend_us=213;rxenable_
[RECV] BS2DCE notify: TR;3;2752;f;0;ff;ff;3120,2865,2584,3052,3349,2940,2386,2455;3120,2865,2584,3052,3349,2940,2386,2455;100,100,100,100,100,100,100,88;OOOOOOOO;98;0;30029;8
[RECV] BSDC91 notify: TR;3;2742;f;0;ff;7f;2542,3022,3388,2695,2266,3016,3105,0;2542,3022,3388,2695,2266,3016,3105,2833;100,100,100,100,100,100,100,40;OOOOOOOT;100;0;671;8
[RECV] BS2DCE notify: CD;1;2752;tag=1;local=0xb101;status=0x02806f02;rxf=0x0766c814;win=8165;pc=8;mask=0xff;resp=8;unexp=0;last_len=20;last_src=0xa107;last_dst=0xb101;last_code=0xe1
[RECV] BS2DCE notify: TR;3;2753;f;0;ff;ff;3201,2859,2548,2875,3315,2934,2286,2865;3201,2859,2548,2875,3315,2934,2286,2865;100,100,100,100,100,100,100,88;OOOOOOOO;98;0;15563;8
[RECV] BS2DCE notify: TR;3;2754;f;0;ff;ff;3231,2856,2585,3080,3367,2844,2344,2880;3231,2856,2585,3080,3367,2844,2344,2880;100,100,100,100,100,100,100,89;OOOOOOOO;98;0;701;8
[RECV] BS2DCE notify: TR;3;2755;f;0;ff;ff;3325,2744,2697,3020,3326,2760,2378,2886;3325,2744,2697,3020,3326,2760,2378,2886;100,100,100,100,100,100,100,90;OOOOOOOO;98;0;701;8
[RECV] BSDC91 notify: TR;3;2743;f;0;ff;7f;2538,3059,3390,2692,2271,3010,3204,0;2538,3059,3390,2692,2271,3010,3204,2833;100,100,100,100,100,100,100,41;OOOOOOOT;100;0;671;8
[RECV] BSDC91 notify: RXG;1;2743;tag=2;mask=0xff;pc=8;guard=1200;spacing=1000;win=8165;pre=1;slot_to_entry_us=0;slot_to_sched_us=0;slot_to_write_done_us=0;slot_to_txcmd_us=274;slot_to_txdone_us=610;txcmd_to_txdone_us=335;txdone_to_rxstart_us=122;txdone_to_rxend_us=244;rxenable
[RECV] BSDC91 notify: CD;1;2743;tag=2;local=0xb102;status=0x00806f02;rxf=0x07c6c814;win=8165;pc=8;mask=0xff;resp=8;unexp=0;last_len=20;last_src=0xa107;last_dst=0xb102;last_code=0xe1
[RECV] BSDC91 notify: TR;3;2744;f;0;ff;ff;2751,3093,3414,2696,2330,3053,3237,2593;2751,3093,3414,2696,2330,3053,3237,2593;100,100,100,100,100,100,100,44;OOOOOOOO;93;0;44403;8
[RECV] BSDC91 notify: TR;3;2745;f;0;ff;7f;2471,3087,3356,2664,2282,3028,3154,0;2471,3087,3356,2664,2282,3028,3154,2593;100,100,100,100,100,100,100,42;OOOOOOOT;100;0;793;8
[RECV] BS2DCE notify: TR;3;2756;f;0;ff;ff;3397,2721,2628,3018,3379,2749,2315,2865;3397,2721,2628,3018,3379,2749,2315,2865;100,100,100,100,100,100,100,90;OOOOOOOO;98;0;671;8
[RECV] BSDC91 notify: TR;3;2746;f;0;ff;7f;2409,3158,3434,2549,2346,3046,3283,0;2409,3158,3434,2549,2346,3046,3283,2593;100,100,100,100,100,100,100,40;OOOOOOOT;100;0;701;8
[RECV] BS2DCE notify: TR;3;2757;f;0;ff;ff;3369,2656,2553,2956,3341,2595,2342,2599;3369,2656,2553,2956,3341,2595,2342,2599;100,100,100,100,100,100,100,90;OOOOOOOO;98;0;701;8
[RECV] BSDC91 notify: TR;3;2747;f;0;ff;ff;2369,3215,3365,2528,2318,3173,3279,2456;2369,3215,3365,2528,2318,3173,3279,2456;100,100,100,100,100,100,100,42;OOOOOOOO;92;0;701;8
[RECV] BS2DCE notify: TR;3;2758;f;0;ff;ff;3321,2604,2565,3061,3650,2558,2354,2906;3321,2604,2565,3061,3650,2558,2354,2906;100,100,100,100,100,100,100,91;OOOOOOOO;98;0;701;8
[RECV] BSDC91 notify: TR;3;2748;f;0;ff;7f;2341,3231,3647,2450,2337,3185,3270,0;2341,3231,3647,2450,2337,3185,3270,2456;100,100,100,100,100,100,100,40;OOOOOOOT;100;0;671;8
[RECV] BS2DCE notify: TR;3;2759;f;0;ff;ff;3294,2596,2497,3043,3533,2518,2831,3026;3294,2596,2497,3043,3533,2518,2831,3026;100,100,100,100,100,100,100,91;OOOOOOOO;98;0;671;8
[RECV] BS2DCE notify: TR;3;2760;f;0;ff;ff;3282,2565,2558,3020,3382,2509,2651,3102;3282,2565,2558,3020,3382,2509,2651,3102;100,100,100,100,100,100,100,92;OOOOOOOO;99;0;701;8
[RECV] BSDC91 notify: TR;3;2749;f;0;ff;7f;2378,3281,3498,2334,2304,3237,3294,0;2378,3281,3498,2334,2304,3237,3294,2456;100,100,100,100,100,100,100,39;OOOOOOOT;100;0;701;8
[RECV] BSDC91 notify: TR;3;2750;f;0;ff;ff;2335,3284,3445,2399,2359,3174,3293,2295;2335,3284,3445,2399,2359,3174,3293,2295;100,100,100,100,100,100,100,41;OOOOOOOO;92;0;701;8
[RECV] BS2DCE notify: TR;3;2761;f;0;ff;ff;3290,2562,2538,3124,3262,2378,2621,3062;3290,2562,2538,3124,3262,2378,2621,3062;100,100,100,100,100,100,100,92;OOOOOOOO;99;0;701;8
[RECV] BSDC91 notify: TR;3;2751;f;0;ff;7f;2345,3252,3527,2354,2404,3294,3247,0;2345,3252,3527,2354,2404,3294,3247,2295;100,100,100,100,100,100,100,40;OOOOOOOT;100;0;671;8
[RECV] BS2DCE notify: RXG;1;2761;tag=1;mask=0xff;pc=8;guard=1200;spacing=1000;win=8165;pre=1;slot_to_entry_us=0;slot_to_sched_us=0;slot_to_write_done_us=0;slot_to_txcmd_us=274;slot_to_txdone_us=610;txcmd_to_txdone_us=335;txdone_to_rxstart_us=61;txdone_to_rxend_us=183;rxenable_
[RECV] BSDC91 notify: TR;3;2752;f;0;ff;7f;2411,3330,3463,2326,2497,3357,3078,0;2411,3330,3463,2326,2497,3357,3078,2295;100,100,100,100,100,100,100,38;OOOOOOOT;100;0;701;8
[RECV] BS2DCE notify: TR;3;2762;f;0;ff;df;3342,2573,2521,3069,3455,0,2612,3205;3342,2573,2521,3069,3455,2378,2612,3205;100,100,100,100,100,96,100,92;OOOOOTOO;98;0;29876;8
[RECV] BS2DCE notify: CD;1;2762;tag=1;local=0xb101;status=0x02806f02;rxf=0x07c6c814;win=8165;pc=8;mask=0xff;resp=7;unexp=0;last_len=20;last_src=0xa107;last_dst=0xb101;last_code=0xe1
[RECV] BS2DCE notify: TR;3;2763;f;0;ff;fd;3305,0,2592,3184,3348,2413,2585,3198;3305,2573,2592,3184,3348,2413,2585,3198;100,96,100,100,100,96,100,92;OTOOOOOO;98;0;15472;8
[RECV] BSDC91 notify: TR;3;2753;f;0;ff;ff;2530,3298,3494,2221,2587,3338,3074,2217;2530,3298,3494,2221,2587,3338,3074,2217;100,100,100,100,100,100,100,40;OOOOOOOO;92;0;701;8
[RECV] BS2DCE notify: TR;3;2764;f;0;ff;ff;3208,2473,2655,3338,3246,2475,2657,3185;3208,2473,2655,3338,3246,2475,2657,3185;100,96,100,100,100,96,100,93;OOOOOOOO;98;0;701;8
[RECV] BS2DCE notify: TR;3;2765;f;0;ff;ff;3151,2588,2669,3273,3165,2414,2644,3143;3151,2588,2669,3273,3165,2414,2644,3143;100,96,100,100,100,96,100,93;OOOOOOOO;98;0;671;8
[RECV] BSDC91 notify: RXG;1;2753;tag=2;mask=0xff;pc=8;guard=1200;spacing=1000;win=8165;pre=1;slot_to_entry_us=0;slot_to_sched_us=0;slot_to_write_done_us=0;slot_to_txcmd_us=274;slot_to_txdone_us=610;txcmd_to_txdone_us=335;txdone_to_rxstart_us=61;txdone_to_rxend_us=183;rxenable_
[RECV] BSDC91 notify: CD;1;2753;tag=2;local=0xb102;status=0x00800b02;rxf=0x07a6c814;win=8165;pc=8;mask=0xff;resp=7;unexp=0;last_len=20;last_src=0xa106;last_dst=0xb102;last_code=0xe1
[RECV] BSDC91 notify: TR;3;2754;f;0;ff;7f;2537,3341,3278,2346,2545,3384,3143,0;2537,3341,3278,2346,2545,3384,3143,2217;100,100,100,100,100,100,100,39;OOOOOOOT;100;0;44342;8
[RECV] BSDC91 notify: TR;3;2755;f;0;ff;ff;2551,3469,3174,2413,2636,3395,2983,2265;2551,3469,3174,2413,2636,3395,2983,2265;100,100,100,100,100,100,100,41;OOOOOOOO;92;0;701;8
[RECV] BS2DCE notify: TR;3;2766;f;0;ff;ff;3176,2636,2741,3386,3082,2534,2630,3189;3176,2636,2741,3386,3082,2534,2630,3189;100,96,100,100,100,96,100,93;OOOOOOOO;98;0;701;8
[RECV] BS2DCE notify: TR;3;2767;f;0;ff;7f;3125,2636,2706,3209,3061,2499,2727,0;3125,2636,2706,3209,3061,2499,2727,3189;100,96,100,100,100,96,100,90;OOOOOOOT;98;0;793;8
[RECV] BSDC91 notify: TR;3;2756;f;0;ff;ff;2626,3481,3097,2467,2678,3837,3243,2247;2626,3481,3097,2467,2678,3837,3243,2247;100,100,100,100,100,100,100,43;OOOOOOOO;92;0;701;8
[RECV] BSDC91 notify: TR;3;2757;f;0;ff;7f;2691,3567,3039,2189,2798,3244,3065,0;2691,3567,3039,2189,2798,3244,3065,2247;100,100,100,100,100,100,100,41;OOOOOOOT;100;0;671;8
[RECV] BS2DCE notify: TR;3;2768;f;0;ff;ff;3115,2525,2739,3104,2995,2552,2634,3314;3115,2525,2739,3104,2995,2552,2634,3314;100,100,100,100,100,100,100,94;OOOOOOOO;99;0;701;8
[RECV] BSDC91 notify: TR;3;2758;f;0;ff;7f;2771,3690,2991,2160,2877,3497,3057,0;2771,3690,2991,2160,2877,3497,3057,2247;100,100,100,100,100,100,100,40;OOOOOOOT;100;0;671;8
[RECV] BS2DCE notify: TR;3;2769;f;0;ff;ff;2993,2518,2771,3255,3030,2724,2657,3329;2993,2518,2771,3255,3030,2724,2657,3329;100,100,100,100,100,100,100,94;OOOOOOOO;99;0;732;8
[RECV] BSDC91 notify: TR;3;2759;f;0;ff;ff;3549,3425,2919,2269,2956,3500,2929,2388;3549,3425,2919,2269,2956,3500,2929,2388;100,100,100,100,100,100,100,47;OOOOOOOO;93;0;701;8
[RECV] BSDC91 notify: TR;3;2760;f;0;ff;7f;3492,3446,2901,2148,3066,3481,2937,0;3492,3446,2901,2148,3066,3481,2937,2388;100,100,100,100,100,100,100,44;OOOOOOOT;100;0;671;8
[RECV] BS2DCE notify: TR;3;2770;f;0;ff;ff;2981,2516,2865,3268,3223,2526,2659,3248;2981,2516,2865,3268,3223,2526,2659,3248;100,100,100,100,100,100,100,94;OOOOOOOO;99;0;701;8
[RECV] BS2DCE notify: TR;3;2771;f;0;ff;ff;2931,2526,2897,3395,3012,2504,2718,3280;2931,2526,2897,3395,3012,2504,2718,3280;100,100,100,100,100,100,100,95;OOOOOOOO;99;0;701;8
[RECV] BSDC91 notify: TR;3;2761;f;0;ff;7f;3430,3555,2811,2305,2919,3407,2891,0;3430,3555,2811,2305,2919,3407,2891,2388;100,100,100,100,100,100,100,42;OOOOOOOT;100;0;701;8
[RECV] BS2DCE notify: RXG;1;2771;tag=1;mask=0xff;pc=8;guard=1200;spacing=1000;win=8165;pre=1;slot_to_entry_us=0;slot_to_sched_us=0;slot_to_write_done_us=0;slot_to_txcmd_us=274;slot_to_txdone_us=610;txcmd_to_txdone_us=335;txdone_to_rxstart_us=91;txdone_to_rxend_us=213;rxenable_
[RECV] BS2DCE notify: TR;3;2772;f;0;ff;ff;2821,2562,2940,3425,2888,2567,2779,3166;2821,2562,2940,3425,2888,2567,2779,3166;100,100,100,100,100,100,100,95;OOOOOOOO;99;0;30029;8
[RECV] BSDC91 notify: TR;3;2762;f;0;ff;ff;3336,3425,2700,2179,2905,3367,2727,2449;3336,3425,2700,2179,2905,3367,2727,2449;100,100,100,100,100,100,100,45;OOOOOOOO;93;0;701;8
[RECV] BS2DCE notify: TR;3;2773;f;0;ff;ff;2824,2570,2996,3328,2718,2650,2805,3255;2824,2570,2996,3328,2718,2650,2805,3255;100,100,100,100,100,100,100,95;OOOOOOOO;99;0;823;8
[RECV] BSDC91 notify: TR;3;2763;f;0;ff;7f;3099,3644,2656,2304,3000,3340,2582,0;3099,3644,2656,2304,3000,3340,2582,2449;100,100,100,100,100,100,100,42;OOOOOOOT;100;0;671;8
[RECV] BS2DCE notify: CD;1;2773;tag=1;local=0xb101;status=0x02806f02;rxf=0x0786c814;win=8165;pc=8;mask=0xff;resp=8;unexp=0;last_len=20;last_src=0xa107;last_dst=0xb101;last_code=0xe1
[RECV] BS2DCE notify: TR;3;2774;f;0;ff;ff;2767,2612,3149,3259,2657,2616,2854,3088;2767,2612,3149,3259,2657,2616,2854,3088;100,100,100,100,100,100,100,95;OOOOOOOO;99;0;15716;8
[RECV] BSDC91 notify: RXG;1;2763;tag=2;mask=0xff;pc=8;guard=1200;spacing=1000;win=8165;pre=1;slot_to_entry_us=0;slot_to_sched_us=0;slot_to_write_done_us=0;slot_to_txcmd_us=274;slot_to_txdone_us=610;txcmd_to_txdone_us=335;txdone_to_rxstart_us=61;txdone_to_rxend_us=183;rxenable_
[RECV] BS2DCE notify: TR;3;2775;f;0;ff;ff;2735,2607,3228,3197,2652,2659,2853,2988;2735,2607,3228,3197,2652,2659,2853,2988;100,100,100,100,100,100,100,95;OOOOOOOO;99;0;701;8
[RECV] BSDC91 notify: CD;1;2763;tag=2;local=0xb102;status=0x00806f02;rxf=0x07a6c814;win=8165;pc=8;mask=0xff;resp=8;unexp=0;last_len=20;last_src=0xa107;last_dst=0xb102;last_code=0xe1
[RECV] BSDC91 notify: TR;3;2764;f;0;ff;ff;3151,3267,2583,2549,2983,3375,2590,2395;3151,3267,2583,2549,2983,3375,2590,2395;100,100,100,100,100,100,100,45;OOOOOOOO;93;0;44189;8
[RECV] BSDC91 notify: TR;3;2765;f;0;ff;ff;3136,3225,2535,2589,3018,3476,2517,2512;3136,3225,2535,2589,3018,3476,2517,2512;100,100,100,100,100,100,100,47;OOOOOOOO;93;0;671;8
[RECV] BS2DCE notify: TR;3;2776;f;0;ff;fd;2721,0,3310,3107,2582,2722,2882,3089;2721,2607,3310,3107,2582,2722,2882,3089;100,96,100,100,100,100,100,96;OTOOOOOO;99;0;671;8
[RECV] BSDC91 notify: TR;3;2766;f;0;ff;7f;3172,3140,2561,2565,3143,3395,2469,0;3172,3140,2561,2565,3143,3395,2469,2512;100,100,100,100,100,100,100,45;OOOOOOOT;100;0;671;8
[RECV] BS2DCE notify: TR;3;2777;f;0;ff;ff;2694,2693,3221,3004,2512,2709,2926,2708;2694,2693,3221,3004,2512,2709,2926,2708;100,96,100,100,100,100,100,96;OOOOOOOO;99;0;671;8
[RECV] BSDC91 notify: TR;3;2767;f;0;ff;7f;3184,3163,2473,2637,3206,3096,2416,0;3184,3163,2473,2637,3206,3096,2416,2512;100,100,100,100,100,100,100,44;OOOOOOOT;100;0;701;8
[RECV] BS2DCE notify: TR;3;2778;f;0;ff;ff;2635,2798,3174,2949,2485,2654,3050,3059;2635,2798,3174,2949,2485,2654,3050,3059;100,96,100,100,100,100,100,96;OOOOOOOO;99;0;701;8
[RECV] BSDC91 notify: TR;3;2768;f;0;ff;ff;3145,3077,2541,2704,3218,3089,2284,2811;3145,3077,2541,2704,3218,3089,2284,2811;100,100,100,100,100,100,100,46;OOOOOOOO;93;0;701;8
[RECV] BS2DCE notify: TR;3;2779;f;0;ff;ff;2618,2889,3204,2891,2459,2739,3064,2977;2618,2889,3204,2891,2459,2739,3064,2977;100,96,100,100,100,100,100,96;OOOOOOOO;99;0;701;8
[RECV] BSDC91 notify: TR;3;2769;f;0;ff;7f;3237,2957,2435,2662,3229,2942,2225,0;3237,2957,2435,2662,3229,2942,2225,2811;100,100,100,100,100,100,100,44;OOOOOOOT;100;0;671;8
[RECV] BSDC91 notify: TR;3;2770;f;0;ff;7f;3252,2852,2416,2818,3287,2955,2238,0;3252,2852,2416,2818,3287,2955,2238,2811;100,100,100,100,100,100,100,42;OOOOOOOT;100;0;701;8
[RECV] BS2DCE notify: TR;3;2780;f;0;ff;ff;2574,2944,3234,2855,2460,2793,3001,2879;2574,2944,3234,2855,2460,2793,3001,2879;100,96,100,100,100,100,100,96;OOOOOOOO;99;0;701;8
[RECV] BS2DCE notify: TR;3;2781;f;0;ff;ff;2594,3026,3209,2905,2409,2884,3024,2891;2594,3026,3209,2905,2409,2884,3024,2891;100,96,100,100,100,100,100,96;OOOOOOOO;99;0;701;8
[RECV] BSDC91 notify: TR;3;2771;f;0;ff;ff;3308,2822,2426,2832,3389,2962,2226,2999;3308,2822,2426,2832,3389,2962,2226,2999;100,100,100,100,100,100,100,44;OOOOOOOO;93;0;701;8
[RECV] BS2DCE notify: RXG;1;2781;tag=1;mask=0xff;pc=8;guard=1200;spacing=1000;win=8165;pre=1;slot_to_entry_us=0;slot_to_sched_us=0;slot_to_write_done_us=0;slot_to_txcmd_us=274;slot_to_txdone_us=610;txcmd_to_txdone_us=335;txdone_to_rxstart_us=91;txdone_to_rxend_us=213;rxenable_
[RECV] BS2DCE notify: TR;3;2782;f;0;ff;ff;2636,3072,3271,2794,2411,2920,3131,2735;2636,3072,3271,2794,2411,2920,3131,2735;100,96,100,100,100,100,100,96;OOOOOOOO;99;0;29968;8
[RECV] BSDC91 notify: TR;3;2772;f;0;ff;7f;3270,2767,2368,2842,3593,2877,2213,0;3270,2767,2368,2842,3593,2877,2213,2999;100,100,100,100,100,100,100,43;OOOOOOOT;100;0;671;8
[RECV] BS2DCE notify: TR;3;2783;f;0;ff;ff;2595,3108,3286,2749,2415,2907,3117,2627;2595,3108,3286,2749,2415,2907,3117,2627;100,96,100,100,100,100,100,96;OOOOOOOO;99;0;701;8
[RECV] BSDC91 notify: TR;3;2773;f;0;ff;7f;3322,2762,2355,2920,3463,2724,2126,0;3322,2762,2355,2920,3463,2724,2126,2999;100,100,100,100,100,100,100,41;OOOOOOOT;100;0;701;8
[RECV] BS2DCE notify: CD;1;2783;tag=1;local=0xb101;status=0x02806f02;rxf=0x0756c814;win=8165;pc=8;mask=0xff;resp=8;unexp=0;last_len=20;last_src=0xa107;last_dst=0xb101;last_code=0xe1
[RECV] BS2DCE notify: TR;3;2784;f;0;ff;ff;2649,3092,3358,2748,2416,3032,3052,2640;2649,3092,3358,2748,2416,3032,3052,2640;100,100,100,100,100,100,100,100;OOOOOOOO;100;0;15533;8
[RECV] BS2DCE notify: TR;3;2785;f;0;ff;7f;2720,3101,3403,2696,2470,2989,3100,0;2720,3101,3403,2696,2470,2989,3100,2640;100,100,100,100,100,100,100,94;OOOOOOOT;100;0;793;8
[RECV] BSDC91 notify: RXG;1;2773;tag=2;mask=0xff;pc=8;guard=1200;spacing=1000;win=8165;pre=1;slot_to_entry_us=0;slot_to_sched_us=0;slot_to_write_done_us=0;slot_to_txcmd_us=274;slot_to_txdone_us=610;txcmd_to_txdone_us=335;txdone_to_rxstart_us=61;txdone_to_rxend_us=183;rxenable_
[RECV] BSDC91 notify: CD;1;2773;tag=2;local=0xb102;status=0x00806f02;rxf=0x0786c814;win=8165;pc=8;mask=0xff;resp=8;unexp=0;last_len=20;last_src=0xa107;last_dst=0xb102;last_code=0xe1
[RECV] BSDC91 notify: TR;3;2774;f;0;ff;ff;3367,2703,2323,2945,3740,2770,2177,2861;3367,2703,2323,2945,3740,2770,2177,2861;100,100,100,100,100,100,100,43;OOOOOOOO;92;0;44494;8
[RECV] BSDC91 notify: TR;3;2775;f;0;ff;df;3371,2652,2295,3030,3750,0,2138,2933;3371,2652,2295,3030,3750,2770,2138,2933;100,100,100,100,100,94,100,47;OOOOOTOO;92;0;671;8
[RECV] BS2DCE notify: TR;3;2786;f;0;ff;ff;2585,3137,3340,2636,2588,3025,3097,2496;2585,3137,3340,2636,2588,3025,3097,2496;100,100,100,100,100,100,100,94;OOOOOOOO;99;0;671;8
[RECV] BSDC91 notify: TR;3;2776;f;0;ff;7f;3394,2607,2270,3061,3423,2549,2245,0;3394,2607,2270,3061,3423,2549,2245,2933;100,100,100,100,100,94,100,44;OOOOOOOT;99;0;701;8
[RECV] BS2DCE notify: TR;3;2787;f;0;ff;ff;2505,3116,3400,2487,2555,3069,3156,2454;2505,3116,3400,2487,2555,3069,3156,2454;100,100,100,100,100,100,100,95;OOOOOOOO;99;0;701;8
[RECV] BSDC91 notify: TR;3;2777;f;0;ff;ff;3353,2553,2274,3169,3452,2454,2167,3076;3353,2553,2274,3169,3452,2454,2167,3076;100,100,100,100,100,94,100,47;OOOOOOOO;92;0;701;8
[RECV] BS2DCE notify: TR;3;2788;f;0;ff;ff;2478,3054,3450,2543,2580,3118,3163,2581;2478,3054,3450,2543,2580,3118,3163,2581;100,100,100,100,100,100,100,95;OOOOOOOO;99;0;701;8
[RECV] BSDC91 notify: TR;3;2778;f;0;ff;7f;3368,2490,2352,3292,3420,2490,2580,0;3368,2490,2352,3292,3420,2490,2580,3076;100,100,100,100,100,95,100,45;OOOOOOOT;99;0;671;8
[RECV] BS2DCE notify: TR;3;2789;f;0;ff;ff;2518,3149,3340,2472,2532,3108,3149,2537;2518,3149,3340,2472,2532,3108,3149,2537;100,100,100,100,100,100,100,95;OOOOOOOO;99;0;671;8
[RECV] BSDC91 notify: TR;3;2779;f;0;ff;7f;3349,2486,2285,3361,3362,2369,2463,0;3349,2486,2285,3361,3362,2369,2463,3076;100,100,100,100,100,95,100,42;OOOOOOOT;99;0;671;8
[RECV] BSDC91 notify: TR;3;2780;f;0;ff;ff;3344,2441,2341,3282,3371,2416,2383,3145;3344,2441,2341,3282,3371,2416,2383,3145;100,100,100,100,100,95,100,45;OOOOOOOO;92;0;701;8
[RECV] BS2DCE notify: TR;3;2790;f;0;ff;ff;2482,3083,3325,2496,2639,3224,3149,2454;2482,3083,3325,2496,2639,3224,3149,2454;100,100,100,100,100,100,100,95;OOOOOOOO;99;0;701;8
[RECV] BS2DCE notify: TR;3;2791;f;0;ff;7f;2543,3222,3325,2478,2668,3238,3023,0;2543,3222,3325,2478,2668,3238,3023,2454;100,100,100,100,100,100,100,91;OOOOOOOT;100;0;793;8
[RECV] BSDC91 notify: TR;3;2781;f;0;ff;7f;3351,2391,2384,3195,3377,2260,2359,0;3351,2391,2384,3195,3377,2260,2359,3145;100,100,100,100,100,95,100,43;OOOOOOOT;99;0;671;8
[RECV] BS2DCE notify: RXG;1;2791;tag=1;mask=0xff;pc=8;guard=1200;spacing=1000;win=8165;pre=1;slot_to_entry_us=0;slot_to_sched_us=0;slot_to_write_done_us=0;slot_to_txcmd_us=274;slot_to_txdone_us=610;txcmd_to_txdone_us=335;txdone_to_rxstart_us=61;txdone_to_rxend_us=213;rxenable_
[RECV] BS2DCE notify: TR;3;2792;f;0;ff;ff;2574,3274,3355,2391,2673,3250,3070,2399;2574,3274,3355,2391,2673,3250,3070,2399;100,100,100,100,100,100,100,92;OOOOOOOO;99;0;30029;8
[RECV] BSDC91 notify: TR;3;2782;f;0;ff;7f;3377,2327,2427,3187,3422,2335,2396,0;3377,2327,2427,3187,3422,2335,2396,3145;100,100,100,100,100,95,100,41;OOOOOOOT;99;0;701;8
[RECV] BSDC91 notify: TR;3;2783;f;0;ff;ff;3387,2369,2480,3160,3219,2229,2385,3197;3387,2369,2480,3160,3219,2229,2385,3197;100,100,100,100,100,96,100,44;OOOOOOOO;92;0;701;8
[RECV] BS2DCE notify: TR;3;2793;f;0;ff;ff;2564,3239,3388,2316,2682,3240,3019,2304;2564,3239,3388,2316,2682,3240,3019,2304;100,100,100,100,100,100,100,92;OOOOOOOO;99;0;701;8
[RECV] BS2DCE notify: CD;1;2793;tag=1;local=0xb101;status=0x02800f02;rxf=0x07b6c814;win=8165;pc=8;mask=0xff;resp=7;unexp=0;last_len=20;last_src=0xa106;last_dst=0xb101;last_code=0xe1
[RECV] BS2DCE notify: TR;3;2794;f;0;ff;7f;2671,3234,3333,2426,2617,3304,3025,0;2671,3234,3333,2426,2617,3304,3025,2304;100,100,100,100,100,100,100,88;OOOOOOOT;100;0;15747;8
[RECV] BSDC91 notify: RXG;1;2783;tag=2;mask=0xff;pc=8;guard=1200;spacing=1000;win=8165;pre=1;slot_to_entry_us=0;slot_to_sched_us=0;slot_to_write_done_us=0;slot_to_txcmd_us=274;slot_to_txdone_us=610;txcmd_to_txdone_us=335;txdone_to_rxstart_us=61;txdone_to_rxend_us=183;rxenable_
[RECV] BS2DCE notify: TR;3;2795;f;0;ff;ff;2650,3363,3225,2527,2701,3279,2979,2345;2650,3363,3225,2527,2701,3279,2979,2345;100,100,100,100,100,100,100,89;OOOOOOOO;98;0;701;8
[RECV] BSDC91 notify: CD;1;2783;tag=2;local=0xb102;status=0x00806f02;rxf=0x07a6c814;win=8165;pc=8;mask=0xff;resp=8;unexp=0;last_len=20;last_src=0xa107;last_dst=0xb102;last_code=0xe1
[RECV] BSDC91 notify: TR;3;2784;f;0;ff;ff;3326,2426,2465,3335,3206,2218,2422,3274;3326,2426,2465,3335,3206,2218,2422,3274;100,100,100,100,100,96,100,46;OOOOOOOO;92;0;44189;8
[RECV] BSDC91 notify: TR;3;2785;f;0;ff;7f;3272,2485,2542,3276,3142,2248,2527,0;3272,2485,2542,3276,3142,2248,2527,3274;100,100,100,100,100,96,100,44;OOOOOOOT;99;0;701;8
[RECV] BS2DCE notify: TR;3;2796;f;0;ff;ff;2697,3476,3131,2517,2798,3448,3061,2377;2697,3476,3131,2517,2798,3448,3061,2377;100,100,100,100,100,100,100,89;OOOOOOOO;98;0;701;8
[RECV] BSDC91 notify: TR;3;2786;f;0;ff;7f;3203,2508,2608,3321,3108,2310,2569,0;3203,2508,2608,3321,3108,2310,2569,3274;100,100,100,100,100,96,100,42;OOOOOOOT;99;0;671;8
[RECV] BS2DCE notify: TR;3;2797;f;0;ff;ff;2793,3446,3104,2408,2765,3443,3116,2509;2793,3446,3104,2408,2765,3443,3116,2509;100,100,100,100,100,100,100,90;OOOOOOOO;98;0;701;8
[RECV] BSDC91 notify: TR;3;2787;f;0;ff;7f;3199,2440,2627,3254,3085,2372,2541,0;3199,2440,2627,3254,3085,2372,2541,3274;100,100,100,100,100,96,100,41;OOOOOOOT;99;0;671;8
[RECV] BS2DCE notify: TR;3;2798;f;0;ff;ff;2800,3352,3037,2458,2865,3423,2966,2441;2800,3352,3037,2458,2865,3423,2966,2441;100,100,100,100,100,100,100,90;OOOOOOOO;98;0;701;8
[RECV] BSDC91 notify: TR;3;2788;f;0;ff;7f;3118,2438,2749,3193,3396,3274,2590,0;3118,2438,2749,3193,3396,3274,2590,3274;100,100,100,100,100,96,100,40;OOOOOOOT;99;0;671;8
[RECV] BS2DCE notify: TR;3;2799;f;0;ff;ff;3349,3451,2959,2438,2824,3406,2939,2671;3349,3451,2959,2438,2824,3406,2939,2671;100,100,100,100,100,100,100,90;OOOOOOOO;98;0;701;8
[RECV] BSDC91 notify: TR;3;2789;f;0;ff;ff;3048,2375,2773,3435,3240,2455,2580,3263;3048,2375,2773,3435,3240,2455,2580,3263;100,100,100,100,100,96,100,41;OOOOOOOO;92;0;701;8
[RECV] BS2DCE notify: TR;3;2800;f;0;ff;ff;3247,3384,2937,2367,2912,3376,2954,2599;3247,3384,2937,2367,2912,3376,2954,2599;100,100,100,100,100,100,100,94;OOOOOOOO;99;0;701;8
[RECV] BSDC91 notify: TR;3;2790;f;0;ff;7f;2924,2371,2777,3387,3100,2423,2638,0;2924,2371,2777,3387,3100,2423,2638,3263;100,100,100,100,100,96,100,40;OOOOOOOT;99;0;671;8
[RECV] BS2DCE notify: TR;3;2801;f;0;ff;ff;3149,3257,2931,2438,2983,3369,2816,2555;3149,3257,2931,2438,2983,3369,2816,2555;100,100,100,100,100,100,100,94;OOOOOOOO;99;0;701;8
[RECV] BS2DCE notify: RXG;1;2801;tag=1;mask=0xff;pc=8;guard=1200;spacing=1000;win=8165;pre=1;slot_to_entry_us=0;slot_to_sched_us=0;slot_to_write_done_us=0;slot_to_txcmd_us=274;slot_to_txdone_us=610;txcmd_to_txdone_us=335;txdone_to_rxstart_us=61;txdone_to_rxend_us=183;rxenable_
[RECV] BSDC91 notify: TR;3;2791;f;0;ff;ff;2946,2400,2806,3337,2958,2419,2742,3400;2946,2400,2806,3337,2958,2419,2742,3400;100,100,100,100,100,100,100,47;OOOOOOOO;93;0;701;8
[RECV] BS2DCE notify: TR;3;2802;f;0;ff;ff;3118,3376,2916,2348,2917,3254,2835,2591;3118,3376,2916,2348,2917,3254,2835,2591;100,100,100,100,100,100,100,94;OOOOOOOO;99;0;29846;8
[RECV] BS2DCE notify: TR;3;2803;f;0;ff;ff;3085,3322,2788,2362,2878,3227,2803,2563;3085,3322,2788,2362,2878,3227,2803,2563;100,100,100,100,100,100,100,95;OOOOOOOO;99;0;823;8
[RECV] BSDC91 notify: TR;3;2792;f;0;ff;ff;2828,2425,2855,3244,2885,2404,2761,3344;2828,2425,2855,3244,2885,2404,2761,3344;100,100,100,100,100,100,100,50;OOOOOOOO;93;0;701;8
[RECV] BSDC91 notify: TR;3;2793;f;0;ff;7f;2727,2441,2969,3199,2718,2507,2729,0;2727,2441,2969,3199,2718,2507,2729,3344;100,100,100,100,100,100,100,47;OOOOOOOT;100;0;671;8
[RECV] BS2DCE notify: CD;1;2803;tag=1;local=0xb101;status=0x02806f02;rxf=0x0796c814;win=8165;pc=8;mask=0xff;resp=8;unexp=0;last_len=20;last_src=0xa107;last_dst=0xb101;last_code=0xe1
[RECV] BS2DCE notify: TR;3;2804;f;0;ff;ff;3088,3164,2791,2563,2982,3233,2683,2606;3088,3164,2791,2563,2982,3233,2683,2606;100,100,100,100,100,100,100,95;OOOOOOOO;99;0;15502;8
[RECV] BS2DCE notify: TR;3;2805;f;0;ff;ff;3062,3211,2741,2832,3013,3247,2608,2546;3062,3211,2741,2832,3013,3247,2608,2546;100,100,100,100,100,100,100,95;OOOOOOOO;99;0;701;8
[RECV] BS2DCE notify: TR;3;2806;f;0;ff;ff;3056,3122,2697,2697,3059,3275,2594,2622;3056,3122,2697,2697,3059,3275,2594,2622;100,100,100,100,100,100,100,95;OOOOOOOO;99;0;701;8
[RECV] BSDC91 notify: RXG;1;2793;tag=2;mask=0xff;pc=8;guard=1200;spacing=1000;win=8165;pre=1;slot_to_entry_us=0;slot_to_sched_us=0;slot_to_write_done_us=0;slot_to_txcmd_us=274;slot_to_txdone_us=610;txcmd_to_txdone_us=335;txdone_to_rxstart_us=61;txdone_to_rxend_us=183;rxenable_
[RECV] BSDC91 notify: CD;1;2793;tag=2;local=0xb102;status=0x00800b02;rxf=0x0776c814;win=8165;pc=8;mask=0xff;resp=7;unexp=0;last_len=20;last_src=0xa106;last_dst=0xb102;last_code=0xe1
[RECV] BS2DCE notify: TR;3;2807;f;0;ff;ff;3105,3091,2707,2645,3155,3127,2498,2569;3105,3091,2707,2645,3155,3127,2498,2569;100,100,100,100,100,100,100,95;OOOOOOOO;99;0;671;8
[RECV] BSDC91 notify: TR;3;2794;f;0;ff;7f;2696,2488,3062,3187,2655,2548,2818,0;2696,2488,3062,3187,2655,2548,2818,3344;100,100,100,100,100,100,100,45;OOOOOOOT;100;0;44342;8
[RECV] BSDC91 notify: TR;3;2795;f;0;ff;ff;2662,2581,3098,3324,2583,2593,2933,2969;2662,2581,3098,3324,2583,2593,2933,2969;100,100,100,100,100,100,100,47;OOOOOOOO;93;0;701;8
[RECV] BSDC91 notify: TR;3;2796;f;0;ff;ff;2659,2563,3107,3281,2447,2498,2911,3052;2659,2563,3107,3281,2447,2498,2911,3052;100,100,100,100,100,100,100,50;OOOOOOOO;93;0;671;8
[RECV] BS2DCE notify: TR;3;2808;f;0;ff;ff;3105,2954,2625,2705,3216,3116,2524,2535;3105,2954,2625,2705,3216,3116,2524,2535;100,100,100,100,100,100,100,96;OOOOOOOO;99;0;701;8
[RECV] BSDC91 notify: TR;3;2797;f;0;ff;7f;2640,2707,3194,3074,2446,2697,2956,0;2640,2707,3194,3074,2446,2697,2956,3052;100,100,100,100,100,100,100,47;OOOOOOOT;100;0;671;8
[RECV] BSDC91 notify: TR;3;2798;f;0;ff;7f;2587,2708,3360,2979,2388,2671,2996,0;2587,2708,3360,2979,2388,2671,2996,3052;100,100,100,100,100,100,100,45;OOOOOOOT;100;0;671;8
[RECV] BS2DCE notify: TR;3;2809;f;0;ff;ff;3105,2999,2649,2789,3242,3072,2403,2797;3105,2999,2649,2789,3242,3072,2403,2797;100,100,100,100,100,100,100,96;OOOOOOOO;99;0;701;8
[RECV] BSDC91 notify: TR;3;2799;f;0;ff;7f;2623,2797,3388,2948,2352,2707,3049,0;2623,2797,3388,2948,2352,2707,3049,3052;100,100,100,100,100,100,100,44;OOOOOOOT;100;0;671;8
[RECV] BS2DCE notify: TR;3;2810;f;0;ff;ff;3153,2963,2640,2999,3290,3007,2422,2806;3153,2963,2640,2999,3290,3007,2422,2806;100,100,100,100,100,100,100,96;OOOOOOOO;99;0;671;8
[RECV] BS2DCE notify: TR;3;2811;f;0;ff;ff;3175,3043,2621,2993,3140,3022,2275,2887;3175,3043,2621,2993,3140,3022,2275,2887;100,100,100,100,100,100,100,96;OOOOOOOO;99;0;701;8
[RECV] BSDC91 notify: TR;3;2800;f;0;ff;7f;2409,2857,3399,2869,2327,2736,3067,0;2409,2857,3399,2869,2327,2736,3067,3052;100,100,100,100,100,100,100,42;OOOOOOOT;100;0;701;8
[RECV] BSDC91 notify: TR;3;2801;f;0;ff;ff;2418,2994,3358,2838,2195,2902,3145,2815;2418,2994,3358,2838,2195,2902,3145,2815;100,100,100,100,100,100,100,44;OOOOOOOO;93;0;671;8
[RECV] BS2DCE notify: RXG;1;2811;tag=1;mask=0xff;pc=8;guard=1200;spacing=1000;win=8165;pre=1;slot_to_entry_us=0;slot_to_sched_us=0;slot_to_write_done_us=0;slot_to_txcmd_us=305;slot_to_txdone_us=640;txcmd_to_txdone_us=335;txdone_to_rxstart_us=61;txdone_to_rxend_us=183;rxenable_
[RECV] BS2DCE notify: TR;3;2812;f;0;ff;ff;3109,2867,2613,3058,3347,2992,2393,2871;3109,2867,2613,3058,3347,2992,2393,2871;100,100,100,100,100,100,100,96;OOOOOOOO;99;0;29998;8
[RECV] BS2DCE notify: TR;3;2813;f;0;ff;ff;3171,2884,2596,3020,3374,2928,2338,2901;3171,2884,2596,3020,3374,2928,2338,2901;100,100,100,100,100,100,100,96;OOOOOOOO;99;0;701;8
[RECV] BSDC91 notify: TR;3;2802;f;0;ff;7f;2524,3058,3388,2732,2226,2984,3135,0;2524,3058,3388,2732,2226,2984,3135,2815;100,100,100,100,100,100,100,42;OOOOOOOT;100;0;671;8
[RECV] BS2DCE notify: CD;1;2813;tag=1;local=0xb101;status=0x02806f02;rxf=0x0766c814;win=8165;pc=8;mask=0xff;resp=8;unexp=0;last_len=20;last_src=0xa107;last_dst=0xb101;last_code=0xe1
[RECV] BS2DCE notify: TR;3;2814;f;0;ff;ff;3190,2850,2607,3009,3366,2816,2340,2909;3190,2850,2607,3009,3366,2816,2340,2909;100,100,100,100,100,100,100,96;OOOOOOOO;99;0;15533;8
[RECV] BS2DCE notify: TR;3;2815;f;0;ff;ff;3232,2773,2688,2960,3325,2846,2293,2876;3232,2773,2688,2960,3325,2846,2293,2876;100,100,100,100,100,100,100,96;OOOOOOOO;99;0;701;8
[RECV] BSDC91 notify: TR;3;2803;f;0;ff;7f;2563,3074,3349,2678,2277,3025,3153,0;2563,3074,3349,2678,2277,3025,3153,2815;100,100,100,100,100,100,100,41;OOOOOOOT;100;0;701;8
[RECV] BSDC91 notify: RXG;1;2803;tag=2;mask=0xff;pc=8;guard=1200;spacing=1000;win=8165;pre=1;slot_to_entry_us=0;slot_to_sched_us=0;slot_to_write_done_us=0;slot_to_txcmd_us=274;slot_to_txdone_us=610;txcmd_to_txdone_us=335;txdone_to_rxstart_us=61;txdone_to_rxend_us=183;rxenable_
[RECV] BSDC91 notify: CD;1;2803;tag=2;local=0xb102;status=0x00806f02;rxf=0x0766c814;win=8165;pc=8;mask=0xff;resp=8;unexp=0;last_len=20;last_src=0xa107;last_dst=0xb102;last_code=0xe1
[RECV] BSDC91 notify: TR;3;2804;f;0;ff;ff;2670,3041,3358,2682,2361,3030,3188,2687;2670,3041,3358,2682,2361,3030,3188,2687;100,100,100,100,100,100,100,43;OOOOOOOO;92;0;44342;8
[RECV] BSDC91 notify: TR;3;2805;f;0;ff;7f;2536,3112,3356,2619,2351,3070,3215,0;2536,3112,3356,2619,2351,3070,3215,2687;100,100,100,100,100,100,100,41;OOOOOOOT;100;0;1098;8
[RECV] BS2DCE notify: TR;3;2816;f;0;ff;ff;3336,2759,2728,2923,3381,2710,2306,2947;3336,2759,2728,2923,3381,2710,2306,2947;100,100,100,100,100,100,100,100;OOOOOOOO;100;0;671;8
[RECV] BSDC91 notify: TR;3;2806;f;0;ff;7f;2467,3146,3396,2665,2421,3072,3231,0;2467,3146,3396,2665,2421,3072,3231,2687;100,100,100,100,100,100,100,40;OOOOOOOT;100;0;701;8
[RECV] BS2DCE notify: TR;3;2817;f;0;ff;ff;3340,2679,2538,2970,3395,2647,2343,3000;3340,2679,2538,2970,3395,2647,2343,3000;100,100,100,100,100,100,100,100;OOOOOOOO;100;0;701;8
[RECV] BSDC91 notify: TR;3;2807;f;0;ff;ff;2376,3168,3452,2382,2314,3147,3303,2486;2376,3168,3452,2382,2314,3147,3303,2486;100,100,100,100,100,100,100,47;OOOOOOOO;93;0;701;8
[RECV] BS2DCE notify: TR;3;2818;f;0;ff;ff;3316,2641,2587,2922,3692,2599,2411,2975;3316,2641,2587,2922,3692,2599,2411,2975;100,100,100,100,100,100,100,100;OOOOOOOO;100;0;701;8
[RECV] BSDC91 notify: TR;3;2808;f;0;ff;7f;2353,3223,3287,2395,2296,3193,3065,0;2353,3223,3287,2395,2296,3193,3065,2486;100,100,100,100,100,100,100,44;OOOOOOOT;100;0;671;8
[RECV] BS2DCE notify: TR;3;2819;f;0;ff;ff;3335,2579,2533,3035,3562,2567,2598,3044;3335,2579,2533,3035,3562,2567,2598,3044;100,100,100,100,100,100,100,100;OOOOOOOO;100;0;701;8
[RECV] BSDC91 notify: TR;3;2809;f;0;ff;7f;2339,3256,3560,2448,2316,3193,3302,0;2339,3256,3560,2448,2316,3193,3302,2486;100,100,100,100,100,100,100,42;OOOOOOOT;100;0;671;8
[RECV] BS2DCE notify: TR;3;2820;f;0;ff;ff;3279,2609,2527,3107,3482,2546,2713,3052;3279,2609,2527,3107,3482,2546,2713,3052;100,100,100,100,100,100,100,100;OOOOOOOO;100;0;701;8
[RECV] BSDC91 notify: TR;3;2810;f;0;ff;ef;2350,3269,3466,2314,0,3199,3314,2402;2350,3269,3466,2314,2316,3199,3314,2402;100,100,100,100,95,100,100,45;OOOOTOOO;92;0;671;8
[RECV] BS2DCE notify: TR;3;2821;f;0;ff;ff;3285,2576,2498,3049,3325,2418,2637,2919;3285,2576,2498,3049,3325,2418,2637,2919;100,100,100,100,100,100,100,100;OOOOOOOO;100;0;701;8
[RECV] BSDC91 notify: TR;3;2811;f;0;ff;7f;2334,3240,3551,2319,2424,3238,3159,0;2334,3240,3551,2319,2424,3238,3159,2402;100,100,100,100,95,100,100,42;OOOOOOOT;99;0;671;8
[RECV] BS2DCE notify: TR;3;2822;f;0;ff;ff;3244,2570,2511,3123,3526,2363,2639,3218;3244,2570,2511,3123,3526,2363,2639,3218;100,100,100,100,100,100,100,100;OOOOOOOO;100;0;671;8
[RECV] BSDC91 notify: TR;3;2812;f;0;ff;7f;2411,3292,3397,2215,2406,3420,3130,0;2411,3292,3397,2215,2406,3420,3130,2402;100,100,100,100,95,100,100,40;OOOOOOOT;99;0;671;8
[RECV] BS2DCE notify: RXG;1;2822;tag=1;mask=0xff;pc=8;guard=1200;spacing=1000;win=8165;pre=1;slot_to_entry_us=0;slot_to_sched_us=0;slot_to_write_done_us=0;slot_to_txcmd_us=274;slot_to_txdone_us=610;txcmd_to_txdone_us=335;txdone_to_rxstart_us=61;txdone_to_rxend_us=183;rxenable_
[RECV] BS2DCE notify: TR;3;2823;f;0;ff;ff;3307,2530,2596,3125,3337,2390,2646,3219;3307,2530,2596,3125,3337,2390,2646,3219;100,100,100,100,100,100,100,100;OOOOOOOO;100;0;29876;8
[RECV] BSDC91 notify: TR;3;2813;f;0;ff;7f;2478,3273,3679,2226,2511,3322,3108,0;2478,3273,3679,2226,2511,3322,3108,2402;100,100,100,100,95,100,100,39;OOOOOOOT;99;0;671;8
[RECV] BS2DCE notify: CD;1;2823;tag=1;local=0xb101;status=0x02806f02;rxf=0x0756c814;win=8165;pc=8;mask=0xff;resp=8;unexp=0;last_len=20;last_src=0xa107;last_dst=0xb101;last_code=0xe1
[RECV] BS2DCE notify: TR;3;2824;f;0;ff;ff;3253,2495,2604,3278,3233,2501,2671,3116;3253,2495,2604,3278,3233,2501,2671,3116;100,100,100,100,100,100,100,100;OOOOOOOO;100;0;15960;8
[RECV] BS2DCE notify: TR;3;2825;f;0;ff;ff;3164,2565,2665,3267,3243,2468,2636,3089;3164,2565,2665,3267,3243,2468,2636,3089;100,100,100,100,100,100,100,100;OOOOOOOO;100;0;701;8
[RECV] BSDC91 notify: RXG;1;2813;tag=2;mask=0xff;pc=8;guard=1200;spacing=1000;win=8165;pre=1;slot_to_entry_us=0;slot_to_sched_us=0;slot_to_write_done_us=0;slot_to_txcmd_us=274;slot_to_txdone_us=610;txcmd_to_txdone_us=335;txdone_to_rxstart_us=61;txdone_to_rxend_us=183;rxenable_
[RECV] BSDC91 notify: CD;1;2813;tag=2;local=0xb102;status=0x00800b02;rxf=0x07a6c814;win=8165;pc=8;mask=0xff;resp=7;unexp=0;last_len=20;last_src=0xa106;last_dst=0xb102;last_code=0xe1
[RECV] BSDC91 notify: TR;3;2814;f;0;ff;7f;2541,3310,3360,2382,2500,3418,3032,0;2541,3310,3360,2382,2500,3418,3032,2402;100,100,100,100,95,100,100,37;OOOOOOOT;99;0;44250;8
[RECV] BSDC91 notify: TR;3;2815;f;0;ff;f7;2583,3506,3187,0,2584,3431,3013,2220;2583,3506,3187,2382,2584,3431,3013,2220;100,100,100,96,96,100,100,40;OOOTOOOO;90;0;671;8
[RECV] BS2DCE notify: TR;3;2826;f;0;ff;ff;3185,2645,2690,3328,3062,2483,2661,3097;3185,2645,2690,3328,3062,2483,2661,3097;100,100,100,100,100,100,100,100;OOOOOOOO;100;0;701;8
[RECV] BSDC91 notify: TR;3;2816;f;0;ff;ff;2585,3424,3142,2356,2674,3503,2951,2183;2585,3424,3142,2356,2674,3503,2951,2183;100,100,100,96,96,100,100,42;OOOOOOOO;91;0;671;8
[RECV] BS2DCE notify: TR;3;2827;f;0;ff;ff;3185,2735,2716,3281,3077,2497,2728,3295;3185,2735,2716,3281,3077,2497,2728,3295;100,100,100,100,100,100,100,100;OOOOOOOO;100;0;701;8
[RECV] BSDC91 notify: TR;3;2817;f;0;ff;7f;2651,3482,3103,2277,2768,3274,3162,0;2651,3482,3103,2277,2768,3274,3162,2183;100,100,100,96,96,100,100,40;OOOOOOOT;98;0;671;8
[RECV] BS2DCE notify: TR;3;2828;f;0;ff;ff;3094,2558,2756,3206,2946,2602,2612,3229;3094,2558,2756,3206,2946,2602,2612,3229;100,100,100,100,100,100,100,100;OOOOOOOO;100;0;701;8
[RECV] BSDC91 notify: TR;3;2818;f;0;ff;7f;2734,3631,2962,2155,2903,3428,3060,0;2734,3631,2962,2155,2903,3428,3060,2183;100,100,100,96,96,100,100,39;OOOOOOOT;98;0;701;8
[RECV] BS2DCE notify: TR;3;2829;f;0;ff;ff;2999,2514,2760,3295,2897,2763,2653,3269;2999,2514,2760,3295,2897,2763,2653,3269;100,100,100,100,100,100,100,100;OOOOOOOO;100;0;701;8
[RECV] BSDC91 notify: TR;3;2819;f;0;ff;7f;2845,3484,2979,2218,2949,3436,2894,0;2845,3484,2979,2218,2949,3436,2894,2183;100,100,100,96,96,100,100,37;OOOOOOOT;98;0;671;8
[RECV] BS2DCE notify: TR;3;2830;f;0;ff;ff;2967,2556,2782,3629,2786,2642,2671,3340;2967,2556,2782,3629,2786,2642,2671,3340;100,100,100,100,100,100,100,100;OOOOOOOO;100;0;701;8
[RECV] BSDC91 notify: TR;3;2820;f;0;ff;7f;5553,3442,2874,2279,2959,3476,2928,0;5553,3442,2874,2279,2959,3476,2928,2183;100,100,100,96,96,100,100,36;OOOOOOOT;98;0;671;8
[RECV] BS2DCE notify: TR;3;2831;f;0;ff;ff;2950,2520,2848,3015,2987,2565,2717,3257;2950,2520,2848,3015,2987,2565,2717,3257;100,100,100,100,100,100,100,100;OOOOOOOO;100;0;671;8
[RECV] BS2DCE notify: TR;3;2832;f;0;ff;ff;2862,2579,2969,3355,2972,2486,2742,3206;2862,2579,2969,3355,2972,2486,2742,3206;100,100,100,100,100,100,100,100;OOOOOOOO;100;0;671;8
[RECV] BSDC91 notify: TR;3;2821;f;0;ff;7f;3236,3540,2868,2199,3054,3337,2899,0;3236,3540,2868,2199,3054,3337,2899,2183;100,100,100,96,96,100,100,35;OOOOOOOT;98;0;701;8
[RECV] BSDC91 notify: TR;3;2822;f;0;ff;7f;3299,3582,2749,2137,2931,3399,2865,0;3299,3582,2749,2137,2931,3399,2865,2183;100,100,100,96,96,100,100,34;OOOOOOOT;98;0;671;8
[RECV] BS2DCE notify: RXG;1;2832;tag=1;mask=0xff;pc=8;guard=1200;spacing=1000;win=8165;pre=1;slot_to_entry_us=0;slot_to_sched_us=0;slot_to_write_done_us=0;slot_to_txcmd_us=274;slot_to_txdone_us=610;txcmd_to_txdone_us=335;txdone_to_rxstart_us=91;txdone_to_rxend_us=213;rxenable_
[RECV] BS2DCE notify: TR;3;2833;f;0;ff;ff;2800,2587,3004,3396,2795,2632,2821,3122;2800,2587,3004,3396,2795,2632,2821,3122;100,100,100,100,100,100,100,100;OOOOOOOO;100;0;30029;8
[RECV] BSDC91 notify: TR;3;2823;f;0;ff;7f;3325,3564,2659,2269,2957,3278,2617,0;3325,3564,2659,2269,2957,3278,2617,2183;100,100,100,100,100,100,100,35;OOOOOOOT;100;0;671;8
[RECV] BS2DCE notify: CD;1;2833;tag=1;local=0xb101;status=0x02806f02;rxf=0x0776c814;win=8165;pc=8;mask=0xff;resp=8;unexp=0;last_len=20;last_src=0xa107;last_dst=0xb101;last_code=0xe1
[RECV] BS2DCE notify: TR;3;2834;f;0;ff;ff;2754,2629,3070,3289,2699,2621,2819,3091;2754,2629,3070,3289,2699,2621,2819,3091;100,100,100,100,100,100,100,100;OOOOOOOO;100;0;15686;8
[RECV] BSDC91 notify: RXG;1;2823;tag=2;mask=0xff;pc=8;guard=1200;spacing=1000;win=8165;pre=1;slot_to_entry_us=0;slot_to_sched_us=0;slot_to_write_done_us=0;slot_to_txcmd_us=274;slot_to_txdone_us=610;txcmd_to_txdone_us=335;txdone_to_rxstart_us=61;txdone_to_rxend_us=183;rxenable_
[RECV] BS2DCE notify: TR;3;2835;f;0;ff;ff;2816,2570,3250,3261,2604,2615,2818,3082;2816,2570,3250,3261,2604,2615,2818,3082;100,100,100,100,100,100,100,100;OOOOOOOO;100;0;671;8
[RECV] BSDC91 notify: CD;1;2823;tag=2;local=0xb102;status=0x00800b02;rxf=0x0766c814;win=8165;pc=8;mask=0xff;resp=7;unexp=0;last_len=20;last_src=0xa106;last_dst=0xb102;last_code=0xe1
[RECV] BSDC91 notify: TR;3;2824;f;0;ff;7f;3171,3285,2594,2551,2999,3423,2601,0;3171,3285,2594,2551,2999,3423,2601,2183;100,100,100,100,100,100,100,33;OOOOOOOT;100;0;44158;8
[RECV] BSDC91 notify: TR;3;2825;f;0;ff;7f;3149,3225,2538,2556,3036,3436,2499,0;3149,3225,2538,2556,3036,3436,2499,2183;100,100,100,100,100,100,100,31;OOOOOOOT;100;0;671;8
[RECV] BSDC91 notify: TR;3;2826;f;0;ff;7f;3191,3170,2549,2647,3113,3363,2434,0;3191,3170,2549,2647,3113,3363,2434,2183;100,100,100,100,100,100,100,30;OOOOOOOT;100;0;671;8
[RECV] BS2DCE notify: TR;3;2836;f;0;ff;ff;2727,2661,3308,2993,2552,2697,2872,2991;2727,2661,3308,2993,2552,2697,2872,2991;100,100,100,100,100,100,100,100;OOOOOOOO;100;0;671;8
[RECV] BS2DCE notify: TR;3;2837;f;0;ff;ff;2717,2715,3230,2995,2500,2737,2927,3042;2717,2715,3230,2995,2500,2737,2927,3042;100,100,100,100,100,100,100,100;OOOOOOOO;100;0;671;8
[RECV] BSDC91 notify: TR;3;2827;f;0;ff;7f;3195,3120,2433,2533,3169,3134,2411,0;3195,3120,2433,2533,3169,3134,2411,2183;100,100,100,100,100,100,100,28;OOOOOOOT;100;0;671;8
[RECV] BS2DCE notify: TR;3;2838;f;0;ff;ff;2649,2801,3199,2856,2447,2719,3005,3035;2649,2801,3199,2856,2447,2719,3005,3035;100,100,100,100,100,100,100,100;OOOOOOOO;100;0;701;8
[RECV] BSDC91 notify: TR;3;2828;f;0;ff;7f;3133,3068,2484,2620,3182,3078,2250,0;3133,3068,2484,2620,3182,3078,2250,2183;100,100,100,100,100,100,100,27;OOOOOOOT;100;0;671;8
[RECV] BS2DCE notify: TR;3;2839;f;0;ff;ff;2662,2828,3213,2858,2457,2702,3033,3058;2662,2828,3213,2858,2457,2702,3033,3058;100,100,100,100,100,100,100,100;OOOOOOOO;100;0;823;8
[RECV] BSDC91 notify: TR;3;2829;f;0;ff;7f;3224,3013,2431,2605,3228,3054,2197,0;3224,3013,2431,2605,3228,3054,2197,2183;100,100,100,100,100,100,100,26;OOOOOOOT;100;0;671;8
[RECV] BS2DCE notify: TR;3;2840;f;0;ff;ff;2652,2875,3201,2808,2458,2747,2982,2806;2652,2875,3201,2808,2458,2747,2982,2806;100,100,100,100,100,100,100,100;OOOOOOOO;100;0;671;8
[RECV] BSDC91 notify: TR;3;2830;f;0;ff;7f;3267,2891,2489,2663,3294,2979,2257,0;3267,2891,2489,2663,3294,2979,2257,2183;100,100,100,100,100,100,100,25;OOOOOOOT;100;0;701;8
[RECV] BSDC91 notify: TR;3;2831;f;0;ff;ff;3272,2824,2475,2711,3348,2961,2170,2904;3272,2824,2475,2711,3348,2961,2170,2904;100,100,100,100,100,100,100,28;OOOOOOOO;91;0;701;8
[RECV] BS2DCE notify: TR;3;2841;f;0;ff;ff;2590,2990,3249,2819,2433,2872,3055,2950;2590,2990,3249,2819,2433,2872,3055,2950;100,100,100,100,100,100,100,100;OOOOOOOO;100;0;701;8
[RECV] BS2DCE notify: TR;3;2842;f;0;ff;ff;2616,2988,3224,2745,2380,2978,3067,2762;2616,2988,3224,2745,2380,2978,3067,2762;100,100,100,100,100,100,100,100;OOOOOOOO;100;0;823;8
[RECV] BSDC91 notify: TR;3;2832;f;0;ff;7f;3238,2783,2413,2905,3482,2925,2196,0;3238,2783,2413,2905,3482,2925,2196,2904;100,100,100,100,100,100,100,26;OOOOOOOT;100;0;671;8
[RECV] BS2DCE notify: RXG;1;2842;tag=1;mask=0xff;pc=8;guard=1200;spacing=1000;win=8165;pre=1;slot_to_entry_us=0;slot_to_sched_us=0;slot_to_write_done_us=0;slot_to_txcmd_us=274;slot_to_txdone_us=610;txcmd_to_txdone_us=335;txdone_to_rxstart_us=61;txdone_to_rxend_us=183;rxenable_
[RECV] BS2DCE notify: TR;3;2843;f;0;ff;ff;2647,3101,3263,2734,2443,2929,3137,2767;2647,3101,3263,2734,2443,2929,3137,2767;100,100,100,100,100,100,100,100;OOOOOOOO;100;0;29815;8
[RECV] BS2DCE notify: CD;1;2843;tag=1;local=0xb101;status=0x02806f02;rxf=0x0756c814;win=8165;pc=8;mask=0xff;resp=8;unexp=0;last_len=20;last_src=0xa107;last_dst=0xb101;last_code=0xe1
[RECV] BSDC91 notify: TR;3;2833;f;0;ff;7f;3286,2761,2379,2985,3549,2859,2204,0;3286,2761,2379,2985,3549,2859,2204,2904;100,100,100,100,100,100,100,25;OOOOOOOT;100;0;671;8
[RECV] BS2DCE notify: TR;3;2844;f;0;ff;ff;2572,3141,3297,2764,2479,3026,3144,2723;2572,3141,3297,2764,2479,3026,3144,2723;100,100,100,100,100,100,100,100;OOOOOOOO;100;0;15563;8
[RECV] BSDC91 notify: RXG;1;2833;tag=2;mask=0xff;pc=8;guard=1200;spacing=1000;win=8165;pre=1;slot_to_entry_us=0;slot_to_sched_us=0;slot_to_write_done_us=0;slot_to_txcmd_us=274;slot_to_txdone_us=610;txcmd_to_txdone_us=335;txdone_to_rxstart_us=61;txdone_to_rxend_us=183;rxenable_
[RECV] BS2DCE notify: TR;3;2845;f;0;ff;ff;2810,3093,3370,2722,2488,3002,3096,2597;2810,3093,3370,2722,2488,3002,3096,2597;100,100,100,100,100,100,100,100;OOOOOOOO;100;0;793;8
[RECV] BSDC91 notify: CD;1;2833;tag=2;local=0xb102;status=0x00800b02;rxf=0x07a6c814;win=8165;pc=8;mask=0xff;resp=7;unexp=0;last_len=20;last_src=0xa106;last_dst=0xb102;last_code=0xe1
[RECV] BSDC91 notify: TR;3;2834;f;0;ff;7f;3357,2726,2352,2918,3683,2757,2192,0;3357,2726,2352,2918,3683,2757,2192,2904;100,100,100,100,100,100,100,25;OOOOOOOT;100;0;44097;8
[RECV] BSDC91 notify: TR;3;2835;f;0;ff;7f;3367,2681,2353,2893,3757,2615,2155,0;3367,2681,2353,2893,3757,2615,2155,2904;100,100,100,100,100,100,100,24;OOOOOOOT;100;0;793;8
[RECV] BS2DCE notify: TR;3;2846;f;0;ff;ff;2604,3177,3402,2624,2498,2983,3156,2517;2604,3177,3402,2624,2498,2983,3156,2517;100,100,100,100,100,100,100,100;OOOOOOOO;100;0;701;8
[RECV] BSDC91 notify: TR;3;2836;f;0;ff;7f;3423,2550,2321,2816,3387,2595,2232,0;3423,2550,2321,2816,3387,2595,2232,2904;100,100,100,100,100,100,100,23;OOOOOOOT;100;0;701;8
[RECV] BS2DCE notify: TR;3;2847;f;0;ff;ff;2557,3185,3435,2512,2551,3043,3166,2538;2557,3185,3435,2512,2551,3043,3166,2538;100,100,100,100,100,100,100,100;OOOOOOOO;100;0;671;8
[RECV] BSDC91 notify: TR;3;2837;f;0;ff;7f;3425,2544,2222,3303,3521,2555,2318,0;3425,2544,2222,3303,3521,2555,2318,2904;100,100,100,100,100,100,100,22;OOOOOOOT;100;0;671;8
[RECV] BSDC91 notify: TR;3;2838;f;0;ff;7f;3412,2529,2276,3201,3395,2513,2676,0;3412,2529,2276,3201,3395,2513,2676,2904;100,100,100,100,100,100,100,21;OOOOOOOT;100;0;671;8
[RECV] BS2DCE notify: TR;3;2848;f;0;ff;ff;2488,3075,3375,2512,2632,3104,3161,2078;2488,3075,3375,2512,2632,3104,3161,2078;100,100,100,100,100,100,100,100;OOOOOOOO;100;0;793;8
[RECV] BS2DCE notify: TR;3;2849;f;0;ff;ff;2467,3187,3452,2499,2572,3068,3216,2455;2467,3187,3452,2499,2572,3068,3216,2455;100,100,100,100,100,100,100,100;OOOOOOOO;100;0;671;8
[RECV] BSDC91 notify: TR;3;2839;f;0;ff;7f;3355,2533,2328,3395,3400,2387,2507,0;3355,2533,2328,3395,3400,2387,2507,2904;100,100,100,100,100,100,100,23;OOOOOOOT;100;0;671;8
[RECV] BS2DCE notify: TR;3;2850;f;0;ff;ff;2486,3150,3292,2447,2606,3216,3138,2480;2486,3150,3292,2447,2606,3216,3138,2480;100,100,100,100,100,100,100,100;OOOOOOOO;100;0;701;8
[RECV] BSDC91 notify: TR;3;2840;f;0;ff;7f;3329,2475,2366,3259,3387,2438,2447,0;3329,2475,2366,3259,3387,2438,2447,2904;100,100,100,100,100,100,100,22;OOOOOOOT;100;0;671;8
[RECV] BS2DCE notify: TR;3;2851;f;0;ff;ff;2527,3183,3323,2490,2674,3232,3055,2369;2527,3183,3323,2490,2674,3232,3055,2369;100,100,100,100,100,100,100,100;OOOOOOOO;100;0;793;8
[RECV] BSDC91 notify: TR;3;2841;f;0;ff;7f;3320,2438,2343,3178,3460,2366,2397,0;3320,2438,2343,3178,3460,2366,2397,2904;100,100,100,100,100,100,100,21;OOOOOOOT;100;0;671;8
[RECV] BS2DCE notify: TR;3;2852;f;0;ff;ff;2550,3213,3302,2464,2681,3278,3051,2419;2550,3213,3302,2464,2681,3278,3051,2419;100,100,100,100,100,100,100,100;OOOOOOOO;100;0;701;8
[RECV] BSDC91 notify: TR;3;2842;f;0;ff;7f;3395,2340,2396,3281,3381,2325,2360,0;3395,2340,2396,3281,3381,2325,2360,2904;100,100,100,100,100,100,100,20;OOOOOOOT;100;0;671;8
[RECV] BSDC91 notify: TR;3;2843;f;0;ff;7f;3418,2344,2425,3181,3253,2278,2319,0;3418,2344,2425,3181,3253,2278,2319,2904;100,100,100,100,100,100,100,19;OOOOOOOT;100;0;671;8
[RECV] BS2DCE notify: RXG;1;2852;tag=1;mask=0xff;pc=8;guard=1200;spacing=1000;win=8165;pre=1;slot_to_entry_us=0;slot_to_sched_us=0;slot_to_write_done_us=0;slot_to_txcmd_us=274;slot_to_txdone_us=610;txcmd_to_txdone_us=335;txdone_to_rxstart_us=61;txdone_to_rxend_us=183;rxenable_
[RECV] BS2DCE notify: TR;3;2853;f;0;ff;ff;2526,3229,3337,2386,2612,3228,3010,2383;2526,3229,3337,2386,2612,3228,3010,2383;100,100,100,100,100,100,100,100;OOOOOOOO;100;0;29937;8
[RECV] BS2DCE notify: CD;1;2853;tag=1;local=0xb101;status=0x02806f02;rxf=0x0796c814;win=8165;pc=8;mask=0xff;resp=8;unexp=0;last_len=20;last_src=0xa107;last_dst=0xb101;last_code=0xe1
[RECV] BS2DCE notify: TR;3;2854;f;0;ff;ff;2638,3242,3451,2409,2721,3290,3033,2335;2638,3242,3451,2409,2721,3290,3033,2335;100,100,100,100,100,100,100,100;OOOOOOOO;100;0;15655;8
[RECV] BS2DCE notify: TR;3;2855;f;0;ff;ff;2644,3344,3255,2518,2625,3293,3063,2379;2644,3344,3255,2518,2625,3293,3063,2379;100,100,100,100,100,100,100,100;OOOOOOOO;100;0;854;8
[RECV] BSDC91 notify: RXG;1;2843;tag=2;mask=0xff;pc=8;guard=1200;spacing=1000;win=8165;pre=1;slot_to_entry_us=0;slot_to_sched_us=0;slot_to_write_done_us=0;slot_to_txcmd_us=274;slot_to_txdone_us=610;txcmd_to_txdone_us=335;txdone_to_rxstart_us=61;txdone_to_rxend_us=183;rxenable_
[RECV] BSDC91 notify: CD;1;2843;tag=2;local=0xb102;status=0x00800b02;rxf=0x07b6c814;win=8165;pc=8;mask=0xff;resp=7;unexp=0;last_len=20;last_src=0xa106;last_dst=0xb102;last_code=0xe1
[RECV] BSDC91 notify: TR;3;2844;f;0;ff;7f;3356,2407,2429,3294,3210,2190,2422,0;3356,2407,2429,3294,3210,2190,2422,2904;100,100,100,100,100,100,100,18;OOOOOOOT;100;0;44128;8
[RECV] BS2DCE notify: TR;3;2856;f;0;ff;ff;2690,3451,3158,2573,2848,3374,3034,2393;2690,3451,3158,2573,2848,3374,3034,2393;100,100,100,100,100,100,100,100;OOOOOOOO;100;0;701;8
[RECV] BSDC91 notify: TR;3;2845;f;0;ff;ff;3282,2536,2568,3348,3136,2281,2471,3281;3282,2536,2568,3348,3136,2281,2471,3281;100,100,100,100,100,100,100,21;OOOOOOOO;90;0;701;8
[RECV] BSDC91 notify: TR;3;2846;f;0;ff;7f;3196,2429,2617,3322,3134,2397,2593,0;3196,2429,2617,3322,3134,2397,2593,3281;100,100,100,100,100,100,100,20;OOOOOOOT;100;0;762;8
[RECV] BS2DCE notify: TR;3;2857;f;0;ff;ff;2788,3468,3123,2427,2792,3366,3095,2430;2788,3468,3123,2427,2792,3366,3095,2430;100,100,100,100,100,100,100,100;OOOOOOOO;100;0;885;8
[RECV] BSDC91 notify: TR;3;2847;f;0;ff;7f;3212,2440,2628,3306,3053,2404,2585,0;3212,2440,2628,3306,3053,2404,2585,3281;100,100,100,100,100,100,100,20;OOOOOOOT;100;0;671;8
[RECV] BS2DCE notify: TR;3;2858;f;0;ff;ff;2812,3399,3007,2483,2783,3459,2963,2216;2812,3399,3007,2483,2783,3459,2963,2216;100,100,100,100,100,100,100,100;OOOOOOOO;100;0;701;8
[RECV] BSDC91 notify: TR;3;2848;f;0;ff;7f;3099,2382,2686,3228,3046,2372,2557,0;3099,2382,2686,3228,3046,2372,2557,3281;100,100,100,100,100,100,100,19;OOOOOOOT;100;0;701;8
[RECV] BS2DCE notify: TR;3;2859;f;0;ff;ff;3404,3423,2980,2428,2841,3162,2877,2820;3404,3423,2980,2428,2841,3162,2877,2820;100,100,100,100,100,100,100,100;OOOOOOOO;100;0;671;8
[RECV] BSDC91 notify: TR;3;2849;f;0;ff;7f;3007,2398,2774,3655,3293,2490,2606,0;3007,2398,2774,3655,3293,2490,2606,3281;100,100,100,100,100,100,100,18;OOOOOOOT;100;0;671;8
[RECV] BS2DCE notify: TR;3;2860;f;0;ff;ff;3248,3458,2954,2354,2868,3459,2847,2668;3248,3458,2954,2354,2868,3459,2847,2668;100,100,100,100,100,100,100,100;OOOOOOOO;100;0;793;8
[RECV] BS2DCE notify: TR;3;2861;f;0;ff;ff;3229,3283,2886,2365,2971,3318,2884,2613;3229,3283,2886,2365,2971,3318,2884,2613;100,100,100,100,100,100,100,100;OOOOOOOO;100;0;671;8
[RECV] BSDC91 notify: TR;3;2850;f;0;ff;7f;2949,2389,2833,3338,3132,2462,2638,0;2949,2389,2833,3338,3132,2462,2638,3281;100,100,100,100,100,100,100,17;OOOOOOOT;100;0;671;8
[RECV] BS2DCE notify: TR;3;2862;f;0;ff;ff;3184,3306,2893,2379,2936,3286,2805,2558;3184,3306,2893,2379,2936,3286,2805,2558;100,100,100,100,100,100,100,100;OOOOOOOO;100;0;701;8
[RECV] BSDC91 notify: TR;3;2851;f;0;ff;ff;2962,2397,2785,3260,3003,2397,2693,3405;2962,2397,2785,3260,3003,2397,2693,3405;100,100,100,100,100,100,100,20;OOOOOOOO;90;0;701;8
[RECV] BS2DCE notify: RXG;1;2862;tag=1;mask=0xff;pc=8;guard=1200;spacing=1000;win=8165;pre=1;slot_to_entry_us=0;slot_to_sched_us=0;slot_to_write_done_us=0;slot_to_txcmd_us=274;slot_to_txdone_us=610;txcmd_to_txdone_us=335;txdone_to_rxstart_us=61;txdone_to_rxend_us=213;rxenable_
[RECV] BS2DCE notify: TR;3;2863;f;0;ff;ff;3162,3374,2783,2373,2898,3224,2795,2610;3162,3374,2783,2373,2898,3224,2795,2610;100,100,100,100,100,100,100,100;OOOOOOOO;100;0;29998;8
[RECV] BS2DCE notify: CD;1;2863;tag=1;local=0xb101;status=0x02806f02;rxf=0x0756c814;win=8165;pc=8;mask=0xff;resp=8;unexp=0;last_len=20;last_src=0xa107;last_dst=0xb101;last_code=0xe1
[RECV] BS2DCE notify: TR;3;2864;f;0;ff;ff;3091,3201,2779,2561,2928,3212,2698,2625;3091,3201,2779,2561,2928,3212,2698,2625;100,100,100,100,100,100,100,100;OOOOOOOO;100;0;15655;8
[RECV] BS2DCE notify: TR;3;2865;f;0;ff;ff;3094,3185,2759,2692,2975,3279,2688,2561;3094,3185,2759,2692,2975,3279,2688,2561;100,100,100,100,100,100,100,100;OOOOOOOO;100;0;671;8
[RECV] BSDC91 notify: TR;3;2852;f;0;ff;7f;2799,2403,2861,3245,2899,2413,2735,0;2799,2403,2861,3245,2899,2413,2735,3405;100,100,100,100,100,100,100,20;OOOOOOOT;100;0;671;8
[RECV] BSDC91 notify: TR;3;2853;f;0;ff;7f;2746,2408,2931,3162,2759,2452,2756,0;2746,2408,2931,3162,2759,2452,2756,3405;100,100,100,100,100,100,100,19;OOOOOOOT;100;0;671;8
[RECV] BS2DCE notify: TR;3;2866;f;0;ff;ff;3051,3137,2702,2785,2975,3332,2606,2689;3051,3137,2702,2785,2975,3332,2606,2689;100,100,100,100,100,100,100,100;OOOOOOOO;100;0;793;8
[RECV] BSDC91 notify: RXG;1;2853;tag=2;mask=0xff;pc=8;guard=1200;spacing=1000;win=8165;pre=1;slot_to_entry_us=0;slot_to_sched_us=0;slot_to_write_done_us=0;slot_to_txcmd_us=274;slot_to_txdone_us=610;txcmd_to_txdone_us=335;txdone_to_rxstart_us=61;txdone_to_rxend_us=183;rxenable_
[RECV] BSDC91 notify: CD;1;2853;tag=2;local=0xb102;status=0x00800b02;rxf=0x0756c814;win=8165;pc=8;mask=0xff;resp=7;unexp=0;last_len=20;last_src=0xa106;last_dst=0xb102;last_code=0xe1
[RECV] BS2DCE notify: TR;3;2867;f;0;ff;ff;3119,3051,2682,2750,3095,3119,2482,2655;3119,3051,2682,2750,3095,3119,2482,2655;100,100,100,100,100,100,100,100;OOOOOOOO;100;0;701;8
[RECV] BS2DCE notify: TR;3;2868;f;0;ff;ff;3101,3044,2673,2706,3205,3187,2454,2475;3101,3044,2673,2706,3205,3187,2454,2475;100,100,100,100,100,100,100,100;OOOOOOOO;100;0;701;8
[RECV] BSDC91 notify: TR;3;2854;f;0;ff;7f;2701,2486,3029,3294,2724,2560,2830,0;2701,2486,3029,3294,2724,2560,2830,3405;100,100,100,100,100,100,100,18;OOOOOOOT;100;0;44525;8
[RECV] BSDC91 notify: TR;3;2855;f;0;ff;7f;2685,2544,3103,3300,2601,2545,2907,0;2685,2544,3103,3300,2601,2545,2907,3405;100,100,100,100,100,100,100,17;OOOOOOOT;100;0;671;8
[RECV] BSDC91 notify: TR;3;2856;f;0;ff;7f;2618,2550,3116,3098,2531,2603,3001,0;2618,2550,3116,3098,2531,2603,3001,3405;100,100,100,100,100,100,100,16;OOOOOOOT;100;0;671;8
[RECV] BSDC91 notify: TR;3;2857;f;0;ff;7f;2640,2620,3181,3033,2446,2692,2939,0;2640,2620,3181,3033,2446,2692,2939,3405;100,100,100,100,100,100,100,15;OOOOOOOT;100;0;701;8
[RECV] BS2DCE notify: TR;3;2869;f;0;ff;ff;3150,2952,2611,2879,3282,3095,2442,2746;3150,2952,2611,2879,3282,3095,2442,2746;100,100,100,100,100,100,100,100;OOOOOOOO;100;0;854;8
[RECV] BSDC91 notify: TR;3;2858;f;0;ff;ff;2627,2715,3351,2929,2426,2669,2979,2958;2627,2715,3351,2929,2426,2669,2979,2958;100,100,100,100,100,100,100,20;OOOOOOOO;90;0;793;8
[RECV] BSDC91 notify: TR;3;2859;f;0;ff;7f;2620,2740,3391,2921,2322,2667,3037,0;2620,2740,3391,2921,2322,2667,3037,2958;100,100,100,100,100,100,100,19;OOOOOOOT;100;0;671;8
[RECV] BS2DCE notify: TR;3;2870;f;0;ff;ff;3135,2953,2673,3006,3291,3056,2367,2833;3135,2953,2673,3006,3291,3056,2367,2833;100,100,100,100,100,100,100,100;OOOOOOOO;100;0;701;8
[RECV] BS2DCE notify: TR;3;2871;f;0;ff;ff;3172,2980,2647,3020,3223,3028,2389,2872;3172,2980,2647,3020,3223,3028,2389,2872;100,100,100,100,100,100,100,100;OOOOOOOO;100;0;671;8
[RECV] BSDC91 notify: TR;3;2860;f;0;ff;7f;2458,2835,3354,2876,2320,2696,3034,0;2458,2835,3354,2876,2320,2696,3034,2958;100,100,100,100,100,100,100,18;OOOOOOOT;100;0;671;8
[RECV] BSDC91 notify: TR;3;2861;f;0;ff;7f;2391,2909,3310,2869,2261,2825,3147,0;2391,2909,3310,2869,2261,2825,3147,2958;100,100,100,100,100,100,100,17;OOOOOOOT;100;0;671;8
[RECV] BS2DCE notify: TR;3;2872;f;0;ff;ff;3073,2944,2611,3148,3247,2989,2386,2857;3073,2944,2611,3148,3247,2989,2386,2857;100,100,100,100,100,100,100,100;OOOOOOOO;100;0;793;8
[RECV] BSDC91 notify: TR;3;2862;f;0;ff;3f;2496,3044,3341,2775,2311,2937,0,0;2496,3044,3341,2775,2311,2937,3147,2958;100,100,100,100,100,100,95,16;OOOOOOTT;100;0;640;8
[RECV] BSDC91 notify: TR;3;2863;f;0;ff;7f;2473,3041,3392,2722,2271,3031,3116,0;2473,3041,3392,2722,2271,3031,3116,2958;100,100,100,100,100,100,96,16;OOOOOOOT;99;0;701;8
[RECV] BS2DCE notify: RXG;1;2872;tag=1;mask=0xff;pc=8;guard=1200;spacing=1000;win=8165;pre=1;slot_to_entry_us=0;slot_to_sched_us=0;slot_to_write_done_us=0;slot_to_txcmd_us=274;slot_to_txdone_us=610;txcmd_to_txdone_us=335;txdone_to_rxstart_us=91;txdone_to_rxend_us=213;rxenable_
[RECV] BS2DCE notify: TR;3;2873;f;0;ff;ff;3152,2896,2585,3159,3337,2943,2345,2892;3152,2896,2585,3159,3337,2943,2345,2892;100,100,100,100,100,100,100,100;OOOOOOOO;100;0;29876;8
[RECV] BS2DCE notify: CD;1;2873;tag=1;local=0xb101;status=0x02806f02;rxf=0x0776c814;win=8165;pc=8;mask=0xff;resp=8;unexp=0;last_len=20;last_src=0xa107;last_dst=0xb101;last_code=0xe1
[RECV] BS2DCE notify: TR;3;2874;f;0;ff;ff;3178,2810,2566,2874,3399,2807,2338,2855;3178,2810,2566,2874,3399,2807,2338,2855;100,100,100,100,100,100,100,100;OOOOOOOO;100;0;15472;8
[RECV] BS2DCE notify: TR;3;2875;f;0;ff;ff;3211,2791,2710,3013,3356,2767,2298,2853;3211,2791,2710,3013,3356,2767,2298,2853;100,100,100,100,100,100,100,100;OOOOOOOO;100;0;854;8
[RECV] BS2DCE notify: TR;3;2876;f;0;ff;ff;3334,2736,2742,2950,3350,2803,2275,2904;3334,2736,2742,2950,3350,2803,2275,2904;100,100,100,100,100,100,100,100;OOOOOOOO;100;0;671;8
[RECV] BSDC91 notify: RXG;1;2863;tag=2;mask=0xff;pc=8;guard=1200;spacing=1000;win=8165;pre=1;slot_to_entry_us=0;slot_to_sched_us=0;slot_to_write_done_us=0;slot_to_txcmd_us=274;slot_to_txdone_us=610;txcmd_to_txdone_us=335;txdone_to_rxstart_us=61;txdone_to_rxend_us=183;rxenable_
[RECV] BSDC91 notify: CD;1;2863;tag=2;local=0xb102;status=0x00800b02;rxf=0x0756c814;win=8165;pc=8;mask=0xff;resp=7;unexp=0;last_len=20;last_src=0xa106;last_dst=0xb102;last_code=0xe1
[RECV] BSDC91 notify: TR;3;2864;f;0;ff;7f;2625,3040,3361,2824,2304,2985,3246,0;2625,3040,3361,2824,2304,2985,3246,2958;100,100,100,100,100,100,96,15;OOOOOOOT;99;0;44036;8
[RECV] BSDC91 notify: TR;3;2865;f;0;ff;ff;2782,3056,3383,2730,2224,3029,3219,2567;2782,3056,3383,2730,2224,3029,3219,2567;100,100,100,100,100,100,96,18;OOOOOOOO;99;0;671;8
[RECV] BSDC91 notify: TR;3;2866;f;0;ff;ff;2494,3105,3343,2603,2408,3077,3175,2557;2494,3105,3343,2603,2408,3077,3175,2557;100,100,100,100,100,100,96,21;OOOOOOOO;89;0;701;8
[RECV] BS2DCE notify: TR;3;2877;f;0;ff;ff;3383,2669,2559,2963,3375,2625,2326,2946;3383,2669,2559,2963,3375,2625,2326,2946;100,100,100,100,100,100,100,100;OOOOOOOO;100;0;671;8
[RECV] BSDC91 notify: TR;3;2867;f;0;ff;7f;2361,3159,3493,2496,2353,3038,3217,0;2361,3159,3493,2496,2353,3038,3217,2557;100,100,100,100,100,100,96,20;OOOOOOOT;99;0;671;8
[RECV] BS2DCE notify: TR;3;2878;f;0;ff;ff;3356,2643,2539,3043,4011,2563,2411,3000;3356,2643,2539,3043,4011,2563,2411,3000;100,100,100,100,100,100,100,100;OOOOOOOO;100;0;793;8
[RECV] BSDC91 notify: TR;3;2868;f;0;ff;7f;2349,3243,3357,2384,2296,3137,3185,0;2349,3243,3357,2384,2296,3137,3185,2557;100,100,100,100,100,100,96,20;OOOOOOOT;99;0;671;8
[RECV] BS2DCE notify: TR;3;2879;f;0;ff;7f;3313,2628,2511,2974,3609,2527,2246,0;3313,2628,2511,2974,3609,2527,2246,3000;100,100,100,100,100,100,100,96;OOOOOOOT;100;0;671;8
[RECV] BS2DCE notify: TR;3;2880;f;0;ff;ff;3305,2586,2477,2986,3405,2547,2699,3063;3305,2586,2477,2986,3405,2547,2699,3063;100,100,100,100,100,100,100,100;OOOOOOOO;100;0;701;8
[RECV] BSDC91 notify: TR;3;2869;f;0;ff;7f;2272,3223,3612,2437,2324,3212,3309,0;2272,3223,3612,2437,2324,3212,3309,2557;100,100,100,100,100,100,96,19;OOOOOOOT;99;0;701;8
[RECV] BSDC91 notify: TR;3;2870;f;0;ff;7f;2311,3252,3433,2361,2349,3211,3238,0;2311,3252,3433,2361,2349,3211,3238,2557;100,100,100,100,100,100,96,18;OOOOOOOT;99;0;671;8
[RECV] BS2DCE notify: TR;3;2881;f;0;ff;ff;3270,2571,2523,3015,3422,2422,2680,3114;3270,2571,2523,3015,3422,2422,2680,3114;100,100,100,100,100,100,100,100;OOOOOOOO;100;0;854;8
[RECV] BSDC91 notify: TR;3;2871;f;0;ff;7f;2377,3309,3529,2363,2394,3190,3274,0;2377,3309,3529,2363,2394,3190,3274,2557;100,100,100,100,100,100,100,17;OOOOOOOT;100;0;671;8
[RECV] BS2DCE notify: TR;3;2882;f;0;ff;ff;3249,2566,2526,3078,3644,2369,2593,3101;3249,2566,2526,3078,3644,2369,2593,3101;100,100,100,100,100,100,100,100;OOOOOOOO;100;0;701;8
[RECV] BSDC91 notify: TR;3;2872;f;0;ff;7f;2394,3249,3439,2391,2456,3348,3159,0;2394,3249,3439,2391,2456,3348,3159,2557;100,100,100,100,100,100,100,16;OOOOOOOT;100;0;671;8
[RECV] BS2DCE notify: RXG;1;2882;tag=1;mask=0xff;pc=8;guard=1200;spacing=1000;win=8165;pre=1;slot_to_entry_us=0;slot_to_sched_us=0;slot_to_write_done_us=0;slot_to_txcmd_us=274;slot_to_txdone_us=610;txcmd_to_txdone_us=335;txdone_to_rxstart_us=61;txdone_to_rxend_us=183;rxenable_
[RECV] BS2DCE notify: TR;3;2883;f;0;ff;ff;3379,2582,2553,3222,3314,2401,2594,3114;3379,2582,2553,3222,3314,2401,2594,3114;100,100,100,100,100,100,100,100;OOOOOOOO;100;0;29846;8
[RECV] BSDC91 notify: TR;3;2873;f;0;ff;7f;2442,3286,3660,2318,2489,3331,3088,0;2442,3286,3660,2318,2489,3331,3088,2557;100,100,100,100,100,100,100,15;OOOOOOOT;100;0;671;8
[RECV] BS2DCE notify: CD;1;2883;tag=1;local=0xb101;status=0x02806f02;rxf=0x07b6c814;win=8165;pc=8;mask=0xff;resp=8;unexp=0;last_len=20;last_src=0xa107;last_dst=0xb101;last_code=0xe1
[RECV] BS2DCE notify: TR;3;2884;f;0;ff;ff;3239,2456,2665,3149,3276,2509,2606,3134;3239,2456,2665,3149,3276,2509,2606,3134;100,100,100,100,100,100,100,100;OOOOOOOO;100;0;15716;8
[RECV] BS2DCE notify: TR;3;2885;f;0;ff;ff;3190,2525,2691,3282,3182,2475,2630,3171;3190,2525,2691,3282,3182,2475,2630,3171;100,100,100,100,100,100,100,100;OOOOOOOO;100;0;671;8
[RECV] BSDC91 notify: RXG;1;2873;tag=2;mask=0xff;pc=8;guard=1200;spacing=1000;win=8165;pre=1;slot_to_entry_us=0;slot_to_sched_us=0;slot_to_write_done_us=0;slot_to_txcmd_us=274;slot_to_txdone_us=610;txcmd_to_txdone_us=335;txdone_to_rxstart_us=61;txdone_to_rxend_us=183;rxenable_
[RECV] BSDC91 notify: CD;1;2873;tag=2;local=0xb102;status=0x00800b02;rxf=0x0766c814;win=8165;pc=8;mask=0xff;resp=7;unexp=0;last_len=20;last_src=0xa106;last_dst=0xb102;last_code=0xe1
[RECV] BSDC91 notify: TR;3;2874;f;0;ff;7f;2497,3354,3403,2353,2571,3390,3094,0;2497,3354,3403,2353,2571,3390,3094,2557;100,100,100,100,100,100,100,15;OOOOOOOT;100;0;44158;8
[RECV] BS2DCE notify: TR;3;2886;f;0;ff;ff;3169,2645,2747,3315,3168,2438,2645,3121;3169,2645,2747,3315,3168,2438,2645,3121;100,100,100,100,100,100,100,100;OOOOOOOO;100;0;701;8
[RECV] BSDC91 notify: TR;3;2875;f;0;ff;ff;2601,3450,3237,2400,2555,3416,3022,2223;2601,3450,3237,2400,2555,3416,3022,2223;100,100,100,100,100,100,100,19;OOOOOOOO;100;0;701;8
[RECV] BSDC91 notify: TR;3;2876;f;0;ff;7f;2550,3478,3084,2492,2689,3466,3114,0;2550,3478,3084,2492,2689,3466,3114,2223;100,100,100,100,100,100,100,18;OOOOOOOT;100;0;671;8
[RECV] BS2DCE notify: TR;3;2887;f;0;ff;ff;3166,2777,2720,3208,3109,2503,2638,3231;3166,2777,2720,3208,3109,2503,2638,3231;100,100,100,100,100,100,100,100;OOOOOOOO;100;0;854;8
[RECV] BSDC91 notify: TR;3;2877;f;0;ff;7f;2642,3447,3087,2253,2725,4161,3166,0;2642,3447,3087,2253,2725,4161,3166,2223;100,100,100,100,100,100,100,17;OOOOOOOT;100;0;671;8
[RECV] BSDC91 notify: TR;3;2878;f;0;ff;7f;2686,3684,3054,2150,2844,3306,3024,0;2686,3684,3054,2150,2844,3306,3024,2223;100,100,100,100,100,100,100,16;OOOOOOOT;100;0;671;8
[RECV] BS2DCE notify: TR;3;2888;f;0;ff;ff;3103,2631,2746,3171,3031,2566,2644,3237;3103,2631,2746,3171,3031,2566,2644,3237;100,100,100,100,100,100,100,100;OOOOOOOO;100;0;701;8
[RECV] BS2DCE notify: TR;3;2889;f;0;ff;ff;3064,2531,2780,3343,2788,2458,2664,3291;3064,2531,2780,3343,2788,2458,2664,3291;100,100,100,100,100,100,100,100;OOOOOOOO;100;0;671;8
[RECV] BSDC91 notify: TR;3;2879;f;0;ff;7f;2838,3583,2995,2110,2979,3473,2912,0;2838,3583,2995,2110,2979,3473,2912,2223;100,100,100,100,100,100,100,16;OOOOOOOT;100;0;671;8
[RECV] BS2DCE notify: TR;3;2890;f;0;ff;ff;2975,2605,2832,3581,2818,2671,2693,3292;2975,2605,2832,3581,2818,2671,2693,3292;100,100,100,100,100,100,100,100;OOOOOOOO;100;0;793;8
[RECV] BSDC91 notify: TR;3;2880;f;0;ff;7f;3547,3445,2936,2210,2919,3479,2899,0;3547,3445,2936,2210,2919,3479,2899,2223;100,100,100,100,100,100,100,15;OOOOOOOT;100;0;671;8
[RECV] BS2DCE notify: TR;3;2891;f;0;ff;ff;2949,2515,2865,3040,3083,2520,2702,3316;2949,2515,2865,3040,3083,2520,2702,3316;100,100,100,100,100,100,100,100;OOOOOOOO;100;0;701;8
[RECV] BSDC91 notify: TR;3;2881;f;0;ff;7f;3751,3517,2847,2167,2995,3425,2901,0;3751,3517,2847,2167,2995,3425,2901,2223;100,100,100,100,100,100,100,14;OOOOOOOT;100;0;671;8
[RECV] BS2DCE notify: TR;3;2892;f;0;ff;ff;2921,2512,2903,3506,2981,2521,2719,3207;2921,2512,2903,3506,2981,2521,2719,3207;100,100,100,100,100,100,100,100;OOOOOOOO;100;0;701;8
[RECV] BSDC91 notify: TR;3;2882;f;0;ff;7f;3721,3546,2859,2263,3013,3346,2849,0;3721,3546,2859,2263,3013,3346,2849,2223;100,100,100,100,100,100,100,14;OOOOOOOT;100;0;671;8
[RECV] BSDC91 notify: TR;3;2883;f;0;ff;7f;3163,3449,2707,2193,2903,3312,2716,0;3163,3449,2707,2193,2903,3312,2716,2223;100,100,100,100,100,100,100,13;OOOOOOOT;100;0;671;8
[RECV] BS2DCE notify: RXG;1;2892;tag=1;mask=0xff;pc=8;guard=1200;spacing=1000;win=8165;pre=1;slot_to_entry_us=0;slot_to_sched_us=0;slot_to_write_done_us=0;slot_to_txcmd_us=274;slot_to_txdone_us=610;txcmd_to_txdone_us=335;txdone_to_rxstart_us=61;txdone_to_rxend_us=183;rxenable_
[RECV] BS2DCE notify: TR;3;2893;f;0;ff;ff;2821,2547,2976,3445,2864,2553,2782,2776;2821,2547,2976,3445,2864,2553,2782,2776;100,100,100,100,100,100,100,100;OOOOOOOO;100;0;30181;8
[RECV] BSDC91 notify: RXG;1;2883;tag=2;mask=0xff;pc=8;guard=1200;spacing=1000;win=8165;pre=1;slot_to_entry_us=0;slot_to_sched_us=0;slot_to_write_done_us=0;slot_to_txcmd_us=274;slot_to_txdone_us=610;txcmd_to_txdone_us=335;txdone_to_rxstart_us=61;txdone_to_rxend_us=183;rxenable_
[RECV] BSDC91 notify: CD;1;2883;tag=2;local=0xb102;status=0x00800f02;rxf=0x0776c814;win=8165;pc=8;mask=0xff;resp=7;unexp=0;last_len=20;last_src=0xa106;last_dst=0xb102;last_code=0xe1
[RECV] BSDC91 notify: TR;3;2884;f;0;ff;7f;3242,3121,2663,2370,2940,3316,2633,0;3242,3121,2663,2370,2940,3316,2633,2223;100,100,100,100,100,100,100,13;OOOOOOOT;100;0;44158;8
[RECV] BSDC91 notify: TR;3;2885;f;0;ff;7f;3155,3248,2594,2461,3006,3245,2594,0;3155,3248,2594,2461,3006,3245,2594,2223;100,100,100,100,100,100,100,12;OOOOOOOT;100;0;671;8
[RECV] BS2DCE notify: CD;1;2893;tag=1;local=0xb101;status=0x02806f02;rxf=0x07b6c814;win=8165;pc=8;mask=0xff;resp=8;unexp=0;last_len=20;last_src=0xa107;last_dst=0xb101;last_code=0xe1
[RECV] BS2DCE notify: TR;3;2894;f;0;ff;ff;2801,2614,3035,3377,2744,2636,2888,3090;2801,2614,3035,3377,2744,2636,2888,3090;100,100,100,100,100,100,100,100;OOOOOOOO;100;0;15533;8
[RECV] BS2DCE notify: TR;3;2895;f;0;ff;ff;2763,2608,3194,3239,2699,2620,2841,3094;2763,2608,3194,3239,2699,2620,2841,3094;100,100,100,100,100,100,100,100;OOOOOOOO;100;0;671;8
[RECV] BS2DCE notify: TR;3;2896;f;0;ff;ff;2724,2686,3252,3025,2617,2665,2852,2977;2724,2686,3252,3025,2617,2665,2852,2977;100,100,100,100,100,100,100,100;OOOOOOOO;100;0;793;8
[RECV] BS2DCE notify: TR;3;2897;f;0;ff;ff;2724,2661,3193,2962,2578,2731,2882,3138;2724,2661,3193,2962,2578,2731,2882,3138;100,100,100,100,100,100,100,100;OOOOOOOO;100;0;701;8
[RECV] BSDC91 notify: TR;3;2886;f;0;ff;7f;3187,3164,2555,2525,3099,3549,2554,0;3187,3164,2555,2525,3099,3549,2554,2223;100,100,100,100,100,100,100,12;OOOOOOOT;100;0;671;8
[RECV] BSDC91 notify: TR;3;2887;f;0;ff;7f;3150,3094,2585,2516,3182,3246,2411,0;3150,3094,2585,2516,3182,3246,2411,2223;100,100,100,100,100,100,100,11;OOOOOOOT;100;0;701;8
[RECV] BS2DCE notify: TR;3;2898;f;0;ff;ff;2692,2781,3248,2925,2536,2673,2875,3048;2692,2781,3248,2925,2536,2673,2875,3048;100,100,100,100,100,100,100,100;OOOOOOOO;100;0;701;8
[RECV] BSDC91 notify: TR;3;2888;f;0;ff;7f;3180,3065,2516,2566,3216,3093,2423,0;3180,3065,2516,2566,3216,3093,2423,2223;100,100,100,100,100,100,100,11;OOOOOOOT;100;0;671;8
[RECV] BS2DCE notify: TR;3;2899;f;0;ff;ff;2709,2823,3186,2796,2477,2686,3014,3014;2709,2823,3186,2796,2477,2686,3014,3014;100,100,100,100,100,100,100,100;OOOOOOOO;100;0;915;8
[RECV] BSDC91 notify: TR;3;2889;f;0;ff;7f;3218,3010,2579,2786,3251,3012,2274,0;3218,3010,2579,2786,3251,3012,2274,2223;100,100,100,100,100,100,100,10;OOOOOOOT;100;0;671;8
[RECV] BS2DCE notify: TR;3;2900;f;0;ff;ff;2598,2877,3223,2810,2435,2817,3064,2910;2598,2877,3223,2810,2435,2817,3064,2910;100,100,100,100,100,100,100,100;OOOOOOOO;100;0;701;8
[RECV] BSDC91 notify: TR;3;2890;f;0;ff;7f;3232,2870,2481,2659,3275,2974,2181,0;3232,2870,2481,2659,3275,2974,2181,2223;100,100,100,100,100,100,100,10;OOOOOOOT;100;0;701;8
[RECV] BSDC91 notify: TR;3;2891;f;0;ff;7f;3227,2840,2440,2644,3320,2984,2166,0;3227,2840,2440,2644,3320,2984,2166,2223;100,100,100,100,100,100,100,9;OOOOOOOT;100;0;671;8
[RECV] BS2DCE notify: TR;3;2901;f;0;ff;ff;2598,2957,3213,2752,2492,2888,3022,2912;2598,2957,3213,2752,2492,2888,3022,2912;100,100,100,100,100,100,100,100;OOOOOOOO;100;0;701;8
[RECV] BS2DCE notify: TR;3;2902;f;0;ff;ff;2609,2985,3255,2932,2387,2836,3079,2673;2609,2985,3255,2932,2387,2836,3079,2673;100,100,100,100,100,100,100,100;OOOOOOOO;100;0;793;8
[RECV] BSDC91 notify: TR;3;2892;f;0;ff;7f;3294,2741,2402,2819,3520,2892,2158,0;3294,2741,2402,2819,3520,2892,2158,2223;100,100,100,100,100,100,100,9;OOOOOOOT;100;0;671;8
[RECV] BSDC91 notify: TR;3;2893;f;0;ff;ff;3274,2762,2387,2966,3539,2848,2134,2932;3274,2762,2387,2966,3539,2848,2134,2932;100,100,100,100,100,100,100,13;OOOOOOOO;100;0;701;8
[RECV] BS2DCE notify: RXG;1;2902;tag=1;mask=0xff;pc=8;guard=1200;spacing=1000;win=8165;pre=1;slot_to_entry_us=0;slot_to_sched_us=0;slot_to_write_done_us=0;slot_to_txcmd_us=366;slot_to_txdone_us=701;txcmd_to_txdone_us=335;txdone_to_rxstart_us=91;txdone_to_rxend_us=213;rxenable_
[RECV] BS2DCE notify: TR;3;2903;f;0;ff;ff;2618,3143,3271,2835,2444,2944,3087,2516;2618,3143,3271,2835,2444,2944,3087,2516;100,100,100,100,100,100,100,100;OOOOOOOO;100;0;29937;8
[RECV] BS2DCE notify: CD;1;2903;tag=1;local=0xb101;status=0x02806f02;rxf=0x07d6c814;win=8165;pc=8;mask=0xff;resp=8;unexp=0;last_len=20;last_src=0xa107;last_dst=0xb101;last_code=0xe1
[RECV] BS2DCE notify: TR;3;2904;f;0;ff;ff;2513,3153,3304,2656,2483,2990,3115,2637;2513,3153,3304,2656,2483,2990,3115,2637;100,100,100,100,100,100,100,100;OOOOOOOO;100;0;15533;8
[RECV] BS2DCE notify: TR;3;2905;f;0;ff;ff;2828,3156,3334,2694,2428,3056,3051,2594;2828,3156,3334,2694,2428,3056,3051,2594;100,100,100,100,100,100,100,100;OOOOOOOO;100;0;915;8
[RECV] BSDC91 notify: RXG;1;2893;tag=2;mask=0xff;pc=8;guard=1200;spacing=1000;win=8165;pre=1;slot_to_entry_us=0;slot_to_sched_us=0;slot_to_write_done_us=0;slot_to_txcmd_us=274;slot_to_txdone_us=610;txcmd_to_txdone_us=335;txdone_to_rxstart_us=61;txdone_to_rxend_us=183;rxenable_
[RECV] BSDC91 notify: CD;1;2893;tag=2;local=0xb102;status=0x00800b02;rxf=0x0776c814;win=8165;pc=8;mask=0xff;resp=7;unexp=0;last_len=20;last_src=0xa106;last_dst=0xb102;last_code=0xe1
[RECV] BSDC91 notify: TR;3;2894;f;0;ff;7f;3365,2722,2369,2875,3668,2768,2166,0;3365,2722,2369,2875,3668,2768,2166,2932;100,100,100,100,100,100,100,12;OOOOOOOT;100;0;44097;8
[RECV] BSDC91 notify: TR;3;2895;f;0;ff;7f;3425,2671,2324,2918,3724,2660,2158,0;3425,2671,2324,2918,3724,2660,2158,2932;100,100,100,100,100,100,100,12;OOOOOOOT;100;0;671;8
[RECV] BSDC91 notify: TR;3;2896;f;0;ff;7f;3427,2602,2332,2843,3285,2561,2228,0;3427,2602,2332,2843,3285,2561,2228,2932;100,100,100,100,100,100,100,11;OOOOOOOT;100;0;671;8
[RECV] BS2DCE notify: TR;3;2906;f;0;ff;ff;2605,3105,3368,2619,2541,2962,3032,2595;2605,3105,3368,2619,2541,2962,3032,2595;100,100,100,100,100,100,100,100;OOOOOOOO;100;0;701;8
[RECV] BS2DCE notify: TR;3;2907;f;0;ff;ff;2543,3149,3469,2587,2537,3062,3112,2563;2543,3149,3469,2587,2537,3062,3112,2563;100,100,100,100,100,100,100,100;OOOOOOOO;100;0;701;8
[RECV] BSDC91 notify: TR;3;2897;f;0;ff;7f;3365,2650,2245,3396,3499,2544,2309,0;3365,2650,2245,3396,3499,2544,2309,2932;100,100,100,100,100,100,100,11;OOOOOOOT;100;0;671;8
[RECV] BS2DCE notify: TR;3;2908;f;0;ff;ff;2518,3093,3389,2495,2682,3026,3150,2463;2518,3093,3389,2495,2682,3026,3150,2463;100,100,100,100,100,100,100,100;OOOOOOOO;100;0;854;8
[RECV] BSDC91 notify: TR;3;2898;f;0;ff;7f;3447,2504,2295,3286,3396,2452,2019,0;3447,2504,2295,3286,3396,2452,2019,2932;100,100,100,100,100,100,100,10;OOOOOOOT;100;0;671;8
[RECV] BS2DCE notify: TR;3;2909;f;0;ff;ff;2514,3164,3414,2488,2590,3051,3204,2453;2514,3164,3414,2488,2590,3051,3204,2453;100,100,100,100,100,100,100,100;OOOOOOOO;100;0;701;8
[RECV] BSDC91 notify: TR;3;2899;f;0;ff;7f;3394,2458,2305,3420,3410,2419,2476,0;3394,2458,2305,3420,3410,2419,2476,2932;100,100,100,100,100,100,100,10;OOOOOOOT;100;0;671;8
[RECV] BSDC91 notify: TR;3;2900;f;0;ff;7f;3368,2464,2298,3301,3408,2432,2475,0;3368,2464,2298,3301,3408,2432,2475,2932;100,100,100,100,100,100,100,10;OOOOOOOT;100;0;671;8
[RECV] BS2DCE notify: TR;3;2910;f;0;ff;ff;2486,3171,3362,2509,2596,3203,3104,2361;2486,3171,3362,2509,2596,3203,3104,2361;100,100,100,100,100,100,100,100;OOOOOOOO;100;0;701;8
[RECV] BS2DCE notify: TR;3;2911;f;0;ff;ff;2502,3160,3336,2479,2607,3270,3087,2412;2502,3160,3336,2479,2607,3270,3087,2412;100,100,100,100,100,100,100,100;OOOOOOOO;100;0;885;8
[RECV] BSDC91 notify: TR;3;2901;f;0;ff;7f;3386,2507,2310,3183,3377,2420,2398,0;3386,2507,2310,3183,3377,2420,2398,2932;100,100,100,100,100,100,100,9;OOOOOOOT;100;0;671;8
[RECV] BS2DCE notify: TR;3;2912;f;0;ff;ff;2530,3224,3341,2351,2663,3255,3094,2415;2530,3224,3341,2351,2663,3255,3094,2415;100,100,100,100,100,100,100,100;OOOOOOOO;100;0;701;8
[RECV] BSDC91 notify: TR;3;2902;f;0;ff;7f;3361,2420,2404,3173,3362,2310,2367,0;3361,2420,2404,3173,3362,2310,2367,2932;100,100,100,100,100,100,100,9;OOOOOOOT;100;0;671;8
[RECV] BS2DCE notify: RXG;1;2912;tag=1;mask=0xff;pc=8;guard=1200;spacing=1000;win=8165;pre=1;slot_to_entry_us=0;slot_to_sched_us=0;slot_to_write_done_us=0;slot_to_txcmd_us=274;slot_to_txdone_us=610;txcmd_to_txdone_us=335;txdone_to_rxstart_us=61;txdone_to_rxend_us=213;rxenable_
[RECV] BSDC91 notify: TR;3;2903;f;0;ff;7f;3398,2352,2406,3283,3326,2261,2397,0;3398,2352,2406,3283,3326,2261,2397,2932;100,100,100,100,100,100,100,11;OOOOOOOT;100;0;671;8
[RECV] BS2DCE notify: TR;3;2913;f;0;ff;ff;2519,3257,3391,2403,2626,3167,2979,2418;2519,3257,3391,2403,2626,3167,2979,2418;100,100,100,100,100,100,100,100;OOOOOOOO;100;0;29846;8
[RECV] BS2DCE notify: CD;1;2913;tag=1;local=0xb101;status=0x02806f02;rxf=0x0796c814;win=8165;pc=8;mask=0xff;resp=8;unexp=0;last_len=20;last_src=0xa107;last_dst=0xb101;last_code=0xe1
[RECV] BS2DCE notify: TR;3;2914;f;0;ff;ff;2581,3183,3498,2427,2612,3245,2973,2362;2581,3183,3498,2427,2612,3245,2973,2362;100,100,100,100,100,100,100,100;OOOOOOOO;100;0;15747;8
[RECV] BSDC91 notify: RXG;1;2903;tag=2;mask=0xff;pc=8;guard=1200;spacing=1000;win=8165;pre=1;slot_to_entry_us=0;slot_to_sched_us=0;slot_to_write_done_us=0;slot_to_txcmd_us=274;slot_to_txdone_us=610;txcmd_to_txdone_us=335;txdone_to_rxstart_us=61;txdone_to_rxend_us=183;rxenable_
[RECV] BSDC91 notify: CD;1;2903;tag=2;local=0xb102;status=0x00800b02;rxf=0x0786c814;win=8165;pc=8;mask=0xff;resp=7;unexp=0;last_len=20;last_src=0xa106;last_dst=0xb102;last_code=0xe1
[RECV] BS2DCE notify: TR;3;2915;f;0;ff;ff;2648,3306,3241,2370,2715,3309,3001,2357;2648,3306,3241,2370,2715,3309,3001,2357;100,100,100,100,100,100,100,100;OOOOOOOO;100;0;701;8
[RECV] BSDC91 notify: TR;3;2904;f;0;ff;7f;3417,2368,2465,3202,3215,2230,2476,0;3417,2368,2465,3202,3215,2230,2476,2932;100,100,100,100,100,100,100,11;OOOOOOOT;100;0;44189;8
[RECV] BSDC91 notify: TR;3;2905;f;0;ff;7f;3311,2464,2520,3285,3118,2312,2488,0;3311,2464,2520,3285,3118,2312,2488,2932;100,100,100,100,100,100,100,10;OOOOOOOT;100;0;671;8
[RECV] BS2DCE notify: TR;3;2916;f;0;ff;ff;2713,3401,3191,2553,2788,3395,3012,2384;2713,3401,3191,2553,2788,3395,3012,2384;100,100,100,100,100,100,100,100;OOOOOOOO;100;0;701;8
[RECV] BSDC91 notify: TR;3;2906;f;0;ff;7f;3274,2443,2596,3373,3115,2284,2554,0;3274,2443,2596,3373,3115,2284,2554,2932;100,100,100,100,100,100,100,10;OOOOOOOT;100;0;671;8
[RECV] BS2DCE notify: TR;3;2917;f;0;ff;ff;2744,3463,3093,2452,2780,3372,2990,2404;2744,3463,3093,2452,2780,3372,2990,2404;100,100,100,100,100,100,100,100;OOOOOOOO;100;0;915;8
[RECV] BSDC91 notify: TR;3;2907;f;0;ff;7f;3218,2491,2606,3249,3139,2415,2560,0;3218,2491,2606,3249,3139,2415,2560,2932;100,100,100,100,100,100,100,9;OOOOOOOT;100;0;671;8
[RECV] BS2DCE notify: TR;3;2918;f;0;ff;ff;2818,3381,3024,2428,2777,3516,2955,2531;2818,3381,3024,2428,2777,3516,2955,2531;100,100,100,100,100,100,100,100;OOOOOOOO;100;0;701;8
[RECV] BSDC91 notify: TR;3;2908;f;0;ff;7f;3130,2386,2694,3263,3073,2325,2600,0;3130,2386,2694,3263,3073,2325,2600,2932;100,100,100,100,100,100,100,9;OOOOOOOT;100;0;671;8
[RECV] BS2DCE notify: TR;3;2919;f;0;ff;ff;3322,3432,2963,2471,2800,3348,2923,2443;3322,3432,2963,2471,2800,3348,2923,2443;100,100,100,100,100,100,100,100;OOOOOOOO;100;0;701;8
[RECV] BSDC91 notify: TR;3;2909;f;0;ff;7f;3036,2393,2742,3191,3312,2454,2583,0;3036,2393,2742,3191,3312,2454,2583,2932;100,100,100,100,100,100,100,8;OOOOOOOT;100;0;671;8
[RECV] BS2DCE notify: TR;3;2920;f;0;ff;ff;3244,3416,2945,2450,2882,3383,2880,2645;3244,3416,2945,2450,2882,3383,2880,2645;100,100,100,100,100,100,100,100;OOOOOOOO;100;0;854;8
[RECV] BS2DCE notify: TR;3;2921;f;0;ff;ff;3230,3300,2927,2476,2961,3339,2933,2521;3230,3300,2927,2476,2961,3339,2933,2521;100,100,100,100,100,100,100,100;OOOOOOOO;100;0;701;8
[RECV] BSDC91 notify: TR;3;2910;f;0;ff;7f;2966,2344,2824,3392,3197,2429,2606,0;2966,2344,2824,3392,3197,2429,2606,2932;100,100,100,100,100,100,100,8;OOOOOOOT;100;0;671;8
[RECV] BSDC91 notify: TR;3;2911;f;0;ff;f7;2953,2372,2838,0,3018,2421,2708,3368;2953,2372,2838,3392,3018,2421,2708,3368;100,100,100,96,100,100,100,12;OOOTOOOO;100;0;671;8
[RECV] BS2DCE notify: TR;3;2922;f;0;ff;ff;3188,3269,2859,2469,2942,3264,2838,2545;3188,3269,2859,2469,2942,3264,2838,2545;100,100,100,100,100,100,100,100;OOOOOOOO;100;0;701;8
[RECV] BSDC91 notify: TR;3;2912;f;0;ff;7f;2870,2409,2873,3365,2868,2362,2752,0;2870,2409,2873,3365,2868,2362,2752,3368;100,100,100,96,100,100,100,11;OOOOOOOT;99;0;762;8
[RECV] BS2DCE notify: RXG;1;2922;tag=1;mask=0xff;pc=8;guard=1200;spacing=1000;win=8165;pre=1;slot_to_entry_us=0;slot_to_sched_us=0;slot_to_write_done_us=0;slot_to_txcmd_us=274;slot_to_txdone_us=610;txcmd_to_txdone_us=335;txdone_to_rxstart_us=61;txdone_to_rxend_us=183;rxenable_
[RECV] BS2DCE notify: TR;3;2923;f;0;ff;ff;3114,3370,2849,2507,2938,3217,2759,2603;3114,3370,2849,2507,2938,3217,2759,2603;100,100,100,100,100,100,100,100;OOOOOOOO;100;0;29968;8
[RECV] BSDC91 notify: TR;3;2913;f;0;ff;7f;2821,2419,2925,3314,2792,2441,2737,0;2821,2419,2925,3314,2792,2441,2737,3368;100,100,100,96,100,100,100,11;OOOOOOOT;99;0;671;8
[RECV] BS2DCE notify: CD;1;2923;tag=1;local=0xb101;status=0x02806f02;rxf=0x0756c814;win=8165;pc=8;mask=0xff;resp=8;unexp=0;last_len=20;last_src=0xa107;last_dst=0xb101;last_code=0xe1
[RECV] BS2DCE notify: TR;3;2924;f;0;ff;ff;3057,3316,2781,2506,2943,3248,2732,2598;3057,3316,2781,2506,2943,3248,2732,2598;100,100,100,100,100,100,100,100;OOOOOOOO;100;0;15533;8
[RECV] BS2DCE notify: TR;3;2925;f;0;ff;ff;3116,3143,2743,2683,3032,3271,2736,2657;3116,3143,2743,2683,3032,3271,2736,2657;100,100,100,100,100,100,100,100;OOOOOOOO;100;0;701;8
[RECV] BS2DCE notify: TR;3;2926;f;0;ff;ff;3037,3135,2713,2756,3034,3279,2667,2632;3037,3135,2713,2756,3034,3279,2667,2632;100,100,100,100,100,100,100,100;OOOOOOOO;100;0;854;8
[RECV] BS2DCE notify: TR;3;2927;f;0;ff;ff;3085,3095,2703,2662,3084,3170,2557,2612;3085,3095,2703,2662,3084,3170,2557,2612;100,100,100,100,100,100,100,100;OOOOOOOO;100;0;701;8
[RECV] BSDC91 notify: RXG;1;2913;tag=2;mask=0xff;pc=8;guard=1200;spacing=1000;win=8165;pre=1;slot_to_entry_us=0;slot_to_sched_us=0;slot_to_write_done_us=0;slot_to_txcmd_us=274;slot_to_txdone_us=610;txcmd_to_txdone_us=335;txdone_to_rxstart_us=61;txdone_to_rxend_us=183;rxenable_
[RECV] BSDC91 notify: CD;1;2913;tag=2;local=0xb102;status=0x00800b02;rxf=0x0776c814;win=8165;pc=8;mask=0xff;resp=7;unexp=0;last_len=20;last_src=0xa106;last_dst=0xb102;last_code=0xe1
[RECV] BSDC91 notify: TR;3;2914;f;0;ff;7f;2718,2447,3014,3267,2715,2532,2769,0;2718,2447,3014,3267,2715,2532,2769,3368;100,100,100,96,100,100,100,10;OOOOOOOT;99;0;44403;8
[RECV] BS2DCE notify: TR;3;2928;f;0;ff;ff;3121,3039,2658,2717,3215,3165,2502,2616;3121,3039,2658,2717,3215,3165,2502,2616;100,100,100,100,100,100,100,100;OOOOOOOO;100;0;671;8
[RECV] BSDC91 notify: TR;3;2915;f;0;ff;7f;2664,2566,3089,3319,2617,2561,2859,0;2664,2566,3089,3319,2617,2561,2859,3368;100,100,100,96,100,100,100,10;OOOOOOOT;99;0;762;8
[RECV] BSDC91 notify: TR;3;2916;f;0;ff;7f;2644,2574,3131,3262,2483,2580,2968,0;2644,2574,3131,3262,2483,2580,2968,3368;100,100,100,96,100,100,100,10;OOOOOOOT;99;0;671;8
[RECV] BSDC91 notify: TR;3;2917;f;0;ff;7f;2630,2556,3153,3147,2409,2570,2937,0;2630,2556,3153,3147,2409,2570,2937,3368;100,100,100,96,100,100,100,9;OOOOOOOT;99;0;671;8
[RECV] BS2DCE notify: TR;3;2929;f;0;ff;ff;3133,3007,2654,2833,3342,3074,2485,2708;3133,3007,2654,2833,3342,3074,2485,2708;100,100,100,100,100,100,100,100;OOOOOOOO;100;0;946;8
[RECV] BSDC91 notify: TR;3;2918;f;0;ff;7f;2598,2684,3319,2977,2421,2652,3010,0;2598,2684,3319,2977,2421,2652,3010,3368;100,100,100,96,100,100,100,9;OOOOOOOT;99;0;976;8
[RECV] BSDC91 notify: TR;3;2919;f;0;ff;ff;2609,2724,3383,2925,2399,2620,3050,2960;2609,2724,3383,2925,2399,2620,3050,2960;100,100,100,100,100,100,100,17;OOOOOOOO;100;0;671;8
[RECV] BS2DCE notify: TR;3;2930;f;0;ff;ff;3107,2960,2662,2846,3235,3056,2452,2720;3107,2960,2662,2846,3235,3056,2452,2720;100,100,100,100,100,100,100,100;OOOOOOOO;100;0;701;8
[RECV] BS2DCE notify: TR;3;2931;f;0;ff;ff;3145,3017,2625,2871,3272,3054,2384,2882;3145,3017,2625,2871,3272,3054,2384,2882;100,100,100,100,100,100,100,100;OOOOOOOO;100;0;671;8
[RECV] BS2DCE notify: TR;3;2932;f;0;ff;ff;3141,2971,2591,3010,3226,2960,2332,2880;3141,2971,2591,3010,3226,2960,2332,2880;100,100,100,100,100,100,100,100;OOOOOOOO;100;0;854;8
[RECV] BSDC91 notify: TR;3;2920;f;0;ff;7f;2518,2819,3386,3032,2320,2713,3087,0;2518,2819,3386,3032,2320,2713,3087,2960;100,100,100,100,100,100,100,16;OOOOOOOT;100;0;671;8
[RECV] BSDC91 notify: TR;3;2921;f;0;ff;7f;2406,2946,3333,2906,2303,2835,3096,0;2406,2946,3333,2906,2303,2835,3096,2960;100,100,100,100,100,100,100,15;OOOOOOOT;100;0;762;8
[RECV] BSDC91 notify: TR;3;2922;f;0;ff;3f;2488,3035,3301,2837,2292,2956,0,0;2488,3035,3301,2837,2292,2956,3096,2960;100,100,100,100,100,100,95,15;OOOOOOTT;100;0;640;8
[RECV] BS2DCE notify: RXG;1;2932;tag=1;mask=0xff;pc=8;guard=1200;spacing=1000;win=8165;pre=1;slot_to_entry_us=0;slot_to_sched_us=0;slot_to_write_done_us=0;slot_to_txcmd_us=427;slot_to_txdone_us=762;txcmd_to_txdone_us=335;txdone_to_rxstart_us=91;txdone_to_rxend_us=213;rxenable_
[RECV] BSDC91 notify: TR;3;2923;f;0;ff;7f;2504,3015,3385,2799,2281,3035,3182,0;2504,3015,3385,2799,2281,3035,3182,2960;100,100,100,100,100,100,95,14;OOOOOOOT;99;0;671;8
[RECV] BS2DCE notify: TR;3;2933;f;0;ff;ff;3197,2857,2600,2793,3335,2960,2356,2907;3197,2857,2600,2793,3335,2960,2356,2907;100,100,100,100,100,100,100,100;OOOOOOOO;100;0;29876;8
[RECV] BS2DCE notify: CD;1;2933;tag=1;local=0xb101;status=0x02806f02;rxf=0x0776c814;win=8165;pc=8;mask=0xff;resp=8;unexp=0;last_len=20;last_src=0xa107;last_dst=0xb101;last_code=0xe1
[RECV] BS2DCE notify: TR;3;2934;f;0;ff;ff;3207,2831,2568,2978,3317,2920,2267,2864;3207,2831,2568,2978,3317,2920,2267,2864;100,100,100,100,100,100,100,100;OOOOOOOO;100;0;15533;8
[RECV] BS2DCE notify: TR;3;2935;f;0;ff;ff;3253,2790,2582,2944,3341,2913,2326,2889;3253,2790,2582,2944,3341,2913,2326,2889;100,100,100,100,100,100,100,100;OOOOOOOO;100;0;915;8
[RECV] BS2DCE notify: TR;3;2936;f;0;ff;ff;3329,2716,2676,2952,3401,2785,2260,2912;3329,2716,2676,2952,3401,2785,2260,2912;100,100,100,100,100,100,100,100;OOOOOOOO;100;0;701;8
[RECV] BSDC91 notify: RXG;1;2923;tag=2;mask=0xff;pc=8;guard=1200;spacing=1000;win=8165;pre=1;slot_to_entry_us=0;slot_to_sched_us=0;slot_to_write_done_us=0;slot_to_txcmd_us=274;slot_to_txdone_us=610;txcmd_to_txdone_us=335;txdone_to_rxstart_us=61;txdone_to_rxend_us=183;rxenable_
[RECV] BSDC91 notify: CD;1;2923;tag=2;local=0xb102;status=0x00800b02;rxf=0x0766c814;win=8165;pc=8;mask=0xff;resp=7;unexp=0;last_len=20;last_src=0xa106;last_dst=0xb102;last_code=0xe1
[RECV] BSDC91 notify: TR;3;2924;f;0;ff;7f;2600,3061,3369,2734,2306,2927,3203,0;2600,3061,3369,2734,2306,2927,3203,2960;100,100,100,100,100,100,95,13;OOOOOOOT;99;0;44158;8
[RECV] BSDC91 notify: TR;3;2925;f;0;ff;7f;2830,3081,3302,2631,2216,3020,3274,0;2830,3081,3302,2631,2216,3020,3274,2960;100,100,100,100,100,100,95,13;OOOOOOOT;99;0;671;8
[RECV] BS2DCE notify: TR;3;2937;f;0;ff;ff;3366,2717,2630,2924,3393,2666,2324,3023;3366,2717,2630,2924,3393,2666,2324,3023;100,100,100,100,100,100,100,100;OOOOOOOO;100;0;701;8
[RECV] BSDC91 notify: TR;3;2926;f;0;ff;fd;2499,0,3326,2576,2387,3101,3160,2473;2499,3081,3326,2576,2387,3101,3160,2473;100,95,100,100,100,100,95,16;OTOOOOOO;99;0;671;8
[RECV] BSDC91 notify: TR;3;2927;f;0;ff;7f;2455,3143,3434,2533,2322,2997,3247,0;2455,3143,3434,2533,2322,2997,3247,2473;100,96,100,100,100,100,96,16;OOOOOOOT;98;0;793;8
[RECV] BS2DCE notify: TR;3;2938;f;0;ff;ff;3307,2659,2536,3026,4165,2594,2313,2999;3307,2659,2536,3026,4165,2594,2313,2999;100,100,100,100,100,100,100,100;OOOOOOOO;100;0;854;8
[RECV] BSDC91 notify: TR;3;2928;f;0;ff;7f;2315,3243,3303,2420,2295,3126,3252,0;2315,3243,3303,2420,2295,3126,3252,2473;100,96,100,100,100,100,96,15;OOOOOOOT;98;0;671;8
[RECV] BS2DCE notify: TR;3;2939;f;0;ff;ff;3323,2620,2515,3054,3564,2551,2328,2991;3323,2620,2515,3054,3564,2551,2328,2991;100,100,100,100,100,100,100,100;OOOOOOOO;100;0;701;8
[RECV] BS2DCE notify: TR;3;2940;f;0;ff;6f;3263,2572,2531,3135,0,2563,2758,0;3263,2572,2531,3135,3564,2563,2758,2991;100,100,100,100,96,100,100,96;OOOOTOOT;100;0;671;8
[RECV] BSDC91 notify: TR;3;2929;f;0;ff;7f;2366,3237,3750,2415,2323,3112,3315,0;2366,3237,3750,2415,2323,3112,3315,2473;100,96,100,100,100,100,96,14;OOOOOOOT;98;0;671;8
[RECV] BSDC91 notify: TR;3;2930;f;0;ff;7f;2271,3240,3493,2228,2323,3185,3316,0;2271,3240,3493,2228,2323,3185,3316,2473;100,96,100,100,100,100,96,14;OOOOOOOT;98;0;762;8
[RECV] BS2DCE notify: TR;3;2941;f;0;ff;ff;3255,2552,2431,3079,3400,2428,2598,3070;3255,2552,2431,3079,3400,2428,2598,3070;100,100,100,100,96,100,100,96;OOOOOOOO;99;0;915;8
[RECV] BSDC91 notify: TR;3;2931;f;0;ff;7f;2336,3311,3485,2415,2419,3263,3272,0;2336,3311,3485,2415,2419,3263,3272,2473;100,96,100,100,100,100,96,13;OOOOOOOT;98;0;671;8
[RECV] BS2DCE notify: TR;3;2942;f;0;ff;ff;3262,2518,2535,2981,3142,2502,2586,3099;3262,2518,2535,2981,3142,2502,2586,3099;100,100,100,100,96,100,100,96;OOOOOOOO;99;0;701;8
[RECV] BSDC91 notify: TR;3;2932;f;0;ff;7f;2383,3229,3509,2236,2402,3398,3185,0;2383,3229,3509,2236,2402,3398,3185,2473;100,96,100,100,100,100,96,13;OOOOOOOT;98;0;671;8
[RECV] BS2DCE notify: RXG;1;2942;tag=1;mask=0xff;pc=8;guard=1200;spacing=1000;win=8165;pre=1;slot_to_entry_us=0;slot_to_sched_us=0;slot_to_write_done_us=0;slot_to_txcmd_us=274;slot_to_txdone_us=610;txcmd_to_txdone_us=335;txdone_to_rxstart_us=61;txdone_to_rxend_us=183;rxenable_
[RECV] BS2DCE notify: TR;3;2943;f;0;ff;ff;3287,2553,2534,3112,3386,2454,2584,3175;3287,2553,2534,3112,3386,2454,2584,3175;100,100,100,100,96,100,100,96;OOOOOOOO;99;0;29907;8
[RECV] BSDC91 notify: TR;3;2933;f;0;ff;7f;2446,3321,3462,2331,2507,3375,3060,0;2446,3321,3462,2331,2507,3375,3060,2473;100,96,100,100,100,100,96,12;OOOOOOOT;98;0;762;8
[RECV] BS2DCE notify: CD;1;2943;tag=1;local=0xb101;status=0x02806f02;rxf=0x0766c814;win=8165;pc=8;mask=0xff;resp=7;unexp=0;last_len=20;last_src=0xa107;last_dst=0xb101;last_code=0xe1
[RECV] BS2DCE notify: TR;3;2944;f;0;ff;fb;3291,2527,0,3188,3308,2390,2670,3200;3291,2527,2534,3188,3308,2390,2670,3200;100,100,94,100,100,100,100,100;OOTOOOOO;100;0;15655;8
[RECV] BS2DCE notify: TR;3;2945;f;0;ff;ff;3182,2518,2722,3202,3211,2472,2683,3156;3182,2518,2722,3202,3211,2472,2683,3156;100,100,94,100,100,100,100,100;OOOOOOOO;99;0;701;8
[RECV] BSDC91 notify: RXG;1;2933;tag=2;mask=0xff;pc=8;guard=1200;spacing=1000;win=8165;pre=1;slot_to_entry_us=0;slot_to_sched_us=0;slot_to_write_done_us=0;slot_to_txcmd_us=274;slot_to_txdone_us=610;txcmd_to_txdone_us=335;txdone_to_rxstart_us=61;txdone_to_rxend_us=183;rxenable_
[RECV] BSDC91 notify: CD;1;2933;tag=2;local=0xb102;status=0x00800b02;rxf=0x0776c814;win=8165;pc=8;mask=0xff;resp=7;unexp=0;last_len=20;last_src=0xa106;last_dst=0xb102;last_code=0xe1
[RECV] BS2DCE notify: TR;3;2946;f;0;ff;ff;3191,2623,2736,3262,3165,2390,2662,3147;3191,2623,2736,3262,3165,2390,2662,3147;100,100,94,100,100,100,100,100;OOOOOOOO;99;0;701;8
[RECV] BSDC91 notify: TR;3;2934;f;0;ff;7f;2472,3316,3389,2328,2579,3400,3095,0;2472,3316,3389,2328,2579,3400,3095,2473;100,96,100,100,100,100,96,12;OOOOOOOT;98;0;44128;8
[RECV] BSDC91 notify: TR;3;2935;f;0;ff;7f;2590,3386,3266,2352,2602,3371,3086,0;2590,3386,3266,2352,2602,3371,3086,2473;100,100,100,100,100,100,100,11;OOOOOOOT;100;0;671;8
[RECV] BSDC91 notify: TR;3;2936;f;0;ff;7f;2531,3460,3080,2394,2660,3460,3036,0;2531,3460,3080,2394,2660,3460,3036,2473;100,100,100,100,100,100,100,11;OOOOOOOT;100;0;885;8
[RECV] BS2DCE notify: TR;3;2947;f;0;ff;ff;3150,2668,2683,3352,3073,2477,2673,2735;3150,2668,2683,3352,3073,2477,2673,2735;100,100,95,100,100,100,100,100;OOOOOOOO;99;0;915;8
[RECV] BSDC91 notify: TR;3;2937;f;0;ff;7f;2643,3447,3104,2359,2738,3337,3142,0;2643,3447,3104,2359,2738,3337,3142,2473;100,100,100,100,100,100,100,10;OOOOOOOT;100;0;640;8
[RECV] BS2DCE notify: TR;3;2948;f;0;ff;ff;3133,2615,2723,3263,2970,2522,2668,3302;3133,2615,2723,3263,2970,2522,2668,3302;100,100,95,100,100,100,100,100;OOOOOOOO;99;0;701;8
[RECV] BSDC91 notify: TR;3;2938;f;0;ff;7f;2771,3739,3046,2098,2789,3368,3073,0;2771,3739,3046,2098,2789,3368,3073,2473;100,100,100,100,100,100,100,10;OOOOOOOT;100;0;671;8
[RECV] BS2DCE notify: TR;3;2949;f;0;ff;ff;3038,2490,2755,3188,2779,2468,2689,3290;3038,2490,2755,3188,2779,2468,2689,3290;100,100,95,100,100,100,100,100;OOOOOOOO;99;0;671;8
[RECV] BSDC91 notify: TR;3;2939;f;0;ff;7f;2743,3587,2981,2277,2916,3578,2968,0;2743,3587,2981,2277,2916,3578,2968,2473;100,100,100,100,100,100,100,9;OOOOOOOT;100;0;762;8
[RECV] BS2DCE notify: TR;3;2950;f;0;ff;ff;2976,2539,2836,3455,2923,2710,2667,3276;2976,2539,2836,3455,2923,2710,2667,3276;100,100,95,100,100,100,100,100;OOOOOOOO;99;0;885;8
[RECV] BSDC91 notify: TR;3;2940;f;0;ff;7f;3492,3459,2873,2305,2937,3518,2904,0;3492,3459,2873,2305,2937,3518,2904,2473;100,100,100,100,100,100,100,9;OOOOOOOT;100;0;671;8
[RECV] BS2DCE notify: TR;3;2951;f;0;ff;ff;2896,2502,2798,3068,3091,2587,2666,3254;2896,2502,2798,3068,3091,2587,2666,3254;100,100,95,100,100,100,100,100;OOOOOOOO;99;0;671;8
[RECV] BSDC91 notify: TR;3;2941;f;0;ff;7f;3693,3525,2854,2282,3033,3435,2904,0;3693,3525,2854,2282,3033,3435,2904,2473;100,100,100,100,100,100,100,8;OOOOOOOT;100;0;640;8
[RECV] BS2DCE notify: TR;3;2952;f;0;ff;ff;2912,2487,2876,3400,2959,2617,2699,3227;2912,2487,2876,3400,2959,2617,2699,3227;100,100,96,100,100,100,100,100;OOOOOOOO;99;0;701;8
[RECV] BSDC91 notify: TR;3;2942;f;0;ff;7f;3744,3547,2836,2304,2996,3317,2918,0;3744,3547,2836,2304,2996,3317,2918,2473;100,100,100,100,100,100,100,8;OOOOOOOT;100;0;854;8
[RECV] BS2DCE notify: RXG;1;2952;tag=1;mask=0xff;pc=8;guard=1200;spacing=1000;win=8165;pre=1;slot_to_entry_us=0;slot_to_sched_us=0;slot_to_write_done_us=0;slot_to_txcmd_us=274;slot_to_txdone_us=610;txcmd_to_txdone_us=335;txdone_to_rxstart_us=61;txdone_to_rxend_us=183;rxenable_
[RECV] BS2DCE notify: TR;3;2953;f;0;ff;ff;2842,2584,2974,3633,2807,2495,2833,3186;2842,2584,2974,3633,2807,2495,2833,3186;100,100,96,100,100,100,100,100;OOOOOOOO;99;0;29968;8
[RECV] BSDC91 notify: TR;3;2943;f;0;ff;7f;3114,3445,2702,2288,2857,3314,2754,0;3114,3445,2702,2288,2857,3314,2754,2473;100,100,100,100,100,100,100,8;OOOOOOOT;100;0;671;8
[RECV] BS2DCE notify: CD;1;2953;tag=1;local=0xb101;status=0x02806f02;rxf=0x07a6c814;win=8165;pc=8;mask=0xff;resp=8;unexp=0;last_len=20;last_src=0xa107;last_dst=0xb101;last_code=0xe1
[RECV] BS2DCE notify: TR;3;2954;f;0;ff;ff;2785,2654,3061,3438,2725,2614,2890,3109;2785,2654,3061,3438,2725,2614,2890,3109;100,100,96,100,100,100,100,100;OOOOOOOO;99;0;15686;8
[RECV] BSDC91 notify: RXG;1;2943;tag=2;mask=0xff;pc=8;guard=1200;spacing=1000;win=8165;pre=1;slot_to_entry_us=0;slot_to_sched_us=0;slot_to_write_done_us=0;slot_to_txcmd_us=274;slot_to_txdone_us=610;txcmd_to_txdone_us=335;txdone_to_rxstart_us=61;txdone_to_rxend_us=183;rxenable_
[RECV] BSDC91 notify: CD;1;2943;tag=2;local=0xb102;status=0x00800b02;rxf=0x07c6c814;win=8165;pc=8;mask=0xff;resp=7;unexp=0;last_len=20;last_src=0xa106;last_dst=0xb102;last_code=0xe1
[RECV] BSDC91 notify: TR;3;2944;f;0;ff;7f;3202,3160,2669,2406,2938,3333,2555,0;3202,3160,2669,2406,2938,3333,2555,2473;100,100,100,100,100,100,100,7;OOOOOOOT;100;0;44158;8
[RECV] BS2DCE notify: TR;3;2955;f;0;ff;ff;2762,2655,3183,3216,2631,2547,2872,3111;2762,2655,3183,3216,2631,2547,2872,3111;100,100,96,100,100,100,100,100;OOOOOOOO;99;0;671;8
[RECV] BSDC91 notify: TR;3;2945;f;0;ff;7f;3149,3268,2584,2507,3051,3262,2594,0;3149,3268,2584,2507,3051,3262,2594,2473;100,100,100,100,100,100,100,7;OOOOOOOT;100;0;762;8
[RECV] BS2DCE notify: TR;3;2956;f;0;ff;ff;2791,2668,3220,3079,2625,2700,2834,3031;2791,2668,3220,3079,2625,2700,2834,3031;100,100,96,100,100,100,100,100;OOOOOOOO;99;0;854;8
[RECV] BSDC91 notify: TR;3;2946;f;0;ff;7f;3195,3198,2555,2485,3071,3505,2508,0;3195,3198,2555,2485,3071,3505,2508,2473;100,100,100,100,100,100,100,7;OOOOOOOT;100;0;671;8
[RECV] BSDC91 notify: TR;3;2947;f;0;ff;7f;3175,3148,2586,2422,3199,3329,2383,0;3175,3148,2586,2422,3199,3329,2383,2473;100,100,100,100,100,100,100,6;OOOOOOOT;100;0;671;8
[RECV] BS2DCE notify: TR;3;2957;f;0;ff;ff;2721,2706,3292,3213,2527,2699,2883,3124;2721,2706,3292,3213,2527,2699,2883,3124;100,100,96,100,100,100,100,100;OOOOOOOO;99;0;701;8
[RECV] BS2DCE notify: TR;3;2958;f;0;ff;ff;2692,2738,3249,2818,2527,2700,2945,3057;2692,2738,3249,2818,2527,2700,2945,3057;100,100,96,100,100,100,100,100;OOOOOOOO;99;0;671;8
[RECV] BS2DCE notify: TR;3;2959;f;0;ff;ff;2703,2868,3229,2962,2525,2709,2998,3047;2703,2868,3229,2962,2525,2709,2998,3047;100,100,96,100,100,100,100,100;OOOOOOOO;99;0;915;8
[RECV] BSDC91 notify: TR;3;2948;f;0;ff;7f;3196,3137,2552,2586,3185,3194,2385,0;3196,3137,2552,2586,3185,3194,2385,2473;100,100,100,100,100,100,100,6;OOOOOOOT;100;0;854;8
[RECV] BSDC91 notify: TR;3;2949;f;0;ff;7f;3154,3018,2616,2742,3223,3054,2517,0;3154,3018,2616,2742,3223,3054,2517,2473;100,100,100,100,100,100,100,6;OOOOOOOT;100;0;671;8
[RECV] BS2DCE notify: TR;3;2960;f;0;ff;ff;2612,2868,3205,2877,2432,2753,3050,2941;2612,2868,3205,2877,2432,2753,3050,2941;100,100,100,100,100,100,100,100;OOOOOOOO;100;0;701;8
[RECV] BSDC91 notify: TR;3;2950;f;0;ff;7f;3233,2989,2467,2799,3269,2943,2202,0;3233,2989,2467,2799,3269,2943,2202,2473;100,100,100,100,100,100,100,6;OOOOOOOT;100;0;671;8
[RECV] BSDC91 notify: TR;3;2951;f;0;ff;7f;3261,2845,2469,2870,3307,2989,2224,0;3261,2845,2469,2870,3307,2989,2224,2473;100,100,100,100,100,100,100,5;OOOOOOOT;100;0;762;8
[RECV] BS2DCE notify: TR;3;2961;f;0;ff;ff;2536,2992,3198,2945,2465,2910,3002,2913;2536,2992,3198,2945,2465,2910,3002,2913;100,100,100,100,100,100,100,100;OOOOOOOO;100;0;671;8
[RECV] BS2DCE notify: TR;3;2962;f;0;ff;ff;2564,2998,3239,2712,2429,2824,3129,2871;2564,2998,3239,2712,2429,2824,3129,2871;100,100,100,100,100,100,100,100;OOOOOOOO;100;0;854;8
[RECV] BSDC91 notify: TR;3;2952;f;0;ff;ff;3251,2783,2423,2737,3385,2971,2223,2936;3251,2783,2423,2737,3385,2971,2223,2936;100,100,100,100,100,100,100,11;OOOOOOOO;100;0;701;8
[RECV] BS2DCE notify: RXG;1;2962;tag=1;mask=0xff;pc=8;guard=1200;spacing=1000;win=8165;pre=1;slot_to_entry_us=0;slot_to_sched_us=0;slot_to_write_done_us=0;slot_to_txcmd_us=335;slot_to_txdone_us=701;txcmd_to_txdone_us=366;txdone_to_rxstart_us=61;txdone_to_rxend_us=183;rxenable_
[RECV] BS2DCE notify: TR;3;2963;f;0;ff;ff;2601,3083,3237,2799,2387,2940,3140,2821;2601,3083,3237,2799,2387,2940,3140,2821;100,100,100,100,100,100,100,100;OOOOOOOO;100;0;29846;8
[RECV] BSDC91 notify: TR;3;2953;f;0;ff;7f;3258,2774,2382,2653,3751,2872,2151,0;3258,2774,2382,2653,3751,2872,2151,2936;100,100,100,100,100,100,100,10;OOOOOOOT;100;0;671;8
[RECV] BS2DCE notify: CD;1;2963;tag=1;local=0xb101;status=0x02800f02;rxf=0x0796c814;win=8165;pc=8;mask=0xff;resp=6;unexp=0;last_len=20;last_src=0xa106;last_dst=0xb101;last_code=0xe1
[RECV] BS2DCE notify: TR;3;2964;f;0;ff;6f;2556,3101,3290,2727,0,2958,3125,0;2556,3101,3290,2727,2387,2958,3125,2821;100,100,100,100,95,100,100,95;OOOOTOOT;100;0;15502;8
[RECV] BS2DCE notify: TR;3;2965;f;0;ff;ff;2924,3088,3336,2612,2440,2935,3093,2636;2924,3088,3336,2612,2440,2935,3093,2636;100,100,100,100,95,100,100,95;OOOOOOOO;98;0;915;8
[RECV] BSDC91 notify: RXG;1;2953;tag=2;mask=0xff;pc=8;guard=1200;spacing=1000;win=8165;pre=1;slot_to_entry_us=0;slot_to_sched_us=0;slot_to_write_done_us=0;slot_to_txcmd_us=274;slot_to_txdone_us=610;txcmd_to_txdone_us=335;txdone_to_rxstart_us=61;txdone_to_rxend_us=183;rxenable_
[RECV] BSDC91 notify: CD;1;2953;tag=2;local=0xb102;status=0x00806f02;rxf=0x0776c814;win=8165;pc=8;mask=0xff;resp=8;unexp=0;last_len=20;last_src=0xa107;last_dst=0xb102;last_code=0xe1
[RECV] BSDC91 notify: TR;3;2954;f;0;ff;ff;3295,2765,2383,2808,3498,2805,2176,2927;3295,2765,2383,2808,3498,2805,2176,2927;100,100,100,100,100,100,100,15;OOOOOOOO;100;0;44097;8
[RECV] BSDC91 notify: TR;3;2955;f;0;ff;ff;3359,2716,2340,2828,3736,2723,2071,2894;3359,2716,2340,2828,3736,2723,2071,2894;100,100,100,100,100,100,100,19;OOOOOOOO;100;0;671;8
[RECV] BS2DCE notify: TR;3;2966;f;0;ff;ff;2710,3156,3392,2693,2438,2994,3119,2616;2710,3156,3392,2693,2438,2994,3119,2616;100,100,100,100,95,100,100,95;OOOOOOOO;98;0;701;8
[RECV] BSDC91 notify: TR;3;2956;f;0;ff;7f;3413,2633,2300,3137,3942,2629,2214,0;3413,2633,2300,3137,3942,2629,2214,2894;100,100,100,100,100,100,100,18;OOOOOOOT;100;0;671;8
[RECV] BSDC91 notify: TR;3;2957;f;0;ff;7f;3414,2618,2289,3140,3485,2498,2312,0;3414,2618,2289,3140,3485,2498,2312,2894;100,100,100,100,100,100,100,17;OOOOOOOT;100;0;762;8
[RECV] BS2DCE notify: TR;3;2967;f;0;ff;ff;2582,3120,3320,2600,2524,3065,3118,2568;2582,3120,3320,2600,2524,3065,3118,2568;100,100,100,100,95,100,100,95;OOOOOOOO;98;0;701;8
[RECV] BS2DCE notify: TR;3;2968;f;0;ff;ff;2513,3104,3411,2482,2649,3122,3175,2564;2513,3104,3411,2482,2649,3122,3175,2564;100,100,100,100,96,100,100,96;OOOOOOOO;99;0;854;8
[RECV] BS2DCE notify: TR;3;2969;f;0;ff;ff;2451,3139,3422,2481,2635,3019,3214,2462;2451,3139,3422,2481,2635,3019,3214,2462;100,100,100,100,96,100,100,96;OOOOOOOO;99;0;701;8
[RECV] BSDC91 notify: TR;3;2958;f;0;ff;7f;3442,2553,2222,3278,3449,2436,2194,0;3442,2553,2222,3278,3449,2436,2194,2894;100,100,100,100,100,100,100,16;OOOOOOOT;100;0;671;8
[RECV] BSDC91 notify: TR;3;2959;f;0;ff;7f;3378,2553,2318,3342,3401,2439,2514,0;3378,2553,2318,3342,3401,2439,2514,2894;100,100,100,100,100,100,100,16;OOOOOOOT;100;0;671;8
[RECV] BS2DCE notify: TR;3;2970;f;0;ff;ff;2461,3149,3354,2444,2573,3158,3097,2336;2461,3149,3354,2444,2573,3158,3097,2336;100,100,100,100,96,100,100,96;OOOOOOOO;99;0;701;8
[RECV] BSDC91 notify: TR;3;2960;f;0;ff;7f;3296,2458,2309,3272,3398,2408,2349,0;3296,2458,2309,3272,3398,2408,2349,2894;100,100,100,100,100,100,100,15;OOOOOOOT;100;0;854;8
[RECV] BS2DCE notify: TR;3;2971;f;0;ff;ff;2497,3088,3306,2361,2627,3241,3162,2388;2497,3088,3306,2361,2627,3241,3162,2388;100,100,100,100,96,100,100,96;OOOOOOOO;99;0;793;8
[RECV] BSDC91 notify: TR;3;2961;f;0;ff;7f;3346,2429,2345,3080,3357,2374,2390,0;3346,2429,2345,3080,3357,2374,2390,2894;100,100,100,100,100,100,100,14;OOOOOOOT;100;0;671;8
[RECV] BS2DCE notify: TR;3;2972;f;0;ff;ff;2566,3187,3263,2610,2651,3243,3088,2138;2566,3187,3263,2610,2651,3243,3088,2138;100,100,100,100,96,100,100,96;OOOOOOOO;99;0;701;8
[RECV] BSDC91 notify: TR;3;2962;f;0;ff;7f;3326,2412,2393,3167,3315,2303,2361,0;3326,2412,2393,3167,3315,2303,2361,2894;100,100,100,100,100,100,100,14;OOOOOOOT;100;0;671;8
[RECV] BS2DCE notify: RXG;1;2972;tag=1;mask=0xff;pc=8;guard=1200;spacing=1000;win=8165;pre=1;slot_to_entry_us=0;slot_to_sched_us=0;slot_to_write_done_us=0;slot_to_txcmd_us=274;slot_to_txdone_us=610;txcmd_to_txdone_us=335;txdone_to_rxstart_us=61;txdone_to_rxend_us=183;rxenable_
[RECV] BS2DCE notify: TR;3;2973;f;0;ff;ff;2537,3289,3362,2397,2658,3177,3001,1995;2537,3289,3362,2397,2658,3177,3001,1995;100,100,100,100,96,100,100,96;OOOOOOOO;99;0;29907;8
[RECV] BSDC91 notify: TR;3;2963;f;0;ff;ff;3348,2346,2444,3189,3405,2277,2389,3166;3348,2346,2444,3189,3405,2277,2389,3166;100,100,100,100,100,100,100,17;OOOOOOOO;100;0;701;8
[RECV] BS2DCE notify: CD;1;2973;tag=1;local=0xb101;status=0x02806f02;rxf=0x0776c814;win=8165;pc=8;mask=0xff;resp=7;unexp=0;last_len=20;last_src=0xa107;last_dst=0xb101;last_code=0xe1
[RECV] BS2DCE notify: TR;3;2974;f;0;ff;fb;2568,3214,0,2405,2659,3259,3060,2313;2568,3214,3362,2405,2659,3259,3060,2313;100,100,96,100,96,100,100,96;OOTOOOOO;98;0;15625;8
[RECV] BSDC91 notify: TR;3;2964;f;0;ff;7f;3411,2426,2418,3219,3312,2229,2433,0;3411,2426,2418,3219,3312,2229,2433,3166;100,100,100,100,100,100,100,16;OOOOOOOT;100;0;671;8
[RECV] BS2DCE notify: TR;3;2975;f;0;ff;ff;2693,3263,3264,2385,2677,3238,3043,2384;2693,3263,3264,2385,2677,3238,3043,2384;100,100,96,100,96,100,100,96;OOOOOOOO;98;0;701;8
[RECV] BS2DCE notify: TR;3;2976;f;0;ff;6f;2693,3436,3206,2451,0,3288,3037,0;2693,3436,3206,2451,2677,3288,3037,2384;100,100,100,100,94,100,100,94;OOOOTOOT;100;0;671;8
[RECV] BS2DCE notify: TR;3;2977;f;0;ff;ff;2748,3447,3169,2421,2764,3402,3166,2376;2748,3447,3169,2421,2764,3402,3166,2376;100,100,100,100,94,100,100,94;OOOOOOOO;98;0;915;8
[RECV] BSDC91 notify: RXG;1;2964;tag=2;mask=0xff;pc=8;guard=1200;spacing=1000;win=8165;pre=1;slot_to_entry_us=0;slot_to_sched_us=0;slot_to_write_done_us=0;slot_to_txcmd_us=274;slot_to_txdone_us=610;txcmd_to_txdone_us=335;txdone_to_rxstart_us=61;txdone_to_rxend_us=183;rxenable_
[RECV] BSDC91 notify: CD;1;2964;tag=2;local=0xb102;status=0x00800f02;rxf=0x0776c814;win=8165;pc=8;mask=0xff;resp=7;unexp=0;last_len=20;last_src=0xa106;last_dst=0xb102;last_code=0xe1
[RECV] BSDC91 notify: TR;3;2965;f;0;ff;7f;3257,2414,2532,3175,3164,2285,2382,0;3257,2414,2532,3175,3164,2285,2382,3166;100,100,100,100,100,100,100,16;OOOOOOOT;100;0;44189;8
[RECV] BSDC91 notify: TR;3;2966;f;0;ff;7f;3242,2460,2533,3328,3115,2260,2539,0;3242,2460,2533,3328,3115,2260,2539,3166;100,100,100,100,100,100,100,15;OOOOOOOT;100;0;762;8
[RECV] BSDC91 notify: TR;3;2967;f;0;ff;ff;3190,2557,2610,3235,3109,2392,2554,3185;3190,2557,2610,3235,3109,2392,2554,3185;100,100,100,100,100,100,100,23;OOOOOOOO;90;0;823;8
[RECV] BS2DCE notify: TR;3;2978;f;0;ff;ff;2818,3417,3077,2502,2821,3459,2987,2059;2818,3417,3077,2502,2821,3459,2987,2059;100,100,100,100,94,100,100,94;OOOOOOOO;98;0;701;8
[RECV] BSDC91 notify: TR;3;2968;f;0;ff;7f;3159,2387,2643,3523,3123,2413,2568,0;3159,2387,2643,3523,3123,2413,2568,3185;100,100,100,100,100,100,100,22;OOOOOOOT;100;0;671;8
[RECV] BS2DCE notify: TR;3;2979;f;0;ff;ff;3131,3360,2964,2539,2801,3395,2884,2450;3131,3360,2964,2539,2801,3395,2884,2450;100,100,100,100,95,100,100,95;OOOOOOOO;98;0;701;8
[RECV] BSDC91 notify: TR;3;2969;f;0;ff;7f;2982,2387,2706,3439,3263,2497,2589,0;2982,2387,2706,3439,3263,2497,2589,3185;100,100,100,100,100,100,100,21;OOOOOOOT;100;0;762;8
[RECV] BS2DCE notify: TR;3;2980;f;0;ff;ff;3160,3416,2933,2397,2856,3342,2888,2693;3160,3416,2933,2397,2856,3342,2888,2693;100,100,100,100,95,100,100,95;OOOOOOOO;98;0;854;8
[RECV] BSDC91 notify: TR;3;2970;f;0;ff;7f;3020,2354,2754,3423,3143,2448,2647,0;3020,2354,2754,3423,3143,2448,2647,3185;100,100,100,100,100,100,100,20;OOOOOOOT;100;0;671;8
[RECV] BS2DCE notify: TR;3;2981;f;0;ff;ff;3265,3356,2893,2398,2850,3303,2918,2566;3265,3356,2893,2398,2850,3303,2918,2566;100,100,100,100,95,100,100,95;OOOOOOOO;98;0;701;8
[RECV] BSDC91 notify: TR;3;2971;f;0;ff;7f;2926,2366,2810,3304,3035,2439,2677,0;2926,2366,2810,3304,3035,2439,2677,3185;100,100,100,100,100,100,100,19;OOOOOOOT;100;0;671;8
[RECV] BS2DCE notify: TR;3;2982;f;0;ff;ff;3185,3276,2935,2504,2981,3317,2882,2471;3185,3276,2935,2504,2981,3317,2882,2471;100,100,100,100,95,100,100,95;OOOOOOOO;98;0;701;8
[RECV] BS2DCE notify: RXG;1;2982;tag=1;mask=0xff;pc=8;guard=1200;spacing=1000;win=8165;pre=1;slot_to_entry_us=0;slot_to_sched_us=0;slot_to_write_done_us=0;slot_to_txcmd_us=274;slot_to_txdone_us=610;txcmd_to_txdone_us=335;txdone_to_rxstart_us=61;txdone_to_rxend_us=183;rxenable_
[RECV] BS2DCE notify: TR;3;2983;f;0;ff;ff;3016,3399,2885,2288,2908,3260,2810,2603;3016,3399,2885,2288,2908,3260,2810,2603;100,100,100,100,95,100,100,95;OOOOOOOO;98;0;29968;8
[RECV] BS2DCE notify: CD;1;2983;tag=1;local=0xb101;status=0x02806f02;rxf=0x07b6c814;win=8165;pc=8;mask=0xff;resp=8;unexp=0;last_len=20;last_src=0xa107;last_dst=0xb101;last_code=0xe1
[RECV] BS2DCE notify: TR;3;2984;f;0;ff;ff;3056,3297,2811,2445,2900,3205,2768,2493;3056,3297,2811,2445,2900,3205,2768,2493;100,100,100,100,96,100,100,96;OOOOOOOO;99;0;15472;8
[RECV] BSDC91 notify: TR;3;2972;f;0;ff;7f;2947,2374,2871,3300,2908,2352,2809,0;2947,2374,2871,3300,2908,2352,2809,3185;100,100,100,100,100,100,100,18;OOOOOOOT;100;0;762;8
[RECV] BSDC91 notify: TR;3;2973;f;0;ff;bf;2767,2435,2899,3234,2849,2411,0,3237;2767,2435,2899,3234,2849,2411,2809,3237;100,100,100,100,100,100,95,21;OOOOOOTO;88;0;671;8
[RECV] BSDC91 notify: TR;3;2974;f;0;ff;7f;2690,2460,2972,3187,2769,2516,2754,0;2690,2460,2972,3187,2769,2516,2754,3237;100,100,100,100,100,100,95,20;OOOOOOOT;99;0;671;8
[RECV] BS2DCE notify: TR;3;2985;f;0;ff;ff;3126,3197,2735,2622,3023,3335,2726,2554;3126,3197,2735,2622,3023,3335,2726,2554;100,100,100,100,96,100,100,96;OOOOOOOO;99;0;701;8
[RECV] BS2DCE notify: TR;3;2986;f;0;ff;ff;3045,3144,2747,2783,2995,3250,2653,2326;3045,3144,2747,2783,2995,3250,2653,2326;100,100,100,100,96,100,100,96;OOOOOOOO;99;0;854;8
[RECV] BS2DCE notify: TR;3;2987;f;0;ff;ff;3095,3113,2681,2891,3115,3086,2547,2219;3095,3113,2681,2891,3115,3086,2547,2219;100,100,100,100,96,100,100,96;OOOOOOOO;99;0;671;8
[RECV] BSDC91 notify: RXG;1;2974;tag=2;mask=0xff;pc=8;guard=1200;spacing=1000;win=8165;pre=1;slot_to_entry_us=0;slot_to_sched_us=0;slot_to_write_done_us=0;slot_to_txcmd_us=274;slot_to_txdone_us=610;txcmd_to_txdone_us=335;txdone_to_rxstart_us=61;txdone_to_rxend_us=183;rxenable_
[RECV] BSDC91 notify: CD;1;2974;tag=2;local=0xb102;status=0x00800f02;rxf=0x0766c814;win=8165;pc=8;mask=0xff;resp=7;unexp=0;last_len=20;last_src=0xa106;last_dst=0xb102;last_code=0xe1
[RECV] BSDC91 notify: TR;3;2975;f;0;ff;7f;2644,2474,3045,3223,2643,2545,2843,0;2644,2474,3045,3223,2643,2545,2843,3237;100,100,100,100,100,100,96,20;OOOOOOOT;99;0;44189;8
[RECV] BSDC91 notify: TR;3;2976;f;0;ff;7f;2655,2575,3116,3318,2543,2586,2935,0;2655,2575,3116,3318,2543,2586,2935,3237;100,100,100,100,100,100,96,19;OOOOOOOT;99;0;671;8
[RECV] BSDC91 notify: TR;3;2977;f;0;ff;7f;2633,2556,3208,3326,2455,2602,2931,0;2633,2556,3208,3326,2455,2602,2931,3237;100,100,100,100,100,100,96,18;OOOOOOOT;99;0;793;8
[RECV] BS2DCE notify: TR;3;2988;f;0;ff;ff;3092,3026,2697,2694,3185,3206,2554,2594;3092,3026,2697,2694,3185,3206,2554,2594;100,100,100,100,96,100,100,96;OOOOOOOO;99;0;701;8
[RECV] BSDC91 notify: TR;3;2978;f;0;ff;7f;2639,2667,3282,3020,2456,2701,2993,0;2639,2667,3282,3020,2456,2701,2993,3237;100,100,100,100,100,100,96,17;OOOOOOOT;99;0;1007;8
[RECV] BS2DCE notify: TR;3;2989;f;0;ff;ff;3069,3015,2641,2743,3293,3117,2457,2689;3069,3015,2641,2743,3293,3117,2457,2689;100,100,100,100,96,100,100,96;OOOOOOOO;99;0;823;8
[RECV] BS2DCE notify: TR;3;2990;f;0;ff;ff;3115,2935,2655,2931,3171,3085,2454,2695;3115,2935,2655,2931,3171,3085,2454,2695;100,100,100,100,96,100,100,96;OOOOOOOO;99;0;701;8
[RECV] BS2DCE notify: TR;3;2991;f;0;ff;ff;3166,2996,2647,2777,3301,3039,2254,2856;3166,2996,2647,2777,3301,3039,2254,2856;100,100,100,100,96,100,100,96;OOOOOOOO;99;0;671;8
[RECV] BSDC91 notify: TR;3;2979;f;0;ff;7f;2653,2745,3406,2933,2366,2654,3026,0;2653,2745,3406,2933,2366,2654,3026,3237;100,100,100,100,100,100,96,17;OOOOOOOT;99;0;671;8
[RECV] BSDC91 notify: TR;3;2980;f;0;ff;7f;2563,2810,3438,2944,2346,2658,2987,0;2563,2810,3438,2944,2346,2658,2987,3237;100,100,100,100,100,100,96,16;OOOOOOOT;99;0;671;8
[RECV] BSDC91 notify: TR;3;2981;f;0;ff;7f;2417,2851,3329,2829,2342,2797,3114,0;2417,2851,3329,2829,2342,2797,3114,3237;100,100,100,100,100,100,96,16;OOOOOOOT;99;0;762;8
[RECV] BS2DCE notify: TR;3;2992;f;0;ff;ff;3192,2933,2594,2778,3091,2986,2359,2663;3192,2933,2594,2778,3091,2986,2359,2663;100,100,100,100,100,100,100,100;OOOOOOOO;100;0;854;8
[RECV] BSDC91 notify: TR;3;2982;f;0;ff;7f;2407,2967,3338,2788,2272,2895,3102,0;2407,2967,3338,2788,2272,2895,3102,3237;100,100,100,100,100,100,96,15;OOOOOOOT;99;0;671;8
[RECV] BS2DCE notify: RXG;1;2992;tag=1;mask=0xff;pc=8;guard=1200;spacing=1000;win=8165;pre=1;slot_to_entry_us=0;slot_to_sched_us=0;slot_to_write_done_us=0;slot_to_txcmd_us=335;slot_to_txdone_us=701;txcmd_to_txdone_us=366;txdone_to_rxstart_us=61;txdone_to_rxend_us=213;rxenable_
[RECV] BSDC91 notify: TR;3;2983;f;0;ff;7f;2504,3027,3411,2845,2262,3030,3098,0;2504,3027,3411,2845,2262,3030,3098,3237;100,100,100,100,100,100,100,17;OOOOOOOT;100;0;701;8
[RECV] BS2DCE notify: TR;3;2993;f;0;ff;ff;3194,2905,2614,3052,3295,2956,2428,2900;3194,2905,2614,3052,3295,2956,2428,2900;100,100,100,100,100,100,100,100;OOOOOOOO;100;0;29876;8
[RECV] BS2DCE notify: CD;1;2993;tag=1;local=0xb101;status=0x02806f02;rxf=0x07c6c814;win=8165;pc=8;mask=0xff;resp=8;unexp=0;last_len=20;last_src=0xa107;last_dst=0xb101;last_code=0xe1
[RECV] BS2DCE notify: TR;3;2994;f;0;ff;ff;3206,2873,2584,2956,3365,2936,2216,2879;3206,2873,2584,2956,3365,2936,2216,2879;100,100,100,100,100,100,100,100;OOOOOOOO;100;0;15502;8
[RECV] BS2DCE notify: TR;3;2995;f;0;ff;ff;3237,2805,2624,3055,3325,2833,2286,2874;3237,2805,2624,3055,3325,2833,2286,2874;100,100,100,100,100,100,100,100;OOOOOOOO;100;0;793;8
[RECV] BS2DCE notify: TR;3;2996;f;0;ff;ff;3274,2797,2640,2911,3356,2788,2301,2906;3274,2797,2640,2911,3356,2788,2301,2906;100,100,100,100,100,100,100,100;OOOOOOOO;100;0;701;8
[RECV] BSDC91 notify: TR;3;2984;f;0;ff;7f;2554,3069,3376,2746,2252,3106,3187,0;2554,3069,3376,2746,2252,3106,3187,3237;100,100,100,100,100,100,100,16;OOOOOOOT;100;0;762;8
[RECV] BSDC91 notify: RXG;1;2984;tag=2;mask=0xff;pc=8;guard=1200;spacing=1000;win=8165;pre=1;slot_to_entry_us=0;slot_to_sched_us=0;slot_to_write_done_us=0;slot_to_txcmd_us=274;slot_to_txdone_us=610;txcmd_to_txdone_us=335;txdone_to_rxstart_us=61;txdone_to_rxend_us=183;rxenable_
[RECV] BSDC91 notify: CD;1;2984;tag=2;local=0xb102;status=0x00800b02;rxf=0x07b6c814;win=8165;pc=8;mask=0xff;resp=7;unexp=0;last_len=20;last_src=0xa106;last_dst=0xb102;last_code=0xe1
[RECV] BSDC91 notify: TR;3;2985;f;0;ff;7f;2723,3080,3373,2717,2276,3019,3259,0;2723,3080,3373,2717,2276,3019,3259,3237;100,100,100,100,100,100,100,15;OOOOOOOT;100;0;44128;8
[RECV] BS2DCE notify: TR;3;2997;f;0;ff;ff;3427,2716,2635,3039,3356,2722,2312,2774;3427,2716,2635,3039,3356,2722,2312,2774;100,100,100,100,100,100,100,100;OOOOOOOO;100;0;671;8
[RECV] BSDC91 notify: TR;3;2986;f;0;ff;7f;2515,3080,3362,2640,2370,3035,3184,0;2515,3080,3362,2640,2370,3035,3184,3237;100,100,100,100,100,100,100,15;OOOOOOOT;100;0;671;8
[RECV] BSDC91 notify: TR;3;2987;f;0;ff;7f;2404,3194,3397,2757,2356,3069,3254,0;2404,3194,3397,2757,2356,3069,3254,3237;100,100,100,100,100,100,100,14;OOOOOOOT;100;0;762;8
[RECV] BS2DCE notify: TR;3;2998;f;0;ff;ff;3383,2647,2592,3050,3309,2617,2366,2599;3383,2647,2592,3050,3309,2617,2366,2599;100,100,100,100,100,100,100,100;OOOOOOOO;100;0;854;8
[RECV] BS2DCE notify: TR;3;2999;f;0;ff;ff;3287,2658,2488,2935,3589,2552,2359,3012;3287,2658,2488,2935,3589,2552,2359,3012;100,100,100,100,100,100,100,100;OOOOOOOO;100;0;701;8
[RECV] BSDC91 notify: TR;3;2988;f;0;ff;7f;2359,3175,3320,2556,2318,3146,3194,0;2359,3175,3320,2556,2318,3146,3194,3237;100,100,100,100,100,100,100,13;OOOOOOOT;100;0;671;8
[RECV] BS2DCE notify: TR;3;3000;f;0;ff;ff;3281,2610,2525,2988,3507,2507,2864,3033;3281,2610,2525,2988,3507,2507,2864,3033;100,100,100,100,100,100,100,100;OOOOOOOO;100;0;701;8
[RECV] BSDC91 notify: TR;3;2989;f;0;ff;7f;2321,3280,3846,2376,2312,3093,3349,0;2321,3280,3846,2376,2312,3093,3349,3237;100,100,100,100,100,100,100,13;OOOOOOOT;100;0;671;8
[RECV] BSDC91 notify: TR;3;2990;f;0;ff;7f;2378,3219,3476,2372,2323,3236,3285,0;2378,3219,3476,2372,2323,3236,3285,3237;100,100,100,100,100,100,100,12;OOOOOOOT;100;0;1007;8
[RECV] BS2DCE notify: TR;3;3001;f;0;ff;ff;3245,2558,2541,3076,3495,2454,2671,3093;3245,2558,2541,3076,3495,2454,2671,3093;100,100,100,100,100,100,100,100;OOOOOOOO;100;0;793;8
[RECV] BSDC91 notify: TR;3;2991;f;0;ff;7f;2305,3260,3427,2286,2379,3198,3328,0;2305,3260,3427,2286,2379,3198,3328,3237;100,100,100,100,100,100,100,12;OOOOOOOT;100;0;671;8
[RECV] BS2DCE notify: TR;3;3002;f;0;ff;ff;3304,2633,2551,3049,3382,2431,2591,3161;3304,2633,2551,3049,3382,2431,2591,3161;100,100,100,100,100,100,100,100;OOOOOOOO;100;0;701;8
[RECV] BSDC91 notify: TR;3;2992;f;0;ff;7f;2394,3205,3539,2324,2434,3339,3283,0;2394,3205,3539,2324,2434,3339,3283,3237;100,100,100,100,100,100,100,11;OOOOOOOT;100;0;671;8
[RECV] BS2DCE notify: RXG;1;3002;tag=1;mask=0xff;pc=8;guard=1200;spacing=1000;win=8165;pre=1;slot_to_entry_us=0;slot_to_sched_us=0;slot_to_write_done_us=0;slot_to_txcmd_us=274;slot_to_txdone_us=610;txcmd_to_txdone_us=335;txdone_to_rxstart_us=61;txdone_to_rxend_us=183;rxenable_
[RECV] BSDC91 notify: TR;3;2993;f;0;ff;7f;2437,3308,3452,2254,2516,3416,3135,0;2437,3308,3452,2254,2516,3416,3135,3237;100,100,100,100,100,100,100,11;OOOOOOOT;100;0;762;8
[RECV] BS2DCE notify: TR;3;3003;f;0;ff;ff;3372,2518,2518,2999,3477,2373,2601,3134;3372,2518,2518,2999,3477,2373,2601,3134;100,100,100,100,100,100,100,100;OOOOOOOO;100;0;29907;8
[RECV] BS2DCE notify: CD;1;3003;tag=1;local=0xb101;status=0x02806f02;rxf=0x07b6c814;win=8165;pc=8;mask=0xff;resp=8;unexp=0;last_len=20;last_src=0xa107;last_dst=0xb101;last_code=0xe1
[RECV] BS2DCE notify: TR;3;3004;f;0;ff;ff;3315,2507,2588,3171,3331,2411,2639,3145;3315,2507,2588,3171,3331,2411,2639,3145;100,100,100,100,100,100,100,100;OOOOOOOO;100;0;15594;8
[RECV] BSDC91 notify: TR;3;2994;f;0;ff;7f;2466,3305,3886,2263,2517,3374,3065,0;2466,3305,3886,2263,2517,3374,3065,3237;100,100,100,100,100,100,100,10;OOOOOOOT;100;0;671;8
[RECV] BS2DCE notify: TR;3;3005;f;0;ff;ff;3252,2560,2658,3179,3243,2485,2636,3085;3252,2560,2658,3179,3243,2485,2636,3085;100,100,100,100,100,100,100,100;OOOOOOOO;100;0;701;8
[RECV] BS2DCE notify: TR;3;3006;f;0;ff;ff;3146,2562,2667,3274,3229,2462,2651,3171;3146,2562,2667,3274,3229,2462,2651,3171;100,100,100,100,100,100,100,100;OOOOOOOO;100;0;701;8
[RECV] BSDC91 notify: RXG;1;2994;tag=2;mask=0xff;pc=8;guard=1200;spacing=1000;win=8165;pre=1;slot_to_entry_us=0;slot_to_sched_us=0;slot_to_write_done_us=0;slot_to_txcmd_us=274;slot_to_txdone_us=610;txcmd_to_txdone_us=335;txdone_to_rxstart_us=61;txdone_to_rxend_us=183;rxenable_
[RECV] BSDC91 notify: CD;1;2994;tag=2;local=0xb102;status=0x00800b02;rxf=0x0766c814;win=8165;pc=8;mask=0xff;resp=7;unexp=0;last_len=20;last_src=0xa106;last_dst=0xb102;last_code=0xe1
[RECV] BSDC91 notify: TR;3;2995;f;0;ff;7f;2551,3390,3350,2427,2456,3393,3069,0;2551,3390,3350,2427,2456,3393,3069,3237;100,100,100,100,100,100,100,10;OOOOOOOT;100;0;44219;8
[RECV] BSDC91 notify: TR;3;2996;f;0;ff;7f;2561,3483,3154,2319,2579,3388,3046,0;2561,3483,3154,2319,2579,3388,3046,3237;100,100,100,100,100,100,100,10;OOOOOOOT;100;0;762;8
[RECV] BS2DCE notify: TR;3;3007;f;0;ff;ff;3152,2638,2725,3231,3066,2514,2687,3122;3152,2638,2725,3231,3066,2514,2687,3122;100,100,100,100,100,100,100,100;OOOOOOOO;100;0;793;8
[RECV] BSDC91 notify: TR;3;2997;f;0;ff;7f;2617,3471,3164,2522,2676,3452,2949,0;2617,3471,3164,2522,2676,3452,2949,3237;100,100,100,100,100,100,100,9;OOOOOOOT;100;0;640;8
[RECV] BS2DCE notify: TR;3;3008;f;0;ff;ff;3103,2750,2764,3448,3091,2499,2682,3162;3103,2750,2764,3448,3091,2499,2682,3162;100,100,100,100,100,100,100,100;OOOOOOOO;100;0;701;8
[RECV] BSDC91 notify: TR;3;2998;f;0;ff;7f;2671,3447,3083,2410,2730,3546,3172,0;2671,3447,3083,2410,2730,3546,3172,3237;100,100,100,100,100,100,100,9;OOOOOOOT;100;0;671;8
[RECV] BS2DCE notify: TR;3;3009;f;0;ff;ff;3097,2630,2765,3231,2926,2561,2658,3225;3097,2630,2765,3231,2926,2561,2658,3225;100,100,100,100,100,100,100,100;OOOOOOOO;100;0;671;8
[RECV] BSDC91 notify: TR;3;2999;f;0;ff;7f;2750,3681,2996,2200,2859,3393,3035,0;2750,3681,2996,2200,2859,3393,3035,3237;100,100,100,100,100,100,100,11;OOOOOOOT;100;0;762;8
[RECV] BS2DCE notify: TR;3;3010;f;0;ff;ff;3069,2515,2760,3166,2840,2886,2694,3186;3069,2515,2760,3166,2840,2886,2694,3186;100,100,100,100,100,100,100,100;OOOOOOOO;100;0;854;8
[RECV] BSDC91 notify: TR;3;3000;f;0;ff;7f;2882,3513,2888,2103,2921,3437,2935,0;2882,3513,2888,2103,2921,3437,2935,3237;100,100,100,100,100,100,100,11;OOOOOOOT;100;0;671;8
[RECV] BS2DCE notify: TR;3;3011;f;0;ff;ff;2923,2510,2817,3524,2830,2703,2657,3300;2923,2510,2817,3524,2830,2703,2657,3300;100,100,100,100,100,100,100,100;OOOOOOOO;100;0;701;8
[RECV] BSDC91 notify: TR;3;3001;f;0;ff;7f;3585,3415,2893,2163,2957,3486,2951,0;3585,3415,2893,2163,2957,3486,2951,3237;100,100,100,100,100,100,100,10;OOOOOOOT;100;0;671;8
[RECV] BSDC91 notify: TR;3;3002;f;0;ff;7f;3863,3468,2878,2278,2982,3322,2865,0;3863,3468,2878,2278,2982,3322,2865,3237;100,100,100,100,100,100,100,10;OOOOOOOT;100;0;854;8
[RECV] BS2DCE notify: TR;3;3012;f;0;ff;ff;2963,2529,2861,3219,3027,2567,2748,3033;2963,2529,2861,3219,3027,2567,2748,3033;100,100,100,100,100,100,100,100;OOOOOOOO;100;0;701;8
[RECV] BS2DCE notify: RXG;1;3012;tag=1;mask=0xff;pc=8;guard=1200;spacing=1000;win=8165;pre=1;slot_to_entry_us=0;slot_to_sched_us=0;slot_to_write_done_us=0;slot_to_txcmd_us=274;slot_to_txdone_us=610;txcmd_to_txdone_us=335;txdone_to_rxstart_us=61;txdone_to_rxend_us=183;rxenable_
[RECV] BSDC91 notify: TR;3;3003;f;0;ff;7f;3397,3477,2777,2288,2989,3324,2888,0;3397,3477,2777,2288,2989,3324,2888,3237;100,100,100,100,100,100,100,9;OOOOOOOT;100;0;671;8
[RECV] BS2DCE notify: TR;3;3013;f;0;ff;ff;2890,2525,2920,3435,2960,2508,2682,2727;2890,2525,2920,3435,2960,2508,2682,2727;100,100,100,100,100,100,100,100;OOOOOOOO;100;0;29876;8
[RECV] BS2DCE notify: CD;1;3013;tag=1;local=0xb101;status=0x02806f02;rxf=0x07c6c814;win=8165;pc=8;mask=0xff;resp=8;unexp=0;last_len=20;last_src=0xa107;last_dst=0xb101;last_code=0xe1
[RECV] BS2DCE notify: TR;3;3014;f;0;ff;ff;2809,2592,2990,3371,2851,2576,2812,2967;2809,2592,2990,3371,2851,2576,2812,2967;100,100,100,100,100,100,100,100;OOOOOOOO;100;0;15655;8
[RECV] BSDC91 notify: TR;3;3004;f;0;ff;7f;3294,3536,2728,2259,2898,3362,2618,0;3294,3536,2728,2259,2898,3362,2618,3237;100,100,100,100,100,100,100,9;OOOOOOOT;100;0;671;8
[RECV] BS2DCE notify: TR;3;3015;f;0;ff;ff;2750,2610,3098,3334,2728,2556,2829,2990;2750,2610,3098,3334,2728,2556,2829,2990;100,100,100,100,100,100,100,100;OOOOOOOO;100;0;701;8
[RECV] BS2DCE notify: TR;3;3016;f;0;ff;ff;2747,2652,3242,3079,2666,2589,2891,3110;2747,2652,3242,3079,2666,2589,2891,3110;100,100,100,100,100,100,100,100;OOOOOOOO;100;0;854;8
[RECV] BSDC91 notify: RXG;1;3004;tag=2;mask=0xff;pc=8;guard=1200;spacing=1000;win=8165;pre=1;slot_to_entry_us=0;slot_to_sched_us=0;slot_to_write_done_us=0;slot_to_txcmd_us=274;slot_to_txdone_us=610;txcmd_to_txdone_us=335;txdone_to_rxstart_us=61;txdone_to_rxend_us=183;rxenable_
[RECV] BSDC91 notify: CD;1;3004;tag=2;local=0xb102;status=0x00800f02;rxf=0x0766c814;win=8165;pc=8;mask=0xff;resp=7;unexp=0;last_len=20;last_src=0xa106;last_dst=0xb102;last_code=0xe1
[RECV] BSDC91 notify: TR;3;3005;f;0;ff;7f;3176,3209,2653,2359,2952,3447,2570,0;3176,3209,2653,2359,2952,3447,2570,3237;100,100,100,100,100,100,100,8;OOOOOOOT;100;0;44128;8
[RECV] BSDC91 notify: TR;3;3006;f;0;ff;7f;3162,3160,2520,2445,3086,3469,2528,0;3162,3160,2520,2445,3086,3469,2528,3237;100,100,100,100,100,100,100,8;OOOOOOOT;100;0;671;8
[RECV] BS2DCE notify: TR;3;3017;f;0;ff;ff;2748,2674,3277,3104,2600,2723,2842,2898;2748,2674,3277,3104,2600,2723,2842,2898;100,100,100,100,100,100,100,100;OOOOOOOO;100;0;671;8
[RECV] BSDC91 notify: TR;3;3007;f;0;ff;7f;3211,3161,2540,2506,3088,3407,2400,0;3211,3161,2540,2506,3088,3407,2400,3237;100,100,100,100,100,100,100,8;OOOOOOOT;100;0;671;8
[RECV] BS2DCE notify: TR;3;3018;f;0;ff;ff;2722,2707,3234,2896,2508,2678,2925,3069;2722,2707,3234,2896,2508,2678,2925,3069;100,100,100,100,100,100,100,100;OOOOOOOO;100;0;701;8
[RECV] BSDC91 notify: TR;3;3008;f;0;ff;7f;3186,3095,2467,2640,3159,3144,2459,0;3186,3095,2467,2640,3159,3144,2459,3237;100,100,100,100,100,100,100,7;OOOOOOOT;100;0;1037;8
[RECV] BS2DCE notify: TR;3;3019;f;0;ff;ff;2712,2788,3183,2854,2489,2751,3021,3063;2712,2788,3183,2854,2489,2751,3021,3063;100,100,100,100,100,100,100,100;OOOOOOOO;100;0;732;8
[RECV] BSDC91 notify: TR;3;3009;f;0;ff;7f;3215,3025,2545,2548,3194,3060,2287,0;3215,3025,2545,2548,3194,3060,2287,3237;100,100,100,100,100,100,100,7;OOOOOOOT;100;0;671;8
[RECV] BS2DCE notify: TR;3;3020;f;0;ff;ff;2581,2900,3197,2827,2467,2701,2996,2952;2581,2900,3197,2827,2467,2701,2996,2952;100,100,100,100,100,100,100,100;OOOOOOOO;100;0;671;8
[RECV] BSDC91 notify: TR;3;3010;f;0;ff;7f;3253,3003,2498,2755,3309,2987,2234,0;3253,3003,2498,2755,3309,2987,2234,3237;100,100,100,100,100,100,100,7;OOOOOOOT;100;0;671;8
[RECV] BSDC91 notify: TR;3;3011;f;0;ff;7f;3270,2806,2501,2805,3368,2980,2202,0;3270,2806,2501,2805,3368,2980,2202,3237;100,100,100,100,100,100,100,6;OOOOOOOT;100;0;823;8
[RECV] BS2DCE notify: TR;3;3021;f;0;ff;ff;2550,2887,3219,2879,2467,2833,3042,2906;2550,2887,3219,2879,2467,2833,3042,2906;100,100,100,100,100,100,100,100;OOOOOOOO;100;0;671;8
[RECV] BS2DCE notify: TR;3;3022;f;0;ff;ff;2600,2953,3231,2765,2433,2895,3109,2409;2600,2953,3231,2765,2433,2895,3109,2409;100,100,100,100,100,100,100,100;OOOOOOOO;100;0;762;8
[RECV] BSDC91 notify: TR;3;3012;f;0;ff;7f;3277,2804,2481,2680,3489,2917,2143,0;3277,2804,2481,2680,3489,2917,2143,3237;100,100,100,100,100,100,100,6;OOOOOOOT;100;0;671;8
[RECV] BS2DCE notify: RXG;1;3022;tag=1;mask=0xff;pc=8;guard=1200;spacing=1000;win=8165;pre=1;slot_to_entry_us=0;slot_to_sched_us=0;slot_to_write_done_us=0;slot_to_txcmd_us=335;slot_to_txdone_us=762;txcmd_to_txdone_us=427;txdone_to_rxstart_us=91;txdone_to_rxend_us=213;rxenable_
[RECV] BSDC91 notify: TR;3;3013;f;0;ff;7f;3275,2766,2401,2662,3644,2835,2153,0;3275,2766,2401,2662,3644,2835,2153,3237;100,100,100,100,100,100,100,6;OOOOOOOT;100;0;671;8
[RECV] BS2DCE notify: TR;3;3023;f;0;ff;ff;2606,3080,3282,2828,2397,2939,3123,2374;2606,3080,3282,2828,2397,2939,3123,2374;100,100,100,100,100,100,100,100;OOOOOOOO;100;0;29998;8
[RECV] BS2DCE notify: CD;1;3023;tag=1;local=0xb101;status=0x02806f02;rxf=0x07a6c814;win=8165;pc=8;mask=0xff;resp=8;unexp=0;last_len=20;last_src=0xa107;last_dst=0xb101;last_code=0xe1
[RECV] BS2DCE notify: TR;3;3024;f;0;ff;ff;2588,3134,3307,2667,2416,2989,3079,2649;2588,3134,3307,2667,2416,2989,3079,2649;100,100,100,100,100,100,100,100;OOOOOOOO;100;0;15625;8
[RECV] BSDC91 notify: TR;3;3014;f;0;ff;7f;3364,2749,2422,2752,3585,2729,2106,0;3364,2749,2422,2752,3585,2729,2106,3237;100,100,100,100,100,100,100,6;OOOOOOOT;100;0;915;8
[RECV] BS2DCE notify: TR;3;3025;f;0;ff;ff;2930,3120,3349,2750,2438,3072,3056,2634;2930,3120,3349,2750,2438,3072,3056,2634;100,100,100,100,100,100,100,100;OOOOOOOO;100;0;1068;8
[RECV] BS2DCE notify: TR;3;3026;f;0;ff;ff;2721,3103,3379,2631,2478,2916,3027,2555;2721,3103,3379,2631,2478,2916,3027,2555;100,100,100,100,100,100,100,100;OOOOOOOO;100;0;671;8
[RECV] BSDC91 notify: RXG;1;3014;tag=2;mask=0xff;pc=8;guard=1200;spacing=1000;win=8165;pre=1;slot_to_entry_us=0;slot_to_sched_us=0;slot_to_write_done_us=0;slot_to_txcmd_us=274;slot_to_txdone_us=610;txcmd_to_txdone_us=335;txdone_to_rxstart_us=61;txdone_to_rxend_us=183;rxenable_
[RECV] BSDC91 notify: CD;1;3014;tag=2;local=0xb102;status=0x00800b02;rxf=0x07a6c814;win=8165;pc=8;mask=0xff;resp=7;unexp=0;last_len=20;last_src=0xa106;last_dst=0xb102;last_code=0xe1
[RECV] BSDC91 notify: TR;3;3015;f;0;ff;7f;3363,2734,2319,2889,3696,2726,2186,0;3363,2734,2319,2889,3696,2726,2186,3237;100,100,100,100,100,100,100,5;OOOOOOOT;100;0;44128;8
[RECV] BSDC91 notify: TR;3;3016;f;0;ff;ff;3355,2678,2318,3038,3801,2635,2175,2988;3355,2678,2318,3038,3801,2635,2175,2988;100,100,100,100,100,100,100,11;OOOOOOOO;100;0;671;8
[RECV] BS2DCE notify: TR;3;3027;f;0;ff;ff;2613,3179,3324,2634,2535,3025,3099,2535;2613,3179,3324,2634,2535,3025,3099,2535;100,100,100,100,100,100,100,100;OOOOOOOO;100;0;671;8
[RECV] BSDC91 notify: TR;3;3017;f;0;ff;7f;3403,2576,2308,2911,3387,2587,2253,0;3403,2576,2308,2911,3387,2587,2253,2988;100,100,100,100,100,100,100,10;OOOOOOOT;100;0;823;8
[RECV] BS2DCE notify: TR;3;3028;f;0;ff;ff;2517,3201,3467,2577,2528,3004,3083,2523;2517,3201,3467,2577,2528,3004,3083,2523;100,100,100,100,100,100,100,100;OOOOOOOO;100;0;732;8
[RECV] BSDC91 notify: TR;3;3018;f;0;ff;7f;3402,2637,2269,3417,3465,2524,2303,0;3402,2637,2269,3417,3465,2524,2303,2988;100,100,100,100,100,100,100,10;OOOOOOOT;100;0;671;8
[RECV] BS2DCE notify: TR;3;3029;f;0;ff;ff;2529,3140,3399,2555,2657,3013,3164,2485;2529,3140,3399,2555,2657,3013,3164,2485;100,100,100,100,100,100,100,100;OOOOOOOO;100;0;671;8
[RECV] BSDC91 notify: TR;3;3019;f;0;ff;7f;3409,2544,2269,3152,3414,2452,2090,0;3409,2544,2269,3152,3414,2452,2090,2988;100,100,100,100,100,100,100,9;OOOOOOOT;100;0;671;8
[RECV] BS2DCE notify: TR;3;3030;f;0;ff;ff;2501,3139,3420,2514,2610,3101,3238,2477;2501,3139,3420,2514,2610,3101,3238,2477;100,100,100,100,100,100,100,100;OOOOOOOO;100;0;701;8
[RECV] BSDC91 notify: TR;3;3020;f;0;ff;7f;3364,2479,2272,3289,3365,2450,2451,0;3364,2479,2272,3289,3365,2450,2451,2988;100,100,100,100,100,100,100,9;OOOOOOOT;100;0;915;8
[RECV] BSDC91 notify: TR;3;3021;f;0;ff;7f;3352,2447,2354,3314,3413,2423,2453,0;3352,2447,2354,3314,3413,2423,2453,2988;100,100,100,100,100,100,100,8;OOOOOOOT;100;0;671;8
[RECV] BS2DCE notify: TR;3;3031;f;0;ff;ff;2465,3169,3352,2508,2632,3271,3112,2410;2465,3169,3352,2508,2632,3271,3112,2410;100,100,100,100,100,100,100,100;OOOOOOOO;100;0;793;8
[RECV] BS2DCE notify: TR;3;3032;f;0;ff;ff;2491,3165,3319,2485,2687,3222,3051,2081;2491,3165,3319,2485,2687,3222,3051,2081;100,100,100,100,100,100,100,100;OOOOOOOO;100;0;701;8
[RECV] BSDC91 notify: TR;3;3022;f;0;ff;7f;3356,2406,2371,3115,3357,2293,2334,0;3356,2406,2371,3115,3357,2293,2334,2988;100,100,100,100,100,100,100,8;OOOOOOOT;100;0;671;8
[RECV] BS2DCE notify: RXG;1;3032;tag=1;mask=0xff;pc=8;guard=1200;spacing=1000;win=8165;pre=1;slot_to_entry_us=0;slot_to_sched_us=0;slot_to_write_done_us=0;slot_to_txcmd_us=274;slot_to_txdone_us=610;txcmd_to_txdone_us=335;txdone_to_rxstart_us=61;txdone_to_rxend_us=183;rxenable_
[RECV] BS2DCE notify: TR;3;3033;f;0;ff;ff;2508,3246,3309,2381,2662,3213,3084,2292;2508,3246,3309,2381,2662,3213,3084,2292;100,100,100,100,100,100,100,100;OOOOOOOO;100;0;29876;8
[RECV] BSDC91 notify: TR;3;3023;f;0;ff;7f;3345,2334,2381,3217,3421,2346,2340,0;3345,2334,2381,3217,3421,2346,2340,2988;100,100,100,100,100,100,100,8;OOOOOOOT;100;0;823;8
[RECV] BS2DCE notify: TR;3;3034;f;0;ff;ff;2567,3174,3422,2360,2673,3237,3047,2338;2567,3174,3422,2360,2673,3237,3047,2338;100,100,100,100,100,100,100,100;OOOOOOOO;100;0;732;8
[RECV] BSDC91 notify: TR;3;3024;f;0;ff;7f;3367,2450,2438,3249,3287,2205,2376,0;3367,2450,2438,3249,3287,2205,2376,2988;100,100,100,100,100,100,100,7;OOOOOOOT;100;0;671;8
[RECV] BS2DCE notify: CD;1;3034;tag=1;local=0xb101;status=0x02806f02;rxf=0x0766c814;win=8165;pc=8;mask=0xff;resp=8;unexp=0;last_len=20;last_src=0xa107;last_dst=0xb101;last_code=0xe1
[RECV] BS2DCE notify: TR;3;3035;f;0;ff;ff;2674,3234,3309,2466,2643,3372,3012,2392;2674,3234,3309,2466,2643,3372,3012,2392;100,100,100,100,100,100,100,100;OOOOOOOO;100;0;15655;8
[RECV] BS2DCE notify: TR;3;3036;f;0;ff;ff;2725,3439,3235,2436,2773,3329,3048,2376;2725,3439,3235,2436,2773,3329,3048,2376;100,100,100,100,100,100,100,100;OOOOOOOO;100;0;671;8
[RECV] BSDC91 notify: RXG;1;3024;tag=2;mask=0xff;pc=8;guard=1200;spacing=1000;win=8165;pre=1;slot_to_entry_us=0;slot_to_sched_us=0;slot_to_write_done_us=0;slot_to_txcmd_us=274;slot_to_txdone_us=610;txcmd_to_txdone_us=335;txdone_to_rxstart_us=61;txdone_to_rxend_us=183;rxenable_
[RECV] BSDC91 notify: CD;1;3024;tag=2;local=0xb102;status=0x00800b02;rxf=0x07c6c814;win=8165;pc=8;mask=0xff;resp=7;unexp=0;last_len=20;last_src=0xa106;last_dst=0xb102;last_code=0xe1
[RECV] BSDC91 notify: TR;3;3025;f;0;ff;7f;3304,2455,2565,3275,3189,2306,2507,0;3304,2455,2565,3275,3189,2306,2507,2988;100,100,100,100,100,100,100,7;OOOOOOOT;100;0;44189;8
[RECV] BSDC91 notify: TR;3;3026;f;0;ff;7f;3244,2489,2558,3282,3158,2321,2518,0;3244,2489,2558,3282,3158,2321,2518,2988;100,100,100,100,100,100,100,7;OOOOOOOT;100;0;854;8
[RECV] BS2DCE notify: TR;3;3037;f;0;ff;ff;2747,3485,3100,2465,2728,3441,3083,2480;2747,3485,3100,2465,2728,3441,3083,2480;100,100,100,100,100,100,100,100;OOOOOOOO;100;0;732;8
[RECV] BSDC91 notify: TR;3;3027;f;0;ff;ff;3173,2583,2629,3300,3098,2301,2619,3313;3173,2583,2629,3300,3098,2301,2619,3313;100,100,100,100,100,100,100,10;OOOOOOOO;100;0;701;8
[RECV] BS2DCE notify: TR;3;3038;f;0;ff;ff;2788,3415,3049,2339,2839,3465,3010,2115;2788,3415,3049,2339,2839,3465,3010,2115;100,100,100,100,100,100,100,100;OOOOOOOO;100;0;701;8
[RECV] BS2DCE notify: TR;3;3039;f;0;ff;ff;2869,3362,2981,2463,2816,3482,2887,2434;2869,3362,2981,2463,2816,3482,2887,2434;100,100,100,100,100,100,100,100;OOOOOOOO;100;0;671;8
[RECV] BSDC91 notify: TR;3;3028;f;0;ff;7f;3175,2364,2653,3248,3048,2387,2559,0;3175,2364,2653,3248,3048,2387,2559,3313;100,100,100,100,100,100,100,10;OOOOOOOT;100;0;671;8
[RECV] BSDC91 notify: TR;3;3029;f;0;ff;7f;3057,2373,2731,3376,3380,2939,2557,0;3057,2373,2731,3376,3380,2939,2557,3313;100,100,100,100,100,100,100,9;OOOOOOOT;100;0;823;8
[RECV] BS2DCE notify: TR;3;3040;f;0;ff;ff;3167,3422,2899,2377,2809,3300,2933,2677;3167,3422,2899,2377,2809,3300,2933,2677;100,100,100,100,100,100,100,100;OOOOOOOO;100;0;732;8
[RECV] BS2DCE notify: TR;3;3041;f;0;ff;ff;3210,3403,2937,2325,2843,3347,2896,2605;3210,3403,2937,2325,2843,3347,2896,2605;100,100,100,100,100,100,100,100;OOOOOOOO;100;0;701;8
[RECV] BSDC91 notify: TR;3;3030;f;0;ff;7f;3022,2391,2789,3466,3219,2458,2568,0;3022,2391,2789,3466,3219,2458,2568,3313;100,100,100,100,100,100,100,9;OOOOOOOT;100;0;671;8
[RECV] BSDC91 notify: TR;3;3031;f;0;ff;7f;2960,2374,2769,3291,3119,2412,2712,0;2960,2374,2769,3291,3119,2412,2712,3313;100,100,100,100,100,100,100,11;OOOOOOOT;100;0;671;8
[RECV] BS2DCE notify: TR;3;3042;f;0;ff;ff;3230,3250,2889,2469,2961,3262,2870,2567;3230,3250,2889,2469,2961,3262,2870,2567;100,100,100,100,100,100,100,100;OOOOOOOO;100;0;671;8
[RECV] BSDC91 notify: TR;3;3032;f;0;ff;7f;2953,2375,2808,3170,2987,2391,2718,0;2953,2375,2808,3170,2987,2391,2718,3313;100,100,100,100,100,100,100,11;OOOOOOOT;100;0;854;8
[RECV] BS2DCE notify: RXG;1;3042;tag=1;mask=0xff;pc=8;guard=1200;spacing=1000;win=8165;pre=1;slot_to_entry_us=0;slot_to_sched_us=0;slot_to_write_done_us=0;slot_to_txcmd_us=274;slot_to_txdone_us=610;txcmd_to_txdone_us=335;txdone_to_rxstart_us=61;txdone_to_rxend_us=183;rxenable_
[RECV] BS2DCE notify: TR;3;3043;f;0;ff;ff;3187,3338,2909,2412,2866,3238,2799,2164;3187,3338,2909,2412,2866,3238,2799,2164;100,100,100,100,100,100,100,100;OOOOOOOO;100;0;29876;8
[RECV] BS2DCE notify: TR;3;3044;f;0;ff;ff;3191,3351,2816,2522,2880,3181,2774,2587;3191,3351,2816,2522,2880,3181,2774,2587;100,100,100,100,100,100,100,100;OOOOOOOO;100;0;701;8
[RECV] BSDC91 notify: TR;3;3033;f;0;ff;ff;2839,2378,2841,3198,2877,2363,2762,3301;2839,2378,2841,3198,2877,2363,2762,3301;100,100,100,100,100,100,100,15;OOOOOOOO;100;0;701;8
[RECV] BSDC91 notify: TR;3;3034;f;0;ff;7f;2747,2469,2964,3328,2782,2480,2780,0;2747,2469,2964,3328,2782,2480,2780,3301;100,100,100,100,100,100,100,15;OOOOOOOT;100;0;671;8
[RECV] BS2DCE notify: TR;3;3045;f;0;ff;ff;3076,3186,2790,2543,2936,3192,2712,2580;3076,3186,2790,2543,2936,3192,2712,2580;100,100,100,100,100,100,100,100;OOOOOOOO;100;0;671;8
[RECV] BS2DCE notify: CD;1;3045;tag=1;local=0xb101;status=0x02800f02;rxf=0x0776c814;win=8165;pc=8;mask=0xff;resp=6;unexp=0;last_len=20;last_src=0xa106;last_dst=0xb101;last_code=0xe1
[RECV] BS2DCE notify: TR;3;3046;f;0;ff;7b;3061,3201,0,2676,3009,3214,2683,0;3061,3201,2790,2676,3009,3214,2683,2580;100,100,95,100,100,100,100,95;OOTOOOOT;100;0;15472;8
[RECV] BS2DCE notify: TR;3;3047;f;0;ff;ff;3058,3098,2744,2634,3021,3139,2549,2661;3058,3098,2744,2634,3021,3139,2549,2661;100,100,95,100,100,100,100,95;OOOOOOOO;98;0;701;8
[RECV] BS2DCE notify: TR;3;3048;f;0;ff;ff;3116,3090,2714,2904,3158,3123,2547,2090;3116,3090,2714,2904,3158,3123,2547,2090;100,100,96,100,100,100,100,96;OOOOOOOO;99;0;701;8
[RECV] BSDC91 notify: RXG;1;3034;tag=2;mask=0xff;pc=8;guard=1200;spacing=1000;win=8165;pre=1;slot_to_entry_us=0;slot_to_sched_us=0;slot_to_write_done_us=0;slot_to_txcmd_us=274;slot_to_txdone_us=610;txcmd_to_txdone_us=335;txdone_to_rxstart_us=61;txdone_to_rxend_us=183;rxenable_
[RECV] BSDC91 notify: CD;1;3034;tag=2;local=0xb102;status=0x00800f02;rxf=0x07a6c814;win=8165;pc=8;mask=0xff;resp=7;unexp=0;last_len=20;last_src=0xa106;last_dst=0xb102;last_code=0xe1
[RECV] BSDC91 notify: TR;3;3035;f;0;ff;7f;2656,2514,3034,3275,2708,2552,2836,0;2656,2514,3034,3275,2708,2552,2836,3301;100,100,100,100,100,100,100,14;OOOOOOOT;100;0;44219;8
[RECV] BSDC91 notify: TR;3;3036;f;0;ff;7f;2636,2520,3090,3273,2630,2595,2898,0;2636,2520,3090,3273,2630,2595,2898,3301;100,100,100,100,100,100,100,13;OOOOOOOT;100;0;671;8
[RECV] BSDC91 notify: TR;3;3037;f;0;ff;ef;2618,2609,3122,3213,0,2539,2870,3066;2618,2609,3122,3213,2630,2539,2870,3066;100,100,100,100,95,100,100,17;OOOOTOOO;100;0;671;8
[RECV] BS2DCE notify: TR;3;3049;f;0;ff;ff;3090,2984,2699,2669,3304,3179,2522,2694;3090,2984,2699,2669,3304,3179,2522,2694;100,100,96,100,100,100,100,96;OOOOOOOO;99;0;732;8
[RECV] BSDC91 notify: TR;3;3038;f;0;ff;7f;2583,2628,3208,3075,2493,2655,2960,0;2583,2628,3208,3075,2493,2655,2960,3066;100,100,100,100,95,100,100,16;OOOOOOOT;99;0;823;8
[RECV] BS2DCE notify: TR;3;3050;f;0;ff;ff;3122,2973,2597,2711,3186,3113,2404,2398;3122,2973,2597,2711,3186,3113,2404,2398;100,100,96,100,100,100,100,96;OOOOOOOO;99;0;701;8
[RECV] BSDC91 notify: TR;3;3039;f;0;ff;7f;2625,2707,3384,2860,2416,2651,3022,0;2625,2707,3384,2860,2416,2651,3022,3066;100,100,100,100,96,100,100,16;OOOOOOOT;99;0;671;8
[RECV] BSDC91 notify: TR;3;3040;f;0;ff;7f;2607,2744,3397,2842,2356,2709,3047,0;2607,2744,3397,2842,2356,2709,3047,3066;100,100,100,100,96,100,100,15;OOOOOOOT;99;0;671;8
[RECV] BS2DCE notify: TR;3;3051;f;0;ff;ff;3179,2983,2620,2937,3279,2986,2360,2819;3179,2983,2620,2937,3279,2986,2360,2819;100,100,96,100,100,100,100,96;OOOOOOOO;99;0;671;8
[RECV] BS2DCE notify: TR;3;3052;f;0;ff;ff;3142,3031,2651,3048,3048,3042,2352,2891;3142,3031,2651,3048,3048,3042,2352,2891;100,100,96,100,100,100,100,96;OOOOOOOO;99;0;732;8
[RECV] BSDC91 notify: TR;3;3041;f;0;ff;7f;2455,2883,3416,2851,2337,2702,3082,0;2455,2883,3416,2851,2337,2702,3082,3066;100,100,100,100,96,100,100,14;OOOOOOOT;99;0;823;8
[RECV] BSDC91 notify: TR;3;3042;f;0;ff;7f;2441,2972,3326,2891,2238,2871,3199,0;2441,2972,3326,2891,2238,2871,3199,3066;100,100,100,100,96,100,100,14;OOOOOOOT;99;0;671;8
[RECV] BS2DCE notify: RXG;1;3052;tag=1;mask=0xff;pc=8;guard=1200;spacing=1000;win=8165;pre=1;slot_to_entry_us=0;slot_to_sched_us=0;slot_to_write_done_us=0;slot_to_txcmd_us=274;slot_to_txdone_us=610;txcmd_to_txdone_us=335;txdone_to_rxstart_us=152;txdone_to_rxend_us=274;rxenable
[RECV] BS2DCE notify: TR;3;3053;f;0;ff;ff;3198,2873,2628,3382,3304,2998,2420,2458;3198,2873,2628,3382,3304,2998,2420,2458;100,100,96,100,100,100,100,96;OOOOOOOO;99;0;29937;8
[RECV] BSDC91 notify: TR;3;3043;f;0;ff;7f;2501,3034,3384,3024,2281,2970,3054,0;2501,3034,3384,3024,2281,2970,3054,3066;100,100,100,100,96,100,100,13;OOOOOOOT;99;0;671;8
[RECV] BS2DCE notify: TR;3;3054;f;0;ff;ff;3193,2853,2586,3030,3351,2884,2288,2544;3193,2853,2586,3030,3351,2884,2288,2544;100,100,96,100,100,100,100,96;OOOOOOOO;99;0;701;8
[RECV] BS2DCE notify: TR;3;3055;f;0;ff;ff;3206,2788,2579,3012,3405,2824,2284,2512;3206,2788,2579,3012,3405,2824,2284,2512;100,100,96,100,100,100,100,96;OOOOOOOO;99;0;732;8
[RECV] BSDC91 notify: TR;3;3044;f;0;ff;7f;2564,3103,3364,2832,2329,2993,3173,0;2564,3103,3364,2832,2329,2993,3173,3066;100,100,100,100,96,100,100,13;OOOOOOOT;99;0;823;8
[RECV] BS2DCE notify: CD;1;3055;tag=1;local=0xb101;status=0x02806f02;rxf=0x0796c814;win=8165;pc=8;mask=0xff;resp=8;unexp=0;last_len=20;last_src=0xa107;last_dst=0xb101;last_code=0xe1
[RECV] BS2DCE notify: TR;3;3056;f;0;ff;ff;3269,2766,2644,3014,3345,2788,2291,2916;3269,2766,2644,3014,3345,2788,2291,2916;100,100,100,100,100,100,100,100;OOOOOOOO;100;0;15472;8
[RECV] BSDC91 notify: RXG;1;3044;tag=2;mask=0xff;pc=8;guard=1200;spacing=1000;win=8165;pre=1;slot_to_entry_us=0;slot_to_sched_us=0;slot_to_write_done_us=0;slot_to_txcmd_us=274;slot_to_txdone_us=610;txcmd_to_txdone_us=335;txdone_to_rxstart_us=61;txdone_to_rxend_us=183;rxenable_
[RECV] BS2DCE notify: TR;3;3057;f;0;ff;ff;3357,2740,2725,3007,3410,2714,2352,2879;3357,2740,2725,3007,3410,2714,2352,2879;100,100,100,100,100,100,100,100;OOOOOOOO;100;0;701;8
[RECV] BSDC91 notify: CD;1;3044;tag=2;local=0xb102;status=0x00800b02;rxf=0x0796c814;win=8165;pc=8;mask=0xff;resp=7;unexp=0;last_len=20;last_src=0xa106;last_dst=0xb102;last_code=0xe1
[RECV] BSDC91 notify: TR;3;3045;f;0;ff;7f;2651,3054,3391,2648,2264,3022,3281,0;2651,3054,3391,2648,2264,3022,3281,3066;100,100,100,100,96,100,100,12;OOOOOOOT;99;0;44128;8
[RECV] BSDC91 notify: TR;3;3046;f;0;ff;7f;2539,3109,3336,2685,2342,3042,3216,0;2539,3109,3336,2685,2342,3042,3216,3066;100,100,100,100,96,100,100,12;OOOOOOOT;99;0;671;8
[RECV] BSDC91 notify: TR;3;3047;f;0;ff;7f;2456,3116,3353,2579,2401,3057,3186,0;2456,3116,3353,2579,2401,3057,3186,3066;100,100,100,100,100,100,100,11;OOOOOOOT;100;0;823;8
[RECV] BS2DCE notify: TR;3;3058;f;0;ff;ff;3322,2670,2557,3051,3428,2631,2319,2553;3322,2670,2557,3051,3428,2631,2319,2553;100,100,100,100,100,100,100,100;OOOOOOOO;100;0;762;8
[RECV] BSDC91 notify: TR;3;3048;f;0;ff;7f;2346,3157,3508,2514,2298,3045,3227,0;2346,3157,3508,2514,2298,3045,3227,3066;100,100,100,100,100,100,100,11;OOOOOOOT;100;0;671;8
[RECV] BS2DCE notify: TR;3;3059;f;0;ff;ff;3332,2621,2559,3004,3726,2559,2389,2934;3332,2621,2559,3004,3726,2559,2389,2934;100,100,100,100,100,100,100,100;OOOOOOOO;100;0;671;8
[RECV] BS2DCE notify: TR;3;3060;f;0;ff;ff;3328,2590,2509,3000,3580,2555,2160,2929;3328,2590,2509,3000,3580,2555,2160,2929;100,100,100,100,100,100,100,100;OOOOOOOO;100;0;701;8
[RECV] BSDC91 notify: TR;3;3049;f;0;ff;7f;2365,3224,3282,2451,2340,3182,3126,0;2365,3224,3282,2451,2340,3182,3126,3066;100,100,100,100,100,100,100,10;OOOOOOOT;100;0;671;8
[RECV] BSDC91 notify: TR;3;3050;f;0;ff;7f;2348,3247,3564,2342,2280,3097,3315,0;2348,3247,3564,2342,2280,3097,3315,3066;100,100,100,100,100,100,100,10;OOOOOOOT;100;0;823;8
[RECV] BS2DCE notify: TR;3;3061;f;0;ff;ff;3266,2568,2504,3018,3422,2541,2749,3040;3266,2568,2504,3018,3422,2541,2749,3040;100,100,100,100,100,100,100,100;OOOOOOOO;100;0;732;8
[RECV] BSDC91 notify: TR;3;3051;f;0;ff;7f;2351,3288,3432,2391,2368,3170,3306,0;2351,3288,3432,2391,2368,3170,3306,3066;100,100,100,100,100,100,100,9;OOOOOOOT;100;0;640;8
[RECV] BS2DCE notify: TR;3;3062;f;0;ff;ff;3295,2581,2531,3172,3383,2477,2654,2890;3295,2581,2531,3172,3383,2477,2654,2890;100,100,100,100,100,100,100,100;OOOOOOOO;100;0;671;8
[RECV] BSDC91 notify: TR;3;3052;f;0;ff;7f;2374,3231,3484,2270,2451,3315,3260,0;2374,3231,3484,2270,2451,3315,3260,3066;100,100,100,100,100,100,100,9;OOOOOOOT;100;0;671;8
[RECV] BS2DCE notify: RXG;1;3062;tag=1;mask=0xff;pc=8;guard=1200;spacing=1000;win=8165;pre=1;slot_to_entry_us=0;slot_to_sched_us=0;slot_to_write_done_us=0;slot_to_txcmd_us=274;slot_to_txdone_us=610;txcmd_to_txdone_us=335;txdone_to_rxstart_us=61;txdone_to_rxend_us=183;rxenable_
[RECV] BS2DCE notify: TR;3;3063;f;0;ff;ff;3236,2502,2530,3134,3486,2385,2627,3013;3236,2502,2530,3134,3486,2385,2627,3013;100,100,100,100,100,100,100,100;OOOOOOOO;100;0;29876;8
[RECV] BS2DCE notify: TR;3;3064;f;0;ff;ff;3335,2574,2581,3188,3351,2415,2581,3116;3335,2574,2581,3188,3351,2415,2581,3116;100,100,100,100,100,100,100,100;OOOOOOOO;100;0;762;8
[RECV] BSDC91 notify: TR;3;3053;f;0;ff;7f;2432,3299,3407,2390,2457,3399,3085,0;2432,3299,3407,2390,2457,3399,3085,3066;100,100,100,100,100,100,100,8;OOOOOOOT;100;0;823;8
[RECV] BSDC91 notify: TR;3;3054;f;0;ff;ff;2473,3321,3644,2203,2475,3366,3090,2176;2473,3321,3644,2203,2475,3366,3090,2176;100,100,100,100,100,100,100,12;OOOOOOOO;100;0;701;8
[RECV] BS2DCE notify: TR;3;3065;f;0;ff;ff;3307,2490,2626,3235,3191,2488,2636,3119;3307,2490,2626,3235,3191,2488,2636,3119;100,100,100,100,100,100,100,100;OOOOOOOO;100;0;671;8
[RECV] BS2DCE notify: CD;1;3065;tag=1;local=0xb101;status=0x02806f02;rxf=0x0766c814;win=8165;pc=8;mask=0xff;resp=8;unexp=0;last_len=20;last_src=0xa107;last_dst=0xb101;last_code=0xe1
[RECV] BS2DCE notify: TR;3;3066;f;0;ff;ff;3159,2537,2637,3253,3168,2471,2637,3096;3159,2537,2637,3253,3168,2471,2637,3096;100,100,100,100,100,100,100,100;OOOOOOOO;100;0;15472;8
[RECV] BSDC91 notify: RXG;1;3054;tag=2;mask=0xff;pc=8;guard=1200;spacing=1000;win=8165;pre=1;slot_to_entry_us=0;slot_to_sched_us=0;slot_to_write_done_us=0;slot_to_txcmd_us=274;slot_to_txdone_us=610;txcmd_to_txdone_us=335;txdone_to_rxstart_us=61;txdone_to_rxend_us=183;rxenable_
[RECV] BSDC91 notify: CD;1;3054;tag=2;local=0xb102;status=0x00800b02;rxf=0x0776c814;win=8165;pc=8;mask=0xff;resp=7;unexp=0;last_len=20;last_src=0xa106;last_dst=0xb102;last_code=0xe1
[RECV] BSDC91 notify: TR;3;3055;f;0;ff;7f;2562,3330,3282,2293,2557,3351,2994,0;2562,3330,3282,2293,2557,3351,2994,2176;100,100,100,100,100,100,100,12;OOOOOOOT;100;0;44189;8
[RECV] BSDC91 notify: TR;3;3056;f;0;ff;7f;2556,3479,3195,2340,2559,3401,2979,0;2556,3479,3195,2340,2559,3401,2979,2176;100,100,100,100,100,100,100,11;OOOOOOOT;100;0;854;8
[RECV] BS2DCE notify: TR;3;3067;f;0;ff;ff;3186,2643,2701,3381,3052,2407,2682,3101;3186,2643,2701,3381,3052,2407,2682,3101;100,100,100,100,100,100,100,100;OOOOOOOO;100;0;732;8
[RECV] BSDC91 notify: TR;3;3057;f;0;ff;7f;2613,3433,3154,2489,2671,3458,3605,0;2613,3433,3154,2489,2671,3458,3605,2176;100,100,100,100,100,100,100,11;OOOOOOOT;100;0;671;8
[RECV] BS2DCE notify: TR;3;3068;f;0;ff;ff;3109,2700,2711,3393,3067,2528,2709,3242;3109,2700,2711,3393,3067,2528,2709,3242;100,100,100,100,100,100,100,100;OOOOOOOO;100;0;671;8
[RECV] BSDC91 notify: TR;3;3058;f;0;ff;7f;2662,3506,3059,2247,2807,3344,3090,0;2662,3506,3059,2247,2807,3344,3090,2176;100,100,100,100,100,100,100,10;OOOOOOOT;100;0;671;8
[RECV] BS2DCE notify: TR;3;3069;f;0;ff;ff;3093,2540,2712,3184,3094,2521,2644,3266;3093,2540,2712,3184,3094,2521,2644,3266;100,100,100,100,100,100,100,100;OOOOOOOO;100;0;671;8
[RECV] BSDC91 notify: TR;3;3059;f;0;ff;7f;2734,3732,2943,2193,2898,3403,2987,0;2734,3732,2943,2193,2898,3403,2987,2176;100,100,100,100,100,100,100,10;OOOOOOOT;100;0;823;8
[RECV] BS2DCE notify: TR;3;3070;f;0;ff;ff;3043,2588,2789,3239,3202,2718,2589,3274;3043,2588,2789,3239,3202,2718,2589,3274;100,100,100,100,100,100,100,100;OOOOOOOO;100;0;762;8
[RECV] BSDC91 notify: TR;3;3060;f;0;ff;ff;2835,3472,2934,2189,2977,3430,2968,2406;2835,3472,2934,2189,2977,3430,2968,2406;100,100,100,100,100,100,100,13;OOOOOOOO;100;0;701;8
[RECV] BS2DCE notify: TR;3;3071;f;0;ff;ff;2944,2555,2833,3606,3281,2633,2730,3276;2944,2555,2833,3606,3281,2633,2730,3276;100,100,100,100,100,100,100,100;OOOOOOOO;100;0;701;8
[RECV] BSDC91 notify: TR;3;3061;f;0;ff;7f;3403,3391,2878,2255,3076,3514,2929,0;3403,3391,2878,2255,3076,3514,2929,2406;100,100,100,100,100,100,100,12;OOOOOOOT;100;0;671;8
[RECV] BS2DCE notify: TR;3;3072;f;0;ff;ff;2936,2517,2878,3177,2963,2541,2661,3235;2936,2517,2878,3177,2963,2541,2661,3235;100,100,100,100,100,100,100,100;OOOOOOOO;100;0;701;8
[RECV] BSDC91 notify: TR;3;3062;f;0;ff;ff;3305,3489,2852,2195,2996,3409,2866,2443;3305,3489,2852,2195,2996,3409,2866,2443;100,100,100,100,100,100,100,15;OOOOOOOO;100;0;701;8
[RECV] BS2DCE notify: RXG;1;3072;tag=1;mask=0xff;pc=8;guard=1200;spacing=1000;win=8165;pre=1;slot_to_entry_us=0;slot_to_sched_us=0;slot_to_write_done_us=0;slot_to_txcmd_us=274;slot_to_txdone_us=610;txcmd_to_txdone_us=335;txdone_to_rxstart_us=61;txdone_to_rxend_us=183;rxenable_
[RECV] BSDC91 notify: TR;3;3063;f;0;ff;7f;3277,3512,2717,2270,2912,3310,2838,0;3277,3512,2717,2270,2912,3310,2838,2443;100,100,100,100,100,100,100,17;OOOOOOOT;100;0;671;8
[RECV] BS2DCE notify: TR;3;3073;f;0;ff;ff;2844,2523,2972,3442,2921,2533,2746,3162;2844,2523,2972,3442,2921,2533,2746,3162;100,100,100,100,100,100,100,100;OOOOOOOO;100;0;29876;8
[RECV] BS2DCE notify: TR;3;3074;f;0;ff;ff;2793,2648,3002,3390,2778,2602,2879,3054;2793,2648,3002,3390,2778,2602,2879,3054;100,100,100,100,100,100,100,100;OOOOOOOO;100;0;701;8
[RECV] BSDC91 notify: TR;3;3064;f;0;ff;ff;3477,3585,2684,2389,2983,3320,2533,2453;3477,3585,2684,2389,2983,3320,2533,2453;100,100,100,100,100,100,100,22;OOOOOOOO;90;0;701;8
[RECV] BS2DCE notify: TR;3;3075;f;0;ff;ff;2774,2603,3148,3316,2710,2606,2866,3113;2774,2603,3148,3316,2710,2606,2866,3113;100,100,100,100,100,100,100,100;OOOOOOOO;100;0;701;8
[RECV] BSDC91 notify: RXG;1;3064;tag=2;mask=0xff;pc=8;guard=1200;spacing=1000;win=8165;pre=1;slot_to_entry_us=0;slot_to_sched_us=0;slot_to_write_done_us=0;slot_to_txcmd_us=274;slot_to_txdone_us=610;txcmd_to_txdone_us=335;txdone_to_rxstart_us=61;txdone_to_rxend_us=183;rxenable_
[RECV] BS2DCE notify: CD;1;3075;tag=1;local=0xb101;status=0x02806f02;rxf=0x0766c814;win=8165;pc=8;mask=0xff;resp=8;unexp=0;last_len=20;last_src=0xa107;last_dst=0xb101;last_code=0xe1
[RECV] BSDC91 notify: CD;1;3064;tag=2;local=0xb102;status=0x00800b02;rxf=0x07a6c814;win=8165;pc=8;mask=0xff;resp=7;unexp=0;last_len=20;last_src=0xa106;last_dst=0xb102;last_code=0xe1
[RECV] BSDC91 notify: TR;3;3065;f;0;ff;7f;3134,3263,2621,2390,3020,3391,2572,0;3134,3263,2621,2390,3020,3391,2572,2453;100,100,100,100,100,100,100,21;OOOOOOOT;100;0;44189;8
[RECV] BS2DCE notify: TR;3;3076;f;0;ff;ff;2713,2624,3191,3090,2628,2652,2808,3072;2713,2624,3191,3090,2628,2652,2808,3072;100,100,100,100,100,100,100,100;OOOOOOOO;100;0;15716;8
[RECV] BSDC91 notify: TR;3;3066;f;0;ff;7f;3140,3221,2513,2552,3035,3450,2511,0;3140,3221,2513,2552,3035,3450,2511,2453;100,100,100,100,100,100,100,20;OOOOOOOT;100;0;671;8
[RECV] BS2DCE notify: TR;3;3077;f;0;ff;ff;2730,2659,3299,2956,2652,2693,2884,3132;2730,2659,3299,2956,2652,2693,2884,3132;100,100,100,100,100,100,100,100;OOOOOOOO;100;0;671;8
[RECV] BSDC91 notify: TR;3;3067;f;0;ff;7f;3203,3122,2548,2471,3150,3370,2404,0;3203,3122,2548,2471,3150,3370,2404,2453;100,100,100,100,100,100,100,19;OOOOOOOT;100;0;671;8
[RECV] BS2DCE notify: TR;3;3078;f;0;ff;ff;2755,2724,3215,2902,2584,2666,2908,3145;2755,2724,3215,2902,2584,2666,2908,3145;100,100,100,100,100,100,100,100;OOOOOOOO;100;0;671;8
[RECV] BSDC91 notify: TR;3;3068;f;0;ff;7f;3134,3134,2485,2588,3181,3161,2395,0;3134,3134,2485,2588,3181,3161,2395,2453;100,100,100,100,100,100,100,18;OOOOOOOT;100;0;885;8
[RECV] BS2DCE notify: TR;3;3079;f;0;ff;ff;2714,2807,3211,2900,2463,2681,3012,3083;2714,2807,3211,2900,2463,2681,3012,3083;100,100,100,100,100,100,100,100;OOOOOOOO;100;0;732;8
[RECV] BSDC91 notify: TR;3;3069;f;0;ff;7f;3201,3126,2479,2559,3196,3116,2373,0;3201,3126,2479,2559,3196,3116,2373,2453;100,100,100,100,100,100,100,17;OOOOOOOT;100;0;671;8
[RECV] BS2DCE notify: TR;3;3080;f;0;ff;ff;2614,2927,3189,2888,2478,2725,3053,2605;2614,2927,3189,2888,2478,2725,3053,2605;100,100,100,100,100,100,100,100;OOOOOOOO;100;0;701;8
[RECV] BSDC91 notify: TR;3;3070;f;0;ff;7f;3188,3022,2537,2611,3211,3012,2232,0;3188,3022,2537,2611,3211,3012,2232,2453;100,100,100,100,100,100,100,16;OOOOOOOT;100;0;671;8
[RECV] BS2DCE notify: TR;3;3081;f;0;ff;ff;2590,2902,3224,2773,2427,2809,2995,2680;2590,2902,3224,2773,2427,2809,2995,2680;100,100,100,100,100,100,100,100;OOOOOOOO;100;0;671;8
[RECV] BSDC91 notify: TR;3;3071;f;0;ff;7f;3260,2900,2482,2735,3313,2995,2177,0;3260,2900,2482,2735,3313,2995,2177,2453;100,100,100,100,100,100,100,16;OOOOOOOT;100;0;823;8
[RECV] BSDC91 notify: TR;3;3072;f;0;ff;7f;3251,2843,2463,2625,3389,2966,2161,0;3251,2843,2463,2625,3389,2966,2161,2453;100,100,100,100,100,100,100,15;OOOOOOOT;100;0;671;8
[RECV] BS2DCE notify: TR;3;3082;f;0;ff;ff;2538,2965,3211,2854,2447,2870,3030,2866;2538,2965,3211,2854,2447,2870,3030,2866;100,100,100,100,100,100,100,100;OOOOOOOO;100;0;762;8
[RECV] BS2DCE notify: RXG;1;3082;tag=1;mask=0xff;pc=8;guard=1200;spacing=1000;win=8165;pre=1;slot_to_entry_us=0;slot_to_sched_us=0;slot_to_write_done_us=0;slot_to_txcmd_us=274;slot_to_txdone_us=610;txcmd_to_txdone_us=335;txdone_to_rxstart_us=61;txdone_to_rxend_us=274;rxenable_
[RECV] BS2DCE notify: TR;3;3083;f;0;ff;ff;2588,2983,3247,2744,2378,2870,3052,2863;2588,2983,3247,2744,2378,2870,3052,2863;100,100,100,100,100,100,100,100;OOOOOOOO;100;0;30090;8
[RECV] BSDC91 notify: TR;3;3073;f;0;ff;7f;3297,2779,2416,2667,3499,2891,2143,0;3297,2779,2416,2667,3499,2891,2143,2453;100,100,100,100,100,100,100,14;OOOOOOOT;100;0;671;8
[RECV] BS2DCE notify: TR;3;3084;f;0;ff;ff;2642,3119,3265,2790,2425,2926,3190,2630;2642,3119,3265,2790,2425,2926,3190,2630;100,100,100,100,100,100,100,100;OOOOOOOO;100;0;701;8
[RECV] BSDC91 notify: TR;3;3074;f;0;ff;7f;3292,2792,2350,3046,3444,2842,2156,0;3292,2792,2350,3046,3444,2842,2156,2453;100,100,100,100,100,100,100,14;OOOOOOOT;100;0;915;8
[RECV] BS2DCE notify: TR;3;3085;f;0;ff;ff;2595,3131,3325,2565,2443,2965,3127,2664;2595,3131,3325,2565,2443,2965,3127,2664;100,100,100,100,100,100,100,100;OOOOOOOO;100;0;732;8
[RECV] BSDC91 notify: RXG;1;3074;tag=2;mask=0xff;pc=8;guard=1200;spacing=1000;win=8165;pre=1;slot_to_entry_us=0;slot_to_sched_us=0;slot_to_write_done_us=0;slot_to_txcmd_us=274;slot_to_txdone_us=610;txcmd_to_txdone_us=335;txdone_to_rxstart_us=61;txdone_to_rxend_us=183;rxenable_
[RECV] BSDC91 notify: CD;1;3074;tag=2;local=0xb102;status=0x00800b02;rxf=0x0786c814;win=8165;pc=8;mask=0xff;resp=7;unexp=0;last_len=20;last_src=0xa106;last_dst=0xb102;last_code=0xe1
[RECV] BSDC91 notify: TR;3;3075;f;0;ff;7f;3342,2761,2387,2960,3639,2724,2096,0;3342,2761,2387,2960,3639,2724,2096,2453;100,100,100,100,100,100,100,13;OOOOOOOT;100;0;44128;8
[RECV] BS2DCE notify: CD;1;3085;tag=1;local=0xb101;status=0x02806f02;rxf=0x07a6c814;win=8165;pc=8;mask=0xff;resp=8;unexp=0;last_len=20;last_src=0xa107;last_dst=0xb101;last_code=0xe1
[RECV] BS2DCE notify: TR;3;3086;f;0;ff;ff;2760,3078,3370,2735,2400,3009,3024,2248;2760,3078,3370,2735,2400,3009,3024,2248;100,100,100,100,100,100,100,100;OOOOOOOO;100;0;15594;8
[RECV] BSDC91 notify: TR;3;3076;f;0;ff;7f;3374,2676,2337,2956,3716,2650,2198,0;3374,2676,2337,2956,3716,2650,2198,2453;100,100,100,100,100,100,100,13;OOOOOOOT;100;0;640;8
[RECV] BS2DCE notify: TR;3;3087;f;0;ff;ff;2617,3168,3434,2824,2506,2996,3099,2223;2617,3168,3434,2824,2506,2996,3099,2223;100,100,100,100,100,100,100,100;OOOOOOOO;100;0;701;8
[RECV] BSDC91 notify: TR;3;3077;f;0;ff;7f;3427,2649,2311,2972,3907,2581,2251,0;3427,2649,2311,2972,3907,2581,2251,2453;100,100,100,100,100,100,100,12;OOOOOOOT;100;0;823;8
[RECV] BS2DCE notify: TR;3;3088;f;0;ff;7b;2543,3167,0,2676,2573,3002,3117,0;2543,3167,3434,2676,2573,3002,3117,2223;100,100,94,100,100,100,100,94;OOTOOOOT;100;0;671;8
[RECV] BSDC91 notify: TR;3;3078;f;0;ff;ff;3403,2587,2212,3574,3462,2438,2292,2712;3403,2587,2212,3574,3462,2438,2292,2712;100,100,100,100,100,100,100,15;OOOOOOOO;100;0;671;8
[RECV] BS2DCE notify: TR;3;3089;f;0;ff;7f;2469,3115,3390,2605,2640,3103,3170,0;2469,3115,3390,2605,2640,3103,3170,2223;100,100,94,100,100,100,100,88;OOOOOOOT;99;0;701;8
[RECV] BSDC91 notify: TR;3;3079;f;0;ff;7f;3398,2543,2262,3299,3414,2422,2676,0;3398,2543,2262,3299,3414,2422,2676,2712;100,100,100,100,100,100,100,17;OOOOOOOT;100;0;671;8
[RECV] BS2DCE notify: TR;3;3090;f;0;ff;ff;2486,3121,3397,2407,2582,3057,3172,2221;2486,3121,3397,2407,2582,3057,3172,2221;100,100,94,100,100,100,100,89;OOOOOOOO;97;0;671;8
[RECV] BSDC91 notify: TR;3;3080;f;0;ff;7f;3385,2457,2327,3335,3337,2406,2490,0;3385,2457,2327,3335,3337,2406,2490,2712;100,100,100,100,100,100,100,16;OOOOOOOT;100;0;915;8
[RECV] BSDC91 notify: TR;3;3081;f;0;ff;7b;3273,2465,0,3218,3385,2424,2411,0;3273,2465,2327,3218,3385,2424,2411,2712;100,100,94,100,100,100,100,15;OOTOOOOT;100;0;671;8
[RECV] BS2DCE notify: TR;3;3091;f;0;ff;ff;2476,3162,3333,2396,2626,3201,3150,2496;2476,3162,3333,2396,2626,3201,3150,2496;100,100,95,100,100,100,100,90;OOOOOOOO;98;0;732;8
[RECV] BSDC91 notify: TR;3;3082;f;0;ff;ff;3365,2345,2373,3234,3363,2285,2364,3155;3365,2345,2373,3234,3363,2285,2364,3155;100,100,95,100,100,100,100,20;OOOOOOOO;89;0;701;8
[RECV] BS2DCE notify: TR;3;3092;f;0;ff;ff;2480,3162,3321,2574,2688,3273,3101,2431;2480,3162,3321,2574,2688,3273,3101,2431;100,100,95,100,100,100,100,90;OOOOOOOO;98;0;701;8
[RECV] BSDC91 notify: TR;3;3083;f;0;ff;7f;3395,2346,2419,3394,3350,2346,2312,0;3395,2346,2419,3394,3350,2346,2312,3155;100,100,95,100,100,100,100,19;OOOOOOOT;99;0;854;8
[RECV] BS2DCE notify: RXG;1;3092;tag=1;mask=0xff;pc=8;guard=1200;spacing=1000;win=8165;pre=1;slot_to_entry_us=0;slot_to_sched_us=0;slot_to_write_done_us=0;slot_to_txcmd_us=274;slot_to_txdone_us=610;txcmd_to_txdone_us=335;txdone_to_rxstart_us=61;txdone_to_rxend_us=183;rxenable_
[RECV] BSDC91 notify: TR;3;3084;f;0;ff;ff;3344,2351,2450,3213,3253,2283,2355,3275;3344,2351,2450,3213,3253,2283,2355,3275;100,100,95,100,100,100,100,22;OOOOOOOO;89;0;671;8
[RECV] BS2DCE notify: TR;3;3093;f;0;ff;ff;2555,3280,3304,2676,2626,3275,3062,2349;2555,3280,3304,2676,2626,3275,3062,2349;100,100,95,100,100,100,100,90;OOOOOOOO;98;0;30029;8
[RECV] BS2DCE notify: TR;3;3094;f;0;ff;ff;2558,3169,3375,2328,2583,3213,3070,2244;2558,3169,3375,2328,2583,3213,3070,2244;100,100,95,100,100,100,100,91;OOOOOOOO;98;0;762;8
[RECV] BS2DCE notify: TR;3;3095;f;0;ff;ff;2610,3239,3447,2433,2641,3334,3073,2395;2610,3239,3447,2433,2641,3334,3073,2395;100,100,95,100,100,100,100,91;OOOOOOOO;98;0;701;8
[RECV] BSDC91 notify: RXG;1;3084;tag=2;mask=0xff;pc=8;guard=1200;spacing=1000;win=8165;pre=1;slot_to_entry_us=0;slot_to_sched_us=0;slot_to_write_done_us=0;slot_to_txcmd_us=274;slot_to_txdone_us=610;txcmd_to_txdone_us=335;txdone_to_rxstart_us=61;txdone_to_rxend_us=183;rxenable_
[RECV] BS2DCE notify: CD;1;3095;tag=1;local=0xb101;status=0x02806f02;rxf=0x07b6c814;win=8165;pc=8;mask=0xff;resp=8;unexp=0;last_len=20;last_src=0xa107;last_dst=0xb101;last_code=0xe1
[RECV] BS2DCE notify: TR;3;3096;f;0;ff;ff;2648,3400,3229,2457,2610,3289,3020,2337;2648,3400,3229,2457,2610,3289,3020,2337;100,100,96,100,100,100,100,92;OOOOOOOO;98;0;15472;8
[RECV] BSDC91 notify: CD;1;3084;tag=2;local=0xb102;status=0x00800b02;rxf=0x0786c814;win=8165;pc=8;mask=0xff;resp=7;unexp=0;last_len=20;last_src=0xa106;last_dst=0xb102;last_code=0xe1
[RECV] BS2DCE notify: TR;3;3097;f;0;ff;ff;2691,3444,3169,2512,2791,3337,2989,2372;2691,3444,3169,2512,2791,3337,2989,2372;100,100,96,100,100,100,100,92;OOOOOOOO;98;0;671;8
[RECV] BSDC91 notify: TR;3;3085;f;0;ff;7f;3362,2431,2496,3207,3202,2216,2448,0;3362,2431,2496,3207,3202,2216,2448,3275;100,100,95,100,100,100,100,21;OOOOOOOT;99;0;44189;8
[RECV] BSDC91 notify: TR;3;3086;f;0;ff;7f;3281,2483,2555,3245,3177,2317,2530,0;3281,2483,2555,3245,3177,2317,2530,3275;100,100,95,100,100,100,100,20;OOOOOOOT;99;0;823;8
[RECV] BSDC91 notify: TR;3;3087;f;0;ff;7f;3205,2402,2610,3460,3127,2327,2566,0;3205,2402,2610,3460,3127,2327,2566,3275;100,100,96,100,100,100,100,20;OOOOOOOT;99;0;671;8
[RECV] BS2DCE notify: TR;3;3098;f;0;ff;ff;2760,3461,3139,2458,2820,3370,3095,2480;2760,3461,3139,2458,2820,3370,3095,2480;100,100,96,100,100,100,100,92;OOOOOOOO;98;0;671;8
[RECV] BSDC91 notify: TR;3;3088;f;0;ff;7f;3192,2490,2658,3272,3066,2482,2529,0;3192,2490,2658,3272,3066,2482,2529,3275;100,100,96,100,100,100,100,19;OOOOOOOT;99;0;671;8
[RECV] BS2DCE notify: TR;3;3099;f;0;ff;ff;2807,3408,3015,2575,2801,3489,3019,2414;2807,3408,3015,2575,2801,3489,3019,2414;100,100,96,100,100,100,100,92;OOOOOOOO;98;0;701;8
[RECV] BSDC91 notify: TR;3;3089;f;0;ff;7f;3115,2453,2691,3270,3077,2272,2484,0;3115,2453,2691,3270,3077,2272,2484,3275;100,100,96,100,100,100,100,18;OOOOOOOT;99;0;854;8
[RECV] BS2DCE notify: TR;3;3100;f;0;ff;ff;3361,3410,2945,2459,2855,3195,2914,2709;3361,3410,2945,2459,2855,3195,2914,2709;100,100,96,100,100,100,100,93;OOOOOOOO;98;0;701;8
[RECV] BSDC91 notify: TR;3;3090;f;0;ff;ff;2998,2413,2727,3160,3238,2448,2618,3175;2998,2413,2727,3160,3238,2448,2618,3175;100,100,96,100,100,100,100,21;OOOOOOOO;89;0;671;8
[RECV] BS2DCE notify: TR;3;3101;f;0;ff;ff;3224,3455,2929,2345,2835,3408,2880,2640;3224,3455,2929,2345,2835,3408,2880,2640;100,100,96,100,100,100,100,93;OOOOOOOO;98;0;701;8
[RECV] BSDC91 notify: TR;3;3091;f;0;ff;7f;2996,2360,2799,3354,3225,2435,2716,0;2996,2360,2799,3354,3225,2435,2716,3175;100,100,96,100,100,100,100,20;OOOOOOOT;99;0;671;8
[RECV] BS2DCE notify: TR;3;3102;f;0;ff;ff;3243,3235,2947,2446,2901,3351,2846,2449;3243,3235,2947,2446,2901,3351,2846,2449;100,100,96,100,100,100,100,93;OOOOOOOO;98;0;671;8
[RECV] BSDC91 notify: TR;3;3092;f;0;ff;7f;2941,2402,2812,3376,3006,2372,2738,0;2941,2402,2812,3376,3006,2372,2738,3175;100,100,96,100,100,100,100,20;OOOOOOOT;99;0;823;8
[RECV] BS2DCE notify: RXG;1;3102;tag=1;mask=0xff;pc=8;guard=1200;spacing=1000;win=8165;pre=1;slot_to_entry_us=0;slot_to_sched_us=0;slot_to_write_done_us=0;slot_to_txcmd_us=274;slot_to_txdone_us=610;txcmd_to_txdone_us=335;txdone_to_rxstart_us=61;txdone_to_rxend_us=183;rxenable_
[RECV] BS2DCE notify: TR;3;3103;f;0;ff;ff;3216,3315,2873,2436,2853,3245,2792,2242;3216,3315,2873,2436,2853,3245,2792,2242;100,100,96,100,100,100,100,93;OOOOOOOO;98;0;29876;8
[RECV] BS2DCE notify: TR;3;3104;f;0;ff;ff;3154,3344,2829,2350,2919,3216,2813,2624;3154,3344,2829,2350,2919,3216,2813,2624;100,100,100,100,100,100,100,94;OOOOOOOO;99;0;701;8
[RECV] BS2DCE notify: TR;3;3105;f;0;ff;ff;3113,3226,2819,2530,2926,3226,2770,2548;3113,3226,2819,2530,2926,3226,2770,2548;100,100,100,100,100,100,100,94;OOOOOOOO;99;0;671;8
[RECV] BSDC91 notify: TR;3;3093;f;0;ff;7f;2828,2378,2881,3218,2873,2432,2776,0;2828,2378,2881,3218,2873,2432,2776,3175;100,100,96,100,100,100,100,19;OOOOOOOT;99;0;671;8
[RECV] BSDC91 notify: TR;3;3094;f;0;ff;7f;2767,2431,2922,3308,2734,2454,2810,0;2767,2431,2922,3308,2734,2454,2810,3175;100,100,96,100,100,100,100,18;OOOOOOOT;99;0;671;8
[RECV] BS2DCE notify: CD;1;3105;tag=1;local=0xb101;status=0x02806f02;rxf=0x07b6c814;win=8165;pc=8;mask=0xff;resp=8;unexp=0;last_len=20;last_src=0xa107;last_dst=0xb101;last_code=0xe1
[RECV] BS2DCE notify: TR;3;3106;f;0;ff;ff;3070,3184,2724,2660,3022,3300,2717,2493;3070,3184,2724,2660,3022,3300,2717,2493;100,100,100,100,100,100,100,94;OOOOOOOO;99;0;15533;8
[RECV] BS2DCE notify: TR;3;3107;f;0;ff;ff;3074,3139,2709,2803,3022,3256,2600,2641;3074,3139,2709,2803,3022,3256,2600,2641;100,100,100,100,100,100,100,95;OOOOOOOO;99;0;701;8
[RECV] BSDC91 notify: RXG;1;3094;tag=2;mask=0xff;pc=8;guard=1200;spacing=1000;win=8165;pre=1;slot_to_entry_us=0;slot_to_sched_us=0;slot_to_write_done_us=0;slot_to_txcmd_us=274;slot_to_txdone_us=610;txcmd_to_txdone_us=335;txdone_to_rxstart_us=61;txdone_to_rxend_us=183;rxenable_
[RECV] BSDC91 notify: CD;1;3094;tag=2;local=0xb102;status=0x00800f02;rxf=0x0786c814;win=8165;pc=8;mask=0xff;resp=7;unexp=0;last_len=20;last_src=0xa106;last_dst=0xb102;last_code=0xe1
[RECV] BSDC91 notify: TR;3;3095;f;0;ff;7f;2734,2465,3006,3340,2678,2541,2789,0;2734,2465,3006,3340,2678,2541,2789,3175;100,100,100,100,100,100,100,17;OOOOOOOT;100;0;44189;8
[RECV] BSDC91 notify: TR;3;3096;f;0;ff;7f;2668,2558,3075,3230,2624,2584,2929,0;2668,2558,3075,3230,2624,2584,2929,3175;100,100,100,100,100,100,100,16;OOOOOOOT;100;0;671;8
[RECV] BSDC91 notify: TR;3;3097;f;0;ff;7f;2617,2606,3151,3191,2493,2538,2997,0;2617,2606,3151,3191,2493,2538,2997,3175;100,100,100,100,100,100,100,15;OOOOOOOT;100;0;671;8
[RECV] BSDC91 notify: TR;3;3098;f;0;ff;7f;2640,2619,3156,2984,2494,2665,2871,0;2640,2619,3156,2984,2494,2665,2871,3175;100,100,100,100,100,100,100,15;OOOOOOOT;100;0;793;8
[RECV] BS2DCE notify: TR;3;3108;f;0;ff;ff;3091,3086,2708,2588,3098,3212,2469,2580;3091,3086,2708,2588,3098,3212,2469,2580;100,100,100,100,100,100,100,95;OOOOOOOO;99;0;671;8
[RECV] BS2DCE notify: TR;3;3109;f;0;ff;ff;3113,3051,2674,2708,3211,3156,2514,2702;3113,3051,2674,2708,3211,3156,2514,2702;100,100,100,100,100,100,100,95;OOOOOOOO;99;0;732;8
[RECV] BS2DCE notify: TR;3;3110;f;0;ff;ff;3125,2997,2635,2831,3309,3113,2418,2609;3125,2997,2635,2831,3309,3113,2418,2609;100,100,100,100,100,100,100,95;OOOOOOOO;99;0;701;8
[RECV] BSDC91 notify: TR;3;3099;f;0;ff;7f;2644,2744,3340,2918,2395,2690,2984,0;2644,2744,3340,2918,2395,2690,2984,3175;100,100,100,100,100,100,100,14;OOOOOOOT;100;0;671;8
[RECV] BSDC91 notify: TR;3;3100;f;0;ff;ff;2642,2740,3391,2936,2338,2645,3028,2849;2642,2740,3391,2936,2338,2645,3028,2849;100,100,100,100,100,100,100,18;OOOOOOOO;100;0;671;8
[RECV] BS2DCE notify: TR;3;3111;f;0;ff;ff;3129,3021,2620,2886,3283,3049,2390,2830;3129,3021,2620,2886,3283,3049,2390,2830;100,100,100,100,100,100,100,95;OOOOOOOO;99;0;671;8
[RECV] BSDC91 notify: TR;3;3101;f;0;ff;7f;2466,2826,3410,2937,2307,2683,3023,0;2466,2826,3410,2937,2307,2683,3023,2849;100,100,100,100,100,100,100,17;OOOOOOOT;100;0;823;8
[RECV] BS2DCE notify: TR;3;3112;f;0;ff;ff;3085,2983,2619,3074,3231,2996,2393,2977;3085,2983,2619,3074,3231,2996,2393,2977;100,100,100,100,100,100,100,96;OOOOOOOO;99;0;671;8
[RECV] BSDC91 notify: TR;3;3102;f;0;ff;7f;2377,2877,3360,2970,2295,2894,3117,0;2377,2877,3360,2970,2295,2894,3117,2849;100,100,100,100,100,100,100,16;OOOOOOOT;100;0;671;8
[RECV] BSDC91 notify: TR;3;3103;f;0;ff;7f;2489,3002,3327,2761,2250,2907,3080,0;2489,3002,3327,2761,2250,2907,3080,2849;100,100,100,100,100,100,100,16;OOOOOOOT;100;0;671;8
[RECV] BS2DCE notify: RXG;1;3112;tag=1;mask=0xff;pc=8;guard=1200;spacing=1000;win=8165;pre=1;slot_to_entry_us=0;slot_to_sched_us=0;slot_to_write_done_us=0;slot_to_txcmd_us=274;slot_to_txdone_us=671;txcmd_to_txdone_us=396;txdone_to_rxstart_us=61;txdone_to_rxend_us=305;rxenable_
[RECV] BS2DCE notify: TR;3;3113;f;0;ff;ff;3184,2902,2598,3237,3263,2961,2377,2515;3184,2902,2598,3237,3263,2961,2377,2515;100,100,100,100,100,100,100,96;OOOOOOOO;99;0;29937;8
[RECV] BS2DCE notify: TR;3;3114;f;0;ff;ff;3209,2882,2619,3070,3330,2937,2362,2885;3209,2882,2619,3070,3330,2937,2362,2885;100,100,100,100,100,100,100,96;OOOOOOOO;99;0;671;8
[RECV] BSDC91 notify: TR;3;3104;f;0;ff;7f;2473,3023,3370,2815,2259,2960,3131,0;2473,3023,3370,2815,2259,2960,3131,2849;100,100,100,100,100,100,100,15;OOOOOOOT;100;0;823;8
[RECV] BS2DCE notify: TR;3;3115;f;0;ff;ff;3190,2834,2573,3000,3326,2814,2250,2820;3190,2834,2573,3000,3326,2814,2250,2820;100,100,100,100,100,100,100,96;OOOOOOOO;99;0;671;8
[RECV] BS2DCE notify: CD;1;3115;tag=1;local=0xb101;status=0x02806f02;rxf=0x0796c814;win=8165;pc=8;mask=0xff;resp=8;unexp=0;last_len=20;last_src=0xa107;last_dst=0xb101;last_code=0xe1
[RECV] BS2DCE notify: TR;3;3116;f;0;ff;ff;3226,2770,2664,2986,3356,2891,2299,2866;3226,2770,2664,2986,3356,2891,2299,2866;100,100,100,100,100,100,100,96;OOOOOOOO;99;0;15472;8
[RECV] BS2DCE notify: TR;3;3117;f;0;ff;ff;3343,2685,2678,2788,3380,2771,2296,2851;3343,2685,2678,2788,3380,2771,2296,2851;100,100,100,100,100,100,100,96;OOOOOOOO;99;0;701;8
[RECV] BSDC91 notify: RXG;1;3104;tag=2;mask=0xff;pc=8;guard=1200;spacing=1000;win=8165;pre=1;slot_to_entry_us=0;slot_to_sched_us=0;slot_to_write_done_us=0;slot_to_txcmd_us=274;slot_to_txdone_us=610;txcmd_to_txdone_us=335;txdone_to_rxstart_us=61;txdone_to_rxend_us=183;rxenable_
[RECV] BSDC91 notify: CD;1;3104;tag=2;local=0xb102;status=0x00800b02;rxf=0x0766c814;win=8165;pc=8;mask=0xff;resp=7;unexp=0;last_len=20;last_src=0xa106;last_dst=0xb102;last_code=0xe1
[RECV] BSDC91 notify: TR;3;3105;f;0;ff;7f;2621,3063,3398,2669,2318,2994,3219,0;2621,3063,3398,2669,2318,2994,3219,2849;100,100,100,100,100,100,100,14;OOOOOOOT;100;0;44158;8
[RECV] BSDC91 notify: TR;3;3106;f;0;ff;7f;2807,3102,3388,2712,2197,2993,3227,0;2807,3102,3388,2712,2197,2993,3227,2849;100,100,100,100,100,100,100,14;OOOOOOOT;100;0;671;8
[RECV] BSDC91 notify: TR;3;3107;f;0;ff;ff;2471,3123,3370,2522,2448,3052,3180,2528;2471,3123,3370,2522,2448,3052,3180,2528;100,100,100,100,100,100,100,17;OOOOOOOO;100;0;762;8
[RECV] BS2DCE notify: TR;3;3118;f;0;ff;ff;3384,2681,2521,2876,3365,2614,2302,2910;3384,2681,2521,2876,3365,2614,2302,2910;100,100,100,100,100,100,100,96;OOOOOOOO;99;0;671;8
[RECV] BS2DCE notify: TR;3;3119;f;0;ff;ff;3333,2642,2563,2956,3976,2593,2363,3050;3333,2642,2563,2956,3976,2593,2363,3050;100,100,100,100,100,100,100,96;OOOOOOOO;99;0;701;8
[RECV] BSDC91 notify: TR;3;3108;f;0;ff;7f;2389,3194,3511,2576,2348,3075,3217,0;2389,3194,3511,2576,2348,3075,3217,2528;100,100,100,100,100,100,100,16;OOOOOOOT;100;0;671;8
[RECV] BSDC91 notify: TR;3;3109;f;0;ff;7f;2348,3219,3377,2521,2320,3155,3157,0;2348,3219,3377,2521,2320,3155,3157,2528;100,100,100,100,100,100,100,16;OOOOOOOT;100;0;671;8
[RECV] BS2DCE notify: TR;3;3120;f;0;ff;ff;3287,2626,2525,3003,3551,2537,2215,3082;3287,2626,2525,3003,3551,2537,2215,3082;100,100,100,100,100,100,100,100;OOOOOOOO;100;0;701;8
[RECV] BSDC91 notify: TR;3;3110;f;0;ff;7f;2341,3277,3642,2353,2283,3190,3312,0;2341,3277,3642,2353,2283,3190,3312,2528;100,100,100,100,100,100,100,15;OOOOOOOT;100;0;915;8
[RECV] BS2DCE notify: TR;3;3121;f;0;ff;ff;3259,2611,2495,3049,3418,2559,2710,3017;3259,2611,2495,3049,3418,2559,2710,3017;100,100,100,100,100,100,100,100;OOOOOOOO;100;0;671;8
[RECV] BSDC91 notify: TR;3;3111;f;0;ff;7f;2299,3314,3500,2215,2353,3228,3201,0;2299,3314,3500,2215,2353,3228,3201,2528;100,100,100,100,100,100,100,17;OOOOOOOT;100;0;671;8
[RECV] BS2DCE notify: TR;3;3122;f;0;ff;ff;3266,2596,2500,3023,3394,2441,2652,3129;3266,2596,2500,3023,3394,2441,2652,3129;100,100,100,100,100,100,100,100;OOOOOOOO;100;0;671;8
[RECV] BSDC91 notify: TR;3;3112;f;0;ff;7f;2349,3260,3546,2260,2359,3206,3276,0;2349,3260,3546,2260,2359,3206,3276,2528;100,100,100,100,100,100,100,16;OOOOOOOT;100;0;671;8
[RECV] BS2DCE notify: RXG;1;3122;tag=1;mask=0xff;pc=8;guard=1200;spacing=1000;win=8165;pre=1;slot_to_entry_us=0;slot_to_sched_us=0;slot_to_write_done_us=0;slot_to_txcmd_us=274;slot_to_txdone_us=610;txcmd_to_txdone_us=335;txdone_to_rxstart_us=61;txdone_to_rxend_us=183;rxenable_
[RECV] BS2DCE notify: TR;3;3123;f;0;ff;ff;3234,2568,2540,3104,2983,2415,2574,2820;3234,2568,2540,3104,2983,2415,2574,2820;100,100,100,100,100,100,100,100;OOOOOOOO;100;0;29876;8
[RECV] BSDC91 notify: TR;3;3113;f;0;ff;7f;2342,3240,3495,2474,2374,3356,3187,0;2342,3240,3495,2474,2374,3356,3187,2528;100,100,100,100,100,100,100,15;OOOOOOOT;100;0;854;8
[RECV] BS2DCE notify: TR;3;3124;f;0;ff;7b;3365,2553,0,3143,3346,2338,2669,0;3365,2553,2540,3143,3346,2338,2669,2820;100,100,95,100,100,100,100,95;OOTOOOOT;100;0;671;8
[RECV] BSDC91 notify: TR;3;3114;f;0;ff;7f;2403,3340,3556,2273,2434,3381,3105,0;2403,3340,3556,2273,2434,3381,3105,2528;100,100,100,100,100,100,100,15;OOOOOOOT;100;0;671;8
[RECV] BS2DCE notify: TR;3;3125;f;0;ff;ff;3249,2506,2626,3252,3357,2494,2647,3157;3249,2506,2626,3252,3357,2494,2647,3157;100,100,95,100,100,100,100,95;OOOOOOOO;98;0;701;8
[RECV] BS2DCE notify: CD;1;3125;tag=1;local=0xb101;status=0x02806f02;rxf=0x07c6c814;win=8165;pc=8;mask=0xff;resp=8;unexp=0;last_len=20;last_src=0xa107;last_dst=0xb101;last_code=0xe1
[RECV] BS2DCE notify: TR;3;3126;f;0;ff;ff;3197,2513,2727,3272,3162,2470,2634,3180;3197,2513,2727,3272,3162,2470,2634,3180;100,100,95,100,100,100,100,95;OOOOOOOO;98;0;15472;8
[RECV] BSDC91 notify: RXG;1;3114;tag=2;mask=0xff;pc=8;guard=1200;spacing=1000;win=8165;pre=1;slot_to_entry_us=0;slot_to_sched_us=0;slot_to_write_done_us=0;slot_to_txcmd_us=274;slot_to_txdone_us=610;txcmd_to_txdone_us=335;txdone_to_rxstart_us=61;txdone_to_rxend_us=183;rxenable_
[RECV] BSDC91 notify: CD;1;3114;tag=2;local=0xb102;status=0x00800b02;rxf=0x0786c814;win=8165;pc=8;mask=0xff;resp=7;unexp=0;last_len=20;last_src=0xa106;last_dst=0xb102;last_code=0xe1
[RECV] BSDC91 notify: TR;3;3115;f;0;ff;7f;2475,3312,3396,2414,2510,3364,3064,0;2475,3312,3396,2414,2510,3364,3064,2528;100,100,100,100,100,100,100,14;OOOOOOOT;100;0;44189;8
[RECV] BSDC91 notify: TR;3;3116;f;0;ff;7f;2555,3391,3236,2322,2551,3437,3068,0;2555,3391,3236,2322,2551,3437,3068,2528;100,100,100,100,100,100,100,13;OOOOOOOT;100;0;793;8
[RECV] BS2DCE notify: TR;3;3127;f;0;ff;ff;3210,2591,2698,3179,3115,2433,2628,3120;3210,2591,2698,3179,3115,2433,2628,3120;100,100,95,100,100,100,100,95;OOOOOOOO;98;0;671;8
[RECV] BSDC91 notify: TR;3;3117;f;0;ff;7f;2509,3464,3118,2367,2662,3461,3031,0;2509,3464,3118,2367,2662,3461,3031,2528;100,100,100,100,100,100,100,13;OOOOOOOT;100;0;671;8
[RECV] BS2DCE notify: TR;3;3128;f;0;ff;ff;3181,2651,2676,3221,3063,2530,2595,3210;3181,2651,2676,3221,3063,2530,2595,3210;100,100,96,100,100,100,100,96;OOOOOOOO;99;0;701;8
[RECV] BSDC91 notify: TR;3;3118;f;0;ff;7f;2647,3480,3123,2257,2692,3732,3217,0;2647,3480,3123,2257,2692,3732,3217,2528;100,100,100,100,100,100,100,12;OOOOOOOT;100;0;671;8
[RECV] BS2DCE notify: TR;3;3129;f;0;ff;ff;3112,2669,2716,3291,2976,2599,2707,3242;3112,2669,2716,3291,2976,2599,2707,3242;100,100,96,100,100,100,100,96;OOOOOOOO;99;0;671;8
[RECV] BSDC91 notify: TR;3;3119;f;0;ff;7f;2708,3563,3013,2282,2840,3355,3074,0;2708,3563,3013,2282,2840,3355,3074,2528;100,100,100,100,100,100,100,12;OOOOOOOT;100;0;823;8
[RECV] BS2DCE notify: TR;3;3130;f;0;ff;ff;3089,2520,2762,3216,2896,2578,2727,3214;3089,2520,2762,3216,2896,2578,2727,3214;100,100,96,100,100,100,100,96;OOOOOOOO;99;0;671;8
[RECV] BSDC91 notify: TR;3;3120;f;0;ff;ff;2754,3649,2955,2157,2878,3475,3037,2506;2754,3649,2955,2157,2878,3475,3037,2506;100,100,100,100,100,100,100,15;OOOOOOOO;100;0;671;8
[RECV] BS2DCE notify: TR;3;3131;f;0;ff;ff;2967,2518,2819,3234,3007,2686,2651,3253;2967,2518,2819,3234,3007,2686,2651,3253;100,100,96,100,100,100,100,96;OOOOOOOO;99;0;701;8
[RECV] BSDC91 notify: TR;3;3121;f;0;ff;7f;3547,3473,2876,2184,2901,3471,2941,0;3547,3473,2876,2184,2901,3471,2941,2506;100,100,100,100,100,100,100,14;OOOOOOOT;100;0;671;8
[RECV] BS2DCE notify: TR;3;3132;f;0;ff;ff;2911,2547,2854,3482,3208,2542,2716,2907;2911,2547,2854,3482,3208,2542,2716,2907;100,100,96,100,100,100,100,96;OOOOOOOO;99;0;701;8
[RECV] BSDC91 notify: TR;3;3122;f;0;ff;7f;3473,3445,2860,2171,2988,3435,2918,0;3473,3445,2860,2171,2988,3435,2918,2506;100,100,100,100,100,100,100,14;OOOOOOOT;100;0;793;8
[RECV] BS2DCE notify: RXG;1;3132;tag=1;mask=0xff;pc=8;guard=1200;spacing=1000;win=8165;pre=1;slot_to_entry_us=0;slot_to_sched_us=0;slot_to_write_done_us=0;slot_to_txcmd_us=274;slot_to_txdone_us=610;txcmd_to_txdone_us=335;txdone_to_rxstart_us=61;txdone_to_rxend_us=183;rxenable_
[RECV] BS2DCE notify: TR;3;3133;f;0;ff;ff;2892,2491,2882,3688,2910,2579,2701,2990;2892,2491,2882,3688,2910,2579,2701,2990;100,100,96,100,100,100,100,96;OOOOOOOO;99;0;29907;8
[RECV] BSDC91 notify: TR;3;3123;f;0;ff;7f;3466,3549,2775,2352,2974,3399,2921,0;3466,3549,2775,2352,2974,3399,2921,2506;100,100,100,100,100,100,100,13;OOOOOOOT;100;0;671;8
[RECV] BS2DCE notify: TR;3;3134;f;0;ff;ff;2851,2584,2960,3452,2849,2556,2832,3161;2851,2584,2960,3452,2849,2556,2832,3161;100,100,96,100,100,100,100,96;OOOOOOOO;99;0;701;8
[RECV] BSDC91 notify: TR;3;3124;f;0;ff;7f;3342,3415,2700,2346,2891,3334,2713,0;3342,3415,2700,2346,2891,3334,2713,2506;100,100,100,100,100,100,100,13;OOOOOOOT;100;0;671;8
[RECV] BS2DCE notify: TR;3;3135;f;0;ff;ff;2768,2630,2975,3426,2758,2599,2877,3089;2768,2630,2975,3426,2758,2599,2877,3089;100,100,96,100,100,100,100,96;OOOOOOOO;99;0;671;8
[RECV] BSDC91 notify: RXG;1;3124;tag=2;mask=0xff;pc=8;guard=1200;spacing=1000;win=8165;pre=1;slot_to_entry_us=0;slot_to_sched_us=0;slot_to_write_done_us=0;slot_to_txcmd_us=274;slot_to_txdone_us=610;txcmd_to_txdone_us=335;txdone_to_rxstart_us=61;txdone_to_rxend_us=183;rxenable_
[RECV] BSDC91 notify: CD;1;3124;tag=2;local=0xb102;status=0x00800b02;rxf=0x07a6c814;win=8165;pc=8;mask=0xff;resp=7;unexp=0;last_len=20;last_src=0xa106;last_dst=0xb102;last_code=0xe1
[RECV] BSDC91 notify: TR;3;3125;f;0;ff;7f;3110,3743,2709,2426,2921,3284,2559,0;3110,3743,2709,2426,2921,3284,2559,2506;100,100,100,100,100,100,100,12;OOOOOOOT;100;0;44219;8
[RECV] BSDC91 notify: TR;3;3126;f;0;ff;7f;3210,3243,2618,2418,3006,3377,2610,0;3210,3243,2618,2418,3006,3377,2610,2506;100,100,100,100,100,100,100,12;OOOOOOOT;100;0;671;8
[RECV] BS2DCE notify: CD;1;3135;tag=1;local=0xb101;status=0x02806f02;rxf=0x0766c814;win=8165;pc=8;mask=0xff;resp=8;unexp=0;last_len=20;last_src=0xa107;last_dst=0xb101;last_code=0xe1
[RECV] BS2DCE notify: TR;3;3136;f;0;ff;ff;2780,2627,3153,3270,2708,2630,2778,3060;2780,2627,3153,3270,2708,2630,2778,3060;100,100,100,100,100,100,100,100;OOOOOOOO;100;0;15441;8
[RECV] BS2DCE notify: TR;3;3137;f;0;ff;ff;2736,2660,3210,3138,2634,2724,2844,3007;2736,2660,3210,3138,2634,2724,2844,3007;100,100,100,100,100,100,100,100;OOOOOOOO;100;0;701;8
[RECV] BSDC91 notify: TR;3;3127;f;0;ff;7f;3166,3175,2587,2527,3208,3510,2385,0;3166,3175,2587,2527,3208,3510,2385,2506;100,100,100,100,100,100,100,11;OOOOOOOT;100;0;671;8
[RECV] BS2DCE notify: TR;3;3138;f;0;ff;ff;2723,2699,3205,3226,2520,2700,2865,3119;2723,2699,3205,3226,2520,2700,2865,3119;100,100,100,100,100,100,100,100;OOOOOOOO;100;0;701;8
[RECV] BSDC91 notify: TR;3;3128;f;0;ff;7f;3141,3106,2518,2498,3144,3231,2461,0;3141,3106,2518,2498,3144,3231,2461,2506;100,100,100,100,100,100,100,11;OOOOOOOT;100;0;793;8
[RECV] BS2DCE notify: TR;3;3139;f;0;ff;ff;2708,2766,3232,2937,2535,2658,3001,2959;2708,2766,3232,2937,2535,2658,3001,2959;100,100,100,100,100,100,100,100;OOOOOOOO;100;0;671;8
[RECV] BSDC91 notify: TR;3;3129;f;0;ff;7f;3179,3122,2479,2701,3193,3143,2339,0;3179,3122,2479,2701,3193,3143,2339,2506;100,100,100,100,100,100,100,10;OOOOOOOT;100;0;671;8
[RECV] BS2DCE notify: TR;3;3140;f;0;ff;ff;2637,2827,3233,2870,2483,2695,3001,2959;2637,2827,3233,2870,2483,2695,3001,2959;100,100,100,100,100,100,100,100;OOOOOOOO;100;0;671;8
[RECV] BSDC91 notify: TR;3;3130;f;0;ff;7f;3212,2998,2492,2783,3197,3022,2287,0;3212,2998,2492,2783,3197,3022,2287,2506;100,100,100,100,100,100,100,10;OOOOOOOT;100;0;671;8
[RECV] BSDC91 notify: TR;3;3131;f;0;ff;7f;3267,2855,2515,2715,3283,2985,2161,0;3267,2855,2515,2715,3283,2985,2161,2506;100,100,100,100,100,100,100,9;OOOOOOOT;100;0;854;8
[RECV] BS2DCE notify: TR;3;3141;f;0;ff;ff;2626,2888,3200,2839,2440,2823,3077,2931;2626,2888,3200,2839,2440,2823,3077,2931;100,100,100,100,100,100,100,100;OOOOOOOO;100;0;701;8
[RECV] BS2DCE notify: TR;3;3142;f;0;ff;ff;2565,2986,3262,2862,2417,2861,3098,2926;2565,2986,3262,2862,2417,2861,3098,2926;100,100,100,100,100,100,100,100;OOOOOOOO;100;0;671;8
[RECV] BSDC91 notify: TR;3;3132;f;0;ff;ff;3273,2834,2467,2825,3400,2982,2235,2957;3273,2834,2467,2825,3400,2982,2235,2957;100,100,100,100,100,100,100,13;OOOOOOOO;100;0;701;8
[RECV] BS2DCE notify: RXG;1;3142;tag=1;mask=0xff;pc=8;guard=1200;spacing=1000;win=8165;pre=1;slot_to_entry_us=0;slot_to_sched_us=0;slot_to_write_done_us=0;slot_to_txcmd_us=274;slot_to_txdone_us=610;txcmd_to_txdone_us=335;txdone_to_rxstart_us=122;txdone_to_rxend_us=244;rxenable
[RECV] BS2DCE notify: TR;3;3143;f;0;ff;7f;2649,3056,3261,2749,2428,2955,3112,0;2649,3056,3261,2749,2428,2955,3112,2926;100,100,100,100,100,100,100,95;OOOOOOOT;100;0;30151;8
[RECV] BSDC91 notify: TR;3;3133;f;0;ff;7f;3282,2770,2425,2754,3707,2869,2152,0;3282,2770,2425,2754,3707,2869,2152,2957;100,100,100,100,100,100,100,13;OOOOOOOT;100;0;671;8
[RECV] BS2DCE notify: TR;3;3144;f;0;ff;5f;2597,3094,3291,2651,2447,0,3115,0;2597,3094,3291,2651,2447,2955,3115,2926;100,100,100,100,100,96,100,92;OOOOOTOT;100;0;671;8
[RECV] BSDC91 notify: TR;3;3134;f;0;ff;7f;3344,2758,2366,2905,3560,2799,2142,0;3344,2758,2366,2905,3560,2799,2142,2957;100,100,100,100,100,100,100,12;OOOOOOOT;100;0;793;8
[RECV] BS2DCE notify: TR;3;3145;f;0;ff;ff;3248,3119,3341,2671,2423,3028,3088,2589;3248,3119,3341,2671,2423,3028,3088,2589;100,100,100,100,100,96,100,92;OOOOOOOO;98;0;701;8
[RECV] BS2DCE notify: CD;1;3145;tag=1;local=0xb101;status=0x02806f02;rxf=0x07b6c814;win=8165;pc=8;mask=0xff;resp=8;unexp=0;last_len=20;last_src=0xa107;last_dst=0xb101;last_code=0xe1
[RECV] BS2DCE notify: TR;3;3146;f;0;ff;ff;2825,3085,3380,2665,2457,3001,3080,2547;2825,3085,3380,2665,2457,3001,3080,2547;100,100,100,100,100,96,100,92;OOOOOOOO;98;0;15472;8
[RECV] BSDC91 notify: RXG;1;3134;tag=2;mask=0xff;pc=8;guard=1200;spacing=1000;win=8165;pre=1;slot_to_entry_us=0;slot_to_sched_us=0;slot_to_write_done_us=0;slot_to_txcmd_us=366;slot_to_txdone_us=701;txcmd_to_txdone_us=335;txdone_to_rxstart_us=61;txdone_to_rxend_us=183;rxenable_
[RECV] BSDC91 notify: CD;1;3134;tag=2;local=0xb102;status=0x00800b02;rxf=0x0756c814;win=8165;pc=8;mask=0xff;resp=7;unexp=0;last_len=20;last_src=0xa106;last_dst=0xb102;last_code=0xe1
[RECV] BSDC91 notify: TR;3;3135;f;0;ff;7f;3343,2709,2338,2900,3699,2712,2104,0;3343,2709,2338,2900,3699,2712,2104,2957;100,100,100,100,100,100,100,12;OOOOOOOT;100;0;44158;8
[RECV] BSDC91 notify: TR;3;3136;f;0;ff;7f;3421,2686,2337,2997,3747,2654,2149,0;3421,2686,2337,2997,3747,2654,2149,2957;100,100,100,100,100,100,100,11;OOOOOOOT;100;0;671;8
[RECV] BS2DCE notify: TR;3;3147;f;0;ff;ff;2662,3096,3363,2556,2516,2942,3114,2550;2662,3096,3363,2556,2516,2942,3114,2550;100,100,100,100,100,96,100,92;OOOOOOOO;98;0;671;8
[RECV] BSDC91 notify: TR;3;3137;f;0;ff;7f;3386,2660,2276,3122,3187,2617,2253,0;3386,2660,2276,3122,3187,2617,2253,2957;100,100,100,100,100,100,100,11;OOOOOOOT;100;0;732;8
[RECV] BS2DCE notify: TR;3;3148;f;0;ff;ff;2541,3116,3460,2585,2544,3058,3163,2503;2541,3116,3460,2585,2544,3058,3163,2503;100,100,100,100,100,96,100,93;OOOOOOOO;98;0;671;8
[RECV] BSDC91 notify: TR;3;3138;f;0;ff;ff;3405,2590,2269,3312,3483,2460,2267,3023;3405,2590,2269,3312,3483,2460,2267,3023;100,100,100,100,100,100,100,14;OOOOOOOO;100;0;671;8
[RECV] BS2DCE notify: TR;3;3149;f;0;ff;ff;2547,3115,3409,2488,2587,3062,3163,2463;2547,3115,3409,2488,2587,3062,3163,2463;100,100,100,100,100,96,100,93;OOOOOOOO;98;0;701;8
[RECV] BSDC91 notify: TR;3;3139;f;0;ff;7f;3406,2614,2256,3208,3459,2439,2118,0;3406,2614,2256,3208,3459,2439,2118,3023;100,100,100,100,100,100,100,13;OOOOOOOT;100;0;671;8
[RECV] BS2DCE notify: TR;3;3150;f;0;ff;ff;2454,3163,3448,2490,2601,3064,3228,2473;2454,3163,3448,2490,2601,3064,3228,2473;100,100,100,100,100,96,100,93;OOOOOOOO;98;0;701;8
[RECV] BSDC91 notify: TR;3;3140;f;0;ff;7f;3362,2546,2321,3291,3460,2496,2594,0;3362,2546,2321,3291,3460,2496,2594,3023;100,100,100,100,100,100,100,13;OOOOOOOT;100;0;793;8
[RECV] BS2DCE notify: TR;3;3151;f;0;ff;ff;2472,3108,3380,2367,2609,3145,3144,2529;2472,3108,3380,2367,2609,3145,3144,2529;100,100,100,100,100,96,100,93;OOOOOOOO;98;0;671;8
[RECV] BSDC91 notify: TR;3;3141;f;0;ff;7f;3401,2468,2309,3224,3438,2392,2401,0;3401,2468,2309,3224,3438,2392,2401,3023;100,100,100,100,100,100,100,12;OOOOOOOT;100;0;671;8
[RECV] BSDC91 notify: TR;3;3142;f;0;ff;7f;3355,2430,2342,3090,3343,2455,2362,0;3355,2430,2342,3090,3343,2455,2362,3023;100,100,100,100,100,100,100,12;OOOOOOOT;100;0;671;8
[RECV] BS2DCE notify: TR;3;3152;f;0;ff;ff;2497,3094,3309,2449,2665,3269,3120,2413;2497,3094,3309,2449,2665,3269,3120,2413;100,100,100,100,100,100,100,94;OOOOOOOO;99;0;701;8
[RECV] BS2DCE notify: RXG;1;3152;tag=1;mask=0xff;pc=8;guard=1200;spacing=1000;win=8165;pre=1;slot_to_entry_us=0;slot_to_sched_us=0;slot_to_write_done_us=0;slot_to_txcmd_us=274;slot_to_txdone_us=610;txcmd_to_txdone_us=335;txdone_to_rxstart_us=61;txdone_to_rxend_us=183;rxenable_
[RECV] BS2DCE notify: TR;3;3153;f;0;ff;ff;2514,3237,3318,2415,2703,3188,3078,2351;2514,3237,3318,2415,2703,3188,3078,2351;100,100,100,100,100,100,100,94;OOOOOOOO;99;0;30059;8
[RECV] BSDC91 notify: TR;3;3143;f;0;ff;7f;3338,2343,2400,3212,3274,2334,2341,0;3338,2343,2400,3212,3274,2334,2341,3023;100,100,100,100,100,100,100,11;OOOOOOOT;100;0;732;8
[RECV] BS2DCE notify: TR;3;3154;f;0;ff;ff;2532,3259,3399,2365,2644,3284,3047,2325;2532,3259,3399,2365,2644,3284,3047,2325;100,100,100,100,100,100,100,94;OOOOOOOO;99;0;701;8
[RECV] BSDC91 notify: TR;3;3144;f;0;ff;7f;3363,2361,2428,3178,3263,2280,2380,0;3363,2361,2428,3178,3263,2280,2380,3023;100,100,100,100,100,100,100,11;OOOOOOOT;100;0;671;8
[RECV] BS2DCE notify: TR;3;3155;f;0;ff;ff;2555,3235,3497,2381,2647,3254,3009,2333;2555,3235,3497,2381,2647,3254,3009,2333;100,100,100,100,100,100,100,95;OOOOOOOO;99;0;701;8
[RECV] BS2DCE notify: CD;1;3155;tag=1;local=0xb101;status=0x02806f02;rxf=0x07c6c814;win=8165;pc=8;mask=0xff;resp=8;unexp=0;last_len=20;last_src=0xa107;last_dst=0xb101;last_code=0xe1
[RECV] BS2DCE notify: TR;3;3156;f;0;ff;ff;2673,3338,3248,2519,2683,3289,2977,2392;2673,3338,3248,2519,2683,3289,2977,2392;100,100,100,100,100,100,100,95;OOOOOOOO;99;0;15472;8
[RECV] BSDC91 notify: RXG;1;3144;tag=2;mask=0xff;pc=8;guard=1200;spacing=1000;win=8165;pre=1;slot_to_entry_us=0;slot_to_sched_us=0;slot_to_write_done_us=0;slot_to_txcmd_us=274;slot_to_txdone_us=610;txcmd_to_txdone_us=335;txdone_to_rxstart_us=61;txdone_to_rxend_us=183;rxenable_
[RECV] BS2DCE notify: TR;3;3157;f;0;ff;ff;2702,3437,3175,2506,2849,3413,2960,2415;2702,3437,3175,2506,2849,3413,2960,2415;100,100,100,100,100,100,100,95;OOOOOOOO;99;0;701;8
[RECV] BSDC91 notify: CD;1;3144;tag=2;local=0xb102;status=0x00800b02;rxf=0x07a6c814;win=8165;pc=8;mask=0xff;resp=7;unexp=0;last_len=20;last_src=0xa106;last_dst=0xb102;last_code=0xe1
[RECV] BSDC91 notify: TR;3;3145;f;0;ff;7f;3350,2411,2431,3301,3191,2278,2457,0;3350,2411,2431,3301,3191,2278,2457,3023;100,100,100,100,100,100,100,10;OOOOOOOT;100;0;44097;8
[RECV] BSDC91 notify: TR;3;3146;f;0;ff;7f;3265,2479,2524,3239,3109,2349,2514,0;3265,2479,2524,3239,3109,2349,2514,3023;100,100,100,100,100,100,100,10;OOOOOOOT;100;0;762;8
[RECV] BS2DCE notify: TR;3;3158;f;0;ff;ff;2748,3472,3122,2424,2805,3393,3033,2447;2748,3472,3122,2424,2805,3393,3033,2447;100,100,100,100,100,100,100,95;OOOOOOOO;99;0;701;8
[RECV] BSDC91 notify: TR;3;3147;f;0;ff;7f;3192,2447,2560,3297,3116,2321,2537,0;3192,2447,2560,3297,3116,2321,2537,3023;100,100,100,100,100,100,100,9;OOOOOOOT;100;0;671;8
[RECV] BSDC91 notify: TR;3;3148;f;0;ff;7f;3183,2537,2590,3210,3075,2358,2518,0;3183,2537,2590,3210,3075,2358,2518,3023;100,100,100,100,100,100,100,9;OOOOOOOT;100;0;671;8
[RECV] BS2DCE notify: TR;3;3159;f;0;ff;ff;2784,3418,3074,2497,2858,3437,3003,2412;2784,3418,3074,2497,2858,3437,3003,2412;100,100,100,100,100,100,100,95;OOOOOOOO;99;0;671;8
[RECV] BS2DCE notify: TR;3;3160;f;0;ff;ff;3339,3434,3011,2499,2845,3326,2898,2620;3339,3434,3011,2499,2845,3326,2898,2620;100,100,100,100,100,100,100,96;OOOOOOOO;99;0;701;8
[RECV] BSDC91 notify: TR;3;3149;f;0;ff;7f;3124,2471,2701,3344,3022,2389,2554,0;3124,2471,2701,3344,3022,2389,2554,3023;100,100,100,100,100,100,100,8;OOOOOOOT;100;0;732;8
[RECV] BSDC91 notify: TR;3;3150;f;0;ff;ff;3040,2413,2731,3154,3289,2473,2568,3418;3040,2413,2731,3154,3289,2473,2568,3418;100,100,100,100,100,100,100,12;OOOOOOOO;100;0;701;8
[RECV] BS2DCE notify: TR;3;3161;f;0;ff;ff;3233,3421,2989,2418,2846,3345,2797,2681;3233,3421,2989,2418,2846,3345,2797,2681;100,100,100,100,100,100,100,96;OOOOOOOO;99;0;701;8
[RECV] BSDC91 notify: TR;3;3151;f;0;ff;7f;2962,2347,2813,3361,3197,2474,2626,0;2962,2347,2813,3361,3197,2474,2626,3418;100,100,100,100,100,100,100,12;OOOOOOOT;100;0;671;8
[RECV] BS2DCE notify: TR;3;3162;f;0;ff;ff;3205,3295,2905,2415,2972,3353,2960,2274;3205,3295,2905,2415,2972,3353,2960,2274;100,100,100,100,100,100,100,96;OOOOOOOO;99;0;671;8
[RECV] BS2DCE notify: RXG;1;3162;tag=1;mask=0xff;pc=8;guard=1200;spacing=1000;win=8165;pre=1;slot_to_entry_us=0;slot_to_sched_us=0;slot_to_write_done_us=0;slot_to_txcmd_us=274;slot_to_txdone_us=610;txcmd_to_txdone_us=335;txdone_to_rxstart_us=61;txdone_to_rxend_us=183;rxenable_
[RECV] BS2DCE notify: TR;3;3163;f;0;ff;ff;3198,3270,2902,2439,2902,3281,2787,2544;3198,3270,2902,2439,2902,3281,2787,2544;100,100,100,100,100,100,100,96;OOOOOOOO;99;0;29968;8
[RECV] BSDC91 notify: TR;3;3152;f;0;ff;7f;2923,2409,2834,3280,3004,2467,2695,0;2923,2409,2834,3280,3004,2467,2695,3418;100,100,100,100,100,100,100,11;OOOOOOOT;100;0;732;8
[RECV] BS2DCE notify: TR;3;3164;f;0;ff;ff;3046,3401,2896,2420,2881,3244,2776,2657;3046,3401,2896,2420,2881,3244,2776,2657;100,100,100,100,100,100,100,96;OOOOOOOO;99;0;701;8
[RECV] BSDC91 notify: TR;3;3153;f;0;ff;7f;2888,2361,2888,3501,2883,2402,2730,0;2888,2361,2888,3501,2883,2402,2730,3418;100,100,100,100,100,100,100,11;OOOOOOOT;100;0;793;8
[RECV] BS2DCE notify: TR;3;3165;f;0;ff;ff;3037,3277,2788,2632,2938,3207,2729,2546;3037,3277,2788,2632,2938,3207,2729,2546;100,100,100,100,100,100,100,96;OOOOOOOO;99;0;671;8
[RECV] BSDC91 notify: TR;3;3154;f;0;ff;7f;2788,2453,2862,3320,2850,2427,2724,0;2788,2453,2862,3320,2850,2427,2724,3418;100,100,100,100,100,100,100,10;OOOOOOOT;100;0;671;8
[RECV] BS2DCE notify: CD;1;3165;tag=1;local=0xb101;status=0x02806f02;rxf=0x0796c814;win=8165;pc=8;mask=0xff;resp=8;unexp=0;last_len=20;last_src=0xa107;last_dst=0xb101;last_code=0xe1
[RECV] BS2DCE notify: TR;3;3166;f;0;ff;ff;3071,3192,2759,2641,2979,3274,2682,2554;3071,3192,2759,2641,2979,3274,2682,2554;100,100,100,100,100,100,100,96;OOOOOOOO;99;0;15502;8
[RECV] BS2DCE notify: TR;3;3167;f;0;ff;ff;3088,3141,2738,2657,3044,3232,2643,2600;3088,3141,2738,2657,3044,3232,2643,2600;100,100,100,100,100,100,100,96;OOOOOOOO;99;0;701;8
[RECV] BSDC91 notify: RXG;1;3154;tag=2;mask=0xff;pc=8;guard=1200;spacing=1000;win=8165;pre=1;slot_to_entry_us=0;slot_to_sched_us=0;slot_to_write_done_us=0;slot_to_txcmd_us=274;slot_to_txdone_us=610;txcmd_to_txdone_us=335;txdone_to_rxstart_us=61;txdone_to_rxend_us=183;rxenable_
[RECV] BS2DCE notify: TR;3;3168;f;0;ff;ff;3128,3098,2720,2616,3041,3038,2559,2615;3128,3098,2720,2616,3041,3038,2559,2615;100,100,100,100,100,100,100,100;OOOOOOOO;100;0;671;8
[RECV] BS2DCE notify: TR;3;3169;f;0;ff;ff;3106,3084,2679,2704,3224,3161,2494,2599;3106,3084,2679,2704,3224,3161,2494,2599;100,100,100,100,100,100,100,100;OOOOOOOO;100;0;701;8
[RECV] BSDC91 notify: CD;1;3154;tag=2;local=0xb102;status=0x00800f02;rxf=0x07c6c814;win=8165;pc=8;mask=0xff;resp=6;unexp=0;last_len=20;last_src=0xa106;last_dst=0xb102;last_code=0xe1
[RECV] BSDC91 notify: TR;3;3155;f;0;ff;77;2743,2491,3040,0,2754,2514,2781,0;2743,2491,3040,3320,2754,2514,2781,3418;100,100,100,96,100,100,100,10;OOOTOOOT;100;0;44342;8
[RECV] BSDC91 notify: TR;3;3156;f;0;ff;7f;2687,2501,3051,3278,2652,2635,2872,0;2687,2501,3051,3278,2652,2635,2872,3418;100,100,100,96,100,100,100,10;OOOOOOOT;99;0;671;8
[RECV] BSDC91 notify: TR;3;3157;f;0;ff;7f;2642,2571,3112,3144,2477,2615,2921,0;2642,2571,3112,3144,2477,2615,2921,3418;100,100,100,96,100,100,100,9;OOOOOOOT;99;0;671;8
[RECV] BSDC91 notify: TR;3;3158;f;0;ff;7f;2630,2594,3174,3102,2412,2568,2841,0;2630,2594,3174,3102,2412,2568,2841,3418;100,100,100,96,100,100,100,9;OOOOOOOT;99;0;762;8
[RECV] BS2DCE notify: TR;3;3170;f;0;ff;ff;3092,2913,2648,2727,3329,3108,2455,2708;3092,2913,2648,2727,3329,3108,2455,2708;100,100,100,100,100,100,100,100;OOOOOOOO;100;0;701;8
[RECV] BSDC91 notify: TR;3;3159;f;0;ff;7f;2624,2718,3342,3208,2439,2675,3007,0;2624,2718,3342,3208,2439,2675,3007,3418;100,100,100,100,100,100,100,11;OOOOOOOT;100;0;1007;8
[RECV] BSDC91 notify: TR;3;3160;f;0;ff;7f;2667,2730,3414,2968,2320,2600,3026,0;2667,2730,3414,2968,2320,2600,3026,3418;100,100,100,100,100,100,100,11;OOOOOOOT;100;0;671;8
[RECV] BS2DCE notify: TR;3;3171;f;0;ff;ff;3100,2922,2662,2991,3233,3095,2413,2783;3100,2922,2662,2991,3233,3095,2413,2783;100,100,100,100,100,100,100,100;OOOOOOOO;100;0;671;8
[RECV] BSDC91 notify: TR;3;3161;f;0;ff;7f;2493,2807,3425,2980,2317,2702,3086,0;2493,2807,3425,2980,2317,2702,3086,3418;100,100,100,100,100,100,100,10;OOOOOOOT;100;0;732;8
[RECV] BS2DCE notify: TR;3;3172;f;0;ff;ff;3106,3002,2642,3104,3252,3022,2326,2853;3106,3002,2642,3104,3252,3022,2326,2853;100,100,100,100,100,100,100,100;OOOOOOOO;100;0;701;8
[RECV] BSDC91 notify: TR;3;3162;f;0;ff;7f;2398,2912,3312,3063,2307,2824,3115,0;2398,2912,3312,3063,2307,2824,3115,3418;100,100,100,100,100,100,100,10;OOOOOOOT;100;0;671;8
[RECV] BS2DCE notify: RXG;1;3172;tag=1;mask=0xff;pc=8;guard=1200;spacing=1000;win=8165;pre=1;slot_to_entry_us=0;slot_to_sched_us=0;slot_to_write_done_us=0;slot_to_txcmd_us=274;slot_to_txdone_us=610;txcmd_to_txdone_us=335;txdone_to_rxstart_us=61;txdone_to_rxend_us=183;rxenable_
[RECV] BS2DCE notify: TR;3;3173;f;0;ff;ff;3124,2947,2569,2921,3229,2978,2369,2884;3124,2947,2569,2921,3229,2978,2369,2884;100,100,100,100,100,100,100,100;OOOOOOOO;100;0;30059;8
[RECV] BSDC91 notify: TR;3;3163;f;0;ff;ef;2453,3027,3311,2826,0,2881,3106,2751;2453,3027,3311,2826,2307,2881,3106,2751;100,100,100,100,95,100,100,14;OOOOTOOO;100;0;671;8
[RECV] BS2DCE notify: TR;3;3174;f;0;ff;ff;3189,2891,2630,2786,3322,2941,2382,2694;3189,2891,2630,2786,3322,2941,2382,2694;100,100,100,100,100,100,100,100;OOOOOOOO;100;0;701;8
[RECV] BSDC91 notify: TR;3;3164;f;0;ff;7f;2486,3073,3389,2820,2308,3025,3102,0;2486,3073,3389,2820,2308,3025,3102,2751;100,100,100,100,95,100,100,13;OOOOOOOT;99;0;732;8
[RECV] BS2DCE notify: TR;3;3175;f;0;ff;ff;3201,2863,2585,2985,3420,2908,2237,2902;3201,2863,2585,2985,3420,2908,2237,2902;100,100,100,100,100,100,100,100;OOOOOOOO;100;0;701;8
[RECV] BS2DCE notify: CD;1;3175;tag=1;local=0xb101;status=0x02806f02;rxf=0x07b6c814;win=8165;pc=8;mask=0xff;resp=8;unexp=0;last_len=20;last_src=0xa107;last_dst=0xb101;last_code=0xe1
[RECV] BS2DCE notify: TR;3;3176;f;0;ff;ff;3213,2792,2640,2861,3313,2851,2251,2876;3213,2792,2640,2861,3313,2851,2251,2876;100,100,100,100,100,100,100,100;OOOOOOOO;100;0;15502;8
[RECV] BS2DCE notify: TR;3;3177;f;0;ff;ff;3298,2723,2664,2897,3371,2804,2296,2981;3298,2723,2664,2897,3371,2804,2296,2981;100,100,100,100,100,100,100,100;OOOOOOOO;100;0;671;8
[RECV] BSDC91 notify: RXG;1;3164;tag=2;mask=0xff;pc=8;guard=1200;spacing=1000;win=8165;pre=1;slot_to_entry_us=0;slot_to_sched_us=0;slot_to_write_done_us=0;slot_to_txcmd_us=396;slot_to_txdone_us=732;txcmd_to_txdone_us=335;txdone_to_rxstart_us=61;txdone_to_rxend_us=183;rxenable_
[RECV] BSDC91 notify: CD;1;3164;tag=2;local=0xb102;status=0x00800b02;rxf=0x07a6c814;win=8165;pc=8;mask=0xff;resp=7;unexp=0;last_len=20;last_src=0xa106;last_dst=0xb102;last_code=0xe1
[RECV] BSDC91 notify: TR;3;3165;f;0;ff;7f;2556,3035,3335,2699,2237,2975,3238,0;2556,3035,3335,2699,2237,2975,3238,2751;100,100,100,100,95,100,100,13;OOOOOOOT;99;0;44158;8
[RECV] BSDC91 notify: TR;3;3166;f;0;ff;ff;2808,3069,3339,2631,2246,3090,3307,2565;2808,3069,3339,2631,2246,3090,3307,2565;100,100,100,100,95,100,100,16;OOOOOOOO;99;0;701;8
[RECV] BSDC91 notify: TR;3;3167;f;0;ff;ff;2463,3105,3307,2524,2464,3050,3181,2590;2463,3105,3307,2524,2464,3050,3181,2590;100,100,100,100,96,100,100,20;OOOOOOOO;89;0;854;8
[RECV] BS2DCE notify: TR;3;3178;f;0;ff;ff;3350,2689,2581,2874,3413,2761,2315,2811;3350,2689,2581,2874,3413,2761,2315,2811;100,100,100,100,100,100,100,100;OOOOOOOO;100;0;701;8
[RECV] BSDC91 notify: TR;3;3168;f;0;ff;ff;2430,3140,3412,2530,2329,2993,3186,2476;2430,3140,3412,2530,2329,2993,3186,2476;100,100,100,100,96,100,100,23;OOOOOOOO;89;0;671;8
[RECV] BSDC91 notify: TR;3;3169;f;0;ff;7f;2333,3266,3324,2627,2342,3137,3200,0;2333,3266,3324,2627,2342,3137,3200,2476;100,100,100,100,96,100,100,22;OOOOOOOT;99;0;671;8
[RECV] BS2DCE notify: TR;3;3179;f;0;ff;ff;3398,2651,2551,3010,4214,2634,2343,2965;3398,2651,2551,3010,4214,2634,2343,2965;100,100,100,100,100,100,100,100;OOOOOOOO;100;0;701;8
[RECV] BS2DCE notify: TR;3;3180;f;0;ff;ff;3329,2607,2535,2946,3592,2434,2341,2961;3329,2607,2535,2946,3592,2434,2341,2961;100,100,100,100,100,100,100,100;OOOOOOOO;100;0;701;8
[RECV] BSDC91 notify: TR;3;3170;f;0;ff;7f;2329,3245,3787,2380,2331,3131,3355,0;2329,3245,3787,2380,2331,3131,3355,2476;100,100,100,100,96,100,100,21;OOOOOOOT;99;0;671;8
[RECV] BS2DCE notify: TR;3;3181;f;0;ff;ff;3280,2608,2523,3061,3474,2518,2804,3009;3280,2608,2523,3061,3474,2518,2804,3009;100,100,100,100,100,100,100,100;OOOOOOOO;100;0;701;8
[RECV] BSDC91 notify: TR;3;3171;f;0;ff;ff;2325,3271,3481,2502,2414,3206,3238,2319;2325,3271,3481,2502,2414,3206,3238,2319;100,100,100,100,96,100,100,24;OOOOOOOO;90;0;671;8
[RECV] BS2DCE notify: TR;3;3182;f;0;ff;ff;3236,2566,2491,2990,3446,2453,2689,3094;3236,2566,2491,2990,3446,2453,2689,3094;100,100,100,100,100,100,100,100;OOOOOOOO;100;0;671;8
[RECV] BSDC91 notify: TR;3;3172;f;0;ff;ff;2377,3256,3458,2350,2409,3288,3311,2266;2377,3256,3458,2350,2409,3288,3311,2266;100,100,100,100,96,100,100,26;OOOOOOOO;90;0;671;8
[RECV] BS2DCE notify: RXG;1;3182;tag=1;mask=0xff;pc=8;guard=1200;spacing=1000;win=8165;pre=1;slot_to_entry_us=0;slot_to_sched_us=0;slot_to_write_done_us=0;slot_to_txcmd_us=274;slot_to_txdone_us=610;txcmd_to_txdone_us=335;txdone_to_rxstart_us=61;txdone_to_rxend_us=183;rxenable_
[RECV] BSDC91 notify: TR;3;3173;f;0;ff;7f;2388,3281,3493,2228,2448,3318,3171,0;2388,3281,3493,2228,2448,3318,3171,2266;100,100,100,100,96,100,100,25;OOOOOOOT;99;0;671;8
[RECV] BS2DCE notify: TR;3;3183;f;0;ff;ff;3294,2559,2511,3115,3150,2360,2580,3108;3294,2559,2511,3115,3150,2360,2580,3108;100,100,100,100,100,100,100,100;OOOOOOOO;100;0;29876;8
[RECV] BS2DCE notify: TR;3;3184;f;0;ff;ff;3281,2546,2518,3194,3405,2440,2639,3111;3281,2546,2518,3194,3405,2440,2639,3111;100,100,100,100,100,100,100,100;OOOOOOOO;100;0;671;8
[RECV] BSDC91 notify: TR;3;3174;f;0;ff;ff;2438,3304,3422,2337,2495,3352,3130,2242;2438,3304,3422,2337,2495,3352,3130,2242;100,100,100,100,96,100,100,28;OOOOOOOO;90;0;671;8
[RECV] BS2DCE notify: TR;3;3185;f;0;ff;ff;3307,2470,2656,3160,3313,2453,2687,3121;3307,2470,2656,3160,3313,2453,2687,3121;100,100,100,100,100,100,100,100;OOOOOOOO;100;0;671;8
[RECV] BS2DCE notify: CD;1;3185;tag=1;local=0xb101;status=0x02806f02;rxf=0x0776c814;win=8165;pc=8;mask=0xff;resp=8;unexp=0;last_len=20;last_src=0xa107;last_dst=0xb101;last_code=0xe1
[RECV] BS2DCE notify: TR;3;3186;f;0;ff;ff;3207,2535,2696,3329,3234,2421,2671,3129;3207,2535,2696,3329,3234,2421,2671,3129;100,100,100,100,100,100,100,100;OOOOOOOO;100;0;15441;8
[RECV] BSDC91 notify: RXG;1;3174;tag=2;mask=0xff;pc=8;guard=1200;spacing=1000;win=8165;pre=1;slot_to_entry_us=0;slot_to_sched_us=0;slot_to_write_done_us=0;slot_to_txcmd_us=274;slot_to_txdone_us=610;txcmd_to_txdone_us=335;txdone_to_rxstart_us=61;txdone_to_rxend_us=183;rxenable_
[RECV] BSDC91 notify: CD;1;3174;tag=2;local=0xb102;status=0x00800b02;rxf=0x0776c814;win=8165;pc=8;mask=0xff;resp=7;unexp=0;last_len=20;last_src=0xa106;last_dst=0xb102;last_code=0xe1
[RECV] BSDC91 notify: TR;3;3175;f;0;ff;7f;2474,3252,3442,2338,2523,3342,3074,0;2474,3252,3442,2338,2523,3342,3074,2242;100,100,100,100,100,100,100,29;OOOOOOOT;100;0;44158;8
[RECV] BS2DCE notify: TR;3;3187;f;0;ff;ff;3170,2641,2665,3155,3148,2414,2726,3114;3170,2641,2665,3155,3148,2414,2726,3114;100,100,100,100,100,100,100,100;OOOOOOOO;100;0;671;8
[RECV] BSDC91 notify: TR;3;3176;f;0;ff;7f;2557,3439,3261,2454,2624,3403,3082,0;2557,3439,3261,2454,2624,3403,3082,2242;100,100,100,100,100,100,100,27;OOOOOOOT;100;0;671;8
[RECV] BSDC91 notify: TR;3;3177;f;0;ff;ff;2576,3450,3074,2326,2660,3460,3103,2373;2576,3450,3074,2326,2660,3460,3103,2373;100,100,100,100,100,100,100,31;OOOOOOOO;91;0;701;8
[RECV] BS2DCE notify: TR;3;3188;f;0;ff;7f;3157,2689,2740,3268,3074,2526,2661,0;3157,2689,2740,3268,3074,2526,2661,3114;100,100,100,100,100,100,100,95;OOOOOOOT;100;0;701;8
[RECV] BSDC91 notify: TR;3;3178;f;0;ff;ff;2659,3458,3110,2327,2710,3346,3191,2124;2659,3458,3110,2327,2710,3346,3191,2124;100,100,100,100,100,100,100,35;OOOOOOOO;91;0;671;8
[RECV] BS2DCE notify: TR;3;3189;f;0;ff;ff;3131,2628,2762,3221,2983,2580,2665,3073;3131,2628,2762,3221,2983,2580,2665,3073;100,100,100,100,100,100,100,95;OOOOOOOO;99;0;671;8
[RECV] BSDC91 notify: TR;3;3179;f;0;ff;7f;2722,3682,3023,2273,2851,3373,3063,0;2722,3682,3023,2273,2851,3373,3063,2124;100,100,100,100,100,100,100,33;OOOOOOOT;100;0;671;8
[RECV] BS2DCE notify: TR;3;3190;f;0;ff;ff;3045,2495,2778,3250,2850,2490,2723,3235;3045,2495,2778,3250,2850,2490,2723,3235;100,100,100,100,100,100,100,95;OOOOOOOO;99;0;701;8
[RECV] BSDC91 notify: TR;3;3180;f;0;ff;ff;2804,3621,2969,2199,2995,3506,2921,2467;2804,3621,2969,2199,2995,3506,2921,2467;100,100,100,100,100,100,100,36;OOOOOOOO;92;0;671;8
[RECV] BS2DCE notify: TR;3;3191;f;0;ff;ff;2944,2545,2798,3617,2852,2712,2684,3197;2944,2545,2798,3617,2852,2712,2684,3197;100,100,100,100,100,100,100,95;OOOOOOOO;99;0;701;8
[RECV] BSDC91 notify: TR;3;3181;f;0;ff;7f;3523,3429,2959,2298,2965,3531,2880,0;3523,3429,2959,2298,2965,3531,2880,2467;100,100,100,100,100,100,100,34;OOOOOOOT;100;0;671;8
[RECV] BS2DCE notify: TR;3;3192;f;0;ff;ff;2931,2516,2779,2977,3053,2510,2633,3336;2931,2516,2779,2977,3053,2510,2633,3336;100,100,100,100,100,100,100,96;OOOOOOOO;99;0;701;8
[RECV] BSDC91 notify: TR;3;3182;f;0;ff;7f;3767,3494,2864,2128,2987,3390,2942,0;3767,3494,2864,2128,2987,3390,2942,2467;100,100,100,100,100,100,100,33;OOOOOOOT;100;0;671;8
[RECV] BS2DCE notify: RXG;1;3192;tag=1;mask=0xff;pc=8;guard=1200;spacing=1000;win=8165;pre=1;slot_to_entry_us=0;slot_to_sched_us=0;slot_to_write_done_us=0;slot_to_txcmd_us=274;slot_to_txdone_us=610;txcmd_to_txdone_us=335;txdone_to_rxstart_us=61;txdone_to_rxend_us=183;rxenable_
[RECV] BSDC91 notify: TR;3;3183;f;0;ff;ff;3742,3524,2819,2204,2955,3347,2904,2415;3742,3524,2819,2204,2955,3347,2904,2415;100,100,100,100,100,100,100,36;OOOOOOOO;92;0;671;8
[RECV] BS2DCE notify: TR;3;3193;f;0;ff;ff;2928,2516,2953,3367,3025,2503,2750,2870;2928,2516,2953,3367,3025,2503,2750,2870;100,100,100,100,100,100,100,96;OOOOOOOO;99;0;29846;8
[RECV] BSDC91 notify: TR;3;3184;f;0;ff;ff;3194,3512,2736,2393,2913,3307,2678,2414;3194,3512,2736,2393,2913,3307,2678,2414;100,100,100,100,100,100,100,38;OOOOOOOO;92;0;701;8
[RECV] BS2DCE notify: TR;3;3194;f;0;ff;ff;2864,2604,2991,3434,2782,2577,2785,3130;2864,2604,2991,3434,2782,2577,2785,3130;100,100,100,100,100,100,100,96;OOOOOOOO;99;0;701;8
[RECV] BS2DCE notify: TR;3;3195;f;0;ff;ff;2754,2600,3069,3407,2729,2608,2814,3120;2754,2600,3069,3407,2729,2608,2814,3120;100,100,100,100,100,100,100,96;OOOOOOOO;99;0;701;8
[RECV] BSDC91 notify: RXG;1;3184;tag=2;mask=0xff;pc=8;guard=1200;spacing=1000;win=8165;pre=1;slot_to_entry_us=0;slot_to_sched_us=0;slot_to_write_done_us=0;slot_to_txcmd_us=274;slot_to_txdone_us=610;txcmd_to_txdone_us=335;txdone_to_rxstart_us=61;txdone_to_rxend_us=183;rxenable_
[RECV] BSDC91 notify: CD;1;3184;tag=2;local=0xb102;status=0x00800b02;rxf=0x07b6c814;win=8165;pc=8;mask=0xff;resp=7;unexp=0;last_len=20;last_src=0xa106;last_dst=0xb102;last_code=0xe1
[RECV] BSDC91 notify: TR;3;3185;f;0;ff;7f;3235,3162,2654,2420,3003,3388,2595,0;3235,3162,2654,2420,3003,3388,2595,2414;100,100,100,100,100,100,100,37;OOOOOOOT;100;0;44097;8
[RECV] BS2DCE notify: CD;1;3195;tag=1;local=0xb101;status=0x02806f02;rxf=0x07c6c814;win=8165;pc=8;mask=0xff;resp=8;unexp=0;last_len=20;last_src=0xa107;last_dst=0xb101;last_code=0xe1
[RECV] BS2DCE notify: TR;3;3196;f;0;ff;ff;2760,2631,3210,3268,2671,2588,2848,3044;2760,2631,3210,3268,2671,2588,2848,3044;100,100,100,100,100,100,100,96;OOOOOOOO;99;0;15502;8
[RECV] BSDC91 notify: TR;3;3186;f;0;ff;ff;3149,3278,2571,2605,3041,3295,2568,2446;3149,3278,2571,2605,3041,3295,2568,2446;100,100,100,100,100,100,100,39;OOOOOOOO;92;0;671;8
[RECV] BS2DCE notify: TR;3;3197;f;0;ff;7f;2734,2633,3202,3068,2603,2635,2819,0;2734,2633,3202,3068,2603,2635,2819,3044;100,100,100,100,100,100,100,93;OOOOOOOT;100;0;793;8
[RECV] BSDC91 notify: TR;3;3187;f;0;ff;7f;3163,3167,2567,2453,3043,3495,2548,0;3163,3167,2567,2453,3043,3495,2548,2446;100,100,100,100,100,100,100,37;OOOOOOOT;100;0;671;8
[RECV] BS2DCE notify: TR;3;3198;f;0;ff;ff;2698,2700,3230,2933,2531,2695,2861,3118;2698,2700,3230,2933,2531,2695,2861,3118;100,100,100,100,100,100,100,93;OOOOOOOO;99;0;701;8
[RECV] BS2DCE notify: TR;3;3199;f;0;ff;ff;2701,2759,3230,2987,2547,2698,2940,2983;2701,2759,3230,2987,2547,2698,2940,2983;100,100,100,100,100,100,100,93;OOOOOOOO;99;0;671;8
[RECV] BSDC91 notify: TR;3;3188;f;0;ff;7f;3178,3136,2613,2495,3197,3317,2337,0;3178,3136,2613,2495,3197,3317,2337,2446;100,100,100,100,100,100,100,36;OOOOOOOT;100;0;671;8
[RECV] BSDC91 notify: TR;3;3189;f;0;ff;ff;3194,3121,2571,2686,3184,3149,2390,2667;3194,3121,2571,2686,3184,3149,2390,2667;100,100,100,100,100,100,100,38;OOOOOOOO;92;0;671;8
[RECV] BS2DCE notify: TR;3;3200;f;0;ff;7f;2669,2827,3216,2966,2496,2703,2998,0;2669,2827,3216,2966,2496,2703,2998,2983;100,100,100,100,100,100,100,88;OOOOOOOT;100;0;671;8
[RECV] BSDC91 notify: TR;3;3190;f;0;ff;ff;3180,3052,2565,2663,3225,3112,2336,2715;3180,3052,2565,2663,3225,3112,2336,2715;100,100,100,100,100,100,100,40;OOOOOOOO;92;0;701;8
[RECV] BS2DCE notify: TR;3;3201;f;0;ff;ff;2628,2901,3209,2894,2512,2749,3025,3060;2628,2901,3209,2894,2512,2749,3025,3060;100,100,100,100,100,100,100,88;OOOOOOOO;98;0;701;8
[RECV] BSDC91 notify: TR;3;3191;f;0;ff;7f;3215,2927,2446,2802,3328,3026,2318,0;3215,2927,2446,2802,3328,3026,2318,2715;100,100,100,100,100,100,100,41;OOOOOOOT;100;0;671;8
[RECV] BS2DCE notify: TR;3;3202;f;0;ff;ff;2600,2917,3191,2856,2469,2803,2989,2570;2600,2917,3191,2856,2469,2803,2989,2570;100,100,100,100,100,100,100,89;OOOOOOOO;98;0;701;8
[RECV] BSDC91 notify: TR;3;3192;f;0;ff;ff;3239,2837,2442,2888,3312,2972,2176,2953;3239,2837,2442,2888,3312,2972,2176,2953;100,100,100,100,100,100,100,44;OOOOOOOO;93;0;701;8
[RECV] BS2DCE notify: RXG;1;3202;tag=1;mask=0xff;pc=8;guard=1200;spacing=1000;win=8165;pre=1;slot_to_entry_us=0;slot_to_sched_us=0;slot_to_write_done_us=0;slot_to_txcmd_us=274;slot_to_txdone_us=610;txcmd_to_txdone_us=335;txdone_to_rxstart_us=61;txdone_to_rxend_us=183;rxenable_
[RECV] BS2DCE notify: TR;3;3203;f;0;ff;7f;2558,3034,3199,2913,2407,2906,3050,0;2558,3034,3199,2913,2407,2906,3050,2570;100,100,100,100,100,100,100,85;OOOOOOOT;100;0;30090;8
[RECV] BS2DCE notify: TR;3;3204;f;0;ff;5f;2650,3100,3287,2852,2438,0,3148,0;2650,3100,3287,2852,2438,2906,3148,2570;100,100,100,100,100,95,100,80;OOOOOTOT;100;0;671;8
[RECV] BSDC91 notify: TR;3;3193;f;0;ff;7f;3270,2826,2371,2715,3402,2949,2169,0;3270,2826,2371,2715,3402,2949,2169,2953;100,100,100,100,100,100,100,42;OOOOOOOT;100;0;671;8
[RECV] BSDC91 notify: TR;3;3194;f;0;ff;7f;3269,2807,2368,2855,3690,2864,2198,0;3269,2807,2368,2855,3690,2864,2198,2953;100,100,100,100,100,100,100,40;OOOOOOOT;100;0;671;8
[RECV] BS2DCE notify: TR;3;3205;f;0;ff;ff;2566,3108,3259,2703,2462,2943,3097,2744;2566,3108,3259,2703,2462,2943,3097,2744;100,100,100,100,100,95,100,81;OOOOOOOO;97;0;701;8
[RECV] BS2DCE notify: CD;1;3205;tag=1;local=0xb101;status=0x02806f02;rxf=0x07b6c814;win=8165;pc=8;mask=0xff;resp=8;unexp=0;last_len=20;last_src=0xa107;last_dst=0xb101;last_code=0xe1
[RECV] BS2DCE notify: TR;3;3206;f;0;ff;ff;2691,3134,3346,2694,2441,3015,3031,2582;2691,3134,3346,2694,2441,3015,3031,2582;100,100,100,100,100,95,100,82;OOOOOOOO;97;0;15502;8
[RECV] BSDC91 notify: RXG;1;3194;tag=2;mask=0xff;pc=8;guard=1200;spacing=1000;win=8165;pre=1;slot_to_entry_us=0;slot_to_sched_us=0;slot_to_write_done_us=0;slot_to_txcmd_us=335;slot_to_txdone_us=762;txcmd_to_txdone_us=427;txdone_to_rxstart_us=61;txdone_to_rxend_us=213;rxenable_
[RECV] BSDC91 notify: CD;1;3194;tag=2;local=0xb102;status=0x00806f02;rxf=0x07a6c814;win=8165;pc=8;mask=0xff;resp=8;unexp=0;last_len=20;last_src=0xa107;last_dst=0xb102;last_code=0xe1
[RECV] BSDC91 notify: TR;3;3195;f;0;ff;ff;3353,2752,2374,2874,3588,2795,2174,2874;3353,2752,2374,2874,3588,2795,2174,2874;100,100,100,100,100,100,100,42;OOOOOOOO;92;0;44250;8
[RECV] BSDC91 notify: TR;3;3196;f;0;ff;ff;3368,2682,2348,2856,3723,2701,2154,2958;3368,2682,2348,2856,3723,2701,2154,2958;100,100,100,100,100,100,100,45;OOOOOOOO;93;0;701;8
[RECV] BS2DCE notify: TR;3;3207;f;0;ff;ff;2714,3108,3352,2688,2467,2943,3064,2524;2714,3108,3352,2688,2467,2943,3064,2524;100,100,100,100,100,95,100,83;OOOOOOOO;97;0;701;8
[RECV] BSDC91 notify: TR;3;3197;f;0;ff;7f;3393,2652,2314,3213,3787,2622,2145,0;3393,2652,2314,3213,3787,2622,2145,2958;100,100,100,100,100,100,100,43;OOOOOOOT;100;0;671;8
[RECV] BS2DCE notify: TR;3;3208;f;0;ff;ff;2557,3173,3345,2681,2541,2998,3088,2159;2557,3173,3345,2681,2541,2998,3088,2159;100,100,100,100,100,96,100,84;OOOOOOOO;97;0;671;8
[RECV] BSDC91 notify: TR;3;3198;f;0;ff;ff;3377,2615,2266,3205,3449,2505,2276,3025;3377,2615,2266,3205,3449,2505,2276,3025;100,100,100,100,100,100,100,45;OOOOOOOO;93;0;671;8
[RECV] BS2DCE notify: TR;3;3209;f;0;ff;7f;2500,3070,3401,2569,2626,3066,3163,0;2500,3070,3401,2569,2626,3066,3163,2159;100,100,100,100,100,96,100,80;OOOOOOOT;99;0;701;8
[RECV] BSDC91 notify: TR;3;3199;f;0;ff;7f;3407,2581,2277,3197,3429,2497,2148,0;3407,2581,2277,3197,3429,2497,2148,3025;100,100,100,100,100,100,100,44;OOOOOOOT;100;0;671;8
[RECV] BS2DCE notify: TR;3;3210;f;0;ff;ff;2490,3186,3451,2627,2655,3083,3185,2458;2490,3186,3451,2627,2655,3083,3185,2458;100,100,100,100,100,96,100,81;OOOOOOOO;97;0;701;8
[RECV] BSDC91 notify: TR;3;3200;f;0;ff;7f;3410,2509,2331,3283,3411,2470,2587,0;3410,2509,2331,3283,3411,2470,2587,3025;100,100,100,100,100,100,100,42;OOOOOOOT;100;0;671;8
[RECV] BSDC91 notify: TR;3;3201;f;0;ff;ff;3360,2448,2337,3224,3384,2427,2400,3063;3360,2448,2337,3224,3384,2427,2400,3063;100,100,100,100,100,100,100,44;OOOOOOOO;93;0;671;8
[RECV] BSDC91 notify: TR;3;3202;f;0;ff;7f;3348,2436,2309,3106,3411,2451,2367,0;3348,2436,2309,3106,3411,2451,2367,3063;100,100,100,100,100,100,100,42;OOOOOOOT;100;0;671;8
[RECV] BS2DCE notify: TR;3;3211;f;0;ff;ff;2472,3140,3368,2486,2536,3108,3093,2466;2472,3140,3368,2486,2536,3108,3093,2466;100,100,100,100,100,96,100,82;OOOOOOOO;97;0;701;8
[RECV] BS2DCE notify: TR;3;3212;f;0;ff;7f;2484,3101,3278,2405,2601,3234,3129,0;2484,3101,3278,2405,2601,3234,3129,2466;100,100,100,100,100,96,100,79;OOOOOOOT;99;0;701;8
[RECV] BS2DCE notify: RXG;1;3212;tag=1;mask=0xff;pc=8;guard=1200;spacing=1000;win=8165;pre=1;slot_to_entry_us=0;slot_to_sched_us=0;slot_to_write_done_us=0;slot_to_txcmd_us=274;slot_to_txdone_us=610;txcmd_to_txdone_us=335;txdone_to_rxstart_us=61;txdone_to_rxend_us=183;rxenable_
[RECV] BS2DCE notify: TR;3;3213;f;0;ff;ff;2551,3223,3309,2414,2670,3260,3028,2408;2551,3223,3309,2414,2670,3260,3028,2408;100,100,100,100,100,96,100,80;OOOOOOOO;97;0;30334;8
[RECV] BSDC91 notify: TR;3;3203;f;0;ff;7f;3316,2384,2383,3176,3351,2307,2395,0;3316,2384,2383,3176,3351,2307,2395,3063;100,100,100,100,100,100,100,41;OOOOOOOT;100;0;671;8
[RECV] BS2DCE notify: TR;3;3214;f;0;ff;ff;2559,3289,3313,2331,2675,3209,3016,2332;2559,3289,3313,2331,2675,3209,3016,2332;100,100,100,100,100,96,100,80;OOOOOOOO;97;0;701;8
[RECV] BSDC91 notify: TR;3;3204;f;0;ff;ff;3361,2378,2423,3248,3401,2321,2359,3122;3361,2378,2423,3248,3401,2321,2359,3122;100,100,100,100,100,100,100,43;OOOOOOOO;92;0;701;8
[RECV] BSDC91 notify: RXG;1;3204;tag=2;mask=0xff;pc=8;guard=1200;spacing=1000;win=8165;pre=1;slot_to_entry_us=0;slot_to_sched_us=0;slot_to_write_done_us=0;slot_to_txcmd_us=274;slot_to_txdone_us=610;txcmd_to_txdone_us=335;txdone_to_rxstart_us=61;txdone_to_rxend_us=183;rxenable_
[RECV] BS2DCE notify: TR;3;3215;f;0;ff;ff;2589,3132,3422,2411,2632,3224,3002,2368;2589,3132,3422,2411,2632,3224,3002,2368;100,100,100,100,100,96,100,81;OOOOOOOO;97;0;701;8
[RECV] BS2DCE notify: CD;1;3215;tag=1;local=0xb101;status=0x02806f02;rxf=0x07b6c814;win=8165;pc=8;mask=0xff;resp=8;unexp=0;last_len=20;last_src=0xa107;last_dst=0xb101;last_code=0xe1
[RECV] BSDC91 notify: CD;1;3204;tag=2;local=0xb102;status=0x00800b02;rxf=0x0786c814;win=8165;pc=8;mask=0xff;resp=7;unexp=0;last_len=20;last_src=0xa106;last_dst=0xb102;last_code=0xe1
[RECV] BS2DCE notify: TR;3;3216;f;0;ff;ff;2673,3230,3278,2429,2645,3287,3020,2371;2673,3230,3278,2429,2645,3287,3020,2371;100,100,100,100,100,100,100,82;OOOOOOOO;97;0;15502;8
[RECV] BSDC91 notify: TR;3;3205;f;0;ff;7f;3396,2413,2424,3271,3254,2262,2410,0;3396,2413,2424,3271,3254,2262,2410,3122;100,100,100,100,100,100,100,41;OOOOOOOT;100;0;44097;8
[RECV] BSDC91 notify: TR;3;3206;f;0;ff;7f;3298,2427,2504,3324,3199,2308,2460,0;3298,2427,2504,3324,3199,2308,2460,3122;100,100,100,100,100,100,100,40;OOOOOOOT;100;0;671;8
[RECV] BS2DCE notify: TR;3;3217;f;0;ff;ff;2684,3419,3218,2367,2795,3298,2997,2392;2684,3419,3218,2367,2795,3298,2997,2392;100,100,100,100,100,100,100,83;OOOOOOOO;97;0;701;8
[RECV] BSDC91 notify: TR;3;3207;f;0;ff;ff;3253,2501,2544,3279,3143,2324,2503,3251;3253,2501,2544,3279,3143,2324,2503,3251;100,100,100,100,100,100,100,47;OOOOOOOO;93;0;701;8
[RECV] BS2DCE notify: TR;3;3218;f;0;ff;7f;2722,3445,3202,2448,2758,3369,3115,0;2722,3445,3202,2448,2758,3369,3115,2392;100,100,100,100,100,100,100,78;OOOOOOOT;100;0;701;8
[RECV] BSDC91 notify: TR;3;3208;f;0;ff;ff;3191,2588,2631,3262,3108,2349,2493,3407;3191,2588,2631,3262,3108,2349,2493,3407;100,100,100,100,100,100,100,50;OOOOOOOO;93;0;671;8
[RECV] BS2DCE notify: TR;3;3219;f;0;ff;ff;2799,3402,3056,2581,2788,3460,2934,2392;2799,3402,3056,2581,2788,3460,2934,2392;100,100,100,100,100,100,100,80;OOOOOOOO;97;0;701;8
[RECV] BSDC91 notify: TR;3;3209;f;0;ff;7f;3153,2439,2629,3354,3072,2456,2564,0;3153,2439,2629,3354,3072,2456,2564,3407;100,100,100,100,100,100,100,47;OOOOOOOT;100;0;701;8
[RECV] BS2DCE notify: TR;3;3220;f;0;ff;ff;2931,3373,3006,2515,2816,3447,2945,2438;2931,3373,3006,2515,2816,3447,2945,2438;100,100,100,100,100,100,100,80;OOOOOOOO;97;0;671;8
[RECV] BSDC91 notify: TR;3;3210;f;0;ff;ff;3100,2412,2706,3430,3318,2873,2632,3403;3100,2412,2706,3430,3318,2873,2632,3403;100,100,100,100,100,100,100,50;OOOOOOOO;93;0;701;8
[RECV] BS2DCE notify: TR;3;3221;f;0;ff;7f;3160,3438,2955,2421,2827,3369,2936,0;3160,3438,2955,2421,2827,3369,2936,2438;100,100,100,100,100,100,100,77;OOOOOOOT;100;0;671;8
[RECV] BS2DCE notify: TR;3;3222;f;0;ff;ff;3212,3397,2892,2249,2879,3317,2909,2600;3212,3397,2892,2249,2879,3317,2909,2600;100,100,100,100,100,100,100,78;OOOOOOOO;97;0;701;8
[RECV] BSDC91 notify: TR;3;3211;f;0;ff;7f;3091,2422,2766,3368,3136,2420,2624,0;3091,2422,2766,3368,3136,2420,2624,3403;100,100,100,100,100,100,100,47;OOOOOOOT;100;0;671;8
[RECV] BS2DCE notify: RXG;1;3222;tag=1;mask=0xff;pc=8;guard=1200;spacing=1000;win=8165;pre=1;slot_to_entry_us=0;slot_to_sched_us=0;slot_to_write_done_us=0;slot_to_txcmd_us=274;slot_to_txdone_us=610;txcmd_to_txdone_us=335;txdone_to_rxstart_us=61;txdone_to_rxend_us=183;rxenable_
[RECV] BS2DCE notify: TR;3;3223;f;0;ff;ff;3150,3288,2887,2338,2988,3282,2832,2550;3150,3288,2887,2338,2988,3282,2832,2550;100,100,100,100,100,100,100,79;OOOOOOOO;97;0;29907;8
[RECV] BS2DCE notify: TR;3;3224;f;0;ff;7f;3105,3377,2904,2415,2863,3254,2829,0;3105,3377,2904,2415,2863,3254,2829,2550;100,100,100,100,100,100,100,76;OOOOOOOT;100;0;701;8
[RECV] BSDC91 notify: TR;3;3212;f;0;ff;7f;2943,2383,2830,3286,3012,2436,2702,0;2943,2383,2830,3286,3012,2436,2702,3403;100,100,100,100,100,100,100,45;OOOOOOOT;100;0;671;8
[RECV] BS2DCE notify: TR;3;3225;f;0;ff;ff;3046,3315,2805,2473,2921,3240,2734,2573;3046,3315,2805,2473,2921,3240,2734,2573;100,100,100,100,100,100,100,76;OOOOOOOO;97;0;701;8
[RECV] BS2DCE notify: CD;1;3225;tag=1;local=0xb101;status=0x02806f02;rxf=0x0776c814;win=8165;pc=8;mask=0xff;resp=8;unexp=0;last_len=20;last_src=0xa107;last_dst=0xb101;last_code=0xe1
[RECV] BS2DCE notify: TR;3;3226;f;0;ff;ff;3065,3191,2764,2616,2991,3252,2720,2482;3065,3191,2764,2616,2991,3252,2720,2482;100,100,100,100,100,100,100,77;OOOOOOOO;97;0;15441;8
[RECV] BS2DCE notify: TR;3;3227;f;0;ff;7f;3064,3182,2764,2631,3016,3227,2672,0;3064,3182,2764,2631,3016,3227,2672,2482;100,100,100,100,100,100,100,75;OOOOOOOT;100;0;701;8
[RECV] BSDC91 notify: TR;3;3213;f;0;ff;ff;2916,2370,2863,3280,2937,2317,2737,2730;2916,2370,2863,3280,2937,2317,2737,2730;100,100,100,100,100,100,100,47;OOOOOOOO;93;0;701;8
[RECV] BSDC91 notify: TR;3;3214;f;0;ff;7f;2805,2437,2917,3269,2862,2464,2744,0;2805,2437,2917,3269,2862,2464,2744,2730;100,100,100,100,100,100,100,45;OOOOOOOT;100;0;671;8
[RECV] BS2DCE notify: TR;3;3228;f;0;ff;ff;3112,3086,2681,2674,3048,3117,2572,2637;3112,3086,2681,2674,3048,3117,2572,2637;100,100,100,100,100,100,100,75;OOOOOOOO;96;0;701;8
[RECV] BSDC91 notify: RXG;1;3214;tag=2;mask=0xff;pc=8;guard=1200;spacing=1000;win=8165;pre=1;slot_to_entry_us=0;slot_to_sched_us=0;slot_to_write_done_us=0;slot_to_txcmd_us=274;slot_to_txdone_us=610;txcmd_to_txdone_us=335;txdone_to_rxstart_us=61;txdone_to_rxend_us=183;rxenable_
[RECV] BSDC91 notify: CD;1;3214;tag=2;local=0xb102;status=0x00800f02;rxf=0x07c6c814;win=8165;pc=8;mask=0xff;resp=7;unexp=0;last_len=20;last_src=0xa106;last_dst=0xb102;last_code=0xe1
[RECV] BSDC91 notify: TR;3;3215;f;0;ff;7f;2740,2480,2970,3206,2745,2525,2794,0;2740,2480,2970,3206,2745,2525,2794,2730;100,100,100,100,100,100,100,44;OOOOOOOT;100;0;44128;8
[RECV] BSDC91 notify: TR;3;3216;f;0;ff;ff;2629,2502,3106,3301,2667,2614,2881,3028;2629,2502,3106,3301,2667,2614,2881,3028;100,100,100,100,100,100,100,46;OOOOOOOO;93;0;671;8
[RECV] BSDC91 notify: TR;3;3217;f;0;ff;7f;2657,2549,3123,3084,2582,2570,2946,0;2657,2549,3123,3084,2582,2570,2946,3028;100,100,100,100,100,100,100,44;OOOOOOOT;100;0;671;8
[RECV] BSDC91 notify: TR;3;3218;f;0;ff;7f;2625,2567,3162,3142,2486,2574,2928,0;2625,2567,3162,3142,2486,2574,2928,3028;100,100,100,100,100,100,100,42;OOOOOOOT;100;0;671;8
[RECV] BS2DCE notify: TR;3;3229;f;0;ff;ff;3078,3037,2690,2793,3173,3151,2509,2641;3078,3037,2690,2793,3173,3151,2509,2641;100,100,100,100,100,100,100,76;OOOOOOOO;97;0;701;8
[RECV] BSDC91 notify: TR;3;3219;f;0;ff;ff;2623,2669,3296,3080,2456,2685,2951,3007;2623,2669,3296,3080,2456,2685,2951,3007;100,100,100,100,100,100,100,44;OOOOOOOO;93;0;671;8
[RECV] BS2DCE notify: TR;3;3230;f;0;ff;7f;3069,2987,2635,2748,3253,3131,2475,0;3069,2987,2635,2748,3253,3131,2475,2641;100,100,100,100,100,100,100,74;OOOOOOOT;100;0;701;8
[RECV] BS2DCE notify: TR;3;3231;f;0;ff;ff;3140,2936,2651,2860,3196,3044,2448,2791;3140,2936,2651,2860,3196,3044,2448,2791;100,100,100,100,100,100,100,75;OOOOOOOO;96;0;701;8
[RECV] BS2DCE notify: TR;3;3232;f;0;ff;ff;3138,2968,2631,2845,3281,2973,2332,2786;3138,2968,2631,2845,3281,2973,2332,2786;100,100,100,100,100,100,100,76;OOOOOOOO;97;0;701;8
[RECV] BS2DCE notify: RXG;1;3232;tag=1;mask=0xff;pc=8;guard=1200;spacing=1000;win=8165;pre=1;slot_to_entry_us=0;slot_to_sched_us=0;slot_to_write_done_us=0;slot_to_txcmd_us=274;slot_to_txdone_us=610;txcmd_to_txdone_us=335;txdone_to_rxstart_us=61;txdone_to_rxend_us=183;rxenable_
[RECV] BSDC91 notify: TR;3;3220;f;0;ff;7f;2634,2713,3395,3002,2354,2639,3008,0;2634,2713,3395,3002,2354,2639,3008,3007;100,100,100,100,100,100,100,43;OOOOOOOT;100;0;671;8
[RECV] BS2DCE notify: TR;3;3233;f;0;ff;7f;3162,2934,2617,2802,3128,3039,2364,0;3162,2934,2617,2802,3128,3039,2364,2786;100,100,100,100,100,100,100,72;OOOOOOOT;100;0;30059;8
[RECV] BSDC91 notify: TR;3;3221;f;0;ff;7f;2580,2793,3431,2964,2343,2680,3124,0;2580,2793,3431,2964,2343,2680,3124,3007;100,100,100,100,100,100,100,41;OOOOOOOT;100;0;671;8
[RECV] BSDC91 notify: TR;3;3222;f;0;ff;ff;2457,2844,3388,2986,2315,2754,3083,2808;2457,2844,3388,2986,2315,2754,3083,2808;100,100,100,100,100,100,100,43;OOOOOOOO;92;0;701;8
[RECV] BSDC91 notify: TR;3;3223;f;0;ff;ff;2392,2956,3340,2821,2254,2299,3136,2774;2392,2956,3340,2821,2254,2299,3136,2774;100,100,100,100,100,100,100,47;OOOOOOOO;93;0;701;8
[RECV] BS2DCE notify: TR;3;3234;f;0;ff;ff;3161,2906,2594,3142,3320,2961,2388,2899;3161,2906,2594,3142,3320,2961,2388,2899;100,100,100,100,100,100,100,73;OOOOOOOO;96;0;701;8
[RECV] BSDC91 notify: TR;3;3224;f;0;ff;7f;2509,3023,3395,2823,2211,3030,3139,0;2509,3023,3395,2823,2211,3030,3139,2774;100,100,100,100,100,100,100,44;OOOOOOOT;100;0;671;8
[RECV] BS2DCE notify: TR;3;3235;f;0;ff;ff;3162,2868,2573,3038,3358,2870,2336,2872;3162,2868,2573,3038,3358,2870,2336,2872;100,100,100,100,100,100,100,75;OOOOOOOO;96;0;701;8
[RECV] BS2DCE notify: CD;1;3235;tag=1;local=0xb101;status=0x02800f02;rxf=0x0796c814;win=8165;pc=8;mask=0xff;resp=7;unexp=0;last_len=20;last_src=0xa106;last_dst=0xb101;last_code=0xe1
[RECV] BS2DCE notify: TR;3;3236;f;0;ff;7f;3224,2892,2609,2964,3422,2885,2344,0;3224,2892,2609,2964,3422,2885,2344,2872;100,100,100,100,100,100,100,71;OOOOOOOT;100;0;15563;8
[RECV] BS2DCE notify: TR;3;3237;f;0;ff;ff;3264,2728,2654,3007,3346,2759,2280,2944;3264,2728,2654,3007,3346,2759,2280,2944;100,100,100,100,100,100,100,72;OOOOOOOO;96;0;701;8
[RECV] BSDC91 notify: RXG;1;3224;tag=2;mask=0xff;pc=8;guard=1200;spacing=1000;win=8165;pre=1;slot_to_entry_us=0;slot_to_sched_us=0;slot_to_write_done_us=0;slot_to_txcmd_us=274;slot_to_txdone_us=762;txcmd_to_txdone_us=488;txdone_to_rxstart_us=91;txdone_to_rxend_us=213;rxenable_
[RECV] BSDC91 notify: CD;1;3224;tag=2;local=0xb102;status=0x00806f02;rxf=0x07a6c814;win=8165;pc=8;mask=0xff;resp=8;unexp=0;last_len=20;last_src=0xa107;last_dst=0xb102;last_code=0xe1
[RECV] BSDC91 notify: TR;3;3225;f;0;ff;ff;2590,3089,3352,2662,2275,3006,3212,2631;2590,3089,3352,2662,2275,3006,3212,2631;100,100,100,100,100,100,100,47;OOOOOOOO;93;0;44219;8
[RECV] BS2DCE notify: TR;3;3238;f;0;ff;ff;3367,2749,2635,3182,3340,2634,2355,2549;3367,2749,2635,3182,3340,2634,2355,2549;100,100,100,100,100,100,100,73;OOOOOOOO;96;0;701;8
[RECV] BSDC91 notify: TR;3;3226;f;0;ff;7f;2752,3065,3337,2620,2286,3033,3316,0;2752,3065,3337,2620,2286,3033,3316,2631;100,100,100,100,100,100,100,45;OOOOOOOT;100;0;671;8
[RECV] BSDC91 notify: TR;3;3227;f;0;ff;ff;2510,3077,3315,2842,2339,3032,3187,2156;2510,3077,3315,2842,2339,3032,3187,2156;100,100,100,100,100,100,100,47;OOOOOOOO;93;0;762;8
[RECV] BSDC91 notify: TR;3;3228;f;0;ff;ff;2429,3120,3384,2589,2377,3001,3249,2482;2429,3120,3384,2589,2377,3001,3249,2482;100,100,100,100,100,100,100,50;OOOOOOOO;93;0;701;8
[RECV] BS2DCE notify: TR;3;3239;f;0;ff;7f;3388,2635,2558,2966,3285,2611,2407,0;3388,2635,2558,2966,3285,2611,2407,2549;100,100,100,100,100,100,100,70;OOOOOOOT;100;0;671;8
[RECV] BS2DCE notify: TR;3;3240;f;0;ff;ff;3297,2640,2541,3068,3606,2580,2380,2981;3297,2640,2541,3068,3606,2580,2380,2981;100,100,100,100,100,100,100,72;OOOOOOOO;96;0;701;8
[RECV] BSDC91 notify: TR;3;3229;f;0;ff;7f;2361,3192,3287,2557,2339,3117,3281,0;2361,3192,3287,2557,2339,3117,3281,2482;100,100,100,100,100,100,100,47;OOOOOOOT;100;0;671;8
[RECV] BSDC91 notify: TR;3;3230;f;0;ff;7f;2316,3254,3575,2472,2331,3105,3222,0;2316,3254,3575,2472,2331,3105,3222,2482;100,100,100,100,100,100,100,45;OOOOOOOT;100;0;671;8
[RECV] BS2DCE notify: TR;3;3241;f;0;ff;ff;3293,2590,2506,3104,3543,2538,2871,3074;3293,2590,2506,3104,3543,2538,2871,3074;100,100,100,100,100,100,100,73;OOOOOOOO;96;0;701;8
[RECV] BSDC91 notify: TR;3;3231;f;0;ff;ff;2279,3226,3530,2362,2393,3243,3267,2382;2279,3226,3530,2362,2393,3243,3267,2382;100,100,100,100,100,100,100,48;OOOOOOOO;93;0;701;8
[RECV] BS2DCE notify: TR;3;3242;f;0;ff;7f;3241,2568,2547,3093,3467,2457,2648,0;3241,2568,2547,3093,3467,2457,2648,3074;100,100,100,100,100,100,100,70;OOOOOOOT;100;0;671;8
[RECV] BSDC91 notify: TR;3;3232;f;0;ff;7f;2331,3252,3457,2302,2386,3152,3319,0;2331,3252,3457,2302,2386,3152,3319,2382;100,100,100,100,100,100,100,46;OOOOOOOT;100;0;671;8
[RECV] BS2DCE notify: RXG;1;3242;tag=1;mask=0xff;pc=8;guard=1200;spacing=1000;win=8165;pre=1;slot_to_entry_us=0;slot_to_sched_us=0;slot_to_write_done_us=0;slot_to_txcmd_us=274;slot_to_txdone_us=610;txcmd_to_txdone_us=335;txdone_to_rxstart_us=61;txdone_to_rxend_us=183;rxenable_
[RECV] BS2DCE notify: TR;3;3243;f;0;ff;ff;3349,2578,2501,3121,3365,2478,2620,3163;3349,2578,2501,3121,3365,2478,2620,3163;100,100,100,100,100,100,100,71;OOOOOOOO;96;0;29907;8
[RECV] BSDC91 notify: TR;3;3233;f;0;ff;7f;2374,3245,3551,2241,2395,3274,3276,0;2374,3245,3551,2241,2395,3274,3276,2382;100,100,100,100,100,100,100,44;OOOOOOOT;100;0;671;8
[RECV] BS2DCE notify: TR;3;3244;f;0;ff;ff;3311,2570,2550,3214,3484,2403,2572,3154;3311,2570,2550,3214,3484,2403,2572,3154;100,100,100,100,100,100,100,72;OOOOOOOO;96;0;701;8
[RECV] BS2DCE notify: TR;3;3245;f;0;ff;ff;3311,2519,2565,3070,3347,2484,2602,3137;3311,2519,2565,3070,3347,2484,2602,3137;100,100,100,100,100,100,100,73;OOOOOOOO;96;0;701;8
[RECV] BSDC91 notify: TR;3;3234;f;0;ff;ff;2425,3326,3431,2259,2442,3366,3071,2286;2425,3326,3431,2259,2442,3366,3071,2286;100,100,100,100,100,100,100,46;OOOOOOOO;93;0;701;8
[RECV] BS2DCE notify: CD;1;3245;tag=1;local=0xb101;status=0x02806f02;rxf=0x07b6c814;win=8165;pc=8;mask=0xff;resp=8;unexp=0;last_len=20;last_src=0xa107;last_dst=0xb101;last_code=0xe1
[RECV] BSDC91 notify: RXG;1;3234;tag=2;mask=0xff;pc=8;guard=1200;spacing=1000;win=8165;pre=1;slot_to_entry_us=0;slot_to_sched_us=0;slot_to_write_done_us=0;slot_to_txcmd_us=274;slot_to_txdone_us=610;txcmd_to_txdone_us=335;txdone_to_rxstart_us=61;txdone_to_rxend_us=183;rxenable_
[RECV] BS2DCE notify: TR;3;3246;f;0;ff;ff;3269,2527,2616,3206,3264,2470,2604,3113;3269,2527,2616,3206,3264,2470,2604,3113;100,100,100,100,100,100,100,74;OOOOOOOO;96;0;15472;8
[RECV] BS2DCE notify: TR;3;3247;f;0;ff;ff;3170,2560,2669,3195,3171,2431,2627,3064;3170,2560,2669,3195,3171,2431,2627,3064;100,100,100,100,100,100,100,75;OOOOOOOO;96;0;701;8
[RECV] BSDC91 notify: CD;1;3234;tag=2;local=0xb102;status=0x00806f02;rxf=0x0796c814;win=8165;pc=8;mask=0xff;resp=8;unexp=0;last_len=20;last_src=0xa107;last_dst=0xb102;last_code=0xe1
[RECV] BSDC91 notify: TR;3;3235;f;0;ff;ff;2472,3302,3769,2265,2537,3310,3053,2271;2472,3302,3769,2265,2537,3310,3053,2271;100,100,100,100,100,100,100,48;OOOOOOOO;93;0;44403;8
[RECV] BSDC91 notify: TR;3;3236;f;0;ff;7f;2514,3304,3388,2316,2642,3347,3063,0;2514,3304,3388,2316,2642,3347,3063,2271;100,100,100,100,100,100,100,46;OOOOOOOT;100;0;671;8
[RECV] BSDC91 notify: TR;3;3237;f;0;ff;7f;2515,3411,3193,2322,2604,3452,3105,0;2515,3411,3193,2322,2604,3452,3105,2271;100,100,100,100,100,100,100,45;OOOOOOOT;100;0;671;8
[RECV] BS2DCE notify: TR;3;3248;f;0;ff;7f;3183,2674,2704,3142,3157,2435,2687,0;3183,2674,2704,3142,3157,2435,2687,3064;100,100,100,100,100,100,100,70;OOOOOOOT;100;0;671;8
[RECV] BSDC91 notify: TR;3;3238;f;0;ff;7f;2612,3438,3146,2310,2676,3485,3159,0;2612,3438,3146,2310,2676,3485,3159,2271;100,100,100,100,100,100,100,43;OOOOOOOT;100;0;671;8
[RECV] BS2DCE notify: TR;3;3249;f;0;ff;ff;3089,2731,2737,3243,3089,2528,2700,3153;3089,2731,2737,3243,3089,2528,2700,3153;100,100,100,100,100,100,100,72;OOOOOOOO;96;0;701;8
[RECV] BSDC91 notify: TR;3;3239;f;0;ff;7f;2657,3446,3084,2331,2683,3345,3211,0;2657,3446,3084,2331,2683,3345,3211,2271;100,100,100,100,100,100,100,41;OOOOOOOT;100;0;701;8
[RECV] BS2DCE notify: TR;3;3250;f;0;ff;ff;3112,2660,2721,3261,2953,2514,2667,3281;3112,2660,2721,3261,2953,2514,2667,3281;100,100,100,100,100,100,100,73;OOOOOOOO;96;0;701;8
[RECV] BSDC91 notify: TR;3;3240;f;0;ff;ff;2732,3677,3027,2202,2826,3319,3020,2689;2732,3677,3027,2202,2826,3319,3020,2689;100,100,100,100,100,100,100,44;OOOOOOOO;93;0;701;8
[RECV] BS2DCE notify: TR;3;3251;f;0;ff;7f;3045,2524,2819,3165,2849,2550,2745,0;3045,2524,2819,3165,2849,2550,2745,3281;100,100,100,100,100,100,100,70;OOOOOOOT;100;0;671;8
[RECV] BSDC91 notify: TR;3;3241;f;0;ff;7f;2863,3637,2980,2132,2959,3444,2987,0;2863,3637,2980,2132,2959,3444,2987,2689;100,100,100,100,100,100,100,42;OOOOOOOT;100;0;671;8
[RECV] BS2DCE notify: TR;3;3252;f;0;ff;ff;2977,2535,2819,3585,2881,2728,2719,2974;2977,2535,2819,3585,2881,2728,2719,2974;100,100,100,100,100,100,100,71;OOOOOOOO;96;0;701;8
[RECV] BSDC91 notify: TR;3;3242;f;0;ff;7f;3545,3438,2918,2162,2916,3471,2952,0;3545,3438,2918,2162,2916,3471,2952,2689;100,100,100,100,100,100,100,40;OOOOOOOT;100;0;671;8
[RECV] BSDC91 notify: TR;3;3243;f;0;ff;ff;3604,3421,2932,2111,3016,3467,2815,2396;3604,3421,2932,2111,3016,3467,2815,2396;100,100,100,100,100,100,100,42;OOOOOOOO;92;0;701;8
[RECV] BS2DCE notify: RXG;1;3252;tag=1;mask=0xff;pc=8;guard=1200;spacing=1000;win=8165;pre=1;slot_to_entry_us=0;slot_to_sched_us=0;slot_to_write_done_us=0;slot_to_txcmd_us=274;slot_to_txdone_us=610;txcmd_to_txdone_us=335;txdone_to_rxstart_us=61;txdone_to_rxend_us=183;rxenable_
[RECV] BS2DCE notify: TR;3;3253;f;0;ff;ff;2984,2478,2883,2979,3117,2551,2716,3317;2984,2478,2883,2979,3117,2551,2716,3317;100,100,100,100,100,100,100,72;OOOOOOOO;96;0;29907;8
[RECV] BS2DCE notify: TR;3;3254;f;0;ff;7f;2925,2592,2916,3336,3060,2580,2736,0;2925,2592,2916,3336,3060,2580,2736,3317;100,100,100,100,100,100,100,69;OOOOOOOT;100;0;701;8
[RECV] BSDC91 notify: TR;3;3244;f;0;ff;7f;3796,3503,2740,2322,2923,3351,2779,0;3796,3503,2740,2322,2923,3351,2779,2396;100,100,100,100,100,100,100,40;OOOOOOOT;100;0;671;8
[RECV] BS2DCE notify: TR;3;3255;f;0;ff;ff;2841,2576,2948,3400,2875,2535,2831,3182;2841,2576,2948,3400,2875,2535,2831,3182;100,100,100,100,100,100,100,70;OOOOOOOO;96;0;701;8
[RECV] BSDC91 notify: RXG;1;3244;tag=2;mask=0xff;pc=8;guard=1200;spacing=1000;win=8165;pre=1;slot_to_entry_us=0;slot_to_sched_us=0;slot_to_write_done_us=0;slot_to_txcmd_us=274;slot_to_txdone_us=610;txcmd_to_txdone_us=335;txdone_to_rxstart_us=61;txdone_to_rxend_us=183;rxenable_
[RECV] BSDC91 notify: CD;1;3244;tag=2;local=0xb102;status=0x00800b02;rxf=0x0786c814;win=8165;pc=8;mask=0xff;resp=7;unexp=0;last_len=20;last_src=0xa106;last_dst=0xb102;last_code=0xe1
[RECV] BSDC91 notify: TR;3;3245;f;0;ff;7f;3227,3461,2718,2266,2935,3322,2647,0;3227,3461,2718,2266,2935,3322,2647,2396;100,100,100,100,100,100,100,39;OOOOOOOT;100;0;44097;8
[RECV] BSDC91 notify: TR;3;3246;f;0;ff;ff;3287,3173,2652,2284,2948,3339,2629,2236;3287,3173,2652,2284,2948,3339,2629,2236;100,100,100,100,100,100,100,41;OOOOOOOO;92;0;701;8
[RECV] BS2DCE notify: CD;1;3255;tag=1;local=0xb101;status=0x02806f02;rxf=0x07c6c814;win=8165;pc=8;mask=0xff;resp=8;unexp=0;last_len=20;last_src=0xa107;last_dst=0xb101;last_code=0xe1
[RECV] BS2DCE notify: TR;3;3256;f;0;ff;ff;2789,2602,3140,3386,2724,2564,2781,3174;2789,2602,3140,3386,2724,2564,2781,3174;100,100,100,100,100,100,100,72;OOOOOOOO;96;0;15533;8
[RECV] BSDC91 notify: TR;3;3247;f;0;ff;7f;3135,3199,2628,2488,3023,3372,2585,0;3135,3199,2628,2488,3023,3372,2585,2236;100,100,100,100,100,100,100,40;OOOOOOOT;100;0;671;8
[RECV] BS2DCE notify: TR;3;3257;f;0;ff;7f;2738,2613,3195,3264,2685,2640,2849,0;2738,2613,3195,3264,2685,2640,2849,3174;100,100,100,100,100,100,100,69;OOOOOOOT;100;0;701;8
[RECV] BSDC91 notify: TR;3;3248;f;0;ff;7f;3190,3146,2525,2532,3107,3476,2409,0;3190,3146,2525,2532,3107,3476,2409,2236;100,100,100,100,100,100,100,38;OOOOOOOT;100;0;671;8
[RECV] BSDC91 notify: TR;3;3249;f;0;ff;7f;3147,3128,2497,2523,3200,3146,2363,0;3147,3128,2497,2523,3200,3146,2363,2236;100,100,100,100,100,100,100,37;OOOOOOOT;100;0;671;8
[RECV] BS2DCE notify: TR;3;3258;f;0;ff;ff;2714,2678,3211,3086,2590,2711,2809,2987;2714,2678,3211,3086,2590,2711,2809,2987;100,100,100,100,100,100,100,70;OOOOOOOO;96;0;793;8
[RECV] BS2DCE notify: TR;3;3259;f;0;ff;ff;2676,2761,3234,2918,2551,2672,2896,3208;2676,2761,3234,2918,2551,2672,2896,3208;100,100,100,100,100,100,100,71;OOOOOOOO;96;0;701;8
[RECV] BS2DCE notify: TR;3;3260;f;0;ff;7f;2623,2814,3200,2924,2505,2783,2999,0;2623,2814,3200,2924,2505,2783,2999,3208;100,100,100,100,100,100,100,68;OOOOOOOT;100;0;671;8
[RECV] BS2DCE notify: TR;3;3261;f;0;ff;ff;2611,2897,3164,2928,2479,2722,2992,3080;2611,2897,3164,2928,2479,2722,2992,3080;100,100,100,100,100,100,100,70;OOOOOOOO;96;0;671;8
[RECV] BSDC91 notify: TR;3;3250;f;0;ff;7f;3174,3060,2534,2567,3202,3044,2204,0;3174,3060,2534,2567,3202,3044,2204,2236;100,100,100,100,100,100,100,35;OOOOOOOT;100;0;671;8
[RECV] BSDC91 notify: TR;3;3251;f;0;ff;7f;3201,2915,2505,2719,3281,3002,2208,0;3201,2915,2505,2719,3281,3002,2208,2236;100,100,100,100,100,100,100,34;OOOOOOOT;100;0;671;8
[RECV] BSDC91 notify: TR;3;3252;f;0;ff;ff;3257,2867,2463,2700,3381,2988,2181,2951;3257,2867,2463,2700,3381,2988,2181,2951;100,100,100,100,100,100,100,36;OOOOOOOO;92;0;701;8
[RECV] BS2DCE notify: TR;3;3262;f;0;ff;ff;2552,2886,3171,2836,2490,2912,3038,2824;2552,2886,3171,2836,2490,2912,3038,2824;100,100,100,100,100,100,100,70;OOOOOOOO;96;0;701;8
[RECV] BS2DCE notify: RXG;1;3262;tag=1;mask=0xff;pc=8;guard=1200;spacing=1000;win=8165;pre=1;slot_to_entry_us=0;slot_to_sched_us=0;slot_to_write_done_us=0;slot_to_txcmd_us=274;slot_to_txdone_us=610;txcmd_to_txdone_us=335;txdone_to_rxstart_us=61;txdone_to_rxend_us=183;rxenable_
[RECV] BS2DCE notify: TR;3;3263;f;0;ff;7f;2605,3007,3244,2686,2349,2868,3139,0;2605,3007,3244,2686,2349,2868,3139,2824;100,100,100,100,100,100,100,68;OOOOOOOT;100;0;29907;8
[RECV] BSDC91 notify: TR;3;3253;f;0;ff;7f;3255,2781,2440,2849,3524,2894,2202,0;3255,2781,2440,2849,3524,2894,2202,2951;100,100,100,100,100,100,100,35;OOOOOOOT;100;0;671;8
[RECV] BS2DCE notify: TR;3;3264;f;0;ff;ff;2602,3083,3279,2745,2469,2950,3130,2590;2602,3083,3279,2745,2469,2950,3130,2590;100,100,100,100,100,100,100,70;OOOOOOOO;96;0;701;8
[RECV] BSDC91 notify: TR;3;3254;f;0;ff;7f;3291,2754,2387,2996,3416,2832,2171,0;3291,2754,2387,2996,3416,2832,2171,2951;100,100,100,100,100,100,100,34;OOOOOOOT;100;0;671;8
[RECV] BS2DCE notify: TR;3;3265;f;0;ff;ff;2546,3164,3323,2650,2410,2910,3043,2704;2546,3164,3323,2650,2410,2910,3043,2704;100,100,100,100,100,100,100,72;OOOOOOOO;96;0;701;8
[RECV] BS2DCE notify: CD;1;3265;tag=1;local=0xb101;status=0x02800f02;rxf=0x0776c814;win=8165;pc=8;mask=0xff;resp=7;unexp=0;last_len=20;last_src=0xa106;last_dst=0xb101;last_code=0xe1
[RECV] BS2DCE notify: TR;3;3266;f;0;ff;7f;2835,3074,3354,2707,2408,3029,3060,0;2835,3074,3354,2707,2408,3029,3060,2704;100,100,100,100,100,100,100,68;OOOOOOOT;100;0;15502;8
[RECV] BSDC91 notify: RXG;1;3254;tag=2;mask=0xff;pc=8;guard=1200;spacing=1000;win=8165;pre=1;slot_to_entry_us=0;slot_to_sched_us=0;slot_to_write_done_us=0;slot_to_txcmd_us=274;slot_to_txdone_us=610;txcmd_to_txdone_us=335;txdone_to_rxstart_us=61;txdone_to_rxend_us=274;rxenable_
[RECV] BSDC91 notify: CD;1;3254;tag=2;local=0xb102;status=0x00806f02;rxf=0x07d6c814;win=8165;pc=8;mask=0xff;resp=8;unexp=0;last_len=20;last_src=0xa107;last_dst=0xb102;last_code=0xe1
[RECV] BSDC91 notify: TR;3;3255;f;0;ff;ff;3358,2716,2387,2767,3659,2812,2126,2926;3358,2716,2387,2767,3659,2812,2126,2926;100,100,100,100,100,100,100,41;OOOOOOOO;92;0;44311;8
[RECV] BSDC91 notify: TR;3;3256;f;0;ff;7f;3371,2721,2312,2894,3682,2719,2152,0;3371,2721,2312,2894,3682,2719,2152,2926;100,100,100,100,100,100,100,38;OOOOOOOT;100;0;671;8
[RECV] BS2DCE notify: TR;3;3267;f;0;ff;ff;2728,3134,3438,2597,2476,2938,3100,2576;2728,3134,3438,2597,2476,2938,3100,2576;100,100,100,100,100,100,100,70;OOOOOOOO;96;0;701;8
[RECV] BSDC91 notify: TR;3;3257;f;0;ff;7f;3397,2629,2280,3127,3861,2670,2167,0;3397,2629,2280,3127,3861,2670,2167,2926;100,100,100,100,100,100,100,36;OOOOOOOT;100;0;671;8
[RECV] BS2DCE notify: TR;3;3268;f;0;ff;ff;2604,3134,3291,2495,2573,2985,3112,2535;2604,3134,3291,2495,2573,2985,3112,2535;100,100,100,100,100,100,100,71;OOOOOOOO;96;0;701;8
[RECV] BSDC91 notify: TR;3;3258;f;0;ff;ff;3425,2572,2262,2963,3364,2588,2306,3011;3425,2572,2262,2963,3364,2588,2306,3011;100,100,100,100,100,100,100,40;OOOOOOOO;92;0;701;8
[RECV] BS2DCE notify: TR;3;3269;f;0;ff;7f;2540,3119,3414,2603,2614,3012,3159,0;2540,3119,3414,2603,2614,3012,3159,2535;100,100,100,100,100,100,100,68;OOOOOOOT;100;0;671;8
[RECV] BSDC91 notify: TR;3;3259;f;0;ff;7f;3433,2546,2250,3360,3476,2528,2286,0;3433,2546,2250,3360,3476,2528,2286,3011;100,100,100,100,100,100,100,38;OOOOOOOT;100;0;671;8
[RECV] BSDC91 notify: TR;3;3260;f;0;ff;7f;3400,2503,2278,3298,3454,2487,2041,0;3400,2503,2278,3298,3454,2487,2041,3011;100,100,100,100,100,100,100,36;OOOOOOOT;100;0;671;8
[RECV] BS2DCE notify: TR;3;3270;f;0;ff;ff;2499,3104,3406,2581,2634,3126,3167,2489;2499,3104,3406,2581,2634,3126,3167,2489;100,100,100,100,100,100,100,69;OOOOOOOO;96;0;701;8
[RECV] BS2DCE notify: TR;3;3271;f;0;ff;ff;2488,3123,3420,2440,2555,3108,3224,2468;2488,3123,3420,2440,2555,3108,3224,2468;100,100,100,100,100,100,100,70;OOOOOOOO;96;0;701;8
[RECV] BSDC91 notify: TR;3;3261;f;0;ff;ff;3339,2457,2300,3356,3387,2430,2438,3116;3339,2457,2300,3356,3387,2430,2438,3116;100,100,100,100,100,100,100,39;OOOOOOOO;92;0;701;8
[RECV] BSDC91 notify: TR;3;3262;f;0;ff;7f;3333,2448,2326,3177,3380,2394,2389,0;3333,2448,2326,3177,3380,2394,2389,3116;100,100,100,100,100,100,100,37;OOOOOOOT;100;0;671;8
[RECV] BS2DCE notify: TR;3;3272;f;0;ff;7f;2490,3153,3312,2381,2615,3232,3112,0;2490,3153,3312,2381,2615,3232,3112,2468;100,100,100,100,100,100,100,68;OOOOOOOT;100;0;671;8
[RECV] BSDC91 notify: TR;3;3263;f;0;ff;7f;3373,2428,2363,3134,3333,2311,2286,0;3373,2428,2363,3134,3333,2311,2286,3116;100,100,100,100,100,100,100,36;OOOOOOOT;100;0;671;8
[RECV] BS2DCE notify: RXG;1;3272;tag=1;mask=0xff;pc=8;guard=1200;spacing=1000;win=8165;pre=1;slot_to_entry_us=0;slot_to_sched_us=0;slot_to_write_done_us=0;slot_to_txcmd_us=274;slot_to_txdone_us=610;txcmd_to_txdone_us=335;txdone_to_rxstart_us=61;txdone_to_rxend_us=183;rxenable_
[RECV] BS2DCE notify: TR;3;3273;f;0;ff;ff;2509,3191,3274,2329,2675,3235,3113,2431;2509,3191,3274,2329,2675,3235,3113,2431;100,100,100,100,100,100,100,69;OOOOOOOO;96;0;29937;8
[RECV] BS2DCE notify: TR;3;3274;f;0;ff;ff;2530,3267,3329,2473,2644,3226,3057,2325;2530,3267,3329,2473,2644,3226,3057,2325;100,100,100,100,100,100,100,70;OOOOOOOO;96;0;701;8
[RECV] BSDC91 notify: TR;3;3264;f;0;ff;ff;3349,2340,2413,3263,3412,2314,2367,3154;3349,2340,2413,3263,3412,2314,2367,3154;100,100,100,100,100,100,100,38;OOOOOOOO;92;0;671;8
[RECV] BS2DCE notify: TR;3;3275;f;0;ff;7f;2547,3221,3351,2431,2651,3239,3041,0;2547,3221,3351,2431,2651,3239,3041,2325;100,100,100,100,100,100,100,67;OOOOOOOT;100;0;671;8
[RECV] BS2DCE notify: CD;1;3275;tag=1;local=0xb101;status=0x02806f02;rxf=0x0756c814;win=8165;pc=8;mask=0xff;resp=8;unexp=0;last_len=20;last_src=0xa107;last_dst=0xb101;last_code=0xe1
[RECV] BSDC91 notify: RXG;1;3264;tag=2;mask=0xff;pc=8;guard=1200;spacing=1000;win=8165;pre=1;slot_to_entry_us=0;slot_to_sched_us=0;slot_to_write_done_us=0;slot_to_txcmd_us=274;slot_to_txdone_us=610;txcmd_to_txdone_us=335;txdone_to_rxstart_us=61;txdone_to_rxend_us=183;rxenable_
[RECV] BSDC91 notify: CD;1;3264;tag=2;local=0xb102;status=0x00800b02;rxf=0x0786c814;win=8165;pc=8;mask=0xff;resp=7;unexp=0;last_len=20;last_src=0xa106;last_dst=0xb102;last_code=0xe1
[RECV] BS2DCE notify: TR;3;3276;f;0;ff;ff;2687,3244,3301,2469,2632,3313,3053,2429;2687,3244,3301,2469,2632,3313,3053,2429;100,100,100,100,100,100,100,68;OOOOOOOO;96;0;15502;8
[RECV] BSDC91 notify: TR;3;3265;f;0;ff;7f;3389,2304,2441,3283,3240,2208,2379,0;3389,2304,2441,3283,3240,2208,2379,3154;100,100,100,100,100,100,100,37;OOOOOOOT;100;0;44189;8
[RECV] BSDC91 notify: TR;3;3266;f;0;ff;7f;3320,2446,2540,3226,3198,2315,2518,0;3320,2446,2540,3226,3198,2315,2518,3154;100,100,100,100,100,100,100,35;OOOOOOOT;100;0;671;8
[RECV] BS2DCE notify: TR;3;3277;f;0;ff;ff;2695,3394,3257,2514,2724,3342,3018,2098;2695,3394,3257,2514,2724,3342,3018,2098;100,100,100,100,100,100,100,70;OOOOOOOO;96;0;701;8
[RECV] BS2DCE notify: TR;3;3278;f;0;ff;7f;2734,3491,3163,2427,2805,3386,3068,0;2734,3491,3163,2427,2805,3386,3068,2098;100,100,100,100,100,100,100,67;OOOOOOOT;100;0;671;8
[RECV] BSDC91 notify: TR;3;3267;f;0;ff;ff;3199,2521,2531,3239,3135,2348,2580,3267;3199,2521,2531,3239,3135,2348,2580,3267;100,100,100,100,100,100,100,37;OOOOOOOO;92;0;701;8
[RECV] BSDC91 notify: TR;3;3268;f;0;ff;7f;3200,2551,2584,3226,3111,2344,2582,0;3200,2551,2584,3226,3111,2344,2582,3267;100,100,100,100,100,100,100,36;OOOOOOOT;100;0;671;8
[RECV] BS2DCE notify: TR;3;3279;f;0;ff;ff;2791,3476,3070,2495,2799,3424,3052,2403;2791,3476,3070,2495,2799,3424,3052,2403;100,100,100,100,100,100,100,68;OOOOOOOO;96;0;671;8
[RECV] BS2DCE notify: TR;3;3280;f;0;ff;77;2943,3415,3045,0,2819,3484,2952,0;2943,3415,3045,2495,2819,3484,2952,2403;100,100,100,94,100,100,100,64;OOOTOOOT;100;0;671;8
[RECV] BSDC91 notify: TR;3;3269;f;0;ff;7f;3184,2392,2620,3407,2974,2435,2527,0;3184,2392,2620,3407,2974,2435,2527,3267;100,100,100,100,100,100,100,35;OOOOOOOT;100;0;671;8
[RECV] BSDC91 notify: TR;3;3270;f;0;ff;ff;3028,2406,2734,3390,3450,2854,2569,3385;3028,2406,2734,3390,3450,2854,2569,3385;100,100,100,100,100,100,100,37;OOOOOOOO;92;0;671;8
[RECV] BS2DCE notify: TR;3;3281;f;0;ff;7f;3198,3451,2963,2413,2826,3246,2913,0;3198,3451,2963,2413,2826,3246,2913,2403;100,100,100,94,100,100,100,61;OOOOOOOT;99;0;671;8
[RECV] BSDC91 notify: TR;3;3271;f;0;ff;7f;3065,2396,2771,3482,3239,2468,2565,0;3065,2396,2771,3482,3239,2468,2565,3385;100,100,100,100,100,100,100,35;OOOOOOOT;100;0;671;8
[RECV] BS2DCE notify: TR;3;3282;f;0;ff;ff;3192,3398,2933,2320,2859,3267,2864,2568;3192,3398,2933,2320,2859,3267,2864,2568;100,100,100,94,100,100,100,63;OOOOOOOO;94;0;701;8
[RECV] BSDC91 notify: TR;3;3272;f;0;ff;7f;2929,2336,2816,3286,3116,2471,2654,0;2929,2336,2816,3286,3116,2471,2654,3385;100,100,100,100,100,100,100,33;OOOOOOOT;100;0;671;8
[RECV] BS2DCE notify: RXG;1;3282;tag=1;mask=0xff;pc=8;guard=1200;spacing=1000;win=8165;pre=1;slot_to_entry_us=0;slot_to_sched_us=0;slot_to_write_done_us=0;slot_to_txcmd_us=274;slot_to_txdone_us=610;txcmd_to_txdone_us=335;txdone_to_rxstart_us=61;txdone_to_rxend_us=183;rxenable_
[RECV] BS2DCE notify: TR;3;3283;f;0;ff;ff;3178,3290,2933,2413,2961,3288,2840,2452;3178,3290,2933,2413,2961,3288,2840,2452;100,100,100,95,100,100,100,65;OOOOOOOO;95;0;29876;8
[RECV] BS2DCE notify: TR;3;3284;f;0;ff;7f;3253,3346,2865,2438,2869,3228,2833,0;3253,3346,2865,2438,2869,3228,2833,2452;100,100,100,95,100,100,100,61;OOOOOOOT;99;0;701;8
[RECV] BSDC91 notify: TR;3;3273;f;0;ff;ff;2943,2394,2855,3307,2947,2394,2719,3378;2943,2394,2855,3307,2947,2394,2719,3378;100,100,100,100,100,100,100,36;OOOOOOOO;92;0;701;8
[RECV] BS2DCE notify: TR;3;3285;f;0;ff;ff;3092,3385,2788,2456,2923,3206,2794,2582;3092,3385,2788,2456,2923,3206,2794,2582;100,100,100,95,100,100,100,63;OOOOOOOO;94;0;701;8
[RECV] BSDC91 notify: TR;3;3274;f;0;ff;7f;2820,2397,2897,3330,2866,2371,2702,0;2820,2397,2897,3330,2866,2371,2702,3378;100,100,100,100,100,100,100,35;OOOOOOOT;100;0;671;8
[RECV] BS2DCE notify: CD;1;3285;tag=1;local=0xb101;status=0x02806f02;rxf=0x0776c814;win=8165;pc=8;mask=0xff;resp=8;unexp=0;last_len=20;last_src=0xa107;last_dst=0xb101;last_code=0xe1
[RECV] BS2DCE notify: TR;3;3286;f;0;ff;ff;3100,3177,2782,2549,2981,3219,2725,2487;3100,3177,2782,2549,2981,3219,2725,2487;100,100,100,95,100,100,100,65;OOOOOOOO;95;0;15533;8
[RECV] BS2DCE notify: TR;3;3287;f;0;ff;7f;3097,3174,2728,2668,3040,3233,2716,0;3097,3174,2728,2668,3040,3233,2716,2487;100,100,100,95,100,100,100,62;OOOOOOOT;99;0;671;8
[RECV] BS2DCE notify: TR;3;3288;f;0;ff;ff;3060,3082,2731,2666,3103,3302,2600,2678;3060,3082,2731,2666,3103,3302,2600,2678;100,100,100,96,100,100,100,64;OOOOOOOO;95;0;701;8
[RECV] BS2DCE notify: TR;3;3289;f;0;ff;ff;3097,3084,2664,2679,3102,3127,2499,2719;3097,3084,2664,2679,3102,3127,2499,2719;100,100,100,96,100,100,100,65;OOOOOOOO;95;0;701;8
[RECV] BSDC91 notify: RXG;1;3274;tag=2;mask=0xff;pc=8;guard=1200;spacing=1000;win=8165;pre=1;slot_to_entry_us=0;slot_to_sched_us=0;slot_to_write_done_us=0;slot_to_txcmd_us=274;slot_to_txdone_us=610;txcmd_to_txdone_us=335;txdone_to_rxstart_us=61;txdone_to_rxend_us=183;rxenable_
[RECV] BSDC91 notify: CD;1;3274;tag=2;local=0xb102;status=0x00800b02;rxf=0x0796c814;win=8165;pc=8;mask=0xff;resp=7;unexp=0;last_len=20;last_src=0xa106;last_dst=0xb102;last_code=0xe1
[RECV] BSDC91 notify: TR;3;3275;f;0;ff;7f;2776,2473,2966,3157,2780,2456,2759,0;2776,2473,2966,3157,2780,2456,2759,3378;100,100,100,100,100,100,100,33;OOOOOOOT;100;0;44281;8
[RECV] BSDC91 notify: TR;3;3276;f;0;ff;ff;2689,2457,3012,3224,2669,2600,2842,3162;2689,2457,3012,3224,2669,2600,2842,3162;100,100,100,100,100,100,100,36;OOOOOOOO;92;0;701;8
[RECV] BSDC91 notify: TR;3;3277;f;0;ff;7f;2702,2451,3103,3109,2549,2599,2909,0;2702,2451,3103,3109,2549,2599,2909,3162;100,100,100,100,100,100,100,34;OOOOOOOT;100;0;671;8
[RECV] BS2DCE notify: TR;3;3290;f;0;ff;7f;3115,3039,2664,2751,3221,3191,2509,0;3115,3039,2664,2751,3221,3191,2509,2719;100,100,100,96,100,100,100,62;OOOOOOOT;99;0;701;8
[RECV] BSDC91 notify: TR;3;3278;f;0;ff;7f;2606,2583,3162,3186,2467,2544,2887,0;2606,2583,3162,3186,2467,2544,2887,3162;100,100,100,100,100,100,100,33;OOOOOOOT;100;0;671;8
[RECV] BSDC91 notify: TR;3;3279;f;0;ff;ff;2625,2661,3211,2971,2401,2661,2985,3021;2625,2661,3211,2971,2401,2661,2985,3021;100,100,100,100,100,100,100,36;OOOOOOOO;92;0;793;8
[RECV] BSDC91 notify: TR;3;3280;f;0;ff;7f;2582,2714,3357,2966,2398,2636,2958,0;2582,2714,3357,2966,2398,2636,2958,3021;100,100,100,100,100,100,100,34;OOOOOOOT;100;0;671;8
[RECV] BS2DCE notify: TR;3;3291;f;0;ff;ff;3154,2960,2604,2846,3309,3121,2428,2744;3154,2960,2604,2846,3309,3121,2428,2744;100,100,100,96,100,100,100,64;OOOOOOOO;95;0;701;8
[RECV] BS2DCE notify: TR;3;3292;f;0;ff;ff;3102,2978,2655,2979,3331,3015,2397,2846;3102,2978,2655,2979,3331,3015,2397,2846;100,100,100,96,100,100,100,65;OOOOOOOO;95;0;701;8
[RECV] BSDC91 notify: TR;3;3281;f;0;ff;7f;2609,2763,3399,2907,2406,2667,3022,0;2609,2763,3399,2907,2406,2667,3022,3021;100,100,100,100,100,100,100,33;OOOOOOOT;100;0;671;8
[RECV] BSDC91 notify: TR;3;3282;f;0;ff;ff;2415,2855,3325,2903,2308,2768,3073,2459;2415,2855,3325,2903,2308,2768,3073,2459;100,100,100,100,100,100,100,35;OOOOOOOO;91;0;701;8
[RECV] BS2DCE notify: RXG;1;3292;tag=1;mask=0xff;pc=8;guard=1200;spacing=1000;win=8165;pre=1;slot_to_entry_us=0;slot_to_sched_us=0;slot_to_write_done_us=0;slot_to_txcmd_us=274;slot_to_txdone_us=610;txcmd_to_txdone_us=335;txdone_to_rxstart_us=61;txdone_to_rxend_us=183;rxenable_
[RECV] BSDC91 notify: TR;3;3283;f;0;ff;ff;2426,2952,3368,2848,2293,2909,3159,2446;2426,2952,3368,2848,2293,2909,3159,2446;100,100,100,100,100,100,100,37;OOOOOOOO;92;0;671;8
[RECV] BS2DCE notify: TR;3;3293;f;0;ff;7f;3156,3012,2611,3048,3112,3012,2335,0;3156,3012,2611,3048,3112,3012,2335,2846;100,100,100,96,100,100,100,63;OOOOOOOT;99;0;29968;8
[RECV] BS2DCE notify: TR;3;3294;f;0;ff;ff;3096,2932,2597,3229,3325,3019,2327,2846;3096,2932,2597,3229,3325,3019,2327,2846;100,100,100,96,100,100,100,64;OOOOOOOO;95;0;701;8
[RECV] BSDC91 notify: TR;3;3284;f;0;ff;ff;2517,3040,3357,2764,2238,2980,3088,2806;2517,3040,3357,2764,2238,2980,3088,2806;100,100,100,100,100,100,100,40;OOOOOOOO;92;0;762;8
[RECV] BS2DCE notify: TR;3;3295;f;0;ff;ff;3181,2845,2622,3112,3382,2898,2334,2819;3181,2845,2622,3112,3382,2898,2334,2819;100,100,100,96,100,100,100,65;OOOOOOOO;95;0;701;8
[RECV] BS2DCE notify: CD;1;3295;tag=1;local=0xb101;status=0x02800102;rxf=0x0756c814;win=8165;pc=8;mask=0xff;resp=7;unexp=0;last_len=20;last_src=0xa106;last_dst=0xb101;last_code=0xe1
[RECV] BS2DCE notify: TR;3;3296;f;0;ff;7f;3197,2819,2626,2969,3359,2871,2319,0;3197,2819,2626,2969,3359,2871,2319,2819;100,100,100,100,100,100,100,64;OOOOOOOT;100;0;15533;8
[RECV] BS2DCE notify: TR;3;3297;f;0;ff;ff;3259,2772,2713,2899,3310,2827,2257,2960;3259,2772,2713,2899,3310,2827,2257,2960;100,100,100,100,100,100,100,66;OOOOOOOO;95;0;701;8
[RECV] BSDC91 notify: RXG;1;3284;tag=2;mask=0xff;pc=8;guard=1200;spacing=1000;win=8165;pre=1;slot_to_entry_us=0;slot_to_sched_us=0;slot_to_write_done_us=0;slot_to_txcmd_us=274;slot_to_txdone_us=671;txcmd_to_txdone_us=396;txdone_to_rxstart_us=61;txdone_to_rxend_us=305;rxenable_
[RECV] BSDC91 notify: CD;1;3284;tag=2;local=0xb102;status=0x00806f02;rxf=0x07a6c814;win=8165;pc=8;mask=0xff;resp=8;unexp=0;last_len=20;last_src=0xa107;last_dst=0xb102;last_code=0xe1
[RECV] BSDC91 notify: TR;3;3285;f;0;ff;ff;2567,3076,3421,2723,2257,2974,3136,2738;2567,3076,3421,2723,2257,2974,3136,2738;100,100,100,100,100,100,100,41;OOOOOOOO;92;0;44342;8
[RECV] BSDC91 notify: TR;3;3286;f;0;ff;ff;2689,3045,3383,2730,2306,3022,3225,2665;2689,3045,3383,2730,2306,3022,3225,2665;100,100,100,100,100,100,100,43;OOOOOOOO;92;0;701;8
[RECV] BSDC91 notify: TR;3;3287;f;0;ff;ff;2888,3082,3368,2617,2242,2994,3243,2476;2888,3082,3368,2617,2242,2994,3243,2476;100,100,100,100,100,100,100,47;OOOOOOOO;93;0;732;8
[RECV] BS2DCE notify: TR;3;3298;f;0;ff;ff;3375,2717,2740,2937,3382,2704,2323,2952;3375,2717,2740,2937,3382,2704,2323,2952;100,100,100,100,100,100,100,68;OOOOOOOO;96;0;701;8
[RECV] BS2DCE notify: TR;3;3299;f;0;ff;ff;3375,2669,2576,2931,3424,2610,2331,2986;3375,2669,2576,2931,3424,2610,2331,2986;100,100,100,100,100,100,100,70;OOOOOOOO;96;0;701;8
[RECV] BSDC91 notify: TR;3;3288;f;0;ff;ff;2487,3149,3367,2522,2374,3041,3182,2488;2487,3149,3367,2522,2374,3041,3182,2488;100,100,100,100,100,100,100,50;OOOOOOOO;93;0;701;8
[RECV] BSDC91 notify: TR;3;3289;f;0;ff;7f;2356,3172,3574,2602,2337,3014,3239,0;2356,3172,3574,2602,2337,3014,3239,2488;100,100,100,100,100,100,100,47;OOOOOOOT;100;0;671;8
[RECV] BS2DCE notify: TR;3;3300;f;0;ff;ff;3348,2661,2529,3110,3677,2594,2417,3024;3348,2661,2529,3110,3677,2594,2417,3024;100,100,100,100,100,100,100,71;OOOOOOOO;96;0;701;8
[RECV] BSDC91 notify: TR;3;3290;f;0;ff;7f;2357,3235,3318,2505,2331,3175,3101,0;2357,3235,3318,2505,2331,3175,3101,2488;100,100,100,100,100,100,100,45;OOOOOOOT;100;0;671;8
[RECV] BS2DCE notify: TR;3;3301;f;0;ff;ff;3304,2636,2504,3107,3580,2566,2257,2991;3304,2636,2504,3107,3580,2566,2257,2991;100,100,100,100,100,100,100,72;OOOOOOOO;96;0;701;8
[RECV] BSDC91 notify: TR;3;3291;f;0;ff;7f;2313,3257,3600,2357,2350,3178,3338,0;2313,3257,3600,2357,2350,3178,3338,2488;100,100,100,100,100,100,100,42;OOOOOOOT;100;0;671;8
[RECV] BS2DCE notify: TR;3;3302;f;0;ff;ff;3287,2594,2517,3000,3378,2547,2708,3064;3287,2594,2517,3000,3378,2547,2708,3064;100,100,100,100,100,100,100,73;OOOOOOOO;96;0;701;8
[RECV] BSDC91 notify: TR;3;3292;f;0;ff;7f;2350,3254,3421,2215,2352,3214,3300,0;2350,3254,3421,2215,2352,3214,3300,2488;100,100,100,100,100,100,100,40;OOOOOOOT;100;0;671;8
[RECV] BS2DCE notify: RXG;1;3302;tag=1;mask=0xff;pc=8;guard=1200;spacing=1000;win=8165;pre=1;slot_to_entry_us=0;slot_to_sched_us=0;slot_to_write_done_us=0;slot_to_txcmd_us=274;slot_to_txdone_us=610;txcmd_to_txdone_us=335;txdone_to_rxstart_us=61;txdone_to_rxend_us=183;rxenable_
[RECV] BS2DCE notify: TR;3;3303;f;0;ff;ff;3237,2592,2550,3064,3319,2430,2597,3030;3237,2592,2550,3064,3319,2430,2597,3030;100,100,100,100,100,100,100,75;OOOOOOOO;96;0;30120;8
[RECV] BSDC91 notify: TR;3;3293;f;0;ff;ff;2357,3272,3447,2204,2449,3201,3169,2267;2357,3272,3447,2204,2449,3201,3169,2267;100,100,100,100,100,100,100,43;OOOOOOOO;92;0;701;8
[RECV] BS2DCE notify: TR;3;3304;f;0;ff;77;3214,2536,2530,0,3544,2346,2591,0;3214,2536,2530,3064,3544,2346,2591,3030;100,100,100,96,100,100,100,72;OOOTOOOT;100;0;671;8
[RECV] BSDC91 notify: TR;3;3294;f;0;ff;ff;2411,3250,3436,2320,2461,3425,3130,2275;2411,3250,3436,2320,2461,3425,3130,2275;100,100,100,100,100,100,100,45;OOOOOOOO;93;0;701;8
[RECV] BS2DCE notify: TR;3;3305;f;0;ff;ff;3354,2588,2568,3239,3353,2429,2596,3217;3354,2588,2568,3239,3353,2429,2596,3217;100,100,100,96,100,100,100,73;OOOOOOOO;96;0;671;8
[RECV] BS2DCE notify: CD;1;3305;tag=1;local=0xb101;status=0x02806f02;rxf=0x0756c814;win=8165;pc=8;mask=0xff;resp=8;unexp=0;last_len=20;last_src=0xa107;last_dst=0xb101;last_code=0xe1
[RECV] BS2DCE notify: TR;3;3306;f;0;ff;ff;3281,2441,2634,3222,3297,2462,2593,3082;3281,2441,2634,3222,3297,2462,2593,3082;100,100,100,96,100,100,100,74;OOOOOOOO;96;0;15533;8
[RECV] BSDC91 notify: RXG;1;3294;tag=2;mask=0xff;pc=8;guard=1200;spacing=1000;win=8165;pre=1;slot_to_entry_us=0;slot_to_sched_us=0;slot_to_write_done_us=0;slot_to_txcmd_us=274;slot_to_txdone_us=610;txcmd_to_txdone_us=335;txdone_to_rxstart_us=61;txdone_to_rxend_us=183;rxenable_
[RECV] BS2DCE notify: TR;3;3307;f;0;ff;ff;3173,2531,2680,3155,3156,2440,2728,3114;3173,2531,2680,3155,3156,2440,2728,3114;100,100,100,96,100,100,100,75;OOOOOOOO;96;0;701;8
[RECV] BSDC91 notify: CD;1;3294;tag=2;local=0xb102;status=0x00800b02;rxf=0x0796c814;win=8165;pc=8;mask=0xff;resp=7;unexp=0;last_len=20;last_src=0xa106;last_dst=0xb102;last_code=0xe1
[RECV] BSDC91 notify: TR;3;3295;f;0;ff;7f;2474,3305,3632,2350,2517,3363,3006,0;2474,3305,3632,2350,2517,3363,3006,2275;100,100,100,100,100,100,100,44;OOOOOOOT;100;0;44158;8
[RECV] BSDC91 notify: TR;3;3296;f;0;ff;ff;2524,3328,3407,2320,2573,3429,3050,2274;2524,3328,3407,2320,2573,3429,3050,2274;100,100,100,100,100,100,100,46;OOOOOOOO;93;0;701;8
[RECV] BS2DCE notify: TR;3;3308;f;0;ff;ff;3174,2653,2706,3376,3126,2458,2656,2778;3174,2653,2706,3376,3126,2458,2656,2778;100,100,100,96,100,100,100,75;OOOOOOOO;96;0;701;8
[RECV] BSDC91 notify: TR;3;3297;f;0;ff;7f;2552,3386,3225,2491,2555,3390,3021,0;2552,3386,3225,2491,2555,3390,3021,2274;100,100,100,100,100,100,100,44;OOOOOOOT;100;0;671;8
[RECV] BSDC91 notify: TR;3;3298;f;0;ff;7f;2593,3402,3167,2319,2689,3479,3129,0;2593,3402,3167,2319,2689,3479,3129,2274;100,100,100,100,100,100,100,42;OOOOOOOT;100;0;671;8
[RECV] BS2DCE notify: TR;3;3309;f;0;ff;ff;3146,2723,2728,3270,3071,2492,2670,3230;3146,2723,2728,3270,3071,2492,2670,3230;100,100,100,96,100,100,100,76;OOOOOOOO;96;0;701;8
[RECV] BSDC91 notify: TR;3;3299;f;0;ff;7f;2652,3452,3138,2356,2743,3402,3200,0;2652,3452,3138,2356,2743,3402,3200,2274;100,100,100,100,100,100,100,41;OOOOOOOT;100;0;671;8
[RECV] BS2DCE notify: TR;3;3310;f;0;ff;ff;3096,2598,2746,3286,2986,2561,2647,3179;3096,2598,2746,3286,2986,2561,2647,3179;100,100,100,96,100,100,100,77;OOOOOOOO;96;0;701;8
[RECV] BSDC91 notify: TR;3;3300;f;0;ff;ff;2778,3672,2999,2250,2801,3365,3045,2533;2778,3672,2999,2250,2801,3365,3045,2533;100,100,100,100,100,100,100,43;OOOOOOOO;92;0;701;8
[RECV] BS2DCE notify: TR;3;3311;f;0;ff;ff;3029,2487,2823,3384,2824,2893,2706,3250;3029,2487,2823,3384,2824,2893,2706,3250;100,100,100,96,100,100,100,78;OOOOOOOO;96;0;701;8
[RECV] BSDC91 notify: TR;3;3301;f;0;ff;7f;2807,3564,2949,2224,2952,3552,2940,0;2807,3564,2949,2224,2952,3552,2940,2533;100,100,100,100,100,100,100,41;OOOOOOOT;100;0;671;8
[RECV] BS2DCE notify: TR;3;3312;f;0;ff;ff;2930,2502,2802,3505,2840,2649,2636,3265;2930,2502,2802,3505,2840,2649,2636,3265;100,100,100,100,100,100,100,82;OOOOOOOO;97;0;701;8
[RECV] BSDC91 notify: TR;3;3302;f;0;ff;7f;3524,3424,2895,2185,2920,3478,2971,0;3524,3424,2895,2185,2920,3478,2971,2533;100,100,100,100,100,100,100,40;OOOOOOOT;100;0;671;8
[RECV] BSDC91 notify: TR;3;3303;f;0;ff;ff;3763,3494,2825,2156,2940,3374,2879,2391;3763,3494,2825,2156,2940,3374,2879,2391;100,100,100,100,100,100,100,47;OOOOOOOO;93;0;701;8
[RECV] BS2DCE notify: RXG;1;3312;tag=1;mask=0xff;pc=8;guard=1200;spacing=1000;win=8165;pre=1;slot_to_entry_us=0;slot_to_sched_us=0;slot_to_write_done_us=0;slot_to_txcmd_us=274;slot_to_txdone_us=610;txcmd_to_txdone_us=335;txdone_to_rxstart_us=61;txdone_to_rxend_us=183;rxenable_
[RECV] BS2DCE notify: TR;3;3313;f;0;ff;ff;2910,2476,2846,2952,3075,2601,2660,3218;2910,2476,2846,2952,3075,2601,2660,3218;100,100,100,100,100,100,100,83;OOOOOOOO;97;0;29876;8
[RECV] BS2DCE notify: TR;3;3314;f;0;ff;ff;2896,2504,2947,3478,2995,2489,2742,3192;2896,2504,2947,3478,2995,2489,2742,3192;100,100,100,100,100,100,100,84;OOOOOOOO;98;0;701;8
[RECV] BSDC91 notify: TR;3;3304;f;0;ff;7f;3723,3539,2825,2270,2978,3329,2814,0;3723,3539,2825,2270,2978,3329,2814,2391;100,100,100,100,100,100,100,44;OOOOOOOT;100;0;671;8
[RECV] BS2DCE notify: TR;3;3315;f;0;ff;ff;2834,2616,2976,3475,2865,2539,2756,3172;2834,2616,2976,3475,2865,2539,2756,3172;100,100,100,100,100,100,100,85;OOOOOOOO;98;0;671;8
[RECV] BSDC91 notify: RXG;1;3304;tag=2;mask=0xff;pc=8;guard=1200;spacing=1000;win=8165;pre=1;slot_to_entry_us=0;slot_to_sched_us=0;slot_to_write_done_us=0;slot_to_txcmd_us=274;slot_to_txdone_us=610;txcmd_to_txdone_us=335;txdone_to_rxstart_us=61;txdone_to_rxend_us=183;rxenable_
[RECV] BSDC91 notify: CD;1;3304;tag=2;local=0xb102;status=0x00800b02;rxf=0x0786c814;win=8165;pc=8;mask=0xff;resp=7;unexp=0;last_len=20;last_src=0xa106;last_dst=0xb102;last_code=0xe1
[RECV] BSDC91 notify: TR;3;3305;f;0;ff;7f;3032,3431,2726,2277,2906,3294,2739,0;3032,3431,2726,2277,2906,3294,2739,2391;100,100,100,100,100,100,100,42;OOOOOOOT;100;0;44097;8
[RECV] BS2DCE notify: CD;1;3315;tag=1;local=0xb101;status=0x02800f02;rxf=0x07a6c814;win=8165;pc=8;mask=0xff;resp=6;unexp=0;last_len=20;last_src=0xa106;last_dst=0xb101;last_code=0xe1
[RECV] BSDC91 notify: TR;3;3306;f;0;ff;ff;3155,3296,2699,2382,2973,3365,2589,2313;3155,3296,2699,2382,2973,3365,2589,2313;100,100,100,100,100,100,100,45;OOOOOOOO;93;0;671;8
[RECV] BS2DCE notify: TR;3;3316;f;0;ff;77;2772,2613,3054,0,2747,2606,2821,0;2772,2613,3054,3475,2747,2606,2821,3172;100,100,100,95,100,100,100,80;OOOTOOOT;100;0;15502;8
[RECV] BS2DCE notify: TR;3;3317;f;0;ff;ff;2766,2638,3153,3229,2677,2652,2799,3069;2766,2638,3153,3229,2677,2652,2799,3069;100,100,100,95,100,100,100,81;OOOOOOOO;97;0;701;8
[RECV] BS2DCE notify: TR;3;3318;f;0;ff;ff;2737,2647,3224,3200,2582,2692,2806,3155;2737,2647,3224,3200,2582,2692,2806,3155;100,100,100,95,100,100,100,82;OOOOOOOO;97;0;701;8
[RECV] BSDC91 notify: TR;3;3307;f;0;ff;7f;3175,3204,2625,2472,3017,3328,2534,0;3175,3204,2625,2472,3017,3328,2534,2313;100,100,100,100,100,100,100,42;OOOOOOOT;100;0;671;8
[RECV] BSDC91 notify: TR;3;3308;f;0;ff;7f;3202,3159,2594,2426,3061,3530,2382,0;3202,3159,2594,2426,3061,3530,2382,2313;100,100,100,100,100,100,100,40;OOOOOOOT;100;0;671;8
[RECV] BSDC91 notify: TR;3;3309;f;0;ff;ff;3191,3092,2562,2618,3178,3209,2439,2575;3191,3092,2562,2618,3178,3209,2439,2575;100,100,100,100,100,100,100,43;OOOOOOOO;92;0;701;8
[RECV] BS2DCE notify: TR;3;3319;f;0;ff;ff;2686,2718,3196,3039,2556,2699,2925,2923;2686,2718,3196,3039,2556,2699,2925,2923;100,100,100,95,100,100,100,83;OOOOOOOO;97;0;701;8
[RECV] BS2DCE notify: TR;3;3320;f;0;ff;ff;2646,2698,3203,2837,2577,2684,2955,2993;2646,2698,3203,2837,2577,2684,2955,2993;100,100,100,96,100,100,100,84;OOOOOOOO;97;0;701;8
[RECV] BSDC91 notify: TR;3;3310;f;0;ff;7f;3199,3101,2464,2608,3216,3100,2296,0;3199,3101,2464,2608,3216,3100,2296,2575;100,100,100,100,100,100,100,41;OOOOOOOT;100;0;671;8
[RECV] BS2DCE notify: TR;3;3321;f;0;ff;ff;2678,2801,3130,2893,2470,2737,3000,3045;2678,2801,3130,2893,2470,2737,3000,3045;100,100,100,96,100,100,100,84;OOOOOOOO;97;0;701;8
[RECV] BSDC91 notify: TR;3;3311;f;0;ff;7f;3250,3020,2509,2676,3239,3008,2220,0;3250,3020,2509,2676,3239,3008,2220,2575;100,100,100,100,100,100,100,40;OOOOOOOT;100;0;671;8
[RECV] BS2DCE notify: TR;3;3322;f;0;ff;ff;2576,2914,3175,2756,2454,2759,3011,2941;2576,2914,3175,2756,2454,2759,3011,2941;100,100,100,96,100,100,100,85;OOOOOOOO;97;0;701;8
[RECV] BSDC91 notify: TR;3;3312;f;0;ff;ff;3276,2851,2473,2657,3302,2983,2158,2970;3276,2851,2473,2657,3302,2983,2158,2970;100,100,100,100,100,100,100,42;OOOOOOOO;92;0;671;8
[RECV] BSDC91 notify: TR;3;3313;f;0;ff;7f;3277,2767,2404,3029,3394,2929,2193,0;3277,2767,2404,3029,3394,2929,2193,2970;100,100,100,100,100,100,100,40;OOOOOOOT;100;0;640;8
[RECV] BS2DCE notify: RXG;1;3322;tag=1;mask=0xff;pc=8;guard=1200;spacing=1000;win=8165;pre=1;slot_to_entry_us=0;slot_to_sched_us=0;slot_to_write_done_us=0;slot_to_txcmd_us=274;slot_to_txdone_us=610;txcmd_to_txdone_us=335;txdone_to_rxstart_us=61;txdone_to_rxend_us=183;rxenable_
[RECV] BS2DCE notify: TR;3;3323;f;0;ff;ff;2601,2969,3254,2781,2365,2862,3082,2900;2601,2969,3254,2781,2365,2862,3082,2900;100,100,100,96,100,100,100,85;OOOOOOOO;97;0;29937;8
[RECV] BSDC91 notify: TR;3;3314;f;0;ff;7f;3266,2804,2424,2855,3570,2887,2157,0;3266,2804,2424,2855,3570,2887,2157,2970;100,100,100,100,100,100,100,39;OOOOOOOT;100;0;671;8
[RECV] BS2DCE notify: TR;3;3324;f;0;ff;7f;2635,3010,3272,2846,2372,2904,3083,0;2635,3010,3272,2846,2372,2904,3083,2900;100,100,100,96,100,100,100,82;OOOOOOOT;99;0;701;8
[RECV] BS2DCE notify: TR;3;3325;f;0;ff;ff;2644,3124,3271,2738,2414,2860,3208,2691;2644,3124,3271,2738,2414,2860,3208,2691;100,100,100,96,100,100,100,83;OOOOOOOO;97;0;701;8
[RECV] BSDC91 notify: RXG;1;3314;tag=2;mask=0xff;pc=8;guard=1200;spacing=1000;win=8165;pre=1;slot_to_entry_us=0;slot_to_sched_us=0;slot_to_write_done_us=0;slot_to_txcmd_us=274;slot_to_txdone_us=610;txcmd_to_txdone_us=335;txdone_to_rxstart_us=61;txdone_to_rxend_us=244;rxenable_
[RECV] BS2DCE notify: CD;1;3325;tag=1;local=0xb101;status=0x02800f02;rxf=0x0756c814;win=8165;pc=8;mask=0xff;resp=7;unexp=0;last_len=20;last_src=0xa106;last_dst=0xb101;last_code=0xe1
[RECV] BS2DCE notify: TR;3;3326;f;0;ff;7f;2550,3109,3305,2637,2391,3031,3074,0;2550,3109,3305,2637,2391,3031,3074,2691;100,100,100,96,100,100,100,80;OOOOOOOT;99;0;15533;8
[RECV] BSDC91 notify: CD;1;3314;tag=2;local=0xb102;status=0x00806f02;rxf=0x0766c814;win=8165;pc=8;mask=0xff;resp=8;unexp=0;last_len=20;last_src=0xa107;last_dst=0xb102;last_code=0xe1
[RECV] BSDC91 notify: TR;3;3315;f;0;ff;ff;3304,2768,2356,2860,3541,2798,2125,2902;3304,2768,2356,2860,3541,2798,2125,2902;100,100,100,100,100,100,100,41;OOOOOOOO;92;0;44311;8
[RECV] BSDC91 notify: TR;3;3316;f;0;ff;ff;3316,2753,2382,2894,3648,2786,2199,2985;3316,2753,2382,2894,3648,2786,2199,2985;100,100,100,100,100,100,100,43;OOOOOOOO;92;0;701;8
[RECV] BS2DCE notify: TR;3;3327;f;0;ff;ff;2840,3101,3362,2718,2429,2962,3112,2478;2840,3101,3362,2718,2429,2962,3112,2478;100,100,100,96,100,100,100,81;OOOOOOOO;97;0;671;8
[RECV] BSDC91 notify: TR;3;3317;f;0;ff;7f;3402,2701,2327,2814,3737,2671,2173,0;3402,2701,2327,2814,3737,2671,2173,2985;100,100,100,100,100,100,100,41;OOOOOOOT;100;0;671;8
[RECV] BS2DCE notify: TR;3;3328;f;0;ff;ff;2607,3115,3347,2550,2513,2967,3090,2519;2607,3115,3347,2550,2513,2967,3090,2519;100,100,100,100,100,100,100,82;OOOOOOOO;97;0;701;8
[RECV] BSDC91 notify: TR;3;3318;f;0;ff;ff;3395,2638,2248,2818,4338,2496,2213,2604;3395,2638,2248,2818,4338,2496,2213,2604;100,100,100,100,100,100,100,43;OOOOOOOO;92;0;701;8
[RECV] BS2DCE notify: TR;3;3329;f;0;ff;ff;2565,3137,3476,2579,2545,3059,3161,2532;2565,3137,3476,2579,2545,3059,3161,2532;100,100,100,100,100,100,100,83;OOOOOOOO;97;0;701;8
[RECV] BSDC91 notify: TR;3;3319;f;0;ff;7f;3394,2625,2254,3343,3483,2536,2249,0;3394,2625,2254,3343,3483,2536,2249,2604;100,100,100,100,100,100,100,41;OOOOOOOT;100;0;671;8
[RECV] BS2DCE notify: TR;3;3330;f;0;ff;ff;2509,3128,3455,2567,2623,3074,3158,2468;2509,3128,3455,2567,2623,3074,3158,2468;100,100,100,100,100,100,100,84;OOOOOOOO;98;0;701;8
[RECV] BSDC91 notify: TR;3;3320;f;0;ff;7f;3387,2595,2249,3204,3405,2481,2098,0;3387,2595,2249,3204,3405,2481,2098,2604;100,100,100,100,100,100,100,38;OOOOOOOT;100;0;671;8
[RECV] BSDC91 notify: TR;3;3321;f;0;ff;ff;3387,2481,2297,3333,3463,2541,2596,3201;3387,2481,2297,3333,3463,2541,2596,3201;100,100,100,100,100,100,100,42;OOOOOOOO;92;0;701;8
[RECV] BS2DCE notify: TR;3;3331;f;0;ff;ff;2508,3148,3402,2553,2602,3006,3284,2399;2508,3148,3402,2553,2602,3006,3284,2399;100,100,100,100,100,100,100,85;OOOOOOOO;98;0;701;8
[RECV] BSDC91 notify: TR;3;3322;f;0;ff;7f;3331,2447,2283,3234,3379,2404,2360,0;3331,2447,2283,3234,3379,2404,2360,3201;100,100,100,100,100,100,100,40;OOOOOOOT;100;0;671;8
[RECV] BS2DCE notify: TR;3;3332;f;0;ff;ff;2504,3134,3346,2414,2594,3189,3168,2456;2504,3134,3346,2414,2594,3189,3168,2456;100,100,100,100,100,100,100,85;OOOOOOOO;98;0;701;8
[RECV] BSDC91 notify: TR;3;3323;f;0;ff;7f;3323,2456,2318,3153,3422,2435,2356,0;3323,2456,2318,3153,3422,2435,2356,3201;100,100,100,100,100,100,100,38;OOOOOOOT;100;0;701;8
[RECV] BS2DCE notify: TR;3;3333;f;0;ff;ff;2490,3156,3293,2438,2613,3247,3136,2425;2490,3156,3293,2438,2613,3247,3136,2425;100,100,100,100,100,100,100,86;OOOOOOOO;98;0;701;8
[RECV] BS2DCE notify: RXG;1;3333;tag=1;mask=0xff;pc=8;guard=1200;spacing=1000;win=8165;pre=1;slot_to_entry_us=0;slot_to_sched_us=0;slot_to_write_done_us=0;slot_to_txcmd_us=274;slot_to_txdone_us=610;txcmd_to_txdone_us=335;txdone_to_rxstart_us=61;txdone_to_rxend_us=183;rxenable_
[RECV] BS2DCE notify: TR;3;3334;f;0;ff;ff;2550,3212,3311,2377,2696,3253,3062,2346;2550,3212,3311,2377,2696,3253,3062,2346;100,100,100,100,100,100,100,86;OOOOOOOO;98;0;30364;8
[RECV] BSDC91 notify: TR;3;3324;f;0;ff;ff;3320,2372,2390,3222,3313,2350,2312,3147;3320,2372,2390,3222,3313,2350,2312,3147;100,100,100,100,100,100,100,40;OOOOOOOO;92;0;701;8
[RECV] BS2DCE notify: TR;3;3335;f;0;ff;ff;2560,3260,3398,2436,2672,3206,3051,2329;2560,3260,3398,2436,2672,3206,3051,2329;100,100,100,100,100,100,100,87;OOOOOOOO;98;0;701;8
[RECV] BS2DCE notify: CD;1;3335;tag=1;local=0xb101;status=0x02806f02;rxf=0x0796c814;win=8165;pc=8;mask=0xff;resp=8;unexp=0;last_len=20;last_src=0xa107;last_dst=0xb101;last_code=0xe1
[RECV] BSDC91 notify: RXG;1;3324;tag=2;mask=0xff;pc=8;guard=1200;spacing=1000;win=8165;pre=1;slot_to_entry_us=0;slot_to_sched_us=0;slot_to_write_done_us=0;slot_to_txcmd_us=274;slot_to_txdone_us=610;txcmd_to_txdone_us=335;txdone_to_rxstart_us=61;txdone_to_rxend_us=183;rxenable_
[RECV] BSDC91 notify: CD;1;3324;tag=2;local=0xb102;status=0x00800b02;rxf=0x07a6c814;win=8165;pc=8;mask=0xff;resp=7;unexp=0;last_len=20;last_src=0xa106;last_dst=0xb102;last_code=0xe1
[RECV] BSDC91 notify: TR;3;3325;f;0;ff;7f;3376,2358,2435,3304,3282,2289,2347,0;3376,2358,2435,3304,3282,2289,2347,3147;100,100,100,100,100,100,100,39;OOOOOOOT;100;0;44158;8
[RECV] BS2DCE notify: TR;3;3336;f;0;ff;ff;2576,3200,3539,2441,2664,3279,3105,2367;2576,3200,3539,2441,2664,3279,3105,2367;100,100,100,100,100,100,100,88;OOOOOOOO;98;0;15502;8
[RECV] BSDC91 notify: TR;3;3326;f;0;ff;7f;3399,2410,2502,3241,3271,2237,2455,0;3399,2410,2502,3241,3271,2237,2455,3147;100,100,100,100,100,100,100,37;OOOOOOOT;100;0;701;8
[RECV] BS2DCE notify: TR;3;3337;f;0;ff;ff;2653,3321,3295,2357,2679,3265,2938,2401;2653,3321,3295,2357,2679,3265,2938,2401;100,100,100,100,100,100,100,88;OOOOOOOO;98;0;732;8
[RECV] BSDC91 notify: TR;3;3327;f;0;ff;ff;3269,2467,2547,3217,3167,2263,2517,3299;3269,2467,2547,3217,3167,2263,2517,3299;100,100,100,100,100,100,100,40;OOOOOOOO;92;0;671;8
[RECV] BS2DCE notify: TR;3;3338;f;0;ff;ff;2712,3479,3157,2457,2868,3342,3028,2403;2712,3479,3157,2457,2868,3342,3028,2403;100,100,100,100,100,100,100,88;OOOOOOOO;98;0;701;8
[RECV] BSDC91 notify: TR;3;3328;f;0;ff;7f;3237,2501,2553,3287,3057,2291,2579,0;3237,2501,2553,3287,3057,2291,2579,3299;100,100,100,100,100,100,100,38;OOOOOOOT;100;0;671;8
[RECV] BS2DCE notify: TR;3;3339;f;0;ff;ff;2770,3500,3074,2555,2809,3378,3103,2406;2770,3500,3074,2555,2809,3378,3103,2406;100,100,100,100,100,100,100,89;OOOOOOOO;98;0;701;8
[RECV] BS2DCE notify: TR;3;3340;f;0;ff;ff;2814,3392,3090,2493,2849,3525,2989,2364;2814,3392,3090,2493,2849,3525,2989,2364;100,100,100,100,100,100,100,89;OOOOOOOO;98;0;701;8
[RECV] BSDC91 notify: TR;3;3329;f;0;ff;7f;3169,2514,2647,3397,3062,2393,2564,0;3169,2514,2647,3397,3062,2393,2564,3299;100,100,100,100,100,100,100,37;OOOOOOOT;100;0;671;8
[RECV] BSDC91 notify: TR;3;3330;f;0;ff;ff;3064,2492,2709,3416,2971,2339,2545,3290;3064,2492,2709,3416,2971,2339,2545,3290;100,100,100,100,100,100,100,39;OOOOOOOO;92;0;671;8
[RECV] BS2DCE notify: TR;3;3341;f;0;ff;ff;3396,3482,2956,2575,2848,3413,2924,2915;3396,3482,2956,2575,2848,3413,2924,2915;100,100,100,100,100,100,100,90;OOOOOOOO;98;0;701;8
[RECV] BS2DCE notify: TR;3;3342;f;0;ff;ff;3236,3416,2965,2285,2813,3430,2869,2610;3236,3416,2965,2285,2813,3430,2869,2610;100,100,100,100,100,100,100,90;OOOOOOOO;98;0;671;8
[RECV] BSDC91 notify: TR;3;3331;f;0;ff;7f;3062,2388,2744,3650,3345,2453,2654,0;3062,2388,2744,3650,3345,2453,2654,3290;100,100,100,100,100,100,100,37;OOOOOOOT;100;0;671;8
[RECV] BSDC91 notify: TR;3;3332;f;0;ff;7f;2966,2339,2833,3328,3116,2499,2670,0;2966,2339,2833,3328,3116,2499,2670,3290;100,100,100,100,100,100,100,36;OOOOOOOT;100;0;701;8
[RECV] BS2DCE notify: TR;3;3343;f;0;ff;ff;3173,3302,2916,2326,2990,3330,2891,2603;3173,3302,2916,2326,2990,3330,2891,2603;100,100,100,100,100,100,100,90;OOOOOOOO;98;0;701;8
[RECV] BS2DCE notify: RXG;1;3343;tag=1;mask=0xff;pc=8;guard=1200;spacing=1000;win=8165;pre=1;slot_to_entry_us=0;slot_to_sched_us=0;slot_to_write_done_us=0;slot_to_txcmd_us=274;slot_to_txdone_us=610;txcmd_to_txdone_us=335;txdone_to_rxstart_us=91;txdone_to_rxend_us=213;rxenable_
[RECV] BS2DCE notify: TR;3;3344;f;0;ff;ff;3237,3315,2867,2456,2915,3240,2858,2496;3237,3315,2867,2456,2915,3240,2858,2496;100,100,100,100,100,100,100,94;OOOOOOOO;99;0;29937;8
[RECV] BS2DCE notify: TR;3;3345;f;0;ff;ff;3162,3382,2788,2435,2942,3231,2770,2601;3162,3382,2788,2435,2942,3231,2770,2601;100,100,100,100,100,100,100,94;OOOOOOOO;99;0;671;8
[RECV] BSDC91 notify: TR;3;3333;f;0;ff;ff;2958,2441,2796,3244,2979,2422,2681,3363;2958,2441,2796,3244,2979,2422,2681,3363;100,100,100,100,100,100,100,38;OOOOOOOO;92;0;701;8
[RECV] BSDC91 notify: TR;3;3334;f;0;ff;7f;2818,2418,2881,3309,2877,2426,2757,0;2818,2418,2881,3309,2877,2426,2757,3363;100,100,100,100,100,100,100,37;OOOOOOOT;100;0;671;8
[RECV] BS2DCE notify: CD;1;3345;tag=1;local=0xb101;status=0x02806f02;rxf=0x07c6c814;win=8165;pc=8;mask=0xff;resp=8;unexp=0;last_len=20;last_src=0xa107;last_dst=0xb101;last_code=0xe1
[RECV] BSDC91 notify: RXG;1;3334;tag=2;mask=0xff;pc=8;guard=1200;spacing=1000;win=8165;pre=1;slot_to_entry_us=0;slot_to_sched_us=0;slot_to_write_done_us=0;slot_to_txcmd_us=274;slot_to_txdone_us=610;txcmd_to_txdone_us=335;txdone_to_rxstart_us=61;txdone_to_rxend_us=183;rxenable_
[RECV] BS2DCE notify: TR;3;3346;f;0;ff;ff;3111,3198,2797,2448,2931,3231,2708,2623;3111,3198,2797,2448,2931,3231,2708,2623;100,100,100,100,100,100,100,94;OOOOOOOO;99;0;15502;8
[RECV] BSDC91 notify: CD;1;3334;tag=2;local=0xb102;status=0x00800b02;rxf=0x07b6c814;win=8165;pc=8;mask=0xff;resp=7;unexp=0;last_len=20;last_src=0xa106;last_dst=0xb102;last_code=0xe1
[RECV] BSDC91 notify: TR;3;3335;f;0;ff;7f;2757,2428,2943,3110,2745,2443,2727,0;2757,2428,2943,3110,2745,2443,2727,3363;100,100,100,100,100,100,100,35;OOOOOOOT;100;0;44097;8
[RECV] BS2DCE notify: TR;3;3347;f;0;ff;ff;3077,3161,2713,2698,2989,3342,2712,2640;3077,3161,2713,2698,2989,3342,2712,2640;100,100,100,100,100,100,100,95;OOOOOOOO;99;0;701;8
[RECV] BS2DCE notify: TR;3;3348;f;0;ff;ff;3045,3160,2735,2732,3031,3308,2596,2653;3045,3160,2735,2732,3031,3308,2596,2653;100,100,100,100,100,100,100,95;OOOOOOOO;99;0;701;8
[RECV] BSDC91 notify: TR;3;3336;f;0;ff;ff;2751,2458,3029,3165,2725,2534,2837,3066;2751,2458,3029,3165,2725,2534,2837,3066;100,100,100,100,100,100,100,38;OOOOOOOO;92;0;701;8
[RECV] BSDC91 notify: TR;3;3337;f;0;ff;7f;2667,2468,3086,3307,2629,2583,2901,0;2667,2468,3086,3307,2629,2583,2901,3066;100,100,100,100,100,100,100,36;OOOOOOOT;100;0;671;8
[RECV] BS2DCE notify: TR;3;3349;f;0;ff;ff;3104,3106,2676,2742,3089,3074,2566,2572;3104,3106,2676,2742,3089,3074,2566,2572;100,100,100,100,100,100,100,95;OOOOOOOO;99;0;701;8
[RECV] BSDC91 notify: TR;3;3338;f;0;ff;7f;2634,2601,3149,3096,2545,2557,2954,0;2634,2601,3149,3096,2545,2557,2954,3066;100,100,100,100,100,100,100,35;OOOOOOOT;100;0;671;8
[RECV] BSDC91 notify: TR;3;3339;f;0;ff;ff;2598,2575,3178,3214,2447,2575,2922,2963;2598,2575,3178,3214,2447,2575,2922,2963;100,100,100,100,100,100,100,38;OOOOOOOO;92;0;701;8
[RECV] BS2DCE notify: TR;3;3350;f;0;ff;ff;3119,3069,2668,2707,3199,3169,2506,2675;3119,3069,2668,2707,3199,3169,2506,2675;100,100,100,100,100,100,100,95;OOOOOOOO;99;0;701;8
[RECV] BSDC91 notify: TR;3;3340;f;0;ff;7f;2542,2648,3336,3015,2420,2716,2916,0;2542,2648,3336,3015,2420,2716,2916,2963;100,100,100,100,100,100,100,36;OOOOOOOT;100;0;671;8
[RECV] BS2DCE notify: TR;3;3351;f;0;ff;ff;3142,2988,2668,2663,3326,3095,2470,2708;3142,2988,2668,2663,3326,3095,2470,2708;100,100,100,100,100,100,100,95;OOOOOOOO;99;0;671;8
[RECV] BS2DCE notify: TR;3;3352;f;0;ff;ff;3108,3011,2671,2867,3223,3063,2404,2753;3108,3011,2671,2867,3223,3063,2404,2753;100,100,100,100,100,100,100,96;OOOOOOOO;99;0;701;8
[RECV] BSDC91 notify: TR;3;3341;f;0;ff;7f;2643,2791,3411,2886,2389,2612,3016,0;2643,2791,3411,2886,2389,2612,3016,2963;100,100,100,100,100,100,100,34;OOOOOOOT;100;0;701;8
[RECV] BS2DCE notify: TR;3;3353;f;0;ff;ff;3164,3000,2693,3000,3252,3014,2319,2857;3164,3000,2693,3000,3252,3014,2319,2857;100,100,100,100,100,100,100,96;OOOOOOOO;99;0;701;8
[RECV] BSDC91 notify: TR;3;3342;f;0;ff;ff;2528,2812,3429,2895,2276,2725,3128,2861;2528,2812,3429,2895,2276,2725,3128,2861;100,100,100,100,100,100,100,37;OOOOOOOO;92;0;701;8
[RECV] BSDC91 notify: TR;3;3343;f;0;ff;7f;2413,2878,3312,2867,2284,2784,3034,0;2413,2878,3312,2867,2284,2784,3034,2861;100,100,100,100,100,100,100,36;OOOOOOOT;100;0;671;8
[RECV] BS2DCE notify: RXG;1;3353;tag=1;mask=0xff;pc=8;guard=1200;spacing=1000;win=8165;pre=1;slot_to_entry_us=0;slot_to_sched_us=0;slot_to_write_done_us=0;slot_to_txcmd_us=274;slot_to_txdone_us=610;txcmd_to_txdone_us=335;txdone_to_rxstart_us=61;txdone_to_rxend_us=183;rxenable_
[RECV] BSDC91 notify: TR;3;3344;f;0;ff;7f;2475,3042,3356,2889,2253,2924,3047,0;2475,3042,3356,2889,2253,2924,3047,2861;100,100,100,100,100,100,100,34;OOOOOOOT;100;0;671;8
[RECV] BS2DCE notify: TR;3;3354;f;0;ff;ff;3152,2922,2646,2693,3251,2978,2344,2909;3152,2922,2646,2693,3251,2978,2344,2909;100,100,100,100,100,100,100,96;OOOOOOOO;99;0;29815;8
[RECV] BS2DCE notify: TR;3;3355;f;0;ff;fd;3127,0,2610,3101,3337,2962,2353,2909;3127,2922,2610,3101,3337,2962,2353,2909;100,96,100,100,100,100,100,96;OTOOOOOO;99;0;701;8
[RECV] BS2DCE notify: CD;1;3355;tag=1;local=0xb101;status=0x02806f02;rxf=0x07c6c814;win=8165;pc=8;mask=0xff;resp=8;unexp=0;last_len=20;last_src=0xa107;last_dst=0xb101;last_code=0xe1
[RECV] BS2DCE notify: TR;3;3356;f;0;ff;ff;3197,2815,2556,2894,3366,2817,2291,2871;3197,2815,2556,2894,3366,2817,2291,2871;100,96,100,100,100,100,100,96;OOOOOOOO;99;0;15533;8
[RECV] BS2DCE notify: TR;3;3357;f;0;ff;ff;3251,2796,2710,2922,3300,2842,2333,2906;3251,2796,2710,2922,3300,2842,2333,2906;100,96,100,100,100,100,100,96;OOOOOOOO;99;0;701;8
[RECV] BSDC91 notify: RXG;1;3344;tag=2;mask=0xff;pc=8;guard=1200;spacing=1000;win=8165;pre=1;slot_to_entry_us=0;slot_to_sched_us=0;slot_to_write_done_us=0;slot_to_txcmd_us=274;slot_to_txdone_us=610;txcmd_to_txdone_us=335;txdone_to_rxstart_us=61;txdone_to_rxend_us=183;rxenable_
[RECV] BS2DCE notify: TR;3;3358;f;0;ff;ff;3310,2714,2704,2968,3348,2733,2304,2863;3310,2714,2704,2968,3348,2733,2304,2863;100,96,100,100,100,100,100,96;OOOOOOOO;99;0;701;8
[RECV] BSDC91 notify: CD;1;3344;tag=2;local=0xb102;status=0x00800102;rxf=0x0766c814;win=8165;pc=8;mask=0xff;resp=7;unexp=0;last_len=20;last_src=0xa106;last_dst=0xb102;last_code=0xe1
[RECV] BSDC91 notify: TR;3;3345;f;0;ff;7f;2544,3024,3403,2742,2267,3024,3138,0;2544,3024,3403,2742,2267,3024,3138,2861;100,100,100,100,100,100,100,33;OOOOOOOT;100;0;44097;8
[RECV] BSDC91 notify: TR;3;3346;f;0;ff;7f;2623,3059,3375,2680,2311,2976,3254,0;2623,3059,3375,2680,2311,2976,3254,2861;100,100,100,100,100,100,100,32;OOOOOOOT;100;0;671;8
[RECV] BSDC91 notify: TR;3;3347;f;0;ff;7f;2752,3050,3333,2700,2177,3034,3251,0;2752,3050,3333,2700,2177,3034,3251,2861;100,100,100,100,100,100,100,31;OOOOOOOT;100;0;701;8
[RECV] BSDC91 notify: TR;3;3348;f;0;ff;ff;2466,3102,3298,2557,2389,3065,3139,2462;2466,3102,3298,2557,2389,3065,3139,2462;100,100,100,100,100,100,100,33;OOOOOOOO;91;0;671;8
[RECV] BS2DCE notify: TR;3;3359;f;0;ff;ff;3352,2632,2586,2966,3346,2673,2284,2854;3352,2632,2586,2966,3346,2673,2284,2854;100,96,100,100,100,100,100,96;OOOOOOOO;99;0;701;8
[RECV] BSDC91 notify: TR;3;3349;f;0;ff;7f;2356,3161,3445,2681,2351,3037,3218,0;2356,3161,3445,2681,2351,3037,3218,2462;100,100,100,100,100,100,100,32;OOOOOOOT;100;0;671;8
[RECV] BS2DCE notify: TR;3;3360;f;0;ff;ff;3320,2675,2520,2992,4065,2577,2357,2969;3320,2675,2520,2992,4065,2577,2357,2969;100,100,100,100,100,100,100,100;OOOOOOOO;100;0;701;8
[RECV] BS2DCE notify: TR;3;3361;f;0;ff;ff;3336,2646,2496,3058,3598,2554,2279,2887;3336,2646,2496,3058,3598,2554,2279,2887;100,100,100,100,100,100,100,100;OOOOOOOO;100;0;701;8
[RECV] BSDC91 notify: TR;3;3350;f;0;ff;7f;2331,3177,3231,2565,2303,3126,3275,0;2331,3177,3231,2565,2303,3126,3275,2462;100,100,100,100,100,100,100,31;OOOOOOOT;100;0;701;8
[RECV] BSDC91 notify: TR;3;3351;f;0;ff;7f;2365,3228,3778,2500,2325,3140,3372,0;2365,3228,3778,2500,2325,3140,3372,2462;100,100,100,100,100,100,100,29;OOOOOOOT;100;0;671;8
[RECV] BS2DCE notify: TR;3;3362;f;0;ff;ff;3283,2602,2495,2964,3495,2524,2732,3049;3283,2602,2495,2964,3495,2524,2732,3049;100,100,100,100,100,100,100,100;OOOOOOOO;100;0;701;8
[RECV] BSDC91 notify: TR;3;3352;f;0;ff;7f;2332,3267,3463,2359,2380,3300,3313,0;2332,3267,3463,2359,2380,3300,3313,2462;100,100,100,100,100,100,100,27;OOOOOOOT;100;0;671;8
[RECV] BS2DCE notify: TR;3;3363;f;0;ff;ff;3252,2583,2514,3104,3479,2437,2543,3013;3252,2583,2514,3104,3479,2437,2543,3013;100,100,100,100,100,100,100,100;OOOOOOOO;100;0;701;8
[RECV] BSDC91 notify: TR;3;3353;f;0;ff;7f;2348,3221,3482,2255,2354,3256,3307,0;2348,3221,3482,2255,2354,3256,3307,2462;100,100,100,100,100,100,100,26;OOOOOOOT;100;0;701;8
[RECV] BS2DCE notify: RXG;1;3363;tag=1;mask=0xff;pc=8;guard=1200;spacing=1000;win=8165;pre=1;slot_to_entry_us=0;slot_to_sched_us=0;slot_to_write_done_us=0;slot_to_txcmd_us=274;slot_to_txdone_us=610;txcmd_to_txdone_us=335;txdone_to_rxstart_us=91;txdone_to_rxend_us=213;rxenable_
[RECV] BS2DCE notify: TR;3;3364;f;0;ff;ff;3279,2520,2528,3157,3197,2463,2592,3061;3279,2520,2528,3157,3197,2463,2592,3061;100,100,100,100,100,100,100,100;OOOOOOOO;100;0;30029;8
[RECV] BSDC91 notify: TR;3;3354;f;0;ff;ff;2394,3266,3482,2349,2427,3305,3156,2254;2394,3266,3482,2349,2427,3305,3156,2254;100,100,100,100,100,100,100,30;OOOOOOOO;91;0;671;8
[RECV] BS2DCE notify: TR;3;3365;f;0;ff;ff;3358,2553,2503,3185,3421,2385,2560,3113;3358,2553,2503,3185,3421,2385,2560,3113;100,100,100,100,100,100,100,100;OOOOOOOO;100;0;854;8
[RECV] BS2DCE notify: CD;1;3365;tag=1;local=0xb101;status=0x02806f02;rxf=0x0766c814;win=8165;pc=8;mask=0xff;resp=8;unexp=0;last_len=20;last_src=0xa107;last_dst=0xb101;last_code=0xe1
[RECV] BS2DCE notify: TR;3;3366;f;0;ff;ff;3314,2523,2636,3225,3322,2468,2624,3125;3314,2523,2636,3225,3322,2468,2624,3125;100,100,100,100,100,100,100,100;OOOOOOOO;100;0;15533;8
[RECV] BSDC91 notify: RXG;1;3354;tag=2;mask=0xff;pc=8;guard=1200;spacing=1000;win=8165;pre=1;slot_to_entry_us=0;slot_to_sched_us=0;slot_to_write_done_us=0;slot_to_txcmd_us=274;slot_to_txdone_us=610;txcmd_to_txdone_us=335;txdone_to_rxstart_us=61;txdone_to_rxend_us=183;rxenable_
[RECV] BSDC91 notify: CD;1;3354;tag=2;local=0xb102;status=0x00800b02;rxf=0x07d6c814;win=8165;pc=8;mask=0xff;resp=7;unexp=0;last_len=20;last_src=0xa106;last_dst=0xb102;last_code=0xe1
[RECV] BSDC91 notify: TR;3;3355;f;0;ff;7f;2412,3313,3404,2321,2526,3416,3095,0;2412,3313,3404,2321,2526,3416,3095,2254;100,100,100,100,100,100,100,28;OOOOOOOT;100;0;44158;8
[RECV] BSDC91 notify: TR;3;3356;f;0;ff;7f;2479,3336,3400,2330,2573,3345,3125,0;2479,3336,3400,2330,2573,3345,3125,2254;100,100,100,100,100,100,100,27;OOOOOOOT;100;0;671;8
[RECV] BS2DCE notify: TR;3;3367;f;0;ff;ff;3241,2544,2692,3095,3185,2480,2619,3247;3241,2544,2692,3095,3185,2480,2619,3247;100,100,100,100,100,100,100,100;OOOOOOOO;100;0;671;8
[RECV] BS2DCE notify: TR;3;3368;f;0;ff;ff;3172,2606,2688,3120,3159,2429,2611,3143;3172,2606,2688,3120,3159,2429,2611,3143;100,100,100,100,100,100,100,100;OOOOOOOO;100;0;701;8
[RECV] BSDC91 notify: TR;3;3357;f;0;ff;fe;0,3382,3307,2261,2609,3438,3108,2256;2479,3382,3307,2261,2609,3438,3108,2256;95,100,100,100,100,100,100,30;TOOOOOOO;90;0;671;8
[RECV] BSDC91 notify: TR;3;3358;f;0;ff;7f;2536,3446,3149,2337,2665,3412,3016,0;2536,3446,3149,2337,2665,3412,3016,2256;95,100,100,100,100,100,100,29;OOOOOOOT;99;0;671;8
[RECV] BS2DCE notify: TR;3;3369;f;0;ff;ff;3061,2710,2735,3437,3048,2496,2650,2943;3061,2710,2735,3437,3048,2496,2650,2943;100,100,100,100,100,100,100,100;OOOOOOOO;100;0;701;8
[RECV] BSDC91 notify: TR;3;3359;f;0;ff;7f;2640,3457,3085,2403,2740,3882,3229,0;2640,3457,3085,2403,2740,3882,3229,2256;96,100,100,100,100,100,100,28;OOOOOOOT;99;0;701;8
[RECV] BS2DCE notify: TR;3;3370;f;0;ff;ff;3091,2648,2729,3219,3023,2575,2650,3220;3091,2648,2729,3219,3023,2575,2650,3220;100,100,100,100,100,100,100,100;OOOOOOOO;100;0;701;8
[RECV] BSDC91 notify: TR;3;3360;f;0;ff;ff;2699,3672,3036,2262,2816,3350,3090,2558;2699,3672,3036,2262,2816,3350,3090,2558;96,100,100,100,100,100,100,30;OOOOOOOO;90;0;701;8
[RECV] BS2DCE notify: TR;3;3371;f;0;ff;ff;3061,2507,2775,3224,2893,2614,2635,3271;3061,2507,2775,3224,2893,2614,2635,3271;100,100,100,100,100,100,100,100;OOOOOOOO;100;0;701;8
[RECV] BSDC91 notify: TR;3;3361;f;0;ff;7f;2816,3609,3009,2242,2982,3430,3012,0;2816,3609,3009,2242,2982,3430,3012,2558;96,100,100,100,100,100,100,29;OOOOOOOT;99;0;671;8
[RECV] BS2DCE notify: TR;3;3372;f;0;ff;ff;2982,2487,2779,3352,2877,2697,2651,3324;2982,2487,2779,3352,2877,2697,2651,3324;100,100,100,100,100,100,100,100;OOOOOOOO;100;0;701;8
[RECV] BSDC91 notify: TR;3;3362;f;0;ff;ff;3454,3386,2876,2238,2970,3517,2902,2352;3454,3386,2876,2238,2970,3517,2902,2352;96,100,100,100,100,100,100,32;OOOOOOOO;91;0;701;8
[RECV] BSDC91 notify: TR;3;3363;f;0;ff;ff;3637,3490,2834,2135,2963,3420,2900,2358;3637,3490,2834,2135,2963,3420,2900,2358;96,100,100,100,100,100,100,34;OOOOOOOO;91;0;671;8
[RECV] BS2DCE notify: TR;3;3373;f;0;ff;ff;2938,2497,2869,2923,3153,2577,2697,3111;2938,2497,2869,2923,3153,2577,2697,3111;100,100,100,100,100,100,100,100;OOOOOOOO;100;0;701;8
[RECV] BSDC91 notify: TR;3;3364;f;0;ff;7f;3739,3571,2841,2351,2970,3355,2878,0;3739,3571,2841,2351,2970,3355,2878,2358;96,100,100,100,100,100,100,33;OOOOOOOT;99;0;671;8
[RECV] BS2DCE notify: RXG;1;3373;tag=1;mask=0xff;pc=8;guard=1200;spacing=1000;win=8165;pre=1;slot_to_entry_us=0;slot_to_sched_us=0;slot_to_write_done_us=0;slot_to_txcmd_us=274;slot_to_txdone_us=640;txcmd_to_txdone_us=366;txdone_to_rxstart_us=61;txdone_to_rxend_us=183;rxenable_
[RECV] BS2DCE notify: TR;3;3374;f;0;ff;ff;2911,2528,2919,3494,3030,2528,2773,3229;2911,2528,2919,3494,3030,2528,2773,3229;100,100,100,100,100,100,100,100;OOOOOOOO;100;0;30273;8
[RECV] BS2DCE notify: TR;3;3375;f;0;ff;ff;2807,2562,2968,3457,2823,2541,2802,3199;2807,2562,2968,3457,2823,2541,2802,3199;100,100,100,100,100,100,100,100;OOOOOOOO;100;0;701;8
[RECV] BSDC91 notify: RXG;1;3364;tag=2;mask=0xff;pc=8;guard=1200;spacing=1000;win=8165;pre=1;slot_to_entry_us=0;slot_to_sched_us=0;slot_to_write_done_us=0;slot_to_txcmd_us=274;slot_to_txdone_us=610;txcmd_to_txdone_us=335;txdone_to_rxstart_us=61;txdone_to_rxend_us=183;rxenable_
[RECV] BSDC91 notify: CD;1;3364;tag=2;local=0xb102;status=0x00800b02;rxf=0x0796c814;win=8165;pc=8;mask=0xff;resp=7;unexp=0;last_len=20;last_src=0xa106;last_dst=0xb102;last_code=0xe1
[RECV] BS2DCE notify: CD;1;3375;tag=1;local=0xb101;status=0x02806f02;rxf=0x0766c814;win=8165;pc=8;mask=0xff;resp=8;unexp=0;last_len=20;last_src=0xa107;last_dst=0xb101;last_code=0xe1
[RECV] BSDC91 notify: TR;3;3365;f;0;ff;7f;3220,3553,2720,2271,2891,3306,2677,0;3220,3553,2720,2271,2891,3306,2677,2358;96,100,100,100,100,100,100,32;OOOOOOOT;99;0;44158;8
[RECV] BSDC91 notify: TR;3;3366;f;0;ff;7f;3216,3157,2607,2282,2978,3424,2590,0;3216,3157,2607,2282,2978,3424,2590,2358;96,100,100,100,100,100,100,31;OOOOOOOT;99;0;671;8
[RECV] BS2DCE notify: TR;3;3376;f;0;ff;ff;2749,2636,3094,3424,2770,2641,2883,3139;2749,2636,3094,3424,2770,2641,2883,3139;100,100,100,100,100,100,100,100;OOOOOOOO;100;0;15502;8
[RECV] BS2DCE notify: TR;3;3377;f;0;ff;ff;2753,2564,3213,3299,2689,2657,2808,3072;2753,2564,3213,3299,2689,2657,2808,3072;100,100,100,100,100,100,100,100;OOOOOOOO;100;0;701;8
[RECV] BSDC91 notify: TR;3;3367;f;0;ff;7f;3172,3209,2608,2517,3037,3251,2581,0;3172,3209,2608,2517,3037,3251,2581,2358;100,100,100,100,100,100,100,29;OOOOOOOT;100;0;671;8
[RECV] BSDC91 notify: TR;3;3368;f;0;ff;7f;3166,3163,2505,2598,3042,3466,2503,0;3166,3163,2505,2598,3042,3466,2503,2358;100,100,100,100,100,100,100,27;OOOOOOOT;100;0;671;8
[RECV] BSDC91 notify: TR;3;3369;f;0;ff;7f;3172,3123,2581,2619,3182,3222,2358,0;3172,3123,2581,2619,3182,3222,2358,2358;100,100,100,100,100,100,100,26;OOOOOOOT;100;0;671;8
[RECV] BS2DCE notify: TR;3;3378;f;0;ff;7f;2732,2649,3248,3114,2602,2690,2865,0;2732,2649,3248,3114,2602,2690,2865,3072;100,100,100,100,100,100,100,94;OOOOOOOT;100;0;793;8
[RECV] BS2DCE notify: TR;3;3379;f;0;ff;ff;2719,2697,3241,2973,2534,2659,2857,3004;2719,2697,3241,2973,2534,2659,2857,3004;100,100,100,100,100,100,100,95;OOOOOOOO;99;0;701;8
[RECV] BS2DCE notify: TR;3;3380;f;0;ff;ff;2695,2757,3208,2972,2536,2708,2973,3015;2695,2757,3208,2972,2536,2708,2973,3015;100,100,100,100,100,100,100,95;OOOOOOOO;99;0;701;8
[RECV] BS2DCE notify: TR;3;3381;f;0;ff;ff;2657,2861,3260,2979,2542,2699,3007,2984;2657,2861,3260,2979,2542,2699,3007,2984;100,100,100,100,100,100,100,95;OOOOOOOO;99;0;701;8
[RECV] BSDC91 notify: TR;3;3370;f;0;ff;7f;3152,3129,2557,2706,3191,3148,2362,0;3152,3129,2557,2706,3191,3148,2362,2358;100,100,100,100,100,100,100,25;OOOOOOOT;100;0;671;8
[RECV] BSDC91 notify: TR;3;3371;f;0;ff;7f;3203,3024,2524,2722,3257,3068,2275,0;3203,3024,2524,2722,3257,3068,2275,2358;100,100,100,100,100,100,100,23;OOOOOOOT;100;0;701;8
[RECV] BS2DCE notify: TR;3;3382;f;0;ff;ff;2609,2828,3187,2767,2448,2735,3062,2983;2609,2828,3187,2767,2448,2735,3062,2983;100,100,100,100,100,100,100,95;OOOOOOOO;99;0;701;8
[RECV] BSDC91 notify: TR;3;3372;f;0;ff;7f;3237,2893,2482,2703,3283,3035,2200,0;3237,2893,2482,2703,3283,3035,2200,2358;100,100,100,100,100,100,100,22;OOOOOOOT;100;0;671;8
[RECV] BS2DCE notify: TR;3;3383;f;0;ff;ff;2589,2996,3205,2849,2483,2832,3021,2906;2589,2996,3205,2849,2483,2832,3021,2906;100,100,100,100,100,100,100,95;OOOOOOOO;99;0;701;8
[RECV] BSDC91 notify: TR;3;3373;f;0;ff;7f;3274,2833,2457,2779,3319,2911,2136,0;3274,2833,2457,2779,3319,2911,2136,2358;100,100,100,100,100,100,100,21;OOOOOOOT;100;0;640;8
[RECV] BS2DCE notify: RXG;1;3383;tag=1;mask=0xff;pc=8;guard=1200;spacing=1000;win=8165;pre=1;slot_to_entry_us=0;slot_to_sched_us=0;slot_to_write_done_us=0;slot_to_txcmd_us=274;slot_to_txdone_us=610;txcmd_to_txdone_us=335;txdone_to_rxstart_us=61;txdone_to_rxend_us=183;rxenable_
[RECV] BSDC91 notify: TR;3;3374;f;0;ff;7f;3271,2817,2448,2741,3483,2973,2154,0;3271,2817,2448,2741,3483,2973,2154,2358;100,100,100,100,100,100,100,20;OOOOOOOT;100;0;701;8
[RECV] BS2DCE notify: TR;3;3384;f;0;ff;ff;2581,3005,3240,2830,2371,2874,3090,2883;2581,3005,3240,2830,2371,2874,3090,2883;100,100,100,100,100,100,100,96;OOOOOOOO;99;0;29968;8
[RECV] BS2DCE notify: TR;3;3385;f;0;ff;ff;2607,3148,3245,2795,2414,2953,3147,2816;2607,3148,3245,2795,2414,2953,3147,2816;100,100,100,100,100,100,100,96;OOOOOOOO;99;0;701;8
[RECV] BSDC91 notify: RXG;1;3374;tag=2;mask=0xff;pc=8;guard=1200;spacing=1000;win=8165;pre=1;slot_to_entry_us=0;slot_to_sched_us=0;slot_to_write_done_us=0;slot_to_txcmd_us=274;slot_to_txdone_us=610;txcmd_to_txdone_us=335;txdone_to_rxstart_us=61;txdone_to_rxend_us=183;rxenable_
[RECV] BSDC91 notify: CD;1;3374;tag=2;local=0xb102;status=0x00800b02;rxf=0x0786c814;win=8165;pc=8;mask=0xff;resp=7;unexp=0;last_len=20;last_src=0xa106;last_dst=0xb102;last_code=0xe1
[RECV] BSDC91 notify: TR;3;3375;f;0;ff;7f;3244,2765,2388,2738,3782,2822,2160,0;3244,2765,2388,2738,3782,2822,2160,2358;100,100,100,100,100,100,100,20;OOOOOOOT;100;0;44067;8
[RECV] BS2DCE notify: CD;1;3385;tag=1;local=0xb101;status=0x02806f02;rxf=0x07c6c814;win=8165;pc=8;mask=0xff;resp=8;unexp=0;last_len=20;last_src=0xa107;last_dst=0xb101;last_code=0xe1
[RECV] BS2DCE notify: TR;3;3386;f;0;ff;ff;2563,3086,3308,2728,2409,2994,3109,2527;2563,3086,3308,2728,2409,2994,3109,2527;100,100,100,100,100,100,100,96;OOOOOOOO;99;0;15563;8
[RECV] BSDC91 notify: TR;3;3376;f;0;ff;ff;3301,2750,2397,2708,3594,2770,2222,2892;3301,2750,2397,2708,3594,2770,2222,2892;100,100,100,100,100,100,100,23;OOOOOOOO;90;0;701;8
[RECV] BS2DCE notify: TR;3;3387;f;0;ff;ff;2723,3145,3354,2725,2473,3013,3039,2631;2723,3145,3354,2725,2473,3013,3039,2631;100,100,100,100,100,100,100,96;OOOOOOOO;99;0;701;8
[RECV] BSDC91 notify: TR;3;3377;f;0;ff;7f;3376,2713,2336,2885,3738,2635,2157,0;3376,2713,2336,2885,3738,2635,2157,2892;100,100,100,100,100,100,100,22;OOOOOOOT;100;0;701;8
[RECV] BS2DCE notify: TR;3;3388;f;0;ff;ff;2692,3114,3383,2561,2481,2910,3058,2552;2692,3114,3383,2561,2481,2910,3058,2552;100,100,100,100,100,100,100,96;OOOOOOOO;99;0;701;8
[RECV] BSDC91 notify: TR;3;3378;f;0;ff;7f;3402,2617,2319,3059,3798,2602,2182,0;3402,2617,2319,3059,3798,2602,2182,2892;100,100,100,100,100,100,100,21;OOOOOOOT;100;0;671;8
[RECV] BS2DCE notify: TR;3;3389;f;0;ff;ff;2609,3148,3341,2635,2519,3076,3113,2567;2609,3148,3341,2635,2519,3076,3113,2567;100,100,100,100,100,100,100,96;OOOOOOOO;99;0;701;8
[RECV] BSDC91 notify: TR;3;3379;f;0;ff;7f;3375,2646,2305,3171,3445,2468,2270,0;3375,2646,2305,3171,3445,2468,2270,2892;100,100,100,100,100,100,100,20;OOOOOOOT;100;0;671;8
[RECV] BS2DCE notify: TR;3;3390;f;0;ff;ff;2511,3171,3405,2504,2628,2999,3171,2512;2511,3171,3405,2504,2628,2999,3171,2512;100,100,100,100,100,100,100,96;OOOOOOOO;99;0;701;8
[RECV] BSDC91 notify: TR;3;3380;f;0;ff;7f;3361,2628,2243,3237,3461,2490,2202,0;3361,2628,2243,3237,3461,2490,2202,2892;100,100,100,100,100,100,100,20;OOOOOOOT;100;0;701;8
[RECV] BS2DCE notify: TR;3;3391;f;0;ff;ff;2476,3092,3439,2630,2531,3068,3202,2457;2476,3092,3439,2630,2531,3068,3202,2457;100,100,100,100,100,100,100,96;OOOOOOOO;99;0;701;8
[RECV] BSDC91 notify: TR;3;3381;f;0;ff;ff;3388,2542,2342,3377,3416,2534,2648,3116;3388,2542,2342,3377,3416,2534,2648,3116;100,100,100,100,100,100,100,22;OOOOOOOO;90;0;671;8
[RECV] BSDC91 notify: TR;3;3382;f;0;ff;7f;3365,2497,2314,3219,3366,2428,2379,0;3365,2497,2314,3219,3366,2428,2379,3116;100,100,100,100,100,100,100,21;OOOOOOOT;100;0;671;8
[RECV] BSDC91 notify: TR;3;3383;f;0;ff;7f;3342,2448,2343,3102,3365,2439,2367,0;3342,2448,2343,3102,3365,2439,2367,3116;100,100,100,100,100,100,100,23;OOOOOOOT;100;0;701;8
[RECV] BS2DCE notify: TR;3;3392;f;0;ff;ff;2443,3164,3381,2428,2581,3127,3189,2550;2443,3164,3381,2428,2581,3127,3189,2550;100,100,100,100,100,100,100,100;OOOOOOOO;100;0;701;8
[RECV] BS2DCE notify: TR;3;3393;f;0;ff;ff;2508,3129,3309,2432,2610,3243,3122,2457;2508,3129,3309,2432,2610,3243,3122,2457;100,100,100,100,100,100,100,100;OOOOOOOO;100;0;701;8
[RECV] BSDC91 notify: TR;3;3384;f;0;ff;7f;3357,2372,2404,3217,3328,2285,2396,0;3357,2372,2404,3217,3328,2285,2396,3116;100,100,100,100,100,100,100,22;OOOOOOOT;100;0;671;8
[RECV] BS2DCE notify: RXG;1;3393;tag=1;mask=0xff;pc=8;guard=1200;spacing=1000;win=8165;pre=1;slot_to_entry_us=0;slot_to_sched_us=0;slot_to_write_done_us=0;slot_to_txcmd_us=274;slot_to_txdone_us=610;txcmd_to_txdone_us=335;txdone_to_rxstart_us=61;txdone_to_rxend_us=183;rxenable_
[RECV] BS2DCE notify: TR;3;3394;f;0;ff;ff;2512,3202,3296,2448,2668,3279,3069,2404;2512,3202,3296,2448,2668,3279,3069,2404;100,100,100,100,100,100,100,100;OOOOOOOO;100;0;29907;8
[RECV] BS2DCE notify: TR;3;3395;f;0;ff;ff;2537,3271,3365,2440,2661,3229,3039,2332;2537,3271,3365,2440,2661,3229,3039,2332;100,100,100,100,100,100,100,100;OOOOOOOO;100;0;823;8
[RECV] BSDC91 notify: RXG;1;3384;tag=2;mask=0xff;pc=8;guard=1200;spacing=1000;win=8165;pre=1;slot_to_entry_us=0;slot_to_sched_us=0;slot_to_write_done_us=0;slot_to_txcmd_us=274;slot_to_txdone_us=610;txcmd_to_txdone_us=335;txdone_to_rxstart_us=61;txdone_to_rxend_us=183;rxenable_
[RECV] BSDC91 notify: CD;1;3384;tag=2;local=0xb102;status=0x00800b02;rxf=0x07a6c814;win=8165;pc=8;mask=0xff;resp=7;unexp=0;last_len=20;last_src=0xa106;last_dst=0xb102;last_code=0xe1
[RECV] BSDC91 notify: TR;3;3385;f;0;ff;7f;3399,2330,2439,3276,3312,2258,2340,0;3399,2330,2439,3276,3312,2258,2340,3116;100,100,100,100,100,100,100,21;OOOOOOOT;100;0;44158;8
[RECV] BS2DCE notify: CD;1;3395;tag=1;local=0xb101;status=0x02806f02;rxf=0x07b6c814;win=8165;pc=8;mask=0xff;resp=8;unexp=0;last_len=20;last_src=0xa107;last_dst=0xb101;last_code=0xe1
[RECV] BS2DCE notify: TR;3;3396;f;0;ff;ff;2621,3226,3449,2383,2644,3222,3046,2408;2621,3226,3449,2383,2644,3222,3046,2408;100,100,100,100,100,100,100,100;OOOOOOOO;100;0;15533;8
[RECV] BSDC91 notify: TR;3;3386;f;0;ff;ff;3408,2365,2455,3214,3268,2262,2466,3220;3408,2365,2455,3214,3268,2262,2466,3220;100,100,100,100,100,100,100,25;OOOOOOOO;90;0;701;8
[RECV] BS2DCE notify: TR;3;3397;f;0;ff;ff;2644,3305,3272,2478,2665,3307,2998,2331;2644,3305,3272,2478,2665,3307,2998,2331;100,100,100,100,100,100,100,100;OOOOOOOO;100;0;701;8
[RECV] BSDC91 notify: TR;3;3387;f;0;ff;ff;3293,2505,2546,3202,3158,2325,2502,3229;3293,2505,2546,3202,3158,2325,2502,3229;100,100,100,100,100,100,100,28;OOOOOOOO;91;0;671;8
[RECV] BS2DCE notify: TR;3;3398;f;0;ff;ff;2719,3429,3159,2396,2726,3298,3077,2391;2719,3429,3159,2396,2726,3298,3077,2391;100,100,100,100,100,100,100,100;OOOOOOOO;100;0;701;8
[RECV] BSDC91 notify: TR;3;3388;f;0;ff;7f;3244,2406,2560,3304,3152,2355,2514,0;3244,2406,2560,3304,3152,2355,2514,3229;100,100,100,100,100,100,100,27;OOOOOOOT;100;0;671;8
[RECV] BS2DCE notify: TR;3;3399;f;0;ff;ff;2783,3470,3113,2451,2759,3454,3113,2424;2783,3470,3113,2451,2759,3454,3113,2424;100,100,100,100,100,100,100,100;OOOOOOOO;100;0;701;8
[RECV] BSDC91 notify: TR;3;3389;f;0;ff;7f;3210,2558,2625,3316,3131,2359,2580,0;3210,2558,2625,3316,3131,2359,2580,3229;100,100,100,100,100,100,100,26;OOOOOOOT;100;0;701;8
[RECV] BS2DCE notify: TR;3;3400;f;0;ff;ff;2856,3455,3049,2599,2819,3471,2971,2438;2856,3455,3049,2599,2819,3471,2971,2438;100,100,100,100,100,100,100,100;OOOOOOOO;100;0;671;8
[RECV] BSDC91 notify: TR;3;3390;f;0;ff;ff;3173,2427,2655,3407,3007,2344,2542,3134;3173,2427,2655,3407,3007,2344,2542,3134;100,100,100,100,100,100,100,29;OOOOOOOO;91;0;671;8
[RECV] BS2DCE notify: TR;3;3401;f;0;ff;ff;3191,3340,2983,2564,2829,3386,2957,2463;3191,3340,2983,2564,2829,3386,2957,2463;100,100,100,100,100,100,100,100;OOOOOOOO;100;0;793;8
[RECV] BSDC91 notify: TR;3;3391;f;0;ff;df;3086,2401,2710,3394,3290,0,2633,3343;3086,2401,2710,3394,3290,2344,2633,3343;100,100,100,100,100,96,100,32;OOOOOTOO;90;0;671;8
[RECV] BS2DCE notify: TR;3;3402;f;0;ff;ff;3216,3450,2929,2411,2815,3402,2903,2688;3216,3450,2929,2411,2815,3402,2903,2688;100,100,100,100,100,100,100,100;OOOOOOOO;100;0;701;8
[RECV] BSDC91 notify: TR;3;3392;f;0;ff;7f;3003,2358,2793,3271,3168,2456,2635,0;3003,2358,2793,3271,3168,2456,2635,3343;100,100,100,100,100,96,100,30;OOOOOOOT;99;0;701;8
[RECV] BS2DCE notify: TR;3;3403;f;0;ff;ff;3235,3333,2969,2301,2913,3336,2922,2612;3235,3333,2969,2301,2913,3336,2922,2612;100,100,100,100,100,100,100,100;OOOOOOOO;100;0;701;8
[RECV] BS2DCE notify: RXG;1;3403;tag=1;mask=0xff;pc=8;guard=1200;spacing=1000;win=8165;pre=1;slot_to_entry_us=0;slot_to_sched_us=0;slot_to_write_done_us=0;slot_to_txcmd_us=274;slot_to_txdone_us=640;txcmd_to_txdone_us=366;txdone_to_rxstart_us=61;txdone_to_rxend_us=183;rxenable_
[RECV] BS2DCE notify: TR;3;3404;f;0;ff;ff;3208,3257,2927,2466,3008,3304,2866,2584;3208,3257,2927,2466,3008,3304,2866,2584;100,100,100,100,100,100,100,100;OOOOOOOO;100;0;29815;8
[RECV] BS2DCE notify: TR;3;3405;f;0;ff;ff;3031,3377,2888,2489,2870,3291,2826,2573;3031,3377,2888,2489,2870,3291,2826,2573;100,100,100,100,100,100,100,100;OOOOOOOO;100;0;701;8
[RECV] BS2DCE notify: CD;1;3405;tag=1;local=0xb101;status=0x02806f02;rxf=0x0796c814;win=8165;pc=8;mask=0xff;resp=8;unexp=0;last_len=20;last_src=0xa107;last_dst=0xb101;last_code=0xe1
[RECV] BS2DCE notify: TR;3;3406;f;0;ff;ff;3055,3343,2763,2508,2908,3253,2725,2626;3055,3343,2763,2508,2908,3253,2725,2626;100,100,100,100,100,100,100,100;OOOOOOOO;100;0;15502;8
[RECV] BS2DCE notify: TR;3;3407;f;0;ff;ff;3089,3141,2775,2711,2961,3278,2700,2593;3089,3141,2775,2711,2961,3278,2700,2593;100,100,100,100,100,100,100,100;OOOOOOOO;100;0;793;8
[RECV] BS2DCE notify: TR;3;3408;f;0;ff;3f;3055,3115,2753,2801,2999,3220,0,0;3055,3115,2753,2801,2999,3220,2700,2593;100,100,100,100,100,100,94,94;OOOOOOTT;100;0;671;8
[RECV] BS2DCE notify: TR;3;3409;f;0;ff;ff;3138,3133,2737,2687,3044,3157,2493,2628;3138,3133,2737,2687,3044,3157,2493,2628;100,100,100,100,100,100,94,94;OOOOOOOO;98;0;671;8
[RECV] BSDC91 notify: TR;3;3393;f;0;ff;ff;2866,2354,2758,3264,3054,2413,2704,3342;2866,2354,2758,3264,3054,2413,2704,3342;100,100,100,100,100,96,100,33;OOOOOOOO;91;0;671;8
[RECV] BSDC91 notify: TR;3;3394;f;0;ff;ff;2926,2394,2870,3444,2929,2395,2796,3230;2926,2394,2870,3444,2929,2395,2796,3230;100,100,100,100,100,96,100,35;OOOOOOOO;91;0;671;8
[RECV] BSDC91 notify: RXG;1;3394;tag=2;mask=0xff;pc=8;guard=1200;spacing=1000;win=8165;pre=1;slot_to_entry_us=0;slot_to_sched_us=0;slot_to_write_done_us=0;slot_to_txcmd_us=274;slot_to_txdone_us=610;txcmd_to_txdone_us=335;txdone_to_rxstart_us=61;txdone_to_rxend_us=183;rxenable_
[RECV] BSDC91 notify: CD;1;3394;tag=2;local=0xb102;status=0x00800b02;rxf=0x0766c814;win=8165;pc=8;mask=0xff;resp=7;unexp=0;last_len=20;last_src=0xa106;last_dst=0xb102;last_code=0xe1
[RECV] BSDC91 notify: TR;3;3395;f;0;ff;7f;2792,2429,2925,3346,2832,2395,2760,0;2792,2429,2925,3346,2832,2395,2760,3230;100,100,100,100,100,96,100,34;OOOOOOOT;99;0;44189;8
[RECV] BSDC91 notify: TR;3;3396;f;0;ff;7f;2719,2443,2992,3234,2799,2565,2761,0;2719,2443,2992,3234,2799,2565,2761,3230;100,100,100,100,100,96,100,33;OOOOOOOT;99;0;671;8
[RECV] BS2DCE notify: TR;3;3410;f;0;ff;ff;3090,3052,2660,2854,3208,3148,2507,2639;3090,3052,2660,2854,3208,3148,2507,2639;100,100,100,100,100,100,94,94;OOOOOOOO;98;0;793;8
[RECV] BS2DCE notify: TR;3;3411;f;0;ff;ff;3112,2970,2642,2810,3324,3056,2478,2696;3112,2970,2642,2810,3324,3056,2478,2696;100,100,100,100,100,100,95,95;OOOOOOOO;98;0;671;8
[RECV] BSDC91 notify: TR;3;3397;f;0;ff;7f;2682,2497,3085,3324,2640,2571,2876,0;2682,2497,3085,3324,2640,2571,2876,3230;100,100,100,100,100,96,100,32;OOOOOOOT;99;0;671;8
[RECV] BSDC91 notify: TR;3;3398;f;0;ff;7f;2638,2572,3139,3254,2472,2551,2921,0;2638,2572,3139,3254,2472,2551,2921,3230;100,100,100,100,100,96,100,31;OOOOOOOT;99;0;701;8
[RECV] BSDC91 notify: TR;3;3399;f;0;ff;7f;2640,2597,3195,3156,2483,2579,2896,0;2640,2597,3195,3156,2483,2579,2896,3230;100,100,100,100,100,100,100,29;OOOOOOOT;100;0;762;8
[RECV] BSDC91 notify: TR;3;3400;f;0;ff;7f;2585,2690,3326,3000,2384,2669,3018,0;2585,2690,3326,3000,2384,2669,3018,3230;100,100,100,100,100,100,100,27;OOOOOOOT;100;0;671;8
[RECV] BSDC91 notify: TR;3;3401;f;0;ff;7f;2630,2728,3394,2856,2387,2645,2981,0;2630,2728,3394,2856,2387,2645,2981,3230;100,100,100,100,100,100,100,26;OOOOOOOT;100;0;671;8
[RECV] BS2DCE notify: TR;3;3412;f;0;ff;ff;3102,2924,2667,2879,3203,3079,2402,2729;3102,2924,2667,2879,3203,3079,2402,2729;100,100,100,100,100,100,95,95;OOOOOOOO;98;0;701;8
[RECV] BS2DCE notify: TR;3;3413;f;0;ff;ff;3115,2942,2664,2876,3298,3030,2249,2941;3115,2942,2664,2876,3298,3030,2249,2941;100,100,100,100,100,100,95,95;OOOOOOOO;98;0;793;8
[RECV] BSDC91 notify: TR;3;3402;f;0;ff;7f;2529,2802,3450,2880,2355,2696,3091,0;2529,2802,3450,2880,2355,2696,3091,3230;100,100,100,100,100,100,100,25;OOOOOOOT;100;0;671;8
[RECV] BSDC91 notify: TR;3;3403;f;0;ff;7f;2411,2856,3365,2833,2307,2809,3090,0;2411,2856,3365,2833,2307,2809,3090,3230;100,100,100,100,100,100,100,23;OOOOOOOT;100;0;671;8
[RECV] BS2DCE notify: RXG;1;3413;tag=1;mask=0xff;pc=8;guard=1200;spacing=1000;win=8165;pre=1;slot_to_entry_us=0;slot_to_sched_us=0;slot_to_write_done_us=0;slot_to_txcmd_us=274;slot_to_txdone_us=610;txcmd_to_txdone_us=335;txdone_to_rxstart_us=61;txdone_to_rxend_us=183;rxenable_
[RECV] BSDC91 notify: TR;3;3404;f;0;ff;7f;2435,2960,3348,2813,2274,2895,3156,0;2435,2960,3348,2813,2274,2895,3156,3230;100,100,100,100,100,100,100,22;OOOOOOOT;100;0;701;8
[RECV] BS2DCE notify: TR;3;3414;f;0;ff;ff;3111,3016,2638,2765,3188,3005,2350,2875;3111,3016,2638,2765,3188,3005,2350,2875;100,100,100,100,100,100,95,95;OOOOOOOO;98;0;29876;8
[RECV] BS2DCE notify: TR;3;3415;f;0;ff;ff;3145,2902,2593,3180,3348,2956,2456,2915;3145,2902,2593,3180,3348,2956,2456,2915;100,100,100,100,100,100,95,95;OOOOOOOO;98;0;671;8
[RECV] BS2DCE notify: CD;1;3415;tag=1;local=0xb101;status=0x02806f02;rxf=0x0766c814;win=8165;pc=8;mask=0xff;resp=8;unexp=0;last_len=20;last_src=0xa107;last_dst=0xb101;last_code=0xe1
[RECV] BS2DCE notify: TR;3;3416;f;0;ff;ff;3173,2851,2563,2982,3365,2932,2244,2894;3173,2851,2563,2982,3365,2932,2244,2894;100,100,100,100,100,100,96,96;OOOOOOOO;99;0;15716;8
[RECV] BS2DCE notify: TR;3;3417;f;0;ff;ff;3226,2750,2615,2872,3379,2890,2342,2745;3226,2750,2615,2872,3379,2890,2342,2745;100,100,100,100,100,100,96,96;OOOOOOOO;99;0;701;8
[RECV] BSDC91 notify: RXG;1;3404;tag=2;mask=0xff;pc=8;guard=1200;spacing=1000;win=8165;pre=1;slot_to_entry_us=0;slot_to_sched_us=0;slot_to_write_done_us=0;slot_to_txcmd_us=274;slot_to_txdone_us=610;txcmd_to_txdone_us=335;txdone_to_rxstart_us=61;txdone_to_rxend_us=183;rxenable_
[RECV] BSDC91 notify: CD;1;3404;tag=2;local=0xb102;status=0x00800b02;rxf=0x07a6c814;win=8165;pc=8;mask=0xff;resp=7;unexp=0;last_len=20;last_src=0xa106;last_dst=0xb102;last_code=0xe1
[RECV] BSDC91 notify: TR;3;3405;f;0;ff;7f;2509,3008,3403,2865,2239,3008,3121,0;2509,3008,3403,2865,2239,3008,3121,3230;100,100,100,100,100,100,100,21;OOOOOOOT;100;0;44036;8
[RECV] BS2DCE notify: TR;3;3418;f;0;ff;ff;3307,2727,2661,2995,3372,2787,2331,2885;3307,2727,2661,2995,3372,2787,2331,2885;100,100,100,100,100,100,96,96;OOOOOOOO;99;0;701;8
[RECV] BSDC91 notify: TR;3;3406;f;0;ff;7f;2619,3093,3415,2811,2323,2999,3248,0;2619,3093,3415,2811,2323,2999,3248,3230;100,100,100,100,100,100,100,20;OOOOOOOT;100;0;671;8
[RECV] BSDC91 notify: TR;3;3407;f;0;ff;7f;2717,3115,3360,2611,2209,3097,3280,0;2717,3115,3360,2611,2209,3097,3280,3230;100,100,100,100,100,100,100,20;OOOOOOOT;100;0;701;8
[RECV] BSDC91 notify: TR;3;3408;f;0;ff;ff;2483,3086,3435,2605,2362,3024,3161,2503;2483,3086,3435,2605,2362,3024,3161,2503;100,100,100,100,100,100,100,23;OOOOOOOO;90;0;701;8
[RECV] BS2DCE notify: TR;3;3419;f;0;ff;ff;3385,2722,2633,2997,3399,2709,2344,2977;3385,2722,2633,2997,3399,2709,2344,2977;100,100,100,100,100,100,96,96;OOOOOOOO;99;0;1007;8
[RECV] BSDC91 notify: TR;3;3409;f;0;ff;7f;2409,3105,3435,2678,2362,3036,3161,0;2409,3105,3435,2678,2362,3036,3161,2503;100,100,100,100,100,100,100,22;OOOOOOOT;100;0;671;8
[RECV] BS2DCE notify: TR;3;3420;f;0;ff;ff;3382,2648,2558,3032,3826,2586,2355,2987;3382,2648,2558,3032,3826,2586,2355,2987;100,100,100,100,100,100,96,96;OOOOOOOO;99;0;701;8
[RECV] BS2DCE notify: TR;3;3421;f;0;ff;ff;3355,2607,2506,2947,3606,2494,2335,2961;3355,2607,2506,2947,3606,2494,2335,2961;100,100,100,100,100,100,96,96;OOOOOOOO;99;0;701;8
[RECV] BSDC91 notify: TR;3;3410;f;0;ff;7f;2319,3175,3372,2523,2312,3219,3229,0;2319,3175,3372,2523,2312,3219,3229,2503;100,100,100,100,100,100,100,21;OOOOOOOT;100;0;701;8
[RECV] BSDC91 notify: TR;3;3411;f;0;ff;ff;2331,3253,3803,2431,2402,3127,3267,2386;2331,3253,3803,2431,2402,3127,3267,2386;100,100,100,100,100,100,100,24;OOOOOOOO;90;0;671;8
[RECV] BS2DCE notify: TR;3;3422;f;0;ff;ff;3295,2587,2485,2960,3460,2482,2797,3058;3295,2587,2485,2960,3460,2482,2797,3058;100,100,100,100,100,100,96,96;OOOOOOOO;99;0;823;8
[RECV] BSDC91 notify: TR;3;3412;f;0;ff;7f;2374,3249,3471,2276,2363,3277,3296,0;2374,3249,3471,2276,2363,3277,3296,2386;100,100,100,100,100,100,100,23;OOOOOOOT;100;0;671;8
[RECV] BS2DCE notify: TR;3;3423;f;0;ff;ff;3252,2547,2493,3042,3457,2429,2586,3067;3252,2547,2493,3042,3457,2429,2586,3067;100,100,100,100,100,100,96,96;OOOOOOOO;99;0;701;8
[RECV] BSDC91 notify: TR;3;3413;f;0;ff;7f;2315,3264,3491,2273,2385,3154,3293,0;2315,3264,3491,2273,2385,3154,3293,2386;100,100,100,100,100,100,100,22;OOOOOOOT;100;0;671;8
[RECV] BS2DCE notify: RXG;1;3423;tag=1;mask=0xff;pc=8;guard=1200;spacing=1000;win=8165;pre=1;slot_to_entry_us=0;slot_to_sched_us=0;slot_to_write_done_us=0;slot_to_txcmd_us=274;slot_to_txdone_us=610;txcmd_to_txdone_us=335;txdone_to_rxstart_us=61;txdone_to_rxend_us=183;rxenable_
[RECV] BS2DCE notify: TR;3;3424;f;0;ff;ff;3284,2557,2526,3129,3320,2389,2526,3080;3284,2557,2526,3129,3320,2389,2526,3080;100,100,100,100,100,100,100,100;OOOOOOOO;100;0;29876;8
[RECV] BSDC91 notify: TR;3;3414;f;0;ff;7f;2362,3249,3535,2377,2438,3420,3220,0;2362,3249,3535,2377,2438,3420,3220,2386;100,100,100,100,100,100,100,21;OOOOOOOT;100;0;671;8
[RECV] BS2DCE notify: TR;3;3425;f;0;ff;ff;3422,2552,2520,3205,3435,2392,2571,3134;3422,2552,2520,3205,3435,2392,2571,3134;100,100,100,100,100,100,100,100;OOOOOOOO;100;0;793;8
[RECV] BS2DCE notify: CD;1;3425;tag=1;local=0xb101;status=0x02806f02;rxf=0x0766c814;win=8165;pc=8;mask=0xff;resp=8;unexp=0;last_len=20;last_src=0xa107;last_dst=0xb101;last_code=0xe1
[RECV] BS2DCE notify: TR;3;3426;f;0;ff;ff;3273,2555,2622,3187,3310,2467,2623,3229;3273,2555,2622,3187,3310,2467,2623,3229;100,100,100,100,100,100,100,100;OOOOOOOO;100;0;15472;8
[RECV] BSDC91 notify: RXG;1;3414;tag=2;mask=0xff;pc=8;guard=1200;spacing=1000;win=8165;pre=1;slot_to_entry_us=0;slot_to_sched_us=0;slot_to_write_done_us=0;slot_to_txcmd_us=274;slot_to_txdone_us=610;txcmd_to_txdone_us=335;txdone_to_rxstart_us=61;txdone_to_rxend_us=183;rxenable_
[RECV] BSDC91 notify: CD;1;3414;tag=2;local=0xb102;status=0x00800f02;rxf=0x07c6c814;win=8165;pc=8;mask=0xff;resp=7;unexp=0;last_len=20;last_src=0xa106;last_dst=0xb102;last_code=0xe1
[RECV] BS2DCE notify: TR;3;3427;f;0;ff;ff;3231,2570,2695,3141,3270,2448,2579,2628;3231,2570,2695,3141,3270,2448,2579,2628;100,100,100,100,100,100,100,100;OOOOOOOO;100;0;701;8
[RECV] BSDC91 notify: TR;3;3415;f;0;ff;7f;2441,3325,3446,2359,2481,3323,3073,0;2441,3325,3446,2359,2481,3323,3073,2386;100,100,100,100,100,100,100,23;OOOOOOOT;100;0;44128;8
[RECV] BSDC91 notify: TR;3;3416;f;0;ff;7f;2509,3345,3574,2276,2596,3430,3109,0;2509,3345,3574,2276,2596,3430,3109,2386;100,100,100,100,100,100,100,22;OOOOOOOT;100;0;671;8
[RECV] BSDC91 notify: TR;3;3417;f;0;ff;7f;2495,3353,3298,2253,2568,3402,3032,0;2495,3353,3298,2253,2568,3402,3032,2386;100,100,100,100,100,100,100,21;OOOOOOOT;100;0;671;8
[RECV] BS2DCE notify: TR;3;3428;f;0;ff;ff;3201,2591,2665,3153,3112,2417,2631,3124;3201,2591,2665,3153,3112,2417,2631,3124;100,100,100,100,100,100,100,100;OOOOOOOO;100;0;793;8
[RECV] BSDC91 notify: TR;3;3418;f;0;ff;7f;2614,3503,3146,2347,2617,3383,2971,0;2614,3503,3146,2347,2617,3383,2971,2386;100,100,100,100,100,100,100,20;OOOOOOOT;100;0;671;8
[RECV] BS2DCE notify: TR;3;3429;f;0;ff;ff;3156,2622,2714,3297,3092,2512,2684,3106;3156,2622,2714,3297,3092,2512,2684,3106;100,100,100,100,100,100,100,100;OOOOOOOO;100;0;701;8
[RECV] BSDC91 notify: TR;3;3419;f;0;ff;ff;2641,3464,3117,2324,2690,3756,3289,2237;2641,3464,3117,2324,2690,3756,3289,2237;100,100,100,100,100,100,100,23;OOOOOOOO;90;0;701;8
[RECV] BS2DCE notify: TR;3;3430;f;0;ff;ff;3124,2644,2748,3290,3031,2509,2747,3241;3124,2644,2748,3290,3031,2509,2747,3241;100,100,100,100,100,100,100,100;OOOOOOOO;100;0;671;8
[RECV] BSDC91 notify: TR;3;3420;f;0;ff;7f;2742,3499,3013,2200,2870,3298,3066,0;2742,3499,3013,2200,2870,3298,3066,2237;100,100,100,100,100,100,100,22;OOOOOOOT;100;0;671;8
[RECV] BS2DCE notify: TR;3;3431;f;0;ff;ff;3082,2518,2723,3260,2958,2573,2676,3238;3082,2518,2723,3260,2958,2573,2676,3238;100,100,100,100,100,100,100,100;OOOOOOOO;100;0;793;8
[RECV] BSDC91 notify: TR;3;3421;f;0;ff;7f;2784,3644,2991,2243,2868,3420,3033,0;2784,3644,2991,2243,2868,3420,3033,2237;100,100,100,100,100,100,100,21;OOOOOOOT;100;0;671;8
[RECV] BS2DCE notify: TR;3;3432;f;0;ff;ff;2986,2499,2792,3156,3002,2735,2644,3202;2986,2499,2792,3156,3002,2735,2644,3202;100,100,100,100,100,100,100,100;OOOOOOOO;100;0;701;8
[RECV] BSDC91 notify: TR;3;3422;f;0;ff;7f;3489,3456,2934,2165,2966,3452,2954,0;3489,3456,2934,2165,2966,3452,2954,2237;100,100,100,100,100,100,100,20;OOOOOOOT;100;0;701;8
[RECV] BS2DCE notify: TR;3;3433;f;0;ff;ff;2972,2523,2850,2890,3192,2588,2710,3350;2972,2523,2850,2890,3192,2588,2710,3350;100,100,100,100,100,100,100,100;OOOOOOOO;100;0;701;8
[RECV] BSDC91 notify: TR;3;3423;f;0;ff;7f;3491,3437,2864,2221,2972,3479,2883,0;3491,3437,2864,2221,2972,3479,2883,2237;100,100,100,100,100,100,100,20;OOOOOOOT;100;0;671;8
[RECV] BS2DCE notify: RXG;1;3433;tag=1;mask=0xff;pc=8;guard=1200;spacing=1000;win=8165;pre=1;slot_to_entry_us=0;slot_to_sched_us=0;slot_to_write_done_us=0;slot_to_txcmd_us=274;slot_to_txdone_us=610;txcmd_to_txdone_us=335;txdone_to_rxstart_us=61;txdone_to_rxend_us=213;rxenable_
[RECV] BS2DCE notify: TR;3;3434;f;0;ff;ff;2948,2546,2894,3477,2858,2512,2714,3348;2948,2546,2894,3477,2858,2512,2714,3348;100,100,100,100,100,100,100,100;OOOOOOOO;100;0;29937;8
[RECV] BSDC91 notify: TR;3;3424;f;0;ff;7f;3459,3497,2819,2315,2955,3405,2962,0;3459,3497,2819,2315,2955,3405,2962,2237;100,100,100,100,100,100,100,19;OOOOOOOT;100;0;671;8
[RECV] BS2DCE notify: TR;3;3435;f;0;ff;ff;2840,2534,2979,3434,2916,2550,2791,3187;2840,2534,2979,3434,2916,2550,2791,3187;100,100,100,100,100,100,100,100;OOOOOOOO;100;0;701;8
[RECV] BSDC91 notify: RXG;1;3424;tag=2;mask=0xff;pc=8;guard=1200;spacing=1000;win=8165;pre=1;slot_to_entry_us=0;slot_to_sched_us=0;slot_to_write_done_us=0;slot_to_txcmd_us=274;slot_to_txdone_us=610;txcmd_to_txdone_us=335;txdone_to_rxstart_us=61;txdone_to_rxend_us=183;rxenable_
[RECV] BSDC91 notify: CD;1;3424;tag=2;local=0xb102;status=0x00800b02;rxf=0x07b6c814;win=8165;pc=8;mask=0xff;resp=7;unexp=0;last_len=20;last_src=0xa106;last_dst=0xb102;last_code=0xe1
[RECV] BSDC91 notify: TR;3;3425;f;0;ff;7f;3247,3366,2704,2352,2866,3370,2781,0;3247,3366,2704,2352,2866,3370,2781,2237;100,100,100,100,100,100,100,18;OOOOOOOT;100;0;44128;8
[RECV] BS2DCE notify: CD;1;3435;tag=1;local=0xb101;status=0x02806f02;rxf=0x0756c814;win=8165;pc=8;mask=0xff;resp=8;unexp=0;last_len=20;last_src=0xa107;last_dst=0xb101;last_code=0xe1
[RECV] BS2DCE notify: TR;3;3436;f;0;ff;ff;2810,2613,2985,3449,2723,2585,2856,3174;2810,2613,2985,3449,2723,2585,2856,3174;100,100,100,100,100,100,100,100;OOOOOOOO;100;0;15472;8
[RECV] BSDC91 notify: TR;3;3426;f;0;ff;ff;3064,3708,2652,2468,2954,3361,2567,2555;3064,3708,2652,2468,2954,3361,2567,2555;100,100,100,100,100,100,100,21;OOOOOOOO;90;0;701;8
[RECV] BS2DCE notify: TR;3;3437;f;0;ff;ff;2748,2608,3134,3209,2638,2609,2862,3129;2748,2608,3134,3209,2638,2609,2862,3129;100,100,100,100,100,100,100,100;OOOOOOOO;100;0;1068;8
[RECV] BSDC91 notify: TR;3;3427;f;0;ff;7f;3180,3256,2616,2429,3030,3342,2564,0;3180,3256,2616,2429,3030,3342,2564,2555;100,100,100,100,100,100,100,20;OOOOOOOT;100;0;671;8
[RECV] BSDC91 notify: TR;3;3428;f;0;ff;7f;3185,3144,2577,2503,3013,3564,2480,0;3185,3144,2577,2503,3013,3564,2480,2555;100,100,100,100,100,100,100,20;OOOOOOOT;100;0;701;8
[RECV] BS2DCE notify: TR;3;3438;f;0;ff;ff;2810,2600,3244,3158,2576,2697,2870,2815;2810,2600,3244,3158,2576,2697,2870,2815;100,100,100,100,100,100,100,100;OOOOOOOO;100;0;701;8
[RECV] BS2DCE notify: TR;3;3439;f;0;ff;ff;2746,2706,3313,3015,2540,2751,2878,2929;2746,2706,3313,3015,2540,2751,2878,2929;100,100,100,100,100,100,100,100;OOOOOOOO;100;0;671;8
[RECV] BS2DCE notify: TR;3;3440;f;0;ff;ff;2696,2734,3266,2940,2553,2725,2897,3106;2696,2734,3266,2940,2553,2725,2897,3106;100,100,100,100,100,100,100,100;OOOOOOOO;100;0;793;8
[RECV] BSDC91 notify: TR;3;3429;f;0;ff;7f;3183,3115,2578,2510,3120,3359,2398,0;3183,3115,2578,2510,3120,3359,2398,2555;100,100,100,100,100,100,100,19;OOOOOOOT;100;0;671;8
[RECV] BSDC91 notify: TR;3;3430;f;0;ff;7f;3166,3100,2526,2647,3178,3169,2424,0;3166,3100,2526,2647,3178,3169,2424,2555;100,100,100,100,100,100,100,18;OOOOOOOT;100;0;671;8
[RECV] BS2DCE notify: TR;3;3441;f;0;ff;ff;2720,2823,3197,3005,2483,2689,2981,3047;2720,2823,3197,3005,2483,2689,2981,3047;100,100,100,100,100,100,100,100;OOOOOOOO;100;0;701;8
[RECV] BSDC91 notify: TR;3;3431;f;0;ff;7f;3142,3064,2568,2712,3222,3127,2410,0;3142,3064,2568,2712,3222,3127,2410,2555;100,100,100,100,100,100,100,17;OOOOOOOT;100;0;671;8
[RECV] BS2DCE notify: TR;3;3442;f;0;ff;6f;2648,2862,3198,2833,0,2767,3034,0;2648,2862,3198,2833,2483,2767,3034,3047;100,100,100,100,94,100,100,94;OOOOTOOT;100;0;671;8
[RECV] BSDC91 notify: TR;3;3432;f;0;ff;ff;3219,2983,2412,2638,3293,2954,2258,2712;3219,2983,2412,2638,3293,2954,2258,2712;100,100,100,100,100,100,100,22;OOOOOOOO;90;0;671;8
[RECV] BSDC91 notify: TR;3;3433;f;0;ff;7f;3225,2854,2452,2680,3287,2993,2217,0;3225,2854,2452,2680,3287,2993,2217,2712;100,100,100,100,100,100,100,21;OOOOOOOT;100;0;671;8
[RECV] BS2DCE notify: TR;3;3443;f;0;ff;ff;2601,2903,3201,2721,2446,2831,3054,2874;2601,2903,3201,2721,2446,2831,3054,2874;100,100,100,100,95,100,100,95;OOOOOOOO;98;0;885;8
[RECV] BS2DCE notify: RXG;1;3443;tag=1;mask=0xff;pc=8;guard=1200;spacing=1000;win=8165;pre=1;slot_to_entry_us=0;slot_to_sched_us=0;slot_to_write_done_us=0;slot_to_txcmd_us=366;slot_to_txdone_us=701;txcmd_to_txdone_us=335;txdone_to_rxstart_us=91;txdone_to_rxend_us=213;rxenable_
[RECV] BS2DCE notify: TR;3;3444;f;0;ff;ff;2584,3031,3194,2754,2350,2850,3067,2928;2584,3031,3194,2754,2350,2850,3067,2928;100,100,100,100,95,100,100,95;OOOOOOOO;98;0;29907;8
[RECV] BSDC91 notify: TR;3;3434;f;0;ff;7f;3271,2811,2442,2826,3344,2969,2128,0;3271,2811,2442,2826,3344,2969,2128,2712;100,100,100,100,100,100,100,20;OOOOOOOT;100;0;671;8
[RECV] BS2DCE notify: TR;3;3445;f;0;ff;ff;2588,3079,3243,2796,2400,2944,3119,2827;2588,3079,3243,2796,2400,2944,3119,2827;100,100,100,100,95,100,100,95;OOOOOOOO;98;0;701;8
[RECV] BSDC91 notify: RXG;1;3434;tag=2;mask=0xff;pc=8;guard=1200;spacing=1000;win=8165;pre=1;slot_to_entry_us=0;slot_to_sched_us=0;slot_to_write_done_us=0;slot_to_txcmd_us=274;slot_to_txdone_us=610;txcmd_to_txdone_us=335;txdone_to_rxstart_us=61;txdone_to_rxend_us=183;rxenable_
[RECV] BSDC91 notify: CD;1;3434;tag=2;local=0xb102;status=0x00800b02;rxf=0x07b6c814;win=8165;pc=8;mask=0xff;resp=7;unexp=0;last_len=20;last_src=0xa106;last_dst=0xb102;last_code=0xe1
[RECV] BSDC91 notify: TR;3;3435;f;0;ff;7f;3258,2742,2366,2795,3672,2925,2125,0;3258,2742,2366,2795,3672,2925,2125,2712;100,100,100,100,100,100,100,19;OOOOOOOT;100;0;44067;8
[RECV] BS2DCE notify: CD;1;3445;tag=1;local=0xb101;status=0x02806f02;rxf=0x07c6c814;win=8165;pc=8;mask=0xff;resp=8;unexp=0;last_len=20;last_src=0xa107;last_dst=0xb101;last_code=0xe1
[RECV] BSDC91 notify: TR;3;3436;f;0;ff;7f;3350,2761,2341,2833,3549,2786,2154,0;3350,2761,2341,2833,3549,2786,2154,2712;100,100,100,100,100,100,100,18;OOOOOOOT;100;0;671;8
[RECV] BS2DCE notify: TR;3;3446;f;0;ff;ff;2592,3111,3308,2761,2382,2933,3147,2673;2592,3111,3308,2761,2382,2933,3147,2673;100,100,100,100,95,100,100,95;OOOOOOOO;98;0;15686;8
[RECV] BS2DCE notify: TR;3;3447;f;0;ff;ff;2907,3130,3355,2790,2479,2998,3109,2723;2907,3130,3355,2790,2479,2998,3109,2723;100,100,100,100,95,100,100,95;OOOOOOOO;98;0;701;8
[RECV] BSDC91 notify: TR;3;3437;f;0;ff;7f;3364,2660,2334,2811,3719,2707,2113,0;3364,2660,2334,2811,3719,2707,2113,2712;100,100,100,100,100,100,100,17;OOOOOOOT;100;0;671;8
[RECV] BS2DCE notify: TR;3;3448;f;0;ff;ff;2738,3075,3366,2672,2483,2945,3132,2180;2738,3075,3366,2672,2483,2945,3132,2180;100,100,100,100,96,100,100,96;OOOOOOOO;99;0;671;8
[RECV] BSDC91 notify: TR;3;3438;f;0;ff;7f;3382,2701,2290,3082,3715,2609,2145,0;3382,2701,2290,3082,3715,2609,2145,2712;100,100,100,100,100,100,100,16;OOOOOOOT;100;0;671;8
[RECV] BS2DCE notify: TR;3;3449;f;0;ff;ff;2614,3154,3320,2609,2563,2987,3064,2550;2614,3154,3320,2609,2563,2987,3064,2550;100,100,100,100,96,100,100,96;OOOOOOOO;99;0;915;8
[RECV] BSDC91 notify: TR;3;3439;f;0;ff;7f;3397,2636,2294,3066,3451,2549,2260,0;3397,2636,2294,3066,3451,2549,2260,2712;100,100,100,100,100,100,100,16;OOOOOOOT;100;0;671;8
[RECV] BSDC91 notify: TR;3;3440;f;0;ff;7f;3445,2564,2227,3201,3496,2415,2202,0;3445,2564,2227,3201,3496,2415,2202,2712;100,100,100,100,100,100,100,15;OOOOOOOT;100;0;671;8
[RECV] BS2DCE notify: TR;3;3450;f;0;ff;ff;2542,3106,3393,2575,2604,3122,3146,2590;2542,3106,3393,2575,2604,3122,3146,2590;100,100,100,100,96,100,100,96;OOOOOOOO;99;0;701;8
[RECV] BS2DCE notify: TR;3;3451;f;0;ff;ff;2484,3106,3438,2541,2611,3077,3218,2474;2484,3106,3438,2541,2611,3077,3218,2474;100,100,100,100,96,100,100,96;OOOOOOOO;99;0;671;8
[RECV] BSDC91 notify: TR;3;3441;f;0;ff;7f;3403,2504,2321,3233,3453,2432,2614,0;3403,2504,2321,3233,3453,2432,2614,2712;100,100,100,100,100,100,100,14;OOOOOOOT;100;0;671;8
[RECV] BS2DCE notify: TR;3;3452;f;0;ff;ff;2446,3139,3362,2396,2597,3162,3219,2560;2446,3139,3362,2396,2597,3162,3219,2560;100,100,100,100,96,100,100,96;OOOOOOOO;99;0;854;8
[RECV] BSDC91 notify: TR;3;3442;f;0;ff;7f;3321,2433,2285,3256,3354,2459,2393,0;3321,2433,2285,3256,3354,2459,2393,2712;100,100,100,100,100,100,100,14;OOOOOOOT;100;0;671;8
[RECV] BSDC91 notify: TR;3;3443;f;0;ff;7f;3312,2439,2327,3192,3401,2361,2408,0;3312,2439,2327,3192,3401,2361,2408,2712;100,100,100,100,100,100,100,13;OOOOOOOT;100;0;671;8
[RECV] BS2DCE notify: TR;3;3453;f;0;ff;ff;2505,3108,3299,2349,2620,3229,3144,2447;2505,3108,3299,2349,2620,3229,3144,2447;100,100,100,100,96,100,100,96;OOOOOOOO;99;0;701;8
[RECV] BS2DCE notify: RXG;1;3453;tag=1;mask=0xff;pc=8;guard=1200;spacing=1000;win=8165;pre=1;slot_to_entry_us=0;slot_to_sched_us=0;slot_to_write_done_us=0;slot_to_txcmd_us=274;slot_to_txdone_us=610;txcmd_to_txdone_us=335;txdone_to_rxstart_us=61;txdone_to_rxend_us=183;rxenable_
[RECV] BSDC91 notify: TR;3;3444;f;0;ff;7f;3378,2402,2371,3194,3401,2348,2326,0;3378,2402,2371,3194,3401,2348,2326,2712;100,100,100,100,100,100,100,13;OOOOOOOT;100;0;671;8
[RECV] BS2DCE notify: TR;3;3454;f;0;ff;ff;2504,3204,3315,2520,2618,3283,3081,2384;2504,3204,3315,2520,2618,3283,3081,2384;100,100,100,100,96,100,100,96;OOOOOOOO;99;0;30120;8
[RECV] BS2DCE notify: TR;3;3455;f;0;ff;ff;2560,3237,3348,2491,2634,3305,3024,2317;2560,3237,3348,2491,2634,3305,3024,2317;100,100,100,100,96,100,100,96;OOOOOOOO;99;0;854;8
[RECV] BS2DCE notify: CD;1;3455;tag=1;local=0xb101;status=0x02806f02;rxf=0x07c6c814;win=8165;pc=8;mask=0xff;resp=8;unexp=0;last_len=20;last_src=0xa107;last_dst=0xb101;last_code=0xe1
[RECV] BSDC91 notify: RXG;1;3444;tag=2;mask=0xff;pc=8;guard=1200;spacing=1000;win=8165;pre=1;slot_to_entry_us=0;slot_to_sched_us=0;slot_to_write_done_us=0;slot_to_txcmd_us=274;slot_to_txdone_us=610;txcmd_to_txdone_us=335;txdone_to_rxstart_us=61;txdone_to_rxend_us=183;rxenable_
[RECV] BSDC91 notify: CD;1;3444;tag=2;local=0xb102;status=0x00800b02;rxf=0x0786c814;win=8165;pc=8;mask=0xff;resp=7;unexp=0;last_len=20;last_src=0xa106;last_dst=0xb102;last_code=0xe1
[RECV] BSDC91 notify: TR;3;3445;f;0;ff;7f;3351,2347,2419,3203,3381,2300,2344,0;3351,2347,2419,3203,3381,2300,2344,2712;100,100,100,100,100,100,100,12;OOOOOOOT;100;0;44189;8
[RECV] BSDC91 notify: TR;3;3446;f;0;ff;7f;3397,2402,2477,3261,3264,2309,2440,0;3397,2402,2477,3261,3264,2309,2440,2712;100,100,100,100,100,100,100,12;OOOOOOOT;100;0;671;8
[RECV] BS2DCE notify: TR;3;3456;f;0;ff;ff;2528,3245,3388,2452,2652,3226,3005,2336;2528,3245,3388,2452,2652,3226,3005,2336;100,100,100,100,100,100,100,100;OOOOOOOO;100;0;15502;8
[RECV] BS2DCE notify: TR;3;3457;f;0;ff;ff;2692,3220,3273,2334,2578,3260,3047,2383;2692,3220,3273,2334,2578,3260,3047,2383;100,100,100,100,100,100,100,100;OOOOOOOO;100;0;671;8
[RECV] BSDC91 notify: TR;3;3447;f;0;ff;7f;3287,2426,2517,3241,3184,2272,2447,0;3287,2426,2517,3241,3184,2272,2447,2712;100,100,100,100,100,100,100,11;OOOOOOOT;100;0;671;8
[RECV] BS2DCE notify: TR;3;3458;f;0;ff;ff;2659,3358,3219,2455,2729,3326,2989,2459;2659,3358,3219,2455,2729,3326,2989,2459;100,100,100,100,100,100,100,100;OOOOOOOO;100;0;854;8
[RECV] BSDC91 notify: TR;3;3448;f;0;ff;7f;3260,2497,2527,3315,3154,2312,2503,0;3260,2497,2527,3315,3154,2312,2503,2712;100,100,100,100,100,100,100,11;OOOOOOOT;100;0;671;8
[RECV] BS2DCE notify: TR;3;3459;f;0;ff;ff;2759,3479,3149,2444,2754,3384,3074,2395;2759,3479,3149,2444,2754,3384,3074,2395;100,100,100,100,100,100,100,100;OOOOOOOO;100;0;701;8
[RECV] BSDC91 notify: TR;3;3449;f;0;ff;7f;3221,2558,2569,3362,3145,2321,2537,0;3221,2558,2569,3362,3145,2321,2537,2712;100,100,100,100,100,100,100,10;OOOOOOOT;100;0;671;8
[RECV] BS2DCE notify: TR;3;3460;f;0;ff;ff;2804,3455,3071,2507,2802,3436,2994,2407;2804,3455,3071,2507,2802,3436,2994,2407;100,100,100,100,100,100,100,100;OOOOOOOO;100;0;701;8
[RECV] BS2DCE notify: TR;3;3461;f;0;ff;ff;2870,3400,3025,2523,2834,3381,2962,2457;2870,3400,3025,2523,2834,3381,2962,2457;100,100,100,100,100,100,100,100;OOOOOOOO;100;0;854;8
[RECV] BSDC91 notify: TR;3;3450;f;0;ff;7f;3161,2403,2645,3255,3062,2413,2600,0;3161,2403,2645,3255,3062,2413,2600,2712;100,100,100,100,100,100,100,10;OOOOOOOT;100;0;671;8
[RECV] BSDC91 notify: TR;3;3451;f;0;ff;7f;3078,2398,2723,3297,3345,3283,2665,0;3078,2398,2723,3297,3345,3283,2665,2712;100,100,100,100,100,100,100,9;OOOOOOOT;100;0;671;8
[RECV] BS2DCE notify: TR;3;3462;f;0;ff;ff;3251,3425,2931,2500,2794,3362,2925,2728;3251,3425,2931,2500,2794,3362,2925,2728;100,100,100,100,100,100,100,100;OOOOOOOO;100;0;701;8
[RECV] BSDC91 notify: TR;3;3452;f;0;ff;7f;3014,2331,2786,3317,3181,2502,2587,0;3014,2331,2786,3317,3181,2502,2587,2712;100,100,100,100,100,100,100,9;OOOOOOOT;100;0;671;8
[RECV] BS2DCE notify: TR;3;3463;f;0;ff;ff;3188,3406,2949,2280,2873,3339,2919,2589;3188,3406,2949,2280,2873,3339,2919,2589;100,100,100,100,100,100,100,100;OOOOOOOO;100;0;671;8
[RECV] BSDC91 notify: TR;3;3453;f;0;ff;7f;2955,2353,2798,3286,3051,2441,2641,0;2955,2353,2798,3286,3051,2441,2641,2712;100,100,100,100,100,100,100,8;OOOOOOOT;100;0;793;8
[RECV] BS2DCE notify: RXG;1;3463;tag=1;mask=0xff;pc=8;guard=1200;spacing=1000;win=8165;pre=1;slot_to_entry_us=0;slot_to_sched_us=0;slot_to_write_done_us=0;slot_to_txcmd_us=274;slot_to_txdone_us=610;txcmd_to_txdone_us=335;txdone_to_rxstart_us=91;txdone_to_rxend_us=213;rxenable_
[RECV] BS2DCE notify: TR;3;3464;f;0;ff;ff;3231,3246,2924,2519,2990,3316,2870,2659;3231,3246,2924,2519,2990,3316,2870,2659;100,100,100,100,100,100,100,100;OOOOOOOO;100;0;29937;8
[RECV] BS2DCE notify: TR;3;3465;f;0;ff;ff;3074,3339,2881,2413,2873,3341,2898,2555;3074,3339,2881,2413,2873,3341,2898,2555;100,100,100,100,100,100,100,100;OOOOOOOO;100;0;701;8
[RECV] BS2DCE notify: CD;1;3465;tag=1;local=0xb101;status=0x02806f02;rxf=0x0786c814;win=8165;pc=8;mask=0xff;resp=8;unexp=0;last_len=20;last_src=0xa107;last_dst=0xb101;last_code=0xe1
[RECV] BS2DCE notify: TR;3;3466;f;0;ff;ff;3101,3388,2799,2540,2909,3232,2775,2596;3101,3388,2799,2540,2909,3232,2775,2596;100,100,100,100,100,100,100,100;OOOOOOOO;100;0;15502;8
[RECV] BSDC91 notify: TR;3;3454;f;0;ff;7f;2904,2400,2898,3312,2956,2357,2739,0;2904,2400,2898,3312,2956,2357,2739,2712;100,100,100,100,100,100,100,8;OOOOOOOT;100;0;671;8
[RECV] BS2DCE notify: TR;3;3467;f;0;ff;ff;3094,3162,2794,2543,2985,3250,2650,2558;3094,3162,2794,2543,2985,3250,2650,2558;100,100,100,100,100,100,100,100;OOOOOOOO;100;0;946;8
[RECV] BS2DCE notify: TR;3;3468;f;0;ff;ff;3090,3225,2708,2591,2984,3192,2608,2625;3090,3225,2708,2591,2984,3192,2608,2625;100,100,100,100,100,100,100,100;OOOOOOOO;100;0;671;8
[RECV] BS2DCE notify: TR;3;3469;f;0;ff;ff;3080,3113,2712,2716,3049,3302,2581,2618;3080,3113,2712,2716,3049,3302,2581,2618;100,100,100,100,100,100,100,100;OOOOOOOO;100;0;671;8
[RECV] BSDC91 notify: RXG;1;3454;tag=2;mask=0xff;pc=8;guard=1200;spacing=1000;win=8165;pre=1;slot_to_entry_us=0;slot_to_sched_us=0;slot_to_write_done_us=0;slot_to_txcmd_us=274;slot_to_txdone_us=610;txcmd_to_txdone_us=335;txdone_to_rxstart_us=61;txdone_to_rxend_us=183;rxenable_
[RECV] BSDC91 notify: CD;1;3454;tag=2;local=0xb102;status=0x00800b02;rxf=0x07c6c814;win=8165;pc=8;mask=0xff;resp=7;unexp=0;last_len=20;last_src=0xa106;last_dst=0xb102;last_code=0xe1
[RECV] BSDC91 notify: TR;3;3455;f;0;ff;7f;2853,2368,2878,3377,2858,2436,2753,0;2853,2368,2878,3377,2858,2436,2753,2712;100,100,100,100,100,100,100,8;OOOOOOOT;100;0;44128;8
[RECV] BSDC91 notify: TR;3;3456;f;0;ff;7f;2737,2426,2985,3372,2768,2531,2780,0;2737,2426,2985,3372,2768,2531,2780,2712;100,100,100,100,100,100,100,7;OOOOOOOT;100;0;762;8
[RECV] BSDC91 notify: TR;3;3457;f;0;ff;7f;2716,2470,3032,3263,2666,2592,2817,0;2716,2470,3032,3263,2666,2592,2817,2712;100,100,100,100,100,100,100,7;OOOOOOOT;100;0;671;8
[RECV] BSDC91 notify: TR;3;3458;f;0;ff;7f;2645,2518,3114,3177,2545,2496,2956,0;2645,2518,3114,3177,2545,2496,2956,2712;100,100,100,100,100,100,100,7;OOOOOOOT;100;0;671;8
[RECV] BS2DCE notify: TR;3;3470;f;0;ff;ff;3111,3038,2720,2685,3184,3155,2584,2670;3111,3038,2720,2685,3184,3155,2584,2670;100,100,100,100,100,100,100,100;OOOOOOOO;100;0;854;8
[RECV] BSDC91 notify: TR;3;3459;f;0;ff;7f;2621,2561,3133,3131,2421,2553,2977,0;2621,2561,3133,3131,2421,2553,2977,2712;100,100,100,100,100,100,100,6;OOOOOOOT;100;0;671;8
[RECV] BSDC91 notify: TR;3;3460;f;0;ff;ff;2603,2688,3241,3078,2507,2666,2952,2982;2603,2688,3241,3078,2507,2666,2952,2982;100,100,100,100,100,100,100,10;OOOOOOOO;100;0;671;8
[RECV] BS2DCE notify: TR;3;3471;f;0;ff;ff;3100,3009,2642,2592,3276,3125,2501,2645;3100,3009,2642,2592,3276,3125,2501,2645;100,100,100,100,100,100,100,100;OOOOOOOO;100;0;701;8
[RECV] BSDC91 notify: TR;3;3461;f;0;ff;7f;2617,2770,3395,2951,2430,2673,3007,0;2617,2770,3395,2951,2430,2673,3007,2982;100,100,100,100,100,100,100,9;OOOOOOOT;100;0;671;8
[RECV] BS2DCE notify: TR;3;3472;f;0;ff;ff;3083,2967,2630,2831,3183,3017,2422,2795;3083,2967,2630,2831,3183,3017,2422,2795;100,100,100,100,100,100,100,100;OOOOOOOO;100;0;671;8
[RECV] BS2DCE notify: TR;3;3473;f;0;ff;ff;3103,2955,2636,2848,3259,2958,2353,2846;3103,2955,2636,2848,3259,2958,2353,2846;100,100,100,100,100,100,100,100;OOOOOOOO;100;0;854;8
[RECV] BS2DCE notify: RXG;1;3473;tag=1;mask=0xff;pc=8;guard=1200;spacing=1000;win=8165;pre=1;slot_to_entry_us=0;slot_to_sched_us=0;slot_to_write_done_us=0;slot_to_txcmd_us=457;slot_to_txdone_us=793;txcmd_to_txdone_us=335;txdone_to_rxstart_us=61;txdone_to_rxend_us=183;rxenable_
[RECV] BS2DCE notify: TR;3;3474;f;0;ff;ff;3131,2952,2630,3077,3096,2996,2323,2891;3131,2952,2630,3077,3096,2996,2323,2891;100,100,100,100,100,100,100,100;OOOOOOOO;100;0;29846;8
[RECV] BSDC91 notify: TR;3;3462;f;0;ff;7f;2605,2736,3435,2907,2384,2724,3046,0;2605,2736,3435,2907,2384,2724,3046,2982;100,100,100,100,100,100,100,9;OOOOOOOT;100;0;671;8
[RECV] BSDC91 notify: TR;3;3463;f;0;ff;7f;2447,2850,3319,2779,2315,2763,3031,0;2447,2850,3319,2779,2315,2763,3031,2982;100,100,100,100,100,100,100,11;OOOOOOOT;100;0;671;8
[RECV] BSDC91 notify: TR;3;3464;f;0;ff;7f;2455,3015,3329,2900,2274,2899,3106,0;2455,3015,3329,2900,2274,2899,3106,2982;100,100,100,100,100,100,100,11;OOOOOOOT;100;0;671;8
[RECV] BS2DCE notify: TR;3;3475;f;0;ff;ff;3131,2885,2574,3160,3343,2988,2387,2833;3131,2885,2574,3160,3343,2988,2387,2833;100,100,100,100,100,100,100,100;OOOOOOOO;100;0;701;8
[RECV] BS2DCE notify: CD;1;3475;tag=1;local=0xb101;status=0x02806f02;rxf=0x07c6c814;win=8165;pc=8;mask=0xff;resp=8;unexp=0;last_len=20;last_src=0xa107;last_dst=0xb101;last_code=0xe1
[RECV] BS2DCE notify: TR;3;3476;f;0;ff;ff;3201,2886,2569,3083,3400,2901,2382,2862;3201,2886,2569,3083,3400,2901,2382,2862;100,100,100,100,100,100,100,100;OOOOOOOO;100;0;15716;8
[RECV] BSDC91 notify: RXG;1;3464;tag=2;mask=0xff;pc=8;guard=1200;spacing=1000;win=8165;pre=1;slot_to_entry_us=0;slot_to_sched_us=0;slot_to_write_done_us=0;slot_to_txcmd_us=274;slot_to_txdone_us=610;txcmd_to_txdone_us=335;txdone_to_rxstart_us=61;txdone_to_rxend_us=183;rxenable_
[RECV] BS2DCE notify: TR;3;3477;f;0;ff;ff;3222,2825,2586,3059,3418,2872,2255,2910;3222,2825,2586,3059,3418,2872,2255,2910;100,100,100,100,100,100,100,100;OOOOOOOO;100;0;701;8
[RECV] BS2DCE notify: TR;3;3478;f;0;ff;ff;3249,2737,2639,2899,3304,2850,2280,2960;3249,2737,2639,2899,3304,2850,2280,2960;100,100,100,100,100,100,100,100;OOOOOOOO;100;0;701;8
[RECV] BSDC91 notify: CD;1;3464;tag=2;local=0xb102;status=0x00800b02;rxf=0x0796c814;win=8165;pc=8;mask=0xff;resp=7;unexp=0;last_len=20;last_src=0xa106;last_dst=0xb102;last_code=0xe1
[RECV] BSDC91 notify: TR;3;3465;f;0;ff;7f;2478,3048,3343,2805,2297,2898,3042,0;2478,3048,3343,2805,2297,2898,3042,2982;100,100,100,100,100,100,100,10;OOOOOOOT;100;0;44372;8
[RECV] BSDC91 notify: TR;3;3466;f;0;ff;ff;2563,3095,3363,2721,2288,3022,3211,2653;2563,3095,3363,2721,2288,3022,3211,2653;100,100,100,100,100,100,100,15;OOOOOOOO;100;0;701;8
[RECV] BSDC91 notify: TR;3;3467;f;0;ff;7f;2677,3049,3316,2733,2332,3080,3261,0;2677,3049,3316,2733,2332,3080,3261,2653;100,100,100,100,100,100,100,14;OOOOOOOT;100;0;671;8
[RECV] BSDC91 notify: TR;3;3468;f;0;ff;7f;2553,3092,3322,2505,2342,3007,3228,0;2553,3092,3322,2505,2342,3007,3228,2653;100,100,100,100,100,100,100,13;OOOOOOOT;100;0;762;8
[RECV] BS2DCE notify: TR;3;3479;f;0;ff;ff;3405,2736,2691,2980,3355,2717,2292,2977;3405,2736,2691,2980,3355,2717,2292,2977;100,100,100,100,100,100,100,100;OOOOOOOO;100;0;854;8
[RECV] BSDC91 notify: TR;3;3469;f;0;ff;7f;2399,3143,3387,2590,2391,3055,3481,0;2399,3143,3387,2590,2391,3055,3481,2653;100,100,100,100,100,100,100,13;OOOOOOOT;100;0;671;8
[RECV] BS2DCE notify: TR;3;3480;f;0;ff;ff;3388,2628,2597,2927,3334,2627,2331,2954;3388,2628,2597,2927,3334,2627,2331,2954;100,100,100,100,100,100,100,100;OOOOOOOO;100;0;701;8
[RECV] BSDC91 notify: TR;3;3470;f;0;ff;7f;2315,3187,3426,2511,2335,3134,3251,0;2315,3187,3426,2511,2335,3134,3251,2653;100,100,100,100,100,100,100,12;OOOOOOOT;100;0;671;8
[RECV] BS2DCE notify: TR;3;3481;f;0;ff;ff;3309,2649,2519,3032,3581,2612,2395,2965;3309,2649,2519,3032,3581,2612,2395,2965;100,100,100,100,100,100,100,100;OOOOOOOO;100;0;671;8
[RECV] BS2DCE notify: TR;3;3482;f;0;ff;ff;3320,2611,2480,3044,3491,2592,2835,2745;3320,2611,2480,3044,3491,2592,2835,2745;100,100,100,100,100,100,100,100;OOOOOOOO;100;0;854;8
[RECV] BSDC91 notify: TR;3;3471;f;0;ff;7f;2348,3264,3624,2402,2308,3159,3152,0;2348,3264,3624,2402,2308,3159,3152,2653;100,100,100,100,100,100,100,12;OOOOOOOT;100;0;854;8
[RECV] BSDC91 notify: TR;3;3472;f;0;ff;7f;2298,3255,3535,2511,2331,3188,3299,0;2298,3255,3535,2511,2331,3188,3299,2653;100,100,100,100,100,100,100,11;OOOOOOOT;100;0;671;8
[RECV] BS2DCE notify: TR;3;3483;f;0;ff;ff;3233,2557,2511,3265,3449,2489,2651,3147;3233,2557,2511,3265,3449,2489,2651,3147;100,100,100,100,100,100,100,100;OOOOOOOO;100;0;701;8
[RECV] BSDC91 notify: TR;3;3473;f;0;ff;7f;2345,3250,3473,2289,2357,3201,3258,0;2345,3250,3473,2289,2357,3201,3258,2653;100,100,100,100,100,100,100,11;OOOOOOOT;100;0;671;8
[RECV] BS2DCE notify: RXG;1;3483;tag=1;mask=0xff;pc=8;guard=1200;spacing=1000;win=8165;pre=1;slot_to_entry_us=0;slot_to_sched_us=0;slot_to_write_done_us=0;slot_to_txcmd_us=274;slot_to_txdone_us=610;txcmd_to_txdone_us=335;txdone_to_rxstart_us=61;txdone_to_rxend_us=213;rxenable_
[RECV] BS2DCE notify: TR;3;3484;f;0;ff;ff;3293,2601,2516,3093,3430,2486,2573,3095;3293,2601,2516,3093,3430,2486,2573,3095;100,100,100,100,100,100,100,100;OOOOOOOO;100;0;29846;8
[RECV] BSDC91 notify: TR;3;3474;f;0;ff;7f;2387,3254,3541,2429,2396,3354,3199,0;2387,3254,3541,2429,2396,3354,3199,2653;100,100,100,100,100,100,100,10;OOOOOOOT;100;0;762;8
[RECV] BS2DCE notify: TR;3;3485;f;0;ff;ff;3284,2588,2531,3175,3500,2403,2634,3194;3284,2588,2531,3175,3500,2403,2634,3194;100,100,100,100,100,100,100,100;OOOOOOOO;100;0;1068;8
[RECV] BS2DCE notify: CD;1;3485;tag=1;local=0xb101;status=0x02806f02;rxf=0x0756c814;win=8165;pc=8;mask=0xff;resp=8;unexp=0;last_len=20;last_src=0xa107;last_dst=0xb101;last_code=0xe1
[RECV] BS2DCE notify: TR;3;3486;f;0;ff;ff;3313,2548,2583,3118,3308,2413,2573,3138;3313,2548,2583,3118,3308,2413,2573,3138;100,100,100,100,100,100,100,100;OOOOOOOO;100;0;15502;8
[RECV] BS2DCE notify: TR;3;3487;f;0;ff;ff;3277,2453,2622,3102,3182,2434,2602,3212;3277,2453,2622,3102,3182,2434,2602,3212;100,100,100,100,100,100,100,100;OOOOOOOO;100;0;701;8
[RECV] BSDC91 notify: RXG;1;3474;tag=2;mask=0xff;pc=8;guard=1200;spacing=1000;win=8165;pre=1;slot_to_entry_us=0;slot_to_sched_us=0;slot_to_write_done_us=0;slot_to_txcmd_us=274;slot_to_txdone_us=610;txcmd_to_txdone_us=335;txdone_to_rxstart_us=61;txdone_to_rxend_us=183;rxenable_
[RECV] BSDC91 notify: CD;1;3474;tag=2;local=0xb102;status=0x00800b02;rxf=0x0776c814;win=8165;pc=8;mask=0xff;resp=7;unexp=0;last_len=20;last_src=0xa106;last_dst=0xb102;last_code=0xe1
[RECV] BSDC91 notify: TR;3;3475;f;0;ff;7f;2474,3283,3373,2420,2422,3395,3062,0;2474,3283,3373,2420,2422,3395,3062,2653;100,100,100,100,100,100,100,10;OOOOOOOT;100;0;44189;8
[RECV] BSDC91 notify: TR;3;3476;f;0;ff;7f;2476,3343,3649,2314,2521,3376,3140,0;2476,3343,3649,2314,2521,3376,3140,2653;100,100,100,100,100,100,100,10;OOOOOOOT;100;0;671;8
[RECV] BS2DCE notify: TR;3;3488;f;0;ff;ff;3185,2514,2704,3138,3218,2460,2620,3109;3185,2514,2704,3138,3218,2460,2620,3109;100,100,100,100,100,100,100,100;OOOOOOOO;100;0;854;8
[RECV] BSDC91 notify: TR;3;3477;f;0;ff;7f;2540,3321,3334,2260,2559,3355,3109,0;2540,3321,3334,2260,2559,3355,3109,2653;100,100,100,100,100,100,100,9;OOOOOOOT;100;0;762;8
[RECV] BSDC91 notify: TR;3;3478;f;0;ff;7f;2572,3445,3173,2359,2575,3369,3062,0;2572,3445,3173,2359,2575,3369,3062,2653;100,100,100,100,100,100,100,9;OOOOOOOT;100;0;671;8
[RECV] BS2DCE notify: TR;3;3489;f;0;ff;ff;3193,2667,2718,3158,3069,2491,2698,3163;3193,2667,2718,3158,3069,2491,2698,3163;100,100,100,100,100,100,100,100;OOOOOOOO;100;0;701;8
[RECV] BSDC91 notify: TR;3;3479;f;0;ff;7f;2540,3462,3135,2352,2675,3363,2847,0;2540,3462,3135,2352,2675,3363,2847,2653;100,100,100,100,100,100,100,11;OOOOOOOT;100;0;671;8
[RECV] BS2DCE notify: TR;3;3490;f;0;ff;ff;3147,2702,2735,3162,3103,2487,2673,3261;3147,2702,2735,3162,3103,2487,2673,3261;100,100,100,100,100,100,100,100;OOOOOOOO;100;0;701;8
[RECV] BSDC91 notify: TR;3;3480;f;0;ff;fd;2687,0,3097,2325,2740,3359,3172,2015;2687,3462,3097,2325,2740,3359,3172,2015;100,94,100,100,100,100,100,16;OTOOOOOO;100;0;671;8
[RECV] BS2DCE notify: TR;3;3491;f;0;ff;ff;3077,2650,2762,3213,2931,2560,2660,3235;3077,2650,2762,3213,2931,2560,2660,3235;100,100,100,100,100,100,100,100;OOOOOOOO;100;0;854;8
[RECV] BSDC91 notify: TR;3;3481;f;0;ff;7f;2719,3706,3009,2245,2912,3408,3059,0;2719,3706,3009,2245,2912,3408,3059,2015;100,94,100,100,100,100,100,15;OOOOOOOT;99;0;671;8
[RECV] BS2DCE notify: TR;3;3492;f;0;ff;ff;3032,2490,2794,3392,2844,2571,2694,3207;3032,2490,2794,3392,2844,2571,2694,3207;100,100,100,100,100,100,100,100;OOOOOOOO;100;0;701;8
[RECV] BSDC91 notify: TR;3;3482;f;0;ff;ff;2868,3498,2887,2099,2931,3554,2944,2443;2868,3498,2887,2099,2931,3554,2944,2443;100,95,100,100,100,100,100,20;OOOOOOOO;89;0;701;8
[RECV] BS2DCE notify: TR;3;3493;f;0;ff;ff;2940,2486,2759,2925,2823,2661,2639,3311;2940,2486,2759,2925,2823,2661,2639,3311;100,100,100,100,100,100,100,100;OOOOOOOO;100;0;701;8
[RECV] BSDC91 notify: TR;3;3483;f;0;ff;7f;3682,3402,2913,2142,2916,3534,2894,0;3682,3402,2913,2142,2916,3534,2894,2443;100,95,100,100,100,100,100,19;OOOOOOOT;99;0;854;8
[RECV] BS2DCE notify: RXG;1;3493;tag=1;mask=0xff;pc=8;guard=1200;spacing=1000;win=8165;pre=1;slot_to_entry_us=0;slot_to_sched_us=0;slot_to_write_done_us=0;slot_to_txcmd_us=274;slot_to_txdone_us=610;txcmd_to_txdone_us=335;txdone_to_rxstart_us=61;txdone_to_rxend_us=183;rxenable_
[RECV] BSDC91 notify: TR;3;3484;f;0;ff;7f;3132,3486,2829,2276,2949,3324,2909,0;3132,3486,2829,2276,2949,3324,2909,2443;100,95,100,100,100,100,100,18;OOOOOOOT;99;0;671;8
[RECV] BS2DCE notify: TR;3;3494;f;0;ff;ff;2922,2500,2875,3115,3017,2577,2718,3315;2922,2500,2875,3115,3017,2577,2718,3315;100,100,100,100,100,100,100,100;OOOOOOOO;100;0;29968;8
[RECV] BS2DCE notify: TR;3;3495;f;0;ff;ff;2892,2566,2932,3436,2932,2529,2754,3236;2892,2566,2932,3436,2932,2529,2754,3236;100,100,100,100,100,100,100,100;OOOOOOOO;100;0;701;8
[RECV] BSDC91 notify: RXG;1;3484;tag=2;mask=0xff;pc=8;guard=1200;spacing=1000;win=8165;pre=1;slot_to_entry_us=0;slot_to_sched_us=0;slot_to_write_done_us=0;slot_to_txcmd_us=274;slot_to_txdone_us=610;txcmd_to_txdone_us=335;txdone_to_rxstart_us=61;txdone_to_rxend_us=183;rxenable_
[RECV] BSDC91 notify: CD;1;3484;tag=2;local=0xb102;status=0x00800b02;rxf=0x0786c814;win=8165;pc=8;mask=0xff;resp=7;unexp=0;last_len=20;last_src=0xa106;last_dst=0xb102;last_code=0xe1
[RECV] BSDC91 notify: TR;3;3485;f;0;ff;7f;3353,3536,2745,2183,2945,3311,2787,0;3353,3536,2745,2183,2945,3311,2787,2443;100,95,100,100,100,100,100,17;OOOOOOOT;99;0;44158;8
[RECV] BSDC91 notify: TR;3;3486;f;0;ff;ff;3275,3535,2705,2326,2940,3358,2674,2398;3275,3535,2705,2326,2940,3358,2674,2398;100,95,100,100,100,100,100,20;OOOOOOOO;89;0;701;8
[RECV] BSDC91 notify: TR;3;3487;f;0;ff;7f;3174,3239,2669,2382,2991,3448,2595,0;3174,3239,2669,2382,2991,3448,2595,2398;100,96,100,100,100,100,100,20;OOOOOOOT;99;0;671;8
[RECV] BS2DCE notify: CD;1;3495;tag=1;local=0xb101;status=0x02806f02;rxf=0x0766c814;win=8165;pc=8;mask=0xff;resp=8;unexp=0;last_len=20;last_src=0xa107;last_dst=0xb101;last_code=0xe1
[RECV] BS2DCE notify: TR;3;3496;f;0;ff;ff;2793,2625,2979,3363,2806,2581,2740,3150;2793,2625,2979,3363,2806,2581,2740,3150;100,100,100,100,100,100,100,100;OOOOOOOO;100;0;15502;8
[RECV] BSDC91 notify: TR;3;3488;f;0;ff;7f;3172,3147,2601,2434,3053,3357,2553,0;3172,3147,2601,2434,3053,3357,2553,2398;100,96,100,100,100,100,100,19;OOOOOOOT;99;0;671;8
[RECV] BS2DCE notify: TR;3;3497;f;0;ff;ff;2782,2600,3090,3243,2740,2620,2843,3114;2782,2600,3090,3243,2740,2620,2843,3114;100,100,100,100,100,100,100,100;OOOOOOOO;100;0;732;8
[RECV] BSDC91 notify: TR;3;3489;f;0;ff;7f;3182,3120,2560,2635,3080,3374,2435,0;3182,3120,2560,2635,3080,3374,2435,2398;100,96,100,100,100,100,100,18;OOOOOOOT;99;0;762;8
[RECV] BS2DCE notify: TR;3;3498;f;0;ff;ff;2732,2643,3225,3126,2664,2649,2799,3095;2732,2643,3225,3126,2664,2649,2799,3095;100,100,100,100,100,100,100,100;OOOOOOOO;100;0;701;8
[RECV] BS2DCE notify: TR;3;3499;f;0;ff;ff;2705,2701,3313,3112,2608,2659,2931,3030;2705,2701,3313,3112,2608,2659,2931,3030;100,100,100,100,100,100,100,100;OOOOOOOO;100;0;671;8
[RECV] BS2DCE notify: TR;3;3500;f;0;ff;ff;2690,2657,3213,2957,2632,2767,2935,3169;2690,2657,3213,2957,2632,2767,2935,3169;100,100,100,100,100,100,100,100;OOOOOOOO;100;0;762;8
[RECV] BS2DCE notify: TR;3;3501;f;0;ff;ff;2733,2825,3222,2914,2488,2752,2989,3138;2733,2825,3222,2914,2488,2752,2989,3138;100,100,100,100,100,100,100,100;OOOOOOOO;100;0;701;8
[RECV] BSDC91 notify: TR;3;3490;f;0;ff;ff;3208,3112,2476,2596,3155,3195,2395,2694;3208,3112,2476,2596,3155,3195,2395,2694;100,96,100,100,100,100,100,21;OOOOOOOO;89;0;671;8
[RECV] BSDC91 notify: TR;3;3491;f;0;ff;7f;3213,3076,2473,2579,3201,3128,2352,0;3213,3076,2473,2579,3201,3128,2352,2694;100,96,100,100,100,100,100,20;OOOOOOOT;99;0;671;8
[RECV] BS2DCE notify: TR;3;3502;f;0;ff;ff;2599,2912,3222,2948,2495,2763,2996,3078;2599,2912,3222,2948,2495,2763,2996,3078;100,100,100,100,100,100,100,100;OOOOOOOO;100;0;701;8
[RECV] BS2DCE notify: TR;3;3503;f;0;ff;ff;2564,2934,3211,2864,2459,2788,3017,2845;2564,2934,3211,2864,2459,2788,3017,2845;100,100,100,100,100,100,100,100;OOOOOOOO;100;0;793;8
[RECV] BSDC91 notify: TR;3;3492;f;0;ff;ff;3256,2969,2433,2743,3254,2966,2200,2812;3256,2969,2433,2743,3254,2966,2200,2812;100,96,100,100,100,100,100,23;OOOOOOOO;89;0;701;8
[RECV] BSDC91 notify: TR;3;3493;f;0;ff;bf;3241,2863,2445,2820,3301,2952,0,2914;3241,2863,2445,2820,3301,2952,2200,2914;100,96,100,100,100,100,96,25;OOOOOOTO;88;0;671;8
[RECV] BS2DCE notify: RXG;1;3503;tag=1;mask=0xff;pc=8;guard=1200;spacing=1000;win=8165;pre=1;slot_to_entry_us=0;slot_to_sched_us=0;slot_to_write_done_us=0;slot_to_txcmd_us=335;slot_to_txdone_us=793;txcmd_to_txdone_us=457;txdone_to_rxstart_us=61;txdone_to_rxend_us=183;rxenable_
[RECV] BSDC91 notify: TR;3;3494;f;0;ff;7f;3301,2803,2407,2810,3359,2996,2171,0;3301,2803,2407,2810,3359,2996,2171,2914;100,96,100,100,100,100,96,25;OOOOOOOT;98;0;671;8
[RECV] BS2DCE notify: TR;3;3504;f;0;ff;ff;2519,3041,3307,2844,2423,2824,3070,2872;2519,3041,3307,2844,2423,2824,3070,2872;100,100,100,100,100,100,100,100;OOOOOOOO;100;0;29846;8
[RECV] BS2DCE notify: TR;3;3505;f;0;ff;fd;2615,0,3238,2792,2432,2852,3175,2789;2615,3041,3238,2792,2432,2852,3175,2789;100,94,100,100,100,100,100,100;OTOOOOOO;100;0;671;8
[RECV] BS2DCE notify: CD;1;3505;tag=1;local=0xb101;status=0x02806f02;rxf=0x07c6c814;win=8165;pc=8;mask=0xff;resp=8;unexp=0;last_len=20;last_src=0xa107;last_dst=0xb101;last_code=0xe1
[RECV] BS2DCE notify: TR;3;3506;f;0;ff;ff;2626,3113,3296,2716,2421,2847,3139,2693;2626,3113,3296,2716,2421,2847,3139,2693;100,94,100,100,100,100,100,100;OOOOOOOO;99;0;15533;8
[RECV] BSDC91 notify: RXG;1;3494;tag=2;mask=0xff;pc=8;guard=1200;spacing=1000;win=8165;pre=1;slot_to_entry_us=0;slot_to_sched_us=0;slot_to_write_done_us=0;slot_to_txcmd_us=274;slot_to_txdone_us=610;txcmd_to_txdone_us=335;txdone_to_rxstart_us=61;txdone_to_rxend_us=183;rxenable_
[RECV] BSDC91 notify: CD;1;3494;tag=2;local=0xb102;status=0x00800b02;rxf=0x07b6c814;win=8165;pc=8;mask=0xff;resp=7;unexp=0;last_len=20;last_src=0xa106;last_dst=0xb102;last_code=0xe1
[RECV] BSDC91 notify: TR;3;3495;f;0;ff;7f;3282,2795,2354,2824,3760,2890,2154,0;3282,2795,2354,2824,3760,2890,2154,2914;100,100,100,100,100,100,100,23;OOOOOOOT;100;0;44219;8
[RECV] BSDC91 notify: TR;3;3496;f;0;ff;ff;3303,2744,2102,2785,3542,2791,2130,2662;3303,2744,2102,2785,3542,2791,2130,2662;100,100,100,100,100,100,100,27;OOOOOOOO;90;0;701;8
[RECV] BS2DCE notify: TR;3;3507;f;0;ff;ff;2637,3173,3387,2836,2459,3037,3042,2333;2637,3173,3387,2836,2459,3037,3042,2333;100,95,100,100,100,100,100,100;OOOOOOOO;99;0;701;8
[RECV] BSDC91 notify: TR;3;3497;f;0;ff;7f;3341,2705,2364,2939,3683,2752,2122,0;3341,2705,2364,2939,3683,2752,2122,2662;100,100,100,100,100,100,100,26;OOOOOOOT;100;0;671;8
[RECV] BS2DCE notify: TR;3;3508;f;0;ff;ff;2745,3101,3386,2822,2479,3000,3106,2128;2745,3101,3386,2822,2479,3000,3106,2128;100,95,100,100,100,100,100,100;OOOOOOOO;99;0;671;8
[RECV] BSDC91 notify: TR;3;3498;f;0;ff;7f;3362,2675,2376,3169,3743,2565,2155,0;3362,2675,2376,3169,3743,2565,2155,2662;100,100,100,100,100,100,100,25;OOOOOOOT;100;0;762;8
[RECV] BS2DCE notify: TR;3;3509;f;0;ff;ff;2603,3191,3357,2592,2566,2979,3089,2571;2603,3191,3357,2592,2566,2979,3089,2571;100,95,100,100,100,100,100,100;OOOOOOOO;99;0;1068;8
[RECV] BSDC91 notify: TR;3;3499;f;0;ff;7f;3404,2606,2287,2886,3364,2477,2250,0;3404,2606,2287,2886,3364,2477,2250,2662;100,100,100,100,100,100,100,23;OOOOOOOT;100;0;671;8
[RECV] BS2DCE notify: TR;3;3510;f;0;ff;ff;2528,3166,3424,2531,2571,3061,3139,2524;2528,3166,3424,2531,2571,3061,3139,2524;100,95,100,100,100,100,100,100;OOOOOOOO;99;0;701;8
[RECV] BSDC91 notify: TR;3;3500;f;0;ff;7f;3439,2596,2242,3350,3503,2442,2304,0;3439,2596,2242,3350,3503,2442,2304,2662;100,100,100,100,100,100,100,22;OOOOOOOT;100;0;671;8
[RECV] BS2DCE notify: TR;3;3511;f;0;ff;ff;2488,3164,3417,2550,2657,3046,3202,2476;2488,3164,3417,2550,2657,3046,3202,2476;100,95,100,100,100,100,100,100;OOOOOOOO;99;0;701;8
[RECV] BSDC91 notify: TR;3;3501;f;0;ff;7f;3417,2513,2335,3324,3470,2469,2202,0;3417,2513,2335,3324,3470,2469,2202,2662;100,100,100,100,100,100,100,21;OOOOOOOT;100;0;915;8
[RECV] BS2DCE notify: TR;3;3512;f;0;ff;ff;2478,3129,3421,2507,2571,3094,3165,2119;2478,3129,3421,2507,2571,3094,3165,2119;100,96,100,100,100,100,100,100;OOOOOOOO;99;0;732;8
[RECV] BSDC91 notify: TR;3;3502;f;0;ff;7f;3386,2458,2331,3291,3372,2404,2520,0;3386,2458,2331,3291,3372,2404,2520,2662;100,100,100,100,100,100,100,20;OOOOOOOT;100;0;671;8
[RECV] BS2DCE notify: TR;3;3513;f;0;ff;ff;2518,3169,3326,2503,2573,3150,3167,2460;2518,3169,3326,2503,2573,3150,3167,2460;100,96,100,100,100,100,100,100;OOOOOOOO;99;0;701;8
[RECV] BSDC91 notify: TR;3;3503;f;0;ff;ff;3365,2457,2339,3301,3377,2426,2443,3118;3365,2457,2339,3301,3377,2426,2443,3118;100,100,100,100,100,100,100,24;OOOOOOOO;90;0;701;8
[RECV] BS2DCE notify: RXG;1;3513;tag=1;mask=0xff;pc=8;guard=1200;spacing=1000;win=8165;pre=1;slot_to_entry_us=0;slot_to_sched_us=0;slot_to_write_done_us=0;slot_to_txcmd_us=274;slot_to_txdone_us=610;txcmd_to_txdone_us=335;txdone_to_rxstart_us=61;txdone_to_rxend_us=183;rxenable_
[RECV] BSDC91 notify: TR;3;3504;f;0;ff;ff;3349,2453,2331,3158,3380,2345,2366,3154;3349,2453,2331,3158,3380,2345,2366,3154;100,100,100,100,100,100,100,26;OOOOOOOO;90;0;701;8
[RECV] BS2DCE notify: TR;3;3514;f;0;ff;ff;2501,3145,3333,2341,2630,3273,3054,2374;2501,3145,3333,2341,2630,3273,3054,2374;100,96,100,100,100,100,100,100;OOOOOOOO;99;0;29937;8
[RECV] BS2DCE notify: TR;3;3515;f;0;ff;ff;2525,3232,3354,2405,2661,3251,3106,2403;2525,3232,3354,2405,2661,3251,3106,2403;100,96,100,100,100,100,100,100;OOOOOOOO;99;0;732;8
[RECV] BS2DCE notify: CD;1;3515;tag=1;local=0xb101;status=0x02806f02;rxf=0x0756c814;win=8165;pc=8;mask=0xff;resp=8;unexp=0;last_len=20;last_src=0xa107;last_dst=0xb101;last_code=0xe1
[RECV] BS2DCE notify: TR;3;3516;f;0;ff;ff;2495,3263,3361,2445,2614,3262,3060,2373;2495,3263,3361,2445,2614,3262,3060,2373;100,96,100,100,100,100,100,100;OOOOOOOO;99;0;15502;8
[RECV] BSDC91 notify: RXG;1;3504;tag=2;mask=0xff;pc=8;guard=1200;spacing=1000;win=8165;pre=1;slot_to_entry_us=0;slot_to_sched_us=0;slot_to_write_done_us=0;slot_to_txcmd_us=274;slot_to_txdone_us=610;txcmd_to_txdone_us=335;txdone_to_rxstart_us=61;txdone_to_rxend_us=183;rxenable_
[RECV] BSDC91 notify: CD;1;3504;tag=2;local=0xb102;status=0x00800b02;rxf=0x07c6c814;win=8165;pc=8;mask=0xff;resp=7;unexp=0;last_len=20;last_src=0xa106;last_dst=0xb102;last_code=0xe1
[RECV] BSDC91 notify: TR;3;3505;f;0;ff;7f;3362,2362,2391,3256,3307,2294,2362,0;3362,2362,2391,3256,3307,2294,2362,3154;100,100,100,100,100,100,100,25;OOOOOOOT;100;0;44128;8
[RECV] BSDC91 notify: TR;3;3506;f;0;ff;7f;3390,2404,2448,3326,3257,2297,2368,0;3390,2404,2448,3326,3257,2297,2368,3154;100,100,100,100,100,100,100,25;OOOOOOOT;100;0;671;8
[RECV] BS2DCE notify: TR;3;3517;f;0;ff;ff;2632,3228,3507,2306,2724,3284,3006,2433;2632,3228,3507,2306,2724,3284,3006,2433;100,96,100,100,100,100,100,100;OOOOOOOO;99;0;701;8
[RECV] BSDC91 notify: TR;3;3507;f;0;ff;7f;3387,2414,2430,3171,3200,2212,2452,0;3387,2414,2430,3171,3200,2212,2452,3154;100,100,100,100,100,100,100,24;OOOOOOOT;100;0;915;8
[RECV] BS2DCE notify: TR;3;3518;f;0;ff;ff;2681,3310,3215,2407,2595,3218,3032,2310;2681,3310,3215,2407,2595,3218,3032,2310;100,96,100,100,100,100,100,100;OOOOOOOO;99;0;762;8
[RECV] BS2DCE notify: TR;3;3519;f;0;ff;ff;2692,3493,3161,2565,2805,3412,3074,2419;2692,3493,3161,2565,2805,3412,3074,2419;100,96,100,100,100,100,100,100;OOOOOOOO;99;0;701;8
[RECV] BSDC91 notify: TR;3;3508;f;0;ff;7f;3252,2510,2543,3212,3183,2294,2457,0;3252,2510,2543,3212,3183,2294,2457,3154;100,100,100,100,100,100,100,23;OOOOOOOT;100;0;671;8
[RECV] BSDC91 notify: TR;3;3509;f;0;ff;7f;3209,2549,2602,3392,3096,2252,2534,0;3209,2549,2602,3392,3096,2252,2534,3154;100,100,100,100,100,100,100,22;OOOOOOOT;100;0;671;8
[RECV] BS2DCE notify: TR;3;3520;f;0;ff;ff;2786,3485,3080,2593,2814,3426,3073,2446;2786,3485,3080,2593,2814,3426,3073,2446;100,100,100,100,100,100,100,100;OOOOOOOO;100;0;701;8
[RECV] BSDC91 notify: TR;3;3510;f;0;ff;ff;3186,2455,2651,3377,2997,2441,2567,3148;3186,2455,2651,3377,2997,2441,2567,3148;100,100,100,100,100,100,100,25;OOOOOOOO;90;0;671;8
[RECV] BS2DCE notify: TR;3;3521;f;0;ff;ff;2891,3385,3020,2388,2803,3468,2950,2318;2891,3385,3020,2388,2803,3468,2950,2318;100,100,100,100,100,100,100,100;OOOOOOOO;100;0;762;8
[RECV] BSDC91 notify: TR;3;3511;f;0;ff;7f;3099,2437,2710,3282,3406,2870,2606,0;3099,2437,2710,3282,3406,2870,2606,3148;100,100,100,100,100,100,100,23;OOOOOOOT;100;0;671;8
[RECV] BS2DCE notify: TR;3;3522;f;0;ff;ff;3163,3409,2969,2477,2757,3289,2947,2706;3163,3409,2969,2477,2757,3289,2947,2706;100,100,100,100,100,100,100,100;OOOOOOOO;100;0;701;8
[RECV] BSDC91 notify: TR;3;3512;f;0;ff;7f;2981,2333,2822,3383,3226,2504,2573,0;2981,2333,2822,3383,3226,2504,2573,3148;100,100,100,100,100,100,100,22;OOOOOOOT;100;0;671;8
[RECV] BS2DCE notify: TR;3;3523;f;0;ff;ff;3218,3358,2902,2399,2885,3386,2941,2654;3218,3358,2902,2399,2885,3386,2941,2654;100,100,100,100,100,100,100,100;OOOOOOOO;100;0;671;8
[RECV] BSDC91 notify: TR;3;3513;f;0;ff;7f;2917,2368,2774,3348,3065,2436,2722,0;2917,2368,2774,3348,3065,2436,2722,3148;100,100,100,100,100,100,100,21;OOOOOOOT;100;0;915;8
[RECV] BS2DCE notify: RXG;1;3523;tag=1;mask=0xff;pc=8;guard=1200;spacing=1000;win=8165;pre=1;slot_to_entry_us=0;slot_to_sched_us=0;slot_to_write_done_us=0;slot_to_txcmd_us=274;slot_to_txdone_us=610;txcmd_to_txdone_us=335;txdone_to_rxstart_us=91;txdone_to_rxend_us=213;rxenable_
[RECV] BS2DCE notify: TR;3;3524;f;0;ff;ff;3175,3321,2957,2483,2992,3308,2816,2579;3175,3321,2957,2483,2992,3308,2816,2579;100,100,100,100,100,100,100,100;OOOOOOOO;100;0;29846;8
[RECV] BS2DCE notify: TR;3;3525;f;0;ff;ff;3269,3340,2910,2470,2911,3220,2882,2537;3269,3340,2910,2470,2911,3220,2882,2537;100,100,100,100,100,100,100,100;OOOOOOOO;100;0;671;8
[RECV] BS2DCE notify: CD;1;3525;tag=1;local=0xb101;status=0x02806f02;rxf=0x0756c814;win=8165;pc=8;mask=0xff;resp=8;unexp=0;last_len=20;last_src=0xa107;last_dst=0xb101;last_code=0xe1
[RECV] BS2DCE notify: TR;3;3526;f;0;ff;ff;3168,3345,2809,2462,2914,3187,2776,2540;3168,3345,2809,2462,2914,3187,2776,2540;100,100,100,100,100,100,100,100;OOOOOOOO;100;0;15686;8
[RECV] BS2DCE notify: TR;3;3527;f;0;ff;ff;3103,3211,2761,2434,2951,3250,2702,2307;3103,3211,2761,2434,2951,3250,2702,2307;100,100,100,100,100,100,100,100;OOOOOOOO;100;0;732;8
[RECV] BSDC91 notify: TR;3;3514;f;0;ff;7f;2945,2394,2838,3385,2961,2356,2723,0;2945,2394,2838,3385,2961,2356,2723,3148;100,100,100,100,100,100,100,20;OOOOOOOT;100;0;671;8
[RECV] BS2DCE notify: TR;3;3528;f;0;ff;ff;3098,3145,2717,2628,3013,3278,2699,2650;3098,3145,2717,2628,3013,3278,2699,2650;100,100,100,100,100,100,100,100;OOOOOOOO;100;0;671;8
[RECV] BSDC91 notify: RXG;1;3514;tag=2;mask=0xff;pc=8;guard=1200;spacing=1000;win=8165;pre=1;slot_to_entry_us=0;slot_to_sched_us=0;slot_to_write_done_us=0;slot_to_txcmd_us=274;slot_to_txdone_us=610;txcmd_to_txdone_us=335;txdone_to_rxstart_us=61;txdone_to_rxend_us=183;rxenable_
[RECV] BS2DCE notify: TR;3;3529;f;0;ff;ff;3069,3093,2693,2708,3104,3221,2603,2603;3069,3093,2693,2708,3104,3221,2603,2603;100,100,100,100,100,100,100,100;OOOOOOOO;100;0;701;8
[RECV] BSDC91 notify: CD;1;3514;tag=2;local=0xb102;status=0x00800b02;rxf=0x0796c814;win=8165;pc=8;mask=0xff;resp=7;unexp=0;last_len=20;last_src=0xa106;last_dst=0xb102;last_code=0xe1
[RECV] BSDC91 notify: TR;3;3515;f;0;ff;7f;2809,2395,2865,3330,2806,2412,2804,0;2809,2395,2865,3330,2806,2412,2804,3148;100,100,100,100,100,100,100,19;OOOOOOOT;100;0;44219;8
[RECV] BSDC91 notify: TR;3;3516;f;0;ff;fb;2780,2459,0,3236,2798,2507,2800,3159;2780,2459,2865,3236,2798,2507,2800,3159;100,100,95,100,100,100,100,22;OOTOOOOO;88;0;671;8
[RECV] BS2DCE notify: TR;3;3530;f;0;ff;ff;3120,3158,2675,2695,3102,3170,2490,2692;3120,3158,2675,2695,3102,3170,2490,2692;100,100,100,100,100,100,100,100;OOOOOOOO;100;0;762;8
[RECV] BSDC91 notify: TR;3;3517;f;0;ff;ff;2748,2483,3026,3160,2716,2617,2896,3147;2748,2483,3026,3160,2716,2617,2896,3147;100,100,95,100,100,100,100,26;OOOOOOOO;90;0;671;8
[RECV] BS2DCE notify: TR;3;3531;f;0;ff;ff;3116,3054,2693,2661,3242,3189,2527,2684;3116,3054,2693,2661,3242,3189,2527,2684;100,100,100,100,100,100,100,100;OOOOOOOO;100;0;671;8
[RECV] BSDC91 notify: TR;3;3518;f;0;ff;7f;2698,2435,3100,3214,2584,2566,2899,0;2698,2435,3100,3214,2584,2566,2899,3147;100,100,95,100,100,100,100,25;OOOOOOOT;99;0;671;8
[RECV] BSDC91 notify: TR;3;3519;f;0;ff;7f;2594,2565,3155,3249,2523,2555,2881,0;2594,2565,3155,3249,2523,2555,2881,3147;100,100,96,100,100,100,100,24;OOOOOOOT;99;0;823;8
[RECV] BSDC91 notify: TR;3;3520;f;0;ff;ff;2636,2576,3145,3105,2420,2616,2910,3020;2636,2576,3145,3105,2420,2616,2910,3020;100,100,96,100,100,100,100,26;OOOOOOOO;90;0;671;8
[RECV] BS2DCE notify: TR;3;3532;f;0;ff;ff;3087,2953,2595,2749,3334,3112,2445,2713;3087,2953,2595,2749,3334,3112,2445,2713;100,100,100,100,100,100,100,100;OOOOOOOO;100;0;701;8
[RECV] BS2DCE notify: TR;3;3533;f;0;ff;ff;3130,2936,2633,2794,3275,3064,2436,2859;3130,2936,2633,2794,3275,3064,2436,2859;100,100,100,100,100,100,100,100;OOOOOOOO;100;0;732;8
[RECV] BSDC91 notify: TR;3;3521;f;0;ff;ff;2567,2705,3351,2943,2385,2691,2988,2979;2567,2705,3351,2943,2385,2691,2988,2979;100,100,96,100,100,100,100,29;OOOOOOOO;90;0;701;8
[RECV] BSDC91 notify: TR;3;3522;f;0;ff;ff;2603,2753,3406,2936,2342,2631,2979,2905;2603,2753,3406,2936,2342,2631,2979,2905;100,100,96,100,100,100,100,32;OOOOOOOO;91;0;701;8
[RECV] BS2DCE notify: RXG;1;3533;tag=1;mask=0xff;pc=8;guard=1200;spacing=1000;win=8165;pre=1;slot_to_entry_us=0;slot_to_sched_us=0;slot_to_write_done_us=0;slot_to_txcmd_us=274;slot_to_txdone_us=610;txcmd_to_txdone_us=335;txdone_to_rxstart_us=152;txdone_to_rxend_us=274;rxenable
[RECV] BSDC91 notify: TR;3;3523;f;0;ff;7f;2480,2809,3394,2967,2262,2682,3053,0;2480,2809,3394,2967,2262,2682,3053,2905;100,100,96,100,100,100,100,31;OOOOOOOT;99;0;671;8
[RECV] BS2DCE notify: TR;3;3534;f;0;ff;ff;3185,2956,2621,3067,3123,3005,2386,2906;3185,2956,2621,3067,3123,3005,2386,2906;100,100,100,100,100,100,100,100;OOOOOOOO;100;0;29998;8
[RECV] BSDC91 notify: TR;3;3524;f;0;ff;ff;2398,2926,3373,2827,2269,2860,3106,2853;2398,2926,3373,2827,2269,2860,3106,2853;100,100,96,100,100,100,100,33;OOOOOOOO;91;0;671;8
[RECV] BS2DCE notify: TR;3;3535;f;0;ff;ff;3123,2909,2590,3102,3326,3026,2375,2903;3123,2909,2590,3102,3326,3026,2375,2903;100,100,100,100,100,100,100,100;OOOOOOOO;100;0;671;8
[RECV] BSDC91 notify: RXG;1;3524;tag=2;mask=0xff;pc=8;guard=1200;spacing=1000;win=8165;pre=1;slot_to_entry_us=0;slot_to_sched_us=0;slot_to_write_done_us=0;slot_to_txcmd_us=274;slot_to_txdone_us=610;txcmd_to_txdone_us=335;txdone_to_rxstart_us=61;txdone_to_rxend_us=183;rxenable_
[RECV] BS2DCE notify: CD;1;3535;tag=1;local=0xb101;status=0x02806f02;rxf=0x0776c814;win=8165;pc=8;mask=0xff;resp=8;unexp=0;last_len=20;last_src=0xa107;last_dst=0xb101;last_code=0xe1
[RECV] BS2DCE notify: TR;3;3536;f;0;ff;ff;3190,2858,2581,3057,3352,2939,2384,2846;3190,2858,2581,3057,3352,2939,2384,2846;100,100,100,100,100,100,100,100;OOOOOOOO;100;0;15441;8
[RECV] BS2DCE notify: TR;3;3537;f;0;ff;ff;3197,2866,2602,2880,3403,2885,2298,2750;3197,2866,2602,2880,3403,2885,2298,2750;100,100,100,100,100,100,100,100;OOOOOOOO;100;0;701;8
[RECV] BS2DCE notify: TR;3;3538;f;0;ff;ff;3280,2772,2652,2939,3353,2799,2286,2909;3280,2772,2652,2939,3353,2799,2286,2909;100,100,100,100,100,100,100,100;OOOOOOOO;100;0;701;8
[RECV] BSDC91 notify: CD;1;3524;tag=2;local=0xb102;status=0x00800b02;rxf=0x0796c814;win=8165;pc=8;mask=0xff;resp=7;unexp=0;last_len=20;last_src=0xa106;last_dst=0xb102;last_code=0xe1
[RECV] BSDC91 notify: TR;3;3525;f;0;ff;7f;2480,3068,3356,2781,2291,2964,3078,0;2480,3068,3356,2781,2291,2964,3078,2853;100,100,96,100,100,100,100,32;OOOOOOOT;99;0;44281;8
[RECV] BSDC91 notify: TR;3;3526;f;0;ff;7f;2539,3047,3373,2765,2268,2994,3156,0;2539,3047,3373,2765,2268,2994,3156,2853;100,100,96,100,100,100,100,31;OOOOOOOT;99;0;671;8
[RECV] BSDC91 notify: TR;3;3527;f;0;ff;7f;2622,3089,3387,2652,2300,3055,3252,0;2622,3089,3387,2652,2300,3055,3252,2853;100,100,100,100,100,100,100,29;OOOOOOOT;100;0;671;8
[RECV] BS2DCE notify: TR;3;3539;f;0;ff;ff;3365,2730,2742,2922,3324,2750,2310,2913;3365,2730,2742,2922,3324,2750,2310,2913;100,100,100,100,100,100,100,100;OOOOOOOO;100;0;762;8
[RECV] BSDC91 notify: TR;3;3528;f;0;ff;7f;2579,3040,3321,2586,2289,3058,3173,0;2579,3040,3321,2586,2289,3058,3173,2853;100,100,100,100,100,100,100,27;OOOOOOOT;100;0;823;8
[RECV] BSDC91 notify: TR;3;3529;f;0;ff;7f;2442,3117,3384,2521,2310,3052,3133,0;2442,3117,3384,2521,2310,3052,3133,2853;100,100,100,100,100,100,100,26;OOOOOOOT;100;0;671;8
[RECV] BS2DCE notify: TR;3;3540;f;0;ff;ff;3341,2680,2587,2906,3368,2648,2347,2897;3341,2680,2587,2906,3368,2648,2347,2897;100,100,100,100,100,100,100,100;OOOOOOOO;100;0;701;8
[RECV] BSDC91 notify: TR;3;3530;f;0;ff;7f;2401,3215,3483,2505,2290,3113,3309,0;2401,3215,3483,2505,2290,3113,3309,2853;100,100,100,100,100,100,100,25;OOOOOOOT;100;0;671;8
[RECV] BS2DCE notify: TR;3;3541;f;0;ff;ff;3323,2629,2561,3036,3764,2547,2376,3005;3323,2629,2561,3036,3764,2547,2376,3005;100,100,100,100,100,100,100,100;OOOOOOOO;100;0;671;8
[RECV] BSDC91 notify: TR;3;3531;f;0;ff;7f;2346,3210,3321,2414,2335,3194,3195,0;2346,3210,3321,2414,2335,3194,3195,2853;100,100,100,100,100,100,100,23;OOOOOOOT;100;0;823;8
[RECV] BS2DCE notify: TR;3;3542;f;0;ff;ff;3294,2638,2507,2935,3607,2513,2267,3010;3294,2638,2507,2935,3607,2513,2267,3010;100,100,100,100,100,100,100,100;OOOOOOOO;100;0;732;8
[RECV] BSDC91 notify: TR;3;3532;f;0;ff;ff;2283,3244,3575,2324,2370,3154,3398,1985;2283,3244,3575,2324,2370,3154,3398,1985;100,100,100,100,100,100,100,27;OOOOOOOO;90;0;701;8
[RECV] BS2DCE notify: TR;3;3543;f;0;ff;ff;3264,2616,2508,3040,3411,2630,2748,3051;3264,2616,2508,3040,3411,2630,2748,3051;100,100,100,100,100,100,100,100;OOOOOOOO;100;0;671;8
[RECV] BSDC91 notify: TR;3;3533;f;0;ff;7f;2337,3266,3482,2350,2362,3169,3260,0;2337,3266,3482,2350,2362,3169,3260,1985;100,100,100,100,100,100,100,26;OOOOOOOT;100;0;671;8
[RECV] BS2DCE notify: RXG;1;3543;tag=1;mask=0xff;pc=8;guard=1200;spacing=1000;win=8165;pre=1;slot_to_entry_us=0;slot_to_sched_us=0;slot_to_write_done_us=0;slot_to_txcmd_us=274;slot_to_txdone_us=610;txcmd_to_txdone_us=335;txdone_to_rxstart_us=61;txdone_to_rxend_us=183;rxenable_
[RECV] BS2DCE notify: TR;3;3544;f;0;ff;ff;3263,2536,2521,3064,3385,2437,2627,3031;3263,2536,2521,3064,3385,2437,2627,3031;100,100,100,100,100,100,100,100;OOOOOOOO;100;0;30029;8
[RECV] BSDC91 notify: TR;3;3534;f;0;ff;fd;2376,0,3480,2295,2420,3190,3243,2298;2376,3266,3480,2295,2420,3190,3243,2298;100,95,100,100,100,100,100,29;OTOOOOOO;89;0;671;8
[RECV] BS2DCE notify: TR;3;3545;f;0;ff;ff;3239,2549,2513,3079,3010,2374,2578,3081;3239,2549,2513,3079,3010,2374,2578,3081;100,100,100,100,100,100,100,100;OOOOOOOO;100;0;732;8
[RECV] BS2DCE notify: CD;1;3545;tag=1;local=0xb101;status=0x02806f02;rxf=0x0686c814;win=8165;pc=8;mask=0xff;resp=8;unexp=0;last_len=20;last_src=0xa107;last_dst=0xb101;last_code=0xe1
[RECV] BS2DCE notify: TR;3;3546;f;0;ff;ff;3320,2549,2571,3165,3435,2435,2633,3219;3320,2549,2571,3165,3435,2435,2633,3219;100,100,100,100,100,100,100,100;OOOOOOOO;100;0;15441;8
[RECV] BS2DCE notify: TR;3;3547;f;0;ff;ff;3239,2460,2644,3100,3309,2432,2617,3222;3239,2460,2644,3100,3309,2432,2617,3222;100,100,100,100,100,100,100,100;OOOOOOOO;100;0;701;8
[RECV] BSDC91 notify: RXG;1;3534;tag=2;mask=0xff;pc=8;guard=1200;spacing=1000;win=8165;pre=1;slot_to_entry_us=0;slot_to_sched_us=0;slot_to_write_done_us=0;slot_to_txcmd_us=274;slot_to_txdone_us=610;txcmd_to_txdone_us=335;txdone_to_rxstart_us=61;txdone_to_rxend_us=183;rxenable_
[RECV] BS2DCE notify: TR;3;3548;f;0;ff;ff;3235,2509,2698,3131,3165,2481,2637,3192;3235,2509,2698,3131,3165,2481,2637,3192;100,100,100,100,100,100,100,100;OOOOOOOO;100;0;762;8
[RECV] BSDC91 notify: CD;1;3534;tag=2;local=0xb102;status=0x00800b02;rxf=0x07c6c814;win=8165;pc=8;mask=0xff;resp=7;unexp=0;last_len=20;last_src=0xa106;last_dst=0xb102;last_code=0xe1
[RECV] BSDC91 notify: TR;3;3535;f;0;ff;7f;2388,3291,3465,2362,2432,3423,3143,0;2388,3291,3465,2362,2432,3423,3143,2298;100,96,100,100,100,100,100,28;OOOOOOOT;99;0;44158;8
[RECV] BSDC91 notify: TR;3;3536;f;0;ff;ff;2423,3370,3470,2330,2456,3388,3110,2211;2423,3370,3470,2330,2456,3388,3110,2211;100,96,100,100,100,100,100,30;OOOOOOOO;90;0;701;8
[RECV] BSDC91 notify: TR;3;3537;f;0;ff;7f;2475,3322,3397,2325,2565,3388,3119,0;2475,3322,3397,2325,2565,3388,3119,2211;100,96,100,100,100,100,100,29;OOOOOOOT;99;0;854;8
[RECV] BSDC91 notify: TR;3;3538;f;0;ff;ff;2582,3425,3269,2281,2597,3420,3070,2048;2582,3425,3269,2281,2597,3420,3070,2048;100,96,100,100,100,100,100,32;OOOOOOOO;91;0;671;8
[RECV] BS2DCE notify: TR;3;3549;f;0;ff;ff;3129,2651,2774,3253,3137,2490,2709,3175;3129,2651,2774,3253,3137,2490,2709,3175;100,100,100,100,100,100,100,100;OOOOOOOO;100;0;701;8
[RECV] BSDC91 notify: TR;3;3539;f;0;ff;7f;2549,3489,3123,2381,2620,3439,3096,0;2549,3489,3123,2381,2620,3439,3096,2048;100,96,100,100,100,100,100,31;OOOOOOOT;99;0;671;8
[RECV] BS2DCE notify: TR;3;3550;f;0;ff;ff;3174,2721,2779,3386,3063,2556,2682,3197;3174,2721,2779,3386,3063,2556,2682,3197;100,100,100,100,100,100,100,100;OOOOOOOO;100;0;701;8
[RECV] BSDC91 notify: TR;3;3540;f;0;ff;7f;2663,3457,3136,2389,2698,3378,3147,0;2663,3457,3136,2389,2698,3378,3147,2048;100,96,100,100,100,100,100,30;OOOOOOOT;99;0;823;8
[RECV] BSDC91 notify: TR;3;3541;f;0;ff;7f;2700,3684,3086,2271,2848,3351,3115,0;2700,3684,3086,2271,2848,3351,3115,2048;100,96,100,100,100,100,100,29;OOOOOOOT;99;0;640;8
[RECV] BS2DCE notify: TR;3;3551;f;0;ff;ff;3108,2668,2757,3332,2973,2663,2692,3196;3108,2668,2757,3332,2973,2663,2692,3196;100,100,100,100,100,100,100,100;OOOOOOOO;100;0;732;8
[RECV] BS2DCE notify: TR;3;3552;f;0;ff;ff;3039,2474,2777,3202,2889,2484,2636,3235;3039,2474,2777,3202,2889,2484,2636,3235;100,100,100,100,100,100,100,100;OOOOOOOO;100;0;701;8
[RECV] BSDC91 notify: TR;3;3542;f;0;ff;7f;2815,3588,3013,2212,2989,3480,3011,0;2815,3588,3013,2212,2989,3480,3011,2048;100,96,100,100,100,100,100,28;OOOOOOOT;99;0;671;8
[RECV] BS2DCE notify: TR;3;3553;f;0;ff;ff;2966,2550,2809,3658,2912,2676,2687,3291;2966,2550,2809,3658,2912,2676,2687,3291;100,100,100,100,100,100,100,100;OOOOOOOO;100;0;701;8
[RECV] BSDC91 notify: TR;3;3543;f;0;ff;7f;3543,3457,2898,2211,2860,3494,2947,0;3543,3457,2898,2211,2860,3494,2947,2048;100,100,100,100,100,100,100,29;OOOOOOOT;100;0;915;8
[RECV] BSDC91 notify: TR;3;3544;f;0;ff;7f;3726,3492,2879,2233,2940,3336,2879,0;3726,3492,2879,2233,2940,3336,2879,2048;100,100,100,100,100,100,100,27;OOOOOOOT;100;0;671;8
[RECV] BS2DCE notify: RXG;1;3553;tag=1;mask=0xff;pc=8;guard=1200;spacing=1000;win=8165;pre=1;slot_to_entry_us=0;slot_to_sched_us=0;slot_to_write_done_us=0;slot_to_txcmd_us=274;slot_to_txdone_us=610;txcmd_to_txdone_us=335;txdone_to_rxstart_us=91;txdone_to_rxend_us=213;rxenable_
[RECV] BS2DCE notify: TR;3;3554;f;0;ff;ff;2906,2503,2824,2989,3033,2576,2689,3273;2906,2503,2824,2989,3033,2576,2689,3273;100,100,100,100,100,100,100,100;OOOOOOOO;100;0;29907;8
[RECV] BS2DCE notify: TR;3;3555;f;0;ff;ff;2889,2506,2929,3484,2991,2526,2720,3263;2889,2506,2929,3484,2991,2526,2720,3263;100,100,100,100,100,100,100,100;OOOOOOOO;100;0;701;8
[RECV] BS2DCE notify: CD;1;3555;tag=1;local=0xb101;status=0x02806f02;rxf=0x0786c814;win=8165;pc=8;mask=0xff;resp=8;unexp=0;last_len=20;last_src=0xa107;last_dst=0xb101;last_code=0xe1
[RECV] BS2DCE notify: TR;3;3556;f;0;ff;ff;2868,2594,3002,3470,2780,2610,2786,3112;2868,2594,3002,3470,2780,2610,2786,3112;100,100,100,100,100,100,100,100;OOOOOOOO;100;0;15472;8
[RECV] BSDC91 notify: RXG;1;3544;tag=2;mask=0xff;pc=8;guard=1200;spacing=1000;win=8165;pre=1;slot_to_entry_us=0;slot_to_sched_us=0;slot_to_write_done_us=0;slot_to_txcmd_us=274;slot_to_txdone_us=610;txcmd_to_txdone_us=335;txdone_to_rxstart_us=61;txdone_to_rxend_us=183;rxenable_
[RECV] BSDC91 notify: CD;1;3544;tag=2;local=0xb102;status=0x00800b02;rxf=0x07b6c814;win=8165;pc=8;mask=0xff;resp=7;unexp=0;last_len=20;last_src=0xa106;last_dst=0xb102;last_code=0xe1
[RECV] BSDC91 notify: TR;3;3545;f;0;ff;7f;3624,3526,2808,2294,2940,3335,2846,0;3624,3526,2808,2294,2940,3335,2846,2048;100,100,100,100,100,100,100,26;OOOOOOOT;100;0;44128;8
[RECV] BSDC91 notify: TR;3;3546;f;0;ff;ff;3262,3447,2686,2180,2915,2890,2751,2470;3262,3447,2686,2180,2915,2890,2751,2470;100,100,100,100,100,100,100,30;OOOOOOOO;91;0;671;8
[RECV] BS2DCE notify: TR;3;3557;f;0;ff;ff;2774,2597,3071,3409,2711,2552,2861,3156;2774,2597,3071,3409,2711,2552,2861,3156;100,100,100,100,100,100,100,100;OOOOOOOO;100;0;762;8
[RECV] BSDC91 notify: TR;3;3547;f;0;ff;7f;3210,3158,2625,2275,2979,3471,2611,0;3210,3158,2625,2275,2979,3471,2611,2470;100,100,100,100,100,100,100,28;OOOOOOOT;100;0;671;8
[RECV] BS2DCE notify: TR;3;3558;f;0;ff;ff;2746,2622,3214,3228,2636,2688,2813,2960;2746,2622,3214,3228,2636,2688,2813,2960;100,100,100,100,100,100,100,100;OOOOOOOO;100;0;701;8
[RECV] BSDC91 notify: TR;3;3548;f;0;ff;7f;3158,3139,2608,2438,3045,3305,2617,0;3158,3139,2608,2438,3045,3305,2617,2470;100,100,100,100,100,100,100,27;OOOOOOOT;100;0;671;8
[RECV] BS2DCE notify: TR;3;3559;f;0;ff;ff;2694,2636,3308,3064,2656,2655,2972,2890;2694,2636,3308,3064,2656,2655,2972,2890;100,100,100,100,100,100,100,100;OOOOOOOO;100;0;671;8
[RECV] BSDC91 notify: TR;3;3549;f;0;ff;7f;3143,3167,2487,2547,3079,3493,2467,0;3143,3167,2487,2547,3079,3493,2467,2470;100,100,100,100,100,100,100,26;OOOOOOOT;100;0;823;8
[RECV] BS2DCE notify: TR;3;3560;f;0;ff;ff;2763,2699,3240,3031,2559,2721,2918,3067;2763,2699,3240,3031,2559,2721,2918,3067;100,100,100,100,100,100,100,100;OOOOOOOO;100;0;701;8
[RECV] BSDC91 notify: TR;3;3550;f;0;ff;7f;3156,3088,2524,2620,3186,3265,2355,0;3156,3088,2524,2620,3186,3265,2355,2470;100,100,100,100,100,100,100,25;OOOOOOOT;100;0;671;8
[RECV] BSDC91 notify: TR;3;3551;f;0;ff;7f;3197,3149,2484,2635,3214,3148,2339,0;3197,3149,2484,2635,3214,3148,2339,2470;100,100,100,100,100,100,100,24;OOOOOOOT;100;0;671;8
[RECV] BS2DCE notify: TR;3;3561;f;0;ff;ff;2640,2807,3224,3034,2488,2681,2983,3104;2640,2807,3224,3034,2488,2681,2983,3104;100,100,100,100,100,100,100,100;OOOOOOOO;100;0;701;8
[RECV] BS2DCE notify: TR;3;3562;f;0;ff;ff;2701,2850,3163,2801,2511,2691,3052,3064;2701,2850,3163,2801,2511,2691,3052,3064;100,100,100,100,100,100,100,100;OOOOOOOO;100;0;701;8
[RECV] BS2DCE notify: TR;3;3563;f;0;ff;ff;2601,2884,3181,2896,2437,2796,3012,2494;2601,2884,3181,2896,2437,2796,3012,2494;100,100,100,100,100,100,100,100;OOOOOOOO;100;0;701;8
[RECV] BSDC91 notify: TR;3;3552;f;0;ff;7f;3220,3024,2481,2595,3243,3043,2239,0;3220,3024,2481,2595,3243,3043,2239,2470;100,100,100,100,100,100,100,23;OOOOOOOT;100;0;823;8
[RECV] BSDC91 notify: TR;3;3553;f;0;ff;fe;0,2845,2458,2680,3281,2964,2160,2838;3220,2845,2458,2680,3281,2964,2160,2838;96,100,100,100,100,100,100,25;TOOOOOOO;89;0;671;8
[RECV] BS2DCE notify: RXG;1;3563;tag=1;mask=0xff;pc=8;guard=1200;spacing=1000;win=8165;pre=1;slot_to_entry_us=0;slot_to_sched_us=0;slot_to_write_done_us=0;slot_to_txcmd_us=274;slot_to_txdone_us=671;txcmd_to_txdone_us=396;txdone_to_rxstart_us=61;txdone_to_rxend_us=305;rxenable_
[RECV] BSDC91 notify: TR;3;3554;f;0;ff;7f;3246,2772,2406,2574,3361,2941,2231,0;3246,2772,2406,2574,3361,2941,2231,2838;96,100,100,100,100,100,100,25;OOOOOOOT;99;0;671;8
[RECV] BS2DCE notify: TR;3;3564;f;0;ff;ff;2546,3015,3197,2835,2384,2901,3067,2851;2546,3015,3197,2835,2384,2901,3067,2851;100,100,100,100,100,100,100,100;OOOOOOOO;100;0;29937;8
[RECV] BS2DCE notify: TR;3;3565;f;0;ff;ff;2591,2998,3228,2718,2384,2874,3101,2883;2591,2998,3228,2718,2384,2874,3101,2883;100,100,100,100,100,100,100,100;OOOOOOOO;100;0;671;8
[RECV] BS2DCE notify: CD;1;3565;tag=1;local=0xb101;status=0x02806f02;rxf=0x07d6c814;win=8165;pc=8;mask=0xff;resp=8;unexp=0;last_len=20;last_src=0xa107;last_dst=0xb101;last_code=0xe1
[RECV] BS2DCE notify: TR;3;3566;f;0;ff;ff;2658,3094,3281,2723,2428,2953,3121,2822;2658,3094,3281,2723,2428,2953,3121,2822;100,100,100,100,100,100,100,100;OOOOOOOO;100;0;15472;8
[RECV] BSDC91 notify: RXG;1;3554;tag=2;mask=0xff;pc=8;guard=1200;spacing=1000;win=8165;pre=1;slot_to_entry_us=0;slot_to_sched_us=0;slot_to_write_done_us=0;slot_to_txcmd_us=274;slot_to_txdone_us=610;txcmd_to_txdone_us=335;txdone_to_rxstart_us=61;txdone_to_rxend_us=183;rxenable_
[RECV] BS2DCE notify: TR;3;3567;f;0;ff;ff;2544,3118,3320,2632,2423,2995,3118,2649;2544,3118,3320,2632,2423,2995,3118,2649;100,100,100,100,100,100,100,100;OOOOOOOO;100;0;701;8
[RECV] BSDC91 notify: CD;1;3554;tag=2;local=0xb102;status=0x00800b02;rxf=0x0756c814;win=8165;pc=8;mask=0xff;resp=7;unexp=0;last_len=20;last_src=0xa106;last_dst=0xb102;last_code=0xe1
[RECV] BSDC91 notify: TR;3;3555;f;0;ff;7f;3289,2771,2381,3006,3479,2895,2135,0;3289,2771,2381,3006,3479,2895,2135,2838;96,100,100,100,100,100,100,24;OOOOOOOT;99;0;44219;8
[RECV] BSDC91 notify: TR;3;3556;f;0;ff;ff;3289,2757,2429,3042,3501,2853,2171,2965;3289,2757,2429,3042,3501,2853,2171,2965;96,100,100,100,100,100,100,26;OOOOOOOO;90;0;671;8
[RECV] BSDC91 notify: TR;3;3557;f;0;ff;ff;3359,2721,2391,2864,3652,2732,2209,2938;3359,2721,2391,2864,3652,2732,2209,2938;96,100,100,100,100,100,100,29;OOOOOOOO;90;0;701;8
[RECV] BS2DCE notify: TR;3;3568;f;0;ff;ff;2798,3122,3333,2679,2459,3015,3102,2685;2798,3122,3333,2679,2459,3015,3102,2685;100,100,100,100,100,100,100,100;OOOOOOOO;100;0;701;8
[RECV] BSDC91 notify: TR;3;3558;f;0;ff;7f;3401,2697,2304,2830,3756,2610,2149,0;3401,2697,2304,2830,3756,2610,2149,2938;96,100,100,100,100,100,100,28;OOOOOOOT;99;0;823;8
[RECV] BS2DCE notify: TR;3;3569;f;0;ff;ff;2637,3125,3416,2549,2507,2973,3103,2576;2637,3125,3416,2549,2507,2973,3103,2576;100,100,100,100,100,100,100,100;OOOOOOOO;100;0;671;8
[RECV] BSDC91 notify: TR;3;3559;f;0;ff;7f;3418,2620,2295,3174,3256,2551,2182,0;3418,2620,2295,3174,3256,2551,2182,2938;100,100,100,100,100,100,100,29;OOOOOOOT;100;0;671;8
[RECV] BS2DCE notify: TR;3;3570;f;0;ff;7f;2548,3141,3462,2489,2568,3032,3180,0;2548,3141,3462,2489,2568,3032,3180,2576;100,100,100,100,100,100,100,94;OOOOOOOT;100;0;701;8
[RECV] BSDC91 notify: TR;3;3560;f;0;ff;ff;3411,2669,2260,3419,3479,2548,2259,3073;3411,2669,2260,3419,3479,2548,2259,3073;100,100,100,100,100,100,100,33;OOOOOOOO;91;0;701;8
[RECV] BS2DCE notify: TR;3;3571;f;0;ff;ff;2483,3181,3381,2509,2716,3029,3150,2538;2483,3181,3381,2509,2716,3029,3150,2538;100,100,100,100,100,100,100,95;OOOOOOOO;99;0;671;8
[RECV] BSDC91 notify: TR;3;3561;f;0;ff;7f;3418,2554,2293,3231,3406,2473,2171,0;3418,2554,2293,3231,3406,2473,2171,3073;100,100,100,100,100,100,100,31;OOOOOOOT;100;0;915;8
[RECV] BS2DCE notify: TR;3;3572;f;0;ff;ff;2473,3113,3412,2408,2581,3039,3162,2098;2473,3113,3412,2408,2581,3039,3162,2098;100,100,100,100,100,100,100,95;OOOOOOOO;99;0;701;8
[RECV] BSDC91 notify: TR;3;3562;f;0;ff;ff;3361,2442,2260,3228,3374,2336,2505,3130;3361,2442,2260,3228,3374,2336,2505,3130;100,100,100,100,100,100,100,35;OOOOOOOO;91;0;701;8
[RECV] BSDC91 notify: TR;3;3563;f;0;ff;7f;3348,2497,2318,3330,3339,2440,2463,0;3348,2497,2318,3330,3339,2440,2463,3130;100,100,100,100,100,100,100,33;OOOOOOOT;100;0;671;8
[RECV] BS2DCE notify: TR;3;3573;f;0;ff;ff;2484,3121,3318,2510,2592,3252,3135,2404;2484,3121,3318,2510,2592,3252,3135,2404;100,100,100,100,100,100,100,95;OOOOOOOO;99;0;671;8
[RECV] BS2DCE notify: RXG;1;3573;tag=1;mask=0xff;pc=8;guard=1200;spacing=1000;win=8165;pre=1;slot_to_entry_us=0;slot_to_sched_us=0;slot_to_write_done_us=0;slot_to_txcmd_us=274;slot_to_txdone_us=610;txcmd_to_txdone_us=335;txdone_to_rxstart_us=91;txdone_to_rxend_us=213;rxenable_
[RECV] BS2DCE notify: TR;3;3574;f;0;ff;ff;2494,3148,3290,2421,2602,3218,3095,2391;2494,3148,3290,2421,2602,3218,3095,2391;100,100,100,100,100,100,100,95;OOOOOOOO;99;0;29846;8
[RECV] BS2DCE notify: TR;3;3575;f;0;ff;ff;2533,3248,3334,2388,2669,3234,3059,2408;2533,3248,3334,2388,2669,3234,3059,2408;100,100,100,100,100,100,100,95;OOOOOOOO;99;0;701;8
[RECV] BSDC91 notify: TR;3;3564;f;0;ff;ff;3307,2415,2319,3137,3389,2426,2347,3167;3307,2415,2319,3137,3389,2426,2347,3167;100,100,100,100,100,100,100,36;OOOOOOOO;92;0;671;8
[RECV] BS2DCE notify: CD;1;3575;tag=1;local=0xb101;status=0x02806f02;rxf=0x0786c814;win=8165;pc=8;mask=0xff;resp=8;unexp=0;last_len=20;last_src=0xa107;last_dst=0xb101;last_code=0xe1
[RECV] BSDC91 notify: RXG;1;3564;tag=2;mask=0xff;pc=8;guard=1200;spacing=1000;win=8165;pre=1;slot_to_entry_us=0;slot_to_sched_us=0;slot_to_write_done_us=0;slot_to_txcmd_us=274;slot_to_txdone_us=610;txcmd_to_txdone_us=335;txdone_to_rxstart_us=61;txdone_to_rxend_us=183;rxenable_
[RECV] BSDC91 notify: CD;1;3564;tag=2;local=0xb102;status=0x00806f02;rxf=0x0776c814;win=8165;pc=8;mask=0xff;resp=8;unexp=0;last_len=20;last_src=0xa107;last_dst=0xb102;last_code=0xe1
[RECV] BS2DCE notify: TR;3;3576;f;0;ff;ff;2566,3254,3357,2405,2706,3255,2992,2338;2566,3254,3357,2405,2706,3255,2992,2338;100,100,100,100,100,100,100,96;OOOOOOOO;99;0;15502;8
[RECV] BSDC91 notify: TR;3;3565;f;0;ff;ff;3326,2450,2390,3253,3332,2277,2364,3137;3326,2450,2390,3253,3332,2277,2364,3137;100,100,100,100,100,100,100,39;OOOOOOOO;92;0;44128;8
[RECV] BSDC91 notify: TR;3;3566;f;0;ff;7f;3373,2353,2424,3321,3260,2332,2405,0;3373,2353,2424,3321,3260,2332,2405,3137;100,100,100,100,100,100,100,37;OOOOOOOT;100;0;671;8
[RECV] BS2DCE notify: TR;3;3577;f;0;ff;ff;2670,3254,3478,2401,2625,3262,3049,2170;2670,3254,3478,2401,2625,3262,3049,2170;100,100,100,100,100,100,100,96;OOOOOOOO;99;0;671;8
[RECV] BSDC91 notify: TR;3;3567;f;0;ff;7f;3403,2390,2445,3166,3214,2228,2430,0;3403,2390,2445,3166,3214,2228,2430,3137;100,100,100,100,100,100,100,36;OOOOOOOT;100;0;915;8
[RECV] BS2DCE notify: TR;3;3578;f;0;ff;ff;2659,3288,3300,2487,2696,3308,2980,2419;2659,3288,3300,2487,2696,3308,2980,2419;100,100,100,100,100,100,100,96;OOOOOOOO;99;0;701;8
[RECV] BS2DCE notify: TR;3;3579;f;0;ff;ff;2730,3432,3142,2534,2764,3280,3035,2380;2730,3432,3142,2534,2764,3280,3035,2380;100,100,100,100,100,100,100,96;OOOOOOOO;99;0;701;8
[RECV] BSDC91 notify: TR;3;3568;f;0;ff;ff;3313,2462,2505,3248,3152,2329,2422,3132;3313,2462,2505,3248,3152,2329,2422,3132;100,100,100,100,100,100,100,38;OOOOOOOO;92;0;701;8
[RECV] BSDC91 notify: TR;3;3569;f;0;ff;7f;3200,2418,2544,3327,3151,2273,2578,0;3200,2418,2544,3327,3151,2273,2578,3132;100,100,100,100,100,100,100,37;OOOOOOOT;100;0;671;8
[RECV] BS2DCE notify: TR;3;3580;f;0;ff;ff;2778,3452,3086,2459,2791,3393,3012,2406;2778,3452,3086,2459,2791,3393,3012,2406;100,100,100,100,100,100,100,96;OOOOOOOO;99;0;701;8
[RECV] BS2DCE notify: TR;3;3581;f;0;ff;ff;2801,3413,3051,2531,2807,3477,2914,2472;2801,3413,3051,2531,2807,3477,2914,2472;100,100,100,100,100,100,100,96;OOOOOOOO;99;0;671;8
[RECV] BSDC91 notify: TR;3;3570;f;0;ff;7f;3174,2534,2584,3341,3102,2392,2527,0;3174,2534,2584,3341,3102,2392,2527,3132;100,100,100,100,100,100,100,35;OOOOOOOT;100;0;823;8
[RECV] BSDC91 notify: TR;3;3571;f;0;ff;ff;3121,2425,2700,3455,3060,2300,2599,3293;3121,2425,2700,3455,3060,2300,2599,3293;100,100,100,100,100,100,100,37;OOOOOOOO;92;0;671;8
[RECV] BS2DCE notify: TR;3;3582;f;0;ff;ff;3373,3399,2982,2382,2847,3296,2906,2745;3373,3399,2982,2382,2847,3296,2906,2745;100,100,100,100,100,100,100,96;OOOOOOOO;99;0;701;8
[RECV] BSDC91 notify: TR;3;3572;f;0;ff;7f;3003,2382,2725,3131,3274,2508,2599,0;3003,2382,2725,3131,3274,2508,2599,3293;100,100,100,100,100,100,100,36;OOOOOOOT;100;0;671;8
[RECV] BS2DCE notify: TR;3;3583;f;0;ff;ff;3248,3410,2954,2287,2902,3401,2823,2559;3248,3410,2954,2287,2902,3401,2823,2559;100,100,100,100,100,100,100,96;OOOOOOOO;99;0;701;8
[RECV] BSDC91 notify: TR;3;3573;f;0;ff;7f;3001,2347,2838,3408,3200,2478,2619,0;3001,2347,2838,3408,3200,2478,2619,3293;100,100,100,100,100,100,100,35;OOOOOOOT;100;0;915;8
[RECV] BS2DCE notify: RXG;1;3583;tag=1;mask=0xff;pc=8;guard=1200;spacing=1000;win=8165;pre=1;slot_to_entry_us=0;slot_to_sched_us=0;slot_to_write_done_us=0;slot_to_txcmd_us=274;slot_to_txdone_us=610;txcmd_to_txdone_us=335;txdone_to_rxstart_us=61;txdone_to_rxend_us=183;rxenable_
[RECV] BS2DCE notify: TR;3;3584;f;0;ff;ff;3214,3340,2913,2336,2973,3381,2916,2303;3214,3340,2913,2336,2973,3381,2916,2303;100,100,100,100,100,100,100,100;OOOOOOOO;100;0;29876;8
[RECV] BSDC91 notify: TR;3;3574;f;0;ff;7f;2910,2395,2816,3353,3041,2435,2723,0;2910,2395,2816,3353,3041,2435,2723,3293;100,100,100,100,100,100,100,34;OOOOOOOT;100;0;671;8
[RECV] BS2DCE notify: TR;3;3585;f;0;ff;ff;3209,3285,2901,2482,2947,3242,2808,2580;3209,3285,2901,2482,2947,3242,2808,2580;100,100,100,100,100,100,100,100;OOOOOOOO;100;0;671;8
[RECV] BS2DCE notify: CD;1;3585;tag=1;local=0xb101;status=0x02806f02;rxf=0x07c6c814;win=8165;pc=8;mask=0xff;resp=8;unexp=0;last_len=20;last_src=0xa107;last_dst=0xb101;last_code=0xe1
[RECV] BS2DCE notify: TR;3;3586;f;0;ff;ff;3173,3389,2831,2476,2915,3234,2811,2558;3173,3389,2831,2476,2915,3234,2811,2558;100,100,100,100,100,100,100,100;OOOOOOOO;100;0;15533;8
[RECV] BS2DCE notify: TR;3;3587;f;0;ff;ff;3095,3271,2820,2442,2938,3225,2715,2587;3095,3271,2820,2442,2938,3225,2715,2587;100,100,100,100,100,100,100,100;OOOOOOOO;100;0;671;8
[RECV] BS2DCE notify: TR;3;3588;f;0;ff;ff;3085,3132,2744,2591,2944,3312,2698,2604;3085,3132,2744,2591,2944,3312,2698,2604;100,100,100,100,100,100,100,100;OOOOOOOO;100;0;701;8
[RECV] BSDC91 notify: RXG;1;3574;tag=2;mask=0xff;pc=8;guard=1200;spacing=1000;win=8165;pre=1;slot_to_entry_us=0;slot_to_sched_us=0;slot_to_write_done_us=0;slot_to_txcmd_us=396;slot_to_txdone_us=701;txcmd_to_txdone_us=305;txdone_to_rxstart_us=91;txdone_to_rxend_us=213;rxenable_
[RECV] BS2DCE notify: TR;3;3589;f;0;ff;ff;3059,3166,2722,2708,3005,3274,2627,2657;3059,3166,2722,2708,3005,3274,2627,2657;100,100,100,100,100,100,100,100;OOOOOOOO;100;0;701;8
[RECV] BSDC91 notify: CD;1;3574;tag=2;local=0xb102;status=0x00806f02;rxf=0x0766c814;win=8165;pc=8;mask=0xff;resp=8;unexp=0;last_len=20;last_src=0xa107;last_dst=0xb102;last_code=0xe1
[RECV] BSDC91 notify: TR;3;3575;f;0;ff;ff;2861,2396,2869,3231,2923,2360,2691,3367;2861,2396,2869,3231,2923,2360,2691,3367;100,100,100,100,100,100,100,41;OOOOOOOO;92;0;44189;8
[RECV] BSDC91 notify: TR;3;3576;f;0;ff;7f;2748,2389,2952,3330,2816,2429,2818,0;2748,2389,2952,3330,2816,2429,2818,3367;100,100,100,100,100,100,100,38;OOOOOOOT;100;0;823;8
[RECV] BSDC91 notify: TR;3;3577;f;0;ff;7f;2739,2454,2995,3341,2718,2591,2807,0;2739,2454,2995,3341,2718,2591,2807,3367;100,100,100,100,100,100,100,36;OOOOOOOT;100;0;671;8
[RECV] BSDC91 notify: TR;3;3578;f;0;ff;ff;2670,2530,3097,3178,2579,2580,2880,2724;2670,2530,3097,3178,2579,2580,2880,2724;100,100,100,100,100,100,100,40;OOOOOOOO;92;0;701;8
[RECV] BS2DCE notify: TR;3;3590;f;0;ff;ff;3127,3115,2700,2654,3109,3061,2536,2595;3127,3115,2700,2654,3109,3061,2536,2595;100,100,100,100,100,100,100,100;OOOOOOOO;100;0;701;8
[RECV] BSDC91 notify: TR;3;3579;f;0;ff;7f;2646,2497,3113,3223,2496,2582,2922,0;2646,2497,3113,3223,2496,2582,2922,2724;100,100,100,100,100,100,100,38;OOOOOOOT;100;0;823;8
[RECV] BSDC91 notify: TR;3;3580;f;0;ff;7f;2585,2545,3113,3074,2461,2588,2911,0;2585,2545,3113,3074,2461,2588,2911,2724;100,100,100,100,100,100,100,36;OOOOOOOT;100;0;671;8
[RECV] BS2DCE notify: TR;3;3591;f;0;ff;ff;3114,3077,2699,2681,3205,3176,2522,2344;3114,3077,2699,2681,3205,3176,2522,2344;100,100,100,100,100,100,100,100;OOOOOOOO;100;0;701;8
[RECV] BS2DCE notify: TR;3;3592;f;0;ff;ff;3147,2959,2632,2857,3340,3117,2403,2703;3147,2959,2632,2857,3340,3117,2403,2703;100,100,100,100,100,100,100,100;OOOOOOOO;100;0;701;8
[RECV] BSDC91 notify: TR;3;3581;f;0;ff;7f;2662,2727,3355,2925,2419,2679,2971,0;2662,2727,3355,2925,2419,2679,2971,2724;100,100,100,100,100,100,100,34;OOOOOOOT;100;0;671;8
[RECV] BSDC91 notify: TR;3;3582;f;0;ff;fd;2620,0,3397,2936,2403,2685,2998,2946;2620,2727,3397,2936,2403,2685,2998,2946;100,95,100,100,100,100,100,37;OTOOOOOO;91;0;671;8
[RECV] BS2DCE notify: TR;3;3593;f;0;ff;ff;3131,2918,2620,2806,3284,3049,2371,2818;3131,2918,2620,2806,3284,3049,2371,2818;100,100,100,100,100,100,100,100;OOOOOOOO;100;0;701;8
[RECV] BS2DCE notify: RXG;1;3593;tag=1;mask=0xff;pc=8;guard=1200;spacing=1000;win=8165;pre=1;slot_to_entry_us=0;slot_to_sched_us=0;slot_to_write_done_us=0;slot_to_txcmd_us=274;slot_to_txdone_us=610;txcmd_to_txdone_us=335;txdone_to_rxstart_us=122;txdone_to_rxend_us=244;rxenable
[RECV] BS2DCE notify: TR;3;3594;f;0;ff;ff;3146,2959,2668,3039,3239,2997,2333,2877;3146,2959,2668,3039,3239,2997,2333,2877;100,100,100,100,100,100,100,100;OOOOOOOO;100;0;29968;8
[RECV] BS2DCE notify: TR;3;3595;f;0;ff;ff;3102,2897,2571,3260,3293,2952,2325,2901;3102,2897,2571,3260,3293,2952,2325,2901;100,100,100,100,100,100,100,100;OOOOOOOO;100;0;671;8
[RECV] BSDC91 notify: TR;3;3583;f;0;ff;7f;2575,2808,3421,2968,2310,2705,3046,0;2575,2808,3421,2968,2310,2705,3046,2946;100,96,100,100,100,100,100,36;OOOOOOOT;99;0;671;8
[RECV] BSDC91 notify: TR;3;3584;f;0;ff;7f;2407,2910,3340,2917,2292,2818,3061,0;2407,2910,3340,2917,2292,2818,3061,2946;100,96,100,100,100,100,100,34;OOOOOOOT;99;0;671;8
[RECV] BS2DCE notify: CD;1;3595;tag=1;local=0xb101;status=0x02806f02;rxf=0x0756c814;win=8165;pc=8;mask=0xff;resp=8;unexp=0;last_len=20;last_src=0xa107;last_dst=0xb101;last_code=0xe1
[RECV] BS2DCE notify: TR;3;3596;f;0;ff;ff;3105,2885,2575,2836,3339,2927,2375,2961;3105,2885,2575,2836,3339,2927,2375,2961;100,100,100,100,100,100,100,100;OOOOOOOO;100;0;15502;8
[RECV] BSDC91 notify: RXG;1;3584;tag=2;mask=0xff;pc=8;guard=1200;spacing=1000;win=8165;pre=1;slot_to_entry_us=0;slot_to_sched_us=0;slot_to_write_done_us=0;slot_to_txcmd_us=274;slot_to_txdone_us=610;txcmd_to_txdone_us=335;txdone_to_rxstart_us=61;txdone_to_rxend_us=183;rxenable_
[RECV] BSDC91 notify: CD;1;3584;tag=2;local=0xb102;status=0x00800f02;rxf=0x0796c814;win=8165;pc=8;mask=0xff;resp=7;unexp=0;last_len=20;last_src=0xa106;last_dst=0xb102;last_code=0xe1
[RECV] BSDC91 notify: TR;3;3585;f;0;ff;7f;2414,2989,3362,2801,2269,2924,3074,0;2414,2989,3362,2801,2269,2924,3074,2946;100,96,100,100,100,100,100,33;OOOOOOOT;99;0;44189;8
[RECV] BSDC91 notify: TR;3;3586;f;0;ff;ff;2493,3050,3354,2748,2299,3047,3176,2591;2493,3050,3354,2748,2299,3047,3176,2591;100,96,100,100,100,100,100,35;OOOOOOOO;91;0;671;8
[RECV] BS2DCE notify: TR;3;3597;f;0;ff;ff;3187,2833,2582,2925,3341,2858,2267,2488;3187,2833,2582,2925,3341,2858,2267,2488;100,100,100,100,100,100,100,100;OOOOOOOO;100;0;701;8
[RECV] BS2DCE notify: TR;3;3598;f;0;ff;ff;3249,2783,2560,2866,3342,2826,2249,2898;3249,2783,2560,2866,3342,2826,2249,2898;100,100,100,100,100,100,100,100;OOOOOOOO;100;0;701;8
[RECV] BS2DCE notify: TR;3;3599;f;0;ff;ff;3323,2736,2708,2961,3398,2774,2320,2907;3323,2736,2708,2961,3398,2774,2320,2907;100,100,100,100,100,100,100,100;OOOOOOOO;100;0;671;8
[RECV] BSDC91 notify: TR;3;3587;f;0;ff;7f;2581,3046,3340,2691,2297,2959,3252,0;2581,3046,3340,2691,2297,2959,3252,2591;100,96,100,100,100,100,100,34;OOOOOOOT;99;0;671;8
[RECV] BSDC91 notify: TR;3;3588;f;0;ff;7f;2793,3100,3369,2608,2222,3017,3218,0;2793,3100,3369,2608,2222,3017,3218,2591;100,96,100,100,100,100,100,33;OOOOOOOT;99;0;823;8
[RECV] BS2DCE notify: TR;3;3600;f;0;ff;ff;3369,2743,2575,3057,3409,2698,2351,2950;3369,2743,2575,3057,3409,2698,2351,2950;100,100,100,100,100,100,100,100;OOOOOOOO;100;0;671;8
[RECV] BSDC91 notify: TR;3;3589;f;0;ff;ff;2489,3085,3342,2572,2343,3054,3172,2416;2489,3085,3342,2572,2343,3054,3172,2416;100,96,100,100,100,100,100,35;OOOOOOOO;91;0;854;8
[RECV] BSDC91 notify: TR;3;3590;f;0;ff;ff;2423,3142,3453,2529,2347,2983,3156,2450;2423,3142,3453,2529,2347,2983,3156,2450;100,96,100,100,100,100,100,37;OOOOOOOO;91;0;701;8
[RECV] BS2DCE notify: TR;3;3601;f;0;ff;ff;3331,2692,2538,3025,4187,2639,2377,3033;3331,2692,2538,3025,4187,2639,2377,3033;100,100,100,100,100,100,100,100;OOOOOOOO;100;0;701;8
[RECV] BS2DCE notify: TR;3;3602;f;0;ff;ff;3345,2617,2497,2919,3633,2453,2257,3010;3345,2617,2497,2919,3633,2453,2257,3010;100,100,100,100,100,100,100,100;OOOOOOOO;100;0;701;8
[RECV] BSDC91 notify: TR;3;3591;f;0;ff;7f;2340,3174,3342,2547,2326,3129,3276,0;2340,3174,3342,2547,2326,3129,3276,2450;100,100,100,100,100,100,100,35;OOOOOOOT;100;0;732;8
[RECV] BSDC91 notify: TR;3;3592;f;0;ff;7f;2324,3266,3698,2339,2338,3116,3339,0;2324,3266,3698,2339,2338,3116,3339,2450;100,100,100,100,100,100,100,33;OOOOOOOT;100;0;671;8
[RECV] BS2DCE notify: TR;3;3603;f;0;ff;ff;3271,2613,2509,3108,3389,2587,2730,2773;3271,2613,2509,3108,3389,2587,2730,2773;100,100,100,100,100,100,100,100;OOOOOOOO;100;0;701;8
[RECV] BSDC91 notify: TR;3;3593;f;0;ff;7f;2349,3273,3463,2283,2355,3259,3263,0;2349,3273,3463,2283,2355,3259,3263,2450;100,100,100,100,100,100,100,31;OOOOOOOT;100;0;671;8
[RECV] BS2DCE notify: RXG;1;3603;tag=1;mask=0xff;pc=8;guard=1200;spacing=1000;win=8165;pre=1;slot_to_entry_us=0;slot_to_sched_us=0;slot_to_write_done_us=0;slot_to_txcmd_us=274;slot_to_txdone_us=610;txcmd_to_txdone_us=335;txdone_to_rxstart_us=61;txdone_to_rxend_us=183;rxenable_
[RECV] BS2DCE notify: TR;3;3604;f;0;ff;ff;3237,2572,2512,2951,3360,2505,2622,3112;3237,2572,2512,2951,3360,2505,2622,3112;100,100,100,100,100,100,100,100;OOOOOOOO;100;0;29846;8
[RECV] BSDC91 notify: TR;3;3594;f;0;ff;7f;2377,3245,3518,2312,2399,3219,3262,0;2377,3245,3518,2312,2399,3219,3262,2450;100,100,100,100,100,100,100,30;OOOOOOOT;100;0;823;8
[RECV] BS2DCE notify: TR;3;3605;f;0;ff;ff;3228,2588,2529,3096,3050,2405,2562,3081;3228,2588,2529,3096,3050,2405,2562,3081;100,100,100,100,100,100,100,100;OOOOOOOO;100;0;671;8
[RECV] BS2DCE notify: CD;1;3605;tag=1;local=0xb101;status=0x02806f02;rxf=0x0796c814;win=8165;pc=8;mask=0xff;resp=8;unexp=0;last_len=20;last_src=0xa107;last_dst=0xb101;last_code=0xe1
[RECV] BS2DCE notify: TR;3;3606;f;0;ff;ff;3398,2562,2567,3153,3351,2450,2599,3123;3398,2562,2567,3153,3351,2450,2599,3123;100,100,100,100,100,100,100,100;OOOOOOOO;100;0;15472;8
[RECV] BS2DCE notify: TR;3;3607;f;0;ff;ff;3272,2508,2626,3091,3266,2457,2629,3047;3272,2508,2626,3091,3266,2457,2629,3047;100,100,100,100,100,100,100,100;OOOOOOOO;100;0;701;8
[RECV] BSDC91 notify: RXG;1;3594;tag=2;mask=0xff;pc=8;guard=1200;spacing=1000;win=8165;pre=1;slot_to_entry_us=0;slot_to_sched_us=0;slot_to_write_done_us=0;slot_to_txcmd_us=366;slot_to_txdone_us=701;txcmd_to_txdone_us=335;txdone_to_rxstart_us=61;txdone_to_rxend_us=183;rxenable_
[RECV] BSDC91 notify: CD;1;3594;tag=2;local=0xb102;status=0x00800b02;rxf=0x07c6c814;win=8165;pc=8;mask=0xff;resp=7;unexp=0;last_len=20;last_src=0xa106;last_dst=0xb102;last_code=0xe1
[RECV] BSDC91 notify: TR;3;3595;f;0;ff;7f;2384,3273,3457,2292,2449,3357,3212,0;2384,3273,3457,2292,2449,3357,3212,2450;100,100,100,100,100,100,100,28;OOOOOOOT;100;0;44158;8
[RECV] BSDC91 notify: TR;3;3596;f;0;ff;7f;2408,3358,3526,2276,2452,3387,3088,0;2408,3358,3526,2276,2452,3387,3088,2450;100,100,100,100,100,100,100,27;OOOOOOOT;100;0;671;8
[RECV] BS2DCE notify: TR;3;3608;f;0;ff;ff;3218,2520,2696,3143,3183,2530,2638,3156;3218,2520,2696,3143,3183,2530,2638,3156;100,100,100,100,100,100,100,100;OOOOOOOO;100;0;701;8
[RECV] BSDC91 notify: TR;3;3597;f;0;ff;7f;2491,3299,3380,2251,2548,3453,3069,0;2491,3299,3380,2251,2548,3453,3069,2450;100,100,100,100,100,100,100,26;OOOOOOOT;100;0;793;8
[RECV] BSDC91 notify: TR;3;3598;f;0;ff;7f;2562,3452,3270,2409,2588,3382,3126,0;2562,3452,3270,2409,2588,3382,3126,2450;100,100,100,100,100,100,100,25;OOOOOOOT;100;0;671;8
[RECV] BS2DCE notify: TR;3;3609;f;0;ff;ff;3173,2629,2729,3175,3143,2348,2615,3171;3173,2629,2729,3175,3143,2348,2615,3171;100,100,100,100,100,100,100,100;OOOOOOOO;100;0;671;8
[RECV] BSDC91 notify: TR;3;3599;f;0;ff;7f;2545,3472,3119,2373,2696,3370,3092,0;2545,3472,3119,2373,2696,3370,3092,2450;100,100,100,100,100,100,100,24;OOOOOOOT;100;0;671;8
[RECV] BS2DCE notify: TR;3;3610;f;0;ff;ff;3180,2680,2691,3263,3094,2513,2622,3238;3180,2680,2691,3263,3094,2513,2622,3238;100,100,100,100,100,100,100,100;OOOOOOOO;100;0;671;8
[RECV] BSDC91 notify: TR;3;3600;f;0;ff;ff;2624,3453,3050,2312,2735,3398,3145,2164;2624,3453,3050,2312,2735,3398,3145,2164;100,100,100,100,100,100,100,26;OOOOOOOO;90;0;793;8
[RECV] BS2DCE notify: TR;3;3611;f;0;ff;ff;3127,2704,2773,3250,3016,2567,2694,3213;3127,2704,2773,3250,3016,2567,2694,3213;100,100,100,100,100,100,100,100;OOOOOOOO;100;0;671;8
[RECV] BSDC91 notify: TR;3;3601;f;0;ff;7f;2689,3721,3048,2267,2847,3341,3070,0;2689,3721,3048,2267,2847,3341,3070,2164;100,100,100,100,100,100,100,25;OOOOOOOT;100;0;671;8
[RECV] BS2DCE notify: TR;3;3612;f;0;ff;ff;3064,2475,2775,3141,2924,2528,2703,3248;3064,2475,2775,3141,2924,2528,2703,3248;100,100,100,100,100,100,100,100;OOOOOOOO;100;0;671;8
[RECV] BSDC91 notify: TR;3;3602;f;0;ff;7f;2713,3608,3013,2160,2957,3517,2994,0;2713,3608,3013,2160,2957,3517,2994,2164;100,100,100,100,100,100,100,25;OOOOOOOT;100;0;671;8
[RECV] BS2DCE notify: TR;3;3613;f;0;ff;ff;2957,2490,2814,3457,2853,2661,2657,3276;2957,2490,2814,3457,2853,2661,2657,3276;100,100,100,100,100,100,100,100;OOOOOOOO;100;0;671;8
[RECV] BSDC91 notify: TR;3;3603;f;0;ff;7f;3526,3379,2938,2210,2903,3456,2881,0;3526,3379,2938,2210,2903,3456,2881,2164;100,100,100,100,100,100,100,24;OOOOOOOT;100;0;793;8
[RECV] BSDC91 notify: TR;3;3604;f;0;ff;ff;3691,3504,2887,2178,2987,3365,2887,2330;3691,3504,2887,2178,2987,3365,2887,2330;100,100,100,100,100,100,100,26;OOOOOOOO;90;0;701;8
[RECV] BS2DCE notify: RXG;1;3613;tag=1;mask=0xff;pc=8;guard=1200;spacing=1000;win=8165;pre=1;slot_to_entry_us=0;slot_to_sched_us=0;slot_to_write_done_us=0;slot_to_txcmd_us=274;slot_to_txdone_us=610;txcmd_to_txdone_us=335;txdone_to_rxstart_us=61;txdone_to_rxend_us=183;rxenable_
[RECV] BS2DCE notify: TR;3;3614;f;0;ff;ff;2903,2489,2888,2966,3107,2585,2649,3239;2903,2489,2888,2966,3107,2585,2649,3239;100,100,100,100,100,100,100,100;OOOOOOOO;100;0;29846;8
[RECV] BS2DCE notify: TR;3;3615;f;0;ff;ff;2908,2538,2964,3388,3026,2587,2722,3231;2908,2538,2964,3388,3026,2587,2722,3231;100,100,100,100,100,100,100,100;OOOOOOOO;100;0;701;8
[RECV] BSDC91 notify: RXG;1;3604;tag=2;mask=0xff;pc=8;guard=1200;spacing=1000;win=8165;pre=1;slot_to_entry_us=0;slot_to_sched_us=0;slot_to_write_done_us=0;slot_to_txcmd_us=274;slot_to_txdone_us=610;txcmd_to_txdone_us=335;txdone_to_rxstart_us=61;txdone_to_rxend_us=183;rxenable_
[RECV] BSDC91 notify: CD;1;3604;tag=2;local=0xb102;status=0x00800b02;rxf=0x0786c814;win=8165;pc=8;mask=0xff;resp=7;unexp=0;last_len=20;last_src=0xa106;last_dst=0xb102;last_code=0xe1
[RECV] BSDC91 notify: TR;3;3605;f;0;ff;7f;3722,3550,2801,2153,2986,3301,2896,0;3722,3550,2801,2153,2986,3301,2896,2330;100,100,100,100,100,100,100,25;OOOOOOOT;100;0;44128;8
[RECV] BSDC91 notify: TR;3;3606;f;0;ff;ff;3256,3496,2744,2278,2912,3348,2701,2466;3256,3496,2744,2278,2912,3348,2701,2466;100,100,100,100,100,100,100,28;OOOOOOOO;91;0;854;8
[RECV] BS2DCE notify: CD;1;3615;tag=1;local=0xb101;status=0x02806f02;rxf=0x07a6c814;win=8165;pc=8;mask=0xff;resp=8;unexp=0;last_len=20;last_src=0xa107;last_dst=0xb101;last_code=0xe1
[RECV] BS2DCE notify: TR;3;3616;f;0;ff;ff;2830,2597,2973,3401,2845,2554,2754,3136;2830,2597,2973,3401,2845,2554,2754,3136;100,100,100,100,100,100,100,100;OOOOOOOO;100;0;15441;8
[RECV] BS2DCE notify: TR;3;3617;f;0;ff;ff;2757,2646,3034,3350,2679,2628,2835,3159;2757,2646,3034,3350,2679,2628,2835,3159;100,100,100,100,100,100,100,100;OOOOOOOO;100;0;671;8
[RECV] BSDC91 notify: TR;3;3607;f;0;ff;7f;3208,3137,2700,2382,3016,3354,2616,0;3208,3137,2700,2382,3016,3354,2616,2466;100,100,100,100,100,100,100,29;OOOOOOOT;100;0;671;8
[RECV] BS2DCE notify: TR;3;3618;f;0;ff;ff;2757,2657,3195,3270,2665,2596,2802,2677;2757,2657,3195,3270,2665,2596,2802,2677;100,100,100,100,100,100,100,100;OOOOOOOO;100;0;701;8
[RECV] BSDC91 notify: TR;3;3608;f;0;ff;7f;3130,3217,2569,2428,3051,3296,2523,0;3130,3217,2569,2428,3051,3296,2523,2466;100,100,100,100,100,100,100,27;OOOOOOOT;100;0;671;8
[RECV] BS2DCE notify: TR;3;3619;f;0;ff;ff;2730,2655,3221,3083,2625,2655,2861,3084;2730,2655,3221,3083,2625,2655,2861,3084;100,100,100,100,100,100,100,100;OOOOOOOO;100;0;701;8
[RECV] BS2DCE notify: TR;3;3620;f;0;ff;ff;2736,2702,3246,3058,2559,2734,2888,3046;2736,2702,3246,3058,2559,2734,2888,3046;100,100,100,100,100,100,100,100;OOOOOOOO;100;0;701;8
[RECV] BSDC91 notify: TR;3;3609;f;0;ff;7f;3195,3195,2548,2631,3014,3572,2458,0;3195,3195,2548,2631,3014,3572,2458,2466;100,100,100,100,100,100,100,26;OOOOOOOT;100;0;732;8
[RECV] BSDC91 notify: TR;3;3610;f;0;ff;ff;3169,3121,2588,2565,3193,3282,2397,2530;3169,3121,2588,2565,3193,3282,2397,2530;100,100,100,100,100,100,100,30;OOOOOOOO;91;0;701;8
[RECV] BS2DCE notify: TR;3;3621;f;0;ff;ff;2690,2779,3203,3081,2548,2740,3007,3094;2690,2779,3203,3081,2548,2740,3007,3094;100,100,100,100,100,100,100,100;OOOOOOOO;100;0;701;8
[RECV] BSDC91 notify: TR;3;3611;f;0;ff;7f;3181,3099,2582,2635,3226,3162,2395,0;3181,3099,2582,2635,3226,3162,2395,2530;100,100,100,100,100,100,100,28;OOOOOOOT;100;0;671;8
[RECV] BS2DCE notify: TR;3;3622;f;0;ff;ff;2596,2810,3198,2930,2514,2653,3040,2614;2596,2810,3198,2930,2514,2653,3040,2614;100,100,100,100,100,100,100,100;OOOOOOOO;100;0;701;8
[RECV] BSDC91 notify: TR;3;3612;f;0;ff;7f;3214,3018,2543,2639,3273,3115,2356,0;3214,3018,2543,2639,3273,3115,2356,2530;100,100,100,100,100,100,100,27;OOOOOOOT;100;0;732;8
[RECV] BS2DCE notify: TR;3;3623;f;0;ff;ff;2590,2850,3204,2830,2479,2692,3013,2951;2590,2850,3204,2830,2479,2692,3013,2951;100,100,100,100,100,100,100,100;OOOOOOOO;100;0;671;8
[RECV] BSDC91 notify: TR;3;3613;f;0;ff;7f;3212,2945,2470,2674,3248,2981,2193,0;3212,2945,2470,2674,3248,2981,2193,2530;100,100,100,100,100,100,100,26;OOOOOOOT;100;0;671;8
[RECV] BSDC91 notify: TR;3;3614;f;0;ff;7f;3240,2867,2511,2860,3291,2942,2205,0;3240,2867,2511,2860,3291,2942,2205,2530;100,100,100,100,100,100,100,25;OOOOOOOT;100;0;671;8
[RECV] BS2DCE notify: RXG;1;3623;tag=1;mask=0xff;pc=8;guard=1200;spacing=1000;win=8165;pre=1;slot_to_entry_us=0;slot_to_sched_us=0;slot_to_write_done_us=0;slot_to_txcmd_us=274;slot_to_txdone_us=610;txcmd_to_txdone_us=335;txdone_to_rxstart_us=61;txdone_to_rxend_us=244;rxenable_
[RECV] BS2DCE notify: TR;3;3624;f;0;ff;ff;2540,2914,3199,2862,2408,2885,3006,2898;2540,2914,3199,2862,2408,2885,3006,2898;100,100,100,100,100,100,100,100;OOOOOOOO;100;0;29907;8
[RECV] BS2DCE notify: TR;3;3625;f;0;ff;ff;2561,3078,3289,2833,2368,2803,3094,2856;2561,3078,3289,2833,2368,2803,3094,2856;100,100,100,100,100,100,100,100;OOOOOOOO;100;0;701;8
[RECV] BS2DCE notify: CD;1;3625;tag=1;local=0xb101;status=0x02806f02;rxf=0x07c6c814;win=8165;pc=8;mask=0xff;resp=8;unexp=0;last_len=20;last_src=0xa107;last_dst=0xb101;last_code=0xe1
[RECV] BS2DCE notify: TR;3;3626;f;0;ff;ff;2584,3077,3248,2780,2402,2882,3190,2784;2584,3077,3248,2780,2402,2882,3190,2784;100,100,100,100,100,100,100,100;OOOOOOOO;100;0;15655;8
[RECV] BSDC91 notify: RXG;1;3614;tag=2;mask=0xff;pc=8;guard=1200;spacing=1000;win=8165;pre=1;slot_to_entry_us=0;slot_to_sched_us=0;slot_to_write_done_us=0;slot_to_txcmd_us=274;slot_to_txdone_us=610;txcmd_to_txdone_us=335;txdone_to_rxstart_us=61;txdone_to_rxend_us=183;rxenable_
[RECV] BSDC91 notify: CD;1;3614;tag=2;local=0xb102;status=0x00800f02;rxf=0x0766c814;win=8165;pc=8;mask=0xff;resp=7;unexp=0;last_len=20;last_src=0xa106;last_dst=0xb102;last_code=0xe1
[RECV] BSDC91 notify: TR;3;3615;f;0;ff;7f;3251,2810,2449,2697,3420,2905,2131,0;3251,2810,2449,2697,3420,2905,2131,2530;100,100,100,100,100,100,100,24;OOOOOOOT;100;0;44189;8
[RECV] BSDC91 notify: TR;3;3616;f;0;ff;ff;3266,2786,2409,2681,3727,2846,2223,2957;3266,2786,2409,2681,3727,2846,2223,2957;100,100,100,100,100,100,100,26;OOOOOOOO;90;0;671;8
[RECV] BS2DCE notify: TR;3;3627;f;0;ff;ff;2557,3129,3291,2811,2443,2968,3067,2295;2557,3129,3291,2811,2443,2968,3067,2295;100,100,100,100,100,100,100,100;OOOOOOOO;100;0;701;8
[RECV] BSDC91 notify: TR;3;3617;f;0;ff;7f;3282,2719,2387,2809,3601,2744,2124,0;3282,2719,2387,2809,3601,2744,2124,2957;100,100,100,100,100,100,100,25;OOOOOOOT;100;0;671;8
[RECV] BS2DCE notify: TR;3;3628;f;0;ff;5f;3102,3146,3374,2705,2436,0,3065,0;3102,3146,3374,2705,2436,2968,3065,2295;100,100,100,100,100,96,100,96;OOOOOTOT;100;0;671;8
[RECV] BSDC91 notify: TR;3;3618;f;0;ff;7f;3344,2730,2345,2937,3746,2726,2107,0;3344,2730,2345,2937,3746,2726,2107,2957;100,100,100,100,100,100,100,25;OOOOOOOT;100;0;732;8
[RECV] BS2DCE notify: TR;3;3629;f;0;ff;ff;2699,3123,3388,2634,2457,2919,3078,2637;2699,3123,3388,2634,2457,2919,3078,2637;100,100,100,100,100,96,100,96;OOOOOOOO;99;0;671;8
[RECV] BSDC91 notify: TR;3;3619;f;0;ff;7f;3374,2700,2265,3241,3847,2619,2141,0;3374,2700,2265,3241,3847,2619,2141,2957;100,100,100,100,100,100,100,24;OOOOOOOT;100;0;671;8
[RECV] BS2DCE notify: TR;3;3630;f;0;ff;ff;2570,3181,3363,2577,2481,3008,3107,2577;2570,3181,3363,2577,2481,3008,3107,2577;100,100,100,100,100,96,100,96;OOOOOOOO;99;0;701;8
[RECV] BSDC91 notify: TR;3;3620;f;0;ff;7f;3382,2589,2295,3312,3447,2516,2302,0;3382,2589,2295,3312,3447,2516,2302,2957;100,100,100,100,100,100,100,23;OOOOOOOT;100;0;671;8
[RECV] BS2DCE notify: TR;3;3631;f;0;ff;ff;2511,3101,3446,2523,2590,3047,3171,2486;2511,3101,3446,2523,2590,3047,3171,2486;100,100,100,100,100,96,100,96;OOOOOOOO;99;0;671;8
[RECV] BSDC91 notify: TR;3;3621;f;0;ff;7f;3420,2610,2293,3259,3501,2451,2149,0;3420,2610,2293,3259,3501,2451,2149,2957;100,100,100,100,100,100,100,22;OOOOOOOT;100;0;732;8
[RECV] BS2DCE notify: TR;3;3632;f;0;ff;ff;2465,3176,3427,2568,2562,3090,3243,2478;2465,3176,3427,2568,2562,3090,3243,2478;100,100,100,100,100,100,100,100;OOOOOOOO;100;0;671;8
[RECV] BSDC91 notify: TR;3;3622;f;0;ff;ff;3384,2524,2289,3233,3470,2532,2558,3199;3384,2524,2289,3233,3470,2532,2558,3199;100,100,100,100,100,100,100,25;OOOOOOOO;90;0;671;8
[RECV] BS2DCE notify: TR;3;3633;f;0;ff;ff;2537,3169,3315,2451,2582,3149,3168,2466;2537,3169,3315,2451,2582,3149,3168,2466;100,100,100,100,100,100,100,100;OOOOOOOO;100;0;701;8
[RECV] BSDC91 notify: TR;3;3623;f;0;ff;ff;3356,2430,2312,3197,3418,2430,2394,3202;3356,2430,2312,3197,3418,2430,2394,3202;100,100,100,100,100,100,100,29;OOOOOOOO;91;0;671;8
[RECV] BS2DCE notify: RXG;1;3633;tag=1;mask=0xff;pc=8;guard=1200;spacing=1000;win=8165;pre=1;slot_to_entry_us=0;slot_to_sched_us=0;slot_to_write_done_us=0;slot_to_txcmd_us=274;slot_to_txdone_us=610;txcmd_to_txdone_us=335;txdone_to_rxstart_us=91;txdone_to_rxend_us=213;rxenable_
[RECV] BS2DCE notify: TR;3;3634;f;0;ff;ff;2478,3116,3317,2472,2621,3222,3127,2480;2478,3116,3317,2472,2621,3222,3127,2480;100,100,100,100,100,100,100,100;OOOOOOOO;100;0;29815;8
[RECV] BSDC91 notify: TR;3;3624;f;0;ff;7f;3321,2413,2312,3158,3367,2375,2354,0;3321,2413,2312,3158,3367,2375,2354,3202;100,100,100,100,100,100,100,27;OOOOOOOT;100;0;732;8
[RECV] BS2DCE notify: TR;3;3635;f;0;ff;ff;2535,3187,3308,2354,2652,3277,3085,2395;2535,3187,3308,2354,2652,3277,3085,2395;100,100,100,100,100,100,100,100;OOOOOOOO;100;0;671;8
[RECV] BS2DCE notify: CD;1;3635;tag=1;local=0xb101;status=0x02806f02;rxf=0x07c6c814;win=8165;pc=8;mask=0xff;resp=8;unexp=0;last_len=20;last_src=0xa107;last_dst=0xb101;last_code=0xe1
[RECV] BS2DCE notify: TR;3;3636;f;0;ff;ff;2589,3281,3341,2337,2612,3242,3067,2378;2589,3281,3341,2337,2612,3242,3067,2378;100,100,100,100,100,100,100,100;OOOOOOOO;100;0;15533;8
[RECV] BSDC91 notify: RXG;1;3624;tag=2;mask=0xff;pc=8;guard=1200;spacing=1000;win=8165;pre=1;slot_to_entry_us=0;slot_to_sched_us=0;slot_to_write_done_us=0;slot_to_txcmd_us=366;slot_to_txdone_us=701;txcmd_to_txdone_us=335;txdone_to_rxstart_us=61;txdone_to_rxend_us=183;rxenable_
[RECV] BSDC91 notify: CD;1;3624;tag=2;local=0xb102;status=0x00800b02;rxf=0x07a6c814;win=8165;pc=8;mask=0xff;resp=7;unexp=0;last_len=20;last_src=0xa106;last_dst=0xb102;last_code=0xe1
[RECV] BSDC91 notify: TR;3;3625;f;0;ff;7f;3354,2395,2406,3117,3278,2282,2393,0;3354,2395,2406,3117,3278,2282,2393,3202;100,100,100,100,100,100,100,26;OOOOOOOT;100;0;44219;8
[RECV] BSDC91 notify: TR;3;3626;f;0;ff;7f;3373,2327,2460,3206,3387,2292,2455,0;3373,2327,2460,3206,3387,2292,2455,3202;100,100,100,100,100,100,100,25;OOOOOOOT;100;0;671;8
[RECV] BS2DCE notify: TR;3;3637;f;0;ff;ff;2603,3130,3455,2460,2641,3240,3011,2391;2603,3130,3455,2460,2641,3240,3011,2391;100,100,100,100,100,100,100,100;OOOOOOOO;100;0;671;8
[RECV] BSDC91 notify: TR;3;3627;f;0;ff;7f;3414,2374,2413,3153,3280,2278,2377,0;3414,2374,2413,3153,3280,2278,2377,3202;100,100,100,100,100,100,100,23;OOOOOOOT;100;0;732;8
[RECV] BS2DCE notify: TR;3;3638;f;0;ff;ff;2648,3270,3277,2366,2674,3269,3035,2373;2648,3270,3277,2366,2674,3269,3035,2373;100,100,100,100,100,100,100,100;OOOOOOOO;100;0;701;8
[RECV] BSDC91 notify: TR;3;3628;f;0;ff;ff;3286,2421,2478,3218,3161,2272,2493,3214;3286,2421,2478,3218,3161,2272,2493,3214;100,100,100,100,100,100,100,27;OOOOOOOO;90;0;671;8
[RECV] BS2DCE notify: TR;3;3639;f;0;ff;ff;2703,3411,3237,2495,2823,3255,3036,2436;2703,3411,3237,2495,2823,3255,3036,2436;100,100,100,100,100,100,100,100;OOOOOOOO;100;0;701;8
[RECV] BSDC91 notify: TR;3;3629;f;0;ff;7f;3251,2453,2499,3283,3112,2251,2502,0;3251,2453,2499,3283,3112,2251,2502,3214;100,100,100,100,100,100,100,26;OOOOOOOT;100;0;671;8
[RECV] BS2DCE notify: TR;3;3640;f;0;ff;ff;2741,3472,3179,2564,2784,3410,3090,2443;2741,3472,3179,2564,2784,3410,3090,2443;100,100,100,100,100,100,100,100;OOOOOOOO;100;0;701;8
[RECV] BSDC91 notify: TR;3;3630;f;0;ff;7f;3170,2571,2580,3291,3094,2348,2539,0;3170,2571,2580,3291,3094,2348,2539,3214;100,100,100,100,100,100,100,25;OOOOOOOT;100;0;732;8
[RECV] BS2DCE notify: TR;3;3641;f;0;ff;ff;2729,3419,3063,2415,2802,3465,2949,2503;2729,3419,3063,2415,2802,3465,2949,2503;100,100,100,100,100,100,100,100;OOOOOOOO;100;0;701;8
[RECV] BSDC91 notify: TR;3;3631;f;0;ff;7f;3185,2401,2701,3409,3123,2404,2604,0;3185,2401,2701,3409,3123,2404,2604,3214;100,100,100,100,100,100,100,24;OOOOOOOT;100;0;671;8
[RECV] BS2DCE notify: TR;3;3642;f;0;ff;7f;2960,3380,2971,2382,2835,3399,2945,0;2960,3380,2971,2382,2835,3399,2945,2503;100,100,100,100,100,100,100,96;OOOOOOOT;100;0;671;8
[RECV] BSDC91 notify: TR;3;3632;f;0;ff;7f;3001,2406,2681,3382,3240,2897,2624,0;3001,2406,2681,3382,3240,2897,2624,3214;100,100,100,100,100,100,100,23;OOOOOOOT;100;0;671;8
[RECV] BS2DCE notify: TR;3;3643;f;0;ff;ff;3159,3431,2936,2302,2860,3497,2864,2529;3159,3431,2936,2302,2860,3497,2864,2529;100,100,100,100,100,100,100,96;OOOOOOOO;99;0;701;8
[RECV] BSDC91 notify: TR;3;3633;f;0;ff;7f;3058,2395,2823,3251,3154,2402,2595,0;3058,2395,2823,3251,3154,2402,2595,3214;100,100,100,100,100,100,100,22;OOOOOOOT;100;0;732;8
[RECV] BS2DCE notify: RXG;1;3643;tag=1;mask=0xff;pc=8;guard=1200;spacing=1000;win=8165;pre=1;slot_to_entry_us=0;slot_to_sched_us=0;slot_to_write_done_us=0;slot_to_txcmd_us=274;slot_to_txdone_us=610;txcmd_to_txdone_us=335;txdone_to_rxstart_us=61;txdone_to_rxend_us=183;rxenable_
[RECV] BSDC91 notify: TR;3;3634;f;0;ff;7f;2899,2365,2825,3359,2966,2423,2679,0;2899,2365,2825,3359,2966,2423,2679,3214;100,100,100,100,100,100,100,21;OOOOOOOT;100;0;671;8
[RECV] BS2DCE notify: TR;3;3644;f;0;ff;ff;3258,3405,2874,2347,2939,3342,2898,2603;3258,3405,2874,2347,2939,3342,2898,2603;100,100,100,100,100,100,100,96;OOOOOOOO;99;0;29907;8
[RECV] BS2DCE notify: TR;3;3645;f;0;ff;df;3181,3291,2902,2471,2987,0,2855,2527;3181,3291,2902,2471,2987,3342,2855,2527;100,100,100,100,100,96,100,96;OOOOOTOO;99;0;671;8
[RECV] BS2DCE notify: CD;1;3645;tag=1;local=0xb101;status=0x02806f02;rxf=0x07a6c814;win=8165;pc=8;mask=0xff;resp=8;unexp=0;last_len=20;last_src=0xa107;last_dst=0xb101;last_code=0xe1
[RECV] BS2DCE notify: TR;3;3646;f;0;ff;ff;3009,3391,2885,2449,2908,3216,2793,2576;3009,3391,2885,2449,2908,3216,2793,2576;100,100,100,100,100,96,100,96;OOOOOOOO;99;0;15441;8
[RECV] BS2DCE notify: TR;3;3647;f;0;ff;ff;2991,3368,2767,2570,2897,3204,2726,2537;2991,3368,2767,2570,2897,3204,2726,2537;100,100,100,100,100,96,100,96;OOOOOOOO;99;0;701;8
[RECV] BS2DCE notify: TR;3;3648;f;0;ff;7f;3132,3146,2789,2607,2955,3299,2669,0;3132,3146,2789,2607,2955,3299,2669,2537;100,100,100,100,100,100,100,94;OOOOOOOT;100;0;671;8
[RECV] BS2DCE notify: TR;3;3649;f;0;ff;ff;3003,3151,2774,2591,3024,3326,2621,2601;3003,3151,2774,2591,3024,3326,2621,2601;100,100,100,100,100,100,100,94;OOOOOOOO;99;0;701;8
[RECV] BS2DCE notify: TR;3;3650;f;0;ff;ff;3099,3134,2699,2746,3046,3156,2547,2659;3099,3134,2699,2746,3046,3156,2547,2659;100,100,100,100,100,100,100,94;OOOOOOOO;99;0;671;8
[RECV] BSDC91 notify: RXG;1;3634;tag=2;mask=0xff;pc=8;guard=1200;spacing=1000;win=8165;pre=1;slot_to_entry_us=0;slot_to_sched_us=0;slot_to_write_done_us=0;slot_to_txcmd_us=274;slot_to_txdone_us=610;txcmd_to_txdone_us=335;txdone_to_rxstart_us=61;txdone_to_rxend_us=183;rxenable_
[RECV] BSDC91 notify: CD;1;3634;tag=2;local=0xb102;status=0x00800b02;rxf=0x07b6c814;win=8165;pc=8;mask=0xff;resp=7;unexp=0;last_len=20;last_src=0xa106;last_dst=0xb102;last_code=0xe1
[RECV] BS2DCE notify: TR;3;3651;f;0;ff;ff;3133,3027,2686,2769,3199,3217,2501,2619;3133,3027,2686,2769,3199,3217,2501,2619;100,100,100,100,100,100,100,95;OOOOOOOO;99;0;671;8
[RECV] BSDC91 notify: TR;3;3635;f;0;ff;7f;2898,2403,2891,3340,2906,2358,2783,0;2898,2403,2891,3340,2906,2358,2783,3214;100,100,100,100,100,100,100,20;OOOOOOOT;100;0;44189;8
[RECV] BSDC91 notify: TR;3;3636;f;0;ff;7f;2803,2425,2923,3257,2782,2444,2769,0;2803,2425,2923,3257,2782,2444,2769,3214;100,100,100,100,100,100,100,20;OOOOOOOT;100;0;732;8
[RECV] BSDC91 notify: TR;3;3637;f;0;ff;ff;2759,2446,2988,3217,2724,2522,2813,3116;2759,2446,2988,3217,2724,2522,2813,3116;100,100,100,100,100,100,100,22;OOOOOOOO;90;0;701;8
[RECV] BS2DCE notify: TR;3;3652;f;0;ff;ff;3122,3045,2618,2680,3255,3119,2457,2708;3122,3045,2618,2680,3255,3119,2457,2708;100,100,100,100,100,100,100,95;OOOOOOOO;99;0;701;8
[RECV] BSDC91 notify: TR;3;3638;f;0;ff;7f;2649,2490,3042,3247,2654,2565,2837,0;2649,2490,3042,3247,2654,2565,2837,3116;100,100,100,100,100,100,100,21;OOOOOOOT;100;0;671;8
[RECV] BSDC91 notify: TR;3;3639;f;0;ff;7f;2635,2616,3119,3099,2526,2553,2886,0;2635,2616,3119,3099,2526,2553,2886,3116;100,100,100,100,100,100,100,23;OOOOOOOT;100;0;732;8
[RECV] BSDC91 notify: TR;3;3640;f;0;ff;7f;2630,2582,3078,3168,2446,2590,2859,0;2630,2582,3078,3168,2446,2590,2859,3116;100,100,100,100,100,100,100,22;OOOOOOOT;100;0;671;8
[RECV] BS2DCE notify: TR;3;3653;f;0;ff;ff;3110,2965,2634,2990,3164,3057,2387,2677;3110,2965,2634,2990,3164,3057,2387,2677;100,100,100,100,100,100,100,95;OOOOOOOO;99;0;701;8
[RECV] BS2DCE notify: RXG;1;3653;tag=1;mask=0xff;pc=8;guard=1200;spacing=1000;win=8165;pre=1;slot_to_entry_us=0;slot_to_sched_us=0;slot_to_write_done_us=0;slot_to_txcmd_us=274;slot_to_txdone_us=610;txcmd_to_txdone_us=335;txdone_to_rxstart_us=61;txdone_to_rxend_us=183;rxenable_
[RECV] BS2DCE notify: TR;3;3654;f;0;ff;7f;3159,3010,2626,3071,3208,3029,2328,0;3159,3010,2626,3071,3208,3029,2328,2677;100,100,100,100,100,100,100,91;OOOOOOOT;100;0;29907;8
[RECV] BSDC91 notify: TR;3;3641;f;0;ff;7f;2632,2693,3304,2992,2495,2701,3002,0;2632,2693,3304,2992,2495,2701,3002,3116;100,100,100,100,100,100,100,21;OOOOOOOT;100;0;671;8
[RECV] BSDC91 notify: TR;3;3642;f;0;ff;ff;2608,2690,3396,3046,2346,2696,2998,2934;2608,2690,3396,3046,2346,2696,2998,2934;100,100,100,100,100,100,100,25;OOOOOOOO;90;0;854;8
[RECV] BSDC91 notify: TR;3;3643;f;0;ff;7f;2557,2795,3433,3142,2364,2670,3026,0;2557,2795,3433,3142,2364,2670,3026,2934;100,100,100,100,100,100,100,23;OOOOOOOT;100;0;671;8
[RECV] BSDC91 notify: TR;3;3644;f;0;ff;7f;2443,2868,3332,2893,2285,2767,3070,0;2443,2868,3332,2893,2285,2767,3070,2934;100,100,100,100,100,100,100,22;OOOOOOOT;100;0;671;8
[RECV] BS2DCE notify: TR;3;3655;f;0;ff;ff;3109,3023,2588,2739,3103,3046,2347,2821;3109,3023,2588,2739,3103,3046,2347,2821;100,100,100,100,100,100,100,91;OOOOOOOO;98;0;671;8
[RECV] BSDC91 notify: RXG;1;3644;tag=2;mask=0xff;pc=8;guard=1200;spacing=1000;win=8165;pre=1;slot_to_entry_us=0;slot_to_sched_us=0;slot_to_write_done_us=0;slot_to_txcmd_us=274;slot_to_txdone_us=610;txcmd_to_txdone_us=335;txdone_to_rxstart_us=61;txdone_to_rxend_us=183;rxenable_
[RECV] BS2DCE notify: CD;1;3655;tag=1;local=0xb101;status=0x02806f02;rxf=0x0756c814;win=8165;pc=8;mask=0xff;resp=8;unexp=0;last_len=20;last_src=0xa107;last_dst=0xb101;last_code=0xe1
[RECV] BS2DCE notify: TR;3;3656;f;0;ff;ff;3126,2889,2631,3277,3330,3050,2345,2819;3126,2889,2631,3277,3330,3050,2345,2819;100,100,100,100,100,100,100,92;OOOOOOOO;99;0;15625;8
[RECV] BSDC91 notify: CD;1;3644;tag=2;local=0xb102;status=0x00800f02;rxf=0x0766c814;win=8165;pc=8;mask=0xff;resp=7;unexp=0;last_len=20;last_src=0xa106;last_dst=0xb102;last_code=0xe1
[RECV] BS2DCE notify: TR;3;3657;f;0;ff;7f;3179,2880,2597,3068,3463,2901,2308,0;3179,2880,2597,3068,3463,2901,2308,2819;100,100,100,100,100,100,100,88;OOOOOOOT;100;0;671;8
[RECV] BSDC91 notify: TR;3;3645;f;0;ff;7f;2385,2964,3338,2843,2248,2919,3208,0;2385,2964,3338,2843,2248,2919,3208,2934;100,100,100,100,100,100,100,21;OOOOOOOT;100;0;44281;8
[RECV] BS2DCE notify: TR;3;3658;f;0;ff;ff;3193,2798,2580,2993,3369,2807,2307,2886;3193,2798,2580,2993,3369,2807,2307,2886;100,100,100,100,100,100,100,88;OOOOOOOO;98;0;701;8
[RECV] BSDC91 notify: TR;3;3646;f;0;ff;fd;2532,0,3443,2754,2247,3031,3165,2758;2532,2964,3443,2754,2247,3031,3165,2758;100,95,100,100,100,100,100,25;OTOOOOOO;89;0;671;8
[RECV] BS2DCE notify: TR;3;3659;f;0;ff;ff;3302,2739,2662,2918,3335,2756,2317,2950;3302,2739,2662,2918,3335,2756,2317,2950;100,100,100,100,100,100,100,89;OOOOOOOO;98;0;701;8
[RECV] BSDC91 notify: TR;3;3647;f;0;ff;7f;2586,3059,3425,2747,2304,2951,3163,0;2586,3059,3425,2747,2304,2951,3163,2758;100,96,100,100,100,100,100,24;OOOOOOOT;99;0;671;8
[RECV] BSDC91 notify: TR;3;3648;f;0;ff;7f;2730,3054,3377,2690,2245,3041,3259,0;2730,3054,3377,2690,2245,3041,3259,2758;100,96,100,100,100,100,100,23;OOOOOOOT;99;0;671;8
[RECV] BSDC91 notify: TR;3;3649;f;0;ff;7f;2481,3088,3362,2544,2503,3036,3140,0;2481,3088,3362,2544,2503,3036,3140,2758;100,96,100,100,100,100,100,22;OOOOOOOT;99;0;671;8
[RECV] BS2DCE notify: TR;3;3660;f;0;ff;7f;3385,2710,2631,3021,3386,2652,2330,0;3385,2710,2631,3021,3386,2652,2330,2950;100,100,100,100,100,100,100,86;OOOOOOOT;100;0;671;8
[RECV] BSDC91 notify: TR;3;3650;f;0;ff;7f;2462,3133,3393,2595,2374,3091,3224,0;2462,3133,3393,2595,2374,3091,3224,2758;100,96,100,100,100,100,100,21;OOOOOOOT;99;0;671;8
[RECV] BS2DCE notify: TR;3;3661;f;0;ff;ff;3396,2648,2530,3100,3758,2627,2324,2977;3396,2648,2530,3100,3758,2627,2324,2977;100,100,100,100,100,100,100,86;OOOOOOOO;98;0;671;8
[RECV] BSDC91 notify: TR;3;3651;f;0;ff;7f;2340,3190,3288,2547,2302,3127,3239,0;2340,3190,3288,2547,2302,3127,3239,2758;100,96,100,100,100,100,100,20;OOOOOOOT;99;0;671;8
[RECV] BSDC91 notify: TR;3;3652;f;0;ff;ff;2346,3215,3779,2316,2345,3134,3314,2412;2346,3215,3779,2316,2345,3134,3314,2412;100,96,100,100,100,100,100,23;OOOOOOOO;89;0;701;8
[RECV] BS2DCE notify: TR;3;3662;f;0;ff;ff;3323,2607,2491,3015,3591,2512,2326,2944;3323,2607,2491,3015,3591,2512,2326,2944;100,100,100,100,100,100,100,87;OOOOOOOO;98;0;671;8
[RECV] BS2DCE notify: TR;3;3663;f;0;ff;7f;3291,2583,2460,3006,3426,2554,2796,0;3291,2583,2460,3006,3426,2554,2796,2944;100,100,100,100,100,100,100,84;OOOOOOOT;100;0;671;8
[RECV] BSDC91 notify: TR;3;3653;f;0;ff;7f;2273,3221,3474,2350,2415,3182,3237,0;2273,3221,3474,2350,2415,3182,3237,2412;100,96,100,100,100,100,100,22;OOOOOOOT;99;0;671;8
[RECV] BS2DCE notify: RXG;1;3663;tag=1;mask=0xff;pc=8;guard=1200;spacing=1000;win=8165;pre=1;slot_to_entry_us=0;slot_to_sched_us=0;slot_to_write_done_us=0;slot_to_txcmd_us=274;slot_to_txdone_us=610;txcmd_to_txdone_us=335;txdone_to_rxstart_us=91;txdone_to_rxend_us=213;rxenable_
[RECV] BS2DCE notify: TR;3;3664;f;0;ff;df;3271,2574,2550,3118,3482,0,2597,3003;3271,2574,2550,3118,3482,2554,2597,3003;100,100,100,100,100,94,100,88;OOOOOTOO;98;0;29876;8
[RECV] BS2DCE notify: TR;3;3665;f;0;ff;ff;3285,2573,2522,3111,3275,2442,2576,3089;3285,2573,2522,3111,3275,2442,2576,3089;100,100,100,100,100,94,100,88;OOOOOOOO;97;0;671;8
[RECV] BSDC91 notify: TR;3;3654;f;0;ff;7f;2299,3210,3488,2385,2379,3222,3293,0;2299,3210,3488,2385,2379,3222,3293,2412;100,96,100,100,100,100,100,21;OOOOOOOT;99;0;671;8
[RECV] BSDC91 notify: RXG;1;3654;tag=2;mask=0xff;pc=8;guard=1200;spacing=1000;win=8165;pre=1;slot_to_entry_us=0;slot_to_sched_us=0;slot_to_write_done_us=0;slot_to_txcmd_us=335;slot_to_txdone_us=701;txcmd_to_txdone_us=366;txdone_to_rxstart_us=61;txdone_to_rxend_us=183;rxenable_
[RECV] BS2DCE notify: CD;1;3665;tag=1;local=0xb101;status=0x02800b02;rxf=0x07a6c814;win=8165;pc=8;mask=0xff;resp=7;unexp=0;last_len=20;last_src=0xa106;last_dst=0xb101;last_code=0xe1
[RECV] BS2DCE notify: TR;3;3666;f;0;ff;7f;3292,2544,2527,3151,3442,2411,2605,0;3292,2544,2527,3151,3442,2411,2605,3089;100,100,100,100,100,94,100,84;OOOOOOOT;99;0;15472;8
[RECV] BSDC91 notify: CD;1;3654;tag=2;local=0xb102;status=0x00806f02;rxf=0x07c6c814;win=8165;pc=8;mask=0xff;resp=8;unexp=0;last_len=20;last_src=0xa107;last_dst=0xb102;last_code=0xe1
[RECV] BSDC91 notify: TR;3;3655;f;0;ff;ff;2337,3236,3519,2318,2427,3355,3189,2295;2337,3236,3519,2318,2427,3355,3189,2295;100,100,100,100,100,100,100,29;OOOOOOOO;91;0;44189;8
[RECV] BSDC91 notify: TR;3;3656;f;0;ff;7f;2419,3354,3442,2291,2520,3362,3083,0;2419,3354,3442,2291,2520,3362,3083,2295;100,100,100,100,100,100,100,27;OOOOOOOT;100;0;671;8
[RECV] BS2DCE notify: TR;3;3667;f;0;ff;ff;3331,2528,2587,3087,3294,2436,2637,3167;3331,2528,2587,3087,3294,2436,2637,3167;100,100,100,100,100,95,100,85;OOOOOOOO;97;0;671;8
[RECV] BS2DCE notify: TR;3;3668;f;0;ff;ff;3263,2496,2649,3127,3233,2439,2616,3064;3263,2496,2649,3127,3233,2439,2616,3064;100,100,100,100,100,95,100,85;OOOOOOOO;97;0;671;8
[RECV] BSDC91 notify: TR;3;3657;f;0;ff;7f;2477,3311,3499,2318,2549,3396,3084,0;2477,3311,3499,2318,2549,3396,3084,2295;100,100,100,100,100,100,100,26;OOOOOOOT;100;0;671;8
[RECV] BSDC91 notify: TR;3;3658;f;0;ff;ff;2526,3373,3296,2395,2489,3337,3003,1894;2526,3373,3296,2395,2489,3337,3003,1894;100,100,100,100,100,100,100,30;OOOOOOOO;91;0;671;8
[RECV] BS2DCE notify: TR;3;3669;f;0;ff;7f;3170,2568,2666,3241,3158,2415,2673,0;3170,2568,2666,3241,3158,2415,2673,3064;100,100,100,100,100,95,100,81;OOOOOOOT;99;0;671;8
[RECV] BSDC91 notify: TR;3;3659;f;0;ff;7f;2563,3453,3156,2372,2561,3446,3019,0;2563,3453,3156,2372,2561,3446,3019,1894;100,100,100,100,100,100,100,28;OOOOOOOT;100;0;671;8
[RECV] BS2DCE notify: TR;3;3670;f;0;ff;ff;3154,2658,2708,3195,3041,2506,2658,3150;3154,2658,2708,3195,3041,2506,2658,3150;100,100,100,100,100,95,100,82;OOOOOOOO;97;0;671;8
[RECV] BSDC91 notify: TR;3;3660;f;0;ff;7f;2582,3442,3117,2377,2644,3751,3481,0;2582,3442,3117,2377,2644,3751,3481,1894;100,100,100,100,100,100,100,27;OOOOOOOT;100;0;671;8
[RECV] BS2DCE notify: TR;3;3671;f;0;ff;ff;3161,2699,2711,3249,3046,2519,2699,3281;3161,2699,2711,3249,3046,2519,2699,3281;100,100,100,100,100,95,100,83;OOOOOOOO;97;0;701;8
[RECV] BSDC91 notify: TR;3;3661;f;0;ff;ff;2682,3534,3050,2297,2755,3316,3164,2584;2682,3534,3050,2297,2755,3316,3164,2584;100,100,100,100,100,100,100,30;OOOOOOOO;91;0;671;8
[RECV] BSDC91 notify: TR;3;3662;f;0;ff;7f;2754,3696,3014,2088,2867,3414,3040,0;2754,3696,3014,2088,2867,3414,3040,2584;100,100,100,100,100,100,100,29;OOOOOOOT;100;0;671;8
[RECV] BS2DCE notify: TR;3;3672;f;0;ff;7f;3095,2544,2756,3326,3001,2527,2648,0;3095,2544,2756,3326,3001,2527,2648,3281;100,100,100,100,100,96,100,80;OOOOOOOT;99;0;671;8
[RECV] BS2DCE notify: TR;3;3673;f;0;ff;ff;3040,2570,2789,3175,2895,2805,2615,3245;3040,2570,2789,3175,2895,2805,2615,3245;100,100,100,100,100,96,100,80;OOOOOOOO;97;0;701;8
[RECV] BSDC91 notify: TR;3;3663;f;0;ff;7f;2834,3494,2915,2158,2933,3502,2945,0;2834,3494,2915,2158,2933,3502,2945,2584;100,100,100,100,100,100,100,28;OOOOOOOT;100;0;671;8
[RECV] BSDC91 notify: TR;3;3664;f;0;ff;ff;3675,3403,2901,2128,2939,3457,2936,2405;3675,3403,2901,2128,2939,3457,2936,2405;100,100,100,100,100,100,100,30;OOOOOOOO;91;0;701;8
[RECV] BS2DCE notify: RXG;1;3673;tag=1;mask=0xff;pc=8;guard=1200;spacing=1000;win=8165;pre=1;slot_to_entry_us=0;slot_to_sched_us=0;slot_to_write_done_us=0;slot_to_txcmd_us=274;slot_to_txdone_us=610;txcmd_to_txdone_us=335;txdone_to_rxstart_us=61;txdone_to_rxend_us=183;rxenable_
[RECV] BS2DCE notify: TR;3;3674;f;0;ff;ff;2947,2560,2811,3615,2837,2655,2695,3331;2947,2560,2811,3615,2837,2655,2695,3331;100,100,100,100,100,96,100,81;OOOOOOOO;97;0;29907;8
[RECV] BS2DCE notify: TR;3;3675;f;0;ff;ff;2952,2512,2900,3083,3043,2553,2705,3277;2952,2512,2900,3083,3043,2553,2705,3277;100,100,100,100,100,96,100,82;OOOOOOOO;97;0;701;8
[RECV] BSDC91 notify: RXG;1;3664;tag=2;mask=0xff;pc=8;guard=1200;spacing=1000;win=8165;pre=1;slot_to_entry_us=0;slot_to_sched_us=0;slot_to_write_done_us=0;slot_to_txcmd_us=274;slot_to_txdone_us=610;txcmd_to_txdone_us=335;txdone_to_rxstart_us=61;txdone_to_rxend_us=183;rxenable_
[RECV] BSDC91 notify: CD;1;3664;tag=2;local=0xb102;status=0x00800b02;rxf=0x0766c814;win=8165;pc=8;mask=0xff;resp=7;unexp=0;last_len=20;last_src=0xa106;last_dst=0xb102;last_code=0xe1
[RECV] BS2DCE notify: CD;1;3675;tag=1;local=0xb101;status=0x02806f02;rxf=0x07b6c814;win=8165;pc=8;mask=0xff;resp=8;unexp=0;last_len=20;last_src=0xa107;last_dst=0xb101;last_code=0xe1
[RECV] BS2DCE notify: TR;3;3676;f;0;ff;ff;2850,2575,2927,3526,3054,2541,2731,3196;2850,2575,2927,3526,3054,2541,2731,3196;100,100,100,100,100,96,100,82;OOOOOOOO;97;0;15472;8
[RECV] BSDC91 notify: TR;3;3665;f;0;ff;7f;3165,3509,2876,2223,2972,3286,2887,0;3165,3509,2876,2223,2972,3286,2887,2405;100,100,100,100,100,100,100,29;OOOOOOOT;100;0;44128;8
[RECV] BSDC91 notify: TR;3;3666;f;0;ff;ff;3377,3481,2834,2305,2971,3319,2843,2455;3377,3481,2834,2305,2971,3319,2843,2455;100,100,100,100,100,100,100,32;OOOOOOOO;91;0;732;8
[RECV] BS2DCE notify: TR;3;3677;f;0;ff;ff;2818,2560,2985,3360,2814,2604,2796,3166;2818,2560,2985,3360,2814,2604,2796,3166;100,100,100,100,100,96,100,83;OOOOOOOO;97;0;701;8
[RECV] BSDC91 notify: TR;3;3667;f;0;ff;ff;3294,3503,2667,2526,2901,3352,2705,2253;3294,3503,2667,2526,2901,3352,2705,2253;100,100,100,100,100,100,100,34;OOOOOOOO;91;0;701;8
[RECV] BSDC91 notify: TR;3;3668;f;0;ff;7f;3219,3212,2629,2487,2900,3365,2624,0;3219,3212,2629,2487,2900,3365,2624,2253;100,100,100,100,100,100,100,33;OOOOOOOT;100;0;671;8
[RECV] BS2DCE notify: TR;3;3678;f;0;ff;7f;2751,2585,3099,3376,2769,2623,2865,0;2751,2585,3099,3376,2769,2623,2865,3166;100,100,100,100,100,96,100,80;OOOOOOOT;99;0;671;8
[RECV] BS2DCE notify: TR;3;3679;f;0;ff;ff;2744,2666,3250,3075,2654,2671,2809,3034;2744,2666,3250,3075,2654,2671,2809,3034;100,100,100,100,100,96,100,81;OOOOOOOO;97;0;701;8
[RECV] BS2DCE notify: TR;3;3680;f;0;ff;ff;2697,2716,3204,2930,2600,2687,2816,2929;2697,2716,3204,2930,2600,2687,2816,2929;100,100,100,100,100,100,100,82;OOOOOOOO;97;0;701;8
[RECV] BSDC91 notify: TR;3;3669;f;0;ff;7f;3181,3184,2571,2449,3038,3420,2565,0;3181,3184,2571,2449,3038,3420,2565,2253;100,100,100,100,100,100,100,32;OOOOOOOT;100;0;671;8
[RECV] BSDC91 notify: TR;3;3670;f;0;ff;ff;3202,3176,2495,2441,3124,3436,2430,2539;3202,3176,2495,2441,3124,3436,2430,2539;100,100,100,100,100,100,100,34;OOOOOOOO;91;0;701;8
[RECV] BS2DCE notify: TR;3;3681;f;0;ff;7f;2667,2731,3199,3006,2540,2661,2956,0;2667,2731,3199,3006,2540,2661,2956,2929;100,100,100,100,100,100,100,77;OOOOOOOT;100;0;671;8
[RECV] BS2DCE notify: TR;3;3682;f;0;ff;7f;2663,2772,3191,2826,2507,2826,2948,0;2663,2772,3191,2826,2507,2826,2948,2929;100,100,100,100,100,100,100,73;OOOOOOOT;100;0;671;8
[RECV] BSDC91 notify: TR;3;3671;f;0;ff;7f;3185,3064,2532,2507,3197,3193,2470,0;3185,3064,2532,2507,3197,3193,2470,2539;100,100,100,100,100,100,100,35;OOOOOOOT;100;0;671;8
[RECV] BS2DCE notify: TR;3;3683;f;0;ff;ff;2623,2852,3164,2783,2422,2753,3012,3053;2623,2852,3164,2783,2422,2753,3012,3053;100,100,100,100,100,100,100,75;OOOOOOOO;96;0;701;8
[RECV] BSDC91 notify: TR;3;3672;f;0;ff;ff;3214,3076,2565,2589,3202,3058,2295,2825;3214,3076,2565,2589,3202,3058,2295,2825;100,100,100,100,100,100,100,38;OOOOOOOO;92;0;762;8
[RECV] BSDC91 notify: TR;3;3673;f;0;ff;ff;3231,2889,2489,2803,3228,2972,2204,3198;3231,2889,2489,2803,3228,2972,2204,3198;100,100,100,100,100,100,100,42;OOOOOOOO;92;0;671;8
[RECV] BSDC91 notify: TR;3;3674;f;0;ff;7f;3284,2837,2425,2677,3340,2971,2209,0;3284,2837,2425,2677,3340,2971,2209,3198;100,100,100,100,100,100,100,40;OOOOOOOT;100;0;671;8
[RECV] BS2DCE notify: RXG;1;3683;tag=1;mask=0xff;pc=8;guard=1200;spacing=1000;win=8165;pre=1;slot_to_entry_us=0;slot_to_sched_us=0;slot_to_write_done_us=0;slot_to_txcmd_us=274;slot_to_txdone_us=610;txcmd_to_txdone_us=335;txdone_to_rxstart_us=61;txdone_to_rxend_us=183;rxenable_
[RECV] BS2DCE notify: TR;3;3684;f;0;ff;7f;2555,2891,3193,2868,2408,2886,3045,0;2555,2891,3193,2868,2408,2886,3045,3053;100,100,100,100,100,100,100,71;OOOOOOOT;100;0;29876;8
[RECV] BS2DCE notify: TR;3;3685;f;0;ff;ff;2589,2980,3272,2770,2396,2844,3121,2901;2589,2980,3272,2770,2396,2844,3121,2901;100,100,100,100,100,100,100,72;OOOOOOOO;96;0;701;8
[RECV] BS2DCE notify: CD;1;3685;tag=1;local=0xb101;status=0x02806f02;rxf=0x07c6c814;win=8165;pc=8;mask=0xff;resp=8;unexp=0;last_len=20;last_src=0xa107;last_dst=0xb101;last_code=0xe1
[RECV] BSDC91 notify: RXG;1;3674;tag=2;mask=0xff;pc=8;guard=1200;spacing=1000;win=8165;pre=1;slot_to_entry_us=0;slot_to_sched_us=0;slot_to_write_done_us=0;slot_to_txcmd_us=274;slot_to_txdone_us=610;txcmd_to_txdone_us=335;txdone_to_rxstart_us=61;txdone_to_rxend_us=183;rxenable_
[RECV] BSDC91 notify: CD;1;3674;tag=2;local=0xb102;status=0x00800f02;rxf=0x07c6c814;win=8165;pc=8;mask=0xff;resp=7;unexp=0;last_len=20;last_src=0xa106;last_dst=0xb102;last_code=0xe1
[RECV] BSDC91 notify: TR;3;3675;f;0;ff;7f;3248,2773,2422,3389,3476,2902,2179,0;3248,2773,2422,3389,3476,2902,2179,3198;100,100,100,100,100,100,100,38;OOOOOOOT;100;0;44189;8
[RECV] BS2DCE notify: TR;3;3686;f;0;ff;ff;2630,3110,3240,2798,2391,2867,3152,2752;2630,3110,3240,2798,2391,2867,3152,2752;100,100,100,100,100,100,100,73;OOOOOOOO;96;0;15686;8
[RECV] BSDC91 notify: TR;3;3676;f;0;ff;f7;3304,2783,2401,0,3415,2802,2129,2938;3304,2783,2401,3389,3415,2802,2129,2938;100,100,100,95,100,100,100,40;OOOTOOOO;91;0;671;8
[RECV] BS2DCE notify: TR;3;3687;f;0;ff;ff;2538,3102,3335,2617,2435,2947,3090,2651;2538,3102,3335,2617,2435,2947,3090,2651;100,100,100,100,100,100,100,75;OOOOOOOO;96;0;671;8
[RECV] BSDC91 notify: TR;3;3677;f;0;ff;7f;3359,2734,2397,2833,3693,2763,2132,0;3359,2734,2397,2833,3693,2763,2132,2938;100,100,100,95,100,100,100,39;OOOOOOOT;99;0;671;8
[RECV] BS2DCE notify: TR;3;3688;f;0;ff;ff;2779,3111,3369,2729,2427,2975,3106,2594;2779,3111,3369,2729,2427,2975,3106,2594;100,100,100,100,100,100,100,76;OOOOOOOO;97;0;701;8
[RECV] BSDC91 notify: TR;3;3678;f;0;ff;7f;3403,2655,2307,2837,3686,2715,2143,0;3403,2655,2307,2837,3686,2715,2143,2938;100,100,100,95,100,100,100,37;OOOOOOOT;99;0;671;8
[RECV] BS2DCE notify: TR;3;3689;f;0;ff;ff;2712,3146,3391,2605,2558,3006,3097,2541;2712,3146,3391,2605,2558,3006,3097,2541;100,100,100,100,100,100,100,76;OOOOOOOO;97;0;701;8
[RECV] BSDC91 notify: TR;3;3679;f;0;ff;ff;3383,2634,2278,3129,3945,2579,2138,3006;3383,2634,2278,3129,3945,2579,2138,3006;100,100,100,96,100,100,100,40;OOOOOOOO;92;0;701;8
[RECV] BS2DCE notify: TR;3;3690;f;0;ff;7f;2578,3109,3336,2637,2503,3053,3067,0;2578,3109,3336,2637,2503,3053,3067,2541;100,100,100,100,100,100,100,74;OOOOOOOT;100;0;671;8
[RECV] BSDC91 notify: TR;3;3680;f;0;ff;7f;3381,2625,2295,3016,3449,2552,2268,0;3381,2625,2295,3016,3449,2552,2268,3006;100,100,100,96,100,100,100,38;OOOOOOOT;99;0;671;8
[RECV] BSDC91 notify: TR;3;3681;f;0;ff;7f;3423,2586,2231,3167,3487,2451,2217,0;3423,2586,2231,3167,3487,2451,2217,3006;100,100,100,96,100,100,100,37;OOOOOOOT;99;0;671;8
[RECV] BS2DCE notify: TR;3;3691;f;0;ff;ff;2540,3125,3427,2492,2602,3101,3145,2595;2540,3125,3427,2492,2602,3101,3145,2595;100,100,100,100,100,100,100,75;OOOOOOOO;96;0;671;8
[RECV] BS2DCE notify: TR;3;3692;f;0;ff;ff;2481,3140,3415,2630,2618,3082,3180,2418;2481,3140,3415,2630,2618,3082,3180,2418;100,100,100,100,100,100,100,75;OOOOOOOO;96;0;701;8
[RECV] BSDC91 notify: TR;3;3682;f;0;ff;ff;3403,2459,2303,3330,3423,2536,2713,3115;3403,2459,2303,3330,3423,2536,2713,3115;100,100,100,96,100,100,100,39;OOOOOOOO;91;0;701;8
[RECV] BS2DCE notify: TR;3;3693;f;0;ff;ff;2477,3126,3374,2513,2604,3054,3157,2456;2477,3126,3374,2513,2604,3054,3157,2456;100,100,100,100,100,100,100,76;OOOOOOOO;97;0;671;8
[RECV] BSDC91 notify: TR;3;3683;f;0;ff;7f;3391,2434,2302,3180,3370,2429,2435,0;3391,2434,2302,3180,3370,2429,2435,3115;100,100,100,96,100,100,100,37;OOOOOOOT;99;0;671;8
[RECV] BSDC91 notify: TR;3;3684;f;0;ff;7f;3332,2469,2267,3318,3405,2401,2355,0;3332,2469,2267,3318,3405,2401,2355,3115;100,100,100,96,100,100,100,36;OOOOOOOT;99;0;671;8
[RECV] BS2DCE notify: RXG;1;3693;tag=1;mask=0xff;pc=8;guard=1200;spacing=1000;win=8165;pre=1;slot_to_entry_us=0;slot_to_sched_us=0;slot_to_write_done_us=0;slot_to_txcmd_us=274;slot_to_txdone_us=610;txcmd_to_txdone_us=335;txdone_to_rxstart_us=61;txdone_to_rxend_us=183;rxenable_
[RECV] BS2DCE notify: TR;3;3694;f;0;ff;ff;2499,3177,3277,2517,2591,3261,3123,2400;2499,3177,3277,2517,2591,3261,3123,2400;100,100,100,100,100,100,100,77;OOOOOOOO;97;0;29876;8
[RECV] BS2DCE notify: TR;3;3695;f;0;ff;ff;2494,3199,3322,2446,2664,3288,3131,2321;2494,3199,3322,2446,2664,3288,3131,2321;100,100,100,100,100,100,100,78;OOOOOOOO;97;0;701;8
[RECV] BS2DCE notify: CD;1;3695;tag=1;local=0xb101;status=0x02800f02;rxf=0x0766c814;win=8165;pc=8;mask=0xff;resp=7;unexp=0;last_len=20;last_src=0xa106;last_dst=0xb101;last_code=0xe1
[RECV] BS2DCE notify: TR;3;3696;f;0;ff;7f;2529,3276,3355,2453,2635,3334,3075,0;2529,3276,3355,2453,2635,3334,3075,2321;100,100,100,100,100,100,100,76;OOOOOOOT;100;0;15472;8
[RECV] BSDC91 notify: RXG;1;3684;tag=2;mask=0xff;pc=8;guard=1200;spacing=1000;win=8165;pre=1;slot_to_entry_us=0;slot_to_sched_us=0;slot_to_write_done_us=0;slot_to_txcmd_us=274;slot_to_txdone_us=610;txcmd_to_txdone_us=335;txdone_to_rxstart_us=152;txdone_to_rxend_us=274;rxenable
[RECV] BSDC91 notify: CD;1;3684;tag=2;local=0xb102;status=0x00806f02;rxf=0x0766c814;win=8165;pc=8;mask=0xff;resp=8;unexp=0;last_len=20;last_src=0xa107;last_dst=0xb102;last_code=0xe1
[RECV] BSDC91 notify: TR;3;3685;f;0;ff;ff;3362,2368,2375,3221,3341,2337,2296,3149;3362,2368,2375,3221,3341,2337,2296,3149;100,100,100,96,100,100,100,38;OOOOOOOO;91;0;44372;8
[RECV] BSDC91 notify: TR;3;3686;f;0;ff;7f;3307,2377,2418,3228,3374,2341,2370,0;3307,2377,2418,3228,3374,2341,2370,3149;100,100,100,96,100,100,100,37;OOOOOOOT;99;0;671;8
[RECV] BSDC91 notify: TR;3;3687;f;0;ff;7f;3376,2379,2505,3305,3247,2200,2433,0;3376,2379,2505,3305,3247,2200,2433,3149;100,100,100,100,100,100,100,35;OOOOOOOT;100;0;671;8
[RECV] BS2DCE notify: TR;3;3697;f;0;ff;ff;2558,3222,3429,2498,2705,3195,3079,2268;2558,3222,3429,2498,2705,3195,3079,2268;100,100,100,100,100,100,100,77;OOOOOOOO;97;0;701;8
[RECV] BS2DCE notify: TR;3;3698;f;0;ff;ff;2660,3291,3256,2410,2665,3312,3086,2343;2660,3291,3256,2410,2665,3312,3086,2343;100,100,100,100,100,100,100,78;OOOOOOOO;97;0;701;8
[RECV] BS2DCE notify: TR;3;3699;f;0;ff;ff;2737,3416,3184,2436,2797,3281,3048,2392;2737,3416,3184,2436,2797,3281,3048,2392;100,100,100,100,100,100,100,80;OOOOOOOO;97;0;701;8
[RECV] BSDC91 notify: TR;3;3688;f;0;ff;ff;3264,2455,2498,3212,3106,2330,2494,3263;3264,2455,2498,3212,3106,2330,2494,3263;100,100,100,100,100,100,100,38;OOOOOOOO;92;0;671;8
[RECV] BSDC91 notify: TR;3;3689;f;0;ff;7f;3215,2472,2574,3365,3142,2360,2560,0;3215,2472,2574,3365,3142,2360,2560,3263;100,100,100,100,100,100,100,36;OOOOOOOT;100;0;671;8
[RECV] BS2DCE notify: TR;3;3700;f;0;ff;ff;2772,3495,3160,2535,2711,3398,3081,2444;2772,3495,3160,2535,2711,3398,3081,2444;100,100,100,100,100,100,100,80;OOOOOOOO;97;0;701;8
[RECV] BSDC91 notify: TR;3;3690;f;0;ff;7f;3199,2685,2616,3310,3163,2304,2601,0;3199,2685,2616,3310,3163,2304,2601,3263;100,100,100,100,100,100,100,35;OOOOOOOT;100;0;671;8
[RECV] BS2DCE notify: TR;3;3701;f;0;ff;ff;2819,3470,3072,2329,2747,3421,2955,2476;2819,3470,3072,2329,2747,3421,2955,2476;100,100,100,100,100,100,100,81;OOOOOOOO;97;0;701;8
[RECV] BSDC91 notify: TR;3;3691;f;0;ff;ff;3202,2380,2646,3386,3061,2388,2631,3156;3202,2380,2646,3386,3061,2388,2631,3156;100,100,100,100,100,100,100,38;OOOOOOOO;92;0;701;8
[RECV] BS2DCE notify: TR;3;3702;f;0;ff;7f;3079,3368,2983,2336,2778,3502,2946,0;3079,3368,2983,2336,2778,3502,2946,2476;100,100,100,100,100,100,100,78;OOOOOOOT;100;0;671;8
[RECV] BS2DCE notify: TR;3;3703;f;0;ff;ff;3199,3434,2972,2307,2831,3425,2899,2346;3199,3434,2972,2307,2831,3425,2899,2346;100,100,100,100,100,100,100,79;OOOOOOOO;97;0;701;8
[RECV] BSDC91 notify: TR;3;3692;f;0;ff;7f;3061,2413,2721,3377,3415,2527,2630,0;3061,2413,2721,3377,3415,2527,2630,3156;100,100,100,100,100,100,100,36;OOOOOOOT;100;0;671;8
[RECV] BSDC91 notify: TR;3;3693;f;0;ff;7f;2995,2313,2800,3333,3249,2448,2617,0;2995,2313,2800,3333,3249,2448,2617,3156;100,100,100,100,100,100,100,34;OOOOOOOT;100;0;671;8
[RECV] BS2DCE notify: RXG;1;3703;tag=1;mask=0xff;pc=8;guard=1200;spacing=1000;win=8165;pre=1;slot_to_entry_us=0;slot_to_sched_us=0;slot_to_write_done_us=0;slot_to_txcmd_us=274;slot_to_txdone_us=610;txcmd_to_txdone_us=335;txdone_to_rxstart_us=61;txdone_to_rxend_us=183;rxenable_
[RECV] BS2DCE notify: TR;3;3704;f;0;ff;ff;3237,3388,2932,2390,2906,3351,2923,2559;3237,3388,2932,2390,2906,3351,2923,2559;100,100,100,100,100,100,100,80;OOOOOOOO;97;0;29876;8
[RECV] BS2DCE notify: TR;3;3705;f;0;ff;7f;3207,3272,2915,2380,2985,3280,2771,0;3207,3272,2915,2380,2985,3280,2771,2559;100,100,100,100,100,100,100,76;OOOOOOOT;100;0;671;8
[RECV] BSDC91 notify: TR;3;3694;f;0;ff;ff;2949,2315,2803,3349,3053,2450,2693,3385;2949,2315,2803,3349,3053,2450,2693,3385;100,100,100,100,100,100,100,37;OOOOOOOO;92;0;701;8
[RECV] BS2DCE notify: CD;1;3705;tag=1;local=0xb101;status=0x02806f02;rxf=0x07a6c814;win=8165;pc=8;mask=0xff;resp=8;unexp=0;last_len=20;last_src=0xa107;last_dst=0xb101;last_code=0xe1
[RECV] BS2DCE notify: TR;3;3706;f;0;ff;ff;3228,3374,2896,2394,2858,3227,2812,2579;3228,3374,2896,2394,2858,3227,2812,2579;100,100,100,100,100,100,100,77;OOOOOOOO;97;0;15533;8
[RECV] BS2DCE notify: TR;3;3707;f;0;ff;ff;3143,3386,2747,2503,2930,3220,2779,2620;3143,3386,2747,2503,2930,3220,2779,2620;100,100,100,100,100,100,100,78;OOOOOOOO;97;0;701;8
[RECV] BSDC91 notify: RXG;1;3694;tag=2;mask=0xff;pc=8;guard=1200;spacing=1000;win=8165;pre=1;slot_to_entry_us=0;slot_to_sched_us=0;slot_to_write_done_us=0;slot_to_txcmd_us=274;slot_to_txdone_us=610;txcmd_to_txdone_us=335;txdone_to_rxstart_us=61;txdone_to_rxend_us=183;rxenable_
[RECV] BSDC91 notify: CD;1;3694;tag=2;local=0xb102;status=0x00800b02;rxf=0x0796c814;win=8165;pc=8;mask=0xff;resp=7;unexp=0;last_len=20;last_src=0xa106;last_dst=0xb102;last_code=0xe1
[RECV] BSDC91 notify: TR;3;3695;f;0;ff;7f;2947,2390,2859,3386,2938,2289,2742,0;2947,2390,2859,3386,2938,2289,2742,3385;100,100,100,100,100,100,100,36;OOOOOOOT;100;0;44189;8
[RECV] BS2DCE notify: TR;3;3708;f;0;ff;7f;3092,3176,2728,2571,2928,3223,2701,0;3092,3176,2728,2571,2928,3223,2701,2620;100,100,100,100,100,100,100,75;OOOOOOOT;100;0;701;8
[RECV] BSDC91 notify: TR;3;3696;f;0;ff;7f;2865,2461,2862,3305,2849,2417,2649,0;2865,2461,2862,3305,2849,2417,2649,3385;100,100,100,100,100,100,100,34;OOOOOOOT;100;0;671;8
[RECV] BS2DCE notify: TR;3;3709;f;0;ff;ff;3080,3157,2735,2735,2996,3235,2723,2650;3080,3157,2735,2735,2996,3235,2723,2650;100,100,100,100,100,100,100,76;OOOOOOOO;97;0;701;8
[RECV] BS2DCE notify: TR;3;3710;f;0;ff;ff;3088,3145,2722,2707,3063,3227,2639,2654;3088,3145,2722,2707,3063,3227,2639,2654;100,100,100,100,100,100,100,77;OOOOOOOO;97;0;701;8
[RECV] BSDC91 notify: TR;3;3697;f;0;ff;ff;2753,2491,2930,3130,2796,2469,2786,3112;2753,2491,2930,3130,2796,2469,2786,3112;100,100,100,100,100,100,100,37;OOOOOOOO;92;0;701;8
[RECV] BSDC91 notify: TR;3;3698;f;0;ff;7f;2695,2502,3042,3199,2627,2523,2902,0;2695,2502,3042,3199,2627,2523,2902,3112;100,100,100,100,100,100,100,35;OOOOOOOT;100;0;671;8
[RECV] BSDC91 notify: TR;3;3699;f;0;ff;7f;2684,2503,3151,3156,2500,2551,2854,0;2684,2503,3151,3156,2500,2551,2854,3112;100,100,100,100,100,100,100,34;OOOOOOOT;100;0;671;8
[RECV] BSDC91 notify: TR;3;3700;f;0;ff;ff;2618,2604,3119,3184,2484,2542,2971,2971;2618,2604,3119,3184,2484,2542,2971,2971;100,100,100,100,100,100,100,36;OOOOOOOO;92;0;701;8
[RECV] BS2DCE notify: TR;3;3711;f;0;ff;7f;3105,3070,2715,2650,3147,3166,2551,0;3105,3070,2715,2650,3147,3166,2551,2654;100,100,100,100,100,100,100,75;OOOOOOOT;100;0;671;8
[RECV] BSDC91 notify: TR;3;3701;f;0;ff;7f;2657,2653,3202,3092,2527,2703,2987,0;2657,2653,3202,3092,2527,2703,2987,2971;100,100,100,100,100,100,100,35;OOOOOOOT;100;0;671;8
[RECV] BS2DCE notify: TR;3;3712;f;0;ff;7f;3115,2977,2676,2644,3279,3167,2491,0;3115,2977,2676,2644,3279,3167,2491,2654;100,100,100,100,100,100,100,70;OOOOOOOT;100;0;885;8
[RECV] BS2DCE notify: TR;3;3713;f;0;ff;ff;3133,2950,2587,2778,3280,3143,2338,2735;3133,2950,2587,2778,3280,3143,2338,2735;100,100,100,100,100,100,100,72;OOOOOOOO;96;0;701;8
[RECV] BSDC91 notify: TR;3;3702;f;0;ff;7f;2616,2740,3412,2979,2390,2613,2963,0;2616,2740,3412,2979,2390,2613,2963,2971;100,100,100,100,100,100,100,34;OOOOOOOT;100;0;671;8
[RECV] BSDC91 notify: TR;3;3703;f;0;ff;ff;2609,2717,3387,2943,2315,2676,3026,2879;2609,2717,3387,2943,2315,2676,3026,2879;100,100,100,100,100,100,100,41;OOOOOOOO;92;0;701;8
[RECV] BSDC91 notify: TR;3;3704;f;0;ff;7f;2435,2849,3365,2883,2318,2722,3111,0;2435,2849,3365,2883,2318,2722,3111,2879;100,100,100,100,100,100,100,38;OOOOOOOT;100;0;671;8
[RECV] BS2DCE notify: RXG;1;3713;tag=1;mask=0xff;pc=8;guard=1200;spacing=1000;win=8165;pre=1;slot_to_entry_us=0;slot_to_sched_us=0;slot_to_write_done_us=0;slot_to_txcmd_us=305;slot_to_txdone_us=610;txcmd_to_txdone_us=305;txdone_to_rxstart_us=91;txdone_to_rxend_us=213;rxenable_
[RECV] BS2DCE notify: TR;3;3714;f;0;ff;7f;3118,2988,2649,2979,3264,3022,2455,0;3118,2988,2649,2979,3264,3022,2455,2735;100,100,100,100,100,100,100,68;OOOOOOOT;100;0;29937;8
[RECV] BS2DCE notify: TR;3;3715;f;0;ff;ff;3134,3002,2599,3148,3060,3043,2428,2895;3134,3002,2599,3148,3060,3043,2428,2895;100,100,100,100,100,100,100,70;OOOOOOOO;96;0;701;8
[RECV] BSDC91 notify: RXG;1;3704;tag=2;mask=0xff;pc=8;guard=1200;spacing=1000;win=8165;pre=1;slot_to_entry_us=0;slot_to_sched_us=0;slot_to_write_done_us=0;slot_to_txcmd_us=274;slot_to_txdone_us=610;txcmd_to_txdone_us=335;txdone_to_rxstart_us=61;txdone_to_rxend_us=183;rxenable_
[RECV] BSDC91 notify: CD;1;3704;tag=2;local=0xb102;status=0x00800b02;rxf=0x0786c814;win=8165;pc=8;mask=0xff;resp=7;unexp=0;last_len=20;last_src=0xa106;last_dst=0xb102;last_code=0xe1
[RECV] BSDC91 notify: TR;3;3705;f;0;ff;7f;2419,2959,3393,2816,2216,2907,3129,0;2419,2959,3393,2816,2216,2907,3129,2879;100,100,100,100,100,100,100,36;OOOOOOOT;100;0;44158;8
[RECV] BS2DCE notify: CD;1;3715;tag=1;local=0xb101;status=0x02806f02;rxf=0x0786c814;win=8165;pc=8;mask=0xff;resp=8;unexp=0;last_len=20;last_src=0xa107;last_dst=0xb101;last_code=0xe1
[RECV] BS2DCE notify: TR;3;3716;f;0;ff;ff;3141,2882,2599,3145,3311,2968,2415,2871;3141,2882,2599,3145,3311,2968,2415,2871;100,100,100,100,100,100,100,71;OOOOOOOO;96;0;15502;8
[RECV] BSDC91 notify: TR;3;3706;f;0;ff;ff;2502,3014,3412,2766,2272,2993,3137,2850;2502,3014,3412,2766,2272,2993,3137,2850;100,100,100,100,100,100,100,40;OOOOOOOO;92;0;701;8
[RECV] BS2DCE notify: TR;3;3717;f;0;ff;ff;3146,2873,2576,2945,3397,2884,2323,2893;3146,2873,2576,2945,3397,2884,2323,2893;100,100,100,100,100,100,100,72;OOOOOOOO;96;0;701;8
[RECV] BSDC91 notify: TR;3;3707;f;0;ff;7f;2596,3047,3366,2659,2313,2964,3190,0;2596,3047,3366,2659,2313,2964,3190,2850;100,100,100,100,100,100,100,38;OOOOOOOT;100;0;671;8
[RECV] BS2DCE notify: TR;3;3718;f;0;ff;ff;3212,2790,2591,2907,3394,2811,2293,2919;3212,2790,2591,2907,3394,2811,2293,2919;100,100,100,100,100,100,100,73;OOOOOOOO;96;0;701;8
[RECV] BS2DCE notify: TR;3;3719;f;0;ff;ff;3321,2776,2663,3003,3397,2798,2330,2965;3321,2776,2663,3003,3397,2798,2330,2965;100,100,100,100,100,100,100,75;OOOOOOOO;96;0;701;8
[RECV] BSDC91 notify: TR;3;3708;f;0;ff;7f;2731,3060,3350,2694,2250,3037,3235,0;2731,3060,3350,2694,2250,3037,3235,2850;100,100,100,100,100,100,100,36;OOOOOOOT;100;0;671;8
[RECV] BSDC91 notify: TR;3;3709;f;0;ff;ff;2489,3072,3356,2584,2436,3052,3244,2600;2489,3072,3356,2584,2436,3052,3244,2600;100,100,100,100,100,100,100,39;OOOOOOOO;92;0;671;8
[RECV] BS2DCE notify: TR;3;3720;f;0;ff;ff;3406,2732,2669,2945,3437,2756,2351,2931;3406,2732,2669,2945,3437,2756,2351,2931;100,100,100,100,100,100,100,76;OOOOOOOO;97;0;701;8
[RECV] BS2DCE notify: TR;3;3721;f;0;ff;ff;3365,2661,2582,3013,3357,2662,2337,2984;3365,2661,2582,3013,3357,2662,2337,2984;100,100,100,100,100,100,100,76;OOOOOOOO;97;0;671;8
[RECV] BSDC91 notify: TR;3;3710;f;0;ff;7f;2395,3110,3463,2579,2349,3018,3118,0;2395,3110,3463,2579,2349,3018,3118,2600;100,100,100,100,100,100,100,37;OOOOOOOT;100;0;671;8
[RECV] BS2DCE notify: TR;3;3722;f;0;ff;ff;3311,2640,2494,3142,3572,2566,2384,2678;3311,2640,2494,3142,3572,2566,2384,2678;100,100,100,100,100,100,100,77;OOOOOOOO;97;0;701;8
[RECV] BSDC91 notify: TR;3;3711;f;0;ff;7f;2359,3161,3281,2439,2324,3170,3301,0;2359,3161,3281,2439,2324,3170,3301,2600;100,100,100,100,100,100,100,36;OOOOOOOT;100;0;671;8
[RECV] BS2DCE notify: TR;3;3723;f;0;ff;ff;3298,2594,2497,3046,3501,2565,2826,2893;3298,2594,2497,3046,3501,2565,2826,2893;100,100,100,100,100,100,100,78;OOOOOOOO;97;0;701;8
[RECV] BSDC91 notify: TR;3;3712;f;0;ff;ff;2351,3222,3769,2500,2292,3071,3318,2418;2351,3222,3769,2500,2292,3071,3318,2418;100,100,100,100,100,100,100,38;OOOOOOOO;92;0;671;8
[RECV] BSDC91 notify: TR;3;3713;f;0;ff;ff;2318,3266,3498,2381,2332,3259,3299,2312;2318,3266,3498,2381,2332,3259,3299,2312;100,100,100,100,100,100,100,40;OOOOOOOO;92;0;701;8
[RECV] BS2DCE notify: RXG;1;3723;tag=1;mask=0xff;pc=8;guard=1200;spacing=1000;win=8165;pre=1;slot_to_entry_us=0;slot_to_sched_us=0;slot_to_write_done_us=0;slot_to_txcmd_us=274;slot_to_txdone_us=610;txcmd_to_txdone_us=335;txdone_to_rxstart_us=61;txdone_to_rxend_us=213;rxenable_
[RECV] BS2DCE notify: TR;3;3724;f;0;ff;ff;3239,2567,2505,3073,3466,2460,2628,3035;3239,2567,2505,3073,3466,2460,2628,3035;100,100,100,100,100,100,100,79;OOOOOOOO;97;0;29968;8
[RECV] BS2DCE notify: TR;3;3725;f;0;ff;ff;3333,2594,2535,3169,3264,2421,2578,3107;3333,2594,2535,3169,3264,2421,2578,3107;100,100,100,100,100,100,100,80;OOOOOOOO;97;0;701;8
[RECV] BSDC91 notify: TR;3;3714;f;0;ff;7f;2273,3227,3462,2384,2371,3140,3303,0;2273,3227,3462,2384,2371,3140,3303,2312;100,100,100,100,100,100,100,39;OOOOOOOT;100;0;671;8
[RECV] BS2DCE notify: CD;1;3725;tag=1;local=0xb101;status=0x02806f02;rxf=0x0796c814;win=8165;pc=8;mask=0xff;resp=8;unexp=0;last_len=20;last_src=0xa107;last_dst=0xb101;last_code=0xe1
[RECV] BS2DCE notify: TR;3;3726;f;0;ff;ff;3315,2571,2567,3161,3445,2353,2600,3170;3315,2571,2567,3161,3445,2353,2600,3170;100,100,100,100,100,100,100,80;OOOOOOOO;97;0;15533;8
[RECV] BSDC91 notify: RXG;1;3714;tag=2;mask=0xff;pc=8;guard=1200;spacing=1000;win=8165;pre=1;slot_to_entry_us=0;slot_to_sched_us=0;slot_to_write_done_us=0;slot_to_txcmd_us=274;slot_to_txdone_us=671;txcmd_to_txdone_us=396;txdone_to_rxstart_us=61;txdone_to_rxend_us=305;rxenable_
[RECV] BSDC91 notify: CD;1;3714;tag=2;local=0xb102;status=0x00806f02;rxf=0x0786c814;win=8165;pc=8;mask=0xff;resp=8;unexp=0;last_len=20;last_src=0xa107;last_dst=0xb102;last_code=0xe1
[RECV] BSDC91 notify: TR;3;3715;f;0;ff;ff;2327,3281,3468,2407,2379,3297,3185,2267;2327,3281,3468,2407,2379,3297,3185,2267;100,100,100,100,100,100,100,41;OOOOOOOO;92;0;44433;8
[RECV] BSDC91 notify: TR;3;3716;f;0;ff;7f;2409,3266,3416,2415,2468,3442,3113,0;2409,3266,3416,2415,2468,3442,3113,2267;100,100,100,100,100,100,100,40;OOOOOOOT;100;0;671;8
[RECV] BS2DCE notify: TR;3;3727;f;0;ff;ff;3323,2550,2584,3171,3316,2444,2590,2937;3323,2550,2584,3171,3316,2444,2590,2937;100,100,100,100,100,100,100,81;OOOOOOOO;97;0;701;8
[RECV] BS2DCE notify: TR;3;3728;f;0;ff;ff;3298,2502,2621,3228,3223,2477,2625,2757;3298,2502,2621,3228,3223,2477,2625,2757;100,100,100,100,100,100,100,82;OOOOOOOO;97;0;701;8
[RECV] BSDC91 notify: TR;3;3717;f;0;ff;7f;2450,3289,3697,2217,2522,3434,3085,0;2450,3289,3697,2217,2522,3434,3085,2267;100,100,100,100,100,100,100,38;OOOOOOOT;100;0;671;8
[RECV] BSDC91 notify: TR;3;3718;f;0;ff;ff;2536,3320,3361,2363,2561,3387,3047,2235;2536,3320,3361,2363,2561,3387,3047,2235;100,100,100,100,100,100,100,40;OOOOOOOO;92;0;671;8
[RECV] BS2DCE notify: TR;3;3729;f;0;ff;ff;3145,2551,2697,3142,3244,2418,2677,3183;3145,2551,2697,3142,3244,2418,2677,3183;100,100,100,100,100,100,100,83;OOOOOOOO;97;0;701;8
[RECV] BSDC91 notify: TR;3;3719;f;0;ff;7f;2553,3465,3176,2373,2547,3419,3100,0;2553,3465,3176,2373,2547,3419,3100,2235;100,100,100,100,100,100,100,41;OOOOOOOT;100;0;671;8
[RECV] BS2DCE notify: TR;3;3730;f;0;ff;ff;3190,2678,2672,3265,3119,2440,2715,3147;3190,2678,2672,3265,3119,2440,2715,3147;100,100,100,100,100,100,100,84;OOOOOOOO;98;0;701;8
[RECV] BS2DCE notify: TR;3;3731;f;0;ff;ff;3123,2734,2746,3265,3092,2506,2645,3171;3123,2734,2746,3265,3092,2506,2645,3171;100,100,100,100,100,100,100,85;OOOOOOOO;98;0;701;8
[RECV] BSDC91 notify: TR;3;3720;f;0;ff;7f;2608,3458,3149,2383,2707,3423,3084,0;2608,3458,3149,2383,2707,3423,3084,2235;100,100,100,100,100,100,100,38;OOOOOOOT;100;0;671;8
[RECV] BSDC91 notify: TR;3;3721;f;0;ff;7f;2654,3480,3067,2294,2764,3811,3193,0;2654,3480,3067,2294,2764,3811,3193,2235;100,100,100,100,100,100,100,36;OOOOOOOT;100;0;671;8
[RECV] BS2DCE notify: TR;3;3732;f;0;ff;7f;3122,2638,2751,3282,2944,2604,2651,0;3122,2638,2751,3282,2944,2604,2651,3171;100,100,100,100,100,100,100,80;OOOOOOOT;100;0;701;8
[RECV] BSDC91 notify: TR;3;3722;f;0;ff;7f;2736,3728,3025,2185,2845,3457,3070,0;2736,3728,3025,2185,2845,3457,3070,2235;100,100,100,100,100,100,100,35;OOOOOOOT;100;0;671;8
[RECV] BSDC91 notify: TR;3;3723;f;0;ff;7f;2804,3621,2945,2166,2952,3524,2965,0;2804,3621,2945,2166,2952,3524,2965,2235;100,100,100,100,100,100,100,33;OOOOOOOT;100;0;671;8
[RECV] BS2DCE notify: TR;3;3733;f;0;ff;ff;3016,2454,2801,3326,2843,2426,2691,3162;3016,2454,2801,3326,2843,2426,2691,3162;100,100,100,100,100,100,100,81;OOOOOOOO;97;0;671;8
[RECV] BSDC91 notify: TR;3;3724;f;0;ff;ff;3534,3469,2844,2284,2942,3496,2924,2395;3534,3469,2844,2284,2942,3496,2924,2395;100,100,100,100,100,100,100,36;OOOOOOOO;92;0;701;8
[RECV] BS2DCE notify: RXG;1;3733;tag=1;mask=0xff;pc=8;guard=1200;spacing=1000;win=8165;pre=1;slot_to_entry_us=0;slot_to_sched_us=0;slot_to_write_done_us=0;slot_to_txcmd_us=274;slot_to_txdone_us=610;txcmd_to_txdone_us=335;txdone_to_rxstart_us=91;txdone_to_rxend_us=213;rxenable_
[RECV] BS2DCE notify: TR;3;3734;f;0;ff;ff;2935,2577,2843,3509,2916,2712,2631,3308;2935,2577,2843,3509,2916,2712,2631,3308;100,100,100,100,100,100,100,82;OOOOOOOO;97;0;30059;8
[RECV] BSDC91 notify: RXG;1;3724;tag=2;mask=0xff;pc=8;guard=1200;spacing=1000;win=8165;pre=1;slot_to_entry_us=0;slot_to_sched_us=0;slot_to_write_done_us=0;slot_to_txcmd_us=274;slot_to_txdone_us=610;txcmd_to_txdone_us=335;txdone_to_rxstart_us=61;txdone_to_rxend_us=183;rxenable_
[RECV] BSDC91 notify: CD;1;3724;tag=2;local=0xb102;status=0x00800b02;rxf=0x0776c814;win=8165;pc=8;mask=0xff;resp=7;unexp=0;last_len=20;last_src=0xa106;last_dst=0xb102;last_code=0xe1
[RECV] BS2DCE notify: TR;3;3735;f;0;ff;ff;2898,2506,2903,3047,3079,2503,2691,3319;2898,2506,2903,3047,3079,2503,2691,3319;100,100,100,100,100,100,100,83;OOOOOOOO;97;0;701;8
[RECV] BS2DCE notify: TR;3;3736;f;0;ff;ff;2934,2538,2962,3485,3084,2516,2732,3274;2934,2538,2962,3485,3084,2516,2732,3274;100,100,100,100,100,100,100,84;OOOOOOOO;98;0;701;8
[RECV] BSDC91 notify: TR;3;3725;f;0;ff;7f;3651,3478,2933,2240,2987,3419,2892,0;3651,3478,2933,2240,2987,3419,2892,2395;100,100,100,100,100,100,100,34;OOOOOOOT;100;0;44158;8
[RECV] BSDC91 notify: TR;3;3726;f;0;ff;7f;3772,3549,2785,2337,2971,3342,2829,0;3772,3549,2785,2337,2971,3342,2829,2395;100,100,100,100,100,100,100,33;OOOOOOOT;100;0;671;8
[RECV] BS2DCE notify: CD;1;3736;tag=1;local=0xb101;status=0x02806f02;rxf=0x0776c814;win=8165;pc=8;mask=0xff;resp=8;unexp=0;last_len=20;last_src=0xa107;last_dst=0xb101;last_code=0xe1
[RECV] BS2DCE notify: TR;3;3737;f;0;ff;ff;2835,2568,2967,3309,2807,2459,2795,3288;2835,2568,2967,3309,2807,2459,2795,3288;100,100,100,100,100,100,100,84;OOOOOOOO;98;0;15533;8
[RECV] BS2DCE notify: TR;3;3738;f;0;ff;ff;2779,2619,3079,3340,2788,2580,2818,3135;2779,2619,3079,3340,2788,2580,2818,3135;100,100,100,100,100,100,100,85;OOOOOOOO;98;0;701;8
[RECV] BSDC91 notify: TR;3;3727;f;0;ff;ff;3050,3412,2663,2239,2922,3358,2699,2425;3050,3412,2663,2239,2922,3358,2699,2425;100,100,100,100,100,100,100,36;OOOOOOOO;92;0;701;8
[RECV] BSDC91 notify: TR;3;3728;f;0;ff;7f;3246,3161,2613,2323,2897,3360,2622,0;3246,3161,2613,2323,2897,3360,2622,2425;100,100,100,100,100,100,100,34;OOOOOOOT;100;0;671;8
[RECV] BS2DCE notify: TR;3;3739;f;0;ff;ff;2761,2572,3203,3204,2661,2734,2853,3081;2761,2572,3203,3204,2661,2734,2853,3081;100,100,100,100,100,100,100,85;OOOOOOOO;98;0;701;8
[RECV] BSDC91 notify: TR;3;3729;f;0;ff;7f;3177,3221,2635,2553,3010,3341,2551,0;3177,3221,2635,2553,3010,3341,2551,2425;100,100,100,100,100,100,100,33;OOOOOOOT;100;0;671;8
[RECV] BS2DCE notify: TR;3;3740;f;0;ff;ff;2742,2684,3147,3030,2603,2690,2810,3087;2742,2684,3147,3030,2603,2690,2810,3087;100,100,100,100,100,100,100,86;OOOOOOOO;98;0;701;8
[RECV] BSDC91 notify: TR;3;3730;f;0;ff;ff;3199,3160,2517,2400,3085,3574,2451,2567;3199,3160,2517,2400,3085,3574,2451,2567;100,100,100,100,100,100,100,35;OOOOOOOO;91;0;671;8
[RECV] BSDC91 notify: TR;3;3731;f;0;ff;7f;3172,3098,2489,2594,3166,3155,2390,0;3172,3098,2489,2594,3166,3155,2390,2567;100,100,100,100,100,100,100,34;OOOOOOOT;100;0;671;8
[RECV] BS2DCE notify: TR;3;3741;f;0;ff;ff;2664,2745,3198,2960,2546,2761,3023,3067;2664,2745,3198,2960,2546,2761,3023,3067;100,100,100,100,100,100,100,86;OOOOOOOO;98;0;701;8
[RECV] BS2DCE notify: TR;3;3742;f;0;ff;ff;2664,2716,3203,2964,2492,2736,2996,3230;2664,2716,3203,2964,2492,2736,2996,3230;100,100,100,100,100,100,100,87;OOOOOOOO;98;0;701;8
[RECV] BS2DCE notify: TR;3;3743;f;0;ff;ff;2620,2852,3172,2797,2462,2730,3023,3082;2620,2852,3172,2797,2462,2730,3023,3082;100,100,100,100,100,100,100,87;OOOOOOOO;98;0;701;8
[RECV] BSDC91 notify: TR;3;3732;f;0;ff;7f;3199,3045,2513,2653,3182,3111,2352,0;3199,3045,2513,2653,3182,3111,2352,2567;100,100,100,100,100,100,100,33;OOOOOOOT;100;0;671;8
[RECV] BSDC91 notify: TR;3;3733;f;0;ff;ff;3245,2999,2454,2603,3235,2966,2228,2886;3245,2999,2454,2603,3235,2966,2228,2886;100,100,100,100,100,100,100,35;OOOOOOOO;91;0;671;8
[RECV] BSDC91 notify: TR;3;3734;f;0;ff;7f;3262,2842,2454,2846,3330,2997,2207,0;3262,2842,2454,2846,3330,2997,2207,2886;100,100,100,100,100,100,100,34;OOOOOOOT;100;0;671;8
[RECV] BS2DCE notify: RXG;1;3743;tag=1;mask=0xff;pc=8;guard=1200;spacing=1000;win=8165;pre=1;slot_to_entry_us=0;slot_to_sched_us=0;slot_to_write_done_us=0;slot_to_txcmd_us=274;slot_to_txdone_us=610;txcmd_to_txdone_us=335;txdone_to_rxstart_us=91;txdone_to_rxend_us=213;rxenable_
[RECV] BS2DCE notify: TR;3;3744;f;0;ff;ff;2562,2861,3216,2906,2412,2877,3009,2931;2562,2861,3216,2906,2412,2877,3009,2931;100,100,100,100,100,100,100,88;OOOOOOOO;98;0;29998;8
[RECV] BS2DCE notify: TR;3;3745;f;0;ff;ff;2571,2993,3277,2872,2368,2858,3096,2854;2571,2993,3277,2872,2368,2858,3096,2854;100,100,100,100,100,100,100,88;OOOOOOOO;98;0;701;8
[RECV] BS2DCE notify: TR;3;3746;f;0;ff;ff;2654,3082,3283,2746,2420,2799,3187,2814;2654,3082,3283,2746,2420,2799,3187,2814;100,100,100,100,100,100,100,89;OOOOOOOO;98;0;701;8
[RECV] BSDC91 notify: RXG;1;3734;tag=2;mask=0xff;pc=8;guard=1200;spacing=1000;win=8165;pre=1;slot_to_entry_us=0;slot_to_sched_us=0;slot_to_write_done_us=0;slot_to_txcmd_us=274;slot_to_txdone_us=610;txcmd_to_txdone_us=335;txdone_to_rxstart_us=61;txdone_to_rxend_us=183;rxenable_
[RECV] BSDC91 notify: CD;1;3734;tag=2;local=0xb102;status=0x00800b02;rxf=0x0776c814;win=8165;pc=8;mask=0xff;resp=7;unexp=0;last_len=20;last_src=0xa106;last_dst=0xb102;last_code=0xe1
[RECV] BSDC91 notify: TR;3;3735;f;0;ff;7f;3274,2818,2429,2876,3414,2968,2155,0;3274,2818,2429,2876,3414,2968,2155,2886;100,100,100,100,100,100,100,35;OOOOOOOT;100;0;44097;8
[RECV] BSDC91 notify: TR;3;3736;f;0;ff;ff;3277,2758,2411,2761,3411,2896,2181,2971;3277,2758,2411,2761,3411,2896,2181,2971;100,100,100,100,100,100,100,38;OOOOOOOO;92;0;701;8
[RECV] BS2DCE notify: CD;1;3746;tag=1;local=0xb101;status=0x02806f02;rxf=0x0756c814;win=8165;pc=8;mask=0xff;resp=8;unexp=0;last_len=20;last_src=0xa107;last_dst=0xb101;last_code=0xe1
[RECV] BS2DCE notify: TR;3;3747;f;0;ff;ff;2534,3083,3301,2680,2419,2966,3089,2697;2534,3083,3301,2680,2419,2966,3089,2697;100,100,100,100,100,100,100,90;OOOOOOOO;98;0;15563;8
[RECV] BSDC91 notify: TR;3;3737;f;0;ff;7f;3329,2743,2390,2715,3522,2793,2129,0;3329,2743,2390,2715,3522,2793,2129,2971;100,100,100,100,100,100,100,36;OOOOOOOT;100;0;671;8
[RECV] BS2DCE notify: TR;3;3748;f;0;ff;ff;2983,3088,3338,2744,2359,3005,3095,2645;2983,3088,3338,2744,2359,3005,3095,2645;100,100,100,100,100,100,100,90;OOOOOOOO;98;0;701;8
[RECV] BSDC91 notify: TR;3;3738;f;0;ff;7f;3311,2713,2372,2845,3648,2762,2135,0;3311,2713,2372,2845,3648,2762,2135,2971;100,100,100,100,100,100,100,35;OOOOOOOT;100;0;671;8
[RECV] BS2DCE notify: TR;3;3749;f;0;ff;ff;2716,3137,3386,2674,2445,3069,3040,2557;2716,3137,3386,2674,2445,3069,3040,2557;100,100,100,100,100,100,100,90;OOOOOOOO;98;0;701;8
[RECV] BSDC91 notify: TR;3;3739;f;0;ff;ff;3395,2631,2273,3093,3866,2549,2101,2916;3395,2631,2273,3093,3866,2549,2101,2916;100,100,100,100,100,100,100,38;OOOOOOOO;92;0;701;8
[RECV] BSDC91 notify: TR;3;3740;f;0;ff;7f;3362,2576,2307,2953,3272,2473,2259,0;3362,2576,2307,2953,3272,2473,2259,2916;100,100,100,100,100,100,100,36;OOOOOOOT;100;0;671;8
[RECV] BS2DCE notify: TR;3;3750;f;0;ff;ff;2625,3160,3304,2575,2632,3032,3099,2578;2625,3160,3304,2575,2632,3032,3099,2578;100,100,100,100,100,100,100,91;OOOOOOOO;98;0;701;8
[RECV] BS2DCE notify: TR;3;3751;f;0;ff;ff;2484,3116,3414,2629,2574,3051,3095,2484;2484,3116,3414,2629,2574,3051,3095,2484;100,100,100,100,100,100,100,91;OOOOOOOO;98;0;671;8
[RECV] BSDC91 notify: TR;3;3741;f;0;ff;7f;3410,2563,2249,3292,3510,2461,2290,0;3410,2563,2249,3292,3510,2461,2290,2916;100,100,100,100,100,100,100,34;OOOOOOOT;100;0;671;8
[RECV] BS2DCE notify: TR;3;3752;f;0;ff;ff;2508,3137,3386,2487,2571,3005,3172,2484;2508,3137,3386,2487,2571,3005,3172,2484;100,100,100,100,100,100,100,92;OOOOOOOO;99;0;701;8
[RECV] BSDC91 notify: TR;3;3742;f;0;ff;ff;3414,2501,2261,3218,3464,2471,2147,3125;3414,2501,2261,3218,3464,2471,2147,3125;100,100,100,100,100,100,100,37;OOOOOOOO;92;0;701;8
[RECV] BS2DCE notify: TR;3;3753;f;0;ff;fd;2517,0,3447,2454,2557,3094,3171,2426;2517,3137,3447,2454,2557,3094,3171,2426;100,96,100,100,100,100,100,92;OTOOOOOO;98;0;671;8
[RECV] BSDC91 notify: TR;3;3743;f;0;ff;7f;3335,2432,2303,3369,3393,2421,2526,0;3335,2432,2303,3369,3393,2421,2526,3125;100,100,100,100,100,100,100,36;OOOOOOOT;100;0;671;8
[RECV] BSDC91 notify: TR;3;3744;f;0;ff;7f;3332,2501,2326,3360,3351,2438,2412,0;3332,2501,2326,3360,3351,2438,2412,3125;100,100,100,100,100,100,100,34;OOOOOOOT;100;0;671;8
[RECV] BS2DCE notify: RXG;1;3753;tag=1;mask=0xff;pc=8;guard=1200;spacing=1000;win=8165;pre=1;slot_to_entry_us=0;slot_to_sched_us=0;slot_to_write_done_us=0;slot_to_txcmd_us=274;slot_to_txdone_us=610;txcmd_to_txdone_us=335;txdone_to_rxstart_us=61;txdone_to_rxend_us=183;rxenable_
[RECV] BS2DCE notify: TR;3;3754;f;0;ff;ff;2500,3159,3336,2416,2546,3189,3168,2351;2500,3159,3336,2416,2546,3189,3168,2351;100,96,100,100,100,100,100,92;OOOOOOOO;98;0;29846;8
[RECV] BS2DCE notify: TR;3;3755;f;0;ff;ff;2487,3214,3293,2533,2642,3267,3076,2362;2487,3214,3293,2533,2642,3267,3076,2362;100,96,100,100,100,100,100,92;OOOOOOOO;98;0;701;8
[RECV] BSDC91 notify: RXG;1;3744;tag=2;mask=0xff;pc=8;guard=1200;spacing=1000;win=8165;pre=1;slot_to_entry_us=0;slot_to_sched_us=0;slot_to_write_done_us=0;slot_to_txcmd_us=274;slot_to_txdone_us=610;txcmd_to_txdone_us=335;txdone_to_rxstart_us=122;txdone_to_rxend_us=244;rxenable
[RECV] BS2DCE notify: TR;3;3756;f;0;ff;ff;2542,3281,3325,2463,2661,3284,3048,2364;2542,3281,3325,2463,2661,3284,3048,2364;100,96,100,100,100,100,100,93;OOOOOOOO;98;0;701;8
[RECV] BSDC91 notify: CD;1;3744;tag=2;local=0xb102;status=0x00806f02;rxf=0x0786c814;win=8165;pc=8;mask=0xff;resp=8;unexp=0;last_len=20;last_src=0xa107;last_dst=0xb102;last_code=0xe1
[RECV] BSDC91 notify: TR;3;3745;f;0;ff;ff;3338,2397,2379,3211,3410,2342,2348,3065;3338,2397,2379,3211,3410,2342,2348,3065;100,100,100,100,100,100,100,37;OOOOOOOO;92;0;44525;8
[RECV] BSDC91 notify: TR;3;3746;f;0;ff;7f;3361,2357,2409,3238,3426,2349,2341,0;3361,2357,2409,3238,3426,2349,2341,3065;100,100,100,100,100,100,100,35;OOOOOOOT;100;0;671;8
[RECV] BSDC91 notify: TR;3;3747;f;0;ff;7f;3398,2353,2446,3242,3234,2283,2406,0;3398,2353,2446,3242,3234,2283,2406,3065;100,100,100,100,100,100,100,34;OOOOOOOT;100;0;671;8
[RECV] BS2DCE notify: CD;1;3756;tag=1;local=0xb101;status=0x02806f02;rxf=0x0766c814;win=8165;pc=8;mask=0xff;resp=8;unexp=0;last_len=20;last_src=0xa107;last_dst=0xb101;last_code=0xe1
[RECV] BS2DCE notify: TR;3;3757;f;0;ff;ff;2544,3208,3381,2335,2570,3231,3034,2339;2544,3208,3381,2335,2570,3231,3034,2339;100,96,100,100,100,100,100,93;OOOOOOOO;98;0;15533;8
[RECV] BS2DCE notify: TR;3;3758;f;0;ff;ff;2698,3222,3338,2370,2654,3252,3018,2372;2698,3222,3338,2370,2654,3252,3018,2372;100,96,100,100,100,100,100,93;OOOOOOOO;98;0;701;8
[RECV] BSDC91 notify: TR;3;3748;f;0;ff;ff;3350,2387,2485,3128,3200,2215,2441,3286;3350,2387,2485,3128,3200,2215,2441,3286;100,100,100,100,100,100,100,36;OOOOOOOO;92;0;701;8
[RECV] BS2DCE notify: TR;3;3759;f;0;ff;ff;2639,3340,3224,2466,2657,3251,2950,2387;2639,3340,3224,2466,2657,3251,2950,2387;100,96,100,100,100,100,100,93;OOOOOOOO;98;0;701;8
[RECV] BSDC91 notify: TR;3;3749;f;0;ff;7f;3256,2514,2541,3290,3155,2316,2464,0;3256,2514,2541,3290,3155,2316,2464,3286;100,100,100,100,100,100,100,35;OOOOOOOT;100;0;671;8
[RECV] BS2DCE notify: TR;3;3760;f;0;ff;ff;2669,3477,3159,2504,2790,3377,3056,2419;2669,3477,3159,2504,2790,3377,3056,2419;100,100,100,100,100,100,100,94;OOOOOOOO;99;0;671;8
[RECV] BSDC91 notify: TR;3;3750;f;0;ff;7f;3203,2500,2557,3326,3113,2306,2557,0;3203,2500,2557,3326,3113,2306,2557,3286;100,100,100,100,100,100,100,34;OOOOOOOT;100;0;671;8
[RECV] BS2DCE notify: TR;3;3761;f;0;ff;ff;2790,3432,3112,2628,2782,3378,3057,2481;2790,3432,3112,2628,2782,3378,3057,2481;100,100,100,100,100,100,100,94;OOOOOOOO;99;0;701;8
[RECV] BS2DCE notify: TR;3;3762;f;0;ff;ff;2839,3375,3015,2554,2846,3430,2967,2365;2839,3375,3015,2554,2846,3430,2967,2365;100,100,100,100,100,100,100,94;OOOOOOOO;99;0;701;8
[RECV] BSDC91 notify: TR;3;3751;f;0;ff;ff;3148,2442,2672,3347,3032,2394,2555,3240;3148,2442,2672,3347,3032,2394,2555,3240;100,100,100,100,100,100,100,41;OOOOOOOO;92;0;701;8
[RECV] BSDC91 notify: TR;3;3752;f;0;ff;7f;3096,2430,2696,3343,3249,3247,2557,0;3096,2430,2696,3343,3249,3247,2557,3240;100,100,100,100,100,100,100,38;OOOOOOOT;100;0;671;8
[RECV] BS2DCE notify: TR;3;3763;f;0;ff;ff;3403,3450,2991,2492,2779,3288,2884,2673;3403,3450,2991,2492,2779,3288,2884,2673;100,100,100,100,100,100,100,95;OOOOOOOO;99;0;701;8
[RECV] BSDC91 notify: TR;3;3753;f;0;ff;7f;2992,2363,2744,3522,3284,2529,2609,0;2992,2363,2744,3522,3284,2529,2609,3240;100,100,100,100,100,100,100,36;OOOOOOOT;100;0;671;8
[RECV] BS2DCE notify: RXG;1;3763;tag=1;mask=0xff;pc=8;guard=1200;spacing=1000;win=8165;pre=1;slot_to_entry_us=0;slot_to_sched_us=0;slot_to_write_done_us=0;slot_to_txcmd_us=274;slot_to_txdone_us=610;txcmd_to_txdone_us=335;txdone_to_rxstart_us=61;txdone_to_rxend_us=213;rxenable_
[RECV] BS2DCE notify: TR;3;3764;f;0;ff;ff;3265,3432,2970,2323,2848,3366,2920,2635;3265,3432,2970,2323,2848,3366,2920,2635;100,100,100,100,100,100,100,95;OOOOOOOO;99;0;29907;8
[RECV] BSDC91 notify: TR;3;3754;f;0;ff;ff;2977,2333,2748,3433,3116,2431,2701,3289;2977,2333,2748,3433,3116,2431,2701,3289;100,100,100,100,100,100,100,40;OOOOOOOO;92;0;701;8
[RECV] BS2DCE notify: TR;3;3765;f;0;ff;fd;3138,0,2944,2498,2923,3348,2832,2535;3138,3432,2944,2498,2923,3348,2832,2535;100,95,100,100,100,100,100,95;OTOOOOOO;99;0;671;8
[RECV] BS2DCE notify: TR;3;3766;f;0;ff;ff;3204,3312,2922,2404,2879,3273,2819,2347;3204,3312,2922,2404,2879,3273,2819,2347;100,95,100,100,100,100,100,95;OOOOOOOO;98;0;701;8
[RECV] BS2DCE notify: CD;1;3766;tag=1;local=0xb101;status=0x02806f02;rxf=0x0776c814;win=8165;pc=8;mask=0xff;resp=8;unexp=0;last_len=20;last_src=0xa107;last_dst=0xb101;last_code=0xe1
[RECV] BS2DCE notify: TR;3;3767;f;0;ff;ff;3178,3334,2786,2456,2855,3200,2789,2564;3178,3334,2786,2456,2855,3200,2789,2564;100,95,100,100,100,100,100,95;OOOOOOOO;98;0;15533;8
[RECV] BS2DCE notify: TR;3;3768;f;0;ff;ff;3094,3241,2785,2477,2911,3213,2723,2653;3094,3241,2785,2477,2911,3213,2723,2653;100,96,100,100,100,100,100,96;OOOOOOOO;99;0;701;8
[RECV] BS2DCE notify: TR;3;3769;f;0;ff;ff;3062,3140,2710,2697,3004,3312,2681,2624;3062,3140,2710,2697,3004,3312,2681,2624;100,96,100,100,100,100,100,96;OOOOOOOO;99;0;671;8
[RECV] BSDC91 notify: RXG;1;3754;tag=2;mask=0xff;pc=8;guard=1200;spacing=1000;win=8165;pre=1;slot_to_entry_us=0;slot_to_sched_us=0;slot_to_write_done_us=0;slot_to_txcmd_us=274;slot_to_txdone_us=610;txcmd_to_txdone_us=335;txdone_to_rxstart_us=61;txdone_to_rxend_us=183;rxenable_
[RECV] BSDC91 notify: CD;1;3754;tag=2;local=0xb102;status=0x00800b02;rxf=0x0796c814;win=8165;pc=8;mask=0xff;resp=7;unexp=0;last_len=20;last_src=0xa106;last_dst=0xb102;last_code=0xe1
[RECV] BS2DCE notify: TR;3;3770;f;0;ff;ff;3063,3097,2706,2726,3025,3246,2614,2684;3063,3097,2706,2726,3025,3246,2614,2684;100,96,100,100,100,100,100,96;OOOOOOOO;99;0;732;8
[RECV] BSDC91 notify: TR;3;3755;f;0;ff;7f;2953,2406,2791,3245,2927,2400,2681,0;2953,2406,2791,3245,2927,2400,2681,3289;100,100,100,100,100,100,100,38;OOOOOOOT;100;0;44189;8
[RECV] BSDC91 notify: TR;3;3756;f;0;ff;7f;2817,2428,2914,3283,2851,2368,2762,0;2817,2428,2914,3283,2851,2368,2762,3289;100,100,100,100,100,100,100,36;OOOOOOOT;100;0;671;8
[RECV] BS2DCE notify: TR;3;3771;f;0;ff;ff;3156,3139,2682,2713,3129,3176,2534,2550;3156,3139,2682,2713,3129,3176,2534,2550;100,96,100,100,100,100,100,96;OOOOOOOO;99;0;701;8
[RECV] BSDC91 notify: TR;3;3757;f;0;ff;ff;2735,2444,2979,3289,2826,2497,2789,3195;2735,2444,2979,3289,2826,2497,2789,3195;100,100,100,100,100,100,100,39;OOOOOOOO;92;0;701;8
[RECV] BSDC91 notify: TR;3;3758;f;0;ff;7f;2723,2470,3002,3207,2733,2535,2765,0;2723,2470,3002,3207,2733,2535,2765,3195;100,100,100,100,100,100,100,37;OOOOOOOT;100;0;671;8
[RECV] BSDC91 notify: TR;3;3759;f;0;ff;7f;2667,2525,3074,3247,2533,2565,2927,0;2667,2525,3074,3247,2533,2565,2927,3195;100,100,100,100,100,100,100,36;OOOOOOOT;100;0;671;8
[RECV] BSDC91 notify: TR;3;3760;f;0;ff;ff;2658,2584,3139,3199,2471,2611,2860,2968;2658,2584,3139,3199,2471,2611,2860,2968;100,100,100,100,100,100,100,38;OOOOOOOO;92;0;701;8
[RECV] BS2DCE notify: TR;3;3772;f;0;ff;ff;3156,3049,2629,2756,3230,3185,2486,2272;3156,3049,2629,2756,3230,3185,2486,2272;100,96,100,100,100,100,100,96;OOOOOOOO;99;0;701;8
[RECV] BSDC91 notify: TR;3;3761;f;0;ff;7f;2613,2588,3158,3026,2479,2726,2936,0;2613,2588,3158,3026,2479,2726,2936,2968;100,100,100,100,100,100,100,37;OOOOOOOT;100;0;671;8
[RECV] BSDC91 notify: TR;3;3762;f;0;ff;ff;2589,2661,3358,3100,2393,2684,2958,2707;2589,2661,3358,3100,2393,2684,2958,2707;100,100,100,100,100,100,100,39;OOOOOOOO;92;0;671;8
[RECV] BS2DCE notify: TR;3;3773;f;0;ff;ff;3084,3007,2576,2879,3292,3066,2454,2211;3084,3007,2576,2879,3292,3066,2454,2211;100,96,100,100,100,100,100,96;OOOOOOOO;99;0;701;8
[RECV] BS2DCE notify: RXG;1;3773;tag=1;mask=0xff;pc=8;guard=1200;spacing=1000;win=8165;pre=1;slot_to_entry_us=0;slot_to_sched_us=0;slot_to_write_done_us=0;slot_to_txcmd_us=274;slot_to_txdone_us=610;txcmd_to_txdone_us=335;txdone_to_rxstart_us=61;txdone_to_rxend_us=213;rxenable_
[RECV] BS2DCE notify: TR;3;3774;f;0;ff;ff;3134,3001,2620,2831,3272,3086,2397,2788;3134,3001,2620,2831,3272,3086,2397,2788;100,96,100,100,100,100,100,96;OOOOOOOO;99;0;29998;8
[RECV] BSDC91 notify: TR;3;3763;f;0;ff;ff;2599,2780,3399,2923,2368,2583,3012,2839;2599,2780,3399,2923,2368,2583,3012,2839;100,100,100,100,100,100,100,41;OOOOOOOO;92;0;701;8
[RECV] BSDC91 notify: TR;3;3764;f;0;ff;7f;2440,2822,3430,2889,2270,2713,3105,0;2440,2822,3430,2889,2270,2713,3105,2839;100,100,100,100,100,100,100,40;OOOOOOOT;100;0;671;8
[RECV] BS2DCE notify: TR;3;3775;f;0;ff;ff;3126,2972,2637,2986,3130,2971,2349,2904;3126,2972,2637,2986,3130,2971,2349,2904;100,96,100,100,100,100,100,96;OOOOOOOO;99;0;671;8
[RECV] BS2DCE notify: TR;3;3776;f;0;ff;ff;3118,2920,2638,3183,3326,3046,2341,2832;3118,2920,2638,3183,3326,3046,2341,2832;100,100,100,100,100,100,100,100;OOOOOOOO;100;0;701;8
[RECV] BSDC91 notify: RXG;1;3764;tag=2;mask=0xff;pc=8;guard=1200;spacing=1000;win=8165;pre=1;slot_to_entry_us=0;slot_to_sched_us=0;slot_to_write_done_us=0;slot_to_txcmd_us=396;slot_to_txdone_us=701;txcmd_to_txdone_us=305;txdone_to_rxstart_us=91;txdone_to_rxend_us=213;rxenable_
[RECV] BSDC91 notify: CD;1;3764;tag=2;local=0xb102;status=0x00806f02;rxf=0x07a6c814;win=8165;pc=8;mask=0xff;resp=8;unexp=0;last_len=20;last_src=0xa107;last_dst=0xb102;last_code=0xe1
[RECV] BSDC91 notify: TR;3;3765;f;0;ff;ff;2399,2996,3344,2795,2264,2881,3137,2742;2399,2996,3344,2795,2264,2881,3137,2742;100,100,100,100,100,100,100,41;OOOOOOOO;92;0;44342;8
[RECV] BSDC91 notify: TR;3;3766;f;0;ff;ff;2497,2995,3341,2740,2240,2973,3127,2861;2497,2995,3341,2740,2240,2973,3127,2861;100,100,100,100,100,100,100,43;OOOOOOOO;92;0;701;8
[RECV] BS2DCE notify: CD;1;3776;tag=1;local=0xb101;status=0x02806f02;rxf=0x0766c814;win=8165;pc=8;mask=0xff;resp=8;unexp=0;last_len=20;last_src=0xa107;last_dst=0xb101;last_code=0xe1
[RECV] BS2DCE notify: TR;3;3777;f;0;ff;ff;3169,2828,2542,3054,3326,2904,2262,2911;3169,2828,2542,3054,3326,2904,2262,2911;100,100,100,100,100,100,100,100;OOOOOOOO;100;0;15563;8
[RECV] BS2DCE notify: TR;3;3778;f;0;ff;ff;3206,2834,2598,2853,3382,2824,2303,2914;3206,2834,2598,2853,3382,2824,2303,2914;100,100,100,100,100,100,100,100;OOOOOOOO;100;0;701;8
[RECV] BS2DCE notify: TR;3;3779;f;0;ff;ff;3259,2762,2665,3004,3292,2792,2302,2883;3259,2762,2665,3004,3292,2792,2302,2883;100,100,100,100,100,100,100,100;OOOOOOOO;100;0;701;8
[RECV] BSDC91 notify: TR;3;3767;f;0;ff;7f;2592,3105,3407,2735,2306,3046,3193,0;2592,3105,3407,2735,2306,3046,3193,2861;100,100,100,100,100,100,100,41;OOOOOOOT;100;0;671;8
[RECV] BSDC91 notify: TR;3;3768;f;0;ff;7f;2606,3069,3374,2699,2269,3031,3225,0;2606,3069,3374,2699,2269,3031,3225,2861;100,100,100,100,100,100,100,38;OOOOOOOT;100;0;671;8
[RECV] BS2DCE notify: TR;3;3780;f;0;ff;ff;3354,2731,2700,2801,3381,2747,2323,2926;3354,2731,2700,2801,3381,2747,2323,2926;100,100,100,100,100,100,100,100;OOOOOOOO;100;0;671;8
[RECV] BSDC91 notify: TR;3;3769;f;0;ff;ff;2557,3104,3325,2598,2345,3016,3219,2531;2557,3104,3325,2598,2345,3016,3219,2531;100,100,100,100,100,100,100,42;OOOOOOOO;92;0;793;8
[RECV] BSDC91 notify: TR;3;3770;f;0;ff;7f;2452,3122,3407,2635,2326,3084,3193,0;2452,3122,3407,2635,2326,3084,3193,2531;100,100,100,100,100,100,100,40;OOOOOOOT;100;0;671;8
[RECV] BS2DCE notify: TR;3;3781;f;0;ff;ff;3360,2651,2530,2965,3410,2564,2342,2924;3360,2651,2530,2965,3410,2564,2342,2924;100,100,100,100,100,100,100,100;OOOOOOOO;100;0;671;8
[RECV] BSDC91 notify: TR;3;3771;f;0;ff;7f;2360,3131,3489,2467,2260,3086,3274,0;2360,3131,3489,2467,2260,3086,3274,2531;100,100,100,100,100,100,100,38;OOOOOOOT;100;0;701;8
[RECV] BS2DCE notify: TR;3;3782;f;0;ff;ff;3347,2590,2546,3105,3661,2593,2374,2673;3347,2590,2546,3105,3661,2593,2374,2673;100,100,100,100,100,100,100,100;OOOOOOOO;100;0;701;8
[RECV] BSDC91 notify: TR;3;3772;f;0;ff;ff;2342,3245,3358,2385,2325,3185,3054,2410;2342,3245,3358,2385,2325,3185,3054,2410;100,100,100,100,100,100,100,40;OOOOOOOO;92;0;701;8
[RECV] BS2DCE notify: TR;3;3783;f;0;ff;ff;3318,2655,2520,3027,3547,2519,2308,2985;3318,2655,2520,3027,3547,2519,2308,2985;100,100,100,100,100,100,100,100;OOOOOOOO;100;0;701;8
[RECV] BSDC91 notify: TR;3;3773;f;0;ff;7f;2350,3224,3600,2392,2343,3114,3364,0;2350,3224,3600,2392,2343,3114,3364,2410;100,100,100,100,100,100,100,39;OOOOOOOT;100;0;671;8
[RECV] BS2DCE notify: RXG;1;3783;tag=1;mask=0xff;pc=8;guard=1200;spacing=1000;win=8165;pre=1;slot_to_entry_us=0;slot_to_sched_us=0;slot_to_write_done_us=0;slot_to_txcmd_us=274;slot_to_txdone_us=610;txcmd_to_txdone_us=335;txdone_to_rxstart_us=61;txdone_to_rxend_us=183;rxenable_
[RECV] BS2DCE notify: TR;3;3784;f;0;ff;fe;0,2604,2489,3074,3471,2542,2679,3010;3318,2604,2489,3074,3471,2542,2679,3010;96,100,100,100,100,100,100,100;TOOOOOOO;100;0;29815;8
[RECV] BS2DCE notify: TR;3;3785;f;0;ff;ff;3230,2562,2551,3096,3457,2403,2613,3097;3230,2562,2551,3096,3457,2403,2613,3097;96,100,100,100,100,100,100,100;OOOOOOOO;99;0;701;8
[RECV] BSDC91 notify: TR;3;3774;f;0;ff;7f;2317,3248,3432,2262,2379,3132,3302,0;2317,3248,3432,2262,2379,3132,3302,2410;100,100,100,100,100,100,100,37;OOOOOOOT;100;0;701;8
[RECV] BS2DCE notify: TR;3;3786;f;0;ff;ff;3193,2536,2518,3162,3345,2385,2603,3079;3193,2536,2518,3162,3345,2385,2603,3079;96,100,100,100,100,100,100,100;OOOOOOOO;99;0;671;8
[RECV] BSDC91 notify: RXG;1;3774;tag=2;mask=0xff;pc=8;guard=1200;spacing=1000;win=8165;pre=1;slot_to_entry_us=0;slot_to_sched_us=0;slot_to_write_done_us=0;slot_to_txcmd_us=274;slot_to_txdone_us=610;txcmd_to_txdone_us=335;txdone_to_rxstart_us=61;txdone_to_rxend_us=244;rxenable_
[RECV] BSDC91 notify: CD;1;3774;tag=2;local=0xb102;status=0x00806f02;rxf=0x07c6c814;win=8165;pc=8;mask=0xff;resp=8;unexp=0;last_len=20;last_src=0xa107;last_dst=0xb102;last_code=0xe1
[RECV] BSDC91 notify: TR;3;3775;f;0;ff;ff;2385,3245,3510,2275,2391,3213,3252,2279;2385,3245,3510,2275,2391,3213,3252,2279;100,100,100,100,100,100,100,40;OOOOOOOO;92;0;44555;8
[RECV] BSDC91 notify: TR;3;3776;f;0;ff;7f;2355,3277,3429,2371,2457,3454,3198,0;2355,3277,3429,2371,2457,3454,3198,2279;100,100,100,100,100,100,100,38;OOOOOOOT;100;0;671;8
[RECV] BS2DCE notify: CD;1;3786;tag=1;local=0xb101;status=0x02806f02;rxf=0x07a6c814;win=8165;pc=8;mask=0xff;resp=8;unexp=0;last_len=20;last_src=0xa107;last_dst=0xb101;last_code=0xe1
[RECV] BS2DCE notify: TR;3;3787;f;0;ff;ff;3373,2563,2541,3069,3312,2467,2659,3085;3373,2563,2541,3069,3312,2467,2659,3085;96,100,100,100,100,100,100,100;OOOOOOOO;99;0;15502;8
[RECV] BSDC91 notify: TR;3;3777;f;0;ff;7f;2398,3365,3484,2243,2491,3314,3082,0;2398,3365,3484,2243,2491,3314,3082,2279;100,100,100,100,100,100,100,37;OOOOOOOT;100;0;701;8
[RECV] BSDC91 notify: TR;3;3778;f;0;ff;ff;2446,3286,3467,2270,2586,3409,3033,2278;2446,3286,3467,2270,2586,3409,3033,2278;100,100,100,100,100,100,100,39;OOOOOOOO;92;0;701;8
[RECV] BS2DCE notify: TR;3;3788;f;0;ff;ff;3252,2493,2654,3025,3282,2379,2633,2767;3252,2493,2654,3025,3282,2379,2633,2767;96,100,100,100,100,100,100,100;OOOOOOOO;99;0;701;8
[RECV] BS2DCE notify: TR;3;3789;f;0;ff;ff;3191,2537,2695,3163,3135,2543,2706,3236;3191,2537,2695,3163,3135,2543,2706,3236;96,100,100,100,100,100,100,100;OOOOOOOO;99;0;701;8
[RECV] BSDC91 notify: TR;3;3779;f;0;ff;7f;2570,3422,3238,2367,2571,3392,3133,0;2570,3422,3238,2367,2571,3392,3133,2278;100,100,100,100,100,100,100,37;OOOOOOOT;100;0;671;8
[RECV] BS2DCE notify: TR;3;3790;f;0;ff;ff;3154,2661,2676,3244,3154,2387,2682,3074;3154,2661,2676,3244,3154,2387,2682,3074;96,100,100,100,100,100,100,100;OOOOOOOO;99;0;701;8
[RECV] BS2DCE notify: TR;3;3791;f;0;ff;ff;3106,2694,2748,3262,3074,2513,2682,3190;3106,2694,2748,3262,3074,2513,2682,3190;96,100,100,100,100,100,100,100;OOOOOOOO;99;0;701;8
[RECV] BSDC91 notify: TR;3;3780;f;0;ff;7f;2559,3448,3143,2432,2618,3447,3093,0;2559,3448,3143,2432,2618,3447,3093,2278;100,100,100,100,100,100,100,36;OOOOOOOT;100;0;671;8
[RECV] BSDC91 notify: TR;3;3781;f;0;ff;ff;2685,3454,3116,2393,2738,3729,3246,2111;2685,3454,3116,2393,2738,3729,3246,2111;100,100,100,100,100,100,100,38;OOOOOOOO;92;0;701;8
[RECV] BSDC91 notify: TR;3;3782;f;0;ff;7f;2709,3642,3061,2219,2816,3358,3080,0;2709,3642,3061,2219,2816,3358,3080,2111;100,100,100,100,100,100,100,37;OOOOOOOT;100;0;671;8
[RECV] BS2DCE notify: TR;3;3792;f;0;ff;ff;3081,2621,2810,3346,3026,2639,2649,3218;3081,2621,2810,3346,3026,2639,2649,3218;100,100,100,100,100,100,100,100;OOOOOOOO;100;0;701;8
[RECV] BS2DCE notify: TR;3;3793;f;0;ff;ff;3033,2503,2772,3288,2896,2534,2717,2908;3033,2503,2772,3288,2896,2534,2717,2908;100,100,100,100,100,100,100,100;OOOOOOOO;100;0;671;8
[RECV] BSDC91 notify: TR;3;3783;f;0;ff;7f;2797,3634,2983,2162,2943,3436,3018,0;2797,3634,2983,2162,2943,3436,3018,2111;100,100,100,100,100,100,100,35;OOOOOOOT;100;0;671;8
[RECV] BS2DCE notify: RXG;1;3793;tag=1;mask=0xff;pc=8;guard=1200;spacing=1000;win=8165;pre=1;slot_to_entry_us=0;slot_to_sched_us=0;slot_to_write_done_us=0;slot_to_txcmd_us=274;slot_to_txdone_us=610;txcmd_to_txdone_us=335;txdone_to_rxstart_us=61;txdone_to_rxend_us=183;rxenable_
[RECV] BS2DCE notify: TR;3;3794;f;0;ff;ff;2958,2558,2814,3395,2902,2694,2662,3285;2958,2558,2814,3395,2902,2694,2662,3285;100,100,100,100,100,100,100,100;OOOOOOOO;100;0;30090;8
[RECV] BSDC91 notify: TR;3;3784;f;0;ff;ff;3464,3490,2859,2210,2938,3469,2887,2350;3464,3490,2859,2210,2938,3469,2887,2350;100,100,100,100,100,100,100,38;OOOOOOOO;92;0;671;8
[RECV] BSDC91 notify: RXG;1;3784;tag=2;mask=0xff;pc=8;guard=1200;spacing=1000;win=8165;pre=1;slot_to_entry_us=0;slot_to_sched_us=0;slot_to_write_done_us=0;slot_to_txcmd_us=274;slot_to_txdone_us=610;txcmd_to_txdone_us=335;txdone_to_rxstart_us=61;txdone_to_rxend_us=183;rxenable_
[RECV] BSDC91 notify: CD;1;3784;tag=2;local=0xb102;status=0x00800b02;rxf=0x0786c814;win=8165;pc=8;mask=0xff;resp=7;unexp=0;last_len=20;last_src=0xa106;last_dst=0xb102;last_code=0xe1
[RECV] BSDC91 notify: TR;3;3785;f;0;ff;7f;3561,3451,2858,2279,2972,3483,2920,0;3561,3451,2858,2279,2972,3483,2920,2350;100,100,100,100,100,100,100,36;OOOOOOOT;100;0;44189;8
[RECV] BS2DCE notify: TR;3;3795;f;0;ff;ff;2983,2537,2865,3012,3057,2552,2639,3286;2983,2537,2865,3012,3057,2552,2639,3286;100,100,100,100,100,100,100,100;OOOOOOOO;100;0;701;8
[RECV] BSDC91 notify: TR;3;3786;f;0;ff;ff;3633,3551,2826,2316,2945,3390,2890,2388;3633,3551,2826,2316,2945,3390,2890,2388;100,100,100,100,100,100,100,40;OOOOOOOO;92;0;671;8
[RECV] BS2DCE notify: TR;3;3796;f;0;ff;ff;2940,2556,2885,3603,2919,2559,2680,3163;2940,2556,2885,3603,2919,2559,2680,3163;100,100,100,100,100,100,100,100;OOOOOOOO;100;0;701;8
[RECV] BS2DCE notify: CD;1;3796;tag=1;local=0xb101;status=0x02806f02;rxf=0x0796c814;win=8165;pc=8;mask=0xff;resp=8;unexp=0;last_len=20;last_src=0xa107;last_dst=0xb101;last_code=0xe1
[RECV] BS2DCE notify: TR;3;3797;f;0;ff;ff;2831,2565,2944,3450,2860,2582,2802,3005;2831,2565,2944,3450,2860,2582,2802,3005;100,100,100,100,100,100,100,100;OOOOOOOO;100;0;15625;8
[RECV] BSDC91 notify: TR;3;3787;f;0;ff;ff;3086,3416,2748,2284,2958,3360,2699,2425;3086,3416,2748,2284,2958,3360,2699,2425;100,100,100,100,100,100,100,42;OOOOOOOO;92;0;671;8
[RECV] BS2DCE notify: TR;3;3798;f;0;ff;ff;2786,2592,3068,3490,2773,2640,2812,3126;2786,2592,3068,3490,2773,2640,2812,3126;100,100,100,100,100,100,100,100;OOOOOOOO;100;0;701;8
[RECV] BSDC91 notify: TR;3;3788;f;0;ff;7f;3103,3308,2667,2299,2916,3340,2579,0;3103,3308,2667,2299,2916,3340,2579,2425;100,100,100,100,100,100,100,40;OOOOOOOT;100;0;671;8
[[
[HOST_CLEANUP 459721.987] stop all tag ranging via cmd_all MODE AOTA
[HOST_CMD 459721.987] cmd_all MODE AOTA
RECV] BSDC91 notify: TR;3;3789;f;0;ff;7f;3173,3285,2608,2540,3005,3407,2567,0;3173,3285,2608,2540,3005,3407,2567,2425;100,100,100,100,100,100,100,39;OOOOOOOT;100;0;701;8
[RECV] BLE cmd_all sent[0]: MODE AOTA
[RECV] BLE cmd_all sent[1]: MODE AOTA
[RECV] cmd_all rc=2 payload=MODE AOTA
[RECV] BSDC91 notify: MODE_OK MODE=AOTA LIVE=1
[RECV] BS2DCE notify: TR;3;3799;f;0;ff;ff;2752,2653,3171,3295,2607,2697,2776,3119;2752,2653,3171,3295,2607,2697,2776,3119;100,100,100,100,100,100,100,100;OOOOOOOO;100;0;671;8
[RECV] BS2DCE notify: TR;3;3800;f;0;ff;ff;2736,2649,3269,3124,2566,2703,2854,3128;2736,2649,3269,3124,2566,2703,2854,3128;100,100,100,100,100,100,100,100;OOOOOOOO;100;0;701;8
[RECV] BS2DCE notify: MODE_OK MODE=AOTA LIVE=1
[RECV] BSDC91 notify: TR;3;3790;f;0;ff;ff;3188,3174,2560,2519,3095,3512,2404,2490;3188,3174,2560,2519,3095,3512,2404,2490;100,100,100,100,100,100,100,41;OOOOOOOO;92;0;671;8
[RECV] BSDC91 notify: TD;1;3790;3;anchor_ota;0;0;1;0;25;0;0;0;8;0
[RECV] BS2DCE notify: TR;3;3801;f;0;ff;ff;2719,2662,3252,3040,2564,2721,2926,2963;2719,2662,3252,3040,2564,2721,2926,2963;100,100,100,100,100,100,100,100;OOOOOOOO;100;0;701;8
[RECV] BS2DCE notify: TD;1;3801;3;anchor_ota;0;0;1;0;25;0;0;0;8;0
