[RECV] BSF66F notify: TD;1;13738;3;anchor_ota;0;0;1;0;25;0;0;0;8;0
[RECV] BSF66F notify: TD;1;13738;3;anchor_ota;0;0;1;0;25;0;0;0;8;0
[RECV] BSF66F notify: TD;1;13738;3;anchor_ota;0;0;1;0;25;0;0;0;8;0
[RECV] BSF66F notify: TD;1;13738;3;anchor_ota;0;0;1;0;25;0;0;0;8;0
[RECV] BSF66F notify: TD;1;13738;3;anchor_ota;0;0;1;0;25;0;0;0;8;0
[RECV] BSF66F notify: TD;1;13738;3;anchor_ota;0;0;1;0;25;0;0;0;8;0
[RECV] BSF66F notify: TD;1;13738;3;anchor_ota;0;0;1;0;25;0;0;0;8;0
[RECV] BSF66F notify: TD;1;13738;3;anchor_ota;0;0;1;0;25;0;0;0;8;0
[RECV] BSF66F notify: TD;1;13738;3;anchor_ota;0;0;1;0;25;0;0;0;8;0
[RECV] BSF66F notify: TD;1;13738;3;anchor_ota;0;0;1;0;25;0;0;0;8;0
[RECV] BSF66F notify: TD;1;13738;3;anchor_ota;0;0;1;0;25;0;0;0;8;0
[RECV] BSF66F notify: TD;1;13738;3;anchor_ota;0;0;1;0;25;0;0;0;8;0
[RECV] BSF66F notify: TD;1;13738;3;anchor_ota;0;0;1;0;25;0;0;0;8;0
[RECV] BSF66F notify: TD;1;13738;3;anchor_ota;0;0;1;0;25;0;0;0;8;0
[RECV] BSF66F notify: TD;1;13738;3;anchor_ota;0;0;1;0;25;0;0;0;8;0
[REC[HOST_CMD 454087.523] mode recv
[RECV] One-shot NUS command cleared (runtime)
[RECV] Master quiesce peer[0]: connected=1 ready=1 link=nus uuid=-
[RECV] Peer clear wait: waited=0 conn_count=1 ready_count=0
[RECV] Peer clear wait timeout: conn_count=1 ready_count=0
[RECV] RECV clean slate requires reboot: stale BLE links did not clear
[RECV] Control mode staged: RECV
*** Booting nRF Connect SDK v2.8.0-a2386bfc8401 ***
*** Using Zephyr OS v3.7.99-0bc3393fb112 ***
[RECV] LED map: 1=AUTOPOS 2=RECV 3=OTA 4=FLOW
[RECV] Control mode loaded: RECV
[RECV] UART control ready: type 'status' or 'mode recv'/'mode ota'/'mode autopos'
OTA_STATE:target_configured detail=token
OTA NUS stage: enabled
OTA NUS stage: enabled
[RECV] Boot profile tag: auto-connect BS* tag links; TDMA remains host-controlled
OTA target filter: token=-1 name=- prefix=BS uuid=-
[RECV] BioSpur BLE master control ready on nrf5340dk/nrf5340/cpuapp
[RECV] BTN1 toggles RECV/OTA, BTN2 forces OTA mode, BTN3=SCAN, BTN4=CONN&START
[RECV] Commands: status | mode recv | mode ota | mode autopos | scan | conn | initiate
[RECV] OTA runtime cmds: ota_reset | ota show | ota version
[RECV] Runtime NUS cmds: cmd <raw> | cmd_all <raw> | oneshot <raw> | oneshot show | oneshot clear
[RECV] Tag layout cmds: APOS <id> <x_mm> <y_mm> <z_mm> | APOS_TO <BSxxxx> APOS... | APOS_COMMIT | APOS_STATUS | APOS_RESET
[RECV] TDMA cm[RECV] SCAN hit: FC:9A:15:34:AB:20 (random) rssi=-90 name=- bs=BSF66F uuid=- target=tag uuid_ok=1 tag_name=0 anchor_name=0 nus=0 dfu=1 token=1 props=0x03
[RECV] CONNECT queue[0]: addr=FC:9A:15:34:AB:20 (random) link=nus uuid=- target=tag
[RECV] CONNECT pending[0]: addr_valid=1 link=nus uuid=- scan_running=1 conn_count=0
[RECV] CONNECT pending[0]: bt_le_scan_stop rc=0 scan_running=1
[RECV] CONNECT pending[0] rc=0 conn=0x200048a0
[RECV] Connected[0]: FC:9A:15:34:AB:20 (random) name=- bs=BSF66F
[RECV] CONNECT state[0]: link=nus uuid=- ready=0 conn=0x200048a0
SETUP[0] defer: waiting 309 ms before discovery start
SETUP[0] defer: waiting 259 ms before discovery start
[RECV] PHY updated[0]: tx=0x2 rx=0x2
SETUP[0] defer: waiting 209 ms before discovery start
SETUP[0] defer: waiting 158 ms before discovery start
SETUP[0] defer: waiting 108 ms before discovery start
SETUP[0] defer: waiting 58 ms before discovery start
SETUP[0] defer: waiting 7 ms before discovery start
SETUP[0] begin: link=nus uuid=- conn=0x200048a0
SETUP[0] mtu_exchange rc=0
SETUP[0] phy_update rc=0
SETUP[0] conn_param_update rc=0
[RECV] DISC start[0]: link=nus uuid=- conn=0x200048a0
[RECV] MTU exchange[0] done (498)
[RECV] Conn param updated[0]: int=6 lat=0 to=400
[RECV] PHY updated[0]: tx=0x2 rx=0x2
[RECV] DISC complete[0]: link=nus discovered_service=2800 uuid=-
[RECV] BLE[0] link ready
[RECV] CFG assigned[0]: bs=BSF66F tag=1 slot=0/10 mask=0x0021 period=40 active=24 gen=1 pmode=0
[RECV] TDMA weighted[0]: bs=BSF66F profile=motion target=5Hz mask=0x0021 slots=2/10 actual_x100=500 epoch_delay=3000
[RECV] SCAN start req: bt_ready=1 scan_running=0 connecting_slot=-1 conn_count=1 target=tag prefix=BS
[RECV] Scanning for BS*
[RECV] BSF66F notify: TD;1;13738;3;anchor_ota;0;0;1;0;25;0;0;0;8;0
[RECV] CFG confirmed[0]: tag=1 slot=0/10 mask=0x0021 period=40 active=24 gen=1 live=1
[RECV] BSF66F notify: CFG_OK TAG=1 SLOT=0/10 MASK=0x0021 PERIOD=40 ACTIVE=24 GEN=1 LIVE=1
[RECV] BSF66F notify: RXG;1;13738;tag=1;mask=0xff;pc=8;guard=1200;spacing=1000;win=8165;pre=1;slot_to_entry_us=0;slot_to_sched_us=0;slot_to_write_done_us=0;slot_to_txcmd_us=274;slot_to_txdone_us=610;txcmd_to_txdone_us=335;txdone_to_rxstart_us=61;txdone_to_rxend_us=183;rxenable
[RECV] BSF66F notify: CD;1;13738;tag=1;local=0xb101;status=0x00806f02;rxf=0x0776c814;win=8165;pc=8;mask=0xff;resp=8;unexp=0;last_len=20;last_src=0xa107;last_dst=0xb101;last_code=0xe
[RECV] BSF66F notify: TR;3;13739;f;0;ff;ff;1833,3848,4001,2074,2238,3719,3876,1994;1833,3848,4001,2074,2238,3719,3876,1994;100,100,100,100,100,100,100,100;OOOOOOOO;100;0;43823;8
[RECV] BSF66F notify: TR;3;13740;f;0;ff;ff;1822,3840,3959,2060,2229,3809,3879,1963;1822,3840,3959,2060,2229,3809,3879,1963;100,100,100,100,100,100,100,100;OOOOOOOO;100;0;671;8
[RECV] BSF66F notify: TR;3;13741;f;0;ff;ff;1890,3851,3951,2020,2184,3768,3928,1967;1890,3851,3951,2020,2184,3768,3928,1967;100,100,100,100,100,100,100,100;OOOOOOOO;100;0;671;8
[RECV] BSF66F notify: TR;3;13742;f;0;ff;ff;1898,3822,4022,1929,2218,3822,3921,2026;1898,3822,4022,1929,2218,3822,3921,2026;100,100,100,100,100,100,100,100;OOOOOOOO;100;0;671;8
[RECV] BSF66F notify: TR;3;13743;f;0;ff;ff;1823,3815,4005,1925,2272,3803,3898,1962;1823,3815,4005,1925,2272,3803,3898,1962;100,100,100,100,100,100,100,100;OOOOOOOO;100;0;671;8
[RECV] BSF66F notify: TR;3;13744;f;0;ff;ff;1887,3825,4011,2104,2135,3742,3968,1389;1887,3825,4011,2104,2135,3742,3968,1389;100,100,100,100,100,100,100,100;OOOOOOOO;100;0;701;8
[RECV] BSF66F notify: TR;3;13745;f;0;ff;7f;1873,3825,3960,2157,2262,3777,3989,0;1873,3825,3960,2157,2262,3777,3989,1389;100,100,100,100,100,100,100,85;OOOOOOOT;100;0;610;8
[RECV] BSF66F notify: TR;3;13746;f;0;ff;7f;1865,3841,3952,2067,2220,3829,3876,0;1865,3841,3952,2067,2220,3829,3876,1389;100,100,100,100,100,100,100,75;OOOOOOOT;100;0;610;8
[RECV] BSF66F notify: TR;3;13747;f;0;ff;ff;1889,3859,3959,1900,2225,3840,3912,1936;1889,3859,3959,1900,2225,3840,3912,1936;100,100,100,100,100,100,100,77;OOOOOOOO;97;0;671;8
[RECV] Conn param updated[0]: int=6 lat=0 to=400
[RECV] BSF66F notify: TR;3;13748;f;0;ff;ff;1882,3838,3984,1928,2260,3764,3871,1959;1882,3838,3984,1928,2260,3764,3871,1959;100,100,100,100,100,100,100,80;OOOOOOOO;97;0;671;8
[RECV] BSF66F notify: RXG;1;13748;tag=1;mask=0xff;pc=8;guard=1200;spacing=1000;win=8165;pre=1;slot_to_entry_us=0;slot_to_sched_us=0;slot_to_write_done_us=0;slot_to_txcmd_us=274;slot_to_txdone_us=610;txcmd_to_txdone_us=335;txdone_to_rxstart_us=61;txdone_to_rxend_us=183;rxenable
[RECV] BSF66F notify: CD;1;13748;tag=1;local=0xb101;status=0x00806f02;rxf=0x07a6c814;win=8165;pc=8;mask=0xff;resp=8;unexp=0;last_len=20;last_src=0xa107;last_dst=0xb101;last_code=0xe
[RECV] BSF66F notify: TR;3;13749;f;0;ff;ff;1887,3795,4017,2142,2286,3834,3894,1955;1887,3795,4017,2142,2286,3834,3894,1955;100,100,100,100,100,100,100,81;OOOOOOOO;97;0;44189;8
[RECV] BSF66F notify: TR;3;13750;f;0;ff;ff;1873,3831,3943,2050,2277,3845,3877,2004;1873,3831,3943,2050,2277,3845,3877,2004;100,100,100,100,100,100,100,83;OOOOOOOO;97;0;701;8
[RECV] BSF66F notify: TR;3;13751;f;0;ff;7f;1878,3845,3931,2216,2224,3782,3897,0;1878,3845,3931,2216,2224,3782,3897,2004;100,100,100,100,100,100,100,76;OOOOOOOT;100;0;671;8
[RECV] BSF66F notify: TR;3;13752;f;0;ff;ff;1921,3845,3985,1972,2347,3838,3911,1953;1921,3845,3985,1972,2347,3838,3911,1953;100,100,100,100,100,100,100,78;OOOOOOOO;97;0;671;8
[RECV] BSF66F notify: TR;3;13753;f;0;ff;ff;1847,3803,3983,2012,2246,3774,3899,1944;1847,3803,3983,2012,2246,3774,3899,1944;100,100,100,100,100,100,100,80;OOOOOOOO;97;0;671;8
[RECV] BSF66F notify: TR;3;13754;f;0;ff;7f;1814,3816,3974,1933,2207,3824,3947,0;1814,3816,3974,1933,2207,3824,3947,1944;100,100,100,100,100,100,100,75;OOOOOOOT;100;0;671;8
[RECV] BSF66F notify: TR;3;13755;f;0;ff;7f;1895,3845,3962,2131,2218,3752,3947,0;1895,3845,3962,2131,2218,3752,3947,1944;100,100,100,100,100,100,100,70;OOOOOOOT;100;0;793;8
[RECV] BSF66F notify: TR;3;13756;f;0;ff;7f;1850,3820,3960,2095,2234,3804,3973,0;1850,3820,3960,2095,2234,3804,3973,1944;100,100,100,100,100,100,100,66;OOOOOOOT;100;0;671;8
[RECV] BSF66F notify: TR;3;13757;f;0;ff;7f;1834,3808,3970,1998,2220,3837,3869,0;1834,3808,3970,1998,2220,3837,3869,1944;100,100,100,100,100,100,100,63;OOOOOOOT;100;0;671;8
[RECV] BSF66F notify: TR;3;13758;f;0;ff;7f;1855,3858,3984,1943,2217,3816,3943,0;1855,3858,3984,1943,2217,3816,3943,1944;100,100,100,100,100,100,100,60;OOOOOOOT;100;0;671;8
[RECV] BSF66F notify: RXG;1;13758;tag=1;mask=0xff;pc=8;guard=1200;spacing=1000;win=8165;pre=1;slot_to_entry_us=0;slot_to_sched_us=0;slot_to_write_done_us=0;slot_to_txcmd_us=274;slot_to_txdone_us=610;txcmd_to_txdone_us=335;txdone_to_rxstart_us=61;txdone_to_rxend_us=183;rxenable
[RECV] BSF66F notify: CD;1;13758;tag=1;local=0xb101;status=0x00806f02;rxf=0x0796c814;win=8165;pc=8;mask=0xff;resp=8;unexp=0;last_len=20;last_src=0xa107;last_dst=0xb101;last_code=0xe
[RECV] BSF66F notify: TR;3;13759;f;0;ff;ff;1816,3844,3984,2043,2260,3848,3920,1985;1816,3844,3984,2043,2260,3848,3920,1985;100,100,100,100,100,100,100,61;OOOOOOOO;95;0;44006;8
[RECV] BSF66F notify: TR;3;13760;f;0;ff;7f;1799,3840,3949,2113,2202,3859,3894,0;1799,3840,3949,2113,2202,3859,3894,1985;100,100,100,100,100,100,100,59;OOOOOOOT;100;0;701;8
[RECV] BSF66F notify: TR;3;13761;f;0;ff;7f;1871,3837,3984,2092,2258,3776,3896,0;1871,3837,3984,2092,2258,3776,3896,1985;100,100,100,100,100,100,100,56;OOOOOOOT;100;0;671;8
[RECV] BSF66F notify: TR;3;13762;f;0;ff;7f;1931,3818,3959,2033,2263,3849,3920,0;1931,3818,3959,2033,2263,3849,3920,1985;100,100,100,100,100,100,100,54;OOOOOOOT;100;0;671;8
[RECV] BSF66F notify: TR;3;13763;f;0;ff;7f;1812,3817,3959,1854,2254,3775,3905,0;1812,3817,3959,1854,2254,3775,3905,1985;100,100,100,100,100,100,100,52;OOOOOOOT;100;0;671;8
[RECV] BSF66F notify: TR;3;13764;f;0;ff;ff;1917,3830,4001,2013,2285,3873,3991,1981;1917,3830,4001,2013,2285,3873,3991,1981;100,100,100,100,100,100,100,53;OOOOOOOO;94;0;701;8
[RECV] BSF66F notify: TR;3;13765;f;0;ff;7f;1822,3850,3944,2024,2220,3857,3881,0;1822,3850,3944,2024,2220,3857,3881,1981;100,100,100,100,100,100,100,51;OOOOOOOT;100;0;671;8
[RECV] BSF66F notify: TR;3;13766;f;0;ff;7f;1825,3809,3969,2118,2229,3783,3909,0;1825,3809,3969,2118,2229,3783,3909,1981;100,100,100,100,100,100,100,50;OOOOOOOT;100;0;701;8
[RECV] BSF66F notify: TR;3;13767;f;0;ff;7f;1908,3850,4004,1930,2282,3908,3881,0;1908,3850,4004,1930,2282,3908,3881,1981;100,100,100,100,100,100,100,48;OOOOOOOT;100;0;671;8
[RECV] BSF66F notify: TR;3;13768;f;0;ff;ff;1843,3842,3994,1879,2225,3805,3905,1977;1843,3842,3994,1879,2225,3805,3905,1977;100,100,100,100,100,100,100,50;OOOOOOOO;93;0;671;8
[RECV] BSF66F notify: RXG;1;13768;tag=1;mask=0xff;pc=8;guard=1200;spacing=1000;win=8165;pre=1;slot_to_entry_us=0;slot_to_sched_us=0;slot_to_write_done_us=0;slot_to_txcmd_us=274;slot_to_txdone_us=610;txcmd_to_txdone_us=335;txdone_to_rxstart_us=61;txdone_to_rxend_us=183;rxenable
[[HOST_WARN 454099.636] read failed after 'mode recv'; reopened serial and continued
[HOST_CMD 454099.636] ota_target token -1
RECV] BSF66F notify: CD;1;13768;tag=1;local=0xb101;status=0x00800b02;rxf=0x0796c814;win=8165;pc=8;mask=0xff;resp=7;unexp=0;last_len=20;last_src=0xa106;last_dst=0xb101;last_code=0xe
[RECV] ota_target token rc=0 value=-1
OTA target filter: token=-1 name=- prefix=BS uuid=-
[RECV] BSF66F notify: TR;3;13769;f;0;ff;7f;1820,3830,3981,2040,2252,3814,3924,0;1820,3830,3981,2040,2252,3814,3924,1977;100,100,100,100,100,100,100,48;OOOOOOOT;100;0;44097;8
[RECV] BSF66F notify: TR;3;13770;f;0;ff;7f;1809,3854,3967,2220,2221,3771,3910,0;1809,3854,3967,2220,2221,3771,3910,1977;100,100,100,100,100,100,100,46;OOOOOOOT;100;0;793;8
[RECV] BSF66F notify: TR;3;13771;f;0;ff;7f;1863,3844,3935,2142,2231,3780,3943,0;1863,3844,3935,2142,2231,3780,3943,1977;100,100,100,100,100,100,100,47;OOOOOOOT;100;0;671;8
[RECV] BSF66F notify: TR;3;13772;f;0;ff;7f;1828,3841,3967,1914,2183,3766,3898,0;1828,3841,3967,1914,2183,3766,3898,1977;100,100,100,100,100,100,100,44;OOOOOOOT;100;0;671;8
[RECV] BSF66F notify: TR;3;13773;f;0;ff;7f;1847,3814,3963,1997,2289,3836,3896,0;1847,3814,3963,1997,2289,3836,3896,1977;100,100,100,100,100,100,100,42;OOOOOOOT;100;0;671;8
[RECV] BSF66F notify: TR;3;13774;f;0;ff;7f;1886,3870,3980,2025,2275,3772,3868,0;1886,3870,3980,2025,2275,3772,3868,1977;100,100,100,100,100,100,100,40;OOOOOOOT;100;0;671;8
[RECV] BSF66F notify: TR;3;13775;f;0;ff;7f;1894,3835,3995,2194,2160,3762,3975,0;1894,3835,3995,2194,2160,3762,3975,1977;100,100,100,100,100,100,100,38;OOOOOOOT;100;0;701;8
[RECV] BSF66F notify: TR;3;13776;f;0;ff;7f;1826,3849,3961,2166,2238,3856,3927,0;1826,3849,3961,2166,2238,3856,3927,1977;100,100,100,100,100,100,100,36;OOOOOOOT;100;0;671;8
[[HOST_CMD 454100.217] ota_target name BSF66F
RECV] BSF66F notify: TR;3;13777;f;0;ff;7f;1884,3829,4008,1929,2248,3818,3919,0;1884,3829,4008,1929,2248,3818,3919,1977;100,100,100,100,100,100,100,34;OOOOOOOT;100;0;671;8
[RECV] ota_target name rc=0 value=bsf66f
OTA target filter: token=-1 name=bsf66f prefix=BS uuid=-
[RECV] BSF66F notify: TR;3;13778;f;0;ff;7f;1902,3820,3997,1891,2307,3756,3967,0;1902,3820,3997,1891,2307,3756,3967,1977;100,100,100,100,100,100,100,33;OOOOOOOT;100;0;671;8
[RECV] BSF66F notify: RXG;1;13778;tag=1;mask=0xff;pc=8;guard=1200;spacing=1000;win=8165;pre=1;slot_to_entry_us=0;slot_to_sched_us=0;slot_to_write_done_us=0;slot_to_txcmd_us=274;slot_to_txdone_us=610;txcmd_to_txdone_us=335;txdone_to_rxstart_us=61;txdone_to_rxend_us=183;rxenable
[RECV] BSF66F notify: CD;1;13778;tag=1;local=0xb101;status=0x00800f02;rxf=0x0796c814;win=8165;pc=8;mask=0xff;resp=7;unexp=0;last_len=20;last_src=0xa106;last_dst=0xb101;last_code=0xe
[RECV] BSF66F notify: TR;3;13779;f;0;ff;7f;1857,3853,3965,2109,2213,3858,3876,0;1857,3853,3965,2109,2213,3858,3876,1977;100,100,100,100,100,100,100,32;OOOOOOOT;100;0;43823;8
[RECV] BSF66F notify: TR;3;13780;f;0;ff;7f;1801,3838,3943,2123,2237,3796,3845,0;1801,3838,3943,2123,2237,3796,3845,1977;100,100,100,100,100,100,100,30;OOOOOOOT;100;0;671;8
[RECV] BSF66F notify: TR;3;13781;f;0;ff;7f;1886,3854,3945,2171,2229,3808,3930,0;1886,3854,3945,2171,2229,3808,3930,1977;100,100,100,100,100,100,100,29;OOOOOOOT;100;0;671;8
[RECV] BSF66F notify: TR;3;13782;f;0;ff;ff;1859,3829,3973,1949,2229,3844,3905,1996;1859,3829,3973,1949,2229,3844,3905,1996;100,100,100,100,100,100,100,32;OOOOOOOO;91;0;671;8
[[HOST_CMD 454100.799] ota_target prefix -
RECV] BSF66F notify: TR;3;13783;f;0;ff;7f;1833,3835,3981,1928,2253,3792,3891,0;1833,3835,3981,1928,2253,3792,3891,1996;100,100,100,100,100,100,100,31;OOOOOOOT;100;0;671;8
[RECV] ota_target prefix rc=0 value=-
OTA target filter: token=-1 name=bsf66f prefix=- uuid=-
[RECV] BSF66F notify: TR;3;13784;f;0;ff;7f;1863,3829,3990,1929,2225,3841,3891,0;1863,3829,3990,1929,2225,3841,3891,1996;100,100,100,100,100,100,100,30;OOOOOOOT;100;0;671;8
[RECV] BSF66F notify: TR;3;13785;f;0;ff;ff;1909,3825,3963,2191,2221,3763,3878,1992;1909,3825,3963,2191,2221,3763,3878,1992;100,100,100,100,100,100,100,32;OOOOOOOO;91;0;671;8
[RECV] BSF66F notify: TR;3;13786;f;0;ff;7f;1890,3856,3969,2165,2203,3863,3912,0;1890,3856,3969,2165,2203,3863,3912,1992;100,100,100,100,100,100,100,31;OOOOOOOT;100;0;671;8
[RECV] BSF66F notify: TR;3;13787;f;0;ff;7f;1858,3841,3983,1960,2206,3803,3926,0;1858,3841,3983,1960,2206,3803,3926,1992;100,100,100,100,100,100,100,29;OOOOOOOT;100;0;671;8
[[HOST_CMD 454101.415] ota_target uuid -
RECV] BSF66F notify: TR;3;13788;f;0;ff;ff;1860,3807,4015,2044,2215,3850,3955,2001;1860,3807,4015,2044,2215,3850,3955,2001;100,100,100,100,100,100,100,33;OOOOOOOO;91;0;671;8
[RECV] ota_target uuid rc=0 value=-
OTA target filter: token=-1 name=bsf66f prefix=- uuid=-
[RECV] BSF66F notify: RXG;1;13788;tag=1;mask=0xff;pc=8;guard=1200;spacing=1000;win=8165;pre=1;slot_to_entry_us=0;slot_to_sched_us=0;slot_to_write_done_us=0;slot_to_txcmd_us=274;slot_to_txdone_us=610;txcmd_to_txdone_us=335;txdone_to_rxstart_us=61;txdone_to_rxend_us=183;rxenable
[RECV] BSF66F notify: CD;1;13788;tag=1;local=0xb101;status=0x00800f02;rxf=0x0766c814;win=8165;pc=8;mask=0xff;resp=7;unexp=0;last_len=20;last_src=0xa106;last_dst=0xb101;last_code=0xe
[RECV] BSF66F notify: TR;3;13789;f;0;ff;7f;1895,3821,3977,2121,2245,3761,3879,0;1895,3821,3977,2121,2245,3761,3879,2001;100,100,100,100,100,100,100,31;OOOOOOOT;100;0;43914;8
[RECV] BSF66F notify: TR;3;13790;f;0;ff;ff;1816,3871,3949,2032,2250,3856,3905,1998;1816,3871,3949,2032,2250,3856,3905,1998;100,100,100,100,100,100,100,35;OOOOOOOO;91;0;671;8
[RECV] BSF66F notify: TR;3;13791;f;0;ff;ff;1888,3852,3967,2160,2260,3779,3943,1948;1888,3852,3967,2160,2260,3779,3943,1948;100,100,100,100,100,100,100,38;OOOOOOOO;92;0;701;8
[RECV] BSF66F notify: TR;3;13792;f;0;ff;fd;1810,0,3948,2027,2246,3821,3931,1996;1810,3852,3948,2027,2246,3821,3931,1996;100,95,100,100,100,100,100,40;OTOOOOOO;91;0;671;8
[RECV] BSF66F notify: TR;3;13793;f;0;ff;7f;1858,3830,3971,2026,2245,3789,3979,0;1858,3830,3971,2026,2245,3789,3979,1996;100,95,100,100,100,100,100,39;OOOOOOOT;99;0;701;8
[RECV] BSF66F notify: TR;3;13794;f;0;ff;7f;1919,3857,3977,2041,2237,3804,3901,0;1919,3857,3977,2041,2237,3804,3901,1996;100,95,100,100,100,100,100,37;OOOOOOOT;99;0;640;8
[[HOST_CMD 454102.076] device kind tag
RECV] BSF66F notify: TR;3;13795;f;0;ff;7f;1890,3836,3969,2162,2218,3743,3915,0;1890,3836,3969,2162,2218,3743,3915,1996;100,96,100,100,100,100,100,36;OOOOOOOT;99;0;671;8
OTA NUS stage: enabled
[RECV] One-shot NUS command cleared (runtime)
[RECV] Master disconnecting peer[0]: bs=BSF66F
[RECV] device kind set: tag (OTA target preserved)
[RECV] Master discovery mode: CONN & START
[RECV] Peer clear wait: waited=0 conn_count=1 ready_count=0
[HOST_CMD 454104.082] ota_target token -1
[HOST_CMD 454104.683] ota_target name -
[RECV] Peer clear wait timeout: conn_count=1 ready_count=0
[RECV] SCAN start req: bt_ready=1 scan_running=0 connecting_slot=-1 conn_count=1 target=tag prefix=BS
[RECV] Scanning for BS*
[RECV] System target: kind=tag caps=0x0f (config=1 ota=1 stream=1 status=1)
OTA target filter: token=-1 name=bsf66f prefix=- uuid=-
[RECV] ota_target name rc=0 value=-
OTA target filter: token=-1 name=- prefix=- uuid=-
[RECV] Disconnected[0]: FC:9A:15:34:AB:20 (random) reason=0x16 link=nus ready=1
[[HOST_CMD 454105.228] ota_target prefix BS
RECV] SCAN hit: FC:9A:15:34:AB:20 (random) rssi=-90 name=- bs=BSF66F uuid=- target=tag uuid_ok=1 tag_name=0 anchor_name=0 nus=0 dfu=1 token=1 props=0x03
[RECV] CONNECT queue[0]: addr=FC:9A:15:34:AB:20 (random) link=nus uuid=- target=tag
[RECV] ota_target prefix rc=0 value=bs
OTA target filter: token=-1 name=- prefix=bs uuid=-
[RECV] CONNECT pending[0]: addr_valid=1 link=nus uuid=- scan_running=1 conn_count=0
[RECV] CONNECT pending[0]: bt_le_scan_stop rc=0 scan_running=1
[RECV] CONNECT pending[0] rc=0 conn=0x200048a0
[RECV] Connected[0]: FC:9A:15:34:AB:20 (random) name=- bs=BSF66F
[RECV] CONNECT state[0]: link=nus uuid=- ready=0 conn=0x200048a0
SETUP[0] defer: waiting 327 ms before discovery start
[RECV] Disconnected[0]: FC:9A:15:34:AB:20 (random) reason=0x3e link=nus ready=0
[RECV] SCAN start req: bt_ready=1 scan_running=0 connecting_slot=-1 conn_count=0 target=tag prefix=BS
[RECV] Scanning for BS*
[[HOST_CMD 454105.757] ota_target uuid -
RECV] SCAN hit: FC:9A:15:34:AB:20 (random) rssi=-92 name=- bs=BSF66F uuid=- target=tag uuid_ok=1 tag_name=0 anchor_name=0 nus=0 dfu=1 token=1 props=0x03
[RECV] CONNECT queue[0]: addr=FC:9A:15:34:AB:20 (random) link=nus uuid=- target=tag
[RECV] ota_target uuid rc=0 value=-
OTA target filter: token=-1 name=- prefix=bs uuid=-
[RECV] CONNECT pending[0]: addr_valid=1 link=nus uuid=- scan_running=1 conn_count=0
[RECV] CONNECT pending[0]: bt_le_scan_stop rc=0 scan_running=1
[RECV] CONNECT pending[0] rc=0 conn=0x200048a0
[HOST_CMD 454106.280] tdma hold 1
[RECV] TDMA rebalance hold=1 deferred=0
[RECV] tdma hold rc=0 hold=1
[RECV] Connected[0]: FC:9A:15:34:AB:20 (random) name=- bs=BSF66F
[RECV] CONNECT state[0]: link=nus uuid=- ready=0 conn=0x200048a0
[RECV] Disconnected[0]: FC:9A:15:34:AB:20 (random) reason=0x3e link=nus ready=0
[RECV] TDMA rebalance deferred: hold=1
[RECV] SCAN start req: bt_ready=1 scan_running=0 connecting_slot=-1 conn_count=0 target=tag prefix=BS
[RECV] Scanning for BS*
[RECV] SCAN hit: FC:9A:15:34:AB:20 (random) rssi=-87 name=- bs=BSF66F uuid=- target=tag uuid_ok=1 tag_name=0 anchor_name=0 nus=0 dfu=1 token=1 props=0x03
[RECV] CONNECT queue[0]: addr=FC:9A:15:34:AB:20 (random) link=nus uuid=- target=tag
[RECV] CONNECT pending[0]: addr_valid=1 link=nus uuid=- scan_running=1 conn_count=0
[RECV] CONNECT pending[0]: bt_le_scan_stop rc=0 scan_running=1
[RECV] CONNECT pending[0] rc=0 conn=0x200048a0
[[HOST_CMD 454106.807] cmd_all MODE AOTA
RECV] Connected[0]: FC:9A:15:34:AB:20 (random) name=- bs=BSF66F
[RECV] CONNECT state[0]: link=nus uuid=- ready=0 conn=0x200048a0
[RECV] BLE cmd_all not sent: considered=0 target_kind=tag cmd=MODE AOTA
[RECV] cmd_all rc=-128 payload=MODE AOTA
SETUP[0] defer: waiting 324 ms before discovery start
[RECV] Disconnected[0]: FC:9A:15:34:AB:20 (random) reason=0x3e link=nus ready=0
[RECV] TDMA rebalance deferred: hold=1
[RECV] SCAN start req: bt_ready=1 scan_running=0 connecting_slot=-1 conn_count=0 target=tag prefix=BS
[RECV] Scanning for BS*
[RECV] SCAN hit: FC:9A:15:34:AB:20 (random) rssi=-85 name=- bs=BSF66F uuid=- target=tag uuid_ok=1 tag_name=0 anchor_name=0 nus=0 dfu=1 token=1 props=0x03
[RECV] CONNECT queue[0]: addr=FC:9A:15:34:AB:20 (random) link=nus uuid=- target=tag
[RECV] CONNECT pending[0]: addr_valid=1 link=nus uuid=- scan_running=1 conn_count=0
[RECV] CONNECT pending[0]: bt_le_scan_stop rc=0 scan_running=1
[RECV] CONNECT pending[0] rc=0 conn=0x200048a0
[RECV] Connected[0]: FC:9A:15:34:AB:20 (random) name=- bs=BSF66F
[RECV] CONNECT state[0]: link=nus uuid=- ready=0 conn=0x200048a0
[RECV] Disconnected[0]: FC:9A:15:34:AB:20 (random) reason=0x3e link=nus ready=0
[RECV] TDMA rebalance deferred: hold=1
[RECV] SCAN start req: bt_ready=1 scan_running=0 connecting_slot=-1 conn_count=0 target=tag prefix=BS
[RECV] Scanning for BS*
[RECV] SCAN hit: FC:9A:15:34:AB:20 (random) rssi=-92 name=- bs=BSF66F uuid=- target=tag uuid_ok=1 tag_name=0 anchor_name=0 nus=0 dfu=1 token=1 props=0x03
[RECV] CONNECT queue[0]: addr=FC:9A:15:34:AB:20 (random) link=nus uuid=- target=tag
[HOST_CMD 454107.954] tdma clear
[RECV] TDMA profiles cleared
[RECV] TDMA rebalance deferred: hold=1
[RECV] tdma clear rc=0
[RECV] CONNECT pending[0]: addr_valid=1 link=nus uuid=- scan_running=1 conn_count=0
[RECV] CONNECT pending[0]: bt_le_scan_stop rc=0 scan_running=1
[RECV] CONNECT pending[0] rc=0 conn=0x200048a0
[RECV] Connected[0]: FC:9A:15:34:AB:20 (random) name=- bs=BSF66F
[RECV] CONNECT state[0]: link=nus uuid=- ready=0 conn=0x200048a0
SETUP[0] defer: waiting 330 ms before discovery start
[RECV] Disconnected[0]: FC:9A:15:34:AB:20 (random) reason=0x3e link=nus ready=0
[RECV] TDMA rebalance deferred: hold=1
[RECV] SCAN start req: bt_ready=1 scan_running=0 connecting_slot=-1 conn_count=0 target=tag prefix=BS
[RECV] Scanning for BS*
[RECV] SCAN hit: FC:9A:15:34:AB:20 (random) rssi=-87 name=- bs=BSF66F uuid=- target=tag uuid_ok=1 tag_name=0 anchor_name=0 nus=0 dfu=1 token=1 props=0x03
[RECV] CONNECT queue[0]: addr=FC:9A:15:34:AB:20 (random) link=nus uuid=- target=tag
[RECV] CONNECT pending[0]: addr_valid=1 link=nus uuid=- scan_running=1 conn_count=0
[RECV] CONNECT pending[0]: bt_le_scan_stop rc=0 scan_running=1
[RECV] CONNECT pending[0] rc=0 conn=0x200048a0
[RECV] Connected[0]: FC:9A:15:34:AB:20 (random) name=- bs=BSF66F
[RECV] CONNECT state[0]: link=nus uuid=- ready=0 conn=0x200048a0
[RECV] Disconnected[0]: FC:9A:15:34:AB:20 (random) reason=0x3e link=nus ready=0
[RECV] TDMA rebalance deferred: hold=1
[RECV] SCAN start req: bt_ready=1 scan_running=0 connecting_slot=-1 conn_count=0 target=tag prefix=BS
[RECV] Scanning for BS*
[RECV] SCAN hit: FC:9A:15:34:AB:20 (random) rssi=-91 name=- bs=BSF66F uuid=- target=tag uuid_ok=1 tag_name=0 anchor_name=0 nus=0 dfu=1 token=1 props=0x03
[RECV] CONNECT queue[0]: addr=FC:9A:15:34:AB:20 (random) link=nus uuid=- target=tag
[[HOST_CMD 454109.253] tdma freq static 5
RECV] CONNECT pending[0]: addr_valid=1 link=nus uuid=- scan_running=1 conn_count=0
[RECV] CONNECT pending[0]: bt_le_scan_stop rc=0 scan_running=1
[RECV] TDMA freq set: static=5Hz
[RECV] TDMA rebalance deferred: hold=1
[RECV] tdma freq rc=0 profile=static hz=5
[RECV] CONNECT pending[0] rc=0 conn=0x200048a0
[RECV] Connected[0]: FC:9A:15:34:AB:20 (random) name=- bs=BSF66F
[RECV] CONNECT state[0]: link=nus uuid=- ready=0 conn=0x200048a0
SETUP[0] defer: waiting 325 ms before discovery start
SETUP[0] defer: waiting 274 ms before discovery start
SETUP[0] defer: waiting 224 ms before discovery start
[RECV] PHY updated[0]: tx=0x2 rx=0x2
SETUP[0] defer: waiting 174 ms before discovery start
SETUP[0] defer: waiting 123 ms before discovery start
SETUP[0] defer: waiting 73 ms before discovery start
SETUP[0] defer: waiting 22 ms before discovery start
SETUP[0] begin: link=nus uuid=- conn=0x200048a0
SETUP[0] mtu_exchange rc=0
SETUP[0] phy_update rc=0
SETUP[0] conn_param_update rc=0
[RECV] DISC start[0]: link=nus uuid=- conn=0x200048a0
[[HOST_CMD 454109.775] tdma freq roto 10
RECV] Conn param updated[0]: int=6 lat=0 to=400
[RECV] TDMA freq set: roto=10Hz
[RECV] TDMA rebalance deferred: hold=1
[RECV] tdma freq rc=0 profile=roto hz=10
[RECV] PHY updated[0]: tx=0x2 rx=0x2
[HOST_CMD 454110.391] tdma freq motion 10
[RECV] TDMA freq set: motion=10Hz
[RECV] TDMA rebalance deferred: hold=1
[RECV] tdma freq rc=0 profile=motion hz=10
[HOST_CMD 454110.994] tdma roster BSF66F motion
[RECV] TDMA roster set: BSF66F -> motion
[RECV] tdma roster rc=0 target=BSF66F profile=motion
[HOST_CMD 454111.596] ota_target token -1
[RECV] ota_target token rc=0 value=-1
OTA target filter: token=-1 name=- prefix=bs uuid=-
[HOST_CMD 454112.199] ota_target name -
[RECV] ota_target name rc=0 value=-
OTA target filter: token=-1 name=- prefix=bs uuid=-
[HOST_CMD 454112.802] ota_target prefix BS
[RECV] ota_target prefix rc=0 value=bs
OTA target filter: token=-1 name=- prefix=bs uuid=-
[HOST_CMD 454113.405] ota_target uuid -
[RECV] ota_target uuid rc=0 value=-
OTA target filter: token=-1 name=- prefix=bs uuid=-
[RECV] MTU exchange[0] failed (0)
[RECV] NUS service not found[0]
[RECV] Disconnected[0]: FC:9A:15:34:AB:20 (random) reason=0x08 link=nus ready=0
[RECV] TDMA rebalance deferred: hold=1
[RECV] SCAN start req: bt_ready=1 scan_running=0 connecting_slot=-1 conn_count=0 target=tag prefix=BS
[RECV] Scanning for BS*
[RECV] SCAN hit: FC:9A:15:34:AB:20 (random) rssi=-92 name=- bs=BSF66F uuid=- target=tag uuid_ok=1 tag_name=0 anchor_name=0 nus=0 dfu=1 token=1 props=0x03
[RECV] CONNECT queue[0]: addr=FC:9A:15:34:AB:20 (random) link=nus uuid=- target=tag
[HOST_CMD 454114.023] conn
[RECV] Master discovery mode: CONN & START
[RECV] SCAN start req: bt_ready=1 scan_running=0 connecting_slot=-1 conn_count=0 target=tag prefix=BS
[RECV] Scanning for BS*
[RECV] CONNECT pending[0]: addr_valid=1 link=nus uuid=- scan_running=1 conn_count=0
[RECV] CONNECT pending[0]: bt_le_scan_stop rc=0 scan_running=1
[RECV] CONNECT pending[0] rc=0 conn=0x200048a0
[RECV] Connected[0]: FC:9A:15:34:AB:20 (random) name=- bs=BSF66F
[RECV] CONNECT state[0]: link=nus uuid=- ready=0 conn=0x200048a0
SETUP[0] defer: waiting 315 ms before discovery start
SETUP[0] defer: waiting 264 ms before discovery start
SETUP[0] defer: waiting 214 ms before discovery start
SETUP[0] defer: waiting 164 ms before discovery start
[RECV] PHY updated[0]: tx=0x2 rx=0x2
SETUP[0] defer: waiting 113 ms before discovery start
SETUP[0] defer: waiting 63 ms before discovery start
SETUP[0] defer: waiting 13 ms before discovery start
SETUP[0] begin: link=nus uuid=- conn=0x200048a0
SETUP[0] mtu_exchange rc=0
SETUP[0] phy_update rc=0
SETUP[0] conn_param_update rc=0
[RECV] DISC start[0]: link=nus uuid=- conn=0x200048a0
[RECV] MTU exchange[0] done (498)
[RECV] Conn param updated[0]: int=6 lat=0 to=400
[RECV] PHY updated[0]: tx=0x2 rx=0x2
[RECV] DISC complete[0]: link=nus discovered_service=2800 uuid=-
[RECV] BLE[0] link ready
[RECV] TDMA rebalance deferred: hold=1
[RECV] SCAN start req: bt_ready=1 scan_running=0 connecting_slot=-1 conn_count=1 target=tag prefix=BS
[RECV] Scanning for BS*
[RECV] BSF66F notify: TR;3;13929;f;0;ff;fb;1858,3849,0,2039,2210,3876,3894,2036;1858,3849,3988,2039,2210,3876,3894,2036;100,100,93,100,100,100,100,80;OOTOOOOO;97;0;29571;8
[RECV] BSF66F notify: CD;1;13929;tag=1;local=0xb101;status=0x00806f02;rxf=0x0766c814;win=8165;pc=8;mask=0xff;resp=8;unexp=0;last_len=20;last_src=0xa107;last_dst=0xb101;last_code=0xe
[RECV] BSF66F notify: TR;3;13930;f;0;ff;ff;1845,3809,3955,2100,2224,3862,3973,2006;1845,3809,3955,2100,2224,3862,3973,2006;100,100,93,100,100,100,100,81;OOOOOOOO;96;0;15258;8
[RECV] BSF66F notify: TR;3;13931;f;0;ff;ff;1813,3840,3950,2102,2284,3785,3896,1982;1813,3840,3950,2102,2284,3785,3896,1982;100,100,94,100,100,100,100,82;OOOOOOOO;97;0;671;8
[RECV] BSF66F notify: TR;3;13932;f;0;ff;ff;1825,3847,3990,1876,2171,3895,3935,1991;1825,3847,3990,1876,2171,3895,3935,1991;100,100,94,100,100,100,100,83;OOOOOOOO;97;0;762;8
[RECV] BSF66F notify: TR;3;13933;f;0;ff;ff;1855,3832,3970,2135,2225,3814,3946,1977;1855,3832,3970,2135,2225,3814,3946,1977;100,100,94,100,100,100,100,84;OOOOOOOO;97;0;671;8
[RECV] BSF66F notify: TR;3;13934;f;0;ff;ff;1822,3849,3979,2017,2220,3810,3930,1978;1822,3849,3979,2017,2220,3810,3930,1978;100,100,95,100,100,100,100,85;OOOOOOOO;97;0;671;8
[RECV] BSF66F notify: TR;3;13935;f;0;ff;7f;1809,3824,3959,2142,2245,3864,3919,0;1809,3824,3959,2142,2245,3864,3919,1978;100,100,95,100,100,100,100,80;OOOOOOOT;99;0;671;8
[RECV] BSF66F notify: TR;3;13936;f;0;ff;7f;1811,3828,3931,2098,2186,3828,3950,0;1811,3828,3931,2098,2186,3828,3950,1978;100,100,95,100,100,100,100,77;OOOOOOOT;99;0;762;8
[RECV] BSF66F notify: TR;3;13937;f;0;ff;ff;1833,3820,3981,1950,2309,3848,3940,1965;1833,3820,3981,1950,2309,3848,3940,1965;100,100,95,100,100,100,100,78;OOOOOOOO;96;0;671;8
[RECV] BSF66F notify: TR;3;13938;f;0;ff;ff;1889,3793,3970,1924,2187,3826,3891,1969;1889,3793,3970,1924,2187,3826,3891,1969;100,100,95,100,100,100,100,79;OOOOOOOO;96;0;762;8
[RECV] BSF66F notify: RXG;1;13938;tag=1;mask=0xff;pc=8;guard=1200;spacing=1000;win=8165;pre=1;slot_to_entry_us=0;slot_to_sched_us=0;slot_to_write_done_us=0;slot_to_txcmd_us=274;slot_to_txdone_us=762;txcmd_to_txdone_us=488;txdone_to_rxstart_us=91;txdone_to_rxend_us=213;rxenable
[RECV] BSF66F notify: TR;3;13939;f;0;ff;ff;1848,3835,3986,2056,2189,3740,3909,1873;1848,3835,3986,2056,2189,3740,3909,1873;100,100,96,100,100,100,100,80;OOOOOOOO;97;0;29937;8
[RECV] BSF66F notify: CD;1;13939;tag=1;local=0xb101;status=0x00806f02;rxf=0x0756c814;win=8165;pc=8;mask=0xff;resp=8;unexp=0;last_len=20;last_src=0xa107;last_dst=0xb101;last_code=0xe
[RECV] BSF66F notify: TR;3;13940;f;0;ff;ff;1822,3835,3965,2044,2237,3753,3902,2051;1822,3835,3965,2044,2237,3753,3902,2051;100,100,96,100,100,100,100,80;OOOOOOOO;97;0;15289;8
[RECV] BSF66F notify: TR;3;13941;f;0;ff;ff;1808,3832,3956,2066,2234,3839,3874,2003;1808,3832,3956,2066,2234,3839,3874,2003;100,100,96,100,100,100,100,81;OOOOOOOO;97;0;762;8
[RECV] BSF66F notify: TR;3;13942;f;0;ff;ff;1822,3865,3981,1909,2228,3774,3903,1983;1822,3865,3981,1909,2228,3774,3903,1983;100,100,96,100,100,100,100,82;OOOOOOOO;97;0;701;8
[RECV] BSF66F notify: TR;3;13943;f;0;ff;ff;1920,3817,3963,1850,2227,3796,3920,1969;1920,3817,3963,1850,2227,3796,3920,1969;100,100,96,100,100,100,100,82;OOOOOOOO;97;0;671;8
[RECV] BSF66F notify: TR;3;13944;f;0;ff;ff;1884,3825,4005,1912,2260,3847,3934,1980;1884,3825,4005,1912,2260,3847,3934,1980;100,100,96,100,100,100,100,83;OOOOOOOO;97;0;762;8
[RECV] BSF66F notify: TR;3;13945;f;0;ff;ff;1916,3815,3957,2172,2272,3857,3964,1823;1916,3815,3957,2172,2272,3857,3964,1823;100,100,96,100,100,100,100,83;OOOOOOOO;97;0;671;8
[RECV] BSF66F notify: TR;3;13946;f;0;ff;ff;1908,3856,3932,2050,2218,3838,3891,1971;1908,3856,3932,2050,2218,3838,3891,1971;100,100,96,100,100,100,100,84;OOOOOOOO;97;0;671;8
[RECV] BSF66F notify: TR;3;13947;f;0;ff;7f;1855,3850,3966,1938,2240,3853,3977,0;1855,3850,3966,1938,2240,3853,3977,1971;100,100,100,100,100,100,100,82;OOOOOOOT;100;0;671;8
[RECV] BSF66F notify: TR;3;13948;f;0;ff;ff;1885,3813,4005,1932,2285,3837,3927,1931;1885,3813,4005,1932,2285,3837,3927,1931;100,100,100,100,100,100,100,83;OOOOOOOO;97;0;671;8
[RECV] BSF66F notify: RXG;1;13948;tag=1;mask=0xff;pc=8;guard=1200;spacing=1000;win=8165;pre=1;slot_to_entry_us=0;slot_to_sched_us=0;slot_to_write_done_us=0;slot_to_txcmd_us=274;slot_to_txdone_us=610;txcmd_to_txdone_us=335;txdone_to_rxstart_us=61;txdone_to_rxend_us=183;rxenable
[RECV] BSF66F notify: TR;3;13949;f;0;ff;ff;1822,3834,3956,2033,2334,3718,3928,1955;1822,3834,3956,2033,2334,3718,3928,1955;100,100,100,100,100,100,100,84;OOOOOOOO;98;0;29907;8
[RECV] BSF66F notify: CD;1;13949;tag=1;local=0xb101;status=0x00806f02;rxf=0x0756c814;win=8165;pc=8;mask=0xff;resp=8;unexp=0;last_len=20;last_src=0xa107;last_dst=0xb101;last_code=0xe
[RECV] BSF66F notify: TR;3;13950;f;0;ff;ff;1884,3815,3974,2053,2259,3754,3941,1984;1884,3815,3974,2053,2259,3754,3941,1984;100,100,100,100,100,100,100,85;OOOOOOOO;98;0;15228;8
[RECV] BSF66F notify: TR;3;13951;f;0;ff;ff;1904,3846,3962,2183,2236,3766,3897,2039;1904,3846,3962,2183,2236,3766,3897,2039;100,100,100,100,100,100,100,85;OOOOOOOO;98;0;671;8
[RECV] BSF66F notify: TR;3;13952;f;0;ff;ff;1817,3836,3988,1986,2214,3806,3918,1942;1817,3836,3988,1986,2214,3806,3918,1942;100,100,100,100,100,100,100,86;OOOOOOOO;98;0;671;8
[RECV] BSF66F notify: TR;3;13953;f;0;ff;ff;1910,3865,3962,1911,2286,3881,3941,2005;1910,3865,3962,1911,2286,3881,3941,2005;100,100,100,100,100,100,100,86;OOOOOOOO;98;0;762;8
[RECV] BSF66F notify: TR;3;13954;f;0;ff;ff;1818,3841,3978,2017,2237,3876,3886,2011;1818,3841,3978,2017,2237,3876,3886,2011;100,100,100,100,100,100,100,87;OOOOOOOO;98;0;671;8
[RECV] BSF66F notify: TR;3;13955;f;0;ff;ff;1812,3827,3996,2114,2212,3833,3947,1792;1812,3827,3996,2114,2212,3833,3947,1792;100,100,100,100,100,100,100,88;OOOOOOOO;98;0;671;8
[RECV] BSF66F notify: TR;3;13956;f;0;ff;ff;1906,3800,4031,2045,2234,3761,3980,1982;1906,3800,4031,2045,2234,3761,3980,1982;100,100,100,100,100,100,100,88;OOOOOOOO;98;0;762;8
[RECV] BSF66F notify: TR;3;13957;f;0;ff;ff;1847,3835,4003,1908,2217,3757,3935,1966;1847,3835,4003,1908,2217,3757,3935,1966;100,100,100,100,100,100,100,88;OOOOOOOO;98;0;671;8
[RECV] BSF66F notify: TR;3;13958;f;0;ff;ff;1832,3876,3960,2088,2225,3771,3883,1960;1832,3876,3960,2088,2225,3771,3883,1960;100,100,100,100,100,100,100,89;OOOOOOOO;98;0;671;8
[RECV] BSF66F notify: RXG;1;13958;tag=1;mask=0xff;pc=8;guard=1200;spacing=1000;win=8165;pre=1;slot_to_entry_us=0;slot_to_sched_us=0;slot_to_write_done_us=0;slot_to_txcmd_us=274;slot_to_txdone_us=610;txcmd_to_txdone_us=335;txdone_to_rxstart_us=61;txdone_to_rxend_us=183;rxenable
[RECV] BSF66F notify: TR;3;13959;f;0;ff;ff;1876,3814,3954,2150,2205,3767,3915,1788;1876,3814,3954,2150,2205,3767,3915,1788;100,100,100,100,100,100,100,89;OOOOOOOO;98;0;29479;8
[RECV] BSF66F notify: CD;1;13959;tag=1;local=0xb101;status=0x00806f02;rxf=0x0796c814;win=8165;pc=8;mask=0xff;resp=8;unexp=0;last_len=20;last_src=0xa107;last_dst=0xb101;last_code=0xe
[RECV] BSF66F notify: TR;3;13960;f;0;ff;ff;1888,3834,3912,2099,2254,3761,3938,2059;1888,3834,3912,2099,2254,3761,3938,2059;100,100,100,100,100,100,100,90;OOOOOOOO;98;0;15319;8
[RECV] BSF66F notify: TR;3;13961;f;0;ff;ff;1815,3858,3953,2177,2246,3850,3910,1938;1815,3858,3953,2177,2246,3850,3910,1938;100,100,100,100,100,100,100,90;OOOOOOOO;98;0;671;8
[RECV] BSF66F notify: TR;3;13962;f;0;ff;ff;1874,3853,3958,1869,2209,3856,3885,1929;1874,3853,3958,1869,2209,3856,3885,1929;100,100,100,100,100,100,100,90;OOOOOOOO;98;0;762;8
[RECV] BSF66F notify: TR;3;13963;f;0;ff;ff;1865,3831,3938,1859,2240,3827,3871,1964;1865,3831,3938,1859,2240,3827,3871,1964;100,100,100,100,100,100,100,94;OOOOOOOO;99;0;671;8
[RECV] BSF66F notify: TR;3;13964;f;0;ff;ff;1880,3846,3960,2077,2215,3830,3906,1986;1880,3846,3960,2077,2215,3830,3906,1986;100,100,100,100,100,100,100,94;OOOOOOOO;99;0;701;8
[RECV] BSF66F notify: TR;3;13965;f;0;ff;7f;1870,3842,3978,2157,2235,3787,3908,0;1870,3842,3978,2157,2235,3787,3908,1986;100,100,100,100,100,100,100,89;OOOOOOOT;100;0;671;8
[RECV] BSF66F notify: TR;3;13966;f;0;ff;ff;1812,3847,3995,1999,2210,3789,3882,1998;1812,3847,3995,1999,2210,3789,3882,1998;100,100,100,100,100,100,100,90;OOOOOOOO;98;0;579;8
[RECV] BSF66F notify: TR;3;13967;f;0;ff;7f;1870,3823,3983,1829,2180,3754,4224,0;1870,3823,3983,1829,2180,3754,4224,1998;100,100,100,100,100,100,100,85;OOOOOOOT;100;0;701;8
[RECV] BSF66F notify: TR;3;13968;f;0;ff;7f;1858,3821,3997,1896,2168,3846,3938,0;1858,3821,3997,1896,2168,3846,3938,1998;100,100,100,100,100,100,100,81;OOOOOOOT;100;0;671;8
[RECV] Conn param updated[0]: int=6 lat=0 to=400
[RECV] BSF66F notify: RXG;1;13968;tag=1;mask=0xff;pc=8;guard=1200;spacing=1000;win=8165;pre=1;slot_to_entry_us=0;slot_to_sched_us=0;slot_to_write_done_us=0;slot_to_txcmd_us=274;slot_to_txdone_us=610;txcmd_to_txdone_us=335;txdone_to_rxstart_us=61;txdone_to_rxend_us=274;rxenable
[RECV] BSF66F notify: TR;3;13969;f;0;ff;ff;1841,3855,3988,1983,2204,3872,3896,1977;1841,3855,3988,1983,2204,3872,3896,1977;100,100,100,100,100,100,100,82;OOOOOOOO;97;0;29388;8
[RECV] BSF66F notify: CD;1;13969;tag=1;local=0xb101;status=0x00800f02;rxf=0x0776c814;win=8165;pc=8;mask=0xff;resp=7;unexp=0;last_len=20;last_src=0xa106;last_dst=0xb101;last_code=0xe
[RECV] BSF66F notify: TR;3;13970;f;0;ff;7f;1901,3825,3977,2128,2229,3817,3905,0;1901,3825,3977,2128,2229,3817,3905,1977;100,100,100,100,100,100,100,79;OOOOOOOT;100;0;15319;8
[RECV] BSF66F notify: TR;3;13971;f;0;ff;7f;1804,3831,4016,2131,2189,3822,3921,0;1804,3831,4016,2131,2189,3822,3921,1977;100,100,100,100,100,100,100,76;OOOOOOOT;100;0;671;8
[RECV] BSF66F notify: TR;3;13972;f;0;ff;ff;1877,3821,3998,1902,2212,3844,3872,2000;1877,3821,3998,1902,2212,3844,3872,2000;100,100,100,100,100,100,100,76;OOOOOOOO;97;0;701;8
[RECV] BSF66F notify: TR;3;13973;f;0;ff;7f;1905,3851,3944,1923,2228,3799,3960,0;1905,3851,3944,1923,2228,3799,3960,2000;100,100,100,100,100,100,100,74;OOOOOOOT;100;0;671;8
[RECV] BSF66F notify: TR;3;13974;f;0;ff;7f;1917,3842,3996,1894,2259,3759,3878,0;1917,3842,3996,1894,2259,3759,3878,2000;100,100,100,100,100,100,100,71;OOOOOOOT;100;0;671;8
[RECV] BSF66F notify: TR;3;13975;f;0;ff;ff;1886,3842,3950,2067,2258,3796,3868,1957;1886,3842,3950,2067,2258,3796,3868,1957;100,100,100,100,100,100,100,72;OOOOOOOO;96;0;701;8
[RECV] BSF66F notify: TR;3;13976;f;0;ff;7f;1813,3819,3987,2169,2214,3818,3900,0;1813,3819,3987,2169,2214,3818,3900,1957;100,100,100,100,100,100,100,70;OOOOOOOT;100;0;671;8
[RECV] BSF66F notify: TR;3;13977;f;0;ff;7f;1912,3845,4017,1989,2241,3736,3889,0;1912,3845,4017,1989,2241,3736,3889,1957;100,100,100,100,100,100,100,67;OOOOOOOT;100;0;671;8
[RECV] BSF66F notify: TR;3;13978;f;0;ff;ff;1859,3843,4009,1889,2230,3873,3889,1953;1859,3843,4009,1889,2230,3873,3889,1953;100,100,100,100,100,100,100,68;OOOOOOOO;96;0;701;8
[RECV] BSF66F notify: RXG;1;13978;tag=1;mask=0xff;pc=8;guard=1200;spacing=1000;win=8165;pre=1;slot_to_entry_us=0;slot_to_sched_us=0;slot_to_write_done_us=0;slot_to_txcmd_us=274;slot_to_txdone_us=610;txcmd_to_txdone_us=335;txdone_to_rxstart_us=61;txdone_to_rxend_us=183;rxenable
[RECV] BSF66F notify: TR;3;13979;f;0;ff;7f;1885,3873,3978,1998,2191,3838,3958,0;1885,3873,3978,1998,2191,3838,3958,1953;100,100,100,100,100,100,100,64;OOOOOOOT;100;0;29388;8
[RECV] BSF66F notify: CD;1;13979;tag=1;local=0xb101;status=0x00800f02;rxf=0x07c6c814;win=8165;pc=8;mask=0xff;resp=7;unexp=0;last_len=20;last_src=0xa106;last_dst=0xb101;last_code=0xe
[RECV] BSF66F notify: TR;3;13980;f;0;ff;7f;1805,3852,3955,2071,2245,3824,3906,0;1805,3852,3955,2071,2245,3824,3906,1953;100,100,100,100,100,100,100,61;OOOOOOOT;100;0;15289;8
[RECV] BSF66F notify: TR;3;13981;f;0;ff;ff;1878,3869,3956,2170,2179,3724,3921,1993;1878,3869,3956,2170,2179,3724,3921,1993;100,100,100,100,100,100,100,63;OOOOOOOO;95;0;671;8
[RECV] BSF66F notify: TR;3;13982;f;0;ff;df;1897,3847,3996,1877,2211,0,3919,1936;1897,3847,3996,1877,2211,3724,3919,1936;100,100,100,100,100,95,100,65;OOOOOTOO;95;0;671;8
[RECV] BSF66F notify: TR;3;13983;f;0;ff;ff;1882,3798,3977,1879,2197,3757,3885,1986;1882,3798,3977,1879,2197,3757,3885,1986;100,100,100,100,100,95,100,66;OOOOOOOO;95;0;701;8
[RECV] BSF66F notify: TR;3;13984;f;0;ff;ff;1905,3818,4017,1920,2245,3801,3942,2021;1905,3818,4017,1920,2245,3801,3942,2021;100,100,100,100,100,95,100,68;OOOOOOOO;95;0;701;8
[RECV] BSF66F notify: TR;3;13985;f;0;ff;df;1884,3868,3930,2161,2245,0,3967,1658;1884,3868,3930,2161,2245,3801,3967,1658;100,100,100,100,100,91,100,69;OOOOOTOO;95;0;671;8
[RECV] BSF66F notify: TR;3;13986;f;0;ff;7f;1822,3833,3959,2049,2259,3764,3957,0;1822,3833,3959,2049,2259,3764,3957,1658;100,100,100,100,100,91,100,66;OOOOOOOT;98;0;671;8
[RECV] BSF66F notify: TR;3;13987;f;0;ff;ff;1822,3818,3968,1961,2236,3762,3893,1930;1822,3818,3968,1961,2236,3762,3893,1930;100,100,100,100,100,92,100,68;OOOOOOOO;95;0;701;8
[RECV] BSF66F notify: TR;3;13988;f;0;ff;7f;1811,3832,3981,1995,2276,3755,3900,0;1811,3832,3981,1995,2276,3755,3900,1930;100,100,100,100,100,92,100,65;OOOOOOOT;98;0;671;8
[RECV] BSF66F notify: RXG;1;13988;tag=1;mask=0xff;pc=8;guard=1200;spacing=1000;win=8165;pre=1;slot_to_entry_us=0;slot_to_sched_us=0;slot_to_write_done_us=0;slot_to_txcmd_us=274;slot_to_txdone_us=610;txcmd_to_txdone_us=335;txdone_to_rxstart_us=61;txdone_to_rxend_us=183;rxenable
[RECV] BSF66F notify: TR;3;13989;f;0;ff;7f;1827,3853,3946,2131,2198,3835,3900,0;1827,3853,3946,2131,2198,3835,3900,1930;100,100,100,100,100,92,100,62;OOOOOOOT;98;0;29479;8
[RECV] BSF66F notify: CD;1;13989;tag=1;local=0xb101;status=0x00806f02;rxf=0x0766c814;win=8165;pc=8;mask=0xff;resp=8;unexp=0;last_len=20;last_src=0xa107;last_dst=0xb101;last_code=0xe
[RECV] BSF66F notify: TR;3;13990;f;0;ff;ff;1868,3830,3965,2168,2182,3783,3913,1979;1868,3830,3965,2168,2182,3783,3913,1979;100,100,100,100,100,92,100,64;OOOOOOOO;94;0;15350;8
[RECV] BSF66F notify: TR;3;13991;f;0;ff;7f;1885,3873,3963,2094,2184,3837,3849,0;1885,3873,3963,2094,2184,3837,3849,1979;100,100,100,100,100,93,100,62;OOOOOOOT;99;0;671;8
[RECV] BSF66F notify: TR;3;13992;f;0;ff;7f;1895,3836,4001,1921,2180,3788,3903,0;1895,3836,4001,1921,2180,3788,3903,1979;100,100,100,100,100,93,100,60;OOOOOOOT;99;0;671;8
[RECV] BSF66F notify: TR;3;13993;f;0;ff;ff;1872,3837,4002,1936,2239,3737,3891,1981;1872,3837,4002,1936,2239,3737,3891,1981;100,100,100,100,100,93,100,61;OOOOOOOO;94;0;701;8
[RECV] BSF66F notify: TR;3;13994;f;0;ff;7f;1878,3819,3982,2117,2244,3861,3988,0;1878,3819,3982,2117,2244,3861,3988,1981;100,100,100,100,100,93,100,59;OOOOOOOT;99;0;640;8
[RECV] BSF66F notify: TR;3;13995;f;0;ff;7f;1888,3831,3980,2193,2222,3817,3908,0;1888,3831,3980,2193,2222,3817,3908,1981;100,100,100,100,100,94,100,58;OOOOOOOT;99;0;671;8
[RECV] BSF66F notify: TR;3;13996;f;0;ff;ff;1902,3828,3953,2012,2244,3808,3867,2008;1902,3828,3953,2012,2244,3808,3867,2008;100,100,100,100,100,94,100,61;OOOOOOOO;94;0;671;8
[RECV] BSF66F notify: TR;3;13997;f;0;ff;7f;1887,3832,4015,1937,2234,3816,3895,0;1887,3832,4015,1937,2234,3816,3895,2008;100,100,100,100,100,94,100,57;OOOOOOOT;99;0;640;8
[RECV] BSF66F notify: TR;3;13998;f;0;ff;7f;1882,3851,3987,2007,2194,3729,3898,0;1882,3851,3987,2007,2194,3729,3898,2008;100,100,100,100,100,95,100,55;OOOOOOOT;99;0;671;8
[RECV] BSF66F notify: RXG;1;13998;tag=1;mask=0xff;pc=8;guard=1200;spacing=1000;win=8165;pre=1;slot_to_entry_us=0;slot_to_sched_us=0;slot_to_write_done_us=0;slot_to_txcmd_us=274;slot_to_txdone_us=610;txcmd_to_txdone_us=335;txdone_to_rxstart_us=122;txdone_to_rxend_us=244;rxenabl
[RECV] BSF66F notify: TR;3;13999;f;0;ff;ff;1836,3825,3984,2156,2207,3869,3879,1909;1836,3825,3984,2156,2207,3869,3879,1909;100,100,100,100,100,95,100,57;OOOOOOOO;94;0;29693;8
[RECV] BSF66F notify: CD;1;13999;tag=1;local=0xb101;status=0x00800f02;rxf=0x0766c814;win=8165;pc=8;mask=0xff;resp=7;unexp=0;last_len=20;last_src=0xa106;last_dst=0xb101;last_code=0xe
[RECV] BSF66F notify: TR;3;14000;f;0;ff;7f;1810,3833,3968,2156,2187,3851,3880,0;1810,3833,3968,2156,2187,3851,3880,1909;100,100,100,100,100,95,100,54;OOOOOOOT;99;0;15289;8
[RECV] BSF66F notify: TR;3;14001;f;0;ff;7f;1808,3850,3973,2125,2208,3762,3907,0;1808,3850,3973,2125,2208,3762,3907,1909;100,100,100,100,100,95,100,52;OOOOOOOT;99;0;671;8
[RECV] BSF66F notify: TR;3;14002;f;0;ff;ff;1810,3834,3955,2100,2309,3864,3899,1955;1810,3834,3955,2100,2309,3864,3899,1955;100,100,100,100,100,95,100,54;OOOOOOOO;93;0;701;8
[RECV] BSF66F notify: TR;3;14003;f;0;ff;7f;1822,3825,3985,1998,2295,3774,3908,0;1822,3825,3985,1998,2295,3774,3908,1955;100,100,100,100,100,96,100,52;OOOOOOOT;99;0;671;8
[RECV] BSF66F notify: TR;3;14004;f;0;ff;7f;1839,3826,4009,2025,2207,3848,3955,0;1839,3826,4009,2025,2207,3848,3955,1955;100,100,100,100,100,96,100,50;OOOOOOOT;99;0;671;8
[RECV] BSF66F notify: TR;3;14005;f;0;ff;ff;1815,3851,3972,2161,2206,3879,3907,1922;1815,3851,3972,2161,2206,3879,3907,1922;100,100,100,100,100,96,100,51;OOOOOOOO;93;0;671;8
[RECV] BSF66F notify: TR;3;14006;f;0;ff;7f;1875,3837,3922,2189,2204,3781,3887,0;1875,3837,3922,2189,2204,3781,3887,1922;100,100,100,100,100,96,100,50;OOOOOOOT;99;0;671;8
[RECV] BSF66F notify: TR;3;14007;f;0;ff;7f;1890,3837,3990,1900,2241,3805,3850,0;1890,3837,3990,1900,2241,3805,3850,1922;100,100,100,100,100,96,100,48;OOOOOOOT;99;0;671;8
[RECV] BSF66F notify: TR;3;14008;f;0;ff;ff;1817,3823,3971,1972,2252,3798,3946,1984;1817,3823,3971,1972,2252,3798,3946,1984;100,100,100,100,100,96,100,50;OOOOOOOO;93;0;1068;8
[RECV] BSF66F notify: RXG;1;14008;tag=1;mask=0xff;pc=8;guard=1200;spacing=1000;win=8165;pre=1;slot_to_entry_us=0;slot_to_sched_us=0;slot_to_write_done_us=0;slot_to_txcmd_us=274;slot_to_txdone_us=610;txcmd_to_txdone_us=335;txdone_to_rxstart_us=61;txdone_to_rxend_us=183;rxenable
[RECV] BSF66F notify: TR;3;14009;f;0;ff;7f;1833,3834,3977,2008,2219,3855,3933,0;1833,3834,3977,2008,2219,3855,3933,1984;100,100,100,100,100,96,100,48;OOOOOOOT;99;0;29235;8
[RECV] BSF66F notify: CD;1;14009;tag=1;local=0xb101;status=0x00806f02;rxf=0x07a6c814;win=8165;pc=8;mask=0xff;resp=8;unexp=0;last_len=20;last_src=0xa107;last_dst=0xb101;last_code=0xe
[RECV] BSF66F notify: TR;3;14010;f;0;ff;ff;1898,3851,3990,2020,2219,3901,3968,1994;1898,3851,3990,2020,2219,3901,3968,1994;100,100,100,100,100,96,100,50;OOOOOOOO;93;0;15594;8
[RECV] BSF66F notify: TR;3;14011;f;0;ff;ff;1910,3822,3988,2118,2244,3846,3959,1991;1910,3822,3988,2118,2244,3846,3959,1991;100,100,100,100,100,100,100,52;OOOOOOOO;94;0;671;8
[RECV] BSF66F notify: TR;3;14012;f;0;ff;7f;1836,3812,4006,1916,2184,3877,3879,0;1836,3812,4006,1916,2184,3877,3879,1991;100,100,100,100,100,100,100,50;OOOOOOOT;100;0;640;8
[RECV] BSF66F notify: TR;3;14013;f;0;ff;5f;1900,3879,3978,1931,2224,0,3918,0;1900,3879,3978,1931,2224,3877,3918,1991;100,100,100,100,100,94,100,47;OOOOOTOT;100;0;762;8
[RECV] BSF66F notify: TR;3;14014;f;0;ff;ff;1856,3848,3969,2064,2195,3836,3859,1888;1856,3848,3969,2064,2195,3836,3859,1888;100,100,100,100,100,95,100,50;OOOOOOOO;93;0;1098;8
[RECV] BSF66F notify: TR;3;14015;f;0;ff;7f;1861,3803,3990,2123,2226,3843,3935,0;1861,3803,3990,2123,2226,3843,3935,1888;100,100,100,100,100,95,100,47;OOOOOOOT;99;0;640;8
[RECV] BSF66F notify: TR;3;14016;f;0;ff;7f;1800,3824,3952,2051,2210,3829,3982,0;1800,3824,3952,2051,2210,3829,3982,1888;100,100,100,100,100,95,100,45;OOOOOOOT;99;0;671;8
[RECV] BSF66F notify: TR;3;14017;f;0;ff;ff;1872,3833,3997,1915,2202,3788,3895,2008;1872,3833,3997,1915,2202,3788,3895,2008;100,100,100,100,100,95,100,47;OOOOOOOO;92;0;823;8
[[HOST_CMD 454124.314] tdma hold 0
RECV] BSF66F notify: TR;3;14018;f;0;ff;7f;1838,3778,3978,1894,2184,3733,3871,0;1838,3778,3978,1894,2184,3733,3871,2008;100,100,100,100,100,95,100,45;OOOOOOOT;99;0;640;8
[RECV] TDMA rebalance hold=0 deferred=1
[RECV] CFG assigned[0]: bs=BSF66F tag=1 slot=0/10 mask=0x0129 period=40 active=24 gen=2 pmode=0
[RECV] TDMA weighted[0]: bs=BSF66F profile=motion target=10Hz mask=0x0129 slots=4/10 actual_x100=1000 epoch_delay=3000
[RECV] tdma hold rc=0 hold=0
[RECV] CFG confirmed[0]: tag=1 slot=0/10 mask=0x0129 period=40 active=24 gen=2 live=1
[RECV] BSF66F notify: CFG_OK TAG=1 SLOT=0/10 MASK=0x0129 PERIOD=40 ACTIVE=24 GEN=2 LIVE=1
[RECV] BSF66F notify: RXG;1;14018;tag=1;mask=0xff;pc=8;guard=1200;spacing=1000;win=8165;pre=1;slot_to_entry_us=0;slot_to_sched_us=0;slot_to_write_done_us=0;slot_to_txcmd_us=274;slot_to_txdone_us=610;txcmd_to_txdone_us=335;txdone_to_rxstart_us=61;txdone_to_rxend_us=183;rxenable
[RECV] BSF66F notify: TR;3;14019;f;0;ff;ff;1879,3804,3999,1987,2229,3884,3923,1979;1879,3804,3999,1987,2229,3884,3923,1979;100,100,100,100,100,96,100,48;OOOOOOOO;93;0;30639;8
[HOST_CMD 454125.364] tdma show
[RECV] TDMA weighted scheduler: period=40ms active=24ms max_slots=12 freq motion=10Hz static=5Hz roto=10Hz
[RECV] TDMA profile: BSF66F -> motion target=10Hz
[HOST_CMD 454126.368] status
[RECV] Control status: mode=RECV pending=0
[HOST_CMD 454127.170] device show
[RECV] System target: kind=tag caps=0x0f (config=1 ota=1 stream=1 status=1)
OTA target filter: token=-1 name=- prefix=bs uuid=-
[RECV] BSF66F notify: RXG;1;14019;tag=1;mask=0xff;pc=8;guard=1200;spacing=1000;win=8165;pre=1;slot_to_entry_us=0;slot_to_sched_us=0;slot_to_write_done_us=0;slot_to_txcmd_us=274;slot_to_txdone_us=610;txcmd_to_txdone_us=335;txdone_to_rxstart_us=61;txdone_to_rxend_us=183;rxenable
[RECV] BSF66F notify: CD;1;14019;tag=1;local=0xb101;status=0x00806f02;rxf=0x07c6c814;win=8165;pc=8;mask=0xff;resp=8;unexp=0;last_len=20;last_src=0xa107;last_dst=0xb101;last_code=0xe
[RECV] BSF66F notify: TR;3;14020;f;0;ff;ff;1896,3815,4003,2126,2202,3814,3941,2007;1896,3815,4003,2126,2202,3814,3941,2007;100,100,100,100,100,100,100,100;OOOOOOOO;100;0;44250;8
[RECV] BSF66F notify: TR;3;14021;f;0;ff;7f;1837,3780,3982,2130,2184,3882,3914,0;1837,3780,3982,2130,2184,3882,3914,2007;100,100,100,100,100,100,100,50;OOOOOOOT;100;0;671;8
[RECV] BSF66F notify: TR;3;14022;f;0;ff;ff;1843,3818,3973,2093,2218,3729,3916,2016;1843,3818,3973,2093,2218,3729,3916,2016;100,100,100,100,100,100,100,66;OOOOOOOO;95;0;671;8
[RECV] BSF66F notify: TR;3;14023;f;0;ff;ff;1816,3826,4010,1909,2284,3759,3910,1995;1816,3826,4010,1909,2284,3759,3910,1995;100,100,100,100,100,100,100,75;OOOOOOOO;96;0;671;8
[RECV] BSF66F notify: TR;3;14024;f;0;ff;7f;1917,3801,4003,1876,2208,3794,3904,0;1917,3801,4003,1876,2208,3794,3904,1995;100,100,100,100,100,100,100,60;OOOOOOOT;100;0;671;8
[RECV] BSF66F notify: TR;3;14025;f;0;ff;7f;1877,3782,4001,1974,2273,3752,3872,0;1877,3782,4001,1974,2273,3752,3872,1995;100,100,100,100,100,100,100,50;OOOOOOOT;100;0;671;8
[RECV] BSF66F notify: TR;3;14026;f;0;ff;7f;1847,3830,3983,2131,2196,3775,3911,0;1847,3830,3983,2131,2196,3775,3911,1995;100,100,100,100,100,100,100,42;OOOOOOOT;100;0;701;8
[RECV] BSF66F notify: TR;3;14027;f;0;ff;7f;1833,3849,3928,2031,2260,3793,3966,0;1833,3849,3928,2031,2260,3793,3966,1995;100,100,100,100,100,100,100,37;OOOOOOOT;100;0;671;8
[RECV] BSF66F notify: TR;3;14028;f;0;ff;7f;1846,3821,3970,2052,2219,3840,3912,0;1846,3821,3970,2052,2219,3840,3912,1995;100,100,100,100,100,100,100,33;OOOOOOOT;100;0;671;8
[RECV] BSF66F notify: TR;3;14029;f;0;ff;7f;1893,3830,3960,2045,2222,3791,3934,0;1893,3830,3960,2045,2222,3791,3934,1995;100,100,100,100,100,100,100,30;OOOOOOOT;100;0;671;8
[RECV] BSF66F notify: RXG;1;14029;tag=1;mask=0xff;pc=8;guard=1200;spacing=1000;win=8165;pre=1;slot_to_entry_us=0;slot_to_sched_us=0;slot_to_write_done_us=0;slot_to_txcmd_us=274;slot_to_txdone_us=610;txcmd_to_txdone_us=335;txdone_to_rxstart_us=61;txdone_to_rxend_us=183;rxenable
[RECV] BSF66F notify: TR;3;14030;f;0;ff;7f;1818,3853,3990,2086,2230,3795,3899,0;1818,3853,3990,2086,2230,3795,3899,1995;100,100,100,100,100,100,100,27;OOOOOOOT;100;0;29205;8
[RECV] BSF66F notify: CD;1;14030;tag=1;local=0xb101;status=0x00800f02;rxf=0x0766c814;win=8165;pc=8;mask=0xff;resp=7;unexp=0;last_len=20;last_src=0xa106;last_dst=0xb101;last_code=0xe
[RECV] BSF66F notify: TR;3;14031;f;0;ff;7f;1914,3881,3991,2183,2190,3806,3888,0;1914,3881,3991,2183,2190,3806,3888,1995;100,100,100,100,100,100,100,25;OOOOOOOT;100;0;15319;8
[RECV] BSF66F notify: TR;3;14032;f;0;ff;7f;1800,3832,3994,2177,2229,3819,3963,0;1800,3832,3994,2177,2229,3819,3963,1995;100,100,100,100,100,100,100,23;OOOOOOOT;100;0;671;8
[RECV] BSF66F notify: TR;3;14033;f;0;ff;7f;1893,3855,3950,2065,2268,3868,3946,0;1893,3855,3950,2065,2268,3868,3946,1995;100,100,100,100,100,100,100,21;OOOOOOOT;100;0;671;8
[RECV] BSF66F notify: TR;3;14034;f;0;ff;7f;1788,3833,4003,2181,2206,3798,3904,0;1788,3833,4003,2181,2206,3798,3904,1995;100,100,100,100,100,100,100,20;OOOOOOOT;100;0;640;8
[RECV] BSF66F notify: TR;3;14035;f;0;ff;7f;1899,3808,3990,1942,2244,3809,3934,0;1899,3808,3990,1942,2244,3809,3934,1995;100,100,100,100,100,100,100,18;OOOOOOOT;100;0;671;8
[RECV] BSF66F notify: TR;3;14036;f;0;ff;7f;1918,3815,3933,2126,2225,3804,3917,0;1918,3815,3933,2126,2225,3804,3917,1995;100,100,100,100,100,100,100,17;OOOOOOOT;100;0;671;8
[RECV] BSF66F notify: TR;3;14037;f;0;ff;ff;1848,3853,3948,2091,2199,3844,3887,2027;1848,3853,3948,2091,2199,3844,3887,2027;100,100,100,100,100,100,100,22;OOOOOOOO;90;0;671;8
[RECV] BSF66F notify: TR;3;14038;f;0;ff;ff;1834,3808,3969,2076,2241,3761,3922,1955;1834,3808,3969,2076,2241,3761,3922,1955;100,100,100,100,100,100,100,26;OOOOOOOO;90;0;671;8
[RECV] BSF66F notify: TR;3;14039;f;0;ff;7f;1853,3862,3988,2019,2250,3847,3911,0;1853,3862,3988,2019,2250,3847,3911,1955;100,100,100,100,100,100,100,25;OOOOOOOT;100;0;671;8
[RECV] BSF66F notify: RXG;1;14039;tag=1;mask=0xff;pc=8;guard=1200;spacing=1000;win=8165;pre=1;slot_to_entry_us=0;slot_to_sched_us=0;slot_to_write_done_us=0;slot_to_txcmd_us=274;slot_to_txdone_us=610;txcmd_to_txdone_us=335;txdone_to_rxstart_us=61;txdone_to_rxend_us=183;rxenable
[RECV] BSF66F notify: TR;3;14040;f;0;ff;7f;1893,3844,3970,2150,2224,3821,3945,0;1893,3844,3970,2150,2224,3821,3945,1955;100,100,100,100,100,100,100,23;OOOOOOOT;100;0;29907;8
[RECV] BSF66F notify: CD;1;14040;tag=1;local=0xb101;status=0x00800f02;rxf=0x0766c814;win=8165;pc=8;mask=0xff;resp=7;unexp=0;last_len=20;last_src=0xa106;last_dst=0xb101;last_code=0xe
[RECV] BSF66F notify: TR;3;14041;f;0;ff;7f;1903,3809,3976,2136,2228,3857,3874,0;1903,3809,3976,2136,2228,3857,3874,1955;100,100,100,100,100,100,100,22;OOOOOOOT;100;0;15228;8
[RECV] BSF66F notify: TR;3;14042;f;0;ff;ff;1922,3827,3977,2055,2239,3809,3875,2015;1922,3827,3977,2055,2239,3809,3875,2015;100,100,100,100,100,100,100,26;OOOOOOOO;90;0;701;8
[RECV] BSF66F notify: TR;3;14043;f;0;ff;7f;1893,3843,3960,1949,2196,3880,3923,0;1893,3843,3960,1949,2196,3880,3923,2015;100,100,100,100,100,100,100,25;OOOOOOOT;100;0;671;8
[RECV] BSF66F notify: TR;3;14044;f;0;ff;7f;1843,3832,3951,1914,2231,3792,3933,0;1843,3832,3951,1914,2231,3792,3933,2015;100,100,100,100,100,100,100,24;OOOOOOOT;100;0;671;8
[RECV] BSF66F notify: TR;3;14045;f;0;ff;ff;1893,3843,3991,2004,2208,3779,3864,1973;1893,3843,3991,2004,2208,3779,3864,1973;100,100,100,100,100,100,100,26;OOOOOOOO;90;0;701;8
[RECV] BSF66F notify: TR;3;14046;f;0;ff;7f;1849,3785,3968,2116,2324,3864,3949,0;1849,3785,3968,2116,2324,3864,3949,1973;100,100,100,100,100,100,100,25;OOOOOOOT;100;0;671;8
[RECV] BSF66F notify: TR;3;14047;f;0;ff;7f;1841,3839,4010,2163,2197,3788,3895,0;1841,3839,4010,2163,2197,3788,3895,1973;100,100,100,100,100,100,100,25;OOOOOOOT;100;0;640;8
[RECV] BSF66F notify: TR;3;14048;f;0;ff;ff;1813,3825,3946,1912,2200,3819,3901,1983;1813,3825,3946,1912,2200,3819,3901,1983;100,100,100,100,100,100,100,27;OOOOOOOO;90;0;701;8
[RECV] BSF66F notify: TR;3;14049;f;0;ff;7f;1865,3834,3964,2033,2238,3738,3912,0;1865,3834,3964,2033,2238,3738,3912,1983;100,100,100,100,100,100,100,26;OOOOOOOT;100;0;671;8
[RECV] BSF66F notify: RXG;1;14049;tag=1;mask=0xff;pc=8;guard=1200;spacing=1000;win=8165;pre=1;slot_to_entry_us=0;slot_to_sched_us=0;slot_to_write_done_us=0;slot_to_txcmd_us=274;slot_to_txdone_us=610;txcmd_to_txdone_us=335;txdone_to_rxstart_us=61;txdone_to_rxend_us=183;rxenable
[RECV] BSF66F notify: TR;3;14050;f;0;ff;7f;1885,3825,3957,1988,2244,3794,3911,0;1885,3825,3957,1988,2244,3794,3911,1983;100,100,100,100,100,100,100,25;OOOOOOOT;100;0;30181;8
[RECV] BSF66F notify: CD;1;14050;tag=1;local=0xb101;status=0x00800b02;rxf=0x0776c814;win=8165;pc=8;mask=0xff;resp=7;unexp=0;last_len=20;last_src=0xa106;last_dst=0xb101;last_code=0xe
[RECV] BSF66F notify: TR;3;14051;f;0;ff;7f;1838,3845,3993,2152,2211,3794,3894,0;1838,3845,3993,2152,2211,3794,3894,1983;100,100,100,100,100,100,100,25;OOOOOOOT;100;0;15258;8
[RECV] BSF66F notify: TR;3;14052;f;0;ff;7f;1850,3844,3936,2059,2197,3799,3912,0;1850,3844,3936,2059,2197,3799,3912,1983;100,100,100,100,100,100,100,23;OOOOOOOT;100;0;640;8
[RECV] BSF66F notify: TR;3;14053;f;0;ff;7f;1840,3830,3984,1909,2207,3829,3899,0;1840,3830,3984,1909,2207,3829,3899,1983;100,100,100,100,100,100,100,22;OOOOOOOT;100;0;671;8
[RECV] BSF66F notify: TR;3;14054;f;0;ff;7e;0,3810,3996,1888,2240,3815,3938,0;1840,3810,3996,1888,2240,3815,3938,1983;94,100,100,100,100,100,100,21;TOOOOOOT;100;0;640;8
[RECV] BSF66F notify: TR;3;14055;f;0;ff;7f;1891,3855,3991,2058,2216,3821,3894,0;1891,3855,3991,2058,2216,3821,3894,1983;95,100,100,100,100,100,100,20;OOOOOOOT;99;0;671;8
[RECV] BSF66F notify: TR;3;14056;f;0;ff;7f;1844,3861,3938,2118,2235,3776,3896,0;1844,3861,3938,2118,2235,3776,3896,1983;95,100,100,100,100,100,100,19;OOOOOOOT;99;0;671;8
[RECV] BSF66F notify: TR;3;14057;f;0;ff;ff;1846,3826,3914,2059,2173,3796,3914,1955;1846,3826,3914,2059,2173,3796,3914,1955;95,100,100,100,100,100,100,22;OOOOOOOO;89;0;701;8
[RECV] BSF66F notify: TR;3;14058;f;0;ff;7f;1833,3825,3969,1862,2230,3805,3872,0;1833,3825,3969,1862,2230,3805,3872,1955;95,100,100,100,100,100,100,21;OOOOOOOT;99;0;671;8
[RECV] BSF66F notify: TR;3;14059;f;0;ff;7f;1824,3863,3986,2050,2216,3813,3907,0;1824,3863,3986,2050,2216,3813,3907,1955;95,100,100,100,100,100,100,20;OOOOOOOT;99;0;640;8
[RECV] BSF66F notify: RXG;1;14059;tag=1;mask=0xff;pc=8;guard=1200;spacing=1000;win=8165;pre=1;slot_to_entry_us=0;slot_to_sched_us=0;slot_to_write_done_us=0;slot_to_txcmd_us=274;slot_to_txdone_us=610;txcmd_to_txdone_us=335;txdone_to_rxstart_us=61;txdone_to_rxend_us=183;rxenable
[RECV] BSF66F notify: TR;3;14060;f;0;ff;fb;1908,3830,0,2065,2259,3770,3911,1869;1908,3830,3986,2065,2259,3770,3911,1869;96,100,96,100,100,100,100,24;OOTOOOOO;88;0;29602;8
[RECV] BSF66F notify: CD;1;14060;tag=1;local=0xb101;status=0x00800b02;rxf=0x07d6c814;win=8165;pc=8;mask=0xff;resp=7;unexp=0;last_len=20;last_src=0xa106;last_dst=0xb101;last_code=0xe
[RECV] BSF66F notify: TR;3;14061;f;0;ff;7f;1897,3845,3966,2116,2216,3732,3899,0;1897,3845,3966,2116,2216,3732,3899,1869;96,100,96,100,100,100,100,23;OOOOOOOT;98;0;15289;8
[RECV] BSF66F notify: TR;3;14062;f;0;ff;7f;1848,3812,3985,2099,2204,3862,3859,0;1848,3812,3985,2099,2204,3862,3859,1869;96,100,96,100,100,100,100,22;OOOOOOOT;98;0;671;8
[RECV] BSF66F notify: TR;3;14063;f;0;ff;ff;1806,3841,4021,1900,2186,3721,3854,2005;1806,3841,4021,1900,2186,3721,3854,2005;96,100,96,100,100,100,100,25;OOOOOOOO;89;0;701;8
[RECV] BSF66F notify: TR;3;14064;f;0;ff;ff;1854,3754,4001,1931,2270,3869,3856,1917;1854,3754,4001,1931,2270,3869,3856,1917;96,100,96,100,100,100,100,27;OOOOOOOO;89;0;1068;8
[RECV] BSF66F notify: TR;3;14065;f;0;ff;7f;1846,3834,3967,2006,2215,3787,3888,0;1846,3834,3967,2006,2215,3787,3888,1917;96,100,96,100,100,100,100,26;OOOOOOOT;98;0;671;8
[RECV] BSF66F notify: TR;3;14066;f;0;ff;7f;1829,3822,3915,2193,2273,3762,3893,0;1829,3822,3915,2193,2273,3762,3893,1917;96,100,96,100,100,100,100,25;OOOOOOOT;98;0;640;8
[RECV] BSF66F notify: TR;3;14067;f;0;ff;7f;1821,3838,3926,2052,2234,3888,3901,0;1821,3838,3926,2052,2234,3888,3901,1917;96,100,96,100,100,100,100,25;OOOOOOOT;98;0;671;8
[RECV] BSF66F notify: TR;3;14068;f;0;ff;7f;1891,3803,3973,1882,2244,3718,3888,0;1891,3803,3973,1882,2244,3718,3888,1917;100,100,100,100,100,100,100,23;OOOOOOOT;100;0;671;8
[RECV] BSF66F notify: TR;3;14069;f;0;ff;7f;1894,3838,3970,1921,2233,3857,3897,0;1894,3838,3970,1921,2233,3857,3897,1917;100,100,100,100,100,100,100,22;OOOOOOOT;100;0;640;8
[RECV] BSF66F notify: TR;3;14070;f;0;ff;7f;1837,3844,3984,2062,2210,3857,3911,0;1837,3844,3984,2062,2210,3857,3911,1917;100,100,100,100,100,100,100,21;OOOOOOOT;100;0;671;8
[RECV] BSF66F notify: RXG;1;14070;tag=1;mask=0xff;pc=8;guard=1200;spacing=1000;win=8165;pre=1;slot_to_entry_us=0;slot_to_sched_us=0;slot_to_write_done_us=0;slot_to_txcmd_us=274;slot_to_txdone_us=610;txcmd_to_txdone_us=335;txdone_to_rxstart_us=61;txdone_to_rxend_us=183;rxenable
[RECV] BSF66F notify: CD;1;14070;tag=1;local=0xb101;status=0x00800b02;rxf=0x0796c814;win=8165;pc=8;mask=0xff;resp=7;unexp=0;last_len=20;last_src=0xa106;last_dst=0xb101;last_code=0xe
[RECV] BSF66F notify: TR;3;14071;f;0;ff;7f;1818,3864,3979,2101,2231,3736,3913,0;1818,3864,3979,2101,2231,3736,3913,1917;100,100,100,100,100,100,100,20;OOOOOOOT;100;0;43701;8
[RECV] BSF66F notify: TR;3;14072;f;0;ff;ff;1816,3762,3978,2156,2221,3759,3952,2013;1816,3762,3978,2156,2221,3759,3952,2013;100,100,100,100,100,100,100,23;OOOOOOOO;90;0;701;8
[RECV] BSF66F notify: TR;3;14073;f;0;ff;7f;1835,3822,3967,1910,2231,3816,3960,0;1835,3822,3967,1910,2231,3816,3960,2013;100,100,100,100,100,100,100,22;OOOOOOOT;100;0;671;8
[RECV] BSF66F notify: TR;3;14074;f;0;ff;7f;1907,3811,3977,1957,2235,3818,3919,0;1907,3811,3977,1957,2235,3818,3919,2013;100,100,100,100,100,100,100,21;OOOOOOOT;100;0;640;8
[RECV] BSF66F notify: TR;3;14075;f;0;ff;7f;1809,3803,4005,1903,2202,3721,3917,0;1809,3803,4005,1903,2202,3721,3917,2013;100,100,100,100,100,100,100,20;OOOOOOOT;100;0;640;8
[RECV] BSF66F notify: TR;3;14076;f;0;ff;ff;1879,3826,3979,2096,2188,3733,3884,1947;1879,3826,3979,2096,2188,3733,3884,1947;100,100,100,100,100,100,100,24;OOOOOOOO;90;0;671;8
[RECV] BSF66F notify: TR;3;14077;f;0;ff;f7;1847,3834,3936,0,2222,3895,3963,2043;1847,3834,3936,2096,2222,3895,3963,2043;100,100,100,96,100,100,100,26;OOOTOOOO;89;0;671;8
[RECV] BSF66F notify: TR;3;14078;f;0;ff;7f;1888,3836,3973,2100,2217,3735,3893,0;1888,3836,3973,2100,2217,3735,3893,2043;100,100,100,96,100,100,100,25;OOOOOOOT;99;0;671;8
[RECV] BSF66F notify: TR;3;14079;f;0;ff;ff;1874,3821,3987,1915,2247,3918,3903,1940;1874,3821,3987,1915,2247,3918,3903,1940;100,100,100,96,100,100,100,28;OOOOOOOO;90;0;671;8
[RECV] BSF66F notify: TR;3;14080;f;0;ff;7f;1915,3814,4002,1920,2307,3801,3939,0;1915,3814,4002,1920,2307,3801,3939,1940;100,100,100,96,100,100,100,27;OOOOOOOT;99;0;640;8
[RECV] BSF66F notify: RXG;1;14080;tag=1;mask=0xff;pc=8;guard=1200;spacing=1000;win=8165;pre=1;slot_to_entry_us=0;slot_to_sched_us=0;slot_to_write_done_us=0;slot_to_txcmd_us=274;slot_to_txdone_us=610;txcmd_to_txdone_us=335;txdone_to_rxstart_us=61;txdone_to_rxend_us=183;rxenable
[RECV] BSF66F notify: CD;1;14080;tag=1;local=0xb101;status=0x00806f02;rxf=0x07b6c814;win=8165;pc=8;mask=0xff;resp=7;unexp=0;last_len=20;last_src=0xa107;last_dst=0xb101;last_code=0xe
[RECV] BSF66F notify: TR;3;14081;f;0;ff;fb;1814,3854,0,2155,2225,3766,3922,1963;1814,3854,4002,2155,2225,3766,3922,1963;100,100,96,96,100,100,100,30;OOTOOOOO;89;0;44036;8
[RECV] BSF66F notify: TR;3;14082;f;0;ff;7f;1798,3837,3963,2169,2164,3921,3904,0;1798,3837,3963,2169,2164,3921,3904,1963;100,100,96,96,100,100,100,29;OOOOOOOT;98;0;640;8
[RECV] BSF66F notify: TR;3;14083;f;0;ff;7f;1914,3815,3969,1979,2231,3819,3975,0;1914,3815,3969,1979,2231,3819,3975,1963;100,100,96,96,100,100,100,28;OOOOOOOT;98;0;640;8
[RECV] BSF66F notify: TR;3;14084;f;0;ff;7f;1800,3759,3994,2073,2186,3778,3933,0;1800,3759,3994,2073,2186,3778,3933,1963;100,100,100,100,100,100,100,29;OOOOOOOT;100;0;793;8
[RECV] BSF66F notify: TR;3;14085;f;0;ff;7f;1878,3827,3989,1892,2289,3838,3896,0;1878,3827,3989,1892,2289,3838,3896,1963;100,100,100,100,100,100,100,27;OOOOOOOT;100;0;671;8
[RECV] BSF66F notify: TR;3;14086;f;0;ff;7f;1854,3828,3984,2186,2198,3771,3903,0;1854,3828,3984,2186,2198,3771,3903,1963;100,100,100,100,100,100,100,26;OOOOOOOT;100;0;671;8
[RECV] BSF66F notify: TR;3;14087;f;0;ff;ff;1876,3865,3965,2152,2242,3829,3954,2004;1876,3865,3965,2152,2242,3829,3954,2004;100,100,100,100,100,100,100,30;OOOOOOOO;91;0;701;8
[RECV] BSF66F notify: TR;3;14090;f;0;ff;ff;1827,3795,3981,2118,2192,3762,3914,1886;1827,3795,3981,2118,2192,3762,3914,1886;100,100,100,100,100,100,100,30;OOOOOOOO;91;0;701;8
[RECV] BSF66F notify: RXG;1;14091;tag=1;mask=0xff;pc=8;guard=1200;spacing=1000;win=8165;pre=1;slot_to_entry_us=0;slot_to_sched_us=0;slot_to_write_done_us=0;slot_to_txcmd_us=274;slot_to_txdone_us=610;txcmd_to_txdone_us=335;txdone_to_rxstart_us=61;txdone_to_rxend_us=183;rxenable
[RECV] BSF66F notify: CD;1;14091;tag=1;local=0xb101;status=0x00800f02;rxf=0x0766c814;win=8165;pc=8;mask=0xff;resp=7;unexp=0;last_len=20;last_src=0xa106;last_dst=0xb101;last_code=0xe
[RECV] BSF66F notify: TR;3;14095;f;0;ff;7f;1898,3799,3944,2095,2223,3832,3915,0;1898,3799,3944,2095,2223,3832,3915,2025;100,100,100,100,100,100,100,32;OOOOOOOT;100;0;671;8
[RECV] BSF66F notify: TR;3;14096;f;0;ff;ff;1814,3803,3942,2164,2151,3849,3887,1998;1814,3803,3942,2164,2151,3849,3887,1998;100,100,100,100,100,100,100,34;OOOOOOOO;91;0;701;8
[RECV] BSF66F notify: TR;3;14097;f;0;ff;7f;1875,3856,3925,2162,2219,3848,3887,0;1875,3856,3925,2162,2219,3848,3887,1998;100,100,100,100,100,100,100,33;OOOOOOOT;100;0;640;8
[RECV] BSF66F notify: TR;3;14098;f;0;ff;7f;1894,3826,4010,1884,2314,3797,3906,0;1894,3826,4010,1884,2314,3797,3906,1998;100,100,100,100,100,100,100,32;OOOOOOOT;100;0;671;8
[RECV] BSF66F notify: TR;3;14099;f;0;ff;ff;1883,3840,4031,1899,2232,3736,3857,1965;1883,3840,4031,1899,2232,3736,3857,1965;100,100,100,100,100,100,100,34;OOOOOOOO;91;0;701;8
[RECV] BSF66F notify: TR;3;14100;f;0;ff;7f;1909,3817,3997,2020,2255,3737,3873,0;1909,3817,3997,2020,2255,3737,3873,1965;100,100,100,100,100,100,100,35;OOOOOOOT;100;0;640;8
[RECV] BSF66F notify: TR;3;14101;f;0;ff;7f;1885,3826,3984,2082,2179,3840,3879,0;1885,3826,3984,2082,2179,3840,3879,1965;100,100,100,100,100,100,100,33;OOOOOOOT;100;0;671;8
[RECV] BSF66F notify: RXG;1;14101;tag=1;mask=0xff;pc=8;guard=1200;spacing=1000;win=8165;pre=1;slot_to_entry_us=0;slot_to_sched_us=0;slot_to_write_done_us=0;slot_to_txcmd_us=274;slot_to_txdone_us=610;txcmd_to_txdone_us=335;txdone_to_rxstart_us=61;txdone_to_rxend_us=183;rxenable
[RECV] BSF66F notify: TR;3;14104;f;0;ff;7f;1839,3819,3976,2030,2241,3874,3921,0;1839,3819,3976,2030,2241,3874,3921,2006;100,100,100,100,100,100,100,33;OOOOOOOT;100;0;671;8
[RECV] BSF66F notify: TR;3;14107;f;0;ff;ff;1907,3816,3966,2078,2279,3826,3888,2016;1907,3816,3966,2078,2279,3826,3888,2016;100,100,100,100,100,100,100,37;OOOOOOOO;92;0;701;8
[RECV] BSF66F notify: TR;3;14108;f;0;ff;ff;1893,3832,4015,1917,2308,3720,3943,1982;1893,3832,4015,1917,2308,3720,3943,1982;100,100,100,100,100,100,100,40;OOOOOOOO;92;0;671;8
[RECV] BSF66F notify: TR;3;14109;f;0;ff;7f;1892,3830,3993,1964,2213,3771,3884,0;1892,3830,3993,1964,2213,3771,3884,1982;100,100,100,100,100,100,100,38;OOOOOOOT;100;0;640;8
[RECV] BSF66F notify: TR;3;14110;f;0;ff;7f;1847,3844,3970,2048,2238,3795,3892,0;1847,3844,3970,2048,2238,3795,3892,1982;100,100,100,100,100,100,100,37;OOOOOOOT;100;0;640;8
[RECV] BSF66F notify: RXG;1;14111;tag=1;mask=0xff;pc=8;guard=1200;spacing=1000;win=8165;pre=1;slot_to_entry_us=0;slot_to_sched_us=0;slot_to_write_done_us=0;slot_to_txcmd_us=274;slot_to_txdone_us=610;txcmd_to_txdone_us=335;txdone_to_rxstart_us=61;txdone_to_rxend_us=183;rxenable
[RECV] BSF66F notify: TR;3;14114;f;0;ff;ff;1904,3810,3965,2004,2292,3795,3883,2005;1904,3810,3965,2004,2292,3795,3883,2005;100,100,100,100,100,100,100,38;OOOOOOOO;92;0;701;8
[RECV] BSF66F notify: TR;3;14115;f;0;ff;7f;1897,3858,4008,2020,2213,3728,3945,0;1897,3858,4008,2020,2213,3728,3945,2005;100,100,100,100,100,100,100,37;OOOOOOOT;100;0;640;8
[RECV] BSF66F notify: TR;3;14116;f;0;ff;7f;1895,3822,3993,2181,2217,3780,3898,0;1895,3822,3993,2181,2217,3780,3898,2005;100,100,100,100,100,100,100,35;OOOOOOOT;100;0;640;8
[RECV] BSF66F notify: TR;3;14117;f;0;ff;ff;1809,3856,3982,2181,2190,3864,3926,1982;1809,3856,3982,2181,2190,3864,3926,1982;100,100,100,100,100,100,100,38;OOOOOOOO;92;0;701;8
[RECV] BSF66F notify: TR;3;14118;f;0;ff;7f;1832,3813,3938,1855,2239,3901,3864,0;1832,3813,3938,1855,2239,3901,3864,1982;100,100,100,100,100,100,100,36;OOOOOOOT;100;0;671;8
[RECV] BSF66F notify: TR;3;14119;f;0;ff;7f;1910,3843,3984,1905,2198,3863,3957,0;1910,3843,3984,1905,2198,3863,3957,1982;100,100,100,100,100,100,100,35;OOOOOOOT;100;0;640;8
[RECV] BSF66F notify: TR;3;14120;f;0;ff;ff;1820,3827,3960,1898,2273,3792,3892,1990;1820,3827,3960,1898,2273,3792,3892,1990;100,100,100,100,100,100,100,38;OOOOOOOO;92;0;701;8
[RECV] BSF66F notify: TR;3;14121;f;0;ff;7f;1808,3869,3991,2101,2227,3844,3938,0;1808,3869,3991,2101,2227,3844,3938,1990;100,100,100,100,100,100,100,36;OOOOOOOT;100;0;640;8
[RECV] BSF66F notify: RXG;1;14121;tag=1;mask=0xff;pc=8;guard=1200;spacing=1000;win=8165;pre=1;slot_to_entry_us=0;slot_to_sched_us=0;slot_to_write_done_us=0;slot_to_txcmd_us=274;slot_to_txdone_us=610;txcmd_to_txdone_us=335;txdone_to_rxstart_us=61;txdone_to_rxend_us=183;rxenable
[RECV] BSF66F notify: CD;1;14121;tag=1;local=0xb101;status=0x00800b02;rxf=0x0796c814;win=8165;pc=8;mask=0xff;resp=7;unexp=0;last_len=20;last_src=0xa106;last_dst=0xb101;last_code=0xe
[RECV] BSF66F notify: TR;3;14122;f;0;ff;7f;1838,3827,3999,2159,2200,3844,3893,0;1838,3827,3999,2159,2200,3844,3893,1990;100,100,100,100,100,100,100,34;OOOOOOOT;100;0;44189;8
[RECV] BSF66F notify: TR;3;14123;f;0;ff;ff;1857,3813,3982,1942,2209,3766,3935,1951;1857,3813,3982,1942,2209,3766,3935,1951;100,100,100,100,100,100,100,37;OOOOOOOO;92;0;671;8
[RECV] BSF66F notify: TR;3;14124;f;0;ff;ff;1842,3852,3963,2027,2235,3751,3869,1984;1842,3852,3963,2027,2235,3751,3869,1984;100,100,100,100,100,100,100,40;OOOOOOOO;92;0;701;8
[RECV] BSF66F notify: TR;3;14125;f;0;ff;ff;1898,3852,3997,2038,2220,3803,3917,1987;1898,3852,3997,2038,2220,3803,3917,1987;100,100,100,100,100,100,100,42;OOOOOOOO;92;0;701;8
[RECV] BSF66F notify: TR;3;14126;f;0;ff;ff;1885,3845,3971,2236,2176,3818,3935,1970;1885,3845,3971,2236,2176,3818,3935,1970;100,100,100,100,100,100,100,44;OOOOOOOO;93;0;671;8
[RECV] BSF66F notify: TR;3;14127;f;0;ff;7f;1883,3826,3950,2131,2210,3848,3879,0;1883,3826,3950,2131,2210,3848,3879,1970;100,100,100,100,100,100,100,42;OOOOOOOT;100;0;640;8
[RECV] BSF66F notify: TR;3;14128;f;0;ff;ef;1833,3834,3941,2192,0,3790,3919,1975;1833,3834,3941,2192,2210,3790,3919,1975;100,100,100,100,96,100,100,44;OOOOTOOO;92;0;671;8
[RECV] BSF66F notify: TR;3;14129;f;0;ff;ff;1828,3848,3978,2008,2274,3761,3874,1961;1828,3848,3978,2008,2274,3761,3874,1961;100,100,100,100,96,100,100,46;OOOOOOOO;92;0;701;8
[RECV] BSF66F notify: TR;3;14130;f;0;ff;ff;1901,3838,3992,1989,2210,3771,3918,1998;1901,3838,3992,1989,2210,3771,3918,1998;100,100,100,100,96,100,100,48;OOOOOOOO;93;0;671;8
[RECV] BSF66F notify: TR;3;14131;f;0;ff;7f;1881,3851,3952,2142,2220,3782,3899,0;1881,3851,3952,2142,2220,3782,3899,1998;100,100,100,100,96,100,100,46;OOOOOOOT;99;0;671;8
[RECV] BSF66F notify: RXG;1;14131;tag=1;mask=0xff;pc=8;guard=1200;spacing=1000;win=8165;pre=1;slot_to_entry_us=0;slot_to_sched_us=0;slot_to_write_done_us=0;slot_to_txcmd_us=274;slot_to_txdone_us=610;txcmd_to_txdone_us=335;txdone_to_rxstart_us=61;txdone_to_rxend_us=183;rxenable
[RECV] BSF66F notify: CD;1;14131;tag=1;local=0xb101;status=0x00806f02;rxf=0x0776c814;win=8165;pc=8;mask=0xff;resp=8;unexp=0;last_len=20;last_src=0xa107;last_dst=0xb101;last_code=0xe
[RECV] BSF66F notify: TR;3;14132;f;0;ff;ff;1833,3849,3985,2154,2199,3803,3909,2036;1833,3849,3985,2154,2199,3803,3909,2036;100,100,100,100,100,100,100,52;OOOOOOOO;94;0;44219;8
[RECV] BSF66F notify: TR;3;14133;f;0;ff;ff;1842,3826,3958,1927,2201,3767,3894,1959;1842,3826,3958,1927,2201,3767,3894,1959;100,100,100,100,100,100,100,55;OOOOOOOO;94;0;671;8
[RECV] BSF66F notify: TR;3;14134;f;0;ff;7f;1878,3845,3974,2072,2256,3717,3883,0;1878,3845,3974,2072,2256,3717,3883,1959;100,100,100,100,100,100,100,52;OOOOOOOT;100;0;671;8
[RECV] BSF66F notify: TR;3;14135;f;0;ff;7f;1928,3873,3957,2081,2201,3774,3911,0;1928,3873,3957,2081,2201,3774,3911,1959;100,100,100,100,100,100,100,50;OOOOOOOT;100;0;854;8
[RECV] BSF66F notify: TR;3;14136;f;0;ff;7f;1847,3852,3966,2134,2214,3738,3986,0;1847,3852,3966,2134,2214,3738,3986,1959;100,100,100,100,100,100,100,47;OOOOOOOT;100;0;671;8
[RECV] BSF66F notify: TR;3;14137;f;0;ff;7f;1807,3819,3940,2147,2178,3852,3907,0;1807,3819,3940,2147,2178,3852,3907,1959;100,100,100,100,100,100,100,45;OOOOOOOT;100;0;671;8
[RECV] BSF66F notify: TR;3;14138;f;0;ff;ff;1811,3819,3980,2013,2220,3775,3909,2003;1811,3819,3980,2013,2220,3775,3909,2003;100,100,100,100,100,100,100,47;OOOOOOOO;93;0;701;8
[RECV] BSF66F notify: TR;3;14139;f;0;ff;7f;1872,3846,3976,1959,2221,3758,3886,0;1872,3846,3976,1959,2221,3758,3886,2003;100,100,100,100,100,100,100,45;OOOOOOOT;100;0;671;8
[RECV] BSF66F notify: TR;3;14140;f;0;ff;7f;1812,3808,4002,1908,2214,3760,3945,0;1812,3808,4002,1908,2214,3760,3945,2003;100,100,100,100,100,100,100,44;OOOOOOOT;100;0;640;8
[RECV] BSF66F notify: TR;3;14141;f;0;ff;ff;1954,3867,4000,2206,2253,3762,3939,1984;1954,3867,4000,2206,2253,3762,3939,1984;100,100,100,100,100,100,100,46;OOOOOOOO;93;0;701;8
[RECV] BSF66F notify: RXG;1;14141;tag=1;mask=0xff;pc=8;guard=1200;spacing=1000;win=8165;pre=1;slot_to_entry_us=0;slot_to_sched_us=0;slot_to_write_done_us=0;slot_to_txcmd_us=274;slot_to_txdone_us=610;txcmd_to_txdone_us=335;txdone_to_rxstart_us=61;txdone_to_rxend_us=183;rxenable
[RECV] BSF66F notify: CD;1;14141;tag=1;local=0xb101;status=0x00800f02;rxf=0x0776c814;win=8165;pc=8;mask=0xff;resp=7;unexp=0;last_len=20;last_src=0xa106;last_dst=0xb101;last_code=0xe
[RECV] BSF66F notify: TR;3;14142;f;0;ff;7f;1829,3849,3998,2098,2212,3792,3909,0;1829,3849,3998,2098,2212,3792,3909,1984;100,100,100,100,100,100,100,44;OOOOOOOT;100;0;44128;8
[RECV] BSF66F notify: TR;3;14143;f;0;ff;ff;1886,3832,3967,1907,2301,3859,3916,1985;1886,3832,3967,1907,2301,3859,3916,1985;100,100,100,100,100,100,100,46;OOOOOOOO;93;0;671;8
[RECV] BSF66F notify: TR;3;14144;f;0;ff;ff;1829,3786,3985,1943,2286,3818,3936,1985;1829,3786,3985,1943,2286,3818,3936,1985;100,100,100,100,100,100,100,48;OOOOOOOO;93;0;671;8
[RECV] BSF66F notify: TR;3;14145;f;0;ff;ff;1834,3856,3968,1893,2257,3781,3909,1989;1834,3856,3968,1893,2257,3781,3909,1989;100,100,100,100,100,100,100,50;OOOOOOOO;93;0;701;8
[RECV] BSF66F notify: TR;3;14146;f;0;ff;7f;1848,3850,4013,2204,2215,3793,3936,0;1848,3850,4013,2204,2215,3793,3936,1989;100,100,100,100,100,100,100,48;OOOOOOOT;100;0;671;8
[RECV] BSF66F notify: TR;3;14147;f;0;ff;ff;1855,3841,3965,2127,2183,3830,3947,1703;1855,3841,3965,2127,2183,3830,3947,1703;100,100,100,100,100,100,100,50;OOOOOOOO;93;0;701;8
[RECV] BSF66F notify: TR;3;14148;f;0;ff;ff;1856,3858,3967,2113,2243,3847,3939,1778;1856,3858,3967,2113,2243,3847,3939,1778;100,100,100,100,100,100,100,52;OOOOOOOO;94;0;671;8
[RECV] BSF66F notify: TR;3;14149;f;0;ff;7f;1801,3862,4006,2129,2162,3773,3928,0;1801,3862,4006,2129,2162,3773,3928,1778;100,100,100,100,100,100,100,50;OOOOOOOT;100;0;671;8
[RECV] BSF66F notify: TR;3;14150;f;0;ff;7f;1872,3786,3975,1877,2234,3751,3916,0;1872,3786,3975,1877,2234,3751,3916,1778;100,100,100,100,100,100,100,47;OOOOOOOT;100;0;823;8
[RECV] BSF66F notify: TR;3;14151;f;0;ff;7f;1811,3802,3964,2087,2245,3806,3903,0;1811,3802,3964,2087,2245,3806,3903,1778;100,100,100,100,100,100,100,45;OOOOOOOT;100;0;671;8
[RECV] BSF66F notify: RXG;1;14151;tag=1;mask=0xff;pc=8;guard=1200;spacing=1000;win=8165;pre=1;slot_to_entry_us=0;slot_to_sched_us=0;slot_to_write_done_us=0;slot_to_txcmd_us=274;slot_to_txdone_us=610;txcmd_to_txdone_us=335;txdone_to_rxstart_us=61;txdone_to_rxend_us=183;rxenable
[RECV] BSF66F notify: CD;1;14151;tag=1;local=0xb101;status=0x00806f02;rxf=0x07a6c814;win=8165;pc=8;mask=0xff;resp=8;unexp=0;last_len=20;last_src=0xa107;last_dst=0xb101;last_code=0xe
[RECV] BSF66F notify: TR;3;14152;f;0;ff;ff;1876,3804,3967,2111,2229,3833,3891,1972;1876,3804,3967,2111,2229,3833,3891,1972;100,100,100,100,100,100,100,47;OOOOOOOO;93;0;44799;8
[RECV] BSF66F notify: TR;3;14153;f;0;ff;7f;1882,3809,4006,1939,2237,3796,3915,0;1882,3809,4006,1939,2237,3796,3915,1972;100,100,100,100,100,100,100,45;OOOOOOOT;100;0;823;8
[RECV] BSF66F notify: TR;3;14154;f;0;ff;7f;1869,3814,3996,1986,2207,3806,3929,0;1869,3814,3996,1986,2207,3806,3929,1972;100,100,100,100,100,100,100,43;OOOOOOOT;100;0;671;8
[RECV] BSF66F notify: TR;3;14155;f;0;ff;7f;1842,3795,4017,2027,2261,3865,3911,0;1842,3795,4017,2027,2261,3865,3911,1972;100,100,100,100,100,100,100,41;OOOOOOOT;100;0;640;8
[RECV] BSF66F notify: TR;3;14156;f;0;ff;ff;1795,3837,3977,2120,2239,3811,3915,2020;1795,3837,3977,2120,2239,3811,3915,2020;100,100,100,100,100,100,100,44;OOOOOOOO;93;0;762;8
[RECV] BSF66F notify: TR;3;14157;f;0;ff;7f;1827,3787,3937,2164,2228,3839,3903,0;1827,3787,3937,2164,2228,3839,3903,2020;100,100,100,100,100,100,100,42;OOOOOOOT;100;0;671;8
[RECV] BSF66F notify: TR;3;14158;f;0;ff;7f;1877,3816,3964,1915,2207,3744,3904,0;1877,3816,3964,1915,2207,3744,3904,2020;100,100,100,100,100,100,100,40;OOOOOOOT;100;0;671;8
[RECV] BSF66F notify: TR;3;14159;f;0;ff;ff;1888,3864,3953,2065,2245,3738,3900,2001;1888,3864,3953,2065,2245,3738,3900,2001;100,100,100,100,100,100,100,42;OOOOOOOO;92;0;762;8
[RECV] BSF66F notify: TR;3;14160;f;0;ff;7f;1861,3817,3983,2093,2213,3796,3953,0;1861,3817,3983,2093,2213,3796,3953,2001;100,100,100,100,100,100,100,41;OOOOOOOT;100;0;671;8
[RECV] BSF66F notify: TR;3;14161;f;0;ff;ff;1802,3869,3981,2140,2201,3797,3944,1961;1802,3869,3981,2140,2201,3797,3944,1961;100,100,100,100,100,100,100,43;OOOOOOOO;92;0;671;8
[RECV] BSF66F notify: RXG;1;14161;tag=1;mask=0xff;pc=8;guard=1200;spacing=1000;win=8165;pre=1;slot_to_entry_us=0;slot_to_sched_us=0;slot_to_write_done_us=0;slot_to_txcmd_us=274;slot_to_txdone_us=610;txcmd_to_txdone_us=335;txdone_to_rxstart_us=61;txdone_to_rxend_us=183;rxenable
[RECV] BSF66F notify: TR;3;14162;f;0;ff;ff;1846,3797,3959,2087,2234,3818,3874,1951;1846,3797,3959,2087,2234,3818,3874,1951;100,100,100,100,100,100,100,45;OOOOOOOO;93;0;29388;8
[RECV] BSF66F notify: CD;1;14162;tag=1;local=0xb101;status=0x00800f02;rxf=0x0756c814;win=8165;pc=8;mask=0xff;resp=7;unexp=0;last_len=20;last_src=0xa106;last_dst=0xb101;last_code=0xe
[RECV] BSF66F notify: TR;3;14163;f;0;ff;7f;1916,3793,4022,1925,2237,3865,3902,0;1916,3793,4022,1925,2237,3865,3902,1951;100,100,100,100,100,100,100,43;OOOOOOOT;100;0;15319;8
[RECV] BSF66F notify: TR;3;14164;f;0;ff;7f;1905,3828,3917,1991,2245,3798,3877,0;1905,3828,3917,1991,2245,3798,3877,1951;100,100,100,100,100,100,100,41;OOOOOOOT;100;0;671;8
[RECV] BSF66F notify: TR;3;14165;f;0;ff;7f;1922,3794,3996,2035,2214,3813,3936,0;1922,3794,3996,2035,2214,3813,3936,1951;100,100,100,100,100,100,100,38;OOOOOOOT;100;0;823;8
[RECV] BSF66F notify: TR;3;14166;f;0;ff;3f;1837,3795,3947,2080,2212,3807,0,0;1837,3795,3947,2080,2212,3807,3936,1951;100,100,100,100,100,100,94,36;OOOOOOTT;100;0;640;8
[RECV] BSF66F notify: TR;3;14167;f;0;ff;7f;1819,3834,3961,2180,2258,3761,3905,0;1819,3834,3961,2180,2258,3761,3905,1951;100,100,100,100,100,100,95,35;OOOOOOOT;99;0;640;8
[RECV] BSF66F notify: TR;3;14168;f;0;ff;ff;1923,3820,3946,1966,2241,3883,3946,1962;1923,3820,3946,1966,2241,3883,3946,1962;100,100,100,100,100,100,95,38;OOOOOOOO;91;0;701;8
[RECV] BSF66F notify: TR;3;14169;f;0;ff;ff;1884,3832,3981,2062,2255,3838,3928,2034;1884,3832,3981,2062,2255,3838,3928,2034;100,100,100,100,100,100,95,40;OOOOOOOO;91;0;671;8
[RECV] BSF66F notify: TR;3;14170;f;0;ff;7f;1880,3828,4010,2033,2277,3764,3947,0;1880,3828,4010,2033,2277,3764,3947,2034;100,100,100,100,100,100,95,39;OOOOOOOT;99;0;671;8
[RECV] BSF66F notify: TR;3;14171;f;0;ff;ff;1882,3777,3961,2075,2201,3783,3890,1903;1882,3777,3961,2075,2201,3783,3890,1903;100,100,100,100,100,100,95,41;OOOOOOOO;92;0;793;8
[RECV] BSF66F notify: RXG;1;14171;tag=1;mask=0xff;pc=8;guard=1200;spacing=1000;win=8165;pre=1;slot_to_entry_us=0;slot_to_sched_us=0;slot_to_write_done_us=0;slot_to_txcmd_us=396;slot_to_txdone_us=701;txcmd_to_txdone_us=305;txdone_to_rxstart_us=91;txdone_to_rxend_us=213;rxenable
[RECV] BSF66F notify: TR;3;14172;f;0;ff;7f;1796,3829,4013,2103,2238,3721,3896,0;1796,3829,4013,2103,2238,3721,3896,1903;100,100,100,100,100,100,96,40;OOOOOOOT;99;0;29357;8
[RECV] BSF66F notify: CD;1;14172;tag=1;local=0xb101;status=0x00800b02;rxf=0x0796c814;win=8165;pc=8;mask=0xff;resp=7;unexp=0;last_len=20;last_src=0xa106;last_dst=0xb101;last_code=0xe
[RECV] BSF66F notify: TR;3;14173;f;0;ff;7f;1814,3807,3969,2036,2228,3734,3879,0;1814,3807,3969,2036,2228,3734,3879,1903;100,100,100,100,100,100,96,38;OOOOOOOT;99;0;15289;8
[RECV] BSF66F notify: TR;3;14174;f;0;ff;7f;1807,3769,3966,1995,2211,3754,3938,0;1807,3769,3966,1995,2211,3754,3938,1903;100,100,100,100,100,100,96,37;OOOOOOOT;99;0;823;8
[RECV] BSF66F notify: TR;3;14175;f;0;ff;7f;1833,3831,3985,1960,2257,3829,4296,0;1833,3831,3985,1960,2257,3829,4296,1903;100,100,100,100,100,100,96,35;OOOOOOOT;99;0;640;8
[RECV] BSF66F notify: TR;3;14176;f;0;ff;7f;1849,3795,3984,2142,2203,3870,3960,0;1849,3795,3984,2142,2203,3870,3960,1903;100,100,100,100,100,100,96,34;OOOOOOOT;99;0;671;8
[RECV] BSF66F notify: TR;3;14177;f;0;ff;ff;1831,3849,3967,2136,2246,3810,3885,2074;1831,3849,3967,2136,2246,3810,3885,2074;100,100,100,100,100,100,96,36;OOOOOOOO;91;0;793;8
[RECV] BSF66F notify: TR;3;14178;f;0;ff;7f;1819,3814,3977,2024,2211,3822,3922,0;1819,3814,3977,2024,2211,3822,3922,2074;100,100,100,100,100,100,96,35;OOOOOOOT;99;0;671;8
[RECV] BSF66F notify: TR;3;14179;f;0;ff;7f;1826,3800,3976,2132,2234,3781,3885,0;1826,3800,3976,2132,2234,3781,3885,2074;100,100,100,100,100,100,96,34;OOOOOOOT;99;0;640;8
[RECV] BSF66F notify: TR;3;14180;f;0;ff;ff;1836,3833,3997,2113,2268,3762,3841,2011;1836,3833,3997,2113,2268,3762,3841,2011;100,100,100,100,100,100,100,41;OOOOOOOO;92;0;762;8
[RECV] BSF66F notify: TR;3;14181;f;0;ff;7f;1889,3815,3949,2061,2186,3836,3949,0;1889,3815,3949,2061,2186,3836,3949,2011;100,100,100,100,100,100,100,38;OOOOOOOT;100;0;671;8
[RECV] BSF66F notify: RXG;1;14181;tag=1;mask=0xff;pc=8;guard=1200;spacing=1000;win=8165;pre=1;slot_to_entry_us=0;slot_to_sched_us=0;slot_to_write_done_us=0;slot_to_txcmd_us=274;slot_to_txdone_us=610;txcmd_to_txdone_us=335;txdone_to_rxstart_us=61;txdone_to_rxend_us=183;rxenable
[RECV] BSF66F notify: TR;3;14182;f;0;ff;7f;1846,3815,3990,2127,2226,3875,3922,0;1846,3815,3990,2127,2226,3875,3922,2011;100,100,100,100,100,100,100,36;OOOOOOOT;100;0;29754;8
[RECV] BSF66F notify: CD;1;14182;tag=1;local=0xb101;status=0x00800f02;rxf=0x0776c814;win=8165;pc=8;mask=0xff;resp=7;unexp=0;last_len=20;last_src=0xa106;last_dst=0xb101;last_code=0xe
[RECV] BSF66F notify: TR;3;14183;f;0;ff;7f;1888,3798,4014,1959,2231,3820,3911,0;1888,3798,4014,1959,2231,3820,3911,2011;100,100,100,100,100,100,100,35;OOOOOOOT;100;0;15350;8
[RECV] BSF66F notify: TR;3;14184;f;0;ff;7f;1832,3804,3972,1895,2254,3803,3945,0;1832,3804,3972,1895,2254,3803,3945,2011;100,100,100,100,100,100,100,33;OOOOOOOT;100;0;671;8
[RECV] BSF66F notify: TR;3;14185;f;0;ff;7f;1855,3818,3987,2062,2239,3815,3877,0;1855,3818,3987,2062,2239,3815,3877,2011;100,100,100,100,100,100,100,31;OOOOOOOT;100;0;671;8
[RECV] BSF66F notify: TR;3;14186;f;0;ff;ff;1827,3845,3993,2137,2173,3716,3933,2002;1827,3845,3993,2137,2173,3716,3933,2002;100,100,100,100,100,100,100,34;OOOOOOOO;91;0;762;8
[RECV] BSF66F notify: TR;3;14187;f;0;ff;ff;1839,3823,3948,2171,2180,3789,3957,2008;1839,3823,3948,2171,2180,3789,3957,2008;100,100,100,100,100,100,100,37;OOOOOOOO;92;0;701;8
[RECV] BSF66F notify: TR;3;14188;f;0;ff;7f;1843,3814,3997,2068,2186,3870,3907,0;1843,3814,3997,2068,2186,3870,3907,2008;100,100,100,100,100,100,100,36;OOOOOOOT;100;0;640;8
[RECV] BSF66F notify: TR;3;14189;f;0;ff;ff;1930,3788,3948,1938,2196,3827,3879,1933;1930,3788,3948,1938,2196,3827,3879,1933;100,100,100,100,100,100,100,38;OOOOOOOO;92;0;793;8
[RECV] BSF66F notify: TR;3;14190;f;0;ff;7f;1824,3817,3982,2030,2178,3765,3882,0;1824,3817,3982,2030,2178,3765,3882,1933;100,100,100,100,100,100,100,37;OOOOOOOT;100;0;671;8
[RECV] BSF66F notify: TR;3;14191;f;0;ff;7f;1841,3823,3943,2145,2299,3731,3901,0;1841,3823,3943,2145,2299,3731,3901,1933;100,100,100,100,100,100,100,35;OOOOOOOT;100;0;640;8
[RECV] BSF66F notify: RXG;1;14191;tag=1;mask=0xff;pc=8;guard=1200;spacing=1000;win=8165;pre=1;slot_to_entry_us=0;slot_to_sched_us=0;slot_to_write_done_us=0;slot_to_txcmd_us=274;slot_to_txdone_us=610;txcmd_to_txdone_us=335;txdone_to_rxstart_us=61;txdone_to_rxend_us=183;rxenable
[RECV] BSF66F notify: TR;3;14192;f;0;ff;ff;1904,3861,3997,2100,2207,3850,3959,1998;1904,3861,3997,2100,2207,3850,3959,1998;100,100,100,100,100,100,100,37;OOOOOOOO;92;0;29388;8
[RECV] BSF66F notify: CD;1;14192;tag=1;local=0xb101;status=0x00806f02;rxf=0x0306c014;win=8165;pc=8;mask=0xff;resp=8;unexp=0;last_len=20;last_src=0xa107;last_dst=0xb101;last_code=0xe
[RECV] BSF66F notify: TR;3;14193;f;0;ff;ff;1834,3773,3950,1911,2290,3866,3892,2089;1834,3773,3950,1911,2290,3866,3892,2089;100,100,100,100,100,100,100,40;OOOOOOOO;92;0;15289;8
[RECV] BSF66F notify: TR;3;14194;f;0;ff;7f;1865,3813,3996,1930,2258,3796,3902,0;1865,3813,3996,1930,2258,3796,3902,2089;100,100,100,100,100,100,100,38;OOOOOOOT;100;0;671;8
[RECV] BSF66F notify: TR;3;14195;f;0;ff;ff;1914,3834,3962,2006,2225,3830,3872,1984;1914,3834,3962,2006,2225,3830,3872,1984;100,100,100,100,100,100,100,40;OOOOOOOO;92;0;762;8
[RECV] BSF66F notify: TR;3;14196;f;0;ff;ff;1886,3833,3982,2140,2166,3859,3920,2024;1886,3833,3982,2140,2166,3859,3920,2024;100,100,100,100,100,100,100,47;OOOOOOOO;93;0;671;8
[RECV] BSF66F notify: TR;3;14197;f;0;ff;7f;1839,3858,3952,2095,2230,3833,3925,0;1839,3858,3952,2095,2230,3833,3925,2024;100,100,100,100,100,100,100,44;OOOOOOOT;100;0;671;8
[RECV] BSF66F notify: TR;3;14198;f;0;ff;ff;1888,3813,3969,2005,2226,3875,3890,1969;1888,3813,3969,2005,2226,3875,3890,1969;100,100,100,100,100,100,100,47;OOOOOOOO;93;0;793;8
[RECV] BSF66F notify: TR;3;14199;f;0;ff;7f;1810,3820,3973,1988,2253,3859,3931,0;1810,3820,3973,1988,2253,3859,3931,1969;100,100,100,100,100,100,100,45;OOOOOOOT;100;0;671;8
[RECV] BSF66F notify: TR;3;14200;f;0;ff;7f;1887,3801,4010,2142,2274,3789,3982,0;1887,3801,4010,2142,2274,3789,3982,1969;100,100,100,100,100,100,100,42;OOOOOOOT;100;0;671;8
[RECV] BSF66F notify: TR;3;14201;f;0;ff;ff;1808,3858,3955,2133,2291,3860,3831,1971;1808,3858,3955,2133,2291,3860,3831,1971;100,100,100,100,100,100,100,45;OOOOOOOO;93;0;793;8
[RECV] BSF66F notify: RXG;1;14201;tag=1;mask=0xff;pc=8;guard=1200;spacing=1000;win=8165;pre=1;slot_to_entry_us=0;slot_to_sched_us=0;slot_to_write_done_us=0;slot_to_txcmd_us=274;slot_to_txdone_us=610;txcmd_to_txdone_us=335;txdone_to_rxstart_us=61;txdone_to_rxend_us=183;rxenable
[RECV] BSF66F notify: TR;3;14202;f;0;ff;ff;1845,3822,3957,2130,2201,3890,3882,2007;1845,3822,3957,2130,2201,3890,3882,2007;100,100,100,100,100,100,100,47;OOOOOOOO;93;0;29815;8
[RECV] BSF66F notify: CD;1;14202;tag=1;local=0xb101;status=0x00800b02;rxf=0x0796c814;win=8165;pc=8;mask=0xff;resp=7;unexp=0;last_len=20;last_src=0xa106;last_dst=0xb101;last_code=0xe
[RECV] BSF66F notify: TR;3;14203;f;0;ff;7f;1861,3786,3986,1878,2229,3736,3863,0;1861,3786,3986,1878,2229,3736,3863,2007;100,100,100,100,100,100,100,45;OOOOOOOT;100;0;15289;8
[RECV] BSF66F notify: TR;3;14204;f;0;ff;7f;1896,3824,3981,2059,2251,3788,3919,0;1896,3824,3981,2059,2251,3788,3919,2007;100,100,100,100,100,100,100,44;OOOOOOOT;100;0;854;8
[RECV] BSF66F notify: TR;3;14205;f;0;ff;7f;1826,3783,3984,1995,2235,3765,3930,0;1826,3783,3984,1995,2235,3765,3930,2007;100,100,100,100,100,100,100,42;OOOOOOOT;100;0;671;8
[RECV] BSF66F notify: TR;3;14206;f;0;ff;ff;1797,3812,3955,2009,2217,3825,3876,1995;1797,3812,3955,2009,2217,3825,3876,1995;100,100,100,100,100,100,100,44;OOOOOOOO;93;0;671;8
[RECV] BSF66F notify: TR;3;14207;f;0;ff;ff;1865,3835,3944,2021,2242,3808,3912,2027;1865,3835,3944,2021,2242,3808,3912,2027;100,100,100,100,100,100,100,46;OOOOOOOO;93;0;762;8
[RECV] BSF66F notify: TR;3;14208;f;0;ff;7f;1842,3840,3953,1871,2182,3790,3945,0;1842,3840,3953,1871,2182,3790,3945,2027;100,100,100,100,100,100,100,44;OOOOOOOT;100;0;671;8
[RECV] BSF66F notify: TR;3;14209;f;0;ff;7f;1866,3796,3987,1854,2244,3865,3859,0;1866,3796,3987,1854,2244,3865,3859,2027;100,100,100,100,100,100,100,43;OOOOOOOT;100;0;640;8
[RECV] BSF66F notify: TR;3;14210;f;0;ff;ff;1833,3845,3981,2000,2232,3739,3911,1794;1833,3845,3981,2000,2232,3739,3911,1794;100,100,100,100,100,100,100,45;OOOOOOOO;93;0;793;8
[RECV] BSF66F notify: TR;3;14211;f;0;ff;7f;1820,3801,3969,2144,2171,3852,3882,0;1820,3801,3969,2144,2171,3852,3882,1794;100,100,100,100,100,100,100,43;OOOOOOOT;100;0;671;8
[RECV] BSF66F notify: RXG;1;14211;tag=1;mask=0xff;pc=8;guard=1200;spacing=1000;win=8165;pre=1;slot_to_entry_us=0;slot_to_sched_us=0;slot_to_write_done_us=0;slot_to_txcmd_us=274;slot_to_txdone_us=610;txcmd_to_txdone_us=335;txdone_to_rxstart_us=61;txdone_to_rxend_us=183;rxenable
[RECV] BSF66F notify: TR;3;14212;f;0;ff;7f;1799,3836,3984,2156,2276,3722,3911,0;1799,3836,3984,2156,2276,3722,3911,1794;100,100,100,100,100,100,100,41;OOOOOOOT;100;0;29632;8
[RECV] BSF66F notify: CD;1;14212;tag=1;local=0xb101;status=0x00806f02;rxf=0x0756c814;win=8165;pc=8;mask=0xff;resp=8;unexp=0;last_len=20;last_src=0xa107;last_dst=0xb101;last_code=0xe
[RECV] BSF66F notify: TR;3;14213;f;0;ff;ff;1903,3829,3950,1980,2216,3791,3932,1966;1903,3829,3950,1980,2216,3791,3932,1966;100,100,100,100,100,100,100,44;OOOOOOOO;93;0;15380;8
[RECV] BSF66F notify: TR;3;14214;f;0;ff;7f;1880,3796,3993,1930,2203,3775,3936,0;1880,3796,3993,1930,2203,3775,3936,1966;100,100,100,100,100,100,100,42;OOOOOOOT;100;0;671;8
[RECV] BSF66F notify: TR;3;14215;f;0;ff;3f;1806,3772,4012,2034,2300,3846,0,0;1806,3772,4012,2034,2300,3846,3936,1966;100,100,100,100,100,100,95,40;OOOOOOTT;100;0;640;8
[RECV] BSF66F notify: TR;3;14216;f;0;ff;7f;1810,3827,3959,2091,2207,3782,3912,0;1810,3827,3959,2091,2207,3782,3912,1966;100,100,100,100,100,100,95,38;OOOOOOOT;99;0;823;8
[RECV] BSF66F notify: TR;3;14217;f;0;ff;7f;1876,3836,3990,2175,2227,3844,3963,0;1876,3836,3990,2175,2227,3844,3963,1966;100,100,100,100,100,100,95,36;OOOOOOOT;99;0;671;8
[RECV] BSF66F notify: TR;3;14218;f;0;ff;7f;1857,3831,3976,1953,2221,3773,3917,0;1857,3831,3976,1953,2221,3773,3917,1966;100,100,100,100,100,100,95,34;OOOOOOOT;99;0;640;8
[RECV] BSF66F notify: TR;3;14219;f;0;ff;ff;1841,3804,4006,1965,2301,3798,3924,1947;1841,3804,4006,1965,2301,3798,3924,1947;100,100,100,100,100,100,95,37;OOOOOOOO;91;0;762;8
[RECV] BSF66F notify: TR;3;14220;f;0;ff;ff;1897,3810,3989,1985,2226,3829,3912,1933;1897,3810,3989,1985,2226,3829,3912,1933;100,100,100,100,100,100,96,40;OOOOOOOO;92;0;701;8
[RECV] BSF66F notify: TR;3;14221;f;0;ff;7f;1811,3860,4000,2113,2196,3914,3950,0;1811,3860,4000,2113,2196,3914,3950,1933;100,100,100,100,100,100,96,38;OOOOOOOT;99;0;671;8
[RECV] BSF66F notify: RXG;1;14221;tag=1;mask=0xff;pc=8;guard=1200;spacing=1000;win=8165;pre=1;slot_to_entry_us=0;slot_to_sched_us=0;slot_to_write_done_us=0;slot_to_txcmd_us=274;slot_to_txdone_us=610;txcmd_to_txdone_us=335;txdone_to_rxstart_us=61;txdone_to_rxend_us=183;rxenable
[RECV] BSF66F notify: TR;3;14222;f;0;ff;ff;1867,3831,3978,2171,2232,3754,3880,2005;1867,3831,3978,2171,2232,3754,3880,2005;100,100,100,100,100,100,96,40;OOOOOOOO;92;0;29571;8
[RECV] BSF66F notify: CD;1;14222;tag=1;local=0xb101;status=0x00800b02;rxf=0x0796c814;win=8165;pc=8;mask=0xff;resp=7;unexp=0;last_len=20;last_src=0xa106;last_dst=0xb101;last_code=0xe
[RECV] BSF66F notify: TR;3;14223;f;0;ff;7f;1854,3832,3954,2127,2220,3803,3901,0;1854,3832,3954,2127,2220,3803,3901,2005;100,100,100,100,100,100,96,39;OOOOOOOT;99;0;15289;8
[RECV] BSF66F notify: TR;3;14224;f;0;ff;7f;1881,3793,4007,2024,2225,3781,3945,0;1881,3793,4007,2024,2225,3781,3945,2005;100,100,100,100,100,100,96,37;OOOOOOOT;99;0;671;8
[RECV] BSF66F notify: TR;3;14225;f;0;ff;ff;1833,3787,3943,1907,2245,3826,3883,1949;1833,3787,3943,1907,2245,3826,3883,1949;100,100,100,100,100,100,96,40;OOOOOOOO;92;0;793;8
[RECV] BSF66F notify: TR;3;14226;f;0;ff;7f;1840,3821,3985,2137,2266,3751,3944,0;1840,3821,3985,2137,2266,3751,3944,1949;100,100,100,100,100,100,96,38;OOOOOOOT;99;0;671;8
[RECV] BSF66F notify: TR;3;14227;f;0;ff;7f;1861,3841,3985,2097,2272,3742,3863,0;1861,3841,3985,2097,2272,3742,3863,1949;100,100,100,100,100,100,96,37;OOOOOOOT;99;0;640;8
[RECV] BSF66F notify: TR;3;14228;f;0;ff;ff;1894,3781,4000,1945,2180,3859,3805,2011;1894,3781,4000,1945,2180,3859,3805,2011;100,100,100,100,100,100,100,41;OOOOOOOO;92;0;854;8
[RECV] BSF66F notify: TR;3;14229;f;0;ff;7f;1839,3818,3996,2001,2267,3760,3899,0;1839,3818,3996,2001,2267,3760,3899,2011;100,100,100,100,100,100,100,38;OOOOOOOT;100;0;671;8
[RECV] BSF66F notify: TR;3;14230;f;0;ff;7f;1891,3857,3992,2035,2247,3867,3918,0;1891,3857,3992,2035,2247,3867,3918,2011;100,100,100,100,100,100,100,36;OOOOOOOT;100;0;640;8
[RECV] BSF66F notify: TR;3;14231;f;0;ff;ff;1835,3834,3948,2140,2198,3899,3912,2008;1835,3834,3948,2140,2198,3899,3912,2008;100,100,100,100,100,100,100,40;OOOOOOOO;92;0;854;8
[RECV] BSF66F notify: RXG;1;14231;tag=1;mask=0xff;pc=8;guard=1200;spacing=1000;win=8165;pre=1;slot_to_entry_us=0;slot_to_sched_us=0;slot_to_write_done_us=0;slot_to_txcmd_us=366;slot_to_txdone_us=701;txcmd_to_txdone_us=335;txdone_to_rxstart_us=61;txdone_to_rxend_us=183;rxenable
[RECV] BSF66F notify: TR;3;14232;f;0;ff;7f;1813,3839,3967,2106,2243,3834,3921,0;1813,3839,3967,2106,2243,3834,3921,2008;100,100,100,100,100,100,100,38;OOOOOOOT;100;0;29418;8
[RECV] BSF66F notify: CD;1;14232;tag=1;local=0xb101;status=0x00800b02;rxf=0x07b6c814;win=8165;pc=8;mask=0xff;resp=7;unexp=0;last_len=20;last_src=0xa106;last_dst=0xb101;last_code=0xe
[RECV] BSF66F notify: TR;3;14233;f;0;ff;7f;1896,3843,3950,1950,2227,3754,3884,0;1896,3843,3950,1950,2227,3754,3884,2008;100,100,100,100,100,100,100,36;OOOOOOOT;100;0;15167;8
[RECV] BSF66F notify: TR;3;14234;f;0;ff;7f;1847,3830,3949,2011,2242,3886,3911,0;1847,3830,3949,2011,2242,3886,3911,2008;100,100,100,100,100,100,100,34;OOOOOOOT;100;0;823;8
[RECV] BSF66F notify: TR;3;14235;f;0;ff;7f;1837,3825,3983,2074,2226,3740,3975,0;1837,3825,3983,2074,2226,3740,3975,2008;100,100,100,100,100,100,100,33;OOOOOOOT;100;0;671;8
[RECV] BSF66F notify: TR;3;14236;f;0;ff;7f;1855,3793,3980,2132,2254,3766,3949,0;1855,3793,3980,2132,2254,3766,3949,2008;100,100,100,100,100,100,100,32;OOOOOOOT;100;0;640;8
[RECV] BSF66F notify: TR;3;14237;f;0;ff;ff;1874,3836,4033,2017,2200,3833,3949,1966;1874,3836,4033,2017,2200,3833,3949,1966;100,100,100,100,100,100,100,34;OOOOOOOO;91;0;823;8
[RECV] BSF66F notify: TR;3;14238;f;0;ff;bf;1835,3847,4014,1928,2225,3787,0,1984;1835,3847,4014,1928,2225,3787,3949,1984;100,100,100,100,100,100,96,37;OOOOOOTO;91;0;640;8
[RECV] BSF66F notify: TR;3;14239;f;0;ff;7f;1915,3851,4014,1910,2247,3869,3876,0;1915,3851,4014,1910,2247,3869,3876,1984;100,100,100,100,100,100,96,35;OOOOOOOT;99;0;671;8
[RECV] BSF66F notify: TR;3;14240;f;0;ff;ff;1814,3793,3974,1954,2231,3823,3945,1975;1814,3793,3974,1954,2231,3823,3945,1975;100,100,100,100,100,100,96,37;OOOOOOOO;91;0;854;8
[RECV] BSF66F notify: TR;3;14241;f;0;ff;ff;1880,3802,3963,2072,2290,3839,3968,1992;1880,3802,3963,2072,2290,3839,3968,1992;100,100,100,100,100,100,96,40;OOOOOOOO;92;0;671;8
[RECV] BSF66F notify: RXG;1;14241;tag=1;mask=0xff;pc=8;guard=1200;spacing=1000;win=8165;pre=1;slot_to_entry_us=0;slot_to_sched_us=0;slot_to_write_done_us=0;slot_to_txcmd_us=274;slot_to_txdone_us=610;txcmd_to_txdone_us=335;txdone_to_rxstart_us=61;txdone_to_rxend_us=183;rxenable
[RECV] BSF66F notify: TR;3;14242;f;0;ff;ff;1820,3828,4000,2114,2196,3758,3892,2044;1820,3828,4000,2114,2196,3758,3892,2044;100,100,100,100,100,100,96,41;OOOOOOOO;92;0;29479;8
[RECV] BSF66F notify: CD;1;14242;tag=1;local=0xb101;status=0x00806f02;rxf=0x0786c814;win=8165;pc=8;mask=0xff;resp=8;unexp=0;last_len=20;last_src=0xa107;last_dst=0xb101;last_code=0xe
[RECV] BSF66F notify: TR;3;14243;f;0;ff;ff;1825,3834,3968,1902,2191,3731,3894,2033;1825,3834,3968,1902,2191,3731,3894,2033;100,100,100,100,100,100,96,43;OOOOOOOO;92;0;15411;8
[RECV] BSF66F notify: TR;3;14244;f;0;ff;7f;1907,3821,3970,1993,2245,3856,3953,0;1907,3821,3970,1993,2245,3856,3953,2033;100,100,100,100,100,100,100,41;OOOOOOOT;100;0;671;8
[RECV] BSF66F notify: TR;3;14245;f;0;ff;7f;1849,3848,3989,2007,2196,3805,3932,0;1849,3848,3989,2007,2196,3805,3932,2033;100,100,100,100,100,100,100,38;OOOOOOOT;100;0;671;8
[RECV] BSF66F notify: TR;3;14246;f;0;ff;7f;1823,3836,3960,2140,2186,3827,3956,0;1823,3836,3960,2140,2186,3827,3956,2033;100,100,100,100,100,100,100,36;OOOOOOOT;100;0;732;8
[RECV] BSF66F notify: TR;3;14247;f;0;ff;ff;1823,3872,3944,2018,2190,3881,4014,2004;1823,3872,3944,2018,2190,3881,4014,2004;100,100,100,100,100,100,100,40;OOOOOOOO;92;0;701;8
[RECV] BSF66F notify: TR;3;14248;f;0;ff;7f;1872,3832,3993,2053,2259,3776,3904,0;1872,3832,3993,2053,2259,3776,3904,2004;100,100,100,100,100,100,100,38;OOOOOOOT;100;0;671;8
[RECV] BSF66F notify: TR;3;14249;f;0;ff;7f;1847,3841,3995,1959,2229,3866,3896,0;1847,3841,3995,1959,2229,3866,3896,2004;100,100,100,100,100,100,100,36;OOOOOOOT;100;0;732;8
[RECV] BSF66F notify: TR;3;14250;f;0;ff;ff;1808,3836,3949,1928,2199,3776,3937,1973;1808,3836,3949,1928,2199,3776,3937,1973;100,100,100,100,100,100,100,39;OOOOOOOO;92;0;671;8
[RECV] BSF66F notify: TR;3;14251;f;0;ff;ff;1865,3851,3992,2225,2221,3761,3890,1997;1865,3851,3992,2225,2221,3761,3890,1997;100,100,100,100,100,100,100,41;OOOOOOOO;92;0;671;8
[RECV] BSF66F notify: RXG;1;14251;tag=1;mask=0xff;pc=8;guard=1200;spacing=1000;win=8165;pre=1;slot_to_entry_us=0;slot_to_sched_us=0;slot_to_write_done_us=0;slot_to_txcmd_us=274;slot_to_txdone_us=610;txcmd_to_txdone_us=335;txdone_to_rxstart_us=61;txdone_to_rxend_us=183;rxenable
[RECV] BSF66F notify: TR;3;14252;f;0;ff;7f;1915,3843,3992,2226,2190,3822,3914,0;1915,3843,3992,2226,2190,3822,3914,1997;100,100,100,100,100,100,100,40;OOOOOOOT;100;0;29541;8
[RECV] BSF66F notify: CD;1;14252;tag=1;local=0xb101;status=0x00806f02;rxf=0x07b6c814;win=8165;pc=8;mask=0xff;resp=8;unexp=0;last_len=20;last_src=0xa107;last_dst=0xb101;last_code=0xe
[RECV] BSF66F notify: TR;3;14253;f;0;ff;ff;1812,3827,3993,2101,2187,3799,3915,1975;1812,3827,3993,2101,2187,3799,3915,1975;100,100,100,100,100,100,100,42;OOOOOOOO;92;0;15167;8
[RECV] BSF66F notify: TR;3;14254;f;0;ff;7f;1840,3839,4009,1983,2235,3741,3915,0;1840,3839,4009,1983,2235,3741,3915,1975;100,100,100,100,100,100,100,40;OOOOOOOT;100;0;671;8
[RECV] BSF66F notify: TR;3;14255;f;0;ff;7f;1846,3866,3978,2050,2301,3753,3898,0;1846,3866,3978,2050,2301,3753,3898,1975;100,100,100,100,100,100,100,39;OOOOOOOT;100;0;732;8
[RECV] BSF66F notify: TR;3;14256;f;0;ff;7f;1865,3824,3948,2143,2229,3871,3885,0;1865,3824,3948,2143,2229,3871,3885,1975;100,100,100,100,100,100,100,37;OOOOOOOT;100;0;671;8
[RECV] BSF66F notify: TR;3;14257;f;0;ff;7f;1850,3798,3993,2223,2234,3827,3924,0;1850,3798,3993,2223,2234,3827,3924,1975;100,100,100,100,100,100,100,36;OOOOOOOT;100;0;671;8
[RECV] BSF66F notify: TR;3;14258;f;0;ff;7f;1889,3835,4011,1957,2226,3740,3892,0;1889,3835,4011,1957,2226,3740,3892,1975;100,100,100,100,100,100,100,35;OOOOOOOT;100;0;732;8
[RECV] BSF66F notify: TR;3;14259;f;0;ff;ff;1805,3815,3974,1950,2186,3791,3907,2012;1805,3815,3974,1950,2186,3791,3907,2012;100,100,100,100,100,100,100,37;OOOOOOOO;92;0;671;8
[RECV] BSF66F notify: TR;3;14260;f;0;ff;7f;1867,3844,3981,2010,2286,3849,3867,0;1867,3844,3981,2010,2286,3849,3867,2012;100,100,100,100,100,100,100,35;OOOOOOOT;100;0;671;8
[RECV] BSF66F notify: TR;3;14261;f;0;ff;7f;1821,3848,3965,2140,2178,3866,3866,0;1821,3848,3965,2140,2178,3866,3866,2012;100,100,100,100,100,100,100,33;OOOOOOOT;100;0;732;8
[RECV] BSF66F notify: RXG;1;14261;tag=1;mask=0xff;pc=8;guard=1200;spacing=1000;win=8165;pre=1;slot_to_entry_us=0;slot_to_sched_us=0;slot_to_write_done_us=0;slot_to_txcmd_us=366;slot_to_txdone_us=701;txcmd_to_txdone_us=335;txdone_to_rxstart_us=61;txdone_to_rxend_us=183;rxenable
[RECV] BSF66F notify: TR;3;14262;f;0;ff;7f;1867,3829,3938,2063,2230,3849,3914,0;1867,3829,3938,2063,2230,3849,3914,2012;100,100,100,100,100,100,100,31;OOOOOOOT;100;0;29602;8
[RECV] BSF66F notify: CD;1;14262;tag=1;local=0xb101;status=0x00800b02;rxf=0x0776c814;win=8165;pc=8;mask=0xff;resp=7;unexp=0;last_len=20;last_src=0xa106;last_dst=0xb101;last_code=0xe
[RECV] BSF66F notify: TR;3;14263;f;0;ff;7f;1831,3856,3955,1916,2275,3810,3878,0;1831,3856,3955,1916,2275,3810,3878,2012;100,100,100,100,100,100,100,30;OOOOOOOT;100;0;15258;8
[RECV] BSF66F notify: TR;3;14264;f;0;ff;7f;1865,3845,3979,1959,2231,3744,3884,0;1865,3845,3979,1959,2231,3744,3884,2012;100,100,100,100,100,100,100,28;OOOOOOOT;100;0;732;8
[RECV] BSF66F notify: TR;3;14265;f;0;ff;7f;1814,3833,3990,2057,2241,3804,3935,0;1814,3833,3990,2057,2241,3804,3935,2012;100,100,100,100,100,100,100,27;OOOOOOOT;100;0;671;8
[RECV] BSF66F notify: TR;3;14266;f;0;ff;7f;1883,3858,3973,2127,2174,3786,3886,0;1883,3858,3973,2127,2174,3786,3886,2012;100,100,100,100,100,100,100,26;OOOOOOOT;100;0;671;8
[RECV] BSF66F notify: TR;3;14267;f;0;ff;7f;1903,3822,3989,2217,2179,3807,3908,0;1903,3822,3989,2217,2179,3807,3908,2012;100,100,100,100,100,100,100,25;OOOOOOOT;100;0;732;8
[RECV] BSF66F notify: TR;3;14268;f;0;ff;7f;1880,3844,4001,2009,2200,3781,3924,0;1880,3844,4001,2009,2200,3781,3924,2012;100,100,100,100,100,100,100,24;OOOOOOOT;100;0;671;8
[RECV] BSF66F notify: TR;3;14269;f;0;ff;7f;1846,3832,3943,1899,2225,3821,3911,0;1846,3832,3943,1899,2225,3821,3911,2012;100,100,100,100,100,100,100,23;OOOOOOOT;100;0;671;8
[RECV] BSF66F notify: TR;3;14270;f;0;ff;7f;1831,3850,4010,2109,2296,3819,3917,0;1831,3850,4010,2109,2296,3819,3917,2012;100,100,100,100,100,100,100,22;OOOOOOOT;100;0;732;8
[RECV] BSF66F notify: TR;3;14271;f;0;ff;ff;1887,3847,3997,2119,2250,3826,3885,1995;1887,3847,3997,2119,2250,3826,3885,1995;100,100,100,100,100,100,100,25;OOOOOOOO;90;0;671;8
[RECV] BSF66F notify: RXG;1;14271;tag=1;mask=0xff;pc=8;guard=1200;spacing=1000;win=8165;pre=1;slot_to_entry_us=0;slot_to_sched_us=0;slot_to_write_done_us=0;slot_to_txcmd_us=274;slot_to_txdone_us=610;txcmd_to_txdone_us=335;txdone_to_rxstart_us=61;txdone_to_rxend_us=183;rxenable
[RECV] BSF66F notify: TR;3;14272;f;0;ff;7f;1855,3844,3985,2152,2197,3791,3931,0;1855,3844,3985,2152,2197,3791,3931,1995;100,100,100,100,100,100,100,24;OOOOOOOT;100;0;29663;8
[RECV] BSF66F notify: CD;1;14272;tag=1;local=0xb101;status=0x00800f02;rxf=0x0796c814;win=8165;pc=8;mask=0xff;resp=7;unexp=0;last_len=20;last_src=0xa106;last_dst=0xb101;last_code=0xe
[RECV] BSF66F notify: TR;3;14273;f;0;ff;7f;1822,3841,3990,2067,2197,3802,3913,0;1822,3841,3990,2067,2197,3802,3913,1995;100,100,100,100,100,100,100,23;OOOOOOOT;100;0;15136;8
[RECV] BSF66F notify: TR;3;14274;f;0;ff;7f;1882,3866,4012,2061,2271,3723,3899,0;1882,3866,4012,2061,2271,3723,3899,1995;100,100,100,100,100,100,100,22;OOOOOOOT;100;0;671;8
[RECV] BSF66F notify: TR;3;14275;f;0;ff;7f;1837,3824,3983,2044,2351,3796,3916,0;1837,3824,3983,2044,2351,3796,3916,1995;100,100,100,100,100,100,100,21;OOOOOOOT;100;0;671;8
[RECV] BSF66F notify: TR;3;14276;f;0;ff;ff;1864,3866,3943,2177,2200,3844,3943,2002;1864,3866,3943,2177,2200,3844,3943,2002;100,100,100,100,100,100,100,29;OOOOOOOO;91;0;854;8
[RECV] BSF66F notify: TR;3;14277;f;0;ff;7f;1832,3853,3972,2148,2253,3812,3820,0;1832,3853,3972,2148,2253,3812,3820,2002;100,100,100,100,100,100,100,27;OOOOOOOT;100;0;671;8
[RECV] BSF66F notify: TR;3;14278;f;0;ff;7f;1847,3848,3917,2018,2255,3841,3894,0;1847,3848,3917,2018,2255,3841,3894,2002;100,100,100,100,100,100,100,26;OOOOOOOT;100;0;640;8
[RECV] BSF66F notify: TR;3;14279;f;0;ff;fe;0,3839,3958,1985,2273,3782,3880,2009;1847,3839,3958,1985,2273,3782,3880,2009;95,100,100,100,100,100,100,30;TOOOOOOO;90;0;823;8
[RECV] BSF66F notify: TR;3;14280;f;0;ff;7f;1818,3824,3959,2036,2299,3755,3907,0;1818,3824,3959,2036,2299,3755,3907,2009;95,100,100,100,100,100,100,28;OOOOOOOT;99;0;671;8
[RECV] BSF66F notify: TR;3;14281;f;0;ff;7f;1867,3851,3977,2117,2218,3873,3928,0;1867,3851,3977,2117,2218,3873,3928,2009;95,100,100,100,100,100,100,27;OOOOOOOT;99;0;671;8
[RECV] BSF66F notify: RXG;1;14281;tag=1;mask=0xff;pc=8;guard=1200;spacing=1000;win=8165;pre=1;slot_to_entry_us=0;slot_to_sched_us=0;slot_to_write_done_us=0;slot_to_txcmd_us=274;slot_to_txdone_us=610;txcmd_to_txdone_us=335;txdone_to_rxstart_us=61;txdone_to_rxend_us=183;rxenable
[RECV] BSF66F notify: TR;3;14282;f;0;ff;7f;1870,3811,3984,2162,2156,3828,3884,0;1870,3811,3984,2162,2156,3828,3884,2009;95,100,100,100,100,100,100,26;OOOOOOOT;99;0;29449;8
[RECV] BSF66F notify: CD;1;14282;tag=1;local=0xb101;status=0x00800b02;rxf=0x0796c814;win=8165;pc=8;mask=0xff;resp=7;unexp=0;last_len=20;last_src=0xa106;last_dst=0xb101;last_code=0xe
[RECV] BSF66F notify: TR;3;14283;f;0;ff;7f;1831,3869,3991,2000,2325,3888,3915,0;1831,3869,3991,2000,2325,3888,3915,2009;95,100,100,100,100,100,100,25;OOOOOOOT;99;0;15197;8
[RECV] BSF66F notify: TR;3;14284;f;0;ff;ff;1894,3829,3986,2052,2251,3821,3903,2003;1894,3829,3986,2052,2251,3821,3903,2003;96,100,100,100,100,100,100,28;OOOOOOOO;90;0;671;8
[RECV] BSF66F notify: TR;3;14285;f;0;ff;ff;1882,3818,3950,2077,2221,3760,3906,2028;1882,3818,3950,2077,2221,3760,3906,2028;96,100,100,100,100,100,100,30;OOOOOOOO;90;0;854;8
[RECV] BSF66F notify: TR;3;14286;f;0;ff;ff;1916,3858,3946,2107,2315,3829,3899,1774;1916,3858,3946,2107,2315,3829,3899,1774;96,100,100,100,100,100,100,33;OOOOOOOO;91;0;671;8
[RECV] BSF66F notify: TR;3;14287;f;0;ff;7f;1896,3808,3966,2152,2197,3756,3917,0;1896,3808,3966,2152,2197,3756,3917,1774;96,100,100,100,100,100,100,32;OOOOOOOT;99;0;671;8
[RECV] BSF66F notify: TR;3;14288;f;0;ff;7f;1834,3834,3987,2019,2203,3817,3902,0;1834,3834,3987,2019,2203,3817,3902,1774;96,100,100,100,100,100,100,31;OOOOOOOT;99;0;732;8
[RECV] BSF66F notify: TR;3;14289;f;0;ff;ff;1865,3827,4019,2023,2207,3873,3931,2024;1865,3827,4019,2023,2207,3873,3931,2024;96,100,100,100,100,100,100,33;OOOOOOOO;91;0;671;8
[RECV] BSF66F notify: TR;3;14290;f;0;ff;ff;1809,3835,3988,2019,2270,4049,3922,1952;1809,3835,3988,2019,2270,4049,3922,1952;96,100,100,100,100,100,100,35;OOOOOOOO;91;0;701;8
[RECV] BSF66F notify: TR;3;14291;f;0;ff;7f;1862,3833,3976,2158,2208,3799,3918,0;1862,3833,3976,2158,2208,3799,3918,1952;96,100,100,100,100,100,100,34;OOOOOOOT;99;0;732;8
[RECV] BSF66F notify: RXG;1;14291;tag=1;mask=0xff;pc=8;guard=1200;spacing=1000;win=8165;pre=1;slot_to_entry_us=0;slot_to_sched_us=0;slot_to_write_done_us=0;slot_to_txcmd_us=396;slot_to_txdone_us=732;txcmd_to_txdone_us=335;txdone_to_rxstart_us=61;txdone_to_rxend_us=183;rxenable
[RECV] BSF66F notify: TR;3;14292;f;0;ff;7f;1829,3828,3966,2181,2153,3871,3975,0;1829,3828,3966,2181,2153,3871,3975,1952;100,100,100,100,100,100,100,35;OOOOOOOT;100;0;30670;8
[RECV] BSF66F notify: CD;1;14292;tag=1;local=0xb101;status=0x00800b02;rxf=0x0776c814;win=8165;pc=8;mask=0xff;resp=7;unexp=0;last_len=20;last_src=0xa106;last_dst=0xb101;last_code=0xe
[RECV] BSF66F notify: TR;3;14293;f;0;ff;7f;1834,3801,4014,1972,2226,3831,3952,0;1834,3801,4014,1972,2226,3831,3952,1952;100,100,100,100,100,100,100,33;OOOOOOOT;100;0;15319;8
[RECV] BSF66F notify: TR;3;14294;f;0;ff;7f;1816,3791,4007,1995,2215,3811,3923,0;1816,3791,4007,1995,2215,3811,3923,1952;100,100,100,100,100,100,100,31;OOOOOOOT;100;0;732;8
[RECV] BSF66F notify: TR;3;14295;f;0;ff;7f;1832,3824,3994,1994,2258,3778,3941,0;1832,3824,3994,1994,2258,3778,3941,1952;100,100,100,100,100,100,100,30;OOOOOOOT;100;0;640;8
[RECV] BSF66F notify: TR;3;14296;f;0;ff;7f;1853,3857,3930,2190,2223,3861,3886,0;1853,3857,3930,2190,2223,3861,3886,1952;100,100,100,100,100,100,100,28;OOOOOOOT;100;0;671;8
[RECV] BSF66F notify: TR;3;14297;f;0;ff;7f;1813,3817,3965,2205,2190,3832,3953,0;1813,3817,3965,2205,2190,3832,3953,1952;100,100,100,100,100,100,100,27;OOOOOOOT;100;0;732;8
[RECV] BSF66F notify: TR;3;14298;f;0;ff;7f;1870,3825,3921,2049,2240,3823,3925,0;1870,3825,3921,2049,2240,3823,3925,1952;100,100,100,100,100,100,100,26;OOOOOOOT;100;0;671;8
[RECV] BSF66F notify: TR;3;14299;f;0;ff;7f;1840,3829,4017,1988,2204,3866,3899,0;1840,3829,4017,1988,2204,3866,3899,1952;100,100,100,100,100,100,100,25;OOOOOOOT;100;0;640;8
[RECV] BSF66F notify: TR;3;14300;f;0;ff;ff;1826,3813,3989,2086,2246,3854,3895,2018;1826,3813,3989,2086,2246,3854,3895,2018;100,100,100,100,100,100,100,28;OOOOOOOO;91;0;854;8
[RECV] BSF66F notify: TR;3;14301;f;0;ff;7f;1814,3834,3989,2146,2185,3863,3898,0;1814,3834,3989,2146,2185,3863,3898,2018;100,100,100,100,100,100,100,26;OOOOOOOT;100;0;671;8
[RECV] BSF66F notify: RXG;1;14301;tag=1;mask=0xff;pc=8;guard=1200;spacing=1000;win=8165;pre=1;slot_to_entry_us=0;slot_to_sched_us=0;slot_to_write_done_us=0;slot_to_txcmd_us=274;slot_to_txdone_us=610;txcmd_to_txdone_us=335;txdone_to_rxstart_us=61;txdone_to_rxend_us=183;rxenable
[RECV] BSF66F notify: TR;3;14302;f;0;ff;ff;1855,3806,3968,2069,2258,3809,3897,1979;1855,3806,3968,2069,2258,3809,3897,1979;100,100,100,100,100,100,100,29;OOOOOOOO;91;0;29602;8
[RECV] BSF66F notify: CD;1;14302;tag=1;local=0xb101;status=0x00800f02;rxf=0x0796c814;win=8165;pc=8;mask=0xff;resp=7;unexp=0;last_len=20;last_src=0xa106;last_dst=0xb101;last_code=0xe
[RECV] BSF66F notify: TR;3;14303;f;0;ff;7f;1842,3869,3958,1863,2231,3806,3968,0;1842,3869,3958,1863,2231,3806,3968,1979;100,100,100,100,100,100,100,28;OOOOOOOT;100;0;15136;8
[RECV] BSF66F notify: TR;3;14304;f;0;ff;ff;1907,3814,3985,2028,2173,3838,3915,1947;1907,3814,3985,2028,2173,3838,3915,1947;100,100,100,100,100,100,100,31;OOOOOOOO;91;0;671;8
[RECV] BSF66F notify: TR;3;14305;f;0;ff;7f;1861,3842,3974,2039,2339,3738,3964,0;1861,3842,3974,2039,2339,3738,3964,1947;100,100,100,100,100,100,100,30;OOOOOOOT;100;0;640;8
[RECV] BSF66F notify: TR;3;14306;f;0;ff;7f;1870,3883,3977,2113,2192,3869,3908,0;1870,3883,3977,2113,2192,3869,3908,1947;100,100,100,100,100,100,100,29;OOOOOOOT;100;0;732;8
[RECV] BSF66F notify: TR;3;14307;f;0;ff;7f;1892,3828,4021,2081,2248,3825,3920,0;1892,3828,4021,2081,2248,3825,3920,1947;100,100,100,100,100,100,100,28;OOOOOOOT;100;0;671;8
[RECV] BSF66F notify: TR;3;14308;f;0;ff;7f;1817,3833,4013,1940,2201,3866,3917,0;1817,3833,4013,1940,2201,3866,3917,1947;100,100,100,100,100,100,100,29;OOOOOOOT;100;0;671;8
[RECV] BSF66F notify: TR;3;14309;f;0;ff;ff;1813,3835,3973,2045,2229,3756,3907,1985;1813,3835,3973,2045,2229,3756,3907,1985;100,100,100,100,100,100,100,33;OOOOOOOO;91;0;854;8
[RECV] BSF66F notify: TR;3;14310;f;0;ff;ff;1877,3844,3984,2142,2184,3761,3917,2006;1877,3844,3984,2142,2184,3761,3917,2006;100,100,100,100,100,100,100,36;OOOOOOOO;92;0;701;8
[RECV] BSF66F notify: TR;3;14311;f;0;ff;7f;1923,3828,3957,2190,2138,3868,3897,0;1923,3828,3957,2190,2138,3868,3897,2006;100,100,100,100,100,100,100,35;OOOOOOOT;100;0;671;8
[RECV] BSF66F notify: RXG;1;14311;tag=1;mask=0xff;pc=8;guard=1200;spacing=1000;win=8165;pre=1;slot_to_entry_us=0;slot_to_sched_us=0;slot_to_write_done_us=0;slot_to_txcmd_us=274;slot_to_txdone_us=610;txcmd_to_txdone_us=335;txdone_to_rxstart_us=61;txdone_to_rxend_us=183;rxenable
[RECV] BSF66F notify: TR;3;14312;f;0;ff;ff;1864,3823,3990,2138,2236,3772,3875,1668;1864,3823,3990,2138,2236,3772,3875,1668;100,100,100,100,100,100,100,38;OOOOOOOO;92;0;29418;8
[RECV] BSF66F notify: CD;1;14312;tag=1;local=0xb101;status=0x00806f02;rxf=0x07c6c814;win=8165;pc=8;mask=0xff;resp=8;unexp=0;last_len=20;last_src=0xa107;last_dst=0xb101;last_code=0xe
[RECV] BSF66F notify: TR;3;14313;f;0;ff;ff;1875,3828,4006,1965,2165,3788,3896,1959;1875,3828,4006,1965,2165,3788,3896,1959;100,100,100,100,100,100,100,40;OOOOOOOO;92;0;15197;8
[RECV] BSF66F notify: TR;3;14314;f;0;ff;ff;1852,3831,4189,1860,2188,3756,3895,2007;1852,3831,4189,1860,2188,3756,3895,2007;100,100,100,100,100,100,100,43;OOOOOOOO;92;0;701;8
[RECV] BSF66F notify: TR;3;14315;f;0;ff;7f;1893,3826,4004,2029,2223,3847,3934,0;1893,3826,4004,2029,2223,3847,3934,2007;100,100,100,100,100,100,100,41;OOOOOOOT;100;0;671;8
[RECV] BSF66F notify: TR;3;14316;f;0;ff;ff;1895,3827,4001,2195,2170,3798,3879,1975;1895,3827,4001,2195,2170,3798,3879,1975;100,100,100,100,100,100,100,44;OOOOOOOO;93;0;701;8
[RECV] BSF66F notify: TR;3;14317;f;0;ff;7f;1831,3849,3946,2105,2261,3880,3900,0;1831,3849,3946,2105,2261,3880,3900,1975;100,100,100,100,100,100,100,42;OOOOOOOT;100;0;671;8
[RECV] BSF66F notify: TR;3;14318;f;0;ff;ff;1830,3830,4006,1927,2281,3854,3914,2003;1830,3830,4006,1927,2281,3854,3914,2003;100,100,100,100,100,100,100,44;OOOOOOOO;93;0;854;8
[RECV] BSF66F notify: TR;3;14319;f;0;ff;ff;1825,3828,3950,2021,2243,3812,3888,1938;1825,3828,3950,2021,2243,3812,3888,1938;100,100,100,100,100,100,100,46;OOOOOOOO;93;0;701;8
[RECV] BSF66F notify: TR;3;14320;f;0;ff;7f;1901,3839,3975,2072,2255,3855,3911,0;1901,3839,3975,2072,2255,3855,3911,1938;100,100,100,100,100,100,100,44;OOOOOOOT;100;0;671;8
[RECV] BSF66F notify: TR;3;14321;f;0;ff;7f;1860,3832,3982,2150,2152,3794,3925,0;1860,3832,3982,2150,2152,3794,3925,1938;100,100,100,100,100,100,100,43;OOOOOOOT;100;0;671;8
[RECV] BSF66F notify: RXG;1;14321;tag=1;mask=0xff;pc=8;guard=1200;spacing=1000;win=8165;pre=1;slot_to_entry_us=0;slot_to_sched_us=0;slot_to_write_done_us=0;slot_to_txcmd_us=335;slot_to_txdone_us=762;txcmd_to_txdone_us=427;txdone_to_rxstart_us=122;txdone_to_rxend_us=244;rxenabl
[RECV] BSF66F notify: TR;3;14322;f;0;ff;ff;1843,3848,3971,2132,2210,3824,3871,1966;1843,3848,3971,2132,2210,3824,3871,1966;100,100,100,100,100,100,100,45;OOOOOOOO;93;0;29632;8
[RECV] BSF66F notify: CD;1;14322;tag=1;local=0xb101;status=0x00800b02;rxf=0x0756c814;win=8165;pc=8;mask=0xff;resp=7;unexp=0;last_len=20;last_src=0xa106;last_dst=0xb101;last_code=0xe
[RECV] BSF66F notify: TR;3;14323;f;0;ff;7f;1849,3826,3981,2039,2277,3812,3882,0;1849,3826,3981,2039,2277,3812,3882,1966;100,100,100,100,100,100,100,43;OOOOOOOT;100;0;15319;8
[RECV] BSF66F notify: TR;3;14324;f;0;ff;7f;1820,3831,3975,1972,2204,3758,3949,0;1820,3831,3975,1972,2204,3758,3949,1966;100,100,100,100,100,100,100,41;OOOOOOOT;100;0;671;8
[RECV] BSF66F notify: TR;3;14325;f;0;ff;ff;1890,3838,4028,1962,2197,3766,3851,1953;1890,3838,4028,1962,2197,3766,3851,1953;100,100,100,100,100,100,100,44;OOOOOOOO;93;0;701;8
[RECV] BSF66F notify: TR;3;14326;f;0;ff;ff;1805,3812,3981,2069,2312,3871,3904,1963;1805,3812,3981,2069,2312,3871,3904,1963;100,100,100,100,100,100,100,47;OOOOOOOO;93;0;671;8
[RECV] BSF66F notify: TR;3;14327;f;0;ff;ff;1866,3850,3974,2057,2198,3737,3852,1892;1866,3850,3974,2057,2198,3737,3852,1892;100,100,100,100,100,100,100,50;OOOOOOOO;93;0;854;8
[RECV] BSF66F notify: TR;3;14328;f;0;ff;ff;1851,3876,3998,1934,2163,3867,3910,2011;1851,3876,3998,1934,2163,3867,3910,2011;100,100,100,100,100,100,100,52;OOOOOOOO;94;0;701;8
[RECV] BSF66F notify: TR;3;14329;f;0;ff;7f;1911,3851,3979,1938,2236,3818,3926,0;1911,3851,3979,1938,2236,3818,3926,2011;100,100,100,100,100,100,100,50;OOOOOOOT;100;0;671;8
[RECV] BSF66F notify: TR;3;14330;f;0;ff;ff;1828,3841,3951,2075,2260,3808,3865,1996;1828,3841,3951,2075,2260,3808,3865,1996;100,100,100,100,100,100,100,52;OOOOOOOO;94;0;854;8
[RECV] BSF66F notify: TR;3;14331;f;0;ff;7f;1852,3809,3959,2169,2189,3791,3907,0;1852,3809,3959,2169,2189,3791,3907,1996;100,100,100,100,100,100,100,50;OOOOOOOT;100;0;671;8
[RECV] BSF66F notify: RXG;1;14331;tag=1;mask=0xff;pc=8;guard=1200;spacing=1000;win=8165;pre=1;slot_to_entry_us=0;slot_to_sched_us=0;slot_to_write_done_us=0;slot_to_txcmd_us=274;slot_to_txdone_us=610;txcmd_to_txdone_us=335;txdone_to_rxstart_us=61;txdone_to_rxend_us=183;rxenable
[RECV] BSF66F notify: TR;3;14332;f;0;ff;7f;1866,3850,3977,2169,2206,3791,3910,0;1866,3850,3977,2169,2206,3791,3910,1996;100,100,100,100,100,100,100,48;OOOOOOOT;100;0;29449;8
[RECV] BSF66F notify: CD;1;14332;tag=1;local=0xb101;status=0x00800f02;rxf=0x0786c814;win=8165;pc=8;mask=0xff;resp=7;unexp=0;last_len=20;last_src=0xa106;last_dst=0xb101;last_code=0xe
[RECV] BSF66F notify: TR;3;14333;f;0;ff;7f;1842,3845,3944,2003,2228,3817,3908,0;1842,3845,3944,2003,2228,3817,3908,1996;100,100,100,100,100,100,100,46;OOOOOOOT;100;0;15319;8
[RECV] BSF66F notify: TR;3;14334;f;0;ff;ff;1883,3815,3982,1981,2245,3843,3954,2021;1883,3815,3982,1981,2245,3843,3954,2021;100,100,100,100,100,100,100,48;OOOOOOOO;93;0;671;8
[RECV] BSF66F notify: TR;3;14335;f;0;ff;7f;1908,3844,3968,1996,2254,3763,3875,0;1908,3844,3968,1996,2254,3763,3875,2021;100,100,100,100,100,100,100,46;OOOOOOOT;100;0;671;8
[RECV] BSF66F notify: TR;3;14336;f;0;ff;7f;1824,3825,3963,2214,2171,3848,3959,0;1824,3825,3963,2214,2171,3848,3959,2021;100,100,100,100,100,100,100,44;OOOOOOOT;100;0;671;8
[RECV] BSF66F notify: TR;3;14337;f;0;ff;ff;1822,3846,3970,2063,2194,3805,3886,2046;1822,3846,3970,2063,2194,3805,3886,2046;100,100,100,100,100,100,100,46;OOOOOOOO;93;0;701;8
[RECV] BSF66F notify: TR;3;14338;f;0;ff;7f;1826,3824,4000,1966,2174,3789,3890,0;1826,3824,4000,1966,2174,3789,3890,2046;100,100,100,100,100,100,100,45;OOOOOOOT;100;0;671;8
[RECV] BSF66F notify: TR;3;14339;f;0;ff;7f;1864,3793,3978,1926,2267,3758,3905,0;1864,3793,3978,1926,2267,3758,3905,2046;100,100,100,100,100,100,100,43;OOOOOOOT;100;0;671;8
[RECV] BSF66F notify: TR;3;14340;f;0;ff;ff;1868,3817,3975,2067,2217,3769,3965,1954;1868,3817,3975,2067,2217,3769,3965,1954;100,100,100,100,100,100,100,47;OOOOOOOO;93;0;701;8
[RECV] BSF66F notify: TR;3;14341;f;0;ff;7f;1789,3858,3975,2174,2287,3815,3911,0;1789,3858,3975,2174,2287,3815,3911,1954;100,100,100,100,100,100,100,44;OOOOOOOT;100;0;640;8
[RECV] BSF66F notify: RXG;1;14341;tag=1;mask=0xff;pc=8;guard=1200;spacing=1000;win=8165;pre=1;slot_to_entry_us=0;slot_to_sched_us=0;slot_to_write_done_us=0;slot_to_txcmd_us=274;slot_to_txdone_us=610;txcmd_to_txdone_us=335;txdone_to_rxstart_us=61;txdone_to_rxend_us=183;rxenable
[RECV] BSF66F notify: TR;3;14342;f;0;ff;ff;1881,3838,3970,2156,2174,3765,3893,1959;1881,3838,3970,2156,2174,3765,3893,1959;100,100,100,100,100,100,100,47;OOOOOOOO;93;0;29327;8
[RECV] BSF66F notify: CD;1;14342;tag=1;local=0xb101;status=0x00806f02;rxf=0x07a6c814;win=8165;pc=8;mask=0xff;resp=8;unexp=0;last_len=20;last_src=0xa107;last_dst=0xb101;last_code=0xe
[RECV] BSF66F notify: TR;3;14343;f;0;ff;ff;1815,3825,3984,1976,2207,3825,3923,1997;1815,3825,3984,1976,2207,3825,3923,1997;100,100,100,100,100,100,100,50;OOOOOOOO;93;0;15289;8
[RECV] BSF66F notify: TR;3;14344;f;0;ff;7f;1828,3822,4006,1940,2318,3817,3949,0;1828,3822,4006,1940,2318,3817,3949,1997;100,100,100,100,100,100,100,47;OOOOOOOT;100;0;671;8
[RECV] BSF66F notify: TR;3;14345;f;0;ff;ff;1824,3821,4016,1944,2255,3798,3908,1955;1824,3821,4016,1944,2255,3798,3908,1955;100,100,100,100,100,100,100,50;OOOOOOOO;93;0;823;8
[RECV] BSF66F notify: TR;3;14346;f;0;ff;ff;1826,3845,4011,2135,2194,3786,3914,2030;1826,3845,4011,2135,2194,3786,3914,2030;100,100,100,100,100,100,100,52;OOOOOOOO;94;0;671;8
[RECV] BSF66F notify: TR;3;14347;f;0;ff;7f;1825,3792,3944,2143,2274,3723,3962,0;1825,3792,3944,2143,2274,3723,3962,2030;100,100,100,100,100,100,100,50;OOOOOOOT;100;0;671;8
[RECV] BSF66F notify: TR;3;14348;f;0;ff;7f;1906,3855,3996,2018,2251,3809,3913,0;1906,3855,3996,2018,2251,3809,3913,2030;100,100,100,100,100,100,100,48;OOOOOOOT;100;0;701;8
[RECV] BSF66F notify: TR;3;14349;f;0;ff;ff;1805,3866,3961,2079,2187,3861,3948,1965;1805,3866,3961,2079,2187,3861,3948,1965;100,100,100,100,100,100,100,50;OOOOOOOO;93;0;701;8
[RECV] BSF66F notify: TR;3;14350;f;0;ff;ff;1834,3824,4021,2031,2264,3747,3903,1960;1834,3824,4021,2031,2264,3747,3903,1960;100,100,100,100,100,100,100,51;OOOOOOOO;93;0;671;8
[RECV] BSF66F notify: TR;3;14351;f;0;ff;7f;1837,3826,3971,2137,2198,3732,3911,0;1837,3826,3971,2137,2198,3732,3911,1960;100,100,100,100,100,100,100,50;OOOOOOOT;100;0;671;8
[RECV] BSF66F notify: RXG;1;14351;tag=1;mask=0xff;pc=8;guard=1200;spacing=1000;win=8165;pre=1;slot_to_entry_us=0;slot_to_sched_us=0;slot_to_write_done_us=0;slot_to_txcmd_us=335;slot_to_txdone_us=762;txcmd_to_txdone_us=427;txdone_to_rxstart_us=61;txdone_to_rxend_us=183;rxenable
[RECV] BSF66F notify: TR;3;14352;f;0;ff;ff;1843,3824,4006,2149,2231,3771,3922,1998;1843,3824,4006,2149,2231,3771,3922,1998;100,100,100,100,100,100,100,51;OOOOOOOO;93;0;29510;8
[RECV] BSF66F notify: CD;1;14352;tag=1;local=0xb101;status=0x00800f02;rxf=0x0766c814;win=8165;pc=8;mask=0xff;resp=7;unexp=0;last_len=20;last_src=0xa106;last_dst=0xb101;last_code=0xe
[RECV] BSF66F notify: TR;3;14353;f;0;ff;7f;1901,3807,3965,2038,2270,3811,3906,0;1901,3807,3965,2038,2270,3811,3906,1998;100,100,100,100,100,100,100,50;OOOOOOOT;100;0;15258;8
[RECV] BSF66F notify: TR;3;14354;f;0;ff;7f;1867,3844,4002,1878,2223,3737,3936,0;1867,3844,4002,1878,2223,3737,3936,1998;100,100,100,100,100,100,100,48;OOOOOOOT;100;0;671;8
[RECV] BSF66F notify: TR;3;14355;f;0;ff;ff;1875,3862,3933,1989,2220,3803,3949,2023;1875,3862,3933,1989,2220,3803,3949,2023;100,100,100,100,100,100,100,50;OOOOOOOO;93;0;671;8
[RECV] BSF66F notify: TR;3;14356;f;0;ff;7f;1824,3837,4015,2131,2241,3869,3950,0;1824,3837,4015,2131,2241,3869,3950,2023;100,100,100,100,100,100,100,47;OOOOOOOT;100;0;671;8
[RECV] BSF66F notify: TR;3;14357;f;0;ff;ff;1838,3803,3944,2158,2233,3708,3938,1986;1838,3803,3944,2158,2233,3708,3938,1986;100,100,100,100,100,100,100,50;OOOOOOOO;93;0;854;8
[RECV] BSF66F notify: TR;3;14358;f;0;ff;ff;1823,3816,3953,2050,2242,3848,3937,2029;1823,3816,3953,2050,2242,3848,3937,2029;100,100,100,100,100,100,100,52;OOOOOOOO;94;0;701;8
[RECV] BSF66F notify: TR;3;14359;f;0;ff;7f;1838,3834,3998,1907,2244,3833,3914,0;1838,3834,3998,1907,2244,3833,3914,2029;100,100,100,100,100,100,100,50;OOOOOOOT;100;0;671;8
[RECV] BSF66F notify: TR;3;14360;f;0;ff;7f;1888,3813,3981,1902,2218,3848,3950,0;1888,3813,3981,1902,2218,3848,3950,2029;100,100,100,100,100,100,100,47;OOOOOOOT;100;0;671;8
[RECV] BSF66F notify: TR;3;14361;f;0;ff;ff;1898,3818,3966,2125,2254,3785,3928,1993;1898,3818,3966,2125,2254,3785,3928,1993;100,100,100,100,100,100,100,50;OOOOOOOO;93;0;671;8
[RECV] BSF66F notify: RXG;1;14361;tag=1;mask=0xff;pc=8;guard=1200;spacing=1000;win=8165;pre=1;slot_to_entry_us=0;slot_to_sched_us=0;slot_to_write_done_us=0;slot_to_txcmd_us=274;slot_to_txdone_us=610;txcmd_to_txdone_us=335;txdone_to_rxstart_us=61;txdone_to_rxend_us=183;rxenable
[RECV] BSF66F notify: TR;3;14362;f;0;ff;7f;1879,3834,3966,2156,2195,3803,3901,0;1879,3834,3966,2156,2195,3803,3901,1993;100,100,100,100,100,100,100,47;OOOOOOOT;100;0;29876;8
[RECV] BSF66F notify: CD;1;14362;tag=1;local=0xb101;status=0x00806f02;rxf=0x0766c814;win=8165;pc=8;mask=0xff;resp=8;unexp=0;last_len=20;last_src=0xa107;last_dst=0xb101;last_code=0xe
[RECV] BSF66F notify: TR;3;14363;f;0;ff;ff;1885,3821,3934,1939,2237,3797,3897,1926;1885,3821,3934,1939,2237,3797,3897,1926;100,100,100,100,100,100,100,50;OOOOOOOO;93;0;15258;8
[RECV] BSF66F notify: TR;3;14364;f;0;ff;ff;1893,3822,3990,1954,2216,3702,3941,1972;1893,3822,3990,1954,2216,3702,3941,1972;100,100,100,100,100,100,100,52;OOOOOOOO;94;0;823;8
[RECV] BSF66F notify: TR;3;14365;f;0;ff;7f;1834,3830,3967,2211,2230,3818,3925,0;1834,3830,3967,2211,2230,3818,3925,1972;100,100,100,100,100,100,100,50;OOOOOOOT;100;0;640;8
[RECV] BSF66F notify: TR;3;14366;f;0;ff;ff;1850,3825,3976,2130,2203,3762,3853,2038;1850,3825,3976,2130,2203,3762,3853,2038;100,100,100,100,100,100,100,51;OOOOOOOO;93;0;854;8
[RECV] BSF66F notify: TR;3;14367;f;0;ff;ff;1858,3796,3979,2114,2270,3727,3913,1980;1858,3796,3979,2114,2270,3727,3913,1980;100,100,100,100,100,100,100,53;OOOOOOOO;94;0;671;8
[RECV] BSF66F notify: TR;3;14368;f;0;ff;7f;1830,3828,3955,2073,2221,3818,3898,0;1830,3828,3955,2073,2221,3818,3898,1980;100,100,100,100,100,100,100,51;OOOOOOOT;100;0;671;8
[RECV] BSF66F notify: TR;3;14369;f;0;ff;7f;1881,3855,3961,1967,2199,3771,3934,0;1881,3855,3961,1967,2199,3771,3934,1980;100,100,100,100,100,100,100,50;OOOOOOOT;100;0;671;8
[RECV] BSF66F notify: TR;3;14370;f;0;ff;7f;1862,3837,3929,2068,2222,3891,3870,0;1862,3837,3929,2068,2222,3891,3870,1980;100,100,100,100,100,100,100,48;OOOOOOOT;100;0;885;8
[RECV] BSF66F notify: TR;3;14371;f;0;ff;7f;1875,3810,3945,2198,2229,3877,3893,0;1875,3810,3945,2198,2229,3877,3893,1980;100,100,100,100,100,100,100,46;OOOOOOOT;100;0;640;8
[RECV] BSF66F notify: RXG;1;14371;tag=1;mask=0xff;pc=8;guard=1200;spacing=1000;win=8165;pre=1;slot_to_entry_us=0;slot_to_sched_us=0;slot_to_write_done_us=0;slot_to_txcmd_us=274;slot_to_txdone_us=610;txcmd_to_txdone_us=335;txdone_to_rxstart_us=61;txdone_to_rxend_us=183;rxenable
[RECV] BSF66F notify: TR;3;14372;f;0;ff;7f;1877,3823,3976,2127,2302,3813,3876,0;1877,3823,3976,2127,2302,3813,3876,1980;100,100,100,100,100,100,100,47;OOOOOOOT;100;0;29541;8
[RECV] BSF66F notify: CD;1;14372;tag=1;local=0xb101;status=0x00806f02;rxf=0x0796c814;win=8165;pc=8;mask=0xff;resp=8;unexp=0;last_len=20;last_src=0xa107;last_dst=0xb101;last_code=0xe
[RECV] BSF66F notify: TR;3;14373;f;0;ff;ff;1891,3836,3978,1947,2274,3852,3909,2003;1891,3836,3978,1947,2274,3852,3909,2003;100,100,100,100,100,100,100,50;OOOOOOOO;93;0;15258;8
[RECV] BSF66F notify: TR;3;14374;f;0;ff;ff;1868,3854,3964,2106,2189,3801,3927,2005;1868,3854,3964,2106,2189,3801,3927,2005;100,100,100,100,100,100,100,52;OOOOOOOO;94;0;671;8
[RECV] BSF66F notify: TR;3;14375;f;0;ff;7f;1856,3826,4025,1942,2228,3848,3871,0;1856,3826,4025,1942,2228,3848,3871,2005;100,100,100,100,100,100,100,50;OOOOOOOT;100;0;671;8
[RECV] BSF66F notify: TR;3;14376;f;0;ff;ff;1862,3823,3969,2123,2179,3815,3896,1979;1862,3823,3969,2123,2179,3815,3896,1979;100,100,100,100,100,100,100,52;OOOOOOOO;94;0;671;8
[RECV] BSF66F notify: TR;3;14377;f;0;ff;7f;1803,3870,3959,2127,2241,3807,3919,0;1803,3870,3959,2127,2241,3807,3919,1979;100,100,100,100,100,100,100,50;OOOOOOOT;100;0;671;8
[RECV] BSF66F notify: TR;3;14378;f;0;ff;ff;1863,3822,3997,2042,2233,3804,3933,2032;1863,3822,3997,2042,2233,3804,3933,2032;100,100,100,100,100,100,100,52;OOOOOOOO;94;0;732;8
[RECV] BSF66F notify: TR;3;14379;f;0;ff;ff;1792,3835,3977,2060,2161,3788,3872,2010;1792,3835,3977,2060,2161,3788,3872,2010;100,100,100,100,100,100,100,54;OOOOOOOO;94;0;701;8
[RECV] BSF66F notify: TR;3;14380;f;0;ff;7f;1906,3815,3965,2144,2229,3774,3919,0;1906,3815,3965,2144,2229,3774,3919,2010;100,100,100,100,100,100,100,52;OOOOOOOT;100;0;671;8
[RECV] BSF66F notify: TR;3;14381;f;0;ff;ff;1849,3855,3998,2136,2186,3841,3918,1996;1849,3855,3998,2136,2186,3841,3918,1996;100,100,100,100,100,100,100,53;OOOOOOOO;94;0;732;8
[RECV] BSF66F notify: RXG;1;14381;tag=1;mask=0xff;pc=8;guard=1200;spacing=1000;win=8165;pre=1;slot_to_entry_us=0;slot_to_sched_us=0;slot_to_write_done_us=0;slot_to_txcmd_us=335;slot_to_txdone_us=762;txcmd_to_txdone_us=427;txdone_to_rxstart_us=91;txdone_to_rxend_us=213;rxenable
[RECV] BSF66F notify: TR;3;14382;f;0;ff;ff;1837,3787,3993,2155,2204,3802,3909,2016;1837,3787,3993,2155,2204,3802,3909,2016;100,100,100,100,100,100,100,55;OOOOOOOO;94;0;29693;8
[RECV] BSF66F notify: CD;1;14382;tag=1;local=0xb101;status=0x00800f02;rxf=0x07c6c814;win=8165;pc=8;mask=0xff;resp=7;unexp=0;last_len=20;last_src=0xa106;last_dst=0xb101;last_code=0xe
[RECV] BSF66F notify: TR;3;14383;f;0;ff;7f;1829,3844,3982,2000,2237,3841,3879,0;1829,3844,3982,2000,2237,3841,3879,2016;100,100,100,100,100,100,100,53;OOOOOOOT;100;0;15197;8
[RECV] BSF66F notify: TR;3;14384;f;0;ff;7f;1830,3856,3945,2053,2168,3788,3913,0;1830,3856,3945,2053,2168,3788,3913,2016;100,100,100,100,100,100,100,51;OOOOOOOT;100;0;671;8
[RECV] BSF66F notify: TR;3;14385;f;0;ff;ff;1872,3867,3943,2067,2194,3845,3889,1996;1872,3867,3943,2067,2194,3845,3889,1996;100,100,100,100,100,100,100,53;OOOOOOOO;94;0;701;8
[RECV] BSF66F notify: TR;3;14386;f;0;ff;ff;1839,3852,3961,2149,2195,3799,3927,1909;1839,3852,3961,2149,2195,3799,3927,1909;100,100,100,100,100,100,100,54;OOOOOOOO;94;0;701;8
[RECV] BSF66F notify: TR;3;14387;f;0;ff;ff;1838,3826,3969,2176,2243,3922,3944,2024;1838,3826,3969,2176,2243,3922,3944,2024;100,100,100,100,100,100,100,56;OOOOOOOO;94;0;732;8
[RECV] BSF66F notify: TR;3;14388;f;0;ff;f7;1912,3803,3958,0,2254,3819,3854,2031;1912,3803,3958,2176,2254,3819,3854,2031;100,100,100,94,100,100,100,58;OOOTOOOO;94;0;671;8
[RECV] BSF66F notify: TR;3;14389;f;0;ff;7f;1829,3840,3920,1987,2302,3771,3936,0;1829,3840,3920,1987,2302,3771,3936,2031;100,100,100,94,100,100,100,55;OOOOOOOT;99;0;640;8
[RECV] BSF66F notify: TR;3;14390;f;0;ff;ff;1877,3827,4005,1898,2195,3831,3948,1999;1877,3827,4005,1898,2195,3831,3948,1999;100,100,100,94,100,100,100,57;OOOOOOOO;93;0;732;8
[RECV] BSF66F notify: TR;3;14391;f;0;ff;ff;1827,3833,3947,2064,2242,3789,3861,2005;1827,3833,3947,2064,2242,3789,3861,2005;100,100,100,95,100,100,100,60;OOOOOOOO;94;0;671;8
[RECV] BSF66F notify: TR;3;14392;f;0;ff;7f;1887,3830,3949,2149,2306,3870,3885,0;1887,3830,3949,2149,2306,3870,3885,2005;100,100,100,95,100,100,100,57;OOOOOOOT;99;0;640;8
[RECV] BSF66F notify: RXG;1;14392;tag=1;mask=0xff;pc=8;guard=1200;spacing=1000;win=8165;pre=1;slot_to_entry_us=0;slot_to_sched_us=0;slot_to_write_done_us=0;slot_to_txcmd_us=274;slot_to_txdone_us=610;txcmd_to_txdone_us=335;txdone_to_rxstart_us=61;txdone_to_rxend_us=183;rxenable
[RECV] BSF66F notify: CD;1;14392;tag=1;local=0xb101;status=0x00806f02;rxf=0x07c6c814;win=8165;pc=8;mask=0xff;resp=8;unexp=0;last_len=20;last_src=0xa107;last_dst=0xb101;last_code=0xe
[RECV] BSF66F notify: TR;3;14393;f;0;ff;ff;1806,3820,3923,1943,2269,3918,3887,1985;1806,3820,3923,1943,2269,3918,3887,1985;100,100,100,95,100,100,100,59;OOOOOOOO;94;0;43762;8
[RECV] BSF66F notify: TR;3;14394;f;0;ff;ff;1904,3832,3924,1961,2264,3782,3885,2018;1904,3832,3924,1961,2264,3782,3885,2018;100,100,100,95,100,100,100,60;OOOOOOOO;94;0;793;8
[RECV] BSF66F notify: TR;3;14395;f;0;ff;7f;1817,3807,3968,2015,2146,3802,3936,0;1817,3807,3968,2015,2146,3802,3936,2018;100,100,100,95,100,100,100,58;OOOOOOOT;99;0;640;8
[RECV] BSF66F notify: TR;3;14396;f;0;ff;7f;1872,3828,3924,2144,2286,3769,3902,0;1872,3828,3924,2144,2286,3769,3902,2018;100,100,100,96,100,100,100,56;OOOOOOOT;99;0;671;8
[RECV] BSF66F notify: TR;3;14397;f;0;ff;ff;1868,3836,3939,2089,2317,3858,3893,1944;1868,3836,3939,2089,2317,3858,3893,1944;100,100,100,96,100,100,100,57;OOOOOOOO;94;0;671;8
[RECV] BSF66F notify: TR;3;14398;f;0;ff;7f;1902,3835,3990,1935,2221,3824,3920,0;1902,3835,3990,1935,2221,3824,3920,1944;100,100,100,96,100,100,100,55;OOOOOOOT;99;0;640;8
[RECV] BSF66F notify: TR;3;14399;f;0;ff;ff;1825,3858,3999,1953,2232,3818,3871,1999;1825,3858,3999,1953,2232,3818,3871,1999;100,100,100,96,100,100,100,57;OOOOOOOO;94;0;732;8
[RECV] BSF66F notify: TR;3;14400;f;0;ff;ff;1840,3766,4014,1891,2321,3816,3868,1961;1840,3766,4014,1891,2321,3816,3868,1961;100,100,100,96,100,100,100,58;OOOOOOOO;94;0;671;8
[RECV] BSF66F notify: TR;3;14401;f;0;ff;fd;1827,0,3981,2064,2238,3807,3902,2004;1827,3766,3981,2064,2238,3807,3902,2004;100,96,100,96,100,100,100,60;OTOOOOOO;93;0;671;8
[RECV] BSF66F notify: TR;3;14402;f;0;ff;7f;1844,3823,3950,2043,2217,3802,3932,0;1844,3823,3950,2043,2217,3802,3932,2004;100,96,100,96,100,100,100,58;OOOOOOOT;98;0;671;8
[RECV] BSF66F notify: RXG;1;14402;tag=1;mask=0xff;pc=8;guard=1200;spacing=1000;win=8165;pre=1;slot_to_entry_us=0;slot_to_sched_us=0;slot_to_write_done_us=0;slot_to_txcmd_us=274;slot_to_txdone_us=671;txcmd_to_txdone_us=396;txdone_to_rxstart_us=152;txdone_to_rxend_us=274;rxenabl
[RECV] BSF66F notify: CD;1;14402;tag=1;local=0xb101;status=0x00806f02;rxf=0x07b6c814;win=8165;pc=8;mask=0xff;resp=8;unexp=0;last_len=20;last_src=0xa107;last_dst=0xb101;last_code=0xe
[RECV] BSF66F notify: TR;3;14403;f;0;ff;ff;1860,3874,4004,1911,2190,3842,3858,1956;1860,3874,4004,1911,2190,3842,3858,1956;100,96,100,96,100,100,100,59;OOOOOOOO;93;0;44067;8
[RECV] BSF66F notify: TR;3;14404;f;0;ff;7f;1830,3827,3967,1971,2227,3766,3868,0;1830,3827,3967,1971,2227,3766,3868,1956;100,100,100,100,100,100,100,58;OOOOOOOT;100;0;640;8
[RECV] BSF66F notify: TR;3;14406;f;0;ff;ff;1801,3842,3950,2152,2159,3831,3858,2004;1801,3842,3950,2152,2159,3831,3858,2004;100,100,100,100,100,100,100,57;OOOOOOOO;94;0;701;8
[RECV] BSF66F notify: TR;3;14408;f;0;ff;7f;1851,3843,4003,1911,2169,3823,3915,0;1851,3843,4003,1911,2169,3823,3915,2004;100,100,100,100,100,100,100,52;OOOOOOOT;100;0;671;8
[RECV] BSF66F notify: TR;3;14410;f;0;ff;7f;1847,3817,4001,1895,2208,3791,3895,0;1847,3817,4001,1895,2208,3791,3895,1959;100,100,100,100,100,100,100,52;OOOOOOOT;100;0;640;8
[RECV] BSF66F notify: TR;3;14411;f;0;ff;7f;1896,3823,4028,2195,2216,3764,3930,0;1896,3823,4028,2195,2216,3764,3930,1959;100,100,100,100,100,100,100,50;OOOOOOOT;100;0;671;8
[RECV] BSF66F notify: TR;3;14412;f;0;ff;ff;1824,3831,4019,2142,2209,3849,3956,1993;1824,3831,4019,2142,2209,3849,3956,1993;100,100,100,100,100,100,100,52;OOOOOOOO;94;0;701;8
[RECV] BSF66F notify: RXG;1;14412;tag=1;mask=0xff;pc=8;guard=1200;spacing=1000;win=8165;pre=1;slot_to_entry_us=0;slot_to_sched_us=0;slot_to_write_done_us=0;slot_to_txcmd_us=274;slot_to_txdone_us=610;txcmd_to_txdone_us=335;txdone_to_rxstart_us=61;txdone_to_rxend_us=183;rxenable
[RECV] BSF66F notify: CD;1;14412;tag=1;local=0xb101;status=0x00800f02;rxf=0x0756c814;win=8165;pc=8;mask=0xff;resp=7;unexp=0;last_len=20;last_src=0xa106;last_dst=0xb101;last_code=0xe
[RECV] BSF66F notify: TR;3;14413;f;0;ff;7f;1879,3837,3981,1951,2200,3846,3888,0;1879,3837,3981,1951,2200,3846,3888,1993;100,100,100,100,100,100,100,50;OOOOOOOT;100;0;44158;8
[RECV] BSF66F notify: TR;3;14414;f;0;ff;7f;1816,3810,3986,1929,2233,3756,3882,0;1816,3810,3986,1929,2233,3756,3882,1993;100,100,100,100,100,100,100,48;OOOOOOOT;100;0;671;8
[RECV] BSF66F notify: TR;3;14415;f;0;ff;ff;1899,3868,3931,2070,2133,3732,3921,2002;1899,3868,3931,2070,2133,3732,3921,2002;100,100,100,100,100,100,100,50;OOOOOOOO;93;0;671;8
[RECV] BSF66F notify: TR;3;14416;f;0;ff;7f;1858,3813,4012,2142,2196,3815,3905,0;1858,3813,4012,2142,2196,3815,3905,2002;100,100,100,100,100,100,100,48;OOOOOOOT;100;0;671;8
[RECV] BSF66F notify: TR;3;14417;f;0;ff;7f;1897,3833,3994,2130,2183,3855,3936,0;1897,3833,3994,2130,2183,3855,3936,2002;100,100,100,100,100,100,100,46;OOOOOOOT;100;0;701;8
[RECV] BSF66F notify: TR;3;14418;f;0;ff;7f;1841,3822,3959,1992,2220,3878,3898,0;1841,3822,3959,1992,2220,3878,3898,2002;100,100,100,100,100,100,100,45;OOOOOOOT;100;0;762;8
[RECV] BSF66F notify: TR;3;14419;f;0;ff;bf;1834,3798,4005,1927,2303,3844,0,1969;1834,3798,4005,1927,2303,3844,3898,1969;100,100,100,100,100,100,96,46;OOOOOOTO;92;0;762;8
[RECV] BSF66F notify: TR;3;14420;f;0;ff;7f;1845,3798,3988,1915,2203,3816,3893,0;1845,3798,3988,1915,2203,3816,3893,1969;100,100,100,100,100,100,100,47;OOOOOOOT;100;0;671;8
[RECV] BSF66F notify: TR;3;14421;f;0;ff;ff;1886,3833,3987,2062,2270,3861,3891,1966;1886,3833,3987,2062,2270,3861,3891,1966;100,100,100,100,100,100,100,50;OOOOOOOO;93;0;701;8
[RECV] BSF66F notify: TR;3;14422;f;0;ff;7f;1832,3820,3926,2080,2253,3908,3929,0;1832,3820,3926,2080,2253,3908,3929,1966;100,100,100,100,100,100,100,47;OOOOOOOT;100;0;671;8
[RECV] BSF66F notify: RXG;1;14422;tag=1;mask=0xff;pc=8;guard=1200;spacing=1000;win=8165;pre=1;slot_to_entry_us=0;slot_to_sched_us=0;slot_to_write_done_us=0;slot_to_txcmd_us=274;slot_to_txdone_us=610;txcmd_to_txdone_us=335;txdone_to_rxstart_us=61;txdone_to_rxend_us=183;rxenable
[RECV] BSF66F notify: CD;1;14422;tag=1;local=0xb101;status=0x00800b02;rxf=0x0756c814;win=8165;pc=8;mask=0xff;resp=7;unexp=0;last_len=20;last_src=0xa106;last_dst=0xb101;last_code=0xe
[RECV] BSF66F notify: TR;3;14423;f;0;ff;7f;1818,3821,3966,1934,2216,3807,3895,0;1818,3821,3966,1934,2216,3807,3895,1966;100,100,100,100,100,100,100,45;OOOOOOOT;100;0;44525;8
[RECV] BSF66F notify: TR;3;14424;f;0;ff;ff;1890,3819,3969,1976,2223,3758,3891,1963;1890,3819,3969,1976,2223,3758,3891,1963;100,100,100,100,100,100,100,47;OOOOOOOO;93;0;671;8
[RECV] BSF66F notify: TR;3;14425;f;0;ff;7f;1852,3838,3958,2073,2241,3764,3900,0;1852,3838,3958,2073,2241,3764,3900,1963;100,100,100,100,100,100,100,45;OOOOOOOT;100;0;671;8
[RECV] BSF66F notify: TR;3;14426;f;0;ff;7f;1829,3847,3961,2134,2181,3752,3950,0;1829,3847,3961,2134,2181,3752,3950,1963;100,100,100,100,100,100,100,43;OOOOOOOT;100;0;671;8
[RECV] BSF66F notify: TR;3;14427;f;0;ff;fd;1904,0,3951,2193,2227,3847,3912,1898;1904,3847,3951,2193,2227,3847,3912,1898;100,95,100,100,100,100,100,45;OTOOOOOO;92;0;671;8
[RECV] BSF66F notify: TR;3;14428;f;0;ff;ff;1815,3813,3963,1949,2232,3868,3896,1946;1815,3813,3963,1949,2232,3868,3896,1946;100,96,100,100,100,100,100,48;OOOOOOOO;93;0;701;8
[RECV] BSF66F notify: TR;3;14429;f;0;ff;7f;1836,3796,3999,1864,2289,3842,3929,0;1836,3796,3999,1864,2289,3842,3929,1946;100,96,100,100,100,100,100,46;OOOOOOOT;99;0;671;8
[RECV] BSF66F notify: TR;3;14430;f;0;ff;ff;1813,3799,3958,2116,2200,3869,3934,1938;1813,3799,3958,2116,2200,3869,3934,1938;100,96,100,100,100,100,100,48;OOOOOOOO;93;0;701;8
[RECV] BSF66F notify: TR;3;14431;f;0;ff;7f;1845,3840,3999,2113,2192,3836,3882,0;1845,3840,3999,2113,2192,3836,3882,1938;100,96,100,100,100,100,100,46;OOOOOOOT;99;0;671;8
[RECV] BSF66F notify: TR;3;14432;f;0;ff;7f;1892,3801,3948,2072,2178,3849,3916,0;1892,3801,3948,2072,2178,3849,3916,1938;100,96,100,100,100,100,100,44;OOOOOOOT;99;0;671;8
[RECV] BSF66F notify: RXG;1;14432;tag=1;mask=0xff;pc=8;guard=1200;spacing=1000;win=8165;pre=1;slot_to_entry_us=0;slot_to_sched_us=0;slot_to_write_done_us=0;slot_to_txcmd_us=274;slot_to_txdone_us=671;txcmd_to_txdone_us=396;txdone_to_rxstart_us=122;txdone_to_rxend_us=244;rxenabl
[RECV] BSF66F notify: CD;1;14432;tag=1;local=0xb101;status=0x00806f02;rxf=0x07c6c814;win=8165;pc=8;mask=0xff;resp=7;unexp=0;last_len=20;last_src=0xa107;last_dst=0xb101;last_code=0xe
[RECV] BSF66F notify: TR;3;14433;f;0;ff;fd;1886,0,3986,1960,2225,3839,3994,1977;1886,3801,3986,1960,2225,3839,3994,1977;100,93,100,100,100,100,100,46;OTOOOOOO;92;0;44250;8
[RECV] BSF66F notify: TR;3;14434;f;0;ff;7f;1830,3839,3961,1887,2203,3794,3886,0;1830,3839,3961,1887,2203,3794,3886,1977;100,93,100,100,100,100,100,45;OOOOOOOT;99;0;640;8
[RECV] BSF66F notify: TR;3;14435;f;0;ff;7f;1826,3815,3984,1940,2299,3787,3884,0;1826,3815,3984,1940,2299,3787,3884,1977;100,93,100,100,100,100,100,43;OOOOOOOT;99;0;671;8
[RECV] BSF66F notify: TR;3;14436;f;0;ff;ff;1816,3866,4017,2173,2211,3802,3899,1909;1816,3866,4017,2173,2211,3802,3899,1909;100,94,100,100,100,100,100,47;OOOOOOOO;92;0;701;8
[RECV] BSF66F notify: TR;3;14437;f;0;ff;7f;1844,3864,3969,2158,2219,3815,3932,0;1844,3864,3969,2158,2219,3815,3932,1909;100,94,100,100,100,100,100,44;OOOOOOOT;99;0;671;8
[RECV] BSF66F notify: TR;3;14438;f;0;ff;7f;1830,3816,3992,1990,2212,3776,3858,0;1830,3816,3992,1990,2212,3776,3858,1909;100,94,100,100,100,100,100,42;OOOOOOOT;99;0;671;8
[RECV] BSF66F notify: TR;3;14439;f;0;ff;ff;1856,3735,3978,1983,2213,3771,3846,1985;1856,3735,3978,1983,2213,3771,3846,1985;100,95,100,100,100,100,100,45;OOOOOOOO;92;0;701;8
[RECV] BSF66F notify: TR;3;14440;f;0;ff;7f;1834,3840,3974,1900,2251,3851,3852,0;1834,3840,3974,1900,2251,3851,3852,1985;100,95,100,100,100,100,100,42;OOOOOOOT;99;0;640;8
[RECV] BSF66F notify: TR;3;14441;f;0;ff;7f;1824,3803,3954,2063,2222,3744,3923,0;1824,3803,3954,2063,2222,3744,3923,1985;100,95,100,100,100,100,100,40;OOOOOOOT;99;0;671;8
[RECV] BSF66F notify: TR;3;14442;f;0;ff;ff;1826,3817,3983,2007,2197,3741,3875,1977;1826,3817,3983,2007,2197,3741,3875,1977;100,95,100,100,100,100,100,43;OOOOOOOO;92;0;671;8
[RECV] BSF66F notify: RXG;1;14442;tag=1;mask=0xff;pc=8;guard=1200;spacing=1000;win=8165;pre=1;slot_to_entry_us=0;slot_to_sched_us=0;slot_to_write_done_us=0;slot_to_txcmd_us=274;slot_to_txdone_us=610;txcmd_to_txdone_us=335;txdone_to_rxstart_us=61;txdone_to_rxend_us=183;rxenable
[RECV] BSF66F notify: CD;1;14442;tag=1;local=0xb101;status=0x00800f02;rxf=0x0766c814;win=8165;pc=8;mask=0xff;resp=7;unexp=0;last_len=20;last_src=0xa106;last_dst=0xb101;last_code=0xe
[RECV] BSF66F notify: TR;3;14443;f;0;ff;7f;1824,3812,3929,1925,2285,3875,3826,0;1824,3812,3929,1925,2285,3875,3826,1977;100,95,100,100,100,100,100,41;OOOOOOOT;99;0;43884;8
[RECV] BSF66F notify: TR;3;14444;f;0;ff;7f;1893,3854,3999,1996,2219,3851,3863,0;1893,3854,3999,1996,2219,3851,3863,1977;100,96,100,100,100,100,100,40;OOOOOOOT;99;0;671;8
[RECV] BSF66F notify: TR;3;14445;f;0;ff;ff;1924,3849,4011,2016,2240,3921,3868,1967;1924,3849,4011,2016,2240,3921,3868,1967;100,96,100,100,100,100,100,42;OOOOOOOO;92;0;671;8
[RECV] BSF66F notify: TR;3;14446;f;0;ff;ff;1873,3848,3975,2115,2249,3880,3558,1970;1873,3848,3975,2115,2249,3880,3558,1970;100,96,100,100,100,100,100,44;OOOOOOOO;92;0;671;8
[RECV] BSF66F notify: TR;3;14447;f;0;ff;7f;1816,3819,3987,2190,2213,3877,3888,0;1816,3819,3987,2190,2213,3877,3888,1970;100,96,100,100,100,100,100,42;OOOOOOOT;99;0;671;8
[RECV] BSF66F notify: TR;3;14448;f;0;ff;ff;1790,3803,3996,2009,2203,3849,3916,1999;1790,3803,3996,2009,2203,3849,3916,1999;100,96,100,100,100,100,100,44;OOOOOOOO;92;0;671;8
[RECV] BSF66F notify: TR;3;14449;f;0;ff;7f;1887,3857,4003,2054,2244,3821,3893,0;1887,3857,4003,2054,2244,3821,3893,1999;100,96,100,100,100,100,100,43;OOOOOOOT;99;0;640;8
[RECV] BSF66F notify: TR;3;14450;f;0;ff;7f;1875,3836,3982,2036,2259,3794,3917,0;1875,3836,3982,2036,2259,3794,3917,1999;100,96,100,100,100,100,100,41;OOOOOOOT;99;0;671;8
[RECV] BSF66F notify: TR;3;14451;f;0;ff;ff;1817,3867,3960,2111,2217,3741,3915,1995;1817,3867,3960,2111,2217,3741,3915,1995;100,96,100,100,100,100,100,43;OOOOOOOO;92;0;701;8
[RECV] BSF66F notify: TR;3;14452;f;0;ff;7f;1896,3822,4031,2097,2243,3804,3930,0;1896,3822,4031,2097,2243,3804,3930,1995;100,100,100,100,100,100,100,41;OOOOOOOT;100;0;640;8
[RECV] BSF66F notify: RXG;1;14452;tag=1;mask=0xff;pc=8;guard=1200;spacing=1000;win=8165;pre=1;slot_to_entry_us=0;slot_to_sched_us=0;slot_to_write_done_us=0;slot_to_txcmd_us=274;slot_to_txdone_us=610;txcmd_to_txdone_us=335;txdone_to_rxstart_us=61;txdone_to_rxend_us=183;rxenable
[RECV] BSF66F notify: CD;1;14452;tag=1;local=0xb101;status=0x00800f02;rxf=0x0756c814;win=8165;pc=8;mask=0xff;resp=7;unexp=0;last_len=20;last_src=0xa106;last_dst=0xb101;last_code=0xe
[RECV] BSF66F notify: TR;3;14453;f;0;ff;7f;1873,3873,4001,2045,2266,3834,3953,0;1873,3873,4001,2045,2266,3834,3953,1995;100,100,100,100,100,100,100,38;OOOOOOOT;100;0;44616;8
[RECV] BSF66F notify: TR;3;14454;f;0;ff;ff;1911,3828,4005,1954,2283,3859,3921,1974;1911,3828,4005,1954,2283,3859,3921,1974;100,100,100,100,100,100,100,42;OOOOOOOO;92;0;671;8
[RECV] BSF66F notify: TR;3;14455;f;0;ff;7f;1835,3826,4011,2010,2242,3777,3898,0;1835,3826,4011,2010,2242,3777,3898,1974;100,100,100,100,100,100,100,40;OOOOOOOT;100;0;640;8
[RECV] BSF66F notify: TR;3;14456;f;0;ff;7f;1908,3833,4008,2201,2195,3772,3917,0;1908,3833,4008,2201,2195,3772,3917,1974;100,100,100,100,100,100,100,38;OOOOOOOT;100;0;671;8
[RECV] BSF66F notify: TR;3;14458;f;0;ff;7f;1845,3856,4011,2101,2204,3852,3920,0;1845,3856,4011,2101,2204,3852,3920,1974;100,100,100,100,100,100,100,39;OOOOOOOT;100;0;671;8
[RECV] BSF66F notify: TR;3;14459;f;0;ff;7f;1877,3824,3937,1994,2237,3820,3913,0;1877,3824,3937,1994,2237,3820,3913,1974;100,100,100,100,100,100,100,37;OOOOOOOT;100;0;671;8
[RECV] BSF66F notify: TR;3;14460;f;0;ff;ff;1816,3828,3996,1933,2217,3761,3908,1923;1816,3828,3996,1933,2217,3761,3908,1923;100,100,100,100,100,100,100,40;OOOOOOOO;92;0;671;8
[RECV] BSF66F notify: TR;3;14461;f;0;ff;7f;1841,3835,3926,1992,2198,3754,3921,0;1841,3835,3926,1992,2198,3754,3921,1923;100,100,100,100,100,100,100,38;OOOOOOOT;100;0;671;8
[RECV] BSF66F notify: TR;3;14462;f;0;ff;7f;1839,3810,3941,2181,2206,3768,3848,0;1839,3810,3941,2181,2206,3768,3848,1923;100,100,100,100,100,100,100,37;OOOOOOOT;100;0;671;8
[RECV] BSF66F notify: RXG;1;14462;tag=1;mask=0xff;pc=8;guard=1200;spacing=1000;win=8165;pre=1;slot_to_entry_us=0;slot_to_sched_us=0;slot_to_write_done_us=0;slot_to_txcmd_us=274;slot_to_txdone_us=671;txcmd_to_txdone_us=396;txdone_to_rxstart_us=61;txdone_to_rxend_us=183;rxenable
[RECV] BSF66F notify: CD;1;14462;tag=1;local=0xb101;status=0x00806f02;rxf=0x07d6c814;win=8165;pc=8;mask=0xff;resp=8;unexp=0;last_len=20;last_src=0xa107;last_dst=0xb101;last_code=0xe
[RECV] BSF66F notify: TR;3;14463;f;0;ff;ff;1858,3833,3979,1922,2240,3758,3898,1954;1858,3833,3979,1922,2240,3758,3898,1954;100,100,100,100,100,100,100,39;OOOOOOOO;92;0;44403;8
[RECV] BSF66F notify: TR;3;14464;f;0;ff;fd;1839,0,3988,1907,2263,3820,3941,1939;1839,3833,3988,1907,2263,3820,3941,1939;100,96,100,100,100,100,100,41;OTOOOOOO;91;0;671;8
[RECV] BSF66F notify: TR;3;14465;f;0;ff;7f;1847,3838,4001,1885,2198,3769,3943,0;1847,3838,4001,1885,2198,3769,3943,1939;100,96,100,100,100,100,100,40;OOOOOOOT;99;0;671;8
[RECV] BSF66F notify: TR;3;14466;f;0;ff;ff;1856,3848,3939,2167,2201,3770,3894,2011;1856,3848,3939,2167,2201,3770,3894,2011;100,96,100,100,100,100,100,41;OOOOOOOO;92;0;671;8
[RECV] BSF66F notify: TR;3;14467;f;0;ff;7f;1815,3856,3983,2116,2200,3800,3939,0;1815,3856,3983,2116,2200,3800,3939,2011;100,96,100,100,100,100,100,40;OOOOOOOT;99;0;640;8
[RECV] BSF66F notify: TR;3;14468;f;0;ff;7f;1845,3846,4031,2033,2247,3761,3875,0;1845,3846,4031,2033,2247,3761,3875,2011;100,100,100,100,100,100,100,41;OOOOOOOT;100;0;671;8
[RECV] BSF66F notify: TR;3;14469;f;0;ff;ff;1827,3838,3944,1895,2214,3746,3926,2018;1827,3838,3944,1895,2214,3746,3926,2018;100,100,100,100,100,100,100,44;OOOOOOOO;93;0;701;8
[RECV] BSF66F notify: TR;3;14470;f;0;ff;7f;1848,3829,3983,1937,2238,3817,3914,0;1848,3829,3983,1937,2238,3817,3914,2018;100,100,100,100,100,100,100,42;OOOOOOOT;100;0;671;8
[RECV] BSF66F notify: TR;3;14471;f;0;ff;7f;1847,3817,3998,2116,2226,3823,3901,0;1847,3817,3998,2116,2226,3823,3901,2018;100,100,100,100,100,100,100,40;OOOOOOOT;100;0;671;8
[RECV] BSF66F notify: TR;3;14472;f;0;ff;ff;1836,3824,3979,2133,2209,3750,3923,2022;1836,3824,3979,2133,2209,3750,3923,2022;100,100,100,100,100,100,100,42;OOOOOOOO;92;0;671;8
[RECV] BSF66F notify: RXG;1;14472;tag=1;mask=0xff;pc=8;guard=1200;spacing=1000;win=8165;pre=1;slot_to_entry_us=0;slot_to_sched_us=0;slot_to_write_done_us=0;slot_to_txcmd_us=274;slot_to_txdone_us=610;txcmd_to_txdone_us=335;txdone_to_rxstart_us=61;txdone_to_rxend_us=183;rxenable
[RECV] BSF66F notify: CD;1;14472;tag=1;local=0xb101;status=0x00800b02;rxf=0x0776c814;win=8165;pc=8;mask=0xff;resp=7;unexp=0;last_len=20;last_src=0xa106;last_dst=0xb101;last_code=0xe
[RECV] BSF66F notify: TR;3;14473;f;0;ff;7f;1851,3826,3964,1909,2236,3805,3845,0;1851,3826,3964,1909,2236,3805,3845,2022;100,100,100,100,100,100,100,40;OOOOOOOT;100;0;44647;8
[RECV] BSF66F notify: TR;3;14474;f;0;ff;7f;1894,3847,3963,1970,2256,3795,3906,0;1894,3847,3963,1970,2256,3795,3906,2022;100,100,100,100,100,100,100,39;OOOOOOOT;100;0;671;8
[RECV] BSF66F notify: TR;3;14475;f;0;ff;ff;1873,3798,3975,1981,2313,3755,3836,1895;1873,3798,3975,1981,2313,3755,3836,1895;100,100,100,100,100,100,100,41;OOOOOOOO;92;0;701;8
[RECV] BSF66F notify: TR;3;14476;f;0;ff;ff;1827,3833,3987,2179,2173,3788,3883,2000;1827,3833,3987,2179,2173,3788,3883,2000;100,100,100,100,100,100,100,44;OOOOOOOO;93;0;671;8
[RECV] BSF66F notify: TR;3;14477;f;0;ff;ff;1826,3818,3963,2017,2266,3835,3824,1938;1826,3818,3963,2017,2266,3835,3824,1938;100,100,100,100,100,100,100,46;OOOOOOOO;93;0;671;8
[RECV] BSF66F notify: TR;3;14478;f;0;ff;ff;1850,3845,3961,1939,2204,3826,3819,1926;1850,3845,3961,1939,2204,3826,3819,1926;100,100,100,100,100,100,100,48;OOOOOOOO;93;0;701;8
[RECV] BSF66F notify: TR;3;14479;f;0;ff;7f;1865,3827,3988,2035,2208,3776,3863,0;1865,3827,3988,2035,2208,3776,3863,1926;100,100,100,100,100,100,100,46;OOOOOOOT;100;0;671;8
[RECV] BSF66F notify: TR;3;14480;f;0;ff;7f;1878,3851,4021,2135,2233,3804,3954,0;1878,3851,4021,2135,2233,3804,3954,1926;100,100,100,100,100,100,100,44;OOOOOOOT;100;0;671;8
[RECV] BSF66F notify: TR;3;14481;f;0;ff;ff;1898,3857,4008,2093,2230,3778,3863,2010;1898,3857,4008,2093,2230,3778,3863,2010;100,100,100,100,100,100,100,46;OOOOOOOO;93;0;671;8
[RECV] BSF66F notify: TR;3;14482;f;0;ff;7f;1884,3835,3964,2088,2229,3827,3869,0;1884,3835,3964,2088,2229,3827,3869,2010;100,100,100,100,100,100,100,45;OOOOOOOT;100;0;671;8
[RECV] BSF66F notify: RXG;1;14482;tag=1;mask=0xff;pc=8;guard=1200;spacing=1000;win=8165;pre=1;slot_to_entry_us=0;slot_to_sched_us=0;slot_to_write_done_us=0;slot_to_txcmd_us=274;slot_to_txdone_us=610;txcmd_to_txdone_us=335;txdone_to_rxstart_us=61;txdone_to_rxend_us=183;rxenable
[RECV] BSF66F notify: CD;1;14482;tag=1;local=0xb101;status=0x00806f02;rxf=0x07a6c814;win=8165;pc=8;mask=0xff;resp=8;unexp=0;last_len=20;last_src=0xa107;last_dst=0xb101;last_code=0xe
[RECV] BSF66F notify: TR;3;14483;f;0;ff;ff;1870,3849,3957,1905,2258,3847,3876,1989;1870,3849,3957,1905,2258,3847,3876,1989;100,100,100,100,100,100,100,46;OOOOOOOO;93;0;44067;8
[RECV] BSF66F notify: TR;3;14484;f;0;ff;ff;1829,3841,3995,2030,2247,3839,3869,1981;1829,3841,3995,2030,2247,3839,3869,1981;100,100,100,100,100,100,100,52;OOOOOOOO;94;0;671;8
[RECV] BSF66F notify: TR;3;14485;f;0;ff;7f;1798,3824,3951,1977,2212,3885,3851,0;1798,3824,3951,1977,2212,3885,3851,1981;100,100,100,100,100,100,100,50;OOOOOOOT;100;0;640;8
[RECV] BSF66F notify: TR;3;14486;f;0;ff;ff;1824,3816,3939,2178,2284,3852,3913,2018;1824,3816,3939,2178,2284,3852,3913,2018;100,100,100,100,100,100,100,52;OOOOOOOO;94;0;671;8
[RECV] BSF66F notify: TR;3;14487;f;0;ff;ff;1842,3832,3958,2172,2197,3820,3892,1967;1842,3832,3958,2172,2197,3820,3892,1967;100,100,100,100,100,100,100,55;OOOOOOOO;94;0;671;8
[RECV] BSF66F notify: TR;3;14488;f;0;ff;7f;1849,3830,4009,2001,2200,3865,3799,0;1849,3830,4009,2001,2200,3865,3799,1967;100,100,100,100,100,100,100,52;OOOOOOOT;100;0;671;8
[RECV] BSF66F notify: TR;3;14489;f;0;ff;7f;1865,3788,3919,2063,2200,3816,3894,0;1865,3788,3919,2063,2200,3816,3894,1967;100,100,100,100,100,100,100,50;OOOOOOOT;100;0;671;8
[RECV] BSF66F notify: TR;3;14490;f;0;ff;ff;1876,3827,3939,2051,2211,3792,3919,1951;1876,3827,3939,2051,2211,3792,3919,1951;100,100,100,100,100,100,100,52;OOOOOOOO;94;0;1098;8
[RECV] BSF66F notify: TR;3;14491;f;0;ff;7f;1833,3788,3942,2134,2214,3783,3876,0;1833,3788,3942,2134,2214,3783,3876,1951;100,100,100,100,100,100,100,50;OOOOOOOT;100;0;671;8
[RECV] BSF66F notify: TR;3;14492;f;0;ff;7f;1829,3858,3943,2187,2244,3792,3899,0;1829,3858,3943,2187,2244,3792,3899,1951;100,100,100,100,100,100,100,48;OOOOOOOT;100;0;671;8
[RECV] BSF66F notify: RXG;1;14492;tag=1;mask=0xff;pc=8;guard=1200;spacing=1000;win=8165;pre=1;slot_to_entry_us=0;slot_to_sched_us=0;slot_to_write_done_us=0;slot_to_txcmd_us=274;slot_to_txdone_us=610;txcmd_to_txdone_us=335;txdone_to_rxstart_us=122;txdone_to_rxend_us=244;rxenabl
[RECV] BSF66F notify: CD;1;14492;tag=1;local=0xb101;status=0x00806f02;rxf=0x0766c814;win=8165;pc=8;mask=0xff;resp=8;unexp=0;last_len=20;last_src=0xa107;last_dst=0xb101;last_code=0xe
[RECV] BSF66F notify: TR;3;14493;f;0;ff;ff;1840,3853,3974,2106,2190,3790,3906,2021;1840,3853,3974,2106,2190,3790,3906,2021;100,100,100,100,100,100,100,50;OOOOOOOO;93;0;44128;8
[RECV] BSF66F notify: TR;3;14494;f;0;ff;7f;1825,3823,3957,1993,2227,3820,3904,0;1825,3823,3957,1993,2227,3820,3904,2021;100,100,100,100,100,100,100,48;OOOOOOOT;100;0;671;8
[RECV] BSF66F notify: TR;3;14495;f;0;ff;7f;1918,3864,3963,2016,2247,3831,3924,0;1918,3864,3963,2016,2247,3831,3924,2021;100,100,100,100,100,100,100,46;OOOOOOOT;100;0;671;8
[RECV] BSF66F notify: TR;3;14496;f;0;ff;ff;1837,3800,3944,2199,2189,3857,3892,1982;1837,3800,3944,2199,2189,3857,3892,1982;100,100,100,100,100,100,100,48;OOOOOOOO;93;0;701;8
[RECV] BSF66F notify: TR;3;14497;f;0;ff;7f;1825,3786,3985,2167,2260,3853,3863,0;1825,3786,3985,2167,2260,3853,3863,1982;100,100,100,100,100,100,100,46;OOOOOOOT;100;0;640;8
[RECV] BSF66F notify: TR;3;14498;f;0;ff;7f;1920,3850,3977,1899,2138,3824,3922,0;1920,3850,3977,1899,2138,3824,3922,1982;100,100,100,100,100,100,100,45;OOOOOOOT;100;0;671;8
[RECV] BSF66F notify: TR;3;14499;f;0;ff;ff;1818,3862,3923,2006,2221,3726,3853,1919;1818,3862,3923,2006,2221,3726,3853,1919;100,100,100,100,100,100,100,46;OOOOOOOO;93;0;701;8
[RECV] BSF66F notify: TR;3;14500;f;0;ff;ff;1903,3810,3918,2133,2280,3770,3893,2014;1903,3810,3918,2133,2280,3770,3893,2014;100,100,100,100,100,100,100,52;OOOOOOOO;94;0;671;8
[RECV] BSF66F notify: TR;3;14501;f;0;ff;7f;1842,3817,3953,2176,2222,3774,3862,0;1842,3817,3953,2176,2222,3774,3862,2014;100,100,100,100,100,100,100,50;OOOOOOOT;100;0;671;8
[RECV] BSF66F notify: TR;3;14502;f;0;ff;ff;1814,3848,3967,2220,2198,3768,3906,1918;1814,3848,3967,2220,2198,3768,3906,1918;100,100,100,100,100,100,100,52;OOOOOOOO;94;0;701;8
[RECV] BSF66F notify: RXG;1;14502;tag=1;mask=0xff;pc=8;guard=1200;spacing=1000;win=8165;pre=1;slot_to_entry_us=0;slot_to_sched_us=0;slot_to_write_done_us=0;slot_to_txcmd_us=274;slot_to_txdone_us=610;txcmd_to_txdone_us=335;txdone_to_rxstart_us=61;txdone_to_rxend_us=183;rxenable
[RECV] BSF66F notify: CD;1;14502;tag=1;local=0xb101;status=0x00800b02;rxf=0x07a6c814;win=8165;pc=8;mask=0xff;resp=7;unexp=0;last_len=20;last_src=0xa106;last_dst=0xb101;last_code=0xe
[RECV] BSF66F notify: TR;3;14503;f;0;ff;7f;1892,3822,3991,1838,2227,3774,3926,0;1892,3822,3991,1838,2227,3774,3926,1918;100,100,100,100,100,100,100,50;OOOOOOOT;100;0;43975;8
[RECV] BSF66F notify: TR;3;14504;f;0;ff;ff;1867,3856,4015,1887,2251,3844,3887,1941;1867,3856,4015,1887,2251,3844,3887,1941;100,100,100,100,100,100,100,52;OOOOOOOO;94;0;671;8
[RECV] BSF66F notify: TR;3;14505;f;0;ff;ff;1850,3837,3987,2061,2204,3837,3855,2028;1850,3837,3987,2061,2204,3837,3855,2028;100,100,100,100,100,100,100,54;OOOOOOOO;94;0;671;8
[RECV] BSF66F notify: TR;3;14506;f;0;ff;ff;1891,3829,3969,2177,2153,3804,3898,1927;1891,3829,3969,2177,2153,3804,3898,1927;100,100,100,100,100,100,100,56;OOOOOOOO;94;0;701;8
[RECV] BSF66F notify: TR;3;14507;f;0;ff;7f;1858,3834,3943,2109,2221,3783,3923,0;1858,3834,3943,2109,2221,3783,3923,1927;100,100,100,100,100,100,100,54;OOOOOOOT;100;0;671;8
[RECV] BSF66F notify: TR;3;14508;f;0;ff;ff;1817,3852,3964,1918,2210,3827,3897,1954;1817,3852,3964,1918,2210,3827,3897,1954;100,100,100,100,100,100,100,56;OOOOOOOO;94;0;701;8
[RECV] BSF66F notify: TR;3;14509;f;0;ff;7f;1816,3849,3947,1868,2213,3858,3935,0;1816,3849,3947,1868,2213,3858,3935,1954;100,100,100,100,100,100,100,53;OOOOOOOT;100;0;640;8
[RECV] BSF66F notify: TR;3;14510;f;0;ff;7f;1831,3830,4002,2076,2268,3842,3877,0;1831,3830,4002,2076,2268,3842,3877,1954;100,100,100,100,100,100,100,51;OOOOOOOT;100;0;671;8
[RECV] BSF66F notify: TR;3;14511;f;0;ff;ff;1902,3859,3987,2205,2212,3840,3885,1992;1902,3859,3987,2205,2212,3840,3885,1992;100,100,100,100,100,100,100,53;OOOOOOOO;94;0;701;8
[RECV] BSF66F notify: TR;3;14512;f;0;ff;7f;1849,3841,3963,2179,2230,3811,3945,0;1849,3841,3963,2179,2230,3811,3945,1992;100,100,100,100,100,100,100,51;OOOOOOOT;100;0;671;8
[RECV] BSF66F notify: RXG;1;14512;tag=1;mask=0xff;pc=8;guard=1200;spacing=1000;win=8165;pre=1;slot_to_entry_us=0;slot_to_sched_us=0;slot_to_write_done_us=0;slot_to_txcmd_us=274;slot_to_txdone_us=610;txcmd_to_txdone_us=335;txdone_to_rxstart_us=61;txdone_to_rxend_us=183;rxenable
[RECV] BSF66F notify: CD;1;14512;tag=1;local=0xb101;status=0x00800f02;rxf=0x0766c814;win=8165;pc=8;mask=0xff;resp=7;unexp=0;last_len=20;last_src=0xa106;last_dst=0xb101;last_code=0xe
[RECV] BSF66F notify: TR;3;14513;f;0;ff;7f;1852,3846,3978,1927,2263,3810,3933,0;1852,3846,3978,1927,2263,3810,3933,1992;100,100,100,100,100,100,100,50;OOOOOOOT;100;0;44128;8
[RECV] BSF66F notify: TR;3;14514;f;0;ff;ff;1828,3850,4032,1902,2260,3748,3904,1961;1828,3850,4032,1902,2260,3748,3904,1961;100,100,100,100,100,100,100,51;OOOOOOOO;93;0;701;8
[RECV] BSF66F notify: TR;3;14515;f;0;ff;7f;1841,3827,4006,1982,2199,3841,3939,0;1841,3827,4006,1982,2199,3841,3939,1961;100,100,100,100,100,100,100,50;OOOOOOOT;100;0;671;8
[RECV] BSF66F notify: TR;3;14516;f;0;ff;ff;1865,3823,4000,2249,2208,3882,3949,1997;1865,3823,4000,2249,2208,3882,3949,1997;100,100,100,100,100,100,100,52;OOOOOOOO;94;0;701;8
[RECV] BSF66F notify: TR;3;14517;f;0;ff;ff;1862,3812,3930,2026,2199,3737,3917,2004;1862,3812,3930,2026,2199,3737,3917,2004;100,100,100,100,100,100,100,55;OOOOOOOO;94;0;671;8
[RECV] BSF66F notify: TR;3;14518;f;0;ff;7f;1870,3860,3978,2011,2172,3693,3887,0;1870,3860,3978,2011,2172,3693,3887,2004;100,100,100,100,100,100,100,52;OOOOOOOT;100;0;671;8
[RECV] BSF66F notify: TR;3;14519;f;0;ff;ff;1901,3806,3969,1993,2228,3831,3888,1976;1901,3806,3969,1993,2228,3831,3888,1976;100,100,100,100,100,100,100,55;OOOOOOOO;94;0;701;8
[RECV] BSF66F notify: TR;3;14520;f;0;ff;ff;1869,3827,3953,2053,2205,3853,3917,2035;1869,3827,3953,2053,2205,3853,3917,2035;100,100,100,100,100,100,100,57;OOOOOOOO;94;0;1068;8
[RECV] BSF66F notify: TR;3;14521;f;0;ff;7f;1890,3848,3959,2224,2214,3821,3881,0;1890,3848,3959,2224,2214,3821,3881,2035;100,100,100,100,100,100,100,54;OOOOOOOT;100;0;671;8
[RECV] BSF66F notify: TR;3;14522;f;0;ff;7f;1827,3852,3962,2180,2265,3818,3931,0;1827,3852,3962,2180,2265,3818,3931,2035;100,100,100,100,100,100,100,52;OOOOOOOT;100;0;671;8
[RECV] BSF66F notify: RXG;1;14522;tag=1;mask=0xff;pc=8;guard=1200;spacing=1000;win=8165;pre=1;slot_to_entry_us=0;slot_to_sched_us=0;slot_to_write_done_us=0;slot_to_txcmd_us=274;slot_to_txdone_us=610;txcmd_to_txdone_us=335;txdone_to_rxstart_us=61;txdone_to_rxend_us=244;rxenable
[RECV] BSF66F notify: TR;3;14524;f;0;ff;7f;1844,3821,4005,2050,2234,3760,3884,0;1844,3821,4005,2050,2234,3760,3884,1948;100,100,100,100,100,100,100,52;OOOOOOOT;100;0;671;8
[RECV] BSF66F notify: TR;3;14526;f;0;ff;ff;1822,3863,4002,2072,2195,3784,3944,2000;1822,3863,4002,2072,2195,3784,3944,2000;100,100,100,100,100,100,100,51;OOOOOOOO;93;0;701;8
[RECV] BSF66F notify: TR;3;14529;f;0;ff;7f;1842,3804,3973,2024,2285,3807,3886,0;1842,3804,3973,2024,2285,3807,3886,2000;100,100,100,100,100,100,100,46;OOOOOOOT;100;0;640;8
[RECV] BSF66F notify: TR;3;14530;f;0;ff;ff;1927,3819,3996,2172,2235,3862,3904,1985;1927,3819,3996,2172,2235,3862,3904,1985;100,100,100,100,100,100,100,48;OOOOOOOO;93;0;671;8
[RECV] BSF66F notify: TR;3;14531;f;0;ff;7f;1858,3884,4010,2241,2235,3855,3896,0;1858,3884,4010,2241,2235,3855,3896,1985;100,100,100,100,100,100,100,46;OOOOOOOT;100;0;701;8
[RECV] BSF66F notify: TR;3;14532;f;0;ff;ff;1875,3825,3959,2192,2232,3822,3867,2056;1875,3825,3959,2192,2232,3822,3867,2056;100,100,100,100,100,100,100,52;OOOOOOOO;94;0;701;8
[RECV] BSF66F notify: RXG;1;14532;tag=1;mask=0xff;pc=8;guard=1200;spacing=1000;win=8165;pre=1;slot_to_entry_us=0;slot_to_sched_us=0;slot_to_write_done_us=0;slot_to_txcmd_us=274;slot_to_txdone_us=610;txcmd_to_txdone_us=335;txdone_to_rxstart_us=61;txdone_to_rxend_us=183;rxenable
[RECV] BSF66F notify: CD;1;14532;tag=1;local=0xb101;status=0x00800b02;rxf=0x0796c814;win=8165;pc=8;mask=0xff;resp=7;unexp=0;last_len=20;last_src=0xa106;last_dst=0xb101;last_code=0xe
[RECV] BSF66F notify: TR;3;14533;f;0;ff;7f;1879,3872,3993,2134,2213,3757,3943,0;1879,3872,3993,2134,2213,3757,3943,2056;100,100,100,100,100,100,100,50;OOOOOOOT;100;0;44189;8
[RECV] BSF66F notify: TR;3;14534;f;0;ff;7f;1857,3823,3954,1909,2237,3793,3968,0;1857,3823,3954,1909,2237,3793,3968,2056;100,100,100,100,100,100,100,47;OOOOOOOT;100;0;671;8
[RECV] BSF66F notify: TR;3;14535;f;0;ff;7f;1886,3817,3965,2046,2229,3928,3849,0;1886,3817,3965,2046,2229,3928,3849,2056;100,100,100,100,100,100,100,45;OOOOOOOT;100;0;640;8
[RECV] BSF66F notify: TR;3;14536;f;0;ff;7f;1864,3842,3935,2191,2189,3775,3917,0;1864,3842,3935,2191,2189,3775,3917,2056;100,100,100,100,100,100,100,42;OOOOOOOT;100;0;671;8
[RECV] BSF66F notify: TR;3;14540;f;0;ff;7f;1906,3839,3998,1916,2205,3807,3934,0;1906,3839,3998,1916,2205,3807,3934,1920;100,100,100,100,100,96,100,44;OOOOOOOT;99;0;701;8
[RECV] BSF66F notify: TR;3;14541;f;0;ff;7f;1917,3845,3983,2015,2220,3760,3937,0;1917,3845,3983,2015,2220,3760,3937,1920;100,100,100,100,100,96,100,42;OOOOOOOT;99;0;671;8
[RECV] BSF66F notify: TR;3;14542;f;0;ff;7f;1892,3863,3944,2167,2235,3871,3867,0;1892,3863,3944,2167,2235,3871,3867,1920;100,100,100,100,100,96,100,40;OOOOOOOT;99;0;671;8
[RECV] BSF66F notify: RXG;1;14542;tag=1;mask=0xff;pc=8;guard=1200;spacing=1000;win=8165;pre=1;slot_to_entry_us=0;slot_to_sched_us=0;slot_to_write_done_us=0;slot_to_txcmd_us=274;slot_to_txdone_us=610;txcmd_to_txdone_us=335;txdone_to_rxstart_us=61;txdone_to_rxend_us=183;rxenable
[RECV] BSF66F notify: CD;1;14542;tag=1;local=0xb101;status=0x00800f02;rxf=0x07c6c814;win=8165;pc=8;mask=0xff;resp=7;unexp=0;last_len=20;last_src=0xa106;last_dst=0xb101;last_code=0xe
[RECV] BSF66F notify: TR;3;14546;f;0;ff;7f;1872,3863,3971,2150,2240,3763,3977,0;1872,3863,3971,2150,2240,3763,3977,1959;100,100,100,100,100,96,100,38;OOOOOOOT;99;0;671;8
[RECV] BSF66F notify: TR;3;14547;f;0;ff;7f;1918,3833,3898,2049,2201,3802,3937,0;1918,3833,3898,2049,2201,3802,3937,1959;100,100,100,100,100,96,100,37;OOOOOOOT;99;0;671;8
[RECV] BSF66F notify: TR;3;14548;f;0;ff;7f;1871,3843,4032,1922,2201,3867,3887,0;1871,3843,4032,1922,2201,3867,3887,1959;100,100,100,100,100,100,100,35;OOOOOOOT;100;0;671;8
[RECV] BSF66F notify: TR;3;14549;f;0;ff;7f;1817,3818,4014,2078,2247,3866,3859,0;1817,3818,4014,2078,2247,3866,3859,1959;100,100,100,100,100,100,100,33;OOOOOOOT;100;0;671;8
[RECV] BSF66F notify: TR;3;14550;f;0;ff;7f;1888,3795,3965,1981,2226,3798,3919,0;1888,3795,3965,1981,2226,3798,3919,1959;100,100,100,100,100,100,100,31;OOOOOOOT;100;0;823;8
[RECV] BSF66F notify: TR;3;14551;f;0;ff;7f;1858,3846,3952,2106,2278,3892,3916,0;1858,3846,3952,2106,2278,3892,3916,1959;100,100,100,100,100,100,100,30;OOOOOOOT;100;0;640;8
[RECV] BSF66F notify: TR;3;14552;f;0;ff;7f;1886,3797,3962,1991,2191,3816,3912,0;1886,3797,3962,1991,2191,3816,3912,1959;100,100,100,100,100,100,100,28;OOOOOOOT;100;0;701;8
[RECV] BSF66F notify: RXG;1;14552;tag=1;mask=0xff;pc=8;guard=1200;spacing=1000;win=8165;pre=1;slot_to_entry_us=0;slot_to_sched_us=0;slot_to_write_done_us=0;slot_to_txcmd_us=274;slot_to_txdone_us=610;txcmd_to_txdone_us=335;txdone_to_rxstart_us=61;txdone_to_rxend_us=183;rxenable
[RECV] BSF66F notify: CD;1;14552;tag=1;local=0xb101;status=0x00800f02;rxf=0x07c6c814;win=8165;pc=8;mask=0xff;resp=7;unexp=0;last_len=20;last_src=0xa106;last_dst=0xb101;last_code=0xe
[RECV] BSF66F notify: TR;3;14553;f;0;ff;7f;1911,3796,3957,2015,2229,3759,3909,0;1911,3796,3957,2015,2229,3759,3909,1959;100,100,100,100,100,100,100,27;OOOOOOOT;100;0;43945;8
[RECV] BSF66F notify: TR;3;14555;f;0;ff;7f;1835,3840,3977,2144,2277,3719,3955,0;1835,3840,3977,2144,2277,3719,3955,1959;100,100,100,100,100,100,100,25;OOOOOOOT;100;0;701;8
[RECV] BSF66F notify: TR;3;14556;f;0;ff;ff;1825,3816,3966,2123,2223,3813,3956,2048;1825,3816,3966,2123,2223,3813,3956,2048;100,100,100,100,100,100,100,28;OOOOOOOO;91;0;701;8
[RECV] BSF66F notify: TR;3;14557;f;0;ff;7f;1845,3807,3958,2072,2218,3902,3917,0;1845,3807,3958,2072,2218,3902,3917,2048;100,100,100,100,100,100,100,26;OOOOOOOT;100;0;640;8
[RECV] BSF66F notify: TR;3;14558;f;0;ff;7f;1832,3849,4040,1906,2227,3802,3935,0;1832,3849,4040,1906,2227,3802,3935,2048;100,100,100,100,100,100,100,25;OOOOOOOT;100;0;671;8
[RECV] BSF66F notify: TR;3;14560;f;0;ff;ff;1817,3853,3964,1848,2197,3790,3889,1999;1817,3853,3964,1848,2197,3790,3889,1999;100,100,100,100,100,100,100,27;OOOOOOOO;90;0;671;8
[RECV] BSF66F notify: TR;3;14561;f;0;ff;ff;1822,3791,3946,2032,2238,3789,3913,1975;1822,3791,3946,2032,2238,3789,3913,1975;100,100,100,100,100,100,100,30;OOOOOOOO;91;0;671;8
[RECV] BSF66F notify: TR;3;14562;f;0;ff;7f;1808,3848,3992,2163,2216,3852,3974,0;1808,3848,3992,2163,2216,3852,3974,1975;100,100,100,100,100,100,100,29;OOOOOOOT;100;0;671;8
[RECV] BSF66F notify: RXG;1;14562;tag=1;mask=0xff;pc=8;guard=1200;spacing=1000;win=8165;pre=1;slot_to_entry_us=0;slot_to_sched_us=0;slot_to_write_done_us=0;slot_to_txcmd_us=274;slot_to_txdone_us=610;txcmd_to_txdone_us=335;txdone_to_rxstart_us=61;txdone_to_rxend_us=183;rxenable
[RECV] BSF66F notify: CD;1;14562;tag=1;local=0xb101;status=0x00800b02;rxf=0x0796c814;win=8165;pc=8;mask=0xff;resp=7;unexp=0;last_len=20;last_src=0xa106;last_dst=0xb101;last_code=0xe
[RECV] BSF66F notify: TR;3;14563;f;0;ff;7f;1889,3824,3978,1984,2191,3846,3941,0;1889,3824,3978,1984,2191,3846,3941,1975;100,100,100,100,100,100,100,28;OOOOOOOT;100;0;44006;8
[RECV] BSF66F notify: TR;3;14564;f;0;ff;7f;1878,3844,4025,2037,2263,3745,3911,0;1878,3844,4025,2037,2263,3745,3911,1975;100,100,100,100,100,100,100,29;OOOOOOOT;100;0;701;8
[RECV] BSF66F notify: TR;3;14565;f;0;ff;ff;1853,3863,3980,2023,2254,3745,3913,1962;1853,3863,3980,2023,2254,3745,3913,1962;100,100,100,100,100,100,100,33;OOOOOOOO;91;0;671;8
[RECV] BSF66F notify: TR;3;14566;f;0;ff;7f;1840,3845,3944,2101,2219,3766,3969,0;1840,3845,3944,2101,2219,3766,3969,1962;100,100,100,100,100,100,100,31;OOOOOOOT;100;0;671;8
[RECV] BSF66F notify: TR;3;14567;f;0;ff;7f;1909,3856,3974,2116,2209,3867,3942,0;1909,3856,3974,2116,2209,3867,3942,1962;100,100,100,100,100,100,100,30;OOOOOOOT;100;0;701;8
[RECV] BSF66F notify: TR;3;14568;f;0;ff;7f;1866,3798,3964,2030,2200,3870,3836,0;1866,3798,3964,2030,2200,3870,3836,1962;100,100,100,100,100,100,100,28;OOOOOOOT;100;0;671;8
[RECV] BSF66F notify: TR;3;14569;f;0;ff;7f;1879,3826,3947,1891,2247,3781,3902,0;1879,3826,3947,1891,2247,3781,3902,1962;100,100,100,100,100,100,100,27;OOOOOOOT;100;0;640;8
[RECV] BSF66F notify: TR;3;14570;f;0;ff;7f;1917,3827,3977,1891,2220,3756,3899,0;1917,3827,3977,1891,2220,3756,3899,1962;100,100,100,100,100,100,100,26;OOOOOOOT;100;0;671;8
[RECV] BSF66F notify: TR;3;14571;f;0;ff;7f;1850,3827,3979,2088,2199,3792,3949,0;1850,3827,3979,2088,2199,3792,3949,1962;100,100,100,100,100,100,100,25;OOOOOOOT;100;0;823;8
[RECV] BSF66F notify: TR;3;14572;f;0;ff;7f;1832,3827,3960,2113,2230,3743,3833,0;1832,3827,3960,2113,2230,3743,3833,1962;100,100,100,100,100,100,100,24;OOOOOOOT;100;0;671;8
[RECV] BSF66F notify: RXG;1;14572;tag=1;mask=0xff;pc=8;guard=1200;spacing=1000;win=8165;pre=1;slot_to_entry_us=0;slot_to_sched_us=0;slot_to_write_done_us=0;slot_to_txcmd_us=274;slot_to_txdone_us=610;txcmd_to_txdone_us=335;txdone_to_rxstart_us=61;txdone_to_rxend_us=183;rxenable
[RECV] BSF66F notify: CD;1;14572;tag=1;local=0xb101;status=0x00800b02;rxf=0x07a6c814;win=8165;pc=8;mask=0xff;resp=7;unexp=0;last_len=20;last_src=0xa106;last_dst=0xb101;last_code=0xe
[RECV] BSF66F notify: TR;3;14573;f;0;ff;7f;1865,3893,3984,1897,2225,3801,3913,0;1865,3893,3984,1897,2225,3801,3913,1962;100,100,100,100,100,100,100,23;OOOOOOOT;100;0;44067;8
[RECV] BSF66F notify: TR;3;14574;f;0;ff;ff;1836,3790,3987,1904,2211,3810,3881,1959;1836,3790,3987,1904,2211,3810,3881,1959;100,100,100,100,100,100,100,25;OOOOOOOO;90;0;701;8
[RECV] BSF66F notify: TR;3;14575;f;0;ff;df;1832,3846,3987,2059,2282,0,3881,1993;1832,3846,3987,2059,2282,3810,3881,1993;100,100,100,100,100,96,100,28;OOOOOTOO;89;0;1068;8
[RECV] BSF66F notify: TR;3;14576;f;0;ff;ff;1830,3835,3944,2154,2233,3884,3908,2024;1830,3835,3944,2154,2233,3884,3908,2024;100,100,100,100,100,96,100,31;OOOOOOOO;90;0;701;8
[RECV] BSF66F notify: TR;3;14577;f;0;ff;7f;1848,3838,3967,2162,2217,3790,3902,0;1848,3838,3967,2162,2217,3790,3902,2024;100,100,100,100,100,96,100,30;OOOOOOOT;99;0;671;8
[RECV] BSF66F notify: TR;3;14578;f;0;ff;ff;1892,3797,3997,1879,2219,3826,3939,1903;1892,3797,3997,1879,2219,3826,3939,1903;100,100,100,100,100,96,100,32;OOOOOOOO;91;0;671;8
[RECV] BSF66F notify: TR;3;14579;f;0;ff;7f;1833,3823,3994,1915,2184,3877,3924,0;1833,3823,3994,1915,2184,3877,3924,1903;100,100,100,100,100,96,100,31;OOOOOOOT;99;0;701;8
[RECV] BSF66F notify: TR;3;14580;f;0;ff;7f;1843,3827,3987,2050,2254,3827,3904,0;1843,3827,3987,2050,2254,3827,3904,1903;100,100,100,100,100,100,100,29;OOOOOOOT;100;0;671;8
[RECV] BSF66F notify: TR;3;14581;f;0;ff;7f;1824,3853,3949,2178,2255,3742,3901,0;1824,3853,3949,2178,2255,3742,3901,1903;100,100,100,100,100,100,100,27;OOOOOOOT;100;0;671;8
[RECV] BSF66F notify: TR;3;14582;f;0;ff;7f;1883,3853,3970,2031,2189,3809,3834,0;1883,3853,3970,2031,2189,3809,3834,1903;100,100,100,100,100,100,100,26;OOOOOOOT;100;0;671;8
[RECV] BSF66F notify: RXG;1;14582;tag=1;mask=0xff;pc=8;guard=1200;spacing=1000;win=8165;pre=1;slot_to_entry_us=0;slot_to_sched_us=0;slot_to_write_done_us=0;slot_to_txcmd_us=274;slot_to_txdone_us=610;txcmd_to_txdone_us=335;txdone_to_rxstart_us=61;txdone_to_rxend_us=183;rxenable
[RECV] BSF66F notify: CD;1;14582;tag=1;local=0xb101;status=0x00800102;rxf=0x0766c814;win=8165;pc=8;mask=0xff;resp=7;unexp=0;last_len=20;last_src=0xa106;last_dst=0xb101;last_code=0xe
[RECV] BSF66F notify: TR;3;14583;f;0;ff;7f;1816,3830,3981,1963,2158,3784,3887,0;1816,3830,3981,1963,2158,3784,3887,1903;100,100,100,100,100,100,100,25;OOOOOOOT;100;0;43792;8
[RECV] BSF66F notify: TR;3;14584;f;0;ff;7f;1878,3864,3983,2119,2279,3895,3871,0;1878,3864,3983,2119,2279,3895,3871,1903;100,100,100,100,100,100,100,23;OOOOOOOT;100;0;640;8
[RECV] BSF66F notify: TR;3;14588;f;0;ff;7f;1919,3868,3939,1986,2232,3829,3939,0;1919,3868,3939,1986,2232,3829,3939,1903;100,100,100,100,100,100,100,20;OOOOOOOT;100;0;701;8
[RECV] BSF66F notify: TR;3;14589;f;0;ff;7f;1807,3809,3962,1932,2233,3860,3859,0;1807,3809,3962,1932,2233,3860,3859,1903;100,100,100,100,100,100,100,19;OOOOOOOT;100;0;671;8
[RECV] BSF66F notify: TR;3;14590;f;0;ff;7f;1888,3837,4001,1973,2245,3812,3884,0;1888,3837,4001,1973,2245,3812,3884,1903;100,100,100,100,100,100,100,18;OOOOOOOT;100;0;671;8
[RECV] BSF66F notify: TR;3;14591;f;0;ff;ff;1818,3781,3993,2052,2212,3801,3910,1945;1818,3781,3993,2052,2212,3801,3910,1945;100,100,100,100,100,100,100,21;OOOOOOOO;90;0;701;8
[RECV] BSF66F notify: TR;3;14592;f;0;ff;7f;1910,3826,3938,2095,2247,3765,3879,0;1910,3826,3938,2095,2247,3765,3879,1945;100,100,100,100,100,100,100,20;OOOOOOOT;100;0;671;8
[RECV] BSF66F notify: RXG;1;14592;tag=1;mask=0xff;pc=8;guard=1200;spacing=1000;win=8165;pre=1;slot_to_entry_us=0;slot_to_sched_us=0;slot_to_write_done_us=0;slot_to_txcmd_us=274;slot_to_txdone_us=610;txcmd_to_txdone_us=335;txdone_to_rxstart_us=61;txdone_to_rxend_us=183;rxenable
[RECV] BSF66F notify: CD;1;14592;tag=1;local=0xb101;status=0x00800f02;rxf=0x0776c814;win=8165;pc=8;mask=0xff;resp=7;unexp=0;last_len=20;last_src=0xa106;last_dst=0xb101;last_code=0xe
[RECV] BSF66F notify: TR;3;14593;f;0;ff;7f;1863,3850,3965,2027,2237,3869,3915,0;1863,3850,3965,2027,2237,3869,3915,1945;100,100,100,100,100,100,100,20;OOOOOOOT;100;0;44158;8
[RECV] BSF66F notify: TR;3;14594;f;0;ff;7f;1845,3817,4021,1960,2246,3897,3897,0;1845,3817,4021,1960,2246,3897,3897,1945;100,100,100,100,100,100,100,19;OOOOOOOT;100;0;671;8
[RECV] BSF66F notify: TR;3;14595;f;0;ff;7f;1889,3823,3981,1941,2343,3741,3922,0;1889,3823,3981,1941,2343,3741,3922,1945;100,100,100,100,100,100,100,18;OOOOOOOT;100;0;793;8
[RECV] BSF66F notify: TR;3;14596;f;0;ff;7f;1848,3759,3984,2146,2247,3914,3907,0;1848,3759,3984,2146,2247,3914,3907,1945;100,100,100,100,100,100,100,17;OOOOOOOT;100;0;671;8
[[
[HOST_CLEANUP 454188.270] stop all tag ranging via cmd_all MODE AOTA
[HOST_CMD 454188.270] cmd_all MODE AOTA
RECV] BSF66F notify: TR;3;14597;f;0;ff;ff;1818,3850,3952,2190,2217,3809,3881,2027;1818,3850,3952,2190,2217,3809,3881,2027;100,100,100,100,100,100,100,22;OOOOOOOO;90;0;671;8
[RECV] BLE cmd_all sent[0]: MODE AOTA
[RECV] cmd_all rc=1 payload=MODE AOTA
[RECV] BSF66F notify: TR;3;14598;f;0;ff;7f;1821,3818,4025,2003,2245,3813,3864,0;1821,3818,4025,2003,2245,3813,3864,2027;100,100,100,100,100,100,100,21;OOOOOOOT;100;0;823;8
[RECV] BSF66F notify: TR;3;14599;f;0;ff;7f;1848,3833,3977,1987,2235,3828,3950,0;1848,3833,3977,1987,2235,3828,3950,2027;100,100,100,100,100,100,100,20;OOOOOOOT;100;0;640;8
[RECV] BSF66F notify: TR;3;14600;f;0;ff;7f;1831,3820,3958,1884,2263,3875,3937,0;1831,3820,3958,1884,2263,3875,3937,2027;100,100,100,100,100,100,100,19;OOOOOOOT;100;0;701;8
[RECV] BSF66F notify: TR;3;14601;f;0;ff;ff;1840,3856,3972,2001,2208,3758,3949,2024;1840,3856,3972,2001,2208,3758,3949,2024;100,100,100,100,100,100,100,22;OOOOOOOO;90;0;671;8
[RECV] BSF66F notify: TR;3;14602;f;0;ff;ff;1840,3826,3974,2044,2168,3844,3843,2003;1840,3826,3974,2044,2168,3844,3843,2003;100,100,100,100,100,100,100,26;OOOOOOOO;90;0;671;8
[RECV] BSF66F notify: RXG;1;14602;tag=1;mask=0xff;pc=8;guard=1200;spacing=1000;win=8165;pre=1;slot_to_entry_us=0;slot_to_sched_us=0;slot_to_write_done_us=0;slot_to_txcmd_us=274;slot_to_txdone_us=610;txcmd_to_txdone_us=335;txdone_to_rxstart_us=61;txdone_to_rxend_us=183;rxenable
[RECV] BSF66F notify: CD;1;14602;tag=1;local=0xb101;status=0x00806f02;rxf=0x07c6c814;win=8165;pc=8;mask=0xff;resp=8;unexp=0;last_len=20;last_src=0xa107;last_dst=0xb101;last_code=0xe
[RECV] BSF66F notify: TR;3;14606;f;0;ff;7f;1836,3834,3979,2171,2206,3856,3925,0;1836,3834,3979,2171,2206,3856,3925,1937;100,100,100,100,100,100,100,25;OOOOOOOT;100;0;671;8
[RECV] BSF66F notify: TR;3;14608;f;0;ff;7f;1898,3830,3947,2036,2244,3808,3870,0;1898,3830,3947,2036,2244,3808,3870,1937;100,100,100,100,100,100,100,24;OOOOOOOT;100;0;640;8
[RECV] BSF66F notify: TR;3;14611;f;0;ff;7f;1841,3843,3956,2088,2234,3749,3939,0;1841,3843,3956,2088,2234,3749,3939,1940;100,100,100,100,100,100,100,25;OOOOOOOT;100;0;671;8
[RECV] BSF66F notify: RXG;1;14612;tag=1;mask=0xff;pc=8;guard=1200;spacing=1000;win=8165;pre=1;slot_to_entry_us=0;slot_to_sched_us=0;slot_to_write_done_us=0;slot_to_txcmd_us=274;slot_to_txdone_us=610;txcmd_to_txdone_us=335;txdone_to_rxstart_us=61;txdone_to_rxend_us=183;rxenable
[RECV] BSF66F notify: TR;3;14618;f;0;ff;7f;1851,3821,3962,2031,2252,3801,3896,0;1851,3821,3962,2031,2252,3801,3896,1988;100,100,100,100,100,95,100,26;OOOOOOOT;99;0;671;8
[RECV] BSF66F notify: TR;3;14619;f;0;ff;ff;1853,3824,3960,1957,2285,3774,3970,1896;1853,3824,3960,1957,2285,3774,3970,1896;100,100,100,100,100,95,100,29;OOOOOOOO;90;0;671;8
[RECV] BSF66F notify: TR;3;14620;f;0;ff;7f;1868,3804,3998,2071,2251,3913,3973,0;1868,3804,3998,2071,2251,3913,3973,1896;100,100,100,100,100,96,100,28;OOOOOOOT;99;0;640;8
[RECV] BSF66F notify: TR;3;14621;f;0;ff;7f;1912,3824,3982,2076,2200,3801,3839,0;1912,3824,3982,2076,2200,3801,3839,1896;100,100,100,100,100,96,100,26;OOOOOOOT;99;0;671;8
[RECV] BSF66F notify: TR;3;14625;f;0;ff;ff;1850,3840,3984,1946,2198,3801,3936,1974;1850,3840,3984,1946,2198,3801,3936,1974;100,100,100,100,100,96,100,30;OOOOOOOO;90;0;671;8
[RECV] BSF66F notify: TR;3;14626;f;0;ff;7f;1862,3793,3942,2200,2221,3872,3905,0;1862,3793,3942,2200,2221,3872,3905,1974;100,100,100,100,100,96,100,29;OOOOOOOT;99;0;640;8
[RECV] BSF66F notify: TR;3;14627;f;0;ff;7f;1824,3825,3934,2023,2235,3814,3937,0;1824,3825,3934,2023,2235,3814,3937,1974;100,100,100,100,100,96,100,28;OOOOOOOT;99;0;701;8
[RECV] BSF66F notify: MODE_OK MODE=AOTA LIVE=1
[RECV] BSF66F notify: TR;3;14629;f;0;ff;7f;1826,3849,3963,1984,2195,3827,3907,0;1826,3849,3963,1984,2195,3827,3907,1974;100,100,100,100,100,100,100,27;OOOOOOOT;100;0;640;8
