:020000040000FA
:10000000285C0020ED1E0000B3590000D91E00003E
:10001000D91E0000D91E0000D91E000000000000FB
:10002000000000000000000000000000C91F0000E8
:10003000D91E000000000000D91E0000D91E0000DB
:100040000521000005210000052100000521000018
:100050000521000005210000052100000521000008
:1000600005210000052100000521000005210000F8
:1000700005210000052100000521000005210000E8
:1000800005210000052100000521000005210000D8
:1000900005210000052100000521000005210000C8
:1000A00005210000052100000521000005210000B8
:1000B00005210000052100000521000005210000A8
:1000C0000521000005210000052100000521000098
:1000D00005210000052100000521000053B94AB99F
:1000E000002908BF00281CBF4FF0FF314FF0FF3040
:1000F00000F00CB8ADF1080C6DE904CE00F008F882
:10010000DDF804E0DDE9022304B07047704700BF6A
:100110002DE9F04786468C460846089E15467446EB
:100120001946002B40F0C2808542B2FA82F245D9CE
:100130004AB1C2F1200300FA02FC2EFA03F3954003
:1001400043EA0C0C94404FEA154EA8B2BCFBFEF8F3
:10015000230C0EFB18CC08FB00F943EA0C4399452D
:1001600028D9EB1808F1FF3704D2994502D9A8F134
:1001700002072B44A3EB0903A4B2B3FBFEFC0EFB66
:100180001C330CFB00F044EA0344A04214D92C19A0
:100190000CF1FF3304D2A04202D9ACF102032C448B
:1001A000241A43EA07401EB1D44000233460736030
:1001B000BDE8F0874746DDE76346F1E792BB431BA6
:1001C00001214FEA154EAFB2B3FBFEFC200C0EFB33
:1001D0001C330CFB07F840EA0343984562D9EB183F
:1001E0000CF1FF3004D2984502D9ACF102002B4447
:1001F000A3EB0803A4B2B3FBFEFC0EFB1C330CFB09
:1002000007F744EA0344A7424ED92C190CF1FF33F7
:1002100004D2A74202D9ACF102032C44E41B43EA06
:100220000040C0E7C2F1200320FA03F1954090405E
:100230002EFA03F303434FEA154EAFB2B1FBFEFCB7
:100240000EFB1C10190C0CFB07F841EA0041884515
:1002500004FA02F422D969180CF1FF3004D288455F
:1002600002D9ACF102002944A1EB08019BB2B1FB19
:10027000FEFC0EFB1C110CFB07F743EA01439F42F7
:100280000ED9EB180CF1FF3104D29F4202D9ACF128
:1002900002012B44DB1B41EA004192E76046E3E7A1
:1002A0006146F7E76046A3E76346B7E7834206D9AE
:1002B00016B9002108467BE7C6E900E0F9E7B3FA82
:1002C00083F78FB9834201D3724508D8BEEB02048D
:1002D00060EB030301209C461EB9002168E7384605
:1002E000FAE7C6E9004CF8E7C7F1200CBB4022FA58
:1002F0000CF41C432EFA0CF120FA0CF3B840014325
:100300004FEA14490EFA07F5B3FBF9F81FFA84FE19
:1003100009FB18300B0C08FB0EFA43EA00439A4520
:1003200002FA07F240D9E31808F1FF3004D29A45E7
:1003300002D9A8F102002344A3EB0A0389B2B3FB5C
:10034000F9F809FB183308FB0EFE41EA03418E451C
:100350002CD9611808F1FF3304D28E4502D9A8F1D7
:100360000203214443EA0040A0FB0298A1EB0E01E6
:100370004145CE46434602D306D14D4504D2B9EBA2
:10038000020E68EB04030138002EA6D0B5EB0E0276
:1003900061EB030101FA0CFC22FA07F34CEA0303B8
:1003A000F940C6E9003198E74046C5E74346D9E73A
:1003B000F0B52E4B2E4AC3F800262E48C3F804266B
:1003C00085B0C3F808264921C3F80C26C3F81026C7
:1003D000C3F81426C3F81826C3F81C2605F05FFAE4
:1003E00000F078F801A800F027FD234B1B6883423A
:1003F00004D02248452105F052FAFEE7039A20482E
:10040000492105F04CFA1F48492105F048FA4FF4FC
:100410004041002005F0CCFC044620B11A4845219B
:1004200005F03DFAFEE769469DF8080000F030F857
:10043000009B039D1D44019B1E8902F03FFFAF19E5
:1004400001F01CF800F0F0FF01F07AFDAB5983F3E6
:10045000088884F31488BFF36F8FBFF36F8F7B68B6
:1004600098470A48452105F01AFAFEE700000140C6
:100470003546526E02780000080600201B78000006
:100480003E7800006D78000092780000C57800008A
:1004900008B5024638B105480023452105F0FFF9AB
:1004A0006FF0150008BD0860FCE700BFE8780000A9
:1004B00021B1012906D06FF015007047044B53F8A5
:1004C00030007047024B03EBC0035868704700BF11
:1004D0000875000002484FF4C05103F045BC00BF4E
:1004E000201300202DE9F04FF9B0DDE9848ADFF810
:1004F000F891869CD9F8006038A817461D4606F08A
:10050000DEFC002138A803F065FDB8F1000F07D02C
:10051000BAF1000F04DD5246414638A806F0D8FC77
:100520003B897A89D7F80CB013449B444FF00008FC
:10053000C34564D80DA938A806F009FD38A806F00F
:10054000C2FC24B120220DA9204605F083FA002325
:1005500000932A464FF6FF73394607A804F060FE61
:10056000804600285BD128460C9C00F0FDF98442AF
:1005700055D8DFF878B1DFF878A14FF0FF340DF1EE
:10058000160305AA06A907A804F098FE002846DB72
:1005900040F0A280069907A804F0DCFE50B9BDF82F
:1005A0001600544A4FF6FF7132F8023B8B4236D0A8
:1005B0009842F9D1BDF81670102F3AD0202F6DD087
:1005C000012FDCD1BDF81430202B28D8069938AA89
:1005D000284605F072F9044608BB9DF814300293D2
:1005E000202B09D8DAF80030434F0393039B9C4239
:1005F0001DA836DB06F067FC4FF0FF34BFE7839B96
:10060000829AABEB080A9A4528BF9A465346414660
:10061000284605F052F928B138A806F054FCD9F85C
:1006200000605CE08299524638A806F051FCD04444
:100630007EE7BDF81470202FF1D106993B4638AA09
:10064000284605F03AF90028E9D13A4638A90DA81C
:1006500004F08EFEDBF800308342E0D14FF0010859
:100660008DE706F02CFC00211DA803F0B3FC7A688E
:1006700057F8081B12681DA806F02AFC15A91DA82A
:1006800006F065FC029A38A915A805F0D3F918B947
:100690001DA806F018FC72E70134A7E7631C3FF4BD
:1006A0006EAFDAF80030A342A6DDBDF81430B3F522
:1006B000807FB4D1069938AA284605F0FEF80028B4
:1006C000ADD1E4B2BDF81430009438AA39460DA873
:1006D00000F014F806468FE7B8F1000F9FD03046BF
:1006E00079B0BDE8F08F00BFC404002008060020E8
:1006F00010750000D4770000147500002DE9F04F4C
:10070000DFF8E4A1ADF5417D07462AA89DF828B39E
:10071000DAF800501E468946904606F089FB092209
:1007200001212AA803F0D2FB704B53F83B400594FB
:1007300003EBCB0380AA5B681B681C442146302373
:1007400005A805F05FFC002840F0C580059B809A55
:1007500013449C4240F0BF802CAA214605A805F016
:1007600065FC002840F0B7800DF1B80B5A462146D1
:1007700005A805F05BFC0390002840F0AC802CA895
:1007800006F002F8059A2B90944240F0A480039B57
:10079000CDF804B000931A462CA92AA806F005FB50
:1007A000002840F098802AA803F0A6FB002840F01B
:1007B00092802CA805F0E8FF2B902AA806F042FBB7
:1007C000864240F08880B6F5807FDAF8005040F02D
:1007D0008280B9F1200F7ED180AA41462AA803F079
:1007E000B1FB0446002876D19DF8FF32BC2B72D1B4
:1007F00006900DF59079DF260FA806F060FB00212A
:100800000FA803F0E7FB20220DF2DF210FA806F06E
:100810005FFB042206A90FA806F05AFB07A90FA840
:1008200006F095FB202E9DF81B30B046A8BF4FF078
:10083000200801334846424607A9A6EB08068DF872
:100840001B3005F007F9002EC144D5DC0FA806F0D7
:100850003AFB48AB80AA184600219C46067812F85D
:1008600001EB013186EA0E06DF2900F8016BF5D1B4
:100870001A7802F07F021A7013F8016B5EBB013424
:10088000BE2CF9D19CF8BE30012B24D10FA806F064
:1008900016FB31460FA803F09DFB154908220FA84F
:1008A00006F016FB394620220FA806F011FB202285
:1008B0000DF2DF110FA806F00BFB07A90FA806F039
:1008C00046FB0FA806F0FFFA20220DF2DF2107A851
:1008D00004F04EFD05462AA806F0B6FA28460DF5A6
:1008E000417DBDE8F08F00BFC404002014750000F6
:1008F0000E790000094A0B78400052F820108B4214
:1009000009D0013052F82000834214BF4FF0FF306D
:100910004FF4C07070474FF4C07070471C750000F2
:100920001FB50F4B13F830000C4601F033F950B9E6
:100930002068816810236A46103904F0BEFF28B190
:10094000206804F0B9FF4FF0FF3006E0054910229F
:10095000684605F06FF80028F2D104B010BD00BF62
:100960001C750000F277000013B5044604F007FD83
:100970006A460146204604F03AFC30B1044845215D
:1009800004F08DFF002002B010BD0098FBE700BF0F
:10099000167900002DE9F041384F88B00646002056
:1009A0000D463C68FFF784FD06A9C0B201F0F2F8DD
:1009B000E0B92946FFF77CFD2C2407A9C0B204FB4F
:1009C000056401F0E7F8A8B12C2068433218069BB3
:1009D000116911F0100F1DD01DB10699304604F0B9
:1009E000B8FD274B1C68069804F066FF204608B047
:1009F000BDE8F081079804F0A9FF8046079804F04D
:100A00005BFF631EE21C13F8011F4145DCD19342DA
:100A1000F9D1E1E736581B4886422AD1D6681089B9
:100A2000801926D25289121823D29868824220D285
:100A300040F60C6211401CD14FF480720192124AB0
:100A40000092CDE90311224602910846FFF74AFDC4
:100A500004460E4B1B68A342C5D065B10698002121
:100A6000826804F054FF0A4A0A48452104F017FF3F
:100A7000B7E73C68EDE7084AF6E700BFC40400208A
:100A8000C00400203DB8F396202B0020080600206B
:100A90005979000063790000517900007FB50D4657
:100AA000044600212846CDE9021104F011FD28B3C7
:100AB0002368194EB34203D103AA204604F09DFCDB
:100AC000E36AB34204D102AA0121204604F095FC56
:100AD000DDE90232934288BF0393039BAB60039A24
:100AE0002946204600F0A8FB0C4B1A68002A03DDBB
:100AF0000B48572104F0D3FE04B070BD01A9FFF7E5
:100B00000FFF019805F1080104F044FCAB6801985F
:100B1000039304F0D1FEE2E73DB8F3966C12002097
:100B20008B7900002DE9F84FDFF870B01C4C1D4D9B
:100B3000884691469A4600260B9B9E4201D3002090
:100B40000FE00B9B154A9F1BB7F5806F28BF4FF432
:100B500080673B4606EB0A01404604F0AEFE10B14A
:100B60000120BDE8F88F0A993B465A46711848465D
:100B700004F0B8FE0028F3D1C4F800563E44C4F88F
:100B80000456C4F80856C4F80C56C4F81056C4F8F5
:100B90001456C4F81856C4F81C56CDE70C060020AD
:100BA000000001403546526EF0B59A4B43620E4646
:100BB00003F580630021036589B004460846FFF70A
:100BC00077FC04F120010546C0B200F0E3FF0346C4
:100BD000E8B90121FFF76CFC04F14C010546C0B2F5
:100BE00000F0D8FF0346E0B9204604F047FC054674
:100BF000C8B900221146204604F0E9FB054660B35F
:100C000085480022572104F04AFE01239CE000227F
:100C1000CDE90023814800232A46452104F03FFE08
:100C2000FEE70122F4E77E488022572104F037FED8
:100C300001239D4284F85830DBD194F858308DF868
:100C40001730042B00F28380012B00F2878000F024
:100C50009A80FF2384F8583095E0204600F0FEF992
:100C60000028D2D004A804F02AFC0146204604F053
:100C7000C5FC18B16B482A465721C4E704A804F004
:100C800027FC80F0010104AAC9B2204604F09FFBB2
:100C900002460028B4D104A804F01AFC054660BB43
:100CA00004A92046FFF7FAFE9DF8173084F8583063
:100CB000033B012B06D8284600F0E4F810B1FF23CF
:100CC00084F858309DF81730023B022B0BD80020D7
:100CD00000F0C2F838B1FF2384F85830524845215B
:100CE00004F0DDFDFEE794F85830FF2BF6D004AA9F
:100CF0000021204604F06BFB87E79DF81770012F59
:100D000017D1104602F068FB831E022B05460DD852
:100D100039462046FFF73EFE444B1B68984205D0FB
:100D2000434B1D68A84214BF0525012584F858507F
:100D300083E701212046FFF72DFE3C4B1B689842BC
:100D40000CBF9DF81730052384F8583075E7052B44
:100D50007FF47FAF002000F095F811E004A9204651
:100D6000FFF79CFE94F85830DA1E012A14D80020B0
:100D700000F088F800287FF46CAF002000F06CF8D9
:100D800000287FF466AF94F85830FF2B07D126482F
:100D9000452104F084FDFEE7022BF4D1EDE70022AB
:100DA000012B244D039214D01146204604F00FFB72
:100DB00078B12D68102200210DEB020004F055FEE1
:100DC000E06C04F079FD206A04F076FD284609B055
:100DD000F0BD00212046FFF7DDFD144F3B6898422F
:100DE000E7D12B689842E4D0114B1B689842E0D0C1
:100DF000039B01330393039B012B00D0FEE7206A82
:100E000004F0F3F93071236A5B6834603D68B360C5
:100E1000D0E700BF0C0A0020497A0000BA79000030
:100E2000077A0000757A00009F7A0000080600200B
:100E3000C0040020C404002038B5064D04466022DA
:100E40000021284604F011FE21462846FFF7ACFE9B
:100E500038BD00BF0C12002013B5094B01A913F8CF
:100E6000300000F097FE48B9019805F08FF804466D
:100E7000019804F021FD204602B010BD0124FAE7DC
:100E8000247500001FB50F4B01A913F8300000F0C6
:100E900081FEA8B9019802A902F048FA044668B98F
:100EA0009DF80B30032B03D1019805F03DF8044663
:100EB000019804F001FD204604B010BD0124F7E7BD
:100EC0000124F8E7247500002DE9F34106460C469D
:100ED00017461D460BB9002628E0184604F0F8FA1C
:100EE0000028F8D16946FFF71BFD009838B90124A6
:100EF000009804F0E1FC204602B0BDE8F08101A9B1
:100F000004F048FA0028F2D1009804F0D5FC3046ED
:100F1000019904F0C0FB736A5E686B79012B21D1E3
:100F2000002CD8D12B68834298BF00262146002090
:100F3000FFF7BEFA6946C0B200F02CFE0028D6D1F9
:100F4000009820233A46314604F0B7FC04460028B6
:100F5000CDD1002DCCD03C680D4BE41A18BF4FF01A
:100F6000FF34C5E7022BB6D12B68012B05D983428C
:100F7000B1D8B4FA84F46409ADE7ACD1002CD5D073
:100F8000012CA8D12C79023C18BF0124A3E700BF93
:100F90003DB8F3962DE9F04F074685B00C46014663
:100FA00000201646FFF7A6FC051E50DB3846E46D10
:100FB00004F0E5F95FFA84F96B1E09FB03084FF0B2
:100FC000000A4FF0010B4FF0FF349DB9BAF1010F49
:100FD00003DD2148452104F062FC631C06D07F2C10
:100FE0002ADC013440F201133460B380284605B096
:100FF000BDE8F08F6B1E00930DF10F0201234146F7
:10100000384604F05AFC031E019322DB01220DF145
:101010000F01384604F023FF019B40B15B4501D02E
:101020000AF1010A009DA8EB09089B46CDE7B4F13F
:10103000FF3F08BF2C46F5E70223803C7371631025
:1010400004F001040133013433603471CEE7072525
:10105000CCE70125CAE700BFAB7A000070B5866A0D
:10106000456D044604F006FBAE420AD06B1CB34249
:1010700007D0834205D01448572104F010FC00200B
:1010800070BD802E1CD911485721F6E7626A216D88
:1010900002EBC30201EBC30152684968914202D0DE
:1010A0000B485721E9E701339D42EFD1AE4205D904
:1010B000636A03EBC5035B689342F1D10120DFE76C
:1010C00000231A46F0E700BFCE7A0000067B00003E
:1010D000357B000000B589B004A9022004F031FF7F
:1010E0009DF81020012A41D0254B2649032A08BF2C
:1010F0000B469DF8132002929DF8122001929DF854
:101100001120214800924921204A04F0C8FB06A979
:10111000052004F016FF9DF81820012A28D0184B4E
:101120001849032A08BF0B469DF81B2002929DF820
:101130001A2001929DF8192000921348144A49215F
:1011400004F0ADFB9DF81030012B13D19DF8123047
:10115000032B0FD19DF81830012B0BD00D484921DE
:1011600004F09DFB022009B05DF804FB0A4BC0E7C8
:10117000094BD9E70948492104F091FB0020F2E727
:10118000617B00006A7B00007E7B0000707B0000BA
:10119000BF7B0000CF7B0000657B0000EE7B000082
:1011A00070B54B6814461E4A03F0FF23934286B085
:1011B00006460D462FD10B68012B2CD104A92046E1
:1011C00002F0B4F89DF81020012A26D0154B1649DC
:1011D000032A08BF0B469DF8132002929DF81220A7
:1011E00001929DF8112000921048114A492104F003
:1011F00056FB9DF81030032B0DD12146304604F0EC
:10120000A8F9204604F090FEA968204604F0D0F822
:10121000204602F06BF806B070BD064BDBE700BF5E
:1012200000010004617B00006A7B00007E7B0000FF
:10123000BF7B0000657B00002DE9F04F164689B0AA
:1012400005460C467448492104F029FB31462846DE
:1012500004F021FA6B6A824620465E6804F038F991
:10126000E8B1E86D04F086F8AF6A0023013F33442B
:10127000834201D2013FFAE7BA4510D367485721AC
:1012800004F00DFB07FB06F365480AFB06625721D5
:1012900004F005FB0123E37109B0BDE8F08F06A956
:1012A000022000F077FC07A9052000F073FC079AE4
:1012B00021462846FFF774FF6379012B4BD1DFF8F5
:1012C00064B1574641E02268C2F1010353449F4292
:1012D0003AD86B6A196853F8370003EBC703012A41
:1012E00053F8083CA3EB0103A0EB0109049311D1CF
:1012F000079B0393E368022B08D04146284604F07D
:1013000028F922464146284604F059F9039928460F
:1013100004F01FF932464946404604F018F9049B90
:1013200042464146CDE900962846FFF7FBFB2146A1
:10133000284604F0DAF823680133236020B1DBF893
:1013400000300133CBF80030013FDDF81880002F6A
:10135000B9D101232360022363710127BA45DDF867
:10136000189006D2484604F0A7FA079804F0A4FAA9
:1013700092E723689F424DD36A6ADDF81CB052F8A9
:1013800037100491FB00083B11680391D1582A6D76
:10139000D0581368A0EB03082379012B38D1039BA5
:1013A0003246C91A4846059104F0D1F805990091D2
:1013B00043464A46594601962846FFF7B3FB214665
:1013C000284604F092F80223237118B1154A1368D5
:1013D0000133136032464146584604F0B8F8DDE95F
:1013E000032349469B1ACDE900865A462846FFF753
:1013F00099FB2146284604F078F8236801332360DE
:101400000123237130B1074A13680133136001E0EF
:10141000022BDFD00137A1E7057C00002E7C000005
:101420005D7C00006C120020BFF36F8F72B6124B10
:101430004FF0FF32C3F88020C3F88420C3F888201F
:10144000C3F88C20C3F89020C3F89420C3F89820E8
:10145000C3F89C20C3F88021C3F88421C3F88821F5
:10146000C3F88C21C3F89021C3F89421C3F89821C4
:10147000C3F89C21704700BF00E100E01A4B70B533
:101480004FF0FF3401265E60C3F84843C3F80843B9
:1014900003F5C043154D5E60C3F84843C3F80843E5
:1014A00003F5983302205E60C3F84843C3F808434D
:1014B000C5F8084300F0A6FD00236E60C5F84C3166
:1014C000D5F84C21C5F81031D5F81021C5F84431B4
:1014D000D5F84421C5F80035054BC3F808454FF051
:1014E0008043C3F8084370BD00B0004000200040B6
:1014F00000F00140014B1B68184700BFC8040020E2
:10150000014B1860704700BFC804002007B50B46A8
:10151000002102460091034800F006F803B05DF890
:1015200004FB00BFF51400002DE9F04F8DB01D46FF
:10153000531E8246019103934FF00009039B587894
:10154000252803F1010419D11E4600204FF0FF3871
:10155000023603460290444631780396392954D81E
:101560001F2914D8002900F0EE8101992520D047C9
:1015700001993078D04709F10209DFE7002800F02F
:10158000E2810199D04709F101090394D6E7A1F15D
:101590002002192AE9D801A757F822F00516000001
:1015A0006B1500006B150000051600006B150000A0
:1015B000851600006B1500006B1500006B15000010
:1015C0006B150000D1160000051600006B15000019
:1015D000E5160000911600006B1500009F16000034
:1015E000BF160000BF160000BF160000BF160000A7
:1015F000BF160000BF160000BF160000BF16000097
:10160000BF16000008460136A6E7582900F0EB8017
:10161000A1F16302D7B2172FA7D8172AA5D801A71F
:1016200057F822F08D1800000B1700006B15000012
:101630006B1500006B150000EB1600000B17000087
:101640006B1500006B150000EB1600006B15000019
:101650006B1500006B150000C11700006B15000032
:101660006B150000611800006B1500000B170000DF
:101670006B1500006B150000C11700006B15000012
:10168000EB16000001992520D04709F1010955E723
:10169000029A02F0FE0202924FF00008B3E7002C1B
:1016A0000DDAB8F1000F0DDA029A002A00F043813A
:1016B00024EAE4740A2202FB0414303CA3E7B8F1E4
:1016C000000FF5DB0A2202FB0812A2F130089AE7AC
:1016D000B8F1000F55F8042B80F22F81002A80F218
:1016E0002E815442022202928DE7682903D1682B91
:1016F00006D1482387E76C2902D16C2B00F02181A9
:10170000002B7FF432AF0B467DE77A2B06D175298B
:1017100055F8046B14D14FF0000B0CE06C2BF6D095
:101720004C2BF4D1073525F007037529D3E9006B5D
:1017300003F1080506D120283BD1854F013C09E083
:101740004FEAE67BBBF1000FF5DA7642814F6BEB97
:101750004B0B013C0DF12D03059300230493304600
:1017600059460A220023FEF7B9FC059B303203F8E4
:10177000012DB4460593049B5A46BCF10A0F8B46D3
:1017800072F1000203F1FF3106460491E7D2C3F182
:10179000010B30330DEB0306B8F1000FA6F1040680
:1017A0006DDA029BD9077DD4A8EB0B03A4EB0B04E5
:1017B00013E02B280ABF684F684F04F1FF34C9E7D4
:1017C00070290FD155F8042B0023FAB9634F644EEA
:1017D000053C6FF004034FF0050B029A920770D49A
:1017E000A04666E078216C2B03D155F8042B00232A
:1017F00008E04C2BF9D1073525F007031D465B683F
:1018000055F8082B232825D1880621D5554F023CB1
:1018100001F06001A1F1390B0DF12D0E002602F04F
:101820000F01092988BF594430310EF8011D102AD3
:101830004FEA121141EA03714FEA131C73F10003DE
:1018400006F1FF3008D2C6F1010B06F13003A1E723
:10185000454FDCE7414FDBE706460A466346DEE7D5
:1018600055F8046B304604F0DEF8B8F1000F8346FB
:1018700002DB4045A8BFC346384F4FF00008A8EB35
:101880000B03002B92DDA4EB0804A6E755F8043BFC
:101890008DF81830314F013C4FF0FF334FF0010B02
:1018A00006AE9AE7A046EAE7029301992020D047C6
:1018B000029BB8F10108F7D524EAE472013C914497
:1018C000A41AB84606E0049302920199D047029AFE
:1018D000049B9046424612F8010B0028F3D11A46A9
:1018E000013A15D5002BACBFC7EB03077F425B461F
:1018F000013B15D5BBF1000FA8BF5F444F442646FE
:10190000013E14D5002CA8BF3F1907EB080915E6C6
:101910000493029201993020D047049B029ADFE79A
:101920000293019916F8010BD047029BE0E7019959
:101930002020D047E4E70122D5E6904663E614462E
:1019400061E64C235FE648460DB0BDE8F08F00BF6E
:101950009E7D00009C7D0000A07D0000AA7A000012
:10196000A87D0000A27D0000A57D00002DE9F047C4
:10197000058B04462807904611D4022905F0070577
:1019800040F0CC80204603F0B2FE78B10138218BC4
:10199000042811D8DFE800F0C2106D8595000129F8
:1019A0000CBF45F0100545F02005258388F311880C
:1019B000BFF36F8FBDE8F08701F0070AAA4500F07A
:1019C000A5800027B9463E46A368002B00F0BC80E6
:1019D00041F00801218388F31188BFF36F8FA1685C
:1019E000002900F0BA800D68002900F0B680D1F817
:1019F0000480334652462046C047002D76D02B68DF
:101A000029461D46F0E701F007035A1F012A1BD89B
:101A1000002221F00701062B276889B2C4E90022C1
:101A200009D13B4603E0628B013262831B68002BC5
:101A3000F9D141F002012183204603F058FE00282D
:101A40007AD041F0200176E0042B0AD121F0070181
:101A500089B22183204603F04AFE10B141F02001F3
:101A60002183218B01F0070AAA454FD00027B946F0
:101A7000AAE7236921F0070141F00601062DD3F8FA
:101A8000009021832DD1B9F1000F3FD041F0080122
:101A9000218388F31188BFF36F8F3A492046C847E6
:101AA00029E021F00701236941F0040189B2042DE6
:101AB000D3F804902183E6D000273E464FF0040A75
:101AC00082E721F00701236941F0050189B2052D64
:101AD000D3F808902183D6D000273E464FF0050A60
:101AE00072E700273E464FF0060A6DE72B4687E770
:101AF000B9F1000FD1D1EFF31188202383F31288BD
:101B0000BFF36F8F238B23F008032383258BEA0613
:101B10002ED525F01003238305F007056669218B78
:101B2000002EBFF670AF00232768C4E9003321F010
:101B3000070141F001012183218B01F0070AAA4529
:101B40004FF000097FF440AF002F9CD041F0080116
:101B5000218388F31188BFF36F8F002FC8D03D68B1
:101B6000394633465246204603F0EDFD2F46F4E752
:101B7000AB067FF51BAF25F02003238305F0070597
:101B800000E700BF73570000014B0360002070475F
:101B90003075000070B5114B1C680D46DCB1104B60
:101BA000196800238B4202DB6FF0010070BD2246F2
:101BB00012F8106B864202D001331446F2E7E06857
:101BC00010B96FF01200F1E705F059FB0028F8D0CA
:101BD0002C600020EAE76FF00C00E7E7CC0400205F
:101BE0003075000070B588B005460C46C0B2694635
:101BF0001646FFF7CFFF00281BDB0098C8B14368EB
:101C00000293836822680195CDE903360023CDE96C
:101C100006230593C56803F04FFE6DB128460849B9
:101C200001AA04F025F8079808B9059B236008B0BD
:101C300070BD6FF01500FAE76FF01200F7E700BF14
:101C40005B59000008B5054803F044FD044803F063
:101C500041FDBDE80840034803F03CBDAE7D0000F7
:101C6000DF7D0000127E000030BFFFF7FDBF00BF28
:101C7000134B9A6A12F0007F9A6A14BF1E201D202F
:101C800012F0807F9A6A18BF1F2012F4002F9A6A00
:101C900018BF212012F4802F9A6A18BF222012F454
:101CA000003F9A6A18BF232012F4803F9A6A6FEAB5
:101CB00002426FEA12429A6218BF2420704700BFA6
:101CC00000ED00E010B5194B0246986A9C6A10F4CA
:101CD000805F14BF1720162014F4006F9C6A18BF91
:101CE0001820A40509D5986B986A000404D51AB188
:101CF0009A6A22F400429A6219200C4B9A6A12F4F2
:101D0000806F9A6A18BF1A20D2050CD49B6A13F40C
:101D1000005F18BF1C20054A936A43F47F43936217
:101D200000230B7010BD1B20F5E700BF00ED00E0A5
:101D300010B51C4B0246986A9C6A10F0100F14BF35
:101D40001120102014F0080F9C6A18BF1220A4075D
:101D500009D5586B986A000604D51AB19A6A22F020
:101D600080029A6213200F4B9A6A12F0010F9A6A4E
:101D700018BF142012F0200F9A6A18BF1520D4063D
:101D800058BF9B6A074B9A6A920642BF5A6A22F46E
:101D900000525A629A6A42F0FF029A6200230B7064
:101DA00010BD00BF00ED00E070B5444B5B688AB029
:101DB0000646C3F30803002585F31188BFF36F8F30
:101DC00002F07F40B0F17F4F11D102F00C000828E3
:101DD0000DD010074CBF0E4601250022033B8DF8A5
:101DE0000720032B05D8DFE803F01E5C60592E4660
:101DF000F3E700249DF807309BB92022314602A862
:101E000003F028FE099B002D53D0C3F3080222B92A
:101E10006FEA53236FEA4323099302A9204603F094
:101E2000BEFD0AB070BD254BDA6A9107E1D4DA6ACB
:101E3000002ADEDBDA6A5200DBD55A69B16942F466
:101E400080725A61BFF34F8FBFF36F8F5A6931F8B9
:101E5000021C22F480725A61BFF34F8FBFF36F8F61
:101E60004DF60272914209D09A6AD2B242B10DF196
:101E700007010120FFF75CFF0446BBE73468B9E7C0
:101E80009A6A12F47F4F05D00DF107010120FFF788
:101E900019FFF1E79B6AB3F5803FAAD3FFF7E8FE8D
:101EA000EAE70DF107010020E4E70DF1070100204A
:101EB000EDE723F4FF7323F00103ADE700ED00E04D
:101EC000044B5A6942F010025A615A6922F0080222
:101ED0005A61704700ED00E0EFF30880EFF30981ED
:101EE00001B57246FFF760FF01BD00BF002080F31F
:101EF0001488BFF36F8F02F085F900200D49086048
:101F0000BFF34F8F0C4880F3088800F02BF8202097
:101F100080F3118809484FF40061401880F3098864
:101F2000EFF314800221084380F31488BFF36F8F0E
:101F300000F0A2F894ED00E0285C0020282C00209E
:101F40000749D1F890200023C2F307221846934294
:101F500000DB7047C1F89830C1F8A0000133F6E704
:101F600000ED00E008B572B6002383F31388FFF795
:101F7000E7FF144B4FF0FF32C3F88020C3F88420F2
:101F8000C3F88820C3F88C20C3F89020C3F89420AD
:101F9000C3F89820C3F89C20C3F88021C3F884219B
:101FA000C3F88821C3F88C21C3F89021C3F8942189
:101FB000C3F89821C3F89C2162B6BFF34F8FBFF3DB
:101FC0006F8F08BD00E100E01EF0040F0CBFEFF3BF
:101FD0000880EFF30980816911F8021C0229FFD003
:101FE00001B503F0E2FC01BD40B2002807DB044A62
:101FF0004109012300F01F00834042F8213070475F
:1020000000E100E040B200280CDB4309064900F083
:102010001F0020330122824041F82320BFF34F8F5D
:10202000BFF36F8F704700BF00E100E0054B42092E
:1020300000F01F0053F82220012303FA00F01040A3
:10204000704700BF00E100E040B20028A8BF00F1E7
:10205000604001F10101B8BF064B4FEA4111ACBF2E
:1020600000F5614000F00F00C9B2B4BF195480F808
:102070000013704714ED00E00B4A08B50B4B22F03B
:102080007F029A60BFF34F8FBFF36F8FD3F8882022
:1020900022F47002C3F8882002F098FF02F0DEFFFD
:1020A00000F024F802F09EFF0000000000ED00E0C8
:1020B00080B50C4607461546064E86F309884FF054
:1020C000000005498847204629461A46B847034874
:1020D0008047FEE7285C0020CB590000D95900005A
:1020E000014B10221A61704700ED00E00448002304
:1020F0002021C2180133272B82F80013F9D1704731
:1021000000E100E008B5EFF30583064A103B02EB5F
:10211000C30152F8330049688847BDE8084003F01E
:102120004FBC00BFB8730000024B034A03480121B3
:1021300000F066B80000012000000020C475000017
:10214000084AC2F898000B6823F01F03034343F0CA
:102150001003C2F89C308B6843F00103C2F8A03032
:10216000704700BF00ED00E02DE9F043DFF860802C
:1021700085B00E461F4604464FF00009B14523DAEC
:102180006068D8B13FB1411E08421BD11F2819D940
:102190002368194216D12368019303F034FCA36825
:1021A00003430393D8F89050C5F30725D0B2013DFF
:1021B000A84207D801A9FFF7C3FF421C09F1010992
:1021C0000C34DBE76FF01502104605B0BDE8F08374
:1021D00000ED00E0044B0522C3F89420BFF34F8FBD
:1021E000BFF36F8F704700BF00ED00E0BFF35F8F5C
:1021F000024B0022C3F89420704700BF00ED00E0BE
:1022000010B5034C01232278FFF7AEFF207010BDFC
:10221000202C00202DE9F043534B544CD3F8903040
:102220002568C3F307239D4285B000F29A80FFF72B
:10223000DDFF00200C2685421AD14D4C4D4F2570F4
:102240006846FFF7A1FCDFF82081DFF82C910646F5
:102250000025AE4213D1237843490020D1F89020C5
:10226000C2F30722934276DBFFF7B4FF002042E07F
:10227000616806FB0011FFF763FF0130DBE70098A0
:1022800000EB05114FEA051CCB683B40B3F5000F8E
:1022900048D00AD8B3F5001F30D0B3F5800F36D040
:1022A000B3F5801F10D00135D3E7B3F1807F42D062
:1022B000B3F1007FF7D150F80C3088684A6803F01A
:1022C000A2FB40F4802009E050F80C3088684A688E
:1022D00003F099FB40F0885040F43020CDE9012311
:1022E0000390D8F890302078C3F30723013B98423D
:1022F0002AD96FF0150005B0BDE8F08350F80C3016
:1023000088684A6803F07FFB40EA0900E6E750F876
:102310000C3088684A6803F076FB40F0007040F4A7
:102320000030DBE750F80C3088684A6803F06BFB3C
:1023300040F08270D2E750F80C3088684A6803F0A9
:1023400062FB40F08870C9E701A9FFF7F9FE237826
:1023500001332370A7E7C1F89830C1F8A00001331A
:102360007CE74FF0FF30C6E700ED00E0D0750000DD
:10237000202C00200000F0FF00000811014B186025
:10238000704700BFD0040020044A0123C2F8403542
:102390004FF080420020C2F87835704700E00140DD
:1023A00020B1034B800143F001031847704700BF81
:1023B00000750000084B70B5C31A0D4607499B1005
:1023C000044659430648402203F064FB2B4601466D
:1023D0002046BDE87040184784120020B76DDBB678
:1023E0006873000073B50C4C0C4A4023041B009327
:1023F0000D460B460A49A41061430646094803F0FE
:1024000074FB011E05DA30462B4602B0BDE8704071
:10241000184702B070BD00BF84120020595B000055
:10242000B76DDBB668730000002270B50121044669
:102430001046FFF709FE0F4802F0C6F80E4B98420F
:1024400015D102F0D1F826690C49304603F09EF907
:1024500000280BDB012535642469084904F11C00C0
:1024600003F094F9002801DBE564002070BD6FF0F3
:102470000400FBE79D2500000000AD0BF075000097
:1024800010B5074C23782BB94FF4A57004F0F2FE79
:1024900001232370BDE81040002002F0B7B800BF50
:1024A000212C002010B5EFF31184202383F3128830
:1024B000BFF36F8F074A136823F00201DB07116037
:1024C00002D4012004F0F8FD84F31188BFF36F8F6C
:1024D00010BD00BFD412002030B4104B0C2202FB00
:1024E000003301460020D3E90E529863EFF31180C8
:1024F000202484F31288BFF36F8F1C6C04F0C00497
:1025000044F002041C6480F31188BFF36F8F1DB187
:102510002B46034830BC184730BC7047841200205B
:102520006873000010B4EFF31182202383F3128844
:10253000BFF36F8F1748016841F002040460C807B9
:1025400007D482F31188BFF36F8F012010BC02F013
:102550005DB84FF08041D1F80C04D1F80C14C907D4
:10256000EFD5EFF3118083F31288BFF36F8F0A4921
:102570000B6C03F0C00343F002030B6480F311887B
:10258000BFF36F8F82F31188BFF36F8F002010BCF1
:10259000FFF7A2BFD41200208412002010B101283E
:1025A00004D07047034B1B6C5B0701D1FFF794BF4E
:1025B000704700BF841200202DE9F8433649BFF36D
:1025C0005B8F0746012251E8003F41E800200028C8
:1025D000F9D1BFF35B8F33B9304931484B60CB60E1
:1025E0008A6003F0E6F87B1E012B2DD8012F07D15E
:1025F0004FF08043D3F81C3403F00303012B23D0A6
:1026000004F07FFE054608BB264B1B78F3B14FF064
:1026100080430222C3F808230646DFF88C904FF06F
:1026200080444FF00108D4F81824D4F81834D203A9
:1026300015D503F00303012B01D0012F0FD125B3D2
:1026400086F31188BFF36F8FBDE8F883EFF311862F
:10265000202383F31288BFF36F8F0125DDE7304617
:1026600003F0C2F9D4F81835002BDCD1D4F80421DA
:10267000002AD8D0C4F80431D4F80431C4F818853D
:10268000C9F88081C4F80880CDE74FF0804302226A
:10269000C3F80423D8E700BF801200207012002086
:1026A000A0120020232C002000E100E010B5044C13
:1026B0002046FEF725FF2046FFF760FE002010BDF4
:1026C000C526000073B50C4E8DF80700044603259F
:1026D00001220DF10701002002F02EFC20B10123A0
:1026E0003370204602B070BD3378002BF9D0013D25
:1026F000EED13570F5E700BF222C002008B5074861
:1027000004F0BDFD38B10648FFF738FE0448FEF777
:10271000F7FE002008BD6FF01200FBE79073000089
:10272000252700000A2838B5074D044604D1AB68B8
:102730000D215B6828469847AB6803485B68E1B2A7
:102740009847204638BD00BF90730000024B0B60D5
:1027500001231360704700BFD81200200048704763
:102760004476000010B504F027FD034C206004F00F
:102770001FFD6060002010BDD8120020F8B50E4685
:102780003046194617461D4603F0F2F9B8B146EA3D
:10279000050414F0030412D14DB12B19032BA6EB41
:1027A000040006D8074AD2F80034DB07FBD5002026
:1027B000F8BD3B1B043C196802F050FBEDE76FF0DD
:1027C0001500F5E700E0014038B545682B69B3B165
:1027D0001035284602F006FA044680B9014628461C
:1027E00002F0CCF9084B98420BD108492246284602
:1027F00002F0ACF9224605210620FFF725FC002057
:1028000038BD6FF00400FBE70000AD0B112800009D
:10281000430970B507D10B4B596821B101250C68EC
:10282000094E854001B970BD8A682A4002D04B68C4
:10283000304698471CB1236821461C46F2E72346E0
:10284000FAE700BFE01200207C7300002DE9F0439E
:10285000476840F20636D0063B7B87B002EA0606A0
:1028600054BFC2F34010032001F01F05B6F5837F6B
:10287000144645EA43158DF8030043D00FD8062EC1
:1028800018D007D8B6B1022E3ED06FF0150007B0B1
:10289000BDE8F083B6F5807FF7D101260AE040F26B
:1028A0000222964232D0B6F5407F31D0B6F5007F95
:1028B000EBD102260123220303FA01F12AD57B681A
:1028C000C3F808153B695BBB05F01F026D0974D1A5
:1028D000920002F1A04284F48031D2F80037C1F3B3
:1028E0000041C4F3404423F4E16344EA410423F08B
:1028F00007031C4344EA800444EA0624C2F8004764
:102900000020C4E70726D5E70426D3E70526D1E74C
:102910000326CFE7630344BF7B68C3F80C15D1E7F8
:1029200010370DF102022946384602F015F914F469
:10293000403F80460CD12946384604F02FFC214BFD
:102940009845DDD19DF80210384602F055F9D7E7D9
:1029500001AB4FF0000903AA29463846CDE90439F6
:10296000CDE90199CDF80C9001F0CAFF154B9842C2
:102970008BD114F4003315D09DF803308DF80E3050
:1029800084F48034C4F300444B4603AA29463846F5
:102990008DF80C608DF80D4002F062F8094B9842FA
:1029A000CDD072E7CDE9043303AA0DF10303294624
:1029B0003846039301F0A4FFF0E702F5E07253F804
:1029C0002230FFDE0000AD0BF0B54068057B01F062
:1029D0001F0444EA4514056987B0002D60D0B2F5A4
:1029E000001F00F1100506D12146284604F0D8FB4F
:1029F000002007B0F0BD01AE0027B2F5800F0197AF
:102A0000776038D1B3F1007F14BF052304238DF81C
:102A100004300023CDE904630393836823FA01F1B2
:102A200011F0010119D1B2F1A07F16D104F01F03FA
:102A3000620903F5E07339D14FF0A04252F8233018
:102A4000DB070AD40DF1030632462146284602F080
:102A500083F8184B984219D0029603AA21462846BB
:102A600001F04EFF144B98421DD101222146284609
:102A700002F0CEF8BCE7B3F1C06F05D0B3F1007F30
:102A800014BF01230223C2E70323C0E731462846CF
:102A900002F0B8F8084B9842DED06FF00B00A8E7C0
:102AA0006FF08500A5E76FF01500A2E751F823301D
:102AB000FFDE00BF0400AD0B0000AD0B2DE9F043BD
:102AC0005B4E5C4F00EB810140F2FF15814202D169
:102AD0000020BDE8F083046814F4804FC4F3C32CD5
:102AE000C4F3080340F09080240E16F80CC0AB42EB
:102AF00008BF4FF0FF33192C00F28980DFE804F0A3
:102B00000D13191C1F251C878787873663878787C6
:102B1000878787878787667B7E81C2F80C355C1C38
:102B20005ED10430D2E7C2F814355C1CF9D0002421
:102B30005FE0C2F80835F2E7C2F81035F5E75C1C33
:102B4000C2F80835EDD0002404E05C1CC2F80C3556
:102B5000E7D001245FEA531E5CD14FF001084FF02B
:102B6000A04E08FA03F9CEF80C950AE0C2F8083531
:102B7000BCF1000FD9D15C1CD3D00024A0464FF08B
:102B8000060CD0F8009009F4004EBEF1000F1CBFF7
:102B90004FF00008012403F01F0E5B0942D14FEAF9
:102BA0008E0E0EF1A04EC9F34129DEF800373B40EE
:102BB00043EA890343EA0C2343EA080343EA440354
:102BC000CEF80037ADE7C2F80C35D1E7C2F8603572
:102BD000B3F1FF3F0468A4D0C4F30044002CB8D084
:102BE0005C091BD101244FF0A04E04FA03F8CEF883
:102BF0000885A046C5E7C2F86435E9E7C2F868353C
:102C0000E6E7C2F86C35E3E76FF0150061E76FF0B7
:102C100085005EE70023C3F80C35FFDE0023C3F810
:102C20000835FAE70EF5E07E002353F82E30F4E77E
:102C3000927E0000F0F8FCFF074BD3F8082142B168
:102C40000020C3F80801D3F80821D3F818350B7019
:102C500070474FF0FF30704700200040024BD3F820
:102C60008004C3F88004704700200040F8B50E4689
:102C700004F047FB1A4D78BB64240127BFF35B8F38
:102C800055E8003F002B03D145E80072002AF7D138
:102C9000BFF35B8F07D04FF47A70013C04F0EAFA7F
:102CA00014F0FF04EAD10F4C0023C4F81C31D4F80F
:102CB0001C310123A360C4F81C654FF47A76D4F864
:102CC0001C3123B9012004F0F5F9013EF7D10123AD
:102CD000E36000232B60F8BD01232B60E3E700BF16
:102CE000EC1200200020004073B5594A4368046983
:102CF0000021C2F800151E68054601AA304603F0FF
:102D000038F80028C0F28180019B32681979186870
:102D1000FFF7D4FE002878DB6379012B1CD1A3795F
:102D2000032B19D1E379BBB9217911B1022913D150
:102D30000E212368B3F5164F69D02BD8B3F5165F73
:102D400067D014D8B3F5966F65D008D8B3F5967FE1
:102D500064D0B3F5167F64D06FF0850055E0B3F50D
:102D6000166F61D0B3F5965FF6D13A4B39E0B3F503
:102D7000E14F5CD007D8B3F5615F5AD0B3F5964FF9
:102D8000EAD1354B2DE047F612229342E4D14FF4BD
:102D9000000326E0B3F5613F4ED011D8B3F5963F5E
:102DA0004CD008D84DF6C022934249D0B3F5614FBC
:102DB000D2D12A4B15E0B3F5E13FCDD1284B10E03D
:102DC000B3F5612F3FD007D8264A93423DD0B3F5E3
:102DD000E12FC1D1244B04E0244A9342BCD14FF0EF
:102DE00080531B4A2D69C2F82435C2F86C1594E84B
:102DF000030085E8030004230020C2F80035C2F870
:102E00000801D2F808310123136002B070BD184BDD
:102E1000E7E7184BE5E74FF49E23E2E74FF4A033D2
:102E2000DFE74FF41C33DCE74FF41D23D9E7124BE7
:102E3000D7E74FF46C13D4E7104BD2E7104BD0E731
:102E40004FF46503CDE70F4BCBE74FF08063C8E746
:102E50000020004000B0130000A04E0000F0EB0086
:102E600000E0D70190D0030000705F0740420F00E0
:102E700000509D000050270000F0750000B0AF0327
:102E800000903A0100D0BE0E70B5012383400E4A77
:102E9000BFF35B8FDC4352E8001F01EA040542E800
:102EA0000056002EF7D1BFF35B8F4FF48032824083
:102EB0000648C0F80823BFF35F8FBFF36F8F0B4244
:102EC00014BF0120002070BDF4120020001001404A
:102ED00070B40E49D1E90034D01AC31844F100048B
:102EE00022F07F46C1E90034A6F50013B3F5400F88
:102EF00009D2074B1B681A0A1B069C19054B42F1A5
:102F00000005C3E9004570BC02F008B97005002057
:102F1000F81200207805002011B3BFF35B8F012366
:102F2000104A834052E800CF4CEA030C42E800C14B
:102F30000029F7D1BFF35B8F0B4A4FF480338340F6
:102F4000C2F80433094BBFF35B8F1B68BFF35B8F81
:102F5000C340DB0742BF064B4FF40032C3F80021E9
:102F6000704700BFF412002000100140F012002052
:102F700000E100E00D4B1868010A0006BFF35F8F07
:102F80000B4BD3F80435181841F10001B3F5801F3D
:102F90000AD2084BD3E90023904271EB030303D21A
:102FA00010F1807041F10001704700BFF81200205D
:102FB00000100140780500202DE9F04F85B016463D
:102FC0001F469DF840A00446FFF75EFF0190FFF703
:102FD000D1FFB04271EB070354D23E4B301A67EB7E
:102FE0000101984271F100014FD23B4B03EB0413F6
:102FF000D3E902239F4208BF96425ED037494FF47F
:10300000803804F1500508FA04F8AD00C1F848838F
:103010002046ADB202F0C0FE26F07F4B05F18045A0
:1030200004F5A87305F58835DC464FF003090293D3
:10303000029A2CF07F4341F82230C1F84483D1F842
:103040000435274A6FF00200C01A604420F07F4028
:10305000904232D9286868B1D1F804350393A3EBC4
:103060000B0020F07F40B0F5000F26D9204602F07B
:1030700093FE039BBAF1000F07D109EB030C09F192
:103080000109D5E7BAF1000F09D06FF01505204608
:103090000199FFF741FF284605B0BDE8F08F0123F5
:1030A000104ABFF35B8FA34052E8000F184342E879
:1030B00000010029F8D1BFF35B8F07490E98230167
:1030C00001EB0412C8500F9B5360C2E90267002550
:1030D000DDE700BF01008000600500200010014016
:1030E000FDFF7F00F01200207FB51C4C1C4BC4F884
:1030F0000833C4F848331B4B00254FF0FF304FF026
:10310000FF31C4F80855C3E902014FF48033C4F815
:103110000433154B02264FF400320121C4F8046336
:103120001120C3F880212A46FEF78EFF1120FEF7FA
:103130005BFF0E4A0123A360236013600C4B0D4A12
:103140000093CDE9015500232846FFF735FF3046AF
:10315000FFF732FA284604B070BD00BF00100140EE
:1031600003000F006005002000E100E0F4120020E1
:10317000D12E0000FFFF7F002DE9F7432F4CD4F83C
:10318000043399070BD5D4F8043143B12C4A0023FA
:10319000C4F80431D4F80431136801331360D4F84F
:1031A0000433DA0329D5BFF35B8F264B53E8002F96
:1031B00022F0010143E800100028F7D1BFF35B8F34
:1031C000D30702D4D4F84031BBB10025C4F8405134
:1031D000D4F84031FFF7CEFEEFF31182202383F3C2
:1031E0001288BFF36F8F184BD3E90267B042B94121
:1031F00006D282F31188BFF36F8F03B0BDE8F0836E
:103200004FF0FF384FF0FF39C3E90289D3E90010CE
:103210001D604FF48033C4F84833C4F84051D4F8EB
:10322000403182F31188BFF36F8F0029E5D0009001
:1032300032463B4628468847DFE700BF0010014082
:10324000F8120020F01200206005002030B5431C69
:10325000124C85B005D08442A8BF0446012CB8BFEB
:103260000124FFF787FE0E4B0C4DD3E90013401AE3
:10327000B0F5000F10D22218AA4228BF2A465218D1
:103280004FF0000007490091CDE9010043F1000330
:10329000FFF792FE05B030BD2A46F0E7FFFF7F0042
:1032A00070050020D12E000008B5FFF763FE024B29
:1032B0001B68C01A08BD00BF7005002010B5084C7F
:1032C000012363601120FEF79DFE064BC4F808330E
:1032D000C4F84833044B4FF40032C3F8802110BDCA
:1032E0000010014003000F0000E100E030B58168EC
:1032F00085B0103921F00704054602F027FB1022A3
:103300000146684602F0B1FB07491022684602F008
:10331000A1FB10236A462146284602F0E3FA003852
:1033200018BF012005B030BDF277000030B50D4662
:10333000816887B0102302AA1039044602F0BDFA52
:10334000002802DA012007B030BD102202A9204671
:1033500002F085FD00283AD11E49102202A802F091
:1033600069FB00280CBF012302232B70204602F0CA
:1033700062FD012301460DF10702204602F09DFA8D
:103380000028DFDB9DF8073003F00F021B096A708D
:103390002B7101220DF10701204602F060FD10B9EA
:1033A0006B78042B03D901236B7000232B71A26867
:1033B000183A22F00702083AA91C204602F062FDE2
:1033C0000028BFD1E91C204602F0B5FDBBE703236E
:1033D000CBE700BFF2770000F0B5354F460085B06F
:1033E0000546694657F8260002F0ABFD044610B1C9
:1033F000FF2005B0F0BD013602A957F8260002F003
:10340000A0FD012837D12B482A46492102F047FA6E
:10341000294B02938DF80C409DF800609DF80870D0
:10342000264C00222078314602F00BFD50B3607824
:10343000394602F006FD28B3A378042B03D09DF88B
:10344000031099421ED1E378042B03D09DF80B1092
:10345000994217D12379042B10D16279022A1DD108
:10346000174B18482A46492102F019FA6079831E41
:10347000022BBED9BCE70028CED0B9E79DF80210D8
:103480009942EAD00132032A04F10604CAD10E4857
:103490002A46492102F003FA0120AAE7032A05D0AF
:1034A0000A4B0B49042A08BF0B46DAE7094BD8E759
:1034B000B4760000CB7E000003010303607F0000B0
:1034C000AD7E0000167F00003A7F0000B27E000053
:1034D000C47E0000A87E0000044B1B6858404308CF
:1034E0005B4240421843C017704700BFFC120020E7
:1034F0008842F0B504D0094F04380025AA4200D113
:10350000F0BD3E6850F8044F5E4024EA060451F8CE
:1035100025601E40344304600135EFE7FC120020B3
:103520002DE9F04F8DB01D46189B179F1A9E0592EE
:10353000B3F12A3F83468A4640F08D80394616987B
:1035400002F087FD012838BF0120470900F01F0461
:103550007B01502B4FF0010934BF4B4603230A93E4
:1035600009FA03F30B930A9B059805FA03F306EB9C
:103570008303069303EB8503079302F042FF4FEAB0
:103580008508089042460021304602F06EFA079BFB
:10359000C6F800900393089B199ACDE90153059B47
:1035A000009331462B46304606EB080902F03AFFFD
:1035B00051464246484602F04DFA022349460993D5
:1035C0000B9B099A934248D142463146584602F035
:1035D00041FA4FF00009CA46079B0393089BCDE9C7
:1035E0000153059B00935A462B465946584602F014
:1035F00019FF002C47D1013F1F24169B53F8273099
:10360000E34003F0010343EA49090A9B0AF1010A76
:10361000534503D0002CDFD1002FDDD1189BB3F12F
:103620002A3F32D10698424609FB086102F012FA9D
:10363000079B0393089B069ACDE90153059B0093D2
:1036400059462B46584602F0EDFE002CC1D1BFB9B9
:103650000DB0BDE8F08F00247AE7079B0393089B29
:1036600001EB080ACDE90153059B00934A462B461E
:10367000504602F0D7FE099B0133099351469FE75C
:10368000A146A246A8E7013CB7E731464FF0000A41
:103690000A4B18681B68584080EA090080EA0A0053
:1036A000FFF71AFF2A46C3430698FFF721FF099B3D
:1036B0000AF1010A53454144EAD1B9E7FC1200205E
:1036C000054B1B68013143400132084022EA0302E6
:1036D0000243501E00B27047FC1200202DE9F04F4B
:1036E00099B083460F46184600211646039303F00F
:1036F0000AF9002800F08981784B149300240125F1
:1037000015AB039913933046CDE90B45CDE90D4533
:10371000CDE90F45CDE9114503F07EF8A04228DA46
:10372000BBF1000F05D1E7B90024204619B0BDE870
:10373000F08F2146584602F0F7FF04460028F2D0E9
:103740000BA802F03EFF0DA802F03BFF0FA802F00D
:1037500038FF11A802F035FF0C2115A800F038FB46
:10376000E3E73146384602F0AAFF04460028E7D1D5
:10377000DAE731460BA802F0A2FF04460028DFD1A9
:1037800003990DA802F09BFF04460028D8D1F188C8
:10379000ADF8385002310FA8ADF8305002F01FFFDD
:1037A00004460028CCD101460FA802F0BDFF044614
:1037B0000028C5D1F18811A8023102F010FF04469B
:1037C0000028BDD10DA802F0DBFF00F01F001F286C
:1037D00073D0C0F11F0319460BA8019302F0F6FF46
:1037E00004460028ACD101990DA802F0EFFF044671
:1037F0000028A5D1BDF83250BDF83A80A5EB080AE3
:103800004FEA4A1949460DA802F0E0FF0446002895
:1038100096D14FEA8A0A0DA90BA803F02CF80028CC
:103820004DDA49460DA802F0EEFF0446002887D184
:1038300008F1FF3305939B0005F1FF3A069305F16C
:10384000804508F18043023B013D9B00A5EB080544
:103850000893AB000293059B9A4541D8BBF1000F3A
:103860000DD00FA9584602F02AFF002840F0C98069
:10387000039AB388928813FB02F3ABF80430002F4D
:103880003FF45EAF01990BA802F0BDFF002840F0A5
:10389000B880B388ADF830300BA9384602F00FFF7E
:1038A0000146002840F0AF80384603F02CF800288D
:1038B0007FF446AF0123BB8042E701949AE70F9A59
:1038C00052F80A300BA9013342F80A3008460DAA13
:1038D00003F0FFF8044600289DD031E70100030003
:1038E0000D9B069A04931344DDF82C900793049BD8
:1038F00059F82A109A580F9D4FEA8A08A8F1040334
:103900000993029B91421D4476D2A8F10400002342
:1039100059F80000FCF7E2FB002914BF4FF0FF3319
:103920000346BAF1010F2B6016BF09EB0803002311
:1039300053F8083C1593A8F1040359F80330169383
:1039400059F8083017932B68DDF8108001332B608D
:10395000089B98442B68013B2B60002111A802F0C2
:10396000E3FE00284DD1059B002B48D0D8F800205D
:10397000119B1A60079A12685A6011A92A680846B2
:1039800003F0ABF800283CD113A911A802F073FF93
:103990000028DFDC2A680DA911A803F09EF880BB7F
:1039A000029B4FEAC308414611A802F00FFF40BB3B
:1039B0000BA9084611AA03F08CF8014618BB0BA806
:1039C00002F0A1FF002812DA0DA911A802F077FE7B
:1039D000B8B9414611A802F0F9FE90B90BA911AA95
:1039E000084603F073F860B92B68013B2B60029B1B
:1039F0000AF1FF3A043B2DE74FF0FF3391E7059AB8
:103A0000B6E704469CE60C469AE66FF00B048CE69B
:103A10002DE9F74F90461F4A1568454006460F4668
:103A2000ED43002B14BF9A468A4600240C9B04F1F8
:103A300004094B4505D20C9B9C4220D303B0BDE842
:103A4000F08F042208EB04010DEB020002F002F8F3
:103A5000019A06EA020B04220AEB04010DEB0200B4
:103A600001F0F8FF019A2A4042EA0B020192042277
:103A700038190DEB020101F0EDFF4C46D6E718F8BE
:103A800004301AF8042033402A4013433B550134D4
:103A9000D1E700BFFC120020082804D00928034801
:103AA00018BF002070470248704700BF727F0000B7
:103AB000757F000001680E4A9142034615D1C16925
:103AC000A2F11022A2F1EF1291420ED18268012AD6
:103AD0000BD8C26812B101698A4206D0586928B170
:103AE0009B691B1A5842584170470120704700BF1C
:103AF00055AA00FF70B50D4B9E68A6B13046FFF782
:103B0000D9FF044678B9F3686BB935690DB9204619
:103B100070BD2846FFF7CEFF28B9EB68B34202D14B
:103B20002E462D69F2E70124F1E700BF00130020C3
:103B30002DE9F8433F4F3C68D4B1BC68C4B10028BC
:103B40004AD0002948D001FB00F5B5FBF0F08842CF
:103B500042D1281D40D8A9070DD025F00306043610
:103B6000FC6803E06368B34238D2A469002CF9D141
:103B70002046BDE8F8832E46F2E7FB6041E006F1FF
:103B800020016318203A5A600022C3E902242A481F
:103B900022691A6160502949D96102B1D360626912
:103BA0005A61A1699961AAB193619A6902B153619D
:103BB0004FF00109C4E9016923610023C4E9053319
:103BC0003B69DB072ED5FFF795FF58B31C4B4846E2
:103BD0001B6826E0FB60E8E70024C9E7A3681BB187
:103BE000174B01201B6898476268921B232A04F137
:103BF0002008C4D80123A360D4E90523002ABCD03F
:103C00009361A3690BB162695A610023C4E905336A
:103C10003B69DA0706D5FFF76DFF18B1084B1B6843
:103C2000012098472A4600214046444601F01DFFE6
:103C30009EE700BF0013002055AA00FF669911EE11
:103C4000E004002070B50546002800F08880444E4E
:103C50003368002B00F08380B268002A7FD0834253
:103C600003D872681344984203D33E4B01201B686B
:103C70009847A5F120042046FFF71CFF18B1394BE7
:103C800001201B68984755F8183C012B03D0354B91
:103C900001201B689847002345F8183C55F8143C50
:103CA0003BB39A682ABB55F81C2C02F120015A68D4
:103CB0000A445A6055E905321A6155F8145C2B69BB
:103CC00003B1DD6020220021204601F0CEFE2869EC
:103CD00010B18368002B2ED033699B073FD5FFF7C7
:103CE00009FF00283BD01F4BBDE870401B68012036
:103CF000184755F8100C00282AD0836843BB426847
:103D0000636813442033636003692361D4E90523A6
:103D10009AB9CBB9436963618269A261B3B19C610D
:103D2000A36903B15C61236903B1DC602022002137
:103D300001F09BFED0E72C46E1E79361A369002BDD
:103D4000E8D062695A61E5E7F360F7E7F460E7E716
:103D5000F36845F8083C03B15C61F460BCE770BDF2
:103D600000130020E004002038B514220C4605465C
:103D70000021134801F079FE1249134800F040F881
:103D8000232C1CD915F003031FBF043CE418C3F116
:103D90000403ED1822460021284601F066FE084B78
:103DA0000A499D60C3E90054203C6C609A68116028
:103DB0009A68DA60A1F11021A1F1EF11D16138BD4B
:103DC00000130020453C0000313B000055AA00FFD5
:103DD00010B50A46044619B1024B00211B689847EA
:103DE00010BD00BFDC040020014B1B68184700BF5A
:103DF000E8040020014B1B68184700BFE4040020C2
:103E0000024B1860024B002019607047E804002044
:103E1000E4040020F8B500F108064768044630467F
:103E20000D4602F0B1FC87424BD16368B3F5807F49
:103E300047D80021304602F066FD002841DD002110
:103E4000304602F08DFCE0B345B9294604F110007C
:103E500002F059FD002834DD0020F8BD04F12005F2
:103E60000021284602F04FFD00282ADD00212846C7
:103E700002F076FC28B304F128050021284602F060
:103E800042FD00281DDD0021284602F069FCC0B17A
:103E9000002104F1100002F036FD002811DD0021A0
:103EA00004F1300002F02FFD00280ADD002104F1AA
:103EB000380002F028FD002803DD002104F1400055
:103EC000C6E70148C9E700BF80BFFFFF012938B539
:103ED0000546144601D0074838BD22B90123C5E97B
:103EE0001C340020F8E71046FFF7D6FD0028F5D176
:103EF000F1E700BF00BFFFFF70B500210446FFF7E8
:103F000089FF054610B10E4D284670BD04F1080624
:103F1000304602F035FC7F28F5D91034294620467A
:103F200002F01EFC0028EED0204602F029FC0128F9
:103F3000E9D93146204602F09EFC0028E4DBE2E7A6
:103F400000BEFFFFF0B50C4685B0002105461646C1
:103F5000FFF760FF002839D102A802F02DFB2146AF
:103F60006A6802A802F016FC044618B102A802F022
:103F700028FB0CE005F10804214602A802F07BFCB6
:103F8000002807DB02A802F01CFB6FF00304A4F575
:103F9000854418E005F1480302A96F68009305F114
:103FA00010022346084602F0E8FE04460028DDD150
:103FB0003A46314602A802F003FC044602A802F089
:103FC00000FB002CE3D1204605B0F0BD004CFAE721
:103FD00080BFFFFF01292DE9F041034641D8224A65
:103FE000224F2348234E244D244C9966002918BFA4
:103FF0009046234A18BF964602F1794202F57402B0
:1040000002F5016218BF94461E4A18BF17461E4AA1
:1040100018BF164602F1D14208BF804602F5C01211
:104020001A4802F51E620CBF864615461848194A02
:104030000CBF844614461848A2F11162A2F50C2266
:10404000A2F28E2218BF02460020C3E91000C3E985
:10405000128EC3E914C7C3E91665C3E91842BDE867
:10406000F0816FF07300FAE7D89E05C13AF54FA5CD
:1040700067E6096A7F520E518C68059BABD9831F96
:1040800007D57C3639590EF7310BC0FF85AE67BBBB
:1040900072F36E3CA78FF964A44FFABE2DE9F04F7E
:1040A000CFB000F1640300F144070DF58A79009365
:1040B00001914A463B4653F8041F42F8041F0099F9
:1040C0009942F8D104ADDFF800A14FF000082C466A
:1040D000B8F10F0F61D8019B042203EB880103A8FC
:1040E00001F0B8FC039802F0E8FEA860D4E9476349
:1040F000D4F818C15AF8041B73404FEAFC22D4F8D4
:10410000206182EABC1203EA0C0382EA7C627340FB
:104110001344D4F82421D4F8106113440B44D4E997
:10412000421E034441EA0E024FEA713080EAB100B8
:10413000324001EA0E0B80EAB15042EA0B0202441F
:10414000D4F81401626018441344D4F82021C4F850
:10415000242108F10108D4F81C212360B8F1400F94
:10416000C4E947C2C4E944E6C4E94231C4F81801CD
:1041700005F10405ACD157F8043F59F8042F134456
:104180003B60009BBB42F6D104A84FF49471FFF74B
:104190001FFE00204FB0BDE8F08F2B6855F8382C7B
:1041A00055F8341C4FEAF34080EA734080EA9320CC
:1041B00055F8143C134418444FEAB14383EAF11311
:1041C00083EAD103184490E7BC7600004FF07043B7
:1041D00093F8E02F062A09D1D3F8E83FC3F303137D
:1041E000033B042B02D8024AD05C70470020704782
:1041F000877F0000024AD2F80034002BFBD07047C2
:1042000000E0014010B502F046FF40B14FF080538E
:104210008E4AD3F82433C3F30423C2F84035FFF7A2
:10422000D5FF10B18A4B8B4A5A6702F034FF48B170
:104230004FF080534FF08042D3F84432C3F34233FF
:10424000C2F83C35FFF7C2FF30B1834AD2F8FC30E8
:1042500023F08073C2F8FC3002F01DFF40B14FF034
:1042600080430022C3F80C21C3F81021C3F838257D
:10427000FFF7ACFF20B14FF080430322C3F8A02525
:10428000FFF7A4FF60B1754B0522C3F81026012289
:10429000C3F888260022C3F818263F22C3F8142644
:1042A0004FF08053D3F83021511C09BF4FF07043B9
:1042B000D3F8343193F8E02FD3F8E83F08BFC3F3C5
:1042C0000313062A4DD1033B042B03D8644AD35C65
:1042D000002B46D04FF08052624BD2F80414C3F842
:1042E0002015D2F80814C3F82415D2F80C14C3F81A
:1042F0002815D2F81014C3F82C15D2F81414C3F8EA
:104300003015D2F81814C3F83415D2F81C14C3F8B9
:104310004015D2F82014C3F84415D2F82414C3F879
:104320004815D2F82814C3F84C15D2F82C14C3F849
:104330005015D2F83014C3F85415D2F83414C3F819
:104340006015D2F83814C3F86415D2F83C14C3F8D9
:104350006815D2F84014C3F86C15D2F84424C3F899
:10436000702502F098FE48B14FF080534FF0804224
:10437000D3F8583203F04F03C2F8E43E02F08BFE4C
:1043800048B14FF08043D3F80024D20744BF6FF008
:104390000102C3F800244FF08053D3F83021062ADD
:1043A00026D1D3F83431033B042B02D82E4AD35CF8
:1043B00063B12E4AD2F83C3743F48063C2F83C37ED
:1043C0004FF08053D3F83031062B11D14FF080538A
:1043D000D3F83431033B042B02D8254AD35C3BB1DC
:1043E0004FF01023D3F808224FF08043C3F858252C
:1043F0004FF01023D3F80022002A03DBD3F8043255
:10440000002B22DA1B4901234FF01020C1F804359C
:104410001524FFF7EFFEC0F80042FFF7EBFEC0F8EF
:104420000442FFF7E7FE0023C1F80435FFF7E2FE80
:10443000BFF34F8F0849104BCA6802F4E062134380
:10444000CB60BFF34F8F00BFFDE710BD00300140D0
:1044500000C007400DF0ADBA00ED00E00050004094
:10446000827F000000C000407D7F000000100040FF
:10447000787F000000E001400400FA0530B50468D0
:10448000CCB1BFF35B8FB4FA84F3C3F11F03DBB28B
:1044900001229A4024EA020250E8005FA54204D1BA
:1044A00040E8002CBCF1000FF6D1BFF35B8FE6D1E2
:1044B00002480B7030BD0248FCE700BF0000AD0BA6
:1044C0000200AD0B10B50368CB40DB0714D4012309
:1044D0008B400268BFF35B8F43EA020150E8004F54
:1044E000944204D140E8001CBCF1000FF6D1BFF3A8
:1044F0005B8FEED1014810BD0148FCE70000AD0B19
:104500000400AD0BF7B5044618B1012823D003B061
:10451000F0BD4FF080430222C3F808230122DA6085
:10452000C3F80401D3F80431064601238DF807309F
:1045300042F210754FF08047D4B1012CE7D1D7F883
:104540000C3403F48033AEBB83B3012002F0B2FD20
:10455000013DF4D12AE04FF080430022C3F8080364
:104560005860C3F80021D3F800310DF10706DCE7ED
:10457000D7F8183403F480333EB9002BC7D001209C
:1045800002F098FD013DF3D1C1E7D7F8182402F0FD
:1045900003023260002BBAD09DF80700012803D136
:1045A00002F088FD013DC7D1012CB0D1054B00229E
:1045B0005A71ACE7D7F80C2402F001023270002BDC
:1045C000EAD1F3E714130020044B1A7922B901222F
:1045D00018609A8002487047024870471413002000
:1045E0000000AD0B0C00AD0B08B5074B1B682BB1E1
:1045F0000020FDF71BFD08B9FDF7F6FC4FF08043E6
:104600000022C3F8182508BD1413002038B5B0B136
:10461000012855D14FF080420023C2F80031D2F872
:104620000021304A03F18043012119602E4B1B68A1
:10463000002B50D04FF08043C3F8040340E04FF00C
:104640008043D3F81814D3F81824C8032AD502F0ED
:104650000303012B04D013B10020FFF753FF002305
:104660004FF08042C2F818350023C2F80431D2F866
:1046700004311E4AD2F8FC0040F08073C2F8FC30CE
:104680001B4B1C6844F0010119605D685968491BA7
:10469000B1F50A5FFAD31C60C2F8FC000823154A82
:1046A0000220BFE7D3F81424D107D8D5D3F81C24AF
:1046B0009207D1D40C4A12681AB10222C3F804231B
:1046C00038BDD3F80421002AFBD00022C3F804210E
:1046D000D3F80431F4E71368002BFCD000231360F7
:1046E0001368EDE7000100401413002000ED00E026
:1046F000001000E00401004010B54FF08043D3F8F3
:1047000000216AB10022C3F80021D3F80021012260
:10471000C3F80823114B587910B95A711B68984790
:104720004FF08043D3F8042172B10022C3F8042172
:10473000D3F80421D3F81824D3F81824920704D10D
:104740000122C3F818259A6010BD0222C3F808237D
:10475000024BBDE810401B680120184714130020CD
:1047600070B500F108030C4C34F81330DA05054637
:104770000E4607D5C3F3432304EBC30254F833308A
:1047800052689847A3682BB1E26831462846BDE8D5
:104790007040184770BD00BFEC04002010B4C0B2D8
:1047A000114A083032F81030D9051BD5C3F3432124
:1047B00023F4F85322F8103002F10E04002034F8EC
:1047C000023F13F4807F03D0C3F34323994209D0FF
:1047D00001302028F3D1002342F83130034810BCC7
:1047E000FFF770BE10BC7047EC04002044050020A9
:1047F000F0B5054600200446012607468C420BD141
:10480000114BD3F87C2132B10022C3F87C21D3F8BC
:104810007C3140F00040F0BDE3B29B0003F58072B4
:104820009B0806FA03F31D420BD002F1804202F509
:10483000C042D2F800C0BCF1000F02D0176012686D
:1048400018430134DAE700BF00600040CBB20246F3
:10485000083308460C4931F81330990611D59907E9
:104860000FD410685B0B01219940C0F8081312683F
:1048700002EB8303D3F8102522F00302C3F81025BE
:104880007047002102F06DBCEC040020F7B5CDB2FA
:10489000174E0835074636F81530DB070C4624D589
:1048A000FFF7D4FF36F815309A0606D55B0B3A6849
:1048B00003F5A273002142F823102046FFF76EFF94
:1048C000002301A826F81530019402F0F7FB019BA4
:1048D00000EB8300074BD0F80027134043F002039E
:1048E000C0F80037044803B0F0BD0448FBE700BF40
:1048F000EC040020F0F8FCFF0000AD0B0400AD0B51
:104900002DE9FF41136807460C461546FBB1CEB2B0
:10491000DFF83C81083638F8162002F02202222AFD
:1049200022D00022CDE900228DF80E208DF80F2034
:104930000DF10E010DF10F02204602F0C9FB38F80F
:10494000163023F0020343F0010328F816306B6899
:104950004BB393F800C05A683D4EE3B2083336F8C3
:104960001310880702D5B2B13A481FE021F02001A8
:10497000C904C90C26F813106AB1BCF1030FF3D8AF
:104980006A68386852681278BCF1000F11D102F5DC
:10499000A27240F822C036F8132022F01C0242EA2C
:1049A0008C0226F81320AB6843BB2B4804B0BDE84B
:1049B000F08100EB820041EA4231D0F810E52EF0A0
:1049C000030EC0F810E53F6807EB820741F02001B5
:1049D000D7F8100526F8131020F4473020F4407063
:1049E000C7F810052002D7F810E500F4F85040EAA7
:1049F0000C4040EA0E00C7F81005CCE7D3E9006789
:104A00002046FFF7CBFE002ECFD0114DD5E9002375
:104A1000964203D19F4201D1002209E00F480DF1D7
:104A20000F01FFF72BFD0C4B9842BFD19DF80F20D3
:104A300045F83260E4B205EBC20308345F6035F834
:104A4000143043EA422343F4807325F81430ACE772
:104A5000EC0400200400AD0B0000AD0B4405002069
:104A60002DE9FF4107460C461E4612B3CDB2DFF8D2
:104A7000D080083538F81530980701D4990621D42C
:104A800013F01C0F02D05378012B1BD001238DF89B
:104A90000F300023CDE900230DF10F01931C2046B8
:104AA000013202F015FB38F8153043F0030328F803
:104AB0001530002E42D0E1B2214D083135F81120D9
:104AC000930703D41F4804B0BDE8F08196F800E0D6
:104AD000D7F800C022F020020EF5A270D204002305
:104AE000D20C4CF8203025F8112096F801C0BCF10A
:104AF000000F23D03868B67800EB8E004FEA0C4CDC
:104B0000D0F8103523F4981323F4F853C0F8103577
:104B1000230203F4F8530CF4403C3605D0F810752A
:104B200043EA0C0306F4801642EA4E32334342F065
:104B300020023B4325F81120C0F810350248C2E797
:104B4000EC0400200400AD0B0000AD0B014BC3E9E9
:104B500002127047EC040020C9B20831044B33F84C
:104B60001130990643BF5B0B02481370024870472F
:104B7000EC0400200000AD0B0400AD0B70B5164D29
:104B800095F8604006462CBB2146402205F11000F6
:104B900000F06BFF30682E6D21468E420ED100234F
:104BA000C0F87C31D0F87C3140F30730FDF71CFAB7
:104BB00001230A4885F86030AB6570BDCBB29B001D
:104BC00003F580727C2B08BF845001F1010108BFFE
:104BD0008358E2E70248F0E7EC0400200000AD0B48
:104BE0000C00AD0B034B93F86000003818BF012098
:104BF000704700BFEC0400200148FFF763BC00BF12
:104C0000400500200148FFF739BC00BF40050020E7
:104C100073B503680C46D3F804130029A4BF4FF002
:104C20000041C3F80413E3B21D49083331F81330CF
:104C300099061AD513F0020617D15B0B9C00056884
:104C400004F580716E50695801682144D1F810450F
:104C500044F00104C1F810452AB10168012202FAAA
:104C600003F3C1F8043302B070BDC3F38203042B15
:104C700012D0052B12D001A8019402F01FFA019A5C
:104C8000D0F81035D34003F00103991C204602B040
:104C9000BDE8704002F065BA0321F7E70221F5E7AD
:104CA000EC0400202DE9F347544B554FD3F804038F
:104CB000396DC0B240F00040FFF79AFD051E18DACA
:104CC0000023F96D0093684602F05AFA4FF001088C
:104CD00097F85C30DA075AD4396D4FF00040FFF78F
:104CE00087FDF96D684602F04BFA0028F0D125F0F7
:104CF00000450124002D69D102B0BDE8F08794FA87
:104D0000A4F4B4FA84F4E00804F1080304F0070200
:104D100037F813901DF80030019408FA02F223EAE4
:104D200002030DF8003001A802F0C8F9019B03F559
:104D3000E0734FEA990150F82360C9F3820A4B07E8
:104D4000D146C6F3014626D520465146FFF708FD59
:104D500001A8019402F0B2F9019B03F5E073F6B2E9
:104D600050F82330C3F301439E4207D1002120466F
:104D700002F0F7F93146204602F0F3F901A8019458
:104D800002F09CF9019B08FA03F3C0F82035009C5F
:104D9000002CB4D1A0E7022E0CD10321204602F052
:104DA000E0F90AF00503012BE8D149462046FFF758
:104DB000D7FCE3E70221204602F0D3F9BAF1030F52
:104DC000F3D0032EDAD1BAF1020FEDE795FAA5F38D
:104DD000B3FA83F304FA03F29B0003F1804303F573
:104DE000C04325EA0205D3F81005D3F81015C0F327
:104DF0000420C1F30141FFF7B3FC7BE700600040F2
:104E0000EC040020044AD2F80034DB07FBD5016033
:104E1000BFF35F8F704700BF00E001404FF0805349
:104E20001A69B0FBF2F302FB130373B9084B0222B9
:104E3000C3F80425C3F80805D3F80024D207FBD52E
:104E400000220448C3F8042570470348704700BF98
:104E500000E001400000AD0B0A00AD0B10B5054CA1
:104E60000123C4F80435FFF7CDFF0023C4F804354F
:104E700010BD00BF00E0014010B5144CA822002175
:104E8000204600F0F2FD03232361114A6361114BB8
:104E9000A261E3614FF4806323620023A362636233
:104EA000E36222660C4A62661022A2662367E3660A
:104EB0006367BFF35F8F094A12F8011DE1540133A4
:104EC000102BF9D1BFF35F8F10BD00BF100400207D
:104ED0008C7F00001000002000000020A57F000053
:104EE000F8B5144B182700FB07751D4407FB00336A
:104EF0000E46DB6A012B14460AD0022B14D023B9CC
:104F0000284602F05DF9844208D900242046F8BD05
:104F1000284602F055F9844228BF0446224631460D
:104F2000284602F056F9F1E72846BDE8F84002F0BD
:104F30006DB900BF10040020F8B50B4B1B78044678
:104F40000D4616460BB9FFF797FFEFF311874FF0A9
:104F5000200181F31188324629462046FFF7C0FF21
:104F600087F31188F8BD00BF1004002038B5094B45
:104F700053F82040013053F82050A54200D838BDE6
:104F8000636823B1204602F09FF90834F5E72368EF
:104F90009847FAE7BC77000008B50A4B01220320C6
:104FA0001A70FFF7E3FFFCF74DFE02F0A9F90420A9
:104FB000FFF7DCFFFBF7FCF9034A137B23F0010347
:104FC000137308BD232C00208005002008B503487A
:104FD000034A0021121A02F08FF908BD6005002073
:104FE000242C002008B50020FFF7C0FF184B83F3E6
:104FF0000888184C636943F4007363610025E0235B
:1050000084F82230E57725766576A57684F82050F9
:10501000636A43F4E023636284F82350FCF750FF93
:10502000FDF75EF84FF0FF33A362E362FDF7F2F89D
:10503000FDF77AF802F022F90120FFF797FF02202E
:10504000FFF794FF04482B462A462946FDF730F81F
:105050002834002000ED00E0994F000008B5064814
:10506000064A0749121A02F049F9BDE80840054A04
:105070000549064802F042B9C0040020600500203E
:10508000B07F000000000000A87F0000C0040020E6
:10509000034B1B680BB9FEF707B90020704700BF30
:1050A0001C13002030B570B10B4B5B6898420AD0DE
:1050B000036843B1D3E90421D0E90445121941EB57
:1050C0000501C3E90421D0E9003213605A600023CE
:1050D000C0E9003330BD00BF5005002010B50E4BB5
:1050E0001C689C4204D1FFF7D3FF6FF0004010BD55
:1050F000FFF7CEFF002CF8D0D4E904321B1A62EB84
:10510000E072B3F1004F72F10001EEDA002AACBF99
:1051100018460020EBE700BF500500202DE9F84FAE
:10512000EFF3118C202383F31288BFF36F8FDFF826
:10513000ACA0DFF8AC902B4FC9F80000DAF8000003
:105140000024504508BF00200025D7E90021D9F8E8
:105150000030E04678B3D0E9046C4FEAE37EB34216
:105160007EEB0C0B05DAF61A6CEB0E04C0E9046456
:1051700021E0B21841EBE671C0E90445C7E900211E
:10518000FFF790FF88F31188BFF36F8F836898470C
:10519000EFF31188202383F31288BFF36F8FD9F8C0
:1051A0000030DAF800009B1B5045C446C9F80030B7
:1051B000CBD1D7E900219A1841EBE3730024C7E96A
:1051C0000023C9F80040FFF789FF2146FEF73EF8AB
:1051D00088F31188BFF36F8FBDE8F88F500500206A
:1051E0001C1300200006002070470020704730B5D7
:1051F00083688B4285B0044615460ED96368C06843
:10520000194401AA00F030FD28B96268019B9B1A7D
:105210002B60029B6B6005B030BD6FF02100FAE798
:105220002DE9F7430E4617469946044628B94FF034
:10523000FF38404603B0BDE8F0830029F7D0002ACC
:10524000F5D0CB680D891D4404230DEB03022946DC
:10525000384600F032FB80460028E8D1BDF8041043
:10526000738946F60812914225D1BDF8061099427D
:10527000DDD104230DEB03022944384600F01DFB69
:105280000028D4D1BDF8042046F607139A42CED1A7
:10529000C4E900679DF82830A4F80890A3727389C8
:1052A000BDF806202B44E360738913442B44043576
:1052B00063612561BDE7002BE4D0B8E72DE9F34138
:1052C0000E4617461D46044620B94FF0FF3002B087
:1052D000BDE8F0810368002BF7D04368002BF4D0C1
:1052E0004FF6FF78D4E904239A4216D223685B89EB
:1052F00023B1E368934204BF04332361042321698B
:1053000060680DEB030200F0D8FA0028DDD1A37A23
:105310002BB1D4E903329A4201D30120D7E7238984
:10532000BDF80610434501F1040203D0BDF804C0E6
:105330009C450BD115B1BDF804302B802369043393
:1053400033603980236913442361C0E72369134420
:105350002361C7E748B103683BB143682BB1C0681C
:10536000884294BF0020012070474FF0FF30704703
:1053700000F060BB4FF4C07358433030704710B535
:10538000044600F0DCFAA3684FF4C072303B02FB25
:10539000103010BD70B50D46044600F04CFD2A4695
:1053A000A0F1080104232046BDE8704000F085BA52
:1053B00013B50446019100F03EFD0423A0F108015D
:1053C0000DEB0302204600F079FD02B010BD70B570
:1053D00013460E461546002102460446FBF774FDAF
:1053E00050B92B4604F12C0201212046FBF76CFD3D
:1053F00010B1002E08BF002070BD73B50446002018
:105400000D461646FBF754F86946C0B2FCF7C2FBDE
:1054100030BB2C2303FB05440098E36825891D4419
:1054200004230DEB0302294600F047FAC0B9BDF88A
:1054300004206489009846F608139A4215D1BDF8F5
:1054400006309C420CD104230DEB0302611900F0DD
:1054500034FA28B9BDF8042046F607139A4207D05B
:10546000009800F029FA02B070BD002CF2D0F7E7E6
:10547000BDF80610214429443160F1E737B50446F0
:10548000426A802501A902200195FCF7ABFB58B9BF
:10549000019B226DA36201A905200195FCF7A2FBE7
:1054A000054628B1092500E00125284603B030BD96
:1054B000019B206A636500F042FAE065F5E701238D
:1054C000036003F1012343600023C0E90233704706
:1054D0004379012B07D10368012B04D10079431EC6
:1054E000584258417047002070477FB506460D4628
:1054F000022001A9FCF74EFB38BB0198FFF73FFFE4
:10550000F16D0446284600F0D0F80444019800F0FC
:1055100016FA0646019800F019FA082201460DEB2A
:10552000020000F0A2FA2B798DF80830214601988C
:10553000334602AA00F0D6F9041E019818BF0124D0
:1055400000F0BAF9204604B070BD0124FAE700F07B
:10555000DEB92DE9F8430E46002107460846FAF762
:10556000A7FF012104460020FAF7A2FF33789C42EE
:1055700021D0984221D101252C2303FB0575F86D1C
:10558000AC6AFFF7F7FE013C07464FF000086B6A74
:1055900003EBC40253F83410D2F804901B684A4657
:1055A000C91A3046C844FFF7D2FFB84504F1FF34AA
:1055B000EDD3BDE8F8830025DEE70120F9E737B534
:1055C00015460C460520694600F0BBFCE979012927
:1055D00003D00022204600F0C8FC9DF80330012BC8
:1055E00002D1204600F0A0FCA9682046FFF7E0FEAB
:1055F0002046FDF77BFE002003B030BD73B50D469D
:105600000646FBF767FD0446E86050B302282DD13B
:1056100001A9FCF7BFFA58BB01982A463146FBF7AF
:10562000B9FC0446D0B9019800F005FC01230146FD
:105630000DF10302019800F040F90446A0B9019869
:1056400001220DF1030100F00AFC10B101238DF8D5
:1056500003309DF8033003F00F03EB71019800F065
:105660002BF9204602B070BD0124F7E70724F8E7C4
:105670000124F6E738B5436A0446C06D5D68FFF75C
:1056800079FE0246A06A002301382B449A4201D9D0
:105690000138FAE738BD436A00205A6803461344CC
:1056A0008B4200F10100FAD3704710B543790279BB
:1056B000012B14BFCB01002302F1FF3201FB0233A7
:1056C000026814BF4C000C46013A04FB023010BDC6
:1056D000002070470FB407B504A951F8040B0191DD
:1056E000FBF714FF03B05DF804EB04B07047038BC5
:1056F00013F0070305D10368002B0CBF0020032023
:105700007047022B05D1408BB0FA80F04009800031
:105710007047012B05D10368002B0CBF002005202A
:1057200070470020704710B50C4600B111B96FF0FA
:10573000150010BD081D00F093F80028F9D1A368EA
:10574000032BF6D9F3E72DE9F0410D46074619463C
:10575000281D90461E4600F094F8044638B13346A2
:10576000424629463846A446BDE8F0416047BDE8B8
:10577000F08110B4EFF31182202484F31288BFF378
:105780006F8F416110BC0121FCF7F0B838B50C46B1
:10579000054658B151B10B6843B14B6833B11C2277
:1057A000002100F062F92C61002038BD6FF0150077
:1057B000FBE770B505460E46FFF7B5FF041E14DB88
:1057C000EFF31182202383F31288BFF36F8F6B8B6B
:1057D0002C8B4FF6FF718B4204F0070407D182F344
:1057E0001188BFF36F8F6FF00A04204670BD022C42
:1057F0000CD101336B8382F31188BFF36F8F0023C9
:10580000224631462846FFF79EFFEEE7062C14D8C5
:10581000DFE804F004131313041A040000233360B8
:105820006B683BB9C5E90066ACB902212846FCF7B4
:105830009DF8DAE71E606E60F6E782F31188BFF329
:105840006F8F6FF00404D0E782F31188BFF36F8F7E
:105850006FF08504C9E782F31188BFF36F8FC4E747
:10586000034658B1426802F00302012A03D0032A1A
:1058700004D1026812B10020986070476FF01500E3
:1058800070474268816002F00302032A4FF0000271
:1058900003460CBF006810465A60704770470FB44B
:1058A00007B504A951F8040B0191FBF72FFE03B0D3
:1058B0005DF804EB04B070477047002930B404462B
:1058C00018460BDBA5680844A84207D8E06864685E
:1058D000214484682468A44630BC60476FF01500FA
:1058E00030BC7047002930B4044618460BDBA5686D
:1058F0000844A84207D8E068646821448468646862
:10590000A44630BC60476FF0150030BC70470029DA
:10591000034610B410460BDB9C680844A04207D82D
:10592000D8685B68194483689B682BB110BC184722
:105930006FF0150010BC70476FF05700FAE708B51C
:10594000C0688368DB689847006808BD08B5C06810
:105950008368DB689847407908BD70B54C68036878
:10596000A34201D2012070BD8A682244934201D330
:105970000020F8E7D1E903254E69B54203D36FF063
:105980000B038B61F4E71B1B42F835304368086951
:1059900002EBC00253600B6901330B61E2E701289F
:1059A00001D1EFF3058301F080BC01460068FFF7E9
:1059B000F6BF08B5FCF758F9BDE8084000F000B89C
:1059C000704700210120FFF7EABF61B662B680F39D
:1059D0001188BFF36F8F7047EFF31180202383F39B
:1059E0001288BFF36F8F704772B6002383F311885C
:1059F000BFF36F8FBFF34F8F20BF80F31188BFF3CA
:105A00006F8F62B67047202809D9B0F1004F08D8CF
:105A10000138B0FA80F0C0F11F0040007047082044
:105A200070473E207047034600201A5C02B9704759
:105A30000130FAE710B55AB10139841810F8012B7A
:105A400011F8013FA04201D09A42F7D0D01A10BD00
:105A50001046FCE710B5431E0A44914200D110BD28
:105A600011F8014B03F8014FF7E7C9B202440346AE
:105A7000934200D1704703F8011BF9E74FF0FF3064
:105A800070470369C9B20C2201FB0233186C00F0A5
:105A90000700704770B5C9B20369EFF31185202480
:105AA00084F31288BFF36F8F0C2606FB0134246C3D
:105AB00014F0C00408D0A24206D085F31188BFF3C9
:105AC0006F8F4FF0FF3070BD71430B4401221A6499
:105AD00085F31188BFF36F8F43680B445B68984769
:105AE0000020F0E78022FFF7D5BFF8B5069F0469D4
:105AF000C9B2EFF31186202585F31288BFF36F8FAB
:105B00000C2569430C44256C05F0070CBCF1010F12
:105B10000BD1276486F31188BFF36F8FC4E90E237E
:105B200043685B5898470020F8BD05F0C005AF42B8
:105B300086F31188BFF36F8F0CBF6FF077004FF0C3
:105B4000FF30F1E713B580240094FFF7CEFF02B0D9
:105B500010BD6FF08500704710B40069CBB21C24F3
:105B600003FB0400002110BC1047002001F0A4BA80
:105B700038B505460C4601F015FB002D07DBA842A1
:105B800005D9401B84428CBF0020012038BD002075
:105B9000FCE770B50C46154601F00AFB294606469F
:105BA0002046FFF7E5FFB8B1B4FBF6F306FB13435D
:105BB00093B9B5FBF6F306FB13536BB9AE4201D9AB
:105BC000002070BD01F0F4FA06462046FFF726F9E2
:105BD000AD1B3444F9D1F3E76FF01500F1E770B570
:105BE0000D462846194616461C46FFF7C1FF38B138
:105BF00024B1224629463046FFF72CFF002070BD15
:105C00006FF01500FBE7F7B51C46164600238268C7
:105C10002360A36013690D4601AA69469847019B5A
:105C20005A1E01921BB96FF0150003B0F0BD009829
:105C3000A26847682168676085B9B31AD0F800C0C8
:105C4000634528BF63461A4403FB07112160A26025
:105C500002689A4206D808300090E0E76B1AB3FB5E
:105C6000F7F3EBE70020E0E713460022FFF7CBBF96
:105C70002DE9F047836886B01B698846914601A9E3
:105C800002AA98470024A2462546029BAB4202D8AE
:105C900006B0BDE8F087019F07EBC50700267B68CB
:105CA00004933A68B2420AEB060302D801359A46D9
:105CB000EBE703940593494603A8C0470028E7D0C3
:105CC000049B01361C44ECE743685B68D3F810354D
:105CD0000B600020704743685B6802EA010021EA1C
:105CE0000201C3F80805C3F80C150020704743688B
:105CF0005B680020C3F80815704743685B680020A4
:105D0000C3F80C15704743685A68D2F8043521EA85
:105D100003000B40C2F80805C2F80C35002070479C
:105D200010B503695868F8B1884219D19C680868B1
:105D30005860A14200D19860002008602AB15A68DA
:105D40000A609A68596002B99960002010E08142A7
:105D500006D10868206098688142EDD19C60EBE72D
:105D6000044600680028F2D1002AE8D16FF015003F
:105D700010BD30B543681360057A446804EBC50470
:105D8000A34202D36FF0010030BD5C798C4201D098
:105D90000833F0E70020F7E700F150039B009BB2C7
:105DA00003F1804303F5883300221A601B687047B3
:105DB0002DE9F0434FF080430446884685B0012723
:105DC00044EA080400EB0109C3F80876050B102229
:105DD00000216846C4F30B04FFF747FE4FEA19366B
:105DE00024B9B9F5012F01D2B54210D96FF01500D1
:105DF0001EE06A0904AB03EB820205F01F0352F8B0
:105E0000101C07FA03F30B4342F8103C0135B5426E
:105E1000EFD14FF08043009AC3F80026019AC3F8EF
:105E20000426029AC3F81026039AC3F81426002009
:105E300005B0BDE8F0838068183820F007001038FE
:105E40007047042809D0052803D1481E18BF012037
:105E50007047431A5842584170470120704738B57F
:105E600015460C4661B15AB1FFF770FD2544214635
:105E700011F8013B834203D1A942F9D1012038BD79
:105E80000020FCE738B50C460123114622460546A2
:105E9000FFF713FD00280FDB012221462846FFF7FC
:105EA000DEFF38B92378012B14BF022301232370AE
:105EB000002038BD0323FAE70120FAE72DE9F74374
:105EC0001D4606460F469046FFF739FD6C1E0444FA
:105ED00040420440082C1AD83046FFF737FD2A46C6
:105EE000814641466846FFF7B5FD621B49460DEB0A
:105EF0000500FFF7BAFD23466A4639463046FFF7EC
:105F0000F1FC003818BF012003B0BDE8F0834FF06A
:105F1000FF30F9E707B501238DF8042001AAFFF748
:105F2000CDFF03B05DF804FB81681839012221F030
:105F30000701FFF7EFBF8268183A22F00702FFF768
:105F4000A1BF13B50C46C0B201A9FBF723FE50B99F
:105F500021460198FDF7EAF904460198FFF7ACFCE9
:105F6000204602B010BD0124FAE713B541EA021140
:105F700004468DF80710FFF75EFF012301460DF17F
:105F800007022046FFF79AFF02B010BD816818395A
:105F900021F0070101220839FFF7BCBF70B5046882
:105FA0000D1B002D02DC6FF05F0070BD94F90060E6
:105FB0002378002E0ADB631C0360237813600368D8
:105FC000C91A13688B42EED80020EEE703F07F0376
:105FD0005C1E032C13D89D42E5DD00241460046888
:105FE0000134046004681568247844EA05241460C8
:105FF0000468013B04F101040460F3D1DFE76FF0B2
:106000006300D2E770B404680E1B002E07DD26780B
:106010009E4208D10134046070BCFFF7BFBF6FF02F
:106020005F0070BC70476FF06100FAE773B5022340
:10603000154601AA0446FFF7E5FF40B9019E216815
:106040003246284600F0A6FB23683344236002B0A2
:1060500070BD0139002901DA0020704750F8213065
:10606000002BF6D0B3FA83F00131C0EB411070473A
:1060700039B101F18041013900EB810181420346D0
:1060800000D270471B680A681BBA12BA40F8042B8A
:1060900041F80439F2E72DE9F0411C4613F00303FF
:1060A00018BF012303EB94038B4206460D4690462E
:1060B00013D879B18F003A460021FFF7D6FC2CB1F6
:1060C000381B224641463044FFF7C4FC294630467F
:1060D000FFF7CEFF0020BDE8F0816FF00700FAE780
:1060E000B3EB810F70B504464FEA8105104619D90C
:1060F0005A1B86180021FFF7B8FC30462B46C21801
:1061000000218B4210D1002070BD22F0030102F06B
:1061100003066158F600F140C9B281B90132AA42C2
:10612000F3D1ECE71A46FAE721F0030001F003058A
:106130002058ED00E84002F8010D0131E1E76FF071
:106140000700E1E753098B42F0B402F01F0401D8C5
:1061500009D124B18A00F0BC0021FFF786BC1F2AB8
:1061600003D8F0BC70471F2A0AD900EB8302051F31
:1061700000EB8106B24216D1CB1A00228B4217D314
:10618000002CEED000EB81010022C4F120068142F8
:10619000E7D051F8045C25FA04F3134341F8043DB9
:1061A00005FA06F2F3E752F8047B45F8047FE1E7CD
:1061B00040F823200133E1E71F2AF0B54FEA5214DB
:1061C00002F01F0512D96FF0030606FB04060B460A
:1061D0009C4203F1FF3212D3631A8C4288BF002322
:1061E0000B4400EB8303002283420ED135B100EB58
:1061F00084000022C5F120078C4209D3F0BD56F877
:10620000223040F822301346E2E743F8042DEBE752
:10621000066806FA05F3134340F8043B013426FAF6
:1062200007F2E9E7F0B50024844620469C4200D1FD
:10623000F0BD51F8245052F824702E182CBF0125BF
:106240000025BF194CF8247045F100000134EDE73A
:10625000F0B50024064620469C4200D1F0BD51F81E
:1062600024C052F82470ACEB0005AF4294BF4FF04D
:10627000000E4FF0010EED1B46F8245084452CBF54
:1062800070460EF101000134E6E78B422DE9F0473C
:1062900028BF0B469646DE08089A0446C91A03F042
:1062A000070875460346B44600200CF1FF3CBCF1DC
:1062B000FF3F03F1200305F1200511D104EB461443
:1062C0000EEB46164FEA880C06EB880E25467645FF
:1062D00040F081806444013980F08B80BDE8F08714
:1062E00055F8207CA2FB079710EB090953F8200C06
:1062F00047F1000710EB090043F8200C55F81C0C7F
:1063000047F10007A2FB00093F1853F81C0C49F1A4
:106310000009C01943F81C0C55F8180C49F1000984
:10632000A2FB000719EB000953F8180C47F100070E
:1063300010EB090043F8180C55F8140C47F100074E
:10634000A2FB00093F1853F8140C49F10009C019C9
:1063500043F8140C55F8100C49F10009A2FB000792
:1063600019EB000953F8100C47F1000710EB090076
:1063700043F8100C55F80C0C47F10007A2FB00097C
:106380003F1853F80C0C49F10009C01943F80C0CE4
:1063900055F8080C49F10009A2FB000719EB0009A8
:1063A00053F8080C47F1000710EB090043F8080CFC
:1063B00055F8040C47F10007A2FB000A17EB00098F
:1063C00053F8047C4AF1000017EB090740F1000084
:1063D00043F8047C69E756F8043BA2FB0337C31873
:1063E000286847F10007C31845F8043B47F100004F
:1063F0006DE723681B1844F8043B2CBF01200020E4
:1064000069E70168881C400000F008000844032385
:1064100000FB01F2C2F10202013B02FB00F0F7D1E6
:10642000404270472DE9F04F87B091460493109B8E
:106430000293DDE91183139D05934FEAC802834659
:106440008A46043200212846FFF70FFB08F10203B9
:106450002E4600240393444515D105EB84012346C1
:10646000029A51F824505846FFF7F2FE6840FDF7B3
:1064700033F8A6000A4600235946109607B0BDE837
:10648000F04FFDF7C5BA5AF82430D9F80020376824
:106490000399009302FB0377059A049B5743304608
:1064A0004A46FFF7F2FE3046DDE9022100974346F7
:1064B000FFF7EBFE04360134CDE738B50D46012178
:1064C000044600F031F988B9E9882046890100F0D6
:1064D0007DF958B92A462146204600F02FFB28B9FD
:1064E000E9882046BDE8384000F0B8B838BD490119
:1064F000502934BF01220322012393400333584320
:106500000130704710B586B00B9C04940A9C03942C
:1065100000240294099C0194089C0094FDF700F863
:1065200006B010BD10B586B00B9C04940A9C039471
:106530004FF02A340294099C0194089C0094FCF7C3
:10654000EFFF06B010BD30B50546104600229A4256
:1065500000D130BD51F82240241A45F8224034BF02
:10656000012000200132F2E7034600EB8101002008
:106570008B4201D1FCF7B0BF53F8042B1043F7E76F
:106580001FB5089C0394069C0092CDE90134079A3C
:10659000FFF748FF04B010BD30B587B01C460B9D17
:1065A00003950A9D00920123CDE9014505AA0593B3
:1065B000FFF738FF07B030BD00220123C0E90023F8
:1065C000704710B5044648B1006818B1E1888900E9
:1065D00000F0DDFB00220123C4E9002310BD42F2DC
:1065E0001073994270B504460D4602D96FF00F0042
:1065F00070BDC3888B4201D30020F9E704212846EF
:10660000FDF7F2FB06460028F0D0216841B1E28890
:106610009200FFF71FFAE1882068890000F0B7FBBD
:10662000E5802660E8E738B504460D4619B9FFF75E
:10663000C8FF002038BDC2888A4207D10068920096
:106640000021FFF712FA0123A380F2E7FFF7B9FF59
:1066500029462046BDE83840FFF7C1BF42F210731B
:10666000994270B50A46054602D96FF00F0070BD19
:10667000C3888B4207D8BDE87040FFF7B0BF2968D8
:1066800051F8231011B9013B002BF8D15C1C944246
:1066900038BF144604212046FDF7A6FB0646002815
:1066A000E3D0296839B1A200FFF7D4F9E988286856
:1066B000890000F06CFBEC802E600020D7E7884258
:1066C00070B505460E4609D0C988C28841B92AB1BD
:1066D0000123838092000068FFF7C7F9002070BD96
:1066E0004C1E8CB90134B6F90430AB80A24212D2F0
:1066F00021462846FFF773FF0028F0D1316828684B
:10670000A200FFF7A7F9E9E7336853F82430002B1C
:10671000E8D1013CE5E72868121B9200002100EB5C
:106720008400FFF7A2F9E9E770B50C4601210546A0
:10673000FFF755FF064688B9EA88014692002868A7
:10674000FFF793F984EAE472A2EBE472E40FC4EB7E
:10675000C4342B68640001341A60AC80304670BDCC
:10676000C388B1EB431F3FBF03684A0901F01F0113
:1067700053F822003ABFC84000F0010000207047E3
:10678000C1880068FFF765BC08B5FFF7F9FF07305F
:10679000C00808BD70B50E4612F0030118BF0121F4
:1067A00001EB920105461446FFF73DFF38B9E98831
:1067B000286823463246BDE87040FFF76CBC70BDC8
:1067C00013460A46C1880068FFF78ABC38B50446FC
:1067D0000D46FFF7D5FFE3882844B0EB431F06D8EA
:1067E0002068E1882A46FFF7E7FC002038BD10F05A
:1067F0001F0118BF012101EB50112046FFF7EFFEEA
:106800000028EDD0F2E708B50A46C18811B100684A
:10681000FFF798FC002008BD10B5C38823B9CA88CB
:106820005AB9ABB1012017E0026802EB830252F8BB
:10683000042C002AF3D1013BF0E70C6804EB82043E
:1068400054F8044C0CB9013AEAE79342EAD80FD362
:10685000013B5A1C01D1002010BD026852F82340B0
:106860000A6852F823209442DCD803F1FF33F0D2B7
:106870004FF0FF30F0E730B5C38823B9CA885AB962
:10688000002B3DD136E0026802EB830252F8042C63
:10689000002AF3D1013BF0E70C6804EB820555F8C0
:1068A000045C4DBB013AEAE7B1F9045003D2B1F9F7
:1068B0000400404226E0B0F90420002A03DD002D48
:1068C0000CDA01201EE0002D08DD3AB14FF0FF3058
:1068D00018E003F1FF330BD2504213E0013B016893
:1068E00051F8235054F823108D42F2D9104609E094
:1068F000591CF4D1002005E0002BD8D09342D3D905
:10690000B0F9040030BD1FB581EAE173A3EBE17378
:10691000C90FC1EBC1314900019301310123ADF829
:106920000C10ADF80E3002A901AB0293FFF7A3FFE4
:1069300005B05DF804FB90422DE9F04105460F4695
:10694000144602D0884206D127460123AB80FC883A
:106950003CB9002003E0FFF7B2FE0028F4D0BDE808
:10696000F0813B6803EB84034FEA840853F8043C4E
:106970000BB9013CECE721462846FFF730FE002822
:10698000EDD12E683A68234631463046FFF74AFC7F
:1069900006EB08030746002FDBD0EA88A24204F189
:1069A000010608D831462846FFF719FE0028D6D13F
:1069B0002B6803EB84031A68D21943F8042B2CBF0D
:1069C000012700273446E6E72DE9F041D488054643
:1069D0000E4690463CB9F188A1420ED26FF00907ED
:1069E0003846BDE8F081D8F8003003EB840353F853
:1069F000043C002BEFD1013CECE72846FFF7EFFD0C
:106A000007460028ECD1F28894420BD2AE4209D05E
:106A100031682868121B920001EB840100EB8400AE
:106A2000FFF718F8EA88F088824207D92B68121A13
:106A30009200002103EB8000FFF717F8D8F8002040
:106A4000316828682346FFF703FC024610B901238A
:106A5000AB80C5E72968EB8801EB84011B1B084666
:106A6000FFF771FD0028F2D0B8E72DE9F843B1F93E
:106A70000440B2F804C01CFB04FC66467343814624
:106A80000D4617461CD511462846FFF7C5FEB0F146
:106A900000080DDB3A4629464846FFF795FF98B9AE
:106AA000B8F1000F08BF0124A9F8044000200BE052
:106AB0002A464846FFF788FF30B9644224B2F3E71C
:106AC000FFF739FF0028EFD0BDE8F8830123FFF777
:106AD000CCBF4FF0FF33FFF7C8BF2DE9F341CF889C
:106AE0000546884616463FB1D8F8003003EB8703C9
:106AF00053F8043C3BB146B90021284602B0BDE83A
:106B0000F041FFF711BE013FEDE7791C2846FFF782
:106B100066FD044670B941462846FFF7D0FD04469D
:106B200040B9013E0096D8F80020E98828683B4625
:106B3000FFF7ABFB204602B0BDE8F08170B504461C
:106B40000D46104600211646FFF7DDFE002824DB27
:106B50002A46334621460020FCF7C0FD054638B1E1
:106B6000284670BD324621462046FFF7AFFF90B958
:106B700000212046FFF7C7FE0028F3DB3146204600
:106B8000FFF779FE0028EBDB324621462046FFF76F
:106B9000A0FF0028F2D00546E2E76FF00905DFE725
:106BA0002DE9F04F89B0DDE9125806468B4628469C
:106BB000002191460593FFF7A6FE002805DC6FF043
:106BC0000304204609B0BDE8F08F2B681B68D90785
:106BD000F5D500214846FFF796FE0028EFDB484632
:106BE000FFF7CEFDB0F5006FE9D82846FFF7C8FDE6
:106BF000B0F5006FE3D8B9F8061031B9012130467D
:106C000009B0BDE8F04FFFF78FBDE888FFF76FFCD4
:106C100004218246FDF7E8F80746002800F0AA8024
:106C200000220123CDE906234FEA8A0AB8F1000FBA
:106C30000DD1294606A8FFF740FC044600B3514693
:106C4000384600F0A4F806A8FFF7BBFCB9E7D8F86F
:106C50000030002B6ED106AB18462946FFF72DFCFD
:106C600006AB044640B15146384600F090F8D8F8DB
:106C70000030002BA5D1E6E793E8030088E8030085
:106C800059463046FFF71BFD0446002867D1012313
:106C9000B38029463046FFF7EEFD002857DAE98831
:106CA0003046FFF79CFC0446002858D12868FFF7BF
:106CB000A8FB069B0090029701933168EB882A6835
:106CC00004900846FFF75CFC059B0698B9F806207F
:106CD0003168B3F12A3FEB880192CDE90207D9F878
:106CE000002000922A68084641D1FFF71BFC049B54
:106CF000019700933168EB882A680846FFF74CFC3F
:106D0000BBF904B0BBF1FF3F29D1D9F800301B68B3
:106D1000DB0724D5F1883068FFF726FC01225946AD
:106D2000FCF7CEFC3246B08029463046FFF7CEFE57
:106D3000044614E0E9884046FFF751FC0446002869
:106D400091D198E8030008AB03E9030098E72A46CD
:106D500031463046FFF7F2FE044600289FD05146E8
:106D6000384600F014F8B8F1000F80D16BE7FFF758
:106D7000C9FBBCE76FF00F0423E713B5049CCDE912
:106D800000344FF02A33FFF70BFF02B010BD10B5EF
:106D9000044608B1FDF71CF82046BDE81040FDF799
:106DA00029B800207047704770472DE9F843044622
:106DB000DDE90876914698460D4651B9B9F1000FC4
:106DC00010D1B8F1000F15D1E7B91EBB55BB00209B
:106DD00006E00830FFF773FC0028EFD0A0F58140F3
:106DE000BDE8F883494604F12000FFF768FC00285D
:106DF000E7D0F3E7414604F12800FFF760FC0028E4
:106E0000E2D0EBE7394604F11800FFF758FC002800
:106E1000DBD0E3E7314604F11000FFF750FC002817
:106E2000D4D0DBE704F10800FFF7AEFC6060CEE7EA
:106E300010B5782200210446FEF717FE0023C4E9AE
:106E40001C3310BD4068704710B50446A0B36030D5
:106E5000FFF7B7FB04F16800FFF7B3FB04F148004C
:106E6000FFF7AFFB04F11800FFF7ABFB04F12800BC
:106E7000FFF7A7FB04F12000FFF7A3FB04F11000CC
:106E8000FFF79FFB04F10800FFF79BFB04F158009C
:106E9000FFF797FB04F15000FFF793FB04F140006C
:106EA000FFF78FFB04F13800FFF78BFB04F1300094
:106EB000BDE81040FFF785BB10BD00BA70476C22DB
:106EC0000021FEF7D2BD10B16C21FCF781BF7047E5
:106ED0002DE9F04105460E4614467AB3036C03F0E3
:106EE0003F079B18036422BF436C013343645FB3C5
:106EF000C7F1400842451CD342463844FEF7AAFD7C
:106F000029462846FDF7CAF8C8B92744A7F1400426
:106F10003F2C46440BD90027F1192846FDF7BEF84F
:106F200078B94037E31B3F2BF6D83E441C462CB1C2
:106F3000002722463146E819FEF78CFD0020BDE807
:106F4000F0814FF0FF30FAE73F2AE4D8F1E773B55C
:106F5000036C03F03F035A1C0D46382A4FF08001A2
:106F6000C1540446104400F28480C2F1380200216A
:106F7000FEF77BFDD4E91060730F43EAC000FFF712
:106F80009CFF04220DEB0201019004F13800FEF792
:106F900061FDF000FFF791FF04220DEB020101906B
:106FA00004F13C00FEF756FD21462046FDF776F839
:106FB0000646002857D1A06CFFF77FFF04220DEB97
:106FC000020101902846FEF745FDE06CFFF775FFD2
:106FD00004220DEB02010190A818FEF73BFD206D85
:106FE000FFF76BFF04220DEB0201019005F1080091
:106FF000FEF730FD606DFFF760FF04220DEB02012C
:10700000019005F10C00FEF725FDA06DFFF755FF7F
:1070100004220DEB0201019005F11000FEF71AFDAC
:10702000E06DFFF74AFF04220DEB0201019005F12C
:107030001400FEF70FFD206EFFF73FFF04220190C2
:107040000DEB020105F11800FEF704FDA36E53B924
:10705000606EFFF732FF042201900DEB020105F193
:107060001C00FEF7F7FC2046FFF72DFF304602B06C
:1070700070BDC2F140020021FEF7F7FC2146204618
:10708000FDF70CF806460028EDD1014638222046CF
:107090006EE7002070474FF08053D3F83001421C58
:1070A00004BF4FF0704393F8E00F831F58425841DC
:1070B0007047004700F0DEB8FDF724BA036803F01C
:1070C0001F025B0902600CBF4FF0A0400020704718
:1070D000F7B5019001A8DDE9084716461D46FFF700
:1070E000EDFF019BB6F1000C18BF4FF0010C00EB57
:1070F00083000B1E18BF0123002D43EA4C0314BF6D
:107100004FF00C0C4FF0000C002C43EA0C0314BFA2
:107110004FF4E06C4FF0000C002F43EA0C03D0F862
:10712000002714BF4FF4403C4FF0000C43EA0C031F
:1071300022EA030301B109780EB1367876001943CB
:107140000DB12D78AD0031430CB1247824022943D0
:107150000FB13F783F040C433C43C0F8004703B0F5
:10716000F0BD1FB50DF10F03019300238DF80F1033
:1071700000931A461946FFF7ABFF05B05DF804FB14
:10718000024611F0010007D04FF0A041D1F82035A0
:107190001360C1F8203503B900207047FDF776BBB6
:1071A000FDF754BB4FF080531A695869504370473C
:1071B0004FF08053186970474FF0805358697047FB
:1071C0000369C26893429CBF81685B18013B981AAF
:1071D00070472DE9F041D0E902840546A8EB04068A
:1071E0004068964220440F46144406D9FEF732FC0C
:1071F000BFF35F8FEC60BDE8F0813246A4EB08047A
:10720000FEF728FC68682246B919EFE72DE9F84334
:10721000C5680646894617464FF000083369B468CA
:1072200070689D4228BF1B19641BBC4203F1FF33E9
:1072300028BF3C465B1B9C4228BF1C464946224651
:107240002844FEF707FCB3682544A044A1443F1B33
:10725000AB4208BF0025BFF35F8FF560002FDDD183
:107260004046BDE8F883FDF707BE08B5FFF7FBFF12
:10727000002008BD08B1FBF793B87047704740B1D4
:10728000C368587810F001001EBF1878B0FA80F07B
:1072900040097047EFF31183202383F31288BFF373
:1072A0006F8FFEE708B5FFF7F5FF10B5EFF3118418
:1072B000202383F31288BFF36F8FFFF7F3FF84F36C
:1072C0001188BFF36F8F10BD10B5D0E9003433B90A
:1072D0000020E268537843F00103537010BD20464C
:1072E00098470028F4D00028B8BF4042E368FF2840
:1072F000A8BFFF201870ECE7FEF7B7BBFEF7AABBEC
:107300007047EFF30580003818BF01207047000078
:10731000008EFF7F010000008923000000000000B4
:1073200029240000687300006B7200000000000058
:10733000C92700007C730000E92C00009073000056
:10734000AD26000000000000FD2600000000000047
:10735000E930000000000000937000000000000011
:1073600065270000A47300004F7E0000FC7500003C
:10737000147600005805002084120020847E00004E
:107380004C760000647600005C050020E0120020CE
:107390009A7E000088760000A87600005E05002036
:1073A000D40400206A7E0000000000003076000057
:1073B0005A05002000000000F9460000B3700000EC
:1073C00000000000C359000000000000C359000085
:1073D00000000000C359000000000000C359000075
:1073E00000000000C3590000A54C0000B37000006D
:1073F00000000000C359000000000000C359000055
:1074000000000000C359000000000000C359000044
:1074100000000000C359000000000000C359000034
:1074200000000000C359000000000000C359000024
:1074300000000000C359000000000000C359000014
:10744000000000007931000000000000C359000076
:1074500000000000C359000000000000C3590000F4
:1074600000000000C359000000000000C3590000E4
:1074700000000000C359000000000000C3590000D4
:1074800000000000C359000000000000C3590000C4
:1074900000000000C359000000000000C3590000B4
:1074A00000000000C359000000000000C3590000A4
:1074B00000000000C359000000000000C359000094
:1074C00000000000C359000000000000C359000084
:1074D00000000000C359000000000000C359000074
:1074E00000000000C359000000000000C359000064
:1074F000E078000003000000FFFFFFFFFFFFFFFF39
:107500000338FDD8704700000200000005000000AD
:10751000010000008E7C00002C75000002000000BD
:107520000500000002000000050000000E01000040
:1075300009000000000000000000000000C0000082
:10754000A47300000100000000C000000002000061
:10755000A47300000200000000C0000000600300EF
:10756000A47300000300000000C20000005E0300DE
:10757000A47300000400000000C20000005E0300CD
:10758000A473000005000000002004000060030058
:10759000A4730000060000000080070000600000E7
:1075A000A47300000700000000E0070000100000C6
:1075B000A47300000800000000F0070000100000A5
:1075C000A4730000C00400200000000000000B06AF
:1075D00002000000D875000000000000407E00009E
:1075E0002400020200000020487E00001E000B1153
:1075F000E5230000B5230000000000002525000061
:10760000A52400005E7E0000812400006B5B00006A
:10761000647E0000535B0000E55A0000455B0000FB
:1076200000000000835A000000000000000000007D
:10763000DF5B00007D270000935B00005D270000FA
:107640004D2700000400000000FF0000FFFFFFFFC7
:10765000000000500000000000000000006000403A
:10766000000000004D280000C95C0000D75C00004D
:10767000EF5C0000FB5C0000075D0000C929000012
:10768000215D0000000000008C760000002000401A
:107690009876000001000000A076000002000000C3
:1076A000050000000B000001392C00006D2C0000CB
:1076B0005D2C00000200000005000000982F8A42A7
:1076C00091443771CFFBC0B5A5DBB5E95BC2563934
:1076D000F111F159A4823F92D55E1CAB98AA07D84C
:1076E000015B8312BE853124C37D0C55745DBE726F
:1076F000FEB1DE80A706DC9B74F19BC1C1699BE4EF
:107700008647BEEFC69DC10FCCA10C246F2CE92D7E
:10771000AA84744ADCA9B05CDA88F97652513E98A2
:107720006DC631A8C82703B0C77F59BFF30BE0C6A9
:107730004791A7D55163CA0667292914850AB72737
:1077400038211B2EFC6D2C4D130D385354730A65D4
:10775000BB0A6A762EC9C281852C7292A1E8BFA2AB
:107760004B661AA8708B4BC2A3516CC719E892D113
:10777000240699D685350EF470A06A1016C1A41996
:10778000086C371E4C774827B5BCB034B30C1C3995
:107790004AAAD84E4FCA9C5BF36F2E68EE828F7454
:1077A0006F63A5781478C8840802C78CFAFFBE906E
:1077B000EB6C50A4F7A3F9BEF27871C61873000001
:1077C00018730000507300005873000068730000C5
:1077D0006873000001000200100011001200200078
:1077E0002100220023002400300031003200330049
:1077F000FFFF77C295F360D2EF7F3552500F2CB662
:10780000798025633A205374617274696E672062CF
:107810006F6F746C6F616465720A0025633A20555E
:107820006E61626C6520746F2066696E6420626FA1
:107830006F7461626C6520696D6167650A0025631C
:107840003A20426F6F746C6F616465722063686187
:10785000696E6C6F61642061646472657373206F1C
:1078600066667365743A20307825780A0025633A95
:10787000204A756D70696E6720746F20746865208A
:10788000666972737420696D61676520736C6F74CB
:107890000A0025633A2050726F74656374206D632B
:1078A00075626F6F7420666C617368206661696CC5
:1078B00065642C2063616E63656C207374617274FF
:1078C00075702E0A0025633A204E65766572207326
:1078D000686F756C642067657420686572650A005E
:1078E0006D6375626F6F740025633A20696E76610F
:1078F0006C696420666C6173682049442025643B90
:107900002065787065637465642025640A00000052
:1079100000000000000025633A20556E61626C652E
:1079200020746F2064657465726D696E6520666C85
:1079300061736820736563746F72206F662074686A
:107940006520696D61676520747261696C65720A92
:10795000007072696D617279007365636F6E646146
:1079600072790025633A20496D61676520696E2050
:1079700074686520257320736C6F74206973206EA2
:107980006F742076616C6964210A0025633A2025B2
:1079900064207374617475732077726974652066EE
:1079A00061696C7320706572666F726D696E6720B5
:1079B00074686520737761700A0025633A20466118
:1079C000696C656420746F206F70656E20666C61F1
:1079D000736820617265612049442025642028690C
:1079E0006D61676520256420736C6F7420256429A0
:1079F0003A2025642C2063616E6E6F7420636F6E75
:107A000074696E75650A0025633A204661696C6584
:107A1000642072656164696E6720736563746F7258
:107A2000733B20424F4F545F4D41585F494D475F74
:107A3000534543544F52533D2564202D20746F6F9E
:107A400020736D616C6C3F0A0025633A20466169C2
:107A50006C65642072656164696E6720696D616739
:107A60006520686561646572733B20496D61676577
:107A70003D25750A0025633A204661696C656420DE
:107A800072656164696E6720626F6F7420737461E0
:107A90007475733B20496D6167653D25750A002546
:107AA000633A2070616E6963210A0025633A2044BD
:107AB0006574656374656420696E636F6E73697362
:107AC00074656E7420737461747573210A00256384
:107AD0003A2043616E6E6F742075706772616465E1
:107AE0003A206E6F74206120636F6D7061746962FB
:107AF0006C6520616D6F756E74206F6620736563B1
:107B0000746F72730A0025633A2043616E6E6F745E
:107B100020757067726164653A206D6F72652073BD
:107B20006563746F7273207468616E20616C6C6F32
:107B30007765640A0025633A2043616E6E6F742096
:107B4000757067726164653A206E6F742073616D41
:107B50006520736563746F72206C61796F75740A48
:107B60000062616400676F6F6400756E7365740016
:107B70005072696D61727920696D61676500256376
:107B80003A2025733A206D616769633D25732C2087
:107B9000737761705F747970653D307825782C203B
:107BA000636F70795F646F6E653D307825782C2047
:107BB000696D6167655F6F6B3D307825780A0053AA
:107BC00065636F6E6461727920696D616765002518
:107BD000633A20426F6F7420736F757263653A2049
:107BE0007072696D61727920736C6F740A0025631D
:107BF0003A20426F6F7420736F757263653A206E1E
:107C00006F6E650A0025633A205374617274696E61
:107C1000672073776170207573696E67206D6F766A
:107C20006520616C676F726974686D2E0A00256348
:107C30003A204E6F7420656E6F75676820667265B6
:107C40006520737061636520746F2072756E207398
:107C500077617020757067726164650A0025633A08
:107C6000207265717569726564202564206279747B
:107C7000657320627574206F6E6C792025642061B5
:107C8000726520617661696C61626C650A003082A0
:107C9000010A0282010100D106081A18442C18E8D2
:107CA000FBFDF70DA34F1FBBEE5EF9AAD24B18D315
:107CB0005AE96D188019F9F09C341BCBF3BC74DBC6
:107CC00042E78C7F10537E435E0D572C44D16708EA
:107CD0000F0DBB5CEEECB399DFE04D840BAA77414E
:107CE00060ED152849A701B43C10E6698C2F5FAC04
:107CF000414D9E5C14DFF2F8CF3D1E6FE75BBAB4D6
:107D0000A9C8887E473C94C37767544BAA8D383501
:107D1000CA62617EB7E115DB7773D4BE7B722189BD
:107D20006924FBF8656E643EC80ED785D55C4AE4CD
:107D3000530D2FFFB7FDF31339833FA3AED20FA727
:107D40006A9DF9FEB8CEFA2ABEAFB8E0FA8237547F
:107D5000F43EE12BD0D3085818F65E4CC888813128
:107D6000AD5FB08217F28A692723F3AB873E931A7F
:107D70001DFEE8F81A246659F81CABDCCE681B66B9
:107D80006435ECFA0D119DAF5C3AA7D167C647EF99
:107D9000B14B2C62E1D1C902030100012D0020008A
:107DA0002B00307800305800286E696C29002A2A90
:107DB0002A20426F6F74696E67204D4355626F6F62
:107DC000742076322E312E302D6465762D3435397F
:107DD000346138363933373338202A2A2A0A002AC0
:107DE0002A2A205573696E67206E524620436F6EB3
:107DF0006E6563742053444B2076322E382E302D1E
:107E0000613233383662666338343031202A2A2AA8
:107E10000A002A2A2A205573696E67205A657068FD
:107E20007972204F532076332E372E39392D306218
:107E300063333339336662313132202A2A2A0A0009
:107E4000464C4153485F30005352414D5F30006310
:107E50006C6F636B403430303030303030006866E7
:107E6000636C6B006C66636C6B00666C6173682D91
:107E7000636F6E74726F6C6C657240343030316554
:107E8000303030006770696F40353030303030301E
:107E90003000000102030405060775617274403466
:107EA00030303032303030007065726D0074657380
:107EB00074004255473B2063616E277420686170EF
:107EC00070656E007265766572740025633A2053A2
:107ED00065636F6E6461727920696D616765206F9B
:107EE0006620696D6167652070616972202825646C
:107EF0002E2920697320756E726561636861626CFA
:107F0000652E205472656174206974206173206548
:107F10006D7074790A0025633A20496D61676520A8
:107F2000696E6465783A2025642C2053776170204F
:107F3000747970653A2025730A0025633A20496DEB
:107F400061676520696E6465783A2025642C20534A
:107F500077617020747970653A206E6F6E650A00E3
:107F600004010403040204010401040301030304E3
:107F70000104092040081C4000000000010000002E
:107F80000101000001010101000000005465726D53
:107F9000696E616C000000000000005454522052D1
:107FA0004547474553000000FFFFFFFFFFFFFFFF6E
:107FB00001000000FFFFFFFFD156000034750000F4
:107FC0007D5A000000C20100000103006B5A00004E
:107FD000A76D0000A96D0000A36D00000000000067
:107FE0000000000000000000000000000000000091
:107FF0000000000000000000000000000000000081
:108000000000000000000000000000000000000070
:108010000000000000000000000000000000000060
:108020000000000000000000000000000800000048
:10803000FF00000000000000010000000000000040
:108040005005002050050020000000000000000046
:0480500015E015E042
:10C000003DB8F3960000000000020000FC9802001A
:10C01000000000000000010001000000000000001E
:10C02000FFFFFFFFFFFFFFFFFFFFFFFFFFFFFFFF20
:10C03000FFFFFFFFFFFFFFFFFFFFFFFFFFFFFFFF10
:10C04000FFFFFFFFFFFFFFFFFFFFFFFFFFFFFFFF00
:10C05000FFFFFFFFFFFFFFFFFFFFFFFFFFFFFFFFF0
:10C06000FFFFFFFFFFFFFFFFFFFFFFFFFFFFFFFFE0
:10C07000FFFFFFFFFFFFFFFFFFFFFFFFFFFFFFFFD0
:10C08000FFFFFFFFFFFFFFFFFFFFFFFFFFFFFFFFC0
:10C09000FFFFFFFFFFFFFFFFFFFFFFFFFFFFFFFFB0
:10C0A000FFFFFFFFFFFFFFFFFFFFFFFFFFFFFFFFA0
:10C0B000FFFFFFFFFFFFFFFFFFFFFFFFFFFFFFFF90
:10C0C000FFFFFFFFFFFFFFFFFFFFFFFFFFFFFFFF80
:10C0D000FFFFFFFFFFFFFFFFFFFFFFFFFFFFFFFF70
:10C0E000FFFFFFFFFFFFFFFFFFFFFFFFFFFFFFFF60
:10C0F000FFFFFFFFFFFFFFFFFFFFFFFFFFFFFFFF50
:10C10000FFFFFFFFFFFFFFFFFFFFFFFFFFFFFFFF3F
:10C11000FFFFFFFFFFFFFFFFFFFFFFFFFFFFFFFF2F
:10C12000FFFFFFFFFFFFFFFFFFFFFFFFFFFFFFFF1F
:10C13000FFFFFFFFFFFFFFFFFFFFFFFFFFFFFFFF0F
:10C14000FFFFFFFFFFFFFFFFFFFFFFFFFFFFFFFFFF
:10C15000FFFFFFFFFFFFFFFFFFFFFFFFFFFFFFFFEF
:10C16000FFFFFFFFFFFFFFFFFFFFFFFFFFFFFFFFDF
:10C17000FFFFFFFFFFFFFFFFFFFFFFFFFFFFFFFFCF
:10C18000FFFFFFFFFFFFFFFFFFFFFFFFFFFFFFFFBF
:10C19000FFFFFFFFFFFFFFFFFFFFFFFFFFFFFFFFAF
:10C1A000FFFFFFFFFFFFFFFFFFFFFFFFFFFFFFFF9F
:10C1B000FFFFFFFFFFFFFFFFFFFFFFFFFFFFFFFF8F
:10C1C000FFFFFFFFFFFFFFFFFFFFFFFFFFFFFFFF7F
:10C1D000FFFFFFFFFFFFFFFFFFFFFFFFFFFFFFFF6F
:10C1E000FFFFFFFFFFFFFFFFFFFFFFFFFFFFFFFF5F
:10C1F000FFFFFFFFFFFFFFFFFFFFFFFFFFFFFFFF4F
:10C200007084002005030200FBD50200F102020049
:10C21000F1020200F1020200F1020200000000003F
:10C22000000000000000000000000000DD0402002B
:10C23000F102020000000000A9040200F102020065
:10C2400069060200A90503006906020069060200EA
:10C25000690602006906020069060200690602001A
:10C260005F050300690602006906020093050300EA
:10C2700069060200690602006906020069060200FA
:10C2800069060200690602006906020069060200EA
:10C2900069060200690602006906020069060200DA
:10C2A00069060200690602006906020069060200CA
:10C2B00069060200690602006906020069060200BA
:10C2C00069060200690602006906020069060200AA
:10C2D000690602006906020069060200FFFFFFFF0F
:10C2E00081F0004102E000BF83F0004330B54FEA27
:10C2F00041044FEA430594EA050F08BF90EA020F94
:10C300001FBF54EA000C55EA020C7FEA645C7FEA26
:10C31000655C00F0E2804FEA5454D4EB5555B8BF49
:10C320006D420CDD2C4480EA020281EA030382EABA
:10C33000000083EA010180EA020281EA0303362D4C
:10C3400088BF30BD11F0004F4FEA01314FF4801C1F
:10C350004CEA113102D0404261EB410113F0004F31
:10C360004FEA03334CEA133302D0524263EB4303E8
:10C3700094EA050F00F0A780A4F10104D5F1200E86
:10C380000DDB02FA0EFC22FA05F2801841F10001E1
:10C3900003FA0EF2801843FA05F359410EE0A5F1B5
:10C3A00020050EF1200E012A03FA0EFC28BF4CF0E6
:10C3B000020C43FA05F3C01851EBE37101F000459C
:10C3C00007D54FF0000EDCF1000C7EEB00006EEBA9
:10C3D0000101B1F5801F1BD3B1F5001F0CD3490833
:10C3E0005FEA30004FEA3C0C04F101044FEA44528A
:10C3F00012F5800F80F09A80BCF1004F08BF5FEA11
:10C40000500C50F1000041EB045141EA050130BDF0
:10C410005FEA4C0C404141EB0101013C28BFB1F502
:10C42000801FE9D291F0000F04BF01460020B1FA4D
:10C4300081F308BF2033A3F10B03B3F120020CDA20
:10C440000C3208DD02F1140CC2F10C0201FA0CF0FE
:10C4500021FA02F10CE002F11402D8BFC2F1200C63
:10C4600001FA02F120FA0CFCDCBF41EA0C01904019
:10C47000E41AA2BF01EB0451294330BD6FEA040462
:10C480001F3C1CDA0C340EDC04F11404C4F120024D
:10C4900020FA04F001FA02F340EA030021FA04F35F
:10C4A00045EA030130BDC4F10C04C4F1200220FAB6
:10C4B00002F001FA04F340EA0300294630BD21FAF4
:10C4C00004F0294630BD94F0000F83F4801306BFBA
:10C4D00081F480110134013D4EE77FEA645C18BFAE
:10C4E0007FEA655C29D094EA050F08BF90EA020F45
:10C4F00005D054EA000C04BF1946104630BD91EA3D
:10C50000030F1EBF0021002030BD5FEA545C05D13F
:10C510004000494128BF41F0004130BD14F580047E
:10C520003CBF01F5801130BD01F0004545F0FE41F2
:10C5300041F470014FF0000030BD7FEA645C1ABF27
:10C54000194610467FEA655C1CBF0B46024650EA5E
:10C55000013406BF52EA033591EA030F41F400218A
:10C5600030BD00BF90F0000F04BF0021704730B510
:10C570004FF4806404F132044FF000054FF00001E5
:10C5800050E700BF90F0000F04BF0021704730B5A6
:10C590004FF4806404F1320410F0004548BF40427B
:10C5A0004FF000013EE700BF42004FEAE2014FEAD0
:10C5B00031014FEA02701FBF12F07F4393F07F4FAB
:10C5C00081F06051704732F07F4208BF704793F0AE
:10C5D0007F4F04BF41F40021704730B54FF46074C1
:10C5E00001F0004521F000411CE700BF50EA0102C4
:10C5F00008BF704730B54FF000050AE050EA01026D
:10C6000008BF704730B511F0004502D5404261EBDC
:10C6100041014FF4806404F132045FEA915C3FF41D
:10C62000D8AE4FF003025FEADC0C18BF03325FEABA
:10C63000DC0C18BF033202EBDC02C2F1200300FA6B
:10C6400003FC20FA02F001FA03FE40EA0E0021FA90
:10C6500002F11444BDE600BF70B54FF0FF0C4CF47E
:10C66000E06C1CEA11541DBF1CEA135594EA0C0F30
:10C6700095EA0C0F00F0DEF82C4481EA030621EA6B
:10C680004C5123EA4C5350EA013518BF52EA0335A6
:10C6900041F4801143F4801338D0A0FB02CE4FF058
:10C6A0000005E1FB02E506F00042E0FB03E54FF088
:10C6B0000006E1FB03569CF0000F18BF4EF0010E80
:10C6C000A4F1FF04B6F5007F64F5407404D25FEA7C
:10C6D0004E0E6D4146EB060642EAC62141EA55512F
:10C6E0004FEAC52040EA5E504FEACE2EB4F1FD0C71
:10C6F00088BFBCF5E06F1ED8BEF1004F08BF5FEAEF
:10C70000500E50F1000041EB045170BD06F00046A0
:10C7100046EA010140EA020081EA0301B4EB5C044D
:10C72000C2BFD4EB0C0541EA045170BD41F4801145
:10C730004FF0000E013C00F3AB8014F1360FDEBF6A
:10C74000002001F0004170BDC4F10004203C35DA46
:10C750000C341BDC04F11404C4F1200500FA05F3C9
:10C7600020FA04F001FA05F240EA020001F000426A
:10C7700021F0004110EBD37021FA04F642EB0601E0
:10C780005EEA430E08BF20EAD37070BDC4F10C040A
:10C79000C4F1200500FA04F320FA05F001FA04F2CE
:10C7A00040EA020001F0004110EBD37041F10001BA
:10C7B0005EEA430E08BF20EAD37070BDC4F12005C5
:10C7C00000FA05F24EEA020E20FA04F301FA05F22D
:10C7D00043EA020321FA04F001F0004121FA04F2D5
:10C7E00020EA020000EBD3705EEA430E08BF20EAA5
:10C7F000D37070BD94F0000F0FD101F000464000DF
:10C8000041EB010111F4801F08BF013CF7D041EA60
:10C81000060195F0000F18BF704703F00046520064
:10C8200043EB030313F4801F08BF013DF7D043EA35
:10C830000603704794EA0C0F0CEA135518BF95EAEB
:10C840000C0F0CD050EA410618BF52EA4306D1D172
:10C8500081EA030101F000414FF0000070BD50EA91
:10C86000410606BF1046194652EA430619D094EA1B
:10C870000C0F02D150EA013613D195EA0C0F05D105
:10C8800052EA03361CBF104619460AD181EA030159
:10C8900001F0004141F0FE4141F470014FF0000011
:10C8A00070BD41F0FE4141F4780170BD70B54FF0AC
:10C8B000FF0C4CF4E06C1CEA11541DBF1CEA13552C
:10C8C00094EA0C0F95EA0C0F00F0A7F8A4EB05040E
:10C8D00081EA030E52EA03354FEA013100F0888005
:10C8E0004FEA03334FF0805545EA131343EA1263CE
:10C8F0004FEA022245EA111545EA10654FEA002683
:10C900000EF000419D4208BF964244F1FD0404F53B
:10C91000407402D25B084FEA3202B61A65EB030597
:10C920005B084FEA32024FF480104FF4002CB6EB54
:10C93000020E75EB030E22BFB61A754640EA0C00D4
:10C940005B084FEA3202B6EB020E75EB030E22BF14
:10C95000B61A754640EA5C005B084FEA3202B6EB55
:10C96000020E75EB030E22BFB61A754640EA9C0014
:10C970005B084FEA3202B6EB020E75EB030E22BFE4
:10C98000B61A754640EADC0055EA060E18D04FEAA2
:10C99000051545EA16754FEA06164FEAC30343EA42
:10C9A00052734FEAC2025FEA1C1CC0D111F4801F0F
:10C9B0000BD141EA00014FF000004FF0004CB6E708
:10C9C00011F4801F04BF01430020B4F1FD0C88BFA7
:10C9D000BCF5E06F3FF6AFAEB5EB030C04BFB6EBB2
:10C9E000020C5FEA500C50F1000041EB045170BDA5
:10C9F0000EF0004E4EEA113114EB5C04C2BFD4EBD2
:10CA00000C0541EA045170BD41F480114FF0000E55
:10CA1000013C90E645EA060E8DE60CEA135594EAD1
:10CA20000C0F08BF95EA0C0F3FF43BAF94EA0C0FD4
:10CA30000AD150EA01347FF434AF95EA0C0F7FF449
:10CA400025AF104619462CE795EA0C0F06D152EA9D
:10CA500003353FF4FDAE1046194622E750EA410681
:10CA600018BF52EA43067FF4C5AE50EA41047FF492
:10CA70000DAF52EA43057FF4EBAE12E74FEA4102F5
:10CA800012F5001215D211D56FF47873B3EB625220
:10CA900012D94FEAC12343F0004343EA505311F047
:10CAA000004F23FA02F018BF404270474FF00000D9
:10CAB000704750EA013005D111F0004008BF6FF017
:10CAC000004070474FF00000704700BF53B94AB9AB
:10CAD000002908BF00281CBF4FF0FF314FF0FF3086
:10CAE00000F00CB8ADF1080C6DE904CE0BF032FA91
:10CAF000DDF804E0DDE9022304B07047704700BFB1
:10CB00002DE9F00791E8F807B2E802105B1854EB42
:10CB10000C04B2E802104D4156EB0C06B2E80210CC
:10CB20004F4158EB0C08B2E8021059EB01095AEBDF
:10CB30000C0A80E8F80780410130BDE8F007704733
:10CB40002DE9F00791E8F807B2E802105B1A74EBE0
:10CB50000C04B2E802108D4176EB0C06B2E802102C
:10CB60008F4178EB0C08B2E8021079EB01097AEBFF
:10CB70000C0A80E8F80780414042BDE8F0077047A2
:10CB80002DE9F007524290E87800B1E8800717409D
:10CB9000DB1918EA020854EB080419EA020955EBFC
:10CBA00009051AEA020A56EB0A0678C090E87800EE
:10CBB000B1E8800717407B4118EA020854EB0804EB
:10CBC00019EA020955EB09051AEA020A56EB0A06A8
:10CBD00078C080410130BDE8F00770472DE9F007CB
:10CBE000524290E87800B1E880071740DB1B18EA52
:10CBF000020874EB080419EA020975EB09051AEA40
:10CC0000020A76EB0A0678C090E87800B1E880075F
:10CC10001740BB4118EA020874EB080419EA02093C
:10CC200075EB09051AEA020A76EB0A0678C080411C
:10CC30004042BDE8F00770472DE9F00152424FF045
:10CC4000040890E8300091E8C000A31B1340E41AE8
:10CC5000F618EB1B1340ED1AFF1830C0C0C1B8F135
:10CC60000108EED1BDE8F001704700BF00B592E8C1
:10CC7000DC072DE9DC07B1E8805702B4A7FB0251BD
:10CC80000A95A8FB020BE7FB6310E9FB62B00B916E
:10CC9000A8FB0351EAFB6201E7FB64B5E7FB66050D
:10CCA000E8FB6615CDF830B0A9FB03B6EAFB6316C6
:10CCB000ECFB6356E8FB640BE9FB641BEAFB645B7B
:10CCC000ECFB646B0D90ACFB0230059CEEFB6250FC
:10CCD000E9FB6460EAFB64B0E7FB6431E8FB6451A4
:10CCE000069CE8FB6461E9FB64B1EAFB64010E9316
:10CCF000A7FB0432079CE7FB6462E8FB64B2E9FB34
:10CD00006402EAFB6412049CE9FB6453EAFB64637B
:10CD1000089CE7FB64B3E8FB6403E9FB6413EAFBEC
:10CD200064230F955DF8049B99E80006DDF8008008
:10CD3000A9FB0854EAFB68B4DDF81080ECFB68043A
:10CD4000EEFB6814E9FB6824EAFB6834DDF8048034
:10CD5000EEFB6865E9FB68B5EAFB6805DDF8148061
:10CD6000ECFB6815EEFB6825E9FB6835EAFB6845D6
:10CD70000F96DDF80880AEFB0876E9FB6806EAFB53
:10CD80006816DDF81880ECFB6826EEFB6836E9FBD8
:10CD90006846EAFB6856DDF80C80ECFB68B7EEFBF2
:10CDA0006807E9FB6817EAFB6827DDF81C80ECFBE5
:10CDB0006837EEFB6847E9FB6857EAFB686708B02D
:10CDC00000BD00BF2DE9F14F87B0FFF74FFFDDF841
:10CDD0001C8008F1200888E8FF00FFBC87E87F0876
:10CDE000BDE8F08F00B591E89857A3FB0352019579
:10CDF000A3FB0401E3FB6420E3FB67100292A3FBA7
:10CE00000752E3FB6802E4FB6415E3FB6805E3FB00
:10CE100069250391A4FB07B6E3FB6926E3FB6A5689
:10CE2000E4FB670BE4FB682BE3FB6A5BE3FB6C6BE7
:10CE30000490A4FB0810E4FB6950E3FB6C60E3FB87
:10CE40006EB0E7FB6721E4FB6951E4FB6A61E3FB39
:10CE50006EB1E4FB6E010592A7FB0832E4FB6A6247
:10CE6000E4FB6CB2E4FB6E02E7FB6E12E7FB685377
:10CE7000E7FB6963E4FB6CB3E7FB6C03E7FB6E1352
:10CE8000E8FB6E230695A7FB0954E7FB6AB4E7FBB2
:10CE90006C04E8FB6C14E8FB6E24E9FB6E34E8FBE1
:10CEA0006865E7FB6AB5E8FB6A05E8FB6C15E9FB1A
:10CEB0006C25E9FB6E35EAFB6E450796A8FB097603
:10CEC000E8FB6A06E9FB6A16E9FB6C26EAFB6C36AE
:10CED000EAFB6E46ECFB6E56E8FB69B7E9FB6907B7
:10CEE000E9FB6A17EAFB6A27EAFB6C37ECFB6C4745
:10CEF000ECFB6E57EEFB6E6700BD00BF2DE9F14FF6
:10CF000087B0FFF76FFFDDF81C8008F1200888E884
:10CF1000FF00FFBC87E87F08BDE8F08F30B44FF01A
:10CF2000000310F8014B11F8015B013A84EA050493
:10CF300043EA0403F5D1A3F101034FEAD37030BCF7
:10CF4000704700BF4FF0000310F8012B013943EA8E
:10CF50000203F9D1A3F101034FEAD370704700BF78
:10CF600030B411F8014B12F8015B6C4000F8014B32
:10CF7000013BF6D130BC70472DE9F00791E8F80786
:10CF8000B2E802105B1854EB0C04B2E802104D41F9
:10CF900056EB0C06B2E802104F4158EB0C08B2E811
:10CFA000021059EB01095AEB0C0A8941B3F1FF3326
:10CFB00074F1FF3475F1FF3576F1000677F1000763
:10CFC00078F1000879F101097AF1FF3A51F1000195
:10CFD0005B184C414D4156F1000657F1000758F1DE
:10CFE000000859EBD1795AEB010A80E8F807BDE84F
:10CFF000F00770472DE9F00791E8F807B2E8021052
:10D000005B1A74EB0C04B2E802108D4176EB0C064F
:10D01000B2E802108F4178EB0C08B2E8021079EB0D
:10D0200001097AEB0C0A89415B184C414D4156F1DC
:10D03000000657F1000758F1000859EBD1795AEB77
:10D04000010A80E8F807BDE8F007704718EB04080C
:10D0500059EB05095AEB060A5BEB070B5FF0000C76
:10D060004CF1000C18EB050859EB06095AEB070ABE
:10D070005BEB070B50EB0C005FF0000C51EB0C016D
:10D0800052EB0C0263414CF1000CB8EB070879F14C
:10D0900000097AF1000A7BEB040BA841B141A241DF
:10D0A000B3416CF1000CBBEB050BB041B941AA4197
:10D0B000BB416CF1000C4CF001068CF0020718EB40
:10D0C000060859EB6C095AEB6C0A7BEB6C0B70EBA6
:10D0D0006C0471EB6C0572EB670653EB6C076CEB41
:10D0E0006C0C18EB0C0059EB0C015AEB0C025BF1C9
:10D0F000000354F1000455F1000556EBDC7657EBC4
:10D100000C0770472DE9F14F87B0FFF7AFFDDDF851
:10D110001080DDF81490DDF818A0FFF797FFBDE848
:10D12000000FFFF793FF03B05DF8048B88E8FF0062
:10D13000BDE8F08F2DE9F14F87B0FFF753FEDDF822
:10D140001080DDF81490DDF818A0FFF77FFFBDE830
:10D15000000FFFF77BFF03B05DF8048B88E8FF004A
:10D16000BDE8F08F1FB50B4B01934FF49473ADF8EE
:10D17000083008238DF80A3083788DF80B3001A928
:10D18000FF2301208DF80C3000F0CCFB05B05DF8DA
:10D1900004FB00BFF1B201001FB50A4B01934FF42D
:10D1A0002073ADF8083008238DF80A3001A94378C0
:10D1B0008DF80B3000208DF80C0000F0B3FB05B0AB
:10D1C0005DF804FB7BB701001FB572B6184B1D68F4
:10D1D000E5B9BFF34F8F1749174BCA6802F4E062F5
:10D1E0001343CB60BFF34F8F00BFFDE7B2FBF6F2F6
:10D1F000DCB20133002AF9D104F110036B4403F8C7
:10D200000C2C0A2234B901A8A847E2E70246002301
:10D210000A26EDE7631E04AEDCB256FA83F3B0FBD8
:10D22000F2F602FB1600303003F80C0C3046E9E74A
:10D23000D80A002000ED00E00400FA0507B50C4B09
:10D240001A7B8DF80120DA7A8DF8002068469A7AE8
:10D250005B7AADF80420ADF8023002F04BFC18B157
:10D26000DE210320FFF7B0FF03B05DF804FB00BF31
:10D27000D80A00202DE9F34104460D4671B91B4B35
:10D2800093F82A3053B9012101A80193FFF7F2FF67
:10D2900020B94FF403710320FFF796FF2368144F62
:10D2A000DFF850800733002D23F0070323600CBF05
:10D2B0002046002000F012FB002657F8043B0BB17B
:10D2C000404698470136032EF7D100F07BFB031E42
:10D2D00009DB206818440DB1002804DB2060012020
:10D2E00002B0BDE8F0810020FAE700BFD80A0020B4
:10D2F00048000020DC0A002037B5B0FA80F1019028
:10D300000546490901A8FFF7B5FF18B96FF00B00F2
:10D3100003B030BD2A4CA17A607A237BE27A0331D4
:10D3200003300BF07AFC011EF0DB0198237962795F
:10D330000330134420F00300002D019003FB01F1A2
:10D3400008BF002000F080FC019B0DB9C342DDD472
:10D350001844A3790190C3B1E17C1944E3791944DD
:10D36000FF29D3DC033020F00300002D0190E28977
:10D3700008BF0020C9B200F0D7FC031EC6DB01982D
:10D3800018440DB90028C1DB0190217C99B1A37923
:10D390008BB10198073020F00700002D019008BFE5
:10D3A000002003F01DFF031EB0DB019818440DB9E7
:10D3B0000028ABDB01900DB90198A9E70020A7E791
:10D3C000D80A002038B5044690B30AF055F910B9D0
:10D3D0004FF0FF3038BD0EF0C3FAB0F5FA7FF7D842
:10D3E000164D17482C6000F0FBF9164B0024C3E9DA
:10D3F00000449C6026222146281D85F82A400AF018
:10D400003DFD01236B71AB711B236B7240F21B332B
:10D410006B8102232B731F23EB8108232B74EFF303
:10D42000108572B600F056FD2DB962B62846D1E7D8
:10D430006FF01500CEE72046CCE700BFD80A0020E9
:10D440003DD200004800002010B500283CD1214CFE
:10D4500094F82A30032B34D059B1002A37D002393E
:10D46000052931D8DFE801F003142230252813788C
:10D4700063710020FFF740FF0028B7BF012302239C
:10D4800084F82A306FF00B00A8BF84F82A3010BD52
:10D490009378E3B1D378D3B113781A2B17D9537893
:10D4A0001A2B14D91368C4F80930E2E71378A37172
:10D4B000DFE71388E381DCE71388FF2B07D82374A9
:10D4C000D7E74FF0FF30E2E76FF02C00DFE76FF0B7
:10D4D0001500DCE7D80A0020F8B50D46074660B312
:10D4E00059B311F0070428D1154E96F82A30012BB4
:10D4F00002D16FF00B00F8BD032B02D14FF0FF30CB
:10D50000F9E700F0A9F80028F8D02846FFF7F4FE64
:10D510000028EEDB38460AF023FA86F82B000EF0DE
:10D5200063F996F82B00214602F078FBFFF786FEA0
:10D53000032386F82A302046DDE76FF01500DAE78E
:10D54000D80A002010B5084C94F82A30032B05D1D6
:10D5500002F07CFB94F82B000AF01EFA0BF053FC4F
:10D56000002084F82A0010BDD80A002050B1074BD3
:10D5700003F1140253F8041B40F8041B9342F9D141
:10D58000002070476FF01500704700BFBB4F0300CD
:10D5900010B5074B93F82A4034B902F009FB054B4C
:10D5A000054A5A60204610BD4FF0FF30FBE700BF30
:10D5B000D80A00204800002065D1000010B5074BB4
:10D5C00093F82A4034B902F007FB054B054A1A606C
:10D5D000204610BD4FF0FF30FBE700BFD80A002007
:10D5E0004800002099D1000010B5054B93F82A405F
:10D5F0001CB902F0A9FA204610BD4FF0FF30FBE73E
:10D60000D80A002010B5054B93F82A401CB90CF03D
:10D6100084FC204610BD4FF0FF30FBE7D80A002005
:10D6200010B5054B93F82A401CB90CF079FC204644
:10D6300010BD4FF0FF30FBE7D80A0020024B026814
:10D640001A600020704700BF040B0020014B1B68CC
:10D65000184700BF040B0020024B1868003818BFA1
:10D6600001207047040B00202DE9F743294E0446A2
:10D67000071D2848376003F0C7F80228054607D180
:10D68000244920460AF0D5FD284603B0BDE8F083C2
:10D69000042838D13378072B18D13E2000F050F8F9
:10D6A00078B9F378327901A943EA02236846ADF8E4
:10D6B00000300BF098F80028DBD053210820FFF74A
:10D6C00083FD052000F07CF80028EAD03146204692
:10D6D0000AF014FEB0F5817F01D37221EEE7002835
:10D6E000C7D094F8008094F80290404600F028F8E3
:10D6F0000028BED0B8F13E0FC6D1484600F060F811
:10D700000028C1D1B5E70828BED1024920460AF059
:10D71000BFFDB9E7080B0020074B4FF0FF3141F682
:10D72000FF72C3E9001205490022C1E900221F214E
:10D73000C3E90212704700BF000000204C0B00201C
:10D740003F280CD801380B4BC0F3421200F01F00E9
:10D7500053F8223023FA00F000F001007047FF2850
:10D7600006D04038C0F34212034B00F01F00EFE731
:10D7700001207047000000204C0B00200146074BA1
:10D78000006849681A4603C240F48C221A6041F0CE
:10D79000107242F4FF625A60704700BF0000002020
:10D7A0000246024B0068516803C370474C0B0020CF
:10D7B0000246024B0068516803C37047080000200E
:10D7C0000138064BC0F3421203EB820300F01F0046
:10D7D0009B6823FA00F000F0010070470000002071
:10D7E000014B1860704700BF540B002010B5FFF7C5
:10D7F00093FF0BF0E4FF034B1B68044603B198470B
:10D80000204610BD540B00200B880288F0B5C3F3EE
:10D810000E049EB204F11403C57CC35A02352A4497
:10D820002B4497B213FA82F3013B4288B3FBF7F320
:10D8300013FB07439BB29A42044A93BF22EA0603B2
:10D84000324013439BB20B80F0BD00BF0080FFFF4E
:10D850004A1E062A08B50346084604D84FF4D1717B
:10D860001520FFF7B1FC094A914202D940F2A311F9
:10D87000F6E711B903B1196008BD2BB11B6800228E
:10D88000C3E901211A1D1A600430F5E7FAFFFF7F92
:10D8900010B5114B00EB41041A786389B3FBF2F326
:10D8A00003FB0223013A1A44B2F5706F027928BFD4
:10D8B00000231A448378B2FBF3F0194403FB1020D1
:10D8C000091AB1FBF3F003FB101313446FEA43434F
:10D8D0006FEA5343638110BD580B002010B5104B05
:10D8E000C8B15A78022A04D040F22B111720FFF752
:10D8F0006BFC03225A70026812F0070102D04FF449
:10D900009871F3E75C685A6022440260C3E903112E
:10D910009A60596110BD0122C3E901005A70F9E70C
:10D92000580B00202DE9F041254E96F801E00EF04D
:10D93000FD0CBCF1010F04D040F245111720FFF798
:10D9400043FC91F80680B8F1080F02D940F2471164
:10D95000F4E7CF798FB34546022D726838BF0225B0
:10D960007B1D5C0002EB43036A1E13446D422B4097
:10D970008D884544013DC8F100022A40B2F5803F40
:10D9800002D34FF4A971D9E7BEF1030F12D106EB10
:10D9900080001C1BC56815B140F25711CEE7C4606A
:10D9A000A770228084F803C0087A09682071080CE7
:10D9B000E080218107FB02337360BDE8F08100BF86
:10D9C000580B00202DE9F047364C6378012B65D0C9
:10D9D000032B04D040F267111720FFF7F5FBD4E9C1
:10D9E00001329A4202D04FF4B571F5E72546002383
:10D9F00005F80C3B1E460222994655F82200013AD2
:10DA000058B190F804808178B8F1FF0F2FD180F8D9
:10DA100004908E423CBFCEB20123511CEDD103B124
:10DA20002670022640F6FF6955F826709FBB013E1E
:10DA3000FAD2042363700020BDE8F08755F82CE08B
:10DA4000BEF1000F06D09EF804A0C24504BF9EF8A8
:10DA500002E077440CF1FF3CBCF1000FEEDA3944F0
:10DA6000FF2907D903B126704FF48371B4E79446B8
:10DA70000027F1E70771CCE707EB41033846A3F82D
:10DA80000A90FFF705FF08F10108BB785FFA88F1FB
:10DA90008B42F1D8CBE74FF00008F6E7022360682D
:10DAA0006370C9E7580B0020F8B54FF6FF73038089
:10DAB000184B03EB81030546D868B8B18678037923
:10DAC000B3FBF6F206FB1233DBB219460A1D00EB7C
:10DAD0004202B2F902705488002F09DB0131B1FB18
:10DAE000F6F206FB1211C9B28B42EFD10020F8BD4D
:10DAF000FF29FBD0C4F30E03C4782B8024B94FF464
:10DB0000D9711720FFF760FB5380BDE8F8400BF098
:10DB100063B800BF580B00201D4B03EB810370B5A9
:10DB2000DC68054644B3030404D54FF4E0711720C4
:10DB3000FFF74AFB014620460BF030F8FF2801466C
:10DB400004D02046BDE870400BF046B8A078B5FB85
:10DB5000F0F300FB1353DBB219460A1D04EB420637
:10DB6000B6F90260002E09DB0131B1FBF0F200FBD7
:10DB70001211C9B28B42F0D1002070BDFF29FBD039
:10DB80008B4204EB42021CBF0023E3705580D8E7B0
:10DB9000580B0020094B03EB810310B5DC680146EC
:10DBA00020460AF0FBFFFF28014604D02046BDE8CE
:10DBB00010400BF011B8002010BD00BF580B002022
:10DBC000F8B5104B03EB81030746DC68014620469D
:10DBD0000AF0E4FFFF28054611D0E688238953EABE
:10DBE000064606D0014620460AF0F6FF01463846B2
:10DBF000B04720462946FFF74BFE0020F8BD052020
:10DC0000FCE700BF580B002038B50E4B827903EBC0
:10DC100082030446D86808B9052038BD8278E179C6
:10DC20009142F9D24B1CE37100EB41035D89B3F9DA
:10DC30000A30002BF3DBA5800AF0CEFF2060002025
:10DC4000EBE700BF580B002070B5044610F003004E
:10DC50000E4603D04F211820FFF7B6FAFFF7F8FD64
:10DC6000054624B1034831460460FFF7F1FD28461C
:10DC700070BD00BF700B00202DE9F14FDFF870B0D0
:10DC80009DF828A09DF82C901E46DBF80030074632
:10DC90000D4690461BB961211820FFF795FA5246B0
:10DCA000092140460AF000FE4A4684B20921304666
:10DCB0000AF0FAFD14FA80F1DBF800000AF043FFE5
:10DCC000386018B9286001B0BDE8F08F04442C60BA
:10DCD00038685346414609220AF09FFD28684B46A2
:10DCE0000922314601B0BDE8F04F0AF096BD00BFF1
:10DCF000700B002070B50E4604460AF0E8FD05469C
:10DD000030460AF0E4FD044B2A1821461868BDE8A5
:10DD100070400AF03CBF00BF700B0020014B186838
:10DD20000AF005BF700B00201F2AF8B50446134601
:10DD30000ED89200033222F00303B3F5803F2DD2B8
:10DD4000184DACB1A00710D05F210920FFF73CFAB5
:10DD5000FF2B4FEA420204D9FF339A42A8BF1A466A
:10DD6000E8E77C2AB8BF7C22E4E729706C602B814D
:10DD700022F0030201EB81031204D80001276B6833
:10DD8000120C0025EEB28E4200D3F8BD14B1261855
:10DD90001F705E60104401352833F3E74FF0FF3009
:10DDA000F3E700BF740B002038B5144A14785368A9
:10DDB0000021C8B2844203D8AB210920FFF704FA3E
:10DDC0001846013105782833002DF2D000218170EA
:10DDD00001241289447044688161C161920800F194
:10DDE0002001051D21F8022B994245F8044B1444EB
:10DDF000F8D100234361037038BD00BF740B0020CD
:10DE00002DE9F8434B7880460C4602F0040602F0F8
:10DE1000FB07D3B1DFB12E4BD4F804901D89B7BBFB
:10DE200001236370AD08A761E76104F120034A464E
:10DE3000211D04F1280023F8025B984241F8042BCD
:10DE40002A44F8D10023636101E0002FE3D0FF23CF
:10DE5000A370002E18BF0226A3191B7D032B03D12C
:10DE6000022F1CBF0136F6B2A31901221A7506F162
:10DE70000C0204EB8606002324F812307268A370AB
:10DE8000C8F80020A8F804304046BDE8F883002117
:10DE900014226170A01809F0F1FFB5F5FF7F0FD2D1
:10DEA0006B08ED1AADB209EB0502C4F804902584A5
:10DEB000A2606384C4F80C90A5842261E384C6E761
:10DEC000B5F5EE6F4FF0FF03EBD940F27265EAE76C
:10DED000740B0020134B012200214FF0FF309A6099
:10DEE000C3F80012C3F80803C3F80015C3F80425EB
:10DEF0009A60C3F80803C3F80015C3F804250A495B
:10DF00000A4A03F580334FF40040C3F80825C1F8EE
:10DF10008000BFF34F8FBFF36F8FC1F88001C3F84C
:10DF20000825704700F0004000E100E00000F63FE7
:10DF30000A46192302F8033B0448C368C1F80330BA
:10DF40000369536043699360704700BF800B0020F2
:10DF5000024B5A8C02435A845B6A1847800B00209C
:10DF6000014B00215B6A1847800B002010B5154C4F
:10DF700005F096FD05F026F9208DFFF7F1FF237ED1
:10DF800063B12246104952F80C3BE360636853606A
:10DF900004F11900A36893600CF03FFD0B4B228D38
:10DFA00093E8030003F0A6F9236B188803F0CCF87C
:10DFB000A36B94F8341094F835009847002384F844
:10DFC0003C3010BD800B002031DF0000AC0B002086
:10DFD000034B93F83C300BB1FFF7C8BF704700BF4D
:10DFE000800B002070B51D4C256B636C236495F885
:10DFF0009430064694F848000BB10430C0B295F84E
:10E0000069102EB9FF2803D195F868308B4201D0F2
:10E0100005F05EFB95F89430D3B1E06C05F0DAFDC5
:10E02000012384F86830D5E93E23E16C206CC4E913
:10E03000182305F07DF816B9304605F00BFE95F86B
:10E040006810002005F050FE022384F83C3070BDBB
:10E05000206C05F0BFFD05F0B5F8ECE7800B002063
:10E0600008B5094B93F83C20022A04D040F2532112
:10E070002720FFF7A9F8DA7A42F00102DA72BDE848
:10E080000840FFF773BF00BF800B002010B50E4C97
:10E09000A26F137803F00303032B04D1D378022B70
:10E0A00001D1002010BDE06F0AF0A4FC0028F9D1D6
:10E0B000A36F1B7803F00303032BF2D001F0BCFE27
:10E0C00080F00100C0B2EDE7800B00202DE9F7439E
:10E0D000424C94F83C30256B012B06460F465FFA04
:10E0E00083F804D040F2A4412720FFF76DF895F89B
:10E0F00084303BB1002185F884100420FFF728FF0D
:10E1000085F88680A16F0B7803F00303032B05D1FC
:10E1100095F88A3013B90220FFF71AFFA26F13781F
:10E1200003F00303032B02D0537813BB012385F8BC
:10E130008A3095F89430B3B1D5E93E01236B94F859
:10E140004890C4E918014FF0010893F8690084F879
:10E1500068800AF05AFE00220346009220494A468F
:10E16000404604F09FFF36B103B0BDE8F043FFF72F
:10E17000FDBE0223DBE7002FF6D0D4F88030304616
:10E1800098470028F0D094F83430002BECD194F864
:10E190008430DD06C3F3001001D5FFF777FF636C11
:10E1A000D4F888201B78C3F300132AB9B4F88C2064
:10E1B00013B1B2FA82F35B09628C910709D5A36FA0
:10E1C000DB78022BD0D1002003B0BDE8F043FFF78D
:10E1D00009BF002AC8D10343F5D1C5E7800B002051
:10E1E000D00B002010B5064B93F83C2002F0FF0442
:10E1F00022B91C7603F076F8204610BD0C24FBE70C
:10E20000800B00200A4B0B4A70B506460D461A607B
:10E21000FFF7E8FF18B1E1212720FEF7D5FF064CF4
:10E22000012104F18E000CF0F2FA6664E56470BD21
:10E230005400002004EA0000800B0020024B012261
:10E2400083F8B020704700BF800B00202DE9F04319
:10E25000824D85B002AE86E8030095F83C100C9F15
:10E2600001F0FF0411B90AB103B127B940F26F11EF
:10E270002720FEF7A9FF96E8030005F12C0C8CE897
:10E28000030085F8B04085F8344085F8B14085F842
:10E29000354085F8B24085F8B3406C842C852C6BF2
:10E2A000C5F880306A62AF6305F050FA04F08AFF67
:10E2B00094F96C0005F0E8FA606A05F07DFCE0690D
:10E2C00005F0E8FA94F8A40005F00AFB2B6B93F82C
:10E2D000AF310BB105F028FA94F869209D21012097
:10E2E00005F056FB5E4B186805F06CFC2369EB6784
:10E2F0006369C5F8B43094F8773073B9226F62B1AE
:10E30000B4F8BE10B4F888308B4206D1B4F874105B
:10E310000B44A4F8BE3001231360524E04F5807301
:10E3200004F5887718685968324603C20833BB423F
:10E330001646F7D1D4F810314B4AC5F86930D4F8F5
:10E34000143153602B6B93F88E2093F86860A2F120
:10E350002501012903D993F88F10252960D193F85D
:10E3600056322BB1012E03D0012B14BF02260126F9
:10E3700004F13007314638460CF0E1FB31460CF031
:10E38000A3F8A38F94F86910834228BF0346384648
:10E3900085F8B8300CF0BCFB94F8691094F89460E0
:10E3A000B4F84480042908BF03210CF08DF80EB99D
:10E3B000043080B2404528BF404694F894305FFA5C
:10E3C00080F885F8B98085F848809BB1D4E93E672C
:10E3D00094F869004FF00109C5E9186785F868905D
:10E3E0000AF013FD0022034600921E4942464846A9
:10E3F00004F058FE0120FFF7F5FD00232B606B6051
:10E40000AB60B4F888306B8023882B8094F8A430FC
:10E410002B71A36F0BB101221A6005B0BDE8F08328
:10E42000203A012A0CD823290CD093F8363113F066
:10E43000010211D19B079BD5012E18BF022697E739
:10E44000232905D193F8362193F861301340EEE784
:10E45000032E08BF04268BE7164689E7800B0020B1
:10E4600054000020D00B0020E90B002008B50C4B15
:10E4700093F83C201AB9BDE80840FFF777BD93F840
:10E480003C20022A04D040F235212720FEF79CFED2
:10E490001B6BD3F8C801BDE8084005F0ADBB00BF59
:10E4A000800B0020014B1876704700BF800B0020C6
:10E4B000014B93F8B2007047800B0020024B188D7F
:10E4C000C0F3C020704700BF800B0020014B93F8C1
:10E4D000B1007047800B00202DE9F3411E4D8207EB
:10E4E0002C6B06460F4622D5D5F8883023B940F26A
:10E4F00095412720FEF768FEB5F88C20296C184658
:10E50000033291F8018009F041FC0DF1020201A9EA
:10E510002864D5F8B4000AF000FB01980AF0E7FA85
:10E52000012238604146D5F8B4000AF0ADFAF3078D
:10E530000ED5D4E93E32013342F10002C4E93E3245
:10E5400094F88C30012B0CBF0023012384F88C300D
:10E5500002B0BDE8F08100BF800B00202DE9F04F34
:10E56000AB4C002387B0CDE9043394F83C30276BE3
:10E57000022B81468A4604D04FF4A3612720FEF780
:10E5800023FE238D590606D44020FFF7E9FC238D96
:10E5900043F04003238597F89430B9F1000F00F061
:10E5A0002881B3B104F03CFE04F020FE88B9236C4E
:10E5B0005A7872B11B7897F88C20C3F3C0039A4243
:10E5C00007D1012384F83530FFF7D0FC07B0BDE850
:10E5D000F08F236C5978A4F88C1009B3D4F8B400E8
:10E5E0000AF029FAC4F88800238D97F88B2043F4A9
:10E5F00000732385236C1B78C3F380039A4200F0D9
:10E60000B980256B95F88A30002B3DD0022B11D1B3
:10E61000E06F04A90AF0A6F928B940F20E41ADE76F
:10E62000C4F88810E0E7D5E93C32013342F100023A
:10E63000C5E93C3295F88630002185F88A1023B16F
:10E6400085F886101020FFF783FC95F885309BB184
:10E65000002685F8856001F0D9FB10B940F225410C
:10E660008CE731460820FFF773FCD5E93C320133D3
:10E6700042F10002C5E93C3295F88B30012B0CBF0A
:10E680000023012385F88B30238D43F40063238519
:10E690004FF0000B216C97F88C200D78C5F3C00368
:10E6A0009A4240F0988005F00305032D266B63D055
:10E6B000002D6CD196F88C30013B18BF012386F8F1
:10E6C0008C30236C5B7833B1D6E93E32013342F1B2
:10E6D0000002C6E93E3297F893308BB1D7E93C236C
:10E6E000002697F8680084F86860C4E918230AF0E7
:10E6F0008CFB484900960346FB22304604F0D2FCCE
:10E70000BAF1000F40F08880628C94F8B1301207A3
:10E7100003D5A26FD278022A7ED0012B7CD8D4F800
:10E72000803001209847002876D094F83480B8F1E2
:10E73000000F71D1266B94F8483096F894208DF82C
:10E740000D80002A40F0B380FF2B96F8681003D1AB
:10E7500096F869308B4202D0FF2004F0B9FF96F89A
:10E760008A30032B00F23881DFE813F0A400D500D3
:10E770001D012E01CB468DE7238D012043F48053EC
:10E7800086F8840023850025FFF7E2FB92E74D78A9
:10E79000002D8FD0238D96F8945043F48053238519
:10E7A00004F040FF042894F8B93006D1002D14BFBE
:10E7B0001B221F22934228BF1346226C52789A4292
:10E7C0000BD8D4F88850002D85D094F8B03073B1B0
:10E7D0002020FFF7C5FB00257DE794F834300120A9
:10E7E00043F0100384F8343006F02CFBF3E74D4679
:10E7F00060E70BB104F04AFD94F8B130013384F8BE
:10E80000B130238D002543F480632385AB4662E756
:10E81000800B0020D00B002005F086FA4FF0010A93
:10E820001DB105A90220FFF757FEBBF1000F0DD067
:10E83000B4F80720B4F805301343B7F88820134321
:10E840001EBFB4F809300133A4F80930B9F1000F44
:10E8500000F0CA80B4F805300133A4F80530002375
:10E8600084F8B130634802F05DFC049830B10AF0DE
:10E870003EF9216B0022027202F004F8059B33B1CD
:10E88000216B00221A720C22059801F0DBFFBAF10D
:10E89000000F7FF499AE238D1B063FF597AE8020C5
:10E8A000FFF75EFB238D43F0800323858EE6043360
:10E8B000DBB249E794F8B830ADF80E304E48A6F810
:10E8C000583001F093FA50B1A16F4FF48070FFF708
:10E8D0003FFB012386F8853084F8B3301DE0E06FFC
:10E8E0000DF10D020DF10E010AF019F8A06790B1BB
:10E8F00096F8D1307BB99DF80D302BB90380837029
:10E90000A06F01210BF083FFBDF80E10A06F0CF07B
:10E910004AF80123E0E7394BA36796F88B30A26FE2
:10E92000DB0003F00801137803F0F3030B4396F8C0
:10E930008C10890001F004010B4323F010031370C5
:10E94000FFF7A4FB0028A06F037818BF4FF0100852
:10E9500048EA030880F8008096F89330002B3ED0F8
:10E960004378002B3BD0E06C05F034F9002384F8A9
:10E970006830D6E93C23A16FE06CC4E9182304F0A9
:10E98000D7FB96F86910012005F0AEF9A26F118847
:10E99000A4F8841091781A4A012384F8B230917057
:10E9A00084F83C303CE7B6F85830E06FADF80E30F4
:10E9B0000DF10D020DF10E0109F0B1FFA067002865
:10E9C000A7D140F2F321D9E50B4801F00FFA002856
:10E9D0009FD140F2FD21D1E540F20B31CEE505F0AB
:10E9E000F9F804F0EFFBCCE7B4F807300133A4F8F2
:10E9F000073037E7AC0B0020F80B00200E0C00208E
:10EA0000040C002061E000005DE50000CDE00000A6
:10EA1000D1DF00000B2808B504D940F2B53106203B
:10EA2000FEF7D2FB014B33F8100008BD142203009F
:10EA30002DE9F04F8BB0044615460293894690F8B5
:10EA400069B00BF0B4FA064694F8B001FFF7E2FFA4
:10EA500094F88F300393064485F00103B6B2059312
:10EA600055BB94F8F431032B26D1039B0D2B23D1F6
:10EA7000B4F854324B451FD1D4F8FC31C4F8E83116
:10EA8000A369B4F8CC21C4F8EC31B4F84232134491
:10EA9000C4F8F031204604F025FAD4F85832A362C5
:10EAA000B4F85632A385D4F85C32A361D4F860324E
:10EAB0002362022384F8F431B4F84072B4F88880F9
:10EAC000A9EB07073FB204F50473A9EB0808002F70
:10EAD00004930FFA88F86EDAD4E98A234746C4E92A
:10EAE0008E2301230493CC4B1B7803F0FF05002BEE
:10EAF00054D00CF031FF054600284FD0B4F8E03177
:10EB0000012B6DD994F8F431022B69D094F80A5294
:10EB1000002D65D194F8B001FFF77CFF94F8F43133
:10EB200000F5C866012BB6B2D9B24CD194F8923038
:10EB3000D4F828A0032B40D1D4F8EC5155443146E9
:10EB4000D4F8EC010CF002FFD4F8E831C4F8E80185
:10EB5000A0EB030AD4F8F0313146284603FB0AFA49
:10EB60000CF0F4FED4F8F851C4F8F801451B314616
:10EB7000A0690CF0EBFEAA44B4F8CC51D4F8F03103
:10EB80004544ED1BDB432B44D4F8FC51451B05FBEE
:10EB900003A50123C4F8FC0184F80A3294F8F43187
:10EBA000DFF874A2032B00F28E81DFE813F01B0064
:10EBB00016016B003701029B94E728460BF0ACFC72
:10EBC00000EB0A05BBE7A06931460CF0BFFEB4F8C4
:10EBD000CC51D4F8FC314544ED1BC31A5D43D8E752
:10EBE0000025DBE7012100200BF096FC8046A06A9F
:10EBF000314640440CF0AAFE3146C4F8F801A06941
:10EC00000CF0A4FE07A9C4F8FC0108A805F094F8CC
:10EC1000079B0093D4E98E01DDE9082308F010FC7E
:10EC2000834620460AF015F9D4F84432A66A94F8CF
:10EC300069001E4405F0C6F9D4F8F811A6F194074E
:10EC40007F1A00F523404FF47A734744A130B0FB9C
:10EC5000F3F0A38DA7EB0B0730313F1A03EB410113
:10EC600094F869000AF0E1F8D4F84432FB1A223033
:10EC7000B3F5917FCAF8040058D240F2C641302063
:10EC8000FEF7A2FAA36AD4F8EC01314618440CF05E
:10EC90005DFE3146C4F8F801A0690CF057FEC4F8D7
:10ECA000FC0120460AF0D5F8B4F8CC31A66AD4F8B5
:10ECB000EC71002B40F08D80029B002B00F08980CE
:10ECC00094F8690005F07EF93E44D4F8F871943E5A
:10ECD000D4E98A23F61BD4F8307280463E4494F877
:10ECE0006900B61A05F06EF94FF47A7300F2E7374F
:10ECF00008F52340B7FBF3F73744A130B0FBF3F03E
:10ED0000D4F8F811D4F8E831D4F8F021303102FB0E
:10ED10000311A38D3F1A03EB410194F869000AF037
:10ED200084F80123CAF8040084F8F431A6696FF46A
:10ED3000F4731E44D4F8FC31F61ADAF804309E421B
:10ED400028BF1E46D4E98E327F1BDF1942F1000234
:10ED50004FF00008C4E98872C4F8C86184F81082D2
:10ED600004F130000BF0D2FEB4F8B811A4F84092D0
:10ED7000D4E98823A1EB09090FFA89F9C145C4E94F
:10ED80008E23C8BF022384F81882C8BF84F81832C3
:10ED9000039B06440D2BC4F81462029B00F096807E
:10EDA000002B40F0948094F8F431002B00F0AD80FB
:10EDB000A169D4F8FC3104F50470C91A0BF053FBB7
:10EDC00080B2002800F0A180149B03B118800120BC
:10EDD000ABE0D4F8F801374492E7D4F8FC21A369FA
:10EDE000D4F8F001D4F8E8119B1A5F43B4F8CC31A1
:10EDF0009844C3439844D4F8F831303301FB0033CE
:10EE0000A18D94F8690002FB083301EB43010AF07D
:10EE10000CF8CAF8040089E73C0C0020A369D4F878
:10EE2000FC219B1A5F4394F88E30252B03D094F875
:10EE30008F30252B0AD1B4F85432A9EB03031A04FE
:10EE400004D494F85732002B18BF9B46049B63B33D
:10EE5000B4F8CC314BBBD4E98A23D4E98C0182428B
:10EE60008B4102D340F21A5109E794F8690005F08A
:10EE7000A9F8D4F830220646D4E98A01A2F1940315
:10EE80001B1A3B4494F86900049305F09BF8049B1B
:10EE900000F2E7374FF47A7206F52340B7FBF2F73A
:10EEA0001F44A130B0FBF2F03F1AB4F8CC11D4F8F3
:10EEB000FC314144594330314900584609F0B5FF0F
:10EEC0001B4B586032E740F23251D8E6EBB1B4F850
:10EED000E01121B3B4F8E22194F8E431A4F8E2217E
:10EEE00002FB0333994202F101000EDD94F818325F
:10EEF0005BB1002384F81832A4F8E20101F058FD58
:10EF000000F00700013084F8E40194F80B0204F5E6
:10EF1000047107F061FB20B940F27B51AFE60A466D
:10EF2000DAE7059B84F8083200200BB0BDE8F08FCB
:10EF30003C0C00202DE9F04104460D46164690F8A1
:10EF4000F83003F0FF071BB10C273846BDE8F0810D
:10EF50000146454807F0FAF920288046F4D05822A7
:10EF6000394604F1D00008F089FF84F8D080C4F855
:10EF7000D450FF2384F8F83035B101F031FD00F0B2
:10EF80000700013085F8E40102234FF00008A4F8DF
:10EF9000083184F800810CF0E5FC00F19E05204664
:10EFA0000CF08CFAADB2014670B30BF000F800F52E
:10EFB000CD6189B230460CF0C9FC3044C4F804017C
:10EFC0000CF032FE281841F10001C4E9440101208F
:10EFD00084F8D800A4F826800CF02EFBDB3E361A0D
:10EFE000C4F8DC604FF0FF326FF00043C4E9462301
:10EFF00094F8D00004F5807107F0EEFA48BB40F2B7
:10F00000C1113020FEF7E0F820460CF07BF9DFF864
:10F010005C80DB30C4F80401B8F8080048B1E08C2B
:10F0200038B101F0DDFCB8F80830B0FBF3F202FBB8
:10F03000130005440CF0F8FD2D1841F10001C4E95E
:10F040004451002ECED0751941F10001C4E946515A
:10F05000CEE7D4E944230021C4E93A23C4E93C23A0
:10F0600020460CF048FA70E7259101003C0C002086
:10F07000F0B5002385B0CDE9003301238DF80630CB
:10F080006846FEF7C1FD70B11B4E0123B372002725
:10F09000CDE9027702A8FEF7B7FD0546A8B1002327
:10F0A000B37205B0F0BD00980AF0F5F8E8E790F803
:10F0B0000B0208F083F894F80B0284F8F45107F07F
:10F0C00071F9202384F80B32E2E7029B002BE1D098
:10F0D00093F80B22202ADDD018884FF6FF73984250
:10F0E000DDD02946FEF756FD04460028DFD140F268
:10F0F0002B113020FEF768F83C0C0020054B002255
:10F100000121DA7219709A7242F210721A81FFF7B5
:10F11000AFBF00BF3C0C0020014BD872704700BF4E
:10F120003C0C002008B504F083FA044BDA688242F4
:10F130002ABF987A002080F0010008BD3C0C002016
:10F140002DE9F7430446062900F2C480DFE801F008
:10F15000047A67777E83BD00D0E98A23D0E98C01E9
:10F1600082428B4149D294F80A32002B45D094F860
:10F17000F431032B41D194F869900AF018FF064648
:10F1800094F8B001FFF746FCD4E98A23D4F8307232
:10F19000D4F8C851804606444846BF1A04F00AFF16
:10F1A0002D1A484604F00EFF00F523404FF47A7301
:10F1B000A130B0FBF3F02B1AA3F17402B6B25208DF
:10F1C000D43B08F5C8689D3273431FFA88F8B3FB37
:10F1D000F8F360335908A2EB53039F4202D30A4469
:10F1E000974201D90CF0BAFBA06931460CF0AEFB96
:10F1F0000023C4F8FC0184F80A32384B9B7A03F0F0
:10F20000FF0263B9B4F8BC11009201232046FFF756
:10F210000FFC38B140F2CA613020FDF7D5FF04235E
:10F2200084F8F43104F08AFC06F048FFB4F8882032
:10F23000A4F806220023A4F8423284F8093203B06D
:10F24000BDE8F083032380F8F431F8E704F010FA06
:10F25000C4E98C01F3E78569D0F8FC31DFF87C80E4
:10F260009D4288BFED1A98F80B3098BF00251BB956
:10F27000036B9D4228BF1D4604F13000D4F8C871CD
:10F280000BF044FC0744022007F01CFEED1B25EAAE
:10F29000E575854228BF05460221284607F066FE2F
:10F2A00000B92F4440F2D312394620460BF07FFCC0
:10F2B000D4F8C831C8F80C00A069184407F0B4FDB0
:10F2C0000028BCD140F27931A6E703B0BDE8F04395
:10F2D00009F0BFBD40F265719EE700BF3C0C002005
:10F2E0002DE9F84306460C4615467ABB04F0A0F912
:10F2F000D4E94489074684F8D85084F8F8500121AD
:10F30000D4F8D40000F0D8FFD4F8D400C0E98A893A
:10F3100094F8D03080F80B32C0E98E89C0F844727E
:10F3200009F0B2FE20B140F20A713020FDF74CFF27
:10F3300004F004FC06F0C2FE074994F8D0003246FF
:10F3400005F070FD28B94FF4EF61EEE740F28F71E0
:10F35000EBE7BDE8F88300BF7B8E0100014B18810D
:10F36000704700BF3C0C0020F0B5070CA7F5AA427F
:10F37000144B543A012A03EA90231FD927F4004082
:10F3800042F6AA22801A18BF012000221621164632
:10F390001F2487EA060562EA0505013510D0DD0362
:10F3A000ADB245EA5606E503ADB2013945EA52026F
:10F3B0004FEA53034FEA5404EBD1F0BD0020E4E7D9
:10F3C0000020FAE7E0FF3F0010B501210020FEF722
:10F3D000E1FB044670B90121FEF79EFB044620B90B
:10F3E00040F245313920FDF7EFFE034B93F9001051
:10F3F0000BF04CFF204610BD4C0C0020304BF0B5FC
:10F400005A88B0F85C70B0F85A609D88974228BF5F
:10F410001746964228BF16461B2E85B00C462ED0A6
:10F42000B5F5A47F2DD040F648039D4201A928BF21
:10F430001D460AF0A2F8BDF80A309F4228BF1F46B9
:10F44000BDF80C30E780AB4228BF2B462381BDF8C6
:10F4500006309E4228BF1E46BDF8083066809D4299
:10F4600028BF1D46A580FF232370E3881B3B9BB26A
:10F47000E02B08D940F2FF513920FDF7A5FE1B2FE4
:10F48000CED105B0F0BD63881B3B9BB2E02B02D907
:10F4900040F20161F0E72389A3F5A4739BB2B3F5B1
:10F4A000E06F02D940F20361E6E7A388A3F5A473F5
:10F4B0009BB2B3F5E06FE4D940F20561DCE700BF31
:10F4C0004C0C002008B50AF081FF00F001FE00F0AE
:10F4D000EDFB0BF097FA00F08FFF01F093FE00F0C8
:10F4E000A3FF084B1B224FF4A4715A809980064B4E
:10F4F00006499A8000221960DA825A821A835A7465
:10F5000008BD00BF4C0C00207410002003021B003B
:10F51000044B41F64C52C3E902221B221A74FFF736
:10F52000D1BF00BF741000202DE9FF41344DAB68FE
:10F53000044640F8303F09F0E5FE064600F0A6FB21
:10F540002B7C84F838302F4B668710F0200F1B6817
:10F550001DBFAA886988A4F85A101B2208BFA4F806
:10F560005A20A4F85C201BB194F96C1020889847AD
:10F57000AE7CEF7CB5F8148041F64C53A36116B90C
:10F5800000F08AFB064677BB00F086FB074666B3B1
:10F5900058B303A920468DF80C608DF80D70ADF8B6
:10F5A0000E800AF0B5FFAB886A8869780191033351
:10F5B0002978009103329BB292B204F1140104F154
:10F5C0001000FEF759FB236913B940F2D65114E03D
:10F5D000636913B940F2D7510FE0002004B0BDE8D1
:10F5E000F0810920FAE7002ED3D120880021FEF710
:10F5F000E7FA0028F5D040F2C1513920FDF7E4FDCB
:10F600007410002058000020F7B505460E460BF098
:10F6100074FE002873D028460BF050FF40B1B6F8B6
:10F620000130013B7F2B03D91224204603B0F0BDEB
:10F6300028460BF047FF08B90C24F6E7284609F0E6
:10F6400016FF0028F8D128460BF011FE04460028CA
:10F65000F2D1284602F096FA0028E5D0B6F80170FB
:10F66000F17842F2107328465F430BF014FF2846EE
:10F670000BF01CFF014658B93A462846FFF75AFCE2
:10F6800004460028D1D041F687113920FDF79CFDB2
:10F6900021460DF10600FEF707FA064668B321463B
:10F6A00000F00AFEBDF806303380284631460BF0E4
:10F6B00013FF28460BF00CFF98B928460BF00AFF01
:10F6C00001463046FFF730FF04460028ADD13A46E8
:10F6D00031462846FFF72EFC044620B141F6AA1118
:10F6E000D3E70121EDE7074B9B68002B9DD0024635
:10F6F00006F595713046984797E70D2495E7422423
:10F7000093E700BF4C0C0020034B5A8802801B7803
:10F7100083700020704700BF7410002037B58378D5
:10F720001A2B054609D8042B05D9012202FA03F346
:10F73000134A134205D112241AE0292B01D03B2B86
:10F74000F9D12888B0F5706FF5D269460AF07EFECF
:10F7500088B9019B93F8282102F0FF046AB9AA78BE
:10F7600083F82921FF2283F8282168460BF025F928
:10F77000204603B030BD0224FAE70C24F8E700BFAE
:10F78000200038040188A1F11B039BB2E02B0CD8A8
:10F790004288A2F5A4739BB244F24810834204D875
:10F7A000034B002059809A8070471220704700BF99
:10F7B0004C0C0020034B5A889B8802804380002019
:10F7C000704700BF4C0C002038B50478427885782B
:10F7D00004F0010352EA030104F0020401D11120F4
:10F7E00038BDBCB9002DFAD0002B08BF144601E08B
:10F7F00000242546204609F079FE0028EFD028464F
:10F8000009F074FE0028EAD0054B00209C74DD74DA
:10F810009882E5E7002BEBD114461D46EAE700BFCE
:10F820007410002013B5008869460AF00FFE18B165
:10F830000224204602B010BD019A92F8F431DBB2E6
:10F8400092F8B020002AF3D113F0FB0FF0D001980A
:10F8500090F83A310BB13A24EBE790F8DC3003F042
:10F86000FF04002BF7D190F8D3309B0706D1FF237C
:10F8700080F83A3168460BF0A0F8DAE70249D43054
:10F880000BF0CBF8D5E700BF45B10100F0B5077824
:10F89000EF2F85B004460D4603D91225284605B042
:10F8A000F0BDB0F80130ADF80C309DF90C209DF89A
:10F8B0000C30002AF1DB9DF80D209107EDD1DA061E
:10F8C0003FD49E0603F0030238D5002AE5D118077D
:10F8D000E3D46378190711D42179E278E07942EA18
:10F8E0000122617942EA0142A17941EA0021207AAC
:10F8F00041EA00418A42D0D81F2ACED9627A013A21
:10F90000062ACAD8A27A032AC7D813F0040102D162
:10F91000023A012A03D8E27A012ABED811B9A27CA0
:10F92000032ABAD813F01001227D19D0012AB4D1CC
:10F93000227E012AB1D8B1B91125AFE7032AC6D179
:10F94000ABE713F0600FA8D103F00F0203F0070339
:10F95000052BBED0931E012BBBD9002A9DD1B8E741
:10F96000022AE5D199E7DA071FD46378227D03F0F4
:10F97000180108291ED1022ADED11B0709D4E27919
:10F98000A37943EA0223227A43EA0243B3F5804F84
:10F99000D2D8BFB201213846FEF7FCF8064678B14E
:10F9A00009F065FDB8B10C2578E700F031F90028C1
:10F9B000DBD1C1E7022AE0D0A27E002ADDD0BBE77E
:10F9C00001213846FEF7A8F8064650B3164B93F9C6
:10F9D00000100BF05BFC30460BF065FD21462870F3
:10F9E000E07430460BF0AAFC637E0546002B3FF422
:10F9F00055AF00287FF452AF316B02466846FEF7E0
:10FA0000FFF9306B2A46012109F04FF9316B684646
:10FA10000422FEF7F5F9306B2A46294609F045F92C
:10FA20003CE707253AE700BF4C0C002070B505798C
:10FA3000042D8AB0034658D84488B4F5804F54D872
:10FA40002B48465D284400214279857AC07BADF879
:10FA5000041042F0100242EA460242EA850242EAFB
:10FA6000C00202F01F028DF80420BDF80420ADF89A
:10FA70000D201A888DF80F208DF81240120A240AE2
:10FA80008DF811108DF814108DF810208DF813409A
:10FA90005A7B8DF815205A798DF816209A79D3F86B
:10FAA00007008DF81720B3F80B209B7B8DF81E30D4
:10FAB0007F238DF81F3001238DF80C1006908DF8F0
:10FAC0002110ADF81C208DF820308DF8223003A8CD
:10FAD0008DF823108DF824108DF825108DF8261040
:10FAE00001A9FFF7D3FE0AB070BD1220FBE700BFEB
:10FAF0002C2203000278034672B1427862B1428838
:10FB00001A2A09D982881A2A06D9044A006810607C
:10FB10009B8893800020704712207047741000204B
:10FB2000024B02689A600020704700BF74100020EA
:10FB30000378A3F10A02112A9DBF024A0020137420
:10FB4000122070477410002008B5052000F090F8CE
:10FB500003F0F8F9014B024A9A6008BD4C0C0020F2
:10FB6000FDF3000008B501F0F5FFFFF7C7FABDE8A7
:10FB70000840014801F0D8BF580C002010B50B4CCC
:10FB8000012384F8023101F0EDFF0BF015FE0AF0BD
:10FB90001BFC04F203112046FEF734FB002009F0A1
:10FBA00023F8BDE8104000F027BE00BF580C00202D
:10FBB00010B5064C064904F502700AF0BDF904F5CB
:10FBC00003700449BDE810400AF0B6B9580C002093
:10FBD0005C0000206400002010B5094C094904F5C0
:10FBE00002700AF0A9F904F5037007490AF0A4F9B4
:10FBF00004F504700549BDE810400AF09DB900BF46
:10FC0000580C0020740000207C0000206C000020B4
:10FC1000014B93F802017047580C002010B5074CB7
:10FC200000F0E4FDD4F808020AF07EF9FFF770FC5A
:10FC300000F0EEFE012384F8143210BD580C0020B1
:10FC4000014B93F814027047580C002010B5074C74
:10FC5000D4F80C020AF068F9D4F810020AF064F93A
:10FC6000FFF730FC002384F8143210BD580C00203C
:10FC7000C2080549012300F0070003FA00F08B5C7D
:10FC800018438854704700BF10000020014BD3E98F
:10FC90000001704710000020034B1868C0F30020DB
:10FCA000400040F0010070471000002008B50BF044
:10FCB00057FE084A002332F82310814205D302EB95
:10FCC00083039B78044A137008BD01330C2BF2D1D7
:10FCD0000023F7E7402203006D0E002010B54468B2
:10FCE0002388A4F8783194F8683084F87711012BD0
:10FCF00006D0022B04D040F20B310620FDF764FA47
:10FD000084F87A3194F86930012B01D0022BF2D1BA
:10FD100084F87B31044904F5B7700AF07EFE0023B5
:10FD200084F8343110BD00BFB39F0100406808491A
:10FD30000388A0F86A3190F8603080F86C3190F850
:10FD4000613080F86D3100F261100AF060BE00BFD2
:10FD5000C99F0100044B002283F822204FF6FF7256
:10FD60009A84DA841A8570476E0E0020054B9A8CAF
:10FD7000824201BF002283F822204FF6FF729A844C
:10FD8000704700BF6E0E0020014BD884704700BF43
:10FD90006E0E0020094A0346908C4FF6FF71884290
:10FDA00006D192F82210012905D01A60012070476F
:10FDB0000020186070470020704700BF6E0E0020C2
:10FDC000064B93F82220012A1FBF0120DA8C83F80A
:10FDD00022009A8408BF0020704700BF6E0E0020EA
:10FDE000014B1885704700BF6E0E0020064B02467F
:10FDF000198D988C884205D193F8220018B11360B0
:10FE000001207047002070476E0E0020094B998C2E
:10FE10001A8D914201D0002070474FF6FF729A84EC
:10FE200093F82220002AF6D0002283F82220012015
:10FE3000704700BF6E0E0020054B998C1A8D9142C1
:10FE400003BF93F82200B0FA80F040090120704708
:10FE50006E0E002050B90A4A1346012003F8010B28
:10FE60000868C2F801008A889A807047012805D185
:10FE7000034B0A689A608A88D8719A81704700BFDC
:10FE8000980E002048B90A4B187880B1D3F80120A9
:10FE9000B3F805300A608B807047012806D1044B07
:10FEA000D87920B19A680A609B89F4E700207047EE
:10FEB000980E002020B9054B187800F0010070471B
:10FEC00001280ABF014B0020D879F6E7980E0020E0
:10FED000F7B500228B888DF80600ADF8043008686D
:10FEE0000C4B8DF80720019D1C78014603F5AC737F
:10FEF000D0B2844201D8082009E0D3E90076AE42AE
:10FF000008BF8F4203F1080302F10102F0D103B0F0
:10FF1000F0BD00BFA80E002030B5094B01465C784B
:10FF2000002203F58173D0B2844201D8082005E095
:10FF300013F8015B8D4202F10102F4D130BD00BF24
:10FF4000A80E0020F0B5254D95F8984189B02246BD
:10FF500005F29911684607F019FF214668460AF034
:10FF600054FA0446B8B300EB4001C9B202A8FDF749
:10FF70006DFB601E95F8A161C0B2012495F898212F
:10FF800005E0731CB3FBF2F102FB1133DEB206F1A4
:10FF900020030DEB030111F8203C002BF1D100EB05
:10FFA000400220326A4406EB46032B4412F8187CC8
:10FFB00083F8A27112F8177C12F8162C83F8A3713B
:10FFC00083F8A42101F8204C0138AB19C0B2FF28F6
:10FFD00083F89941D2D109B0F0BD00BFA80E00202E
:10FFE00070B5064688B00C46002A4FD02A4A92F8CF
:10FFF000A131D01890F8991121B94FF480712820BF
:020000040001F9
:10000000FDF7E2F803EB43011144013391F8A251EB
:10001000E57091F8A35191F8A41161710021257147
:1000200080F8991192F89811B3FBF1F001FB1033AD
:1000300082F8A13192F8C23123B9184902F5DD7076
:100040000AF0E8FC657905F03F0545F0400565716B
:100050000D220021684607F011FFE3788DF80F307C
:1000600023798DF80E3004AA0423694630468DF8B2
:100070000D5007F075FB9DF81F3023709DF81E3062
:1000800063709DF81D30A37008B070BD0321601827
:10009000FDF7DCFAD6E700BFA80E002045FF000000
:1000A000044B5A78824286BF1B1893F84A010020FD
:1000B000704700BFA80E0020044B5A78824286BFCA
:1000C0001B1893F842010020704700BFA80E0020C3
:1000D000064B00224FF461711A8083F8C32183F824
:1000E000C421A3F8C61183F8C2217047A80E0020CE
:1000F000014B83F8C4017047A80E0020014BB3F8F0
:10010000C6017047A80E002030B50A4B5C788442C7
:100110000ED9184490F802012B3003EBC004A579E6
:100120000D7053F830001060A3889380012030BD1B
:100130000020FCE7A80E00200246074810B590F802
:10014000C34124B1417821B1023002F021FF2046A1
:1001500010BD0C46FBE700BFA80E00202DE9F74FAD
:100160002F4C9A46637883428046894656D9231895
:1001700093F8425185F00105F9B193F84A31E3B99A
:1001800045F002070135BAF1000F18D1FA070AD578
:10019000062101FB084104EB0810524601F5857168
:1001A0008230FFF71DFFBB0734D504EB0810524621
:1001B00049460230FFF714FF2CE02F46E3E794F89E
:1001C000A1614FF0010B002DE0D0A319019393F82A
:1001D000991199B90092DAB100F0EAFB06EB4601F9
:1001E0002144019B81F8A2014FEA102C009A81F86A
:1001F000A3C1000C81F8A40183F899B194F8983157
:100200000136B6FBF3F103FB1166F6B2013DDAE706
:1002100047F00407384603B0BDE8F08F0027F9E740
:10022000A80E0020074B5A78824209D91A1892F872
:1002300042212AB9062202FB003000F58570704782
:1002400000207047A80E0020064B5A78824281BFDA
:100250001B1893F83A01B0FA80F0400998BF0020CB
:10026000704700BFA80E002030B50024A0F842401F
:10027000B0F8464042F210754C43B4FBF2F4A0F8DB
:100280004640541E05FB0343B3FBF2F3A0F8443091
:10029000084BB3FBF2F30133A0F84A30838F05FB20
:1002A0000344436BB4FBF2F459438463B1FBF2F2B1
:1002B000426330BD005A620270B504460D4649BB28
:1002C0004FF4207207F0DAFD012384F896306FF0C6
:1002D000360384F8E330042384F8E4306FF03B0302
:1002E00084F8E5306F2384F8E6306FF03F0384F83C
:1002F000E7302B2384F8E230FE2384F81E317F237D
:1003000084F88D30202384F8E85084F8E95084F88C
:100310000B3270BD012922D10023A0F8CC3180F826
:10032000C331154B82691344B3FBF2F3C0F8B83004
:1003300040F6B833A0F8BC301146438C8030FFF74C
:1003400093FF07F0DDFB30B1E069FFF70DF810B95E
:1003500084F8AF51DDE7002384F8AF31D9E70229F3
:10036000D7D1B0F86232D0F85C228169BDE8704024
:100370008030FFF779BF00BF7FC3C901034B80F80E
:100380006C101B680BB10088184770478400002070
:10039000074B93F900301844142804DC10F17F0F48
:1003A00003DB40B27047142070476FF07E00704747
:1003B0007010002007B57F230DF107008DF807307E
:1003C00003F086FC9DF9073068B10A4A5078404234
:1003D00043FA80F0142808DC10F17F0F07DB40B2ED
:1003E00003B05DF804FB1846FAE71420F8E76FF055
:1003F0007E00F5E770100020024B00221A705A7040
:10040000704700BF70100020054BFF221A70054A8C
:10041000016811600179117100221A70704700BFE4
:10042000721000201800002007B5064B18680090D5
:100430001B798DF804306846FFF7E6FF03B05DF8DE
:1004400004FB00BFD04F03000346407848B1DB787F
:100450003A2B05D8034AD35C1B1A584258417047BF
:1004600001207047702203003A2908B5C17003D8F3
:10047000064B5B5C437008BDFF2904D04FF48961D3
:100480002A20FCF7A1FE0123F4E700BF702203003D
:100490002DE9F04385B0894602A91446984609F033
:1004A000D5FF0546002839D1039E34B9012486F8CA
:1004B0009540204605B0BDE8F083376921463846AF
:1004C00008F0CCF9014658B3174B5B88A34229D3F7
:1004D00001AA384608F005FB96F895300198002BE4
:1004E0000CBF494602210AF092F901982246414682
:1004F000033007F04BFC2146384608F0F4F9044677
:1005000018B97A212B20FCF75FFE02A80AF055FAF1
:10051000039BA3F8BA5186F89550CAE70124C8E7AF
:100520000446C6E72C46C4E774100020024B987DB1
:10053000C04300F00100704774100020034B987D09
:1005400080F00200C0F34000704700BF741000202C
:100550007FB505460C4621B940F215111020FCF775
:1005600033FE03888B8000234B724669304608F0C7
:10057000AAFA014610B94FF48F71EFE701AA30468D
:1005800008F0AFFAE08010B940F22311E6E7FB284B
:1005900002D940F22511E1E701980AF040F901285B
:1005A00001D0022805D12072206828B94FF49E712D
:1005B000D4E740F23511D1E70199E288033107F021
:1005C000E5FB304608F095FA10B940F24111C5E755
:1005D0000021304608F0EBF910B94FF4A371BDE7E4
:1005E0000A4BDA7D82B11A8B2888013A02A91A8354
:1005F00009F02CFF10B140F24F11AFE7039AB2F8A7
:10060000A6300133A2F8A63004B070BD74100020EB
:1006100010B521B940F25B211020FCF7D5FD4A60EE
:100620000B72EFF3108472B6031D0B6042681AB1AF
:10063000127A012A08BF036003681960016004B9D7
:1006400062B6034BBDE81040587807F0B5B900BF5B
:10065000901000202DE9F74306460D464FF005089F
:1006600000274FF003092B693BB11B7A2BB12C6992
:100670009CB9002003B0BDE8F0836C68237A012B9D
:10068000F7D0EFF3108372B66A6812686A6003B934
:1006900062B6237A002BE6D02C61237ADBB284F891
:1006A0000880013B0B2B66D8DFE803F0620620349C
:1006B0005F653D6565656552636823B940F2C711A2
:1006C0001020FCF781FD2046314698470420EFF3C7
:1006D000108372B6227A052AD1B201D0002953D1F3
:1006E00027722F61002B4BD162B649E0636813B9C2
:1006F0004FF4E871E4E73146204698470346C3F3D8
:100700000723012BADF80400C0B237D0022BDED195
:100710002F6135E0636813B94FF4ED71D0E72046DF
:1007200098470020D3E763680BB9DA21C8E70B22AA
:1007300032701988A6F80310012200241869B270DB
:100740007271B471214608F032F92C61042091E7EE
:10075000606810B940F20521B2E70E4B31461B68C4
:10076000984700232B61022084E740F20E21A7E77F
:1007700040F21121A4E74FF40571A1E784F8089035
:1007800000283FF470AF75E7002B7FF46CAF62B6C2
:1007900069E700BF8800002070B5134C1426231DA4
:1007A00032460021184607F069FB034601252574EF
:1007B00000210433324604F11800C4E9013307F084
:1007C0005DFB84F8245004F11C03C4E906330023C4
:1007D000E362236384F83430C4F83530C4F8393028
:1007E00084F83D3070BD00BF90100020014B587060
:1007F000FFF7D2BF90100020014B024A1A607047E9
:10080000880000205105010038B50B4D05F1180195
:100810000446FFF71FFF70B9AB681B7A0C2B04D19D
:10082000064BDA7D0AB11B8B2BB120460449BDE88B
:100830003840FFF70FBF38BD901000207410002023
:100840009410002010B51346027A22B14FF42D7196
:100850001020FCF7B9FC0A46BDE8104001460148EB
:10086000FFF7D6BE94100020044890F834301BB92E
:1008700003492C300AF0C8B8704700BF9010002020
:10088000FBA9010010B50A46037A23B14FF42F717A
:100890001020FCF799FC0146BDE8104001480723F1
:1008A000FFF7B6BEA81000201346027A0AB1037201
:1008B00070470A4601460148FFF7AABE941000207F
:1008C0001B234FF01B128384038482618382C260E6
:1008D000038539B94FF4A473034AC3844384C261C6
:1008E000C3820261704700BF480148010346F0B46B
:1008F000B3F85420B3F84840B3F84460DF8FB3F83E
:100900004250944228BF14460846B3F84C20B3F82E
:100910005610DC878A4228BF0A46B3F84610A3F86F
:100920004220914238BF1146A64238BF2646A74210
:10093000A3F84460A3F846101FD1AA1A18BF0122D9
:10094000B3F84A50B3F85040B3F852709E8FB3F8E2
:100950004010A54228BF2546B3F84E409D87BC42B3
:1009600028BF3C46AE42A3F8404002D1A14200D18C
:100970002AB1F0BC03490AF050B80122E0E7F0BC0C
:10098000704700BF21AA01000B8BA2F80B304B8BE4
:10099000A2F80D308B8BA2F80F30CB8BA2F8090098
:1009A0000249A2F8113010460AF031B871AA0100CC
:1009B000094AD2E90003434083EAB01181EA4321A6
:1009C0004FEAF3435360054B116058434FEAF06020
:1009D00000EB8000704700BFD0100020BB79379E2D
:1009E000094AD2E90003434083EAB01181EA432176
:1009F0004FEAF3435360054B116058434FEAF060F0
:100A000000EB8000704700BF20000020BB79379EBC
:100A100010B50A4C09480821FCF718FED4E9002358
:100A20001343F7D0064CFFF7DBFF2060FFF7D8FF3A
:100A3000236860600343F6D010BD00BF2000002093
:100A4000D0100020174B184A9A60184A5A60184A6A
:100A50001A60184A9A62184ADA62184ADA60184A22
:100A60009A61184A1A63184A1A62184ADA64184ACC
:100A70009A64184A5A62184B184A9A60184A5A627D
:100A8000184ADA62184A1A61184A5A61184A9A6171
:100A9000184A1A63184A9A64184ADA64184A9A6318
:100AA000704700BF8C00002039AD01006FAD010020
:100AB000E7AD010071AF0100C5AF0100090E0100F3
:100AC000DBAF010079100100ED0E0100BBB00100A9
:100AD000D7B00100450F0100780100205BAD010097
:100AE0007BB00100FDAF0100A1AF010021B001000A
:100AF0008D0E010063B101000FB10100FDB00100D6
:100B000061B00100044B054A5A65054B054A1A6558
:100B1000054A5A65704700BF8C000020A7AE01004F
:100B2000780100208DAE010019AF0100054B064A87
:100B30009A65064A1A66064B064A9A65064ADA65B7
:100B4000704700BF8C00002013A10100A9A1010083
:100B5000780100204DA001008DA30100252A70B569
:100B600005460C4618D8012A19D9023A232A16D864
:100B7000DFE802F01A1525242433153515243944ED
:100B80004815154D242467676D7415151515151531
:100B90001515151515808990FF2A00F0828040F206
:100BA000FE315120FCF710FB02784368012A02D184
:100BB00093F8203101E093F82931237170BD416829
:100BC000204601F5EB7109F094FE6968204601F5B5
:100BD0008A71BDE8704009F08EBE4368E8E7BDE861
:100BE000704000F011BA0E230B7159234B71002392
:100BF0008B714E23CB7110230B72DFE7436893F8A0
:100C00001A31DAE7BDE87040084600F0EBB9037826
:100C1000466873B996F820315BB196F81D112046ED
:100C200009F0B9FE96F81C112046BDE8704009F0A5
:100C3000B6BE96F81B11204609F0ADFE96F81A11C3
:100C4000F2E741682046BDE870400AF02AB84368E0
:100C500093F83621227193F8373109E0436893F80D
:100C60003421012AF4D093F864200A7193F8653096
:100C70006371A3E7104B1B68002B9FD00246232013
:100C8000BDE8704018470C4B1B68002B96D00246FD
:100C90002420F5E7084B1B68002B8FD00246252047
:100CA000EEE74368204693F84F22D3F85012BDE890
:100CB000704009F0B8BD00BF640200203A289ABF16
:100CC000024B53F820000020704700BF8C0000202A
:100CD0003A289ABF024B53F820000020704700BF0B
:100CE00078010020F7B545682E6904464FF6FF7776
:100CF0000DF102010DF101023046ADF8027007F06E
:100D00000EFE01A9304607F02DFE40B1019807F014
:100D1000EEFE616800220272FFF7B4FDE8E70449C5
:100D200005F1A80003B0BDE8F04009F070BE00BFB7
:100D3000D3AC0100F0B5044685B00D46FF2600F89F
:100D4000856C10F8863CF3B1174F3B781BB14821F6
:100D50001F20FCF739FA0C21381DFCF777FC3E7098
:100D6000002304F8853C2A46072302F8033BD4F805
:100D70000930C5F80330D4F80D305360D4F8113081
:100D8000936005B0F0BD01A80C21FCF75FFCA4F551
:100D9000A873039A1A6001AB03CB44F88E0C44F895
:100DA0008A1C04F8866CDBE7D810002010B5054CCF
:100DB00023782BB90C21201DFCF748FCFF2323705E
:100DC00010BD00BFD8100020024690F8DE31BBB93C
:100DD00090F8DF3103F0FF010BB100207047094BA1
:100DE00018780028F9D01970D968C2F814110433A2
:100DF00003CBC2F8D601C2F8DA11FF2382F8DE3144
:100E000001207047D810002038B5426892F88F3022
:100E100004460D463BB1132B05D0113B0B2B94BF61
:100E20000820012038BD92F8D23013B9204609F0CD
:100E3000F6FE6168284601F5E77109F04FFD61682B
:100E4000284601F5887109F050FD61680B88A1F80A
:100E50006D32284601F26F2109F038FD616828469D
:100E600001F2772109F037FD6368002583F8DE5130
:100E70006068054900F5197009F0C6FD6368152220
:100E800083F88F202846CDE7350D010038B543683B
:100E900093F88F201C2A044604D040F2BB111F2077
:100EA000FCF792F993F8D2101D88002283F8D12024
:100EB00003F5D17069B10B4983F8D220A3F8AC5186
:100EC00083F8AB2109F0A0FD6368002283F88F202E
:100ED00038BD012283F8AB11A3F8AC51024983F865
:100EE000AE21EFE75DAF01004FAF0100436830B5C1
:100EF000D3F8804014F001001FD14D68104A896872
:100F0000A3F8CE002A40C3F8E220C2F3076242F001
:100F1000080221F41E5121F0100183F8E52093F816
:100F2000D0200904090C013244F00104C3F8E61092
:100F300083F8D020C3F8804030BD0120FCE700BF1B
:100F40002FC904F710B5406890F88E30042B2FD1CC
:100F50004C688A68184B22F41E522340C0F8E230D5
:100F600022F01002C3F3076343F008031204120CCB
:100F700080F8E5300023C0F8E62080F8CC3080F817
:100F80008E3090F8842102F0FF049AB90388A0F80B
:100F9000863180F885414B68C0F888318B68C0F88D
:100FA0008C31064900F5BE7009F02EFD204610BDBB
:100FB0000124FBE71C46F9E72FC904F73FB0010005
:100FC000406890F8843153B90388A0F886311A2319
:100FD00080F88531024900F5BE7009F015BD7047F3
:100FE0003FB0010010B50446FEF750FE21F41E513B
:100FF000044B21F0100109040340090C6360A16057
:1010000010BD00BF2FC904F737B50C464568FEF781
:101010003DFE0A4B95F8E22021F41E5121F010010B
:10102000034009040093090C13408DF8003001912E
:101030006B4603CB6060A16003B030BD2FC904F7DD
:10104000DB0410B5144604D5037D13B100234363BC
:1010500010BD436B013343630AF066F8D0E90D23FA
:101060009A42F5D30023436302492046BDE810406D
:1010700009F0D3BCADB0010038B5446894F88E30A7
:10108000012B0D4603D0D4F88030980745D494F84E
:10109000D330990719D4284609F030FC84F8DD00D4
:1010A000B5F80530A4F8DE30B5F80730A4F8E03024
:1010B00094F8D33043F0020284F8D320DA0711D534
:1010C000174904F1D40009F0A8FC94F8D330DB07E9
:1010D00018D4D4F8803013F0020208D055214020F3
:1010E000FCF772F894F83A31002BE9D1EDE743F0C0
:1010F0000203C4F8803094F8D030A4F8CE20013335
:1011000084F8D03094F88E30012B4FF0000003D1DA
:1011100084F88E0084F8CC0038BD0120FCE700BFC5
:1011200045B1010070B545680446FFF743F9054B2A
:1011300085F88D001B6801461BB12046BDE8704054
:10114000184770BD6C020020024B1B6803B11847A2
:10115000704700BF68020020F0B5204E0546307889
:101160000024147080B1431E7768DBB2181B01287D
:101170000BDC07EBC40057F834604068884208BFB6
:10118000AE4212D114700120F0BD1819461007EBC1
:10119000C60E57F836C0DEF80460AC45C0F3470011
:1011A0008E412CBF03460446E0E7B54271EB0000D8
:1011B00002D214700020E7E707EBC30057F8334072
:1011C0004068884208BFAC4201D11370DBE7A542FA
:1011D000814128BF01331370ECE700BFF8100020F5
:1011E00010F0070208B503D063214820FBF7ECFF9D
:1011F00018B1034B197258601A70C80008BD00BFBF
:10120000F8100020014B00221A707047F8100020DF
:10121000014B187A704700BFF81000202DE9D34326
:1012200009F0CAFF0DF1070207460E46FFF794FFCB
:1012300098B9114C2278237A93420ED061681346F4
:101240006FF0604E9DF80700984209D301EBC00390
:10125000C3E9007601322270012002B0BDE8D083DC
:1012600003EB0E0001EBC000D0E90089013BC0E9AF
:101270000289DBB2E6E700BFF810002037B509F0BD
:101280009BFF0DF10702FFF767FF0446A0B10C4A70
:101290009DF8070013785568013BDBB213701A1AEA
:1012A000D2B2411CD200834238BF002205EBC101FB
:1012B00005EBC00006F024FD204603B030BD00BFA2
:1012C000F81000200A46822302F8033B0448036812
:1012D000C1F803304368536083689360704700BF70
:1012E0000111002002481622002106F0C7BD00BFF0
:1012F0000111002082B002AB03E903000B48437DDB
:1013000093B1530610D50A880280D1F83022B1F883
:1013100088304260D1F8342205498260438002223D
:101320000C3002B0FFF7C0BA02B0704701110020C4
:10133000C512010038B5074D044600F15101286877
:1013400009F0DBF994F850102868BDE8384009F03E
:10135000E2B900BF18110020F8B504460E466588B2
:10136000407F15F00401134618BF04F15F013246B7
:10137000FEF7F4FEC20705460BD5012384F8503072
:10138000607FFEF74FFF0368C4F851308388A4F8EC
:101390005530AB070CD5094E0127306884F85E70D4
:1013A00004F15F0109F0B0F93068394609F0BCF981
:1013B00085F00400C0F38000F8BD00BF18110020C4
:1013C00038B5C38D0E4D0133C385AB7C04462BB1BC
:1013D00002F070FC01F00EFE0023AB7400232B71B1
:1013E00094F879302BB101212046BDE8384007F050
:1013F000FFBF637C13B1E28D9A42F4D20021F3E780
:101400001811002010B5094C2379012B02D0237943
:10141000022B05D1A37C1BB102F04CFC01F0EAFDCC
:10142000E069BDE81040FFF7CBBF00BF18110020F6
:1014300070B5294C2379012B07D02379022B04D0D6
:1014400040F63C412D20FBF7BFFEA0B90125A37C4F
:101450001BB102F02FFC01F0CDFD002D3AD0E06968
:1014600007F03EFF002830D002F01AFB236ABDE8E7
:1014700070409B6818472168E26911F8095B02F126
:101480005103E80992F8502008F0A1FF0028DDD0B0
:101490002068002109F06DF90028D7D02379E06990
:1014A000012B05D02379022B02D040F61541C9E764
:1014B0002379226A03F180435269013B05F00F0151
:1014C00052F8233098470546C1E7E069BDE870400F
:1014D000FFF776BF70BD00BF18110020074A034612
:1014E000D06903B909B9FFF76BBF1379126A03F129
:1014F00080431269033B52F823301847181100202B
:101500002DE9F043032985B0054690467BD090F83D
:1015100078300529DBB202D14288D60760D5002B8E
:101520005ED10127DFF8E89099F81260B6B108F0B3
:1015300083FF082888F8000014D002AA0DF10701E3
:10154000FEF7E2FD20B940F685612D20FBF73CFE59
:101550009DF8070002A909F03BFE064698F8003006
:10156000082B08D1D9F8001011F8030BC0F3801034
:1015700009F02EFE0646D9F8001095F8572011F80C
:10158000030B05F15803C0F3801008F020FFD9F8D1
:101590000010044611F8030BC0F3801008F042FF5E
:1015A0008146FEF751FE014640B1B9F1080F1BD04C
:1015B0004846FEF775FD80F00101C9B298F80000B9
:1015C000082815D094B96B7F1C1A604260416B8863
:1015D0005A0706D421B996B9EB7C93B1BB4210D01F
:1015E000002005B0BDE8F0830021E7E70120EEE729
:1015F00014B181F00104E4B204F00100E7E73046E1
:10160000EFE70120EDE743889B07E9D5022789E74B
:10161000181100202DE9F04F85B008230DF10702C5
:10162000052104468DF80730FFF76AFF064620B90A
:101630000026304605B0BDE8F08F7A4F3968FA7C55
:1016400011F8030B07F11403C0F3801008F0BFFE7C
:1016500080460028ECD13B68216A184691F8962014
:1016600010F8035B02EA551202F0010281F896209D
:10167000D3F80320C1F803208288A1F80720194677
:10168000226A11F81F0BC0F38010907009798DF851
:101690000C10D3F80F10D3F81F00D161597D0290C0
:1016A000187D090441EA0021D87C01435162B3F856
:1016B000191040F2E24909FB01F191619D7DC5EBF2
:1016C000451105EB810505EB85056D009585B3F8A2
:1016D000171009FB01F19162B3F81B101184B3F8E4
:1016E0001D10518493F8243003F01F015B0982F828
:1016F000A21082F8B031256A94F912B002A905F15E
:10170000960008F052FF40F20113A5F868304FF040
:10171000FF0A85F86AA0414605F13000FFF7D0F8CE
:1017200059462846FEF72AFE236A84F883801A88E1
:10173000A4F8842084F8A1A04FF6FF72A4F8A22098
:101740009A69B2FBF9F2A4F89A201A8CA4F89C20AA
:101750005A8CA4F89E2093F8B02184F8A020227F10
:101760009DF8070004F18E015AB394F85020012A25
:1017700027D194F8562002F0C002402A21D1D4F893
:101780005120C4F88E20B4F855208A809A7884F8C5
:101790008720082803F1030504F18802D3F80330F9
:1017A00004F1940134D0C4F89430AB888B8004F1F8
:1017B0008701FEF7A9FC40B940F69B312D20FBF7CD
:1017C00003FD0022C4F88E20DFE794F8873043F051
:1017D000020384F88730144904F17A0009F014F9FF
:1017E000236A12491A88A4F8BB2093F8963084F82B
:1017F000BD3004F1B20009F007F90D4B206A1B68F7
:1018000000223A71002B3FF414AF2146984710E7AD
:10181000C4F88830AB8893800023C4F894308B8060
:10182000D9E700BF1811002013B20100E5B1010093
:1018300074020020032973B5044604D0052952D050
:10184000012002B070BD08230DF107028DF80730AA
:10185000FFF756FE0028F3D0237C284D03B39DF8F4
:10186000070094F8C630DBB9237884F8C73008281D
:1018700004F1C90228D004F1C801FEF745FC20B9E3
:1018800040F6FB612D20FBF79FFC94F8C83043F035
:10189000020384F8C8301A4904F1BE0009F0B4F814
:1018A0002B68062204265A701E702046FFF742FD60
:1018B00094F84020E16B286808F04CFF28682E71EE
:1018C00002F088F90020BCE72868034613F8031BE0
:1018D000C1F3801184F8C810D0F80310C4F8C910FF
:1018E0009B889380D7E7074B1B6823B1984780F00C
:1018F0000100C0B2A5E71846A3E700BF18110020F9
:10190000FBB1010070020020F8B504460F4619B380
:1019100000F12805284609F068FEA0B963881A0777
:101920002ED5284609F078FE0646284609F05DFEC9
:10193000301AC0B209F080FE444A93680344284636
:10194000936009F02EFE284609F030FE01F0C8FF32
:101950002179252001F0BCFE3C4D94F85E202868DA
:101960000023037043706388103B0D2B5ED8DFE8C3
:1019700003F0595D550C5D405D5D5D5D5D5D5D40F5
:101980002046BDE8F840FFF71BBD06234370202327
:1019900003702046FFF7CEFC638823F008039BB258
:1019A000152B05D094F83820616B286808F0C3FE29
:1019B000286802F00FF9032321792B71002001F030
:1019C00095FF064607B9E86063881B0704D509F050
:1019D00030FE0644C4F8E0606388103B0D2B30D81D
:1019E000DFE803F0322F29292F292F2F2F2F2F2F18
:1019F0002F290C2343702123037042B104F15F01AE
:101A000008F082FE0121286808F08EFEC1E704F18B
:101A1000580108F079FE94F85710F4E70623037094
:101A20004370B6E7022303700623F9E740F226610C
:101A30002D20FBF7C9FB21790120BDE8F84002F019
:101A400053B940F6AA41F3E7F8BD00BF18110020D2
:101A500038B54388102B044604D1BDE83840012135
:101A6000FFF752BF0B4DAB7C23B101F0A9FA402028
:101A700002F014F9286802F0ADF8608810F0040054
:101A800002D1217902F030F9002002F0E3F80123BD
:101A90002B7138BD18110020024B0121D869FFF7C6
:101AA00033BF00BF1811002010B5134CA37C1BB12D
:101AB00002F000F901F09EFAE06907F011FC70B144
:101AC0002379E069012B0FD12379226A03F1804346
:101AD000D268013BBDE8104052F823301847E06956
:101AE000BDE81040FFF76CBC2379022BECD040F628
:101AF00043312D20FBF768FB1811002010B5094871
:101B0000037903F0FF0453B918222146043006F08C
:101B1000B5F902F0CFF801F06DFA204610BD0C24A3
:101B2000FBE700BF1811002010B5094C00232371FA
:101B30002060FFF7E3FF20B140F2F6212D20FBF7F4
:101B400043FB236A13B940F2F921F7E710BD00BF48
:101B500018110020014B024A1A6270471811002028
:101B6000441E0100034B044A1A60044B044A1A60E5
:101B7000704700BF7002002015160100740200209B
:101B8000E1F200002DE9F041067DB31EDBB2012B2E
:101B900004468CBF4FF000084FF001087EB3B71E1B
:101BA00018BF0127012B36D800F1580190F85700D3
:101BB00008F038FC082805462DD0FEF77DFA58BB02
:101BC000657784F81C8084F85070FEF797FA054614
:101BD0000AF02AF8174BA5FB03351B1845EB010546
:101BE0000022C4E9123584F85E2011462046FFF732
:101BF000B3FB70B940F293412D20FBF7E5FA37466D
:101C0000082504F151010020FEF73CF90028D7D146
:101C10000020BDE8F0810825022EF2D0E37E002BE3
:101C2000F6D0D4F81530C4F85130B4F81930A4F80F
:101C30005530C5E740420F00F0B5464E327985B0C9
:101C4000044602F0FF0312B90278FF2A04D140F6DD
:101C5000A9112D20FBF7B8FA3382B3607371B37109
:101C600080F879303C4B00933C4B01933C4B029302
:101C7000336A68465B68039301F0A4FF01F066FDD8
:101C800002F018F801F0B6F9364801F003FE04F14D
:101C90002805354801F090FF284609F082FC2846C7
:101CA00009F084FC01F01CFE2179252001F010FDD3
:101CB00094F9120001F0E8FD04F13401206B07F003
:101CC00011F804F13C010746206B07F032F8054695
:101CD00017B194F82430C3B90DB194F82550237F7F
:101CE00013B963885B0709D5D4E912126FF000437A
:101CF0009A4208BFB1F1FF3F09D185B9306803307E
:101D0000FEF71AFAB07405B0F0BD0125E7E709F057
:101D10008BFFD4E91223904271EB0303EDD3012230
:101D200005EA02012046FFF717FB68B1FEF7E6F966
:101D3000054609F079FF0D4BA5FB03351B1845EB54
:101D40000105C4E91235D9E7002DD7D040F6DE11E0
:101D50007FE700BF18110020A91A0100311401000B
:101D6000DD140100D6BE898E5555550040420F0046
:101D7000F7B50446FFF760FF00212046FFF7C4FDDA
:101D800004F1680008F019FB236F0BB101221A60FF
:101D90006388DB0721D50023114E256ACDE9003386
:101DA000FF23F37405F10A076846FBF72DFFA0B97E
:101DB000009CA542F8D06A7A607A3B4604F10A0199
:101DC00008F005FB0028EFD0A378F374D4F80300E3
:101DD0007061044BB4F807209A8003B0F0BD00BFD7
:101DE000181100202C110020024BD8611B6A1B68BF
:101DF000184700BF1811002043881B0710B5044680
:101E000011D5036A0A493C2280F883201B88A0F878
:101E10008430FF2380F8A1304FF6FF73A0F8A23082
:101E20007A3008F0F1FDFF2384F8793010BD00BF4F
:101E300013B2010035180100511A01006BB2010004
:101E400065B20100711D010005140100991A01001D
:101E5000401E0100381E0100341E01000138022816
:101E600008B503D9C3212F20FBF7AEF913290A4B7C
:101E700005D811290CD8102907D0D121F3E715294D
:101E8000FBD103EB4003D88801E033F8100008BD14
:101E900003EB40039889FAE7AC220300F8B52F4B17
:101EA0001A88402842EA00021A8005D10421986865
:101EB000BDE8F840FDF744B9802801D10521F6E7D7
:101EC00000F00302032A04D140F6CA113120FBF7C7
:101ED0007BF910F0020418BFD960C50705D5CA7890
:101EE0001961062A0DD00B2A18D02CB1DA68D278E5
:101EF000052A1FD00B2A2AD0820644BF08221A7551
:101F0000F8BD9A6892F88F101829EED100260027A4
:101F10000121C2E93C6782F89310E6E79A6892F8DB
:101F20008F10122901BF002182F89310012182F83D
:101F3000D210DAE79A6892F88F101629DCD10024C3
:101F40000025C2E93E45012182F89410D4E79A6841
:101F500092F88F101129CFD10021F5E73C11002014
:101F600013B5044601A8FDF715FF20B940F2CA7168
:101F70003120FBF729F922220021019805F07EFF8C
:101F80000198032108F043FC0198037823F0100323
:101F900003702146FEF768FA019906482246FEF7CB
:101FA000DDFDFDF70DFF10B940F2D471E0E702B09E
:101FB00010BD00BF4011002070B5274CA36893F8F6
:101FC000566293F85752002E3FD193F86810002DB7
:101FD0003DD193F8692083F8681083F86920FF22C7
:101FE00083F86A201D4B1B680BB1A0689847A36853
:101FF00093F83431012B02D056EA050303D0184878
:102000000021FDF76BFEA068303008F07FFD05462B
:10201000A06800F24511FEF769FCA0680621FDF7F3
:102020008FF8A068303008F071FD8542044610D268
:1020300002F018FF0146601B322838BF322004F03E
:1020400095FFB0FA80F0400970BD3146BFE72A46DF
:10205000C1E70120F8E700BF3C1100207C0200200E
:1020600040110020002908BF1F21172810B5034682
:102070000BD80D280DD90E3809280AD8DFE800F052
:102080000B0909090B090B09110BA0F12303022B02
:1020900023D9002010BDBDE810400021184609F0EA
:1020A000CFBA114CA36893F88E20212A09D1201DA4
:1020B000FDF714FEA368002283F88E2083F8CC205D
:1020C000E7E72E2AE5D193F88F30A3F12002062A04
:1020D000F0D92E2BEED02A21E9E7044B1B68002B08
:1020E000D7D0BDE8104018473C11002078020020EE
:1020F000114B09790246986890F88E30212B11D047
:102100002E2B0FD0282B0FD0042B0FD00F2B0FD03E
:102110001D2B0FD090F88F30232B14BFFE201720DB
:10212000FFF7A0BF1620FBE72320F9E70E20F7E713
:102130001220F5E71420F3E73C11002008B50C4B02
:102140009B6893F81E21FE2A04D040F2D9713120F9
:10215000FBF73AF883F81E0111B9A3F8CE1008BDB9
:102160000022A3F8C820012283F8CC20F7E700BFA3
:102170003C1100200C4A117D91B938B99068B0F833
:102180005810828F91420BD8FCF7CCBF13881B07E5
:1021900008D5936893F89000073818BF012070475E
:1021A00000207047012070473C1100204368D3F89D
:1021B000803013F0300F2DE9F74304460D4656D119
:1021C000084608F0B5FB30B92946204603B0BDE803
:1021D000F04308F052BD2846666808F0A5FB0746A4
:1021E000284608F09DFB8046284608F09FFB814664
:1021F000284608F097FB303600904B464246394659
:10220000304608F095FC1B4B1A88920711D5DA6806
:10221000D278142A0DD16268D2F8803043F01003CE
:10222000C2F88030204608F0FAFC002003B0BDE878
:10223000F083626892F88E101D29ECD092F82B2161
:10224000002AE8D1626892F82A21002AE3D1616865
:10225000D1F8802042F02002C1F880209A6811460F
:1022600002F5A77231F8300BFEF78EFBDAE701209A
:10227000DCE700BF3C11002010B5164BDB68197974
:10228000436893F88E20092A09D193F819218A42CC
:1022900005D1002283F88E2083F8CC2010BDD3F81E
:1022A000802012F0080407D022F00802BDE8104098
:1022B000C3F8802008F0BDBCFF2905D1332283F884
:1022C0008E2083F84C42E9E740F2DE413120FAF7F4
:1022D0007BFF00BF3C11002010B50B794268172B23
:1022E00092F88E2004460CD80D2B0CD9A3F10E01C8
:1022F000092908D8DFE801F00907070709070907D6
:102300001009232B26D0002010BD22460121BDE854
:102310001040184609F094B9212A01D02E2AF2D192
:10232000204608F073FC636893F88F20222AEAD0D5
:1023300093F8E32022F0010283F8E320626892F828
:10234000E33023F0080382F8E3301A212046FDF73A
:10235000C5FCD8E7282AD6D1024B1B68002BD2D067
:102360009847D0E780020020F7B5814C0546002849
:1023700040F0B28023881F0735D5A36893F81E214B
:10238000FE2A04D14FF4AA613120FAF71DFFFE2284
:1023900083F81E2193F88F201A2A07D183F8D100E1
:1023A000201D08F046FCA36883F88F50A36893F8BB
:1023B0008E20332A42D03F2A49D0202A0AD193F8CE
:1023C0008F20A2F12001062901D92E2A34D12E22F4
:1023D00083F88E20A36893F89020072A02BF022278
:1023E000627583F81E212388DE0734D423885807BA
:1023F00000F1A080990713D5E368DE780D2E00F078
:10240000A180112E00F0A080072E00F09F803046A2
:10241000FEF75EFC0346002800F09A805548984776
:102420002388DA0658D5A36893F88F200A2A53D157
:102430000B2283F88F204FE02122C9E7012283F885
:102440004D22002283F88E2083F8CC20C2E7494831
:1024500008F0DCFBBEE7A368276993F88F30113BD7
:102460000B2B0BD8FB78023BDBB2092B7CD801226B
:1024700002FA03F340F23332134275D03846FDF7C7
:10248000E3FF20B939463B4808F0F7FB47E0FE7808
:10249000012E01D9162E0FD1A36893F88E0008F0F3
:1024A000DDFB48B1A36893F88E20202A04D0212AAE
:1024B0000ED12E2283F88E20112E35D026D8072E4D
:1024C00034D00D2E34D03046FEF7F8FB034621E021
:1024D000162E0CBF20250225237D1B0713D5A368CC
:1024E00093F88F30113B0B2B40D9002601A9032014
:1024F0000196FBF7F1FF019B2BB11E720C22A16824
:102500000198FEF79FF9284603B0F0BD142EDAD1EA
:10251000194B1B68002BB5D0216916489847002835
:102520003FF464AF0546D7E7144BF5E7144BF3E7E8
:10253000144BF1E7A26892F89020062A04BF01220A
:10254000627557E7104B69E7104B67E7104B65E77B
:10255000FF2E06D1A268332182F88E1082F84C0239
:102560005EE740F244510FE70825B5E70825CAE7C2
:102570003C11002040110020880200204DB70100CE
:10258000D9220100F1200100DDB60100FBB60100F7
:10259000792201002DE9F041A54CB4F800800E46E7
:1025A000A16818F4007F0ABFB1F8C22000230132ED
:1025B00001F1800507461ABFA1F8C23081F8C73182
:1025C000A1F8C220284609F0B0F828B1434601F529
:1025D0009E722846FEF734FD238803F4C06333B1AE
:1025E000A06890F89230002B4AD0032B4ED0A168FF
:1025F000238891F89220012A04D11D0544BF0222AC
:1026000081F89220002F40F0AD8058065DBFB1F8F0
:10261000E021013292B23A46A1F8E02103F00A0229
:102620000A2A0DD1E268D278022A09D123F00803E0
:1026300030462380FFF798FE08230643F6B2238036
:102640003046FFF791FEA36893F81E210643FE2A49
:10265000F6B24FD1002E4DD193F89020063A012AC0
:1026600048D993F82831B3B1A36893F82921A3F886
:10267000C66083F8202101210220FFF75FFD39E0C9
:10268000012180F89210FCF75BFDB0E7022380F88F
:1026900092300121F7E7A06890F88F30A3F1100580
:1026A000EDB20C2D11D8113B0B2B00F25681DFE857
:1026B00013F00C015401540154010F01170154018E
:1026C00054015401540154014201D0F88030D9071B
:1026D00002D531460920D0E79A0740F19A80314669
:1026E0000C20FFF72BFDA26892F8D33043F00103D2
:1026F00082F8D330A568B5F8C03195F8C4810133AC
:10270000A5F8C031B8F1000F00F0E581FBF7D6FE67
:1027100010B10023A5F8C031A16891F89280B8F1FA
:10272000010F40F20E8291F89030072B40F0EB81C0
:10273000B1F8C230022B40F20482B1F8C450013526
:10274000ADB2B1F888302B44A1F8B83191F8C53159
:10275000002B00F0FF810123A268B2F888100B441F
:10276000A2F8BC312288A36855065BBFB3F8CC2120
:10277000B3F8BE1100225218A3F8CC2193F82831E7
:102780002BB9A36893F89030063B012B07D8A368B8
:10279000B3F8C620B3F8BE110A44A3F8C620A36854
:1027A00093F8CC0030B1B3F8C820B3F8BE110A4496
:1027B000A3F8C82093F9D0100029C1BFB3F8CE20E8
:1027C000B3F8BE515219A3F8CE2093F8B1205AB9EC
:1027D000002F40F05982627D022A40F00E8293F869
:1027E0002021062A18BF1622A36893F8B0302BB90F
:1027F000A368104883F8B120FEF774FAA06808F0C7
:10280000E4FFA368002283F8C321BDE8F041FDF78F
:10281000FDBA590702D5314613202EE71A070BD50A
:1028200090F8183180F820313146072025E700BFA5
:102830003C1100204011002013F0300F3FD090F8E1
:102840002B31002B40F02682A36893F82A31F3B194
:10285000A06890F88F30252B00F5957100F2562274
:102860002BD090F88E30A3F1250CDCF1000343EB64
:102870000C0308F04FF9A268D2F8803023F020034F
:1028800043F01003C2F88030002382F82A31A06898
:10289000D0F88030DA0640F1FD8100F24511FEF7F4
:1028A00025F8A368B3F85220A3F82021B3F85620E6
:1028B000A3F8222100211520DFE60123D9E75B06DA
:1028C00040F1E88100212420D7E600210B20D4E646
:1028D000FEF77AFA00283FF40DAF00210420CCE681
:1028E00090F84832012B08D100210520FFF726FC83
:1028F000A368002283F84822FCE6A36893F84832D4
:10290000022BD8B27FF4F6AEA36893F8D250062219
:102910001DB183F820210021E8E78C48032108F04D
:1029200097F9A36893F8E23013F0040F294614BF17
:1029300011200D20DAE7002106209EE693F83421CD
:10294000022A02D10021172097E693F83421012AA8
:1029500003D193F83531002BF4D0A36893F88E207F
:102960006AB993F88F20103A0C2A40F2A38193F8A9
:10297000C020002A00F09E81012112207DE6092A54
:1029800040F0948193F8192183F8202101214CE72C
:10299000A36893F83A319BB1A36893F8D33013F04E
:1029A00003050DD101210C20FFF7C8FBA36893F8A4
:1029B000D32042F0010283F8D32083F83A519BE7F9
:1029C000A36893F82A3153B3A36893F82B3133BB30
:1029D000A06890F88F30252B00F5957100F25622F3
:1029E0001BD090F88E30A3F1250CDCF1000343EBF3
:1029F0000C0308F08FF8A368002283F82A21012134
:102A00001420FFF79BFBA368B3F85220A3F8202102
:102A1000B3F85620A3F822216CE60123E9E7A36866
:102A200093F83421012A4CD193F83531002B48D149
:102A3000A16891F88F30A3F12002062A41D92E2BEC
:102A40003FD091F86850012D06D0022D04D040F2FD
:102A50000B310620FAF7B8FB91F86900012801D084
:102A60000228F4D1022D91F836210AD0012A14BF90
:102A7000002201223AB90A3B042B12D90121162067
:102A8000FBE5022AF3E7022891F8372117D0012A43
:102A900014BF00220122002AEDD02C480021FDF7AE
:102AA0001DF9A36893F88E20002A7FF423AE93F8D3
:102AB0004C32002B3FF41EAE0121FF20DDE5022A3F
:102AC000E6E7234B1B68002BEBD020489847FE28F5
:102AD000E7D00121D1E5FBF7EBFC08B1A5F8C081F7
:102AE000FBF7F4FC00283FF417AE95F8C73101332B
:102AF000DBB2022B85F8C73182BF0023A5F8C031B5
:102B000085F8C73108E691F8C0301BB191F88E30D6
:102B10000F2B16D1B1F8C450B1F8C23001F18000CA
:102B2000ED1A033D08F001FE68B1D1F8B830D1F8D4
:102B3000B420033B9B1A9D42A8BF1D46012D3FF7C1
:102B4000FFAD0125FDE52B46F5E700BF4011002054
:102B500084020020012D7FF6FEAD91F88F3013B175
:102B60000B2B7FF4F8AD91F88E30002B7FF4F3AD92
:102B700091F89030002B7FF4EEADB8F1020F7FF4A6
:102B8000EAAD91F8C731002B7FF4E5AD086905F097
:102B90002AFF00283FF4DFADA26892F81E31FE2B19
:102BA0007FF4D9ADB2F8BA31012B7FF6D4ADB2F8CB
:102BB000C011138C9942BFF4CEAD5B1A013DADB28A
:102BC0009BB29D4228BF1D466B1C9BB292F877209A
:102BD00072B9A1680A6F5AB1B1F8BE20B1F8881075
:102BE000521A91B212B2002A02DD9342A8BF0B46DC
:102BF000A268012182F8C211AEE5012A09D193F839
:102C00009120002A7FF4F0ADA0680021FCF798FA2B
:102C1000F7E55EB1F00635D4310735D4B20635D4C8
:102C2000B30735D140F64C11312013E738B1B3F872
:102C3000C800B3F8CA20904201D32222D4E500296B
:102C400005DDB3F8CE10B3F8CA209142F5D2B3F83F
:102C5000C610B3F8C42091420BD2A36893F8921027
:102C6000B3F8C22051B1B3F8C4309342CCD8082293
:102C7000BAE593F82831002BDFD1EEE7052AC3D956
:102C80003E22B1E51E22AFE53D22ADE52322ABE5B4
:102C90002A22A9E5A36893F88F20222A3FF44EAE9A
:102CA000312A7FF45AAE00211120E6E40C2D3FF6C4
:102CB000F8AE1FE50C2D7FF61DAD93F83B31002BD0
:102CC0003FF466AE01210E20FFF738FAA368002218
:102CD00083F83B2110E600BF73B5664D0024012642
:102CE0002E71A8602C802C756C75FF2380F8C33181
:102CF000AB681888FDF748F8AB681888FDF770F8DE
:102D0000AB68B3F8BA21EAB193F81E21FE2A19D1B3
:102D100093F82831B3B1AB6893F89020063AB242E9
:102D200010D993F82921A3F8C64083F82021022066
:102D30003146FFF703FAAB68022083F8C241FFF780
:102D40000FF904E0AB6893F81E01FE28F7D1AC68D8
:102D5000B4F8BE31B4F8C021013B12FA83F2A4F8F2
:102D6000C021B4F8C22099B212FA83F3A4F8C23099
:102D700004F1800008F0D9FC20B1D4F8B4300B4441
:102D8000C4F8B430B4F8BA31012B9CBF0133A4F8B5
:102D9000BA31002609B184F8C76194F88F3084F8FD
:102DA000C261A3F10A02012A1FD8B4F88830B4F82E
:102DB00054229B1A190432D404F2562104F19600CD
:102DC00007F0F3FBAB6883F88F60FF2283F8EA20FB
:102DD000A968B1F8BE2101F1800007F02CFCA0B376
:102DE00040F6D7013120FAF7EFF9252B17D1B4F8C7
:102DF0005422B4F888309B1A1A0410D484F88F60D7
:102E0000FFF7DAF8AB68014630B983F8340102B055
:102E1000BDE87040FFF7BEBB83F83461D8E794F893
:102E20008E3003F0FD03252BD2D1B4F88830B4F8EE
:102E300054229B1A1B04CBD4002384F88E30FFF756
:102E4000BBF801460028C3D1E1E70B4B0B490093C7
:102E500003C90B4B0B4AFBF7F9F9AB6893F88F30BA
:102E6000113B0B2B04D802B0BDE87040FBF7E6B96C
:102E700002B070BD3C1100209525010040110020DA
:102E8000752101009D1E010038B50446084694F8DE
:102E9000483213B10C25284638BD94F88F30153BC5
:102EA000012BF7D894F86C3203F0FF05002BF1D119
:102EB000A1B194F8DE3123B940F6A1113120FAF71F
:102EC00083F9074B9968052301F5807201F5E771D5
:102ED00004F046FC012384F84832DCE70223FAE7D9
:102EE0003C110020D0F85C328269934210B5044650
:102EF00004D1D0F86012026A914215D02288A4F859
:102F00009A2140F2E242B3FBF2F3A4F89C31B4F808
:102F10006032A4F89E31B4F862320949A4F8A031B5
:102F200004F5C87007F079FD02212046FDF7C4F9C9
:102F3000002384F88F30032384F8923010BD00BF43
:102F4000C7AD010008B5FDF7DDFD024B024A1A606E
:102F500008BD00BF88020020AD210100064BD3F858
:102F6000000138B1D3F8040120B1D3F80801B0FA58
:102F700080F04009704700BF00F00040034B002282
:102F80001A705A7010229A70704700BF54110020B6
:102F900070B50646022014460D4600F09BF9064B1C
:102FA00001221A70054B033CC3F81045C3F80865AD
:102FB000C3F8045570BD00BF5411002000F000405C
:102FC00008B5022000F086F9084B01221A70084B60
:102FD0000022C3F80021C3F80421C3F8082103F537
:102FE00080334FF40002C3F8042508BD54110020BB
:102FF00000F000400D4A08B513787BB10C4B4FF43C
:103000000001C3F80815FFF7A9FF60B10123537051
:10301000084BD3F80034937000231370BDE80840C8
:10302000002000F057B950701023F4E7541100202D
:1030300000F0014000F000400A4B1A786AB10A4BD8
:10304000D3F800215AB1D3F8040120B1D3F8080114
:10305000B0FA80F04009C0B270475878704702203B
:10306000704700BF5411002000F0004008B5074B26
:103070001A783AB1FFF772FF30B1054BD3F800046C
:10308000C0B208BD9878FCE71020FAE75411002080
:1030900000F00040024B00221A705A709A7070477C
:1030A000571100202DE9F04104461C4D01201E4619
:1030B0008846174600F00EF904F003002E7140EA2E
:1030C0000643174E43F08073C6F80435C6F80885EA
:1030D00004F0EAFC30B9D6F8183523F0FF033B437F
:1030E000C6F818350F4B104AC3F8082514F0FB0F2B
:1030F00001BF0E4AC3F89825FC3AC3F89C2501226B
:10310000022C6A70EC7007D8054B2A700021C3F8B6
:103110000011C3F800121A60BDE8F08157110020B9
:1031200000F0004000F001400000020200F1004009
:10313000214A537870B523B94FF404713C20FAF753
:1031400043F81E4BC3F80C15C3F81005D5780124BD
:103150009470C5B912780AB9E121EFE7184AC3F8AB
:1031600004514FF40035C2F80455D3F8006116B18C
:103170005C60C2F808550B7803704B7804334370D9
:103180008B78837070BD042D4FF0000106D1147050
:10319000C3F80411C3F800421C60F3E7127812B9B7
:1031A00040F20D11CAE7C3F80411054B4FF000724D
:1031B000C3F80425E6E700BF5711002000F00040E7
:1031C00000F00140064B1A782AB1064A0649C2F8B7
:1031D000081500221A7000225A709A70704700BFBA
:1031E0005711002000F001400000020208B50A4B10
:1031F0001B7823B940F276213C20F9F7E5FF074B15
:10320000D3F8042112B940F27721F5E7D3F800048E
:10321000003818BF012008BD5711002000F0004001
:10322000164B1B7870B523B940F287213C20F9F783
:10323000CBFF134CD4F80431BBB90223C4F80433D8
:10324000104B114E1D691A6942F0100205F010056D
:103250001A61D4F804314BB125B90A4A136923F035
:10326000100313610223C4F8083370BD4FF4004308
:10327000C6F8803108F00DFDEBE700BF57110020C4
:1032800000F0004000ED00E000E100E0014B012211
:103290009A60704700F0004008B50B4B4FF40042B5
:1032A000C3F88020BFF34F8FBFF36F8F074B00220F
:1032B000C3F80025C3F80025FFF784FF044B4FF443
:1032C0000002C3F8082508BD00E100E000F000405E
:1032D00000F0014038B5144C0023C4F80035C4F8A0
:1032E00000350546FFF76EFF104B4FF40002012D2D
:1032F000C3F8082503D0022D08D085B938BD0223B4
:10330000C4F800350A4BC4F81435F7E70321C4F8B4
:1033100000150749C4F81415C3F80425EEE7822107
:103320003D20F9F751FF00BF00F0004000F00140E0
:103330005C110020024B00221A809A701A717047AB
:103340006812002038B5144D95F841200346084610
:1033500022B940F611013E20F9F736FF6BB9012A78
:10336000EC6B95F8401005D100F048FE2044AB6AA4
:10337000C01A38BD08F055FAF8E7012B0AD1012A26
:10338000EC6B95F8401002D100F02AFEEEE708F051
:1033900053FAEBE70020EAE76812002008B5094B72
:1033A000012883F82000084B06D0022808D040F6F8
:1033B0002A513E20F9F708FF0322C3F8102508BD63
:1033C0000422FAE7681200200010004008B5144BF0
:1033D00093F84D30D90721D59A0711D5114BD3F861
:1033E000002242F00102C3F80022D3F8503503F066
:1033F000F603022B12D140F2FE513E20F9F7E4FE13
:103400005B070BD5084B094AC3F8AC25A3F5B833C5
:10341000D3F8403113B140F20561EEE708BD00BFBB
:10342000681200200010004000F001400810004029
:1034300007B50B4A01AB92F9212000F023FE9DF95C
:10344000040000F0C5FD9DF8050000F08FFE20B1DE
:1034500040F2CF513E20F9F7B7FE03B05DF804FB10
:103460006812002008B503460F4863B92831C160CF
:103470000E4900F063FE0130012814D940F2267194
:103480003E20F9F7A1FE012B0AD12931C16007497D
:1034900000F05AFE0130012805D94FF4E661EFE74C
:1034A00040F23471ECE708BD28000020CC22030074
:1034B00008B50C4B9B78012B09D100F04BFE013075
:1034C00001280ED940F662013E20F9F77DFE022B5D
:1034D00007D100F045FE0130012802D940F668010D
:1034E000F2E708BD68120020044B03441A7E044B27
:1034F000C3F80825C3F85405704700BFCC22030069
:103500000010004038B50D460446FFF747FF284637
:10351000FFF7EAFF29462046FFF78AFF04F0F0FA9A
:1035200090B10A494FF08053D1F88825D3F8203361
:10353000022C0CBFC3F30663C3F3062322F4FE423E
:1035400042EA0323C1F8883538BD00BF00100040AF
:1035500010B50C46FFF722FF2046FFF7C5FF0E4BC4
:103560005A78012A03D1D8782146FFF761FF0B4C26
:10357000D4F8003243F48873C4F8003204F0C0FA7F
:1035800040B904F0CDFA28B9D4F8683543F4C02323
:10359000C4F8683510BD00BF68120020001000405C
:1035A00010B560220021194804F068FCFFF7C2FE44
:1035B00004F05CFA60B124221548FF2104F05EFC9F
:1035C0004FF080430022C3F8082EC3F8102E10BD20
:1035D00004F056FA0028EED104F05CFA0028EAD193
:1035E00004F078FA08B14022E6E704F069FA0446EC
:1035F0000028F8D106483822FF2104F03FFC4FF0A4
:103600008043C3F8084EC3F8104EE0E7681200206C
:10361000000E0040024B0344187E00F51660704710
:10362000CC220300014B93F8400070476812002041
:10363000024BD86B9B6AC01A704700BF681200200B
:10364000094A936A906B92F84010C01A074B03EB3B
:1036500081031A6CDB6C801A03F2F3134FF47A7255
:10366000B3FBF2F3C01A704768120020CC220300AB
:1036700008B5FFF7E5FF034AD2E90C31C01841F164
:10368000000108BD6812002008B50F4A92F84010EA
:10369000012906D0022914D040F2A7213E20F9F7D3
:1036A00093FD40F6B830936B926A9B1A074A02EB7F
:1036B0008102126C9B1A4FF47A72B0FBF2F018443C
:1036C00008BD4FF4FA60EEE768120020CC22030038
:1036D00008B5134B012983F84C0006D002291BD0F2
:1036E00040F2E5213E20F9F76FFD00230D4A43F437
:1036F000801340F0007043F4847340F44030C2F80B
:103700001435C2F81805D2F8503503F0F703032B2F
:1037100005D14FF43F71E5E74FF08073E6E708BD50
:10372000681200200010004008B504F0E9F950B11B
:10373000054AD2F8743723F0807323F0010343F075
:103740008073C2F8743708BD00100040474B022256
:1037500070B5C3F88020BFF34F8FBFF36F8F444C19
:103760000023C4F8FC3F0123C4F8FC3F04F0D8F95F
:1037700028B1D4F83C3743F48063C4F83C3704F0F4
:1037800093F958B1D4F83C3723F0004323F0FF03FA
:1037900043F0004343F09603C4F83C3704F0B0F91B
:1037A000334C38B1D4F8403723F47F4343F4B0535B
:1037B000C4F840372F4BC4F8783700F0E7FC38B135
:1037C0004FF08053D3F83033591C18BFC4F84C372E
:1037D0004FF01023264C1B6E5A1C09D0D4F88C25B0
:1037E0001B0403F47F0322F47F021343C4F88C35D7
:1037F00040F20313C4F834351F4D40F25B63C4F844
:1038000038350123C4F8303585F820300323C4F857
:10381000103540F20123C4F850360226174BC4F885
:103820000062187C00F0B8FC154B4FF04062C3F802
:1038300004250023A5F84030EB6385F84D30114B8B
:10384000D3F84035AB6202F0C7FD084B1022C5E942
:103850000C01C3F88061C4F804231E602B6E03B111
:103860009847BDE8704000F05DBC00BF00E100E09B
:10387000001000402C000089681200202800002061
:1038800000F0014000800040014B83F821007047A8
:1038900068120020034B020E0002C3F82425C3F86F
:1038A0001C0570470010004038B5044600680A4DFA
:1038B000FFF7F0FF094B6268C3F83C25237A85F8CF
:1038C0002230617AA07AFFF703FF607AFFF766FD86
:1038D000E37A85F8213038BD6812002000100040DE
:1038E000014B83F82200704768120020F8B5244E7F
:1038F00096F84D30DA0705460F4604D440F2597168
:103900003E20F9F761FC1F4CD4F8002243F002037B
:1039100042F00102C4F8002286F84D3000BB96F850
:1039200022103846FFF7EEFD174A0123B370D36427
:103930002360154BD3F84C4528462146FFF792FDEE
:10394000B06A241ACDB9114901EB47074FF47A71D7
:10395000B7F8580000F5FA70B0FBF1F02044F8BD5C
:103960000128E6D196F822103846FFF7F1FD022330
:10397000B370054BDD646560DBE704F12900EEE719
:10398000681200200010004000800040CC2203009C
:10399000F8B53C4C0D461646074600284ED1104659
:1039A00094F82210FFF7AEFD22780123A3709A420B
:1039B000354B4FEA46061E4430D1B6F85E304FF420
:1039C0007A7203F5FA73B3FBF2F3ED1AA16A2F4A88
:1039D0002F4E304B0D44C6F84055C2F8A835636CE5
:1039E00043F4002363644FF40023C2F804352378C2
:1039F000002B3AD194F84D3043F0020384F84D3057
:103A0000FFF7E4FC0123F364D6F84C25954233D844
:103A10000022C6F84025204A1361F8BDB6F8583098
:103A20004FF47A7103F5FA73B3FBF1F3ED1A002A40
:103A3000CCD1164B184AC3F8AC25C7E701280FD1E3
:103A400094F822101046FFF783FD0223A370237819
:103A5000012BBBD0293D002BB8D10C4B0F4AEAE714
:103A600040F2C9713E20F9F7AFFB012BC8D194F8A1
:103A70004D3043F00403C1E729463846BDE8F8401D
:103A8000FFF7F0BC68120020CC22030000F00140D8
:103A900000800040408100400010004004100040C1
:103AA000224B13B510222249D3F80443C3F808234C
:103AB0000222C1F88021C3F800221E4A002182F8A8
:103AC0004D101D4A4FF46020C2F80805D3F8502568
:103AD000D2B204F01004DAB1FF228DF807200122DF
:103AE000C3F810111A619DF8072012B1D3F8102104
:103AF0003AB19DF807305BB940F651013E20F9F725
:103B000063FB9DF80720013AD2B28DF80720EAE75F
:103B1000FFF7CEFC05490023C1F81031FFF70AFC7E
:103B200014B11023C1F8043302B010BD00100040DE
:103B300000E100E06812002000F0014038B51A4DA5
:103B40000024C5F84845C5F84445C5F84045C5F8C2
:103B50004C45FFF7A5FF00F0EBFA144B14495A6CE3
:103B600042F04462C1F80825C3E90E445C641C7647
:103B7000104BC5F848450222C5F84445C5F84045F4
:103B8000C5F84C45C5F84841C5F84441C5F8404121
:103B9000C5F84C41C3F88020BFF34F8FBFF36F8F40
:103BA000C3F8802138BD00BF0080004068120020AB
:103BB00000F0014000E100E0014BC3F83C05704714
:103BC0000010004010B50FC8014C84E80F0010BD74
:103BD000CC120020064BC3F80405064B93F84D2089
:103BE000986442F0010283F84D20FFF7EFBB00BF5D
:103BF000001000406812002008B5134B9A6A104468
:103C0000DA6B824204D340F6C5013E20F9F7DCFAB4
:103C10000E4AD861012119765164D2F844158842C0
:103C200002D840F6CE01F0E70021C2F84411C2F8F4
:103C300044055A6C42F480025A64054B4FF48002EA
:103C4000C3F8042508BD00BF6812002000800040B2
:103C500000F0014010B50F4C034694F8410094F871
:103C600040100222012822764FF0960094F820207E
:103C70000CD100F0D1F9084AE0610023C2F84431C8
:103C8000E36BE1690B44C2F8443510BD00F0DEF986
:103C9000F1E700BF6812002000800040044BC3F829
:103CA0006005D3F8002242F04002C3F800227047BA
:103CB00000100040054BD3F8002222F04002C3F868
:103CC00000220022C3F86025704700BF00100040AA
:103CD000044BD3F8483503F07F035B4203700120A7
:103CE000704700BF0010004008B50D4B0246D97068
:103CF00008460021197082B901225A709A78022A66
:103D00000DD193F82210FFF793FB064AD2F8003248
:103D100043F48873C2F8003201E002225A7008BDF1
:103D20006812002000100040024B0022C3F840251A
:103D3000704700BF00800040044B30B5D3E9144504
:103D40009B6DC0E900450B6030BD00BF68120020CC
:103D50002DE9F843924D934C0123EB64A36AD5F807
:103D60004C7594F84C90FF1A03F0AAF80026C4E9A9
:103D70001406A765FFF79CFB8B4B626CC3F8082504
:103D80008A4A6664D2F8003223F48E7323F001036A
:103D9000C2F80032237E84F84D6023B1D5F8443157
:103DA0009B1B18BF0123A178012938D1D2F80C310F
:103DB000002B0CBF0025082515F00B0F7B4B04D101
:103DC000D3F810210AB145F010050022C3F80021F4
:103DD000C3F80C21C3F81021C3F80421C3F808214B
:103DE00005F01803102B03D1012908BF45F0200569
:103DF0006B4B6678D3F84825E263D3F84435A36368
:103E000094F8203084F8403084F84110EEB9FFF780
:103E100091FA2676EF0761D5636E98478EE0022906
:103E200011D1624AD2F80C01D2F8002400280CBF4C
:103E300000250225D20758BF45F00405002BBBD052
:103E400045F00105B8E70025B6E715F0110F21D1BF
:103E50002379B6F1010818BF4FF00108012B26782D
:103E60001CD0022B2FD09BBB96214046FFF76AFA4D
:103E70000146FFF75FFA012E07D13B378F422AD860
:103E8000474B26700022C3F84021E2784046FFF7F6
:103E90007FFD01E0FFF704FE0026BBE74448FFF783
:103EA00003FD94F8413023B94FF4EA613E20F9F75D
:103EB0008BF9012B04D1FFF7E7FB61690144D8E7D7
:103EC000FFF7BEFBF9E73A48FFF7EEFC6169D0E780
:103ED00040F63E21EAE7354B1E619BE7A80745D532
:103EE00003F00EFEE8B903F01BFED0B92F4BD3F858
:103EF0005034D90115D51A0705D013F0F00F02D0B0
:103F000013F4706F0DD1294AC3F304410129D2F88B
:103F1000542406D1012A04D0C3F34253022B7FF666
:103F20007BAFA36C5B784B4588BF45F0040585F0FB
:103F30000400A36E3146C0F380009847A378022B9B
:103F400012D1237E83B1022B154A1DD1E36BE169A7
:103F50000B44C2F84435636C43F480036364124B32
:103F60004FF48002C3F80425BDE8F88315F0280F4C
:103F700006D085F02001E36EC1F340113046DCE746
:103F8000EB06DBD5236F48E7012B02D040F61E413C
:103F90008CE7E369E16B8B42DBD840F61F4185E794
:103FA000008000406812002000F001400010004036
:103FB00070120020024B03EB8003186C704700BFA7
:103FC000CC220300014B53F8200070471823030054
:103FD000024BC0B2C3F80C05704700BF0010004090
:103FE000054B33F8113002384FF47A7203F2E7339D
:103FF000B3FBF2F3184470473C230300054B33F83E
:1040000011304FF47A7203F57A73B3FBF2F318446C
:10401000704700BF3C23030038B51D460A4B33F8F8
:10402000111003EB820305359C6821444FF47A7329
:1040300001F6B73103FB00141046B4FBF3F4FFF7AD
:10404000B9FF2C44204438BD3C23030070B506461C
:1040500008461546FFF7B6FF094A02EB850293684A
:104060004FF47A7203F6B73302FB06331C1A284664
:10407000B4FBF2F4FFF79EFF0530204470BD00BF93
:104080003C2303002DE9F74F244C074698460D4684
:10409000164600F0A3F82378BB42814611D163781D
:1040A000AB420ED194F90230B3420AD1E378834295
:1040B00007D1A388A8F8003094F9060003B0BDE842
:1040C000F08F781EC0B203280ED8DFF854C00DF16F
:1040D00007031CF800003246294600F085F88246A6
:1040E00038B13D21752002E040F25F410620F9F72A
:1040F0006BF828469DF907B0FFF78CFA5346024645
:104100004146584600F038F8B8F80030A071A38056
:1041100027706570A67084F80390CDE740000020FA
:1041200050230300014B1B685B6818478C0200207A
:10413000014B1B689B6818478C020020014B1B68D1
:104140001B6918478C020020014B1B685B691847EC
:104150008C020020014B1B689B6918478C020020D1
:10416000014B1B68DB6918478C020020014B1B6860
:10417000DB6A18478C02002010B4034C2468E46802
:10418000A44610BC604700BF8C020020014B187889
:10419000704700BFB817002000220F4938B5044609
:1041A000134644FA02F0C007D5B248BF581C02F1CA
:1041B000010244BFCD54C3B2042AF2D1064DC3F16B
:1041C0000402042BD2B24FF0FF0188BF0022E8188E
:1041D00003F054FE2C7138BDC4170020014B187D2C
:1041E000704700BFE0120020042810B511D883B139
:1041F00004280CBF10242824A1420AD2064C54F8EB
:10420000200018B141568A42A8BF0A461A70002001
:1042100010BD6FF01500FBE7E012002030B503463B
:10422000114890F91C209A4219DD90F924209A42F5
:1042300017DA9A1A846AA05C0C4A15569D420DD072
:104240000E32002918BF01309442C0B206D129B104
:10425000013BDBB2012B01D80130C0B230BD0D20D3
:10426000FCE70020FAE700BFE0120020542303001F
:1042700008B5054B93F91C30984203DAFFF7CEFFDF
:10428000024B1B56184608BDE012002054230300C1
:1042900010B51C4C94F82C3073B9012384F82C30E1
:1042A00003F0F8FB48B1184BA362D823236284F8CB
:1042B00024300823A361237710BD03F001FC0028FC
:1042C000F1D103F007FC0028EDD103F0C5FB38B1B4
:1042D0000E4BA362D823236284F824300423E9E739
:1042E00003F0C4FB0028F3D103F0CAFB0028EFD190
:1042F00003F0DAFB0028EBD14FF4DF71742003F0F8
:104300007BF900BFE01200208F230300622303002B
:104310004FF08042012353600023C2F80031014A6C
:10432000137070470D130020014B01221A70704763
:104330000D1300204FF08043D3F8003123B9034B15
:10434000187800F0010070470120FAE70D130020F3
:1043500070B50A4D012604462E70FFF7EBFF30B909
:104360004FF080436E706C60C3F8046370BD002C26
:10437000FCD0A04700236B60F8E700BF10130020BB
:10438000024B00221A705A705A60704710130020B6
:1043900010B5034C208100F02BFD608110BD00BFE3
:1043A00010130020014B9889704700BF10130020A4
:1043B000014B1889704700BF10130020014B58892A
:1043C000704700BF1013002008B509B3F8B14FF0D3
:1043D000FF331A46E0FB01320E498A4204D94FF4FA
:1043E000EA716D2003F008F9180D40EA0230C3F3BA
:1043F0000F134FF22441B0FBF1F203EB0040064BE8
:1044000003FB1200B0FBF1F040EA0240013008BDAE
:104410000846FCE73F420F00000024F410B5EFF31C
:10442000108472B6064A937B0133DBB29373937B9D
:10443000012B01D107F04DFA04B962B610BD00BFDF
:104440001013002038B5FFF7E9FFFFF773FF094CA1
:104450004FF0804540B107F066FA01232B61042339
:10446000E3730023237438BD0323E3730123C5F8EA
:104470000433F6E71013002010B5EFF3108472B682
:10448000094A937B23B940F2F1116D2003F0B4F88F
:10449000937B013BDBB29373937B0BB9FFF738FF40
:1044A00004B962B610BD00BF10130020024BD87BC8
:1044B000003818BF012070471013002073B51B4D42
:1044C0006B7C63B9E86900F0030007F01CFA30B1B7
:1044D000EFF3108372B6EA7B1AB103B962B602B089
:1044E00070BD0122EA7303B962B64FF0804308221F
:1044F000C3F808234FF42073ADF80630BDF806402A
:10450000A4B2631E9BB2ADF80630002CF6D14FF07A
:1045100080460748C6F80C4107F09DFB85F821400E
:10452000FFF790FF0823C6F80433D8E710130020E4
:10453000301300202DE9F041384C94F82230002B44
:1045400069D04FF08043D3F80071D3F8046157B1BC
:104550000122C3F8082363782BB1636800256570D6
:104560000BB1984765604EB14FF080430022C3F80D
:1045700004210222C3F80823FFF7A0FF4FF0804672
:104580002748D6F80C8194F82150EDB207F067FB6C
:1045900020B140F28D216D2003F02EF847B1E37B6E
:1045A000032B05D10423E37307F0BDF90123336125
:1045B000B8F1000F16D04FF080430022C3F80C2151
:1045C000E37B042B02D040F2AB21E4E703F08CFA4A
:1045D000C0B14FF080430022C3F8342C0223E373B0
:1045E000FFF74AFF4DB1002384F82130E37B022B13
:1045F00001D1FFF727FFFFF73FFFBDE8F041084873
:1046000007F03CBB03F050FA0028E2D103F062FA55
:104610000028DED1E2E7BDE8F08100BF10130020E2
:104620003013002010B5044CE06900F0030007F0DF
:104630006AF90028F8D010BD10130020F8B505461F
:1046400050B10278042A07D8437842B9013B1F2BA6
:1046500002D88378212B07D96FF0150077E0002B63
:10466000FAD18378002BF7D1814B0127C3F88070F2
:10467000BFF34F8FBFF36F8F4FF08046C3F8807149
:104680007C4C4FF0FF33C6F808330023C6F80031E6
:10469000C6F80431C6F80C31A373AB88A38107F0C8
:1046A0001DF908B12770A773D6F80C24D6F80C347E
:1046B000D20303D5DF0701D5FFF736FE4FF4AF6015
:1046C000FFF766FE2B78A97863740022E261A1747B
:1046D0002274042B4ED8DFE803F005033B494B005E
:1046E0000123E36107F001F900284ED007F004F937
:1046F000E36903F00303984247D1AB79002B3ED125
:10470000FFF790FFA37C6BB12B785BB9FFF712FE2C
:10471000054603F0E7F86FF00043002D00F0A58098
:10472000C4E905034FF08043D3F80C24D3F80C34CC
:10473000D20303D5DB0701D5FFF7F6FD4C4A012371
:104740000020E07384F82230C2F880311360F8BD95
:10475000FFF764FE4FF08043D3F80C14D3F80C2419
:10476000CE03F9D5D007F7D50223BAE7424BB8E715
:10477000424BB6E740F2FD316D2002F03DFF4FF0B5
:1047800080430222C3F80423BCE74FF08043012298
:10479000DA600022C3F80421E269C3F8182503F0A7
:1047A0005BF910B34FF080534FF08042D3F844329E
:1047B000C3F34233C2F83C3503F04EF910B34FF067
:1047C00080430122C3F84C254FF0804301229A60B8
:1047D0000222C3F80423AA79002A93D1D3F8042330
:1047E00091071CD44FF46D71C6E703F03FF9002820
:1047F000D8D103F045F90028D4D103F055F90028A9
:10480000D0D1D9E703F032F90028D8D103F038F934
:104810000028D4D103F048F90028D0D1D4E7184AB1
:104820001669116941F010011161D3F8043106F0E5
:1048300010060BB907F02FFA4FF08047D7F8043174
:1048400083B1FFF7EFFE26B90D4A136923F0100379
:1048500013614FF080430222C3F808230022C3F8FB
:1048600004214FE707F015FAE8E7C4E9053059E7F6
:1048700000E100E01013002001000200010003002D
:1048800000ED00E010B50D4C04F1200007F0E7F951
:1048900048B9E37B022B01D1FFF7D4FDBDE81040FE
:1048A000074807F0EBB9074A012384F82130BDE837
:1048B0001040C2F80031FFF7B1BD00BF1013002057
:1048C0003013002000E100E0064B1A7810B50446D2
:1048D00032B901221A70FFF7A1FD2046FFF738FD1B
:1048E000002010BD3313002010B5054C23782BB1E8
:1048F000FFF746FD00232370FFF7BEFD002010BD2B
:1049000033130020034610B3007888B91A79012ABE
:104910001ED85A79012A1BD89A680E49643A8A42ED
:1049200016D8D8680C4B98422CBF00200120704745
:1049300001280CD11A79012A09D85A79012A06D8F6
:10494000DA680449643A8A4201D89868EAE70020A4
:10495000704700BF3C8601000040420F10B5054C77
:10496000236813B1984700232360BDE8104001F08D
:10497000A5BB00BF3413002038B5044620B94FF45E
:10498000D5716A2002F038FE90F82850072900F20D
:10499000EC80DFE801F004464676808AA39190F827
:1049A0002630033B012B02D940F2B511E9E705237C
:1049B00090F8241080F82630002380F8293061BB5D
:1049C000714B0122C3F84015C3F84011C3F84415D8
:1049D000C3F84411C3F84815C3F84811C3F84C157F
:1049E000C3F84C11DA6006F0E6FF2378012B0FD1F3
:1049F00001F0F2FCC4E90601236A00212846984729
:104A00000146204606F0EEFF022840F0B18038BD96
:104A1000D4E90423C4E90623EEE7BDE83840FFF7F4
:104A20009DBF90F82630DA1E012A02D94FF4EB71AF
:104A3000A7E790F824202AB121462846BDE838404F
:104A400006F09FBF042B0CBF02230123012980F82D
:104A50002630036A0AD10521284698470028D6D077
:104A60000378002BD3D040F2EB118AE706212846C9
:104A700098470028CBD00378002BC8D04FF4F871AA
:104A80007FE790F82630052B02D040F2F71178E747
:104A9000036A0221B2E790F82630052B02D040F2DB
:104AA000FD116EE7036A0121A8E790F82630052B77
:104AB000B3D040F2032164E790F82630052B02D0F2
:104AC0004FF402715DE7036A0A21284698470146C0
:104AD000204606F087FF40F20B2152E790F826307F
:104AE000052B07D090F825200AB1032B02D040F205
:104AF0000F2146E794F82420002A9DD194F829300C
:104B000093B1022384F8263084F82920236A0821EF
:104B10002846984700283FF47AAF0378002B3FF4EB
:104B200076AF40F21B212CE794F8252062B194F86F
:104B3000270084F82530214601F04EFD00287FF43F
:104B400066AF4FF408711CE7022384F82630072172
:104B5000236A2846984700283FF459AF0378002B72
:104B60003FF455AF40F227210BE74FF40B7108E7F4
:104B700020B1012805D1236A04213FE7236A0321DC
:104B80003CE740F23D21FCE6008000402DE9F8437F
:104B90008846074680B300F037F84FF00009054615
:104BA0005FFA89F6AE420AD2304600F033F890F848
:104BB000264009F10109002CF2D1FF2E03D16FF03C
:104BC0000B00BDE8F883304600F024F805468484E5
:104BD00080F8264080F8286001460A4801F0B6FBBC
:104BE000202885F827000AD001232F6285F8263077
:104BF000204688F80060E4E76FF01500E1E76FF009
:104C00002200DEE779490100014B1879704700BFA7
:104C100038130020054B1A79824283BF1B6800EBD2
:104C2000400003EB00100020704700BF3813002045
:104C300010B510F003040A460BD107490A71086049
:104C400030B102EB42021201214603F017F920466F
:104C500010BD6FF00D00FBE73813002043F609523A
:104C6000C0F3080302FB03F3400A03F5807302FB61
:104C700000F000EB5320704743F6095CC0F30802D4
:104C800010B50CFB02F2C0F34E24030E43EA0123DD
:104C90000CFB04F0090E02F580724FEA411C00EB98
:104CA00052205A01B2EB030E4CEAD36C6CEB0104B8
:104CB0004FEA841C4FEA8E12B2EB0E024CEA9E6C55
:104CC0006CEB040C4FEACC0C4CEA527CD200D318AB
:104CD00041EB0C01DA03C903801841EA534141F169
:104CE000000110BD430B48F2376C0CFB03F34FEA95
:104CF000134C00B5104B43F6095E0EFB1C0000FB85
:104D000003F35B0D0EFB03FE03EB4C230EF5745C0B
:104D10000CF1080CB0EB5C2F08D80EF5807EA0EBF0
:104D20005E20C0B20B6010705DF804FB0133002000
:104D30000B6010705DF804FB6F0C0100F8B5274D97
:104D4000A94246D8264E274F450F45EAC105A6FB86
:104D50000514C0F34F31A40B01EB054107FB1411FF
:104D6000A6FB0151890B41EA04411F4C04FB1104CD
:104D700048F2376C600B0CFB00F04FEA104C43F626
:104D8000095E1A480EFB1C4505FB00F0400D0EFBAA
:104D900000FE00EB4C200EF5745C0CF1080CB5EB3A
:104DA0005C2F12D80EF5807EA5EB5E2E5FFA8EFE8C
:104DB000069D85F800E00D0628184FEA112141F103
:104DC0000001186059601460F8BD01304FF0000E0A
:104DD000EEE796219B2002F00FFC00BFFF7F841EB0
:104DE00083DE1B43000024F40080841E6F0C01004E
:104DF000420B48F2376303FB02F2120C43F6095CE4
:104E0000074B0CFB120101FB0333013B5B0D0CFB59
:104E100003FC5002B1EB5C2F88BF0130184470478F
:104E20006F0C01001F2810B59FBF054B182460436D
:104E30001C189DBF195062600120002010BD00BFEA
:104E40004013002008B5064B93F80023202A03D115
:104E50002D21022002F0D0FB83F8280308BD00BFFB
:104E60004013002008B5064B93F80023202A03D1F5
:104E70003321022002F0C0FB93F8260308BD00BFD7
:104E80004013002010B5094A92F80033202B03D1BB
:104E90003E21022002F0B0FB18214B43D018BDE8A0
:104EA0001040D35840680321184700BF401300202A
:104EB000074B4FF0FF32C3F808230022C3F8402508
:104EC000C3F84021C3F84425C3F84421704700BF0C
:104ED000008000400C4B0D491B78012B14BF4FF490
:104EE000E0224FF4C022C1F8482318BF0023C1F8C4
:104EF0000823074A99000A440021012B42F8041BA9
:104F000000D170470123F8E77816002000B0004078
:104F100040B1004070B5EFF3108472B6094A0A4BF5
:104F20000025D2F80415D2F804612EB15968013178
:104F30005960C2F80451F4E75B6804B962B6C0E98D
:104F4000001370BD00B0004078160020094BD3F864
:104F50000435C01A20F07F4323F001033BB120F059
:104F60007F40B0F5000F8CBF022000207047012069
:104F7000704700BF00B0004008B5124BD3F80425BD
:104F800022F00302C3F80425D3F8082542F00302F7
:104F9000C3F80825102292FAA2F2B2FA82F2092A84
:104FA00004DD094840F2913102F01CFBC3F81025E2
:104FB0000122DA60054B4FF48072C3F880211A6039
:104FC00008BD00BF00800040D64F030000E100E0B4
:104FD000114B4FF40062C3F88020BFF34F8FBFF333
:104FE0006F8FC3F880210D4B01225A609A60D3F86D
:104FF0000425002AFBD10A49C3F808134FF4E02125
:10500000C3F84813C3F84021C3F84421C3F848212A
:10501000C3F80421704700BF00E100E000B0004089
:105020000200070008B50A4B4FF48072C3F88020D5
:10503000BFF34F8FBFF36F8F0649C3F88021012064
:105040004860FFF735FF044B086100221A7208BD63
:1050500000E100E0008000407816002038B5244CC4
:10506000FF234FF0FF32002563724FF0FF33C4E996
:10507000042325706560FFF7D5FFFFF7A9FF1D4AE0
:105080001D4BC2F800524FF400611960A0691B4922
:1050900030B901230B60194B0222C3F8042338BD39
:1050A000174B184CC3F8A845C3F8AC05C3F85C19F6
:1050B0004FF40021C3F804150521C2F84015012161
:1050C0001160D2F840110029FBD04FF40021C3F841
:1050D000081501215160D1600021C2F84011C2F8C9
:1050E0004015C3F8A815C3F8AC15C3F8AC15D2E742
:1050F000781600200080004000E100E000B0004091
:1051000000F0014040810040014BD3E904017047A9
:1051100078160020014BD3F80405704700B000401A
:1051200013B56846FFF7F6FEDDE90004FFF796FDCC
:10513000024B0021E4FB030102B010BD0080841E7D
:10514000B1F1FF3F08BFB0F1FF3F2DE9F041404C06
:1051500005460E4638D13F4DD5F800317BB33E4E63
:105160003E4BC6F808354FF00008FFF7B3FE84F851
:105170000980FFF757FFFFF7FFFE394BC5F80081A5
:10518000384FC6F8A8354FF40023C6F8AC75C6F8FA
:10519000043506F04BFDD5F800312BB10123C5F8DD
:1051A00000817B60FB60F4E7013041F100010223E4
:1051B000C4E904012370FF236370BDE8F08106F0A9
:1051C00035FDC51C41F10006D4E90473B34208BFA4
:1051D000AF42F2D0204B214AC3F80825FFF77AFEF0
:1051E0001C4A4FF4803125F07F480023C2F8081391
:1051F0004046C2F84813C2F84031FFF7A7FE20B17D
:1052000040F202316C2002F0F7F9C2F84085C2F892
:1052100044132378012B06D127F07F473846FFF748
:1052200095FE0128FAD000236372FFF7FBFEFFF71B
:10523000A3FE094A01234FF000412370C2F8041570
:1052400004226270034AC4E90456C2F84833B4E742
:105250007816002000B0004000F0014000000880F7
:1052600000B1004000800040012837B508D9041F74
:10527000E4B2022C19D940F29D316C2002F0BCF945
:10528000234900F1100201239340C1F8083300F5CF
:10529000A873002241F823201E4B81005A5053F876
:1052A00020300093009B03B030BD1B4D2B7893B191
:1052B0006A7882420FD1194A1949C2F80815012BA0
:1052C00001D1FFF7AFFE00232B704FF0FF324FF0FC
:1052D000FF33C5E90423134A4FF48033A340C2F8D7
:1052E0000833C2F8483304F5A87352F82300FFF7D7
:1052F0002DFE012818BF0C4B22B24FEA84041CBFBC
:1053000000211951084B53F822300193019BCAE741
:1053100000800040408100407816002000F00140ED
:105320000000088000B0004040B10040012870B586
:105330002D4B06D9041FE4B2022C2DD940F257316F
:105340000BE0D3E90441B1F1FF3F08BFB4F1FF3FE7
:1053500006D11B7A23B940F22F316C2002F04CF9B0
:1053600012B940F23331F8E72049012300F110046B
:1053700003FA04F4C1F8044300F5A87441F82420AA
:105380008B64D1F848550024AA42C1F8484526D874
:10539000FFF76AFF204670BD197829B15B78834218
:1053A00002D140F25331D8E7114B124E22F07F4127
:1053B000A20013444FF48035A5400022C6F80853DC
:1053C0000846C6F848531A60FFF7C0FD48B904F50F
:1053D000A87446F82410C6F80453C6F844530120B4
:1053E000D9E71046D7E700BF7816002000800040BC
:1053F00040B1004000B0004010B50A4B0446012205
:1054000010B1C3F8442310BDC3F84823FFF70AFEC8
:10541000054B4FF0FF304FF0FF31C3E904011C7022
:10542000F1E700BF00B0004078160020F8B5164D37
:10543000164E00244FF48037D5F8043307FA04F2EF
:105440001A4212D056F824307BB1002346F824309B
:1054500004F5A87355F82300FFF778FD28B1201D47
:10546000C5F80823C0B201F00DFC0134032CE3D1D0
:10547000054BD3F8042132B10022C3F80421044AB9
:10548000536801335360F8BD00B0004040B10040A4
:105490007816002038B5224C637AFF2B39D0237858
:1054A00083B10122022B22722DD11E4B4FF4002218
:1054B000C3F80825002323704FF0FF324FF0FF336D
:1054C000C4E90423184DD5F804339A0309D5D5F857
:1054D000443133B14FF40033C5F80833012001F0F3
:1054E000D1FBD5F80433DB0319D5D5F84031B3B17E
:1054F0004FF48033C5F80833FF2363720020BDE802
:10550000384001F0BFBB022360782370FFF7ACFE88
:10551000D8E7054BD3F804330BB10720EFE738BDCC
:105520007816002000F00140008000402DE9F04F87
:1055300093B01C460492CDE90201FFF7E5FD182364
:1055400001910646B849082004EB440213FB040409
:10555000631801EBC202083265581F7BD3F8048040
:1055600093F80D9005970FCA0CAC25F07F4A84E89C
:105570000F005046FFF772FBAC4B7C1C9842044472
:1055800000F288819C4200F39380002C55DBFEF7EB
:10559000D1FEB9F1010F834608D0A54FD7E9022308
:1055A000B3F1FF3F08BFB2F1FF3F4BD006F0DCF98B
:1055B000019B0690B3F1FF3F08BFB6F1FF3F03D058
:1055C000B54278EB030378D2029B0322EB1A934295
:1055D00069DBBBF1000F00F0E88000230793029B1A
:1055E000B5EB030B039B68EB030706F0BDF909302D
:1055F000C217834577EB020380F0DB80049B012B0D
:1056000000F0E180079B002B5AD1019BB3F1FF3FD3
:1056100008BFB6F1FF3F53D0721B63EB0803042AA7
:1056200073F1000180F22881012A73F100033ADA54
:10563000DDF81CB026F07F4A52E004F1F45404F582
:105640009024A4E70028B1D106F08EF9019B0690C2
:10565000B3F1FF3F08BFB6F1FF3F00F0A380B542B2
:1056600078EB0303C0F09E803B7C002B069B14BFAD
:1056700000221A463346EB1A9A4214DC01230793A0
:10568000D7E90232B2F1FF3F08BFB3F1FF3FA6D026
:105690000699EB1A68EB02028B4272F100039ED26C
:1056A000B9F1010F9BD00024204613B0BDE8F08F64
:1056B00004F1614404F5F70469E73346002285E705
:1056C00028464146FFF73CFD4FF0000BB8F1FF3F85
:1056D00008BFB5F1FF3F00F0E2802E46CDF8048010
:1056E0005046FFF7BBFA534B221A9A420DD3001BC8
:1056F00098427CD34D4B9A4200F2B380984240F2DC
:10570000D880C0F1614202F5F702D3170020FFF7FD
:105710000DFE04460028C6D0454FB9F1010FD7E968
:10572000022366D0BBF1000F40F08880B3F1FF3F49
:1057300008BFB2F1FF3F00F0A6800120FFF75CFE3A
:105740003B7C002B40F092806A1E68F1000306202B
:10575000FFF7ECFD002842D0B9694FF080420023EA
:105760000B60C2F80835059B8DF83C3000238DF89E
:10577000403008934FF0FF324FF0FF33CDE90C5823
:10578000CDE90A238DF83D9008AE0FCE2A4D0FC506
:105790000FCE0FC596E8030085E80300204613B03E
:1057A000BDE8F08F029BC21C65E7214FCDF81CB00D
:1057B00066E7B9F1010B2846414618BF4FF0010BCF
:1057C000FFF7BEFC82E7019BB3F1FF3F08BFB6F1D4
:1057D000FF3F73D026F07F4A4FF0000B80E7BA6995
:1057E0004FF080410123C1F808351360BBE7424206
:1057F0008BE7B3F1FF3F08BFB2F1FF3F24D1BBF10C
:10580000000F9DD0069BF21A019B4FF0050063F13B
:105810000003FFF78BFD002846D03B7C002B93D183
:1058200001233B7490E700BF40130020FF7F841EDC
:10583000981600200040420F48160020B3F1FF3FA9
:1058400008BFB2F1FF3FDDD006F084F84FF0FF3221
:105850004FF0FF33C7E90223BBF1000F3FF470AFF5
:10586000D0E702F1F45202F590224EE70520FFF74F
:10587000FBFC00233B7467E728464146DDF81CB07B
:10588000FFF75EFC22E706F063F806F0CFF9C7E900
:10589000020152E740F20F41702001F0ADFE40F2EC
:1058A0001671702001F0A8FE40F22121702001F055
:1058B000A3FE40F2CF71702001F09EFE40F27A61AB
:1058C000702001F099FE00BF2DE9F04F8D4F7C7CD8
:1058D00004EB44033B4483B05D78202D48D08A4BD1
:1058E000E6B26400002B00F08980884BDFF820923C
:1058F000002B5FD005EB461207EB420A4FEA461831
:105900009AF81C30013BDBB2052B34D8814A12F8DF
:1059100003B0BBF1080F2ED0AFF30080EFF310837C
:1059200072B634443C449AF81D206270A278AA42B0
:1059300004BF2022A27013B9AFF3008062B6A8445E
:1059400005EB450509EBC50207EB4808506859F817
:1059500035300122594688F81C2098477C7C04EB9E
:1059600044033B44E6B25D78202D4FEA4404C1D1A4
:1059700003B0BDE8F08F40F24561702001F03CFEBD
:1059800062B6A84405EB450509EBC50207EB4808DC
:10599000506859F835300122594688F81C2098473C
:1059A0007C7C04EB44033B44E6B25D78202D4FEA57
:1059B0004404DDD005EB461207EB420A4FEA4618D5
:1059C0009AF81C30013BDBB2052BD4D8514A12F8AF
:1059D00003B0BBF1080FCED0AFF30080EFF310831C
:1059E00072B634443C449AF81D206270A278954205
:1059F00004BF2022A270002BC3D1C1E7434BDFF8C4
:105A000014B1DFF80CA14FF02009002B4FD005EBAB
:105A1000461207EB42024FEA4618137F013BDBB206
:105A2000052BA8D81BF803100829A4D0EFF3108386
:105A300072B634443C44527F6270A278954208BFEB
:105A400084F80290002B52D0A84407EB480805EBDD
:105A500045050AEBC5025AF835305068012288F82E
:105A60001C2098477C7C04EB44033B44E6B25D7801
:105A7000202D4FEA4404CAD17AE762B6A84405EB68
:105A800045050AEBC50207EB480850685AF835305F
:105A9000012288F81C2098477C7C04EB44033B449B
:105AA000E6B25D78202D4FEA44043FF461AF05EB88
:105AB000461207EB42024FEA4618137F013BDBB266
:105AC000052B3FF658AF1BF8031008293FF453AFDE
:105AD000EFF3108372B634443C44527F6270A27874
:105AE000954208BF84F80290002BC7D1C5E7019109
:105AF000AFF3008062B6A844019905EB450507EBBA
:105B00004808A6E7981600200000000000000000EA
:105B100040130020C02303002DE9F04F85B0DFF8CB
:105B20000C81019301EB41034FF0200C18F8034066
:105B300003916445924682F800C073D04B01DFF8B0
:105B4000F09006469B4610E0727B012A02D0427D0F
:105B5000012A57D00BEB040308EB43038AF80040FB
:105B60005B7F202BA4465DD01C4604EB440009EB70
:105B7000C000D0E9032387683568716813EB070E0E
:105B800042F10002754571EB02024FEA4403DBD299
:105B90001D46019B83F800C0039B4FEA431B281955
:105BA00009EBC0003768B368D0F808A07268C16814
:105BB000DB1942F100029A4571EB020310D3437DD9
:105BC000012B02D0737B012B03D0012005B0BDE86F
:105BD000F08F05F0C9FEAAEB070701308742F4DA1F
:105BE000019A254409EBC5051470A97DB27B0BEB26
:105BF0000403914208EB430310D95C7F202CE4D0CE
:105C00006500CCE7029305F0AFFEED1B0130854245
:105C1000A0DA029B9AF800C01D46BAE7002005B042
:105C2000BDE8F08F019B1C70CFE700BF98160020E5
:105C3000401300202DE9F04F83B00C4615461E4658
:105C40009DF83070FFF7D4F822686368451946F173
:105C50000006954276EB030342D3DFF88C8005E023
:105C60005D4576EB09033BD3C4E900B90DF10703A9
:105C70000DF1060239462046FFF74EFF88BB9DF81E
:105C8000073003EB430308EBC303D3E902A01A690F
:105C90001AF1030B40F1000012EB0B0B627B40F199
:105CA0000009012ADCD05B7D012BD9D105F05CFE17
:105CB000ABEB0A0301308342D2DA9DF8073003EBE5
:105CC000430308EBC303D3E902B905F04DFE0130ED
:105CD00010EB0B0B49EBE0795D4576EB0903C3D282
:105CE000002003B0BDE8F08F401300202DE9F047FD
:105CF00015461C4612782F7A95F809C088B0002303
:105D0000E360C4E90033A7739DF8408084F80DC0B8
:105D10000646A360E2730F46002A3AD1FEF7ACFFB5
:105D2000D5E9042C3C4BC31841F1000E9A427CEBA0
:105D30000E030AD3013E47F1FF37C4E900674FF471
:105D40007A73A36008B0BDE8F087263041F1000106
:105D500082427CEB0103EDD3501E04F10C036CF185
:105D60000001009304AA06ABFEF7E8FF049B6868F5
:105D700002330DF10F0205A91844FEF7B3FFDDE968
:105D8000053207999B1A23F07F43C4E90021A360E1
:105D9000D8E7224804F10C0206A9FEF7A3FF204B26
:105DA0001B78202B24D01F490B69D1E9052108332A
:105DB00042F1000A13EB01094AF1000A6B68207BEB
:105DC0001844023005AA04F10801C4E9009AFEF75C
:105DD00089FF2869CDF8008032463B462146FFF70F
:105DE00029FF0028AED1C4E9006708B0BDE8F087FC
:105DF000637B16F1080947F1000A012BDED0FEF79C
:105E000099FA0028DAD105F0AFFD10EB09039946A5
:105E10004AF1000AD2E700BF0040420FFF7F841E14
:105E200040160020481600202DE9F04700EB400303
:105E3000344DDFF8D480EC5C06464700FFF76AF982
:105E40004FF0200C4FEA461E04EB440108EBC10161
:105E50000EEB0403D1F808A00A69AAEB000929F0A7
:105E60007F49B9F5000F05EB43030DD812EB0A0289
:105E7000121A22F07F42B2F5000F05D8BCF1200FB4
:105E80000AD12046BDE8F0875B7F202BA4461C4644
:105E9000DAD1BCF1200FF4D00CEB4613BA1905EBA4
:105EA000430315F802805B7FAB54710144464FF009
:105EB000040E0B1905EB430322469445204683F854
:105EC0001CE05C7FF5D1BB192B440A4493F802E037
:105ED000BEF1200F5FFA8EFC18BF8C443E4418BF01
:105EE00005EB4C0C05EB4202354408BF83F80180FA
:105EF0004FF0200318BF8CF81D80A8705377204600
:105F0000BDE8F08798160020401300202DE9F041ED
:105F100001EB41034A4DEE5C202E82B00C468046D8
:105F20004FEA410740D1474B0BB1AFF3008005F07A
:105F30007DFEAB7C0191202B0AD0434BD3E904E2D8
:105F400010F1020C41F10003E64572EB030330D37C
:105F5000202E0AD042463346FFF7E8FA00283DD00B
:105F60000220AE7402B0BDE8F081D5E90223B3F19E
:105F7000FF3F08BFB2F1FF3F1FD12B7C43BB042082
:105F8000FFF772F905F060FE0020FFF735FAA96906
:105F90004FF080422020A874002301200B60C2F83B
:105FA000083502B0BDE8F0810846FFF73DFF8642A4
:105FB000B9D0002002B0BDE8F08105F0CBFC4FF075
:105FC000FF334FF0FF32C5E902232B7C002BD6D0E4
:105FD0000520FFF749F900232B74D0E73A1906EBA7
:105FE000441305EB430315F802C05B7FAB5461011A
:105FF0006246042013468A1805EB42029E4210773F
:10600000527FF7D13A192A443C449678F0B2202EB8
:1060100018BF4018194418BF05EB400005EB4101BB
:10602000254418BF80F81DC0AB704FF000004FF042
:10603000200308BF82F801C04B7702B0BDE8F081B1
:1060400098160020000000004816002038B5164AB7
:10605000164D4FF0FF304FF0FF310023C2E902012F
:10606000C5E90201202142F22000A970136082F8E4
:106070002030A9741C4628806B742B7405F11C0217
:1060800002F814300134202CFAD1094801F068FCE0
:10609000084B094A1C70107001F052FDA861FEF710
:1060A000DDFF0123EB7438BD481600209816002050
:1060B000C958010040160020701600202DE9F04F4D
:1060C00083B005F0B3FDDFF8688206460C4605F0A4
:1060D000BBFD4FF0FF334FF0FF32C8E9022398F8C1
:1060E0002030D3B9D8F81030D8F81820D8F81410C8
:1060F0009048033341F100019B1802F5DF62A0FBD9
:1061000002024FEA922241F100019B1841F1000185
:106110009E4274EB010380F0FB804FF0FF304FF0A4
:10612000FF31FFF70DF8844A92F800B0BBF1200F61
:1061300000F0E980814D20231370AB746B7C00224A
:10614000C8F8002003EB43025FFA83F9AF5C5B0001
:10615000202F00930AD0DFF8E8A107EB47030AEBF2
:10616000C3037A00D97D012900F0A880009BDFF8E5
:10617000D4A103EB09062E444FEA49173478202CAA
:1061800004D04846FFF750FE8442F7D1BAF1000F21
:1061900001D0AFF3008005F049FDAB7C202B09D086
:1061A000D8E9042310F1020E41F1000C724573EBA3
:1061B0000C03E3D3202C34D023460122FFF7B6F999
:1061C000002852D0AC7407EB0B0305EB43031A7F96
:1061D000022A1BD1009A4A442A4406211977917851
:1061E000CBB220291CBFDB1905EB43035F4418BF6A
:1061F00083F81DB0009B08BF82F801B04B442B44CC
:1062000005EB470783F802B020237B77FF23AB71B0
:10621000009B4B441D446B78202B60D103B0BDE83C
:10622000F08FD5E90223B3F1FF3F08BFB2F1FF3F82
:1062300007D005F08FFB4FF0FF324FF0FF33C5E979
:1062400002232B7CA3BB0420FFF70EF805F0FCFC17
:106250000020FFF7D1F8A9694FF0804200232020E9
:10626000A8740B60C2F80835ADE73B1905EB430392
:1062700030785B7F3370024604211346BA1805EB71
:1062800042029C421177527FF7D1B178B370CAB203
:1062900020291CBFD21905EB42023B4405EB430306
:1062A00018BF50774FF0200208BF70705A7765E72B
:1062B0000520FEF7D9FF00232B74C4E75B7D012B7B
:1062C00014D1033644F1000417440AEBC70ADAE993
:1062D0000223B242A34128BFCAE9026446E71A4B2F
:1062E000187803B0BDE8F04F01F066BB0192FEF7ED
:1062F00021F8019A0028E4D105F036FB8619019AAD
:1063000044F10004E0E740F2B121702001F074F99B
:10631000094B0B4A1B78182101FB03F3D018072106
:106320004068D358984740F2A621702001F064F9E4
:10633000481600209300DC9240160020981600209A
:1063400040130020000000007016002038B50C46F5
:10635000054605F00FFB11494B7C01F11C0C5FFA5F
:1063600083FE0CEB831C002302E00133202B13D0AF
:106370001CF81320D8B2002AF7D1094A03EB4E1EAD
:1063800003EB430301EB4E0142F8335002EBC3032E
:1063900001220A775C6038BD184638BD9816002087
:1063A000401300201F2808D80A494B7C00EB4313F8
:1063B00001EB43031A7F012A01D0002070474B7C78
:1063C00000EB431301EB43034FF0000C104683F83E
:1063D0001CC070479816002010B5054CD4E9040184
:1063E000FEF74AFC237F0133181841F1000110BD6C
:1063F000481600200378002B40F0D7802DE9F04F9D
:106400006F4A5368C3F3080389B08146002B40F0FC
:10641000B8806C4E6C4FDFF8B4B106F11C0A27B19E
:10642000002140F23740AFF30080757CEDB24FF0B1
:106430000003B37127B1002140F23C40AFF300806C
:106440000AEB851EBEE80F006C1C04F001080AEB85
:10645000881CACE80F00BEE80F00ACE80F00BEE8F7
:106460000F00ACE80F009EE80F0044468CE80F00D8
:106470002DB227B100214FF47370AFF3008005EB0C
:10648000450504EB44047319725B9B783253344422
:10649000A37057B100214FF47470AFF3008027B19F
:1064A000002140F24140AFF3008005F0BFFBCDF882
:1064B000008004AB4A4604460D46FFF717FC27B19F
:1064C00000214FF48960AFF30080414B1B78202BF3
:1064D0003FD0DBF81030DBF81420DBF8181008335D
:1064E00042F100025B1842F10002DDE9040198422A
:1064F00071EB020CCDF8008022D3364822462B46A1
:1065000004A9FFF797FB98B1DDE90401FEF7B4FB9E
:106510009DF81C3001331B1841F10001C9F81030FF
:10652000C9F8141027B1002140F25B40AFF300809E
:10653000B379002B7FF473AF012009B0BDE8F08F71
:10654000CDE9043204A922462B462248FFF772FB0C
:10655000DAE79DF81D1014F1080345F10002012946
:10656000C3D0CDE90232FDF7E5FEDDE902320028B5
:10657000BBD105F0F9F9029B039AC31842F100025E
:10658000B3E7103B59B2002911DB01F1604101F57D
:10659000614191F8000340090028CED0094E0A4F0E
:1065A000DFF828B006F11C0A39E70020704703F035
:1065B0000F03043B1344187E40090028EED1BCE7CA
:1065C00000ED00E0981600200000000048160020B2
:1065D000401600200040420F2DE9F04FAC4A5368AE
:1065E0008FB0C3F3080383460491002B40F062810F
:1065F00008230393049B1B78012B00F23D82A54ED8
:1066000026B1002140F22950AFF300800023A24CB4
:1066100005934FF0010926B1002140F23650AFF347
:106620000080B9F1000F04D19C4B0BB1AFF3008097
:1066300062B6657CEDB24FF00003A371039B002BA3
:1066400040F09880A84626B1002140F24A50AFF3AE
:10665000008005F0EBFA049A00950AAB8246FFF73A
:1066600045FB26B1002140F25250AFF300800BEB06
:10667000481904EB49094FEA481799F81C30013BC7
:10668000012B75D80A992AF07F4AA1EB0A0222F061
:106690007F4323F00103002B40F0BD8008EB48024C
:1066A000224407EB0B03907804EB430304212028DA
:1066B00019774FEA4803C1B200F09681394404EBE0
:1066C000410181F81DB0434423445F4404EB470774
:1066D00083F802B020237B7700230593012726B19E
:1066E000002140F25750AFF300806D4B0BB1AFF378
:1066F0000080EFF31088C14672B6A379002B8AD1CF
:10670000684B0BEB4B0C03EBCC0C0AAB0FCB0CF137
:10671000080C8CE80F008FB1039B002B00F0EA807F
:10672000059B23B1604B1B78202B00F06081637CBC
:10673000DB4303F001036374FF23A371B8F1000F7F
:1067400004D1564B0BB1AFF3008062B626B10021E5
:1067500040F28E50AFF30080002F4AD126B10021C5
:1067600040F29A50AFF3008038460FB0BDE8F08F8A
:106770000027B4E74D4B05F1010A0AF0010A03EBCB
:10678000851E03EB8A1CBEE80F00ACE80F00BEE8D4
:106790000F00ACE80F00BEE80F00ACE80F009EE869
:1067A0000F002DB28CE80F00D0460FFA8AF726B101
:1067B00000214FF47370AFF3008005EB450507EB44
:1067C00047076319625B9B78E2532744BB7056B15D
:1067D00000214FF47470AFF3008026B100214FF414
:1067E000A860AFF30080A379002B7FF414AF554667
:1067F00029E7637C03EB43031C446378202BADD073
:1068000026B1002140F29550AFF30080284B187854
:1068100001F0D2F8A2E722F07F42B2F5000F3FF676
:106820003DAF0C9B5B18A3EB0A0323F07F43B3F54A
:10683000000F3FF633AF0DF127030DF12602294675
:106840000AA8FFF769F9059000285AD108EB480219
:1068500022440423907889F81C304FEA480320280A
:10686000C1B2434418BFC91923445F4404EB47072E
:1068700018BF04EB410183F802B04FF0200314BFAE
:1068800081F81DB082F801B07B77012727E700BFB0
:1068900000ED00E00000000098160020000000005D
:1068A000000000004013002040160020B416002015
:1068B00070160020103B59B20029C0F28D8001F102
:1068C000604101F5614191F800335B090393002BAE
:1068D0007FF490AE704B1B78202B00F0D280049B8D
:1068E0001B780393002B3FF48AAE40F222517020B4
:1068F00000F082FEFF23A371B8F1000F7FF426AFF2
:106900001FE79DF826C09DF827E0F44518D1BCF19B
:10691000200F00F09E8007EB0C0304EB43035B7F2A
:1069200089F81D30BC4404EB4C0C00228CF81DB0DF
:106930005F4404EB4703059F059203221A77CEE6D6
:10694000BEF1200F00F0A28007EB0E0304EB43031F
:10695000BCF1200F597F00F0878007EB0C0204EB9D
:1069600042024FEA4803507F069051774FF0050AE4
:106970003A1804EB420201468E45814682F81CA07B
:10698000507FF5D103EB08022244079192F802A050
:10699000BAF1200F5FFA8AFE63D0BE4404EB4E0EBC
:1069A000069A8EF81D2003EB08022244079982F80C
:1069B0000290394407EB0B024FF0200E04EB41012B
:1069C00004EB4202F44581F81DE05077AAD143441C
:1069D000059A04F803B0ABE703F00F03043B13443C
:1069E0001B7E5B09039372E782F801B06BE62946D0
:1069F0000220FFF78BFA00287FF499AE637C03EB4B
:106A0000430020440BEB431204EB4202857804213F
:106A1000DFB211775A015B00202DE9B23B4418BF69
:106A2000891823445A4418BF04EB410104EB420285
:106A300083F802B04FF0200318BF81F81DB0059F06
:106A400008BF80F801B05377B8F1000F7FF47EAE35
:106A500077E608EB4803E35C89F81D304FEA48030A
:106A6000B5E7069951709EE708EB48024FEA4803E4
:106A7000A05C0690A15479E740F22651702000F006
:106A8000BBFD40F21F51702000F0B6FD40F2CB116B
:106A9000702000F0B1FD00BF401600202DE9F84F36
:106AA000734CDFF8D08105464FF0010A04F11C0B4E
:106AB000B8F1000F04D0002140F2AC50AFF30080D9
:106AC000BAF1000F04D16C4B0BB1AFF3008062B68A
:106AD0004FF00003A371B8F1000F04D0002140F281
:106AE000B150AFF30080667C0BEB861EBEE80F0052
:106AF00006F1010909F001070BEB871CACE80F0058
:106B0000BEE80F00ACE80F00BEE80F00ACE80F00D5
:106B10009EE80F00B9468CE80F00B8F1000F04D0D2
:106B200000214FF47370AFF3008006EB460607EBCD
:106B30004707A319A25B9B78E2532744BB70B8F1C7
:106B4000000F04D000214FF47470AFF30080A379DC
:106B500003F0FF01002B7CD1B8F1000F03D040F20D
:106B6000BB50AFF3008005EB491304EB43034FEA3E
:106B700049161A7F032A6AD109EB4902A75CBD4274
:106B800071D0202F63D03B4601E0202B5FD0F2185C
:106B900004EB42021946537F9D42F6D1202D56D078
:106BA0007319314404EB430304EB41015B7F4B77E2
:106BB000B8F1000F0CD0002140F23E30AFF300805E
:106BC000B8F1000F04D000214FF4B860AFF300809B
:106BD0002E4404EB460601233377B8F1000F04D0AE
:106BE000002140F2C950AFF30080244B0BB1AFF34A
:106BF0000080EFF3108A72B6A379002B7FF458AFB0
:106C0000BD4203D11E4B1B78202B1AD0637CDB4383
:106C100003F001036374FF23A3710124BAF1000F91
:106C200004D1154B0BB1AFF3008062B6B8F1000F81
:106C300004D0002140F2EB50AFF300802046BDE8C5
:106C4000F88F49460220FFF761F90028DED10024C1
:106C5000E4E7B8F1000F3FF433AF002140F2B75042
:106C6000AFF3008024E7202DF1D05B7FA3549FE792
:106C70009816002000000000000000000000000046
:106C80004016002070B586B007280DD8DFE800F068
:106C9000310C0C0C0C1D040E5F4B4FF080419A69B7
:106CA0000123C1F80835136006B070BD5B4B5C4A28
:106CB0001B7803EB430302EBC30052F83330406808
:106CC000042106B0BDE870401847534C237C002BCC
:106CD00048D0D4E90223B3F1FF3F08BFB2F1FF3F30
:106CE00000F084800120FEF787FB0023237406B0A8
:106CF00070BD494CD4E90223B3F1FF3F08BFB2F1A4
:106D0000FF3F55D0454E0120FEF776FB3378202B10
:106D100055D0444D6A7F012A3BD0FDF70BFB03465B
:106D2000002835D194F89C200132D2B2312A84F85F
:106D30009C206CD84FF47A7230786946CDE90032E5
:106D4000CDE90233CDE90433FFF746FC002859D0E2
:106D500095F82040012385F82030FFF7AFF985F83A
:106D60002040A1E72D4B2E4A1B782E4903EB43030D
:106D70004FF0FF344FF0FF35C1E9024502EBC3018C
:106D800052F833304868052106B0BDE87040184716
:106D90003378234A03EB430302EBC30052F833304A
:106DA0004068002184F89C1006B0BDE87040184788
:106DB00004F0CEFD04F03AFFC4E90201A2E7637CCF
:106DC00003EB4301DAB2635C202B16D003EB4212D3
:106DD00004EB4202507F6054FF21A171114D3370CA
:106DE00002211177002285F8202093E704F0B0FDFE
:106DF00004F01CFFC4E9020174E740F24221702054
:106E000000F0FAFB40F21461702000F0F5FB4FF443
:106E1000C261702000F0F0FB9816002040160020A0
:106E2000401300204816002070B5224B1A78202A03
:106E300086B035D0204CD4E90213B3F1FF3F08BF30
:106E4000B1F1FF3F31D11D4E02EB420206EBC2060B
:106E50000546D6E90201FDF70FFF337D00225B19DD
:106E60005241013342F10002181842EB01010DF1C9
:106E70000B0204AB009203AAFDF760FF9DF80B2004
:106E8000DDE904130F2A94BF00220122521843F1B6
:106E900000030520C4E90223FEF748FA06B070BDDE
:106EA00040F2AA71702000F0A7FB40F2AB71702095
:106EB00000F0A2FB401600204816002040130020DE
:106EC000FEF728B938B5254B93F800E0BEF1200F46
:106ED0003FD0234D6B7C95F811C003EB43035FFA61
:106EE0008CFCEB5C202B25D01E4C4FEA4C1C05E0A3
:106EF000634405EB43035B7F202B1BD003EB430272
:106F000004EBC202917D8142F2D80EEB4E0E04EBEF
:106F1000CE04D4E90213206940189168D26843F185
:106F20000003C41C43F10003A14272EB030304D22B
:106F3000002038BD4FF0FF3038BD0B4B081A033826
:106F40001C68FDF78BFE04F132038342F0D8001B6E
:106F500038BD40F2DF71702000F04EFB401600207B
:106F60009816002040130020481600202DE9F04F0D
:106F70008C4B1D7887B0202D019000F00D81DFF83B
:106F80002892DFF8288299F8113003EB4303064674
:106F9000D8F8000019F80340D8F8103003930DF129
:106FA0001302D8F8183002938B46304405A9FDF738
:106FB00099FE7F4BA6F132029A426AD8DFF8F4A11B
:106FC000059BD8F8146005EB45050AEBC505A868D4
:106FD0001B182869D8F810501818401B20F07F4360
:106FE000B3F5000F55D899F81120C8F81800202CD7
:106FF00088F81EB0D2B200F0C2805201DC462021D7
:10700000934604EB440240190AEBC20246F1000E1B
:10701000D2E90263864273EB0E034FEA440746D37C
:10702000537D012B03D098F81D30012B35D005205E
:107030000091FEF719F9009999F811004FF0FF320D
:107040004FF0FF332029C8E90223C0B240F09580F9
:1070500000EB4000202419F80030524A99F8111032
:10706000127802EB411209EB42025377D8F8003054
:10707000019A1344C8F80030FF2389F80630202C09
:1070800035D04D4B187800F097FC002007B0BDE8D4
:10709000F08F012007B0BDE8F08F009104F064FC90
:1070A000751B013085420099C1DA98F81EC027444B
:1070B0000AEBC707BB7D63450DD90BEB040309EB56
:1070C00043035B7F202B16D02146D8E90456D8F81D
:1070D00018001C4695E7DDE90231D8F810205B184E
:1070E0009B1A0220C8F8183007B0BDE8F08F0020C6
:1070F00007B0BDE8F08F0520FEF7B6F84FF0FF327D
:107100004FF0FF3399F81100C8E90223C0B204EB35
:10711000401309EB430346005A7F00EB4003410153
:1071200019F803A009F803204FF0050C5346CF18B7
:1071300009EB47071A4694421D4687F81CC07B7F1F
:10714000F5D137184F440A4497F802E0BEF1200FFA
:107150005FFA8EFC18BF8C44304418BF09EB4C0C0E
:1071600009EB420248444FF0200114BF8CF81DA0E7
:1071700087F801A0857051776FE70C46C7E70520B7
:10718000FEF772F899F811004FF0FF324FF0FF331D
:10719000C8E90223C0B25BE740F60801702000F0A6
:1071A0002BFA00BF40160020981600204816002039
:1071B000CE3F420F40130020701600202DE9F84FFB
:1071C0009A4C637C00EB431304EB43031B7F002BBF
:1071D00000F02781677CDFF858820546FFB2B8F1DE
:1071E000000F04D0002140F64700AFF300807E017D
:1071F00005EB471704EB4707B8F1000F40F0D980C3
:10720000771904EB47073B7F012B08D0043B022B87
:1072100040F2C58004F03DFD3B7F012BF6D1DFF845
:1072200014A24FF0010BB8F1000F04D0002140F67A
:107230005E00AFF30080BBF1000F04D17E4B0BB1B9
:10724000AFF3008062B64FF00003A371B8F1000FF6
:1072500004D0002140F66300AFF30080667C0AEBA7
:10726000861EBEE80F0006F1010909F001070AEBCE
:10727000871CACE80F00BEE80F00ACE80F00BEE8CA
:107280000F00ACE80F009EE80F00B9468CE80F0035
:10729000B8F1000F04D000214FF47370AFF30080F9
:1072A00006EB460607EB4707A319A25B9B78E25360
:1072B0002744BB70B8F1000F04D000214FF4747064
:1072C000AFF30080A37903F0FF01002B40F085802D
:1072D000B8F1000F03D040F66D00AFF3008009EB6A
:1072E000490323444FEA490B5E78B54200F08F8092
:1072F000202E2CD04FEA491101E0202E27D08B19E7
:1073000004EB4303324637465E7FB542F5D1202D6C
:107310001DD00A44294404EB410104EB42024B7F97
:107320005377B8F1000F04D0002140F23630AFF3AC
:1073300000800BEB090323449B789E425AD0B8F19E
:10734000000F0CD0002140F23E30AFF30080B8F1C6
:10735000000F04D0002140F67100AFF30080374BDE
:107360000BB1AFF30080EFF310839B4672B6A279A6
:10737000002A7FF458AF84F81190FF22A27123B93C
:107380002D4B0BB1AFF3008062B6B8F1000F04D003
:10739000002140F68300AFF30080BDE8F88F731939
:1073A00004EB43030122DFF88CA01A774FF0010BA6
:1073B00039E73B7F012B3FF432AF043B022B16D958
:1073C000002140F65300AFF3008004F062FC00217E
:1073D00040F65700AFF300800EE7B8F1000F3FF41E
:1073E0002AAF002140F66900AFF300801BE70123BC
:1073F0003B77ECE7B8F1000F04D0002140F23930C0
:10740000AFF300800BEB090323449F7097E7202D17
:107410009DD005EB491204EB42022027527F5A709F
:107420007FE740F63E01702000F0E6F89816002055
:1074300000000000B4160020000000000000000062
:1074400070B586B063BB064610460D46FDF706FCD8
:107450000DF10B030446009303AA04AB2946304602
:10746000FDF76CFC039A1349A31A8B420BD3121B32
:107470008A420ED310498B420DD88A4215D9C2F1E7
:10748000614303F5F7030A9AA2F10F00C01A06B090
:1074900070BD5342F7E703F1F45303F59023F2E78D
:1074A00040F68901702000F0A7F840F2CF717020FB
:1074B00000F0A2F80040420FFF7F841EBFF34F8F01
:1074C0000549064BCA6802F4E0621343CB60BFF380
:1074D0004F8F00BFFDE700BF00ED00E00400FA059C
:1074E000094B01225A604FF0FF32C3F80823074BC3
:1074F0004FF48042C3F88020BFF34F8FBFF36F8FEC
:10750000C3F88021704700BF00E0004000E100E0C8
:10751000094B01225A604FF0FF32C3F80823074B92
:107520004FF48052C3F88020BFF34F8FBFF36F8FAB
:10753000C3F88021704700BF00C0004000E100E0B8
:10754000084B0022C3F8FC2F0122C3F8FC2F064B86
:107550000222C3F88020BFF34F8FBFF36F8FC3F8B1
:10756000802170470010004000E100E0F8B51B4E9C
:10757000337805460C4617466BBB00F061FAFCF702
:1075800087FE174B7760002D08BF1D4628463472D2
:10759000FFF7D6FFFFF7BCFFFFF7A2FF04F0E6F905
:1075A0000546B0B9FEF752FD04F0E2F904F08FFA97
:1075B000002C0CDB04F01F026409A40004F16044F9
:1075C00004F5614401239340C4F880312360012312
:1075D00033702846F8BD4FF0FF35FAE73817002022
:1075E000C623030008B572B6024B5B6803B1984727
:1075F000FFF764FF381700201FB572B6134B5D68A4
:107600008DB9FFF75BFFB2FBF6F2DCB20133002A63
:10761000F9D104F110036B4403F80C2C0A2234B99D
:1076200001A8A847EDE7024600230A26EDE7631EFE
:1076300004AEDCB256FA83F3B0FBF2F602FB16009E
:10764000303003F80C0C3046E9E700BF3817002053
:10765000074B93F90830002B09DB5A09012103F08D
:107660001F0301FA03F34032024941F82230704708
:107670003817002000E100E0014B1878704700BF88
:10768000381700202DE9F84FDFF8C4A0314C324DF7
:10769000DFF8C890074601269AF800805FFA88F85C
:1076A000FF238AF80030B8F1000F01D08AF80130CA
:1076B000EFF3108272B600236660C4F80031C4F89C
:1076C0000431C4F8047526603AB962B605E0D4F80E
:1076D000043133B92B69DB0620D4D4F80031002BF8
:1076E000F5D0D4F80431002BE2D1B8F1000F13D15A
:1076F0009AF80130DBB28AF8018003214FF480420E
:10770000C4F80813C4F80481C4F80081C9F88021C2
:107710008AF80080002BBFD1BDE8F88F4FF480437A
:10772000C9F88031EFF3108B72B60323C4F8043329
:10773000D4F8003113B9D4F804311BB1BBF1000FF8
:10774000CBD1C2E704F0A5FABBF1000FC5D1BCE76D
:107750004417002000E0004000ED00E000E100E000
:1077600070B51646DA078CB01D4686468C4640F149
:10777000A280C37B8DF80030837B8DF80130437B82
:107780008DF80230037B8DF80330C37A8DF8043016
:10779000837A8DF80530437A8DF80630037A8DF8B8
:1077A0000730C3798DF8083083798DF80930437933
:1077B0008DF80A3003798DF80B30C3788DF80C30D2
:1077C000837842788DF80D3003788DF80F308DF87E
:1077D0000E20CA7B8B7B8DF810208DF811304A7BF0
:1077E0000B7B8DF812208DF81330CA7A8B7A8DF8C6
:1077F00014208DF815304A7A0B7A8DF816208DF802
:107800001730CA798B798DF818208DF819304A799C
:107810000B798DF81A208DF81B30CA788B788DF88B
:107820001C208DF81D304A780B788DF81E208DF8BD
:107830001F306C462046FFF725FFAB0731D59DF87A
:107840002F009DF82E109DF82D209DF82C303070C3
:1078500071709DF82B009DF82A10B270F3709DF89E
:1078600029209DF82830307171719DF827009DF80E
:107870002610B271F3719DF825209DF824303072E6
:1078800071729DF823009DF82210B272F3729DF878
:1078900021209DF8203030737173B273F3730CB0F4
:1078A00070BD0DF1200CBCE80F0030607160B2605B
:1078B000F3600CB070BDDEF80410DEF80820DEF8CE
:1078C0000C3000686C46A646AEE80F00DCF80000FD
:1078D000DCF80410DCF80820DCF80C30AEE80F000F
:1078E000A8E700BF1B4B4FF4805270B5C3F880204F
:1078F000BFF34F8FBFF36F8F174D184C0021C5F8A2
:107900000011C3F880212669236943F01003236125
:107910000123C5F8043306F010062B60D5F80031BA
:10792000A3B11EB9236923F0100323610A4B01227E
:10793000D3F808055A60C3F808230022C3F80021D1
:10794000044B4FF48052C3F8802170BD04F0A1F9BC
:10795000E4E700BF00E100E000C0004000ED00E00F
:1079600038B50C49024605200138C0B2FF2803D1C2
:1079700048216920FFF740FE01EBC0031D7905F0A7
:10798000FF04002DF0D141F8302001225C719C7180
:107990001A7138BD48170020042808B503D94F21B3
:1079A0006920FFF729FE034B03EBC000002303719E
:1079B00008BD00BF48170020042808B503D9582186
:1079C0006920FFF719FE094B03EBC0000379012B77
:1079D00001D05921F4E7437982790133DBB29A422D
:1079E00018BF4371BDE80840FFF732BE48170020BA
:1079F00070B5124C06250026013D15F0FF0500D19B
:107A000070BD94F8281004EBC1031A79012A09D13A
:107A100058799A79904205D05A79D2B29A7154F82D
:107A20003130984794F828300133DBB2042B94BFEF
:107A300084F8283084F82860DEE700BF481700206B
:107A40004FF08052034BD2F830111960D2F8342134
:107A50005A60704774170020034B1868A0F10F0399
:107A600058425841704700BF74170020034B1868F4
:107A7000A0F10A0358425841704700BF7417002014
:107A8000034B1868A0F10E0358425841704700BFDD
:107A900074170020034B1868A0F110035842584196
:107AA000704700BF74170020044B1868062803D0E5
:107AB000431C5842584170470120704774170020FA
:107AC000034B1868A0F10D0358425841704700BF9E
:107AD00074170020034B1868A0F10803584258415E
:107AE000704700BF7417002008B5FFF7BFFF20B133
:107AF000024B5868B0FA80F0400908BD74170020A6
:107B000008B5FFF7D1FF38B1044B5868063810F1BB
:107B1000080F94BF0020012008BD00BF741700208B
:107B200008B5FFF7C1FF38B1044B5868063810F1AB
:107B3000080F8CBF0020012008BD00BF7417002073
:107B400008B5FFF789FF70B9FFF790FF58B9FFF745
:107B500097FF40B9FFF7A8FF044A054B002808BF6C
:107B60001346184608BD024BFBE700BF00E7014083
:107B70000C05004008B5FFF797FF08B3EFF310803E
:107B800072B6104A1369116941F010011161A2F532
:107B9000406203F01003D2F80011D2F804210A4326
:107BA00000D040BF20BF00BF00BF00BF00BF23B94F
:107BB000044A136923F01003136100B962B608BDCB
:107BC00020BFFCE700ED00E0914270B53BD2B2FA75
:107BD00082F33BB1C3F1200420FA04F4994021431D
:107BE00098409A40160CB1FBF6FC06FB1C142404CA
:107BF0001FFA82FE030C85B204EB10400CFB0EF45E
:107C0000844206D9201A90428CBF02200120ACEB9E
:107C1000000C03EB01410CFB1211B1FBF6F006FB6B
:107C2000101105EB014100FB0EFE8E454FEA0C4C96
:107C300006D9AEEB010E96458CBF02220122801AB6
:107C400040EA0C0070BD73219620FFF7D5FC00BF01
:107C50002DE9F8431C4652EA040349D0074615466D
:107C60000E467CB9914208D321463046FFF7ACFF5F
:107C700004462A46384604FB1561FFF7A5FF214656
:107C8000BDE8F883B4FA84F9B9F11F0F34DC4FF082
:107C9000010808FA09F2A2FB051320FA08F002FB1A
:107CA000043226FA08F140EAC670FFF78DFFC9F1E9
:107CB0001F03D8404FF0000118D0431E8C4661EBE3
:107CC000010105FB01F203FB042280461846A5FBD7
:107CD000033EFB1A724466EB02061F46AF4276EB88
:107CE000040324BF40466146BDE8F8838446F5E7B7
:107CF000CA219620FFF780FCE7219620FFF77CFC45
:107D000010B5441A94422BD34AB34B1CC31A022B0E
:107D100031D9531E072B2ED922F003048C468646F8
:107D20000C445CF8043B4EF8043BA445F9D122F026
:107D300003039A4202F0030400EB030C01EB030E71
:107D40000DD0CA5CC254012C09D09EF801308CF8C9
:107D50000130022C03D09EF802308CF8023010BDA6
:107D6000002AFCD08B18024413F801CD02F801CD93
:107D70008B42F9D110BD4B1E0244014613F8014F4E
:107D800001F8014B9142F9D110BD00BF81EA000317
:107D90009B072DE9F0415DD187075FD0002A57D0BE
:107DA000034601E0002A53D011F801CB03F801CBC0
:107DB0009E0702F1FF32F5D1032A28D941EA0305D3
:107DC000141F6D074FEA940E4AD12B2C48D90EF19F
:107DD00001084FEA580C03EBCC0CA1F108051C4636
:107DE000F5E90267E4E802676445F9D118F0010F8C
:107DF00028F0010403D051F8245043F824500EF128
:107E0000010402F0030203EB840301EB8401FAB1E5
:107E1000541E022C20D922F003058C460D449E46A8
:107E20005CF8044B4EF8044BAC45F9D122F0030446
:107E3000A2422344214402F0030509D00A781A70B3
:107E4000012D05D04A785A70022D1CBF8A789A708D
:107E5000BDE8F0810346DAE71546EFE70346ABE7F6
:107E60000EF1010701EB87071D1F0C4654F8046B48
:107E700045F8046FBC42F9D1C1E700BF2DE9F041DC
:107E800084075FFA81FE5FD0002A59D0034601E0E3
:107E9000002A55D003F801EB990702F1FF32F7D120
:107EA0004EEA0E24032A44EA04443ED9151FAE08C4
:107EB000172D06F10106C3F3800147D99846002922
:107EC00040D048F8044B771A03EB810C79080CEB8F
:107ED000C101CCE900440CF1080C6145F9D127F04F
:107EE000010C08EB8C016745CCEB8C7805EB880521
:107EF00017D02F1F032F0C6013D9A5F10807032FEC
:107F00004C600ED9A5F10C07032F8C6009D9A5F19F
:107F10001007032FCC6004D9143D032D0C6188BFDA
:107F20004C6102F0030203EB86034AB1013A83F885
:107F300000E005D0012A83F801E018BF83F802E0D1
:107F4000BDE8F0811546BEE70346A9E71946154688
:107F5000CFE700BF2DE9F04786468C460846089ECD
:107F6000154674461946002B40F0C2808542B2FA8D
:107F700082F245D94AB1C2F1200300FA02FC2EFA7E
:107F800003F3954043EA0C0C94404FEA154EA8B217
:107F9000BCFBFEF8230C0EFB18CC08FB00F943EAEF
:107FA0000C43994528D9EB1808F1FF3704D29945BD
:107FB00002D9A8F102072B44A3EB0903A4B2B3FB37
:107FC000FEFC0EFB1C330CFB00F044EA0344A04211
:107FD00014D92C190CF1FF3304D2A04202D9ACF110
:107FE00002032C44241A43EA07401EB1D440002364
:107FF00034607360BDE8F0874746DDE76346F1E72C
:1080000092BB431B01214FEA154EAFB2B3FBFEFCFE
:10801000200C0EFB1C330CFB07F840EA0343984589
:1080200062D9EB180CF1FF3004D2984502D9ACF1BB
:1080300002002B44A3EB0803A4B2B3FBFEFC0EFB2F
:108040001C330CFB07F744EA0344A7424ED92C1912
:108050000CF1FF3304D2A74202D9ACF102032C4445
:10806000E41B43EA0040C0E7C2F1200320FA03F119
:10807000954090402EFA03F303434FEA154EAFB2FA
:10808000B1FBFEFC0EFB1C10190C0CFB07F841EABF
:108090000041884504FA02F422D969180CF1FF3036
:1080A00004D2884502D9ACF102002944A1EB0801B1
:1080B0009BB2B1FBFEFC0EFB1C110CFB07F743EA65
:1080C00001439F420ED9EB180CF1FF3104D29F42BD
:1080D00002D9ACF102012B44DB1B41EA004192E7DB
:1080E0006046E3E76146F7E76046A3E76346B7E724
:1080F000834206D916B9002108467BE7C6E900E0AD
:10810000F9E7B3FA83F78FB9834201D3724508D8F0
:10811000BEEB020460EB030301209C461EB9002164
:1081200068E73846FAE7C6E9004CF8E7C7F1200CE3
:10813000BB4022FA0CF41C432EFA0CF120FA0CF38B
:10814000B84001434FEA14490EFA07F5B3FBF9F8BA
:108150001FFA84FE09FB18300B0C08FB0EFA43EAE9
:1081600000439A4502FA07F240D9E31808F1FF30BC
:1081700004D29A4502D9A8F102002344A3EB0A03D2
:1081800089B2B3FBF9F809FB183308FB0EFE41EA8C
:1081900003418E452CD9611808F1FF3304D28E4576
:1081A00002D9A8F10203214443EA0040A0FB02984F
:1081B000A1EB0E014145CE46434602D306D14D45C3
:1081C00004D2B9EB020E68EB04030138002EA6D0EE
:1081D000B5EB0E0261EB030101FA0CFC22FA07F386
:1081E0004CEA0303F940C6E9003198E74046C5E789
:1081F0004346D9E71FB5014601A800F006F801A8DB
:1082000002F0E5FB05B05DF804FB0B88C3F30B033C
:1082100083804B88C380002242724B78C3F30113E2
:10822000012B02D0022B18BF1346043103720160E8
:10823000704710B58B880370437803F0F0034370E8
:108240008A88C2F3032213434370CA888270CA88A3
:1082500003F0CF03120A4370C2700A7A120102F0CF
:108260003002134303F03F0343704A7A43EA821318
:1082700043700C4609680430814205D0E288FB2A2D
:1082800028BFFB22FFF782FDE0880430C0B210BD9A
:1082900010B48B880370437803F0F00343700A46F0
:1082A0008988C1F303210B434370D1888170C17861
:1082B00001F0C001C170D488C4F30524214303F048
:1082C000CF034370C170147A240104F030042343B7
:1082D00003F0BF034370547A43EA841301F03F0173
:1082E00003F07F034370C17011680430814203D0F2
:1082F000D28810BCFFF74ABD10BC704770B50B7830
:10830000192B05460C461ED82BB3013B182B22D83F
:10831000DFE813F03A003E002100B100B700BD00D5
:10832000C300C900CD00CF00DF00E500240021001C
:1083300021004200D300D900E900EF00F500FB0066
:10834000010107010D01822B4FF0FF0200F0F580C3
:10835000832B00F0F68040F2322112E00E23B1F8B8
:1083600003200B7042F283039A4209D10623637003
:1083700066780236324621462846FFF707FD51E06F
:108380003121C720F4F720FF0C230B700823EEE700
:108390001A230B700123EAE72920F5F711FA30B10F
:1083A0003E232370222363702923A370E0E70A2071
:1083B000F5F706FA3E2305F1080204F108012B70D7
:1083C00090B30A23AB70E378EB70A3882B71A3887A
:1083D0001B0A6B71A379AB71E379EB71A368AB6096
:1083E0008B889380D4F80E30C5F80E30638A6B8288
:1083F00063696B61238B2B83638BAB76638B1B0A67
:10840000EB76A38B2B77A38B1B0A6B77E38BAB7776
:10841000E38B1B0AEB7794F8203085F820301F2679
:108420006E700236304670BD0123AB70E378EB709E
:10843000A3882B71A3881B0A6B71A379AB71E379B5
:1084400003F00103EB71A368AB608B889380638BAF
:10845000AB73638B1B0AEB73A38B2B74A38B1B0A6D
:108460006B74E38BAB74E38B1B0AEB7494F82030D2
:108470002B751326D4E73E230B7004234B70142373
:1084800093E73E230B700C234B7004238DE73E23B0
:108490000B700A234B70032387E73E230B700D23D9
:1084A0004B70052381E70523237004235FE708232E
:1084B000FAE730230B70032359E73E230B700B239D
:1084C0004B70072371E73E230B7006234B700C2380
:1084D0006BE713230B708B789B00013347E757231F
:1084E0000B70022343E73E230B7006234B701223CD
:1084F0005BE73E230B7009234B70132355E73E23A4
:108500000B7005234B7020234FE73E230B7009238C
:108510004B70212349E7FF230B700B234B70A223E1
:1085200043E7FF230B7005234B70A3233DE7FF2395
:108530000B700D234B70802337E70A700D22627099
:1085400033E70A700222FAE708B510B1FFF752FECE
:1085500010B96FF0150008BD0020FCE710B50C46FF
:1085600030B129B1F5F780F828B12070002010BD96
:108570006FF01500FBE76FF02200F8E708B5F5F79C
:10858000FDF8002008BD01F071B908B5F5F708F94C
:10859000002008BD01F03BBC01F049BC03460222AB
:1085A0001A709A70FE225A712C229A716FF006028C
:1085B000DA716A221A727F225A72362200209A7267
:1085C00022225870D8701871DA72704701F09EB983
:1085D00038B54FF080530446D3F8A020D3F8A41048
:1085E000013106D1D3F8A8304FF6FF719BB28B4210
:1085F0003ED0D3073CD54FF08055D5F8A420D5F810
:10860000A830A4F80530C3F3072363F03F03C4F890
:108610000120A371D5F89030013323D0D5F89430E0
:1086200001331FD0D5F8983001331BD0D5F89C30DA
:10863000013317D00020F7F73DFC98B9D5F890002A
:10864000D5F89410D5F89820D5F89C30C4F813309C
:10865000C4F80700C4F80B10C4F80F2001232370DE
:10866000002038BD10220021E01DFFF707FCF5E7D0
:108670000023F4E770B54FF0805510220021044626
:10868000D5F8A060FFF7FAFB10220021A018FFF731
:10869000F5FBD5F8803001330BD1D5F884300133A8
:1086A00007D1D5F88830013303D1D5F88C300133A8
:1086B0000BD0D5F88000D5F88410D5F88820D5F8EF
:1086C0008C30E36120616161A2610020F7F7F2FB69
:1086D00008B9F3071DD44FF08053D3F8902001322E
:1086E0000BD1D3F89420013207D1D3F8982001326E
:1086F00003D1D3F89C2001320BD0D3F89000D3F8EB
:108700009410D3F89820D3F89C30E3602060616027
:10871000A260002070BD10B50446FFF7E3F8B0F585
:10872000007F09DA10F5007F08DD031EB8BF0333B0
:108730009B102370002010BD7F23FAE76FF07E03AB
:10874000F7E7012070470120704701F0D0BB0078A7
:10875000003818BF012001F0D0B9F7F7E1B98178EE
:10876000008801F08FBB01F0ABBB37B505460C4666
:1087700000880DF1060101F0C5F92B882380BDF8B2
:108780000630638003B030BDF7F7D2B901F0CABB41
:1087900001F056B801F0AFB808B5F5F709F80020B8
:1087A00008BDF6F7B1BF01F0C6B8F7F73FB901F061
:1087B0008EB801F0CABA01F094BA01F0DBBA01F048
:1087C00003B801F008B801F014B801F026B801F0C0
:1087D000C3B801F0A4B901F085B801F041B803882D
:1087E0000B8001F0F9BA03880B8001F003BB01F0A4
:1087F000DAB8F6F7DFBFF6F7C5BF01F002B901F04E
:1088000010B9F6F7E1BF01F04DB901F04FB801F032
:1088100077BBF6F783BFF7F705B8F8B5941C0C449F
:108820006343B3F5004FA8BF4FF0FF330E4610F07F
:108830000301054617469CB203D0AD211420F4F77E
:10884000C3FCB4F5004F01D9AE21F7E71022043084
:10885000FFF714FBEF746C802E80F8BD70B50688AE
:10886000C58803898E42C5F30E02C3F30E0403D2FA
:10887000CF211420F4F7A8FC5D40C5F30E030BB91B
:108880002D0409D4A24209D2C37CA41A0233E41AEB
:10889000A14203DD00238374184604E0143201234F
:1088A00081528374104470BD023101444A43B2F5D1
:1088B000004FA8BF4FF0FF3290B2173020F00300F6
:1088C000B0F5004F34BF00B24FF0FF307047408822
:1088D000173020F00300B0F5004F34BF00B24FF066
:1088E000FF3080B2704738B503888B4204D240F223
:1088F00007111420F4F768FC857C65B1C388C3F3C5
:108900000E031433C25A8A4207D3C152811DF4F7B1
:108910007BFF00238374284638BD0025FBE7034610
:10892000F0B59C88A5B2C4F30E06DC88AC4200F119
:10893000140002D10020D881F0BD5F89DC7C855B0A
:108940003C4402343444ED1B20440C88ADB2AC42AC
:1089500088BF0D805C89B4FA84F4640914700A88B5
:10896000DA81E9E7F8B58288C389002604460D4616
:1089700092B20E60CBB1C2F30E0241891432871855
:108980000B44825A9BB29342438104D94FF4AA719B
:108990001420F4F719FC04D1011DF4F735FF4681CA
:1089A0002F600023E3810120F8BD1846FCE770B575
:1089B000044604F11406A38822899BB29A42084611
:1089C000C2F30E050DD021B1A91CE27C3144FFF7A2
:1089D000DDF904F108012046755BF4F715FF284620
:1089E00070BD0025FBE78388C0889BB2C31A58423C
:1089F00058417047828873B5C48895B2AC42C2F3BF
:108A00000E0202F1140212D04189C689835A314400
:108A100099420EDB0DF10601ADF80650F4F7F4FEB5
:108A2000BDF80600001B18BF012002B070BD002079
:108A3000FBE70120F9E770B50589C488C4F30E0689
:108A40006C40C5F30E02C4F30E050346143025B97D
:108A5000240402D50020188270BDB2421C8806D9B9
:108A6000DD7C921B0235521B9442A8BF14469D899F
:108A70000DB1825BA41AA142ECDCDA7C19820232CD
:108A800035442A441044E7E738B5038ACBB18B421A
:108A900017D3C3888489C3F30E031433C5180CB9E4
:108AA000C4546C700C448481C45A2144C15222B114
:108AB000811DF4F7A9FE0023838100230382012096
:108AC00038BD0020FCE78388C2889BB29A4206D05A
:108AD000428922B9C3F30E031433184470470020AF
:108AE0007047C37C088802330B4413607047023020
:108AF000704738B58388C2889BB29A4209D04389AF
:108B00003BB9C5893DB9011DF4F77EFEC581012041
:108B100038BD0020FCE71846FAE703881380C388B5
:108B2000C3F30E03143303440B608089704703685A
:108B3000002223B9C0E90132031D03607047596860
:108B40001B680A44F5E7072938B5034604D84FF4F3
:108B5000EC711520F4F738FB0068A8B1D0E90024C7
:108B60008C4212D02AB901F10805AC4204D2104659
:108B70000AE003461046F1E742501A6845181268A9
:108B8000641A6C6042501D6038BD1A60FCE7002317
:108B9000C1E9003203680B600160704730B590B1E5
:108BA0008478B1FBF4F304FB131300EB4302528906
:108BB0008A4201D1D8B230BDC27822B900F10A038D
:108BC000D0B2844201D8FF20F5E733F8025BA94216
:108BD00002F10102F4D1EEE78278038805324B43BB
:108BE00003EB42031844704713B50023CDE900336B
:108BF00004468DF806006846F5F706F808B102B09D
:108C000010BDBDF804002146F4F7DAFF0028F2D0C9
:108C100040F21D211720F4F7D7FA70B50D4609214F
:108C20001E46FFF741FE3246044609212846FFF75B
:108C30003BFE002C03DB002801DB204470BD4FF01D
:108C4000FF30FBE7012303707047F8B5054608467F
:108C5000002811461E4614BF00240224FF23AB70D7
:108C60002B191B7D012B04D001342B191B7D012BEB
:108C700019D105EB44073B8B3A8C9819904204DDDF
:108C80002C44002038832075F8BD05EB840432465F
:108C900060681844FFF77AF83A8B16443E83002345
:108CA000AB700120F0E70020EEE7002910B514BFFB
:108CB00000230223FF218170C1180C7D012C07D1F4
:108CC0000C3320F8132002230B750023837010BD92
:108CD0000133C1180C7D012CF2D04FF48C710920A6
:108CE000F4F772FA30B50246837803F0FF00F3B967
:108CF000137D022B19D0537D022B19D1034601207D
:108D000089B1D5180C3300242C7522F813401318A0
:108D100003241C7502EB80035B680B6000F10C03FD
:108D200032F813308B80012002E00123E8E70020B5
:108D300030BD30B58378E3B9837D022B17D0C47D75
:108D4000022C16D1032381B105190C3400222A7597
:108D500020F81420C2180324147500EB83020C338E
:108D6000526830F813300A608B80012002E003243F
:108D7000E9E7002030BD037D012B01D1008B704756
:108D8000437D012B0CBF408B00207047837D012B5E
:108D900001D1808B7047C37D012B0CBFC08B00209D
:108DA0007047038B23B9408B003818BF01207047F0
:108DB00001207047838B23B9C08B003818BF012076
:108DC000704701207047027D022A01D1008B704755
:108DD000437D022B01D1408B7047032AF6D0032B31
:108DE000F9D000207047827D022A01D1808B704724
:108DF000C37D022B01D1C08B7047032AF6D0032B11
:108E0000F9D000207047F5F765B8012808B506D0FD
:108E1000022806D040F21F410620F4F7D5F90020C1
:108E200008BD0120FCE7F5F7A1B870B50D46064670
:108E3000FBF7C8F804463046FBF7BCF8743504F578
:108E4000234328444FF47A72A133B3FBF2F318445E
:108E500070BD10B5044690F86900FBF7B3F800F553
:108E60005F4141314FF47A70B1FBF0F1204601F5DA
:108E70008771BDE8104001F0A6BE7FB5044618B961
:108E8000A6213020F4F7A0F9072900F2FB80DFE8E3
:108E900011F008003E003E003900F900E500ED0049
:108EA000F70090F808321BB3B0F80632B0F888200B
:108EB000934217D1B0F8BC21A0F88820D31AA0F8AB
:108EC000BE31D4E988232046C4E98A23F9F704FF98
:108ED00094F8C331002B00F0AC8004B0BDE87040C2
:108EE00002F071BC9A1AA0F8BE21A4F88830E8E715
:108EF000B0F80432B0F888209B1AA0F8BE31B0F860
:108F00000432F2E704B0BDE87040FAF721BF02F086
:108F10008BFED4E98A23801A61EB0301012871F1E9
:108F2000000302DA40F20661ABE76FF0010383420F
:108F30004FF000038B4102DA40F20761A1E7A36919
:108F40000BB1B0FBF3F394F88F10B4F806220D299F
:108F500034D10132A4F80622B4F84232B4F8885071
:108F60000133A4F84232B4F8C4301D44B4F8C2301E
:108F7000013DED1AADB202AEB4F806126B1A1B0435
:108F800036D594F892300394002B0CBF3E2308236F
:108F900084F8B130304601238DF80830F7F7A2FE8F
:108FA000204602F012FC002384F8F43194F80B02FE
:108FB000FDF7F8F9202384F80B323AE0B4F8881072
:108FC0000B449BB2D11A090454BF531C01339BB20A
:108FD000A4F8063294F80932002BBDD1B4F8BC31A4
:108FE000B4F80622934204BF0133A4F80632B3E773
:108FF000002300961A462046F5F71AFDB8B101285D
:1090000012D1B4F80622B4F8B811BDF808301344F0
:10901000521A12049BB204D5EA1A12F4004F18BF78
:109020000B46A4F80632A7E740F2546129E7236F04
:109030000BB904B070BDB4F8BE10B4F806325B1AB8
:109040001BB2002BF5DDB4F874201344013BB3FBD5
:10905000F2F313FB0213A4F8BE30EAE70120FBF79A
:10906000F1FE04B0BDE87040FFF7DDBE90F8F431CA
:10907000042B01D0C52104E7002380F8F431D8E7A0
:10908000CB21FEE6CF21FCE613B5002380F8F431B6
:10909000A0F840321A46009319460446F5F7C8FC7A
:1090A00020B140F2F3113020F4F78EF8012284F859
:1090B000F421C4F8F001C4F8E801A4F80602A4F809
:1090C000040284F80902B4F88820A4F84202013AA4
:1090D000A4F8882002B010BD70B5044690F8203185
:1090E00003F0FF01E3B9D0E946526FF000439A4222
:1090F00008BFB5F1FF3F01D1002070BDD0E9445653
:1091000002F000F9D4E94632DB305B1B62EB060269
:109110001B1A62F10002002AEEDA2046F8F76CFE14
:109120000120EAE7F8B5044618B9D7213020F4F752
:109130004BF8072900F2AA80DFE801F0043E3E3A2E
:10914000A82E9EA6F8F750FED4F80401CB38FDF700
:109150006BFE10B940F25121E8E7204602F0AEF96B
:109160000546F0B90146204602F0CCF800F1DB06D6
:10917000D4F80401B04209D2301A322838BF322064
:109180000321FDF7F3FE051E18BF0125C4F8046195
:10919000204602F0ADF935B12046BDE8F84002F0B6
:1091A000A8B90025F4E7D4E94423C4E93C23F8BD79
:1091B000BDE8F840FAF7CCBD02F0AFF8002384F820
:1091C000003184F80931D4F8D43005460E46EBB1AD
:1091D00050EA01031AD00721A5FB012301FB063346
:1091E000D4E93C10521843EB0003D4E94401824215
:1091F0008B410BD2012304F5807784F8083138467F
:10920000FDF7F8F820B940F292618FE70223F2E708
:109210002046FFF761FF034694F8D00033B9394682
:10922000FDF7DAF938B940F296617FE7FDF7BAF851
:10923000002384F8F830D4E94401D4E93A32834277
:1092400072EB0107B3D255EA0607B0D0C01A61EB42
:10925000020133462A46FEF7FBFC05FB01F300FB47
:109260000633A5FB00500344D4E93A02451943EB09
:109270000203C4E93A539AE790F8D000FDF792F858
:10928000002384F8F83092E7F4214FE7F8214DE706
:10929000D0F8D400704710B5044690F8F830EBB120
:1092A000FF2380F82031012102F025F994F8F830ED
:1092B000A3B194F8D000FDF7F1FB94F8D000FDF7CE
:1092C0007DFF94F8D000FDF76DF820B940F2DF1172
:1092D0003020F3F779FF002384F8F830002010BD28
:1092E00010B590F8202142B990F8D82042B1D0E9C9
:1092F0003731994202D9F8F77FFD0022104610BDA0
:109300000122FBE708B540F28D2101F064FC40F634
:109310004803984228BF184680B208BD7FB504466E
:1093200090F8C33103F0FF05002B45D190F8F431DC
:10933000032B41D102F078FCD4E98A23801A61EB37
:109340000301012871F1000336DB6FF00103834252
:1093500075EB010304DA40F2AF513020F3F734FF2C
:10936000A269B4F888300AB1B0FBF2F201331344B9
:109370009BB2A4F80432B4F80422B4F8BC319B1AAE
:109380001BB2002B18DD94F80B02FDF787FB98B198
:10939000FF2384F80932B4F8C430B4F888501D446F
:1093A000B4F8C230013DED1AADB20DF10E06B4F8BD
:1093B0000432EB1A1B0401D504B070BDB4F80412DA
:1093C00000960023012289B22046F5F731FB0028E0
:1093D000F2D0012809D1B4F80432BDF80E2012FAF7
:1093E00083F39BB2A4F80432E1E740F2F651B4E70C
:1093F000F8B5044621B1012930D040F29F712AE02E
:10940000C68C36B1F7F7D4FAE58CB0FBF5F606FB5F
:1094100015062046D4E93A5701F07FFF2D1847EB97
:1094200001010023AD1941F1000184F8003102234C
:10943000C4E94451C4E93A51A4F808312046FFF781
:109440004BFE70B994F8D00004F58071FDF7C4F8B4
:1094500038B940F2E9613020F3F7B6FE002380F816
:10946000D830FAF76BFBBDE8F840FCF727BE90F860
:10947000F800003818BF0120704713B50023CDE96C
:10948000003301238DF806306846F4F7BDFB08B1C0
:1094900000200AE0009C2046FFF7E9FF0028F3D0F7
:1094A000204601F03DFF0028EED002B010BD07B508
:1094B0000023CDE9003301238DF806306846F4F728
:1094C000A3FB08B1002004E00098FFF7D0FF0028BC
:1094D000F4D003B05DF804FB07B5002340F6881212
:1094E00001A9FAF749FE03B05DF804FB10B5044684
:1094F00038B1F6F7D1FB34EA00030CBF012000209D
:1095000010BD0120FCE710B5F5F75EFF044601F041
:10951000D1FF40B9204601F0C9FF80F00100C0B280
:1095200000F0010010BD0020FAE738B5054601F053
:10953000E4FEF0B12846FFF79AFF08B9002038BDD5
:109540002846FFF7A5FE04462846FFF7A4FE054679
:1095500088B9002CF2D02088F6F708FC208829462C
:10956000F4F72EFB0028E9D041F6CD113920F3F7AE
:109570002BFE4220E3E70C20E1E72DE9F843B0F8A9
:109580005A60B0F85C50804630300F46FFF7BAFEA4
:109590000221044600F098FF02218146204600F097
:1095A00093FF4E4528BF4E46B6B21B2E38BF1B2632
:1095B000FB2E28BFFB26854228BF0546ADB21B2DDA
:1095C00038BF1B25FB2DB8F800303B8028BFFB259A
:1095D000B4F5A47F38BF4FF4A47440F648039C420E
:1095E00028BF1C467E80FD80BC803C81BDE8F8839E
:1095F0002DE9F04186B0054601A9008800F026FF5C
:109600000446002873D1029A92F85631003B18BFE5
:1096100001238DF80230D2F8803099064ABF9DF8B8
:109620000230034683F0010303F001038DF8033099
:1096300092F8E2309B0603D49DF80330002B5CD0F7
:10964000EB881B3B9BB2E02B59D82989A1F5A47369
:109650009BB244F24810834251D86B881B3B9BB2AB
:10966000E02B4CD8AA88A2F5A4739BB2834246D8BB
:1096700040F64807B94244D8BA4242D8029E4FF059
:10968000FF0886F82B819DF80230A3BB03A9304662
:10969000FFF773FF6A88BDF81230E888934228BF4D
:1096A0001346A6F83031BDF81430AA88BB4228BF53
:1096B0003B461946BDF80E30834228BF0346A6F844
:1096C0002C31BDF810302889BB4228BF3B4683426D
:1096D00028BF03468A42A6F82E31134628BF0B4600
:1096E000A6F8323186F82A81002386F82B312046ED
:1096F00006B0BDE8F0813A24F6E71A24F7E7122411
:10970000F5E71124F3E72DE9FF4107468846008875
:1097100002A900F09BFE054618BB039C94F8693132
:1097200003F0FF051BB1B8F1020518BF012594F83D
:109730008F30222B94F8E33043EAD3030CBFC5F1FA
:109740000102002203F00103134333D0BE7816B99F
:10975000F6F7A2FA0646F87870BBF6F79DFA26B936
:109760000925284604B0BDE8F0810028F8D0FF2381
:1097700084F83531E5B994F8343103F0FF05BBB90D
:1097800084F8370184F8348184F836613B797A793A
:109790008DF8050043EA022301A920468DF80460F4
:1097A000ADF8063000F0B4FE002384F83531D8E778
:1097B0003A25F9E71A25D4E7002ED8D1D0E708B525
:1097C000F6F744FA002008BD10B50446F7F720FD6F
:1097D0002070002010BD10B5FFF74FFE044630B9D1
:1097E000F7F710FD2046F6F783FC204610BD0C204D
:1097F000FCE710B50446FFF740FE50B92078012879
:1098000009D8611CF7F70AFD002814BF00200720C3
:1098100010BD0C20FCE71220FAE738B50546FFF72B
:109820002CFE044640B92878012803D8691CF7F7B4
:1098300025FD18B9122038BD0C20FCE72046FAE7B8
:1098400010B503460E2404704E2110220020DC7057
:10985000592459709A701C7158719971DA7110BD40
:1098600008B50821F3F7F2FE002008BD73B50646DF
:109870000C460088694600F0E9FD0546A0B9B378BA
:109880006BB9019B93F86C30A370338894F9020094
:109890002380F6F77DFDA070284602B070BD7F20C2
:1098A000FFF71AFEA070F0E70225F5E710B50446B1
:1098B0006FF07F00FFF710FEF6F76AFD20707F2043
:1098C000FFF70AFEF6F764FD6070002010BD10B5CA
:1098D0000446F5F779FD01F0E6FDF6F759FD207035
:1098E000002010BD08B50A46072300F11001FDF75E
:1098F00037FF002008BD10B5014604460020F6F7EA
:10990000C1FA08B92060A080002010BD10B504463F
:10991000F6F796F928B900202146F6F79BFA0020C1
:1099200010BDFFF7C4FD0028F5D0FFF7ECFD0028BF
:10993000F1D10C20F4E710B50446FFF7B8FD28B9C3
:1099400001202146F6F786FA002010BDFFF7DBFD67
:109950000028F5D10C20F8E7F7B50C460546694616
:10996000008800F073FDA21C034690B9019901F133
:10997000970781F8EA3038681060387910712888C4
:10998000208091F8EA6006F0FF00002EF1D103B0CC
:10999000F0BD0023C4F802300220137123706370FD
:1099A000F5E7FFF725BE1FB5838844F29022934266
:1099B00017D840F64802934228BF13460288ADF8F4
:1099C00004204088ADF80600ADF80A000A8001A81E
:1099D000ADF80830ADF80C30FFF70AFE05B05DF8C1
:1099E00004FB1220FAE737B50D46694600F02EFD5C
:1099F000044618B901982946FFF7BFFD204603B079
:109A000030BD10B503466FF0040400204821082241
:109A10001C7058709970DA701C7158719971DA71F4
:109A200010BD37B505460C460088694600F00EFDAE
:109A3000F0B9019B014683F86A1093F86820012A67
:109A400006D0022A04D040F20B310620F3F7BCFB0B
:109A5000A27093F86920012A01D0022AF3D1E270A2
:109A600093F86A2002F0FF00002AE4D12B882380BB
:109A700003B030BD10B58388022B044610D8C078DF
:109A8000FFF734FD08B9112010BDA078FFF72EFDB7
:109A90000028F8D020460121BDE81040FFF733BE72
:109AA0001220F1E713B58378C178027903F001043D
:109AB00051EA040C03F002031DD052EA030C1AD041
:109AC000002C18BF0021002B18BF00228DF80320A6
:109AD000037842788DF8021043EA0223ADF8003093
:109AE00043798279684643EA0223ADF80430FFF7F0
:109AF000C1FF02B010BD1120FBE708B5F4F7D2FC9E
:109B0000002008BD13B50C46694600F09FFC20B943
:109B1000019BB3F888300133238002B010BD07B534
:109B20000088694600F092FC48B99DF80020019B2E
:109B3000012A07D093F83B2102F0FF016AB103B07C
:109B40005DF804FB93F8F421D2B293F8B01011B988
:109B500012F0FB0FEED10220F1E7FF2283F83B2148
:109B60000846ECE72DE9F3410546477800780121E6
:109B7000F4F710F8044600285FD001F085FCEE7879
:109B8000864228BF0646042FB6B23DD0206BFFF7B1
:109B9000F2F8304480B21F2803D9122002B0BDE889
:109BA000F081FB1E012B2CD8204601F091FC6B7834
:109BB000032B2CD107F0FD08B8F1010F39D1204655
:109BC00001F086FC002831D1012F08BF4FF00208B8
:109BD000216B42466846F4F713F96A68206B3346F6
:109BE0000121FFF732F850B36B78023B012B22D8EA
:109BF000206BFFF7C0F801210246206BFFF755F8F4
:109C000019E0002ED0D1C8E7002ECDD0C5E700283E
:109C1000C3D1042BCED12046FFF729FC0028BCD0AD
:109C2000206BFFF7BEF80028C4D1B6E74FF000085C
:109C3000CEE7042FD1D10020B0E74220AEE70720C5
:109C4000ACE72DE9F74380464578C77800780121D5
:109C5000F3F7A0FF0446D0B101F02CFC0028206BE4
:109C600008BF0027FFF792F8C619B6B21F2E1FFAD9
:109C700087F910D8042D0ED0032D12D05FB12046E5
:109C8000FFF7F5FB58B10C2002E0042212E042205D
:109C900003B0BDE8F0831220FAE70720F8E7012DB2
:109CA0000CD1204601F014FC0028EED1012D0CBF90
:109CB00006220522216B6846F4F7A2F8D8F80420A2
:109CC000206B4B460021FEF7C0FF0028E5D0023D87
:109CD000012D04D8206B32460021FEF7E6FF00205C
:109CE000D6E713B50446F5F76FFB4FF44073ADF8B4
:109CF000003000238DF80230684614F8013B8DF8DF
:109D000003300194FFF79DFF02B010BD38B501216B
:109D100005460078F3F73EFF0446A0B1FFF7A7FB26
:109D200028B92046691C01F000FB002038BD204600
:109D300001F0C0FB08B10C20F8E7204601F0B6FBAB
:109D40000028F8D1EDE74220F0E713B50446F5F717
:109D50003BFB14F8013B8DF803304FF44073ADF832
:109D60000030684600238DF802300194FFF7FAFEB8
:109D700002B010BD73B50546F5F726FB2B780446F7
:109D800063B100230DF1010101208DF80030F6F7D9
:109D900079F818B16846FFF7B9FFA0B90026204648
:109DA0008DF8006001F08AFBB04214BF8023334677
:109DB000ADF801302B788DF80360012B05D1694691
:109DC0002046F5F721FC02B070BD1BB92046FFF715
:109DD000ACFBF8E71220F6E710B500210446008836
:109DE000F3F7D8FE20B1A11CBDE81040F9F74CB83C
:109DF000022010BD08B500880021F3F7CBFE20B18A
:109E0000BDE808400021F9F73FB8022008BD37B58A
:109E100005460C460088694600F018FB28B92B88D7
:109E20002380019BB3F8BC30638003B030BD37B5ED
:109E300003880B80044698B2638813B9122003B0DC
:109E400030BD694600F002FB0028F8D16488019A11
:109E500042F21071A3B24B43158C916905FB0111BD
:109E60008B42EBD395699169A942FBD10025013B57
:109E70000B44C2F8B450B3FBF1F3A2F8BC40C2F8F3
:109E8000B830DCE710B50C460021F3F783FE88B14B
:109E9000022C11D804F00103C4F3400480F8C5314A
:109EA00080F8C44123B190F8C2313BB1FFF736FAD4
:109EB000002010BD0220FCE71220FAE71846F8E760
:109EC00010B504460078FF280AD00121F3F762FE9E
:109ED00058B16378A27843EA0223C384002010BDFE
:109EE000B4F80100F5F73AFAF8E74220F7E708B5C9
:109EF0000078003818BF0120F5F70EF9002008BDE2
:109F000010B50446F5F760FA6178C1F3400201F03C
:109F1000010101F0F3FA002010BD0820F5F7A8BEFA
:109F200001F060BC1220704710B5044604B910BDA2
:109F3000236898476468F9E703680BB901607047C4
:109F40001A465B6813B18A42FAD170478A4218BF39
:109F50005160704708B50020FEF746FEF3F7DEFEBD
:109F6000F5F7F8FEF4F73EF920B14FF485710120C2
:109F7000F3F72AF908BD08B5F5F77AF8F7F7BEFD4B
:109F800020B14FF495710120F3F71EF9BDE80840A8
:109F90000120FEF729BE08B5FFF7EDFF01F00AFC2E
:109FA00020B140F23F110120F3F70EF908BD01F096
:109FB000D7BC0B46122203F8032BD0F80920C1F8B6
:109FC0000320427B1A71704730B585B004460D46B8
:109FD000F6F7ACFA80B36FF4B0731C4402A9208882
:109FE000ADF8000000F032FA18B12E217E20F3F710
:109FF000EBF8039B93F864208DF80220022193F87C
:10A000006520B3F866308DF803206846ADF804305B
:10A01000FFF779FB08B14421E8E78DF808009DF8C7
:10A0200008308DF80900002063F307009DF809301F
:10A0300063F30F2005B030BD18232B70D4F809301E
:10A04000C5F8033004238DF80830E8E708B5436805
:10A0500093F88E201AB185217E20F3F7B5F82022DF
:10A0600083F88E2008BD034610F0010005D19A0741
:10A0700002D403F004007047022070472DE9F84F26
:10A08000074608469246884600F070FC81464046E6
:10A0900000F06EFC8346FFF7E6FF05464846FFF7F3
:10A0A000E2FF45EA0006F6B2003E044618BF01266C
:10A0B000F5F7F2FD00EA0B03DBB2002B08BF002529
:10A0C000F5F7EAFD00EA090097F86830C0B2002809
:10A0D00008BF0024AB4208BF00258AF8005097F85B
:10A0E0006930A34208BF002455EA04038AF80140FE
:10A0F0000CD1404600F03EFCB7F88830DB431844F2
:10A1000080B247F6FD73984288BF00263046BDE80E
:10A11000F88FF8B5446894F88F50A5F12003062B0A
:10A1200006460F463ED92E2D3CD0CDBB94F88E303E
:10A13000252B37D0084600F00EFC28B939463046AA
:10A14000BDE8F84000F099BD7B7903F0070384F87F
:10A1500061303B7903F0070384F8603094F83531BF
:10A1600093B994F83431012B0ED094F8602094F810
:10A1700069309A4210D194F8612094F868309A427C
:10A180000AD1022384F83431222384F88F303046F8
:10A1900000F045FD2846F8BD3046F5F7C7FDF3E76A
:10A1A0000125F7E72025F5E72DE9F743456895F800
:10A1B0008F3095F88E80232B04460F462CD18F3597
:10A1C000384600F0D9FB00284CD0384600F0CEFBD2
:10A1D0008146384600F0CCFB0146FFF744FF666835
:10A1E00048B396F86830984225D096F83421012A71
:10A1F0000CBF96F8362196F86420114232D0B8F19F
:10A20000210F18D096F86120114214D153B940F2B1
:10A21000F7110620F2F7D8FFB8F1210F40F0B28015
:10A220008E35CDE7032B01D0032831D1984294BF5E
:10A2300000200120B0B94846FFF715FF002849D09B
:10A2400096F86930834245D096F83431012B0CBF23
:10A2500096F8373196F8653019EA030F14BF0123D9
:10A260000023BBBB636893F83421012A19D11E2156
:10A270002046F5F733FDB8F1210F1FD1FA78636856
:10A28000182A83F8192110D040F269217E20C1E7F5
:10A29000042BCBD00428C9D098422CBF0020012029
:10A2A000C8E7002283F83421E5E7092283F88E20ED
:10A2B00093F8CC3093BB40F27121E7E700232046AE
:10A2C0002B7000F0B6FC3946204603B0BDE8F043E1
:10A2D00000F0D3BC304601AA3946FFF7CFFED4F8D0
:10A2E00004800646F8B998F83431012B18D101469C
:10A2F0002046F5F7F3FC2E70636803F18F02954258
:10A3000002D1002283F88F20636803F18F02954207
:10A310004FF0000533D1204600F08BFC002032E0E6
:10A3200088F83401E8E7384600F024FB6368A8F8B1
:10A330005402B3F85422B3F88810013A521A92B278
:10A3400047F6FD718A4206D9282283F8B1202046BB
:10A35000F6F7C8FCD8E793F88F200D2A02D00A3A06
:10A36000012A01D82A22F0E79DF8042083F856221A
:10A370009DF8052083F8572225232B70C4E783F826
:10A38000CC50CBE7022003B0BDE8F08308B54368AA
:10A3900093F88F20222A05D022B14FF461717E20DC
:10A3A000F2F712FF232283F88F2008BDFF234371A9
:10A3B0000023037103604371704743791BB903683D
:10A3C0000BB101221A607047F5F7C4BC704730B575
:10A3D00042400C7818785D784440487868400444DE
:10A3E0009D78887868400444DD78C87868400444E3
:10A3F0001D7908795B794979684004444B402344CE
:10A40000D3420CBF0120002030BD0346002001399B
:10A41000C9B2FF2900D170475A5C82F00102104492
:10A42000C0B2F4E708B5F5F753FD082803D0BDE83E
:10A430000840F5F771BD08BD08B501F0E0F918B1A5
:10A44000BDE80840F8F712BE082008BD10B50C465C
:10A450000021F3F79FFB606018B1012323700020F7
:10A4600010BD0220FCE7F8B5D0E9047605460C469D
:10A47000FBF7C0FF20B94FF481712920F2F7A4FE49
:10A48000F4B1D5E90431DA1B61EB0603012A73F15B
:10A4900000014FF0000115DB6FF00100904271EBFD
:10A4A000030302DA4FF48671E7E7631E1344B3FB3C
:10A4B000F4F35C43E41946F10006C5E904461C4682
:10A4C0002046F8BD0C46FBE7CB1E012B10D8032914
:10A4D00014BF4FF41673962303F5BC7314BF4022C8
:10A4E0001022984212D9C01A90FBF2F080B2704745
:10A4F000022905D13C2809D93C38C0F38F007047A8
:10A50000702803D97038C0F3CF007047002070471F
:10A510000346086858667047012908B5024606D008
:10A5200002290CD040F27D112920F2F74DFE40F6B1
:10A53000C41340F2E240002A18BF184608BD40F696
:10A54000C410FBE7C3B293FAA3F3000A90FAA0F099
:10A550001B0E000E43EA002070470131F8B5C9B266
:10A56000821D0023012512F8010B884216D312F830
:10A57000066C002405FA04F737421CBF01F1FF31D5
:10A58000C9B2E0B269B10134082CF3D10133DBB2B6
:10A59000052BE8D199214620F2F716FE091AC9B217
:10A5A000F4E700EBC300C0B2F8BD0B6870B5C0F8AB
:10A5B00001300B7903F01F03437100230446C3727B
:10A5C000451C861D15F8010B00F00FFB2871E37A7E
:10A5D000B5421844E072F5D170BD70B581EA114101
:10A5E00089B2C57A0446032682EA0100FFF7AAFF72
:10A5F000013E00EB00100A1816F0FF0690B2F5D1EC
:10A6000041402522B1FBF2F302FB1313C3F3C40252
:10A610002244D8B2567803F00703012202FA03F36A
:10A620001E4207D169432046C1F30741BDE870408F
:10A63000FFF793BF70BDF8B590F821506B1E242B27
:10A64000044656D8002A56D0807D18B1012846D03D
:10A650001F2019E094F8231094F8223002FB031312
:10A660002522B3FBF2F102FB1133DBB204EBD30280
:10A6700084F82330D17D012603F0070206FA02F2A6
:10A68000114202D084F82430F8BDB3FBF5F205FB8B
:10A6900012330133024604F11C01D8B211F8013B18
:10A6A000834219D311F8067C002306FA03FC1CEA46
:10A6B000070F1CBF00F1FF30C0B2DDB220B905EBBF
:10A6C000C20284F82420DFE70133082BEDD10132E8
:10A6D000D2B2052AE2D1BBE7C01AC0B2F7E722899D
:10A6E000C96904F11600FFF778FF84F82400002000
:10A6F000CAE71220C8E71046C6E70B68C0F8033067
:10A700008B88A0F8073070470B68C0F809308B8839
:10A71000A0F80D3070470378890123F0400301F061
:10A7200040010B4303707047037803F07F0343EA53
:10A73000C113037070471F2A38B50546144603D964
:10A74000BF212A20F2F740FD09300634FDF71EFB39
:10A750006C7038BD1F2A38B50546144603D9E1216F
:10A760002A20F2F731FD09300634FDF70FFB6C703B
:10A7700038BD30B5037803F00F03032B024640D0F9
:10A78000052B1FD1C37F90F82000034392F82100CE
:10A79000034392F82200034392F8230020F01F00A5
:10A7A00018432DD05378222B0CD1B2F81930B2F8BF
:10A7B0001740907D41B1B3F5506F05D940F6075170
:10A7C0008B420ED900201BE0991F89B240F67A45D2
:10A7D000A942F7D8411E0729F4D88342F2D9A342EF
:10A7E000F0D3B2F81B30B3F5FA7FEBD2B2F81D000C
:10A7F0000A3880B240F6764398428CBF0020012090
:10A8000030BD4078A0F10C0358425841F8E7037876
:10A8100001F0030123F003030B430370704700783A
:10A8200000F0030070471B2A08B504D940F25241DA
:10A830002A20F2F7C9FC4270BDE808400330FDF75A
:10A84000A5BAB0F807007047B0F809007047B0F833
:10A850000B00704770B5B0F80730B0F80950B0F889
:10A8600005600479B0F80B0091B1B3F5506F0FD9C2
:10A8700040F60752934218D8B5F5FA7F15D20A3838
:10A8800080B240F6764398428CBF0020012070BD14
:10A890009A1F92B240F67A418A4206D8621E072A6F
:10A8A00003D89C4201D29E42E5E70020EFE74368CF
:10A8B0000B60037A0B717047B0F80900704700799C
:10A8C00070470B6843604B688360704743680B6058
:10A8D00083684B60704783890B807047D0F80E30D7
:10A8E0000B60D0F812304B607047D0F816300B6018
:10A8F0007047FFF7E6BF0B68C36070470079704789
:10A900000171090A417170478171090AC17170476B
:10A910000172090A417270478172090AC172704757
:10A9200080887047C08870470089704740897047A9
:10A9300003891A2B0DD94389B3F5A47F09D38388E2
:10A940001A2B06D9C088B0F5A47F34BF002001209F
:10A950007047002070470379024613F0070004D0C7
:10A96000507910F0070018BF012070470079704738
:10A9700040797047C08870470279437902F0070236
:10A9800003F00703511E0A40591E0B4013430CBF2E
:10A9900001200020704701717047007970474171B4
:10A9A000704740797047FB2908B504D940F2E67139
:10A9B0002A20F2F709FC417008BD406890F8C231C6
:10A9C00023B1002380F8C231FEF7A8BC704708B558
:10A9D000017A19B101290DD0002008BD0368C28891
:10A9E00002218088F5F754FD0028F6D1F5F73CFFE9
:10A9F0000120F2E70368C288F3E702230B7001230A
:10AA00008B707047F5F7C8BE0222F5F71BBF032213
:10AA1000F5F718BF0422F5F715BF0222F5F744BF7A
:10AA200011230B706FF4A27318440388A1F803304C
:10AA3000838FA1F80530B0F84030A1F80730C38FFC
:10AA4000A1F80930B0F84230A1F80B307047012965
:10AA500008B503D10E30C00080B208BD022902D172
:10AA60000F308000F8E740F259210620F2F7ACFBE6
:10AA700030B587B004460D46F5F760FDA0B300235E
:10AA80002372A4F5A774694624882046FEF7ABFF1D
:10AA900018B1D6212C20F2F797FBBDF80630ADF89F
:10AAA0000E30BDF80830ADF81030BDF80230ADF80A
:10AAB000123003A8BDF80430ADF80C40ADF81430E6
:10AAC000FEF76FFF08B1DF21E4E78DF80C009DF879
:10AAD0000C308DF80D00002063F307009DF80D3059
:10AAE00063F30F2007B030BD2B46172203F8032B6A
:10AAF000D4F80920C5F80320D4F80D205A60B4F822
:10AB000011201A8104238DF80C30E0E7406870476B
:10AB1000C08A704710B58A880B89CC884988A0F80C
:10AB20005010A0F85440A0F85220A0F8563010BDA4
:10AB30008383BDF8003001834283C383704738B5F7
:10AB4000C38B458C04469D42007A28BF1D46FFF703
:10AB50007EFF6389AB4228BF2B46984238BF184618
:10AB600080B238BDF8B50546808F16460F46FFF710
:10AB70006EFF3946044605F13000FFF7E0FF8442DE
:10AB800028BF04463146B5F84400FFF760FFB5F82A
:10AB900046308342A4B228BF034614FA83F09C30A7
:10ABA000F8BD90F8692090F86810FFF7DBBF38B562
:10ABB0000D461446FFF7F5FF96342044A84294BF93
:10ABC000281A002038BD38B504460D46FFF7E9FFC6
:10ABD0002844606338BD006801F19C03984283BF3C
:10ABE000401A9C3840080020704700F05503400888
:10ABF00000F05500184400F03303800800F03300E3
:10AC0000184400F00F0303EB101070474368002254
:10AC100083F88E2083F8CC20A3F8C82070474368BF
:10AC20000022A3F8CE2093F8D020013283F8D02060
:10AC3000704708B5426892F8D030013B5BB2002BF8
:10AC400082F8D03003DA34214A20F2F7BDFA08BD89
:10AC5000436883F81B1183F81A217047A0F10A0397
:10AC6000042B08D9A0F12003062B04D9A0F12E0350
:10AC7000584258417047012070474268D2F88030EE
:10AC800010B513F008040AD143F00803C2F880306D
:10AC9000CB7882F81831FFF7C2FF204610BD0120A3
:10ACA000FCE738B50C460546B1F85410FFF728FE0E
:10ACB000B4F822112846FFF727FEB4F850102846B2
:10ACC000FFF726FEB4F820112846BDE83840FFF70C
:10ACD00023BE37B530F8024C7CB100238DF8043028
:10ACE0008DF805309DF80430002063F307009DF8CF
:10ACF000053063F30F2003B030BD30F8A85CA1F835
:10AD0000035008220A708C70427A4A7150F8940CF1
:10AD1000FDF769FE18B9B2216320F2F755FA28460B
:10AD2000F5F724F821462846F2F74AFF04238DF868
:10AD300004308DF80540D5E710B5446894F890309C
:10AD4000063B012B07D90846FFF7B9FD062384F817
:10AD5000910084F89030002010BD426892F8903045
:10AD6000063B012B84BF072382F890307047F8B56B
:10AD7000476897F88F6004460D4616BB0846FFF7F4
:10AD80009BFD6168A7F85402B1F85432B1F88820ED
:10AD9000013B9B1A9BB247F6FD72934207D92823C9
:10ADA00081F8B1302046F5F79DFF3046F8BD01F23D
:10ADB00056212846FFF77BFD63680A2283F88F201F
:10ADC000F3E70126F1E70B46062203F8032BD0F840
:10ADD0000920C1F80320D0F80D205A60427C1A7275
:10ADE0000023CB707047F8B5436893F88F60054631
:10ADF0000C46002E48D131462046FFF72BFD28B9DE
:10AE000021462846BDE8F840FFF737BF6A68B4F826
:10AE10000D30B2F88810A2F85432C9430B449BB2EB
:10AE200047F6FD718B4207D9282382F8B1302846B6
:10AE3000F5F758FF3046F8BD2046FFF702FD6F6872
:10AE400040F2E2425043C7F85C022379C3EB43115E
:10AE500003EB810303EB83035B00A7F85632B4F8DE
:10AE600005305343C7F858322046FFF7EDFCA7F8EA
:10AE7000600220466F68FFF7EAFC6B68A7F8620281
:10AE80000D2283F88F20D5E70126D3E708B5436864
:10AE900093F88E201AB124214520F2F795F91D224E
:10AEA00083F88E2008BD2DE9F743456895F88E306C
:10AEB0001D3B022B06460C462CD80846FFF738FDF2
:10AEC00000B32046FFF730FD07462046FFF728FD78
:10AED00080462046FFF72AFD81462046FFF722FDE7
:10AEE0004B4600904246394605F13000FFF720FE00
:10AEF0007168284601F24511F5F7F8FC70680621E3
:10AF0000F4F71EF9002085F8CC0085F88E0003B018
:10AF1000BDE8F0830120FAE74268D2F88030D90614
:10AF200010B5044603D49A214520F2F74DF999064D
:10AF300001D59B21F8E723F01003C2F88030FFF71A
:10AF400078FE60680621BDE81040F4F7F9B80923DF
:10AF50000B70D0F80930C1F8023070470B460A2256
:10AF600003F8022BB0F809204A80C27A9A70704721
:10AF700038B5436893F88F40054634B1113C0B2C2B
:10AF800094BF08240124204638BD93F89430002B48
:10AF9000F9D0FFF744FE6B68112283F88F20F2E7A7
:10AFA00008B5436893F88F20152A04D040F2791130
:10AFB0001F20F2F709F9012283F8D120162283F825
:10AFC0008F2008BD436893F88F20122A03BF1322F5
:10AFD000002083F88F200220704710B5436893F853
:10AFE0008F30182B044607D1FFF723FE63681C221D
:10AFF00083F88F20002010BD0220FCE708B54368CD
:10B0000093F88F20112A04D04FF4D1711F20F2F74A
:10B01000DBF8012283F8D120122283F88F2008BDAB
:10B0200008B5436893F88F20162A04D04FF4D571E1
:10B030001F20F2F7C9F8182283F88F2008BD0B46AD
:10B04000052203F8032BD0F80920C1F80320D0F81B
:10B050000D205A60B0F811201A81C27C9A72704794
:10B0600008B5436893F88E201AB1BC211C20F2F772
:10B07000ABF8042283F88E2008BD4268D2F8801015
:10B0800008B5CB0703D4C9211C20F2F79DF892F82C
:10B09000D030013B5BB2002B82F8D03001DACB21FB
:10B0A000F2E721F00101C2F8801008BD0C23A0F5E1
:10B0B0009E700B7003884B807047436893F88E2016
:10B0C0000F2A01BF002283F8C02083F8CC2083F828
:10B0D0008E200020704738B54568D5F8803013F0D1
:10B0E000040409D1FFF79BFDD5F8803043F0040339
:10B0F000C5F88030204638BD0120FCE74268D2F810
:10B10000803023F00403C2F88030FFF792BD08B509
:10B11000436893F88E201AB171214B20F2F754F84E
:10B120000F2283F88E2008BD10B5D0E90D43A3424D
:10B1300004D30A8C1B1B05329A4202D3012380F8E8
:10B14000403010BD01230B7000238B7030F8D43CCD
:10B15000A1F80330437A4B714389CB8083890B81FB
:10B16000704708B5436893F8D32091070ED493F83D
:10B170008E201AB174214020F2F726F8012183F8BD
:10B180008E1083F8CC10A3F8C82008BDD3F8801027
:10B190008A070DD593F8D020013A52B2002A83F8DD
:10B1A000D02001DA8621E6E721F00201C3F8801001
:10B1B000002283F83A21E8E710B50B794C790A6848
:10B1C000012843EA042108BF41F48031104610BD34
:10B1D00007B5FFF7F1FF0DF10702F5F7BDFF03B06B
:10B1E0005DF804FB0B46042203F8032BB0F809209A
:10B1F000A1F80320C27A9A7070470B46142203F814
:10B20000032BD0F80920C1F80320D0F80D205A6094
:10B21000704738B50B46102203F8032B0C4600F19B
:10B220000902293052F8041B43F8041B8242F9D169
:10B2300012781A70A5880123A37100212846F2F71D
:10B24000A9FC70B1E37863B10088F4F78FFD0021A9
:10B250002846F2F7B5FC20B140F227212D20F1F766
:10B26000B3FF38BD0121F6F74FBBFFF7FBBF90F8E6
:10B2700082300BB10120704790F8BA2002F0FF0332
:10B28000002AF7D190F8AC201846704737B504462D
:10B290000D464FF494720021FCF7F0FDFF2323705C
:10B2A0001323638042F21073E384F2F77DFD0022E2
:10B2B000014620636846F2F7A3FD206B00220121BE
:10B2C000FDF7F3FC216B68460422F2F799FD00229A
:10B2D000206B1146FDF7E9FC04F12800A57400F08D
:10B2E00045F904F1680003B0BDE83040FFF75EB8EF
:10B2F000FF23086B0B70FDF7A5BC0078FF3818BF63
:10B300000120704710B50446283000F085F96188A7
:10B310002822F6F7A3FD6D3010BDD0E90201704779
:10B32000C07C003818BF012070470B68C0F815308A
:10B330008B88A0F819300123C37670472DE9F04FB0
:10B3400006460D4607460FCE91B006AC0FC40FCE91
:10B350000FC496E803000DF1100884E8030040468E
:10B3600000F004F995F814906E7895F80AA095F815
:10B3700000B0B9F1010F06F07F0607D0B9F1020F56
:10B3800004D040F21D310620F1F71EFF697A4046D5
:10B3900000F0F3F82B7DAA7E022B08BF697D02F135
:10B3A000010206BF0131C9B20121D2B2404600F00C
:10B3B000E6F816F0080364D14046019300F02CF93A
:10B3C00028223146F6F74AFD40F271212A79019B85
:10B3D00000F2D720B0FBF1F401FB04F0EC7844EA72
:10B3E00002246A7944EA02444C43A0420BD9EC7926
:10B3F000AA7942EA04222C7A42EA044201FB02F4CE
:10B40000A04200D804462A7E0393531E5A425A4152
:10B41000A97C386B02910192FDF7D5FC386BFDF7E2
:10B42000E2FC039B019A0299ADF81A6008948DF82A
:10B4300028208DF82B108DF82CA08DF818B08DF8E1
:10B440001C90099306AE0FCE3C460FC40FCE0FC41E
:10B4500096E8030084E8030098E80300B862B98521
:10B46000EB7A13F0FD0F14BF0123002387F8573048
:10B47000EB68BB652B8AA7F85C30002011B0BDE8F3
:10B48000F08F00242346BEE7438813F0040F0CBF5F
:10B490001F20002070470023C38543881D2B08BF51
:10B4A00000214174704790F912007047408800F005
:10B4B000010070474088C0F3400070474088C0F3E7
:10B4C000C000704708B5006BFDF774FC012008BD93
:10B4D000012070470120704790F8503001624B7294
:10B4E000D0F85130C1F80A30B0F85530CB817047F0
:10B4F0007047F5F765BF80F87810704780F8241022
:10B5000080F825207047C0F34002C0F38003134445
:10B5100000F0010018447047022808B507D004283D
:10B5200007D0012807D039212E20F1F74DFE262023
:10B5300008BD2720FCE72520FAE78278034612F0B1
:10B54000010002D0D978C9070FD5900702D5D97864
:10B55000890709D512F0040007D0DB7813F0040F37
:10B5600014BF002004207047022070470023C0F859
:10B57000023001234370037070478170704710B52B
:10B580000170427080781446FFF7BDFF10FB01F197
:10B5900004FB01F2FE2A03DD5C212E20F1F714FEEC
:10B5A00010BD0023C37043710371704710B504468A
:10B5B000FFF7C3FF637962780133DBB29A426371AC
:10B5C0000FD1E378A1780343DBB29942E37008BF5F
:10B5D00023794FF0000208BF0133627104BFE270AB
:10B5E0002371BDE81040FFF797BF38B5014680785A
:10B5F000FFF789FF0446C8784D78FFF784FF0A7982
:10B600000B789B1A13FB05F34A7913FB04F39B1A7F
:10B6100000FB1530C0B238BD08B501468078FFF791
:10B6200072FF4B780A7813FB02F313FB00F0C0B2F1
:10B6300008BD40F2EF20704740F25A33584370473C
:10B6400038B553680E3814460D4693F88E200928F5
:10B650003FD8DFE800F0053E3E3E0F3E173E3E2657
:10B66000042A05D12046FFF7D1FA2046F5F7A8FCB9
:10B67000002038BD0F2AFBD120460021BDE838400C
:10B68000FFF71BBD1D2AF3D12046FFF7BFFA002D9F
:10B69000EED0626892F8E23023F0200382F8E230C4
:10B6A000E6E793F88F20232AE2D1002583F88F5014
:10B6B0002046FFF7BEFA636893F83431012B03D1BB
:10B6C00029462046F4F70AFB6368002283F83421F8
:10B6D000CEE74FF40F713120F1F776FD08B54368DE
:10B6E00093F88F20162A04D040F2E4413120F1F77C
:10B6F0006BFD1A2283F88F2008BD08B5436893F8C4
:10B700008F20312A06D1002283F88F20BDE808401F
:10B71000FFF78FBA162A03D11A2283F88F2008BDAB
:10B7200040F2F9413120F1F74FFD037D63B9C37B4E
:10B7300090F85200A3F11002032A05D928B11C2B5E
:10B740008CBF0020012070470120704770B542680F
:10B7500092F8E23043F00403044682F8E2300846EF
:10B760000D46FFF71EF906462846FFF716F9224652
:10B770003146BDE87040F6F775BC38B50C46054655
:10B78000D1E90401F2F7B6FA94F80B0220280BD0A5
:10B79000FBF714FD94F80B02FAF704FE20B940F60B
:10B7A00039013120F1F710FD28460221BDE838406B
:10B7B000F2F706BA0020704708B5F5F743F9BDE87F
:10B7C0000840F5F7F3BAF2F751BE0022A0F88E2038
:10B7D00080F8922090F8C33113B10221F3F7B0BC86
:10B7E0000321FBE7F5F7A2B908B5F7F7D9FEF7F79C
:10B7F00053FDF7F7C3FBBDE80840F7F74BBC08B5AE
:10B80000C821F7F719FC022807D1013911F0FF010F
:10B81000F7D1F5213B20F1F7D7FC431E58425841A0
:10B8200008BD10B504460846F8F7CCFB4FF47A7310
:10B83000B0FBF3F0201A10BD10B504460846F8F727
:10B84000C1FB023C4FF47A7300F2E730B0FBF3F037
:10B85000201A10BD08B5FCF7F3F8BDE80840F8F76A
:10B8600017BD801A00F3070038B540B20D4659B233
:10B870001446F8F7FDFC0023287020446B7040B29A
:10B8800038BD0023036070477047002070474FF0B9
:10B89000FF3070474FF0FF3070477047002070470F
:10B8A0004FF0FF30704700207047002070470023A2
:10B8B000037070470022FFF7D4BF002070474FF09D
:10B8C000FF3070474FF0FF3070474FF0FF30704748
:10B8D00070474FF0804301221A6070474FF0804359
:10B8E000D3F8080400F0010070474FF08043D3F80C
:10B8F000140400F0010070474FF08043D3F81C049B
:10B9000000F0030070474FF080410246D1F8180460
:10B91000D1F8181410F4803004D001F00300831A19
:10B9200058425841704708B5FCF7DEF828B14FF08F
:10B9300080430222C3F8342C08BDFCF7B5F8002878
:10B94000F5D1FCF7C7F80028F1D1F5E7F8F73CBDD1
:10B95000F8F764BDF8F790BDF8F7A8BDF8F792BF07
:10B96000F8F720BDF8F724BDF8F728BDF8F766BE54
:10B97000F8F7A4BDF8F756BE08B5F8F709FD0020A2
:10B9800008BD38B5054691F827000C46FAF70AFDC0
:10B9900018B9E8216A20FBF72FFE0023A38484F85E
:10B9A00026300921236A2846984718B103780BB13D
:10B9B000EC21EFE738BD426808B5034611441A7818
:10B9C0005960012AA1F1500006D1FBF72DFA40B9C8
:10B9D000CC216A20FBF710FEFBF726FA08B9D1212B
:10B9E000F7E708BDF8B504460E4619B9012384F8F7
:10B9F00029303BE00D78032DF8D8DFE805F0390257
:10BA000012154868C72802D800252846F8BD042129
:10BA1000FBF7ACFA0028F7D171682046FFF7CBFF9F
:10BA2000F3E7F8F79BFFF0E790F82470F7B94D685B
:10BA30002846F8F767FF0028D8D02B78D3B9012221
:10BA400022702B79003B18BF012363726B79002BA6
:10BA50000CBF022304232372AB686F336360EB686F
:10BA60002361032384F8263084F82520F8F776FF35
:10BA70000225CAE794F82630052B04D04FF4C8718C
:10BA80006A20FBF7B9FD27702B7994F82700003B5B
:10BA900018BF012363726B79002B0CBF02230423B0
:10BAA0002372EB68A9686F336360D4E906325B18D0
:10BAB00042EBE172C4E90432042384F826302146C3
:10BAC000FAF78AFD0028D1D14FF4C971D8E770B5D3
:10BAD000F9F79AF8002405462646E0B2854200D8D8
:10BAE00070BDF9F797F80134868480F82660F4E792
:10BAF000F8B504460D46F9F787F800270646F8B270
:10BB0000864204D8082D0CD96FF0150008E0F9F72B
:10BB100081F890F826300137002BF0D04FF0FF303D
:10BB2000F8BD2CB129462046BDE8F840F9F780B8A9
:10BB300021462046F8E738B50546F9F76BF8014687
:10BB400088B190F824408CB990F8263073B1013B4D
:10BB5000012B04D82846FFF714FF204638BD0123E7
:10BB600080F82430F9E76FF00100F7E76FF022006A
:10BB7000F4E770B50D46F9F74DF80446002848D0B3
:10BB800090F82660731E012B49D8002D44D028461A
:10BB9000F8F7B8FE00283FD02B78FBB901232370BB
:10BBA0002B79003B18BF012363726B79002B0CBF0C
:10BBB000022304232372AB686F336360EB68236155
:10BBC000032394F8270084F826302146FAF704FD71
:10BBD00040BB40F2BD216A20FBF70EFD022E1ED1B4
:10BBE000002323702B79003B18BF012363726B790C
:10BBF000002B18BF04262672EB68A9686F336360B8
:10BC0000D4E906325B1842EBE172C4E90432042342
:10BC1000D7E76FF0010070BD6FF01500FBE76FF024
:10BC20002200F8E70020F6E7F9F77ABA07B5684688
:10BC3000F9F770F9DDE900024FF080730021E2FBB3
:10BC4000030103B05DF804FB08B5F9F743F9BDE85B
:10BC50000840F9F72DB90346002018707047EFF33C
:10BC6000108272B603780121DBB2017002B962B6AC
:10BC7000012B0CBF6FF0220000207047EFF3108300
:10BC800072B60022027003B962B600207047FBF75B
:10BC9000AFBEFBF76FBFFBF76DBF00280CBF6FF0A7
:10BCA0001500002070470020704707230370002014
:10BCB0007047002070470020704710F8012B11F8E2
:10BCC000013B012A28BF9A42F7D0D01A7047034699
:10BCD00011F8012B03F8012B002AF9D17047034614
:10BCE00013F8012B002AFBD1181A01387047000005
:10BCF0002DE9F04FCDB0072806460C4615460793B0
:10BD000003D811B1531E072B0AD910F00CFB20B930
:10BD10008E482A46314610F0FFFF4FF0FF30C4E056
:10BD2000DFF82C828B4FDFF83092DFF830B2DFF88B
:10BD300030A2C0B288F8000010F0D9F9894A3880E2
:10BD400000231360884A8948C9F80050136010F036
:10BD50007CF92544234614F8010B072801D8B0428A
:10BD60000AD1069310F0DFFA069B0028D5D1197886
:10BD70007F4810F0D1FFD0E70BF8010B10F0B7F9B6
:10BD80000146504610F07CFAA5420AF1280AE1D19A
:10BD900010F0C9FA68B998F8000010F03CF9D9F829
:10BDA0000030009301463B8898F80020714810F05D
:10BDB000B3FF079B5BB110F0B6FA40B998F80000EA
:10BDC00010F029F9079A01466B4810F0A5FF6B4E59
:10BDD0006B4803F029FC3178002969D11E2010F04E
:10BDE0002BFB0B2105462A2010F06EFB044665480C
:10BDF00010F0A6FB002101222F2010F072FB3178F9
:10BE000081B91E2010F018FB0B2180462A2010F06B
:10BE10005BFB2346009042465B48294610F07CFFBE
:10BE2000012333704DF6CA6010F098FB388810F08B
:10BE30009AFB082003F0D8FB44F2340010F06AFBB0
:10BE400044F2340010F06CFB012003F0F1FC8C2074
:10BE500010F0C6FB40F2DC5003F078FD002010F03B
:10BE600092FC4A4A00210F2010F05FFB3D4C3B4AF8
:10BE7000236812F80390484610F039F923680693B6
:10BE8000064602F065F80446A8B103F033FD10F051
:10BE90007FFC10F048FA38B92D4B187810F0BBF839
:10BEA00001463B4810F038FF00204DB0BDE8F08F50
:10BEB000002425469BE7DFF89CB0DFF8D8A0BBF84C
:10BEC00000309AF800103448324610F037F98022DA
:10BED00021460F2010F029FB2F4922460D2010F09B
:10BEE00054FA014638B110F01EFA0028BED12B4892
:10BEF00010F012FFBAE70D20012203F067FB0220C9
:10BF000003F0CCFC48B110F00EFA18B924484946A9
:10BF100010F002FF03F0EEFCA8E700210F2010F064
:10BF20008BFA074602F014F8054600283CD003F0CF
:10BF3000E1FC10F02DFC10F0F6F90028B4D1044B10
:10BF4000187810F068F801461648ABE73146030050
:10BF500055470020303A0020B03100204D470020E6
:10BF6000B4310020AC310020A8310020A82B0020E3
:10BF7000624603007E460300BB4603004C47002098
:10BF80001C08002078050020E9460300F8FF27245C
:10BF900034470300E247002056470020594703007A
:10BFA0007F470300A6470300674B1F42B5D0069B9F
:10BFB000DFF89881282404FB03849AF800300133C9
:10BFC0008AF800307B0440F1B281014610220CA8AF
:10BFD00015F001FF4FF4804229460F2010F0A5FA1A
:10BFE0002946102010F028FA594F80467F22294612
:10BFF000384615F0F0FE2A4608F07F01384610F06A
:10C00000F4F9BBF80010BD703246384610F024F940
:10C0100000283FF42BAF10F024FA054610F025FA63
:10C02000074610F0EBF9804601F0E4FE10B10CA8D1
:10C0300010F02BFA4046F0F7A5FA3DA3D3E9002310
:10C04000F0F70AFBDFF80CC10B46002102468A46D6
:10C050001CF8010F8840083120294AEA000AF7D16C
:10C060000021DFF8F4C08B461CF8010F884008312E
:10C0700020294BEA000BF7D1781BCDE90A23F0F712
:10C0800081FACDE90801ABEB0A00F0F77BFADDE9B4
:10C090000A2382468B4600203049F0F725F90246F4
:10C0A0000B4650465946F0F7D7FA02460B46DDE9F3
:10C0B0000801F0F719F92A4B0022F0F7CDFA1EA378
:10C0C000D3E90023F0F7C8FA1DA3D3E90023F0F762
:10C0D000C3FA244B0022F0F7BFFAF0F7CFFC051E9D
:10C0E00044DC1A4D069A282303FB025393F82630AA
:10C0F00013B1204610F0FCF810F015F9074600289F
:10C100007FF4B4AE069A282303FB02522046D2E9FC
:10C11000068A156910F0FDF8CDE90058CDE902A0B6
:10C120003B4611483246494610F0F6FD9EE600BFF8
:10C13000143BB1133BB103BEFA48CE3B1835B13DB9
:10C140000000001319DDB14100D02724B4310020D4
:10C15000634700206C470020704700200000F03F3C
:10C160000000E03F00408F40DA47030029462046A8
:10C1700010F090F882468248DFF8089210F011F82B
:10C1800099F800B006460FF0B6FF2346024659461E
:10C190007D480FF05FFF10F0C6F818BB99F800005B
:10C1A0000FF039FF0A9030460FF0A5FF0FF033FF74
:10C1B0000699764A282303FB012283469369D269B4
:10C1C00008932046069210F0A4F8089B069A049063
:10C1D000CDE901A303920A996D48009533465A466A
:10C1E00010F09AFD0CACCDE90184DFF8A8A100970E
:10C1F00099F80010DAF800002B4632460FF09FFE47
:10C20000CDE90184009799F80010DAF800002B4678
:10C2100032460FF095FE604A6049136809680133A1
:10C22000B3FBF1F001FB10331360002B7FF41EAE63
:10C23000584D544E2B6801332B6010F074F878B9C8
:10C2400030782C680FF0E7FE21460246544810F083
:10C2500063FD4D48317802F09FFE4B4802F0DAFE54
:10C2600030780FF0D8FE4F4A03464FF480710CA887
:10C270000FF090F8FF28044636D8DFF80C8100272D
:10C280004FF0180996F800A0F8B2824574D00CABB4
:10C29000C4F5807103EB040B06910FF0BCFE03465E
:10C2A000C02000FB0AF209FB072208EB020018F885
:10C2B00002200699002A5DD08268007DCDE9002029
:10C2C000394A58460FF066F80444FF2C54D900232D
:10C2D0008DF82F3110F027F818B934480CA910F058
:10C2E0001BFD0CA80FF014FE079B002B3FF4BEAD06
:10C2F0002B68079A9342FFF4B9AD03F0FBFA10F0F4
:10C3000047FA30780FF087FE2A6800920346284AE1
:10C3100050210CA80FF03EF810F005F818B9254888
:10C320000CA910F0F9FC0CA80FF0F2FDBCE594F894
:10C33000263013B120460FF0DBFF0FF0F4FF88B971
:10C34000069A282303FB02882046D8E906580FF0F6
:10C35000E0FF0095CDE901803B461748324649464B
:10C3600010F0DAFC154A00210F2010F0DEF810F072
:10C370000FFA50E71046A1E70137082F82D1A9E74D
:10C380006347002055470020A82B0020B43100202F
:10C3900032480300A8310020AC310020B031002029
:10C3A000CB480300EC480300F2480300FD480300BB
:10C3B000204903004A4903007A48030000902724DB
:10C3C000084B1A691268002AB8BF80F0010028B132
:10C3D0009B68DB6803484FF0004118479B681B6966
:10C3E000F8E700BF801F030010B50B4B1B7893B11B
:10C3F0000A4B1B78022B0ED1094B187880F00100F4
:10C400001870FFF7DDFFBDE8104006484FF480428A
:10C4100000230DF0B1BE10BD493A00204A3A002079
:10C42000483A0020D802002010B5124B1B78044671
:10C43000F3B1114815F04BF9104B012C1C70104B47
:10C4400004D0022C08D00020187001E01C70204697
:10C45000BDE81040FFF7B4BF01201870FFF7B0FF30
:10C46000BDE8104004484FF4804200230DF084BE24
:10C4700010BD00BF493A0020D80200204A3A0020EF
:10C48000483A00202DE9F04FC9B02022002115A81C
:10C4900015F0A1FC15A80FF0E4FC074613F0C7FC4B
:10C4A00058B913F0E0FC044601467A4810F034FC19
:10C4B0001CB17948214610F02FFC784C204614F02E
:10C4C00083FE002840F08380754810F025FC7548F5
:10C4D00010F022FC02F090FB0646002840F0B980E4
:10C4E00017B39DF85A30012B1ED115AD0FCD2FACCF
:10C4F0000FC495E80F0084E80F00179B0224013356
:10C500001C212FA88DF8C2408DF8C040319300F057
:10C5100011FB36902FA800F045FB00286ED1624831
:10C5200010F0FAFB8DF85A4008A80FF05BFC3A4671
:10C5300015A90CA80FF069FC5C4C0CA806A900F02A
:10C5400011FB0CAB1DAA002013F8011B0D0901F013
:10C550000F010130655D615C15701028517002F1AA
:10C560000202F1D1002310AA8DF8943008A9924656
:10C5700011F8010B050900F00F000133655D205C27
:10C580001570082B507002F10202F1D100238DF8D2
:10C590005030002F48D09DF859509DF85A4005F171
:10C5A000FF385FFA88F8B8F1070F92BF0493049739
:10C5B0004FF00408002C40D128460FF009FC4FF042
:10C5C000000901230246CB4604934C4658E02269F9
:10C5D000A168136843F0004313600B68344A1F21BD
:10C5E00020469847014618B1324810F095FB6EE797
:10C5F000314B01221A70FFF717FF68E72FA800F0F0
:10C600009DFB014618B12D4810F086FB8AE72FAC40
:10C610000FCC15AD0FC594E80F0085E80F003199D8
:10C62000274810F079FB7FE726484FF4FC2110F0F3
:10C6300073FB05254FF00408BEE7022C0DD0032C38
:10C6400020D0012C21D02048002110F065FB4FF0B4
:10C65000FF36304649B0BDE8F08F4FF000094FF08B
:10C66000000B002D049B284602BF3B46A946AB4663
:10C6700004930FF0ADFB631EDBB2022B024627D9F9
:10C68000124B28E04FF00109E9E7A3464FF00009FB
:10C69000E7E700BF102E0300272E0300801F0300D2
:10C6A0004F2E0300952E0300C72E0300A73403006E
:10C6B00001000A006F2E0300493A0020192F0300E1
:10C6C0006C2F0300A82F0300EB2F03000A2E03009A
:10C6D000A64951F823300593CDF808A01DAB0DF104
:10C6E000180AA349A3480193CDF800A0059B10F0B8
:10C6F00013FB059AA0485B464146CDE9009710F030
:10C700000BFB214653460CAA284600F09FFB01462E
:10C7100010B19A4810F000FB202200210DF1FE001C
:10C7200015F059FB0DF1540EBEE80F000DF1BC0CD5
:10C73000ACE80F009EE80F008CE80F009DF8C030B9
:10C7400013B902238DF8C0308DF8DC708DF8DD5000
:10C750008DF8DE400DF1300C0DF1DF020DF1400ED1
:10C76000634603CB7345106051609C4602F108029A
:10C77000F6D108AB03CBCDF8EF00DAF80000BAF839
:10C7800004209AF80630CDF8F310CDF8F700784978
:10C79000ADF8FB200DF1FE008DF8FD30FFF797FAA4
:10C7A0002FA801F073FA014610B1754810F0B4FAE1
:10C7B00001F0D4FD014628B110F1860F02D0714876
:10C7C00010F0AAFA8DF898508DF899400CAB0DF145
:10C7D0009A0C0DF1400E1A4603CA7245CCF80000BF
:10C7E000CCF8041013460CF1080CF4D108AB03CBC1
:10C7F000BAF80420CDF8AA00DAF800009AF806305A
:10C80000CDF8AE10CDF8B200ADF8B62015A93A4675
:10C8100026A88DF8B8308DF8B97002F06DF9014690
:10C8200048B3594810F078FA002002F0D7F90020F8
:10C8300001F090FA3A462146284601F09DFA002080
:10C8400001F0B4FA21463A46284602F0CDF92046D6
:10C8500000F066FB014628B110F10B0F02D04B48E7
:10C8600010F05AFA049B8BB1494810F055FA002099
:10C87000FFF7DAFDEDE6474841F2883110F04CFA57
:10C8800000214FF420300DF0C3FFCDE7DDF810900C
:10C89000022C50D0032C53D0012C54D1A3464FF07E
:10C8A000000A002001F082FA3A462146284602F0AA
:10C8B0009BF93A462146284601F05EFA012002F033
:10C8C0008DF9012001F046FA01F03CFB032C14BF66
:10C8D00002200120FFF7A8FDBBF1000F00F0B98096
:10C8E00008220AA940460FF09CFB06460FF069FAA1
:10C8F00040B940460FF08FFB3346014602222648DE
:10C9000010F00AFA32464B460AA94046FFF7F0F902
:10C910000646002002F062F9002001F01BFA002E0A
:10C9200040D00FF04EFA00287FF493AE1B483146FA
:10C9300010F0F2F98DE64FF0000A4FF0000BB0E76F
:10C940004FF0010AF9E70FF03CFA18B914482146F4
:10C9500010F0E2F96FF015067BE64FF0000A4FF099
:10C96000000BCDE04FF0010AF9E700BF08240300F7
:10C97000073003002430030081300300D23003006D
:10C98000F230030013310300373103007B31030021
:10C99000A131030059310300063203003C32030089
:10C9A000ED310300B9F1000F0DD001F00DFB50B9CE
:10C9B0000FF007FA18B95348494610F0ADF90021B5
:10C9C000022001F0EFFA0FF0FCF910B94E4810F018
:10C9D000A3F901F0DBFA38B328460FF0F9F9631E2A
:10C9E000DBB24A4A014652F82320494810F094F934
:10C9F0000020FFF719FD002002F0F0F8002001F000
:10CA0000A9F928463A46214601F0B6F941480FF007
:10CA10007FFA01F0BBFA38B101F0D6FA98B301F011
:10CA2000AFFA3D4810F078F901F0CEFA064680BB27
:10CA30000FF0C7F938B9631E344A3848DBB252F8F0
:10CA4000231010F069F9002140F267600DF0E0FE5C
:10CA50001EE75146404602F04BFB0646584602F0A0
:10CA6000BDF8584601F076F93EB10FF0AAF900285A
:10CA70007FF4EFAD2A4831465AE70FF0A2F90028BB
:10CA8000A7D12848A3E7002140F6CD400DF0C0FE15
:10CA9000BFE701F0A3FA741EE4B2814601F0A8FAE0
:10CAA000022C07D90FF08DF900287FF453AF1E48F0
:10CAB00031464DE70FF085F948B928460FF088F95F
:10CAC000124B014653F82420184810F025F930463F
:10CAD00000F026FA044648B110F10B0F06D00FF013
:10CAE00070F918B91248214610F016F9022E3FF4D9
:10CAF00034AF032E3FF436AF01264FF0000AB346A1
:10CB00003446CEE661320300A2320300082403005B
:10CB10003D330300713303007E330300B833030059
:10CB2000DF320300FD320300FF330300243403002F
:10CB30005B34030030B50A4D01444FF0FF338142AE
:10CB400001D1D84330BD10F8012B5340082243F3E4
:10CB500000042C40013A84EA5303F8D1EFE700BF08
:10CB60002083B8ED034670B4084603F10F02591E46
:10CB700041F221054FF6FF7311F8014F83EA0423B8
:10CB800008241EB25B00002E9BB2B8BF6B40013C74
:10CB9000F7D18A42F0D170BC014A07210EF0FABBEE
:10CBA000B834030010B50446A8B102680B4B9A4292
:10CBB00011D10379013B012B0DD84379082B0AD8F9
:10CBC0008379032B07D81C21FFF7B4FFE469231AEC
:10CBD0005842584110BD0020FCE700BF0DF005B1E0
:10CBE0002DE9F041002598B004461C22294609A8E9
:10CBF000089515F0F0F82022294610A815F0EBF85A
:10CC00001C22294601A815F0E6F8002C00F08B80C4
:10CC1000484D284614F0D8FA002800F08780AB6809
:10CC20001E6820230DEB03024FF4FC212846B04779
:10CC3000074658BB08AE0FCE10AD0FC596E80F00E3
:10CC400085E80F001C2110A8FFF774FFDFF8E880CB
:10CC5000109B43451ED1179B83421BD19DF8453045
:10CC6000082B17D89DF84630032B13D89DF8443075
:10CC7000013B012B0ED810AB18AD1A4603CAAA42CD
:10CC800020606160134604F10804F6D1384618B0FC
:10CC9000BDE8F08108AD0FCD01AE0FC695E80700E5
:10CCA00086E80700182101A8FFF744FF019B4345D0
:10CCB00031D1079B83422ED19DF80860731E072B4C
:10CCC00029D89DF80950032D25D819220021E01DEF
:10CCD00015F081F80D2323706FF00F0363700523A7
:10CCE000A3706FF04E03E37001236671A571237189
:10CCF00003AD04F10C0207AE2B4603CBB342106028
:10CD000051601D4602F10802F6D11C212046FFF7B2
:10CD100011FFE061BAE720220021204615F05BF800
:10CD20006FF08907B2E76FF01507AFE76FF01207F2
:10CD3000ACE700BFD01F03000DF005B12DE9F041B5
:10CD4000202290B0054600210DEB020015F043F8BB
:10CD50002DB96FF01504204610B0BDE8F0812848C9
:10CD600014F032FA002841D02846FFF71BFF0028B4
:10CD7000EFD06A462B4605F1200617461868596819
:10CD8000144603C40833B3422246F7D11C4ED6F8EA
:10CD90000880D8F8083063B34FF480524FF4FC2178
:10CDA0003046984704460028D5D12023D8F80440BF
:10CDB0003A464FF4FC213046A04704460028CAD129
:10CDC00008A8FFF70DFF04460028C4D120222946F9
:10CDD0000DEB020014F0B5FE044668B908A8FFF791
:10CDE000E1FE002808BF6FF08904B4E76FF0120479
:10CDF000B1E76FF05704AEE76FF00404ABE700BF94
:10CE0000D01F030073B504460A4E0B480B4B0C4968
:10CE1000012500950222032C18BF304606F02AFD9A
:10CE200030B9084B1D70E31E5C425C41064B1C7020
:10CE300002B070BD2824030014240300A8040020BD
:10CE4000B00400204C3A00204B3A0020F7B51E46B3
:10CE5000294B0F4602F1100152F8044B43F8044BE2
:10CE60008A42F9D1254B9875DF75431E072B9ABF6F
:10CE700000F14004E4B25524C6B13378B3B1204A7E
:10CE800020480096234614210EF084FA002830DB57
:10CE90001D4B5870002005F0ADFF054668B10146F6
:10CEA0001A480FF039FF284603B0F0BD184A15485C
:10CEB000234614210EF06EFAE8E73846FFF7A2FF8A
:10CEC000054610B101461348EBE7032F41F28833C2
:10CED00042F210721CBF1E233C22CDE900320E4BE1
:10CEE0000E48002E18BF33463A4621460FF014FF75
:10CEF000D9E74FF0FF35D6E73B0800203508002082
:10CF0000C33403004D3A0020A8040020DA340300A3
:10CF1000D0340300FE340300BF3403002235030085
:10CF20002DE9F041DFF89C8098F800300446002B92
:10CF300044D0254B254AD87502212548012306F007
:10CF400041FB054650B100F055FF022803D02148AF
:10CF500029460FF0E1FE2846BDE8F081E31E5F425E
:10CF60005F411D4B1B78BB421ED006F0B5FC064648
:10CF700088B988F800002046FFF744FF064698B1BC
:10CF800000F038FF022804D01448324621460FF042
:10CF9000C3FE3546DFE700F02DFF022804D010481D
:10CFA000324621460FF0B8FE00F024FF0228D2D00E
:10CFB0000C483A4621460FF0AFFECCE76FF00A0569
:10CFC000C9E700BF4C3A002035080020A804002023
:10CFD000B0040020673503004B3A00209135030070
:10CFE000C2350300FD3503004B1E59425941014B28
:10CFF00019707047613A002038B50D46044678B381
:10D000001949FEF75AFE28B318492046FEF755FE87
:10D0100000B317492046FEF750FEE8B115492046F7
:10D02000FEF74BFEC0B114492046FEF746FEA8B1FC
:10D0300012492046FEF741FE80B111492046FEF715
:10D040003CFE20B10F492046FEF737FE40B928705C
:10D05000002038BD0120FAE70220F8E70320F6E7B8
:10D060006FF01500F5E700BF053B03003236030003
:10D0700034360300BD3403003B360300D63A0300C8
:10D0800045360300F64D03000346034A03484FF4B8
:10D0900080710EF07FB900BFCD340300623A0020EA
:10D0A00038B50C46054610B31249FEF706FED8B156
:10D0B00011492846FEF701FEB0B110492846FEF797
:10D0C000FCFD88B12846FEF70AFE01280FD128781A
:10D0D000A0F16103192B98BF2038C0B2A0F1410321
:10D0E000072B04D84038C0B22070002038BD6FF044
:10D0F0001500FBE74B360300F64D03002B4E0300F3
:10D10000F0B5334C94F8203089B005460E46FBB19B
:10D1100023466F4604F1200C186859683A4603C24A
:10D12000083363451746F7D102238DF806508DF872
:10D130000430A3686846013302930EF0B8FE6846D7
:10D14000FFF730FD88B92348FFF79EFF09B0F0BD17
:10D15000214B6F4603F1200C186859683A4603C208
:10D16000083363451746F7D1DEE76846FFF7E6FD6B
:10D1700010F18A0F01D11948E6E708B11848E3E732
:10D18000134A6D4608AF2B4603CBBB42106051607B
:10D190001D4602F10802F6D101230F4D84F820301C
:10D1A00008AF6B461A4603CABA4228606960134644
:10D1B00005F10805F6D10B4B01221A709DF80630D7
:10D1C00084F82230084B00221A703046BCE700BFBA
:10D1D000863E002056360300663E00206936030076
:10D1E0007A360300653E0020633E002030B50B4CCC
:10D1F000013800234D1C10F8012F1209A25C01F820
:10D200001320027802F00F02A25C05F8132001330C
:10D21000102BF0D1002381F8203030BDCB3C03002F
:10D2200070B5144B1D6886B015B3134B1B78FBB15A
:10D23000124E3046FEF753FD182204460021684680
:10D2400014F0C9FD0E4BADF80C4069462846CDE9F7
:10D25000013608F0E9FD044650B100F0CBFD02288C
:10D2600006D00848214606B0BDE870400FF054BD16
:10D2700006B070BD582B0020613A0020623A0020B1
:10D28000242503008936030002460B4601480CF0B2
:10D2900037BC00BF5C2B002001480CF0A9BC00BFCC
:10D2A0005C2B00202DE9F04190B00C460DF11C08DC
:10D2B0004146054604F10C001646FFF797FFA37997
:10D2C0006079013BDBB2022B96BF0C4A0C4F52F83F
:10D2D00023700EF07DFDCDF81480E379094ACDE985
:10D2E0000107CDE90363A368009323794FF48071AC
:10D2F00028460EF04FF810B0BDE8F0813C24030042
:10D300000A2E0300B3360300F0B595B0244C25482F
:10D31000254F264D0BAE3146FFF768FF94F82020CD
:10D3200023482146FFF7BEFF3A7822492248FFF7FB
:10D33000B9FF94F821000EF04BFD94F82230013B28
:10D34000DBB2022B96BF1D4A1D4B52F823301D4AFB
:10D3500012780992A2680892227907923A78069286
:10D36000194A1278059294F82020CDE90332174B20
:10D370000093CDE901600733154A4FF480712846C8
:10D380000EF008F8134B1B7843B12846FEF7A7FCB4
:10D39000114AC0F5807128440DF0FCFF15B0F0BDB6
:10D3A000863E0020A93E0020653E0020623D002010
:10D3B000623C0020663E0020623B00203C240300CB
:10D3C0000A2E0300633E0020643E0020C13E002080
:10D3D000F4360300623E00206A3703002DE9F0476F
:10D3E000F0B01146BDF8E0511C46002D40F0FB8323
:10D3F000013B7E2B00F2F78310AF2246384614F033
:10D40000C2FC3D5526463A4612F8013BA3F16101A4
:10D41000192905F1010598BF203BA54202F8013CFE
:10D42000F2D34FF0FF304FF0FF31FFF72DFF002315
:10D430000E933B780BB9A3480CE0A3490EAA3846DB
:10D4400014F007FC04460028F5D0A049FEF735FC8F
:10D4500018B99F48FFF718FE95E09E492046FEF751
:10D460002CFC48B19C492046FEF727FC20B19B4983
:10D470002046FEF722FC30B94FF4807130A800F04E
:10D48000C5FD30A8E6E796492046FEF716FC20B118
:10D4900094492046FEF711FC50BB8B490EAA002090
:10D4A00014F0D7FB054668B10A220FA90DF0BEFFA4
:10D4B0000F9B9D42044603D01B780BB9782802D9F4
:10D4C0008948C7E71E2420460EF049FD034618B9D7
:10D4D000864A234640218FE110F1100F01D1844884
:10D4E000B8E710F1860F01D18248B3E7824AF1E72D
:10D4F00082492046FEF7E1FB20B181492046FEF734
:10D50000DCFB18B90EF02EFD7E48A3E77E492046CD
:10D51000FEF7D3FB002855D100F06CFC7B4D30AFFB
:10D52000044639467A48FFF761FE95F821000EF06F
:10D530004FFC95F82230013BDBB2022B96BF754AB7
:10D54000754A52F82320012C3AD0744B7449022CAE
:10D5500018BF0B460021CDE909117249CDE9071129
:10D5600071490978069195F820100197CDE90431A9
:10D570006E4B0093CDE9020207336D4A6D484FF4BC
:10D5800080710DF007FFFFF7BFFEFFF785FEFFF785
:10D5900047FE6949674814F01EFB002800F0258308
:10D5A00066496448042214F0F4FA002800F01D8350
:10D5B00040F21F5000210DF02BF9012002F01CFB5E
:10D5C0005F4BC7E75F492046FEF777FB80B94F4BBB
:10D5D0005D4A03F12000194653F8044B42F8044B0E
:10D5E0008342F9D1594B91F8202059481A7031E7FC
:10D5F00058492046FEF761FB20BB534B30AC03F18A
:10D60000200518685968224603C20833AB42144605
:10D61000F7D130A80EF04BFC30A8FFF7C3FA4A4D03
:10D62000044630AB38AF1A4603CABA422860696074
:10D63000134605F10805F6D1444B1C70002C33D07D
:10D64000454807E745492046FEF737FB30B14449D6
:10D650002046FEF732FB002840F0AD80324B1B78AD
:10D660000BB14048F6E6384B30AC03F120051868A2
:10D670005968224603C20833AB421446F7D19DF8DD
:10D68000C630224C012B08BF02238DF8C63002237E
:10D690008DF8C430A36830A8013332930EF007FC34
:10D6A00030A8FFF77FFA08B92F48D3E630A8FFF774
:10D6B00045FB10F18A0F01D12C48CBE6002859D048
:10D6C0002B48C7E6ED37030004420300F937030097
:10D6D000FE37030016410300EE380300F238030062
:10D6E000FD38030002390300103903002439030018
:10D6F0003B39030047390300573903007B390300E6
:10D70000693903007839030081390300863E00201F
:10D71000A93E00203C2403000A2E03008C3703009E
:10D7200091370300DE420300643E0020C13E00202A
:10D7300089390300623A00204F3A03005B3C030042
:10D7400084370300053A0300663E0020653E002052
:10D75000023A03000A3A0300133A03001C3A03009A
:10D76000233A0300293A03005636030069360300C2
:10D770007A36030030AD224638AF2B4603CBBB428E
:10D78000106051601D4602F10802F6D1012384F8B1
:10D7900020309A4C30AB1A4603CABA42206061600E
:10D7A000134604F10804F6D1954A964801231370F4
:10D7B000954A13704EE695492046FEF77EFA0546D7
:10D7C00028B99348FFF760FC8F4B1D70DBE6914949
:10D7D0002046FEF772FA98B98F490F900EAA14F0FE
:10D7E00038FA08B98D4835E60FA901F067FC002822
:10D7F000F8D10F9B8A4A302130A80DF0CBFD40E6CE
:10D8000088492046FEF759FA0546002840F0AD80C9
:10D8100000F0F0FA80498DF837000EAA284614F07F
:10D8200018FA30B10DF13601FFF7E6FB0446002887
:10D830006FD07D480EE64946FEF73FFA00284BD0F0
:10D8400051462846FEF739FA002845D07749284640
:10D85000FEF733FAF0B90EAA394614F0FAF9054684
:10D8600008B97348F6E50A220FA90DF0DFFD0F9BFA
:10D870009D42804606D01B7823B9421E42F20F73A8
:10D880009A4201D96B48E5E59DF83630012B24D04A
:10D890006948DFE569492846FEF70FFA50B939466D
:10D8A0000EAA14F0D6F90DF1370100F0B1FAA0B1CB
:10D8B0006348CFE563490422284614F06AF928B189
:10D8C00061490422284614F064F918B90DF13701B2
:10D8D0002846EAE75D48BDE501240EAA3946002046
:10D8E00014F0B7F905460028A5D19DF8370000F0DF
:10D8F0006FFA9DF836506B1E022B9AD8544B93F852
:10D900002270AF4221D1B8F1000F09D1A4B951481A
:10D91000A0E5414FDFF84091DFF840A18046DCE709
:10D920004F4B0122414638461A7000F03BFB012F55
:10D9300017D14C4A4346CDE5494B01224146384672
:10D940001A7000F02FFB484884E5454B0122414600
:10D9500028461A7000F026FB012D02D1B8F1000F05
:10D96000E7D1002CEFD1414874E541492046FEF74C
:10D97000A4F9D0B928490EAA14F06BF9044600287E
:10D980003FF459AD3B49FEF798F920B93A490220D6
:10D99000FFF7B6FBF7E539492046FEF78EF910B9D7
:10D9A00037490320F4E7374854E537492046FEF766
:10D9B00084F950B900F0C0FA344B354A1878354B29
:10D9C00000280CBF1046184644E533492046FEF7B0
:10D9D00074F978B131492046FEF76FF950B13049FA
:10D9E0002046FEF76AF928B12E492046FEF765F970
:10D9F00000285BD100F0B8FA2B482BE5663E0020EA
:10DA0000653E0020323A0300633E00204F3A030097
:10DA10004C3A0300563A0300044203005C3A030008
:10DA2000833A0300973A03009F3A0300D23A030077
:10DA3000C23A0300D83A0300F23A03001C3B030049
:10DA40000C3B0300203B0300253B03002A3B030063
:10DA5000863E00203E3B0300B43A0300BA3A03007E
:10DA6000623E0020583B030095370300B2370300A5
:10DA70007E3B0300843B03008C3B03003B360300EA
:10DA8000A43B0300BE3B0300CE3B0300643E0020EA
:10DA9000E0370300CE370300D93B0300D33B03003C
:10DAA000E33B0300DD3B0300E73B03005149204615
:10DAB000FEF703F900283FD14F490EAA14F0C9F828
:10DAC000044600283FF4B7AC4C49FEF7F6F858B9C5
:10DAD00049490EAA14F0BDF80DF13601FFF7E0FA3E
:10DAE000002853D04648B5E446492046FEF7E5F8FD
:10DAF00050B941490EAA14F0ACF80DF13601FFF708
:10DB00007BFA38B34048A5E440492046FEF7D5F8F3
:10DB100000287FF448AF38490EAA14F09AF804465A
:10DB200000283FF488AC0A220FA90DF07FFC0F9B60
:10DB30009C4249D136488DE436492046FEF7BDF86F
:10DB400020B130492046FEF7B8F888B92A490EAA14
:10DB50000020D0E7304C9DF83630A37120460EF0FF
:10DB6000A6F92046FFF71EF82C4B18702C4871E4DC
:10DB70002C492046FEF7A1F820B120492046FEF7A7
:10DB80009CF888B91C490EAA0020A3E7224C9DF8F6
:10DB90003630637120460EF08AF92046FFF702F80E
:10DBA0001E4B1870204855E420492046FEF785F8A2
:10DBB00030B116492046FEF780F800287FF43BACD0
:10DBC0000D490EAA0020A8E71B78002BB2D1124CF9
:10DBD000A06020460EF06BF92046FEF7E3FF0F4BE6
:10DBE0001870134836E46FF00606304670B0BDE892
:10DBF000F08700BF4A3D030004420300043C0300D9
:10DC0000F83B03006B4103001B3C0300483C03004E
:10DC10003C3C030043360300663E0020653E002086
:10DC20002C3C0300083C03000A3C03006736030059
:10DC30004C3C030008B561B910F023FE054B186099
:10DC400000F0D8F8022804D0BDE8084002480FF0E0
:10DC500063B808BD582B0020603C030010B5094C88
:10DC60002368834203D106F0C1F80023236000F04B
:10DC7000C1F8022804D0BDE8104003480FF04CB8AA
:10DC800010BD00BF582B00207B3C030010B504469C
:10DC9000002848D0254813F082FB4FF0FF304FF0AA
:10DCA000FF31FFF7F1FA62222146214814F06BF8A8
:10DCB000204A204604F12001134650F8044B42F854
:10DCC000044B8842F9D11A790AB902221A711A68EA
:10DCD0004AB90D221A706FF00F025A7005229A701D
:10DCE0006FF04E02DA7013480EF0E1F81148FEF7BB
:10DCF00059FF114B1870114B114800241C70114B27
:10DD00001C70114B1C70114B1C70FFF7BDF9FFF715
:10DD1000FBFAFFF7C1FA064B0D489A6819790EF025
:10DD2000FBFF204610BD6FF01500FBE75C2B0020C9
:10DD3000863E0020663E0020653E0020643E0020B6
:10DD4000993C0300633E0020623E0020613A0020BF
:10DD5000A23C030010B54FF0FF3104464FF0FF30F6
:10DD6000FFF792FA034B1C70FFF7CEFABDE81040A4
:10DD7000FFF792BA643E002070B506460D464FF09C
:10DD8000FF304FF0FF311446FFF77EFA064B83F861
:10DD9000216083F8225083F82040FFF7B5FABDE8F0
:10DDA0007040FFF779BA00BF863E002010B54FF0F3
:10DDB000FF3104464FF0FF30FFF766FA034B1C704B
:10DDC000FFF7A2FABDE81040FFF766BA623E0020F6
:10DDD000431E012B064BBFF35B8F88BF002053E827
:10DDE000002F43E800010029F9D1BFF35B8F704792
:10DDF000702B0020054BBFF35B8F1868BFF35B8F60
:10DE0000431E022B28BF0020C0B27047702B002099
:10DE100038B50C460546002869D0002967D0354939
:10DE2000042213F0B6FE28B133490422284613F029
:10DE3000B0FE00B9043531492846FDF73EFF98B1E0
:10DE40002F492846FDF739FF70B12E492846FDF7C6
:10DE500034FF48B12C492846FDF72FFF20B12B494C
:10DE60002846FDF72AFF30B92070002038BD012078
:10DE7000FAE70220F8E726492846FDF71EFF0028AA
:10DE8000F5D024492846FDF718FF0028EFD0224995
:10DE90002846FDF712FF0028E9D020492846FDF763
:10DEA0000CFF0028E3D01E492846FDF706FF002896
:10DEB000DDD01C492846FDF700FF0028D9D01A49BB
:10DEC0002846FDF7FAFE0028D3D018492846FDF76A
:10DED000F4FE0028CDD016492846FDF7EEFE0028B6
:10DEE000C7D014492846FDF7E8FE0028C1D04FF0FE
:10DEF000FF30BBE7203B0300253B03002B4E030014
:10DF00007D39030091370300DC3C0300E13C030052
:10DF1000E63C030084370300EE3C0300F63C0300BC
:10DF200082370300FE3C03008C370300033D0300EF
:10DF3000073D03001D460300014801210EF001B812
:10DF4000802B002001480EF007B800BF802B002076
:10DF5000044BBFF35B8F1868BFF35B8F003818BFAB
:10DF600001207047802B002008B5044801210DF0E6
:10DF7000E8FFBDE80840FFF7DFBF00BF7C2B0020B3
:10DF800001480DF0E9BF00BF7C2B0020044BBFF31C
:10DF90005B8F1868BFF35B8F003818BF0120704794
:10DFA0007C2B002010B50C46014605480DF0C9FF3A
:10DFB000214604480DF0C5FFBDE81040FFF7BCBF87
:10DFC000782B0020742B0020034BBFF35B8F186865
:10DFD000BFF35B8FC0B27047782B0020034BBFF3B9
:10DFE0005B8F1868BFF35B8F704700BF742B0020F6
:10DFF00008B504480DF0B0FFBDE8084002480DF038
:10E00000ABBF00BF782B0020742B002018B111B1DA
:10E01000014A0DF0BFB970470B3D0300034B0449A3
:10E02000044800221A60FDF752BE00BF8C2B00206E
:10E03000F2450300E83E002038B5304B98420446D4
:10E040000BD12F4B01221A70FFF7D4FE022819D0F2
:10E050002C492D480EF060FE14E0A0F54035AB1EB3
:10E060001E2B20D8012202FA03F344F241010B4295
:10E070000AD126490B420AD0214B1A70FFF7BAFE8B
:10E0800002281CD1002038BD1D4B0022F5E7FFF708
:10E09000B1FE0228F6D01E4B9C4215D918339C4283
:10E0A00020D11C49D5E7FFF7A5FE0228EAD01A4B7C
:10E0B0009C42F0D119480EF02FFE1949C9E7144BC4
:10E0C0009C4204D9174BEAE7B4F5403F0DD9023D15
:10E0D000062D0AD8DFE805F00D09040909090B002F
:10E0E0001149B6E7114B9C4205D01149B1E71149DE
:10E0F000AFE71149ADE71149ABE700BF01000300ED
:10E10000063F0020173D0300AE3D03000400004021
:10E1100008000300213D030040000300873D030089
:10E120006C3D0300200003003A3D03001000030093
:10E130007D3D0300463D0300603D0300523D03006A
:10E1400070B503788AB004460E4607AD032B20D87D
:10E15000DFE803F002191B1D11492846FDF7B7FD42
:10E16000059563780493A3780393E3780293237966
:10E17000019363790093A3790A4A1E2130460DF07A
:10E1800009F90AB070BD0849E7E70849E5E7084919
:10E19000E3E7084A0A2128460DF0FCF8E0E700BF53
:10E1A000C13D0300EA3D0300C83D0300CF3D03002D
:10E1B000D93D0300E33D030010B50446A9B960B999
:10E1C000FFF72CFFFFF716FE02280ED02146074A64
:10E1D0000748BDE810400EF09FBD064B186010F0D8
:10E1E000D5FB0249FFF7ACFFECE710BDE83E00208D
:10E1F0000D3E03008C2B002030B589B00D4604463F
:10E2000010F0C4FB6946FFF79BFFFFF7F3FD022800
:10E2100005D007482B466A4621460EF07DFD054B8A
:10E220001B68A34201D1FFF7F9FE09B030BD00BF62
:10E23000383E03008C2B0020F0B585B004460B9FC0
:10E240001E46154602B1156806B13688FFF7D2FDA5
:10E25000022847D0002F59D0B4F1011FBB783A886B
:10E2600026D1304C30482168057801312160CDE954
:10E2700001233B7900932D4A2D4B1268002D18BFC6
:10E2800003462C480EF048FD3B6823F07F43012BEA
:10E2900006D1BB783A88216827480EF03DFD21E081
:10E2A000B3F1011F1ED1BB783A8821682348F4E7F7
:10E2B00023498C4219D123487D6801681A4C0131E9
:10E2C0000160B5FA85F040092678CDE90023CDE953
:10E2D0000250174B154A1C481268002E18BF2346DF
:10E2E0000EF01AFD002005B0F0BDA4F10114CDE937
:10E2F0000156032C98BF15493879009094BF51F806
:10E300002410134913480EF007FDEBE7A4F10114A4
:10E31000032C96BF0D4B0E4953F824100E4833467C
:10E320002A46BAE7882B0020E83E00208C2B0020EC
:10E33000F24503007E3E0300EC3E0300313F030044
:10E3400004000100842B0020773F03004C250300CC
:10E35000743E0300E83F030028400300114A08B55B
:10E3600000231370104A1360104A1360FFF756FE23
:10E370000F4805F0EDFFFFF73DFD022802D00D48E4
:10E380000EF0CAFC0C4802F027FC0C4802F024FCFA
:10E39000FFF730FD022802D009480EF0BDFC002036
:10E3A00008BD00BF063F0020882B0020842B0020E2
:10E3B00030050020594003002405002018050020E6
:10E3C000DC400300014B1878704700BF063F002077
:10E3D0000FB4F0B50F4F3B68B3B0ABB139AB389A5F
:10E3E0000193C02102A80DF0C1FC061E0CDD02AC99
:10E3F0000025386814F8011B836801355B6898476D
:10E40000AE4201D0C02DF4D133B0BDE8F04004B02D
:10E41000704700BFA42B002001460148FFF7D8BF7A
:10E420002241030007B51E23019380B1037873B125
:10E43000124901AA0CF0DAFF012802D1019B782BC6
:10E4400005D90F48FFF7E8FF03B05DF804FB01981A
:10E450000DF085FD014620B901990A48FFF7B8FF84
:10E46000F2E710F1100F01D10748EBE710F1860F2A
:10E4700001D10648E6E70648F0E700BFFA48030086
:10E48000143903002B4103003F3903004B390300CB
:10E490004341030002460B4601480BF031BB00BF6D
:10E4A000902B002001480BF0A3BB00BF902B002055
:10E4B00008B50548FFF78CFF40F21F5000210CF013
:10E4C000A7F9012001F098FB5741030070B5264BD6
:10E4D0001B7888B02BB1254808B0BDE87040FFF725
:10E4E0009BBF4FF0FF304FF0FF31FFF7D3FF204BC2
:10E4F0006A4603F12006144618685968154603C594
:10E500000833B3422A46F7D1FFF7CCFF9DF8063017
:10E51000012B08BF022320468DF806300DF023FDA5
:10E520002046FEF70BFC20B11248FFF775FF08B03C
:10E5300070BD4FF0FF304FF0FF31FFF7ABFF0C4ADB
:10E5400008AD234603CBAB42106051601C4602F17C
:10E550000802F6D1084B01221A70FFF7A3FF074803
:10E56000FFF736FFE3E700BF4B3F00202D3A0300E3
:10E570002A3F00207E360300293F00205741030038
:10E5800038B50446FDF7ABFB012823D12378A3F16E
:10E590006102192A98BF203BDCB2A4F14103072B8A
:10E5A00018D80F4D4FF0FF314FF0FF30FFF772FFDB
:10E5B000A4F1400328466B710DF0D5FC2846FEF708
:10E5C000F1FA084B1870FFF76DFFBDE838400648B8
:10E5D000FFF7FEBEBDE838400448FFF71DBF00BF8F
:10E5E0002A3F0020293F0020574103005C410300DF
:10E5F00010B51B490622044613F0CBFA80B1194925
:10E600000622204613F0C5FA50B1174909222046C8
:10E6100013F0BFFAE0B1BDE810401448FFF7FCBEAC
:10E620004FF0FF304FF0FF31FFF734FF0223104C63
:10E630002046A3710DF097FC2046FEF7B3FA0D4B70
:10E640001870FFF72FFFBDE810400B48FFF7C0BE62
:10E650004FF0FF304FF0FF31FFF71CFF0323E6E7D9
:10E66000053B0300343603003B36030067410300DB
:10E670002A3F0020293F002057410300F0B5421EE9
:10E680000446BBB01046002310F8011FE51800290E
:10E6900031D1E15412F8013F002B33D12378002B04
:10E6A0007ED09F492046FDF708FB20B19D492046BA
:10E6B000FDF703FB68BB4FF0FF314FF0FF30FFF772
:10E6C000E9FE994B5E799C79984B1D78FFF7EAFE3D
:10E6D00030460DF07DFB611EC9B2022996BF944BF6
:10E6E000944953F82110024693482B463BB0BDE8AD
:10E6F000F040FFF76DBEA1F120065E2E9CBF0133F6
:10E700002970C1E7A3F16101192998BF203B13705B
:10E71000C0E78A490622204613F03BFA002841D17F
:10E720000AAB8749874D1C4611F8012F160902F0E4
:10E730000F020130AE5DAA5C1E7010285A7003F102
:10E740000203F1D1002305AA7F488DF84830164610
:10E7500010F8011F0F0901F00F010133EF5D695C33
:10E760001770082B517002F10202F1D1774D00238E
:10E7700028788DF824300DF02BFB6B78013BDBB251
:10E78000022B96BF6A4A6B4A52F8232095F8213033
:10E790000094CDE9016301466D4B6E48FFF718FE0A
:10E7A0003BB0F0BD6C492046FDF787FA48B16B4994
:10E7B0002046FDF782FA20B169492046FDF77DFA2F
:10E7C00040B90AA8C021FFF721FC66480AA9FFF753
:10E7D000FFFDE5E764492046FDF76FFA20B93BB03D
:10E7E000BDE8F040FFF71EBE60490522204613F049
:10E7F000D0F908B9601DF2E75D492046FDF75DFAE2
:10E8000038B90DF0AFFB5B483BB0BDE8F040FFF717
:10E81000DFBD59492046FDF750FA20B1574920463F
:10E82000FDF74BFA28B955483BB0BDE8F040FFF77B
:10E83000DFBE53492046FDF740FA20B1514920463A
:10E84000FDF73BFA08B94F48EEE74F492046FDF780
:10E8500034FA20B14D492046FDF72FFA08B94B484C
:10E86000E2E74B490322204613F093F970B9494976
:10E870000AAAE01C0CF0BAFD012803D10AA8FFF790
:10E880007FFE8DE74448FFF7C7FD89E743492046EF
:10E89000FDF713FA20B142492046FDF70EFA20B9E0
:10E8A0003BB0BDE8F040FFF711BE3E492046FDF702
:10E8B00004FA08B9FFF7FCFD3B490922204613F092
:10E8C00068F968B939490AAA04F109000CF08EFD0B
:10E8D000012803D10AA8FFF78BFE61E73448D2E78D
:10E8E00034490B22204613F054F920B929490AAAC9
:10E8F00004F10B00BEE730490B22204613F049F922
:10E900000028CDD02D490622204613F042F90028D8
:10E91000D0D02B483BB0BDE8F040FFF77DBD00BF35
:10E92000704103006B4103002A3F0020293F002073
:10E930005C2503000A2E0300764103001241030008
:10E94000083F0020DF420300183F0020073F00205F
:10E95000213F00209341030016410300EE380300DD
:10E96000F238030026410300FD380300FC41030098
:10E970007B3903005741030032360300053B030097
:10E98000BD34030034360300D63A03003B3603009F
:10E9900002420300064203005C4103008A3B03007D
:10E9A0002F4203000A4203000D42030017420300F6
:10E9B000674103001C420300284203004F3A030052
:10E9C000F13703002DE9F04F0027DFF81CA1B3B0A9
:10E9D0003C463E463D46454B1B7803F0FF0813B9C5
:10E9E00033B0BDE8F08FDAF8000083681B6863B9C4
:10E9F00015B154EA060342D1E7BB6FF0570B3C4810
:10EA000059460EF089F9474634E00DF10701984761
:10EA10008346B8B33DB354EA060224D012F0D0FFC7
:10EA20004FF47A7EA0FB0EC00EFB01004FEADC3CE7
:10EA30004CEA404CBCEB040C4FEAD03060EB0600D3
:10EA4000BCF5967F70F100004FF000090BDB05F17B
:10EA5000C8030DEB030502A805F8C09CFFF70EFEE6
:10EA60004C464E464D462FB91BF1860FC7D01BF1C1
:10EA7000580FC4D00021A4200BF0CAFEABE76FF002
:10EA8000570BCBE79DF807300D2B01D00A2B0FD188
:10EA90001DB90024264625469DE705F1C8030DEB68
:10EAA000030502A8002305F8C03CFFF7E7FDF0E7E7
:10EAB000BE2D15D805F1C80205F101080DEB0205C0
:10EAC00005F8C03C12F07CFF4FF47A73A0FB0306FC
:10EAD00003FB0166C40B44EA46444546F60B7AE75D
:10EAE0000448FFF799FCD4E7A42B00204A3F0020FC
:10EAF000344203006542030070B50D4688B01646E7
:10EB0000044600284BD0002949D0264B26481860DF
:10EB100012F05AFB30B925480EF0FEF86FF01200E3
:10EB200008B070BD224812F03AFC224B204604F196
:10EB3000200250F8041B43F8041B9042F9D10288CC
:10EB40001A801D4B294605F1200251F8040B43F8A9
:10EB5000040B9142F9D1194B1E70194B00241C7003
:10EB6000184B01221A7000220023CDE906230C2342
:10EB7000CDE90243CDE90044134B144904944FF40A
:10EB8000006213480BF092FB124911480BF02EFB68
:10EB9000114841F28831FFF71BFC2046C0E76FF0B7
:10EBA0001500BDE7A42B0020BC1F03007342030027
:10EBB000902B0020073F00202A3F0020293F002003
:10EBC0004B3F00204A3F0020C5E90100F04B0020E8
:10EBD000D0170020A1420300B2420300014B18707D
:10EBE000704700BF4B3F0020024B1870597083F8EC
:10EBF00021207047073F002013B5002323480193CD
:10EC00000EF08AF800F08CF8044630B10146204836
:10EC10000EF082F8204602B010BD00F0E5F8044680
:10EC200010B101461B48F3E701A800F00DF90446B6
:10EC300010B101461848EBE7019918480EF06CF83E
:10EC4000174B019A9A4205D016480EF065F86FF0FE
:10EC50000404DFE714480EF05FF800F00FF90446F3
:10EC600010B101461148D3E7012000F0B9FE013090
:10EC700001D10F48E9E700F00BF9044610B1014655
:10EC80000C48C5E70C480EF047F8C3E7F042030014
:10EC90000E43030028430300464303006743030079
:10ECA0003001CADE7E430300B0430300C7430300C4
:10ECB000E9430300004403002244030030B5134B32
:10ECC000134A89B0CDE90030CDE90420012304AA1C
:10ECD000B0F5806FCDE906230546CDF808D0039343
:10ECE00011D80C4B19680C48836802AA1C6806AB43
:10ECF000A047044620B101462A4608480EF00CF809
:10ED0000204609B030BD6FF00B04F9E74C430020FA
:10ED10004C3F00204C050020E41F03003544030055
:10ED200010B520480DF0F8FF1F4812F04DFA30B929
:10ED30001E480DF0F1FF6FF01204204610BD1C4874
:10ED400012F042FA08B91B48F3E7194812F03CFAEE
:10ED50000028F8D0184B194A1A60194A194911604D
:10ED6000194A1A4813604FF480310DF013F9044624
:10ED700020B1014616480DF0CFFFDEE715480DF033
:10ED8000CBFF15484FF4B0110DF004F9044610B153
:10ED900001461248EFE712480DF0BEFF11480DF092
:10EDA000BBFFCAE759440300E41F03006F4403009C
:10EDB000801F0300914403006405002080841E002E
:10EDC0005005002000127A004C0500206825030041
:10EDD000B0440300D844030070250300F744030047
:10EDE000214503004245030010B512480DF094FF81
:10EDF00011484FF4D0110DF0CDF8044628B101466A
:10EE00000E480DF089FF204610BD02200DF0E1F8FC
:10EE100009484FF4B0110DF0BDF8044610B1014699
:10EE20000748EEE705200DF0D4F806480DF074FF12
:10EE3000E9E700BF57450300702503007145030053
:10EE400096450300BD45030038B5044670B1094A34
:10EE5000094D00230520136013712B602B71FFF700
:10EE60002DFF10B9D5F80130236038BD6FF01500C3
:10EE7000FBE700BF4C4300204C3F0020024B034AFD
:10EE80001A600020704700BF4C0500206405002078
:10EE9000024B034A1A600020704700BF4C05002057
:10EEA000500500202DE9F843054614461F468618F4
:10EEB000884641B302B133B3B6F5806F26D8DFF888
:10EEC000549032460021484612F085FF3246002118
:10EED000114812F080FF2A464146484612F053FF7F
:10EEE0002CB12246394609EB050012F04CFF0DF01B
:10EEF00083F804463046FFF7E1FE84F31188BFF340
:10EF00006F8FBDE8F8836FF01500FAE76FF00B0024
:10EF1000F7E700BF4C4300204C3F00202DE9F843A9
:10EF2000064615461F468418884659B302B14BB3AE
:10EF3000B4F5806F29D8DFF8589016482246002192
:10EF400012F049FF22460021484612F044FF414694
:10EF50003246104812F017FF0DF04EF8804620465A
:10EF6000FFF7ACFE044688F31188BFF36F8F30B90A
:10EF70002DB12A4609EB0601384612F004FF20465F
:10EF8000BDE8F8836FF01504F9E76FF00B04F6E7BE
:10EF90004C3F00204C4300202DE9F0410E46044632
:10EFA00068B307292BD808460DF035F801461548F7
:10EFB000154FDFF858800DF0AFFE06EB460304EB6B
:10EFC00083140025E8B2864208D0237883B10DF07F
:10EFD00022F86268014640460DF09EFE0135082D7C
:10EFE00004F11804EED1BDE8F04109480DF094BEDB
:10EFF0000DF011F8014638460DF08EFEEEE7BDE843
:10F00000F08100BFD6450300ED450300E545030050
:10F01000F44503002DE9F047044640B31548DFF8F6
:10F0200058A00DF079FE0025A9460135EDB227461E
:10F030002E46082E08D1082D04F1D804F4D1BDE8DD
:10F04000F0470E480DF068BE3B7E63B148460CF0B9
:10F05000E2FF804630460CF0DEFFFB690246414687
:10F0600050460DF059FE0136F6B21837E1E7BDE81B
:10F07000F08700BFF945030006460300F44503008E
:10F080002DE9F0410E46054690B189B10A4F0024A2
:10F0900057F83410284607EBC40812F062FD20B977
:10F0A000D8F804303360BDE8F0810134052CEFD18D
:10F0B0006FF01500F7E700BF7825030037B5002390
:10F0C0000D4601A90193FFF7DBFF044658B901463D
:10F0D000019A1E200DF029FA019904480DF01CFE3A
:10F0E0000DB1019B2B60204603B030BD1F460300CD
:10F0F0002DE9F04F04468DB00D460DF01BF90DF0D3
:10F1000019F9072C00F25282DFF82093DFF82083F0
:10F11000DFF820A3C84EE0B289F800000CF0E7FF4A
:10F120004FF0A042A8F80000CAF80050D2F87C17AF
:10F13000C24BC3480B4043F00303C2F87C370DF0C9
:10F14000FBF800F071FA317800295AD11E200DF039
:10F1500073F90B2105462A200DF0B6F90446B9488B
:10F160000DF0EEF9002101222F200DF0BAF93178CF
:10F1700081B91E200DF060F90B2107462A200DF001
:10F18000A3F9234600903A46AF4829460DF0C4FD46
:10F19000012333704DF6CA600DF0E0F9B8F80000B5
:10F1A0000DF0E1F9082000F01FFA44F234000DF0F0
:10F1B000B1F944F234000DF0B3F9012000F038FB4E
:10F1C000002000F0C3FB00200DF0DDFA9F4A002173
:10F1D0000F200DF0AAF90022B8F800309C48114623
:10F1E00000250CF0C2FF0595FEF7B2FE60B100F0FD
:10F1F00081FB0DF0CDFA0DF09FF800200DB0BDE8B9
:10F20000F08F00242546AAE7FFF7DCF830B100F0C4
:10F2100071FB002142200BF0FBFAE5E70DF08AFAC2
:10F2200000210F200DF008F90135C5F3090304464C
:10F230006BB9FEF78DFE20B100F05CFB0DF0A8FA73
:10F24000DBE7FFF7BFF80028E1D10DF073F8814B41
:10F250001C42E5D014F4804510D1A20006D54FF031
:10F26000005229460F200DF060F9BDE77A4A294681
:10F270000F200DF05AF90DF08BFACEE011F0BEF828
:10F28000002110200DF0D8F810F4607505D000F0C2
:10F2900031FB0DF07DFA0025A6E7704CC0F309069E
:10F2A0002A46314620460DF0A0F811F0A7F8DAF80A
:10F2B0000030002B00F09D80B8F8001020460CF0C4
:10F2C000A5FF002800F0A78064480CF06AFF0646FE
:10F2D0000CF01DFF834638B130460CF00EFFDAF813
:10F2E0000030002B00F0998008A800240DF09EF853
:10F2F0000423224608A81702C25C47EA1467013BB0
:10F3000042EA04243A46F6D211F078F853480CF059
:10F3100045FF52480CF045FF50480CF04EFF4F4857
:10F320000CF054FF4D480CF03FFFBBF1000F40F0D4
:10F33000AF804FF496634FF48032A346E3FB02B7ED
:10F340002BF4FF7244F23403454922F00102D21833
:10F350003F4B09789970310A9971B8F80010D9714A
:10F36000090A1972210AD972210C1973210E5973D5
:10F3700034219973110AD973110C120E19745A742D
:10F380000021102203F112005E719C7212F023FD25
:10F390002F4B0022194614200CF0F7FF01460028DD
:10F3A0003BD101220690142000F010F94FEA1B20F7
:10F3B00040EA07600DF0A8F911F020F811F01EF8EE
:10F3C0004FF0A0434FF00042C3F80C25012000F09D
:10F3D00065FA074611F012F8224A06990F200DF03F
:10F3E000A4F8002F00F0AB800CF0A6FF00F082FA2A
:10F3F00041E72378B8F80070412B0ED16378882B51
:10F4000040F0D780637AE02B40F0D78020460CF0A4
:10F41000C5FE874204D00C2E26D80CF08BFF3AE7AD
:10F4200020460CF0BEFE0CF06AFE4AE7E4470020DE
:10F43000323A0020F4320020E3470020F0F8FCFFCD
:10F44000280800208005002073490300F8FF2724C6
:10F45000E547002000D0052400900524094800203D
:10F4600088480020F8FF272C2378412BD5D16378DA
:10F47000882BD2D1637AE02BCFD152480CF08EFE8C
:10F480004FF6FF739842C8D14E480CF096FEC4E781
:10F490004C480CF09BFE06904A480CF085FE8346D3
:10F4A00048480CF08AFE069B024678B399F8001093
:10F4B000012088401040C0B240B34248CDE9061256
:10F4C0000CF09AFE06990729834618D80020079A5F
:10F4D00003460BEB000E0EF0070E4FF0010C0CFA7A
:10F4E0000EFC02EA0C0C5FFA8CFCBCF1000F03D09E
:10F4F000714505D00133DBB201300828E9D1FF2383
:10F500004FF47A72534303F5966314E75B457FF635
:10F5100010AF013BA3EB0B024FF47A7303FB0BF329
:10F5200003F59663C82101FB023304E70137C7F3F3
:10F53000090323B9FEF70CFD00287FF458AE002123
:10F540000F200CF079FF0306F0D5802200210F2058
:10F550000CF0EBFF0CF0F0FE059B01330593FEF77A
:10F5600049FCE0B10CF04AFF08AF834638460CF086
:10F570008CFFCDE901B7009499F8001005984FF081
:10F58000FF3332460CF0DBFCCDE901B7009499F86B
:10F59000001005984FF0FF3332460CF0D1FC0CF010
:10F5A000C9FE094A1378013313701DE64FF0FF308E
:10F5B00024E60C2E3FF65BAF2FE70C2E3FF65AAF3A
:10F5C0002BE700BF0948002088480020054B1B6836
:10F5D000DB6843EAC233034343EA81520820002137
:10F5E0000CF0A3BF8805002010B5002104460420BC
:10F5F0000CF022FF7CB1094B04F4FF7203401A4364
:10F6000042F00102064B1B681A61BDE81040002160
:10F6100004200CF08ABF034A0240F3E701FE47F0E2
:10F6200088050020FEFF47F02DE9F843067847786B
:10F630004279734B013F042E33F812800446FFB227
:10F6400000F0C080F31FD3F1000949EB03096D4DB1
:10F65000E37929680A69002B40F0B78042F4800200
:10F660004FEAD8080A61237A8B7222F440320A6189
:10F67000237A1B0403F440331A430A610420002157
:10F680000CF053FF424642F604012E200CF036FFE8
:10F6900038460CF090FF5C4B13F806805B4B07215B
:10F6A00053F828202B200CF040FF594B0B2113F866
:10F6B00008202B200CF015FF564B0B2113F80920C6
:10F6C00028200CF00EFF544B0C2153F82820282042
:10F6D0000CF02BFFE279A37903EB42034F4A02219E
:10F6E00032F8132027200CF009FF4D4B042133F88A
:10F6F000172027200CF002FFE379002B68D1642249
:10F70000062127200CF0FAFEE378464A03EB870334
:10F71000082152F8232027200CF007FF638913B932
:10F7200041F241036381DFF80081628920212720B3
:10F730000CF0E4FED8F8002008EB47080C21232049
:10F740000CF0F3FE2320B8F8042004210CF0D6FEC0
:10F75000A079002851D0E379344A2120D25C0021DD
:10F760000CF0BFFE01220320617906F00F0343EA8B
:10F77000C16361783601F6B28904334301F4402154
:10F780000B432179890501F0F8610B4343EA0053EB
:10F7900043EA424200211F200CF0C7FE6278A378A2
:10F7A0001343E279520342EA03422B680021DA60F4
:10F7B00008200CF0BAFEBDE8F843422200210D20DB
:10F7C0000CF08FBE4FF0010941E722F4800249E7B7
:10F7D000A378042B0AD11022062127200CF08EFEDC
:10F7E0001022262127200CF07CFE8DE72022062106
:10F7F00027200CF083FE2822F3E70246B4E700BF7F
:10F80000502D030088050020DA490300C8250300B5
:10F81000D4490300D2490300E0250300862D0300EC
:10F82000822D0300A0250300C0250300CF4903005B
:10F8300038B510F00105044625D0002126200CF033
:10F84000FBFD20F4705242F4A052002126200CF05F
:10F850006CFE002136200CF0EFFD002140F4040284
:10F8600036200CF062FEA30707D44FF488722821DB
:10F870003620BDE838400CF058BE074A2821362013
:10F880000CF053FEF1E7294626200CF0D5FD294661
:10F8900020F470522620ECE710010F0010F0020255
:10F8A00008B504D0124B1B6801225A75802210F053
:10F8B000010116D042F0060200210D200CF011FECD
:10F8C00003210F200CF0D5FD10F4816F01D1002031
:10F8D00008BD0D20402200210CF003FE4FF0FF3048
:10F8E000F6E742F002020D200CF0FBFDEFE700BF4F
:10F8F0008805002038B500210E200CF09DFD05463E
:10F900000CF07AFB0022114604460E200CF00DFE8E
:10F91000402200210D200CF0E4FD0A4A00210F20B6
:10F920000CF003FE0CF0F5FE2A4600210E200CF030
:10F93000FCFD20460CF068FB034B1B6800225A7547
:10F9400038BD00BFF8FF27248805002070B50321CB
:10F95000054604200CF0B8FD0E4E044695B12A462B
:10F9600000210C200CF0CAFD3268136943F080536B
:10F97000136144F01002D2B2BDE8704003210420AC
:10F980000CF0AFBD3268136923F08053136100F0AF
:10F99000EF02F1E78805002008B50CF0AAFE00226E
:10F9A00011462C200CF0AAFD002206212C200CF080
:10F9B00098FD0CF0F3FD0022032136200CF091FDA0
:10F9C00001200CF026FBF022032136200CF089FDEB
:10F9D000024B1B6800225A7508BD00BF8805002035
:10F9E0002DE9F041624D2B680027C3E90A77C3E98E
:10F9F0000C775F6104460CF030FD5E4B9842014687
:10FA000040F0B2805C480DF087F914F002064AD04D
:10FA100014F0F8086FD00422394624200CF061FD60
:10FA2000302128200CF008FDB0F1883F1FBF2A6864
:10FA3000D38A43F48053D38204F00A030A2B60D1A3
:10FA40001E200CF095FD2B68C0F30720D87214F02F
:10FA500010002F6802D006200CF08AFD386014F0E8
:10FA600020002F6802D007200CF082FD14F0400225
:10FA700078604AD008200CF07BFD2B68187214F0D7
:10FA8000800245D009200CF073FD2B685872002EBF
:10FA900067D1E2073FD50CF01AFE2A68D38A43F4F7
:10FAA0000063D38242E0FFF777FF30460CF0A9FDF8
:10FAB0000422314624200CF014FD04200CF058FDE3
:10FAC000C0B248B1022212212D200CF00AFD2A6892
:10FAD000D38A43F48053D3821E200CF049FD2B6857
:10FAE00010F01F0FC0F3072208BF1020DA72C0B257
:10FAF0000CF05BFEABE740460CF083FD0422414670
:10FB00008BE72B680022DA72A1E72B681A72B6E73E
:10FB10002B685A72BBE7052136200CF0AAFC20F4B2
:10FB2000007292B2052136200CF0E8FC01200CF0A6
:10FB300068FD00220A212C200CF0D3FC00210420B7
:10FB40002C680CF079FC20612C68638A03F00303B5
:10FB5000A372002108200CF06FFCE0600020BDE8DB
:10FB6000F0816307E2D498E74FF0FF30F7E700BF7A
:10FB7000880500203001CADEBE490300014B1B6826
:10FB8000184700BF8C050020014B1860704700BF6C
:10FB90008C05002030B585B004460D4610220021AA
:10FBA000684612F018F902238DF802302A46044BF9
:10FBB0000193214668460BF09FFC05B030BD00BFA5
:10FBC0007DFB010080B505460E46174698460AF0B3
:10FBD0003DFE034612F064F9DFF81890044649F838
:10FBE0000030424630463946A84754F8090000F034
:10FBF00009FC00BF0800000008B50446EFF31183BC
:10FC0000402383F31288BFF36F8F07F015FE204661
:10FC100000F0A2FB02480DF07FF80DF000FDFCE7BC
:10FC2000E24903002DE9F047058B0446280790467A
:10FC300011D4022905F0070540F0CC8020460DF0D4
:10FC400085F878B10138218B042811D8DFE800F05D
:10FC5000C2106D85950001290CBF45F0100545F0D7
:10FC60002005258388F31188BFF36F8FBDE8F087E7
:10FC700001F0070AAA4500F0A5800027B9463E46D4
:10FC8000A368002B00F0BC8041F00801218388F3B9
:10FC90001188BFF36F8FA168002900F0BA800D684A
:10FCA000002900F0B680D1F8048033465246204641
:10FCB000C047002D76D02B6829461D46F0E701F09D
:10FCC00007035A1F012A1BD8002221F00701062B27
:10FCD000276889B2C4E9002209D13B4603E0628B60
:10FCE000013262831B68002BF9D141F002012183AC
:10FCF00020460DF02BF800287AD041F0200176E064
:10FD0000042B0AD121F0070189B2218320460DF08E
:10FD10001DF810B141F020012183218B01F0070A69
:10FD2000AA454FD00027B946AAE7236921F0070169
:10FD300041F00601062DD3F8009021832DD1B9F1B1
:10FD4000000F3FD041F00801218388F31188BFF3F1
:10FD50006F8F3A492046C84729E021F007012369FF
:10FD600041F0040189B2042DD3F804902183E6D038
:10FD700000273E464FF0040A82E721F0070123697D
:10FD800041F0050189B2052DD3F808902183D6D022
:10FD900000273E464FF0050A72E700273E464FF027
:10FDA000060A6DE72B4687E7B9F1000FD1D1EFF3D3
:10FDB0001188402383F31288BFF36F8F238B23F0C6
:10FDC00008032383258BEA062ED525F01003238311
:10FDD00005F007056669218B002EBFF670AF002382
:10FDE0002768C4E9003321F0070141F001012183B4
:10FDF000218B01F0070AAA454FF000097FF440AFBC
:10FE0000002F9CD041F00801218388F31188BFF3B3
:10FE10006F8F002FC8D03D68394633465246204682
:10FE20000CF0C0FF2F46F4E7AB067FF51BAF25F0C3
:10FE30002003238305F0070500E700BFD1CD0200B2
:10FE4000014B036000207047F825030070B5114B8B
:10FE50001C680D46DCB1104B196800238B4202DB95
:10FE60006FF0010070BD224612F8106B864202D07E
:10FE700001331446F2E7E06810B96FF01200F1E7C1
:10FE800011F0A2F90028F8D02C600020EAE76FF00A
:10FE90000C00E7E790050020F82503002DE9F34763
:10FEA0000D46DDE90A7891461E46044620B96FF0FA
:10FEB0000D0002B0BDE8F0870029F8D0002AF6D086
:10FEC0000093002301938B680846DB68984702681B
:10FED000B6FBF2F302FB136382462262002BE6D1EB
:10FEE0006A461349284610F0DDF8019A002ADED050
:10FEF00007EB08039A42DAD3216AB7FBF1F301FB5F
:10FF00001373002BD3D1C4E90096E5602361A3608D
:10FF10006761B8F1000F01D1A2EB07080C9BC4F890
:10FF20001880E3619AF8053084F824300020C0E797
:10FF3000E7CF020008B504480CF0EEFEBDE808402B
:10FF400002480CF0E9BE00BF0B4A0300404A030020
:10FF50000449431E0F3013F8012F8A5C1A70834244
:10FF6000F9D170476E4A0300F0B5264E07460C469D
:10FF70000FCE8DB001AD0FC50FCE0FC596E80700AF
:10FF800085E807003846002F38D0002C38D0381FBD
:10FF90002146024610344B780D781B0443EA056372
:10FFA000CD782B438D78043143EA05238C4242F807
:10FFB000043FF0D1144C04218A07036916D1C3F31E
:10FFC0000742A55C1A0EA25C42EA0562C3F307254C
:10FFD000DBB2655DE35C42EA054242EA032221F0BE
:10FFE000030330336B4453F82C3C534050F8042F38
:10FFF000013153402C290361DED101200DB0F0BD49
:020000040002F8
:100000002046FBE7E02103006E4A030030BFFFF704
:10001000FDBF00BF2DE9F0410B4EDFF8308006EB4D
:100020000807CC1B054632460949204611F0ABFEB5
:10003000A01942460021083C11F0CDFEC5F89440BD
:1000400007F10800BDE8F081000000000800000092
:10005000E0210300074A936893F90E10002907DB9B
:10006000526993421FBF044A536843F08053536060
:10007000704700BFF839002000ED00E0134B9A6A8A
:1000800012F0007F9A6A14BF1E201D2012F0807F9C
:100090009A6A18BF1F2012F4002F9A6A18BF2120F5
:1000A00012F4802F9A6A18BF222012F4003F9A6A35
:1000B00018BF232012F4803F9A6A6FEA02426FEA67
:1000C00012429A6218BF2420704700BF00ED00E082
:1000D00010B5194B0246986A9C6A10F4805F14BFF1
:1000E0001720162014F4006F9C6A18BF1820A4056E
:1000F00009D5986B986A000404D51AB19A6A22F45B
:1001000000429A6219200C4B9A6A12F4806F9A6A24
:1001100018BF1A20D2050CD49B6A13F4005F18BFD5
:100120001C20054A936A43F47F43936200230B70BB
:1001300010BD1B20F5E700BF00ED00E010B51C4B23
:100140000246986A9C6A10F0100F14BF112010200C
:1001500014F0080F9C6A18BF1220A40709D5586B29
:10016000986A000604D51AB19A6A22F080029A624F
:1001700013200F4B9A6A12F0010F9A6A18BF1420CD
:1001800012F0200F9A6A18BF1520D40658BF9B6A38
:10019000074B9A6A920642BF5A6A22F400525A6288
:1001A0009A6A42F0FF029A6200230B7010BD00BFF2
:1001B00000ED00E0F0B5474B5B688BB00446C3F33D
:1001C0000803002585F31188BFF36F8F02F07F408D
:1001D000B0F17F4F11D102F00C0008280DD01007AC
:1001E0004CBF0C4601250022033B8DF80720032B52
:1001F00005D8DFE803F02462665F2C46F3E70023AE
:100200009DF80720CAB902AE04F120072068616892
:10021000324603C20834BC421646F7D1099A002D73
:1002200053D0C2F3080121B96FEA52226FEA422289
:10023000099202A918460DF0D6F90BB0F0BD254B76
:10024000DA6A9107DBD4DA6A002AD8DBDA6A52006C
:10025000D5D55A69A16942F480725A61BFF34F8FB4
:10026000BFF36F8F5A6931F8021C22F480725A6111
:10027000BFF34F8FBFF36F8F4DF60272914209D0DB
:100280009A6AD2B242B10DF107010120FFF756FF81
:100290000346B5E72368B3E79A6A12F47F4F05D0A7
:1002A0000DF107010120FFF713FFF1E79B6AB3F59A
:1002B000803FA4D3FFF7E2FEEAE70DF1070100203B
:1002C000E4E70DF107010020EDE722F4FF7222F0D0
:1002D0000102ADE700ED00E0044B5A6942F0100264
:1002E0005A615A6922F008025A61704700ED00E035
:1002F000EFF30880EFF3098101B57246FFF75AFF6B
:1003000001BD00BF002080F31488BFF36F8F08F099
:100310005FFB00200D490860BFF34F8F0C4880F34E
:10032000088800F03DF8402080F3118809484FF418
:100330000061401880F30988EFF31480022108431C
:1003400080F31488BFF36F8F00F022F994ED00E082
:1003500070840020306F0020BFF34F8F0549064B9B
:10036000CA6802F4E0621343CB60BFF34F8F00BF53
:10037000FDE700BF00ED00E00400FA050749D1F8F1
:1003800090200023C2F307221846934200DB7047F7
:10039000C1F89830C1F8A0000133F6E700ED00E0A5
:1003A00008B572B6002383F31388FFF7E7FF144BF9
:1003B0004FF0FF32C3F88020C3F88420C3F88820B0
:1003C000C3F88C20C3F89020C3F89420C3F8982079
:1003D000C3F89C20C3F88021C3F88421C3F8882186
:1003E000C3F88C21C3F89021C3F89421C3F8982155
:1003F000C3F89C2162B6BFF34F8FBFF36F8F08BD68
:1004000000E100E0084B9B6883420BD1EFF30583CA
:1004100043B1064B5A6842F080525A605A6A22F43D
:1004200000425A6211F06EBAF839002000ED00E087
:100430000A4A93686FF00A01C3F89C100849C3F890
:1004400098004B6843F080534B60002383F311887E
:10045000BFF36F8F9368D3F89C007047F839002082
:1004600000ED00E0EFF31183402383F31288BFF324
:100470006F8F0A4A53699360094A4FF000615160D7
:10048000084AD3F8941011600021D3F89820C3F8DB
:10049000981082F31188BFF36F8F7047F8390020EE
:1004A00000ED00E0303300200B498A684FF0300047
:1004B0001044EFF3098C80E8F01F74467046FFF794
:1004C000D1FFA64604498A6802F1300090E8F01F87
:1004D0008CF3098870470000F83900201EF0040FE3
:1004E0000CBFEFF30880EFF30980816911F8021C5B
:1004F0000229FFD001B50DF07CF801BD40B2002803
:1005000007DB044A4109012300F01F00834042F841
:100510002130704700E100E040B200280CDB4309C5
:10052000064900F01F0020330122824041F82320B9
:10053000BFF34F8FBFF36F8F704700BF00E100E044
:10054000054B420900F01F0053F82220012303FA53
:1005500000F01040704700BF00E100E040B2D30758
:1005600054BF023100210028ACBF00F16040074AAF
:100570004FEA4113ACBF00F5614000F00F00DBB261
:10058000B4BF135480F80033704700BF14ED00E08F
:100590000B4A08B50B4B22F07F029A60BFF34F8FD6
:1005A000BFF36F8FD3F8882022F47002C3F888203D
:1005B00009F0A0F90AF0E8F900F04AF809F0DEF9CC
:1005C00000C2000000ED00E042F8203C009B42F831
:1005D0001C3C0A49019B42F8183C029B42F8143C1F
:1005E00021F001014FF0807342F8043C42F8081CEE
:1005F0000023203A0265C0F898307047C5FB01001F
:1006000000B50C4B98600C4B0E46D0F89410196056
:1006100015462C4686F309884FF00000074B984793
:1006200020464FF000014FF000024FF00003044C51
:10063000204700BFF83900203033002011D60200D7
:10064000C5FB0100014B10221A61704700ED00E06C
:10065000044800234021C2180133272B82F80013DD
:10066000F9D1704700E100E008B5EFF30583064AD1
:10067000103B02EBC30152F8330049688847BDE8DC
:100680000840FFF7E7BC00BF20200300024B034AED
:100690000348012100F066B800000120000000209E
:1006A0008C260300084AC2F898000B6823F01F0349
:1006B000034343F01003C2F89C308B6843F00103FE
:1006C000C2F8A030704700BF00ED00E02DE9F04314
:1006D000DFF8608085B00E461F4604464FF00009E3
:1006E000B14523DA6068D8B13FB1411E08421BD141
:1006F0001F2819D92368194216D1236801930CF0D9
:10070000AAFFA36803430393D8F89050C5F30725C5
:10071000D0B2013DA84207D801A9FFF7C3FF421C90
:1007200009F101090C34DBE76FF01502104605B042
:10073000BDE8F08300ED00E0044B0522C3F89420EF
:10074000BFF34F8FBFF36F8F704700BF00ED00E026
:10075000BFF35F8F024B0022C3F89420704700BFA5
:1007600000ED00E010B5034C01232278FFF7AEFF47
:10077000207010BD894800202DE9F043534B544CA4
:10078000D3F890302568C3F307239D4285B000F26B
:100790009A80FFF7DDFF00200C2685421AD14D4CD0
:1007A0004D4F25706846FFF74BFBDFF82081DFF8DF
:1007B0002C9106460025AE4213D1237843490020F0
:1007C000D1F89020C2F30722934276DBFFF7B4FF03
:1007D000002042E0616806FB0011FFF763FF013073
:1007E000DBE7009800EB05114FEA051CCB683B40A6
:1007F000B3F5000F48D00AD8B3F5001F30D0B3F5D9
:10080000800F36D0B3F5801F10D00135D3E7B3F198
:10081000807F42D0B3F1007FF7D150F80C30886868
:100820004A680CF018FF40F4802009E050F80C30C2
:1008300088684A680CF00FFF40F0885040F4302080
:10084000CDE901230390D8F890302078C3F3072333
:10085000013B98422AD96FF0150005B0BDE8F0833E
:1008600050F80C3088684A680CF0F5FE40EA090040
:10087000E6E750F80C3088684A680CF0ECFE40F06F
:10088000007040F40030DBE750F80C3088684A68AC
:100890000CF0E1FE40F08270D2E750F80C3088682E
:1008A0004A680CF0D8FE40F08870C9E701A9FFF74C
:1008B000F9FE237801332370A7E7C1F89830C1F817
:1008C000A00001337CE74FF0FF30C6E700ED00E009
:1008D00098260300894800200000F0FF000008115E
:1008E00008B5024B1B689847002008BD3433002030
:1008F000034B044A1860937843F0020393707047E7
:10090000343300209405002008B50649064821F03C
:100910000701C1F1005202F580320CF0A3F900206A
:1009200008BD00BF27DE00203833002070B54169C4
:10093000867A0B4D044659B1437ADB0706D42C2343
:1009400003FB06535B6A1B689B689847002363613F
:100950002C20214606FB0050BDE8704010F0AFBDD2
:1009600074090020024B2C2202FB0030704700BFAC
:1009700074090020827A064B2C2101FB02339A6A0B
:100980001B7F1B33801A23F00303B0FBF3F0704787
:100990007409002038B5074B827A2C2404FB0233FB
:1009A0005B6AD3E901240C601568FFF7E3FF04FBE1
:1009B000005038BD740900202DE9F04F85B0054680
:1009C0006846039191461C4690469A4610F0FAFFFD
:1009D000DDE90067EFF3118B402383F31288BFF347
:1009E0006F8F698B002942D02B8B8B4226D9002236
:1009F0000023284609F038F90446F8B18BF3118832
:100A0000BFF36F8F039B002B4FD032463B466846A7
:100A100010F0FCFFA27A2D4B2C2101FB0233204663
:100A20005B6A1B6803A91D68DDE90023A8476061B4
:100A300000283BD12046FFF779FF31E0698B4B1E40
:100A40006B838BF31188BFF36F8F2B7F2A8BAC6A7C
:100A50001B3323F00303521A02FB03441B4B1C4AB3
:100A6000EB1A9B105343A3722B7FE372CAE78BF3FD
:100A70001188BFF36F8F54EA090409D011F010FAFE
:100A8000144A154B12589A420ABF8846C846C246B5
:100A900042465346284609F0E7F804460028B1D1FB
:100AA0000024204605B0BDE8F08F636101230025D6
:100AB0002381039B6382E27A6560294604F1180072
:100AC00011F089F963692582E360EAE7740900207F
:100AD000A38B2EBA08000000D829002070B50C4C5A
:100AE0002C2500B970BD037A4668013BDBB2037266
:100AF000002BF7D1C3604360837A05FB03431B6A75
:100B000013B198473046ECE7FFF710FFFAE700BF54
:100B100074090020044A0123C2F840354FF0804296
:100B20000020C2F87835704700E0014020B1034B47
:100B3000800143F001031847704700BF0024030001
:100B400038B5064C064DAC4201D3002038BD54F8F0
:100B5000043B002BF7D09847F5E700BFD4210300F2
:100B6000E0210300084B0246186808B1036800B989
:100B7000704741899142FBD01BB1196818460B465A
:100B8000F5E71946FAE700BF4C3300200A4B1B6813
:100B90001BB11A681BB9184670471A46FAE75989FB
:100BA000814206D01AB1116813460A46F2E711468F
:100BB000FAE7D868704700BF4C3300200023036079
:100BC000044B5A6812B9C3E90000704710605860BE
:100BD000704700BF4C33002000230360044B5A6869
:100BE00012B9C3E90000704710605860704700BF39
:100BF000443300202DE9F04F89B01E46DDF84880CF
:100C0000049100211960284BA8F800101B688DF88A
:100C10001910054617464FEA104B002B42D01C68AE
:100C200089464FF6FF7A1BB9084609B0BDE8F08F38
:100C30009A68524506D0BBEB124F27D125EA020233
:100C400092B21ABB32680792B8F80020ADF81A20A9
:100C5000049A01920DF11902009202975B680591C6
:100C60009C4607AA0DF11A032846E047059948B1AA
:100C7000B9F1000F06D1079B336002280BD0014663
:100C80004FF001099DF81930002BCDD144B12268F5
:100C900023461446C7E7BDF81A30A8F80030EEE73F
:100CA0002246F5E71946BFE74433002070B50446F5
:100CB0000E4615468AB3A0F84810A0F84A201849F5
:100CC000032210F030FA18B9002000F0010070BDC6
:100CD0000221204610F042FA0028F5D011490522E1
:100CE000204610F020FA0028EED03146204610F0C1
:100CF00008FA0028E8D00C490222204610F013FA26
:100D00000028E1D02946204610F0FBF90028DBD06E
:100D10000221204610F02AFAD7E70120D7E700BFCA
:100D20007D4B0300814B0300874B03002DE9F04FFF
:100D3000002395B0CDE90E33994601F10C03054629
:100D40000E460893348A44B9296830460CF055FFA2
:100D5000296800200CF051FF82E0072C40F27081DE
:100D6000F268106851680EAB03C3BDF83A30BDF8A5
:100D70003CA008985BBA9AB29AFA9AFA08210692AD
:100D8000ADF83A30ADF83CA00CF0FFFC338A069A7F
:100D900093421FFA8AF7C0F055819DF838300593C9
:100DA00013F0050440F05381296830460CF011FF20
:100DB0008046002800F04D81686840F8046B338A53
:100DC000CDE9014401220092F268042110F006F9F5
:100DD000A86841460CF02CFD9DF83830D5F808B0D5
:100DE000C3F3C103012BCBF84C4000F227813846F6
:100DF000FFF7B8FE002837D10824D5F80C90B4F1DD
:100E0000080718BF0127A86841460CF011FDD5F866
:100E100008B00BF1040A0221504610F09FF9002897
:100E200040F0C6800221504610F0A0F929683046F3
:100E30000CF0E3FE296840460CF0DFFE87B1BDF8F8
:100E40003C30ADF840309DF83F308DF842300BAB70
:100E50000093834811940CAB082210A9FFF7CAFE37
:100E6000204615B0BDE8F08F9DF83F7039460CF074
:100E7000B0FC0028C0D09DF83820C2F3020312F065
:100E8000070203D0022A11D00324B6E70468A86839
:100E90000993002CB0D00F21043010F05FF900222C
:100EA000099BEA60079018B90724A6E74468EEE7B3
:100EB0008DF84C300DF12E03009308220DAB12A9D2
:100EC0004FF00110ADF848A08DF84A70FFF792FE80
:100ED00040B30128AB680D9C27D0BDF82E10181D1B
:100EE000A2B2FFF7E3FEAB680F21B8B1181D10F0F6
:100EF0003DF90028D8D0BBF84E40002C43D0059BCC
:100F000013F0180F3FD1BBF84C00FFF73FFE03462C
:100F1000C0B9D5F80C900124012774E7181D10F012
:100F200025F9C1E72846A0470446A8680F210430E8
:100F300010F01CF918B9002C7FF45FAFB4E7002C57
:100F4000D9D05AE720469847D5F80C900446002897
:100F50007FF455AF2B6840469B6A984704460028AB
:100F600079D1069908980CF010FC0BAB009308227D
:100F70000CAB10A93A48ADF840A08DF8427011941E
:100F8000FFF738FEDEE6DBE90042E368A2EB030B85
:100F900012A9ABF108020EA80CF02BFCA4F810B0BB
:100FA000AB681B68DA680B4603CB10605160D1E771
:100FB0002C490222504610F0B6F800283FF432AF18
:100FC0002146504610F093F800283FF42BAFB9F1BA
:100FD000000F10D024490322504610F0A4F8002836
:100FE0003FF420AF4FF480724946504610F0A4F809
:100FF00000283FF417AF0221504610F0B7F8002840
:101000003FF414AFDBE900A3DAF80C20A3EB0209EC
:1010100012A9A9F108020EA80CF0EBFBAAF8109097
:10102000AB681B68DA680B4603CB106051602B6815
:1010300040469B6A98474FF00008F7E60D246BE79F
:10104000092481E609240027B0460026DBE60824AF
:10105000F9E70224F7E7079F002F3FF475AEF3E7A7
:1010600004000100874B03008A4B030070B50C4657
:1010700015461E4648B1094833462A4621460CF01B
:1010800041F8002818BF0C2070BD054B03481978A3
:101090000CF04AF80028EED00A20F5E7543300207F
:1010A000803500207FB50C46002843D1234B69468C
:1010B0001878FEF7CBFE00283ED100980BF08AFF8F
:1010C0000646002832D0009B5B68013B191901AA33
:1010D0000EF0E4FF014658BBDDE90005029B1D440C
:1010E0004368ED1A2A460BF05BFF044630B10D242D
:1010F00000980BF012FF204604B070BD009B98686A
:101100000EF0C6FEA842F3D3009B5968014401AA21
:1011100030460EF0C3FF0098019943688268C91AEF
:10112000521A0BF03DFF0028E2D0E0E71224DFE77F
:101130001324DDE71424DEE70A24DCE780350020F1
:10114000F0B506460D4685B018220021284610F05D
:1011500042FE7368581C06D1584B1B686B611424FF
:10116000204605B0F0BD002B40F0938032691F2A65
:1011700004D8524B1B686B611624F1E7B268511C0E
:1011800004D14E4B1B686B611524E9E7C5E90023C8
:10119000F7684B4B3A689A4204D04A4B1B686B6124
:1011A0001724DDE7B269202A6FD86AB14648036880
:1011B000013309D0037B9A4206D171690D3010F0DA
:1011C000C0FC04460028CBD000200CF097FC18B9D6
:1011D0000CF0F5FB002810DA01200CF08FFC20B990
:1011E00001200CF0ECFB002807DA4FF0FF33EB6036
:1011F000364B1B686B610924B2E7E8606946C0B2F0
:10120000FEF724FE20B1324B1B686B610A24A7E76E
:101210000098B26883689A4206D92E4B1B686B61AE
:101220000BF07BFE1E249BE70BF077FE337F7BB138
:1012300002A80CF09FFC50BB07F1140102A80CF0AF
:10124000C6FB002804DB244B1B686B611B2487E76B
:10125000287B01A9FEF7FAFD60B10A24B4FA84F4F0
:1012600064096C743369AB6001232B7400236B61D8
:10127000002475E701980CF071FB044601980BF00F
:101280004CFE002CFFF66CAFE8E7182468E71A2440
:1012900066E70D4A13689168EB60002329606B6074
:1012A000736852689342E3D1326913449942D9D2A8
:1012B0000A4B1B686B611F2452E700BFD405002056
:1012C0003DB8F396D005002080350020CC050020E5
:1012D000C8050020B8050020BC050020B40500208A
:1012E000F0B595B00F4620230293044615466B4691
:1012F0000CAA03A93846019200F068FA06460028B5
:1013000040F08E8004340F2120460FF027FF10B9E3
:10131000002015B0F0BD4349042220460FF003FF22
:101320000028F5D007F0010120460FF0EAFE002862
:10133000EED03D49072220460FF0F5FE0028E7D009
:1013400005A903A800F0E8F9002861DA3749052269
:1013500020460FF0E8FE0028DAD035490422204666
:101360000FF0E1FE0028D3D001A920460FF0D5FEF2
:101370000028CDD02F49082220460FF0D4FE0028A7
:10138000C6D0009981F01001C1F3001120460FF082
:1013900001FF0028BCD02849072220460FF0C3FED9
:1013A0000028B5D0C5F3400120460FF0F3FE002819
:1013B000AED02249092220460FF0B5FE0028A7D062
:1013C000C5F3800120460FF0E5FE0028A0D01C499F
:1013D000062220460FF0A7FE002899D005F0010153
:1013E00020460FF0D7FE002892D016490922204649
:1013F0000FF099FE00288BD0C5F3C00120460FF0F6
:10140000C9FE002884D00F2120460FF0AFFE80E7F0
:10141000192205A920468DF82C600FF08DFE9AE761
:10142000012076E7974C03008E4B0300964B030098
:101430009C4B0300A14B0300AA4B0300B24B0300DB
:10144000BC4B0300C34B03002DE9F74386683449C6
:1014500004360746062230460FF065FE38B90CF018
:1014600069FB0CF068FB072003B0BDE8F0830221A4
:1014700030460FF06FFE04460CF05CFB002CF0D001
:1014800000240DF1070120468DF807400CF017FBF2
:10149000804620460CF050FB9DF80730022B054695
:1014A00080F001092AD180454FF001082CD14D452B
:1014B000B8682CDA42462946FFF712FF0028D0D040
:1014C00022464946B868FFF70BFF0028C9D0022121
:1014D00030460FF047FE0028C3D012490B22304699
:1014E0000FF021FE0028BCD0002130460FF0FFFD98
:1014F0000028B6D00CF01FFB0020B5E780454FF068
:101500000508D4D0022BD2D8074AD456CFE72246BA
:101510004946FFF7E5FE0028A3D042462946D1E719
:10152000CD4B0300D44B0300E84B03002DE9F04101
:101530004FEA600886B0044640460F460CF0FCFABD
:10154000002306460DF10D0140468DF80D300CF0DC
:10155000B6FA054607B30CF0F1FA804508D19DF8BC
:101560000D30012B26D11C25284606B0BDE8F081A0
:10157000A6424FD09DF80D30012BF4D0002B4DD05A
:10158000022B4BD020460CF01AFA04A9C0B2FEF789
:101590005DFCB8B10A25E7E7A6423DD09DF80D30C5
:1015A000012B03D063B1022BDDD0EBE7A042DAD1EF
:1015B0000025D9E7002BE3D1A542F9D0A642F3E7F5
:1015C000A042F1E7331B5942594104983A460FF0C3
:1015D000BDF880B904980BF0A0FCA642E8D1002F1A
:1015E000E6D00DF10E0300220093114605AB0D4825
:1015F000FFF700FBDCE7431E032B049803D90BF035
:101600008CFC0125B0E7084AD5560BF086FC002D6E
:10161000AAD1E2E72025A7E72125A5E7A542B1D178
:10162000C6E700BF10000300EB4B0300F0B597B016
:1016300035490C9104210D91344902AACDE90E12CD
:10164000334A119205460722D0E901041292314A29
:10165000139200230DF10302CDE902338DF803301C
:1016600001938DF8403014928DF85430022201AB72
:101670000CA904300CF0F6F8002841D10CF05AFA0D
:10168000039B04346BB99DF8033063B10CF056FA38
:101690000CF052FA9DF80310FFF748FF18B382B21E
:1016A00002E0202B0AD0182220460121FFF7FEFA83
:1016B00004460CF040FA2CB300241BE0029B04AA61
:1016C00003F1200C174618685968164603C60833FC
:1016D00063453246F7D1002138460CF031FA002834
:1016E000D8DA0822E0E72846FFF7AEFE044620B12C
:1016F0000CF021FA204617B0F0BD0CF01CFADBE725
:101700000324F7E70724F5E79C4B0300B90D03001A
:10171000E04B0300650E030073B5438801934378E3
:1017200000930E4603780C4A05461921304609F00D
:1017300031FE041E03DA4FF0FF3002B070BD6B685B
:101740003BB1064AC4F11901301909F023FE031E0A
:10175000F1DBE018F1E700BFEF4B0300FB4B0300A8
:10176000033880B219289ABF014B185601207047E0
:101770001A4C030008B5054B2C220021184610F026
:101780002AFB4FF0FF3240F8042C08BD84350020BE
:101790000148FFF713BA00BFA405002010B5041DCF
:1017A0000849032220460FF0BEFC08B9072010BDEF
:1017B000054B204659680FF0AEFC0028F6D00020FB
:1017C000F5E700BF91370300803500202DE9F04395
:1017D0008BB00C460DF10301054616461F460CF072
:1017E00054F90146002840F08D80202302AA2846A3
:1017F0000CF02AF9002850D19DF80380DFF81091F1
:10180000B4BB0298484540D10FB1069B3B60059B95
:10181000BDF810401C4404230DEB0302214628466A
:101820000CF012F940B9BDF8042046F608139A42AC
:1018300004BFBDF80630E41804230DEB0302214673
:1018400028460CF001F958BBBDF8042046F60713F2
:101850009A4225D1BDF8067004342744814604F12C
:101860000408B8451ED989F001094FEAC90014E0FF
:1018700008224146204610F0AEFA0298484504D1AD
:1018800007AB03CB20606160BEE74FF0013303FB81
:1018900008F8404514BF172003200BB0BDE8F083C3
:1018A0000420FAE704230DEB0302214628460CF03E
:1018B000CBF80028F1D1BDF80420BDF80630FF2A8E
:1018C00005D14FF6FF72934205D10520E5E7102AB6
:1018D00001D1202B04D0043303EB04084446BEE7B7
:1018E000B9F1000F10D116B94FF00109F6E7243411
:1018F000BC420BD83246414628460CF0A5F80028D9
:10190000F2D0CAE70220C8E70620C6E70720C4E7EE
:101910003DB8F39670B58EB0204A0992D0E9010522
:1019200004220A921E4A0B920023012604AACDE942
:1019300004630C928DF83430324605AB09A90430AB
:101940000BF090FF044630BB0346024607A90498FB
:101950000435FFF73BFF58B904980CF0CFF838B1C5
:10196000092201212846FFF7A1F920460EB070BDDB
:1019700004980CF043F80646FFF7FCFE002EF4D066
:1019800000220DF10E0300931146064806ABFFF747
:1019900031F9B2B2E5E70324E7E700BF974C030053
:1019A000AF0D0300020003002DE9F047BCB0002496
:1019B0000DF13808D0E9015920222146074640465A
:1019C000049410F008FA4FF0FF33CDE90F33894B40
:1019D0001E9305231F93884B8DF88840CDE920384E
:1019E000864B239304232493854B259311AA349388
:1019F00013AB26923593834A834B28923793834ABD
:101A00002A92072310A92F9238930FAA804B2B916B
:101A100030928049804A399315AB032604353A93B6
:101A20004FF00113CDE92D16CDE9322628468DF869
:101A30009C4029968DF8B0408DF8C4408DF8D84070
:101A40008DF8EC400622CDE906341EA904AB0BF05C
:101A500009FF0D940546002840F0CA8008A94046B9
:101A6000FFF76EFB09F10409044698B10DF10E036E
:101A700000936A4805AB2A462946FFF7BBF80D9B41
:101A8000FB60A2B201214846FFF710F9A846C14603
:101A9000804678E09DF83080B8F1000F07D1B86833
:101AA000FFF77CFE054628463CB0BDE8F0875C4E5B
:101AB0000B9B3360089BB3600F9B0DF10E0A33BB89
:101AC00005AB75602A4629465648CDF800A0FFF7B9
:101AD00091F8149C13990795224606F10D00347372
:101AE00010F051F904F10D00C4F1200229463044F0
:101AF00010F071F99DF831305BB110992846FFF76D
:101B0000D1FA044628B1484B1B680D93B9E701236D
:101B10000793129AD6E90113B2B98B4265D04FF000
:101B200000094248CDF800A005AB082206A9FFF73E
:101B300061F8B868FFF732FEB9F1000F3BD1B8F198
:101B4000000F08BF0725AEE70A44D21A534253419B
:101B500011990A9A0F98FFF789FA044670BB7368C7
:101B60000A9A1344B2687360934232D1024605ABBD
:101B70000146CDF800A02E48FFF73CF8D6E9012336
:101B80009A42C146CDD10023194616AA01200DF173
:101B90000E06FFF71BFE2548009605AB082206A996
:101BA000FFF728F8002CC4D000221C48009605AB93
:101BB0001146FFF71FF8FFF7DDFDC0E7022307938B
:101BC0001C4B82B21B680D9301214846FFF76EF84B
:101BD0005DE7024605AB0146CDF800A01648FFF7C9
:101BE00009F8D6E901329A4298E70024A146CAE7EB
:101BF000354658E7FF4B0300AF0D0300054C0300CB
:101C0000B90D03000A4C0300124C0300B50D03008C
:101C1000650E0300913703000E4C03000200030021
:101C20008035002004000300C405002002000100EC
:101C300008000300C0050020200003000148FEF753
:101C4000BDBF00BFD805002070B588B005218468ED
:101C5000049140682449254E0396002301AACDE94A
:101C60000512CDE901338DF81C3001226B4603A922
:101C700004300BF0F7FD0434054690BB009B7BB9A4
:101C80001B490A2220460FF04EFA28B119490722B3
:101C900020460FF048FA00B90725284608B070BD65
:101CA0003246012103A80BF034FEA0B1029E042E9F
:101CB00011D10199104832460FF043FF58B90E492F
:101CC000324620460FF02FFA0028E5D003212046A7
:101CD0000FF00DFADFE7032200212046FEF7E6FFB2
:101CE000D9E70325D9E700BFBF0D0300C74C0300A8
:101CF000CD4C0300D84C0300E04C030008B54FF472
:101D000000520023024808F037FA002008BD00BF47
:101D100008030020F0B589B0D0E90145134A0392C9
:101D2000134A0023012701AECDE90133CDE9052691
:101D30008DF81C30201D6B463A4603A904970BF022
:101D400091FD044678B904350A493A4628460FF011
:101D5000EAF920B1314628460FF0E2F900B907242C
:101D6000204609B0F0BD0324FAE700BF673903003D
:101D7000BF0D0300D64C030013B5084C20460FF0EE
:101D800094FC074B00932046064903234FF440621E
:101D900008F08AF9002002B010BD00BF70180020C2
:101DA0004C270300F05300200248002200230BF0D0
:101DB0006DBC00BF7C0A002010B5836A04465BB18D
:101DC0000BF028FF064920460FF00AFC04F1100032
:101DD0000FF05EFB002010BD6FF01500FBE700BFA9
:101DE0009DDB020010B5044610300FF05DFB21466C
:101DF0000248BDE810400FF01EBC00BF7018002064
:101E0000F0B5836B87B004460E4603B30FF0F1FBC9
:101E100010F0050F02D020460FF038FC68460FF096
:101E200037FB04F1100700220023384607F01CFF9F
:101E3000054670B900220023684607F015FF0146E9
:101E4000A8B923691BB10C4821460FF0F4FB07B079
:101E5000F0BDA36B3146984720B9214628460BF0C8
:101E6000CCFEE0E7294668460FF01EFBDBE738466C
:101E70000FF01AFBDEE700BF70180020034B1A6852
:101E800082420CBF18460020704700BF3019002066
:101E900038B50146FFF7F2FF04460C48FFF7B0FFE4
:101EA0009CB12046002584F8695040F8085B0FF08B
:101EB0000EFC04F138000FF00AFC84F8685004F1BD
:101EC0006C00BDE8384007F001BF38BDB0350020D8
:101ED0002DE9F743074616461D46FFF7CFFF81461B
:101EE00020B96FF0100003B0BDE8F08326480BF076
:101EF00096FE314604462A4623480BF098FE10F120
:101F00000C0F0646EDD000280CDA1F480BF0ECFE53
:101F100010B10023036003711B480BF0D7FE6FF074
:101F20001200E0E7002C28DA17480BF0DDFE8046AF
:101F30003846FFF7A3FF0446C8B190F86830D907C8
:101F40000ED4124A4FF4281369463846CDE90023CF
:101F50000BF0EEFE94F8683043F0010384F868302B
:101F60004FF42032002304F1080008F039F9C8F8D2
:101F7000007099F8693088F804301EB9024831467B
:101F80000BF08CFE2846AEE7B035002006000900B5
:101F90001FB590F830200B4912F0010F03460BD00B
:101FA000086849686A4603C2694653F8380C0BF062
:101FB000BFFE05B05DF804FB8868C96802AA03C2C9
:101FC00002A9F2E7E423030013B5094A0446D168E5
:101FD00090686B4603C354F8080C69460BF0A8FEE2
:101FE00094F8603023F0010384F8603002B010BD33
:101FF000E423030010B509480C460BF010FE00283E
:102000000ADB4CB905480BF06FFE04600471BDE8B3
:10201000104002480BF05ABE10BD00BFB035002082
:1020200038B5114C114B1249204601251D700FF097
:1020300042FB104904F130000FF03DFB00212A461D
:1020400004F164000FF049FA0B480C4B83620C4B0F
:10205000C3620C4B03630C4B43630C4B8363BDE8BF
:102060003840FFF7A9BE00BF381900208A48002079
:10207000C91F0200911F0200B0350020912002000C
:1020800067DD0200FDDC0200F1DC02000BDD020076
:102090002DE9F04F91B004461822002101A80FF05D
:1020A0009AFE3B4B0293D4F81890E3680393394BA4
:1020B0000593B9F1000F0BD1052604F118000BF0C0
:1020C00017FE20460BF083FD304611B0BDE8F08FBF
:1020D00007A9484602F0BAF906460028ECD19DF857
:1020E0003C30022BE8D120460BF03DFE054608B9F6
:1020F0000126E2E74846FFF7C1FE07460028DBD08D
:1021000090F86930002BD7D0227F9A42D4D100F1C9
:102110006C0A504607F026FEB346B046238A434574
:10212000CBD997F86920002AC6D0217F9142C3D12C
:1021300008EB05029A42C4BFA3EB08039DB201A9B4
:102140004846ADF8105003F06FFE10F10C0F09D1A6
:10215000BBF1000F03D1132D18D9C5F34F0508F0BB
:10216000D5FADBE70028C3D1E26808EB05031FFAC4
:1021700083F812FA83F303934FF0FF324FF0FF33EB
:10218000504607F0C9FD4FF0010BC7E7022694E760
:102190007C27030077DD020011B9094A136803B1F7
:1021A0007047084910600B7882F869300133DBB260
:1021B000012B38BF01230B7002F16C0007F0D2BD78
:1021C000301900208A48002008B504480EF0FCFFB2
:1021D00000280CBF6FF01200002008BD941F030000
:1021E00030B50A4D0A4B85B000242846029303946B
:1021F0000FF05BFA02AB0093284606490A234FF41E
:10220000A36207F051FF204605B030BDB819002089
:102210003D4D0300F05F00200146014807F082BFFA
:10222000B81900200378012B30B513D0022B27D02A
:102230007BB9194B0A4603F1100453F8045B42F8CA
:10224000045BA342F9D11B78137043884B731B0ABC
:102250008B7330BD104B0A4603F1100453F8045B36
:1022600042F8045BA342F9D11B78137043684B73A7
:10227000C3F307221B0CCB731B0A8A730B74E8E7AA
:1022800000F1100350F8042B41F8042B9842F9D1C7
:1022900003780B70DDE700BF464D030038B50546F7
:1022A00005480BF0F3F9044620B101210C300BF086
:1022B00042FA2576204638BD500A00200F2810B576
:1022C0000ED80D280ED90B480BF0E0F9044628B1C2
:1022D00001210C300BF02FFA01232376204610BD8C
:1022E0001328F0D009B10448EEE7BDE81040012002
:1022F000FFF7D4BFA80A0020CC09002070B5C6683B
:102300003378B6F8014083B90F21204601F01EFE54
:10231000F378054650B90A4A118831B96FEA04507A
:102320006FEA10501080074A137070BD437201218C
:1023300001F086FD2846BDE8704001F057BD00BFA2
:10234000343A00208B48002010B5084C0146062284
:1023500094F86F0002F058F838B994F86F00044907
:10236000BDE81040052202F04FB810BD3803002030
:10237000234D030010B5012104460C300BF00DFA7B
:102380002146034A0078BDE8104000230BF021BE2F
:102390005428030010B5012104460C300BF0FDF960
:1023A0002146034A0078BDE8104007230BF011BE18
:1023B0001C28030070B530480BF081F90446002852
:1023C00058D0037E012B32D0032B02D1038A032B7A
:1023D00002D8FEF783FB20E004210C300BF0DDF97E
:1023E000FF22438806886276228AC6F30B009A424F
:1023F000A08301D02046ECE70F2101F0A7FD0546A0
:102400000028F7D001F0D6FD320B60762146284631
:102410000CF0D8F9284601F0E9FC184BD3F84C3100
:1024200043B3BDE87040164916480FF004B9038A5B
:10243000012BCED902210C300BF0AFF90546007804
:102440000BF064FD10F002060DD10F4A0F49104841
:1024500040F6A8330AF06DFC86F31188BFF36F8F46
:102460000323184602DF0B4A2878042321460BF089
:10247000B0FDBFE770BD00BF84040020380300201A
:1024800018060020781A0020574D03008B4D0300DA
:10249000B94D0300FC2703002DE9F0478846164696
:1024A0008246002878D0BFF35B8FDFF8F0900023DE
:1024B00059E8004F49E80032002AF9D1BFF35B8F99
:1024C000002C69D02046FEF755FA354D0C2303FB4E
:1024D000005027464388534511D0BFF35B8F59E81E
:1024E000003F49E80072002AF9D1BFF35B8F002B4F
:1024F00052D01F463846BDE8F047FEF7EFBAA64275
:102500000ED020460BF0BDF804F10C090121217614
:1025100048460BF010F9328AF16848460BF01CF976
:102520002046FEF727FA0C2606FB00504368ABB1A5
:10253000B8F1000F12D12046FEF71CFA06FB00503E
:1025400001214268D2E90003127A03F01F06B1406C
:102550005B09DAB100EB83000BF0EAFC2046FEF7E2
:1025600009FA0C2606FB00508368002BC2D02046D7
:10257000FEF700FA704305F800802046FEF7FAF9EE
:1025800006FB0055A86807F0A1FBB3E7C94300EBC1
:1025900083000BF035FDE1E7BDE8F0878004002003
:1025A000F435002010B5C1E900239DF808300B7206
:1025B0000C46FEF7DFF9034B0C2202FB00335C6094
:1025C00010BD00BFF43500202DE9F0474FF0FF3279
:1025D00006464FF0FF33184888460BF057F804467C
:1025E00038B300F10C0701214FF0000938460BF019
:1025F000A2F884F818902046FEF7BCF90F4D4FF072
:102600000C0A0AFB005046802046FEF7B3F90AFB8D
:102610000050C0F808902046FEF7ACF90AFB0055C0
:1026200003213846C5F804900BF090F8068080F836
:1026300002802046BDE8F087240A0020F4350020FF
:102640000138C0B202289ABF014B185C00207047C5
:102650007B4E0300034B0146D3F86C0182689268FD
:10266000104700BF380300202DE9F843044600F16D
:102670000C0630460BF0A1F8B4F81080B8F1010F49
:10268000054604D82046BDE8F843FEF727BA304691
:1026900002210BF082F8074600780BF037FC10F0AF
:1026A000010906460DD10F4A0F49104840F6E47360
:1026B0000AF03FFB89F31188BFF36F8F032318469D
:1026C00002DF05230A4A387821460BF082FCB30763
:1026D000D8D56369A4F8108013FA85F5E560BDE8E4
:1026E000F88300BF574D0300D64D0300B94D0300DA
:1026F000D427030038B50C4607F0CCFF237E012B0E
:102700000AD0032B19D121460F480AF0C3FF0F4905
:102710000F480EF090FF0BE0E36818780BF0F6FB23
:10272000C207054602D52046FFF79EFFAB07EAD455
:10273000002407F0C3FF204638BD2046FEF7CEF93F
:102740006FF01504F5E700BF840400201806002090
:10275000781A0020014804210BF0EABB0C04002089
:10276000044BBFF35B8F1868BFF35B8FC0F380002F
:10277000704700BF0C04002000487047EF4D030075
:10278000014807F08BBC00BF0806002038B505469D
:102790000C4619B9FFF718FF0446A8B140F63543B7
:1027A0009D4209D12046FFF755FF054650B120460E
:1027B000FEF794F9284638BD054821460EF074FE10
:1027C000FFF7DEFF0025F5E76FF06805F2E700BFD1
:1027D0008C04002038B502460B46244DD5F8541120
:1027E00009B9002038BD05F5987007F095FA002862
:1027F000F7D10022002305F5AA7007F035FA044648
:1028000068B91B4A1B491C4840F6B7330AF091FAD5
:1028100084F31188BFF36F8F0323184602DFD5F8C6
:10282000480120B1FEF75AF90023C5F84831204687
:102830000AF05BFFC5F848012046FFF70BFF98B18F
:102840000E4807F043FA2046FEF794F80C4B0C2292
:1028500002FB00301F2140882246FFF71DFE204664
:10286000FEF73CF9FFF78CFF0120BBE7380300209F
:10287000574D0300F84D0300B94D030068040020D4
:10288000F43500202DE9F04F064687B015460C467A
:1028900031B9FFF799FE044648B96FF068007BE054
:1028A000887AFEF75FF8484B834240F08680012229
:1028B000002168460EF011FE2046FEF75BF8DFF8B7
:1028C0000C910C2303FB0090C0F808D020460AF0BE
:1028D0000CFF01463E480EF0E7FDFFF751FF0FF0F9
:1028E000DFFA3C4B1A583C4B9A4222D1DFF8ECA05D
:1028F000DFF8ECB036480EF0ECFD002180464FF4D6
:10290000A020FFF767FF074688B94FF4D4735246FB
:10291000594634480AF00DFA334831460AF009FAAC
:1029200087F31188BFF36F8F0323184602DF4445F6
:10293000E0D14FF4A0220023684607F0EDF90746E6
:1029400098B14FF4D773254A284926480AF0F1F97F
:1029500027483A4631460AF0ECF9002383F3118800
:10296000BFF36F8F0323184602DF2046FEF702F8FD
:102970000C23584319F80060BEB12046093EFEF70B
:10298000ADF8092E0ED8DFE806F01B0D0D0A050D77
:102990000D0D0D186FF00B0007B0BDE8F08F6FF054
:1029A0000C00F9E76FF00400F6E715B12C60002089
:1029B000F2E72046FEF792F8F9E76FF01500EBE733
:1029C0006FF06E00E8E700BF240A0020F435002015
:1029D0008C04002008000000D8290020574D030077
:1029E000FC4D0300B94D0300044E0300244E0300C8
:1029F0002D4E0300F7B5144B93F99B30002B054681
:102A00000C461DDA14B9204603B0F0BD082C01AA0B
:102A10004FF0000142F21800264628BF0826FFF7B3
:102A200031FF0028F0D1019FF96832460131284674
:102A30000FF0A9F93846FEF751F83544A41BE1E739
:102A40006FF08500E0E700BF38030020F7B50021F4
:102A500001AA40F60340FFF715FF0446002869D19C
:102A60000198C3681B788BB9BFF35B8FAC4B1A68B6
:102A7000BFF35B8F02F00902BFF35B8F53E8001FC7
:102A800043E80024002CF9D1BFF35B8FFEF726F852
:102A900001AA002141F20300FFF7F4FE04460028DA
:102AA00048D1019A9F4DD168D1F80100D1F80510A5
:102AB00005F1780303C31046FEF710F8214601AA7A
:102AC00041F20100FFF7DEFE044698BB0198C3689F
:102AD0005A7885F870205A88A5F872201A7985F8F6
:102AE0007120B3F80720A5F87420B3F80530A5F8D5
:102AF0007630FDF7F3FF214601AA41F20200FFF70D
:102B0000C1FE0446B0B9019FFA6805F18006531C66
:102B1000413218685968344603C408339342264644
:102B2000F7D13846FDF7DAFF95F87C305E0604D41D
:102B30006FF01204204603B0F0BD01AA002142F25A
:102B40000300FFF79FFE04460028F3D1019B764E59
:102B5000DA68D2F80100D2F8051003C61846FDF76E
:102B6000BDFF214601AA42F20200FFF78BFE044698
:102B70000028DFD1019CE368B3F8012091B249B18C
:102B8000D97839B1A5F80421DA78114606F1280080
:102B90000EF0A3FC2046FDF7A1FF95F87C601F23F3
:102BA00016F02006A5F8203118D1022140F66D401C
:102BB000FFF70AFD0446002800F0A98002210C302E
:102BC0000AF0C4FD0123037046702146324640F6E8
:102BD0006D40FFF757FE04460028ABD195F89C30B6
:102BE0001C0712D501AA002142F21C00FFF74AFE81
:102BF000044600289ED10198C368D3F80120D3F879
:102C00000530C5E93823FDF769FF95F8D8309806F7
:102C100023D50DF1020168460BF072FB0446002833
:102C200088D1042142F22400FFF7CEFC064600289A
:102C30006DD004210C300AF089FDBDF8003003800E
:102C4000BDF8023043802246314642F22400FFF7AD
:102C500019FE044600287FF46DAF082142F20100FE
:102C6000FFF7B2FC0446002851D008210C300AF0CE
:102C70006DFD95F8D82012F0020F14BF2F230F23FB
:102C8000910695F8D92048BF43F0400312F0090F90
:102C900018BF43F4006300220370C3F3072343709B
:102CA0008270C270027142718271C271214642F219
:102CB0000100FFF7E7FD044600287FF43BAF95F8DD
:102CC0007C30B5F804119A0624D4C9B901AA41F29E
:102CD0000500FFF7D7FD044600287FF42BAFB5F8B9
:102CE0000431019C4BB9E368B3F80120A5F8042135
:102CF0009A880E4811460EF0F0FB2046FDF7EEFED6
:102D0000082140F60140FFF75FFC044680B96FF0F0
:102D100068040FE70029F3D16FF004040AE700BF4D
:102D20000C04002038030020100400204004002080
:102D300008210C300AF00AFD102303708823437029
:102D400002230022C37020238270027142718271BB
:102D5000C371214640F60140FFF794FD0446002868
:102D60007FF4E8AE014601AA4FF60140FFF78AFD65
:102D7000044620BB0198FDF7B1FE214601AA4FF69B
:102D80000240FFF77FFD0446C8B90198C368B3F855
:102D90000130A5F8C130FDF7A1FE95F8C1305B0701
:102DA0000DD501AA21464FF60340FFF76BFD30B960
:102DB0000198C3685B7885F8C030FDF78FFE00F09E
:102DC00067FB044600287FF4B5AE01F049FC0446D9
:102DD00000287FF4AFAEFFF7BDFCABE610B5FFF700
:102DE00035FE034B1B6813B1BDE81040184710BDFA
:102DF0001836002073B5254D0646D5F86C010EF047
:102E0000E3F900283BD06FF0020105F1D4000BF08C
:102E1000F7F801210BF08CF810EA010432D11C4BB9
:102E20001E600A4605F598700EF057FB05F5AA706E
:102E30000EF02EFB17480EF038FC17491548009489
:102E40006FF007034FF4AF6207F02EF913491148F2
:102E500007F0CCF9D5F86C01114983681B689847D5
:102E6000044648B926B902B0BDE87040FFF7EEBD90
:102E700005F1C40007F012F9204602B070BD6FF0F2
:102E80001204F9E76FF07704F6E700BF380300207B
:102E900018360020781A002008650020724E0300C2
:102EA000F52602002DE9F0435C4BB0F8018019884B
:102EB00048F4704291424FF0000602BF1E80584B0A
:102EC0001E78C378012B08BF564B00F1040485B06F
:102ED000054620460CBF93F86F7000270AF0BCFF30
:102EE0002146B0B102A80AF0ACFFD5F81130CDF8F8
:102EF0000130B5F81530ADF805304FF00109EB7829
:102F0000012B1DD0132140460BF012FA05B0BDE88D
:102F1000F08338460BF07FFA0346006802909A88E7
:102F20009B796868ADF80C208DF80E30A288A379E3
:102F300095F804900090ADF804208DF80630DEE797
:102F400002A8FFF701FAEB78012B04460AD100F042
:102F500035FB6FF08001074610300BF051F8384612
:102F60000BF0D7FB002CCDD02346B5F8012023F879
:102F7000702B02989DF80E20BDF80C1020679A71F6
:102F80009980B5F81730A4F88630B5F81930A4F850
:102F90008C30B5F81B30A4F88E30EB78E37000224B
:102FA0006272012B40F20112A4F8A42024D18DF802
:102FB0000090BDF804209DF806300098A4F87B200E
:102FC00084F87D30C4F8770000F0F8FA237A154AC7
:102FD000C3EBC3039918D358C4F87E308B88A4F888
:102FE00082308B7984F88430D2E9381303F03F03C0
:102FF000194301D000F0ACFC0721204600F020FF6F
:1030000026B166720121204600F01AFF204601F029
:1030100001F8204600F0EAFE78E700BF343A0020CD
:103020008B4800203803002000B5C3681A7889B0A7
:1030300032B13C2A32D109B05DF804EB0AF0ECBFA2
:103040008DF80020B3F80120ADF80120DA788DF872
:103050000320B3F80B20ADF81720B3F80D20ADF81E
:103060001920B3F80F20ADF81B205A7C8DF81D20D5
:10307000586801901A899B7A8DF80A30094BADF88F
:10308000082068461A689B88CDF80B20ADF80F30F1
:10309000CDF81120ADF81530FFF704FF09B05DF849
:1030A00004FB00BF374D030038B5032104460C3044
:1030B0000AF073FBE3680578B0F80100197840F670
:1030C000354398420AD02246FFF7E6F935B1044865
:1030D00006F0FCFDBDE83840FFF752BB38BD00BF2D
:1030E0006804002038B5042104460C300AF055FB72
:1030F0004578017840882246FFF7CEF935B104487B
:1031000006F0E4FDBDE83840FFF73ABB38BD00BF2C
:1031100068040020F8B50A4DEF7906460024E3B2B2
:103120009F4202D86FF0010007E0294630460BF0BD
:103130006AF90735631C08B12046F8BD1C46EEE766
:103140003803002070B5144E0622314604460EF0B6
:10315000F8FCD8B1062142F20500FFF735FA054622
:10316000B0B1062221460C300AF0F6FA00222946B8
:1031700042F20500FFF786FB48B93346226843F860
:103180006929A288B280012283F86820002070BDDE
:103190006FF06800FBE700BFA103002037B50446CD
:1031A0000D4689B1184928460BF02DF960B9174A28
:1031B0002968C4EBC404A3181151AA889A80AA797B
:1031C0009A71002003B030BD68460AF02CFE00283A
:1031D000F8D16846FFF79EFF0028F5DA0B4A009801
:1031E0009DF80610C4EBC404A3181051BDF80400E8
:1031F00098809971002DE4D012592A609A88AA808B
:103200009B79AB71DDE700BF2A4D03003803002036
:1032100070B5044611B16FF0150070BD80B11C4946
:103220000BF0F1F860B92046FFF774FF002829DAA7
:103230002378012BEFD1A37903F0C003C02BEAD18F
:10324000144DEB79012B20D0BFF35B8FD5F8D43030
:10325000BFF35B8FDB0707D4002CDCD00C49204682
:103260000BF0D1F80028D6D1EE792146731C3046F8
:10327000EB71FFF793FF08B93046CEE7EB79013BDE
:10328000EB71CAE76FF07700C7E76FF00B00C4E798
:103290002A4D0300380300202DE9F3410446D8B13C
:1032A00001AA002141F20900FFF7ECFA054698B99E
:1032B000019E1249D6F80C8008F101070622384613
:1032C0000EF03FFC28B10E49062238460EF039FCBC
:1032D00030B93046FDF702FC002002B0BDE8F081B5
:1032E000D8F80130C4F80130BB88A4F80530304666
:1032F0002570FDF7F3FB0120EFE700BF374D03001A
:10330000314D030007B56846FFF7C6FF044BD8717F
:1033100018B169460020FFF741FF03B05DF804FBD8
:1033200038030020F0B5294DEE7989B0002E46D142
:1033300095F8C230DB0722D56A4631464FF6094080
:10334000FFF7A0FAD8B9DDF800C0DCF80C406378CC
:10335000012B1E4628BF012673B1A31C02AA1234FA
:1033600018685968174603C70833A3423A46F7D18D
:10337000186838609B88BB806046FDF7AFFBEE7134
:10338000002416260127EB79E0B2834202D8B3B1BC
:10339000002012E008AB06FB0033694653F8182CF6
:1033A00033F8143CCDF80120ADF805308DF80070ED
:1033B000FFF7F4FE01340028E5D009B0F0BD00218C
:1033C000084609B0BDE8F040FFF722BF38030020EF
:1033D0002DE9F04190460E461D460246002852D087
:1033E000002B50D03103047807D573074BD40BF072
:1033F0001FF888BB01232B702DE0F7072ED5234F34
:10340000B8F1000F13D0B0060AD4C4EBC403FB5CC0
:10341000012B11D02B70B2061DD543F00203EAE751
:1034200097F8D8305906F0D46FF0850014E0C4EB5B
:10343000C403FB5C012BDED1072101FB04710131C8
:1034400010460AF0EDFF38B9C4EBC4043B5D2B70A5
:10345000B8F1000FDFD10020BDE8F08173070ED571
:103460000A4EC4EBC407F35D012BC4D1072111FB45
:10347000043131440AF0D4FFF35D2B70ECE70AF01D
:10348000D7FF0123F9E76FF01500E5E738030020C7
:1034900010B50A4CE3790BB1002010BDFFF732FFE5
:1034A0000028FAD1E379002BF6D1FFF73BFF002883
:1034B000F3D1601CBDE81040FFF744BE3803002084
:1034C000F8B545686905064635D4046914B115F0A8
:1034D000010330D0194F3078FB7983422BD9C0EBF0
:1034E000C0001749072238440EF02BFBA8B115F095
:1034F000010306D197F87020082A02D8B2689F2AE3
:1035000019D915F0300F09D0ACB1EA060AD405F488
:103510006035B5F5603018BF0120F8BDEB0601D469
:10352000002CF4D1D6E902239A4204D81F2A02D9EA
:10353000B3F5804FEBD90020EFE700BF3803002040
:103540002A4D030008B50449072209300EF0F9FAA4
:10355000003818BF012008BD2A4D0300F8B5154BEF
:10356000067883F86F6004460D46FFF7EBFF70B9ED
:103570001149304600F004FF044610B96FF00B000B
:10358000F8BD052100F05CFC2C600020F8E704F198
:103590000907394630460BF0F1F940B92078394631
:1035A00000F0EEFE04460028E8D00621EAE76FF0BE
:1035B0001500E5E738030020234D0300004870475D
:1035C00050030020F0B5054685B00F480AF05AFFB9
:1035D0001F460306164613D50B480AF053FF044650
:1035E0000A480BF051F8C4F3C02402900A46CDE912
:1035F00000740648334629460AF0CFFF05B0F0BDF7
:103600006FF00A00FAE700BF6003002050030020BB
:103610002DE9F04FD1F810908DB09A460023B9EB08
:10362000030605469048059218BF012607930AF045
:1036300029FF0C46410740F10C812046FFF740FF6F
:1036400028B96FF0150B58460DB0BDE8F08F204635
:103650000AF005FF80460028F3D005F11007384630
:103660000AF010FF0206C0F3C01300F1F580CDE9A7
:103670000933CDF82B30A3686068ADF82030E368DB
:10368000ADF822300AF0EFFE6FF400718DF82D00D6
:1036900075480AF0FDFE754A23782B7082F86F306A
:1036A00061680DF1250332462846FFF791FE8346F7
:1036B0000028C8D105F10903B9F1000F18D021691C
:1036C0000868C5F80900888898808979997120462A
:1036D0000AF0EAFF63680646D8071BD49A0503D4AC
:1036E000169B0BB9022E56D102238DF8243023E00D
:1036F0005F4A1168C5F809109188927999809A718A
:1037000020460AF0D1FF6368D9070646E6D58DF852
:10371000249011E013F0100F0CBF012304238DF847
:10372000243023691968CDF826109988ADF82A103D
:103730009B798DF82C30D8460F2142F20600FEF717
:1037400043FF8346002800F08A800F2208A90C302E
:103750000AF002F80022594642F20600FFF792F8FA
:1037600000287FD1B9F1000F1BD06368DB0726D496
:10377000284601210AF0A8FF079D8346002860D053
:10378000002D3FF460AF2846002100F059FB284689
:1037900000F02CFB57E70323DDF858808DF8243028
:1037A000CAE7179B0093CDE90186169B05995246FF
:1037B00028460AF0F2FE83460028D6D043E707A940
:1037C0002846FFF7CBFE83460028D1D010F10C0F1E
:1037D0007FF439AFB9F1000F7FF435AF6368980714
:1037E0003FF531AF626882F00202C2F3400B0BF08A
:1037F00001020E2138460AF0B9FE731E5A425A41A0
:10380000082138460AF0B2FEB11E4A424A41384603
:1038100009210AF0ABFE62680A2102F00102384673
:103820000AF0A4FE42460B2138460AF09FFE626869
:103830000D21C2F3800238460AF098FE4FF0000BCB
:1038400001E715B1284600F0D1FAB9F1000FCED149
:10385000C8E76FF00A0BF6E66FF0770BF3E66FF050
:10386000680BF0E68346EEE60C04002038030020E7
:103870002A4D030073B51546069A0C46CDE9003271
:103880002B460A4601461148FFF7C2FE214606466E
:10389000002340F201109D4202D1304602B070BDBB
:1038A0000A88824204D14A6812B11278D20702D43F
:1038B00001330831EFE7064906480DF0FCFE4FF4EE
:1038C00070220023034806F08BFCE6E7500300203B
:1038D00019E702006803002010B519480AF019FF23
:1038E00018486FF480410AF0D3FD16480AF0CAFD6B
:1038F00003461A06C0F3C01021D512480AF0C2FDD3
:10390000430513D50E48FFF71DFE0F490346087EF9
:1039100093B90E49052200F077FD044630B100212D
:10392000417200F08DFA204600F060FABDE81040C8
:10393000034800210AF0C8BE06222131EBE710BD82
:10394000500300206003002038030020234D0300B3
:1039500073B53248314C0AF095FD10F4804F5AD0BF
:1039600020460AF08FFD030655D420460AF08AFD52
:10397000460550D501A9A4F11000FFF7EFFD00287E
:1039800049D1A4F11000FFF7DDFD024620460AF000
:1039900079FDC0F3803120460AF074FD81F0010109
:1039A00045054FEA41011D4848BF41F001010AF0B9
:1039B00069FD800448BF41F0040119480DF103037B
:1039C000FFF706FD054630BB154801210AF07CFED5
:1039D000019E28B9304602B0BDE8704000F006BA3A
:1039E0002946304600F02CFA6FF480410B480AF06B
:1039F0004FFD0546304600F0F9F96B040BD5BFF3D7
:103A00005B8F54E8003F43F4804344E80032002ACF
:103A1000F7D1BFF35B8F02B070BD00BF6003002021
:103A20005003002070B50C4B1C68054644B154F897
:103A3000183C183C13B1697A28469847A469F5E701
:103A4000064C074EB44200D370BD236813B1697AA7
:103A5000284698471C34F5E7743600207C21030083
:103A6000B421030010B50446FCF784FF044901EBC0
:103A7000001120460AF019FABDE81040FEF780BE9A
:103A80001C36002070B5D1E9015600220446C1E978
:103A9000012206480DF008FD3DB1314620462B4677
:103AA0006FF06D02BDE87040184770BD5C090020E2
:103AB00070B5002205460E46094800230021FCF798
:103AC0007BFF044658B1FCF755FF064B324603EB2B
:103AD000001329462046BDE870400AF0C1B970BD08
:103AE000F80900201C36002037B5837A072B0446DE
:103AF00033D1BFF35B8F043050E8003F43F08002C6
:103B000040E800210029F7D1BFF35B8F190624D4C8
:103B10000AF02FFE10F4005F114D14D095F8D83044
:103B20009A061AD50AF038FBB8B10DF1060101A8C2
:103B30000AF0E6FB88B9BDF80620BDF8041020465F
:103B40000AF035FC09E095F8D8301B07E6D5204689
:103B50000AF013FCA37A072BE0D003B030BD00BFFE
:103B60003803002070B505460F480022002306F0F8
:103B7000D3F8B8B90D4B1C6834B154F8103C183C5C
:103B800003B19847A469F7E7094C0A4EB44204D33D
:103B90002846BDE8704006F081BAA36803B1984793
:103BA0001C34F3E770BD00BF4409002074360020C8
:103BB0007C210300B42103002DE9F843DFF8548091
:103BC000044640270025EFF3118387F31288BFF3E3
:103BD0006F8FE16929B983F31188BFF36F8FBDE857
:103BE000F883206A0A68E261814208BF226283F397
:103BF0001188BFF36F8FD1E901694046C1E90155D2
:103C00000DF052FC1EB1002249462046B047FEF797
:103C1000B7FDD8E75C0900200448B0F80431002B58
:103C200000F5847008BF0020704700BF38030020F3
:103C300030B504460EF034F90D460C490C4A0958CB
:103C400091428BB005D120460BB0BDE83040FFF764
:103C5000B3BF2434214610460DF0EDFC1DB169467A
:103C600020460DF0F8FC0BB030BD00BF080000008E
:103C7000D829002038B5002204468A4202D1002407
:103C8000204638BD04F1CC030120BFF35B8F53E81D
:103C9000005F002D04D143E8000CBCF1000FF6D109
:103CA000BFF35B8F02D0D0340244E6E7002CE6D0AD
:103CB000CC22002120460EF08EF804F14000044989
:103CC0000DF0F9FC034904F124000DF089FCD7E75D
:103CD00065450200ADE7020038B50122044600F157
:103CE000C003BFF35B8F53E8005F43E80021002966
:103CF000F9D1BFF35B8F5DB90AF0C3FD084BC4F87F
:103D0000BC50D3F8281104F1BC0229B9C3E94922F7
:103D1000BDE83840FEF734BD0A60C3F82821F7E754
:103D20003803002070B52E4DD5F8244114B9002673
:103D3000304670BD2B4B5A8B22B1B5F804312BB9EC
:103D40009B68FFDE1B68002BF1D0F6E7D5F8103139
:103D5000002BECD0244B1B68002BE8D054F8143C0B
:103D6000002BE4D054F8103C002BE0D054F80C3C6D
:103D7000002BDCD014F8B22C072AA4F1BC060DD11C
:103D80003046984750B104F108000AF0F2FC0228CE
:103D900004DC3046BDE870400AF073BDD5F824312C
:103DA00043B1D5F828111A68C5F824218B4208BF01
:103DB000C5F82821231D0022BFF35B8F53E8001FA5
:103DC00043E800200028F9D1BFF35B8F304654F858
:103DD0000C3C98470028ABD03046FFF77DFFA7E7A3
:103DE00038030020F80900205C09002037B5CC30EA
:103DF00010F8CA5C10F8C94CBFF35B8F50E8003F65
:103E00005A1E40E800210029F8D1BFF35B8F01A8BA
:103E100001930AF0AEFC01280BD1074805F056FFCC
:103E2000064806F03BF9012D03D1012C01D1FFF723
:103E30008FFD03B030BD00BF4409002038060020CC
:103E400070B5857A8D4204467AD0817225B983781F
:103E5000082B01D00AF015FDA37A012B09D1394DA9
:103E600005F584766169002958D1BDE87040FEF7F8
:103E700087BC072B09D0002B62D1A378042B20D15B
:103E80002046BDE87040FFF7B1BFA378042B57D0A0
:103E90002D48002106F0D2FE0023C4E90D33E3785B
:103EA000012B4DD1A378012B04BF032384F8943058
:103EB00004F140004FF42032BDE87040002306F0CA
:103EC0005BB9082D3CD801A353F825F0413F02000F
:103ED000F13E02000F3F0200813E0200813E0200DF
:103EE000813E02000F3F0200413F0200413F0200BD
:103EF00020460121FFF79CFE20460AF05AFC04F1FF
:103F000040000022BDE87040002306F069B9637AE2
:103F1000002BB5D02046FFF785FDB1E7A2690B68FD
:103F20006361914208BFA3612046FFF7ABFDB5F87E
:103F30000431002B14BF3046002005F0C7FE91E786
:103F400070BD00BF380300204806002010B50246AF
:103F50000C46074801210AF0AFFC034610B90023C4
:103F6000184610BD82781442FAD1FFF73FFFF6E7FA
:103F7000381B0020F8B5074609480D4616460AF0DA
:103F800080FC044650B183781F4203D1BDE8F8405D
:103F9000FFF72CBF3146A8472046F7E7F8BD00BF22
:103FA000381B0020024900220120FFF7E3BF00BFB9
:103FB000E93A0200034BC01A034B00115843C0B248
:103FC000704700BF381B0020C54EECC470B51C46BE
:103FD000144305460E4608D00DF062FF0A49085802
:103FE0000A49884204BF002213460949002D14BF24
:103FF0002846084609F04AFB044618B1711D0C30EA
:1040000009F099FB204670BD08000000D829002067
:104010007409002010B50446054806F03FF8204614
:1040200000F04AFB2046BDE81040FFF7FBBC00BF94
:10403000280600202DE9F04F85B00023019303935B
:10404000FFF770FE044668B1827AD0F8A830072ADC
:1040500017D002AA4FF0FF319847014628B92046F1
:10406000FFF7C4FE05B0BDE8F08F039B019A204620
:104070000AF085FBD4F8A83002AA4FF0FF312046A1
:10408000EAE7DFF8689102AAB9F8041198470646F2
:104090000028E4D0B9F80421029B9A4206D30146D5
:1040A000D4F8AC5003AB01AA2046A847338A039F3B
:1040B000DDE9018B002B00F08E80304609F01CFFFB
:1040C0008246002840F08780B9F804314848002B28
:1040D00008BF00200022002305F01EFE00287AD130
:1040E00044480022002305F0BFFD0546002872D099
:1040F000C0E90187B9F80471338ABB4598BF1FFA3C
:104100008BF7BB4242D9304609F0EFFA3946FFF748
:10411000CFFCB9F8043194F8C8809B458CBF4FF0B0
:10412000010A08F1020884F8C8A0074698BF5FFAA0
:1041300088F804F1C40ABFF35B8F5AE8003F0133EB
:104140004AE80032002AF8D1BFF35B8F00232B60CE
:10415000A369F3B9C4E90555A378012B1CD1042147
:1041600007F10C0009F009FB238808F0FD0843EA79
:10417000083303803B8A043B438002233B76384666
:10418000FEF768FA40B9FEF7FBFA68E739463046B1
:10419000BDE71D60A561DFE7BFF35B8F5AE8003F15
:1041A000013B4AE80032002AF8D1BFF35B8F294671
:1041B00004F114000AF0B2FA3846FCF78FFC2046EE
:1041C0002946FFF75FFCB9F804310948002B08BF06
:1041D000002005F07BFD31462046039B019A0AF042
:1041E000CEFA132120460AF089FB38E73803002075
:1041F000400400205C090020F8B5031D0446184661
:104200000AF0B7FA420519D5B4F88620B4F8881038
:10421000914213D8B4F88A1091420FD3D4E92312F3
:1042200091420BD1BFF35B8F53E8001F21F48061F3
:1042300043E80012002AF7D1BFF35B8F104B1D68D3
:104240006DB155F8086C183D3EB1B4F88E30B4F835
:104250008C20B4F886102046B047AD69F0E7094DD0
:10426000094FBD4200D3F8BD2E693EB1B4F88E307F
:10427000B4F88C20B4F886102046B0471C35F0E71F
:10428000743600207C210300B4210300F8B50F4BE5
:104290001C6805465CB1183C00F1A406636913B1C3
:1042A000314628469847A4690CB1183CF6E7084CFB
:1042B000084E05F1A407B44200D3F8BD636913B1F9
:1042C0003946284698471C34F5E700BF743600206D
:1042D0007C210300B42103002DE9F0410746084684
:1042E0000D4609F07AFF064618B900263046BDE8AB
:1042F000F081144B1C6884B154F80C3C183C0BB989
:10430000A469F8E72946384698470028EDD02846A2
:1043100009F063FF0028F3D1E7E70B4CDFF82C80AE
:104320004445E3D2E3680BB91C34F9E72946384623
:1043300098470028D9D0284609F04FFF0028F3D12C
:10434000D3E700BF743600207C210300B4210300B2
:104350000A4B196800F1180231B98161596839B9FD
:10436000C3E90022002070478A4204D00968F3E7BD
:104370000A605A60F6E76FF010007047743600204C
:1043800038B505460C460E480121FFF773FCB0B165
:10439000057223680367A388A0F87430A37980F8B6
:1043A000763001238370074BC0F8A830064BC0F865
:1043B000AC30064BC0F8B030054BC0F8883038BD83
:1043C000381B0020614702005FE7020053E702004C
:1043D0001800280070B505460A480E460AF051FA42
:1043E000044620B18378012B04D0FFF7FFFC0024A2
:1043F000204670BD324629460AF0A0FA0028F7D1BF
:104400002046F2E7381B0020F8B505460E480E4658
:1044100017460AF036FA044620B18378012B03D000
:10442000FFF7E4FC00240DE036B1324629460AF0DD
:1044300085FA08B92046F3E7A37ABB42FAD1237A7A
:10444000AB42F7D12046F8BD381B002010B5837869
:104450000B70C3784B70037A8B70837A023BDBB2AC
:10446000062B96BF234A0023D35C81F8203001231A
:1044700081F8213000234B848378012B37D100F160
:1044800070038B60037A1C4AC3EBC30313444B6075
:10449000C47800F17E0300F1770214B11C46134684
:1044A0002246C1E90323B0F886308B82B0F88C3005
:1044B000CB82B0F88E300B8300F1A403CB61D0F82F
:1044C000A0302BB15B7BDA0644BF012381F8233097
:1044D000D0F8A03013B15B7B9B0601D4002010BD47
:1044E00091F8233043F0020381F82330F6E76FF0B0
:1044F0001500F4E77E4E03003803002038B504466B
:1045000008460D4609F069FE38B3154B93F8D830CC
:10451000990707D4E37873B129462046BDE83840AF
:1045200000F084B994F895309A07F3D5201D0AF06D
:1045300020F90305EED4294620460AF029FA58B995
:104540002B88A4F888306B88A4F88A30AB88A4F84C
:104550009030EB88A4F8923038BD6FF01500FBE77F
:1045600038030020F7B510F8363C0446A0F14006A9
:104570000BBB30460AF0FEFA354B1D684DB155F8BD
:10458000143C183D1BB114F8371C30469847AD69F0
:10459000F4E7304D304FBD4205D3304603B0BDE89F
:1045A000F040FFF723BC6B681BB114F8371C304692
:1045B00098471C35EFE710F83E3C012B30D1BFF394
:1045C0005B8FA0F13C0555E8003F23F4806245E88D
:1045D00000210029F7D1BFF35B8F5B0522D5A36CC7
:1045E00000936946236D01933046FFF787FF58B962
:1045F000BFF35B8F55E8003F23F4007345E80032BA
:10460000002AF7D1BFF35B8FBFF35B8F55E8003F04
:1046100043F4807345E80032002AF7D1BFF35B8F83
:1046200003B0F0BD0D4A106851686B4603C369467C
:104630003046FFF763FF0028E6D1BFF35B8F55E8F4
:10464000003F43F4007345E80032002ADAD0F6E771
:10465000743600207C210300B4210300F4230300FE
:1046600070B50C480C4D0B4E0CF012FF002429467F
:10467000304601340CF018FF062C05F10C05F6D17C
:104680000AF08CFF0BF0CFFB044608B90AF01EFBC2
:10469000204670BD5C0900202C360020044B1868B1
:1046A00018B9044A5A600B6070476FF00B007047EE
:1046B0007C36002084280300F7B5274D274F044699
:1046C0000026BD4201D303B0F0BD6B6801A92046AE
:1046D000984700283BDB019B2A889A829A8403F141
:1046E0001002A868BFF35B8F52E8001F42E8006C1D
:1046F000BCF1000FF8D1BFF35B8FC3E913669E6472
:104700009E60A16B03F1080219BBC4E90D221C6075
:10471000D86003F130000CF0BBFE019843681B68C1
:1047200003B19847019BBFF35B8F103353E8001F21
:1047300041F0010143E80012002AF7D1BFF35B8F7B
:1047400001984368DB6913B100F1100198470C35FB
:10475000B7E70A60A263DAE7582103007C2103006F
:104760002DE9F843D0F8B4400E4690464CB1483C91
:10477000236B63B104F1300948460CF0AAFE0546EC
:1047800050B9FDF7FDFF00252846BDE8F883204617
:104790000AF088F9A46CE9E709F0AEFB0028F2D131
:1047A000236D9BB9A38C2F8A403B9BB23F2B03D830
:1047B000238D9F4228BF1F46042105F10C0008F0FD
:1047C000DCFF0780A38C438004372765236D2A8A8A
:1047D0009E420ED3934215D0A38C403B9BB23F2BFD
:1047E0001ED920460AF05EF9236B13B120460AF069
:1047F00039F9236DC8F800309E4234BF9E1B002655
:104800002665C1E700220023484605F02DFAA38C57
:10481000A3F140023F2AE4D8034AAA61EB61E0E732
:1048200000221346F9E700BFF3EB020070B5124B0C
:104830000C4619780131C9B2012938BF012105465A
:104840000822122019700AF0F6F8064688B10821ED
:104850000C3008F07BFF2288028062884280A288A8
:104860008280E288C28031462846BDE870400AF066
:10487000CDB96FF00B0070BD8C48002023281FD8E5
:104880001A2804D8431E182B0ED906207047A0F111
:104890001B03082B1ED8DFE803F0051D1B231D1981
:1048A000251D0500032070470F4A012383401A404D
:1048B000C2B90E4A1A40002A14BF012006207047D0
:1048C00000F07F03522B05D1002070470120704774
:1048D0000520704710F0400F0CBF062000207047E5
:1048E0000420704702207047AAAA8A025455450145
:1048F00070B50E46438D418B8B4202F1010228BFF9
:104900000B469A42054610D83046FFF7B7FF0228FB
:104910000ED004280CD04FF0FF324FF0FF330D487B
:1049200000210AF03FF9044630B90024204670BD4A
:104930004FF470220023F2E7FCF71CF8064B182214
:1049400002FB0033012104F10C009D6008F0FEFE23
:104950000670EBE7A0090020D0360020011F0148B7
:104960000CF0E4BCE408002010B500F15403044648
:10497000BFF35B8F53E8001F41F0010143E80012D1
:10498000002AF7D1BFF35B8F201F0AF0FFFA04F172
:10499000740004490CF08FFE2068BDE8104001F05F
:1049A00039BB00BF755502002DE9FF4105460E4693
:1049B0004FF000084FF42053006817688DF8088006
:1049C00002A91446ADF80A3009F0DFF9A0B142F6A9
:1049D000010328688DF80C8003A9ADF80E3009F0AA
:1049E000D4F948B123691BB15A88B24200D25E8023
:1049F000012004B0BDE8F0816168286809F0C5F9BC
:104A000010B100232361F3E7E368A0681A786AB164
:104A1000B7F82AC0798B038A8C4594BFC3EB0C038B
:104A2000C3EB0103934201DA0020E2E704210C30DA
:104A300008F08CFE2061068023695E80074B00939E
:104A40000194A2680023294638460AF0E2FA0028B9
:104A5000EADB2069003818BF0120CAE7F3EF020043
:104A6000F7B5002304460E462B480022694605F0A0
:104A700019F80546D0B90DF013FA284B009F1A58C3
:104A8000274B29461A60381D28220DF0A4F93C60F6
:104A9000009C24480195C4E90155C4E90955002248
:104AA000002301A904F0FEFF054620B16FF00B05BD
:104AB000284603B0F0BD019B0146B02218460DF018
:104AC0008AF9194A826060300CF0E2FC019BBFF366
:104AD0005B8F583353E8002F43E800510029F9D188
:104AE000BFF35B8F019B1C60636A019F1BB904F1DC
:104AF0000C000CF0CDFC626AC7F8A820A26A07F18E
:104B0000A803636202B9A362019B17225A855A83E4
:104B100004333360CCE700BFC80800200800000061
:104B200060370020E4080020580600202DE9F743F4
:104B3000176805468846006851687E68144609F083
:104B400024F98146002842D13046952229460BF0AF
:104B50001FF80646207540B1E3681B780BB184F856
:104B60001490002003B0BDE8F083A06808F0C1FDF8
:104B700002210C3008F0EAFD164B2061A0F80080FD
:104B800000930194A2683346294638460AF041FA58
:104B9000002807DA10F1FF0F26BF4042C0B20E20F6
:104BA0002075DEE72369002BDBD0A0680AF099F8B6
:104BB0007B8D7A8B9A4294BFC0EB0200C0EB03005E
:104BC000E3681B78984294BF00200120CAE70120C7
:104BD000C8E700BFF3EC02002DE9F74F0646084690
:104BE0000C46FBF7C7FEDFF898801823434308EB19
:104BF00003020546D2F808A0E068BFF35B8FB16DF1
:104C0000BFF35B8FC90738D5E168097811710022BD
:104C100048F803200378D22B0ED133682146186858
:104C20000BF0FEF840B101902046FBF757FF019BC7
:104C3000184603B0BDE8F08F04F10C0008F0BDFD8C
:104C400018235D4308EB050900231A460746214651
:104C5000301DB4F810B0C9F8086009F0A6FF03468B
:104C60000028E5D06269A4F810B012FA87F7E7606F
:104C700048F80500C9F808A0DAE76FF01503D7E790
:104C8000D03600202DE9F14F0546FBF773FE33497E
:104C9000182202FB00F3C81851F803A00779B0F8F6
:104CA0000680D0F810900021D0E902460DF093F86C
:104CB000A87AFBF757FE6969834651B16B7AD8072A
:104CC00005D4DBF824301B6828469B6898470023EE
:104CD0006B61294658460CF0F2FB002F31D084B3AB
:104CE000236873B31B6863B3BAF1000F29D1201D89
:104CF0000AF055FB3846FFF7C1FD052821D8DFE84B
:104D000000F0160320162003BFF35B8FA36DBFF3E3
:104D10005B8FDA0715D5E36D9BB14FF4702200234A
:104D200004F1780001B0BDE8F04F05F059BA2368EE
:104D30001D68BFF35B8FA36DBFF35B8FDB0700D5EF
:104D400056B901B0BDE8F08F49462846B047013456
:104D5000A3B29845F8D8F4E70024F9E7D03600204C
:104D6000F8B50B8A076804460D46002B39D001219F
:104D700005F10C0008F011FDBB7A072B064630D177
:104D800054F8043C6BB301781748043C002310F836
:104D900033708F4200EBC30208D1298A5378977889
:104DA000994213D2012F1CD1042317E001330E2B9B
:104DB000EDD10846FFF762FD98B1052811D081B109
:104DC0000623002220460AF02EFB0AE053682946FB
:104DD00020469847012F034603D110B131780029AE
:104DE000EFD10020F8BD00BFAC280300F0B51E468F
:104DF00003680D46003987B0044618BF01211868C2
:104E000017460AF0A3FF40B904F158000AF0C3F9AD
:104E1000002844D0002007B0F0BD002E41D0182259
:104E2000002168460CF0D7FF47BB23681E4A1B6869
:104E300000930023ADF812300C9B0393BDF834307F
:104E4000ADF8103001238DF8143031466B463046F2
:104E50008DF8085009F090FF9DF81430C3B1002F71
:104E6000D8D00198FBF73AFE9DF81430002DD1D030
:104E70003246294620460AF0D6FACBE700223946C8
:104E80002046FFF735FD01900028CED11120C2E762
:104E900001990029BED020460AF0B7FABAE71220DD
:104EA000B9E70120B7E700BF17ED0200F8B54FF4EE
:104EB0007022074600230D480E4608F0E7FB044623
:104EC00090B100F10C050921284608F034FC204679
:104ED000FBF750FD064B182202FB00330121284648
:104EE0009F6008F033FC06702046F8BDA009002042
:104EF000D03600202DE9F0410E8A043EF6B2022E93
:104F000004468CB0084601D0102E64D104210C3028
:104F100008F043FC0DF1080805884788011D32465A
:104F2000404608F060FF002857D09DB3002687B3A5
:104F3000BD422FD84FF4205301A940468DF804609C
:104F4000ADF8063008F021FF40BB1422002107A86D
:104F50000CF041FF11212046FFF7A8FF099000281F
:104F600037D001210C30CDE9074808F0EFFB0023D2
:104F70000A901B4A037039460B93284607AB09F089
:104F8000FBFE0A9B1B78FBB90998FBF7A7FD0A23D8
:104F900001E03D4601232A4610210EE042F60103BE
:104FA00007A940468DF81C60ADF81E3008F0EDFEF4
:104FB0000028CAD010232A46194620460AF033FAA0
:104FC00000200CB0BDE8F081099920460AF01DFAD6
:104FD000F6E71120F5E70420F3E70E20F1E700BF24
:104FE000A94902002DE9F043036885B004460D4647
:104FF000186801210AF0AAFE40B904F158000AF02D
:10500000CAF8B0BB122005B0BDE8F0831022002121
:1050100068460CF0E0FE21212046FFF747FF029092
:1050200048B3DFF85890009405F10C074FF00108E1
:105030002B8A012B04D8029920460AF0E6F918E0E1
:10504000384608F0B2FB6B464A46014606468DF8E4
:105050000C8009F091FE9DF80C30002BE8D00298EE
:10506000FBF73CFD9DF80C303246202120460AF02B
:10507000DAF90020C7E71120C5E700BFFBF1020005
:105080002DE9F043036885B004460D4618680121F8
:105090000AF05CFE40B904F158000AF07CF8B0BB9D
:1050A000122005B0BDE8F0831022002168460CF004
:1050B00092FE0F212046FFF7F9FE029048B3DFF879
:1050C0005890009405F10C074FF001082B8A012B32
:1050D00004D8029920460AF098F918E0384608F0FA
:1050E00064FB6B464A46014606468DF80C8009F083
:1050F00043FE9DF80C30002BE8D00298FBF7EEFC45
:105100009DF80C3032460E2120460AF08CF9002022
:10511000C7E71120C5E700BFB5F10200F0B51D4695
:10512000036885B004460E461868012117460AF048
:105130000DFE38B904F158000AF02DF848BB1220D2
:1051400005B0F0BD65B31022002168460CF043FEA7
:1051500039462046FFF7AAFE029018B3BDF8283062
:10516000ADF8043001238DF80C300F4A00946B46E3
:105170002946284609F000FE9DF80C305BB10298E4
:10518000FBF7ACFC9DF80C302A46314620460AF06D
:105190004AF90020D4E7029920460AF036F9F8E7E8
:1051A0000120CDE71120CBE7B5F102002DE9F04158
:1051B0000D8A043DEDB2022D04468CB0084601D0A4
:1051C000102D68D104210C3008F0E7FA0DF1040825
:1051D00006884788011D2A46404608F004FE00283C
:1051E0005BD0BEB3AFB3BE4234D800238DF81830C5
:1051F00006A942F62A334046ADF81A3008F0C5FD3C
:1052000080BB182200210DEB02000CF0E4FD092107
:105210002046FFF74BFE089000283AD001210C30C1
:10522000CDE9064808F092FA0023099003700A239A
:105230008DF82C301A4A06AB3946304609F09CFDF1
:105240009DF82C3003B30898FBF748FC9DF82C30F0
:1052500001E03E4601233246082120460AF0E3F8E9
:1052600000200EE02368012118680AF06FFD002875
:10527000C7D104F1580009F08EFF002814BF0020A8
:1052800012200CB0BDE8F081089920460AF0BDF864
:10529000E6E71120F5E70420F3E70E20F1E700BF71
:1052A0002D4B02002DE9F0430F4687B0044606213E
:1052B00007F10C0008F071FA0588B0F802808288C6
:1052C000D7F80C90C5B10023B8F1000F13D0A84552
:1052D00012D38DF800308DF8043001A94FF420531B
:1052E0006846ADF80220ADF8063008F04EFD0646DF
:1052F00060B10A2301E0454601232A4606212046E3
:105300000AF091F8002007B0BDE8F08301461422AE
:1053100001A83F7C0CF05FFD07212046FFF7C6FD8A
:105320000290D8B10A238DF815300D4A019401ABD3
:1053300041462846CDE903698DF8147009F01CFD3B
:105340009DF815302BB10298FBF7C8FB9DF815307E
:10535000D3E7029920460AF058F8D3E71120D2E7A4
:105360008FED02007FB5CB681D885E88044685B14D
:1053700076B1B5420DD81022002168460CF02BFD05
:1053800005212046FFF792FD019058B9112007E052
:10539000354601232A46042120460AF044F800201D
:1053A00004B070BD6B46094A00943146284609F0A6
:1053B000E3FC029B23B90198FBF790FB0A23E9E782
:1053C000019920460AF021F8E9E700BFD5EE020076
:1053D00013B50B46002101910E4902460CF060FD09
:1053E0000C680D4909580D488C4208BF002201A9DC
:1053F00008BF134604F056FB014640B9019B10223A
:1054000018460CF0E8FC0346184602B010BD002315
:10541000FAE700BF60370020080000000009002004
:1054200010B50446806818B1FBF758FB0023A36051
:1054300021460248BDE810400BF078BF000900206B
:105440002DE9F347044678300E4617461D460CF00A
:105450003EF9E06D30B9206809F059FF002002B034
:10546000BDE8F087104B98424FF0000802D1C4F815
:105470005C80F0E7D0F80490C0F80480E06DD0F8CC
:105480000CA0FFF7CDFF2068C4F85C8009F03FFF57
:10549000B9F1000FE2D02068CDF800A000683B46CB
:1054A00032462946C847D9E764370020F7B550F897
:1054B000044C0546002C59D000F1A40104F124004D
:1054C00009F04EFE2E1F05F15C070022002338462E
:1054D00004F0CAFB024678BBAB6D2BB101466FF0FE
:1054E00067033046FFF7ACFF002345F8043C05F1A5
:1054F0005403BFF35B8F53E8001F21F0010143E821
:105500000012002AF7D1BFF35B8F636A73BB04F10B
:105510000C0600220023304604F0A6FB78B966682A
:1055200086B91348266021460BF000FF286803B0B7
:10553000BDE8F04000F092BDFBF7D0FAC5E7FBF7FD
:10554000CDFAE6E7A26833686360964208BFA360BD
:1055500077683FB1F3680093002320681A466FF024
:105560006701B8473046FFF75BFFD8E703B0F0BDEF
:10557000C808002070B550F8783C92B0064618680C
:1055800009F004FA0378044607AD032B24D8DFE8BA
:1055900003F0021D1F2113492846F6F798FBA37953
:1055A000059562780492A2780392E27802922279B9
:1055B0000192627900921E210B4A0AA805F0EAFEC8
:1055C000A6F17400FFF772FF12B070BD0749E3E760
:1055D0000749E1E70749DFE7074A0A21284605F0BE
:1055E000D9FEDCE7C13D0300EA3D0300C83D0300EE
:1055F000CF3D0300D93D0300E33D0300F8B51D4650
:105600000F461646FBF7B6F9044C182303FB00407F
:10561000C0E903760123C3800575F8BDD0360020AC
:1056200008B530B9074908480AF082F838B1074888
:1056300008BD054A12F8011C09F080F9F6E70020C0
:10564000F6E700BF2A4D03008D3700208C3700207D
:1056500010B5074C2378834207D1601C0AF068F824
:10566000002814BF2046002010BD0020FCE700BF2A
:105670003A3A002010B54A1C0C4638B1097809F0B6
:105680005DF908B1204610BD0020FCE70249104634
:105690000AF04EF8F5E700BF2A4D03002DE9F84364
:1056A0001E46BDF82030D1F80C8081460F46002BF5
:1056B0003DD1731E012B3DD8012E4146157818BFF0
:1056C0001588FFF7D7FF044680B915B93046BDE805
:1056D000F8834146FFF7CEFF044670B309F170012D
:1056E00001300AF03CF899F808302370D8F81030EF
:1056F0008BB92581B8F80A30AB4203D04146384611
:1057000009F0F1FF002DE1D10D49601C0AF027F8E6
:1057100025702581DAE72A46394648469847002809
:10572000D5DB01380128E4D96FF00D00CFE76FF029
:105730000600CCE76FF00C00C9E76FF01000C6E779
:105740002A4D0300024608B5084901300AF007F85F
:10575000002313720C32BFF35B8F52E8001F42E844
:1057600000300028F9D1BFF35B8F08BD2A4D03003C
:105770002DE9F04180460F4616461D46FFF768FFAB
:10578000044648B90B49FFF763FF044680B100F8AF
:10579000018B394609F0E3FF228963891AB92BB9D5
:1057A0002681658104E0964238BF26819D42F8D863
:1057B000BDE8F0812A4D03002DE9F041234B154649
:1057C00082689A42074602D1C468638933BB0120CC
:1057D000BDE8F081FEF70AFBE36800216181002B40
:1057E000F5D038469847F2E705F17008287A414627
:1057F00008F016FD68B9164B9C4202D1284609F004
:10580000B5FF1449304609F0AAFF00232370238115
:10581000E2E74146304609F0A2FFDDE72389002B8D
:10582000DAD02646284616F8011B324609F086F8DB
:105830000028D9D120783146FEF7CCFD0028CBD006
:10584000837A072BC6D1FEF7D1FAC0E79D56020036
:10585000980600202A4D030010B504461448BFF3F3
:105860005B8F50E8003F23F0020340E80032002A3B
:10587000F7D1BFF35B8FBFF35B8F0368BFF35B8F21
:10588000DA0704D500220023303804F0A9FC2046B2
:1058900009F0FEFE50B12046FFF7C2FE30B1037A98
:1058A000DB0703D5BDE810400AF09EB810BD00BF6D
:1058B000C01C002010B51548012109F041FFC307A5
:1058C00023D40221114809F03BFF084007D11049B9
:1058D000104A0B88104CA24211D300B10B800F4923
:1058E0000F480BF0E8FE0E484FF4A4720023FCF7BB
:1058F00093FCBDE810400B490B480BF0DCBE506830
:1059000003449BB208320120E5E710BD9C3700201C
:10591000463A0020B4210300D4210300295B020091
:10592000181C0020095D0200901C00202DE9F041A8
:10593000034648B1008A38B91249DFF84CE0012427
:105940004FF0140C714501D3BDE8F081D1E9007628
:10595000BB4204D30CFB0672143A93420ED9344472
:10596000A2B208311446EDE70CFB0578434507D099
:1059700001356219B54292B2F6D1F2E70025F8E797
:105980001046E1E7B4210300D42103002DE9F74FCD
:10599000BDF83050009199464FF6FF73002D08BFB7
:1059A0001D46244B1B888342074690463CD203B0D9
:1059B000BDE8F08F73682344BB4232D29CB20836F4
:1059C0001D4B9E42F6D3F2E789580193404608F0FA
:1059D000DCF9019B90B101340AF1010AA4B27368A9
:1059E0005345ECD9009B9C42E1D8BC423168F2D3CC
:1059F0000BFB0AF28B18B8F1000FE5D1B9F1000FDB
:105A00000BD1013DADB218460E9A0D9B2146984729
:105A1000002DCCD00028DED1C9E7DA689145DAD173
:105A2000EFE74FF0000ADAE7044E01244FF0140BC1
:105A3000C6E700BF463A0020D4210300B42103008A
:105A400010B5C8B000231AAA694604A8CDE90033EE
:105A5000CDE9023307F0FDFCD8B14FF6FF7101200C
:105A60000D4A04AB0AF087F80C4804A907F086FD3C
:105A700078B10A4B082203F11001187811F8014D92
:105A800003F8014B013A0870F7D10548082109F0E5
:105A900057FE48B010BD00BF43F90200081C0020AB
:105AA000C01C0020F8B51D49BDF818600446A1F1DE
:105AB00030001F4615460BF01DFEBFF35B8F184BE1
:105AC0001B68BFF35B8F190701D4FFF7B9FF2046AE
:105AD000FFF7A6FD014670B1037ADA070BD5BFF3D5
:105AE0005B8FCB68BFF35B8FDB0700F10C0002D448
:105AF000022109F025FE102E0CD8C6F11004094928
:105B0000BC42A8BF3C462246314428460CF03BF933
:105B10002046F8BD6FF00604FAE700BF481C0020DD
:105B2000C01C0020081C0020054BBFF35B8F1B68C6
:105B3000BFF35B8F1B0701D4FFF782BF704700BF25
:105B4000C01C002007B500230193FFF7EFFE411CA6
:105B500089B20846034A01AB0AF00DF8019803B078
:105B60005DF804FBE1F602002DE9F0478946516833
:105B70004F8A17F094078046154642D102220AF058
:105B800023F8002840D04FF470200021AE8AFFF7A0
:105B90001FFC0236044660B11D4B4360C5603246AF
:105BA0001D21404609F097FC064638B92046FFF70C
:105BB00037FC6FF00B052846BDE8F08701233A4615
:105BC000394606F10C0AFFF719FD0221504607F08D
:105BD000BDFD0746504627F8029BA98A07F0B6FD8F
:105BE000AA8A296938460CF0CEF8A66021464046BC
:105BF00009F031FD05460028DDD02046FFF710FCF6
:105C0000D9E74FF0FF35D6E76FF01505D3E700BFB2
:105C1000FBF6020030B5394BBFF35B8F1B68BFF357
:105C20005B8F5A078BB004460D4661D510B1837A5D
:105C3000072B60D168680590FFF778FE2A68ADF8F9
:105C400018003AB305A902912D49019101210023C1
:105C500000914FF6FF710593FFF798FE059B1BB966
:105C60006FF001000BB030BD6B60059B186800231E
:105C70008DF8103004A942F60303ADF8123008F095
:105C800084F870B90598C3689B799B0605D46FF0BA
:105C90001500E7E70028E8D1E2E709F01AFFADF8C0
:105CA0001800BDF818003CB101230146AB752A4627
:105CB0002046FFF759FFD5E76FF07F0307930223D4
:105CC000ADF8203042F60213ADF8123005ABAC75DA
:105CD00002930C4B01930123009304AA23464FF631
:105CE000FF7109958DF81040FFF750FE0798B9E74E
:105CF0006FF00A00B6E76FF07F00B3E70C040020F6
:105D000029F70200155F020013B550F8082C019224
:105D10000346A0F1200100F13004BFF35B8F54E88B
:105D2000002F22F0010244E800200028F7D1BFF341
:105D30005B8F0D4A43F81C2C0C4A43F8182C01AA1F
:105D4000002043F8102C042223F8080C23F8060C3A
:105D500023F80C2CFFF75EFF18B90221204609F04A
:105D6000EFFC02B010BD00BF5429030059580200D7
:105D700070B5274B156882689A42044645D1C668BB
:105D80003389002B41D03246284612F8011B08F017
:105D9000D5FD002839D04FF495722146284609F0E8
:105DA000F7FE032831D03146204609F09CFC194B00
:105DB0009E422AD1287A05F17001FFF749FC04467A
:105DC00018B303890BB94389FBB12846FEF7F2F8F3
:105DD000114A238922F8203002EB8003618959801F
:105DE0000E490F4C182303FB001300B202EB800294
:105DF00000EB40005C601A610A4C9C60042201EBDD
:105E0000C00128469A82FFF705FF012070BD00BF40
:105E10009D56020098060020363A00207437002074
:105E20005429030075FA020030B5374BBFF35B8F7E
:105E30001B68BFF35B8F5A078BB004460D465DD5D8
:105E400010B1837A072B5CD168680590FFF76EFD6F
:105E50002A68ADF818003AB305A902912B490191BF
:105E60000121002300914FF6FF710593FFF78EFD8E
:105E7000059B1BB96FF001000BB030BD6B60059B3B
:105E8000186800238DF8103004A942F60303ADF81A
:105E9000123007F07AFF70B90598C3689B79DB066A
:105EA00005D46FF01500E7E70028E8D1E2E709F034
:105EB00010FEADF81800BDF818002CB101462A46B6
:105EC000204609F005FFD7E742F60212ADF812208E
:105ED00005AA6FF07F0302920D4A07930123CDE9D3
:105EE0000032ADF8203004AA23464FF6FF71099521
:105EF0008DF81040FFF74AFD0798BDE76FF00A00E4
:105F0000BAE76FF07F00B7E70C04002029F7020022
:105F1000155F0200F8B53B4B144682689A4207466B
:105F200001D00120F8BDC668374B9E4250D032895F
:105F3000A3899A4206F10101F3D13078FEF74AFABB
:105F400005460028EDD0837A072B05D0FDF74EFFDC
:105F5000E7E7FDF74BFFEAE7736923B13946984756
:105F600008B92846F2E77B8A13F09407F9D1A38990
:105F7000022B14D1338913F0020604D12846FDF711
:105F800035FFA660CDE72269A1882846FFF7ECFD22
:105F90000646A8B92269937D01339375EEE7012B7C
:105FA00004D02846FDF722FFA760BAE7338913F033
:105FB0000106E3D02269A188284609F089FE064639
:105FC0002846FDF713FF002EA660AADA0020A9E7F5
:105FD0000E4D0F49284609F0ABFB0028A7D115F854
:105FE000010C07222946FEF70FFA0028B1D12369D8
:105FF00015F8010C1A69294653881288FFF7B8FB77
:1060000095E700BF9D560200980600203B3A00200D
:106010002A4D030007B5064A00906B4601204FF653
:10602000FF718DF8040009F0A6FD03B05DF804FBD4
:10603000715D0200F8B5084B1C6805460E46174610
:106040004CB154F8043C043C1BB13A463146284656
:1060500098476468F4E7F8BDA037002070B50346A0
:106060000F4A04464FF6FF71012009F084FD2046D7
:10607000FFF7D6FA054688B104F17006207A31465A
:1060800008F0CEF820B92846BDE87040FFF75ABBAB
:106090003146681CBDE8704009F061BB70BD00BFAF
:1060A000B9570200044B186818B9044A5A600B60CB
:1060B00070476FF00B007047A8370020582A030084
:1060C000084B70B5C31A0D4607499B100446594347
:1060D0000648402209F0E7FE2B4601462046BDE86F
:1060E0007040184710380020B76DDBB66C1F0300F6
:1060F00073B50C4C0C4A4023041B00930D460B4611
:106100000A49A41061430646094809F0F8FE011E39
:1061100005DA30462B4602B0BDE87040184702B0A1
:1061200070BD00BF1038002069FF0200B76DDBB6FC
:106130006C1F0300002270B5012104461046FAF7D7
:106140000DFA0F4802F084FA0E4B984215D10AF06E
:1061500042FA26690C49304606F047FE00280BDB60
:10616000012535642469084904F11C0006F03DFE50
:10617000002801DBE564002070BD6FF00400FBE740
:10618000E56202000000AD0B802A03007FB500220B
:106190000123CDE9022304ABCDE90433094ACDF84C
:1061A00000D06B46CDF804D009F0D7FE002805DBFF
:1061B0004FF480420023684603F0AEFD07B05DF85F
:1061C00004FB00BF81FF020010B5074C23782BB9F8
:1061D0004FF4A5700AF0F3FF01232370BDE81040CF
:1061E000002002F025BA00BF8D48002010B5EFF363
:1061F0001184402383F31288BFF36F8F074A13681B
:1062000023F00201DB07116002D401200AF0DEF95D
:1062100084F31188BFF36F8F10BD00BF603800207A
:1062200030B4104B0C2202FB003301460020D3E9AE
:106230000E529863EFF31180402484F31288BFF369
:106240006F8F1C6C04F0C00444F002041C6480F3E3
:106250001188BFF36F8F1DB12B46034830BC184720
:1062600030BC7047103800206C1F030010B4EFF3EF
:106270001182402383F31288BFF36F8F17480168A0
:1062800041F002040460C80707D482F31188BFF309
:106290006F8F012010BC02F0CBB94FF08041D1F8D4
:1062A0000C04D1F80C14C907EFD5EFF3118083F378
:1062B0001288BFF36F8F0A490B6C03F0C00343F0E1
:1062C00002030B6480F31188BFF36F8F82F3118890
:1062D000BFF36F8F002010BCFFF7A2BF6038002013
:1062E0001038002010B1012804D07047034B1B6CFC
:1062F0005B0701D1FFF794BF704700BF1038002043
:106300002DE9F0413849BFF35B8F0746012251E880
:10631000003F41E800200028F9D1BFF35B8F33B97B
:10632000324933484B60CB608A6006F071FD7B1EBA
:10633000012B2BD8012F07D14FF08043D3F81C3409
:1063400003F00303012B21D00BF004FA0546F8B942
:10635000284B1B78E3B14FF080430222C3F8082397
:106360000646DFF894804FF08044D4F81824D4F81F
:106370001834D20315D503F00303012B01D0012FEC
:106380000FD155B386F31188BFF36F8FBDE8F0814D
:10639000EFF31186402383F31288BFF36F8F01253B
:1063A000DFE7ADB1304607F047F9D4F81835002BD8
:1063B000DBD1D4F80421002AD7D0C4F80431D4F8B2
:1063C00004310123C4F81835C8F88031A360CCE744
:1063D0000021212004F01CFAE7E74FF0804302225D
:1063E000C3F80423D2E700BF0C380020FC3700209C
:1063F0002C380020EC4B002000E100E008B50748F5
:106400000AF0E2FE38B10648FAF772FA0448F9F7E2
:10641000BBFB002008BD6FF01200FBE7BC1F0300B0
:10642000256402000A2838B5074D044604D1AB683C
:106430000D215B6828469847AB6803485B68E1B26A
:106440009847204638BD00BFBC1F0300EFF3118200
:10645000402383F31288BFF36F8F0A4BD3F80011E8
:1064600061B10021D3F80805C3F80011D3F8003159
:10647000C0B282F31188BFF36F8F70476FF00A00CC
:10648000F7E700BF00D00040F0B5034610469C7807
:1064900093F803C0EFF31182402585F31288BFF310
:1064A0006F8F1F7893F801E0E41B04EA0C04A0420C
:1064B00088BFA0B23E180CEA06063D461E7082F365
:1064C0001188BFF36F8F0A188A4216D177450CD115
:1064D000EFF31182402181F31288BFF36F8F197897
:1064E000597082F31188BFF36F8F1B79241AA3426E
:1064F00022BF064B01221A60F0BD5E190135767984
:1065000001F8016B05EA0C05DEE700BF00D0004092
:10651000DB432DE9F04713F001050E46144604D085
:106520002248FFF7B1FFBDE8F0879AB3EFF3118877
:10653000402383F31288BFF36F8F0D20FAF700F822
:1065400007460D20F9F7E8FF88F31188BFF36F8F36
:10655000DFF85CA0DFF85C80CAF80051DAF800319F
:106560004FF400590123CAF800302546C8F880913D
:10657000DAF8003183B1FFF769FF031EC8F8809194
:10658000F6DB013DADB27355002DF1D117B10D20F1
:10659000F9F7B4FF2046C6E7EFF31180402383F3F9
:1065A0001288BFF36F8F07F047F8E1E794380020B7
:1065B00000D0004000E100E02DE9F041124F0D460F
:1065C000144607F1450814B92046BDE8F0814FF0A4
:1065D000FF334FF0FF32384603F09EFB2246294638
:1065E0004046FFF751FF0646384603F06FFB3EB9C1
:1065F0004FF0FF324FF0FF33044803F08DFBE6E726
:10660000A41BA4B23544DEE7643800207C380020A7
:1066100038B5194C0122114620460AF05EFF0122CE
:10662000002104F118000AF058FF40F20743A4F8D3
:1066300048304FF0706323630C2384F83430002516
:106640000E4B84F84550A4F84650D3F8042522F0A8
:106650000102C3F804250121C3F80051D3F8002139
:10666000C3F804132A4619600D20F9F777FF0D20AF
:10667000F9F744FF284638BD6438002000D00040B8
:1066800010B5FFF7E3FE002820DB174B93F832200C
:1066900093F8314093F83310141B31EA0404C0B26C
:1066A0000DD193F8472093F8464093F84810141BF7
:1066B00031EA04040BD10D4B01225A600EE09C1804
:1066C0000132114084F8350083F8321010BD9C1857
:1066D0000132114084F84A0083F847100448BDE8AD
:1066E000104003F0F3BA00BF6438002000D000402F
:1066F0007C380020024B0B6001231360704700BF01
:10670000B838002000487047DC2A030010B5012289
:1067100011460748074C0AF0E0FE01F0E3FF0AF0DB
:10672000E2F820600AF0DBF86060002010BD00BFD6
:10673000C0380020B8380020F0B587B00E461546A6
:106740000AF0CDF829460746304609F051FCC8B397
:10675000B6FBF7F307FB1363A3BBB5FBF7F407FB2B
:1067600014547CBBAF4222D84FF0FF324FF0FF33BE
:10677000164803F0D1FA09F031FF02AB01461022AE
:10678000C0B1214618460BF026FB01228DF81420DB
:106790000F4ACDE900200F48CDE9036501F0AAFFBB
:1067A000684601F0ADFF0446084803F08FFA204622
:1067B00007B0F0BD18460BF00EFBCDE9036509F0FC
:1067C000F3FBF0E76FF01504F1E700BFC0380020DD
:1067D000A9FF0200645E010038B5037B04460BB1DB
:1067E00009F008FF0125A368032B06D8124AD2F846
:1067F0000034DB07FBD5002038BD236860681968CA
:1068000002F0F4FD6368043363602368043323609B
:10681000A368043BA360237B0135002BE3D028460B
:1068200001F0DCFF0028DED0034AD2F80034D9079B
:10683000FBD50120E0E700BF00E0014070B50D4648
:1068400086B01946284616461C4609F0D1FB60B3AF
:1068500045EA04039B0728D1FCB14FF0FF334FF00A
:10686000FF32134803F058FA09F0B8FE0346CDE9A9
:10687000026502A804949BB101238DF814300D4BDE
:10688000CDE9003041F64C5001F034FF684601F08C
:1068900037FF0446064803F019FA204606B070BDDB
:1068A0008DF81430FFF798FFF3E76FF01504F4E765
:1068B000C0380020D967020038B545682B69B3B1EC
:1068C0001035284602F056FC044680B90146284699
:1068D00002F01CFC084B98420BD10849224628467E
:1068E00002F0FCFB224605210620F9F737FE0020C6
:1068F00038BD6FF00400FBE70000AD0B016902003A
:10690000430970B507D10B4B596821B101250C68BB
:10691000094E854001B970BD8A682A4002D04B6893
:10692000304698471CB1236821461C46F2E72346AF
:10693000FAE700BFD8380020801F03002DE9F0439C
:10694000476840F20636D0063B7B87B002EA06066F
:1069500054BFC2F34010032001F01F05B6F5837F3A
:10696000144645EA43158DF8030043D00FD8062E90
:1069700018D007D8B6B1022E3ED06FF0150007B080
:10698000BDE8F083B6F5807FF7D101260AE040F23A
:106990000222964232D0B6F5407F31D0B6F5007F64
:1069A000EBD102260123220303FA01F12AD57B68E9
:1069B000C3F808153B695BBB05F01F026D0974D174
:1069C000920002F1A04284F48031D2F80037C1F382
:1069D0000041C4F3404423F4E16344EA410423F05A
:1069E00007031C4344EA800444EA0624C2F8004733
:1069F0000020C4E70726D5E70426D3E70526D1E71C
:106A00000326CFE7630344BF7B68C3F80C15D1E7C7
:106A100010370DF102022946384602F065FB14F4E6
:106A2000403F80460CD12946384609F04BFF214BA8
:106A30009845DDD19DF80210384602F0A5FBD7E756
:106A400001AB4FF0000903AA29463846CDE90439C5
:106A5000CDE90199CDF80C9002F01AFA154B984245
:106A60008BD114F4003315D09DF803308DF80E301F
:106A700084F48034C4F300444B4603AA29463846C4
:106A80008DF80C608DF80D4002F0B2FA094B984277
:106A9000CDD072E7CDE9043303AA0DF103032946F3
:106AA0003846039302F0F4F9F0E702F5E07253F888
:106AB0002230FFDE0000AD0BF0B54068057B01F031
:106AC0001F0444EA4514056987B0002D60D0B2F573
:106AD000001F00F1100506D12146284609F0F4FEFA
:106AE000002007B0F0BD01AE0027B2F5800F01977E
:106AF000776038D1B3F1007F14BF052304238DF8EC
:106B000004300023CDE904630393836823FA01F181
:106B100011F0010119D1B2F1A07F16D104F01F03C9
:106B2000620903F5E07339D14FF0A04252F82330E7
:106B3000DB070AD40DF1030632462146284602F04F
:106B4000D3FA184B984219D0029603AA2146284638
:106B500002F09EF9144B98421DD10122214628468D
:106B600002F01EFBBCE7B3F1C06F05D0B3F1007FAC
:106B700014BF01230223C2E70323C0E7314628469E
:106B800002F008FB084B9842DED06FF00B00A8E73C
:106B90006FF08500A5E76FF01500A2E751F82330EC
:106BA000FFDE00BF0400AD0B0000AD0B2DE9F0438C
:106BB0005B4E5C4F00EB810140F2FF15814202D138
:106BC0000020BDE8F083046814F4804FC4F3C32CA4
:106BD000C4F3080340F09080240E16F80CC0AB42BA
:106BE00008BF4FF0FF33192C00F28980DFE804F072
:106BF0000D13191C1F251C87878787366387878796
:106C0000878787878787667B7E81C2F80C355C1C07
:106C10005ED10430D2E7C2F814355C1CF9D00024F0
:106C20005FE0C2F80835F2E7C2F81035F5E75C1C02
:106C3000C2F80835EDD0002404E05C1CC2F80C3525
:106C4000E7D001245FEA531E5CD14FF001084FF0FA
:106C5000A04E08FA03F9CEF80C950AE0C2F8083500
:106C6000BCF1000FD9D15C1CD3D00024A0464FF05A
:106C7000060CD0F8009009F4004EBEF1000F1CBFC6
:106C80004FF00008012403F01F0E5B0942D14FEAC8
:106C90008E0E0EF1A04EC9F34129DEF800373B40BD
:106CA00043EA890343EA0C2343EA080343EA440323
:106CB000CEF80037ADE7C2F80C35D1E7C2F8603541
:106CC000B3F1FF3F0468A4D0C4F30044002CB8D053
:106CD0005C091BD101244FF0A04E04FA03F8CEF852
:106CE0000885A046C5E7C2F86435E9E7C2F868350B
:106CF000E6E7C2F86C35E3E76FF0150061E76FF087
:106D000085005EE70023C3F80C35FFDE0023C3F8DF
:106D10000835FAE70EF5E07E002353F82E30F4E74D
:106D2000DB4E0300F0F8FCFF074BD3F8082142B11B
:106D30000020C3F80801D3F80821D3F818350B70E8
:106D400070474FF0FF30704700200040024BD3F8EF
:106D50008004C3F88004704700200040F8B50E4658
:106D60000AF0F8FC1A4D78BB64240127BFF35B8F4F
:106D700055E8003F002B03D145E80072002AF7D107
:106D8000BFF35B8F07D021200021013C03F040FDC1
:106D900014F0FF04EAD10F4C0023C4F81C31D4F8DE
:106DA0001C310123A360C4F81C654FF47A76D4F833
:106DB0001C3123B9012009F013FD013EF7D1012355
:106DC000E36000232B60F8BD01232B60E3E700BFE5
:106DD000E43800200020004073B5594A4368046934
:106DE0000021C2F800151E68054601AA304609F0C8
:106DF000DAF90028C0F28180019B3268197918689D
:106E0000FFF7D4FE002878DB6379012B1CD1A3792E
:106E1000032B19D1E379BBB9217911B1022913D11F
:106E20000E212368B3F5164F69D02BD8B3F5165F42
:106E300067D014D8B3F5966F65D008D8B3F5967FB0
:106E400064D0B3F5167F64D06FF0850055E0B3F5DC
:106E5000166F61D0B3F5965FF6D13A4B39E0B3F5D2
:106E6000E14F5CD007D8B3F5615F5AD0B3F5964FC8
:106E7000EAD1354B2DE047F612229342E4D14FF48C
:106E8000000326E0B3F5613F4ED011D8B3F5963F2D
:106E90004CD008D84DF6C022934249D0B3F5614F8B
:106EA000D2D12A4B15E0B3F5E13FCDD1284B10E00C
:106EB000B3F5612F3FD007D8264A93423DD0B3F5B2
:106EC000E12FC1D1244B04E0244A9342BCD14FF0BE
:106ED00080531B4A2D69C2F82435C2F86C1594E81A
:106EE000030085E8030004230020C2F80035C2F83F
:106EF0000801D2F808310123136002B070BD184BAD
:106F0000E7E7184BE5E74FF49E23E2E74FF4A033A1
:106F1000DFE74FF41C33DCE74FF41D23D9E7124BB6
:106F2000D7E74FF46C13D4E7104BD2E7104BD0E700
:106F30004FF46503CDE70F4BCBE74FF08063C8E715
:106F40000020004000B0130000A04E0000F0EB0055
:106F500000E0D70190D0030000705F0740420F00AF
:106F600000509D000050270000F0750000B0AF03F6
:106F700000903A0100D0BE0E7FB5054640682969F1
:106F80008A6D0B6E0ABBABB14C6D8B6616461A460A
:106F9000C96D0291CDE9004611B3002B18BF13460D
:106FA00000226946039302F057FB0E4B98420AD029
:106FB0006FF004032C69236404F1280002F086FEBC
:106FC000002384F86C3004B070BD4C6D13B19A424C
:106FD00028BF1A46002C8A6614BF16460026D7E73B
:106FE0000B46DDE70000AD0B2DE9F04F89B00E46F2
:106FF0000093436801938B8804699904074691467E
:1070000000F122814FF0FF324FF0FF3304F1100006
:1070100002F082FE6660D7F81080D7F804A098F8D6
:107020006D301BB1D8F800309E4279D0B6F804C05C
:107030001CF4006F40F03F811CF0090F40F03881D4
:10704000CCF34513082B40F033813568AF4B9D429C
:1070500040F22E810AF1080BBBE80F000DF10C0E77
:10706000AEE80F00DBF80030CEF80030A84B9D42B0
:1070700040F2F380A74B9D4240F2F280A64B9D4226
:1070800040F2F180A54B9D4240F2F080A44B9D421E
:1070900040F2EF80A34B9D422CBF4FF000454FF0D4
:1070A00080451CF0020F05950CF0040300F0E4800D
:1070B000002B14BF032302238DF81830CCF30013E8
:1070C0008DF81930DAF80030D3F808251CF0020FDB
:1070D000CCF340014FEA52104FF0010340F0D08052
:1070E000002840F00B8193404FF0A042C2F80C35CD
:1070F00098F86D302BB1504602F076FA002388F8EC
:107100006D304346884A03A9504602F039FA874B4E
:10711000984240F0BD80012388F86D30C8F80060C7
:10712000012384F86C30019B596A4A1C03D003F197
:10713000280000F02DF9B9F1000F40F0BF80C4F82D
:1071400044900023A36404F1580204F1480104F1BF
:10715000440009F045F8009B6065002B40F0B780C3
:10716000E3640023236504F1600204F1500104F19B
:107170004C0009F035F8E06520680023236448B12D
:1071800083683BB10121083009F03DF82368186994
:107190000AF015F83846FFF7EFFE0022A06C134600
:1071A000834240F09D800023256D1946A94240F09E
:1071B0009E809342264638BF13464FF4FA5202FB94
:1071C00003F556F8283B4FF000081B68B5FBF3F5B4
:1071D0004FF4004CC835414640F2E7304FF47A7224
:1071E0000023E5FB0C01E5F771FC02460B46304637
:1071F00002F092FD18B9256C15F1740F13D10198A6
:10720000C4F8688002F0F0F984F86D803F696FF08F
:1072100073053D6407F1280002F058FD87F86C8083
:10722000304602F09FFD2368A3B39A6892B3998811
:1072300011F480562ED1186909F0C1FF206831463B
:10724000083008F0E0FF25E0A369002B7FF4DAAEF8
:1072500063689E427FF4D6AEDDE64FF0007520E70E
:107260004FF080651DE74FF000651AE74FF080553D
:1072700017E74FF0005514E7003B18BF01231BE749
:1072800000283ED193404FF0A042C2F808352FE7C6
:107290006FF0040523689B8813F4005304D16360E6
:1072A00004F1100002F012FD284609B0BDE8F08F8D
:1072B0006FF01505EEE76FF08505EBE7D9F80030C4
:1072C0006364002B3FF43DAFD9F804303AE7009BEC
:1072D0001B68E364002B3FF444AF009B5B6841E70D
:1072E000616C01EBC301013349680A4458E7E06C63
:1072F00000EBC10001314068034457E7C1F80C15A9
:10730000FFDE0023C3F80835FAE700BF47E80100B5
:107310008FD003001FA107003F420F007F841E0093
:10732000FF083D0000127A00490303000000AD0B86
:10733000F0B587B001238DF8023002238DF80430B8
:107340006B4403930F4601AB0DF10301002404933A
:1073500005460291059401F01DFF0C4B984206462C
:107360000FD103AA3946284601F092FDB0420BD056
:107370009DF80310284601F007FF6FF0040007B0E6
:10738000F0BD6FF01200FAE72046F8E70000AD0B01
:107390002DE9F0410D46064609F098FA002207460D
:1073A0002946304601F0FCFE6B0905F01F0429D187
:1073B000A40004F1A044164BD4F80027134043F076
:1073C0000C03C4F8003709F019F880463368DB591C
:1073D0007BB100273046294609F076FAD4F8002719
:1073E0000B4B134043F00403C4F800373846BDE8A4
:1073F000F08109F003F8A0EB08000628E6D96FF049
:107400007307E7E704F5E074002353F82430FFDE48
:10741000F0F8FCFF70B5012383400E4ABFF35B8F89
:10742000DC4352E8001F01EA040542E80056002E42
:10743000F7D1BFF35B8F4FF4803282400648C0F82B
:107440000823BFF35F8FBFF36F8F0B4214BF012080
:10745000002070BDEC3800200010014070B40E49CF
:10746000D1E90034D01AC31844F1000422F07F4659
:10747000C1E90034A6F50013B3F5400F09D2074B5C
:107480001B681A0A1B069C19054B42F10005C3E94B
:10749000004570BC03F052BBD81C0020F03800201F
:1074A000E01C002011B3BFF35B8F0123104A83401F
:1074B00052E800CF4CEA030C42E800C10029F7D1A2
:1074C000BFF35B8F0B4A4FF480338340C2F8043321
:1074D000094BBFF35B8F1B68BFF35B8FC340DB07B8
:1074E00042BF064B4FF40032C3F80021704700BF83
:1074F000EC38002000100140E838002000E100E0F6
:107500000D4B1868010A0006BFF35F8F0B4BD3F8D1
:107510000435181841F10001B3F5801F0AD2084B59
:10752000D3E90023904271EB030303D210F1807082
:1075300041F10001704700BFF03800200010014009
:10754000E01C00202DE9F04F85B016461F469DF83F
:1075500040A00446FFF75EFF0190FFF7D1FFB04265
:1075600071EB070354D23E4B301A67EB010198428E
:1075700071F100014FD23B4B03EB0413D3E902231B
:107580009F4208BF96425ED037494FF4803804F1DD
:10759000500508FA04F8AD00C1F848832046ADB2A2
:1075A00008F020FF26F07F4B05F1804504F5A87315
:1075B00005F58835DC464FF003090293029A2CF05A
:1075C0007F4341F82230C1F84483D1F80435274A7B
:1075D0006FF00200C01A604420F07F40904232D920
:1075E000286868B1D1F804350393A3EB0B0020F0B1
:1075F0007F40B0F5000F26D9204608F0F3FE039B2C
:10760000BAF1000F07D109EB030C09F10109D5E725
:10761000BAF1000F09D06FF0150520460199FFF768
:1076200041FF284605B0BDE8F08F0123104ABFF3A3
:107630005B8FA34052E8000F184342E80001002985
:10764000F8D1BFF35B8F07490E98230101EB0412B9
:10765000C8500F9B5360C2E902670025DDE700BFF9
:1076600001008000C81C002000100140FDFF7F00C9
:10767000E83800207FB51C4C1C4BC4F80833C4F814
:1076800048331B4B00254FF0FF304FF0FF31C4F85B
:107690000855C3E902014FF48033C4F80433154B95
:1076A00002264FF400320121C4F804631120C3F80C
:1076B00080212A46F8F752FF1120F8F71FFF0E4AE3
:1076C0000123A360236013600C4B0D4A0093CDE9A6
:1076D000015500232846FFF735FF3046FEF710FE20
:1076E000284604B070BD00BF0010014003000F0029
:1076F000C81C002000E100E0EC3800205D740200AE
:10770000FFFF7F002DE9F7432B4CD4F80433990792
:107710000BD5D4F8043143B1284A0023C4F804310E
:10772000D4F80431136801331360D4F80433DA0356
:1077300023D5BFF35B8F224B53E8002F22F00101CA
:1077400043E800100028F7D1BFF35B8FD30702D4C2
:10775000D4F840318BB10025C4F84051D4F8403101
:10776000FFF7CEFEEFF3108272B6164BD3E9026735
:10777000B042B94104D282F3108803B0BDE8F0836F
:107780004FF0FF384FF0FF39C3E90289D3E9001009
:107790001D604FF48033C4F84833C4F84051D4F826
:1077A000403182F310880029E7D0009032463B46F2
:1077B00028468847E1E700BF00100140F03800206C
:1077C000E8380020C81C002030B5431C124C85B09E
:1077D00005D08442A8BF0446012CB8BF0124FFF79E
:1077E0008FFE0E4B0C4DD3E90013401AB0F5000F7D
:1077F00010D22218AA4228BF2A4652184FF0000081
:1078000007490091CDE9010043F10003FFF79AFE1B
:1078100005B030BD2A46F0E7FFFF7F00D81C0020EE
:107820005D74020008B5FFF76BFE024B1B68C01ABF
:1078300008BD00BFD81C002010B5084C01236360B0
:107840001120F8F769FE064BC4F80833C4F8483332
:10785000044B4FF40032C3F8802110BD00100140EA
:1078600003000F0000E100E002460B46014802F071
:1078700047B900BF30090020014802F0B9B900BF84
:107880003009002008B50A460146074805F044FAC9
:10789000064805F041FA002383F31188BFF36F8F88
:1078A0000323184602DF08BD0B4F0300DD4203002F
:1078B00070B5064688B023480D46234909F090FE6E
:1078C00000F0E2FD03A8E5F751FE204809F07CFC3A
:1078D00088B31F4B019301A8E5F7B0FE70BB4FF0D2
:1078E000FF304FF0FF31FFF7BFFF044638B91949A9
:1078F0001948E5F7F1FD044620B1FFF7BDFF20462A
:1079000008B070BD41F64C5302A80293F0F725FF72
:1079100020B1FFF7B1FF6FF08504F0E7012368465F
:107920008DF80030F0F711FF0028F2D1FFF7A4FF27
:1079300033691D60E3E76FF01204E0E76FF01504B0
:10794000DDE700BFF838002095040300941F030012
:107950002D7A0200E81C00201D7A020030B52D4867
:1079600085B0E5F72FFDE5F713FE18B16FF0850040
:1079700005B030BDE5F722FE0028F7D1E5F734FE6B
:107980000028F3D1E5F73EFE0028EFD1E5F748FEE9
:1079900004460028EAD1012501AA02218DF80450ED
:1079A000E5F752FD0028E3DB082301AA0721204662
:1079B000ADF80430E5F748FD0028D9DB164B0193FC
:1079C00001AA03212046E5F73FFD0028D0DB01AAEC
:1079D000042120468DF80450E5F736FD0028C7DB6A
:1079E0001F2301AA06212046ADF80430E5F72CFD3F
:1079F0000028BDDB40F6EE2398424FF00000B7DDD3
:107A000080F31188BFF36F8F0423184602DF6FF0F5
:107A10000B00ADE785780200FBFB03020149024839
:107A200009F009BEF8380020D827002010B403461A
:107A30000A46034881680C681946234610BC18475B
:107A4000941F030073B54FF0FF304FF0FF31FFF785
:107A50000BFF002864D1334E0DF10701304600F0D2
:107A600023FC0446FFF708FF002C59D19DF807308E
:107A7000042B25D130783E2816D0FF281BD04FF09C
:107A8000FF324FF0FF332146FAF718FC044670B37B
:107A90007278244902320C3005F05EFE224B1B68DE
:107AA00021462248984722E0B378022BE7D10022F2
:107AB00000230124E7E7B37803F0FD03802BF5E70B
:107AC000022B19D14FF0FF324FF0FF330320FAF7AA
:107AD000E5FB054658B172880432B2F5FE7F16D335
:107AE00084F31188BFF36F8F0423184602DF02B0BE
:107AF000BDE87040FFF792BF082BF8D14FF0FF327E
:107B00004FF0FF330520FAF7C9FB0546E3E731469E
:107B100005F10C0005F020FE034B29461B68C0E769
:107B200002B070BD8E480020F43800200C20030005
:107B3000F7B5844E33780446002B40F0AB83042322
:107B40008DF80730804B05881F68B7B10DF106032B
:107B50000DF10702711CB84701280ED09DF80630C0
:107B6000002B40F0C7819DF80730B3700E2201232F
:107B70007270F370B580B071C5E1B5F5105F4FEA72
:107B800095230AD2002B4ED0013B072B08D8DFE803
:107B900003F00907367A070707C13F2B00F05E8222
:107BA000012055E0204640F2064230F9033B934263
:107BB0000FD040F21D4293421ED0012040F20643F6
:107BC0009D4200F0978140F21D439D4200F092815A
:107BD0003EE0F0F71EFE42F264039D4240F2308325
:107BE00042F285039D4233D842F267039D4200F280
:107BF000388342F26603E8E7F0F70DFEEBE7204634
:107C000040F6634230F9033B934230D00DDC40F63E
:107C1000034293421FD040F62D4293421ED040F6BD
:107C20000142934212D0012064E140F67B4293422C
:107C300020D040F67C429342F5D19DF8073043496D
:107C400002338DF80730F0F7A7FC01E0F0F796FC5F
:107C50000128E8D087E7E5F7C9FDF9E79DF8073087
:107C60003A4903338DF80730F0F78DFCF0E7F0F771
:107C70008CFCEDE79DF80730344904338DF807306C
:107C8000F0F788FCE4E72388A3F58053013B082B39
:107C9000C9D801A252F823F0BD7C0200CF7C0200BB
:107CA000E37C0200277C0200277C0200277C020084
:107CB000277C0200277C0200037D02009DF807302C
:107CC000224808338DF80730F0F762FDC0E79DF8D1
:107CD00007301E4840338DF8073008F0DDFB0020E8
:107CE00041E79DF8073008338DF80730174B002225
:107CF0001A605A60F37A23F0600343F06003F37272
:107D0000EDE79DF80730114806338DF80730F0F79E
:107D100041FD9DE7204642F24B0130F8033B1AB289
:107D20008A4200F3B380B2F5005F42F264020FDCD6
:107D300095423FF478AF40F2928242F285030120EF
:107D400050E700BF894A002008390020904A0020EF
:107D5000A3F50053013B4A2BEAD801A151F823F0C7
:107D6000A77E0200B77E0200C97E0200317D0200BC
:107D7000117F0200177F02001D7F02002F7F02008B
:107D8000357F02003B7F0200317D0200317D020021
:107D9000317D0200317D0200477F0200597F0200E1
:107DA0005F7F0200657F0200317D0200317D0200AD
:107DB0006B7F02007D7F0200837F0200957F0200BF
:107DC000317D0200A77F0200B97F0200CB7F020055
:107DD000317D0200317D0200317D0200317D0200E3
:107DE000317D0200DF7F0200F17F0200038002008C
:107DF000098002000F800200317D0200317D020007
:107E0000317D0200317D0200317D0200317D0200B2
:107E1000317D0200317D02001B8002002D800200B6
:107E20003F80020045800200317D0200317D02006A
:107E3000317D0200317D0200317D0200317D020082
:107E4000317D0200317D0200317D0200317D020072
:107E5000317D0200317D0200317D0200317D020062
:107E6000317D0200317D0200317D0200317D020052
:107E7000317D0200317D0200317D0200317D020042
:107E8000317D0200317D02004B80020042F25E0330
:107E90009A4200F0BF8042F27C039A4250D042F2F4
:107EA00064039D4245E7F0F777FC42F264039D428C
:107EB0007FF491AE1EE09DF80730D24803338DF871
:107EC0000730F0F76EFCF0E79DF80730CD48083337
:107ED0008DF8073008F01BFB42F264039D4208D086
:107EE00040F2AD8142F285039D4240F2D1810020F3
:107EF000AEE600200F2373700423B3700123F070EB
:107F00003371A6F8055001233370002003B0F0BD93
:107F1000F0F749FCC9E7F0F748FCC6E79DF80730E1
:107F2000B84801338DF80730F0F741FCBDE7F0F7B2
:107F300040FCBAE7F0F73FFCB7E7F0F73EFCB4E7E8
:107F4000F0F765FCB1E79DF80730AE4801338DF8D6
:107F50000730F0F734FCA8E7F0F733FCA5E7F0F7BB
:107F600032FCA2E7F0F731FC9FE79DF80730A54906
:107F700007338DF80730F0F72AFC96E7F0F729FC75
:107F800093E79DF807309F4910338DF80730F0F7DD
:107F900022FC8AE79DF807309A4808338DF80730AD
:107FA000F0F71BFC81E79DF80730964902338DF806
:107FB0000730F0F714FC78E79DF807309149023359
:107FC0008DF80730F0F70FFC6FE79DF807300833A6
:107FD0008DF807308F23F371C023F3727CE79DF88F
:107FE0000730884902338DF80730F0F700FC5CE772
:107FF0009DF80730834804338DF80730F0F7F9FB1C
:1080000053E7F0F7F8FB50E700F046FA4DE708F0C9
:108010009BFA4AE708F09BFA47E79DF80730794852
:1080200008338DF80730F0F7E8FB3EE79DF807309E
:10803000744904338DF80730F0F7E1FB35E7F0F7CA
:10804000E0FB32E7F0F7DFFB2FE79DF807306D48E4
:1080500002338DF80730F0F7D8FB26E720464FF6BD
:108060000B4230F8033B934222D8B3F57C4F01D842
:1080700001206DE0A3F57C43013B0A2BF8D801A257
:1080800052F823F0418102005D81020071800200FC
:108090007180020071800200AD81020071800200D7
:1080A00071800200898102009B810200B38102007D
:1080B00003F5407292B21D2ADAD8A3F57D431D2B39
:1080C000D6D801A252F823F0C5810200F381020044
:1080D000F9810200FF810200098202000F82020082
:1080E000718002007180020071800200158202001E
:1080F00071800200718002001B8202007180020008
:1081000071800200718002007180020071800200A3
:1081100071800200718002002182020071800200E1
:1081200033820200718002007180020071800200BF
:1081300071800200718002007180020039820200A9
:108140009DF807302F480C338DF80730F0F726FAEA
:1081500025F008034FF60252934237E59DF80730A9
:1081600040338DF80730274B00221A80F37923F033
:10817000230343F02303F371337A23F0070343F01F
:10818000070333720020E3E79DF807301D481733DB
:108190008DF80730F0F71CFADAE79DF80730194838
:1081A00020338DF80730F0F765FAD1E7F0F70EFAD3
:1081B000CEE79DF80730134801338DF80730F0F70C
:1081C000AAFAC5E79DF8073040338DF807300D4B0C
:1081D00000221A60F37923F03F0343F03F03F37169
:1081E000337A43F080033372737A43F0020373727D
:1081F000C8E7F0F7A6FAABE7F0F7A5FAA8E7F0F7BB
:10820000A4FAA5E7904A0020F0F7A1FAA0E7F0F75A
:10821000A4FA9DE7F0F7A3FA9AE7F0F7A4FA97E734
:108220009DF807301D4904338DF80730F0F79DFAAB
:108230008EE7F0F7A9FA8BE7F0F7A8FA88E70020B5
:1082400042F226039D4217D842F20C039D427FF66C
:10825000B5ACA5F500530D3B114A9BB206E00120D9
:10826000EEE7A5F50153283B0E4A9BB222FA03F331
:10827000DB077FF5EDAC3DE642F232039D423FF471
:1082800039AEA5F50153033B012B3FF6E1AC31E6D6
:108290000020A9E44FF0FF3038E600BF904A0020EC
:1082A000411200032F80402038B5094C23780D4639
:1082B0001BB9BDE83840F0F751B9A278611C023211
:1082C00009F061FD0020042320702B7038BD00BF31
:1082D000894A002070B505460E46084C204608F035
:1082E00073FF38B1A368B2B2294620461B68BDE8C7
:1082F000704018476FF0120070BD00BF941F03005C
:10830000F8B51C4D1C4905F12002002808BF29467C
:10831000104602F0EDFC4FF0FF3200284FF0FF3323
:108320004FF0010014BF12270027F9F7B7FF00F143
:108330000C0602210446304605F008FA3E2303707D
:10834000222343700121304605F000FA092303700F
:108350002121304605F0FAF900F8017B2FB12022E7
:10836000FF2109F038FD2046F8BD05F1200108F095
:10837000DEF8F8E78C4B00203C4F03002DE9F0417C
:108380003C4BBFF35B8F1A68BFF35B8F022A1F461B
:1083900068D0042A6BD0012A4CD1374C374E2021AB
:1083A0002046FFF797FF002851D120223146204672
:1083B00009F0C7FB0028F2D03148214602F084FCC6
:1083C00005460028EBD14FF0FF324FF0FF3301207C
:1083D000F9F764FF00F10C0602210446304605F06F
:1083E000B5F93E230370422343700121304605F066
:1083F000ADF9082303704121304605F0A7F9064680
:1084000000F8015B2DB34022002109F0E4FCBFF32A
:108410005B8F002357E8002F47E800310029F9D18E
:10842000BFF35B8F8CB11748036921461B68BDE819
:10843000F04118470022BFF35B8F53E8001F43E869
:1084400000200028F9D1BFF35B8FBDE8F0811F2524
:10845000B9E70B4908F06BF8203106F1210008F06C
:1084600066F8D4E70020FFF74BFF0446CFE7012072
:10847000F9E700BF1C3900208C4B00203C4F030063
:10848000AC4B00200C2003000149024809F0A8B8B9
:10849000430503000C39002008B50B4BBFF35B8F7D
:1084A000012253E8001F002903D143E800200028DF
:1084B000F7D1BFF35B8F05D10449054809F0BBF83C
:1084C000002008BD0C20FCE71C3900200C390020DE
:1084D000D827002010B50029114BBFF35B8F04464D
:1084E0000CBF0222042253E8001F002903D143E8F5
:1084F00000200028F7D1BFF35B8F0ED10948214639
:1085000008F015F8084804F1200108F010F80749B0
:10851000074809F090F8002010BD0C20FCE700BFD0
:108520001C390020AC4B0020CC4B00200C39002023
:10853000D827002008B50A460146074804F0ECFB9E
:10854000064804F0E9FB002383F31188BFF36F8F23
:108550000323184602DF08BD5C4F0300DD42030021
:1085600037B53223ADF80430154A0023012519210F
:1085700068468DF80630ADF800508DF80230EEF701
:10858000F5FF0446C0B94FF4AF60F3F7F5F90D48B5
:108590002946F3F7ADFA044670B901462A46082089
:1085A000F7F7DCFF2A4621460B20F7F7D7FF2A46CC
:1085B00021462846F7F7D2FF204603B030BD00BF62
:1085C00035850200203900200149024809F033B8FE
:1085D00050390020D827002037B50D4D0D49002413
:1085E00000946FF009034FF48062284601F05CFDAF
:1085F0000949284601F0FAFD0849094808F0F0FF4A
:10860000224604211920F7F7A9FF204603B030BD08
:10861000D8270020306B0020714F0300790503003C
:1086200050390020014B00201B681847603900209A
:1086300020B1012806D10448ECF746B9034B0120CC
:108640001B681847704700BF25860200603900206C
:10865000014B186001487047603900200000AD0BE5
:1086600010B51D48BFF35B8F0368BFF35B8F23B961
:10867000062904D8042923D839B1002010BD0729C0
:10868000FBD1403801F022FBF7E750F8203CA0F185
:108690004004D3E900209047012805D00223E0637D
:1086A00084F834300D48E9E747F23053236303235D
:1086B00084F8343004F1240384F82900A363F1E73B
:1086C00000F8173C064B40F8103CA0F11C01403864
:1086D000007EF3F74EFAD0E7A43900209839002045
:1086E000FF3F420F02480122002108F0F6BE00BF02
:1086F00064390020014BD861704700BF6439002005
:1087000038B54FF0FF3105464FF0FF30FFF7ACF8BA
:108710002E492F48ECF73AFA0446FFF7ADF8002C43
:1087200051DB2C4C40F201132385E369256264334D
:10873000E36247F23053236300226FF0730384F83F
:108740002420E36304F14005BFF35B8F55E8003F4D
:1087500045E800210029F9D1BFF35B8F4FF0FF31CD
:108760004FF0FF30FFF780F804F12401207EF3F78B
:1087700000FAFFF781F8184A0023204601F0CCFAEE
:1087800000280ADABFF35B8F012355E8002F45E884
:1087900000310029F9D1BFF35B8F4FF0FF314FF06B
:1087A000FF30FFF761F8207EF3F7C5F9FFF764F8B3
:1087B000BFF35B8F236CBFF35B8F13B1054801F0F0
:1087C000D1FAE06B38BD6FF00B00FBE77C3900207D
:1087D0006186020064390020447B0B00074B0122B4
:1087E0001A64D3F84035B3FBF0F01844044BDB694E
:1087F000984234BF00200120704700BF0080004035
:1088000064390020F0B5816885B01039054621F043
:10881000070404F0E1FB0B4B6E4603F1100C3246EB
:1088200018685968374603C7083363453E46F7D191
:1088300010232146284604F086FB003818BF01208B
:1088400005B0F0BDFA2D030030B50D46816887B044
:10885000102302AA1039044604F060FB002802DA53
:10886000012007B030BD102202A9204607F0D7FE34
:1088700000283AD11E49102202A809F062F9002806
:108880000CBF012302232B70204607F0B4FE012306
:1088900001460DF10702204604F040FB0028DFDB13
:1088A0009DF8073003F00F021B096A702B7101223B
:1088B0000DF10701204607F0B2FE10B96B78042BCA
:1088C00003D901236B7000232B71A268183A22F0A0
:1088D0000702083AA91C204607F0B4FE0028BFD1C1
:1088E000E91C204607F007FFBBE70323CBE700BFE7
:1088F000FA2D03007FB5264D4400694655F8240043
:1089000007F0FFFE002835D1013402A955F82400F4
:1089100007F0F7FE01282BD103238DF808308DF8DE
:108920000B309DF800509DF808601A4A002410781A
:10893000294607F066FE18B35078314607F061FE0D
:10894000F0B19378042B03D09DF80310994217D10E
:10895000D378042B03D09DF80B10994210D11379D2
:10896000042B09D15079831E022B03D804B070BDAB
:108970000028D6D0FF20F9E79DF802109942F1D0E7
:108980000134032C02F10602D1D10120EEE700BF31
:10899000102C03007B4F03004FF0704393F8E02F3F
:1089A000062A09D1D3F8E83FC3F30313033B042B92
:1089B00002D8024AD05C7047002070479C4F0300E9
:1089C000024AD2F80034002BFBD0704700E001408F
:1089D00010B507F0F6FE40B14FF080538E4AD3F841
:1089E0002433C3F30423C2F84035FFF7D5FF10B199
:1089F0008A4B8B4A5A6707F0E4FE48B14FF0805328
:108A00004FF08042D3F84432C3F34233C2F83C35CE
:108A1000FFF7C2FF30B1834AD2F8FC3023F08073F5
:108A2000C2F8FC3007F0CDFE40B14FF08043002289
:108A3000C3F80C21C3F81021C3F83825FFF7ACFFA9
:108A400020B14FF080430322C3F8A025FFF7A4FF15
:108A500060B1754B0522C3F810260122C3F88826A1
:108A60000022C3F818263F22C3F814264FF0805383
:108A7000D3F83021511C09BF4FF07043D3F8343183
:108A800093F8E02FD3F8E83F08BFC3F30313062A97
:108A90004DD1033B042B03D8644AD35C002B46D052
:108AA0004FF08052624BD2F80414C3F82015D2F86C
:108AB0000814C3F82415D2F80C14C3F82815D2F8FA
:108AC0001014C3F82C15D2F81414C3F83015D2F8CA
:108AD0001814C3F83415D2F81C14C3F84015D2F892
:108AE0002014C3F84415D2F82414C3F84815D2F85A
:108AF0002814C3F84C15D2F82C14C3F85015D2F82A
:108B00003014C3F85415D2F83414C3F86015D2F8F1
:108B10003814C3F86415D2F83C14C3F86815D2F8B9
:108B20004014C3F86C15D2F84424C3F8702507F03C
:108B300048FE48B14FF080534FF08042D3F858328E
:108B400003F04F03C2F8E43E07F03BFE48B14FF09C
:108B50008043D3F80024D20744BF6FF00102C3F86A
:108B600000244FF08053D3F83021062A26D1D3F8C1
:108B70003431033B042B02D82E4AD35C63B12E4A16
:108B8000D2F83C3743F48063C2F83C374FF080534F
:108B9000D3F83031062B11D14FF08053D3F8343154
:108BA000033B042B02D8254AD35C3BB14FF0102382
:108BB000D3F808224FF08043C3F858254FF0102314
:108BC000D3F80022002A03DBD3F80432002B22DA88
:108BD0001B4901234FF01020C1F804351524FFF77D
:108BE000EFFEC0F80042FFF7EBFEC0F80442FFF7CB
:108BF000E7FE0023C1F80435FFF7E2FEBFF34F8F15
:108C00000849104BCA6802F4E0621343CB60BFF31B
:108C10004F8F00BFFDE710BD0030014000C007408E
:108C20000DF0ADBA00ED00E000500040974F03009A
:108C300000C00040924F0300001000408D4F030021
:108C400000E001400400FA0530B50468CCB1BFF380
:108C50005B8FB4FA84F3C3F11F03DBB201229A40A5
:108C600024EA020250E8005FA54204D140E8002C4B
:108C7000BCF1000FF6D1BFF35B8FE6D102480B7059
:108C800030BD0248FCE700BF0000AD0B0200AD0B99
:108C900010B50368CB40DB0714D401238B40026876
:108CA000BFF35B8F43EA020150E8004F944204D1C6
:108CB00040E8001CBCF1000FF6D1BFF35B8FEED192
:108CC000014810BD0148FCE70000AD0B0400AD0BEE
:108CD00070B500F108030C4C34F81330DA05054682
:108CE0000E4607D5C3F3432304EBC30254F83330D5
:108CF00052689847A3682BB1E26831462846BDE820
:108D00007040184770BD00BFB007002010B4C0B25B
:108D1000114A083032F81030D9051BD5C3F343216E
:108D200023F4F85322F8103002F10E04002034F836
:108D3000023F13F4807F03D0C3F34323994209D049
:108D400001302028F3D1002342F83130034810BC11
:108D5000FFF79EBF10BC7047B00700200808002036
:108D6000F0B5054600200446012607468C420BD18B
:108D7000114BD3F87C2132B10022C3F87C21D3F807
:108D80007C3140F00040F0BDE3B29B0003F58072FF
:108D90009B0806FA03F31D420BD002F1804202F554
:108DA000C042D2F800C0BCF1000F02D017601268B8
:108DB00018430134DAE700BF00600040C0B2064B40
:108DC000083033F81000830643BF400B800000F5E5
:108DD00080704FF4BE707047B0070020CBB20246DF
:108DE000083308460C4931F81330990611D5990714
:108DF0000FD410685B0B01219940C0F8081312686A
:108E000002EB8303D3F8102522F00302C3F81025E8
:108E10007047002107F039BDB0070020F7B5CDB28B
:108E2000174E0835074636F81530DB070C4624D5B3
:108E3000FFF7D4FF36F815309A0606D55B0B3A6873
:108E400003F5A273002142F823102046FFF75EFFCE
:108E5000002301A826F81530019407F0C3FC019BFC
:108E600000EB8300074BD0F80027134043F00203C8
:108E7000C0F80037044803B0F0BD0448FBE700BF6A
:108E8000B0070020F0F8FCFF0000AD0B0400AD0BB4
:108E90002DE9FF41136807460C461546FBB1CEB2DB
:108EA000DFF83C81083638F8162002F02202222A28
:108EB00022D00022CDE900228DF80E208DF80F205F
:108EC0000DF10E010DF10F02204607F095FC38F868
:108ED000163023F0020343F0010328F816306B68C4
:108EE0004BB393F800C05A683D4EE3B2083336F8EE
:108EF0001310880702D5B2B13A481FE021F02001D3
:108F0000C904C90C26F813106AB1BCF1030FF3D8D9
:108F10006A68386852681278BCF1000F11D102F506
:108F2000A27240F822C036F8132022F01C0242EA56
:108F30008C0226F81320AB6843BB2B4804B0BDE875
:108F4000F08100EB820041EA4231D0F810E52EF0CA
:108F5000030EC0F810E53F6807EB820741F02001DF
:108F6000D7F8100526F8131020F4473020F440708D
:108F7000C7F810052002D7F810E500F4F85040EAD1
:108F80000C4040EA0E00C7F81005CCE7D3E90067B3
:108F90002046FFF7BBFE002ECFD0114DD5E90023B0
:108FA000964203D19F4201D1002209E00F480DF102
:108FB0000F01FFF749FE0C4B9842BFD19DF80F20DF
:108FC00045F83260E4B205EBC20308345F6035F85F
:108FD000143043EA422343F4807325F81430ACE79D
:108FE000B00700200400AD0B0000AD0B0808002006
:108FF0002DE9FF4107460C461E4612B3CDB2DFF8FD
:10900000D080083538F81530980701D4990621D456
:1090100013F01C0F02D05378012B1BD001238DF8C5
:109020000F300023CDE900230DF10F01931C2046E2
:10903000013207F0E1FB38F8153043F0030328F85C
:109040001530002E42D0E1B2214D083135F8112003
:10905000930703D41F4804B0BDE8F08196F800E000
:10906000D7F800C022F020020EF5A270D20400232F
:10907000D20C4CF8203025F8112096F801C0BCF134
:10908000000F23D03868B67800EB8E004FEA0C4C06
:10909000D0F8103523F4981323F4F853C0F81035A2
:1090A000230203F4F8530CF4403C3605D0F8107555
:1090B00043EA0C0306F4801642EA4E32334342F090
:1090C00020023B4325F81120C0F810350248C2E7C2
:1090D000B00700200400AD0B0000AD0B014BC3E94D
:1090E00002127047B0070020C9B20831044B33F8B0
:1090F0001130990643BF5B0B02481370024870475A
:10910000B00700200000AD0B0400AD0B70B5164D8C
:1091100095F8604006462CBB2146402205F1100020
:1091200008F059FE30682E6D21468E420ED1002384
:10913000C0F87C31D0F87C3140F30730F7F7DEF926
:1091400001230A4885F86030AB6570BDCBB29B0047
:1091500003F580727C2B08BF845001F1010108BF28
:109160008358E2E70248F0E7B00700200000AD0BAB
:109170000C00AD0B034B93F86000003818BF0120C2
:10918000704700BFB00700200148FFF781BD00BF56
:10919000040800200148FFF757BD00BF0408002065
:1091A00073B503680C46D3F804130029A4BF4FF02D
:1091B0000041C3F80413E3B21D49083331F81330FA
:1091C00099061AD513F0020617D15B0B9C000568AF
:1091D00004F580716E50695801682144D1F810453A
:1091E00044F00104C1F810452AB10168012202FAD5
:1091F00003F3C1F8043302B070BDC3F38203042B40
:1092000012D0052B12D001A8019407F0EBFA019AB5
:10921000D0F81035D34003F00103991C204602B06A
:10922000BDE8704007F031BB0321F7E70221F5E705
:10923000B00700202DE9F347544B554FD3F80403F2
:10924000396DC0B240F00040FFF78AFD051E18DA04
:109250000023F96D0093684607F026FB4FF00108E4
:1092600097F85C30DA075AD4396D4FF00040FFF7B9
:1092700077FDF96D684607F017FB0028F0D125F05F
:1092800000450124002D69D102B0BDE8F08794FAB1
:10929000A4F4B4FA84F4E00804F1080304F007022B
:1092A00037F813901DF80030019408FA02F223EA0F
:1092B00002030DF8003001A807F094FA019B03F5B2
:1092C000E0734FEA990150F82360C9F3820A4B0713
:1092D000D146C6F3014626D520465146FFF7F8FC95
:1092E00001A8019407F07EFA019B03F5E073F6B242
:1092F00050F82330C3F301439E4207D1002120469A
:1093000007F0C3FA3146204607F0BFFA01A80194DE
:1093100007F068FA019B08FA03F3C0F82035009CB7
:10932000002CB4D1A0E7022E0CD10321204607F077
:10933000ACFA0AF00503012BE8D149462046FFF7B5
:10934000C7FCE3E70221204607F09FFABAF1030FBA
:10935000F3D0032EDAD1BAF1020FEDE795FAA5F3B7
:10936000B3FA83F304FA03F29B0003F1804303F59D
:10937000C04325EA0205D3F81005D3F81015C0F351
:109380000420C1F30141FFF7A3FC7BE7006000402C
:10939000B0070020044AD2F80034DB07FBD5016097
:1093A000BFF35F8F704700BF00E001404FF0805374
:1093B0001A69B0FBF2F302FB130373B9084B0222E4
:1093C000C3F80425C3F80805D3F80024D207FBD559
:1093D00000220448C3F8042570470348704700BFC3
:1093E00000E001400000AD0B0A00AD0B10B5054CCC
:1093F0000123C4F80435FFF7CDFF0023C4F804357A
:1094000010BD00BF00E0014007B5019001A807F0C2
:109410006EFA019B00EB8300054BD0F80027134048
:1094200043F00303C0F8003703B05DF804FB00BF4E
:10943000F0F8FCFF73B5CB7B0446002B38D10B7BD7
:109440000878012B77D807F069FA0B78019301A807
:1094500007F04DFA019B00EB83003C4BD0F800274E
:10946000134043F00103C0F800374878FF2804D0C8
:1094700007F054FA4878FFF7C7FF8B78FF2B0FD01F
:1094800001A88D7B019307F032FA019B00EB83006A
:109490002E4BD0F80027134043EA8503C0F800376D
:1094A000C878FF2804D007F02CFAC878FFF7ACFF83
:1094B00023792748CA78282505FB03039A770B7C74
:1094C0009BB94B7825680E78FF2B18BF1A468B780E
:1094D000C5F8086508BF4FF0FF32FF2B08BF4FF0FB
:1094E000FF33C5F80C25C5F8103523688A68C3F822
:1094F00024254B7B0A7B2568003B18BF0123022AE9
:109500001CD0032A1DD0012A01D143F00203C5F863
:10951000543523794979282202FB0303D97723792B
:109520005343C35883B1206840F3073002B0BDE80D
:109530007040F6F7E3BF07F0E4F986E743F0040371
:10954000E5E743F00603E2E702B070BDF0F8FCFF88
:10955000A839002007B5019001A807F0C8F9019BC0
:1095600000EB8300054BD0F80027134043F00203C3
:10957000C0F8003703B05DF804FB00BFF0F8FCFF53
:109580002DE9F04190F80480144C4FF0280C0CFBAE
:1095900008FC04EB0C06074696F81CE0BEF1000F31
:1095A00019D144F80C20736041B1CB7B86F825308B
:1095B000CB78B3774B79F377FFF73CFF3A680848ED
:1095C0000123C2F80035282202FB084400226277FA
:1095D0002377BDE8F0810348FBE700BFA8390020EE
:1095E0000000AD0B0C00AD0B70B50679194C056889
:1095F00028237343E35833B145F30730F6F78CFF64
:109600000423C5F808330023C5F80035282303FBDD
:10961000064393F82530BBB9D5F80805FFF79AFF44
:10962000D5F81005421C01D0FFF794FFD5F80C05C2
:10963000431C01D0FFF78EFF282303FB0643987FCE
:10964000FF2801D0FFF786FF282303FB06440023F1
:10965000237770BDA83900202DE9F8430779394CEC
:1096600028237B439046E2180E46517F814600290D
:1096700066D1E3580BB10123537796E80F002825F4
:1096800005FB074505F10C0C8CE80F00A87F0023B3
:10969000FF2885F8243001D007F040F92823B8F1DD
:1096A000000F06D003FB0743002227485A77BDE886
:1096B000F883D9F8005003FB07430422C5F80823B8
:1096C000C3F82080C5F80881D5F8082172689AB1DE
:1096D00033681B78C5F81C357368012B0ED93368C5
:1096E0005B78C5F81C3528237B43E65876B1042304
:1096F000C5F804331548DAE7DB7FEBE7F368012BA5
:10970000F1D9282303FB0743DB7FEAE707EB870157
:1097100004EBC101D5F80831002BFBD0C5F8086176
:109720002846D5F8083107F006F90028F2D1282399
:1097300003FB0744A07FFF28DCD007F0E2F8D9E75D
:109740000348B4E7A83900200300AD0B0000AD0BBF
:109750000B00AD0B02494FF0402007F01FB900BFCE
:10976000A83900200149024807F018B9D039002073
:109770000030024070B516461D465A1C036813445B
:10978000C2689A42044605D2006A082107F028FC04
:10979000002070BD32783DB1AB1E062B9ABF0C4A3B
:1097A000D35C00231833DAB2204607F01CFC0028F3
:1097B000EED03544B54203D1A3680133A360E8E796
:1097C00023685A1C226015F8012D1A70F2E700BFB9
:1097D000A14F030038B5EFF31185402383F31288BE
:1097E000BFF36F8F064B9C6807F001FD85F311886E
:1097F000BFF36F8F2046BDE83840F6F703BE00BFC9
:10980000F839002038B5094B53F82040013053F89F
:109810002050A54200D838BD636823B1204607F028
:10982000E9FC0834F5E723689847FAE7182C0300A9
:1098300070B52B4B2B4C2C4D012286B003201A7097
:10984000FFF7E0FFF6F776FB07F0F0FC0420FFF7E8
:10985000D9FF2646AE4204F1300410D300F01AFFBF
:10986000204C224EAC4226D300F028FF02F0A7FA8B
:109870001F4A137B23F00103137306B070BD54F825
:109880000C3C059354F8103C049354F8143C039397
:1098900054F8183C029354F81C3C019354F8203CB3
:1098A000009354E90A2354E90C0100F0AFFC54F88A
:1098B000303C5E65CDE7D4E90A23B3F1FF3F08BF32
:1098C000B2F1FF3F05D052EA0301206803D107F04F
:1098D00047FF3034C6E73146183001F0B5F8F8E7F5
:1098E000EC4B002058210300582103008F1803007F
:1098F0003829002008B50348034A0021121A07F04E
:1099000091FC08BDD80A0020F04B002070B5154E20
:10991000154D164986B0A02303FB0066144B059332
:1099200001220F23CDE903320023CDE901331423B3
:1099300003FB00554FF4A072044602FB00110D4BCF
:109940000095304600F062FC737B2C7423F0040316
:109950007373094BEE60013403EBC4236B6006B0F4
:1099600070BD00BF98280020F83900203077002013
:10997000A84F030079130300306F0020BFB500200B
:10998000FFF740FF2D4B83F308882D4C2D4E636964
:109990002D4F43F400736361E02384F822300025E7
:1099A0002023E37725766576A57684F82050636AD0
:1099B00043F4E023636284F82350F6F78DFCF6F756
:1099C00041FE4FF0FF33A362E362204CF6F7D4FE72
:1099D000F6F75CFE40F201132046A381C4E921554D
:1099E00001F054F9B46007F0EEFB0120FFF70AFF25
:1099F0000220174CFFF706FF00F080FE154B746144
:109A00000593012314490095CDE903534FF44062B7
:109A10003B46CDE90155204600F0F8FB627B064647
:109A200022F004022046627307F0D6FE2846FFF7B4
:109A30006DFF3A4631462046F6F7E2FD30770020CA
:109A400000ED00E0F839002031980200982A00204B
:109A500038290020AD4F03007078002038B5064C3F
:109A6000064DAC4201D3002038BDD4E90112204696
:109A700007F0DDFB1434F4E71C0900203009002056
:109A800038B5064C064D0020AC4200D338BD204608
:109A900007F032FC0028F9DB1C34F5E7C808002089
:109AA0001C09002073B50C46EFF31181402585F3A6
:109AB0001288BFF36F8FC5685DB125602B68C360E6
:109AC000836901338361002081F31188BFF36F8FB5
:109AD00011E052EA030603D125606FF00B00F3E7B3
:109AE000CDE900230246083000F020FD18B9034BF1
:109AF0009B685B69236002B070BD00BFF83900202D
:109B00002DE9F341044617461E46EFF31188402322
:109B100083F31288BFF36F8FC368334A7BB18068C9
:109B20009168884219D057EA060318D188F3118842
:109B3000BFF36F8F6FF00F0002B0BDE8F081916846
:109B400091F90E1021610133E3609368A36088F3FB
:109B50001188BFF36F8F0020EEE72169F2E791F9DA
:109B60000E1090F90E309942A8BF19466FF07E0290
:109B70009142B8BF11468B422DDD07F008FC054627
:109B8000CDE9007619482246414600F0CFFC002876
:109B9000E1D0EFF31186402383F31288BFF36F8F78
:109BA000A068D0B1236821699C420AD04BB193F9D7
:109BB0000E309942A8BF19466FF07E039942B8BF94
:109BC000194607F0E4FB40B10848314600F01EFD9D
:109BD0006FF00A00B0E70025D2E7002DF4D186F33C
:109BE0001188BFF36F8FF3E7F8390020ED4B0020A9
:109BF00038B5836804466BB3194A926893422CD1F6
:109C0000C368012B03D9013BC360002038BDEFF3CB
:109C10001185402383F31288BFF36F8F0169806839
:109C200007F0B5FB204607F036FEA06060B190F962
:109C30000E2022610022C0F89C2007F0CDFD0948CB
:109C4000294600F0E3FCE0E7E06085F31188BFF30C
:109C50006F8FDAE76FF01500D8E74FF0FF30D5E7E8
:109C6000F8390020ED4B002037B51146EFF3118590
:109C7000402282F31288BFF36F8F04689CB123687F
:109C8000426823F003039442036008BF436001214C
:109C9000204607F0F1FB044685F31188BFF36F8F70
:109CA000204603B030BD51EA0302F5D000F10802AE
:109CB000CDE900131046294600F038FC0028EFD10A
:109CC000014B9B685C69EBE7F839002038B5044626
:109CD000EFF31185402383F31288BFF36F8F07F0F2
:109CE000DAFD50B10022C0F89C2007F075FD29462E
:109CF0000848BDE8384000F089BCD4E902329A42F5
:109D000018BF0133A360022104F1100007F0E5FE43
:109D1000EDE700BFED4B002013B5EFF311814024B8
:109D200084F31288BFF36F8F846844B1013C846070
:109D300081F31188BFF36F8F002002B010BD52EA8B
:109D4000030406D181F31188BFF36F8F6FF00F000A
:109D5000F3E7CDE900230246014800F0E7FBECE71A
:109D6000ED4B002070B50446EFF31185402383F3DB
:109D70001288BFF36F8F6FF00A06204607F08BFD45
:109D800020B1C0F89C6007F027FDF6E7A060022133
:109D900004F1100007F0A1FE29460248BDE870401A
:109DA00000F034BCED4B00201FB5094A92E80300D7
:109DB00002AB83E803004FF41062009305490648A4
:109DC0004FF0FF3300F070F9002005B05DF804FBA0
:109DD0000C22030070840020D82900202DE9F043D4
:109DE000DFF8348185B005464FF0FF364FF0FF377E
:109DF000EFF31189402383F31288BFF36F8FD5F8F7
:109E0000A0408CB9022105F1B80007F076FB0028CC
:109E100060D10023CDE90067029305F1A80249460D
:109E20003E4800F019FDE3E7D5F8A4202368C5F803
:109E3000A030944208BFC5F8A430D5F8B83043F03C
:109E40000203C5F8B830E36823F0040343F00103CC
:109E5000E360636889F31188BFF36F8F20469847EA
:109E6000EFF31189402383F31288BFF36F8FE36808
:109E7000D90623F0010237D4E260E3689A071AD5C5
:109E8000D8F8000023F00203E360A0B102680021CB
:109E900088B143689C4237D1036869BBD8F8042075
:109EA000C8F80030824201D1C8F80430002340F8DD
:109EB000083BFFF70BFFD5F8B83023F00203C5F8D5
:109EC000B83089F31188BFF36F8FDB0590D400F0B1
:109ED0001DFC8DE705F1B00400220121204607F0AA
:109EE00033FD0028F8D194E723F01103E36004F177
:109EF0001000FFF7EBFEC0E70B60D8F80430834298
:109F000008BFC8F80410D1E722B113680146104613
:109F10001A46BDE71346F9E7183A0020ED4B00203A
:109F200070B5C368C3F340069B0705460C460DD5C4
:109F30000122002104F1080007F0CFFA002323607A
:109F4000054B65605A681AB9C3E90044304670BDD4
:109F500014605C60FAE700BF183A0020F8B5C368E7
:109F60009A0704460F46C3F340062CD45B071AD465
:109F70000B680BB983680B60E368DD0744BFA36817
:109F80003B603D684CBF02260126002D3AD01F4B96
:109F90009B68AB420AD0D5F8B830D807C3F380022B
:109FA00014D46FF0120600233B6025E007F0D2FBCB
:109FB000D5F8B8300028F0D1D907C3F3C002F0D5E6
:109FC00052B15B0708D46FF00F06ECE7002AFAD114
:109FD000C3F3C003002BF6D100232360D5F8A430CF
:109FE00063B9C5E92844284607F0A2FAE36843F0BC
:109FF0000403E3603B68A3603046F8BD1C60C5F80D
:10A00000A440F0E76FF01506CDE700BFF839002057
:10A010002DE9F041C36803F00503002B07460C4609
:10A0200014BF4FF001084FF0000822D08668D6F820
:10A03000A05025B1AF4201D02D68FAE701250122D9
:10A04000002104F1100007F048FA1349204607F0F8
:10A05000C7FAE36843F01003E3609DB13B682360F7
:10A0600073B9D6F8A4303BB9C6E92844304607F0A6
:10A070005FFA4046BDE8F0811C60C6F8A440F5E7F1
:10A080003C60F3E7D6F8A0302360D6F8A430C6F8D9
:10A09000A040002BEAD1F0E711150300014601486A
:10A0A00007F0C9BAD8290020F0B589B004460020CD
:10A0B000C4E928000E9D04F1A800C4E92A0004F1B7
:10A0C000B000C4E92C004DB32879002840F20110FB
:10A0D00008BF0120C4F8B80000204FF0FF364FF051
:10A0E000FF37CDE90330CDE90100CDE906670C4B20
:10A0F0000094204600F0DAF855B1296811B12046E5
:10A1000000F074F86B791BB1237B43F001032373D8
:10A11000204609B0BDE8F04007F022BB0120D9E796
:10A12000DD9D020037B501900846EFF31184402110
:10A1300081F31288BFF36F8FC16811F01E0F16D123
:10A1400053EA020508D101A9FFF708FF84F311883B
:10A15000BFF36F8F03B030BD41F00801C1600199BA
:10A1600081621030034900F06FFC0120EEE700200F
:10A17000ECE700BFA515030001460148FFF7D2BF79
:10A18000D8290020F7B50C46019016461D46EFF37E
:10A190001187402383F31288BFF36F8F084607F0BF
:10A1A000B8F955EA060309D101A92046FFF7D6FE02
:10A1B00087F31188BFF36F8F03B0F0BDE3680749E1
:10A1C00043F00803E360019BA36204F110003246F0
:10A1D0002B4600F039FC0120EAE700BFA51503007B
:10A1E00001460148FFF7CEBFD829002010B504462C
:10A1F00008B9054B9C681F2204F1620007F0DBFCE4
:10A20000002084F8810010BDF83900202DE9FF47B7
:10A21000994600F158030732C0E91633109B0373C7
:10A2200022F0070604230025437301EB060A0F9B67
:10A2300083730F46C0E9065551468560C5730446D1
:10A24000DDF84480F5F7E6FE07300E9B20F00700AE
:10A25000C4F88C00C4E9217602930D9B0193AAEB0C
:10A26000000A0C9B009352464B4639462046F6F7AF
:10A27000ABF96565B8F1000F12D01F22414604F119
:10A28000620007F098FC84F88150074B9B680BB183
:10A29000D3F89030C4F89030504604B0BDE8F08751
:10A2A00084F86280F1E700BFF8390020F0B587B08C
:10A2B00000250595109D04950F9D03950E9D029513
:10A2C000DDE912760D9D01950C9D00950446FFF782
:10A2D0009DFFB6F1FF3F08BFB7F1FF3F05D056EA3B
:10A2E000070305D1204600F0A3F9204607B0F0BDD2
:10A2F00003493A46334604F1180000F0A5FBF4E7A1
:10A300008F18030038B50D4D2B4653F8184F9C425B
:10A3100000D004B9EC68AB6838B95A7BD20604D1D6
:10A32000A26912B9DA897F2A05D89C4202D0204658
:10A3300000F0D2FA23466B6138BD00BFF839002027
:10A3400008B590F90D20437B002A014604DA03F09A
:10A350007F03437307F006FA044B9868431A584288
:10A360005841BDE80840FFF7CDBF00BFF8390020D5
:10A3700070B490F90D30427B002B29DBD30627D136
:10A3800083692BBB134962F07F0242730A4652F87D
:10A39000184F944218BF2346CC6923B9C0E9002462
:10A3A0002060C8610CE090F90E5093F90E60B54240
:10A3B0000AD0AE4208DD5A68C0E900321060586029
:10A3C00070BC0020FFF79EBF9C42E7D01B68E4E70B
:10A3D00070BC7047F83900202DE9F041002A427B1B
:10A3E0000E460CBF10210821114204460FD141EA4C
:10A3F0000203D20918D1437308291BD00120FFF7AB
:10A4000081FFBFF35F8F637B23F060036373284B8F
:10A410009B68A34245D1EFF30583002B41D1304621
:10A42000BDE8F041F6F704B803F07F03437307F08B
:10A4300099F9E1E7A36813B1204607F09BF904F10D
:10A44000180007F0A4FAA56D04F15807AF4211D027
:10A450004FF0000875B1284607F08CF905F1180097
:10A4600007F095FAC5F89C802846FFF781FFA56D97
:10A47000AF42EFD10E4FBB689C42BFD1EFF30583D3
:10A48000002BBBD00B4D0120FFF73CFF40F2011326
:10A49000AB8128460023C5E9213300F0F7FBBD60FE
:10A4A000AFE786F31188BFF36F8FBDE8F08100BF7F
:10A4B000F8390020982A002070B590F90D20437BD0
:10A4C000002A014604DA03F07F03437307F04AF9D8
:10A4D0004B7B154A63F07F0310464B7350F8183FCF
:10A4E000D469834208BF002323B9C1E90004216075
:10A4F000D1610CE091F90E5093F90E60B5420ED087
:10A50000AE420CDD5868C1E90030016059609068C6
:10A51000431A5842BDE870405841FFF7F3BE9C42D1
:10A52000E3D01B68E0E700BFF8390020F8B5124B14
:10A530000C461146114A98681060DDE90676EFF383
:10A540001182402282F31288BFF36F8F9D682846E4
:10A5500007F01AF9B6F1FF3F08BFB7F1FF3F06D089
:10A5600007493A46334605F1180000F06DFA2046D7
:10A57000BDE8F840F5F75CBFF8390020203A00202C
:10A580008F180300F8B50446EFF31186402383F3D8
:10A590001288BFF36F8F437BDA0649B219D1856900
:10A5A000BDB903F07F03437307F0DCF8437B164A21
:10A5B000817363F07F034373134653F8180F984277
:10A5C00018BF0546D0695DB9C4E900300460D461A4
:10A5D00011E0A173002086F31188BFF36F8FF8BDDF
:10A5E00095F90E70B9420BD08F4209DD6B68C4E952
:10A5F00000531C606C600120FFF784FE0120EAE735
:10A60000A842E1D02D68DEE7F839002049B9EFF320
:10A61000058030B9054B5A699B689A4201D0F5F71D
:10A6200007BF81F31188BFF36F8F7047F83900209F
:10A6300010B5EFF31184402282F31288BFF36F8FBD
:10A64000427B510704D484F31188BFF36F8F10BD90
:10A6500022F004024273FFF78BFE21460248BDE858
:10A660001040FFF7D3BF00BFED4B0020034648B9B1
:10A67000EFF3058232B9064A51699268914201D0DE
:10A68000F5F7D6BE83F31188BFF36F8F704700BF15
:10A69000F8390020EFF31181402383F31288BFF3D0
:10A6A0006F8F054B9A68D37B013BD37381F311887D
:10A6B000BFF36F8F704700BFF839002038B5EFF354
:10A6C0001185402484F31288BFF36F8F0A4B9A6878
:10A6D000D37B0133D3730020FFF714FE85F3118879
:10A6E000BFF36F8FEFF3118084F31288BFF36F8F86
:10A6F000BDE83840FFF7BABFF8390020024B03F13C
:10A700001802C3E906227047F8390020F8B5EFF3C4
:10A710001185402383F31288BFF36F8F194988682E
:10A72000437B03F07F03437307F01CF88B685A7B6D
:10A73000084662F07F025A7350F8182FCC698242A3
:10A7400008BF002222B9C3E900042360CB610CE0FA
:10A7500093F90E6092F90E70BE420ED0B7420CDD36
:10A760005168C3E900210B6053600120FFF7CAFD67
:10A770002846BDE8F840F5F75BBEA242E3D0126878
:10A78000E0E700BFF839002050EA01032DE9F0416D
:10A7900005460E4603D1FFF7B9FF00202BE0831CCE
:10A7A00071F1FF3329DB07F007F92C18EFF311885B
:10A7B000402383F31288BFF36F8F124F124BB86898
:10A7C0001860FFF7BDFDB86810492A4633461830B7
:10A7D00000F03AF9BA68537B43F0100353734046D4
:10A7E000F5F726FE07F0E8F8201A63EB03030128CB
:10A7F00073F10003D1DBBDE8F0816FF00104241A8E
:10A80000D4E700BFF8390020203A00208F18030059
:10A81000B1F1FF3F08BFB0F1FF3F08B506D10A4BC9
:10A82000986806F0E8FF4FF0FF3008BDFFF7ACFF77
:10A830004FF47A7147F6FF730022C0FB0132D80B48
:10A8400040EA4240F1E700BFF8390020014B986828
:10A85000704700BFF8390020D3B5DDE90667089CD2
:10A86000CDE90067FFF762FE1CB1034B9B685B6993
:10A87000236002B0D0BD00BFF8390020044BC01ADD
:10A88000044BC0105843044B01221A54704700BFB8
:10A89000382B0020ABAAAAAAED4B0020C3897F2B3E
:10A8A00012D80A4B1B6863B1094B90F90E201B6844
:10A8B0009A4209DB437BDB0606D1064BC31A18BF5D
:10A8C000012303F0010070470023FAE7283A002033
:10A8D000243A00209828002070B50E4B0E4C1E7CA8
:10A8E00006EB460304EBC3040546204607F04FF889
:10A8F0000A4B002228469A55FFF7D0FF48B1084B73
:10A9000008491A68013A2046D317BDE8704000F0A4
:10A910009BB870BDF8390020382B0020ED4B00208B
:10A92000283A00207DA8020038B5EFF311854023B6
:10A9300083F31288BFF36F8F104B114A9C68106825
:10A94000A04206D1FFF7C8FF85F31188BFF36F8FD0
:10A9500038BD00211B7C11600A4AD35C002BF3D068
:10A960002046FFF79BFF0028EED0637BDB0602D179
:10A970002046FFF7A1FD2046E4E700BFF83900209C
:10A98000203A0020ED4B002008B50648064A07494A
:10A99000121A06F049FCBDE80840054A0549064878
:10A9A00006F042BC00000020D40A0020245003001E
:10A9B000000000002450030000000020034B1B682F
:10A9C0000BB9FCF72FBF0020704700BF2C3A0020C6
:10A9D00030B570B10B4B5B6898420AD0036843B145
:10A9E000D3E90421D0E90445121941EB0501C3E97B
:10A9F0000421D0E9003213605A600023C0E900331B
:10AA000030BD00BF1408002010B50E4B1C689C42DE
:10AA100004D1FFF7D3FF6FF0004010BDFFF7CEFF6A
:10AA2000002CF8D0D4E904321B1A62EBE072B3F1C7
:10AA3000004F72F10001EEDA002AACBF1846002088
:10AA4000EBE700BF14080020B3F1FF3F08BFB2F1ED
:10AA5000FF3FF8B504461D4616465ED08160EFF311
:10AA60001187402383F31288BFF36F8F013275F192
:10AA7000FF3324DA2E49D1E900206FF001039B1A3D
:10AA80004FF0FF3262EB00009E1B60EB0500012ED1
:10AA900070F1000301DA01260020C4E90460254EAC
:10AAA000D6F800C07568B44508BF4FF0000CBCF183
:10AAB000000F0DD1C4E900652C6074601CE0FFF745
:10AAC0007DFF013645F10005361845EBE070E4E7FF
:10AAD000DCE90420D4E90431934271EB000E1DDA65
:10AAE000D21ADCF8043060EB0100CCE90420C4E9A0
:10AAF00000C31C60CCF804403368B34209D09C42C8
:10AB000007D10D4B1C6824B9FFF77EFF2146FCF7E7
:10AB10005BFE87F31188BFF36F8FF8BD9B1A61EB63
:10AB20000001AC45C4E90431C4D0DCF800C0BEE784
:10AB3000502B0020140800202C3A00202DE9F84F5B
:10AB4000EFF3118C402383F31288BFF36F8FDFF88C
:10AB5000B0A0DFF8B0902C4FC9F80000DAF8000080
:10AB60000024504508BF00200025D7E90021D9F86E
:10AB70000030E04678B3D0E9046C4FEAE37EB3429C
:10AB80007EEB0C0B05DAF61A6CEB0E04C0E90464DC
:10AB900021E0B21841EBE671C0E90445C7E90021A4
:10ABA000FFF716FF88F31188BFF36F8F836898470C
:10ABB000EFF31188402383F31288BFF36F8FD9F826
:10ABC0000030DAF800009B1B5045C446C9F800303D
:10ABD000CBD1D7E900219A1841EBE3730024C7E9F0
:10ABE0000023C9F80040FFF70FFF2146FCF7ECFDFA
:10ABF00088F31188BFF36F8FBDE8F84FFFF794BE5D
:10AC0000140800202C3A0020502B002010B5EFF340
:10AC10001184402383F31288BFF36F8FFFF7CEFEBA
:10AC2000054A0346D2E90001181841EBE37184F3A9
:10AC30001188BFF36F8F10BD502B002038B503462D
:10AC4000EFF31185402282F31288BFF36F8FC1604A
:10AC5000012181600068834206D185F31188BFF32A
:10AC60006F8F0024204638BDD0E9003213605A604F
:10AC70000023C0E9003306F0EAFE294604460248F4
:10AC8000FFF7C4FCEEE700BFEE4B0020014BC0F81D
:10AC9000903070471C09002038B504460D4606F078
:10ACA00059FD28B9064B9B68D3F890300BB938BDD5
:10ACB000044B2A4621461846BDE8384006F027BF17
:10ACC000F83900201C09002030B599B005466846C7
:10ACD00000F028F86946044608A800F053FA08A9CD
:10ACE0000443284600F08AF9204619B030BD00BF61
:10ACF00070B598B005466846164600F013F8314620
:10AD0000044608A800F046F908A96A460443084624
:10AD100000F082F908A90443284600F06DF92046A6
:10AD200018B070BD70B50B68124E1BBAC3614B688A
:10AD30001BBA83618B681BBA4361CB681BBA036182
:10AD40000B691BBAC3604B691BBA83608B691BBA62
:10AD50004360CB691BBA3246036001460446E1F703
:10AD6000EFFE3146054602462046E1F709FF681E20
:10AD700070BD00BF302C03002DE9F04188B00C46B7
:10AD8000064602F12001684606F120079046E2F7E8
:10AD9000D1F96A4669466846E2F7EEF869463846F0
:10ADA000E2F7C8F93A463946384604F12005E2F799
:10ADB000E3F86A4669466846E2F7DEF84146284607
:10ADC000E2F7B8F96A4641463046E2F79BF92A466F
:10ADD00029466846E2F7D0F82A4669466846E2F70F
:10ADE000CBF8124A69466846E2F7C6F8694620463B
:10ADF000E2F7A0F9324621462046E2F7FBF8324658
:10AE000021462046E2F7F6F8224631462846E2F788
:10AE1000F1F86A4629462846E2F774F93A46294687
:10AE20002846E2F7E7F808B0BDE8F081102D0300EE
:10AE3000F0B599B004460D460A4601466846E2F769
:10AE4000D9F869466846E2F775F96A46214608A8C6
:10AE500005F1200604F12007E2F754F96A46294675
:10AE60006846E2F74FF93246394610A8E2F784F80F
:10AE7000324639463046E2F7BDF831462846E2F719
:10AE800059F96A4608A92046E2F776F8224629468B
:10AE90002846E2F7AFF86A4608A96846E2F7AAF83A
:10AEA0006A4639463846E2F72DF92A4608A9684627
:10AEB000E2F7A0F86A4631463046E2F723F93A460F
:10AEC00031463046E2F796F810A96846E2F732F9C3
:10AED000224669462046E2F78DF808A92246084630
:10AEE000E2F788F810A908AA0846E2F70BF93A46F3
:10AEF00010A93846E2F77EF819B0F0BD2DE9F0410F
:10AF000088B00C46054690460A4601466846E2F778
:10AF100071F869466846E2F70DF96A4629462846FF
:10AF200004F12006E2F7EEF805F120076A46214613
:10AF30006846E2F7E7F8324639463046E2F75AF813
:10AF400031462046E2F7F6F82A4621462046E2F747
:10AF500051F86A4621462046E2F74CF86A462946EF
:10AF60004046E2F747F8424639463846E2F7CAF823
:10AF7000224629466846E2F73DF86A4631463046A1
:10AF8000E2F7C0F83A4631463046E2F733F808B007
:10AF9000BDE8F08170B500F1200690B00D46044682
:10AFA00000F014F905F12001304600F00FF92146B8
:10AFB00008A8E2F7BFF808A908460D4AE1F7DCFF48
:10AFC00008A922460846E2F79DF808A9094A08465A
:10AFD000E1F7D2FF31466846E2F7ACF82022694635
:10AFE0000DEB0200E1F79AFF013810B070BD00BF11
:10AFF000102D0300F02C030000F002B938B5044610
:10B000000D4600F0FDF805F1200104F12000BDE837
:10B01000384000F0F5B800BF2DE9F0471346B8B04E
:10B02000544A89468046194610A8E1F789FD5249DD
:10B03000024610A8E1F7A4FD179E4E4900EAD67615
:10B040000746C6F1010210A8E1F79AFD179B4A4690
:10B050006FEA030A28A918A8FFF78EFE4FEADA7AEA
:10B0600020A9CAF10102084600F092F8C7F10107D1
:10B07000FE246A4618A928A8FFF740FF631138AAE2
:10B0800002EB830304F01F0253F8A03CD340554663
:10B0900003F0010A8AEA05052A4628A918A8E1F75B
:10B0A000CBFD2A4630A920A8E1F7C6FD013C28A91E
:10B0B00018A8FFF7BDFE631CDBD1CAF1010220A96D
:10B0C00008A800F065F886EA0A066A4618A928A8C2
:10B0D000FFF714FF28A9324618A8E1F7ADFD324664
:10B0E00030A920A8E1F7A8FD08A96A460846E2F7BA
:10B0F00009F808A9084600F09DF808A908F12004FD
:10B1000009F120020846E1F7FDFF20A908AA204620
:10B11000E1F7F8FF08AA18A96846E1F7F3FF6946C6
:10B120006846E2F707F818AA694608A8E1F7EAFFB7
:10B1300021466846E1F7FEFF08AA69461046E1F796
:10B1400059FF0E4A08A96846E1F754FF204620211E
:10B15000E1F7F8FE08A9024644426846E1F76CFDB3
:10B160004046074A6946E1F7CDFF3C43204638B0E8
:10B17000BDE8F087702C0300902C0300F02C030036
:10B18000502C03000A460149FFF746BFB02C0300CC
:10B1900070B588B004460D46164600212022684648
:10B1A00006F019FE0023294620222046009306F0CF
:10B1B000EAFD2A4669466846E1F71CFF32466946C1
:10B1C0002046E1F739FD08B070BD00BF0B681BBA1F
:10B1D000C3614B681BBA83618B681BBA4361CB6840
:10B1E0001BBA03610B691BBAC3604B691BBA83604E
:10B1F0008B691BBA4360CB691BBA0360704700BF01
:10B20000CB691BBA03608B691BBA43604B691BBADD
:10B2100083600B691BBAC360CB681BBA03618B6880
:10B220001BBA43614B681BBA83610B681BBAC361CD
:10B23000704700BF70B598B00D46064610A8E1F7FC
:10B2400079FF2A4610A96846E1F75CFF694610A815
:10B25000E1F770FF10A90846E1F76CFF6A4610A9F4
:10B2600008A8E1F74FFF08A910A8E1F763FF10A9AC
:10B270000846E1F75FFF10A90846E1F75BFF10A958
:10B280000846E1F757FF10A908AA0846E1F73AFF78
:10B2900010A90846E1F74EFF10A90846E1F74AFF5A
:10B2A00010A96A4608A8E1F72DFF052408A910A8EF
:10B2B000E1F740FF10A90846E1F73CFF013C10A967
:10B2C000F5D108AA0846E1F71DFF052410A9084694
:10B2D000E1F730FF10A90846E1F72CFF013CF5D15A
:10B2E00010A908AA0846E1F70DFF10A908A8E1F780
:10B2F00021FF08A90846E1F71DFF08A96A4668462C
:10B30000E1F700FF1024694610A8E1F713FF10A928
:10B310000846E1F70FFF013C10A9F5D12A4608467F
:10B32000E1F7F0FE402410A90846E1F703FF10A959
:10B330000846E1F7FFFE013CF5D110A96A46084630
:10B34000E1F7E0FE102410A90846E1F7F3FE10A98A
:10B350000846E1F7EFFE013CF5D110A96A46084620
:10B36000E1F7D0FE102410A90846E1F7E3FE10A98A
:10B370000846E1F7DFFE013CF5D110A908AA08460E
:10B38000E1F7C0FE2A4610A93046E1F7BBFE18B02F
:10B3900070BD00BF0CB430B589B005460C461C2208
:10B3A000002101A806F017FD02238DF806300E4B90
:10B3B0000293059523462CB1B4F1004F28BF4FF0FE
:10B3C0000043013B1D440DAA0C99069501A800926B
:10B3D00000F092F814B1059B00221A7009B0BDE884
:10B3E000304002B0704700BF551E03000EB470B568
:10B3F00089B00DAC054654F8046B1C22002101A84D
:10B4000006F0E9FC01238DF806302246064B039333
:10B41000314601A80595009400F0CAFA09B0BDE8CC
:10B42000704003B0704700BF411E0300242AF0B5EE
:10B43000044601D8012A40D106F032FD2D4B1622D8
:10B440001A5001B10C600020F0BD2F463D4615F8A2
:10B45000010B2028F9D0A0F10906042E0346F4D9E7
:10B460002B282CD02D282CD101267B78BD1C302BED
:10B470002DD1287840F02000782824D132F0100017
:10B4800021D16B782C46102202350020392B82BF47
:10B4900003F1FF3343F02003263B303B9A421AD995
:10B4A000A0FB02040CB9C01801D346F002062F46D7
:10B4B0002C4617F8013B3D46E8E70746C6E700265D
:10B4C000D3E70026D3E7002A08BF0822DDE7002AD9
:10B4D00008BF0A22D9E701B10C60F20748BF404219
:10B4E000B307B1D506F0DCFC024B22221A504FF014
:10B4F000FF30A9E70C0000002DE9F04F8DB0436844
:10B500000293837815469A07804640F10D81002406
:10B510000E78002E00F00A81252E0BD04B1C0393D1
:10B520000134029B4146304698470028C0F2F6801D
:10B530000399EDE74E788B1C252E0393F0D000275E
:10B54000B946BB46BBF11F0F38D8A6F12003102B1C
:10B550000AD8DFE803F02A09093009090921090995
:10B560000928092D09091F00A6F13003092B33D939
:10B570002A2E37D11BF0400F55F8043B40F0828053
:10B58000002BA7BF4BF0200B9946C3F100094BF0ED
:10B59000280B01E04BF0010B039B13F8016B0393A5
:10B5A000002ECFD130E04BF0020B4BF0040BF3E751
:10B5B0004BF0080BF0E74BF0100BEDE7BBF17F0F02
:10B5C00019D8A6F13003092BD2D81BF0400F03D0B5
:10B5D0000A2101FB0737DFE70A2101FB09394BF09C
:10B5E000200BD9E72E2E06D11BF0400F40F09E8095
:10B5F0004BF0400BD0E76C2E31D02BD8682E36D0D4
:10B600006A2E3CD04C2E3AD0002F46F02003B8BF13
:10B610002BF04002A3F16501BCBF1FFA82FB00279B
:10B62000022901D9612B2FD1073525F00705DFF855
:10B63000ACA2083507271BF0080F66D00AEB070BF2
:10B6400056465E4563D1A4EB0A0A06EB0A02A9EB53
:10B6500007096FE1742E9FD07A2E9DD0D4E71BF09E
:10B66000800F18BF4BF4007B4BF0800B94E71BF46A
:10B67000807F18BF4BF4007B4BF4807B8CE74BF44E
:10B68000207B89E71F4687E7A6F16301122900F2B4
:10B69000F080DFE811F013004F00EE00EE00EE0046
:10B6A000EE004F00EE00EE00EE00EE00EE00FE00B9
:10B6B000E900EE00EE001B00EE00AF0055F8043B81
:10B6C0008DF8183001270DF1180AB4E755F804ABCE
:10B6D000834BBAF1000F08BF9A461BF0400F14BF0E
:10B6E00039464FF0FF31504605F035FA0746A2E7DC
:10B6F000029B41462020984700280FDB013EB742BD
:10B70000F6D34C44A41BB14698E74E46F7E716F82B
:10B71000010B029B41469847002892DA98F80230C4
:10B7200043F0040388F802304FF0FF3420460DB098
:10B73000BDE8F08F1BF0800F34D01BF4007F2CD0BD
:10B74000073525F00705AA4669685AF8080B2BF05B
:10B7500010050029ADB237DA404261EB410145F4F2
:10B7600080650DF1180B0A235A4606F075FAA0EB16
:10B770000B0301936B0662D5019B25F001019F42EB
:10B7800089B240F3A180002E00F0998015F01002DC
:10B7900040F09C80BB460D4623E0AA465AF8040BB5
:10B7A000C117D4E7AA461BF4807F5AF8041B01D1C5
:10B7B0000846F5E71BF4007F15BF48B208B241F315
:10B7C000C01141F3C031C2E750EA0103C9D11BF0F7
:10B7D000400FC6D0002FC4D12BF0110295B2BB464A
:10B7E000019740F2064115EA01021CBF0BF1010B63
:10B7F00000222CE02BF010021FFA82FB0A231BF020
:10B80000800C49D01BF400711DBF073525F00705DA
:10B81000AA46AA461ABF5AF8080B69685AF8040BD8
:10B8200050EA010545D12BF016051BF0400FADB2D3
:10B8300042D0002F40D12BF0170295B2019715F09E
:10B84000100248D0019B002E42D103F1010B2907C1
:10B850005AD4EB0706D5D9456FDD0199A9EB0B0347
:10B860005F18CB465B4649E04BF0100B102378265F
:10B87000C5E7782B04D1C6F1780343F01003BEE787
:10B88000029B4146252098470028FFF647AF023427
:10B8900047E608230026B2E7AA461BF480715AF84F
:10B8A000040BBDD01BF400711ABFC0B2614680B258
:10B8B000B6E72BF0060295B20DF1180B54E725F010
:10B8C0001105ADB2BB468CE70D46B8E73B460D46C9
:10B8D00003F1020BBBE7DDF804B082E70F50030071
:10B8E00008500300CDE904324146029B20209847CE
:10B8F0000028FFF613AF049B059A01339945F1DC4C
:10B90000A4EB0B01CC189B460AB3029B41463020A6
:10B9100098470028FFF602AF8EB901342744019BF7
:10B92000391B994224DC1D465DBB019AA9EB0B092A
:10B93000224455461446914435E0019F92E7023473
:10B9400041463046029B98470028E7DAE6E640F297
:10B9500006410D42E2D015F0020F14BF2B2020202B
:10B9600015F4806F04F10104414618BF2D20E9E76A
:10B97000029B414630209847002804F10104CEDAAA
:10B98000CCE606AB013D4146585D029B9847002836
:10B99000CADAC3E6029B414620209847002804F1FA
:10B9A0000104FFF6BBAEA9EB0403002BF2DCBFE5FC
:10B9B0002DE9F04F91B08046002002920790824618
:10B9C0000D4615F8014BACB1202C17D0A4F109039A
:10B9D000042B13D9252C17D007A9404606F093F95C
:10B9E000031EC0F20081DBB2A3420BD007AA41467E
:10B9F00006F0A9F9504611B0BDE8F08F07A94046FE
:10BA000006F0ACF92946DBE74C78252C01F102055C
:10BA1000E2D02A2C21D18C78CD1C01264FF00009D0
:10BA200006E00A2215F8014B46F0020602FB09392E
:10BA3000A4F13003DBB2092BF3D916F0020F08BFD3
:10BA40004FF0FF396C2C35D009D8682C26D06A2CE1
:10BA50003ED04C2C37D034B9CCE70026DEE7742C2E
:10BA600033D07A2C31D0A648214606F0BCF9002804
:10BA7000C0D016F0010308BFDDF808B0039306BF7D
:10BA80005BF8047BCDF808B000276E2C23D1079A11
:10BA900000960023384606F040F9B3E72C78682C6E
:10BAA00003D046F020060135D5E746F030066C7825
:10BAB0000235D0E72C786C2C02D046F00406F2E771
:10BAC00046F00C06F3E746F00C0615F8014BC2E70A
:10BAD00046F00806F9E7632C18D116F0020F08BFEC
:10BAE0004FF0010907A9404606F00DF900287ADB5E
:10BAF0000FB107F8010BB9F10109F3D1039B002B3A
:10BB000080D10AF1010A5FFA8AFA7BE75B2C7FD1C8
:10BB1000202200210DEB020006F05DF900221646FE
:10BB2000114614464FF0010C15F8013B002B54D080
:10BB30005E2B03D1F2B901240132F5E7A24219DDEF
:10BB40005D2B1FD02D2B15D1C1B110A800EBD30058
:10BB500003F0070110F820EC0CFA01F141EA0E01A4
:10BB6000B34200F8201C0BD034BF013303F1FF3384
:10BB7000DBB2EAE7002908BF1E46E6E70121DBE762
:10BB80000021D9E729B19DF8253043F020038DF835
:10BB900025304CB120230DEB03021178013B6FEAF5
:10BBA000010102F8011BF8D1012407A9404606F063
:10BBB000AAF8031E10DBC3F3C40140316944DAB2B2
:10BBC00011F8201C03F0070341FA03F3D90711D43D
:10BBD00007AA414606F0B7F8A4B198F8023013F06E
:10BBE0000C0F3FF407AFBAF1000F14BF50464FF0EF
:10BBF000FF3000E70FB107F8012BB9F101094FF051
:10BC00000004D2D1002F3FF479AF00233B7075E7D9
:10BC100007A9404606F0A2F80028E4DB6F2C54D0B8
:10BC200035D8642C53D0693C18BF0124240107A9DE
:10BC3000404606F068F82B2803D02D280AD146F09C
:10BC40004006B9F10109C8D007A9404606F05BF8E3
:10BC50000028C2DB30286ED1B9F10102049206D06F
:10BC600007A9404606F04FF80028049A31DA4FF051
:10BC70000009CB46730603D5D9F100096BEB4B0BDA
:10BC800000964A465B46384606F047F836E7732C7E
:10BC90000AD0752C0CBF0A241024C8E70FB107F88E
:10BCA000010BB9F10109ADD007A9404606F02BF808
:10BCB0000028A7DB202803D0A0F10903042BEDD82E
:10BCC00007AA414606F03FF89CE70824AFE70A249C
:10BCD000ADE740F02003782B46F0800612D134F017
:10BCE000100312D1B9F102020492C0D007A9404654
:10BCF00006F009F80028049AB9DB102405E000BF1B
:10BD000017500300002C08BF08244FF00009CB4651
:10BD10003928014682BF00F1FF3141F02001263968
:10BD200030398C420CD807AA414606F00CF832068E
:10BD30007FF553AF9EE74A46002CE6D10A24E4E79C
:10BD4000A4FB099011EB090904FB0B0040F1000B67
:10BD5000013ACDE9042246F080068BD007A940467F
:10BD600005F0D1FF0028049AD2DA83E7F0B589B054
:10BD700005460C46164600211C2201A81F4606F067
:10BD80002AF802238DF806300B4B029305952046C6
:10BD90002CB1B4F1004F28BF4FF0004001380544EA
:10BDA0003A46314601A80695FFF7A6FB14B1059B5C
:10BDB00000221A7009B0F0BD551E03007047F0F75D
:10BDC00061BB08B5F2F716F8831E5842584108BD0A
:10BDD00020B1082804D84030C0B2704755207047C1
:10BDE0003F2070474FF080531A6E5B6E0270110A4D
:10BDF0004170110C120EC2701A0A037142711A0CB2
:10BE00001B0E81708271C371704713B504464AB12D
:10BE100041B101F10B0301F11B0213F8010FB0B99D
:10BE20009342FAD16846FFF7DDFF6B4603CB6A46C3
:10BE300020606160A523073412F8011B59400133CB
:10BE4000DBB2AD2B04F8011FF6D102B010BD01F139
:10BE50000C031C3153F8042B44F8042B8B42F9D10A
:10BE6000F3E770B588B0044620220021684605F04B
:10BE7000B2FF1CB90025284608B070BD6846F0F72F
:10BE8000AFFE0028F6D16846F0F78CFE0546002884
:10BE9000F0D06A46234608AE144603CCB44218607C
:10BEA0005960224603F10803F6D1E4E7704710B564
:10BEB0000D2303706FF00F034370052383706FF041
:10BEC0004E03C3700379013B012B84BF022303712E
:10BED0001C210446F0F72EFEE06110BD2DE9FF4164
:10BEE000D1F80C80054640461F460C461646EFF733
:10BEF000F6FEBDF82830009380B2CDE901803B46C4
:10BF000032462146284603F0CDFD04B0BDE8F0815D
:10BF100010B5044680B1037873B14FF0FF314FF094
:10BF2000FF30F1F7B1F92046F1F7AEF8F1F7B4F9C7
:10BF3000F1F776F9002010BD6FF01500FBE77047B0
:10BF40007047BFF35B8F50E8003F40E80012002AC3
:10BF5000F9D1BFF35B8F70470021FFF7F2BF6FF09D
:10BF600085007047704710B50D2303706FF00F0305
:10BF70004370052383706FF04E03C3700379013B58
:10BF8000012B84BF022303711C210446F0F7D2FD6C
:10BF9000E06110BDF0B403460A461979DB880068F9
:10BFA0001343DC028768066906D513F4402F03D0DB
:10BFB000DA0748BF83F44023346801258D4023F419
:10BFC0008012DB074CBF2C43AC4334603B68F0BCB1
:10BFD000184738B5002120EAE0744FF4004540F2DC
:10BFE000E7304FF47A720023C4FB0501E0F76EFDE1
:10BFF000BDE83840FEF70CBCEFF31180402383F31B
:10C000001288BFF36F8F704780F31188BFF36F8F73
:10C010007047FFF7DEBF07289ABF4130C0B23F200C
:10C02000704730B5044671B107280CD80023184674
:10C03000DDB2AC4203D0824204D90D540130013349
:10C04000082BF5D130BD0020FCE74FF4C062002181
:10C0500005F0C1BE2DE9F04705468846164618464C
:10C060004DB343B30A43072A25D8B14223D04FF03A
:10C07000C00A4FF018090AFB08F209FB062293F8E0
:10C080002610A954AC185A6962601A69A2609A69AC
:10C09000E260DA69226100F03CF90AFB06F609FB6E
:10C0A0000861207504F110070D440FCC0FC597E807
:10C0B000030085E80300BDE8F0870278412A0346C3
:10C0C00013D14278882A10D1427A8A420DD1B0F831
:10C0D000050058B1B3F8070040B1B3F803004DF6BE
:10C0E000CA63C31A58425841704700207047A0F5F0
:10C0F000BE4080B27047C0B27047C0B2704700F512
:10C10000BE4080B207288CBF00200120704700F598
:10C110009E4080B2FF288CBF00200120704700F5B0
:10C120009E439BB2FF2B07D900F5BE4080B2072883
:10C130008CBF0020012070470120704710B5C371EB
:10C140001B0A412481700372CA21E0230470C1706C
:10C150008824DE2142714372120A00234470017167
:10C1600082718372C372037310BD10B5C3711B0A51
:10C17000412481700372CA21E1230470C1708824B4
:10C18000DE2142714372120A0023447001718271F0
:10C19000C0F80A30C0F80E30438210BDB0F8050078
:10C1A0007047B0F807007047B0F805204FF6FF73EE
:10C1B0009A4214BF807A00207047B0F805204FF6ED
:10C1C000FF739A420CBFC07A007B704708B5B0F885
:10C1D00005104FF6FF7291420CD1FFF7EEFF0246B9
:10C1E000002002B908BD02F001030344D8B2C2F333
:10C1F0004702F6E7C07AF5E7B0F805204FF6FF737F
:10C200009A4206BF807A00090020704738B50C4674
:10C21000E0210546FFF751FFA0B1B5F805304FF614
:10C22000FF72934210D104F5BE439BB2072B09D88D
:10C230002846FFF7C2FF28B1E4B20123A340034020
:10C24000DBB21BB9002038BD9C42FBD1B5F807001A
:10C25000BDE83840FFF763BF70B50E46E1210446E4
:10C260001546FFF72AFF40B1B4F80530B34205D1B7
:10C27000B4F80700431B5842584170BD0020FCE74A
:10C2800038B504460D4626220021023005F0A3FDF4
:10C29000258038BD0346084693F82520196103EB35
:10C2A000820110B5013248600321B2FBF1F101EBCC
:10C2B0004101521A83F8252093F82420598C5861A3
:10C2C000022A9CBF013283F82420012283F8262011
:10C2D0001A8C8C181F2C04D90132520849081A8470
:10C2E00059849A6901329A611A8C01321A8410BDFC
:10C2F000038C428CD1181F2904D901335B085208E2
:10C3000003844284C3690133C361438C0133438492
:10C310007047038C408CC0181FBF64225343B3FB8B
:10C32000F0F3D8B2704708B5F1F764FD831E5842A8
:10C33000584108BD05F044BB4FF0A0434FF0004208
:10C34000C3F80825704707B5C0B251B960F07F0047
:10C350008DF80400012001A9F2F7A4FD03B05DF8F7
:10C3600004FB60F03F007F298DF80400C8B285BF50
:10C3700060F07F00C9098DF805008DF8050092BFB7
:10C3800002208DF806100320E5E708B50B4611469C
:10C390000244B2F5806F05DC821E0920FFF7D3FF4F
:10C3A000002008BD4FF0FF30FBE707B5C0B241B930
:10C3B0008DF80400012001A9F2F7B0FD03B05DF88B
:10C3C00004FB40F040007F298DF80400C8B285BF0F
:10C3D00060F07F00C9098DF805008DF8050092BF57
:10C3E00002208DF806100320E5E710B40C46034642
:10C3F00011461120224610BCFFF7D7BF07B5032214
:10C4000001AB28212720FFF7D0FFBDF805309DF8AC
:10C41000040000EB0320DB0446BF6FEA00306FEA44
:10C420001030C0F3140003B05DF804FB034605228E
:10C4300000211520FFF7B9BF13B501AC042280B26B
:10C44000234689B2FFF7B1FF03220020A35C013A23
:10C4500003EB0020FAD202B010BD00210846FFF71E
:10C46000EBBF00211720FFF7E7BF00211520FFF7E2
:10C47000E3BF07B5022201AB89B280B2FFF795FF97
:10C48000BDF8040003B05DF804FB10B505210446B7
:10C490001520FFF7EEFF0021E0812E20FFF7E9FFD6
:10C4A0002346082223F8040B00211220FFF77DFF0A
:10C4B00007211520FFF7DDFF002160801020FFF726
:10C4C000BBFF000DA08110BD07B501220DF10703D0
:10C4D00089B280B2FFF769FF9DF8070003B05DF8ED
:10C4E00004FB07B589B28DF807200DF1070301227F
:10C4F00080B2FFF728FF03B05DF804FB07B589B2EF
:10C50000ADF8042001AB022280B2FFF71CFF03B09C
:10C510005DF804FB024641F604012E20FFF7EEBF52
:10C52000024600211820FFF7E9BF07B589B2019242
:10C5300001AB042280B2FFF706FF03B05DF804FBF5
:10C5400010B5044602780B212A20FFF7CAFF626863
:10C550000021BDE810401E20FFF7E7BF0246022180
:10C560000320FFF7CBBF024600210320FFF7C6BF21
:10C5700008B5024604212D20FFF7C0FF0322062143
:10C580002D20FFF7AEFF06212D200022FFF7A9FF87
:10C59000BDE808400A212D20FFF74EBF08B5002254
:10C5A00002212C20FFF79DFF0222BDE80840114622
:10C5B0002C20FFF796BF10B56D22044640F6060109
:10C5C0002E20FFF78EFF44B140F20762BDE8104015
:10C5D00041F606012E20FFF791BF41F20762F5E711
:10C5E00010B5002104461A20FFF726FF000D0005B4
:10C5F000C4F313020243BDE8104000211A20FFF7E4
:10C6000094BF13B50222044601AB00213620FFF788
:10C61000CCFE0E2C1BD8DFE804F01208291A1A1AD7
:10C620001A303D1A1A464B50570000238DF804303B
:10C630009DF8053023F001038DF8053007E09DF8E3
:10C64000043023F0030343F001038DF8043001AB01
:10C65000012200213620FFF776FE01220DF10503AD
:10C6600011463620FFF76FFE02B010BD9DF8043072
:10C6700023F0030343F00203E7E79DF8043023F0BF
:10C680004C0343F048038DF804309DF8053063F007
:10C690007F03D1E7BDF8043023F4004323F04C03BB
:10C6A000ADF80430D3E79DF8053043F00203C3E74B
:10C6B0009DF8053023F00203BEE79DF8043023F017
:10C6C000300343F02003C0E740F20133E8E708B548
:10C6D0000E20FFF796FF4FF4004206212D20FFF7B2
:10C6E0000DFF0120FFF795FCBDE808400120FFF792
:10C6F00088BF08B50020FFF784FFBDE8084000228E
:10C7000004213620FFF7FABE024601210A20FFF776
:10C710000CBF08B503210F20FFF7D6FE80EA4000CA
:10C72000030606D5BDE80840012203210D20FFF7CE
:10C73000D8BE08BD420710B5044601D4FFF7E9FF93
:10C7400014F0010106D14FF480720D20FFF7D6FEE0
:10C75000002010BD4FF4407200210D20FFF7CEFEE7
:10C7600003210F20FFF7B0FE0307F1D5F3F7C2F85E
:10C7700014F0020104D14FF480720D20FFF7BEFEC9
:10C780004FF0FF30E5E7024624212720FFF7B6BE31
:10C7900008B5E02203213620FFF7A3FEBDE80840DC
:10C7A000F02203213620FFF79CBE00F01F0242F06A
:10C7B00060020E212B20FFF794BE836800EBC101BD
:10C7C000B3F5004F2CBF51F8220031F8120070472A
:10C7D00000EBC1018068B0F5004F2CBF41F822305A
:10C7E00021F81230704708B50122FFF7E6FFD0406C
:10C7F00008BD8368B3F5004F00EBC10108D34B6857
:10C800001AB143F001034B60704723F00103FAE7CC
:10C810004B881AB143F001034B80704723F00103AA
:10C82000FAE753000122FFF7D3BF8368B3F5004F47
:10C8300034BF04230823C91A081AC0087047B0F58A
:10C84000004F34BF04230823481C0833A0EBD30057
:10C85000B0FA80F0C0F11F0070472DE9F041174693
:10C8600003220E460446FFF7A8FF8642054607F15D
:10C8700004080AD1E3680122BA4023EA0203E36014
:10C88000002344F82830BDE8F081314602222046DA
:10C89000FFF793FF2B460646014644F828502046F2
:10C8A0000322FFF795FF3346294620460222BDE8C2
:10C8B000F041FFF78DBF70B50D4686680446FFF75F
:10C8C00092FFB6F5004F014601D3012809D030464A
:10C8D000FFF7B5FF294602462046BDE87040FFF746
:10C8E000BCBF70BD2DE9F04705468068FFF7A7FF84
:10C8F00005EB800A8846DAF810900646B9F1000F79
:10C900001BD00327DAF8104028462146FFF76BFFBB
:10C91000404507D3324621462846FFF79EFF204672
:10C92000BDE8F087032221462846FFF746FF013F76
:10C93000CAF8100001D08145E4D1EB6801364FF010
:10C94000FF34B4401C40EAD094FAA4F2B2FA82F266
:10C95000131D55F82340DEE72DE9F0411446054646
:10C960000E46FFF740FFA4EB0608371B074442467C
:10C9700031462846FFF755FF3A4621462846FFF73D
:10C9800050FF4346002221462846FFF721FF21465B
:10C990002846FFF728FF3B46211800222846BDE81D
:10C9A000F041FFF715BF2DE9F041164604460F464A
:10C9B000FFF719FF314605462046FFF714FF0544EF
:10C9C0002A4639462046FFF72CFF31462046FFF71E
:10C9D0000AFF2B46311800222046BDE8F041FFF740
:10C9E000F7BE2DE9F0410D4686680446FFF7FBFED1
:10C9F000B6F5004F014601D3012832D03046FFF78B
:10CA00001EFF04EB80010E6996B9E36801228240A3
:10CA10001343E36002220D612B4629462046FFF7AF
:10CA2000D7FE032229462046BDE8F041FFF7D0BEDD
:10CA3000022231462046FFF7C0FE2946034607463C
:10CA40002046FFF7C5FE0322334629462046FFF75E
:10CA5000BFFE39462B462046FFF7BAFE022231467A
:10CA6000E1E7BDE8F081F8B50C460546FFF7BBFEEF
:10CA70002618012231462846FFF79FFEC3070CD433
:10CA800031462846FFF717FF21462846FFF7ABFE41
:10CA9000214622182846FFF786FF00222146284615
:10CAA000FFF78BFE271A012239462846FFF785FE3D
:10CAB00010EA020613D139462846FFF7FCFE21464C
:10CAC00032462846FFF779FE2246211A2846FFF70C
:10CAD0006AFF214632462846FFF76FFE241A214698
:10CAE0002846BDE8F840FFF77CBF38B571B105684E
:10CAF0002846FFF79AFE0022044601462846FFF723
:10CB000078FE2146BDE83840FFF7ADBF38BD70B5AF
:10CB1000066809B9002070BDB368B3EBD10FF9D92D
:10CB2000B3F5004F34BF04230823CC1D1C44E40894
:10CB300021463046FFF7D6FE05460028EAD00146DA
:10CB40003046FFF750FEA04209D92C442946304612
:10CB50002246FFF701FF21463046FFF742FF3046ED
:10CB600001222946FFF745FEB368B3F5004F34BFF5
:10CB70000423082303EBC5031844CCE72DE9F8434D
:10CB800006681446B26801F1FF39B2F5004F34BFB0
:10CB90000423082319EA01090F460BD04942394002
:10CBA0008B424F4628BF0B46894654B9002528467C
:10CBB000BDE8F8839942F8D82146BDE8F843FFF76D
:10CBC000A6BFB2EBD40FF1D9E11DB2F5004F394445
:10CBD00034BF04220822C91A1144C9083046FFF79D
:10CBE00081FE80460028E1D0B368B3F5004F34BF22
:10CBF0000423082309EBC0051D4435447B1E1D4456
:10CC0000B5FBF7F57D43A5EB090529463046FFF74F
:10CC10000CFE2C44073424F00704A41B804507466F
:10CC20004FEAE40408D2024641463046FFF794FE3C
:10CC300041463046FFF7D5FE39463046FFF7D3FD73
:10CC40003844844208D2394630462246FFF784FEF3
:10CC500021463046FFF7C5FE012239463046FFF730
:10CC6000C8FDA4E7B2F5802F2CBF08230423D21AF5
:10CC70002DE9F0418C18CD1D25F0070524F007049F
:10CC8000641B0026E40805602146AC60EE60204687
:10CC9000FFF7D5FD421D9200013002F107074FEA70
:10CCA000D707A2F110023146B8BF324605F1100095
:10CCB00005F091F83A4631462846FFF7B2FD334673
:10CCC000324631462846FFF783FDA4EB0708284685
:10CCD00031460122FFF78DFD42463946FFF7A1FD9F
:10CCE0003B46324639462846FFF772FD2146284624
:10CCF000FFF797FD4346324621462846FFF768FD79
:10CD0000214628460122FFF774FD3946BDE8F0416F
:10CD1000FFF767BE002070470FB407B504A951F8AC
:10CD2000040B0191F2F736FF03B05DF804EB04B099
:10CD300070470FB407B504A951F8040B0191F2F73D
:10CD400029FF03B05DF804EB04B07047038B13F0C8
:10CD5000070305D10368002B0CBF00200320704798
:10CD6000022B05D1408BB0FA80F04009800070475B
:10CD7000012B05D10368002B0CBF00200520704754
:10CD80000020704710B50C4600B111B96FF01500C6
:10CD900010BD081D00F093F80028F9D1A368032BFB
:10CDA000F6D9F3E72DE9F0410D4607461946281D4F
:10CDB00090461E4600F097F8044638B13346424686
:10CDC00029463846A446BDE8F0416047BDE8F081F9
:10CDD00010B4EFF31182402484F31288BFF36F8FF5
:10CDE000416110BC0121F2F71DBF38B50C46054664
:10CDF00058B151B10B6843B14B6833B11C220021CB
:10CE000004F0E9FF2C61002038BD6FF01500FBE74E
:10CE100070B505460E46FFF7B5FF041E14DBEFF3B1
:10CE20001182402383F31288BFF36F8F6B8B2C8B9F
:10CE30004FF6FF718B4204F0070407D182F311888B
:10CE4000BFF36F8F6FF00A04204670BD022C0CD127
:10CE500001336B8382F31188BFF36F8F0023224667
:10CE600031462846FFF79EFFEEE7062C14D8DFE890
:10CE700004F004131313041A0400002333606B68D6
:10CE80003BB9C5E90066ACB902212846F2F7CAFEF3
:10CE9000DAE71E606E60F6E782F31188BFF36F8FEA
:10CEA0006FF00404D0E782F31188BFF36F8F6FF047
:10CEB0008504C9E782F31188BFF36F8FC4E7034687
:10CEC00040B1426802F00302022A06D0032A04D0CD
:10CED000012A05D06FF0150070471A68002AF9D0B2
:10CEE00000209860704710B54268816002F003022C
:10CEF000022A03464FF0000407D0032A02D05C60E8
:10CF0000002001E018685C6010BD18685C600028B3
:10CF1000F6D0FDF793FEF3E770477047002930B471
:10CF2000044618460BDBA5680844A84207D8E06809
:10CF30006468214484682468A44630BC60476FF06C
:10CF4000150030BC7047002930B4044618460BDB8E
:10CF5000A5680844A84207D8E0686468214484684A
:10CF60006468A44630BC60476FF0150030BC704761
:10CF70000029034610B410460BDB9C680844A0420D
:10CF800007D8D8685B68194483689B682BB110BCCC
:10CF900018476FF0150010BC70476FF05700FAE7A4
:10CFA0000029034610B4104609DB9C680844A042DF
:10CFB00005D8D8685B68194410BC00F0D6B86FF08B
:10CFC000150010BC704708B5C0688368DB689847D7
:10CFD000006808BDC068704708B5C0688368DB6832
:10CFE0009847407908BD43680A689A4297BF4A68E3
:10CFF00000239B18012088BF18464B607047F8B586
:10D00000836804460BB3026AB3FBF2F502FB1535E5
:10D01000D0E904763DB1006894F82410551B2A46E7
:10D02000184404F0D8FEA368E06822683E442B440C
:10D0300081684D683146A84740B9E3695BB9236907
:10D04000A268134423610023A3600020F8BD135C91
:10D05000DB4313540130A36822688342F7D8E068A9
:10D0600081680D683146A8470028EFD1E369A168BF
:10D070002068324698470028E1D0E7E72DE9F047DD
:10D08000894616469846044698B382680369134455
:10D0900082693344934230D80025D4E90170A6EB6D
:10D0A000050A3F1ABA4515D2B54209D2236852463D
:10D0B000184409EB050104F066FEA3685344A3601D
:10D0C000B8F1000F1CD0A068A8B12046BDE8F04719
:10D0D000FFF795BF23683A46184409EB050104F0B1
:10D0E00052FE6368A3602046FFF789FF18B93D44EC
:10D0F000D3E76FF00D00BDE8F0876FF00B00FAE7A3
:10D100004046F8E770B5044600F501701E46FFF78B
:10D11000B5FF054636B1D4F80002FFF7FEFE002346
:10D12000C4F80032284670BD30B5054685B00846C3
:10D1300005F50071F2F78AFE044698B9D5F80002A9
:10D14000FFF748FFD5F8003202949A6801925B68B5
:10D15000009301464FF400732A4605F50170F2F77B
:10D160009DFE0446204605B030BD2DE9F04187689C
:10D17000FB6804460D4616469847BB682BB13246FD
:10D1800029462046BDE8F04118476FF05700BDE83A
:10D19000F08138B50D46AB4211461C4604D81A46FC
:10D1A00004F0F1FD204638BD0024FBE704F013BE77
:10D1B000C30903EB430303EBC30383EA4000C0B29C
:10D1C0007047CB780278534003704B8842785340C5
:10D1D00043700A68837883EA122383700A68C378ED
:10D1E0005340C370CB79027953400371CB884279A5
:10D1F000534043714A68837983EA122383714A68F2
:10D20000C3795340C371CB7A027A53400372427A96
:10D210004B89534043728A68837A83EA122383726C
:10D220008A68C37A5340C372CB7B027B534003733B
:10D23000CB89427B53404373CA68837B83EA1223C2
:10D240008373CA68C37B5340C37370471FB50278AA
:10D250008DF8002042798DF80120827A8DF8022025
:10D26000C27B8DF8032002798DF80420427A8DF874
:10D270000520827B8DF80620C2788DF80720027A7F
:10D280008DF80820427B8DF8092082788DF80A20DD
:10D29000C2798DF80B20027B8DF80C204278C37A7E
:10D2A0008DF80D2082798DF80E208DF80F30102327
:10D2B0006A461946FFF76DFF05B05DF804FBF8B547
:10D2C000064608780C46FFF773FF05466078FFF7BF
:10D2D0006FFFA27863785340E27853405D40684026
:10D2E000307060782778FFF763FF0546A078FFF776
:10D2F0005FFFA3785F40E3785F407D4068407070D7
:10D3000063782778A0785F40FFF752FF0546E07802
:10D31000FFF74EFFE3785F407D406840B0702078B3
:10D32000FFF746FF627823785340A278534080EAA3
:10D330000305E078FFF73CFFEDB24540F570F8BD1E
:10D3400070B5144688B00546002849D0002949D058
:10D35000002A49D010230A4668461946FFF719FFEC
:10D3600021466846FFF72DFF103401F1A0066846FC
:10D37000F2F7EEFD6846FFF769FF694604A8FFF77C
:10D380009EFF01A905A8FFF79AFF02A906A8FFF7CB
:10D3900096FF03A907A8FFF792FF102319460DEB8C
:10D3A00003026846FFF7F5FE214668461034FFF792
:10D3B00008FFB442DBD1F2F7CBFD6846FFF746FF2A
:10D3C00021466846FFF7FDFE102319466A462846A7
:10D3D000FFF7DFFE684610220021FFF7E7FE01207D
:10D3E00008B070BD0846FBE71046F9E710B50A46DD
:10D3F0000F3012F9103B002BACBF0023872312F82B
:10D40000014D83EA44038A4200F8013902D01378BF
:10D41000DB09F4E710BD08B520B158220021FFF761
:10D42000C5FE012008BD10B5044688B110220021B8
:10D43000FFF7BCFE102204F130000021FFF7B6FE1A
:10D440000023636400224FF48033C4E914230120D5
:10D4500010BD70B504460D46164610B311B35822E0
:10D460000021FFF7A3FE2946A6643046F2F77CFDB3
:10D47000102200212046FFF799FE04F11005A26C4E
:10D4800021462046FFF75CFF21462846FFF7AEFF06
:10D49000294604F12000FFF7A9FF2046FFF7C3FF4C
:10D4A000012070BD0846FCE72DE9F0410E46154607
:10D4B0000446002860D0FAB100295DD0D0E91432CA
:10D4C00053EA020158D0013BD0F8448042F1FF32C8
:10D4D000C0E91432B8F1000F2CD0C8F1100708F1E0
:10D4E0003000BD4220440AD22B4632462946FFF77F
:10D4F00050FE636C2B4463640120BDE8F0813B4621
:10D5000032463946FFF745FE103D0023636445442B
:10D510003E44631E04F10F0113F8012F93F830000D
:10D520008B4282EA00021A70F6D1A26C2146204694
:10D53000FFF706FF04F10F07102D0AD8002DDBD0EE
:10D540002B463246294604F13000FFF722FE65647F
:10D55000D2E7631E711E13F8012F11F8010FBB42B1
:10D5600082EA00021A70F6D1A26C21462046FFF72B
:10D57000E7FE1036103DDFE70020BEE770B50C4631
:10D580000546E8B169B34A6C102A1AD11031631EFE
:10D59000013904F10F0013F8012F93F83060724045
:10D5A00011F8016F984282EA06021A70F3D1A26C58
:10D5B00021462846FFF7C4FE2046FFF72CFF012036
:10D5C00070BD02F130000021C2F110022044FFF7CB
:10D5D000EDFD636C2344802283F8302004F12001A8
:10D5E000D5E70846ECE7012801D1EFF30583FCF706
:10D5F000F1B801460068FFF7F6BF08B5F2F706FD7F
:10D60000BDE80840F2F726BD00210120FFF7EBBF7F
:10D6100061B662B680F31188BFF36F8F704772B640
:10D62000002383F31188BFF36F8FBFF34F8F30BF99
:10D6300062B6BFF36F8F704772B6002383F3118811
:10D64000BFF36F8FBFF34F8F20BF80F31188BFF3FD
:10D650006F8F62B67047202809D9B0F1004F08D803
:10D660000138B0FA80F0C0F11F0040007047082078
:10D6700070473E20704708B5F3F732F9002008BD27
:10D680007047002303824369C3607047416A896819
:10D69000F3F792B9EFF31182402383F31288BFF3BB
:10D6A0006F8F00230B60436833B9C0E9001182F328
:10D6B0001188BFF36F8F704719604160F7E710B5AD
:10D6C0000346EFF31181402282F31288BFF36F8F7C
:10D6D000006828B15C6802681A60A04208BF5A60FE
:10D6E00081F31188BFF36F8F10BD027A013202728D
:10D6F0007047034618465B68002BFBD170474268B1
:10D7000010B52AB10B461C465B68002BFBD162604A
:10D71000416010BD10B5044620B90B7A01330B727D
:10D72000084610BD034618465B68002BFBD1FFF787
:10D73000E6FF2046F5E783680B4403607047036803
:10D740000B6043684B6083688B6070478388026816
:10D7500019448180D018704730B484880568A318B4
:10D760008380281930BC04F00EBB10B58388026892
:10D770005C1C8480D154D01810BD034600689A8880
:10D78000401A11441860998070478288521A0346E3
:10D7900082800068084418607047034600689A88D1
:10D7A000521A01449A801960704710B503681C88AA
:10D7B0000221FFF7EAFF204610BD02688068101AB8
:10D7C00070478388C2888168D21A03685B1AD01AAE
:10D7D000704703898B420AD9436803EBC10053F8B1
:10D7E00031302BB94368002B08BF00207047002060
:10D7F0007047F0B5037885888779C679CE710020A7
:10D8000013F0070F0860C3F3C10308788F7114BFCA
:10D8100003240124012B28BF012344EAC30320F081
:10D820001F006DBA034352BA0B704A808D80F0BD61
:10D8300037B505460C460846FFF723FF45F8044B6D
:10D8400008232046238250F80C4F1C44FFF7B9FFF1
:10D8500000220346009202212246284603F0A5FC3E
:10D8600003B030BD2DE9F04F85B005460E46904619
:10D870001F4603F0A7FA20B96FF04C0005B0BDE8D1
:10D88000F08F00234FF014093B6009FB0869344610
:10D890004FF0010A02A9284603F091FADDE90232AD
:10D8A000009368BB284603F0B6FA0028E4D00020B5
:10D8B000E4E7A14598BF344661688A4214D12168E3
:10D8C0000098019204F03DF9019A68B9237CD3B91C
:10D8D000D4E9023128469847C0B184F810A03B68CB
:10D8E000013314343B60D5E714340BF1010BD845F8
:10D8F000DFD10021284603F0E5FA0028CAD1D1E79C
:10D900004FF0000BF3E76FF06F00B7E76FF0220006
:10D91000B4E7F8B5142303FB010604461546034695
:10D920009E4207D82846EEF7DAF90746A64208D8FD
:10D93000002003E01A68AA4201D1187CF8BD143314
:10D94000EEE76368BB4207D121683A46284604F0F7
:10D95000F8F808B9207CF1E71434E7E72DE9F04145
:10D9600090B00646FFF738FB4FF00133D6F8088039
:10D9700003FB00F70025454503DB012010B0BDE89F
:10D98000F081A8EB0504402CA8BF402423466A463A
:10D9900029463046FFF7C2FA00280CDBA4106A467D
:10D9A0000023A34201D14035E5E752F8041BB942F8
:10D9B00003D10133F5E70B20E0E70020DEE720B1DB
:10D9C00001280CBF0520FF20704702207047027815
:10D9D0000B789A420FD30CD842784B789A420AD3EC
:10D9E00007D842884B889A4205D38CBF012000207B
:10D9F0007047012070474FF0FF30704713B5FFF7B5
:10DA0000DEFF00281CDB01A9C0B2F2F71FFA0028D4
:10DA100018DB0198FFF7A2FF044638B901982146A8
:10DA20008268FFF7BDFA48B9002401E00128FBD065
:10DA30000198FFF772FA204602B010BD0D24F7E7F7
:10DA40000E24F8E70A24F6E773B5FFF7B8FF0028BD
:10DA50000C4615461E4614DB01A9C0B2F2F7F6F9D2
:10DA600088B9214633462A460198FFF757FA0446FB
:10DA70000198FFF752FA002C18BF0B24204602B081
:10DA800070BD0E24FAE70A24F8E737B5FFF797FFD1
:10DA900000280D460FDB01A9C0B2F2F7D7F9044602
:10DAA00058B90198FFF798FA28700198FFF735FAEE
:10DAB000204603B030BD0E24FAE70A24F8E770B51B
:10DAC00006460C4600F038F80546304602F0ADF93F
:10DAD0000346013B85F00100032B0CD8DFE803F07F
:10DAE00008060902022304B1237070BD0123FAE77E
:10DAF00028460023F7E74FF0FF30F6E773B54610EE
:10DB00000546304600F018F8002304460DF10701E1
:10DB100030468DF80730FFF7D2FFA84203D19DF8B9
:10DB20000730022B04D0631B5842584102B070BD2D
:10DB30000120FBE7704770470020704700207047C6
:10DB400070B5054688B00E46002400236A4631466B
:10DB50002046F3F73BFE28B920222946684603F009
:10DB6000F0FF10B124B14FF0FF34204608B070BD73
:10DB70000124EAE7002301461A461846F3F726BEB9
:10DB8000022805D0033801288CBF012005207047EA
:10DB90000320704708B50020F2F72EF870B5044650
:10DBA000BEB000F110050026002200232846FCF735
:10DBB0005BF8014608B93EB070BD19AB029301A8ED
:10DBC00005AB049601940393F3F7B0F8ECE7F2F792
:10DBD00085BF70B505460E46F4F7E6F8044618B161
:10DBE000336B1BB129469847204670BDEA7A05F190
:10DBF0001801183004F0C7F8F6E710B5044640B134
:10DC00004B6B0BB1183098472046BDE81040F2F737
:10DC100065BF10BD0023C363A0F840307047C36BDD
:10DC200013B1B0F8400070476FF015007047F8B5B9
:10DC3000C36B04460F46164603BB072A25D94D88F9
:10DC40006DBA0835B2F5C06FADB221D8B5F5C06F69
:10DC50001ED8AA4216D8F4F7A7F8E063D8B1A4F802
:10DC60004050E06B324639460C30FFF775FDB4F892
:10DC700040309B1B98B2A4F84000F8BDB0F840308B
:10DC80009342EED26FF08A00F7E76FF03C00F4E7C2
:10DC90006FF03E00F1E76FF00B00EEE738B50B4692
:10DCA000C16B044661B1B0F8405005B15BB120468C
:10DCB000F4F798F80023A4F84030E363284638BD11
:10DCC0006FF01505FAE76FF03C05F7E710B504466D
:10DCD000C06B30B1FFF77BFF0020A4F84000E06389
:10DCE00010BD6FF01500FBE7C06B00B11830704736
:10DCF000036813B100230360037170478B6913B18C
:10DD000083610B7F03770020704710B504460846F7
:10DD100059B1F4F7B3F840B1A3698B4206D190F83A
:10DD20006930227F9B1A5842584110BD0120FCE700
:10DD300070B50546F4F7A2F8044698B1284600F0FD
:10DD40004FFE034604F1380043B1783306D0BDE8F6
:10DD500070404FF400420023FCF742BABDE8704027
:10DD600003F0B5BC70BD08B5806918B101F00EFFB5
:10DD7000033880B208BD08B5F4F780F820B1BDE8DB
:10DD800008406C30FBF7A2BF08BD10B50C46017807
:10DD900022788A428AB00FD06946F4F743FA05A97F
:10DDA0002046F4F73FFA10220DF115010DF10100A4
:10DDB00003F0C7FE0AB010BD012A06D0022A07D020
:10DDC00072B940886388C01AF4E740686368FAE76C
:10DDD0001022611C01300AB0BDE8104003F0B1BE52
:10DDE0006FF01500E6E7042A0AD0102A0DD0022AA7
:10DDF0004FF0000315D103700B884380012070475A
:10DE0000012303700B684360F8E7022300F8013B2D
:10DE100001F1100351F8042B40F8042B9942F9D179
:10DE2000ECE718467047012310B50621044600F8B8
:10DE3000013BFAF74FFA18B9A37963F03F03A371D6
:10DE400010BD0B6803608B8883808B7983710378A6
:10DE500023F00203037070470078C0F3400070475E
:10DE60002DE9F04101F10C080C46054600F10C01CA
:10DE7000404617461E46FFF762FC4046FFF79DFCF2
:10DE8000012310FA87F068826B722F823946404670
:10DE9000FFF77BFCE3687360628A0023E3607281B2
:10DEA000638234602846BDE8F08138B5D1E900329C
:10DEB000DA600B684A895A820D4604460868F2F710
:10DEC0000DFE00211022284603F085FFA07AF2F70C
:10DED00049FD6169054649B1637ADB0704D4436AA9
:10DEE0001B6820469B6898470023636121462846AB
:10DEF000BDE8384003F0E3BA438A23B9C068B0FAFA
:10DF000080F0400970470020704770470F2807D8FD
:10DF10000D280BD8052808BF032018BF0220704722
:10DF2000132803D01A2808BF0120F6E70120704704
:10DF300010B50346BFF35B8F53E8000F40EA0102C0
:10DF400043E80024002CF7D1BFF35B8F10BD38B538
:10DF5000C3681D78B3F8010065B90F21F5F7F6FF26
:10DF6000044638B12946F5F76BFF2046BDE8384036
:10DF7000F5F73CBF38BD08B5C36801211888F5F72F
:10DF8000E5FF18B1BDE80840F5F730BF08BD012135
:10DF90000C30FFF702BC38B5C5680121B5F80100A7
:10DFA000F5F7D4FF044698B12B783BB9D5F8033088
:10DFB000C0F89530D5F80730C0F89930201D4FF4DF
:10DFC0000051FFF7B5FF2046BDE83840F5F70EBF1A
:10DFD00038BD30B402EBC303044608469A4201D16F
:10DFE00030BC7047114611F8085BA54206D1018A82
:10DFF00053789942F4D330BC536818470A46EDE78A
:10E00000BFF35B8F50E8003F0B4040E80032002A2E
:10E01000F8D1BFF35B8F704710B5F5F7CFFA6FF00B
:10E0200080011030FFF7ECFF0020F4F78DF9044673
:10E0300048B13C2343720021F5F702FF2046BDE8BA
:10E040001040F5F7D3BE10BD2DE9F843C7683A7804
:10E05000012303EB8203028A93423FD9BDE8F88390
:10E0600007EB85030F21B3F80100B3F80360F5F760
:10E070006DFF044660B100F1C40836B12046F5F7E3
:10E08000CBFDFBF723FE63693BB92046F5F7AEFEF7
:10E0900001353B789D42E3DBE0E7A1691A686261E4
:10E0A0008B4208BFA261C3F80090226A9AB9C4E902
:10E0B0000733BFF35B8F58E8003F013B48E800326D
:10E0C000002AF8D1BFF35B8F00212046013EF5F70F
:10E0D000AFFDB6B2D1E713602362EAE70025A94697
:10E0E000D7E773B5C5680121B5F80100F5F72EFF34
:10E0F000044600284ED02B781A2B00F1040619D1C3
:10E10000C378012B2AD14FF400613046FFF710FF8E
:10E1100002050FD4D4F8883000936946D4F89030C3
:10E1200001932046F6F782FB204602B0BDE870401E
:10E13000F5F75CBE2B788BB9B5F80330A4F88630C0
:10E14000B5F80530A4F88C30B5F80730A4F88E3057
:10E150006FF400713046FFF753FF17E0BFF35B8F9A
:10E160006368BFF35B8F9B05F2D52B78202BEFD133
:10E1700094F89430002BEBD0013B84F894304FF4AA
:10E180002032002304F14000FBF7F6FF2046F6F7AB
:10E1900033F8C9E702B070BD002070478176704740
:10E1A000704738B5C5680121B5F80100F5F7CEFE16
:10E1B000044688B1E878F4F743FA84F8A400287993
:10E1C000F4F73EFA84F8A5002046F6F75FF82046FB
:10E1D000BDE83840F5F70ABE38BD10B5038842885F
:10E1E000934219D8052B17D9B2F5486F14D88388F4
:10E1F000B3F5FA7F10D2C088A0F10A0189B240F6C7
:10E200007644A14208D801339BB25343B3EB800F4D
:10E2100034BF0120002010BD0020FCE70020704723
:10E220000020704770B506460D4642F221000321DA
:10E23000F4F7CAF9044660B103210C30FFF786FAFF
:10E2400006808570214642F22100BDE87040F4F757
:10E250009DBA70BD73B5C368D9789A781E8842EAB2
:10E260000122ADF8002059791A7942EA0122ADF86D
:10E270000220D9799A7942EA0122ADF804201A7A6B
:10E280005B7AB4B242EA032301212046ADF806309E
:10E29000F5F75CFE054628B902212046FFF7C2FFCC
:10E2A00002B070BD6946F6F717F838B91E2120464E
:10E2B000FFF7B8FF2846F5F799FDF1E70E2142F286
:10E2C0002000F4F781F904460028F3D00E210C3029
:10E2D000FFF73CFA00230680C0F80A30BDF8003092
:10E2E0004380BDF802308380BDF80430C380BDF8A0
:10E2F00006300381214642F22000F4F747FAD9E7BD
:10E3000073B506460D4601AA002142F22F00F4F72C
:10E31000B9FA044648B90198C368B3F801203280BD
:10E32000B3F803302B80F2F7D9FB204602B070BD62
:10E3300070B506460D4640F206400321F4F744F955
:10E34000044668B103210C30FFF700FA068085709F
:10E3500021460022BDE8704040F20640F4F792BA30
:10E360006FF0680070BDC06803781BB13C2B03D10F
:10E37000FFF752BEF4F796BD704738B50221054647
:10E3800042F21600F4F720F9044668B102210C307D
:10E39000FFF7DCF92B88038021460022BDE83840D6
:10E3A00042F21600F4F76EBA6FF0680038BDF8B5A7
:10E3B00007460E4642F2220006211546F4F704F9FC
:10E3C000044678B106210C30FFF7C0F93B88038082
:10E3D0004680858021460022BDE8F84042F22200B6
:10E3E000F4F750BA6FF06800F8BD08B500200021BE
:10E3F000F4F7F0F918B1BDE80840F4F7C1B9BDE889
:10E400000840F5F717BE08B5072203F09AFBB0FAEB
:10E4100080F0400908BD00280CBF08460020704766
:10E4200018B111B10846F4F78DBE6FF015007047B2
:10E4300013B5044680B106216846F9F74BFF48B989
:10E440009DF80530694603F03F0320468DF80530FE
:10E45000FFF7E6FF02B010BD6FF01500FAE70038D5
:10E4600018BF01207047034610F4004F0CBF07206F
:10E470000620DA0348BF00F005009B0348BF00F008
:10E48000FB007047BFF35B8F0068BFF35B8F704783
:10E4900010B50346BFF35B8F53E8000F00EA01029B
:10E4A00043E80024002CF7D1BFF35B8F10BD2DE9AA
:10E4B000F74F0C46202100909246F4F785F8054668
:10E4C000002850D020210C30FFF740F920220021F5
:10E4D000814603F080FC09F1010B04EBCA0A002617
:10E4E000D4F800800023626893420CD30834A2451C
:10E4F000F6D1009889F800600022294603B0BDE8F3
:10E50000F04FF4F7BFB998F8012098F800C0B01C9C
:10E5100011181F2908D9BCF1090FC0F11F021AD127
:10E52000002A18DD4FF0080CD7B2791C0BF8061042
:10E53000711CC9B25BFA80F00BF801C0D8F8041066
:10E540000193023703F01FFC019B3744FEB20133F5
:10E5500008F10808C7E72846F2F7C0FA6FF015007F
:10E5600003B0BDE8F08F6FF06800F9E7012310B445
:10E5700003FA01F1044662B1BFF35B8F54E8003F38
:10E580000B4344E80032002AF8D1BFF35B8F10BC84
:10E59000704710BCC943FFF77BBF2DE9F04F87B030
:10E5A00005469DF84860DDF840909DF844A00C4673
:10E5B00090460021102202A81F4603F00CFCEEB981
:10E5C000CDE90248012202A942F20800FFF76FFFDD
:10E5D000044678B9BAF1000F3ED11035BFF35B8F16
:10E5E00055E8003F43F0040345E80032002AF7D124
:10E5F000BFF35B8F204607B0BDE8F08FF4F7BCF89F
:10E600008346E4B937BB5846EDF769FB0923012E71
:10E61000CDE901B48DF800308DF80100CDF80C8003
:10E62000D0D1CDF810D005960222CCE714F83320D3
:10E63000083A012A25D901339845F7D1E2E70023AA
:10E64000FAE717F83320083A012A1AD90133994515
:10E65000F7D1D8E70023FAE7022E4FF0010208BFF6
:10E66000059202A908BF324642F2090008BFCDF860
:10E6700010D0CDE90279FFF71AFF0028ADD004468B
:10E68000B8E76FF01504B5E708B500F110031846B8
:10E69000FFF7F8FE820505D41846FFF7F3FEC0F336
:10E6A000002008BD0220FCE7436813F008000AD0F0
:10E6B0005A0307D403F4C063B3F5806F14BF02207C
:10E6C000012070470120704770B5064686B00D46A0
:10E6D00042F20A000121F3F777FF0446B0B10C3093
:10E6E00095B10121FFF741F806F1100203A9204678
:10E6F00000950723F3F756FF0022214642F20A0055
:10E70000F4F7C0F806B070BD2946EBE76FF068007B
:10E71000F8E7183002F0DBBFF5F7DEB80368002237
:10E720000BB9184670478B4210D10B6842B942684A
:10E730000360914200D1436000230B6001207047C9
:10E7400013604368994208BF4260F5E71A461B68A8
:10E75000E6E7D0F8B400003818BF0120704708463B
:10E7600089691160C2691A60C27A0021183003F009
:10E7700032BBBFF35B8F0068BFF35B8F704773B52D
:10E780000446CDE900320D4622B9D0F8AC606B46A4
:10E7900001AAB0472846F2F7A1F9019B23B10099DD
:10E7A0006FF06D022046984702B070BD2438F5F72F
:10E7B00003BA10B50446006918B1F2F78FF90023C7
:10E7C000236110BD70B50D46012116460446F5F7CC
:10E7D0002FFA00212846FFF7E1FC012E16D0022E69
:10E7E00016D1236913B12046FFF7E3FF2846FEF751
:10E7F0007CFF20612269138A012B28D82088FFF72B
:10E80000CFFC01212846FFF7C9FC07E0206918B9B1
:10E810002046FFF7CEFF01E02E8A26B92846BDE844
:10E820007040F2F75BB90C30FEF7CBFF864207D998
:10E8300021690022204600F02EFA00232361EDE733
:10E8400020692A8AE9680C30FEF786FFD2E7D26891
:10E8500016880436B6B2B342D0D32846F2F73EF952
:10E8600021690B8AB34204D92046BDE87040FFF706
:10E87000A0BF0023236120460122BDE8704000F0C4
:10E880000ABA10B5034600F1CC021046FFF771FF3B
:10E8900080B1BFF35B8F411C52E8004F844204D12A
:10E8A00042E8001CBCF1000FF6D1BFF35B8FECD146
:10E8B000184610BD0346FBE72DE9F84307460E4610
:10E8C000904600244FF0D009B44203D100231846EB
:10E8D000BDE8F88309FB0470FFF7D3FF034658B186
:10E8E000857A012D02D0073D012D03D81A884245B3
:10E8F000EDD01846F5F77AFA0134E5E710B5837ADA
:10E90000023B0446062B16D8DFE803F00904151570
:10E91000150B0900417200212046F5F791FA0020FD
:10E9200010BD0088FFF704FD0028F9D1A37A072B5A
:10E93000F5D10821F0E76FF07F00F1E738B5037AF1
:10E940008B420446154615D100F170010722284676
:10E9500003F0F7F880B1E378072243B904F17E01B0
:10E96000284603F0EEF8B0FA80F0400938BD04F113
:10E970007701F5E70020F9E70120F7E708B5F5F79B
:10E9800029FD10B1F5F732FA012008BD703070474B
:10E99000F8B507460D4642F213000E21F3F714FEB8
:10E9A0000646D0B10E210C30FEF7D0FE0E220446F2
:10E9B000002103F010FA3B8823802B8863806B884A
:10E9C000A380AB88E380EB88238131460022BDE839
:10E9D000F84042F21300F3F755BF6FF06800F8BD3E
:10E9E00038B5041D03462046FFF7C3FEC0F30025DB
:10E9F000C0050A4604D51846BDE83840F5F77EBD87
:10EA00000988A3F888105188A3F88A109188A3F880
:10EA10009010D288A3F89220BFF35B8F54E8003F98
:10EA200043F4806344E80032002AF7D1BFF35B8FE0
:10EA3000284638BD7047F8B507460E4615460023F0
:10EA40004FF4803204210020F5F7C0FA044630B1BB
:10EA500004210C30FEF77AFE077046704580204690
:10EA6000F8BD704710B400F14C030122BFF35B8F77
:10EA700053E8001F43E80024002CF9D1BFF35B8F5B
:10EA800041B9034653F8482B8164D2F8B81029B92C
:10EA9000C2E92D33006810BCF5F71EB90B60C2F84F
:10EAA000B830F7E710B50368D3F8B42042B1D3F813
:10EAB000B8401168C3F8B410A24208BFC3F8B81038
:10EAC0004C300023BFF35B8F50E8002F40E800314B
:10EAD0000029F9D1BFF35B8F10BD70B5D0E90035C7
:10EAE00004464BB3D3F8B420483000216AB19042B9
:10EAF00034D1A26C51BBD3F8B810C3F8B42088420B
:10EB000001D1C3F8B8200023A36404F14C03002210
:10EB1000BFF35B8F53E8001F43E800200028F9D1C2
:10EB2000BFF35B8F04F13006236BD3B96B680BB175
:10EB30002046984700232360E3680BB1204698479E
:10EB40002B6AB3B12046BDE8704018470A60D3F87D
:10EB5000B820904208BFC3F8B810D4E71146126835
:10EB6000C4E7002200233046FBF77EF8F1F7B6FF3A
:10EB7000DAE770BD38B5406B30B150F8084904B1E0
:10EB8000083CFFF7AAFF04B938BDA5682DB120469F
:10EB9000083DFFF7A2FF2C46F7E72046BDE83840C6
:10EBA000FFF79BBF0431F5F711BA002A70B50E7A52
:10EBB000054614BF0220012086420DDCC87A0728D2
:10EBC0000AD98A61CB6105F1300002F06DFC28465C
:10EBD000FFF748FF002070BD6FF01500FBE7406BAA
:10EBE00030B1838B8B42A0F1080001D08068F7E739
:10EBF000704710B54AB989B2FFF7F1FF28B14368F1
:10EC00009B6913B1BDE81040184710BD38B50D46DB
:10EC10000521FFF7E4FF00231A462946FFF7C5FF49
:10EC2000044610B12846F1F759FF204638BD38B5E3
:10EC30000B8A032B05460C4621D9042104F10C0054
:10EC4000FEF7ABFD238A42889A4218D14178B1B1D0
:10EC50000378012B13D0132B11D0022201202D6831
:10EC6000FFF7E9FE044650B102210C30FEF76EFDBD
:10EC700000230370437021462846FFF7C7FF00209A
:10EC800038BD406B30B183898B42A0F1080001D0C0
:10EC90008068F7E7704738B50B8A032B05460C46AA
:10ECA00004D82046BDE83840F1F718BF042104F12C
:10ECB0000C00FEF772FD41882846FFF7E2FF0028AE
:10ECC000EFD0436821465B699847EAE770470346FF
:10ECD000006828B1596802681A60884208BF5A6003
:10ECE00070470346002003B970471A8A5B681044D6
:10ECF000F9E710B5D4682378023113B921700120E7
:10ED000010BD8B42FBD0038A023B038200201061BE
:10ED1000F6E70620704773B51446014605464FF4E2
:10ED20009572206800F034FF207500BB237A2068BC
:10ED3000ABB1A3F11802534253419B000193638A84
:10ED40000093AE68238AE2682946B047002808DBB2
:10ED5000238A83420ED100232375012008E0022379
:10ED6000ECE710F1FF0F05D34042C0B22075002040
:10ED700002B070BD0E20F9E71FB5CDE901230023D5
:10ED800000931A46F6F702FE05B05DF804FB2DE984
:10ED9000F04F91B0166880460F46002542F60103F9
:10EDA0000068D6F804908DF82C500BA91446ADF8E5
:10EDB0002E30FEF7EAFF002800F089804FF4205340
:10EDC000D8F800008DF82C500BA9ADF82E30FEF7C6
:10EDD000DCFF38B1A3681BB15A88BA4200D25F8009
:10EDE00001200EE061680846FFF77BFF728B738D90
:10EDF0009A4294BFC0EB0200C0EB0300032803D883
:10EE0000002011B0BDE8F08F0846FEF772FC054601
:10EE10006068FFF766FF728D738B05F10C0B9A42E9
:10EE200094BFC0EB020AC0EB030A5846FEF7C9FCC8
:10EE3000824544D26068FFF754FF728D738B9A420B
:10EE400094BFC0EB0200C0EB030070B96368987A0E
:10EE5000F1F788FD00220023FEF718FC0546002884
:10EE6000CED001466068FEF755FC00230093D8F829
:10EE70000460102302AA41464846B047061E26DB1E
:10EE8000227CE068B2421ED001460BA8FEF7ABFF21
:10EE9000E8B1F2B202A906A8FEF7A5FFB8B106A92B
:10EEA0000BA8FEF772FF90B900236374042105F1EB
:10EEB0000C00FEF74BFCA0600780A3688FE7584664
:10EEC000FEF77FFCC1E702A902F03BFEEBE700235F
:10EED000A36085E7F8B59368166805460F461446A3
:10EEE00063B9506801210C30FEF730FCA0602B683C
:10EEF0001B78002B14BF022301230370A3681B7827
:10EF0000012B03D0022B1FD000201CE02B681B78A4
:10EF1000002BF9D1606804210C30FEF717FCE0608B
:10EF200007802A68E36852885A806168728D738B03
:10EF3000088A9A4294BFC0EB0200C0EB0300042889
:10EF400094BF00200120F8BD2B681B78022BDBD179
:10EF5000606812210C30FEF7F9FBE06007802B6837
:10EF6000E268591C0232113351F8040B42F8040BC9
:10EF70009942F9D16168728D738B088A9A4294BF65
:10EF8000C0EB0200C0EB03001228D9E770B405689B
:10EF90006A6A52B3136803B1A83BA2F1A804002225
:10EFA000114600E0A83B844207D0668D648BB142D5
:10EFB00038BF3146A24238BF22461C462BB1D3F897
:10EFC000A830002BEED18442EFD1438D408B8B4291
:10EFD00001D890420BD9824238BF02469942286834
:10EFE00038BF194670BCF7F725B81146EDE770BC7D
:10EFF0007047D0680378043113B90170012070475D
:10F000008B42FBD091680B8A0020043B0B8210617D
:10F0100070472DE9F04F044685B01046904699465A
:10F02000FFF75FFE638B628D934228BF13468342D6
:10F030008B4640F29380636803934046FEF759FB8A
:10F040004FF0000A06464046FFF74BFE628B638D89
:10F0500006F10C079A4294BFC0EB0205C0EB030512
:10F060003846FEF7AEFB854217D24046FFF739FE21
:10F07000628B638D9A4294BFC0EB0205C0EB03051F
:10F080008DBB98F80A00F1F76DFC00220023FEF713
:10F09000FDFA064630B9574636E03846FEF791FB92
:10F0A0000546EDE701464046FEF734FB4046FFF7D4
:10F0B00018FE628D638B06F10C079A4294BFC0EB79
:10F0C0000205C0EB03053846FEF77BFB85421FD2E5
:10F0D0004046FFF706FE628D638B9A4294BFC0EBF9
:10F0E0000205C0EB0305F168328ACDF80090DBF829
:10F0F000047003980A44ABB25946B847071E0CDAAD
:10F10000BAF1000F18BF5746384605B0BDE8F08F7A
:10F110003846FEF756FB0546E5E70E9BB3B9394680
:10F1200006F10C00FEF712FB4046FFF7DAFD638D97
:10F13000628B934228BF1346B9448342BA441FFAF4
:10F1400089F9A8D9AF423FF47EAFA4E70F9A0E9B8E
:10F150003946304698470028E1D19CE70027D3E79D
:10F160000368002203B970478B420FD10B683AB98C
:10F1700042680360914200D1436000230B607047F6
:10F1800013604368994208BF4260F6E71A461B685D
:10F19000E8E706207047BFF35B8F50E8003F43F07D
:10F1A000080240E800210029F7D1BFF35B8FC3F3C9
:10F1B000C000704773B51668054600237068137366
:10F1C00014462946952200F0E3FC207380B9CDE96E
:10F1D00000002946A388A2683046FFF71AFF0028DE
:10F1E00009DA10F1FF0F26BF4042C0B20E20207393
:10F1F000002002B070BD0120FBE72DE9F341166845
:10F20000074600237068137314463946952200F0B0
:10F21000BFFC0546207308BBA068718B728D038A02
:10F22000914294BFC3EB0103C3EB0203012B15DD35
:10F2300002210C30FEF78AFACDE900558046A388FA
:10F24000A26839463046FFF7E4FE031E0ADA13F1DE
:10F25000FF0F26BF5B42DBB20E232373002002B0F8
:10F26000BDE8F081A8F800300120F8E72DE9F04171
:10F2700004468868FFF735FD638B628D934228BF93
:10F28000134683420D461DD3E165D1F8088000275F
:10F290008F60FBF7FFF941462046F5F79DFC0646D7
:10F2A00038B1C5F80880E765FBF708FA3046BDE8D5
:10F2B000F081618D638B994228BF1946284600F082
:10F2C0008AFDF1E76FF07906F0E738B5BFF35B8FA1
:10F2D0000B68BFF35B8FDB07054617D550F8040CAE
:10F2E000A0B1AB6D93B90430FFF7F1FC044668B1EF
:10F2F0000146281FFFF7BAFF002807DA55F8043C3B
:10F300005A6822609A685C6002B99C6038BD2DE939
:10F31000F041446A07463CB354F8A86906B1A83ED8
:10F3200000231D4607F1040801E034461646E26D4D
:10F330009AB905B98BB94046FFF7C9FC054658B1E3
:10F3400001462046FFF792FF00280DDA7B682B600C
:10F35000BB687D6003B9BD6023462EB1D6F8A820F6
:10F36000002AE2D0A83AE0E7BDE8F08170B5044693
:10F370000E46002200230846FAF776FC054658B1EF
:10F3800001462046F5F728FC044618B129463046C8
:10F3900002F095F8204670BD6FF00104FAE7F8B569
:10F3A0000546071F00F1540350F8044CBFF35B8F70
:10F3B00053E8001F21F0040143E80012002AF7D1AE
:10F3C000BFF35B8F04B3AB6D8BB963687BB1201D5A
:10F3D000FFF77DFC014606463846FFF747FF002849
:10F3E00012DA63683360A368666003B9A66005F14A
:10F3F0005C013846FFF7BAFF30B104F10C01384622
:10F40000BDE8F840FFF7B2BFF8BD38B504460D4679
:10F41000F5F7E2FB30B1294604F16000BDE8384061
:10F4200002F042B838BD2DE9F04188461746012167
:10F43000042205461E46F5F75BFA044670B1042126
:10F440000C30FEF783F980F80080A0F80170C670D8
:10F4500021462846BDE8F041FFF7D7BFBDE8F0815F
:10F4600037B50C46054601F10C00FEF79EF9228ADD
:10F470000192E26800920346132212212846F5F712
:10F48000B5FC03B030BD37B50C46054601F10C00A4
:10F49000FEF78BF9228A0192E2680092002203466D
:10F4A00011462846F5F7A2FC03B030BD08B5837AB3
:10F4B000072B01D0002008BD0421FFF7E2FB002844
:10F4C000F8D0BFF35B8F436DBFF35B8FDB07F1D5E4
:10F4D00050F8040CEFE770B50E461546FFF7E6FF4F
:10F4E00078B1436A6BB1184650F8A83903B1A83B0C
:10F4F000691C428D448BA24228BF2246914202D908
:10F500003BB9002070BD2A463146BDE87040F5F792
:10F51000EFB9D3F8A84004B1A83C18462346E8E761
:10F5200007B5CA681388528800920C210D22F5F79E
:10F53000F5FD03B05DF804FB07B5CB6800221B881E
:10F5400000920A210B22F5F7E9FD03B05DF804FBF8
:10F5500070B5CB681E88B3B2162B04461AD90321A6
:10F56000F5F7A4FC0546B8B102210C30FEF7EEF821
:10F570006FF00D0303700123437029462046FFF707
:10F5800044FF4FF4F973204663836685FFF7FEFC62
:10F59000002070BD0420FCE70E20FAE7F6F78AB9D8
:10F5A00008B5FFF783FF08B3426A02B3136803B1DB
:10F5B000A83B32F88E0C32F87E2C904228BF1046C1
:10F5C00043B913E0934228BF1346984238BF184608
:10F5D000A1F1A803D3F8A8105A8B5B8D0029F1D1B3
:10F5E0009A4228BF1A46904238BF104608BD1046BE
:10F5F000FCE70A8AC9680023F5F722BF70B50E46FA
:10F60000FFF754FF044628B93046F1F767FA6FF068
:10F610007F0070BD00F10C052846314601F044FF23
:10F62000606A38B150F8A84904B1A83C2946FFF7F0
:10F630009DFE20B90020ECE71C466FF00100002C75
:10F64000F8D0D4F8A83023B90230F5D020461C46B3
:10F65000ECE7A83BF8E738B505460C46FBF71AF887
:10F660002846FFF723FF20B9FBF728F86FF07F004B
:10F6700038BD0023236083683BB9C0E90144FFF72C
:10F6800046FEFBF71BF80020F2E71C608460F6E7FB
:10F690000120704708B5FFF709FF98B1436A8BB1A5
:10F6A000BFF35B8FA83B03F1580252E8000F20F034
:10F6B000080042E800010029F7D1BFF35B8FD3F8BF
:10F6C000A830ECE708BD08B50421FFF7DAFA30B13D
:10F6D000BFF35B8F406DBFF35B8FC0F3C00008BD0D
:10F6E0001060002070470B4609895A898A4203D06E
:10F6F0005981DB6803B11847704710B5029CA368B5
:10F7000033B1B1F5807F28BF0E21CAB22146984798
:10F71000A37DE268013BDBB2A37522B11BB9204691
:10F72000BDE81040104710BD106091800020704768
:10F7300008B5072202F005FAB0FA80F0400908BDCA
:10F7400010B50346BFF35B8F53E8000F40EA010298
:10F7500043E80024002CF7D1BFF35B8F10BD0B688A
:10F7600003608B8883808B798371704770B500F15B
:10F77000700605463146007AFEF752FD04463146D2
:10F78000287A3CB1F5F764FF18B1002303604360A9
:10F79000836070BDF5F75CFF0028FAD00460446018
:10F7A0008460F6E7022A10B508D1002300F1700149
:10F7B0001A46007AF5F7DCFF022010BDFFF7D6FFEE
:10F7C000FAE713B5BDF8101010464FF006144FF0CD
:10F7D000C8720829CDE900420BD8C1F108049C4247
:10F7E000A8BF1C462246694402F0CDFA204602B06A
:10F7F00010BD6FF00604F9E7F7B51546BDF82060B7
:10F800001F46FEF70BFD022EADF806000ED8C6F11E
:10F810000204BC42A8BF3C460DF1060322469919DA
:10F82000284602F0B0FA204603B0F0BD6FF006049F
:10F83000F9E72DE9F0419846BDF818601546F2F752
:10F840009BFF0746ECF74BFA83B2B3420CD39C1BE9
:10F850004445A8BF4446A4B22246B919284602F03E
:10F8600092FA2046BDE8F0816FF00604F9E7F7B59B
:10F870001F460023BDF820608DF804301546F5F7CB
:10F88000CFFE10B1037A8DF80430012E0DD8C6F1E9
:10F890000104BC42A8BF3C4601AB22469919284648
:10F8A00002F071FA204603B0F0BD6FF00604F9E7EC
:10F8B00013B5C96810460A781C46BDF8103092B9D5
:10F8C0004A88ADF80620022B18D8C3F102029442F0
:10F8D000A8BF144622460DF10601194402F053FA5E
:10F8E000204602B010BD102B01F1010106D8C3F172
:10F8F00010029442A8BF14462246EEE76FF00604B9
:10F90000EEE7F7B5C968BDF8206015461F46F5F764
:10F91000B1FE00B10089ADF80600022E0ED8C6F186
:10F920000204BC42A8BF3C460DF1060322469919C9
:10F93000284602F028FA204603B0F0BD6FF0060416
:10F94000F9E7F0B507683D7889B00646144635BB3F
:10F950007B88B3F5245F04D01BD8A3F52053032B79
:10F960001DD8ADF80A1002220DF10A012046FDF75C
:10F970009BFD48B17B88ADF80A3002220DF10A01E7
:10F980002046FDF791FD70B96FF01502C4F808210B
:10F9900006E003F55643FF339BB2042B13D9012530
:10F9A000284609B0F0BD0020009003AA7768132311
:10F9B0003146B847021EE9DB03A92046FDF774FD76
:10F9C0000028ECD1E0E7ADF80A1002220DF10A019F
:10F9D0002046FDF769FD0028D6D07B88ADF80A30B7
:10F9E00002220DF10A01E8E701210C30FFF7A8BE61
:10F9F0002DE9F0411F46BDF81830012B0646904610
:10FA00002CD83B44012B3D462BDCF5F709FE044680
:10FA100018B9F5F705FE044630B397B1217A98F886
:10FA20000020002321FA03F0C70703D522FA03F0D0
:10FA3000C0071CD50133032BF4D102F00702114398
:10FA40002172601C06F17001FFF789FE337A237082
:10FA50002046FFF7C9FF2846BDE8F0816FF0060594
:10FA6000F9E76FF00C05F6E76FF01005F3E76FF0BC
:10FA70001205F0E738B504461546FFF709FE40B118
:10FA80002046F5F7CDFD20B1037ADB0701D5FFF75E
:10FA9000ABFF35B9207A04F17001F5F7D9FD00B15B
:10FAA000856038BD10B5BDF80810BDF81040A14202
:10FAB00010460BD8641A9C42A8BF1C46039BA4B2F4
:10FAC0002246194402F05FF9204610BD6FF006048B
:10FAD000FAE713B5044610B9002002B010BD0023A8
:10FAE0008DF80430006842F6030301A9ADF8063032
:10FAF000FEF74BF90028EFD1E36898880028ECD195
:10FB00002046F5F713FF013080B2E6E7F0B5CC6888
:10FB100087B008461F46A3798DF80430BDF83060E1
:10FB20001546FFF7D6FF2468ADF8050023789BB98A
:10FB30006388ADF807300524B44219D3A41BBC4236
:10FB4000A8BF3C46A4B201AB22469919284602F050
:10FB50001AF9204607B0F0BD631C0DF107021134FD
:10FB600053F8041B42F8041BA342F9D11324E3E722
:10FB70006FF00604EDE71FB5CDE9012300230093E4
:10FB80001A46F5F703FF05B05DF804FBFFF708BD63
:10FB900012F0010F4B8A04D013F0950F10D0486873
:10FBA00070B112F0020F04D013F4957F0AD0896867
:10FBB00041B11A4012F4DE7F14BF052000207047C7
:10FBC00002207047032070472DE9FF41837A072BFD
:10FBD00005460C46174610D100238DF80C302068DE
:10FBE00042F6030303A9ADF80E30FEF7CEF860B974
:10FBF000E3689B7913F0300F03D1002004B0BDE817
:10FC0000F0812046F5F79EFF0446002320688DF81A
:10FC10000C3003A942F60213ADF80E30FEF7B5F82A
:10FC200018B12046F5F78EFF0446002642F602186A
:10FC300020688DF800606946ADF80280FEF7A5F8EF
:10FC4000D8B9002320688DF80C3003A942F60213BE
:10FC5000ADF80E30FEF799F80028CED1E4682246C0
:10FC6000284612F8011BFEF769FE0028C5D023893B
:10FC70001F4214BF01200020C0E720688DF80460F7
:10FC800042F6030301A9ADF80630FEF77EF800281E
:10FC9000D7D020688DF808604FF4205302A9ADF842
:10FCA0000A30FEF772F80028CBD020688DF80C607F
:10FCB00042F6010303A9ADF80E30FEF766F80028FE
:10FCC000BFD02046F5F73EFF04460028B0D194E7A8
:10FCD0002DE9F843884651684B8A03F094030746A0
:10FCE00014464BBB0122FFF76FFF48B3A2891B21CB
:10FCF00002323846FFF7EFFB054620B300F10C094E
:10FD000002214846FDF722FD0646484626F8028BAA
:10FD1000A189FDF71BFDA289A168304602F033F8E6
:10FD2000D4E9041228460123F5F768FC2946384631
:10FD3000BDE8F843FFF762BC4FF0FF30BDE8F88341
:10FD40006FF01500FAE76FF00B00F7E72DE9F041CF
:10FD500005460F46F5F764FC044608B3037ADA0754
:10FD60001ED5BFF35B8FC668BFF35B8F16F001062D
:10FD700000F10C0814D1A7B1BFF35B8F58E8003F26
:10FD800023F0020248E800210029F7D1BFF35B8F7E
:10FD90009B07284608D5FFF77DFC2046FFF724FE89
:10FDA00001263046BDE8F081FFF772FC0028F8D04C
:10FDB0002846FFF788FC0028F3D0BFF35B8F58E894
:10FDC000003F23F0020348E80032002AF7D1BFF3D6
:10FDD0005B8F2846DFE770470021F8B54FF0FF3210
:10FDE0004FF0FF3305460846FEF7DCFE00F10C0736
:10FDF000044601213846FDF7A9FC052606700121BD
:10FE00003846FDF7A3FC002306701A462146284613
:10FE1000FEF7CBFE10B12046F0F760FE0020F8BDE3
:10FE20006FF08500704700207047F8F763BD1FB57D
:10FE3000022001A9F0F70AF818B1002005B05DF81A
:10FE400004FB019802A9F8F7FFFC0028F5D19DF802
:10FE50000830032B05D09DF80B00431E5842584133
:10FE6000ECE70120EAE713B5022001A9EFF7EEFF66
:10FE700058B901220198114600F068FC0446019827
:10FE8000FDF74BF8204602B010BD6FF00404F9E70F
:10FE9000203870470369C9B20C2201FB0233186C89
:10FEA00000F00700704770B5C9B20369EFF3118520
:10FEB000402484F31288BFF36F8F0C2606FB0134B5
:10FEC000246C14F0C00408D0A24206D085F3118837
:10FED000BFF36F8F4FF0FF3070BD06FB013301227F
:10FEE0001A6485F31188BFF36F8F436803EBC10376
:10FEF0005B6898470020EFE78022FFF7D4BFF8B592
:10FF0000069F0469C9B2EFF31186402585F3128874
:10FF1000BFF36F8F0C2505FB0144256C05F0070C22
:10FF2000BCF1010F0CD1276486F31188BFF36F8FEA
:10FF3000C4E90E23436853F8313098470020F8BDD8
:10FF400005F0C005AF4286F31188BFF36F8F0CBF79
:10FF50006FF077004FF0FF30F1E713B58024009485
:10FF6000FFF7CDFF02B010BD10B40069CBB21C2466
:10FF700003FB0400002110BC1047002000F026BB4A
:10FF80001046F9F7A3BE0020704738B50C46154659
:10FF9000F2F7E6FB28B129462046BDE83840F2F7E3
:10FFA00029BD6FF00A0038BD70B5044600F097FC1B
:10FFB000237B05460BB100F01DFB00266068F9F7B6
:10FFC000F5F9A3685B1BA36063682B446360237B24
:10FFD00001363BB9A368002BF0D1A068003818BFE8
:10FFE000012070BD3046F8F7F9FB0028F2D0F4E7A5
:10FFF00038B505460C4600F06CFC002D07DBA84226
:020000040003F7
:1000000005D9401B84428CBF0020012038BD002050
:10001000FCE770B50D462846194616461C46FFF704
:10002000E7FF38B124B122462946304601F0ABFE45
:10003000002070BD6FF01500FBE7F7B51C461646B3
:10004000002382682360A36013690D4601AA6946F4
:100050009847019B5A1E01921BB96FF0150003B01F
:10006000F0BD0098A26847682168676085B9B31A37
:10007000D0F800C0634528BF63461A4403FB07114C
:100080002160A26002689A4206D808300090E0E73A
:100090006B1AB3FBF7F3EBE70020E0E7134600220F
:1000A000FFF7CBBF2DE9F047836886B01B69884610
:1000B000914601A902AA98470024A2462546029B20
:1000C000AB4202D806B0BDE8F087019F07EBC50739
:1000D00000267B6804933A68B2420AEB060302D812
:1000E00001359A46EBE703940593494603A8C047B8
:1000F0000028E7D0049B01361C44ECE743685B68AA
:10010000D3F810350B600020704743685B6802EA43
:10011000010021EA0201C3F80805C3F80C1500200C
:10012000704743685B680020C3F808157047436850
:100130005B680020C3F80C15704743685A68D2F812
:10014000043521EA03000B40C2F80805C2F80C355B
:100150000020704710B503695868F8B1884219D17A
:100160009C6808685860A14200D19860002008602F
:100170002AB15A680A609A68596002B999600020E9
:1001800010E0814206D10868206098688142EDD174
:100190009C60EBE7044600680028F2D1002AE8D111
:1001A0006FF0150010BD30B543681360057A4468E0
:1001B00004EBC504A34202D36FF0010030BD5C79AB
:1001C0008C4201D00833F0E70020F7E7002201213C
:1001D0000420F0F7C3B9002201212320F0F7BEB9B3
:1001E00010B50B6813B91360184605E003685C6826
:1001F0001CB114600368186810BD083303600B68F5
:10020000013B0B60EDE703460A46006819790123BC
:1002100003FA01F103691B68194218BF82F0010259
:1002200012B18368DB68184783681B69FBE710B568
:10023000036804464BB19A683AB1186900F0BFFFF1
:10024000206800210830FFF7DEFFA36933B963603F
:1002500004F11000BDE81040F9F738BD10BD10B52D
:10026000006903688B4206D190F86C4034B9FFF7FF
:10027000DEFF204610BD6FF01500FBE76FF00F00AA
:10028000F8E72DE9F34144680569266A01AA0021CF
:100290003046FFF788FF002825DB019B326819797B
:1002A0001868F6F783FC00281DDB616A481C11D131
:1002B000E3699847AC6801260834D5E9023203EBBC
:1002C000C203A4F10802934210D82846FFF7AFFFFB
:1002D000002008E004F12800F7F72AF810F1130FC6
:1002E00001D0411DE4D102B0BDE8F08154F8080C02
:1002F00000F06AFF28B354F8080C14F8041C34F812
:10030000023CD0F810C0D0F80880DCF80070DA07A2
:1003100054BF43F4B01383F4D01323F4801206FACD
:1003200001FEDB074CBF4EEA070727EA0E07CCF8B1
:100330000070D8F800309847002804F10804BCDAAF
:10034000D1E76FF01200CEE738B503780C4663B9F9
:100350008D6E5DB94B6E1C696FF07303236404F1FD
:100360002800F9F7B3FC84F86C5038BD8B6D93B15D
:100370009D4210D85B1B8B6543BB4B6C08334B64B1
:100380008B6C013B8B6401F1580204F1440048314D
:10039000FFF726FF6065236E9BB19D4211D85B1B62
:1003A0002366CBB9E36C0833E364236D013B23651B
:1003B00004F1600204F1500104F14C00FFF710FF5A
:1003C000E065606EBDE83840F6F7D6BD4B6D002B9A
:1003D000E1D02B444B65DEE7E36D002BF1D02B44DD
:1003E000E365EEE700F150039B009BB203F180430D
:1003F00003F5883300221A601B68704708B5F7F7C9
:100400007FF808BD10B500F09EF84FF0FF304FF0B8
:10041000FF31F7F729FA044620B9DDF793F80446CF
:10042000F7F72AFA204610BD38B50B8A0D4673B38C
:100430000B7EA3B1022B2AD14FF0FF304FF0FF31DA
:10044000F7F712FA044640B9E868E8F77DF8044681
:10045000F7F712FAB4B1F7F7E1FA204638BD4FF0DA
:10046000FF304FF0FF31F7F7FFF904460028F4D1D1
:10047000E868F7F75DFB0446F7F7FEF9002CECD1CE
:10048000F7F7CCFA2846F0F729FB0024E5E76FF0F0
:100490001504E2E7F7F7D6BA10B531220446002179
:1004A00001F099FC202323708023A3706FF03F0399
:1004B00063710423A3722823A3730223E373042329
:1004C000A3756FF0080363766FF03C03A3766FF0BB
:1004D0000C03E3767E232377302384F820306FF0FB
:1004E0003F0384F82130072384F822306FF007039C
:1004F00084F82330012384F82430802384F82630C4
:10050000042384F82930402384F82D3010BD0023C3
:1005100003604360037823F03D0343F03D03037021
:10052000437823F0410343F041034370704701F1E6
:100530002003013813F8012D00F8012F8B42F9D167
:100540007047F7F71BBF70470021F7F7C3BF90F85C
:100550004010012901D8F7F7BDBF12207047684647
:1005600020F007018D4601B5E4F794FFEFF772FD27
:10057000BDE801408546704708B54FF0FF314FF0A8
:10058000FF30F7F771F9EBF782FBBDE80840F7F7AA
:1005900073B9684620F007018D4601B5E4F746FFC0
:1005A000BDE8014085467047684620F007018D464A
:1005B00001B5E4F767FCEFF74DFDBDE80140854666
:1005C000704708B5EBF746F9002008BD012801D1B6
:1005D000E4F78AB970477047E3F7ACBF08B5E7F7AF
:1005E0004BF830B1EFF305800338032894BF0020A7
:1005F000012008BD70478068183820F007001038C7
:100600007047042809D0052803D1481E18BF0120CF
:100610007047431A5842584170470120704738B517
:1006200015460C4661B15AB1FCF7D6FC254421466B
:1006300011F8013B834203D1A942F9D1012038BD11
:100640000020FCE738B50C4601231146224605463A
:10065000FCF764FC00280FDB012221462846FFF747
:10066000DEFF38B92378012B14BF02230123237046
:10067000002038BD0323FAE70120FAE72DE9F7430C
:100680001D4606460F469046FCF79DFC6C1E044432
:1006900040420440082C1AD83046FCF79DFC2A46FC
:1006A00081464146684601F06EFB621B49460DEBF0
:1006B000050001F090FB23466A4639463046FCF7B8
:1006C00042FC003818BF012003B0BDE8F0834FF0B2
:1006D000FF30F9E707B501238DF8042001AAFFF7E1
:1006E000CDFF03B05DF804FB81681839012221F0C9
:1006F0000701FFF7EFBF8268183A22F00702FFF701
:10070000A1BF13B50C46C0B201A9EFF79FFB50B9CA
:1007100021460198F8F798F804460198FCF7FDFB8C
:10072000204602B010BD0124FAE713B541EA0211D8
:1007300004468DF80710FFF75EFF012301460DF117
:1007400007022046FFF79AFF02B010BDF7B50D1E55
:1007500069460CBF17462F460446F8F775F878B976
:100760009DF80060022E22D0032E0BD0012E24D142
:1007700035B19DF80330032B02D12046FFF7B4FFBB
:1007800003B0F0BD002DFBD12046F8F73BF8002860
:10079000F6D157B12046FFF7A7FF0028F0D100227D
:1007A00031462046FFF7C1FFEAE70226F7E735B9F1
:1007B000A26829462046FCF7DBFB0320E0E7042083
:1007C000DEE74FF08053D3F83001421C04BF4FF0F6
:1007D000704393F8E00F831F584258417047004719
:1007E00000F0EDBC036803F01F025B0902600CBF60
:1007F0004FF0A04000207047F7B5019001A8DDE957
:10080000084716461D46FFF7EDFF019BB6F1000CA9
:1008100018BF4FF0010C00EB83000B1E18BF012323
:10082000002D43EA4C0314BF4FF00C0C4FF0000CAA
:10083000002C43EA0C0314BF4FF4E06C4FF0000CA3
:10084000002F43EA0C03D0F8002714BF4FF4403CBC
:100850004FF0000C43EA0C0322EA030301B10978CC
:100860000EB13678760019430DB12D78AD003143C5
:100870000CB12478240229430FB13F783F040C4384
:100880003C43C0F8004703B0F0BD1FB50DF10F03A6
:10089000019300238DF80F1000931A461946FFF7B5
:1008A000ABFF05B05DF804FB024611F0010007D074
:1008B0004FF0A041D1F820351360C1F8203503B9BD
:1008C00000207047F8F7AABAF8F788BA0846F8F790
:1008D00075BA4FF080531A695869504370474FF00A
:1008E0008053186970474FF0805358697047036808
:1008F00003F01F025B0902600CBF4FF0A040002014
:10090000704707B5019001A8FFF7F1FF019A012395
:100910009340C0F8083503B05DF804FB07B50190BB
:1009200001A8FFF7E4FF019A01239340C0F80C35BA
:1009300003B05DF804FB37B5D0F818358A69DBB22F
:100940008DF807300B6A93423EBF4A699DF8074015
:10095000D4540B6A91F824500C695A1C0A62023371
:1009600035B1A3428C6938BF0B619C4288BF8B6153
:100970000D699D4205D9CA68D35CC0F81C350120B9
:100980000AE08C699C4201D9CB7FF6E7AA42F6D3F4
:10099000A2422CBF0020012003B030BD70B5034639
:1009A0000025C0F80851D3F808310C46FFF7C3FF03
:1009B00068B9887FFF2801D0FFF7A3FF204665773D
:1009C0002572616850F8083BBDE87040184770BD5B
:1009D00030B5026A0346D2E9014084424FF000007C
:1009E00002D30123D36030BD1874506801305060C9
:1009F000186A4268541E0268242505FB0422184622
:100A00005C1950F8045B42F8045BA042F9D199608C
:100A10000120E8E7F0B5064604460F4694460FCE9F
:100A20008BB001AD0FC50FCE0FC5216A33684A6880
:100A30002B602068A56822B90223CB6000200BB090
:100A4000F0BDFB0713D50B682426013A06FB0233E1
:100A50007E0703D41A7C0AB10F23EEE7224603F186
:100A6000240153F8046B42F8046B8B42F9D1B907A7
:100A700041BF226A536803F1FF335360AC4505D28E
:100A8000236A002BDAD00422DA60D7E77A0748BF5E
:100A900020603B0701D40120D1E706AB93E80700B3
:100AA000143484E80700F6E710B502601A44029B8C
:100AB000836001294FF00003C260037403758361F2
:100AC00001D8036210BD24224A43243A84180462E8
:100AD0008350026A8C1E9460026A5360026AD3607B
:100AE000026A1374026A022953741EBF036A243017
:100AF0001860E7E7182871F100030ED3B0F5807F86
:100B000071F100030BD3B0F5803F71F1000308D3FE
:100B1000002914BF092005207047012070470220DA
:100B200070470320704737B508294FF000044FF095
:100B30000005CDE900450A460AD80146684601F09D
:100B400022F9DDE9000103B0BDE83040FFF7D2BF74
:100B5000002003B030BD03460020884200D170471A
:100B60001A5C002AFBD00130F7E700B1C160704782
:100B700043680360836801338360006AFFF7F5BF51
:100B800008B50268C3689A4205D3006A0821FFF7D6
:100B9000ECFF002008BD0120FCE738B504460D46F7
:100BA000FFF7EEFF40B123681B78B5EB531F04D06D
:100BB000206A0A21FFF7D9FF002038BD10B504468E
:100BC000FFF7DEFF38B123681A78FF2A05D0206AC4
:100BD0000A21FFF7CAFF002010BD01332360FBE7A5
:100BE00010B5027D044632B1FFF7E8FF48B100239B
:100BF00023754FF0FF3220460721BDE81040FFF774
:100C000009BF10BD2DE9F84F04460E4691461D461A
:100C1000FFF7B6FF804628B1A36843B90321206AD5
:100C2000FFF7A3FF4FF000084046BDE8F88F2268A9
:100C3000177807F01F0BBBF11F0F12D12DB3206ADD
:100C400018B1037C0BB11521EAE701232B700025B5
:100C50002368636001352B442360A368013BA360D4
:100C6000E2E7BBF1170F14D9ABF11803D9B203298E
:100C70000BD801259D40A94509D3E36805F1010A78
:100C80005244934207D20821C9E70721C7E705214B
:100C9000C5E70025F1E74A460021304601F09BF800
:100CA00015B986F800B0D2E72268711E531913F8FF
:100CB000010901F8010F9A42F9D1236A002BC7D02C
:100CC0001B7C002BC4D00737FFB2022FC0D9494686
:100CD0003046FFF728FF8245BAD015219FE738B587
:100CE0000C4611460546FFF758FF08B9002038BDED
:100CF00004220023A1182846FFF784FF0028F5D01E
:100D00002B682360F3E737B5002304468DF80330E2
:100D1000FFF743FFA8B104220DF103030DEB02011D
:100D20002046FFF76FFF60B19DF8035065B9019948
:100D30002046FFF74DFE50B963682360A368013376
:100D4000A360002003B030BD6FF00F01F0E7257500
:100D5000F8E738B504460D46FFF7C1FF48B12268F1
:100D6000E3689B1A6A689A4204D908212046FFF773
:100D7000FFFE002038BD38B504460D46FFF7E9FFF9
:100D800018B123686A681344236038BD70B50D46F6
:100D9000002104461646FFF700FF38B132462946C7
:100DA00020460023BDE87040FFF72CBF70BD042231
:100DB000FFF7ECBFFFF7FBBF0222FFF7DCBF032208
:100DC000FFF7D9BF10B505210446FFF79CFF50B1CE
:100DD000237D4BB9A3686FF00042934205D30521F0
:100DE0002046FFF7C5FE002010BD5B00A360FBE7B7
:100DF000037D23B98068B0FA80F04009704703682A
:100E0000C268934205D21878A0F1FF0358425841B6
:100E1000704700207047FFF7E3BE70B50D4607210D
:100E20000446FFF7BAFE48B123681E7806F01F0695
:100E3000182E05D9206A0A21FFF797FE002070BD01
:100E40000023012229462046FFF7DCFE0028F5D0CA
:100E5000182EF4D12B781F2BF1D815212046FFF73F
:100E600087FEEBE737B50C460DF107010546FFF7A6
:100E7000D4FF58B19DF80730143BDBB2012B8DF83D
:100E8000073006D90A212846FFF772FE002003B07A
:100E900030BD03F001032370F9E738B50D46062194
:100EA0000446FFF77AFE08B9002038BD002304226B
:100EB00029462046FFF7A6FE0028F5D0A368013397
:100EC000A360F2E7F0B58FB00446FFF759FE0028A3
:100ED0005DD023681D7800220023CDE902236D092F
:100EE000234605AA04F1200718685968164603C668
:100EF0000833BB423246F7D118683060062D1CD04B
:100F00002A1F0023012A4FF008028DF804300DEB50
:100F1000020198BF01AB05A8FFF774FE0646002842
:100F200035D0042D3BD019D8023D012D21D9059B88
:100F30002360A368013BA3602AE001A905A8FFF78D
:100F4000ACFF20B3059B089A934204D30821206A82
:100F5000FFF70BFE1BE01D786D09CFE7052DE6D1ED
:100F6000DDE90232B3F1004F72F1000113D32946DB
:100F7000EDE7E3682168029A5B1A9A4203D8059B61
:100F800013440593D3E708212046FFF7F1FD00261F
:100F900030460FB0F0BDDB185241CDE902329DF86A
:100FA000045025B16FF00F020023CDE90223029B0C
:100FB00007938DF8285005A8FFF71AFF014638B1AE
:100FC000002DB4D005A8FFF7F9FD0028AFD1DEE76A
:100FD00005A8FFF777FF0028EDD1D8E7FFF764BD3C
:100FE00000B1C160704710B50368C468A34205D35F
:100FF000006A0821FFF7F4FF002010BD02F01F0275
:1010000042EA411119700368013303600120F4E7DB
:1010100070B505460E46104619461446FFF783FD87
:101020002246431E31462846BDE87040F8F7A2BB71
:10103000F8B51746C36802689A4204460D4606D3BF
:10104000206A0821FFF7CCFF00263046F8BD9B1A26
:101050004A689A42F4D80E4656F8043B53B104212C
:101060003046FFF760FD6A6823681344E268034472
:101070009A42E5D33246042339462046FFF7C8FF9B
:1010800006460028E0D020682968884202D06A68B5
:1010900000F087FE23686A6813442360D5E7082AB6
:1010A00073B513460C4606D9006A0521FFF798FF71
:1010B000002002B070BD8E1816F9012C002A0FDA3C
:1010C0000A4669460C46B24204D101212246FFF786
:1010D0009FFFEEE712F8015BED4301F8015BF2E7D9
:1010E0000021F3E713460A460021FFF791BF07B539
:1010F000042201910DEB0201FFF7D1FF03B05DF86F
:1011000004FB07B5042201910DEB0201FFF7EAFF92
:1011100003B05DF804FBFFF7F4BF0222FFF788BFBE
:101120000322FFF785BF07B5CDE900126946FFF737
:10113000F7FF03B05DF804FB38B50C4605461146D1
:101140002046FFF708FD214602462846BDE8384004
:10115000FFF7E9BF1F220421FFF745BF1F2205212A
:10116000FFF741BF1F220721FFF73DBFFFF7FABF7F
:1011700010B50A4609781839072905D9BDE8104085
:1011800001230721FFF744BF006A1521FFF728FF5D
:10119000002010BD07B514318DF807100DF10701BF
:1011A000FFF7E6FF03B05DF804FB1FB50024CDE9AF
:1011B0000144069C0094FFF777FC04B010BD08B111
:1011C000EFF7B4BC7047704740B1C368587810F06F
:1011D00001001EBF1878B0FA80F040097047EFF3A5
:1011E0001183402383F31288BFF36F8FFEE708B5A6
:1011F000FFF7F5FF10B5D0E9003433B90020E268FD
:10120000537843F00103537010BD204698470028DF
:10121000F4D00028B8BF4042E368FF28A8BFFF20F1
:101220001870ECE700F0D7BD00F0ADBD704710B40A
:1012300000F10C04C0E9034410BCFBF713BD2DE919
:10124000F04F89B0DDE9126705463B46914606A896
:101250003246059100F0B6FBDDE9063405F1140ACB
:10126000CDE90234EFF311844FF0400888F312887F
:10127000BFF36F8F05F10C0B05994A462846FBF723
:101280007DFC30B184F31188BFF36F8F09B0BDE8E6
:10129000F08F3E43F6D0DDE9022306A800F0B6FB4E
:1012A000DDE906675A46CDE9006721465046F9F761
:1012B0003DF9EFF3118488F31288BFF36F8FDBE7FA
:1012C00038B50446EFF31185402383F31288BFF34A
:1012D0006F8FFBF70AFC04F10C0000F0FFFA30B14D
:1012E000294604F11400BDE83840F9F78FB985F3B9
:1012F0001188BFF36F8F38BD4169836843EA0102EB
:1013000012F003020FD1C2600269013A01FB0233FD
:1013100082689A4201D900207047C2681A60426907
:10132000C3609B1AF4E76FF015007047F8B50446E8
:101330000D46EFF31186402383F31288BFF36F8FBE
:10134000C76877B900F0A7FA58B1C0F89C7045613A
:1013500000F042FA314604F10800BDE8F840F9F720
:1013600055B9E3682B60A369E560013BA36186F38F
:101370001188BFF36F8FF8BD08B54024EFF31183D8
:1013800084F31288BFF36F8FFCF749F9F6E790F901
:101390000E308B4201D0F9F7F5B8002070470346B4
:1013A0000020C3E90200C3E9003370472DE9F84388
:1013B000994604469DF820300D46904600F10806F7
:1013C000EFF31187402282F31288BFF36F8F03B1CE
:1013D0004568304600F05FFA60B10023C0F89C30E9
:1013E000C0F8148000F0F8F930463946F9F70EF9E4
:1013F00000200CE0B9F1000F1BD00821F9F74CFCDC
:1014000038B987F31188BFF36F8F6FF00B00BDE819
:10141000F8830122C0F804800260016801F0030132
:101420005DB922680A430260626820606AB9606040
:101430000BE0C8F800904046EFE72A68032A10D86E
:101440000160616839B9C4E90000042104F11000A9
:1014500000F043FBC8E70A6802F0030202430A6097
:10146000E5E722F003020A4302602A6802F0030261
:1014700040EA02032B60E8E710B5044630B1026889
:10148000930703D0446809B100F054FB204610BD17
:101490000023C0E9003300F10803C0E9023300F182
:1014A0001003C0E90433704707B5012300930023FC
:1014B0000A461946FFF77AFF03B05DF804FB07B54B
:1014C00000230A4600931946FFF770FF03B05DF84A
:1014D00004FB00680021FFF7CFBF5AB18A4209D34D
:1014E00000F11003C0E90212C0E90000C0E90433B2
:1014F000002070476FF015007047026801238B4091
:1015000022EA0303036022FA01F000F001007047B1
:10151000704710B5032104460C30FFF7EEFF30B1E1
:1015200004F1100000F033FAB0FA80F0400910BD69
:1015300020B100221146A83000F006BA704770B5FD
:10154000C368C3F340069B07044616D4856802218E
:101550000C30FFF7D2FF80B1D5F8A0206AB19442D9
:101560001DD122689EB9D5F8A430C5F8A0209C42B0
:1015700001D1C5F8A42000232360E36813F01F0005
:101580001EBF43F00203E36040F0020070BD326012
:10159000D5F8A420944208BFC5F8A460EBE716462E
:1015A0001268DBE773B50446EFF31185402383F33C
:1015B0001288BFF36F8F0023A0F1100603210438B7
:1015C0000193FFF79AFF28B1A369019301A930465F
:1015D000F8F7C4FC85F31188BFF36F8F02B070BDBC
:1015E00038B504460D461022002100F0F4FB65607A
:1015F00038BDEFF31183402282F31288BFF36F8F5F
:10160000C06800F01F0083F31188BFF36F8F70472D
:1016100013B501900846EFF31184402383F3128839
:10162000BFF36F8F01A9F8F799FC84F31188BFF31A
:101630006F8F02B010BD10B5FFF7EAFF041E08DD82
:10164000EFF31180402383F31288BFF36F8FF9F714
:101650000DF8204610BD70B50D46EFF311864023FE
:1016600083F31288BFF36F8FF8F7D2FC044686F33A
:101670001188BFF36F8F38B14FF0FF324FF0FF3357
:1016800005F11000F8F748FB204670BD10B5EFF3E8
:101690001184402383F31288BFF36F8FFFF74FFF4E
:1016A00084F31188BFF36F8F10BD08B5C0220021ED
:1016B00000F091FB08BD38B5302204460D460021EC
:1016C00000F089FB4FF480736560E36038BD38B586
:1016D0000446EFF31185402383F31288BFF36F8F25
:1016E000FFF717FF2046FFF72AFF85F31188BFF3A6
:1016F0006F8F38BDF8B504460D46EFF311864023D1
:1017000083F31288BFF36F8FC36803F01F03002BAE
:1017100014BF0127002705D186F31188BFF36F8F0F
:101720003846F8BDFFF7F5FE2046FFF708FF2946CB
:101730002046F8F7F5FB86F31188BFF36F8F00287A
:10174000EED04FF0FF324FF0FF3305F10800F8F70D
:10175000E3FAE5E7EFF30580003818BF0120704792
:10176000F8F766BFD0E9003213605A600023C0E981
:101770000033704708B5FFF7F5FF437B23F0020302
:1017800043730023836008BD38B504460D46F8F75F
:10179000D7FD637B43F002036373E5B1A5602B685B
:1017A0009D4209D16B68C4E900531C606C6012E073
:1017B0006A689A42F6D01B68002BF3D094F90E2089
:1017C00093F90E108A42F3D09142F1DD5A68C4E9D0
:1017D000003214605C6038BD10B5EFF31184402313
:1017E00083F31288BFF36F8FF8F7C2FD84F311887B
:1017F000BFF36F8F10BD10B50446183000F0C7F866
:10180000EFF31181402383F31288BFF36F8F627B64
:1018100012F0100204D081F31188BFF36F8F10BD56
:101820002046BDE81040F8F7D7BD08B5EFF31181A9
:10183000402282F31288BFF36F8F83680BB1FFF7EA
:1018400099FF81F31188BFF36F8F08BD38B5044647
:10185000EFF31185402383F31288BFF36F8F437B2F
:1018600013F0280F0BD183680BB1FFF783FF637B65
:1018700051B903F0FB0363732046F8F779FD85F354
:101880001188BFF36F8F38BD03F0EB03F3E701213D
:101890001838FFF7DBBF38B5EFF31185402383F32A
:1018A0001288BFF36F8F0468A0420DD034B1204678
:1018B000FFF760FF04F1180000F069F885F3118864
:1018C000BFF36F8F204638BD0024F7E710B5FFF750
:1018D000ACFFBDE81040183000F059B838B50468C6
:1018E0000546AC424FF0000000D138BD002CFCD0C2
:1018F0002046FFF7EBFF2046FFF76EFF2C68012024
:10190000A542F1E7EFF31181402282F31288BFF381
:101910006F8F027BD2070CD581F31188BFF36F8FD5
:10192000002383F31188BFF36F8F0423184602DF6F
:101930007047437B1B0704D581F31188BFF36F8F7A
:1019400070470122F8F748BD38B5EFF31185402301
:1019500083F31288BFF36F8F0468A04213D0A4B141
:10196000C4F89C1062612046FFF704FF04F11800E0
:1019700000F00DF82046F8F7FBFC012085F31188F4
:10198000BFF36F8F38BD0020F8E72046F6E710B5AB
:10199000EFF31184402282F31288BFF36F8F036844
:1019A0003BB1F9F715F8002084F31188BFF36F8F6E
:1019B00010BD6FF01500F7E708B5F9F727F908BD76
:1019C000F9F724B9B3F1FF3F08BFB2F1FF3F70B59B
:1019D00004461D46164613D01A4315D06FF0010277
:1019E000921B4FF0FF3363EB0501002904DAF9F78E
:1019F0000DF9821941EB0501C4E90021204670BDB3
:101A00004FF0FF321146F7E70022FBE7B3F1FF3F4B
:101A100008BFB2F1FF3FF8B5074616461C4610D086
:101A200054EA020311D0F9F7F1F8B0420A46A14195
:101A300003460AD2F31A64EB0204C7E900343846BD
:101A4000F8BD4FF0FF331C46F7E70023FBE72DE915
:101A5000F041846805460E46ECB16378012B25D130
:101A600014F8533C9A0714D5A4F160073846FFF7E1
:101A70002DFF082E0CBF6FF003030023E36314F85F
:101A8000533CDB0605D154F8483C13B93846FFF700
:101A9000A3FE00232370EB68C3F3863216430020B5
:101AA00066F39433A860EB60BDE8F081022BF0D1BF
:101AB0002378002BEDD054F8048CB8F1000FE8D057
:101AC00004F11400FFF763FFA4F114070023E3629D
:101AD00039464046FFF79CFDDBE710B50346EFF3C0
:101AE0001184402282F31288BFF36F8F0068834213
:101AF00008D0D0E9003213605A600023C0E90033F7
:101B0000FFF7A5FF84F31188BFF36F8F10BD043278
:101B1000D3B5044608D200260027CDE9006741F07E
:101B20000401FFF78CFB10B9002002B0D0BD40F8D3
:101B3000044BFAE720B1011F50F8040CFFF7C0BBBB
:101B4000704710B501390244904201D1002005E0F0
:101B5000037811F8014FA34201D0181B10BD0130CA
:101B6000F2E710B5044614F8013BA3F14102192A2B
:101B700011F8012BA2F1410098BF2033192803D896
:101B80002032981AEFD010BD981AFCD1002AEAD161
:101B9000F9E710B56AB10139841810F8012B11F872
:101BA000013F9A4203D1A04201D0002AF5D1D01AB8
:101BB00010BD1046FCE710B50139044632B111F8EA
:101BC000013F00F8013B013A002BF7D1002100F062
:101BD00002F9204610BD0A7870B56AB970BD9A4204
:101BE00009D10C46054614F8013F002BF6D015F834
:101BF000016F9E42F7D001300378002BEFD11846D9
:101C0000ECE7F0B5044608B9146844B1204614F86E
:101C1000015B0F4617F8016B1EB965B9156000200E
:101C200005E0B542F6D1002BF0D114600370F0BD91
:101C30001C460CE015B914F8013B0E4616F8015B82
:101C4000AB42F7D1002BF3D0002304F8013C146021
:101C5000EDE70123FFF7D5BFF0B5C3F13707044621
:101C6000FFB203F01F031046082BE6B233D0102B4F
:101C70003ED06508A40844EA817445EAC1752D196F
:101C80004FEA910242EB5102290941EA02716D18B3
:101C900042EB1212290A41EA02616D1842EB12224C
:101CA000290C41EA02416D1842EB1242AD1842F193
:101CB0000002EC0844EA4274D10804EB8402A6EB6B
:101CC0004205EDB2092D0CD90134A5F10A0541F107
:101CD0000001EDB212E0E40844EA417406F00705A1
:101CE000C908303554EA010200F8015BBCD1F0BDEF
:101CF000240944EA017406F00F050909092D84BF7F
:101D0000ED19EDB2EDE710B50C4600F079F80028BA
:101D1000A2BF23680133236010BDBDF8001068B175
:101D200011F0100F01D00270704711F0080F02D0AF
:101D3000C0E9002370474B0701D5026070478B064E
:101D4000FBD50280704710B5144600F08BF80028D0
:101D5000A2BF236803F1FF33236010BD70B50546B1
:101D60000E4631462846FFF7CEFF041E09DB202C25
:101D7000F7D0A4F10903042BF3D932462946FFF723
:101D8000E2FF204670BD0A44914200F1FF3300D1CA
:101D9000704710B511F8014B03F8014F9142F9D18A
:101DA00010BD884210B501EB020402D984422346DB
:101DB00007D8431EA14208D011F8012B03F8012FC8
:101DC000F8E7024401468A4200D110BD13F8014DE4
:101DD00002F8014DF7E702440346934200D17047F1
:101DE00003F8011BF9E7C9B20346184613F8012BA3
:101DF00012B18A42F9D17047002918BF00207047FC
:101E000010B58378DB07044617D54FF00002D4E8FD
:101E10005F3FC4E8512F0029F9D19BB213B1581E7E
:101E2000C0B20CE0A36898470028F9DAA378013023
:101E300014BF082204221343A3704FF0FF3010BDDB
:101E400002690346107810B101321A6170476FF0D1
:101E500001007047D1E9043293421EBF5A1C0A6147
:101E6000187070478B78DA0702D44FF0FF30704754
:101E7000431CFAD0BFF35B8FC0B2431CD1E85F2F85
:101E8000002A04D1C1E85C3FBCF1000FF6D1BFF3DA
:101E90005B8FEAD18B7823F008038B7070470000CA
:101EA000014800687047000030330020A860FE7FC2
:101EB00001000000150B0200000000003561020067
:101EC0006C1F03005D9A020000000000819A02006E
:101ED00000000000B9680200801F03006185020055
:101EE00000000000C30503000000000087FF02009F
:101EF000A81F030011660200941F0300D96D0200A1
:101F0000BC1F0300FD6302000000000075760200A4
:101F100000000000C92102000000000009090200C1
:101F200000000000D985020000000000A99D020009
:101F30000000000083020300F81F03000D67020089
:101F4000D01F03005D7902000C2003008302030010
:101F5000E41F0300E121020000000000410B020029
:101F600000000000791D020000000000854E030003
:101F70008C2A03009C2A0300B3080020103800209C
:101F8000CD4E0300E42A0300FC2A0300BB08002016
:101F9000D8380020944E030000000000B82A030047
:101FA000B508002064380020A44E030000000000A3
:101FB000C02A0300B708002000000000E34E030021
:101FC000202B0300402B0300BD080020C806002082
:101FD000B34E030000000000C82A0300B908002027
:101FE00000000000F14E03004C2B0300FC2B03000B
:101FF000BF080020D0060020FE4E0300A42B0300E3
:10200000FC2B0300C108002040070020314F0300D3
:1020100000000000042C0300C3080020F438002056
:10202000D9050300DF0703000000000009D6020005
:102030000000000009D602000000000009D60200DE
:1020400055970200DF0703000000000009D60200D8
:1020500035920200DF0703000000000009D60200ED
:102060000000000009D602000000000009D60200AE
:102070000000000009D602000000000009D602009E
:102080000000000009D602006438002081660200CA
:102090000000000009D602000000000009D602007E
:1020A0000000000009D602000000000005770200D1
:1020B0000000000009D602000000000009D602005E
:1020C0000000000009D602000000000009D602004E
:1020D0000000000009D602000000000009D602003E
:1020E0000000000009D6020000000000C9850200BF
:1020F0000000000009D602000000000009D602001E
:102100000000000009D602000000000009D602000D
:102110000000000009D602000000000009D60200FD
:102120000000000009D602000000000009D60200ED
:102130000000000009D6020065970200DF070300D7
:102140000000000009D602000000000009D60200CD
:102150000000000009D60200050000009D460200B4
:102160000000000006000000A56002000000000062
:1021700004000000614A02000000000035DC01009C
:102180005DDC010000000000000000000000000015
:10219000000000000000000099210200911E0200D2
:1021A000000000000000000000000000000000002F
:1021B000000000002C29030008000000CC290300C7
:1021C00007000000482403000D000000542703000E
:1021D00004000000911702003D1C020021200200B3
:1021E00000000000000000010000000200000004E8
:1021F0000000000800000010000000200000004067
:10220000000000800000001B00000036B24F0300F9
:1022100000010000F401FA00960064004B00320057
:102220001E0014000A000500020001000100010068
:102230000001010000010001000001000100000098
:1022400001000B0002000A00050009000A00080056
:10225000140007001E000600320005004B000400B9
:102260006400030096000200FA000100F40100007F
:102270000C0802170D0101020909010106020918E3
:1022800018030101090903030503020123020224C3
:102290000910040405050B0B040B2B1B1B151A1A44
:1022A0001C021D16130501490D150500A301B103FC
:1022B000BF05EF024906A309C505F50B25120E025D
:1022C0001C045A03B4063006600C00000100000034
:1022D000101100400000000000000000000000009D
:1022E000000000000406080A0C0E10121416181C38
:1022F0001E20222426282A2C2E30323436383A3C0E
:102300003E40424446484A4C4E021A5000000000EB
:10231000280000001800000000000000141E00004B
:102320003011000000002CA6E0A100003408E803F2
:102330000000000070170000A00F00000000DC0586
:10234000E803000000000000141E0000301100002F
:1023500000010302D8ECF0F4F8FC000203040506C7
:10236000070800000000000000000000000000005E
:10237000000000000000010101010202020203034B
:102380000303040404040505050506060608090000
:10239000000000000000000000000000000000003D
:1023A0000000000101010102020202030303030411
:1023B0000404040505050506060708090A0B0C0DAB
:1023C00006080801020600100200FA0000000000E2
:1023D0009BBC0100A7BC0100ABBC0100B3BC010069
:1023E000B7BC01000600090000002A000600060034
:1023F00000009001060006000000900100000000AF
:102400000338FDD8704700009634030043490300A9
:102410009D3403000000000001000000401F000088
:10242000803E0000000000000000000001000000ED
:10243000A0000000F000000000000000963403003F
:10244000434903009D3403004C2D0300B1F8020002
:1024500000000000A208002000000100482D030039
:102460000DFB02000000000010050020000001002C
:1024700091080020DDBE020000000000623D002047
:1024800000000100442D030003F902009D560200E4
:10249000F804002000000300402D03000DFB0200A3
:1024A00000000000F004002000000100800800206F
:1024B000DDBE020000000000623C002000000100C0
:1024C0003C2D03000DFB020000000000E80400208A
:1024D000000001006F080020DDBE020000000000C7
:1024E000623B002000000100382D03000DFB0200BC
:1024F00000000000E0040020000001005E08002051
:1025000000000000DDD30100000000000000020018
:10251000342D03000DFB020000000000D804002051
:10252000000001004D080020DDBE02000000000098
:10253000623A002000000100302D030003F9020080
:102540009D560200C0040020000003000541030066
:102550000E410300743E030019410300963403004A
:10256000434903009D340300801F03001300000053
:10257000801F0300180001001146030085654525F2
:102580001546030065452505184603004525050049
:102590001B460300050000007F3A03002202080EDC
:1025A0003C001A3152001A339A001A351D011A37AD
:1025B0006B003B31BE003B335E013B3596023B373F
:1025C00007A9022570889B880704000908054008B0
:1025D00009104008080540081D0400081D040008F3
:1025E000405C0000A05C0400C06C0800805C04003B
:1025F000E03F1E00E07D1E0009000000000000001A
:102600000000000000C00000D01F03000100000017
:1026100000C0000000020000D01F03000200000004
:1026200000C0000000600300D01F03000300000092
:1026300000C20000005E0300D01F03000400000081
:1026400000C20000005E0300D01F03000500000070
:102650000020040000600300D01F030006000000FB
:102660000080070000600000D01F0300070000008A
:1026700000E0070000100000D01F03000800000069
:1026800000F0070000100000D01F03000000002031
:102690000000000000000B0602000000A02603005E
:1026A000000000006E4B0300240002020000002026
:1026B000764B03001E000B1195090200000000007C
:1026C00081D60200491402002D160200000000000D
:1026D000A919020000000000000000000000000036
:1026E00000000000000000000000000000000000EA
:1026F00015190200151D0200151D02000000000042
:1027000000000000000000000000000000000000C9
:1027100000000000000000000000000000000000B9
:10272000FD1C02000000000000000000000000008E
:1027300000000000491C020000000000B826030051
:102740004827030000060000709D0020E54C0300B0
:10275000000000009A2D0300B1F802000000000004
:10276000124D030000000100962D03000DFB020036
:10277000000000000006002000000100F04C0300F3
:1027800000000000D11E0200000000000000020056
:10279000922D030003F902009D560200E805002077
:1027A00000000300B8260300B0270300FB0100006F
:1027B000F0B50020B8260300C02703002E0000005B
:1027C0005CBE0020B8260300D027030002010000F1
:1027D0003CBF00200E030000A93002000F040000DF
:1027E000E53002001A0100000BDF020005040000C2
:1027F000FD2202001301000049E00200FF01000079
:10280000752302003E01000095230200050400002C
:102810004FDF0200100100008FDF020001120000F4
:10282000293002000A1E000067E3020003090000CD
:10283000E3E00200040B000097DF0200060A00003C
:1028400055E20200070A000077DF02000C050000D5
:10285000A3E10200B8260300602803000201000083
:102860005CC00020B82603007028030000000000B0
:10287000B8C30020B826030080280300FB01000035
:10288000E0C3002035EA020063EA02000000000015
:1028900000000000000000002FEC0200000000001B
:1028A0000000000000000000000000000202010023
:1028B00051F5020004040100655302000606010000
:1028C000A552020008040100AD5102000A020100F5
:1028D00039F502000C04010021F502000E0401008C
:1028E0008150020020040100E54F020010040100A5
:1028F000F54E02001202010061F40200160401000C
:1029000013ED02001801010093F102001E00040003
:10291000F3F502005202000087F40200B82603001B
:1029200028290300FD010000B4D00020CA2D0300B7
:10293000B1F8020000000000C62D030000000100F5
:10294000C22D03000DFB02000000000090060020D5
:1029500000000100BA2D030000000000000000008C
:102960000000000000000000B62D030003F9020083
:102970009D5602009806002000000300B22D0300BF
:102980000DFB02000000000088060020000001008E
:10299000AA2D03006FF80200F1F902000000000008
:1029A00000000300A62D03000DFB02000000000044
:1029B00080060020000001009E2D0300A55A0200A1
:1029C000000000000000000000000100F62D0300E0
:1029D000B1F8020000000000F22D03000000010029
:1029E000EE2D03000DFB020000000000C0060020D9
:1029F00000000100E62D030033F802000000000093
:102A00000000000000000100E22D03000DFB0200A9
:102A100000000000B806002000000100DA2D0300CD
:102A2000F9F70200000000000000000000000100B3
:102A3000D62D03000DFB020000000000B0060020B0
:102A400000000100CE2D0300C3F7020000000000CB
:102A50000000000000000100000000000000000075
:102A6000000000000000000000000000D9FD02008E
:102A70000000000000000000000000000000000056
:102A8000F1600200C1600200000000006D620200FF
:102A9000ED610200C96102007BFF02008D6102004E
:102AA000F9FE02005BFF02000000000095FE02003C
:102AB0000000000000000000B9650200116502007E
:102AC0008BFF020000000000130003003D680200BD
:102AD0003967020005670200F56602000400000085
:102AE00000FF0000FFFFFFFF00000050000000009B
:102AF0000000000000600040000000003D6902008E
:102B0000FD0003000B010300230103002F0103005C
:102B10003B010300B96A02005501030000000000F8
:102B2000242B030000200040302B03000100000094
:102B3000382B030002000000050000000B0000011C
:102B4000296D02005D6D02004D6D020000300240F3
:102B500001000000000000FF00FF00000000000076
:102B60000000000101000000D70103007C2B0300DE
:102B7000FFFFFFFF000000000000000000300240E7
:102B8000882B030001000000902B030003000000CD
:102B9000100000041400000512000006801F03004E
:102BA000110001000040004000000000000000FF94
:102BB00000FF000000000000000000010100000014
:102BC000CD010300D42B0300FFFFFFFF0000000036
:102BD0000000000000400040E02B03000100000066
:102BE000E82B0300030000000400000406000005B9
:102BF00007000006801F030003000000E96F0200C9
:102C00005F020300B17802000504030029040300F9
:102C10000200000005000000B41E0300B41E030003
:102C20000C1F03001C1F03005C1F03006C1F03002C
:102C3000512563FCC2CAB9F3849E17A7ADFAE6BC5E
:102C4000FFFFFFFFFFFFFFFF00000000FFFFFFFF90
:102C5000AAAAAAAAAAAAAAAAAAAAAAAA5555555528
:102C60005555555555555555000000005555555568
:102C7000522563FCC2CAB9F3849E17A7ADFAE6BC1D
:102C8000FFFFFFFFFFFFFFFF00000000FFFFFFFF50
:102C9000512563FCC2CAB9F3849E17A7ADFAE6BCFE
:102CA000FFFFFFFFFFFFFFFF00000000FFFFFFFF30
:102CB00096C298D84539A1F4A033EB2D817D0377D6
:102CC000F240A463E5E6BCF847422CE1F2D1176B71
:102CD000F551BF376840B6CBCE5E316B5733CE2B44
:102CE000169E0F7C4AEBE78E9B7F1AFEE242E34F73
:102CF0004B60D2273E3CCE3BF6B053CCB0061D65B0
:102D0000BC86987655BDEBB3E7933AAAD835C65A38
:102D1000FCFFFFFFFFFFFFFFFFFFFFFF00000000C2
:102D2000000000000000000001000000FFFFFFFFA6
:102D300000000229000003280000032800000328E7
:102D400000000328000002290000032800000028DA
:102D5000000098599859EA518E421E45142E008061
:102D6000EA51F4283233E03A703DE03AC235842B20
:102D7000C2353233C235C235AE47E03A5038A230A0
:102D8000503887008D000A0016000100060001007F
:102D900002000000022900000328000000280000B3
:102DA0002A2B00002A2B000003280000292B0000FA
:102DB000292B00000328000002290000052A00003A
:102DC000052A000003280000011800000028000068
:102DD000042A0000042A000003280000012A000041
:102DE000012A000003280000002A0000002A000039
:102DF0000328000000180000002877C295F360D275
:102E0000EF7F3552500F2CB67980756E7365740064
:102E10004D4355626F6F7420636F6E6669726D20EB
:102E200072633D25640A004D4355626F6F742063E1
:102E30006F6E6669726D206661696C65642C2063D3
:102E40006F6E74696E75696E673A2025640A004179
:102E50006E63686F7220626C7565204C4544204734
:102E600050494F206E6F742072656164790A004189
:102E70006E63686F7220626C7565204C45442063F8
:102E80006F6E666967757265206661696C65643A24
:102E90002025640A00416E63686F722055574220F6
:102EA0006272696E677570207374617274696E679F
:102EB000206265666F726520636F6E74726F6C203E
:102EC000706C616E650A0050657273697374656435
:102ED00020726F6C65206E6F726D616C697A65200F
:102EE0006661696C65642076616C69646174696FA0
:102EF0006E3B206B656570696E672072756E7469D4
:102F00006D652066616C6C6261636B206D617472CB
:102F10006978206F6E6C790A0050657273697374FA
:102F2000656420726F6C65206E6F726D616C697A7A
:102F300065207772697465206661696C65642072CA
:102F4000633D25643B206B656570696E6720727513
:102F50006E74696D652066616C6C6261636B206D77
:102F60006174726978206F6E6C790A0050657273B3
:102F70006973746564206D617374657220726F6C1F
:102F800065206E6F726D616C697A656420746F2064
:102F90006D6174726978206F6E20626F6F74206744
:102FA000656E3D256C750A00616E63686F725F63C4
:102FB0006F6E66696720696E76616C69642F616205
:102FC00073656E74206174203078253038782C2039
:102FD0007573696E67206275696C642D74696D65BF
:102FE0002066616C6C6261636B0A00496E76616C8D
:102FF0006964204150505F414E43484F525F524FE9
:103000004C453D25750A00616E63686F722D6672CE
:1030100065657A652D636C65616E2D3230323630B0
:1030200037313600414E43484F523A20756E69663B
:103030006965643B2046573A2025733B20414E4347
:10304000484F525F49443A2025633B20524F4C453C
:103050003A2025733B2042535F434F44453A202595
:10306000733B204445564943455F555549443A20F2
:1030700025733B204D43555F5549443A2025730A3B
:1030800000416E63686F72206170702072656164C8
:103090007920616E63686F725F69643D2575207287
:1030A0006F6C653D2573206D61737465723D257588
:1030B00020616C6C6F775F7461675F706F6C6C73AD
:1030C0003D2575206366675F76616C69643D257593
:1030D0000A00616E63686F725F626C655F69645F4E
:1030E0007374617274206661696C65643A2025644A
:1030F0000A00616E63686F725F626C655F63747211
:103100006C5F696E6974206661696C65643A20253C
:10311000640A00616E63686F725F6D63756D6772DC
:103120005F646961675F696E6974206661696C6577
:10313000643A2025640A00756172745F726F6C6571
:103140005F7377697463685F696E6974206661692B
:103150006C65643A2025640A0073657269616C20AD
:10316000636F6E66696720626F6F742077696E6443
:103170006F773A202575206D730A00616E63686F62
:10318000725F626C655F69645F7570646174655FCE
:10319000726F6C65206661696C65643A2025640A0B
:1031A00000416E63686F7220696E20756E61737383
:1031B00069676E65642F756E736574206D6F6465E5
:1031C0003A20636F6E74726F6C20706C616E652054
:1031D0006163746976652C2072616E67696E672021
:1031E0006E6F7420737461727465640A00496E7640
:1031F000616C69642072756E74696D6520726F6CA4
:10320000653D25750A00416E63686F72206D6173BC
:10321000746572206175746F207363686564756C82
:1032200065202563206D6F64653D2575207065659B
:10323000725F636F756E743D25750A0073735F74FA
:1032400077725F616E63686F725F696E69745F73D6
:1032500074617274206661696C65643A2025640A41
:1032600000416E63686F72206D61737465722066D1
:10327000696E697465207377656570206175746F18
:103280002D72657475726E20746F206D6174726931
:103290007820616674657220256C7520736574737F
:1032A0000A00416E63686F72206D617374657220ED
:1032B00072616E67696E672073746F707065643BCE
:1032C00020636F6E74726F6C20706C616E6520721B
:1032D000656D61696E73206163746976650A007358
:1032E000735F7477725F726573705F737461727409
:1032F000206661696C65643A2025640A00416E634A
:10330000686F7220726573706F6E6465722072618F
:103310006E67696E672073746F707065643B2063BD
:103320006F6E74726F6C20706C616E652072656D6B
:1033300061696E73206163746976650A00416E632A
:10334000686F72206578706C6963697420444655B3
:10335000206D6F646520656E746572656420616EB2
:1033600063686F723D256320726F6C653D25730A3B
:10337000004F4B204446555F524541445900416E31
:1033800063686F72206578706C6963697420444665
:1033900055206D6F6465206C656176696E67206687
:1033A0006F722072756E74696D6520726F6C652026
:1033B0007377697463680A00416E63686F72207284
:1033C000756E74696D6520726F6C6520257320734E
:1033D000746F7070656420776974686F7574206E9F
:1033E000657720726F6C653B2072657374617274CF
:1033F000696E672073616D6520726F6C650A00529B
:10340000756E74696D6520726F6C65207377697471
:10341000636820696E76616C696420726F6C653DCB
:1034200025750A00416E63686F722072756E74694B
:103430006D6520726F6C65207377697463682061B5
:1034400070706C6965643A20616E63686F723D25C7
:103450006320726F6C653D25730A00616E63686F4F
:10346000725F626C655F69645F7570646174655FEB
:10347000726F6C65206661696C6564206166746555
:10348000722072756E74696D6520737769746368F4
:103490003A2025640A006D61737465720072657369
:1034A000706F6E64657200303132333435363738C0
:1034B0003941424344454600425325303458004E7A
:1034C0002F4100414E43484F522D25632D25730057
:1034D000414E43484F522D256300616E63686F7201
:1034E00020424C452069642062745F656E61626CA5
:1034F00065206661696C65643A2025640A00616E26
:1035000063686F7220424C452069642061647620B4
:103510007374617274206661696C65643A20256415
:103520000A00616E63686F7220424C452069642016
:10353000616476207374617274656420616E63687F
:103540006F723D256320726F6C653D257520627337
:103550005F636F64653D257320696E743D25752D2D
:103560002575206D730A00616E63686F7220424C8E
:10357000452069642061647620726F6C65207570E7
:1035800064617465206661696C65643A2025640A2B
:1035900000616E63686F7220424C4520696420614F
:1035A00064762072657374617274206661696C65FB
:1035B0006420726F6C653D2575206572723D2564CF
:1035C0000A00616E63686F7220424C452069642076
:1035D00061647620696E74657276616C20636861DF
:1035E0006E676520646566657272656420726F6CD3
:1035F000653D2575206572723D25640A00616E6324
:10360000686F7220424C45206964206164762072A4
:103610006F6C65207570646174656420726F6C6591
:103620003D2575206C6F775F6E6F6973653D2575FD
:103630000A004D004D415452495800524553504FD5
:103640004E44455200554E53455400554E41535338
:1036500049474E4544004552523A494E56414C491D
:10366000445F434F4E464947004552523A43524306
:103670005F4D49534D41544348004552523A5752C9
:103680004954455F4641494C00616E63686F722042
:10369000424C45206374726C20726573756C7420A3
:1036A0006E6F74696679206661696C65643A20257D
:1036B000640A0043464720736368656D613D257564
:1036C0002067656E3D256C75206C6162656C3D25DB
:1036D0006320726F6C653D25732076616C69643D73
:1036E000257520666C6167733D2575207575696465
:1036F0003D25730053544154452066773D25732082
:1037000062733D257320757569643D2573206C6176
:1037100062656C3D256320726F6C653D2573206387
:1037200066675F76616C69643D25752062757379A3
:103730003D25752070656E64696E675F76616C69A2
:10374000643D257520736368656D613D257520674F
:10375000656E3D256C75207265626F6F745F726572
:103760007175697265643D2575002072756E7469A6
:103770006D655F7377697463685F70656E64696EA9
:10378000673D3100636F6D706163740066756C6CCA
:10379000006F6666004F4B2052554E54494D455FB1
:1037A000524553544152545F524551554553544527
:1037B00044004F4B2052554E54494D455F53574995
:1037C0005443485F524551554553544544004F4B6F
:1037D0002053544F505F5245515545535445440072
:1037E0004F4B2053544F505F49444C450045525273
:1037F0003A4241445F434D440048454C50004F4BD2
:1038000020434D44533D56455253494F4E7C5045FD
:103810004E44494E47204C4142454C7C50454E4415
:10382000494E4720524F4C457C50454E44494E47E7
:103830002047454E7C56414C49444154457C434FBA
:103840004D4D49547C5245424F4F547C545850572B
:1038500052203C4D41587C4D337C4D367C4D3132AD
:103860007C504F523E7C5245534554204155544F55
:10387000504F537C524553455420524553504F4E60
:103880004445527C53544F507C4446557C53594ECA
:10389000437C55533F7C55534F4E205B5345435D0E
:1038A0007C55534F46467C52554E54494D45203C1D
:1038B0004D41535445527C4D41545249587C5245D8
:1038C00053504F4E4445523E205B464F5243457C39
:1038D0005357454550204E5D205B4349523D307C57
:1038E000434F4D504143547C46554C4C5D0055531D
:1038F0003F00554C545241534F554E440055534F81
:103900004E00554C545241534F554E445F4F4E005C
:103910004552523A4241445F55535F4455524154D7
:10392000494F4E004F4B2055534F4E2064757261E6
:1039300074696F6E5F733D256C75004552523A5540
:10394000535F42555359004552523A55535F4449CB
:103950005341424C4544004552523A55535F494EFB
:1039600049542072633D256400554C545241534FD5
:10397000554E445F4F4646004F4B2055534F4646E9
:103980000056455253494F4E00414E43484F525FF7
:1039900046572066773D25732062733D2573207559
:1039A0007569643D2573206C6162656C3D256320FB
:1039B000726F6C653D2573206369723D25732063CA
:1039C00066675F76616C69643D2575206275737901
:1039D0003D257520636170733D6F74612C72616E5B
:1039E00067652573257320636F6D706163745F6213
:1039F0006C653D25752066756C6C5F6364633D2561
:103A000075004F4B2053594E430056414C49444199
:103A10005445004F4B2056414C494400434F4D4DB7
:103A20004954004150504C59004552523A42555366
:103A300059004F4B20434F4D4D4954205245424F62
:103A40004F545F5245515549524544004F4B205207
:103A500045424F4F54005458505752004552523A25
:103A60004241445F54585057522050524553455498
:103A70003D4D41587C4D337C4D367C4D31327C5030
:103A80004F52004F4B2054585057522056414C3DF6
:103A90003078253038580052554E54494D45004530
:103AA00052523A4241445F52554E54494D455F523D
:103AB0004F4C4500464F52434500524553544152E6
:103AC00054004552523A4241445F52554E54494D7A
:103AD000455F5357454550004552523A494E56416D
:103AE0004C49445F52554E54494D455F53574545E7
:103AF00050004552523A53574545505F5245515533
:103B0000495245535F4D4153544552004552523A34
:103B10004241445F52554E54494D455F434952001E
:103B20004349523D006369723D004552523A424159
:103B3000445F52554E54494D455F415247004F4BEB
:103B40002052554E54494D455F414C5245414459D0
:103B50005F414354495645004F4B2052554E5449FE
:103B60004D455F5357495443485F5245515545535E
:103B70005445442053574545503D256C75005245EA
:103B8000534554004155544F504F53004F4B205212
:103B9000455345545F4155544F504F532052454271
:103BA0004F4F54004F4B2052455345545F5245539D
:103BB000504F4E444552205245424F4F54004552BB
:103BC000523A554E535550504F5254454400535459
:103BD0004F5000454E5445525F44465500454E54A3
:103BE00045525F4F5441004F4B204446555F52456C
:103BF00051554553544544004552523A494E564159
:103C00004C49445F4C4142454C004F4B2050454E7F
:103C100044494E475F4C4142454C004552523A4957
:103C20004E56414C49445F524F4C45004F4B20503B
:103C3000454E44494E475F524F4C45004552523A1B
:103C4000494E56414C49445F47454E004F4B20502A
:103C5000454E44494E475F47454E004552523A0053
:103C6000616E63686F7220424C45206374726C20F1
:103C7000636F6E6E65637465640A00616E63686F7E
:103C80007220424C45206374726C20646973636FC8
:103C90006E6E65637465640A004F4B205245414463
:103CA0005900616E63686F7220424C4520637472E4
:103CB0006C20726561647920736368656D613D2570
:103CC000752067656E3D256C750A003031323334DE
:103CD0003536373839414243444546004E4F4E450C
:103CE000006E6F6E6500434F4D5041435400464592
:103CF00041545552450066656174757265004655BC
:103D00004C4C00524157007261770055533B444977
:103D10005341424C4544004446555F4348554E4B41
:103D2000004446555F4348554E4B5F5752495445F2
:103D30005F434F4D504C455445004446555F5354E6
:103D40004152544544004446555F50454E44494E07
:103D500047004446555F434F4E4649524D45440047
:103D60004446555F53544F5050454400494D4147D8
:103D7000455F534C4F545F535441544500494D47A0
:103D80005F4F5448455200414E43484F525F494DA2
:103D9000475F48414E444C45525F534C4F545F532C
:103DA0005441544520656D69747465640A004D433F
:103DB000554D47525F494D475F4556542025730A7C
:103DC000007075626C69630072616E646F6D007083
:103DD00075626C69632D69640072616E646F6D2D2C
:103DE00069640030782530327800253032583A2521
:103DF0003032583A253032583A253032583A253048
:103E000032583A25303258202825732900414E4334
:103E1000484F525F534D505F434F4E4E20636F6E7D
:103E20006E656374656420636F6E6E3D25702070EF
:103E30006565723D25730A00414E43484F525F53FA
:103E40004D505F434F4E4E20646973636F6E6E65D5
:103E50006374656420636F6E6E3D257020706565C8
:103E6000723D257320726561736F6E3D3078253029
:103E700032780A00434D445F4F5448455200414E4A
:103E800043484F525F534D505F494E47524553533D
:103E9000207265715F6E6F3D256C7520636F6E6E6D
:103EA0003D257020706565723D2573206368723D05
:103EB0006466755F736D702068616E646C653D4EFD
:103EC00041206C656E3D4E41206F703D2575206729
:103ED00072703D3078253034782069643D30782523
:103EE000303278207365713D4E410A00414E43489F
:103EF0004F525F494D475F48414E444C45525F45E4
:103F00004E54455220747970653D73746174652018
:103F10007265715F6E6F3D256C75206772703D3004
:103F200078253034782069643D3078253032780A3D
:103F300000414E43484F525F494D475F48414E4410
:103F40004C45525F454E54455220747970653D751D
:103F5000706C6F6164207265715F6E6F3D256C756A
:103F6000206772703D3078253034782069643D30A8
:103F700078253032780A00414E43484F525F534D06
:103F8000505F444F4E4520646F6E655F6E6F3D25F8
:103F90006C7520636F6E6E3D257020706565723D97
:103FA0002573206772703D3078253034782069643D
:103FB0003D307825303278206572723D256420725C
:103FC00073705F67656E6572617465643D25752009
:103FD0006E6F746966795F73656E645F72633D7559
:103FE0006E6B6E6F776E0A004D43554D47525F53AF
:103FF0004D505F455654202573206772703D3078D0
:10400000253034782069643D25752076616C3D2526
:10401000642072633D2564206576745F6772703D2D
:104020003078253034780A004D43554D47525F5360
:104030004D505F45565420257320286E6F2D6172B8
:1040400067292072633D2564206576745F6772700E
:104050003D3078253034780A00414E43484F525F56
:10406000534D505F44494147206E6F74653A206854
:10407000616E646C652F7365712F7261775F6C651B
:104080006E20617265206E6F74206578706F736545
:1040900064206279206D63756D67722063616C6C5A
:1040A0006261636B204150493B20757365207472D7
:1040B000616E73706F727420444247206C6F677337
:1040C00020666F722072617720534D5020667261B6
:1040D0006D652064657461696C730A00616E636864
:1040E0006F72206D63756D6772206469616720630C
:1040F000616C6C6261636B73207265676973746570
:104100007265640A00434D445F5245435600434D77
:10411000445F53544154555300434D445F444F4E04
:1041200045004552523A25730D0A004F4B20555316
:104130004F4E206475726174696F6E5F733D2575B3
:104140000D0A004552523A55535F494E4954207268
:10415000633D25640D0A004F4B0D0A004241445F48
:10416000414E43484F52004241445F524F4C45003C
:10417000524F4C453F00524F4C453A257320414E1B
:1041800043484F523A25632056414C49443A2575DD
:104190000D0A00414E43484F523A20756E696669D8
:1041A00065643B20414E43484F525F49443A2025C5
:1041B000633B20524F4C453A2025733B2042535FCE
:1041C000434F44453A2025733B20444556494345D7
:1041D0005F555549443A2025733B204D43555F5563
:1041E00049443A20307825733B20434F4E46494797
:1041F0005F56414C49443A25750D0A0055534F4EC0
:1042000020004944200025337300524200524F4C95
:10421000452053455420002531357300414E434815
:104220004F52205345542000434F4E464947205398
:10423000415645007561727420726F6C652073770A
:10424000697463683A2055415254205258206E6F69
:104250007420737570706F72746564202872633D8A
:104260002564290A004C494E455F544F4F5F4C4F1F
:104270004E47007561727420726F6C6520737769A8
:104280007463682064697361626C65643A20636F6B
:104290006E736F6C65206E6F742072656164790A4D
:1042A00000756172745F726F6C655F7377697463B8
:1042B00068005541525420726F6C652073776974A1
:1042C00063682072656164792028626F6F745F771C
:1042D000696E646F775F6D733D2575290D0A003037
:1042E000313233343536373839414243444546005C
:1042F00044574D3130303143206D696E696D616CCA
:1043000020636865636B2073746172740A0075774B
:10431000625F706F72745F696E6974206661696C48
:1043200065643A2025640A007577625F706F727465
:104330005F68775F7265736574206661696C656438
:104340003A2025640A007577625F706F72745F723D
:104350006561645F6465765F6964206661696C6548
:10436000643A2025640A00445731303030204445F7
:10437000565F49443A203078253038780A00556E27
:104380006578706563746564204445565F49442CC4
:1043900020776972696E672F5350492F7265736574
:1043A00074206C696B656C792077726F6E670A0098
:1043B00044574D31303031432053504920636865B4
:1043C000636B204F4B0A007577625F706F72745F8A
:1043D0007365745F7370695F736C6F772066616972
:1043E0006C65643A2025640A006477745F696E69BD
:1043F0007469616C697365206661696C65640A0043
:104400007577625F706F72745F7365745F737069E4
:104410005F66617374206661696C65643A20256427
:104420000A006477745F696E697469616C697365A9
:10443000204F4B0A007577625F7370695F74726119
:104440006E73666572206661696C65643A202564E6
:10445000206C656E3D25750A007577625F706F721E
:10446000745F696E69743A2073746172740A0075BE
:1044700077625F706F72745F696E69743A207370EF
:104480006920627573206E6F742072656164790AA9
:10449000007577625F706F72745F696E69743A203D
:1044A0006770696F206E6F742072656164790A00AD
:1044B0007577625F706F72745F696E69743A2069B4
:1044C000727120636F6E66696775726520666169D7
:1044D0006C65642025640A007577625F706F727482
:1044E0005F696E69743A2069727120636F6E6669E4
:1044F00067757265640A007577625F706F72745FCA
:10450000696E69743A20726573657420636F6E66B4
:104510006967757265206661696C65642025640A47
:10452000007577625F706F72745F696E69743A20AC
:10453000726573657420636F6E6669677572656412
:104540000A007577625F706F72745F696E69743AA2
:1045500020646F6E650A007577625F706F72745FBA
:1045600068775F72657365743A2073746172740A58
:10457000007577625F706F72745F68775F726573E2
:1045800065743A20616374697665206661696C655B
:10459000642025640A007577625F706F72745F68CB
:1045A000775F72657365743A20696E6163746976CA
:1045B00065206661696C65642025640A0075776210
:1045C0005F706F72745F68775F72657365743A20AD
:1045D000646F6E650A004D617472697820726F773E
:1045E0002025633A002025633D256C750020256356
:1045F0003D2D2D00206D6D0A0056616C69642065AB
:10460000646765733A002025632D25633D256C752D
:10461000004D4158004D33004D36004D31320054AD
:104620005850575220736574203078253038580A16
:1046300000496E76616C696420616E63686F7220F8
:104640006D617374657220636F6E66696720616E59
:1046500063686F723D25752070656572733D2575C1
:104660000A00496E76616C6964207065657220612C
:104670006E63686F722069643A2025750A00416E86
:1046800063686F72206D6173746572207265616416
:104690007920616E63686F723D2563282575292036
:1046A000616464723D3078253034782070656572BD
:1046B0005F636F756E743D25750A00416E63686FA8
:1046C00072206D61737465722066696E697465200D
:1046D0007377656570206C696D697420256320733C
:1046E0006574733D256C750A005458524620636604
:1046F0006720616E63686F722D696E69743A205429
:10470000585F504F5745522030782530386C582D1F
:104710003E30782530386C582054435F504744452C
:104720004C4159203078253032582D3E3078253094
:1047300032580A00416E63686F72206D6173746550
:10474000722073746F70207265717565737465641F
:1047500020666F722025630A00416E63686F7220C5
:104760006D61737465722054582062756666657257
:10477000207772697465206661696C65640A00411E
:104780006E63686F72206D61737465722054582077
:104790007374617274206661696C6564207065650C
:1047A000723D25750A00416E63686F72206D6173FA
:1047B0007465722073746F7020726571756573749F
:1047C000656420647572696E67205258207761694C
:1047D0007420666F722025630A00416E63686F72F1
:1047E000206D61737465722072656A6563742070F0
:1047F0006565723D257520616464723D30782530B1
:104800003478207261773D256C64206D6D206C6179
:1048100073743D256C75206D6D206F6B3D256C7537
:10482000206661696C3D256C7520713D25752525D7
:104830000A004D61747269782025632D256320611B
:104840006464723D307825303478207261773D257C
:104850006C64206D6D206C6173743D256C75206DEA
:104860006D206F6B3D256C75206661696C3D256C14
:104870007520713D257525250A00416E63686F72AC
:10488000206D61737465722074696D656F75742035
:10489000706565723D257520616464723D307825D0
:1048A000303478207374617475733D3078253038F6
:1048B0006C78206F6B3D256C75206661696C3D25B9
:1048C0006C7520713D257525250A00416E63686F62
:1048D0007220737765657020257520636F6D706C2D
:1048E00065746520666F722025630A0053572D2575
:1048F00063002C25632C256C752C257500416E6397
:10490000686F722073776565702073756D6D617265
:10491000792070726570617265643A2025730A00AF
:1049200053574545505F444F4E45206D6173746544
:10493000723D256320736574733D256C7520726F1D
:104940006C653D6D617472697800416E63686F7269
:10495000206D61737465722066696E697465207379
:104960007765657020636F6D706C6574653A20259E
:10497000730A00545852462063666720616E63686C
:104980006F722D726573703A2054585F504F5745BF
:10499000522030782530386C582D3E30782530380C
:1049A0006C582054435F504744454C41592030785F
:1049B000253032582D3E3078253032580A00646553
:1049C000766963655F69643A20253038780A00406B
:1049D0001008D8BC1E265626BEBE000001020304E5
:1049E00000054661696C656420746F207265626FB2
:1049F0006F743A207370696E6E696E6720656E64BD
:104A00006C6573736C792E2E2E0A002A2A2A204296
:104A10006F6F74696E67206E524620436F6E6E65CD
:104A200063742053444B2076322E382E302D613261
:104A300033383662666338343031202A2A2A0A0035
:104A40002A2A2A205573696E67205A657068797220
:104A5000204F532076332E372E39392D3062633371
:104A60003339336662313132202A2A2A0A00637CC4
:104A7000777BF26B6FC53001672BFED7AB76CA82AE
:104A8000C97DFA5947F0ADD4A2AF9CA472C0B7FD5E
:104A90009326363FF7CC34A5E5F171D8311504C71C
:104AA00023C31896059A071280E2EB27B275098393
:104AB0002C1A1B6E5AA0523BD6B329E32F8453D134
:104AC00000ED20FCB15B6ACBBE394A4C58CFD0EF29
:104AD000AAFB434D338545F9027F503C9FA851A363
:104AE000408F929D38F5BCB6DA2110FFF3D2CD0C81
:104AF00013EC5F974417C4A77E3D645D1973608112
:104B00004FDC222A908846EEB814DE5E0BDBE032E2
:104B10003A0A4906245CC2D3AC629195E479E7C8AD
:104B2000376D8DD54EA96C56F4EA657AAE08BA7821
:104B3000252E1CA6B4C6E8DD741F4BBD8B8A703EC3
:104B4000B5664803F60E613557B986C11D9EE1F87A
:104B5000981169D98E949B1E87E9CE5528DF8CA1C8
:104B6000890DBFE6426841992D0FB054BB16464CE3
:104B70004153485F30005352414D5F3000657272BF
:104B80000067726F75700072630072736E007665F5
:104B90007273696F6E003C3F3F3F3E00686173680F
:104BA00000626F6F7461626C650070656E64696E3F
:104BB0006700636F6E6669726D6564006163746936
:104BC0007665007065726D616E656E7400696D6109
:104BD0006765730073706C697453746174757300E6
:104BE000636F6E6669726D000A02040C01171D2561
:104BF00068752E2568752E256875002E2575006947
:104C00006D6167650064617461006C656E00736856
:104C1000610075706772616465000505010101013D
:104C20000601010101030201010103030303010362
:104C30000301060664617461206F76657272756E99
:104C400000696D6720746F6F206C61726765006921
:104C50006D672061646472206D69736D617463684F
:104C600000646F776E6772616465006661207772B9
:104C7000697465206661696C0066612065726173A4
:104C800065206661696C006661206F70656E2066E4
:104C900061696C006E6F20736C6F74006D61676981
:104CA00063206D69736D6174636800686561646534
:104CB00072206D616C666F726D656400617070204A
:104CC00072656A65637400717565727900626F6FF1
:104CD000746C6F61646572004D4355626F6F740050
:104CE0006D6F6465006D63756D677220736D700024
:104CF00002487C997411269EAE014ECEFB28782E78
:104D0000DA02487C997411269EAE014ECEFB2878BB
:104D10002EDA0284AA6074528A8B86D34CB71D1D8A
:104D2000DC538D00FFFFFFFFFFFF000000000000CD
:104D300000FFFFFFFFFFFF000000000000425420C3
:104D40004C572057510002FB349B5F8000008000CD
:104D500010000000000000574553545F544F50446A
:104D600049522F7A65706879722F737562737973FF
:104D70002F626C7565746F6F74682F686F73742F12
:104D80006863695F636F72652E630062745F686356
:104D9000695F6576745F6765745F666C61677328C9
:104DA0006864722D3E657674292026202831554C82
:104DB000203C3C2028312929004153534552544975
:104DC0004F4E204641494C205B25735D20402025F5
:104DD000733A25640A006576745F666C61677320B8
:104DE00026202831554C203C3C20283029290041E0
:104DF0004E43484F522D55006275660073756363CC
:104E00006573730009636F6D6D616E64206F70630D
:104E10006F6465203078253034782074696D656F53
:104E200075740A00657272203D3D20300009436FA1
:104E30006E74726F6C6C657220756E726573706FD4
:104E40006E736976652C20636F6D6D616E64206F83
:104E500070636F6465203078253034782074696D14
:104E6000656F757420776974682065727220256497
:104E70000A004254205258205751000102040101F7
:104E80000101010203636C6F636B403430303030DA
:104E90003030300072616E646F6D40343030306499
:104EA00030303000656E74726F70795F62745F6865
:104EB000636900666C6173682D636F6E74726F6CEA
:104EC0006C65724034303031653030300067706965
:104ED0006F40353030303030303000000102030494
:104EE000050607756172744034303030323030302E
:104EF00000737069403430303233303030007370BA
:104F00006940343030303430303000536F66744490
:104F1000657669636520436F6E74726F6C6C657241
:104F2000204153534552543A2025732C2025640ABE
:104F30000062745F6863695F736463003F49F6D41D
:104F4000A3C55F3874C9B3E3D2103F504AFF607BFA
:104F5000EB40B7995899B8A6CD3C1ABD4D50534C6B
:104F6000204153534552543A2025732C2025640A7E
:104F7000004D50534C20576F726B00040104030422
:104F800002040104010403010303040104000000FE
:104F9000000100000001010000010101010000000A
:104FA000000102020303030369646C65006D61691B
:104FB0006E00737973776F726B7100FE2CF96A7FE4
:104FC00036222EA079C040BE2C032040C2F332000E
:104FD000FFFFFFFF1F00647261676F6F6E2F6C69C8
:104FE00062732F7363686564756C696E672F737283
:104FF000632F72656D5F68616C5F6576656E745F67
:1050000074696D65722E6300286E756C6C29002AB8
:10501000666C6F61742A006364696E6F7073757873
:10502000585B0000FFFFFFFFFF1F00001F00000094
:10503000000000005D40000000000000FFFFFFFFD7
:105040001F000000BAABBABA101010100000000028
:105050000080004000000000000000000C00000084
:105060000000000000FF7F000000000000000000C2
:105070000000000000000000000000000000000030
:1050800065FB000000000000779F010000000000A9
:10509000559F0100000000007DFB000000000000A3
:1050A000979F0100000000000000000000000000C9
:1050B00000000000000000000000000000000000F0
:1050C00000000000000000000000000000000000E0
:1050D00000000000000000000000000000000000D0
:1050E00000000000000000000000000000000000C0
:1050F00000000000000000000000000000000000B0
:10510000000000000000000000000000000000009F
:10511000000000000000000000000000000000008F
:10512000000000000000000000000000000000007F
:10513000000000000000000000000000000000006F
:10514000000000000000000000000000000000005F
:10515000000000000000000000000000000000004F
:10516000000000000000000000000000000000003F
:10517000000000000000000000000000000000002F
:10518000000000000000000000000000000000001F
:10519000000000000000000000000000000000000F
:1051A00000000000000000000000000000000000FF
:1051B00000000000000000000000000000000000EF
:1051C00000000000000000000000000000000000DF
:1051D00000000000000000000000000000000000CF
:1051E00000000000000000000000000000000000BF
:1051F00000000000000000000000000000000000AF
:10520000000000000000000000000000000000009E
:10521000000000000000000000000000000000008E
:10522000000000000000000000000000000000007E
:10523000000000000000000000000000000000006E
:10524000000000000000000000000000000000005E
:10525000000000000000000000000000000000004E
:10526000000000000000000000000000000000003E
:10527000000000000000000000000000000000002E
:10528000000000000000000000000000000000001E
:10529000000000000000000000000000000000000E
:1052A00000000000000000000000000000000000FE
:1052B0009002002083B8010089B801008BB801007A
:1052C000B5B801008FB80100BFB8010095B8010062
:1052D000CBB801009BB80100D1B801009DB8010016
:1052E000ABB80100AFB80100A1B80100A7B8010038
:1052F000BBB80100C5B801000000000000000000BC
:10530000E9C30100000000000001000000000000EF
:10531000000000000000000000000000000000008D
:10532000000000000000000000000000000000007D
:1053300095DB0200000000000001000000000000FA
:10534000000000000000000000000000000000005D
:10535000000000000000000000000000000000004D
:10536000000000000000000000000000000000003D
:10537000000000000000000000000000000000002D
:10538000000000000000000000000000000000001D
:10539000000000000000000000000000000000000D
:1053A00000000000000000000000000000000000FD
:1053B00000000000000000000000000000000000ED
:1053C00000000000000000000000000000000000DD
:1053D00000000000000000000000000000000000CD
:1053E00000000000000000000000000000000000BD
:1053F00000000000000000000000000000000000AD
:10540000000000000000000000000000000000009C
:10541000000000000000000000000000000000008C
:1054200000000000DD2D0200000000000000000070
:10543000000000000000000000000000000000006C
:10544000000000000000000000000000000000005C
:10545000000000000000000000000000000000004C
:10546000000000000000000000000000000000003C
:10547000000000000000000000000000000000002C
:10548000000000000000000000000000000000001C
:10549000000000000000000000000000000000000C
:1054A00000000000000000000000000000000000FC
:1054B00000000000000000000000000000000000EC
:1054C00000000000000000000C20030009000000A4
:1054D0004D3A00200101000034080020FF180000B0
:1054E000350800200000000000000000000000005F
:1054F000E9CF010000000000000000004D0800207E
:10550000000012005E08002000000C006F08002060
:1055100000000200800800200000020000000000DF
:105520000000000000000000ADBE0200000000000E
:1055300000000000910800200000120000000000A0
:1055400039E00100FFFF03000000000039E2010024
:10555000FFFF0100B9E10100F9E1010000000000D6
:10556000000000000000000000000000000000003B
:105570006405002000127A0000010000801F030073
:10558000110001000000000000127A00000100007C
:10559000801F03001100010000000000C000000097
:1055A00085654525C000000085654525F832002049
:1055B00015CD0200FC2503000000000077D6020094
:1055C000000000000000000000000000C4260300EE
:1055D0000600010061170200344C0300414C030037
:1055E000614C03006B4C0300794C0300874C0300B3
:1055F000944C03009C4C0300AB4C030000000000E3
:10560000F42603000900000081DB02000000000016
:105610000000000000000000F51F02000000000074
:1056200000000000014D0300000014000000000015
:10563000EBE302000000000000000000000000009A
:10564000B523020000000000000000000000000080
:10565000A53F020000000000000000000000000064
:10566000653B02000000000000000000480600202A
:105670004806002000000000000000006949020008
:10568000AD54020000000000000000000000000017
:10569000614D02009FF30200CBF202005D4902005F
:1056A00000000000A22D030000000200AE2D030048
:1056B00000000A00BE2D03000000200000000000D2
:1056C000000000000000000000000000A5F702003C
:1056D00000000000D22D030000000200DE2D0300B8
:1056E00000000200EA2D03000000020000C20100D9
:1056F0000001030000000000000000009C2B0300DC
:1057000001000000E0060020E0060020000000008C
:1057100001000000F0060020F0060020F80600203E
:10572000F80600200000000001000000080700202B
:10573000080700200000000000000000000000003A
:105740000000000000000000000000000000000059
:105750000000000000000000E41F03000000000043
:10576000000000000000000000000000F42B030017
:10577000010000005007002050070020000000003A
:10578000010000006007002060070020680700207B
:1057900068070020000000000100000078070020DA
:1057A000780700200000000000000000000000005A
:1057B00000000000000000000000000000000000E9
:1057C0000000000000000000F81F030000000000BF
:1057D00000000000000000000000000000000000C9
:1057E00000000000000000000000000000000000B9
:1057F00000000000000000000000000000000000A9
:105800000000000000000000000000000000000098
:105810000000000000000000000000000000000088
:105820000000000008000000FF0000000000000071
:1058300001000000000000001408002014080020EF
:10584000050214000909010200008100050214008C
:10585000090901020000810006FFFF4253410100D7
:105860000000000000000000000000000000000038
:105870000002F5D3395FD92FBFB6E64BE084408FE5
:105880002B2F02F4D3395FD92FBFB6E64BE084400B
:105890008F2B2F02F3D3395FD92FBFB6E64BE084AD
:1058A000408F2B2F02F2D3395FD92FBFB6E64BE0E2
:1058B00084408F2B2F02F1D3395FD92FBFB6E64B2F
:1058C000E084408F2B2F02F0D3395FD92FBFB6E68B
:1058D0004BE084408F2B2F000000000000000000F0
:1058E000000000000000000000FFFFFFC8080020CB
:1058F000C808002094DD0020000000000100000026
:105900002C00000000000000E4080020E408002053
:10591000806A00200000000001000000B0000000CC
:10592000000000000009002000090020C0DD002068
:105930000000000006000000100000000000000051
:1059400000000000708D002000100000000000002A
:105950000000000030090020300900200000000095
:10596000000000000E00000044090020440900204F
:1059700000000000FFFFFFFF540900205409002031
:1059800000000000000000006409002064090020FD
:105990006C0900206C0900200000000000000000DD
:1059A0007C0900207C090020840900208409002053
:1059B000060006001000000000000000742803002C
:1059C000C4CF00200000000000000000A809002053
:1059D000A8090020B0090020B00900200600060038
:1059E00010000000854C02001C290300A4DC0020EC
:1059F0000000000000000000D4090020D4090020AD
:105A0000DC090020DC090020030003000100000085
:105A100000000000B4270300E8BE002000000000E2
:105A200000000000000A0020000A0020080A0020F0
:105A3000080A00200100010010000000653A020081
:105A400064280300B8C3002000000000000000002C
:105A50002C0A00202C0A0020340A0020340A0020DE
:105A600003000300010000000000000054280300B0
:105A700064C300200000000000000000580A00205D
:105A8000580A0020600A0020600A00200400040078
:105A90000600000000000000A4270300DCBD002079
:105AA0000000000000000000840A0020840A00209A
:105AB0008C0A00208C0A002004000400080000006A
:105AC000000000003C27030070B50020000000002B
:105AD00000000000B00A0020B00A0020B80A002030
:105AE000B80A0020010001000100000000000000D1
:105AF000C427030040C0002015E015E007695001ED
:105B000010002000407CD4CF8B73D8963D114A1AE8
:105B1000CD72947478A7EDB2C20E1B021AC0C16B8D
:105B2000A0DA45FC01002000FC5701DC6135E132C0
:105B30003847BDC40F04D2E5BEE5833B23C29F9323
:105B4000593D00018CFA999420000001CF5BDF09D8
:105B5000725CB9CF9281969AC7D62DED3127362C3B
:105B6000D779ADADD56D7FD7F38940DA08660618D1
:105B7000D8438EEF18584CF8AE968889D08AF42511
:105B8000C4359C9FD28491600F159DF1D3E99F6726
:105B9000032A8638E327B9C2165A464397CFCD0B5E
:105BA000F7935919B426E48C4DF09283D615411F12
:105BB00047A401D814DE8D50685C01A12F10D8AE27
:105BC000779E2516CC3B6F84668CB30D6B3852F2F2
:105BD0004FEA1605C3749ECADA06DFD605AF5BFD31
:105BE0005F2FC34AB6398AD33E7AF6A7339F38B6B9
:105BF0008F11CF322B077A3C2A2C6B033A47D80AF5
:105C0000215DA033AAA8ABEB5134BC1046E0933A17
:105C10005EE0211A0DD4E1214E46AE23830F4CA83D
:105C20003BD0E9B0B5482C2A4CFE6BAFF1497AB9AC
:105C3000DAD744D02CAD4DC29D0756E8FDEF89F26E
:0C5C4000D1452E7BF01426BD40F7B7AA1A
:00000001FF
