PORT=/dev/serial/by-id/usb-BioSpur_BioSpur_BLE_Control_87EA2F4A526C5A02-if00
START=2026-05-10 23:29:41
SESSION: prepare anchors for sweep; required role=matrix
[RECV] BSF66F notify: TR;3;89758;f;0;ff;00;0,0,0,0,0,0,0,0;0,0,0,0,0,0,0,0;0,0,0,0,0,0,0,0;TTTTTTTT;0;0;549;8
[RECV] BSF66F notify: TR;3;89759;f;0;ff;00;0,0,0,0,0,0,0,0;0,0,0,0,0,0,0,0;0,0,0,0,0,0,0,0;TTTTTTTT;0;0;732;8
[RECV] BSF66F notify: TR;3;89760;f;0;ff;00;0,0,0,0,0,0,0,0;0,0,0,0,0,0,0,0;0,0,0,0,0,0,0,0;TTTTTTTT;0;0;549;8
[RECV] BSF66F notify: RXG;1;89760;tag=1;mask=0xff;pc=8;guard=1200;spacing=1000;win=8165;pre=1;slot_to_entry_us=0;slot_to_sched_us=0;slot_to_write_done_us=0;slot_to_txcmd_us=274;slot_to_txdone_us=610;txcmd_to_txdone_us=335;txdone_to_rxstart_us=61;txdone_to_rxend_us=183;rxenable
[RECV] BSF66F notify: TR;3;89761;f;0;ff;00;0,0,0,0,0,0,0,0;0,0,0,0,0,0,0,0;0,0,0,0,0,0,0,0;TTTTTTTT;0;0;29266;8
PRECHECK: resident Master_Anchor mode; no RECV clean-slate/reconnect
>>> status
[RECV] Control status: mode=RECV pending=0
[RECV] BSF66F notify: CD;1;89761;tag=1;local=0xb101;status=0x02800002;rxf=0x00000000;win=8165;pc=8;mask=0xff;resp=0;unexp=0;last_len=0;last_src=0x0000;last_dst=0x0000;last_code=0x00
[RECV] BSF66F notify: SD;1;89762;p;full;8;0;0;0;0;0;0;;0;10
[RECV] BSF66F notify: TR;3;89762;f;0;ff;00;0,0,0,0,0,0,0,0;0,0,0,0,0,0,0,0;0,0,0,0,0,0,0,0;TTTTTTTT;0;0;15136;8
[RECV] BSF66F notify: TR;3;89763;f;0;ff;00;0,0,0,0,0,0,0,0;0,0,0,0,0,0,0,0;0,0,0,0,0,0,0,0;TTTTTTTT;0;0;579;8
[RECV] BSF66F notify: TR;3;89764;f;0;ff;00;0,0,0,0,0,0,0,0;0,0,0,0,0,0,0,0;0,0,0,0,0,0,0,0;TTTTTTTT;0;0;579;8
[RECV] BSF66F notify: TR;3;89765;f;0;ff;00;0,0,0,0,0,0,0,0;0,0,0,0,0,0,0,0;0,0,0,0,0,0,0,0;TTTTTTTT;0;0;732;8
[RECV] BSF66F notify: TR;3;89766;f;0;ff;00;0,0,0,0,0,0,0,0;0,0,0,0,0,0,0,0;0,0,0,0,0,0,0,0;TTTTTTTT;0;0;579;8
[RECV] BSF66F notify: TR;3;89767;f;0;ff;00;0,0,0,0,0,0,0,0;0,0,0,0,0,0,0,0;0,0,0,0,0,0,0,0;TTTTTTTT;0;0;549;8
[RECV] BSF66F notify: TR;3;89768;f;0;ff;00;0,0,0,0,0,0,0,0;0,0,0,0,0,0,0,0;0,0,0,0,0,0,0,0;TTTTTTTT;0;0;793;8
[RECV] BSF66F notify: TR;3;89769;f;0;ff;00;0,0,0,0,0,0,0,0;0,0,0,0,0,0,0,0;0,0,0,0,0,0,0,0;TTTTTTTT;0;0;579;8
>>> device show
[RECV] System target: kind=unknown caps=0x08 (config=0 ota=0 stream=0 status=1)
OTA target filter: token=-1 name=- prefix=BS uuid=-
[RECV] BSF66F notify: TR;3;89770;f;0;ff;00;0,0,0,0,0,0,0,0;0,0,0,0,0,0,0,0;0,0,0,0,0,0,0,0;TTTTTTTT;0;0;549;8
[RECV] BSF66F notify: RXG;1;89770;tag=1;mask=0xff;pc=8;guard=1200;spacing=1000;win=8165;pre=1;slot_to_entry_us=0;slot_to_sched_us=0;slot_to_write_done_us=0;slot_to_txcmd_us=274;slot_to_txdone_us=610;txcmd_to_txdone_us=335;txdone_to_rxstart_us=61;txdone_to_rxend_us=183;rxenable
[RECV] BSF66F notify: TR;3;89771;f;0;ff;00;0,0,0,0,0,0,0,0;0,0,0,0,0,0,0,0;0,0,0,0,0,0,0,0;TTTTTTTT;0;0;29357;8
[RECV] BSF66F notify: CD;1;89771;tag=1;local=0xb101;status=0x02800002;rxf=0x00000000;win=8165;pc=8;mask=0xff;resp=0;unexp=0;last_len=0;last_src=0x0000;last_dst=0x0000;last_code=0x00
[RECV] BSF66F notify: SD;1;89772;p;full;8;0;0;0;0;0;0;;0;10
[RECV] BSF66F notify: TR;3;89772;f;0;ff;00;0,0,0,0,0,0,0,0;0,0,0,0,0,0,0,0;0,0,0,0,0,0,0,0;TTTTTTTT;0;0;15106;8
[RECV] BSF66F notify: TR;3;89773;f;0;ff;00;0,0,0,0,0,0,0,0;0,0,0,0,0,0,0,0;0,0,0,0,0,0,0,0;TTTTTTTT;0;0;549;8
[RECV] BSF66F notify: TR;3;89774;f;0;ff;00;0,0,0,0,0,0,0,0;0,0,0,0,0,0,0,0;0,0,0,0,0,0,0,0;TTTTTTTT;0;0;793;8
[RECV] BSF66F notify: TR;3;89775;f;0;ff;00;0,0,0,0,0,0,0,0;0,0,0,0,0,0,0,0;0,0,0,0,0,0,0,0;TTTTTTTT;0;0;549;8
[RECV] BSF66F notify: TR;3;89776;f;0;ff;00;0,0,0,0,0,0,0,0;0,0,0,0,0,0,0,0;0,0,0,0,0,0,0,0;TTTTTTTT;0;0;549;8
[RECV] BSF66F notify: TR;3;89777;f;0;ff;00;0,0,0,0,0,0,0,0;0,0,0,0,0,0,0,0;0,0,0,0,0,0,0,0;TTTTTTTT;0;0;793;8
>>> ota_target token -1
[RECV] ota_target token rc=0 value=-1
OTA target filter: token=-1 name=- prefix=BS uuid=-
[RECV] BSF66F notify: TR;3;89778;f;0;ff;00;0,0,0,0,0,0,0,0;0,0,0,0,0,0,0,0;0,0,0,0,0,0,0,0;TTTTTTTT;0;0;579;8
[RECV] BSF66F notify: TR;3;89779;f;0;ff;00;0,0,0,0,0,0,0,0;0,0,0,0,0,0,0,0;0,0,0,0,0,0,0,0;TTTTTTTT;0;0;549;8
[RECV] BSF66F notify: TR;3;89780;f;0;ff;00;0,0,0,0,0,0,0,0;0,0,0,0,0,0,0,0;0,0,0,0,0,0,0,0;TTTTTTTT;0;0;793;8
[RECV] BSF66F notify: RXG;1;89780;tag=1;mask=0xff;pc=8;guard=1200;spacing=1000;win=8165;pre=1;slot_to_entry_us=0;slot_to_sched_us=0;slot_to_write_done_us=0;slot_to_txcmd_us=274;slot_to_txdone_us=579;txcmd_to_txdone_us=305;txdone_to_rxstart_us=91;txdone_to_rxend_us=213;rxenable
[RECV] BSF66F notify: TR;3;89781;f;0;ff;00;0,0,0,0,0,0,0,0;0,0,0,0,0,0,0,0;0,0,0,0,0,0,0,0;TTTTTTTT;0;0;29205;8
>>> ota_target name -
[RECV] ota_target name rc=0 value=-
OTA target filter: token=-1 name=- prefix=BS uuid=-
[RECV] BSF66F notify: CD;1;89781;tag=1;local=0xb101;status=0x02800002;rxf=0x00000000;win=8165;pc=8;mask=0xff;resp=0;unexp=0;last_len=0;last_src=0x0000;last_dst=0x0000;last_code=0x00
[RECV] BSF66F notify: SD;1;89782;p;full;8;0;0;0;0;0;0;;0;10
[RECV] BSF66F notify: TR;3;89782;f;0;ff;00;0,0,0,0,0,0,0,0;0,0,0,0,0,0,0,0;0,0,0,0,0,0,0,0;TTTTTTTT;0;0;15045;8
[RECV] BSF66F notify: TR;3;89783;f;0;ff;00;0,0,0,0,0,0,0,0;0,0,0,0,0,0,0,0;0,0,0,0,0,0,0,0;TTTTTTTT;0;0;732;8
[RECV] BSF66F notify: TR;3;89784;f;0;ff;00;0,0,0,0,0,0,0,0;0,0,0,0,0,0,0,0;0,0,0,0,0,0,0,0;TTTTTTTT;0;0;549;8
[RECV] BSF66F notify: TR;3;89785;f;0;ff;00;0,0,0,0,0,0,0,0;0,0,0,0,0,0,0,0;0,0,0,0,0,0,0,0;TTTTTTTT;0;0;579;8
>>> ota_target prefix ANCHOR-
[RECV] ota_target prefix rc=0 value=anchor-
OTA target filter: token=-1 name=- prefix=anchor- uuid=-
[RECV] BSF66F notify: TR;3;89786;f;0;ff;00;0,0,0,0,0,0,0,0;0,0,0,0,0,0,0,0;0,0,0,0,0,0,0,0;TTTTTTTT;0;0;793;8
[RECV] BSF66F notify: TR;3;89787;f;0;ff;00;0,0,0,0,0,0,0,0;0,0,0,0,0,0,0,0;0,0,0,0,0,0,0,0;TTTTTTTT;0;0;549;8
[RECV] BSF66F notify: TR;3;89788;f;0;ff;00;0,0,0,0,0,0,0,0;0,0,0,0,0,0,0,0;0,0,0,0,0,0,0,0;TTTTTTTT;0;0;549;8
[RECV] BSF66F notify: TR;3;89789;f;0;ff;00;0,0,0,0,0,0,0,0;0,0,0,0,0,0,0,0;0,0,0,0,0,0,0,0;TTTTTTTT;0;0;823;8
>>> ota_target uuid -
[RECV] ota_target uuid rc=0 value=-
OTA target filter: token=-1 name=- prefix=anchor- uuid=-
[RECV] BSF66F notify: TR;3;89790;f;0;ff;00;0,0,0,0,0,0,0,0;0,0,0,0,0,0,0,0;0,0,0,0,0,0,0,0;TTTTTTTT;0;0;579;8
[RECV] BSF66F notify: RXG;1;89790;tag=1;mask=0xff;pc=8;guard=1200;spacing=1000;win=8165;pre=1;slot_to_entry_us=0;slot_to_sched_us=0;slot_to_write_done_us=0;slot_to_txcmd_us=274;slot_to_txdone_us=610;txcmd_to_txdone_us=335;txdone_to_rxstart_us=61;txdone_to_rxend_us=183;rxenable
[RECV] BSF66F notify: TR;3;89791;f;0;ff;00;0,0,0,0,0,0,0,0;0,0,0,0,0,0,0,0;0,0,0,0,0,0,0,0;TTTTTTTT;0;0;29235;8
[RECV] BSF66F notify: CD;1;89791;tag=1;local=0xb101;status=0x02800002;rxf=0x00000000;win=8165;pc=8;mask=0xff;resp=0;unexp=0;last_len=0;last_src=0x0000;last_dst=0x0000;last_code=0x00
[RECV] BSF66F notify: SD;1;89792;p;full;8;0;0;0;0;0;0;;0;10
[RECV] BSF66F notify: TR;3;89792;f;0;ff;00;0,0,0,0,0,0,0,0;0,0,0,0,0,0,0,0;0,0,0,0,0,0,0,0;TTTTTTTT;0;0;15075;8
[RECV] BSF66F notify: TR;3;89793;f;0;ff;00;0,0,0,0,0,0,0,0;0,0,0,0,0,0,0,0;0,0,0,0,0,0,0,0;TTTTTTTT;0;0;549;8
PRECHECK: resident Master_Anchor not in AUTOPOS; request mode autopos only
>>> mode autopos
[AUTOPOS] Control mode staged: AUTOPOS
[AUTOPOS] Master discovery mode: CONN & START
[AUTOPOS] Master disconnecting peer[0]: bs=BSF66F
[AUTOPOS] Peer clear wait: waited=0 conn_count=1 ready_count=0
>>> autopos map A 4DC6B8187E33803AE8601FB0D7992B96
[AUTOPOS] Peer clear wait timeout: conn_count=1 ready_count=0
[AUTOPOS] SCAN start req: bt_ready=1 scan_running=0 connecting_slot=-1 conn_count=1 target=anchor prefix=ANCHOR-
[AUTOPOS] Scanning for ANCHOR-*
[AUTOPOS] AUTOPOS: mode=AUTOPOS state=idle staged=- last_success=- sets=0 error=-
[AUTOPOS] SCAN hit: F2:B7:4E:8A:79:01 (random) rssi=-66 name=- bs=- uuid=4DC6B8187E33803AE8601FB0D7992B96 target=anchor uuid_ok=1 tag_name=0 anchor_name=0 nus=0 dfu=0 token=0 props=0x03
[AUTOPOS] CONNECT queue[1]: addr=F2:B7:4E:8A:79:01 (random) link=anchor-ctrl uuid=4DC6B8187E33803AE8601FB0D7992B96 target=anchor
[AUTOPOS] AUTOPOS map set: A=4DC6B8187E33803AE8601FB0D7992B96
[AUTOPOS] Disconnected[0]: FC:9A:15:34:AB:20 (random) reason=0x16 link=nus ready=1
[AUTOPOS] SCAN hit: F9:5B:1A:A3:84:45 (random) rssi=-57 name=- bs=- uuid=B2B5FA625534A8C617135DCAFC9E036A target=anchor uuid_ok=1 tag_name=0 anchor_name=0 nus=0 dfu=0 token=0 props=0x03
[AUTOPOS] CONNECT queue[0]: addr=F9:5B:1A:A3:84:45 (random) link=anchor-ctrl uuid=B2B5FA625534A8C617135DCAFC9E036A target=anchor
[AUTOPOS] SCAN hit: EC:9F:55:9D:7E:A1 (random) rssi=-64 name=- bs=- uuid=B3087BC3D87CCCD316AEDC6B71D6677F target=anchor uuid_ok=1 tag_name=0 anchor_name=0 nus=0 dfu=0 token=0 props=0x03
[AUTOPOS] CONNECT queue[2]: addr=EC:9F:55:9D:7E:A1 (random) link=anchor-ctrl uuid=B3087BC3D87CCCD316AEDC6B71D6677F target=anchor
[AUTOPOS] SCAN hit: C5:CD:5D:56:B5:CD (random) rssi=-62 name=- bs=- uuid=CF12E703AC1A118F6AB440AB05B0BA23 target=anchor uuid_ok=1 tag_name=0 anchor_name=0 nus=0 dfu=0 token=0 props=0x03
[AUTOPOS] CONNECT queue[3]: addr=C5:CD:5D:56:B5:CD (random) link=anchor-ctrl uuid=CF12E703AC1A118F6AB440AB05B0BA23 target=anchor
>>> autopos map B B9179575C776C98F1CB132DD6EDC6223
[AUTOPOS] AUTOPOS map set: B=B9179575C776C98F1CB132DD6EDC6223
[AUTOPOS] SCAN hit: FD:64:2E:93:37:86 (random) rssi=-65 name=- bs=- uuid=CEE5A7EFCB35F8A56B430047629F5309 target=anchor uuid_ok=1 tag_name=0 anchor_name=0 nus=0 dfu=0 token=0 props=0x03
[AUTOPOS] CONNECT queue[4]: addr=FD:64:2E:93:37:86 (random) link=anchor-ctrl uuid=CEE5A7EFCB35F8A56B430047629F5309 target=anchor
[AUTOPOS] CONNECT pending[0]: addr_valid=1 link=anchor-ctrl uuid=B2B5FA625534A8C617135DCAFC9E036A scan_running=1 conn_count=0
[AUTOPOS] CONNECT pending[0]: bt_le_scan_stop rc=0 scan_running=1
[AUTOPOS] CONNECT pending[0] rc=0 conn=0x20004898
[AUTOPOS] Connected[0]: F9:5B:1A:A3:84:45 (random) name=- bs=-
[AUTOPOS] CONNECT state[0]: link=anchor-ctrl uuid=B2B5FA625534A8C617135DCAFC9E036A ready=0 conn=0x20004898
SETUP[0] defer: waiting 858 ms before discovery start
SETUP[0] defer: waiting 807 ms before discovery start
SETUP[0] defer: waiting 757 ms before discovery start
SETUP[0] defer: waiting 707 ms before discovery start
SETUP[0] defer: waiting 657 ms before discovery start
SETUP[0] defer: waiting 606 ms before discovery start
SETUP[0] defer: waiting 556 ms before discovery start
SETUP[0] defer: waiting 506 ms before discovery start
SETUP[0] defer: waiting 455 ms before discovery start
SETUP[0] defer: waiting 405 ms before discovery start
SETUP[0] defer: waiting 355 ms before discovery start
>>> autopos map C CEE5A7EFCB35F8A56B430047629F5309
SETUP[0] defer: waiting 304 ms before discovery start
[AUTOPOS] AUTOPOS map set: C=CEE5A7EFCB35F8A56B430047629F5309
SETUP[0] defer: waiting 254 ms before discovery start
SETUP[0] defer: waiting 204 ms before discovery start
SETUP[0] defer: waiting 153 ms before discovery start
SETUP[0] defer: waiting 103 ms before discovery start
SETUP[0] defer: waiting 53 ms before discovery start
SETUP[0] defer: waiting 2 ms before discovery start
SETUP[0] begin: link=anchor-ctrl uuid=B2B5FA625534A8C617135DCAFC9E036A conn=0x20004898
SETUP[0] mtu_exchange rc=0
SETUP[0] phy_update rc=0
SETUP[0] conn_param_update rc=0
[AUTOPOS] DISC start[0]: link=anchor-ctrl uuid=B2B5FA625534A8C617135DCAFC9E036A conn=0x20004898
[AUTOPOS] MTU exchange[0] done (498)
[AUTOPOS] Conn param updated[0]: int=6 lat=0 to=400
[AUTOPOS] PHY updated[0]: tx=0x2 rx=0x2
[AUTOPOS] DISC complete[0]: link=anchor-ctrl discovered_service=2800 uuid=B2B5FA625534A8C617135DCAFC9E036A
[AUTOPOS] DISC anchor service found[0]: uuid=B2B5FA625534A8C617135DCAFC9E036A
[AUTOPOS] Anchor ctrl state subscribe[0] rc=0
[AUTOPOS] Anchor ctrl result subscribe[0] rc=0
[AUTOPOS] ANCHOR_CTRL[0] link ready handle=0x0019 result=0x001b uuid=B2B5FA625534A8C617135DCAFC9E036A
[AUTOPOS] CONNECT pending[1]: addr_valid=1 link=anchor-ctrl uuid=4DC6B8187E33803AE8601FB0D7992B96 scan_running=0 conn_count=1
[AUTOPOS] CONNECT pending[1] rc=0 conn=0x20004968
[AUTOPOS] Connected[1]: F2:B7:4E:8A:79:01 (random) name=- bs=-
[AUTOPOS] CONNECT state[1]: link=anchor-ctrl uuid=4DC6B8187E33803AE8601FB0D7992B96 ready=0 conn=0x20004968
SETUP[1] defer: waiting 889 ms before discovery start
[AUTOPOS] Disconnected[1]: F2:B7:4E:8A:79:01 (random) reason=0x3e link=anchor-ctrl ready=0
[AUTOPOS] SCAN start req: bt_ready=1 scan_running=0 connecting_slot=-1 conn_count=1 target=anchor prefix=ANCHOR-
[AUTOPOS] Scanning for ANCHOR-*
[AUTOPOS] CONNECT pending[2]: addr_valid=1 link=anchor-ctrl uuid=B3087BC3D87CCCD316AEDC6B71D6677F scan_running=1 conn_count=1
[AUTOPOS] CONNECT pending[2]: bt_le_scan_stop rc=0 scan_running=1
[AUTOPOS] CONNECT pending[2] rc=0 conn=0x20004a38
>>> autopos map D B2B5FA625534A8C617135DCAFC9E036A
[AUTOPOS] AUTOPOS map set: D=B2B5FA625534A8C617135DCAFC9E036A
[AUTOPOS] Connected[2]: EC:9F:55:9D:7E:A1 (random) name=- bs=-
[AUTOPOS] CONNECT state[2]: link=anchor-ctrl uuid=B3087BC3D87CCCD316AEDC6B71D6677F ready=0 conn=0x20004a38
SETUP[2] defer: waiting 872 ms before discovery start
SETUP[2] defer: waiting 822 ms before discovery start
SETUP[2] defer: waiting 771 ms before discovery start
SETUP[2] defer: waiting 721 ms before discovery start
SETUP[2] defer: waiting 671 ms before discovery start
SETUP[2] defer: waiting 620 ms before discovery start
SETUP[2] defer: waiting 570 ms before discovery start
SETUP[2] defer: waiting 520 ms before discovery start
SETUP[2] defer: waiting 469 ms before discovery start
SETUP[2] defer: waiting 419 ms before discovery start
SETUP[2] defer: waiting 369 ms before discovery start
>>> autopos map E A892AF05DD59CF0D0D3408AD74F364A1
[AUTOPOS] AUTOPOS map set: E=A892AF05DD59CF0D0D3408AD74F364A1
SETUP[2] defer: waiting 318 ms before discovery start
SETUP[2] defer: waiting 268 ms before discovery start
SETUP[2] defer: waiting 218 ms before discovery start
SETUP[2] defer: waiting 167 ms before discovery start
SETUP[2] defer: waiting 117 ms before discovery start
SETUP[2] defer: waiting 67 ms before discovery start
SETUP[2] defer: waiting 16 ms before discovery start
SETUP[2] begin: link=anchor-ctrl uuid=B3087BC3D87CCCD316AEDC6B71D6677F conn=0x20004a38
SETUP[2] mtu_exchange rc=0
SETUP[2] phy_update rc=0
SETUP[2] conn_param_update rc=0
[AUTOPOS] DISC start[2]: link=anchor-ctrl uuid=B3087BC3D87CCCD316AEDC6B71D6677F conn=0x20004a38
[AUTOPOS] MTU exchange[2] done (498)
[AUTOPOS] Conn param updated[2]: int=6 lat=0 to=400
[AUTOPOS] PHY updated[2]: tx=0x2 rx=0x2
>>> autopos map F 840C68591E90019821AACFF1B73AAA34
[AUTOPOS] AUTOPOS map set: F=840C68591E90019821AACFF1B73AAA34
[AUTOPOS] DISC complete[2]: link=anchor-ctrl discovered_service=2800 uuid=B3087BC3D87CCCD316AEDC6B71D6677F
[AUTOPOS] DISC anchor service found[2]: uuid=B3087BC3D87CCCD316AEDC6B71D6677F
[AUTOPOS] Anchor ctrl state subscribe[2] rc=0
[AUTOPOS] Anchor ctrl result subscribe[2] rc=0
[AUTOPOS] ANCHOR_CTRL[2] link ready handle=0x0019 result=0x001b uuid=B3087BC3D87CCCD316AEDC6B71D6677F
[AUTOPOS] CONNECT pending[3]: addr_valid=1 link=anchor-ctrl uuid=CF12E703AC1A118F6AB440AB05B0BA23 scan_running=0 conn_count=2
[AUTOPOS] CONNECT pending[3] rc=0 conn=0x20004968
[AUTOPOS] Connected[3]: C5:CD:5D:56:B5:CD (random) name=- bs=-
[AUTOPOS] CONNECT state[3]: link=anchor-ctrl uuid=CF12E703AC1A118F6AB440AB05B0BA23 ready=0 conn=0x20004968
SETUP[3] defer: waiting 894 ms before discovery start
SETUP[3] defer: waiting 844 ms before discovery start
SETUP[3] defer: waiting 794 ms before discovery start
SETUP[3] defer: waiting 743 ms before discovery start
SETUP[3] defer: waiting 693 ms before discovery start
SETUP[3] defer: waiting 643 ms before discovery start
SETUP[3] defer: waiting 592 ms before discovery start
SETUP[3] defer: waiting 542 ms before discovery start
SETUP[3] defer: waiting 492 ms before discovery start
SETUP[3] defer: waiting 442 ms before discovery start
SETUP[3] defer: waiting 391 ms before discovery start
SETUP[3] defer: waiting 341 ms before discovery start
SETUP[3] defer: waiting 291 ms before discovery start
SETUP[3] defer: waiting 240 ms before discovery start
>>> autopos map G B3087BC3D87CCCD316AEDC6B71D6677F
[AUTOPOS] AUTOPOS map set: G=B3087BC3D87CCCD316AEDC6B71D6677F
SETUP[3] defer: waiting 190 ms before discovery start
SETUP[3] defer: waiting 140 ms before discovery start
SETUP[3] defer: waiting 89 ms before discovery start
SETUP[3] defer: waiting 39 ms before discovery start
SETUP[3] begin: link=anchor-ctrl uuid=CF12E703AC1A118F6AB440AB05B0BA23 conn=0x20004968
SETUP[3] mtu_exchange rc=0
SETUP[3] phy_update rc=0
SETUP[3] conn_param_update rc=0
[AUTOPOS] DISC start[3]: link=anchor-ctrl uuid=CF12E703AC1A118F6AB440AB05B0BA23 conn=0x20004968
[AUTOPOS] MTU exchange[3] done (498)
[AUTOPOS] Conn param updated[3]: int=6 lat=0 to=400
[AUTOPOS] PHY updated[3]: tx=0x2 rx=0x2
>>> autopos map H CF12E703AC1A118F6AB440AB05B0BA23
[AUTOPOS] AUTOPOS map set: H=CF12E703AC1A118F6AB440AB05B0BA23
[AUTOPOS] DISC complete[3]: link=anchor-ctrl discovered_service=2800 uuid=CF12E703AC1A118F6AB440AB05B0BA23
[AUTOPOS] DISC anchor service found[3]: uuid=CF12E703AC1A118F6AB440AB05B0BA23
[AUTOPOS] Anchor ctrl state subscribe[3] rc=0
[AUTOPOS] Anchor ctrl result subscribe[3] rc=0
[AUTOPOS] ANCHOR_CTRL[3] link ready handle=0x0019 result=0x001b uuid=CF12E703AC1A118F6AB440AB05B0BA23
[AUTOPOS] CONNECT pending[4]: addr_valid=1 link=anchor-ctrl uuid=CEE5A7EFCB35F8A56B430047629F5309 scan_running=0 conn_count=3
[AUTOPOS] CONNECT pending[4] rc=0 conn=0x20004b08
[AUTOPOS] Connected[4]: FD:64:2E:93:37:86 (random) name=- bs=-
[AUTOPOS] CONNECT state[4]: link=anchor-ctrl uuid=CEE5A7EFCB35F8A56B430047629F5309 ready=0 conn=0x20004b08
SETUP[4] defer: waiting 893 ms before discovery start
SETUP[4] defer: waiting 842 ms before discovery start
SETUP[4] defer: waiting 792 ms before discovery start
SETUP[4] defer: waiting 742 ms before discovery start
SETUP[4] defer: waiting 691 ms before discovery start
[AUTOPOS] Conn param updated[0]: int=6 lat=0 to=400
SETUP[4] defer: waiting 641 ms before discovery start
SETUP[4] defer: waiting 590 ms before discovery start
SETUP[4] defer: waiting 540 ms before discovery start
SETUP[4] defer: waiting 490 ms before discovery start
SETUP[4] defer: waiting 440 ms before discovery start
SETUP[4] defer: waiting 389 ms before discovery start
SETUP[4] defer: waiting 339 ms before discovery start
SETUP[4] defer: waiting 289 ms before discovery start
SESSION: using B120 Master_Anchor runtime ack only; external BLE scan role verify disabled
SESSION: runtime role broadcast attempt 1/7: anchor role all matrix
>>> anchor role all matrix
[AUTOPOS] anchor role started target=all role=matrix
[AUTOPOS] Master discovery mode: CONN & START
[AUTOPOS] anchor role all matrix wait ready: waited=0 ready=3/8
[AUTOPOS] READY count=3 target=anchor target_uuid=- conn_count=4 connecting_slot=-1 scan=0 auto=1
[AUTOPOS] READY peer[0]: link=anchor-ctrl connected=1 ready=1 pending=0 inflight=0 retries=0 start_failures=0 uuid=B2B5FA625534A8C617135DCAFC9E036A name=- state_h=0x0012 ctrl_h=0x0019 result_h=0x001b
[AUTOPOS] READY peer[2]: link=anchor-ctrl connected=1 ready=1 pending=0 inflight=0 retries=0 start_failures=0 uuid=B3087BC3D87CCCD316AEDC6B71D6677F name=- state_h=0x0012 ctrl_h=0x0019 result_h=0x001b
[AUTOPOS] READY peer[3]: link=anchor-ctrl connected=1 ready=1 pending=0 inflight=0 retries=0 start_failures=0 uuid=CF12E703AC1A118F6AB440AB05B0BA23 name=- state_h=0x0012 ctrl_h=0x0019 result_h=0x001b
[AUTOPOS] READY peer[4]: link=anchor-ctrl connected=1 ready=0 pending=0 inflight=0 retries=0 start_failures=0 uuid=CEE5A7EFCB35F8A56B430047629F5309 name=- state_h=0x0000 ctrl_h=0x0000 result_h=0x0000
SETUP[4] defer: waiting 238 ms before discovery start
SETUP[4] defer: waiting 188 ms before discovery start
SETUP[4] defer: waiting 138 ms before discovery start
SETUP[4] defer: waiting 87 ms before discovery start
SETUP[4] defer: waiting 37 ms before discovery start
SETUP[4] begin: link=anchor-ctrl uuid=CEE5A7EFCB35F8A56B430047629F5309 conn=0x20004b08
SETUP[4] mtu_exchange rc=0
SETUP[4] phy_update rc=0
SETUP[4] conn_param_update rc=0
[AUTOPOS] DISC start[4]: link=anchor-ctrl uuid=CEE5A7EFCB35F8A56B430047629F5309 conn=0x20004b08
[AUTOPOS] MTU exchange[4] done (498)
[AUTOPOS] Conn param updated[4]: int=6 lat=0 to=400
[AUTOPOS] PHY updated[4]: tx=0x2 rx=0x2
[AUTOPOS] DISC complete[4]: link=anchor-ctrl discovered_service=2800 uuid=CEE5A7EFCB35F8A56B430047629F5309
[AUTOPOS] DISC anchor service found[4]: uuid=CEE5A7EFCB35F8A56B430047629F5309
[AUTOPOS] Anchor ctrl state subscribe[4] rc=0
[AUTOPOS] Anchor ctrl result subscribe[4] rc=0
[AUTOPOS] ANCHOR_CTRL[4] link ready handle=0x0019 result=0x001b uuid=CEE5A7EFCB35F8A56B430047629F5309
[AUTOPOS] SCAN start req: bt_ready=1 scan_running=0 connecting_slot=-1 conn_count=4 target=anchor prefix=ANCHOR-
[AUTOPOS] Scanning for ANCHOR-*
[AUTOPOS] SCAN hit: E9:CB:F3:C4:51:43 (random) rssi=-45 name=- bs=- uuid=840C68591E90019821AACFF1B73AAA34 target=anchor uuid_ok=1 tag_name=0 anchor_name=0 nus=0 dfu=0 token=0 props=0x03
[AUTOPOS] CONNECT queue[1]: addr=E9:CB:F3:C4:51:43 (random) link=anchor-ctrl uuid=840C68591E90019821AACFF1B73AAA34 target=anchor
[AUTOPOS] SCAN hit: C0:1D:D1:D0:CE:B0 (random) rssi=-53 name=- bs=- uuid=B9179575C776C98F1CB132DD6EDC6223 target=anchor uuid_ok=1 tag_name=0 anchor_name=0 nus=0 dfu=0 token=0 props=0x03
[AUTOPOS] CONNECT queue[5]: addr=C0:1D:D1:D0:CE:B0 (random) link=anchor-ctrl uuid=B9179575C776C98F1CB132DD6EDC6223 target=anchor
[AUTOPOS] Conn param updated[2]: int=6 lat=0 to=400
[AUTOPOS] anchor role all matrix wait ready: waited=1250 ready=4/8
[AUTOPOS] READY count=4 target=anchor target_uuid=- conn_count=4 connecting_slot=-1 scan=1 auto=1
[AUTOPOS] READY peer[0]: link=anchor-ctrl connected=1 ready=1 pending=0 inflight=0 retries=0 start_failures=0 uuid=B2B5FA625534A8C617135DCAFC9E036A name=- state_h=0x0012 ctrl_h=0x0019 result_h=0x001b
[AUTOPOS] READY peer[1]: link=anchor-ctrl connected=0 ready=0 pending=1 inflight=0 retries=0 start_failures=0 uuid=840C68591E90019821AACFF1B73AAA34 name=- state_h=0x0000 ctrl_h=0x0000 result_h=0x0000
[AUTOPOS] READY peer[2]: link=anchor-ctrl connected=1 ready=1 pending=0 inflight=0 retries=0 start_failures=0 uuid=B3087BC3D87CCCD316AEDC6B71D6677F name=- state_h=0x0012 ctrl_h=0x0019 result_h=0x001b
[AUTOPOS] READY peer[3]: link=anchor-ctrl connected=1 ready=1 pending=0 inflight=0 retries=0 start_failures=0 uuid=CF12E703AC1A118F6AB440AB05B0BA23 name=- state_h=0x0012 ctrl_h=0x0019 result_h=0x001b
[AUTOPOS] READY peer[4]: link=anchor-ctrl connected=1 ready=1 pending=0 inflight=0 retries=0 start_failures=0 uuid=CEE5A7EFCB35F8A56B430047629F5309 name=- state_h=0x0012 ctrl_h=0x0019 result_h=0x001b
[AUTOPOS] READY peer[5]: link=anchor-ctrl connected=0 ready=0 pending=1 inflight=0 retries=0 start_failures=0 uuid=B9179575C776C98F1CB132DD6EDC6223 name=- state_h=0x0000 ctrl_h=0x0000 result_h=0x0000
[AUTOPOS] SCAN hit: D9:C7:9C:16:71:C9 (random) rssi=-63 name=- bs=- uuid=A892AF05DD59CF0D0D3408AD74F364A1 target=anchor uuid_ok=1 tag_name=0 anchor_name=0 nus=0 dfu=0 token=0 props=0x03
[AUTOPOS] CONNECT queue[6]: addr=D9:C7:9C:16:71:C9 (random) link=anchor-ctrl uuid=A892AF05DD59CF0D0D3408AD74F364A1 target=anchor
[AUTOPOS] CONNECT pending[1]: addr_valid=1 link=anchor-ctrl uuid=840C68591E90019821AACFF1B73AAA34 scan_running=1 conn_count=4
[AUTOPOS] CONNECT pending[1]: bt_le_scan_stop rc=0 scan_running=1
[AUTOPOS] CONNECT pending[1] rc=0 conn=0x20004bd8
[AUTOPOS] Connected[1]: E9:CB:F3:C4:51:43 (random) name=- bs=-
[AUTOPOS] CONNECT state[1]: link=anchor-ctrl uuid=840C68591E90019821AACFF1B73AAA34 ready=0 conn=0x20004bd8
SETUP[1] defer: waiting 882 ms before discovery start
SETUP[1] defer: waiting 832 ms before discovery start
SETUP[1] defer: waiting 782 ms before discovery start
SETUP[1] defer: waiting 731 ms before discovery start
SETUP[1] defer: waiting 681 ms before discovery start
SETUP[1] defer: waiting 631 ms before discovery start
SETUP[1] defer: waiting 580 ms before discovery start
SETUP[1] defer: waiting 530 ms before discovery start
SETUP[1] defer: waiting 480 ms before discovery start
SETUP[1] defer: waiting 429 ms before discovery start
SETUP[1] defer: waiting 379 ms before discovery start
SETUP[1] defer: waiting 329 ms before discovery start
SETUP[1] defer: waiting 278 ms before discovery start
SETUP[1] defer: waiting 228 ms before discovery start
SETUP[1] defer: waiting 178 ms before discovery start
SETUP[1] defer: waiting 128 ms before discovery start
SETUP[1] defer: waiting 77 ms before discovery start
SETUP[1] defer: waiting 27 ms before discovery start
SETUP[1] begin: link=anchor-ctrl uuid=840C68591E90019821AACFF1B73AAA34 conn=0x20004bd8
SETUP[1] mtu_exchange rc=0
SETUP[1] phy_update rc=0
SETUP[1] conn_param_update rc=0
[AUTOPOS] DISC start[1]: link=anchor-ctrl uuid=840C68591E90019821AACFF1B73AAA34 conn=0x20004bd8
[AUTOPOS] MTU exchange[1] done (498)
[AUTOPOS] Conn param updated[1]: int=6 lat=0 to=400
[AUTOPOS] Conn param updated[3]: int=6 lat=0 to=400
[AUTOPOS] PHY updated[1]: tx=0x2 rx=0x2
[AUTOPOS] anchor role all matrix wait ready: waited=3000 ready=4/8
[AUTOPOS] READY count=4 target=anchor target_uuid=- conn_count=5 connecting_slot=-1 scan=0 auto=1
[AUTOPOS] READY peer[0]: link=anchor-ctrl connected=1 ready=1 pending=0 inflight=0 retries=0 start_failures=0 uuid=B2B5FA625534A8C617135DCAFC9E036A name=- state_h=0x0012 ctrl_h=0x0019 result_h=0x001b
[AUTOPOS] READY peer[1]: link=anchor-ctrl connected=1 ready=0 pending=0 inflight=1 retries=0 start_failures=0 uuid=840C68591E90019821AACFF1B73AAA34 name=- state_h=0x0000 ctrl_h=0x0000 result_h=0x0000
[AUTOPOS] READY peer[2]: link=anchor-ctrl connected=1 ready=1 pending=0 inflight=0 retries=0 start_failures=0 uuid=B3087BC3D87CCCD316AEDC6B71D6677F name=- state_h=0x0012 ctrl_h=0x0019 result_h=0x001b
[AUTOPOS] READY peer[3]: link=anchor-ctrl connected=1 ready=1 pending=0 inflight=0 retries=0 start_failures=0 uuid=CF12E703AC1A118F6AB440AB05B0BA23 name=- state_h=0x0012 ctrl_h=0x0019 result_h=0x001b
[AUTOPOS] READY peer[4]: link=anchor-ctrl connected=1 ready=1 pending=0 inflight=0 retries=0 start_failures=0 uuid=CEE5A7EFCB35F8A56B430047629F5309 name=- state_h=0x0012 ctrl_h=0x0019 result_h=0x001b
[AUTOPOS] READY peer[5]: link=anchor-ctrl connected=0 ready=0 pending=1 inflight=0 retries=0 start_failures=0 uuid=B9179575C776C98F1CB132DD6EDC6223 name=- state_h=0x0000 ctrl_h=0x0000 result_h=0x0000
[AUTOPOS] READY peer[6]: link=anchor-ctrl connected=0 ready=0 pending=1 inflight=0 retries=0 start_failures=0 uuid=A892AF05DD59CF0D0D3408AD74F364A1 name=- state_h=0x0000 ctrl_h=0x0000 result_h=0x0000
[AUTOPOS] DISC complete[1]: link=anchor-ctrl discovered_service=2800 uuid=840C68591E90019821AACFF1B73AAA34
[AUTOPOS] DISC anchor service found[1]: uuid=840C68591E90019821AACFF1B73AAA34
[AUTOPOS] Anchor ctrl state subscribe[1] rc=0
[AUTOPOS] Anchor ctrl result subscribe[1] rc=0
[AUTOPOS] ANCHOR_CTRL[1] link ready handle=0x0019 result=0x001b uuid=840C68591E90019821AACFF1B73AAA34
[AUTOPOS] CONNECT pending[5]: addr_valid=1 link=anchor-ctrl uuid=B9179575C776C98F1CB132DD6EDC6223 scan_running=0 conn_count=5
[AUTOPOS] CONNECT pending[5] rc=0 conn=0x20004ca8
[AUTOPOS] anchor role all matrix wait ready: waited=3750 ready=5/8
[AUTOPOS] READY count=5 target=anchor target_uuid=- conn_count=5 connecting_slot=5 scan=0 auto=1
[AUTOPOS] READY peer[0]: link=anchor-ctrl connected=1 ready=1 pending=0 inflight=0 retries=0 start_failures=0 uuid=B2B5FA625534A8C617135DCAFC9E036A name=- state_h=0x0012 ctrl_h=0x0019 result_h=0x001b
[AUTOPOS] READY peer[1]: link=anchor-ctrl connected=1 ready=1 pending=0 inflight=0 retries=0 start_failures=0 uuid=840C68591E90019821AACFF1B73AAA34 name=- state_h=0x0012 ctrl_h=0x0019 result_h=0x001b
[AUTOPOS] READY peer[2]: link=anchor-ctrl connected=1 ready=1 pending=0 inflight=0 retries=0 start_failures=0 uuid=B3087BC3D87CCCD316AEDC6B71D6677F name=- state_h=0x0012 ctrl_h=0x0019 result_h=0x001b
[AUTOPOS] READY peer[3]: link=anchor-ctrl connected=1 ready=1 pending=0 inflight=0 retries=0 start_failures=0 uuid=CF12E703AC1A118F6AB440AB05B0BA23 name=- state_h=0x0012 ctrl_h=0x0019 result_h=0x001b
[AUTOPOS] READY peer[4]: link=anchor-ctrl connected=1 ready=1 pending=0 inflight=0 retries=0 start_failures=0 uuid=CEE5A7EFCB35F8A56B430047629F5309 name=- state_h=0x0012 ctrl_h=0x0019 result_h=0x001b
[AUTOPOS] READY peer[5]: link=anchor-ctrl connected=0 ready=0 pending=1 inflight=0 retries=0 start_failures=0 uuid=B9179575C776C98F1CB132DD6EDC6223 name=- state_h=0x0000 ctrl_h=0x0000 result_h=0x0000
[AUTOPOS] READY peer[6]: link=anchor-ctrl connected=0 ready=0 pending=1 inflight=0 retries=0 start_failures=0 uuid=A892AF05DD59CF0D0D3408AD74F364A1 name=- state_h=0x0000 ctrl_h=0x0000 result_h=0x0000
[AUTOPOS] Connected[5]: C0:1D:D1:D0:CE:B0 (random) name=- bs=-
[AUTOPOS] CONNECT state[5]: link=anchor-ctrl uuid=B9179575C776C98F1CB132DD6EDC6223 ready=0 conn=0x20004ca8
SETUP[5] defer: waiting 856 ms before discovery start
SETUP[5] defer: waiting 806 ms before discovery start
SETUP[5] defer: waiting 755 ms before discovery start
SETUP[5] defer: waiting 705 ms before discovery start
SETUP[5] defer: waiting 655 ms before discovery start
SETUP[5] defer: waiting 604 ms before discovery start
SETUP[5] defer: waiting 554 ms before discovery start
SETUP[5] defer: waiting 504 ms before discovery start
SETUP[5] defer: waiting 453 ms before discovery start
SETUP[5] defer: waiting 403 ms before discovery start
SETUP[5] defer: waiting 353 ms before discovery start
[AUTOPOS] Conn param updated[4]: int=6 lat=0 to=400
SETUP[5] defer: waiting 302 ms before discovery start
SETUP[5] defer: waiting 252 ms before discovery start
SETUP[5] defer: waiting 202 ms before discovery start
SETUP[5] defer: waiting 151 ms before discovery start
SETUP[5] defer: waiting 101 ms before discovery start
SETUP[5] defer: waiting 51 ms before discovery start
SETUP[5] begin: link=anchor-ctrl uuid=B9179575C776C98F1CB132DD6EDC6223 conn=0x20004ca8
SETUP[5] mtu_exchange rc=0
SETUP[5] phy_update rc=0
SETUP[5] conn_param_update rc=0
[AUTOPOS] DISC start[5]: link=anchor-ctrl uuid=B9179575C776C98F1CB132DD6EDC6223 conn=0x20004ca8
[AUTOPOS] MTU exchange[5] done (498)
[AUTOPOS] Conn param updated[5]: int=6 lat=0 to=400
[AUTOPOS] PHY updated[5]: tx=0x2 rx=0x2
[AUTOPOS] anchor role all matrix wait ready: waited=6000 ready=5/8
[AUTOPOS] READY count=5 target=anchor target_uuid=- conn_count=6 connecting_slot=-1 scan=0 auto=1
[AUTOPOS] READY peer[0]: link=anchor-ctrl connected=1 ready=1 pending=0 inflight=0 retries=0 start_failures=0 uuid=B2B5FA625534A8C617135DCAFC9E036A name=- state_h=0x0012 ctrl_h=0x0019 result_h=0x001b
[AUTOPOS] READY peer[1]: link=anchor-ctrl connected=1 ready=1 pending=0 inflight=0 retries=0 start_failures=0 uuid=840C68591E90019821AACFF1B73AAA34 name=- state_h=0x0012 ctrl_h=0x0019 result_h=0x001b
[AUTOPOS] READY peer[2]: link=anchor-ctrl connected=1 ready=1 pending=0 inflight=0 retries=0 start_failures=0 uuid=B3087BC3D87CCCD316AEDC6B71D6677F name=- state_h=0x0012 ctrl_h=0x0019 result_h=0x001b
[AUTOPOS] READY peer[3]: link=anchor-ctrl connected=1 ready=1 pending=0 inflight=0 retries=0 start_failures=0 uuid=CF12E703AC1A118F6AB440AB05B0BA23 name=- state_h=0x0012 ctrl_h=0x0019 result_h=0x001b
[AUTOPOS] READY peer[4]: link=anchor-ctrl connected=1 ready=1 pending=0 inflight=0 retries=0 start_failures=0 uuid=CEE5A7EFCB35F8A56B430047629F5309 name=- state_h=0x0012 ctrl_h=0x0019 result_h=0x001b
[AUTOPOS] READY peer[5]: link=anchor-ctrl connected=1 ready=0 pending=0 inflight=1 retries=0 start_failures=0 uuid=B9179575C776C98F1CB132DD6EDC6223 name=- state_h=0x0000 ctrl_h=0x0000 result_h=0x0000
[AUTOPOS] READY peer[6]: link=anchor-ctrl connected=0 ready=0 pending=1 inflight=0 retries=0 start_failures=0 uuid=A892AF05DD59CF0D0D3408AD74F364A1 name=- state_h=0x0000 ctrl_h=0x0000 result_h=0x0000
[AUTOPOS] DISC complete[5]: link=anchor-ctrl discovered_service=2800 uuid=B9179575C776C98F1CB132DD6EDC6223
[AUTOPOS] DISC anchor service found[5]: uuid=B9179575C776C98F1CB132DD6EDC6223
[AUTOPOS] Anchor ctrl state subscribe[5] rc=0
[AUTOPOS] Anchor ctrl result subscribe[5] rc=0
[AUTOPOS] ANCHOR_CTRL[5] link ready handle=0x0019 result=0x001b uuid=B9179575C776C98F1CB132DD6EDC6223
[AUTOPOS] CONNECT pending[6]: addr_valid=1 link=anchor-ctrl uuid=A892AF05DD59CF0D0D3408AD74F364A1 scan_running=0 conn_count=6
[AUTOPOS] CONNECT pending[6] rc=0 conn=0x20004d78
[AUTOPOS] Connected[6]: D9:C7:9C:16:71:C9 (random) name=- bs=-
[AUTOPOS] CONNECT state[6]: link=anchor-ctrl uuid=A892AF05DD59CF0D0D3408AD74F364A1 ready=0 conn=0x20004d78
SETUP[6] defer: waiting 868 ms before discovery start
SETUP[6] defer: waiting 817 ms before discovery start
[AUTOPOS] anchor role all matrix wait ready: waited=6250 ready=6/8
[AUTOPOS] READY count=6 target=anchor target_uuid=- conn_count=7 connecting_slot=-1 scan=0 auto=1
[AUTOPOS] READY peer[0]: link=anchor-ctrl connected=1 ready=1 pending=0 inflight=0 retries=0 start_failures=0 uuid=B2B5FA625534A8C617135DCAFC9E036A name=- state_h=0x0012 ctrl_h=0x0019 result_h=0x001b
[AUTOPOS] READY peer[1]: link=anchor-ctrl connected=1 ready=1 pending=0 inflight=0 retries=0 start_failures=0 uuid=840C68591E90019821AACFF1B73AAA34 name=- state_h=0x0012 ctrl_h=0x0019 result_h=0x001b
[AUTOPOS] READY peer[2]: link=anchor-ctrl connected=1 ready=1 pending=0 inflight=0 retries=0 start_failures=0 uuid=B3087BC3D87CCCD316AEDC6B71D6677F name=- state_h=0x0012 ctrl_h=0x0019 result_h=0x001b
[AUTOPOS] READY peer[3]: link=anchor-ctrl connected=1 ready=1 pending=0 inflight=0 retries=0 start_failures=0 uuid=CF12E703AC1A118F6AB440AB05B0BA23 name=- state_h=0x0012 ctrl_h=0x0019 result_h=0x001b
[AUTOPOS] READY peer[4]: link=anchor-ctrl connected=1 ready=1 pending=0 inflight=0 retries=0 start_failures=0 uuid=CEE5A7EFCB35F8A56B430047629F5309 name=- state_h=0x0012 ctrl_h=0x0019 result_h=0x001b
[AUTOPOS] READY peer[5]: link=anchor-ctrl connected=1 ready=1 pending=0 inflight=0 retries=0 start_failures=0 uuid=B9179575C776C98F1CB132DD6EDC6223 name=- state_h=0x0012 ctrl_h=0x0019 result_h=0x001b
[AUTOPOS] READY peer[6]: link=anchor-ctrl connected=1 ready=0 pending=0 inflight=0 retries=0 start_failures=0 uuid=A892AF05DD59CF0D0D3408AD74F364A1 name=- state_h=0x0000 ctrl_h=0x0000 result_h=0x0000
SETUP[6] defer: waiting 767 ms before discovery start
SETUP[6] defer: waiting 717 ms before discovery start
SETUP[6] defer: waiting 666 ms before discovery start
SETUP[6] defer: waiting 616 ms before discovery start
SETUP[6] defer: waiting 566 ms before discovery start
SETUP[6] defer: waiting 515 ms before discovery start
SETUP[6] defer: waiting 465 ms before discovery start
SETUP[6] defer: waiting 415 ms before discovery start
SETUP[6] defer: waiting 364 ms before discovery start
SETUP[6] defer: waiting 314 ms before discovery start
[AUTOPOS] Conn param updated[1]: int=6 lat=0 to=400
SETUP[6] defer: waiting 264 ms before discovery start
SETUP[6] defer: waiting 213 ms before discovery start
SETUP[6] defer: waiting 163 ms before discovery start
SETUP[6] defer: waiting 113 ms before discovery start
SETUP[6] defer: waiting 62 ms before discovery start
SETUP[6] defer: waiting 12 ms before discovery start
SETUP[6] begin: link=anchor-ctrl uuid=A892AF05DD59CF0D0D3408AD74F364A1 conn=0x20004d78
SETUP[6] mtu_exchange rc=0
SETUP[6] phy_update rc=0
SETUP[6] conn_param_update rc=0
[AUTOPOS] DISC start[6]: link=anchor-ctrl uuid=A892AF05DD59CF0D0D3408AD74F364A1 conn=0x20004d78
[AUTOPOS] anchor role all matrix wait ready: waited=9000 ready=6/8
[AUTOPOS] READY count=6 target=anchor target_uuid=- conn_count=7 connecting_slot=-1 scan=0 auto=1
[AUTOPOS] READY peer[0]: link=anchor-ctrl connected=1 ready=1 pending=0 inflight=0 retries=0 start_failures=0 uuid=B2B5FA625534A8C617135DCAFC9E036A name=- state_h=0x0012 ctrl_h=0x0019 result_h=0x001b
[AUTOPOS] READY peer[1]: link=anchor-ctrl connected=1 ready=1 pending=0 inflight=0 retries=0 start_failures=0 uuid=840C68591E90019821AACFF1B73AAA34 name=- state_h=0x0012 ctrl_h=0x0019 result_h=0x001b
[AUTOPOS] READY peer[2]: link=anchor-ctrl connected=1 ready=1 pending=0 inflight=0 retries=0 start_failures=0 uuid=B3087BC3D87CCCD316AEDC6B71D6677F name=- state_h=0x0012 ctrl_h=0x0019 result_h=0x001b
[AUTOPOS] READY peer[3]: link=anchor-ctrl connected=1 ready=1 pending=0 inflight=0 retries=0 start_failures=0 uuid=CF12E703AC1A118F6AB440AB05B0BA23 name=- state_h=0x0012 ctrl_h=0x0019 result_h=0x001b
[AUTOPOS] READY peer[4]: link=anchor-ctrl connected=1 ready=1 pending=0 inflight=0 retries=0 start_failures=0 uuid=CEE5A7EFCB35F8A56B430047629F5309 name=- state_h=0x0012 ctrl_h=0x0019 result_h=0x001b
[AUTOPOS] READY peer[5]: link=anchor-ctrl connected=1 ready=1 pending=0 inflight=0 retries=0 start_failures=0 uuid=B9179575C776C98F1CB132DD6EDC6223 name=- state_h=0x0012 ctrl_h=0x0019 result_h=0x001b
[AUTOPOS] READY peer[6]: link=anchor-ctrl connected=1 ready=0 pending=0 inflight=1 retries=0 start_failures=0 uuid=A892AF05DD59CF0D0D3408AD74F364A1 name=- state_h=0x0000 ctrl_h=0x0000 result_h=0x0000
[AUTOPOS] Disconnected[1]: E9:CB:F3:C4:51:43 (random) reason=0x08 link=anchor-ctrl ready=1
[AUTOPOS] SCAN start req: bt_ready=1 scan_running=0 connecting_slot=-1 conn_count=6 target=anchor prefix=ANCHOR-
[AUTOPOS] Scanning for ANCHOR-*
[AUTOPOS] MTU exchange[6] failed (0)
[AUTOPOS] Anchor ctrl service not found[6]
[AUTOPOS] Disconnected[6]: D9:C7:9C:16:71:C9 (random) reason=0x08 link=anchor-ctrl ready=0
[AUTOPOS] Disconnected[5]: C0:1D:D1:D0:CE:B0 (random) reason=0x08 link=anchor-ctrl ready=1
[AUTOPOS] SCAN hit: D9:C7:9C:16:71:C9 (random) rssi=-61 name=- bs=- uuid=A892AF05DD59CF0D0D3408AD74F364A1 target=anchor uuid_ok=1 tag_name=0 anchor_name=0 nus=0 dfu=0 token=0 props=0x03
[AUTOPOS] CONNECT queue[1]: addr=D9:C7:9C:16:71:C9 (random) link=anchor-ctrl uuid=A892AF05DD59CF0D0D3408AD74F364A1 target=anchor
[AUTOPOS] SCAN hit: C0:1D:D1:D0:CE:B0 (random) rssi=-53 name=- bs=- uuid=B9179575C776C98F1CB132DD6EDC6223 target=anchor uuid_ok=1 tag_name=0 anchor_name=0 nus=0 dfu=0 token=0 props=0x03
[AUTOPOS] CONNECT queue[5]: addr=C0:1D:D1:D0:CE:B0 (random) link=anchor-ctrl uuid=B9179575C776C98F1CB132DD6EDC6223 target=anchor
[AUTOPOS] SCAN hit: E9:CB:F3:C4:51:43 (random) rssi=-45 name=- bs=- uuid=840C68591E90019821AACFF1B73AAA34 target=anchor uuid_ok=1 tag_name=0 anchor_name=0 nus=0 dfu=0 token=0 props=0x03
[AUTOPOS] CONNECT queue[6]: addr=E9:CB:F3:C4:51:43 (random) link=anchor-ctrl uuid=840C68591E90019821AACFF1B73AAA34 target=anchor
[AUTOPOS] anchor role all matrix wait ready: waited=11000 ready=4/8
[AUTOPOS] READY count=4 target=anchor target_uuid=- conn_count=4 connecting_slot=-1 scan=1 auto=1
[AUTOPOS] READY peer[0]: link=anchor-ctrl connected=1 ready=1 pending=0 inflight=0 retries=0 start_failures=0 uuid=B2B5FA625534A8C617135DCAFC9E036A name=- state_h=0x0012 ctrl_h=0x0019 result_h=0x001b
[AUTOPOS] READY peer[1]: link=anchor-ctrl connected=0 ready=0 pending=1 inflight=0 retries=0 start_failures=0 uuid=A892AF05DD59CF0D0D3408AD74F364A1 name=- state_h=0x0000 ctrl_h=0x0000 result_h=0x0000
[AUTOPOS] READY peer[2]: link=anchor-ctrl connected=1 ready=1 pending=0 inflight=0 retries=0 start_failures=0 uuid=B3087BC3D87CCCD316AEDC6B71D6677F name=- state_h=0x0012 ctrl_h=0x0019 result_h=0x001b
[AUTOPOS] READY peer[3]: link=anchor-ctrl connected=1 ready=1 pending=0 inflight=0 retries=0 start_failures=0 uuid=CF12E703AC1A118F6AB440AB05B0BA23 name=- state_h=0x0012 ctrl_h=0x0019 result_h=0x001b
[AUTOPOS] READY peer[4]: link=anchor-ctrl connected=1 ready=1 pending=0 inflight=0 retries=0 start_failures=0 uuid=CEE5A7EFCB35F8A56B430047629F5309 name=- state_h=0x0012 ctrl_h=0x0019 result_h=0x001b
[AUTOPOS] READY peer[5]: link=anchor-ctrl connected=0 ready=0 pending=1 inflight=0 retries=0 start_failures=0 uuid=B9179575C776C98F1CB132DD6EDC6223 name=- state_h=0x0000 ctrl_h=0x0000 result_h=0x0000
[AUTOPOS] READY peer[6]: link=anchor-ctrl connected=0 ready=0 pending=1 inflight=0 retries=0 start_failures=0 uuid=840C68591E90019821AACFF1B73AAA34 name=- state_h=0x0000 ctrl_h=0x0000 result_h=0x0000
[AUTOPOS] CONNECT pending[1]: addr_valid=1 link=anchor-ctrl uuid=A892AF05DD59CF0D0D3408AD74F364A1 scan_running=1 conn_count=4
[AUTOPOS] CONNECT pending[1]: bt_le_scan_stop rc=0 scan_running=1
[AUTOPOS] CONNECT pending[1] rc=0 conn=0x20004bd8
[AUTOPOS] Connected[1]: D9:C7:9C:16:71:C9 (random) name=- bs=-
[AUTOPOS] CONNECT state[1]: link=anchor-ctrl uuid=A892AF05DD59CF0D0D3408AD74F364A1 ready=0 conn=0x20004bd8
SETUP[1] defer: waiting 853 ms before discovery start
SETUP[1] defer: waiting 802 ms before discovery start
SETUP[1] defer: waiting 752 ms before discovery start
SETUP[1] defer: waiting 702 ms before discovery start
SETUP[1] defer: waiting 651 ms before discovery start
SETUP[1] defer: waiting 601 ms before discovery start
SETUP[1] defer: waiting 551 ms before discovery start
SETUP[1] defer: waiting 500 ms before discovery start
SETUP[1] defer: waiting 450 ms before discovery start
SETUP[1] defer: waiting 400 ms before discovery start
SETUP[1] defer: waiting 349 ms before discovery start
SETUP[1] defer: waiting 299 ms before discovery start
SETUP[1] defer: waiting 249 ms before discovery start
[AUTOPOS] anchor role all matrix wait ready: waited=12000 ready=4/8
[AUTOPOS] READY count=4 target=anchor target_uuid=- conn_count=5 connecting_slot=-1 scan=0 auto=1
[AUTOPOS] READY peer[0]: link=anchor-ctrl connected=1 ready=1 pending=0 inflight=0 retries=0 start_failures=0 uuid=B2B5FA625534A8C617135DCAFC9E036A name=- state_h=0x0012 ctrl_h=0x0019 result_h=0x001b
[AUTOPOS] READY peer[1]: link=anchor-ctrl connected=1 ready=0 pending=0 inflight=0 retries=0 start_failures=0 uuid=A892AF05DD59CF0D0D3408AD74F364A1 name=- state_h=0x0000 ctrl_h=0x0000 result_h=0x0000
[AUTOPOS] READY peer[2]: link=anchor-ctrl connected=1 ready=1 pending=0 inflight=0 retries=0 start_failures=0 uuid=B3087BC3D87CCCD316AEDC6B71D6677F name=- state_h=0x0012 ctrl_h=0x0019 result_h=0x001b
[AUTOPOS] READY peer[3]: link=anchor-ctrl connected=1 ready=1 pending=0 inflight=0 retries=0 start_failures=0 uuid=CF12E703AC1A118F6AB440AB05B0BA23 name=- state_h=0x0012 ctrl_h=0x0019 result_h=0x001b
[AUTOPOS] READY peer[4]: link=anchor-ctrl connected=1 ready=1 pending=0 inflight=0 retries=0 start_failures=0 uuid=CEE5A7EFCB35F8A56B430047629F5309 name=- state_h=0x0012 ctrl_h=0x0019 result_h=0x001b
[AUTOPOS] READY peer[5]: link=anchor-ctrl connected=0 ready=0 pending=1 inflight=0 retries=0 start_failures=0 uuid=B9179575C776C98F1CB132DD6EDC6223 name=- state_h=0x0000 ctrl_h=0x0000 result_h=0x0000
[AUTOPOS] READY peer[6]: link=anchor-ctrl connected=0 ready=0 pending=1 inflight=0 retries=0 start_failures=0 uuid=840C68591E90019821AACFF1B73AAA34 name=- state_h=0x0000 ctrl_h=0x0000 result_h=0x0000
SETUP[1] defer: waiting 198 ms before discovery start
SETUP[1] defer: waiting 148 ms before discovery start
SETUP[1] defer: waiting 98 ms before discovery start
SETUP[1] defer: waiting 47 ms before discovery start
SETUP[1] begin: link=anchor-ctrl uuid=A892AF05DD59CF0D0D3408AD74F364A1 conn=0x20004bd8
SETUP[1] mtu_exchange rc=0
SETUP[1] phy_update rc=0
SETUP[1] conn_param_update rc=0
[AUTOPOS] DISC start[1]: link=anchor-ctrl uuid=A892AF05DD59CF0D0D3408AD74F364A1 conn=0x20004bd8
[AUTOPOS] MTU exchange[1] done (498)
[AUTOPOS] Conn param updated[1]: int=6 lat=0 to=400
[AUTOPOS] PHY updated[1]: tx=0x2 rx=0x2
[AUTOPOS] DISC complete[1]: link=anchor-ctrl discovered_service=2800 uuid=A892AF05DD59CF0D0D3408AD74F364A1
[AUTOPOS] DISC anchor service found[1]: uuid=A892AF05DD59CF0D0D3408AD74F364A1
[AUTOPOS] Anchor ctrl state subscribe[1] rc=0
[AUTOPOS] Anchor ctrl result subscribe[1] rc=0
[AUTOPOS] ANCHOR_CTRL[1] link ready handle=0x0019 result=0x001b uuid=A892AF05DD59CF0D0D3408AD74F364A1
[AUTOPOS] CONNECT pending[5]: addr_valid=1 link=anchor-ctrl uuid=B9179575C776C98F1CB132DD6EDC6223 scan_running=0 conn_count=5
[AUTOPOS] CONNECT pending[5] rc=0 conn=0x20004ca8
[AUTOPOS] anchor role all matrix wait ready: waited=13500 ready=5/8
[AUTOPOS] READY count=5 target=anchor target_uuid=- conn_count=5 connecting_slot=5 scan=0 auto=1
[AUTOPOS] READY peer[0]: link=anchor-ctrl connected=1 ready=1 pending=0 inflight=0 retries=0 start_failures=0 uuid=B2B5FA625534A8C617135DCAFC9E036A name=- state_h=0x0012 ctrl_h=0x0019 result_h=0x001b
[AUTOPOS] READY peer[1]: link=anchor-ctrl connected=1 ready=1 pending=0 inflight=0 retries=0 start_failures=0 uuid=A892AF05DD59CF0D0D3408AD74F364A1 name=- state_h=0x0012 ctrl_h=0x0019 result_h=0x001b
[AUTOPOS] READY peer[2]: link=anchor-ctrl connected=1 ready=1 pending=0 inflight=0 retries=0 start_failures=0 uuid=B3087BC3D87CCCD316AEDC6B71D6677F name=- state_h=0x0012 ctrl_h=0x0019 result_h=0x001b
[AUTOPOS] READY peer[3]: link=anchor-ctrl connected=1 ready=1 pending=0 inflight=0 retries=0 start_failures=0 uuid=CF12E703AC1A118F6AB440AB05B0BA23 name=- state_h=0x0012 ctrl_h=0x0019 result_h=0x001b
[AUTOPOS] READY peer[4]: link=anchor-ctrl connected=1 ready=1 pending=0 inflight=0 retries=0 start_failures=0 uuid=CEE5A7EFCB35F8A56B430047629F5309 name=- state_h=0x0012 ctrl_h=0x0019 result_h=0x001b
[AUTOPOS] READY peer[5]: link=anchor-ctrl connected=0 ready=0 pending=1 inflight=0 retries=0 start_failures=0 uuid=B9179575C776C98F1CB132DD6EDC6223 name=- state_h=0x0000 ctrl_h=0x0000 result_h=0x0000
[AUTOPOS] READY peer[6]: link=anchor-ctrl connected=0 ready=0 pending=1 inflight=0 retries=0 start_failures=0 uuid=840C68591E90019821AACFF1B73AAA34 name=- state_h=0x0000 ctrl_h=0x0000 result_h=0x0000
[AUTOPOS] Connected[5]: C0:1D:D1:D0:CE:B0 (random) name=- bs=-
[AUTOPOS] CONNECT state[5]: link=anchor-ctrl uuid=B9179575C776C98F1CB132DD6EDC6223 ready=0 conn=0x20004ca8
SETUP[5] defer: waiting 897 ms before discovery start
SETUP[5] defer: waiting 847 ms before discovery start
SETUP[5] defer: waiting 796 ms before discovery start
SETUP[5] defer: waiting 746 ms before discovery start
SETUP[5] defer: waiting 696 ms before discovery start
SETUP[5] defer: waiting 645 ms before discovery start
SETUP[5] defer: waiting 595 ms before discovery start
SETUP[5] defer: waiting 545 ms before discovery start
SETUP[5] defer: waiting 494 ms before discovery start
SETUP[5] defer: waiting 444 ms before discovery start
SETUP[5] defer: waiting 394 ms before discovery start
[AUTOPOS] anchor role all matrix wait ready: waited=15000 ready=5/8
[AUTOPOS] READY count=5 target=anchor target_uuid=- conn_count=6 connecting_slot=-1 scan=0 auto=1
[AUTOPOS] READY peer[0]: link=anchor-ctrl connected=1 ready=1 pending=0 inflight=0 retries=0 start_failures=0 uuid=B2B5FA625534A8C617135DCAFC9E036A name=- state_h=0x0012 ctrl_h=0x0019 result_h=0x001b
[AUTOPOS] READY peer[1]: link=anchor-ctrl connected=1 ready=1 pending=0 inflight=0 retries=0 start_failures=0 uuid=A892AF05DD59CF0D0D3408AD74F364A1 name=- state_h=0x0012 ctrl_h=0x0019 result_h=0x001b
[AUTOPOS] READY peer[2]: link=anchor-ctrl connected=1 ready=1 pending=0 inflight=0 retries=0 start_failures=0 uuid=B3087BC3D87CCCD316AEDC6B71D6677F name=- state_h=0x0012 ctrl_h=0x0019 result_h=0x001b
[AUTOPOS] READY peer[3]: link=anchor-ctrl connected=1 ready=1 pending=0 inflight=0 retries=0 start_failures=0 uuid=CF12E703AC1A118F6AB440AB05B0BA23 name=- state_h=0x0012 ctrl_h=0x0019 result_h=0x001b
[AUTOPOS] READY peer[4]: link=anchor-ctrl connected=1 ready=1 pending=0 inflight=0 retries=0 start_failures=0 uuid=CEE5A7EFCB35F8A56B430047629F5309 name=- state_h=0x0012 ctrl_h=0x0019 result_h=0x001b
[AUTOPOS] READY peer[5]: link=anchor-ctrl connected=1 ready=0 pending=0 inflight=0 retries=0 start_failures=0 uuid=B9179575C776C98F1CB132DD6EDC6223 name=- state_h=0x0000 ctrl_h=0x0000 result_h=0x0000
[AUTOPOS] READY peer[6]: link=anchoSETUP[5] defer: waiting 343 ms before discovery start
r-ctrl connected=0 ready=0 pending=1 inflight=0 retries=0 start_failures=0 uuid=840C68591E90019821AACFF1B73AAA34 name=- state_h=0x0000 ctrl_h=0x0000 result_h=0x0000
SETUP[5] defer: waiting 293 ms before discovery start
SETUP[5] defer: waiting 243 ms before discovery start
SETUP[5] defer: waiting 192 ms before discovery start
SETUP[5] defer: waiting 142 ms before discovery start
SETUP[5] defer: waiting 92 ms before discovery start
SETUP[5] defer: waiting 41 ms before discovery start
SETUP[5] begin: link=anchor-ctrl uuid=B9179575C776C98F1CB132DD6EDC6223 conn=0x20004ca8
SETUP[5] mtu_exchange rc=0
SETUP[5] phy_update rc=0
SETUP[5] conn_param_update rc=0
[AUTOPOS] DISC start[5]: link=anchor-ctrl uuid=B9179575C776C98F1CB132DD6EDC6223 conn=0x20004ca8
[AUTOPOS] MTU exchange[5] done (498)
[AUTOPOS] Conn param updated[5]: int=6 lat=0 to=400
[AUTOPOS] PHY updated[5]: tx=0x2 rx=0x2
[AUTOPOS] DISC complete[5]: link=anchor-ctrl discovered_service=2800 uuid=B9179575C776C98F1CB132DD6EDC6223
[AUTOPOS] DISC anchor service found[5]: uuid=B9179575C776C98F1CB132DD6EDC6223
[AUTOPOS] Anchor ctrl state subscribe[5] rc=0
[AUTOPOS] Anchor ctrl result subscribe[5] rc=0
[AUTOPOS] ANCHOR_CTRL[5] link ready handle=0x0019 result=0x001b uuid=B9179575C776C98F1CB132DD6EDC6223
[AUTOPOS] CONNECT pending[6]: addr_valid=1 link=anchor-ctrl uuid=840C68591E90019821AACFF1B73AAA34 scan_running=0 conn_count=6
[AUTOPOS] CONNECT pending[6] rc=0 conn=0x20004d78
[AUTOPOS] anchor role all matrix wait ready: waited=16750 ready=6/8
[AUTOPOS] READY count=6 target=anchor target_uuid=- conn_count=6 connecting_slot=6 scan=0 auto=1
[AUTOPOS] READY peer[0]: link=anchor-ctrl connected=1 ready=1 pending=0 inflight=0 retries=0 start_failures=0 uuid=B2B5FA625534A8C617135DCAFC9E036A name=- state_h=0x0012 ctrl_h=0x0019 result_h=0x001b
[AUTOPOS] READY peer[1]: link=anchor-ctrl connected=1 ready=1 pending=0 inflight=0 retries=0 start_failures=0 uuid=A892AF05DD59CF0D0D3408AD74F364A1 name=- state_h=0x0012 ctrl_h=0x0019 result_h=0x001b
[AUTOPOS] READY peer[2]: link=anchor-ctrl connected=1 ready=1 pending=0 inflight=0 retries=0 start_failures=0 uuid=B3087BC3D87CCCD316AEDC6B71D6677F name=- state_h=0x0012 ctrl_h=0x0019 result_h=0x001b
[AUTOPOS] READY peer[3]: link=anchor-ctrl connected=1 ready=1 pending=0 inflight=0 retries=0 start_failures=0 uuid=CF12E703AC1A118F6AB440AB05B0BA23 name=- state_h=0x0012 ctrl_h=0x0019 result_h=0x001b
[AUTOPOS] READY peer[4]: link=anchor-ctrl connected=1 ready=1 pending=0 inflight=0 retries=0 start_failures=0 uuid=CEE5A7EFCB35F8A56B430047629F5309 name=- state_h=0x0012 ctrl_h=0x0019 result_h=0x001b
[AUTOPOS] READY peer[5]: link=anchor-ctrl connected=1 ready=1 pending=0 inflight=0 retries=0 start_failures=0 uuid=B9179575C776C98F1CB132DD6EDC6223 name=- state_h=0x0012 ctrl_h=0x0019 result_h=0x001b
[AUTOPOS] READY peer[6]: link=anchor-ctrl connected=0 ready=0 pending=1 inflight=0 retries=0 start_failures=0 uuid=840C68591E90019821AACFF1B73AAA34 name=- state_h=0x0000 ctrl_h=0x0000 result_h=0x0000
[AUTOPOS] Connected[6]: E9:CB:F3:C4:51:43 (random) name=- bs=-
[AUTOPOS] CONNECT state[6]: link=anchor-ctrl uuid=840C68591E90019821AACFF1B73AAA34 ready=0 conn=0x20004d78
[AUTOPOS] Disconnected[6]: E9:CB:F3:C4:51:43 (random) reason=0x3e link=anchor-ctrl ready=0
[AUTOPOS] SCAN start req: bt_ready=1 scan_running=0 connecting_slot=-1 conn_count=6 target=anchor prefix=ANCHOR-
[AUTOPOS] Scanning for ANCHOR-*
[AUTOPOS] SCAN hit: F2:B7:4E:8A:79:01 (random) rssi=-74 name=- bs=- uuid=4DC6B8187E33803AE8601FB0D7992B96 target=anchor uuid_ok=1 tag_name=0 anchor_name=0 nus=0 dfu=0 token=0 props=0x03
[AUTOPOS] CONNECT queue[6]: addr=F2:B7:4E:8A:79:01 (random) link=anchor-ctrl uuid=4DC6B8187E33803AE8601FB0D7992B96 target=anchor
[AUTOPOS] CONNECT pending[6]: addr_valid=1 link=anchor-ctrl uuid=4DC6B8187E33803AE8601FB0D7992B96 scan_running=1 conn_count=6
[AUTOPOS] CONNECT pending[6]: bt_le_scan_stop rc=0 scan_running=1
[AUTOPOS] CONNECT pending[6] rc=0 conn=0x20004d78
[AUTOPOS] Connected[6]: F2:B7:4E:8A:79:01 (random) name=- bs=-
[AUTOPOS] CONNECT state[6]: link=anchor-ctrl uuid=4DC6B8187E33803AE8601FB0D7992B96 ready=0 conn=0x20004d78
SETUP[6] defer: waiting 860 ms before discovery start
[AUTOPOS] Disconnected[1]: D9:C7:9C:16:71:C9 (random) reason=0x08 link=anchor-ctrl ready=1
[AUTOPOS] SCAN start req: bt_ready=1 scan_running=0 connecting_slot=-1 conn_count=6 target=anchor prefix=ANCHOR-
[AUTOPOS] Scanning for ANCHOR-*
SETUP[6] defer: waiting 810 ms before discovery start
SETUP[6] defer: waiting 760 ms before discovery start
SETUP[6] defer: waiting 709 ms before discovery start
[AUTOPOS] SCAN hit: D9:C7:9C:16:71:C9 (random) rssi=-63 name=- bs=- uuid=A892AF05DD59CF0D0D3408AD74F364A1 target=anchor uuid_ok=1 tag_name=0 anchor_name=0 nus=0 dfu=0 token=0 props=0x03
[AUTOPOS] CONNECT queue[1]: addr=D9:C7:9C:16:71:C9 (random) link=anchor-ctrl uuid=A892AF05DD59CF0D0D3408AD74F364A1 target=anchor
SETUP[6] defer: waiting 659 ms before discovery start
[AUTOPOS] anchor role all matrix wait ready: waited=17750 ready=5/8
[AUTOPOS] READY count=5 target=anchor target_uuid=- conn_count=6 connecting_slot=-1 scan=1 auto=1
[AUTOPOS] READY peer[0]: link=anchor-ctrl connected=1 ready=1 pending=0 inflight=0 retries=0 start_failures=0 uuid=B2B5FA625534A8C617135DCAFC9E036A name=- state_h=0x0012 ctrl_h=0x0019 result_h=0x001b
[AUTOPOS] READY peer[1]: link=anchor-ctrl connected=0 ready=0 pending=1 inflight=0 retries=0 start_failures=0 uuid=A892AF05DD59CF0D0D3408AD74F364A1 name=- state_h=0x0000 ctrl_h=0x0000 result_h=0x0000
[AUTOPOS] READY peer[2]: link=anchor-ctrl connected=1 ready=1 pending=0 inflight=0 retries=0 start_failures=0 uuid=B3087BC3D87CCCD316AEDC6B71D6677F name=- state_h=0x0012 ctrl_h=0x0019 result_h=0x001b
[AUTOPOS] READY peer[3]: link=anchor-ctrl connected=1 ready=1 pending=0 inflight=0 retries=0 start_failures=0 uuid=CF12E703AC1A118F6AB440AB05B0BA23 name=- state_h=0x0012 ctrl_hSETUP[6] defer: waiting 609 ms before discovery start
=0x0019 result_h=0x001b
[AUTOPOS] READY peer[4]: link=anchor-ctrl connected=1 ready=1 pending=0 inflight=0 retries=0 start_failures=0 uuid=CEE5A7EFCB35F8A56B430047629F5309 name=- state_h=0x0012 ctrl_h=0x0019 result_h=0x001b
[AUTOPOS] READY peer[5]: link=anchor-ctrl connected=1 ready=1 pending=0 inflight=0 retries=0 start_failures=0 uuid=B9179575C776C98F1CB132DD6EDC6223 name=- state_h=0x0012 ctrl_h=0x0019 result_h=0x001b
[AUTOPOS] READY peer[6]: link=anchor-ctrl connected=1 ready=0 pending=0 inflight=0 retries=0 start_failures=0 uuid=4DC6B8187E33803AE8601FB0D7992B96 name=- state_h=0x0000 ctrl_h=0x0000 result_h=0x0000
SETUP[6] defer: waiting 558 ms before discovery start
[AUTOPOS] SCAN hit: E9:CB:F3:C4:51:43 (random) rssi=-47 name=- bs=- uuid=840C68591E90019821AACFF1B73AAA34 target=anchor uuid_ok=1 tag_name=0 anchor_name=0 nus=0 dfu=0 token=0 props=0x03
[AUTOPOS] CONNECT queue[7]: addr=E9:CB:F3:C4:51:43 (random) link=anchor-ctrl uuid=840C68591E90019821AACFF1B73AAA34 target=anchor
SETUP[6] defer: waiting 508 ms before discovery start
SETUP[6] defer: waiting 458 ms before discovery start
SETUP[6] defer: waiting 407 ms before discovery start
SETUP[6] defer: waiting 357 ms before discovery start
[AUTOPOS] anchor role all matrix wait ready: waited=18000 ready=5/8
[AUTOPOS] READY count=5 target=anchor target_uuid=- conn_count=6 connecting_slot=-1 scan=1 auto=1
[AUTOPOS] READY peer[0]: link=anchor-ctrl connected=1 ready=1 pending=0 inflight=0 retries=0 start_failures=0 uuid=B2B5FA625534A8C617135DCAFC9E036A name=- state_h=0x0012 ctrl_h=0x0019 result_h=0x001b
[AUTOPOS] READY peer[1]: link=anchor-ctrl connected=0 ready=0 pending=1 inflight=0 retries=0 start_failures=0 uuid=A892AF05DD59CF0D0D3408AD74F364A1 name=- state_h=0x0000 ctrl_h=0x0000 result_h=0x0000
[AUTOPOS] READY peer[2]: link=anchor-ctrl connected=1 ready=1 pending=0 inflight=0 retries=0 start_failures=0 uuid=B3087BC3D87CCCD316AEDC6B71D6677F name=- state_h=0x0012 ctrl_h=0x0019 result_h=0x001b
[AUTOPOS] READY peer[3]: link=anchor-ctrl connected=1 ready=1 pending=0 inflight=0 retries=0 start_failures=0 uuid=CF12E703AC1A118F6AB440AB05B0BA23 name=- state_h=0x0012 ctrl_h=0x0019 result_h=0x001b
[AUTOPOS] READY peer[4]: link=anchor-ctrl connected=1 ready=1 pending=0 inflight=0 retries=0 start_failures=0 uuid=CEE5A7EFCB35F8A56B430047629F5309 name=- state_h=0x0012 ctrl_h=0x0019 result_h=0x001b
[AUTOPOS] READY peer[5]: link=anchor-ctrl connected=1 ready=1 pending=0 inflight=0 retries=0 start_failures=0 uuid=B9179575C776C98F1CB132DD6EDC6223 name=- state_h=0x0012 ctrl_h=0x0019 result_h=0x001b
[AUTOPOS] READY peer[6]: link=anchor-ctrl connected=1 ready=0 pending=0 inflight=0 retries=0 start_failures=0 uuid=4DC6B8187E33803AE8601FB0D7992B96 name=- state_h=0x0000 ctrl_h=0x0000 result_h=0x0000
[AUTOPOS] READY peer[7]: link=anchor-ctrl connected=0 ready=0 pending=1 inflight=0 retries=0 start_failures=0 uuid=840C68591E90019821AACFF1B73AAA34 name=- state_h=0x0000 ctrl_h=0x0000 result_h=0x0000
SETUP[6] defer: waiting 307 ms before discovery start
SETUP[6] defer: waiting 256 ms before discovery start
SETUP[6] defer: waiting 206 ms before discovery start
SETUP[6] defer: waiting 156 ms before discovery start
SETUP[6] defer: waiting 105 ms before discovery start
SETUP[6] defer: waiting 55 ms before discovery start
SETUP[6] defer: waiting 5 ms before discovery start
SETUP[6] begin: link=anchor-ctrl uuid=4DC6B8187E33803AE8601FB0D7992B96 conn=0x20004d78
SETUP[6] mtu_exchange rc=0
SETUP[6] phy_update rc=0
SETUP[6] conn_param_update rc=0
[AUTOPOS] DISC start[6]: link=anchor-ctrl uuid=4DC6B8187E33803AE8601FB0D7992B96 conn=0x20004d78
[AUTOPOS] MTU exchange[6] done (498)
[AUTOPOS] Conn param updated[6]: int=6 lat=0 to=400
[AUTOPOS] PHY updated[6]: tx=0x2 rx=0x2
SESSION: runtime role broadcast attempt 2/7: anchor role all matrix
>>> anchor role all matrix
[AUTOPOS] anchor role already running
[AUTOPOS] Conn param updated[5]: int=6 lat=0 to=400
[AUTOPOS] anchor role all matrix wait ready: waited=21000 ready=5/8
[AUTOPOS] READY count=5 target=anchor target_uuid=- conn_count=6 connecting_slot=-1 scan=1 auto=1
[AUTOPOS] READY peer[0]: link=anchor-ctrl connected=1 ready=1 pending=0 inflight=0 retries=0 start_failures=0 uuid=B2B5FA625534A8C617135DCAFC9E036A name=- state_h=0x0012 ctrl_h=0x0019 result_h=0x001b
[AUTOPOS] READY peer[1]: link=anchor-ctrl connected=0 ready=0 pending=1 inflight=0 retries=0 start_failures=0 uuid=A892AF05DD59CF0D0D3408AD74F364A1 name=- state_h=0x0000 ctrl_h=0x0000 result_h=0x0000
[AUTOPOS] READY peer[2]: link=anchor-ctrl connected=1 ready=1 pending=0 inflight=0 retries=0 start_failures=0 uuid=B3087BC3D87CCCD316AEDC6B71D6677F name=- state_h=0x0012 ctrl_h=0x0019 result_h=0x001b
[AUTOPOS] READY peer[3]: link=anchor-ctrl connected=1 ready=1 pending=0 inflight=0 retries=0 start_failures=0 uuid=CF12E703AC1A118F6AB440AB05B0BA23 name=- state_h=0x0012 ctrl_h=0x0019 result_h=0x001b
[AUTOPOS] READY peer[4]: link=anchor-ctrl connected=1 ready=1 pending=0 inflight=0 retries=0 start_failures=0 uuid=CEE5A7EFCB35F8A56B430047629F5309 name=- state_h=0x0012 ctrl_h=0x0019 result_h=0x001b
[AUTOPOS] READY peer[5]: link=anchor-ctrl connected=1 ready=1 pending=0 inflight=0 retries=0 start_failures=0 uuid=B9179575C776C98F1CB132DD6EDC6223 name=- state_h=0x0012 ctrl_h=0x0019 result_h=0x001b
[AUTOPOS] READY peer[6]: link=anchor-ctrl connected=1 ready=0 pending=0 inflight=1 retries=0 start_failures=0 uuid=4DC6B8187E33803AE8601FB0D7992B96 name=- state_h=0x0000 ctrl_h=0x0000 result_h=0x0000
[AUTOPOS] READY peer[7]: link=anchor-ctrl connected=0 ready=0 pending=1 inflight=0 retries=0 start_failures=0 uuid=840C68591E90019821AACFF1B73AAA34 name=- state_h=0x0000 ctrl_h=0x0000 result_h=0x0000
[AUTOPOS] anchor role all matrix wait ready: waited=24000 ready=5/8
[AUTOPOS] READY count=5 target=anchor target_uuid=- conn_count=6 connecting_slot=-1 scan=1 auto=1
[AUTOPOS] READY peer[0]: link=anchor-ctrl connected=1 ready=1 pending=0 inflight=0 retries=0 start_failures=0 uuid=B2B5FA625534A8C617135DCAFC9E036A name=- state_h=0x0012 ctrl_h=0x0019 result_h=0x001b
[AUTOPOS] READY peer[1]: link=anchor-ctrl connected=0 ready=0 pending=1 inflight=0 retries=0 start_failures=0 uuid=A892AF05DD59CF0D0D3408AD74F364A1 name=- state_h=0x0000 ctrl_h=0x0000 result_h=0x0000
[AUTOPOS] READY peer[2]: link=anchor-ctrl connected=1 ready=1 pending=0 inflight=0 retries=0 start_failures=0 uuid=B3087BC3D87CCCD316AEDC6B71D6677F name=- state_h=0x0012 ctrl_h=0x0019 result_h=0x001b
[AUTOPOS] READY peer[3]: link=anchor-ctrl connected=1 ready=1 pending=0 inflight=0 retries=0 start_failures=0 uuid=CF12E703AC1A118F6AB440AB05B0BA23 name=- state_h=0x0012 ctrl_h=0x0019 result_h=0x001b
[AUTOPOS] READY peer[4]: link=anchor-ctrl connected=1 ready=1 pending=0 inflight=0 retries=0 start_failures=0 uuid=CEE5A7EFCB35F8A56B430047629F5309 name=- state_h=0x0012 ctrl_h=0x0019 result_h=0x001b
[AUTOPOS] READY peer[5]: link=anchor-ctrl connected=1 ready=1 pending=0 inflight=0 retries=0 start_failures=0 uuid=B9179575C776C98F1CB132DD6EDC6223 name=- state_h=0x0012 ctrl_h=0x0019 result_h=0x001b
[AUTOPOS] READY peer[6]: link=anchor-ctrl connected=1 ready=0 pending=0 inflight=1 retries=0 start_failures=0 uuid=4DC6B8187E33803AE8601FB0D7992B96 name=- state_h=0x0000 ctrl_h=0x0000 result_h=0x0000
[AUTOPOS] READY peer[7]: link=anchor-ctrl connected=0 ready=0 pending=1 inflight=0 retries=0 start_failures=0 uuid=840C68591E90019821AACFF1B73AAA34 name=- state_h=0x0000 ctrl_h=0x0000 result_h=0x0000
[AUTOPOS] Disconnected[5]: C0:1D:D1:D0:CE:B0 (random) reason=0x08 link=anchor-ctrl ready=1
[AUTOPOS] Disconnected[6]: F2:B7:4E:8A:79:01 (random) reason=0x08 link=anchor-ctrl ready=0
[AUTOPOS] CONNECT pending[1]: addr_valid=1 link=anchor-ctrl uuid=A892AF05DD59CF0D0D3408AD74F364A1 scan_running=1 conn_count=4
[AUTOPOS] GATT discover[AUTOPOS] CONNECT pending[1]: bt_le_scan_stop rc=0 scan_running=1
y error[-1]: -12
[AUTOPOS] CONNECT pending[1] rc=0 conn=0x20004bd8
[AUTOPOS] Connected[1]: D9:C7:9C:16:71:C9 (random) name=- bs=-
[AUTOPOS] CONNECT state[1]: link=anchor-ctrl uuid=A892AF05DD59CF0D0D3408AD74F364A1 ready=0 conn=0x20004bd8
SETUP[1] defer: waiting 875 ms before discovery start
[AUTOPOS] anchor role all matrix wait ready: waited=24250 ready=4/8
[AUTOPOS] READY count=4 target=anchor target_uuid=- conn_count=5 connecting_slot=-1 scan=0 auto=1
[AUTOPOS] READY peer[0]: link=anchor-ctrl connected=1 ready=1 pending=0 inflight=0 retries=0 start_failures=0 uuid=B2B5FA625534A8C617135DCAFC9E036A name=- state_h=0x0012 ctrl_h=0x0019 result_h=0x001b
[AUTOPOS] READY peer[1]: link=anchor-ctrl connected=1 ready=0 pending=0 inflight=0 retries=0 start_failures=0 uuid=A892AF05DD59CF0D0D3408AD74F364A1 name=- state_h=0x0000 ctrl_h=0x0000 result_h=0x0000
[AUTOPOS] READY peer[2]: link=anchor-ctrl connected=1 ready=1 pending=0 inflight=0 retries=0 start_failures=0 uuid=B3087BC3D87CCCD316AEDC6B71D6677F name=- state_h=0x0012 ctrl_h=0x0019 result_h=0x001b
[AUTOPOS] READY peer[3]: link=anchor-ctrl connected=1 ready=1 pending=0 inflight=0 retries=0 start_failures=0 uuid=CF12E703AC1A118F6AB440AB05B0BA23 name=- state_h=0x0012 ctrl_h=0x0019 result_h=0x001b
[AUTOPOS] READY peer[4]: link=anchor-ctrl connected=1 ready=1 pending=0 inflight=0 retries=0 start_failures=0 uuid=CEE5A7EFCB35F8A56B430047629F5309 name=- state_h=0x0012 ctrl_h=0x0019 result_h=0x001b
[AUTOPOS] READY peer[7]: link=anchor-ctrl connected=0 ready=0 pending=1 inflight=0 retries=0 start_failures=0 uuid=840C68591E90019821AACFF1B73AAA34 name=- state_h=0x0000 ctrl_h=0x0000 result_h=0x0000
SETUP[1] defer: waiting 825 ms before discovery start
SETUP[1] defer: waiting 774 ms before discovery start
SETUP[1] defer: waiting 724 ms before discovery start
SETUP[1] defer: waiting 674 ms before discovery start
SETUP[1] defer: waiting 623 ms before discovery start
SETUP[1] defer: waiting 573 ms before discovery start
SETUP[1] defer: waiting 523 ms before discovery start
SETUP[1] defer: waiting 472 ms before discovery start
SETUP[1] defer: waiting 422 ms before discovery start
SETUP[1] defer: waiting 372 ms before discovery start
SETUP[1] defer: waiting 322 ms before discovery start
SETUP[1] defer: waiting 271 ms before discovery start
SETUP[1] defer: waiting 221 ms before discovery start
SETUP[1] defer: waiting 171 ms before discovery start
SETUP[1] defer: waiting 120 ms before discovery start
SETUP[1] defer: waiting 70 ms before discovery start
SETUP[1] defer: waiting 20 ms before discovery start
SETUP[1] begin: link=anchor-ctrl uuid=A892AF05DD59CF0D0D3408AD74F364A1 conn=0x20004bd8
SETUP[1] mtu_exchange rc=0
SETUP[1] phy_update rc=0
SETUP[1] conn_param_update rc=0
[AUTOPOS] DISC start[1]: link=anchor-ctrl uuid=A892AF05DD59CF0D0D3408AD74F364A1 conn=0x20004bd8
[AUTOPOS] MTU exchange[1] done (498)
[AUTOPOS] Conn param updated[1]: int=6 lat=0 to=400
[AUTOPOS] PHY updated[1]: tx=0x2 rx=0x2
[AUTOPOS] DISC complete[1]: link=anchor-ctrl discovered_service=2800 uuid=A892AF05DD59CF0D0D3408AD74F364A1
[AUTOPOS] DISC anchor service found[1]: uuid=A892AF05DD59CF0D0D3408AD74F364A1
[AUTOPOS] Anchor ctrl state subscribe[1] rc=0
[AUTOPOS] Anchor ctrl result subscribe[1] rc=0
[AUTOPOS] ANCHOR_CTRL[1] link ready handle=0x0019 result=0x001b uuid=A892AF05DD59CF0D0D3408AD74F364A1
[AUTOPOS] CONNECT pending[7]: addr_valid=1 link=anchor-ctrl uuid=840C68591E90019821AACFF1B73AAA34 scan_running=0 conn_count=5
[AUTOPOS] CONNECT pending[7] rc=0 conn=0x20004ca8
[AUTOPOS] Connected[7]: E9:CB:F3:C4:51:43 (random) name=- bs=-
[AUTOPOS] CONNECT state[7]: link=anchor-ctrl uuid=840C68591E90019821AACFF1B73AAA34 ready=0 conn=0x20004ca8
SETUP[7] defer: waiting 899 ms before discovery start
SETUP[7] defer: waiting 848 ms before discovery start
SETUP[7] defer: waiting 798 ms before discovery start
SETUP[7] defer: waiting 748 ms before discovery start
[AUTOPOS] anchor role all matrix wait ready: waited=26500 ready=5/8
[AUTOPOS] READY count=5 target=anchor target_uuid=- conn_count=6 connecting_slot=-1 scan=0 auto=1
[AUTOPOS] READY peer[0]: link=anchor-ctrl connected=1 ready=1 pending=0 inflight=0 retries=0 start_failures=0 uuid=B2B5FA625534A8C617135DCAFC9E036A name=- state_h=0x0012 ctrl_h=0x0019 result_h=0x001b
[AUTOPOS] READY peer[1]: link=anchor-ctrl connected=1 ready=1 pending=0 inflight=0 retries=0 start_failures=0 uuid=A892AF05DD59CF0D0D3408AD74F364A1 name=- state_h=0x0012 ctrl_h=0x0019 result_h=0x001b
[AUTOPOS] READY peer[2]: link=anchor-ctrl connected=1 ready=1 pending=0 inflight=0 retries=0 start_failures=0 uuid=B3087BC3D87CCCD316AEDC6B71D6677F name=- state_h=0x0012 ctrl_h=0x0019 result_h=0x001b
[AUTOPOS] READY peer[3]: link=anchor-ctrl connected=1 ready=1 pending=0 inflight=0 retries=0 start_failures=0 uuid=CF12E703AC1A118F6AB440AB05B0BA23 name=- state_h=0x0012 ctrl_h=0x0019 result_h=0x001b
[AUTOPOS] READY peer[4]: link=anchor-ctrl connected=1 ready=1 pending=0 inflight=0 retries=0 start_failures=0 uuid=CEE5A7EFCB35F8A56B430047629F5309 name=- state_h=0x0012 ctrl_h=0x0019 result_h=0x001b
[AUTOPOS] READY peer[7]: link=anchor-ctrl connected=1 ready=0 pending=0 inflight=0 retries=0 start_failures=0 uuid=840C68591E90019821AACFF1B73AAA34 name=- state_h=0x0000 ctrl_h=0x0000 result_h=0x0000
SETUP[7] defer: waiting 697 ms before discovery start
SETUP[7] defer: waiting 647 ms before discovery start
SETUP[7] defer: waiting 597 ms before discovery start
SETUP[7] defer: waiting 546 ms before discovery start
SETUP[7] defer: waiting 496 ms before discovery start
SETUP[7] defer: waiting 446 ms before discovery start
SETUP[7] defer: waiting 395 ms before discovery start
SETUP[7] defer: waiting 345 ms before discovery start
SETUP[7] defer: waiting 295 ms before discovery start
SETUP[7] defer: waiting 244 ms before discovery start
[AUTOPOS] anchor role all matrix wait ready: waited=27000 ready=5/8
[AUTOPOS] READY count=5 target=anchor target_uuid=- conn_count=6 connecting_slot=-1 scan=0 auto=1
[AUTOPOS] READY peer[0]: link=anchor-ctrl connected=1 ready=1 pending=0 inflight=0 retries=0 start_failures=0 uuid=B2B5FA625534A8C617135DCAFC9E036A name=- state_h=0x0012 ctrl_h=0x0019 result_h=0x001b
[AUTOPOS] READY peer[1]: link=anchor-ctrl connected=1 ready=1 pending=0 inflight=0 retries=0 start_failures=0 uuid=A892AF05DD59CF0D0D3408AD74F364A1 name=- state_h=0x0012 ctrl_h=0x0019 result_h=0x001b
[AUTOPOS] READY peer[2]: link=anchor-ctrl connected=1 ready=1 pending=0 inflight=0 retries=0 start_failures=0 uuid=B3087BC3D87CCCD316AEDC6B71D6677F name=- state_h=0x0012 ctrl_h=0x0019 result_h=0x001b
[AUTOPOS] READY peer[3]: link=anchor-ctrl connected=1 ready=1 pending=0 inflight=0 retries=0 start_failures=0 uuid=CF12E703AC1A118F6AB440AB05B0BA23 name=- state_h=0x0012 ctrl_h=0x0019 result_h=0x001b
[AUTOPOS] READY peer[4]: link=anchor-ctrl connected=1 ready=1 pending=0 inflight=0 retries=0 start_failures=0 uuid=CEE5A7EFCB35F8A56B430047629F5309 name=- state_h=0x0012 ctrl_h=0x0019 result_h=0x001b
[AUTOPOS] READY peer[7]: link=anchor-ctrl connected=1 ready=0 pending=0 inflight=0 retries=0 start_failures=0 uuid=840C68591E90019821AACFF1B73AAA34 name=- state_h=0x0000 ctrl_h=0x0000 result_h=0x0000
SETUP[7] defer: waiting 194 ms before discovery start
SETUP[7] defer: waiting 144 ms before discovery start
SETUP[7] defer: waiting 93 ms before discovery start
SETUP[7] defer: waiting 43 ms before discovery start
SETUP[7] begin: link=anchor-ctrl uuid=840C68591E90019821AACFF1B73AAA34 conn=0x20004ca8
SETUP[7] mtu_exchange rc=0
SETUP[7] phy_update rc=0
SETUP[7] conn_param_update rc=0
[AUTOPOS] DISC start[7]: link=anchor-ctrl uuid=840C68591E90019821AACFF1B73AAA34 conn=0x20004ca8
[AUTOPOS] anchor role all matrix wait ready: waited=30000 ready=5/8
[AUTOPOS] READY count=5 target=anchor target_uuid=- conn_count=6 connecting_slot=-1 scan=0 auto=1
[AUTOPOS] READY peer[0]: link=anchor-ctrl connected=1 ready=1 pending=0 inflight=0 retries=0 start_failures=0 uuid=B2B5FA625534A8C617135DCAFC9E036A name=- state_h=0x0012 ctrl_h=0x0019 result_h=0x001b
[AUTOPOS] READY peer[1]: link=anchor-ctrl connected=1 ready=1 pending=0 inflight=0 retries=0 start_failures=0 uuid=A892AF05DD59CF0D0D3408AD74F364A1 name=- state_h=0x0012 ctrl_h=0x0019 result_h=0x001b
[AUTOPOS] READY peer[2]: link=anchor-ctrl connected=1 ready=1 pending=0 inflight=0 retries=0 start_failures=0 uuid=B3087BC3D87CCCD316AEDC6B71D6677F name=- state_h=0x0012 ctrl_h=0x0019 result_h=0x001b
[AUTOPOS] READY peer[3]: link=anchor-ctrl connected=1 ready=1 pending=0 inflight=0 retries=0 start_failures=0 uuid=CF12E703AC1A118F6AB440AB05B0BA23 name=- state_h=0x0012 ctrl_h=0x0019 result_h=0x001b
[AUTOPOS] READY peer[4]: link=anchor-ctrl connected=1 ready=1 pending=0 inflight=0 retries=0 start_failures=0 uuid=CEE5A7EFCB35F8A56B430047629F5309 name=- state_h=0x0012 ctrl_h=0x0019 result_h=0x001b
[AUTOPOS] READY peer[7]: link=anchor-ctrl connected=1 ready=0 pending=0 inflight=1 retries=0 start_failures=0 uuid=840C68591E90019821AACFF1B73AAA34 name=- state_h=0x0000 ctrl_h=0x0000 result_h=0x0000
[AUTOPOS] MTU exchange[7] failed (0)
[AUTOPOS] Anchor ctrl service not found[7]
[AUTOPOS] Disconnected[7]: E9:CB:F3:C4:51:43 (random) reason=0x08 link=anchor-ctrl ready=0
[AUTOPOS] SCAN start req: bt_ready=1 scan_running=0 connecting_slot=-1 conn_count=5 target=anchor prefix=ANCHOR-
[AUTOPOS] Scanning for ANCHOR-*
[AUTOPOS] Disconnected[1]: D9:C7:9C:16:71:C9 (random) reason=0x08 link=anchor-ctrl ready=1
[AUTOPOS] SCAN hit: F2:B7:4E:8A:79:01 (random) rssi=-65 name=- bs=- uuid=4DC6B8187E33803AE8601FB0D7992B96 target=anchor uuid_ok=1 tag_name=0 anchor_name=0 nus=0 dfu=0 token=0 props=0x03
[AUTOPOS] CONNECT queue[1]: addr=F2:B7:4E:8A:79:01 (random) link=anchor-ctrl uuid=4DC6B8187E33803AE8601FB0D7992B96 target=anchor
[AUTOPOS] anchor role all matrix wait ready: waited=31000 ready=4/8
[AUTOPOS] READY count=4 target=anchor target_uuid=- conn_count=4 connecting_slot=-1 scan=1 auto=1
[AUTOPOS] READY peer[0]: link=anchor-ctrl connected=1 ready=1 pending=0 inflight=0 retries=0 start_failures=0 uuid=B2B5FA625534A8C617135DCAFC9E036A name=- state_h=0x0012 ctrl_h=0x0019 result_h=0x001b
[AUTOPOS] READY peer[1]: link=anchor-ctrl connected=0 ready=0 pending=1 inflight=0 retries=0 start_failures=0 uuid=4DC6B8187E33803AE8601FB0D7992B96 name=- state_h=0x0000 ctrl_h=0x0000 result_h=0x0000
[AUTOPOS] READY peer[2]: link=anchor-ctrl connected=1 ready=1 pending=0 inflight=0 retries=0 start_failures=0 uuid=B3087BC3D87CCCD316AEDC6B71D6677F name=- state_h=0x0012 ctrl_h=0x0019 result_h=0x001b
[AUTOPOS] READY peer[3]: link=anchor-ctrl connected=1 ready=1 pending=0 inflight=0 retries=0 start_failures=0 uuid=CF12E703AC1A118F6AB440AB05B0BA23 name=- state_h=0x0012 ctrl_h=0x0019 result_h=0x001b
[AUTOPOS] READY peer[4]: link=anchor-ctrl connected=1 ready=1 pending=0 inflight=0 retries=0 start_failures=0 uuid=CEE5A7EFCB35F8A56B430047629F5309 name=- state_h=0x0012 ctrl_h=0x0019 result_h=0x001b
[AUTOPOS] SCAN hit: E9:CB:F3:C4:51:43 (random) rssi=-45 name=- bs=- uuid=840C68591E90019821AACFF1B73AAA34 target=anchor uuid_ok=1 tag_name=0 anchor_name=0 nus=0 dfu=0 token=0 props=0x03
[AUTOPOS] CONNECT queue[5]: addr=E9:CB:F3:C4:51:43 (random) link=anchor-ctrl uuid=840C68591E90019821AACFF1B73AAA34 target=anchor
[AUTOPOS] CONNECT pending[1]: addr_valid=1 link=anchor-ctrl uuid=4DC6B8187E33803AE8601FB0D7992B96 scan_running=1 conn_count=4
[AUTOPOS] CONNECT pending[1]: bt_le_scan_stop rc=0 scan_running=1
[AUTOPOS] CONNECT pending[1] rc=0 conn=0x20004bd8
[AUTOPOS] Connected[1]: F2:B7:4E:8A:79:01 (random) name=- bs=-
[AUTOPOS] CONNECT state[1]: link=anchor-ctrl uuid=4DC6B8187E33803AE8601FB0D7992B96 ready=0 conn=0x20004bd8
SETUP[1] defer: waiting 864 ms before discovery start
SETUP[1] defer: waiting 813 ms before discovery start
SETUP[1] defer: waiting 763 ms before discovery start
SETUP[1] defer: waiting 713 ms before discovery start
SETUP[1] defer: waiting 662 ms before discovery start
SETUP[1] defer: waiting 612 ms before discovery start
SETUP[1] defer: waiting 562 ms before discovery start
SETUP[1] defer: waiting 511 ms before discovery start
SETUP[1] defer: waiting 461 ms before discovery start
SETUP[1] defer: waiting 411 ms before discovery start
SETUP[1] defer: waiting 360 ms before discovery start
SETUP[1] defer: waiting 310 ms before discovery start
SETUP[1] defer: waiting 260 ms before discovery start
SETUP[1] defer: waiting 209 ms before discovery start
SETUP[1] defer: waiting 159 ms before discovery start
SETUP[1] defer: waiting 109 ms before discovery start
SETUP[1] defer: waiting 58 ms before discovery start
SETUP[1] defer: waiting 8 ms before discovery start
SETUP[1] begin: link=anchor-ctrl uuid=4DC6B8187E33803AE8601FB0D7992B96 conn=0x20004bd8
SETUP[1] mtu_exchange rc=0
SETUP[1] phy_update rc=0
SETUP[1] conn_param_update rc=0
[AUTOPOS] DISC start[1]: link=anchor-ctrl uuid=4DC6B8187E33803AE8601FB0D7992B96 conn=0x20004bd8
[AUTOPOS] MTU exchange[1] done (498)
[AUTOPOS] Conn param updated[1]: int=6 lat=0 to=400
[AUTOPOS] PHY updated[1]: tx=0x2 rx=0x2
[AUTOPOS] anchor role all matrix wait ready: waited=33000 ready=4/8
[AUTOPOS] READY count=4 target=anchor target_uuid=- conn_count=5 connecting_slot=-1 scan=0 auto=1
[AUTOPOS] READY peer[0]: link=anchor-ctrl connected=1 ready=1 pending=0 inflight=0 retries=0 start_failures=0 uuid=B2B5FA625534A8C617135DCAFC9E036A name=- state_h=0x0012 ctrl_h=0x0019 result_h=0x001b
[AUTOPOS] READY peer[1]: link=anchor-ctrl connected=1 ready=0 pending=0 inflight=1 retries=0 start_failures=0 uuid=4DC6B8187E33803AE8601FB0D7992B96 name=- state_h=0x0000 ctrl_h=0x0000 result_h=0x0000
[AUTOPOS] READY peer[2]: link=anchor-ctrl connected=1 ready=1 pending=0 inflight=0 retries=0 start_failures=0 uuid=B3087BC3D87CCCD316AEDC6B71D6677F name=- state_h=0x0012 ctrl_h=0x0019 result_h=0x001b
[AUTOPOS] READY peer[3]: link=anchor-ctrl connected=1 ready=1 pending=0 inflight=0 retries=0 start_failures=0 uuid=CF12E703AC1A118F6AB440AB05B0BA23 name=- state_h=0x0012 ctrl_h=0x0019 result_h=0x001b
[AUTOPOS] READY peer[4]: link=anchor-ctrl connected=1 ready=1 pending=0 inflight=0 retries=0 start_failures=0 uuid=CEE5A7EFCB35F8A56B430047629F5309 name=- state_h=0x0012 ctrl_h=0x0019 result_h=0x001b
[AUTOPOS] READY peer[5]: link=anchor-ctrl connected=0 ready=0 pending=1 inflight=0 retries=0 start_failures=0 uuid=840C68591E90019821AACFF1B73AAA34 name=- state_h=0x0000 ctrl_h=0x0000 result_h=0x0000
[AUTOPOS] DISC complete[1]: link=anchor-ctrl discovered_service=2800 uuid=4DC6B8187E33803AE8601FB0D7992B96
[AUTOPOS] DISC anchor service found[1]: uuid=4DC6B8187E33803AE8601FB0D7992B96
[AUTOPOS] Anchor ctrl state subscribe[1] rc=0
[AUTOPOS] Anchor ctrl result subscribe[1] rc=0
[AUTOPOS] ANCHOR_CTRL[1] link ready handle=0x0019 result=0x001b uuid=4DC6B8187E33803AE8601FB0D7992B96
[AUTOPOS] CONNECT pending[5]: addr_valid=1 link=anchor-ctrl uuid=840C68591E90019821AACFF1B73AAA34 scan_running=0 conn_count=5
[AUTOPOS] CONNECT pending[5] rc=0 conn=0x20004ca8
[AUTOPOS] anchor role all matrix wait ready: waited=33500 ready=5/8
[AUTOPOS] READY count=5 target=anchor target_uuid=- conn_count=5 connecting_slot=5 scan=0 auto=1
[AUTOPOS] READY peer[0]: link=anchor-ctrl connected=1 ready=1 pending=0 inflight=0 retries=0 start_failures=0 uuid=B2B5FA625534A8C617135DCAFC9E036A name=- state_h=0x0012 ctrl_h=0x0019 result_h=0x001b
[AUTOPOS] READY peer[1]: link=anchor-ctrl connected=1 ready=1 pending=0 inflight=0 retries=0 start_failures=0 uuid=4DC6B8187E33803AE8601FB0D7992B96 name=- state_h=0x0012 ctrl_h=0x0019 result_h=0x001b
[AUTOPOS] READY peer[2]: link=anchor-ctrl connected=1 ready=1 pending=0 inflight=0 retries=0 start_failures=0 uuid=B3087BC3D87CCCD316AEDC6B71D6677F name=- state_h=0x0012 ctrl_h=0x0019 result_h=0x001b
[AUTOPOS] READY peer[3]: link=anchor-ctrl connected=1 ready=1 pending=0 inflight=0 retries=0 start_failures=0 uuid=CF12E703AC1A118F6AB440AB05B0BA23 name=- state_h=0x0012 ctrl_h=0x0019 result_h=0x001b
[AUTOPOS] READY peer[4]: link=anchor-ctrl connected=1 ready=1 pending=0 inflight=0 retries=0 start_failures=0 uuid=CEE5A7EFCB35F8A56B430047629F5309 name=- state_h=0x0012 ctrl_h=0x0019 result_h=0x001b
[AUTOPOS] READY peer[5]: link=anchor-ctrl connected=0 ready=0 pending=1 inflight=0 retries=0 start_failures=0 uuid=840C68591E90019821AACFF1B73AAA34 name=- state_h=0x0000 ctrl_h=0x0000 result_h=0x0000
[AUTOPOS] Connected[5]: E9:CB:F3:C4:51:43 (random) name=- bs=-
[AUTOPOS] CONNECT state[5]: link=anchor-ctrl uuid=840C68591E90019821AACFF1B73AAA34 ready=0 conn=0x20004ca8
SETUP[5] defer: waiting 869 ms before discovery start
[AUTOPOS] Disconnected[5]: E9:CB:F3:C4:51:43 (random) reason=0x3e link=anchor-ctrl ready=0
[AUTOPOS] SCAN start req: bt_ready=1 scan_running=0 connecting_slot=-1 conn_count=5 target=anchor prefix=ANCHOR-
[AUTOPOS] Scanning for ANCHOR-*
[AUTOPOS] SCAN hit: D9:C7:9C:16:71:C9 (random) rssi=-68 name=- bs=- uuid=A892AF05DD59CF0D0D3408AD74F364A1 target=anchor uuid_ok=1 tag_name=0 anchor_name=0 nus=0 dfu=0 token=0 props=0x03
[AUTOPOS] CONNECT queue[5]: addr=D9:C7:9C:16:71:C9 (random) link=anchor-ctrl uuid=A892AF05DD59CF0D0D3408AD74F364A1 target=anchor
[AUTOPOS] CONNECT pending[5]: addr_valid=1 link=anchor-ctrl uuid=A892AF05DD59CF0D0D3408AD74F364A1 scan_running=1 conn_count=5
[AUTOPOS] CONNECT pending[5]: bt_le_scan_stop rc=0 scan_running=1
[AUTOPOS] CONNECT pending[5] rc=0 conn=0x20004ca8
[AUTOPOS] Connected[5]: D9:C7:9C:16:71:C9 (random) name=- bs=-
[AUTOPOS] CONNECT state[5]: link=anchor-ctrl uuid=A892AF05DD59CF0D0D3408AD74F364A1 ready=0 conn=0x20004ca8
SETUP[5] defer: waiting 851 ms before discovery start
SETUP[5] defer: waiting 801 ms before discovery start
SETUP[5] defer: waiting 750 ms before discovery start
SETUP[5] defer: waiting 700 ms before discovery start
SETUP[5] defer: waiting 650 ms before discovery start
SETUP[5] defer: waiting 599 ms before discovery start
SETUP[5] defer: waiting 549 ms before discovery start
SETUP[5] defer: waiting 499 ms before discovery start
SETUP[5] defer: waiting 448 ms before discovery start
SETUP[5] defer: waiting 398 ms before discovery start
SETUP[5] defer: waiting 348 ms before discovery start
SETUP[5] defer: waiting 297 ms before discovery start
SETUP[5] defer: waiting 247 ms before discovery start
SETUP[5] defer: waiting 197 ms before discovery start
SETUP[5] defer: waiting 146 ms before discovery start
SETUP[5] defer: waiting 96 ms before discovery start
SETUP[5] defer: waiting 46 ms before discovery start
SETUP[5] begin: link=anchor-ctrl uuid=A892AF05DD59CF0D0D3408AD74F364A1 conn=0x20004ca8
SETUP[5] mtu_exchange rc=0
SETUP[5] phy_update rc=0
SETUP[5] conn_param_update rc=0
[AUTOPOS] DISC start[5]: link=anchor-ctrl uuid=A892AF05DD59CF0D0D3408AD74F364A1 conn=0x20004ca8
[AUTOPOS] anchor role all matrix wait ready: waited=36000 ready=5/8
[AUTOPOS] READY count=5 target=anchor target_uuid=- conn_count=6 connecting_slot=-1 scan=0 auto=1
[AUTOPOS] READY peer[0]: link=anchor-ctrl connected=1 ready=1 pending=0 inflight=0 retries=0 start_failures=0 uuid=B2B5FA625534A8C617135DCAFC9E036A name=- state_h=0x0012 ctrl_h=0x0019 result_h=0x001b
[AUTOPOS] READY peer[1]: link=anchor-ctrl connected=1 ready=1 pending=0 inflight=0 retries=0 start_failures=0 uuid=4DC6B8187E33803AE8601FB0D7992B96 name=- state_h=0x0012 ctrl_h=0x0019 result_h=0x001b
[AUTOPOS] READY peer[2]: link=anchor-ctrl connected=1 ready=1 pending=0 inflight=0 retries=0 start_failures=0 uuid=B3087BC3D87CCCD316AEDC6B71D6677F name=- state_h=0x0012 ctrl_h=0x0019 result_h=0x001b
[AUTOPOS] READY peer[3]: link=anchor-ctrl connected=1 ready=1 pending=0 inflight=0 retries=0 start_failures=0 uuid=CF12E703AC1A118F6AB440AB05B0BA23 name=- state_h=0x0012 ctrl_h=0x0019 result_h=0x001b
[AUTOPOS] READY peer[4]: link=anchor-ctrl connected=1 ready=1 pending=0 inflight=0 retries=0 start_failures=0 uuid=CEE5A7EFCB35F8A56B430047629F5309 name=- state_h=0x0012 ctrl_h=0x0019 result_h=0x001b
[AUTOPOS] READY peer[5]: link=anchor-ctrl connected=1 ready=0 pending=0 inflight=1 retries=0 start_failures=0 uuid=A892AF05DD59CF0D0D3408AD74F364A1 name=- state_h=0x0000 ctrl_h=0x0000 result_h=0x0000
[AUTOPOS] MTU exchange[5] done (498)
[AUTOPOS] Conn param updated[5]: int=6 lat=0 to=400
[AUTOPOS] PHY updated[5]: tx=0x2 rx=0x2
[AUTOPOS] DISC complete[5]: link=anchor-ctrl discovered_service=2800 uuid=A892AF05DD59CF0D0D3408AD74F364A1
[AUTOPOS] DISC anchor service found[5]: uuid=A892AF05DD59CF0D0D3408AD74F364A1
[AUTOPOS] Anchor ctrl state subscribe[5] rc=0
[AUTOPOS] Anchor ctrl result subscribe[5] rc=0
[AUTOPOS] ANCHOR_CTRL[5] link ready handle=0x0019 result=0x001b uuid=A892AF05DD59CF0D0D3408AD74F364A1
[AUTOPOS] SCAN start req: bt_ready=1 scan_running=0 connecting_slot=-1 conn_count=6 target=anchor prefix=ANCHOR-
[AUTOPOS] Scanning for ANCHOR-*
[AUTOPOS] Disconnected[1]: F2:B7:4E:8A:79:01 (random) reason=0x08 link=anchor-ctrl ready=1
[AUTOPOS] SCAN hit: F2:B7:4E:8A:79:01 (random) rssi=-70 name=- bs=- uuid=4DC6B8187E33803AE8601FB0D7992B96 target=anchor uuid_ok=1 tag_name=0 anchor_name=0 nus=0 dfu=0 token=0 props=0x03
[AUTOPOS] CONNECT queue[1]: addr=F2:B7:4E:8A:79:01 (random) link=anchor-ctrl uuid=4DC6B8187E33803AE8601FB0D7992B96 target=anchor
[AUTOPOS] SCAN hit: C0:1D:D1:D0:CE:B0 (random) rssi=-61 name=- bs=- uuid=B9179575C776C98F1CB132DD6EDC6223 target=anchor uuid_ok=1 tag_name=0 anchor_name=0 nus=0 dfu=0 token=0 props=0x03
[AUTOPOS] CONNECT queue[6]: addr=C0:1D:D1:D0:CE:B0 (random) link=anchor-ctrl uuid=B9179575C776C98F1CB132DD6EDC6223 target=anchor
[AUTOPOS] CONNECT pending[1]: addr_valid=1 link=anchor-ctrl uuid=4DC6B8187E33803AE8601FB0D7992B96 scan_running=1 conn_count=5
[AUTOPOS] CONNECT pending[1]: bt_le_scan_stop rc=0 scan_running=1
[AUTOPOS] CONNECT pending[1] rc=0 conn=0x20004bd8
[AUTOPOS] Connected[1]: F2:B7:4E:8A:79:01 (random) name=- bs=-
[AUTOPOS] CONNECT state[1]: link=anchor-ctrl uuid=4DC6B8187E33803AE8601FB0D7992B96 ready=0 conn=0x20004bd8
SETUP[1] defer: waiting 883 ms before discovery start
SETUP[1] defer: waiting 833 ms before discovery start
SETUP[1] defer: waiting 783 ms before discovery start
SETUP[1] defer: waiting 732 ms before discovery start
SETUP[1] defer: waiting 682 ms before discovery start
SETUP[1] defer: waiting 632 ms before discovery start
SETUP[1] defer: waiting 581 ms before discovery start
SETUP[1] defer: waiting 531 ms before discovery start
SETUP[1] defer: waiting 481 ms before discovery start
SETUP[1] defer: waiting 430 ms before discovery start
SETUP[1] defer: waiting 380 ms before discovery start
SETUP[1] defer: waiting 330 ms before discovery start
SETUP[1] defer: waiting 279 ms before discovery start
SETUP[1] defer: waiting 229 ms before discovery start
SETUP[1] defer: waiting 179 ms before discovery start
SETUP[1] defer: waiting 128 ms before discovery start
SETUP[1] defer: waiting 78 ms before discovery start
SETUP[1] defer: waiting 28 ms before discovery start
SETUP[1] begin: link=anchor-ctrl uuid=4DC6B8187E33803AE8601FB0D7992B96 conn=0x20004bd8
SETUP[1] mtu_exchange rc=0
SETUP[1] phy_update rc=0
SETUP[1] conn_param_update rc=0
[AUTOPOS] DISC start[1]: link=anchor-ctrl uuid=4DC6B8187E33803AE8601FB0D7992B96 conn=0x20004bd8
[AUTOPOS] MTU exchange[1] done (498)
[AUTOPOS] Conn param updated[1]: int=6 lat=0 to=400
[AUTOPOS] anchor role all matrix wait ready: waited=39000 ready=5/8
[AUTOPOS] READY count=5 target=anchor target_uuid=- conn_count=6 connecting_slot=-1 scan=0 auto=1
[AUTOPOS] READY peer[0]: link=anchor-ctrl connected=1 ready=1 pending=0 inflight=0 retries=0 start_failures=0 uuid=B2B5FA625534A8C617135DCAFC9E036A name=- state_h=0x0012 ctrl_h=0x0019 result_h=0x001b
[AUTOPOS] READY peer[1]: link=anchor-ctrl connected=1 ready=0 pending=0 inflight=1 retries=0 start_failures=0 uuid=4DC6B8187E33803AE8601FB0D7992B96 name=- state_h=0x0000 ctrl_h=0x0000 result_h=0x0000
[AUTOPOS] READY peer[2]: link=anchor-ctrl connected=1 ready=1 pending=0 inflight=0 retries=0 start_failures=0 uuid=B3087BC3D87CCCD316AEDC6B71D6677F name=- state_h=0x0012 ctrl_h=0x0019 result_h=0x001b
[AUTOPOS] READY peer[3]: link=anchor-ctrl connected=1 ready=1 pending=0 inflight=0 retries=0 start_failures=0 uuid=CF12E703AC1A118F6AB440AB05B0BA23 name=- state_h=0x0012 ctrl_h=0x0019 result_h=0x001b
[AUTOPOS] READY peer[4]: link=anchor-ctrl connected=1 ready=1 pending=0 inflight=0 retries=0 start_failures=0 uuid=CEE5A7EFCB35F8A56B430047629F5309 name=- state_h=0x0012 ctrl_h=0x0019 result_h=0x001b
[AUTOPOS] READY peer[5]: link=anchor-ctrl connected=1 ready=1 pending=0 inflight=0 retries=0 start_failures=0 uuid=A892AF05DD59CF0D0D3408AD74F364A1 name=- state_h=0x0012 ctrl_h=0x0019 result_h=0x001b
[AUTOPOS] READY peer[6]: link=anchor-ctrl connected=0 ready=0 pending=1 inflight=0 retries=0 start_failures=0 uuid=B9179575C776C98F1CB132DD6EDC6223 name=- state_h=0x0000 ctrl_h=0x0000 result_h=0x0000
[AUTOPOS] PHY updated[1]: tx=0x2 rx=0x2
SESSION: runtime role broadcast attempt 3/7: anchor role all matrix
>>> anchor role all matrix
[AUTOPOS] anchor role already running
[AUTOPOS] Conn param updated[5]: int=6 lat=0 to=400
[AUTOPOS] DISC complete[1]: link=anchor-ctrl discovered_service=2800 uuid=4DC6B8187E33803AE8601FB0D7992B96
[AUTOPOS] DISC anchor service found[1]: uuid=4DC6B8187E33803AE8601FB0D7992B96
[AUTOPOS] Anchor ctrl state subscribe[1] rc=0
[AUTOPOS] Anchor ctrl result subscribe[1] rc=0
[AUTOPOS] ANCHOR_CTRL[1] link ready handle=0x0019 result=0x001b uuid=4DC6B8187E33803AE8601FB0D7992B96
[AUTOPOS] CONNECT pending[6]: addr_valid=1 link=anchor-ctrl uuid=B9179575C776C98F1CB132DD6EDC6223 scan_running=0 conn_count=6
[AUTOPOS] CONNECT pending[6] rc=0 conn=0x20004d78
[AUTOPOS] Connected[6]: C0:1D:D1:D0:CE:B0 (random) name=- bs=-
[AUTOPOS] CONNECT state[6]: link=anchor-ctrl uuid=B9179575C776C98F1CB132DD6EDC6223 ready=0 conn=0x20004d78
SETUP[6] defer: waiting 880 ms before discovery start
[AUTOPOS] Disconnected[6]: C0:1D:D1:D0:CE:B0 (random) reason=0x3e link=anchor-ctrl ready=0
[AUTOPOS] SCAN start req: bt_ready=1 scan_running=0 connecting_slot=-1 conn_count=6 target=anchor prefix=ANCHOR-
[AUTOPOS] Scanning for ANCHOR-*
[AUTOPOS] anchor role all matrix wait ready: waited=40500 ready=6/8
[AUTOPOS] READY count=6 target=anchor target_uuid=- conn_count=6 connecting_slot=-1 scan=1 auto=1
[AUTOPOS] READY peer[0]: link=anchor-ctrl connected=1 ready=1 pending=0 inflight=0 retries=0 start_failures=0 uuid=B2B5FA625534A8C617135DCAFC9E036A name=- state_h=0x0012 ctrl_h=0x0019 result_h=0x001b
[AUTOPOS] READY peer[1]: link=anchor-ctrl connected=1 ready=1 pending=0 inflight=0 retries=0 start_failures=0 uuid=4DC6B8187E33803AE8601FB0D7992B96 name=- state_h=0x0012 ctrl_h=0x0019 result_h=0x001b
[AUTOPOS] READY peer[2]: link=anchor-ctrl connected=1 ready=1 pending=0 inflight=0 retries=0 start_failures=0 uuid=B3087BC3D87CCCD316AEDC6B71D6677F name=- state_h=0x0012 ctrl_h=0x0019 result_h=0x001b
[AUTOPOS] READY peer[3]: link=anchor-ctrl connected=1 ready=1 pending=0 inflight=0 retries=0 start_failures=0 uuid=CF12E703AC1A118F6AB440AB05B0BA23 name=- state_h=0x0012 ctrl_h=0x0019 result_h=0x001b
[AUTOPOS] READY peer[4]: link=anchor-ctrl connected=1 ready=1 pending=0 inflight=0 retries=0 start_failures=0 uuid=CEE5A7EFCB35F8A56B430047629F5309 name=- state_h=0x0012 ctrl_h=0x0019 result_h=0x001b
[AUTOPOS] READY peer[5]: link=anchor-ctrl connected=1 ready=1 pending=0 inflight=0 retries=0 start_failures=0 uuid=A892AF05DD59CF0D0D3408AD74F364A1 name=- state_h=0x0012 ctrl_h=0x0019 result_h=0x001b
[AUTOPOS] SCAN hit: C0:1D:D1:D0:CE:B0 (random) rssi=-53 name=- bs=- uuid=B9179575C776C98F1CB132DD6EDC6223 target=anchor uuid_ok=1 tag_name=0 anchor_name=0 nus=0 dfu=0 token=0 props=0x03
[AUTOPOS] CONNECT queue[6]: addr=C0:1D:D1:D0:CE:B0 (random) link=anchor-ctrl uuid=B9179575C776C98F1CB132DD6EDC6223 target=anchor
[AUTOPOS] SCAN hit: E9:CB:F3:C4:51:43 (random) rssi=-45 name=- bs=- uuid=840C68591E90019821AACFF1B73AAA34 target=anchor uuid_ok=1 tag_name=0 anchor_name=0 nus=0 dfu=0 token=0 props=0x03
[AUTOPOS] CONNECT queue[7]: addr=E9:CB:F3:C4:51:43 (random) link=anchor-ctrl uuid=840C68591E90019821AACFF1B73AAA34 target=anchor
[AUTOPOS] CONNECT pending[6]: addr_valid=1 link=anchor-ctrl uuid=B9179575C776C98F1CB132DD6EDC6223 scan_running=1 conn_count=6
[AUTOPOS] CONNECT pending[6]: bt_le_scan_stop rc=0 scan_running=1
[AUTOPOS] CONNECT pending[6] rc=0 conn=0x20004d78
[AUTOPOS] Connected[6]: C0:1D:D1:D0:CE:B0 (random) name=- bs=-
[AUTOPOS] CONNECT state[6]: link=anchor-ctrl uuid=B9179575C776C98F1CB132DD6EDC6223 ready=0 conn=0x20004d78
SETUP[6] defer: waiting 854 ms before discovery start
SETUP[6] defer: waiting 803 ms before discovery start
SETUP[6] defer: waiting 753 ms before discovery start
SETUP[6] defer: waiting 703 ms before discovery start
SETUP[6] defer: waiting 652 ms before discovery start
SETUP[6] defer: waiting 602 ms before discovery start
SETUP[6] defer: waiting 552 ms before discovery start
SETUP[6] defer: waiting 501 ms before discovery start
SETUP[6] defer: waiting 451 ms before discovery start
SETUP[6] defer: waiting 401 ms before discovery start
SETUP[6] defer: waiting 350 ms before discovery start
SETUP[6] defer: waiting 300 ms before discovery start
SETUP[6] defer: waiting 250 ms before discovery start
SETUP[6] defer: waiting 199 ms before discovery start
SETUP[6] defer: waiting 149 ms before discovery start
SETUP[6] defer: waiting 99 ms before discovery start
SETUP[6] defer: waiting 48 ms before discovery start
SETUP[6] begin: link=anchor-ctrl uuid=B9179575C776C98F1CB132DD6EDC6223 conn=0x20004d78
SETUP[6] mtu_exchange rc=0
SETUP[6] phy_update rc=0
SETUP[6] conn_param_update rc=0
[AUTOPOS] DISC start[6]: link=anchor-ctrl uuid=B9179575C776C98F1CB132DD6EDC6223 conn=0x20004d78
[AUTOPOS] anchor role all matrix wait ready: waited=42000 ready=6/8
[AUTOPOS] READY count=6 target=anchor target_uuid=- conn_count=7 connecting_slot=-1 scan=0 auto=1
[AUTOPOS] READY peer[0]: link=anchor-ctrl connected=1 ready=1 pending=0 inflight=0 retries=0 start_failures=0 uuid=B2B5FA625534A8C617135DCAFC9E036A name=- state_h=0x0012 ctrl_h=0x0019 result_h=0x001b
[AUTOPOS] READY peer[1]: link=anchor-ctrl connected=1 ready=1 pending=0 inflight=0 retries=0 start_failures=0 uuid=4DC6B8187E33803AE8601FB0D7992B96 name=- state_h=0x0012 ctrl_h=0x0019 result_h=0x001b
[AUTOPOS] READY peer[2]: link=anchor-ctrl connected=1 ready=1 pending=0 inflight=0 retries=0 start_failures=0 uuid=B3087BC3D87CCCD316AEDC6B71D6677F name=- state_h=0x0012 ctrl_h=0x0019 result_h=0x001b
[AUTOPOS] READY peer[3]: link=anchor-ctrl connected=1 ready=1 pending=0 inflight=0 retries=0 start_failures=0 uuid=CF12E703AC1A118F6AB440AB05B0BA23 name=- state_h=0x0012 ctrl_h=0x0019 result_h=0x001b
[AUTOPOS] READY peer[4]: link=anchor-ctrl connected=1 ready=1 pending=0 inflight=0 retries=0 start_failures=0 uuid=CEE5A7EFCB35F8A56B430047629F5309 name=- state_h=0x0012 ctrl_h=0x0019 result_h=0x001b
[AUTOPOS] READY peer[5]: link=anchor-ctrl connected=1 ready=1 pending=0 inflight=0 retries=0 start_failures=0 uuid=A892AF05DD59CF0D0D3408AD74F364A1 name=- state_h=0x0012 ctrl_h=0x0019 result_h=0x001b
[AUTOPOS] READY peer[6]: link=anchor-ctrl connected=1 ready=0 pending=0 inflight=1 retries=0 start_failures=0 uuid=B9179575C776C98F1CB132DD6EDC6223 name=- state_h=0x0000 ctrl_h=0x0000 result_h=0x0000
[AUTOPOS] READY peer[7]: link=anchor-ctrl connected=0 ready=0 pending=1 inflight=0 retries=0 start_failures=0 uuid=840C68591E90019821AACFF1B73AAA34 name=- state_h=0x0000 ctrl_h=0x0000 result_h=0x0000
[AUTOPOS] anchor role all matrix aborted: ctrl ready gate failed ready=6/8
[AUTOPOS] READY count=6 target=anchor target_uuid=- conn_count=7 connecting_slot=-1 scan=0 auto=1
[AUTOPOS] READY peer[0]: link=anchor-ctrl connected=1 ready=1 pending=0 inflight=0 retries=0 start_failures=0 uuid=B2B5FA625534A8C617135DCAFC9E036A name=- state_h=0x0012 ctrl_h=0x0019 result_h=0x001b
[AUTOPOS] READY peer[1]: link=anchor-ctrl connected=1 ready=1 pending=0 inflight=0 retries=0 start_failures=0 uuid=4DC6B8187E33803AE8601FB0D7992B96 name=- state_h=0x0012 ctrl_h=0x0019 result_h=0x001b
[AUTOPOS] READY peer[2]: link=anchor-ctrl connected=1 ready=1 pending=0 inflight=0 retries=0 start_failures=0 uuid=B3087BC3D87CCCD316AEDC6B71D6677F name=- state_h=0x0012 ctrl_h=0x0019 result_h=0x001b
[AUTOPOS] READY peer[3]: link=anchor-ctrl connected=1 ready=1 pending=0 inflight=0 retries=0 start_failures=0 uuid=CF12E703AC1A118F6AB440AB05B0BA23 name=- state_h=0x0012 ctrl_h=0x0019 result_h=0x001b
[AUTOPOS] READY peer[4]: link=anchor-ctrl connected=1 ready=1 pending=0 inflight=0 retries=0 start_failures=0 uuid=CEE5A7EFCB35F8A56B430047629F5309 name=- state_h=0x0012 ctrl_h=0x0019 result_h=0x001b
[AUTOPOS] READY peer[5]: link=anchor-ctrl connected=1 ready=1 pending=0 inflight=0 retries=0 start_failures=0 uuid=A8[AUTOPOS] MTU exchange[6] failed (0)
[AUTOPOS] Anchor ctrl service not found[6]
[AUTOPOS] Disconnected[6]: C0:1D:D1:D0:CE:B0 (random) reason=0x08 link=anchor-ctrl ready=0
[AUTOPOS] SCAN start req: bt_ready=1 scan_running=0 connecting_slot=-1 conn_count=6 target=anchor prefix=ANCHOR-
92AF05DD59CF0D0D3408AD74F364A1 name=- state_h=0x0012 ctrl_h=0x0019 result_h=0x001b
[AUTOPOS] READY peer[7]: link=anchor-ctrl connecte[AUTOPOS] Scanning for ANCHOR-*
[AUTOPOS] CONNECT pending[7]: addr_valid=1 link=anchor-ctrl uuid=840C68591E90019821AACFF1B73AAA34 scan_running=1 conn_count=6
d=0 ready=0 pending=1 inflight=0 retries=0[AUTOPOS] CONNECT pending[7]: bt_le_scan_stop rc=0 scan_running=1
 start_failures=0 uuid=840C68591E90019821AACFF1B73AAA34 name=- state_h=0x0000 ctrl_h=0x0000 result_h=0x0000
[AUTOPOS] anchor role rc=-11 target=all role=matrix
[AUTOPOS] CONNECT pending[7] rc=0 conn=0x20004e48
[AUTOPOS] Disconnected[5]: D9:C7:9C:16:71:C9 (random) reason=0x08 link=anchor-ctrl ready=1
[AUTOPOS] Disconnected[1]: F2:B7:4E:8A:79:01 (random) reason=0x08 link=anchor-ctrl ready=1
[AUTOPOS] Connected[7]: E9:CB:F3:C4:51:43 (random) name=- bs=-
[AUTOPOS] CONNECT state[7]: link=anchor-ctrl uuid=840C68591E90019821AACFF1B73AAA34 ready=0 conn=0x20004e48
SETUP[7] defer: waiting 891 ms before discovery start
SETUP[7] defer: waiting 840 ms before discovery start
SETUP[7] defer: waiting 790 ms before discovery start
SETUP[7] defer: waiting 740 ms before discovery start
SETUP[7] defer: waiting 689 ms before discovery start
SETUP[7] defer: waiting 639 ms before discovery start
SETUP[7] defer: waiting 589 ms before discovery start
SETUP[7] defer: waiting 538 ms before discovery start
SETUP[7] defer: waiting 488 ms before discovery start
SETUP[7] defer: waiting 438 ms before discovery start
SETUP[7] defer: waiting 387 ms before discovery start
SETUP[7] defer: waiting 337 ms before discovery start
SETUP[7] defer: waiting 287 ms before discovery start
SETUP[7] defer: waiting 236 ms before discovery start
SETUP[7] defer: waiting 186 ms before discovery start
SETUP[7] defer: waiting 136 ms before discovery start
SETUP[7] defer: waiting 85 ms before discovery start
SETUP[7] defer: waiting 35 ms before discovery start
SETUP[7] begin: link=anchor-ctrl uuid=840C68591E90019821AACFF1B73AAA34 conn=0x20004e48
SETUP[7] mtu_exchange rc=0
SETUP[7] phy_update rc=0
SETUP[7] conn_param_update rc=0
[AUTOPOS] DISC start[7]: link=anchor-ctrl uuid=840C68591E90019821AACFF1B73AAA34 conn=0x20004e48
[AUTOPOS] MTU exchange[7] done (498)
[AUTOPOS] Conn param updated[7]: int=6 lat=0 to=400
[AUTOPOS] PHY updated[7]: tx=0x2 rx=0x2
[AUTOPOS] DISC complete[7]: link=anchor-ctrl discovered_service=2800 uuid=840C68591E90019821AACFF1B73AAA34
[AUTOPOS] DISC anchor service found[7]: uuid=840C68591E90019821AACFF1B73AAA34
[AUTOPOS] Anchor ctrl state subscribe[7] rc=0
[AUTOPOS] Anchor ctrl result subscribe[7] rc=0
[AUTOPOS] ANCHOR_CTRL[7] link ready handle=0x0019 result=0x001b uuid=840C68591E90019821AACFF1B73AAA34
[AUTOPOS] SCAN start req: bt_ready=1 scan_running=0 connecting_slot=-1 conn_count=5 target=anchor prefix=ANCHOR-
[AUTOPOS] Scanning for ANCHOR-*
[AUTOPOS] SCAN hit: F2:B7:4E:8A:79:01 (random) rssi=-72 name=- bs=- uuid=4DC6B8187E33803AE8601FB0D7992B96 target=anchor uuid_ok=1 tag_name=0 anchor_name=0 nus=0 dfu=0 token=0 props=0x03
[AUTOPOS] CONNECT queue[1]: addr=F2:B7:4E:8A:79:01 (random) link=anchor-ctrl uuid=4DC6B8187E33803AE8601FB0D7992B96 target=anchor
[AUTOPOS] CONNECT pending[1]: addr_valid=1 link=anchor-ctrl uuid=4DC6B8187E33803AE8601FB0D7992B96 scan_running=1 conn_count=5
[AUTOPOS] CONNECT pending[1]: bt_le_scan_stop rc=0 scan_running=1
[AUTOPOS] CONNECT pending[1] rc=0 conn=0x20004bd8
[AUTOPOS] Connected[1]: F2:B7:4E:8A:79:01 (random) name=- bs=-
[AUTOPOS] CONNECT state[1]: link=anchor-ctrl uuid=4DC6B8187E33803AE8601FB0D7992B96 ready=0 conn=0x20004bd8
SETUP[1] defer: waiting 869 ms before discovery start
SETUP[1] defer: waiting 819 ms before discovery start
SETUP[1] defer: waiting 768 ms before discovery start
SETUP[1] defer: waiting 718 ms before discovery start
SETUP[1] defer: waiting 668 ms before discovery start
SETUP[1] defer: waiting 617 ms before discovery start
SETUP[1] defer: waiting 567 ms before discovery start
SETUP[1] defer: waiting 517 ms before discovery start
SETUP[1] defer: waiting 466 ms before discovery start
SETUP[1] defer: waiting 416 ms before discovery start
SETUP[1] defer: waiting 366 ms before discovery start
SETUP[1] defer: waiting 315 ms before discovery start
SETUP[1] defer: waiting 265 ms before discovery start
SETUP[1] defer: waiting 215 ms before discovery start
SETUP[1] defer: waiting 164 ms before discovery start
SETUP[1] defer: waiting 114 ms before discovery start
SETUP[1] defer: waiting 64 ms before discovery start
SETUP[1] defer: waiting 13 ms before discovery start
SETUP[1] begin: link=anchor-ctrl uuid=4DC6B8187E33803AE8601FB0D7992B96 conn=0x20004bd8
SETUP[1] mtu_exchange rc=0
SETUP[1] phy_update rc=0
SETUP[1] conn_param_update rc=0
[AUTOPOS] DISC start[1]: link=anchor-ctrl uuid=4DC6B8187E33803AE8601FB0D7992B96 conn=0x20004bd8
[AUTOPOS] MTU exchange[1] done (498)
[AUTOPOS] Conn param updated[1]: int=6 lat=0 to=400
[AUTOPOS] PHY updated[1]: tx=0x2 rx=0x2
[AUTOPOS] DISC complete[1]: link=anchor-ctrl discovered_service=2800 uuid=4DC6B8187E33803AE8601FB0D7992B96
[AUTOPOS] DISC anchor service found[1]: uuid=4DC6B8187E33803AE8601FB0D7992B96
[AUTOPOS] Anchor ctrl state subscribe[1] rc=0
[AUTOPOS] Anchor ctrl result subscribe[1] rc=0
[AUTOPOS] ANCHOR_CTRL[1] link ready handle=0x0019 result=0x001b uuid=4DC6B8187E33803AE8601FB0D7992B96
[AUTOPOS] SCAN start req: bt_ready=1 scan_running=0 connecting_slot=-1 conn_count=6 target=anchor prefix=ANCHOR-
[AUTOPOS] Scanning for ANCHOR-*
[AUTOPOS] Disconnected[7]: E9:CB:F3:C4:51:43 (random) reason=0x08 link=anchor-ctrl ready=1
[AUTOPOS] SCAN hit: D9:C7:9C:16:71:C9 (random) rssi=-68 name=- bs=- uuid=A892AF05DD59CF0D0D3408AD74F364A1 target=anchor uuid_ok=1 tag_name=0 anchor_name=0 nus=0 dfu=0 token=0 props=0x03
[AUTOPOS] CONNECT queue[5]: addr=D9:C7:9C:16:71:C9 (random) link=anchor-ctrl uuid=A892AF05DD59CF0D0D3408AD74F364A1 target=anchor
[AUTOPOS] CONNECT pending[5]: addr_valid=1 link=anchor-ctrl uuid=A892AF05DD59CF0D0D3408AD74F364A1 scan_running=1 conn_count=5
[AUTOPOS] CONNECT pending[5]: bt_le_scan_stop rc=0 scan_running=1
[AUTOPOS] CONNECT pending[5] rc=0 conn=0x20004ca8
[AUTOPOS] Connected[5]: D9:C7:9C:16:71:C9 (random) name=- bs=-
[AUTOPOS] CONNECT state[5]: link=anchor-ctrl uuid=A892AF05DD59CF0D0D3408AD74F364A1 ready=0 conn=0x20004ca8
SETUP[5] defer: waiting 878 ms before discovery start
SETUP[5] defer: waiting 827 ms before discovery start
SETUP[5] defer: waiting 777 ms before discovery start
SETUP[5] defer: waiting 727 ms before discovery start
SETUP[5] defer: waiting 676 ms before discovery start
SETUP[5] defer: waiting 626 ms before discovery start
SETUP[5] defer: waiting 576 ms before discovery start
SETUP[5] defer: waiting 525 ms before discovery start
SETUP[5] defer: waiting 475 ms before discovery start
SETUP[5] defer: waiting 425 ms before discovery start
SETUP[5] defer: waiting 374 ms before discovery start
SETUP[5] defer: waiting 324 ms before discovery start
SETUP[5] defer: waiting 274 ms before discovery start
SETUP[5] defer: waiting 223 ms before discovery start
SETUP[5] defer: waiting 173 ms before discovery start
SETUP[5] defer: waiting 123 ms before discovery start
SETUP[5] defer: waiting 72 ms before discovery start
SETUP[5] defer: waiting 22 ms before discovery start
SETUP[5] begin: link=anchor-ctrl uuid=A892AF05DD59CF0D0D3408AD74F364A1 conn=0x20004ca8
SETUP[5] mtu_exchange rc=0
SETUP[5] phy_update rc=0
SETUP[5] conn_param_update rc=0
[AUTOPOS] DISC start[5]: link=anchor-ctrl uuid=A892AF05DD59CF0D0D3408AD74F364A1 conn=0x20004ca8
[AUTOPOS] MTU exchange[5] done (498)
[AUTOPOS] Conn param updated[5]: int=6 lat=0 to=400
[AUTOPOS] PHY updated[5]: tx=0x2 rx=0x2
[AUTOPOS] Conn param updated[1]: int=6 lat=0 to=400
[AUTOPOS] Disconnected[1]: F2:B7:4E:8A:79:01 (random) reason=0x08 link=anchor-ctrl ready=1
[AUTOPOS] SCAN start req: bt_ready=1 scan_running=0 connecting_slot=-1 conn_count=5 target=anchor prefix=ANCHOR-
[AUTOPOS] Scanning for ANCHOR-*
[AUTOPOS] Disconnected[5]: D9:C7:9C:16:71:C9 (random) reason=0x08 link=anchor-ctrl ready=0
[AUTOPOS] GATT discovery error[-1]: -12
[AUTOPOS] SCAN hit: F2:B7:4E:8A:79:01 (random) rssi=-71 name=- bs=- uuid=4DC6B8187E33803AE8601FB0D7992B96 target=anchor uuid_ok=1 tag_name=0 anchor_name=0 nus=0 dfu=0 token=0 props=0x03
[AUTOPOS] CONNECT queue[1]: addr=F2:B7:4E:8A:79:01 (random) link=anchor-ctrl uuid=4DC6B8187E33803AE8601FB0D7992B96 target=anchor
[AUTOPOS] SCAN hit: E9:CB:F3:C4:51:43 (random) rssi=-47 name=- bs=- uuid=840C68591E90019821AACFF1B73AAA34 target=anchor uuid_ok=1 tag_name=0 anchor_name=0 nus=0 dfu=0 token=0 props=0x03
[AUTOPOS] CONNECT queue[5]: addr=E9:CB:F3:C4:51:43 (random) link=anchor-ctrl uuid=840C68591E90019821AACFF1B73AAA34 target=anchor
[AUTOPOS] CONNECT pending[1]: addr_valid=1 link=anchor-ctrl uuid=4DC6B8187E33803AE8601FB0D7992B96 scan_running=1 conn_count=4
[AUTOPOS] CONNECT pending[1]: bt_le_scan_stop rc=0 scan_running=1
[AUTOPOS] CONNECT pending[1] rc=0 conn=0x20004bd8
SESSION: runtime role broadcast attempt 4/7: anchor role all matrix
>>> anchor role all matrix
[AUTOPOS] anchor role started target=all role=matrix
[AUTOPOS] Master discovery mode: CONN & START
[AUTOPOS] anchor role all matrix wait ready: waited=0 ready=4/8
[AUTOPOS] READY count=4 target=anchor target_uuid=- conn_count=4 connecting_slot=1 scan=0 auto=1
[AUTOPOS] READY peer[0]: link=anchor-ctrl connected=1 ready=1 pending=0 inflight=0 retries=0 start_failures=0 uuid=B2B5FA625534A8C617135DCAFC9E036A name=- state_h=0x0012 ctrl_h=0x0019 result_h=0x001b
[AUTOPOS] READY peer[1]: link=anchor-ctrl connected=0 ready=0 pending=1 inflight=0 retries=0 start_failures=0 uuid=4DC6B8187E33803AE8601FB0D7992B96 name=- state_h=0x0000 ctrl_h=0x0000 result_h=0x0000
[AUTOPOS] READY peer[2]: link=anchor-ctrl connected=1 ready=1 pending=0 inflight=0 retries=0 start_failures=0 uuid=B3087BC3D87CCCD316AEDC6B71D6677F name=- state_h=0x0012 ctrl_h=0x0019 result_h=0x001b
[AUTOPOS] READY peer[3]: link=anchor-ctrl connected=1 ready=1 pending=0 inflight=0 retries=0 start_failures=0 uuid=CF12E703AC1A118F6AB440AB05B0BA23 name=- state_h=0x0012 ctrl_h=0x0019 result_h=0x001b
[AUTOPOS] READY peer[4]: link=anchor-ctrl connected=1 ready=1 pending=0 inflight=0 retries=0 start_failures=0 uuid=CEE5A7EFCB35F8A56B430047629F5309 name=- state_h=0x0012 ctrl_h=0x0019 result_h=0x001b
[AUTOPOS] READY peer[5]: link=anchor-ctrl connected=0 ready=0 pending=1 inflight=0 retries=0 start_failures=0 uuid=840C68591E90019821AACFF1B73AAA34 name=- state_h=0x0000 ctrl_h=0x0000 result_h=0x0000
[AUTOPOS] Connected[1]: F2:B7:4E:8A:79:01 (random) name=- bs=-
[AUTOPOS] CONNECT state[1]: link=anchor-ctrl uuid=4DC6B8187E33803AE8601FB0D7992B96 ready=0 conn=0x20004bd8
SETUP[1] defer: waiting 880 ms before discovery start
SETUP[1] defer: waiting 830 ms before discovery start
SETUP[1] defer: waiting 779 ms before discovery start
SETUP[1] defer: waiting 729 ms before discovery start
SETUP[1] defer: waiting 679 ms before discovery start
SETUP[1] defer: waiting 628 ms before discovery start
SETUP[1] defer: waiting 578 ms before discovery start
SETUP[1] defer: waiting 528 ms before discovery start
SETUP[1] defer: waiting 477 ms before discovery start
SETUP[1] defer: waiting 427 ms before discovery start
SETUP[1] defer: waiting 377 ms before discovery start
SETUP[1] defer: waiting 326 ms before discovery start
SETUP[1] defer: waiting 276 ms before discovery start
SETUP[1] defer: waiting 226 ms before discovery start
SETUP[1] defer: waiting 176 ms before discovery start
SETUP[1] defer: waiting 125 ms before discovery start
SETUP[1] defer: waiting 75 ms before discovery start
SETUP[1] defer: waiting 25 ms before discovery start
SETUP[1] begin: link=anchor-ctrl uuid=4DC6B8187E33803AE8601FB0D7992B96 conn=0x20004bd8
SETUP[1] mtu_exchange rc=0
SETUP[1] phy_update rc=0
SETUP[1] conn_param_update rc=0
[AUTOPOS] DISC start[1]: link=anchor-ctrl uuid=4DC6B8187E33803AE8601FB0D7992B96 conn=0x20004bd8
[AUTOPOS] MTU exchange[1] done (498)
[AUTOPOS] Conn param updated[1]: int=6 lat=0 to=400
[AUTOPOS] PHY updated[1]: tx=0x2 rx=0x2
[AUTOPOS] anchor role all matrix wait ready: waited=3000 ready=4/8
[AUTOPOS] READY count=4 target=anchor target_uuid=- conn_count=5 connecting_slot=-1 scan=0 auto=1
[AUTOPOS] READY peer[0]: link=anchor-ctrl connected=1 ready=1 pending=0 inflight=0 retries=0 start_failures=0 uuid=B2B5FA625534A8C617135DCAFC9E036A name=- state_h=0x0012 ctrl_h=0x0019 result_h=0x001b
[AUTOPOS] READY peer[1]: link=anchor-ctrl connected=1 ready=0 pending=0 inflight=1 retries=0 start_failures=0 uuid=4DC6B8187E33803AE8601FB0D7992B96 name=- state_h=0x0000 ctrl_h=0x0000 result_h=0x0000
[AUTOPOS] READY peer[2]: link=anchor-ctrl connected=1 ready=1 pending=0 inflight=0 retries=0 start_failures=0 uuid=B3087BC3D87CCCD316AEDC6B71D6677F name=- state_h=0x0012 ctrl_h=0x0019 result_h=0x001b
[AUTOPOS] READY peer[3]: link=anchor-ctrl connected=1 ready=1 pending=0 inflight=0 retries=0 start_failures=0 uuid=CF12E703AC1A118F6AB440AB05B0BA23 name=- state_h=0x0012 ctrl_h=0x0019 result_h=0x001b
[AUTOPOS] READY peer[4]: link=anchor-ctrl connected=1 ready=1 pending=0 inflight=0 retries=0 start_failures=0 uuid=CEE5A7EFCB35F8A56B430047629F5309 name=- state_h=0x0012 ctrl_h=0x0019 result_h=0x001b
[AUTOPOS] READY peer[5]: link=anchor-ctrl connected=0 ready=0 pending=1 inflight=0 retries=0 start_failures=0 uuid=840C68591E90019821AACFF1B73AAA34 name=- state_h=0x0000 ctrl_h=0x0000 result_h=0x0000
[AUTOPOS] DISC complete[1]: link=anchor-ctrl discovered_service=2800 uuid=4DC6B8187E33803AE8601FB0D7992B96
[AUTOPOS] DISC anchor service found[1]: uuid=4DC6B8187E33803AE8601FB0D7992B96
[AUTOPOS] Anchor ctrl state characteristic missing[1]
[AUTOPOS] Disconnected[1]: F2:B7:4E:8A:79:01 (random) reason=0x08 link=anchor-ctrl ready=0
[AUTOPOS] SCAN start req: bt_ready=1 scan_running=0 connecting_slot=-1 conn_count=4 target=anchor prefix=ANCHOR-
[AUTOPOS] Scanning for ANCHOR-*
[AUTOPOS] CONNECT pending[5]: addr_valid=1 link=anchor-ctrl uuid=840C68591E90019821AACFF1B73AAA34 scan_running=1 conn_count=4
[AUTOPOS] CONNECT pending[5]: bt_le_scan_stop rc=0 scan_running=1
[AUTOPOS] CONNECT pending[5] rc=0 conn=0x20004ca8
[AUTOPOS] Connected[5]: E9:CB:F3:C4:51:43 (random) name=- bs=-
[AUTOPOS] CONNECT state[5]: link=anchor-ctrl uuid=840C68591E90019821AACFF1B73AAA34 ready=0 conn=0x20004ca8
[AUTOPOS] anchor role all matrix wait ready: waited=6000 ready=4/8
[AUTOPOS] READY count=4 target=anchor target_uuid=- conn_count=5 connecting_slot=-1 scan=0 auto=1
[AUTOPOS] READY peer[0]: link=anchor-ctrl connected=1 ready=1 pending=0 inflight=0 retries=0 start_failures=0 uuid=B2B5FA625534A8C617135DCAFC9E036A name=- state_h=0x0012 ctrl_h=0x0019 result_h=0x001b
[AUTOPOS] READY peer[2]: link=anchor-ctrl connected=1 ready=1 pending=0 inflight=0 retries=0 start_failures=0 uuid=B3087BC3D87CCCD316AEDC6B71D6677F name=- state_h=0x0012 ctrl_h=0x0019 result_h=0x001b
[AUTOPOS] READY peer[3]: link=anchor-ctrl connected=1 ready=1 pending=0 inflight=0 retries=0 starSETUP[5] defer: waiting 891 ms before discovery start
t_failures=0 uuid=CF12E703AC1A118F6AB440AB05B0BA23 name=- state_h=0x0012 ctrl_h=0x0019 result_h=0x001b
[AUTOPOS] READY peer[4]: link=anchor-ctrl connected=1 ready=1 pending=0 inflight=0 retries=0 start_failures=0 uuid=CEE5A7EFCB35F8A56B430047629F5309 name=- state_h=0x0012 ctrl_h=0x0019 result_h=0x001b
[AUTOPOS] READY peer[5]: link=anchor-ctrl connected=1 ready=0 pending=0 inflight=0 retries=0 start_failures=0 uuid=840C68591E90019821AACFF1B73AAA34 name=- state_h=0x0000 ctrl_h=0x0000 result_h=0x0000
SETUP[5] defer: waiting 841 ms before discovery start
SETUP[5] defer: waiting 791 ms before discovery start
SETUP[5] defer: waiting 740 ms before discovery start
SETUP[5] defer: waiting 690 ms before discovery start
SETUP[5] defer: waiting 640 ms before discovery start
SETUP[5] defer: waiting 589 ms before discovery start
SETUP[5] defer: waiting 539 ms before discovery start
SETUP[5] defer: waiting 489 ms before discovery start
SETUP[5] defer: waiting 438 ms before discovery start
SETUP[5] defer: waiting 388 ms before discovery start
SETUP[5] defer: waiting 338 ms before discovery start
SETUP[5] defer: waiting 287 ms before discovery start
SETUP[5] defer: waiting 237 ms before discovery start
SETUP[5] defer: waiting 187 ms before discovery start
SETUP[5] defer: waiting 137 ms before discovery start
SETUP[5] defer: waiting 86 ms before discovery start
SETUP[5] defer: waiting 36 ms before discovery start
SETUP[5] begin: link=anchor-ctrl uuid=840C68591E90019821AACFF1B73AAA34 conn=0x20004ca8
SETUP[5] mtu_exchange rc=0
SETUP[5] phy_update rc=0
SETUP[5] conn_param_update rc=0
[AUTOPOS] DISC start[5]: link=anchor-ctrl uuid=840C68591E90019821AACFF1B73AAA34 conn=0x20004ca8
[AUTOPOS] MTU exchange[5] done (498)
[AUTOPOS] Conn param updated[5]: int=6 lat=0 to=400
[AUTOPOS] PHY updated[5]: tx=0x2 rx=0x2
[AUTOPOS] DISC complete[5]: link=anchor-ctrl discovered_service=2800 uuid=840C68591E90019821AACFF1B73AAA34
[AUTOPOS] DISC anchor service found[5]: uuid=840C68591E90019821AACFF1B73AAA34
[AUTOPOS] Anchor ctrl state subscribe[5] rc=0
[AUTOPOS] Anchor ctrl result subscribe[5] rc=0
[AUTOPOS] ANCHOR_CTRL[5] link ready handle=0x0019 result=0x001b uuid=840C68591E90019821AACFF1B73AAA34
[AUTOPOS] SCAN start req: bt_ready=1 scan_running=0 connecting_slot=-1 conn_count=5 target=anchor prefix=ANCHOR-
[AUTOPOS] Scanning for ANCHOR-*
[AUTOPOS] anchor role all matrix wait ready: waited=8250 ready=5/8
[AUTOPOS] READY count=5 target=anchor target_uuid=- conn_count=5 connecting_slot=-1 scan=1 auto=1
[AUTOPOS] READY peer[0]: link=anchor-ctrl connected=1 ready=1 pending=0 inflight=0 retries=0 start_failures=0 uuid=B2B5FA625534A8C617135DCAFC9E036A name=- state_h=0x0012 ctrl_h=0x0019 result_h=0x001b
[AUTOPOS] READY peer[2]: link=anchor-ctrl connected=1 ready=1 pending=0 inflight=0 retries=0 start_failures=0 uuid=B3087BC3D87CCCD316AEDC6B71D6677F name=- state_h=0x0012 ctrl_h=0x0019 result_h=0x001b
[AUTOPOS] READY peer[3]: link=anchor-ctrl connected=1 ready=1 pending=0 inflight=0 retries=0 start_failures=0 uuid=CF12E703AC1A118F6AB440AB05B0BA23 name=- state_h=0x0012 ctrl_h=0x0019 result_h=0x001b
[AUTOPOS] READY peer[4]: link=anchor-ctrl connected=1 ready=1 pending=0 inflight=0 retries=0 start_failures=0 uuid=CEE5A7EFCB35F8A56B430047629F5309 name=- state_h=0x0012 ctrl_h=0x0019 result_h=0x001b
[AUTOPOS] READY peer[5]: link=anchor-ctrl connected=1 ready=1 pending=0 inflight=0 retries=0 start_failures=0 uuid=840C68591E90019821AACFF1B73AAA34 name=- state_h=0x0012 ctrl_h=0x0019 result_h=0x001b
[AUTOPOS] SCAN hit: F2:B7:4E:8A:79:01 (random) rssi=-71 name=- bs=- uuid=4DC6B8187E33803AE8601FB0D7992B96 target=anchor uuid_ok=1 tag_name=0 anchor_name=0 nus=0 dfu=0 token=0 props=0x03
[AUTOPOS] CONNECT queue[1]: addr=F2:B7:4E:8A:79:01 (random) link=anchor-ctrl uuid=4DC6B8187E33803AE8601FB0D7992B96 target=anchor
[AUTOPOS] SCAN hit: D9:C7:9C:16:71:C9 (random) rssi=-70 name=- bs=- uuid=A892AF05DD59CF0D0D3408AD74F364A1 target=anchor uuid_ok=1 tag_name=0 anchor_name=0 nus=0 dfu=0 token=0 props=0x03
[AUTOPOS] CONNECT queue[6]: addr=D9:C7:9C:16:71:C9 (random) link=anchor-ctrl uuid=A892AF05DD59CF0D0D3408AD74F364A1 target=anchor
[AUTOPOS] SCAN hit: C0:1D:D1:D0:CE:B0 (random) rssi=-53 name=- bs=- uuid=B9179575C776C98F1CB132DD6EDC6223 target=anchor uuid_ok=1 tag_name=0 anchor_name=0 nus=0 dfu=0 token=0 props=0x03
[AUTOPOS] CONNECT queue[7]: addr=C0:1D:D1:D0:CE:B0 (random) link=anchor-ctrl uuid=B9179575C776C98F1CB132DD6EDC6223 target=anchor
[AUTOPOS] CONNECT pending[1]: addr_valid=1 link=anchor-ctrl uuid=4DC6B8187E33803AE8601FB0D7992B96 scan_running=1 conn_count=5
[AUTOPOS] CONNECT pending[1]: bt_le_scan_stop rc=0 scan_running=1
[AUTOPOS] CONNECT pending[1] rc=0 conn=0x20004bd8
[AUTOPOS] anchor role all matrix wait ready: waited=9000 ready=5/8
[AUTOPOS] READY count=5 target=anchor target_uuid=- conn_count=5 connecting_slot=1 scan=0 auto=1
[AUTOPOS] READY peer[0]: link=anchor-ctrl connected=1 ready=1 pending=0 inflight=0 retries=0 start_failures=0 uuid=B2B5FA625534A8C617135DCAFC9E036A name=- state_h=0x0012 ctrl_h=0x0019 result_h=0x001b
[AUTOPOS] READY peer[1]: link=anchor-ctrl connected=0 ready=0 pending=1 inflight=0 retries=0 start_failures=0 uuid=4DC6B8187E33803AE8601FB0D7992B96 name=- state_h=0x0000 ctrl_h=0x0000 result_h=0x0000
[AUTOPOS] READY peer[2]: link=anchor-ctrl connected=1 ready=1 pending=0 inflight=0 retries=0 start_failures=0 uuid=B3087BC3D87CCCD316AEDC6B71D6677F name=- state_h=0x0012 ctrl_h=0x0019 result_h=0x001b
[AUTOPOS] READY peer[3]: link=anchor-ctrl connected=1 ready=1 pending=0 inflight=0 retries=0 start_failures=0 uuid=CF12E703AC1A118F6AB440AB05B0BA23 name=- state_h=0x0012 ctrl_h=0x0019 result_h=0x001b
[AUTOPOS] READY peer[4]: link=anchor-ctrl connected=1 ready=1 pending=0 inflight=0 retries=0 start_failures=0 uuid=CEE5A7EFCB35F8A56B430047629F5309 name=- state_h=0x0012 ctrl_h=0x0019 result_h=0x001b
[AUTOPOS] READY peer[5]: link=anchor-ctrl connected=1 ready=1 pending=0 inflight=0 retries=0 start_failures=0 uuid=840C68591E90019821AACFF1B73AAA34 name=- state_h=0x0012 ctrl_h=0x0019 result_h=0x001b
[AUTOPOS] READY peer[6]: link=anchor-ctrl connected=0 ready=0 pending=1 inflight=0 retries=0 start_failures=0 uuid=A892AF05DD59CF0D0D3408AD74F364A1 name=- state_h=0x0000 ctrl_h=0x0000 result_h=0x0000
[AUTOPOS] READY peer[7]: link=anchor-ctrl connected=0 ready=0 pending=1 inflight=0 retries=0 start_failures=0 uuid=B9179575C776C98F1CB132DD6EDC6223 name=- state_h=0x0000 ctrl_h=0x0000 result_h=0x0000
[AUTOPOS] Connected[1]: F2:B7:4E:8A:79:01 (random) name=- bs=-
[AUTOPOS] CONNECT state[1]: link=anchor-ctrl uuid=4DC6B8187E33803AE8601FB0D7992B96 ready=0 conn=0x20004bd8
SETUP[1] defer: waiting 895 ms before discovery start
SETUP[1] defer: waiting 845 ms before discovery start
SETUP[1] defer: waiting 794 ms before discovery start
SETUP[1] defer: waiting 744 ms before discovery start
SETUP[1] defer: waiting 694 ms before discovery start
SETUP[1] defer: waiting 643 ms before discovery start
SETUP[1] defer: waiting 593 ms before discovery start
SETUP[1] defer: waiting 543 ms before discovery start
SETUP[1] defer: waiting 493 ms before discovery start
SETUP[1] defer: waiting 442 ms before discovery start
SETUP[1] defer: waiting 392 ms before discovery start
SETUP[1] defer: waiting 342 ms before discovery start
SETUP[1] defer: waiting 291 ms before discovery start
SETUP[1] defer: waiting 241 ms before discovery start
SETUP[1] defer: waiting 191 ms before discovery start
SETUP[1] defer: waiting 140 ms before discovery start
SETUP[1] defer: waiting 90 ms before discovery start
SETUP[1] defer: waiting 40 ms before discovery start
SETUP[1] begin: link=anchor-ctrl uuid=4DC6B8187E33803AE8601FB0D7992B96 conn=0x20004bd8
SETUP[1] mtu_exchange rc=0
SETUP[1] phy_update rc=0
SETUP[1] conn_param_update rc=0
[AUTOPOS] DISC start[1]: link=anchor-ctrl uuid=4DC6B8187E33803AE8601FB0D7992B96 conn=0x20004bd8
[AUTOPOS] MTU exchange[1] done (498)
[AUTOPOS] Conn param updated[1]: int=6 lat=0 to=400
[AUTOPOS] PHY updated[1]: tx=0x2 rx=0x2
[AUTOPOS] anchor role all matrix wait ready: waited=12000 ready=5/8
[AUTOPOS] READY count=5 target=anchor target_uuid=- conn_count=6 connecting_slot=-1 scan=0 auto=1
[AUTOPOS] READY peer[0]: link=anchor-ctrl connected=1 ready=1 pending=0 inflight=0 retries=0 start_failures=0 uuid=B2B5FA625534A8C617135DCAFC9E036A name=- state_h=0x0012 ctrl_h=0x0019 result_h=0x001b
[AUTOPOS] READY peer[1]: link=anchor-ctrl connected=1 ready=0 pending=0 inflight=1 retries=0 start_failures=0 uuid=4DC6B8187E33803AE8601FB0D7992B96 name=- state_h=0x0000 ctrl_h=0x0000 result_h=0x0000
[AUTOPOS] READY peer[2]: link=anchor-ctrl connected=1 ready=1 pending=0 inflight=0 retries=0 start_failures=0 uuid=B3087BC3D87CCCD316AEDC6B71D6677F name=- state_h=0x0012 ctrl_h=0x0019 result_h=0x001b
[AUTOPOS] READY peer[3]: link=anchor-ctrl connected=1 ready=1 pending=0 inflight=0 retries=0 start_failures=0 uuid=CF12E703AC1A118F6AB440AB05B0BA23 name=- state_h=0x0012 ctrl_h=0x0019 result_h=0x001b
[AUTOPOS] READY peer[4]: link=anchor-ctrl connected=1 ready=1 pending=0 inflight=0 retries=0 start_failures=0 uuid=CEE5A7EFCB35F8A56B430047629F5309 name=- state_h=0x0012 ctrl_h=0x0019 result_h=0x001b
[AUTOPOS] READY peer[5]: link=anchor-ctrl connected=1 ready=1 pending=0 inflight=0 retries=0 start_failures=0 uuid=840C68591E90019821AACFF1B73AAA34 name=- state_h=0x0012 ctrl_h=0x0019 result_h=0x001b
[AUTOPOS] READY peer[6]: link=anchor-ctrl connected=0 ready=0 pending=1 inflight=0 retries=0 start_failures=0 uuid=A892AF05DD59CF0D0D3408AD74F364A1 name=- state_h=0x0000 ctrl_h=0x0000 result_h=0x0000
[AUTOPOS] READY peer[7]: link=anchor-ctrl connected=0 ready=0 pending=1 inflight=0 retries=0 start_failures=0 uuid=B9179575C776C98F1CB132DD6EDC6223 name=- state_h=0x0000 ctrl_h=0x0000 result_h=0x0000
[AUTOPOS] DISC complete[1]: link=anchor-ctrl discovered_service=2800 uuid=4DC6B8187E33803AE8601FB0D7992B96
[AUTOPOS] DISC anchor service found[1]: uuid=4DC6B8187E33803AE8601FB0D7992B96
[AUTOPOS] Anchor ctrl state subscribe[1] rc=0
[AUTOPOS] Anchor ctrl result subscribe[1] rc=0
[AUTOPOS] ANCHOR_CTRL[1] link ready handle=0x0019 result=0x001b uuid=4DC6B8187E33803AE8601FB0D7992B96
[AUTOPOS] CONNECT pending[6]: addr_valid=1 link=anchor-ctrl uuid=A892AF05DD59CF0D0D3408AD74F364A1 scan_running=0 conn_count=6
[AUTOPOS] CONNECT pending[6] rc=0 conn=0x20004d78
[AUTOPOS] anchor role all matrix wait ready: waited=12500 ready=6/8
[AUTOPOS] READY count=6 target=anchor target_uuid=- conn_count=6 connecting_slot=6 scan=0 auto=1
[AUTOPOS] READY peer[0]: link=anchor-ctrl connected=1 ready=1 pending=0 inflight=0 retries=0 start_failures=0 uuid=B2B5FA625534A8C617135DCAFC9E036A name=- state_h=0x0012 ctrl_h=0x0019 result_h=0x001b
[AUTOPOS] READY peer[1]: link=anchor-ctrl connected=1 ready=1 pending=0 inflight=0 retries=0 start_failures=0 uuid=4DC6B8187E33803AE8601FB0D7992B96 name=- state_h=0x0012 ctrl_h=0x0019 result_h=0x001b
[AUTOPOS] READY peer[2]: link=anchor-ctrl connected=1 ready=1 pending=0 inflight=0 retries=0 start_failures=0 uuid=B3087BC3D87CCCD316AEDC6B71D6677F name=- state_h=0x0012 ctrl_h=0x0019 result_h=0x001b
[AUTOPOS] READY peer[3]: link=anchor-ctrl connected=1 ready=1 pending=0 inflight=0 retries=0 start_failures=0 uuid=CF12E703AC1A118F6AB440AB05B0BA23 name=- state_h=0x0012 ctrl_h=0x0019 result_h=0x001b
[AUTOPOS] READY peer[4]: link=anchor-ctrl connected=1 ready=1 pending=0 inflight=0 retries=0 start_failures=0 uuid=CEE5A7EFCB35F8A56B430047629F5309 name=- state_h=0x0012 ctrl_h=0x0019 result_h=0x001b
[AUTOPOS] READY peer[5]: link=anchor-ctrl connected=1 ready=1 pending=0 inflight=0 retries=0 start_failures=0 uuid=840C68591E90019821AACFF1B73AAA34 name=- state_h=0x0012 ctrl_h=0x0019 result_h=0x001b
[AUTOPOS] READY peer[6]: link=anchor-ctrl connected=0 ready=0 pending=1 inflight=0 retries=0 start_failures=0 uuid=A892AF05DD59CF0D0D3408AD74F364A1 name=- state_h=0x0000 ctrl_h=0x0000 result_h=0x0000
[AUTOPOS] READY peer[7]: link=anchor-ctrl connected=0 ready=0 pending=1 inflight=0 retries=0 start_failures=0 uuid=B9179575C776C98F1CB132DD6EDC6223 name=- state_h=0x0000 ctrl_h=0x0000 result_h=0x0000
[AUTOPOS] Disconnected[5]: E9:CB:F3:C4:51:43 (random) reason=0x08 link=anchor-ctrl ready=1
[AUTOPOS] Connected[6]: D9:C7:9C:16:71:C9 (random) name=- bs=-
[AUTOPOS] CONNECT state[6]: link=anchor-ctrl uuid=A892AF05DD59CF0D0D3408AD74F364A1 ready=0 conn=0x20004d78
SETUP[6] defer: waiting 886 ms before discovery start
SETUP[6] defer: waiting 835 ms before discovery start
SETUP[6] defer: waiting 785 ms before discovery start
[AUTOPOS] anchor role all matrix wait ready: waited=12750 ready=5/8
[AUTOPOS] READY count=5 target=anchor target_uuid=- conn_count=6 connecting_slot=-1 scan=0 auto=1
[AUTOPOS] READY peer[0]: link=anchor-ctrl connected=1 ready=1 pending=0 inflight=0 retries=0 start_failures=0 uuid=B2B5FA625534A8C617135DCAFC9E036A name=- state_h=0x0012 ctrl_h=0x0019 result_h=0x001b
[AUTOPOS] READY peer[1]: link=anchor-ctrl connected=1 ready=1 pending=0 inflight=0 retries=0 start_failures=0 uuid=4DC6B8187E33803AE8601FB0D7992B96 name=- state_h=0x0012 ctrl_h=0x0019 result_h=0x001b
[AUTOPOS] READY peer[2]: link=anchor-ctrl connected=1 ready=1 pending=0 inflight=0 retries=0 start_failures=0 uuid=B3087BC3D87CCCD316AEDC6B71D6677F name=- state_h=0x0012 ctrl_h=0x0019 result_h=0x001b
[AUTOPOS] READY peer[3]: link=anchor-ctrl connected=1 ready=1 pending=0 inflight=0 retries=0 start_failures=0 uuid=CF12E703AC1A118F6AB440AB05B0BA23 name=- state_h=0x0012 ctrl_h=0x0019 result_h=0x001b
[AUTOPOS] READY peer[4]: link=anchor-ctrl connected=1 ready=1 pending=0 inflight=0 retries=0 start_failures=0 uuid=CEE5A7EFCB35F8A56B430047629F5309 name=- state_h=0x0012 ctrl_h=0x0019 result_h=0x001b
[AUTOPOS] READY peer[6]: link=anchor-ctrl connected=1 ready=0 pending=0 inflight=0 retries=0 start_failures=0 uuid=A892AF05DD59CF0D0D3408AD74F364A1 name=- state_h=0x0000 ctrl_h=0x0000 result_h=0x0000
[AUTOPOS] READY peer[7]: link=anchor-ctrl connected=0 ready=0 pending=1 inflight=0 retries=0 start_failures=0 uuid=B9179575C776C98F1CB132DD6EDC6223 name=- state_h=0x0000 ctrl_h=0x0000 result_h=0x0000
SETUP[6] defer: waiting 735 ms before discovery start
SETUP[6] defer: waiting 684 ms before discovery start
SETUP[6] defer: waiting 634 ms before discovery start
SETUP[6] defer: waiting 584 ms before discovery start
SETUP[6] defer: waiting 533 ms before discovery start
SETUP[6] defer: waiting 483 ms before discovery start
SETUP[6] defer: waiting 433 ms before discovery start
SETUP[6] defer: waiting 382 ms before discovery start
SETUP[6] defer: waiting 332 ms before discovery start
SETUP[6] defer: waiting 282 ms before discovery start
SETUP[6] defer: waiting 231 ms before discovery start
SETUP[6] defer: waiting 181 ms before discovery start
SETUP[6] defer: waiting 131 ms before discovery start
SETUP[6] defer: waiting 80 ms before discovery start
SETUP[6] defer: waiting 30 ms before discovery start
SETUP[6] begin: link=anchor-ctrl uuid=A892AF05DD59CF0D0D3408AD74F364A1 conn=0x20004d78
SETUP[6] mtu_exchange rc=0
SETUP[6] phy_update rc=0
SETUP[6] conn_param_update rc=0
[AUTOPOS] DISC start[6]: link=anchor-ctrl uuid=A892AF05DD59CF0D0D3408AD74F364A1 conn=0x20004d78
[AUTOPOS] MTU exchange[6] done (498)
[AUTOPOS] Conn param updated[6]: int=6 lat=0 to=400
[AUTOPOS] PHY updated[6]: tx=0x2 rx=0x2
[AUTOPOS] anchor role all matrix wait ready: waited=15000 ready=5/8
[AUTOPOS] READY count=5 target=anchor target_uuid=- conn_count=6 connecting_slot=-1 scan=0 auto=1
[AUTOPOS] READY peer[0]: link=anchor-ctrl connected=1 ready=1 pending=0 inflight=0 retries=0 start_failures=0 uuid=B2B5FA625534A8C617135DCAFC9E036A name=- state_h=0x0012 ctrl_h=0x0019 result_h=0x001b
[AUTOPOS] READY peer[1]: link=anchor-ctrl connected=1 ready=1 pending=0 inflight=0 retries=0 start_failures=0 uuid=4DC6B8187E33803AE8601FB0D7992B96 name=- state_h=0x0012 ctrl_h=0x0019 result_h=0x001b
[AUTOPOS] READY peer[2]: link=anchor-ctrl connected=1 ready=1 pending=0 inflight=0 retries=0 start_failures=0 uuid=B3087BC3D87CCCD316AEDC6B71D6677F name=- state_h=0x0012 ctrl_h=0x0019 result_h=0x001b
[AUTOPOS] READY peer[3]: link=anchor-ctrl connected=1 ready=1 pending=0 inflight=0 retries=0 start_failures=0 uuid=CF12E703AC1A118F6AB440AB05B0BA23 name=- state_h=0x0012 ctrl_h=0x0019 result_h=0x001b
[AUTOPOS] READY peer[4]: link=anchor-ctrl connected=1 ready=1 pending=0 inflight=0 retries=0 start_failures=0 uuid=CEE5A7EFCB35F8A56B430047629F5309 name=- state_h=0x0012 ctrl_h=0x0019 result_h=0x001b
[AUTOPOS] READY peer[6]: link=anchor-ctrl connected=1 ready=0 pending=0 inflight=1 retries=0 start_failures=0 uuid=A892AF05DD59CF0D0D3408AD74F364A1 name=- state_h=0x0000 ctrl_h=0x0000 result_h=0x0000
[AUTOPOS] READY peer[7]: link=anchor-ctrl connected=0 ready=0 pending=1 inflight=0 retries=0 start_failures=0 uuid=B9179575C776C98F1CB132DD6EDC6223 name=- state_h=0x0000 ctrl_h=0x0000 result_h=0x0000
[AUTOPOS] anchor role all matrix wait ready: waited=18000 ready=5/8
[AUTOPOS] READY count=5 target=anchor target_uuid=- conn_count=6 connecting_slot=-1 scan=0 auto=1
[AUTOPOS] READY peer[0]: link=anchor-ctrl connected=1 ready=1 pending=0 inflight=0 retries=0 start_failures=0 uuid=B2B5FA625534A8C617135DCAFC9E036A name=- state_h=0x0012 ctrl_h=0x0019 result_h=0x001b
[AUTOPOS] READY peer[1]: link=anchor-ctrl connected=1 ready=1 pending=0 inflight=0 retries=0 start_failures=0 uuid=4DC6B8187E33803AE8601FB0D7992B96 name=- state_h=0x0012 ctrl_h=0x0019 result_h=0x001b
[AUTOPOS] READY peer[2]: link=anchor-ctrl connected=1 ready=1 pending=0 inflight=0 retries=0 start_failures=0 uuid=B3087BC3D87CCCD316AEDC6B71D6677F name=- state_h=0x0012 ctrl_h=0x0019 result_h=0x001b
[AUTOPOS] READY peer[3]: link=anchor-ctrl connected=1 ready=1 pending=0 inflight=0 retries=0 start_failures=0 uuid=CF12E703AC1A118F6AB440AB05B0BA23 name=- state_h=0x0012 ctrl_h=0x0019 result_h=0x001b
[AUTOPOS] READY peer[4]: link=anchor-ctrl connected=1 ready=1 pending=0 inflight=0 retries=0 start_failures=0 uuid=CEE5A7EFCB35F8A56B430047629F5309 name=- state_h=0x0012 ctrl_h=0x0019 result_h=0x001b
[AUTOPOS] READY peer[6]: link=anchor-ctrl connected=1 ready=0 pending=0 inflight=1 retries=0 start_failures=0 uuid=A892AF05DD59CF0D0D3408AD74F364A1 name=- state_h=0x0000 ctrl_h=0x0000 result_h=0x0000
[AUTOPOS] READY peer[7]: link=anchor-ctrl connected=0 ready=0 pending=1 inflight=0 retries=0 start_failures=0 uuid=B9179575C776C98F1CB132DD6EDC6223 name=- state_h=0x0000 ctrl_h=0x0000 result_h=0x0000
[AUTOPOS] DISC complete[6]: link=anchor-ctrl discovered_service=2800 uuid=A892AF05DD59CF0D0D3408AD74F364A1
[AUTOPOS] DISC anchor service found[6]: uuid=A892AF05DD59CF0D0D3408AD74F364A1
[AUTOPOS] Anchor ctrl state characteristic missing[6]
[AUTOPOS] Disconnected[6]: D9:C7:9C:16:71:C9 (random) reason=0x08 link=anchor-ctrl ready=0
[AUTOPOS] SCAN start req: bt_ready=1 scan_running=0 connecting_slot=-1 conn_count=5 target=anchor prefix=ANCHOR-
[AUTOPOS] Scanning for ANCHOR-*
[AUTOPOS] CONNECT pending[7]: addr_valid=1 link=anchor-ctrl uuid=B9179575C776C98F1CB132DD6EDC6223 scan_running=1 conn_count=5
[AUTOPOS] CONNECT pending[7]: bt_le_scan_stop rc=0 scan_running=1
[AUTOPOS] CONNECT pending[7] rc=0 conn=0x20004ca8
[AUTOPOS] Disconnected[1]: F2:B7:4E:8A:79:01 (random) reason=0x08 link=anchor-ctrl ready=1
[AUTOPOS] Connected[7]: C0:1D:D1:D0:CE:B0 (random) name=- bs=-
[AUTOPOS] CONNECT state[7]: link=anchor-ctrl uuid=B9179575C776C98F1CB132DD6EDC6223 ready=0 conn=0x20004ca8
SETUP[7] defer: waiting 852 ms before discovery start
SETUP[7] defer: waiting 801 ms before discovery start
SETUP[7] defer: waiting 751 ms before discovery start
[AUTOPOS] anchor role all matrix wait ready: waited=19000 ready=4/8
[AUTOPOS] READY count=4 target=anchor target_uuid=- conn_count=5 connecting_slot=-1 scan=0 auto=1
[AUTOPOS] READY peer[0]: link=anchor-ctrl connected=1 ready=1 pending=0 inflight=0 retries=0 start_failures=0 uuid=B2B5FA625534A8C617135DCAFC9E036A name=- state_h=0x0012 ctrl_h=0x0019 result_h=0x001b
[AUTOPOS] READY peer[2]: link=anchor-ctrl connected=1 ready=1 pending=0 inflight=0 retries=0 start_failures=0 uuid=B3087BC3D87CCCD316AEDC6B71D6677F name=- state_h=0x0012 ctrl_h=0x0019 result_h=0x001b
[AUTOPOS] READY peer[3]: link=anchor-ctrl connected=1 ready=1 pending=0 inflight=0 retries=0 start_failures=0 uuid=CF12E703AC1A118F6AB440AB05B0BA23 name=- state_h=0x0012 ctrl_h=0x0019 result_h=0x001b
[AUTOPOS] READY peer[4]: link=anchor-ctrl connected=1 ready=1 pending=0 inflight=0 retries=0 start_failures=0 uuid=CEE5A7EFCB35F8A56B430047629F5309 name=- state_h=0x0012 ctrl_h=0x0019 result_h=0x001b
[AUTOPOS] READY peer[7]: link=anchor-ctrl connected=1 ready=0 pending=0 inflight=0 retries=0 start_failures=0 uuid=B9179575C776C98F1CB132DD6EDC6223 name=- state_h=0x0000 ctrl_h=0x0000 result_h=0x0000
SETUP[7] defer: waiting 701 ms before discovery start
SETUP[7] defer: waiting 650 ms before discovery start
SETUP[7] defer: waiting 600 ms before discovery start
SETUP[7] defer: waiting 550 ms before discovery start
SETUP[7] defer: waiting 499 ms before discovery start
SETUP[7] defer: waiting 449 ms before discovery start
SETUP[7] defer: waiting 399 ms before discovery start
SETUP[7] defer: waiting 348 ms before discovery start
SETUP[7] defer: waiting 298 ms before discovery start
SETUP[7] defer: waiting 248 ms before discovery start
SETUP[7] defer: waiting 197 ms before discovery start
SETUP[7] defer: waiting 147 ms before discovery start
SESSION: runtime role broadcast attempt 5/7: anchor role all matrix
>>> anchor role all matrix
[AUTOPOS] anchor role already running
SETUP[7] defer: waiting 97 ms before discovery start
SETUP[7] defer: waiting 46 ms before discovery start
SETUP[7] begin: link=anchor-ctrl uuid=B9179575C776C98F1CB132DD6EDC6223 conn=0x20004ca8
SETUP[7] mtu_exchange rc=0
SETUP[7] phy_update rc=0
SETUP[7] conn_param_update rc=0
[AUTOPOS] DISC start[7]: link=anchor-ctrl uuid=B9179575C776C98F1CB132DD6EDC6223 conn=0x20004ca8
[AUTOPOS] MTU exchange[7] done (498)
[AUTOPOS] Conn param updated[7]: int=6 lat=0 to=400
[AUTOPOS] PHY updated[7]: tx=0x2 rx=0x2
[AUTOPOS] DISC complete[7]: link=anchor-ctrl discovered_service=2800 uuid=B9179575C776C98F1CB132DD6EDC6223
[AUTOPOS] DISC anchor service found[7]: uuid=B9179575C776C98F1CB132DD6EDC6223
[AUTOPOS] Anchor ctrl state subscribe[7] rc=0
[AUTOPOS] Anchor ctrl result subscribe[7] rc=0
[AUTOPOS] ANCHOR_CTRL[7] link ready handle=0x0019 result=0x001b uuid=B9179575C776C98F1CB132DD6EDC6223
[AUTOPOS] SCAN start req: bt_ready=1 scan_running=0 connecting_slot=-1 conn_count=5 target=anchor prefix=ANCHOR-
[AUTOPOS] Scanning for ANCHOR-*
[AUTOPOS] anchor role all matrix wait ready: waited=21000 ready=5/8
[AUTOPOS] READY count=5 target=anchor target_uuid=- conn_count=5 connecting_slot=-1 scan=1 auto=1
[AUTOPOS] READY peer[0]: link=anchor-ctrl connected=1 ready=1 pending=0 inflight=0 retries=0 start_failures=0 uuid=B2B5FA625534A8C617135DCAFC9E036A name=- state_h=0x0012 ctrl_h=0x0019 result_h=0x001b
[AUTOPOS] READY peer[2]: link=anchor-ctrl connected=1 ready=1 pending=0 inflight=0 retries=0 start_failures=0 uuid=B3087BC3D87CCCD316AEDC6B71D6677F name=- state_h=0x0012 ctrl_h=0x0019 result_h=0x001b
[AUTOPOS] READY peer[3]: link=anchor-ctrl connected=1 ready=1 pending=0 inflight=0 retries=0 start_failures=0 uuid=CF12E703AC1A118F6AB440AB05B0BA23 name=- state_h=0x0012 ctrl_h=0x0019 result_h=0x001b
[AUTOPOS] READY peer[4]: link=anchor-ctrl connected=1 ready=1 pending=0 inflight=0 retries=0 start_failures=0 uuid=CEE5A7EFCB35F8A56B430047629F5309 name=- state_h=0x0012 ctrl_h=0x0019 result_h=0x001b
[AUTOPOS] READY peer[7]: link=anchor-ctrl connected=1 ready=1 pending=0 inflight=0 retries=0 start_failures=0 uuid=B9179575C776C98F1CB132DD6EDC6223 name=- state_h=0x0012 ctrl_h=0x0019 result_h=0x001b
[AUTOPOS] SCAN hit: E9:CB:F3:C4:51:43 (random) rssi=-44 name=- bs=- uuid=840C68591E90019821AACFF1B73AAA34 target=anchor uuid_ok=1 tag_name=0 anchor_name=0 nus=0 dfu=0 token=0 props=0x03
[AUTOPOS] CONNECT queue[1]: addr=E9:CB:F3:C4:51:43 (random) link=anchor-ctrl uuid=840C68591E90019821AACFF1B73AAA34 target=anchor
[AUTOPOS] CONNECT pending[1]: addr_valid=1 link=anchor-ctrl uuid=840C68591E90019821AACFF1B73AAA34 scan_running=1 conn_count=5
[AUTOPOS] CONNECT pending[1]: bt_le_scan_stop rc=0 scan_running=1
[AUTOPOS] CONNECT pending[1] rc=0 conn=0x20004bd8
[AUTOPOS] Connected[1]: E9:CB:F3:C4:51:43 (random) name=- bs=-
[AUTOPOS] CONNECT state[1]: link=anchor-ctrl uuid=840C68591E90019821AACFF1B73AAA34 ready=0 conn=0x20004bd8
[AUTOPOS] Disconnected[1]: E9:CB:F3:C4:51:43 (random) reason=0x3e link=anchor-ctrl ready=0
[AUTOPOS] SCAN start req: bt_ready=1 scan_running=0 connecting_slot=-1 conn_count=5 target=anchor prefix=ANCHOR-
[AUTOPOS] Scanning for ANCHOR-*
[AUTOPOS] SCAN hit: F2:B7:4E:8A:79:01 (random) rssi=-72 name=- bs=- uuid=4DC6B8187E33803AE8601FB0D7992B96 target=anchor uuid_ok=1 tag_name=0 anchor_name=0 nus=0 dfu=0 token=0 props=0x03
[AUTOPOS] CONNECT queue[1]: addr=F2:B7:4E:8A:79:01 (random) link=anchor-ctrl uuid=4DC6B8187E33803AE8601FB0D7992B96 target=anchor
[AUTOPOS] SCAN hit: D9:C7:9C:16:71:C9 (random) rssi=-72 name=- bs=- uuid=A892AF05DD59CF0D0D3408AD74F364A1 target=anchor uuid_ok=1 tag_name=0 anchor_name=0 nus=0 dfu=0 token=0 props=0x03
[AUTOPOS] CONNECT queue[5]: addr=D9:C7:9C:16:71:C9 (random) link=anchor-ctrl uuid=A892AF05DD59CF0D0D3408AD74F364A1 target=anchor
[AUTOPOS] SCAN hit: E9:CB:F3:C4:51:43 (random) rssi=-44 name=- bs=- uuid=840C68591E90019821AACFF1B73AAA34 target=anchor uuid_ok=1 tag_name=0 anchor_name=0 nus=0 dfu=0 token=0 props=0x03
[AUTOPOS] CONNECT queue[6]: addr=E9:CB:F3:C4:51:43 (random) link=anchor-ctrl uuid=840C68591E90019821AACFF1B73AAA34 target=anchor
[AUTOPOS] CONNECT pending[1]: addr_valid=1 link=anchor-ctrl uuid=4DC6B8187E33803AE8601FB0D7992B96 scan_running=1 conn_count=5
[AUTOPOS] CONNECT pending[1]: bt_le_scan_stop rc=0 scan_running=1
[AUTOPOS] CONNECT pending[1] rc=0 conn=0x20004bd8
[AUTOPOS] Connected[1]: F2:B7:4E:8A:79:01 (random) name=- bs=-
[AUTOPOS] CONNECT state[1]: link=anchor-ctrl uuid=4DC6B8187E33803AE8601FB0D7992B96 ready=0 conn=0x20004bd8
SETUP[1] defer: waiting 895 ms before discovery start
SETUP[1] defer: waiting 845 ms before discovery start
SETUP[1] defer: waiting 794 ms before discovery start
SETUP[1] defer: waiting 744 ms before discovery start
SETUP[1] defer: waiting 694 ms before discovery start
SETUP[1] defer: waiting 643 ms before discovery start
SETUP[1] defer: waiting 593 ms before discovery start
SETUP[1] defer: waiting 543 ms before discovery start
SETUP[1] defer: waiting 492 ms before discovery start
SETUP[1] defer: waiting 442 ms before discovery start
SETUP[1] defer: waiting 392 ms before discovery start
SETUP[1] defer: waiting 341 ms before discovery start
SETUP[1] defer: waiting 291 ms before discovery start
SETUP[1] defer: waiting 241 ms before discovery start
SETUP[1] defer: waiting 190 ms before discovery start
SETUP[1] defer: waiting 140 ms before discovery start
SETUP[1] defer: waiting 90 ms before discovery start
SETUP[1] defer: waiting 39 ms before discovery start
SETUP[1] begin: link=anchor-ctrl uuid=4DC6B8187E33803AE8601FB0D7992B96 conn=0x20004bd8
SETUP[1] mtu_exchange rc=0
SETUP[1] phy_update rc=0
SETUP[1] conn_param_update rc=0
[AUTOPOS] DISC start[1]: link=anchor-ctrl uuid=4DC6B8187E33803AE8601FB0D7992B96 conn=0x20004bd8
[AUTOPOS] MTU exchange[1] done (498)
[AUTOPOS] Conn param updated[1]: int=6 lat=0 to=400
[AUTOPOS] anchor role all matrix wait ready: waited=24000 ready=5/8
[AUTOPOS] READY count=5 target=anchor target_uuid=- conn_count=6 connecting_slot=-1 scan=0 auto=1
[AUTOPOS] READY peer[0]: link=anchor-ctrl connected=1 ready=1 pending=0 inflight=0 retries=0 start_failures=0 uuid=B2B5FA625534A8C617135DCAFC9E036A name=- state_h=0x0012 ctrl_h=0x0019 result_h=0x001b
[AUTOPOS] READY peer[1]: link=anchor-ctrl connected=1 ready=0 pending=0 inflight=1 retries=0 start_failures=0 uuid=4DC6B8187E33803AE8601FB0D7992B96 name=- state_h=0x0000 ctrl_h=0x0000 result_h=0x0000
[AUTOPOS] READY peer[2]: link=anchor-ctrl connected=1 ready=1 pending=0 inflight=0 retries=0 start_failures=0 uuid=B3087BC3D87CCCD316AEDC6B71D6677F name=- state_h=0x0012 ctrl_h=0x0019 result_h=0x001b
[AUTOPOS] READY peer[3]: link=anchor-ctrl connected=1 ready=1 pending=0 inflight=0 retries=0 start_failures=0 uuid=CF12E703AC1A118F6AB440AB05B0BA23 name=- state_h=0x0012 ctrl_h=0x0019 result_h=0x001b
[AUTOPOS] READY peer[4]: link=anchor-ctrl connected=1 ready=1 pending=0 inflight=0 retries=0 start_failures=0 uuid=CEE5A7EFCB35F8A56B430047629F5309 name=- state_h=0x0012 ctrl_h=0x0019 result_h=0x001b
[AUTOPOS] READY peer[5]: link=anchor-ctrl connected=0 ready=0 pending=1 inflight=0 retries=0 start_failures=0 uuid=A892AF05DD59CF0D0D3408AD74F364A1 name=- state_h=0x0000 ctrl_h=0x0000 result_h=0x0000
[AUTOPOS] READY peer[6]: link=anchor-ctrl connected=0 ready=0 pending=1 inflight=0 retries=0 start_failures=0 uuid=840C68591E90019821AACFF1B73AAA34 name=- state_h=0x0000 ctrl_h=0x0000 result_h=0x0000
[AUTOPOS] READY peer[7]: link=anchor-ctrl connected=1 ready=1 pending=0 inflight=0 retries=0 start_failures=0 uuid=B9179575C776C98F1CB132DD6EDC6223 name=- state_h=0x0012 ctrl_h=0x0019 result_h=0x001b
[AUTOPOS] PHY updated[1]: tx=0x2 rx=0x2
[AUTOPOS] Disconnected[7]: C0:1D:D1:D0:CE:B0 (random) reason=0x08 link=anchor-ctrl ready=1
[AUTOPOS] SCAN start req: bt_ready=1 scan_running=0 connecting_slot=-1 conn_count=5 target=anchor prefix=ANCHOR-
[AUTOPOS] Scanning for ANCHOR-*
[AUTOPOS] DISC complete[1]: link=anchor-ctrl discovered_service=2800 uuid=4DC6B8187E33803AE8601FB0D7992B96
[AUTOPOS] DISC anchor service found[1]: uuid=4DC6B8187E33803AE8601FB0D7992B96
[AUTOPOS] Anchor ctrl state subscribe[1] rc=0
[AUTOPOS] Anchor ctrl result subscribe[1] rc=0
[AUTOPOS] ANCHOR_CTRL[1] link ready handle=0x0019 result=0x001b uuid=4DC6B8187E33803AE8601FB0D7992B96
[AUTOPOS] CONNECT pending[5]: addr_valid=1 link=anchor-ctrl uuid=A892AF05DD59CF0D0D3408AD74F364A1 scan_running=1 conn_count=5
[AUTOPOS] CONNECT pending[5]: bt_le_scan_stop rc=0 scan_running=1
[AUTOPOS] CONNECT pending[5] rc=0 conn=0x20004ca8
[AUTOPOS] Connected[5]: D9:C7:9C:16:71:C9 (random) name=- bs=-
[AUTOPOS] CONNECT state[5]: link=anchor-ctrl uuid=A892AF05DD59CF0D0D3408AD74F364A1 ready=0 conn=0x20004ca8
SETUP[5] defer: waiting 897 ms before discovery start
SETUP[5] defer: waiting 846 ms before discovery start
SETUP[5] defer: waiting 796 ms before discovery start
SETUP[5] defer: waiting 746 ms before discovery start
SETUP[5] defer: waiting 695 ms before discovery start
SETUP[5] defer: waiting 645 ms before discovery start
SETUP[5] defer: waiting 595 ms before discovery start
SETUP[5] defer: waiting 544 ms before discovery start
SETUP[5] defer: waiting 494 ms before discovery start
SETUP[5] defer: waiting 444 ms before discovery start
SETUP[5] defer: waiting 393 ms before discovery start
SETUP[5] defer: waiting 343 ms before discovery start
SETUP[5] defer: waiting 293 ms before discovery start
SETUP[5] defer: waiting 242 ms before discovery start
SETUP[5] defer: waiting 192 ms before discovery start
SETUP[5] defer: waiting 142 ms before discovery start
SETUP[5] defer: waiting 91 ms before discovery start
SETUP[5] defer: waiting 41 ms before discovery start
SETUP[5] begin: link=anchor-ctrl uuid=A892AF05DD59CF0D0D3408AD74F364A1 conn=0x20004ca8
SETUP[5] mtu_exchange rc=0
SETUP[5] phy_update rc=0
SETUP[5] conn_param_update rc=0
[AUTOPOS] DISC start[5]: link=anchor-ctrl uuid=A892AF05DD59CF0D0D3408AD74F364A1 conn=0x20004ca8
[AUTOPOS] MTU exchange[5] done (498)
[AUTOPOS] Conn param updated[5]: int=6 lat=0 to=400
[AUTOPOS] PHY updated[5]: tx=0x2 rx=0x2
[AUTOPOS] anchor role all matrix wait ready: waited=27000 ready=5/8
[AUTOPOS] READY count=5 target=anchor target_uuid=- conn_count=6 connecting_slot=-1 scan=0 auto=1
[AUTOPOS] READY peer[0]: link=anchor-ctrl connected=1 ready=1 pending=0 inflight=0 retries=0 start_failures=0 uuid=B2B5FA625534A8C617135DCAFC9E036A name=- state_h=0x0012 ctrl_h=0x0019 result_h=0x001b
[AUTOPOS] READY peer[1]: link=anchor-ctrl connected=1 ready=1 pending=0 inflight=0 retries=0 start_failures=0 uuid=4DC6B8187E33803AE8601FB0D7992B96 name=- state_h=0x0012 ctrl_h=0x0019 result_h=0x001b
[AUTOPOS] READY peer[2]: link=anchor-ctrl connected=1 ready=1 pending=0 inflight=0 retries=0 start_failures=0 uuid=B3087BC3D87CCCD316AEDC6B71D6677F name=- state_h=0x0012 ctrl_h=0x0019 result_h=0x001b
[AUTOPOS] READY peer[3]: link=anchor-ctrl connected=1 ready=1 pending=0 inflight=0 retries=0 start_failures=0 uuid=CF12E703AC1A118F6AB440AB05B0BA23 name=- state_h=0x0012 ctrl_h=0x0019 result_h=0x001b
[AUTOPOS] READY peer[4]: link=anchor-ctrl connected=1 ready=1 pending=0 inflight=0 retries=0 start_failures=0 uuid=CEE5A7EFCB35F8A56B430047629F5309 name=- state_h=0x0012 ctrl_h=0x0019 result_h=0x001b
[AUTOPOS] READY peer[5]: link=anchor-ctrl connected=1 ready=0 pending=0 inflight=1 retries=0 start_failures=0 uuid=A892AF05DD59CF0D0D3408AD74F364A1 name=- state_h=0x0000 ctrl_h=0x0000 result_h=0x0000
[AUTOPOS] READY peer[6]: link=anchor-ctrl connected=0 ready=0 pending=1 inflight=0 retries=0 start_failures=0 uuid=840C68591E90019821AACFF1B73AAA34 name=- state_h=0x0000 ctrl_h=0x0000 result_h=0x0000
[AUTOPOS] DISC complete[5]: link=anchor-ctrl discovered_service=2800 uuid=A892AF05DD59CF0D0D3408AD74F364A1
[AUTOPOS] DISC anchor service found[5]: uuid=A892AF05DD59CF0D0D3408AD74F364A1
[AUTOPOS] Anchor ctrl state subscribe[5] rc=0
[AUTOPOS] Anchor ctrl result subscribe[5] rc=0
[AUTOPOS] ANCHOR_CTRL[5] link ready handle=0x0019 result=0x001b uuid=A892AF05DD59CF0D0D3408AD74F364A1
[AUTOPOS] CONNECT pending[6]: addr_valid=1 link=anchor-ctrl uuid=840C68591E90019821AACFF1B73AAA34 scan_running=0 conn_count=6
[AUTOPOS] CONNECT pending[6] rc=0 conn=0x20004d78
[AUTOPOS] anchor role all matrix wait ready: waited=28000 ready=6/8
[AUTOPOS] READY count=6 target=anchor target_uuid=- conn_count=6 connecting_slot=6 scan=0 auto=1
[AUTOPOS] READY peer[0]: link=anchor-ctrl connected=1 ready=1 pending=0 inflight=0 retries=0 start_failures=0 uuid=B2B5FA625534A8C617135DCAFC9E036A name=- state_h=0x0012 ctrl_h=0x0019 result_h=0x001b
[AUTOPOS] READY peer[1]: link=anchor-ctrl connected=1 ready=1 pending=0 inflight=0 retries=0 start_failures=0 uuid=4DC6B8187E33803AE8601FB0D7992B96 name=- state_h=0x0012 ctrl_h=0x0019 result_h=0x001b
[AUTOPOS] READY peer[2]: link=anchor-ctrl connected=1 ready=1 pending=0 inflight=0 retries=0 start_failures=0 uuid=B3087BC3D87CCCD316AEDC6B71D6677F name=- state_h=0x0012 ctrl_h=0x0019 result_h=0x001b
[AUTOPOS] READY peer[3]: link=anchor-ctrl connected=1 ready=1 pending=0 inflight=0 retries=0 start_failures=0 uuid=CF12E703AC1A118F6AB440AB05B0BA23 name=- state_h=0x0012 ctrl_h=0x0019 result_h=0x001b
[AUTOPOS] READY peer[4]: link=anchor-ctrl connected=1 ready=1 pending=0 inflight=0 retries=0 start_failures=0 uuid=CEE5A7EFCB35F8A56B430047629F5309 name=- state_h=0x0012 ctrl_h=0x0019 result_h=0x001b
[AUTOPOS] READY peer[5]: link=anchor-ctrl connected=1 ready=1 pending=0 inflight=0 retries=0 start_failures=0 uuid=A892AF05DD59CF0D0D3408AD74F364A1 name=- state_h=0x0012 ctrl_h=0x0019 result_h=0x001b
[AUTOPOS] READY peer[6]: link=anchor-ctrl connected=0 ready=0 pending=1 inflight=0 retries=0 start_failures=0 uuid=840C68591E90019821AACFF1B73AAA34 name=- state_h=0x0000 ctrl_h=0x0000 result_h=0x0000
[AUTOPOS] Conn param updated[1]: int=6 lat=0 to=400
[AUTOPOS] Connected[6]: E9:CB:F3:C4:51:43 (random) name=- bs=-
[AUTOPOS] CONNECT state[6]: link=anchor-ctrl uuid=840C68591E90019821AACFF1B73AAA34 ready=0 conn=0x20004d78
SETUP[6] defer: waiting 883 ms before discovery start
SETUP[6] defer: waiting 833 ms before discovery start
SETUP[6] defer: waiting 782 ms before discovery start
SETUP[6] defer: waiting 732 ms before discovery start
SETUP[6] defer: waiting 682 ms before discovery start
SETUP[6] defer: waiting 631 ms before discovery start
SETUP[6] defer: waiting 581 ms before discovery start
SETUP[6] defer: waiting 531 ms before discovery start
SETUP[6] defer: waiting 480 ms before discovery start
SETUP[6] defer: waiting 430 ms before discovery start
SETUP[6] defer: waiting 380 ms before discovery start
SETUP[6] defer: waiting 329 ms before discovery start
SETUP[6] defer: waiting 279 ms before discovery start
SETUP[6] defer: waiting 229 ms before discovery start
SETUP[6] defer: waiting 179 ms before discovery start
SETUP[6] defer: waiting 128 ms before discovery start
SETUP[6] defer: waiting 78 ms before discovery start
SETUP[6] defer: waiting 28 ms before discovery start
SETUP[6] begin: link=anchor-ctrl uuid=840C68591E90019821AACFF1B73AAA34 conn=0x20004d78
SETUP[6] mtu_exchange rc=0
SETUP[6] phy_update rc=0
SETUP[6] conn_param_update rc=0
[AUTOPOS] DISC start[6]: link=anchor-ctrl uuid=840C68591E90019821AACFF1B73AAA34 conn=0x20004d78
[AUTOPOS] anchor role all matrix wait ready: waited=30000 ready=6/8
[AUTOPOS] READY count=6 target=anchor target_uuid=- conn_count=7 connecting_slot=-1 scan=0 auto=1
[AUTOPOS] READY peer[0]: link=anchor-ctrl connected=1 ready=1 pending=0 inflight=0 retries=0 start_failures=0 uuid=B2B5FA625534A8C617135DCAFC9E036A name=- state_h=0x0012 ctrl_h=0x0019 result_h=0x001b
[AUTOPOS] READY peer[1]: link=anchor-ctrl connected=1 ready=1 pending=0 inflight=0 retries=0 start_failures=0 uuid=4DC6B8187E33803AE8601FB0D7992B96 name=- state_h=0x0012 ctrl_h=0x0019 result_h=0x001b
[AUTOPOS] READY peer[2]: link=anchor-ctrl connected=1 ready=1 pending=0 inflight=0 retries=0 start_failures=0 uuid=B3087BC3D87CCCD316AEDC6B71D6677F name=- state_h=0x0012 ctrl_h=0x0019 result_h=0x001b
[AUTOPOS] READY peer[3]: link=anchor-ctrl connected=1 ready=1 pending=0 inflight=0 retries=0 start_failures=0 uuid=CF12E703AC1A118F6AB440AB05B0BA23 name=- state_h=0x0012 ctrl_h=0x0019 result_h=0x001b
[AUTOPOS] READY peer[4]: link=anchor-ctrl connected=1 ready=1 pending=0 inflight=0 retries=0 start_failures=0 uuid=CEE5A7EFCB35F8A56B430047629F5309 name=- state_h=0x0012 ctrl_h=0x0019 result_h=0x001b
[AUTOPOS] READY peer[5]: link=anchor-ctrl connected=1 ready=1 pending=0 inflight=0 retries=0 start_failures=0 uuid=A892AF05DD59CF0D0D3408AD74F364A1 name=- state_h=0x0012 ctrl_h=0x0019 result_h=0x001b
[AUTOPOS] READY peer[6]: link=anchor-ctrl connected=1 ready=0 pending=0 inflight=1 retries=0 start_failures=0 uuid=840C68591E90019821AACFF1B73AAA34 name=- state_h=0x0000 ctrl_h=0x0000 result_h=0x0000
[AUTOPOS] MTU exchange[6] failed (0)
[AUTOPOS] Anchor ctrl service not found[6]
[AUTOPOS] Disconnected[6]: E9:CB:F3:C4:51:43 (random) reason=0x08 link=anchor-ctrl ready=0
[AUTOPOS] SCAN start req: bt_ready=1 scan_running=0 connecting_slot=-1 conn_count=6 target=anchor prefix=ANCHOR-
[AUTOPOS] Scanning for ANCHOR-*
[AUTOPOS] Disconnected[5]: D9:C7:9C:16:71:C9 (random) reason=0x08 link=anchor-ctrl ready=1
[AUTOPOS] Disconnected[1]: F2:B7:4E:8A:79:01 (random) reason=0x08 link=anchor-ctrl ready=1
[AUTOPOS] anchor role all matrix wait ready: waited=32250 ready=4/8
[AUTOPOS] READY count=4 target=anchor target_uuid=- conn_count=4 connecting_slot=-1 scan=1 auto=1
[AUTOPOS] READY peer[0]: link=anchor-ctrl connected=1 ready=1 pending=0 inflight=0 retries=0 start_failures=0 uuid=B2B5FA625534A8C617135DCAFC9E036A name=- state_h=0x0012 ctrl_h=0x0019 result_h=0x001b
[AUTOPOS] READY peer[2]: link=anchor-ctrl connected=1 ready=1 pending=0 inflight=0 retries=0 start_failures=0 uuid=B3087BC3D87CCCD316AEDC6B71D6677F name=- state_h=0x0012 ctrl_h=0x0019 result_h=0x001b
[AUTOPOS] READY peer[3]: link=anchor-ctrl connected=1 ready=1 pending=0 inflight=0 retries=0 start_failures=0 uuid=CF12E703AC1A118F6AB440AB05B0BA23 name=- state_h=0x0012 ctrl_h=0x0019 result_h=0x001b
[AUTOPOS] READY peer[4]: link=anchor-ctrl connected=1 ready=1 pending=0 inflight=0 retries=0 start_failures=0 uuid=CEE5A7EFCB35F8A56B430047629F5309 name=- state_h=0x0012 ctrl_h=0x0019 result_h=0x001b
[AUTOPOS] SCAN hit: F2:B7:4E:8A:79:01 (random) rssi=-73 name=- bs=- uuid=4DC6B8187E33803AE8601FB0D7992B96 target=anchor uuid_ok=1 tag_name=0 anchor_name=0 nus=0 dfu=0 token=0 props=0x03
[AUTOPOS] CONNECT queue[1]: addr=F2:B7:4E:8A:79:01 (random) link=anchor-ctrl uuid=4DC6B8187E33803AE8601FB0D7992B96 target=anchor
[AUTOPOS] CONNECT pending[1]: addr_valid=1 link=anchor-ctrl uuid=4DC6B8187E33803AE8601FB0D7992B96 scan_running=1 conn_count=4
[AUTOPOS] CONNECT pending[1]: bt_le_scan_stop rc=0 scan_running=1
[AUTOPOS] CONNECT pending[1] rc=0 conn=0x20004bd8
[AUTOPOS] Connected[1]: F2:B7:4E:8A:79:01 (random) name=- bs=-
[AUTOPOS] CONNECT state[1]: link=anchor-ctrl uuid=4DC6B8187E33803AE8601FB0D7992B96 ready=0 conn=0x20004bd8
SETUP[1] defer: waiting 851 ms before discovery start
SETUP[1] defer: waiting 801 ms before discovery start
SETUP[1] defer: waiting 751 ms before discovery start
SETUP[1] defer: waiting 700 ms before discovery start
[AUTOPOS] anchor role all matrix wait ready: waited=33000 ready=4/8
[AUTOPOS] READY count=4 target=anchor target_uuid=- conn_count=5 connecting_slot=-1 scan=0 auto=1
[AUTOPOS] READY peer[0]: link=anchor-ctrl connected=1 ready=1 pending=0 inflight=0 retries=0 start_failures=0 uuid=B2B5FA625534A8C617135DCAFC9E036A name=- state_h=0x0012 ctrl_h=0x0019 result_h=0x001b
[AUTOPOS] READY peer[1]: link=anchor-ctrl connected=1 ready=0 pending=0 inflight=0 retries=0 start_failures=0 uuid=4DC6B8187E33803AE8601FB0D7992B96 name=- state_h=0x0000 ctrl_h=0x0000 result_h=0x0000
[AUTOPOS] READY peer[2]: link=anchor-ctrl connected=1 ready=1 pending=0 inflight=0 retries=0 start_failures=0 uuid=B3087BC3D87CCCD316AEDC6B71D6677F name=- state_h=0x0012 ctrl_h=0x0019 result_h=0x001b
[AUTOPOS] READY peer[3]: link=anchor-ctrl connected=1 ready=1 pending=0 inflight=0 retries=0 start_failures=0 uuid=CF12E703AC1A118F6AB440AB05B0BA23 name=- state_h=0x0012 ctrl_h=0x0019 result_h=0x001b
[AUTOPOS] READY peer[4]: link=anchor-ctrl connected=1 ready=1 pending=0 inflight=0 retries=0 start_failures=0 uuid=CEE5A7EFCB35F8A56B430047629F5309 name=- state_h=0x0012 ctrl_h=0x0019 result_h=0x001b
SETUP[1] defer: waiting 650 ms before discovery start
SETUP[1] defer: waiting 600 ms before discovery start
SETUP[1] defer: waiting 549 ms before discovery start
SETUP[1] defer: waiting 499 ms before discovery start
SETUP[1] defer: waiting 449 ms before discovery start
SETUP[1] defer: waiting 398 ms before discovery start
SETUP[1] defer: waiting 348 ms before discovery start
SETUP[1] defer: waiting 298 ms before discovery start
SETUP[1] defer: waiting 247 ms before discovery start
SETUP[1] defer: waiting 197 ms before discovery start
SETUP[1] defer: waiting 147 ms before discovery start
SETUP[1] defer: waiting 96 ms before discovery start
SETUP[1] defer: waiting 46 ms before discovery start
SETUP[1] begin: link=anchor-ctrl uuid=4DC6B8187E33803AE8601FB0D7992B96 conn=0x20004bd8
SETUP[1] mtu_exchange rc=0
SETUP[1] phy_update rc=0
SETUP[1] conn_param_update rc=0
[AUTOPOS] DISC start[1]: link=anchor-ctrl uuid=4DC6B8187E33803AE8601FB0D7992B96 conn=0x20004bd8
[AUTOPOS] MTU exchange[1] done (498)
[AUTOPOS] Conn param updated[1]: int=6 lat=0 to=400
[AUTOPOS] PHY updated[1]: tx=0x2 rx=0x2
[AUTOPOS] DISC complete[1]: link=anchor-ctrl discovered_service=2800 uuid=4DC6B8187E33803AE8601FB0D7992B96
[AUTOPOS] DISC anchor service found[1]: uuid=4DC6B8187E33803AE8601FB0D7992B96
[AUTOPOS] Anchor ctrl state subscribe[1] rc=0
[AUTOPOS] Anchor ctrl result subscribe[1] rc=0
[AUTOPOS] ANCHOR_CTRL[1] link ready handle=0x0019 result=0x001b uuid=4DC6B8187E33803AE8601FB0D7992B96
[AUTOPOS] SCAN start req: bt_ready=1 scan_running=0 connecting_slot=-1 conn_count=5 target=anchor prefix=ANCHOR-
[AUTOPOS] Scanning for ANCHOR-*
[AUTOPOS] SCAN hit: E9:CB:F3:C4:51:43 (random) rssi=-45 name=- bs=- uuid=840C68591E90019821AACFF1B73AAA34 target=anchor uuid_ok=1 tag_name=0 anchor_name=0 nus=0 dfu=0 token=0 props=0x03
[AUTOPOS] CONNECT queue[5]: addr=E9:CB:F3:C4:51:43 (random) link=anchor-ctrl uuid=840C68591E90019821AACFF1B73AAA34 target=anchor
[AUTOPOS] SCAN hit: C0:1D:D1:D0:CE:B0 (random) rssi=-53 name=- bs=- uuid=B9179575C776C98F1CB132DD6EDC6223 target=anchor uuid_ok=1 tag_name=0 anchor_name=0 nus=0 dfu=0 token=0 props=0x03
[AUTOPOS] CONNECT queue[6]: addr=C0:1D:D1:D0:CE:B0 (random) link=anchor-ctrl uuid=B9179575C776C98F1CB132DD6EDC6223 target=anchor
[AUTOPOS] anchor role all matrix wait ready: waited=35000 ready=5/8
[AUTOPOS] READY count=5 target=anchor target_uuid=- conn_count=5 connecting_slot=-1 scan=1 auto=1
[AUTOPOS] READY peer[0]: link=anchor-ctrl connected=1 ready=1 pending=0 inflight=0 retries=0 start_failures=0 uuid=B2B5FA625534A8C617135DCAFC9E036A name=- state_h=0x0012 ctrl_h=0x0019 result_h=0x001b
[AUTOPOS] READY peer[1]: link=anchor-ctrl connected=1 ready=1 pending=0 inflight=0 retries=0 start_failures=0 uuid=4DC6B8187E33803AE8601FB0D7992B96 name=- state_h=0x0012 ctrl_h=0x0019 result_h=0x001b
[AUTOPOS] READY peer[2]: link=anchor-ctrl connected=1 ready=1 pending=0 inflight=0 retries=0 start_failures=0 uuid=B3087BC3D87CCCD316AEDC6B71D6677F name=- state_h=0x0012 ctrl_h=0x0019 result_h=0x001b
[AUTOPOS] READY peer[3]: link=anchor-ctrl connected=1 ready=1 pending=0 inflight=0 retries=0 start_failures=0 uuid=CF12E703AC1A118F6AB440AB05B0BA23 name=- state_h=0x0012 ctrl_h=0x0019 result_h=0x001b
[AUTOPOS] READY peer[4]: link=anchor-ctrl connected=1 ready=1 pending=0 inflight=0 retries=0 start_failures=0 uuid=CEE5A7EFCB35F8A56B430047629F5309 name=- state_h=0x0012 ctrl_h=0x0019 result_h=0x001b
[AUTOPOS] READY peer[5]: link=anchor-ctrl connected=0 ready=0 pending=1 inflight=0 retries=0 start_failures=0 uuid=840C68591E90019821AACFF1B73AAA34 name=- state_h=0x0000 ctrl_h=0x0000 result_h=0x0000
[AUTOPOS] READY peer[6]: link=anchor-ctrl connected=0 ready=0 pending=1 inflight=0 retries=0 start_failures=0 uuid=B9179575C776C98F1CB132DD6EDC6223 name=- state_h=0x0000 ctrl_h=0x0000 result_h=0x0000
[AUTOPOS] CONNECT pending[5]: addr_valid=1 link=anchor-ctrl uuid=840C68591E90019821AACFF1B73AAA34 scan_running=1 conn_count=5
[AUTOPOS] CONNECT pending[5]: bt_le_scan_stop rc=0 scan_running=1
[AUTOPOS] CONNECT pending[5] rc=0 conn=0x20004ca8
[AUTOPOS] Connected[5]: E9:CB:F3:C4:51:43 (random) name=- bs=-
[AUTOPOS] CONNECT state[5]: link=anchor-ctrl uuid=840C68591E90019821AACFF1B73AAA34 ready=0 conn=0x20004ca8
[AUTOPOS] Disconnected[5]: E9:CB:F3:C4:51:43 (random) reason=0x3e link=anchor-ctrl ready=0
[AUTOPOS] SCAN start req: bt_ready=1 scan_running=0 connecting_slot=-1 conn_count=5 target=anchor prefix=ANCHOR-
[AUTOPOS] CONNECT pending[6]: addr_valid=1 link=anchor-ctrl uuid=B9179575C776C98F1CB132DD6EDC6223 scan_running=0 conn_count=5
[AUTOPOS] CONNECT pending[6] rc=-11 conn=0
[AUTOPOS] Create conn failed[6]: -11
[AUTOPOS] SCAN start req: bt_ready=1 scan_running=0 connecting_slot=-1 conn_count=5 target=anchor prefix=ANCHOR-
[AUTOPOS] Scanning for ANCHOR-* (already active rc=-16)
[AUTOPOS] Scanning for ANCHOR-*
[AUTOPOS] anchor role all matrix wait ready: waited=36000 ready=5/8
[AUTOPOS] READY count=5 target=anchor target_uuid=- conn_count=5 connecting_slot=-1 scan=1 auto=1
[AUTOPOS] READY peer[0]: link=anchor-ctrl connected=1 ready=1 pending=0 inflight=0 retries=0 start_failures=0 uuid=B2B5FA625534A8C617135DCAFC9E036A name=- state_h=0x0012 ctrl_h=0x0019 result_h=0x001b
[AUTOPOS] READY peer[1]: link=anchor-ctrl connected=1 ready=1 pending=0 inflight=0 retries=0 start_failures=0 uuid=4DC6B8187E33803AE8601FB0D7992B96 name=- state_h=0x0012 ctrl_h=0x0019 result_h=0x001b
[AUTOPOS] READY peer[2]: link=anchor-ctrl connected=1 ready=1 pending=0 inflight=0 retries=0 start_failures=0 uuid=B3087BC3D87CCCD316AEDC6B71D6677F name=- state_h=0x0012 ctrl_h=0x0019 result_h=0x001b
[AUTOPOS] READY peer[3]: link=anchor-ctrl connected=1 ready=1 pending=0 inflight=0 retries=0 start_failures=0 uuid=CF12E703AC1A118F6AB440AB05B0BA23 name=- state_h=0x0012 ctrl_h=0x0019 result_h=0x001b
[AUTOPOS] READY peer[4]: link=anchor-ctrl connected=1 ready=1 pending=0 inflight=0 retries=0 start_failures=0 uuid=CEE5A7EFCB35F8A56B430047629F5309 name=- state_h=0x0012 ctrl_h=0x0019 result_h=0x001b
[AUTOPOS] SCAN hit: E9:CB:F3:C4:51:43 (random) rssi=-47 name=- bs=- uuid=840C68591E90019821AACFF1B73AAA34 target=anchor uuid_ok=1 tag_name=0 anchor_name=0 nus=0 dfu=0 token=0 props=0x03
[AUTOPOS] CONNECT queue[5]: addr=E9:CB:F3:C4:51:43 (random) link=anchor-ctrl uuid=840C68591E90019821AACFF1B73AAA34 target=anchor
[AUTOPOS] SCAN hit: D9:C7:9C:16:71:C9 (random) rssi=-62 name=- bs=- uuid=A892AF05DD59CF0D0D3408AD74F364A1 target=anchor uuid_ok=1 tag_name=0 anchor_name=0 nus=0 dfu=0 token=0 props=0x03
[AUTOPOS] CONNECT queue[6]: addr=D9:C7:9C:16:71:C9 (random) link=anchor-ctrl uuid=A892AF05DD59CF0D0D3408AD74F364A1 target=anchor
[AUTOPOS] CONNECT pending[5]: addr_valid=1 link=anchor-ctrl uuid=840C68591E90019821AACFF1B73AAA34 scan_running=1 conn_count=5
[AUTOPOS] CONNECT pending[5]: bt_le_scan_stop rc=0 scan_running=1
[AUTOPOS] CONNECT pending[5] rc=0 conn=0x20004ca8
[AUTOPOS] Connected[5]: E9:CB:F3:C4:51:43 (random) name=- bs=-
[AUTOPOS] CONNECT state[5]: link=anchor-ctrl uuid=840C68591E90019821AACFF1B73AAA34 ready=0 conn=0x20004ca8
SETUP[5] defer: waiting 889 ms before discovery start
SETUP[5] defer: waiting 839 ms before discovery start
SETUP[5] defer: waiting 788 ms before discovery start
SETUP[5] defer: waiting 738 ms before discovery start
SETUP[5] defer: waiting 688 ms before discovery start
SETUP[5] defer: waiting 637 ms before discovery start
SETUP[5] defer: waiting 587 ms before discovery start
SETUP[5] defer: waiting 537 ms before discovery start
SETUP[5] defer: waiting 486 ms before discovery start
SETUP[5] defer: waiting 436 ms before discovery start
SETUP[5] defer: waiting 386 ms before discovery start
SETUP[5] defer: waiting 335 ms before discovery start
SETUP[5] defer: waiting 285 ms before discovery start
SETUP[5] defer: waiting 235 ms before discovery start
SETUP[5] defer: waiting 184 ms before discovery start
SETUP[5] defer: waiting 134 ms before discovery start
SETUP[5] defer: waiting 84 ms before discovery start
SETUP[5] defer: waiting 33 ms before discovery start
SETUP[5] begin: link=anchor-ctrl uuid=840C68591E90019821AACFF1B73AAA34 conn=0x20004ca8
SETUP[5] mtu_exchange rc=0
SETUP[5] phy_update rc=0
SETUP[5] conn_param_update rc=0
[AUTOPOS] DISC start[5]: link=anchor-ctrl uuid=840C68591E90019821AACFF1B73AAA34 conn=0x20004ca8
[AUTOPOS] MTU exchange[5] done (498)
[AUTOPOS] Conn param updated[5]: int=6 lat=0 to=400
[AUTOPOS] PHY updated[5]: tx=0x2 rx=0x2
[AUTOPOS] DISC complete[5]: link=anchor-ctrl discovered_service=2800 uuid=840C68591E90019821AACFF1B73AAA34
[AUTOPOS] DISC anchor service found[5]: uuid=840C68591E90019821AACFF1B73AAA34
[AUTOPOS] Anchor ctrl state subscribe[5] rc=0
[AUTOPOS] Anchor ctrl result subscribe[5] rc=0
[AUTOPOS] ANCHOR_CTRL[5] link ready handle=0x0019 result=0x001b uuid=840C68591E90019821AACFF1B73AAA34
[AUTOPOS] CONNECT pending[6]: addr_valid=1 link=anchor-ctrl uuid=A892AF05DD59CF0D0D3408AD74F364A1 scan_running=0 conn_count=6
[AUTOPOS] CONNECT pending[6] rc=0 conn=0x20004d78
[AUTOPOS] anchor role all matrix wait ready: waited=39000 ready=6/8
[AUTOPOS] READY count=6 target=anchor target_uuid=- conn_count=6 connecting_slot=6 scan=0 auto=1
[AUTOPOS] READY peer[0]: link=anchor-ctrl connected=1 ready=1 pending=0 inflight=0 retries=0 start_failures=0 uuid=B2B5FA625534A8C617135DCAFC9E036A name=- state_h=0x0012 ctrl_h=0x0019 result_h=0x001b
[AUTOPOS] READY peer[1]: link=anchor-ctrl connected=1 ready=1 pending=0 inflight=0 retries=0 start_failures=0 uuid=4DC6B8187E33803AE8601FB0D7992B96 name=- state_h=0x0012 ctrl_h=0x0019 result_h=0x001b
[AUTOPOS] READY peer[2]: link=anchor-ctrl connected=1 ready=1 pending=0 inflight=0 retries=0 start_failures=0 uuid=B3087BC3D87CCCD316AEDC6B71D6677F name=- state_h=0x0012 ctrl_h=0x0019 result_h=0x001b
[AUTOPOS] READY peer[3]: link=anchor-ctrl connected=1 ready=1 pending=0 inflight=0 retries=0 start_failures=0 uuid=CF12E703AC1A118F6AB440AB05B0BA23 name=- state_h=0x0012 ctrl_h=0x0019 result_h=0x001b
[AUTOPOS] READY peer[4]: link=anchor-ctrl connected=1 ready=1 pending=0 inflight=0 retries=0 start_failures=0 uuid=CEE5A7EFCB35F8A56B430047629F5309 name=- state_h=0x0012 ctrl_h=0x0019 result_h=0x001b
[AUTOPOS] READY peer[5]: link=anchor-ctrl connected=1 ready=1 pending=0 inflight=0 retries=0 start_failures=0 uuid=840C68591E90019821AACFF1B73AAA34 name=- state_h=0x0012 ctrl_h=0x0019 result_h=0x001b
[AUTOPOS] READY peer[6]: link=anchor-ctrl connected=0 ready=0 pending=1 inflight=0 retries=0 start_failures=0 uuid=A892AF05DD59CF0D0D3408AD74F364A1 name=- state_h=0x0000 ctrl_h=0x0000 result_h=0x0000
[AUTOPOS] Connected[6]: D9:C7:9C:16:71:C9 (random) name=- bs=-
[AUTOPOS] CONNECT state[6]: link=anchor-ctrl uuid=A892AF05DD59CF0D0D3408AD74F364A1 ready=0 conn=0x20004d78
SETUP[6] defer: waiting 863 ms before discovery start
SETUP[6] defer: waiting 813 ms before discovery start
SETUP[6] defer: waiting 762 ms before discovery start
SETUP[6] defer: waiting 712 ms before discovery start
SESSION: runtime role broadcast attempt 6/7: anchor role all matrix
>>> anchor role all matrix
[AUTOPOS] anchor role already running
[AUTOPOS] Disconnected[1]: F2:B7:4E:8A:79:01 (random) reason=0x08 link=anchor-ctrl ready=1
[AUTOPOS] SCAN start req: bt_ready=1 scan_running=0 connecting_slot=-1 conn_count=6 target=anchor prefix=ANCHOR-
[AUTOPOS] Scanning for ANCHOR-*
SETUP[6] defer: waiting 662 ms before discovery start
[AUTOPOS] anchor role all matrix wait ready: waited=39250 ready=5/8
[AUTOPOS] READY count=5 target=anchor target_uuid=- conn_count=6 connecting_slot=-1 scan=1 auto=1
[AUTOPOS] READY peer[0]: link=anchor-ctrl connected=1 ready=1 pending=0 inflight=0 retries=0 start_failures=0 uuid=B2B5FA625534A8C617135DCAFC9E036A name=- state_h=0x0012 ctrl_h=0x0019 result_h=0x001b
[AUTOPOS] READY peer[2]: link=anchor-ctrl connected=1 ready=1 pending=0 inflight=0 retries=0 start_failures=0 uuid=B3087BC3D87CCCD316AEDC6B71D6677F name=- state_h=0x0012 ctrl_h=0x0019 result_h=0x001b
[AUTOPOS] READY peer[3]: link=anchor-ctrl connected=1 ready=1 pending=0 inflight=0 retries=0 start_failures=0 uuid=CF12E703AC1A118F6AB440AB05B0BA23 name=- state_h=0x0012 ctrl_h=0x0019 result_h=0x001b
[AUTOPOS] READY peer[4]: link=anchor-ctrl connected=1 ready=1 pending=0 inflight=0 retries=0 start_failures=0 uuid=CEE5A7EFCB35F8A56B430047629F5309 name=- state_h=0x0012 ctrl_h=0x0019 result_h=0x001b
[AUTOPOS] READY peer[5]: link=anchor-ctrl connected=1 ready=1 pending=0 inflight=0 retries=0 start_failures=0 uuid=840C68591E90019821AACFF1B73AAA34 name=- state_h=0x0012 ctrl_h=0x0019 result_h=0x001b
[AUTOPOS] READY peer[6]: link=anchor-ctrl connected=1 ready=0 pending=0 inflight=0 retries=0 start_failures=0 uuid=A892AF05DD59CF0D0D3408AD74F364A1 name=- state_h=0x0000 ctrl_h=0x0000 result_h=0x0000
SETUP[6] defer: waiting 611 ms before discovery start
SETUP[6] defer: waiting 561 ms before discovery start
[AUTOPOS] SCAN hit: F2:B7:4E:8A:79:01 (random) rssi=-66 name=- bs=- uuid=4DC6B8187E33803AE8601FB0D7992B96 target=anchor uuid_ok=1 tag_name=0 anchor_name=0 nus=0 dfu=0 token=0 props=0x03
[AUTOPOS] CONNECT queue[1]: addr=F2:B7:4E:8A:79:01 (random) link=anchor-ctrl uuid=4DC6B8187E33803AE8601FB0D7992B96 target=anchor
SETUP[6] defer: waiting 511 ms before discovery start
SETUP[6] defer: waiting 460 ms before discovery start
SETUP[6] defer: waiting 410 ms before discovery start
SETUP[6] defer: waiting 360 ms before discovery start
SETUP[6] defer: waiting 309 ms before discovery start
[AUTOPOS] SCAN hit: C0:1D:D1:D0:CE:B0 (random) rssi=-53 name=- bs=- uuid=B9179575C776C98F1CB132DD6EDC6223 target=anchor uuid_ok=1 tag_name=0 anchor_name=0 nus=0 dfu=0 token=0 props=0x03
[AUTOPOS] CONNECT queue[7]: addr=C0:1D:D1:D0:CE:B0 (random) link=anchor-ctrl uuid=B9179575C776C98F1CB132DD6EDC6223 target=anchor
SETUP[6] defer: waiting 259 ms before discovery start
SETUP[6] defer: waiting 209 ms before discovery start
SETUP[6] defer: waiting 158 ms before discovery start
SETUP[6] defer: waiting 108 ms before discovery start
SETUP[6] defer: waiting 58 ms before discovery start
SETUP[6] defer: waiting 7 ms before discovery start
SETUP[6] begin: link=anchor-ctrl uuid=A892AF05DD59CF0D0D3408AD74F364A1 conn=0x20004d78
SETUP[6] mtu_exchange rc=0
SETUP[6] phy_update rc=0
SETUP[6] conn_param_update rc=0
[AUTOPOS] DISC start[6]: link=anchor-ctrl uuid=A892AF05DD59CF0D0D3408AD74F364A1 conn=0x20004d78
[AUTOPOS] MTU exchange[6] done (498)
[AUTOPOS] Conn param updated[6]: int=6 lat=0 to=400
[AUTOPOS] PHY updated[6]: tx=0x2 rx=0x2
[AUTOPOS] DISC complete[6]: link=anchor-ctrl discovered_service=2800 uuid=A892AF05DD59CF0D0D3408AD74F364A1
[AUTOPOS] DISC anchor service found[6]: uuid=A892AF05DD59CF0D0D3408AD74F364A1
[AUTOPOS] Anchor ctrl state subscribe[6] rc=0
[AUTOPOS] Anchor ctrl result subscribe[6] rc=0
[AUTOPOS] ANCHOR_CTRL[6] link ready handle=0x0019 result=0x001b uuid=A892AF05DD59CF0D0D3408AD74F364A1
[AUTOPOS] CONNECT pending[1]: addr_valid=1 link=anchor-ctrl uuid=4DC6B8187E33803AE8601FB0D7992B96 scan_running=1 conn_count=6
[AUTOPOS] CONNECT pending[1]: bt_le_scan_stop rc=0 scan_running=1
[AUTOPOS] CONNECT pending[1] rc=0 conn=0x20004bd8
[AUTOPOS] anchor role all matrix wait ready: waited=41750 ready=6/8
[AUTOPOS] READY count=6 target=anchor target_uuid=- conn_count=6 connecting_slot=1 scan=0 auto=1
[AUTOPOS] READY peer[0]: link=anchor-ctrl connected=1 ready=1 pending=0 inflight=0 retries=0 start_failures=0 uuid=B2B5FA625534A8C617135DCAFC9E036A name=- state_h=0x0012 ctrl_h=0x0019 result_h=0x001b
[AUTOPOS] READY peer[1]: link=anchor-ctrl connected=0 ready=0 pending=1 inflight=0 retries=0 start_failures=0 uuid=4DC6B8187E33803AE8601FB0D7992B96 name=- state_h=0x0000 ctrl_h=0x0000 result_h=0x0000
[AUTOPOS] READY peer[2]: link=anchor-ctrl connected=1 ready=1 pending=0 inflight=0 retries=0 start_failures=0 uuid=B3087BC3D87CCCD316AEDC6B71D6677F name=- state_h=0x0012 ctrl_h=0x0019 result_h=0x001b
[AUTOPOS] READY peer[3]: link=anchor-ctrl connected=1 ready=1 pending=0 inflight=0 retries=0 start_failures=0 uuid=CF12E703AC1A118F6AB440AB05B0BA23 name=- state_h=0x0012 ctrl_h=0x0019 result_h=0x001b
[AUTOPOS] READY peer[4]: link=anchor-ctrl connected=1 ready=1 pending=0 inflight=0 retries=0 start_failures=0 uuid=CEE5A7EFCB35F8A56B430047629F5309 name=- state_h=0x0012 ctrl_h=0x0019 result_h=0x001b
[AUTOPOS] READY peer[5]: link=anchor-ctrl connected=1 ready=1 pending=0 inflight=0 retries=0 start_failures=0 uuid=840C68591E90019821AACFF1B73AAA34 name=- state_h=0x0012 ctrl_h=0x0019 result_h=0x001b
[AUTOPOS] READY peer[6]: link=anchor-ctrl connected=1 ready=1 pending=0 inflight=0 retries=0 start_failures=0 uuid=A892AF05DD59CF0D0D3408AD74F364A1 name=- state_h=0x0012 ctrl_h=0x0019 result_h=0x001b
[AUTOPOS] READY peer[7]: link=anchor-ctrl connected=0 ready=0 pending=1 inflight=0 retries=0 start_failures=0 uuid=B9179575C776C98F1CB132DD6EDC6223 name=- state_h=0x0000 ctrl_h=0x0000 result_h=0x0000
[AUTOPOS] Conn param updated[5]: int=6 lat=0 to=400
[AUTOPOS] Connected[1]: F2:B7:4E:8A:79:01 (random) name=- bs=-
[AUTOPOS] CONNECT state[1]: link=anchor-ctrl uuid=4DC6B8187E33803AE8601FB0D7992B96 ready=0 conn=0x20004bd8
[AUTOPOS] Disconnected[1]: F2:B7:4E:8A:79:01 (random) reason=0x3e link=anchor-ctrl ready=0
[AUTOPOS] SCAN start req: bt_ready=1 scan_running=0 connecting_slot=-1 conn_count=6 target=anchor prefix=ANCHOR-
[AUTOPOS] CONNECT pending[7]: addr_valid=1 link=anchor-ctrl uuid=B9179575C776C98F1CB132DD6EDC6223 scan_running=0 conn_count=6
[AUTOPOS] CONNECT pending[7] rc=-11 conn=0
[AUTOPOS] Create conn failed[7]: -11
[AUTOPOS] SCAN start req: bt_ready=1 scan_running=0 connecting_slot=-1 conn_count=6 target=anchor prefix=ANCHOR-
[AUTOPOS] Scanning for ANCHOR-* (already active rc=-16)
[AUTOPOS] Scanning for ANCHOR-*
[AUTOPOS] anchor role all matrix wait ready: waited=42000 ready=6/8
[AUTOPOS] READY count=6 target=anchor target_uuid=- conn_count=6 connecting_slot=-1 scan=1 auto=1
[AUTOPOS] READY peer[0]: link=anchor-ctrl connected=1 ready=1 pending=0 inflight=0 retries=0 start_failures=0 uuid=B2B5FA625534A8C617135DCAFC9E036A name=- state_h=0x0012 ctrl_h=0x0019 result_h=0x001b
[AUTOPOS] READY peer[2]: link=anchor-ctrl connected=1 ready=1 pending=0 inflight=0 retries=0 start_failures=0 uuid=B3087BC3D87CCCD316AEDC6B71D6677F name=- state_h=0x0012 ctrl_h=0x0019 result_h=0x001b
[AUTOPOS] READY peer[3]: link=anchor-ctrl connected=1 ready=1 pending=0 inflight=0 retries=0 start_failures=0 uuid=CF12E703AC1A118F6AB440AB05B0BA23 name=- state_h=0x0012 ctrl_h=0x0019 result_h=0x001b
[AUTOPOS] READY peer[4]: link=anchor-ctrl connected=1 ready=1 pending=0 inflight=0 retries=0 start_failures=0 uuid=CEE5A7EFCB35F8A56B430047629F5309 name=- state_h=0x0012 ctrl_h=0x0019 result_h=0x001b
[AUTOPOS] READY peer[5]: link=anchor-ctrl connected=1 ready=1 pending=0 inflight=0 retries=0 start_failures=0 uuid=840C68591E90019821AACFF1B73AAA34 name=- state_h=0x0012 ctrl_h=0x0019 result_h=0x001b
[AUTOPOS] READY peer[6]: link=anchor-ctrl connected=1 ready=1 pending=0 inflight=0 retries=0 start_failures=0 uuid=A892AF05DD59CF0D0D3408AD74F364A1 name=- state_h=0x0012 ctrl_h=0x0019 result_h=0x001b
[AUTOPOS] SCAN hit: C0:1D:D1:D0:CE:B0 (random) rssi=-49 name=- bs=- uuid=B9179575C776C98F1CB132DD6EDC6223 target=anchor uuid_ok=1 tag_name=0 anchor_name=0 nus=0 dfu=0 token=0 props=0x03
[AUTOPOS] CONNECT queue[1]: addr=C0:1D:D1:D0:CE:B0 (random) link=anchor-ctrl uuid=B9179575C776C98F1CB132DD6EDC6223 target=anchor
[AUTOPOS] CONNECT pending[1]: addr_valid=1 link=anchor-ctrl uuid=B9179575C776C98F1CB132DD6EDC6223 scan_running=1 conn_count=6
[AUTOPOS] CONNECT pending[1]: bt_le_scan_stop rc=0 scan_running=1
[AUTOPOS] CONNECT pending[1] rc=0 conn=0x20004bd8
[AUTOPOS] Connected[1]: C0:1D:D1:D0:CE:B0 (random) name=- bs=-
[AUTOPOS] CONNECT state[1]: link=anchor-ctrl uuid=B9179575C776C98F1CB132DD6EDC6223 ready=0 conn=0x20004bd8
SETUP[1] defer: waiting 897 ms before discovery start
SETUP[1] defer: waiting 847 ms before discovery start
SETUP[1] defer: waiting 797 ms before discovery start
SETUP[1] defer: waiting 746 ms before discovery start
SETUP[1] defer: waiting 696 ms before discovery start
SETUP[1] defer: waiting 646 ms before discovery start
SETUP[1] defer: waiting 595 ms before discovery start
SETUP[1] defer: waiting 545 ms before discovery start
SETUP[1] defer: waiting 495 ms before discovery start
SETUP[1] defer: waiting 444 ms before discovery start
SETUP[1] defer: waiting 394 ms before discovery start
SETUP[1] defer: waiting 344 ms before discovery start
SETUP[1] defer: waiting 293 ms before discovery start
SETUP[1] defer: waiting 243 ms before discovery start
SETUP[1] defer: waiting 193 ms before discovery start
SETUP[1] defer: waiting 142 ms before discovery start
SETUP[1] defer: waiting 92 ms before discovery start
SETUP[1] defer: waiting 42 ms before discovery start
SETUP[1] begin: link=anchor-ctrl uuid=B9179575C776C98F1CB132DD6EDC6223 conn=0x20004bd8
SETUP[1] mtu_exchange rc=0
SETUP[1] phy_update rc=0
SETUP[1] conn_param_update rc=0
[AUTOPOS] DISC start[1]: link=anchor-ctrl uuid=B9179575C776C98F1CB132DD6EDC6223 conn=0x20004bd8
[AUTOPOS] MTU exchange[1] done (498)
[AUTOPOS] Conn param updated[1]: int=6 lat=0 to=400
[AUTOPOS] PHY updated[1]: tx=0x2 rx=0x2
[AUTOPOS] anchor role all matrix aborted: ctrl ready gate failed ready=6/8
[AUTOPOS] READY count=6 target=anchor target_uuid=- conn_count=7 connecting_slot=-1 scan=0 auto=1
[AUTOPOS] READY peer[0]: link=anchor-ctrl connected=1 ready=1 pending=0 inflight=0 retries=0 start_failures=0 uuid=B2B5FA625534A8C617135DCAFC9E036A name=- state_h=0x0012 ctrl_h=0x0019 result_h=0x001b
[AUTOPOS] READY peer[1]: link=anchor-ctrl connected=1 ready=0 pending=0 inflight=1 retries=0 start_failures=0 uuid=B9179575C776C98F1CB132DD6EDC6223 name=- state_h=0x0000 ctrl_h=0x0000 result_h=0x0000
[AUTOPOS] READY peer[2]: link=anchor-ctrl connected=1 ready=1 pending=0 inflight=0 retries=0 start_failures=0 uuid=B3087BC3D87CCCD316AEDC6B71D6677F name=- state_h=0x0012 ctrl_h=0x0019 result_h=0x001b
[AUTOPOS] READY peer[3]: link=anchor-ctrl connected=1 ready=1 pending=0 inflight=0 retries=0 start_failures=0 uuid=CF12E703AC1A118F6AB440AB05B0BA23 name=- state_h=0x0012 ctrl_h=0x0019 result_h=0x001b
[AUTOPOS] READY peer[4]: link=anchor-ctrl connected=1 ready=1 pending=0 inflight=0 retries=0 start_failures=0 uuid=CEE5A7EFCB35F8A56B430047629F5309 name=- state_h=0x0012 ctrl_h=0x0019 result_h=0x001b
[AUTOPOS] READY peer[5]: link=anchor-ctrl connected=1 ready=1 pending=0 inflight=0 retries=0 start_failures=0 uuid=840C68591E90019821AACFF1B73AAA34 name=- state_h=0x0012 ctrl_h=0x0019 result_h=0x001b
[AUTOPOS] READY peer[6]: link=anchor-ctrl connected=1 ready=1 pending=0 inflight=0 retries=0 start_failures=0 uuid=A892AF05DD59CF0D0D3408AD74F364A1 name=- state_h=0x0012 ctrl_h=0x0019 result_h=0x001b
[AUTOPOS] anchor role rc=-11 target=all role=matrix
[AUTOPOS] DISC complete[1]: link=anchor-ctrl discovered_service=2800 uuid=B9179575C776C98F1CB132DD6EDC6223
[AUTOPOS] DISC anchor service found[1]: uuid=B9179575C776C98F1CB132DD6EDC6223
[AUTOPOS] Anchor ctrl state subscribe[1] rc=0
[AUTOPOS] Anchor ctrl result subscribe[1] rc=0
[AUTOPOS] ANCHOR_CTRL[1] link ready handle=0x0019 result=0x001b uuid=B9179575C776C98F1CB132DD6EDC6223
[AUTOPOS] SCAN start req: bt_ready=1 scan_running=0 connecting_slot=-1 conn_count=7 target=anchor prefix=ANCHOR-
[AUTOPOS] Scanning for ANCHOR-*
[AUTOPOS] SCAN hit: F2:B7:4E:8A:79:01 (random) rssi=-73 name=- bs=- uuid=4DC6B8187E33803AE8601FB0D7992B96 target=anchor uuid_ok=1 tag_name=0 anchor_name=0 nus=0 dfu=0 token=0 props=0x03
[AUTOPOS] CONNECT queue[7]: addr=F2:B7:4E:8A:79:01 (random) link=anchor-ctrl uuid=4DC6B8187E33803AE8601FB0D7992B96 target=anchor
[AUTOPOS] CONNECT pending[7]: addr_valid=1 link=anchor-ctrl uuid=4DC6B8187E33803AE8601FB0D7992B96 scan_running=1 conn_count=7
[AUTOPOS] CONNECT pending[7]: bt_le_scan_stop rc=0 scan_running=1
[AUTOPOS] CONNECT pending[7] rc=0 conn=0x20004e48
[AUTOPOS] Connected[7]: F2:B7:4E:8A:79:01 (random) name=- bs=-
[AUTOPOS] CONNECT state[7]: link=anchor-ctrl uuid=4DC6B8187E33803AE8601FB0D7992B96 ready=0 conn=0x20004e48
[AUTOPOS] Disconnected[6]: D9:C7:9C:16:71:C9 (random) reason=0x08 link=anchor-ctrl ready=1
[AUTOPOS] SCAN start req: bt_ready=1 scan_running=0 connecting_slot=-1 conn_count=7 target=anchor prefix=ANCHOR-
SETUP[7] defer: waiting 866 ms before discovery start
[AUTOPOS] Scanning for ANCHOR-*
SETUP[7] defer: waiting 815 ms before discovery start
SETUP[7] defer: waiting 765 ms before discovery start
[AUTOPOS] Disconnected[5]: E9:CB:F3:C4:51:43 (random) reason=0x08 link=anchor-ctrl ready=1
SETUP[7] defer: waiting 714 ms before discovery start
[AUTOPOS] SCAN hit: D9:C7:9C:16:71:C9 (random) rssi=-62 name=- bs=- uuid=A892AF05DD59CF0D0D3408AD74F364A1 target=anchor uuid_ok=1 tag_name=0 anchor_name=0 nus=0 dfu=0 token=0 props=0x03
[AUTOPOS] CONNECT queue[5]: addr=D9:C7:9C:16:71:C9 (random) link=anchor-ctrl uuid=A892AF05DD59CF0D0D3408AD74F364A1 target=anchor
SETUP[7] defer: waiting 664 ms before discovery start
SETUP[7] defer: waiting 614 ms before discovery start
SETUP[7] defer: waiting 563 ms before discovery start
SETUP[7] defer: waiting 513 ms before discovery start
SETUP[7] defer: waiting 463 ms before discovery start
SETUP[7] defer: waiting 412 ms before discovery start
SETUP[7] defer: waiting 362 ms before discovery start
SETUP[7] defer: waiting 312 ms before discovery start
SETUP[7] defer: waiting 261 ms before discovery start
SETUP[7] defer: waiting 211 ms before discovery start
SETUP[7] defer: waiting 161 ms before discovery start
SETUP[7] defer: waiting 110 ms before discovery start
[AUTOPOS] SCAN hit: E9:CB:F3:C4:51:43 (random) rssi=-47 name=- bs=- uuid=840C68591E90019821AACFF1B73AAA34 target=anchor uuid_ok=1 tag_name=0 anchor_name=0 nus=0 dfu=0 token=0 props=0x03
[AUTOPOS] CONNECT queue[6]: addr=E9:CB:F3:C4:51:43 (random) link=anchor-ctrl uuid=840C68591E90019821AACFF1B73AAA34 target=anchor
SETUP[7] defer: waiting 60 ms before discovery start
SETUP[7] defer: waiting 10 ms before discovery start
SETUP[7] begin: link=anchor-ctrl uuid=4DC6B8187E33803AE8601FB0D7992B96 conn=0x20004e48
SETUP[7] mtu_exchange rc=0
SETUP[7] phy_update rc=0
SETUP[7] conn_param_update rc=0
[AUTOPOS] DISC start[7]: link=anchor-ctrl uuid=4DC6B8187E33803AE8601FB0D7992B96 conn=0x20004e48
[AUTOPOS] MTU exchange[7] done (498)
[AUTOPOS] Conn param updated[7]: int=6 lat=0 to=400
[AUTOPOS] PHY updated[7]: tx=0x2 rx=0x2
[AUTOPOS] Conn param updated[1]: int=6 lat=0 to=400
[AUTOPOS] DISC complete[7]: link=anchor-ctrl discovered_service=2800 uuid=4DC6B8187E33803AE8601FB0D7992B96
[AUTOPOS] DISC anchor service found[7]: uuid=4DC6B8187E33803AE8601FB0D7992B96
[AUTOPOS] Anchor ctrl state subscribe[7] rc=0
[AUTOPOS] Anchor ctrl result subscribe[7] rc=0
[AUTOPOS] ANCHOR_CTRL[7] link ready handle=0x0019 result=0x001b uuid=4DC6B8187E33803AE8601FB0D7992B96
[AUTOPOS] CONNECT pending[5]: addr_valid=1 link=anchor-ctrl uuid=A892AF05DD59CF0D0D3408AD74F364A1 scan_running=1 conn_count=6
[AUTOPOS] CONNECT pending[5]: addr_valid=1 link=anchor-ctrl uuid=A892AF05DD59CF0D0D3408AD74F364A1 scan_running=1 conn_count=6
[AUTOPOS] CONNECT pending[5]: bt_le_scan_stop rc=0 scan_running=1
[AUTOPOS] CONNECT pending[5] rc=0 conn=0x20004ca8
[AUTOPOS] CONNECT pending[5]: bt_le_scan_stop rc=0 scan_running=0
[AUTOPOS] CONNECT pending[5] rc=-120 conn=0x20004ca8
[AUTOPOS] Create conn failed[5]: -120
[AUTOPOS] SCAN start req: bt_ready=1 scan_running=0 connecting_slot=-1 conn_count=6 target=anchor prefix=ANCHOR-
[AUTOPOS] Failed to start scan: -1
[AUTOPOS] CONNECT pending[6]: addr_valid=1 link=anchor-ctrl uuid=840C68591E90019821AACFF1B73AAA34 scan_running=0 conn_count=6
[AUTOPOS] CONNECT pending[6] rc=-120 conn=0
[AUTOPOS] Create conn failed[6]: -120
[AUTOPOS] SCAN start req: bt_ready=1 scan_running=0 connecting_slot=-1 conn_count=6 target=anchor prefix=ANCHOR-
[AUTOPOS] Failed to start scan: -1
[AUTOPOS] Connected to D9:C7:9C:16:71:C9 (random) but no slot was reserved
[AUTOPOS] Disconnected[-1]: D9:C7:9C:16:71:C9 (random) reason=0x16 link=none ready=0
[AUTOPOS] Disconnected untracked peer: conn_count unchanged=6
[AUTOPOS] SCAN start req: bt_ready=1 scan_running=0 connecting_slot=-1 conn_count=6 target=anchor prefix=ANCHOR-
[AUTOPOS] Scanning for ANCHOR-*
[AUTOPOS] SCAN hit: D9:C7:9C:16:71:C9 (random) rssi=-69 name=- bs=- uuid=A892AF05DD59CF0D0D3408AD74F364A1 target=anchor uuid_ok=1 tag_name=0 anchor_name=0 nus=0 dfu=0 token=0 props=0x03
[AUTOPOS] CONNECT queue[5]: addr=D9:C7:9C:16:71:C9 (random) link=anchor-ctrl uuid=A892AF05DD59CF0D0D3408AD74F364A1 target=anchor
[AUTOPOS] CONNECT pending[5]: addr_valid=1 link=anchor-ctrl uuid=A892AF05DD59CF0D0D3408AD74F364A1 scan_running=1 conn_count=6
[AUTOPOS] CONNECT pending[5]: bt_le_scan_stop rc=0 scan_running=1
[AUTOPOS] CONNECT pending[5] rc=0 conn=0x20004ca8
[AUTOPOS] Connected[5]: D9:C7:9C:16:71:C9 (random) name=- bs=-
[AUTOPOS] CONNECT state[5]: link=anchor-ctrl uuid=A892AF05DD59CF0D0D3408AD74F364A1 ready=0 conn=0x20004ca8
SETUP[5] defer: waiting 896 ms before discovery start
SETUP[5] defer: waiting 846 ms before discovery start
SETUP[5] defer: waiting 795 ms before discovery start
SETUP[5] defer: waiting 745 ms before discovery start
SETUP[5] defer: waiting 695 ms before discovery start
SETUP[5] defer: waiting 644 ms before discovery start
SETUP[5] defer: waiting 594 ms before discovery start
SETUP[5] defer: waiting 544 ms before discovery start
SETUP[5] defer: waiting 493 ms before discovery start
SETUP[5] defer: waiting 443 ms before discovery start
SETUP[5] defer: waiting 393 ms before discovery start
SETUP[5] defer: waiting 342 ms before discovery start
SETUP[5] defer: waiting 292 ms before discovery start
SETUP[5] defer: waiting 242 ms before discovery start
SETUP[5] defer: waiting 191 ms before discovery start
SETUP[5] defer: waiting 141 ms before discovery start
SETUP[5] defer: waiting 91 ms before discovery start
SETUP[5] defer: waiting 40 ms before discovery start
SETUP[5] begin: link=anchor-ctrl uuid=A892AF05DD59CF0D0D3408AD74F364A1 conn=0x20004ca8
SETUP[5] mtu_exchange rc=0
SETUP[5] phy_update rc=0
SETUP[5] conn_param_update rc=0
[AUTOPOS] DISC start[5]: link=anchor-ctrl uuid=A892AF05DD59CF0D0D3408AD74F364A1 conn=0x20004ca8
[AUTOPOS] MTU exchange[5] done (498)
[AUTOPOS] Conn param updated[5]: int=6 lat=0 to=400
[AUTOPOS] PHY updated[5]: tx=0x2 rx=0x2
[AUTOPOS] DISC complete[5]: link=anchor-ctrl discovered_service=2800 uuid=A892AF05DD59CF0D0D3408AD74F364A1
[AUTOPOS] DISC anchor service found[5]: uuid=A892AF05DD59CF0D0D3408AD74F364A1
[AUTOPOS] Anchor ctrl state subscribe[5] rc=0
[AUTOPOS] Anchor ctrl result subscribe[5] rc=0
[AUTOPOS] ANCHOR_CTRL[5] link ready handle=0x0019 result=0x001b uuid=A892AF05DD59CF0D0D3408AD74F364A1
[AUTOPOS] SCAN start req: bt_ready=1 scan_running=0 connecting_slot=-1 conn_count=7 target=anchor prefix=ANCHOR-
[AUTOPOS] Scanning for ANCHOR-*
[AUTOPOS] Disconnected[1]: C0:1D:D1:D0:CE:B0 (random) reason=0x08 link=anchor-ctrl ready=1
[AUTOPOS] Disconnected[7]: F2:B7:4E:8A:79:01 (random) reason=0x08 link=anchor-ctrl ready=1
[AUTOPOS] SCAN hit: F2:B7:4E:8A:79:01 (random) rssi=-71 name=- bs=- uuid=4DC6B8187E33803AE8601FB0D7992B96 target=anchor uuid_ok=1 tag_name=0 anchor_name=0 nus=0 dfu=0 token=0 props=0x03
[AUTOPOS] CONNECT queue[1]: addr=F2:B7:4E:8A:79:01 (random) link=anchor-ctrl uuid=4DC6B8187E33803AE8601FB0D7992B96 target=anchor
[AUTOPOS] CONNECT pending[1]: addr_valid=1 link=anchor-ctrl uuid=4DC6B8187E33803AE8601FB0D7992B96 scan_running=1 conn_count=5
[AUTOPOS] CONNECT pending[1]: bt_le_scan_stop rc=0 scan_running=1
[AUTOPOS] CONNECT pending[1] rc=0 conn=0x20004bd8
[AUTOPOS] Connected[1]: F2:B7:4E:8A:79:01 (random) name=- bs=-
[AUTOPOS] CONNECT state[1]: link=anchor-ctrl uuid=4DC6B8187E33803AE8601FB0D7992B96 ready=0 conn=0x20004bd8
SETUP[1] defer: waiting 857 ms before discovery start
SETUP[1] defer: waiting 807 ms before discovery start
SETUP[1] defer: waiting 756 ms before discovery start
SETUP[1] defer: waiting 706 ms before discovery start
SETUP[1] defer: waiting 656 ms before discovery start
SETUP[1] defer: waiting 605 ms before discovery start
SETUP[1] defer: waiting 555 ms before discovery start
SETUP[1] defer: waiting 505 ms before discovery start
SETUP[1] defer: waiting 455 ms before discovery start
SETUP[1] defer: waiting 404 ms before discovery start
SETUP[1] defer: waiting 354 ms before discovery start
SETUP[1] defer: waiting 304 ms before discovery start
SETUP[1] defer: waiting 253 ms before discovery start
SETUP[1] defer: waiting 203 ms before discovery start
SETUP[1] defer: waiting 153 ms before discovery start
SETUP[1] defer: waiting 102 ms before discovery start
SETUP[1] defer: waiting 52 ms before discovery start
SETUP[1] defer: waiting 2 ms before discovery start
SETUP[1] begin: link=anchor-ctrl uuid=4DC6B8187E33803AE8601FB0D7992B96 conn=0x20004bd8
SETUP[1] mtu_exchange rc=0
SETUP[1] phy_update rc=0
SETUP[1] conn_param_update rc=0
[AUTOPOS] DISC start[1]: link=anchor-ctrl uuid=4DC6B8187E33803AE8601FB0D7992B96 conn=0x20004bd8
[AUTOPOS] MTU exchange[1] done (498)
[AUTOPOS] Conn param updated[1]: int=6 lat=0 to=400
[AUTOPOS] Conn param updated[5]: int=6 lat=0 to=400
[AUTOPOS] PHY updated[1]: tx=0x2 rx=0x2
SESSION: runtime role broadcast attempt 7/7: anchor role all matrix
>>> anchor role all matrix
[AUTOPOS] anchor role started target=all role=matrix
[AUTOPOS] Master discovery mode: CONN & START
[AUTOPOS] anchor role all matrix wait ready: waited=0 ready=5/8
[AUTOPOS] READY count=5 target=anchor target_uuid=- conn_count=6 connecting_slot=-1 scan=0 auto=1
[AUTOPOS] READY peer[0]: link=anchor-ctrl connected=1 ready=1 pending=0 inflight=0 retries=0 start_failures=0 uuid=B2B5FA625534A8C617135DCAFC9E036A name=- state_h=0x0012 ctrl_h=0x0019 result_h=0x001b
[AUTOPOS] READY peer[1]: link=anchor-ctrl connected=1 ready=0 pending=0 inflight=1 retries=0 start_failures=0 uuid=4DC6B8187E33803AE8601FB0D7992B96 name=- state_h=0x0000 ctrl_h=0x0000 result_h=0x0000
[AUTOPOS] READY peer[2]: link=anchor-ctrl connected=1 ready=1 pending=0 inflight=0 retries=0 start_failures=0 uuid=B3087BC3D87CCCD316AEDC6B71D6677F name=- state_h=0x0012 ctrl_h=0x0019 result_h=0x001b
[AUTOPOS] READY peer[3]: link=anchor-ctrl connected=1 ready=1 pending=0 inflight=0 retries=0 start_failures=0 uuid=CF12E703AC1A118F6AB440AB05B0BA23 name=- state_h=0x0012 ctrl_h=0x0019 result_h=0x001b
[AUTOPOS] READY peer[4]: link=anchor-ctrl connected=1 ready=1 pending=0 inflight=0 retries=0 start_failures=0 uuid=CEE5A7EFCB35F8A56B430047629F5309 name=- state_h=0x0012 ctrl_h=0x0019 result_h=0x001b
[AUTOPOS] READY peer[5]: link=anchor-ctrl connected=1 ready=1 pending=0 inflight=0 retries=0 start_failures=0 uuid=A892AF05DD59CF0D0D3408AD74F364A1 name=- state_h=0x0012 ctrl_h=0x0019 result_h=0x001b
[AUTOPOS] Disconnected[5]: D9:C7:9C:16:71:C9 (random) reason=0x08 link=anchor-ctrl ready=1
[AUTOPOS] SCAN start req: bt_ready=1 scan_running=0 connecting_slot=-1 conn_count=5 target=anchor prefix=ANCHOR-
[AUTOPOS] Scanning for ANCHOR-*
[AUTOPOS] Disconnected[1]: F2:B7:4E:8A:79:01 (random) reason=0x08 link=anchor-ctrl ready=0
[AUTOPOS] GATT discovery error[-1]: -12
[AUTOPOS] anchor role all matrix wait ready: waited=750 ready=4/8
[AUTOPOS] READY count=4 target=anchor target_uuid=- conn_count=4 connecting_slot=-1 scan=1 auto=1
[AUTOPOS] READY peer[0]: link=anchor-ctrl connected=1 ready=1 pending=0 inflight=0 retries=0 start_failures=0 uuid=B2B5FA625534A8C617135DCAFC9E036A name=- state_h=0x0012 ctrl_h=0x0019 result_h=0x001b
[AUTOPOS] READY peer[2]: link=anchor-ctrl connected=1 ready=1 pending=0 inflight=0 retries=0 start_failures=0 uuid=B3087BC3D87CCCD316AEDC6B71D6677F name=- state_h=0x0012 ctrl_h=0x0019 result_h=0x001b
[AUTOPOS] READY peer[3]: link=anchor-ctrl connected=1 ready=1 pending=0 inflight=0 retries=0 start_failures=0 uuid=CF12E703AC1A118F6AB440AB05B0BA23 name=- state_h=0x0012 ctrl_h=0x0019 result_h=0x001b
[AUTOPOS] READY peer[4]: link=anchor-ctrl connected=1 ready=1 pending=0 inflight=0 retries=0 start_failures=0 uuid=CEE5A7EFCB35F8A56B430047629F5309 name=- state_h=0x0012 ctrl_h=0x0019 result_h=0x001b
[AUTOPOS] SCAN hit: D9:C7:9C:16:71:C9 (random) rssi=-61 name=- bs=- uuid=A892AF05DD59CF0D0D3408AD74F364A1 target=anchor uuid_ok=1 tag_name=0 anchor_name=0 nus=0 dfu=0 token=0 props=0x03
[AUTOPOS] CONNECT queue[1]: addr=D9:C7:9C:16:71:C9 (random) link=anchor-ctrl uuid=A892AF05DD59CF0D0D3408AD74F364A1 target=anchor
[AUTOPOS] SCAN hit: E9:CB:F3:C4:51:43 (random) rssi=-46 name=- bs=- uuid=840C68591E90019821AACFF1B73AAA34 target=anchor uuid_ok=1 tag_name=0 anchor_name=0 nus=0 dfu=0 token=0 props=0x03
[AUTOPOS] CONNECT queue[5]: addr=E9:CB:F3:C4:51:43 (random) link=anchor-ctrl uuid=840C68591E90019821AACFF1B73AAA34 target=anchor
[AUTOPOS] SCAN hit: C0:1D:D1:D0:CE:B0 (random) rssi=-60 name=- bs=- uuid=B9179575C776C98F1CB132DD6EDC6223 target=anchor uuid_ok=1 tag_name=0 anchor_name=0 nus=0 dfu=0 token=0 props=0x03
[AUTOPOS] CONNECT queue[6]: addr=C0:1D:D1:D0:CE:B0 (random) link=anchor-ctrl uuid=B9179575C776C98F1CB132DD6EDC6223 target=anchor
[AUTOPOS] SCAN hit: F2:B7:4E:8A:79:01 (random) rssi=-74 name=- bs=- uuid=4DC6B8187E33803AE8601FB0D7992B96 target=anchor uuid_ok=1 tag_name=0 anchor_name=0 nus=0 dfu=0 token=0 props=0x03
[AUTOPOS] CONNECT queue[7]: addr=F2:B7:4E:8A:79:01 (random) link=anchor-ctrl uuid=4DC6B8187E33803AE8601FB0D7992B96 target=anchor
[AUTOPOS] CONNECT pending[1]: addr_valid=1 link=anchor-ctrl uuid=A892AF05DD59CF0D0D3408AD74F364A1 scan_running=1 conn_count=4
[AUTOPOS] CONNECT pending[1]: bt_le_scan_stop rc=0 scan_running=1
[AUTOPOS] CONNECT pending[1] rc=0 conn=0x20004bd8
[AUTOPOS] Connected[1]: D9:C7:9C:16:71:C9 (random) name=- bs=-
[AUTOPOS] CONNECT state[1]: link=anchor-ctrl uuid=A892AF05DD59CF0D0D3408AD74F364A1 ready=0 conn=0x20004bd8
SETUP[1] defer: waiting 884 ms before discovery start
SETUP[1] defer: waiting 833 ms before discovery start
SETUP[1] defer: waiting 783 ms before discovery start
SETUP[1] defer: waiting 733 ms before discovery start
SETUP[1] defer: waiting 682 ms before discovery start
SETUP[1] defer: waiting 632 ms before discovery start
SETUP[1] defer: waiting 582 ms before discovery start
SETUP[1] defer: waiting 531 ms before discovery start
SETUP[1] defer: waiting 481 ms before discovery start
SETUP[1] defer: waiting 431 ms before discovery start
SETUP[1] defer: waiting 380 ms before discovery start
SETUP[1] defer: waiting 330 ms before discovery start
SETUP[1] defer: waiting 280 ms before discovery start
SETUP[1] defer: waiting 229 ms before discovery start
SETUP[1] defer: waiting 179 ms before discovery start
SETUP[1] defer: waiting 129 ms before discovery start
SETUP[1] defer: waiting 78 ms before discovery start
SETUP[1] defer: waiting 28 ms before discovery start
SETUP[1] begin: link=anchor-ctrl uuid=A892AF05DD59CF0D0D3408AD74F364A1 conn=0x20004bd8
SETUP[1] mtu_exchange rc=0
SETUP[1] phy_update rc=0
SETUP[1] conn_param_update rc=0
[AUTOPOS] DISC start[1]: link=anchor-ctrl uuid=A892AF05DD59CF0D0D3408AD74F364A1 conn=0x20004bd8
[AUTOPOS] MTU exchange[1] done (498)
[AUTOPOS] Conn param updated[1]: int=6 lat=0 to=400
[AUTOPOS] PHY updated[1]: tx=0x2 rx=0x2
[AUTOPOS] anchor role all matrix wait ready: waited=3000 ready=4/8
[AUTOPOS] READY count=4 target=anchor target_uuid=- conn_count=5 connecting_slot=-1 scan=0 auto=1
[AUTOPOS] READY peer[0]: link=anchor-ctrl connected=1 ready=1 pending=0 inflight=0 retries=0 start_failures=0 uuid=B2B5FA625534A8C617135DCAFC9E036A name=- state_h=0x0012 ctrl_h=0x0019 result_h=0x001b
[AUTOPOS] READY peer[1]: link=anchor-ctrl connected=1 ready=0 pending=0 inflight=1 retries=0 start_failures=0 uuid=A892AF05DD59CF0D0D3408AD74F364A1 name=- state_h=0x0000 ctrl_h=0x0000 result_h=0x0000
[AUTOPOS] READY peer[2]: link=anchor-ctrl connected=1 ready=1 pending=0 inflight=0 retries=0 start_failures=0 uuid=B3087BC3D87CCCD316AEDC6B71D6677F name=- state_h=0x0012 ctrl_h=0x0019 result_h=0x001b
[AUTOPOS] READY peer[3]: link=anchor-ctrl connected=1 ready=1 pending=0 inflight=0 retries=0 start_failures=0 uuid=CF12E703AC1A118F6AB440AB05B0BA23 name=- state_h=0x0012 ctrl_h=0x0019 result_h=0x001b
[AUTOPOS] READY peer[4]: link=anchor-ctrl connected=1 ready=1 pending=0 inflight=0 retries=0 start_failures=0 uuid=CEE5A7EFCB35F8A56B430047629F5309 name=- state_h=0x0012 ctrl_h=0x0019 result_h=0x001b
[AUTOPOS] READY peer[5]: link=anchor-ctrl connected=0 ready=0 pending=1 inflight=0 retries=0 start_failures=0 uuid=840C68591E90019821AACFF1B73AAA34 name=- state_h=0x0000 ctrl_h=0x0000 result_h=0x0000
[AUTOPOS] READY peer[6]: link=anchor-ctrl connected=0 ready=0 pending=1 inflight=0 retries=0 start_failures=0 uuid=B9179575C776C98F1CB132DD6EDC6223 name=- state_h=0x0000 ctrl_h=0x0000 result_h=0x0000
[AUTOPOS] READY peer[7]: link=anchor-ctrl connected=0 ready=0 pending=1 inflight=0 retries=0 start_failures=0 uuid=4DC6B8187E33803AE8601FB0D7992B96 name=- state_h=0x0000 ctrl_h=0x0000 result_h=0x0000
[AUTOPOS] anchor role all matrix wait ready: waited=6000 ready=4/8
[AUTOPOS] READY count=4 target=anchor target_uuid=- conn_count=5 connecting_slot=-1 scan=0 auto=1
[AUTOPOS] READY peer[0]: link=anchor-ctrl connected=1 ready=1 pending=0 inflight=0 retries=0 start_failures=0 uuid=B2B5FA625534A8C617135DCAFC9E036A name=- state_h=0x0012 ctrl_h=0x0019 result_h=0x001b
[AUTOPOS] READY peer[1]: link=anchor-ctrl connected=1 ready=0 pending=0 inflight=1 retries=0 start_failures=0 uuid=A892AF05DD59CF0D0D3408AD74F364A1 name=- state_h=0x0000 ctrl_h=0x0000 result_h=0x0000
[AUTOPOS] READY peer[2]: link=anchor-ctrl connected=1 ready=1 pending=0 inflight=0 retries=0 start_failures=0 uuid=B3087BC3D87CCCD316AEDC6B71D6677F name=- state_h=0x0012 ctrl_h=0x0019 result_h=0x001b
[AUTOPOS] READY peer[3]: link=anchor-ctrl connected=1 ready=1 pending=0 inflight=0 retries=0 start_failures=0 uuid=CF12E703AC1A118F6AB440AB05B0BA23 name=- state_h=0x0012 ctrl_h=0x0019 result_h=0x001b
[AUTOPOS] READY peer[4]: link=anchor-ctrl connected=1 ready=1 pending=0 inflight=0 retries=0 start_failures=0 uuid=CEE5A7EFCB35F8A56B430047629F5309 name=- state_h=0x0012 ctrl_h=0x0019 result_h=0x001b
[AUTOPOS] READY peer[5]: link=anchor-ctrl connected=0 ready=0 pending=1 inflight=0 retries=0 start_failures=0 uuid=840C68591E90019821AACFF1B73AAA34 name=- state_h=0x0000 ctrl_h=0x0000 result_h=0x0000
[AUTOPOS] READY peer[6]: link=anchor-ctrl connected=0 ready=0 pending=1 inflight=0 retries=0 start_failures=0 uuid=B9179575C776C98F1CB132DD6EDC6223 name=- state_h=0x0000 ctrl_h=0x0000 result_h=0x0000
[AUTOPOS] READY peer[7]: link=anchor-ctrl connected=0 ready=0 pending=1 inflight=0 retries=0 start_failures=0 uuid=4DC6B8187E33803AE8601FB0D7992B96 name=- state_h=0x0000 ctrl_h=0x0000 result_h=0x0000
[AUTOPOS] DISC complete[1]: link=anchor-ctrl discovered_service=2800 uuid=A892AF05DD59CF0D0D3408AD74F364A1
[AUTOPOS] DISC anchor service found[1]: uuid=A892AF05DD59CF0D0D3408AD74F364A1
[AUTOPOS] Anchor ctrl state characteristic missing[1]
[AUTOPOS] Disconnected[1]: D9:C7:9C:16:71:C9 (random) reason=0x08 link=anchor-ctrl ready=0
[AUTOPOS] SCAN start req: bt_ready=1 scan_running=0 connecting_slot=-1 conn_count=4 target=anchor prefix=ANCHOR-
[AUTOPOS] Scanning for ANCHOR-*
[AUTOPOS] CONNECT pending[5]: addr_valid=1 link=anchor-ctrl uuid=840C68591E90019821AACFF1B73AAA34 scan_running=1 conn_count=4
[AUTOPOS] CONNECT pending[5]: bt_le_scan_stop rc=0 scan_running=1
[AUTOPOS] CONNECT pending[5] rc=0 conn=0x20004ca8
[AUTOPOS] Connected[5]: E9:CB:F3:C4:51:43 (random) name=- bs=-
[AUTOPOS] CONNECT state[5]: link=anchor-ctrl uuid=840C68591E90019821AACFF1B73AAA34 ready=0 conn=0x20004ca8
SETUP[5] defer: waiting 888 ms before discovery start
SETUP[5] defer: waiting 837 ms before discovery start
SETUP[5] defer: waiting 787 ms before discovery start
SETUP[5] defer: waiting 737 ms before discovery start
SETUP[5] defer: waiting 687 ms before discovery start
SETUP[5] defer: waiting 636 ms before discovery start
SETUP[5] defer: waiting 586 ms before discovery start
SETUP[5] defer: waiting 536 ms before discovery start
SETUP[5] defer: waiting 485 ms before discovery start
SETUP[5] defer: waiting 435 ms before discovery start
SETUP[5] defer: waiting 385 ms before discovery start
SETUP[5] defer: waiting 334 ms before discovery start
SETUP[5] defer: waiting 284 ms before discovery start
SETUP[5] defer: waiting 234 ms before discovery start
SETUP[5] defer: waiting 183 ms before discovery start
SETUP[5] defer: waiting 133 ms before discovery start
SETUP[5] defer: waiting 83 ms before discovery start
SETUP[5] defer: waiting 32 ms before discovery start
SETUP[5] begin: link=anchor-ctrl uuid=840C68591E90019821AACFF1B73AAA34 conn=0x20004ca8
SETUP[5] mtu_exchange rc=0
SETUP[5] phy_update rc=0
SETUP[5] conn_param_update rc=0
[AUTOPOS] DISC start[5]: link=anchor-ctrl uuid=840C68591E90019821AACFF1B73AAA34 conn=0x20004ca8
[AUTOPOS] MTU exchange[5] done (498)
[AUTOPOS] Conn param updated[5]: int=6 lat=0 to=400
[AUTOPOS] PHY updated[5]: tx=0x2 rx=0x2
[AUTOPOS] anchor role all matrix wait ready: waited=9000 ready=4/8
[AUTOPOS] READY count=4 target=anchor target_uuid=- conn_count=5 connecting_slot=-1 scan=0 auto=1
[AUTOPOS] READY peer[0]: link=anchor-ctrl connected=1 ready=1 pending=0 inflight=0 retries=0 start_failures=0 uuid=B2B5FA625534A8C617135DCAFC9E036A name=- state_h=0x0012 ctrl_h=0x0019 result_h=0x001b
[AUTOPOS] READY peer[2]: link=anchor-ctrl connected=1 ready=1 pending=0 inflight=0 retries=0 start_failures=0 uuid=B3087BC3D87CCCD316AEDC6B71D6677F name=- state_h=0x0012 ctrl_h=0x0019 result_h=0x001b
[AUTOPOS] READY peer[3]: link=anchor-ctrl connected=1 ready=1 pending=0 inflight=0 retries=0 start_failures=0 uuid=CF12E703AC1A118F6AB440AB05B0BA23 name=- state_h=0x0012 ctrl_h=0x0019 result_h=0x001b
[AUTOPOS] READY peer[4]: link=anchor-ctrl connected=1 ready=1 pending=0 inflight=0 retries=0 start_failures=0 uuid=CEE5A7EFCB35F8A56B430047629F5309 name=- state_h=0x0012 ctrl_h=0x0019 result_h=0x001b
[AUTOPOS] READY peer[5]: link=anchor-ctrl connected=1 ready=0 pending=0 inflight=1 retries=0 start_failures=0 uuid=840C68591E90019821AACFF1B73AAA34 name=- state_h=0x0000 ctrl_h=0x0000 result_h=0x0000
[AUTOPOS] READY peer[6]: link=anchor-ctrl connected=0 ready=0 pending=1 inflight=0 retries=0 start_failures=0 uuid=B9179575C776C98F1CB132DD6EDC6223 name=- state_h=0x0000 ctrl_h=0x0000 result_h=0x0000
[AUTOPOS] READY peer[7]: link=anchor-ctrl connected=0 ready=0 pending=1 inflight=0 retries=0 start_failures=0 uuid=4DC6B8187E33803AE8601FB0D7992B96 name=- state_h=0x0000 ctrl_h=0x0000 result_h=0x0000
[AUTOPOS] DISC complete[5]: link=anchor-ctrl discovered_service=2800 uuid=840C68591E90019821AACFF1B73AAA34
[AUTOPOS] DISC anchor service found[5]: uuid=840C68591E90019821AACFF1B73AAA34
[AUTOPOS] Anchor ctrl state subscribe[5] rc=0
[AUTOPOS] Anchor ctrl result subscribe[5] rc=0
[AUTOPOS] ANCHOR_CTRL[5] link ready handle=0x0019 result=0x001b uuid=840C68591E90019821AACFF1B73AAA34
[AUTOPOS] CONNECT pending[6]: addr_valid=1 link=anchor-ctrl uuid=B9179575C776C98F1CB132DD6EDC6223 scan_running=0 conn_count=5
[AUTOPOS] CONNECT pending[6] rc=0 conn=0x20004bd8
[AUTOPOS] anchor role all matrix wait ready: waited=9500 ready=5/8
[AUTOPOS] READY count=5 target=anchor target_uuid=- conn_count=5 connecting_slot=6 scan=0 auto=1
[AUTOPOS] READY peer[0]: link=anchor-ctrl connected=1 ready=1 pending=0 inflight=0 retries=0 start_failures=0 uuid=B2B5FA625534A8C617135DCAFC9E036A name=- state_h=0x0012 ctrl_h=0x0019 result_h=0x001b
[AUTOPOS] READY peer[2]: link=anchor-ctrl connected=1 ready=1 pending=0 inflight=0 retries=0 start_failures=0 uuid=B3087BC3D87CCCD316AEDC6B71D6677F name=- state_h=0x0012 ctrl_h=0x0019 result_h=0x001b
[AUTOPOS] READY peer[3]: link=anchor-ctrl connected=1 ready=1 pending=0 inflight=0 retries=0 start_failures=0 uuid=CF12E703AC1A118F6AB440AB05B0BA23 name=- state_h=0x0012 ctrl_h=0x0019 result_h=0x001b
[AUTOPOS] READY peer[4]: link=anchor-ctrl connected=1 ready=1 pending=0 inflight=0 retries=0 start_failures=0 uuid=CEE5A7EFCB35F8A56B430047629F5309 name=- state_h=0x0012 ctrl_h=0x0019 result_h=0x001b
[AUTOPOS] READY peer[5]: link=anchor-ctrl connected=1 ready=1 pending=0 inflight=0 retries=0 start_failures=0 uuid=840C68591E90019821AACFF1B73AAA34 name=- state_h=0x0012 ctrl_h=0x0019 result_h=0x001b
[AUTOPOS] READY peer[6]: link=anchor-ctrl connected=0 ready=0 pending=1 inflight=0 retries=0 start_failures=0 uuid=B9179575C776C98F1CB132DD6EDC6223 name=- state_h=0x0000 ctrl_h=0x0000 result_h=0x0000
[AUTOPOS] READY peer[7]: link=anchor-ctrl connected=0 ready=0 pending=1 inflight=0 retries=0 start_failures=0 uuid=4DC6B8187E33803AE8601FB0D7992B96 name=- state_h=0x0000 ctrl_h=0x0000 result_h=0x0000
[AUTOPOS] Connected[6]: C0:1D:D1:D0:CE:B0 (random) name=- bs=-
[AUTOPOS] CONNECT state[6]: link=anchor-ctrl uuid=B9179575C776C98F1CB132DD6EDC6223 ready=0 conn=0x20004bd8
SETUP[6] defer: waiting 882 ms before discovery start
SETUP[6] defer: waiting 832 ms before discovery start
SETUP[6] defer: waiting 782 ms before discovery start
SETUP[6] defer: waiting 731 ms before discovery start
SETUP[6] defer: waiting 681 ms before discovery start
SETUP[6] defer: waiting 631 ms before discovery start
SETUP[6] defer: waiting 580 ms before discovery start
SETUP[6] defer: waiting 530 ms before discovery start
SETUP[6] defer: waiting 480 ms before discovery start
SETUP[6] defer: waiting 429 ms before discovery start
SETUP[6] defer: waiting 379 ms before discovery start
SETUP[6] defer: waiting 329 ms before discovery start
SETUP[6] defer: waiting 278 ms before discovery start
SETUP[6] defer: waiting 228 ms before discovery start
SETUP[6] defer: waiting 178 ms before discovery start
SETUP[6] defer: waiting 127 ms before discovery start
SETUP[6] defer: waiting 77 ms before discovery start
SETUP[6] defer: waiting 27 ms before discovery start
SETUP[6] begin: link=anchor-ctrl uuid=B9179575C776C98F1CB132DD6EDC6223 conn=0x20004bd8
SETUP[6] mtu_exchange rc=0
SETUP[6] phy_update rc=0
SETUP[6] conn_param_update rc=0
[AUTOPOS] DISC start[6]: link=anchor-ctrl uuid=B9179575C776C98F1CB132DD6EDC6223 conn=0x20004bd8
[AUTOPOS] anchor role all matrix wait ready: waited=12000 ready=5/8
[AUTOPOS] READY count=5 target=anchor target_uuid=- conn_count=6 connecting_slot=-1 scan=0 auto=1
[AUTOPOS] READY peer[0]: link=anchor-ctrl connected=1 ready=1 pending=0 inflight=0 retries=0 start_failures=0 uuid=B2B5FA625534A8C617135DCAFC9E036A name=- state_h=0x0012 ctrl_h=0x0019 result_h=0x001b
[AUTOPOS] READY peer[2]: link=anchor-ctrl connected=1 ready=1 pending=0 inflight=0 retries=0 start_failures=0 uuid=B3087BC3D87CCCD316AEDC6B71D6677F name=- state_h=0x0012 ctrl_h=0x0019 result_h=0x001b
[AUTOPOS] READY peer[3]: link=anchor-ctrl connected=1 ready=1 pending=0 inflight=0 retries=0 start_failures=0 uuid=CF12E703AC1A118F6AB440AB05B0BA23 name=- state_h=0x0012 ctrl_h=0x0019 result_h=0x001b
[AUTOPOS] READY peer[4]: link=anchor-ctrl connected=1 ready=1 pending=0 inflight=0 retries=0 start_failures=0 uuid=CEE5A7EFCB35F8A56B430047629F5309 name=- state_h=0x0012 ctrl_h=0x0019 result_h=0x001b
[AUTOPOS] READY peer[5]: link=anchor-ctrl connected=1 ready=1 pending=0 inflight=0 retries=0 start_failures=0 uuid=840C68591E90019821AACFF1B73AAA34 name=- state_h=0x0012 ctrl_h=0x0019 result_h=0x001b
[AUTOPOS] READY peer[6]: link=anchor-ctrl connected=1 ready=0 pending=0 inflight=1 retries=0 start_failures=0 uuid=B9179575C776C98F1CB132DD6EDC6223 name=- state_h=0x0000 ctrl_h=0x0000 result_h=0x0000
[AUTOPOS] READY peer[7]: link=anchor-ctrl connected=0 ready=0 pending=1 inflight=0 retries=0 start_failures=0 uuid=4DC6B8187E33803AE8601FB0D7992B96 name=- state_h=0x0000 ctrl_h=0x0000 result_h=0x0000
[AUTOPOS] Disconnected[5]: E9:CB:F3:C4:51:43 (random) reason=0x08 link=anchor-ctrl ready=1
[AUTOPOS] SCAN start req: bt_ready=1 scan_running=0 connecting_slot=-1 conn_count=5 target=anchor prefix=ANCHOR-
[AUTOPOS] Scanning for ANCHOR-*
[AUTOPOS] anchor role all matrix wait ready: waited=14000 ready=4/8
[AUTOPOS] READY count=4 target=anchor target_uuid=- conn_count=5 connecting_slot=-1 scan=1 auto=1
[AUTOPOS] READY peer[0]: link=anchor-ctrl connected=1 ready=1 pending=0 inflight=0 retries=0 start_failures=0 uuid=B2B5FA625534A8C617135DCAFC9E036A name=- state_h=0x0012 ctrl_h=0x0019 result_h=0x001b
[AUTOPOS] READY peer[2]: link=anchor-ctrl connected=1 ready=1 pending=0 inflight=0 retries=0 start_failures=0 uuid=B3087BC3D87CCCD316AEDC6B71D6677F name=- state_h=0x0012 ctrl_h=0x0019 result_h=0x001b
[AUTOPOS] READY peer[3]: link=anchor-ctrl connected=1 ready=1 pending=0 inflight=0 retries=0 start_failures=0 uuid=CF12E703AC1A118F6AB440AB05B0BA23 name=- state_h=0x0012 ctrl_h=0x0019 result_h=0x001b
[AUTOPOS] READY peer[4]: link=anchor-ctrl connected=1 ready=1 pending=0 inflight=0 retries=0 start_failures=0 uuid=CEE5A7EFCB35F8A56B430047629F5309 name=- state_h=0x0012 ctrl_h=0x0019 result_h=0x001b
[AUTOPOS] READY peer[6]: link=anchor-ctrl connected=1 ready=0 pending=0 inflight=1 retries=0 start_failures=0 uuid=B9179575C776C98F1CB132DD6EDC6223 name=- state_h=0x0000 ctrl_h=0x0000 result_h=0x0000
[AUTOPOS] READY peer[7]: link=anchor-ctrl connected=0 ready=0 pending=1 inflight=0 retries=0 start_failures=0 uuid=4DC6B8187E33803AE8601FB0D7992B96 name=- state_h=0x0000 ctrl_h=0x0000 result_h=0x0000
[AUTOPOS] MTU exchange[6] failed (0)
[AUTOPOS] Anchor ctrl service not found[6]
[AUTOPOS] Disconnected[6]: C0:1D:D1:D0:CE:B0 (random) reason=0x08 link=anchor-ctrl ready=0
[AUTOPOS] CONNECT pending[7]: addr_valid=1 link=anchor-ctrl uuid=4DC6B8187E33803AE8601FB0D7992B96 scan_running=1 conn_count=4
[AUTOPOS] CONNECT pending[7]: bt_le_scan_stop rc=0 scan_running=1
[AUTOPOS] CONNECT pending[7] rc=0 conn=0x20004ca8
[AUTOPOS] Connected[7]: F2:B7:4E:8A:79:01 (random) name=- bs=-
[AUTOPOS] CONNECT state[7]: link=anchor-ctrl uuid=4DC6B8187E33803AE8601FB0D7992B96 ready=0 conn=0x20004ca8
SETUP[7] defer: waiting 896 ms before discovery start
[AUTOPOS] Disconnected[7]: F2:B7:4E:8A:79:01 (random) reason=0x3e link=anchor-ctrl ready=0
[AUTOPOS] SCAN start req: bt_ready=1 scan_running=0 connecting_slot=-1 conn_count=4 target=anchor prefix=ANCHOR-
[AUTOPOS] Scanning for ANCHOR-*
[AUTOPOS] SCAN hit: C0:1D:D1:D0:CE:B0 (random) rssi=-48 name=- bs=- uuid=B9179575C776C98F1CB132DD6EDC6223 target=anchor uuid_ok=1 tag_name=0 anchor_name=0 nus=0 dfu=0 token=0 props=0x03
[AUTOPOS] CONNECT queue[1]: addr=C0:1D:D1:D0:CE:B0 (random) link=anchor-ctrl uuid=B9179575C776C98F1CB132DD6EDC6223 target=anchor
[AUTOPOS] CONNECT pending[1]: addr_valid=1 link=anchor-ctrl uuid=B9179575C776C98F1CB132DD6EDC6223 scan_running=1 conn_count=4
[AUTOPOS] CONNECT pending[1]: bt_le_scan_stop rc=0 scan_running=1
[AUTOPOS] CONNECT pending[1] rc=0 conn=0x20004bd8
[AUTOPOS] anchor role all matrix wait ready: waited=15000 ready=4/8
[AUTOPOS] READY count=4 target=anchor target_uuid=- conn_count=4 connecting_slot=1 scan=0 auto=1
[AUTOPOS] READY peer[0]: link=anchor-ctrl connected=1 ready=1 pending=0 inflight=0 retries=0 start_failures=0 uuid=B2B5FA625534A8C617135DCAFC9E036A name=- state_h=0x0012 ctrl_h=0x0019 result_h=0x001b
[AUTOPOS] READY peer[1]: link=anchor-ctrl connected=0 ready=0 pending=1 inflight=0 retries=0 start_failures=0 uuid=B9179575C776C98F1CB132DD6EDC6223 name=- state_h=0x0000 ctrl_h=0x0000 result_h=0x0000
[AUTOPOS] READY peer[2]: link=anchor-ctrl connected=1 ready=1 pending=0 inflight=0 retries=0 start_failures=0 uuid=B3087BC3D87CCCD316AEDC6B71D6677F name=- state_h=0x0012 ctrl_h=0x0019 result_h=0x001b
[AUTOPOS] READY peer[3]: link=anchor-ctrl connected=1 ready=1 pending=0 inflight=0 retries=0 start_failures=0 uuid=CF12E703AC1A118F6AB440AB05B0BA23 name=- state_h=0x0012 ctrl_h=0x0019 result_h=0x001b
[AUTOPOS] READY peer[4]: link=anchor-ctrl connected=1 ready=1 pending=0 inflight=0 retries=0 start_failures=0 uuid=CEE5A7EFCB35F8A56B430047629F5309 name=- state_h=0x0012 ctrl_h=0x0019 result_h=0x001b
[AUTOPOS] Connected[1]: C0:1D:D1:D0:CE:B0 (random) name=- bs=-
[AUTOPOS] CONNECT state[1]: link=anchor-ctrl uuid=B9179575C776C98F1CB132DD6EDC6223 ready=0 conn=0x20004bd8
[AUTOPOS] Disconnected[1]: C0:1D:D1:D0:CE:B0 (random) reason=0x3e link=anchor-ctrl ready=0
[AUTOPOS] SCAN start req: bt_ready=1 scan_running=0 connecting_slot=-1 conn_count=4 target=anchor prefix=ANCHOR-
[AUTOPOS] Scanning for ANCHOR-*
[AUTOPOS] SCAN hit: D9:C7:9C:16:71:C9 (random) rssi=-62 name=- bs=- uuid=A892AF05DD59CF0D0D3408AD74F364A1 target=anchor uuid_ok=1 tag_name=0 anchor_name=0 nus=0 dfu=0 token=0 props=0x03
[AUTOPOS] CONNECT queue[1]: addr=D9:C7:9C:16:71:C9 (random) link=anchor-ctrl uuid=A892AF05DD59CF0D0D3408AD74F364A1 target=anchor
[AUTOPOS] SCAN hit: F2:B7:4E:8A:79:01 (random) rssi=-71 name=- bs=- uuid=4DC6B8187E33803AE8601FB0D7992B96 target=anchor uuid_ok=1 tag_name=0 anchor_name=0 nus=0 dfu=0 token=0 props=0x03
[AUTOPOS] CONNECT queue[5]: addr=F2:B7:4E:8A:79:01 (random) link=anchor-ctrl uuid=4DC6B8187E33803AE8601FB0D7992B96 target=anchor
[AUTOPOS] CONNECT pending[1]: addr_valid=1 link=anchor-ctrl uuid=A892AF05DD59CF0D0D3408AD74F364A1 scan_running=1 conn_count=4
[AUTOPOS] CONNECT pending[1]: bt_le_scan_stop rc=0 scan_running=1
[AUTOPOS] CONNECT pending[1] rc=0 conn=0x20004bd8
[AUTOPOS] Connected[1]: D9:C7:9C:16:71:C9 (random) name=- bs=-
[AUTOPOS] CONNECT state[1]: link=anchor-ctrl uuid=A892AF05DD59CF0D0D3408AD74F364A1 ready=0 conn=0x20004bd8
SETUP[1] defer: waiting 874 ms before discovery start
SETUP[1] defer: waiting 823 ms before discovery start
SETUP[1] defer: waiting 773 ms before discovery start
SETUP[1] defer: waiting 723 ms before discovery start
SETUP[1] defer: waiting 672 ms before discovery start
SETUP[1] defer: waiting 622 ms before discovery start
SETUP[1] defer: waiting 572 ms before discovery start
SETUP[1] defer: waiting 521 ms before discovery start
SETUP[1] defer: waiting 471 ms before discovery start
SETUP[1] defer: waiting 421 ms before discovery start
SETUP[1] defer: waiting 370 ms before discovery start
SETUP[1] defer: waiting 320 ms before discovery start
SETUP[1] defer: waiting 270 ms before discovery start
SETUP[1] defer: waiting 219 ms before discovery start
SETUP[1] defer: waiting 169 ms before discovery start
SETUP[1] defer: waiting 119 ms before discovery start
SETUP[1] defer: waiting 68 ms before discovery start
SETUP[1] defer: waiting 18 ms before discovery start
SETUP[1] begin: link=anchor-ctrl uuid=A892AF05DD59CF0D0D3408AD74F364A1 conn=0x20004bd8
SETUP[1] mtu_exchange rc=0
SETUP[1] phy_update rc=0
SETUP[1] conn_param_update rc=0
[AUTOPOS] DISC start[1]: link=anchor-ctrl uuid=A892AF05DD59CF0D0D3408AD74F364A1 conn=0x20004bd8
[AUTOPOS] anchor role all matrix wait ready: waited=18000 ready=4/8
[AUTOPOS] READY count=4 target=anchor target_uuid=- conn_count=5 connecting_slot=-1 scan=0 auto=1
[AUTOPOS] READY peer[0]: link=anchor-ctrl connected=1 ready=1 pending=0 inflight=0 retries=0 start_failures=0 uuid=B2B5FA625534A8C617135DCAFC9E036A name=- state_h=0x0012 ctrl_h=0x0019 result_h=0x001b
[AUTOPOS] READY peer[1]: link=anchor-ctrl connected=1 ready=0 pending=0 inflight=1 retries=0 start_failures=0 uuid=A892AF05DD59CF0D0D3408AD74F364A1 name=- state_h=0x0000 ctrl_h=0x0000 result_h=0x0000
[AUTOPOS] READY peer[2]: link=anchor-ctrl connected=1 ready=1 pending=0 inflight=0 retries=0 start_failures=0 uuid=B3087BC3D87CCCD316AEDC6B71D6677F name=- state_h=0x0012 ctrl_h=0x0019 result_h=0x001b
[AUTOPOS] READY peer[3]: link=anchor-ctrl connected=1 ready=1 pending=0 inflight=0 retries=0 start_failures=0 uuid=CF12E703AC1A118F6AB440AB05B0BA23 name=- state_h=0x0012 ctrl_h=0x0019 result_h=0x001b
[AUTOPOS] READY peer[4]: link=anchor-ctrl connected=1 ready=1 pending=0 inflight=0 retries=0 start_failures=0 uuid=CEE5A7EFCB35F8A56B430047629F5309 name=- state_h=0x0012 ctrl_h=0x0019 result_h=0x001b
[AUTOPOS] READY peer[5]: link=anchor-ctrl connected=0 ready=0 pending=1 inflight=0 retries=0 start_failures=0 uuid=4DC6B8187E33803AE8601FB0D7992B96 name=- state_h=0x0000 ctrl_h=0x0000 result_h=0x0000
SESSION: runtime matrix ack did not reach ready=8/8; not rebuilding links in this guard path
SESSION FAIL: matrix role guard did not verify all anchors as matrix
