host_elapsed_s,host_epoch_s,sweep,conn_id,peer_name,tag_id,diag_source,tr_diag_version,rfd_version,poll_seq,anchor_id,raw_mm,resp_rx_ts,carrier_integrator,anchor_diag_valid,anchor_diag_flags,anchor_fp_index,anchor_fp1,anchor_fp2,anchor_fp3,anchor_fp_sum,anchor_fp_sum_q8,anchor_cir_pwr,anchor_cir_pwr_q8,anchor_rxpacc,anchor_rxpacc_q8,anchor_std_noise,tag_diag_valid,tag_diag_flags,tag_fp_index,tag_fp1,tag_fp2,tag_fp3,tag_fp_sum,tag_fp_sum_q8,tag_cir_pwr,tag_cir_pwr_q8,tag_rxpacc,tag_rxpacc_q8,tag_std_noise,anchor_temp_raw,anchor_vbat_raw
2.9e-05,1783686842.545017,2091010,,BS9336,2,rfd_legacy,,1,226,0,2862,4036805853,628,1,3,47621,6197,6670,6643,19510,76,2382,9,121,121,48,0,0,0,0,0,0,0,0,0,0,0,0,0,53,119
0.000194,1783686842.545182,2091010,,BS9336,2,rfd_legacy,,1,226,4,2510,3983025,3222,1,3,47725,6624,6411,4450,17485,68,2037,8,124,124,44,0,0,0,0,0,0,0,0,0,0,0,0,0,100,161
0.000227,1783686842.545215,2091010,,BS9336,2,rfd_legacy,,1,226,1,2086,4102341337,-1628,1,3,47884,2033,7100,6459,15592,61,2086,8,122,122,48,0,0,0,0,0,0,0,0,0,0,0,0,0,114,123
0.018654,1783686842.563642,2091010,,BS9336,2,rfd_legacy,,1,226,5,2020,69516512,-5928,1,3,47647,7446,7399,6183,21028,82,2187,9,120,120,64,0,0,0,0,0,0,0,0,0,0,0,0,0,142,120
0.020813,1783686842.565801,2091010,,BS9336,2,rfd_legacy,,1,226,2,3205,4167877999,1242,1,3,48096,3050,6942,5723,15715,61,1764,7,119,119,56,0,0,0,0,0,0,0,0,0,0,0,0,0,161,254
0.023254,1783686842.568242,2091010,,BS9336,2,rfd_legacy,,1,226,6,3137,135056235,5850,1,3,47837,4943,6891,5707,17541,69,1924,8,121,121,48,0,0,0,0,0,0,0,0,0,0,0,0,0,24,171
0.042156,1783686842.587144,2091010,,BS9336,2,rfd_legacy,,1,226,3,3604,4233414462,1660,1,3,48042,5739,6731,4733,17203,67,1969,8,124,124,60,0,0,0,0,0,0,0,0,0,0,0,0,0,248,1
0.04277,1783686842.587758,2091010,,BS9336,2,rfd_legacy,,1,226,7,3239,200590778,1138,1,3,47960,2905,4900,3718,11523,45,1988,8,124,124,48,0,0,0,0,0,0,0,0,0,0,0,0,0,125,33
1.178083,1783686843.723071,2091020,,BS9336,2,rfd_legacy,,1,236,0,2843,3409124566,587,1,3,47848,5946,6679,4802,17427,68,1844,7,118,118,44,0,0,0,0,0,0,0,0,0,0,0,0,0,25,239
1.194959,1783686843.739947,2091020,,BS9336,2,rfd_legacy,,1,236,4,2582,3671268914,3133,1,3,48049,6617,6526,4280,17423,68,1881,7,118,118,48,0,0,0,0,0,0,0,0,0,0,0,0,0,144,161
1.198616,1783686843.743604,2091020,,BS9336,2,rfd_legacy,,1,236,1,2132,3474659920,-1625,1,3,47819,2203,6682,6241,15126,59,1952,8,124,124,44,0,0,0,0,0,0,0,0,0,0,0,0,0,244,55
1.199745,1783686843.744733,2091020,,BS9336,2,rfd_legacy,,1,236,5,2054,3736802570,-5914,1,3,47955,7037,7093,6744,20874,82,2105,8,117,117,56,0,0,0,0,0,0,0,0,0,0,0,0,0,186,125
1.20217,1783686843.747158,2091020,,BS9336,2,rfd_legacy,,1,236,2,3192,3540196568,1262,1,3,48013,1883,6619,6164,14666,57,1731,7,119,119,60,0,0,0,0,0,0,0,0,0,0,0,0,0,126,65
1.226638,1783686843.771626,2091020,,BS9336,2,rfd_legacy,,1,236,6,3139,3802342318,5854,1,3,48043,5223,6328,4529,16080,63,1768,7,117,117,52,0,0,0,0,0,0,0,0,0,0,0,0,0,113,218
1.228823,1783686843.773811,2091020,,BS9336,2,rfd_legacy,,1,236,3,3612,3605732794,1600,1,3,47684,3568,7275,6652,17495,68,2106,8,124,124,64,0,0,0,0,0,0,0,0,0,0,0,0,0,148,130
1.231109,1783686843.776097,2091020,,BS9336,2,rfd_legacy,,1,236,7,3208,3867876913,1169,1,3,48107,3279,4701,3236,11216,44,2064,8,122,122,48,0,0,0,0,0,0,0,0,0,0,0,0,0,146,122
2.385351,1783686844.930339,2091030,,BS9336,2,rfd_legacy,,1,246,0,2838,2753825331,611,1,3,47700,5488,6394,5588,17470,68,1923,8,121,121,52,0,0,0,0,0,0,0,0,0,0,0,0,0,181,229
2.409972,1783686844.95496,2091030,,BS9336,2,rfd_legacy,,1,246,4,2569,3015969965,3134,1,3,48081,6891,6597,5555,19043,74,1949,8,123,123,44,0,0,0,0,0,0,0,0,0,0,0,0,0,194,122
2.413529,1783686844.958517,2091030,,BS9336,2,rfd_legacy,,1,246,1,2066,2819360919,-1638,1,3,48010,2015,6738,6607,15360,60,2075,8,122,122,48,0,0,0,0,0,0,0,0,0,0,0,0,0,36,129
2.414736,1783686844.959724,2091030,,BS9336,2,rfd_legacy,,1,246,5,2017,3081503395,-5940,1,3,47877,7280,7236,7224,21740,85,2179,9,120,120,56,0,0,0,0,0,0,0,0,0,0,0,0,0,233,248
2.416964,1783686844.961952,2091030,,BS9336,2,rfd_legacy,,1,246,2,3213,2884897719,1205,1,3,47808,1774,6351,6373,14498,57,1705,7,119,119,60,0,0,0,0,0,0,0,0,0,0,0,0,0,90,82
2.43568,1783686844.980668,2091030,,BS9336,2,rfd_legacy,,1,246,6,3146,3147042984,5799,1,3,47751,3788,6532,6394,16714,65,1892,7,117,117,52,0,0,0,0,0,0,0,0,0,0,0,0,0,181,86
2.436352,1783686844.98134,2091030,,BS9336,2,rfd_legacy,,1,246,3,3607,2950433732,1620,1,3,47728,5893,6696,4463,17052,67,1988,8,120,120,52,0,0,0,0,0,0,0,0,0,0,0,0,0,255,61
2.438648,1783686844.983636,2091030,,BS9336,2,rfd_legacy,,1,246,7,3335,3212577721,989,1,3,47824,2405,4595,3691,10691,42,1905,7,119,119,48,0,0,0,0,0,0,0,0,0,0,0,0,0,118,67
4.414993,1783686846.959981,2091050,,BS9336,2,rfd_legacy,,1,9,0,2869,1686738833,587,1,3,47625,4561,6005,5913,16479,64,1784,7,118,118,52,0,0,0,0,0,0,0,0,0,0,0,0,0,208,145
4.416166,1783686846.961154,2091050,,BS9336,2,rfd_legacy,,1,9,4,2844,1948883694,2469,1,3,47794,6199,6624,4302,17125,67,1912,7,122,122,44,0,0,0,0,0,0,0,0,0,0,0,0,0,199,146
4.418432,1783686846.96342,2091050,,BS9336,2,rfd_legacy,,1,9,1,2044,1752274398,-1654,1,3,47886,1642,6443,5583,13668,53,1925,8,118,118,44,0,0,0,0,0,0,0,0,0,0,0,0,0,223,96
4.436,1783686846.980988,2091050,,BS9336,2,rfd_legacy,,1,9,5,2030,2014417417,-5904,1,3,47663,7038,7125,4780,18943,74,2187,9,122,122,56,0,0,0,0,0,0,0,0,0,0,0,0,0,53,112
4.439161,1783686846.984149,2091050,,BS9336,2,rfd_legacy,,1,9,2,3204,1817811203,1152,1,3,47814,2150,6063,6291,14504,57,1838,7,124,124,56,0,0,0,0,0,0,0,0,0,0,0,0,0,16,34
4.44045,1783686846.985438,2091050,,BS9336,2,rfd_legacy,,1,9,6,3164,2079956471,5801,1,3,47826,3927,6537,5959,16423,64,1862,7,119,119,52,0,0,0,0,0,0,0,0,0,0,0,0,0,65,144
4.467395,1783686847.012383,2091050,,BS9336,2,rfd_legacy,,1,9,3,3575,1883347715,1605,1,3,47643,5301,6551,5043,16895,66,1824,7,118,118,60,0,0,0,0,0,0,0,0,0,0,0,0,0,28,59
4.467985,1783686847.012973,2091050,,BS9336,2,rfd_legacy,,1,9,7,3361,2145491620,970,1,3,47848,2897,4397,3052,10346,40,1915,7,121,121,48,0,0,0,0,0,0,0,0,0,0,0,0,0,0,166
5.494965,1783686848.039953,2091060,,BS9336,2,rfd_legacy,,1,19,0,2826,3277748057,598,1,3,48095,5887,6945,5277,18109,71,1863,7,119,119,40,0,0,0,0,0,0,0,0,0,0,0,0,0,20,214
5.497741,1783686848.042729,2091060,,BS9336,2,rfd_legacy,,1,19,4,2562,3539892740,3170,1,3,47978,6449,6693,4886,18028,70,1949,8,119,119,44,0,0,0,0,0,0,0,0,0,0,0,0,0,12,166
5.498449,1783686848.043437,2091060,,BS9336,2,rfd_legacy,,1,19,1,2058,3343284019,-1547,1,3,47947,2416,6323,6347,15086,59,1847,7,118,118,44,0,0,0,0,0,0,0,0,0,0,0,0,0,179,183
5.516078,1783686848.061066,2091060,,BS9336,2,rfd_legacy,,1,19,5,1991,3605426660,-5910,1,3,47981,7262,7241,4984,19487,76,2038,8,119,119,64,0,0,0,0,0,0,0,0,0,0,0,0,0,173,55
5.518232,1783686848.06322,2091060,,BS9336,2,rfd_legacy,,1,19,2,3223,3408820351,1235,1,3,47889,2573,6577,5887,15037,59,1686,7,119,119,52,0,0,0,0,0,0,0,0,0,0,0,0,0,0,226
5.520463,1783686848.065451,2091060,,BS9336,2,rfd_legacy,,1,19,3,3648,3474357099,1587,1,3,47634,4172,7356,6006,17534,68,2025,8,123,123,56,0,0,0,0,0,0,0,0,0,0,0,0,0,91,164
5.546498,1783686848.091486,2091060,,BS9336,2,rfd_legacy,,1,19,7,3287,3736500658,1144,1,3,47684,1131,4541,4477,10149,40,1989,8,121,121,52,0,0,0,0,0,0,0,0,0,0,0,0,0,229,37
6.680636,1783686849.225624,2091070,,BS9336,2,rfd_legacy,,1,29,0,2832,2634195204,629,1,3,47780,7187,6690,5108,18985,74,2134,8,119,119,40,0,0,0,0,0,0,0,0,0,0,0,0,0,79,152
6.681196,1783686849.226184,2091070,,BS9336,2,rfd_legacy,,1,29,4,2556,2896339243,3128,1,3,47672,4751,6519,4016,15286,60,1911,7,118,118,40,0,0,0,0,0,0,0,0,0,0,0,0,0,182,88
6.683469,1783686849.228457,2091070,,BS9336,2,rfd_legacy,,1,29,1,2131,2699730771,-1679,1,3,47716,7308,7424,6162,20894,82,1887,7,123,123,60,0,0,0,0,0,0,0,0,0,0,0,0,0,33,3
6.701986,1783686849.246974,2091070,,BS9336,2,rfd_legacy,,1,29,5,2043,2961873037,-5910,1,3,48065,6920,7336,7361,21617,84,1870,7,120,120,56,0,0,0,0,0,0,0,0,0,0,0,0,0,28,53
6.705469,1783686849.250457,2091070,,BS9336,2,rfd_legacy,,1,29,2,3238,2765267444,1164,1,3,47714,6594,6842,5523,18959,74,1996,8,118,118,40,0,0,0,0,0,0,0,0,0,0,0,0,0,133,41
6.705518,1783686849.250506,2091070,,BS9336,2,rfd_legacy,,1,29,6,3166,3027412903,5768,1,3,48063,7528,7389,4116,19033,74,2303,9,124,124,44,0,0,0,0,0,0,0,0,0,0,0,0,0,161,130
6.732076,1783686849.277064,2091070,,BS9336,2,rfd_legacy,,1,29,3,3545,2830803578,1625,1,3,47834,6528,7122,5932,19582,76,1862,7,119,119,64,0,0,0,0,0,0,0,0,0,0,0,0,0,83,251
6.732685,1783686849.277673,2091070,,BS9336,2,rfd_legacy,,1,29,7,3237,3092947721,1118,1,3,46317,6229,6876,4664,17769,69,821,3,131,131,44,0,0,0,0,0,0,0,0,0,0,0,0,0,159,247
7.887434,1783686850.432422,2091080,,BS9336,2,rfd_legacy,,1,39,0,2835,2002270430,530,1,3,47621,6325,7471,6914,20710,81,2537,10,125,125,56,0,0,0,0,0,0,0,0,0,0,0,0,0,203,77
7.888645,1783686850.433633,2091080,,BS9336,2,rfd_legacy,,1,39,4,2542,2264414863,3112,1,3,47721,6407,7000,5121,18528,72,1977,8,124,124,48,0,0,0,0,0,0,0,0,0,0,0,0,0,85,57
7.891051,1783686850.436039,2091080,,BS9336,2,rfd_legacy,,1,39,1,2108,2067805964,-1645,1,3,48005,2957,5673,6510,15140,59,1971,8,122,122,52,0,0,0,0,0,0,0,0,0,0,0,0,0,172,153
7.938471,1783686850.483459,2091080,,BS9336,2,rfd_legacy,,1,39,5,1976,2329948453,-5894,1,3,47776,7586,7057,5822,20465,80,2344,9,125,125,60,0,0,0,0,0,0,0,0,0,0,0,0,0,99,19
7.940689,1783686850.485677,2091080,,BS9336,2,rfd_legacy,,1,39,2,3174,2133342428,1185,1,3,47797,5789,6826,4143,16758,65,1807,7,119,119,60,0,0,0,0,0,0,0,0,0,0,0,0,0,246,120
7.943051,1783686850.488039,2091080,,BS9336,2,rfd_legacy,,1,39,6,3142,2395487780,5828,1,3,47721,5814,6910,5005,17729,69,2056,8,123,123,52,0,0,0,0,0,0,0,0,0,0,0,0,0,91,47
7.961632,1783686850.50662,2091080,,BS9336,2,rfd_legacy,,1,39,3,3590,2198879015,1648,1,3,48079,4378,7173,5667,17218,67,2009,8,122,122,60,0,0,0,0,0,0,0,0,0,0,0,0,0,237,180
7.964478,1783686850.509466,2091080,,BS9336,2,rfd_legacy,,1,39,7,3325,2461023009,1000,1,3,47699,2128,4357,3326,9811,38,1791,7,117,117,48,0,0,0,0,0,0,0,0,0,0,0,0,0,50,103
9.020603,1783686851.565591,2091090,,BS9336,2,rfd_legacy,,1,48,0,2834,3530679886,607,1,3,47982,6113,6609,4458,17180,67,1887,7,119,119,52,0,0,0,0,0,0,0,0,0,0,0,0,0,172,76
9.021164,1783686851.566152,2091090,,BS9336,2,rfd_legacy,,1,48,4,2588,3792824310,3134,1,3,48068,7247,6926,5752,19925,78,1975,8,124,124,40,0,0,0,0,0,0,0,0,0,0,0,0,0,90,176
9.023406,1783686851.568394,2091090,,BS9336,2,rfd_legacy,,1,48,1,2136,3596215249,-1633,1,3,48010,2140,5929,6107,14176,55,1974,8,121,121,44,0,0,0,0,0,0,0,0,0,0,0,0,0,160,203
9.042825,1783686851.587813,2091090,,BS9336,2,rfd_legacy,,1,48,5,2033,3858358022,-5887,1,3,48024,7217,6761,6512,20490,80,2147,8,120,120,60,0,0,0,0,0,0,0,0,0,0,0,0,0,214,246
9.044013,1783686851.589001,2091090,,BS9336,2,rfd_legacy,,1,48,2,3259,3661752338,1141,1,3,47934,6430,6805,3600,16835,66,1937,8,122,122,60,0,0,0,0,0,0,0,0,0,0,0,0,0,65,26
9.047153,1783686851.592141,2091090,,BS9336,2,rfd_legacy,,1,48,6,3106,3923897770,5873,1,3,47688,3837,5790,5671,15298,60,1787,7,120,120,52,0,0,0,0,0,0,0,0,0,0,0,0,0,21,4
9.09388,1783686851.638868,2091090,,BS9336,2,rfd_legacy,,1,48,3,3611,3727288604,1590,1,3,48107,5438,6875,4763,17076,67,1913,7,117,117,56,0,0,0,0,0,0,0,0,0,0,0,0,0,33,135
9.09505,1783686851.640038,2091090,,BS9336,2,rfd_legacy,,1,48,7,3252,3989432552,1156,1,3,47797,3963,4657,2932,11552,45,2047,8,122,122,56,0,0,0,0,0,0,0,0,0,0,0,0,0,30,58
10.174898,1783686852.719886,2091100,,BS9336,2,rfd_legacy,,1,58,0,2824,2926528000,569,1,3,47944,7113,7075,6623,20811,81,2165,8,123,123,44,0,0,0,0,0,0,0,0,0,0,0,0,0,208,184
10.176068,1783686852.721056,2091100,,BS9336,2,rfd_legacy,,1,58,4,2596,3188672298,3168,1,3,48068,4220,6262,6473,16955,66,1952,8,121,121,44,0,0,0,0,0,0,0,0,0,0,0,0,0,150,115
10.178388,1783686852.723376,2091100,,BS9336,2,rfd_legacy,,1,58,1,2090,2992063585,-1591,1,3,47906,6894,7075,6042,20011,78,1700,7,117,117,56,0,0,0,0,0,0,0,0,0,0,0,0,0,111,72
10.195944,1783686852.740932,2091100,,BS9336,2,rfd_legacy,,1,58,5,2014,3254206520,-5895,1,3,47635,7167,7272,7168,21607,84,1846,7,121,121,64,0,0,0,0,0,0,0,0,0,0,0,0,0,233,88
10.198181,1783686852.743169,2091100,,BS9336,2,rfd_legacy,,1,58,2,3175,3057600088,1239,1,3,47778,6682,7193,5701,19576,76,2168,8,123,123,44,0,0,0,0,0,0,0,0,0,0,0,0,0,28,115
10.200428,1783686852.745416,2091100,,BS9336,2,rfd_legacy,,1,58,6,3079,3319745544,5857,1,3,47592,7377,7307,5415,20099,79,2229,9,123,123,40,0,0,0,0,0,0,0,0,0,0,0,0,0,144,237
10.226947,1783686852.771935,2091100,,BS9336,2,rfd_legacy,,1,58,3,3597,3123136873,1647,1,3,47756,7026,7481,6726,21233,83,2104,8,124,124,64,0,0,0,0,0,0,0,0,0,0,0,0,0,177,138
10.22748,1783686852.772468,2091100,,BS9336,2,rfd_legacy,,1,58,7,3333,3385280452,976,1,3,47798,6308,5958,3608,15874,62,1669,7,121,121,48,0,0,0,0,0,0,0,0,0,0,0,0,0,65,81
11.385371,1783686853.930359,2091110,,BS9336,2,rfd_legacy,,1,68,0,2862,2281097178,493,1,3,47804,5789,6446,3721,15956,62,1789,7,118,118,52,0,0,0,0,0,0,0,0,0,0,0,0,0,65,228
11.409783,1783686853.954771,2091110,,BS9336,2,rfd_legacy,,1,68,4,2615,2543241660,3096,1,3,47831,6924,6928,5682,19534,76,2138,8,123,123,44,0,0,0,0,0,0,0,0,0,0,0,0,0,123,195
11.413347,1783686853.958335,2091110,,BS9336,2,rfd_legacy,,1,68,1,2136,2346632659,-1599,1,3,47752,2707,5690,6644,15041,59,1969,8,124,124,40,0,0,0,0,0,0,0,0,0,0,0,0,0,197,42
11.414488,1783686853.959476,2091110,,BS9336,2,rfd_legacy,,1,68,5,2031,2608775372,-5883,1,3,47827,6983,7380,6952,21315,83,2109,8,119,119,44,0,0,0,0,0,0,0,0,0,0,0,0,0,82,8
11.416766,1783686853.961754,2091110,,BS9336,2,rfd_legacy,,1,68,2,3217,2412169818,1281,1,3,48114,5722,6798,4384,16904,66,1850,7,122,122,56,0,0,0,0,0,0,0,0,0,0,0,0,0,56,143
11.433967,1783686853.978955,2091110,,BS9336,2,rfd_legacy,,1,68,6,3102,2674315034,5861,1,3,48088,4896,6870,5929,17695,69,2027,8,123,123,52,0,0,0,0,0,0,0,0,0,0,0,0,0,148,254
11.436217,1783686853.981205,2091110,,BS9336,2,rfd_legacy,,1,68,3,3584,2477706075,1644,1,3,47706,4556,6641,4990,16187,63,1884,7,120,120,56,0,0,0,0,0,0,0,0,0,0,0,0,0,214,90
11.438319,1783686853.983307,2091110,,BS9336,2,rfd_legacy,,1,68,7,3284,2739849962,1128,1,3,48006,1089,4472,4524,10085,39,1987,8,120,120,56,0,0,0,0,0,0,0,0,0,0,0,0,0,9,57
12.390181,1783686854.935169,2091120,,BS9336,2,rfd_legacy,,1,78,0,2835,1735810248,552,1,3,47716,5645,6818,5129,17592,69,1906,7,119,119,48,0,0,0,0,0,0,0,0,0,0,0,0,0,72,253
12.407319,1783686854.952307,2091120,,BS9336,2,rfd_legacy,,1,78,4,2601,1997954761,3106,1,3,47674,6189,6318,3670,16177,63,1882,7,120,120,40,0,0,0,0,0,0,0,0,0,0,0,0,0,227,137
12.410812,1783686854.9558,2091120,,BS9336,2,rfd_legacy,,1,78,1,2100,1801345552,-1594,1,3,47875,3822,4292,6935,15049,59,1935,8,123,123,52,0,0,0,0,0,0,0,0,0,0,0,0,0,12,34
12.411968,1783686854.956956,2091120,,BS9336,2,rfd_legacy,,1,78,5,2032,2063488392,-5902,1,3,47825,7223,6996,7015,21234,83,2225,9,122,122,52,0,0,0,0,0,0,0,0,0,0,0,0,0,22,71
12.414214,1783686854.959202,2091120,,BS9336,2,rfd_legacy,,1,78,2,3225,1866882611,1186,1,3,47702,2526,6688,5757,14971,58,1693,7,119,119,52,0,0,0,0,0,0,0,0,0,0,0,0,0,246,93
12.438852,1783686854.98384,2091120,,BS9336,2,rfd_legacy,,1,78,6,3107,2129027534,5828,1,3,47972,5276,6792,5297,17365,68,1866,7,118,118,52,0,0,0,0,0,0,0,0,0,0,0,0,0,111,103
12.441067,1783686854.986055,2091120,,BS9336,2,rfd_legacy,,1,78,3,3593,1932418835,1590,1,3,47840,5276,7229,5337,17842,70,2092,8,122,122,52,0,0,0,0,0,0,0,0,0,0,0,0,0,118,172
12.443231,1783686854.988219,2091120,,BS9336,2,rfd_legacy,,1,78,7,3324,2194562719,1044,1,3,47701,2526,4187,3258,9971,39,1961,8,124,124,52,0,0,0,0,0,0,0,0,0,0,0,0,0,5,79
13.46923,1783686856.014218,2091130,,BS9336,2,rfd_legacy,,1,87,0,2848,3303851943,477,1,3,47975,7383,7032,5137,19552,76,2219,9,121,121,40,0,0,0,0,0,0,0,0,0,0,0,0,0,215,150
13.471574,1783686856.016562,2091130,,BS9336,2,rfd_legacy,,1,87,4,2562,3565996714,3104,1,3,48027,3327,6748,5573,15648,61,2005,8,120,120,44,0,0,0,0,0,0,0,0,0,0,0,0,0,174,5
13.489912,1783686856.0349,2091130,,BS9336,2,rfd_legacy,,1,87,1,2060,3369387680,-1579,1,3,47903,7576,7771,6798,22145,87,1943,8,123,123,56,0,0,0,0,0,0,0,0,0,0,0,0,0,46,175
13.490939,1783686856.035927,2091130,,BS9336,2,rfd_legacy,,1,87,5,2040,3631530121,-5879,1,3,47723,7225,7216,5281,19722,77,1806,7,117,117,48,0,0,0,0,0,0,0,0,0,0,0,0,0,73,1
13.493214,1783686856.038202,2091130,,BS9336,2,rfd_legacy,,1,87,2,3197,3434924567,1227,1,3,48055,6905,6967,4171,18043,70,2156,8,122,122,48,0,0,0,0,0,0,0,0,0,0,0,0,0,60,54
13.519228,1783686856.064216,2091130,,BS9336,2,rfd_legacy,,1,87,6,3124,3697069930,5830,1,3,47788,7066,7093,4977,19136,75,2139,8,122,122,44,0,0,0,0,0,0,0,0,0,0,0,0,0,126,99
13.52044,1783686856.065428,2091130,,BS9336,2,rfd_legacy,,1,87,3,3596,3500460575,1600,1,3,47739,6927,6766,3798,17491,68,1989,8,121,121,52,0,0,0,0,0,0,0,0,0,0,0,0,0,28,211
13.522823,1783686856.067811,2091130,,BS9336,2,rfd_legacy,,1,87,7,3263,3762604537,1073,1,3,47830,3650,6917,5794,16361,64,1609,6,117,117,52,0,0,0,0,0,0,0,0,0,0,0,0,0,127,80
14.494717,1783686857.039705,2091140,,BS9336,2,rfd_legacy,,1,97,0,2832,2750606960,584,1,3,47911,6220,7021,5198,18439,72,2022,8,123,123,48,0,0,0,0,0,0,0,0,0,0,0,0,0,167,122
14.49584,1783686857.040828,2091140,,BS9336,2,rfd_legacy,,1,97,4,2557,3012751486,3105,1,3,47887,6828,6467,5070,18365,72,1753,7,118,118,44,0,0,0,0,0,0,0,0,0,0,0,0,0,34,180
14.498181,1783686857.043169,2091140,,BS9336,2,rfd_legacy,,1,97,1,2064,2816142370,-1552,1,3,47938,3431,4866,6682,14979,59,1879,7,122,122,44,0,0,0,0,0,0,0,0,0,0,0,0,0,220,58
14.515828,1783686857.060816,2091140,,BS9336,2,rfd_legacy,,1,97,5,2015,3078285395,-5884,1,3,47654,7255,7115,5511,19881,78,2061,8,118,118,60,0,0,0,0,0,0,0,0,0,0,0,0,0,140,196
14.520221,1783686857.065209,2091140,,BS9336,2,rfd_legacy,,1,97,2,3208,2881679416,1205,1,3,47958,2926,6671,5893,15490,61,1760,7,120,120,60,0,0,0,0,0,0,0,0,0,0,0,0,0,145,102
14.520415,1783686857.065403,2091140,,BS9336,2,rfd_legacy,,1,97,6,3158,3143824809,5803,1,3,47809,3498,6431,6718,16647,65,1909,7,120,120,56,0,0,0,0,0,0,0,0,0,0,0,0,0,139,217
14.546208,1783686857.091196,2091140,,BS9336,2,rfd_legacy,,1,97,3,3607,2947215602,1608,1,3,47643,4400,7043,5430,16873,66,1997,8,120,120,56,0,0,0,0,0,0,0,0,0,0,0,0,0,57,22
14.548414,1783686857.093402,2091140,,BS9336,2,rfd_legacy,,1,97,7,3535,3209359225,804,1,3,47712,2925,4598,3310,10833,42,1875,7,119,119,52,0,0,0,0,0,0,0,0,0,0,0,0,0,112,0
15.575293,1783686858.120281,2091150,,BS9336,2,rfd_legacy,,1,107,0,2818,22550291,562,1,3,47842,6347,7094,5577,19018,74,1913,7,119,119,44,0,0,0,0,0,0,0,0,0,0,0,0,0,75,185
15.575911,1783686858.120899,2091150,,BS9336,2,rfd_legacy,,1,107,4,2622,284694807,3102,1,3,47782,6801,6484,5016,18301,71,1937,8,121,121,48,0,0,0,0,0,0,0,0,0,0,0,0,0,180,91
15.578324,1783686858.123312,2091150,,BS9336,2,rfd_legacy,,1,107,1,2101,88085556,-1637,1,3,48080,2168,6724,6049,14941,58,1985,8,120,120,44,0,0,0,0,0,0,0,0,0,0,0,0,0,245,124
15.5967,1783686858.141688,2091150,,BS9336,2,rfd_legacy,,1,107,5,2024,350228547,-5866,1,3,47952,6876,7196,6953,21025,82,2111,8,120,120,52,0,0,0,0,0,0,0,0,0,0,0,0,0,54,112
15.597924,1783686858.142912,2091150,,BS9336,2,rfd_legacy,,1,107,2,3293,153622458,1112,1,3,47766,2329,6743,6074,15146,59,1734,7,117,117,52,0,0,0,0,0,0,0,0,0,0,0,0,0,103,2
15.600176,1783686858.145164,2091150,,BS9336,2,rfd_legacy,,1,107,6,3112,415767606,5879,1,3,47675,5973,6483,3903,16359,64,1914,7,122,122,48,0,0,0,0,0,0,0,0,0,0,0,0,0,143,165
15.625161,1783686858.170149,2091150,,BS9336,2,rfd_legacy,,1,107,3,3637,219158641,1629,1,3,47938,3592,6911,6725,17228,67,1918,7,117,117,56,0,0,0,0,0,0,0,0,0,0,0,0,0,140,149
15.627613,1783686858.172601,2091150,,BS9336,2,rfd_legacy,,1,107,7,3216,481302407,1216,1,3,47899,2695,4567,3445,10707,42,1864,7,118,118,52,0,0,0,0,0,0,0,0,0,0,0,0,0,151,91
16.782771,1783686859.327759,2091160,,BS9336,2,rfd_legacy,,1,117,0,2864,3712569641,519,1,3,48001,5967,6805,6563,19335,76,1875,7,121,121,48,0,0,0,0,0,0,0,0,0,0,0,0,0,82,200
16.783337,1783686859.328325,2091160,,BS9336,2,rfd_legacy,,1,117,4,2594,3974713872,3095,1,3,47800,6380,6007,3567,15954,62,1817,7,118,118,52,0,0,0,0,0,0,0,0,0,0,0,0,0,149,186
16.785644,1783686859.330632,2091160,,BS9336,2,rfd_legacy,,1,117,1,2087,3778104815,-1576,1,3,47691,2257,6269,5769,14295,56,1880,7,120,120,48,0,0,0,0,0,0,0,0,0,0,0,0,0,22,8
16.811675,1783686859.356663,2091160,,BS9336,2,rfd_legacy,,1,117,5,2005,4040247793,-5870,1,3,47861,7160,7227,4506,18893,74,2128,8,119,119,56,0,0,0,0,0,0,0,0,0,0,0,0,0,207,184
16.812944,1783686859.357932,2091160,,BS9336,2,rfd_legacy,,1,117,2,3278,3843641476,1091,1,3,47694,2294,6991,6721,16006,63,2009,8,124,124,56,0,0,0,0,0,0,0,0,0,0,0,0,0,181,212
16.815171,1783686859.360159,2091160,,BS9336,2,rfd_legacy,,1,117,6,3138,4105786983,5811,1,3,48026,4553,6764,5862,17179,67,1894,7,120,120,52,0,0,0,0,0,0,0,0,0,0,0,0,0,13,0
16.832635,1783686859.377623,2091160,,BS9336,2,rfd_legacy,,1,117,3,3645,3909178127,1620,1,3,47996,6938,6592,3905,17435,68,1885,7,117,117,68,0,0,0,0,0,0,0,0,0,0,0,0,0,104,185
16.835777,1783686859.380765,2091160,,BS9336,2,rfd_legacy,,1,117,7,3358,4171322098,1074,1,3,47756,1511,4852,4205,10568,41,1774,7,119,119,52,0,0,0,0,0,0,0,0,0,0,0,0,0,116,225
17.786138,1783686860.331126,2091170,,BS9336,2,rfd_legacy,,1,127,0,2812,3129232531,572,1,3,47915,6165,5992,4199,16356,64,2118,8,118,118,44,0,0,0,0,0,0,0,0,0,0,0,0,0,192,46
17.788319,1783686860.333307,2091170,,BS9336,2,rfd_legacy,,1,127,4,2523,3391376873,3128,1,3,48044,7067,6533,4610,18210,71,2134,8,123,123,52,0,0,0,0,0,0,0,0,0,0,0,0,0,124,166
17.790604,1783686860.335592,2091170,,BS9336,2,rfd_legacy,,1,127,1,2041,3194767928,-1517,1,3,48017,1818,6161,5175,13154,51,1874,7,118,118,48,0,0,0,0,0,0,0,0,0,0,0,0,0,183,14
17.809087,1783686860.354075,2091170,,BS9336,2,rfd_legacy,,1,127,5,2029,3456910591,-5875,1,3,47668,6689,6811,4281,17781,69,1979,8,118,118,52,0,0,0,0,0,0,0,0,0,0,0,0,0,21,84
17.810301,1783686860.355289,2091170,,BS9336,2,rfd_legacy,,1,127,2,3199,3260304746,1188,1,3,47688,1796,6148,6053,13997,55,1723,7,117,117,64,0,0,0,0,0,0,0,0,0,0,0,0,0,170,58
17.812591,1783686860.357579,2091170,,BS9336,2,rfd_legacy,,1,127,6,3189,3522450089,5761,1,3,47971,5377,6707,5222,17306,68,1865,7,120,120,52,0,0,0,0,0,0,0,0,0,0,0,0,0,138,95
17.839781,1783686860.384769,2091170,,BS9336,2,rfd_legacy,,1,127,3,3648,3325840817,1498,1,3,47992,6628,6586,4043,17257,67,1781,7,117,117,60,0,0,0,0,0,0,0,0,0,0,0,0,0,146,221
17.839863,1783686860.384851,2091170,,BS9336,2,rfd_legacy,,1,127,7,3223,3587984994,1174,1,3,47543,4001,4875,3065,11941,47,2090,8,124,124,52,0,0,0,0,0,0,0,0,0,0,0,0,0,95,179
18.971072,1783686861.51606,2091180,,BS9336,2,rfd_legacy,,1,136,0,2821,2501641760,510,1,3,47703,6580,7103,5827,19510,76,2373,9,123,123,52,0,0,0,0,0,0,0,0,0,0,0,0,0,159,248
18.973299,1783686861.518287,2091180,,BS9336,2,rfd_legacy,,1,136,4,2610,2763786269,3133,1,3,47668,6460,5887,3730,16077,63,1886,7,120,120,52,0,0,0,0,0,0,0,0,0,0,0,0,0,152,95
18.975544,1783686861.520532,2091180,,BS9336,2,rfd_legacy,,1,136,1,2091,2567177551,-1534,1,3,47960,2428,7029,5443,14900,58,1887,7,119,119,44,0,0,0,0,0,0,0,0,0,0,0,0,0,78,181
18.99309,1783686861.538078,2091180,,BS9336,2,rfd_legacy,,1,136,5,2016,2829320237,-5878,1,3,48096,7488,7060,5869,20417,80,2189,9,122,122,64,0,0,0,0,0,0,0,0,0,0,0,0,0,22,255
18.99528,1783686861.540268,2091180,,BS9336,2,rfd_legacy,,1,136,2,3188,2632713917,1218,1,3,48014,2326,6559,6162,15047,59,1807,7,120,120,60,0,0,0,0,0,0,0,0,0,0,0,0,0,211,240
18.997549,1783686861.542537,2091180,,BS9336,2,rfd_legacy,,1,136,6,3164,2894859515,5774,1,3,47614,6346,6681,3825,16852,66,1943,8,121,121,52,0,0,0,0,0,0,0,0,0,0,0,0,0,155,96
19.017185,1783686861.562173,2091180,,BS9336,2,rfd_legacy,,1,136,3,3588,2698250510,1572,1,3,47784,6917,6835,4932,18684,73,1919,7,121,121,44,0,0,0,0,0,0,0,0,0,0,0,0,0,3,172
19.017236,1783686861.562224,2091180,,BS9336,2,rfd_legacy,,1,136,7,3268,2960394266,1112,1,3,47806,3949,4386,2605,10940,43,2140,8,125,125,52,0,0,0,0,0,0,0,0,0,0,0,0,0,145,48
20.254498,1783686862.799486,2091190,,BS9336,2,rfd_legacy,,1,146,0,2855,1869807762,627,1,3,47863,6593,6862,4241,17696,69,1779,7,120,120,44,0,0,0,0,0,0,0,0,0,0,0,0,0,141,109
20.25567,1783686862.800658,2091190,,BS9336,2,rfd_legacy,,1,146,4,2619,2131952334,3102,1,3,47733,6257,6219,3875,16351,64,1893,7,119,119,52,0,0,0,0,0,0,0,0,0,0,0,0,0,28,68
20.257958,1783686862.802946,2091190,,BS9336,2,rfd_legacy,,1,146,1,2053,1935342936,-1521,1,3,47706,2160,6770,5161,14091,55,1982,8,123,123,48,0,0,0,0,0,0,0,0,0,0,0,0,0,133,189
20.276282,1783686862.82127,2091190,,BS9336,2,rfd_legacy,,1,146,5,2037,2197485691,-5900,1,3,47829,7353,7255,7017,21625,84,2221,9,119,119,56,0,0,0,0,0,0,0,0,0,0,0,0,0,39,241
20.278542,1783686862.82353,2091190,,BS9336,2,rfd_legacy,,1,146,2,3191,2000879799,1166,1,3,47651,3621,7143,5568,16332,64,1926,8,123,123,60,0,0,0,0,0,0,0,0,0,0,0,0,0,108,231
20.280766,1783686862.825754,2091190,,BS9336,2,rfd_legacy,,1,146,6,3112,2263025403,5838,1,3,47751,3588,6107,6128,15823,62,1839,7,120,120,52,0,0,0,0,0,0,0,0,0,0,0,0,0,239,47
20.305938,1783686862.850926,2091190,,BS9336,2,rfd_legacy,,1,146,3,3567,2066416414,1609,1,3,47890,4772,7185,5746,17703,69,1978,8,122,122,64,0,0,0,0,0,0,0,0,0,0,0,0,0,151,173
20.30715,1783686862.852138,2091190,,BS9336,2,rfd_legacy,,1,146,7,3275,2328560308,1072,1,3,47747,1062,4567,4610,10239,40,1866,7,121,121,48,0,0,0,0,0,0,0,0,0,0,0,0,0,28,235
21.589322,1783686864.13431,2091200,,BS9336,2,rfd_legacy,,1,156,0,2877,1130465656,558,1,3,47675,7227,6518,3771,17516,68,1935,8,121,121,44,0,0,0,0,0,0,0,0,0,0,0,0,0,32,129
21.590572,1783686864.13556,2091200,,BS9336,2,rfd_legacy,,1,156,4,2621,1392610194,3062,1,3,47600,6629,6498,4295,17422,68,2026,8,125,125,52,0,0,0,0,0,0,0,0,0,0,0,0,0,138,116
21.592888,1783686864.137876,2091200,,BS9336,2,rfd_legacy,,1,156,1,2056,1196001314,-1574,1,3,48009,2535,5618,5858,14011,55,1963,8,124,124,56,0,0,0,0,0,0,0,0,0,0,0,0,0,189,156
21.617939,1783686864.162927,2091200,,BS9336,2,rfd_legacy,,1,156,5,2094,1458144219,-5831,1,3,47890,6994,7412,6999,21405,84,2268,9,121,121,48,0,0,0,0,0,0,0,0,0,0,0,0,0,203,206
21.621141,1783686864.166129,2091200,,BS9336,2,rfd_legacy,,1,156,2,3165,1261538342,1207,1,3,47849,4131,7021,5141,16293,64,1747,7,119,119,52,0,0,0,0,0,0,0,0,0,0,0,0,0,62,9
21.622507,1783686864.167495,2091200,,BS9336,2,rfd_legacy,,1,156,6,3136,1523683556,5807,1,3,47848,5584,6850,5073,17507,68,2000,8,122,122,52,0,0,0,0,0,0,0,0,0,0,0,0,0,109,105
21.640814,1783686864.185802,2091200,,BS9336,2,rfd_legacy,,1,156,3,3655,1327074400,1618,1,3,47681,4414,7531,6809,18754,73,1966,8,123,123,80,0,0,0,0,0,0,0,0,0,0,0,0,0,159,207
21.642076,1783686864.187064,2091200,,BS9336,2,rfd_legacy,,1,156,7,3266,1589218192,1156,1,3,47651,2911,4610,3319,10840,42,1864,7,119,119,44,0,0,0,0,0,0,0,0,0,0,0,0,0,251,81
22.774266,1783686865.319254,2091210,,BS9336,2,rfd_legacy,,1,166,0,2860,479166816,561,1,3,47682,7252,7176,6879,21307,83,2010,8,124,124,44,0,0,0,0,0,0,0,0,0,0,0,0,0,109,196
22.775453,1783686865.320441,2091210,,BS9336,2,rfd_legacy,,1,166,4,2525,741311250,3134,1,3,47678,6242,6100,3410,15752,62,1828,7,120,120,52,0,0,0,0,0,0,0,0,0,0,0,0,0,25,92
22.777781,1783686865.322769,2091210,,BS9336,2,rfd_legacy,,1,166,1,2103,544702621,-1489,1,3,47883,2678,6099,6018,14795,58,1997,8,122,122,48,0,0,0,0,0,0,0,0,0,0,0,0,0,165,66
22.796929,1783686865.341917,2091210,,BS9336,2,rfd_legacy,,1,166,5,2016,806845049,-5843,1,3,47768,6958,7137,6870,20965,82,2165,8,118,118,56,0,0,0,0,0,0,0,0,0,0,0,0,0,172,186
22.797493,1783686865.342481,2091210,,BS9336,2,rfd_legacy,,1,166,2,3237,610239347,1119,1,3,47660,4050,6578,4635,15263,60,1758,7,121,121,52,0,0,0,0,0,0,0,0,0,0,0,0,0,181,108
22.799766,1783686865.344754,2091210,,BS9336,2,rfd_legacy,,1,166,6,3188,872384557,5789,1,3,47597,6316,7074,4870,18260,71,2002,8,122,122,52,0,0,0,0,0,0,0,0,0,0,0,0,0,76,135
22.82626,1783686865.371248,2091210,,BS9336,2,rfd_legacy,,1,166,3,3655,675775517,1598,1,3,47824,5612,7513,6441,19566,76,2104,8,124,124,68,0,0,0,0,0,0,0,0,0,0,0,0,0,78,18
22.826463,1783686865.371451,2091210,,BS9336,2,rfd_legacy,,1,166,7,3229,937919529,1149,1,3,48066,558,4293,4488,9339,36,1835,7,117,117,52,0,0,0,0,0,0,0,0,0,0,0,0,0,21,16
23.981676,1783686866.526664,2091220,,BS9336,2,rfd_legacy,,1,175,0,3072,4144762865,533,1,3,47655,7543,7384,5639,20566,80,2167,8,122,122,36,0,0,0,0,0,0,0,0,0,0,0,0,0,175,35
23.982872,1783686866.52786,2091220,,BS9336,2,rfd_legacy,,1,175,4,2871,111940450,3157,1,3,47816,6573,6540,4756,17869,70,1938,8,122,122,52,0,0,0,0,0,0,0,0,0,0,0,0,0,26,11
24.009682,1783686866.55467,2091220,,BS9336,2,rfd_legacy,,1,175,1,2059,4210298370,-1491,1,3,48102,3594,7115,5123,15832,62,1980,8,123,123,44,0,0,0,0,0,0,0,0,0,0,0,0,0,222,31
24.01412,1783686866.559108,2091220,,BS9336,2,rfd_legacy,,1,175,5,2044,177474113,-5878,1,3,47803,7176,6784,3923,17883,70,2143,8,123,123,52,0,0,0,0,0,0,0,0,0,0,0,0,0,112,90
24.014313,1783686866.559301,2091220,,BS9336,2,rfd_legacy,,1,175,2,3169,4275835103,1178,1,3,47684,1652,6311,6281,14244,56,2150,8,124,124,68,0,0,0,0,0,0,0,0,0,0,0,0,0,185,247
24.031598,1783686866.576586,2091220,,BS9336,2,rfd_legacy,,1,175,6,3134,243013564,5781,1,3,47731,5869,6256,4070,16195,63,1703,7,117,117,48,0,0,0,0,0,0,0,0,0,0,0,0,0,159,225
24.05567,1783686866.600658,2091220,,BS9336,2,rfd_legacy,,1,175,3,3548,46404261,1597,1,3,48096,5276,6885,5277,17438,68,1918,7,120,120,52,0,0,0,0,0,0,0,0,0,0,0,0,0,127,59
24.057933,1783686866.602921,2091220,,BS9336,2,rfd_legacy,,1,175,7,3254,308548306,1069,1,3,47798,3182,4362,2801,10345,40,1724,7,122,122,40,0,0,0,0,0,0,0,0,0,0,0,0,0,253,52
25.167902,1783686867.71289,2091230,,BS9336,2,rfd_legacy,,1,185,0,2887,3531062180,531,1,3,47735,6962,6896,4160,18018,70,1896,7,121,121,40,0,0,0,0,0,0,0,0,0,0,0,0,0,29,118
25.167955,1783686867.712943,2091230,,BS9336,2,rfd_legacy,,1,185,4,2594,3793206871,3085,1,3,48075,6891,6726,5777,19394,76,2074,8,123,123,48,0,0,0,0,0,0,0,0,0,0,0,0,0,197,138
25.170178,1783686867.715166,2091230,,BS9336,2,rfd_legacy,,1,185,1,2142,3596598048,-1569,1,3,47848,3776,7085,4999,15860,62,1981,8,124,124,52,0,0,0,0,0,0,0,0,0,0,0,0,0,5,122
25.187764,1783686867.732752,2091230,,BS9336,2,rfd_legacy,,1,185,5,2006,3858740506,-5863,1,3,48081,6814,7236,6907,20957,82,2140,8,118,118,60,0,0,0,0,0,0,0,0,0,0,0,0,0,104,34
25.18992,1783686867.734908,2091230,,BS9336,2,rfd_legacy,,1,185,2,3250,3662134418,1138,1,3,47594,5658,7403,5353,18414,72,1974,8,124,124,56,0,0,0,0,0,0,0,0,0,0,0,0,0,66,139
25.192197,1783686867.737185,2091230,,BS9336,2,rfd_legacy,,1,185,6,3150,3924280198,5807,1,3,47581,5187,6772,5589,17548,69,1892,7,120,120,48,0,0,0,0,0,0,0,0,0,0,0,0,0,105,79
25.218173,1783686867.763161,2091230,,BS9336,2,rfd_legacy,,1,185,3,3606,3727670630,1574,1,3,47815,475,2891,3270,6636,26,1889,7,119,119,44,0,0,0,0,0,0,0,0,0,0,0,0,0,36,100
25.219412,1783686867.7644,2091230,,BS9336,2,rfd_legacy,,1,185,7,3216,3989814699,1186,1,3,48002,821,2113,2415,5349,21,1429,6,122,122,36,0,0,0,0,0,0,0,0,0,0,0,0,0,63,24
26.27205,1783686868.817038,2091240,,BS9336,2,rfd_legacy,,1,195,0,2886,791921900,576,1,3,47770,6631,7106,5794,19531,76,1887,7,118,118,44,0,0,0,0,0,0,0,0,0,0,0,0,0,242,33
26.296499,1783686868.841487,2091240,,BS9336,2,rfd_legacy,,1,195,4,2621,1054066182,3036,1,3,47939,6935,6593,5529,19057,74,1922,8,119,119,52,0,0,0,0,0,0,0,0,0,0,0,0,0,179,176
26.299073,1783686868.844061,2091240,,BS9336,2,rfd_legacy,,1,195,1,2098,857457379,-1596,1,3,47817,2367,6081,5761,14209,56,1987,8,123,123,52,0,0,0,0,0,0,0,0,0,0,0,0,0,31,231
26.301372,1783686868.84636,2091240,,BS9336,2,rfd_legacy,,1,195,5,2035,1119599883,-5839,1,3,48101,6962,7320,5670,19952,78,2182,9,121,121,56,0,0,0,0,0,0,0,0,0,0,0,0,0,227,32
26.30362,1783686868.848608,2091240,,BS9336,2,rfd_legacy,,1,195,2,3220,922993999,1186,1,3,47676,7373,6960,3884,18217,71,1817,7,124,124,48,0,0,0,0,0,0,0,0,0,0,0,0,0,135,232
26.321594,1783686868.866582,2091240,,BS9336,2,rfd_legacy,,1,195,6,3080,1185139528,5811,1,3,47893,4597,6849,6172,17618,69,1993,8,123,123,56,0,0,0,0,0,0,0,0,0,0,0,0,0,35,203
26.322869,1783686868.867857,2091240,,BS9336,2,rfd_legacy,,1,195,3,3544,988530356,1621,1,3,47614,7048,6784,3849,17681,69,2169,8,123,123,52,0,0,0,0,0,0,0,0,0,0,0,0,0,151,233
26.325167,1783686868.870155,2091240,,BS9336,2,rfd_legacy,,1,195,7,3268,1250674265,1047,1,3,47980,3686,4961,3395,12042,47,1893,7,118,118,44,0,0,0,0,0,0,0,0,0,0,0,0,0,229,14
27.400669,1783686869.945657,2091250,,BS9336,2,rfd_legacy,,1,205,0,2796,2363672114,674,1,3,47759,6496,6801,5628,18925,74,1796,7,119,119,52,0,0,0,0,0,0,0,0,0,0,0,0,0,118,241
27.402867,1783686869.947855,2091250,,BS9336,2,rfd_legacy,,1,205,4,2606,2625816495,3074,1,3,47842,6638,5970,4650,17258,67,1894,7,119,119,52,0,0,0,0,0,0,0,0,0,0,0,0,0,248,80
27.40515,1783686869.950138,2091250,,BS9336,2,rfd_legacy,,1,205,1,2085,2429207860,-1551,1,3,48073,2079,6573,6600,15252,60,1967,8,120,120,44,0,0,0,0,0,0,0,0,0,0,0,0,0,97,138
27.453602,1783686869.99859,2091250,,BS9336,2,rfd_legacy,,1,205,5,2028,2691350420,-5809,1,3,47805,7398,7314,4153,18865,74,2225,9,119,119,56,0,0,0,0,0,0,0,0,0,0,0,0,0,11,249
27.454859,1783686869.999847,2091250,,BS9336,2,rfd_legacy,,1,205,2,3215,2494744511,1207,1,3,47841,3817,6998,5461,16276,64,1700,7,118,118,52,0,0,0,0,0,0,0,0,0,0,0,0,0,86,249
27.457158,1783686870.002146,2091250,,BS9336,2,rfd_legacy,,1,205,6,3173,2756889789,5783,1,3,47723,5544,6665,4744,16953,66,1890,7,122,122,56,0,0,0,0,0,0,0,0,0,0,0,0,0,159,190
27.474606,1783686870.019594,2091250,,BS9336,2,rfd_legacy,,1,205,3,3601,2560280909,1541,1,3,47810,4996,7445,6886,19327,75,1987,8,122,122,56,0,0,0,0,0,0,0,0,0,0,0,0,0,130,161
27.477099,1783686870.022087,2091250,,BS9336,2,rfd_legacy,,1,205,7,3319,2822424806,1077,1,3,47709,3858,5825,4573,14256,56,1903,7,117,117,44,0,0,0,0,0,0,0,0,0,0,0,0,0,58,12
28.691075,1783686871.236063,2091260,,BS9336,2,rfd_legacy,,1,214,0,2882,3782302240,490,1,3,47976,6956,6593,4771,18320,72,1869,7,119,119,44,0,0,0,0,0,0,0,0,0,0,0,0,0,159,151
28.693375,1783686871.238363,2091260,,BS9336,2,rfd_legacy,,1,214,4,2535,4044446496,3118,1,3,47635,6419,6885,6275,19579,76,2056,8,123,123,44,0,0,0,0,0,0,0,0,0,0,0,0,0,181,213
28.69558,1783686871.240568,2091260,,BS9336,2,rfd_legacy,,1,214,1,2078,3847837911,-1433,1,3,47826,2243,6945,5785,14973,58,1844,7,118,118,48,0,0,0,0,0,0,0,0,0,0,0,0,0,196,63
28.714034,1783686871.259022,2091260,,BS9336,2,rfd_legacy,,1,214,2,3201,3913374564,1189,1,3,47681,2118,6768,6721,15607,61,1883,7,123,123,52,0,0,0,0,0,0,0,0,0,0,0,0,0,131,82
28.7153,1783686871.260288,2091260,,BS9336,2,rfd_legacy,,1,214,6,3149,4175520074,5817,1,3,47831,4446,6492,5473,16411,64,1856,7,119,119,52,0,0,0,0,0,0,0,0,0,0,0,0,0,160,252
28.717553,1783686871.262541,2091260,,BS9336,2,rfd_legacy,,1,214,3,3615,3978911043,1568,1,3,47589,6908,7334,5688,19930,78,2202,9,124,124,40,0,0,0,0,0,0,0,0,0,0,0,0,0,21,91
28.735205,1783686871.280193,2091260,,BS9336,2,rfd_legacy,,1,214,7,3267,4241054775,1149,1,3,47644,2901,4858,3565,11324,44,1815,7,119,119,44,0,0,0,0,0,0,0,0,0,0,0,0,0,12,58
29.868002,1783686872.41299,2091270,,BS9336,2,rfd_legacy,,1,224,0,2857,3142729478,547,1,3,47914,6673,6241,4436,17350,68,1897,7,118,118,44,0,0,0,0,0,0,0,0,0,0,0,0,0,198,218
29.870285,1783686872.415273,2091270,,BS9336,2,rfd_legacy,,1,224,4,2582,3404873990,3080,1,3,47866,6812,6348,3648,16808,66,2044,8,124,124,48,0,0,0,0,0,0,0,0,0,0,0,0,0,60,182
29.872681,1783686872.417669,2091270,,BS9336,2,rfd_legacy,,1,224,1,2095,3208264976,-1592,1,3,47946,2219,6821,6598,15638,61,2083,8,123,123,44,0,0,0,0,0,0,0,0,0,0,0,0,0,8,196
29.897556,1783686872.442544,2091270,,BS9336,2,rfd_legacy,,1,224,5,2053,3470407506,-5826,1,3,47650,7168,7302,6022,20492,80,2111,8,117,117,60,0,0,0,0,0,0,0,0,0,0,0,0,0,177,10
29.899835,1783686872.444823,2091270,,BS9336,2,rfd_legacy,,1,224,2,3149,3273801288,1205,1,3,47933,6781,6398,3442,16621,65,1719,7,117,117,44,0,0,0,0,0,0,0,0,0,0,0,0,0,158,216
29.902083,1783686872.447071,2091270,,BS9336,2,rfd_legacy,,1,224,6,3131,3535946811,5782,1,3,47718,5023,6507,4895,16425,64,1846,7,120,120,52,0,0,0,0,0,0,0,0,0,0,0,0,0,125,152
29.919485,1783686872.464473,2091270,,BS9336,2,rfd_legacy,,1,224,3,3511,3339337697,1601,1,3,47911,5084,7105,5533,17722,69,2078,8,119,119,48,0,0,0,0,0,0,0,0,0,0,0,0,0,238,233
29.92173,1783686872.466718,2091270,,BS9336,2,rfd_legacy,,1,224,7,3294,3601481847,1011,1,3,48054,3037,4159,2639,9835,38,2010,8,122,122,48,0,0,0,0,0,0,0,0,0,0,0,0,0,27,100
31.184434,1783686873.729422,2091280,,BS9336,2,rfd_legacy,,1,234,0,2866,316301975,500,1,3,47960,6660,6476,5081,18217,71,1801,7,118,118,40,0,0,0,0,0,0,0,0,0,0,0,0,0,234,244
31.208828,1783686873.753816,2091280,,BS9336,2,rfd_legacy,,1,234,4,2577,578446474,3092,1,3,47894,6718,6430,5217,18365,72,1872,7,118,118,48,0,0,0,0,0,0,0,0,0,0,0,0,0,224,149
31.213084,1783686873.758072,2091280,,BS9336,2,rfd_legacy,,1,234,1,2069,381837376,-1455,1,3,48077,2258,6718,6282,15258,60,2000,8,121,121,44,0,0,0,0,0,0,0,0,0,0,0,0,0,231,71
31.214745,1783686873.759733,2091280,,BS9336,2,rfd_legacy,,1,234,5,2023,643980053,-5870,1,3,47699,7414,7132,6983,21529,84,2339,9,123,123,56,0,0,0,0,0,0,0,0,0,0,0,0,0,67,104
31.215997,1783686873.760985,2091280,,BS9336,2,rfd_legacy,,1,234,2,3169,447374372,1226,1,3,47991,5259,6947,4228,16434,64,1864,7,123,123,60,0,0,0,0,0,0,0,0,0,0,0,0,0,72,215
31.233905,1783686873.778893,2091280,,BS9336,2,rfd_legacy,,1,234,6,3171,709519720,5782,1,3,47825,4330,6739,6082,17151,67,1822,7,118,118,52,0,0,0,0,0,0,0,0,0,0,0,0,0,139,54
31.235158,1783686873.780146,2091280,,BS9336,2,rfd_legacy,,1,234,3,3731,512910244,1577,1,3,47985,6699,7155,4747,18601,73,1986,8,122,122,60,0,0,0,0,0,0,0,0,0,0,0,0,0,198,234
31.237422,1783686873.78241,2091280,,BS9336,2,rfd_legacy,,1,234,7,3266,775054250,1163,1,3,47753,1243,4335,3980,9558,37,1866,7,119,119,48,0,0,0,0,0,0,0,0,0,0,0,0,0,108,67
32.29051,1783686874.835498,2091290,,BS9336,2,rfd_legacy,,1,244,0,2891,1857621411,532,1,3,47955,6920,6927,5966,19813,77,2067,8,123,123,40,0,0,0,0,0,0,0,0,0,0,0,0,0,250,48
32.2928,1783686874.837788,2091290,,BS9336,2,rfd_legacy,,1,244,4,2572,2119765933,3088,1,3,47845,6685,6767,5078,18530,72,2105,8,124,124,48,0,0,0,0,0,0,0,0,0,0,0,0,0,158,208
32.295027,1783686874.840015,2091290,,BS9336,2,rfd_legacy,,1,244,1,2069,1923157280,-1519,1,3,47687,2898,5525,6579,15002,59,1794,7,117,117,48,0,0,0,0,0,0,0,0,0,0,0,0,0,254,95
32.313529,1783686874.858517,2091290,,BS9336,2,rfd_legacy,,1,244,5,2050,2185300084,-5872,1,3,47767,6885,7018,6757,20660,81,2062,8,118,118,52,0,0,0,0,0,0,0,0,0,0,0,0,0,70,241
32.314715,1783686874.859703,2091290,,BS9336,2,rfd_legacy,,1,244,2,3228,1988693930,1059,1,3,48091,3209,7007,5921,16137,63,1837,7,120,120,52,0,0,0,0,0,0,0,0,0,0,0,0,0,169,251
32.317012,1783686874.862,2091290,,BS9336,2,rfd_legacy,,1,244,6,3131,2250839398,5793,1,3,47754,4068,6651,6347,17066,67,1866,7,119,119,48,0,0,0,0,0,0,0,0,0,0,0,0,0,56,34
32.33541,1783686874.880398,2091290,,BS9336,2,rfd_legacy,,1,244,3,3609,2054230295,1583,1,3,48022,6226,7473,6514,20213,79,2241,9,124,124,52,0,0,0,0,0,0,0,0,0,0,0,0,0,144,55
32.336661,1783686874.881649,2091290,,BS9336,2,rfd_legacy,,1,244,7,3346,2316373920,1000,1,3,47683,441,4133,4541,9115,36,1963,8,117,117,56,0,0,0,0,0,0,0,0,0,0,0,0,0,172,108
33.266439,1783686875.811427,2091300,,BS9336,2,rfd_legacy,,1,254,0,2801,1332484144,629,1,3,47897,6464,7093,5705,19262,75,1959,8,123,123,48,0,0,0,0,0,0,0,0,0,0,0,0,0,44,74
33.267688,1783686875.812676,2091300,,BS9336,2,rfd_legacy,,1,254,4,2561,1594628397,3106,1,3,48121,6033,6220,3653,15906,62,1833,7,120,120,48,0,0,0,0,0,0,0,0,0,0,0,0,0,93,167
33.269988,1783686875.814976,2091300,,BS9336,2,rfd_legacy,,1,254,1,2070,1398019531,-1473,1,3,48072,2445,6109,6664,15218,59,1893,7,118,118,40,0,0,0,0,0,0,0,0,0,0,0,0,0,229,239
33.28856,1783686875.833548,2091300,,BS9336,2,rfd_legacy,,1,254,5,2035,1660162307,-5844,1,3,48045,7223,7183,4930,19336,76,2157,8,118,118,56,0,0,0,0,0,0,0,0,0,0,0,0,0,115,189
33.289745,1783686875.834733,2091300,,BS9336,2,rfd_legacy,,1,254,2,3201,1463556579,1220,1,3,47641,3113,7347,6223,16683,65,2053,8,124,124,56,0,0,0,0,0,0,0,0,0,0,0,0,0,178,120
33.292147,1783686875.837135,2091300,,BS9336,2,rfd_legacy,,1,254,6,3132,1725701963,5776,1,3,47540,6484,7100,4557,18141,71,2069,8,124,124,52,0,0,0,0,0,0,0,0,0,0,0,0,0,166,75
33.318541,1783686875.863529,2091300,,BS9336,2,rfd_legacy,,1,254,3,3661,1529092816,1563,1,3,47713,6799,6920,5669,19388,76,1993,8,119,119,48,0,0,0,0,0,0,0,0,0,0,0,0,0,155,48
33.31916,1783686875.864148,2091300,,BS9336,2,rfd_legacy,,1,254,7,3356,1791236829,1012,1,3,48012,1305,4507,3887,9699,38,2055,8,123,123,56,0,0,0,0,0,0,0,0,0,0,0,0,0,60,208
34.296707,1783686876.841695,2091310,,BS9336,2,rfd_legacy,,1,7,0,2850,793782401,614,1,3,47960,6234,7159,5750,19143,75,1950,8,124,124,44,0,0,0,0,0,0,0,0,0,0,0,0,0,150,224
34.313686,1783686876.858674,2091310,,BS9336,2,rfd_legacy,,1,7,4,2596,1055926954,3040,1,3,47785,6670,6129,4515,17314,68,1884,7,119,119,44,0,0,0,0,0,0,0,0,0,0,0,0,0,2,82
34.317921,1783686876.862909,2091310,,BS9336,2,rfd_legacy,,1,7,1,2029,859317993,-1494,1,3,47983,3827,7079,4748,15654,61,1946,8,123,123,52,0,0,0,0,0,0,0,0,0,0,0,0,0,75,117
34.318058,1783686876.863046,2091310,,BS9336,2,rfd_legacy,,1,7,5,2018,1121460362,-5877,1,3,47971,7027,7219,5813,20059,78,2195,9,122,122,48,0,0,0,0,0,0,0,0,0,0,0,0,0,57,13
34.320628,1783686876.865616,2091310,,BS9336,2,rfd_legacy,,1,7,2,3224,924854628,1125,1,3,48125,5799,6896,3717,16412,64,1870,7,121,121,52,0,0,0,0,0,0,0,0,0,0,0,0,0,37,163
34.346956,1783686876.891944,2091310,,BS9336,2,rfd_legacy,,1,7,6,3090,1186999925,5787,1,3,47933,6439,6728,3882,17049,67,1850,7,118,118,52,0,0,0,0,0,0,0,0,0,0,0,0,0,106,143
34.348152,1783686876.89314,2091310,,BS9336,2,rfd_legacy,,1,7,3,3626,990390980,1539,1,3,48070,5067,7481,6961,19509,76,2079,8,123,123,44,0,0,0,0,0,0,0,0,0,0,0,0,0,132,149
34.350475,1783686876.895463,2091310,,BS9336,2,rfd_legacy,,1,7,7,3292,1252535006,1078,1,3,47846,2617,5010,3559,11186,44,2009,8,123,123,52,0,0,0,0,0,0,0,0,0,0,0,0,0,218,200
35.479597,1783686878.024585,2091320,,BS9336,2,rfd_legacy,,1,17,0,2860,152020004,565,1,3,47713,6457,7080,5403,18940,74,1921,8,123,123,40,0,0,0,0,0,0,0,0,0,0,0,0,0,215,80
35.480184,1783686878.025172,2091320,,BS9336,2,rfd_legacy,,1,17,4,2582,414164658,3112,1,3,47957,6461,5955,5080,17496,68,1801,7,119,119,44,0,0,0,0,0,0,0,0,0,0,0,0,0,16,107
35.482486,1783686878.027474,2091320,,BS9336,2,rfd_legacy,,1,17,1,2027,217555496,-1508,1,3,47807,5110,6242,3626,14978,59,1916,7,121,121,48,0,0,0,0,0,0,0,0,0,0,0,0,0,56,250
35.500988,1783686878.045976,2091320,,BS9336,2,rfd_legacy,,1,17,5,2002,479698449,-5856,1,3,47714,7337,7480,6213,21030,82,2287,9,124,124,56,0,0,0,0,0,0,0,0,0,0,0,0,0,70,56
35.502211,1783686878.047199,2091320,,BS9336,2,rfd_legacy,,1,17,2,3231,283092279,1089,1,3,47885,2371,6794,6655,15820,62,1883,7,120,120,52,0,0,0,0,0,0,0,0,0,0,0,0,0,62,107
35.504459,1783686878.049447,2091320,,BS9336,2,rfd_legacy,,1,17,6,3108,545237806,5833,1,3,48038,5787,6986,5268,18041,70,1895,7,118,118,48,0,0,0,0,0,0,0,0,0,0,0,0,0,35,210
35.531013,1783686878.076001,2091320,,BS9336,2,rfd_legacy,,1,17,3,3648,348628630,1543,1,3,47812,4394,7187,6867,18448,72,2004,8,119,119,52,0,0,0,0,0,0,0,0,0,0,0,0,0,135,57
35.531689,1783686878.076677,2091320,,BS9336,2,rfd_legacy,,1,17,7,3299,610772511,1049,1,3,47740,3730,4759,2850,11339,44,2035,8,121,121,56,0,0,0,0,0,0,0,0,0,0,0,0,0,15,209
36.86551,1783686879.410498,2091330,,BS9336,2,rfd_legacy,,1,27,0,2808,3724092546,586,1,3,47659,6828,6891,4819,18538,72,2027,8,124,124,36,0,0,0,0,0,0,0,0,0,0,0,0,0,99,104
36.88796,1783686879.432948,2091330,,BS9336,2,rfd_legacy,,1,27,4,2569,3986236697,3053,1,3,47917,6724,5921,4156,16801,66,1907,7,120,120,48,0,0,0,0,0,0,0,0,0,0,0,0,0,207,151
36.889197,1783686879.434185,2091330,,BS9336,2,rfd_legacy,,1,27,1,2050,3789627818,-1518,1,3,47995,4493,6217,3820,14530,57,1754,7,117,117,48,0,0,0,0,0,0,0,0,0,0,0,0,0,25,129
36.89146,1783686879.436448,2091330,,BS9336,2,rfd_legacy,,1,27,5,2016,4051770807,-5873,1,3,47844,7693,7374,5784,20851,81,2362,9,122,122,60,0,0,0,0,0,0,0,0,0,0,0,0,0,92,253
36.916435,1783686879.461423,2091330,,BS9336,2,rfd_legacy,,1,27,2,3155,3855164785,1220,1,3,47783,4460,6642,4927,16029,63,1841,7,123,123,56,0,0,0,0,0,0,0,0,0,0,0,0,0,4,222
36.920587,1783686879.465575,2091330,,BS9336,2,rfd_legacy,,1,27,6,3167,4117310256,5755,1,3,48018,4609,7235,6548,18392,72,2013,8,123,123,52,0,0,0,0,0,0,0,0,0,0,0,0,0,153,81
36.922959,1783686879.467947,2091330,,BS9336,2,rfd_legacy,,1,27,3,3654,3920701233,1512,1,3,47651,6609,7219,5803,19631,77,2076,8,123,123,48,0,0,0,0,0,0,0,0,0,0,0,0,0,132,208
36.922995,1783686879.467983,2091330,,BS9336,2,rfd_legacy,,1,27,7,3300,4182844922,1009,1,3,47757,1180,4722,4225,10127,40,1987,8,122,122,52,0,0,0,0,0,0,0,0,0,0,0,0,0,47,100
37.99953,1783686880.544518,2091340,,BS9336,2,rfd_legacy,,1,37,0,2856,1023228052,508,1,3,48107,7167,6634,4669,18470,72,2061,8,124,124,40,0,0,0,0,0,0,0,0,0,0,0,0,0,183,12
37.99971,1783686880.544698,2091340,,BS9336,2,rfd_legacy,,1,37,4,2598,1285372551,3081,1,3,48099,6580,6536,5146,18262,71,1993,8,120,120,48,0,0,0,0,0,0,0,0,0,0,0,0,0,88,52
38.002325,1783686880.547313,2091340,,BS9336,2,rfd_legacy,,1,37,1,2097,1088763708,-1576,1,3,47949,1883,7116,6463,15462,60,1970,8,122,122,44,0,0,0,0,0,0,0,0,0,0,0,0,0,181,83
38.020007,1783686880.564995,2091340,,BS9336,2,rfd_legacy,,1,37,5,2037,1350906133,-5834,1,3,47702,7311,7517,7080,21908,86,2265,9,120,120,56,0,0,0,0,0,0,0,0,0,0,0,0,0,149,64
38.023252,1783686880.56824,2091340,,BS9336,2,rfd_legacy,,1,37,2,3232,1154300360,1185,1,3,47896,3341,6808,5887,16036,63,1802,7,120,120,56,0,0,0,0,0,0,0,0,0,0,0,0,0,198,142
38.024542,1783686880.56953,2091340,,BS9336,2,rfd_legacy,,1,37,6,3185,1416445866,5759,1,3,47681,3341,5876,6079,15296,60,1783,7,122,122,48,0,0,0,0,0,0,0,0,0,0,0,0,0,164,81
38.049445,1783686880.594433,2091340,,BS9336,2,rfd_legacy,,1,37,3,3659,1219836659,1538,1,3,47987,6974,6866,4334,18174,71,1854,7,118,118,48,0,0,0,0,0,0,0,0,0,0,0,0,0,177,57
38.051942,1783686880.59693,2091340,,BS9336,2,rfd_legacy,,1,37,7,3260,1481980276,1148,1,3,47656,2703,4757,3314,10774,42,1776,7,117,117,52,0,0,0,0,0,0,0,0,0,0,0,0,0,146,90
39.078888,1783686881.623876,2091350,,BS9336,2,rfd_legacy,,1,46,0,2826,2551324273,527,1,3,47760,7654,7638,7148,22440,88,2501,10,124,124,48,0,0,0,0,0,0,0,0,0,0,0,0,0,67,172
39.080107,1783686881.625095,2091350,,BS9336,2,rfd_legacy,,1,46,4,2561,2813468522,3087,1,3,47740,6713,6979,3796,17488,68,2082,8,124,124,40,0,0,0,0,0,0,0,0,0,0,0,0,0,156,175
39.082433,1783686881.627421,2091350,,BS9336,2,rfd_legacy,,1,46,1,2070,2616859983,-1582,1,3,47887,7436,7380,6921,21737,85,1786,7,123,123,64,0,0,0,0,0,0,0,0,0,0,0,0,0,184,204
39.100928,1783686881.645916,2091350,,BS9336,2,rfd_legacy,,1,46,5,2053,2879002587,-5851,1,3,48045,7417,7390,5182,19989,78,1984,8,122,122,60,0,0,0,0,0,0,0,0,0,0,0,0,0,224,53
39.102159,1783686881.647147,2091350,,BS9336,2,rfd_legacy,,1,46,2,3163,2682396684,1240,1,3,47906,6411,6983,5666,19060,74,2129,8,119,119,40,0,0,0,0,0,0,0,0,0,0,0,0,0,158,86
39.104402,1783686881.64939,2091350,,BS9336,2,rfd_legacy,,1,46,6,3141,2944541657,5792,1,3,48056,7150,6973,4231,18354,72,2007,8,121,121,40,0,0,0,0,0,0,0,0,0,0,0,0,0,120,195
39.130344,1783686881.675332,2091350,,BS9336,2,rfd_legacy,,1,46,3,3639,2747932621,1561,1,3,47599,6724,6920,4683,18327,72,2043,8,125,125,64,0,0,0,0,0,0,0,0,0,0,0,0,0,38,241
39.131594,1783686881.676582,2091350,,BS9336,2,rfd_legacy,,1,46,7,3266,3010076921,1066,1,3,47611,7361,6458,3671,17490,68,1869,7,124,124,52,0,0,0,0,0,0,0,0,0,0,0,0,0,13,251
40.256989,1783686882.801977,2091360,,BS9336,2,rfd_legacy,,1,56,0,2863,1890220713,639,1,3,47691,6677,6837,6355,19869,78,1996,8,122,122,36,0,0,0,0,0,0,0,0,0,0,0,0,0,41,202
40.25761,1783686882.802598,2091360,,BS9336,2,rfd_legacy,,1,56,4,2581,2152364890,3053,1,3,47897,6985,6759,5511,19255,75,2173,8,124,124,48,0,0,0,0,0,0,0,0,0,0,0,0,0,66,89
40.259901,1783686882.804889,2091360,,BS9336,2,rfd_legacy,,1,56,5,2029,2217898909,-5816,1,3,48023,6851,7150,6910,20911,82,2102,8,119,119,52,0,0,0,0,0,0,0,0,0,0,0,0,0,252,184
40.28494,1783686882.829928,2091360,,BS9336,2,rfd_legacy,,1,56,2,3197,2021293110,1219,1,3,47798,5223,6162,3766,15151,59,1652,6,118,118,52,0,0,0,0,0,0,0,0,0,0,0,0,0,138,238
40.28817,1783686882.833158,2091360,,BS9336,2,rfd_legacy,,1,56,6,3150,2283438193,5823,1,3,47791,5906,6703,4578,17187,67,1809,7,118,118,44,0,0,0,0,0,0,0,0,0,0,0,0,0,125,22
40.28951,1783686882.834498,2091360,,BS9336,2,rfd_legacy,,1,56,3,3666,2086829163,1537,1,3,48042,6855,6812,4994,18661,73,1896,7,117,117,48,0,0,0,0,0,0,0,0,0,0,0,0,0,241,239
40.306902,1783686882.85189,2091360,,BS9336,2,rfd_legacy,,1,56,7,3209,2348973159,1193,1,3,47892,2016,4913,3946,10875,42,1902,7,121,121,52,0,0,0,0,0,0,0,0,0,0,0,0,0,106,241
41.496687,1783686884.041675,2091370,,BS9336,2,rfd_legacy,,1,66,0,2851,1285591873,601,1,3,48020,6543,7010,5861,19414,76,1866,7,119,119,40,0,0,0,0,0,0,0,0,0,0,0,0,0,5,147
41.513829,1783686884.058817,2091370,,BS9336,2,rfd_legacy,,1,66,4,2567,1547736086,3067,1,3,47787,7130,6725,4858,18713,73,2154,8,125,125,48,0,0,0,0,0,0,0,0,0,0,0,0,0,142,145
41.517386,1783686884.062374,2091370,,BS9336,2,rfd_legacy,,1,66,1,2080,1351126977,-1528,1,3,47943,2899,5961,6667,15527,61,1859,7,118,118,44,0,0,0,0,0,0,0,0,0,0,0,0,0,244,166
41.518588,1783686884.063576,2091370,,BS9336,2,rfd_legacy,,1,66,5,2059,1613269779,-5853,1,3,47833,6660,7113,6758,20531,80,2007,8,117,117,52,0,0,0,0,0,0,0,0,0,0,0,0,0,142,102
41.520983,1783686884.065971,2091370,,BS9336,2,rfd_legacy,,1,66,2,3170,1416663966,1207,1,3,47624,1848,6258,6160,14266,56,1734,7,122,122,52,0,0,0,0,0,0,0,0,0,0,0,0,0,238,234
41.546349,1783686884.091337,2091370,,BS9336,2,rfd_legacy,,1,66,6,3128,1678809448,5813,1,3,47962,5245,6937,5817,17999,70,1807,7,118,118,48,0,0,0,0,0,0,0,0,0,0,0,0,0,27,239
41.547532,1783686884.09252,2091370,,BS9336,2,rfd_legacy,,1,66,3,3605,1482200118,1583,1,3,47828,6031,7604,6786,20421,80,2261,9,124,124,48,0,0,0,0,0,0,0,0,0,0,0,0,0,24,136
41.549849,1783686884.094837,2091370,,BS9336,2,rfd_legacy,,1,66,7,3247,1744344215,1134,1,3,48063,3760,4760,2809,11329,44,2036,8,124,124,52,0,0,0,0,0,0,0,0,0,0,0,0,0,79,153
42.576808,1783686885.121796,2091380,,BS9336,2,rfd_legacy,,1,76,0,2867,2814309335,562,1,3,47681,6577,6823,6189,19589,77,1854,7,118,118,44,0,0,0,0,0,0,0,0,0,0,0,0,0,24,189
42.593697,1783686885.138685,2091380,,BS9336,2,rfd_legacy,,1,76,4,2579,3076453816,3087,1,3,48094,6287,6597,5339,18223,71,1926,8,121,121,48,0,0,0,0,0,0,0,0,0,0,0,0,0,186,72
42.596386,1783686885.141374,2091380,,BS9336,2,rfd_legacy,,1,76,1,2077,2879845059,-1428,1,3,48054,3639,6852,4392,14883,58,1829,7,121,121,48,0,0,0,0,0,0,0,0,0,0,0,0,0,123,107
42.598637,1783686885.143625,2091380,,BS9336,2,rfd_legacy,,1,76,5,2059,3141987580,-5888,1,3,47836,7064,7381,6667,21112,82,2288,9,124,124,52,0,0,0,0,0,0,0,0,0,0,0,0,0,214,202
42.600825,1783686885.145813,2091380,,BS9336,2,rfd_legacy,,1,76,2,3211,2945381847,1210,1,3,47967,3435,6685,5363,15483,60,1672,7,117,117,52,0,0,0,0,0,0,0,0,0,0,0,0,0,227,48
42.627505,1783686885.172493,2091380,,BS9336,2,rfd_legacy,,1,76,6,3156,3207527160,5798,1,3,47792,6421,7162,4794,18377,72,1990,8,123,123,48,0,0,0,0,0,0,0,0,0,0,0,0,0,87,239
42.627662,1783686885.17265,2091380,,BS9336,2,rfd_legacy,,1,76,3,3602,3010918225,1622,1,3,47923,7226,7140,4533,18899,74,1987,8,120,120,52,0,0,0,0,0,0,0,0,0,0,0,0,0,132,140
42.629821,1783686885.174809,2091380,,BS9336,2,rfd_legacy,,1,76,7,3244,3273062061,1180,1,3,47926,3278,4396,2767,10441,41,1973,8,121,121,48,0,0,0,0,0,0,0,0,0,0,0,0,0,66,243
43.677096,1783686886.222084,2091390,,BS9336,2,rfd_legacy,,1,85,0,2813,149109945,566,1,3,47784,6916,6918,4975,18809,73,2027,8,124,124,44,0,0,0,0,0,0,0,0,0,0,0,0,0,230,99
43.678325,1783686886.223313,2091390,,BS9336,2,rfd_legacy,,1,85,4,2617,411254393,3066,1,3,47853,6505,6568,4611,17684,69,2042,8,124,124,48,0,0,0,0,0,0,0,0,0,0,0,0,0,180,34
43.68062,1783686886.225608,2091390,,BS9336,2,rfd_legacy,,1,85,1,2070,214645166,-1570,1,3,47569,2339,7292,6169,15800,62,2063,8,125,125,44,0,0,0,0,0,0,0,0,0,0,0,0,0,193,21
43.707072,1783686886.25206,2091390,,BS9336,2,rfd_legacy,,1,85,5,2026,476788239,-5827,1,3,47714,7188,6914,5625,19727,77,2148,8,120,120,56,0,0,0,0,0,0,0,0,0,0,0,0,0,253,50
43.707132,1783686886.25212,2091390,,BS9336,2,rfd_legacy,,1,85,2,3231,280181890,1199,1,3,47655,3940,6573,4873,15386,60,1781,7,122,122,52,0,0,0,0,0,0,0,0,0,0,0,0,0,98,212
43.70924,1783686886.254228,2091390,,BS9336,2,rfd_legacy,,1,85,6,3167,542327467,5762,1,3,47919,5581,6558,4440,16579,65,1853,7,124,124,48,0,0,0,0,0,0,0,0,0,0,0,0,0,255,160
43.727783,1783686886.272771,2091390,,BS9336,2,rfd_legacy,,1,85,3,3628,345718607,1564,1,3,47804,7026,6710,3744,17480,68,1934,8,123,123,52,0,0,0,0,0,0,0,0,0,0,0,0,0,136,249
43.728941,1783686886.273929,2091390,,BS9336,2,rfd_legacy,,1,85,7,3331,607862554,1027,1,3,47682,669,4142,4768,9579,37,2149,8,123,123,52,0,0,0,0,0,0,0,0,0,0,0,0,0,119,179
44.756246,1783686887.301234,2091400,,BS9336,2,rfd_legacy,,1,95,0,2828,1647151453,531,1,3,47959,6637,6676,5623,18936,74,1918,7,121,121,40,0,0,0,0,0,0,0,0,0,0,0,0,0,138,52
44.75744,1783686887.302428,2091400,,BS9336,2,rfd_legacy,,1,95,4,2570,1909295997,3077,1,3,47793,5901,6279,4138,16318,64,1842,7,120,120,44,0,0,0,0,0,0,0,0,0,0,0,0,0,43,77
44.759802,1783686887.30479,2091400,,BS9336,2,rfd_legacy,,1,95,5,2058,1974830035,-5878,1,3,47781,7296,7213,5612,20121,79,2158,8,118,118,60,0,0,0,0,0,0,0,0,0,0,0,0,0,199,70
44.785815,1783686887.330803,2091400,,BS9336,2,rfd_legacy,,1,95,2,3217,1778224019,1139,1,3,47708,2949,6482,5231,14662,57,1671,7,118,118,52,0,0,0,0,0,0,0,0,0,0,0,0,0,76,106
44.786943,1783686887.331931,2091400,,BS9336,2,rfd_legacy,,1,95,6,3132,2040369389,5839,1,3,47981,6209,6830,4714,17753,69,1935,8,121,121,44,0,0,0,0,0,0,0,0,0,0,0,0,0,219,155
44.789274,1783686887.334262,2091400,,BS9336,2,rfd_legacy,,1,95,3,3643,1843760452,1600,1,3,47614,6790,6522,3459,16771,66,1874,7,117,117,44,0,0,0,0,0,0,0,0,0,0,0,0,0,66,60
44.806848,1783686887.351836,2091400,,BS9336,2,rfd_legacy,,1,95,7,3210,2105904096,1208,1,3,47790,2705,4497,3023,10225,40,1787,7,117,117,48,0,0,0,0,0,0,0,0,0,0,0,0,0,68,100
45.918695,1783686888.463683,2091410,,BS9336,2,rfd_legacy,,1,105,0,2812,3212792721,594,1,3,47797,7051,6619,4154,17824,70,1945,8,122,122,40,0,0,0,0,0,0,0,0,0,0,0,0,0,92,56
45.919935,1783686888.464923,2091410,,BS9336,2,rfd_legacy,,1,105,4,2547,3474937333,3080,1,3,48110,6430,5914,4037,16381,64,1763,7,117,117,44,0,0,0,0,0,0,0,0,0,0,0,0,0,191,233
45.922251,1783686888.467239,2091410,,BS9336,2,rfd_legacy,,1,105,1,2031,3278328171,-1468,1,3,47933,4272,6696,4049,15017,59,1716,7,119,119,44,0,0,0,0,0,0,0,0,0,0,0,0,0,196,137
45.939814,1783686888.484802,2091410,,BS9336,2,rfd_legacy,,1,105,5,2034,3540470952,-5843,1,3,47904,6901,7019,5826,19746,77,1993,8,119,119,52,0,0,0,0,0,0,0,0,0,0,0,0,0,228,153
45.942058,1783686888.487046,2091410,,BS9336,2,rfd_legacy,,1,105,2,3229,3343865142,1196,1,3,48045,4452,7090,4881,16423,64,1889,7,124,124,56,0,0,0,0,0,0,0,0,0,0,0,0,0,147,185
45.944236,1783686888.489224,2091410,,BS9336,2,rfd_legacy,,1,105,6,3107,3606010426,5790,1,3,47969,5334,6778,5324,17436,68,1779,7,117,117,48,0,0,0,0,0,0,0,0,0,0,0,0,0,35,93
45.992033,1783686888.537021,2091410,,BS9336,2,rfd_legacy,,1,105,3,3626,3409401507,1505,1,3,47967,6335,6983,5887,19205,75,2037,8,118,118,48,0,0,0,0,0,0,0,0,0,0,0,0,0,101,104
45.993907,1783686888.538895,2091410,,BS9336,2,rfd_legacy,,1,105,7,3313,3671545447,968,1,3,47868,3371,4635,2852,10858,42,1900,7,117,117,48,0,0,0,0,0,0,0,0,0,0,0,0,0,125,102
46.968711,1783686889.513699,2091420,,BS9336,2,rfd_legacy,,1,115,0,2853,481424299,558,1,3,47721,7211,7014,5012,19237,75,2106,8,124,124,40,0,0,0,0,0,0,0,0,0,0,0,0,0,99,155
46.969867,1783686889.514855,2091420,,BS9336,2,rfd_legacy,,1,115,4,2591,743568941,3067,1,3,48035,6665,6797,5326,18788,73,2089,8,123,123,48,0,0,0,0,0,0,0,0,0,0,0,0,0,255,136
46.972184,1783686889.517172,2091420,,BS9336,2,rfd_legacy,,1,115,1,2094,546960204,-1405,1,3,47910,3436,7239,5179,15854,62,1909,7,123,123,48,0,0,0,0,0,0,0,0,0,0,0,0,0,233,21
46.998206,1783686889.543194,2091420,,BS9336,2,rfd_legacy,,1,115,5,2017,809102957,-5799,1,3,47894,7385,7855,7464,22704,89,2448,10,125,125,60,0,0,0,0,0,0,0,0,0,0,0,0,0,89,62
46.999365,1783686889.544353,2091420,,BS9336,2,rfd_legacy,,1,115,2,3231,612496674,1108,1,3,47815,2107,6608,6529,15244,60,1891,7,123,123,52,0,0,0,0,0,0,0,0,0,0,0,0,0,238,135
47.001659,1783686889.546647,2091420,,BS9336,2,rfd_legacy,,1,115,6,3176,874641959,5778,1,3,47741,6015,6178,3610,15803,62,1842,7,123,123,48,0,0,0,0,0,0,0,0,0,0,0,0,0,32,179
47.01923,1783686889.564218,2091420,,BS9336,2,rfd_legacy,,1,115,3,3689,678033153,1601,1,3,47725,7021,7215,5020,19256,75,2033,8,120,120,48,0,0,0,0,0,0,0,0,0,0,0,0,0,121,189
47.021679,1783686889.566667,2091420,,BS9336,2,rfd_legacy,,1,115,7,3274,940177115,1174,1,3,48076,1544,4323,3604,9471,37,2039,8,123,123,56,0,0,0,0,0,0,0,0,0,0,0,0,0,180,1
48.176678,1783686890.721666,2091430,,BS9336,2,rfd_legacy,,1,125,0,2865,4125465965,493,1,3,47856,7019,6448,4323,17790,69,1906,7,120,120,40,0,0,0,0,0,0,0,0,0,0,0,0,0,6,76
48.176887,1783686890.721875,2091430,,BS9336,2,rfd_legacy,,1,125,4,2598,92643433,3037,1,3,47979,6830,6602,4740,18172,71,2001,8,121,121,48,0,0,0,0,0,0,0,0,0,0,0,0,0,46,6
48.179464,1783686890.724452,2091430,,BS9336,2,rfd_legacy,,1,125,1,2119,4191001680,-1593,1,3,47820,2176,6975,6207,15358,60,2021,8,122,122,56,0,0,0,0,0,0,0,0,0,0,0,0,0,159,219
48.204723,1783686890.749711,2091430,,BS9336,2,rfd_legacy,,1,125,5,2065,158177174,-5825,1,3,47938,7061,7056,7104,21221,83,2122,8,118,118,48,0,0,0,0,0,0,0,0,0,0,0,0,0,240,15
48.206992,1783686890.75198,2091430,,BS9336,2,rfd_legacy,,1,125,2,3199,4256538561,1161,1,3,47790,5066,7092,4846,17004,66,1899,7,123,123,52,0,0,0,0,0,0,0,0,0,0,0,0,0,180,246
48.209207,1783686890.754195,2091430,,BS9336,2,rfd_legacy,,1,125,6,3138,223716701,5811,1,3,48008,3880,6804,6602,17286,68,1903,7,118,118,48,0,0,0,0,0,0,0,0,0,0,0,0,0,131,212
48.227619,1783686890.772607,2091430,,BS9336,2,rfd_legacy,,1,125,3,3655,27107391,1516,1,3,47951,5718,7447,6733,19898,78,2130,8,123,123,48,0,0,0,0,0,0,0,0,0,0,0,0,0,108,242
48.228832,1783686890.77382,2091430,,BS9336,2,rfd_legacy,,1,125,7,3320,289251473,1033,1,3,47719,2850,4826,3376,11052,43,1877,7,120,120,52,0,0,0,0,0,0,0,0,0,0,0,0,0,94,42
49.413718,1783686891.958706,2091440,,BS9336,2,rfd_legacy,,1,134,0,2814,3524701951,599,1,3,47628,6311,7037,6115,19463,76,1878,7,120,120,40,0,0,0,0,0,0,0,0,0,0,0,0,0,112,181
49.414859,1783686891.959847,2091440,,BS9336,2,rfd_legacy,,1,134,4,2575,3786846399,3060,1,3,47613,6816,5957,3393,16166,63,1991,8,123,123,48,0,0,0,0,0,0,0,0,0,0,0,0,0,115,127
49.417891,1783686891.962879,2091440,,BS9336,2,rfd_legacy,,1,134,1,2127,3590237452,-1552,1,3,47752,2601,6396,6837,15834,62,1990,8,122,122,48,0,0,0,0,0,0,0,0,0,0,0,0,0,255,107
49.435673,1783686891.980661,2091440,,BS9336,2,rfd_legacy,,1,134,5,2050,3852380266,-5819,1,3,47707,7431,7226,6471,21128,83,2180,9,120,120,60,0,0,0,0,0,0,0,0,0,0,0,0,0,93,76
49.436857,1783686891.981845,2091440,,BS9336,2,rfd_legacy,,1,134,2,3263,3655773849,1258,1,3,47883,2213,7007,6644,15864,62,1944,8,124,124,52,0,0,0,0,0,0,0,0,0,0,0,0,0,216,95
49.439177,1783686891.984165,2091440,,BS9336,2,rfd_legacy,,1,134,6,3181,3917919559,5803,1,3,47840,4871,6130,4751,15752,62,1631,6,118,118,48,0,0,0,0,0,0,0,0,0,0,0,0,0,52,131
49.464129,1783686892.009117,2091440,,BS9336,2,rfd_legacy,,1,134,3,3665,3721310390,1560,1,3,47660,6857,7168,5067,19092,75,1917,7,120,120,56,0,0,0,0,0,0,0,0,0,0,0,0,0,139,20
49.46637,1783686892.011358,2091440,,BS9336,2,rfd_legacy,,1,134,7,3413,3983454455,923,1,3,47964,2510,4933,3665,11108,43,1929,8,121,121,52,0,0,0,0,0,0,0,0,0,0,0,0,0,219,5
50.492537,1783686893.037525,2091450,,BS9336,2,rfd_legacy,,1,144,0,2903,774067434,486,1,3,47644,6986,6852,5508,19346,76,2070,8,124,124,44,0,0,0,0,0,0,0,0,0,0,0,0,0,28,52
50.496655,1783686893.041643,2091450,,BS9336,2,rfd_legacy,,1,144,4,2565,1036211884,3062,1,3,47623,6750,6738,6197,19685,77,1984,8,124,124,56,0,0,0,0,0,0,0,0,0,0,0,0,0,150,238
50.497312,1783686893.0423,2091450,,BS9336,2,rfd_legacy,,1,144,1,2067,839602537,-1544,1,3,47626,2708,6396,6405,15509,61,1915,7,119,119,44,0,0,0,0,0,0,0,0,0,0,0,0,0,38,54
50.514666,1783686893.059654,2091450,,BS9336,2,rfd_legacy,,1,144,5,2041,1101745425,-5867,1,3,47996,6931,6975,3992,17898,70,2200,9,122,122,52,0,0,0,0,0,0,0,0,0,0,0,0,0,201,185
50.516961,1783686893.061949,2091450,,BS9336,2,rfd_legacy,,1,144,2,3209,905139564,1102,1,3,47921,5135,6883,4505,16523,65,1734,7,119,119,64,0,0,0,0,0,0,0,0,0,0,0,0,0,215,228
50.519283,1783686893.064271,2091450,,BS9336,2,rfd_legacy,,1,144,6,3115,1167284769,5804,1,3,47959,4963,6944,5938,17845,70,1847,7,117,117,48,0,0,0,0,0,0,0,0,0,0,0,0,0,139,236
50.54509,1783686893.090078,2091450,,BS9336,2,rfd_legacy,,1,144,3,3659,970675685,1538,1,3,47646,6324,7358,6138,19820,77,2109,8,120,120,48,0,0,0,0,0,0,0,0,0,0,0,0,0,207,128
50.546314,1783686893.091302,2091450,,BS9336,2,rfd_legacy,,1,144,7,3360,1232819818,987,1,3,47820,1260,4672,4201,10133,40,1909,7,119,119,56,0,0,0,0,0,0,0,0,0,0,0,0,0,161,152
51.574868,1783686894.119856,2091460,,BS9336,2,rfd_legacy,,1,154,0,2879,2341768335,532,1,3,47646,6656,6414,5125,18195,71,1804,7,117,117,40,0,0,0,0,0,0,0,0,0,0,0,0,0,179,150
51.574934,1783686894.119922,2091460,,BS9336,2,rfd_legacy,,1,154,4,2552,2603912699,3055,1,3,47669,6931,6074,3777,16782,66,1999,8,124,124,48,0,0,0,0,0,0,0,0,0,0,0,0,0,77,154
51.577105,1783686894.122093,2091460,,BS9336,2,rfd_legacy,,1,154,1,2060,2407303702,-1421,1,3,47887,2250,6930,6218,15398,60,1972,8,119,119,40,0,0,0,0,0,0,0,0,0,0,0,0,0,10,168
51.594663,1783686894.139651,2091460,,BS9336,2,rfd_legacy,,1,154,5,2037,2669446484,-5839,1,3,47899,7404,7029,6357,20790,81,2202,9,123,123,64,0,0,0,0,0,0,0,0,0,0,0,0,0,91,167
51.596854,1783686894.141842,2091460,,BS9336,2,rfd_legacy,,1,154,2,3207,2472840753,1191,1,3,47721,4269,7137,5171,16577,65,1835,7,120,120,52,0,0,0,0,0,0,0,0,0,0,0,0,0,37,38
51.626739,1783686894.171727,2091460,,BS9336,2,rfd_legacy,,1,154,6,3145,2734985772,5804,1,3,47848,5967,6810,4972,17749,69,1885,7,119,119,48,0,0,0,0,0,0,0,0,0,0,0,0,0,0,27
51.626784,1783686894.171772,2091460,,BS9336,2,rfd_legacy,,1,154,3,3681,2538376727,1492,1,3,48070,4836,7503,7031,19370,76,2146,8,125,125,52,0,0,0,0,0,0,0,0,0,0,0,0,0,68,95
51.629043,1783686894.174031,2091460,,BS9336,2,rfd_legacy,,1,154,7,3246,2800520873,1168,1,3,47791,2934,4453,2963,10350,40,1983,8,122,122,48,0,0,0,0,0,0,0,0,0,0,0,0,0,164,20
52.676004,1783686895.220992,2091470,,BS9336,2,rfd_legacy,,1,164,0,2865,3905506919,493,1,3,47831,3232,6035,5924,15191,59,1782,7,121,121,60,0,0,0,0,0,0,0,0,0,0,0,0,0,87,250
52.677203,1783686895.222191,2091470,,BS9336,2,rfd_legacy,,1,164,4,2575,4167651161,3045,1,3,47705,6369,6951,6417,19737,77,1936,8,118,118,64,0,0,0,0,0,0,0,0,0,0,0,0,0,207,57
52.679611,1783686895.224599,2091470,,BS9336,2,rfd_legacy,,1,164,1,2108,3971042231,-1549,1,3,47703,6978,6998,6528,20504,80,1876,7,124,124,52,0,0,0,0,0,0,0,0,0,0,0,0,0,168,206
52.705511,1783686895.250499,2091470,,BS9336,2,rfd_legacy,,1,164,5,2043,4233184904,-5868,1,3,47686,6849,6809,6615,20273,79,2016,8,118,118,48,0,0,0,0,0,0,0,0,0,0,0,0,0,124,71
52.706768,1783686895.251756,2091470,,BS9336,2,rfd_legacy,,1,164,2,3166,4036579001,1221,1,3,47705,4180,6719,5337,16236,63,1510,6,118,118,52,0,0,0,0,0,0,0,0,0,0,0,0,0,109,181
52.709061,1783686895.254049,2091470,,BS9336,2,rfd_legacy,,1,164,6,3138,3757180,5819,1,3,47996,4219,6851,3943,15013,59,1800,7,120,120,40,0,0,0,0,0,0,0,0,0,0,0,0,0,202,207
52.727535,1783686895.272523,2091470,,BS9336,2,rfd_legacy,,1,164,3,3620,4102115237,1572,1,3,48005,1092,4683,5477,11252,44,1752,7,122,122,52,0,0,0,0,0,0,0,0,0,0,0,0,0,79,167
52.72865,1783686895.273638,2091470,,BS9336,2,rfd_legacy,,1,164,7,3289,69292325,1073,1,3,48040,6817,7076,5250,19143,75,1910,7,119,119,56,0,0,0,0,0,0,0,0,0,0,0,0,0,90,131
53.680374,1783686896.225362,2091480,,BS9336,2,rfd_legacy,,1,173,0,2873,3390306402,486,1,3,47827,4576,7157,7076,18809,73,2220,9,122,122,60,0,0,0,0,0,0,0,0,0,0,0,0,0,216,114
53.682551,1783686896.227539,2091480,,BS9336,2,rfd_legacy,,1,173,4,2607,3652450871,3036,1,3,48026,6915,7215,6706,20836,81,2055,8,122,122,64,0,0,0,0,0,0,0,0,0,0,0,0,0,93,160
53.68484,1783686896.229828,2091480,,BS9336,2,rfd_legacy,,1,173,1,2086,3455842003,-1388,1,3,47908,6998,6944,5655,19597,77,1918,7,124,124,40,0,0,0,0,0,0,0,0,0,0,0,0,0,247,160
53.732007,1783686896.276995,2091480,,BS9336,2,rfd_legacy,,1,173,5,2008,3717984578,-5804,1,3,47959,6604,6572,5370,18546,72,1851,7,118,118,44,0,0,0,0,0,0,0,0,0,0,0,0,0,231,48
53.734206,1783686896.279194,2091480,,BS9336,2,rfd_legacy,,1,173,2,3171,3521378700,1236,1,3,47798,6961,6806,4129,17896,70,2064,8,122,122,60,0,0,0,0,0,0,0,0,0,0,0,0,0,185,235
53.736618,1783686896.281606,2091480,,BS9336,2,rfd_legacy,,1,173,6,3126,3783523915,5764,1,3,47864,3331,6338,3790,13459,53,1674,7,119,119,44,0,0,0,0,0,0,0,0,0,0,0,0,0,112,38
53.753913,1783686896.298901,2091480,,BS9336,2,rfd_legacy,,1,173,3,3632,3586915168,1559,1,3,47876,1159,4102,4752,10013,39,1266,5,122,122,24,0,0,0,0,0,0,0,0,0,0,0,0,0,118,81
53.756165,1783686896.301153,2091480,,BS9336,2,rfd_legacy,,1,173,7,3381,3849058726,1001,1,3,47725,6833,6769,4677,18279,71,1726,7,119,119,48,0,0,0,0,0,0,0,0,0,0,0,0,0,117,33
54.686988,1783686897.231976,2091490,,BS9336,2,rfd_legacy,,1,183,0,2843,2827226660,545,1,3,48033,6419,6921,5252,18592,73,1856,7,121,121,44,0,0,0,0,0,0,0,0,0,0,0,0,0,71,180
54.687057,1783686897.232045,2091490,,BS9336,2,rfd_legacy,,1,183,4,2572,3089371282,3036,1,3,47798,6547,6148,3736,16431,64,1840,7,120,120,48,0,0,0,0,0,0,0,0,0,0,0,0,0,248,40
54.689321,1783686897.234309,2091490,,BS9336,2,rfd_legacy,,1,183,1,2057,2892762137,-1564,1,3,47689,2331,6355,6616,15302,60,1917,7,120,120,52,0,0,0,0,0,0,0,0,0,0,0,0,0,57,232
54.707017,1783686897.252005,2091490,,BS9336,2,rfd_legacy,,1,183,5,2009,3154904760,-5800,1,3,47895,7346,7582,7082,22010,86,2307,9,122,122,64,0,0,0,0,0,0,0,0,0,0,0,0,0,209,72
54.735752,1783686897.28074,2091490,,BS9336,2,rfd_legacy,,1,183,2,3220,2958298938,1188,1,3,47722,4361,6828,4935,16124,63,1750,7,118,118,52,0,0,0,0,0,0,0,0,0,0,0,0,0,166,216
54.739283,1783686897.284271,2091490,,BS9336,2,rfd_legacy,,1,183,6,3136,3220444182,5796,1,3,47594,5892,6778,4829,17499,68,1889,7,120,120,48,0,0,0,0,0,0,0,0,0,0,0,0,0,146,47
54.74049,1783686897.285478,2091490,,BS9336,2,rfd_legacy,,1,183,3,3645,3023835501,1557,1,3,47953,5749,7142,6522,19413,76,2096,8,121,121,40,0,0,0,0,0,0,0,0,0,0,0,0,0,234,193
54.742805,1783686897.287793,2091490,,BS9336,2,rfd_legacy,,1,183,7,3240,3285978945,1163,1,3,47893,2111,5064,4047,11222,44,2104,8,125,125,56,0,0,0,0,0,0,0,0,0,0,0,0,0,214,129
55.68981,1783686898.234798,2091500,,BS9336,2,rfd_legacy,,1,193,0,2866,2301537700,504,1,3,47746,6490,6346,6142,18978,74,1729,7,117,117,44,0,0,0,0,0,0,0,0,0,0,0,0,0,149,33
55.692009,1783686898.236997,2091500,,BS9336,2,rfd_legacy,,1,193,4,2608,2563682488,3065,1,3,47879,6959,6800,6040,19799,77,2076,8,123,123,48,0,0,0,0,0,0,0,0,0,0,0,0,0,57,218
55.69429,1783686898.239278,2091500,,BS9336,2,rfd_legacy,,1,193,1,2042,2367073591,-1437,1,3,48008,2368,6346,6737,15451,60,1931,8,119,119,44,0,0,0,0,0,0,0,0,0,0,0,0,0,96,143
55.714056,1783686898.259044,2091500,,BS9336,2,rfd_legacy,,1,193,5,1974,2629216125,-5766,1,3,47759,6914,7451,6932,21297,83,2292,9,122,122,56,0,0,0,0,0,0,0,0,0,0,0,0,0,10,7
55.71422,1783686898.259208,2091500,,BS9336,2,rfd_legacy,,1,193,2,3169,2432610069,1203,1,3,47840,3783,7175,5666,16624,65,1869,7,121,121,52,0,0,0,0,0,0,0,0,0,0,0,0,0,89,130
55.716312,1783686898.2613,2091500,,BS9336,2,rfd_legacy,,1,193,3,3662,2498146528,1548,1,3,47715,6635,7160,5724,19519,76,2021,8,118,118,48,0,0,0,0,0,0,0,0,0,0,0,0,0,197,12
55.73385,1783686898.278838,2091500,,BS9336,2,rfd_legacy,,1,193,7,3225,2760290335,1184,1,3,47762,1852,4369,3597,9818,38,2070,8,124,124,56,0,0,0,0,0,0,0,0,0,0,0,0,0,221,83
56.688872,1783686899.23386,2091510,,BS9336,2,rfd_legacy,,1,203,0,2829,1764267743,546,1,3,48082,6583,6783,5463,18829,74,1797,7,120,120,44,0,0,0,0,0,0,0,0,0,0,0,0,0,12,171
56.689415,1783686899.234403,2091510,,BS9336,2,rfd_legacy,,1,203,4,2608,2026412068,3040,1,3,47670,6564,6038,3691,16293,64,1757,7,117,117,48,0,0,0,0,0,0,0,0,0,0,0,0,0,171,70
56.69187,1783686899.236858,2091510,,BS9336,2,rfd_legacy,,1,203,1,2080,1829803147,-1500,1,3,47758,2539,6329,5769,14637,57,1915,7,122,122,40,0,0,0,0,0,0,0,0,0,0,0,0,0,85,127
56.717788,1783686899.262776,2091510,,BS9336,2,rfd_legacy,,1,203,5,2010,2091945607,-5794,1,3,48028,7718,7887,7057,22662,89,2450,10,124,124,68,0,0,0,0,0,0,0,0,0,0,0,0,0,171,221
56.719006,1783686899.263994,2091510,,BS9336,2,rfd_legacy,,1,203,2,3187,1895339636,1221,1,3,47970,3805,7135,5479,16419,64,1809,7,120,120,52,0,0,0,0,0,0,0,0,0,0,0,0,0,113,199
56.721255,1783686899.266243,2091510,,BS9336,2,rfd_legacy,,1,203,6,3155,2157485480,5748,1,3,47911,6090,7017,5222,18329,72,1976,8,121,121,48,0,0,0,0,0,0,0,0,0,0,0,0,0,69,181
56.739753,1783686899.284741,2091510,,BS9336,2,rfd_legacy,,1,203,3,3662,1960876180,1529,1,3,47831,5966,7346,6372,19684,77,2069,8,121,121,48,0,0,0,0,0,0,0,0,0,0,0,0,0,181,145
56.740914,1783686899.285902,2091510,,BS9336,2,rfd_legacy,,1,203,7,3288,2223019885,1084,1,3,47926,3194,4678,2999,10871,42,1926,8,118,118,48,0,0,0,0,0,0,0,0,0,0,0,0,0,189,103
57.770983,1783686900.315971,2091520,,BS9336,2,rfd_legacy,,1,213,0,2880,3312480230,569,1,3,47820,7197,7039,6795,21031,82,1874,7,120,120,40,0,0,0,0,0,0,0,0,0,0,0,0,0,164,193
57.795532,1783686900.34052,2091520,,BS9336,2,rfd_legacy,,1,213,4,2606,3574624622,3045,1,3,47609,6455,6947,4028,17430,68,2036,8,124,124,36,0,0,0,0,0,0,0,0,0,0,0,0,0,11,60
57.799139,1783686900.344127,2091520,,BS9336,2,rfd_legacy,,1,213,1,2063,3378016056,-1570,1,3,47904,7561,7509,6620,21690,85,1859,7,120,120,56,0,0,0,0,0,0,0,0,0,0,0,0,0,230,177
57.800351,1783686900.345339,2091520,,BS9336,2,rfd_legacy,,1,213,5,2031,3640158402,-5810,1,3,47769,7002,6955,6707,20664,81,1764,7,123,123,60,0,0,0,0,0,0,0,0,0,0,0,0,0,19,189
57.80274,1783686900.347728,2091520,,BS9336,2,rfd_legacy,,1,213,2,3212,3443552553,1200,1,3,47634,6867,6835,6688,20390,80,2159,8,119,119,40,0,0,0,0,0,0,0,0,0,0,0,0,0,97,164
57.819746,1783686900.364734,2091520,,BS9336,2,rfd_legacy,,1,213,6,3097,3705698112,5788,1,3,47717,7317,7240,5645,20202,79,2096,8,122,122,48,0,0,0,0,0,0,0,0,0,0,0,0,0,167,121
57.82194,1783686900.366928,2091520,,BS9336,2,rfd_legacy,,1,213,3,3611,3509088735,1522,1,3,48029,5026,7004,5854,17884,70,2004,8,121,121,72,0,0,0,0,0,0,0,0,0,0,0,0,0,154,147
57.824094,1783686900.369082,2091520,,BS9336,2,rfd_legacy,,1,213,7,3231,3771232663,1162,1,3,48059,7164,6233,3502,16899,66,1779,7,122,122,52,0,0,0,0,0,0,0,0,0,0,0,0,0,52,180
58.798721,1783686901.343709,2091530,,BS9336,2,rfd_legacy,,1,222,0,2829,2796663071,524,1,3,48109,6628,6534,4476,17638,69,1786,7,119,119,40,0,0,0,0,0,0,0,0,0,0,0,0,0,140,154
58.822871,1783686901.367859,2091530,,BS9336,2,rfd_legacy,,1,222,4,2572,3058807504,3057,1,3,48096,6381,6621,5285,18287,71,1959,8,121,121,48,0,0,0,0,0,0,0,0,0,0,0,0,0,2,34
58.826583,1783686901.371571,2091530,,BS9336,2,rfd_legacy,,1,222,1,2070,2862198159,-1448,1,3,47620,3596,5072,6677,15345,60,1914,7,122,122,40,0,0,0,0,0,0,0,0,0,0,0,0,0,231,101
58.827744,1783686901.372732,2091530,,BS9336,2,rfd_legacy,,1,222,5,2070,3124341353,-5813,1,3,47652,6940,6697,5242,18879,74,2041,8,118,118,48,0,0,0,0,0,0,0,0,0,0,0,0,0,79,144
58.830169,1783686901.375157,2091530,,BS9336,2,rfd_legacy,,1,222,2,3246,2927734940,1072,1,3,47698,2408,6072,5547,14027,55,1598,6,117,117,52,0,0,0,0,0,0,0,0,0,0,0,0,0,58,209
58.848708,1783686901.393696,2091530,,BS9336,2,rfd_legacy,,1,222,6,3184,3189880553,5751,1,3,47814,3770,6628,6536,16934,66,1859,7,120,120,52,0,0,0,0,0,0,0,0,0,0,0,0,0,244,123
58.84928,1783686901.394268,2091530,,BS9336,2,rfd_legacy,,1,222,3,3706,2993271426,1512,1,3,48082,5821,7475,6692,19988,78,2091,8,123,123,52,0,0,0,0,0,0,0,0,0,0,0,0,0,174,104
58.851591,1783686901.396579,2091530,,BS9336,2,rfd_legacy,,1,222,7,3279,3255415454,1151,1,3,47914,2861,4802,3317,10980,43,1792,7,117,117,52,0,0,0,0,0,0,0,0,0,0,0,0,0,44,201
59.878773,1783686902.423761,2091540,,BS9336,2,rfd_legacy,,1,232,0,2886,46248379,601,1,3,47637,6790,6818,5914,19522,76,1987,8,122,122,44,0,0,0,0,0,0,0,0,0,0,0,0,0,208,102
59.904424,1783686902.449412,2091540,,BS9336,2,rfd_legacy,,1,232,4,2633,308393005,3011,1,3,47903,6644,6697,5411,18752,73,2033,8,121,121,44,0,0,0,0,0,0,0,0,0,0,0,0,0,24,113
59.905627,1783686902.450615,2091540,,BS9336,2,rfd_legacy,,1,232,1,2026,111784108,-1468,1,3,47573,2462,7340,5956,15758,62,2068,8,124,124,48,0,0,0,0,0,0,0,0,0,0,0,0,0,78,229
59.907946,1783686902.452934,2091540,,BS9336,2,rfd_legacy,,1,232,5,2041,373926775,-5838,1,3,47761,6932,7405,7097,21434,84,2169,8,118,118,56,0,0,0,0,0,0,0,0,0,0,0,0,0,166,27
59.925327,1783686902.470315,2091540,,BS9336,2,rfd_legacy,,1,232,2,3152,177320801,1156,1,3,47829,2730,7121,6221,16072,63,1874,7,121,121,52,0,0,0,0,0,0,0,0,0,0,0,0,0,105,28
59.927943,1783686902.472931,2091540,,BS9336,2,rfd_legacy,,1,232,6,3146,439466091,5785,1,3,47713,5682,7227,5677,18586,73,2002,8,123,123,52,0,0,0,0,0,0,0,0,0,0,0,0,0,190,33
59.930223,1783686902.475211,2091540,,BS9336,2,rfd_legacy,,1,232,3,3629,242857212,1573,1,3,47698,5208,6687,6133,18028,70,1902,7,119,119,48,0,0,0,0,0,0,0,0,0,0,0,0,0,13,155
59.933015,1783686902.478003,2091540,,BS9336,2,rfd_legacy,,1,232,7,3295,505000868,1041,1,3,47932,3494,4549,2753,10796,42,2145,8,124,124,52,0,0,0,0,0,0,0,0,0,0,0,0,0,205,61
60.956719,1783686903.501707,2091550,,BS9336,2,rfd_legacy,,1,242,0,2855,1635496481,540,1,3,48081,5997,6780,5901,18678,73,1760,7,117,117,44,0,0,0,0,0,0,0,0,0,0,0,0,0,234,242
60.956757,1783686903.501745,2091550,,BS9336,2,rfd_legacy,,1,242,4,2625,1897640762,3018,1,3,47751,6989,6527,5260,18776,73,1852,7,120,120,52,0,0,0,0,0,0,0,0,0,0,0,0,0,107,220
60.958927,1783686903.503915,2091550,,BS9336,2,rfd_legacy,,1,242,5,2035,1963174679,-5848,1,3,47693,7447,7252,7234,21933,86,2392,9,124,124,52,0,0,0,0,0,0,0,0,0,0,0,0,0,107,66
60.98494,1783686903.529928,2091550,,BS9336,2,rfd_legacy,,1,242,2,3176,1766568773,1160,1,3,47737,5098,6674,3948,15720,61,1703,7,117,117,48,0,0,0,0,0,0,0,0,0,0,0,0,0,225,239
60.986158,1783686903.531146,2091550,,BS9336,2,rfd_legacy,,1,242,6,3106,2028713974,5784,1,3,47852,6021,7154,5010,18185,71,1972,8,122,122,52,0,0,0,0,0,0,0,0,0,0,0,0,0,120,67
60.98848,1783686903.533468,2091550,,BS9336,2,rfd_legacy,,1,242,3,3639,1832104879,1540,1,3,47986,7206,7374,4789,19369,76,2186,9,124,124,52,0,0,0,0,0,0,0,0,0,0,0,0,0,95,123
61.006048,1783686903.551036,2091550,,BS9336,2,rfd_legacy,,1,242,7,3295,2094249178,1074,1,3,48023,1837,4418,3588,9843,38,1870,7,118,118,52,0,0,0,0,0,0,0,0,0,0,0,0,0,10,232
62.012954,1783686904.557942,2091560,,BS9336,2,rfd_legacy,,1,252,0,2807,1123357888,666,1,3,47956,7075,7054,6100,20229,79,2125,8,124,124,44,0,0,0,0,0,0,0,0,0,0,0,0,0,171,224
62.014144,1783686904.559132,2091560,,BS9336,2,rfd_legacy,,1,252,4,2523,1385502204,3086,1,3,48078,6669,6453,5431,18553,72,1814,7,117,117,48,0,0,0,0,0,0,0,0,0,0,0,0,0,117,16
62.016423,1783686904.561411,2091560,,BS9336,2,rfd_legacy,,1,252,1,2103,1188893102,-1535,1,3,47883,2119,6262,6093,14474,57,1937,8,120,120,44,0,0,0,0,0,0,0,0,0,0,0,0,0,190,244
62.036144,1783686904.581132,2091560,,BS9336,2,rfd_legacy,,1,252,5,2019,1451035792,-5785,1,3,47910,7385,7289,5504,20178,79,2244,9,121,121,56,0,0,0,0,0,0,0,0,0,0,0,0,0,169,5
62.036268,1783686904.581256,2091560,,BS9336,2,rfd_legacy,,1,252,2,3236,1254429933,1131,1,3,48082,2275,6763,6265,15303,60,1815,7,119,119,56,0,0,0,0,0,0,0,0,0,0,0,0,0,188,165
62.038478,1783686904.583466,2091560,,BS9336,2,rfd_legacy,,1,252,6,3182,1516575656,5776,1,3,48069,3647,6916,6822,17385,68,1988,8,122,122,52,0,0,0,0,0,0,0,0,0,0,0,0,0,156,209
62.063446,1783686904.608434,2091560,,BS9336,2,rfd_legacy,,1,252,3,3655,1319966139,1561,1,3,47706,6385,7349,6355,20089,78,2223,9,124,124,48,0,0,0,0,0,0,0,0,0,0,0,0,0,127,181
62.065748,1783686904.610736,2091560,,BS9336,2,rfd_legacy,,1,252,7,3271,1582110025,1162,1,3,47693,1240,4780,4324,10344,40,2071,8,123,123,56,0,0,0,0,0,0,0,0,0,0,0,0,0,203,103
63.09288,1783686905.637868,2091570,,BS9336,2,rfd_legacy,,1,6,0,2899,2669890988,387,1,3,48003,6362,6728,6460,19550,76,1937,8,121,121,40,0,0,0,0,0,0,0,0,0,0,0,0,0,223,248
63.094039,1783686905.639027,2091570,,BS9336,2,rfd_legacy,,1,6,4,2611,2932035447,3054,1,3,48002,7219,7054,6039,20312,79,2114,8,125,125,44,0,0,0,0,0,0,0,0,0,0,0,0,0,217,154
63.096332,1783686905.64132,2091570,,BS9336,2,rfd_legacy,,1,6,1,2082,2735426486,-1548,1,3,48124,3935,6759,4103,14797,58,1773,7,117,117,44,0,0,0,0,0,0,0,0,0,0,0,0,0,118,112
63.114861,1783686905.659849,2091570,,BS9336,2,rfd_legacy,,1,6,5,1992,2997569604,-5778,1,3,47662,7190,6732,4614,18536,72,2117,8,119,119,48,0,0,0,0,0,0,0,0,0,0,0,0,0,126,183
63.116039,1783686905.661027,2091570,,BS9336,2,rfd_legacy,,1,6,2,3225,2800963572,1138,1,3,47915,4916,7005,5029,16950,66,1835,7,121,121,52,0,0,0,0,0,0,0,0,0,0,0,0,0,190,45
63.118374,1783686905.663362,2091570,,BS9336,2,rfd_legacy,,1,6,6,3128,3063109036,5761,1,3,47796,6376,6722,4274,17372,68,1925,8,121,121,52,0,0,0,0,0,0,0,0,0,0,0,0,0,87,22
63.144298,1783686905.689286,2091570,,BS9336,2,rfd_legacy,,1,6,3,3619,2866499927,1562,1,3,47886,5607,6936,6470,19013,74,2019,8,120,120,52,0,0,0,0,0,0,0,0,0,0,0,0,0,87,157
63.145511,1783686905.690499,2091570,,BS9336,2,rfd_legacy,,1,6,7,3267,3128643707,1057,1,3,47973,2537,4538,3286,10361,40,1935,8,121,121,56,0,0,0,0,0,0,0,0,0,0,0,0,0,85,106
64.096935,1783686906.641923,2091580,,BS9336,2,rfd_legacy,,1,15,0,2886,2143951532,535,1,3,47695,7004,7055,6041,20100,79,2043,8,122,122,40,0,0,0,0,0,0,0,0,0,0,0,0,0,214,209
64.099111,1783686906.644099,2091580,,BS9336,2,rfd_legacy,,1,15,4,2589,2406096098,3056,1,3,48042,6850,5815,4274,16939,66,1968,8,122,122,52,0,0,0,0,0,0,0,0,0,0,0,0,0,142,171
64.101378,1783686906.646366,2091580,,BS9336,2,rfd_legacy,,1,15,1,2074,2209487018,-1471,1,3,47880,2271,5637,6349,14257,56,1808,7,118,118,44,0,0,0,0,0,0,0,0,0,0,0,0,0,251,241
64.119885,1783686906.664873,2091580,,BS9336,2,rfd_legacy,,1,15,5,2013,2471629511,-5826,1,3,47649,7192,7300,6031,20523,80,2173,8,120,120,48,0,0,0,0,0,0,0,0,0,0,0,0,0,49,239
64.124812,1783686906.6698,2091580,,BS9336,2,rfd_legacy,,1,15,2,3160,2275023841,1133,1,3,47958,2933,6572,5759,15264,60,1708,7,119,119,60,0,0,0,0,0,0,0,0,0,0,0,0,0,231,158
64.125033,1783686906.670021,2091580,,BS9336,2,rfd_legacy,,1,15,6,3105,2537168966,5794,1,3,48060,6497,6686,3938,17121,67,1877,7,118,118,48,0,0,0,0,0,0,0,0,0,0,0,0,0,119,167
64.170873,1783686906.715861,2091580,,BS9336,2,rfd_legacy,,1,15,3,3649,2340559935,1482,1,3,47710,6072,7236,6075,19383,76,2003,8,118,118,48,0,0,0,0,0,0,0,0,0,0,0,0,0,37,43
64.173408,1783686906.718396,2091580,,BS9336,2,rfd_legacy,,1,15,7,3259,2602703837,1055,1,3,47619,688,4294,4763,9745,38,2102,8,122,122,52,0,0,0,0,0,0,0,0,0,0,0,0,0,62,86
65.203199,1783686907.748187,2091590,,BS9336,2,rfd_legacy,,1,25,0,2857,3678994337,503,1,3,47662,6958,6856,4709,18523,72,1941,8,121,121,40,0,0,0,0,0,0,0,0,0,0,0,0,0,236,9
65.250288,1783686907.795276,2091590,,BS9336,2,rfd_legacy,,1,25,4,2565,3941138984,3067,1,3,47864,6545,5604,3372,15521,61,1816,7,118,118,52,0,0,0,0,0,0,0,0,0,0,0,0,0,5,109
65.274331,1783686907.819319,2091590,,BS9336,2,rfd_legacy,,1,25,1,2090,3744529997,-1409,1,3,47687,2728,5777,6489,14994,59,1851,7,119,119,44,0,0,0,0,0,0,0,0,0,0,0,0,0,94,48
65.275596,1783686907.820584,2091590,,BS9336,2,rfd_legacy,,1,25,5,2021,4006672951,-5809,1,3,48093,6720,7235,6241,20196,79,2024,8,117,117,56,0,0,0,0,0,0,0,0,0,0,0,0,0,174,25
65.277845,1783686907.822833,2091590,,BS9336,2,rfd_legacy,,1,25,2,3236,3810066654,1132,1,3,47918,5157,7158,4897,17212,67,1917,7,122,122,56,0,0,0,0,0,0,0,0,0,0,0,0,0,24,113
65.302864,1783686907.847852,2091590,,BS9336,2,rfd_legacy,,1,25,6,3135,4072212332,5798,1,3,47813,3853,6804,6748,17405,68,1947,8,121,121,52,0,0,0,0,0,0,0,0,0,0,0,0,0,159,93
65.306311,1783686907.851299,2091590,,BS9336,2,rfd_legacy,,1,25,3,3685,3875603171,1551,1,3,47666,7266,7319,4746,19331,76,2141,8,123,123,48,0,0,0,0,0,0,0,0,0,0,0,0,0,163,142
65.307509,1783686907.852497,2091590,,BS9336,2,rfd_legacy,,1,25,7,3253,4137747238,1158,1,3,48014,1265,4598,4049,9912,39,1857,7,118,118,52,0,0,0,0,0,0,0,0,0,0,0,0,0,68,25
66.407847,1783686908.952835,2091600,,BS9336,2,rfd_legacy,,1,35,0,2836,3074230409,547,1,3,47702,6919,7049,5705,19673,77,1982,8,122,122,40,0,0,0,0,0,0,0,0,0,0,0,0,0,191,77
66.408984,1783686908.953972,2091600,,BS9336,2,rfd_legacy,,1,35,4,2564,3336374685,3070,1,3,47855,6102,6104,4169,16375,64,1750,7,117,117,44,0,0,0,0,0,0,0,0,0,0,0,0,0,140,2
66.411317,1783686908.956305,2091600,,BS9336,2,rfd_legacy,,1,35,1,2076,3139766038,-1384,1,3,47692,1989,6512,6172,14673,57,1808,7,117,117,40,0,0,0,0,0,0,0,0,0,0,0,0,0,247,183
66.437443,1783686908.982431,2091600,,BS9336,2,rfd_legacy,,1,35,5,2030,3401908707,-5809,1,3,47719,7179,7276,5456,19911,78,2174,8,120,120,44,0,0,0,0,0,0,0,0,0,0,0,0,0,93,243
66.440275,1783686908.985263,2091600,,BS9336,2,rfd_legacy,,1,35,2,3183,3205302829,1187,1,3,47594,4683,7019,5053,16755,65,1896,7,123,123,52,0,0,0,0,0,0,0,0,0,0,0,0,0,91,48
66.440967,1783686908.985955,2091600,,BS9336,2,rfd_legacy,,1,35,6,3152,3467448088,5760,1,3,47596,5863,6732,4758,17353,68,1872,7,120,120,52,0,0,0,0,0,0,0,0,0,0,0,0,0,255,115
66.459293,1783686909.004281,2091600,,BS9336,2,rfd_legacy,,1,35,3,3669,3270838963,1541,1,3,47791,6726,6773,4610,18109,71,1957,8,123,123,56,0,0,0,0,0,0,0,0,0,0,0,0,0,49,244
66.460539,1783686909.005527,2091600,,BS9336,2,rfd_legacy,,1,35,7,3227,3532983079,1155,1,3,48036,2611,4766,3395,10772,42,1819,7,117,117,56,0,0,0,0,0,0,0,0,0,0,0,0,0,14,17
67.360318,1783686909.905306,2091610,,BS9336,2,rfd_legacy,,1,45,0,2883,2554165153,520,1,3,48022,7475,7520,6367,21362,83,2017,8,123,123,44,0,0,0,0,0,0,0,0,0,0,0,0,0,161,77
67.361505,1783686909.906493,2091610,,BS9336,2,rfd_legacy,,1,45,4,2605,2816309815,3083,1,3,47656,4559,7042,5187,16788,66,1827,7,119,119,36,0,0,0,0,0,0,0,0,0,0,0,0,0,156,183
67.363849,1783686909.908837,2091610,,BS9336,2,rfd_legacy,,1,45,1,2074,2619700785,-1422,1,3,47741,7457,7184,3952,18593,73,1861,7,119,119,60,0,0,0,0,0,0,0,0,0,0,0,0,0,109,21
67.413724,1783686909.958712,2091610,,BS9336,2,rfd_legacy,,1,45,5,2025,2881843698,-5800,1,3,47883,6837,7224,7159,21220,83,1715,7,119,119,60,0,0,0,0,0,0,0,0,0,0,0,0,0,219,116
67.413947,1783686909.958935,2091610,,BS9336,2,rfd_legacy,,1,45,2,3225,2685237458,1210,1,3,47886,6907,6772,6711,20390,80,2186,9,120,120,36,0,0,0,0,0,0,0,0,0,0,0,0,0,253,18
67.415876,1783686909.960864,2091610,,BS9336,2,rfd_legacy,,1,45,3,3684,2750774041,1541,1,3,47956,5355,7251,6169,18775,73,2063,8,123,123,64,0,0,0,0,0,0,0,0,0,0,0,0,0,192,188
67.433429,1783686909.978417,2091610,,BS9336,2,rfd_legacy,,1,45,7,3233,3012917815,1182,1,3,47608,7214,6451,3780,17445,68,1825,7,122,122,52,0,0,0,0,0,0,0,0,0,0,0,0,0,103,25
69.598139,1783686912.143127,2091630,,BS9336,2,rfd_legacy,,1,64,0,2866,1373461337,523,1,3,47928,6972,6286,3825,17083,67,1905,7,119,119,36,0,0,0,0,0,0,0,0,0,0,0,0,0,61,66
69.62275,1783686912.167738,2091630,,BS9336,2,rfd_legacy,,1,64,4,2506,1635605819,3073,1,3,47890,6797,6312,5155,18264,71,1892,7,121,121,48,0,0,0,0,0,0,0,0,0,0,0,0,0,143,72
69.626909,1783686912.171897,2091630,,BS9336,2,rfd_legacy,,1,64,1,2056,1438997146,-1522,1,3,47748,4035,5137,6956,16128,63,1964,8,124,124,48,0,0,0,0,0,0,0,0,0,0,0,0,0,24,1
69.629789,1783686912.174777,2091630,,BS9336,2,rfd_legacy,,1,64,5,2014,1701139662,-5780,1,3,47882,7185,7123,7076,21384,84,2247,9,121,121,48,0,0,0,0,0,0,0,0,0,0,0,0,0,11,26
69.629839,1783686912.174827,2091630,,BS9336,2,rfd_legacy,,1,64,2,3214,1504534098,1235,1,3,47952,2215,7073,6474,15762,62,1925,8,123,123,52,0,0,0,0,0,0,0,0,0,0,0,0,0,198,163
69.647793,1783686912.192781,2091630,,BS9336,2,rfd_legacy,,1,64,6,3093,1766679235,5794,1,3,47636,3803,6826,6123,16752,65,1891,7,122,122,52,0,0,0,0,0,0,0,0,0,0,0,0,0,205,83
69.64898,1783686912.193968,2091630,,BS9336,2,rfd_legacy,,1,64,3,3618,1570069960,1592,1,3,47861,7065,6958,4295,18318,72,1878,7,119,119,52,0,0,0,0,0,0,0,0,0,0,0,0,0,1,228
69.651317,1783686912.196305,2091630,,BS9336,2,rfd_legacy,,1,64,7,3422,1832214043,928,1,3,47697,1616,4669,3959,10244,40,1891,7,120,120,52,0,0,0,0,0,0,0,0,0,0,0,0,0,116,216
70.67588,1783686913.220868,2091640,,BS9336,2,rfd_legacy,,1,74,0,2864,2900213249,457,1,3,47817,6792,6832,6407,20031,78,1757,7,118,118,44,0,0,0,0,0,0,0,0,0,0,0,0,0,129,27
70.676489,1783686913.221477,2091640,,BS9336,2,rfd_legacy,,1,74,4,2564,3162357610,3146,1,3,47691,2507,6983,6935,16425,64,2069,8,120,120,48,0,0,0,0,0,0,0,0,0,0,0,0,0,206,95
70.678968,1783686913.223956,2091640,,BS9336,2,rfd_legacy,,1,74,1,2108,2965748754,-1525,1,3,47767,7025,7186,6472,20683,81,1611,6,120,120,60,0,0,0,0,0,0,0,0,0,0,0,0,0,168,188
70.703873,1783686913.248861,2091640,,BS9336,2,rfd_legacy,,1,74,5,2026,3227891623,-5818,1,3,48017,7050,7445,7401,21896,86,1850,7,119,119,64,0,0,0,0,0,0,0,0,0,0,0,0,0,217,62
70.706156,1783686913.251144,2091640,,BS9336,2,rfd_legacy,,1,74,2,3244,3031285757,1161,1,3,47922,6602,6865,4428,17895,70,2186,9,122,122,36,0,0,0,0,0,0,0,0,0,0,0,0,0,72,200
70.70835,1783686913.253338,2091640,,BS9336,2,rfd_legacy,,1,74,6,3177,3293430955,5784,1,3,47833,6738,6808,6086,19632,77,1863,7,118,118,44,0,0,0,0,0,0,0,0,0,0,0,0,0,22,35
70.72679,1783686913.271778,2091640,,BS9336,2,rfd_legacy,,1,74,3,3678,3096821894,1543,1,3,48023,5901,6921,6185,19007,74,2125,8,124,124,64,0,0,0,0,0,0,0,0,0,0,0,0,0,243,240
70.728051,1783686913.273039,2091640,,BS9336,2,rfd_legacy,,1,74,7,3279,3358965864,1155,1,3,47908,5104,6529,4748,16381,64,1638,6,122,122,60,0,0,0,0,0,0,0,0,0,0,0,0,0,152,38
71.68097,1783686914.225958,2091650,,BS9336,2,rfd_legacy,,1,84,0,2855,2410278164,564,1,3,47602,6825,6847,4497,18169,71,2005,8,123,123,40,0,0,0,0,0,0,0,0,0,0,0,0,0,109,39
71.681574,1783686914.226562,2091650,,BS9336,2,rfd_legacy,,1,84,4,2547,2672422395,3045,1,3,47798,6838,6287,3818,16943,66,2087,8,125,125,48,0,0,0,0,0,0,0,0,0,0,0,0,0,184,242
71.683829,1783686914.228817,2091650,,BS9336,2,rfd_legacy,,1,84,1,2091,2475813520,-1440,1,3,47877,2870,6399,6613,15882,62,2027,8,123,123,44,0,0,0,0,0,0,0,0,0,0,0,0,0,19,181
71.73355,1783686914.278538,2091650,,BS9336,2,rfd_legacy,,1,84,5,2041,2737956144,-5812,1,3,47900,7090,7189,6513,20792,81,2089,8,117,117,60,0,0,0,0,0,0,0,0,0,0,0,0,0,6,172
71.733603,1783686914.278591,2091650,,BS9336,2,rfd_legacy,,1,84,2,3171,2541350441,1237,1,3,47949,2569,7090,6796,16455,64,2091,8,125,125,56,0,0,0,0,0,0,0,0,0,0,0,0,0,247,206
71.735779,1783686914.280767,2091650,,BS9336,2,rfd_legacy,,1,84,6,3135,2803495717,5809,1,3,48003,3595,6538,6498,16631,65,1828,7,117,117,48,0,0,0,0,0,0,0,0,0,0,0,0,0,10,253
71.754263,1783686914.299251,2091650,,BS9336,2,rfd_legacy,,1,84,3,3648,2606886594,1568,1,3,47635,6002,7661,6782,20445,80,2247,9,124,124,48,0,0,0,0,0,0,0,0,0,0,0,0,0,205,46
71.755442,1783686914.30043,2091650,,BS9336,2,rfd_legacy,,1,84,7,3351,2869030488,1000,1,3,47642,2095,4652,3669,10416,41,2056,8,124,124,52,0,0,0,0,0,0,0,0,0,0,0,0,0,228,56
72.684364,1783686915.229352,2091660,,BS9336,2,rfd_legacy,,1,94,0,2860,1827916128,512,1,3,47719,6526,6918,4996,18440,72,1862,7,122,122,44,0,0,0,0,0,0,0,0,0,0,0,0,0,59,166
72.686545,1783686915.231533,2091660,,BS9336,2,rfd_legacy,,1,94,4,2556,2090060627,3056,1,3,48106,6135,6504,4721,17360,68,1942,8,121,121,48,0,0,0,0,0,0,0,0,0,0,0,0,0,178,118
72.688796,1783686915.233784,2091660,,BS9336,2,rfd_legacy,,1,94,1,2074,1893452012,-1436,1,3,48065,3802,5356,6965,16123,63,1953,8,124,124,44,0,0,0,0,0,0,0,0,0,0,0,0,0,20,217
72.706373,1783686915.251361,2091660,,BS9336,2,rfd_legacy,,1,94,5,2023,2155594543,-5801,1,3,47286,7775,7605,4614,19994,78,2603,10,126,126,52,0,0,0,0,0,0,0,0,0,0,0,0,0,165,51
72.708549,1783686915.253537,2091660,,BS9336,2,rfd_legacy,,1,94,2,3199,1958988592,1122,1,3,47891,2956,6911,6111,15978,62,1936,8,125,125,48,0,0,0,0,0,0,0,0,0,0,0,0,0,100,91
72.710838,1783686915.255826,2091660,,BS9336,2,rfd_legacy,,1,94,6,3153,2221133798,5748,1,3,47934,6300,6419,3732,16451,64,1761,7,118,118,48,0,0,0,0,0,0,0,0,0,0,0,0,0,139,172
72.736877,1783686915.281865,2091660,,BS9336,2,rfd_legacy,,1,94,3,3658,2024525123,1573,1,3,47668,6650,6659,4120,17429,68,1863,7,121,121,52,0,0,0,0,0,0,0,0,0,0,0,0,0,157,176
72.738,1783686915.282988,2091660,,BS9336,2,rfd_legacy,,1,94,7,3286,2286668975,1061,1,3,47749,656,4289,4533,9478,37,2069,8,121,121,52,0,0,0,0,0,0,0,0,0,0,0,0,0,245,115
73.764378,1783686916.309366,2091670,,BS9336,2,rfd_legacy,,1,103,0,2852,3414564192,460,1,3,47825,6840,6434,5485,18759,73,1894,7,121,121,40,0,0,0,0,0,0,0,0,0,0,0,0,0,139,116
73.767541,1783686916.312529,2091670,,BS9336,2,rfd_legacy,,1,103,4,2589,3676709044,3031,1,3,47861,6676,6329,3910,16915,66,1941,8,122,122,48,0,0,0,0,0,0,0,0,0,0,0,0,0,187,93
73.768859,1783686916.313847,2091670,,BS9336,2,rfd_legacy,,1,103,1,2001,3480099893,-1386,1,3,47795,4299,6826,4459,15584,61,1967,8,122,122,48,0,0,0,0,0,0,0,0,0,0,0,0,0,86,124
73.787295,1783686916.332283,2091670,,BS9336,2,rfd_legacy,,1,103,5,2026,3742242629,-5754,1,3,47830,7529,7420,6875,21824,85,2213,9,122,122,52,0,0,0,0,0,0,0,0,0,0,0,0,0,10,10
73.790857,1783686916.335845,2091670,,BS9336,2,rfd_legacy,,1,103,2,3253,3545636580,1071,1,3,47910,4684,7027,5321,17032,67,1862,7,123,123,56,0,0,0,0,0,0,0,0,0,0,0,0,0,153,169
73.790892,1783686916.33588,2091670,,BS9336,2,rfd_legacy,,1,103,6,3124,3807781964,5752,1,3,47659,5972,6871,4837,17680,69,1935,8,122,122,52,0,0,0,0,0,0,0,0,0,0,0,0,0,131,10
73.81582,1783686916.360808,2091670,,BS9336,2,rfd_legacy,,1,103,3,3676,3611173169,1529,1,3,47654,6387,7200,5487,19074,75,1957,8,118,118,52,0,0,0,0,0,0,0,0,0,0,0,0,0,152,255
73.818093,1783686916.363081,2091670,,BS9336,2,rfd_legacy,,1,103,7,3244,3873316904,1174,1,3,47759,1293,4665,4041,9999,39,1998,8,120,120,56,0,0,0,0,0,0,0,0,0,0,0,0,0,138,90
74.772984,1783686917.317972,2091680,,BS9336,2,rfd_legacy,,1,113,0,2860,2893816294,580,1,3,47973,6528,6799,5026,18353,72,1864,7,120,120,40,0,0,0,0,0,0,0,0,0,0,0,0,0,123,184
74.790199,1783686917.335187,2091680,,BS9336,2,rfd_legacy,,1,113,4,2580,3155960949,3065,1,3,47717,6873,6613,5108,18594,73,2027,8,121,121,52,0,0,0,0,0,0,0,0,0,0,0,0,0,102,145
74.793746,1783686917.338734,2091680,,BS9336,2,rfd_legacy,,1,113,1,2040,2959351983,-1440,1,3,47935,4892,6270,3703,14865,58,1794,7,118,118,44,0,0,0,0,0,0,0,0,0,0,0,0,0,159,34
74.794972,1783686917.33996,2091680,,BS9336,2,rfd_legacy,,1,113,5,2013,3221494531,-5783,1,3,48116,7405,7266,4518,19189,75,2234,9,120,120,52,0,0,0,0,0,0,0,0,0,0,0,0,0,72,173
74.797264,1783686917.342252,2091680,,BS9336,2,rfd_legacy,,1,113,2,3219,3024888558,1143,1,3,47866,5311,6960,4043,16314,64,1924,8,124,124,52,0,0,0,0,0,0,0,0,0,0,0,0,0,142,10
74.816476,1783686917.361464,2091680,,BS9336,2,rfd_legacy,,1,113,6,3165,3287033852,5744,1,3,47758,4303,7164,6648,18115,71,2031,8,124,124,48,0,0,0,0,0,0,0,0,0,0,0,0,0,177,48
74.816527,1783686917.361515,2091680,,BS9336,2,rfd_legacy,,1,113,3,3601,3090425056,1575,1,3,47637,5979,7423,6575,19977,78,2118,8,120,120,52,0,0,0,0,0,0,0,0,0,0,0,0,0,80,125
74.818778,1783686917.363766,2091680,,BS9336,2,rfd_legacy,,1,113,7,3249,3352568743,1190,1,3,47894,2175,4900,3829,10904,43,1898,7,119,119,52,0,0,0,0,0,0,0,0,0,0,0,0,0,139,23
75.767681,1783686918.312669,2091690,,BS9336,2,rfd_legacy,,1,123,0,2901,2355511796,417,1,3,47641,6921,6127,5088,18136,71,1856,7,120,120,36,0,0,0,0,0,0,0,0,0,0,0,0,0,56,169
75.768891,1783686918.313879,2091690,,BS9336,2,rfd_legacy,,1,123,4,2610,2617656186,3040,1,3,47655,6481,6302,4801,17584,69,1854,7,119,119,52,0,0,0,0,0,0,0,0,0,0,0,0,0,25,72
75.771191,1783686918.316179,2091690,,BS9336,2,rfd_legacy,,1,123,1,2044,2421047524,-1524,1,3,47610,4360,6979,4263,15602,61,1997,8,123,123,44,0,0,0,0,0,0,0,0,0,0,0,0,0,23,249
75.796292,1783686918.34128,2091690,,BS9336,2,rfd_legacy,,1,123,5,2050,2683189896,-5832,1,3,47982,7552,7204,4894,19650,77,2269,9,121,121,44,0,0,0,0,0,0,0,0,0,0,0,0,0,150,149
75.798512,1783686918.3435,2091690,,BS9336,2,rfd_legacy,,1,123,2,3190,2486584022,1203,1,3,47911,5067,7129,5345,17541,69,1986,8,125,125,52,0,0,0,0,0,0,0,0,0,0,0,0,0,107,227
75.800762,1783686918.34575,2091690,,BS9336,2,rfd_legacy,,1,123,6,3148,2748729751,5748,1,3,47944,3723,6266,6080,16069,63,1829,7,123,123,48,0,0,0,0,0,0,0,0,0,0,0,0,0,122,131
75.818224,1783686918.363212,2091690,,BS9336,2,rfd_legacy,,1,123,3,3627,2552120612,1549,1,3,48118,6643,6863,4142,17648,69,1889,7,119,119,52,0,0,0,0,0,0,0,0,0,0,0,0,0,166,244
75.820603,1783686918.365591,2091690,,BS9336,2,rfd_legacy,,1,123,7,3353,2814264214,978,1,3,47927,3455,4815,3017,11287,44,1959,8,119,119,52,0,0,0,0,0,0,0,0,0,0,0,0,0,184,225
77.079262,1783686919.62425,2091700,,BS9336,2,rfd_legacy,,1,133,0,2816,3835366093,622,1,3,47917,6551,6777,4656,17984,70,1912,7,121,121,36,0,0,0,0,0,0,0,0,0,0,0,0,0,116,16
77.081406,1783686919.626394,2091700,,BS9336,2,rfd_legacy,,1,133,4,2631,4097510514,3000,1,3,47930,6492,5846,3357,15695,61,1768,7,118,118,48,0,0,0,0,0,0,0,0,0,0,0,0,0,127,33
77.083746,1783686919.628734,2091700,,BS9336,2,rfd_legacy,,1,133,1,2051,3900901497,-1388,1,3,47678,3935,6757,4063,14755,58,1783,7,121,121,48,0,0,0,0,0,0,0,0,0,0,0,0,0,201,166
77.132234,1783686919.677222,2091700,,BS9336,2,rfd_legacy,,1,133,5,2036,4163044086,-5803,1,3,47770,7206,7133,6671,21010,82,2192,9,122,122,60,0,0,0,0,0,0,0,0,0,0,0,0,0,119,243
77.133448,1783686919.678436,2091700,,BS9336,2,rfd_legacy,,1,133,2,3236,3966438021,1181,1,3,47795,5392,6866,4358,16616,65,1803,7,120,120,52,0,0,0,0,0,0,0,0,0,0,0,0,0,62,19
77.135773,1783686919.680761,2091700,,BS9336,2,rfd_legacy,,1,133,6,3143,4228583731,5745,1,3,47913,6352,7257,5309,18918,74,2035,8,124,124,48,0,0,0,0,0,0,0,0,0,0,0,0,0,77,137
77.154109,1783686919.699097,2091700,,BS9336,2,rfd_legacy,,1,133,3,3626,4031974483,1494,1,3,47658,6452,6940,5094,18486,72,1946,8,122,122,52,0,0,0,0,0,0,0,0,0,0,0,0,0,186,14
77.155359,1783686919.700347,2091700,,BS9336,2,rfd_legacy,,1,133,7,3304,4294118671,1055,1,3,47939,529,3950,4453,8932,35,2160,8,124,124,52,0,0,0,0,0,0,0,0,0,0,0,0,0,98,214
78.087933,1783686920.632921,2091710,,BS9336,2,rfd_legacy,,1,143,0,2868,3294118055,556,1,3,47800,6845,5616,3468,15929,62,1798,7,118,118,36,0,0,0,0,0,0,0,0,0,0,0,0,0,41,230
78.105075,1783686920.650063,2091710,,BS9336,2,rfd_legacy,,1,143,4,2589,3556262650,3025,1,3,47666,6629,5782,3759,16170,63,1824,7,118,118,48,0,0,0,0,0,0,0,0,0,0,0,0,0,49,77
78.107712,1783686920.6527,2091710,,BS9336,2,rfd_legacy,,1,143,1,2131,3359653710,-1561,1,3,47816,2474,6218,6617,15309,60,2051,8,125,125,40,0,0,0,0,0,0,0,0,0,0,0,0,0,129,200
78.110894,1783686920.655882,2091710,,BS9336,2,rfd_legacy,,1,143,5,2014,3621796032,-5789,1,3,47615,7731,7518,4132,19381,76,2364,9,121,121,52,0,0,0,0,0,0,0,0,0,0,0,0,0,98,6
78.112095,1783686920.657083,2091710,,BS9336,2,rfd_legacy,,1,143,2,3215,3425190471,1096,1,3,48028,3414,7159,5736,16309,64,1879,7,121,121,52,0,0,0,0,0,0,0,0,0,0,0,0,0,100,32
78.136718,1783686920.681706,2091710,,BS9336,2,rfd_legacy,,1,143,6,3134,3687335452,5748,1,3,47866,6465,6676,4022,17163,67,1875,7,118,118,44,0,0,0,0,0,0,0,0,0,0,0,0,0,229,234
78.138909,1783686920.683897,2091710,,BS9336,2,rfd_legacy,,1,143,3,3630,3490726698,1533,1,3,47659,6822,6983,5048,18853,74,2010,8,120,120,56,0,0,0,0,0,0,0,0,0,0,0,0,0,140,32
78.141274,1783686920.686262,2091710,,BS9336,2,rfd_legacy,,1,143,7,3322,3752870688,1023,1,3,48012,1154,4619,4170,9943,39,1872,7,117,117,56,0,0,0,0,0,0,0,0,0,0,0,0,0,183,136
79.19139,1783686921.736378,2091720,,BS9336,2,rfd_legacy,,1,152,0,2885,556459618,497,1,3,48098,7127,7118,5387,19632,77,2067,8,123,123,44,0,0,0,0,0,0,0,0,0,0,0,0,0,102,229
79.191926,1783686921.736914,2091720,,BS9336,2,rfd_legacy,,1,152,4,2598,818604018,3020,1,3,48104,6872,6679,5019,18570,73,2140,8,125,125,52,0,0,0,0,0,0,0,0,0,0,0,0,0,13,212
79.217674,1783686921.762662,2091720,,BS9336,2,rfd_legacy,,1,152,1,2072,621995009,-1448,1,3,47872,4204,4738,6949,15891,62,1831,7,122,122,48,0,0,0,0,0,0,0,0,0,0,0,0,0,181,249
79.218881,1783686921.763869,2091720,,BS9336,2,rfd_legacy,,1,152,5,2031,884137662,-5773,1,3,47900,7519,7823,6898,22240,87,2357,9,122,122,72,0,0,0,0,0,0,0,0,0,0,0,0,0,73,22
79.221102,1783686921.76609,2091720,,BS9336,2,rfd_legacy,,1,152,2,3187,687531899,1172,1,3,47945,2256,6510,6132,14898,58,1820,7,123,123,52,0,0,0,0,0,0,0,0,0,0,0,0,0,6,90
79.239586,1783686921.784574,2091720,,BS9336,2,rfd_legacy,,1,152,6,3139,949677374,5785,1,3,47695,4372,6893,6348,17613,69,1951,8,121,121,52,0,0,0,0,0,0,0,0,0,0,0,0,0,95,151
79.24084,1783686921.785828,2091720,,BS9336,2,rfd_legacy,,1,152,3,3631,753068272,1538,1,3,47858,6394,6846,4446,17686,69,1837,7,118,118,52,0,0,0,0,0,0,0,0,0,0,0,0,0,92,187
79.243114,1783686921.788102,2091720,,BS9336,2,rfd_legacy,,1,152,7,3263,1015212260,1161,1,3,47816,1028,4716,4405,10149,40,2011,8,123,123,56,0,0,0,0,0,0,0,0,0,0,0,0,0,124,13
80.47823,1783686923.023218,2091730,,BS9336,2,rfd_legacy,,1,162,0,2838,2024689444,595,1,3,47922,6947,6254,4070,17271,67,1948,8,122,122,44,0,0,0,0,0,0,0,0,0,0,0,0,0,103,251
80.478824,1783686923.023812,2091730,,BS9336,2,rfd_legacy,,1,162,4,2569,2286833899,3054,1,3,47879,6939,6717,5738,19394,76,2004,8,121,121,52,0,0,0,0,0,0,0,0,0,0,0,0,0,1,192
80.481184,1783686923.026172,2091730,,BS9336,2,rfd_legacy,,1,162,1,2102,2090224849,-1517,1,3,47696,1962,6544,5492,13998,55,1853,7,118,118,44,0,0,0,0,0,0,0,0,0,0,0,0,0,251,139
80.498707,1783686923.043695,2091730,,BS9336,2,rfd_legacy,,1,162,5,2036,2352367303,-5816,1,3,47964,7552,7166,6348,21066,82,2309,9,124,124,48,0,0,0,0,0,0,0,0,0,0,0,0,0,201,91
80.501918,1783686923.046906,2091730,,BS9336,2,rfd_legacy,,1,162,2,3178,2155761325,1153,1,3,47770,2926,7146,6129,16201,63,1899,7,121,121,52,0,0,0,0,0,0,0,0,0,0,0,0,0,239,79
80.5032,1783686923.048188,2091730,,BS9336,2,rfd_legacy,,1,162,6,3136,2417906769,5767,1,3,48082,4486,6990,6283,17759,69,1956,8,122,122,52,0,0,0,0,0,0,0,0,0,0,0,0,0,219,97
80.529102,1783686923.07409,2091730,,BS9336,2,rfd_legacy,,1,162,3,3636,2221297961,1523,1,3,47901,6548,7472,6126,20146,79,2047,8,123,123,40,0,0,0,0,0,0,0,0,0,0,0,0,0,179,167
80.530323,1783686923.075311,2091730,,BS9336,2,rfd_legacy,,1,162,7,3342,2483441706,999,1,3,48083,1672,4724,3880,10276,40,1928,8,120,120,56,0,0,0,0,0,0,0,0,0,0,0,0,0,87,38
81.811691,1783686924.356679,2091740,,BS9336,2,rfd_legacy,,1,172,0,2809,3445927045,531,1,3,47793,6776,6535,4262,17573,69,1866,7,118,118,40,0,0,0,0,0,0,0,0,0,0,0,0,0,167,234
81.813821,1783686924.358809,2091740,,BS9336,2,rfd_legacy,,1,172,4,2610,3708071469,3031,1,3,47781,7105,6670,5136,18911,74,2159,8,124,124,52,0,0,0,0,0,0,0,0,0,0,0,0,0,22,82
81.816091,1783686924.361079,2091740,,BS9336,2,rfd_legacy,,1,172,1,2128,3511462369,-1570,1,3,47689,2154,6546,6483,15183,59,1938,8,119,119,40,0,0,0,0,0,0,0,0,0,0,0,0,0,83,7
81.86528,1783686924.410268,2091740,,BS9336,2,rfd_legacy,,1,172,5,2021,3773605272,-5793,1,3,48087,6807,7129,6964,20900,82,2142,8,118,118,52,0,0,0,0,0,0,0,0,0,0,0,0,0,187,61
81.865329,1783686924.410317,2091740,,BS9336,2,rfd_legacy,,1,172,2,3170,3576999443,1208,1,3,47635,2711,6385,5837,14933,58,1778,7,122,122,52,0,0,0,0,0,0,0,0,0,0,0,0,0,7,221
81.86762,1783686924.412608,2091740,,BS9336,2,rfd_legacy,,1,172,6,3119,3839144713,5771,1,3,48069,3120,6133,6335,15588,61,1757,7,120,120,48,0,0,0,0,0,0,0,0,0,0,0,0,0,183,120
81.884948,1783686924.429936,2091740,,BS9336,2,rfd_legacy,,1,172,3,3641,3642535732,1524,1,3,48099,6466,7304,5809,19579,76,2010,8,118,118,48,0,0,0,0,0,0,0,0,0,0,0,0,0,3,35
81.88765,1783686924.432638,2091740,,BS9336,2,rfd_legacy,,1,172,7,3388,3904679717,975,1,3,48065,682,3447,4202,8331,33,2031,8,121,121,52,0,0,0,0,0,0,0,0,0,0,0,0,0,186,242
83.071563,1783686925.616551,2091750,,BS9336,2,rfd_legacy,,1,182,0,2831,599604417,500,1,3,47950,6690,6281,5940,18911,74,1805,7,117,117,40,0,0,0,0,0,0,0,0,0,0,0,0,0,201,227
83.073772,1783686925.61876,2091750,,BS9336,2,rfd_legacy,,1,182,4,2575,861748828,3039,1,3,47939,6577,5931,5833,18341,72,1853,7,121,121,52,0,0,0,0,0,0,0,0,0,0,0,0,0,171,19
83.076066,1783686925.621054,2091750,,BS9336,2,rfd_legacy,,1,182,1,2039,665139559,-1448,1,3,48005,3694,5519,6291,15504,61,1898,7,119,119,52,0,0,0,0,0,0,0,0,0,0,0,0,0,165,207
83.094565,1783686925.639553,2091750,,BS9336,2,rfd_legacy,,1,182,5,2047,927282388,-5818,1,3,47958,6552,7124,6811,20487,80,2013,8,117,117,56,0,0,0,0,0,0,0,0,0,0,0,0,0,41,152
83.095707,1783686925.640695,2091750,,BS9336,2,rfd_legacy,,1,182,2,3247,730676363,1077,1,3,47931,5932,6493,3667,16092,63,1687,7,117,117,52,0,0,0,0,0,0,0,0,0,0,0,0,0,233,102
83.098046,1783686925.643034,2091750,,BS9336,2,rfd_legacy,,1,182,6,3115,992822097,5774,1,3,47907,5679,6925,5362,17966,70,1890,7,118,118,48,0,0,0,0,0,0,0,0,0,0,0,0,0,1,248
83.123072,1783686925.66806,2091750,,BS9336,2,rfd_legacy,,1,182,3,3658,796212989,1533,1,3,48098,6577,6979,5720,19276,75,2050,8,120,120,48,0,0,0,0,0,0,0,0,0,0,0,0,0,62,22
83.125524,1783686925.670512,2091750,,BS9336,2,rfd_legacy,,1,182,7,3296,1058356676,1053,1,3,47821,1217,4437,4093,9747,38,1932,8,119,119,52,0,0,0,0,0,0,0,0,0,0,0,0,0,76,211
84.488999,1783686927.033987,2091760,,BS9336,2,rfd_legacy,,1,191,0,2837,4141667839,599,1,3,47981,6965,6852,4705,18522,72,1963,8,122,122,44,0,0,0,0,0,0,0,0,0,0,0,0,0,55,78
84.510506,1783686927.055494,2091760,,BS9336,2,rfd_legacy,,1,191,4,2589,108845176,3035,1,3,47732,6779,5941,3721,16441,64,1941,8,123,123,44,0,0,0,0,0,0,0,0,0,0,0,0,0,119,230
84.512694,1783686927.057682,2091760,,BS9336,2,rfd_legacy,,1,191,1,2075,4207203545,-1342,1,3,47951,1951,7192,6311,15454,60,2006,8,123,123,44,0,0,0,0,0,0,0,0,0,0,0,0,0,225,54
84.514943,1783686927.059931,2091760,,BS9336,2,rfd_legacy,,1,191,5,2043,174379048,-5798,1,3,47950,7151,7340,6794,21285,83,2084,8,117,117,52,0,0,0,0,0,0,0,0,0,0,0,0,0,35,50
84.532391,1783686927.077379,2091760,,BS9336,2,rfd_legacy,,1,191,2,3159,4272740369,1230,1,3,47961,3145,6958,5802,15905,62,1787,7,118,118,52,0,0,0,0,0,0,0,0,0,0,0,0,0,224,30
84.534995,1783686927.079983,2091760,,BS9336,2,rfd_legacy,,1,191,6,3155,239918072,5774,1,3,47716,5089,6786,5121,16996,66,1887,7,124,124,48,0,0,0,0,0,0,0,0,0,0,0,0,0,8,179
84.537217,1783686927.082205,2091760,,BS9336,2,rfd_legacy,,1,191,3,3608,43309244,1555,1,3,48074,4904,7201,6569,18674,73,1856,7,119,119,44,0,0,0,0,0,0,0,0,0,0,0,0,0,184,149
84.539429,1783686927.084417,2091760,,BS9336,2,rfd_legacy,,1,191,7,3245,305453170,1107,1,3,48073,858,4398,4097,9353,37,1850,7,119,119,52,0,0,0,0,0,0,0,0,0,0,0,0,0,128,60
85.877031,1783686928.422019,2091770,,BS9336,2,rfd_legacy,,1,201,0,2893,3476448185,450,1,3,48017,7028,7102,6086,20216,79,2126,8,124,124,40,0,0,0,0,0,0,0,0,0,0,0,0,0,132,255
85.879177,1783686928.424165,2091770,,BS9336,2,rfd_legacy,,1,201,4,2602,3738592635,3052,1,3,48036,6791,6419,4933,18143,71,1922,8,117,117,48,0,0,0,0,0,0,0,0,0,0,0,0,0,242,54
85.881617,1783686928.426605,2091770,,BS9336,2,rfd_legacy,,1,201,1,2076,3541984019,-1411,1,3,47805,4847,6232,3641,14720,58,1821,7,117,117,40,0,0,0,0,0,0,0,0,0,0,0,0,0,251,158
85.899977,1783686928.444965,2091770,,BS9336,2,rfd_legacy,,1,201,5,2020,3804126539,-5821,1,3,47897,7212,6944,6451,20607,80,2141,8,119,119,56,0,0,0,0,0,0,0,0,0,0,0,0,0,228,196
85.901186,1783686928.446174,2091770,,BS9336,2,rfd_legacy,,1,201,2,3188,3607520400,1150,1,3,47721,4320,7014,5068,16402,64,1821,7,119,119,56,0,0,0,0,0,0,0,0,0,0,0,0,0,95,109
85.903518,1783686928.448506,2091770,,BS9336,2,rfd_legacy,,1,201,6,3134,3869665817,5752,1,3,47669,6446,7138,4524,18108,71,2049,8,124,124,52,0,0,0,0,0,0,0,0,0,0,0,0,0,7,15
85.929431,1783686928.474419,2091770,,BS9336,2,rfd_legacy,,1,201,3,3670,3673056747,1534,1,3,47731,6967,6875,4386,18228,71,1899,7,121,121,56,0,0,0,0,0,0,0,0,0,0,0,0,0,162,88
85.930687,1783686928.475675,2091770,,BS9336,2,rfd_legacy,,1,201,7,3338,3935201048,998,1,3,47804,3443,4785,2925,11153,44,2114,8,124,124,52,0,0,0,0,0,0,0,0,0,0,0,0,0,125,2
86.982845,1783686929.527833,2091780,,BS9336,2,rfd_legacy,,1,211,0,2871,685622113,524,1,3,47673,6659,6437,3951,17047,67,1843,7,117,117,44,0,0,0,0,0,0,0,0,0,0,0,0,0,77,87
87.007293,1783686929.552281,2091780,,BS9336,2,rfd_legacy,,1,211,4,2578,947766902,3043,1,3,47820,6806,6271,5183,18260,71,1890,7,121,121,52,0,0,0,0,0,0,0,0,0,0,0,0,0,86,238
87.009956,1783686929.554944,2091780,,BS9336,2,rfd_legacy,,1,211,1,2107,751157777,-1533,1,3,47660,3625,6943,4736,15304,60,1877,7,124,124,48,0,0,0,0,0,0,0,0,0,0,0,0,0,164,237
87.012179,1783686929.557167,2091780,,BS9336,2,rfd_legacy,,1,211,5,1996,1013300828,-5751,1,3,47793,7028,7145,4631,18804,73,2284,9,124,124,52,0,0,0,0,0,0,0,0,0,0,0,0,0,155,67
87.014407,1783686929.559395,2091780,,BS9336,2,rfd_legacy,,1,211,2,3181,816694685,1200,1,3,47660,4865,7004,4914,16783,66,1929,8,124,124,56,0,0,0,0,0,0,0,0,0,0,0,0,0,36,160
87.031467,1783686929.576455,2091780,,BS9336,2,rfd_legacy,,1,211,6,3138,1078840022,5779,1,3,48073,3314,6473,6309,16096,63,1789,7,118,118,48,0,0,0,0,0,0,0,0,0,0,0,0,0,215,70
87.033689,1783686929.578677,2091780,,BS9336,2,rfd_legacy,,1,211,3,3684,882230668,1546,1,3,48036,6670,7343,5717,19730,77,2023,8,124,124,52,0,0,0,0,0,0,0,0,0,0,0,0,0,181,67
87.036003,1783686929.580991,2091780,,BS9336,2,rfd_legacy,,1,211,7,3207,1144375026,1183,1,3,48040,2629,4600,3191,10420,41,1956,8,121,121,52,0,0,0,0,0,0,0,0,0,0,0,0,0,85,252
89.67881,1783686932.223798,2091800,,BS9336,2,rfd_legacy,,1,230,0,2896,1383768679,504,1,3,47985,6988,6389,4164,17541,69,1909,7,119,119,36,0,0,0,0,0,0,0,0,0,0,0,0,0,165,162
89.681124,1783686932.226112,2091800,,BS9336,2,rfd_legacy,,1,230,4,2595,1645912925,3037,1,3,48130,6469,6703,6130,19302,75,1947,8,121,121,56,0,0,0,0,0,0,0,0,0,0,0,0,0,217,209
89.683451,1783686932.228439,2091800,,BS9336,2,rfd_legacy,,1,230,1,2066,1449304390,-1492,1,3,47943,3558,5637,6492,15687,61,1909,7,120,120,44,0,0,0,0,0,0,0,0,0,0,0,0,0,242,184
89.731845,1783686932.276833,2091800,,BS9336,2,rfd_legacy,,1,230,5,2068,1711447075,-5810,1,3,48003,6742,6960,6500,20202,79,2063,8,117,117,48,0,0,0,0,0,0,0,0,0,0,0,0,0,153,142
89.733026,1783686932.278014,2091800,,BS9336,2,rfd_legacy,,1,230,2,3222,1514841003,1104,1,3,47767,3126,6655,5939,15720,61,1872,7,123,123,56,0,0,0,0,0,0,0,0,0,0,0,0,0,178,176
89.735337,1783686932.280325,2091800,,BS9336,2,rfd_legacy,,1,230,6,3142,1776986055,5772,1,3,47885,4353,6897,6398,17648,69,1867,7,120,120,44,0,0,0,0,0,0,0,0,0,0,0,0,0,211,102
89.752782,1783686932.29777,2091800,,BS9336,2,rfd_legacy,,1,230,3,3624,1580377438,1518,1,3,47601,7205,7007,4600,18812,73,2043,8,121,121,52,0,0,0,0,0,0,0,0,0,0,0,0,0,93,181
89.755248,1783686932.300236,2091800,,BS9336,2,rfd_legacy,,1,230,7,3242,1842521180,1199,1,3,47808,867,3224,4394,8485,33,2011,8,121,121,52,0,0,0,0,0,0,0,0,0,0,0,0,0,188,137
91.008325,1783686933.553313,2091810,,BS9336,2,rfd_legacy,,1,240,0,2876,2836251689,539,1,3,47750,6681,6669,6434,19784,77,1869,7,117,117,48,0,0,0,0,0,0,0,0,0,0,0,0,0,26,226
91.008367,1783686933.553355,2091810,,BS9336,2,rfd_legacy,,1,240,4,2586,3098396028,3057,1,3,47812,6943,6717,6025,19685,77,2073,8,123,123,52,0,0,0,0,0,0,0,0,0,0,0,0,0,80,242
91.008391,1783686933.553379,2091810,,BS9336,2,rfd_legacy,,1,240,1,2011,2901787068,-1341,1,3,48004,3964,5222,6848,16034,63,1898,7,121,121,48,0,0,0,0,0,0,0,0,0,0,0,0,0,170,107
91.013329,1783686933.558317,2091810,,BS9336,2,rfd_legacy,,1,240,5,2016,3163930231,-5780,1,3,48047,7378,6984,4699,19061,74,2271,9,124,124,56,0,0,0,0,0,0,0,0,0,0,0,0,0,139,43
91.015645,1783686933.560633,2091810,,BS9336,2,rfd_legacy,,1,240,2,3233,2967323739,1183,1,3,47802,6121,7102,4055,17278,67,2022,8,124,124,56,0,0,0,0,0,0,0,0,0,0,0,0,0,157,26
91.017795,1783686933.562783,2091810,,BS9336,2,rfd_legacy,,1,240,6,3171,3229469311,5763,1,3,47963,5272,7169,5929,18370,72,1962,8,122,122,48,0,0,0,0,0,0,0,0,0,0,0,0,0,7,10
91.042788,1783686933.587776,2091810,,BS9336,2,rfd_legacy,,1,240,3,3645,3032860181,1474,1,3,47650,6430,7142,5717,19289,75,1903,7,119,119,48,0,0,0,0,0,0,0,0,0,0,0,0,0,114,171
91.045176,1783686933.590164,2091810,,BS9336,2,rfd_legacy,,1,240,7,3234,3295004143,1178,1,3,47611,3705,4709,2806,11220,44,1892,7,120,120,48,0,0,0,0,0,0,0,0,0,0,0,0,0,7,160
92.27448,1783686934.819468,2091820,,BS9336,2,rfd_legacy,,1,250,0,2886,4283389496,473,1,3,47669,6559,6613,4155,17327,68,1888,7,123,123,40,0,0,0,0,0,0,0,0,0,0,0,0,0,129,104
92.278767,1783686934.823755,2091820,,BS9336,2,rfd_legacy,,1,250,4,2566,250566587,2993,1,3,47646,6865,6343,4921,18129,71,1870,7,121,121,48,0,0,0,0,0,0,0,0,0,0,0,0,0,198,18
92.278851,1783686934.823839,2091820,,BS9336,2,rfd_legacy,,1,250,1,2092,53957876,-1494,1,3,47697,1769,6841,5807,14417,56,1828,7,118,118,48,0,0,0,0,0,0,0,0,0,0,0,0,0,251,231
92.303296,1783686934.848284,2091820,,BS9336,2,rfd_legacy,,1,250,5,2028,316100544,-5793,1,3,47862,7330,7290,4480,19100,75,2366,9,123,123,56,0,0,0,0,0,0,0,0,0,0,0,0,0,222,186
92.306505,1783686934.851493,2091820,,BS9336,2,rfd_legacy,,1,250,2,3194,119494272,1214,1,3,47809,1961,5977,6768,14706,57,1874,7,121,121,56,0,0,0,0,0,0,0,0,0,0,0,0,0,195,70
92.309495,1783686934.854483,2091820,,BS9336,2,rfd_legacy,,1,250,6,3121,381639876,5738,1,3,47854,5632,6375,4372,16379,64,1709,7,117,117,48,0,0,0,0,0,0,0,0,0,0,0,0,0,72,173
92.326152,1783686934.87114,2091820,,BS9336,2,rfd_legacy,,1,250,3,3643,185031004,1525,1,3,47830,5641,7001,6216,18858,74,1985,8,121,121,48,0,0,0,0,0,0,0,0,0,0,0,0,0,146,29
92.327377,1783686934.872365,2091820,,BS9336,2,rfd_legacy,,1,250,7,3309,447174775,1022,1,3,47977,2704,4526,3149,10379,41,1845,7,118,118,48,0,0,0,0,0,0,0,0,0,0,0,0,0,202,128
93.280203,1783686935.825191,2091830,,BS9336,2,rfd_legacy,,1,4,0,2866,3807983723,504,1,3,47938,5831,6705,6260,18796,73,1767,7,118,118,40,0,0,0,0,0,0,0,0,0,0,0,0,0,114,48
93.28079,1783686935.825778,2091830,,BS9336,2,rfd_legacy,,1,4,4,2599,4070128374,3019,1,3,47710,6836,6107,5117,18060,71,1948,8,122,122,48,0,0,0,0,0,0,0,0,0,0,0,0,0,131,2
93.283069,1783686935.828057,2091830,,BS9336,2,rfd_legacy,,1,4,1,2099,3873519122,-1419,1,3,47682,3921,4811,6815,15547,61,1856,7,120,120,44,0,0,0,0,0,0,0,0,0,0,0,0,0,244,228
93.332873,1783686935.877861,2091830,,BS9336,2,rfd_legacy,,1,4,5,2048,4135662029,-5817,1,3,47964,7722,7517,6781,22020,86,2301,9,122,122,68,0,0,0,0,0,0,0,0,0,0,0,0,0,224,100
93.332925,1783686935.877913,2091830,,BS9336,2,rfd_legacy,,1,4,2,3257,3939056143,1174,1,3,47949,2338,6899,6528,15765,62,1899,7,121,121,56,0,0,0,0,0,0,0,0,0,0,0,0,0,76,214
93.335152,1783686935.88014,2091830,,BS9336,2,rfd_legacy,,1,4,6,3100,4201201292,5813,1,3,48057,5718,6173,3755,15646,61,1696,7,118,118,48,0,0,0,0,0,0,0,0,0,0,0,0,0,98,195
93.353586,1783686935.898574,2091830,,BS9336,2,rfd_legacy,,1,4,3,3691,4004592247,1484,1,3,47677,6789,6766,3675,17230,67,1906,7,120,120,48,0,0,0,0,0,0,0,0,0,0,0,0,0,174,13
93.354707,1783686935.899695,2091830,,BS9336,2,rfd_legacy,,1,4,7,3287,4266736200,1118,1,3,47625,578,3919,4061,8558,33,1930,8,118,118,56,0,0,0,0,0,0,0,0,0,0,0,0,0,60,94
94.569589,1783686937.114577,2091840,,BS9336,2,rfd_legacy,,1,13,0,2864,949179490,496,1,3,47692,6135,6751,6115,19001,74,1841,7,119,119,40,0,0,0,0,0,0,0,0,0,0,0,0,0,100,157
94.570793,1783686937.115781,2091840,,BS9336,2,rfd_legacy,,1,13,4,2615,1211324020,3030,1,3,47627,6786,6150,5888,18824,74,1940,8,124,124,52,0,0,0,0,0,0,0,0,0,0,0,0,0,184,125
94.57311,1783686937.118098,2091840,,BS9336,2,rfd_legacy,,1,13,1,2104,1014714964,-1442,1,3,47875,3962,5155,6939,16056,63,1877,7,121,121,44,0,0,0,0,0,0,0,0,0,0,0,0,0,86,178
94.591586,1783686937.136574,2091840,,BS9336,2,rfd_legacy,,1,13,5,2073,1276857852,-5814,1,3,47635,7197,7522,7197,21916,86,2322,9,124,124,48,0,0,0,0,0,0,0,0,0,0,0,0,0,132,88
94.592838,1783686937.137826,2091840,,BS9336,2,rfd_legacy,,1,13,2,3215,1080251851,1190,1,3,47854,5115,7053,4776,16944,66,1860,7,121,121,52,0,0,0,0,0,0,0,0,0,0,0,0,0,145,27
94.595211,1783686937.140199,2091840,,BS9336,2,rfd_legacy,,1,13,6,3147,1342397099,5764,1,3,48003,3295,6034,6247,15576,61,1772,7,121,121,48,0,0,0,0,0,0,0,0,0,0,0,0,0,69,5
94.612587,1783686937.157575,2091840,,BS9336,2,rfd_legacy,,1,13,3,3599,1145788175,1523,1,3,47854,7131,6949,4761,18841,74,2120,8,124,124,52,0,0,0,0,0,0,0,0,0,0,0,0,0,201,42
94.614923,1783686937.159911,2091840,,BS9336,2,rfd_legacy,,1,13,7,3269,1407931747,1103,1,3,47707,2023,4418,3393,9834,38,1838,7,118,118,52,0,0,0,0,0,0,0,0,0,0,0,0,0,225,165
95.672042,1783686938.21703,2091850,,BS9336,2,rfd_legacy,,1,23,0,2868,2529485038,639,1,3,47643,6772,6826,5459,19057,74,1883,7,118,118,40,0,0,0,0,0,0,0,0,0,0,0,0,0,232,209
95.67329,1783686938.218278,2091850,,BS9336,2,rfd_legacy,,1,23,4,2565,2791629413,3061,1,3,47709,6639,6525,5377,18541,72,1954,8,118,118,48,0,0,0,0,0,0,0,0,0,0,0,0,0,171,72
95.675761,1783686938.220749,2091850,,BS9336,2,rfd_legacy,,1,23,1,2071,2595020257,-1394,1,3,48073,2461,6609,6696,15766,62,2023,8,122,122,48,0,0,0,0,0,0,0,0,0,0,0,0,0,118,55
95.694093,1783686938.239081,2091850,,BS9336,2,rfd_legacy,,1,23,5,2042,2857163080,-5788,1,3,47959,7287,7204,6962,21453,84,2263,9,122,122,60,0,0,0,0,0,0,0,0,0,0,0,0,0,60,37
95.695255,1783686938.240243,2091850,,BS9336,2,rfd_legacy,,1,23,2,3247,2660556976,1124,1,3,47874,2029,6025,6458,14512,57,1851,7,124,124,48,0,0,0,0,0,0,0,0,0,0,0,0,0,173,212
95.69761,1783686938.242598,2091850,,BS9336,2,rfd_legacy,,1,23,6,3130,2922702778,5817,1,3,47782,5514,6749,5037,17300,68,1845,7,120,120,48,0,0,0,0,0,0,0,0,0,0,0,0,0,93,8
95.723541,1783686938.268529,2091850,,BS9336,2,rfd_legacy,,1,23,3,3667,2726093379,1542,1,3,47802,7365,7071,4014,18450,72,2069,8,121,121,52,0,0,0,0,0,0,0,0,0,0,0,0,0,40,253
95.724736,1783686938.269724,2091850,,BS9336,2,rfd_legacy,,1,23,7,3268,2988237222,1166,1,3,47806,3734,4799,2870,11403,45,1943,8,122,122,48,0,0,0,0,0,0,0,0,0,0,0,0,0,69,56
96.774492,1783686939.31948,2091860,,BS9336,2,rfd_legacy,,1,33,0,2819,4050007735,523,1,3,48129,6695,6625,6442,19762,77,1921,8,120,120,36,0,0,0,0,0,0,0,0,0,0,0,0,0,175,178
96.775744,1783686939.320732,2091860,,BS9336,2,rfd_legacy,,1,33,4,2593,17185004,3042,1,3,47983,6218,6367,4295,16880,66,1878,7,120,120,44,0,0,0,0,0,0,0,0,0,0,0,0,0,131,86
96.778011,1783686939.322999,2091860,,BS9336,2,rfd_legacy,,1,33,1,2044,4115543342,-1521,1,3,47677,3623,7049,4242,14914,58,1880,7,121,121,44,0,0,0,0,0,0,0,0,0,0,0,0,0,52,25
96.803996,1783686939.348984,2091860,,BS9336,2,rfd_legacy,,1,33,5,2066,82718810,-5810,1,3,47622,6927,7339,6970,21236,83,2291,9,121,121,48,0,0,0,0,0,0,0,0,0,0,0,0,0,72,156
96.805197,1783686939.350185,2091860,,BS9336,2,rfd_legacy,,1,33,2,3177,4181079789,1156,1,3,47702,2870,6999,6030,15899,62,1818,7,119,119,52,0,0,0,0,0,0,0,0,0,0,0,0,0,126,18
96.807495,1783686939.352483,2091860,,BS9336,2,rfd_legacy,,1,33,6,3154,148257835,5734,1,3,47653,5741,7034,5326,18101,71,1956,8,120,120,48,0,0,0,0,0,0,0,0,0,0,0,0,0,152,138
96.827179,1783686939.372167,2091860,,BS9336,2,rfd_legacy,,1,33,3,3616,4246615992,1558,1,3,47798,6836,6973,4201,18010,70,1931,8,118,118,48,0,0,0,0,0,0,0,0,0,0,0,0,0,222,27
96.827216,1783686939.372204,2091860,,BS9336,2,rfd_legacy,,1,33,7,3271,213793003,1052,1,3,47937,666,3867,4872,9405,37,2070,8,123,123,56,0,0,0,0,0,0,0,0,0,0,0,0,0,216,194
97.778478,1783686940.323466,2091870,,BS9336,2,rfd_legacy,,1,43,0,2834,3562940569,542,1,3,47775,6310,6680,5189,18179,71,1798,7,117,117,40,0,0,0,0,0,0,0,0,0,0,0,0,0,121,119
97.830924,1783686940.375912,2091870,,BS9336,2,rfd_legacy,,1,43,4,2578,3825084723,3039,1,3,48035,6596,6432,5058,18086,71,1945,8,118,118,48,0,0,0,0,0,0,0,0,0,0,0,0,0,84,157
97.832214,1783686940.377202,2091870,,BS9336,2,rfd_legacy,,1,43,1,2109,3628476245,-1468,1,3,47758,2278,6957,6386,15621,61,1974,8,120,120,40,0,0,0,0,0,0,0,0,0,0,0,0,0,222,126
97.834574,1783686940.379562,2091870,,BS9336,2,rfd_legacy,,1,43,5,2042,3890618707,-5809,1,3,47972,7380,7435,5923,20738,81,2255,9,120,120,56,0,0,0,0,0,0,0,0,0,0,0,0,0,5,195
97.853128,1783686940.398116,2091870,,BS9336,2,rfd_legacy,,1,43,2,3187,3694012497,1205,1,3,47824,2504,6175,5787,14466,57,1649,6,119,119,56,0,0,0,0,0,0,0,0,0,0,0,0,0,145,187
97.857139,1783686940.402127,2091870,,BS9336,2,rfd_legacy,,1,43,6,3134,3956158326,5726,1,3,47825,4507,6810,6231,17548,69,1917,7,121,121,48,0,0,0,0,0,0,0,0,0,0,0,0,0,79,189
97.858849,1783686940.403837,2091870,,BS9336,2,rfd_legacy,,1,43,3,3629,3759548882,1505,1,3,47820,5410,7314,6693,19417,76,2062,8,119,119,52,0,0,0,0,0,0,0,0,0,0,0,0,0,39,229
97.860097,1783686940.405085,2091870,,BS9336,2,rfd_legacy,,1,43,7,3266,4021692962,1088,1,3,48068,553,3725,4263,8541,33,1993,8,120,120,52,0,0,0,0,0,0,0,0,0,0,0,0,0,225,87
98.890006,1783686941.434994,2091880,,BS9336,2,rfd_legacy,,1,52,0,2807,785741896,616,1,3,48044,6604,6554,4532,17690,69,1814,7,118,118,36,0,0,0,0,0,0,0,0,0,0,0,0,0,124,179
98.890644,1783686941.435632,2091880,,BS9336,2,rfd_legacy,,1,52,4,2556,1047886097,3045,1,3,47758,6443,5703,5404,17550,69,1742,7,118,118,48,0,0,0,0,0,0,0,0,0,0,0,0,0,199,234
98.892902,1783686941.43789,2091880,,BS9336,2,rfd_legacy,,1,52,1,2078,851277301,-1396,1,3,47787,3514,6942,4808,15264,60,1882,7,120,120,48,0,0,0,0,0,0,0,0,0,0,0,0,0,238,43
98.911445,1783686941.456433,2091880,,BS9336,2,rfd_legacy,,1,52,5,2033,1113420240,-5746,1,3,48038,7579,7315,5609,20503,80,2300,9,121,121,52,0,0,0,0,0,0,0,0,0,0,0,0,0,249,129
98.912651,1783686941.457639,2091880,,BS9336,2,rfd_legacy,,1,52,2,3250,916813916,1131,1,3,47696,2432,6833,6341,15606,61,1883,7,122,122,60,0,0,0,0,0,0,0,0,0,0,0,0,0,202,86
98.914966,1783686941.459954,2091880,,BS9336,2,rfd_legacy,,1,52,6,3190,1178959534,5745,1,3,47830,4980,7067,6054,18101,71,1986,8,124,124,52,0,0,0,0,0,0,0,0,0,0,0,0,0,107,218
98.934617,1783686941.479605,2091880,,BS9336,2,rfd_legacy,,1,52,3,3631,982350411,1588,1,3,47998,7516,7181,3851,18548,72,2154,8,123,123,52,0,0,0,0,0,0,0,0,0,0,0,0,0,30,159
98.934821,1783686941.479809,2091880,,BS9336,2,rfd_legacy,,1,52,7,3236,1244494506,1182,1,3,47852,2675,4603,3119,10397,41,1982,8,122,122,52,0,0,0,0,0,0,0,0,0,0,0,0,0,138,249
99.994501,1783686942.539489,2091890,,BS9336,2,rfd_legacy,,1,62,0,2812,2380164861,567,1,3,47646,6573,6639,5241,18453,72,1891,7,120,120,44,0,0,0,0,0,0,0,0,0,0,0,0,0,67,89
100.011829,1783686942.556817,2091890,,BS9336,2,rfd_legacy,,1,62,4,2570,2642309202,3005,1,3,47777,6962,6413,5079,18454,72,2018,8,124,124,44,0,0,0,0,0,0,0,0,0,0,0,0,0,41,144
100.01445,1783686942.559438,2091890,,BS9336,2,rfd_legacy,,1,62,1,2102,2445699992,-1420,1,3,47676,4084,6345,3820,14249,56,1788,7,117,117,40,0,0,0,0,0,0,0,0,0,0,0,0,0,126,153
100.017627,1783686942.562615,2091890,,BS9336,2,rfd_legacy,,1,62,5,2027,2707843182,-5795,1,3,47621,7057,7218,6892,21167,83,2300,9,122,122,52,0,0,0,0,0,0,0,0,0,0,0,0,0,161,24
100.019004,1783686942.563992,2091890,,BS9336,2,rfd_legacy,,1,62,2,3185,2511237075,1152,1,3,48115,5391,7076,4512,16979,66,1873,7,121,121,52,0,0,0,0,0,0,0,0,0,0,0,0,0,132,193
100.066462,1783686942.61145,2091890,,BS9336,2,rfd_legacy,,1,62,6,3129,2773382283,5749,1,3,47754,4163,6659,6327,17149,67,1857,7,120,120,48,0,0,0,0,0,0,0,0,0,0,0,0,0,232,62
100.067067,1783686942.612055,2091890,,BS9336,2,rfd_legacy,,1,62,3,3661,2576772993,1526,1,3,48076,4261,7110,6441,17812,70,1747,7,122,122,32,0,0,0,0,0,0,0,0,0,0,0,0,0,121,53
100.069336,1783686942.614324,2091890,,BS9336,2,rfd_legacy,,1,62,7,3281,2838917237,1044,1,3,47635,1981,4483,3536,10000,39,1855,7,123,123,40,0,0,0,0,0,0,0,0,0,0,0,0,0,207,7
101.379385,1783686943.924373,2091900,,BS9336,2,rfd_legacy,,1,72,0,2846,1651278228,536,1,3,47661,7162,6966,4786,18914,74,2065,8,124,124,36,0,0,0,0,0,0,0,0,0,0,0,0,0,158,72
101.38213,1783686943.927118,2091900,,BS9336,2,rfd_legacy,,1,72,4,2558,1913422876,3062,1,3,47969,6523,6283,4975,17781,69,1878,7,117,117,60,0,0,0,0,0,0,0,0,0,0,0,0,0,251,127
101.382982,1783686943.92797,2091900,,BS9336,2,rfd_legacy,,1,72,1,2048,1716813858,-1400,1,3,47683,3678,5206,6280,15164,59,1948,8,122,122,44,0,0,0,0,0,0,0,0,0,0,0,0,0,139,87
101.407917,1783686943.952905,2091900,,BS9336,2,rfd_legacy,,1,72,5,2054,1978956827,-5771,1,3,47894,7290,7535,6578,21403,84,2285,9,124,124,48,0,0,0,0,0,0,0,0,0,0,0,0,0,130,184
101.410119,1783686943.955107,2091900,,BS9336,2,rfd_legacy,,1,72,2,3201,1782350885,1164,1,3,48096,3658,7279,5828,16765,65,1963,8,125,125,48,0,0,0,0,0,0,0,0,0,0,0,0,0,245,107
101.412365,1783686943.957353,2091900,,BS9336,2,rfd_legacy,,1,72,6,3129,2044496205,5766,1,3,47598,5665,6913,4762,17340,68,1933,8,124,124,48,0,0,0,0,0,0,0,0,0,0,0,0,0,137,90
101.432371,1783686943.977359,2091900,,BS9336,2,rfd_legacy,,1,72,3,3646,1847886738,1553,1,3,48093,6592,7252,6116,19960,78,2067,8,120,120,44,0,0,0,0,0,0,0,0,0,0,0,0,0,117,179
101.432422,1783686943.97741,2091900,,BS9336,2,rfd_legacy,,1,72,7,3310,2110030919,1046,1,3,47750,733,4379,4558,9670,38,1941,8,122,122,52,0,0,0,0,0,0,0,0,0,0,0,0,0,73,71
102.492105,1783686945.037093,2091910,,BS9336,2,rfd_legacy,,1,82,0,2888,3155593841,626,1,3,47849,6390,6967,5008,18365,72,1950,8,123,123,40,0,0,0,0,0,0,0,0,0,0,0,0,0,149,137
102.492132,1783686945.03712,2091910,,BS9336,2,rfd_legacy,,1,82,4,2610,3417738486,3021,1,3,48116,5969,6355,3982,16306,64,1868,7,121,121,44,0,0,0,0,0,0,0,0,0,0,0,0,0,202,9
102.492804,1783686945.037792,2091910,,BS9336,2,rfd_legacy,,1,82,1,2111,3221129432,-1422,1,3,47950,2099,6647,5870,14616,57,1792,7,117,117,44,0,0,0,0,0,0,0,0,0,0,0,0,0,244,251
102.51289,1783686945.057878,2091910,,BS9336,2,rfd_legacy,,1,82,5,2068,3483272308,-5805,1,3,47767,7352,7196,6603,21151,83,2196,9,120,120,60,0,0,0,0,0,0,0,0,0,0,0,0,0,116,144
102.512974,1783686945.057962,2091910,,BS9336,2,rfd_legacy,,1,82,2,3232,3286666190,1119,1,3,47983,5497,7079,4741,17317,68,1949,8,124,124,56,0,0,0,0,0,0,0,0,0,0,0,0,0,44,23
102.515208,1783686945.060196,2091910,,BS9336,2,rfd_legacy,,1,82,6,3103,3548811462,5763,1,3,48010,4076,6732,6456,17264,67,1795,7,117,117,52,0,0,0,0,0,0,0,0,0,0,0,0,0,136,189
102.532282,1783686945.07727,2091910,,BS9336,2,rfd_legacy,,1,82,3,3587,3352202524,1543,1,3,47954,5772,7103,6301,19176,75,2030,8,120,120,52,0,0,0,0,0,0,0,0,0,0,0,0,0,121,187
102.53481,1783686945.079798,2091910,,BS9336,2,rfd_legacy,,1,82,7,3236,3614346526,1146,1,3,47897,1976,4512,3593,10081,39,1844,7,118,118,48,0,0,0,0,0,0,0,0,0,0,0,0,0,2,208
103.774397,1783686946.319385,2091920,,BS9336,2,rfd_legacy,,1,91,0,2828,331704686,556,1,3,47975,7468,7385,5306,20159,79,1965,8,122,122,40,0,0,0,0,0,0,0,0,0,0,0,0,0,141,13
103.794578,1783686946.339566,2091920,,BS9336,2,rfd_legacy,,1,91,4,2611,593849460,3034,1,3,47942,2464,6699,6703,15866,62,1955,8,117,117,44,0,0,0,0,0,0,0,0,0,0,0,0,0,7,78
103.794799,1783686946.339787,2091920,,BS9336,2,rfd_legacy,,1,91,1,2081,397240661,-1421,1,3,48011,7251,7425,6936,21612,84,1801,7,124,124,60,0,0,0,0,0,0,0,0,0,0,0,0,0,16,104
103.797773,1783686946.342761,2091920,,BS9336,2,rfd_legacy,,1,91,5,2038,659383299,-5764,1,3,47959,6859,7088,6978,20925,82,1680,7,119,119,56,0,0,0,0,0,0,0,0,0,0,0,0,0,157,183
103.798999,1783686946.343987,2091920,,BS9336,2,rfd_legacy,,1,91,2,3161,462776938,1205,1,3,47825,7081,6718,6416,20215,79,2291,9,123,123,40,0,0,0,0,0,0,0,0,0,0,0,0,0,231,252
103.824835,1783686946.369823,2091920,,BS9336,2,rfd_legacy,,1,91,6,3119,724922601,5757,1,3,47965,6966,6898,5978,19842,78,1904,7,118,118,48,0,0,0,0,0,0,0,0,0,0,0,0,0,134,23
103.82545,1783686946.370438,2091920,,BS9336,2,rfd_legacy,,1,91,3,3641,528313218,1530,1,3,47696,4973,7019,6196,18188,71,1980,8,122,122,64,0,0,0,0,0,0,0,0,0,0,0,0,0,60,62
103.827744,1783686946.372732,2091920,,BS9336,2,rfd_legacy,,1,91,7,3335,790457250,1002,1,3,47668,6972,6442,4039,17453,68,1715,7,120,120,56,0,0,0,0,0,0,0,0,0,0,0,0,0,176,51
104.779699,1783686947.324687,2091930,,BS9336,2,rfd_legacy,,1,101,0,2864,4080150184,588,1,3,47994,6653,6277,3797,16727,65,1818,7,121,121,40,0,0,0,0,0,0,0,0,0,0,0,0,0,99,217
104.796615,1783686947.341603,2091930,,BS9336,2,rfd_legacy,,1,101,4,2624,47327022,2995,1,3,47702,6719,6405,5590,18714,73,1974,8,119,119,48,0,0,0,0,0,0,0,0,0,0,0,0,0,159,113
104.799304,1783686947.344292,2091930,,BS9336,2,rfd_legacy,,1,101,1,2144,4145685396,-1531,1,3,48038,3648,7072,5050,15770,62,2041,8,124,124,52,0,0,0,0,0,0,0,0,0,0,0,0,0,210,139
104.802502,1783686947.34749,2091930,,BS9336,2,rfd_legacy,,1,101,5,2044,112861029,-5779,1,3,47893,6824,7238,6948,21010,82,2136,8,118,118,60,0,0,0,0,0,0,0,0,0,0,0,0,0,14,54
104.803708,1783686947.348696,2091930,,BS9336,2,rfd_legacy,,1,101,2,3200,4211222598,1174,1,3,48057,4929,6087,3644,14660,57,1581,6,117,117,52,0,0,0,0,0,0,0,0,0,0,0,0,0,103,112
104.851705,1783686947.396693,2091930,,BS9336,2,rfd_legacy,,1,101,6,3080,178400178,5751,1,3,47833,4885,7067,5989,17941,70,1931,8,120,120,48,0,0,0,0,0,0,0,0,0,0,0,0,0,121,92
104.852875,1783686947.397863,2091930,,BS9336,2,rfd_legacy,,1,101,3,3655,4276758708,1535,1,3,47765,5946,7226,6445,19617,77,2013,8,119,119,44,0,0,0,0,0,0,0,0,0,0,0,0,0,59,238
104.855354,1783686947.400342,2091930,,BS9336,2,rfd_legacy,,1,101,7,3355,243935135,1007,1,3,47884,1256,4402,4161,9819,38,2078,8,123,123,56,0,0,0,0,0,0,0,0,0,0,0,0,0,207,136
105.751648,1783686948.296636,2091940,,BS9336,2,rfd_legacy,,1,111,0,2858,3550293886,473,1,3,48118,6395,6482,4063,16940,66,1769,7,119,119,40,0,0,0,0,0,0,0,0,0,0,0,0,0,17,22
105.752857,1783686948.297845,2091940,,BS9336,2,rfd_legacy,,1,111,4,2593,3812438367,2981,1,3,47986,6440,6008,3885,16333,64,1819,7,118,118,44,0,0,0,0,0,0,0,0,0,0,0,0,0,62,73
105.755157,1783686948.300145,2091940,,BS9336,2,rfd_legacy,,1,111,5,2026,3877972594,-5758,1,3,47967,6979,7219,6135,20333,79,2134,8,120,120,52,0,0,0,0,0,0,0,0,0,0,0,0,0,220,190
105.772729,1783686948.317717,2091940,,BS9336,2,rfd_legacy,,1,111,2,3300,3681366163,1086,1,3,47975,4259,6854,5022,16135,63,1804,7,123,123,52,0,0,0,0,0,0,0,0,0,0,0,0,0,179,93
105.775078,1783686948.320066,2091940,,BS9336,2,rfd_legacy,,1,111,6,3155,3943511694,5729,1,3,48040,6082,7367,5401,18850,74,2096,8,125,125,52,0,0,0,0,0,0,0,0,0,0,0,0,0,194,184
105.77735,1783686948.322338,2091940,,BS9336,2,rfd_legacy,,1,111,3,3661,3746902562,1525,1,3,47846,7003,7266,5608,19877,78,2104,8,122,122,52,0,0,0,0,0,0,0,0,0,0,0,0,0,3,178
105.802297,1783686948.347285,2091940,,BS9336,2,rfd_legacy,,1,111,7,3306,4009046443,1173,1,3,47871,3550,4681,2812,11043,43,1849,7,118,118,52,0,0,0,0,0,0,0,0,0,0,0,0,0,252,255
106.884943,1783686949.429931,2091950,,BS9336,2,rfd_legacy,,1,121,0,2839,863316011,601,1,3,47882,6745,6650,6133,19528,76,1904,7,119,119,40,0,0,0,0,0,0,0,0,0,0,0,0,0,179,4
106.885024,1783686949.430012,2091950,,BS9336,2,rfd_legacy,,1,121,4,2597,1125460341,3022,1,3,47978,6655,6223,4487,17365,68,1903,7,119,119,48,0,0,0,0,0,0,0,0,0,0,0,0,0,185,10
106.887619,1783686949.432607,2091950,,BS9336,2,rfd_legacy,,1,121,1,2071,928851599,-1433,1,3,47996,4368,7178,4379,15925,62,1894,7,125,125,48,0,0,0,0,0,0,0,0,0,0,0,0,0,11,161
106.905213,1783686949.450201,2091950,,BS9336,2,rfd_legacy,,1,121,5,2009,1190994194,-5737,1,3,48015,7239,7720,7518,22477,88,2441,10,122,122,60,0,0,0,0,0,0,0,0,0,0,0,0,0,74,208
106.908415,1783686949.453403,2091950,,BS9336,2,rfd_legacy,,1,121,2,3216,994388239,1226,1,3,47623,1870,6485,6325,14680,57,1730,7,118,118,52,0,0,0,0,0,0,0,0,0,0,0,0,0,105,160
106.909619,1783686949.454607,2091950,,BS9336,2,rfd_legacy,,1,121,6,3099,1256533748,5800,1,3,47913,5967,6844,4941,17752,69,1851,7,119,119,52,0,0,0,0,0,0,0,0,0,0,0,0,0,122,181
106.934662,1783686949.47965,2091950,,BS9336,2,rfd_legacy,,1,121,3,3629,1059924494,1535,1,3,47698,5486,7137,6318,18941,74,1895,7,119,119,52,0,0,0,0,0,0,0,0,0,0,0,0,0,60,134
106.936895,1783686949.481883,2091950,,BS9336,2,rfd_legacy,,1,121,7,3247,1322068448,1202,1,3,47718,2135,4190,2909,9234,36,1802,7,117,117,52,0,0,0,0,0,0,0,0,0,0,0,0,0,213,173
108.091537,1783686950.636525,2091960,,BS9336,2,rfd_legacy,,1,131,0,2882,213866148,463,1,3,47646,6956,6805,5387,19148,75,1935,8,119,119,44,0,0,0,0,0,0,0,0,0,0,0,0,0,106,182
108.092783,1783686950.637771,2091960,,BS9336,2,rfd_legacy,,1,131,4,2596,476010344,3015,1,3,47910,6653,6333,4762,17748,69,1923,8,118,118,48,0,0,0,0,0,0,0,0,0,0,0,0,0,64,65
108.095055,1783686950.640043,2091960,,BS9336,2,rfd_legacy,,1,131,1,2058,279401379,-1391,1,3,48110,3420,7071,4750,15241,60,1831,7,120,120,48,0,0,0,0,0,0,0,0,0,0,0,0,0,45,163
108.112619,1783686950.657607,2091960,,BS9336,2,rfd_legacy,,1,131,5,2031,541544154,-5776,1,3,47951,7119,6829,6766,20714,81,2108,8,118,118,48,0,0,0,0,0,0,0,0,0,0,0,0,0,199,83
108.114799,1783686950.659787,2091960,,BS9336,2,rfd_legacy,,1,131,2,3209,344938416,1153,1,3,47948,2299,6939,6558,15796,62,1902,7,120,120,52,0,0,0,0,0,0,0,0,0,0,0,0,0,201,175
108.117093,1783686950.662081,2091960,,BS9336,2,rfd_legacy,,1,131,6,3168,607083496,5776,1,3,47667,6288,6953,4511,17752,69,1955,8,122,122,48,0,0,0,0,0,0,0,0,0,0,0,0,0,183,209
108.143024,1783686950.688012,2091960,,BS9336,2,rfd_legacy,,1,131,3,3596,410474757,1550,1,3,47902,6135,7078,5790,19003,74,1846,7,117,117,48,0,0,0,0,0,0,0,0,0,0,0,0,0,255,22
108.144403,1783686950.689391,2091960,,BS9336,2,rfd_legacy,,1,131,7,3236,672618758,1233,1,3,47877,708,4139,4446,9293,36,2175,8,125,125,52,0,0,0,0,0,0,0,0,0,0,0,0,0,148,48
109.069335,1783686951.614323,2091970,,BS9336,2,rfd_legacy,,1,140,0,2859,3966601122,655,1,3,47736,6992,6620,4084,17696,69,1947,8,122,122,40,0,0,0,0,0,0,0,0,0,0,0,0,0,233,150
109.094029,1783686951.639017,2091970,,BS9336,2,rfd_legacy,,1,140,4,2613,4228745577,3019,1,3,47681,6629,6581,5885,19095,75,1905,7,119,119,44,0,0,0,0,0,0,0,0,0,0,0,0,0,210,21
109.097624,1783686951.642612,2091970,,BS9336,2,rfd_legacy,,1,140,1,2138,4032136601,-1536,1,3,48000,3821,4425,6892,15138,59,1796,7,120,120,52,0,0,0,0,0,0,0,0,0,0,0,0,0,244,194
109.098815,1783686951.643803,2091970,,BS9336,2,rfd_legacy,,1,140,5,2044,4294279562,-5800,1,3,47694,6965,6979,6874,20818,81,2150,8,120,120,48,0,0,0,0,0,0,0,0,0,0,0,0,0,249,107
109.101068,1783686951.646056,2091970,,BS9336,2,rfd_legacy,,1,140,2,3207,4097673582,1092,1,3,47834,3223,6826,5570,15619,61,1740,7,119,119,52,0,0,0,0,0,0,0,0,0,0,0,0,0,98,175
109.119651,1783686951.664639,2091970,,BS9336,2,rfd_legacy,,1,140,6,3120,64851479,5785,1,3,47873,3547,6418,6471,16436,64,1853,7,118,118,44,0,0,0,0,0,0,0,0,0,0,0,0,0,183,244
109.120249,1783686951.665237,2091970,,BS9336,2,rfd_legacy,,1,140,3,3634,4163209759,1535,1,3,47973,6167,6620,5154,17941,70,1793,7,118,118,48,0,0,0,0,0,0,0,0,0,0,0,0,0,62,20
109.122623,1783686951.667611,2091970,,BS9336,2,rfd_legacy,,1,140,7,3219,130386469,1218,1,3,47941,726,4365,4568,9659,38,1996,8,120,120,52,0,0,0,0,0,0,0,0,0,0,0,0,0,140,57
110.407962,1783686952.95295,2091980,,BS9336,2,rfd_legacy,,1,150,0,2788,1166972990,624,1,3,47624,6612,6703,5636,18951,74,1791,7,119,119,40,0,0,0,0,0,0,0,0,0,0,0,0,0,34,144
110.411224,1783686952.956212,2091980,,BS9336,2,rfd_legacy,,1,150,4,2577,1429117494,3005,1,3,48068,6734,6590,5881,19205,75,1859,7,119,119,48,0,0,0,0,0,0,0,0,0,0,0,0,0,250,35
110.412538,1783686952.957526,2091980,,BS9336,2,rfd_legacy,,1,150,1,2054,1232508615,-1293,1,3,47695,1816,6646,5826,14288,56,1839,7,118,118,44,0,0,0,0,0,0,0,0,0,0,0,0,0,224,245
110.431051,1783686952.976039,2091980,,BS9336,2,rfd_legacy,,1,150,5,2066,1494651168,-5742,1,3,47800,7644,7582,4500,19726,77,2498,10,124,124,56,0,0,0,0,0,0,0,0,0,0,0,0,0,139,213
110.432254,1783686952.977242,2091980,,BS9336,2,rfd_legacy,,1,150,2,3250,1298045195,1191,1,3,48009,1882,6640,6253,14775,58,1762,7,120,120,52,0,0,0,0,0,0,0,0,0,0,0,0,0,26,130
110.434681,1783686952.979669,2091980,,BS9336,2,rfd_legacy,,1,150,6,3150,1560190776,5804,1,3,47715,5477,6616,5050,17143,67,1774,7,117,117,48,0,0,0,0,0,0,0,0,0,0,0,0,0,232,132
110.452352,1783686952.99734,2091980,,BS9336,2,rfd_legacy,,1,150,3,3696,1363581592,1563,1,3,47964,6673,7632,6434,20739,81,2279,9,125,125,52,0,0,0,0,0,0,0,0,0,0,0,0,0,161,118
110.483138,1783686953.028126,2091980,,BS9336,2,rfd_legacy,,1,150,7,3263,1625725371,1154,1,3,48130,662,3226,4111,7999,31,1887,7,117,117,48,0,0,0,0,0,0,0,0,0,0,0,0,0,27,197
111.532933,1783686954.077921,2091990,,BS9336,2,rfd_legacy,,1,160,0,2877,2663579491,601,1,3,47738,7281,6613,3890,17784,69,2043,8,124,124,40,0,0,0,0,0,0,0,0,0,0,0,0,0,86,189
111.534145,1783686954.079133,2091990,,BS9336,2,rfd_legacy,,1,160,4,2586,2925724344,3052,1,3,47754,6342,5866,5622,17830,70,1769,7,117,117,48,0,0,0,0,0,0,0,0,0,0,0,0,0,96,218
111.536433,1783686954.081421,2091990,,BS9336,2,rfd_legacy,,1,160,1,2043,2729115307,-1420,1,3,47697,1922,6941,5941,14804,58,1972,8,121,121,44,0,0,0,0,0,0,0,0,0,0,0,0,0,124,33
111.561431,1783686954.106419,2091990,,BS9336,2,rfd_legacy,,1,160,5,2041,2991258232,-5726,1,3,48089,7450,7100,6563,21113,82,2095,8,118,118,64,0,0,0,0,0,0,0,0,0,0,0,0,0,29,166
111.564943,1783686954.109931,2091990,,BS9336,2,rfd_legacy,,1,160,2,3150,2794651864,1238,1,3,48112,5141,7119,4756,17016,66,1893,7,122,122,52,0,0,0,0,0,0,0,0,0,0,0,0,0,33,92
111.566189,1783686954.111177,2091990,,BS9336,2,rfd_legacy,,1,160,6,3140,3056797144,5783,1,3,48008,3947,6756,6560,17263,67,1923,8,120,120,48,0,0,0,0,0,0,0,0,0,0,0,0,0,202,215
111.568462,1783686954.11345,2091990,,BS9336,2,rfd_legacy,,1,160,3,3662,2860188227,1523,1,3,48037,6469,7307,5675,19451,76,1998,8,123,123,48,0,0,0,0,0,0,0,0,0,0,0,0,0,241,69
111.585676,1783686954.130664,2091990,,BS9336,2,rfd_legacy,,1,160,7,3314,3122332396,1073,1,3,47735,2875,4336,2779,9990,39,1890,7,121,121,48,0,0,0,0,0,0,0,0,0,0,0,0,0,61,79
112.667641,1783686955.212629,2092000,,BS9336,2,rfd_legacy,,1,170,0,2843,2070777515,563,1,3,47695,6975,7145,6444,20564,80,1896,7,118,118,40,0,0,0,0,0,0,0,0,0,0,0,0,0,197,89
112.667678,1783686955.212666,2092000,,BS9336,2,rfd_legacy,,1,170,4,2570,2332921898,3045,1,3,48015,3477,7171,6507,17155,67,2007,8,121,121,48,0,0,0,0,0,0,0,0,0,0,0,0,0,28,201
112.669979,1783686955.214967,2092000,,BS9336,2,rfd_legacy,,1,170,1,2107,2136312785,-1510,1,3,47962,7257,7045,6380,20682,81,1673,7,119,119,64,0,0,0,0,0,0,0,0,0,0,0,0,0,179,184
112.695975,1783686955.240963,2092000,,BS9336,2,rfd_legacy,,1,170,5,1982,2398455820,-5746,1,3,48022,6768,6914,6979,20661,81,1699,7,120,120,64,0,0,0,0,0,0,0,0,0,0,0,0,0,31,151
112.697193,1783686955.242181,2092000,,BS9336,2,rfd_legacy,,1,170,2,3245,2201849526,1173,1,3,47638,6720,6339,6100,19159,75,2013,8,117,117,40,0,0,0,0,0,0,0,0,0,0,0,0,0,177,144
112.699538,1783686955.244526,2092000,,BS9336,2,rfd_legacy,,1,170,6,3144,2463995038,5784,1,3,47758,7071,7266,6937,21274,83,2077,8,119,119,44,0,0,0,0,0,0,0,0,0,0,0,0,0,110,48
112.717932,1783686955.26292,2092000,,BS9336,2,rfd_legacy,,1,170,3,3657,2267386140,1531,1,3,47727,6981,6190,4176,17347,68,1804,7,119,119,60,0,0,0,0,0,0,0,0,0,0,0,0,0,189,212
112.71914,1783686955.264128,2092000,,BS9336,2,rfd_legacy,,1,170,7,3224,2529530008,1241,1,3,47753,3956,7033,5964,16953,66,1809,7,123,123,60,0,0,0,0,0,0,0,0,0,0,0,0,0,29,161
113.778261,1783686956.323249,2092010,,BS9336,2,rfd_legacy,,1,179,0,2852,3597968296,632,1,3,48092,7494,7498,6006,20998,82,1914,7,122,122,40,0,0,0,0,0,0,0,0,0,0,0,0,0,23,90
113.780504,1783686956.325492,2092010,,BS9336,2,rfd_legacy,,1,179,4,2612,3860113134,3016,1,3,47927,6399,6742,4062,17203,67,1853,7,118,118,36,0,0,0,0,0,0,0,0,0,0,0,0,0,45,134
113.80015,1783686956.345138,2092010,,BS9336,2,rfd_legacy,,1,179,1,2045,3663504154,-1455,1,3,47798,7143,6984,4205,18332,72,1730,7,120,120,60,0,0,0,0,0,0,0,0,0,0,0,0,0,171,9
113.800342,1783686956.34533,2092010,,BS9336,2,rfd_legacy,,1,179,5,2009,3925646538,-5787,1,3,47622,7291,7637,7567,22495,88,1875,7,121,121,60,0,0,0,0,0,0,0,0,0,0,0,0,0,53,189
113.802492,1783686956.34748,2092010,,BS9336,2,rfd_legacy,,1,179,2,3208,3729040682,1204,1,3,47857,6209,6829,4543,17581,69,2198,9,122,122,36,0,0,0,0,0,0,0,0,0,0,0,0,0,169,167
113.849969,1783686956.394957,2092010,,BS9336,2,rfd_legacy,,1,179,6,3185,3991186087,5722,1,3,48089,7330,7322,6604,21256,83,2140,8,121,121,48,0,0,0,0,0,0,0,0,0,0,0,0,0,16,228
113.853139,1783686956.398127,2092010,,BS9336,2,rfd_legacy,,1,179,3,3654,3794576974,1520,1,3,47600,6904,6418,4312,17634,69,1888,7,120,120,60,0,0,0,0,0,0,0,0,0,0,0,0,0,57,82
113.854385,1783686956.399373,2092010,,BS9336,2,rfd_legacy,,1,179,7,3340,4056720754,1018,1,3,47850,5867,6518,4608,16993,66,1592,6,118,118,60,0,0,0,0,0,0,0,0,0,0,0,0,0,138,186
114.878932,1783686957.42392,2092020,,BS9336,2,rfd_legacy,,1,189,0,2868,856307571,591,1,3,47577,6999,6946,5659,19604,77,2120,8,124,124,44,0,0,0,0,0,0,0,0,0,0,0,0,0,18,146
114.880102,1783686957.42509,2092020,,BS9336,2,rfd_legacy,,1,189,4,2603,1118452211,3041,1,3,47787,6540,6437,4637,17614,69,1992,8,122,122,52,0,0,0,0,0,0,0,0,0,0,0,0,0,229,67
114.882417,1783686957.427405,2092020,,BS9336,2,rfd_legacy,,1,189,1,2062,921843374,-1531,1,3,48040,3685,6478,4551,14714,57,1847,7,120,120,44,0,0,0,0,0,0,0,0,0,0,0,0,0,20,91
114.930965,1783686957.475953,2092020,,BS9336,2,rfd_legacy,,1,189,5,2034,1183986039,-5709,1,3,47661,7316,7034,4907,19257,75,2322,9,123,123,48,0,0,0,0,0,0,0,0,0,0,0,0,0,73,46
114.934421,1783686957.479409,2092020,,BS9336,2,rfd_legacy,,1,189,2,3196,987379877,1188,1,3,47793,4640,6898,4533,16071,63,1753,7,120,120,52,0,0,0,0,0,0,0,0,0,0,0,0,0,134,88
114.93447,1783686957.479458,2092020,,BS9336,2,rfd_legacy,,1,189,6,3152,1249525236,5826,1,3,48067,3823,6832,6799,17454,68,1984,8,121,121,44,0,0,0,0,0,0,0,0,0,0,0,0,0,86,32
114.95192,1783686957.496908,2092020,,BS9336,2,rfd_legacy,,1,189,3,3646,1052916184,1586,1,3,47810,4452,7202,6835,18489,72,1942,8,119,119,48,0,0,0,0,0,0,0,0,0,0,0,0,0,75,133
114.954457,1783686957.499445,2092020,,BS9336,2,rfd_legacy,,1,189,7,3275,1315060404,1125,1,3,47962,2099,4465,3488,10052,39,1884,7,119,119,52,0,0,0,0,0,0,0,0,0,0,0,0,0,111,213
116.089277,1783686958.634265,2092030,,BS9336,2,rfd_legacy,,1,199,0,2876,261852280,540,1,3,47781,6176,6834,5090,18100,71,1789,7,119,119,40,0,0,0,0,0,0,0,0,0,0,0,0,0,88,139
116.113814,1783686958.658802,2092030,,BS9336,2,rfd_legacy,,1,199,4,2533,523996794,3004,1,3,47658,6666,6687,4879,18232,71,2042,8,123,123,48,0,0,0,0,0,0,0,0,0,0,0,0,0,25,34
116.117394,1783686958.662382,2092030,,BS9336,2,rfd_legacy,,1,199,1,2093,327387872,-1425,1,3,47891,2573,7071,5840,15484,60,2014,8,125,125,52,0,0,0,0,0,0,0,0,0,0,0,0,0,22,27
116.118647,1783686958.663635,2092030,,BS9336,2,rfd_legacy,,1,199,5,2014,589530569,-5788,1,3,47869,7310,7030,4005,18345,72,2191,9,118,118,52,0,0,0,0,0,0,0,0,0,0,0,0,0,78,176
116.120894,1783686958.665882,2092030,,BS9336,2,rfd_legacy,,1,199,2,3196,392924588,1113,1,3,48080,2322,6350,6218,14890,58,1819,7,123,123,52,0,0,0,0,0,0,0,0,0,0,0,0,0,219,199
116.157864,1783686958.702852,2092030,,BS9336,2,rfd_legacy,,1,199,6,3099,655069761,5762,1,3,47688,3905,6594,6419,16918,66,1845,7,118,118,48,0,0,0,0,0,0,0,0,0,0,0,0,0,81,251
116.157907,1783686958.702895,2092030,,BS9336,2,rfd_legacy,,1,199,3,3650,458460569,1530,1,3,47905,6155,6878,5486,18519,72,1810,7,118,118,52,0,0,0,0,0,0,0,0,0,0,0,0,0,103,64
116.157932,1783686958.70292,2092030,,BS9336,2,rfd_legacy,,1,199,7,3302,720604834,1042,1,3,48072,836,4483,4342,9661,38,2069,8,121,121,52,0,0,0,0,0,0,0,0,0,0,0,0,0,26,55
117.271452,1783686959.81644,2092040,,BS9336,2,rfd_legacy,,1,209,0,2829,3921016421,540,1,3,48101,6900,6138,4529,17567,69,1856,7,118,118,44,0,0,0,0,0,0,0,0,0,0,0,0,0,225,46
117.274296,1783686959.819284,2092040,,BS9336,2,rfd_legacy,,1,209,4,2564,4183160758,3018,1,3,47677,6907,6194,3439,16540,65,1890,7,121,121,40,0,0,0,0,0,0,0,0,0,0,0,0,0,237,89
117.274994,1783686959.819982,2092040,,BS9336,2,rfd_legacy,,1,209,1,2039,3986551975,-1377,1,3,47738,4263,6458,4028,14749,58,1886,7,123,123,52,0,0,0,0,0,0,0,0,0,0,0,0,0,59,249
117.293501,1783686959.838489,2092040,,BS9336,2,rfd_legacy,,1,209,5,2039,4248694786,-5795,1,3,48049,6813,6815,4465,18093,71,2099,8,119,119,48,0,0,0,0,0,0,0,0,0,0,0,0,0,132,206
117.294732,1783686959.83972,2092040,,BS9336,2,rfd_legacy,,1,209,2,3183,4052088695,1210,1,3,47966,4030,6855,5531,16416,64,1786,7,121,121,60,0,0,0,0,0,0,0,0,0,0,0,0,0,155,58
117.297004,1783686959.841992,2092040,,BS9336,2,rfd_legacy,,1,209,6,3141,19266611,5762,1,3,48046,5836,6975,4839,17650,69,1923,8,121,121,48,0,0,0,0,0,0,0,0,0,0,0,0,0,151,49
117.321958,1783686959.866946,2092040,,BS9336,2,rfd_legacy,,1,209,3,3633,4117625115,1512,1,3,47865,7093,6917,4028,18038,70,2175,8,124,124,60,0,0,0,0,0,0,0,0,0,0,0,0,0,82,201
117.32416,1783686959.869148,2092040,,BS9336,2,rfd_legacy,,1,209,7,3295,84801382,1107,1,3,47748,1411,3745,4303,9459,37,1517,6,119,119,48,0,0,0,0,0,0,0,0,0,0,0,0,0,230,34
118.583942,1783686961.12893,2092050,,BS9336,2,rfd_legacy,,1,219,0,2889,1054234220,483,1,3,48025,6935,6105,5052,18092,71,1912,7,121,121,40,0,0,0,0,0,0,0,0,0,0,0,0,0,223,41
118.585256,1783686961.130244,2092050,,BS9336,2,rfd_legacy,,1,219,4,2589,1316378823,3004,1,3,47809,6897,6591,5863,19351,76,2054,8,121,121,48,0,0,0,0,0,0,0,0,0,0,0,0,0,241,101
118.587557,1783686961.132545,2092050,,BS9336,2,rfd_legacy,,1,219,1,2123,1119769817,-1519,1,3,47629,2242,6720,6126,15088,59,1857,7,118,118,44,0,0,0,0,0,0,0,0,0,0,0,0,0,170,25
118.605039,1783686961.150027,2092050,,BS9336,2,rfd_legacy,,1,219,5,1998,1381912295,-5733,1,3,47825,7206,7157,7101,21464,84,2182,9,120,120,48,0,0,0,0,0,0,0,0,0,0,0,0,0,223,186
118.60726,1783686961.152248,2092050,,BS9336,2,rfd_legacy,,1,219,2,3222,1185306478,1114,1,3,47893,3880,6874,5908,16662,65,1780,7,120,120,48,0,0,0,0,0,0,0,0,0,0,0,0,0,122,190
118.609526,1783686961.154514,2092050,,BS9336,2,rfd_legacy,,1,219,6,3150,1447451775,5737,1,3,47815,4060,6641,6546,17247,67,1981,8,123,123,52,0,0,0,0,0,0,0,0,0,0,0,0,0,179,172
118.636676,1783686961.181664,2092050,,BS9336,2,rfd_legacy,,1,219,3,3581,1250842523,1540,1,3,48110,5512,6372,4405,16289,64,2014,8,121,121,52,0,0,0,0,0,0,0,0,0,0,0,0,0,180,61
118.636724,1783686961.181712,2092050,,BS9336,2,rfd_legacy,,1,219,7,3286,1512986704,1103,1,3,47890,1724,4486,3542,9752,38,2057,8,121,121,52,0,0,0,0,0,0,0,0,0,0,0,0,0,235,35
119.663929,1783686962.208917,2092060,,BS9336,2,rfd_legacy,,1,228,0,2863,2637297645,488,1,3,48048,6597,6824,4556,17977,70,2041,8,123,123,40,0,0,0,0,0,0,0,0,0,0,0,0,0,128,137
119.665174,1783686962.210162,2092060,,BS9336,2,rfd_legacy,,1,228,4,2635,2899442027,2991,1,3,48081,6184,6248,5450,17882,70,1805,7,118,118,52,0,0,0,0,0,0,0,0,0,0,0,0,0,162,184
119.66819,1783686962.213178,2092060,,BS9336,2,rfd_legacy,,1,228,1,2035,2702833273,-1332,1,3,47631,2561,6381,5744,14686,57,1793,7,117,117,40,0,0,0,0,0,0,0,0,0,0,0,0,0,54,211
119.685925,1783686962.230913,2092060,,BS9336,2,rfd_legacy,,1,228,5,2033,2964975912,-5780,1,3,47647,7300,7308,6022,20630,81,2151,8,119,119,60,0,0,0,0,0,0,0,0,0,0,0,0,0,44,53
119.687139,1783686962.232127,2092060,,BS9336,2,rfd_legacy,,1,228,2,3214,2768370003,1110,1,3,47992,6711,6559,3903,17173,67,1833,7,121,121,48,0,0,0,0,0,0,0,0,0,0,0,0,0,17,42
119.689489,1783686962.234477,2092060,,BS9336,2,rfd_legacy,,1,228,6,3124,3030515221,5786,1,3,47562,3925,6644,6319,16888,66,2033,8,124,124,60,0,0,0,0,0,0,0,0,0,0,0,0,0,103,217
119.715387,1783686962.260375,2092060,,BS9336,2,rfd_legacy,,1,228,3,3597,2833906460,1554,1,3,47915,5229,6806,4885,16920,66,2067,8,120,120,48,0,0,0,0,0,0,0,0,0,0,0,0,0,66,162
119.716649,1783686962.261637,2092060,,BS9336,2,rfd_legacy,,1,228,7,3268,3096050420,1037,1,3,47794,3926,5852,3815,13593,53,1902,7,121,121,44,0,0,0,0,0,0,0,0,0,0,0,0,0,35,226
